   0.658  *** Booting Zephyr OS build v4.4.1-16-gea6c334d1326 ***
   0.658  [00:00:00.002,982] [0m<inf> bt_hci_core: HW Platform: Nordic Semiconductor (0x0002)[0m
   0.658  [00:00:00.002,994] [0m<inf> bt_hci_core: HW Variant: nRF54Lx (0x0005)[0m
   0.824  [00:00:00.003,005] [0m<inf> bt_hci_core: Firmware: Standard Bluetooth controller (0x00) Version 4.4 Build 1[0m
   0.824  [00:00:00.003,382] [0m<inf> bt_hci_core: HCI transport: Controller[0m
   0.824  [00:00:00.003,430] [0m<inf> bt_hci_core: Identity: D6:C7:60:B1:D3:0E (random)[0m
   0.824  [00:00:00.003,445] [0m<inf> bt_hci_core: HCI: version 5.4 (0x0d) revision 0x0000, manufacturer 0x05f1[0m
   0.824  [00:00:00.003,460] [0m<inf> bt_hci_core: LMP: version 5.4 (0x0d) subver 0xffff[0m
   0.824  
   0.824  === nRF54L15 RTT ping-pong CENTRAL ===
   0.824  scan rc=0
   0.824  Q2CONN AA=12049d15 CRCINIT=d361c7 hop=15 chan_count=37 map=ffffffff1f
   0.824  set_security L2 rc=0
   0.874  GAP connected interval=15000
   0.874  MTU err=0 mtu=247
   0.874  PHY tx=2 rx=2
   1.906  SECURITY: level=2 err=0 eatt_bearers=0
   1.906  discovery start (post-PHY +500ms) interval=15000 phy2m=1
   1.906  SUBSCRIBED, vh=18
   1.906  LOADRAMP: bulk char handle=21
   1.906  LOADRAMP: target=0 KBps for 60s
   1.906  t=1s RTT mean=25641 min=18119 max=26913 n=7 to=0 | cancels=0(+0/s) late_pong=0 len_bad=0 disc=0(0x00) | tot_n=7 tot_to=0 maxever=26913 >2ms=7 >5ms=7 >15ms=7 >20ms=6 >30ms=0 | probes=7 wrfail=0 down=0s maxout=0s
   3.378  t=2s RTT mean=27382 min=26909 max=41920 n=32 to=0 | cancels=0(+0/s) late_pong=0 len_bad=0 disc=0(0x00) | tot_n=39 tot_to=0 maxever=41920 >2ms=39 >5ms=39 >15ms=39 >20ms=38 >30ms=1 | probes=40 wrfail=0 down=0s maxout=0s
   3.378  t=3s RTT mean=26912 min=26908 max=26921 n=34 to=0 | cancels=0(+0/s) late_pong=0 len_bad=0 disc=0(0x00) | tot_n=73 tot_to=0 maxever=41920 >2ms=73 >5ms=73 >15ms=73 >20ms=72 >30ms=1 | probes=74 wrfail=0 down=0s maxout=0s
   5.338  t=4s RTT mean=26913 min=26907 max=26930 n=33 to=0 | cancels=0(+0/s) late_pong=0 len_bad=0 disc=0(0x00) | tot_n=106 tot_to=0 maxever=41920 >2ms=106 >5ms=106 >15ms=106 >20ms=105 >30ms=1 | probes=107 wrfail=0 down=0s maxout=0s
   5.393  t=5s RTT mean=26913 min=26909 max=26921 n=33 to=0 | cancels=0(+0/s) late_pong=0 len_bad=0 disc=0(0x00) | tot_n=139 tot_to=0 maxever=41920 >2ms=139 >5ms=139 >15ms=139 >20ms=138 >30ms=1 | probes=140 wrfail=0 down=0s maxout=0s
   7.343  t=6s RTT mean=26913 min=26905 max=26931 n=25 to=1 | cancels=0(+0/s) late_pong=0 len_bad=0 disc=0(0x00) | tot_n=164 tot_to=1 maxever=41920 >2ms=164 >5ms=164 >15ms=164 >20ms=163 >30ms=1 | probes=166 wrfail=0 down=0s maxout=0s
   7.394  t=7s RTT mean=0 min=0 max=0 n=0 to=5 | cancels=0(+0/s) late_pong=0 len_bad=0 disc=0(0x00) | tot_n=164 tot_to=6 maxever=41920 >2ms=164 >5ms=164 >15ms=164 >20ms=163 >30ms=1 | probes=171 wrfail=0 down=0s maxout=0s
   9.689  *** Booting Zephyr OS build v4.4.1-16-gea6c334d1326 ***
   9.689  [00:00:09.071,231] [0m<inf> bt_hci_core: HW Platform: Nordic Semiconductor (0x0002)[0m
   9.744  [00:00:09.071,243] [0m<inf> bt_hci_core: HW Variant: nRF54Lx (0x0005)[0m
   9.854  [00:00:09.071,254] [0m<inf> bt_hci_core: Firmware: Standard Bluetooth controller (0x00) Version 4.4 Build 1[0m
   9.854  [00:00:09.071,630] [0m<inf> bt_hci_core: HCI transport: Controller[0m
   9.909  [00:00:09.071,678] [0m<inf> bt_hci_core: Identity: D6:C7:60:B1:D3:0E (random)[0m
   9.909  [00:00:09.071,694] [0m<inf> bt_hci_core: HCI: version 5.4 (0x0d) revision 0x0000, manufacturer 0x05f1[0m
   9.909  [00:00:09.071,709] [0m<inf> bt_hci_core: LMP: version 5.4 (0x0d) subver 0xffff[0m
   9.909  
   9.909  === nRF54L15 RTT ping-pong CENTRAL ===
   9.909  scan rc=0
   9.909  Q2CONN AA=3523c30b CRCINIT=5cb8fe hop=11 chan_count=37 map=ffffffff1f
   9.909  set_security L2 rc=0
   9.909  GAP connected interval=15000
   9.909  MTU err=0 mtu=247
   9.909  PHY tx=2 rx=2
  10.947  SECURITY: level=2 err=0 eatt_bearers=0
  10.947  discovery start (post-PHY +500ms) interval=15000 phy2m=1
  10.947  SUBSCRIBED, vh=18
  10.947  LOADRAMP: bulk char handle=21
  10.947  LOADRAMP: target=0 KBps for 60s
  11.002  t=1s RTT mean=25995 min=21506 max=26918 n=6 to=0 | cancels=0(+0/s) late_pong=0 len_bad=0 disc=0(0x00) | tot_n=6 tot_to=0 maxever=26918 >2ms=6 >5ms=6 >15ms=6 >20ms=6 >30ms=0 | probes=7 wrfail=0 down=0s maxout=0s
  12.429  t=2s RTT mean=26913 min=26447 max=27376 n=34 to=0 | cancels=0(+0/s) late_pong=0 len_bad=0 disc=0(0x00) | tot_n=40 tot_to=0 maxever=27376 >2ms=40 >5ms=40 >15ms=40 >20ms=40 >30ms=0 | probes=41 wrfail=0 down=0s maxout=0s
  12.429  t=3s RTT mean=26913 min=26908 max=26922 n=33 to=0 | cancels=0(+0/s) late_pong=0 len_bad=0 disc=0(0x00) | tot_n=73 tot_to=0 maxever=27376 >2ms=73 >5ms=73 >15ms=73 >20ms=73 >30ms=0 | probes=74 wrfail=0 down=0s maxout=0s
  14.443  t=4s RTT mean=27367 min=26446 max=41910 n=33 to=0 | cancels=0(+0/s) late_pong=0 len_bad=0 disc=0(0x00) | tot_n=106 tot_to=0 maxever=41910 >2ms=106 >5ms=106 >15ms=106 >20ms=106 >30ms=1 | probes=107 wrfail=0 down=0s maxout=0s
  14.443  t=5s RTT mean=26913 min=26909 max=26920 n=33 to=0 | cancels=0(+0/s) late_pong=0 len_bad=0 disc=0(0x00) | tot_n=139 tot_to=0 maxever=41910 >2ms=139 >5ms=139 >15ms=139 >20ms=139 >30ms=1 | probes=140 wrfail=0 down=0s maxout=0s
  16.415  t=6s RTT mean=26912 min=26905 max=26921 n=34 to=0 | cancels=0(+0/s) late_pong=0 len_bad=0 disc=0(0x00) | tot_n=173 tot_to=0 maxever=41910 >2ms=173 >5ms=173 >15ms=173 >20ms=173 >30ms=1 | probes=174 wrfail=0 down=0s maxout=0s
  16.470  t=7s RTT mean=26913 min=26909 max=26922 n=33 to=0 | cancels=0(+0/s) late_pong=0 len_bad=0 disc=0(0x00) | tot_n=206 tot_to=0 maxever=41910 >2ms=206 >5ms=206 >15ms=206 >20ms=206 >30ms=1 | probes=207 wrfail=0 down=0s maxout=0s
  18.436  t=8s RTT mean=26913 min=26909 max=26931 n=33 to=0 | cancels=0(+0/s) late_pong=0 len_bad=0 disc=0(0x00) | tot_n=239 tot_to=0 maxever=41910 >2ms=239 >5ms=239 >15ms=239 >20ms=239 >30ms=1 | probes=240 wrfail=0 down=0s maxout=0s
  18.436  t=9s RTT mean=26912 min=26908 max=26921 n=34 to=0 | cancels=0(+0/s) late_pong=0 len_bad=0 disc=0(0x00) | tot_n=273 tot_to=0 maxever=41910 >2ms=273 >5ms=273 >15ms=273 >20ms=273 >30ms=1 | probes=274 wrfail=0 down=0s maxout=0s
  20.407  t=10s RTT mean=26913 min=26908 max=26930 n=33 to=0 | cancels=0(+0/s) late_pong=0 len_bad=0 disc=0(0x00) | tot_n=306 tot_to=0 maxever=41910 >2ms=306 >5ms=306 >15ms=306 >20ms=306 >30ms=1 | probes=307 wrfail=0 down=0s maxout=0s
  20.462  t=11s RTT mean=26912 min=26908 max=26922 n=33 to=0 | cancels=0(+0/s) late_pong=0 len_bad=0 disc=0(0x00) | tot_n=339 tot_to=0 maxever=41910 >2ms=339 >5ms=339 >15ms=339 >20ms=339 >30ms=1 | probes=340 wrfail=0 down=0s maxout=0s
  22.423  t=12s RTT mean=26913 min=26905 max=26930 n=34 to=0 | cancels=0(+0/s) late_pong=0 len_bad=0 disc=0(0x00) | tot_n=373 tot_to=0 maxever=41910 >2ms=373 >5ms=373 >15ms=373 >20ms=373 >30ms=1 | probes=374 wrfail=0 down=0s maxout=0s
  22.478  t=13s RTT mean=26913 min=26908 max=26922 n=33 to=0 | cancels=0(+0/s) late_pong=0 len_bad=0 disc=0(0x00) | tot_n=406 tot_to=0 maxever=41910 >2ms=406 >5ms=406 >15ms=406 >20ms=406 >30ms=1 | probes=407 wrfail=0 down=0s maxout=0s
  24.441  t=14s RTT mean=27367 min=26908 max=41910 n=33 to=0 | cancels=0(+0/s) late_pong=0 len_bad=0 disc=0(0x00) | tot_n=439 tot_to=0 maxever=41910 >2ms=439 >5ms=439 >15ms=439 >20ms=439 >30ms=2 | probes=440 wrfail=0 down=0s maxout=0s
  24.441  t=15s RTT mean=26912 min=26909 max=26920 n=33 to=0 | cancels=0(+0/s) late_pong=0 len_bad=0 disc=0(0x00) | tot_n=472 tot_to=0 maxever=41910 >2ms=472 >5ms=472 >15ms=472 >20ms=472 >30ms=2 | probes=473 wrfail=0 down=0s maxout=0s
  26.413  t=16s RTT mean=26913 min=26909 max=26932 n=33 to=0 | cancels=0(+0/s) late_pong=0 len_bad=0 disc=0(0x00) | tot_n=505 tot_to=0 maxever=41910 >2ms=505 >5ms=505 >15ms=505 >20ms=505 >30ms=2 | probes=506 wrfail=0 down=0s maxout=0s
  26.468  t=17s RTT mean=26912 min=26906 max=26921 n=34 to=0 | cancels=0(+0/s) late_pong=0 len_bad=0 disc=0(0x00) | tot_n=539 tot_to=0 maxever=41910 >2ms=539 >5ms=539 >15ms=539 >20ms=539 >30ms=2 | probes=540 wrfail=0 down=0s maxout=0s
  28.430  t=18s RTT mean=26913 min=26909 max=26930 n=33 to=0 | cancels=0(+0/s) late_pong=0 len_bad=0 disc=0(0x00) | tot_n=572 tot_to=0 maxever=41910 >2ms=572 >5ms=572 >15ms=572 >20ms=572 >30ms=2 | probes=573 wrfail=0 down=0s maxout=0s
  28.430  t=19s RTT mean=26912 min=26909 max=26920 n=34 to=0 | cancels=0(+0/s) late_pong=0 len_bad=0 disc=0(0x00) | tot_n=606 tot_to=0 maxever=41910 >2ms=606 >5ms=606 >15ms=606 >20ms=606 >30ms=2 | probes=606 wrfail=0 down=0s maxout=0s
  30.453  t=20s RTT mean=26913 min=26908 max=26930 n=33 to=0 | cancels=0(+0/s) late_pong=0 len_bad=0 disc=0(0x00) | tot_n=639 tot_to=0 maxever=41910 >2ms=639 >5ms=639 >15ms=639 >20ms=639 >30ms=2 | probes=640 wrfail=0 down=0s maxout=0s
  30.453  t=21s RTT mean=26913 min=26908 max=26922 n=33 to=0 | cancels=0(+0/s) late_pong=0 len_bad=0 disc=0(0x00) | tot_n=672 tot_to=0 maxever=41910 >2ms=672 >5ms=672 >15ms=672 >20ms=672 >30ms=2 | probes=673 wrfail=0 down=0s maxout=0s
  32.429  t=22s RTT mean=26913 min=26905 max=26931 n=34 to=0 | cancels=0(+0/s) late_pong=0 len_bad=0 disc=0(0x00) | tot_n=706 tot_to=0 maxever=41910 >2ms=706 >5ms=706 >15ms=706 >20ms=706 >30ms=2 | probes=706 wrfail=0 down=0s maxout=0s
  32.429  t=23s RTT mean=26913 min=26909 max=26922 n=33 to=0 | cancels=0(+0/s) late_pong=0 len_bad=0 disc=0(0x00) | tot_n=739 tot_to=0 maxever=41910 >2ms=739 >5ms=739 >15ms=739 >20ms=739 >30ms=2 | probes=740 wrfail=0 down=0s maxout=0s
  34.451  t=24s RTT mean=26913 min=26908 max=26931 n=33 to=0 | cancels=0(+0/s) late_pong=0 len_bad=0 disc=0(0x00) | tot_n=772 tot_to=0 maxever=41910 >2ms=772 >5ms=772 >15ms=772 >20ms=772 >30ms=2 | probes=773 wrfail=0 down=0s maxout=0s
  34.451  t=25s RTT mean=26912 min=26909 max=26921 n=34 to=0 | cancels=0(+0/s) late_pong=0 len_bad=0 disc=0(0x00) | tot_n=806 tot_to=0 maxever=41910 >2ms=806 >5ms=806 >15ms=806 >20ms=806 >30ms=2 | probes=806 wrfail=0 down=0s maxout=0s
  36.414  t=26s RTT mean=27881 min=26908 max=41913 n=31 to=0 | cancels=0(+0/s) late_pong=0 len_bad=0 disc=0(0x00) | tot_n=837 tot_to=0 maxever=41913 >2ms=837 >5ms=837 >15ms=837 >20ms=837 >30ms=4 | probes=838 wrfail=0 down=0s maxout=0s
  36.465  t=27s RTT mean=28276 min=26909 max=56914 n=33 to=0 | cancels=0(+0/s) late_pong=0 len_bad=0 disc=0(0x00) | tot_n=870 tot_to=0 maxever=56914 >2ms=870 >5ms=870 >15ms=870 >20ms=870 >30ms=6 | probes=871 wrfail=0 down=0s maxout=0s
  38.412  t=28s RTT mean=26913 min=26909 max=26931 n=33 to=0 | cancels=0(+0/s) late_pong=0 len_bad=0 disc=0(0x00) | tot_n=903 tot_to=0 maxever=56914 >2ms=903 >5ms=903 >15ms=903 >20ms=903 >30ms=6 | probes=904 wrfail=0 down=0s maxout=0s
  38.465  t=29s RTT mean=26913 min=26909 max=26921 n=33 to=0 | cancels=0(+0/s) late_pong=0 len_bad=0 disc=0(0x00) | tot_n=936 tot_to=0 maxever=56914 >2ms=936 >5ms=936 >15ms=936 >20ms=936 >30ms=6 | probes=937 wrfail=0 down=0s maxout=0s
  40.422  t=30s RTT mean=26913 min=26905 max=26930 n=34 to=0 | cancels=0(+0/s) late_pong=0 len_bad=0 disc=0(0x00) | tot_n=970 tot_to=0 maxever=56914 >2ms=970 >5ms=970 >15ms=970 >20ms=970 >30ms=6 | probes=971 wrfail=0 down=0s maxout=0s
  40.475  t=31s RTT mean=26913 min=26909 max=26920 n=33 to=0 | cancels=0(+0/s) late_pong=0 len_bad=0 disc=0(0x00) | tot_n=1003 tot_to=0 maxever=56914 >2ms=1003 >5ms=1003 >15ms=1003 >20ms=1003 >30ms=6 | probes=1004 wrfail=0 down=0s maxout=0s
  42.434  t=32s RTT mean=27367 min=26909 max=41916 n=33 to=0 | cancels=0(+0/s) late_pong=0 len_bad=0 disc=0(0x00) | tot_n=1036 tot_to=0 maxever=56914 >2ms=1036 >5ms=1036 >15ms=1036 >20ms=1036 >30ms=7 | probes=1037 wrfail=0 down=0s maxout=0s
  42.434  t=33s RTT mean=26913 min=26909 max=26922 n=33 to=0 | cancels=0(+0/s) late_pong=0 len_bad=0 disc=0(0x00) | tot_n=1069 tot_to=0 maxever=56914 >2ms=1069 >5ms=1069 >15ms=1069 >20ms=1069 >30ms=7 | probes=1070 wrfail=0 down=0s maxout=0s
  44.445  t=34s RTT mean=26912 min=26901 max=26924 n=34 to=0 | cancels=0(+0/s) late_pong=0 len_bad=0 disc=0(0x00) | tot_n=1103 tot_to=0 maxever=56914 >2ms=1103 >5ms=1103 >15ms=1103 >20ms=1103 >30ms=7 | probes=1103 wrfail=0 down=0s maxout=0s
  44.445  t=35s RTT mean=26913 min=26909 max=26922 n=33 to=0 | cancels=0(+0/s) late_pong=0 len_bad=0 disc=0(0x00) | tot_n=1136 tot_to=0 maxever=56914 >2ms=1136 >5ms=1136 >15ms=1136 >20ms=1136 >30ms=7 | probes=1137 wrfail=0 down=0s maxout=0s
  46.453  t=36s RTT mean=27368 min=26909 max=41913 n=33 to=0 | cancels=0(+0/s) late_pong=0 len_bad=0 disc=0(0x00) | tot_n=1169 tot_to=0 maxever=56914 >2ms=1169 >5ms=1169 >15ms=1169 >20ms=1169 >30ms=8 | probes=1170 wrfail=0 down=0s maxout=0s
  46.453  t=37s RTT mean=26912 min=26909 max=26921 n=33 to=0 | cancels=0(+0/s) late_pong=0 len_bad=0 disc=0(0x00) | tot_n=1202 tot_to=0 maxever=56914 >2ms=1202 >5ms=1202 >15ms=1202 >20ms=1202 >30ms=8 | probes=1203 wrfail=0 down=0s maxout=0s
  48.449  t=38s RTT mean=26913 min=26908 max=26932 n=33 to=0 | cancels=0(+0/s) late_pong=0 len_bad=0 disc=0(0x00) | tot_n=1235 tot_to=0 maxever=56914 >2ms=1235 >5ms=1235 >15ms=1235 >20ms=1235 >30ms=8 | probes=1236 wrfail=0 down=0s maxout=0s
  48.449  t=39s RTT mean=26912 min=26907 max=26922 n=34 to=0 | cancels=0(+0/s) late_pong=0 len_bad=0 disc=0(0x00) | tot_n=1269 tot_to=0 maxever=56914 >2ms=1269 >5ms=1269 >15ms=1269 >20ms=1269 >30ms=8 | probes=1270 wrfail=0 down=0s maxout=0s
  50.459  t=40s RTT mean=26913 min=26909 max=26931 n=33 to=0 | cancels=0(+0/s) late_pong=0 len_bad=0 disc=0(0x00) | tot_n=1302 tot_to=0 maxever=56914 >2ms=1302 >5ms=1302 >15ms=1302 >20ms=1302 >30ms=8 | probes=1303 wrfail=0 down=0s maxout=0s
  50.459  t=41s RTT mean=27367 min=26909 max=41912 n=33 to=0 | cancels=0(+0/s) late_pong=0 len_bad=0 disc=0(0x00) | tot_n=1335 tot_to=0 maxever=56914 >2ms=1335 >5ms=1335 >15ms=1335 >20ms=1335 >30ms=9 | probes=1336 wrfail=0 down=0s maxout=0s
  52.421  t=42s RTT mean=27367 min=26908 max=41916 n=33 to=0 | cancels=0(+0/s) late_pong=0 len_bad=0 disc=0(0x00) | tot_n=1368 tot_to=0 maxever=56914 >2ms=1368 >5ms=1368 >15ms=1368 >20ms=1368 >30ms=10 | probes=1369 wrfail=0 down=0s maxout=0s
  52.474  t=43s RTT mean=26913 min=26909 max=26922 n=33 to=0 | cancels=0(+0/s) late_pong=0 len_bad=0 disc=0(0x00) | tot_n=1401 tot_to=0 maxever=56914 >2ms=1401 >5ms=1401 >15ms=1401 >20ms=1401 >30ms=10 | probes=1402 wrfail=0 down=0s maxout=0s
  54.426  t=44s RTT mean=26913 min=26908 max=26932 n=33 to=0 | cancels=0(+0/s) late_pong=0 len_bad=0 disc=0(0x00) | tot_n=1434 tot_to=0 maxever=56914 >2ms=1434 >5ms=1434 >15ms=1434 >20ms=1434 >30ms=10 | probes=1435 wrfail=0 down=0s maxout=0s
  54.476  t=45s RTT mean=26912 min=26908 max=26922 n=34 to=0 | cancels=0(+0/s) late_pong=0 len_bad=0 disc=0(0x00) | tot_n=1468 tot_to=0 maxever=56914 >2ms=1468 >5ms=1468 >15ms=1468 >20ms=1468 >30ms=10 | probes=1469 wrfail=0 down=0s maxout=0s
  56.449  t=46s RTT mean=26913 min=26909 max=26931 n=33 to=0 | cancels=0(+0/s) late_pong=0 len_bad=0 disc=0(0x00) | tot_n=1501 tot_to=0 maxever=56914 >2ms=1501 >5ms=1501 >15ms=1501 >20ms=1501 >30ms=10 | probes=1502 wrfail=0 down=0s maxout=0s
  56.449  t=47s RTT mean=27850 min=26909 max=56913 n=32 to=0 | cancels=0(+0/s) late_pong=0 len_bad=0 disc=0(0x00) | tot_n=1533 tot_to=0 maxever=56914 >2ms=1533 >5ms=1533 >15ms=1533 >20ms=1533 >30ms=11 | probes=1534 wrfail=0 down=0s maxout=0s
  58.458  t=48s RTT mean=32085 min=26909 max=101915 n=29 to=0 | cancels=0(+0/s) late_pong=0 len_bad=0 disc=0(0x00) | tot_n=1562 tot_to=0 maxever=101915 >2ms=1562 >5ms=1562 >15ms=1562 >20ms=1562 >30ms=15 | probes=1563 wrfail=0 down=0s maxout=0s
  58.458  t=49s RTT mean=26913 min=26898 max=26926 n=33 to=0 | cancels=0(+0/s) late_pong=0 len_bad=0 disc=0(0x00) | tot_n=1595 tot_to=0 maxever=101915 >2ms=1595 >5ms=1595 >15ms=1595 >20ms=1595 >30ms=15 | probes=1596 wrfail=0 down=0s maxout=0s
  60.458  t=50s RTT mean=26913 min=26908 max=26923 n=33 to=0 | cancels=0(+0/s) late_pong=0 len_bad=0 disc=0(0x00) | tot_n=1628 tot_to=0 maxever=101915 >2ms=1628 >5ms=1628 >15ms=1628 >20ms=1628 >30ms=15 | probes=1629 wrfail=0 down=0s maxout=0s
  60.458  t=51s RTT mean=26913 min=26851 max=26976 n=34 to=0 | cancels=0(+0/s) late_pong=0 len_bad=0 disc=0(0x00) | tot_n=1662 tot_to=0 maxever=101915 >2ms=1662 >5ms=1662 >15ms=1662 >20ms=1662 >30ms=15 | probes=1663 wrfail=0 down=0s maxout=0s
  62.433  t=52s RTT mean=26913 min=26908 max=26931 n=33 to=0 | cancels=0(+0/s) late_pong=0 len_bad=0 disc=0(0x00) | tot_n=1695 tot_to=0 maxever=101915 >2ms=1695 >5ms=1695 >15ms=1695 >20ms=1695 >30ms=15 | probes=1696 wrfail=0 down=0s maxout=0s
  62.433  t=53s RTT mean=28319 min=26909 max=56913 n=32 to=0 | cancels=0(+0/s) late_pong=0 len_bad=0 disc=0(0x00) | tot_n=1727 tot_to=0 maxever=101915 >2ms=1727 >5ms=1727 >15ms=1727 >20ms=1727 >30ms=17 | probes=1728 wrfail=0 down=0s maxout=0s
  64.460  t=54s RTT mean=29913 min=26909 max=56918 n=30 to=0 | cancels=0(+0/s) late_pong=0 len_bad=0 disc=0(0x00) | tot_n=1757 tot_to=0 maxever=101915 >2ms=1757 >5ms=1757 >15ms=1757 >20ms=1757 >30ms=21 | probes=1758 wrfail=0 down=0s maxout=0s
  64.460  t=55s RTT mean=26912 min=26907 max=26921 n=34 to=0 | cancels=0(+0/s) late_pong=0 len_bad=0 disc=0(0x00) | tot_n=1791 tot_to=0 maxever=101915 >2ms=1791 >5ms=1791 >15ms=1791 >20ms=1791 >30ms=21 | probes=1792 wrfail=0 down=0s maxout=0s
  66.466  t=56s RTT mean=26913 min=26908 max=26930 n=33 to=0 | cancels=0(+0/s) late_pong=0 len_bad=0 disc=0(0x00) | tot_n=1824 tot_to=0 maxever=101915 >2ms=1824 >5ms=1824 >15ms=1824 >20ms=1824 >30ms=21 | probes=1825 wrfail=0 down=0s maxout=0s
  66.466  t=57s RTT mean=26913 min=26909 max=26922 n=33 to=0 | cancels=0(+0/s) late_pong=0 len_bad=0 disc=0(0x00) | tot_n=1857 tot_to=0 maxever=101915 >2ms=1857 >5ms=1857 >15ms=1857 >20ms=1857 >30ms=21 | probes=1858 wrfail=0 down=0s maxout=0s
  68.422  t=58s RTT mean=26913 min=26905 max=26928 n=34 to=0 | cancels=0(+0/s) late_pong=0 len_bad=0 disc=0(0x00) | tot_n=1891 tot_to=0 maxever=101915 >2ms=1891 >5ms=1891 >15ms=1891 >20ms=1891 >30ms=21 | probes=1892 wrfail=0 down=0s maxout=0s
  68.474  t=59s RTT mean=26912 min=26909 max=26921 n=33 to=0 | cancels=0(+0/s) late_pong=0 len_bad=0 disc=0(0x00) | tot_n=1924 tot_to=0 maxever=101915 >2ms=1924 >5ms=1924 >15ms=1924 >20ms=1924 >30ms=21 | probes=1925 wrfail=0 down=0s maxout=0s
  70.435  t=60s RTT mean=26913 min=26908 max=26931 n=33 to=0 | cancels=0(+0/s) late_pong=0 len_bad=0 disc=0(0x00) | tot_n=1957 tot_to=0 maxever=101915 >2ms=1957 >5ms=1957 >15ms=1957 >20ms=1957 >30ms=21 | probes=1958 wrfail=0 down=0s maxout=0s
  70.435  PCTL target=0 tot=1985 to=0 p50=26 p90=26 p99=41 p99.9=56 max=101 g30=21 g100=1 (ms/counts)
  70.435  LOADRAMP: target=25 KBps for 60s
  70.490  t=61s RTT mean=26491 min=13423 max=26922 n=32 to=0 | cancels=0(+0/s) late_pong=0 len_bad=0 disc=0(0x00) | tot_n=1989 tot_to=0 maxever=101915 >2ms=1989 >5ms=1989 >15ms=1988 >20ms=1988 >30ms=21 | probes=1990 wrfail=0 down=0s maxout=0s
  72.454  t=62s RTT mean=30399 min=26910 max=129446 n=30 to=0 | cancels=0(+0/s) late_pong=0 len_bad=0 disc=0(0x00) | tot_n=2019 tot_to=0 maxever=129446 >2ms=2019 >5ms=2019 >15ms=2018 >20ms=2018 >30ms=22 | probes=2020 wrfail=0 down=0s maxout=0s
  72.454  t=63s RTT mean=31751 min=13422 max=160808 n=30 to=0 | cancels=0(+0/s) late_pong=0 len_bad=0 disc=0(0x00) | tot_n=2049 tot_to=0 maxever=160808 >2ms=2049 >5ms=2049 >15ms=2047 >20ms=2047 >30ms=24 | probes=2050 wrfail=0 down=0s maxout=0s
  74.415  t=64s RTT mean=29662 min=26911 max=105592 n=29 to=0 | cancels=0(+0/s) late_pong=0 len_bad=0 disc=0(0x00) | tot_n=2078 tot_to=0 maxever=160808 >2ms=2078 >5ms=2078 >15ms=2076 >20ms=2076 >30ms=25 | probes=2079 wrfail=0 down=0s maxout=0s
  74.469  t=65s RTT mean=30428 min=13486 max=99859 n=30 to=0 | cancels=0(+0/s) late_pong=0 len_bad=0 disc=0(0x00) | tot_n=2108 tot_to=0 maxever=160808 >2ms=2108 >5ms=2108 >15ms=2105 >20ms=2105 >30ms=27 | probes=2109 wrfail=0 down=0s maxout=0s
  76.441  t=66s RTT mean=28966 min=17152 max=86913 n=25 to=1 | cancels=0(+0/s) late_pong=1 len_bad=0 disc=0(0x00) | tot_n=2133 tot_to=1 maxever=160808 >2ms=2133 >5ms=2133 >15ms=2130 >20ms=2129 >30ms=28 | probes=2135 wrfail=0 down=0s maxout=0s
  76.441  t=67s RTT mean=32266 min=26910 max=160808 n=28 to=0 | cancels=0(+0/s) late_pong=1 len_bad=0 disc=0(0x00) | tot_n=2161 tot_to=1 maxever=160808 >2ms=2161 >5ms=2161 >15ms=2158 >20ms=2157 >30ms=30 | probes=2163 wrfail=0 down=0s maxout=0s
  78.461  t=68s RTT mean=30416 min=26910 max=106561 n=30 to=0 | cancels=0(+0/s) late_pong=1 len_bad=0 disc=0(0x00) | tot_n=2191 tot_to=1 maxever=160808 >2ms=2191 >5ms=2191 >15ms=2188 >20ms=2187 >30ms=32 | probes=2193 wrfail=0 down=0s maxout=0s
  78.461  t=69s RTT mean=31567 min=26910 max=160809 n=29 to=0 | cancels=0(+0/s) late_pong=1 len_bad=0 disc=0(0x00) | tot_n=2220 tot_to=1 maxever=160809 >2ms=2220 >5ms=2220 >15ms=2217 >20ms=2216 >30ms=33 | probes=2222 wrfail=0 down=0s maxout=0s
  80.428  t=70s RTT mean=35004 min=26910 max=160808 n=26 to=0 | cancels=0(+0/s) late_pong=1 len_bad=0 disc=0(0x00) | tot_n=2246 tot_to=1 maxever=160809 >2ms=2246 >5ms=2246 >15ms=2243 >20ms=2242 >30ms=37 | probes=2248 wrfail=0 down=0s maxout=0s
  80.480  t=71s RTT mean=30415 min=13484 max=125287 n=30 to=0 | cancels=0(+0/s) late_pong=1 len_bad=0 disc=0(0x00) | tot_n=2276 tot_to=1 maxever=160809 >2ms=2276 >5ms=2276 >15ms=2272 >20ms=2271 >30ms=39 | probes=2278 wrfail=0 down=0s maxout=0s
  82.432  t=72s RTT mean=32988 min=26911 max=175348 n=29 to=0 | cancels=0(+0/s) late_pong=1 len_bad=0 disc=0(0x00) | tot_n=2305 tot_to=1 maxever=175348 >2ms=2305 >5ms=2305 >15ms=2301 >20ms=2300 >30ms=41 | probes=2307 wrfail=0 down=0s maxout=0s
  82.487  t=73s RTT mean=29623 min=13404 max=119029 n=29 to=0 | cancels=0(+0/s) late_pong=1 len_bad=0 disc=0(0x00) | tot_n=2334 tot_to=1 maxever=175348 >2ms=2334 >5ms=2334 >15ms=2329 >20ms=2328 >30ms=42 | probes=2336 wrfail=0 down=0s maxout=0s
  84.440  t=74s RTT mean=30415 min=13483 max=121105 n=30 to=0 | cancels=0(+0/s) late_pong=1 len_bad=0 disc=0(0x00) | tot_n=2364 tot_to=1 maxever=175348 >2ms=2364 >5ms=2364 >15ms=2358 >20ms=2357 >30ms=44 | probes=2366 wrfail=0 down=0s maxout=0s
  84.440  t=75s RTT mean=31552 min=26910 max=160347 n=29 to=0 | cancels=0(+0/s) late_pong=1 len_bad=0 disc=0(0x00) | tot_n=2393 tot_to=1 maxever=175348 >2ms=2393 >5ms=2393 >15ms=2387 >20ms=2386 >30ms=45 | probes=2395 wrfail=0 down=0s maxout=0s
  86.447  t=76s RTT mean=31064 min=13419 max=160809 n=29 to=0 | cancels=0(+0/s) late_pong=1 len_bad=0 disc=0(0x00) | tot_n=2422 tot_to=1 maxever=175348 >2ms=2422 >5ms=2422 >15ms=2415 >20ms=2414 >30ms=46 | probes=2424 wrfail=0 down=0s maxout=0s
  86.447  t=77s RTT mean=30399 min=26910 max=103313 n=30 to=0 | cancels=0(+0/s) late_pong=1 len_bad=0 disc=0(0x00) | tot_n=2452 tot_to=1 maxever=175348 >2ms=2452 >5ms=2452 >15ms=2445 >20ms=2444 >30ms=48 | probes=2454 wrfail=0 down=0s maxout=0s
  88.460  t=78s RTT mean=31568 min=26910 max=160811 n=29 to=0 | cancels=0(+0/s) late_pong=1 len_bad=0 disc=0(0x00) | tot_n=2481 tot_to=1 maxever=175348 >2ms=2481 >5ms=2481 >15ms=2474 >20ms=2473 >30ms=49 | probes=2483 wrfail=0 down=0s maxout=0s
  88.460  t=79s RTT mean=31065 min=13442 max=160809 n=29 to=0 | cancels=0(+0/s) late_pong=1 len_bad=0 disc=0(0x00) | tot_n=2510 tot_to=1 maxever=175348 >2ms=2510 >5ms=2510 >15ms=2502 >20ms=2501 >30ms=50 | probes=2512 wrfail=0 down=0s maxout=0s
  90.470  t=80s RTT mean=30397 min=26910 max=93799 n=30 to=0 | cancels=0(+0/s) late_pong=1 len_bad=0 disc=0(0x00) | tot_n=2540 tot_to=1 maxever=175348 >2ms=2540 >5ms=2540 >15ms=2532 >20ms=2531 >30ms=52 | probes=2542 wrfail=0 down=0s maxout=0s
  90.470  t=81s RTT mean=31567 min=26910 max=160805 n=29 to=0 | cancels=0(+0/s) late_pong=1 len_bad=0 disc=0(0x00) | tot_n=2569 tot_to=1 maxever=175348 >2ms=2569 >5ms=2569 >15ms=2561 >20ms=2560 >30ms=53 | probes=2571 wrfail=0 down=0s maxout=0s
  92.470  t=82s RTT mean=31064 min=13409 max=160808 n=29 to=0 | cancels=0(+0/s) late_pong=1 len_bad=0 disc=0(0x00) | tot_n=2598 tot_to=1 maxever=175348 >2ms=2598 >5ms=2598 >15ms=2589 >20ms=2588 >30ms=54 | probes=2600 wrfail=0 down=0s maxout=0s
  92.470  t=83s RTT mean=30397 min=26910 max=88255 n=30 to=0 | cancels=0(+0/s) late_pong=1 len_bad=0 disc=0(0x00) | tot_n=2628 tot_to=1 maxever=175348 >2ms=2628 >5ms=2628 >15ms=2619 >20ms=2618 >30ms=56 | probes=2630 wrfail=0 down=0s maxout=0s
  94.431  t=84s RTT mean=31568 min=26910 max=160814 n=29 to=0 | cancels=0(+0/s) late_pong=1 len_bad=0 disc=0(0x00) | tot_n=2657 tot_to=1 maxever=175348 >2ms=2657 >5ms=2657 >15ms=2648 >20ms=2647 >30ms=57 | probes=2659 wrfail=0 down=0s maxout=0s
  94.486  t=85s RTT mean=33744 min=26911 max=175808 n=29 to=0 | cancels=0(+0/s) late_pong=1 len_bad=0 disc=0(0x00) | tot_n=2686 tot_to=1 maxever=175808 >2ms=2686 >5ms=2686 >15ms=2677 >20ms=2676 >30ms=59 | probes=2688 wrfail=0 down=0s maxout=0s
  96.437  t=86s RTT mean=28872 min=26910 max=82638 n=29 to=0 | cancels=0(+0/s) late_pong=1 len_bad=0 disc=0(0x00) | tot_n=2715 tot_to=1 maxever=175808 >2ms=2715 >5ms=2715 >15ms=2706 >20ms=2705 >30ms=60 | probes=2717 wrfail=0 down=0s maxout=0s
  96.492  t=87s RTT mean=31567 min=26909 max=160814 n=29 to=0 | cancels=0(+0/s) late_pong=1 len_bad=0 disc=0(0x00) | tot_n=2744 tot_to=1 maxever=175808 >2ms=2744 >5ms=2744 >15ms=2735 >20ms=2734 >30ms=61 | probes=2746 wrfail=0 down=0s maxout=0s
  98.429  t=88s RTT mean=32516 min=13459 max=160808 n=30 to=0 | cancels=0(+0/s) late_pong=1 len_bad=0 disc=0(0x00) | tot_n=2774 tot_to=1 maxever=175808 >2ms=2774 >5ms=2774 >15ms=2764 >20ms=2763 >30ms=63 | probes=2776 wrfail=0 down=0s maxout=0s
  98.480  t=89s RTT mean=28872 min=26910 max=82638 n=29 to=0 | cancels=0(+0/s) late_pong=1 len_bad=0 disc=0(0x00) | tot_n=2803 tot_to=1 maxever=175808 >2ms=2803 >5ms=2803 >15ms=2793 >20ms=2792 >30ms=64 | probes=2805 wrfail=0 down=0s maxout=0s
 100.431  t=90s RTT mean=31568 min=26910 max=160818 n=29 to=0 | cancels=0(+0/s) late_pong=1 len_bad=0 disc=0(0x00) | tot_n=2832 tot_to=1 maxever=175808 >2ms=2832 >5ms=2832 >15ms=2822 >20ms=2821 >30ms=65 | probes=2834 wrfail=0 down=0s maxout=0s
 100.486  t=91s RTT mean=32341 min=13438 max=160808 n=30 to=0 | cancels=0(+0/s) late_pong=1 len_bad=0 disc=0(0x00) | tot_n=2862 tot_to=1 maxever=175808 >2ms=2862 >5ms=2862 >15ms=2851 >20ms=2850 >30ms=67 | probes=2864 wrfail=0 down=0s maxout=0s
 102.445  t=92s RTT mean=29053 min=26910 max=87883 n=29 to=0 | cancels=0(+0/s) late_pong=1 len_bad=0 disc=0(0x00) | tot_n=2891 tot_to=1 maxever=175808 >2ms=2891 >5ms=2891 >15ms=2880 >20ms=2879 >30ms=68 | probes=2893 wrfail=0 down=0s maxout=0s
 102.445  t=93s RTT mean=31567 min=26910 max=160807 n=29 to=0 | cancels=0(+0/s) late_pong=1 len_bad=0 disc=0(0x00) | tot_n=2920 tot_to=1 maxever=175808 >2ms=2920 >5ms=2920 >15ms=2909 >20ms=2908 >30ms=69 | probes=2922 wrfail=0 down=0s maxout=0s
 104.458  t=94s RTT mean=32109 min=13435 max=160809 n=30 to=0 | cancels=0(+0/s) late_pong=1 len_bad=0 disc=0(0x00) | tot_n=2950 tot_to=1 maxever=175808 >2ms=2950 >5ms=2950 >15ms=2938 >20ms=2937 >30ms=71 | probes=2952 wrfail=0 down=0s maxout=0s
 104.458  t=95s RTT mean=29293 min=26910 max=94852 n=29 to=0 | cancels=0(+0/s) late_pong=1 len_bad=0 disc=0(0x00) | tot_n=2979 tot_to=1 maxever=175808 >2ms=2979 >5ms=2979 >15ms=2967 >20ms=2966 >30ms=72 | probes=2981 wrfail=0 down=0s maxout=0s
 106.453  t=96s RTT mean=30413 min=22630 max=135108 n=30 to=0 | cancels=0(+0/s) late_pong=1 len_bad=0 disc=0(0x00) | tot_n=3009 tot_to=1 maxever=175808 >2ms=3009 >5ms=3009 >15ms=2997 >20ms=2996 >30ms=73 | probes=3011 wrfail=0 down=0s maxout=0s
 106.453  t=97s RTT mean=32063 min=13408 max=160809 n=30 to=0 | cancels=0(+0/s) late_pong=1 len_bad=0 disc=0(0x00) | tot_n=3039 tot_to=1 maxever=175808 >2ms=3039 >5ms=3039 >15ms=3026 >20ms=3025 >30ms=75 | probes=3041 wrfail=0 down=0s maxout=0s
 108.423  t=98s RTT mean=29338 min=26910 max=96239 n=29 to=0 | cancels=0(+0/s) late_pong=1 len_bad=0 disc=0(0x00) | tot_n=3068 tot_to=1 maxever=175808 >2ms=3068 >5ms=3068 >15ms=3055 >20ms=3054 >30ms=76 | probes=3070 wrfail=0 down=0s maxout=0s
 108.478  t=99s RTT mean=30415 min=26910 max=127142 n=30 to=0 | cancels=0(+0/s) late_pong=1 len_bad=0 disc=0(0x00) | tot_n=3098 tot_to=1 maxever=175808 >2ms=3098 >5ms=3098 >15ms=3085 >20ms=3084 >30ms=78 | probes=3100 wrfail=0 down=0s maxout=0s
 110.433  t=100s RTT mean=31972 min=13440 max=160809 n=30 to=0 | cancels=0(+0/s) late_pong=1 len_bad=0 disc=0(0x00) | tot_n=3128 tot_to=1 maxever=175808 >2ms=3128 >5ms=3128 >15ms=3114 >20ms=3113 >30ms=80 | probes=3130 wrfail=0 down=0s maxout=0s
 110.488  t=101s RTT mean=29434 min=26910 max=98958 n=29 to=0 | cancels=0(+0/s) late_pong=1 len_bad=0 disc=0(0x00) | tot_n=3157 tot_to=1 maxever=175808 >2ms=3157 >5ms=3157 >15ms=3143 >20ms=3142 >30ms=81 | probes=3159 wrfail=0 down=0s maxout=0s
 112.458  t=102s RTT mean=30413 min=10882 max=146870 n=30 to=0 | cancels=0(+0/s) late_pong=1 len_bad=0 disc=0(0x00) | tot_n=3187 tot_to=1 maxever=175808 >2ms=3187 >5ms=3187 >15ms=3172 >20ms=3171 >30ms=82 | probes=3189 wrfail=0 down=0s maxout=0s
 112.458  t=103s RTT mean=31844 min=13409 max=160809 n=30 to=0 | cancels=0(+0/s) late_pong=1 len_bad=0 disc=0(0x00) | tot_n=3217 tot_to=1 maxever=175808 >2ms=3217 >5ms=3217 >15ms=3201 >20ms=3200 >30ms=84 | probes=3219 wrfail=0 down=0s maxout=0s
 114.464  t=104s RTT mean=29561 min=26910 max=102647 n=29 to=0 | cancels=0(+0/s) late_pong=1 len_bad=0 disc=0(0x00) | tot_n=3246 tot_to=1 maxever=175808 >2ms=3246 >5ms=3246 >15ms=3230 >20ms=3229 >30ms=85 | probes=3248 wrfail=0 down=0s maxout=0s
 114.464  t=105s RTT mean=30413 min=18452 max=139294 n=30 to=0 | cancels=0(+0/s) late_pong=1 len_bad=0 disc=0(0x00) | tot_n=3276 tot_to=1 maxever=175808 >2ms=3276 >5ms=3276 >15ms=3260 >20ms=3258 >30ms=86 | probes=3278 wrfail=0 down=0s maxout=0s
 116.433  t=106s RTT mean=32109 min=13412 max=160808 n=30 to=0 | cancels=0(+0/s) late_pong=1 len_bad=0 disc=0(0x00) | tot_n=3306 tot_to=1 maxever=175808 >2ms=3306 >5ms=3306 >15ms=3289 >20ms=3287 >30ms=88 | probes=3308 wrfail=0 down=0s maxout=0s
 116.487  t=107s RTT mean=29293 min=26910 max=94848 n=29 to=0 | cancels=0(+0/s) late_pong=1 len_bad=0 disc=0(0x00) | tot_n=3335 tot_to=1 maxever=175808 >2ms=3335 >5ms=3335 >15ms=3318 >20ms=3316 >30ms=89 | probes=3337 wrfail=0 down=0s maxout=0s
 118.452  t=108s RTT mean=30413 min=22631 max=135107 n=30 to=0 | cancels=0(+0/s) late_pong=1 len_bad=0 disc=0(0x00) | tot_n=3365 tot_to=1 maxever=175808 >2ms=3365 >5ms=3365 >15ms=3348 >20ms=3346 >30ms=90 | probes=3367 wrfail=0 down=0s maxout=0s
 118.452  t=109s RTT mean=32063 min=13408 max=160808 n=30 to=0 | cancels=0(+0/s) late_pong=1 len_bad=0 disc=0(0x00) | tot_n=3395 tot_to=1 maxever=175808 >2ms=3395 >5ms=3395 >15ms=3377 >20ms=3375 >30ms=92 | probes=3397 wrfail=0 down=0s maxout=0s
 120.463  t=110s RTT mean=29338 min=26911 max=96240 n=29 to=0 | cancels=0(+0/s) late_pong=1 len_bad=0 disc=0(0x00) | tot_n=3424 tot_to=1 maxever=175808 >2ms=3424 >5ms=3424 >15ms=3406 >20ms=3404 >30ms=93 | probes=3426 wrfail=0 down=0s maxout=0s
 120.463  t=111s RTT mean=30412 min=26910 max=128601 n=30 to=0 | cancels=0(+0/s) late_pong=1 len_bad=0 disc=0(0x00) | tot_n=3454 tot_to=1 maxever=175808 >2ms=3454 >5ms=3454 >15ms=3436 >20ms=3434 >30ms=94 | probes=3456 wrfail=0 down=0s maxout=0s
 122.461  t=112s RTT mean=31973 min=13441 max=160809 n=30 to=0 | cancels=0(+0/s) late_pong=1 len_bad=0 disc=0(0x00) | tot_n=3484 tot_to=1 maxever=175808 >2ms=3484 >5ms=3484 >15ms=3465 >20ms=3463 >30ms=96 | probes=3486 wrfail=0 down=0s maxout=0s
 122.461  t=113s RTT mean=29434 min=26911 max=98957 n=29 to=0 | cancels=0(+0/s) late_pong=1 len_bad=0 disc=0(0x00) | tot_n=3513 tot_to=1 maxever=175808 >2ms=3513 >5ms=3513 >15ms=3494 >20ms=3492 >30ms=97 | probes=3515 wrfail=0 down=0s maxout=0s
 124.435  t=114s RTT mean=30414 min=10883 max=146879 n=30 to=0 | cancels=0(+0/s) late_pong=1 len_bad=0 disc=0(0x00) | tot_n=3543 tot_to=1 maxever=175808 >2ms=3543 >5ms=3543 >15ms=3523 >20ms=3521 >30ms=98 | probes=3545 wrfail=0 down=0s maxout=0s
 124.490  t=115s RTT mean=31844 min=13408 max=160808 n=30 to=0 | cancels=0(+0/s) late_pong=1 len_bad=0 disc=0(0x00) | tot_n=3573 tot_to=1 maxever=175808 >2ms=3573 >5ms=3573 >15ms=3552 >20ms=3550 >30ms=100 | probes=3575 wrfail=0 down=0s maxout=0s
 126.458  t=116s RTT mean=29561 min=26911 max=102645 n=29 to=0 | cancels=0(+0/s) late_pong=1 len_bad=0 disc=0(0x00) | tot_n=3602 tot_to=1 maxever=175808 >2ms=3602 >5ms=3602 >15ms=3581 >20ms=3579 >30ms=101 | probes=3604 wrfail=0 down=0s maxout=0s
 126.458  t=117s RTT mean=30413 min=18452 max=139296 n=30 to=0 | cancels=0(+0/s) late_pong=1 len_bad=0 disc=0(0x00) | tot_n=3632 tot_to=1 maxever=175808 >2ms=3632 >5ms=3632 >15ms=3611 >20ms=3608 >30ms=102 | probes=3634 wrfail=0 down=0s maxout=0s
 128.459  t=118s RTT mean=32109 min=13406 max=160808 n=30 to=0 | cancels=0(+0/s) late_pong=1 len_bad=0 disc=0(0x00) | tot_n=3662 tot_to=1 maxever=175808 >2ms=3662 >5ms=3662 >15ms=3640 >20ms=3637 >30ms=104 | probes=3664 wrfail=0 down=0s maxout=0s
 128.459  t=119s RTT mean=29291 min=26910 max=94847 n=29 to=0 | cancels=0(+0/s) late_pong=1 len_bad=0 disc=0(0x00) | tot_n=3691 tot_to=1 maxever=175808 >2ms=3691 >5ms=3691 >15ms=3669 >20ms=3666 >30ms=105 | probes=3693 wrfail=0 down=0s maxout=0s
 130.476  t=120s RTT mean=30414 min=22630 max=135147 n=30 to=0 | cancels=0(+0/s) late_pong=1 len_bad=0 disc=0(0x00) | tot_n=3721 tot_to=1 maxever=175808 >2ms=3721 >5ms=3721 >15ms=3699 >20ms=3696 >30ms=106 | probes=3723 wrfail=0 down=0s maxout=0s
 130.476  PCTL target=25 tot=1761 to=1 p50=26 p90=26 p99=160 p99.9=160 max=175 g30=86 g100=46 (ms/counts)
 130.476  LOADRAMP: target=50 KBps for 60s
 130.476  t=121s RTT mean=31567 min=26910 max=160809 n=29 to=0 | cancels=0(+0/s) late_pong=1 len_bad=0 disc=0(0x00) | tot_n=3750 tot_to=1 maxever=175808 >2ms=3750 >5ms=3750 >15ms=3728 >20ms=3725 >30ms=107 | probes=3752 wrfail=0 down=0s maxout=0s
 132.433  t=122s RTT mean=38159 min=26910 max=193766 n=24 to=0 | cancels=0(+0/s) late_pong=1 len_bad=0 disc=0(0x00) | tot_n=3774 tot_to=1 maxever=193766 >2ms=3774 >5ms=3774 >15ms=3752 >20ms=3749 >30ms=109 | probes=3776 wrfail=0 down=0s maxout=0s
 132.488  t=123s RTT mean=37134 min=13489 max=199764 n=25 to=0 | cancels=0(+0/s) late_pong=1 len_bad=0 disc=0(0x00) | tot_n=3799 tot_to=1 maxever=199764 >2ms=3799 >5ms=3799 >15ms=3776 >20ms=3773 >30ms=111 | probes=3801 wrfail=0 down=0s maxout=0s
 134.448  t=124s RTT mean=31933 min=13407 max=136160 n=24 to=1 | cancels=0(+0/s) late_pong=2 len_bad=0 disc=0(0x00) | tot_n=3823 tot_to=2 maxever=199764 >2ms=3823 >5ms=3823 >15ms=3799 >20ms=3796 >30ms=113 | probes=3826 wrfail=0 down=0s maxout=0s
 134.503  t=125s RTT mean=34915 min=13405 max=193289 n=25 to=0 | cancels=0(+0/s) late_pong=2 len_bad=0 disc=0(0x00) | tot_n=3848 tot_to=2 maxever=199764 >2ms=3848 >5ms=3848 >15ms=3823 >20ms=3820 >30ms=115 | probes=3851 wrfail=0 down=0s maxout=0s
 136.473  t=126s RTT mean=37116 min=13489 max=190807 n=25 to=0 | cancels=0(+0/s) late_pong=2 len_bad=0 disc=0(0x00) | tot_n=3873 tot_to=2 maxever=199764 >2ms=3873 >5ms=3873 >15ms=3847 >20ms=3844 >30ms=117 | probes=3876 wrfail=0 down=0s maxout=0s
 136.473  t=127s RTT mean=39302 min=26911 max=193301 n=25 to=0 | cancels=0(+0/s) late_pong=2 len_bad=0 disc=0(0x00) | tot_n=3898 tot_to=2 maxever=199764 >2ms=3898 >5ms=3898 >15ms=3872 >20ms=3869 >30ms=120 | probes=3901 wrfail=0 down=0s maxout=0s
 138.438  t=128s RTT mean=35858 min=26910 max=201258 n=24 to=0 | cancels=0(+0/s) late_pong=2 len_bad=0 disc=0(0x00) | tot_n=3922 tot_to=2 maxever=201258 >2ms=3922 >5ms=3922 >15ms=3896 >20ms=3893 >30ms=122 | probes=3925 wrfail=0 down=0s maxout=0s
 138.494  t=129s RTT mean=35587 min=13488 max=193226 n=26 to=0 | cancels=0(+0/s) late_pong=2 len_bad=0 disc=0(0x00) | tot_n=3948 tot_to=2 maxever=201258 >2ms=3948 >5ms=3948 >15ms=3921 >20ms=3918 >30ms=124 | probes=3951 wrfail=0 down=0s maxout=0s
 140.443  t=130s RTT mean=39302 min=26911 max=193301 n=25 to=0 | cancels=0(+0/s) late_pong=2 len_bad=0 disc=0(0x00) | tot_n=3973 tot_to=2 maxever=201258 >2ms=3973 >5ms=3973 >15ms=3946 >20ms=3943 >30ms=127 | probes=3976 wrfail=0 down=0s maxout=0s
 140.498  t=131s RTT mean=35856 min=26911 max=193282 n=24 to=0 | cancels=0(+0/s) late_pong=2 len_bad=0 disc=0(0x00) | tot_n=3997 tot_to=2 maxever=201258 >2ms=3997 >5ms=3997 >15ms=3970 >20ms=3967 >30ms=129 | probes=4000 wrfail=0 down=0s maxout=0s
 142.461  t=132s RTT mean=35585 min=13489 max=193244 n=26 to=0 | cancels=0(+0/s) late_pong=2 len_bad=0 disc=0(0x00) | tot_n=4023 tot_to=2 maxever=201258 >2ms=4023 >5ms=4023 >15ms=3995 >20ms=3992 >30ms=131 | probes=4026 wrfail=0 down=0s maxout=0s
 142.461  t=133s RTT mean=39302 min=26911 max=193302 n=25 to=0 | cancels=0(+0/s) late_pong=2 len_bad=0 disc=0(0x00) | tot_n=4048 tot_to=2 maxever=201258 >2ms=4048 >5ms=4048 >15ms=4020 >20ms=4017 >30ms=134 | probes=4051 wrfail=0 down=0s maxout=0s
 144.432  t=134s RTT mean=28650 min=26911 max=65851 n=23 to=1 | cancels=0(+0/s) late_pong=3 len_bad=0 disc=0(0x00) | tot_n=4071 tot_to=3 maxever=201258 >2ms=4071 >5ms=4071 >15ms=4043 >20ms=4040 >30ms=135 | probes=4075 wrfail=0 down=0s maxout=0s
 144.487  t=135s RTT mean=35581 min=13489 max=193286 n=26 to=0 | cancels=0(+0/s) late_pong=3 len_bad=0 disc=0(0x00) | tot_n=4097 tot_to=3 maxever=201258 >2ms=4097 >5ms=4097 >15ms=4068 >20ms=4065 >30ms=137 | probes=4101 wrfail=0 down=0s maxout=0s
 146.447  t=136s RTT mean=39302 min=26911 max=193302 n=25 to=0 | cancels=0(+0/s) late_pong=3 len_bad=0 disc=0(0x00) | tot_n=4122 tot_to=3 maxever=201258 >2ms=4122 >5ms=4122 >15ms=4093 >20ms=4090 >30ms=140 | probes=4126 wrfail=0 down=0s maxout=0s
 146.502  t=137s RTT mean=35855 min=26911 max=193291 n=24 to=0 | cancels=0(+0/s) late_pong=3 len_bad=0 disc=0(0x00) | tot_n=4146 tot_to=3 maxever=201258 >2ms=4146 >5ms=4146 >15ms=4117 >20ms=4114 >30ms=142 | probes=4150 wrfail=0 down=0s maxout=0s
 148.475  t=138s RTT mean=30280 min=26910 max=103816 n=24 to=1 | cancels=0(+0/s) late_pong=4 len_bad=0 disc=0(0x00) | tot_n=4170 tot_to=4 maxever=201258 >2ms=4170 >5ms=4170 >15ms=4141 >20ms=4138 >30ms=143 | probes=4175 wrfail=0 down=0s maxout=0s
 148.475  t=139s RTT mean=39321 min=26910 max=193765 n=25 to=0 | cancels=0(+0/s) late_pong=4 len_bad=0 disc=0(0x00) | tot_n=4195 tot_to=4 maxever=201258 >2ms=4195 >5ms=4195 >15ms=4166 >20ms=4163 >30ms=146 | probes=4200 wrfail=0 down=0s maxout=0s
 150.441  t=140s RTT mean=28650 min=26910 max=65852 n=23 to=1 | cancels=0(+0/s) late_pong=5 len_bad=0 disc=0(0x00) | tot_n=4218 tot_to=5 maxever=201258 >2ms=4218 >5ms=4218 >15ms=4189 >20ms=4186 >30ms=147 | probes=4224 wrfail=0 down=0s maxout=0s
 150.497  t=141s RTT mean=37128 min=13489 max=193285 n=25 to=0 | cancels=0(+0/s) late_pong=5 len_bad=0 disc=0(0x00) | tot_n=4243 tot_to=5 maxever=201258 >2ms=4243 >5ms=4243 >15ms=4213 >20ms=4210 >30ms=150 | probes=4249 wrfail=0 down=0s maxout=0s
 152.465  t=142s RTT mean=39302 min=26910 max=193302 n=25 to=0 | cancels=0(+0/s) late_pong=5 len_bad=0 disc=0(0x00) | tot_n=4268 tot_to=5 maxever=201258 >2ms=4268 >5ms=4268 >15ms=4238 >20ms=4235 >30ms=153 | probes=4274 wrfail=0 down=0s maxout=0s
 152.465  t=143s RTT mean=29302 min=26910 max=80764 n=23 to=1 | cancels=0(+0/s) late_pong=6 len_bad=0 disc=0(0x00) | tot_n=4291 tot_to=6 maxever=201258 >2ms=4291 >5ms=4291 >15ms=4261 >20ms=4258 >30ms=154 | probes=4298 wrfail=0 down=0s maxout=0s
 154.481  t=144s RTT mean=38162 min=26910 max=193765 n=24 to=0 | cancels=0(+0/s) late_pong=6 len_bad=0 disc=0(0x00) | tot_n=4315 tot_to=6 maxever=201258 >2ms=4315 >5ms=4315 >15ms=4285 >20ms=4282 >30ms=156 | probes=4322 wrfail=0 down=0s maxout=0s
 154.481  t=145s RTT mean=39321 min=26911 max=193765 n=25 to=0 | cancels=0(+0/s) late_pong=6 len_bad=0 disc=0(0x00) | tot_n=4340 tot_to=6 maxever=201258 >2ms=4340 >5ms=4340 >15ms=4310 >20ms=4307 >30ms=159 | probes=4347 wrfail=0 down=0s maxout=0s
 156.452  t=146s RTT mean=35855 min=26910 max=193290 n=24 to=0 | cancels=0(+0/s) late_pong=6 len_bad=0 disc=0(0x00) | tot_n=4364 tot_to=6 maxever=201258 >2ms=4364 >5ms=4364 >15ms=4334 >20ms=4331 >30ms=161 | probes=4371 wrfail=0 down=0s maxout=0s
 156.507  t=147s RTT mean=35586 min=13488 max=193226 n=26 to=0 | cancels=0(+0/s) late_pong=6 len_bad=0 disc=0(0x00) | tot_n=4390 tot_to=6 maxever=201258 >2ms=4390 >5ms=4390 >15ms=4359 >20ms=4356 >30ms=163 | probes=4397 wrfail=0 down=0s maxout=0s
 158.475  t=148s RTT mean=38813 min=26911 max=194694 n=25 to=0 | cancels=0(+0/s) late_pong=6 len_bad=0 disc=0(0x00) | tot_n=4415 tot_to=6 maxever=201258 >2ms=4415 >5ms=4415 >15ms=4384 >20ms=4381 >30ms=166 | probes=4422 wrfail=0 down=0s maxout=0s
 158.475  t=149s RTT mean=36360 min=26910 max=195522 n=24 to=0 | cancels=0(+0/s) late_pong=6 len_bad=0 disc=0(0x00) | tot_n=4439 tot_to=6 maxever=201258 >2ms=4439 >5ms=4439 >15ms=4408 >20ms=4405 >30ms=168 | probes=4446 wrfail=0 down=0s maxout=0s
 160.443  t=150s RTT mean=35587 min=13488 max=193244 n=26 to=0 | cancels=0(+0/s) late_pong=6 len_bad=0 disc=0(0x00) | tot_n=4465 tot_to=6 maxever=201258 >2ms=4465 >5ms=4465 >15ms=4433 >20ms=4429 >30ms=170 | probes=4472 wrfail=0 down=0s maxout=0s
 160.494  t=151s RTT mean=38813 min=26911 max=194694 n=25 to=0 | cancels=0(+0/s) late_pong=6 len_bad=0 disc=0(0x00) | tot_n=4490 tot_to=6 maxever=201258 >2ms=4490 >5ms=4490 >15ms=4458 >20ms=4454 >30ms=173 | probes=4497 wrfail=0 down=0s maxout=0s
 162.449  t=152s RTT mean=36362 min=26910 max=201091 n=24 to=0 | cancels=0(+0/s) late_pong=6 len_bad=0 disc=0(0x00) | tot_n=4514 tot_to=6 maxever=201258 >2ms=4514 >5ms=4514 >15ms=4482 >20ms=4478 >30ms=175 | probes=4521 wrfail=0 down=0s maxout=0s
 162.504  t=153s RTT mean=38808 min=13490 max=198371 n=24 to=0 | cancels=0(+0/s) late_pong=6 len_bad=0 disc=0(0x00) | tot_n=4538 tot_to=6 maxever=201258 >2ms=4538 >5ms=4538 >15ms=4505 >20ms=4501 >30ms=177 | probes=4545 wrfail=0 down=0s maxout=0s
 164.464  t=154s RTT mean=31710 min=26910 max=136149 n=23 to=1 | cancels=0(+0/s) late_pong=7 len_bad=0 disc=0(0x00) | tot_n=4561 tot_to=7 maxever=201258 >2ms=4561 >5ms=4561 >15ms=4528 >20ms=4524 >30ms=178 | probes=4569 wrfail=0 down=0s maxout=0s
 164.465  t=155s RTT mean=38162 min=26911 max=193766 n=24 to=0 | cancels=0(+0/s) late_pong=7 len_bad=0 disc=0(0x00) | tot_n=4585 tot_to=7 maxever=201258 >2ms=4585 >5ms=4585 >15ms=4552 >20ms=4548 >30ms=180 | probes=4593 wrfail=0 down=0s maxout=0s
 166.476  t=156s RTT mean=35582 min=13479 max=198028 n=26 to=0 | cancels=0(+0/s) late_pong=7 len_bad=0 disc=0(0x00) | tot_n=4611 tot_to=7 maxever=201258 >2ms=4611 >5ms=4611 >15ms=4577 >20ms=4573 >30ms=182 | probes=4619 wrfail=0 down=0s maxout=0s
 166.476  t=157s RTT mean=38647 min=26911 max=193311 n=25 to=0 | cancels=0(+0/s) late_pong=7 len_bad=0 disc=0(0x00) | tot_n=4636 tot_to=7 maxever=201258 >2ms=4636 >5ms=4636 >15ms=4602 >20ms=4598 >30ms=185 | probes=4644 wrfail=0 down=0s maxout=0s
 168.446  t=158s RTT mean=36544 min=26911 max=193227 n=24 to=0 | cancels=0(+0/s) late_pong=7 len_bad=0 disc=0(0x00) | tot_n=4660 tot_to=7 maxever=201258 >2ms=4660 >5ms=4660 >15ms=4626 >20ms=4622 >30ms=187 | probes=4668 wrfail=0 down=0s maxout=0s
 168.501  t=159s RTT mean=35581 min=13478 max=193225 n=26 to=0 | cancels=0(+0/s) late_pong=7 len_bad=0 disc=0(0x00) | tot_n=4686 tot_to=7 maxever=201258 >2ms=4686 >5ms=4686 >15ms=4651 >20ms=4647 >30ms=190 | probes=4694 wrfail=0 down=0s maxout=0s
 170.470  t=160s RTT mean=38648 min=26449 max=193313 n=25 to=0 | cancels=0(+0/s) late_pong=7 len_bad=0 disc=0(0x00) | tot_n=4711 tot_to=7 maxever=201258 >2ms=4711 >5ms=4711 >15ms=4676 >20ms=4672 >30ms=193 | probes=4719 wrfail=0 down=0s maxout=0s
 170.470  t=161s RTT mean=29389 min=26449 max=82784 n=23 to=1 | cancels=0(+0/s) late_pong=7 len_bad=0 disc=0(0x00) | tot_n=4734 tot_to=8 maxever=201258 >2ms=4734 >5ms=4734 >15ms=4699 >20ms=4695 >30ms=194 | probes=4743 wrfail=0 down=0s maxout=0s
 172.440  t=162s RTT mean=35581 min=13478 max=193245 n=26 to=0 | cancels=0(+0/s) late_pong=7 len_bad=0 disc=0(0x00) | tot_n=4760 tot_to=8 maxever=201258 >2ms=4760 >5ms=4760 >15ms=4724 >20ms=4720 >30ms=197 | probes=4769 wrfail=0 down=0s maxout=0s
 172.495  t=163s RTT mean=38647 min=26910 max=193313 n=25 to=0 | cancels=0(+0/s) late_pong=7 len_bad=0 disc=0(0x00) | tot_n=4785 tot_to=8 maxever=201258 >2ms=4785 >5ms=4785 >15ms=4749 >20ms=4745 >30ms=200 | probes=4794 wrfail=0 down=0s maxout=0s
 174.465  t=164s RTT mean=30865 min=26910 max=112783 n=22 to=1 | cancels=0(+0/s) late_pong=8 len_bad=0 disc=0(0x00) | tot_n=4807 tot_to=9 maxever=201258 >2ms=4807 >5ms=4807 >15ms=4771 >20ms=4767 >30ms=201 | probes=4817 wrfail=0 down=0s maxout=0s
 174.465  t=165s RTT mean=35581 min=13477 max=193225 n=26 to=0 | cancels=0(+0/s) late_pong=8 len_bad=0 disc=0(0x00) | tot_n=4833 tot_to=9 maxever=201258 >2ms=4833 >5ms=4833 >15ms=4796 >20ms=4792 >30ms=204 | probes=4843 wrfail=0 down=0s maxout=0s
 176.485  t=166s RTT mean=38647 min=26910 max=193313 n=25 to=0 | cancels=0(+0/s) late_pong=8 len_bad=0 disc=0(0x00) | tot_n=4858 tot_to=9 maxever=201258 >2ms=4858 >5ms=4858 >15ms=4821 >20ms=4817 >30ms=207 | probes=4868 wrfail=0 down=0s maxout=0s
 176.485  t=167s RTT mean=29406 min=13406 max=97787 n=23 to=1 | cancels=0(+0/s) late_pong=9 len_bad=0 disc=0(0x00) | tot_n=4881 tot_to=10 maxever=201258 >2ms=4881 >5ms=4881 >15ms=4843 >20ms=4839 >30ms=208 | probes=4892 wrfail=0 down=0s maxout=0s
 178.453  t=168s RTT mean=35565 min=13479 max=199712 n=26 to=0 | cancels=0(+0/s) late_pong=9 len_bad=0 disc=0(0x00) | tot_n=4907 tot_to=10 maxever=201258 >2ms=4907 >5ms=4907 >15ms=4868 >20ms=4864 >30ms=210 | probes=4918 wrfail=0 down=0s maxout=0s
 178.508  t=169s RTT mean=38647 min=26910 max=193312 n=25 to=0 | cancels=0(+0/s) late_pong=9 len_bad=0 disc=0(0x00) | tot_n=4932 tot_to=10 maxever=201258 >2ms=4932 >5ms=4932 >15ms=4893 >20ms=4889 >30ms=213 | probes=4943 wrfail=0 down=0s maxout=0s
 180.481  t=170s RTT mean=36544 min=26910 max=193228 n=24 to=0 | cancels=0(+0/s) late_pong=9 len_bad=0 disc=0(0x00) | tot_n=4956 tot_to=10 maxever=201258 >2ms=4956 >5ms=4956 >15ms=4917 >20ms=4913 >30ms=215 | probes=4967 wrfail=0 down=0s maxout=0s
 180.481  t=171s RTT mean=35581 min=13477 max=193226 n=26 to=0 | cancels=0(+0/s) late_pong=9 len_bad=0 disc=0(0x00) | tot_n=4982 tot_to=10 maxever=201258 >2ms=4982 >5ms=4982 >15ms=4942 >20ms=4938 >30ms=218 | probes=4993 wrfail=0 down=0s maxout=0s
 182.490  t=172s RTT mean=38647 min=26910 max=193312 n=25 to=0 | cancels=0(+0/s) late_pong=9 len_bad=0 disc=0(0x00) | tot_n=5007 tot_to=10 maxever=201258 >2ms=5007 >5ms=5007 >15ms=4967 >20ms=4963 >30ms=221 | probes=5018 wrfail=0 down=0s maxout=0s
 182.490  t=173s RTT mean=30865 min=26910 max=112795 n=22 to=1 | cancels=0(+0/s) late_pong=10 len_bad=0 disc=0(0x00) | tot_n=5029 tot_to=11 maxever=201258 >2ms=5029 >5ms=5029 >15ms=4989 >20ms=4985 >30ms=222 | probes=5041 wrfail=0 down=0s maxout=0s
 184.459  t=174s RTT mean=35583 min=13478 max=193243 n=26 to=0 | cancels=0(+0/s) late_pong=10 len_bad=0 disc=0(0x00) | tot_n=5055 tot_to=11 maxever=201258 >2ms=5055 >5ms=5055 >15ms=5014 >20ms=5010 >30ms=225 | probes=5067 wrfail=0 down=0s maxout=0s
 184.514  t=175s RTT mean=38647 min=26911 max=193311 n=25 to=0 | cancels=0(+0/s) late_pong=10 len_bad=0 disc=0(0x00) | tot_n=5080 tot_to=11 maxever=201258 >2ms=5080 >5ms=5080 >15ms=5039 >20ms=5035 >30ms=228 | probes=5092 wrfail=0 down=0s maxout=0s
 186.486  t=176s RTT mean=36544 min=26910 max=193228 n=24 to=0 | cancels=0(+0/s) late_pong=10 len_bad=0 disc=0(0x00) | tot_n=5104 tot_to=11 maxever=201258 >2ms=5104 >5ms=5104 >15ms=5063 >20ms=5059 >30ms=230 | probes=5116 wrfail=0 down=0s maxout=0s
 186.486  t=177s RTT mean=35581 min=13476 max=193225 n=26 to=0 | cancels=0(+0/s) late_pong=10 len_bad=0 disc=0(0x00) | tot_n=5130 tot_to=11 maxever=201258 >2ms=5130 >5ms=5130 >15ms=5088 >20ms=5084 >30ms=233 | probes=5142 wrfail=0 down=0s maxout=0s
 188.440  t=178s RTT mean=38647 min=26910 max=193315 n=25 to=0 | cancels=0(+0/s) late_pong=10 len_bad=0 disc=0(0x00) | tot_n=5155 tot_to=11 maxever=201258 >2ms=5155 >5ms=5155 >15ms=5113 >20ms=5109 >30ms=236 | probes=5167 wrfail=0 down=0s maxout=0s
 188.495  t=179s RTT mean=36541 min=26911 max=194686 n=24 to=0 | cancels=0(+0/s) late_pong=10 len_bad=0 disc=0(0x00) | tot_n=5179 tot_to=11 maxever=201258 >2ms=5179 >5ms=5179 >15ms=5137 >20ms=5133 >30ms=238 | probes=5191 wrfail=0 down=0s maxout=0s
 190.452  t=180s RTT mean=35578 min=13479 max=193305 n=26 to=0 | cancels=0(+0/s) late_pong=10 len_bad=0 disc=0(0x00) | tot_n=5205 tot_to=11 maxever=201258 >2ms=5205 >5ms=5205 >15ms=5162 >20ms=5158 >30ms=240 | probes=5217 wrfail=0 down=0s maxout=0s
 190.452  PCTL target=50 tot=1478 to=11 p50=26 p90=28 p99=193 p99.9=199 max=201 g30=134 g100=82 (ms/counts)
 190.453  LOADRAMP: target=75 KBps for 60s
 190.507  t=181s RTT mean=31704 min=26910 max=136029 n=23 to=1 | cancels=0(+0/s) late_pong=11 len_bad=0 disc=0(0x00) | tot_n=5228 tot_to=12 maxever=201258 >2ms=5228 >5ms=5228 >15ms=5185 >20ms=5181 >30ms=241 | probes=5241 wrfail=0 down=0s maxout=0s
 192.477  t=182s RTT mean=48243 min=26910 max=193769 n=21 to=0 | cancels=0(+0/s) late_pong=11 len_bad=0 disc=0(0x00) | tot_n=5249 tot_to=12 maxever=201258 >2ms=5249 >5ms=5249 >15ms=5206 >20ms=5202 >30ms=245 | probes=5262 wrfail=0 down=0s maxout=0s
 192.477  t=183s RTT mean=42777 min=13479 max=193748 n=20 to=0 | cancels=0(+0/s) late_pong=11 len_bad=0 disc=0(0x00) | tot_n=5269 tot_to=12 maxever=201258 >2ms=5269 >5ms=5269 >15ms=5225 >20ms=5221 >30ms=247 | probes=5282 wrfail=0 down=0s maxout=0s
 194.486  t=184s RTT mean=40931 min=26909 max=192410 n=19 to=1 | cancels=0(+0/s) late_pong=12 len_bad=0 disc=0(0x00) | tot_n=5288 tot_to=13 maxever=201258 >2ms=5288 >5ms=5288 >15ms=5244 >20ms=5240 >30ms=250 | probes=5302 wrfail=0 down=0s maxout=0s
 194.486  t=185s RTT mean=44624 min=13404 max=197550 n=20 to=0 | cancels=0(+0/s) late_pong=12 len_bad=0 disc=0(0x00) | tot_n=5308 tot_to=13 maxever=201258 >2ms=5308 >5ms=5308 >15ms=5263 >20ms=5259 >30ms=253 | probes=5322 wrfail=0 down=0s maxout=0s
 196.492  t=186s RTT mean=47161 min=13478 max=201177 n=20 to=0 | cancels=0(+0/s) late_pong=12 len_bad=0 disc=0(0x00) | tot_n=5328 tot_to=13 maxever=201258 >2ms=5328 >5ms=5328 >15ms=5282 >20ms=5278 >30ms=257 | probes=5342 wrfail=0 down=0s maxout=0s
 196.492  t=187s RTT mean=46079 min=26910 max=193317 n=21 to=0 | cancels=0(+0/s) late_pong=12 len_bad=0 disc=0(0x00) | tot_n=5349 tot_to=13 maxever=201258 >2ms=5349 >5ms=5349 >15ms=5303 >20ms=5299 >30ms=261 | probes=5363 wrfail=0 down=0s maxout=0s
 198.466  t=188s RTT mean=39452 min=13466 max=196991 n=20 to=1 | cancels=0(+0/s) late_pong=13 len_bad=0 disc=0(0x00) | tot_n=5369 tot_to=14 maxever=201258 >2ms=5369 >5ms=5369 >15ms=5322 >20ms=5318 >30ms=264 | probes=5384 wrfail=0 down=0s maxout=0s
 198.466  t=189s RTT mean=42523 min=13478 max=193307 n=20 to=0 | cancels=0(+0/s) late_pong=13 len_bad=0 disc=0(0x00) | tot_n=5389 tot_to=14 maxever=201258 >2ms=5389 >5ms=5389 >15ms=5341 >20ms=5337 >30ms=266 | probes=5404 wrfail=0 down=0s maxout=0s
 200.487  t=190s RTT mean=39021 min=26910 max=193674 n=19 to=1 | cancels=0(+0/s) late_pong=13 len_bad=0 disc=0(0x00) | tot_n=5408 tot_to=15 maxever=201258 >2ms=5408 >5ms=5408 >15ms=5360 >20ms=5356 >30ms=268 | probes=5424 wrfail=0 down=0s maxout=0s
 200.487  t=191s RTT mean=48243 min=26910 max=193771 n=21 to=0 | cancels=0(+0/s) late_pong=13 len_bad=0 disc=0(0x00) | tot_n=5429 tot_to=15 maxever=201258 >2ms=5429 >5ms=5429 >15ms=5381 >20ms=5377 >30ms=272 | probes=5445 wrfail=0 down=0s maxout=0s
 202.449  t=192s RTT mean=42777 min=13479 max=193748 n=20 to=0 | cancels=0(+0/s) late_pong=13 len_bad=0 disc=0(0x00) | tot_n=5449 tot_to=15 maxever=201258 >2ms=5449 >5ms=5449 >15ms=5400 >20ms=5396 >30ms=274 | probes=5465 wrfail=0 down=0s maxout=0s
 202.504  t=193s RTT mean=46079 min=26910 max=193313 n=21 to=0 | cancels=0(+0/s) late_pong=13 len_bad=0 disc=0(0x00) | tot_n=5470 tot_to=15 maxever=201258 >2ms=5470 >5ms=5470 >15ms=5421 >20ms=5417 >30ms=278 | probes=5486 wrfail=0 down=0s maxout=0s
 204.472  t=194s RTT mean=47151 min=13423 max=201171 n=21 to=0 | cancels=0(+0/s) late_pong=13 len_bad=0 disc=0(0x00) | tot_n=5491 tot_to=15 maxever=201258 >2ms=5491 >5ms=5491 >15ms=5441 >20ms=5437 >30ms=282 | probes=5507 wrfail=0 down=0s maxout=0s
 204.472  t=195s RTT mean=42523 min=13481 max=193308 n=20 to=0 | cancels=0(+0/s) late_pong=13 len_bad=0 disc=0(0x00) | tot_n=5511 tot_to=15 maxever=201258 >2ms=5511 >5ms=5511 >15ms=5460 >20ms=5456 >30ms=284 | probes=5527 wrfail=0 down=0s maxout=0s
 206.491  t=196s RTT mean=39031 min=26910 max=193861 n=19 to=1 | cancels=0(+0/s) late_pong=14 len_bad=0 disc=0(0x00) | tot_n=5530 tot_to=16 maxever=201258 >2ms=5530 >5ms=5530 >15ms=5479 >20ms=5475 >30ms=286 | probes=5547 wrfail=0 down=0s maxout=0s
 206.491  t=197s RTT mean=48243 min=26910 max=193770 n=21 to=0 | cancels=0(+0/s) late_pong=14 len_bad=0 disc=0(0x00) | tot_n=5551 tot_to=16 maxever=201258 >2ms=5551 >5ms=5551 >15ms=5500 >20ms=5496 >30ms=290 | probes=5568 wrfail=0 down=0s maxout=0s
 208.452  t=198s RTT mean=34491 min=13484 max=193748 n=19 to=1 | cancels=0(+0/s) late_pong=15 len_bad=0 disc=0(0x00) | tot_n=5570 tot_to=17 maxever=201258 >2ms=5570 >5ms=5570 >15ms=5518 >20ms=5513 >30ms=291 | probes=5588 wrfail=0 down=0s maxout=0s
 208.507  t=199s RTT mean=46079 min=26911 max=193309 n=21 to=0 | cancels=0(+0/s) late_pong=15 len_bad=0 disc=0(0x00) | tot_n=5591 tot_to=17 maxever=201258 >2ms=5591 >5ms=5591 >15ms=5539 >20ms=5534 >30ms=295 | probes=5609 wrfail=0 down=0s maxout=0s
 210.461  t=200s RTT mean=46901 min=26909 max=193739 n=21 to=0 | cancels=0(+0/s) late_pong=15 len_bad=0 disc=0(0x00) | tot_n=5612 tot_to=17 maxever=201258 >2ms=5612 >5ms=5612 >15ms=5560 >20ms=5555 >30ms=299 | probes=5630 wrfail=0 down=0s maxout=0s
 210.516  t=201s RTT mean=45166 min=26910 max=201180 n=19 to=0 | cancels=0(+0/s) late_pong=15 len_bad=0 disc=0(0x00) | tot_n=5631 tot_to=17 maxever=201258 >2ms=5631 >5ms=5631 >15ms=5579 >20ms=5574 >30ms=301 | probes=5649 wrfail=0 down=0s maxout=0s
 212.488  t=202s RTT mean=45485 min=26910 max=193778 n=21 to=0 | cancels=0(+0/s) late_pong=15 len_bad=0 disc=0(0x00) | tot_n=5652 tot_to=17 maxever=201258 >2ms=5652 >5ms=5652 >15ms=5600 >20ms=5595 >30ms=304 | probes=5670 wrfail=0 down=0s maxout=0s
 212.488  t=203s RTT mean=46997 min=26911 max=193769 n=21 to=0 | cancels=0(+0/s) late_pong=15 len_bad=0 disc=0(0x00) | tot_n=5673 tot_to=17 maxever=201258 >2ms=5673 >5ms=5673 >15ms=5621 >20ms=5616 >30ms=308 | probes=5691 wrfail=0 down=0s maxout=0s
 214.454  t=204s RTT mean=43318 min=17056 max=197485 n=20 to=0 | cancels=0(+0/s) late_pong=15 len_bad=0 disc=0(0x00) | tot_n=5693 tot_to=17 maxever=201258 >2ms=5693 >5ms=5693 >15ms=5641 >20ms=5635 >30ms=310 | probes=5711 wrfail=0 down=0s maxout=0s
 214.509  t=205s RTT mean=47162 min=26911 max=200191 n=20 to=0 | cancels=0(+0/s) late_pong=15 len_bad=0 disc=0(0x00) | tot_n=5713 tot_to=17 maxever=201258 >2ms=5713 >5ms=5713 >15ms=5661 >20ms=5655 >30ms=313 | probes=5731 wrfail=0 down=0s maxout=0s
 216.471  t=206s RTT mean=47712 min=26911 max=193769 n=21 to=0 | cancels=0(+0/s) late_pong=15 len_bad=0 disc=0(0x00) | tot_n=5734 tot_to=17 maxever=201258 >2ms=5734 >5ms=5734 >15ms=5682 >20ms=5676 >30ms=317 | probes=5752 wrfail=0 down=0s maxout=0s
 216.471  t=207s RTT mean=41131 min=6702 max=193301 n=21 to=0 | cancels=0(+0/s) late_pong=15 len_bad=0 disc=0(0x00) | tot_n=5755 tot_to=17 maxever=201258 >2ms=5755 >5ms=5755 >15ms=5701 >20ms=5695 >30ms=319 | probes=5773 wrfail=0 down=0s maxout=0s
 218.491  t=208s RTT mean=45462 min=26910 max=193311 n=21 to=0 | cancels=0(+0/s) late_pong=15 len_bad=0 disc=0(0x00) | tot_n=5776 tot_to=17 maxever=201258 >2ms=5776 >5ms=5776 >15ms=5722 >20ms=5716 >30ms=322 | probes=5794 wrfail=0 down=0s maxout=0s
 218.491  t=209s RTT mean=46997 min=26910 max=193771 n=21 to=0 | cancels=0(+0/s) late_pong=15 len_bad=0 disc=0(0x00) | tot_n=5797 tot_to=17 maxever=201258 >2ms=5797 >5ms=5797 >15ms=5743 >20ms=5737 >30ms=326 | probes=5815 wrfail=0 down=0s maxout=0s
 220.460  t=210s RTT mean=35013 min=13331 max=193304 n=19 to=1 | cancels=0(+0/s) late_pong=16 len_bad=0 disc=0(0x00) | tot_n=5816 tot_to=18 maxever=201258 >2ms=5816 >5ms=5816 >15ms=5761 >20ms=5755 >30ms=327 | probes=5835 wrfail=0 down=0s maxout=0s
 220.515  t=211s RTT mean=45484 min=26910 max=193780 n=21 to=0 | cancels=0(+0/s) late_pong=16 len_bad=0 disc=0(0x00) | tot_n=5837 tot_to=18 maxever=201258 >2ms=5837 >5ms=5837 >15ms=5782 >20ms=5776 >30ms=330 | probes=5856 wrfail=0 down=0s maxout=0s
 222.487  t=212s RTT mean=46997 min=26910 max=193771 n=21 to=0 | cancels=0(+0/s) late_pong=16 len_bad=0 disc=0(0x00) | tot_n=5858 tot_to=18 maxever=201258 >2ms=5858 >5ms=5858 >15ms=5803 >20ms=5797 >30ms=334 | probes=5877 wrfail=0 down=0s maxout=0s
 222.487  t=213s RTT mean=41131 min=6702 max=193304 n=21 to=0 | cancels=0(+0/s) late_pong=16 len_bad=0 disc=0(0x00) | tot_n=5879 tot_to=18 maxever=201258 >2ms=5879 >5ms=5879 >15ms=5822 >20ms=5816 >30ms=336 | probes=5898 wrfail=0 down=0s maxout=0s
 224.452  t=214s RTT mean=45462 min=26910 max=193313 n=21 to=0 | cancels=0(+0/s) late_pong=16 len_bad=0 disc=0(0x00) | tot_n=5900 tot_to=18 maxever=201258 >2ms=5900 >5ms=5900 >15ms=5843 >20ms=5837 >30ms=339 | probes=5919 wrfail=0 down=0s maxout=0s
 224.507  t=215s RTT mean=46997 min=26910 max=193772 n=21 to=0 | cancels=0(+0/s) late_pong=16 len_bad=0 disc=0(0x00) | tot_n=5921 tot_to=18 maxever=201258 >2ms=5921 >5ms=5921 >15ms=5864 >20ms=5858 >30ms=343 | probes=5940 wrfail=0 down=0s maxout=0s
 226.470  t=216s RTT mean=41131 min=6701 max=193305 n=21 to=0 | cancels=0(+0/s) late_pong=16 len_bad=0 disc=0(0x00) | tot_n=5942 tot_to=18 maxever=201258 >2ms=5942 >5ms=5942 >15ms=5883 >20ms=5877 >30ms=345 | probes=5961 wrfail=0 down=0s maxout=0s
 226.470  t=217s RTT mean=48047 min=26910 max=203133 n=20 to=0 | cancels=0(+0/s) late_pong=16 len_bad=0 disc=0(0x00) | tot_n=5962 tot_to=18 maxever=203133 >2ms=5962 >5ms=5962 >15ms=5903 >20ms=5897 >30ms=349 | probes=5981 wrfail=0 down=0s maxout=0s
 228.483  t=218s RTT mean=46842 min=26910 max=193305 n=21 to=0 | cancels=0(+0/s) late_pong=16 len_bad=0 disc=0(0x00) | tot_n=5983 tot_to=18 maxever=203133 >2ms=5983 >5ms=5983 >15ms=5924 >20ms=5918 >30ms=353 | probes=6002 wrfail=0 down=0s maxout=0s
 228.483  t=219s RTT mean=41131 min=6700 max=193305 n=21 to=0 | cancels=0(+0/s) late_pong=16 len_bad=0 disc=0(0x00) | tot_n=6004 tot_to=18 maxever=203133 >2ms=6004 >5ms=6004 >15ms=5943 >20ms=5937 >30ms=355 | probes=6023 wrfail=0 down=0s maxout=0s
 230.499  t=220s RTT mean=47139 min=26910 max=193313 n=20 to=0 | cancels=0(+0/s) late_pong=16 len_bad=0 disc=0(0x00) | tot_n=6024 tot_to=18 maxever=203133 >2ms=6024 >5ms=6024 >15ms=5963 >20ms=5957 >30ms=359 | probes=6043 wrfail=0 down=0s maxout=0s
 230.499  t=221s RTT mean=47711 min=26910 max=193770 n=21 to=0 | cancels=0(+0/s) late_pong=16 len_bad=0 disc=0(0x00) | tot_n=6045 tot_to=18 maxever=203133 >2ms=6045 >5ms=6045 >15ms=5984 >20ms=5978 >30ms=363 | probes=6064 wrfail=0 down=0s maxout=0s
 232.470  t=222s RTT mean=41131 min=6701 max=193306 n=21 to=0 | cancels=0(+0/s) late_pong=16 len_bad=0 disc=0(0x00) | tot_n=6066 tot_to=18 maxever=203133 >2ms=6066 >5ms=6066 >15ms=6003 >20ms=5997 >30ms=365 | probes=6085 wrfail=0 down=0s maxout=0s
 232.470  t=223s RTT mean=39035 min=26910 max=193315 n=19 to=1 | cancels=0(+0/s) late_pong=17 len_bad=0 disc=0(0x00) | tot_n=6085 tot_to=19 maxever=203133 >2ms=6085 >5ms=6085 >15ms=6022 >20ms=6016 >30ms=367 | probes=6105 wrfail=0 down=0s maxout=0s
 234.488  t=224s RTT mean=47711 min=26911 max=193767 n=21 to=0 | cancels=0(+0/s) late_pong=17 len_bad=0 disc=0(0x00) | tot_n=6106 tot_to=19 maxever=203133 >2ms=6106 >5ms=6106 >15ms=6043 >20ms=6037 >30ms=371 | probes=6126 wrfail=0 down=0s maxout=0s
 234.488  t=225s RTT mean=41131 min=6702 max=193305 n=21 to=0 | cancels=0(+0/s) late_pong=17 len_bad=0 disc=0(0x00) | tot_n=6127 tot_to=19 maxever=203133 >2ms=6127 >5ms=6127 >15ms=6062 >20ms=6056 >30ms=373 | probes=6147 wrfail=0 down=0s maxout=0s
 236.456  t=226s RTT mean=45462 min=26911 max=193310 n=21 to=0 | cancels=0(+0/s) late_pong=17 len_bad=0 disc=0(0x00) | tot_n=6148 tot_to=19 maxever=203133 >2ms=6148 >5ms=6148 >15ms=6083 >20ms=6077 >30ms=376 | probes=6168 wrfail=0 down=0s maxout=0s
 236.511  t=227s RTT mean=46997 min=26911 max=193771 n=21 to=0 | cancels=0(+0/s) late_pong=17 len_bad=0 disc=0(0x00) | tot_n=6169 tot_to=19 maxever=203133 >2ms=6169 >5ms=6169 >15ms=6104 >20ms=6098 >30ms=380 | probes=6189 wrfail=0 down=0s maxout=0s
 238.467  t=228s RTT mean=41131 min=6702 max=193301 n=21 to=0 | cancels=0(+0/s) late_pong=17 len_bad=0 disc=0(0x00) | tot_n=6190 tot_to=19 maxever=203133 >2ms=6190 >5ms=6190 >15ms=6123 >20ms=6117 >30ms=382 | probes=6210 wrfail=0 down=0s maxout=0s
 238.523  t=229s RTT mean=45462 min=26910 max=193310 n=21 to=0 | cancels=0(+0/s) late_pong=17 len_bad=0 disc=0(0x00) | tot_n=6211 tot_to=19 maxever=203133 >2ms=6211 >5ms=6211 >15ms=6144 >20ms=6138 >30ms=385 | probes=6231 wrfail=0 down=0s maxout=0s
 240.480  t=230s RTT mean=47466 min=13407 max=194619 n=21 to=0 | cancels=0(+0/s) late_pong=17 len_bad=0 disc=0(0x00) | tot_n=6232 tot_to=19 maxever=203133 >2ms=6232 >5ms=6232 >15ms=6164 >20ms=6158 >30ms=389 | probes=6252 wrfail=0 down=0s maxout=0s
 240.480  t=231s RTT mean=42838 min=13480 max=193138 n=20 to=0 | cancels=0(+0/s) late_pong=17 len_bad=0 disc=0(0x00) | tot_n=6252 tot_to=19 maxever=203133 >2ms=6252 >5ms=6252 >15ms=6183 >20ms=6177 >30ms=391 | probes=6272 wrfail=0 down=0s maxout=0s
 242.448  t=232s RTT mean=39035 min=26910 max=193315 n=19 to=1 | cancels=0(+0/s) late_pong=17 len_bad=0 disc=0(0x00) | tot_n=6271 tot_to=20 maxever=203133 >2ms=6271 >5ms=6271 >15ms=6202 >20ms=6196 >30ms=393 | probes=6292 wrfail=0 down=0s maxout=0s
 242.503  t=233s RTT mean=47711 min=26910 max=193770 n=21 to=0 | cancels=0(+0/s) late_pong=17 len_bad=0 disc=0(0x00) | tot_n=6292 tot_to=20 maxever=203133 >2ms=6292 >5ms=6292 >15ms=6223 >20ms=6217 >30ms=397 | probes=6313 wrfail=0 down=0s maxout=0s
 244.458  t=234s RTT mean=41131 min=6701 max=193305 n=21 to=0 | cancels=0(+0/s) late_pong=17 len_bad=0 disc=0(0x00) | tot_n=6313 tot_to=20 maxever=203133 >2ms=6313 >5ms=6313 >15ms=6242 >20ms=6236 >30ms=399 | probes=6334 wrfail=0 down=0s maxout=0s
 244.513  t=235s RTT mean=39033 min=26910 max=193310 n=19 to=1 | cancels=0(+0/s) late_pong=17 len_bad=0 disc=0(0x00) | tot_n=6332 tot_to=21 maxever=203133 >2ms=6332 >5ms=6332 >15ms=6261 >20ms=6255 >30ms=401 | probes=6354 wrfail=0 down=0s maxout=0s
 246.476  t=236s RTT mean=47977 min=13423 max=196010 n=21 to=0 | cancels=0(+0/s) late_pong=17 len_bad=0 disc=0(0x00) | tot_n=6353 tot_to=21 maxever=203133 >2ms=6353 >5ms=6353 >15ms=6281 >20ms=6275 >30ms=405 | probes=6375 wrfail=0 down=0s maxout=0s
 246.477  t=237s RTT mean=34720 min=8229 max=193306 n=19 to=1 | cancels=0(+0/s) late_pong=18 len_bad=0 disc=0(0x00) | tot_n=6372 tot_to=22 maxever=203133 >2ms=6372 >5ms=6372 >15ms=6299 >20ms=6293 >30ms=406 | probes=6395 wrfail=0 down=0s maxout=0s
 248.496  t=238s RTT mean=45484 min=26910 max=193773 n=21 to=0 | cancels=0(+0/s) late_pong=18 len_bad=0 disc=0(0x00) | tot_n=6393 tot_to=22 maxever=203133 >2ms=6393 >5ms=6393 >15ms=6320 >20ms=6314 >30ms=409 | probes=6416 wrfail=0 down=0s maxout=0s
 248.496  t=239s RTT mean=47395 min=26910 max=193772 n=21 to=0 | cancels=0(+0/s) late_pong=18 len_bad=0 disc=0(0x00) | tot_n=6414 tot_to=22 maxever=203133 >2ms=6414 >5ms=6414 >15ms=6341 >20ms=6335 >30ms=413 | probes=6437 wrfail=0 down=0s maxout=0s
 250.450  t=240s RTT mean=42895 min=12877 max=193367 n=20 to=0 | cancels=0(+0/s) late_pong=18 len_bad=0 disc=0(0x00) | tot_n=6434 tot_to=22 maxever=203133 >2ms=6434 >5ms=6434 >15ms=6360 >20ms=6354 >30ms=415 | probes=6457 wrfail=0 down=0s maxout=0s
 250.505  PCTL target=75 tot=1227 to=10 p50=26 p90=84 p99=193 p99.9=201 max=203 g30=177 g100=111 (ms/counts)
 250.505  LOADRAMP: target=100 KBps for 60s
 250.505  t=241s RTT mean=45388 min=26007 max=193778 n=21 to=0 | cancels=0(+0/s) late_pong=18 len_bad=0 disc=0(0x00) | tot_n=6455 tot_to=22 maxever=203133 >2ms=6455 >5ms=6455 >15ms=6381 >20ms=6375 >30ms=418 | probes=6478 wrfail=0 down=0s maxout=0s
 252.467  t=242s RTT mean=58499 min=13404 max=195162 n=17 to=0 | cancels=0(+0/s) late_pong=18 len_bad=0 disc=0(0x00) | tot_n=6472 tot_to=22 maxever=203133 >2ms=6472 >5ms=6472 >15ms=6397 >20ms=6391 >30ms=423 | probes=6495 wrfail=0 down=0s maxout=0s
 252.522  t=243s RTT mean=59212 min=26910 max=193368 n=15 to=0 | cancels=0(+0/s) late_pong=18 len_bad=0 disc=0(0x00) | tot_n=6487 tot_to=22 maxever=203133 >2ms=6487 >5ms=6487 >15ms=6412 >20ms=6406 >30ms=426 | probes=6510 wrfail=0 down=0s maxout=0s
 254.473  t=244s RTT mean=59725 min=26911 max=193303 n=16 to=0 | cancels=0(+0/s) late_pong=18 len_bad=0 disc=0(0x00) | tot_n=6503 tot_to=22 maxever=203133 >2ms=6503 >5ms=6503 >15ms=6428 >20ms=6422 >30ms=430 | probes=6526 wrfail=0 down=0s maxout=0s
 254.528  t=245s RTT mean=59664 min=13469 max=193769 n=17 to=0 | cancels=0(+0/s) late_pong=18 len_bad=0 disc=0(0x00) | tot_n=6520 tot_to=22 maxever=203133 >2ms=6520 >5ms=6520 >15ms=6444 >20ms=6438 >30ms=435 | probes=6543 wrfail=0 down=0s maxout=0s
 256.500  t=246s RTT mean=58811 min=13478 max=200330 n=15 to=0 | cancels=0(+0/s) late_pong=18 len_bad=0 disc=0(0x00) | tot_n=6535 tot_to=22 maxever=203133 >2ms=6535 >5ms=6535 >15ms=6458 >20ms=6452 >30ms=438 | probes=6558 wrfail=0 down=0s maxout=0s
 256.500  t=247s RTT mean=60335 min=23234 max=193327 n=16 to=0 | cancels=0(+0/s) late_pong=18 len_bad=0 disc=0(0x00) | tot_n=6551 tot_to=22 maxever=203133 >2ms=6551 >5ms=6551 >15ms=6474 >20ms=6468 >30ms=443 | probes=6574 wrfail=0 down=0s maxout=0s
 258.462  t=248s RTT mean=59293 min=13470 max=193664 n=17 to=0 | cancels=0(+0/s) late_pong=18 len_bad=0 disc=0(0x00) | tot_n=6568 tot_to=22 maxever=203133 >2ms=6568 >5ms=6568 >15ms=6490 >20ms=6484 >30ms=448 | probes=6591 wrfail=0 down=0s maxout=0s
 258.517  t=249s RTT mean=58504 min=26911 max=193304 n=15 to=0 | cancels=0(+0/s) late_pong=18 len_bad=0 disc=0(0x00) | tot_n=6583 tot_to=22 maxever=203133 >2ms=6583 >5ms=6583 >15ms=6505 >20ms=6499 >30ms=451 | probes=6606 wrfail=0 down=0s maxout=0s
 260.477  t=250s RTT mean=59722 min=26910 max=193364 n=16 to=0 | cancels=0(+0/s) late_pong=18 len_bad=0 disc=0(0x00) | tot_n=6599 tot_to=22 maxever=203133 >2ms=6599 >5ms=6599 >15ms=6521 >20ms=6515 >30ms=455 | probes=6622 wrfail=0 down=0s maxout=0s
 260.477  t=251s RTT mean=59664 min=13468 max=193769 n=17 to=0 | cancels=0(+0/s) late_pong=18 len_bad=0 disc=0(0x00) | tot_n=6616 tot_to=22 maxever=203133 >2ms=6616 >5ms=6616 >15ms=6537 >20ms=6531 >30ms=460 | probes=6639 wrfail=0 down=0s maxout=0s
 262.499  t=252s RTT mean=58787 min=26911 max=193304 n=15 to=0 | cancels=0(+0/s) late_pong=18 len_bad=0 disc=0(0x00) | tot_n=6631 tot_to=22 maxever=203133 >2ms=6631 >5ms=6631 >15ms=6552 >20ms=6546 >30ms=463 | probes=6654 wrfail=0 down=0s maxout=0s
 262.499  t=253s RTT mean=59724 min=26910 max=193302 n=16 to=0 | cancels=0(+0/s) late_pong=18 len_bad=0 disc=0(0x00) | tot_n=6647 tot_to=22 maxever=203133 >2ms=6647 >5ms=6647 >15ms=6568 >20ms=6562 >30ms=467 | probes=6670 wrfail=0 down=0s maxout=0s
 264.497  t=254s RTT mean=59664 min=13470 max=193770 n=17 to=0 | cancels=0(+0/s) late_pong=18 len_bad=0 disc=0(0x00) | tot_n=6664 tot_to=22 maxever=203133 >2ms=6664 >5ms=6664 >15ms=6584 >20ms=6578 >30ms=472 | probes=6687 wrfail=0 down=0s maxout=0s
 264.497  t=255s RTT mean=58783 min=26911 max=194697 n=15 to=0 | cancels=0(+0/s) late_pong=18 len_bad=0 disc=0(0x00) | tot_n=6679 tot_to=22 maxever=203133 >2ms=6679 >5ms=6679 >15ms=6599 >20ms=6593 >30ms=475 | probes=6702 wrfail=0 down=0s maxout=0s
 266.461  t=256s RTT mean=51166 min=25977 max=193434 n=15 to=1 | cancels=0(+0/s) late_pong=18 len_bad=0 disc=0(0x00) | tot_n=6694 tot_to=23 maxever=203133 >2ms=6694 >5ms=6694 >15ms=6614 >20ms=6608 >30ms=478 | probes=6718 wrfail=0 down=0s maxout=0s
 266.513  t=257s RTT mean=58889 min=13469 max=193767 n=17 to=0 | cancels=0(+0/s) late_pong=18 len_bad=0 disc=0(0x00) | tot_n=6711 tot_to=23 maxever=203133 >2ms=6711 >5ms=6711 >15ms=6630 >20ms=6624 >30ms=483 | probes=6735 wrfail=0 down=0s maxout=0s
 268.476  t=258s RTT mean=58787 min=26910 max=196085 n=15 to=0 | cancels=0(+0/s) late_pong=18 len_bad=0 disc=0(0x00) | tot_n=6726 tot_to=23 maxever=203133 >2ms=6726 >5ms=6726 >15ms=6645 >20ms=6639 >30ms=486 | probes=6750 wrfail=0 down=0s maxout=0s
 268.531  t=259s RTT mean=59719 min=26910 max=193371 n=16 to=0 | cancels=0(+0/s) late_pong=18 len_bad=0 disc=0(0x00) | tot_n=6742 tot_to=23 maxever=203133 >2ms=6742 >5ms=6742 >15ms=6661 >20ms=6655 >30ms=490 | probes=6766 wrfail=0 down=0s maxout=0s
 270.506  t=260s RTT mean=59664 min=13469 max=193770 n=17 to=0 | cancels=0(+0/s) late_pong=18 len_bad=0 disc=0(0x00) | tot_n=6759 tot_to=23 maxever=203133 >2ms=6759 >5ms=6759 >15ms=6677 >20ms=6671 >30ms=495 | probes=6783 wrfail=0 down=0s maxout=0s
 270.506  t=261s RTT mean=58787 min=26910 max=193305 n=15 to=0 | cancels=0(+0/s) late_pong=18 len_bad=0 disc=0(0x00) | tot_n=6774 tot_to=23 maxever=203133 >2ms=6774 >5ms=6774 >15ms=6692 >20ms=6686 >30ms=498 | probes=6798 wrfail=0 down=0s maxout=0s
 272.472  t=262s RTT mean=59725 min=26910 max=193303 n=16 to=0 | cancels=0(+0/s) late_pong=18 len_bad=0 disc=0(0x00) | tot_n=6790 tot_to=23 maxever=203133 >2ms=6790 >5ms=6790 >15ms=6708 >20ms=6702 >30ms=502 | probes=6814 wrfail=0 down=0s maxout=0s
 272.527  t=263s RTT mean=59664 min=13468 max=193770 n=17 to=0 | cancels=0(+0/s) late_pong=18 len_bad=0 disc=0(0x00) | tot_n=6807 tot_to=23 maxever=203133 >2ms=6807 >5ms=6807 >15ms=6724 >20ms=6718 >30ms=507 | probes=6831 wrfail=0 down=0s maxout=0s
 274.490  t=264s RTT mean=58787 min=26910 max=193306 n=15 to=0 | cancels=0(+0/s) late_pong=18 len_bad=0 disc=0(0x00) | tot_n=6822 tot_to=23 maxever=203133 >2ms=6822 >5ms=6822 >15ms=6739 >20ms=6733 >30ms=510 | probes=6846 wrfail=0 down=0s maxout=0s
 274.490  t=265s RTT mean=59725 min=26910 max=193303 n=16 to=0 | cancels=0(+0/s) late_pong=18 len_bad=0 disc=0(0x00) | tot_n=6838 tot_to=23 maxever=203133 >2ms=6838 >5ms=6838 >15ms=6755 >20ms=6749 >30ms=514 | probes=6862 wrfail=0 down=0s maxout=0s
 276.496  t=266s RTT mean=59664 min=13469 max=193770 n=17 to=0 | cancels=0(+0/s) late_pong=18 len_bad=0 disc=0(0x00) | tot_n=6855 tot_to=23 maxever=203133 >2ms=6855 >5ms=6855 >15ms=6771 >20ms=6765 >30ms=519 | probes=6879 wrfail=0 down=0s maxout=0s
 276.496  t=267s RTT mean=58787 min=26910 max=193306 n=15 to=0 | cancels=0(+0/s) late_pong=18 len_bad=0 disc=0(0x00) | tot_n=6870 tot_to=23 maxever=203133 >2ms=6870 >5ms=6870 >15ms=6786 >20ms=6780 >30ms=522 | probes=6894 wrfail=0 down=0s maxout=0s
 278.461  t=268s RTT mean=51157 min=25978 max=193303 n=15 to=1 | cancels=0(+0/s) late_pong=18 len_bad=0 disc=0(0x00) | tot_n=6885 tot_to=24 maxever=203133 >2ms=6885 >5ms=6885 >15ms=6801 >20ms=6795 >30ms=525 | probes=6910 wrfail=0 down=0s maxout=0s
 278.516  t=269s RTT mean=58889 min=13469 max=193769 n=17 to=0 | cancels=0(+0/s) late_pong=18 len_bad=0 disc=0(0x00) | tot_n=6902 tot_to=24 maxever=203133 >2ms=6902 >5ms=6902 >15ms=6817 >20ms=6811 >30ms=530 | probes=6927 wrfail=0 down=0s maxout=0s
 280.473  t=270s RTT mean=48653 min=13479 max=193305 n=14 to=1 | cancels=0(+0/s) late_pong=19 len_bad=0 disc=0(0x00) | tot_n=6916 tot_to=25 maxever=203133 >2ms=6916 >5ms=6916 >15ms=6830 >20ms=6824 >30ms=532 | probes=6942 wrfail=0 down=0s maxout=0s
 280.528  t=271s RTT mean=59690 min=26910 max=193365 n=16 to=0 | cancels=0(+0/s) late_pong=19 len_bad=0 disc=0(0x00) | tot_n=6932 tot_to=25 maxever=203133 >2ms=6932 >5ms=6932 >15ms=6846 >20ms=6840 >30ms=536 | probes=6958 wrfail=0 down=0s maxout=0s
 282.495  t=272s RTT mean=59664 min=13469 max=193769 n=17 to=0 | cancels=0(+0/s) late_pong=19 len_bad=0 disc=0(0x00) | tot_n=6949 tot_to=25 maxever=203133 >2ms=6949 >5ms=6949 >15ms=6862 >20ms=6856 >30ms=541 | probes=6975 wrfail=0 down=0s maxout=0s
 282.495  t=273s RTT mean=58787 min=26910 max=193303 n=15 to=0 | cancels=0(+0/s) late_pong=19 len_bad=0 disc=0(0x00) | tot_n=6964 tot_to=25 maxever=203133 >2ms=6964 >5ms=6964 >15ms=6877 >20ms=6871 >30ms=544 | probes=6990 wrfail=0 down=0s maxout=0s
 284.459  t=274s RTT mean=59725 min=26910 max=193303 n=16 to=0 | cancels=0(+0/s) late_pong=19 len_bad=0 disc=0(0x00) | tot_n=6980 tot_to=25 maxever=203133 >2ms=6980 >5ms=6980 >15ms=6893 >20ms=6887 >30ms=548 | probes=7006 wrfail=0 down=0s maxout=0s
 284.514  t=275s RTT mean=59664 min=13469 max=193769 n=17 to=0 | cancels=0(+0/s) late_pong=19 len_bad=0 disc=0(0x00) | tot_n=6997 tot_to=25 maxever=203133 >2ms=6997 >5ms=6997 >15ms=6909 >20ms=6903 >30ms=553 | probes=7023 wrfail=0 down=0s maxout=0s
 286.479  t=276s RTT mean=58787 min=26909 max=193304 n=15 to=0 | cancels=0(+0/s) late_pong=19 len_bad=0 disc=0(0x00) | tot_n=7012 tot_to=25 maxever=203133 >2ms=7012 >5ms=7012 >15ms=6924 >20ms=6918 >30ms=556 | probes=7038 wrfail=0 down=0s maxout=0s
 286.479  t=277s RTT mean=59725 min=26910 max=193303 n=16 to=0 | cancels=0(+0/s) late_pong=19 len_bad=0 disc=0(0x00) | tot_n=7028 tot_to=25 maxever=203133 >2ms=7028 >5ms=7028 >15ms=6940 >20ms=6934 >30ms=560 | probes=7054 wrfail=0 down=0s maxout=0s
 288.499  t=278s RTT mean=62823 min=26910 max=198875 n=16 to=0 | cancels=0(+0/s) late_pong=19 len_bad=0 disc=0(0x00) | tot_n=7044 tot_to=25 maxever=203133 >2ms=7044 >5ms=7044 >15ms=6956 >20ms=6950 >30ms=566 | probes=7070 wrfail=0 down=0s maxout=0s
 288.499  t=279s RTT mean=59602 min=26910 max=193302 n=15 to=0 | cancels=0(+0/s) late_pong=19 len_bad=0 disc=0(0x00) | tot_n=7059 tot_to=25 maxever=203133 >2ms=7059 >5ms=7059 >15ms=6971 >20ms=6965 >30ms=569 | probes=7085 wrfail=0 down=0s maxout=0s
 290.469  t=280s RTT mean=59724 min=26909 max=193300 n=16 to=0 | cancels=0(+0/s) late_pong=19 len_bad=0 disc=0(0x00) | tot_n=7075 tot_to=25 maxever=203133 >2ms=7075 >5ms=7075 >15ms=6987 >20ms=6981 >30ms=573 | probes=7101 wrfail=0 down=0s maxout=0s
 290.524  t=281s RTT mean=59664 min=13469 max=193770 n=17 to=0 | cancels=0(+0/s) late_pong=19 len_bad=0 disc=0(0x00) | tot_n=7092 tot_to=25 maxever=203133 >2ms=7092 >5ms=7092 >15ms=7003 >20ms=6997 >30ms=578 | probes=7118 wrfail=0 down=0s maxout=0s
 292.490  t=282s RTT mean=58787 min=26910 max=193304 n=15 to=0 | cancels=0(+0/s) late_pong=19 len_bad=0 disc=0(0x00) | tot_n=7107 tot_to=25 maxever=203133 >2ms=7107 >5ms=7107 >15ms=7018 >20ms=7012 >30ms=581 | probes=7133 wrfail=0 down=0s maxout=0s
 292.490  t=283s RTT mean=59724 min=26910 max=193302 n=16 to=0 | cancels=0(+0/s) late_pong=19 len_bad=0 disc=0(0x00) | tot_n=7123 tot_to=25 maxever=203133 >2ms=7123 >5ms=7123 >15ms=7034 >20ms=7028 >30ms=585 | probes=7149 wrfail=0 down=0s maxout=0s
 294.505  t=284s RTT mean=59664 min=13468 max=193770 n=17 to=0 | cancels=0(+0/s) late_pong=19 len_bad=0 disc=0(0x00) | tot_n=7140 tot_to=25 maxever=203133 >2ms=7140 >5ms=7140 >15ms=7050 >20ms=7044 >30ms=590 | probes=7166 wrfail=0 down=0s maxout=0s
 294.505  t=285s RTT mean=48656 min=13482 max=191078 n=14 to=1 | cancels=0(+0/s) late_pong=20 len_bad=0 disc=0(0x00) | tot_n=7154 tot_to=26 maxever=203133 >2ms=7154 >5ms=7154 >15ms=7063 >20ms=7057 >30ms=592 | probes=7181 wrfail=0 down=0s maxout=0s
 296.462  t=286s RTT mean=59696 min=26910 max=193327 n=16 to=0 | cancels=0(+0/s) late_pong=20 len_bad=0 disc=0(0x00) | tot_n=7170 tot_to=26 maxever=203133 >2ms=7170 >5ms=7170 >15ms=7079 >20ms=7073 >30ms=596 | probes=7197 wrfail=0 down=0s maxout=0s
 296.514  t=287s RTT mean=59664 min=13468 max=193770 n=17 to=0 | cancels=0(+0/s) late_pong=20 len_bad=0 disc=0(0x00) | tot_n=7187 tot_to=26 maxever=203133 >2ms=7187 >5ms=7187 >15ms=7095 >20ms=7089 >30ms=601 | probes=7214 wrfail=0 down=0s maxout=0s
 298.488  t=288s RTT mean=58788 min=26911 max=193304 n=15 to=0 | cancels=0(+0/s) late_pong=20 len_bad=0 disc=0(0x00) | tot_n=7202 tot_to=26 maxever=203133 >2ms=7202 >5ms=7202 >15ms=7110 >20ms=7104 >30ms=604 | probes=7229 wrfail=0 down=0s maxout=0s
 298.488  t=289s RTT mean=59719 min=26910 max=197544 n=16 to=0 | cancels=0(+0/s) late_pong=20 len_bad=0 disc=0(0x00) | tot_n=7218 tot_to=26 maxever=203133 >2ms=7218 >5ms=7218 >15ms=7126 >20ms=7120 >30ms=608 | probes=7245 wrfail=0 down=0s maxout=0s
 300.506  t=290s RTT mean=59664 min=13469 max=193770 n=17 to=0 | cancels=0(+0/s) late_pong=20 len_bad=0 disc=0(0x00) | tot_n=7235 tot_to=26 maxever=203133 >2ms=7235 >5ms=7235 >15ms=7142 >20ms=7136 >30ms=613 | probes=7262 wrfail=0 down=0s maxout=0s
 300.506  t=291s RTT mean=58788 min=26911 max=193307 n=15 to=0 | cancels=0(+0/s) late_pong=20 len_bad=0 disc=0(0x00) | tot_n=7250 tot_to=26 maxever=203133 >2ms=7250 >5ms=7250 >15ms=7157 >20ms=7151 >30ms=616 | probes=7277 wrfail=0 down=0s maxout=0s
 302.475  t=292s RTT mean=59725 min=26910 max=193303 n=16 to=0 | cancels=0(+0/s) late_pong=20 len_bad=0 disc=0(0x00) | tot_n=7266 tot_to=26 maxever=203133 >2ms=7266 >5ms=7266 >15ms=7173 >20ms=7167 >30ms=620 | probes=7293 wrfail=0 down=0s maxout=0s
 302.528  t=293s RTT mean=59664 min=13469 max=193770 n=17 to=0 | cancels=0(+0/s) late_pong=20 len_bad=0 disc=0(0x00) | tot_n=7283 tot_to=26 maxever=203133 >2ms=7283 >5ms=7283 >15ms=7189 >20ms=7183 >30ms=625 | probes=7310 wrfail=0 down=0s maxout=0s
 304.482  t=294s RTT mean=58787 min=26910 max=193305 n=15 to=0 | cancels=0(+0/s) late_pong=20 len_bad=0 disc=0(0x00) | tot_n=7298 tot_to=26 maxever=203133 >2ms=7298 >5ms=7298 >15ms=7204 >20ms=7198 >30ms=628 | probes=7325 wrfail=0 down=0s maxout=0s
 304.537  t=295s RTT mean=59725 min=26910 max=193306 n=16 to=0 | cancels=0(+0/s) late_pong=20 len_bad=0 disc=0(0x00) | tot_n=7314 tot_to=26 maxever=203133 >2ms=7314 >5ms=7314 >15ms=7220 >20ms=7214 >30ms=632 | probes=7341 wrfail=0 down=0s maxout=0s
 306.507  t=296s RTT mean=59274 min=13404 max=194692 n=17 to=0 | cancels=0(+0/s) late_pong=20 len_bad=0 disc=0(0x00) | tot_n=7331 tot_to=26 maxever=203133 >2ms=7331 >5ms=7331 >15ms=7236 >20ms=7230 >30ms=637 | probes=7358 wrfail=0 down=0s maxout=0s
 306.507  t=297s RTT mean=59213 min=26910 max=193368 n=15 to=0 | cancels=0(+0/s) late_pong=20 len_bad=0 disc=0(0x00) | tot_n=7346 tot_to=26 maxever=203133 >2ms=7346 >5ms=7346 >15ms=7251 >20ms=7245 >30ms=640 | probes=7373 wrfail=0 down=0s maxout=0s
 308.511  t=298s RTT mean=59725 min=26910 max=193303 n=16 to=0 | cancels=0(+0/s) late_pong=20 len_bad=0 disc=0(0x00) | tot_n=7362 tot_to=26 maxever=203133 >2ms=7362 >5ms=7362 >15ms=7267 >20ms=7261 >30ms=644 | probes=7389 wrfail=0 down=0s maxout=0s
 308.511  t=299s RTT mean=44061 min=13419 max=191974 n=14 to=2 | cancels=0(+0/s) late_pong=22 len_bad=0 disc=0(0x00) | tot_n=7376 tot_to=28 maxever=203133 >2ms=7376 >5ms=7376 >15ms=7280 >20ms=7274 >30ms=647 | probes=7405 wrfail=0 down=0s maxout=0s
 310.462  t=300s RTT mean=58694 min=26910 max=193305 n=15 to=0 | cancels=0(+0/s) late_pong=22 len_bad=0 disc=0(0x00) | tot_n=7391 tot_to=28 maxever=203133 >2ms=7391 >5ms=7391 >15ms=7295 >20ms=7289 >30ms=650 | probes=7420 wrfail=0 down=0s maxout=0s
 310.517  PCTL target=100 tot=950 to=7 p50=26 p90=193 p99=193 p99.9=200 max=200 g30=236 g100=173 (ms/counts)
 310.517  LOADRAMP: target=125 KBps for 60s
 310.517  t=301s RTT mean=54443 min=17680 max=200871 n=14 to=1 | cancels=0(+0/s) late_pong=23 len_bad=0 disc=0(0x00) | tot_n=7405 tot_to=29 maxever=203133 >2ms=7405 >5ms=7405 >15ms=7309 >20ms=7302 >30ms=654 | probes=7435 wrfail=0 down=0s maxout=0s
 312.482  t=302s RTT mean=74305 min=13404 max=193692 n=11 to=1 | cancels=0(+0/s) late_pong=24 len_bad=0 disc=0(0x00) | tot_n=7416 tot_to=30 maxever=203133 >2ms=7416 >5ms=7416 >15ms=7319 >20ms=7312 >30ms=658 | probes=7447 wrfail=0 down=0s maxout=0s
 312.537  t=303s RTT mean=81909 min=13482 max=195597 n=11 to=0 | cancels=0(+0/s) late_pong=24 len_bad=0 disc=0(0x00) | tot_n=7427 tot_to=30 maxever=203133 >2ms=7427 >5ms=7427 >15ms=7329 >20ms=7322 >30ms=662 | probes=7458 wrfail=0 down=0s maxout=0s
 314.500  t=304s RTT mean=81681 min=25882 max=193668 n=12 to=0 | cancels=0(+0/s) late_pong=24 len_bad=0 disc=0(0x00) | tot_n=7439 tot_to=30 maxever=203133 >2ms=7439 >5ms=7439 >15ms=7341 >20ms=7334 >30ms=666 | probes=7470 wrfail=0 down=0s maxout=0s
 314.500  t=305s RTT mean=81335 min=26913 max=193769 n=10 to=1 | cancels=0(+0/s) late_pong=24 len_bad=0 disc=0(0x00) | tot_n=7449 tot_to=31 maxever=203133 >2ms=7449 >5ms=7449 >15ms=7351 >20ms=7344 >30ms=670 | probes=7481 wrfail=0 down=0s maxout=0s
 316.468  t=306s RTT mean=69808 min=13478 max=193136 n=10 to=1 | cancels=0(+0/s) late_pong=24 len_bad=0 disc=0(0x00) | tot_n=7459 tot_to=32 maxever=203133 >2ms=7459 >5ms=7459 >15ms=7360 >20ms=7353 >30ms=673 | probes=7492 wrfail=0 down=0s maxout=0s
 316.523  t=307s RTT mean=81695 min=25978 max=193364 n=12 to=0 | cancels=0(+0/s) late_pong=24 len_bad=0 disc=0(0x00) | tot_n=7471 tot_to=32 maxever=203133 >2ms=7471 >5ms=7471 >15ms=7372 >20ms=7365 >30ms=677 | probes=7504 wrfail=0 down=0s maxout=0s
 318.486  t=308s RTT mean=81335 min=26913 max=193769 n=10 to=1 | cancels=0(+0/s) late_pong=24 len_bad=0 disc=0(0x00) | tot_n=7481 tot_to=33 maxever=203133 >2ms=7481 >5ms=7481 >15ms=7382 >20ms=7375 >30ms=681 | probes=7515 wrfail=0 down=0s maxout=0s
 318.486  t=309s RTT mean=69822 min=13483 max=193299 n=10 to=1 | cancels=0(+0/s) late_pong=24 len_bad=0 disc=0(0x00) | tot_n=7491 tot_to=34 maxever=203133 >2ms=7491 >5ms=7491 >15ms=7391 >20ms=7384 >30ms=684 | probes=7526 wrfail=0 down=0s maxout=0s
 320.491  t=310s RTT mean=81693 min=21239 max=199701 n=12 to=0 | cancels=0(+0/s) late_pong=24 len_bad=0 disc=0(0x00) | tot_n=7503 tot_to=34 maxever=203133 >2ms=7503 >5ms=7503 >15ms=7403 >20ms=7396 >30ms=688 | probes=7538 wrfail=0 down=0s maxout=0s
 320.491  t=311s RTT mean=91584 min=26910 max=199768 n=11 to=0 | cancels=0(+0/s) late_pong=24 len_bad=0 disc=0(0x00) | tot_n=7514 tot_to=34 maxever=203133 >2ms=7514 >5ms=7514 >15ms=7414 >20ms=7407 >30ms=693 | probes=7549 wrfail=0 down=0s maxout=0s
 322.515  t=312s RTT mean=82433 min=13405 max=193303 n=11 to=0 | cancels=0(+0/s) late_pong=24 len_bad=0 disc=0(0x00) | tot_n=7525 tot_to=34 maxever=203133 >2ms=7525 >5ms=7525 >15ms=7424 >20ms=7417 >30ms=697 | probes=7560 wrfail=0 down=0s maxout=0s
 322.515  t=313s RTT mean=80669 min=13489 max=194695 n=12 to=0 | cancels=0(+0/s) late_pong=24 len_bad=0 disc=0(0x00) | tot_n=7537 tot_to=34 maxever=203133 >2ms=7537 >5ms=7537 >15ms=7435 >20ms=7428 >30ms=702 | probes=7572 wrfail=0 down=0s maxout=0s
 324.471  t=314s RTT mean=73744 min=13407 max=193304 n=11 to=1 | cancels=0(+0/s) late_pong=25 len_bad=0 disc=0(0x00) | tot_n=7548 tot_to=35 maxever=203133 >2ms=7548 >5ms=7548 >15ms=7445 >20ms=7438 >30ms=706 | probes=7584 wrfail=0 down=0s maxout=0s
 324.527  t=315s RTT mean=82855 min=13404 max=193771 n=11 to=0 | cancels=0(+0/s) late_pong=25 len_bad=0 disc=0(0x00) | tot_n=7559 tot_to=35 maxever=203133 >2ms=7559 >5ms=7559 >15ms=7455 >20ms=7448 >30ms=710 | probes=7595 wrfail=0 down=0s maxout=0s
 326.498  t=316s RTT mean=80669 min=13478 max=193302 n=12 to=0 | cancels=0(+0/s) late_pong=25 len_bad=0 disc=0(0x00) | tot_n=7571 tot_to=35 maxever=203133 >2ms=7571 >5ms=7571 >15ms=7466 >20ms=7459 >30ms=715 | probes=7607 wrfail=0 down=0s maxout=0s
 326.499  t=317s RTT mean=84639 min=19843 max=193306 n=12 to=0 | cancels=0(+0/s) late_pong=25 len_bad=0 disc=0(0x00) | tot_n=7583 tot_to=35 maxever=203133 >2ms=7583 >5ms=7583 >15ms=7478 >20ms=7470 >30ms=720 | probes=7619 wrfail=0 down=0s maxout=0s
 328.466  t=318s RTT mean=82560 min=13406 max=193304 n=11 to=0 | cancels=0(+0/s) late_pong=25 len_bad=0 disc=0(0x00) | tot_n=7594 tot_to=35 maxever=203133 >2ms=7594 >5ms=7594 >15ms=7488 >20ms=7480 >30ms=724 | probes=7630 wrfail=0 down=0s maxout=0s
 328.521  t=319s RTT mean=80669 min=13480 max=193302 n=12 to=0 | cancels=0(+0/s) late_pong=25 len_bad=0 disc=0(0x00) | tot_n=7606 tot_to=35 maxever=203133 >2ms=7606 >5ms=7606 >15ms=7499 >20ms=7491 >30ms=729 | probes=7642 wrfail=0 down=0s maxout=0s
 330.486  t=320s RTT mean=84638 min=19842 max=193305 n=12 to=0 | cancels=0(+0/s) late_pong=25 len_bad=0 disc=0(0x00) | tot_n=7618 tot_to=35 maxever=203133 >2ms=7618 >5ms=7618 >15ms=7511 >20ms=7502 >30ms=734 | probes=7654 wrfail=0 down=0s maxout=0s
 330.541  t=321s RTT mean=78856 min=26910 max=193308 n=9 to=1 | cancels=0(+0/s) late_pong=26 len_bad=0 disc=0(0x00) | tot_n=7627 tot_to=36 maxever=203133 >2ms=7627 >5ms=7627 >15ms=7520 >20ms=7511 >30ms=737 | probes=7664 wrfail=0 down=0s maxout=0s
 332.481  t=322s RTT mean=80705 min=13480 max=193320 n=12 to=0 | cancels=0(+0/s) late_pong=26 len_bad=0 disc=0(0x00) | tot_n=7639 tot_to=36 maxever=203133 >2ms=7639 >5ms=7639 >15ms=7531 >20ms=7522 >30ms=742 | probes=7676 wrfail=0 down=0s maxout=0s
 332.536  t=323s RTT mean=84639 min=19842 max=193306 n=12 to=0 | cancels=0(+0/s) late_pong=26 len_bad=0 disc=0(0x00) | tot_n=7651 tot_to=36 maxever=203133 >2ms=7651 >5ms=7651 >15ms=7543 >20ms=7533 >30ms=747 | probes=7688 wrfail=0 down=0s maxout=0s
 334.496  t=324s RTT mean=78836 min=26910 max=193737 n=9 to=1 | cancels=0(+0/s) late_pong=27 len_bad=0 disc=0(0x00) | tot_n=7660 tot_to=37 maxever=203133 >2ms=7660 >5ms=7660 >15ms=7552 >20ms=7542 >30ms=750 | probes=7698 wrfail=0 down=0s maxout=0s
 334.496  t=325s RTT mean=80708 min=13489 max=195161 n=12 to=0 | cancels=0(+0/s) late_pong=27 len_bad=0 disc=0(0x00) | tot_n=7672 tot_to=37 maxever=203133 >2ms=7672 >5ms=7672 >15ms=7563 >20ms=7553 >30ms=755 | probes=7710 wrfail=0 down=0s maxout=0s
 336.508  t=326s RTT mean=74031 min=13419 max=196991 n=11 to=1 | cancels=0(+0/s) late_pong=28 len_bad=0 disc=0(0x00) | tot_n=7683 tot_to=38 maxever=203133 >2ms=7683 >5ms=7683 >15ms=7573 >20ms=7563 >30ms=759 | probes=7722 wrfail=0 down=0s maxout=0s
 336.508  t=327s RTT mean=82560 min=13403 max=193305 n=11 to=0 | cancels=0(+0/s) late_pong=28 len_bad=0 disc=0(0x00) | tot_n=7694 tot_to=38 maxever=203133 >2ms=7694 >5ms=7694 >15ms=7583 >20ms=7573 >30ms=763 | probes=7733 wrfail=0 down=0s maxout=0s
 338.477  t=328s RTT mean=80667 min=13480 max=193303 n=12 to=0 | cancels=0(+0/s) late_pong=28 len_bad=0 disc=0(0x00) | tot_n=7706 tot_to=38 maxever=203133 >2ms=7706 >5ms=7706 >15ms=7594 >20ms=7584 >30ms=768 | probes=7745 wrfail=0 down=0s maxout=0s
 338.532  t=329s RTT mean=84638 min=19842 max=193306 n=12 to=0 | cancels=0(+0/s) late_pong=28 len_bad=0 disc=0(0x00) | tot_n=7718 tot_to=38 maxever=203133 >2ms=7718 >5ms=7718 >15ms=7606 >20ms=7595 >30ms=773 | probes=7757 wrfail=0 down=0s maxout=0s
 340.507  t=330s RTT mean=78842 min=26910 max=193306 n=9 to=1 | cancels=0(+0/s) late_pong=29 len_bad=0 disc=0(0x00) | tot_n=7727 tot_to=39 maxever=203133 >2ms=7727 >5ms=7727 >15ms=7615 >20ms=7604 >30ms=776 | probes=7767 wrfail=0 down=0s maxout=0s
 340.507  t=331s RTT mean=80679 min=13480 max=193740 n=12 to=0 | cancels=0(+0/s) late_pong=29 len_bad=0 disc=0(0x00) | tot_n=7739 tot_to=39 maxever=203133 >2ms=7739 >5ms=7739 >15ms=7626 >20ms=7615 >30ms=781 | probes=7779 wrfail=0 down=0s maxout=0s
 342.472  t=332s RTT mean=84639 min=19848 max=193306 n=12 to=0 | cancels=0(+0/s) late_pong=29 len_bad=0 disc=0(0x00) | tot_n=7751 tot_to=39 maxever=203133 >2ms=7751 >5ms=7751 >15ms=7638 >20ms=7626 >30ms=786 | probes=7791 wrfail=0 down=0s maxout=0s
 342.527  t=333s RTT mean=82560 min=13402 max=193306 n=11 to=0 | cancels=0(+0/s) late_pong=29 len_bad=0 disc=0(0x00) | tot_n=7762 tot_to=39 maxever=203133 >2ms=7762 >5ms=7762 >15ms=7648 >20ms=7636 >30ms=790 | probes=7802 wrfail=0 down=0s maxout=0s
 344.493  t=334s RTT mean=69717 min=13480 max=193309 n=11 to=1 | cancels=0(+0/s) late_pong=29 len_bad=0 disc=0(0x00) | tot_n=7773 tot_to=40 maxever=203133 >2ms=7773 >5ms=7773 >15ms=7658 >20ms=7646 >30ms=794 | probes=7814 wrfail=0 down=0s maxout=0s
 344.493  t=335s RTT mean=84639 min=19842 max=193306 n=12 to=0 | cancels=0(+0/s) late_pong=29 len_bad=0 disc=0(0x00) | tot_n=7785 tot_to=40 maxever=203133 >2ms=7785 >5ms=7785 >15ms=7670 >20ms=7657 >30ms=799 | probes=7826 wrfail=0 down=0s maxout=0s
 346.518  t=336s RTT mean=82559 min=13402 max=193305 n=11 to=0 | cancels=0(+0/s) late_pong=29 len_bad=0 disc=0(0x00) | tot_n=7796 tot_to=40 maxever=203133 >2ms=7796 >5ms=7796 >15ms=7680 >20ms=7667 >30ms=803 | probes=7837 wrfail=0 down=0s maxout=0s
 346.518  t=337s RTT mean=76957 min=26910 max=193303 n=10 to=1 | cancels=0(+0/s) late_pong=29 len_bad=0 disc=0(0x00) | tot_n=7806 tot_to=41 maxever=203133 >2ms=7806 >5ms=7806 >15ms=7690 >20ms=7677 >30ms=807 | probes=7848 wrfail=0 down=0s maxout=0s
 348.472  t=338s RTT mean=75457 min=13451 max=193768 n=11 to=1 | cancels=0(+0/s) late_pong=30 len_bad=0 disc=0(0x00) | tot_n=7817 tot_to=42 maxever=203133 >2ms=7817 >5ms=7817 >15ms=7700 >20ms=7687 >30ms=811 | probes=7860 wrfail=0 down=0s maxout=0s
 348.527  t=339s RTT mean=89578 min=26910 max=193305 n=10 to=0 | cancels=0(+0/s) late_pong=30 len_bad=0 disc=0(0x00) | tot_n=7827 tot_to=42 maxever=203133 >2ms=7827 >5ms=7827 >15ms=7710 >20ms=7697 >30ms=815 | probes=7870 wrfail=0 down=0s maxout=0s
 350.491  t=340s RTT mean=80708 min=13480 max=193787 n=12 to=0 | cancels=0(+0/s) late_pong=30 len_bad=0 disc=0(0x00) | tot_n=7839 tot_to=42 maxever=203133 >2ms=7839 >5ms=7839 >15ms=7721 >20ms=7708 >30ms=820 | probes=7882 wrfail=0 down=0s maxout=0s
 350.491  t=341s RTT mean=84639 min=19843 max=193305 n=12 to=0 | cancels=0(+0/s) late_pong=30 len_bad=0 disc=0(0x00) | tot_n=7851 tot_to=42 maxever=203133 >2ms=7851 >5ms=7851 >15ms=7733 >20ms=7719 >30ms=825 | probes=7894 wrfail=0 down=0s maxout=0s
 352.493  t=342s RTT mean=78827 min=26909 max=193135 n=9 to=1 | cancels=0(+0/s) late_pong=31 len_bad=0 disc=0(0x00) | tot_n=7860 tot_to=43 maxever=203133 >2ms=7860 >5ms=7860 >15ms=7742 >20ms=7728 >30ms=828 | probes=7904 wrfail=0 down=0s maxout=0s
 352.493  t=343s RTT mean=80696 min=13480 max=193365 n=12 to=0 | cancels=0(+0/s) late_pong=31 len_bad=0 disc=0(0x00) | tot_n=7872 tot_to=43 maxever=203133 >2ms=7872 >5ms=7872 >15ms=7753 >20ms=7739 >30ms=833 | probes=7916 wrfail=0 down=0s maxout=0s
 354.523  t=344s RTT mean=84639 min=19843 max=193305 n=12 to=0 | cancels=0(+0/s) late_pong=31 len_bad=0 disc=0(0x00) | tot_n=7884 tot_to=43 maxever=203133 >2ms=7884 >5ms=7884 >15ms=7765 >20ms=7750 >30ms=838 | probes=7928 wrfail=0 down=0s maxout=0s
 354.523  t=345s RTT mean=78853 min=26910 max=193305 n=9 to=1 | cancels=0(+0/s) late_pong=32 len_bad=0 disc=0(0x00) | tot_n=7893 tot_to=44 maxever=203133 >2ms=7893 >5ms=7893 >15ms=7774 >20ms=7759 >30ms=841 | probes=7938 wrfail=0 down=0s maxout=0s
 356.479  t=346s RTT mean=76994 min=26910 max=193788 n=10 to=1 | cancels=0(+0/s) late_pong=33 len_bad=0 disc=0(0x00) | tot_n=7903 tot_to=45 maxever=203133 >2ms=7903 >5ms=7903 >15ms=7784 >20ms=7769 >30ms=845 | probes=7949 wrfail=0 down=0s maxout=0s
 356.539  t=347s RTT mean=84677 min=19843 max=193768 n=12 to=0 | cancels=0(+0/s) late_pong=33 len_bad=0 disc=0(0x00) | tot_n=7915 tot_to=45 maxever=203133 >2ms=7915 >5ms=7915 >15ms=7796 >20ms=7780 >30ms=850 | probes=7961 wrfail=0 down=0s maxout=0s
 358.478  t=348s RTT mean=78853 min=26910 max=193305 n=9 to=1 | cancels=0(+0/s) late_pong=34 len_bad=0 disc=0(0x00) | tot_n=7924 tot_to=46 maxever=203133 >2ms=7924 >5ms=7924 >15ms=7805 >20ms=7789 >30ms=853 | probes=7971 wrfail=0 down=0s maxout=0s
 358.538  t=349s RTT mean=77041 min=13488 max=193769 n=10 to=1 | cancels=0(+0/s) late_pong=35 len_bad=0 disc=0(0x00) | tot_n=7934 tot_to=47 maxever=203133 >2ms=7934 >5ms=7934 >15ms=7814 >20ms=7798 >30ms=857 | probes=7982 wrfail=0 down=0s maxout=0s
 360.481  t=350s RTT mean=84630 min=12873 max=200270 n=12 to=0 | cancels=0(+0/s) late_pong=35 len_bad=0 disc=0(0x00) | tot_n=7946 tot_to=47 maxever=203133 >2ms=7946 >5ms=7946 >15ms=7825 >20ms=7809 >30ms=862 | probes=7994 wrfail=0 down=0s maxout=0s
 360.536  t=351s RTT mean=82559 min=13404 max=193305 n=11 to=0 | cancels=0(+0/s) late_pong=35 len_bad=0 disc=0(0x00) | tot_n=7957 tot_to=47 maxever=203133 >2ms=7957 >5ms=7957 >15ms=7835 >20ms=7819 >30ms=866 | probes=8005 wrfail=0 down=0s maxout=0s
 362.477  t=352s RTT mean=80670 min=13480 max=193322 n=12 to=0 | cancels=0(+0/s) late_pong=35 len_bad=0 disc=0(0x00) | tot_n=7969 tot_to=47 maxever=203133 >2ms=7969 >5ms=7969 >15ms=7846 >20ms=7830 >30ms=871 | probes=8017 wrfail=0 down=0s maxout=0s
 362.537  t=353s RTT mean=74129 min=13410 max=196914 n=11 to=1 | cancels=0(+0/s) late_pong=35 len_bad=0 disc=0(0x00) | tot_n=7980 tot_to=48 maxever=203133 >2ms=7980 >5ms=7980 >15ms=7856 >20ms=7840 >30ms=875 | probes=8029 wrfail=0 down=0s maxout=0s
 364.506  t=354s RTT mean=78676 min=26910 max=193737 n=9 to=1 | cancels=0(+0/s) late_pong=36 len_bad=0 disc=0(0x00) | tot_n=7989 tot_to=49 maxever=203133 >2ms=7989 >5ms=7989 >15ms=7865 >20ms=7849 >30ms=878 | probes=8039 wrfail=0 down=0s maxout=0s
 364.506  t=355s RTT mean=80708 min=13480 max=193303 n=12 to=0 | cancels=0(+0/s) late_pong=36 len_bad=0 disc=0(0x00) | tot_n=8001 tot_to=49 maxever=203133 >2ms=8001 >5ms=8001 >15ms=7876 >20ms=7860 >30ms=883 | probes=8051 wrfail=0 down=0s maxout=0s
 366.492  t=356s RTT mean=84639 min=19843 max=193305 n=12 to=0 | cancels=0(+0/s) late_pong=36 len_bad=0 disc=0(0x00) | tot_n=8013 tot_to=49 maxever=203133 >2ms=8013 >5ms=8013 >15ms=7888 >20ms=7871 >30ms=888 | probes=8063 wrfail=0 down=0s maxout=0s
 366.552  t=357s RTT mean=82560 min=13404 max=193305 n=11 to=0 | cancels=0(+0/s) late_pong=36 len_bad=0 disc=0(0x00) | tot_n=8024 tot_to=49 maxever=203133 >2ms=8024 >5ms=8024 >15ms=7898 >20ms=7881 >30ms=892 | probes=8074 wrfail=0 down=0s maxout=0s
 368.499  t=358s RTT mean=80670 min=13480 max=193322 n=12 to=0 | cancels=0(+0/s) late_pong=36 len_bad=0 disc=0(0x00) | tot_n=8036 tot_to=49 maxever=203133 >2ms=8036 >5ms=8036 >15ms=7909 >20ms=7892 >30ms=897 | probes=8086 wrfail=0 down=0s maxout=0s
 368.499  t=359s RTT mean=83853 min=17054 max=194698 n=12 to=0 | cancels=0(+0/s) late_pong=36 len_bad=0 disc=0(0x00) | tot_n=8048 tot_to=49 maxever=203133 >2ms=8048 >5ms=8048 >15ms=7921 >20ms=7903 >30ms=902 | probes=8098 wrfail=0 down=0s maxout=0s
 370.501  t=360s RTT mean=83417 min=13410 max=201337 n=11 to=0 | cancels=0(+0/s) late_pong=36 len_bad=0 disc=0(0x00) | tot_n=8059 tot_to=49 maxever=203133 >2ms=8059 >5ms=8059 >15ms=7931 >20ms=7913 >30ms=906 | probes=8109 wrfail=0 down=0s maxout=0s
 370.501  PCTL target=125 tot=664 to=21 p50=26 p90=193 p99=195 p99.9=200 max=201 g30=256 g100=219 (ms/counts)
 370.501  LOADRAMP: target=150 KBps for 60s
 370.561  t=361s RTT mean=76945 min=26909 max=193062 n=10 to=1 | cancels=0(+0/s) late_pong=37 len_bad=0 disc=0(0x00) | tot_n=8069 tot_to=50 maxever=203133 >2ms=8069 >5ms=8069 >15ms=7941 >20ms=7923 >30ms=910 | probes=8120 wrfail=0 down=0s maxout=0s
 372.499  t=362s RTT mean=146020 min=27942 max=193768 n=7 to=0 | cancels=0(+0/s) late_pong=37 len_bad=0 disc=0(0x00) | tot_n=8076 tot_to=50 maxever=203133 >2ms=8076 >5ms=8076 >15ms=7948 >20ms=7930 >30ms=916 | probes=8127 wrfail=0 down=0s maxout=0s
 372.499  t=363s RTT mean=155409 min=27941 max=195133 n=6 to=0 | cancels=0(+0/s) late_pong=37 len_bad=0 disc=0(0x00) | tot_n=8082 tot_to=50 maxever=203133 >2ms=8082 >5ms=8082 >15ms=7954 >20ms=7936 >30ms=921 | probes=8133 wrfail=0 down=0s maxout=0s
 374.482  t=364s RTT mean=122606 min=13488 max=193786 n=8 to=0 | cancels=0(+0/s) late_pong=37 len_bad=0 disc=0(0x00) | tot_n=8090 tot_to=50 maxever=203133 >2ms=8090 >5ms=8090 >15ms=7961 >20ms=7942 >30ms=926 | probes=8141 wrfail=0 down=0s maxout=0s
 374.542  t=365s RTT mean=145953 min=27942 max=193305 n=7 to=0 | cancels=0(+0/s) late_pong=37 len_bad=0 disc=0(0x00) | tot_n=8097 tot_to=50 maxever=203133 >2ms=8097 >5ms=8097 >15ms=7968 >20ms=7949 >30ms=932 | probes=8148 wrfail=0 down=0s maxout=0s
 376.497  t=366s RTT mean=155399 min=27945 max=196092 n=6 to=0 | cancels=0(+0/s) late_pong=37 len_bad=0 disc=0(0x00) | tot_n=8103 tot_to=50 maxever=203133 >2ms=8103 >5ms=8103 >15ms=7974 >20ms=7955 >30ms=937 | probes=8154 wrfail=0 down=0s maxout=0s
 376.497  t=367s RTT mean=145136 min=51828 max=200334 n=4 to=2 | cancels=0(+0/s) late_pong=38 len_bad=0 disc=0(0x00) | tot_n=8107 tot_to=52 maxever=203133 >2ms=8107 >5ms=8107 >15ms=7978 >20ms=7959 >30ms=941 | probes=8160 wrfail=0 down=0s maxout=0s
 378.493  t=368s RTT mean=146020 min=27942 max=193768 n=7 to=0 | cancels=0(+0/s) late_pong=38 len_bad=0 disc=0(0x00) | tot_n=8114 tot_to=52 maxever=203133 >2ms=8114 >5ms=8114 >15ms=7985 >20ms=7966 >30ms=947 | probes=8167 wrfail=0 down=0s maxout=0s
 378.553  t=369s RTT mean=155436 min=28002 max=198087 n=6 to=0 | cancels=0(+0/s) late_pong=38 len_bad=0 disc=0(0x00) | tot_n=8120 tot_to=52 maxever=203133 >2ms=8120 >5ms=8120 >15ms=7991 >20ms=7972 >30ms=952 | probes=8173 wrfail=0 down=0s maxout=0s
 380.505  t=370s RTT mean=130275 min=18445 max=193365 n=6 to=1 | cancels=0(+0/s) late_pong=39 len_bad=0 disc=0(0x00) | tot_n=8126 tot_to=53 maxever=203133 >2ms=8126 >5ms=8126 >15ms=7997 >20ms=7977 >30ms=956 | probes=8180 wrfail=0 down=0s maxout=0s
 380.505  t=371s RTT mean=137534 min=13465 max=193769 n=6 to=1 | cancels=0(+0/s) late_pong=40 len_bad=0 disc=0(0x00) | tot_n=8132 tot_to=54 maxever=203133 >2ms=8132 >5ms=8132 >15ms=8002 >20ms=7982 >30ms=961 | probes=8187 wrfail=0 down=0s maxout=0s
 382.517  t=372s RTT mean=145387 min=28001 max=193739 n=5 to=1 | cancels=0(+0/s) late_pong=41 len_bad=0 disc=0(0x00) | tot_n=8137 tot_to=55 maxever=203133 >2ms=8137 >5ms=8137 >15ms=8007 >20ms=7987 >30ms=965 | probes=8193 wrfail=0 down=0s maxout=0s
 382.517  t=373s RTT mean=122563 min=13489 max=193770 n=8 to=0 | cancels=0(+0/s) late_pong=41 len_bad=0 disc=0(0x00) | tot_n=8145 tot_to=55 maxever=203133 >2ms=8145 >5ms=8145 >15ms=8014 >20ms=7994 >30ms=970 | probes=8201 wrfail=0 down=0s maxout=0s
 384.513  t=374s RTT mean=145954 min=27942 max=193305 n=7 to=0 | cancels=0(+0/s) late_pong=41 len_bad=0 disc=0(0x00) | tot_n=8152 tot_to=55 maxever=203133 >2ms=8152 >5ms=8152 >15ms=8021 >20ms=8001 >30ms=976 | probes=8208 wrfail=0 down=0s maxout=0s
 384.513  t=375s RTT mean=132812 min=13429 max=193737 n=7 to=0 | cancels=0(+0/s) late_pong=41 len_bad=0 disc=0(0x00) | tot_n=8159 tot_to=55 maxever=203133 >2ms=8159 >5ms=8159 >15ms=8027 >20ms=8007 >30ms=981 | probes=8215 wrfail=0 down=0s maxout=0s
 386.499  t=376s RTT mean=140412 min=28025 max=196913 n=7 to=0 | cancels=0(+0/s) late_pong=41 len_bad=0 disc=0(0x00) | tot_n=8166 tot_to=55 maxever=203133 >2ms=8166 >5ms=8166 >15ms=8034 >20ms=8014 >30ms=987 | probes=8222 wrfail=0 down=0s maxout=0s
 386.499  t=377s RTT mean=147129 min=13405 max=203584 n=7 to=0 | cancels=0(+0/s) late_pong=41 len_bad=0 disc=0(0x00) | tot_n=8173 tot_to=55 maxever=203584 >2ms=8173 >5ms=8173 >15ms=8040 >20ms=8020 >30ms=993 | probes=8229 wrfail=0 down=0s maxout=0s
 388.503  t=378s RTT mean=154087 min=27945 max=196087 n=6 to=0 | cancels=0(+0/s) late_pong=41 len_bad=0 disc=0(0x00) | tot_n=8179 tot_to=55 maxever=203584 >2ms=8179 >5ms=8179 >15ms=8046 >20ms=8026 >30ms=998 | probes=8235 wrfail=0 down=0s maxout=0s
 388.503  t=379s RTT mean=116276 min=13489 max=193302 n=5 to=2 | cancels=0(+0/s) late_pong=41 len_bad=0 disc=0(0x00) | tot_n=8184 tot_to=57 maxever=203584 >2ms=8184 >5ms=8184 >15ms=8050 >20ms=8030 >30ms=1002 | probes=8242 wrfail=0 down=0s maxout=0s
 390.520  t=380s RTT mean=145954 min=27942 max=193305 n=7 to=0 | cancels=0(+0/s) late_pong=41 len_bad=0 disc=0(0x00) | tot_n=8191 tot_to=57 maxever=203584 >2ms=8191 >5ms=8191 >15ms=8057 >20ms=8037 >30ms=1008 | probes=8249 wrfail=0 down=0s maxout=0s
 390.520  t=381s RTT mean=132812 min=13429 max=193741 n=7 to=0 | cancels=0(+0/s) late_pong=41 len_bad=0 disc=0(0x00) | tot_n=8198 tot_to=57 maxever=203584 >2ms=8198 >5ms=8198 >15ms=8063 >20ms=8043 >30ms=1013 | probes=8256 wrfail=0 down=0s maxout=0s
 392.476  t=382s RTT mean=122533 min=13489 max=193365 n=8 to=0 | cancels=0(+0/s) late_pong=41 len_bad=0 disc=0(0x00) | tot_n=8206 tot_to=57 maxever=203584 >2ms=8206 >5ms=8206 >15ms=8070 >20ms=8050 >30ms=1018 | probes=8264 wrfail=0 down=0s maxout=0s
 392.527  t=383s RTT mean=146549 min=13465 max=193305 n=7 to=0 | cancels=0(+0/s) late_pong=41 len_bad=0 disc=0(0x00) | tot_n=8213 tot_to=57 maxever=203584 >2ms=8213 >5ms=8213 >15ms=8076 >20ms=8056 >30ms=1024 | probes=8271 wrfail=0 down=0s maxout=0s
 394.478  t=384s RTT mean=132230 min=13428 max=193769 n=7 to=0 | cancels=0(+0/s) late_pong=41 len_bad=0 disc=0(0x00) | tot_n=8220 tot_to=57 maxever=203584 >2ms=8220 >5ms=8220 >15ms=8082 >20ms=8062 >30ms=1029 | probes=8278 wrfail=0 down=0s maxout=0s
 394.539  t=385s RTT mean=130274 min=28025 max=193301 n=6 to=1 | cancels=0(+0/s) late_pong=41 len_bad=0 disc=0(0x00) | tot_n=8226 tot_to=58 maxever=203584 >2ms=8226 >5ms=8226 >15ms=8088 >20ms=8068 >30ms=1034 | probes=8285 wrfail=0 down=0s maxout=0s
 396.535  t=386s RTT mean=147962 min=13465 max=193769 n=7 to=0 | cancels=0(+0/s) late_pong=41 len_bad=0 disc=0(0x00) | tot_n=8233 tot_to=58 maxever=203584 >2ms=8233 >5ms=8233 >15ms=8094 >20ms=8074 >30ms=1040 | probes=8292 wrfail=0 down=0s maxout=0s
 396.535  t=387s RTT mean=153114 min=27936 max=193364 n=6 to=0 | cancels=0(+0/s) late_pong=41 len_bad=0 disc=0(0x00) | tot_n=8239 tot_to=58 maxever=203584 >2ms=8239 >5ms=8239 >15ms=8100 >20ms=8080 >30ms=1045 | probes=8298 wrfail=0 down=0s maxout=0s
 398.523  t=388s RTT mean=122607 min=13489 max=193787 n=8 to=0 | cancels=0(+0/s) late_pong=41 len_bad=0 disc=0(0x00) | tot_n=8247 tot_to=58 maxever=203584 >2ms=8247 >5ms=8247 >15ms=8107 >20ms=8086 >30ms=1050 | probes=8306 wrfail=0 down=0s maxout=0s
 398.523  t=389s RTT mean=146813 min=13413 max=200267 n=7 to=0 | cancels=0(+0/s) late_pong=41 len_bad=0 disc=0(0x00) | tot_n=8254 tot_to=58 maxever=203584 >2ms=8254 >5ms=8254 >15ms=8113 >20ms=8092 >30ms=1056 | probes=8313 wrfail=0 down=0s maxout=0s
 400.525  t=390s RTT mean=145055 min=27936 max=195858 n=5 to=1 | cancels=0(+0/s) late_pong=41 len_bad=0 disc=0(0x00) | tot_n=8259 tot_to=59 maxever=203584 >2ms=8259 >5ms=8259 >15ms=8118 >20ms=8097 >30ms=1060 | probes=8319 wrfail=0 down=0s maxout=0s
 400.525  t=391s RTT mean=140495 min=28025 max=193304 n=7 to=0 | cancels=0(+0/s) late_pong=41 len_bad=0 disc=0(0x00) | tot_n=8266 tot_to=59 maxever=203584 >2ms=8266 >5ms=8266 >15ms=8125 >20ms=8104 >30ms=1066 | probes=8326 wrfail=0 down=0s maxout=0s
 402.490  t=392s RTT mean=193169 min=191043 max=195162 n=3 to=2 | cancels=0(+0/s) late_pong=43 len_bad=0 disc=0(0x00) | tot_n=8269 tot_to=61 maxever=203584 >2ms=8269 >5ms=8269 >15ms=8128 >20ms=8107 >30ms=1069 | probes=8331 wrfail=0 down=0s maxout=0s
 402.544  t=393s RTT mean=163321 min=28006 max=193303 n=6 to=0 | cancels=0(+0/s) late_pong=43 len_bad=0 disc=0(0x00) | tot_n=8275 tot_to=61 maxever=203584 >2ms=8275 >5ms=8275 >15ms=8134 >20ms=8113 >30ms=1074 | probes=8337 wrfail=0 down=0s maxout=0s
 404.509  t=394s RTT mean=122563 min=10879 max=193664 n=8 to=0 | cancels=0(+0/s) late_pong=43 len_bad=0 disc=0(0x00) | tot_n=8283 tot_to=61 maxever=203584 >2ms=8283 >5ms=8283 >15ms=8140 >20ms=8119 >30ms=1079 | probes=8345 wrfail=0 down=0s maxout=0s
 404.509  t=395s RTT mean=146513 min=13423 max=200333 n=7 to=0 | cancels=0(+0/s) late_pong=43 len_bad=0 disc=0(0x00) | tot_n=8290 tot_to=61 maxever=203584 >2ms=8290 >5ms=8290 >15ms=8146 >20ms=8125 >30ms=1085 | probes=8352 wrfail=0 down=0s maxout=0s
 406.532  t=396s RTT mean=145400 min=27936 max=193769 n=5 to=1 | cancels=0(+0/s) late_pong=43 len_bad=0 disc=0(0x00) | tot_n=8295 tot_to=62 maxever=203584 >2ms=8295 >5ms=8295 >15ms=8151 >20ms=8130 >30ms=1089 | probes=8358 wrfail=0 down=0s maxout=0s
 406.532  t=397s RTT mean=140495 min=28025 max=193768 n=7 to=0 | cancels=0(+0/s) late_pong=43 len_bad=0 disc=0(0x00) | tot_n=8302 tot_to=62 maxever=203584 >2ms=8302 >5ms=8302 >15ms=8158 >20ms=8137 >30ms=1095 | probes=8365 wrfail=0 down=0s maxout=0s
 408.494  t=398s RTT mean=146615 min=13465 max=193769 n=7 to=0 | cancels=0(+0/s) late_pong=43 len_bad=0 disc=0(0x00) | tot_n=8309 tot_to=62 maxever=203584 >2ms=8309 >5ms=8309 >15ms=8164 >20ms=8143 >30ms=1101 | probes=8372 wrfail=0 down=0s maxout=0s
 408.548  t=399s RTT mean=132229 min=13427 max=193769 n=7 to=0 | cancels=0(+0/s) late_pong=43 len_bad=0 disc=0(0x00) | tot_n=8316 tot_to=62 maxever=203584 >2ms=8316 >5ms=8316 >15ms=8170 >20ms=8149 >30ms=1106 | probes=8379 wrfail=0 down=0s maxout=0s
 410.535  t=400s RTT mean=130356 min=13481 max=193770 n=6 to=1 | cancels=0(+0/s) late_pong=44 len_bad=0 disc=0(0x00) | tot_n=8322 tot_to=63 maxever=203584 >2ms=8322 >5ms=8322 >15ms=8175 >20ms=8154 >30ms=1111 | probes=8386 wrfail=0 down=0s maxout=0s
 410.535  t=401s RTT mean=145955 min=27971 max=193306 n=7 to=0 | cancels=0(+0/s) late_pong=44 len_bad=0 disc=0(0x00) | tot_n=8329 tot_to=63 maxever=203584 >2ms=8329 >5ms=8329 >15ms=8182 >20ms=8161 >30ms=1117 | probes=8393 wrfail=0 down=0s maxout=0s
 412.532  t=402s RTT mean=155412 min=27959 max=199776 n=6 to=0 | cancels=0(+0/s) late_pong=44 len_bad=0 disc=0(0x00) | tot_n=8335 tot_to=63 maxever=203584 >2ms=8335 >5ms=8335 >15ms=8188 >20ms=8167 >30ms=1122 | probes=8399 wrfail=0 down=0s maxout=0s
 412.532  t=403s RTT mean=122569 min=13489 max=193739 n=8 to=0 | cancels=0(+0/s) late_pong=44 len_bad=0 disc=0(0x00) | tot_n=8343 tot_to=63 maxever=203584 >2ms=8343 >5ms=8343 >15ms=8195 >20ms=8174 >30ms=1127 | probes=8407 wrfail=0 down=0s maxout=0s
 414.488  t=404s RTT mean=146836 min=13423 max=196092 n=7 to=0 | cancels=0(+0/s) late_pong=44 len_bad=0 disc=0(0x00) | tot_n=8350 tot_to=63 maxever=203584 >2ms=8350 >5ms=8350 >15ms=8201 >20ms=8180 >30ms=1133 | probes=8414 wrfail=0 down=0s maxout=0s
 414.548  t=405s RTT mean=154397 min=27941 max=195165 n=6 to=0 | cancels=0(+0/s) late_pong=44 len_bad=0 disc=0(0x00) | tot_n=8356 tot_to=63 maxever=203584 >2ms=8356 >5ms=8356 >15ms=8207 >20ms=8186 >30ms=1138 | probes=8420 wrfail=0 down=0s maxout=0s
 416.482  t=406s RTT mean=122606 min=13489 max=193788 n=8 to=0 | cancels=0(+0/s) late_pong=44 len_bad=0 disc=0(0x00) | tot_n=8364 tot_to=63 maxever=203584 >2ms=8364 >5ms=8364 >15ms=8214 >20ms=8192 >30ms=1143 | probes=8428 wrfail=0 down=0s maxout=0s
 416.540  t=407s RTT mean=147287 min=13451 max=198938 n=7 to=0 | cancels=0(+0/s) late_pong=44 len_bad=0 disc=0(0x00) | tot_n=8371 tot_to=63 maxever=203584 >2ms=8371 >5ms=8371 >15ms=8220 >20ms=8198 >30ms=1149 | probes=8435 wrfail=0 down=0s maxout=0s
 418.528  t=408s RTT mean=131504 min=13427 max=193306 n=7 to=0 | cancels=0(+0/s) late_pong=44 len_bad=0 disc=0(0x00) | tot_n=8378 tot_to=63 maxever=203584 >2ms=8378 >5ms=8378 >15ms=8226 >20ms=8204 >30ms=1154 | probes=8442 wrfail=0 down=0s maxout=0s
 418.528  t=409s RTT mean=122528 min=13489 max=193363 n=8 to=0 | cancels=0(+0/s) late_pong=44 len_bad=0 disc=0(0x00) | tot_n=8386 tot_to=63 maxever=203584 >2ms=8386 >5ms=8386 >15ms=8233 >20ms=8211 >30ms=1159 | probes=8450 wrfail=0 down=0s maxout=0s
 420.489  t=410s RTT mean=137457 min=13465 max=194699 n=6 to=1 | cancels=0(+0/s) late_pong=45 len_bad=0 disc=0(0x00) | tot_n=8392 tot_to=64 maxever=203584 >2ms=8392 >5ms=8392 >15ms=8238 >20ms=8216 >30ms=1164 | probes=8457 wrfail=0 down=0s maxout=0s
 420.549  t=411s RTT mean=154704 min=27960 max=198871 n=6 to=0 | cancels=0(+0/s) late_pong=45 len_bad=0 disc=0(0x00) | tot_n=8398 tot_to=64 maxever=203584 >2ms=8398 >5ms=8398 >15ms=8244 >20ms=8222 >30ms=1169 | probes=8463 wrfail=0 down=0s maxout=0s
 422.483  t=412s RTT mean=140492 min=28025 max=201352 n=7 to=0 | cancels=0(+0/s) late_pong=45 len_bad=0 disc=0(0x00) | tot_n=8405 tot_to=64 maxever=203584 >2ms=8405 >5ms=8405 >15ms=8251 >20ms=8229 >30ms=1175 | probes=8470 wrfail=0 down=0s maxout=0s
 422.543  t=413s RTT mean=138159 min=13406 max=196985 n=6 to=1 | cancels=0(+0/s) late_pong=45 len_bad=0 disc=0(0x00) | tot_n=8411 tot_to=65 maxever=203584 >2ms=8411 >5ms=8411 >15ms=8256 >20ms=8234 >30ms=1180 | probes=8477 wrfail=0 down=0s maxout=0s
 424.526  t=414s RTT mean=144728 min=13461 max=193371 n=5 to=1 | cancels=0(+0/s) late_pong=46 len_bad=0 disc=0(0x00) | tot_n=8416 tot_to=66 maxever=203584 >2ms=8416 >5ms=8416 >15ms=8260 >20ms=8238 >30ms=1184 | probes=8483 wrfail=0 down=0s maxout=0s
 424.526  t=415s RTT mean=130301 min=26925 max=193768 n=6 to=1 | cancels=0(+0/s) late_pong=47 len_bad=0 disc=0(0x00) | tot_n=8422 tot_to=67 maxever=203584 >2ms=8422 >5ms=8422 >15ms=8266 >20ms=8244 >30ms=1188 | probes=8490 wrfail=0 down=0s maxout=0s
 426.500  t=416s RTT mean=146617 min=13464 max=193769 n=7 to=0 | cancels=0(+0/s) late_pong=47 len_bad=0 disc=0(0x00) | tot_n=8429 tot_to=67 maxever=203584 >2ms=8429 >5ms=8429 >15ms=8272 >20ms=8250 >30ms=1194 | probes=8497 wrfail=0 down=0s maxout=0s
 426.560  t=417s RTT mean=132230 min=13428 max=193768 n=7 to=0 | cancels=0(+0/s) late_pong=47 len_bad=0 disc=0(0x00) | tot_n=8436 tot_to=67 maxever=203584 >2ms=8436 >5ms=8436 >15ms=8278 >20ms=8256 >30ms=1199 | probes=8504 wrfail=0 down=0s maxout=0s
 428.494  t=418s RTT mean=128797 min=50447 max=193320 n=5 to=2 | cancels=0(+0/s) late_pong=49 len_bad=0 disc=0(0x00) | tot_n=8441 tot_to=69 maxever=203584 >2ms=8441 >5ms=8441 >15ms=8283 >20ms=8261 >30ms=1204 | probes=8511 wrfail=0 down=0s maxout=0s
 428.545  t=419s RTT mean=137581 min=27942 max=193305 n=7 to=0 | cancels=0(+0/s) late_pong=49 len_bad=0 disc=0(0x00) | tot_n=8448 tot_to=69 maxever=203584 >2ms=8448 >5ms=8448 >15ms=8290 >20ms=8268 >30ms=1210 | probes=8518 wrfail=0 down=0s maxout=0s
 430.525  t=420s RTT mean=175857 min=140852 max=193739 n=3 to=2 | cancels=0(+0/s) late_pong=50 len_bad=0 disc=0(0x00) | tot_n=8451 tot_to=71 maxever=203584 >2ms=8451 >5ms=8451 >15ms=8293 >20ms=8271 >30ms=1213 | probes=8523 wrfail=0 down=0s maxout=0s
 430.525  PCTL target=150 tot=390 to=21 p50=193 p90=193 p99=200 p99.9=201 max=203 g30=309 g100=279 (ms/counts)
 430.525  LOADRAMP: cycle complete
 430.525  LOADRAMP: target=0 KBps for 60s
 430.525  t=421s RTT mean=97721 min=26449 max=193303 n=11 to=0 | cancels=0(+0/s) late_pong=50 len_bad=0 disc=0(0x00) | tot_n=8462 tot_to=71 maxever=203584 >2ms=8462 >5ms=8462 >15ms=8304 >20ms=8282 >30ms=1219 | probes=8534 wrfail=0 down=0s maxout=0s
 432.527  t=422s RTT mean=26913 min=26905 max=26933 n=34 to=0 | cancels=0(+0/s) late_pong=50 len_bad=0 disc=0(0x00) | tot_n=8496 tot_to=71 maxever=203584 >2ms=8496 >5ms=8496 >15ms=8338 >20ms=8316 >30ms=1219 | probes=8568 wrfail=0 down=0s maxout=0s
 432.527  t=423s RTT mean=26913 min=26910 max=26921 n=33 to=0 | cancels=0(+0/s) late_pong=50 len_bad=0 disc=0(0x00) | tot_n=8529 tot_to=71 maxever=203584 >2ms=8529 >5ms=8529 >15ms=8371 >20ms=8349 >30ms=1219 | probes=8601 wrfail=0 down=0s maxout=0s
 434.521  t=424s RTT mean=26913 min=26908 max=26928 n=33 to=0 | cancels=0(+0/s) late_pong=50 len_bad=0 disc=0(0x00) | tot_n=8562 tot_to=71 maxever=203584 >2ms=8562 >5ms=8562 >15ms=8404 >20ms=8382 >30ms=1219 | probes=8634 wrfail=0 down=0s maxout=0s
 434.521  t=425s RTT mean=26912 min=26907 max=26922 n=34 to=0 | cancels=0(+0/s) late_pong=50 len_bad=0 disc=0(0x00) | tot_n=8596 tot_to=71 maxever=203584 >2ms=8596 >5ms=8596 >15ms=8438 >20ms=8416 >30ms=1219 | probes=8668 wrfail=0 down=0s maxout=0s
 436.511  t=426s RTT mean=26913 min=26909 max=26927 n=33 to=0 | cancels=0(+0/s) late_pong=50 len_bad=0 disc=0(0x00) | tot_n=8629 tot_to=71 maxever=203584 >2ms=8629 >5ms=8629 >15ms=8471 >20ms=8449 >30ms=1219 | probes=8701 wrfail=0 down=0s maxout=0s
 436.511  t=427s RTT mean=26913 min=26908 max=26922 n=33 to=0 | cancels=0(+0/s) late_pong=50 len_bad=0 disc=0(0x00) | tot_n=8662 tot_to=71 maxever=203584 >2ms=8662 >5ms=8662 >15ms=8504 >20ms=8482 >30ms=1219 | probes=8734 wrfail=0 down=0s maxout=0s
 438.527  t=428s RTT mean=26913 min=26905 max=26933 n=34 to=0 | cancels=0(+0/s) late_pong=50 len_bad=0 disc=0(0x00) | tot_n=8696 tot_to=71 maxever=203584 >2ms=8696 >5ms=8696 >15ms=8538 >20ms=8516 >30ms=1219 | probes=8768 wrfail=0 down=0s maxout=0s
 438.527  t=429s RTT mean=26912 min=26909 max=26921 n=33 to=0 | cancels=0(+0/s) late_pong=50 len_bad=0 disc=0(0x00) | tot_n=8729 tot_to=71 maxever=203584 >2ms=8729 >5ms=8729 >15ms=8571 >20ms=8549 >30ms=1219 | probes=8801 wrfail=0 down=0s maxout=0s
 440.534  t=430s RTT mean=26913 min=26908 max=26927 n=33 to=0 | cancels=0(+0/s) late_pong=50 len_bad=0 disc=0(0x00) | tot_n=8762 tot_to=71 maxever=203584 >2ms=8762 >5ms=8762 >15ms=8604 >20ms=8582 >30ms=1219 | probes=8834 wrfail=0 down=0s maxout=0s
 440.534  t=431s RTT mean=26912 min=26907 max=26922 n=34 to=0 | cancels=0(+0/s) late_pong=50 len_bad=0 disc=0(0x00) | tot_n=8796 tot_to=71 maxever=203584 >2ms=8796 >5ms=8796 >15ms=8638 >20ms=8616 >30ms=1219 | probes=8868 wrfail=0 down=0s maxout=0s
 442.519  t=432s RTT mean=26913 min=26909 max=26929 n=33 to=0 | cancels=0(+0/s) late_pong=50 len_bad=0 disc=0(0x00) | tot_n=8829 tot_to=71 maxever=203584 >2ms=8829 >5ms=8829 >15ms=8671 >20ms=8649 >30ms=1219 | probes=8901 wrfail=0 down=0s maxout=0s
 442.519  t=433s RTT mean=26913 min=26908 max=26922 n=33 to=0 | cancels=0(+0/s) late_pong=50 len_bad=0 disc=0(0x00) | tot_n=8862 tot_to=71 maxever=203584 >2ms=8862 >5ms=8862 >15ms=8704 >20ms=8682 >30ms=1219 | probes=8934 wrfail=0 down=0s maxout=0s
 444.491  t=434s RTT mean=26913 min=26905 max=26935 n=34 to=0 | cancels=0(+0/s) late_pong=50 len_bad=0 disc=0(0x00) | tot_n=8896 tot_to=71 maxever=203584 >2ms=8896 >5ms=8896 >15ms=8738 >20ms=8716 >30ms=1219 | probes=8968 wrfail=0 down=0s maxout=0s
 444.549  t=435s RTT mean=26912 min=26909 max=26922 n=33 to=0 | cancels=0(+0/s) late_pong=50 len_bad=0 disc=0(0x00) | tot_n=8929 tot_to=71 maxever=203584 >2ms=8929 >5ms=8929 >15ms=8771 >20ms=8749 >30ms=1219 | probes=9001 wrfail=0 down=0s maxout=0s
 446.539  t=436s RTT mean=26913 min=26449 max=27374 n=33 to=0 | cancels=0(+0/s) late_pong=50 len_bad=0 disc=0(0x00) | tot_n=8962 tot_to=71 maxever=203584 >2ms=8962 >5ms=8962 >15ms=8804 >20ms=8782 >30ms=1219 | probes=9034 wrfail=0 down=0s maxout=0s
 446.539  t=437s RTT mean=26912 min=26909 max=26922 n=34 to=0 | cancels=0(+0/s) late_pong=50 len_bad=0 disc=0(0x00) | tot_n=8996 tot_to=71 maxever=203584 >2ms=8996 >5ms=8996 >15ms=8838 >20ms=8816 >30ms=1219 | probes=9068 wrfail=0 down=0s maxout=0s
 448.504  t=438s RTT mean=26913 min=26909 max=26927 n=33 to=0 | cancels=0(+0/s) late_pong=50 len_bad=0 disc=0(0x00) | tot_n=9029 tot_to=71 maxever=203584 >2ms=9029 >5ms=9029 >15ms=8871 >20ms=8849 >30ms=1219 | probes=9101 wrfail=0 down=0s maxout=0s
 448.504  t=439s RTT mean=26913 min=26899 max=26926 n=33 to=0 | cancels=0(+0/s) late_pong=50 len_bad=0 disc=0(0x00) | tot_n=9062 tot_to=71 maxever=203584 >2ms=9062 >5ms=9062 >15ms=8904 >20ms=8882 >30ms=1219 | probes=9134 wrfail=0 down=0s maxout=0s
 450.493  t=440s RTT mean=26913 min=26905 max=26928 n=34 to=0 | cancels=0(+0/s) late_pong=50 len_bad=0 disc=0(0x00) | tot_n=9096 tot_to=71 maxever=203584 >2ms=9096 >5ms=9096 >15ms=8938 >20ms=8916 >30ms=1219 | probes=9168 wrfail=0 down=0s maxout=0s
 450.553  t=441s RTT mean=26913 min=26909 max=26923 n=33 to=0 | cancels=0(+0/s) late_pong=50 len_bad=0 disc=0(0x00) | tot_n=9129 tot_to=71 maxever=203584 >2ms=9129 >5ms=9129 >15ms=8971 >20ms=8949 >30ms=1219 | probes=9201 wrfail=0 down=0s maxout=0s
 452.494  t=442s RTT mean=26913 min=26909 max=26923 n=33 to=0 | cancels=0(+0/s) late_pong=50 len_bad=0 disc=0(0x00) | tot_n=9162 tot_to=71 maxever=203584 >2ms=9162 >5ms=9162 >15ms=9004 >20ms=8982 >30ms=1219 | probes=9234 wrfail=0 down=0s maxout=0s
 452.547  t=443s RTT mean=26913 min=26804 max=27022 n=34 to=0 | cancels=0(+0/s) late_pong=50 len_bad=0 disc=0(0x00) | tot_n=9196 tot_to=71 maxever=203584 >2ms=9196 >5ms=9196 >15ms=9038 >20ms=9016 >30ms=1219 | probes=9268 wrfail=0 down=0s maxout=0s
 454.534  t=444s RTT mean=26913 min=26909 max=26928 n=33 to=0 | cancels=0(+0/s) late_pong=50 len_bad=0 disc=0(0x00) | tot_n=9229 tot_to=71 maxever=203584 >2ms=9229 >5ms=9229 >15ms=9071 >20ms=9049 >30ms=1219 | probes=9301 wrfail=0 down=0s maxout=0s
 454.534  t=445s RTT mean=26913 min=26909 max=26923 n=34 to=0 | cancels=0(+0/s) late_pong=50 len_bad=0 disc=0(0x00) | tot_n=9263 tot_to=71 maxever=203584 >2ms=9263 >5ms=9263 >15ms=9105 >20ms=9083 >30ms=1219 | probes=9334 wrfail=0 down=0s maxout=0s
