   0.659  *** Booting Zephyr OS build v4.4.1-16-gea6c334d1326 ***
   0.660  [00:00:00.002,978] [0m<inf> bt_hci_core: HW Platform: Nordic Semiconductor (0x0002)[0m
   0.660  [00:00:00.002,990] [0m<inf> bt_hci_core: HW Variant: nRF54Lx (0x0005)[0m
   0.825  [00:00:00.003,001] [0m<inf> bt_hci_core: Firmware: Standard Bluetooth controller (0x00) Version 4.4 Build 1[0m
   0.825  [00:00:00.003,386] [0m<inf> bt_hci_core: HCI transport: Controller[0m
   0.825  [00:00:00.003,432] [0m<inf> bt_hci_core: Identity: D6:C7:60:B1:D3:0E (random)[0m
   0.880  [00:00:00.003,448] [0m<inf> bt_hci_core: HCI: version 5.4 (0x0d) revision 0x0000, manufacturer 0x05f1[0m
   0.880  [00:00:00.003,463] [0m<inf> bt_hci_core: LMP: version 5.4 (0x0d) subver 0xffff[0m
   0.880  
   0.880  === nRF54L15 RTT ping-pong CENTRAL ===
   0.880  scan rc=0
   0.880  Q2CONN AA=d994db06 CRCINIT=da5238 hop=6 chan_count=37 map=ffffffff1f
   0.880  set_security L2 rc=0
   0.880  GAP connected interval=15000
   0.880  MTU err=0 mtu=247
   0.880  PHY tx=2 rx=2
   1.919  SECURITY: level=2 err=0 eatt_bearers=0
   1.919  discovery start (post-PHY +500ms) interval=15000 phy2m=1
   1.919  SUBSCRIBED, vh=20
   1.919  LOADRAMP: bulk char handle=23
   1.919  LOADRAMP: target=0 KBps for 60s
   1.919  t=1s RTT mean=24731 min=16016 max=26915 n=5 to=0 | cancels=0(+0/s) seqbad=0 len_bad=0 disc=0(0x00) | tot_n=5 tot_to=0 maxever=26915 >2ms=5 >5ms=5 >15ms=5 >20ms=4 >30ms=0 | probes=6 wrfail=0 down=0s maxout=0s eatt=4
   3.392  t=2s RTT mean=26911 min=26905 max=26928 n=33 to=0 | cancels=0(+0/s) seqbad=0 len_bad=0 disc=0(0x00) | tot_n=38 tot_to=0 maxever=26928 >2ms=38 >5ms=38 >15ms=38 >20ms=37 >30ms=0 | probes=39 wrfail=0 down=0s maxout=0s eatt=4
   3.392  t=3s RTT mean=26910 min=26905 max=26919 n=33 to=0 | cancels=0(+0/s) seqbad=0 len_bad=0 disc=0(0x00) | tot_n=71 tot_to=0 maxever=26928 >2ms=71 >5ms=71 >15ms=71 >20ms=70 >30ms=0 | probes=72 wrfail=0 down=0s maxout=0s eatt=4
   5.408  t=4s RTT mean=27365 min=26907 max=41901 n=33 to=0 | cancels=0(+0/s) seqbad=0 len_bad=0 disc=0(0x00) | tot_n=104 tot_to=0 maxever=41901 >2ms=104 >5ms=104 >15ms=104 >20ms=103 >30ms=1 | probes=105 wrfail=0 down=0s maxout=0s eatt=4
   5.408  t=5s RTT mean=26910 min=26897 max=26921 n=34 to=0 | cancels=0(+0/s) seqbad=0 len_bad=0 disc=0(0x00) | tot_n=138 tot_to=0 maxever=41901 >2ms=138 >5ms=138 >15ms=138 >20ms=137 >30ms=1 | probes=139 wrfail=0 down=0s maxout=0s eatt=4
   7.367  t=6s RTT mean=26911 min=26906 max=26928 n=24 to=1 | cancels=0(+0/s) seqbad=0 len_bad=0 disc=0(0x00) | tot_n=162 tot_to=1 maxever=41901 >2ms=162 >5ms=162 >15ms=162 >20ms=161 >30ms=1 | probes=164 wrfail=0 down=0s maxout=0s eatt=4
   7.422  t=7s RTT mean=0 min=0 max=0 n=0 to=5 | cancels=0(+0/s) seqbad=0 len_bad=0 disc=0(0x00) | tot_n=162 tot_to=6 maxever=41901 >2ms=162 >5ms=162 >15ms=162 >20ms=161 >30ms=1 | probes=169 wrfail=0 down=0s maxout=0s eatt=4
   9.719  *** Booting Zephyr OS build v4.4.1-16-gea6c334d1326 ***
   9.719  [00:00:09.036,439] [0m<inf> bt_hci_core: HW Platform: Nordic Semiconductor (0x0002)[0m
   9.719  [00:00:09.036,451] [0m<inf> bt_hci_core: HW Variant: nRF54Lx (0x0005)[0m
   9.719  [00:00:09.036,462] [0m<inf> bt_hci_core: Firmware: Standard Bluetooth controller (0x00) Version 4.4 Build 1[0m
   9.884  [00:00:09.036,847] [0m<inf> bt_hci_core: HCI transport: Controller[0m
   9.884  [00:00:09.036,893] [0m<inf> bt_hci_core: Identity: D6:C7:60:B1:D3:0E (random)[0m
   9.884  [00:00:09.036,909] [0m<inf> bt_hci_core: HCI: version 5.4 (0x0d) revision 0x0000, manufacturer 0x05f1[0m
   9.884  [00:00:09.036,924] [0m<inf> bt_hci_core: LMP: version 5.4 (0x0d) subver 0xffff[0m
   9.884  
   9.884  === nRF54L15 RTT ping-pong CENTRAL ===
   9.884  scan rc=0
   9.884  Q2CONN AA=ed1f772d CRCINIT=29f1e3 hop=10 chan_count=37 map=ffffffff1f
   9.938  set_security L2 rc=0
   9.938  GAP connected interval=15000
   9.938  MTU err=0 mtu=247
   9.938  PHY tx=2 rx=2
  10.976  SECURITY: level=2 err=0 eatt_bearers=0
  10.976  discovery start (post-PHY +500ms) interval=15000 phy2m=1
  10.976  SUBSCRIBED, vh=20
  10.976  LOADRAMP: bulk char handle=23
  10.976  LOADRAMP: target=0 KBps for 60s
  10.976  t=1s RTT mean=27149 min=26909 max=28347 n=6 to=0 | cancels=0(+0/s) seqbad=0 len_bad=0 disc=0(0x00) | tot_n=6 tot_to=0 maxever=28347 >2ms=6 >5ms=6 >15ms=6 >20ms=6 >30ms=0 | probes=7 wrfail=0 down=0s maxout=0s eatt=4
  12.453  t=2s RTT mean=26910 min=26902 max=26927 n=34 to=0 | cancels=0(+0/s) seqbad=0 len_bad=0 disc=0(0x00) | tot_n=40 tot_to=0 maxever=28347 >2ms=40 >5ms=40 >15ms=40 >20ms=40 >30ms=0 | probes=40 wrfail=0 down=0s maxout=0s eatt=4
  12.453  t=3s RTT mean=26910 min=26906 max=26919 n=33 to=0 | cancels=0(+0/s) seqbad=0 len_bad=0 disc=0(0x00) | tot_n=73 tot_to=0 maxever=28347 >2ms=73 >5ms=73 >15ms=73 >20ms=73 >30ms=0 | probes=74 wrfail=0 down=0s maxout=0s eatt=4
  14.419  t=4s RTT mean=26910 min=26906 max=26923 n=33 to=0 | cancels=0(+0/s) seqbad=0 len_bad=0 disc=0(0x00) | tot_n=106 tot_to=0 maxever=28347 >2ms=106 >5ms=106 >15ms=106 >20ms=106 >30ms=0 | probes=107 wrfail=0 down=0s maxout=0s eatt=4
  14.474  t=5s RTT mean=26910 min=26905 max=26919 n=34 to=0 | cancels=0(+0/s) seqbad=0 len_bad=0 disc=0(0x00) | tot_n=140 tot_to=0 maxever=28347 >2ms=140 >5ms=140 >15ms=140 >20ms=140 >30ms=0 | probes=140 wrfail=0 down=0s maxout=0s eatt=4
  16.442  t=6s RTT mean=26910 min=26906 max=26927 n=33 to=0 | cancels=0(+0/s) seqbad=0 len_bad=0 disc=0(0x00) | tot_n=173 tot_to=0 maxever=28347 >2ms=173 >5ms=173 >15ms=173 >20ms=173 >30ms=0 | probes=174 wrfail=0 down=0s maxout=0s eatt=4
  16.442  t=7s RTT mean=26910 min=26906 max=26920 n=33 to=0 | cancels=0(+0/s) seqbad=0 len_bad=0 disc=0(0x00) | tot_n=206 tot_to=0 maxever=28347 >2ms=206 >5ms=206 >15ms=206 >20ms=206 >30ms=0 | probes=207 wrfail=0 down=0s maxout=0s eatt=4
  18.414  t=8s RTT mean=26910 min=26905 max=26920 n=34 to=0 | cancels=0(+0/s) seqbad=0 len_bad=0 disc=0(0x00) | tot_n=240 tot_to=0 maxever=28347 >2ms=240 >5ms=240 >15ms=240 >20ms=240 >30ms=0 | probes=240 wrfail=0 down=0s maxout=0s eatt=4
  18.466  t=9s RTT mean=26910 min=26904 max=26919 n=33 to=0 | cancels=0(+0/s) seqbad=0 len_bad=0 disc=0(0x00) | tot_n=273 tot_to=0 maxever=28347 >2ms=273 >5ms=273 >15ms=273 >20ms=273 >30ms=0 | probes=274 wrfail=0 down=0s maxout=0s eatt=4
  20.436  t=10s RTT mean=27365 min=26906 max=41914 n=33 to=0 | cancels=0(+0/s) seqbad=0 len_bad=0 disc=0(0x00) | tot_n=306 tot_to=0 maxever=41914 >2ms=306 >5ms=306 >15ms=306 >20ms=306 >30ms=1 | probes=307 wrfail=0 down=0s maxout=0s eatt=4
  20.436  t=11s RTT mean=26911 min=26906 max=26939 n=33 to=0 | cancels=0(+0/s) seqbad=0 len_bad=0 disc=0(0x00) | tot_n=339 tot_to=0 maxever=41914 >2ms=339 >5ms=339 >15ms=339 >20ms=339 >30ms=1 | probes=340 wrfail=0 down=0s maxout=0s eatt=4
  22.416  t=12s RTT mean=26911 min=26437 max=27381 n=33 to=0 | cancels=0(+0/s) seqbad=0 len_bad=0 disc=0(0x00) | tot_n=372 tot_to=0 maxever=41914 >2ms=372 >5ms=372 >15ms=372 >20ms=372 >30ms=1 | probes=373 wrfail=0 down=0s maxout=0s eatt=4
  22.471  t=13s RTT mean=26912 min=26906 max=26942 n=34 to=0 | cancels=0(+0/s) seqbad=0 len_bad=0 disc=0(0x00) | tot_n=406 tot_to=0 maxever=41914 >2ms=406 >5ms=406 >15ms=406 >20ms=406 >30ms=1 | probes=407 wrfail=0 down=0s maxout=0s eatt=4
  24.438  t=14s RTT mean=26912 min=26907 max=26941 n=33 to=0 | cancels=0(+0/s) seqbad=0 len_bad=0 disc=0(0x00) | tot_n=439 tot_to=0 maxever=41914 >2ms=439 >5ms=439 >15ms=439 >20ms=439 >30ms=1 | probes=440 wrfail=0 down=0s maxout=0s eatt=4
  24.438  t=15s RTT mean=26911 min=26905 max=26940 n=33 to=0 | cancels=0(+0/s) seqbad=0 len_bad=0 disc=0(0x00) | tot_n=472 tot_to=0 maxever=41914 >2ms=472 >5ms=472 >15ms=472 >20ms=472 >30ms=1 | probes=473 wrfail=0 down=0s maxout=0s eatt=4
  26.417  t=16s RTT mean=26912 min=26896 max=26943 n=34 to=0 | cancels=0(+0/s) seqbad=0 len_bad=0 disc=0(0x00) | tot_n=506 tot_to=0 maxever=41914 >2ms=506 >5ms=506 >15ms=506 >20ms=506 >30ms=1 | probes=507 wrfail=0 down=0s maxout=0s eatt=4
  26.472  t=17s RTT mean=26912 min=26906 max=26942 n=33 to=0 | cancels=0(+0/s) seqbad=0 len_bad=0 disc=0(0x00) | tot_n=539 tot_to=0 maxever=41914 >2ms=539 >5ms=539 >15ms=539 >20ms=539 >30ms=1 | probes=540 wrfail=0 down=0s maxout=0s eatt=4
  28.424  t=18s RTT mean=26911 min=26441 max=27381 n=33 to=0 | cancels=0(+0/s) seqbad=0 len_bad=0 disc=0(0x00) | tot_n=572 tot_to=0 maxever=41914 >2ms=572 >5ms=572 >15ms=572 >20ms=572 >30ms=1 | probes=573 wrfail=0 down=0s maxout=0s eatt=4
  28.424  t=19s RTT mean=27366 min=26905 max=41907 n=33 to=0 | cancels=0(+0/s) seqbad=0 len_bad=0 disc=0(0x00) | tot_n=605 tot_to=0 maxever=41914 >2ms=605 >5ms=605 >15ms=605 >20ms=605 >30ms=2 | probes=606 wrfail=0 down=0s maxout=0s eatt=4
  30.452  t=20s RTT mean=26911 min=26904 max=26927 n=34 to=0 | cancels=0(+0/s) seqbad=0 len_bad=0 disc=0(0x00) | tot_n=639 tot_to=0 maxever=41914 >2ms=639 >5ms=639 >15ms=639 >20ms=639 >30ms=2 | probes=640 wrfail=0 down=0s maxout=0s eatt=4
  30.452  t=21s RTT mean=26910 min=26441 max=27381 n=33 to=0 | cancels=0(+0/s) seqbad=0 len_bad=0 disc=0(0x00) | tot_n=672 tot_to=0 maxever=41914 >2ms=672 >5ms=672 >15ms=672 >20ms=672 >30ms=2 | probes=673 wrfail=0 down=0s maxout=0s eatt=4
  32.422  t=22s RTT mean=26911 min=26906 max=26923 n=33 to=0 | cancels=0(+0/s) seqbad=0 len_bad=0 disc=0(0x00) | tot_n=705 tot_to=0 maxever=41914 >2ms=705 >5ms=705 >15ms=705 >20ms=705 >30ms=2 | probes=706 wrfail=0 down=0s maxout=0s eatt=4
  32.477  t=23s RTT mean=27365 min=26906 max=41910 n=33 to=0 | cancels=0(+0/s) seqbad=0 len_bad=0 disc=0(0x00) | tot_n=738 tot_to=0 maxever=41914 >2ms=738 >5ms=738 >15ms=738 >20ms=738 >30ms=3 | probes=739 wrfail=0 down=0s maxout=0s eatt=4
  34.438  t=24s RTT mean=26911 min=26906 max=26923 n=33 to=0 | cancels=0(+0/s) seqbad=0 len_bad=0 disc=0(0x00) | tot_n=771 tot_to=0 maxever=41914 >2ms=771 >5ms=771 >15ms=771 >20ms=771 >30ms=3 | probes=772 wrfail=0 down=0s maxout=0s eatt=4
  34.438  t=25s RTT mean=26910 min=26906 max=26919 n=34 to=0 | cancels=0(+0/s) seqbad=0 len_bad=0 disc=0(0x00) | tot_n=805 tot_to=0 maxever=41914 >2ms=805 >5ms=805 >15ms=805 >20ms=805 >30ms=3 | probes=806 wrfail=0 down=0s maxout=0s eatt=4
  36.409  t=26s RTT mean=26910 min=26906 max=26922 n=33 to=0 | cancels=0(+0/s) seqbad=0 len_bad=0 disc=0(0x00) | tot_n=838 tot_to=0 maxever=41914 >2ms=838 >5ms=838 >15ms=838 >20ms=838 >30ms=3 | probes=839 wrfail=0 down=0s maxout=0s eatt=4
  36.464  t=27s RTT mean=26910 min=26906 max=26920 n=33 to=0 | cancels=0(+0/s) seqbad=0 len_bad=0 disc=0(0x00) | tot_n=871 tot_to=0 maxever=41914 >2ms=871 >5ms=871 >15ms=871 >20ms=871 >30ms=3 | probes=872 wrfail=0 down=0s maxout=0s eatt=4
  38.431  t=28s RTT mean=26911 min=26837 max=26997 n=34 to=0 | cancels=0(+0/s) seqbad=0 len_bad=0 disc=0(0x00) | tot_n=905 tot_to=0 maxever=41914 >2ms=905 >5ms=905 >15ms=905 >20ms=905 >30ms=3 | probes=906 wrfail=0 down=0s maxout=0s eatt=4
  38.431  t=29s RTT mean=26910 min=26906 max=26920 n=33 to=0 | cancels=0(+0/s) seqbad=0 len_bad=0 disc=0(0x00) | tot_n=938 tot_to=0 maxever=41914 >2ms=938 >5ms=938 >15ms=938 >20ms=938 >30ms=3 | probes=939 wrfail=0 down=0s maxout=0s eatt=4
  40.408  t=30s RTT mean=26910 min=26906 max=26920 n=34 to=0 | cancels=0(+0/s) seqbad=0 len_bad=0 disc=0(0x00) | tot_n=972 tot_to=0 maxever=41914 >2ms=972 >5ms=972 >15ms=972 >20ms=972 >30ms=3 | probes=972 wrfail=0 down=0s maxout=0s eatt=4
  40.463  t=31s RTT mean=27380 min=26905 max=41910 n=32 to=0 | cancels=0(+0/s) seqbad=0 len_bad=0 disc=0(0x00) | tot_n=1004 tot_to=0 maxever=41914 >2ms=1004 >5ms=1004 >15ms=1004 >20ms=1004 >30ms=4 | probes=1005 wrfail=0 down=0s maxout=0s eatt=4
  42.435  t=32s RTT mean=26912 min=26896 max=26944 n=34 to=0 | cancels=0(+0/s) seqbad=0 len_bad=0 disc=0(0x00) | tot_n=1038 tot_to=0 maxever=41914 >2ms=1038 >5ms=1038 >15ms=1038 >20ms=1038 >30ms=4 | probes=1039 wrfail=0 down=0s maxout=0s eatt=4
  42.435  t=33s RTT mean=26911 min=26906 max=26931 n=33 to=0 | cancels=0(+0/s) seqbad=0 len_bad=0 disc=0(0x00) | tot_n=1071 tot_to=0 maxever=41914 >2ms=1071 >5ms=1071 >15ms=1071 >20ms=1071 >30ms=4 | probes=1072 wrfail=0 down=0s maxout=0s eatt=4
  44.407  t=34s RTT mean=27365 min=26905 max=41906 n=33 to=0 | cancels=0(+0/s) seqbad=0 len_bad=0 disc=0(0x00) | tot_n=1104 tot_to=0 maxever=41914 >2ms=1104 >5ms=1104 >15ms=1104 >20ms=1104 >30ms=5 | probes=1105 wrfail=0 down=0s maxout=0s eatt=4
  44.463  t=35s RTT mean=26910 min=26906 max=26919 n=33 to=0 | cancels=0(+0/s) seqbad=0 len_bad=0 disc=0(0x00) | tot_n=1137 tot_to=0 maxever=41914 >2ms=1137 >5ms=1137 >15ms=1137 >20ms=1137 >30ms=5 | probes=1138 wrfail=0 down=0s maxout=0s eatt=4
  46.432  t=36s RTT mean=26910 min=26906 max=26919 n=34 to=0 | cancels=0(+0/s) seqbad=0 len_bad=0 disc=0(0x00) | tot_n=1171 tot_to=0 maxever=41914 >2ms=1171 >5ms=1171 >15ms=1171 >20ms=1171 >30ms=5 | probes=1171 wrfail=0 down=0s maxout=0s eatt=4
  46.432  t=37s RTT mean=26911 min=26893 max=26942 n=33 to=0 | cancels=0(+0/s) seqbad=0 len_bad=0 disc=0(0x00) | tot_n=1204 tot_to=0 maxever=41914 >2ms=1204 >5ms=1204 >15ms=1204 >20ms=1204 >30ms=5 | probes=1205 wrfail=0 down=0s maxout=0s eatt=4
  48.412  t=38s RTT mean=26910 min=26906 max=26921 n=33 to=0 | cancels=0(+0/s) seqbad=0 len_bad=0 disc=0(0x00) | tot_n=1237 tot_to=0 maxever=41914 >2ms=1237 >5ms=1237 >15ms=1237 >20ms=1237 >30ms=5 | probes=1238 wrfail=0 down=0s maxout=0s eatt=4
  48.467  t=39s RTT mean=26910 min=26901 max=26920 n=34 to=0 | cancels=0(+0/s) seqbad=0 len_bad=0 disc=0(0x00) | tot_n=1271 tot_to=0 maxever=41914 >2ms=1271 >5ms=1271 >15ms=1271 >20ms=1271 >30ms=5 | probes=1271 wrfail=0 down=0s maxout=0s eatt=4
  50.439  t=40s RTT mean=26911 min=26907 max=26946 n=33 to=0 | cancels=0(+0/s) seqbad=0 len_bad=0 disc=0(0x00) | tot_n=1304 tot_to=0 maxever=41914 >2ms=1304 >5ms=1304 >15ms=1304 >20ms=1304 >30ms=5 | probes=1305 wrfail=0 down=0s maxout=0s eatt=4
  50.439  t=41s RTT mean=26910 min=26905 max=26919 n=33 to=0 | cancels=0(+0/s) seqbad=0 len_bad=0 disc=0(0x00) | tot_n=1337 tot_to=0 maxever=41914 >2ms=1337 >5ms=1337 >15ms=1337 >20ms=1337 >30ms=5 | probes=1338 wrfail=0 down=0s maxout=0s eatt=4
  52.415  t=42s RTT mean=27365 min=26896 max=41906 n=33 to=0 | cancels=0(+0/s) seqbad=0 len_bad=0 disc=0(0x00) | tot_n=1370 tot_to=0 maxever=41914 >2ms=1370 >5ms=1370 >15ms=1370 >20ms=1370 >30ms=6 | probes=1371 wrfail=0 down=0s maxout=0s eatt=4
  52.470  t=43s RTT mean=26910 min=26905 max=26920 n=33 to=0 | cancels=0(+0/s) seqbad=0 len_bad=0 disc=0(0x00) | tot_n=1403 tot_to=0 maxever=41914 >2ms=1403 >5ms=1403 >15ms=1403 >20ms=1403 >30ms=6 | probes=1404 wrfail=0 down=0s maxout=0s eatt=4
  54.438  t=44s RTT mean=26911 min=26897 max=26934 n=34 to=0 | cancels=0(+0/s) seqbad=0 len_bad=0 disc=0(0x00) | tot_n=1437 tot_to=0 maxever=41914 >2ms=1437 >5ms=1437 >15ms=1437 >20ms=1437 >30ms=6 | probes=1438 wrfail=0 down=0s maxout=0s eatt=4
  54.438  t=45s RTT mean=26910 min=26906 max=26920 n=33 to=0 | cancels=0(+0/s) seqbad=0 len_bad=0 disc=0(0x00) | tot_n=1470 tot_to=0 maxever=41914 >2ms=1470 >5ms=1470 >15ms=1470 >20ms=1470 >30ms=6 | probes=1471 wrfail=0 down=0s maxout=0s eatt=4
  56.426  t=46s RTT mean=26910 min=26906 max=26921 n=33 to=0 | cancels=0(+0/s) seqbad=0 len_bad=0 disc=0(0x00) | tot_n=1503 tot_to=0 maxever=41914 >2ms=1503 >5ms=1503 >15ms=1503 >20ms=1503 >30ms=6 | probes=1504 wrfail=0 down=0s maxout=0s eatt=4
  56.482  t=47s RTT mean=26910 min=26906 max=26919 n=34 to=0 | cancels=0(+0/s) seqbad=0 len_bad=0 disc=0(0x00) | tot_n=1537 tot_to=0 maxever=41914 >2ms=1537 >5ms=1537 >15ms=1537 >20ms=1537 >30ms=6 | probes=1538 wrfail=0 down=0s maxout=0s eatt=4
  58.456  t=48s RTT mean=26911 min=26906 max=26924 n=33 to=0 | cancels=0(+0/s) seqbad=0 len_bad=0 disc=0(0x00) | tot_n=1570 tot_to=0 maxever=41914 >2ms=1570 >5ms=1570 >15ms=1570 >20ms=1570 >30ms=6 | probes=1571 wrfail=0 down=0s maxout=0s eatt=4
  58.456  t=49s RTT mean=26910 min=26905 max=26919 n=33 to=0 | cancels=0(+0/s) seqbad=0 len_bad=0 disc=0(0x00) | tot_n=1603 tot_to=0 maxever=41914 >2ms=1603 >5ms=1603 >15ms=1603 >20ms=1603 >30ms=6 | probes=1604 wrfail=0 down=0s maxout=0s eatt=4
  60.435  t=50s RTT mean=26910 min=26895 max=26934 n=34 to=0 | cancels=0(+0/s) seqbad=0 len_bad=0 disc=0(0x00) | tot_n=1637 tot_to=0 maxever=41914 >2ms=1637 >5ms=1637 >15ms=1637 >20ms=1637 >30ms=6 | probes=1638 wrfail=0 down=0s maxout=0s eatt=4
  60.435  t=51s RTT mean=26910 min=26906 max=26919 n=33 to=0 | cancels=0(+0/s) seqbad=0 len_bad=0 disc=0(0x00) | tot_n=1670 tot_to=0 maxever=41914 >2ms=1670 >5ms=1670 >15ms=1670 >20ms=1670 >30ms=6 | probes=1671 wrfail=0 down=0s maxout=0s eatt=4
  62.458  t=52s RTT mean=26910 min=26900 max=26919 n=33 to=0 | cancels=0(+0/s) seqbad=0 len_bad=0 disc=0(0x00) | tot_n=1703 tot_to=0 maxever=41914 >2ms=1703 >5ms=1703 >15ms=1703 >20ms=1703 >30ms=6 | probes=1704 wrfail=0 down=0s maxout=0s eatt=4
  62.458  t=53s RTT mean=26910 min=26906 max=26919 n=34 to=0 | cancels=0(+0/s) seqbad=0 len_bad=0 disc=0(0x00) | tot_n=1737 tot_to=0 maxever=41914 >2ms=1737 >5ms=1737 >15ms=1737 >20ms=1737 >30ms=6 | probes=1738 wrfail=0 down=0s maxout=0s eatt=4
  64.431  t=54s RTT mean=27365 min=26905 max=41914 n=33 to=0 | cancels=0(+0/s) seqbad=0 len_bad=0 disc=0(0x00) | tot_n=1770 tot_to=0 maxever=41914 >2ms=1770 >5ms=1770 >15ms=1770 >20ms=1770 >30ms=7 | probes=1771 wrfail=0 down=0s maxout=0s eatt=4
  64.431  t=55s RTT mean=26910 min=26906 max=26919 n=33 to=0 | cancels=0(+0/s) seqbad=0 len_bad=0 disc=0(0x00) | tot_n=1803 tot_to=0 maxever=41914 >2ms=1803 >5ms=1803 >15ms=1803 >20ms=1803 >30ms=7 | probes=1804 wrfail=0 down=0s maxout=0s eatt=4
  66.445  t=56s RTT mean=26910 min=26905 max=26924 n=33 to=0 | cancels=0(+0/s) seqbad=0 len_bad=0 disc=0(0x00) | tot_n=1836 tot_to=0 maxever=41914 >2ms=1836 >5ms=1836 >15ms=1836 >20ms=1836 >30ms=7 | probes=1837 wrfail=0 down=0s maxout=0s eatt=4
  66.445  t=57s RTT mean=26910 min=26906 max=26920 n=34 to=0 | cancels=0(+0/s) seqbad=0 len_bad=0 disc=0(0x00) | tot_n=1870 tot_to=0 maxever=41914 >2ms=1870 >5ms=1870 >15ms=1870 >20ms=1870 >30ms=7 | probes=1871 wrfail=0 down=0s maxout=0s eatt=4
  68.415  t=58s RTT mean=26911 min=26905 max=26924 n=33 to=0 | cancels=0(+0/s) seqbad=0 len_bad=0 disc=0(0x00) | tot_n=1903 tot_to=0 maxever=41914 >2ms=1903 >5ms=1903 >15ms=1903 >20ms=1903 >30ms=7 | probes=1904 wrfail=0 down=0s maxout=0s eatt=4
  68.470  t=59s RTT mean=26910 min=26906 max=26919 n=33 to=0 | cancels=0(+0/s) seqbad=0 len_bad=0 disc=0(0x00) | tot_n=1936 tot_to=0 maxever=41914 >2ms=1936 >5ms=1936 >15ms=1936 >20ms=1936 >30ms=7 | probes=1937 wrfail=0 down=0s maxout=0s eatt=4
  70.441  t=60s RTT mean=26911 min=26897 max=26934 n=34 to=0 | cancels=0(+0/s) seqbad=0 len_bad=0 disc=0(0x00) | tot_n=1970 tot_to=0 maxever=41914 >2ms=1970 >5ms=1970 >15ms=1970 >20ms=1970 >30ms=7 | probes=1971 wrfail=0 down=0s maxout=0s eatt=4
  70.441  PCTL target=0 tot=1997 to=0 p50=26 p90=26 p99=26 p99.9=41 max=41 g30=7 g100=0 (ms/counts)
  70.441  LOADRAMP: target=25 KBps for 60s
  70.496  t=61s RTT mean=29911 min=13882 max=78485 n=30 to=0 | cancels=0(+0/s) seqbad=0 len_bad=0 disc=0(0x00) | tot_n=2000 tot_to=0 maxever=78485 >2ms=2000 >5ms=2000 >15ms=1999 >20ms=1999 >30ms=9 | probes=2001 wrfail=0 down=0s maxout=0s eatt=4
  72.462  t=62s RTT mean=31533 min=26907 max=159915 n=29 to=0 | cancels=0(+0/s) seqbad=0 len_bad=0 disc=0(0x00) | tot_n=2029 tot_to=0 maxever=159915 >2ms=2029 >5ms=2029 >15ms=2028 >20ms=2028 >30ms=10 | probes=2030 wrfail=0 down=0s maxout=0s eatt=4
  72.462  t=63s RTT mean=29359 min=12816 max=98176 n=31 to=0 | cancels=0(+0/s) seqbad=0 len_bad=0 disc=0(0x00) | tot_n=2060 tot_to=0 maxever=159915 >2ms=2060 >5ms=2060 >15ms=2058 >20ms=2058 >30ms=13 | probes=2061 wrfail=0 down=0s maxout=0s eatt=4
  74.433  t=64s RTT mean=29911 min=13889 max=81265 n=30 to=0 | cancels=0(+0/s) seqbad=0 len_bad=0 disc=0(0x00) | tot_n=2090 tot_to=0 maxever=159915 >2ms=2090 >5ms=2090 >15ms=2087 >20ms=2087 >30ms=15 | probes=2091 wrfail=0 down=0s maxout=0s eatt=4
  74.433  t=65s RTT mean=30410 min=26906 max=102423 n=30 to=0 | cancels=0(+0/s) seqbad=0 len_bad=0 disc=0(0x00) | tot_n=2120 tot_to=0 maxever=159915 >2ms=2120 >5ms=2120 >15ms=2117 >20ms=2117 >30ms=17 | probes=2121 wrfail=0 down=0s maxout=0s eatt=4
  76.462  t=66s RTT mean=30410 min=26908 max=99028 n=30 to=0 | cancels=0(+0/s) seqbad=0 len_bad=0 disc=0(0x00) | tot_n=2150 tot_to=0 maxever=159915 >2ms=2150 >5ms=2150 >15ms=2147 >20ms=2147 >30ms=19 | probes=2151 wrfail=0 down=0s maxout=0s eatt=4
  76.462  t=67s RTT mean=29908 min=13936 max=81137 n=30 to=0 | cancels=0(+0/s) seqbad=0 len_bad=0 disc=0(0x00) | tot_n=2180 tot_to=0 maxever=159915 >2ms=2180 >5ms=2180 >15ms=2176 >20ms=2176 >30ms=21 | probes=2181 wrfail=0 down=0s maxout=0s eatt=4
  78.439  t=68s RTT mean=31292 min=26907 max=152916 n=29 to=0 | cancels=0(+0/s) seqbad=0 len_bad=0 disc=0(0x00) | tot_n=2209 tot_to=0 maxever=159915 >2ms=2209 >5ms=2209 >15ms=2205 >20ms=2205 >30ms=22 | probes=2210 wrfail=0 down=0s maxout=0s eatt=4
  78.439  t=69s RTT mean=29582 min=19858 max=98068 n=31 to=0 | cancels=0(+0/s) seqbad=0 len_bad=0 disc=0(0x00) | tot_n=2240 tot_to=0 maxever=159915 >2ms=2240 >5ms=2240 >15ms=2236 >20ms=2235 >30ms=25 | probes=2241 wrfail=0 down=0s maxout=0s eatt=4
  80.414  t=70s RTT mean=29911 min=13879 max=82559 n=30 to=0 | cancels=0(+0/s) seqbad=0 len_bad=0 disc=0(0x00) | tot_n=2270 tot_to=0 maxever=159915 >2ms=2270 >5ms=2270 >15ms=2265 >20ms=2264 >30ms=27 | probes=2271 wrfail=0 down=0s maxout=0s eatt=4
  80.470  t=71s RTT mean=26948 min=26906 max=27965 n=28 to=0 | cancels=0(+0/s) seqbad=0 len_bad=0 disc=0(0x00) | tot_n=2298 tot_to=0 maxever=159915 >2ms=2298 >5ms=2298 >15ms=2293 >20ms=2292 >30ms=27 | probes=2299 wrfail=0 down=0s maxout=0s eatt=4
  82.439  t=72s RTT mean=35311 min=26906 max=175833 n=30 to=0 | cancels=0(+0/s) seqbad=0 len_bad=0 disc=0(0x00) | tot_n=2328 tot_to=0 maxever=175833 >2ms=2328 >5ms=2328 >15ms=2323 >20ms=2322 >30ms=30 | probes=2329 wrfail=0 down=0s maxout=0s eatt=4
  82.439  t=73s RTT mean=31628 min=26907 max=85878 n=29 to=0 | cancels=0(+0/s) seqbad=0 len_bad=0 disc=0(0x00) | tot_n=2357 tot_to=0 maxever=175833 >2ms=2357 >5ms=2357 >15ms=2352 >20ms=2351 >30ms=34 | probes=2358 wrfail=0 down=0s maxout=0s eatt=4
  84.461  t=74s RTT mean=30410 min=13889 max=102967 n=30 to=0 | cancels=0(+0/s) seqbad=0 len_bad=0 disc=0(0x00) | tot_n=2387 tot_to=0 maxever=175833 >2ms=2387 >5ms=2387 >15ms=2381 >20ms=2380 >30ms=37 | probes=2388 wrfail=0 down=0s maxout=0s eatt=4
  84.461  t=75s RTT mean=29951 min=26908 max=114019 n=29 to=0 | cancels=0(+0/s) seqbad=0 len_bad=0 disc=0(0x00) | tot_n=2416 tot_to=0 maxever=175833 >2ms=2416 >5ms=2416 >15ms=2410 >20ms=2409 >30ms=38 | probes=2417 wrfail=0 down=0s maxout=0s eatt=4
  86.468  t=76s RTT mean=31472 min=26907 max=91985 n=30 to=0 | cancels=0(+0/s) seqbad=0 len_bad=0 disc=0(0x00) | tot_n=2446 tot_to=0 maxever=175833 >2ms=2446 >5ms=2446 >15ms=2440 >20ms=2439 >30ms=41 | probes=2447 wrfail=0 down=0s maxout=0s eatt=4
  86.468  t=77s RTT mean=30411 min=24023 max=133695 n=30 to=0 | cancels=0(+0/s) seqbad=0 len_bad=0 disc=0(0x00) | tot_n=2476 tot_to=0 maxever=175833 >2ms=2476 >5ms=2476 >15ms=2470 >20ms=2469 >30ms=42 | probes=2477 wrfail=0 down=0s maxout=0s eatt=4
  88.434  t=78s RTT mean=30410 min=26907 max=99025 n=30 to=0 | cancels=0(+0/s) seqbad=0 len_bad=0 disc=0(0x00) | tot_n=2506 tot_to=0 maxever=175833 >2ms=2506 >5ms=2506 >15ms=2500 >20ms=2499 >30ms=44 | probes=2507 wrfail=0 down=0s maxout=0s eatt=4
  88.434  t=79s RTT mean=31045 min=26905 max=94773 n=29 to=0 | cancels=0(+0/s) seqbad=0 len_bad=0 disc=0(0x00) | tot_n=2535 tot_to=0 maxever=175833 >2ms=2535 >5ms=2535 >15ms=2529 >20ms=2528 >30ms=47 | probes=2536 wrfail=0 down=0s maxout=0s eatt=4
  90.445  t=80s RTT mean=30411 min=26907 max=122939 n=30 to=0 | cancels=0(+0/s) seqbad=0 len_bad=0 disc=0(0x00) | tot_n=2565 tot_to=0 maxever=175833 >2ms=2565 >5ms=2565 >15ms=2559 >20ms=2558 >30ms=49 | probes=2566 wrfail=0 down=0s maxout=0s eatt=4
  90.445  t=81s RTT mean=30409 min=26906 max=97726 n=30 to=0 | cancels=0(+0/s) seqbad=0 len_bad=0 disc=0(0x00) | tot_n=2595 tot_to=0 maxever=175833 >2ms=2595 >5ms=2595 >15ms=2589 >20ms=2588 >30ms=53 | probes=2596 wrfail=0 down=0s maxout=0s eatt=4
  92.445  t=82s RTT mean=29911 min=13877 max=90590 n=30 to=0 | cancels=0(+0/s) seqbad=0 len_bad=0 disc=0(0x00) | tot_n=2625 tot_to=0 maxever=175833 >2ms=2625 >5ms=2625 >15ms=2618 >20ms=2617 >30ms=55 | probes=2626 wrfail=0 down=0s maxout=0s eatt=4
  92.445  t=83s RTT mean=30410 min=7631 max=149223 n=30 to=0 | cancels=0(+0/s) seqbad=0 len_bad=0 disc=0(0x00) | tot_n=2655 tot_to=0 maxever=175833 >2ms=2655 >5ms=2655 >15ms=2646 >20ms=2645 >30ms=57 | probes=2656 wrfail=0 down=0s maxout=0s eatt=4
  94.464  t=84s RTT mean=30411 min=26906 max=99025 n=30 to=0 | cancels=0(+0/s) seqbad=0 len_bad=0 disc=0(0x00) | tot_n=2685 tot_to=0 maxever=175833 >2ms=2685 >5ms=2685 >15ms=2676 >20ms=2675 >30ms=59 | probes=2686 wrfail=0 down=0s maxout=0s eatt=4
  94.464  t=85s RTT mean=30408 min=13923 max=90589 n=30 to=0 | cancels=0(+0/s) seqbad=0 len_bad=0 disc=0(0x00) | tot_n=2715 tot_to=0 maxever=175833 >2ms=2715 >5ms=2715 >15ms=2705 >20ms=2704 >30ms=61 | probes=2716 wrfail=0 down=0s maxout=0s eatt=4
  96.442  t=86s RTT mean=31048 min=14195 max=143580 n=29 to=0 | cancels=0(+0/s) seqbad=0 len_bad=0 disc=0(0x00) | tot_n=2744 tot_to=0 maxever=175833 >2ms=2744 >5ms=2744 >15ms=2733 >20ms=2732 >30ms=63 | probes=2745 wrfail=0 down=0s maxout=0s eatt=4
  96.442  t=87s RTT mean=30164 min=26907 max=120212 n=29 to=0 | cancels=0(+0/s) seqbad=0 len_bad=0 disc=0(0x00) | tot_n=2773 tot_to=0 maxever=175833 >2ms=2773 >5ms=2773 >15ms=2762 >20ms=2761 >30ms=64 | probes=2774 wrfail=0 down=0s maxout=0s eatt=4
  98.454  t=88s RTT mean=31263 min=26448 max=96168 n=30 to=0 | cancels=0(+0/s) seqbad=0 len_bad=0 disc=0(0x00) | tot_n=2803 tot_to=0 maxever=175833 >2ms=2803 >5ms=2803 >15ms=2792 >20ms=2791 >30ms=67 | probes=2804 wrfail=0 down=0s maxout=0s eatt=4
  98.454  t=89s RTT mean=32082 min=13904 max=174901 n=29 to=0 | cancels=0(+0/s) seqbad=0 len_bad=0 disc=0(0x00) | tot_n=2832 tot_to=0 maxever=175833 >2ms=2832 >5ms=2832 >15ms=2820 >20ms=2819 >30ms=69 | probes=2832 wrfail=0 down=0s maxout=0s eatt=4
 100.419  t=90s RTT mean=29910 min=25291 max=98827 n=30 to=0 | cancels=0(+0/s) seqbad=0 len_bad=0 disc=0(0x00) | tot_n=2862 tot_to=0 maxever=175833 >2ms=2862 >5ms=2862 >15ms=2850 >20ms=2849 >30ms=71 | probes=2863 wrfail=0 down=0s maxout=0s eatt=4
 100.471  t=91s RTT mean=29911 min=13878 max=100868 n=30 to=0 | cancels=0(+0/s) seqbad=0 len_bad=0 disc=0(0x00) | tot_n=2892 tot_to=0 maxever=175833 >2ms=2892 >5ms=2892 >15ms=2879 >20ms=2878 >30ms=73 | probes=2893 wrfail=0 down=0s maxout=0s eatt=4
 102.435  t=92s RTT mean=30926 min=13877 max=139808 n=30 to=0 | cancels=0(+0/s) seqbad=0 len_bad=0 disc=0(0x00) | tot_n=2922 tot_to=0 maxever=175833 >2ms=2922 >5ms=2922 >15ms=2908 >20ms=2907 >30ms=76 | probes=2922 wrfail=0 down=0s maxout=0s eatt=4
 102.491  t=93s RTT mean=29895 min=22523 max=98831 n=30 to=0 | cancels=0(+0/s) seqbad=0 len_bad=0 disc=0(0x00) | tot_n=2952 tot_to=0 maxever=175833 >2ms=2952 >5ms=2952 >15ms=2938 >20ms=2937 >30ms=78 | probes=2953 wrfail=0 down=0s maxout=0s eatt=4
 104.461  t=94s RTT mean=29327 min=13881 max=98098 n=31 to=0 | cancels=0(+0/s) seqbad=0 len_bad=0 disc=0(0x00) | tot_n=2983 tot_to=0 maxever=175833 >2ms=2983 >5ms=2983 >15ms=2968 >20ms=2966 >30ms=80 | probes=2984 wrfail=0 down=0s maxout=0s eatt=4
 104.461  t=95s RTT mean=29910 min=13915 max=107119 n=30 to=0 | cancels=0(+0/s) seqbad=0 len_bad=0 disc=0(0x00) | tot_n=3013 tot_to=0 maxever=175833 >2ms=3013 >5ms=3013 >15ms=2997 >20ms=2995 >30ms=82 | probes=3014 wrfail=0 down=0s maxout=0s eatt=4
 106.422  t=96s RTT mean=30410 min=26907 max=101884 n=30 to=0 | cancels=0(+0/s) seqbad=0 len_bad=0 disc=0(0x00) | tot_n=3043 tot_to=0 maxever=175833 >2ms=3043 >5ms=3043 >15ms=3027 >20ms=3025 >30ms=84 | probes=3044 wrfail=0 down=0s maxout=0s eatt=4
 106.475  t=97s RTT mean=28846 min=5778 max=98103 n=31 to=0 | cancels=0(+0/s) seqbad=0 len_bad=0 disc=0(0x00) | tot_n=3074 tot_to=0 maxever=175833 >2ms=3074 >5ms=3074 >15ms=3056 >20ms=3054 >30ms=86 | probes=3075 wrfail=0 down=0s maxout=0s eatt=4
 108.437  t=98s RTT mean=30411 min=26906 max=90232 n=30 to=0 | cancels=0(+0/s) seqbad=0 len_bad=0 disc=0(0x00) | tot_n=3104 tot_to=0 maxever=175833 >2ms=3104 >5ms=3104 >15ms=3086 >20ms=3084 >30ms=88 | probes=3105 wrfail=0 down=0s maxout=0s eatt=4
 108.492  t=99s RTT mean=30410 min=26907 max=101881 n=30 to=0 | cancels=0(+0/s) seqbad=0 len_bad=0 disc=0(0x00) | tot_n=3134 tot_to=0 maxever=175833 >2ms=3134 >5ms=3134 >15ms=3116 >20ms=3114 >30ms=90 | probes=3135 wrfail=0 down=0s maxout=0s eatt=4
 110.458  t=100s RTT mean=28846 min=7170 max=98104 n=31 to=0 | cancels=0(+0/s) seqbad=0 len_bad=0 disc=0(0x00) | tot_n=3165 tot_to=0 maxever=175833 >2ms=3165 >5ms=3165 >15ms=3145 >20ms=3143 >30ms=92 | probes=3166 wrfail=0 down=0s maxout=0s eatt=4
 110.458  t=101s RTT mean=30410 min=26906 max=90229 n=30 to=0 | cancels=0(+0/s) seqbad=0 len_bad=0 disc=0(0x00) | tot_n=3195 tot_to=0 maxever=175833 >2ms=3195 >5ms=3195 >15ms=3175 >20ms=3173 >30ms=94 | probes=3196 wrfail=0 down=0s maxout=0s eatt=4
 112.425  t=102s RTT mean=30410 min=26907 max=101884 n=30 to=0 | cancels=0(+0/s) seqbad=0 len_bad=0 disc=0(0x00) | tot_n=3225 tot_to=0 maxever=175833 >2ms=3225 >5ms=3225 >15ms=3205 >20ms=3203 >30ms=96 | probes=3226 wrfail=0 down=0s maxout=0s eatt=4
 112.480  t=103s RTT mean=29908 min=15202 max=97574 n=30 to=0 | cancels=0(+0/s) seqbad=0 len_bad=0 disc=0(0x00) | tot_n=3255 tot_to=0 maxever=175833 >2ms=3255 >5ms=3255 >15ms=3235 >20ms=3232 >30ms=99 | probes=3256 wrfail=0 down=0s maxout=0s eatt=4
 114.455  t=104s RTT mean=30408 min=26906 max=90100 n=30 to=0 | cancels=0(+0/s) seqbad=0 len_bad=0 disc=0(0x00) | tot_n=3285 tot_to=0 maxever=175833 >2ms=3285 >5ms=3285 >15ms=3265 >20ms=3262 >30ms=101 | probes=3286 wrfail=0 down=0s maxout=0s eatt=4
 114.455  t=105s RTT mean=30410 min=26907 max=101884 n=30 to=0 | cancels=0(+0/s) seqbad=0 len_bad=0 disc=0(0x00) | tot_n=3315 tot_to=0 maxever=175833 >2ms=3315 >5ms=3315 >15ms=3295 >20ms=3292 >30ms=103 | probes=3316 wrfail=0 down=0s maxout=0s eatt=4
 116.422  t=106s RTT mean=28844 min=9017 max=97654 n=31 to=0 | cancels=0(+0/s) seqbad=0 len_bad=0 disc=0(0x00) | tot_n=3346 tot_to=0 maxever=175833 >2ms=3346 >5ms=3346 >15ms=3324 >20ms=3321 >30ms=105 | probes=3347 wrfail=0 down=0s maxout=0s eatt=4
 116.477  t=107s RTT mean=30410 min=26907 max=85160 n=30 to=0 | cancels=0(+0/s) seqbad=0 len_bad=0 disc=0(0x00) | tot_n=3376 tot_to=0 maxever=175833 >2ms=3376 >5ms=3376 >15ms=3354 >20ms=3351 >30ms=107 | probes=3377 wrfail=0 down=0s maxout=0s eatt=4
 118.451  t=108s RTT mean=30410 min=26907 max=101883 n=30 to=0 | cancels=0(+0/s) seqbad=0 len_bad=0 disc=0(0x00) | tot_n=3406 tot_to=0 maxever=175833 >2ms=3406 >5ms=3406 >15ms=3384 >20ms=3381 >30ms=109 | probes=3407 wrfail=0 down=0s maxout=0s eatt=4
 118.451  t=109s RTT mean=29330 min=13895 max=98021 n=31 to=0 | cancels=0(+0/s) seqbad=0 len_bad=0 disc=0(0x00) | tot_n=3437 tot_to=0 maxever=175833 >2ms=3437 >5ms=3437 >15ms=3414 >20ms=3410 >30ms=111 | probes=3438 wrfail=0 down=0s maxout=0s eatt=4
 120.466  t=110s RTT mean=29911 min=13876 max=109944 n=30 to=0 | cancels=0(+0/s) seqbad=0 len_bad=0 disc=0(0x00) | tot_n=3467 tot_to=0 maxever=175833 >2ms=3467 >5ms=3467 >15ms=3443 >20ms=3439 >30ms=113 | probes=3468 wrfail=0 down=0s maxout=0s eatt=4
 120.466  t=111s RTT mean=30410 min=26907 max=101884 n=30 to=0 | cancels=0(+0/s) seqbad=0 len_bad=0 disc=0(0x00) | tot_n=3497 tot_to=0 maxever=175833 >2ms=3497 >5ms=3497 >15ms=3473 >20ms=3469 >30ms=115 | probes=3498 wrfail=0 down=0s maxout=0s eatt=4
 122.444  t=112s RTT mean=30410 min=26907 max=99024 n=30 to=0 | cancels=0(+0/s) seqbad=0 len_bad=0 disc=0(0x00) | tot_n=3527 tot_to=0 maxever=175833 >2ms=3527 >5ms=3527 >15ms=3503 >20ms=3499 >30ms=117 | probes=3528 wrfail=0 down=0s maxout=0s eatt=4
 122.444  t=113s RTT mean=29910 min=13893 max=81161 n=30 to=0 | cancels=0(+0/s) seqbad=0 len_bad=0 disc=0(0x00) | tot_n=3557 tot_to=0 maxever=175833 >2ms=3557 >5ms=3557 >15ms=3532 >20ms=3528 >30ms=119 | probes=3558 wrfail=0 down=0s maxout=0s eatt=4
 124.474  t=114s RTT mean=30426 min=26907 max=108142 n=30 to=0 | cancels=0(+0/s) seqbad=0 len_bad=0 disc=0(0x00) | tot_n=3587 tot_to=0 maxever=175833 >2ms=3587 >5ms=3587 >15ms=3562 >20ms=3558 >30ms=121 | probes=3588 wrfail=0 down=0s maxout=0s eatt=4
 124.474  t=115s RTT mean=30394 min=26447 max=99025 n=30 to=0 | cancels=0(+0/s) seqbad=0 len_bad=0 disc=0(0x00) | tot_n=3617 tot_to=0 maxever=175833 >2ms=3617 >5ms=3617 >15ms=3592 >20ms=3588 >30ms=123 | probes=3618 wrfail=0 down=0s maxout=0s eatt=4
 126.433  t=116s RTT mean=29908 min=13879 max=83963 n=30 to=0 | cancels=0(+0/s) seqbad=0 len_bad=0 disc=0(0x00) | tot_n=3647 tot_to=0 maxever=175833 >2ms=3647 >5ms=3647 >15ms=3621 >20ms=3617 >30ms=125 | probes=3648 wrfail=0 down=0s maxout=0s eatt=4
 126.488  t=117s RTT mean=30910 min=18457 max=154319 n=30 to=0 | cancels=0(+0/s) seqbad=0 len_bad=0 disc=0(0x00) | tot_n=3677 tot_to=0 maxever=175833 >2ms=3677 >5ms=3677 >15ms=3651 >20ms=3646 >30ms=126 | probes=3677 wrfail=0 down=0s maxout=0s eatt=4
 128.454  t=118s RTT mean=29910 min=26907 max=97574 n=30 to=0 | cancels=0(+0/s) seqbad=0 len_bad=0 disc=0(0x00) | tot_n=3707 tot_to=0 maxever=175833 >2ms=3707 >5ms=3707 >15ms=3681 >20ms=3676 >30ms=129 | probes=3708 wrfail=0 down=0s maxout=0s eatt=4
 128.454  t=119s RTT mean=29911 min=13876 max=82557 n=30 to=0 | cancels=0(+0/s) seqbad=0 len_bad=0 disc=0(0x00) | tot_n=3737 tot_to=0 maxever=175833 >2ms=3737 >5ms=3737 >15ms=3710 >20ms=3705 >30ms=131 | probes=3738 wrfail=0 down=0s maxout=0s eatt=4
 130.469  t=120s RTT mean=30410 min=26905 max=102416 n=30 to=0 | cancels=0(+0/s) seqbad=0 len_bad=0 disc=0(0x00) | tot_n=3767 tot_to=0 maxever=175833 >2ms=3767 >5ms=3767 >15ms=3740 >20ms=3735 >30ms=133 | probes=3768 wrfail=0 down=0s maxout=0s eatt=4
 130.469  PCTL target=25 tot=1797 to=0 p50=26 p90=26 p99=102 p99.9=159 max=175 g30=126 g100=26 (ms/counts)
 130.469  LOADRAMP: target=50 KBps for 60s
 130.469  t=121s RTT mean=29551 min=26907 max=102430 n=29 to=0 | cancels=0(+0/s) seqbad=0 len_bad=0 disc=0(0x00) | tot_n=3796 tot_to=0 maxever=175833 >2ms=3796 >5ms=3796 >15ms=3769 >20ms=3764 >30ms=134 | probes=3797 wrfail=0 down=0s maxout=0s eatt=4
 132.444  t=122s RTT mean=35287 min=24027 max=193212 n=25 to=0 | cancels=0(+0/s) seqbad=0 len_bad=0 disc=0(0x00) | tot_n=3821 tot_to=0 maxever=193212 >2ms=3821 >5ms=3821 >15ms=3794 >20ms=3789 >30ms=136 | probes=3822 wrfail=0 down=0s maxout=0s eatt=4
 132.499  t=123s RTT mean=39526 min=13892 max=195146 n=26 to=0 | cancels=0(+0/s) seqbad=0 len_bad=0 disc=0(0x00) | tot_n=3847 tot_to=0 maxever=195146 >2ms=3847 >5ms=3847 >15ms=3819 >20ms=3814 >30ms=139 | probes=3847 wrfail=0 down=0s maxout=0s eatt=4
 134.461  t=124s RTT mean=32616 min=26906 max=147747 n=24 to=0 | cancels=0(+0/s) seqbad=0 len_bad=0 disc=0(0x00) | tot_n=3871 tot_to=0 maxever=195146 >2ms=3871 >5ms=3871 >15ms=3843 >20ms=3838 >30ms=141 | probes=3872 wrfail=0 down=0s maxout=0s eatt=4
 134.461  t=125s RTT mean=38240 min=26907 max=197931 n=25 to=0 | cancels=0(+0/s) seqbad=0 len_bad=0 disc=0(0x00) | tot_n=3896 tot_to=0 maxever=197931 >2ms=3896 >5ms=3896 >15ms=3868 >20ms=3863 >30ms=144 | probes=3897 wrfail=0 down=0s maxout=0s eatt=4
 136.434  t=126s RTT mean=39593 min=13899 max=195504 n=26 to=0 | cancels=0(+0/s) seqbad=0 len_bad=0 disc=0(0x00) | tot_n=3922 tot_to=0 maxever=197931 >2ms=3922 >5ms=3922 >15ms=3893 >20ms=3888 >30ms=147 | probes=3923 wrfail=0 down=0s maxout=0s eatt=4
 136.489  t=127s RTT mean=32612 min=26906 max=147742 n=24 to=0 | cancels=0(+0/s) seqbad=0 len_bad=0 disc=0(0x00) | tot_n=3946 tot_to=0 maxever=197931 >2ms=3946 >5ms=3946 >15ms=3917 >20ms=3912 >30ms=149 | probes=3947 wrfail=0 down=0s maxout=0s eatt=4
 138.467  t=128s RTT mean=38240 min=26906 max=197931 n=25 to=0 | cancels=0(+0/s) seqbad=0 len_bad=0 disc=0(0x00) | tot_n=3971 tot_to=0 maxever=197931 >2ms=3971 >5ms=3971 >15ms=3942 >20ms=3937 >30ms=152 | probes=3972 wrfail=0 down=0s maxout=0s eatt=4
 138.467  t=129s RTT mean=39670 min=13898 max=195506 n=26 to=0 | cancels=0(+0/s) seqbad=0 len_bad=0 disc=0(0x00) | tot_n=3997 tot_to=0 maxever=197931 >2ms=3997 >5ms=3997 >15ms=3967 >20ms=3962 >30ms=155 | probes=3997 wrfail=0 down=0s maxout=0s eatt=4
 140.441  t=130s RTT mean=32536 min=26906 max=145847 n=24 to=0 | cancels=0(+0/s) seqbad=0 len_bad=0 disc=0(0x00) | tot_n=4021 tot_to=0 maxever=197931 >2ms=4021 >5ms=4021 >15ms=3991 >20ms=3986 >30ms=157 | probes=4022 wrfail=0 down=0s maxout=0s eatt=4
 140.496  t=131s RTT mean=38554 min=13880 max=197925 n=25 to=0 | cancels=0(+0/s) seqbad=0 len_bad=0 disc=0(0x00) | tot_n=4046 tot_to=0 maxever=197931 >2ms=4046 >5ms=4046 >15ms=4015 >20ms=4010 >30ms=160 | probes=4047 wrfail=0 down=0s maxout=0s eatt=4
 142.458  t=132s RTT mean=38969 min=13889 max=194612 n=26 to=0 | cancels=0(+0/s) seqbad=0 len_bad=0 disc=0(0x00) | tot_n=4072 tot_to=0 maxever=197931 >2ms=4072 >5ms=4072 >15ms=4040 >20ms=4035 >30ms=163 | probes=4073 wrfail=0 down=0s maxout=0s eatt=4
 142.458  t=133s RTT mean=32965 min=26906 max=156213 n=24 to=0 | cancels=0(+0/s) seqbad=0 len_bad=0 disc=0(0x00) | tot_n=4096 tot_to=0 maxever=197931 >2ms=4096 >5ms=4096 >15ms=4064 >20ms=4059 >30ms=165 | probes=4097 wrfail=0 down=0s maxout=0s eatt=4
 144.474  t=134s RTT mean=31330 min=26029 max=92530 n=24 to=1 | cancels=0(+0/s) seqbad=1 len_bad=0 disc=0(0x00) | tot_n=4120 tot_to=1 maxever=197931 >2ms=4120 >5ms=4120 >15ms=4088 >20ms=4083 >30ms=167 | probes=4122 wrfail=0 down=0s maxout=0s eatt=4
 144.474  t=135s RTT mean=39704 min=13892 max=194610 n=26 to=0 | cancels=0(+0/s) seqbad=1 len_bad=0 disc=0(0x00) | tot_n=4146 tot_to=1 maxever=197931 >2ms=4146 >5ms=4146 >15ms=4113 >20ms=4108 >30ms=170 | probes=4148 wrfail=0 down=0s maxout=0s eatt=4
 146.450  t=136s RTT mean=32615 min=26907 max=147743 n=24 to=0 | cancels=0(+0/s) seqbad=1 len_bad=0 disc=0(0x00) | tot_n=4170 tot_to=1 maxever=197931 >2ms=4170 >5ms=4170 >15ms=4137 >20ms=4132 >30ms=172 | probes=4172 wrfail=0 down=0s maxout=0s eatt=4
 146.505  t=137s RTT mean=31454 min=26029 max=92547 n=24 to=1 | cancels=0(+0/s) seqbad=2 len_bad=0 disc=0(0x00) | tot_n=4194 tot_to=2 maxever=197931 >2ms=4194 >5ms=4194 >15ms=4161 >20ms=4156 >30ms=174 | probes=4197 wrfail=0 down=0s maxout=0s eatt=4
 148.477  t=138s RTT mean=34002 min=26481 max=159913 n=24 to=1 | cancels=0(+0/s) seqbad=3 len_bad=0 disc=0(0x00) | tot_n=4218 tot_to=3 maxever=197931 >2ms=4218 >5ms=4218 >15ms=4185 >20ms=4180 >30ms=176 | probes=4222 wrfail=0 down=0s maxout=0s eatt=4
 148.477  t=139s RTT mean=32925 min=26906 max=162743 n=24 to=0 | cancels=0(+0/s) seqbad=3 len_bad=0 disc=0(0x00) | tot_n=4242 tot_to=3 maxever=197931 >2ms=4242 >5ms=4242 >15ms=4209 >20ms=4204 >30ms=178 | probes=4246 wrfail=0 down=0s maxout=0s eatt=4
 150.446  t=140s RTT mean=31766 min=26481 max=99595 n=24 to=1 | cancels=0(+0/s) seqbad=4 len_bad=0 disc=0(0x00) | tot_n=4266 tot_to=4 maxever=197931 >2ms=4266 >5ms=4266 >15ms=4233 >20ms=4228 >30ms=180 | probes=4271 wrfail=0 down=0s maxout=0s eatt=4
 150.501  t=141s RTT mean=39593 min=13892 max=195505 n=26 to=0 | cancels=0(+0/s) seqbad=4 len_bad=0 disc=0(0x00) | tot_n=4292 tot_to=4 maxever=197931 >2ms=4292 >5ms=4292 >15ms=4258 >20ms=4253 >30ms=183 | probes=4297 wrfail=0 down=0s maxout=0s eatt=4
 152.473  t=142s RTT mean=32615 min=26907 max=147742 n=24 to=0 | cancels=0(+0/s) seqbad=4 len_bad=0 disc=0(0x00) | tot_n=4316 tot_to=4 maxever=197931 >2ms=4316 >5ms=4316 >15ms=4282 >20ms=4277 >30ms=185 | probes=4321 wrfail=0 down=0s maxout=0s eatt=4
 152.473  t=143s RTT mean=38240 min=26907 max=197931 n=25 to=0 | cancels=0(+0/s) seqbad=4 len_bad=0 disc=0(0x00) | tot_n=4341 tot_to=4 maxever=197931 >2ms=4341 >5ms=4341 >15ms=4307 >20ms=4302 >30ms=188 | probes=4346 wrfail=0 down=0s maxout=0s eatt=4
 154.438  t=144s RTT mean=39593 min=13892 max=198290 n=26 to=0 | cancels=0(+0/s) seqbad=4 len_bad=0 disc=0(0x00) | tot_n=4367 tot_to=4 maxever=198290 >2ms=4367 >5ms=4367 >15ms=4332 >20ms=4327 >30ms=191 | probes=4372 wrfail=0 down=0s maxout=0s eatt=4
 154.495  t=145s RTT mean=32612 min=26906 max=147744 n=24 to=0 | cancels=0(+0/s) seqbad=4 len_bad=0 disc=0(0x00) | tot_n=4391 tot_to=4 maxever=198290 >2ms=4391 >5ms=4391 >15ms=4356 >20ms=4351 >30ms=193 | probes=4396 wrfail=0 down=0s maxout=0s eatt=4
 156.468  t=146s RTT mean=31780 min=13881 max=107071 n=24 to=1 | cancels=0(+0/s) seqbad=5 len_bad=0 disc=0(0x00) | tot_n=4415 tot_to=5 maxever=198290 >2ms=4415 >5ms=4415 >15ms=4379 >20ms=4374 >30ms=195 | probes=4421 wrfail=0 down=0s maxout=0s eatt=4
 156.468  t=147s RTT mean=38969 min=13890 max=194611 n=26 to=0 | cancels=0(+0/s) seqbad=5 len_bad=0 disc=0(0x00) | tot_n=4441 tot_to=5 maxever=198290 >2ms=4441 >5ms=4441 >15ms=4404 >20ms=4399 >30ms=198 | probes=4447 wrfail=0 down=0s maxout=0s eatt=4
 158.435  t=148s RTT mean=32965 min=26907 max=156214 n=24 to=0 | cancels=0(+0/s) seqbad=5 len_bad=0 disc=0(0x00) | tot_n=4465 tot_to=5 maxever=198290 >2ms=4465 >5ms=4465 >15ms=4428 >20ms=4423 >30ms=200 | probes=4471 wrfail=0 down=0s maxout=0s eatt=4
 158.485  t=149s RTT mean=38240 min=26907 max=197932 n=25 to=0 | cancels=0(+0/s) seqbad=5 len_bad=0 disc=0(0x00) | tot_n=4490 tot_to=5 maxever=198290 >2ms=4490 >5ms=4490 >15ms=4453 >20ms=4448 >30ms=203 | probes=4496 wrfail=0 down=0s maxout=0s eatt=4
 160.444  t=150s RTT mean=39670 min=13910 max=195504 n=26 to=0 | cancels=0(+0/s) seqbad=5 len_bad=0 disc=0(0x00) | tot_n=4516 tot_to=5 maxever=198290 >2ms=4516 >5ms=4516 >15ms=4478 >20ms=4473 >30ms=206 | probes=4522 wrfail=0 down=0s maxout=0s eatt=4
 160.499  t=151s RTT mean=32534 min=26906 max=145856 n=24 to=0 | cancels=0(+0/s) seqbad=5 len_bad=0 disc=0(0x00) | tot_n=4540 tot_to=5 maxever=198290 >2ms=4540 >5ms=4540 >15ms=4502 >20ms=4497 >30ms=208 | probes=4546 wrfail=0 down=0s maxout=0s eatt=4
 162.475  t=152s RTT mean=32956 min=26481 max=122092 n=23 to=1 | cancels=0(+0/s) seqbad=6 len_bad=0 disc=0(0x00) | tot_n=4563 tot_to=6 maxever=198290 >2ms=4563 >5ms=4563 >15ms=4525 >20ms=4520 >30ms=210 | probes=4570 wrfail=0 down=0s maxout=0s eatt=4
 162.475  t=153s RTT mean=39670 min=13914 max=195504 n=26 to=0 | cancels=0(+0/s) seqbad=6 len_bad=0 disc=0(0x00) | tot_n=4589 tot_to=6 maxever=198290 >2ms=4589 >5ms=4589 >15ms=4550 >20ms=4545 >30ms=213 | probes=4596 wrfail=0 down=0s maxout=0s eatt=4
 164.452  t=154s RTT mean=32534 min=26907 max=145857 n=24 to=0 | cancels=0(+0/s) seqbad=6 len_bad=0 disc=0(0x00) | tot_n=4613 tot_to=6 maxever=198290 >2ms=4613 >5ms=4613 >15ms=4574 >20ms=4569 >30ms=215 | probes=4620 wrfail=0 down=0s maxout=0s eatt=4
 164.508  t=155s RTT mean=38240 min=26907 max=197932 n=25 to=0 | cancels=0(+0/s) seqbad=6 len_bad=0 disc=0(0x00) | tot_n=4638 tot_to=6 maxever=198290 >2ms=4638 >5ms=4638 >15ms=4599 >20ms=4594 >30ms=218 | probes=4645 wrfail=0 down=0s maxout=0s eatt=4
 166.481  t=156s RTT mean=40700 min=26906 max=195503 n=25 to=0 | cancels=0(+0/s) seqbad=6 len_bad=0 disc=0(0x00) | tot_n=4663 tot_to=6 maxever=198290 >2ms=4663 >5ms=4663 >15ms=4624 >20ms=4619 >30ms=222 | probes=4670 wrfail=0 down=0s maxout=0s eatt=4
 166.481  t=157s RTT mean=32925 min=26906 max=162741 n=24 to=0 | cancels=0(+0/s) seqbad=6 len_bad=0 disc=0(0x00) | tot_n=4687 tot_to=6 maxever=198290 >2ms=4687 >5ms=4687 >15ms=4648 >20ms=4643 >30ms=224 | probes=4694 wrfail=0 down=0s maxout=0s eatt=4
 168.452  t=158s RTT mean=38540 min=26907 max=197447 n=25 to=0 | cancels=0(+0/s) seqbad=6 len_bad=0 disc=0(0x00) | tot_n=4712 tot_to=6 maxever=198290 >2ms=4712 >5ms=4712 >15ms=4673 >20ms=4668 >30ms=227 | probes=4719 wrfail=0 down=0s maxout=0s eatt=4
 168.507  t=159s RTT mean=37383 min=26907 max=195505 n=26 to=0 | cancels=0(+0/s) seqbad=6 len_bad=0 disc=0(0x00) | tot_n=4738 tot_to=6 maxever=198290 >2ms=4738 >5ms=4738 >15ms=4699 >20ms=4694 >30ms=230 | probes=4745 wrfail=0 down=0s maxout=0s eatt=4
 170.463  t=160s RTT mean=36510 min=24027 max=193213 n=25 to=0 | cancels=0(+0/s) seqbad=6 len_bad=0 disc=0(0x00) | tot_n=4763 tot_to=6 maxever=198290 >2ms=4763 >5ms=4763 >15ms=4724 >20ms=4719 >30ms=232 | probes=4770 wrfail=0 down=0s maxout=0s eatt=4
 170.463  t=161s RTT mean=35363 min=24027 max=193214 n=25 to=0 | cancels=0(+0/s) seqbad=6 len_bad=0 disc=0(0x00) | tot_n=4788 tot_to=6 maxever=198290 >2ms=4788 >5ms=4788 >15ms=4749 >20ms=4744 >30ms=234 | probes=4795 wrfail=0 down=0s maxout=0s eatt=4
 172.438  t=162s RTT mean=39452 min=13896 max=194615 n=26 to=0 | cancels=0(+0/s) seqbad=6 len_bad=0 disc=0(0x00) | tot_n=4814 tot_to=6 maxever=198290 >2ms=4814 >5ms=4814 >15ms=4774 >20ms=4769 >30ms=237 | probes=4821 wrfail=0 down=0s maxout=0s eatt=4
 172.493  t=163s RTT mean=32615 min=26906 max=147743 n=24 to=0 | cancels=0(+0/s) seqbad=6 len_bad=0 disc=0(0x00) | tot_n=4838 tot_to=6 maxever=198290 >2ms=4838 >5ms=4838 >15ms=4798 >20ms=4793 >30ms=239 | probes=4845 wrfail=0 down=0s maxout=0s eatt=4
 174.458  t=164s RTT mean=38437 min=26907 max=197924 n=25 to=0 | cancels=0(+0/s) seqbad=6 len_bad=0 disc=0(0x00) | tot_n=4863 tot_to=6 maxever=198290 >2ms=4863 >5ms=4863 >15ms=4823 >20ms=4818 >30ms=242 | probes=4870 wrfail=0 down=0s maxout=0s eatt=4
 174.458  t=165s RTT mean=39132 min=13901 max=196070 n=26 to=0 | cancels=0(+0/s) seqbad=6 len_bad=0 disc=0(0x00) | tot_n=4889 tot_to=6 maxever=198290 >2ms=4889 >5ms=4889 >15ms=4848 >20ms=4843 >30ms=245 | probes=4896 wrfail=0 down=0s maxout=0s eatt=4
 176.486  t=166s RTT mean=33336 min=26907 max=154821 n=24 to=0 | cancels=0(+0/s) seqbad=6 len_bad=0 disc=0(0x00) | tot_n=4913 tot_to=6 maxever=198290 >2ms=4913 >5ms=4913 >15ms=4872 >20ms=4867 >30ms=247 | probes=4920 wrfail=0 down=0s maxout=0s eatt=4
 176.486  t=167s RTT mean=37975 min=26441 max=198530 n=25 to=0 | cancels=0(+0/s) seqbad=6 len_bad=0 disc=0(0x00) | tot_n=4938 tot_to=6 maxever=198530 >2ms=4938 >5ms=4938 >15ms=4897 >20ms=4892 >30ms=250 | probes=4945 wrfail=0 down=0s maxout=0s eatt=4
 178.455  t=168s RTT mean=39529 min=13915 max=194615 n=26 to=0 | cancels=0(+0/s) seqbad=6 len_bad=0 disc=0(0x00) | tot_n=4964 tot_to=6 maxever=198530 >2ms=4964 >5ms=4964 >15ms=4922 >20ms=4917 >30ms=253 | probes=4971 wrfail=0 down=0s maxout=0s eatt=4
 178.510  t=169s RTT mean=32533 min=26906 max=145856 n=24 to=0 | cancels=0(+0/s) seqbad=6 len_bad=0 disc=0(0x00) | tot_n=4988 tot_to=6 maxever=198530 >2ms=4988 >5ms=4988 >15ms=4946 >20ms=4941 >30ms=255 | probes=4995 wrfail=0 down=0s maxout=0s eatt=4
 180.490  t=170s RTT mean=38118 min=26440 max=199317 n=25 to=0 | cancels=0(+0/s) seqbad=6 len_bad=0 disc=0(0x00) | tot_n=5013 tot_to=6 maxever=199317 >2ms=5013 >5ms=5013 >15ms=4971 >20ms=4966 >30ms=258 | probes=5020 wrfail=0 down=0s maxout=0s eatt=4
 180.490  t=171s RTT mean=41026 min=26907 max=194609 n=25 to=0 | cancels=0(+0/s) seqbad=6 len_bad=0 disc=0(0x00) | tot_n=5038 tot_to=6 maxever=199317 >2ms=5038 >5ms=5038 >15ms=4996 >20ms=4991 >30ms=261 | probes=5045 wrfail=0 down=0s maxout=0s eatt=4
 182.462  t=172s RTT mean=33026 min=26907 max=157602 n=24 to=0 | cancels=0(+0/s) seqbad=6 len_bad=0 disc=0(0x00) | tot_n=5062 tot_to=6 maxever=199317 >2ms=5062 >5ms=5062 >15ms=5020 >20ms=5015 >30ms=263 | probes=5069 wrfail=0 down=0s maxout=0s eatt=4
 182.462  t=173s RTT mean=38240 min=26906 max=197932 n=25 to=0 | cancels=0(+0/s) seqbad=6 len_bad=0 disc=0(0x00) | tot_n=5087 tot_to=6 maxever=199317 >2ms=5087 >5ms=5087 >15ms=5045 >20ms=5040 >30ms=266 | probes=5094 wrfail=0 down=0s maxout=0s eatt=4
 184.437  t=174s RTT mean=39670 min=13914 max=195503 n=26 to=0 | cancels=0(+0/s) seqbad=6 len_bad=0 disc=0(0x00) | tot_n=5113 tot_to=6 maxever=199317 >2ms=5113 >5ms=5113 >15ms=5070 >20ms=5065 >30ms=269 | probes=5120 wrfail=0 down=0s maxout=0s eatt=4
 184.492  t=175s RTT mean=32534 min=26907 max=145858 n=24 to=0 | cancels=0(+0/s) seqbad=6 len_bad=0 disc=0(0x00) | tot_n=5137 tot_to=6 maxever=199317 >2ms=5137 >5ms=5137 >15ms=5094 >20ms=5089 >30ms=271 | probes=5144 wrfail=0 down=0s maxout=0s eatt=4
 186.460  t=176s RTT mean=38241 min=26906 max=197919 n=25 to=0 | cancels=0(+0/s) seqbad=6 len_bad=0 disc=0(0x00) | tot_n=5162 tot_to=6 maxever=199317 >2ms=5162 >5ms=5162 >15ms=5119 >20ms=5114 >30ms=274 | probes=5169 wrfail=0 down=0s maxout=0s eatt=4
 186.460  t=177s RTT mean=39593 min=13896 max=195504 n=26 to=0 | cancels=0(+0/s) seqbad=6 len_bad=0 disc=0(0x00) | tot_n=5188 tot_to=6 maxever=199317 >2ms=5188 >5ms=5188 >15ms=5144 >20ms=5139 >30ms=277 | probes=5195 wrfail=0 down=0s maxout=0s eatt=4
 188.486  t=178s RTT mean=35761 min=26907 max=162743 n=24 to=0 | cancels=0(+0/s) seqbad=6 len_bad=0 disc=0(0x00) | tot_n=5212 tot_to=6 maxever=199317 >2ms=5212 >5ms=5212 >15ms=5168 >20ms=5163 >30ms=279 | probes=5219 wrfail=0 down=0s maxout=0s eatt=4
 188.486  t=179s RTT mean=35589 min=13893 max=193214 n=25 to=0 | cancels=0(+0/s) seqbad=6 len_bad=0 disc=0(0x00) | tot_n=5237 tot_to=6 maxever=199317 >2ms=5237 >5ms=5237 >15ms=5192 >20ms=5187 >30ms=282 | probes=5244 wrfail=0 down=0s maxout=0s eatt=4
 190.457  t=180s RTT mean=38915 min=13893 max=194612 n=26 to=0 | cancels=0(+0/s) seqbad=6 len_bad=0 disc=0(0x00) | tot_n=5263 tot_to=6 maxever=199317 >2ms=5263 >5ms=5263 >15ms=5217 >20ms=5212 >30ms=285 | probes=5270 wrfail=0 down=0s maxout=0s eatt=4
 190.457  PCTL target=50 tot=1492 to=6 p50=26 p90=39 p99=195 p99.9=198 max=199 g30=153 g100=81 (ms/counts)
 190.457  LOADRAMP: target=75 KBps for 60s
 190.512  t=181s RTT mean=32830 min=26906 max=156210 n=24 to=0 | cancels=0(+0/s) seqbad=6 len_bad=0 disc=0(0x00) | tot_n=5287 tot_to=6 maxever=199317 >2ms=5287 >5ms=5287 >15ms=5241 >20ms=5236 >30ms=287 | probes=5294 wrfail=0 down=0s maxout=0s eatt=4
 192.487  t=182s RTT mean=46980 min=26440 max=198438 n=21 to=0 | cancels=0(+0/s) seqbad=6 len_bad=0 disc=0(0x00) | tot_n=5308 tot_to=6 maxever=199317 >2ms=5308 >5ms=5308 >15ms=5262 >20ms=5257 >30ms=291 | probes=5315 wrfail=0 down=0s maxout=0s eatt=4
 192.487  t=183s RTT mean=47708 min=6241 max=198310 n=21 to=0 | cancels=0(+0/s) seqbad=6 len_bad=0 disc=0(0x00) | tot_n=5329 tot_to=6 maxever=199317 >2ms=5329 >5ms=5329 >15ms=5282 >20ms=5277 >30ms=294 | probes=5336 wrfail=0 down=0s maxout=0s eatt=4
 194.461  t=184s RTT mean=42650 min=26907 max=197947 n=21 to=0 | cancels=0(+0/s) seqbad=6 len_bad=0 disc=0(0x00) | tot_n=5350 tot_to=6 maxever=199317 >2ms=5350 >5ms=5350 >15ms=5303 >20ms=5298 >30ms=298 | probes=5357 wrfail=0 down=0s maxout=0s eatt=4
 194.516  t=185s RTT mean=42242 min=13887 max=198944 n=21 to=0 | cancels=0(+0/s) seqbad=6 len_bad=0 disc=0(0x00) | tot_n=5371 tot_to=6 maxever=199317 >2ms=5371 >5ms=5371 >15ms=5323 >20ms=5318 >30ms=302 | probes=5378 wrfail=0 down=0s maxout=0s eatt=4
 196.489  t=186s RTT mean=45660 min=17992 max=197593 n=22 to=0 | cancels=0(+0/s) seqbad=6 len_bad=0 disc=0(0x00) | tot_n=5393 tot_to=6 maxever=199317 >2ms=5393 >5ms=5393 >15ms=5345 >20ms=5339 >30ms=306 | probes=5400 wrfail=0 down=0s maxout=0s eatt=4
 196.489  t=187s RTT mean=39055 min=26441 max=197946 n=21 to=0 | cancels=0(+0/s) seqbad=6 len_bad=0 disc=0(0x00) | tot_n=5414 tot_to=6 maxever=199317 >2ms=5414 >5ms=5414 >15ms=5366 >20ms=5360 >30ms=309 | probes=5421 wrfail=0 down=0s maxout=0s eatt=4
 198.461  t=188s RTT mean=46911 min=13881 max=197936 n=21 to=0 | cancels=0(+0/s) seqbad=6 len_bad=0 disc=0(0x00) | tot_n=5435 tot_to=6 maxever=199317 >2ms=5435 >5ms=5435 >15ms=5386 >20ms=5380 >30ms=313 | probes=5442 wrfail=0 down=0s maxout=0s eatt=4
 198.516  t=189s RTT mean=45721 min=10880 max=198019 n=22 to=0 | cancels=0(+0/s) seqbad=6 len_bad=0 disc=0(0x00) | tot_n=5457 tot_to=6 maxever=199317 >2ms=5457 >5ms=5457 >15ms=5407 >20ms=5401 >30ms=317 | probes=5464 wrfail=0 down=0s maxout=0s eatt=4
 200.492  t=190s RTT mean=42944 min=26907 max=198083 n=21 to=0 | cancels=0(+0/s) seqbad=6 len_bad=0 disc=0(0x00) | tot_n=5478 tot_to=6 maxever=199317 >2ms=5478 >5ms=5478 >15ms=5428 >20ms=5422 >30ms=321 | probes=5485 wrfail=0 down=0s maxout=0s eatt=4
 200.492  t=191s RTT mean=42308 min=13888 max=198944 n=21 to=0 | cancels=0(+0/s) seqbad=6 len_bad=0 disc=0(0x00) | tot_n=5499 tot_to=6 maxever=199317 >2ms=5499 >5ms=5499 >15ms=5448 >20ms=5442 >30ms=325 | probes=5506 wrfail=0 down=0s maxout=0s eatt=4
 202.457  t=192s RTT mean=40905 min=13882 max=194818 n=20 to=1 | cancels=0(+0/s) seqbad=7 len_bad=0 disc=0(0x00) | tot_n=5519 tot_to=7 maxever=199317 >2ms=5519 >5ms=5519 >15ms=5467 >20ms=5461 >30ms=328 | probes=5527 wrfail=0 down=0s maxout=0s eatt=4
 202.512  t=193s RTT mean=42740 min=26907 max=198443 n=21 to=0 | cancels=0(+0/s) seqbad=7 len_bad=0 disc=0(0x00) | tot_n=5540 tot_to=7 maxever=199317 >2ms=5540 >5ms=5540 >15ms=5488 >20ms=5482 >30ms=332 | probes=5548 wrfail=0 down=0s maxout=0s eatt=4
 204.471  t=194s RTT mean=42308 min=13888 max=198940 n=21 to=0 | cancels=0(+0/s) seqbad=7 len_bad=0 disc=0(0x00) | tot_n=5561 tot_to=7 maxever=199317 >2ms=5561 >5ms=5561 >15ms=5508 >20ms=5502 >30ms=336 | probes=5569 wrfail=0 down=0s maxout=0s eatt=4
 204.471  t=195s RTT mean=47820 min=24027 max=198012 n=21 to=0 | cancels=0(+0/s) seqbad=7 len_bad=0 disc=0(0x00) | tot_n=5582 tot_to=7 maxever=199317 >2ms=5582 >5ms=5582 >15ms=5529 >20ms=5523 >30ms=339 | probes=5590 wrfail=0 down=0s maxout=0s eatt=4
 206.490  t=196s RTT mean=39145 min=26439 max=198444 n=21 to=0 | cancels=0(+0/s) seqbad=7 len_bad=0 disc=0(0x00) | tot_n=5603 tot_to=7 maxever=199317 >2ms=5603 >5ms=5603 >15ms=5550 >20ms=5544 >30ms=342 | probes=5611 wrfail=0 down=0s maxout=0s eatt=4
 206.491  t=197s RTT mean=46619 min=13881 max=197945 n=21 to=0 | cancels=0(+0/s) seqbad=7 len_bad=0 disc=0(0x00) | tot_n=5624 tot_to=7 maxever=199317 >2ms=5624 >5ms=5624 >15ms=5570 >20ms=5564 >30ms=346 | probes=5632 wrfail=0 down=0s maxout=0s eatt=4
 208.465  t=198s RTT mean=45506 min=16598 max=198018 n=22 to=0 | cancels=0(+0/s) seqbad=7 len_bad=0 disc=0(0x00) | tot_n=5646 tot_to=7 maxever=199317 >2ms=5646 >5ms=5646 >15ms=5592 >20ms=5585 >30ms=350 | probes=5654 wrfail=0 down=0s maxout=0s eatt=4
 208.521  t=199s RTT mean=39145 min=26441 max=198443 n=21 to=0 | cancels=0(+0/s) seqbad=7 len_bad=0 disc=0(0x00) | tot_n=5667 tot_to=7 maxever=199317 >2ms=5667 >5ms=5667 >15ms=5613 >20ms=5606 >30ms=353 | probes=5675 wrfail=0 down=0s maxout=0s eatt=4
 210.496  t=200s RTT mean=46620 min=13881 max=197936 n=21 to=0 | cancels=0(+0/s) seqbad=7 len_bad=0 disc=0(0x00) | tot_n=5688 tot_to=7 maxever=199317 >2ms=5688 >5ms=5688 >15ms=5633 >20ms=5626 >30ms=357 | probes=5696 wrfail=0 down=0s maxout=0s eatt=4
 210.496  t=201s RTT mean=47045 min=13881 max=198019 n=22 to=0 | cancels=0(+0/s) seqbad=7 len_bad=0 disc=0(0x00) | tot_n=5710 tot_to=7 maxever=199317 >2ms=5710 >5ms=5710 >15ms=5654 >20ms=5646 >30ms=362 | probes=5718 wrfail=0 down=0s maxout=0s eatt=4
 212.467  t=202s RTT mean=39436 min=25331 max=197479 n=20 to=0 | cancels=0(+0/s) seqbad=7 len_bad=0 disc=0(0x00) | tot_n=5730 tot_to=7 maxever=199317 >2ms=5730 >5ms=5730 >15ms=5674 >20ms=5666 >30ms=365 | probes=5738 wrfail=0 down=0s maxout=0s eatt=4
 212.522  t=203s RTT mean=39186 min=13881 max=191577 n=20 to=1 | cancels=0(+0/s) seqbad=8 len_bad=0 disc=0(0x00) | tot_n=5750 tot_to=8 maxever=199317 >2ms=5750 >5ms=5750 >15ms=5693 >20ms=5685 >30ms=368 | probes=5759 wrfail=0 down=0s maxout=0s eatt=4
 214.486  t=204s RTT mean=45990 min=13810 max=198308 n=22 to=0 | cancels=0(+0/s) seqbad=8 len_bad=0 disc=0(0x00) | tot_n=5772 tot_to=8 maxever=199317 >2ms=5772 >5ms=5772 >15ms=5714 >20ms=5706 >30ms=372 | probes=5781 wrfail=0 down=0s maxout=0s eatt=4
 214.487  t=205s RTT mean=40506 min=26907 max=198443 n=20 to=0 | cancels=0(+0/s) seqbad=8 len_bad=0 disc=0(0x00) | tot_n=5792 tot_to=8 maxever=199317 >2ms=5792 >5ms=5792 >15ms=5734 >20ms=5726 >30ms=375 | probes=5801 wrfail=0 down=0s maxout=0s eatt=4
 216.458  t=206s RTT mean=46620 min=13880 max=197935 n=21 to=0 | cancels=0(+0/s) seqbad=8 len_bad=0 disc=0(0x00) | tot_n=5813 tot_to=8 maxever=199317 >2ms=5813 >5ms=5813 >15ms=5754 >20ms=5746 >30ms=379 | probes=5822 wrfail=0 down=0s maxout=0s eatt=4
 216.513  t=207s RTT mean=45871 min=16598 max=198015 n=22 to=0 | cancels=0(+0/s) seqbad=8 len_bad=0 disc=0(0x00) | tot_n=5835 tot_to=8 maxever=199317 >2ms=5835 >5ms=5835 >15ms=5776 >20ms=5767 >30ms=383 | probes=5844 wrfail=0 down=0s maxout=0s eatt=4
 218.485  t=208s RTT mean=32451 min=26906 max=103122 n=19 to=1 | cancels=0(+0/s) seqbad=9 len_bad=0 disc=0(0x00) | tot_n=5854 tot_to=9 maxever=199317 >2ms=5854 >5ms=5854 >15ms=5795 >20ms=5786 >30ms=385 | probes=5864 wrfail=0 down=0s maxout=0s eatt=4
 218.485  t=209s RTT mean=46980 min=26441 max=197480 n=21 to=0 | cancels=0(+0/s) seqbad=9 len_bad=0 disc=0(0x00) | tot_n=5875 tot_to=9 maxever=199317 >2ms=5875 >5ms=5875 >15ms=5816 >20ms=5807 >30ms=389 | probes=5885 wrfail=0 down=0s maxout=0s eatt=4
 220.457  t=210s RTT mean=47106 min=18454 max=197480 n=21 to=0 | cancels=0(+0/s) seqbad=9 len_bad=0 disc=0(0x00) | tot_n=5896 tot_to=9 maxever=199317 >2ms=5896 >5ms=5896 >15ms=5837 >20ms=5827 >30ms=392 | probes=5906 wrfail=0 down=0s maxout=0s eatt=4
 220.512  t=211s RTT mean=44504 min=26907 max=197545 n=21 to=0 | cancels=0(+0/s) seqbad=9 len_bad=0 disc=0(0x00) | tot_n=5917 tot_to=9 maxever=199317 >2ms=5917 >5ms=5917 >15ms=5858 >20ms=5848 >30ms=396 | probes=5927 wrfail=0 down=0s maxout=0s eatt=4
 222.482  t=212s RTT mean=43220 min=26906 max=199002 n=20 to=0 | cancels=0(+0/s) seqbad=9 len_bad=0 disc=0(0x00) | tot_n=5937 tot_to=9 maxever=199317 >2ms=5937 >5ms=5937 >15ms=5878 >20ms=5868 >30ms=400 | probes=5947 wrfail=0 down=0s maxout=0s eatt=4
 222.482  t=213s RTT mean=46297 min=13939 max=198418 n=22 to=0 | cancels=0(+0/s) seqbad=9 len_bad=0 disc=0(0x00) | tot_n=5959 tot_to=9 maxever=199317 >2ms=5959 >5ms=5959 >15ms=5899 >20ms=5889 >30ms=403 | probes=5969 wrfail=0 down=0s maxout=0s eatt=4
 224.494  t=214s RTT mean=43279 min=26906 max=197480 n=21 to=0 | cancels=0(+0/s) seqbad=9 len_bad=0 disc=0(0x00) | tot_n=5980 tot_to=9 maxever=199317 >2ms=5980 >5ms=5980 >15ms=5920 >20ms=5910 >30ms=407 | probes=5990 wrfail=0 down=0s maxout=0s eatt=4
 224.494  t=215s RTT mean=41973 min=13880 max=198936 n=21 to=0 | cancels=0(+0/s) seqbad=9 len_bad=0 disc=0(0x00) | tot_n=6001 tot_to=9 maxever=199317 >2ms=6001 >5ms=6001 >15ms=5940 >20ms=5930 >30ms=411 | probes=6011 wrfail=0 down=0s maxout=0s eatt=4
 226.463  t=216s RTT mean=45252 min=22170 max=197485 n=22 to=0 | cancels=0(+0/s) seqbad=9 len_bad=0 disc=0(0x00) | tot_n=6023 tot_to=9 maxever=199317 >2ms=6023 >5ms=6023 >15ms=5962 >20ms=5952 >30ms=415 | probes=6033 wrfail=0 down=0s maxout=0s eatt=4
 226.518  t=217s RTT mean=43990 min=26907 max=197478 n=21 to=0 | cancels=0(+0/s) seqbad=9 len_bad=0 disc=0(0x00) | tot_n=6044 tot_to=9 maxever=199317 >2ms=6044 >5ms=6044 >15ms=5983 >20ms=5973 >30ms=419 | probes=6054 wrfail=0 down=0s maxout=0s eatt=4
 228.490  t=218s RTT mean=33832 min=13886 max=108997 n=20 to=1 | cancels=0(+0/s) seqbad=10 len_bad=0 disc=0(0x00) | tot_n=6064 tot_to=10 maxever=199317 >2ms=6064 >5ms=6064 >15ms=6002 >20ms=5992 >30ms=422 | probes=6075 wrfail=0 down=0s maxout=0s eatt=4
 228.490  t=219s RTT mean=45121 min=26907 max=198303 n=22 to=0 | cancels=0(+0/s) seqbad=10 len_bad=0 disc=0(0x00) | tot_n=6086 tot_to=10 maxever=199317 >2ms=6086 >5ms=6086 >15ms=6024 >20ms=6014 >30ms=426 | probes=6097 wrfail=0 down=0s maxout=0s eatt=4
 230.463  t=220s RTT mean=44369 min=26907 max=198012 n=21 to=0 | cancels=0(+0/s) seqbad=10 len_bad=0 disc=0(0x00) | tot_n=6107 tot_to=10 maxever=199317 >2ms=6107 >5ms=6107 >15ms=6045 >20ms=6035 >30ms=430 | probes=6118 wrfail=0 down=0s maxout=0s eatt=4
 230.518  t=221s RTT mean=41881 min=13940 max=198938 n=21 to=0 | cancels=0(+0/s) seqbad=10 len_bad=0 disc=0(0x00) | tot_n=6128 tot_to=10 maxever=199317 >2ms=6128 >5ms=6128 >15ms=6065 >20ms=6055 >30ms=434 | probes=6139 wrfail=0 down=0s maxout=0s eatt=4
 232.498  t=222s RTT mean=47333 min=26907 max=197947 n=21 to=0 | cancels=0(+0/s) seqbad=10 len_bad=0 disc=0(0x00) | tot_n=6149 tot_to=10 maxever=199317 >2ms=6149 >5ms=6149 >15ms=6086 >20ms=6076 >30ms=438 | probes=6160 wrfail=0 down=0s maxout=0s eatt=4
 232.498  t=223s RTT mean=44369 min=26907 max=198012 n=21 to=0 | cancels=0(+0/s) seqbad=10 len_bad=0 disc=0(0x00) | tot_n=6170 tot_to=10 maxever=199317 >2ms=6170 >5ms=6170 >15ms=6107 >20ms=6097 >30ms=442 | probes=6181 wrfail=0 down=0s maxout=0s eatt=4
 234.465  t=224s RTT mean=41881 min=13938 max=198944 n=21 to=0 | cancels=0(+0/s) seqbad=10 len_bad=0 disc=0(0x00) | tot_n=6191 tot_to=10 maxever=199317 >2ms=6191 >5ms=6191 >15ms=6127 >20ms=6117 >30ms=446 | probes=6202 wrfail=0 down=0s maxout=0s eatt=4
 234.520  t=225s RTT mean=47267 min=26907 max=197946 n=21 to=0 | cancels=0(+0/s) seqbad=10 len_bad=0 disc=0(0x00) | tot_n=6212 tot_to=10 maxever=199317 >2ms=6212 >5ms=6212 >15ms=6148 >20ms=6138 >30ms=450 | probes=6223 wrfail=0 down=0s maxout=0s eatt=4
 236.495  t=226s RTT mean=44435 min=26907 max=197646 n=21 to=0 | cancels=0(+0/s) seqbad=10 len_bad=0 disc=0(0x00) | tot_n=6233 tot_to=10 maxever=199317 >2ms=6233 >5ms=6233 >15ms=6169 >20ms=6159 >30ms=454 | probes=6244 wrfail=0 down=0s maxout=0s eatt=4
 236.495  t=227s RTT mean=33832 min=13886 max=108996 n=20 to=1 | cancels=0(+0/s) seqbad=11 len_bad=0 disc=0(0x00) | tot_n=6253 tot_to=11 maxever=199317 >2ms=6253 >5ms=6253 >15ms=6188 >20ms=6178 >30ms=457 | probes=6265 wrfail=0 down=0s maxout=0s eatt=4
 238.460  t=228s RTT mean=45121 min=26907 max=198307 n=22 to=0 | cancels=0(+0/s) seqbad=11 len_bad=0 disc=0(0x00) | tot_n=6275 tot_to=11 maxever=199317 >2ms=6275 >5ms=6275 >15ms=6210 >20ms=6200 >30ms=461 | probes=6287 wrfail=0 down=0s maxout=0s eatt=4
 238.515  t=229s RTT mean=36524 min=26907 max=102435 n=20 to=1 | cancels=0(+0/s) seqbad=11 len_bad=0 disc=0(0x00) | tot_n=6295 tot_to=12 maxever=199317 >2ms=6295 >5ms=6295 >15ms=6230 >20ms=6220 >30ms=464 | probes=6308 wrfail=0 down=0s maxout=0s eatt=4
 240.481  t=230s RTT mean=41881 min=13938 max=198944 n=21 to=0 | cancels=0(+0/s) seqbad=11 len_bad=0 disc=0(0x00) | tot_n=6316 tot_to=12 maxever=199317 >2ms=6316 >5ms=6316 >15ms=6250 >20ms=6240 >30ms=468 | probes=6329 wrfail=0 down=0s maxout=0s eatt=4
 240.481  t=231s RTT mean=39028 min=26907 max=195542 n=20 to=1 | cancels=0(+0/s) seqbad=12 len_bad=0 disc=0(0x00) | tot_n=6336 tot_to=13 maxever=199317 >2ms=6336 >5ms=6336 >15ms=6270 >20ms=6260 >30ms=470 | probes=6350 wrfail=0 down=0s maxout=0s eatt=4
 242.454  t=232s RTT mean=44947 min=26907 max=198463 n=21 to=0 | cancels=0(+0/s) seqbad=12 len_bad=0 disc=0(0x00) | tot_n=6357 tot_to=13 maxever=199317 >2ms=6357 >5ms=6357 >15ms=6291 >20ms=6281 >30ms=474 | probes=6371 wrfail=0 down=0s maxout=0s eatt=4
 242.509  t=233s RTT mean=41391 min=13882 max=198944 n=21 to=0 | cancels=0(+0/s) seqbad=12 len_bad=0 disc=0(0x00) | tot_n=6378 tot_to=13 maxever=199317 >2ms=6378 >5ms=6378 >15ms=6311 >20ms=6301 >30ms=478 | probes=6392 wrfail=0 down=0s maxout=0s eatt=4
 244.482  t=234s RTT mean=46594 min=26907 max=198921 n=21 to=0 | cancels=0(+0/s) seqbad=12 len_bad=0 disc=0(0x00) | tot_n=6399 tot_to=13 maxever=199317 >2ms=6399 >5ms=6399 >15ms=6332 >20ms=6322 >30ms=482 | probes=6413 wrfail=0 down=0s maxout=0s eatt=4
 244.482  t=235s RTT mean=47293 min=13894 max=198306 n=22 to=0 | cancels=0(+0/s) seqbad=12 len_bad=0 disc=0(0x00) | tot_n=6421 tot_to=13 maxever=199317 >2ms=6421 >5ms=6421 >15ms=6353 >20ms=6343 >30ms=486 | probes=6435 wrfail=0 down=0s maxout=0s eatt=4
 246.457  t=236s RTT mean=42851 min=26906 max=198431 n=20 to=0 | cancels=0(+0/s) seqbad=12 len_bad=0 disc=0(0x00) | tot_n=6441 tot_to=13 maxever=199317 >2ms=6441 >5ms=6441 >15ms=6373 >20ms=6363 >30ms=489 | probes=6455 wrfail=0 down=0s maxout=0s eatt=4
 246.512  t=237s RTT mean=43230 min=13891 max=198943 n=21 to=0 | cancels=0(+0/s) seqbad=12 len_bad=0 disc=0(0x00) | tot_n=6462 tot_to=13 maxever=199317 >2ms=6462 >5ms=6462 >15ms=6393 >20ms=6383 >30ms=493 | probes=6476 wrfail=0 down=0s maxout=0s eatt=4
 248.487  t=238s RTT mean=49557 min=26907 max=198304 n=21 to=0 | cancels=0(+0/s) seqbad=12 len_bad=0 disc=0(0x00) | tot_n=6483 tot_to=13 maxever=199317 >2ms=6483 >5ms=6483 >15ms=6414 >20ms=6404 >30ms=497 | probes=6497 wrfail=0 down=0s maxout=0s eatt=4
 248.487  t=239s RTT mean=38566 min=26441 max=198077 n=20 to=0 | cancels=0(+0/s) seqbad=12 len_bad=0 disc=0(0x00) | tot_n=6503 tot_to=13 maxever=199317 >2ms=6503 >5ms=6503 >15ms=6434 >20ms=6424 >30ms=499 | probes=6517 wrfail=0 down=0s maxout=0s eatt=4
 250.462  t=240s RTT mean=44891 min=26908 max=197474 n=22 to=0 | cancels=0(+0/s) seqbad=12 len_bad=0 disc=0(0x00) | tot_n=6525 tot_to=13 maxever=199317 >2ms=6525 >5ms=6525 >15ms=6456 >20ms=6446 >30ms=504 | probes=6539 wrfail=0 down=0s maxout=0s eatt=4
 250.518  PCTL target=75 tot=1258 to=7 p50=26 p90=98 p99=198 p99.9=198 max=199 g30=221 g100=106 (ms/counts)
 250.518  LOADRAMP: target=100 KBps for 60s
 250.518  t=241s RTT mean=50345 min=26907 max=197588 n=21 to=0 | cancels=0(+0/s) seqbad=12 len_bad=0 disc=0(0x00) | tot_n=6546 tot_to=13 maxever=199317 >2ms=6546 >5ms=6546 >15ms=6477 >20ms=6467 >30ms=508 | probes=6559 wrfail=0 down=0s maxout=0s eatt=4
 252.490  t=242s RTT mean=48304 min=26897 max=197507 n=16 to=0 | cancels=0(+0/s) seqbad=12 len_bad=0 disc=0(0x00) | tot_n=6562 tot_to=13 maxever=199317 >2ms=6562 >5ms=6562 >15ms=6493 >20ms=6483 >30ms=512 | probes=6576 wrfail=0 down=0s maxout=0s eatt=4
 252.490  t=243s RTT mean=55708 min=9016 max=197485 n=18 to=0 | cancels=0(+0/s) seqbad=12 len_bad=0 disc=0(0x00) | tot_n=6580 tot_to=13 maxever=199317 >2ms=6580 >5ms=6580 >15ms=6509 >20ms=6499 >30ms=517 | probes=6594 wrfail=0 down=0s maxout=0s eatt=4
 254.463  t=244s RTT mean=52292 min=13895 max=197270 n=16 to=1 | cancels=0(+0/s) seqbad=13 len_bad=0 disc=0(0x00) | tot_n=6596 tot_to=14 maxever=199317 >2ms=6596 >5ms=6596 >15ms=6524 >20ms=6514 >30ms=521 | probes=6611 wrfail=0 down=0s maxout=0s eatt=4
 254.518  t=245s RTT mean=53628 min=26906 max=198428 n=15 to=0 | cancels=0(+0/s) seqbad=13 len_bad=0 disc=0(0x00) | tot_n=6611 tot_to=14 maxever=199317 >2ms=6611 >5ms=6611 >15ms=6539 >20ms=6529 >30ms=524 | probes=6626 wrfail=0 down=0s maxout=0s eatt=4
 256.492  t=246s RTT mean=58360 min=13950 max=197508 n=17 to=0 | cancels=0(+0/s) seqbad=13 len_bad=0 disc=0(0x00) | tot_n=6628 tot_to=14 maxever=199317 >2ms=6628 >5ms=6628 >15ms=6555 >20ms=6545 >30ms=528 | probes=6643 wrfail=0 down=0s maxout=0s eatt=4
 256.492  t=247s RTT mean=51944 min=13874 max=197331 n=16 to=1 | cancels=0(+0/s) seqbad=14 len_bad=0 disc=0(0x00) | tot_n=6644 tot_to=15 maxever=199317 >2ms=6644 >5ms=6644 >15ms=6570 >20ms=6560 >30ms=532 | probes=6660 wrfail=0 down=0s maxout=0s eatt=4
 258.471  t=248s RTT mean=44462 min=26907 max=199060 n=14 to=1 | cancels=0(+0/s) seqbad=14 len_bad=0 disc=0(0x00) | tot_n=6658 tot_to=16 maxever=199317 >2ms=6658 >5ms=6658 >15ms=6584 >20ms=6574 >30ms=534 | probes=6675 wrfail=0 down=0s maxout=0s eatt=4
 258.526  t=249s RTT mean=58359 min=13948 max=197481 n=17 to=0 | cancels=0(+0/s) seqbad=14 len_bad=0 disc=0(0x00) | tot_n=6675 tot_to=16 maxever=199317 >2ms=6675 >5ms=6675 >15ms=6600 >20ms=6590 >30ms=538 | probes=6692 wrfail=0 down=0s maxout=0s eatt=4
 260.502  t=250s RTT mean=51550 min=13935 max=198413 n=16 to=1 | cancels=0(+0/s) seqbad=15 len_bad=0 disc=0(0x00) | tot_n=6691 tot_to=17 maxever=199317 >2ms=6691 >5ms=6691 >15ms=6615 >20ms=6605 >30ms=542 | probes=6709 wrfail=0 down=0s maxout=0s eatt=4
 260.502  t=251s RTT mean=44617 min=25298 max=198550 n=14 to=1 | cancels=0(+0/s) seqbad=15 len_bad=0 disc=0(0x00) | tot_n=6705 tot_to=18 maxever=199317 >2ms=6705 >5ms=6705 >15ms=6629 >20ms=6619 >30ms=544 | probes=6724 wrfail=0 down=0s maxout=0s eatt=4
 262.475  t=252s RTT mean=58225 min=13880 max=199191 n=17 to=0 | cancels=0(+0/s) seqbad=15 len_bad=0 disc=0(0x00) | tot_n=6722 tot_to=18 maxever=199317 >2ms=6722 >5ms=6722 >15ms=6645 >20ms=6635 >30ms=548 | probes=6741 wrfail=0 down=0s maxout=0s eatt=4
 262.527  t=253s RTT mean=61419 min=26907 max=197486 n=16 to=0 | cancels=0(+0/s) seqbad=15 len_bad=0 disc=0(0x00) | tot_n=6738 tot_to=18 maxever=199317 >2ms=6738 >5ms=6738 >15ms=6661 >20ms=6651 >30ms=553 | probes=6757 wrfail=0 down=0s maxout=0s eatt=4
 264.504  t=254s RTT mean=62091 min=26906 max=197479 n=17 to=0 | cancels=0(+0/s) seqbad=15 len_bad=0 disc=0(0x00) | tot_n=6755 tot_to=18 maxever=199317 >2ms=6755 >5ms=6755 >15ms=6678 >20ms=6668 >30ms=558 | probes=6774 wrfail=0 down=0s maxout=0s eatt=4
 264.504  t=255s RTT mean=46323 min=13880 max=193757 n=17 to=0 | cancels=0(+0/s) seqbad=15 len_bad=0 disc=0(0x00) | tot_n=6772 tot_to=18 maxever=199317 >2ms=6772 >5ms=6772 >15ms=6694 >20ms=6684 >30ms=563 | probes=6791 wrfail=0 down=0s maxout=0s eatt=4
 266.461  t=256s RTT mean=42281 min=16229 max=197936 n=14 to=2 | cancels=0(+0/s) seqbad=16 len_bad=0 disc=0(0x00) | tot_n=6786 tot_to=20 maxever=199317 >2ms=6786 >5ms=6786 >15ms=6708 >20ms=6697 >30ms=565 | probes=6807 wrfail=0 down=0s maxout=0s eatt=4
 266.516  t=257s RTT mean=62282 min=26907 max=198018 n=17 to=0 | cancels=0(+0/s) seqbad=16 len_bad=0 disc=0(0x00) | tot_n=6803 tot_to=20 maxever=199317 >2ms=6803 >5ms=6803 >15ms=6725 >20ms=6714 >30ms=570 | probes=6824 wrfail=0 down=0s maxout=0s eatt=4
 268.495  t=258s RTT mean=49826 min=26907 max=198570 n=16 to=0 | cancels=0(+0/s) seqbad=16 len_bad=0 disc=0(0x00) | tot_n=6819 tot_to=20 maxever=199317 >2ms=6819 >5ms=6819 >15ms=6741 >20ms=6730 >30ms=575 | probes=6840 wrfail=0 down=0s maxout=0s eatt=4
 268.495  t=259s RTT mean=49086 min=9026 max=197479 n=16 to=1 | cancels=0(+0/s) seqbad=16 len_bad=0 disc=0(0x00) | tot_n=6835 tot_to=21 maxever=199317 >2ms=6835 >5ms=6835 >15ms=6755 >20ms=6744 >30ms=578 | probes=6857 wrfail=0 down=0s maxout=0s eatt=4
 270.513  t=260s RTT mean=53016 min=13894 max=197701 n=16 to=1 | cancels=0(+0/s) seqbad=17 len_bad=0 disc=0(0x00) | tot_n=6851 tot_to=22 maxever=199317 >2ms=6851 >5ms=6851 >15ms=6770 >20ms=6759 >30ms=582 | probes=6874 wrfail=0 down=0s maxout=0s eatt=4
 270.513  t=261s RTT mean=55186 min=26907 max=198447 n=16 to=0 | cancels=0(+0/s) seqbad=17 len_bad=0 disc=0(0x00) | tot_n=6867 tot_to=22 maxever=199317 >2ms=6867 >5ms=6867 >15ms=6786 >20ms=6775 >30ms=586 | probes=6890 wrfail=0 down=0s maxout=0s eatt=4
 272.487  t=262s RTT mean=46136 min=26907 max=199032 n=15 to=1 | cancels=0(+0/s) seqbad=18 len_bad=0 disc=0(0x00) | tot_n=6882 tot_to=23 maxever=199317 >2ms=6882 >5ms=6882 >15ms=6801 >20ms=6790 >30ms=590 | probes=6906 wrfail=0 down=0s maxout=0s eatt=4
 272.487  t=263s RTT mean=54999 min=13881 max=198309 n=15 to=1 | cancels=0(+0/s) seqbad=19 len_bad=0 disc=0(0x00) | tot_n=6897 tot_to=24 maxever=199317 >2ms=6897 >5ms=6897 >15ms=6815 >20ms=6804 >30ms=593 | probes=6922 wrfail=0 down=0s maxout=0s eatt=4
 274.469  t=264s RTT mean=54658 min=5777 max=200729 n=17 to=0 | cancels=0(+0/s) seqbad=19 len_bad=0 disc=0(0x00) | tot_n=6914 tot_to=24 maxever=200729 >2ms=6914 >5ms=6914 >15ms=6831 >20ms=6820 >30ms=597 | probes=6939 wrfail=0 down=0s maxout=0s eatt=4
 274.529  t=265s RTT mean=56147 min=26906 max=198948 n=16 to=0 | cancels=0(+0/s) seqbad=19 len_bad=0 disc=0(0x00) | tot_n=6930 tot_to=24 maxever=200729 >2ms=6930 >5ms=6930 >15ms=6847 >20ms=6836 >30ms=602 | probes=6955 wrfail=0 down=0s maxout=0s eatt=4
 276.495  t=266s RTT mean=59471 min=13881 max=198008 n=17 to=0 | cancels=0(+0/s) seqbad=19 len_bad=0 disc=0(0x00) | tot_n=6947 tot_to=24 maxever=200729 >2ms=6947 >5ms=6947 >15ms=6863 >20ms=6852 >30ms=607 | probes=6972 wrfail=0 down=0s maxout=0s eatt=4
 276.495  t=267s RTT mean=55067 min=15202 max=199476 n=17 to=0 | cancels=0(+0/s) seqbad=19 len_bad=0 disc=0(0x00) | tot_n=6964 tot_to=24 maxever=200729 >2ms=6964 >5ms=6964 >15ms=6880 >20ms=6868 >30ms=611 | probes=6989 wrfail=0 down=0s maxout=0s eatt=4
 278.491  t=268s RTT mean=52662 min=13881 max=198948 n=17 to=0 | cancels=0(+0/s) seqbad=19 len_bad=0 disc=0(0x00) | tot_n=6981 tot_to=24 maxever=200729 >2ms=6981 >5ms=6981 >15ms=6896 >20ms=6884 >30ms=616 | probes=7006 wrfail=0 down=0s maxout=0s eatt=4
 278.491  t=269s RTT mean=60049 min=13882 max=197483 n=17 to=0 | cancels=0(+0/s) seqbad=19 len_bad=0 disc=0(0x00) | tot_n=6998 tot_to=24 maxever=200729 >2ms=6998 >5ms=6998 >15ms=6912 >20ms=6900 >30ms=621 | probes=7023 wrfail=0 down=0s maxout=0s eatt=4
 280.487  t=270s RTT mean=41920 min=16597 max=198420 n=15 to=1 | cancels=0(+0/s) seqbad=20 len_bad=0 disc=0(0x00) | tot_n=7013 tot_to=25 maxever=200729 >2ms=7013 >5ms=7013 >15ms=6927 >20ms=6913 >30ms=623 | probes=7039 wrfail=0 down=0s maxout=0s eatt=4
 280.487  t=271s RTT mean=57999 min=13879 max=200134 n=17 to=0 | cancels=0(+0/s) seqbad=20 len_bad=0 disc=0(0x00) | tot_n=7030 tot_to=25 maxever=200729 >2ms=7030 >5ms=7030 >15ms=6943 >20ms=6929 >30ms=628 | probes=7056 wrfail=0 down=0s maxout=0s eatt=4
 282.512  t=272s RTT mean=58346 min=26906 max=198468 n=17 to=0 | cancels=0(+0/s) seqbad=20 len_bad=0 disc=0(0x00) | tot_n=7047 tot_to=25 maxever=200729 >2ms=7047 >5ms=7047 >15ms=6960 >20ms=6946 >30ms=633 | probes=7073 wrfail=0 down=0s maxout=0s eatt=4
 282.512  t=273s RTT mean=57514 min=26906 max=197495 n=17 to=0 | cancels=0(+0/s) seqbad=20 len_bad=0 disc=0(0x00) | tot_n=7064 tot_to=25 maxever=200729 >2ms=7064 >5ms=7064 >15ms=6977 >20ms=6963 >30ms=638 | probes=7090 wrfail=0 down=0s maxout=0s eatt=4
 284.482  t=274s RTT mean=44425 min=26351 max=199488 n=15 to=1 | cancels=0(+0/s) seqbad=20 len_bad=0 disc=0(0x00) | tot_n=7079 tot_to=26 maxever=200729 >2ms=7079 >5ms=7079 >15ms=6992 >20ms=6978 >30ms=641 | probes=7106 wrfail=0 down=0s maxout=0s eatt=4
 284.542  t=275s RTT mean=61415 min=26907 max=197484 n=18 to=0 | cancels=0(+0/s) seqbad=20 len_bad=0 disc=0(0x00) | tot_n=7097 tot_to=26 maxever=200729 >2ms=7097 >5ms=7097 >15ms=7010 >20ms=6996 >30ms=647 | probes=7123 wrfail=0 down=0s maxout=0s eatt=4
 286.493  t=276s RTT mean=59424 min=26905 max=198882 n=16 to=0 | cancels=0(+0/s) seqbad=20 len_bad=0 disc=0(0x00) | tot_n=7113 tot_to=26 maxever=200729 >2ms=7113 >5ms=7113 >15ms=7026 >20ms=7012 >30ms=651 | probes=7139 wrfail=0 down=0s maxout=0s eatt=4
 286.493  t=277s RTT mean=46130 min=13880 max=193215 n=17 to=0 | cancels=0(+0/s) seqbad=20 len_bad=0 disc=0(0x00) | tot_n=7130 tot_to=26 maxever=200729 >2ms=7130 >5ms=7130 >15ms=7042 >20ms=7028 >30ms=656 | probes=7157 wrfail=0 down=0s maxout=0s eatt=4
 288.495  t=278s RTT mean=50057 min=9027 max=197935 n=16 to=1 | cancels=0(+0/s) seqbad=21 len_bad=0 disc=0(0x00) | tot_n=7146 tot_to=27 maxever=200729 >2ms=7146 >5ms=7146 >15ms=7056 >20ms=7042 >30ms=659 | probes=7174 wrfail=0 down=0s maxout=0s eatt=4
 288.495  t=279s RTT mean=60842 min=26907 max=198936 n=17 to=0 | cancels=0(+0/s) seqbad=21 len_bad=0 disc=0(0x00) | tot_n=7163 tot_to=27 maxever=200729 >2ms=7163 >5ms=7163 >15ms=7073 >20ms=7059 >30ms=664 | probes=7191 wrfail=0 down=0s maxout=0s eatt=4
 290.503  t=280s RTT mean=42514 min=26904 max=198410 n=14 to=1 | cancels=0(+0/s) seqbad=22 len_bad=0 disc=0(0x00) | tot_n=7177 tot_to=28 maxever=200729 >2ms=7177 >5ms=7177 >15ms=7087 >20ms=7073 >30ms=666 | probes=7206 wrfail=0 down=0s maxout=0s eatt=4
 290.503  t=281s RTT mean=59197 min=10882 max=198984 n=17 to=0 | cancels=0(+0/s) seqbad=22 len_bad=0 disc=0(0x00) | tot_n=7194 tot_to=28 maxever=200729 >2ms=7194 >5ms=7194 >15ms=7103 >20ms=7089 >30ms=670 | probes=7223 wrfail=0 down=0s maxout=0s eatt=4
 292.513  t=282s RTT mean=61236 min=26906 max=198015 n=17 to=0 | cancels=0(+0/s) seqbad=22 len_bad=0 disc=0(0x00) | tot_n=7211 tot_to=28 maxever=200729 >2ms=7211 >5ms=7211 >15ms=7120 >20ms=7106 >30ms=675 | probes=7240 wrfail=0 down=0s maxout=0s eatt=4
 292.513  t=283s RTT mean=55535 min=26907 max=198429 n=16 to=0 | cancels=0(+0/s) seqbad=22 len_bad=0 disc=0(0x00) | tot_n=7227 tot_to=28 maxever=200729 >2ms=7227 >5ms=7227 >15ms=7136 >20ms=7122 >30ms=679 | probes=7256 wrfail=0 down=0s maxout=0s eatt=4
 294.465  t=284s RTT mean=44571 min=13882 max=198911 n=16 to=1 | cancels=0(+0/s) seqbad=22 len_bad=0 disc=0(0x00) | tot_n=7243 tot_to=29 maxever=200729 >2ms=7243 >5ms=7243 >15ms=7151 >20ms=7137 >30ms=682 | probes=7273 wrfail=0 down=0s maxout=0s eatt=4
 294.525  t=285s RTT mean=52753 min=13896 max=193274 n=16 to=1 | cancels=0(+0/s) seqbad=22 len_bad=0 disc=0(0x00) | tot_n=7259 tot_to=30 maxever=200729 >2ms=7259 >5ms=7259 >15ms=7166 >20ms=7152 >30ms=686 | probes=7290 wrfail=0 down=0s maxout=0s eatt=4
 296.482  t=286s RTT mean=55367 min=26905 max=198550 n=16 to=0 | cancels=0(+0/s) seqbad=22 len_bad=0 disc=0(0x00) | tot_n=7275 tot_to=30 maxever=200729 >2ms=7275 >5ms=7275 >15ms=7182 >20ms=7168 >30ms=690 | probes=7306 wrfail=0 down=0s maxout=0s eatt=4
 296.542  t=287s RTT mean=53247 min=13881 max=198947 n=17 to=0 | cancels=0(+0/s) seqbad=22 len_bad=0 disc=0(0x00) | tot_n=7292 tot_to=30 maxever=200729 >2ms=7292 >5ms=7292 >15ms=7198 >20ms=7184 >30ms=695 | probes=7323 wrfail=0 down=0s maxout=0s eatt=4
 298.495  t=288s RTT mean=60648 min=13876 max=198306 n=17 to=0 | cancels=0(+0/s) seqbad=22 len_bad=0 disc=0(0x00) | tot_n=7309 tot_to=30 maxever=200729 >2ms=7309 >5ms=7309 >15ms=7214 >20ms=7200 >30ms=700 | probes=7340 wrfail=0 down=0s maxout=0s eatt=4
 298.495  t=289s RTT mean=56823 min=26907 max=197483 n=16 to=0 | cancels=0(+0/s) seqbad=22 len_bad=0 disc=0(0x00) | tot_n=7325 tot_to=30 maxever=200729 >2ms=7325 >5ms=7325 >15ms=7230 >20ms=7216 >30ms=704 | probes=7356 wrfail=0 down=0s maxout=0s eatt=4
 300.500  t=290s RTT mean=52822 min=13945 max=198948 n=17 to=0 | cancels=0(+0/s) seqbad=22 len_bad=0 disc=0(0x00) | tot_n=7342 tot_to=30 maxever=200729 >2ms=7342 >5ms=7342 >15ms=7246 >20ms=7232 >30ms=709 | probes=7373 wrfail=0 down=0s maxout=0s eatt=4
 300.500  t=291s RTT mean=58668 min=26907 max=198380 n=17 to=0 | cancels=0(+0/s) seqbad=22 len_bad=0 disc=0(0x00) | tot_n=7359 tot_to=30 maxever=200729 >2ms=7359 >5ms=7359 >15ms=7263 >20ms=7249 >30ms=714 | probes=7390 wrfail=0 down=0s maxout=0s eatt=4
 302.492  t=292s RTT mean=43013 min=15335 max=197570 n=15 to=1 | cancels=0(+0/s) seqbad=23 len_bad=0 disc=0(0x00) | tot_n=7374 tot_to=31 maxever=200729 >2ms=7374 >5ms=7374 >15ms=7278 >20ms=7263 >30ms=717 | probes=7406 wrfail=0 down=0s maxout=0s eatt=4
 302.492  t=293s RTT mean=49310 min=26907 max=199957 n=16 to=1 | cancels=0(+0/s) seqbad=24 len_bad=0 disc=0(0x00) | tot_n=7390 tot_to=32 maxever=200729 >2ms=7390 >5ms=7390 >15ms=7294 >20ms=7279 >30ms=722 | probes=7423 wrfail=0 down=0s maxout=0s eatt=4
 304.518  t=294s RTT mean=59642 min=26906 max=198468 n=17 to=0 | cancels=0(+0/s) seqbad=24 len_bad=0 disc=0(0x00) | tot_n=7407 tot_to=32 maxever=200729 >2ms=7407 >5ms=7407 >15ms=7311 >20ms=7296 >30ms=727 | probes=7440 wrfail=0 down=0s maxout=0s eatt=4
 304.518  t=295s RTT mean=55368 min=19385 max=199814 n=17 to=0 | cancels=0(+0/s) seqbad=24 len_bad=0 disc=0(0x00) | tot_n=7424 tot_to=32 maxever=200729 >2ms=7424 >5ms=7424 >15ms=7328 >20ms=7312 >30ms=731 | probes=7457 wrfail=0 down=0s maxout=0s eatt=4
 306.475  t=296s RTT mean=52822 min=13946 max=198942 n=17 to=0 | cancels=0(+0/s) seqbad=24 len_bad=0 disc=0(0x00) | tot_n=7441 tot_to=32 maxever=200729 >2ms=7441 >5ms=7441 >15ms=7344 >20ms=7328 >30ms=735 | probes=7474 wrfail=0 down=0s maxout=0s eatt=4
 306.535  t=297s RTT mean=58668 min=26907 max=198381 n=17 to=0 | cancels=0(+0/s) seqbad=24 len_bad=0 disc=0(0x00) | tot_n=7458 tot_to=32 maxever=200729 >2ms=7458 >5ms=7458 >15ms=7361 >20ms=7345 >30ms=740 | probes=7491 wrfail=0 down=0s maxout=0s eatt=4
 308.489  t=298s RTT mean=53685 min=26907 max=197565 n=14 to=1 | cancels=0(+0/s) seqbad=25 len_bad=0 disc=0(0x00) | tot_n=7472 tot_to=33 maxever=200729 >2ms=7472 >5ms=7472 >15ms=7375 >20ms=7359 >30ms=745 | probes=7506 wrfail=0 down=0s maxout=0s eatt=4
 308.543  t=299s RTT mean=52822 min=13947 max=198948 n=17 to=0 | cancels=0(+0/s) seqbad=25 len_bad=0 disc=0(0x00) | tot_n=7489 tot_to=33 maxever=200729 >2ms=7489 >5ms=7489 >15ms=7391 >20ms=7375 >30ms=750 | probes=7523 wrfail=0 down=0s maxout=0s eatt=4
 310.501  t=300s RTT mean=60593 min=13944 max=198382 n=17 to=0 | cancels=0(+0/s) seqbad=25 len_bad=0 disc=0(0x00) | tot_n=7506 tot_to=33 maxever=200729 >2ms=7506 >5ms=7506 >15ms=7407 >20ms=7391 >30ms=755 | probes=7540 wrfail=0 down=0s maxout=0s eatt=4
 310.501  PCTL target=100 tot=977 to=20 p50=26 p90=192 p99=198 p99.9=200 max=200 g30=251 g100=158 (ms/counts)
 310.501  LOADRAMP: target=125 KBps for 60s
 310.561  t=301s RTT mean=53860 min=9017 max=198084 n=17 to=0 | cancels=0(+0/s) seqbad=25 len_bad=0 disc=0(0x00) | tot_n=7523 tot_to=33 maxever=200729 >2ms=7523 >5ms=7523 >15ms=7422 >20ms=7406 >30ms=759 | probes=7557 wrfail=0 down=0s maxout=0s eatt=4
 312.506  t=302s RTT mean=70042 min=13880 max=199100 n=10 to=1 | cancels=0(+0/s) seqbad=26 len_bad=0 disc=0(0x00) | tot_n=7533 tot_to=34 maxever=200729 >2ms=7533 >5ms=7533 >15ms=7431 >20ms=7415 >30ms=763 | probes=7568 wrfail=0 down=0s maxout=0s eatt=4
 312.506  t=303s RTT mean=78511 min=13880 max=198367 n=13 to=0 | cancels=0(+0/s) seqbad=26 len_bad=0 disc=0(0x00) | tot_n=7546 tot_to=34 maxever=200729 >2ms=7546 >5ms=7546 >15ms=7443 >20ms=7427 >30ms=769 | probes=7581 wrfail=0 down=0s maxout=0s eatt=4
 314.517  t=304s RTT mean=76568 min=26908 max=198949 n=10 to=1 | cancels=0(+0/s) seqbad=27 len_bad=0 disc=0(0x00) | tot_n=7556 tot_to=35 maxever=200729 >2ms=7556 >5ms=7556 >15ms=7453 >20ms=7437 >30ms=773 | probes=7592 wrfail=0 down=0s maxout=0s eatt=4
 314.517  t=305s RTT mean=81575 min=26907 max=198948 n=11 to=0 | cancels=0(+0/s) seqbad=27 len_bad=0 disc=0(0x00) | tot_n=7567 tot_to=35 maxever=200729 >2ms=7567 >5ms=7567 >15ms=7464 >20ms=7448 >30ms=778 | probes=7603 wrfail=0 down=0s maxout=0s eatt=4
 316.477  t=306s RTT mean=86010 min=26906 max=198311 n=12 to=0 | cancels=0(+0/s) seqbad=27 len_bad=0 disc=0(0x00) | tot_n=7579 tot_to=35 maxever=200729 >2ms=7579 >5ms=7579 >15ms=7476 >20ms=7460 >30ms=785 | probes=7615 wrfail=0 down=0s maxout=0s eatt=4
 316.537  t=307s RTT mean=76520 min=17988 max=199067 n=11 to=1 | cancels=0(+0/s) seqbad=28 len_bad=0 disc=0(0x00) | tot_n=7590 tot_to=36 maxever=200729 >2ms=7590 >5ms=7590 >15ms=7487 >20ms=7470 >30ms=790 | probes=7627 wrfail=0 down=0s maxout=0s eatt=4
 318.494  t=308s RTT mean=66565 min=7629 max=200718 n=12 to=0 | cancels=0(+0/s) seqbad=28 len_bad=0 disc=0(0x00) | tot_n=7602 tot_to=36 maxever=200729 >2ms=7602 >5ms=7602 >15ms=7498 >20ms=7481 >30ms=794 | probes=7639 wrfail=0 down=0s maxout=0s eatt=4
 318.494  t=309s RTT mean=79148 min=13922 max=197485 n=13 to=0 | cancels=0(+0/s) seqbad=28 len_bad=0 disc=0(0x00) | tot_n=7615 tot_to=36 maxever=200729 >2ms=7615 >5ms=7615 >15ms=7510 >20ms=7493 >30ms=800 | probes=7652 wrfail=0 down=0s maxout=0s eatt=4
 320.499  t=310s RTT mean=87252 min=3450 max=202268 n=12 to=0 | cancels=0(+0/s) seqbad=28 len_bad=0 disc=0(0x00) | tot_n=7627 tot_to=36 maxever=202268 >2ms=7627 >5ms=7626 >15ms=7521 >20ms=7504 >30ms=805 | probes=7664 wrfail=0 down=0s maxout=0s eatt=4
 320.499  t=311s RTT mean=73883 min=24027 max=200266 n=11 to=0 | cancels=0(+0/s) seqbad=28 len_bad=0 disc=0(0x00) | tot_n=7638 tot_to=36 maxever=202268 >2ms=7638 >5ms=7637 >15ms=7532 >20ms=7515 >30ms=808 | probes=7675 wrfail=0 down=0s maxout=0s eatt=4
 322.516  t=312s RTT mean=68632 min=13883 max=197474 n=12 to=1 | cancels=0(+0/s) seqbad=28 len_bad=0 disc=0(0x00) | tot_n=7650 tot_to=37 maxever=202268 >2ms=7650 >5ms=7649 >15ms=7543 >20ms=7526 >30ms=813 | probes=7688 wrfail=0 down=0s maxout=0s eatt=4
 322.516  t=313s RTT mean=71821 min=10876 max=197485 n=12 to=1 | cancels=0(+0/s) seqbad=28 len_bad=0 disc=0(0x00) | tot_n=7662 tot_to=38 maxever=202268 >2ms=7662 >5ms=7661 >15ms=7553 >20ms=7536 >30ms=817 | probes=7701 wrfail=0 down=0s maxout=0s eatt=4
 324.512  t=314s RTT mean=73603 min=9023 max=198557 n=12 to=0 | cancels=0(+0/s) seqbad=28 len_bad=0 disc=0(0x00) | tot_n=7674 tot_to=38 maxever=202268 >2ms=7674 >5ms=7673 >15ms=7564 >20ms=7547 >30ms=822 | probes=7713 wrfail=0 down=0s maxout=0s eatt=4
 324.512  t=315s RTT mean=73466 min=26437 max=198947 n=10 to=1 | cancels=0(+0/s) seqbad=29 len_bad=0 disc=0(0x00) | tot_n=7684 tot_to=39 maxever=202268 >2ms=7684 >5ms=7683 >15ms=7574 >20ms=7557 >30ms=826 | probes=7724 wrfail=0 down=0s maxout=0s eatt=4
 326.470  t=316s RTT mean=81247 min=10405 max=199477 n=13 to=0 | cancels=0(+0/s) seqbad=29 len_bad=0 disc=0(0x00) | tot_n=7697 tot_to=39 maxever=202268 >2ms=7697 >5ms=7696 >15ms=7586 >20ms=7569 >30ms=832 | probes=7737 wrfail=0 down=0s maxout=0s eatt=4
 326.530  t=317s RTT mean=62321 min=13900 max=198447 n=10 to=1 | cancels=0(+0/s) seqbad=30 len_bad=0 disc=0(0x00) | tot_n=7707 tot_to=40 maxever=202268 >2ms=7707 >5ms=7706 >15ms=7595 >20ms=7578 >30ms=836 | probes=7748 wrfail=0 down=0s maxout=0s eatt=4
 328.523  t=318s RTT mean=78044 min=13880 max=201247 n=13 to=0 | cancels=0(+0/s) seqbad=30 len_bad=0 disc=0(0x00) | tot_n=7720 tot_to=40 maxever=202268 >2ms=7720 >5ms=7719 >15ms=7607 >20ms=7590 >30ms=842 | probes=7761 wrfail=0 down=0s maxout=0s eatt=4
 328.523  t=319s RTT mean=78250 min=18451 max=197484 n=11 to=1 | cancels=0(+0/s) seqbad=31 len_bad=0 disc=0(0x00) | tot_n=7731 tot_to=41 maxever=202268 >2ms=7731 >5ms=7730 >15ms=7618 >20ms=7600 >30ms=846 | probes=7773 wrfail=0 down=0s maxout=0s eatt=4
 330.495  t=320s RTT mean=55822 min=13880 max=198573 n=11 to=1 | cancels=0(+0/s) seqbad=32 len_bad=0 disc=0(0x00) | tot_n=7742 tot_to=42 maxever=202268 >2ms=7742 >5ms=7741 >15ms=7628 >20ms=7609 >30ms=850 | probes=7785 wrfail=0 down=0s maxout=0s eatt=4
 330.555  t=321s RTT mean=72557 min=26907 max=199113 n=11 to=1 | cancels=0(+0/s) seqbad=32 len_bad=0 disc=0(0x00) | tot_n=7753 tot_to=43 maxever=202268 >2ms=7753 >5ms=7752 >15ms=7639 >20ms=7620 >30ms=855 | probes=7797 wrfail=0 down=0s maxout=0s eatt=4
 332.518  t=322s RTT mean=72032 min=13892 max=198473 n=12 to=1 | cancels=0(+0/s) seqbad=32 len_bad=0 disc=0(0x00) | tot_n=7765 tot_to=44 maxever=202268 >2ms=7765 >5ms=7764 >15ms=7650 >20ms=7630 >30ms=859 | probes=7810 wrfail=0 down=0s maxout=0s eatt=4
 332.518  t=323s RTT mean=73949 min=17987 max=198461 n=12 to=0 | cancels=0(+0/s) seqbad=32 len_bad=0 disc=0(0x00) | tot_n=7777 tot_to=44 maxever=202268 >2ms=7777 >5ms=7776 >15ms=7662 >20ms=7641 >30ms=864 | probes=7822 wrfail=0 down=0s maxout=0s eatt=4
 334.517  t=324s RTT mean=72909 min=13893 max=198948 n=10 to=1 | cancels=0(+0/s) seqbad=33 len_bad=0 disc=0(0x00) | tot_n=7787 tot_to=45 maxever=202268 >2ms=7787 >5ms=7786 >15ms=7671 >20ms=7650 >30ms=868 | probes=7833 wrfail=0 down=0s maxout=0s eatt=4
 334.517  t=325s RTT mean=76629 min=26907 max=197489 n=11 to=1 | cancels=0(+0/s) seqbad=34 len_bad=0 disc=0(0x00) | tot_n=7798 tot_to=46 maxever=202268 >2ms=7798 >5ms=7797 >15ms=7682 >20ms=7661 >30ms=873 | probes=7845 wrfail=0 down=0s maxout=0s eatt=4
 336.485  t=326s RTT mean=76807 min=26907 max=198446 n=11 to=0 | cancels=0(+0/s) seqbad=34 len_bad=0 disc=0(0x00) | tot_n=7809 tot_to=46 maxever=202268 >2ms=7809 >5ms=7808 >15ms=7693 >20ms=7672 >30ms=878 | probes=7856 wrfail=0 down=0s maxout=0s eatt=4
 336.545  t=327s RTT mean=79755 min=26910 max=197946 n=10 to=1 | cancels=0(+0/s) seqbad=35 len_bad=0 disc=0(0x00) | tot_n=7819 tot_to=47 maxever=202268 >2ms=7819 >5ms=7818 >15ms=7703 >20ms=7682 >30ms=882 | probes=7867 wrfail=0 down=0s maxout=0s eatt=4
 338.495  t=328s RTT mean=76553 min=13894 max=200329 n=14 to=0 | cancels=0(+0/s) seqbad=35 len_bad=0 disc=0(0x00) | tot_n=7833 tot_to=47 maxever=202268 >2ms=7833 >5ms=7832 >15ms=7716 >20ms=7695 >30ms=888 | probes=7881 wrfail=0 down=0s maxout=0s eatt=4
 338.555  t=329s RTT mean=55085 min=13803 max=197479 n=11 to=1 | cancels=0(+0/s) seqbad=35 len_bad=0 disc=0(0x00) | tot_n=7844 tot_to=48 maxever=202268 >2ms=7844 >5ms=7843 >15ms=7726 >20ms=7705 >30ms=892 | probes=7893 wrfail=0 down=0s maxout=0s eatt=4
 340.495  t=330s RTT mean=90150 min=26909 max=198456 n=11 to=0 | cancels=0(+0/s) seqbad=35 len_bad=0 disc=0(0x00) | tot_n=7855 tot_to=48 maxever=202268 >2ms=7855 >5ms=7854 >15ms=7737 >20ms=7716 >30ms=897 | probes=7904 wrfail=0 down=0s maxout=0s eatt=4
 340.555  t=331s RTT mean=80587 min=13881 max=198476 n=13 to=0 | cancels=0(+0/s) seqbad=35 len_bad=0 disc=0(0x00) | tot_n=7868 tot_to=48 maxever=202268 >2ms=7868 >5ms=7867 >15ms=7749 >20ms=7728 >30ms=903 | probes=7917 wrfail=0 down=0s maxout=0s eatt=4
 342.495  t=332s RTT mean=59241 min=26907 max=199050 n=9 to=2 | cancels=0(+0/s) seqbad=35 len_bad=0 disc=0(0x00) | tot_n=7877 tot_to=50 maxever=202268 >2ms=7877 >5ms=7876 >15ms=7758 >20ms=7737 >30ms=906 | probes=7928 wrfail=0 down=0s maxout=0s eatt=4
 342.555  t=333s RTT mean=82208 min=26906 max=198948 n=11 to=0 | cancels=0(+0/s) seqbad=35 len_bad=0 disc=0(0x00) | tot_n=7888 tot_to=50 maxever=202268 >2ms=7888 >5ms=7887 >15ms=7769 >20ms=7748 >30ms=911 | probes=7939 wrfail=0 down=0s maxout=0s eatt=4
 344.486  t=334s RTT mean=69773 min=13880 max=198036 n=12 to=1 | cancels=0(+0/s) seqbad=35 len_bad=0 disc=0(0x00) | tot_n=7900 tot_to=51 maxever=202268 >2ms=7900 >5ms=7899 >15ms=7780 >20ms=7759 >30ms=916 | probes=7952 wrfail=0 down=0s maxout=0s eatt=4
 344.546  t=335s RTT mean=77672 min=23882 max=205493 n=11 to=0 | cancels=0(+0/s) seqbad=35 len_bad=0 disc=0(0x00) | tot_n=7911 tot_to=51 maxever=205493 >2ms=7911 >5ms=7910 >15ms=7791 >20ms=7770 >30ms=920 | probes=7963 wrfail=0 down=0s maxout=0s eatt=4
 346.476  t=336s RTT mean=79918 min=22635 max=199186 n=10 to=1 | cancels=0(+0/s) seqbad=36 len_bad=0 disc=0(0x00) | tot_n=7921 tot_to=52 maxever=205493 >2ms=7921 >5ms=7920 >15ms=7801 >20ms=7780 >30ms=924 | probes=7974 wrfail=0 down=0s maxout=0s eatt=4
 346.530  t=337s RTT mean=80094 min=13883 max=199871 n=13 to=0 | cancels=0(+0/s) seqbad=36 len_bad=0 disc=0(0x00) | tot_n=7934 tot_to=52 maxever=205493 >2ms=7934 >5ms=7933 >15ms=7813 >20ms=7792 >30ms=930 | probes=7987 wrfail=0 down=0s maxout=0s eatt=4
 348.532  t=338s RTT mean=60179 min=26478 max=198596 n=9 to=2 | cancels=0(+0/s) seqbad=38 len_bad=0 disc=0(0x00) | tot_n=7943 tot_to=54 maxever=205493 >2ms=7943 >5ms=7942 >15ms=7822 >20ms=7801 >30ms=933 | probes=7998 wrfail=0 down=0s maxout=0s eatt=4
 348.532  t=339s RTT mean=70408 min=26907 max=199857 n=10 to=1 | cancels=0(+0/s) seqbad=38 len_bad=0 disc=0(0x00) | tot_n=7953 tot_to=55 maxever=205493 >2ms=7953 >5ms=7952 >15ms=7832 >20ms=7811 >30ms=937 | probes=8009 wrfail=0 down=0s maxout=0s eatt=4
 350.529  t=340s RTT mean=75996 min=26437 max=198468 n=11 to=1 | cancels=0(+0/s) seqbad=39 len_bad=0 disc=0(0x00) | tot_n=7964 tot_to=56 maxever=205493 >2ms=7964 >5ms=7963 >15ms=7843 >20ms=7822 >30ms=942 | probes=8021 wrfail=0 down=0s maxout=0s eatt=4
 350.529  t=341s RTT mean=77688 min=21171 max=198547 n=11 to=0 | cancels=0(+0/s) seqbad=39 len_bad=0 disc=0(0x00) | tot_n=7975 tot_to=56 maxever=205493 >2ms=7975 >5ms=7974 >15ms=7854 >20ms=7833 >30ms=946 | probes=8032 wrfail=0 down=0s maxout=0s eatt=4
 352.495  t=342s RTT mean=72886 min=9023 max=200585 n=11 to=1 | cancels=0(+0/s) seqbad=40 len_bad=0 disc=0(0x00) | tot_n=7986 tot_to=57 maxever=205493 >2ms=7986 >5ms=7985 >15ms=7863 >20ms=7842 >30ms=950 | probes=8044 wrfail=0 down=0s maxout=0s eatt=4
 352.555  t=343s RTT mean=73640 min=26907 max=199164 n=11 to=1 | cancels=0(+0/s) seqbad=41 len_bad=0 disc=0(0x00) | tot_n=7997 tot_to=58 maxever=205493 >2ms=7997 >5ms=7996 >15ms=7874 >20ms=7853 >30ms=955 | probes=8056 wrfail=0 down=0s maxout=0s eatt=4
 354.484  t=344s RTT mean=79371 min=16805 max=199860 n=11 to=0 | cancels=0(+0/s) seqbad=41 len_bad=0 disc=0(0x00) | tot_n=8008 tot_to=58 maxever=205493 >2ms=8008 >5ms=8007 >15ms=7885 >20ms=7863 >30ms=959 | probes=8067 wrfail=0 down=0s maxout=0s eatt=4
 354.544  t=345s RTT mean=91450 min=26910 max=199933 n=11 to=0 | cancels=0(+0/s) seqbad=41 len_bad=0 disc=0(0x00) | tot_n=8019 tot_to=58 maxever=205493 >2ms=8019 >5ms=8018 >15ms=7896 >20ms=7874 >30ms=964 | probes=8078 wrfail=0 down=0s maxout=0s eatt=4
 356.506  t=346s RTT mean=79331 min=13880 max=198036 n=13 to=0 | cancels=0(+0/s) seqbad=41 len_bad=0 disc=0(0x00) | tot_n=8032 tot_to=58 maxever=205493 >2ms=8032 >5ms=8031 >15ms=7908 >20ms=7886 >30ms=970 | probes=8091 wrfail=0 down=0s maxout=0s eatt=4
 356.506  t=347s RTT mean=79528 min=13894 max=198430 n=12 to=0 | cancels=0(+0/s) seqbad=41 len_bad=0 disc=0(0x00) | tot_n=8044 tot_to=58 maxever=205493 >2ms=8044 >5ms=8043 >15ms=7919 >20ms=7897 >30ms=975 | probes=8103 wrfail=0 down=0s maxout=0s eatt=4
 358.518  t=348s RTT mean=80983 min=26905 max=199003 n=11 to=0 | cancels=0(+0/s) seqbad=41 len_bad=0 disc=0(0x00) | tot_n=8055 tot_to=58 maxever=205493 >2ms=8055 >5ms=8054 >15ms=7930 >20ms=7908 >30ms=980 | probes=8114 wrfail=0 down=0s maxout=0s eatt=4
 358.519  t=349s RTT mean=68763 min=13880 max=199071 n=12 to=1 | cancels=0(+0/s) seqbad=41 len_bad=0 disc=0(0x00) | tot_n=8067 tot_to=59 maxever=205493 >2ms=8067 >5ms=8066 >15ms=7941 >20ms=7919 >30ms=985 | probes=8127 wrfail=0 down=0s maxout=0s eatt=4
 360.532  t=350s RTT mean=80966 min=13896 max=198457 n=12 to=0 | cancels=0(+0/s) seqbad=41 len_bad=0 disc=0(0x00) | tot_n=8079 tot_to=59 maxever=205493 >2ms=8079 >5ms=8078 >15ms=7952 >20ms=7930 >30ms=990 | probes=8139 wrfail=0 down=0s maxout=0s eatt=4
 360.532  t=351s RTT mean=80851 min=26907 max=199004 n=11 to=0 | cancels=0(+0/s) seqbad=41 len_bad=0 disc=0(0x00) | tot_n=8090 tot_to=59 maxever=205493 >2ms=8090 >5ms=8089 >15ms=7963 >20ms=7941 >30ms=995 | probes=8150 wrfail=0 down=0s maxout=0s eatt=4
 362.490  t=352s RTT mean=74663 min=13891 max=198468 n=15 to=0 | cancels=0(+0/s) seqbad=41 len_bad=0 disc=0(0x00) | tot_n=8105 tot_to=59 maxever=205493 >2ms=8105 >5ms=8104 >15ms=7977 >20ms=7955 >30ms=1003 | probes=8165 wrfail=0 down=0s maxout=0s eatt=4
 362.550  t=353s RTT mean=76299 min=26906 max=197111 n=10 to=1 | cancels=0(+0/s) seqbad=42 len_bad=0 disc=0(0x00) | tot_n=8115 tot_to=60 maxever=205493 >2ms=8115 >5ms=8114 >15ms=7987 >20ms=7965 >30ms=1007 | probes=8176 wrfail=0 down=0s maxout=0s eatt=4
 364.501  t=354s RTT mean=73443 min=26910 max=199988 n=11 to=0 | cancels=0(+0/s) seqbad=42 len_bad=0 disc=0(0x00) | tot_n=8126 tot_to=60 maxever=205493 >2ms=8126 >5ms=8125 >15ms=7998 >20ms=7976 >30ms=1012 | probes=8187 wrfail=0 down=0s maxout=0s eatt=4
 364.555  t=355s RTT mean=90141 min=26910 max=198443 n=11 to=0 | cancels=0(+0/s) seqbad=42 len_bad=0 disc=0(0x00) | tot_n=8137 tot_to=60 maxever=205493 >2ms=8137 >5ms=8136 >15ms=8009 >20ms=7987 >30ms=1017 | probes=8198 wrfail=0 down=0s maxout=0s eatt=4
 366.526  t=356s RTT mean=70389 min=26907 max=197589 n=12 to=1 | cancels=0(+0/s) seqbad=43 len_bad=0 disc=0(0x00) | tot_n=8149 tot_to=61 maxever=205493 >2ms=8149 >5ms=8148 >15ms=8021 >20ms=7999 >30ms=1023 | probes=8211 wrfail=0 down=0s maxout=0s eatt=4
 366.526  t=357s RTT mean=76293 min=26907 max=198430 n=11 to=0 | cancels=0(+0/s) seqbad=43 len_bad=0 disc=0(0x00) | tot_n=8160 tot_to=61 maxever=205493 >2ms=8160 >5ms=8159 >15ms=8032 >20ms=8010 >30ms=1028 | probes=8222 wrfail=0 down=0s maxout=0s eatt=4
 368.484  t=358s RTT mean=80833 min=26909 max=198105 n=10 to=1 | cancels=0(+0/s) seqbad=43 len_bad=0 disc=0(0x00) | tot_n=8170 tot_to=62 maxever=205493 >2ms=8170 >5ms=8169 >15ms=8042 >20ms=8020 >30ms=1032 | probes=8233 wrfail=0 down=0s maxout=0s eatt=4
 368.540  t=359s RTT mean=81136 min=13895 max=198417 n=13 to=0 | cancels=0(+0/s) seqbad=43 len_bad=0 disc=0(0x00) | tot_n=8183 tot_to=62 maxever=205493 >2ms=8183 >5ms=8182 >15ms=8054 >20ms=8032 >30ms=1038 | probes=8246 wrfail=0 down=0s maxout=0s eatt=4
 370.490  t=360s RTT mean=62264 min=26906 max=198565 n=10 to=1 | cancels=0(+0/s) seqbad=44 len_bad=0 disc=0(0x00) | tot_n=8193 tot_to=63 maxever=205493 >2ms=8193 >5ms=8192 >15ms=8064 >20ms=8042 >30ms=1041 | probes=8257 wrfail=0 down=0s maxout=0s eatt=4
 370.490  PCTL target=125 tot=681 to=30 p50=26 p90=198 p99=199 p99.9=202 max=205 g30=287 g100=196 (ms/counts)
 370.550  LOADRAMP: target=150 KBps for 60s
 370.550  t=361s RTT mean=91173 min=26910 max=198444 n=11 to=0 | cancels=0(+0/s) seqbad=44 len_bad=0 disc=0(0x00) | tot_n=8204 tot_to=63 maxever=205493 >2ms=8204 >5ms=8203 >15ms=8075 >20ms=8053 >30ms=1046 | probes=8268 wrfail=0 down=0s maxout=0s eatt=4
 372.515  t=362s RTT mean=133129 min=28021 max=199453 n=8 to=0 | cancels=0(+0/s) seqbad=44 len_bad=0 disc=0(0x00) | tot_n=8212 tot_to=63 maxever=205493 >2ms=8212 >5ms=8211 >15ms=8083 >20ms=8061 >30ms=1053 | probes=8276 wrfail=0 down=0s maxout=0s eatt=4
 372.515  t=363s RTT mean=122521 min=11348 max=198447 n=7 to=0 | cancels=0(+0/s) seqbad=44 len_bad=0 disc=0(0x00) | tot_n=8219 tot_to=63 maxever=205493 >2ms=8219 >5ms=8218 >15ms=8089 >20ms=8067 >30ms=1058 | probes=8283 wrfail=0 down=0s maxout=0s eatt=4
 374.525  t=364s RTT mean=126637 min=13889 max=198460 n=8 to=0 | cancels=0(+0/s) seqbad=44 len_bad=0 disc=0(0x00) | tot_n=8227 tot_to=63 maxever=205493 >2ms=8227 >5ms=8226 >15ms=8096 >20ms=8074 >30ms=1065 | probes=8291 wrfail=0 down=0s maxout=0s eatt=4
 374.525  t=365s RTT mean=149909 min=27950 max=198013 n=7 to=0 | cancels=0(+0/s) seqbad=44 len_bad=0 disc=0(0x00) | tot_n=8234 tot_to=63 maxever=205493 >2ms=8234 >5ms=8233 >15ms=8103 >20ms=8081 >30ms=1071 | probes=8298 wrfail=0 down=0s maxout=0s eatt=4
 376.522  t=366s RTT mean=125361 min=27971 max=197940 n=6 to=1 | cancels=0(+0/s) seqbad=45 len_bad=0 disc=0(0x00) | tot_n=8240 tot_to=64 maxever=205493 >2ms=8240 >5ms=8239 >15ms=8109 >20ms=8087 >30ms=1076 | probes=8305 wrfail=0 down=0s maxout=0s eatt=4
 376.522  t=367s RTT mean=131356 min=27532 max=198948 n=7 to=0 | cancels=0(+0/s) seqbad=45 len_bad=0 disc=0(0x00) | tot_n=8247 tot_to=64 maxever=205493 >2ms=8247 >5ms=8246 >15ms=8116 >20ms=8094 >30ms=1082 | probes=8312 wrfail=0 down=0s maxout=0s eatt=4
 378.510  t=368s RTT mean=137820 min=28017 max=198847 n=6 to=1 | cancels=0(+0/s) seqbad=45 len_bad=0 disc=0(0x00) | tot_n=8253 tot_to=65 maxever=205493 >2ms=8253 >5ms=8252 >15ms=8122 >20ms=8100 >30ms=1087 | probes=8319 wrfail=0 down=0s maxout=0s eatt=4
 378.510  t=369s RTT mean=145912 min=27970 max=198467 n=6 to=1 | cancels=0(+0/s) seqbad=46 len_bad=0 disc=0(0x00) | tot_n=8259 tot_to=66 maxever=205493 >2ms=8259 >5ms=8258 >15ms=8128 >20ms=8106 >30ms=1092 | probes=8326 wrfail=0 down=0s maxout=0s eatt=4
 380.498  t=370s RTT mean=102675 min=13896 max=199482 n=8 to=0 | cancels=0(+0/s) seqbad=46 len_bad=0 disc=0(0x00) | tot_n=8267 tot_to=66 maxever=205493 >2ms=8267 >5ms=8266 >15ms=8135 >20ms=8113 >30ms=1099 | probes=8334 wrfail=0 down=0s maxout=0s eatt=4
 380.558  t=371s RTT mean=113576 min=13880 max=199545 n=9 to=0 | cancels=0(+0/s) seqbad=46 len_bad=0 disc=0(0x00) | tot_n=8276 tot_to=66 maxever=205493 >2ms=8276 >5ms=8275 >15ms=8143 >20ms=8121 >30ms=1106 | probes=8343 wrfail=0 down=0s maxout=0s eatt=4
 382.502  t=372s RTT mean=112857 min=13895 max=199413 n=7 to=1 | cancels=0(+0/s) seqbad=47 len_bad=0 disc=0(0x00) | tot_n=8283 tot_to=67 maxever=205493 >2ms=8283 >5ms=8282 >15ms=8149 >20ms=8127 >30ms=1112 | probes=8351 wrfail=0 down=0s maxout=0s eatt=4
 382.562  t=373s RTT mean=140280 min=27978 max=199339 n=7 to=0 | cancels=0(+0/s) seqbad=47 len_bad=0 disc=0(0x00) | tot_n=8290 tot_to=67 maxever=205493 >2ms=8290 >5ms=8289 >15ms=8156 >20ms=8134 >30ms=1118 | probes=8358 wrfail=0 down=0s maxout=0s eatt=4
 384.524  t=374s RTT mean=134440 min=27543 max=198948 n=7 to=0 | cancels=0(+0/s) seqbad=47 len_bad=0 disc=0(0x00) | tot_n=8297 tot_to=67 maxever=205493 >2ms=8297 >5ms=8296 >15ms=8163 >20ms=8141 >30ms=1124 | probes=8365 wrfail=0 down=0s maxout=0s eatt=4
 384.524  t=375s RTT mean=151168 min=27952 max=200325 n=7 to=0 | cancels=0(+0/s) seqbad=47 len_bad=0 disc=0(0x00) | tot_n=8304 tot_to=67 maxever=205493 >2ms=8304 >5ms=8303 >15ms=8170 >20ms=8148 >30ms=1130 | probes=8372 wrfail=0 down=0s maxout=0s eatt=4
 386.534  t=376s RTT mean=133663 min=19841 max=198083 n=7 to=0 | cancels=0(+0/s) seqbad=47 len_bad=0 disc=0(0x00) | tot_n=8311 tot_to=67 maxever=205493 >2ms=8311 >5ms=8310 >15ms=8177 >20ms=8154 >30ms=1135 | probes=8379 wrfail=0 down=0s maxout=0s eatt=4
 386.534  t=377s RTT mean=122498 min=13881 max=198948 n=6 to=1 | cancels=0(+0/s) seqbad=47 len_bad=0 disc=0(0x00) | tot_n=8317 tot_to=68 maxever=205493 >2ms=8317 >5ms=8316 >15ms=8182 >20ms=8159 >30ms=1140 | probes=8386 wrfail=0 down=0s maxout=0s eatt=4
 388.487  t=378s RTT mean=129132 min=28013 max=198304 n=8 to=0 | cancels=0(+0/s) seqbad=47 len_bad=0 disc=0(0x00) | tot_n=8325 tot_to=68 maxever=205493 >2ms=8325 >5ms=8324 >15ms=8190 >20ms=8167 >30ms=1147 | probes=8394 wrfail=0 down=0s maxout=0s eatt=4
 388.547  t=379s RTT mean=126932 min=27969 max=199105 n=6 to=1 | cancels=0(+0/s) seqbad=47 len_bad=0 disc=0(0x00) | tot_n=8331 tot_to=69 maxever=205493 >2ms=8331 >5ms=8330 >15ms=8196 >20ms=8173 >30ms=1152 | probes=8401 wrfail=0 down=0s maxout=0s eatt=4
 390.509  t=380s RTT mean=119901 min=13889 max=199858 n=6 to=1 | cancels=0(+0/s) seqbad=47 len_bad=0 disc=0(0x00) | tot_n=8337 tot_to=70 maxever=205493 >2ms=8337 >5ms=8336 >15ms=8201 >20ms=8178 >30ms=1157 | probes=8408 wrfail=0 down=0s maxout=0s eatt=4
 390.569  t=381s RTT mean=119859 min=13453 max=199544 n=7 to=1 | cancels=0(+0/s) seqbad=48 len_bad=0 disc=0(0x00) | tot_n=8344 tot_to=71 maxever=205493 >2ms=8344 >5ms=8343 >15ms=8207 >20ms=8184 >30ms=1163 | probes=8416 wrfail=0 down=0s maxout=0s eatt=4
 392.531  t=382s RTT mean=128447 min=13899 max=201070 n=6 to=1 | cancels=0(+0/s) seqbad=49 len_bad=0 disc=0(0x00) | tot_n=8350 tot_to=72 maxever=205493 >2ms=8350 >5ms=8349 >15ms=8212 >20ms=8189 >30ms=1168 | probes=8423 wrfail=0 down=0s maxout=0s eatt=4
 392.531  t=383s RTT mean=102812 min=43382 max=199119 n=3 to=3 | cancels=0(+0/s) seqbad=50 len_bad=0 disc=0(0x00) | tot_n=8353 tot_to=75 maxever=205493 >2ms=8353 >5ms=8352 >15ms=8215 >20ms=8192 >30ms=1171 | probes=8429 wrfail=0 down=0s maxout=0s eatt=4
 394.542  t=384s RTT mean=103510 min=9016 max=198538 n=8 to=1 | cancels=0(+0/s) seqbad=50 len_bad=0 disc=0(0x00) | tot_n=8361 tot_to=76 maxever=205493 >2ms=8361 >5ms=8360 >15ms=8222 >20ms=8199 >30ms=1177 | probes=8438 wrfail=0 down=0s maxout=0s eatt=4
 394.542  t=385s RTT mean=153535 min=71935 max=198486 n=7 to=0 | cancels=0(+0/s) seqbad=50 len_bad=0 disc=0(0x00) | tot_n=8368 tot_to=76 maxever=205493 >2ms=8368 >5ms=8367 >15ms=8229 >20ms=8206 >30ms=1184 | probes=8445 wrfail=0 down=0s maxout=0s eatt=4
 396.529  t=386s RTT mean=115707 min=31204 max=200405 n=7 to=0 | cancels=0(+0/s) seqbad=50 len_bad=0 disc=0(0x00) | tot_n=8375 tot_to=76 maxever=205493 >2ms=8375 >5ms=8374 >15ms=8236 >20ms=8213 >30ms=1191 | probes=8452 wrfail=0 down=0s maxout=0s eatt=4
 396.529  t=387s RTT mean=120054 min=13884 max=199457 n=7 to=1 | cancels=0(+0/s) seqbad=51 len_bad=0 disc=0(0x00) | tot_n=8382 tot_to=77 maxever=205493 >2ms=8382 >5ms=8381 >15ms=8242 >20ms=8219 >30ms=1197 | probes=8460 wrfail=0 down=0s maxout=0s eatt=4
 398.535  t=388s RTT mean=124559 min=27969 max=198748 n=7 to=1 | cancels=0(+0/s) seqbad=51 len_bad=0 disc=0(0x00) | tot_n=8389 tot_to=78 maxever=205493 >2ms=8389 >5ms=8388 >15ms=8249 >20ms=8226 >30ms=1203 | probes=8468 wrfail=0 down=0s maxout=0s eatt=4
 398.535  t=389s RTT mean=102278 min=13881 max=199479 n=8 to=0 | cancels=0(+0/s) seqbad=51 len_bad=0 disc=0(0x00) | tot_n=8397 tot_to=78 maxever=205493 >2ms=8397 >5ms=8396 >15ms=8256 >20ms=8233 >30ms=1210 | probes=8476 wrfail=0 down=0s maxout=0s eatt=4
 400.492  t=390s RTT mean=102995 min=13884 max=202453 n=8 to=1 | cancels=0(+0/s) seqbad=52 len_bad=0 disc=0(0x00) | tot_n=8405 tot_to=79 maxever=205493 >2ms=8405 >5ms=8404 >15ms=8263 >20ms=8240 >30ms=1216 | probes=8485 wrfail=0 down=0s maxout=0s eatt=4
 400.552  t=391s RTT mean=136588 min=27971 max=199332 n=8 to=0 | cancels=0(+0/s) seqbad=52 len_bad=0 disc=0(0x00) | tot_n=8413 tot_to=79 maxever=205493 >2ms=8413 >5ms=8412 >15ms=8271 >20ms=8248 >30ms=1223 | probes=8492 wrfail=0 down=0s maxout=0s eatt=4
 402.497  t=392s RTT mean=117686 min=55953 max=199327 n=7 to=0 | cancels=0(+0/s) seqbad=52 len_bad=0 disc=0(0x00) | tot_n=8420 tot_to=79 maxever=205493 >2ms=8420 >5ms=8419 >15ms=8278 >20ms=8255 >30ms=1230 | probes=8500 wrfail=0 down=0s maxout=0s eatt=4
 402.557  t=393s RTT mean=132516 min=34083 max=198485 n=6 to=1 | cancels=0(+0/s) seqbad=53 len_bad=0 disc=0(0x00) | tot_n=8426 tot_to=80 maxever=205493 >2ms=8426 >5ms=8425 >15ms=8284 >20ms=8261 >30ms=1236 | probes=8507 wrfail=0 down=0s maxout=0s eatt=4
 404.514  t=394s RTT mean=136299 min=13894 max=198413 n=8 to=0 | cancels=0(+0/s) seqbad=53 len_bad=0 disc=0(0x00) | tot_n=8434 tot_to=80 maxever=205493 >2ms=8434 >5ms=8433 >15ms=8291 >20ms=8268 >30ms=1242 | probes=8515 wrfail=0 down=0s maxout=0s eatt=4
 404.514  t=395s RTT mean=112980 min=27977 max=197483 n=8 to=0 | cancels=0(+0/s) seqbad=53 len_bad=0 disc=0(0x00) | tot_n=8442 tot_to=80 maxever=205493 >2ms=8442 >5ms=8441 >15ms=8299 >20ms=8276 >30ms=1249 | probes=8523 wrfail=0 down=0s maxout=0s eatt=4
 406.504  t=396s RTT mean=122486 min=13931 max=198948 n=6 to=1 | cancels=0(+0/s) seqbad=53 len_bad=0 disc=0(0x00) | tot_n=8448 tot_to=81 maxever=205493 >2ms=8448 >5ms=8447 >15ms=8304 >20ms=8281 >30ms=1254 | probes=8530 wrfail=0 down=0s maxout=0s eatt=4
 406.564  t=397s RTT mean=147824 min=27952 max=198999 n=7 to=0 | cancels=0(+0/s) seqbad=53 len_bad=0 disc=0(0x00) | tot_n=8455 tot_to=81 maxever=205493 >2ms=8455 >5ms=8454 >15ms=8311 >20ms=8288 >30ms=1260 | probes=8537 wrfail=0 down=0s maxout=0s eatt=4
 408.519  t=398s RTT mean=127174 min=27967 max=199100 n=6 to=1 | cancels=0(+0/s) seqbad=54 len_bad=0 disc=0(0x00) | tot_n=8461 tot_to=82 maxever=205493 >2ms=8461 >5ms=8460 >15ms=8317 >20ms=8294 >30ms=1265 | probes=8544 wrfail=0 down=0s maxout=0s eatt=4
 408.520  t=399s RTT mean=143688 min=50801 max=198947 n=5 to=1 | cancels=0(+0/s) seqbad=55 len_bad=0 disc=0(0x00) | tot_n=8466 tot_to=83 maxever=205493 >2ms=8466 >5ms=8465 >15ms=8322 >20ms=8299 >30ms=1270 | probes=8550 wrfail=0 down=0s maxout=0s eatt=4
 410.518  t=400s RTT mean=131018 min=13882 max=198381 n=8 to=0 | cancels=0(+0/s) seqbad=55 len_bad=0 disc=0(0x00) | tot_n=8474 tot_to=83 maxever=205493 >2ms=8474 >5ms=8473 >15ms=8329 >20ms=8306 >30ms=1276 | probes=8558 wrfail=0 down=0s maxout=0s eatt=4
 410.518  t=401s RTT mean=138134 min=27972 max=198447 n=7 to=0 | cancels=0(+0/s) seqbad=55 len_bad=0 disc=0(0x00) | tot_n=8481 tot_to=83 maxever=205493 >2ms=8481 >5ms=8480 >15ms=8336 >20ms=8313 >30ms=1282 | probes=8565 wrfail=0 down=0s maxout=0s eatt=4
 412.491  t=402s RTT mean=131160 min=27490 max=198948 n=7 to=0 | cancels=0(+0/s) seqbad=55 len_bad=0 disc=0(0x00) | tot_n=8488 tot_to=83 maxever=205493 >2ms=8488 >5ms=8487 >15ms=8343 >20ms=8320 >30ms=1288 | probes=8572 wrfail=0 down=0s maxout=0s eatt=4
 412.551  t=403s RTT mean=130623 min=27952 max=198479 n=8 to=0 | cancels=0(+0/s) seqbad=55 len_bad=0 disc=0(0x00) | tot_n=8496 tot_to=83 maxever=205493 >2ms=8496 >5ms=8495 >15ms=8351 >20ms=8328 >30ms=1295 | probes=8580 wrfail=0 down=0s maxout=0s eatt=4
 414.537  t=404s RTT mean=124899 min=23932 max=198447 n=7 to=0 | cancels=0(+0/s) seqbad=55 len_bad=0 disc=0(0x00) | tot_n=8503 tot_to=83 maxever=205493 >2ms=8503 >5ms=8502 >15ms=8358 >20ms=8335 >30ms=1300 | probes=8587 wrfail=0 down=0s maxout=0s eatt=4
 414.537  t=405s RTT mean=127205 min=13880 max=199198 n=8 to=0 | cancels=0(+0/s) seqbad=55 len_bad=0 disc=0(0x00) | tot_n=8511 tot_to=83 maxever=205493 >2ms=8511 >5ms=8510 >15ms=8365 >20ms=8342 >30ms=1307 | probes=8595 wrfail=0 down=0s maxout=0s eatt=4
 416.548  t=406s RTT mean=102168 min=17625 max=197652 n=4 to=3 | cancels=0(+0/s) seqbad=58 len_bad=0 disc=0(0x00) | tot_n=8515 tot_to=86 maxever=205493 >2ms=8515 >5ms=8514 >15ms=8369 >20ms=8345 >30ms=1310 | probes=8602 wrfail=0 down=0s maxout=0s eatt=4
 416.548  t=407s RTT mean=124235 min=27970 max=198586 n=8 to=0 | cancels=0(+0/s) seqbad=58 len_bad=0 disc=0(0x00) | tot_n=8523 tot_to=86 maxever=205493 >2ms=8523 >5ms=8522 >15ms=8377 >20ms=8353 >30ms=1317 | probes=8610 wrfail=0 down=0s maxout=0s eatt=4
 418.499  t=408s RTT mean=120786 min=13945 max=198942 n=6 to=1 | cancels=0(+0/s) seqbad=59 len_bad=0 disc=0(0x00) | tot_n=8529 tot_to=87 maxever=205493 >2ms=8529 >5ms=8528 >15ms=8382 >20ms=8358 >30ms=1322 | probes=8617 wrfail=0 down=0s maxout=0s eatt=4
 418.559  t=409s RTT mean=148577 min=27975 max=198016 n=7 to=0 | cancels=0(+0/s) seqbad=59 len_bad=0 disc=0(0x00) | tot_n=8536 tot_to=87 maxever=205493 >2ms=8536 >5ms=8535 >15ms=8389 >20ms=8365 >30ms=1328 | probes=8624 wrfail=0 down=0s maxout=0s eatt=4
 420.515  t=410s RTT mean=127968 min=27967 max=199123 n=6 to=1 | cancels=0(+0/s) seqbad=60 len_bad=0 disc=0(0x00) | tot_n=8542 tot_to=88 maxever=205493 >2ms=8542 >5ms=8541 >15ms=8395 >20ms=8371 >30ms=1333 | probes=8631 wrfail=0 down=0s maxout=0s eatt=4
 420.575  t=411s RTT mean=143738 min=50815 max=206967 n=5 to=1 | cancels=0(+0/s) seqbad=61 len_bad=0 disc=0(0x00) | tot_n=8547 tot_to=89 maxever=206967 >2ms=8547 >5ms=8546 >15ms=8400 >20ms=8376 >30ms=1338 | probes=8637 wrfail=0 down=0s maxout=0s eatt=4
 422.506  t=412s RTT mean=131018 min=13882 max=198382 n=8 to=0 | cancels=0(+0/s) seqbad=61 len_bad=0 disc=0(0x00) | tot_n=8555 tot_to=89 maxever=206967 >2ms=8555 >5ms=8554 >15ms=8407 >20ms=8383 >30ms=1344 | probes=8645 wrfail=0 down=0s maxout=0s eatt=4
 422.566  t=413s RTT mean=138134 min=27972 max=198447 n=7 to=0 | cancels=0(+0/s) seqbad=61 len_bad=0 disc=0(0x00) | tot_n=8562 tot_to=89 maxever=206967 >2ms=8562 >5ms=8561 >15ms=8414 >20ms=8390 >30ms=1350 | probes=8652 wrfail=0 down=0s maxout=0s eatt=4
 424.520  t=414s RTT mean=131160 min=27493 max=198948 n=7 to=0 | cancels=0(+0/s) seqbad=61 len_bad=0 disc=0(0x00) | tot_n=8569 tot_to=89 maxever=206967 >2ms=8569 >5ms=8568 >15ms=8421 >20ms=8397 >30ms=1356 | probes=8659 wrfail=0 down=0s maxout=0s eatt=4
 424.520  t=415s RTT mean=130623 min=27951 max=198478 n=8 to=0 | cancels=0(+0/s) seqbad=61 len_bad=0 disc=0(0x00) | tot_n=8577 tot_to=89 maxever=206967 >2ms=8577 >5ms=8576 >15ms=8429 >20ms=8405 >30ms=1363 | probes=8667 wrfail=0 down=0s maxout=0s eatt=4
 426.537  t=416s RTT mean=124700 min=22533 max=198448 n=7 to=0 | cancels=0(+0/s) seqbad=61 len_bad=0 disc=0(0x00) | tot_n=8584 tot_to=89 maxever=206967 >2ms=8584 >5ms=8583 >15ms=8436 >20ms=8412 >30ms=1368 | probes=8674 wrfail=0 down=0s maxout=0s eatt=4
 426.537  t=417s RTT mean=127367 min=13880 max=199206 n=8 to=0 | cancels=0(+0/s) seqbad=61 len_bad=0 disc=0(0x00) | tot_n=8592 tot_to=89 maxever=206967 >2ms=8592 >5ms=8591 >15ms=8443 >20ms=8419 >30ms=1375 | probes=8682 wrfail=0 down=0s maxout=0s eatt=4
 428.545  t=418s RTT mean=130722 min=13882 max=206839 n=8 to=0 | cancels=0(+0/s) seqbad=61 len_bad=0 disc=0(0x00) | tot_n=8600 tot_to=89 maxever=206967 >2ms=8600 >5ms=8599 >15ms=8450 >20ms=8426 >30ms=1382 | probes=8690 wrfail=0 down=0s maxout=0s eatt=4
 428.545  t=419s RTT mean=137146 min=27971 max=198082 n=7 to=0 | cancels=0(+0/s) seqbad=61 len_bad=0 disc=0(0x00) | tot_n=8607 tot_to=89 maxever=206967 >2ms=8607 >5ms=8606 >15ms=8457 >20ms=8433 >30ms=1388 | probes=8697 wrfail=0 down=0s maxout=0s eatt=4
 430.492  t=420s RTT mean=120245 min=13891 max=198948 n=6 to=1 | cancels=0(+0/s) seqbad=62 len_bad=0 disc=0(0x00) | tot_n=8613 tot_to=90 maxever=206967 >2ms=8613 >5ms=8612 >15ms=8462 >20ms=8438 >30ms=1393 | probes=8704 wrfail=0 down=0s maxout=0s eatt=4
 430.552  PCTL target=150 tot=416 to=28 p50=106 p90=198 p99=200 p99.9=206 max=206 g30=352 g100=241 (ms/counts)
 430.553  LOADRAMP: cycle complete
 430.553  LOADRAMP: target=0 KBps for 60s
 430.553  t=421s RTT mean=74772 min=17988 max=197946 n=12 to=1 | cancels=0(+0/s) seqbad=63 len_bad=0 disc=0(0x00) | tot_n=8625 tot_to=91 maxever=206967 >2ms=8625 >5ms=8624 >15ms=8474 >20ms=8449 >30ms=1397 | probes=8717 wrfail=0 down=0s maxout=0s eatt=4
 432.522  t=422s RTT mean=26911 min=26905 max=26928 n=33 to=0 | cancels=0(+0/s) seqbad=63 len_bad=0 disc=0(0x00) | tot_n=8658 tot_to=91 maxever=206967 >2ms=8658 >5ms=8657 >15ms=8507 >20ms=8482 >30ms=1397 | probes=8750 wrfail=0 down=0s maxout=0s eatt=4
 432.522  t=423s RTT mean=26910 min=26905 max=26920 n=34 to=0 | cancels=0(+0/s) seqbad=63 len_bad=0 disc=0(0x00) | tot_n=8692 tot_to=91 maxever=206967 >2ms=8692 >5ms=8691 >15ms=8541 >20ms=8516 >30ms=1397 | probes=8784 wrfail=0 down=0s maxout=0s eatt=4
 434.496  t=424s RTT mean=26910 min=26905 max=26927 n=33 to=0 | cancels=0(+0/s) seqbad=63 len_bad=0 disc=0(0x00) | tot_n=8725 tot_to=91 maxever=206967 >2ms=8725 >5ms=8724 >15ms=8574 >20ms=8549 >30ms=1397 | probes=8817 wrfail=0 down=0s maxout=0s eatt=4
 434.556  t=425s RTT mean=26910 min=26906 max=26920 n=33 to=0 | cancels=0(+0/s) seqbad=63 len_bad=0 disc=0(0x00) | tot_n=8758 tot_to=91 maxever=206967 >2ms=8758 >5ms=8757 >15ms=8607 >20ms=8582 >30ms=1397 | probes=8850 wrfail=0 down=0s maxout=0s eatt=4
 436.512  t=426s RTT mean=26911 min=26892 max=26929 n=34 to=0 | cancels=0(+0/s) seqbad=63 len_bad=0 disc=0(0x00) | tot_n=8792 tot_to=91 maxever=206967 >2ms=8792 >5ms=8791 >15ms=8641 >20ms=8616 >30ms=1397 | probes=8884 wrfail=0 down=0s maxout=0s eatt=4
 436.512  t=427s RTT mean=26911 min=26905 max=26939 n=33 to=0 | cancels=0(+0/s) seqbad=63 len_bad=0 disc=0(0x00) | tot_n=8825 tot_to=91 maxever=206967 >2ms=8825 >5ms=8824 >15ms=8674 >20ms=8649 >30ms=1397 | probes=8917 wrfail=0 down=0s maxout=0s eatt=4
 438.522  t=428s RTT mean=26912 min=26906 max=26942 n=33 to=0 | cancels=0(+0/s) seqbad=63 len_bad=0 disc=0(0x00) | tot_n=8858 tot_to=91 maxever=206967 >2ms=8858 >5ms=8857 >15ms=8707 >20ms=8682 >30ms=1397 | probes=8950 wrfail=0 down=0s maxout=0s eatt=4
 438.522  t=429s RTT mean=26912 min=26905 max=26940 n=34 to=0 | cancels=0(+0/s) seqbad=63 len_bad=0 disc=0(0x00) | tot_n=8892 tot_to=91 maxever=206967 >2ms=8892 >5ms=8891 >15ms=8741 >20ms=8716 >30ms=1397 | probes=8984 wrfail=0 down=0s maxout=0s eatt=4
 440.533  t=430s RTT mean=26911 min=26905 max=26942 n=33 to=0 | cancels=0(+0/s) seqbad=63 len_bad=0 disc=0(0x00) | tot_n=8925 tot_to=91 maxever=206967 >2ms=8925 >5ms=8924 >15ms=8774 >20ms=8749 >30ms=1397 | probes=9017 wrfail=0 down=0s maxout=0s eatt=4
 440.533  t=431s RTT mean=26912 min=26906 max=26942 n=33 to=0 | cancels=0(+0/s) seqbad=63 len_bad=0 disc=0(0x00) | tot_n=8958 tot_to=91 maxever=206967 >2ms=8958 >5ms=8957 >15ms=8807 >20ms=8782 >30ms=1397 | probes=9050 wrfail=0 down=0s maxout=0s eatt=4
 442.542  t=432s RTT mean=26912 min=26906 max=26941 n=34 to=0 | cancels=0(+0/s) seqbad=63 len_bad=0 disc=0(0x00) | tot_n=8992 tot_to=91 maxever=206967 >2ms=8992 >5ms=8991 >15ms=8841 >20ms=8816 >30ms=1397 | probes=9084 wrfail=0 down=0s maxout=0s eatt=4
 442.542  t=433s RTT mean=26911 min=26906 max=26941 n=33 to=0 | cancels=0(+0/s) seqbad=63 len_bad=0 disc=0(0x00) | tot_n=9025 tot_to=91 maxever=206967 >2ms=9025 >5ms=9024 >15ms=8874 >20ms=8849 >30ms=1397 | probes=9117 wrfail=0 down=0s maxout=0s eatt=4
 444.547  t=434s RTT mean=26912 min=26906 max=26942 n=33 to=0 | cancels=0(+0/s) seqbad=63 len_bad=0 disc=0(0x00) | tot_n=9058 tot_to=91 maxever=206967 >2ms=9058 >5ms=9057 >15ms=8907 >20ms=8882 >30ms=1397 | probes=9150 wrfail=0 down=0s maxout=0s eatt=4
 444.547  t=435s RTT mean=26911 min=26906 max=26941 n=34 to=0 | cancels=0(+0/s) seqbad=63 len_bad=0 disc=0(0x00) | tot_n=9092 tot_to=91 maxever=206967 >2ms=9092 >5ms=9091 >15ms=8941 >20ms=8916 >30ms=1397 | probes=9184 wrfail=0 down=0s maxout=0s eatt=4
 446.500  t=436s RTT mean=26911 min=26905 max=26929 n=33 to=0 | cancels=0(+0/s) seqbad=63 len_bad=0 disc=0(0x00) | tot_n=9125 tot_to=91 maxever=206967 >2ms=9125 >5ms=9124 >15ms=8974 >20ms=8949 >30ms=1397 | probes=9217 wrfail=0 down=0s maxout=0s eatt=4
 446.560  t=437s RTT mean=26910 min=26904 max=26919 n=33 to=0 | cancels=0(+0/s) seqbad=63 len_bad=0 disc=0(0x00) | tot_n=9158 tot_to=91 maxever=206967 >2ms=9158 >5ms=9157 >15ms=9007 >20ms=8982 >30ms=1397 | probes=9250 wrfail=0 down=0s maxout=0s eatt=4
 448.498  t=438s RTT mean=26911 min=26905 max=26929 n=34 to=0 | cancels=0(+0/s) seqbad=63 len_bad=0 disc=0(0x00) | tot_n=9192 tot_to=91 maxever=206967 >2ms=9192 >5ms=9191 >15ms=9041 >20ms=9016 >30ms=1397 | probes=9284 wrfail=0 down=0s maxout=0s eatt=4
 448.558  t=439s RTT mean=26910 min=26906 max=26920 n=33 to=0 | cancels=0(+0/s) seqbad=63 len_bad=0 disc=0(0x00) | tot_n=9225 tot_to=91 maxever=206967 >2ms=9225 >5ms=9224 >15ms=9074 >20ms=9049 >30ms=1397 | probes=9317 wrfail=0 down=0s maxout=0s eatt=4
 450.517  t=440s RTT mean=26910 min=26906 max=26919 n=33 to=0 | cancels=0(+0/s) seqbad=63 len_bad=0 disc=0(0x00) | tot_n=9258 tot_to=91 maxever=206967 >2ms=9258 >5ms=9257 >15ms=9107 >20ms=9082 >30ms=1397 | probes=9350 wrfail=0 down=0s maxout=0s eatt=4
 450.517  t=441s RTT mean=26910 min=26906 max=26920 n=34 to=0 | cancels=0(+0/s) seqbad=63 len_bad=0 disc=0(0x00) | tot_n=9292 tot_to=91 maxever=206967 >2ms=9292 >5ms=9291 >15ms=9141 >20ms=9116 >30ms=1397 | probes=9384 wrfail=0 down=0s maxout=0s eatt=4
 452.537  t=442s RTT mean=26910 min=26905 max=26926 n=33 to=0 | cancels=0(+0/s) seqbad=63 len_bad=0 disc=0(0x00) | tot_n=9325 tot_to=91 maxever=206967 >2ms=9325 >5ms=9324 >15ms=9174 >20ms=9149 >30ms=1397 | probes=9417 wrfail=0 down=0s maxout=0s eatt=4
 452.537  t=443s RTT mean=26910 min=26905 max=26920 n=33 to=0 | cancels=0(+0/s) seqbad=63 len_bad=0 disc=0(0x00) | tot_n=9358 tot_to=91 maxever=206967 >2ms=9358 >5ms=9357 >15ms=9207 >20ms=9182 >30ms=1397 | probes=9450 wrfail=0 down=0s maxout=0s eatt=4
 454.493  t=444s RTT mean=26911 min=26439 max=27381 n=34 to=0 | cancels=0(+0/s) seqbad=63 len_bad=0 disc=0(0x00) | tot_n=9392 tot_to=91 maxever=206967 >2ms=9392 >5ms=9391 >15ms=9241 >20ms=9216 >30ms=1397 | probes=9484 wrfail=0 down=0s maxout=0s eatt=4
 454.553  t=445s RTT mean=26910 min=26906 max=26920 n=33 to=0 | cancels=0(+0/s) seqbad=63 len_bad=0 disc=0(0x00) | tot_n=9425 tot_to=91 maxever=206967 >2ms=9425 >5ms=9424 >15ms=9274 >20ms=9249 >30ms=1397 | probes=9517 wrfail=0 down=0s maxout=0s eatt=4
