:10000000F8550020B1120000E35E01009D120000CF
:100010009D1200009D1200009D1200009D12000024
:10002000000000000000000000000000E9120000D5
:100030009D12000000000000BD1400009D12000091
:100040003D1500003D1500003D1500003D15000068
:100050003D1500003D1500003D1500003D15000058
:100060003D1500003D1500003D1500003D15000048
:100070003D1500003D1500003D1500003D15000038
:100080003D1500003D1500003D1500003D15000028
:100090003D1500003D1500003D1500003D15000018
:1000A0003D1500003D1500003D1500003D15000008
:1000B0003D1500003D1500003D1500003D150000F8
:1000C0003D1500003D1500003D1500003D150000E8
:1000D0003D1500003D1500003D1500003D150000D8
:1000E0003D1500003D1500003D1500003D150000C8
:1000F0003D1500003D1500003D1500003D150000B8
:100100003D1500003D1500003D1500003D150000A7
:100110003D1500003D1500003D1500003D15000097
:100120003D1500003D1500003D1500003D15000087
:100130003D1500003D1500003D1500003D15000077
:100140003D1500003D1500003D1500003D15000067
:100150003D1500003D1500003D1500003D15000057
:100160003D1500003D1500003D1500003D15000047
:100170003D1500003D1500003D1500003D15000037
:100180003D1500003D1500003D1500003D15000027
:100190003D1500003D1500003D1500003D15000017
:1001A0003D1500003D1500003D1500003D15000007
:1001B0003D1500003D1500003D1500003D150000F7
:1001C0003D1500003D1500003D1500003D150000E7
:1001D0003D1500003D1500003D1500003D150000D7
:1001E0003D1500003D1500003D1500003D150000C7
:1001F0003D1500003D1500003D1500003D150000B7
:100200003D1500003D1500003D1500003D150000A6
:100210003D1500003D1500003D1500003D15000096
:100220003D1500003D1500003D1500003D15000086
:100230003D1500003D1500003D1500003D15000076
:100240003D1500003D1500003D1500003D15000066
:100250003D1500003D1500003D1500003D15000056
:100260003D1500003D15000095F300003D15000010
:100270003D1500003D1500003D1500003D15000036
:100280003D1500003D1500003D1500003D15000026
:100290003D1500003D1500003D1500003D15000016
:1002A0003D1500003D1500003D1500003D15000006
:1002B0003D1500003D1500003D1500003D150000F6
:1002C0003D1500003D1500003D1500003D150000E6
:1002D0003D1500003D1500003D1500003D150000D6
:1002E0003D1500003D1500003D1500003D150000C6
:1002F0003D1500003D1500003D1500003D150000B6
:100300003D1500003D1500003D1500003D150000A5
:100310003D1500003D1500003D1500003D15000095
:100320003D1500003D1500003D1500003D15000085
:100330003D1500003D1500003D1500003D15000075
:100340003D1500003D1500003D1500003D15000065
:100350003D1500003D1500003D1500003D15000055
:100360003D1500003D1500003D1500003D15000045
:100370003D1500003D1500003D1500003D15000035
:100380003D1500003D1500003D1500003D15000025
:100390003D1500003D1500003D1500003D15000015
:1003A0003D1500003D1500003D1500003D15000005
:1003B0003D1500003D1500003D1500003D150000F5
:1003C0003D1500003D1500003D1500003D150000E5
:1003D0003D1500003D1500003D1500003D150000D5
:1003E0003D1500003D1500003D1500003D150000C5
:1003F0003D1500003D1500003D1500003D150000B5
:100400003D1500003D1500003D1500003D150000A4
:100410003D1500003D1500003D1500003D15000094
:100420003D1500003D1500003D1500003D15000084
:100430003D1500003D1500003D1500003D15000074
:100440003D1500003D1500003D1500003D15000064
:100450003D1500003D1500003D1500003D15000054
:100460003D1500003D1500003D1500003D15000044
:0C0470003D1500003D1500003D1500008A
:10047C0053B94AB9002908BF00281CBF4FF0FF31FF
:10048C004FF0FF3000F00CB8ADF1080C6DE904CE64
:10049C0000F010F8DDF804E0DDE9022304B0704749
:1004AC00704700BF034613F8012B002AFBD1181A22
:1004BC00013870472DE9F0478C468E46089E15464C
:1004CC0004461946002B40F0D080724547D9B2FA49
:1004DC0082F74FB1C7F120030EFA07FCBD40BC40B8
:1004EC0020FA03F343EA0C0C4FEA154EA8B2230C86
:1004FC00BCFBFEF80EFB18CC08FB00F943EA0C43DE
:10050C00994528D9EB1808F1FF3204D2994502D944
:10051C00A8F102022B44A3EB0903A4B2B3FBFEFC2B
:10052C000EFB1C330CFB00F044EA0344A04214D92C
:10053C002C190CF1FF3304D2A04202D9ACF1020306
:10054C002C44241A43EA02401EB1FC4000233460C0
:10055C007360BDE8F0874246DDE76346F1E7002AA9
:10056C0079D0B2FA82F3002B3FD01946C1F12003A7
:10057C0002FA01F500FA01F42EFA03F20EFA01FE6A
:10058C0020FA03F3AFB243EA0E034FEA154EB2FB67
:10059C00FEFC0EFB1C201A0C0CFB07F842EA004276
:1005AC0090455AD9AA180CF1FF3004D2904502D9C3
:1005BC00ACF102002A44A2EB08029BB2B2FBFEFC97
:1005CC000EFB1C220CFB07F743EA02439F4246D961
:1005DC00EB180CF1FF3204D29F4202D9ACF10202AB
:1005EC002B44DB1B42EA004202E0AEEB0203012289
:1005FC004FEA154EAFB2200CB3FBFEFC0EFB1C33C6
:10060C000CFB07F840EA034398452AD9EB180CF188
:10061C00FF3004D2984502D9ACF102002B44A3EB75
:10062C000803A4B2B3FBFEFC0EFB1C330CFB07F758
:10063C0044EA0344A74216D92C190CF1FF3304D217
:10064C00A74202D9ACF102032C44E41B43EA00405C
:10065C000F46114678E71F2188E76046ABE76246F4
:10066C00BFE76046DBE76346EFE7734506D916B98B
:10067C00002108466DE7C6E9000EF9E7B3FA83F7E7
:10068C0087B9734501D3824207D8841A6EEB0303F2
:10069C0001209C461EB900215BE73846FAE7C6E903
:1006AC00004CF8E7C7F1200CBB4000FA07F422FA23
:1006BC000CF520FA0CF1BA401D432EFA0CF30EFA8D
:1006CC0007FE4FEA154941EA0E011FFA85FEB3FBFE
:1006DC00F9F809FB18300B0C08FB0EFA43EA00433F
:1006EC009A4540D9EB1808F1FF3004D29A4502D94B
:1006FC00A8F102002B44A3EB0A0389B2B3FBF9F86F
:10070C0009FB183308FB0EFE41EA03418E452CD938
:10071C00691808F1FF3304D28E4502D9A8F10203FF
:10072C00294443EA0040A1EB0E01A0FB029841458D
:10073C00CE46434602D306D14C4504D20138B9EB20
:10074C00020E68EB0503002EA5D0B4EB0E0261EB94
:10075C00030101FA0CFC22FA07F3F9404CEA0303FB
:10076C00C6E9003197E74046C5E74346D9E70000A4
:10077C001FB50B46EFF31180202282F31288BFF3D2
:10078C006F8F0B4A11680B4A126880F31188BFF304
:10079C006F8F5878039018790290D88801905888F8
:1007AC0000901B78044815F01AFA05B05DF804FBAC
:1007BC00BC2E0020C02E002080A001007FB50C466E
:1007CC001546EFF31180202282F31288BFF36F8F4E
:1007DC000A4A11680A4A126880F31188BFF36F8FB6
:1007EC00084E306801303060CDE901300095234669
:1007FC00054815F0F4F904B070BD00BFBC2E002004
:10080C00C02E0020B00E0020E0A00100014815F021
:10081C00E6B900BF2EA1010030B50A4D89B003AC7A
:10082C000FCD0FC42B6802222360002306490093CE
:10083C0003A802F0BBFB0146044815F0D0F909B03F
:10084C0030BD00BF90970100D897010059A101005D
:10085C0000B58BB039B10D4815F0C1F90BB05DF88E
:10086C0004EBFFF7D9BF01A903F012FA40F2E24002
:10087C00074BBDF81C101A68064B41431B68064811
:10088C0015F0ADF90BB05DF804FB00BF72A10100CF
:10089C00C02E0020BC2E00208EA101002DE9F04FAF
:1008AC0000208BB002F066F8044617F0F6FA064604
:1008BC002146874815F093F9864B8748D3F80813DF
:1008CC00D3F80423334615F08AF90023DFF80C9291
:1008DC008DF827309DF82730412B27D10CB9FFF725
:1008EC009BFF00277E4815F07AF9BA46B8467D4C36
:1008FC007D4DD9F808301B68002B47D077480DF197
:10090C0027019847002841D19DF82730442B00F04F
:10091C00AC804B3BDAB2082A38D8082B36D8DFE843
:10092C0003F089356F35353535BB1700D9F80830EC
:10093C001B682BB148460DF1270198470028C9D0F8
:10094C0000238DF8273000213F2018F03EF8C1E736
:10095C00EFF3118C202383F31288BFF36F8F63495D
:10096C00634823682A68896A806A8CF31188BFF30C
:10097C006F8FCDE902100A215E48CDE9002108F104
:10098C00010B4146324615F02AF9D84618F0CBF83F
:10099C004FF47A7CA0FB0C0E47F6122200230CFBC2
:1009AC0001E1FFF765FDC21B8B4661EB0A01642A6E
:1009BC0071F1000103461EDBEFF3118C202282F350
:1009CC001288BFF36F8F4948494F21682A68806AA3
:1009DC00BF6A8CF31188BFF36F8FCDE903070A2030
:1009EC0000930290CDF804B04348079315F0F7F844
:1009FC00079BDA461F4600213F2017F0E6FF78E7F9
:100A0C00EFF3118C202383F31288BFF36F8F3749D8
:100A1C00374822682B68896A806A8CF31188BFF387
:100A2C006F8FCDE901100A2134480091314615F041
:100A3C00D6F8ABE7EFF31183202282F31288BFF3D1
:100A4C006F8FD4F800B02A68079283F31188BFF334
:100A5C006F8F0FF0A5FE2A49079A0B6829480133BE
:100A6C000B60594615F0BBF890E7EFF31183202289
:100A7C0082F31288BFF36F8FD4F800B02A68079204
:100A8C0083F31188BFF36F8F0FF0F2FE1C4B5946A6
:100A9C001B68079A1C48E5E74FF416711B480FF0CA
:100AAC00F9FE18B119491A4815F099F8EFF31183AA
:100ABC00202282F31288BFF36F8F21682A6883F398
:100ACC001188BFF36F8F0E4B12481B68CAE700BF2B
:100ADC00C2A1010000C0FF00F0A10100348E010092
:100AEC001CA20100BC2E0020C02E0020642F002070
:100AFC00C42E00202EA2010056A301007AA20100F0
:100B0C00B40E0020C4A20100F3A20100B2330020F5
:100B1C0021A3010024A30100014B1B68184700BF4F
:100B2C0008020020014B1860704700BF080200202B
:100B3C0030B5044685B00D4610220021684618F0E9
:100B4C0067F802238DF80230044B2A46214668468A
:100B5C00019314F077FC05B030BD00BF250B0000ED
:100B6C0080B505460E461746984614F0A5F903467F
:100B7C0000F0F0FC0446DFF81890424649F80030CB
:100B8C0039463046A84754F8090000F07BFC00BFFA
:100B9C00080000002DE9F047058B0446280717468E
:100BAC000CD501290CBF45F0100545F02005258317
:100BBC0087F31188BFF36F8FBDE8F087022905F02A
:100BCC00070540F09480204615F03EF8052864D8BF
:100BDC0001A353F820F000BFBD0B0000FB0C00007C
:100BEC00A70C0000690C0000830C0000950C0000A1
:100BFC0001F007035A1F012A1FD8002221F0070118
:100C0C00062BD4F8008089B2C4E9002209D14346EE
:100C1C0003E0628B013262831B68002BF9D141F037
:100C2C0002012046218315F00FF84FF0000900282F
:100C3C006DD041F02001218369E0042B0AD121F011
:100C4C00070189B22046218314F0FEFF10B141F058
:100C5C00200121834FF00008C14658E02369D3F8E6
:100C6C000090238B23F0070343F006034FF000089A
:100C7C00238346464BE02369D3F80490238B23F05F
:100C8C00070343F00403F1E72369D3F80890238B9F
:100C9C0023F0070343F00503E8E74FF00008C146D3
:100CAC00E7E7012243F00803238387F31188BFF39E
:100CBC006F8F002A3BD1B8F1000F4AD1B9F1000F68
:100CCC0002D020462C49C847EFF31187202383F329
:100CDC001288BFF36F8F238B23F008039BB22383FF
:100CEC00D9063FD523F01002228303F0070566696D
:100CFC00218B002EBFF67CAF00239946D4F80080E0
:100D0C0021F00701C4E9003341F001012183238B59
:100D1C0003F0070AAA4502D0A268002AC1D1B8F193
:100D2C00000F02D1B9F1000FDAD00022BAE7A168A6
:100D3C000029C0D00D680029BDD03346524620464C
:100D4C004F68B8471DB12B6829461D46F3E72B4663
:100D5C00FAE74146334652462046D8F8008014F054
:100D6C009FFFA8E79A067FF523AF23F0200222838A
:100D7C0003F0070527E700BFD95C0100014B0360B6
:100D8C0000207047E897010010B54FF42814DFF8E5
:100D9C0020C086B0CDE904C40824029404AC0194AC
:100DAC00BDF82040009416F01EFD06B010BD00BF2B
:100DBC001800280008B50348034A0021121A15F040
:100DCC0082F808BDC006002028360020074808B568
:100DDC00074A0849121A15F078F8BDE80840064889
:100DEC00064A0749121A15F070B800BF000000201F
:100DFC00C006002010AA0100000000200000002006
:100E0C0010AA010038B505460C4699B1D1E9012369
:100E1C000F48096814F0E3FED4E90423E1680D4897
:100E2C0014F0DDFEE1690C4814F0D9FEA1690B4801
:100E3C0014F0D5FE012D05D1EFF3058108481039CA
:100E4C0014F0CDFE21462846BDE8384013F0ACB96D
:100E5C009DA30100CDA30100FDA301000DA4010081
:100E6C003CA4010030BFFFF7FDBF00BF2DE9F041EE
:100E7C0005460B4EDFF82C80324606EB0807CC1BE0
:100E8C002046094917F09EFEA01942460021083C55
:100E9C0017F0BEFE2C6707F10800BDE8F08100BF1B
:100EAC0000000000040000008C97010010B5204CDD
:100EBC00204814F094FEA36A990137D51E4814F00B
:100ECC008EFE1E20A36ADA0103D51C4814F087FE9F
:100EDC001F20174CA36ADB0203D5194814F07FFEC0
:100EEC000220A36A1C0303D5164814F078FE2120B7
:100EFC000F4CA36A590303D5134814F070FE22203B
:100F0C00A36A9A0303D5114814F069FE2320084CF8
:100F1C00A36ADB0303D50E4814F061FE2420A36AF8
:100F2C006FEA03436FEA1343A36210BD1D20C9E7A8
:100F3C0000ED00E050A4010069A401007DA40100B3
:100F4C0098A40100C3A40100E2A4010008A50100BB
:100F5C0023A5010070B5244C064624480D4614F018
:100F6C003EFEA36AD90435D5214814F038FE17206B
:100F7C00A36A1A0503D51F4814F031FE18201A4C29
:100F8C00A36A9B050FD51C4814F029FEA16BA36A1C
:100F9C00180407D5194814F022FE1EB1A36A23F4D5
:100FAC000043A3621920104CA36A590503D51448B9
:100FBC0014F015FE1A20A36ADA050DD5114814F0A9
:100FCC000EFE1B20084A936A43F47F43936200236E
:100FDC002B7070BD1620CBE7A36A9B04F2D50A4890
:100FEC0014F0FDFD1C20EDE700ED00E04FA5010025
:100FFC0066A5010078A501008CA50100A6A501003D
:10100C00BCA50100D8A50100F1A5010070B5264CC6
:10101C00064626480D4614F0E2FDA36AD80640D5D4
:10102C00234814F0DCFD1120A36A190703D52148CD
:10103C0014F0D5FD12201C4CA36A9A070FD51E483C
:10104C0014F0CDFD616BA36A1B0607D51B4814F089
:10105C00C6FD1EB1A36A23F08003A3621320124CB9
:10106C00A36ADE0703D5164814F0B9FD1420A36A51
:10107C009C0603D5134814F0B2FD15200A4B9A6A4E
:10108C00D10658BF9A6A9A6A920642BF5A6A22F4EB
:10109C0000525A629A6A42F0FF029A6200232B7045
:1010AC0070BD1020C0E700BF00ED00E021A60100DC
:1010BC0038A6010078A501006CA6010085A60100E8
:1010CC009CA60100F1A501002DE9F0415D4B044601
:1010DC005F6800258AB0C7F3080685F31188BFF353
:1010EC006F8F02F07F43B3F17F4F06D102F00C03F8
:1010FC00082B13D1544814F072FD00252C464FF0E8
:10110C000008F31E8DF80780092B00F28B80DFE8B6
:10111C0003F00A7F837B89898989898710074CBFF3
:10112C000C460125EBE74948464E14F058FD8DF866
:10113C000780F36A9A0704D5454814F050FD002344
:10114C002AE0F36A002B01DA4248F6E7F36A5B0007
:10115C00F5D5414814F043FD7369A26943F48073DB
:10116C007361BFF34F8FBFF36F8F32F8023C72691C
:10117C0022F480727261BFF34F8FBFF36F8F03F451
:10118C007F42B2F55F4F27D1DBB2022B24D121680D
:10119C00324814F024FD23689DF80720CAB902AE2A
:1011AC0004F12007324620686168083403C2BC424F
:1011BC001646F7D1099A002D40D0C2F3080121B987
:1011CC006FEA52226FEA42220992184602A9FFF7EF
:1011DC0019FE0AB0BDE8F0811A4B9A6AD2B22AB154
:1011EC0001200DF10701FFF711FF0FE09A6A12F4CD
:1011FC007F4F05D001200DF10701FFF7ABFE05E095
:10120C009B6AB3F5803F9AD3FFF750FE0346C3E7C2
:10121C0000200DF10701E6E700200DF10701ECE7D6
:10122C000F488AE70F4B17F4F87F0F490F4808BF98
:10123C001946A6F1100214F0D2FC80E76FF30802F5
:10124C00C2E700BF00ED00E0EAA6010016A701000E
:10125C002EA7010050A701005FA701007FA7010086
:10126C009CA70100BCA60100D1A60100C1A70100EA
:10127C00064B5A6942F010025A615A6942F4806274
:10128C005A615A6922F008025A61704700ED00E079
:10129C00EFF30880EFF3098101B57246FFF714FFF5
:1012AC0001BD00BF0B4880F3088811F0D9FF202046
:1012BC0080F3118808484FF40061401880F30988C6
:1012CC00EFF314800221084380F31488BFF36F8F6F
:1012DC0000F06AF8F8550020B84400201EF0040F06
:1012EC000CBFEFF30880EFF30980816911F8021C41
:1012FC000229FFD001B5724614F0E9FD01BD00BF13
:10130C0000B2002807DB01234109034A00F01F004B
:10131C00834042F82130704700E100E000B2002821
:10132C000CDB01220649430900F01F0082402033E8
:10133C0041F82320BFF34F8FBFF36F8F704700BF6F
:10134C0000E100E0054B420953F82220012300F094
:10135C001F0003FA00F01040704700BF00E100E0EE
:10136C0000B2002801F10101ACBF00F16040064B56
:10137C004FEA4111C9B2ABBF00F5614000F00F005C
:10138C0080F800131954704714ED00E0044B054A23
:10139C0023F07F039360BFF34F8FBFF36F8F7047C2
:1013AC000000000000ED00E008B5FFF7EFFF0B4A6E
:1013BC00D2F8883023F47003C2F88830EFF314832A
:1013CC0023F0040383F31488BFF36F8FFFF7F2FC51
:1013DC00FFF7FCFC00F09CF812F0AAFF00ED00E017
:1013EC0042F8203C009B0B4942F81C3C019B21F02D
:1013FC00010142F8183C029B42F8081C42F8143CCC
:10140C004FF0807342F8043C0023203A0265436796
:10141C00704700BF6D0B000000B50D4B1546986072
:10142C00026F0C4B0E461A60036E83F30B882C462E
:10143C0086F309880020044B98472046002100229F
:10144C000023024C20470000075F01006D0B0000D9
:10145C0064330020B80E00201022014B1A61704733
:10146C0000ED00E0054B5A699B689A421FBF044A85
:10147C00536843F080535360704700BF64330020BF
:10148C0000ED00E0084B9B6883420BD1EFF3058322
:10149C0043B1064B5A6842F080525A605A6A22F4A1
:1014AC0000425A6213F00EBD6433002000ED00E0E0
:1014BC0014498A684FF030001044EFF3098C80E82F
:1014CC00F01F202080F31288BFF36F8F0E4F4FF068
:1014DC0000664A698A603E60106F0C4C2060506F49
:1014EC000023536780F3118802F1300090E8F01F5D
:1014FC008CF3098802F1000004B514F0F7FCBDE888
:10150C00044070476433002004ED00E0B80E002066
:10151C000023202040F20F1210B5044CE1180133C7
:10152C00934281F80003F9D110BD00BF00E100E047
:10153C0008B5EFF30583064A103B02EBC30152F8E2
:10154C00330049688847BDE80840FFF78BBF00BFF0
:10155C006C8E01000148006870470000B80E002036
:10156C001FB50121094B0A4A0A4800F0F7F800237D
:10157C00064A0393084B0121019301A8D31A029345
:10158C0000F0F6F805B05DF804FB00BF0000042085
:10159C000000002074980100C00600200A7A0B6835
:1015AC0010B562F304031C46CB68520923F01F03E9
:1015BC0043EA4203044A43F00103C2F89800C2F81C
:1015CC009C40C2F8A03010BD00ED00E010B5074BF8
:1015DC00D3F89030C3F30723013B984202D8FFF7AE
:1015EC00DDFF10BD6FF01500FBE700BF00ED00E064
:1015FC002DE9F04F0F46144606464FF000084B4DB0
:10160C0085B0B84580F28E80D6F80490B9F1000F01
:10161C0035D0B9F11F0F40F2838019F01F0F7FD125
:10162C00D6F800A01AF01F0F7AD1504614F088FC9F
:10163C00834609EB0A00013814F082FC83456FD114
:10164C001BF1160F6CD05C456ADDC5F898B0D5F867
:10165C009C10C5F898B0D5F8A03021F01F0143F0CC
:10166C001F0AD6E900321A44994202F1FF391BD104
:10167C00CA4508D131465FFA8BF014F06AFC08F1C8
:10168C0001080C36BDE73146C5F898B0D5F89C304A
:10169C00E0B263F30402C5F89C2014F05AFC10F17C
:1016AC00160F3DD0441CEAE7C5F898B0D5F8A02039
:1016BC00013B23F01F0302F01F021343CA453146BE
:1016CC00E0B2C5F8A030E8D014F043FC10F1160FCE
:1016DC0026D0C5F898B0D5F89C209DF808300AF1B2
:1016EC00FF3A62F304038DF80830D5F8A0309DF86A
:1016FC0008205B0863F347128DF80820D6E9003206
:10170C001344009323F01F035344A3EB090301304C
:10171C0023F01F036946C0B20393FFF757FFBEE7E0
:10172C006FF01504204605B0BDE8F08F00ED00E029
:10173C000522044BC3F89420BFF34F8FBFF36F8F78
:10174C00704700BF00ED00E0BFF35F8F0022024B3B
:10175C00C3F89420704700BF00ED00E010B5034CB7
:10176C002278FFF745FF207010BD00BF0A3600201D
:10177C002DE9F74F294D8A4606464FF00008AB4637
:10178C00274FD0451BDAD6F80490B9F1000F3FD0A3
:10179C0031680846019114F0D3FB0199044609EB1A
:1017AC000100013814F0CCFB84424FF014021D4BA5
:1017BC0008D002FB08F36FF015024BF8032003B0BE
:1017CC00BDE8F08F14F1160F2C60F8D01978A142F7
:1017DC00F5DD02FB08B0C7F89840C7F89840D7F879
:1017EC009C4000F10801007B64F304000871D7F8F9
:1017FC00A0000C79400860F347140C71D7F89C10CA
:10180C0021F01F016960D7F8A01021F01F01296198
:10181C0008F1010814350C36B3E700BFBC0E0020EC
:10182C0000ED00E00A360020F0B55349534DD1F8D5
:10183C0090302C68C3F307239C4287B000F2998048
:10184C000020FFF781FF4E4BC1F8C030844216D107
:10185C004C4D01A82C70FFF791FA002607464A4C14
:10186C00B74213D100202B784349D1F89020C2F312
:10187C000722934277DBFFF75BFF002046E06968A5
:10188C0001EB0011FFF78AFE0130DFE7019930010F
:10189C0001EB0613DA682240B2F1807F52D00AD8ED
:1018AC00B2F5001F34D0B2F5800F3ED0B2F5801FD8
:1018BC0012D00136D4E7B2F1006F43D0B2F1805FA1
:1018CC00F7D15A689B680958013B22F01F0003446A
:1018DC0023F01F03012032E05A689B680958013B32
:1018EC0022F01F0003440120844623F01F0340EA2A
:1018FC004C10CDE902218DF8100002A9287805932F
:10190C00FFF764FE00282ADA6FF0150007B0F0BD6F
:10191C005A689B680958013B22F01F0003444FF0A2
:10192C00020C012023F01F03E1E75A689B68095859
:10193C00013B22F01F000344062023F01F034FF04D
:10194C00000CD4E75A689B680958013B22F01F0031
:10195C0003444FF0030C012023F01F03C7E72B783F
:10196C0001332B70A5E7C1F89830C1F8A000013302
:10197C007BE74FF0FF30C9E700ED00E080980100F5
:10198C00AAFF44000A3600200000F0FF08B5024B05
:10199C001B689847002008BDD00E0020034B044A5A
:1019AC001860937843F0020393707047D00E0020B8
:1019BC002402002008B50649064821F00701C1F1B0
:1019CC00005202F5802214F0C7F8002008BD00BFB9
:1019DC00BF6D0020D40E002070B541690446867A94
:1019EC000A4D59B1437ADB0706D4242303FB065373
:1019FC00DB691B689B6898470023636124202146A0
:101A0C0000FB0650BDE8704016F040BEC405002037
:101A1C002422024B02FB0030704700BFC40500209B
:101A2C002421827A054B01FB02331A6A1B7D801A32
:101A3C001B3323F00303B0FBF3F07047C405002005
:101A4C0038B52424827A064B04FB0233DB69D3E9D4
:101A5C0001240C601568FFF7E3FF04FB005038BD50
:101A6C00C40500202DE9F04385B005466846904634
:101A7C001C46039117F059F8DDE90067EFF3118963
:101A8C00202383F31288BFF36F8F6B8A002B41D016
:101A9C002A8A9A4225D900220023284612F002FDF8
:101AAC000446F0B189F31188BFF36F8F039B002BB1
:101ABC0041D032463B46684617F05CF82421A27AA6
:101ACC00254B204601FB0233DB6903A91B681D680B
:101ADC00DDE90023A847606170BB2046FFF77CFF5F
:101AEC0024E0698A4B1E6B8289F31188BFF36F8FD8
:101AFC002B7D2A8A2C6A1B3323F00303521A02FB18
:101B0C000344154B154AEB1A9B105343A3722B7DC0
:101B1C00E372CBE789F31188BFF36F8F23464246FC
:101B2C00284612F0BFFC04460028BFD100242046F2
:101B3C0005B0BDE8F0836361012300252381039B7D
:101B4C0029466382E27A656004F1180017F060F8A8
:101B5C0063692582E360EAE7C4050020398EE33827
:101B6C0070B524250C4C00B970BD037A4668002B67
:101B7C00FAD0013BDBB20372002BF5D1C36043609A
:101B8C00837A05FB03439B6913B198473046EAE718
:101B9C00FFF722FFFAE700BFC405002008B5244A6E
:101BAC00244B1A6010F0C6FD4FF47A612248D0F82D
:101BBC002436C3F30802C3F309434B4382F4807207
:101BCC001E49883201FB02334FF4FA215B00B3FB50
:101BDC00F1F201FB12331A49B3F57A3F28BF0132F7
:101BEC00C1F80429D0F820364FF47A60C3F3080208
:101BFC00C3F30943434342F21C5082F4807202F255
:101C0C00172200FB02334FF47A701B0AB3FBF0F27D
:101C1C0000FB12330020B3F5FA7F4FF0010328BF0D
:101C2C000132C1F81C27C1F80009C1F8003608BD03
:101C3C000020A1072005002000C0FF00F82A00802A
:101C4C000000125048B1054B054A1B68B3FBF2F378
:101C5C005843044B43F001031847704720050020FC
:101C6C0040420F00C097010030B50378012B11D012
:101C7C00022B21D06BB90A46144B03F1100453F814
:101C8C00045BA34242F8045BF9D143881A0A8A70B8
:101C9C00CB7030BD0A460D4B03F1100453F8045BB6
:101CAC00A34242F8045BF9D143681A0C180E4A702F
:101CBC000870C3F30722EAE700F11003013913F8A7
:101CCC000129984201F8012FF9D1E2E7BBA90100E3
:101CDC0010B514F080FA16F0DBFD044608B913F0C9
:101CEC0027F8064BD3E8AF3F0BB10A2098471CB935
:101CFC00BDE8104013F030B810BD00BFE00E00205E
:101D0C0038B50446084814F048F9054648B1631E36
:101D1C00DBB21F2B96BF054A0021D15C0C3014F0AE
:101D2C00B7F9284638BD00BF78060020CBA90100C2
:101D3C000F2810B50CD80D280CD90A4814F02DF921
:101D4C00044618B104210C3014F0A2F9204610BD41
:101D5C001328F2D009B10448F0E70220BDE8104086
:101D6C00FFF7CEBF9C0600200C06002038B5C568D6
:101D7C002B7893B9B5F801400F21204601F0DCFC1B
:101D8C00EB78054650B90A4A118831B96FEA04500C
:101D9C006FEA10501080074A137038BD437201214E
:101DAC0001F036FC2846BDE8384001F0DFBB00BF2F
:101DBC00983300200B36002010B5002486B003ABFE
:101DCC0000934FF480624FF0FF3305490548CDE98D
:101DDC000344059412F082FD204606B010BD00BFEE
:101DEC0028360020C006002010B5084C01460622FB
:101DFC0094F86F0001F02AFF38B994F86F000522AF
:101E0C00BDE81040024901F021BF10BD00000020C8
:101E1C00A1A90100054BD3E8AF2F02F00B02D3E8C8
:101E2C00EF1FC3E8E02F0028F9D17047D400002041
:101E3C0010B5012104460C3014F04BF92146BDE8D5
:101E4C0010400023014A007814F004BB9099010063
:101E5C0010B5012104460C3014F03BF92146BDE8C5
:101E6C0010400823014A007814F0F4BA509901008C
:101E7C0070B5314814F0AAF8044600285AD000F185
:101E8C000C05284614F02DF9022805D004282FD073
:101E9C002046FFF765FE21E0238A032BF8D90421A5
:101EAC00284614F016F9FF22438806882276228AE7
:101EBC00C6F30B009A426083EAD10F2101F03CFC7F
:101ECC0005460028E4D001F053FC21462076320B65
:101EDC00284614F05DFD284601F048FB174BD3F85B
:101EEC004C313BB3BDE870401549164816F080BC28
:101EFC002846022114F0EDF8054600783E2812D051
:101F0C0014F0C6F910F002060DD140F69A430E4AB1
:101F1C000E490F4813F070FE86F31188BFF36F8FD4
:101F2C000323184602DF042321460A4A287814F0BA
:101F3C0091FAADE770BD00BF4C01002000000020FD
:101F4C003403002060070020E4A7010018A801005A
:101F5C0046A801003099010010B5012104460C304F
:101F6C0014F0B7F82146BDE810400223014A00786E
:101F7C0014F070BA209901002DE9F0470C4612F0CC
:101F8C00D7FEE5682B78022B67D0042B05D02046B2
:101F9C00FFF7E6FD6FF0150408E0B4F81080B8F117
:101FAC00020F08D82046FFF7DBFD002412F0D4FE08
:101FBC002046BDE8F08768783E2809D1B8F1030FB8
:101FCC00F0D0EB78012B01D00A2B46D1032704E08B
:101FDC0014F05EF90746F8073FD504F10C06012111
:101FEC003046D4F814A014F06CF80221304614F0EA
:101FFC0070F8814600783E2807D1E3681B78012BE6
:10200C0001D00A2B06D1032614E014F041F9C107C4
:10201C0006460FD441F26813164A1749174813F0B5
:10202C00EBFD002383F31188BFF36F8F0323184656
:10203C0002DF0226124A0623214699F8000014F00A
:10204C0009FAB20712D56369A5EB0A0513FA85F5EF
:10205C00E560A4F81080BB07A7D52146094813F00A
:10206C00A0FF0949094816F0C3FB9EE72046FFF77D
:10207C0077FDF0E7E4A7010063A8010046A8010082
:10208C00F09801004C010020340300206007002070
:10209C002DE9F047884616468246002868D0002372
:1020AC00DFF8D090D9E8EF4FC9E8E23F002AF9D128
:1020BC00002C5DD02046FFF7B3FC0C232E4D274699
:1020CC0003FB0050438853450DD0D9E8EF3FC9E8D6
:1020DC00E27F002AF9D1002B4AD01F463846BDE8D2
:1020EC00F047FFF73DBDA64208D0204613F050FF45
:1020FC00328AF16804F10C0013F0C1FF2046FFF79F
:10210C008FFC0C2606FB00504368ABB1B8F1000FF6
:10211C0012D12046FFF784FC012106FB00504268D7
:10212C00536803F01F00814010685B0900EB8300CB
:10213C00137ACBB114F0DFF82046FFF771FC0C26B4
:10214C0006FB00508368002BC8D02046FFF768FCC4
:10215C00704305F800802046FFF762FC06FB005533
:10216C00A86812F0D1F9B9E7C94314F08AF9E3E78A
:10217C00BDE8F08748010020E40E002010B5C1E94D
:10218C0000239DF808300C460B72FFF749FC0C221B
:10219C00024B02FB00335C6010BD00BFE40E00205C
:1021AC00F8B502460B46104813F0F7FE0446C0B1D2
:1021BC0004210C3013F052FF2046FFF731FC0C27A2
:1021CC0000260A4D07FB005046802046FFF728FCEE
:1021DC0007FB005086602046FFF722FC07FB0055EA
:1021EC006E602046F8BD00BF54060020E40E0020AF
:1021FC00034B0146D3F8640182689268104700BF14
:10220C00000000200421014814F075B8D40000200F
:10221C000048704794A301000149024816F0E8BA3F
:10222C0024030020C006002070B505460C4639B1C9
:10223C00CB684A699B1A032B0ED86FF0150509E081
:10224C004FF0FF304FF0FF31FFF7AAFF044618B9EB
:10225C006FF06805284670BD2046FFF7E1FB0C22A5
:10226C00134BA61802FB0033032130465D8013F09C
:10227C0017FF0580238A0121033B8370304613F03E
:10228C0017FF40F635439D4209D12046FFF7B0FFBA
:10229C0005460028DED02046FFF762FCDAE721462F
:1022AC00044816F0E8F90025FFF7B6FFD2E700BFA7
:1022BC00E40E0020540100202DE9F0430646174699
:1022CC000C4685B069B94FF0FF304FF0FF31FFF786
:1022DC0067FF044658B96FF06805284605B0BDE89D
:1022EC00F083887AFFF794FB304B834257D101225D
:1022FC000021684616F0D8F92046FFF791FB0C2315
:10230C00DFF8AC9003FB0090C0F808D0204613F027
:10231C0073FE01463046FFF787FF054618B120468D
:10232C00FFF71EFCD9E700236846224A12F020F979
:10233C00804690B14FF4F1731F4A2049204813F0A6
:10234C005BFC424631461F4813F056FC85F311885E
:10235C00BFF36F8F0323184602DF2046FFF760FBA5
:10236C000C23584319F80060AEB12046093EFFF724
:10237C00F7FB092E0CD8DFE806F0050B0B08150B44
:10238C000B0B0B126FF06E05A7E76FF00C05A4E7B3
:10239C006FF00405A1E7002FC1D03C609DE76FF002
:1023AC0015059AE76FF00B0597E700BF5406002060
:1023BC00E40E0020B4C40400E4A701007CA80100D2
:1023CC0046A8010085A801002DE9F04300264F4BDB
:1023DC00B0F80180198848F47042914285B004BF6E
:1023EC001E804B4B00F1040408BF1E78C3780546D1
:1023FC00012B08BF474B204614BF4FF0000993F840
:10240C006F9013F0E4FE02AF2146B0B14FF001091A
:10241C00384613F0D1FED5F81130CDF80130B5F8AF
:10242C001530ADF80530EB78012B1BD0132140464D
:10243C0014F0D3F805B0BDE8F083484614F0AAF9BF
:10244C000346006895F8049002909A889B79686816
:10245C00BA80BB71A288A3790090ADF804208DF8E6
:10246C000630E0E73846FFF7BFFC04460028DDD015
:10247C000346B5F8012023F8702BBA790298B98875
:10248C0020679A7140F2E2429980B5F817305343B5
:10249C000022C4F88830B5F81930A4F89030B5F89B
:1024AC001B30A4F89230EB786272012BE3701CD1D4
:1024BC008DF80090BDF804209DF806300098A4F823
:1024CC007B2084F87D30C4F8770000F06BFD237A14
:1024DC001049C3EBC3035A18CB58C4F87E30938809
:1024EC00A4F88230937984F884300721204601F0D7
:1024FC008FF826B101212046667201F089F820463A
:10250C0001F068F9204601F031F893E79833002088
:10251C000B3600200000002000B5C36889B01A7883
:10252C0032B13C2A32D109B05DF804EB13F0B1BFE3
:10253C008DF80020B3F80120ADF80120DA788DF881
:10254C000320B3F80B20ADF81720B3F80D20ADF82D
:10255C001920B3F80F20ADF81B205A7C8DF81D20E4
:10256C00586801901A899B7AADF808208DF80A30CA
:10257C00084B68461A689B88CDF80B20ADF80F30D5
:10258C00CDF81120ADF81530FFF71EFF09B05DF83E
:10259C0004FB00BFB5A90100F7B5002240F60340CB
:1025AC001146FFF789FE0446002853D1FFF732FC91
:1025BC00214641F2030001AAFFF77EFE04460028E3
:1025CC0048D1019AC04DD16805F17803D1F80100CA
:1025DC00D1F8051003C31046FFF7C2FA214641F2A9
:1025EC00010001AAFFF768FE044698BB0198C36876
:1025FC005A7885F870205A88A5F872201A7985F8CF
:10260C007120B3F80720A5F87420B3F80530A5F8AD
:10261C007630FFF7A5FA214641F2020001AAFFF736
:10262C004BFE0446B0B9019F05F18006FA68531CB5
:10263C004132344618685968083303C4934226461D
:10264C00F7D13846FFF78CFA95F87C305B0604D44A
:10265C006FF01204204603B0F0BD95F8AF1001AA3C
:10266C0011F0040100F03681002142F28700FFF7DF
:10267C0023FE04460028EDD1019A944FD468A31C84
:10268C0022343E4618685968083303C6A3423746BD
:10269C00F7D11046FFF764FA002142F2020001AABA
:1026AC00FFF70AFE04460028D4D1019CE368B3F876
:1026BC00012091B241B1D97831B1A5F81421DA7861
:1026CC008348114615F0F0FF2046FFF749FA1F2307
:1026DC0095F87C60A5F8283116F0200619D14FF03A
:1026EC00FF304FF0FF31FFF75BFD0446002800F090
:1026FC00168102210C3013F0BCFC0123214603701F
:10270C004670324640F66D40FFF7D6FD0446002871
:10271C00A0D195F89C301F0712D5002142F21C0065
:10272C0001AAFFF7C9FD0446002893D10198C3689C
:10273C00D3F80120D3F80530C5E93E23FFF710FA92
:10274C004FF0FF304FF0FF31FFF72AFD0446002811
:10275C0000F0E58008210C3013F08BFC95F8D83094
:10276C0095F8D91013F0020316BF2F220F22002365
:10277C0011F0090F95F9DF1018BF42F4006200291F
:10278C00B8BF4FF4806395F8E0100270C2F30722D3
:10279C00427000228E0748BF43F48013C3F3072115
:1027AC001B0C417182702146C27002718371C2711F
:1027BC0042F20100FFF780FD044600287FF44AAF87
:1027CC0095F87C30B5F81411980600F19480C9B9CD
:1027DC0041F2050001AAFFF76FFD044600287FF4C3
:1027EC0039AFB5F81431019C4BB9E368B3F801204B
:1027FC00A5F814219A883648114615F055FF204645
:10280C00FFF7AEF94FF0FF304FF0FF31FFF7C8FC88
:10281C000446002800F0838008210C3013F029FCBA
:10282C00102303708823437002230022C3702023DB
:10283C0021468270027142718271C37140F601406F
:10284C00FFF73AFD044600287FF404AF014601AAC5
:10285C004FF60140FFF730FD044620BB0198FFF70F
:10286C007FF921464FF6024001AAFFF725FD0446E9
:10287C00C8B90198C368B3F80130A5F8C130FFF7A7
:10288C006FF995F8C1305A070DD521464FF6034024
:10289C0001AAFFF711FD30B90198C3685B7885F880
:1028AC00C030FFF75DF9EB7953BB00F03BFB0446FE
:1028BC0000287FF4CFAE01F019FB044600287FF40A
:1028CC00C9AEFFF79FFCC5E600000020D800002031
:1028DC001801002042F20300FFF7EEFC044600282A
:1028EC007FF4B8AE019A1B4BD168D1F80100D1F836
:1028FC00051003C3CDE6002984D16FF00404A9E6CA
:10290C002E78002ED1D195F8C1309B061ED54FF0F4
:10291C00FF304FF0FF31FFF743FC044610B96FF066
:10292C00680497E606210C3013F0A3FBD5F80130B0
:10293C0021460360084B32469B8883804FF6064045
:10294C00FFF7BAFC04460028AFD083E66FF085048D
:10295C0080E600BFD80000200100002010B5FFF772
:10296C001BFE034B1B6813B1BDE81040184710BD8C
:10297C00FC0E002073B5254D0646D5F8640115F004
:10298C002EFD00283BD06FF0020105F1D40013F0AE
:10299C0078FD012113F0AFFC10EA010432D11C4B7D
:1029AC001E600A4605F59C7015F07EFE05F5AA70B2
:1029BC0015F033FE174815F046FF6FF007034FF480
:1029CC00966215491348009411F088FF1349114879
:1029DC0015F064FFD5F86401114983681B689847AA
:1029EC00044648B926B902B0BDE87040FFF7D4BD23
:1029FC0005F1C40011F06CFF204602B070BD6FF001
:102A0C001204F9E76FF07704F6E700BF000000202E
:102A1C00FC0E002060070020283A0020CAA8010004
:102A2C00851F000038B5032104460C3013F051FB10
:102A3C0040F635420346B0F8010090420DD01D78A7
:102A4C00E36822461978FFF723FB35B1034811F0F0
:102A5C005BFDBDE83840FFF7DFBB38BD3801002017
:102A6C0038B512F065F9284DD5F85431002B48D003
:102A7C000022002305F59C7011F07AFD002840D14E
:102A8C000022002305F5AA7011F00CFD044668B96C
:102A9C0040F6AA431D4A1E491E4813F0ADF884F3B4
:102AAC001188BFF36F8F0323184602DFD5F8480156
:102ABC0020B1FFF755F80023C5F84831204613F034
:102ACC009BFAC5F848012046FFF792FB98B11248D3
:102ADC0011F01AFD2046FEF7A3FF0C220F4B1F210D
:102AEC0002FB003022464088FFF7D2FA2046FFF75F
:102AFC0037F8FFF791FBFFF78FFBBDE8384012F07A
:102B0C002BB900F077FEF8E700000020E4A70100E5
:102B1C00D3A8010046A8010038010020E40E0020D3
:102B2C0038B5042104460C3013F0D3FA45780178FB
:102B3C0022464088FFF7ACFA35B1044811F0E4FCAA
:102B4C00BDE83840FFF768BB38BD00BF3801002036
:102B5C0070B54FF0FF320D464FF0FF3300210646A3
:102B6C00FFF7E6F8044660B91A230A4A0A490B48EB
:102B7C0013F042F884F31188BFF36F8F03231846C8
:102B8C0002DF022104F10C0013F073FA0670457099
:102B9C00204670BDD7A80100D3A8010046A80100AB
:102BAC00F8B506460024094DEF79E3B29F4202D8EE
:102BBC006FF0010007E02946304613F0E3FD0735BE
:102BCC00631C08B12046F8BD1C46EEE7000000204F
:102BDC0070B5144E06223146044616F021F8E0B1C9
:102BEC004FF0FF304FF0FF31FFF7DAFA0546A8B18E
:102BFC00062221460C3013F042FA0022294642F2FA
:102C0C000500FFF759FB40B93346226843F86929A0
:102C1C00A288B280012283F8682070BD6FF0680032
:102C2C00FBE700BF6900002073B504460D4689B16F
:102C3C002846174913F0A6FD60B9164A2968C4EB5B
:102C4C00C4041151A318AA889A80AA799A710020F9
:102C5C0002B070BD6E46304613F0A0FA0028F7D1D2
:102C6C003046FFF79DFF0028F5DA0A4A0098C4EBBE
:102C7C00C4041051B179B088A31898809971002DB3
:102C8C00E5D012592A609A88AA809B79AB71DEE74D
:102C9C00A8A901000000002070B5044611B16FF026
:102CAC00150070BDF0B1224913F06CFDD0B920466F
:102CBC00FFF776FF002835DA237863B91D4AD379FC
:102CCC0083BB20681060A179A0889171012190804C
:102CDC00D1711846E5E7012BE1D1A37903F0C003CC
:102CEC00C02BDCD1134DEB79012B1ED005F1D40395
:102CFC00D3E8AF3FDB0707D4002CD0D020460C49DB
:102D0C0013F040FD0028CAD1EE792146731C3046E1
:102D1C00EB71FFF789FF08B93046C2E7EB79013B4D
:102D2C00EB71BEE76FF07700BBE76FF00B00B8E715
:102D3C00A8A90100000000202DE9F3410446D8B1F8
:102D4C00002141F2090001AAFFF7B6FA054698B92D
:102D5C00019E0622D6F80C80104908F1010738466E
:102D6C0015F05EFF28B1062238460D4915F058FFC4
:102D7C0030B93046FEF7F4FE002002B0BDE8F08119
:102D8C00D8F801303046C4F80130BB882570A4F85F
:102D9C000530FEF7E5FE0120EFE700BFB5A9010005
:102DAC00AFA9010007B56846FFF7C6FF044BD87101
:102DBC0018B169460020FFF737FF03B05DF804FB3C
:102DCC0000000020F0B5294D89B0EE79002E46D1D7
:102DDC0095F8C230DB0722D56A4631464FF60940DA
:102DEC00FFF76AFAD8B9DDF800C0DCF80C4063785C
:102DFC00012B1E4628BF012673B1A31C02AA123454
:102E0C00174618685968083303C7A3423A46F7D1E6
:102E1C00186838609B88BB806046FEF7A1FEEE7197
:102E2C00002416260127EB79E0B2984202D3B3B105
:102E3C00002012E008AB06FB003353F8182C33F8D3
:102E4C00143C6946CDF80120ADF805308DF80070C2
:102E5C00FFF7EAFE01340028E5D009B0F0BD0021EF
:102E6C00084609B0BDE8F040FFF716BF000000208F
:102E7C002DE9F0411D460E4617460346002849D061
:102E8C00002D47D00A0307D54C0743D413F08FFC11
:102E9C0010BB01232B701FE0B10704781ED0204912
:102EAC002FB1B20603D591F8D820500635D5C4EB16
:102EBC00C40411F80480B8F1010F08D1013418468C
:102ECC00214413F06CFC38B985F8008002E0B8F1AD
:102EDC00000FF9D0A7B90020BDE8F081720716D514
:102EEC000F49C4EBC4040F5D012F07D101342144F9
:102EFC0013F055FC0028EFD12F7001E0002FFBD010
:102F0C00B306E8D52B7843F002032B70E3E713F0FC
:102F1C004EFCBEE76FF01500DEE76FF08500DBE7D7
:102F2C000000002010B50A4CE3790BB1002010BD55
:102F3C00FFF738FF0028FAD1E379002BF6D1FFF721
:102F4C0041FF0028F3D1601CBDE81040FFF740BEE4
:102F5C0000000020F7B5CDE90001694642F20800F7
:102F6C0016461D469DF8207013F03CFC044648B9EB
:102F7C005FB90B4BD3E8EF1F41F00401C3E8E21F2C
:102F8C00002AF7D1204603B0F0BD694642F2090091
:102F9C00CDE9006513F026FC0028EAD00446F1E7E1
:102FAC002800002000487047180000202DE9F04F41
:102FBC00D0F8109089B0B9F100040546934618BFBB
:102FCC000124DFF8C8A202910393DAE8AF3F5A0755
:102FDC0040F17481466873050CD56FF0150400221E
:102FEC0040F20110029B934540F07181204609B0DC
:102FFC00BDE8F08FD0F81080B8F1000F01D0B70702
:10300C00EBD0A34F2878FB798342E6D9C0EBC00004
:10301C000722A049384415F003FE0028DDD0B00784
:10302C0006D197F87030082B02D8AB689F2BD4D9F7
:10303C0016F0300F6DD0B8F1000FCED0F1066BD476
:10304C0006F46036B6F5603FC7D0284613F0C6FBD1
:10305C0080460028C1D0904ED6E8AF2FC2F3002393
:10306C00D20500F12E81CDE90533CDF81B30AB68CC
:10307C006A68ADF81030EB6812F4004FADF81230FE
:10308C0014BF06230723D00348BF03F005039103A5
:10309C0048BF03F0FB038DF81D30DAE8EF3F23F453
:1030AC008073CAE8E23F002AF7D12B7822463B76A0
:1030BC0087F86F30696879480DF11503FFF7D8FE72
:1030CC00044600288BD1764BB9F1000F30D02A6919
:1030DC0011684AF8B31C9188998092799A716B683F
:1030EC009A0727D0B9F1000F2BD013F0100F0CBF9B
:1030FC00012304238DF814302B691A68CDF816209F
:10310C009A88ADF81A209B798DF81C304FF0000886
:10311C001AE0B8F1000F93D1D5E902239A423FF699
:10312C005CAF1F2A7FF659AFB3F5804F88D954E7AF
:10313C00584ACDE79B0502D4039B002B37D00223C2
:10314C0000E04B468DF814304FF0FF304FF0FF315C
:10315C00FFF726F80446002800F0B6800F2204A9D9
:10316C000C3012F08CFF2146002242F20600FFF7D1
:10317C00A3F8044600287FF432AFB9F1000F1AD03F
:10318C00686810F0030022D107460121434813F070
:10319C0083FB0446002840D0002F3FF420AF384674
:1031AC00002100F035FA384600F0E0F917E7032368
:1031BC008DF81430AAE75946129B039A0298CDF861
:1031CC000080FFF7C7FE04460028D9D007E73C7EF5
:1031DC0007223049324887F86F4015F021FD60B95D
:1031EC002046304900F0EEFC074610B96FF00B0496
:1031FC00F5E6052100F00CFAC7E72046284913F044
:10320C006BFC00287FF4E9AE387E254900F0DAFC2F
:10321C0007460028EAD00621ECE717B1384600F043
:10322C00A5F96B689F071FD0D6E8EF3F43F40073F6
:10323C00C6E8E23F002AF7D1B8F1000F1DD0D6E85E
:10324C00EF3F43F48063C6E8E23F002AF7D16B6896
:10325C00580729D5D6E8EF3F43F48053C6E8E23F40
:10326C00002A3FF4BCAEF5E7D6E8EF3F23F4007339
:10327C00C6E8E23F002ADFD0F6E7D6E8EF3F23F4BA
:10328C008063C6E8E23F002AE1D0F6E7D4000020D4
:10329C0000000020A8A90100280000201800002030
:1032AC0021000020A1A90100D6E8EF3F23F48053B0
:1032BC00C6E8E23F002A3FF492AEF5E76FF00A044D
:1032CC008DE66FF077048AE66FF0680487E619885C
:1032DC00814204D1596811B10978C90702D401326D
:1032EC00083380E60449054815F0B3FA0023044A74
:1032FC00024811F091FB79E6F768010030000020DC
:10330C001C4E0E0010B5184813F0ECFA174CD4E80C
:10331C00AF3FDA05C3F3002024D5D4E8AF3F9B05BB
:10332C0017D513490722E01F15F07AFC0346A4F1C8
:10333C00280114F8100C93B905220E4900F086FCF4
:10334C00044630B10021417200F062F9204600F0D1
:10335C000DF9BDE810400021034813F09DBA062278
:10336C002131EBE710BD00BF180000202800002021
:10337C00A8A90100A1A9010070B505460B4B1C685A
:10338C0044B154F81C3C1C3C13B12846697A98474C
:10339C00E469F5E7064C074EB44200D370BD2368D0
:1033AC0013B12846697A98472034F5E7340F00208A
:1033BC005C9701007C97010010B50446FEF730FBCA
:1033CC00044901EB0011204612F042FFBDE8104009
:1033DC00FEF722BF000F0020002270B50446D1E991
:1033EC0001560748C1E9012215F045F93DB13146B6
:1033FC0020462B46BDE870406FF06D02184770BD3B
:10340C00B405002070B50546002200230E4811F0CB
:10341C00AFF8B8B90D4B1C6834B154F8143C1C3CD3
:10342C0003B19847E469F7E7094C0A4EB44204D358
:10343C002846BDE8704011F04BBAA36803B1984719
:10344C002034F3E770BD00BFA4050020340F00202A
:10345C005C9701007C9701002DE9F0410446202780
:10346C000025EFF3118287F31288BFF36F8FE169A8
:10347C0029B1206A0B688142E36108BF236282F3A1
:10348C001188BFF36F8F71B1D1E901680748C1E9A9
:10349C00015515F0F0F81EB1002241462046B04708
:1034AC00FEF7BAFEDDE7BDE8F08100BFB4050020F1
:1034BC000448B0F8143100F58C70002B08BF0020C4
:1034CC00704700BF0000002030B50446FEF742F8FC
:1034DC000D460D4A0D4989B00858D2F88010884223
:1034EC0005D1204609B0BDE83040FFF7B5BF243404
:1034FC002146104615F07CF91DB16946204615F0A1
:10350C0087F909B030BD00BF700D00200800000025
:10351C0038B5002204468A4202D10024204638BD28
:10352C00012004F1C403D3E8EF5F002D04D1C3E8FC
:10353C00EC0FBCF1000FF6D102D0C8340244EAE71C
:10354C00002CEAD0C4220021204615F061FB04F1C6
:10355C004000044915F07DF9034904F1240015F0ED
:10356C002BF9DBE7453E00004F69010008B500F17F
:10357C00C403D3E8EF2F013AC3E8E12F0029F8D1B7
:10358C00AAB90B4B984212D303F1C80290420ED247
:10359C00C01AC823B0FBF3F203FB120038B905487C
:1035AC0010F0B2FFBDE80840034811F091B908BD16
:1035BC0000080020A40500205403002010B5044688
:1035CC0013F036FA11F0B4FB104A04F1B803D2F838
:1035DC002C1161B9C4F8B810D2F8301159B9C2E93C
:1035EC004B3311F0B9FBBDE81040FEF715BE8B4212
:1035FC0005D00968EDE70B60C2F83031F1E711F046
:10360C00ABFB2046FFF7B2FFEDE700BF0000002048
:10361C0070B5857A04468D4213D081720DB913F0C2
:10362C0007FAA37A012B09D1314D05F58C76616926
:10363C0000294AD1BDE87040FEF7EEBD072B01D042
:10364C0073B170BD0023C4E90D33E378012BF8D1BD
:10365C0004F140000023BDE87040264A11F0A8B9DF
:10366C00082DEED801A353F825F000BF4F3600000B
:10367C009D360000C3360000CD360000CD3600006C
:10368C00CD360000C33600004F3600004F36000028
:10369C0004F14005284615F0E8F820460121FFF713
:1036AC0013FF204613F06BF92846BDE8704000224A
:1036BC00002311F0B1B9637A13B12046FFF75CFE19
:1036CC002046BDE87040FFF751BFA2690B689142DC
:1036DC0008BFA36120466361FFF77EFEB5F8143185
:1036EC00002B14BF3046002010F00EFF9FE700BFE8
:1036FC00000000205A620200F8B5074609480D4642
:10370C00164613F095F9044650B183781F4203D145
:10371C00BDE8F840FFF72ABF3146A8472046F7E737
:10372C00F8BD00BF00080020002201200149FFF76E
:10373C00E3BF00BF1D69010038B505460B480C46B8
:10374C0013F076F9034670B1827A012A02D0073A57
:10375C00012A06D81A88AA4202D19A78144203D1B7
:10376C001846FFF703FF0023184638BD0008002059
:10377C00034BC01A034BC0105843C0B2704700BF74
:10378C0000080020295C8FC270B51C461443054606
:10379C000E4608D0FDF7DEFE0B4908580B49D1F850
:1037AC008010884201D1002213460949002D14BF14
:1037BC002846084612F0F1FB044618B1711D0C3076
:1037CC0012F04CFC204670BD08000000700D00206B
:1037DC00C405002010B50446054811F079F82046C0
:1037EC0000F03CFC2046BDE81040FFF7C5BD00BF13
:1037FC004403002000232DE9F04F87B00393059379
:10380C00A74B5A8A32B1A74DD5F82C4134B907B021
:10381C00BDE8F08F1B68002BF5D1F8E754F8B839E8
:10382C0003B1B83B0026A04901E01C461346B5F88D
:10383C001421002A00F03281D5F820214AB904F174
:10384C00B806002BE3D0D3F8B820002AEDD0B83A54
:10385C00EBE70A68002AF2D0D4F8A420002AEED0B4
:10386C00D4F8A820002AEAD0D4F8AC20002AE6D05C
:10387C00A37A072B66D120469047002862D004F12A
:10388C00BC03D3E8AF3F022B5CDC204613F0D0F82E
:10389C0004460028BBD0A37A072B40F0F6802046C4
:1038AC00D4F8A430B5F8141104AA98470746002898
:1038BC0000F0CB80B5F81421049B9A4206D3014644
:1038CC00D4F8A860204605AB03AAB047059BDDF8E9
:1038DC000C9001933B8A002B00F0DA803846DDF81F
:1038EC0010A012F0CBFC8046002840F0D480B5F834
:1038FC001431DFF8B8B1002B14BF58460020002259
:10390C00002310F035FE78B900220023664810F031
:10391C00C9FD064600283BD1B5F81431002B18BF61
:10392C005E46304610F0F0FD6FF00B053846FEF7A2
:10393C0017F9B9F1000F00F084802A46204601994E
:10394C00C8477EE0D4F8B83004F1B802C6B9D5F84F
:10395C003011C5F82C318A4201D1C5F83031002321
:10396C002046C4F8B830D4F8AC309847002892D030
:10397C00A37A072B40F089802046FFF71FFE8AE7C9
:10398C003360D5F830319A4208BFC5F83061E6E7AC
:10399C00019BC0F804908360B5F814B10022DA459D
:1039AC004FF000034FF000013D4898BF1FFA8AFB0F
:1039BC00FEF758F8814650B1FEF732F83C4B5A46A8
:1039CC0003EB00133946484612F01DFC8146B5F84E
:1039DC00143194F8C0709A458CBF4FF0010802372F
:1039EC0084F8C08098BFFFB204F1BC08D8E8EF3F60
:1039FC000133C8E8E23F002AF8D100233360A36901
:103A0C003BBBC4E90566A378012B25D0D8E8EF3F72
:103A1C00013BC8E8E23F002AF8D1314604F114001A
:103A2C0012F092FF4846FEF79BF820463146FFF70E
:103A3C00D3FCB5F814311D48002B08BF002010F042
:103A4C0063FD1321204613F007F82046FFF78EFD87
:103A5C00DDE61E60A661D6E709F10C0A042150468A
:103A6C0012F01EFB238807F0FD0743EA073303809F
:103A7C00B9F810300221043B4380504612F018FB79
:103A8C004846FEF7B5FB0028C0D1FEF7C5FBDCE7C6
:103A9C006FF079054AE76FF0040547E79368FFDE9E
:103AAC003006002000000020B40500201801002082
:103ABC00000F002040F2E2432DE9F041D0F888607D
:103ACC000446B6FBF3F6031DB6B2D3E8AF2F92044F
:103ADC0013D5B0F88C20B2420FD8B0F88E20B24279
:103AEC000BD3D0E92412914207D1D3E8EF1F21F474
:103AFC000051C3E8E21F002AF7D1114B1D6865B1D4
:103B0C0055F80C7C1C3D37B131462046B4F8923048
:103B1C00B4F89020B847ED69F1E70A4DDFF828803A
:103B2C00454501D3BDE8F0812F6937B131462046B8
:103B3C00B4F89230B4F89020B8472035F0E700BFC5
:103B4C00340F00205C9701007C9701002DE9F041B7
:103B5C00074608460D4612F01CFD064618B900260D
:103B6C003046BDE8F081144B1C6884B154F8103C0D
:103B7C001C3C0BB9E469F8E72946384698470028FD
:103B8C00EDD0284612F005FD0028F3D1E7E70B4CE9
:103B9C00DFF82C804445E3D2E3680BB92034F9E715
:103BAC002946384698470028D9D0284612F0F1FC0F
:103BBC000028F3D1D3E700BF340F00205C9701003D
:103BCC007C97010038B505460C460E480121FFF7DD
:103BDC009FFCB0B1057223680367A388A0F874300A
:103BEC00A37980F8763001238370074BC0F8A4309A
:103BFC00064BC0F8A830064BC0F8AC30054BC0F8EB
:103C0C008C3038BD00080020953F0000076901008A
:103C1C00FB6801001800280070B505460A480E46DE
:103C2C0012F006FF044620B18378012B04D0FFF775
:103C3C009DFC0024204670BD3246294612F02CFF14
:103C4C000028F7D12046F2E700080020F8B5054619
:103C5C000E480E46174612F0EBFE044620B1837850
:103C6C00012B03D0FFF782FC00240DE036B1324665
:103C7C00294612F011FF08B92046F3E7A37ABB429C
:103C8C00FAD1237AAB42F7D12046F8BD00080020C8
:103C9C0010B583780B70C3784B70037A8B70837A72
:103CAC00023BDBB2062B8EBF0023254AD35C81F886
:103CBC002030012381F8213000234B848378012BA1
:103CCC003AD100F170038B60037A1E4AC3EBC30335
:103CDC0013444B60C27800F1770300F17E0412BBF1
:103CEC001A462346C1E9032340F2E242D0F8883059
:103CFC004B61B3FBF2F30B83B0F890304B83B0F80D
:103D0C0092308B83D0F8A0302BB15B7CDA0644BFA9
:103D1C00012381F82330D0F8A03013B15B7C9B06D3
:103D2C0003D4002010BD2246DCE791F8233043F089
:103D3C00020381F82330F4E76FF01500F2E700BFBF
:103D4C00EBA9010000000020F8B505460E460C4B0F
:103D5C001C6844B154F8083C1C3C13B1314628464D
:103D6C009847E469F5E7074C074FBC4200D3F8BD10
:103D7C00636913B13146284698472034F5E700BFF4
:103D8C00340F00205C9701007C970100F8B50546C4
:103D9C000E460C4B1C6844B154F8043C1C3C13B14B
:103DAC00314628469847E469F5E7074C074FBC4273
:103DBC0000D3F8BDA36913B1314628469847203487
:103DCC00F5E700BF340F00205C9701007C970100E1
:103DDC0038B5044608460D4612F0DBFB38B3154BDC
:103DEC0093F8D830990707D4E37873B12946204665
:103DFC00BDE8384000F080B994F898309A07F3D5B4
:103E0C00231DD3E8AF3F5B04EED42946204612F0C5
:103E1C006BFE58B92B88A4F88C306B88A4F88E30C4
:103E2C00AB88A4F89430EB88A4F8963038BD6FF0CA
:103E3C001500FBE700000020F7B510F8363C0446EF
:103E4C00A0F140060BBB304612F0A1FE244B1D68BE
:103E5C004DB155F8183C1C3D1BB1304614F8371CBD
:103E6C009847ED69F4E71F4D1F4FBD4205D330460F
:103E7C0003B0BDE8F040FFF779BB6B681BB130466F
:103E8C0014F8371C98472035EFE710F83E3C012B0F
:103E9C0024D1A0F13C05D5E8EF3F23F40052C5E84E
:103EAC00E12F0029F7D19B0410D5E36C69460093F0
:103EBC00636D30460193FFF78BFF38B9D5E8EF3FC0
:103ECC0023F48053C5E8E23F002AF7D1D5E8EF3F51
:103EDC0043F40063C5E8E23F002AF7D103B0F0BD1C
:103EEC00340F00205C9701007C97010010B50E4840
:103EFC0014F093FB0D490C4814F0BDFB0C490A4817
:103F0C0014F0B9FB0B49084814F0B5FB13F099FBFE
:103F1C0001F012FC044628B913F039FE044608B926
:103F2C0012F03BFF204610BDB4050020100F0020FE
:103F3C001C0F0020280F0020044B186818B9044AE5
:103F4C005A600B6070476FF00B0070473C0F0020FD
:103F5C00CC99010070B5044652EA030008D0FDF775
:103F6C00F9FA074D074ED5F880503058854201D1EB
:103F7C00002213462046BDE870400431FFF704BC14
:103F8C00700D0020080000002DE9F0470F46904608
:103F9C00D0F8B04044B1403C236B5BB92068B030E2
:103FAC0012F0EBFD246CF5E7FEF736F900263046EF
:103FBC00BDE8F08704F13009484614F071FB054662
:103FCC000028F1D012F05AF90028EFD1284612F04F
:103FDC0013F8656C06469DB9A38C058A403B9BB2D1
:103FEC003F2B03D8238D9D4228BF1D46042106F18B
:103FFC000C0012F055F80580A38C043543806564E1
:10400C00BD421FD8B6F810A0554506D1002200239A
:10401C00484610F047FAFDF7A3FDA38CA3F140022C
:10402C003F2A06D855451ABF002213460A4AF361A7
:10403C00B2612068B03012F0A0FD236B13B12046A2
:10404C0012F07CFD636C9F422CBF0027DF1BC8F86D
:10405C0000306764ABE700BFCF6C0100F7B50446D6
:10406C000026234D234FBD4201D303B0F0BD298858
:10407C00204612F01DFE6B68019001A9204698475E
:10408C00002830DB019B2A889A829A8403F1100263
:10409C00D2E8EF1FC2E8E06F0028F9D11E645E641D
:1040AC009E60A16B03F10802F9B9C4E90D221C60F2
:1040BC00DE6003F1300014F0B0FA019843681B681D
:1040CC0003B19847019B1033D3E8EF1F41F0010176
:1040DC00C3E8E21F002AF7D101984368DB6913B1EA
:1040EC0000F1100198470835BDE70A60A263DEE7CE
:1040FC00449701005C97010070B5134A0C46137885
:10410C000646013313F0FF010ABF01230B46194683
:10411C0013701220082212F097FD054688B1082171
:10412C000C3011F0A6FF228829460280628842805A
:10413C00A2888280E288C2803046BDE8704012F0CE
:10414C00CDBD6FF00B0070BD0C36002023281FD89E
:10415C001A2804D8431E182B0ED906207047A0F13C
:10416C001B03082B1ED8DFE803F0051D1B231D19AC
:10417C00251D05000320704701230F4A83401A4078
:10418C00C2B90E4A1A40002A0CBF06200120704703
:10419C0000F07F03522B05D100207047012070479F
:1041AC000520704710F0400F14BF00200620704708
:1041BC000420704702207047AAAA8A025455450170
:1041CC002DE9F74F054608468946FDF729FC1823CB
:1041DC004343264F0446FA189168D9F80C600191B4
:1041EC0005F14C00D0E8AF0FC1073BD5D9F80C0056
:1041FC00007810710022FA503378D22B0ED12B6834
:10420C004946186813F0C0FC40B101904846FDF7D0
:10421C00A7FC019B184603B0BDE8F08F18235C4344
:10422C00002349461A4607EB0408281DD9F80C60F0
:10423C00D9F814B0B9F810A0C8F8085012F01AFD4B
:10424C0003460028E6D0D9F81420A6EB0B0612FA88
:10425C0086F6019AC9F80C60A9F810A0C8F80820D5
:10426C003851D7E76FF01503D4E700BF8C0F00204F
:10427C0070B50E46438D418B01328B4228BF0B46E5
:10428C009A42054631D83046FFF760FF6FF01403B1
:10429C00034113F0010310D0FDF75CF9144B1958CE
:1042AC00144BD3F8803099421DD0134B1B685A1A0B
:1042BC0018BF4FF0FF32134600E0104A002110489F
:1042CC00FFF748FE044660B1FDF7AAFB18220D4B20
:1042DC00012102FB003304F10C009D6011F0C9FEBA
:1042EC000670204670BD0022E5E70024F9E700BF08
:1042FC0008000000700D0020D40F00201C4E0E0092
:10430C00E80500208C0F0020011F014814F0C3B8F1
:10431C006C050020F8B50F4A074600230E480E46E0
:10432C0011F03BFE044690B100F10C050921284622
:10433C0011F094FE2046FDF773FB1822074B012168
:10434C0002FB003328469F6011F093FE0670204656
:10435C00F8BD00BF1C4E0E00E80500208C0F00209D
:10436C0008B5EFF31181202383F31288BFF36F8F0D
:10437C00002303600C4B5A689AB9C3E9000081F31F
:10438C001188BFF36F8F094810F0A2FA002807DAE2
:10439C00002383F31188BFF36F8F0323184602DFCA
:1043AC0008BD10605860EAE7840F00208C030020E1
:1043BC007FB5CB6804461D888DB15E8876B1AE4260
:1043CC000DD310220021684614F022FC0521204652
:1043DC00FFF7A0FF019058B9112007E035460123E3
:1043EC002A460421204612F069FE002004B070BD5C
:1043FC006B4631462846084A009412F07CFEDDE9F3
:10440C00011323B90846FDF7ABFB0A23E8E7204666
:10441C0012F07EFDE9E700BF396F010010B50446CC
:10442C0000F14803D3E8EF1F41F00101C3E8E21F9C
:10443C00002AF7D1201F12F0D5FD04F164000449C5
:10444C0014F007FA2068BDE8104001F03BB900BF3A
:10445C0053760100F0B51D46036804460E4685B040
:10446C0001211868174613F04FFB38B904F14C00C2
:10447C0012F065FE50BB122005B0F0BD65B31022E2
:10448C000021684614F0C4FB39462046FFF742FF72
:10449C00029018B3BDF828302946ADF8043001233A
:1044AC0028468DF80C300E4A6B46009412F023FE11
:1044BC009DF80C3002995BB10846FDF751FB2A467A
:1044CC00314620469DF80C3012F0F8FD0020D3E761
:1044DC00204612F01DFDF9E70120CDE71120CBE7B6
:1044EC00DF7401002DE9FF41036804460D4618688E
:1044FC00012113F009FB40B904F14C0012F01FFE2E
:10450C00A0BB122004B0BDE8F08110220021684647
:10451C0014F07EFB0F212046FFF7FCFE029038B30F
:10452C004FF00108009405F10C072B8A012B04D8DD
:10453C002046029912F0ECFC18E0384611F0D9FD37
:10454C006B4601460B4A06468DF80C8012F0D3FDE3
:10455C009DF80C30002BE8D00298FDF701FB324699
:10456C000E2120469DF80C3012F0A8FD0020C9E762
:10457C001120C7E7DF7401002DE9FF4103680446F1
:10458C000D461868012113F0BFFA40B904F14C0034
:10459C0012F0D5FDA0BB122004B0BDE8F0811022B2
:1045AC000021684614F034FB21212046FFF7B2FEAF
:1045BC00029038B34FF00108009405F10C072B8AD8
:1045CC00012B04D82046029912F0A2FC18E03846C0
:1045DC0011F08FFD6B4601460B4A06468DF80C8098
:1045EC0012F089FD9DF80C30002BE8D00298FDF7F5
:1045FC00B7FA3246202120469DF80C3012F05EFDB1
:10460C000020C9E71120C7E75B7401002DE9F043D6
:10461C000F460446062187B007F10C0011F059FD36
:10462C000588EDB1B0F80280B8F1000F17D0A8459D
:10463C0016D3002382888DF800308DF804304FF4A7
:10464C002053684601A9D7F80C90ADF80220ADF8BC
:10465C00063011F056FD064660B10A2301E04546CE
:10466C0001232A460621204612F028FD002007B01F
:10467C00BDE8F0830146142201A83F7C14F0C8FA6F
:10468C0007212046FFF746FE0290D8B10A23414687
:10469C008DF81530284601AB0B4ACDE9036901941E
:1046AC008DF8147012F027FD9DF8153002992BB17E
:1046BC000846FDF755FA9DF81530D2E7204612F062
:1046CC0027FCD3E71120D2E70F7201002DE9F0414E
:1046DC000E8A0446043EF6B2022E08468CB001D077
:1046EC00102E76D104210C3011F0F3FC0DF10408DE
:1046FC0005884788011D3246404611F02FFD0028E1
:10470C0069D085B377B3BD422DD80121606813F011
:10471C00FBF9064678BB42F602038DF800006946A9
:10472C004046ADF8023011F0ECFC20B342F6030326
:10473C00404606A98DF81860ADF81A3011F0E1FC6E
:10474C00C8B1012D03D14FF6FF739F4213D004F172
:10475C004C0012F0F4FC002814BF002012200CB006
:10476C00BDE8F0813D4601232A460821204612F07F
:10477C00A5FC0020F3E7182200210DEB020014F039
:10478C0047FA09212046FFF7C5FD0890F8B1012131
:10479C000C30CDE9064811F06CFC00230990037035
:1047AC000A2339468DF82C30284606AB0B4A12F0FA
:1047BC00A2FC9DF82C3008992BB10846FDF7D0F9D6
:1047CC009DF82C30D0E7204612F0A2FBD1E7112047
:1047DC00C5E70420C3E70E20C1E700BFE94A00008B
:1047EC002DE9F0410E8A0446043EF6B2022E08462C
:1047FC008CB001D0102E64D104210C3011F069FC66
:10480C000DF1080805884788011D3246404611F015
:10481C00A5FC002857D0A5B300268FB3BD4230D8D5
:10482C004FF42053404601A98DF80460ADF80630D2
:10483C0011F067FC48BB1422002107A814F0E8F91A
:10484C0011212046FFF766FD0990002837D0012181
:10485C000C30CDE9074811F00CFC00230A903946C6
:10486C0003701A4A0B93284607AB12F044FCDDE99F
:10487C0009131B78FBB90846FDF772F90A2301E00E
:10488C003D4601232A4610210EE042F60103404624
:10489C0007A98DF81C60ADF81E3011F032FC002811
:1048AC00C9D010232A461946204612F007FC0020D6
:1048BC000CB0BDE8F081204612F02AFBF7E711207E
:1048CC00F6E70420F4E70E20F2E700BF314A0000BF
:1048DC00F0B51D4603680E460039044618BF012189
:1048EC0087B01868174613F00FF940B904F14C0063
:1048FC0012F025FC002844D0002007B0F0BD002D9C
:10490C0041D018220021684614F082F947BB236875
:10491C0029461B68284600930023ADF812300C9BE7
:10492C001A4A0393BDF834308DF80860ADF8103096
:10493C0001238DF814306B4612F0DDFB9DF814301A
:10494C00C3B1002FD8D00198FDF70AF9002ED3D0AF
:10495C002A46122120469DF8143012F0AFFBCBE70B
:10496C00002213212046FFF783FC01900028CED1B2
:10497C001120C2E701990029BED0204612F0C8FAD6
:10498C00BAE71220B9E70120B7E700BFAB6E010010
:10499C002DE9F0410B8A04460D46002B3AD00668EF
:1049AC00012105F10C0011F094FBB37A0746072B9B
:1049BC0030D154F8043C6BB300230178184E043CFE
:1049CC0016F833004FEAC308884206EBC30211D134
:1049DC00298A5378994220D3536829462046984710
:1049EC0003464644B278012A14D19BB1397889B177
:1049FC0000220CE001330C2BE2D10846FFF7A6FB9A
:104A0C002122C24012F0010204D119B10623204622
:104A1C0012F054FB0020BDE8F0810423E1E700BF55
:104A2C00F49901002DE9FF414FF000084FF4205399
:104A3C0005460E46006802A9144617688DF80880D2
:104A4C00ADF80A3011F05DFBA0B142F60103286805
:104A5C0003A98DF80C80ADF80E3011F052FB48B163
:104A6C0023691BB15A88B24200D25E80012004B087
:104A7C00BDE8F0816168286811F043FB10B1002398
:104A8C002361F3E7E368A0681A786AB1B7F82AC023
:104A9C00798B038A8C4594BFC3EB0C03C3EB0103E6
:104AAC00934201DA0020E2E704210C3011F0E1FA24
:104ABC0020610680236929465E80074B0194009390
:104ACC0038460023A26812F039FC0028EADB206982
:104ADC00003818BF0120CAE7A97001002DE9F3477F
:104AEC00176805468946006851681446D7F804A033
:104AFC0011F007FB804600284BD1952229465046E1
:104B0C0012F01CFF0646207540B1E3681B780BB110
:104B1C0084F81480002002B0BDE8F0872946504686
:104B2C0012F0F5FF10B908232375F3E7A06826757A
:104B3C0011F066FA02210C3011F09BFA164B206131
:104B4C00A0F8009000930194334629463846A26899
:104B5C0012F0F4FB002807DA10F1FF0F32BF0E2021
:104B6C004042C0B22075D5E72369002BD2D0A06893
:104B7C0012F01EF97B8B7A8D9A4294BFC0EB020027
:104B8C00C0EB0300E3681B78984294BF002001201F
:104B9C00C1E70120BFE700BFCD6D0100F7B50023D1
:104BAC0004460E460022694628480FF04DFC054687
:104BBC00D0B9FCF7CFFC264B29461A58254B009848
:104BCC001A60242214F024F8009B00221C60009C24
:104BDC000023C4E90155C4E907551F4801A90195F3
:104BEC000FF032FC054620B16FF00B05284603B0E0
:104BFC00F0BD0146A022019814F00AF80198174B59
:104C0C008360543013F009FD019B4C33D3E8EF2F34
:104C1C00C3E8E15F0029F9D1019B1C60E369019FA6
:104C2C001BB904F10C0013F0F8FCE26907F19803CE
:104C3C00C7F89820226AE36102B923621722019B0C
:104C4C005A855A8304333360D0E700BF50050020E7
:104C5C0008000000D40F00206C0500206403002025
:104C6C002DE9F74F0646EFF31187202383F31288C3
:104C7C00BFF36F8F404C204612F090F82368054626
:104C8C00009387F31188BFF36F8F00285ED0FCF779
:104C9C00C7FE182202FB00F33849C81851F803B0BC
:104CAC0003690021D0E90247019390F80480B0F821
:104CBC0006A013F0ADFFA87AFCF7AAFE696981463D
:104CCC0051B16A7AD00705D4D9F81C20284612684D
:104CDC009268904700226A612946484613F0D6FC38
:104CEC00B8F1000F22D00CB32368FBB11B68EBB1F9
:104CFC00BBF1000F1AD1201D12F01BFC4046FFF730
:104D0C0025FA052812D8DFE800F02403112411033A
:104D1C0004F14C03D3E8AF3FDA0707D5236D2BB171
:104D2C000023174A04F168000FF076FE009B6BB16C
:104D3C003146002013F05CFD002807DA002383F3D2
:104D4C001188BFF36F8F0323184602DF03B0BDE851
:104D5C00F08F54F84C3B1D68D4E8AF3FDB07E5D52A
:104D6C00002FE3D0002403E028460199B847013412
:104D7C00A3B25345F8D3D9E7840F00208C0F002041
:104D8C001C4E0E0007B50B4600210246FCF7E2FB59
:104D9C0001910E4909580E480068884204D00D480C
:104DAC00D0F88000884201D10022134601A90A489C
:104DBC000FF04AFB014638B91022019813F028FF76
:104DCC00019803B05DF804FB0020FAE7080000002E
:104DDC00D40F0020700D00208805002010B504466B
:104DEC00806818B1FCF7BCFE0023A3602146BDE827
:104DFC001040014813F04FBB880500202DE9F74304
:104E0C00044668300F4690461E4613F02EFD206D6A
:104E1C0048B9201D00F028F81321606803B0BDE8E4
:104E2C00F04311F019BE0F4B98424FF0000317D00E
:104E3C0045684360206DD0F80C90FFF7CFFF00233E
:104E4C002068236511F0FBFF3DB12068CDF8009080
:104E5C0043463A4631460068A84703B0BDE8F083A4
:104E6C001D46ECE7D80F0020F7B550F8044C05466A
:104E7C00002C55D000F1940104F11C0012F046F9FD
:104E8C002E1F05F150070022002338460FF00AFBB5
:104E9C00024658BBEB6C2BB101466FF067033046F2
:104EAC00FFF7ACFF002345F8043C05F14803D3E8B9
:104EBC00EF1F21F00101C3E8E21F002AF7D1E369DB
:104ECC0073BB04F10C060022002330460FF0EAFA03
:104EDC0078B9666886B921461248266013F0DBFA69
:104EEC00286803B0BDE8F04000F01CBCFCF738FEAD
:104EFC00C9E7FCF735FEE6E7A268336896426360C3
:104F0C0008BFA36077683FB1F3686FF06701009347
:104F1C00002320681A46B8473046FFF75FFFD8E7F2
:104F2C0003B0F0BD50050020F8B51D460F461646DF
:104F3C00FCF776FD1823044C03FB00400123C0E969
:104F4C000376C3800575F8BD8C0F002010B5074C97
:104F5C002378834208D10722601C13F061FE0028DD
:104F6C000CBF2046002010BD0020FCE79E33002023
:104F7C002DE9F04180460F4616461D46FFF7E6FF29
:104F8C00044670B91149FFF7E1FF044678B10346B6
:104F9C0003F8018B3A68C0F80120BA889A80BA7974
:104FAC009A7123892BB962892AB926816581BDE85A
:104FBC00F0819E4204D36289AA42F8D29E42F5D275
:104FCC0063892681AB42F2D2F0E700BFA8A90100A9
:104FDC000948D0E8EF3F23F00203C0E8E23F002A83
:104FEC00F7D1D0E8AF3FDB0704D5002200233038DF
:104FFC000FF012BD704700BF180900202DE9F041D9
:10500C00254B1646826807469A4202D1C4686389CA
:10501C002BBB0120BDE8F08106F170084146307AC7
:10502C0011F0D9FA88B91D4B9C4202D1304612F0CE
:10503C00B4FB1B4B1A68C4F801209A889B79AA8090
:10504C00AB710023237023811EE0336FC4F8013051
:10505C00B8F80430AB8098F80630AB7114E02389B3
:10506C0093B1254615F8011B30462A4611F014FD64
:10507C000028D1D129462078FEF7CEFD20B1857AC3
:10508C00FEF774FA072DC4D00021E3686181002B70
:10509C00BFD038469847BCE7DD500000A403002081
:1050AC00A8A9010010B54B1C0C4630B11A46097862
:1050BC0011F0F2FC40B1204610BD072218460349FE
:1050CC0013F0AEFD0028F6D00020F5E7A8A90100EA
:1050DC002DE9F8431E46BDF8203081460F46D1F825
:1050EC000C80002B49D1731E012B49D8012E41464F
:1050FC000CBF15781588FFF7D5FF0446B8B915B95C
:10510C003046BDE8F8834146FFF7CCFF0446002843
:10511C0039D0D9F87030C0F80130B9F87430A0F833
:10512C00053099F87630C37199F808300370D8F8C7
:10513C001030B3B92581B8F80A30AB4203D04146E0
:10514C00384612F0FEFA002DDAD1104B25701A6891
:10515C002581C4F801209A889B79A4F80520E37175
:10516C00CEE72A463946484698470028C9DB01381D
:10517C000128DFD96FF00D00C3E76FF00600C0E720
:10518C006FF00C00BDE76FF01000BAE7A8A90100A2
:10519C0010B4154AD2E8EF3F43F00101C2E8E01F1A
:1051AC000028F7D1DB071DD4D2E8EF3F43F0020112
:1051BC00C2E8E01F0028F7D113F0020307D10B4817
:1051CC000B4902880B4CA14206D303B102800A4959
:1051DC000A4810BC13F03DBB4B6808311A4492B21C
:1051EC000123F0E710BC704700100020AA33002008
:1051FC007C9701008C970100D5540000E808002032
:10520C0003462DE9F04148B1008A38B901244FF02A
:10521C00140C1149DFF844E0714501D3BDE8F0816D
:10522C00D1E90076BB4204D30CFB0672143A9342CC
:10523C000ED93444A2B214460831EDE70CFB0578C4
:10524C00434507D001356219AE4292B2F6D1F2E76E
:10525C000025F8E71046E1E77C9701008C970100E8
:10526C002DE9F74F99464FF6FF73BDF830500746BE
:10527C00002D08BF1D46244B90461B88009183428D
:10528C003CD203B0BDE8F08F73682344BB4232D2EA
:10529C009CB208361D4B9E42F6D3F2E74046895825
:1052AC00019310F02EFF019B90B101340AF1010A19
:1052BC00A4B273685345ECD9009B9C42E1D8BC4224
:1052CC00F3D30BFB0AF231688B18B8F1000FE5D160
:1052DC00B9F1000F0BD1013D1846ADB221460E9A23
:1052EC000D9B9847002DCCD00028DED1C9E7DA6899
:1052FC009145DAD1EFE74FF0000ADAE701244FF0DD
:10530C00140B034EC6E700BFAA3300208C97010094
:10531C007C970100002307B50193FFF771FF411C37
:10532C0089B20846034A01AB12F0FDFA019803B0AA
:10533C005DF804FB137701002DE9F84389465168A9
:10534C000746B1F81280154618F094083AD102229B
:10535C0012F012FB002838D000211D48AE8AFFF74E
:10536C0011FD0236044660B11A4B32464360C560EB
:10537C001D21384612F040F9064628B92046FFF7A1
:10538C002DFD6FF00B051AE0012342464146FFF755
:10539C00CBFDA98A06F10C00023110F06AFE20F850
:1053AC00029BAA8A296913F00DFC21463846A66097
:1053BC0012F08CF9054610B12046FFF70FFD284678
:1053CC00BDE8F8834FF0FF35F9E76FF01505F6E708
:1053DC001C4E0E001977010070B504460D468AB0BC
:1053EC00364BD3E8AF3F5A0761D510B1837A072B00
:1053FC0060D16E6830460596FFF702FF2A68ADF85B
:10540C00180032B305A902912D4900230191012105
:10541C0000914FF6FF710593FFF722FF059E1EB911
:10542C006FF001000AB070BD6E60002330688DF81B
:10543C00103042F6030304A9ADF8123010F061FEEF
:10544C0070B90598C3689B799B0605D46FF015005D
:10545C00E8E70028E9D1E3E712F016FAADF81800F6
:10546C00BDF818003CB1012301462A462046AB7515
:10547C00FFF762FFD6E76FF07F0307930223ADF8C7
:10548C00203042F60213ADF8123005ABAC75029326
:10549C000C4B4FF6FF710193012304AA0093234692
:1054AC0009958DF81040FFF7DBFE0798BAE76FF00F
:1054BC000A00B7E76FF07F00B4E700BFD40000200C
:1054CC0047770100E5550000034613B550F8082C4A
:1054DC00A0F12001019200F13004D4E8EF2F22F06A
:1054EC000102C4E8E02F0028F7D10F4A002043F84E
:1054FC001C2C0E4A23F8080C43F8182C01AA43F86C
:10550C00102C042223F8060C23F80C2CFFF764FF54
:10551C0038B9D4E8EF3F43F00203C4E8E23F002A75
:10552C00F7D102B010BD00BF909A0100DD4F000012
:10553C0070B5234B8168044699423FD1C6683389C4
:10554C00002B3BD015683246284612F8011B11F08F
:10555C00A3FA002832D04FF495722146284612F057
:10556C00EDF903282AD03146204612F0EAF8154B03
:10557C009E4223D1287A05F17001FFF7E7FC04461F
:10558C00E0B103890BB94389C3B12846FEF7F0F8A3
:10559C0022890D4B0D4923F82020628903EB8003EF
:1055AC005A80182202FB00110B610423084A28467A
:1055BC004A60084A8B828A60FFF70EFF012070BD9B
:1055CC00DD500000A40300209A330020E80F0020D7
:1055DC00909A01007F770100F8B51546354B82682B
:1055EC0004469A4201D00120F8BDC768324B9F4255
:1055FC0046D03A89AB899A42F5D1394611F8010B5C
:10560C00FEF70AFB06460028EDD0837A072B05D05F
:10561C00FDF7ACFFE7E7FDF7A9FFEAE77B6923B1EC
:10562C002146984708B93046F2E7648A14F094048E
:10563C00F9D1AB89022B16D13C8914F002040AD0A3
:10564C0030462A69A988FFF777FE044618B92A69FB
:10565C00937D013393753046FDF788FF002CAC60C9
:10566C00C1DA0020C0E7012BF5D13C8914F001040C
:10567C00F1D030462A69A98812F011FA0446EAE7FB
:10568C000E4E072230460E4913F0CAFA0028B0D04D
:10569C000722314616F8010CFEF7D8FA0028BAD1C9
:1056AC002B6931461A6916F8010C53881288FFF7DA
:1056BC005FFC9EE7DD500000A40300209F33002018
:1056CC00A8A9010007B5009001206B464FF6FF71A9
:1056DC00034A8DF8040012F026F903B05DF804FBC0
:1056EC003D5500002DE9F0410D4B06461B680F4659
:1056FC00904623B153F8044904B1043C0BB9BDE8FE
:10570C00F0811B681BB142463946304698472CB194
:10571C00656805B1043D23462C46EFE72546FAE7BC
:10572C000410002003464FF6FF710120014A12F0CD
:10573C00FAB800BF095000007FB54FF42052002387
:10574C00ADF8162004AA02920A4A0120CDE90032D3
:10575C004FF6FF7105AA04938DF81430FFF780FD06
:10576C00049B012B14BF6FF01500002007B05DF8EF
:10577C0004FB00BF237B0100044B186818B9044AD2
:10578C005A600B6070476FF00B0070470C100020D4
:10579C00B89A010010B54FF0000E00F1070C541E22
:1057AC002CF0030C1860A4B2ACF80020023A93B2AF
:1057BC0001FB04F240F802E074B14FF6FF7C03FBEE
:1057CC00011403FB01F22044121B013B9BB2634505
:1057DC008050A0EB0100F8D110BD00BF034600685B
:1057EC0010B102680AB91A607047C11D21F003019B
:1057FC00B1F800C0D11D21F003010CF1FF3CA1F860
:10580C0000C0F0E70B687BB1073323F003031A8861
:10581C00013292B20346D1F800C043F807CB23F013
:10582C0003031A80086070470122F3E702FB0100B2
:10583C00704700BF401A90FBF2F080B2704700BF77
:10584C00531E11449BB242B1DB430138CA1811F804
:10585C00013D914200F8013FF9D17047014402E04B
:10586C0010F8013B1BB98842FAD100207047012087
:10587C00704700BF10600860704700BF0A6803469D
:10588C000068904209BF002200200A601A6070472D
:10589C00D2F800C0CCF80000D2F800C0CCF804104C
:1058AC0010607047884203D01AB143681360704788
:1058BC00002070470B68834209D02AB158681060E9
:1058CC001A680A6018467047002BF9D1FAE70023D2
:1058DC00F8E700BF2DE9F8434FF090080C270D4E68
:1058EC00DFF8349006F1200409EB08052946204620
:1058FC002A1D083CFFF7BEFFB442A5F10C05F5D1FB
:10590C00043F3B1DA8F13008A4F12006EAD1BDE804
:10591C00F88300BFB0100020FC10002003468C461A
:10592C0010B49AB101EB4101144803EB4304090193
:10593C0001EB84010144487A0C7AA04204BF013087
:10594C00087210BC614618460CF080BD01EB410298
:10595C000A4C120100EB400302EB830323449C7AB4
:10596C00DA7AA24201D010BC704701329A7201223D
:10597C00034B5A5410BC0CF099BD00BFD81000203A
:10598C0054100020F8B506461C460D4602B322788A
:10599C006378D21A12F0030229D1294F71004FEA11
:1059AC00450C3144AC44890001EB0C11013304313A
:1059BC00DBB27A18606821462370FFF769FF012279
:1059CC00204B294630465A550CF070FD0020F8BD8E
:1059DC000CF056FD0028DAD0294630460CF042FD7A
:1059EC00637860B92278D21A12F00302D5D0012A5A
:1059FC0003D00133DBB22370E1E71046F8BD05EBB1
:105A0C00450206EB46010E4F120102EB81023A44AD
:105A1C00907AD27A710090424FEA450C05D02078EA
:105A2C00C01A10F00302E2D1BBE72278D21A920717
:105A3C0002D00233DBB22370D4E902039847C5E7E6
:105A4C00D8100020541000202DE9F04FDFF8689199
:105A5C0089B019F80030002B5BD000210324834659
:105A6C00DFF858A1C0EB0013CDE9041100EB40079F
:105A7C009B000AEB0717039309F800100294B84631
:105A8C00002358F8240FB96A07AA0793FFF70AFFF7
:105A9C0044460546CDB1079E96F800807278A8EB77
:105AAC00020808F00308B8F1010F35D031788A1AD2
:105ABC0002F00302012ACBB23DD1D7E9090107AAB2
:105ACC00FFF7F0FE0546002DE5D197F82E3097F83C
:105ADC002F209A4203D087F82F300123049397F894
:105AEC002C3097F82D209A4203D087F82D300123C3
:105AFC000593029B0C3F5D1EEBB2FF2B0293BED1B4
:105B0C00D846DDF810B00599BBF1000F01D0002983
:105B1C0047D009B0BDE8F08F013A7270079AD2E90C
:105B2C0002018847079E32787178D3B2521A02F07C
:105B3C000302012A23D000222146B86A0193FFF701
:105B4C00B9FE7560019B717873703278521A02F04D
:105B5C000302012A0AD0D7E9090107AAFFF7A2FE1E
:105B6C00B8F1010F054695D104460EE0039B717008
:105B7C001A1D314628465244FFF78AFEEBE707AA66
:105B8C00D7E90901FFF78EFE0446029B8BB1012376
:105B9C005946584609F80B300CF088FC09B0BDE8A2
:105BAC00F08F0A464046414609B0BDE8F04F0CF074
:105BBC004DBC002C89D0EAE754100020D8100020EE
:105BCC004B1E8446DBB271B100200CF1FF319C44BA
:105BDC0011F8013F23B15A1E01301340C0B2FAD163
:105BEC006145F5D170470846704700BF70B5057E1A
:105BFC000468FF2D2AD02A464FF0000C07E09E685F
:105C0C0014F80E301546FF2BB4441FD01A4602EB85
:105C1C00420391424FEA031E04EB0313EFD18D4272
:105C2C0002D114F80E20027614F80E2005EB45056F
:105C3C002D01FF2A9868625506D002EB420204EB54
:105C4C000212936803449360604470BD002070BDE1
:105C5C002DE9F8432C248E46214DBDF8288004FBF9
:105C6C000055696801EBCE0611F83E70F17870783A
:105C7C0001F1010C5FFA8CFC674598BF4FF0000CEA
:105C8C0060452AD004274FF0020904FB01F071682B
:105C9C000C180F546360089B6270A360099BA4F8F6
:105CAC001080E3600B9B84F802906361109B23626D
:105CBC000C9BA3610D9BE3610E9B63620F9BA36224
:105CCC0086F803C0D5E90836704698472B46002263
:105CDC003946B047A078BDE8F8830120BDE8F883C9
:105CEC00981100202DE9F04F0368427A87B046687E
:105CFC000193002A00F0F6808B468246531EDBB2DD
:105D0C0006EBC30302930596029B5A6893F8019025
:105D1C000492CDF80C90BBF1FF0F5CD000260BEB7E
:105D2C004B04019B2201DE4613F802B003EB041472
:105D3C00FF272770DAF800509AF8183005EB0208A4
:105D4C00BB42D8F8081018BF00960DD1C6E0091A4E
:105D5C0005D1B8F81E90F68BB14500F28280AA5C92
:105D6C001F46FF2A72D0134603EB430205EB0216C3
:105D7C00B0684FEA430C81424FEA0212E7D2009E10
:105D8C00FF2F18BF07EB470788F8003018BF3F01FB
:105D9C006344C8F8081005EB03130CBF8AF818E02D
:105DAC0005F807E09A68521A9A60A3780133637079
:105DBC00002EB0D00020736A3070B0700BB1B16A95
:105DCC0098476368002BA6D1736ABBF1FF0F23625F
:105DDC00B36A6362A2D1DDE90395029B98784845CA
:105DEC0009F1010229D02C2303FB09F302995FFA74
:105DFC0082F90978EA5C494508BF4FF00009042A8A
:105E0C0005EB0306EBD196F801E001990EEB4E027F
:105E1C0001EB02146078A1781201884224D0002290
:105E2C000120EA54736AB0700BB1B16A9847029BB7
:105E3C0009F1010298784845D5D1029A059950701C
:105E4C009142A2F108034DD002935DE79C444FEAC6
:105E5C000C1CC8F8081088F80020009E05F80CE00F
:105E6C00A3E70146009E8BE74FF6FE70338ADAF803
:105E7C0014108342CDF80C9007D04FF6FF701B1A0C
:105E8C00B3FA83F35B0984F82C304FF6FD70336A58
:105E9C00A362F3686360338A834288BF00230020C7
:105EAC00A3837369A361B369E360F3692361B56884
:105EBC006061A56073685F1A0AD400233D44636176
:105ECC000023E383E378A56043F00103E3702FE73D
:105EDC00CB1A9D42F1D85B1B0546F0E7AB548AF810
:105EEC0018E062E707B0BDE8F08F00BF01232DE991
:105EFC00F04F447E8FB08376002C40F0B580037E4B
:105F0C008146FF2B00F0AF800BF042FCD9F8142037
:105F1C00D9F81C30A0EB020B5B4594BF0023012386
:105F2C0099F81880A246B8F1FF0FD9F800600393D6
:105F3C0078D0049408EB480806EB0814A3684FEAE1
:105F4C0008185B456DD8A278ABEB030B9A446378C9
:105F5C0016F808809B1ADDB2012D5FD1A369A06AE7
:105F6C000293002800F01681016800297FD0002BD5
:105F7C0000F02981039B002B00F04981037A5A071A
:105F8C0000F03A81037A23F007030372E78BE2787F
:105F9C007B1C22F00102E27094F82C209BB2E3836C
:105FAC00002A00F0DE80A28B9A4280F0DA80A06A90
:105FBC00002800F06481037A03F00703012B00F042
:105FCC00D080002741684760A36A1A7A67F30202FF
:105FDC001A72A278E768013AA270FFB16069D9F829
:105FEC001430E278AAEB0000184402F00102236995
:105FFC00002D40F0E180B4F81EC0CDE900236346CB
:10600C002A46B847DDE90223002A18BF43F00103F2
:10601C000393E378E58365F30003E370B8F1FF0FB6
:10602C0088D1049C99F80B3099F80A209A4208D12F
:10603C000132D2B2022A16BF14460023234689F835
:10604C000B4009EB8303C3F80CA0D9F824400025BE
:10605C004B46012204210320A44689F81A500FB0A4
:10606C00BDE8F04F604784760FB0BDE8F08F029B1F
:10607C00002B00F08D80039B002B83D1D9F81C30B2
:10608C009A45FFF47FAFB8F1FF0F7ED0029BE78BF0
:10609C009C460993A38BCDF82880BB428EBF394612
:1060AC00FB1A99B26368CDE907A801FB03319A4644
:1060BC00DDE90983CDF818B0CDF824C04FF0000EFF
:1060CC00A346844605910B920C950D97CDF828901C
:1060DC0003EB430306EB031291681B018E44F0455E
:1060EC0048D3906A946900283FD0006800283CD0BF
:1060FC00D58B978B5068AF4240F29480002840F0CB
:10610C009880BCF1000F32D08146DCF8000028B139
:10611C00029919B97444A04280F0BE80AF4226D8CF
:10612C00D0789BF8032000F0010402F00105A54291
:10613C0005D34240D1071AD4B9F1000F17D06046ED
:10614C005C46DDE906BADDF820800C9DDDF824C044
:10615C000D9FDDF82890002840F09780CDF808C0FE
:10616C0015E7A378013BA37058E7002CC0D1F35C72
:10617C00FF2BADD10B9ADDF828906046DDE9088C39
:10618C00CDF808C05C46DDE906BA002800F0918025
:10619C00002516E7029B63B3039B002B7FF4F6AE3E
:1061AC00D9F81C309A45FFF4F1AEB8F1FF0F7FF42B
:1061BC006DAF03990D460DE7CDE900234FF6FF7344
:1061CC000022B8472AE7039B63B9D9F81C309A45DB
:1061DC0008D3B8F1FF0F54D04FF0960CE78BCDF8E5
:1061EC0024C057E796230293037A5A077FF4CAAE6A
:1061FC0002E0029D0021EDE6A18BE28B91423FF67D
:10620C00C1AE012262F302030372E78BBFE6D9F839
:10621C001C309A45FFF4B2AEB8F1FF0F7FF436AFE5
:10622C00039DCEE668B9BCF1000F7FF46DAFE1467B
:10623C0076E7BAF1000F20D1BCF1000F97D0D14610
:10624C0063E7BAF1000F12D0A5EB07091FFA89F921
:10625C00411A00FB0911059888422CBF4FF0000928
:10626C004FF00109BCF1000F7FF44FAF56E7D14658
:10627C00BCF1000F7FF449AF50E7A946E8E7A278DC
:10628C00B8E79623039D02939BE60168CDF808C0FE
:10629C0000293FF477AE71E65C46DDE906BA0146AB
:1062AC00DDF8208060460C9DDDF82890DDF824C0D8
:1062BC00ECE7054601468DE6837E002B40F0088313
:1062CC002DE9F04F437E8BB083460793002B77D19B
:1062DC000121837AC27A40699A4206908BF8191090
:1062EC0000F0F7820B44DBB2022B0ABF079A1A4666
:1062FC00134601248BF80A300BEB8203DA68069BF9
:10630C0003921344CBF814309BF818900BF040FA1E
:10631C00B9F1FF0F049002D1CBF814000690DBF812
:10632C0000309BF809200093531EDBF80470DBB29D
:10633C00002A00F0D68307EBC306FF23CDE90849FA
:10634C004FF02C0AD94602930597D6F804B0F17891
:10635C00B5786B1CA942DBB262D032780AFB05F728
:10636C009A4208BF0023B3701BF807200BEB0704FD
:10637C00042A3BD9082A2DD86178009801EB4103F7
:10638C0000EB03181B0198F80200019398F80130F8
:10639C001B1A13F0FF032BD1062A1BD199F81B30C3
:1063AC008B424ED04FF000030BF80730A370636A9A
:1063BC00002BCCD0A16A00209847F178B578C8E7BB
:1063CC000421446A034601220846A4460BB0BDE8EA
:1063DC00F04F60474FF0000301200BF80730636A61
:1063EC00A070002BB3D0A16A9847B0E71D46B0E768
:1063FC00052A1DD162684AB9A2683AB9E2682AB97D
:10640C0022691AB9626932F07F42E3D0012B25D0A0
:10641C0004214B4601220846D9F82440A047B57008
:10642C00059AA6F10803964200F0DF801E468CE721
:10643C00012B00F09480062AEAD199F81B308B428C
:10644C00B0D16168D9F814208B1A40F1B080521A7F
:10645C000399914294BF00235B18AAE04846FFF7CA
:10646C00C5FBC8F80800049BD9F814E0A3EB0E0C8C
:10647C00039B03EB0C01884240F2A280421AD8F82D
:10648C00043013B3A38A03B3013B99B2A182D8F8A9
:10649C000400B8F81E30824207D80AE0ABB2121AD8
:1064AC00A8F81E308242A18A03D98B4203F1FF3532
:1064BC00F4D8994207D901339BB2A8F81E30A18AAF
:1064CC0002448B42F7D3A8F81C106168D8F814303A
:1064DC001144C8F80810A268D8F828001344C8F86A
:1064EC00143048B102683AB1D4E901329B1A4360C6
:1064FC00D8F80810D8F81430BCF1000F68DB8C44C5
:10650C009C456FD9ACEB03020023C8F81430C8F8D3
:10651C000820E268D8F818301344C8F818302269FB
:10652C00934294BF00239B1AC8F81830A37D2BB15B
:10653C0098F8032063F3000288F80320E37D13B17D
:10654C00013B88F82C30029BDDE90021535498F86C
:10655C00013062780133029288F8013022E7062A72
:10656C003FF41CAF4846FFF741FB98F80230C8F8DF
:10657C00080088F8013099F81B2063789A427FF460
:10658C0011AF1BF80730062B3FF45BAFFF2389F8E4
:10659C001B301BF80730062B3FF453AF082B3FF48E
:1065AC0050AF0499D9F814208B1A3FF550AF039AC9
:1065BC001344D9F81C209A4288BFC9F81C30F1E664
:1065CC00D8F8143000221944091AC8F8141056E7E8
:1065DC00049AAEEB020E8E4591D39E44AEEB0103B2
:1065EC00002292E7A3EB0C03FAE7CB46089CDDF8FC
:1065FC0024909BF81850002C00F00F81049B069AF5
:10660C00DBF800809F1AB5EB090318BF0123FF2D9F
:10661C0008BF1F4600935AD00026CDF80490B1460F
:10662C00039E05EB450308EB0314A2684FEA031E17
:10663C00B24200F23482A3786178B4F81EC0C91A51
:10664C00DBF81C30B61A9A4223BF4FF0FF338BF89D
:10665C001B3000239B1ACBF81C30BF1A9144A26A42
:10666C00A069C9B2002A00F0B0801368002B00F0BA
:10667C009780002840F09780022900F00A820023BE
:10668C00A36018F80E308BF818306368A26A002BE0
:10669C0072D122B1137A03F00703012B4BD049B10D
:1066AC00012902D0BCF1000F04D0236A13B10120E0
:1066BC00616A9847A37863709BF81850FF2DB0D18E
:1066CC00DDE90079B9F1FF0F18BF47F0010700268B
:1066DC0058460299FFF706FBCDE90197DBF800500D
:1066EC00CDF800B0009B187EFF2800F0FD81044619
:1066FC004FF0FF0900E01C4604EB440305EB0317C5
:10670C00B96A1B018E4629B10A7A02F00702012AE6
:10671C0000F0E680EB5CA146FF2BECD1DDF800B07D
:10672C00DDE90197002E40F09780814540F0948080
:10673C00002F7CD094E03246A378A6606370069953
:10674C00DBF814C04944B1EB0C0A606947D45146DC
:10675C00114488424CD2081A0021029A0133DBB250
:10676C00A060616108F80E20637002959BF81850C8
:10677C00FF2D7FF456AFA3E722B1127A02F0070285
:10678C00012AD8D0E08BA8BBA08B94F82C10024621
:10679C0002FB0332002936D06378E083A260CEE797
:1067AC0000283FF46CAF02297FF469AFBCF1000FF5
:1067BC007FF465AF137A03F00703012B3FF45FAF4F
:1067CC00CBF81C008BF81B5059E700283FF457AF4F
:1067DC0002297FF454AFBCF1000FF1D04FE7ACEBC2
:1067EC00010C9445B3D300EB0C01891A0020B4E7DB
:1067FC00411AFBE70022A17802FB0332617094F886
:10680C002C100029C8D19742C6D91A44013197429D
:10681C0089B2FAD8014488B2BEE758460299FFF70C
:10682C0061FA9BF81800814513D14D4511D1002315
:10683C008BF819309BF81A30002B46D0DBF824402B
:10684C005B46012203210420A4460BB0BDE8F04FA7
:10685C006047FF2800F05281B9F1FF0F00F035813D
:10686C00DBF8003000EB400003EB00139F68002FB7
:10687C0033D00AF08DFF0A260446DBF81450013E93
:10688C00621B974202F1060115D9B9422CBF6D1853
:10689C00ED19DBF82830284698470AF079FFC4F147
:1068AC0001022B1B02449A4207D90EB10446E4E7BD
:1068BC0000DE0446E1E70123079300238BF819302F
:1068CC009BF81A30079A1A43B8D10BB0BDE8F08F79
:1068DC007047079B1C46039316E58BF81970ADE7C0
:1068EC00BA68002A40F01D81D7F818B0BBF1000F30
:1068FC0006D10A68002A00F020818E464FF0960BD4
:10690C00DEE9002A924580F0D680A2EB0A08EA5C08
:10691C00FF2A00F0D08000210098CDE904A4C069C2
:10692C009A4600F19606A8EB0B0003908C4608469D
:10693C0034461346CDF818900BEB0C09C8453FD3E1
:10694C0003EB430305EB031296681B0130449628B6
:10695C0077D9A0F196066644464528BF46460BEB10
:10696C00040188450DD3B1450BD8B969002900F055
:10697C0081809EF8081009077CD4B6EB0B0140F01F
:10698C00A980916A21B1097A01F00701012968D027
:10699C009169002965D05268002A62D0BA69844492
:1069AC00963101EB0C04002A59D09EF80820A8EB74
:1069BC000B01120700F192800020EB5CFF2BBBD186
:1069CC005346DDE90549DDF810A08A44CEF804A051
:1069DC0015F803B0BBF1FF0F5A4618BF4FF0FF0874
:1069EC0001D1B0E0024602EB420005EB001CDCF8E2
:1069FC0008604FEA420A8E424FEA001080F0A580F0
:106A0C00285C9046FF28A1EB0601EBD1B960B9F1E7
:106A1C00FF0F00F0828009EB4901090105F801B074
:106A2C0052441201A95CE954AC540222FB8B01269E
:106A3C00013BFB839EF8083062F302038EF80830AA
:106A4C0050E6BE6986B19EF8086016F0080686D03E
:106A5C00946984449634039A64449442ACD8214695
:106A6C00AAE70021EB5CA9E7916984449631614463
:106A7C000C46A1E7002C84D0A6EB0B06A64280D3D3
:106A8C002246DDE905495346DDF810A01146924433
:106A9C009CE7BCF1000F7FF4F2AD96208AE6921BC6
:106AAC00A260DDF804909BF81830009F4B4518BF8E
:106ABC0047F001070BE6CEF804A0EB5CFF2B08BFF8
:106ACC00002140D00023BB60AFE70AF047FE9BF8E3
:106ADC001800C5E6A142FFF454AF71E70A46002145
:106AEC00BBE7FF23029384E59B46DDE901972EB9B2
:106AFC00B9F1FF0F02D1002F3FF499AE0AF038FE26
:106B0C0000287FF494AECBF81C008BF819009BF88E
:106B1C001A30002B3FF4D9AE90E6009981F818B0EA
:106B2C007EE700DEB96AD7F818B08E46BBF1000FCD
:106B3C007FF4E6AE00297FF4DCAE00DE4FF0960B5E
:106B4C00D7F828E0DCE6B9606FE7761AB8F1FF0FEA
:106B5C00CCF80860B9603FF468AF424615F803B052
:106B6C004FEA480A53E700BFF0B4049E9DF8144066
:106B7C00069D28BB144F3A605A1E39727B727E6098
:106B8C00D2B26BB12C2006EBC20319465D6013F830
:106B9C0008298E42A4EB020400FB0255E4B2F4D1A6
:106BAC0074B9FF23079A7C613A62089A7C817A62F5
:106BBC00099AFC61BA623B76FB762046F0BC7047C2
:106BCC000120F0BC704700BF9811002040B9064A64
:106BDC00117EFF2901D1107270476FF00F007047C2
:106BEC006FF01500704700BF981100202C22074B46
:106BFC0010B402FB00335C6A2CB1A44601220321C1
:106C0C00022010BC604710BC704700BF98110020D8
:106C1C0010B4BDF81040DDF814C003940024CDF876
:106C2C0010C0DDF818C0CDF814C0DDF81CC0CDF8CC
:106C3C0018C0DDF820C0CDF81CC0DDF824C0CDE9AB
:106C4C0008C410BCFFF704B810B4BDF8104003948E
:106C5C00059C0494069C0594079C0694089C079438
:106C6C00099C08940A9C099410BCFEF7F1BF00BF64
:106C7C002DE9F0472C24244DBDF82C8004FB005545
:106C8C00084669689DF8307001EBC00E11F830A011
:106C9C009EF803109EF8019001F1010C5FFA8CFC38
:106CAC00E24598BF4FF0000CE1459DF83C6028D0C0
:106CBC004FF0050A4FF0020904FB01F1DEF8044025
:106CCC0004F801A00C446360089B6270A360099BEC
:106CDC00A4F81480E3600A9BA77523610D9BE675ED
:106CEC0063620E9B84F80290A3628EF803C0D5E910
:106CFC00083698472B4600220421B047A078BDE8FF
:106D0C00F0870120BDE8F0879811002010B588B0FD
:106D1C000A9CDDF82CC0009400240794BDF8344084
:106D2C00CDF804C003949DF83840DDF830C00494CD
:106D3C000F9CCDF808C00594109C0694FFF798FFA3
:106D4C0008B010BDF8B52C27174E07FB0066084697
:106D5C00746804EBC10191F803E014F830500EF1A3
:106D6C00010C5FFA8CFC654598BF4FF0000C4C7819
:106D7C00644517D007FB0EFE072702254C6804F864
:106D8C000E7074446362069B6270A570A36281F8F6
:106D9C0003C0D6E908359847334600220421A8479A
:106DAC00A078F8BD0120F8BD98110020F8B52C276B
:106DBC00184E07FB00660846746804EBC10114F812
:106DCC0030E0CC784D7804F1010C5FFA8CFCE64590
:106DDC0098BF4FF0000C65451AD04FF0080E07FB1A
:106DEC0004F402274D6805F804E02C446360069B0C
:106DFC0062706362079BA770A36281F803C0D6E937
:106E0C0008359847334600220421A847A078F8BDDE
:106E1C000120F8BD981100200AF0BABC401A704746
:106E2C0000210148704700BF1F410100022801D01A
:106E3C000120704738B5044608461D4603F094F906
:106E4C0018B1EC232B70002038BD204638BD00BF94
:106E5C00EC2303700B70704738B5054600200C46C8
:106E6C0002F0C8FE70B93DB9074B44B120681860F8
:106E7C00A2889A80002038BD044B002CF6D11C60EF
:106E8C009C80F7E70C2038BDCC110020C4110020E9
:106E9C00012804D808B903487047034870470020FC
:106EAC00704700BFCC110020C4110020012809D864
:106EBC0030B9064B186808609A8818468A80704763
:106ECC00034BF7E700231846704700BFCC11002096
:106EDC00C411002010B5044608F0CCFC50B909F0E0
:106EEC0023F860B909F08AFD70B92046BDE810405E
:106EFC000DF00ABB00DE09F017F80028F2D000DE16
:106F0C0009F07CFD0028F0D000DE2046BDE81040E2
:106F1C000DF0FABA086001480DF0F6BACC16002054
:106F2C000DF0F2BA2DE9F84F0B788946072B88BF84
:106F3C002B4B834688BF93F8403092469A424DD0F3
:106F4C00274D5C1C35F83320E4B2082C08BF002414
:106F5C00002601274FF01208028005EBC30319E04D
:106F6C00012838D0C3F80480072C89F8004088BF6A
:106F7C0095F84040A24523D023B2013435F83310A4
:106F8C00E4B2BBF80020082C08BF0024914205EBAA
:106F9C00C30315D15868B0B1FF28E1D9027902F0CA
:106FAC000302013A012A12D912225A6003F0F4F8B2
:106FBC00072C89F8004088BF95F84040A245DBD1EA
:106FCC003046BDE8F88F01365F60F6B2CCE701368B
:106FDC000122F6B2E9E70136F6B2C5E70026EFE783
:106FEC00F81100202DE9F041324F3B88984253D9DB
:106FFC0013F0FF0524D0DFF8C08098F81540013459
:10700C00E4B2052C08BF002498F81430A34219D020
:10701C002A48FEF7E3FB064690B12948FEF7DEFB53
:10702C0000283BD0066098F8153048F823003B88C0
:10703C00013D013B15F0FF0588F815403B80DED182
:10704C00BDE8F0813B88002BFAD00026DFF8748075
:10705C0098F809400134E4B2022C08BF002498F8D7
:10706C000830A342ECD01548FEF7B8FB05460028C3
:10707C00E6D01348FEF7B2FBB0B16E60056098F82D
:10708C00093048F823003B8888F80940013B9BB243
:10709C003B80002BDED1D3E70546ACE73046BDE89C
:1070AC00F0410649FEF7AEBB2846BDE8F041034966
:1070BC00FEF7A8BB5C1200208C140020601200208C
:1070CC00AC120020401200202DE9F8434FF00008CC
:1070DC0005262E4B2E4F181D05222421A7F81880AB
:1070EC00FEF758FB2B4B05220821181DFEF752FB0F
:1070FC0097F818907C7E0134E4B2062C08BF00246B
:10710C00A14514D02348FEF769FB054678B11F480A
:10711C00FEF764FB002834D0C5F8048005607B7E44
:10712C0047F82300013E16F0FF067C76E3D11A4B9C
:10713C000722181D4421FEF72DFB184B0922181DA0
:10714C000821FEF727FB1548FEF748FBA8B1144AA7
:10715C00111FFEF78FFB1148FEF740FB78B1114A67
:10716C00111FFEF787FB05220F4BFF201A80FFF73C
:10717C0039FFBDE8F84308F049B800DEE7E700DE68
:10718C00EDE728460349FEF73DFBD0E7D01400207D
:10719C0088150020A4140020AC12002060120020DE
:1071AC0058120020501200205C1200202DE9F041F2
:1071BC007C4D7D4E86B004AA02A90DF1070003F0A8
:1071CC0079FD0446D5E9000103AAFEF76BFB0746DF
:1071DC0050B3039B002B6AD0187804AA02A903F0C1
:1071EC0081FD039B0446002840D0049ABDF808108A
:1071FC001F78ADF80A10059203F086FD2146059A1A
:10720C00BDF80A0003F0B4FD204603F047FD3846F4
:10721C0005AA0DF10A0103F065FD04460028EBD127
:10722C0030680DF071F9C6E7002C3DD0049B9DF839
:10723C0007700593BDF80830ADF80A3003F064FD13
:10724C002146059ABDF80A0003F092FD204603F092
:10725C0025FD384605AA0DF10A0103F043FD04464D
:10726C000028EBD130680DF04FF9A4E705931B799A
:10727C00013B2C2B1ED8DFE803F01F32741D1D1DA3
:10728C001D1D1D1D1D1D1D1D1D1D1D1D1D1D1D1D22
:10729C006A1F1D1D1D1D1D1D1D1D1D1D1D1D1D1DC3
:1072AC001D1D1D1D1D1D1F0006B0BDE8F08100DE5B
:1072BC00039B91E700DE7EE700223A496868FEF7FF
:1072CC00F9FA3846394B059993F84130384A0B7026
:1072DC00FEF7DEFA344B18680DF016F96BE7002256
:1072EC0030496868FEF7E6FADDF81480D8F80840F3
:1072FC0034B12378002B52D02378013BDBB22370BE
:10730C0098F80C3013B1012B43D000DE0023294A2E
:10731C0088F80C30537E117E0133DBB2062B08BF8C
:10732C000023994239D0C8F80070517E42F8218070
:10733C005376002C3FF43FAF2378002B7FF43BAF08
:10734C00A368002B3FF437AFE068984733E700227F
:10735C0014496868FEF7AEFA3846059903F062F9ED
:10736C0029E7384605A903F077F90E490022686829
:10737C00FEF7A0FA059900293FF41DAF0B792E2BCF
:10738C003FF419AF094B384693F84130084A0B705B
:10739C009EE7404603F06AFAB8E700DEC9E700DE74
:1073AC00AAE700BF54120020C8160020F8110020D4
:1073BC00501200208815002010B5244B244C86B0A8
:1073CC0018600AF0BFF92378002B37D0214B0C2121
:1073DC000593214B4FF0020C0493204B2048039350
:1073EC00204B00900293042301911F4A03700372F7
:1073FC0080F810C080F818C019460020FFF7B4FBC5
:10740C0008BB01220021194811F04EF908F0BEF911
:10741C0008B106B010BDFFF757FE08F06DFD00284F
:10742C00F7D102F0B1FB0028F3D109F0DBFA002808
:10743C00EFD106B0BDE8104003F09CB8FEF74AFA55
:10744C0001232370C2E700DEDBE700BFC816002073
:10745C000D360020A925010009250100E9240100B1
:10746C00EC180020DC1600200C190020CC16002093
:10747C0030B585B002F08EFB78BB03F081F888BB89
:10748C0000241B481B491C4A1C4BA0F84040A1F887
:10749C00204194821C8101222146684611F004F996
:1074AC00174B0320224621466D46C3F808D0FEF741
:1074BC0069FAC8B94FF0FF324FF0FF3328460DF090
:1074CC0057F802F06DFB88B9FFF7FEFD0021012093
:1074DC0005B0BDE83040FFF7BFBC00DE03F050F84C
:1074EC000028CDD000DECBE700DEE3E700DEEBE7E3
:1074FC00F8110020A41500208C140020401200204C
:10750C00EC03002008B5FFF7B3FF08F075F900B1E4
:10751C0008BDBDE80840FFF759BB00BF2DE9F0439B
:10752C00804689462C4D2D4F83B00023C8F800307F
:10753C0095F8414001AAD7E90001FEF7B3F90646D8
:10754C00002834D0019B48461A782549FFF7EAFCFD
:10755C00034690BB95F840208DF8012095F841200A
:10756C000DF101010DF102001C46FFF7DBFC44EAB2
:10757C00000212F0FF020346F0D101990B79012BA6
:10758C0022D139467868FEF795F930461549FEF751
:10759C0039F9154A1388042B13D801980133134970
:1075AC001380FEF72FF90120FFF71CFDBDE72246E3
:1075BC0048460B49FFF7B6FC0346184603B0BDE836
:1075CC00F08300DE1388E8E713461846C8F800106D
:1075DC0003B0BDE8F08300BFF81100204C1200206E
:1075EC0038120020601200205C120020AC12002027
:1075FC00002330B5324983B0486801AA0193FEF7E5
:10760C0059F9002853D02F49FEF7FCF8019A137949
:10761C002D2B1DD8DFE803F01F1C1C1F1C1C1C1C71
:10762C001C1C1C1C1C1C1C1C1C1C1C1C1C1C1C1793
:10763C001F1F1F1F1F1F1C1C1C1C1C1C1C1C1C1C6C
:10764C001C1C1C1C1C1F137F3C2B19D0537F33B9E3
:10765C0000DE03B030BD002BFAD003B030BD936810
:10766C001C68A06D20B100231749A365FEF7CAF86A
:10767C0094F85E3023F0010384F85E3003B030BD23
:10768C009368D3E90045A5B100225A60D5F88C3037
:10769C009BB905F1800105F17C00FEF7EFF803467C
:1076AC0048B12868C5F88C3002F044FDE0E700DEF4
:1076BC00A9E700DEE8E700DEF3E700DEE9E700BF5C
:1076CC004C12002060120020AC120020F8B50468A7
:1076DC0006460CB3324D2046037924682D2B18D85E
:1076EC00DFE803F0271717271717171717171717A0
:1076FC0017171717171717171717172133272727B8
:10770C0027271717171717171717171717171717DD
:10771C00172700DE002CDED100233360FF20BDE8EC
:10772C00F840FFF75FBC037F3C2B27D013B100DE82
:10773C00037963B32B88042B26D8013319492B808A
:10774C00FEF760F8002CC6D1E6E7C0880028E1D12E
:10775C0002F0FEFC0746E0B1D7F89C30DBB907F12C
:10776C00900107F18C00FEF789F8B0B1C7F89C00C6
:10777C00384602F0DFFC002CADD1CDE70949FEF70D
:10778C0041F8002CA7D1C7E700DE2B88D5E700DE37
:10779C00D0E700DEE0E700DEE1E700DEE6E700BF71
:1077AC005C120020AC1200200148FEF717B800BF95
:1077BC00601200200149FEF725B800BF60120020BE
:1077CC000148FEF70BB800BFAC1200200149FEF7D0
:1077DC0019B800BFAC120020034B044A93F8413097
:1077EC000B70FEF755B800BFF811002050120020A6
:1077FC0008B5064B064A93F841300B70FEF748F873
:10780C00044B1868BDE808400CF07EBEF81100204F
:10781C0050120020C81600200B490A7A4B7A9A4263
:10782C000AD8A3EB020C5FFA8CFC604509D89A428B
:10783C0007D051F82200704702339B1ADBB29842F2
:10784C00F7D90020704700BF40120020074A117A78
:10785C00537A8B4208D04B1CDBB2022B08BF00239F
:10786C0052F821001372704700207047401200201C
:10787C0000B50D4A92F841C092F840E00CF10103BA
:10788C00DBB2082B08BF00239E4509D022F83C0030
:10789C0002EBCC0CCCF8041082F841305DF804FB00
:1078AC0000DE00231B80FFDEF8110020022810B53B
:1078BC000C4602D00B68022B07D04FF0FF324FF072
:1078CC00FF3302480CF054FE206810BDCC1600208B
:1078DC0004490A680AB1104670470246086010460F
:1078EC00704700BFF4110020044A136823B198427A
:1078FC000ABF00210023116018467047F4110020C4
:10790C00014B1868704700BFF411002004490A6845
:10791C000AB110467047024608601046704700BF17
:10792C003C120020044A136823B198420ABF00217C
:10793C0000231160184670473C120020014B186858
:10794C00704700BF3C12002070B5056884B02B78DE
:10795C00EBB104466E4601220021684610F0A4FEED
:10796C000C4BC5E902362B788BB100220A4B032055
:10797C0011469C60FEF706F838B947F61222002330
:10798C0030460CF0F5FD04B070BD00DEF5E76FF08D
:10799C007700F8E72D6F0000DC030020F0B5244ED3
:1079AC000C463368174685B0002B36D0994215D15A
:1079BC00022503AB02460093032100201D4B0395C7
:1079CC00FFF7C0F9022805460CD0039B022B09D106
:1079DC0095B133680BB19C4221D014B36FF02D00DC
:1079EC0005B0F0BD4FF0FF324FF0FF3312480CF0F2
:1079FC00BFFD039D002DECD13846FFF7A5FF336882
:107A0C000BB19C4210D0002CE8D10028E8D010F12A
:107A1C00780F08BF002005B0F0BD3160C8E7002327
:107A2C0033606FF07700DBE735600028D8D0EEE7E5
:107A3C00F4110020216F0000CC1600200B490A7DA8
:107A4C004B7D9A420AD8A3EB020C5FFA8CFC604582
:107A5C0009D89A4207D051F82200704705339B1A77
:107A6C00DBB29842F7D90020704700BF8C1400207D
:107A7C00074A117D537D8B4208D04B1CDBB2052B82
:107A8C0008BF002352F8210013757047002070477F
:107A9C008C14002038B50C46054603F005F9034656
:107AAC00237021462846BDE83840014AFDF7F0BE58
:107ABC0058120020012200201146014BFDF762BF35
:107ACC00CC03002070B50C46054603F0EDF80346D8
:107ADC00214623702846054AFDF7DAFEBDE87040C2
:107AEC00012200201146024BFDF74CBF581200201A
:107AFC00CC0300202DE9F0471A4E9DF8209096F803
:107B0C0021C196F820510CF1010E5FFA8EFEBEF1E8
:107B1C00090F08BF4FF0000E75451ED0144606EB3A
:107B2C004C1C654680460F469A4610685168E368BF
:107B3C00926809F001090FC59CF81C30CCE904A827
:107B4C0023F0030343EA0903CCF818708CF81C30BB
:107B5C0086F821E16046BDE8F0874FF0000C6046E6
:107B6C00BDE8F087A4150020054890F8203190F866
:107B7C0021219A4214BF00EB43100020704700BF34
:107B8C00A415002010B402780B4C082A94F821316B
:107B9C0088BF94F82021014688BF0270934209D017
:107BAC00531CDBB2092B08BF002304EB42100B70F3
:107BBC0010BC70470020FBE7A41500202DE9F04F06
:107BCC003D4E87B096F8203196F8212102909A42CA
:107BDC003ED04FF000080B24C346C246CDE90488C2
:107BEC0006EB4313CDF80C801D7FD3F80090C5F342
:107BFC004002DF6805F00105002C4DD0013CE4B2D9
:107C0C004AB396F8211196F82031994220D00133CD
:107C1C00DBB2092B08BF0023994286F8203117D01C
:107C2C00590106EB4313002ADED1D86805BBBAF123
:107C3C00000F33D0BBF1000F36D01A7F9707D3D18A
:107C4C005045725834D05845CED105998A42CBD183
:107C5C0007B0BDE8F08F194902988B601146174B9D
:107C6C000192FDF78FFE019A0028CAD000DEC8E70A
:107C7C00039ABAB1B8F1000F08BFB8461A7F95073E
:107C8C00B2D4D207DCD5BBF1000FADD1039A82423E
:107C9C00DED08045A8D1DBE700DEAFE7BA46CDF8F1
:107CAC001090EBE70397E9E7BB46CDF81490E5E7B6
:107CBC0004998A42C7D1CBE7A4150020BC0300204D
:107CCC00054B1A7E597E914204D053F8220010B114
:107CDC000C307047002070478815002070B5134A8F
:107CEC00117E537E8B421FD04B1CDBB2062B08BF80
:107CFC00002352F821401376A4B1022300252668F4
:107D0C002371A060256002F0CFFF03462146084A8C
:107D1C0023703046FDF7BCFD012228461146054B69
:107D2C00FDF730FE204670BD0024FBE788150020CF
:107D3C0058120020CC03002030B48569D0E90743E9
:107D4C00E018113085428ABF2C46431B11330C605E
:107D5C00136030BC704700BF10B5002482B0049B88
:107D6C0093F80AC02CF0020C83F80AC0CDE9004449
:107D7C0007F0AEFE02B010BD012210B582B0019228
:107D8C00047F034614400269D0E90501009407F012
:107D9C009FFE08B902B010BD7730FBD000DEF9E7CA
:107DAC0010B4CB6804691A78042A02D0236810BC7A
:107DBC0018475B78052BF9D1002010BC704700BF29
:107DCC000B8A002B38D030B5054683B001F10C007E
:107DDC000C460EF086F9012810D0022802D06FF064
:107DEC00150009E001A9204600F004FF019911B12A
:107DFC002846FFF7D5FFC8B103B030BD002301A959
:107E0C002046019300F080FA014678B12846FFF72E
:107E1C00C7FF0028F0D1019D45B1284601F020FA9A
:107E2C0003466B710648019910F025FC2046F9F7C2
:107E3C0097FE002003B030BD6FF01500704700BFF7
:107E4C00D019002010B50469FFF75CFB40B9054858
:107E5C00F9F718FB0448F9F715FB0020206010BD5A
:107E6C0000DEF4E720090020A00900202DE9F041F4
:107E7C004FF000080646076982B04FF0FF324FF012
:107E8C00FF3334480CF00EFB0028F6D043790190F8
:107E9C00042B31D8002B46D0022B4CD04FF0FF33A3
:107EAC004FF0FF320220F9F72BFF0446019B002C08
:107EBC004BD01846214600F04DFF019B01A8C3F89A
:107ECC000080FFF703FC20460EF096F8054621468D
:107EDC0000200EF0B7F82B8A0446012B08D929464E
:107EEC0030463B6898470CF069FF002CEBD1C4E797
:107EFC002846F9F735FEF6E7052B14D14FF0FF3382
:107F0C004FF0FF320820F9F7FBFE0446019821469A
:107F1C0000F0F6FE019B01A8C3F80080FFF7D6FB2A
:107F2C00002CD0D1A9E700DE019B01A8C3F800808A
:107F3C00FFF7CCFBA1E70023002201210020F9F779
:107F4C00F7FE0446019B002CB3D101A81C60FFF77F
:107F5C00BDFB92E7D0190020F0B5054683B014E0C4
:107F6C004FF0FF324FF0FF3300211320F9F7E0FE02
:107F7C0022460446BDF8021001F05AF92146284663
:107F8C00FFF70EFF40BB0CF019FF0DF1020101A829
:107F9C00FFF7C4FA04460028E2D1019BA3B1FFF716
:107FAC0027FB019F384601F05BF9019E78717379CC
:107FBC00032B02D13379182B10D03146174810F00F
:107FCC005AFB019B002BE0D14FF0FF324FF0FF33F7
:107FDC0013480CF0CDFAD8E700DED4E721464FF079
:107FEC00FF324FF0FF330520F788F9F7A1FE044666
:107FFC00394606F11C00224600F05CFE384600F0C3
:10800C0077FE3CB121462846FFF7CAFE20B9204630
:10801C00F9F7A6FD019ED0E700DEF8E7D0190020A5
:10802C00E0190020F0B505460E46076989B02048D6
:10803C0010F0F3FA4FF0FF3200211E4810F034FB21
:10804C001C48FFF7B9F9044600282ED13E6001F018
:10805C001DF9002600276FF0090C4FF4E072CDE9F2
:10806C000667CDE90144144B144904940095CDF8EE
:10807C000CC013480CF014FD1249114810F00EFC02
:10808C006FF0070C4FF46072CDE90667CDE901443F
:10809C000D4B0E4904940095CDF80CC00C480CF017
:1080AC00FFFC0C490A4810F0F9FB204609B0F0BD62
:1080BC00D0190020E0190020657F0000783F0020D7
:1080CC0020090020E09A0100797E00003841002050
:1080DC00A0090020F09A010008B50CF029FE054813
:1080EC0010F0A3FA034810F098FABDE808400CF021
:1080FC0033BE00BFD01900202DE9F041194C646843
:10810C00A40004D59046184A1268120701D4BDE8A1
:10811C00F08103F10C0405460E46204602210DF0B9
:10812C00A8FF40F63E430121038020460DF0A1FF3D
:10813C0004230B21037020460DF09BFF0570A0F863
:10814C0001803DB97268B368C0F80320C0F80730ED
:10815C00BDE8F0810027C0F80370C0F80770BDE8D7
:10816C00F08100BF7001002068010020F0B50138DB
:10817C00144687B011280AD8DFE800F0233F5509D0
:10818C00096709799AAD090909090909090D6FF0FF
:10819C00150007B0F0BDCB68DA789978188807F02D
:1081AC0021F8564B0646012118880EF0C7FA01211A
:1081BC0005460C300DF05DFF06702560002007B001
:1081CC00F0BD4E4B0D2118880EF0B8FA0D21206031
:1081DC000C300DF04EFF4FF480640023042101227B
:1081EC00474D0370C0F80150A0F80540C1710372EF
:1081FC0042728372C3720373E0E7404B41211888CB
:10820C000EF09CFA412120600C300DF032FF002161
:10821C0004463E2200F8031B10F0FAFC40F2A73390
:10822C00A4F80130CAE7354B092118880EF086FAFC
:10823C00092120600C300DF01CFF0022034603F8CE
:10824C00012BC0F801205A60B8E7C9680020FEF77E
:10825C0003FE2A4B012118880EF070FA0121054605
:10826C000C300DF006FF002303702560A6E7254EA9
:10827C0001AD0FCE0FC5214F3368122138882B70FA
:10828C000EF05CFA122120600C300DF0F2FE00238F
:10829C000446064695F800C004F8013B01AD0FCD2D
:1082AC00C6F801006160A260E36084F810C085E745
:1082BC00124B182118880EF041FA182120600C304E
:1082CC000DF0D7FE00230446012100F8023B09F013
:1082DC00BDF9607072E7094B212118880EF02EFA57
:1082EC00212120600C300DF0C4FE0023014601302A
:1082FC0001F8113B09F0FAF960E700BFAC3300203C
:10830C0002000500109B010000232DE9F0418AB00A
:10831C000593038A022B31D9044603210C300DF04E
:10832C00D8FE228A83789A4228D30188D94EC1F389
:10833C008523082B318088B2C1F309050DD8BBB158
:10834C00013B072B14D8DFE813F0970113007901D8
:10835C005F011300130013001E003F2B08D12146B0
:10836C00284605AAFFF702FF163040F03484308807
:10837C0001210AB0BDE8F0410EF0F2B9002420460C
:10838C000AB0BDE8F081691E9C29F1D801A353F80D
:10839C0021F000BFFF8A0000DF8A0000978A0000EE
:1083AC007D8300008D8A0000618A0000498A0000EC
:1083BC003D8A0000318A0000278A00007D8300007E
:1083CC007D8300007D8300007D8300007D830000A1
:1083DC007D8300007D8300007D830000058A000002
:1083EC007D830000DD890000CF89000095890000A5
:1083FC00778900007D8300006D8900005D89000095
:10840C003F8900007D8300007D8300007D83000098
:10841C001F890000058900007D8300007D8300001A
:10842C007D8300007D8300007D8300007D83000040
:10843C007D8300007D8300007D8300007D83000030
:10844C007D8300007D8300007D8300007D83000020
:10845C00AF88000077880000278800007D8300002B
:10846C007D8300007D8300007D8300007D83000000
:10847C007D8300007D8300007D8300007D830000F0
:10848C007D8300007D8300007D8300007D830000E0
:10849C007D8300007D8300007D8300007D830000D0
:1084AC007D8300007D8300007D8300007D830000C0
:1084BC007D8300007D8300007D8300000788000021
:1084CC007D8300007D8300007D8300007D830000A0
:1084DC007D8300007D8300007D8300007D83000090
:1084EC007D8300007D8300007D8300007D83000080
:1084FC007D8300007D8300007D8300007D83000070
:10850C007D8300007D8300007D8300007D8300005F
:10851C007D8300007D8300007D8300007D8300004F
:10852C007D8300007D8300007D8300007D8300003F
:10853C007D8300007D8300007D8300007D8300002F
:10854C007D8300007D8300007D8300007D8300001F
:10855C007D8300007D8300007D8300007D8300000F
:10856C007D8300007D8300007D8300007D830000FF
:10857C007D8300007D8300007D8300007D830000EF
:10858C007D8300007D8300007D8300007D830000DF
:10859C007D8300007D8300007D8300007D830000CF
:1085AC007D8300007D8300007D830000B587000083
:1085BC007D8300007D8300007D8300007D830000AF
:1085CC007D8300007D8300007D8300007D8300009F
:1085DC007D8300007D8300007D8300007D8300008F
:1085EC007D8300007D8300007D8300007D8300007F
:1085FC007D8300007D8300007D8300007D8300006F
:10860C007D8300009B870000691E08293FF6B0AEF1
:10861C0001A353F821F000BF738700001F870000EF
:10862C00FB8600007D8300007D8300007D830000BD
:10863C007D8300007D830000DD860000632D00F04B
:10864C0066822BD8032D00F07D822D2D00F06282E6
:10865C00012D7FF48DAEE2680F4B116852681960E2
:10866C005A6001210EF06AF8012104460C300DF01D
:10867C0000FD0023037082E6062D00F040821D2DC4
:10868C007FF476AEE368188801F096FE01463088D8
:10869C006FE600BFAC330020700100207B2D00F092
:1086AC0075827C2D7FF464AEE3681F885988B8B25C
:1086BC0001F030FF0546032130880EF03FF803210E
:1086CC0004460C300DF0D5FC0570A0F8017056E690
:1086DC0007210EF033F8072104460C300DF0C9FCCD
:1086EC000146002001F8010BFEF7E0FB47E60921EB
:1086FC000EF024F8092104460C300DF0BAFC0022CF
:10870C000346602103F8012BC0F801205A60417127
:10871C0035E641210EF012F8412104460C300DF0E3
:10872C00A8FC002105463F2200F8021B10F070FA4D
:10873C000423C0214FF40A722020A971EB7243F27A
:10874C00300185F83030A5F80F20EB7570228023AE
:10875C006870C748A5F82110C5F81A0085F82420C0
:10876C0085F827300BE609210DF0E8FF09210446B6
:10877C000C300DF07EFC00234FF450610D22BD4DEA
:10878C000180C0F805508370C3700271F7E5E4688E
:10879C006188A379A2882088B4F80740009403F07C
:1087AC006DFF01463088E4E5FA210DF0C7FFFA2190
:1087BC0004460C300DF05DFC4FF480730546F82236
:1087CC0020F8023B002110F023FAFEF729FB0023CE
:1087DC00AA7A61F3070342F00202AA72C1F30722DC
:1087EC0062F30F23090C61F31743090A61F31F634A
:1087FC00C5F80200C5F80630C1E503210DF09EFF57
:10880C00032104460C300DF034FC002301460130EA
:10881C0001F8023BFEF71CFBB1E5E2689478D178D5
:10882C00E30744BF41F00301D170A4071788B2F8E5
:10883C000550137940F1C38143F00303137143EAEC
:10884C000102032A40F0CA814A0700F0C18115F0E9
:10885C00030218BF05F1FF35384618BF05F00102B9
:10886C0001F0F8FD0146308883E5E3681A78D107FA
:10887C0049BF0721587808465970920749BF07220B
:10888C00997811469A7001F0D9FD0546012130887E
:10889C000DF054FF012104460C300DF0EAFB05707D
:1088AC006DE5E36805211E880DF048FF052104469F
:1088BC000C300DF0DEFB0546B7B22A1DE91C38461C
:1088CC0001F09CFDEB782979002B93FAA3F391FA34
:1088DC00A1F2B3FA83F308BF4FF0FF330029B2FAC9
:1088EC0082F208BF4FF0FF32013301322870A5F835
:1088FC000160EB702A7142E50023E26802211788BF
:10890C009278B8B2CDE90233CDE9003301F094FC92
:10891C00D0E60022E4680221278863880392258927
:10892C00B8B20295E5880195A488009401F084FC06
:10893C00C0E609210DF002FF092104460C300DF0B0
:10894C0098FB00234C494D4A01604260037216E5C6
:10895C0000220621E3681F88B8B206F031FCA9E6B4
:10896C00E268002132F8027BF6E709210DF0E6FE01
:10897C00092104460C300DF07CFB0023082100F883
:10898C00013B06F049FFFAE4E068002306AA00F177
:10899C00100109F0ABFE112130880DF0CFFE112132
:1089AC0004460C300DF065FB00230646074606F81E
:1089BC00013B06AD0FCDC7F801007160B260F360EA
:1089CC00DDE4E368188801F0D5FC01463088D0E47A
:1089DC00E36808211E880DF0B1FE082104460C3016
:1089EC000DF047FB0546B7B23846E91C01F068FCB0
:1089FC00A5F801602870C2E40022E1684B88088861
:108A0C0003920C890294CC880194898800911146B8
:108A1C0001F012FC01463088ABE4E368187800F0F2
:108A2C0031FF32E7E16811F8010B01F00DFA2CE788
:108A3C00E16811F8010B01F099F926E702210DF01C
:108A4C007DFE022104460C300DF013FB0023037055
:108A5C00437094E4E468A57BA3796279217920883A
:108A6C000295657B07340195009400F037FE0CE706
:108A7C00F703F40EF105FFFF008FCC30ECC00100C2
:108A8C00E1680120FEF7E8F9FFE609210DF056FE3A
:108A9C00092104460C300DF0ECFA0025034603F8CE
:108AAC00015BC0F801505D600646FEF7B9F92B4634
:108ABC00C1F3072261F3070362F30F23090C61F37F
:108ACC001743090A61F31F63C6F80100C6F80530A5
:108ADC0055E404210DF032FE042104460C300DF057
:108AEC00C8FA00231B210322037041708370C270EB
:108AFC0045E4E2683B4B116852681960B0E5E368E5
:108B0C009978188801F000FC0146308831E4E2685D
:108B1C00354BF0E7E36804211E8893F802800DF0D2
:108B2C000DFE042104460C300DF0A3FA0546B7B235
:108B3C00022042463946EB1CFEF778F9A5F8016095
:108B4C0028701CE400200021274A4FF0FF3441F626
:108B5C00FF75C2E900011F200021244BC3E9004529
:108B6C00204BC3E90001FEF783FC012130880DF096
:108B7C00E5FD012104460C300DF07BFA00231C4A64
:108B8C0003701360FFF7A8FAFFF7F9BBE36806A9B7
:108B9C001F88B8B201F092FC0521054630880DF013
:108BAC00CDFD052104460C300DF063FA0570A0F8DC
:108BBC000170BDF81830A0F80330FFF7E0BB41EAB4
:108BCC000302032A0AD84C0702D05A077FF43FAE9F
:108BDC001221FFF7CEBB059CFFF7D1BB1121FFF78C
:108BEC00C8BB00BF68010020200A002070010020D3
:108BFC00F019002000230B60038A032B55D92DE9B3
:108C0C00F047054688460C3004210DF062FA2B8A99
:108C1C004688B0F80090B34225D31B2E23D801F020
:108C2C00B5FA4FEA1937BA460446F8B15FEA9A0A20
:108C3C0019D19FB1012F16D12379667167F3010306
:108C4C002371E9683246E01D0FF0BCFF2146C9F3E1
:108C5C000B0001F0A7FA18B9BDE8F0870227EBE783
:108C6C00204601F099FA6FF01500F5E7104B1B68E0
:108C7C009B0117D54FF0FF324FF0FF330220F9F76D
:108C8C003FF80221C8F800000C300DF0F2F94FF457
:108C9C008D730380D8F8000001210C300DF0E9F938
:108CAC00012303706FF06800D6E76FF01500704772
:108CBC0070010020F8B50D4B1B68DB0600D4F8BD25
:108CCC0002F10C0407460D46204602210DF0D1F9A5
:108CDC0040F205430421038020460DF0CAF900261A
:108CEC00A0F8015006703A78C270F8BD70010020EF
:108CFC00024A1368013B1360704700BFF019002053
:108D0C00037F03F00303013B012B01D900DE704705
:108D1C0070B5044601F10C0528460421E6880DF0D7
:108D2C00A8F90346227F02F00302022A0CBF46F484
:108D3C00005646F480560680627F28465A80617F32
:108D4C000DF097F9627F04F11F01BDE870400FF040
:108D5C0039BF00BFF0B590F804C00446BCF1030F56
:108D6C00C58885B000F11C060ED0ACF1170CBCF117
:108D7C00060F00F22381DFE81CF050007F00870013
:108D8C004800B300C700E800C37F033B392B00F257
:108D9C001581DFE813F0CD0113011301AD01F601CC
:108DAC0013012701130113011301300113014E01AB
:108DBC0013014000130113011301130113011301DB
:108DCC0013011301130113011301130113011301F7
:108DDC0013011301130113011301130113011301E7
:108DEC0013011301130113011301130113011301D7
:108DFC0013011301130113011301130113011301C7
:108E0C0013011301130113017601C64B00245B6897
:108E1C001E0400F1D58005B0F0BDF30700F1FB8115
:108E2C00C04B00265B689F00F5D5BF4B1B68D8076D
:108E3C00F1D5277F002F00F0AE8101F10C04204604
:108E4C0002210DF016F941F23E3301210380204638
:108E5C000DF00FF901220346122120461A700DF075
:108E6C0008F9C0F80160C0F80560C0F80960C0F8E6
:108E7C000D6046740770CEE70A463046294605B0A9
:108E8C00BDE8F040FFF716BFA64B5B689A00C2D551
:108E9C00A54B1B685B07BED501F10C0738460221B8
:108EAC000DF0E7F840F63E230121038038460DF023
:108EBC00E0F803230921037038460DF0DAF8F707C0
:108ECC0000F1AD81237FA0F801500370E38BA0F873
:108EDC000330238CA0F80530638CA0F807309AE798
:108EEC00924B1B68180296D501F10C042046022106
:108EFC000DF0BFF840F257220346022120461A809B
:108F0C000DF0B7F8058086E7864B5B689A0082D532
:108F1C00854B1B681B037FF57EAF01F10C063046B9
:108F2C0002210DF0A6F840F23E43012103803046A9
:108F3C000DF09FF81422034603211A7030460DF0F1
:108F4C0098F80580237F837065E7764B5B689F00FC
:108F5C007FF561AF744B1B681E057FF55CAF01F1AB
:108F6C000C06304602210DF084F840F23E630121DC
:108F7C00038030460DF07DF80C22034605211A7053
:108F8C0030460DF076F8237FA0F801500370627F15
:108F9C0092FAA2F3002AB3FA83F308BF4FF0FF331F
:108FAC000133C370A27F92FAA2F3002AB3FA83F3BF
:108FBC0008BF4FF0FF33013303712CE700DE2AE7C3
:108FCC0001F10C06304602210DF053F84FF44C72AF
:108FDC000346032130461A800DF04BF80470A0F8BC
:108FEC00015018E70B462A463146002005B0BDE873
:108FFC00F040FFF781B84B4B1B681F067FF50BAF9A
:10900C0001F10C063046022194F820400DF031F8A5
:10901C004FF48162034604211A8030460DF029F882
:10902C0000239C4208BF1F24A0F801500470C37099
:10903C00F1E63C4B5B689E0040F1E2803A4B1B68CA
:10904C00980640F1DD8001F10C06304602210DF04E
:10905C0010F840F63E330121038030460DF009F83C
:10906C00062203460A211A7030460DF002F80580DC
:10907C00238C4380638C8380A38CC380E38C03811B
:10908C00C9E6284B00275B689A007FF5C4AE264BD7
:10909C005B68DB027FF5BFAE01F10C0630460221A6
:1090AC000CF0E7FF40F63E230121038030460CF024
:1090BC00E0FF35230921037030460CF0DAFF064639
:1090CC0028463770A6F8015001F04EF8002800F041
:1090DC00A48090F83730DB095B00F370238CB380ED
:1090EC0094F82230B371B4F82330A6F8073092E626
:1090FC000C4B00241B681B067FF58DAE01F10C0692
:10910C00304602210CF0B5FF4FF481620346042176
:10911C001A8030460CF0ADFF01230470A0F801500A
:10912C00C37078E67001002068010020200A00203E
:10913C003C4B5B6898007FF56EAE3B4B1B68DA06C8
:10914C007FF569AE01F10C06304602210CF091FF5F
:10915C0040F63E530121038030460CF08AFF052275
:10916C0003460C211A7030460CF083FF034623F89B
:10917C00025B216A626AC0F802105A60238D438137
:10918C0049E690F820300E2B7FF445AE0B462A466C
:10919C0000211A202AE7254A01F10C061368022146
:1091AC000133304613600CF064FF41F23E33012171
:1091BC00038030460CF05DFF012312210370304612
:1091CC000CF057FF0770A0F80150637FC370A37FAA
:1091DC0003F001030371D4F81F30C0F80530B4F864
:1091EC002330A0F80930E38CA0F80B30238DA0F8C5
:1091FC000D30638DA0F80F3094F82C3043740AE6D0
:10920C0000231A2202212846CDE90233CDE900338E
:10921C0001F012F8FFE500DE02E602235DE700DE56
:10922C0050E600BF7001002068010020F0190020FA
:10923C0070B500F10C040E462046022115460CF0C8
:10924C0018FF40F21352034605211A8020460CF0F9
:10925C0010FF0123A0F801600370A0F8035070BD4B
:10926C000379032B09D0172B05D0183B052B8CBF8A
:10927C0000200320704701207047037F03F0030395
:10928C00032B14BF05200420704700BFF0B44FF02F
:10929C00FF3441F6FF750021084A0026C2E900455B
:1092AC000027074A1F2011600021064BC3E9006705
:1092BC00054BC3E90001F0BCFEF70EBF70010020A6
:1092CC00F0190020200A00206801002010B582B09F
:1092DC00059C0D4B0D4AE31AA2FB032313F47F5F8D
:1092EC00C3F387120CD1023201210020084B0094E9
:1092FC00D2B2FDF727FD10F0FD0F03D102B010BD67
:10930C0000DEF0E700DEF9E7181A0020ABAAAAAAE3
:10931C00B593000070B502680446506DC0B10023CF
:10932C00916D5365D9B1002317264FF6FF754FF099
:10933C003C0C9365CB610E71CD800B624B628B62E2
:10934C008B8581F81CC08C60BDE87040FEF750BA6C
:10935C0000DE0023916D506D53650029E3D100DED2
:10936C00916DE0E70E4A0F4B12781A7000B97047F6
:10937C0010B54B7F82B001EB83031B6A01911C7803
:10938C00FEF7BEFA0199814201D102B010BD14F072
:10939C000E0F02D14B69002BF7D000DEF5E700BFB2
:1093AC000F3600200E360020024600B170470846EA
:1093BC0008B5054B012198600220FCF7E3FA00B9CF
:1093CC0008BD00DE08BD00BF1C04002003788BB173
:1093DC0010B50C4B00F11001996082687AB900222B
:1093EC00094C084BC0E9024101201146FCF7CAFAAE
:1093FC0018B910BD1030FFF78DBF00DE10BD00DEB8
:10940C009968ECE70C0400202193000038B5144C4B
:10941C006569D5F88C30BBB905F1800105F17C008C
:10942C00FCF72CFA0346C8B1C5F88C302868002527
:10943C0000F080FEA06D6561FEF7C8F9606DA56552
:10944C00FEF7B8F9656538BD00DE05F1800105F160
:10945C007C00FCF713FA03460028E5D100DEE3E7B5
:10946C00181A002070B52F4C84B094F85E30D907D0
:10947C0034D5636953B193F82C2042F0020283F87F
:10948C002C20636993F82C30DA073ED42548FEF77C
:10949C001FFA84423CD1237EDB0722D403AD022287
:1094AC0003210020204B00950392FDF74BFC29462D
:1094BC00FEF7FCF920BB1D48FEF746FA60BB1948C5
:1094CC00FEF712FA844225D163690BB1FFF79EFFB8
:1094DC0094F85E3023F0010384F85E30002004B071
:1094EC0070BD022603AD0321012200200E4B009516
:1094FC000396FDF727FC2946FEF7D8F90028CED0B5
:10950C000848FEF7F1F984420AD10C2004B070BD72
:10951C0000DEC0E700DED7E77830D0D000DECEE743
:10952C0000DEF2E7181A0020216F0000281A002034
:10953C0000B54B78511E10334FEAC30C037889B237
:10954C0003F00F03062B14D8DFE803F004291813DB
:10955C001313040043781033DB0003F21B320CEBC3
:10956C00020003F5B37313FB01F3184480B25DF8EA
:10957C0004FB40F253204FF4F373F4E790F801C06E
:10958C0001EB8103C3EB031040000CF11003DB0073
:10959C0000F23B1003FB020290B25DF804FB40F2B8
:1095AC00E33040F21623DEE74FF6FF7130B58B4205
:1095BC008BB09DF838C00F9C1AD02178154601311C
:1095CC00C9B22170002949D0002226490B818B7A1F
:1095DC00C1E900056CF300038B72234B04F11000FE
:1095EC00C860996001201146FCF7CCF9002837D1EE
:1095FC00207E10F0010505D11C4A1D4B11781B78FB
:10960C008B4201D00BB030BD0133042109A813707B
:10961C0006F01EF942F2107C164B174A17480593B8
:10962C001749099BA21AA0FB0202A1FB0301490BDB
:10963C000CFB113392090232013328460121CDE98A
:10964C0002550694049501950095D2B20993FDF745
:10965C005DFB10F0FD0FD5D000DED3E700DEB3E7E5
:10966C0000DEC5E7280A0020FC0300200F3600208E
:10967C000E36002071930000181A0020ABAAAAAA7B
:10968C005917B7D110B5144C204606F065FC04F1FF
:10969C000C0006F061FC06224FF4006E4FF0000C3B
:1096AC00042134F8043CA4F840E023F4437323F081
:1096BC00020343F00E0324F8043C637804EB8303A9
:1096CC005B6883F800C05A70637B04EB830003690A
:1096DC0019705A7010BD00BF341A00202DE9F043E8
:1096EC00654C8C4694F85E60644983B016F00106B4
:1096FC00054603C99DF82CE09DF8308000908DF84C
:10970C00041040F09C8061460129284608BF0020C7
:10971C000DEB0C01097815460EF007021F4652009E
:10972C0008F0030342EA032201F00E03B3FA83F3B9
:10973C00A4F85C0001F00F00218B5B0921F443714C
:10974C0021F002010A43617F228304EB8101D1F8ED
:10975C00208098F8001021F01F02024363F3451299
:10976C0088F8002002F00F02012A01F00F012ED020
:10977C0098F80130F3B9062298F8003005F001058D
:10978C0065F3861323F0800388F8012088F80030F5
:10979C0094F82930246104EB8304E36AAD015A7810
:1097AC0045F004051D700AB906225A70304603B004
:1097BC00BDE8F083012934D098F8003005F001059C
:1097CC0065F3861323F0800388F80030E0E7012965
:1097DC000FD098F80120BABB84F8346098F80030A8
:1097EC0003F00F03012B04D098F80130002BC2D0EA
:1097FC00E2E708F1080998F8003005F0010565F377
:10980C00861367F3C71388F800300C230A9A126882
:10981C00C8F808200A9A9288A9F8042088F8013020
:10982C00B6E794F8342004F1350108F108000FF084
:10983C00C9F994F83430063388F80130BCE70C26AB
:10984C00304603B0BDE8F083052A10D9063A08F17A
:10985C000809D2B249460A4884F834200FF0B2F90C
:10986C0098F8003003F00F03012BBDD1C3E700DEE5
:10987C0098F80120EAE700BF181A0020A49701000D
:10988C004D1A0020002800F034812DE9F04FB84C1F
:10989C008DB094F85E30DA0700F12781627F94F87E
:1098AC00293004EB8202166A04EB8303D3F82C8074
:1098BC000EB3354615F8020BC0F38010FDF7E8FA2D
:1098CC000368C6F802308388AB8033785B0606D514
:1098DC0006212846FBF7C2FF002800F032814546DE
:1098EC0015F8020BC0F38010FDF7D2FA0368C8F824
:1098FC0002308388AB80337813F00E0F40F08D80EC
:10990C0063691BB10C200DB0BDE8F08FFDF74CFF67
:10991C008146002800F01E81FDF752FF8246002888
:10992C0000F0158100F000FC0546002800F01981BC
:10993C004FF6FF738384D0F89C0005F1100B0028C0
:10994C0000F00A8105F1900205F18C01FBF792FF02
:10995C004FF4C0230027C5F89E31B5F88A3028464D
:10996C0023F4EF6323F0070343F48C7343F00103F8
:10997C00A5F88A3095F83730C5E9127703F03F0324
:10998C0063F07F0385F8373095F8A230C5F89C70EA
:10999C0023F0070385F8A23095F83C30A5F8A070A9
:1099AC0023F00F0385F83C3085F839706F85C5F8C6
:1099BC002E702F65A5F87071A5F8A471A5F89A7191
:1099CC0002F0CCFC85F87471C5F8789100F01EFE9D
:1099DC0095F8AC3160F3020385F8AC3100F01CFE55
:1099EC0095F8AC3160F3C50385F8AC3195F872315C
:1099FC0005F1F40067F3410385F8723102F0D8FAEF
:109A0C00C4E9159AC4F814B0C5E902772F702D611A
:109A1C0006F088F9002840F09680237E0121C3F3DC
:109A2C0042030DF12B008DF82B30FCF7C9F80246E0
:109A3C00002860D041463046FFF77AFD0025B4F887
:109A4C005C80C4E9025560602570FDF7E5F900F211
:109A5C001317B8F1000F07D1357805F00F05A5F1F4
:109A6C000105B5FA85F56D09207E616865F3000086
:109A7C00207610F0010045D0002002263D4A0491CA
:109A8C00099201910694DFF8F08010603B4A0BAD0F
:109A9C00032105923B463246CDE902000090CDF8F9
:109AAC001C8008950B96FDF7CFF82946FDF7FEFEB6
:109ABC0008BB334A3349009205913B4601220321EE
:109ACC00CDE90300CDE90100CDF81C800895069482
:109ADC000B96FDF79DF82946FDF7E8FE58B994F86A
:109AEC005E3043F0010384F85E3000200DB0BDE819
:109AFC00F08FFFF7B7BC6369002B3FF403AFFFF7A0
:109B0C0085FCFFE640F27122A8FB02254FF6FF759B
:109B1C00019202220491039501F51C51154D10314F
:109B2C0006940290009029601349099507911349F6
:109B3C000BAD05913B46032108950B92FDF784F87C
:109B4C00C9E71220DFE6FFF761FC0320DBE648469D
:109B5C00FDF730FE0720D6E605F19400C5F89C0011
:109B6C00F0E65046FDF732FE4846FDF723FEF1E7DE
:109B7C00181A00200C1A0020216F0000B595000067
:109B8C00728E1300D992000008B5FFF77BFD002000
:109B9C0008BD00BF08B5FFF765FC002008BD00BF7D
:109BAC0008B5064806F0E8F9044B03F10C0006F082
:109BBC00E3F9FFF767FD002008BD00BF341A002051
:109BCC00034A044B801AA3FB0030C0F38F1070477C
:109BDC00181A0020ABAAAAAA044A0068044B801ADF
:109BEC00A3FB0030C0F38F10704700BF181A002081
:109BFC00ABAAAAAA28B9044B93F85E0000F00100A6
:109C0C0070470020704700BF181A002070B504463A
:109C1C00237E8AB0C3F342030D460DF123000121CC
:109C2C0016468DF82330FBF7CBFF3146024628460B
:109C3C00FFF77EFC63680546834221D90022191A7E
:109C4C000192134A134B02910221A21AA3FB023276
:109C5C00002392090A4409910F4909AE059118464F
:109C6C000321CDE903330696D2B20093FDF74EF8EB
:109C7C003146FDF71BFE38B9656000200AB070BD97
:109C8C00FBD20021C21ADBE70C200AB070BD00BF6A
:109C9C00181A0020ABAAAAAA216F00001F295BD8B2
:109CAC002DE9F041437F0E4600EB83031F6A054606
:109CBC003B78904603F00F03012B82B04ED00DF190
:109CCC0007011C3006F0A4F93946044697F800C089
:109CDC0003780CF00F0C23F01F0343EA0C03037002
:109CEC003B7890F800C0C3F3401363F3451C80F835
:109CFC0000C03B785FFA8CF7C3F3801363F38617CD
:109D0C00077011F8023BFFB2DB0963F3C717062299
:109D1C0000F8027B0EF063FF3246414604F1080066
:109D2C0006360EF04FFF667095F85E30DB0706D4F2
:109D3C009DF807306B77002002B0BDE8F08195F8F4
:109D4C002930214605EB83032846DA6AFFF75EFFCC
:109D5C000028EDD00C20EFE7122070470A4680F85F
:109D6C003460414635300EF02DFFE4E703460A46D9
:109D7C0001481946FFF792BF181A00201F295FD817
:109D8C002DE9F04190F829300F4600EB8303DE6A91
:109D9C000446904682B000F12805002E41D028469A
:109DAC000DF1070106F034F9314606220546037819
:109DBC00BE1823F03F0343F00403037011F8020BA9
:109DCC00DBB2C0F3801003F03F0343EA80132B7027
:109DDC006E70A81C0EF003FF3A46414605F10800D0
:109DEC000EF0F0FE94F85E30DA0707D400209DF8F0
:109DFC00073084F8293002B0BDE8F0814123627F3E
:109E0C0004EB8202116A0A7802F00F02D340DB07DE
:109E1C00ECD52A462046FFF7F9FE0028E6D00C20A8
:109E2C00E9E7284606F098F8C0B258B994F82930FA
:109E3C0004EB8303DE6A0423337006237370AEE7EE
:109E4C00122070470720D6E703460A4601481946F8
:109E5C00FFF794BF181A00200146002208B5054BE5
:109E6C00012099601146FBF78DFD00B908BD00DE9D
:109E7C0008BD00BF2C040020836801465A6892F884
:109E8C002730DB0901D100DE7047083104F0A6BF92
:109E9C002DE9F0410546076882B04FF4D872244989
:109EAC003846FBF7C7FC05F17C06294606F0A8FDF1
:109EBC003146D5F8800001AAFBF7FCFC10B34FF635
:109ECC00FF781C4C94F8412094F84010531CDBB2E2
:109EDC00082B08BF0023994225D0019904EBC20C32
:109EEC0024F83280CCF804100A680260019A1060E1
:109EFC003146D5F8800001AA84F84130FBF7DAFC32
:109F0C000028DFD1D7F8780107F5BC7138B10023F0
:109F1C00C7F87831FDF7D6FD02B0BDE8F08100DE60
:109F2C00D7F87801F3E700DE00231B80FFDE00BFCB
:109F3C00380A0020481B002010B50C4630B92046CA
:109F4C00FDF7F0FC844200D000DE10BD00DEF6E729
:109F5C0010B50C4630B92046FDF7D8FC844200D031
:109F6C0000DE10BD00DEF6E710B50C4640B9074B1D
:109F7C000246012102209C60FBF704FD20B910BDB4
:109F8C00FDF7BEFC8442FAD000DE10BD4C0400206C
:109F9C0000B9704700B583B00191FDF7CFFC019972
:109FAC00814202D103B05DF804FBFDF7A9FC0199D5
:109FBC008142F7D000DEF5E72DE9F04304468BB083
:109FCC008846012002211E46914608F04BFA0022D9
:109FDC00022107460120FBF7A1FC4FF4D8721D4962
:109FEC002046FBF727FC1C4BC51CEDB200932A4600
:109FFC003346012100200194FCF7D8FE10F0FD0F30
:10A00C0026D108940694CDF80490616800204FF690
:10A01C00FE742A46114D04910795114D33460121CA
:10A02C00CDE90204CDF800800595FCF7F1FD10F0A8
:10A03C00FD0F0BD117B90BB0BDE8F0830122022143
:10A04C0010460BB0BDE8F043FBF768BC00DEF1E74F
:10A05C0000DED6E7380A00205D9F0000459F000017
:10A06C003DED000010B5144B01224FF4D87113488C
:10A07C00FBF790FB00224FF4D8711048FBF7D6FB8E
:10A08C004FF6FF7C04460E4BA4F824C0181D032287
:10A09C002421FBF77FFB0B4B0722181D0821FBF734
:10A0AC0079FB02F03FF9032300200749074C084ACB
:10A0BC0023700860137010BD981A0020380A002015
:10A0CC00D81A00209C1A0020B01B0020113600204A
:10A0DC001036002010B5037883B1104B00F110013D
:10A0EC0099608268BAB900220D4C0C4BC0E9024150
:10A0FC0001201146FBF746FC58B910BD03F0FF02D6
:10A10C00084B1030986011460120FBF73BFC0028EF
:10A11C00F3D000DE10BD00DE9968E4E73C040020BB
:10A12C00659E00002C0400200148FBF757BB00BFC4
:10A13C00981A00200149FBF765BB00BF981A002054
:10A14C004FF4D8720149FBF775BB00BF380A0020E9
:10A15C00024620B94FF4D8710248FBF767BB0020C8
:10A16C00704700BF380A002060B9024608B54FF4AA
:10A17C00D8710548FBF75AFB10B1838C03B908BDA5
:10A18C00002008BD00207047380A00200148FBF76A
:10A19C0025BB00BFD81A00200149FBF733BB00BF19
:10A1AC00D81A002000283DD138B502460D461F486C
:10A1BC004FF4D871FBF73AFB0446F0B1828CE2B94C
:10A1CC001B4890F821C090F820100CF10103DBB271
:10A1DC00042B08BF0023994221D020F83C2000EB2F
:10A1EC00CC0CCCF8045080F82130237843B994F986
:10A1FC003730002B0EDB002038BD6FF0150038BD5A
:10A20C000C4B012103209C60FBF7BCFB94F937300D
:10A21C00002BF0DA0021204604F0ACFFEBE76FF0E6
:10A22C00680038BD6FF01500704700BF380A002079
:10A23C008C1B00205C0400202DE9F04782B0BDF897
:10A24C002870BDF82C80BDF8309098B90C46154696
:10A25C004FF4D871024619481E46FBF7E7FA8246BE
:10A26C0040B1838C33B96CB1022C07D0012002B001
:10A27C00BDE8F087022002B0BDE8F087ADB902F06E
:10A28C00C7FA0EE00D9C43463A463146CDF8009095
:10A29C00019402F047FA0028EDD19AF93730002BDF
:10A2AC0007DB002002B0BDE8F087294602F0C0FAB7
:10A2BC00F7E70146504604F05DFFF2E7380A00204C
:10A2CC00E8B938B502460C460E484FF4D871FBF786
:10A2DC00ADFA054650B1838C43B902F08BF938B115
:10A2EC000368236003792371002038BD022038BD38
:10A2FC00D5F83230236095F836302371F4E702201C
:10A30C00704700BF380A002038B510B1022420462F
:10A31C0038BD02460C4615484FF4D871FBF786FA47
:10A32C00054600B3838CF3B91A2C15D8042C17D915
:10A33C000F4BE340DB0713D52146284602F040F9CA
:10A34C0004460028E3D195F93730002BDFDA0146BB
:10A35C00284604F00FFFDAE7292CEDD03B2CEBD08C
:10A36C001224204638BD0C24204638BD380A002063
:10A37C002000380438B5A0B902464FF4D8710D4806
:10A38C00FBF754FA054660B1838C53B9012102F0F6
:10A39C00C5F8044618B995F93730002B04DB204674
:10A3AC0038BD0224204638BD0146284604F0E2FEA2
:10A3BC00204638BD380A002038B598B902464FF40B
:10A3CC00D8710D48FBF732FA054658B1838C4BB95E
:10A3DC0002F0BCF8044618B995F93730002B04DBB1
:10A3EC00204638BD0224204638BD0146284604F0DC
:10A3FC00C1FE204638BD00BF380A0020C8B938B5A8
:10A40C000D4614464FF4D87102460B48FBF70EFA72
:10A41C00034660B1808C50B993F88A20C2F30202D3
:10A42C002A7093F88B30C3F30203237038BD0220DB
:10A43C0038BD0220704700BF380A00208446034A0A
:10A44C00034B002082F800C01970704711360020B1
:10A45C0010360020F0B583B000BB0F4616464FF403
:10A46C00D871024614481D46FBF7E0F90446A8B122
:10A47C00838C9BB9D0F85031DB0513D52B460125C5
:10A48C0032460095394602F073F8054618B994F92E
:10A49C003730002B0ADB284603B0F0BD02252846D6
:10A4AC0003B0F0BD1A25284603B0F0BD0146204686
:10A4BC0004F060FEEFE700BF380A002018BB10B5AF
:10A4CC0002460C4611484FF4D871FBF7AFF9C0B1F6
:10A4DC00838CB3B9C28CB0F89C31052A0CD84FF4DC
:10A4EC00FA7102FB033301FB03F3094A0020A2FBC0
:10A4FC0003235B0B238010BD40F2E24102FB03F30C
:10A50C00F1E7022010BD0220704700BF380A00207E
:10A51C005917B7D148BB10B502460C4614484FF436
:10A52C00D871FBF783F9F0B1838CE3B942F2107266
:10A53C0002FB04F1C38C0139052B0AD84FF4FA72D3
:10A54C0003FB02231944B1FBF3F1A0F89C1100208A
:10A55C0010BD40F2E24202FB03F31944B1FBF3F1EC
:10A56C00A0F89C11F3E7022010BD0220704700BF39
:10A57C00380A002008B5FFF775FD002008BD00BFA4
:10A58C0038B500224FF4D8711948FBF74FF904463F
:10A59C0058B32146032004F11002FDF7FFF90546DC
:10A5AC0010B110F1780F0BD10025124A124BC4F8E0
:10A5BC009C501584A3F84050FFF754FD284638BD35
:10A5CC0040F24D730D4A0E490E480BF015FB2A460E
:10A5DC0000210D480BF010FB002383F31188BFF30F
:10A5EC006F8F0323184602DFDEE700DED1E700BFE2
:10A5FC00380A00208C1B0020481B0020249B0100E3
:10A60C00649B01007C9B01009C9B0100014B187812
:10A61C00704700BF11360020014B1878704700BFFF
:10A62C00103600208A6808601368187828B19A6878
:10A63C0052B9084AC3E902217047526892F8273090
:10A64C00DB0903D100DE704700DEF2E70846083173
:10A65C0004F0C4BB859E00000B68DA88002A37D151
:10A66C0070B50C4606464FF4D8711B48FBF7DEF864
:10A67C000546F0B1838CE3B902F016F92268137F1A
:10A68C0003F00303032B08D1012313713146284631
:10A69C002268BDE8704002F01BB973B195F87231B5
:10A6AC009A0705D53D23012285F8743123681A7168
:10A6BC0070BD012223681A7170BD95F872319B0729
:10A6CC0003D53D2385F8743122680123137170BDC5
:10A6DC0001221A71704700BF380A00204FF6FF7C28
:10A6EC0010B50446808C60450CD02046A4F834315B
:10A6FC00C4E94B1201F0A4FE94F8723113F001007E
:10A70C0002D110BD00DEF0E723F0010384F87231B2
:10A71C006FF08B0010BD00BF70B51C4C064694F852
:10A72C0021201DE04FF4D8711948FBF77FF86968B8
:10A73C0008B3838CF430F3B901F05EFC94F820106C
:10A74C0094F821204B1C8A42DBB206F1FF3604D070
:10A75C00042B08BF002384F8203016F0FF0613D01A
:10A76C0094F8203093420FD034F8332004EBC30517
:10A77C00002AD7D069680B794FF6FF7023F00303DA
:10A78C000B71FDF775F8D9E770BD00BF8C1B00206D
:10A79C00380A0020F0B5324A0B46146883B0A04248
:10A7AC0008BF0021054608BF11601822808C0121CA
:10A7BC0085F8943185F87C21A5F87E01284601F0B6
:10A7CC0049FE05F1F406284601F058FE304601F02A
:10A7DC00FBFB304601F030FC044628B3037905F14D
:10A7EC00900703F00303032B0CBF03460023036005
:10A7FC001C48FAF7F3FFA8B121463A46FBF748F894
:10A80C00304601F019FC044670B1037903F00303E0
:10A81C00032B0CBF0346002303601248FAF7DEFF3C
:10A82C000028E9D100DEE7E7AA8C012103320020E1
:10A83C000D4B0095D2B2FCF785FA10F0FD0F08D144
:10A84C004FF6FF73FF20AB8403B0BDE8F040FFF779
:10A85C0063BFFDF755F88542F2D000DEF0E700BF8C
:10A86C00B01B00209C1A0020759F00004FF6FF7350
:10A87C002DE9F04184688CB0A28C9A4200F0CE8015
:10A88C000546204602F010F82B7D012B00F0F580D8
:10A89C00022B00F0C68033B994F8A23003F01803F1
:10A8AC00182B00F02C8194F87481B8F1000F40F053
:10A8BC00BC802B8ACDE90A88E68D94F93720002BD1
:10A8CC0000F0BA80002AC0F230810023A4F8A03135
:10A8DC00AB7CA78D03F003030137012BBFB200F053
:10A8EC00C880B4F8A431002B00F0CD80BB4240F2FC
:10A8FC004781DB1B9BB2062BA4F8A4318CBF002331
:10A90C00012300229846E28594F83C20394663F3F3
:10A91C00820284F83C2020460DF1270201F05AFDFA
:10A92C00743000F02781B4F89E312BB1BB4240F259
:10A93C00CF80DB1BA4F89E31B4F89A312BB1BB420B
:10A94C0040F2D680DB1BA4F89A31E58DB8F1000FEC
:10A95C0002D1AE4200F0BA800135ADB294F8E530C8
:10A96C0013F0010609D1DDE90A73002B41D1002F48
:10A97C0000F0F7801E4619463CE094F9372023F08E
:10A98C000103002A84F8E530C0F2978094F88A001D
:10A99C00C0F3C00100F0070005F01EF8014694F862
:10A9AC008A20E38B666803F23F1002F0030328331E
:10A9BC00C2F34002DB00D340B3F5A07F2CBFC0181C
:10A9CC0000F5A07094F88B3003F003022832C3F327
:10A9DC004003D200DA40B2F5A07F2CBF831800F5FB
:10A9EC00A07358188642DDE90A7380F0B480861B88
:10A9FC0060600021A28C8148246903320291059089
:10AA0C0001210020CDE90358069401960097D2B29B
:10AA1C00FCF77CF910F0FD0F40F0B7800CB0BDE8EE
:10AA2C00F0813D23984684F87431414620460CB0A1
:10AA3C00BDE8F041FFF7AEBE002AB8BF84F8E9804C
:10AA4C00AB7CA78D03F003030137012BBFB210D0F1
:10AA5C00B4F8A031002B3FF444AFBB4240F29C80D1
:10AA6C00DB1BA4F8A031B4F8A431002B7FF43EAF6B
:10AA7C004AE70023A4F8A43146E70023A4F89E314A
:10AA8C00A4F89A310FE7E38C42F21071052B8BBFBF
:10AA9C0040F2E2424FF4FA725A4303FB0222B4F83A
:10AAAC00A23101FB0323013BB3FBF2F39BB2A4F8ED
:10AABC00A431002B7FF41AAF26E794F88B00012108
:10AACC0000F0070004F08AFF014668E7454645E7B9
:10AADC00FCF7BCFE0146002865D00023A4F89E318B
:10AAEC001B23A28C0371C2800068FCF781FE23E754
:10AAFC0000232046A4F89A3101F0FEFC25E7218DB5
:10AB0C00B4F89C218B1D9A42D2BF1346931F5B1A3B
:10AB1C00B4F89811C8BF9BB2994257D0A4F8983199
:10AB2C00A4F89A31A4F89E21BDE694F8E930002BE4
:10AB3C003DD0013B84F8E93004F1F407384601F0CC
:10AB4C0079FA002856D0384601F074FA002843D020
:10AB5C000023E385B9E6311A6060ABBB51EA07020A
:10AB6C001FD11DB9B8F1000F3FF458AF0026314684
:10AB7C0033463FE720469DF82710FFF70BFE4DE7C5
:10AB8C0008212046FFF706FE48E7FCF7B9FE844291
:10AB9C003FF444AF00DE41E73E212046FFF7FAFDCB
:10ABAC003CE71E4626E70123A4F89E31C4E60AAA18
:10ABBC0028460BA9FDF7C0F8DDE90A231343BBD0E7
:10ABCC00237884F8E930B7E7002613E7B4F89E1130
:10ABDC0000297FF468AEA3E70246D4E92301FAF713
:10ABEC0061FE0028B4D194F83C301B0744BF238D80
:10ABFC00E3856AE6FF20FFF78FFDA4E79D9F000029
:10AC0C0038B505460120FFF787FD05F1F40001F08A
:10AC1C0013FAA8B1044603790A4803F00303032B83
:10AC2C000CBF234600232360FAF7D8FD30B1214630
:10AC3C0005F19002BDE83840FAF72ABE00DEF6E7CF
:10AC4C0038BD00BF9C1A002021B3F8B54D1EEDB2E3
:10AC5C0000F1F40700F1900613E023790E4803F09D
:10AC6C000303032B0CBF234600232360FAF7B6FD26
:10AC7C0070B1013D32462146EDB2FAF709FEFF2DC7
:10AC8C0005D0384601F0D8F904460028E5D1F8BDC6
:10AC9C0000DEEEE7704700BF9C1A00200149FAF76E
:10ACAC00B1BD00BF9C1A0020014B93F841007047C6
:10ACBC00481B002000B50A4B93F840C093F841E0C4
:10ACCC00F4450BD080F800E033F83C0003EBCC03E8
:10ACDC0008805B68136018685DF804FB0020FBE7D4
:10ACEC00481B0020074B93F840C0844508D003EB69
:10ACFC00CC0033F83C300B80436813601868704705
:10AD0C0000207047481B0020094A92F8401092F826
:10AD1C0041308B4209D04B1CDBB2082B08BF0023FF
:10AD2C0052F8310082F8403070470020704700BF65
:10AD3C00481B002000B50D4A92F841C092F840E043
:10AD4C000CF10103DBB2082B08BF00239E4509D090
:10AD5C0022F83C0002EBCC0CCCF8041082F8413009
:10AD6C005DF804FB00DE00231B80FFDE481B002087
:10AD7C0070B55379144605460E46002B39D023790D
:10AD8C0003F00302032A0CD04FF6FF72954204BF66
:10AD9C0023F00303237121462846BDE87040FCF7DD
:10ADAC0067BD4FF6FF739D4206D13368A3421AD09C
:10ADBC00002BF0D000DEEEE7EDB92A464FF4D87147
:10ADCC001148FAF733FDE0B1214601F04FFD33682D
:10ADDC00A342EDD100224FF4D8710B48FAF726FDAF
:10ADEC0008B1838C03B100202146BDE8704001F00E
:10ADFC00EBBA00DEC3E700DE0020214601F036FD91
:10AE0C00D3E700DEE0E700BF380A00201B207047C4
:10AE1C00704700BF90F8723143F0020380F8723132
:10AE2C00704700BF90F8723123F0020380F8723142
:10AE3C00704700BFB0F87031B0F83421981880B268
:10AE4C00704700BF0278038E12B1581E80B2704753
:10AE5C00418DB0F834215818104480B2704700BFAF
:10AE6C002DE9F04F87B0BDF84440CDE9032302949F
:10AE7C000446B0F87051B0F8343190F88A00019162
:10AE8C00C0F3C00100F00700BDF84C901D44BDF8A4
:10AE9C004080BDF848B0D4F82C6104F09DFDE28CE4
:10AEAC00ADB2A5EB0907052ABFB240F2CF8040F244
:10AEBC00E24312FB07F292B2B8F1050F40F29E800A
:10AECC0094F88BE094F88AC00EF003012831CEF38D
:10AEDC00400EC90021FA0EF1B1F5A47F38BF4FF432
:10AEEC00A4710CF0030E0EF1280E4FEACE0ECCF32B
:10AEFC00400C2EFA0CFCBCF5A47F2CBF614401F570
:10AF0C00A47105914FF00B014FF0961AA4F876102E
:10AF1C0005994FF0960E01F2D51108446D494FF08A
:10AF2C00070CC4F81CA0C4F860A0C4F86610C4F8E0
:10AF3C006E10C24640F2E241A4F820E084F864C0EE
:10AF4C00A4F86AE0A4F872E084F86CC084F874C0C9
:10AF5C0003FB02F201FB0AFAB61A013A5244B2FBA5
:10AF6C00FAF2B4F87011B4F82AC0A9EB05056060C8
:10AF7C00B4F8340194F837301544ADB2014484442C
:10AF8C0029441FFA82F96544DB090AFB0966A4F817
:10AF9C007011658561D100DE00255746029B514634
:10AFAC0020462385A4F82680A4F8A2B101F03EFA2D
:10AFBC00494B218D5344B3FBFAF3881D9AB290424E
:10AFCC00A4F89C2104D2C1F57F41FA310A4492B213
:10AFDC00019BA4F8982113B10023A4F8A4313346A3
:10AFEC003A4629462046FEF7E7FF94F8723143F0C3
:10AFFC00010384F8723107B0BDE8F08F072184F8A3
:10B00C00641084F86C1084F8741034214FF0341CE4
:10B01C00962021840B21C4F81CC0ACF1290CC4F877
:10B02C0066C0C4F86EC0DFF8B4C008F1010AA4F819
:10B03C006A00A4F87200A4F8761040F213104FF4D2
:10B04C00FA71C4F860C01FFA8AFA81E7013212FB68
:10B05C0007F24FF4FA7392B22EE70023226CC4F875
:10B06C00F030A36C02FB003302FB1733A36404F033
:10B07C009FFE074694F8E800C0F3420004F09AFEE5
:10B08C0007440AFB07F7164B07F5742707F23F270F
:10B09C00A3FB0737BF0C09FB07F2A36CB61A1A44C3
:10B0AC004FEA5A03963B9A4228BF1A4640F2E241B5
:10B0BC00C4E91132039B049A01FB03F32365094B8A
:10B0CC002764A3FB0235AD0A01FB05F5AAEB0707C4
:10B0DC0064E700BF0B0096007FC3C90134009600E3
:10B0EC0083DE1B435917B7D10B4610B504461A68BB
:10B0FC003230C4F832201B7905210371FAF760FD58
:10B10C0094F8373060F3050384F8373010BD00BF76
:10B11C0070B5B0F858100346B0F85A00342938BF4F
:10B12C0034210024342838BF342093F88A20D3F8F3
:10B13C005CC002F0070E61F30F0493F88B2060F3F0
:10B14C001F44A3F85A003CF47F4002F00705C3F8F3
:10B15C008040B3F85E20A3F8581005D093F85C003B
:10B16C00A3F8862083F8840002F0010002F00206A6
:10B17C0012F0080219D1002834D093F9374093F813
:10B18C005C00002C3EDB054257D1002E51D01EEA4C
:10B19C00000F4ED0988B884277D09983002283F889
:10B1AC005C20A3F85E20012070BD5C8C5984621A6F
:10B1BC0018BF01220028E0D1002E3AD093F9374075
:10B1CC0093F85C00002CE2DA054232D0DC8B962935
:10B1DC00084638BF96208C4252D041EA0042C3F850
:10B1EC001E20DBE766B193F9372093F85C00002A48
:10B1FC0037DB1EEA000F03D09A8B8A42CDD199839C
:10B20C00002070BD1EEA000F11D09C8B99838C42DC
:10B21C000DD0002EC2D00542C0D0D88B96290A463C
:10B22C0038BF9622884234D041EA0242D7E7002E3A
:10B23C00CAD1002AB2D10020E3E7DD8B96290C4657
:10B24C0038BF96248D4218D0002261F30F0264F3AC
:10B25C001F42C3F81E20002EA0D01EEA000F9DD066
:10B26C009BE70542CCD0D88B96290A4638BF96224C
:10B27C008842D9D1D9831A84C2E71C84D98384E744
:10B28C00D9831884002AD6D088E79983002AD2D093
:10B29C0084E7D9831A8481E780F85C30A0F85810D1
:10B2AC00C38B818BBDF800C08B4238BF0B469342D9
:10B2BC0038BF1346A0F85EC0A0F85A30704700BFE4
:10B2CC0070B5034607224FF0961496214FF0030EEB
:10B2DC004FF00B0C0E4D0F4EA3F886E0A3F876C082
:10B2EC00DC6159849E65C3F880401C6683F8842019
:10B2FC0083F86420C3F86650A3F86A1083F86C20B6
:10B30C00C3F86E50A3F8721083F87420002070BD3F
:10B31C000B0096003400980008B50022D0E92301F8
:10B32C00FAF7C0FAB0FA80F0400908BDF8B5064645
:10B33C000C4600F067FF054688B32F1D384602F017
:10B34C008DFAEB7929466373304600F071FF304675
:10B35C0003F0AAFA0023EA68A968C4F84720C4F8E5
:10B36C0043102A69C6F8C020A569A361ADB10323B7
:10B37C002F792B71B38C204605F11C01EB8002F068
:10B38C0057FA2E2F02D00423A372F8BD2946286841
:10B39C00FCF72EFA0423A372F8BD00DEE7E700DE0B
:10B3AC00CBE700BF70B504460D4600F023FF10B983
:10B3BC000623AB7270BD04F1A3063346002205F1DF
:10B3CC003B0105F12B0007F091F90022D4F8AB30CA
:10B3DC00D4F8AF10C4F8CC30C4F8D010D4F8BC30CA
:10B3EC00D4F8C010C4F8DD30C4F8E11094F8BB30C8
:10B3FC0094F8DC10D4F8A700D4F8A3C062F30001D1
:10B40C0043F00103C4F8C80084F8DC102046294638
:10B41C00C4E93522C4F8C4C084F8B32084F8B4203D
:10B42C0084F8B52084F8B62084F8B72084F8B820C6
:10B43C0084F8B92084F8BA2084F8BB3000F0E2FE1E
:10B44C000646A8B1301D02F021FAF37931466B7330
:10B45C00204600F0EDFE204603F026FA4FF4C163BF
:10B46C006B8194F8A23043F0080384F8A23070BDCD
:10B47C0000DEE7E770B50C46897A054682B00D29E7
:10B48C0000F23481DFE801F060686B9DAC07070CBB
:10B49C001836393E5154002A00F0B48002B070BD09
:10B4AC00002AFBD12146284600F0A4FE002840F0DB
:10B4BC00F7800723A372F1E7022AEFD10023A069DA
:10B4CC00A361002800F02F8103230371AB8CC38090
:10B4DC00237A052B00F00F81062B00F0098100DE8A
:10B4EC002146284600F086FE002840F09280092371
:10B4FC00A372D3E7002AD1D1F2E7002ACED10B23D5
:10B50C00A372CBE7072AC9D12846012100F094FE8B
:10B51C002846FFF77FFC2146284600F06BFE0028EA
:10B52C0040F0A1800C23A372B8E7002AB6D1F2E751
:10B53C00082AB3D140F20233638195F8A23023F08C
:10B54C00100385F8A230A9E7002AA7D1237A062B8D
:10B55C00D5D00223A372A1E7002AFAD09EE7012AD4
:10B56C009CD111462846019300F066FE2846FFF751
:10B57C0051FC284601F0CEFE019B284659689A687A
:10B58C00C4F82110C4F825201A7B84F829205A7B92
:10B59C0084F82A20D3F80E10D3F81220C4F83B10EC
:10B5AC00C4F83F20D3F816302146C5F8BC3000F063
:10B5BC0021FE78B12146284602B0BDE87040FFF765
:10B5CC00B5BE002A7FF46AAF2146284600F012FE71
:10B5DC000028EFD1204600F04FFE0323A3725DE755
:10B5EC00032A0CD0042A7FF459AF062140F20362DF
:10B5FC00072384F82010A4F84D20A3724EE70523EE
:10B60C00A3724BE72146284602B0BDE87040FFF715
:10B61C00C9BE2146284600F0F5FD0646002800F07C
:10B62C008680301D02F03CF9F3793146637328466D
:10B63C0000F0FEFD284603F037F9284603F09CFA8B
:10B64C0000230121A372284600F00AFE2846FFF7CA
:10B65C00E9FB284601F062FE95F8A23043F0100396
:10B66C0085F8A2301AE72146284600F0CBFD0646A5
:10B67C0000285AD0301D02F01DF9F379314663735E
:10B68C00284600F0D5FD284603F00EF940F60D33A0
:10B69C00638195F8A23023F0080385F8A230FDE60B
:10B6AC002146284600F0AEFD0646002841D095F80C
:10B6BC00403194F84E10301D1BB1D5F850315B075A
:10B6CC001DD402F001F9F37931466373284600F07A
:10B6DC00AFFD284603F0E8F8284603F04DFA94F83D
:10B6EC002030062B11D0242B3FF4D8AE00DED5E64B
:10B6FC001A230371F4E61C3002F0D2F8F0E60A4685
:10B70C0094F84D1002F0ECF8DDE701212846A17207
:10B71C0000F0A6FD2846FFF785FB284602B0BDE8E1
:10B72C00704001F0FBBD00DECEE600DEA2E700DEDD
:10B73C0077E700DEBBE700BF92F81FC002F11C03E5
:10B74C00ACF10302082A06D8DFE802F01205050F57
:10B75C000505050C09003D2380F87431704708225B
:10B76C00FFF788BE0722FFF785BE0222FFF782BED5
:10B77C000122FFF77FBE00BF8B7A042B06D002D9C3
:10B78C00053B082B00D8704700DEFCE705238B72C5
:10B79C00704700BF8B7A042B06D002D9053B082BCF
:10B7AC0000D8704700DEFCE7062040F20362072356
:10B7BC0081F82000A1F84D208B727047887AA0F197
:10B7CC000400B0FA80F04009704700BF1346002215
:10B7DC00FFF750BE70B591F826300C46042B0ED9ED
:10B7EC0091F827201121012584F82210134313F01E
:10B7FC00070312D1012584F82230284670BD032B93
:10B80C0007D091F82720042AECD8032A01D0002570
:10B81C00ECE71123012584F82230A68CFFF712FBEC
:10B82C00801B0304E9D42823E4E700BF10B50023F0
:10B83C000C468969A36131B394F82130DB071DD51F
:10B84C000B792E2B1DD11D230B71838CCB8094F87F
:10B85C0022300B7790F88B30C3F302038B7790F880
:10B86C008A30C3F302034B770868FBF7C1FF94F8E7
:10B87C00213023F0010384F8213010BD01230B711A
:10B88C00F2E700DEDFE700DED6E700BF70B5054665
:10B89C000C4601F037FD10B10123A37270BD284690
:10B8AC0002F0F0FF0028F7D12146284600F0A2FC58
:10B8BC000028F1D0284602F0E3FF0728ECD0012144
:10B8CC00284602F0D7FF0D21284602F0D7FF162399
:10B8DC0021462846637300F095FC0646E061B0B340
:10B8EC000022637B6661162BE26109D000DE2846DC
:10B8FC00314600F09DFC2846BDE8704001F012BDB9
:10B90C0094F8203095F8AC21C3F3C20363F3C5025D
:10B91C0085F8AC2194F8202095F8AC31204662F3E0
:10B92C00020385F8AC3194F8203095F88A20C3F3E3
:10B93C00801363F3C30285F88A20311D01F0EAFFFE
:10B94C000221284600F078FC0223A372CFE700DE28
:10B95C00E669C5E770B505460C4602F09DFF10B1CF
:10B96C000223A37270BD2146284600F043FC002838
:10B97C00F6D0284602F084FF0728F1D00D21284686
:10B98C0002F07CFF172321462846637300F03AFC33
:10B99C000646E061B8B10022637B6661172BE26159
:10B9AC0009D000DE2846314600F042FC2846BDE8AE
:10B9BC00704002F079BF2846311D01F0CFFF41F6EF
:10B9CC0003036381EEE700DEE669E4E790F88A3072
:10B9DC0010B403F00702042A08BF022390F88B204E
:10B9EC001CBFC3F3020303F1FF3302F0070118BFBE
:10B9FC00DBB200EBC303042918BFC2F30202B3F895
:10BA0C00661016BF02F1FF320222D2B201F002041C
:10BA1C00C9071DD590F93710002914DB002C38D03C
:10BA2C00B3F860300C32A0F88030838300EBC20393
:10BA3C00DB88D90719D4990703D590F93730002B37
:10BA4C0013DB10BC7047B3F86010A0F88010818332
:10BA5C0094B190F937100029E2DA0C3200EBC203F2
:10BA6C00DB88D907E7D59B07EBD530F8323010BC13
:10BA7C00A0F88030C38370470C3200EBC203DB8824
:10BA8C00DC07D8D590F937100029EEDA9B07ECD4F7
:10BA9C00D7E70C3200EBC203DB88DC07E5D4CAE73E
:10BAAC0070B50C46897A0646154682B0092906D827
:10BABC00DFE801F0080D454805056C058CAD00DE8E
:10BACC0002B070BD002DFBD10123A372F8E719461B
:10BADC00204601F035FF94F8202096F8AC31C2F3E3
:10BAEC00C200C3F3C2010140C2F30200034043EAA7
:10BAFC00C10322F03F02134384F8203096F937300B
:10BB0C00002B0BDB94F8203013F0380F40F08F80B3
:10BB1C0094F8203023F03F0384F820300221304683
:10BB2C0000F08AFB012DCBD196F83730DB09C6D05B
:10BB3C002146304602B0BDE87040FFF70BBF002D28
:10BB4C00BED1F5E7022DBBD190F93730002B80F236
:10BB5C00A480544B94F8205093E8030002AB03E903
:10BB6C00030096F88A3002211A462B4303F0070390
:10BB7C006B441D783046062365F3061286F88A203E
:10BB8C00A37202B0BDE8704000F06ABB032D97D1E0
:10BB9C001946204601F0F8FE21463046FFF71AFE02
:10BBAC000546204600F068FB002D44D094F8223066
:10BBBC0096F88A20282B08BF86F874311346092181
:10BBCC0062F3061386F88A30A17279E7002D7FF4B0
:10BBDC0077AFFFF72FF9A38CC01A03043FF570AFB2
:10BBEC0084F8225096F93730002B2ADB002294F887
:10BBFC002130092162F3000384F8213096F88A2061
:10BC0C00134662F3061386F88A30A17258E7042DA6
:10BC1C007FF456AF2146FFF709FE304602F0ACFF29
:10BC2C000021304602F02AFE0023A37248E75A078F
:10BC3C007FF474AF6CE7304602F03CFE0823A3722D
:10BC4C003EE794F8271096F88B2011F0030194F836
:10BC5C00263002F0070516D096F88A0013F003037D
:10BC6C00844661F3020C00F0070086F88AC016D0F7
:10BC7C0063F30202884286F88B200BD03046FFF724
:10BC8C00A5FE0122B3E713F00303AFD063F3020266
:10BC9C0086F88B20AB42F1D1A8E700DE59E7884249
:10BCAC00ECD1A3E7AC97010070B5D37F0546112BFF
:10BCBC000C4602F11C063ED0182B09D0072B13D0D2
:10BCCC00242380F8743101F0DBFB0023A37270BDD8
:10BCDC008B7A062B40D003D8022BF8D900DE70BD2E
:10BCEC00083B012BFAD870BD8B7A062BF3D10021BF
:10BCFC0002F0C0FD1A222046D5F8503123F480738F
:10BD0C00C5F8503184F8222000F0B6FA94F82130AE
:10BD1C00092643F0010384F8213095F88A2028463F
:10BD2C00134662F3061385F88A30A6720221BDE829
:10BD3C00704000F095BA8B7A062BCCD13146204658
:10BD4C0001F0E0FD94F84E302846002184F82230B2
:10BD5C0002F090FD2046D7E790F93730002B3FDA00
:10BD6C000221284602F086FD3146204601F00CFEE9
:10BD7C0021462846FFF72EFD0646204600F07CFAA9
:10BD8C009EB994F827302BB195F88A2063F30612EC
:10BD9C0085F88A20284601F0CFFA0823A37228469A
:10BDAC00BDE87040022100F05BBA0021284602F089
:10BDBC0061FD94F822300BB185F8743194F8203081
:10BDCC0094F82120DB0963F3000284F8212095F814
:10BDDC008A1009230A4661F3061285F88A20DDE7EA
:10BDEC0000DEBDE738B58B7A0C460546092B06D824
:10BDFC00DFE803F007070605050506050B0600DE60
:10BE0C0038BDBDE83840FFF741BDFFF713F8A38CF0
:10BE1C00C01A0304F4D495F93730002B19DB002138
:10BE2C00284602F027FD002294F8203084F82220C6
:10BE3C00DB0994F82120092163F3000284F8212006
:10BE4C0095F88A20134662F3061385F88A30A1729E
:10BE5C0038BD94F8271095F88B2011F0030194F855
:10BE6C00263002F0070C1CD095F88A0013F003035F
:10BE7C00864661F3020E00F0070085F88AE01AD0BE
:10BE8C0063F30202884285F88B2011D02846FFF715
:10BE9C009DFD002102F0EEFC0022012384F82220FB
:10BEAC00C7E713F00303BAD063F3020285F88B20C3
:10BEBC006345EBD1B3E78842E8D1B0E78A7A0B4609
:10BECC00092A0BD8DFE802F00B0B050A0A0A0B0A49
:10BEDC000B0B90F837208446D20901D100DE704755
:10BEEC0010B50F4A82B092E8030002AA02E90300DF
:10BEFC0093F820409CF88A2002219646224302F0B7
:10BF0C0007026A441478604641F6060264F3061E82
:10BF1C008CF88AE05A8102B0BDE8104000F0A0B95C
:10BF2C00AC97010038B58B7A092B14D8DFE803F0F5
:10BF3C001212121313131213120505460C46FFF7B7
:10BF4C0075FC284601F09CFA0021284602F096FC6C
:10BF5C000023A37238BD00DE38BD00BF10B592F8C7
:10BF6C001FE002F11C03BEF1160F10D0BEF1180F2A
:10BF7C0008D0242380F874310C4602F0FDFD002318
:10BF8C00A37210BD0322BDE81040FFF789BD01224A
:10BF9C00BDE81040FFF784BD13460022FFF780BDBB
:10BFAC0013460222FFF77CBD00230422FFF778BD65
:10BFBC000023C0E90133C0E903330370704700BFAD
:10BFCC00037801330370704703785BB9C3687BB1A6
:10BFDC0002691AB1816861B10B6082600023C0E90B
:10BFEC0003337047013BDBB20370002BEED070477C
:10BFFC0070474360F1E700BF03783BB100230C307E
:10C00C000B60436843B119604160704700230430F2
:10C01C000B604368002BF6D1C0E90011704700BFDC
:10C02C0000230B60836813B1196081607047C0E90D
:10C03C0001117047406870470346406828B1996801
:10C04C00026888425A6008BF9A6070474078A0F135
:10C05C000C00B0FA80F04009704700BF4078A0F1A6
:10C06C000800B0FA80F04009704700BF4078A0F19A
:10C07C000200B0FA80F04009704700BF4078A0F190
:10C08C001700B0FA80F04009704700BF4078A0F16B
:10C09C000100B0FA80F04009704700BF4078A0F171
:10C0AC000900B0FA80F04009704700BF4078A0F159
:10C0BC000600B0FA80F04009704700BF4078A0F14C
:10C0CC001800B0FA80F04009704700BF4078A0F12A
:10C0DC000300B0FA80F04009704700BF4078A0F12F
:10C0EC000500B0FA80F04009704700BFF8B506466D
:10C0FC0008460D46F9F772FB044680B100274560EF
:10C10C0006722C223946C4E9057720300CF080FDEC
:10C11C004FF47F43FF22A77363816272A381204691
:10C12C00F8BD00BF4078A0F10800B0FA80F04009DB
:10C13C00704700BF4078A0F10200B0FA80F04009CF
:10C14C00704700BF4078A0F10200B0FA80F04009BF
:10C15C00704700BF4078A0F10200B0FA80F04009AF
:10C16C00704700BF4078A0F10100B0FA80F04009A0
:10C17C00704700BF4078A0F10100B0FA80F0400990
:10C18C00704700BF4078A0F10100B0FA80F0400980
:10C19C00704700BF4078A0F10900B0FA80F0400968
:10C1AC00704700BF4078A0F10600B0FA80F040095B
:10C1BC00704700BF4078A0F11800B0FA80F0400939
:10C1CC00704700BF4078A0F10300B0FA80F040093E
:10C1DC00704700BF4078A0F10300B0FA80F040092E
:10C1EC00704700BF416809B1F9F70CBB00DE41682C
:10C1FC00F9F708BB024B1868003818BF01207047CC
:10C20C007C04002010B50448F9F7E8FA0446043021
:10C21C00FEF7FEFD204610BD7C04002008B5012071
:10C22C00FBF7FAFA003818BF012008BDFBF70EBB6C
:10C23C00F430FFF7F5BE00BF38B590F8663105460F
:10C24C000C461BB11C4385F8664138BDF430FFF732
:10C25C00B7FE95F866311C4385F8664138BD00BFC2
:10C26C0090F8663123EA010180F8661101B170473C
:10C27C00F430FFF7A9BE00BF836943B11A792E2AA7
:10C28C0004D02E221A71836902691A60704700DE8D
:10C29C008369F3E783694BB11A792E2A00D0704772
:10C2AC0001221A7181690868FBF7A2BA00DE836962
:10C2BC00F2E700BF8B6913B11A792E2A08D0CB692B
:10C2CC002BB1D0F86C211A60CB69C0F86C31704777
:10C2DC0001221B68D0F868C1C3F804C08B691A71BD
:10C2EC008B69C0F86831EAE770B505460C48F9F778
:10C2FC0075FA044688B10026094B057243602C225E
:10C30C003146C4E9056620300CF082FC4FF47F43C3
:10C31C00FF22A67363816272A381204670BD00BFA9
:10C32C006C04002010B50A4B022258685021F9F712
:10C33C0031FA084B012258685021F9F72BFABDE865
:10C34C001040054B04222C215868F9F723BA00BF82
:10C35C00740400206C0400207C04002038B50446D2
:10C36C00002501F061F82046C4E9425584F81451C7
:10C37C0002F0E4FBC4F83851C4E9465584F8265160
:10C38C00A4F82451A4F82851C4F83B51A4F85851EE
:10C39C00C4F84051C4F84451C4F84851C4F84C5145
:10C3AC00C4F85051C4F85451FAF73AFD94F8A2303D
:10C3BC00C4E95401C4E95A5523F0180384F8A23097
:10C3CC0084F86651258638BD08460149F9F71ABA32
:10C3DC007C04002010B5B0F81241034682B024B1A1
:10C3EC00A1420FD2641AA0F81241B3F8220120B175
:10C3FC00814210D2401AA3F8220100231846137070
:10C40C0002B010BD019200F02DFF019A034658B105
:10C41C00197A0A2903D022236FF07300EFE76FF02B
:10C42C00730093F82030EAE700DEF1E7034B0B448E
:10C43C00B3FBF1F3A0F82831704700BFFF5962023B
:10C44C0010B5044602F082FB2046BDE8104000F017
:10C45C00F3BF00BF10B5044649B1012900D010BD8F
:10C46C0002F0BEFB2046BDE8104001F03BB802F0E4
:10C47C00A3FB2046BDE8104001F026B838B5D0F833
:10C48C006841054634B1206821464468FBF7A4F99D
:10C49C00002CF8D10023D5F86C41C5F8683134B1C3
:10C4AC00204624680449F9F7ADF9002CF8D1002393
:10C4BC00C5F86C3138BD00BF7C04002090F93730D2
:10C4CC00002B14DA70B504460E46032009491546B4
:10C4DC00FFF70CFE014640B1204681F8206081F840
:10C4EC00215000F08FFE002070BD0C2070BD0C2080
:10C4FC00704700BF7404002010B5074904460120A2
:10C50C00FFF7F4FD28B10146204600F07BFE002029
:10C51C0010BD0C2010BD00BF7404002038B50446BB
:10C52C000D4602200849FFF7E1FD58B1014690F88D
:10C53C002030204665F3000381F8203000F062FEC5
:10C54C00002038BD0C2038BD7404002010B50749FC
:10C55C0004460420FFF7CAFD28B10146204600F02E
:10C56C0051FE002010BD0C2010BD00BF7404002033
:10C57C002DE9F041054688460720104917461C4610
:10C58C009DF81860FFF7B2FDA8B10146E30008F072
:10C59C00070803F03803BF0143EA080307F040071C
:10C5AC003B4343EAC613284681F8203000F02AFEAC
:10C5BC000020BDE8F0810C20BDE8F081740400205F
:10C5CC0038B504460D4600F0D1FF204602F090FB32
:10C5DC000A200749FFF78AFD38B10146204681F849
:10C5EC00205000F00FFE002038BD0C2038BD00BFDD
:10C5FC007404002008B590F93730002B08DB00F0EC
:10C60C0031FE20B1037A0B2B14BF0020223008BD61
:10C61C0002F03EF9F5E700BF2DE9F043914283B0FB
:10C62C00BDF8289021D81F4642F210739A42144646
:10C63C001BD80D46064610491220FFF757FD8046C1
:10C64C00B8B13B46224629463046CDF80090FEF75D
:10C65C0023FEF38B3046AB42414688BFF58300F096
:10C66C00D1FD002003B0BDE8F083122003B0BDE87B
:10C67C00F0830C20F6E700BF740400202DE9F04194
:10C68C000C4615461E46BDF81870FDF76DFD38B109
:10C69C0033462A4621460697BDE8F041FFF7BCBF5A
:10C6AC000220BDE8F08100BF70B506460D4602F0D1
:10C6BC00EFF820B1037A0446053B012B01D90C207D
:10C6CC0070BD01463046FFF779F80028F7D069684D
:10C6DC00D5F800C0AA68EB683046C4F82F10C4F82F
:10C6EC002BC02146C4F83320C4F83730FFF744F888
:10C6FC00002070BD38B5054602F0CAF820B1037AA7
:10C70C000446053B012B01D90C2038BD01462846B7
:10C71C00FFF754F80028F7D028462146FFF73AF8DF
:10C72C00002038BD2DE9F8430546D0F850011E46CF
:10C73C00830788469146BDF8207017D495F9373099
:10C74C00002B1EDB08202A49FFF7D0FC0446002CE6
:10C75C0041D0237A082B0FD0092B15D000DE2846A8
:10C76C00214600F04FFD0020BDE8F8830920204948
:10C77C00FFF7BCFC0446EAE7A4F828906685A78579
:10C78C00EDE71A20BDE8F883099BA4F82680A4F8ED
:10C79C0028906685A78503B31B882387099B5B8834
:10C7AC006387099B9B88A387099BDB88E387099B8D
:10C7BC001B89A4F84030099B5B89A4F8423095F999
:10C7CC003730002BCBDA2846FDF7BAFC0146284659
:10C7DC0002F0D0FCC3E70C20C6E74FF0FF3205494E
:10C7EC004FF6FF73C4E90E12A4F84020E5E700BF32
:10C7FC00740400200000FFFF08B502F049F828B1CE
:10C80C00007AA0F11200B0FA80F0400908BD00BF18
:10C81C0010B5044602F03CF810B1037A092B00D095
:10C82C0010BD01462046BDE8104001F0F7BE00BF28
:10C83C0038B505460C4602F02BF818B1027A0146C1
:10C84C00092A00D038BD81F820402846BDE8384080
:10C85C0001F0E8BE08B502F01BF828B1007AA0F18F
:10C86C000900B0FA80F0400908BD00BF38B5054694
:10C87C000C4600F0F7FC10B14369A3420ED02846D9
:10C88C0002F006F810B14369A34200D038BD22462D
:10C89C0001462846BDE8384002F024B9014622463C
:10C8AC00284600F087FDEAE710B5044600F0DAFCF4
:10C8BC0018B10146204600F0A5FD204601F0E8FF26
:10C8CC00014620B12046BDE8104002F025B910BD4C
:10C8DC002DE9F041537F144606460D46002B3AD005
:10C8EC00D37F3C2B24D9304600F0BCFC07463046A5
:10C8FC0001F0CEFF0146002F68D0FA7AE37F0028C2
:10C90C0043D09342C07A52D03A7B002A4FD1072BA6
:10C91C0065D0112B74D00D2B40F086800D2802D0E1
:10C92C000B7B002B3BD01F2386F87431BDE8F081C4
:10C93C00474A52F8232022B104F11C00904760B101
:10C94C00E37F022BCFD10123224629463046BDE896
:10C95C00F04102F061B9FF23D377304600F082FC3E
:10C96C0030B1E27FC37A9A42E0D0037B002BDDD159
:10C97C00304601F08DFF002840D0E27FC37A9A4206
:10C98C00D4D0037B002BD1D1DEE7934207D03A7B86
:10C99C002AB9072B3CD0112B3AD00D2BD3D12346DF
:10C9AC002A4639463046BDE8F04100F0C9BC834206
:10C9BC00B9D00A7B002AB6D1072B2FD0112BEED180
:10C9CC004B7B94F820209A42E9D1ACE70028BAD0EE
:10C9DC0023462A463046BDE8F04102F00DB894F8E3
:10C9EC0020307A7B9A4225D00728F1D00A7B002A86
:10C9FC00EED14A7B9A42EBD0242395E70346A3E77A
:10CA0C0094F820307A7B9A421FD01128EED1DFE7C0
:10CA1C007A7B94F820309A4295D1C0E74A7B94F8FF
:10CA2C0020309A42BBD17EE78342D1D00B7B002BC6
:10CA3C00CED1E1E707283FF476AF0B7B002B7FF4D8
:10CA4C0072AF4B7B9342AAD16DE71128F5D16AE7FF
:10CA5C00549D0100F8B500278D690C4606468F6180
:10CA6C007DB3012703232B71B38C05F11C01EB80E3
:10CA7C00237A042B18D0122B0BD0022B17D1637AEC
:10CA8C00072B16D0092B12D1304600F009FE2FB11E
:10CA9C00F8BD304601F07AF8002FF9D12946286804
:10CAAC00BDE8F840FAF7A4BE637A0C2B05D000DE83
:10CABC00EDE7204600F09EFDE9E7304600F092FEDF
:10CACC00E5E7FFF7B3FB05460028CBD100DE00718C
:10CADC00FFDE00BF70B506460C46FFF793FB05461C
:10CAEC00002858D0237A291D013B112B0AD8DFE8E6
:10CAFC0003F0181E242B0909090909310909090930
:10CB0C000909093800DEEB79294663733046FFF7D3
:10CB1C008FFB237A0A2B2AD03046BDE8704000F0F8
:10CB2C0001BC084600F040FD1323E372EBE73046EE
:10CB3C0000F06EFD0923E372E5E7204600F01EFECF
:10CB4C00FF236561E372DEE7084600F039FE0C2333
:10CB5C00E372D8E7204600F023FEFF236561E37201
:10CB6C00D1E7304600F0E4FF3C23E372CBE740F220
:10CB7C00E24442F21072F38CB6F8A21104FB03F3F8
:10CB8C0002FB01310139B1FBF3F13046BDE87040D5
:10CB9C0089B200F0CDBB00DEA4E700BF2DE9F04167
:10CBAC0007460C46164601F077FE28B103230025F4
:10CBBC00A3722846BDE8F08121463846FFF71AFBE0
:10CBCC0005460028F2D021463846FFF71BFB80466D
:10CBDC0000284DD0237A08F10400013B112B0AD810
:10CBEC00DFE803F01E23092A0909090909090909C3
:10CBFC0009090909092F00DE98F8073041466373CB
:10CC0C003846FFF715FB384601F04EFE0423A3729D
:10CC1C00002ECED0384601F0AFFF0023A372C8E738
:10CC2C0000F0CCFCFF23E372E6E70146384600F047
:10CC3C0015FDFF23E372DFE700F0C2FDFF23E37273
:10CC4C00DAE797F85C305B070DD4B7F85E3003F089
:10CC5C00180343B90146384600F082FFFF23C4F89D
:10CC6C001480E372C8E711223B2100F039FEF5E78E
:10CC7C0000DEAFE738B50B7A0C46013B0546112BAD
:10CC8C000FD8DFE803F009090E1E0E0E0E0E0E1063
:10CC9C000E0E0E0E0E0E0E190122BDE83840FFF7D7
:10CCAC007DBF00DE38BD01F067FF002294F8203014
:10CCBC00A27285F8743138BD0022BDE83840FFF708
:10CCCC006DBF90F8383143B90122FFF767FF002898
:10CCDC00E8D0012385F8383138BD01F04DFF002331
:10CCEC00A37238BD38B50B7A0C46013B0546112BA7
:10CCFC0019D8DFE803F01A28120918181818183276
:10CD0C00181818181818183A4B7A0C2B12D18B6962
:10CD1C00B3B321462846FFF79DFE284600F0B0FB32
:10CD2C000023A37238BD00DE38BD4B7A072BF4D03C
:10CD3C00132BF2D02423284685F8743100F0A0FB85
:10CD4C000023A37238BD4B7A072B01D0092BF1D1EC
:10CD5C0094F82030DB07E0D5DBE700F091FB0022F4
:10CD6C001623A27285F8743138BD4B7A3C2B02D055
:10CD7C00072BDFD1D1E7FEF7CBF90028CDD0C8E7E0
:10CD8C00FFF74CFA0028C4D1284600F0CBFA042354
:10CD9C00A37238BD70B50E7A0C46731E0546112B66
:10CDAC000AD8DFE803F00B12263A090909090956DB
:10CDBC00090909090909096400DE70BD00F0A2FA2D
:10CDCC00002877D00123A37270BD00F09BFA0028D5
:10CDDC00F8D121462846FFF70DFA0028F2D021465B
:10CDEC002846FFF777FE6369002B08BF0326A6725F
:10CDFC0070BD00F087FA0028E4D121462846FFF7E1
:10CE0C00F9F90028DED021462846FFF763FE636956
:10CE1C00002B18BF0226A67270BD90F83831002B7B
:10CE2C003AD100F06FFA0028CCD121462846FFF702
:10CE3C00E1F90028C6D021462846FFF74BFE62696F
:10CE4C000123002A0CBF03220222A27285F838317A
:10CE5C0070BDFFF7CFF90028B4D021462846FFF764
:10CE6C0039FE1622022384F82020A37270BDFFF72E
:10CE7C00C3FCC8B9284600F045FA0028A2D12146C7
:10CE8C002846FFF7B7F900289CD021462846FFF723
:10CE9C0021FE0323A37270BD0C2200234A728B6106
:10CEAC00BDE87040FFF71EBF284600F0E9FA0023EA
:10CEBC00A37270BD21462846FFF79CF9002881D04B
:10CECC0021462846FFF706FE6369002B0CBF03239F
:10CEDC000223A37270BD00BF8B7A022B06D002D93D
:10CEEC00033B012B00D8704700DE70470B7A032BF5
:10CEFC0001D00A2BF7D1FFF7F5BE00BF38B58B7AFE
:10CF0C00032B05D001D9042B00D138BD00DE38BD70
:10CF1C000C460546D07F02F11C01831E60723A2B31
:10CF2C001FD8DFE803F01E1E1E1E1E311E2D1E1EF6
:10CF3C00291F1E1E1E251E1F1E1E1E1E1E1F1E1EF0
:10CF4C001E1E1E1E1E1E1E1E1E1E1E1E1E1E1E1EF5
:10CF5C001E1E1E1E1E1E1E1E1E1E1E1E1E1E1E1EE5
:10CF6C00350000DE21462846BDE83840FFF7BABE42
:10CF7C00204600F0C7FCF5E7284600F049FCF1E735
:10CF8C00284600F0D5FBEDE7204600F02FFBE9E743
:10CF9C00284600F045FEE5E738B58B7A032B05D81B
:10CFAC00012B0AD8BDE83840FFF7F4BE042B03D19F
:10CFBC000B7A0C46042B01D000DE38BD0546FFF77A
:10CFCC002DF90028F9D021462846FFF743FD2846C5
:10CFDC0000F056FA0023A37238BD00BF38B58B7A27
:10CFEC00012B06D002D9023B022B00D838BD00DE43
:10CFFC0038BD0C46D37F0546122B02F11C0163721F
:10D00C000FD8012B20D9023B102B1DD8DFE803F0E1
:10D01C00241C1C1C1C1C211C1C1C1E1C1C1C1C1C35
:10D02C0016003B2B10D100F0C7FD2846FEF770F818
:10D03C000346204684F82030FFF71EF92146284687
:10D04C00BDE83840FFF716BE00DEF7E700F0E0FB66
:10D05C00F4E700F043FBF1E7204600F0ADFB0821BC
:10D06C002846FFF7E9F8E9E78B7A032B00D87047DD
:10D07C00042B05D170B50B7A0C46122B02D070BD67
:10D08C0000DE70470546FEF743F8002294F8203086
:10D09C00A6690343DBB2A261D6B132792E2A0CD138
:10D0AC006BB90123337131463068FAF7A1FB28467E
:10D0BC0001F062FD0023A37270BD00DEF0E70323D4
:10D0CC003371AB8CF380237A122B03D000DEEAE7AA
:10D0DC0000DEE2E7284606F11C0100F057FDE2E70E
:10D0EC0010B58B7A0C4682B0042B1ED8DFE803F007
:10D0FC001710031210000B7A0A2B14D1019001F0B7
:10D10C003BFD002294F820300198A27280F8743113
:10D11C0002B010BD02B0BDE81040FFF7ABBD01235B
:10D12C008B7202B010BD00DEE8E700DEF0E700BF56
:10D13C0070B5044605F0CEF958B1D4F8085135B1A4
:10D14C00D4F80C212B68AA42C4F8083121D0284607
:10D15C0070BD05460121032005F084F92A460646D8
:10D16C0001210320F8F7DAFBD4F8085145B1D4F8C3
:10D17C000C212B689542C4F8083108BFC4F80C3157
:10D18C00002EE4D0012203201146F8F7C7FB2846F5
:10D19C0070BDC4F80C31284670BD00BFF8B506460A
:10D1AC000C4605F097F968B1D6F80851AC421FD17E
:10D1BC00A3690BBB3046FFF7BBFF2046BDE8F84028
:10D1CC00FFF710B805460121032005F04BF907467F
:10D1DC002A4601210320F8F7A1FBD6F80851002FAD
:10D1EC00E4D0012203201146F8F798FBAC42DFD0C3
:10D1FC0000DEA369002BDDD01B792E2BDAD100DEEB
:10D20C00D8E700BFF8B505460C4605F063F940B108
:10D21C0000232360D5F80C31F3B11C60C5F80C4128
:10D22C00F8BD06460121032005F01CF90121074633
:10D23C0032460320F8F772FB2660D5F80C3173B137
:10D24C001C60C5F80C41002FEAD0BDE8F840012263
:10D25C0003201146F8F762BBC5E94244F8BDC5E9A5
:10D26C004244F0E770B5054605F034F918B1D5F82D
:10D27C000841204670BD04460121032005F0F2F858
:10D28C000646224601210320F8F748FBD5F8084151
:10D29C00002EEED0012203201146F8F73FFB20466A
:10D2AC0070BD00BF38B50546FFF7DCFF037A0446B6
:10D2BC00013B112B18D8DFE803F0090909091717EE
:10D2CC001F191909171717171717170901460022E5
:10D2DC002846FFF761FEA37B03B938BD21462846DB
:10D2EC00BDE83840FFF75ABF00DEF4E701460022E4
:10D2FC00284601F065F9EEE7014600222846FEF7C4
:10D30C0071FDE8E790F81401A0F10100B0FA80F08B
:10D31C0040097047012380F814317047002380F8CE
:10D32C0014317047B0F82831A0F81231704700BFA3
:10D33C00A0F81211704700BF0023A0F812317047FB
:10D34C0038B50C4611461A46A369054613B3217A23
:10D35C000139112921D8DFE801F009090909202038
:10D36C00272222092020202020202009214628467F
:10D37C00FFF7C4FDA36923B11B792E2B1CBF00231F
:10D38C00A361A37B03B938BD21462846BDE83840CC
:10D39C00FFF704BFA2612161D9E700DEEAE721466D
:10D3AC00284601F0C1F8E5E721462846FEF77CFC4B
:10D3BC00E0E700BF38B50B7A0C46033B05460F2B54
:10D3CC000CD8DFE803F0080B0B0B100B0B080B0B46
:10D3DC000B0B0B0B0B082146FFF77EFD0022A37BEA
:10D3EC00626143B938BD2146FEF768FD0022A37B7C
:10D3FC006261002BF6D021462846BDE83840FFF785
:10D40C00CDBE00BF38B50B7A0C46072B054608D0AD
:10D41C00A37B03B938BD21462846BDE83840FFF749
:10D42C00BDBEFEF77FFDF3E70222002380F810213A
:10D43C00A0F81231704700BF38B590F8103104468F
:10D44C00032B1BD8DFE803F002111011FFF70AFFC2
:10D45C00034648B11D7A2046FFF724FF0A2D14BF5E
:10D46C000123032384F8103138BDFFF7FBFE00289D
:10D47C00FAD02046BDE83840FFF714BF00DE38BDB7
:10D48C0010B590F810310446032B1BD8DFE803F0DD
:10D49C000D020C02FFF7E6FE90B100230122A4F866
:10D4AC001231827384F8103110BDFFF7DBFE28B106
:10D4BC0000220123A4F81221837310BD00DEF7E7CC
:10D4CC0000DEEAE700DE10BD90F81031022B05D02B
:10D4DC0000D87047032BFCD000DE7047002380F887
:10D4EC001031704738B590F810310446032B3AD8F8
:10D4FC00DFE803F00926121320462946FEF7DAFE70
:10D50C002846FEF76FFE2046FFF712FE0546002860
:10D51C00F2D1022384F8103138BDFFF709FE05461D
:10D52C000028F6D029462046FEF7C4FE2846FEF712
:10D53C0059FE2046FFF7FCFD05460028F2D1E8E72E
:10D54C00FFF7F6FD05460028E3D029462046FEF7F6
:10D55C00B1FE2846FEF746FE2046FFF7E9FD0546DC
:10D56C000028F2D1D5E700DE38BD00BF38B505463E
:10D57C00FFF7DEFD68B1044621462846FEF79AFE09
:10D58C002046FEF72FFE2846FFF7D2FD0446002862
:10D59C00F2D1002428462146A5F8124101F06AF97F
:10D5AC0085F8104138BD00BF01211222037841706B
:10D5BC0043F003030370C270704700BF01211322B4
:10D5CC000378417043F003030370C270704700BFCF
:10D5DC004FF0020C07220B7881F801C043F00303D3
:10D5EC000B70CA7090F84C300B7170470B7980F847
:10D5FC004C3070474FF0020C07220B7881F801C0B9
:10D60C0043F003030B70CA7090F84C300B717047E9
:10D61C0009224FF0080C10B50B7881F803C043F0C9
:10D62C0003034A700B7090F937300C46002BACBFDB
:10D63C0063460E23CB70F9F7F3FB0022606061F3B5
:10D64C000702C1F307200B0C60F30F2263F31742A0
:10D65C001B0A63F31F62A26010BD00BF38B50C46F5
:10D66C000546F9F7DDFB09222378627043F00303CA
:10D67C00E2702370D5F85031217263F0FF0318402B
:10D68C00030C1A0AA3710B0CC0F307252071E2716D
:10D69C00C1F307201A0A65716072A372E27238BD79
:10D6AC0009220B784A7043F003030B70CA70D0E95F
:10D6BC005223100CC2F3072C0A711A0C81F805C006
:10D6CC0088714FEA102C0B72C3F30720130A81F8F0
:10D6DC0007C048728A72CB72704700BF2DE9F041C7
:10D6EC004FF0405405464868104E430F83EA1073C0
:10D6FC0003F00103A3FB04348A68064002F0EF0830
:10D70C0086EA0304F9F78CFB0440012008EA0101C6
:10D71C0064F0FF02C5E954413240C5F84C81C5F8AC
:10D72C00482185F84001BDE8F08100BF2FCF87F775
:10D73C004FF040522DE9F041054648680E4E430F1C
:10D74C0083EA107303F00103A3FB023289680640DD
:10D75C0001F0EF0786EA0304F9F762FBB8460123F0
:10D76C0004400F40C5E95447C5F84861C5F84C81E1
:10D77C0085F84031BDE8F0812FCF87F74FF0030CCF
:10D78C0019220B7881F801C043EA0C030B70CA70A4
:10D79C0090F820300B7190F821304B71704700BF1E
:10D7AC0002220B784A7043F003030B70CA7090F896
:10D7BC0020300B71704700BF0B7980F82030704718
:10D7CC004FF0060C40F60C510378054A43F0030366
:10D7DC0080F801C00370A0F80310C0F80520704752
:10D7EC00F105FFFF4FF0060C0C220B7881F801C0FD
:10D7FC0043F003030B70CA7090F83A310B71B0F818
:10D80C003B31A1F80530B0F83D31A1F80730704735
:10D81C00012380F839310B7980F83A31B1F80530B1
:10D82C00A0F83B31B1F80730A0F83D31704700BF8C
:10D83C0003224FF0170C0B7881F801C013430B70C7
:10D84C00CA70D0F82530D0F821208B604A6090F84F
:10D85C0029300B7390F82A304B7370470D2104223A
:10D86C0010B50378417043F003030370C270841841
:10D87C0004F030FE0C2120B12046BDE8104001F030
:10D88C00D5BF2046BDE8104001F0C6BF01210522DE
:10D89C000378417043F003030370C270704700BFFC
:10D8AC00012106220378417043F003030370C27018
:10D8BC00704700BF01210B220378417043F0030332
:10D8CC000370C270704700BF4FF0020C0D2203783A
:10D8DC0080F801C043F003030370C27001717047FC
:10D8EC0000B54FF0030E4FF0110C037880F801E0F7
:10D8FC0043EA0E03037080F803C0017142715DF8B6
:10D90C0004FB00BF0B7980F84D304B7980F84E301A
:10D91C00704700BF4FF0030C16220B7881F801C042
:10D92C0043EA0C030B70CA7090F82030C3F3C203A7
:10D93C004B7190F82030C3F302030B71704700BF9A
:10D94C000A7990F8203062F3C5031A4680F820302B
:10D95C004B7963F3020280F8202070474FF0030CE0
:10D96C0017220B7881F801C043EA0C030B70CA70C4
:10D97C0090F8AC31C3F3C2034B7190F8AC31C3F3E4
:10D98C0002030B71704700BFCB8883840B7980F83E
:10D99C0026304B7980F82730704700BF4FF0180CB9
:10D9AC000F220B7881F801C043F003030B70CA708F
:10D9BC00C38C8B80038DCB80438D0B81838D4B81EE
:10D9CC0090F834300B73C38EA1F80D30038FA1F88F
:10D9DC000F30438FA1F81130838FA1F81330C38F10
:10D9EC00A1F81530B0F84030A1F81730B0F842303B
:10D9FC00A1F81930704700BF4FF0180C10220B78AB
:10DA0C0081F801C043F003030B70CA70C38C8B8088
:10DA1C00038DCB80438D0B81838D4B8190F83430FB
:10DA2C000B73C38EA1F80D30038FA1F80F30438F09
:10DA3C00A1F81130838FA1F81330C38FA1F81530E2
:10DA4C00B0F84030A1F81730B0F84230A1F81930D6
:10DA5C00704700BF8B88C384CB8803850B894385B3
:10DA6C004B8983850B7B80F83430B1F80D30C3863D
:10DA7C00B1F80F300387B1F811304387B1F8133088
:10DA8C008387B1F81530C387B1F81730A0F8403050
:10DA9C00B1F81930A0F84230704700BF00B54FF014
:10DAAC00000C4FF00C0E0B7881F801E043F00303EF
:10DABC000B7081F803C090F823300B4A0B71036B89
:10DACC00A2FB03239B0AA1F80530438DA1F8093072
:10DADC00038DA1F80730838DA1F80B30838CA1F84E
:10DAEC000D305DF804FB00BF5917B7D140F2E2428C
:10DAFC000B7980F82330B1F8053002FB03F3036394
:10DB0C00B1F809304385B1F807300385B1F80B3013
:10DB1C008385B1F80D308384704700BFB1F80930AC
:10DB2C0003844B68C0F822300B7A80F8263070479B
:10DB3C004FF0080C3B220B7881F801C043F0030333
:10DB4C000B70CA70B0F858308B80B0F85A30CB805C
:10DB5C0090F85C300B72B0F85E30A1F80930704769
:10DB6C004FF0060C3C220B7881F801C043F0030304
:10DB7C000B70CA70B0F880308B8090F884308B7149
:10DB8C00B0F88630A1F80730704700BF4FF0060C94
:10DB9C003C220B7881F801C043F003030B70CA7070
:10DBAC00B0F880308B8090F884308B71B0F8863070
:10DBBC00A1F80730704700BF00220346B1F804C03B
:10DBCC00A0F858C0B1F806C0A0F85AC091F808C027
:10DBDC000CF0070C80F85CC0B1F809C00CF01F0CFD
:10DBEC00A0F85EC0087AD04010F0010F02F10102DB
:10DBFC0010D08888A3F86000C888A3F86200087A5F
:10DC0C0000F0070083F86400B1F8090000F01F0071
:10DC1C00A3F86600032A03F10803E3D1704700BFA1
:10DC2C0000220346B1F804C0A0F858C0B1F804C0F3
:10DC3C00A0F85AC091F806C00CF0070C80F85CC034
:10DC4C00B1F807C00CF01F0CA0F85EC08879D0406A
:10DC5C0010F0010F02F1010210D08888A3F86000C7
:10DC6C008888A3F86200887900F0070083F86400C4
:10DC7C00B1F8070000F01F00A3F86600032A03F1B7
:10DC8C000803E3D1704700BF00228B698A610BB394
:10DC9C00192293F804C01A71828CDA8091F8202032
:10DCAC001A774AB90A8DBCF12E0FDA834A8D1A8481
:10DCBC008A8D5A840AD07047C28CBCF12E0FDA833D
:10DCCC00028D1A84B0F8A2215A84F4D1194618682E
:10DCDC00F9F78EBD00DEDBE730B5C38C0A8D4C8DB9
:10DCEC0093428D8D85B002D1038DA34214D00123B4
:10DCFC0081F8223002950B6BCDE900240C7A91F857
:10DD0C002320898C0391A4F10801B1FA81F149090E
:10DD1C00FDF7A6F805B030BDB0F8A2315B1B18BFFB
:10DD2C000123E5E7F8B50023CD690C4607461646F6
:10DD3C00CB618DB3291D112E0AD8DFE806F020091E
:10DD4C0009090909091C09090909090909092414FE
:10DD5C0000DEEB79294663733846FEF769FA237ABD
:10DD6C00092B14D0F8BD084694F8202094F8211003
:10DD7C00FFF7B6FDEDE72046FFF72AFCE9E7204662
:10DD8C00FFF78CFEE5E72046FFF736FEE1E7384665
:10DD9C00BDE8F84000F088BDFEF734FA05460028CF
:10DDAC00C8D100DEC6E700BF38B58B690C46054606
:10DDBC0083BBFEF73BFA2E2100220123A0610171E7
:10DDCC00226394F83420218D84F823304AB1B1FBBE
:10DDDC00F2F313FB02F3E08C9BB298429CBF194602
:10DDEC002385238F994204D340F2E24202FB03F3D2
:10DDFC0023632846FDF726F80346298D00220631B9
:10DE0C000B44A38428462146FFF78CFF4FF60B7377
:10DE1C00638138BD00DECCE738B504460D4600F012
:10DE2C003BFD20B929462046FEF7E4F930B9102114
:10DE3C002046FEF701FA0923AB7238BD04F1F40059
:10DE4C00FEF7F8F80028F2D12046FDF765FA002815
:10DE5C00EDD029462046FEF7D5F9E861FEF7DEF94C
:10DE6C0010B90C23AB7238BD29462046FFF79CFF36
:10DE7C002046BDE838401021FEF7F2B970B50C46CB
:10DE8C000646FFF729FF237A092B1DD094F8225060
:10DE9C00ADB100232146304684F82030FFF7F4FE64
:10DEAC00304600F069FE237A092B05D10C4B1A6819
:10DEBC00964204BF00221A600023A37270BD204654
:10DECC00FEF7E8F9A561EBE7304600F0F3FC237AA6
:10DEDC00092BDBD194F82030002BDAD1D6E700BF28
:10DEEC00B01B002070B506460C4600F0D5FC10B1F6
:10DEFC000623A37270BD054621463046FEF77AF91B
:10DF0C000028F5D0112221463046FFF70BFF304692
:10DF1C0000F032FE237A092B04D1044B1A68964286
:10DF2C0008BF1D600023A37270BD00BFB01B002092
:10DF3C00F8B5294A064613680C468BB183420FD0BC
:10DF4C0002238B7200F0A8FC054620B9214630460E
:10DF5C00FEF750F968BB2046BDE8F840FEF78CB9D7
:10DF6C00218DF38C1660994212D00023A569A36110
:10DF7C0085B303232F792B71B38C204605F11C013B
:10DF8C00EB80FFF70BFD2E2F1FD00423A372F8BDDF
:10DF9C00628D338D9A42E8D1A28DB6F8A2319A42A5
:10DFAC00E3D12046FEF776F900220523A261A37285
:10DFBC00F8BD4FF47263214630462384FFF792FF7D
:10DFCC002046FEF767F9A561F8BD29462868F9F7E0
:10DFDC000FFCDAE700DECCE7B01B0020F0B50C46F6
:10DFEC00897A054683B00C2900F2DB80DFE811F05A
:10DFFC0012001E00470050005C0066007A00D90039
:10E00C007F0089009200C7000D00002A00F0CE802E
:10E01C0003B0F0BD002AFBD1237A082B00F0DA8084
:10E02C00092B40F0BE800123A372F1E7012AEFD146
:10E03C0019462046FFF70EFD238DB3F5486F18D80F
:10E04C00E28C9A4215D8628DB2F5FA7F11D240F665
:10E05C007646A08DA0F10A0189B2B14209D80132ED
:10E06C0012FB03F2B2EB800F03D294F834209A42E5
:10E07C0007D940F61E732146284623842DE0012A39
:10E08C00C6D82146284603B0BDE8F040FFF750BF84
:10E09C00002ABDD10192FEF7C1F8019A002840F088
:10E0AC00B4800323A372B3E7032A7CD0042AAFD134
:10E0BC000F22062384F82120A372A9E7002AA7D1F6
:10E0CC0095F93730002B80F2818094F8203083B1A1
:10E0DC000F232146284684F8213003B0BDE8F040D8
:10E0EC00FFF700BF002A93D121462846F5E7002A06
:10E0FC008ED1284600F0D0FB00286ED00823A372E6
:10E10C0086E7002A84D12146284603B0BDE8F040BA
:10E11C00FFF782BE022A7FF47BAF95F83720C2F35B
:10E12C00C011D20967D019462046FFF7DFFC238DBA
:10E13C00B3F5486F7CD8628DB2F5FA7F78D240F691
:10E14C007646A08DA0F10A0189B2B14270D802FBCB
:10E15C000333B3EB800F6BD22846FCF773FE47F604
:10E16C00FE72A38C1B1A9BB293427FD9282328469C
:10E17C0085F8743100F000FD0023A37248E7002AF3
:10E18C007FF446AF2846FCF755FEA38CC01A030457
:10E19C003FF53EAF2146284603B0BDE8F040FFF7FF
:10E1AC006DBE00DE34E70523A37231E7FEF736F8C7
:10E1BC0000283FF42DAF21462846FFF7F5FD10212E
:10E1CC00284603B0BDE8F040FEF74AB82146284681
:10E1DC00A2619AE70A23A3721AE721462846FEF7A2
:10E1EC0009F800288AD0102221462846FFF79AFD0C
:10E1FC000A2363810CE7284684F84C1000F04CFB92
:10E20C000646B8B10D23A37202E7A669A261002EDF
:10E21C003AD0032337793371AB8C204606F11C01BD
:10E22C00F380FFF7BBFB2E2F1BD00423A372EFE66A
:10E23C001E239CE721462846FDF7DCFF0028E1D091
:10E24C00072221462846FFF76DFD284600F094FC76
:10E25C00237A092B90D10D4B1A6895428CD11E60F4
:10E26C008AE731463068F9F7C3FADEE72046FEF755
:10E27C0003F80B232846A372FCF7E4FDA38CC31A06
:10E28C001A043FF5C5AE85E700DEC2E7B01B0020DF
:10E29C002DE9F0412C4E044633680D462BB18342D8
:10E2AC0003D00123AB72BDE8F0812046FFF72AF8BA
:10E2BC000028F6D1204600F0E5FA07460028F0D1F8
:10E2CC0029462046FDF796FF0028EAD02046FCF7A9
:10E2DC00B9FD80460121204600F0CCFAA5F8368025
:10E2EC00D5F81C8085F834703460EF61B8F1000FFC
:10E2FC001BD0284608F10401FFF750FB98F80730B3
:10E30C0041466B732046FDF793FF2B7A092B08D0FF
:10E31C0094F83730DB0901D100DEC4E704236B81AC
:10E32C00C1E72046FEF7FEFFF2E729462046FDF73F
:10E33C0069FF80460028DCD100DE04212846FFF767
:10E34C002DFB98F80730FFDEB01B0020F8B5154602
:10E35C008A7A0C460646062A09D8DFE802F0043011
:10E36C00080838610A001DB9237A092B29D000DE70
:10E37C00F8BD002DFCD1FCF75DFDA38CC01A030485
:10E38C00F6D42946304600F075FA21463046FFF7A0
:10E39C00A3FC237A092B00F09C8094F82250002DCA
:10E3AC0040F0A3802046FDF775FF3046A561FFF7CE
:10E3BC0067F8237A092B5FD00023A372F8BD002DD8
:10E3CC00D6D121463046BDE8F840FFF761BF032D9A
:10E3DC006AD0042D5BD0022DCAD119462046FFF716
:10E3EC0085FB238DB3F5486F64D8628DB2F5FA7F47
:10E3FC0060D240F67647A08DA0F10A0189B2B942ED
:10E40C0058D802FB0333B3EB800F53D22946304666
:10E41C0000F030FA2046FDF72FFF0623A372F8BD5B
:10E42C00002DA5D1FEF76EFF10B10523A372F8BD28
:10E43C0021463046FDF7DEFE0028F6D02946304650
:10E44C0000F018FAE769E561002F5AD094F8202003
:10E45C0094F82110381DFFF743FAFB7939466373A2
:10E46C003046FDF7E5FE237A092B46D03046FFF700
:10E47C0007F8237A092B9FD196F93730002B36DB1E
:10E48C00284B1A68964297D100221A6094E71A22F8
:10E49C002146D0F8503123F00203C0F8503184F8F3
:10E4AC002020FFF7F1FBE1E75B792146304684F849
:10E4BC002030F6E70021304600F0DCF91E23304610
:10E4CC0086F87431FEF7DCFF237A092B7FF474AFE6
:10E4DC00D2E73046FEF730FF237A092B7FF45DAF8D
:10E4EC0094F82030002B3FF458AF0023DDE7304682
:10E4FC00FEF7B0F90028C3D05EE73046FEF712FFF6
:10E50C00B4E721463046FDF77DFE074600289DD135
:10E51C0000DE042094F8202094F82110FFF7E0F995
:10E52C00EB79FFDEB01B002070B50C46D17F0546A1
:10E53C0002F11C0311290AD8DFE801F028090909A6
:10E54C000909092209090909090909091A142423C5
:10E55C0080F87431FEF794FF237A092B1CD000232A
:10E56C00A37270BD2146BDE870400322FFF7EEBEDA
:10E57C00A37A012BF5D9043B022BF2D900DE70BD36
:10E58C002146BDE870400422FFF7E0BE2146BDE8FD
:10E59C0070400222FFF7DABE95F93730002B06DB0C
:10E5AC00064B1A689542DAD100221A60D7E7284642
:10E5BC00FEF750F90028F3D0D1E700BFB01B0020C4
:10E5CC0013460022FFF7C2BE70B5D57F02F11C03C3
:10E5DC00CDB10F2D12D024230E4680F87431044691
:10E5EC0000F0CAFA337A092B05D1094B1A68944208
:10E5FC0004BF00221A600023B37270BD0122BDE873
:10E60C007040FFF7EBBC0222BDE87040FFF7E6BCA0
:10E61C00B01B002013460022FFF7E0BC00230322AE
:10E62C00FFF7DCBC00230422FFF7D8BCD37F70B506
:10E63C00012B05460C4607D0242380F8743100F0DA
:10E64C009BFA0023A37270BD8B7A012B04D013F0BC
:10E65C00FD0FF8D000DE70BD084602F11C01FFF77B
:10E66C005DFA2846268CFCF7EDFB47F6FE73361A4E
:10E67C00B6B29E4202D80223A37270BD282328464C
:10E68C0085F8743100F078FA0023A37270BD00BFD6
:10E69C0038B58B7A012B05D0022B0C4603D0A3B9CD
:10E6AC0001238B7238BD0546FCF7C4FB238CC01AC2
:10E6BC000304F7D4284604F12201FCF715FD284683
:10E6CC0000F05AFA0023A37238BD00DE38BD00BF3B
:10E6DC000346D3F8182108468A420DD18A69A2B99B
:10E6EC000A46D3F81CC111686245C3F8181108BF5B
:10E6FC00C3F81C11FDF776BD00DE8A692AB9D3F880
:10E70C001821002AEDD1FDF76DBD12792E2AF6D114
:10E71C0000DEF4E738B5D0F8185104462B7A013BEB
:10E72C00112B17D8DFE803F0090909091818221D65
:10E73C001D09271616161616160900222946FEF76D
:10E74C00CFFCAB7B2BB129462046BDE83840FFF708
:10E75C00BFBF38BD00DEF4E700222946FDF736F8CE
:10E76C00EFE700222946FFF755FFEAE7002229468A
:10E77C00FDF712FCE5E700222946FFF789FFE0E7E9
:10E78C0070B5D0F8185104461DB394F82431012B00
:10E79C0003D1022384F8203170BD29462046FDF7B1
:10E7AC0029FD0028F5D029462046FDF72BFD06460D
:10E7BC0088B12846311DFEF70BFFF37931466B7398
:10E7CC002046FDF735FD01220023AA7384F8203181
:10E7DC0070BD00DED9E700DEEBE700BFF8B5D0F87E
:10E7EC0018510446A5B394F82431012B03D101230D
:10E7FC0084F82031F8BD29462046FDF7FBFC0028A3
:10E80C00F5D029462046FDF7FDFC064680B3204690
:10E81C00FEF728FD2A7A037A371D93421AD0082B6B
:10E82C001AD02A2194F840311BB1D4F850315B072F
:10E83C0017D43846FFF748F8F37931466B73204606
:10E84C00FDF7F6FC01220023AA7384F82031F8BDF1
:10E85C0000DEC8E72321E5E7092A0CBF23212A2182
:10E86C00E0E70A46384694F82711FFF739F8E3E752
:10E87C0000DECCE780F82611704700BF704700BF60
:10E88C000020704790F82501003818BF0120704710
:10E89C00D0F81801704700BF90F82401A0F10100D6
:10E8AC00B0FA80F040097047B0F82831A0F8223156
:10E8BC00704700BF0023A0F82231704738B5D0F85C
:10E8CC001841F4B1D0F81C21236894420546C0F8D5
:10E8DC00183108BFC0F81C319CB121462846FDF701
:10E8EC00E9FC2046FDF77EFCD5F818414CB1D5F873
:10E8FC001C2123689442C5F81831EED1C5F81C319F
:10E90C00EBE738BD70B505460C4639B1042900D08B
:10E91C0070BDFFF7D3FF85F8204170BDD0F81861AA
:10E92C00002EF5D0337A122B11D84FF0010C31494F
:10E93C000CFA03F0014061B910F4386F07D00A2BC0
:10E94C0013D0CBB195F82631F3B9644604E000DE60
:10E95C00337A0A2B09D07BB1284685F82541FFF77D
:10E96C00D9FE032385F8203170BD2846FFF7D2FE6F
:10E97C00052385F8203170BDD37F284686F84C30AE
:10E98C00BDE87040FFF7FCBE95F93710002910DB8D
:10E99C00012B20D0022BBBD12846FEF763FC327A28
:10E9AC00037A934221D0082B1DD02A2385F8743189
:10E9BC0070BD012BEED12846FEF754FC08B1FF23A5
:10E9CC00C3720123284685F82531FFF7A3FE0323E4
:10E9DC0085F8203170BDD37F284685F82731BDE8F6
:10E9EC007040FFF7FBBE092ADFD1232385F8743171
:10E9FC0070BD00BF7FF4070038B50C468969054629
:10EA0C0010461A46237A09B3122B4DD8DFE803F0CF
:10EA1C00100A0A0A0A55555B4F4F0A614C4C4C4C74
:10EA2C004C4C0A0021462846FEF7D8FAA16921B1C0
:10EA3C000B792E2B1CBF0023A361A37B2BB121468A
:10EA4C002846BDE83840FFF743BE38BDA2612061BF
:10EA5C00122B29D801A151F823F000BFEBEA0000DA
:10EA6C0031EA000031EA000031EA000031EA00002E
:10EA7C00C7EA0000C7EA0000D3EA0000BBEA0000C6
:10EA8C00BBEA000031EA0000DFEA0000B5EA000052
:10EA9C00B5EA0000B5EA0000B5EA0000B5EA0000EE
:10EAAC00B5EA000031EA000000DEA169BFE72146AB
:10EABC002846FFF789FDA169B9E721462846FCF7EE
:10EACC003BFEA169B3E721462846FDF747FAA16949
:10EADC00ADE721462846FFF7A9FDA169A7E7114636
:10EAEC00A5E700BF38B50B7A0C46072B05460FD0AF
:10EAFC00122B0AD00022A37B62612BB1214628463F
:10EB0C00BDE83840FFF7E4BD38BDFEF7ADFAF1E7DC
:10EB1C00FDF746FAEEE700BF38B50B7A0C46072B2B
:10EB2C00054608D0A37B2BB121462846BDE83840CA
:10EB3C00FFF7CEBD38BDFDF737FAF3E7042200230B
:10EB4C0080F82021A0F82231704700BF90F82031C6
:10EB5C00052B0ED8DFE803F0060907030603D0F8EF
:10EB6C00183123B97047FFF70BBEFFF737BEFFF71D
:10EB7C00D1BD00DEF6E700BF90F82031052B04D89C
:10EB8C00DFE803F004151305040500DE70470023CD
:10EB9C00D0F8182180F825315AB100230121A0F8B2
:10EBAC002231917380F820317047FFF7E9BDFFF7F0
:10EBBC0015BE00DEF1E700BF90F82031052B04D81C
:10EBCC00DFE803F004090B04050400DE70470023A2
:10EBDC0080F820317047FFF701BEFFF7D1BD00BFB1
:10EBEC0090F8203110B50446052B12D8DFE803F05D
:10EBFC00030D09030803FFF761FE042384F8203199
:10EC0C0010BDBDE81040FFF7BBBDBDE81040FFF7DD
:10EC1C00E5BD00DE10BD00BFF0B504460E4615463E
:10EC2C0083B06BB1D27F3C2A36D8012390F83710D1
:10EC3C002E4FC9098B4007EB420149780B4040D15C
:10EC4C001846FDF751FB074620B300230360D4F8A8
:10EC5C001C311BB31860C4F81C0194F82031052B2F
:10EC6C0042D8DFE803F01E27030606062046FFF70E
:10EC7C0087FDBB7B1BB139462046FFF729FDD4F835
:10EC8C00181139B12B463246204603B0BDE8F0408E
:10EC9C00FFF7B2BE03B0F0BD0023D1E7C4E94600D4
:10ECAC00DBE72A4600212046FFF72CFEBB7B002B1E
:10ECBC00E5D0E0E72046FFF791FDBB7B002BDED0D3
:10ECCC00D9E717F812300A2BBAD10193FFF7F6FDEA
:10ECDC0000222046A4F8222184F8252184F8202142
:10ECEC00FEF744FC019BABE700DEC2E7489E010047
:10ECFC0010B50446FFF7E2FD0023A4F8223184F896
:10ED0C00253184F8203110BD00B9704700DE704702
:10ED1C0030B991F8E83023F0010381F8E8307047FE
:10ED2C0000DE91F8E83023F0010381F8E8307047F9
:10ED3C004FF6FF712DE9F041079D9DF81870B5F85D
:10ED4C0024C08C452FD006460146284690461C46CA
:10ED5C00FBF7C4FC38BB2B780133DBB22B7033B31D
:10ED6C000022144BB5F870111C8101340C44997AB3
:10ED7C0005F1100067F3000199720F49D8608B60A0
:10ED8C00C3E9006801200B46A5F870411146F6F75F
:10ED9C00F9FD50B9FF20FBF7BFFC2846BDE8F04158
:10EDAC00FF21FBF751BFBDE8F08100DEF2E700DE8A
:10EDBC00D6E700BFE80B002084040020012800D017
:10EDCC00704700B583B00191F8F79AFD0199814223
:10EDDC0002D103B05DF804FB00DEFAE72DE9F04F39
:10EDEC000D46096891B0096890460A91014604469F
:10EDFC0051F82E9BB0F82EB08978D0F81E0002F195
:10EE0C00220C52F8086B277F0E90608CA8F808B083
:10EE1C009170D4F82A20DFF83CA3CF4BCAF800201D
:10EE2C00C8F804201A68ADF83C0001321A60D4F816
:10EE3C003A2010ABC8F8222094F83E20C7F3801774
:10EE4C0088F8262013E903000C90ADF834106046C6
:10EE5C000521F6F7B5FE98F8272000F03F0060F387
:10EE6C00050288F8272094F83F200128C2F30401FA
:10EE7C0088F82810A18EA8F816100DD902F01F02E0
:10EE8C001B3202F01F020B2A06D840F67A4289B2D6
:10EE9C00063989B2914217D9002601250A9B2146D1
:10EEAC009E6098F82C20484666F3000288F82C20C7
:10EEBC002571E468F8F790FC21462068257111B0A3
:10EECC00BDE8F04FF8F794BC002140F2E24228680C
:10EEDC004160E08EB8F816A0A8F81800304602FB86
:10EEEC000AFAB4F832B0FDF7B5FA94F83F1096F878
:10EEFC00E800490961F3430086F8E80000F058FF88
:10EF0C000B9096F8E800C0F3420000F053FF40F27B
:10EF1C00E2420B9908440AFB00F0904900F574207A
:10EF2C0000F23F20A1FB00104FEA5A01800C9639E9
:10EF3C00C8F83000C8F8341094F83110304601FB92
:10EF4C0002F2C8F84420228F5146A6F8A221FDF700
:10EF5C006DFA834A83495244B2FBFAF290B2C6F876
:10EF6C00A811A6F89C01B8F8181001F1060C604520
:10EF7C0004DDC1F57F41FA31014488B22146A6F87F
:10EF8C00980111F81C2FC907C2F3401200F1D78069
:10EF9C004FF480710C98A183BDF83410A777C4F896
:10EFAC001F00A4F82310B8F816103046E184B8F806
:10EFBC0018100B922185B6F8A211618596F8E8100D
:10EFCC00C1F3420184F82C10FBF7BAF8074621462E
:10EFDC00A8F814704846E7806C68F8F7FDFB1C2015
:10EFEC00B8F814100B9A27682071E180002A40F0C1
:10EFFC009080227721463846F8F7FAFB98F87A7019
:10F00C00304607F0070707F0030998F87B4009F131
:10F01C002809FCF755F998F87B004FEAC909C7F3A2
:10F02C00400729FA07F7012100F0070000F0D6FC91
:10F03C00B7F5A47F38BF4FF4A47704F0070404F0AD
:10F04C00030909F12809C4F340044FEAC90929FA54
:10F05C0004F94FF09613B9F5A47F2CBF4F4407F574
:10F06C00A477844640F2E24EC8E9033307F2D51781
:10F07C0067447760EF68D8F830300EFB0B7707F2F7
:10F08C00D147FF1A002202210120A7EB0C07AAEBA3
:10F09C000304F6F743FCDDF828804046FAF790FDB0
:10F0AC00314BCDF804800093AB68821CA3F28573BE
:10F0BC0001210020D2B23B44F7F778FE012840D062
:10F0CC000A9B1B7EDB0732D43046FBF739F84FF432
:10F0DC00FB73C21C0020254908930696AB68079168
:10F0EC002349A3F2857305917168D2B20491CDE9DD
:10F0FC000200012101940097F7F78AFD10F0FD0F33
:10F10C0026D101220221104611B0BDE8F04FF6F7CE
:10F11C0005BC98F8272008F1040042F0400288F85A
:10F12C00272000F0C3F80122A8F8280061E700238B
:10F13C000122184611460093F7F704FEC4E700DEDF
:10F14C0026E7F8F7DDFB0A9B8342B9D000DEB7E770
:10F15C0000DED6E7BC2E0020C02E002083DE1B4331
:10F16C007FC3C901404B4C00C9ED000015ED0000F8
:10F17C003DED0000C38D23B190F8E82012F001039F
:10F18C0000D0704730B501240C4D89B042EA040C14
:10F19C00CA1C0595032180F8E8C0D2B20690CDE9CF
:10F1AC0001331846049300930394F7F7AFFD10F066
:10F1BC00FD0F01D109B030BD00DEFBE71DED0000F5
:10F1CC0038B50C461546FAF7CFFF48B11CB1BDE86F
:10F1DC003840FDF78FBA2946BDE83840FDF764BAD0
:10F1EC00022038BD38B50C461546FAF7BDFF58B1AC
:10F1FC0090F93730002B05DA2A462146BDE8384015
:10F20C00FDF75CB90C2038BD022038BD10B41F20AE
:10F21C004FF0FF342521034B034A1C601871117009
:10F22C0010BC70475C1D00201236002010B58646BD
:10F23C0002FB011102781C4C114484FB01020A44AC
:10F24C00521102EBC20002EB80028A1AD0B28EF885
:10F25C000000C108595C02F0070241FA02F212F0F8
:10F26C0001029DF808C01DD1B0FBFCF10CFB110193
:10F27C0010465C1EC9B2043300F1080E14F8012FBD
:10F28C005FFA8EFE12F0010F00F1010C4FEA5202F0
:10F29C0002D039B10139C9B25FFA8CF08645F1D18F
:10F2AC009C42E9D110BD00BFA7C867DD4288008829
:10F2BC00504070474FF0030CF0B52F4D2F4C484089
:10F2CC00060A5FFA80FE0EEB8E2E06EB862004EA11
:10F2DC00401705EA400605EA4E0004EA4E1E3E437E
:10F2EC0040EA0E0000EB002706EB062E06EB0E267E
:10F2FC0000EB0720C6F30746C0F3074040EA0620A0
:10F30C0000EB00100CF1FF3C08441CF0FF0C80B229
:10F31C00D6D141401A48A0FB01400C1A00EB540016
:10F32C00400900EBC00400EB8400081AC0F3C404CD
:10F33C00145D00F007052C41E407C0B21AD46046F6
:10F34C0001FB03F3561EC3F30743043200F1080517
:10F35C0016F8011FEDB211F0010F00F101044FEA94
:10F36C00510102D033B1013BDBB2E0B2A842F2D181
:10F37C009642EBD1F0BD00BF102102004084080082
:10F38C004D91CFBA00F048BA684620F007018D467F
:10F39C0001B502F0B5FBF2F765F8BDE80140854612
:10F3AC00704700BF08B5094BD3F828213AB90120A2
:10F3BC00F6F74AFBBDE808400220F6F745BB0020F3
:10F3CC00C3F82801F7F712FCF1E700BF00200E503C
:10F3DC000020F6F739BB00BF90B90E4B0E4A1978D6
:10F3EC001078CBB288420DD10C480D49013390F8FE
:10F3FC0000C013700B78634507D003780B7070470F
:10F40C0000DEEAE700DE1378EEE700DE03780B702F
:10F41C00704700BF13360020143600201836002029
:10F42C00173600200B4A0C4B117893F800C08C4512
:10F43C000DD012781A70094A094B18B9117818783E
:10F44C00884202D012781A70704700DEFAE700DEAC
:10F45C00EFE700BF163600201536002013360020CB
:10F46C001436002002F098BC08B50B490B4A91F8F1
:10F47C0000C0137803989C450BD000220B70084BEE
:10F48C00114698600120F6F77DFA00B908BD00DE40
:10F49C0008BD00DE1378F0E7133600201436002088
:10F4AC00940400202DE9F0412D4A2E4D12782B7832
:10F4BC000C469A428AB005D12B4B2C4A1B781278F9
:10F4CC009A4244D026682A4F06F272684046396840
:10F4DC00F7F7A4FC002803DB00200AB0BDE8F0819C
:10F4EC00244A254B11781A78914213D11E4A1F4990
:10F4FC001278097891420DD000221978104601310A
:10F50C00C9B2197011461D4B0092F7F71BFC10F095
:10F51C00FD0F22D11A48E168C7F80080002207903D
:10F52C0040F27260174C3346CDE905412978013120
:10F53C00C9B22970009011461046CDE90322CDE9DD
:10F54C0001220892F7F764FB0AB0BDE8F081066867
:10F55C000446074F06F27268DCE700DE00DED9E7EE
:10F56C0017360020183600201336002014360020E1
:10F57C006C1D0020153600201636002031F40000DA
:10F58C00E5F3000075F400007F4A9368002B00F04F
:10F59C0090801368002B00F08B802DE9F04F814692
:10F5AC0089B04FF0FF338DF80A300DF10A00F8F7EF
:10F5BC00E9FA0446002839D0037F9907F5D1857AFA
:10F5CC0015F00205F1D1C3684B4556D0A8462F461D
:10F5DC0006680DF10A00F8F7D5FA8346E0B1027F10
:10F5EC009207F6D1827A9307F3D4C268B8F1000F70
:10F5FC001FD04A4521D0DBF800A031465046F7F722
:10F60C000DFC00280DF10A00BCBF5F465646F8F70A
:10F61C00B9FA83460028E2D1002F08BF27463946A5
:10F62C003846FFF73FFF30F002033FD109B0BDE889
:10F63C00F08F914545D08046DDE7227F204642F091
:10F64C0002022277E168A2699047D845A9D1FF232D
:10F65C008DF80A300DF10A00F8F794FA04460028E8
:10F66C00E4D0037F9F07F5D1837A9E07F2D4C36859
:10F67C004B4502D000DED0F80C90434A4846137B31
:10F68C0043F001031373D2E9001303AA984706460B
:10F69C0000B310F1100F5ED03B4A00209368116844
:10F6AC00984716F10B0F1ED08C36BFD000DEBDE78D
:10F6BC007047354918460A7B42F001020A73F8F785
:10F6CC007DBA237F204643F002032377E168A369C8
:10F6DC009847BCE7237F204643F00203A269E16808
:10F6EC0023779047A2E700230226FF27264AD2F869
:10F6FC000890D2E9004813608DF80B700DF10B00E7
:10F70C00F8F740FA90B1037F9A07F7D40DB9DB07ED
:10F71C00F4D4C368A342F1D1037F214643F0020322
:10F72C008269037790478DF80B70E7E70125AE42AD
:10F73C0001D02E46E0E70794002449464046039B3F
:10F74C00009604AACDE904440694F8F7D3F90028EE
:10F75C007FF46CAFAAE7A37A43F00203A3720DF116
:10F76C000A00F8F70FFA014600283FF45FAF037F59
:10F77C009D07F4D1837A9C07F1D4FFF793FE30F008
:10F78C0002033FF453AF91E7F80B002010B5174874
:10F79C0008F025FE38B30024154B9C6000F0A0FA4D
:10F7AC0000281FDB224621468A20F1F7D9FD22468C
:10F7BC000121E320F1F7D4FD214622461E20F1F76A
:10F7CC00CFFD4FF480720B4B8A20C3F88824F1F7DD
:10F7DC0097FDE320F1F794FD1E20F1F791FD02F067
:10F7EC00A9F9204610BD6FF0120010BD188E010053
:10F7FC00F80B002000A0085008B500F083FA002890
:10F80C0009DB8A20F1F78AFDE320F1F787FD1E2042
:10F81C00F1F784FD002008BD0A460146024892B269
:10F82C0083681B68184700BF188E010030B4074D61
:10F83C00AB685C6834B1A4468AB200230146284602
:10F84C0030BC60476FF0570030BC7047188E010019
:10F85C0030B4074DAB685C6834B1A4468AB200235F
:10F86C000146284630BC60476FF0570030BC7047EB
:10F87C00188E01000020704730B5044683B078B371
:10F88C001D4B1A68824225D0FF250DF107008DF81B
:10F89C000750F8F777F938B91AE0A1420AD00DF100
:10F8AC000700F8F76FF998B1037F9B07F7D4C1688D
:10F8BC00002CF2D1037F826943F002030377904757
:10F8CC000DF107008DF80750F8F75CF90028EBD123
:10F8DC0003B030BD9B686BB1014600209847D3E75D
:10F8EC00054A9368002BCFD011680029CCD000209A
:10F8FC009847C9E700DEC7E7F80B002000207047E7
:10F90C0010B50446F8F730F98CB90D4B9A68AAB1CA
:10F91C0000221C689A601A6004B124680020F8F771
:10F92C004DF92046F8F7DAF928B1002010BD00286F
:10F93C00F3D100DEF1E700DE002010BD00DEE7E7CA
:10F94C00F80B002040F27260704700BF10B51446EF
:10F95C00F7F762FA2146F7F761FA002805DB513018
:10F96C00B0F58A7F38BF002010BD002010BD00BF4D
:10F97C00262810B5044613D0272809D0252817D1DE
:10F98C00022002F04FF92046BDE8104002F050B9B9
:10F99C00502002F047F92046BDE8104002F048B96B
:10F9AC001A2002F03FF92046BDE8104002F040B9A1
:10F9BC000A2807D927280AD900DE2046BDE81040BE
:10F9CC0002F036B90230400002F02CF9DBE70330CC
:10F9DC00400002F027F9D6E702F08AB902F090B99C
:10F9EC0008B502F0D9F9BDE8084002F061BB00BFD0
:10F9FC0008B502F0D1F902F05BFBBDE8084002F05B
:10FA0C002FBB00BF08B502F0C7F902F051FB02F0A2
:10FA1C0035FBBDE8084002F023BB00BF014608B52A
:10FA2C00114802F07DF802F00BFA60B102F026FCEE
:10FA3C0002F0B4F800F0A4F900280EDBBDE8084091
:10FA4C000020FFF75DBF02F07DF902F017FC02F019
:10FA5C00A5F800F095F90028F0DA00DEBDE80840C2
:10FA6C000020FFF74DBF00BF71F4000010B5044635
:10FA7C0002F092F902F01CFB02F000FB02F0F0FA2B
:10FA8C002046BDE81040FFF7C9BF00BF10B50446C3
:10FA9C0002F082F921460D4802F042F802F0D0F94A
:10FAAC0040B100F06DF900280ADBBDE810400020E1
:10FABC00FFF726BF02F046F900F062F90028F4DAED
:10FACC0000DEBDE810400020FFF71ABF71F4000003
:10FADC002DE9F04FFF248046894692461F4689B097
:10FAEC009DF848B08DF81F400DF11F00F8F74AF84B
:10FAFC00002864D0037F9D07F6D1837A9C07F3D44A
:10FB0C0005683E689DF81F3004462946304605932B
:10FB1C00F7F784F9BBF1000F7DD0BC4208BF00247D
:10FB2C0026460DF11F00F8F72DF8C0B1027F9107A2
:10FB3C00F7D1827A9207F4D40268294604901046D1
:10FB4C000392F7F76BF9039A049B00280DF11F0041
:10FB5C00BCBF15461E46F8F715F80028E6D1059BE4
:10FB6C008DF81F30464B9A68002A74D1002E72D142
:10FB7C004CB3BBF1000F61D11A7BB97A02F00102D0
:10FB8C0001F002010A434ED14946534640463A46DB
:10FB9C000096F7F7AFFF0146002848D0BB7A9B07C9
:10FBAC000AD4002C14BF26460E463046FFF77AFCCA
:10FBBC0030F0020300D000DE6FF0760427E0304B0B
:10FBCC009A68002A45D11A7BB97A02F0010201F039
:10FBDC0002010A433DD01A7B384622F001021A7307
:10FBEC00FA68C3E901891A60D04704460DF11F0079
:10FBFC00F7F7C8FF014650B1037F9D07F6D1837A12
:10FC0C009A07F3D4FFF74EFC30F0020331D12046B3
:10FC1C0009B0BDE8F08F0028BFF67FAFFF23354653
:10FC2C005C4605937CE7BC42D5D000DED3E700DE12
:10FC3C00BB7A9F07C0D4002EB7D1B2E753463A46E1
:10FC4C0049464046CDF800B0F7F754FF0028B3D131
:10FC5C00B1E7002426464946534640463A46CDF87D
:10FC6C0000B0F7F747FF014628B1BBF1000FA3D155
:10FC7C00DEE700DECBE700DEBBF1000F9CD1D7E75F
:10FC8C00F80B002001F1100004F03EBC70B50546E5
:10FC9C000C4688B00122002104A808F005FD0323BE
:10FCAC00002602930D4B694628460396019306F0F5
:10FCBC002DF8002810DB314647F6122340F2E730CE
:10FCCC004FF47A72E4FB03010023F0F7D1FB0246F8
:10FCDC000B4604A804F04CFC08B070BD91FC00006D
:10FCEC0038B5012002F038FE01240023044D6B606E
:10FCFC00AC60EB602946BDE8384006F007B800BFA1
:10FD0C00741D002010B5012002F026FE04460449A3
:10FD1C0006F06BF82046BDE8104006F042B800BF74
:10FD2C00741D00200C4B1A780AB10020704701207A
:10FD3C0010B5187002F010FE4FF47A710446FFF7FC
:10FD4C00A5FF38B9204606F02CF802280CBF00207D
:10FD5C006FF0040010BD00BF1936002008B5074B2A
:10FD6C00D3E8EF2F511CC3E8E01F0028F8D1002A7C
:10FD7C0001DC02F0F9FD002008BD00BF701D002061
:10FD8C0008B50A4BD3E8AF2F002A0CDDD3E8EF2FD0
:10FD9C00511EC3E8E01F0028F8D1012A01DC02F053
:10FDAC00F5FD002008BD6FF0770008BD701D002028
:10FDBC0032207047014B33F810007047C49E01008D
:10FDCC0010B50446FFF71EFE02F04EF92046BDE8C2
:10FDDC001040FFF723BE00BF38B5044602F01CF8F4
:10FDEC00FFF7FEFD962002F079F9002318461A461B
:10FDFC00194602F009F90120F7F720FEF0B11C308A
:10FE0C0001F06AFF01F0EAFF00BB2146104801F047
:10FE1C0087FE02F0D5FA00210446084601F072FF75
:10FE2C0000210546084601F069FF2C44CB34201A0A
:10FE3C0002F02EFABDE8384002F0BABA00DE1C30EF
:10FE4C0001F04AFF01F0CAFF0028DED000DEDCE73B
:10FE5C00CD03010010B50446FFF7D4FD02F004F900
:10FE6C002046FFF7DBFD0021044B012208469C6075
:10FE7C00F5F788FD00B910BD00DE10BDA40400200C
:10FE8C00814208B50ED00B7ADB0702D46FF08B00E1
:10FE9C0008BD0C4B1360FFF761FF00280FDB6FF000
:10FEAC000A0008BD0B7B01EB83010B691B7803F087
:10FEBC000F03012B0CBF00206FF08B0008BD00DE80
:10FECC00EDE700BFF502010010B548B10C46FFF795
:10FEDC0057FF00280BDB2046BDE81040FFF710BD94
:10FEEC00044801F01DFEBDE8104001F02BBF00DE00
:10FEFC00F1E700BFCDFD0000042210B50024074B34
:10FF0C0028219818F5F746FC054B9C8102222146C6
:10FF1C00044808F0C9FB204610BD00BFAC1D0020F2
:10FF2C009C1D00208C1D0020042210B50024074BC2
:10FF3C0028219818F5F72EFC054B9C8102222146AE
:10FF4C00044808F0B1FB204610BD00BFAC1D0020DA
:10FF5C009C1D00208C1D002010B504460548F5F7AB
:10FF6C003DFC20B1034600205870636010BD6FF05B
:10FF7C000B0010BDAC1D00200022034610461A7069
:10FF8C005A709A60704700BF38B51D4D2B7B6A7B49
:10FF9C009A4202D055F8234034B91A48F5F71EFCA2
:10FFAC00044680B1204638BD174804F007FB2B7B74
:10FFBC006A7B9A42F6D00133DBB2032B08BF0023D5
:10FFCC002B73204638BD0023104A0F4804F0D0FA9A
:10FFDC00A0B90D4804F0F2FA2A7B6B7B93420BD04C
:10FFEC00531CDBB2032B08BF002355F822202B73C4
:04FFFC0012B11446E4
:020000021000EC
:10000000204638BD00DED3E700DEE8E79C1D002077
:10001000AC1D00208C1D00205A62020010B5027831
:1000200043789A4214D0D4B244700278944204D0F7
:100030005A1C4370D3B2022B0ED01A460B7000EB41
:100040008204606800B110BDFFF7A4FF606010BDBE
:100050000133DBB2022BF0D100221346EEE700BFE2
:10006000F8B5027843780446934226D0D5B2154AB3
:1000700004EB8507507B92F80CC0431CDBB2032BCA
:1000800008BF00239C450E46796806D042F8201030
:1000900053730D4804F03EFA00216B1CDBB2022BB7
:1000A00008BF0022796014BF1A461346012123704D
:1000B000317004EB82046068F8BD1A4604EB8204D8
:1000C0006068F8BD9C1D00208C1D002030B5037AAF
:1000D0000446C3F3021393FAA3F0002BB0FA80F0A6
:1000E00008BF4FF0FF3083B000F101003AD0217A11
:1000F0005A1E134063F3061121722430FFF73EFCB1
:1001000000230DF1070104F10C008DF80730FFF713
:10011000A7FF054620B3284601F0EAFD2B7803F03F
:100120000F03022B13D00DF1070104F11800FFF7A4
:1001300097FFE0B121460F4801F0F8FC962001F04E
:10014000D3FF002003B0BDE8304001F04DBF214691
:10015000094801F0EBFC03B0BDE8304001F074BF8A
:1001600000DED8E700DE237AC3F30213BFE700DE28
:10017000E0E700BFE5FD0000D101010010B5044635
:10018000FFF746FC237A03F07102012A06D11A46D2
:10019000C3F3420363F306122272D3B213F0700F5B
:1001A00005D0636853B193F82C309B0706D501F056
:1001B00061FF2046BDE81040FFF736BC2046FFF740
:1001C00085FF01F0ABFDBDE8104002F0F7B800BFBD
:1001D00010B5044601F026FE2046BDE81040FFF7AA
:1001E000CDBF00BFF0B5C4680546636883B0002B7F
:1001F00043D101F0A7FC6FF0130001F0E1FC0021F6
:10020000084601F0D3FC00222521082001F040FD22
:100210002F4B01A8019301F027FD2E4940F25B60AE
:1002200001F01EFE237A20461A46C3F3420363F30D
:1002300006122272FFF74AFF27682E683846FFF73A
:1002400087FB03461E446A6806F21311012001F081
:1002500059FF02F0B3F82046F9F7C4FC811C32467E
:100260003846C9B2FFF778FB054698B92046FFF734
:100270004BFB68B9002003B0F0BD93F82C309B070E
:10028000B7D02146144801F051FC01F061FDF1E7BF
:1002900000DEEFE740F21143104A1149114805F022
:1002A000B1FC2A461049114805F0ACFC002383F349
:1002B0001188BFF36F8F0323184602DF0C482146D5
:1002C00001F034FC01F044FD6FF08B00D3E700BF78
:1002D000D6BE898E5555550099FA0000B49B010091
:1002E000009C01007C9B0100D49E0100049C010045
:1002F000CDFD000070B5C36804461E68F6F792FD98
:1003000005463046FFF724FB02460023AD1AC4E938
:10031000005323812046BDE87040FFF763BF00BF54
:1003200010B582B00446FFF71FFD002809DB00234B
:10033000074A084908480094F7F714FD18B902B0B5
:1003400010BD00DEF3E77730F9D000DEF7E700BF3D
:10035000E5010100D5FE00008DFE0000F8B5079D07
:100360000E469DF818709DF820402DB10C78B2EB28
:10037000D41F16D00020F8BD417A01F003010129F5
:1003800001D9002CF6D03178B2EBD11FF2D1062280
:10039000184606F1080108F049FCB0FA80F040095F
:1003A000F8BD18460622083108F040FC0028E1D1CB
:1003B000C4F38014BC42DED106222846B11C08F0EA
:1003C00035FCB0FA80F04009F8BD00BFF0B587B049
:1003D000044601F013FDC0B2002800F08C8001F04B
:1003E0004BFD054601F05AFEEDB2064601F060FEF7
:1003F00001F03EFEFFF70CFB45B92146584801F0DD
:1004000095FB07B0BDE8F04001F0A2BCFF2301203E
:100410008DF81730F7F718FB0546002800F0998093
:10042000237B95F81CE004EB83031F6905F11C0195
:100430003B4613F802CBF6B20CF00F00012808BFC0
:1004400007F10800CCF380124FEADC170EF00F0C16
:1004500018BF0020BCF1030F50D0BCF1050FCCD168
:100460006D7F222DC9D16568002DC6D095F82C501E
:10047000AD07C2D40DF11705CDE90106009720465E
:100480000395FFF76BFF0028B7D00420F7F7DCFADD
:100490000028B2D02146334801F048FB01F058FC57
:1004A00001F0A2FC002856D1626892F82C3043F08B
:1004B000010382F82C30F7F7E1FA17224FF6FF73A9
:1004C0000271C3808460054601F0D6FE286101F008
:1004D00077FF00210446084601F01AFC241A6C61DB
:1004E000F7F7CCFA294603462868EB6007B0BDE869
:1004F000F040F7F7EDBAFFF78BFA7EE7697F0C293A
:100500007FF47BAF00287FF478AF617ACF0702D504
:10051000002E3FF472AFB2EBDE1F7FF46EAF062207
:10052000184605F1240108F081FB00287FF465AF2F
:1005300021460D4801F0FAFA01F086FD237E04EB16
:100540008303D86901F0D4FB01F04EFC28B907B051
:10055000F0BD00DE64E700DEA6E700DEF7E700BFDF
:100560007D01010061FE0000D1010100F8B56B4B77
:1005700005461B789BB16A4C2678002E36D1694C13
:100580002378002B40F0C080674A684B12681B68D4
:100590009A420CBF664A674A136801331360FFF73B
:1005A00037FAF7F793FB044600286ED00120624B20
:1005B000624A1B7812788340024003F0020313431F
:1005C000A2795F4922F0030213435E4A0988A371AE
:1005D0001378A1802070237219B195F92730002B70
:1005E00055DB2846BDE8F840FFF71EBA01F0ACFE27
:1005F000064601F0C5FE544B1B68984203D0534A8F
:1006000013680133136001F0A5FE0022454B4649F3
:100610001A700968454B4E4F19604E4922700B689D
:1006200001330B604C490B6801330B604B4B114697
:10063000B3F800C03B46DC781846002C45D10029B1
:1006400057D00132042A03F20C43F4D1002949D0D7
:10065000FF2E47D8CB7833B90123414AA1F800C017
:100660001278CB708A704B6801EB860601334B60C1
:10067000F3680133F3608B6801338B60FFF7C8F9CF
:10068000F7F724FB0446002890D100DE8EE795F8AA
:100690002C30C3F30213022B29D0042B0CBF4FF4D0
:1006A000BC77282701F07EFE064601F081FE00237C
:1006B000361AE660EA6B2846C4E90427EB636B64EC
:1006C000BDE8F840FFF7B0B9014618886045B8D1D9
:1006D00023489C7800788442B3D140F20C4101FB5E
:1006E0000271B5E71F4A13680133136057E71827F3
:1006F000D8E70132042A0FD093F80F1403F20C4309
:100700000029E1D101469CE701F024FE164A26703B
:1007100013680133136042E7194697E71E3600203D
:100720001D3600201C360020841E0020801E002064
:10073000641E0020681E00201F3600202036002086
:10074000AE3300201A3600207C1E0020541E0020EC
:100750008C1E0020601E00206C1E0020380500202A
:100760003B050020881E0020581E0020012938BFAC
:10077000012130B4084A094C1368094D0133136054
:100780002478084B288019701CB1074A136801337C
:10079000136030BC704700BF841E00201E3600204E
:1007A000380500203B050020781E0020F8B5EFF347
:1007B0001183202686F31288BFF36F8F00241E4D0D
:1007C0002C7083F31188BFF36F8F41F23002214602
:1007D0001A4808F023FA1A4A1A4B14601C601A4A85
:1007E0001A4B14601C601A4A1A4B14601C601A4A97
:1007F0001A4B14601C601A491A4A1B4B0C60146097
:100800001C60EFF3118786F31288BFF36F8F174ECA
:1008100033786BB900230121154A16481370164A24
:1008200003602970136087F31188BFF36F8FF8BDE1
:1008300001F090FD3470EDE71E3600208C1E002084
:10084000881E00206C1E0020741E0020781E0020D0
:10085000601E0020641E0020681E0020541E002020
:10086000701E0020581E00205C1E00201C36002038
:100870001D360020841E0020801E0020EFF311830F
:10088000202282F31288BFF36F8F0021034A117078
:1008900083F31188BFF36F8F704700BF1E360020AF
:1008A0002DE9F04F00268B468846B246414B8DB06D
:1008B0001B68414C414D0A930B9014F8053C3BB129
:1008C000D4F80090B9F1000F02D0B8F15F0F0BD847
:1008D00004F20C44AC42F0D1B8F19F0F56463DD81B
:1008E00030460DB0BDE8F08F002320464FF6FF7173
:1008F0001E469E461F4608E0B9EB470F9E4698BF2E
:100900001E460133B3F5807F0ED050F8042F002A25
:10091000F7D0994228BF19461744002EECD09E46C6
:100920000133B3F5807FF0D1CDE90291CDE9046EBA
:100930000A9B0B98069354F8043C4146019314F823
:10094000063C5044009334F8083C1D4A04F056FD20
:100950000028C4BF8244ABEB0A08B9E70A9A194BD6
:100960000B981B680992184A414612685044089235
:10097000164A12680792164A12680692154A1268B9
:100980000592154A12680492144A12680392144A96
:1009900012680292134A12680192134A1268009276
:1009A000124A04F02BFD0028C8BF361830460DB09F
:1009B000BDE8F08F881E0020941E0020C42E002069
:1009C000309C0100781E0020541E0020581E00207C
:1009D0005C1E0020601E0020641E0020681E002097
:1009E0006C1E0020701E0020741E0020709C0100F0
:1009F00008B501F04BFA034601211A78002061F393
:100A000001021A7008BD00BF00207047704700BF88
:100A1000002330B40749084A0B801380074C084D67
:100A200008480949094A2B70237003700B70137032
:100A300030BC7047B0330020AE3300202036002099
:100A40001F360020213600201B3600201A360020D9
:100A5000814207D091F82C305B0716D50E4B1888D1
:100A600098B970470C4A0D4B1288197872B939B190
:100A70000B4A13680133136000DE6FF08B00704780
:100A800001226FF00F001A707047044B1B78002B87
:100A9000EED16FF08B007047B03300201B36002082
:100AA000501E002038B50D4680B30446FFF76EF99E
:100AB000002848DBE36821894A1C9983598B0A4442
:100AC00093F927105A83002914DBF7F7FFF8034640
:100AD000002836D0002101249A79998022F003025F
:100AE00042F002029A711C7019722846BDE8384023
:100AF000FEF70CBF20891A6B996B00FB02220A4497
:100B0000596B8A4228BF0A469A63DEE791F927307B
:100B1000002B0ADB29460D4801F008F801F018F90E
:100B200095F892301B0708D438BD094B1B88002B61
:100B3000F0D10122074B1A70ECE7BDE8384001F014
:100B400081BC00DEC6E700DEB4E700BF6D05010032
:100B5000B03300201F36002070B504460120F6F7A0
:100B600073FF40B30021417794F87B5000F11C06DD
:100B700005F00705284601F019F894F89230AA000C
:100B80001B0742F001020DD51F21082001F080F85B
:100B90003246294604F1930001F01AFCBDE870408A
:100BA00001F0A0B808201B2101F072F83046BDE822
:100BB000704001F097B800DED4E700BF2DE9F047A0
:100BC0000446FEF713FF804A8049138808780133F2
:100BD0002728138007D80B787D49DBB251F82320F2
:100BE000013241F823207B4D2B7853B17A4F3E7868
:100BF000002E61D1DFF8E4A19AF80030002B40F01C
:100C0000C180DFF8DC81DFF8DC91774FA08901F04B
:100C10006BFAD8F8002094F87A300132C8F8002036
:100C200003F00702012A104638BF012029783870E6
:100C3000A089A9F8000019B16C4801680131016070
:100C400094F87B000021C3F3C00300F0070001F01B
:100C5000E1F92046FFF780FF01F0C6F8002840F0D8
:100C6000AF8001F0B3FB0346258A94F87B00012195
:100C70000D3500F007001D4401F04AF894F87B3070
:100C8000054403F00703022B7AD0042B0CBF4FF46A
:100C9000BC73282394F87A001D44C0F3C00100F00F
:100CA000070001F031F8281A01F0F8FA2146BDE8F2
:100CB000F0474F4800F03ABF01F046FB064601F00E
:100CC0005FFB4C4B1B68984203D04B4A13680133BF
:100CD000136001F03FFB0022DFF820E1DFF820C1C4
:100CE000DEF80010DFF8F8800131CEF80010DCF8F3
:100CF00000103A4B01313A704248434FCCF8001093
:100D0000D8F800101A70396003461146DFF8D49005
:100D1000354FB9F800A093F803C09E46BCF1000F10
:100D20001FD1002941D00132042A03F20C43F2D131
:100D3000002935D0FF2E33D8CB782BB90123CB70C7
:100D40003B78A1F800A08B704B6801EB860601335D
:100D50004B60F3680133F3608B6801338B6055E7B8
:100D60007146B3F800C0D445DDD193F802E097F89E
:100D700000C0E645D7D140F20C4101FB0201D9E7A2
:100D8000182387E701F0E6FA204ADFF85480136859
:100D9000DFF850900133144F13608AF8006035E794
:100DA0001B4A13680133136030E70132042A09D06B
:100DB00093F80F1403F20C430029D1D17146B2E726
:100DC00000DE4EE71946B3E7B03300203C050020B3
:100DD000C42E00201E3600201D3600201C360020A8
:100DE000841E0020380500203B050020781E0020CE
:100DF000250F01007C1E0020541E0020601E0020D4
:100E0000701E00208C1E0020801E0020581E002016
:100E1000881E002070B505460E4690F87A1001F045
:100E200007042046C1F3C00100F0C0FE95F89230DF
:100E3000A200DB0642F001020CD51F21082000F0C1
:100E400027FF314605F1B40001F0C6FABDE8704055
:100E500000F04EBF08201B2100F01AFF3046BDE80D
:100E6000704000F045BF00BFF0B5054683B001AA51
:100E70000F46D0E91F01F4F71BFD95F892300646A6
:100E80005A0738D448B3019C95F8913095F89020D2
:100E900004341C4412B9627885F8902033B10122E1
:100EA000237862F30103237095F8913095F8902030
:100EB0002846D31A6370F9F7AFFF637883422AD9C3
:100EC0000122607000212378A17003F00F0343EA30
:100ED000021323703C6003B0F0BD43F0040385F8B7
:100EE000923000F0D3FF0446237823F010032370E0
:100EF0003C6003B0F0BD43F0040385F8923000F08D
:100F0000C5FF0446002EEFD0037843F010030370B2
:100F10003C6003B0F0BD3268D5F88030D21A18BFFB
:100F20000122CFE72DE9F04182B0044600F066FFD0
:100F3000C0B2002800F0BF8000F09EFFC5B201F0F3
:100F400097F8FEF75BFD002D59D10120B84A1388B0
:100F500003441380F6F778FD0546002800F0AF81C2
:100F6000B44B1F78002F40F0B1800122204601A928
:100F70001A70FFF779FF94F92730002B80F2728105
:100F8000676CB846002F00F0E7800027B846019E46
:100F90002146A94800F0CAFD01F056F894F89220C5
:100FA0003378314662F3C303337094F89230327869
:100FB000C3F3400363F3820220463270FFF72AFF37
:100FC00000F012FF002840F0318101F0EBF9002819
:100FD00000F08780B8F1000F00F08B804FF6FF73B0
:100FE000A08A984200F068814146F9F7A9FE002FD7
:100FF00040F0838002B0BDE8F041F6F761BD94F99E
:101000002730002BC0F2BE800120894A1388034498
:101010001380F6F719FD0546002800F0D68094F8F5
:1010200092302A7F03F00101C2F38000884205F16B
:101030001C0671D094F9272081F0010161F30003AF
:10104000002A84F8923005DA94F82C3043F0080333
:1010500084F82C3094F892305F0700F1D380D4E903
:101060001F0101AAF4F724FC0746F0B194F891207F
:10107000019B1344597971B194F89230D8060AD57E
:10108000D4F8C4300133C4F8C430D4F8C83043F1C4
:101090000003C4F8C83094F890300A44D2B29A429F
:1010A000C0F0E88000F00D8100DE4FF0000894F8F9
:1010B00092302A7F32E0FEF7A1FC21465E4800F024
:1010C00035FD02B0BDE8F04100F042BE013FFFB285
:1010D000204601A91F70FFF7C7FE002F3FF456AF4F
:1010E00049E701F053F901F057F9B8F1000F7FF427
:1010F00075AF17B902B0BDE8F081F6F7BFFC032366
:101100002B71A38A29462868EB80F6F7C9FC02B048
:10111000BDE8F041F6F7D4BC4FF00008C2F3C002BE
:10112000C3F340039A4200F0B18000270022414BF4
:1011300020461A700122414B01A91A70FFF794FE54
:1011400094F92730002B64DB2B7FDA0604D4019E50
:101150003378DB0640F18980394B1B78002B7FF414
:1011600016AFE08900F0C0FF94F87B0000F00700A4
:1011700000F03AFF2146334800F0D8FC01F01EF998
:10118000019E0BE7304B1B780BB3304D2B78002BB7
:1011900073D101F0F5F82E4B2E4E186001F0BCF81B
:1011A000012033682249034433600B882A4A0344F0
:1011B0000B8094F927302870002B10700BDBF6F7AA
:1011C00043FC054600287FF42AAF00DE27E7184AD3
:1011D000138801331380214B1A78272A1ED8012047
:1011E0001B781F49DBB251F82320024441F8232029
:1011F000F6F72AFC054600287FF411AF00DE002335
:101200001B7FFFDE23F0040384F8923000F03EFEE3
:101210004BE7636C002B7FF4BAAE95E70120F6F73D
:1012200013FC054600287FF4FAAEE7E700DECCE6C3
:10123000AE330020213600206D050100203600204D
:101240001B360020BD0B01001E3600201C3600207E
:101250007C1E0020741E00201D3600203C0500204E
:10126000C42E00200027B84676E77378002B3FF4A1
:101270008FAE71E784F8912017E701F06BF8002139
:101280004D4A297013680133136082E70320F6F793
:10129000DBFB00283FF449AF94F8923083F002035F
:1012A00084F892306B7F002B3FF43FAF94F892307C
:1012B00019071AD4012739E700DEA08A94E600DE78
:1012C0004EE60022D4F88000A4F8902004F17C01BE
:1012D000F4F7F6FA019B1B683B60019B1F60DDF889
:1012E000048094F892302A7F18E701F079F80028FA
:1012F0005FD001F09DF800284BD1D4F8A330D4F88A
:10130000A720134304D12B7F03F00303032B2BD01F
:1013100002222A4B21462A481A7000F007FC00F0EE
:1013200017FD00F061FDB8B901F03CF860B1B8F10B
:10133000000F3FF4DFAE4FF6FF73A08A98420DD046
:101340004146F9F7FDFC55E601F020F801F024F8DC
:10135000B8F1000FEFD1CDE600DEE5E700DE414653
:10136000A08AF9F7EDFC45E600F094FD42780146CD
:10137000272ACDD80332304607F02AFCD4F8A33010
:10138000D4F8A720013BC4F8A33042F1FF33C4F8DE
:10139000A7300121D4F8A330084A0133C4F8A330A0
:1013A000D4F8A73004F1A30043F1000311704360A7
:1013B00080E700DE9DE700BF5C1E00201A3600209B
:1013C0006D0501004FF6FF732DE9F043C46883B04B
:1013D000A28A9A4200F004810646FFF719FB002119
:1013E0003389628B208C1A4492B21044618380B29C
:1013F00094F82710A383431C238401F03F0349067C
:10140000E28300F1B78094F8281004F129000093DA
:1014100004F12203FDF710FF0546D4E90C31A26B5D
:10142000A08BA36303FB0022E36B00208A4294BFDE
:101430009B185B18D4E910728B4228BF0B463A44C4
:10144000C4E9100294F87B1094F82C20E36361F354
:10145000061284F82C2094F8922012F0040200F076
:101460009B8000F06FFB6FF0130000F0A9FB201DC4
:1014700000F0FAFB2389A17A40F25B6043EA014164
:1014800000F0EEFC5B4B272D1D7005D85A4A52F830
:101490002530013342F825302846FEF76FFA214601
:1014A000564800F043FBA08900F01EFE94F87A1025
:1014B000A08901F00701FFF759F994F87A2094F810
:1014C0007B00C2F3C003002102F0070200F0070016
:1014D00000F0A0FD2046FFF73FFBD4F800803768FE
:1014E0004046FEF735FA03461F44726807F21311AF
:1014F000002000F007FE814600F0F0FE002000F022
:101500004BFFE36B94F87B0003F11102636C012144
:1015100000F0070003EB420500F0F8FB4D440544E2
:1015200094F87B0000F00700022833D004280CBF99
:101530004FF4BC73282301211D4400F0E9FB28442B
:1015400000F0ACFEA18A3A4603314046C9B2FEF72C
:1015500003FA0546A8B1B37A13F002062AD0002593
:101560002146274800F0E2FA00F0F2FB284603B0DB
:10157000BDE8F083218D04F12202FDF7A1FE0546AE
:101580004BE72046FEF7C0F988BB0025284603B08C
:10159000BDE8F0831823CEE7D4E91F01F4F788F9FA
:1015A00000287FF45EAF94F8923043F0040384F88F
:1015B000923056E740F26713124A1349134804F079
:1015C00021FB2A461249134804F01CFB86F31188BC
:1015D000BFF36F8F0323184602DF6FF08B05BFE761
:1015E00021460D4800F0A2FA00F0B2FBCDE700DE84
:1015F000CBE700BF3C050020642F0020250F010031
:1016000079FA0000009D0100009C01007C9B010014
:10161000E09E0100049C010099FA000010B582B020
:101620000446FEF7A1FB002809DB0023074A08490E
:1016300008480094F6F796FB18B902B010BD00DE1A
:10164000F3E77730F9D000DEF7E700BFC5130100FC
:10165000A50A0100510A0100264B0246D3F8A41343
:10166000013106D02349D1F8A00310F0010009D1BF
:1016700070474FF6FF71D3F8A8339BB28B42F1D17C
:1016800000207047D1F8A4331360D1F8A803C0F349
:10169000072363F03F0310715371D1F89033013386
:1016A0001CD0D1F89433013318D0D1F898330133DA
:1016B00014D0D1F89C33013310D0D1F89033C2F854
:1016C0000630D1F89433C2F80A30D1F89833C2F812
:1016D0000E30D1F89C33C2F8123008E00023C2F873
:1016E0000630C2F80A30C2F80E30C2F812300120BB
:1016F000704700BF00C0FF000023144A036043602E
:101700008360C360D2F88033013318D0D2F88433B9
:10171000013314D0D2F88833013310D0D2F88C338F
:1017200001330CD0D2F880330B60D2F884334B6095
:10173000D2F888338B60D2F88C33CB6070470023AB
:101740000B604B608B60CB60704700BF00C0FF0038
:1017500000214FF48062034BC3F82811C3F814230F
:10176000704700BF00200E50034B1878421C003811
:1017700018BF01201A70704722360020064B1878D7
:1017800030B10138C0B21870003818BF012070475E
:1017900000DE1878F5E700BF22360020054BD3F8AD
:1017A0004427D3F840075200D3F84417F7D4002950
:1017B000F5DB704700200E5030B484460C461D4ABD
:1017C000D2F84437D2F8401713F08043D2F84407D8
:1017D000F6D10028F4DB012502EB0C12C2F82C35FF
:1017E0004FEA8C02D2B24FEA0C1C0CF1A04002F17D
:1017F000A042013900F5622002F56222C0F82015EE
:101800001560D0F820259142FBD0A2424FF0010292
:10181000D0F824150CF1A04388BF0131C1F31301A6
:1018200003F56223C0F82045C0F82415C3F82C2521
:1018300030BC704700200E502DE9F0430025594C74
:101840005949C4F800550225C4F800558025574E63
:10185000022AC6F81413C4F88010554CC4F89C1121
:1018600004F58024C4F89C105249A4F58224C4F8DD
:101870000455C1F80455504C4A49C1F8044500F0DC
:101880008D80032A40F08680A322C1F84825026893
:10189000444912BAC1F81C254268012612BAC1F89F
:1018A000182582684FF00E0E12BAC1F81425C268CE
:1018B000424F12BAC1F81025027CC1F82C25B0F8AD
:1018C0001340027E64BA02F00102A4B244EAC214D8
:1018D000B0F8112052BA44EA0244C1F82845D0F8C1
:1018E0001940374A24BA9260C1F82445D0F81D0047
:1018F0002E4C00BAC1F82005D4F8280E1546002455
:1019000005F8044FD2F82C805FFA80FC2D480CF1CA
:1019100002091061956101382B4D69F31708168093
:10192000C2F82C8006F1506600F103085561D561BC
:101930001062D7605662C2F8288082F82FE0C2E9B0
:1019400013535564D56DACF1040C6CF31705D565D4
:10195000C2E90C44C2E9184402F10805D763566590
:1019600082F85FE0C1F8305502F13805C1F838550A
:10197000C1F80441D1F80451C1F80841D1F8081167
:10198000591C941D03331164511D94639164936534
:10199000BDE8F083E322C1F8482578E7C322C1F807
:1019A000482574E7006004500700008000A008503C
:1019B0000030045000200850020000010200000B1B
:1019C00004300020713000200100000CF0B402242B
:1019D0000025464B0229C3F80055C3F80045444C86
:1019E000C3F804457ED0032978D1A321C3F8481554
:1019F00003683E491BBAC1F81C35436801251BBA70
:101A0000C1F8183583684FF00E0C1BBAC1F81435B5
:101A1000C3681BBAC1F81035037CC1F82C35B0F887
:101A20001340037E64BA03F00103A4B244EAC31472
:101A3000B0F811305BBA44EA03442E4BC1F8284594
:101A40001E460024D0F819709B603FBAC1F8247577
:101A5000D0F81D00284F00BAC1F820051D80DF60B6
:101A600050789A6126F8020F03321A625A6A1E6190
:101A700060F317025A62214E021D21489C62D86110
:101A80005E6183F827C0DC625865DE6D1D48C3E9DE
:101A90001844186462F31706013803F10802DE6582
:101AA000DF63186583F85FC0C1F8302503F13802A1
:101AB000C1F83825C1F80441D1F80421C1F8084122
:101AC000D1F80821C21C9A650F4A0D60591DC3E95F
:101AD0001121DA649A1D9A63F0BC7047E321C3F8C0
:101AE000481585E7C321C3F8481581E70060045015
:101AF00000000501043000200200000B0200000C71
:101B00000100000D713000200100000C044BD3F8DF
:101B1000203223B1034A044B10681B6818477047F2
:101B200000A008507C32002080320020024B034A83
:101B300019601060704700BF7C32002080320020A6
:101B4000704700BF0022012130B4144B1448154DDA
:101B5000C0F8282EC3F8A020C3F8A420C3F8A820FA
:101B6000C3F8AC205962D962C3F81028D3F81048E2
:101B700044F48044C3F81048C3F81428D3F8144838
:101B800044F40044C3F81448C0F80021C0F804210C
:101B9000C0F80417296330BC704700BF002008500C
:101BA00000A0085000E01050704700BF02280CBF92
:101BB00004220322014BC3F80025704700A00850FF
:101BC000072821DC00F10A03DBB2112B15D910F133
:101BD0000C0F20DA10F10E0F1FDA10F1100F18DAC7
:101BE00010F1140F1DDA10F11C0F18DA2930CCBFD8
:101BF0004FF498724FF4887202E00B4A52F8232097
:101C00000A4BC3F8102770473F22084BC3F8102730
:101C100070470422F4E70622F2E70522F0E70122EA
:101C2000EEE70222ECE700BFEC9E010000A00850A6
:101C3000014BC3F80807704700A00850094B40F457
:101C4000090040F04000C3F84005D3F8282E22F0E8
:101C50000072C3F8282ED3F8282E42F00072C3F881
:101C6000282E704700A0085000210123074AC2F81F
:101C70003C1EC2F8403EC378C2F8343E81780388E7
:101C800043EA01431B02C2F82C3E704700A00850F3
:101C900002F01C03A3F10803B3FA83F302F003027A
:101CA000013A5B091B06022A98BF43F4801300F037
:101CB0000F000A4A184340F48070C2F8200ED2F890
:101CC000280E074B0340C2F8283ED2F8283E19439D
:101CD00041F44031C2F8281E704700BF00A00850F0
:101CE0000000F8FE014BC3F8D00E704700A008506A
:101CF000014BC3F8D00E704700A0085002280CBF5B
:101D000028202920704700BF0120704729207047F4
:101D100002280CBF05200A20704700BF4FF4005076
:101D2000012110B4064A074B074CC3F81823C4F826
:101D30008C20064AC2F80405196010BC704700BF29
:101D40000D00008000A008500050085000200850EE
:101D500000234FF40050012130B44FF47E540E4A5A
:101D60000E4DC5F88C30C2F8A030C2F8A830C2F8C9
:101D700008050B485162D162C0F8DC35A0F51C2083
:101D8000C0F8803000F58820C2F80845C0F800345B
:101D9000016130BC704700BF00200850005008505F
:101DA00000200E5000220F4BC3F80022D3F800127F
:101DB000C3F80C22D3F80C12C3F81822D3F8181267
:101DC000C3F81C22D3F81C12C3F85C22D3F85C12AF
:101DD000C3F83822D3F83812C3F82022D3F82032BF
:101DE000704700BF00A00850034BD3F80002003832
:101DF00018BF0120704700BF00A00850064BD3F861
:101E0000180238B10120054A05491368D1F8481570
:101E10000B441360704700BF00A0085074320020CC
:101E200000500850064BD3F8180238B10120054A7B
:101E300005491368D1F848150B441360704700BF7B
:101E400000A008507432002000500850034BD3F813
:101E50002005B0FA80F04009704700BF00A008508C
:101E600040F20312034BC3F8442EC3F8480EC3F8E4
:101E70004C1E704700A00850034BD3F80C0E0038DE
:101E800018BF0120704700BF00A0085000487047ED
:101E90007431002000487047703000202DE9F04771
:101EA0004FF00008484F494E97F800C082460CF1A9
:101EB0000403DBB20CF1010E0CF10E044FEAC30C6B
:101EC0005FFA8CFC66444248DFF808C1424D0EF0D0
:101ED000010E9DF82090C0F818C3C6F800C04FEA64
:101EE000CE06E4B23544012944F00044C5F8008030
:101EF0003AD0BAF1000F2ED1022A0CBF322236227C
:101F0000364D0EF10E0141F0004103F1700645F827
:101F10002640C0F804119B0003F1502303F5002371
:101F2000D3F840154FF40054914294BF0122D3F8E6
:101F300040152B4888BF8A1AC3F840252449254BF1
:101F4000264AC0F80445C1F81833C2F8C83087F8EB
:101F500000E0BDE8F087214A03F1700142F821401A
:101F60002D22C0F80441D6E7BAF1010F1BD04AF286
:101F7000B81149F6346542F2B846B9F1020F18BFFC
:101F80000D4641F28831022A18BF31464A191549D7
:101F900003F17005A1FB02121049920941F8254096
:101FA000C0F80041B7E70D490EF10E0242F00042C1
:101FB000B9F1020F03F1700541F82540C0F8002186
:101FC0000CBF29222A22A6E72336002080200850B1
:101FD00000A008500D000080A020085000500850BC
:101FE00000200850D34D621010B5084B084A84B049
:101FF0000446C3F80024002301201A461946CDE9FF
:1020000001330094FFF74AFF04B010BD00A0085050
:102010000100080070B58C4616461D460024084B8A
:10202000084A84B00121C3F80024024663462046D2
:10203000CDE900650294FFF731FF04B070BD00BF29
:1020400000A00850010008000022054B0549064881
:10205000C1F80004C3F8A020C3F8A820704700BF4F
:102060000020085000A0085001000800704700BF81
:1020700001207047034AD2F8903E23F0FF03C2F8D4
:10208000903E704700A008500022034BC3F8242262
:10209000D3F82432704700BF00A00850034BD3F898
:1020A0002402003818BF0120704700BF00A008506C
:1020B000014BD3F8180E704700A0085000234FF4CE
:1020C0007E5110B40548064C064AC4F8DC35C0F809
:1020D0008030C2F8081510BC704700BF0060045083
:1020E00000200E5000200850044B054A1B78043392
:1020F000DBB203F5A87342F82300704723360020B3
:1021000000500850F0B4A2F574234E4CA3F51073A0
:10211000A342074604D902F57422013902F5107270
:10212000494B0125A3FB02239B0C502B184638BFBB
:102130005020002402264FF0050C444A1944D56073
:10214000C51A434BC2F80445C2F810C5C2F8086569
:10215000C2F840050E1AC3F8DC45D3F84427D3F87B
:1021600040175200D3F84447F7D4002CF5DB012286
:102170000139C3F8D015DA62354AD2F8D035994220
:10218000FBD04FF0000C01214FF48074D2F8D4251D
:102190009E4238BF01322E4BC2F31302C3F82CC14A
:1021A000C3F8D065C3F8D4252A4AC3F8DC15C3F8B0
:1021B000AC21A3F5BC23C3F8A02103F58023C3F809
:1021C000A0202249A3F50053C3F80445A3F58023BA
:1021D000C1F88020C3F804454FB30132C1F8C021D3
:1021E00001F5A041C1F800214FF40072C3F80425A5
:1021F0004FF0000C4FF40057174B144A1D60174D59
:10220000174EC5F800C0174B174C1849184DC5F8A4
:102210001863C2F88C60C3F80475C2F8D041C3F8E3
:10222000A440C2F8D411C3F8AC10F0BC7047114AF6
:10223000C1F8C0210E49C1F804214FF40072C3F85F
:102240000425D5E7BFBDF07F83DE1B430050085057
:1022500000200E50080000807832002074320020E8
:102260000D000080002008500E0000800F0000804C
:1022700000A0085009000080024BD3F8D425D3F801
:10228000D005704700200E5001230249024A4B60DE
:10229000536370470050085000E0105070B44FF482
:1022A000C056094B094C0A4A0A490B4DC3F844056C
:1022B000C2F80C43C3F8C440C3F8C411C2F81011EB
:1022C000C5F8046570BC7047005008500B000080D2
:1022D00000A008500C0000800020085009490A485E
:1022E0000A4B0B4A10B4C1F80003C3F8C000C1F890
:1022F0000C234FF44061074CC3F8C420C4F8041504
:1023000010BC704700A008500A0000800050085020
:102310000B0000800020085010B44FF480620024AD
:10232000064B07490748C3F80825C1F8C040C1F863
:10233000CC00C3F8042510BC704700BF0020085033
:10234000005008500A000080014BD3F84C0570473C
:102350000050085010B400214FF48064054B06482B
:10236000064AC0F80845C3F8CC10C3F8C02010BC1A
:10237000704700BF00500850002008500A0000803D
:10238000014BD3F84005704700500850014BD3F87B
:102390004405704700500850014B1860704700BF5B
:1023A0006C300020014B1868704700BF6C30002073
:1023B000014BD3F84005704700500850704700BFEC
:1023C000014B1868704700BF74320020002070472E
:1023D00013460122FFF730BA0A460121FFF7F6BA89
:1023E00038B50223104CC4F80433D4F8043163B96F
:1023F0002025EFF3118085F31288BFF36F8F03F070
:1024000096FDD4F80431002BF3D002204021064B76
:10241000064AC3F80803C2F88811D3F80801B0FAD5
:1024200080F0400938BD00BF0060045000E100E0CA
:10243000034BD3F80004003818BF0120704700BFD9
:102440000060045001210022024B5960C3F80025AE
:10245000704700BF006004500139012905D8E3200E
:102460000AB1EEF753BFEEF75FBF00DE704700BF63
:1024700029B10139012905D8E320EEF769BF1E20F3
:10248000EEF766BF00DE0020704700BF88420BD029
:10249000012803D0022809D000207047A1F10200D2
:1024A000B0FA80F04009704701207047A1F10100A7
:1024B000B0FA80F040097047012908D0022906D0FF
:1024C00051B94FF08042054BC3F8002170470822F4
:1024D000024BC3F81C21704700DE704700E100E0AA
:1024E00008B506F0DBF908BD032803D8054B185CD6
:1024F00028B1704700DE034B185C0028F9D100DEDC
:10250000704700BF349F0100013810B41C460428F6
:1025100006D8DFE800F008111A23030004292FD0A1
:1025200000DE10BC70470429FAD1194B02219C60CF
:10253000002010BCF3F72CBA0329F1D10121154B6F
:1025400008469C6010BCF3F723BA0429E8D1124B6B
:1025500002219C60012010BCF3F71ABA032908D0AD
:102560000429DDD102210D4B08469C6010BCF3F715
:102570000FBA0B4B01219C60022010BCF3F708BA84
:10258000084B02219C60032010BCF3F701BA00BF86
:1025900004050020F4040020E4040020C40400200A
:1025A000D4040020B404002001460A20FFF704B937
:1025B0002DE9F0434FF0100E012400224FF0070CDC
:1025C000374B00EB0E0800F1200700F1300600F158
:1025D00040055C60016809BAC3F81C15416809BA76
:1025E000C3F81815816809BAC3F81415C16809BA87
:1025F000C3F81015C0F8308080F834E080F835203A
:1026000080F8362080F837C080F8382080F83920EC
:1026100080F83A2080F83B2080F83C2080F83D206C
:1026200080F83E2080F83F20076480F844E080F87E
:10263000452080F8462080F847C080F8482080F880
:10264000492080F84A2080F84B2080F84C2080F800
:102650004D2080F84E2080F84F20C3F83065C3F835
:102660003855C3F80021C3F804211C6005E0D3F8F5
:10267000041131B9D3F8301519B1D3F8001100297C
:10268000F5D05C60D3F804110029A2D1D3F83095BD
:10269000B9F1000F9DD0C3F83015BDE8F08300BF3D
:1026A000007004502DE9F0410126124C4720D4F867
:1026B00030756660EEF738FED4F80401A7F14005E6
:1026C00040B10021C4F804113046D5E90E32BDE80E
:1026D000F0411847D4F8003143B1C4F80001A7F124
:1026E0002001D5E90E32BDE8F041184700DEBDE813
:1026F000F08100BF0070045070B5044694B00E46DF
:1027000015462146102268461C46F3F79FF8102212
:1027100031460DEB0200F3F799F86846FFF748FFE2
:1027200025B11022284608A9F3F790F82CB108AD7E
:102730000FCD20606160A260E36014B070BD00BF87
:102740000122024BC3F80424704700BF002008E0B8
:10275000084B70B5C31A0D4607499B1004465943F0
:102760004022064805F024FA2B4601462046BDE8E3
:1027700070401847C8320020B76DDBB6A88D010045
:10278000402373B50B4C0093041B0B460D460A49BE
:10279000A41061430646094A094805F034FA014687
:1027A00028B130462B4602B0BDE87040184702B051
:1027B00070BD00BFC8320020B76DDBB6757C01006C
:1027C000A88D0100F8B500220121054640F2051050
:1027D000EEF7CCFD0F4800F0E9FD0446B8B900F073
:1027E00005FE2F690C49384603F083FA031E09DB06
:1027F00001263E642D69084905F11C0003F079FAB1
:10280000031E02DA1C462046F8BDEE64FBE76FF0BB
:102810000404F8E745290100389F01001FB5002294
:1028200001236C46CDE902236B46074ACDE90044FB
:1028300005F019FA28B943F609520023684601F059
:102840009DFE04B010BD00BF877C010010B5EFF302
:102850001184202383F31288BFF36F8F074A136814
:1028600023F00201DB07116002D4012005F061FBB7
:1028700084F31188BFF36F8F10BD00BF18330020A1
:102880000C22104B014602FB0033002030B4D3E988
:102890000E529863EFF31180202484F31288BFF363
:1028A0006F8F1C6C04F0C00444F002041C6480F3BD
:1028B0001188BFF36F8F1DB12B4630BC02481847FB
:1028C00030BC7047C8320020A88D010010B4EFF36F
:1028D0001180202282F31288BFF36F8F16490B6894
:1028E00043F0020413F001030C6017D0134BD3F82C
:1028F0000C3413F4803311D0EFF3118182F312887A
:10290000BFF36F8F0E4A136C03F0C00343F0020352
:10291000136481F31188BFF36F8F012380F3118853
:10292000BFF36F8F1BB1002010BCFFF7A9BF0120C0
:1029300010BC05F0F6BA00BF1833002000E01050BC
:10294000C8320020022808D0042808D1044B186C93
:1029500010F0070003D1FFF793BF0120FBE770479A
:10296000C8320020C3B21C20014A00FB032070477C
:10297000C8320020074BD3E8EF2F42F00101C3E833
:10298000E01F0028F7D1930702D4012005F0C9BA4F
:10299000704700BF1833002010B5EFF311842023D7
:1029A00083F31288BFF36F8F074A136823F0010186
:1029B0009B07116002D4012005F0BBFA84F3118853
:1029C000BFF36F8F10BD00BF183300202DE9F04119
:1029D000012280463549D1E8EF3FC1E8E02F0028C9
:1029E000F9D133B9324933484B60CB608A6003F088
:1029F00093F908F1FF33012B4BD8B8F1010F06D141
:102A00002D4BD3F8503403F00303012B41D005F0D4
:102A100045FF054650B1EFF31186202383F312885A
:102A2000BFF36F8F0125244C244F20E0244B1B78EB
:102A3000002BF0D00422204B0646C3F80823F2E70F
:102A40004DB3304603F073FAD4F8403413F0FF036B
:102A50000DD1D4F8082152B1C4F80831D4F80831A6
:102A600020220123C4F84034C7F8A0212361D4F800
:102A70004C24D4F84C34D203E2D503F00303012BE9
:102A800002D0B8F1010FDBD155B186F31188BFF345
:102A90006F8FBDE8F0810021202005F09CFFD3E777
:102AA0000422054BC3F80423F3E700BFC43200201F
:102AB000B4320020E432002000E0105000E100E0D9
:102AC0002636002008B5074805F08FFC38B10648C7
:102AD000EEF76AFF0448EEF72BF8002008BD6FF010
:102AE0001200FBE7348E0100ED2A01000A2838B5F8
:102AF0000446074D04D1AB680D2128465B68984712
:102B0000AB6803485B68E1B29847204638BD00BF18
:102B1000348E01002DE9F04340F206354768D006B7
:102B200048BF4FF0030C3B7C02EA050558BFC2F3D7
:102B3000401C87B001F01F06B5F5837F144646EAB6
:102B400043168DF803C045D00DD8062D44D005D8C6
:102B5000A5B1022D12D06FF0150038E0B5F5807FD9
:102B6000F9D101250AE040F20222954236D0B5F5AE
:102B7000407F35D0B5F5007FEDD10425220331D556
:102B800001237A688B405360B86890BB5F2E06F0D3
:102B90001F034FEA561175D83C4A52F82120C4F35E
:102BA000004102EB8302D2F8803081F00101C4F3CE
:102BB000404423F4706344EA410423F00F031C43B0
:102BC00044EA8C0444EA0524C2F88040002007B09F
:102BD000BDE8F0830925D1E70825CFE70625CDE735
:102BE0000525CBE7630341BF01237A688B409360DF
:102BF000CAE731460DF1020205F06EFB14F4403FC6
:102C000080460CD13146B86805F07FFBB8F1000F63
:102C1000DCD19DF80210B86800F0F0FFD6E74FF065
:102C2000000901ABCDE90199CDE90439CDF80C904B
:102C30003146B86803AA05F098FA4845C6DB14F493
:102C4000003314D09DF80330C4F3004484F0010431
:102C50008DF80E308DF80C508DF80D404B463146F6
:102C6000B86803AA00F01CFF0028CFDAAEE7CDE970
:102C700004330DF1030303933146B86803AA05F04A
:102C800074FAF1E7203350F82330FFDE549F01003F
:102C90004209022A034670B503D0012A18D0CAB1EE
:102CA00070BD0E4E326951680029F9D0012503F03C
:102CB0001F030C689D400029F2D08A682A4002D088
:102CC00030464B6898473CB1236821461C46F2E7E2
:102CD000034EE7E7034EE5E72346F6E7FC8D0100E8
:102CE000E08D0100C48D010038B54568A868C0B109
:102CF00005F005FB0146A0B9A86800F047FF0446AF
:102D000088B902460949A86805F0E3FA224601217C
:102D1000DB20EEF72BFB2246012140F20D10EEF7EF
:102D200025FB002038BD6FF00400FBE7912C01006B
:102D3000F0B545681646A8682A7C01F01F0487B0E4
:102D400044EA4214002868D0B6F5001F04D1214699
:102D500005F02DFB002051E00020B6F5800F01AA00
:102D60000190506039D1B3F1007F14BF05230423D3
:102D70008DF804300023CDE904230393EB680DF1B3
:102D8000030723FA01F111F0010139D1B6F1A07F57
:102D900036D104F01F035F2C4FEA541003F12003D7
:102DA0003ED8214A52F8202052F82330DB0727D49E
:102DB0003A462146A86805F08FFA163018D00297D7
:102DC0002146A86803AA05F0D0F9002816DB0122E5
:102DD0002146A86805F09BFABCE7B3F1C06F05D0A7
:102DE000B3F1007F14BF01230223C1E70323BFE730
:102DF0003946A86800F00CFF0028E0DA07B0F0BD03
:102E00003A462146A86805F067FA0028D8D19DF80F
:102E10000310A86800F0F2FED2E76FF08500EDE73E
:102E200051F82330FFDE00BF549F0100036803F018
:102E30001F025F2B02604FEA53129ABF024B53F8F6
:102E400022000020704700BF9C9F01002DE9F74F32
:102E5000154606464FF0010800EB8101B14203D14F
:102E6000002003B0BDE8F08F3268C2F3C323082B03
:102E7000C2F3080400F2A0805148C75C40F2FF137F
:102E80009C4208BF4FF0FF34B2F1D05F4FEA1263AB
:102E900010D2192B12D8DFE803F014233734282F6F
:102EA00034111111111111111111111111111111EF
:102EB0003A717477382B6AD04E2B25D06FF085008D
:102EC000CFE7C5F80446621C56D001A80194FFF76D
:102ED000ADFF019B4FF0010908FA03F3436029E0BD
:102EE000C5F80C464FF0000A62E04FF00009C5F843
:102EF0000046601C16D13FE04FF00109C5F80446BA
:102F0000F7E7C5F80846EDE7C5F81046DBE7C5F872
:102F100060457388621C03F001032DD0002BD4D1CF
:102F20004FF0010901A80194FFF780FF019B08FA07
:102F300003F383604FF0010AD6F800B001A81BF438
:102F4000004F1CBF4FF001094FF0000A0194FFF73A
:102F50006DFF019B1B4C00EB8300D0F88020CBF36E
:102F6000412B3B0243EA8B0343EA0A031440234309
:102F700043EA4903C0F8803004366FE7C5F864457A
:102F8000C7E7C5F86845C4E7C5F86C45C1E701A8BF
:102F90000194FFF74BFF4FF0010A019B00EB830008
:102FA000D0F8803023F0E04343F08043C0F8803015
:102FB000631CE1D0D146BFE76FF0150051E700BFB9
:102FC000F2A90100F0F0FCFF2DE9F04104460D46A6
:102FD000476805F063FC88B12021EFF311831A469E
:102FE00081F31288BFF36F8F60680068D0F83001FA
:102FF000D0B983F31188BFF36F8FEEE71E4B1B78B8
:10300000002BE9D04FF02008642663681B68D3F8D2
:103010003031FBB9012004F04DFF013EF5D1002114
:10302000202005F0D8FCEFE77B6A00201D70636864
:10303000796A1B68C3F83C170121C3F84017C3F82D
:103040003001D3F83001196582F31188BFF36F8F17
:10305000BDE8F081EFF311831A4688F31288BFF3BD
:103060006F8F61680968D1F830110029DCD183F3D2
:103070001188BFF36F8FD2E72636002070B40F4C53
:10308000D4E90015501A63EB0506400940EAC66012
:103090002026E0FB0615C4E9001500240025084998
:1030A000C1E90023074BC3E90045EFF3118186F323
:1030B0001288BFF36F8F70BC02F0F8B8280C0020A4
:1030C000100C0020200C002008B500220121E42073
:1030D000EEF74CF9164A0020D2F8183723F44033A3
:1030E000C2F8183700F0DCFE002820DB012011496F
:1030F00000F062FF00281ADB00F0ACFE0E4B20F05F
:103100001F00C3E900010D4B0022C3E900014FF08D
:10311000FF304FF0FF310A4BC3E90001094B0A4968
:10312000187A00F0A7FE67220020084B1A6008BD3D
:1031300000200E501C050020280C0020080C002048
:10314000100C0020140500207D30010048330020C1
:1031500008B500F07FFE064AD2E90032C01A054BDE
:1031600061EB0201C3E90001400940EAC16008BD0A
:10317000280C0020200C0020F7B5224B0146224FDE
:10318000187A224BD7E90056D3E900239E4208BFA4
:10319000954211D1B1F1806F0ED24901012938BF9A
:1031A000012101224D1946F10006C7E9005603B07E
:1031B000BDE8F04000F086BF154BDFF858C0D3E9FA
:1031C0000043DCE9002CA41843EB0C0C4FF0200E5C
:1031D00022466346C1FB0E23954276EB0301C7E905
:1031E00000230DD2291B66EB0C04C82974F10004DE
:1031F000B4BF01210021009100F02EFF03B0F0BD0B
:103200000021F8E714050020180C0020100C002005
:10321000280C0020200C0020064BD3F840231C2A49
:1032200005D1D3F84403431E58425841704700204B
:10323000704700BF00C0FF0003689A070CD5036801
:10324000DB070DD50922074BC3F80C250F22C3F865
:10325000042501221A60FEE7034B0360EF3B036085
:10326000704700BF00801050F000FA5008B50123ED
:10327000404A4148C2F80038404AD2F840231C2A4C
:1032800004BF3F4AC2F80C34FFF7D6FF0830FFF7FF
:10329000D3FF0830FFF7D0FF0830FFF7CDFF00F570
:1032A000F470FFF7C9FF374AD2F88C3043F440631B
:1032B000C2F88C300022D30003F57F0303F54043AE
:1032C000D3F8001401310AD0D3F8001439B1D3F87F
:1032D00000140132D3F80434402A0B60EBD1254BA3
:1032E000D3F84024002A41D0FFF796FF48B1234B82
:1032F000D3F83423244B9A429EBF1E4B234AC3F873
:103300004026FFF789FF18B1214B224AC3F8AC27AA
:10331000FFF782FF48B13422164BC3F82426D3F8B6
:103320003C2622F40022C3F83C261B4B1549D3F857
:103330000026D20744BF6FF00102C3F80026174BE6
:10334000D3F8182522F00302C3F81825D3F818255E
:1033500042F00302C3F81825D1F88C2042F44062F1
:10336000C1F88C200022C3F8A02508BDC822C3F8EC
:103370004024B9E70000125000C50D5000C0FF0006
:103380000030055000ED00E0001D0A1840E0A91EC5
:1033900000A0085078000A0400E0105000B004506B
:1033A000014B1B68184700BF4C33002010B50C4C74
:1033B000237993B9012323710A4B0028206018BF99
:1033C000184600F0F3F850B923680748002B08BFEF
:1033D0001846BDE8104000F035B86FF0770010BD1A
:1033E0004C330020A13301001F7F010008B5074BBB
:1033F0001B6853B140F20510EDF7AAFF28B9BDE8EC
:10340000084040F20510EDF781BF08BD4C330020A5
:1034100038B504230A4C42F21075C4F8083301236E
:1034200063610023C4F80831D4F80831D4F84C346F
:10343000DB0304D5012004F03DFD013DF6D138BD8C
:1034400000E01050064A13793BB901211060117158
:10345000044A1846C2F8403470476FF0770070474E
:103460005433002000E0105010B51D4B1D4CD3F814
:103470004C14D3F84C2411F4803F19D002F003020D
:10348000012A01D08AB90022154BC3F8402400223A
:10349000C3F80821D3F8082101221A6122688AB9E9
:1034A000D3F80821002AFBD014E0FFF7B1FFEAE7C8
:1034B000D3F84824D107E6D5D3F850249207F4D4A2
:1034C00022681AB10422C3F8042310BDD3F80821DE
:1034D000002AFBD00022C3F80821D3F80831F4E712
:1034E00000E0105054330020F8B50125184C194E57
:1034F000D4F80C3303F00C0303B9F8BDB3FA83F32B
:103500000027C3F11F039A0002F5807292B202F104
:10351000A04202F58712176005FA03F1022B126828
:10352000D8B2C4F8081310D1D4F84C34D4F84C34C1
:103530009B070AD10423C4F84054C4F8043325611E
:10354000D4F80C3303F00C03D6E733689847F7E759
:1035500000E0105054330020712238B5104B002188
:10356000C3F80823012242F210745A60C3F8001114
:10357000D3F800110B490A4DD1F840131C2908BF9C
:10358000DA60D5F80C3413F4803305D0012004F050
:1035900091FC013CF5D138BD034A5371FBE700BFF4
:1035A00000E0105000C0FF005C330020054B0246D5
:1035B000187918B91A6001221A7170476FF07700F4
:1035C000704700BF5C3300200022164BC3F8102167
:1035D000D3F81011C3F81821D3F81811C3F8142127
:1035E000D3F814111049D1F840131C2904BF01214C
:1035F0009960C3F80021D3F8002101221A600B4A18
:10360000126852B9074BD3F80021002AFBD00022E0
:10361000C3F80021D3F8003170477122C3F80423A6
:10362000704700BF00E0105000C0FF005C33002076
:10363000F8B50126194C1A4DD4F80C3303F0710378
:1036400003B9F8BDB3FA83F30021C3F11F039A0055
:1036500002F5807292B202F1A04202F58712116067
:1036600006FA03F7042B1268D8B2C4F8087308D01E
:10367000062B10D02B689847D4F80C3303F0710355
:10368000DEE702236B71C4F81411D4F8143120233F
:10369000C4F80433EEE76971ECE700BF00E01050B6
:1036A0005C3300201022054911F8013D013A013335
:1036B0000B701B0A01D0002AF6D17047600C002065
:1036C000254B90B004931123244A2549CDE90623C4
:1036D00008AB059340F61102224BCDE90A1208937C
:1036E00020330C9321230CAA09921F4A0090CDE9A4
:1036F0000E230123CDE901320D9320231B4A0393AE
:10370000D2F8003443F00103C2F800344FF0A34371
:1037100004AA1A600322C3F810D05A63BFF35F8F64
:103720009A639A6A12F0240F12D1D86B10F023001A
:10373000F7D14FF0A34310225A6300225A630B4A79
:10374000D2F8003423F00103C2F8003410B07047FF
:103750004FF0FF30EDE700BFF89F010004000020AC
:1037600020000020300C00201000002000800450B9
:103770002DE9F04104464FF000088CB06F4608EB8D
:103780000700FFF78FFFFFF79BFF6D46064608BB5C
:1037900008F11008B8F1300FF0D11CB104F130027B
:1037A000944210D10FCD0D4C0FC495E80F0084E862
:1037B0000F0010340CAB13E90F0084E80F00304603
:1037C0000CB0BDE8F081396854F8043B4B4047F831
:1037D000043BE5E74FF0FF36F1E700BF300C002077
:1037E0002DE9F04119B1002855D0402956D80024C0
:1037F0004FF48076A6464FF400772A4ADFF8A8C037
:10380000D2F8003443F00203C2F80034274A284BB0
:1038100082F839E01E601C645C645F63C3F800C01A
:103820001D6B15F00E0FC5F34208F9D0B8F1050F66
:10383000EED092F839508DB95D68032DF0D9D3F8E8
:1038400080501D61D3F880505D61D3F880509D6138
:10385000D3F88050DD61012582F839505D68B1EB05
:10386000850FDDD8124A61B1D2F88030041D00F80E
:10387000013B84424FEA132301F1FF31F3D00029C9
:10388000F5D10020074AD2F8003423F00203C2F831
:103890000034BDE8F0816FF01500FAE76FF0060024
:1038A000F7E700BF0080045001000400300C002046
:1038B0000010805130B58DB030216846FFF790FF81
:1038C00018B14FF0FF300DB030BD6846FFF750FF24
:1038D0000028F6D101240025014BC3E90C45F2E78D
:1038E000300C002010B50B4C94F83830012B0BD065
:1038F00040220021204605F091F9FFF7DBFF30B9A7
:10390000012384F8383010BD6FF07700FBE76FF0CB
:103910008B00F8E7300C0020F0B505460C4685B06A
:1039200021B1002835D0B1F5803F32D81A4E736BE3
:10393000B3F5803F18D3FFF7BDFFA8B16FF08B0040
:1039400005B0F0BD102C6846274628BF1027FFF7AA
:10395000A9FEFFF7B5FE0028F0D128463A46694691
:1039600005F036F9E41B3D44002CEBD12046FFF76F
:10397000FFFE0028E2D1D6E90C32013342F1000209
:1039800021462846C6E90C32FFF72AFF0028D7D087
:10399000D4E76FF01500D3E7300C0020036803F084
:1039A0001F025F2B02604FEA53129ABF024B53F87B
:1039B00022000020704700BFFC9F0100034A43091A
:1039C000D35C00F01F001844C0B27047FBA901008F
:1039D000F0B50646002487B0114F019117F8012B6E
:1039E00006AB03EBD20313F8143C02F00702D340FA
:1039F00013F0010306D10134032CEFD10023184644
:103A000007B0F0BD074A03AD07CA85E8070055F8BF
:103A100024100A6A46F824200A62002AEBD0EEE756
:103A20000BAA0100B4970100F7B504460846FFF75A
:103A3000C5FF04EB4006B38A0D46DB072AD52046B6
:103A400004F071FB2946204604F0DEFA50B120460E
:103A500004F0F0FA0023276807EB8000C0F8103567
:103A6000C0F810352946204604F00DFB002101A8BE
:103A7000B1820195FFF792FF019B00EB8300D0F824
:103A80008020064B134043F00203C0F88030084604
:103A900003B0F0BD6FF01500FAE700BFF0F0FCFFD7
:103AA0002DE9F043044685B0084615461F46FFF74A
:103AB00085FF0E46804625B3204604F0B0FA18B9BB
:103AC000204604F0A1FA18BB04EB4809B9F81430F9
:103AD00003F01C0313B16B78012B19D001238DF86F
:103AE0000F3000233046CDE900536A1CAB1C0DF1AA
:103AF0000F0104F031FAB9F8143043F00303A9F8C8
:103B00001430002F3ED03146204604F088FA20B908
:103B10006FF0150005B0BDE8F08300223978236806
:103B20004FEA810C03EB8103C3F81025C3F810257D
:103B300004EB4802938A23F4604323F0200393822A
:103B40007D78FDB12468B8786444D4F810750E4BC4
:103B50002D043B40C4F8103541F6F07305F44035B0
:103B600003EA06130005D4F810752B4300F4801007
:103B700003433B43C4F81035938A43EA413343F08F
:103B8000200393820020C5E70FE0ECFF70B590F8AA
:103B90007440054690F8756044BB462221461430B7
:103BA00005F03CF82146134A2B6852F836608E42E5
:103BB00012D1002440F20D10C3F84441D3F844213F
:103BC0000D4A934208BFDB20EDF7A0FB01232046FE
:103BD00085F874302B6670BDCAB2920002F5807011
:103BE000442A04BF1C501A580131E0E76FF07700F7
:103BF000F1E700BF08A0010000A00D5090F875008B
:103C0000024B03EB800004F071B900BF24050020D3
:103C100010B5064B90F875000C4603EB800004F0DD
:103C20004BF90028A4BF2070002010BD24050020FF
:103C30002DE9F04F804658F804BB90F87540DBF84A
:103C400014136A4BC9B253F8342007468BB0584658
:103C500041F4003104F040FA8203054639D50023CF
:103C6000CDE907330993614BE60003EBC4046368B5
:103C700007A819460093FFF7ABFE331D03934FF0DF
:103C8000000A5B4B0DF11C090293029A574912F886
:103C9000013B0292039A02EBD3028A5C03F0070312
:103CA00022FA03F3DB071AD40AF1010ABAF1030F6F
:103CB00009F10409E9D14FF400310022584604F01B
:103CC0000BFA009907A8FFF783FE0028D7D125F447
:103CD00000350124002D73D10BB0BDE8F08F454BAA
:103CE00053440493D9F80060002EDDD096FAA6F66E
:103CF000B6FA86F6049B1C7846EA44142046FFF781
:103D00005DFE07EB4000818AF208C1F38203059350
:103D10000193012319F8020006F0070603FA06F6DC
:103D200020EA060009F8020006A80694FFF736FE0E
:103D3000069A11F0100F02F1200250F82260059B44
:103D4000C6F3014623D04046019A214604F07CF98F
:103D500006A80694FFF722FE069BF6B2203350F821
:103D60002330C3F301439E4207D10021204604F0D3
:103D70003CF93146204604F038F906A80694FFF7CE
:103D80000DFE0122069B02FA03F30362AAE7022E4C
:103D900014BF022103212046059304F026F9059B58
:103DA000032B03D0022E07D1012BE6D1214640463A
:103DB000019A04F049F9E0E7032EDED1022BF4E783
:103DC00095FAA5F3B3FA83F304FA03F225EA0205A0
:103DD00003F5A2725BF8222007EB43034046B3F8D9
:103DE0006410C2F3014204F02FF973E708A0010048
:103DF0000BAA01000BAA01000123034A03FA00F0F9
:103E000093680343936070477801002073B50446BC
:103E10000191EFF31186202383F31288BFF36F8F94
:103E20000B4D019B6A6801A81340019304F044F80C
:103E3000002807DB01226B68824023EA02036B60E3
:103E40002070002086F31188BFF36F8F02B070BD21
:103E5000780100204FF0FF326FF0404330B5044C42
:103E6000D4E90001824273EB0105F9D330BD00BFF4
:103E700040270E5030B50C25074B1C1894F85440C1
:103E800005FB0433C3E9031218750123034A834079
:103E9000C2F8243330BD00BF7801002000200E504E
:103EA000F8B53E4C2278002A72D13D4BD3F810155C
:103EB00021F00201C3F81015D3F8101541F00101EB
:103EC000C3F810150521C3F8A4160421C3F8AC16D5
:103ED0000723672101F001000244013BD2B24FEAFF
:103EE0005101F7D1052A56D119464FF0010C2B4E3E
:103EF00000256720CFB204E00CFA02F220EA0200AB
:103F0000013590FAA0F25FFA85FEBE45B2FA82F260
:103F1000F2D3013132750529224482F8547006F13A
:103F20000C06E5D1012100251E489A0801FA02F28B
:103F300012F0670F18BF1D500433302BF5D1E42069
:103F4000EDF7E4F9164B1849D3F8102503F5C073C3
:103F500022F00202C3F8902340F6FF72C3F8A821B2
:103F600000221A60A3F5807004338B420260F8D1FE
:103F700001250B4B0D4A1D660D4B5D201B68B3FBE5
:103F8000F2F358430B4B2B43984700202570F8BDA4
:103F90006FF07700FBE76FF08B00F8E77801002007
:103FA00000200E5000210E50B0210E5040420F0054
:103FB00020050020D097010038B5244B0D46D3F8DA
:103FC000102594073CD4D3F8102542F00202C3F820
:103FD0001025C0B1D3F8482712F0010202BFD3F870
:103FE000481741F00101C3F84817184BD3F84017A0
:103FF000D3F844174800F9D42AB9D3F8482722F057
:104000000102C3F84827124B124A1B68B3FBF2F3B4
:104010000E4A03EB4313B3B1D2F84017D2F844175A
:1040200049000BD44FF0FF312846FFF7EFFE04465E
:1040300010B92878FFF7E0FE204638BD013BEAE7DB
:104040006FF07704F8E76FF07304F5E700200E5087
:104050002005002040420F0070B51E461546174A45
:104060009DF81010131893F854300C3302EBC3046E
:1040700042F833506660C6F313020401A1B104F1A3
:10408000A04404F56224C4F82055C4F824250C4C3F
:1040900080000444236833B1FFF7DCFEA842B1413D
:1040A00001D20023236070BD04F1A04303F5622315
:1040B000C3F82055C3F82425F5E700BF7801002098
:1040C00000210E50F0B50E4D2B1893F8543000011E
:1040D0000C3355F8334005EBC3077E68641800F1D4
:1040E000A04021F0004146F1000641EAC27100F50E
:1040F000622045F833407E60C0F82815F0BD00BF4F
:1041000078010020F7B5284B284CD3F82C6304F134
:1041100088070EB903B0F0BD96FAA6F00123B0FAF5
:1041200080F08340DA43224926EA0306231893F8F5
:104130005450830019440C2303FB0543DB6873B31D
:10414000D7E8EF3F03EA020CC7E8EECFBEF1000F5D
:10415000F6D1C340DB0719D5020102F1A04202F5F6
:104160006222D2F82435D2F82025D1F800C0BCF163
:10417000000FCED04FF0000CC1F800C00C2101FBA5
:10418000054529690091E9688847C2E705F10C03F4
:1041900004EBC30C54F83320DCF80430E5E70A687C
:1041A000002AB6D00B60B4E700200E507801002042
:1041B00000210E5038B5EFF31185202383F31288C8
:1041C000BFF36F8F064B9C6804F022F985F31188CA
:1041D000BFF36F8F2046BDE83840EDF759B900BFF7
:1041E0006433002038B50A4B53F82040013053F8AF
:1041F0002050A54200D838BD606830B1037EDB078F
:1042000001D404F0DAF80834F3E723689847FAE7B2
:1042100018A00100012270B5294B86B003201A7046
:10422000FFF7E0FF01F0E4F80420FFF7DBFF254C87
:10423000254D2646AE4204F130040FD300F07EFD3A
:10424000204CAC4226D300F08DFDECF72DFB1F4A2D
:10425000938923F00103938106B070BD54F80C3CA0
:10426000059354F8103C049354F8143C039354F809
:10427000183C029354F81C3C019354F8203C0093E2
:1042800054E90A2354E90C0100F0D2FB54F8303C05
:104290005E65CEE7D4E90A23B3F1FF3F08BFB2F170
:1042A000FF3F05D052EA0301206803D104F0AFFBC1
:1042B0003034C6E70649183000F068FFF8E700BF61
:1042C00026360020E4960100E4960100F00C002060
:1042D000658901000023012270B586B0CDE9042371
:1042E0000F220193CDE9023214234FF4A0720E4D38
:1042F0000E4E03FB00550E4906EBC016044602FBAA
:1043000000110C4B3046009500F092FB337C2C746E
:1043100023F004033374084B013403EBC423EE6031
:104320006B6006B070BD00BF64330020700C0020CD
:10433000B84C002011850100B84400207FB5002052
:10434000FFF750FF284B03F5006282F3088883F3E0
:104350000A880024E023254D85F82230EC772C765E
:104360006C76AC7685F820406B6A43F4E0236B6290
:1043700085F82340ECF782FFEDF774F84FF0FF3338
:10438000AB62EB62EDF756FAEDF7F0F8184800F083
:10439000B9FB0120FFF726FF0220164DFFF722FF91
:1043A00000F00AFD144B4FF400625D61134B144999
:1043B000059301232846CDE90343CDE90144114B80
:1043C000009400F035FB06462B7C284623F00403BE
:1043D0002B7404F0A4FA2046FFF77CFF31462846F0
:1043E000084AEDF71FF800BFB844002000ED00E0D8
:1043F000100E0020F00C0020643300204BA90100B7
:10440000F84D00201542010038B5064C064DAC426F
:1044100001D3002038BD2046D4E9011203F0FBFF90
:104420001434F4E7A4050020A405002038B5074C97
:10443000074DAC4201D3002038BD204604F00FF8F0
:1044400008B91C34F5E76FF01500F5E750050020BA
:10445000A405002073B50C46EFF31181202585F3E8
:104460001288BFF36F8FC5685DB125602B68C3608C
:10447000836901338361002081F31188BFF36F8F5B
:1044800011E052EA030603D16FF00B002560F3E759
:10449000CDE900230246083000F01AFC18B9034B9E
:1044A0009B685B69236002B070BD00BF643300206D
:1044B00037B51146EFF31185202282F31288BFF33E
:1044C0006F8F04689CB12368426823F00303944211
:1044D000036008BF43600121204604F098F80446B9
:1044E00085F31188BFF36F8F204603B030BD51EACA
:1044F0000302F5D000F10802CDE900131046294669
:1045000000F0E6FB0028EFD1014B9B685C69EBE70C
:104510006433002070B5EFF31186202383F31288F3
:10452000BFF36F8F0468A0421AD0CCB1D4E9003237
:10453000002513605A60237CC4E9005523F0020370
:104540002374A56004F1180004F0BAFA2046A567A8
:1045500004F0E5F93146BDE87040074804F012BAAE
:10456000D0E902329A4218BF0133836086F3118882
:10457000BFF36F8F70BD00BF2736002013B5EFF378
:104580001181202484F31288BFF36F8F846844B1B3
:10459000013C846081F31188BFF36F8F002002B06B
:1045A00010BD52EA030406D181F31188BFF36F8F67
:1045B0006FF00F00F3E7CDE900230246014800F059
:1045C00087FBECE72736002070B50546EFF3118630
:1045D000202383F31288BFF36F8F00232C68A5423A
:1045E00018D0BCB1D4E9003213605A600023227C99
:1045F000C4E9003322F002022274A36004F118001F
:1046000004F05EFA6FF00A032046A36704F087F90E
:104610000123E3E70022AA6023B986F31188BFF3E0
:104620006F8F70BD3146BDE87040014804F0AAB9F3
:104630002736002007B5074B4FF4806200930649E8
:104640004FF0FF33054800F04FF9002003B05DF84C
:1046500004FB00BF30A00100F8550020700D0020C1
:104660002DE9FF4104462027534EEFF3118887F3CD
:104670001288BFF36F8FD4F88450F5B9022104F18A
:104680009C0004F023F8002870D004F19405002267
:104690000121284604F0DBF90028F8D100234FF06F
:1046A000FF3202934FF0FF334146CDE900234348E8
:1046B00004F18C0200F0AAFCD7E7D4F888202B681C
:1046C0009542C4F8843008BFC4F88830D4F89C30D0
:1046D00043F00203C4F89C30EB6823F0040343F07A
:1046E0000103EB606B6888F31188BFF36F8F284676
:1046F0009847EFF3118887F31288BFF36F8FEB6849
:10470000D80623F001023ED4EA60EB689A0717D579
:10471000306823F00203EB6090B10021036878B1A8
:10472000426895423DD10368002934D172683360F4
:10473000904200D17360002340F8083BFFF7EAFE87
:10474000D4F89C3023F00203C4F89C30DB0530D44D
:10475000D4F88430003B18BF012388F31188BFF3DD
:104760006F8F002B81D000F02FFB7EE7D4F89C30B8
:10477000D90693D5C4F89C0088F31188BFF36F8FD6
:1047800004B0BDE8F08123F01103EB6005F11000E7
:10479000FFF7C0FEB9E70B607368984208BF71600D
:1047A000C9E701461BB11A6818461346B7E71A460F
:1047B000FAE70023D1E700BF84330020273600202A
:1047C000F8B5C36804469A070E46C3F3400542D4C1
:1047D0005F0742D40B680BB983680B60E368D807A6
:1047E00042BFA36802253360376858BF012557B31D
:1047F0001B4B9A68D7F880309A421ED104F04EF8CD
:1048000080F00100C0B2D7F89C30D907C3F3800212
:104810001CD5F2B1F8B100232360D7F8883073B902
:10482000C7E92144384603F06CFFE36843F0040312
:10483000E3603368A3602846F8BD0020E3E71C600E
:10484000C7F88840EEE76FF0150506E06FF0120537
:1048500003E01B07DFD56FF00F0500233360EAE7A5
:1048600064330020F8B5C368064603F00503002B47
:104870000C4614BF012700271CD0856801220021A7
:1048800004F1100003F016FF2046134903F09AFFCD
:10489000E36843F01003E360F3685B0712D5336805
:1048A00023606BB9D5F8883033B9C5E9214428466F
:1048B00003F027FF3846F8BD1C60C5F88840F6E7CE
:1048C0003460F4E7D5F884302360D5F88830C5F833
:1048D0008440002BEBD1F0E7E3860100014601485C
:1048E00003F08CBF700D0020F0B50446002089B0A5
:1048F0000E9DC4E9210004F18C00C4E9230004F1F9
:104900009400C4E9250055B32879002840F201102D
:1049100008BF0120C4F89C0000204FF0FF364FF084
:10492000FF37CDE90330CDE90100CDE90667204628
:104930000C4B009400F0BAF855B1296811B120462B
:1049400003F0B2FF6B791BB1A38943F00103A3818C
:10495000204604F05CF8C4F8804009B0F0BD0120A6
:10496000D8E700BF6146010037B501900846EFF374
:104970001184202181F31288BFF36F8FC16811F079
:104980001E0F16D153EA020508D101A9FFF718FF3F
:1049900084F31188BFF36F8F03B030BD41F008017D
:1049A000C160019910308161034900F0EFFB0120E3
:1049B000EEE70020ECE700BF7787010001460148E1
:1049C000FFF7D2BF700D0020F7B50C4616461D4606
:1049D0000190EFF31187202383F31288BFF36F8FC9
:1049E000084603F07FFE55EA060309D1204601A9D7
:1049F000FFF7E6FE87F31188BFF36F8F03B0F0BDBA
:104A0000E368324643F00803E360019B0449A36274
:104A100004F110002B4600F0B9FB0120EAE700BFCB
:104A20007787010001460148FFF7CEBF700D0020D7
:104A30002DE9F043984685B000F15803C0E91633DC
:104A4000109B002683810423073222F0070503749C
:104A50000F9B01EB05090F4683734946C0E90666C3
:104A60008660C6730446ECF707FA0E9B073020F009
:104A70000700A066C4E9187502930D9BA9EB000915
:104A800001930C9B4A460093394643462046ECF777
:104A9000ADFC054B66659B6803B1DB6E4846E3667B
:104AA00005B0BDE8F08300BF64330020F0B50025F9
:104AB00087B00595109DDDE9127604950F9D04469B
:104AC00003950E9D02950D9D01950C9D0095FFF798
:104AD000AFFFB6F1FF3F08BFB7F1FF3F05D056EA81
:104AE000070305D1204603F092FF204607B0F0BD32
:104AF0003A46334604F11800014900F047FBF4E759
:104B0000658901000123037483810023C0E9183300
:104B1000C366014B98607047643300206FF00A0150
:104B2000084A93689967084958674B6843F080536F
:104B30004B60002383F31188BFF36F8F9368986FE6
:104B4000704700BF6433002000ED00E070B590F9BD
:104B50001020037C002A2FDBD9062DD11A4C63F0DC
:104B60007F032246037452F8183FE169934207D14C
:104B7000C0E900210860E0610FE09942F8D01B68AD
:104B8000002BF5D093F90E6090F90E50AE42F4DD93
:104B90005968C0E9003108605860A569954200D0A5
:104BA00005B9E568A3681A7CD20606D1DA897F2A9E
:104BB00003D9AA690AB9636170BDAB4202D0284625
:104BC00000F066FA6561F7E76433002038B590F9C4
:104BD00010200146002A037C04DA03F07F030374EB
:104BE00003F065FE0D4D2A4652F8184FAB6894420B
:104BF00000D004B9EC688B4207D01A7CD20604D1ED
:104C0000DA897F2A01D9A2692AB1A34202D02046BB
:104C100000F03EFA23466B6138BD00BF64330020CC
:104C2000B3F1FF3F08BFB2F1FF3F03D00249183094
:104C300000F0ACBA704700BF65890100034648B96F
:104C4000EFF3058232B9064A51699268914201D068
:104C5000FFF764BF83F31188BFF36F8F704700BF06
:104C60006433002038B5184CA168E0690B688142B4
:104C700014BF1A46002249680B605960A368E169B5
:104C80002AB9124AC3E900210B60E3610AE092F9F4
:104C90000E5093F90E00854212DD5168C3E90021E0
:104CA0000B605360A569094B9D4200D005B9E568CA
:104CB000A3689D4202D0284600F0EAF9656138BD3C
:104CC0008A42DED01268DBE7643300207C330020A8
:104CD000F8B5DDE906670D4B0C46986811460C4A9D
:104CE0001060EFF31182202282F31288BFF36F8FDE
:104CF0009D68284603F0EDFD284632463B46FFF707
:104D00008FFF2046BDE8F840FFF708BF643300205E
:104D10008C330020034648B9EFF3058232B9064AC6
:104D200051699268914201D0FFF7F8BE83F3118870
:104D3000BFF36F8F704700BF64330020EFF3118122
:104D4000202383F31288BFF36F8F054B9A68D37BC0
:104D5000013BD37381F31188BFF36F8F704700BF9E
:104D60006433002070B5EFF31186202383F312889B
:104D7000BFF36F8F0F4DAB68DA7B0132DA732A46CF
:104D800052F8184F944200D004B9EC681A7CD2064D
:104D900004D1DA897F2A01D9A2692AB19C4202D0C2
:104DA000204600F075F923466B613046BDE870403F
:104DB000FFF744BF64330020024B03F11802C3E93C
:104DC000062270476433002070B5EFF3118620236C
:104DD00083F31288BFF36F8F1A4CA168E0690B68E8
:104DE000814214BF1A46002249680B605960A368CB
:104DF000E1692AB9144AC3E900210B60E3610AE0C2
:104E000092F90E5093F90E00854216DD5168C3E900
:104E100000210B605360A5690B4B9D4200D005B982
:104E2000E568A3689D4202D0284600F031F965612B
:104E30003046BDE87040FFF771BE8A42DAD0126892
:104E4000D7E700BF643300207C330020F8B550EA78
:104E5000010306460C4603D1FFF7B6FF0020F8BD5C
:104E6000EFF31187202383F31288BFF36F8F124D66
:104E7000124BA8681860FFF7A9FEA86823463246BF
:104E80000F49183000F082F9AA680446137C3846AE
:104E900043F004031374FFF741FEAB68D3E90A2320
:104EA000B3F1004F08BF002AD8D103F03EFE201A0C
:104EB00020EAE070D3E700BF643300208C33002089
:104EC00065890100014B9868704700BF643300207A
:104ED0002DE9F84304468789EFF31186202383F3F5
:104EE0001288BFF36F8F037C190705D586F31188ED
:104EF000BFF36F8FBDE8F883D90943F008026FD183
:104F00000274A36813B1204603F0D9FC04F1180021
:104F100003F0D6FDA56D04F15808A84511D04FF057
:104F2000000975B1284603F0CAFC05F1180003F02A
:104F3000C7FD2846C5F87890FFF708FEA56DA8457F
:104F4000EFD1DFF8BC80D8F808309C4250D1EFF3A5
:104F50000589B9F1000918BF4FF00109D8F81850B8
:104F6000284A954200D00DB9D8F80C50AB4202D077
:104F7000284600F08DF82046C8F8145000F0C0FF15
:104F8000B9F1000F02D02048FFF7BCFDD8F8083077
:104F90009C4230D1EFF305836BBBA289D20711D5B8
:104FA00086F31188BFF36F8F83F31188BFF36F8F80
:104FB0000423184602DFEFF31186202383F31288BF
:104FC000BFF36F8F3046FFF7A9FDFB0792D5002393
:104FD00083F31188BFF36F8F0423184602DF89E73C
:104FE00003F07F0343F00803037403F060FC88E7D9
:104FF0004FF00009B2E786F31188BFF36F8FE4E743
:10500000643300207C330020100E0020D3B5DDE98E
:105010000667089CCDE90067FFF75AFE1CB1034BF9
:105020009B685B69236002B0D0BD00BF6433002081
:10503000027C034612F01F0210D10A4988420DD0AB
:105040000949086868B1D9897F2909D893F90E20E0
:10505000064B1B689A42B8BF00207047002070477B
:1050600010467047700C00202C0500209033002063
:105070000122044BC01A044BC0105843034B1A546E
:10508000704700BF900E0020ABAAAAAA27360020C6
:1050900070B50C4B0C4D1E7CFFF7CAFF182303FBA9
:1050A00006550446284603F00BFD0022074B9A558F
:1050B0003CB1621E2846BDE870400549D31700F098
:1050C00065B870BD64330020900E002027360020A4
:1050D0007150010038B5EFF31185202383F3128856
:1050E000BFF36F8F0F4B104A9C681068A04206D127
:1050F000FFF7CEFF85F31188BFF36F8F38BD002116
:105100001B7C1160094AD35C002BF3D02046FFF7CB
:105110008FFF0028EED0237CDB0601D1FFF7A2FD34
:105120002046E5E7643300208C330020273600203A
:10513000024B1868984208BF0020704730050020D5
:10514000034B1B680BB9FEF703B80020704700BF84
:105150009433002030B570B10B4B5B6898420AD095
:10516000036843B1D3E90421D0E90445121941EBA6
:105170000501C3E90421D0E9003213605A6000231D
:10518000C0E9003330BD00BF30050020B3F1FF3F60
:1051900008BFB2F1FF3F2DE9F84F04469946154686
:1051A0001F467AD08160EFF31188202383F31288A1
:1051B000BFF36F8FB9F1000FDFF8E4A020DBFFF73A
:1051C000BFFFDAE90027013549F100092D1849EB45
:1051D000E07306464FF00109C4E90453AD1843EBF0
:1051E0000707FFF7A5FF0346DFF8B8E0DEF804A0E5
:1051F000EBB9C4E900EACAF80040CEF8044028E060
:105200006FF00103DAE900125B1A4FF0FF3161EB36
:1052100002025B1B62EB0902012B72F10001BCBFB1
:10522000012300224FF00009C0E90432D9E7D3E995
:10523000041CD4E904208A4270EB0C0B24DA891A8E
:105240005A686CEB0000C3E90410C4E90032146032
:105250005C60FFF76DFF84420ED1134B1B685BB996
:10526000B9F1000F02D1FFF76BFF0646304603F09D
:1052700010FC0021FDF780FF88F31188BFF36F8FCA
:1052800028463946BDE8F88F521A60EB0C005345AA
:10529000C4E90420ADD01B68AAE700252F46EFE73C
:1052A000A80E002030050020943300202DE9F0479F
:1052B000DFF8A8900246C9F800000D46FFF738FF56
:1052C00000260027DFF898804FEAE27ED8E9001335
:1052D00050B1D0E9044CA2427EEB0C0A1ADAA41AAF
:1052E0006CEB0E06C0E904460024521843EB0E0393
:1052F0002046C8E90023C9F8004003F0CAFB214654
:10530000FDF73AFF85F31188BFF36F8FBDE8F047D3
:10531000FFF7E0BE611843EBE473C0E90467C8E936
:105320000013FFF717FF01224FF00043C0E90423E9
:1053300085F31188BFF36F8F83689847EFF311856A
:10534000202383F31288BFF36F8FD9F80020121B3C
:10535000C9F80020FFF7ECFEB6E700BF9433002049
:10536000A80E002010B5EFF31184202383F31288D8
:10537000BFF36F8FFFF7E4FE0346054AD2E9000151
:10538000181841EBE37184F31188BFF36F8F10BDE0
:10539000A80E0020F8B507460C46164603F07EFA24
:1053A00008B10020F8BD0D4B9B68DD6E002DF8D0D4
:1053B000221DF6D2EFF31184202383F31288BFF36A
:1053C0006F8F284647F00401B04784F31188BFF37C
:1053D0006F8F0028E5D040F8045BE3E764330020DA
:1053E0000146024A0020FFF7D5BF00BF5F5B010006
:1053F000014800F0FABB00BF59A901000CB430B558
:105400008BB004460D462022002102A803F006FCC2
:105410000223002D06948DF80A300C4B039312DB07
:1054200001D06B1E1C440FAA0E9902A8079401928A
:1054300000F00EF815B1069B00221A700BB0BDE803
:10544000304002B070470024EDE700BF118D01002D
:105450002DE9F04F43688BB08046924600938378E5
:105460009C0740F1F98000250878002800F0F680BC
:1054700025280AD04B1C019301354146009B9847D3
:105480000028C0F2E3800199EEE74E788B1C252EB0
:105490000193F1D000270A22B9463C461F2C22D89E
:1054A000A6F12003102B20D8DFE803F0141F1F1AE9
:1054B0001F1F1F0B1F1F1F121F171F1F090044F064
:1054C0000104019B13F8016B0193002EE6D13AE031
:1054D00044F0020444F00404F3E744F00804F0E765
:1054E00044F01004EDE77F2C24D8A6F13003092BFB
:1054F00008D860064EBF02FB073744F0200402FBC9
:105500000939DEE72A2E0DD161065AF8043B53D43F
:10551000002BA7BF44F020049946C3F1000944F0D2
:105520002804CEE72E2E05D1630600F1978044F0C3
:105530004004C6E76C2E2ED028D8682E32D06A2EB2
:1055400037D04C2E35D0002F46F02003B8BF24F0C2
:105550004004A3F16502BCBF0027A4B2022A01D90E
:10556000612B2BD10AF1070A07279D4E2AF0070A63
:105570000AF1080A210760D506EB070B34465C45A3
:105580005DD1AE1BA9EB0709A21959E1742E98D081
:105590007A2E96D0D7E7260648BF44F4007444F02C
:1055A00080048EE7E00548BF44F4007444F480743E
:1055B00087E744F4207484E71F4682E7A6F163027C
:1055C000122A00F2D880DFE812F013004D00D60056
:1055D000D600D600D6004D00D600D600D600D600A4
:1055E000D600E800D100D600D6001A00D600A000F0
:1055F0005AF8043B012704AE8DF81030BAE75AF888
:10560000046B784B002E08BF1E4614F0400F304646
:1056100014BF39464FF0FF3103F018FB0746A9E7E6
:1056200041462020009B984700280FDB013CA74201
:10563000F6D34D44A1462D1B9EE74C46F7E7414665
:1056400014F8010B009B9847002898DA98F802306C
:1056500043F0040388F802304FF0FF3528460BB0C2
:10566000BDE8F08F220630D5A3052AD50AF1070A36
:105670002AF007039A4659685AF8080B24F0100BD1
:1056800000291FFA8BFB2FDA40424BF4806B61EB51
:10569000410104AC0A23224603F0E4FA1BF0400F58
:1056A000A0EB040200F08E802BF001049742A4B21C
:1056B00040F38F80002E40F08E802BF01104A4B2B6
:1056C0001DE05AF8040BC117D8E7E0055AF8041B8F
:1056D00001D40846F7E7A20547BF48B241F3C0111D
:1056E00008B241F3C031C9E750EA0103D1D16306E2
:1056F000CFD5002FCDD124F011043A46A4B23B46B9
:1057000040F206410C4262D124E024F010040A2346
:10571000A4B214F0800243D014F4007117BF0AF150
:10572000070A5AF8040B2AF0070292461CBF516878
:105730005AF8080B50EA01023ED124F0160B62061B
:105740001FFA8BFB3CD5002F3AD124F017043A46C0
:105750003B46A4B221075AD4E10705D5994572DD2D
:10576000A9EB03039F184B469B464AE044F0100404
:1057700010237826CDE7782B04D1C6F1780343F0C7
:105780001003C6E741462520009B98470028FFF6F6
:105790005DAF02354146304670E608230026B8E783
:1057A00014F480715AF8040BC4D014F400711ABFB9
:1057B000C0B2114680B2BDE724F006041FFA84FB94
:1057C00004AC68E713465C46E10699D52EB901336F
:1057D000C0E71346F8E73B46F6E70233BAE700BFF7
:1057E00099A9010092A90100CDE902324146202089
:1057F000009B98470028FFF629AF0BF1010BDDE96C
:105800000232D945F0DCEB1A03EB0B055B46E106EF
:1058100027D541463020CDE90232009B9847002829
:10582000FFF614AFDDE902327EB901352F44791B52
:105830008A4229DB144604AE94BB2A44A9EB03092F
:105840001546914440E017468EE702354146304602
:10585000CDE90232009B98470028DDE90232E5DA03
:10586000F4E640F206410C42E0D014F0020F05F1DC
:105870000105414614BF2B20202014F4806FCDE990
:10588000023218BF2D20E5E7CDE902324146009BE8
:105890003020013598470028DDE90232C7DAD5E625
:1058A000013C4146CDE90232305D009B984700281B
:1058B000DDE90232C0DAC9E641462020009B01350D
:1058C00098470028FFF6C2AEA9EB0503002BF3DCD6
:1058D000D9E500BF704700EBC10040884008704721
:1058E000F8B50346FFF7F7FFB0FA80F0C0F11F00EC
:1058F00003EB800CDCF81060CA00171D0C46063262
:105900008DB256B9012101FA00F0D9680143D9607E
:10591000CCF81040DD539D52F8BDF1000431585AC7
:10592000D85303EBC0009E52C5805D52F4E710B51A
:1059300000EBC104E388994202F104010AD101237A
:1059400003FA02F2C36823EA0203C360002340F8AB
:10595000213010BDA28840F8213000EBC20100EBDD
:10596000C300CB808280F4E708B50346FFF7B3FF9E
:10597000B0FA80F21846BDE80840C2F11F02FFF7F6
:10598000D6BF2DE9F843B1FA81F3C3F11F0200EB52
:105990008209D9F8107006460D4687B94FF0FF34DA
:1059A000C3F120039C40F3681C4014D094FAA4F285
:1059B000B2FA82F2131D56F82340214608E03C4615
:1059C0004FF0030821463046FFF785FFA84205D374
:1059D0003046FFF7ACFF2046BDE8F88306EBC40471
:1059E000E488B8F10108C9F81040D7D0A742E9D13E
:1059F000D4E738B50446FFF76EFF0D46034611465F
:105A00002046FFF768FF03449BB204EBC5055A002C
:105A100020466A80FFF75FFF014424F8313038BD2B
:105A200070B50B460446FFF756FF04EBC305511A49
:105A30009B1A89B203444E009BB26E8004EBC200F5
:105A40005D00458024F8321020461146FFF743FFE1
:105A5000014424F8313070BDF8B5002951D00468F4
:105A60000D1F2D1BEE0825F007056219538813F052
:105A7000010306D183F31188BFF36F8F0423184607
:105A800002DF31462046FFF726FF304434F830303D
:105A9000C01A864207D0002383F31188BFF36F8FAB
:105AA0000423184602DF5388314623F00103538054
:105AB0002046FFF710FF371804EBC7035B88DA07AF
:105AC00008D439462046FFF74FFF3A463146204674
:105AD000FFF78FFF655B751B04EBC5035B88DB0776
:105AE00009D429462046FFF73FFF32462946204683
:105AF000FFF77FFF2E4631462046BDE8F840FFF70E
:105B0000EFBEF8BD70B509B9002070BD056801F0A1
:105B100007030B33CC0804EBD304AB6828469C4244
:105B200028BF1C462146FFF72CFF06460028EBD075
:105B300001462846FFF7CFFEA04207D92846321972
:105B4000FFF76EFF11462846FFF7CAFE05EBC602B7
:105B500010465388043043F001035380D5E71146C3
:105B6000FFF7D0BF043A2DE9F843CC1D114424F0CF
:105B7000070421F00706A6EB04084FEAD807B7FA96
:105B800087F24FF00009C2F12405AD000735C2F1DC
:105B90002002ED0804604946A760C4F80C9092000A
:105BA00004F1100003F03AF8AAB2530043F00103E5
:105BB00063807B1B9BB204EBC5015800A4F80090E6
:105BC000488024F83520A6F8029024F8083004EB29
:105BD000C7035A88294642F001025A802046BDE890
:105BE000F843FFF77DBE002070470FB407B504A946
:105BF00051F8040B0191EAF7A1FF03B05DF804EB43
:105C000004B070470FB407B504A951F8040B019113
:105C1000EAF794FF03B05DF804EB04B0704700228C
:105C200003680BB9184670478B4210D10B6842B914
:105C300042680360914200D14360002301200B6061
:105C4000704713604368994208BF4260F5E71A46FF
:105C50001B68E6E7038B13F0070306D10368002BEC
:105C600018BF032008BF00207047022B05D1408BCE
:105C7000B0FA80F0400980007047012B04D103681E
:105C8000002B18BF0520EDE70020704710B50C462B
:105C900000B111B96FF0150010BD081D00F0C6F875
:105CA0000028F9D1A368032BF6D9F3E72DE9F041D9
:105CB0000D4607461946281D90461E4600F0C7F8B7
:105CC000044638B13346424629463846A446BDE824
:105CD000F0416047BDE8F08110B4EFF31182202459
:105CE00084F31288BFF36F8F416110BC0121EAF782
:105CF00057BF38B50C46054658B151B10B6843B192
:105D00004B6833B11C22002102F088FF00202C6177
:105D100038BD6FF01500FBE7F8B504460E46FFF7F7
:105D2000B5FF051E3BDBEFF31182202383F31288BE
:105D3000BFF36F8F4FF6FF71638B278B8B4207F09A
:105D400007072ED0062F2FD8DFE807F0182E082ED1
:105D5000180418006FF08505002303E00133638306
:105D60000225012382F31188BFF36F8FBBB100239B
:105D70003A4631462046FFF799FF10E00023336092
:105D8000636823B9C4E9006627B13D46E4E71E60B5
:105D90006660F9E702212046EAF702FF3D46284601
:105DA000F8BD6FF00A05D7E76FF00405D4E710B52A
:105DB000EFF31182202383F31288BFF36F8F048BDC
:105DC00004F00704022C0AD0012C0CBF6FF0040071
:105DD0006FF0850082F31188BFF36F8F08E0438B6B
:105DE000013B9BB2438323B92146EAF7D9FE204603
:105DF00010BD2046EEE738B5A8B1A1B1EFF311858B
:105E0000202282F31288BFF36F8F048BFFF707FF06
:105E100030B104F0070085F31188BFF36F8F38BDF0
:105E20006FF07700F7E76FF01500F8E7034658B119
:105E3000426802F00302012A03D0032A04D1026857
:105E400012B10020986070476FF0150070474268EB
:105E5000034602F00302032A4FF00002816014BFE0
:105E6000104600685A6070477047F0B587B01F460B
:105E700004460D46164600F0B2FB022302930DF1D4
:105E800016030193BDF83030ADF81600009332468A
:105E90003B462946204601F0ACFC07B0F0BD2DE999
:105EA000FF411F460D4616460446ECF7B7F98046FB
:105EB000EAF7FEFABDF8283080B2CDE90180009300
:105EC00032463B462946204601F093FC04B0BDE82B
:105ED000F08102F0A3BE02F07BBE01460068EAF743
:105EE00097BF08B5EAF7C4FFBDE80840EBF7C0BAB2
:105EF00000210120EAF78CBF036E83F30B88704703
:105F00006FF08500704761B662B680F31188BFF309
:105F10006F8F704772B6002383F31188BFF36F8FC2
:105F2000BFF34F8F30BF62B6BFF36F8F704772B64B
:105F3000002383F31188BFF36F8FBFF34F8F20BF10
:105F400080F31188BFF36F8F62B6704740E800F3AB
:105F500013F4803FD8B208BF6FF01500704730B51A
:105F60000C684B6885B00A894D890094013B24F088
:105F70001F04234402F01F0242EA451223F01F03CC
:105F800069468DF808200393EBF726FB05B030BD7A
:105F900008B5EBF701FD002008BD70470023038220
:105FA0004369C3607047C1698968EBF761BDEFF36E
:105FB0001182202383F31288BFF36F8F00230B60BD
:105FC000436833B9C0E9001182F31188BFF36F8FC2
:105FD000704719604160F7E7034610B5EFF3118190
:105FE000202282F31288BFF36F8F006828B15C68AB
:105FF0000268A0421A6008BF5A6081F31188BFF39B
:106000006F8F10BD027A0132027270470346184644
:106010005B68002BFBD17047426810B52AB10B4674
:106020001C465B68002BFBD16260416010BD10B55F
:10603000044620B908460B7A01330B7210BD0346A3
:1060400018465B68002BFBD1FFF7E6FF2046F5E71B
:1060500010B508B14B68436000234C6808464B609C
:10606000EBF784FD204610BD83680B440360704746
:1060700003680B6043684B6083688B60704783885C
:10608000026819448180D018704730B4848805684C
:10609000A3188380281930BC02F09ABD10B58388FC
:1060A00002685C1C8480D154D01810BD034600687F
:1060B0009A88401A11441860998070470268531EEC
:1060C000036083880133838002F8011C7047034614
:1060D0008288521A8280006808441860704703461C
:1060E00000689A88521A01449A801960704710B566
:1060F000036801211C78FFF7EAFF204610BD10B5A8
:10610000036802211C88FFF7E2FF204610BD10B58E
:106110000C460178227888B08A420ED06946EBF7A7
:10612000A9FD204604A9EBF7A5FD102268460DEB5A
:10613000020102F07BFD08B010BD012A06D0022A40
:1061400007D072B940886388C01AF4E74068636872
:10615000FAE71022611C013008B0BDE8104002F0DF
:1061600065BD6FF01500E6E7042A0AD0102A0DD0AD
:10617000022A4FF0000315D103700B8843800120E1
:106180007047012303700B684360F8E7022300F8AF
:10619000013B01F1100351F8042B994240F8042B04
:1061A000F9D1ECE718467047012310B506210446E3
:1061B00000F8013BF9F7ECF818B9A37963F03F0355
:1061C000A37110BD0B6803608B8883808B7983710A
:1061D000037823F00203037070470078C0F3400097
:1061E000704738B50446807AEBF718FC61690546BC
:1061F00049B1637ADB0704D4C36920461B689B68F6
:1062000098470023636121462846BDE8384002F0E4
:1062100043BA2DE9F0410C461746054601F10C083A
:1062200000F10C0140461E46FFF722FF6269E36859
:1062300039469B1A13FA87F36B82012340466B722F
:106240002F82FFF744FFE368284673600023628AC9
:10625000E360728163823460BDE8F08138B50C463A
:10626000D1E900320546DA600B684A895A8208682B
:10627000EBF77CFC20461022002102F0CFFC2846E0
:10628000BDE83840FFF7ADBF438A23B9C068B0FA14
:1062900080F0400970470020704770470F2806D8EB
:1062A0000D280BD8052814BF02200320704713289F
:1062B00004D01A2814BF0220012070470120704723
:1062C00038B5C3681D7875B90F21B3F80100EDF733
:1062D00039FA044638B12946EDF7A0F92046BDE861
:1062E0003840EDF749B938BD08B5C3680121B3F8A6
:1062F0000100EDF727FA18B1BDE80840EDF73CB909
:1063000008BD034610B5D3E8EF0F40EA0102C3E829
:10631000E42F002CF7D110BD01210C30FFF7DFBEB8
:1063200037B5C4680121B4F80100EDF70BFA054652
:10633000D0B123788DF800307BB9A3798DF8043083
:10634000B4F80730ADF806302379627943EA0223C6
:10635000ADF80230E3788DF8013028466946EDF754
:106360001BFD2846EDF708F903B030BD37B5C4680A
:106370000121B4F80100EDF7E5F9054698B123785D
:106380008DF8003043B9E37805348DF8013014F806
:10639000013C01948DF8023028466946EDF7DAFC9D
:1063A0002846EDF7E9F803B030BD37B5C5680121DF
:1063B000B5F80100EDF7C6F9044688B32B781A2B1F
:1063C00019D1C378012B27D14FF480410430FFF756
:1063D00098FF43040FD4D4F88C3069460093D4F866
:1063E000943020460193EDF78DFE204603B0BDE8C2
:1063F0003040EDF7C1B82B7873B940F2E242B5F8FE
:1064000003305343C4F88830B5F80530A4F8903011
:10641000B5F80730A4F892302046EDF751FBE4E7D9
:1064200003B030BD38B5C5680121B5F80100EDF7FE
:1064300089F9044698B12B783BB9D5F80330C0F8F8
:106440009830D5F80730C0F89C30201D4FF48031CB
:10645000FFF757FF2046BDE83840EDF78DB838BD4F
:1064600030B40446084602EBC3039A4201D130BC63
:106470007047114611F8085BA54206D1018A53788E
:106480009942F4D330BC536818470A46EDE7D0E888
:10649000EF3F0B40C0E8E23F002AF8D1704710B54B
:1064A000ECF786FD6FF480711030FFF7F0FF0020ED
:1064B000EBF7A0FC044648B13C2300214372EDF702
:1064C000ADF82046BDE81040EDF756B810BD2DE9F7
:1064D000F047D0F80C80028A98F800309B00013316
:1064E00093423DD9BDE8F08708EB86030F21B3F84E
:1064F0000100B3F80370EDF725F9044628B100F167
:10650000BC0947B92046EDF737F8013698F8003056
:106510009E42E9DBE6E76569002DF3D0A2692B68AE
:1065200095422046636108BFA361ECF7C7FFFDF702
:10653000F1FFC5F800A0236A7BB9C4E90755D9E883
:10654000EF3F013BC9E8E23F002AF8D10021204695
:10655000013FECF7BFFFBFB2D3E71D602562EEE756
:106560000026B246D2E710B5ECF722FD04466FF4E0
:1065700080711030FFF78BFF2046BDE8104000F01F
:10658000B7B9C368DB78012B01D1FFF7ECBF7047C7
:10659000C368DB78012B01D1FFF7E5BF704710B569
:1065A000028843889A4218D8052A16D9B3F5486F4D
:1065B00013D88488B4F5FA7F0FD2C18840F67640AC
:1065C000A1F10A0292B2824207D804FB0333B3EB73
:1065D000810F34BF0120002010BD0020FCE7002007
:1065E00070470020704770B506460D464FF0FF30EB
:1065F0004FF0FF31EBF7DAFD044668B103210C30B0
:10660000FFF73DFD068085702146BDE87040002201
:1066100040F20640EBF756BE6FF0680070BDC068F0
:1066200003781BB13C2B03D1FFF739BFEBF7D2BE88
:10663000704738B54FF0FF3105464FF0FF30EBF7AC
:10664000B5FD044668B102210C30FFF718FD2B8818
:10665000214603800022BDE8384042F21600EBF7E5
:1066600031BE6FF0680038BD70B506460D464FF07C
:10667000FF304FF0FF31EBF799FD044660B1032185
:106680000C30FFF7FCFC068085702146BDE87040A9
:1066900042F22100EBF7CEBD70BD73B5C368D97867
:1066A0009A781E8842EA0122ADF8002059791A79B9
:1066B000B4B242EA0122ADF80220D9799A79204693
:1066C00042EA0122ADF804201A7A5B7A012142EAFB
:1066D0000323ADF80630EDF735F8054628B9022159
:1066E0002046FFF7C1FF02B070BD6946EDF734FAEE
:1066F00038B91E212046FFF7B7FF2846ECF73CFFCC
:10670000F1E74FF0FF304FF0FF31EBF74FFD04465C
:106710000028F2D00E210C30FFF7B1FC00230680D8
:10672000C0F80A30BDF8003021464380BDF8023081
:106730008380BDF80430C380BDF80630038142F287
:106740002000EBF777FDD8E7033138B5C9B205462D
:106750000E20ECF703FA032104460C30FFF78FFC00
:106760000123A0F801500370204638BD70B50546DE
:106770000E460F200421ECF7F1F9042104460C30F9
:10678000FFF77DFC0122067042704580204670BDF7
:10679000072208B502F04AFAB0FA80F0400908BDB5
:1067A00000280CBF08460020704718B111B10846F8
:1067B000ECF714BA6FF01500704713B5044680B1BA
:1067C00006216846F8F7E4FD48B99DF805306946AA
:1067D00003F03F0320468DF80530FFF7E6FF02B0D7
:1067E00010BD6FF01500FAE7003818BF01207047A0
:1067F0002DE9F74F884601904FF0FF314FF0FF3001
:10680000EBF7D4FC0446002849D020210C30FFF7D8
:1068100036FC002706460021202202F0FFF9394607
:10682000D8F8005006F1010BD8F804309F4208D385
:10683000317000222146019803B0BDE8F04FEBF71C
:1068400041BD6A78881C13181F2B95F800C05FFAA9
:1068500080F908D9BCF1090FC9F11F0217D1002A2C
:1068600015DD4FF0080C5FFA82FA0AF1010E0BF801
:1068700001E00131C9B20BF801C069685844D14444
:1068800002F0A6F901375FFA89F10835CCE7204616
:10689000EBF76CF96FF0150003B0BDE8F08F6FF007
:1068A0006800F9E770B506460D464FF0FF304FF02F
:1068B000FF3186B0EBF77AFC0446B0B10C3095B1ED
:1068C0000121FFF7EBFB204606F1100203A9082384
:1068D0000095EBF759FC0022214642F20A00EBF743
:1068E000F1FC06B070BD2946EBE76FF06800F8E7F1
:1068F000183001F0C0BFECF70BBDD0F8B000003885
:1069000018BF012070470846896918301160426835
:1069100000211A6010F80D2C02F080B910B4827AB0
:106920000346072A11D10433D3E8EF2F42F48061E4
:10693000C3E8E41F002CF7D1520506D4D3E8AF3FDB
:10694000DB0302D410BCFFF774BE10BC70472438C0
:10695000ECF788BD002203680BB9184670478B42DC
:1069600010D10B6842B942680360914200D1436084
:10697000002301200B60704713604368994208BFF1
:106980004260F5E71A461B68E6E710B50446006961
:1069900018B1EBF7EBF80023236110BD70B5164674
:1069A0000D4601210446ECF795FD012E17D0022E6D
:1069B00017D1236913B12046FFF7E7FF256121694D
:1069C0000A8A012A39D9CB681B8804339BB29A42C0
:1069D00033D32AD92046BDE87040FFF7D6BF2069DF
:1069E00018B92046FFF7D1FF01E02A8A22B92846CC
:1069F000BDE87040EBF7BAB8018A438A46695B1A72
:106A0000C168891B5B1A9A4207D9014600222046B9
:106A100000F0AEF900232361E9E7E9680C30FFF7E5
:106A200034FB2846EBF7A2F8C9E700232361204690
:106A3000BDE87040012200F09BB970BD10B500F1B7
:106A4000C402D2E8AF3F5BB1591CD2E8EF4F9C4281
:106A500004D1C2E8EC1FBCF1000FF6D1F1D110BD9A
:106A60001846FCE710B5837A0446023B062B16D87D
:106A7000DFE803F009041515150B09004172002128
:106A80002046ECF7CBFD002010BD0088FFF7ABFDE2
:106A90000028F9D1A37A072BF5D10821F0E76FF090
:106AA0007F00F1E738B5037A04468B42154615D1CD
:106AB00000F170010722284602F0B8F880B1E378AF
:106AC000072243B904F17E01284602F0AFF8B0FA7C
:106AD00080F0400938BD04F17701F5E70020F9E7BF
:106AE0000120F7E708B5EDF79DF810B1ECF744FD8C
:106AF000012008BDF8B507460D464FF0FF304FF0B6
:106B0000FF31EBF753FB0646D0B10E210C30FFF7F7
:106B1000B6FA04460E22002102F080F83B88314686
:106B200023802B88002263806B8842F21300A380AD
:106B3000AB88E380EB882381BDE8F840EBF7C2BB6C
:106B40006FF06800F8BD704710B50446FEF7F6F820
:106B5000234653F8402BD2F8B01061B92164D2F823
:106B6000B41061B9C2E92C33FEF7FCF82068BDE827
:106B70001040ECF729BD8B42F6D00968EDE70B60B9
:106B8000C2F8B430F0E703682BB141681A688B4251
:106B9000026008BF4260704770472DE9F843446BBC
:106BA0002CB154F8085905B1083D00270CB9BDE8CF
:106BB000F883D4E900682EB3FEF7C0F80022D6F8B7
:106BC000B03004F1400163B1994233D1236C4ABB28
:106BD000D6F8B420C6F8B030914201D1C6F8B4302E
:106BE0002764FEF7BFF804F130090022002348466D
:106BF000FDF75EFC064600BBD8F804300BB120461A
:106C000098472760E3680BB120469847D8F82030B2
:106C10000BB120469847DDB1AB6803B1083B2C4669
:106C20001D46C3E71360D6F8B430994208BFC6F8D2
:106C3000B420D5E71A461B68C5E7B36923B16FF0E6
:106C40006D02F169206898473046EAF78FFFCCE77C
:106C50002B46E4E7F8B50E4600210746154600230B
:106C60004FF224420846EDF77BF9044630B1042187
:106C70000C30FFF704FA0770467045802046F8BDD7
:106C800038B50546006898B1807A072810D1087A8F
:106C9000012810D1C87A07280DD98A61CB6105F186
:106CA000300001F0EEFC2846FFF74EFF002038BD13
:106CB0006FF07F00FBE76FF01500F8E7406B28B13D
:106CC000838B08388B4201D08068F8E7704710B595
:106CD0004AB989B2FFF7F2FF28B143689B6913B143
:106CE000BDE81040184710BD38B50D460521FFF727
:106CF000E5FF002329461A46FFF7C2FF044610B1FC
:106D00002846EAF733FF204638BD38B50B8A0546DA
:106D1000032B0C4621D9042104F10C00FFF7DFF905
:106D2000238A42889A4218D14178B1B10378012B65
:106D300013D0132B11D0022201202D68FFF78AFFF8
:106D4000044650B102210C30FFF799F90023214687
:106D5000037043702846FFF7C7FF002038BD406B23
:106D600028B1838908388B4201D08068F8E77047E2
:106D700038B50B8A0546032B0C4604D82046BDE8DF
:106D80003840EAF7F3BE042104F10C00FFF7A7F93D
:106D900041882846FFF7E3FF0028EFD043682146EB
:106DA0005B699847EAE770470346006828B159686D
:106DB000026888421A6008BF5A6070470346002084
:106DC00003B970471A8A5B681044F9E710B5D468B4
:106DD0000231237813B92170012010BD8B42FBD002
:106DE000038A023B038200201061F6E72DE9F0419F
:106DF00004468868FFF7E2FF638B628D0D4693427D
:106E000028BF134683421DD300272165D1F808808F
:106E10008F60FDF793FF41462046EDF7D7F9064610
:106E200038B1C5F808802765FDF79CFF3046BDE8FE
:106E3000F081618D638B2846994228BF194600F086
:106E40006BFEF1E76FF07906F0E72DE9F041C469D8
:106E5000074644B154F8986906B1983E0022154699
:106E600007F104080CB9BDE8F081236D9BB905B9A1
:106E70008AB94046FFF798FF054658B101462046BB
:106E8000FFF7B4FF0028EED07B682B60BB687D6005
:106E900003B9BD60224636B1D6F8983003B1983BAD
:106EA00034461E46DEE73346FAE773B5144601461C
:106EB00005464FF49572206800F046FD207530B904
:106EC0002946206800F02BFE20B9082323750020F6
:106ED00002B070BD237AB3B1A3F1180253425341FB
:106EE0009B000193638A29460093AE68238AE26877
:106EF0002068B047002808DB238A83420CD1002396
:106F000001202375E4E70223EBE710F1FF0F03D321
:106F10004042C0B22075DAE70E20FBE738B50446E0
:106F20000D46EDF753F930B1294604F15400BDE8A0
:106F3000384001F0A6BB38BDF8B5936805460F464A
:106F40001446166863B9506801210C30FFF797F8B2
:106F5000A0602B681B78002B14BF02230123037051
:106F6000A3681B78012B03D0022B1FD000201CE04C
:106F70002B681B78002BF9D1606804210C30FFF7D7
:106F80007EF8E06007802A68E36852885A8061686A
:106F9000728D738B088A9A4294BFC0EB0200C0EBDB
:106FA0000300042894BF00200120F8BD2B681B7843
:106FB000022BDBD1606812210C30FFF760F8E06033
:106FC00007802B68E268591C0232113351F8040B18
:106FD000994242F8040BF9D16168728D738B088A6B
:106FE0009A4294BFC0EB0200C0EB03001228D9E71D
:106FF00070B40668F2695AB3144654F8983903B16C
:10700000983B002211467CB9438D408B8B4201D8BE
:1070100090421FD9824238BF02469942306838BF39
:10702000194670BCEEF764BB844207D0658D648B53
:10703000A94238BF2946A24238BF224633B1D3F80D
:10704000985005B1983D1C462B46DCE71D46FAE7F3
:107050001146D9E770BC70472DE9F041CB68054671
:107060001F88BBB2162B1BD90321EDF759F9064631
:10707000C0B102210C30FFF702F800244FF01708CE
:10708000314680F8008044702846FFF747FF2846C5
:10709000A5F81A806F85FFF7ABFF2046BDE8F081A9
:1070A0000420FBE70E20F9E7D0680431037813B918
:1070B0000170012070478B42FBD0002091680B8A41
:1070C000043B0B82106170472DE9F041884617465A
:1070D0000121042205461E46EDF7D0F8044670B1A2
:1070E00004210C30FEF7CBFF80F80080A0F801707F
:1070F000C67021462846BDE8F041FFF70FBFBDE846
:10710000F0811FB5CDE9012300231A460093EEF765
:10711000ADF805B05DF804FB0022036803B97047C1
:107120008B420FD10B683AB942680360914200D19B
:10713000436000230B60704713604368994208BFA7
:107140004260F6E71A461B68E8E7D0E8EF3F43F0F5
:107150000802C0E8E12F0029F7D1C3F3C00070474F
:1071600007B5CA680C211388528800920D22EDF7EA
:1071700077F903B05DF804FB07B50022CB680A215C
:107180001B8800920B22EDF76BF903B05DF804FB4E
:1071900070B504460E46002200230846FDF788F924
:1071A000054658B101462046EDF710F8044618B1DF
:1071B0002946304601F070FA204670BD6FF0010498
:1071C000FAE737B50C46054601F10C00FEF797FFCC
:1071D000228A03460192E268122100922846132275
:1071E000EDF77CFB03B030BD37B50C46054601F129
:1071F0000C00FEF784FF228A03460192E2682846CB
:10720000009200221146EDF769FB03B030BD2DE975
:10721000F04342F60103002591B0D2F80080074602
:107220000E4600680BA9D8F8049014468DF82C502F
:10723000ADF82E30FEF76BFF002800F082804FF48F
:10724000205338680BA98DF82C50ADF82E30FEF77E
:107250005EFF38B1A3681BB15A88B24200D25E808B
:10726000012010E061680846FFF7A8FDB8F82A2061
:10727000B8F81A309A4294BFC0EB0200C0EB03008A
:10728000032803D8002011B0BDE8F0830846FEF7BC
:10729000BDFE054661680846FFF790FD6B8A2A8AA5
:1072A000A3EB020C6B69EA68D21AACEB0203B8F8E4
:1072B0001AC0B8F82A20944594BFC0EB0C00C0EB6C
:1072C0000200834228BF03466BB9887AEAF7A6FB1F
:1072D00000220023FEF767FE05460028D2D00146B3
:1072E0006068FEF7A4FE002300933946D7F80480B7
:1072F0001023484602AAC047071E22DB227CE06812
:10730000BA421AD001460BA8FEF72EFFC8B1FAB256
:1073100002A906A8FEF728FF98B106A90BA8FEF758
:10732000F6FE70B900230421637405F10C00FEF72A
:10733000A6FEA0600680A36891E702A901F076FC92
:10734000EFE70023A3608BE72DE9F04F064685B0F9
:10735000104690469946FFF731FD738B728D8B4630
:10736000934228BF1346834275D9736840460393FE
:10737000FEF74CFE4FF0000A04464046FFF71EFDA4
:10738000E168228A658A6369AD1ACB1AED1A778B98
:10739000738D9F4294BFC0EB0700C0EB0300854292
:1073A00028BF054625BB98F80A00EAF737FB0022FC
:1073B0000023FEF7F8FD044608B9574627E00146CA
:1073C0004046FEF734FE4046FFF7F8FCE168228AAB
:1073D000658A6369AD1ACB1AED1A778D738B9F425C
:1073E00094BFC0EB0700C0EB0300854228BF0546F1
:1073F000CDF80090DBF804700A4403985946ABB20C
:10740000B847071E07DABAF1000F18BF57463846CB
:1074100005B0BDE8F08F0E9BABB9394604F10C0006
:10742000FEF72DFE4046FFF7C9FC738D728BB94401
:10743000934228BF13468342BA441FFA89F9BCD944
:10744000AF429AD0B9E7394620460F9A0E9B98472B
:107450000028E2D1B1E70027D9E700232DE9F34165
:1074600017681446D7F80480014613730646952220
:10747000404600F069FA0546207330B9314640466F
:1074800000F04BFB28B908232373002002B0BDE8AD
:10749000F081A068798B7A8D038A914294BFC3EB07
:1074A0000103C3EB0203012BEFDD02210C30FEF7D9
:1074B000E6FDCDE900558046A38831463846A268EE
:1074C000FFF742FF031E06DA13F1FF0F2ABF5B42EC
:1074D0000E23DBB2D8E70120A8F80030D6E700235E
:1074E0002DE9F34117681446D7F804800146137359
:1074F00006469522404600F027FA0546207330B92B
:107500003146404600F009FB28B9082323730020C8
:1075100002B0BDE8F081CDE9005531463846A38878
:10752000A268FFF711FF002807DA10F1FF0F32BF42
:107530000E204042C0B22073E9E70120E8E7F8B529
:10754000054650F8044C071F00F14803D3E8EF1F2D
:1075500021F00401C3E8E21F002AF7D1FCB1EB6C73
:1075600083B9636873B1201DFFF71EFC0646014610
:107570003846FFF73BFC90B163683360A3686660F0
:1075800003B9A660384605F15001FFF701FE30B19E
:10759000384604F10C01BDE8F840FFF7F9BDF8BD2D
:1075A00008B5837A072B01D0002008BD0421FFF71E
:1075B000D6FB0028F8D000F14803D3E8AF3FDB0743
:1075C000F2D550F8040CF0E738B50546D1E8AF3FE6
:1075D000DB0716D550F8040C98B1EB6C8BB904306E
:1075E000FFF7E2FB044660B10146281FFFF7FEFBF0
:1075F00038B155F8043C5A6822609A685C6002B958
:107600009C6038BD70B50E461546FFF7C9FF78B1CE
:10761000C3696BB1184650F8983903B1983B691C9F
:10762000428D448BA24228BF2246914202D93BB9E7
:10763000002070BD2A463146BDE87040ECF71EBE02
:10764000D3F8984004B1983C18462346E8E7EDF794
:10765000A5BD10B504466438EDF70CFC54F8640C75
:107660001321BDE81040FFF7FDB908B500230A8AD1
:10767000C968EDF7C9FB002008BD70B50D46FFF7DE
:107680008FFF044628B92846EAF770FA6FF07F00AA
:1076900070BD00F10C062946304600F0F2FFE469A7
:1076A000C4B154F8985905B1983D0022104607E03E
:1076B00022467DB1D5F8983003B1983B2C461D4643
:1076C000831C01D1002AF4D131462046FFF760FD2A
:1076D0000028EDD10020DBE738B505460C46FDF764
:1076E0002DFB2846FFF75CFF20B9FDF73BFB6FF051
:1076F0007F0038BD0023236083683BB9C0E90144A3
:10770000FFF7A3FBFDF72EFB0020F2E71C6084606F
:10771000F6E710600020704710B5029CA36833B1F3
:10772000B1F5807F28BF0E21CAB221469847A37DBC
:10773000E268013BDBB2A37522B11BB92046BDE86C
:107740001040104710BD106091800020704770B548
:107750000D46064611F8010BECF764FA044610B129
:107760002C89EBF709FF6B89A34207D0EB686C818A
:1077700023B121463046BDE87040184770BD10B5B2
:10778000144632B900F17001007AEDF7E5FB00B163
:10779000846010BD08B5EDF7DFFB18B1002303606E
:1077A0004360836008BD70B500F170060546314640
:1077B000007AFEF716FF04463146287A1CB1BDE870
:1077C0007040FFF7E7BFEDF7C7FB10B104604460FE
:1077D000846070BD022A10B508D1002300F1700149
:1077E0001A46007AEDF7CAFB022010BDFFF7DBFF57
:1077F000FAE738B5BDF81010BDF818401046A142A0
:10780000059D0CD84CB16DB1641A9C42A8BF1C46B2
:10781000A4B22246294401F0DBF9204638BD6FF0BE
:107820000604FAE76FF00D04F7E770B5CC6886B090
:107830002678BDF8285066B96488ADF81640022451
:1078400002940DF11604CDE90054FFF7D2FF06B003
:1078500070BD102601340296F5E7F0B50C4687B0EE
:10786000C968054616461F46EDF722FC00B100899F
:10787000022302930DF116030193BDF83030ADF8E9
:107880001600009332463B4621462846FFF7B1FFDB
:1078900007B0F0BD13B5044610B9002002B010BD0A
:1078A00000238DF8043042F60303006801A9ADF807
:1078B0000630FEF72CFC0028EFD1E36898880028FA
:1078C000ECD12046EDF7A2FC013080B2E6E72DE9CD
:1078D000F041CC689846A3798AB0064608468DF8F0
:1078E00014300D461746FFF7D5FFADF81500246894
:1078F000237893B96388ADF817300523029305AB5D
:107900000193BDF840303A4600932946434630463D
:10791000FFF76FFF0AB0BDE8F081631C0DF117029D
:10792000113453F8041BA34242F8041BF9D113236A
:10793000E4E71FB5CDE9012300231A460093EDF7D4
:1079400095FC05B05DF804FB4B8A12F0010FC3F300
:107950000E0304D013F0950F10D0486870B112F0E8
:10796000020F04D013F4957F0AD0896841B1134007
:1079700013F4DE7F14BF05200020704702207047FB
:10798000032070472DE9F041837A0646072B0C4609
:10799000154686B040F0858000238DF8143042F6FD
:1079A0000303206805A9ADF81630FEF7B0FB90B9C7
:1079B0006768002F75D001232146009004AAB847BC
:1079C00001286ED19DF8103013F0300F69D0204699
:1079D000EDF7A6FC0446002320688DF8143042F62B
:1079E000021305A9ADF81630FEF791FB18B1204639
:1079F000EDF796FC0446002742F60218206802A91B
:107A00008DF80870ADF80A80FEF781FBF8B9002305
:107A100020688DF8143042F6021305A9ADF816302F
:107A2000FEF775FB00283CD16768002F39D0009025
:107A300002232146304605AAB847022831D1BDF8B5
:107A4000143005EA0300003818BF01202AE042F68E
:107A50000303206803A98DF80C70ADF80E30FEF713
:107A600056FB0028D3D04FF42053206804A98DF88A
:107A70001070ADF81230FEF74AFB0028C7D042F66E
:107A80000103206805A98DF81470ADF81630FEF7D3
:107A90003EFB0028BBD02046EDF742FC0446002800
:107AA000ACD1002006B0BDE8F081F8B50F465168B2
:107AB00006464B8A144603F0940313BB0122FFF7DA
:107AC00061FF08B3A2891B2130460232FFF79AFDFD
:107AD0000546E0B1A1890C300231FEF7D0FA20F85A
:107AE000027BA289A16801F073F8D4E90412284648
:107AF0000123EDF71FFA29463046BDE8F840FFF7AD
:107B0000BCBD4FF0FF30F8BD6FF01500FBE76FF024
:107B10000B00F8E7012070477047012070470120F3
:107B2000704713B5C068144668B100238DF804305F
:107B30004FF4C05301A9ADF80630FEF7E8FA10B9CA
:107B4000236801332360012002B010BD0021F8B585
:107B50004FF0FF324FF0FF3305460846ECF700FACE
:107B600000F10C07044601213846FEF788FA052685
:107B7000012106703846FEF782FA002306701A4685
:107B800021462846FFF77CF810B12046E9F7EEFFC2
:107B90000020F8BD6FF085007047002070470C2270
:107BA0000369C9B202FB0133186C00F0070070478B
:107BB00070B50346C9B20069EFF31186202484F33F
:107BC0001288BFF36F8F0C2505FB0104246C14F0A1
:107BD000C00401D0A24210D1012205FB01000264C1
:107BE000002086F31188BFF36F8F28B95B6803EB21
:107BF000C1035B689847002070BD4FF0FF30F0E78D
:107C00008022FFF7D5BFF8B5069F05460469C9B2C3
:107C1000EFF3118C202080F31288BFF36F8F0C26B6
:107C200006FB0146306C00F0070EBEF1010F11D1CA
:107C3000376400268CF31188BFF36F8F46B90C2090
:107C400000FB0144C4E90E236B6853F831309847B8
:107C50003046F8BD00F0C00087420CBF6FF07706D9
:107C60004FF0FF36E6E713B580240094FFF7CBFF13
:107C700002B010BD10B41C240069CBB204FB030099
:107C8000002110BC10471046FCF744BC00F060B95E
:107C9000FBF7EABB38B508461446EFF311852023FD
:107CA00083F31288BFF36F8F1146FBF735FE85F320
:107CB0001188BFF36F8F002808BF204638BD08B574
:107CC0000023FFF7E7FF00EAE07008BDFBF70ABEFC
:107CD000436800205B68DB680B607047436802EA1A
:107CE00001005B6821EA020158600020996070473A
:107CF000436800205B6859607047436800205B68F8
:107D00009960704743685B681A6821EA0200114075
:107D1000586000209960704730B50369586800B317
:107D20000024884219D108688CB99C685860A14227
:107D300000D19860002008602AB15A680A609A68E9
:107D4000596002B9996000200FE02846E9E72060F9
:107D50009868814208BF9C60ECE705680446002DE6
:107D6000F3D1002AE9D16FF0150030BDFBF760BFF9
:107D700030B543681360057A446804EBC504A34238
:107D800002D36FF0010030BD5C7908338C42F1D131
:107D90000020F8E743681B68D3F830317047436828
:107DA0001B68D3F88004C3F88004704742681368E6
:107DB000D3F84C0150B10020926A12780A70C3F8CF
:107DC0004C01D3F84C2101229A6270474FF0FF30EA
:107DD000704713B501AA0446FFF7CAFF002805DB68
:107DE000019B226819791868FBF730F802B010BDC2
:107DF00038B5054600220121C620E9F7B7FAC620AA
:107E0000E9F784FA6C680121E068FFF7E2FF6B682C
:107E100019686369C1F82435E28BA38BA07E1343F4
:107E2000228C1343628C1343627E9BB20243207EFA
:107E300002431343C1F86C3569680B68D3F800221C
:107E400042F48022C3F800220822C3F800254A6ABF
:107E50000121C3F83C270022C3F840271965D3F855
:107E600030110029FBD0C3F800256D680021E868B7
:107E70002C68FFF7AEFF0823C4F800352A7A52B900
:107E8000AB6AC4F804370123C4F80837C4F84C219E
:107E9000D4F84C21A362002038BD08B50220FAF7BF
:107EA00095FD002008BD08B5FBF7D4FF08BD0346CB
:107EB0000020184700F07DBA024610B5116891B154
:107EC000B1FA81F3C3F11F000123834021EA0303C8
:107ED000D2E8EF4F8C4204D1C2E8EC3FBCF1000F76
:107EE000F6D1EBD110BD6FF00B00FBE710B50368C6
:107EF000CB40DB0710D401238B40026843EA020128
:107F0000D0E8EF4F944204D1C0E8EC1FBCF1000F61
:107F1000F6D1F2D1002010BD6FF01500FBE7FBF7A2
:107F20003FBA10B1012802D07047FBF79DBAFBF7AA
:107F30004BBB18B1012803D100F00CB800F008B811
:107F4000704708B5FBF774FBBDE80840FBF7CCBAF7
:107F5000FBF75EBAFBF700BBF7B51646DDE908474D
:107F6000019001A81D46FBF719FD019BB6F1000C1D
:107F700018BF4FF0010C00EB83000B1E18BF01234C
:107F8000002D43EA4C030CBF4FF0000C4FF00C0CDB
:107F9000002C43EA0C030CBF4FF0000C4FF4706C44
:107FA000002F43EA0C030CBF4FF0000C4FF4403C91
:107FB000D0F8802043EA0C0322EA030301B10978D8
:107FC0000EB13678760019430DB12D78AD003143EE
:107FD0000CB12478240229430FB13F783F040C43AD
:107FE0003C43C0F8804003B0F0BD1FB50DF10F0356
:107FF000019300238DF80F101A4619460093FFF7DE
:10800000ABFF05B05DF804FB10B504460846FBF76E
:10801000D5FC04EB4004207DC0F3401010BD10B52A
:1080200004460846FBF7CAFC04EB4004207DC0F37D
:10803000400010BD10B504460846FBF7BFFC04EB3A
:108040004004A08A400B10BD70B504460846164691
:10805000FBF7B4FC083034F810300D46DA0509D5CA
:10806000C3F3432304EBC3023146284654F83330AC
:1080700052689847A3682BB131462846E268BDE8AC
:108080007040184770BD10B504460846FBF796FCD3
:1080900004EB4000838ADA051DD5C3F3432123F4A2
:1080A000F853838204F1120204F1580032F8023FBF
:1080B00013F4807F03D0C3F3432399420BD0824251
:1080C000F4D1002204EBC1035A6004F16000BDE862
:1080D0001040FFF70BBF10BDF0B50446002001278C
:1080E0000546844695420AD1D4F8443133B1002381
:1080F000C4F84431D4F8443140F40030F0BDEBB260
:108100009B0003F580769B0807FA03F3194208D019
:1081100054F806E0BEF1000F03D044F806C0A6599B
:1081200018430135DEE738B504460D46FFF76CFF0E
:10813000A8B12046FFF773FF88B92046FFF77AFF02
:10814000012322688340C2F81833236803EB8000C0
:10815000D0F8103523F00303C0F8103538BD284699
:10816000BDE838400021FFF740BF2DE9F043174636
:10817000044685B00846FBF721FCD7F800800E4680
:108180000546B8F1000F1ED02046FFF748FF18B192
:108190002046FFF739FF20BB00230DF10F02CDE988
:1081A00000338DF80E308DF80F30304643460DF118
:1081B0000E01FFF7D1FE04EB4502938A23F0020380
:1081C00043F0010393827B689BB33146204693F8CA
:1081D0000080D3F80490FFF722FF28B1B9F1000F17
:1081E0001FD06FF0150027E004EB4500838A23F4CD
:1081F000604323F020038382B9F1000F11D0B8F15E
:10820000030FEED87B6821685B6893F800C04FEAE3
:108210008C031944B8F1000F11D1C1F81085C1F8D1
:10822000108504EB4502938A23F01C0343EA88037C
:108230009382BB684BBB002005B0BDE8F083D1F84A
:10824000102522F00302C1F8102522681344D3F848
:10825000102522F4473222F47C72C3F8102541F62F
:10826000F072D3F8101502EA061242EA08420A43F5
:10827000C3F8102504EB4C03A3F86460838A43EA37
:108280004C3343F020038382CBE73146D3E90078B7
:108290002046FFF7F8FE002FCDD063689F4206D03E
:1082A00004F16000FFF708FE002804DAC4E7A368C1
:1082B0009845F5D1002004EBC003C3E9017804EB35
:1082C0004505AB8AC0B243EA402343F48073AB82D6
:1082D000B1E7C0E90312704770B504461546FFF7D1
:1082E00093FE48B10846FBF769FB04EB400400200D
:1082F000A38A5B0B2B7070BD6FF01500FBE790F845
:108300007400003818BF01207047FBF78DBB2DE9C2
:10831000F34104461746FFF777FE0D462668F0B195
:108320002046FFF77CFE8046C8B92046FFF782FE54
:10833000820002F5807346F80380F35823681344E3
:10834000D3F8102542F00102C3F8102527B101230C
:1083500022688340C2F8143302B0BDE8F081D6F839
:10836000143328469B035CBF4FF40033C6F8143324
:10837000FBF724FB04EB4004A38AC3F38203042B22
:1083800011D0052B11D001A80195FBF707FB019B2C
:10839000C168D94001F001010231284602B0BDE8B0
:1083A000F041FFF722BE0321F7E70221F5E7FFF7CF
:1083B000BABE08B1E9F74CBC704710B54369044632
:1083C0003BB90020E2684042537843F00103537008
:1083D00010BD98470028F4D00028B8BF4042FF28BD
:1083E000A8BFFF20E3681870ECE740B1C368587875
:1083F00010F001001EBF1878B0FA80F040097047F5
:10840000EFF31183202383F31288BFF36F8FFEE70E
:1084100008B5FFF7F5FF10B400F10C04C0E9034400
:1084200010BCFDF79FBB38B50446EFF31185202340
:1084300083F31288BFF36F8FFDF70EFB04F10C007E
:1084400000F0BAFA30B1294604F11400BDE8384012
:1084500000F098BA85F31188BFF36F8F38BD10B55F
:1084600042696AB1836842EA0301890708D1016958
:10847000A2FB011424B95B182CBF0121002102D3F7
:108480006FF0150005E0C1609B1A02698A4201D8AD
:10849000002010BDC26801311A604269C3609B1A96
:1084A000F3E72DE9F04105460F46EFF3118820234D
:1084B00083F31288BFF36F8FC668F6B90468A042D1
:1084C0001BD0D4B1D4E9003213605A60237CC4E9D4
:1084D000006623F002032374A66004F1180000F084
:1084E000EFFA2046A667676100F019FA414605F1E8
:1084F0000800BDE8F04100F045BA3E60AB69EF60AE
:10850000013BAB6188F31188BFF36F8FBDE8F08149
:10851000202408B5EFF3118384F31288BFF36F8F23
:10852000FDF7F8FCF6E7D0E9003213605A6000234B
:10853000027CC0E9003322F00202027483607047BB
:108540002DE9F843904604460D469DF82020EFF3B0
:108550001187202181F31288BFF36F8F02B1456824
:10856000A66804F10809B14515D0A6B1002430462B
:10857000FFF7D9FF06F1180000F0A2FA3046B46701
:10858000C6F8148000F0CBF94846394600F0FAF9F5
:108590002046BDE8F883A3B10820FCF721FF00289E
:1085A00032D00122C0F804800260016801F00301AA
:1085B0005DB922680A430260626820606AB960603F
:1085C0000BE04046C8F80030EFE72A68032A10D8CD
:1085D0000160616839B9C4E90000002087F311889F
:1085E000BFF36F8FD5E70A6802F0030202430A6007
:1085F000E5E722F003020A4302602A6802F0030260
:1086000040EA02032B60E8E76FF00B00E6E710B5E5
:10861000044630B10268930703D0446809B100F002
:10862000D0FA204610BD0023C0E9003300F1080352
:10863000C0E90233704770B5EFF31185202383F34F
:108640001288BFF36F8F846800F10806A64213D02A
:1086500094B12046FFF767FF04F1180000F030FAEC
:1086600000232046A367636100F059F9294630468C
:10867000BDE8704000F086B985F31188BFF36F8FB5
:1086800070BD012307B5009300230A461946FFF782
:1086900057FF03B05DF804FB002307B50A460093BB
:1086A0001946FFF74DFF03B05DF804FB0021006899
:1086B000FFF7ADBF3AB18A4205D3C0E90212C0E963
:1086C0000000002070476FF015007047012302681A
:1086D0008B4022EA0303036022FA01F000F001005C
:1086E0007047704710B5032104460C30FFF7EEFFCA
:1086F00030B104F1100000F0E3F9B0FA80F0400965
:1087000010BD20B100228C30114600F0A0B9704796
:1087100070B5C3680446C3F340069B0716D485684A
:1087200002210C30FFF7D2FF80B1D5F884206AB166
:1087300094421DD122689EB9D5F88830C5F88420AE
:108740009C4201D1C5F8882000232360E36813F020
:108750001F001EBF43F00203E36040F0020070BD43
:108760003260D5F88820944208BFC5F88860EBE7EE
:1087700016461268DBE773B50446EFF31185202334
:1087800083F31288BFF36F8F00230193D0E9042392
:10879000B3F1004F08BF012A05D085F31188BFF35C
:1087A0006F8F02B070BDA0F1100603210438FFF7EF
:1087B0008DFF0028F1D0A369304601A90193FBF792
:1087C000FFFFEAE738B504460D461022002100F00D
:1087D00025FA656038BD13B501900846EFF31184A2
:1087E000202383F31288BFF36F8F01A9FBF7E8FF03
:1087F00084F31188BFF36F8F02B010BD10B5FFF77F
:10880000EAFF041E08DDEFF31180202383F31288B2
:10881000BFF36F8FFCF77EFA204610BD70B50D4692
:10882000EFF31186202383F31288BFF36F8FFCF7D9
:1088300019F8044686F31188BFF36F8F38B14FF0F3
:10884000FF324FF0FF3305F11000FBF797FE204693
:1088500070BD08B5A022002100F0E0F908BD38B5D0
:1088600030220D460021044600F0D8F94FF4807301
:108870006560E36038BD38B50446EFF31185202309
:1088800083F31288BFF36F8FFFF72CFF2046FFF7AB
:108890003FFF85F31188BFF36F8F38BDEFF305807D
:1088A000003818BF012070476FF057007047D0E9BB
:1088B000003213605A600023C0E90033704708B5E6
:1088C000FFF7F5FF037C23F00203037400238360AA
:1088D00008BD38B504460D46FCF778F9237C43F013
:1088E00002032374D5B1A5602B689D4209D16B6842
:1088F000C4E900531C606C6010E06A689A42F6D0CC
:108900001B68002BF3D093F90E1094F90E209142BE
:10891000F3DD5A68C4E9003214605C6038BD10B5FC
:10892000EFF31184202383F31288BFF36F8FFCF7DA
:108930000DF984F31188BFF36F8F10BD08B5037C68
:10894000014613F0280F0CD183680BB1FFF7B7FF76
:108950000B7C084623F004030B74BDE80840FCF7C9
:10896000F5B808BD10B5EFF31184202383F3128806
:10897000BFF36F8F1838FFF7E1FF84F31188BFF35F
:108980006F8F10BD0846FCF759B938B50546046825
:108990000020AC4200D138BD002CFCD02046FFF7AF
:1089A0008EFF04F1180000F08BF82046FCF7CEF89B
:1089B0002C680120A542EDE710B5EFF311842023C8
:1089C00083F31288BFF36F8FFFF7DFFF84F3118803
:1089D000BFF36F8F10BD70B506460D46FCF736FA33
:1089E000B5F1FF3F08BFB6F1FF3F04460CD047F694
:1089F000112000214FF47A7547F612220023E4FB80
:108A00000501E7F73BFD70BD4FF0FF30FBE738B5E0
:108A10000446EFF31185202383F31288BFF36F8F91
:108A2000037C5B070ED5183000F04AF8237C204603
:108A300023F004032374FCF789F82846BDE8384086
:108A4000FCF7FCB885F31188BFF36F8F38BD38B5DC
:108A5000EFF31185202383F31288BFF36F8F04682F
:108A6000A04212D09CB1A16762612046FFF727FFA8
:108A700004F1180000F024F82046FCF767F8012004
:108A800085F31188BFF36F8F38BD0020F8E72046CB
:108A9000F6E708B50246FCF74BFB70B1D0E90431AC
:108AA0009B1A61EBE272B3F1004F72F1000104DA3C
:108AB000002AACBF1846002008BD6FF00040FBE75D
:108AC000024638B5EFF31185202383F31288BFF3F4
:108AD0006F8F0368D3B1FCF72BFB04461046FCF7FD
:108AE00039FB00224FF000438442C0E9042305D043
:108AF000002085F31188BFF36F8F38BDFCF720FB92
:108B0000FFF7C7FF0021FAF737FBF1E7D0E90413BD
:108B1000B3F1004F08BF012904D100204FF00041FC
:108B2000C2E904016FF01500E3E708B5FCF71AFC91
:108B300008BDFCF717BCB3F1FF3F08BFB2F1FF3F20
:108B400070B506461D46144614D01A4316D0002BA5
:108B500008DBFCF707FC041941EB0501C6E90041FD
:108B6000304670BD6FF001031C1B4FF0FF3363EB09
:108B70000501F3E74FF0FF342146EFE70024FBE760
:108B8000B3F1FF3F08BFB2F1FF3FF8B50746164605
:108B90001C4610D054EA020311D0FCF7E3FBB042AC
:108BA0000A46A14103460AD2F31A64EB0204C7E95C
:108BB00000343846F8BD4FF0FF331C46F7E700237A
:108BC000FBE720B1011F50F8040CFFF72CBC7047E5
:108BD0000A44431E914200D1704710B511F8014B71
:108BE000914203F8014FF9D110BD884210B501EB55
:108BF000020402D98442234607D8431EA14207D06B
:108C000011F8012B03F8012FF8E70244824200D14A
:108C100010BD13F8011D02F8011DF7E702440346D9
:108C2000934200D1704703F8011BF9E70139024470
:108C300010B5904201D1002005E0037811F8014FF2
:108C4000A34201D0181B10BD0130F2E702460144D7
:108C500010B58A42134603D01C780132002CF8D19B
:108C6000181A10BDF0B5C3F13707044603F01F030F
:108C70001046FFB2082BE6B232D0102B3DD065086B
:108C8000A40845EAC17544EA81748A082D1942EBAB
:108C90005102290941EA02716D1842EB1212290AA8
:108CA00041EA02616D1842EB1222290C41EA0241AD
:108CB0006D1842EB1242AD1842F10002EC0844EA92
:108CC0004274D10804EB8402A6EB4205EDB2092DF3
:108CD0000CD90134A5F10A0541F10001EDB212E011
:108CE000E40806F0070544EA4174C908303554EA3F
:108CF000010200F8015BBDD1F0BD240906F00F05AB
:108D000044EA01740909092D84BFED19EDB2EDE7BC
:108D1000D1E9043293421EBF5A1C0A611870704791
:088D2000A077FE7F01000000B6
:108D2800A91B000000000000C9300100000000007D
:108D380000000000A88D01000944010000000000A7
:108D48002D4401000000000000000000E08D01003B
:108D580000000000C48D010000000000FC8D01002F
:108D680000000000188E010000000000348E010091
:108D7800C52A0100000000009B7E010000000000E1
:108D8800C119000000000000354601000000000085
:108D980000000000508E0100C51D0000000000000A
:108DA8000DA90100449F01001C9701004205002005
:108DB800C8320020C5270100000000001EA90100DC
:108DC800609F0100EC960100460500201C3300203E
:108DD800E92C0100000000002AA90100749F01008D
:108DE800EC9601004805002028330020E92C0100FA
:108DF8000000000035A90100889F0100EC960100E1
:108E08004A05002034330020E92C0100000000004E
:108E18001AA9010000000000E496010044050020A2
:108E280000000000CD7C01000000000040A9010006
:108E3800A89F0100389701004C050020403300200E
:108E4800F17D010000000000FC9A01000000000014
:108E58001097010040050020CC19002000000000F8
:048E68000000000006
:108E6C0000000000F15E010000000000F15E010056
:108E7C0000000000F15E010000000000F15E010046
:108E8C0000000000F15E010000000000F15E010036
:108E9C0000000000F15E010000000000F15E010026
:108EAC0000000000F15E010000000000F15E010016
:108EBC0000000000F15E010000000000F15E010006
:108ECC0000000000F15E010000000000F15E0100F6
:108EDC0000000000F15E010000000000F15E0100E6
:108EEC0000000000F15E010000000000F15E0100D6
:108EFC0000000000F15E010000000000F15E0100C6
:108F0C0000000000F15E010000000000F15E0100B5
:108F1C0000000000F15E010000000000F15E0100A5
:108F2C0000000000F15E010000000000F15E010095
:108F3C0000000000F15E010000000000F15E010085
:108F4C0000000000F15E010000000000F15E010075
:108F5C0000000000DDF3000000000000F15E0100E5
:108F6C0000000000F15E010000000000F15E010055
:108F7C0000000000F15E010000000000F15E010045
:108F8C0000000000F15E010000000000F15E010035
:108F9C0000000000F15E010000000000F15E010025
:108FAC0000000000F15E010000000000F15E010015
:108FBC0000000000F15E010000000000F15E010005
:108FCC0000000000F15E010000000000F15E0100F5
:108FDC0000000000F15E010000000000F15E0100E5
:108FEC0000000000F15E010000000000F15E0100D5
:108FFC0000000000F15E010000000000F15E0100C5
:10900C0000000000F15E010000000000F15E0100B4
:10901C0000000000F15E010000000000F15E0100A4
:10902C0000000000F15E010000000000F15E010094
:10903C0000000000F15E010000000000F15E010084
:10904C0000000000F15E010000000000F15E010074
:10905C0000000000F15E010000000000F15E010064
:10906C0000000000F15E010000000000F15E010054
:10907C0000000000F15E010000000000F15E010044
:10908C0000000000F15E010000000000F15E010034
:10909C0000000000F15E010000000000A5260100A8
:1090AC0000000000F15E010000000000F15E010014
:1090BC0000000000F15E010000000000F15E010004
:1090CC0000000000F15E010000000000F15E0100F4
:1090DC0000000000F15E010000000000F15E0100E4
:1090EC0000000000F15E010000000000F15E0100D4
:1090FC0000000000F15E010000000000F15E0100C4
:10910C0000000000F15E010000000000F15E0100B3
:10911C0000000000F15E010000000000F15E0100A3
:10912C0000000000F15E010000000000F15E010093
:10913C0000000000F15E010000000000F15E010083
:10914C0000000000F15E010000000000F15E010073
:10915C0000000000F15E010000000000F15E010063
:10916C0000000000F15E010000000000F15E010053
:10917C0000000000F15E010000000000F15E010043
:10918C0000000000F15E010000000000F15E010033
:10919C0000000000F15E010000000000F15E010023
:1091AC0000000000F15E010000000000F15E010013
:1091BC0000000000F15E010000000000F15E010003
:1091CC0000000000F15E010000000000F15E0100F3
:1091DC0000000000F15E010000000000F15E0100E3
:1091EC0000000000F15E010000000000F15E0100D3
:1091FC0000000000F15E010000000000F15E0100C3
:10920C0000000000F15E010000000000F15E0100B2
:10921C0000000000F15E010000000000F15E0100A2
:10922C0000000000F15E010000000000F15E010092
:10923C0000000000F15E010000000000F15E010082
:10924C0000000000F15E010000000000F15E010072
:10925C0000000000F15E010000000000F15E010062
:10926C0000000000F15E010000000000F15E010052
:10927C0000000000F15E010000000000F15E010042
:10928C0000000000F15E010000000000F15E010032
:10929C0000000000F15E010000000000F15E010022
:1092AC0000000000F15E010000000000F15E010012
:1092BC0000000000F15E010000000000F15E010002
:1092CC0000000000F15E010000000000F15E0100F2
:1092DC0000000000F15E010000000000F15E0100E2
:1092EC0000000000F15E010000000000F15E0100D2
:1092FC0000000000F15E010000000000F15E0100C2
:10930C0000000000F15E010000000000F15E0100B1
:10931C0000000000F15E010000000000F15E0100A1
:10932C0000000000F15E010000000000F15E010091
:10933C0000000000F15E010000000000F15E010081
:10934C0000000000F15E010000000000F15E010071
:10935C0000000000F15E010000000000F15E010061
:10936C0000000000F15E010000000000F15E010051
:10937C0000000000F15E010000000000F15E010041
:10938C0000000000F15E010000000000F15E010031
:10939C0000000000F15E010000000000F15E010021
:1093AC0000000000F15E010000000000F15E010011
:1093BC0000000000F15E010000000000F15E010001
:1093CC0000000000F15E010000000000F15E0100F1
:1093DC0000000000F15E010000000000F15E0100E1
:1093EC0000000000F15E010000000000F15E0100D1
:1093FC0000000000F15E010000000000F15E0100C1
:10940C0000000000F15E010000000000F15E0100B0
:10941C0000000000F15E010000000000F15E0100A0
:10942C0000000000F15E010000000000F15E010090
:10943C0000000000F15E010000000000F15E010080
:10944C0000000000F15E010000000000F15E010070
:10945C0000000000F15E010000000000F15E010060
:10946C0000000000F15E010000000000F15E010050
:10947C0000000000F15E010000000000F15E010040
:10948C0000000000F15E010000000000F15E010030
:10949C00348E0100957D010000000000F15E01009A
:1094AC0000000000F15E010000000000F15E010010
:1094BC0000000000F15E010000000000F15E010000
:1094CC0000000000F15E010000000000F15E0100F0
:1094DC0000000000F15E010000000000F15E0100E0
:1094EC0000000000F15E010000000000F15E0100D0
:1094FC0000000000F15E010000000000F15E0100C0
:10950C0000000000F15E010000000000F15E0100AF
:10951C0000000000F15E010000000000F15E01009F
:10952C0000000000F15E010000000000F15E01008F
:10953C0000000000F15E0100AC0200206D7D010016
:10954C0000000000F15E010000000000F15E01006F
:10955C0000000000F15E010000000000F15E01005F
:10956C0000000000F15E010000000000F15E01004F
:10957C0000000000F15E010000000000B1F30000EB
:10958C0005410100AF7E010000000000F15E01000A
:10959C0000000000F15E010000000000F15E01001F
:1095AC0000000000F15E010000000000F15E01000F
:1095BC0000000000F15E010000000000F15E0100FF
:1095CC0000000000F15E010000000000F15E0100EF
:1095DC0000000000F15E010000000000F15E0100DF
:1095EC0000000000F15E010000000000F15E0100CF
:1095FC0000000000F15E010000000000F15E0100BF
:10960C0000000000F15E010000000000F15E0100AE
:10961C0000000000F15E010000000000F15E01009E
:10962C0000000000F15E010000000000F15E01008E
:10963C0000000000F15E010000000000F15E01007E
:10964C0000000000F15E010000000000F15E01006E
:10965C0000000000F15E010000000000F15E01005E
:10966C0000000000F15E010000000000F15E01004E
:10967C0000000000F15E010000000000F15E01003E
:10968C0000000000F15E0100437F0100AF7E01008D
:10969C0000000000F15E010000000000F15E01001E
:1096AC0000000000F15E010000000000F15E01000E
:1096BC0000000000F15E010000000000F15E0100FE
:1096CC0000000000F15E0100340200206D7D0100FD
:0896DC0000000000F15E010036
:0896E400BF7C0100957C010030
:1096EC00152B0100D17C0100DD7C0100F17C010017
:1096FC00FB7C0100057D0100312D0100197D01006D
:04970C000000000059
:0C97100031800000517E0000CD7D000083
:10971C001D280100017C0100677C01000000000095
:0C972C009F7B0100000000000000000016
:0C973800AD7D0100C92F01009F7D0100E4
:1097440005000000453F00000600000085570000AA
:0897540004000000A94B000015
:10975C005D08000019080000000000000000000077
:10976C00C9070000000000007D0700000000000099
:10977C00689A010004000000E8970100070000004F
:109790000000000003000000300000006000000036
:1097A00000000000000106020100000000010201AB
:1097B0000404040400A0105000820D500004055061
:1097C0000338FDD8704700000000000000000000D2
:1097D0000338FDD870470000010100003A05002061
:1097E0000908000094A3010064A001002B78010087
:1097F0000000000060A00100000001005CA001006A
:10980000CF780100000000001C02002000000100D1
:1098100054A001009F5E0100000000000000000055
:109820000000010050A00100CF78010000000000FE
:10983000140200200000010048A001006B5E01003E
:1098400000000000000000000000010044A0010032
:10985000CF780100000000000C0200200000010091
:109860003CA00100950D0000000000000000000079
:1098700000000100000000200000000006000100C0
:10988000020000008898010000000000D5A7010038
:1098900006000000E0CF170000000020DDA7010057
:1098A00021000000E0FF03204D1A0000000000002E
:1098B0009B5F0100A8980100C4980100020100000C
:1098C00000000000F8590020A8980100D898010075
:1098D0002E0000000000000060670020A898010032
:1098E000EC98010002010000000000003468002034
:1098F0000E030000312A00000F0400002D2B000091
:109900001A0100009B62010005040000791D00009F
:1099100013010000CF6401003E010000651F00003C
:1099200001120000836501000A1E0000916501001C
:10993000FF0100003D1E00003E0100005D1E000012
:1099400005040000C162010010010000196301005C
:1099500001120000252500000A1E00001F660100FC
:1099600003090000AB630100040B00002564010043
:10997000060A00009B6601000C050000E962010078
:109980002BFD00006D63010035090000216301001B
:10999000A8980100A0990100020100000000000049
:1099A00050690020A8980100B4990100000000004F
:1099B00000000000846B0020A8980100C8990100F5
:1099C0002000000000000000AC6B0020476B01008D
:1099D000996B010000000000000000000000000082
:1099E0000B6D0100000000000000000000000000FE
:1099F000000000000202010059700100040401008F
:109A0000BD430000060601001946000008040100DD
:109A1000D94600000A020100797101000C0401001E
:109A2000617101000E040100F144000020040100F6
:109A30008545000010040100ED47000012020100FE
:109A4000C37101001E0004006B7601005202000089
:109A5000E9710100A8980100649A01002200000049
:109A600000000000846C00207CA001002B78010025
:109A70000000000078A001000000010074A00100B7
:109A8000CF780100000000009C03002000000100CE
:109A90006CA00100000000000000000000000000B9
:109AA0000000000068A001005B780100DD500000AC
:109AB000A4030020000003000000000000000000DC
:109AC0000000000000000000000000004D7B0100CD
:109AD0000000000000000000000000000000000086
:109AE00042542043544C5220525820707269000056
:109AF00042542043544C52205258000062745F6814
:109B000063695F636F6E74726F6C6C6572000000E6
:109B10005A6570687972204F532076342E342E3176
:109B200000000000574553545F544F504449522F92
:109B30007A65706879722F7375627379732F626CAE
:109B40007565746F6F74682F636F6E74726F6C6C71
:109B500065722F6C6C5F73772F756C6C5F636F6EC3
:109B60006E2E6300657272203D3D2030207C7C208B
:109B7000657272203D3D202D3132300041535345F6
:109B80005254494F4E204641494C205B25735D207D
:109B9000402025733A25640A0000000009706172B4
:109BA000616D313A20257520706172616D323A2005
:109BB00025750A00574553545F544F504449522F5E
:109BC0007A65706879722F7375627379732F626C1E
:109BD0007565746F6F74682F636F6E74726F6C6CE1
:109BE00065722F6C6C5F73772F6E6F726469632F71
:109BF0006C6C6C2F6C6C6C5F6164762E6300000083
:109C0000300000000925733A2041637475616C20AF
:109C10004556454E545F4F564552484541445F5363
:109C2000544152545F5553203D2025750A000000D1
:109C30005449465342494E20746966733D25752048
:109C40007068793D2575206E3D2575206E763D2521
:109C500075206D696E3D2575206D65643D25752007
:109C60006D61783D25752064726F703D25750A0021
:109C700054494653444941472070726F673D2575EA
:109C80002061726D3D257520636F6E735F74783D42
:109C9000257520636F6E735F646F6E653D2575205B
:109CA0007374616C655F646F6E653D2575206475C6
:109CB000703D257520636F6E73756D655F636333EB
:109CC0003D257520636C65616E75705F6572726F9E
:109CD000723D257520636C65616E75705F7374618C
:109CE0006C653D2575206363305F6368616E6765F1
:109CF000643D25752064726F703D25750A00000073
:109D0000574553545F544F504449522F7A657068F9
:109D100079722F7375627379732F626C7565746FC6
:109D20006F74682F636F6E74726F6C6C65722F6CDA
:109D30006C5F73772F6E6F726469632F6C6C6C2F1E
:109D40006C6C6C5F7065726970686572616C2E63B3
:109D50000000000059C0000069C0000079C0000088
:109D600089C00000000000000000000099C0000051
:109D700041C10000A9C000000000000071C1000046
:109D800000000000B9C0000051C100000000000048
:109D9000C9C00000C1C10000D9C0000081C10000DD
:109DA00091C1000000000000A1C10000D1C100006D
:109DB000E1C10000E9C00000000000000000000058
:109DC00000000000000000000000000061C1000071
:109DD0000000000000000000000000000000000083
:109DE0000000000000000000000000000000000073
:109DF0000000000000000000000000000000000063
:109E00000000000000000000000000000000000052
:109E10000000000000000000000000000000000042
:109E20000000000000000000000000000000000032
:109E30000000000000000000000000000000000022
:109E400031C10000B1C1000008020B020A03050283
:109E500000000000000000000202000006020000F6
:109E600004030000000009030000000001030000DB
:109E700000000000070300000000000000000000D8
:109E800000000000000000000000000000000000D2
:109E900000000000000000000000000000000000C2
:109EA00000000000000000000000000000000000B2
:109EB000000000000000000000000000000012038D
:109EC00012030000F401FA00960064004B00320017
:109ED0001E001400707265706172655F636200003D
:109EE000707265706172655F636200000700000058
:109EF00008000000090000000A0000000B0000003C
:109F00000D0000000F000000110000001300000011
:109F100015000000180000001B0000001F000000DA
:109F200023000000280000002D0000003300000086
:109F300039000000010304058127010051270100B9
:109F400000000000CD2801004D280100917C010097
:109F50008D7C010000A0105000820D5000040550BF
:109F60007F00000000A0105034020020000000001C
:109F700000000000FFFF010000820D50AC02002035
:109F80000000000001000000FF0700000004055071
:109F900000000000000000000200000000A01050BF
:109FA00000820D500004055000600C5000000000BD
:109FB00000000000D49F010000C201000000D60193
:109FC00000000000000000400000000025360020D6
:109FD0002436002000600C50E09F010001000000CA
:109FE000E89F010004000000240000002600000299
:109FF00025060001270600030001000000A0105004
:10A0000000820D500004055008000000020000000E
:10A010000400000001000000288D0100388D0100BF
:10A02000808D0100888D0100A88D0100A88D0100A0
:10A0300050A9010000010000000000000000042AF7
:10A040000000042A000003280000012A0000012A61
:10A05000000003280000002A0000002A0000032856
:10A060000000001800000028000002290000052A56
:10A070000000052A00000328000001180000002845
:10A0800051334653552D444F4E4520726F6C653DFC
:10A09000502061613D3078253038782073657373C6
:10A0A0003D2575207374617475733D3078253032A9
:10A0B000782073706163696E673D257520747970CF
:10A0C00065733D3078257820706879733D30782548
:10A0D0007820696E69746961746F723D25640A0045
:10A0E0005133504152414D55504420726F6C653D83
:10A0F000502061613D307825303878207365737366
:10A100003D257520696E74657276616C3D257520FC
:10A110006C6174656E63793D25752074696D656F3A
:10A1200075743D2575207365713D25750A00504590
:10A130005249504820646973636F6E6E656374653D
:10A140006420726561736F6E3D30782530327820FF
:10A150002D3E2069646C650A0050455249504820E4
:10A160006164765F7374617274206572723D2564F8
:10A170000A0050455249504820636F6E6E65637403
:10A18000206661696C203078253032780A005045AD
:10A190005249504820636F6E6E6563746564206930
:10A1A0006E74657276616C3D25757573203B207306
:10A1B0006573733D25752061613D307825303878B1
:10A1C0000A000A3D3D205132207065726970686551
:10A1D00072616C2028713270657269706829203D47
:10A1E0003D2062745F656E61626C653D25640A00A6
:10A1F0005132524541445920726F6C653D50206484
:10A2000065763D253038782530387820626F6F7458
:10A210007461673D3078253038780A004144562D06
:10A22000524541445920726F6C653D500A005132CD
:10A23000534E415020726F6C653D50207365713DE7
:10A24000257520626F6F747461673D3078253038F2
:10A25000782061613D3078253038782073657373DC
:10A260003D25752063683D25752073636865643DF1
:10A2700025752074783D25750A00513350484153A7
:10A2800045534E415020726F6C653D5020626F6F98
:10A29000747461673D3078253038782061613D30D5
:10A2A000782530387820736573733D257520636891
:10A2B0003D25752073636865643D25752074783D80
:10A2C00025750A00544946532D434C454152454497
:10A2D00020726F6C653D502061613D3078253038CB
:10A2E0007820736573733D2575206C6966653D251F
:10A2F000750A00544946532D46524F5A454E207216
:10A300006F6C653D502061613D3078253038782094
:10A31000736573733D2575206C6966653D25750A07
:10A3200000257300544946532D445241494E2D4453
:10A330004F4E4520726F6C653D502061613D307815
:10A340002530387820736573733D2575206C6966F8
:10A35000653D25750A00513245565420726F6C6573
:10A360003D502061613D3078253038782073657329
:10A37000733D257520743D256C6C646D7320636896
:10A380003D25752073636865643D25752074783DAF
:10A3900025750A0071327065726970680072302F1D
:10A3A00061313A2020307825303878202072312FE2
:10A3B00061323A2020307825303878202072322FD0
:10A3C00061333A20203078253038780A0072332FF4
:10A3D00061343A2020307825303878207231322F9D
:10A3E00069703A2020307825303878207231342F47
:10A3F0006C723A20203078253038780A0020787046
:10A4000073723A20203078253038780A004661751A
:10A410006C74696E6720696E737472756374696FAA
:10A420006E206164647265737320287231352F70F9
:10A4300063293A203078253038780A00556E6861F3
:10A440006E646C6564204952516E3A2025640A009E
:10A450002A2A2A2A2A205553414745204641554C4D
:10A4600054202A2A2A2A2A0A00202044697669735D
:10A47000696F6E206279207A65726F0A002020551C
:10A480006E616C69676E6564206D656D6F727920B1
:10A490006163636573730A002020537461636B20EA
:10A4A0006F766572666C6F772028636F6E7465785F
:10A4B000742061726561206E6F742076616C6964CE
:10A4C000290A0020204E6F20636F70726F636573DE
:10A4D000736F7220696E737472756374696F6E73D3
:10A4E0000A002020496C6C6567616C206C6F6164A8
:10A4F000206F66204558435F52455455524E20699F
:10A500006E746F2050430A002020496C6C656761AF
:10A510006C20757365206F66207468652045505304
:10A52000520A002020417474656D707420746F208D
:10A530006578656375746520756E646566696E65BA
:10A540006420696E737472756374696F6E0A002A91
:10A550002A2A2A2A20425553204641554C54202A63
:10A560002A2A2A2A0A002020537461636B696E67C5
:10A57000206572726F720A002020556E73746163D9
:10A580006B696E67206572726F720A0020205072CC
:10A590006563697365206461746120627573206509
:10A5A00072726F720A002020424641522041646458
:10A5B000726573733A20307825780A002020496D3F
:10A5C000707265636973652064617461206275737C
:10A5D000206572726F720A002020496E7374727562
:10A5E0006374696F6E20627573206572726F720A90
:10A5F000002020466C6F6174696E672D706F696E04
:10A6000074206C617A79207374617465207072654E
:10A61000736572766174696F6E206572726F720A0B
:10A62000002A2A2A2A2A204D5055204641554C54AA
:10A63000202A2A2A2A2A0A002020537461636B697F
:10A640006E67206572726F722028636F6E74657812
:10A65000742061726561206D69676874206265208D
:10A660006E6F742076616C6964290A002020446151
:10A670007461204163636573732056696F6C617404
:10A68000696F6E0A0020204D4D464152204164649E
:10A69000726573733A20307825780A002020496E5D
:10A6A000737472756374696F6E204163636573734D
:10A6B0002056696F6C6174696F6E0A00526573652C
:10A6C0007276656420457863657074696F6E2028C2
:10A6D0000053707572696F757320696E746572725C
:10A6E00075707420284952512000535053454C2016
:10A6F000696E20746872656164206D6F64652064A2
:10A700006F6573206E6F7420696E64696361746530
:10A71000205053500A002A2A2A2A2A20484152440B
:10A72000204641554C54202A2A2A2A2A0A00202051
:10A73000427573206661756C74206F6E2076656358
:10A74000746F72207461626C6520726561640A00C6
:10A7500020204465627567206576656E740A002066
:10A76000204661756C7420657363616C6174696FF8
:10A770006E20287365652062656C6F77290A004139
:10A780005243485F455843455054207769746820C8
:10A79000726561736F6E2025780A0A002A2A2A2AB8
:10A7A0002A204465627567206D6F6E69746F722030
:10A7B000657863657074696F6E202A2A2A2A2A0ACE
:10A7C000002A2A2A2A2A20257320256429202A2AB9
:10A7D0002A2A2A0A00464C4153485F30005352410E
:10A7E0004D5F3000574553545F544F504449522FEA
:10A7F0007A65706879722F7375627379732F626CE2
:10A800007565746F6F74682F686F73742F686369F0
:10A810005F636F72652E630062745F6863695F6572
:10A8200076745F6765745F666C61677328686472CD
:10A830002D3E657674292026202831554C203C3C3D
:10A84000202831292900415353455254494F4E2065
:10A850004641494C205B25735D20402025733A25F5
:10A86000640A006576745F666C6167732026202831
:10A8700031554C203C3C202830292900657272203B
:10A880003D3D20300009436F6E74726F6C6C6572D1
:10A8900020756E726573706F6E736976652C2063B8
:10A8A0006F6D6D616E64206F70636F6465203078CA
:10A8B000253034782074696D656F757420776974FC
:10A8C00068206572722025640A0042542052582084
:10A8D00057510062756600574553545F544F5044BA
:10A8E00049522F7A65706879722F73756273797324
:10A8F0002F626C7565746F6F74682F686F73742F37
:10A900006863695F636F6D6D6F6E2E6300636C6F5C
:10A91000636B4031306530303000726E67006770B5
:10A92000696F40313061303030006770696F40646A
:10A9300038323030006770696F4035303430300065
:10A9400075617274406336303030006D61696E003D
:10A95000737973776F726B71002A2A2A20426F6FA6
:10A9600074696E67205A6570687972204F5320624F
:10A9700075696C642076342E342E312D31362D6776
:10A98000386634346133643761336634202A2A2AC6
:10A990000A00286E756C6C29002A666C6F61742A37
:10A9A0000000FFFFFFFFFFFF00000000000000FFAE
:10A9B000FFFFFFFFFF00000000000000000000009C
:10A9C000001000800000805F9B34FB010400020047
:10A9D0000000020000000000000005000000000070
:10A9E000000000000000000000000501010101015D
:10A9F000020300010405020608090F0007182323BB
:10AA000023232323232323232323230001020000C2
:10AA10000000000000000000000000000000000036
:10AA20000000000000000000000000000000000026
:10AA30000000000000000000000000000000000016
:10AA40000000000000000000000000000000000006
:10AA500000000000000000000000000000000000F6
:10AA600000000000000000000000000000000000E6
:10AA700000000000000000000000000000000000D6
:10AA800000000000000000000000000000000000C6
:10AA900000000000000000000000000000000000B6
:10AAA00000000000000000000000000000000000A6
:10AAB0000000000000000000000000000000000096
:10AAC0000000000000000000000000000000000086
:10AAD00000000000000000006929000000000000E4
:10AAE0000000000000000000000000000000000066
:10AAF0000000000000000000000000000000000056
:10AB00000000000000000000000000000000000045
:10AB10000000000000000000000000000000000035
:10AB20000000000000000000000000000000000025
:10AB30000000000000000000000000000000000015
:10AB40000000000000000000000000000000000005
:10AB500000000000000000000000000000000000F5
:10AB600000000000000000000000000000000000E5
:10AB700000000000508E01001F00000000000000D7
:10AB8000FFFFFFFFFF1F0000000000006700000044
:10AB900000000000000000000000000000000000B5
:10ABA00000000000000000000000000000000000A5
:10ABB0000000000000000000000000000000000095
:10ABC0000000000000000000000000000000000085
:10ABD0000000000000000000000000000000000075
:10ABE0000000000000000000000000000000000065
:10ABF0000000000000000000000000000000000055
:10AC00000000000000000000000000000000000044
:10AC10000000000000000000E75B010040A0010010
:10AC2000000002004CA001000000020058A001003A
:10AC30000000020000000000915F01000000000021
:10AC40000000000000C010500000000000000000E4
:10AC500000000000000000000000000000000000F4
:10AC600000000000000000000000000000000000E4
:10AC700000000000000000000000000000000000D4
:10AC800000000000000000000000000000000000C4
:10AC900000000000000000000000000000000000B4
:10ACA00000000000000000000000000000000000A4
:10ACB00000000000000000000001000000A00D5096
:10ACC0000000000000000000000000000000000084
:10ACD0000000000000000000000000000000000074
:10ACE0000000000000000000000000000000000064
:10ACF0000000000000000000000000000000000054
:10AD00000000000000000000000000000000000043
:10AD10000000000000000000000000000000000033
:10AD20000000000000000000000000000000000023
:10AD300000000000000000006D2A0000000000007C
:10AD400000000000000000007D1E00000000000068
:10AD50000000000000000000353700000000000087
:10AD6000000000000000000011340000000000009E
:10AD70000000000029440000754E000000000000A3
:10AD800000000000000000009D4900003F75010028
:10AD9000C97501001543000000000000000000001C
:10ADA0006D4C0000000000000000000070A00100D9
:10ADB0000000200000000000000000000000000073
:10ADC00000000000D5770100000000000000000036
:10ADD000D411002000000000857D0000000000006C
:10ADE000DC11002000000000B9710000000000002C
:10ADF000E41100200000000085F8000000000000C1
:10AE0000EC11002000000000E16E000000000000D6
:10AE1000F4190020000000002103010000000000E0
:10AE2000FC1900200000000085F800000000000070
:10AE3000041A002000000000D99300000000000068
:10AE4000781A0020000000009D9E00000000000015
:10AE5000801A00200000000085F8000000000000BB
:10AE6000881A002000000000E1A00000000000009F
:10AE7000901A0020000000000DAC0000000000004F
:10AE8000B41B002000000000041C00200000000093
:10AE9000A41C002000000000541D00200000000041
:10AEA0001D16010000000000641D002000000000CD
:10AEB00095F5000000000000841D00200000000047
:10AEC00085F8000000000000AC3200200000000007
:10AED000C562000000000000A43200200000000055
:10AEE000C5620000000000009C320020000000004D
:10AEF000F95E000000000000943200200000000015
:10AF0000C5620000000000008C320020000000003C
:10AF1000F95E000000000000843200200000000004
:10AF2000C56200007D30010000000000FF0000004D
:10AF30000090D003FF0000000F000000710200002D
:0DAF4000300500203005002096000601FFBE
:10AF4D0000000000000000000000000000000000F4
:03AF5D00000000F1
:10AF60005005002050050020646D00200000000006
:10AF70000100000024000000000000006C0500201B
:10AF80006C050020D83E00200000000001000000F9
:10AF9000A0000000000000008805002088050020B7
:10AFA000886D002000000000030000001000000079
:04AFB000000000009D
:10AFB400A4050020A405002000000000FFFFFFFFFF
:10AFC4000000000000000000BC050020BC050020BB
:10AFD4000000000000000000CC050020CC0500208B
:10AFE400030003001000000000000000B8990100F5
:10AFF4000C6C00200000000000000000F0050020A0
:10B00400F005002003000300100000006D43000061
:10B01400549A0100EC6C00200000000000000000C5
:10B0240014060020140600200300030000000000A2
:10B0340000000000C8980100EC6700200000000038
:10B04400000000003806002038060020010001003E
:10B0540010000000C5330000A4990100846B002097
:10B0640000000000000000005C0600205C060020D8
:10B07400020002000000000000000000909901009E
:10B08400546B002000000000000000008006002037
:10B09400800600200C000C0004000000DD1C0000F1
:10B0A400B4980100106600200000000000000000B9
:10B0B400A4060020A40600200100010000000000F6
:0CB0C40000000000DC980100386900204A
:04B0D00015E015E092
:04000003000012B136
:00000001FF
