:10000000F8800020D91E0100B9F20100C51E0100D0
:10001000C51E0100C51E0100C51E0100C51E010050
:10002000000000000000000000000000A91F010007
:10003000C51E01000000000059210100C51E01007D
:10004000D9210100D9210100D9210100D9210100C4
:10005000D9210100D9210100D9210100D9210100B4
:10006000D9210100D9210100D9210100D9210100A4
:10007000D9210100D9210100D9210100D921010094
:10008000D9210100D9210100D9210100D921010084
:10009000D9210100D9210100D9210100D921010074
:1000A000D9210100D9210100D9210100D921010064
:1000B000D9210100D9210100D9210100D921010054
:1000C000D9210100D9210100D9210100D921010044
:1000D000D9210100D9210100D9210100D921010034
:1000E000D9210100D9210100D9210100D921010024
:1000F000D9210100D9210100D9210100D921010014
:10010000D9210100D9210100D9210100D921010003
:10011000D9210100D9210100D9210100D9210100F3
:10012000D9210100D9210100D9210100D9210100E3
:10013000D9210100D9210100D9210100D9210100D3
:10014000D9210100D9210100D9210100D9210100C3
:10015000D9210100D9210100D9210100D9210100B3
:10016000D9210100D9210100D9210100D9210100A3
:10017000D9210100D9210100D9210100D921010093
:10018000D9210100D9210100D9210100D921010083
:10019000D9210100D9210100D9210100D921010073
:1001A000D9210100D9210100D9210100D921010063
:1001B000D9210100D9210100D9210100D921010053
:1001C000D9210100D9210100D9210100D921010043
:1001D000D9210100D9210100D9210100D921010033
:1001E000D9210100D9210100D9210100D921010023
:1001F000D9210100D9210100D9210100D921010013
:10020000D9210100D9210100D9210100D921010002
:10021000D9210100D9210100D9210100D9210100F2
:10022000D9210100D9210100D9210100D9210100E2
:10023000D9210100D9210100D9210100D9210100D2
:10024000D9210100D9210100D9210100D9210100C2
:10025000D9210100472A0200D9210100D92101003A
:10026000D9210100D9210100312A0200D921010040
:10027000D9210100D9210100D9210100D921010092
:10028000D9210100D9210100D9210100D921010082
:10029000D9210100D9210100D9210100D921010072
:1002A000D9210100D9210100D9210100D921010062
:1002B000D9210100D9210100D9210100D921010052
:1002C000D9210100D9210100D9210100D921010042
:1002D000D9210100D9210100D9210100D921010032
:1002E000D9210100D9210100D9210100D921010022
:1002F000D9210100D9210100D9210100D921010012
:10030000D9210100D9210100D9210100D921010001
:10031000D9210100D9210100D9210100D9210100F1
:10032000D9210100D9210100D9210100D9210100E1
:10033000D9210100D9210100D9210100D9210100D1
:10034000D9210100D9210100D9210100D9210100C1
:10035000D9210100D9210100D9210100D9210100B1
:10036000D9210100D9210100D9210100D9210100A1
:10037000D9210100D9210100D9210100D921010091
:10038000D9210100D9210100D9210100D921010081
:10039000D9210100D9210100D9210100D921010071
:1003A000D9210100D9210100D9210100D921010061
:1003B000D9210100D9210100D9210100D921010051
:1003C000D9210100D9210100D9210100D921010041
:1003D000D92101005D2A0200D9210100D9210100A3
:1003E000D9210100D9210100D9210100D921010021
:1003F000D9210100D9210100D9210100D921010011
:10040000D9210100D9210100D9210100D921010000
:10041000D9210100D9210100D9210100D9210100F0
:10042000D9210100D9210100D9210100D9210100E0
:10043000D9210100D9210100D9210100D9210100D0
:10044000D9210100D9210100D9210100D9210100C0
:10045000D9210100D9210100D9210100D9210100B0
:10046000D9210100D9210100D9210100D9210100A0
:0C047000D9210100D9210100D92101008F
:10048000064A074B02604FF44472DB7882800822F0
:10049000C371002382710372704700BFF9FA000034
:1004A00070080020064A074B02604FF4B072DB7AF6
:1004B00082800822C371FF2382710372704700BFDC
:1004C00009F5000070080020094991F829308A7860
:1004D00003EB4303C978DB000A4400211033C271E7
:1004E00081608380042301608371FF23037270475E
:1004F00070080020064A9378D27813440022826064
:100500000260044A4260C371FF230372704700BF58
:10051000700800203A0002002DE9F341C41D0028B4
:10052000064624F007040CBF0020204600F082FCA1
:10053000071E04DA6FF00B0002B0BDE8F081374D02
:10054000E988A88803316B7A03302A7A89B280B2AD
:100550000CF015F90028EDDB3C44A978EB78002E6F
:1005600004F10304194424F0030400FB01F10CBF5F
:100570000020204600F00CFE20440EB90028D9DBF4
:10058000EA7A0446B2B1EB7B697C13441944FF2933
:10059000D0D80330002EAA89C9B220F003040CBFC2
:1005A0000020204600F066FE0028C3DB04440EB99C
:1005B000002CBFDB012000F033FCB0B1A97BA1B15E
:1005C00095F82A3033B340234FF481720734002E5C
:1005D00024F007040CBF0020204601F0A7FE0028ED
:1005E000A8DB04440EB9002CA4DBAB7AFBB1EB7A98
:1005F000B3B10734002EA97A24F007040CBF002001
:10060000204604F0B1FB002894DB04447EB9002CA2
:100610000DDA8FE725232822D8E700BF70080020D5
:10062000012000F0FDFB10B1AB7B002BE1D1734B3F
:100630001B6893B1A97D81B10334002EEA7D24F0BB
:1006400003040CBF0020204698470028FFF672AF35
:10065000044416B9002CFFF66DAF694B1B688BB1D3
:10066000297C79B10334002E24F003040CBF002050
:10067000204698470028FFF65DAF044416B9002CC9
:10068000FFF658AF5F4B1F68B7B1697CA1B1033467
:10069000002E2B7D24F0030408BF0020009318BF18
:1006A0002046EB7CAA7CB8470028FFF643AF044401
:1006B00016B9002CFFF63EAF072000F0B1FB98B151
:1006C000A97D89B10334002E2A7E24F003040CBFD7
:1006D0000020204600F0BCFE0028FFF62BAF0444AB
:1006E00016B9002CFFF626AFB6FA86F795F8230068
:1006F0007F09A0B103346B7FA97E24F0070419445D
:100700003B4644F00404C9B2224600F0E1FE002852
:10071000FFF610AF044416B9002CFFF60BAF95F8A6
:10072000241000294CD004F10708002EEA8C28F090
:1007300007080CBF002040460CF035F8041EFFF6F9
:10074000F9AE4444002E3ED1002CFFF6F3AEA97F53
:10075000002945D095F82230002B41D02A8C07344F
:10076000002E02F1240224F007080CBF00204046AE
:1007700092B20CF018F80028FFF6DCAE404416B92F
:100780000028FFF6D7AE03302B7FA97E20F00700AC
:1007900019443B4640F0040495F82200C9B22246B1
:1007A00000F088FE0028FFF6C5AE044486B9002C90
:1007B000FFF6C0AEEB6AF3B1C6B1EC620020BBE657
:1007C000002EC4D08846E98C404609F0ADF9BEE75A
:1007D0002A8C4046A97F083292B209F0ABF9E9E7CA
:1007E000002EE7D0002211461046F6E728343FF5E8
:1007F000A1AE2046A0E6002EE0D1FAE7CC150020FD
:10080000D0150020D41500201FB572B6194B1C6BF3
:10081000ECB9BFF34F8F1849184BCA6802F4E06275
:100820001343CB60BFF34F8F00BFFDE7B2FBF6F27F
:100830002B465D1C002AF9D1DBB203F110056D4493
:1008400005F80C2C0A2233B901A8A047E1E70246BB
:1008500000230A26EDE7013BDBB203F110050DEBA7
:100860000506B0FBF2F502FB1500303006F80C0C63
:100870002846E8E77008002000ED00E00400FA05D3
:1008800013B5124C68462389ADF80030E388ADF803
:100890000430A388ADF8023002F0B2FA18B1FA21A0
:1008A0009C20FFF7B1FF207D02F0DAFA08B1FD21AC
:1008B000F6E7E07C02F0CEFA08B1FE21F0E794F80A
:1008C000290007F0A5FC02B010BD00BF7008002091
:1008D00070B50546002855D00BF0F0F818B94FF068
:1008E000FF34204670BD09F023FEB0F5FA7FF6D83C
:1008F000264C012625630025284684F834502570AF
:1009000084F82A50E56209F0B1F81A22294604F168
:100910000F0010F087F91B2308210322A38028462B
:10092000E3800223A1721F216372E375F723227211
:100930002384FB23A2734922E3840A23A18129464D
:10094000E27484F82930A670E670E672A674267602
:1009500001F072FD2A463146304601F03FFD044663
:1009600020B140F2B5319C20FFF74EFF014601F067
:1009700051FDEFF3108572B600F0D0FD002DB0D11F
:1009800062B6AEE76FF01504ABE700BF7008002059
:1009900038B51446002840F0EE80784D95F8343094
:1009A000032B00F0E58019B312B96FF0150038BDC4
:1009B0000139172900F2DF80DFE811F01800290063
:1009C0002C0042006C0075009400480078007B0009
:1009D0008E004E005400620067009A009D00AC003B
:1009E000AF00B200A300B500B900D2001378AB701D
:1009F0000020FFF791FD0028B7BF012302236FF00D
:100A00000B0085F83430A8BF85F83430CFE7137871
:100A1000EB70EDE71379002BC7D05379002BC4D0CE
:100A20001288FB2AC1D863881B3B9BB2E02BBCD841
:100A30001A2ABAD92368A2886B60514B9A80D7E7EB
:100A40001378EA7B9342B0D3EB72D1E71378EA7A5A
:100A50009342AAD8EB73CBE71378EA7A9342A4D8EF
:100A60006B74C5E71378002B9FD05378013BDBB242
:100A7000F82B9AD8138892786B82424B9A70B7E71A
:100A80001078687507F01CFBB2E71378002B8CD048
:100A90002B76ADE7012000F0C3F9237808B1012BD4
:100AA00083D9AB73A4E71388AB81A1E71378AB7547
:100AB0009EE7072000F0B4F918B92378012B7FF6E0
:100AC00074AF072000F0ACF918B12378002B3FF485
:100AD0006CAF2378EB758BE71378082B3FF665AF87
:100AE0002B7485E71388FF2B3FF65FAFAB727FE770
:100AF00013786B767CE713780E2B3FF656AFAB7608
:100B000076E72368204AC5F81E306368536023895E
:100B100013816DE71378EB766AE713786B7767E7F5
:100B200013782B7764E7137885F8283060E701F0B5
:100B30004FFC98B1007900F001026178207801F053
:100B40004DFC00287FF433AF6378012B7FF650AF64
:100B500008F092FF00287FF44BAF26E70246ECE74F
:100B600013785A1E092A3FF620AF85F829303FE74F
:100B70004FF0FF301BE76FF02C0018E770080020E3
:100B800074080020820800208E080020F8B50D4669
:100B9000064630B329B311F0070422D1124F97F85B
:100BA0003430012B02D16FF00B00F8BD032B02D1C2
:100BB0004FF0FF30F9E700F0E7FC0028F8D02846B6
:100BC000FFF7AAFC0028EEDB0FF0C3FC3046F96A01
:100BD00002F0D0F9FFF754FE0323204687F83430A3
:100BE000E3E76FF01500E0E77008002010B5074C50
:100BF00094F83430032B03D102F0D4F903F024F934
:100C00000BF0F5FE002084F8340010BD70080020C1
:100C100008B502F079F903490320BDE8084000F067
:100C2000F7B800BFA504000008B502F081F9034938
:100C30000220BDE8084000F0EBB800BF81040000CE
:100C400008B50449122000F0E3F8BDE8084002F0BE
:100C500023B900BFC904000008B502F02FF9034909
:100C60001320BDE8084000F0D3B800BFF504000031
:100C7000074B4FF0FF3141F6FF72C3E900120549FF
:100C80000022C1E900221F21C3E90212704700BF00
:100C900060000020A80800203F280CD801380B4B2A
:100CA000C0F3421200F01F0053F8223023FA00F084
:100CB00000F001007047FF2806D04038044BC0F315
:100CC000421200F01F00EFE7012070476000002093
:100CD000A8080020074B0146006849681A4603C26D
:100CE00040F48C2200201A6041F0107242F4FF623E
:100CF0005A607047600000200246034B006851684C
:100D000003C30020704700BFA80800200246034B21
:100D10000068516803C30020704700BF68000020CE
:100D20000138064BC0F3421200F01F0003EB8203B0
:100D30009B6823FA00F000F001007047600000207B
:100D40000A8870B595B2C67CC2F30E0204880236DA
:100D500002F118033444C35AA4B233442344013B80
:100D6000B3FBF4F303FB0422438892B29342044B97
:100D70008BBF2B40AB4313439BB20B8070BD00BFB6
:100D80000080FFFF4A1E062A08B50346084604D81D
:100D90004FF4D1711520FFF737FD094A914202D96E
:100DA00040F2A311F6E711B903B1196008BD2BB1E8
:100DB0001B680022C3E901211A1D1A600430F5E7FF
:100DC000FAFFFF7F10B5114B00EB41041A786389DD
:100DD000B3FBF2F303FB0223013A1A44B2F5706F3E
:100DE0000279807828BF00231A440B18B2FBF0F177
:100DF00000FB11215B1AB3FBF0F100FB113313442C
:100E00006FEA43436FEA5343638110BDB00800208B
:100E1000024B03EB80035960704700BFB00800200D
:100E2000034B03EB80035868003818BF012070475C
:100E3000B00800202DE9F04F10F0070A85B00546F4
:100E400004D040F26F111720FFF7DEFC534F044629
:100E50004FF0010B07F15406B146B04657F8043B7A
:100E60008DF80BA03BB101A898479DF80A30082BDC
:100E700001D9F521E7E79DF80B1041BB05B13160C1
:100E80004F4506F10406E9D1002D6FD00022DFF8AE
:100E900010911427964689F8002058F827A0013FA2
:100EA000BAF1000F55D09AF804609AF802C0FF2EEC
:100EB00060D039460023481C38D19C44BCF1FF0F58
:100EC0003FD90AB189F800E04FF49A71BBE79DF869
:100ED0000AC04B1D60465A0004EB4303022838BF8A
:100EE0000220441E40422344BDF808406444CCF133
:100EF000000C0340013C04EA0C04B4F5803F02D32B
:100F000040F205119FE775B19A1A32609170148012
:100F100082F803B09DF80C00107101984FEA104C54
:100F20001081A2F806C004FB0134A9E758F821009B
:100F300028B190F804B0B34504BF80781B1801397C
:100F4000B9E7DBB2E6458AF804303CBF5FFA8CFEB5
:100F500001227B1CA1D10AB189F800E0142640F6D9
:100F6000FF6A58F82670B7B9013EFAD2601B05B087
:100F7000BDE8F08F0023E5E707EB410309F1010924
:100F80003846A3F80AA0FFF71DFF5FFA89F1BB7886
:100F90008B42F1D8E8E74FF00009F6E7B4080020EB
:100FA000B008002038B54FF6FF7302460380184B97
:100FB00003EB8103986DA8B184780379B3FBF4F156
:100FC00004FB1133DBB2194600EB4105B5F90A50B9
:100FD000002D0EDB0131B1FBF4F504FB1511C9B294
:100FE0008B42F1D1002038BD6381BDE838400BF061
:100FF000A2BB00EB41046389C3F30E031380C278E4
:10100000002AF1D14FF4E5711720FFF7FDFB00BF77
:10101000B00800201C4B03EB810370B59C6D0546A6
:1010200044B3030404D54FF4EC711720FFF7ECFB35
:10103000014620460BF062FBFF28014604D0204603
:10104000BDE870400BF077BBA078B5FBF0F300FB78
:101050001353DBB219460A1D04EB4206B6F90260CF
:10106000002E09DB0131B1FBF0F200FB1211C9B215
:101070008B42F0D1002070BD8B4201D00023E37081
:1010800004EB42025580DAE7B0080020094B03EB7D
:101090008103014610B59C6D20460BF02FFBFF2805
:1010A000014604D02046BDE810400BF044BB0020B0
:1010B00010BD00BFB0080020F8B5104B074603EB89
:1010C000810301469C6D20460BF018FBFF28054666
:1010D00011D0E288238953EA024606D00146204611
:1010E0000BF029FB01463846B04720462946FFF75A
:1010F00069FE0020F8BD0520FCE700BFB008002015
:1011000038B50E4B0446827903EB8203986D08B91B
:10111000052038BD8278E1799142F9D24B1CE37108
:1011200000EB41035D89B3F90A30002BF3DBA580A6
:101130000BF001FB20600020EBE700BFB0080020AF
:1011400008B5124B03EB81039A6D22B940F2462198
:101150001720FFF759FB9178831A481DA3EB400332
:101160001088B3FBF0F3002B01DB994202DC40F264
:101170004921EDE702EB4302B2F90A305089002B16
:1011800002DA40F24B21E3E708BD00BFB0080020BF
:1011900070B5044610F003000E4603D04E2118200F
:1011A000FFF732FBFFF7EEFD054624B10348314659
:1011B0000460FFF7E7FD284670BD00BF5C09002012
:1011C0002DE9F14FDFF870B01E4607460D46DBF8FB
:1011D000003090469DF828A09DF82C901BB9602106
:1011E0001820FFF711FB5246092140460BF00AF97F
:1011F0004A4684B2092130460BF004F981B2DBF88B
:10120000000021440BF04EFA386018B9286001B094
:10121000BDE8F08F04445346414609222C603868EB
:101220000BF0B3F84B4609223146286801B0BDE8FF
:10123000F04F0BF0AAB800BF5C09002070B50E4655
:1012400004460BF0F2F8054630460BF0EEF8044B7E
:101250002A1821461868BDE870400BF048BA00BF54
:101260005C090020024B186808B10BF00FBA7047F8
:101270005C0900201F2AF8B5044613460ED89200D8
:10128000033222F00303B3F5803F2DD2184DACB1E9
:10129000A00710D068210920FFF7B6FAFF2B4FEA0C
:1012A000420204D9FF339A42A8BF1A46E8E77C2AD3
:1012B000B8BF7C22E4E729706C602B8122F0030226
:1012C00028230127120403FB01F06B680025120C90
:1012D000EEB2B14200D8F8BD14B126181F705E609E
:1012E000104401352833F3E74FF0FF30F3E700BF38
:1012F00060090020154A002170B553681578C8B2FE
:10130000854203D8BA210920FFF77EFA1C46184609
:10131000013114F8286B0EB92346F0E700219970CB
:1013200001241289996103F126055C709208D96144
:1013300003F11E04596824F8022FA54243F8041F44
:101340001144F8D100234361037070BD600900208F
:101350000A4B1B89B3F5FF7F4FEA930006D25A0868
:101360009B1A9BB2984238BF18467047B3F5EE6F90
:1013700001D8FF22F4E740F27263F3E7600900202E
:101380004B782DE9F04106460C4602F0040702F0C6
:10139000FB05E3B1A5BBFF23A3707B0804EB570754
:1013A0003A7D032A02D1022D18BF0133E218012130
:1013B000117503F10C01002204EB830324F81120C2
:1013C0005B68A27030463360B280BDE8F081002DCA
:1013D000E1D1012301F11E028D6120464B7004F121
:1013E000260C1A4BCD611B8949689B0822F8023FE5
:1013F000944540F8041F1944F8D100236361CAE7FB
:10140000D1F8048014220021A01861700FF00AFCAA
:101410000E4B1B89B3F5FF7F0FD25A089B1A9BB264
:1014200008EB0301C4F804802384A1606284C4F83B
:101430000C80A3842161E284ADE7B3F5EE6F4FF039
:10144000FF02EBD940F27263EAE700BF60090020B7
:101450002DE9F84305460C46F720052191460AF090
:10146000D1FF061E21DB1DB906FB04F0BDE8F883A1
:1014700015F0030703D098211920FFF7C5F9DFF80D
:101480003080C8F81050A8F81460BBB29C42EBD969
:10149000B8F814504B46D8F810000522F72107FB86
:1014A000050001370AF071FFEFE74FF0FF30DDE78D
:1014B0007409002007B5CDE900230B460349024615
:1014C000081D0BF06EFA03B05DF804FB8C090020D8
:1014D00013B5064CCDE900230B46024604F1080182
:1014E00004F10C000BF05DFA02B010BD8C09002075
:1014F00008B54B1E032B03D923219020FFF784F955
:101500000028054A0CBF05230C2303EB8103053398
:1015100023F00103137008BD9C090020114B012228
:101520004FF0FF3000215A60C3F80803C3F80015DC
:10153000C3F804255A6040F6FE72C3F80803402041
:10154000C3F8001503F570330749C3F80825C1F83F
:101550008800BFF34F8FBFF36F8FC1F88801C3F8C6
:10156000082570470060045000E100E00268002098
:10157000014B1A60704700BFA0090020014B1B6897
:10158000184700BFA0090020024B1868003818BF98
:1015900001207047A00900200A4606489C2302F853
:1015A000033BC368C1F80330036953604369936028
:1015B000704700BFA4090020024B5A8C02435A8492
:1015C0005B6A1847A4090020014B00215B6A184799
:1015D000A409002010B5154C07F0DEFE08F008FA4B
:1015E000208DFFF7F1FF237E63B12246104904F1FD
:1015F000190052F80C3BE36063685360A368936082
:101600000CF07AFE218DE06A03F0EAFBE36AB3F89E
:10161000AA0003F05FFB636B94F8301094F831007C
:101620009847002384F8383010BD00BFA40900207B
:1016300099150000034B93F838300BB1FFF7CABF80
:10164000704700BFA40900202DE9F041DFF8808039
:1016500005460E4608F12C000BF007FA044618B1B7
:1016600001242046BDE8F081D8F82C3093F8A8700A
:101670004FB1012D07D1B8F822301A0703D598F8D9
:101680003930002BECD1012EEAD8D8F83C3028466E
:1016900098470028E4D098F83030002BE0D167B9A3
:1016A000012DDED1B8F82230002BD9D198F8403086
:1016B000002BD6D198F8414007E0002DD1D1B8F8E1
:1016C00022309B07EED598F8394084F00104C8E732
:1016D000A409002070B5204C0646636DE56A63647A
:1016E0004FF4817394F85800A4F848302B7D95F896
:1016F000211100EB83002EB9FF2803D195F820318A
:101700008B4201D007F0F2FA2B7DFBB1E06D07F0C0
:1017100081FDE16D606C08F0F1F866B995F8213152
:10172000033B012BB5F8E4308CBF0020282018447F
:1017300080B207F0BDFDB5F8E00007F097FA002091
:1017400007F0F4FD022384F8383070BD606C07F0B8
:1017500061FD08F04DF9E0E7A409002008B5094B48
:1017600093F83820022A04D040F257312720FFF79F
:101770004BF8DA7A42F00102DA72BDE80840FFF76E
:1017800029BF00BFA409002010B590F86A1086B0E8
:10179000D1B9C2880B4605910021CDE903110C494E
:1017A00091F85840029400F190040194C96A91F8AC
:1017B000A810003918BF0121009100F1800102201A
:1017C00007F0ACFF06B010BDD0E91E23E3E700BF71
:1017D000A40900202DE9F041274C06460F4694F855
:1017E0003830012B5FFA83F804D040F60C11272023
:1017F000FFF70AF8E56A2B7953B10021042029711B
:10180000FFF7DAFEE36A93F8A8300BB185F805809C
:1018100094F860308BB92B7A052B0ED11749022032
:10182000FFF7CAFEE36A93F8A83033B1E36E1B7882
:101830009A1E5342534184F839301EB1BDE8F0413D
:10184000FFF7C8BE002FF9D031463046FFF7FCFE47
:101850000028F3D12B7DE46A13B12846FFF794FFEB
:1018600094F821210120B4F8E2100EF09AFE002035
:10187000BDE8F041FFF72EBFA4090020100A0020A8
:101880007FB590F86A10D1B9C2880B460591002146
:10189000CDE90311FB21029100F190010191094969
:1018A000C96A91F8A810B1FA81F14909009100F1D3
:1018B0008001042007F032FF07B05DF804FBD0E997
:1018C0001C23E3E7A40900201E4A10B5546E41789A
:1018D0002378C90003F0F30301F008010B4381787A
:1018E000890001F004010B43C178090103F0EC0306
:1018F00001F010010B43017801F003010B43237049
:10190000B2F8703063700223516EA2F86830047927
:101910000B786001012C23F0200300F0200043EA43
:1019200000030B700CD1D36A93F8BA2093F8BB3044
:10193000032A03F01F0308BF002243EA82138B70BF
:1019400010BD00BFA4090020F7B5184C0646656F0E
:101950000DB1E36C23B940F6C4012720FEF754FF14
:10196000B4F8503001F003012F466B702B7823F050
:1019700003030B4307F8033B3846B4F85020E16CEF
:101980000AF006FA0DF1020201A9A06F6564E7648E
:101990000AF072FE01980AF05DFE0122B4F85010C0
:1019A0003060A06F0AF001FE03B0F0BDA409002072
:1019B0002DE9F04FAC4C87B0D4F82C8098F820116A
:1019C00058B998F8142094F8583003EB8203FF2B91
:1019D00003D198F821318B4202D0FF2007F086F91D
:1019E000002304AA02A9A14804938DF8143084F8B6
:1019F000603001AB0BF02EF80746002845D0029A64
:101A0000BDF8043022B940F213412720FEF7FCFE56
:101A10006266A4F8703003B1D31CE366012384F836
:101A200060309DF8133004A8003B18BF012384F8F0
:101A3000403098F81330002B00F01C81B4F870305F
:101A4000002B00F01781FFF73FFFE06D07F0E2FB8E
:101A50009DF81420E16D003A606E18BF012207F076
:101A600063FD18B9616EE06D07F0D2FEB8F8E200D0
:101A700007F0FCF8012007F059FC012384F88830B6
:101A800084F8383007B0BDE8F08FE66A8DF80300BF
:101A9000337AADF80600062B00F2CA80DFE803F0C7
:101AA00004CBA1A1C8B8B80094F87F300DF10601AD
:101AB00003A8A6F81031ADF8063001F03BFD38B1AF
:101AC000039D2DB1012384F88030052333729CE0FF
:101AD000E36A93F85130002B6BD10DF103020DF145
:101AE0000601D4F884000AF0C7FC0546002860D03F
:101AF0009DF80370FFB10146D4F884000AF0A6FDFA
:101B00000AF0A8FDD0F800B0D0F804A081465BEA46
:101B10000A0348D1002389F8003089F8013089F898
:101B2000023089F8033089F8043089F8053089F8E3
:101B3000063089F80730BDF80630002B40D101236C
:101B400033720123002784F88030BDF806306566C3
:101B5000A4F8703003B1EB1CE366727A357A8DF825
:101B60001120022DB27A8DF8122004D0053D012DEE
:101B70008CBF012503258DF81050002F5ED000206A
:101B80009DF810308DF81300032B6BD1E36E1B789A
:101B90001B2B67D1012106F1BA0007F0EFF80123F2
:101BA0008DF814303DE70EF040FE83457AEB0101DD
:101BB000B0D2002301222E4DADF806303272C6E7B6
:101BC0009DF803301BB92B80AB700323B8E72B784B
:101BD00003F00303012BF8D0022333720023B37503
:101BE000AFE7B6F810310DF103020DF10601D4F89C
:101BF0008400ADF806300AF03FFC054610B940F20B
:101C0000C35102E7012384F88030BDF806309EE717
:101C10000DF1060103A801F08DFC08B1039D15B973
:101C200040F2D251F1E6012384F8803006234DE7DB
:101C300040F2DC51E9E60E4D002388E7032D02D186
:101C40001B78022B9BD0D4F884000AF06DFC38B9C5
:101C5000032D94D001F08AFC80F00100C0B28FE720
:101C600001208DE700239BE7A4090020D009002074
:101C7000200A0020FFF728FE606E07F0CBFA07F07D
:101C8000B7FE9DF81410606E003918BF01210EF0E8
:101C900095FCEBE62DE9F04FB04C87B0002780466D
:101CA00094F83830E56A022B019105F1A80ACDE9D4
:101CB000027704D040F6AD112720FEF7A5FD616C38
:101CC00003200B784A780144A4F84800E16403EA51
:101CD0000001A4F850208DF81010C3F3C0018DF856
:101CE0001110C3F380018DF81210C3F30011C3F378
:101CF00040138DF813108DF81430B8F1000F00F078
:101D00000C8104A904F12C000AF0A6FE064630B9A5
:101D1000B4F8501009B3A06F0AF027FC0746238DD2
:101D20009DF8121043F40073676723856B7A0133C3
:101D3000DAB203F0010399424AD12B7A33B3032B71
:101D40006A720CD8012B21D002A9D4F884000AF0C1
:101D5000B5FBA0B940F2D471AEE70746DFE7053B1B
:101D6000012B02D940F2B371A6E701F0F1FB10B9E3
:101D700040F2DE71A0E700210820FFF71DFCD5E945
:101D80001C32013342F10002C5E91C320021E36A32
:101D9000297293F8A8302BB16B791BB110206971AF
:101DA000FFF70AFC238D4FF0000B43F400632385FB
:101DB0002B7DDBB1B4F85030C3B107F037FE0328F8
:101DC000FBD0022806D1FFF705FC07B0BDE8F08F75
:101DD000C346EDE750B9AB7A9DF8112003F001033B
:101DE0009A4203D1012384F83130ECE7B4F8507003
:101DF000E6B19DF81330591E4B424B4184F84130F7
:101E0000002F40F0B7800027B946019B002B00F05F
:101E1000B88007F0C1FAB9F1000F00F01E819DF8FB
:101E2000101003A8FFF790FD0127C9E0AB7A9DF8D9
:101E3000112003F001039A4223D19DF810307FB3A3
:101E40005A1E012A2CD8238D95F8149043F4805300
:101E5000238506F021FF032894F8893007D1B9F1D2
:101E6000000F0CBF1F221B22934228BF1346B4F859
:101E700050209A4208D994F8303043F0100384F887
:101E800030304FF000091EE0636F002BF9D094F85A
:101E90008A301BB12020FFF797FBF2E79DF8103046
:101EA000AA7A032B02F10102AA722CD05A1E012A2F
:101EB0001DD8002FE5D0C146D5E91E32013342F1CD
:101EC0000002C5E91E32626F9DF81310002A56D138
:101ED000B4F85020B2FA82F25209012914BF00224C
:101EE00002F001023746002684F841208DE7002FDA
:101EF000C7D0002BC5D1D5E91E32013342F1000213
:101F0000C5E91E32BDE7238D0120154943F48053F6
:101F100028712385FFF750FBEDE72B7D0BB107F010
:101F20009FFD94F88B30013384F88B30238D43F47C
:101F30008063238595F82131033B012B12D806F0ED
:101F4000ABFE032812D1B4F850604FF000091B2EED
:101F5000CB4694BF00260126B5E700BFA4090020A8
:101F6000F009002002F0C2F80028E8D10026B146AE
:101F7000B346A8E7238D43F48053238543E701222A
:101F8000ABE794F88B100120FFF75EFB00287FF48D
:101F900040AFEA7C12B12846FFF772FC002095F8AA
:101FA0002021B5F8E0100EF0FCFA0020FFF700FD4C
:101FB000B9F1000F5AD09DF8101003A8FFF7C4FC28
:101FC000238D5A0606D44020FFF7FEFA238D43F0F6
:101FD00040032385BBF1000F10D0EB884BB9E36AB7
:101FE00093F8A8302BB1B4F80530B4F807201343A8
:101FF00004D0B4F809300133A4F80930B8F1000F67
:102000003CD0B4F805300133A4F80530002384F83F
:102010008B301D4802F04CFE029830B10AF01AFBDA
:1020200000220272514602F029F8039B33B10022CC
:102030001A720C225146039801F0EEFF002F7FF434
:10204000C2AE238D1B063FF5C0AE8020FFF7BCFA61
:10205000238D43F080032385B7E6002E3FF4E4AEE2
:102060000A49A1F120000AF0F9FCDDE6002EA7D014
:102070000649A1F120000AF0F1FCA1E7B4F807300D
:102080000133A4F80730C4E7D0090020F00900208C
:10209000064B10B593F8382002F0FF0422B91C76E5
:1020A00002F096FE204610BD0C24FBE7A409002098
:1020B000094B0A4A10B51A60FFF7EAFF20B14FF446
:1020C000B1712720FEF7A0FB054C00F087FF60658B
:1020D00000F088FFE06510BDD81500201C2300002B
:1020E000A4090020F8B5794C054694F8386006F04C
:1020F000FF0016B909B102B123B94FF420712720AE
:10210000FEF782FB63639DF81830616284F88A30C1
:10211000E26384F8300084F88B0084F8310084F89E
:1021200088006084208584F8400084F8410084F8A9
:10213000800084F839006066E066A4F8700060648E
:10214000E064A4F85000E56206F03AFE07F050FCA7
:1021500095F9280106F098FED5F8D460D5F8CC00A2
:1021600006F098FE304607F039F895F8250006F09D
:102170009BFEB5F8E030622B03D9B5F8E230622B54
:1021800001D806F079FDE36A93F8A860002E40F0CC
:1021900085800CF07DFE95F820214D4B4FF47A712F
:1021A00053F8223003F5FA73B3FBF1F352331918E5
:1021B000304606F087FE474B186807F015F8D5F84B
:1021C000C030C4F88430D5F8C430A367AB7B243B5F
:1021D000072B6BD9EB7B243B072B67D9B5F8F23083
:1021E000B5F8F80095F82011984228BF1846042940
:1021F00008BF03210BF094FC034695F8F4009842C5
:1022000028BF184695F8F03080B2984200D3C3B288
:1022100095F8211105F1E80084F87F300CF010F9F1
:1022200095F821112F7D0329B5F8FC6008BF042122
:102230000BF076FC0FB9043080B2864228BF064608
:10224000F6B284F8896001F051FF28B101F054FF23
:10225000864238BF0646F6B284F858600AF001FCA0
:10226000E36A93F8A8301BBBEB7C13B12846FFF759
:1022700007FB0120FFF79CFB002323606360A36042
:10228000EB886380B5F8AA30238095F82530237158
:10229000D5F824310BB101221A60F8BD0CF0F8FD1D
:1022A00095F8212100F17101012082E71B23AFE79E
:1022B0002B7D13B12846FFF767FA0120FFF70AFAD2
:1022C000E36AD3F8F00106F0C1FFD5E7A4090020C6
:1022D0006C600200D8150020014B93F8880070470D
:1022E000A4090020054A138D92F8800003F4805160
:1022F00010B113F4C06F00D1080B7047A40900207F
:10230000024B93F82900C0F3C0007047A4090020D5
:10231000014B93F88B007047A40900205D17000063
:10232000951C0000D517000035160000343270B53A
:10233000054692B20C461E460AF035FA25B1034A0C
:10234000556014745674147070BD00BF480A0020A4
:102350000138C0B2032808B504D94FF43F710620F4
:10236000FEF752FA014B185C08BD00BFA05D0200E9
:102370000138C0B2032808B504D94FF43F710620D4
:10238000FEF742FA014B185C08BD00BFBD5D0200BC
:102390000138C0B2032808B504D94FF43F710620B4
:1023A000FEF732FA014B185C08BD00BF205E020048
:1023B0000138C0B2032808B504D94FF43F71062094
:1023C000FEF722FA014B185C08BD00BF195F02003E
:1023D000014B1868704700BF140B002008B5034676
:1023E00010465A1E032A10D84A1E032A0DD8084A3E
:1023F000012951700CBF00210A2110719370917254
:102400001946FFF775F8002008BD6FF01500FBE7CF
:1024100006010020074A537A40B143F00403002923
:1024200053720CBF002307235371704703F0FB0363
:10243000F5E700BF0601002040EA4100014BD870DB
:10244000704700BF06010020304BF0B5B0F86C704B
:102450000C461146DA88B0F86A6085B097421D894B
:1024600028BF1746964228BF16461B2E2ED0B5F51C
:10247000A47F2DD040F6480301AA9D4228BF1D46E7
:102480000AF017FBBDF80A30BB4228BF3B46E38089
:10249000BDF80C30AB4228BF2B462381BDF8063077
:1024A000B34228BF33466380BDF80830AB4228BF33
:1024B0002B46A380FF232370E3881B3B9BB2E02BBA
:1024C00008D940F209513920FEF79EF91B2FCED1D1
:1024D00005B0F0BD63881B3B9BB2E02B02D940F2F4
:1024E0000B51F0E7238940F64812A3F5A4739BB281
:1024F000934202D940F20D51E5E7A388A3F5A473F6
:102500009BB29342E4D940F20F51DCE7200B00204C
:10251000F7B5002304460E461746CDE9003368465A
:10252000FEF7EEFD08B100201AE0009DA542F6D0AE
:10253000304605F1AD030AF09CFA394695F8AC2017
:102540000BF066FA0028EAD005F1B40395F8B32041
:1025500004F1B40194F8B3000BF05AFA0028DED06D
:1025600003B0F0BD054A516A02F11D03127F11F854
:10257000030BC0F380100BF04BBA00BF901000208B
:1025800010B503210020FEF781FD044670B9032138
:10259000FEF740FD044620B940F225313920FEF710
:1025A00033F9034B93F970100CF072FF204610BD05
:1025B000200B0020014B5888704700BF200B0020E3
:1025C000044BD87BC0F3400080F0010000F0010014
:1025D000704700BF200B002038B50BF018FA00251B
:1025E00001F064F9214C00F071FD0BF05DFE02F08A
:1025F000CDFB01F051FB05F09DFD012000F0F6FC44
:102600001B4B1C4A29461D604FF01B13A4F8685051
:10261000A58184F83650E573C4E900234FF4A47310
:102620001022A3604FF479432361134B58681B8930
:10263000A06304F14000A3870EF0F4FA012342F2F4
:10264000107204F15E0084F840306375C4E9112211
:102650000DF0F5FA04F150000DF017FB00220023F5
:1026600084F88050C4E91E2338BD00BF200B002031
:10267000DC15002003021B00BD5D0200064B41F685
:102680004C521B211A629973C3E9062241F2883227
:102690005A62FFF7A1BF00BF200B0020F0B53D4DEF
:1026A00085B000F1A8070446AB69C0F8E8302B7C80
:1026B000003B18BF012380F82931374BC0F8C830E0
:1026C00038460CF0F1FC064600F0D4FC8306A97BEA
:1026D00053BF1B236B88AA881A46A4F812312F4BCC
:1026E000A4F814211B6884F8F010A4F8F26023B158
:1026F00094F92811B4F8AA00984703A803940AF0A3
:10270000B6F9274B1B681BB12649B4F8AA009847B5
:10271000254938460AF0EBFF0123A4F8DE30234BAD
:102720001B681BB10021B4F8AA009847204B1B6816
:102730001BB10021B4F8AA0098471E4B1B6813B1C7
:10274000B4F8AA0098471C4B1B6813B1B4F8AA0050
:102750009847AB8804F1C0006A8869780333033274
:1027600001919BB2297892B2009104F1C401FEF765
:1027700027FDD4F8C03023B940F2E2413920FEF7FA
:1027800043F8D4F8C43013B940F2E341F6E705B09A
:10279000F0BD00BF200B002000093D00EC1500201B
:1027A000E4150020480B00202A0B0020FC15002017
:1027B000F0150020F4150020F81500202DE9F34154
:1027C00004460E460CF0A5FE002800F09680204638
:1027D0000CF0D7FF40B1B6F80130013B7F2B03D995
:1027E000122002B0BDE8F08120460CF0CEFF08B9FF
:1027F0000C20F6E720460CF00EFD0028F8D120460C
:102800000CF030FE80460028F2D1204603F0A6FFEF
:102810000028E5D042F21073B6F80170F178204636
:102820005F430CF099FF04213078FEF72FFC05463A
:1028300006213078FEF72AFC2DB140B141F6762111
:102840003920FDF7E1FF18B3054690F8E5802C4EDE
:102850003368EBB1403528460CF003FBC0B1284685
:102860000CF0F0FAA0B9B8F1000F07D0254B2846BC
:102870001B68984760B141F68A21E1E72249424648
:1028800033682846096A984710B141F68F21D7E787
:1028900020460CF06EFF014638B93A46204602F059
:1028A00057FF40B341F69821CAE702210DF1060017
:1028B000FEF778FB054608B90D2092E7BDF8061033
:1028C0000BF0C5F9294620460CF08FFF2846FFF78C
:1028D000E5FE3A462946204602F03AFF024610B18C
:1028E00041F6B421ACE7084BDB6E23B105F59771D7
:1028F00005F1A8009847002073E7422071E700BF68
:10290000E0150020E8150020200B0020024B1B687A
:1029100003B118470C207047DC150020034B5A8880
:1029200002801B7883700020704700BF200B0020BE
:1029300073B5837806461A2B08D8042B04D9334A7A
:1029400022FA03F3DB0705D412251AE0292B01D064
:102950003B2BF9D13088B0F5706FF5D269460BF09A
:1029600045F988B9009B93F82C2102F0FF05C2B904
:10297000B27883F82D21FF2283F82C2168460AF0D3
:1029800033FA284602B070BD09213088FEF77EFB7D
:102990000446002837D001A9B0F8AC010BF026F9A5
:1029A00008B10C25EDE70821B4F8AE01FEF76EFB87
:1029B00020B94FF404613920FDF726FF03781BB9D5
:1029C00094F8C831032BECD1019B93F84221002AE3
:1029D000E7D194F8F02102F0FF05002AE1D1B4F824
:1029E000B021A3F8442194F8B82183F84621027D50
:1029F00083F84721B27883F8482184F8F021FF2238
:102A000083F84221BDE70225BBE700BF2000380460
:102A10000188A1F11B039BB2E02B0CD8428844F241
:102A20004810A2F5A4739BB2834204D8034B002044
:102A3000D9801A8170471220704700BF200B0020F8
:102A400038B50278447802F0010302F0020254EA39
:102A5000030101D1112038BDBAB98578002DF9D014
:102A6000002B18BF002400E01D4620460AF0C1F8E4
:102A70000028EFD028460AF0BCF80028EAD0054B21
:102A800000209C72DD729881E5E7002BECD00024D9
:102A90002546EAE7200B002013B5008801A90BF0BA
:102AA000C7F8044620B9019890F83E311BB13A248A
:102AB000204602B010BD90F85C3003F0FF04002BFC
:102AC000F5D190F853309B0706D1FF2380F83E31B3
:102AD00001A80AF089F9EBE7024954300BF00CFC2D
:102AE000E6E700BFA7ED000037B5837805460A2B5F
:102AF00039D801A900880BF079F8044670B9122181
:102B00002888FEF7C3FA20B941F2D8513920FDF7E1
:102B10007BFE019B93F840211AB10C24204603B0A0
:102B200030BD827A02F0FF04002AF6D1019A92F8B1
:102B30006510090706D4FF2283F83F21FF2283F89E
:102B40004021EBE792F86920D20907D0027BAD78EB
:102B5000417BAA4228BF2A469142EFD30349023063
:102B60000BF0C1FBDAE71224D8E700BF4D040100E7
:102B7000F7B5067804460F46EF2E03D912263046E5
:102B800003B0F0BD90F901204378002AF6DB82788B
:102B90009207F3D113F010001DD19D0603F003023C
:102BA00016D5002AEAD11907E8D42179E278E57927
:102BB00042EA0122617942EA0142A17941EA052112
:102BC000257A41EA05418A42D8D81F2A12D8D5E78A
:102BD000032AE8D1D2E713F0600FCFD103F0070248
:102BE000052A05D003F00F010D22CA40D207C5D532
:102BF0001D07DAD5627A013A062ABFD8A27A032ADB
:102C0000BCD813F0040302D1023A012A03D8E27AB5
:102C1000012AB3D813B9A37C032BAFD8237DF8B115
:102C2000012BABD1237E012BA8D818B36378D90729
:102C300002D500F099F920B36378227D03F01803E0
:102C4000082B2ED1022A1CD103213046FEF71EFA92
:102C5000054660B30CF0DFFA002834D00C268EE76E
:102C6000022B8BD0A37D013B022B87D8E37D0F2B5A
:102C7000D8D983E700F01CFA820707D4237D022B02
:102C800001D111267BE7A37D022BFAD000F010FAC8
:102C90004307CBD4237D032BF3D0A37D032BC5D1D6
:102CA000EFE7022AD0D0237F002BCDD0E9E7032124
:102CB0003046FEF7AFF90546002843D0224B93F982
:102CC00070100CF0E5FB002130460CF092FF28BBA1
:102CD00028460CF04BFD21463870E07428460CF075
:102CE00046FCE37E0646002B3FF449AF00287FF404
:102CF00046AF0246E96C6846FEF742FB3246E86C96
:102D0000012109F0A5FDE96C68460422FEF738FBB5
:102D100032463146E86C09F09BFD30E740300CF05C
:102D2000A0F80028D4D0637813F0330F7FF426AFD7
:102D3000A67D2846296A0CF037FDFFF719FB86426D
:102D4000C6D08BE707261AE7200B002030B50279A2
:102D50008BB00346042A4FD84088B0F5804F4BD83B
:102D6000264900241144ADF800408DF808408A7CC3
:102D70004D7B42F010028DF8244042EA4502CD7DA1
:102D8000097F42EA850242EAC102694602F01F0257
:102D90008DF80020BDF80020ADF809201A888DF8C4
:102DA0000E00000A8DF80B20120A8DF80D408DF8E8
:102DB0000C208DF80F008DF810405A7BD3F80700D7
:102DC0008DF811205A79059002A88DF812209A7971
:102DD0008DF81320B3F80B209B7BADF818208DF8ED
:102DE0001A307F238DF81B304FF00113CDE90734E3
:102DF000FFF7BEFE0BB030BD1220FBE7BD5D020049
:102E00000278034672B1427862B142881A2A09D91F
:102E100082881A2A06D90068034A106000209B881D
:102E20009380704712207047200B0020026800201A
:102E3000014B9A61704700BF200B00200378A3F17B
:102E40000A02112A9BBF024A002012209373704786
:102E5000200B0020014B587400207047200B0020ED
:102E6000014B987400207047200B0020024B1B6818
:102E700003B11847112070470016002008B505203F
:102E800000F0C0F805F0DEF8014B024ADA6608BD32
:102E9000200B00204924000008B53F2000F0B2F8C4
:102EA00001F072FA01F08EFE05F0D8F8014B024AEB
:102EB0001A6008BDF4150020D581000008B5412036
:102EC00000F0A0F801F068FA05F0D0F805F07AF902
:102ED000034B044A1A60BDE8084000F09DB900BFEA
:102EE000F8150020ABFE000008B50122054B1A7151
:102EF00003F01EFC04F046FA0AF0DFFBBDE80840D0
:102F000000F0B2BFA40B002010B5064C064904F136
:102F100008000AF089FB04F10C000449BDE81040E8
:102F20000AF082BBA40B0020D0000020D8000020B3
:102F300010B5094C094904F108000AF075FB04F1C9
:102F40000C0007490AF070FB04F110000549BDE8C8
:102F500010400AF069BB00BFA40B0020E000002075
:102F6000E8000020F0000020014B1879704700BFF6
:102F7000A40B002038B5074C0D4600F051FFA068A7
:102F800025600AF049FBFFF779FB01F0EBF801231C
:102F9000237538BDA40B0020014B187D704700BF7E
:102FA000A40B002010B50C4CE0680AF035FB20693A
:102FB0000AF032FBFFF710FB202000F037F82F203B
:102FC00000F034F8262000F031F8292000F02EF827
:102FD0000023237510BD00BFA40B002000487047DC
:102FE000B90B002000487047BB0C0020014B83F850
:102FF00019027047A40B0020014B93F81902704787
:10300000A40B0020C208074900F0070001238340F9
:10301000885C03438B5404490B78934238BF1346B2
:103020000B70704778000020BE0D00200F4B01216F
:1030300010B503EBD002C40800F0070001FA00F05D
:10304000195D21EA0001195509490B78A34205D100
:10305000002012F8014914B100B10B7010BD002B13
:10306000FAD0013B0120DBB2F3E700BF780000207B
:10307000BE0D0020014BD3E900017047780000200D
:103080000048704780000020064B1878072881BF51
:1030900008381823B0FBF3F001308CBFC0B2002019
:1030A000704700BFBE0D002000487047EC5D020075
:1030B000054B1868C0F3C022C0F30020400040EA6E
:1030C000820040F0010070477800002008B507F04A
:1030D0002FFA0023074A32F82310814205D302EB6E
:1030E00083029378044A137008BD01330C2BF2D18C
:1030F0000023F7E7F05D0200BF0D0020024B1878B7
:10310000072828BF07207047BF0D00202DE9F04F8A
:103110009A4685B0814688469DF838300125147856
:103120009AF8007001920293AC420DD2334B1B7897
:10313000002B56D004EA0700029BC0B2002B3DD101
:10314000002856D1092051E02C4213D06A0714D42C
:1031500015F0010203D1C5F340025200D2B201269C
:103160004FF0000BB7420AD2BBF1000F23D124EA83
:103170000504E4B26D00EDB2D6E70322EFE7374273
:1031800014D0730715D416F0010303D1C6F340031E
:103190005B00DBB24946404603920BF075FAD8F863
:1031A0002030039A984298BF46EA0B0B7600F6B29D
:1031B000D8E70323EEE707EA0B07DBE7B9F1000FD7
:1031C0000FD098F8713098F870201340184009F02B
:1031D00063FCC31E0446DBB2012B96BF04272746BF
:1031E0003C46019B00201C708AF8007005B0BDE8C9
:1031F000F08FB9F1000FEAD1F3E700BFC00D002056
:10320000014B1870704700BFC00D0020014B1878AB
:10321000704700BFC00D0020014B024A1A60704782
:10322000041600200D3100002DE9F04F0468984687
:103230000F4685B094F86330164604F1A80994F857
:103240000FA043EAD303D90702D4BAF1260F5FD106
:1032500094F8A850002F55D1FFF72AFF8DF80B00E6
:10326000002E51D1FFF724FF2B4B8DF80C00D3F823
:1032700000B0BBF1000F0CD0AAF126022846494647
:10328000534253410DF10B02009303ABD84705465F
:1032900030B99DF80B3013B19DF80C0028B9092501
:1032A000BAF1260F2AD10020034694F8292132B121
:1032B0009B0700F002002DD560B302200346FF22D9
:1032C00084F8392194F8382102F0FF05F2B99DF80D
:1032D000382003A984F83B01484684F8382184F853
:1032E0003A31A4F83C818DF80C708DF80D60ADF882
:1032F0000E800AF0FCF9002384F83931284605B025
:10330000BDE8F08F3846A9E73046ADE73A25F2E749
:103310001A25F3E70925F1E70416002010B5046823
:10332000B4F8AA3084F88411A4F8853194F8200107
:10333000FFF72EF884F8870194F82101FFF728F8A9
:10334000044984F8880104F27B10BDE810400AF0BB
:10335000D3BF00BFD9D600002DE9FF4704688946D6
:10336000054694F80EA0AAF1250359425941052AB1
:1033700035D1E37B272B37D104F10F0799F8018072
:1033800099F8026008F0070806F0070608F1FF3315
:10339000721E03EA0803324013431FD130460AF07D
:1033A0003EFA60B394F82031984228D094F83A213C
:1033B000164213D0BAF1250F21D094F819211642E4
:1033C0001DD10138013B474AC0B2DBB21044032B88
:1033D00000790FD81A441379834210D9284604B0D3
:1033E000BDE8F0470AF0E3B9BAF1250F77D104F14F
:1033F0000E07C3E74FF4DD710620FDF705FA4046DE
:103400000AF00DFA40B194F82131834204D094F8C7
:103410003B3118EA030FE1D0B9F8039003AB204623
:103420003246009341464B460AF006FA2C6878BBB8
:1034300094F83831012B28D1E38804F5367294F8DA
:103440002011B4F83C010AF058FA0646D0B90146FA
:103450002846FFF763FF2B6883F838613E702B68BE
:1034600003F10F02974201D10022DA732B6803F1B6
:103470000F0297422FD128460BF0C5F9002004B067
:10348000BDE8F0872C23A373E9E784F83801E6E769
:10349000E388A4F8D89209F1FF39A9EB030947F6AC
:1034A000FD731FFA89F9994506D92823284684F81F
:1034B000313001F0ABF9D9E7E37B0D2B02D00A3BA9
:1034C000012B01D82A23F1E7BDF80C30A4F8DA3239
:1034D00029233B70CAE7002283F84A20CEE7022066
:1034E000CDE700BF205E0200034B002283F850208E
:1034F000A3F85220704700BFC20D0020044B93F880
:103500005020012A1ABF036001200020704700BF2D
:10351000C20D0020064B024693F8501001291BBF34
:103520000120A3F85220002083F85000704700BF0C
:10353000C20D0020054B024693F8500028B11360DD
:1035400011B1B3F852300B8001207047C20D00203A
:10355000054B002293F85000A3F8522010B101202F
:1035600083F85020704700BFC20D0020034B93F832
:103570005000B0FA80F04009704700BFC20D002033
:1035800050B90A4A0120134603F8010B0868C2F833
:1035900001008A889A807047012805D1034B0A6888
:1035A000D8719A608A889A81704700BF160E0020F1
:1035B00050B90B4B187888B1D3F80120B3F8053017
:1035C0000A6001208B807047012806D1044BD8790E
:1035D00020B19A689B890A60F3E70020704700BF1A
:1035E000160E002010B9044B18787047012806BF4A
:1035F000014BD87900207047160E0020F7B58A8855
:1036000000238DF80600ADF8042008680B4A8DF8F9
:1036100007300146147802F5A872019DD8B28442A1
:1036200001D8082007E052F8087F01335668AE42FF
:1036300008BF8F42F2D103B0F0BD00BF280E0020BA
:10364000084B0146002230B55C7803F20113D0B27A
:10365000844201D8082004E013F8015F01328D4252
:10366000F5D130BD280E0020F8B52D4C6378221816
:10367000013B92F80251DBB28342637030D01A01F1
:103680000101961C8F1C2644274406F1100C56F8A5
:1036900004EB664547F804EBF9D1823282312244CB
:1036A000214402F1100652F8047BB24241F8047B37
:1036B000F9D1E118221891F8026182F80261062618
:1036C0007343704303F5857300F58570E618E3587E
:1036D00027182350B388BB8091F83A3182F83A31E9
:1036E0002846FFF7ADFF082818D12378013BDBB24D
:1036F0009D42237012D02B3305F12B0204EBC30340
:1037000004EBC20293E8030082E803002078FFF78D
:1037100097FF08281CBF241884F80251F8BD00BF89
:10372000280E0020F0B5254D89B095F8984105F296
:1037300099116846224608F02BFB214668460AF09C
:1037400085F90446B8B300EB400102A8C9B2FDF701
:1037500015FF631E95F8A1610124DBB295F898115D
:1037600005E0721CB2FBF1F001FB1022D6B206F1AB
:1037700020020DEB020010F8202C002AF1D103EBFF
:10378000430100F8204C06EB460220312A446944EC
:1037900011F8187C82F8A27111F8177C11F8161C28
:1037A00082F8A37182F8A411013BAA19DBB282F856
:1037B0009941FF2BD2D109B0F0BD00BF280E0020E7
:1037C00070B5064688B00C46002A4ED0294A92F8B9
:1037D000A131D01890F8991119B9FF212820FDF7CF
:1037E00013F803EB43010133114491F8A251E57042
:1037F00091F8A35191F8A41125716171002180F80D
:10380000991192F89811B3FBF1F001FB103382F893
:10381000A13192F8C23123B9174902F5DD700AF0DF
:1038200068FD65790D220021684605F03F0545F0E9
:10383000400565710DF0F6F9E37804AA69468DF844
:103840000F30304623798DF80D508DF80E3004235B
:103850000DF03BF99DF81F3023709DF81E3063700A
:103860009DF81D30A37008B070BD03216018FDF7EE
:1038700085FED6E7280E002025370000044B5A7835
:10388000824286BF1B1893F84A010020704700BF90
:10389000280E0020044B5A78824286BF1B1893F8EA
:1038A00042010020704700BF280E0020064B002276
:1038B0004FF461711A8083F8C32183F8C421A3F8FF
:1038C000C61183F8C2217047280E00202DE9F04769
:1038D0008246894617469846FFF790FE0828054617
:1038E000064603D0FFF7ACFE082860D1324C63785F
:1038F000072B5ED8082D15D12678731C072E237050
:1039000003D96C212820FCF77FFF06F12B02D9F8A0
:10391000000004EBC20344F83200B9F8042083F835
:1039200006A09A80657807F110026B1C290163706C
:103930004B1C234412F8010DBA4203F8010FF9D1D0
:10394000813108F11003214413F8012D984501F845
:10395000012FF9D12544102140460AF0A7F8102183
:1039600085F8420138460AF0A1F885F802616678C8
:10397000002385F84A013146104885F83A310AF0AB
:1039800065F80128054607D831460D480AF05EF86B
:10399000002818BF0135EDB284F89851002528465B
:1039A00084F8A151FFF7BEFE2846BDE8F08712203B
:1039B000FBE70720F9E700BF280E00206A0F002070
:1039C000720F0020064B10B55878013840B200281D
:1039D00000DA10BDC4B22046FFF746FE601EF5E7D0
:1039E000280E0020014B83F8C3017047280E0020E9
:1039F000014B93F8C3017047280E0020431E4AF282
:103A0000B7129BB293429DBF024BA3F8C60101209F
:103A100000207047280E0020014BB3F8C601704704
:103A2000280E00200A4B30B55C7884420ED9184429
:103A300090F802012B3003EBC004A5790D7053F808
:103A4000300010600120A388938030BD0020FCE787
:103A5000280E00200246074810B590F8C34124B153
:103A6000417821B1023004F0C1FC204610BD0C4663
:103A7000FBE700BF280E00202DE9F74F2F4C9A4698
:103A8000804689466378834256D9231893F8425179
:103A900085F00105F9B193F84A31E3B945F0020721
:103AA0000135BAF1000F18D1FA070AD5062104EB47
:103AB0000810524601FB0841823001F58571FFF77D
:103AC0007FFEBB0734D504EB08105246494602304E
:103AD000FFF776FE2CE02F46E3E794F8A1614FF064
:103AE000010B002DE0D0A31993F89911019399B916
:103AF0000092DAB100F006FB019B06EB4601009A4A
:103B00004FEA102C83F899B1214481F8A201000CEE
:103B100081F8A3C181F8A401013694F89831013DE0
:103B2000B6FBF3F103FB1166F6B2DAE747F00407E0
:103B3000384603B0BDE8F08F0027F9E7280E0020D3
:103B4000074B5A78824209D91A1892F842212AB9A9
:103B5000062202FB003000F5857070470020704798
:103B6000280E0020064B5A78824281BF1B1893F81A
:103B70003A01B0FA80F0400998BF0020704700BFBA
:103B8000280E0020F8B50E46074606211546304699
:103B900009F08CFF044670B10C4B0022587803F2F8
:103BA0003913D1B2884202D801242046F8BD01322F
:103BB00003F8015FF5E73146384609F063FF08284E
:103BC000F3D0024B034483F83A51EDE7280E00206E
:103BD000034B80F880101B680BB140881847704772
:103BE000081600200B2808B504D940F22911292015
:103BF000FCF70AFE014B33F8100008BD285E0200F6
:103C0000036830B50024D3F8C80042F21075A3F859
:103C10004040B3F844404443B4FBF1F4A3F84440BB
:103C20004C1E05FB0242B2FBF1F2A3F84220094A06
:103C3000B2FBF1F20132A3F848209A8F05FB02444F
:103C40005A6B5043B4FBF1F4B0FBF1F09C63586342
:103C500030BD00BF005A6202054B1B7833B9054BDB
:103C60001A681B79026003710120704700207047B9
:103C7000F00F002088000020054BFF221A70054A33
:103C8000016811600179117100221A70704700BF3C
:103C9000F00F00208800002007B5064A106812794E
:103CA000009068468DF80420FFF7E6FF03B05DF84A
:103CB00004FB00BFE88502000346084671B13F2BB4
:103CC0000BD8074AD35C03F07F02914205D08CBF2A
:103CD0000120002000EAD31070470120704700BF88
:103CE000405E0200FF230B7002234B7083238B7016
:103CF000014B1B78CB707047F40F00202DE9F84F73
:103D0000D0F804800C46D8F81C60304608F08CFCD3
:103D1000054620B94FF4AA711020FCF775FD014645
:103D2000304608F08FFCB5F800B082461FFA8BF7DA
:103D300017B94FF4AC71EFE7224B00F103091B6890
:103D4000D3B998F8023098F803202370637802F012
:103D50000F02A4F802B023F00F03134323F0C003B3
:103D600063709AF8003003F00303012B0FD0022B8D
:103D70000DD04FF4BB71CFE73A464946B8F8020080
:103D8000984705460028DCD12846BDE8F88F6278C0
:103D9000304663F30512627008F05EFC054610B908
:103DA0004FF4C071B8E7FB2F02D940F28F11B3E78F
:103DB0003A464946201D07F0EBFF304608F0A3FBCA
:103DC000E2E700BF0C16002038B5134C102200218A
:103DD000201D0CF027FF0125257404F10803102293
:103DE000002104F11400C4E901330CF01BFF84F836
:103DF000205004F11803094AC4E905330023636223
:103E0000A36284F82C30C4F82D30C4F8313084F823
:103E100035301360A36338BDF40F00200C1600206A
:103E200010B5084C2378FF2B04D040F299111020D4
:103E3000FCF7EAFC07F018FF2070BDE81040FFF720
:103E4000C3BF00BF8D00002010B5034C207807F0E1
:103E500025FFFF23237010BD8D000020014B187833
:103E600007F02CBF8D000020014B024A1A607047FA
:103E700014160020FD3C00002DE9F341DFF8888195
:103E8000054608F11407D8F80830D8F81840227A07
:103E9000012A22D1D8F8382052B1137A1BB9BF2198
:103EA0001020FCF7B1FCD8F83840C4B9002093E0EA
:103EB0001A7A012AFAD01C46544AEFF3108172B6DE
:103EC00050680068506001B962B6A34208BFC8F8E4
:103ED0003840237A1BB9EE21E2E73A46EDE7267A2D
:103EE000F6B205232372731E0B2B7ED8DFE803F096
:103EF0007A062336773F4E3F3F3F3F6B636813B9E7
:103F00004FF40371CCE72046294698470420EFF38D
:103F1000108272B6237A052BD9B24FF0000369D113
:103F20002372D8F83810A14201D1C8F83830002ADD
:103F300045D162B643E0636813B940F21521AFE79B
:103F40002946204698470346ADF80400C0B2C3F3A3
:103F50000723012B3ED0022BD9D129E0636813B986
:103F600040F21D219CE7204698470020CFE7284BD0
:103F70001B68002BF9D03246606829469847A6F1A5
:103F80000A020420534253415B00E4E763680BB923
:103F9000FE2185E786222A7001225988AA706A715B
:103FA00000229869A5F80310AA7108F0ACFA042061
:103FB000D8F83830A34202D10023C8F8383000289E
:103FC0003FF461AF08E0134B294620461B68984731
:103FD000034668B9267298B102B0BDE8F0814FF48B
:103FE00015715DE740F257215AE740F25A2157E731
:103FF0000220DDE711B940F27B2151E7184696E730
:10400000002B7FF440AF51E7F40F0020F80F0020A1
:104010001016002014160020134610B5027A22B1A3
:1040200040F202311020FCF7EFFB0A46014602483D
:10403000BDE810400AF03AB9F80F0020044890F8A3
:104040002C301BB9034924300AF04DB9704700BF2A
:10405000F40F00209DE200000346064890F83C2043
:104060003AB190F8352022B9034900F82D3B0AF007
:104070003AB97047F40F0020E53C00000A4610B53D
:10408000037A23B140F20A311020FCF7BDFB014650
:1040900007230248BDE810400AF008B908100020C4
:1040A0001346027A0AB1037270470A460146014874
:1040B0000AF0FCB8F80F002001490AF01DB900BF52
:1040C000FFE200000B8BA2F809001046A2F80B30AB
:1040D0004B8BA2F80D308B8BA2F80F30CB8B0249A3
:1040E000A2F811300AF002B9A9E30000014B1878D8
:1040F000704700BF31100020014B1878704700BF97
:104100008E000020094AD2E90003434083EAB0113F
:1041100081EA43214FEAF34311605360044B584353
:104120004FEAF06000EB8000704700BF34100020C1
:10413000BB79379E094AD2E90003434083EAB011B4
:1041400081EA43214FEAF34311605360044B584323
:104150004FEAF06000EB8000704700BF9000002045
:10416000BB79379E10B50A4C08210948FDF706FABD
:10417000D4E900321343F7D0064CFFF7DBFF206091
:10418000FFF7D8FF236860601843F6D010BD00BF6A
:10419000900000203410002038B5A0F10B03144625
:1041A0000D46DBB22046432B96BF0C4AFE21D15C64
:1041B0000AF0CFFA88B985B12978342909D03F2986
:1041C00009D0272908BF26212046BDE838400AF03B
:1041D000C0BA3221F8E73E21F6E738BD805E020022
:1041E000094B0A4A1A600A4B0A4A1A600A4BC0F87D
:1041F000B0300A4BC0F8AC30094BC1F8B030094BB5
:10420000C1F8AC30704700BF5C1800201F050100EA
:1042100060180020C1820000F58200001D820000AD
:10422000EB0401003D050100094B0A4A1A600A4BE4
:104230000A4A1A600A4BC0F8EC300A4BC0F8F0305A
:10424000094BC1F8EC30094BC1F8F030704700BFA2
:1042500074180020DFFE0000781800201D00010007
:1042600057000100A502010069FF0000BD03010025
:10427000174B184A9A60184A5A60184A1A60184A26
:104280009A62184ADA62184ADA60184A9A61184A39
:104290001A63184A1A62184ADA64184A9A64184A61
:1042A0005A62184B184A9A60184A5A62184ADA62D7
:1042B000184A1A61184A5A61184A9A61184A1A63C8
:1042C000184A9A64184ADA64184A9A63704700BF19
:1042D00018160020CDE80000F3E800001FEA0000F7
:1042E000BDEB000019EC0000354900002BEC00008C
:1042F0000D4C0000554A0000FDEC000023ED0000CD
:10430000B14A000018170020E3E80000C3EC0000E9
:1043100049EC0000F9EB000069EC0000E549000001
:10432000C9ED000067ED000053ED0000ADEC0000AA
:10433000044B054A5A65054B054A1A65054A5A65F4
:10434000704700BF1816002019EF00001817002052
:1043500003EF000043EF0000054B064A9A65064A4A
:104360001A66064B064A9A65064ADA65704700BF28
:1043700018160020ADD9000059330000181700208E
:1043800007D80000EFD9000001490248FFF728BF15
:10439000181700201816002001490248FFF744BFF3
:1043A0001817002018160020F7B5044601A80F467C
:1043B000FFF7A4F820B94FF4AA615120FCF724FAC2
:1043C0005022002101980CF02DFC019D3F2F2E461C
:1043D00006F8037F43D83F2F44D8DFE817F04600A4
:1043E0004C006C0075008D00740174019A00B300DC
:1043F0009E0074017401A300AF00B30043004300AA
:10440000B70074017401CC00CC00E300E300EA00C3
:10441000430043007401EF00FC00000104010B01A4
:104420000D010F0111011B0125015401560143002B
:1044300043002D015E015C0146013C013E0140014B
:10444000420148014C014A015001740143004E01F0
:104450004401520160016201430058015A01FF2FDB
:1044600000F0258140F24451A7E7214630460AF08A
:1044700043FBC0B9BBE02668D6F838326B6096F8CB
:104480003C322B72206890F89F3033B90AF00BFA57
:104490002368DB881844A6F83E02B6F83E320820AE
:1044A0006B721B0AAB72FFF735F8002840F00D81E4
:1044B00040F2575181E7236893F8A82052BB93F844
:1044C0002D3102202B71EEE723681720D3F88022CC
:1044D0006A60D3F88422AA60B3F88822AA81D3F84C
:1044E0006022C5F80E20D3F86422C5F81220D3F854
:1044F0009030C5F81630D6E722680D20D2F8FE318C
:104500006B60D2F80232AB602368D3F89430EB6072
:10451000C9E7236893F8A030D3E73146204600F07E
:1045200033FBA6E7112306202B7159236B7100235F
:10453000AB713923EB7130232B72B4E7236893F806
:104540009A30BEE7304600F00DFB92E7236893F8FF
:10455000A82052B993F8A0203AB193F89D202A716F
:1045600093F89C3003206B719DE793F89B202A7190
:1045700093F89A30F6E723680920B3F80C212A71E2
:10458000120A6A71B3F8A220AA71120AEA71B3F88A
:1045900008212A72120A6A72B3F8A030AB721B0AA1
:1045A000EB7280E7236893F83A212A7193F83B3144
:1045B000D8E72146304609F0BCF95AE723681121B3
:1045C000B3F8AA00FCF762FD00F15B01304609F088
:1045D000B8FD232067E730460BF01FFB49E7304664
:1045E0000BF024FB45E73A4B1B68002B5BD140F2F4
:1045F0004951E2E6374BF7E7374BF5E7374BF3E73F
:10460000374B1B68002BF2D02320224631469847B7
:10461000042048E7324B1B68002BE8D02246314685
:104620002420984705203EE72D4B1B68002BDED049
:10463000224631462520F4E723681121B3F8AA0069
:10464000FCF724FD00F17D0200F15B01304609F02A
:1046500084FD2B2027E7234BC6E7234BC4E7234BDE
:10466000C2E7234BC0E7234BBEE7234BBCE7234BFA
:10467000BAE7234BB8E7234BB6E7234BB4E7234B0A
:10468000B2E7234BB0E7234BAEE7234BACE7234B1A
:10469000AAE7234BA8E7234BA6E7234BA4E7234B2A
:1046A000A2E7234BA0E7214630469847E1E623687E
:1046B000304693F8CF22D3F8D01209F00FFD2368CB
:1046C00093F8CF02D5E60120EDE603B0F0BD00BFC0
:1046D00018180020201800201C1800202418002082
:1046E000281800202C180020301800203418002032
:1046F000381800204C180020541800203C180020C6
:10470000501800205818002040180020441800209D
:104710004818002064180020681800206C18002039
:10472000701800205C180020601800207418002009
:10473000781800203F289ABF024B53F82000002031
:10474000704700BF181600203F289ABF024B53F84D
:1047500020000020704700BF1817002030F8023CEE
:10476000F7B504460E46B0F8825073B10122684690
:10477000ADF801508DF80020ADF80330FEF7C6F813
:1047800018B195216320FCF73FF81C4B1B6813B14F
:10479000A4F1280098471A4B1B680BB1284698478C
:1047A000184B1B680BB12846984783230027A6F8AF
:1047B00003503370B770637AD4F89C00737107F0BC
:1047C000ACFE08B9BA21DDE739462846FCF774FC8F
:1047D00002212846FCF770FC18B90B4B1B6803B18B
:1047E00098474FF40173002003F004021B0A62F3A0
:1047F000070063F30F2003B0F0BD00BF7C1800205A
:10480000801800208818002084180020F7B505685B
:1048100004464FF6FF77D5F8C0600DF102010DF1A7
:1048200001023046ADF8027007F026FE01A93046BD
:1048300007F044FE48B1019807F00CFF2168A83149
:1048400000220272FFF71AFCE7E7044905F128008D
:1048500003B0BDE8F04009F049BD00BF5D4700006E
:10486000F0B5044685B00D46FF2600F8E96C10F857
:10487000EA3CF3B1174F3B781BB162211F20FBF7D5
:10488000C3FF0C21381DFCF779FE3E70002304F8AD
:10489000E93C8A232A4602F8033BD4F80930C5F8DC
:1048A0000330D4F80D305360D4F81130936005B064
:1048B000F0BD01A80C21FCF761FEA4F51773039A63
:1048C0001A6001AB03CB44F8F20C44F8EE1C04F878
:1048D000EA6CDBE73C10002010B5054C23782BB9BF
:1048E0000C21201DFCF74AFEFF23237010BD00BFE2
:1048F0003C100020024690F80632BBB990F807320F
:1049000003F0FF010BB100207047094B1878002815
:10491000F9D01970D9680433C2F8941003CBC2F8E7
:10492000FE01C2F80212FF2382F80632012070470E
:104930003C100020026870B5D37B04460D463BB1A5
:10494000132B05D0113B0F2B8CBF0120082070BD0D
:10495000D2F8A430002B3BD192F8523013B9204644
:1049600009F03FFFD5F80B302268C2F8F631D5F8D0
:104970000F30C2F8FA312368D5F81320C3F890201D
:10498000B3F8AA20A3F8F922D5F80120C3F8FB2236
:10499000D5F80520C3F8FF222368B5F809200025C3
:1049A000A3F80323236883F8BE5183F806522068D6
:1049B0000B4900F53C7009F096FC2668204608F08B
:1049C0004EF8162286F86A0028462368DA73BEE796
:1049D00020460C220321BDE8704009F028BF00BF2B
:1049E00061480000036810B5DA7B0446202A04D031
:1049F00040F29D211F20FBF707FF002193F8522072
:104A0000B3F8AA0083F8511082B1C3F8C91183F832
:104A10005210A3F8CD11A3F8CA0103F5E0700B49B9
:104A200009F061FC23680022DA7310BD0121A3F8AC
:104A3000B90183F8B82103F2AF1083F8BB1183F8F2
:104A4000BF210349A3F8BC21EAE700BFA5EB0000A2
:104A50008DEB000038B5046894F8A8501DB9E37BCD
:104A600023B101201AE02368DB07FAD4D1F8012032
:104A70000D4BD1F8051013400C4AC4F86230C3F353
:104A800007630A4043F00803C4F8662084F86530E1
:104A900009F0A7FE1DB90423E373002038BD236885
:104AA00043F001032360F8E72FC904F76FDB0080B0
:104AB00038B503689A7B042A34D1D1F801204C1C04
:104AC000D1F80550C3F86220C2F30762C3F86650FC
:104AD00042F0080283F86520002283F84A209A7386
:104AE000026892F8A8200AB983F83F2193F8402180
:104AF000B2B993F8912102F0FF008AB9B3F8AA2065
:104B000083F8920103F28910A3F89321D1F80120D0
:104B10000549C3F895216268C3F8992109F0E3FBC0
:104B2000002038BD0120FCE783EC0000036893F807
:104B3000402112B1094B1B68184793F891215AB9CB
:104B4000B3F8AA2003F289100549A3F893211A2289
:104B500083F8922109F0C7BB704700BF8C18002072
:104B600083EC000010B50446FEF784FA044A054BB6
:104B7000024009200B40C4F80120C4F8053010BDE4
:104B80002FC904F76FDB008037B50C460568FEF7C8
:104B900071FA0A4B0A4A03400A4095F862100093E2
:104BA0000B4001928DF800306B4603CBC4F8010036
:104BB0000920C4F8051003B030BD00BF2FC904F7A9
:104BC0006FDB0080014B024A1A6070478C1800208E
:104BD0008583000038B5DB04154604D5037D13B189
:104BE0000023436338BD446B013444630AF0CBF8BF
:104BF000836B9C42F6D30023034943632846BDE8F8
:104C0000384009F079BB00BFF1EC000070B50468D2
:104C10000546A37B94F8A860012B07D01EB9E37B5F
:104C200023B1012038E023689807FAD494F8533070
:104C30009A0713D44A78D80784F85D204A88A4F8E4
:104C40005E208A88A4F8602043F0020284F8532092
:104C50000FD5164904F1540009F04EFB94F8533077
:104C6000D90710D4CEB9E37B43B153214020FBF7E1
:104C7000CBFD94F83E31002BEBD1EFE70123E3733A
:104C8000284609F0AEFDA37B0020012B4FF0000366
:104C900004BFA37384F84A3070BD23689A0701D516
:104CA0005821E3E743F002032360E9E7A7ED0000A2
:104CB00070B50568044603F01BFA054B0146E8721F
:104CC0001B681BB12046BDE87040184770BD00BF8F
:104CD00094180020024B1B6803B11847704700BFAF
:104CE00090180020F0B51F4D00242B7814709BB154
:104CF000013B6D68DBB21E1B012E0FDC05EBC40609
:104D000055F8347076688E4208BF874227D0B84283
:104D100071EB060612D214700020F0BD1E19771038
:104D2000C6F3470655F837C005EBC70E8445DEF8D5
:104D300004708F412CBF33463446DCE705EBC304D7
:104D400055F8335064688C4208BF854206D0A842AB
:104D500071EB040428BF01331370DDE71C4601200A
:104D60001470DAE75C10002010F0070208B503D0D9
:104D700063214820FBF748FD18B1034B19725860B6
:104D80001A70C80008BD00BF5C100020014B002253
:104D90001A7070475C100020024B1879003818BF59
:104DA000012070476C100020FF23084A0B700D2370
:104DB0004B7082238B701368C1F803305368C1F8BD
:104DC00007309368C1F80B30704700BF72100020A5
:104DD0001622002101480BF025BF00BF72100020F1
:104DE000F8B51C4D04466B7D9BB390F8A83023BBEF
:104DF000D0E978760AF04CF894F82021164B52301E
:104E000053F822304FF47A7203F2E733B3FBF2F334
:104E1000DB19B4F8AA2046F100061B182A8046F1D7
:104E200000066B60AE60E38805F10C0002220B49BE
:104E30006B80BDE8F840FFF733B94B0609D5B0F8F1
:104E4000AA302B80D0F880326B60D0F88432AB600F
:104E5000E9E7F8BD721000206C600200A94D000067
:104E6000094B53F8203003F5224370B5B133164691
:104E70004FF47A720C46B3FBF2F5344404F044FB71
:104E80002C44204470BD00BF586002002DE9F04F53
:104E900098468BB0002304460F460392069390F881
:104EA00021B108F017FC064694F82B01FEF79AFE94
:104EB000064409F0EDFFE37B00F14805B6B2472B4D
:104EC00047D00D2B45D094F80E90A9F14701D1F1B0
:104ED000000949EB0109039B002B40F08580637BAF
:104EE000032B40F08180B9F1000F6AD0B4F8D832BA
:104EF000BB4266D1D4F820322046B4F8F421C4F87D
:104F00001032D4F8C830C4F81432B4F892321344D2
:104F1000C4F8183203F022F894F829A1BAF1000F6E
:104F200009D0D4F8E02241F64B539A428CBF4FF09F
:104F3000000A4FF0010A94F8EC326BB9D4F8C8209B
:104F4000D4F8E0329A4221D0B4F8AA000AF084FEE4
:104F50001CE04FF00109BEE7B4F8AA000AF079FEA0
:104F600020B940F242713020FBF74EFCB4F8E83231
:104F70004FF0000AA4F8DE30B4F8EA328381B4F8C6
:104F8000D832A0F80EA04381013B038294F82A3165
:104F9000002B4ED1BAF1000F4ED1D4F8DC3284F898
:104FA0002AA1C4F8D830B4F8DA32A4F8DC30D4F846
:104FB000E032C4F8C830D4F8E432C4F8D030022368
:104FC0006373A17B292946D0A1F12C0251425141A2
:104FD000E27B292A00D039B1B4F8D832FB1A1B047D
:104FE00002D4204602F074F9B4F890A204F51873C4
:104FF00094F82101A7EB0A0A0293E3880FFA8AFAD0
:10500000FB1ABAF1000F0FFA83FC26DAE246D4E964
:105010009E23C4E9A223002384F833320123627B58
:10502000032A00F2B581DFE812F01A002A017000AD
:105030004E01BAF1000F07D04FF04D13C4F8E03025
:105040000023A4F8E430A8E74FF09613A4F8E4A0F6
:10505000C4F8E030A1E70121BAE74346DFE70146A3
:1050600094F8ED0108F07DFD8246D4F8D800314671
:10507000504405F011FA3146C4F81C02D4F8C800B7
:1050800005F00AFA07A9C4F8200208A804F094F968
:10509000079B0093DDE90823D4E9A2010BF023FB71
:1050A000064604F1A80009F07CFFD4F8943294F885
:1050B0002101D4F8D8B0069304F02EFA069B00F52F
:1050C0002240D4F81C124FF47A72203BB1305B447A
:1050D0005B1A30315B1BB0FBF2F053442A469B1B3A
:1050E0001B1A94F821010693B4F8DC3003EB41015C
:1050F000FFF7B6FED4F89422069BC4F824029B1A4C
:10510000B92B5CD840F2C7412DE7D4F8D8303146EE
:10511000D4F81402184405F0BFF93146C4F81C0253
:10512000D4F8C80005F0B8F9C4F8200204F1A800CA
:1051300009F037FFD4F8D830D4F814621E44B4F81C
:10514000F431002B40F09780B8F1000F00F093800D
:1051500094F8210104F0E0F9D4F81C12D4F880325C
:1051600000F52240761A94F82121B130203E1E44E9
:10517000A44B53F822204FF47A7302F2E732D4E9B9
:105180009EABB2FBF3F2A6EB0A06B0FBF3F01644BB
:10519000761B361AD4F81032D4F8182294F821016C
:1051A00002FB0311B4F8DC302A460696303103EBDB
:1051B0004101FFF755FE0123C4F824026373D4F8BC
:1051C000C83004F1E800D4F82022723B06999B1AFB
:1051D0005D1BD4F824329D4228BF1D46002384F86D
:1051E0006032C4F8F051D4E9A2325B1842F10002F7
:1051F000C4E99C3209F022F904232844A4F89072EF
:1052000084F86932C4F86402D4E99C23C4E9A22377
:1052100002F074F920B1D4F864321E33C4F8643259
:10522000B4F8E031DB1B18B20028D4BF00230123FF
:105230005B0084F86832B9F1000F40F0AC80B8F13F
:10524000000F40F0AB80637B002B00F0C380D4F8EC
:10525000C81004F51870D4F82032C91A08F032FCCE
:1052600080B2002800F0B680149B03B118800120A2
:105270000BB0BDE8F08FD4F81C12761A8AE7D4F888
:105280002022D4F8C830D4F818129B1AD4F810622F
:105290000AFB03F30693B4F8F4319C44D4F81C32AF
:1052A000ACEB010C30330CF1FF3C06FB0133B4F8DE
:1052B000DC1002FB0C332A4601EB4301FFF7D0FD63
:1052C000C4F824027BE7D4F8C82002FB0AF2069255
:1052D000B8F1000F1CD0B4F8F411C9B984F8331236
:1052E000D4F8201201FB1A2EB4F8F4A10291CDF8E3
:1052F00018E06BB3BAF1000F2AD1D4E9A061D4E968
:105300009E23B24273EB010108D340F20E512AE60C
:1053100094F8331200297FF452AFE1E7394B203E75
:1053200053F82B104FF47A7BD4E99E23CDE9042364
:1053300001F2E73301F52241049AB131B61AB3FB09
:10534000FBF3B1FBFBF11E44761A761B76440696FE
:10535000029BE2442A4603FB0AFA0AF1300A4FEAAA
:105360004A0A5146FFF77CFD41F64B53C4F824022C
:10537000D4F8C80098423FF622AF06AB2A46514601
:10538000009304F5097308F008FC84F8330216E76B
:1053900040F22651E7E5B8F1000F1BD0B4F808122F
:1053A00039B3B4F80A2294F80C32551CA4F80A2236
:1053B00002FB033399420DDD00280BDD0023A4F826
:1053C0000A5284F86832FEF79DFE00F007000130B3
:1053D00084F80C02394608A8089407F045FB04F548
:1053E000187104F50E7005F0FFFF20B940F27651F8
:1053F000B9E50A46D7E7039B83F0010384F830320E
:10540000002035E758600200F0B5044685B018B9B1
:10541000A5213020FBF7F8F9052900F2DA80DFE852
:1054200011F00600D30038003300D800CE0090F809
:105430003032C288FBB1B0F82E32934208BFB0F8C8
:10544000E4319A1AA0F8E621E3802046D4E99C23AF
:10545000C4E99E2301F0A4FF94F84C30002B00F027
:10546000AC805D4B1B68002B00F0A780204605B088
:10547000BDE8F0401847B0F82C329B1AA0F8E6318E
:10548000B0F82C329BB2DFE705B0BDE8F04003F086
:105490009FBF0BF020F9D4E99E23801A61EB030132
:1054A000012871F1000302DA40F20161B1E76FF007
:1054B000010383424FF000038B4102DA40F20261A4
:1054C000A7E7D4F8C8300BB1B0FBF3F3E07BB4F836
:1054D0002E2247280ED0A17B463901290AD90D2852
:1054E00008D0E1880B449BB2D11A0D0443D5013397
:1054F0009BB242E00132A4F82E22B4F8923203AEFD
:10550000E5880133354FA4F89232B4F842301D4497
:10551000B4F84030013DED1AADB23B685BB1B4F870
:105520002E1200222046013989B29847B4F82E3253
:105530001844A4F82E02B4F82E126B1A18042CD4B6
:105540000023204600961A46FFF7A0FC012834D11C
:10555000B4F82E22B4F8E011BDF80C301344521AFE
:1055600012049BB204D5EA1A12F4004F18BF0B467E
:10557000A4F82E32D1E7013293B2A4F82E3294F877
:105580003132002BB9D1B4F8E431B4F82E22934271
:1055900004BF0133A4F82E32AFE7A37C3046039456
:1055A000002B14BF08233E2384F83130FFF72EF977
:1055B00020460AF0CCFA0023637305B0F0BD05B0B5
:1055C000BDE8F04007F015BA437B042BF3D0C621A9
:1055D0001FE7CB211DE700BF98180020A01800206E
:1055E0002DE9F8430E46044618B9D3213020FBF7C5
:1055F0000BF9052900F2A780DFE801F00376413DB1
:10560000A52E0BF012F9C4E95001204601F05AFA18
:10561000D4F83401A4380BF060F820460AF0B1F851
:10562000054600BB0146204609F078FF00F1AE06B2
:10563000D4F83401B04209D2301A0321192838BFF6
:1056400019200BF0C4F860B10BF049F8C4F83461CC
:1056500020460AF0D8F845B12046BDE8F8430AF0E4
:10566000D3B80125F2E70025F2E7D4E95023C4E9D5
:105670004A23BDE8F883BDE8F84303F0A9BE09F06A
:1056800073FF04238146884684F839310BF023F8F0
:1056900007220F46A9FB023102FB0811D4E94A5246
:1056A0005B1941EB0205D4F810213AB159EA08021E
:1056B00004D0984277EB050228BF012684F83861B0
:1056C000D4E95226121A66EB070694F8581139B934
:1056D000012A76F100010BDA204601F0FBF903E024
:1056E000012A76F10006F7DB002384F85031C0E789
:1056F000984277EB05010FD259EA08080CD01B1A23
:1057000065EB07019A4276EB010005DB012B71F195
:105710000000A4BF1A460E460C49012304F1E8001C
:10572000914284F851314FF0000384F83031B34195
:10573000B8BF0A4604F5987105F0B6FE002898D166
:1057400040F2B26152E7EF2150E700BF0040420F44
:105750002DE9F84304460E46154690F8503103F003
:10576000FF07002B40F0948000F1E80839467822CA
:1057700040460BF057FA2246464940460BF0D2F815
:10578000C4F81061FF2384F8503166B1FEF7D2FCF3
:1057900000F0070032464049013086F80C0206F559
:1057A0000E700BF0BFF840F202434FF00009A4F86E
:1057B000383184F8309104F0C5FE00F149062046E6
:1057C00009F0DFFF0146B6B2C0B307F083FF00F176
:1057D0002801284689B204F05FFE2844AE3DC4F893
:1057E00034010AF078FF3018A4F8269041F1000146
:1057F000C4E95001012084F814010AF09CF82D1A24
:10580000C4F818514FF0FF356FF000414046D4E91D
:105810005023C4E95251002504F59871C4E9482386
:10582000C4E94A2384F8515142F2107205F03CFE5B
:1058300038BB40F2B9113020FAF7E6FF2046DFF816
:105840005C9009F06BFEAE30C4F83401B9F800008A
:1058500048B1E08C38B1FEF76DFCB9F80030B0FB10
:10586000F3F202FB130006440AF035FF361841F14B
:105870000001C4E95061002DC4D0AD1941F100010F
:10588000C4E72946204609F0C1FF3846BDE8F88341
:105890000C27FAE7E15500000954000088100020A9
:1058A000F0B5002385B0CDE9003303238DF8063031
:1058B0006846FBF725FC88B10123114EB370002325
:1058C000CDE9023302238DF80E3002A8FBF718FC55
:1058D000044638B10023B37005B0F0BD009809F05C
:1058E000B6FBE5E7029D6B7B002BEED005F50E774E
:1058F00038460AF013FF38460AF01CFF6C73E4E7E1
:1059000088100020044B0022DA709A7042F2107264
:105910001A80FFF7C5BF00BF88100020014BD87068
:10592000704700BF8810002008B503F0BBF9044B96
:105930005A6882422ABF9878002080F0010008BD92
:1059400088100020F0B5044685B090F84C3003F084
:10595000FF05002B68D1437B032B65D10AF0BBFE0A
:10596000D4E99E23801A61EB0301012871F1000341
:105970005ADB6FF00103834275EB010104DA40F258
:10598000AA513020FAF740FFD4F8C820E3880AB1C2
:10599000B0FBF2F2013313449BB2A4F82C32B4F8FA
:1059A000E431B4F82C229B1A1BB2002B3CDD04F529
:1059B0000E700AF0B3FE002836D0FF2384F831328F
:1059C000B4F842300DF10E07E588184E1D44B4F8C6
:1059D0004030013DED1AADB2336863B1B4F82C121A
:1059E00000222046013989B29847B4F82C32184475
:1059F00080B2A4F82C02B4F82C32EB1A1B0413D496
:105A0000B4F82C1200230122204689B20097FFF738
:105A10003DFA012808D1B4F82C32BDF80E20134409
:105A20009BB2A4F82C32D7E705B0F0BDA018002037
:105A30002DE9F7430446062900F2A980DFE801F0CA
:105A400004251422282DA100524B9B7803F0FF025D
:105A500053B900920123B0F8E411FFF717FA28B107
:105A600040F2CE61302031E00423637303F022FB67
:105A700005F0A6FC0023E288A4F89232A4F82E22B6
:105A800084F8313203B0BDE8F08303234373F9E7B0
:105A90000AF07DFDC4E9A001F4E73F4B00F1A8083E
:105AA0001B681BB14246D0E9A00198471321B4F806
:105AB000AA00FBF7EBFA002861D094F82131022B01
:105AC0005BD005D8012B08D0DC21B420FAF79CFE6E
:105AD000033B012BF8D81E3000E00A30858894F88B
:105AE0002101DFF8B090C31E012B8CBF00272827AF
:105AF00009F040FA6430D4F82022373FA842FFB2C0
:105B000034BF2B1A0023D4F8C85099188D428ABF8D
:105B1000AD1A0025ED1A99F8033023B9D4F8E8300E
:105B20009D4228BF1D46D4F8F06104F1E80008F05A
:105B300085FC064402200AF020FE0221AD1B25EA66
:105B4000E575854228BF054628460AF040FE10B19B
:105B50002E440AF0C4FD01233A463146404608F07F
:105B600079FDD4F8F031C9F80400D4F8C80018441D
:105B700003B0BDE8F0430AF0B0BD1430AEE796259F
:105B8000ADE7A83003B0BDE8F04309F00ABA40F22F
:105B90009C7167E7881000209C180020014B18803A
:105BA000704700BF88100020044B1A78012AD0B239
:105BB00003D01878831E5842584170479010002037
:105BC0000C4B4FF47A7253F82130023903F2E73369
:105BD000C9B2B3FBF2F3022900F1FF3210B54FEA6C
:105BE000C21296BF044CF02134F81110134400FB8C
:105BF000013010BD6C600200C45E0200D928F0B50F
:105C0000054628BFD925BDF814600446303501F596
:105C1000A57006F00207ADB2FF2D28BFFF2516F0D4
:105C2000010621D10FBB002B00F0C580911EC9B227
:105C3000022996BF7B4D40F6480135F81110084403
:105C4000D92C7FD9D93C951EF721A4B2EDB2002BF7
:105C500000F0CF80F634022DB4FBF1F400F2C680E0
:105C6000714B33F815306BE0EFB1911EC9B20229C8
:105C700097BF6E4D4FF4147105EB4101C988014483
:105C8000D01E012837D801F614409830002E3BD0A2
:105C9000023AD2B2022A97BF644BC02303EB4203FD
:105CA0005B8A18444EE053B1911EC9B2022997BFD6
:105CB0005E4D40F6480105EB41018989DFE7032A83
:105CC00005D1691D89B2890101F5C871D7E7042A98
:105CD00005D1691D89B2090101F5BF71CFE7022A1B
:105CE0000BBF05F10B0105F10A0189B289B20CBFA6
:105CF0008900C900C3E7022A01F19C0114BF4FF4D7
:105D0000B070B4200844C0E7EBB1911EC9B20229BB
:105D100096BF474D40F6480135F81110D92C08447C
:105D200010D9D93C951EF721A4B2EDB24BB3F6348D
:105D3000022DB4FBF1F459D83C4B03EB45031B8B0C
:105D400003FB0400F0BDF12C214628BFF121032AFA
:105D500005D1133189B2890101F5C871DEE7042A42
:105D600005D1133189B2090101F5BF71D6E7022AC5
:105D70000BBF1931183189B289B20CBF8900C90033
:105D8000CCE7B4FBF1F3022DDBB239D8294931F865
:105D9000151001FB0300C3EB4311C3EBC103E41A6D
:105DA000A3B2002BCED00833032A9BB22BD19B0188
:105DB00003F21A4375E7032A06D10535ADB2AD01EA
:105DC00005F5C87528443BE7042A05D10535ADB271
:105DD0002D0105F5BF75F5E7022A0BBF0B350A3516
:105DE000ADB2ADB20CBFAD00ED00EBE740F69213E3
:105DF000A6E7B4FBF1F3022DDBB201D80E49C6E7EA
:105E000040F69211C5E7042A03D11B0103F546733E
:105E100047E7022A0BBF9B00DB0003F5BB7303F5CA
:105E2000CD733EE7D05E0200DC5E0200C45E02007D
:105E3000D05E0200DC5E0200DC5E0200294B5A6A82
:105E400010B5D2F80F30C0F8CC30537D117D1B0453
:105E500043EA0123D17C0B436FF45061C0F8D43086
:105E6000B2F81930591806298DBF40F2E241A3F566
:105E700050634FF47A714B438EBF00214B43012195
:105E8000C0F8C83080F82A11937DF9B103EB830381
:105E900003EB83039B00A0F8DC30B2F81730F1B1BC
:105EA00064214B43C0F8D830B2F81B30A0F8D03092
:105EB000B2F81D30A0F8D23092F8243003F01F025F
:105EC0005B0980F8232080F82B3110BDC3EB43140D
:105ED00003EB840303EB83035B009BB2DBE740F23D
:105EE000E241DEE7901000200346074A506AD3F8EB
:105EF0006920C0F80320B3F86D20A0F8072093F8BC
:105F0000681007F0B9BF00BF90100020D0F88030B3
:105F100073B50BB101221A604388DB0727D5002334
:105F2000144E056ACDE9003302238DF80630FF23B5
:105F300033776846FBF7E4F8C8B9009CA542F8D06F
:105F400005F1B40395F8B32004F1B40194F8B3005B
:105F500007F05EFD0028ECD094F8AC30B4F8B12026
:105F60003377D4F8AD30C6F81D30034B9A8002B0B9
:105F700070BD00BF90100020AD10002038B5084D56
:105F8000044600F169010623686A002208F053F80C
:105F900094F86810686ABDE8384007F06DBF00BF2C
:105FA0009010002070B504460E461346407F658869
:105FB000324615F0040118BF04F17701FDF75CFDCE
:105FC0004107054621D4C2070BD50123607F84F821
:105FD0006830FDF7B5FD0368C4F869308388A4F81C
:105FE0006D30AB0701D4012070BD094B0121586A07
:105FF000D4F8773084F87610C0F80930B4F87B30E4
:10600000A0F80D3007F041FFEDE70020ECE700BFFE
:106010009010002010B50446084694F8D8306BBBA9
:106020002378082904F1DB0284F8D93016D004F172
:10603000DA01FDF7F7FC20B94FF477612D20FAF76C
:10604000E3FB94F8DA3043F0020384F8DA3004F129
:10605000D0000B49BDE8104008F045B9094B586A1B
:10606000034613F8031BC1F3801184F8DA10D0F84B
:106070000310C4F8DB109B889380E8E710BD00BFD5
:1060800039F200009010002070B504460E46154607
:10609000FCF7B2FF98B92378A4F8C16084F8C03047
:1060A000637C84F8BF500BB194F8483004F1B6001B
:1060B00084F8C3300249BDE8704008F014B970BDDF
:1060C00015F4000038B5B0F8483004461A4D0133D5
:1060D000C3F30E03A0F848302B7B2BB103F00CF96F
:1060E00002F0DCF900232B7300232B7094F8893025
:1060F0002BB101212046BDE8384009F00AB8637C85
:10610000BBB1B4F848209A4213D30121204609F0CC
:1061100000F863882046DB0747BF236A43224322F7
:106120004FF6FF7148BFB3F8AA10BDE83840FFF73B
:10613000ABBF0021DEE700BF9010002010B5FFF7D5
:1061400033FD064C28B1237B1BB103F0D5F802F0D8
:10615000A5F9A06ABDE81040FFF7B4BF9010002079
:106160002DE9F0410746FFF71FFD054620B940F62F
:1061700082412D20FAF748FB214CA26A166A0EB123
:1061800096F829611FB3616A02F1690392F86820E9
:1061900011F8097BF80907F03BFCC0B13146606A91
:1061A00007F098FE98B1A56AFFF7FEFC10B940F61B
:1061B0005C41DEE723782846E26A07F00F0103F12D
:1061C00080435269013B52F8233098470546237BB0
:1061D0001BB103F091F802F061F97DB1A06A08F0FB
:1061E00051FF30B102F00AFFE36ABDE8F0419B685D
:1061F0001847A06ABDE8F041FFF764BFBDE8F08131
:10620000901000200346074A906A03B909B9FFF7C6
:1062100059BF1378D26A03F180431269033B52F8E5
:10622000233018479010002003292DE9F04305463C
:1062300085B0174607D14388980723D40024204609
:1062400005B0BDE8F083428890F88830D107DBB212
:10625000F4D5002BF2D14FF00108DFF8D49099F873
:106260000C60C6B107F018FC0828387016D002AAD6
:106270000DF10701FDF7D6FB38B940F6F7612D2087
:10628000FAF7C2FA4FF00208E7E702A99DF8070003
:1062900008F0CEFD06463B78082B08D1D9F824102B
:1062A00011F8030BC0F3801008F0C2FD0646D9F8C0
:1062B000241005F1700395F86F2011F8030BC0F35B
:1062C000801007F0A5FBD9F82410044611F8030B41
:1062D000C0F3801007F0D6FB8146FDF743FC40B1C8
:1062E000B9F1080F1BD04846FDF7C8FA80F001034A
:1062F000D8B23A78082A14D01CB96C7FA21A54423A
:1063000054416A8853079AD4002897D176B9EC7C17
:10631000444518BF002C0CBF012400248FE7002047
:10632000E7E780F001022240D4B2EAE7344686E78C
:10633000901000202DE9FF4108230DF107020521EF
:1063400004468DF80730FFF76FFF054620B900259A
:10635000284604B0BDE8F081FCF704F906460028A1
:10636000F5D1344F0DF10808216A7A6A91F817C007
:10637000104610F8033BC3F3401303EA0C03CB753C
:10638000D2F80330C1F8AD308388A1F8B13011469E
:10639000D4F820C011F81F3BC3F380138CF8AC3045
:1063A000D2F81F000B79029060468DF80C30FFF791
:1063B00045FD434694F912200121206A08F0A0FF10
:1063C000216A84F895602046B1F8AA309DF807202C
:1063D000A4F89630FF2384F8B3304FF6FF73A4F887
:1063E000B43008F0B8FF144904F18C0007F07BFFCB
:1063F000FCF702FE60B9236A04F1C4000F49B3F848
:10640000AA20A4F8CD20DB7D84F8CF3007F06BFF05
:10641000236A00222046B3F8AA10FFF735FE084B86
:1064200000221B683A70002B92D02146206A9847C0
:106430008EE700BF90100020A3F2000023F20000BE
:10644000A8180020032973B5044604D005292BD0D1
:10645000012002B070BD08230DF107028DF807304E
:10646000FFF7E2FE0028F3D0237C23B19DF807104C
:106470002046FFF7CFFD114D0622042620466B6A09
:106480005A701E70FFF730FDA16D94F85C20686AA9
:1064900007F011FD686A2E7002F0BCFE0021686AE8
:1064A0000AF08CF80020D4E7054B1B68002BF9D0CC
:1064B000984780F00100C0B2CBE700BF90100020E9
:1064C000A4180020F8B504460F4619B300F13005B2
:1064D000284609F00DFAA0B963881A072ED5284678
:1064E00009F01BFA0646284609F002FA301AC0B233
:1064F00009F021FA494A536803442846536009F0D9
:10650000D6F9284609F0D8F902F0CEFC21792520E9
:1065100002F0ECFB414E002394F87620706A037081
:1065200043706388103B0D2B68D8DFE803F0636786
:106530005F0C674467676767676767442046BDE825
:10654000F840FFF7BFBD06234370202303702046A9
:10655000FFF7CAFC638823F008039BB2152B05D014
:1065600094F85420216D706A07F096FC706A02F06E
:1065700051FE0021706A0AF021F8032321790020DE
:10658000337002F0B3FC054607B9B06063881B079F
:1065900004D509F0CDF90544C4F81C516388103BBB
:1065A0000D2B36D8DFE803F038352F2F352F353552
:1065B00035353535352F0C2321214370034603F83B
:1065C000091B52B1D4F877200121C0F80920B4F892
:1065D0007B209A8007F059FCB9E7226FC0F80920A8
:1065E000B4F874209A8094F86F10F3E706230370D0
:1065F0004370ACE7022303700623F9E740F25961C8
:106600002D20FAF701F921790120BDE8F84002F0C8
:10661000A7BE40F6F541F3E7F8BD00BF901000209B
:1066200038B543880446102B04D10121BDE8384019
:10663000FFF748BF0B4D2B7B23B101F009FF402032
:1066400002F04EFE686A02F0E5FD608810F004007A
:1066500002D1217902F084FE002002F029FE0123FC
:106660002B7038BD90100020024B0121986AFFF773
:1066700029BF00BF9010002010B5144C237B1BB124
:1066800002F03AFE01F00AFFA06A08F0FBFCA16AE2
:1066900018B14B8803F0180323B90846BDE8104031
:1066A000FFF710BDFFF780FA20B940F686312D20A4
:1066B000FAF7AAF823780846E26A03F18043D26821
:1066C000013BBDE8104052F82330184790100020DD
:1066D000064810B5037803F0FF042BB924222146A5
:1066E0000AF0A0FA204610BD0C24FBE79010002011
:1066F00010B50023094C2370FCF770FC6062FFF7B3
:10670000E7FF20B14FF442712D20FAF77DF8E36ADC
:1067100013B940F20B31F7E710BD00BF9010002015
:10672000014B024ADA62704790100020386B00007B
:10673000044B054A1A60054B054A1A60054B064A88
:106740001A607047A418002035630000A8180020C4
:10675000D3F00000AC180020216800002DE9F041C2
:10676000067D0446B31E06F0FD06DBB2012B8CBF8E
:106770004FF000084FF00108371E18BF0127012B0A
:106780001AD800F1700190F86F0007F07BF9054608
:1067900063889B0617D4082D10D186B3FCF72CFC18
:1067A000B8BBE37E93B3D4F81530C4F86930B4F8BD
:1067B0001930A4F86D3006E00825E9E72846FDF712
:1067C00069F80028E9D1657784F81C8084F868703E
:1067D000FDF722F9054609F07EFF00220F4B84F8F1
:1067E0007620E5FB0301C4E9180111462046FFF7B6
:1067F000D9FB60B940F2A3412D20FAF705F804F166
:1068000069013046FCF7D4FE0028DCD10020BDE849
:10681000F08104F169010120F4E700BF40420F005C
:106820002DE9F04385B00823052104460DF1070248
:106830008DF80730FFF7F8FC00287DD0FBF792FEBB
:10684000002879D13E4D02AF206AFFF7F7FA6B6A54
:10685000D3F81F0093F8232002903A71226AD3F8EC
:106860000310C2F8AD10B3F80710A2F8B1101B78EE
:10687000206AC3F3801380F8AC30324B1B6813B12D
:10688000012221469847D4F820800E23686A082602
:1068900098F8AC90002243704FF00301C378067063
:1068A00003F03F03C37007F0E5FB2046FFF766FBEC
:1068B0004946686A07F0E9FA0623012208F1AD01AA
:1068C000686A07F0B8FB6179FF2002F00FFA686A86
:1068D00002F0A0FC0021686A09F070FED4F8208064
:1068E0002046414608F060FF3B46014694F91220DD
:1068F000404608F005FD216A00239DF80720204648
:1069000084F89530B1F8AA30A4F89630FF2384F8C3
:10691000B3304FF6FF73A4F8B43008F01CFD236ABF
:106920002E70B3F8AA20A4F8CD20DB7D84F8CF30F8
:10693000012005B0BDE8F0832046FFF7C3FBF7E771
:1069400090100020A81800202DE9FF41564F044662
:106950003A7802F0FF0312B90278FF2A04D140F618
:10696000DD112D20F9F750FF7B60FB817B7380F8F0
:1069700089304E4B684604F1300500934C4B01932F
:106980004C4B0293FB6A5B68039302F02DFC02F010
:1069900017FA02F0B1FC01F081FD474802F07AFAE3
:1069A000464802F01BFC284608F081FF284608F004
:1069B00083FF02F079FA2179252002F097F994F902
:1069C000120002F061FA04F15001E06C05F05EFF84
:1069D000064604F15801E06C05F07FFF8046002E6A
:1069E0003AD094F82430BBB3B4F94850ED43ED0FDE
:1069F000237F13B963885B0709D56FF00043D4E99F
:106A000018129A4208BFB1F1FF3F2FD1ADBB94F8E5
:106A10008B301BB946EA0806F6B2AEB1638813F0B4
:106A2000100511D1606CC0F30B2008F0C8FE94F87B
:106A3000463084F84500C0F3032023F00F030343DE
:106A400084F8463084F88B50786A0330FDF702F8FA
:106A5000387304B0BDE8F081B8F1000F04D094F8A9
:106A60002550002DC0D1C3E74546C1E709F033FEEC
:106A7000D4E9182390429941C8D3012229462046DF
:106A8000FFF790FA50B1FCF7C7FF054609F023FE67
:106A90000B4BE5FB0301C4E91801B8E7002DB6D0A4
:106AA00040F61C215DE700BF9010002079660000D1
:106AB0006161000005620000D6BE898E5555550003
:106AC00040420F00024B9862DB6A1B68184700BF08
:106AD0009010002043881A0710B504460FD5036AAA
:106AE0003C2210498C304272B3F8AA304381FF2314
:106AF00080F827304FF6FF73038507F0F4FB6388B7
:106B00002046DB0747BF236A3C223C224FF6FF7139
:106B100048BFB3F8AA10FFF7B7FAFF2384F889300B
:106B200010BD00BFA3F200005BF40000216600006E
:106B300061F4000045640000D1F700003D610000F1
:106B400069660000286B00002C6B0000346B0000AD
:106B50000138022808B503D9C4212F20F9F754FEC3
:106B600013290A4B05D811290CD8102907D0D22196
:106B7000F3E71529FBD103EB4003D88801E033F894
:106B8000100008BD03EB40039889FAE7E65E0200B7
:106B90002C4A38B50346948810681C43402B9480D7
:106BA00004D10421BDE83840FEF742BF802B01D15B
:106BB0000521F7E703F00304032C04D140F6A431C8
:106BC0003120F9F721FEDD0706D50C6891602478A5
:106BD000062C1AD00B2C22D09C0711D50C682178DA
:106BE0000729117329D00B2922D0052908D1C17B8F
:106BF000182905D1002400250121C0E91E45017591
:106C00009B0644BF0823537338BDC47B1C2CE3D1BF
:106C100000240025C0E91C450124C474DCE7C47BC2
:106C2000122C01BF0024C474012480F85240D3E721
:106C3000C17B1129E4D10021E1E7617880F8A0103F
:106C4000DEE700BFC01000200C4A0346517B89B923
:106C500010683BB9B0F81011B0F8F420914209D88F
:106C6000FEF762BE93881B0706D5007C083818BF64
:106C7000012070470020704701207047C01000209D
:106C800073B5044600680D46036813F0300F49D110
:106C9000B1F805101A2904D9B5F80730B3F5A47F67
:106CA00006D22978204602B0BDE8704007F0DBBD6F
:106CB000B5F801201A2AF4D9B5F80360B6F5A47F17
:106CC000EFD3E830009607F0EEFB174B9A88920757
:106CD0000DD51B7B142B0AD12268136843F01003D7
:106CE0001360204607F07DFD002002B070BD2368D0
:106CF0009A7B212AF0D093F82F31002BECD1236816
:106D000093F82E31002BE7D123681A6803F1E801CC
:106D1000B3F8AA0042F020021A6003F5B472FDF73E
:106D2000D1F9DEE70120E0E7C01000202DE9F843AB
:106D3000894D06462C68002840F0CC80AB881907A6
:106D40004FD594F89E302A2B16D00CD81C2B13D07C
:106D5000222B18D094F89E30FE2B20D140F2FB510C
:106D60003120F9F751FD3C2BF4D17C4B1B68002BF3
:106D7000F0D028469847EDE7002384F84131764863
:106D800007F027FDE6E784F84201754B1B68002BEE
:106D9000F5D004F5A17104F1A4009847EFE7FE23B4
:106DA00084F89E30E37B1E2B06D100276A4884F8C6
:106DB000517007F028FDE773A37B372B33D0432BAB
:106DC00039D0242B06D1E37B243B072B94BF2B2304
:106DD0002523A373237C082B02BF0223AB7384F803
:106DE0009E30AB88DA074ED5D5F80080A96898F8B0
:106DF0000F30D1F80090113B99F800700F2B0BD891
:106E0000BB1EDBB2092B00F2A58040F2333222FA1E
:106E100003F3DB0740F19E8009793846FCF74CFF0D
:106E200080B939467FE0012384F8CD320023A37373
:106E300084F84A30CEE7002384F85031464807F002
:106E4000C8FCC7E7012F01D9162F4ED198F80E00C4
:106E500007F0F9FC40B198F80E30242B04D0252B14
:106E600034D12B2388F80E303846FDF763FC0346F7
:106E7000002849D1FF2FD4D12B69002B51D02B688A
:106E8000012283F8CE22AB88580704D5227C072A3A
:106E900004BF0122AA7399074CD5287B01222B68D5
:106EA0000D2883F89F2042D011284CD007284CD0C1
:106EB000FDF74AFC034600283AD12A7BFF2A46D137
:106EC0002A68372182F8CC02917333E0162F14BF61
:106ED000022620266B7B1B0704D5E37B113B0F2B7F
:106EE00098BF08263046BDE8F883112F15D005D885
:106EF000072F14D00D2FB7D11A4B05E0142FB3D1A3
:106F0000194B1B68002B8CD0AA684946124812798D
:106F100098470028B7D00646DCE7144BF4E7144B3B
:106F2000F2E799F800100C4807F09DFCF1E7114BCF
:106F300009489847AB88DA06CCD5E37B0A2BC9D140
:106F40000B23E373C6E70C4BF2E70C4BF0E740F280
:106F5000EE5105E70826BDE7C010002010190020FB
:106F6000D41800206D700000B4180020DFFA000073
:106F7000C57000003FF900008BF90000F9F900002E
:106F80000029034608BF1F21252870B514461AD8CA
:106F9000222846D81D2812D80D2801D8002070BDFF
:106FA000A0F10E060125F6B2B54040F2512635405B
:106FB0001CD116281FD01D28F0D1254A32E02028E8
:106FC000ECD1244A2EE0262836D0A0F12E02D2B2EF
:106FD000102AE3D8012040F295159040284233D181
:106FE0000D2A33D0102AD9D11B4B26E00021BDE851
:106FF000704008F028BD1668B37B252B09D12046C8
:10700000FCF78CF986F838510023B37386F84A30C0
:10701000C4E72B2BC2D1F37B243B072BF4D92A21C5
:10702000EDE70E4A1568002DB8D00A4620461946ED
:107030002B46BDE870401847094B1B68002BADD0AC
:107040002046BDE870401847064AEBE7064BF4E7D8
:10705000C4180020CC180020FC180020B81800200C
:10706000D8180020E41800201819002002460068F3
:107070004978837B212B17D00ED8042B16D00F2BE9
:1070800016D0C07B272817D0333BDBB21C2B15D87A
:107090000B48C05CFFF774BF2B2B03D02D2B09D0FE
:1070A000252BEED11620F5E71420F3E70E20F1E7AB
:1070B0001220EFE72320EDE71720EBE7FE20E9E7BA
:1070C000F85E020013B54C7802683E2C937B6DD8B5
:1070D000222C07D8A4F10E02D1B20F2940D90020EA
:1070E00002B010BD233C1B2CF9D801A252F824F0A9
:1070F00017720000DF700000DF70000035720000C2
:10710000DF700000DF700000DF700000DF70000043
:10711000A7720000DF700000DF7000003D72000009
:10712000DF7000006B720000DF7000007F720000F3
:10713000DF700000DF7000009372000057720000E3
:10714000DF700000DF700000DF700000DF70000003
:10715000AB720000DF700000DF70000039720000C9
:107160000F2ABCD801A151F822F000BFC171000064
:10717000DF700000DF700000DF700000C1710000F0
:10718000DF700000C1710000DF700000D1710000ED
:10719000C1710000DF700000DF700000DF700000D0
:1071A000DF700000DF7000002B720000FF2C96D112
:1071B0003F4B1B69002B92D0012382F8CE328EE721
:1071C00002460121204602B0BDE8104008F03BBC59
:1071D000252B01D02B2B82D1019007F0FAFA0198D0
:1071E0000368DA7B262A3FF47AAF93F863201A21EA
:1071F00022F0010283F86320026892F8633023F0E2
:10720000080382F86330FCF789F8019800220368CC
:1072100083F8382163E72D2B7FF461AF254B1B6882
:10722000002B3FF45CAF984759E7362B7FF457AFFC
:10723000214BF4E7214BF2E7214BF0E7382B02D04A
:107240004F2B7FF44CAF1F4B1B68002B3FF447AF15
:107250002E21984743E7392B7FF441AF194B1B6828
:10726000002B3FF43CAF3621F3E73A2B7FF437AFE6
:10727000144B1B68002B3FF432AF3021E9E73E2B63
:107280007FF42DAF0F4B1B68002B3FF428AF32214A
:10729000DFE7442B7FF423AF0A4B1B68002B3FF43E
:1072A0001EAF3521D5E7084BB9E7084BB7E700BF5C
:1072B000C0100020BC180020C8180020DC180020D6
:1072C00000190020E8180020081900201C190020CF
:1072D0002DE9F34790F8DA8204460D4690F8DB6218
:1072E000B8F1000F3BD190F82071002E39D194F8FD
:1072F00021A184F8207184F821A1FF2384F8223190
:107300001A4B04F1A8091B6813B13946484698473F
:10731000174B1B6823B13A46514601A80194984780
:1073200094F83831012B02D058EA060603D0237BAB
:1073300043F001032373484607F0D4F818B1237BC8
:1073400043F00203237306212046FEF771FB00235E
:1073500084F838313DB1A37302B0BDE8F0874746E9
:10736000C3E7B246C5E7E573F6E700BFC0180020E3
:107370000C190020024B0020C3E90400704700BF35
:10738000C010002008B50022044BC3E90422FCF71A
:107390006FFFBDE80840FDF79FBA00BFC010002096
:1073A00073B5514D002604462860AE806E73AE73EF
:1073B000FF2380F84C30B0F8E231002B00F08280DF
:1073C00090F89E30FE2B7DD190F82C31002B79D097
:1073D000037C073B012B75D990F82D310221A0F8D1
:1073E0004460012280F8A03008F0B6FA0221284655
:1073F00084F8EA61FCF7D8FFB4F8E6112046B4F847
:10740000DE300139B4F8E82189B2B1FBF3F313445B
:10741000A4F8E831B4F840300B44A4F8403008F048
:10742000C9FA10B1636B0B446363B4F8E231002610
:10743000012B9CBF0133A4F8E23109B184F8EE615D
:10744000E37B84F8EA610A3B012B0FD8E388B4F8A8
:10745000D8229B1A190409D404F2DA2104F1170086
:1074600006F067FCE673FF2384F84B30B4F8E6219E
:1074700004F1A801204606F0A3FCE37B1B49113B65
:107480001B4A0F2B8CBF002301230093194B286844
:10749000FAF728FE696911B1002009F08EF82C680E
:1074A000237BDA0703D500210F48FBF737FF237B47
:1074B0009B0703D504F25F10FCF7FEFD0023237346
:1074C00002B070BD94F89E10FE2901D0064891E7E5
:1074D000094B1E68002E8FD009F0A7F902460B4613
:1074E0000148B04788E700BFC0100020916B000042
:1074F000496C00000D75000020190020024B18692E
:10750000003818BF01207047C01000202DE9F04F4F
:10751000DFF8E4810F4687B08146B8F80410D8F848
:1075200000408D05204655BFB4F8402000230132AD
:10753000A4F840304CBF84F8EE31A4F8402008F0A5
:1075400039FA38B10B4604F5AB7204F1A8012046B4
:10755000FDF740FBB8F8043003F4C06333B1A37CFB
:10756000002B00F0A080032B00F0A380A27CB8F8D1
:107570000430012A03D1180544BF0222A274B9F1D4
:10758000000F40F00381590657BFB4F808224A465D
:10759000013292B2A4F8082203F00A020A2A0FD19B
:1075A00098F80C20022A0BD123F008033846A8F8DB
:1075B0000430FFF7BBFB38430823C7B2A8F80430F8
:1075C0003846FFF7B3FBD8F810303843C7B2002B6A
:1075D00050D01422002101A809F024FB94F82101C5
:1075E00001F09AFF054694F8210101F08DFF05F5A1
:1075F000FA754FF47A7394F82911B5FBF3F5B4F8E2
:10760000AA300544D4F8C800ADF80430E388ADF8DA
:107610000A50ADF8083006F0D5FA94F8CE32ADF83D
:10762000060033B1D8F808301A689B8804928DF8A8
:10763000143094F8CD2201A89DF80C3062F30003B9
:107640008DF80C30D8F8103098470023049A84F84D
:10765000CE3284F8CD326AB194F8CC3253B9A37BE0
:10766000372B07D09DF8143023B11178FF2924D18E
:107670001B2B29D9D8F8006096F89E30FE2B4BD1F1
:10768000002F49D1337C073B012B45D996F82C318B
:1076900013B396F82D3101220221A6F8447086F822
:1076A000A030304680E10121A1742046FEF7C0F9E8
:1076B0005CE702230121A374F7E70729DAD1022B43
:1076C000D8D15178FF29D5D10121C4F8D02284F82E
:1076D000CF3284F8CC12CDE796F80FA0AAF1100AA9
:1076E0005FFA8AFABAF1100F40F21B813368DA07A9
:1076F00004D53A460921D4E7C01000209D0740F187
:10770000A3803A460C21304608F026F996F853300B
:1077100043F0010386F85330B4F8E83194F8EB51A4
:107720000133A4F8E831002D00F02283FAF7E8FDD8
:1077300010B10023A4F8E831B4F8AA0008F089FADF
:10774000A37C8246012B40F25483237C082B40F01B
:107750002783B4F84030022B40F24B83B4F84250F8
:107760000135ADB2E38801A920462B44A4F8E031ED
:107770000123ADF8043005F075F9002800F03D83D1
:10778000BDF80430E2881344A4F8E431B8F80430BA
:10779000D8F800505E0657BFB5F8F4310023B5F8AD
:1077A000E6219B1858BF9BB2A5F8F43195F82C310F
:1077B0001BB92B7C073B012B06D8B5F84430B5F834
:1077C000E6211344A5F8443095F84A1031B1B5F8D4
:1077D0004630B5F8E6211344A5F8463095F9502017
:1077E000002AC1BFB5F84E30B5F8E6011B18A5F860
:1077F0004E3095F831306BB9B9F1000F40F0A483E9
:1078000098F80E30022B40F05B8395F8A030062BE1
:1078100018BF162395F8302022B9AB4885F83130CF
:10782000FCF7F4FF284608F092F9A84B1B681BB13F
:10783000A74A204611689847002384F84C3007B0C7
:10784000BDE8F04FFBF784BE580702D53A46132136
:1078500027E7190706D596F898303A4686F8A030FB
:1078600007211EE71A0602D500221B2119E713F093
:10787000300138D096F82F31002B72D196F82E3186
:10788000C3B1F37B06F1A80006F5977106F2DA2280
:10789000292B26D0B37BA3F129056B426B4106F05F
:1078A000D6FD336823F0200343F010033360002338
:1078B00086F82E313368DA0653D506F1A80006F0B3
:1078C00011FE18B106F25F10FCF7F6FBB6F80A31AC
:1078D00000221521A6F8A030B6F80E31A6F8A23085
:1078E000DFE60123DBE713F0400202D00A46242141
:1078F000D7E613F4807101D01E21D2E613F4007292
:1079000002D00A462F21CCE613F40051FAD113F429
:10791000806202D00A463121C3E6DB0421D52C2146
:10792000BFE6D8F80050EB7B182B49D014D8112BA8
:1079300037D0162B3BD0B37B002B40F08880F37BF5
:10794000103B102B40F28B8096F83E30002B00F05D
:10795000868001221221A4E6202BECD13A46062192
:1079600021E0D8F80050EB7B3D2B64D00CD82F2BB6
:1079700067D0352B53D0262BDDD195F83831022B2B
:1079800050D1002217210EE0452B57D04E2B5BD053
:10799000402BD0D14F4B4C481B68984700223321D5
:1079A00001E03A460B21284607F0D6FFB4E6284608
:1079B000FCF7A0FF00283FF4AFAE00220421F2E75D
:1079C00095F8C832012B07D13A460521284607F021
:1079D000C3FF85F8C8729FE695F8C832022BD9B26A
:1079E0007FF49AAE95F8523053B106233A4685F8A3
:1079F000A030284607F0B0FF002385F8C832EAE738
:107A0000D8F8003040F20632A3F89A203A4695F8AA
:107A1000623013F0040F0CBF0D211121E9E70022A1
:107A20001121C0E795F83831012B84D195F839310F
:107A3000002BA6D07FE700222D21B4E700223A21B7
:107A4000B1E700222021AEE700223C21ABE7092B61
:107A500005D196F89930012286F8A03000E7BAF1F6
:107A6000100F7FF659AED8F8005095F80EA0BAF175
:107A7000000F40F0C28095F83F313BB101220E214A
:107A8000284607F069FF85F83FA1A4E795F83E3145
:107A900083B195F853A01AF0030B0BD14AF0010AF9
:107AA00001220C21284607F057FF85F853A085F8DE
:107AB0003EB190E795F84031B3B195F86930DB09F4
:107AC0000AD001222B216EE7C0100020D018002020
:107AD00098000020F81800209D4B1B68002B00F038
:107AE0008C809C48984788E095F82E312BB395F808
:107AF0002F3113BBEB7B05F1A80005F5977105F25B
:107B0000DA22292B17D0AB7BA3F1290673427341EC
:107B100006F09DFC002385F82E3101221421284611
:107B200007F01AFFB5F80A31A5F8A030B5F80E3104
:107B3000A5F8A230F0E50123EAE795F83831012BEA
:107B40006FD195F83931002B6BD1E87BA0F124037C
:107B5000072B66D995F820114B1EDBB2032B0AD8F0
:107B6000DFF8F4C1634493F81DE095F82131013B3F
:107B7000DBB2032B04D94FF43F710620F8F744FE23
:107B8000BEF1020F95F83A2114D0BEF1030F13D0C5
:107B9000BEF1010F04D1012A14BF002201226AB9EB
:107BA000A0F14703012B28D90A38042825D901223E
:107BB0001621F8E6022AEFE7042AF1D163445A7F3E
:107BC00095F83B31022A24D0032A24D0012AE7D198
:107BD000012B14BF00230123002BE1D0EB8805F516
:107BE0003672B5F83C0105F088FE8246B0B9014610
:107BF0005848FBF793FB85F838A1B37B002B7FF443
:107C00008BAD96F8CC32002B3FF486AD0122FF21DC
:107C100047E5022BDDE7042BE0D0C1E72C23AB7353
:107C20007AE595F8423113B101222221BBE695F89D
:107C3000413143B1494B47481B689847FE280146EC
:107C4000DBD00122AFE695F84A3113B101221D21A4
:107C5000A9E695F84B316BB195F86730DB0902D096
:107C600001222E219FE63E4B01220C2139481B6840
:107C7000984751E595F84C3113B10122362192E62F
:107C800095F84D3113B1012230218CE695F8503131
:107C900013B10122382186E695F84E3133B1314BCC
:107CA0002C481B689847012232217CE695F84F3119
:107CB00013B10122352176E695F8513113B1012235
:107CC000262170E695F8D43213B101223E216AE6EE
:107CD00095F85231B3B1DFF87CA01221DAF8003008
:107CE000B3F8AA00F9F7D2F903699B0706D51E4B32
:107CF00050461B68984701223B2154E61B4B5046D7
:107D00001B68EFE695F854318BB195F8393173B9AA
:107D1000EB7BA3F12402072A09D9AA7B3E3A042A65
:107D200005D93E3B042B02D9012223213BE695F8DD
:107D30005331012B05D1002385F853310122252130
:107D400031E695F85331022B7FF457AFF3E700BFCC
:107D500008190020C0100020F85E0200B0180020B2
:107D6000EC180020F4180020141900201C19002021
:107D7000FAF7B2FA08B1A4F8E851FAF7C9FA0028FC
:107D80003FF4DAAC94F8EE310133DBB2022B84F825
:107D9000EE3182BF0023A4F8E83184F8EE31CBE461
:107DA00094F83E3013B1A37B0F2B22D1B4F842508C
:107DB0002046B4F840200135B4F8DE30AD1A990001
:107DC000A5EB830507F0F6FDA8B1A36B626B013349
:107DD0009B1A5B1A9D42A8BF1D46BAF1000F05D041
:107DE000BAF80E30043B9D42B8BF1D46012D3FF747
:107DF000B8AC0125B6E42B46ECE7DFF858B1B4F88F
:107E0000DE60DBF8003073B1012E0CD9FAF76AFAA4
:107E1000DBF800300246E18820469847BDF8043080
:107E20001844ADF8040094F8EC31002B3CD1012D3E
:107E30003AD9E37B0BB10B2B36D1A37BA3BB237CBD
:107E400093BBA37C022B2FD194F8EE3163BBD4F803
:107E5000C00004F062FB38B394F89E30FE2B23D1AF
:107E6000B4F8E231012B1FD9B4F8E821B4F8D030CE
:107E70009A4219D2BAF1000F02D0BAF80E1099B98D
:107E8000013D9B1AADB29BB2B5FBF6F59D4228BFF2
:107E90001D46BDF8043005FB0633003D18BF012523
:107EA000ADF8043084F8EA512B4B1B68002B3FF4EB
:107EB00067ACBDF8041020469847ADF804005FE4B5
:107EC000012B08D16B7C002B7FF4A4AC0021284649
:107ED000FDF7AEFDA9E45FB1F80633D4390733D41A
:107EE000BA0633D4BB0733D14FF43161312045E6B4
:107EF00039B1B5F84610B5F84830994201D322237C
:107F000088E4002A05DDB5F84E20B5F848309A42DD
:107F1000F5D2B5F84420B5F842309A4209D2AA7C8D
:107F2000B5F8403052B1B5F842209A42CED8082375
:107F300070E495F82C31002BE1D1F0E7052BC5D981
:107F40003E2367E41E2365E43D2363E4232361E4C9
:107F50002A235FE4E0180020F018002073B50446DF
:107F60000190D0F8E002D4F8C830984214D1D4F887
:107F7000E462D4F8D030F61A18BF012694F8EC3237
:107F8000002B3ED0B4F8AA0007F063FE30B940F6EB
:107F900068513120F8F738FC0126EFE7B4F8E82201
:107FA000B4F8DE309A421AD1B4F8EA3282899B1AC8
:107FB00018BF0123A57B472D15D0E27B472A10D09F
:107FC0000025B4F8E62201A8D4F8E012FBF718FE69
:107FD0008DB30023A3730323A37402B070BD0123E8
:107FE000E8E73343ECD0154B1B6813B940F67351E7
:107FF000CFE7A5F14702002101A855425541984716
:10800000DFE7002EDCD0B4F8AA3094F82911A4F8E8
:10801000A73105F0D7FDB4F8E432A4F8A90104F2C1
:108020009D10A4F8AB31B4F8E6320549A4F8AD319F
:1080300006F062F9C4E7E573CDE700BF041900203C
:10804000FFE9000008B5FCF773F9024B024A1A6019
:1080500008BD00BFB4180020816C0000014B024A2B
:108060001A6070470819002085830000074B084AF2
:108070001A60084B084A1A60084B094A1A60094BF3
:10808000094A1A60094B0A4A1A6070470C19002005
:108090005BFE0000101900204300010014190020AD
:1080A0000DFF00001C1900206F03010018190020AB
:1080B00039030100014B5870704700BFD8100020F1
:1080C000014B1874704700BF68110020074B93F9EB
:1080D00000301844142804DC10F17F0F03DB40B299
:1080E0007047142070476FF07E007047D611002053
:1080F0007F2307B50DF107008DF8073001F00AF96D
:1081000003469DF9070053B1094B5B785B425BB2B4
:108110001844142806DC10F17F0F05DB40B203B0D1
:108120005DF804FB1420FAE76FF07E00F7E700BF6C
:10813000D6110020024B00221A705A70704700BFFF
:10814000D611002010B590F8A83053B9084B1B6821
:108150001BB9D7216020F8F757FB0421BDE8104078
:108160001847044B1B680BB9DE21F3E70621F5E73E
:1081700024190020281900202DE9F04106680F4637
:108180001C461546B6F8AA00BDF8188007F0FFFD9A
:1081900080F83170B6F8AA30438696F8521128302C
:1081A000A0F80D50B1FA81F1C473A0F8108049090C
:1081B000490001730249BDE8F04106F09DB800BFD7
:1081C0003BFD0000014B024A1A607047281900204D
:1081D000315A000038B50D4D2B78013B092B03D9DE
:1081E0004F216120F8F710FB1221F8F713FF182335
:1081F0002A78002104465A43103208F013FDFF2369
:108200002373236943F00203236138BDD811002092
:10821000014B1870704700BFD811002038B58B781B
:108220000C460568013B092B0ED84B78013B092B06
:1082300094BF0023012395F8A81081BB33B12146D8
:10824000BDE8384006F020BB0123F4E7EB7B9BBB85
:108250004B23EB7306F0C5FA1221B5F8AA00F8F724
:1082600015FFA378037062780273144A12789A4259
:1082700013D31822013B04F11B0102FB0303E21C90
:10828000103352F8045B8A4243F8045BF9D1437B14
:10829000A27801339A4208BF4273002038BD23B14F
:1082A0002B21BDE8384006F0DEBA2B68DA0403D48F
:1082B00043F480532B60CDE70120EFE7D811002075
:1082C00038B50B680446451C1221B3F8AA00F8F72C
:1082D000DDFE074B427B1B789A423CBF0132D3B292
:1082E00043702846A37008F08BF81B2038BD00BFF0
:1082F000D811002003682DE9F0419A7B06460D460F
:108300004C2A38D11221B3F8AA00F8F7BFFE95F82D
:10831000028047780446474513D118227B1E05F199
:108320001B0102FB0303EA1C103352F8040B8A42C0
:1083300043F8040BF9D1AB78627B934238BF134604
:108340006373304606F045FA6B786278934208D939
:108350000A490978914204D9474502D10020BDE875
:10836000F0812373A01C064905F0BDFF336800228D
:1083700083F84021F2E70120F1E700BFD811002087
:108380004D04010070B5056804461221B5F8AA0035
:10839000F8F77CFE064695F840314BB1204606F0D2
:1083A00018FA0449B01C05F09EFF002385F84031FF
:1083B00070BD00BF4D040100064BD3F8000138B179
:1083C000D3F8040120B1D3F80801B0FA80F04009D5
:1083D000704700BF00600450034B00221A705A70AF
:1083E00010229A70704700BFDC110020F8B50646D5
:1083F000022014460D4600F0CBF8114B114A01271C
:108400005C60191D9A6002F1807203342D011F70A7
:10841000DC601D83C3E904260022243303F80A2C00
:108420000D2203F8092C084AC2F83015074903C980
:1084300083E80300C2F80875C2F83835F8BD00BFFC
:10844000DC1100200300000B00600450BC5F020040
:1084500008B5022000F09CF80D4B01221A70002292
:108460000C4BC3F80021C3F80421C3F808210A4AC1
:10847000C3F8802003F57433C3F88C20A3F5802360
:10848000C3F88C21A3F580530822C3F8042508BD46
:10849000DC1100200060045003000080154A08B57C
:1084A0001378FBB100231449C1F8803001F5743111
:1084B000C1F88C30A1F58021C1F88C3108210F4B17
:1084C000C3F80815FFF778FF88B101235370938E26
:1084D000FF2B03D9BC213B20F8F796F9DBB2937050
:1084E000002313700020BDE8084000F051B81023AD
:1084F0005070F4E7DC1100200060045000200450AC
:10850000094B1A7862B1094BD3F8002152B1D3F864
:10851000040140B1D3F80801B0FA80F04009704777
:108520005878704702207047DC110020006004502A
:10853000064A08B513782BB1FFF73EFF20B192F839
:10854000340008BD9078FCE71020FAE7DC11002029
:1085500038B5084C0025D4F80035032B04BF01239F
:108560006360C4F80055C4F8005501F041FAC4F83E
:10857000805038BD00600450044B4022C3F888206E
:10858000BFF34F8FBFF36F8FFFF7E2BF00E100E053
:1085900010B50446FFF7DCFF012C06D0022C09D0F1
:1085A0003CB18C213D20F8F72FF9074B0222C3F88C
:1085B000002510BD044B0322C3F8002502F1004240
:1085C000C3F88020F5E700BF00600450024BD3F8E9
:1085D000A00300F00100704700C0FF00084BD3F873
:1085E000A423D3F8A833511C9BB203D14FF6FF71DB
:1085F0008B4203D0026083800120704700207047C7
:1086000000C0FF000B4B30B5D3F89053D3F8944320
:10861000D3F89813D3F89C2305EA04030B401340C6
:10862000013317BF05600020446081601CBFC26039
:10863000012030BD00C0FF000B4B30B5D3F8805394
:10864000D3F88443D3F88813D3F88C2305EA0403C2
:108650000B401340013317BF056000204460816068
:108660001CBFC260012030BD00C0FF00074B0022CC
:10867000C3F80022C3F81822C3F82022C3F80C2242
:10868000C3F81422C3F81C22704700BF00A0085092
:1086900010B50D4C01F03F01D4F8203E41F40C31EF
:1086A00023F4702341F4207143EA0243074AC4F8DB
:1086B000203E536823F0030318435060C4F8000DB4
:1086C000C4F8101D10BD00BF00A0085018120020F3
:1086D000064B10B50024C3F87043224621462046BD
:1086E000FFF7D6FF024B83F83C4010BD00A00850B6
:1086F00018120020094B0022C3F84825C3F844256E
:10870000C3F84025C3F84C25C3F85025C3F85021C1
:108710004FF48012C3F80823704700BF0050085080
:10872000EFF3108272B60D4B93F83D1021B15B78D8
:10873000012B04D0022B0ED002B962B6704710F0A4
:10874000040FF9D1064B0021C3F8401503F5A043EF
:1087500001211961F0E710F0020FF2E71812002072
:108760000050085008B5104B187201380F4B0728FD
:1087700015D8DFE800F004080C0A140E10120322CA
:10878000C3F8002508BD0422FAE70622F8E705220F
:10879000F6E70022F4E70122F2E70F22F0E740F6C5
:1087A00045513E20F8F730F81812002000A008507C
:1087B000002814BF0223042307B58DF804300023DA
:1087C0008DF8063008F035F801284FF0FF3088BFEB
:1087D00000208DF8050001A803F060FB20B140F6F1
:1087E0005C313E20F8F710F803F070FB58B15723C6
:1087F000ADF80230BDF802309BB25A1E92B2ADF80D
:108800000220002BF6D1034B012283F83D2003B058
:108810005DF804FB1812002070B5134D034608469E
:108820006E7F26B940F6C1013E20F7F7EDFF63B930
:10883000012EAC69297F05D100F024FF20442B696B
:10884000C01A70BD07F0C0FEF8E7012B09D1012E58
:10885000AC69297F02D100F0FFFEEFE707F0BFFE11
:10886000ECE70020EBE700BF18120020124B93F852
:108870002900F8B193F82820EAB193F82A200F4B89
:1088800052B10F4AC3F80821A3F5A043D3F8400121
:10889000B0FA80F040097047D3F8002442F001029A
:1088A000C3F80024D3F8200500F0F600023818BF02
:1088B00001207047012070471812002000A00850C6
:1088C0000B00008013B50B4C01AB94F9092001F0AB
:1088D000DBF89DF8050001F05FF920B140F2E351AB
:1088E0003E20F7F791FF21469DF9040000F050FE6D
:1088F00002B010BD1812002008B5134BDB89952B70
:1089000021D970B9114B28311846D960104901F0AE
:108910002BF90130012816D940F2C2613E20F7F749
:1089200073FF01280CD1094B29311846D960084939
:1089300001F020F90130012805D940F2CC61EDE7C2
:108940004FF4DA61EAE708BD18120020A400002005
:10895000C45F0200074BD3F8502110B532B100229A
:10896000054CC3F85021D4F8203203B110BD08F0F3
:10897000B6F8F8E70050085000A0085008B50E4BB4
:10898000DA89952A16D95B78012B09D101F0F8F81C
:10899000013001280ED940F611113E20F7F734FFBF
:1089A000022B07D101F0F2F80130012802D940F67C
:1089B0001711F2E708BD00BF181200200A4B40F45F
:1089C00009000A4A9B8940F04000B3F5166F36BF94
:1089D000A3F63813A3F5166343F48073C2F808377F
:1089E000C2F84005704700BF1812002000A00850D0
:1089F00010B50C46FFF7B6FE2046FFF7DFFF0D4B24
:108A0000D3F8002442F01002C3F800240A4A127A74
:108A1000082A0BBF40F2022240F20312C3F8442E90
:108A2000C3F8442E14BF40F25B62044AC3F8482ED8
:108A300010BD00BF00A00850181200202110010036
:108A400007B50DF1070003F035FA20B140F69F316C
:108A50003E20F7F7D9FE0D4A9DF807305278012ADB
:108A600004D0022A0ED003B05DF804FB13F0040F0B
:108A7000F9D1074B0022C3F8402503F5A04301229A
:108A80001A61F0E713F0020FF2E700BF181200209E
:108A90000050085038B50C460546FFF763FE2046E7
:108AA0002146FFF78BFF2846FFF70CFF094B1B7A87
:108AB000082B094B0BBF40F2022240F20312C3F80D
:108AC000442EC3F8442E14BF40F25B62034AC3F83D
:108AD000482E38BD1812002000A0085021100100B7
:108AE0002DE9F04106460C461746FFF761FE07F0F8
:108AF000FCFD0028FBD0524D002E56D14FF001084E
:108B000095F8283085F80180002B3BD1A97A3846AA
:108B1000FFF7C0FF95F82A30002B37D0494BC3F838
:108B20000080494B4FF47A7233F8173003F5FA732B
:108B3000B3FBF2F3E41A012385F828302B691C44B7
:108B4000424BC3F8404595F83E302BB1032B57D02C
:108B5000022B51D1002E53D03D4B3C49C1F8C031BE
:108B6000FFF784FE0546002865D00123CB64D1F8C9
:108B70004C35A3425FDA21463046FFF7BDFEFFF7D2
:108B80005FFF59E095F82A30002BCAD1314B4FF4E2
:108B90007A7253F8273003F5FA73B3FBF2F32C4AD9
:108BA000E41A284BC3F80021C5E7012E1FD1022388
:108BB0006B7095F8283083B9A97A3846FFF718FF0B
:108BC00095F82A306BB11F4B5E601E4AD2F8003414
:108BD00043F01003C2F80034ADE795F82A30002BBB
:108BE000F3D1184B293C1A4AC3F80421A3E740F6F5
:108BF00034013E20F7F708FE012BADD1002EABD09B
:108C00002F6C4FF48013114D4FF00008E71B1248F2
:108C1000C5F85081C5F85075C5F8043302F020FB43
:108C20000123EB64D5F84C359F4295D80720C5F851
:108C30005085FBF711FA00252846BDE8F08100BFFA
:108C40001812002000A00850906002000050085048
:108C50000B0000806C600200558900004822002152
:108C6000014807F0DFBF00BF18120020014BD88178
:108C7000704700BF18120020024B012283F82A20FF
:108C8000704700BF18120020024B0344187D00F506
:108C900016607047C45F0200014B187F704700BF29
:108CA00018120020024B98691B69C01A704700BF58
:108CB000181200200A4B1A7FD3E90430C01A094B5E
:108CC00003EB8203DB6BC01A074B53F822304FF4DF
:108CD0007A7203F2F313B3FBF2F3C01A704700BFCA
:108CE00018120020C45F020058600200FF2810B56F
:108CF00004D940F2CB213E20F7F786FD0139072940
:108D00002AD8DFE801F02C310404292C2C2200247D
:108D1000032201214FF0C743234340EA024043EAC4
:108D2000015340F0007043EA0123134943F0080364
:108D3000C1F8203EC1F8280ED1F8203503F0F70322
:108D4000032B17D140F25631D5E700224FF0806453
:108D50004FF000731146DFE74FF44F71CBE700246B
:108D6000032201212346D7E70024032201214FF0EB
:108D70008073D1E710BD00BF00A0085008B50A46B7
:108D800003460C490C48C1F870031878032804D036
:108D900040F2AB313E20F7F737FD012A59780CBF7E
:108DA00008220022FFF774FC044B012283F83C20C8
:108DB00008BD00BF00A00850060000801812002067
:108DC000F8B5284E4FF48067C6F89070BFF34F8F08
:108DD000BFF36F8F07F085FC0546234C07F025FD98
:108DE0000121401B214D2061C5F8A410FFF73EFC76
:108DF0004FF40023C5F8401EC5F800341C4B187C06
:108E000000F0DCFE02F09AFF1A4B1B4AC5F838331B
:108E10001A4BC3F8C820013AC3F8C42040F6FE72CA
:108E2000174BC5F81433174BC3F8042500239622BB
:108E3000A383A361238584F82A30E281D5F8002D2D
:108E400084F83C304FF480736260C6F89071C5F8C6
:108E50008834A36C376103B19847BDE8F84000F04F
:108E600077BE00BF00E100E01812002000A008500B
:108E7000A40000200300008006000080005008507D
:108E80000100008000200850014B5872704700BF5D
:108E900018120020020E034B0002C3F8342EC3F850
:108EA0002C0E704700A00850044B054A03449072F2
:108EB0001B7D03F516639381704700BFC45F0200FA
:108EC0001812002008B5FFF70BFE58B9064B012217
:108ED000C3F8400503F5A04302201A61BDE808402D
:108EE000FBF7BAB808BD00BF00500850F8B53F4FB7
:108EF00005460E4697F8293023B940F206713E2008
:108F0000F7F782FC97F83E40FCB107F0EEFB002833
:108F1000FBD0374B0122DA64D3F84C459DB9354B71
:108F20004FF47A72323453F8263003F5FA73B3FBF8
:108F3000F2F31C443B6932462846E41A2146FFF707
:108F4000C1FF2046F8BD5B34F4E7FFF731FC012395
:108F5000294A87F82830D2F8003443F00103C2F8D8
:108F6000003487F82A4007F0C0FB0028FBD03DBB47
:108F70000123B97A30467B70FFF78CFD7B78012B9B
:108F800002D04FF4E961BAE7194AD36402F5A0426E
:108F90001360174B2846D3F84C452146FFF7ACFC2D
:108FA000FFF74EFD3B69E41AF5B9124B4FF47A72A4
:108FB00053F8263003F5FA73B3FBF2F31C44C0E711
:108FC000012DE6D10223B97A30467B70FFF710FD00
:108FD0007B78022B02D040F2517190E7044BDD64A4
:108FE00003F5A0435D60D4E72934AAE718120020F6
:108FF000005008506C60020000A0085073B5294B67
:109000004FF48061284A4FF0FF30D3F88854C3F8FA
:109010009004C2F890114FF40022244C05F480759E
:10902000C3F8002400222249228584F82A20C1F8AE
:109030004025C3F80821C3F80021C3F80421D3F860
:109040002015C9B2D1B18DF80700C3F82022012242
:109050001A619DF8072012B1D3F820223AB19DF889
:1090600007305BB940F6FF013E20F7F7CDFB9DF8D6
:109070000720013AD2B28DF80720EAE7FFF77EFC1D
:10908000084E0023C6F82032238094F83C300BB100
:10909000FFF71EFB1DB14FF48073C6F8883402B091
:1090A00070BD00BF00A0085000E100E018120020D1
:1090B00000500850F8B52A4FFFF71CFBFFF79EFF42
:1090C00000F04CFD97F83D304BB102F0EDFE20B1C1
:1090D00040F2AE413E20F7F797FB87F83D000020B5
:1090E00002F0EEFE044610B140F2B141F2E71D4D30
:1090F0001D4EC5F8C401C6F80801C6F80001C6F83F
:109100000401C5F8C800C5F8C400C6F80401C6F8D3
:10911000000102F02BFE154B40F6FE72C6F83843F4
:10912000C6F81443C5F8C041C3F80825FC70C7E968
:109130000544FFF7DFFA0E4B4FF48062C5F8484153
:10914000C5F84441C5F84041C5F84C41C3F89020EA
:10915000BFF34F8FBFF36F8FC3F89021F8BD00BFEF
:10916000181200200050085000A00850002008509D
:1091700000E100E070B5174C0646257865B994F813
:109180002A206570E5701AB1134AC2F8405170BDCB
:10919000228584F82A20FAE718B1BDE87040FFF76D
:1091A0002DBF013DE189A27818BF01252846FFF7B0
:1091B00033FB94F82A300146268043B1064BC3F8AE
:1091C0004061A2782846BDE87040FFF77BBE84F876
:1091D0002830F6E71812002000500850014BC3F861
:1091E0004C0E704700A0085038B50446074802F0FE
:1091F00067FE20B140F668113E20F7F705FB044DED
:1092000094E80F0085E80F0038BD00BF21870000FB
:10921000641200200A490B4B10B50124C1F8D00E8E
:10922000586283F82940FFF721FB40B9064BC3F889
:10923000400503200C61BDE81040FAF70DBF10BDDA
:1092400000A008501812002000500850144A13695A
:1092500018449369834210B5124C09D30220FAF7DF
:10926000FBFE00230122C4F840350F4B1A6110BDEC
:109270000123D3706364D4F844250532824206D3B7
:10928000094AD2F80C120029F1D11361EFE700234B
:10929000C4F84431054BC4F84405C4F8C431E6E7CA
:1092A000181200200050085000A00850090000804B
:1092B00038B50A4C0346657F217F012D227AE0896B
:1092C00009D100F0EDF9A36922699B1A1844BDE8A1
:1092D0003840FFF7BBBF00F0FDF9F4E7181200209B
:1092E000044BC3F8940ED3F8002442F04002C3F8B4
:1092F0000024704700A00850054BD3F8002422F04A
:109300004002C3F800240022C3F8942E704700BF27
:1093100000A00850044BD3F8183703F07F035B42DA
:1093200003700120704700BF00A00850094B93F85C
:109330002A206AB10128084A084902D1C2F804115A
:109340007047C2F8001118B9997A187AFFF7BABABB
:10935000704700BF1812002000A0085007000080CE
:10936000002808B518BF02220A4B08BF01229970D5
:109370001A7093F82A205AB11B7A8B4204D040F617
:10938000C7213E20F7F740FABDE80840FFF7CEBFFF
:1093900008BD00BF18120020054B0022C3F840256D
:1093A000044AD2F82035DBB20BB1012313617047B8
:1093B0000050085000A00850044B30B5D3E90C45CC
:1093C0009B6BC0E900450B6030BD00BF1812002048
:1093D0002DE9F04107F07FF9484C494D0123C4E9DC
:1093E0000C01EB64D5F84C35A363FFF7C7FA454B86
:1093F0000022C3F80821C3F80021C3F80421C3F8F0
:109400000421C3F80021D3F8001421F01D01C3F892
:10941000001494F83C3084F829200BB1FFF758F978
:10942000D5F84835A361D5F844356361637863772F
:10943000344BD3F81872D3F82002FFF717F9667887
:10944000022E40D1E3784BB1D5F8443133B101203D
:10945000FFF790FEE36CBDE8F0411847002F45D0C0
:10946000237A23B940F24D213E20F7F7CDF9DA1ED9
:10947000012A24D8234BD3F81C3E13F006031DD039
:10948000022B1ED00323002500202377FFF772FE56
:109490001C4B85F00101D3F80C2ED2074CBFD3F83A
:1094A0001C0E0120236D44BF00F00100084300F0B2
:1094B000010080F00100BDE8F041184703230125B9
:1094C000E2E70423FBE7012E10D1237A237737B19B
:1094D0000020FFF74FFE636D31460020EBE758B1E7
:1094E0003046FFF747FE636D3946F6E720B10120AD
:1094F000FFF740FEA36DAEE7BDE8F0811812002033
:109500000050085000A00850024B03EB8003D86BBA
:10951000704700BFC45F0200024B03EB8003186D6D
:10952000704700BFC45F0200F7B501230D464778BE
:109530000146437004462846164600F069F94FF488
:109540007A73124AADF80630BDF806309BB243B9C3
:10955000BDF806309BB27BB940F65F513E20F7F76D
:1095600053F9D2F80431002BF2D1BDF80630013B9B
:109570009BB2ADF80630E7E7677016B9EB78A370D9
:10958000AB707B1E5842584103B0F0BD00600450E0
:109590002E3008B5362854D8DFE800F05053535326
:1095A00053534D53535353535353535353534B5399
:1095B00053535353585358534953475345534353A5
:1095C000413F3D3B39373533312F2D2B292725237B
:1095D000215A1C003F231F4AC2F8103708BD33230D
:1095E000F9E72D23F7E72823F5E72323F3E71F23E4
:1095F000F1E71B23EFE71823EDE71523EBE7132330
:10960000E9E71123E7E70F23E5E70D23E3E70B2362
:10961000E1E70A23DFE70923DDE70823DBE7072388
:10962000D9E70623D7E70523D5E70423D3E70323A8
:10963000D1E70123CFE74FF49873CCE74FF4887359
:10964000C9E74FF48E713F20F7F7DEF80223C2E737
:109650003923C0E700A008504FF47A73033A584307
:10966000012A10B5064C00F2E73034F91110084415
:10967000B0FBF3F08CBF02230A23C01A10BD00BF59
:10968000446002004FF47A73044A00FB033032F95D
:1096900011201044B0FBF3F0704700BF446002009B
:1096A00038B51D460A4B33F9114003EB82030535EB
:1096B0005B691C444FF47A7304F6B73403FB00442F
:1096C0001046B4FBF3F42544FFF71EFF284438BDD1
:1096D0004460020070B5064608461546FFF71CFFB9
:1096E000094B03EB85035C694FF47A7304F6B734D6
:1096F00003FB0644241A2846B4FBF3F4FFF704FFE7
:109700000530204470BD00BF44600200024B0022BF
:109710001A705A709A707047741200202DE9F04741
:109720000746012015469DF834400E469846DDF860
:1097300024A09DF83090FEF72BFF314AD47014B965
:109740003B1F5C425C4107F00303002143EA0463D2
:109750002C4CC4F804352C4BC4F88010C3F884108A
:10976000A3F58023C3F88411A3F580530221C3F825
:109770000815BDF8283031689380F36809BA93FA68
:1097800083FCB36818BA7368C4F810C51BBAC4F870
:109790001405C4F818352B0AC4F81C152D069DF8BD
:1097A000206043EA0863DAF804102DBA003E23F083
:1097B0000043DAF8000009BA18BF0126B9F1020F18
:1097C00000BAC4F8201543EAC673C4F824051BBACE
:1097D000C4F82835C4F82C550CD80C4B022F13F8BC
:1097E0000930C4F848354FF00103537000D11370AD
:1097F000BDE8F0874FF49B716C20F7F705F800BFC8
:10980000741200200060045000300850A460020070
:109810002DE9F84F334B04460D465A7822B94FF4E0
:10982000A8716C20F6F7F0FF4A7893F803801A814C
:10983000B8F1000F51D14A7803F1060B42702A4A61
:109840004FF0000C294E4FF00E09DFF8A4A006F1EE
:10985000080706F1300EC3F844B006F1400BDD6195
:10986000C3F820A083F82AC083F82B9092E8030065
:10987000C3E90BCC86E80300D2E90201C3E9154A2B
:1098800087E80300E91C1F8959621F85D2E904019A
:109890008EE8030017499964D2E90601E21CDA65F3
:1098A00007EB0802A3F86020C2F307428BE803002D
:1098B00083F86220012183F86390C3E919CCAA7868
:1098C000A2700D4AC2F83065C2F838E59970197077
:1098D000C2F804C11160BDE8F88F00F1010B4FF030
:1098E0000408ACE774120020A86002008012002077
:1098F0000100000D0100000C00600450334B5A7849
:109900002DE9F04105460E4622B94FF4BD716C2099
:10991000F6F77AFF2E4A03F13C0C03F14C0403F1F5
:109920000C07DFF8B080DFF8B0E0C3F848805E6570
:10993000C3F858E092E80300C3E9095E8CE803002D
:10994000711C5964D2E9080184E80300F11C002469
:10995000D96522499C6683F83240C3E91814D2E9DC
:10996000040187E80300691CC3E90518D2E9060170
:10997000EA1C03F11C08DA629A881A860E2288E82B
:10998000030083F833200121C3E90D44B278AA70A3
:10999000134AC2F830C5C2F8387599701B780BB9F4
:1099A000A921B4E70F4BC2F80441C2F80841C2F83C
:1099B00080300D4AC2F88430A2F58022C2F884318A
:1099C00002220A4BC3F80425BDE8F081741200207E
:1099D000A86002000100000C0100000DE803000E69
:1099E0000060045001000080003008500020045046
:1099F0000C4B1A788AB100220B490220C1F8802052
:109A000001F57431C1F88420A1F58021C1F88421C9
:109A1000A1F58051C1F808051A7000225A709A7099
:109A2000704700BF741200200060045008B50B4B53
:109A3000D3F8082122B10420FAF70EFB022008BD5A
:109A4000D3F8042122B90520FAF706FB0320F6E734
:109A5000D3F80004003818BF0120F0E7006004507C
:109A6000014B01225A60704700600450014B18609E
:109A7000704700BFE4120020024B1868003818BF7E
:109A800001207047E41200202DE9F04F254C85B0ED
:109A9000054698460F46164600F0CEF823788146D4
:109AA000AB4211D16378BB420ED194F90230B3427C
:109AB0000AD1E378834207D1A388A8F8003094F94B
:109AC000060005B0BDE8F08F082D1CD18DF80F60A1
:109AD00028469DF90FB006F097FD82463846FFF7FD
:109AE000D3F800220346414600925846524600F001
:109AF00059F8B8F80030A071A38025706770A6707F
:109B000084F80390DBE7284606F07EFD0DF10F0395
:109B10003246394600F096F80028D9D04621A920CF
:109B2000F6F772FEBA000020014B1860998070476A
:109B300008130020024BD86019745A82704700BF86
:109B400034130020014B1B681B681847F8000020E5
:109B5000014B1B685B681847F8000020014B1B682D
:109B60009B681847F8000020014B1B681B691847C9
:109B7000F8000020014B1B685B691847F8000020C3
:109B8000014B1B689B691847F8000020014B1B68BC
:109B9000DB691847F8000020014B1B689B6A1847D7
:109BA000F800002030B4044C9DF808502468029559
:109BB000E468A44630BC6047F800002000220D494C
:109BC000134610B540FA02F4E40744BFCA545C1CC3
:109BD00002F1010248BFE3B2042AF3D1054AFF248F
:109BE000D118032B01D9107110BD013301F8014BBD
:109BF000DBB2F6E7381900205F06010065060100B8
:109C0000670601008D0601006B0601009706010042
:109C100071060100A106010077060100AD060100F2
:109C20008306010087060100790601007F06010016
:109C30009D060100A7060100014B187D704700BF7B
:109C400098130020042810B511D883B104280CBF44
:109C500010242824A1420AD2064C54F8200018B13E
:109C600041568A42A8BF0A4600201A7010BD6FF004
:109C70001500FBE7981300200728034611DC10F1BC
:109C80002D0F10DB094A101890F82E0002EBC002CD
:109C900092F93C209A4207D0002918BF0130C0B287
:109CA00070471B2070470020704700BF28610200EA
:109CB000072808B507DCFFF7DFFF044B03EBC00301
:109CC00093F93C0008BD0820FCE700BF28610200B2
:109CD000C0B208B520B9044B01229A601A6008BDD1
:109CE0004D21B52001F058FE00E0105010F0FF00AB
:109CF00008B513D10B4B01225A60DA600A4AC3F847
:109D000000011070D3F8082412F0010205D1C3F845
:109D10001021C3F81821C3F8142108BD7C21B520F7
:109D200001F03AFE00E01050AD130020014B01227B
:109D30001A707047AD13002008B540B9064BD3F830
:109D4000103113B9054B187808BD0120FCE7C2217A
:109D5000B52001F021FE00BF00E01050AD1300203F
:109D6000024BD3F8080400F00100704700E01050E7
:109D7000024BD3F8480400F00100704700E0105097
:109D8000024BD3F84004C0B2704700BF00E010504F
:109D900007490246D1F84C04D1F84C1410F4803035
:109DA00005D0D0B201F003031B1A58425841704746
:109DB00000E0105038B51A4BD3F80C34DA0304D451
:109DC00040F279116D2001F0E7FD164A0124164B8F
:109DD000106A536620F03F0094645464136CDB03F4
:109DE000FCD4136A116C03F03F03C1F30A01C1F5FF
:109DF000806181EAE1750B29A5EBE17509DD3F2B57
:109E000004D0013303431362172DE6DC002393646F
:109E100038BD0B31F8DA002BF8D0013BF2E700BF78
:109E200000E01050000812500100008038B50B4CC3
:109E300023781BB100232370FFF7BCFFEFF31085DD
:109E400072B6637803F0FF000BB9FFF74FFF05B957
:109E500062B6034B00225A6638BD00BFB013002023
:109E600000081250F8B5104E012704460D4633186D
:109E7000DF7006F01DFC60B934B90C4B112277710C
:109E8000B560C3F80423F8BD40F225116D2001F040
:109E900083FD002DF7D01CB90220A847B460F2E77B
:109EA0004FF4A071F2E700BFB013002000E01050A3
:109EB000044B0022191803EB80034A719A60CA70A0
:109EC000704700BFB0130020014B1882704700BFDD
:109ED000B0130020014B588A704700BFB013002018
:109EE000014B188A704700BFB013002010B5EFF384
:109EF000108472B6064B03445A780132D2B25A70BB
:109F00005B78012B01D1FFF7E3FE04B962B610BD07
:109F1000B0130020034610B5EFF3108472B6114958
:109F20000B445A7822B940F257216D2001F034FDDC
:109F30005A78013AD2B25A705B7883B90B7D43B13B
:109F4000094BD3F80C34DB0306D44B7803F0FF0045
:109F50002BB9FFF7CBFE02E0487D01F0AFFE04B95C
:109F600062B610BDB013002000E0105010B506F02E
:109F7000A2FB0C4C06F09CFB60B1A37D3BB90A4BE5
:109F800001229A610423E3750023237610BD06F0B5
:109F900095FBF9E703230122E375034BC3F8042380
:109FA000F2E700BFB013002000E01050014B012287
:109FB0001A62704700E01050044B587E28B1044BE1
:109FC000D3F81001B0FA80F040097047B0130020B8
:109FD00000E0105038B50C4B5D7E5DB901245C7615
:109FE00006F069FB094B1022C3F81051C3F8042393
:109FF000DC6138BDFFF7E0FF0028FAD040F2932182
:10A000006D2001F0C9FC00BFB013002000E010502B
:10A01000024BD87D003818BF01207047B0130020D4
:10A0200038B5174C237D23B940F206316D2001F07D
:10A03000B3FC01232370A37DC3B9A37EB3B1227EF9
:10A04000013B9A4212DA06F033FB054601F0D0FDDF
:10A05000A37E012B82BF237E0133237655B1E369B2
:10A06000C31A0133022B09D935B1E061BDE838408C
:10A07000FFF77CBF236AF3E72062F7E738BD00BF34
:10A08000B013002037B5184CA37D63B9606A00F0A7
:10A090000300FFF77DFE30B1EFF3108372B6E27D6F
:10A0A0001AB103B962B603B030BD0122E27503B93B
:10A0B00062B608230D4DC5F808334FF42073ADF890
:10A0C0000630BDF806309BB25A1E92B2ADF806209B
:10A0D000002BF6D1C5F80C3184F82830FFF746FF85
:10A0E0000823C5F80433DEE7B013002000E0105069
:10A0F0002DE9F74F4E4C237D002B00F09680032373
:10A10000ADF804304B4BD3F80051D3F80891D3F895
:10A11000142112B9D3F818216AB10026C3F81461CA
:10A12000C3F81861C3F81061637E0BB106F0C6FA7C
:10A13000667606F01DFC3F4BD3F81031002B59D04A
:10A14000637E1BB106F0BAFA00236376637913B11C
:10A1500002238DF80430003D18BF012545F010059D
:10A16000354E0DF1040A334B4FF00008F71EC3F8CB
:10A1700008531AF8010B03280AD03B7843B14FF07B
:10A18000000B336887F800B013B19847C6F800B0E9
:10A1900008F10103043601374FF00108022BE8D122
:10A1A000B9F1000F08D0234B0022C3F80821042284
:10A1B000C3F80823FFF766FF94F82860EA071D4BF1
:10A1C000F6B2D3F80C7108D5E27D032A05D1A27D41
:10A1D000A2B90422E27501229A61C7B1154B00228F
:10A1E000C3F80C21E37D042B0DD040F269316D20C2
:10A1F00001F0D2FB002DD3D00125B1E706F05EFAC5
:10A200000223E375E9E70223E37506F057FA66B126
:10A21000002384F82830E37D022B01D1FFF7A6FE4E
:10A2200003B0BDE8F04F06F049BA03B0BDE8F08FC7
:10A23000B013002000E01050B813002010B5054CFA
:10A24000606A00F00300FFF7A3FD0028F8D00020AB
:10A2500010BD00BFB0130020F8B5054650B102781C
:10A26000022A07D8437842B9013B1F2B02D88378D2
:10A27000212B07D96FF0150088E0002BFAD18378E5
:10A28000002BF7D1634B2022C3F8A020BFF34F8FE0
:10A29000BFF36F8F604EC3F8A0217D235F4CC6F8DB
:10A2A00008330023C6F80031C6F80831C6F80C316F
:10A2B0006370A370AB886382FFF752FD10B1012376
:10A2C000E3706370D6F80C0440F2563310F480301B
:10A2D00023821BD0FFF72AFD514801F0C5FC4E4EEA
:10A2E000602360750022C6F804332B78A978012B0F
:10A2F00062766262A375A176227620D0022B17D0F7
:10A30000F3B140F21E516D2001F046FBC6F810017A
:10A31000FFF7DEFC404AD2F81031002BFBD0FFF7EC
:10A3200049FD0020FFF7E2FC3E4B00225A66D3E7CE
:10A3300006F0C1F9D6F80C34D903FBD502236362C9
:10A34000FFF716FD40B3FFF71BFD636A03F003033D
:10A35000984221D1AB79D3B9FFF770FFA37E63B1E7
:10A360002B7853B906F0A4F9054601F041FC6FF0D3
:10A370000043002D4BD0C4E9070301232022002015
:10A380002375244BE075C3F8A0211A62F8BD224B57
:10A390000422C3F80423E1E71F4B012200215A6184
:10A3A000C3F8081194F82410C3F840141A61042269
:10A3B000C3F80423AA79002AD0D1D3F80423520782
:10A3C00002D440F2D1419EE7174A1769116907F09C
:10A3D000100741F010011161D3F808310BB906F0F4
:10A3E00080FB0D4ED6F8083173B1FFF727FF27B970
:10A3F0000D4A136923F0100313610423C6F80833D0
:10A400000023C6F80831A9E706F069FBEAE7C4E9CA
:10A410000730B2E700E100E000E01050B013002088
:10A420002D9E00000008125000ED00E038B50C4BE6
:10A430000C46197919B183216F2001F0ADFA60B98A
:10A440005D790DB1002038BD01225A71FFF74EFD34
:10A4500021462846FFF706FDF4E76FF01500F2E706
:10A46000DC13002038B50B4D04462B791BB19A2123
:10A470006F2001F091FA50B96B790BB9002038BD0B
:10A48000FFF716FD20466C71FFF744FDF6E76FF00D
:10A490001500F4E7DC13002010B501B3F0B14FF064
:10A4A000FF33104A1C46E0FB0134944203D9DB2100
:10A4B0006F2001F071FA1A0DC3F30F100A4B42EA34
:10A4C00004324FF22444B2FBF4F100EB024003FBF0
:10A4D0001100B0FBF4F040EA0140013010BD084625
:10A4E000FCE700BF3F420F00000024F4014B9B68D3
:10A4F000184700BFDC130020014BDB68184700BF82
:10A50000DC130020014B1B69184700BFDC1300203F
:10A5100008B5064B1B7923B140F237116F2001F0CB
:10A520003BFABDE80840FFF77BBD00BFDC1300200D
:10A53000034B1A790AB9FFF7CDBC988D704700BF5D
:10A54000DC130020034B1A790AB9FFF7C9BC988ABB
:10A55000704700BFDC130020024B1B790BB9FFF7DB
:10A5600091BD7047DC130020014B9B69184700BF69
:10A57000DC13002038B51D4C237933B3FFF7C2FF3D
:10A5800050B91B4DC5F81001FFF7B0FFD5F81031D9
:10A59000002BFBD0FFF7B0FF154B6022C3F804235C
:10A5A000636A9847002806DB94F82E3023B1012314
:10A5B000002084F8303038BDFFF7D6FF0028F6DAE7
:10A5C00040F28D116F2001F0E7F90A4BA3610A4BAD
:10A5D000E3610A4B23620A4BA3600A4BE3600A4B18
:10A5E0002361FFF739FE0028E1D0E4E7DC13002007
:10A5F00000E010503DA20000C906010011A00000BB
:10A60000B7060100BD060100C306010038B5084BBE
:10A6100004461D7925B140F2E1116F2001F0BCF92B
:10A6200000F0C6FD2046FFF74FFC284638BD00BFAE
:10A63000DC13002008B5074800F0A8FD054800F02D
:10A6400019F801F0B3F800F0D1FF00F0E5F90120AE
:10A6500008BD00BF1014002008B5054B1A781AB1C8
:10A660002721032001F098F95860197008BD00BF38
:10A6700018140020024B986000221A705A6070472C
:10A6800018140020F7B51E4C2378012BDAB204D041
:10A69000022A2ED0012003B0F0BD0DF10701606841
:10A6A00000F0D8F965686B7DDB071CD5AB7F042B08
:10A6B00019D000F0FFFD0646A8B100F001FE2B699D
:10A6C000D5E900279A18B36847F100070A332CBF71
:10A6D000012500251B1845EB01059342BD4102D31E
:10A6E000606800F0BBFA0023636023709DF80700E8
:10A6F000D1E70DF10701606800F0B6F9F3E700BF9C
:10A700001814002073B505460C4600F0D3FD06462C
:10A71000AB7F012B1AD021462B4604F1180251F8C9
:10A72000040B914243F8040BF9D101230DF1070109
:10A730002846AB7700F08EF916B1012002B070BD4B
:10A74000034B0421986806F038F9F6E70020F5E796
:10A7500018140020024B0621986806F02EB900BF9D
:10A7600018140020174B1868F0B560B150F8102C81
:10A7700050E9063418380A3344F100049B18826902
:10A7800044F1000402B9F0BD52E90615994275EB97
:10A790000406F8D2077D12F8046CB7420BD00FD92B
:10A7A0000A3152F8103CA2F1180045F100055B187F
:10A7B00045F1000404E09688878BF61B3604EFD43D
:10A7C0001268DFE724140020F8B5244C002323711D
:10A7D0006371A371E371EFF3108272B6A168E36055
:10A7E0006160A36002B962B600261D4D636803B9BB
:10A7F000F8BD9A79A3F11800032A07D11A6801213C
:10A800009E7153F80C3C62609847EFE71B6863B198
:10A81000183B07462A46997F04290ED09B7F032BBD
:10A8200004D063219F2001F0B7F82A461368022163
:10A830001B681360C3688677E6E7B0F81CC0998B85
:10A84000A1EB0C010904996944BF07F118021846ED
:10A850000029EBD01F46A1F11803DCE724140020E7
:10A8600028140020042300F11802837700230376C4
:10A8700043768376C376044B996811B99A60DA609F
:10A880007047D9680A60FAE7241400202DE9F041E6
:10A89000134C06460F460020236833B9E8B1114B2C
:10A8A000BDE8F041187801F009BA53E9061553F8EC
:10A8B000082CD3F80080521845F10005B242BD4182
:10A8C00009D22268A3F1180012682260FFF7CAFFBC
:10A8D00001204346E1E71C46FBE7BDE8F08100BFED
:10A8E00024140020FC000020494B1B682DE9F74F81
:10A8F000044682838B46D0E9002003B1183B94F8CC
:10A9000015C0DFF80CE10CF0010C002B3BD0D3E9B3
:10A910000056AA4270EB060135D3BCF1000F2CD0D3
:10A92000277D197D8F4228D399684D1946F100067D
:10A9300015F10A0846F1000E424570EB0E0119D2DE
:10A940002169891840F1000788457EEB070901D28B
:10A9500041467746A942B7410FD22046FFF782FF12
:10A960002C4B187801F0AAF900238BF8003003B0C3
:10A97000BDE8F08F11460746ECE703F1180E9B691E
:10A980000BB1183BC3E7BCF1000F34D0A1688918A4
:10A9900040F10009019173B30199D3E9007611F1F7
:10A9A0000A0549F10001AF4276EB010123D2257D72
:10A9B000197D8D4218D39D68ED1946F1000615F1F9
:10A9C0000A0A46F10008524570EB080110D22169CD
:10A9D000891840F100078A4578EB070C01D25146EF
:10A9E0004746A942B741B8D39B6923B1183BD3E787
:10A9F00011460746F5E7DEF80020234643F8182FF6
:10AA0000CEF80030FFF7AEFE8442ADD10123ACE7B3
:10AA100024140020FC00002010B50B4C2378FF2BE1
:10AA200004D04FF48D719F2000F0B6FF074801F06D
:10AA30001BF9074B002220701A705A709A70DA7056
:10AA40009A60DA601A8210BDFC000020C9A70000DD
:10AA500024140020034B1A8A10B4541C1C8210BC0E
:10AA6000FFF742BF2414002038B504460D46FFF717
:10AA700079FE231A04F118015842584128700448FD
:10AA800005F0C1FF10B100230120A37738BD00BF3E
:10AA90002414002038B5114B044600F118019A68BF
:10AAA000B2B19A6800209AB191420ED108B1A5695D
:10AAB00005609D68A94204BF12689A60DA689142F5
:10AAC00000D1D8600023A37707E010461268EAE7B8
:10AAD000034805F098FF0028F4D138BD2414002065
:10AAE000281400202DE9F041264E04460D46FFF7BC
:10AAF000CDFE3068002843D0A0F1180C50E9063193
:10AB0000A34271EB050250F8102C3CBF23462946A6
:10AB10000A322CBF012700279B1841EB0702076868
:10AB2000604627B900F118037361BDE8F08157E969
:10AB300006EC9E457CEB0201F4D290F8148017F8E5
:10AB4000041C884513D019D9744523462A46A7F119
:10AB5000180075EB0C0157F8101C3CBF7346624699
:10AB60005B1842F100020A3342F1000206E0B988A4
:10AB7000B0F81C80A1EB08010904E5D43F68D0E7D8
:10AB80000346D1E72414002010B5054C6169204626
:10AB900005F039FF18B1606900231838636110BDF2
:10ABA000241400209C46144BF0B51D68FDB115F827
:10ABB000043C183D834218D812F10A04D5E9003646
:10ABC0004CF10001A34276EB01070BD22F69FF186D
:10ABD00046F10006A7428E4107D3B4F10A0041F1C5
:10ABE000FF31F0BD1C463146F7E7AD69DEE74FF0B7
:10ABF000FF300146F5E700BF2414002008B5837F2D
:10AC0000022B1CD1437D13F0020302D00023837773
:10AC100008BD0322037643768376C3760D4B827795
:10AC200000F11802996839B99A60DA600A4B18780D
:10AC3000BDE8084001F042B8D9680A60F5E7837FB3
:10AC4000012BE5D0837F042BE2D04FF4FF719F20CE
:10AC500000F0A2FE24140020FC00002010B500F13A
:10AC600018010446084805F0CEFE20B94FF40271E1
:10AC70009F2000F091FE2046FFF7F4FD034BBDE856
:10AC80001040187801F01AB824140020FC000020AD
:10AC90002DE9F74FD0F810E0BEF1000F04D040F2DC
:10ACA00027219F2000F078FE836890F8148001939C
:10ACB000D0E90014EFF3108972B6274BB3F810C037
:10ACC0001B686BB1019D183B0A35D3E900264EF194
:10ACD000000A6D1844EB0A0A95427AEB060707D280
:10ACE000B9F1000F35D0C0E9001403B0BDE8F08F12
:10ACF0008A4276EB04070CD31F69BF1846F1000B9C
:10AD0000AF427BEB0A0B34BF0125002575B99B6967
:10AD1000D7E712F10A0A9D6846F1000715EB0A050C
:10AD200047F10007A94274EB0707ECE71D7DA84532
:10AD300009D0ECD912F10A019D6846F100046918A6
:10AD400044F10004E3E79D8BA5EB0C052D04DED553
:10AD5000F0E762B6C7E700BF24140020024B0521CC
:10AD6000186805F02ABE00BF40140020064B586842
:10AD700010B520B94FF41B71B02000F00DFEC36870
:10AD80000521BDE810401847401400202DE9F84F78
:10AD9000274C8146237BA668A3BB94F80D8018F04E
:10ADA000010803D0E3899E4238BF1E4600F03CFDF7
:10ADB00010EB060B05460F4641F1000A5846514676
:10ADC000FFF790FE08B3D0E900329B457AEB020111
:10ADD00004D29D1B9B46924662F100070023154A50
:10ADE000284639462362C4E904BAC4E9065700F08C
:10ADF000EFFCB8F1000F02D0E3899E4216D0022387
:10AE00000D4A0DE04FF00008D0E7237B2BB1637BA8
:10AE10009B0702D5636A012098470023074A2373E2
:10AE200084F82830C9F80020BDE8F88F0123E7E74F
:10AE3000401400205DAD00004DAF0000F708010098
:10AE40002DE9F04717463D4C002B67D0E289D3E946
:10AE500000656432864275EB01034FF000033CBF8E
:10AE600006460D462362B6EB000A65EB0109524522
:10AE70001A4672EB0902C4E9046527DA237B3BB169
:10AE8000637B9A0702D5636A0120984700232373E6
:10AE900094F80D8008F00108A36803F5E1739A4562
:10AEA00079F100011DDAB8F1000F11D0E089244AD0
:10AEB000301A65F10001C4E9060100F089FC06239F
:10AEC000204A84F828303A60BDE8F0879846E3E7E6
:10AED0001B4A30462946C4E9066500F079FC052383
:10AEE000EEE7FFF709FBE089A368B8F1000F0BD08C
:10AEF000984209D9301A124A65F10001C4E90601E5
:10AF000000F066FC0123DBE7F01A0D4A65F1000151
:10AF1000C4E9060100F05CFC0223D1E7237B2BB1DE
:10AF2000637B9B0702D5636A012098470025257340
:10AF3000FFF7E2FA2B46044AC3E700BF40140020A3
:10AF40005DAD00004DAF0000F7080100023970B59B
:10AF50000546032900F2D480DFE801F0060208402C
:10AF6000694B002283F82920002024E0664C94F8E5
:10AF70002830042B09D8022B28D8013B012B1BD9E0
:10AF80004FF4CD71B02000F007FD053B012BF7D841
:10AF9000FFF778FB0028E7D000F036FC00F044FC17
:10AFA00006460C46FFF79EFD2A46034621463046DC
:10AFB000FFF746FF022070BDFFF764FB0028D3D0E7
:10AFC00000F022FC2846FFF7E1FEF3E7FFF75AFB0B
:10AFD0000028C9D0012384F82930C5E74A4C94F8E9
:10AFE00028301A1F012A2AD8042B94F829600CD182
:10AFF00000F04AFB48B900200021FFF773FD08B1BB
:10B00000FFF72CFEFFF778FADCE7002EC6D1FFF73A
:10B01000BBFD0028C2D06060C4E90B6600F004FBF1
:10B020006068022331468377C3689847D4E90401F6
:10B0300005F05FFC354B84F828602B60BAE700F020
:10B04000F3FBA369C01A236A9842ACBF2062236253
:10B0500094F82830022B19D1FFF748FA94F82830D9
:10B06000022BD4E904012CD1637BDB071BD5237BA6
:10B07000CBB9E389264AC01A61F10001C4E906018F
:10B0800000F0A6FB032384F828306DE7637BDA0722
:10B0900001D5207B10B140F2B31173E7636A984782
:10B0A00001232373DAE73238236A194A41F1FF3169
:10B0B000C01841EBE371C4E9060100F089FB0423E9
:10B0C000E1E7012B0AD1A368114AC01A61F100011E
:10B0D000C4E9060100F07CFB0223D4E7236A32387E
:10B0E0000B4A41F1FF31181841EBE371C4E9060145
:10B0F00000F06EFB94F82830062BE0D10523C2E760
:10B1000040F2F1113EE700BF4014002015B10000ED
:10B110005DAD000002392DE9F041064604292ED824
:10B12000DFE801F003090B2D0E00174A537B003BAB
:10B1300018BF0123137300201FE0FFF7A3FAFAE7FB
:10B14000DFF8448000F080FA00F06EFB0C46054604
:10B15000FFF7C8FC0746D8F80400FFF74FFD0023AF
:10B1600000222846C8F8043000232146C8E90423F9
:10B170003B463246FFF764FE0220BDE8F08140F214
:10B180001721B02000F008FC40140020064A0023DC
:10B1900010B5064C0260206084F828306373FFF716
:10B1A000D1F93230A06010BDF70801004014002032
:10B1B00008B5074B1A681168064A914204D040F25C
:10B1C0005121B02000F0E8FB3230986008BD00BF8C
:10B1D00040140020F708010010B5EFF3108472B698
:10B1E000034B0421186805F0E8FB04B962B610BDF2
:10B1F0004014002008B5094B5A6822B940F2722168
:10B20000B02000F0C9FBD3E90421BDE80840801854
:10B21000034A41F1000100F0DBBA00BF40140020F6
:10B220006DAD000008B5064B5B6823B94FF41E7185
:10B23000B02000F0B1FBBDE8084000F0E5BA00BF67
:10B240004014002008B5054B5A6822B940F27E210F
:10B25000B02000F0A1FBD86208BD00BF4014002060
:10B2600008B5054B5A6822B94FF42171B02000F09F
:10B2700093FB186308BD00BF40140020054B1B6BF7
:10B2800010B523B940F28A21B02000F085FBBDE85B
:10B290001040184740140020054BDB6A10B523B955
:10B2A0004FF42471B02000F077FBBDE81040184740
:10B2B00040140020014B5868704700BF4014002024
:10B2C00008B5054B5A6822B940F29B21B02000F026
:10B2D00063FBD3E9040108BD40140020034B587BF5
:10B2E00010F0010018BFD889704700BF401400203B
:10B2F0000028ADBF00F1604000F00F00044B00F5E6
:10B300006140B4BF185C90F800034009704700BF6B
:10B3100014ED00E02DE9F04105460E46E1B9114F6C
:10B320003B681BB18621452000F036FB38600E4893
:10B33000FFF788FF0D48FFF793FF05F076FA6B7D66
:10B3400004465B0708D505F0CCF90A34241A7C6062
:10B3500000F07CFA0028FBD02B6A3146686ABDE811
:10B36000F04118477814002091B3000071B3000039
:10B37000064B1B6810B51BB97221452000F00CFB71
:10B380001A6A0421586ABDE810401047781400205A
:10B39000064B1B6810B51BB96C21452000F0FCFA68
:10B3A0001A6A0321586ABDE810401047781400203B
:10B3B000024B00221A601A81704700BF78140020E7
:10B3C00008B5074B1A681AB9B921452000F0E4FA0C
:10B3D0000449D16000221A60BDE80840FFF7BAB9FD
:10B3E0007814002015B3000030B587B00C46182241
:10B3F00000210546684605F015FC637A4FF000020F
:10B400006168C3F38003029183F0010363F3820256
:10B41000237A8DF81430224B8DF81520039323786E
:10B420005BBB9DF81500D4E904324007CDE900323A
:10B4300007D50A3B01F10A0142F1FF320291CDE941
:10B440000032637A69469DF81520C3F3400322F069
:10B4500003025B0043F0010313438DF81530114BD9
:10B460005868C0F30800B8B11038FFF741FF98B929
:10B470002846FFF747F907B030BD2369049305F06C
:10B480002AF99DF815305B0744BF029B0A33CDE9CA
:10B49000000148BF0293D4E7284605F028F9EAE7FF
:10B4A00015B3000000ED00E070B50B7886B023B155
:10B4B00040F21F21452000F06FFA4C7A4FF0000651
:10B4C0000593C4F380034D6883F00103029563F391
:10B4D00082060B7A8DF814300F4B8DF815607607C5
:10B4E0000393D1E90431CDE9003107D50A3B05F1D9
:10B4F0000A0541F1FF310295CDE900319DF8153083
:10B50000C4F340046946049264F341038DF8153096
:10B5100005F0EDF806B070BD15B300007FB505F07D
:10B52000DAF8002305930B4B039340F21E2302939A
:10B530004FF0FF33CDE90001694607480493FFF758
:10B54000E1F818B99B21432000F026FA07B05DF816
:10B5500004FB00BF81B50000B014002010B5074CFB
:10B5600094F820304BB9FEF7CDFF30B9012384F8B1
:10B570002030BDE81040FFF7D1BF10BDB01400204F
:10B5800008B505292DD8DFE801F0032E282C2C0D55
:10B5900005F09DF8144805F04AF91E38BDE808404A
:10B5A00005F09BB8FEF7AEFF38B10F4B002283F8D1
:10B5B0002020BDE80840FFF7CDB805F08AF808B9AB
:10B5C00005F085F800214FF4007005F000F900281F
:10B5D000E0D1B921432000F0DFF9BDE80840FFF7D2
:10B5E0009DBFC521F6E708BDB01400204FF0004311
:10B5F0000B4A0021C2F88030A2F58022C2F88031C7
:10B60000012302F57832C2F80435A2F58022C2F88F
:10B6100004352022034B184683F8201005F002BBA6
:10B6200000400C50B014002008B50EF0B5F8054AE3
:10B63000D2F8583743F00103C2F85837BDE8084044
:10B64000FFF78CBF00200E5008B50EF0B5F80B4A7E
:10B65000D2F8583723F00103C2F858370122084BBB
:10B660005A604FF0FF32C3F808232022054BC3F87D
:10B670009021BDE8084000F0C7B800BF00200E5080
:10B680000050085000E100E008B5FEF73BFFB0B9FC
:10B690000D4BD3F800314BB90C4A536A0133312BAF
:10B6A00053620BD96C21432000F076F905F011F8B4
:10B6B00008B17021F7E705F008F8012008BD034B39
:10B6C00000225A62F9E700BF00E01050B0140020D9
:10B6D00040F20251014808B500F054F90986020011
:10B6E0001848202208B5C0F89020BFF34F8FBFF351
:10B6F0006F8F154BC0F89021D3F8041521F003018A
:10B70000C3F80415D3F8081541F00301C3F8081570
:10B7100092FAA2F1B1FA81F1092904DD40F29F31D8
:10B720000A4800F02FF9C3F8101501215960D960BB
:10B730004FF00041C3F880104FF0FF31C3F80813F9
:10B74000026108BD00E100E00050085009860200D7
:10B75000134A4FF4E0632021C2F838330023C2F8C3
:10B76000AC35C2F8BC35C2F8CC35C2F82031C2F8CD
:10B770002431C2F828310B4AC2F89C11C2F89C103F
:10B78000BFF34F8FBFF36F8FC2F89010BFF34F8F8F
:10B79000BFF36F8FC2F89011034A1360704700BF68
:10B7A00000200E5000E100E0D814002008B5FFF79B
:10B7B000CFFF054B4FF4A062C3F834232022034B84
:10B7C000C3F89C21DA6108BD00200E5000E100E0C2
:10B7D0000B4B10B51C681CB14C21042000F0DCF8A8
:10B7E000B1F5801F1A6001D3FFF772FF054B0122EC
:10B7F000C3F8A005C3F8A415C3F8AC2510BD00BF5D
:10B80000D814002000200E50054A136833B10023DD
:10B810000449C1F8AC35C1F820311360704700BF4E
:10B82000D814002000200E5030B54FF0FF30064CE9
:10B830006FF04041D4E90023904271EB0305F9D346
:10B840001046C3F3130130BD40270E5008B5FFF773
:10B85000EBFF044BD3E90223904299412CBF012016
:10B86000002008BDD814002010B5FFF739FF0F4C99
:10B870000023C4F8BC35C4F82431FFF7D5FF0A30E3
:10B8800041F10001B1F5801F01D1FFF721FF4FF019
:10B890000043C4F8B005C4F8B415C4F8A4310123BA
:10B8A000C4F8BC35024BC3E9020110BD00200E50A4
:10B8B000D8140020144BD3F8342312F4A06F10B521
:10B8C00003D1FB21042000F067F8D3F8202162B1F6
:10B8D00000220E49C3F8AC25C3F820210B6813B928
:10B8E00040F20311EEE70A609847074BD3F828218E
:10B8F0004AB10022C3F8CC25C3F82821034BBDE888
:10B9000010401B69184710BD00200E50D8140020AD
:10B91000014B1879704700BFF0140020044B1A79CE
:10B92000824283BF1B68602202FB00300020704708
:10B93000F0140020BFF34F8F0549064BCA6802F48C
:10B94000E0621343CB60BFF34F8F00BFFDE700BF42
:10B9500000ED00E00400FA05084B01225A604FF0A8
:10B96000FF32C3F808238022054BC3F88820BFF3B9
:10B970004F8FBFF36F8FC3F888217047007004505A
:10B9800000E100E008B572B6024B5B6803B198476E
:10B99000FFF7D0FFF81400201FB572B6144B5C6897
:10B9A00094B9FFF7C7FFB2FBF6F22B465D1C002AE5
:10B9B000F9D1DBB203F110056D4405F80C2C0A2215
:10B9C00033B901A8A047ECE7024600230A26EDE7B9
:10B9D000013BDBB203F110050DEB0506B0FBF2F500
:10B9E00002FB1500303006F80C0C2846E8E700BFD3
:10B9F000F8140020F8B5234F05460C4616463B7850
:10BA0000002B3CD104F053FE7E601F4B01263C818D
:10BA10004FF48062C3F8A4601C4BC3F89020BFF3BE
:10BA20004F8FBFF36F8FC3F89021FFF795FF184B2F
:10BA3000002D14BF28461846FEF79CFD0546E0B9C8
:10BA4000FFF7B6FCFEF788FD04F0A6FFFEF7F2FD57
:10BA500018B9B8211120FFF79FFF002C0BDB04F071
:10BA60001F036409A4009E4004F1604404F561448E
:10BA7000C4F88061266001233B702846F8BD4FF072
:10BA8000FF35FAE7F814002000A0085000E100E0BC
:10BA900040620200074BB3F90830002B09DB5A095A
:10BAA000012103F01F03994002F14003024A42F8CA
:10BAB00023107047F814002000E100E0014B1878D3
:10BAC000704700BFF814002050B1074B03F1140277
:10BAD00053F8041B934240F8041BF9D1002070472F
:10BAE0006FF01500704700BF378602002DE9F84F50
:10BAF0000746894693469846374CDFF8E0A0384D14
:10BB00002E780136F6B2D5E84F3F0133DBB2C5E8F7
:10BB1000403F0028F7D101216160C4F80001C4F85A
:10BB20000401EFF3108072B62E4BC5F80490AB60A1
:10BB3000C5E905B33B68C4F810357B68C4F8143513
:10BB4000BB68C4F81835FB68C4F81C35264BC4F82C
:10BB500030351033C4F83835216000B962B6D4F8F6
:10BB600000312BB9D4F8043113B92B789E421CD084
:10BB7000B8F1000F09D00A9B3BB1D4F840350A9ABE
:10BB8000C8F80030D4F83C351360D4F80431002BE9
:10BB9000B5D12978B142B2D1C4F80031C4F804312A
:10BBA0000323C4F80833BDE8F88FDAF81030DB0659
:10BBB000D5D503238021C4F804330C4BC3F8881176
:10BBC000D4F80031002BCAD1D4F80431002BC6D1EF
:10BBD00004F085FFC3E700BF0070045000ED00E0F3
:10BBE000041500201000000B0815002000E100E003
:10BBF0001A4B4FF4000270B5C3F89820BFF34F8F73
:10BC0000BFF36F8F164C0021164DC4F80011C3F816
:10BC100098212E692B6906F0100643F010032B6162
:10BC20000123C4F804332360D4F800319BB11EB95A
:10BC30002B6923F010032B610123D4F808054FF47E
:10BC400000026360C4F808330023C4F80031034BDA
:10BC5000C3F8982170BD04F042FFE5E700E100E081
:10BC600000700D5000ED00E038B50B49042301EBE6
:10BC7000C302157905F0FF042DB1013BF7D2402135
:10BC80006920FFF789FE41F8330001215471D8B2D1
:10BC90009471117138BD00BF28150020042808B523
:10BCA00003D947216920FFF777FE034B002203EBFE
:10BCB000C0031A7108BD00BF28150020042808B56C
:10BCC00003D950216920FFF767FE094B03EBC00041
:10BCD0000379012B01D05121F4E7437982790133B3
:10BCE000DBB29A4218BF4371BDE80840FFF7D2BEED
:10BCF0002815002038B505240F4D95F8281005EBC0
:10BD0000C1031A79012A09D158799A79904205D04C
:10BD10005A79D2B29A7155F83130984795F828304F
:10BD2000013C0133DBB2052B28BF002314F0FF04D4
:10BD300085F82830E1D138BD28150020094B0A4A82
:10BD4000C3F800230132C3F80C230132C3F81823CF
:10BD50000132C3F820230132C3F81C230132C3F897
:10BD60001021704700A0085004000080074B0022FB
:10BD7000C3F80023C3F80C23C3F81823C3F8202307
:10BD8000C3F81C23C3F81021704700BF00A008505F
:10BD9000844641EA000313F0030359D1403A33D3F8
:10BDA000F0B4F0C9F0C0F0C9F0C0F0C9F0C0F0C9FB
:10BDB000F0C0403AF5D2F0BC26E0403A24D300BFB0
:10BDC0000B6803604B6843608B688360CB68C3601B
:10BDD0000B6903614B6943618B698361CB69C36103
:10BDE0000B6A03624B6A43628B6A8362CB6AC362EB
:10BDF0000B6B03634B6B43638B6B8363CB6BC363D3
:10BE000040304031403ADBD230320BD30B68036014
:10BE10004B6843608B688360CB68C360103010311F
:10BE2000103AF3D20C3205D351F8043B40F8043BEE
:10BE3000043AF9D2043208D0D2071CBF11F8013BF2
:10BE400000F8013B01D30B8803806046704700BFB8
:10BE5000082A13D38B07B0D010F00303ADD0C3F181
:10BE60000403D21ADB071CBF11F8013B00F8013BA9
:10BE7000A3D331F8023B20F8023B9EE7043AD9D322
:10BE8000013A11F8013B00F8013BF9D20B7803703D
:10BE90004B7843708B78837060467047014B1B680A
:10BEA0001B68184700010020014B1B685B6818479E
:10BEB00000010020014B1B689B681847000100200F
:10BEC000014B1B681B69184700010020034B1868D1
:10BED000034BC01A18BF0120704700BF00010020AB
:10BEE000E4BE0000670C0100730C0100770C010038
:10BEF0007F0C0100830C010053B94AB9002908BF27
:10BF000000281CBF4FF0FF314FF0FF3000F00CB89D
:10BF1000ADF1080C6DE904CE04F0BDFEDDF804E0DF
:10BF2000DDE9022304B07047704700BF08B5F4F79D
:10BF30009FFEF7F737F8F4F7A3FC002008BDFFF7E2
:10BF4000C3BD012001F066BBF6F798BF01F05DBBF1
:10BF500001F05EBB01F056BB10B586B0044601A8E7
:10BF6000FFF7B2FD02230020237005236070A37049
:10BF70009DF80430E0706371BDF805302071E380F6
:10BF8000DDF80730A36006B010BD00F0F4BF70B557
:10BF90000446FCF71BFB012805461AD1601CFCF780
:10BFA0001DFBB0B1A3790020E61D63F03F03A37130
:10BFB000F7F718FB38B110220021304604F032FEAA
:10BFC0000020257070BD3046FCF71CFB0028F2D025
:10BFD000F6E70025F4E710B504461022002104F02E
:10BFE00021FE04F1100310220021184604F01AFE6D
:10BFF000FCF722FB0020F7F7F5FA20B12046FCF70A
:10C0000001FB002010BDFCF7E1FA0028F6D0F8E7AC
:10C0100010B50446FFF7ECFDB0F5007F09DA10F526
:10C02000007F08DD031EB8BF03339B100020237080
:10C0300010BD7F23FAE76FF07E03F7E78178008871
:10C0400001F09CBA37B505460C4600880DF1060193
:10C0500001F079F82B882380BDF80630638003B0A7
:10C0600030BD38B505460C46F4F716FE30B13E2D0E
:10C0700004D12046BDE83840F4F752BE38BD37B58C
:10C0800004462046F7F7F8FE022805460FD004289C
:10C090000DD123788A2B0DD0942B21D0204600F08F
:10C0A00038F8A1782078FFF7DCFF0028E9D028468F
:10C0B00003B030BD05213E20FFF7D3FF0028EDD1AE
:10C0C000E37801A92279684643EA0223ADF80030FB
:10C0D00001F0E0F90028D4D053210820F4F794FBB4
:10C0E0001A213E20FFF7BDFF0028D7D163796946AA
:10C0F000A27901A843EA0223ADF8043011238DF898
:10C100000630F6F7B3FE0028BBD06521E5E702F064
:10C1100091B810B503780446813B1B2B43D8DFE868
:10C1200013F0430049005500590063007B00810073
:10C130001C0075004F008F0095006F00850089007E
:10C140009B00A900C300CE00DC00E2000101070152
:10C150000D0113014200FB00F5002920F4F7E0FD7A
:10C1600030B13E232370222363702923A3701AE089
:10C170000A20F4F7D5FD3E23237018B11F23637006
:10C180000A23F3E70123A37013236370E37903F019
:10C190000103E371D4F81A30C4F80E30E38B6382E4
:10C1A00094F82030237510BD3E23037004234370A0
:10C1B0001423DBE73E2303700A2343700323D5E7F0
:10C1C0003E2303700D2343700523CFE7052323701F
:10C1D000042307E05A20F4F75FFD08230028F6D077
:10C1E0005A2222706370DEE75B20F4F755FD18B128
:10C1F0005B2323700623F5E7302323700323F1E745
:10C200003E2303700B2343700723AFE73E230370E5
:10C21000062343700C23A9E71323037083789B0044
:10C220000133DFE7572303700223DBE73E2303706C
:10C230000D239BE73E23037001234370112395E7F1
:10C240003E2303700623437012238FE73E230370BF
:10C2500009234370132389E73E2303702420F4F756
:10C260005FFD18B12423A3701423BBE70E23A37032
:10C270001023B7E73E2303702520F4F751FD227BFE
:10C2800020B125230B32A37062708CE70F2304F1D9
:10C290000B0104F10800A37002F10803023263707D
:10C2A000BDE8104004F0A7BC3E2303702620F4F73D
:10C2B00037FD18230028D6D02622A27092E73E230D
:10C2C00003702A20F4F72CFD18B12B2363702A2366
:10C2D0004CE71D236370192348E73E2303700723AF
:10C2E00043701A2342E73E2303703820F4F718FD09
:10C2F00018B13823A370262374E72C23A3702023BE
:10C300006370E38A03F00F03E3824CE7FF230370BB
:10C310000D234370802329E7FF23037029234370F3
:10C32000812323E73E2303700C23437023231DE75F
:10C330003E2303700E234370372317E73E23037019
:10C340000A234370352311E73E230370FE23437015
:10C350002B230BE708B510B96FF0150008BDFFF7E8
:10C36000D6FE0028F8D00020F8E710B50C4648B1FA
:10C3700041B1FFF784FE002820700CBF6FF022004F
:10C38000002010BD6FF01500FBE7F8B5941C0E46B9
:10C39000054617460C446343B3F5004FA8BF4FF062
:10C3A000FF3310F003019CB203D0B0211420F4F746
:10C3B0002BFAB4F5004F01D9B121F7E7142204306C
:10C3C00004F030FCEF746C802E80F8BD38B5038823
:10C3D000C4888B420589C4F30E0203D2D1211420F4
:10C3E000F4F712FA84EA0503C3F30E030BB9AC4267
:10C3F00006D102F118030122C1528274184438BDDB
:10C400001846FCE7023101444A43B2F5004FA8BF89
:10C410004FF0FF3290B21B3020F00300B0F5004F18
:10C4200034BF00B24FF0FF30704740881B3020F01F
:10C430000300B0F5004F34BF00B24FF0FF3080B2C0
:10C44000704738B503888B4203D2F7211420F4F7E4
:10C45000DBF9857C65B1C388C3F30E031833C25A78
:10C460008A4207D3C152811DF4F76AFC002383740A
:10C47000284638BD0025FBE703461830F0B59E88F6
:10C48000DD88B4B2C6F30E06A54214D05F89DD7C08
:10C49000845B3D44E41B0235A4B2354428440D8836
:10C4A000A54284BF0C8025465989B1FA81F149091A
:10C4B0001170DD81F0BD00252846FAE7F8B58288C5
:10C4C0000026C38904460D4692B20E60CBB1418965
:10C4D000C2F30E020B4418329BB28718825A438172
:10C4E000934204D94FF4A2711420F4F78DF904D1CA
:10C4F000011DF4F725FC46812F6000230120E38114
:10C50000F8BD1846FCE78388014602899BB29A422F
:10C5100002D00831F4F714BC70478388C0889BB2FE
:10C52000C31A584258417047828873B595B2C4887F
:10C53000C2F30E02AC4202F1180212D04189C68940
:10C54000835A314499420EDB0DF10601ADF80650D5
:10C55000F4F7F6FBBDF80600001B18BF012002B07F
:10C5600070BD0020FBE70120F9E770B5C4880346E1
:10C5700006891830C4F30E0584EA0602C2F30E02DF
:10C580000AB9B4420FD19C891A880CB1465B921B40
:10C59000914207DCDA7C2C440232224410440A46E1
:10C5A0001A8270BD00221046FAE7F8B5038A002B04
:10C5B00038D08B4236D3C48800F118038589C4F380
:10C5C0000E041E1995B91D55757085891E5B0D44A5
:10C5D0003144ADB285811953D2B1811DF4F7B0FB5E
:10C5E00000238381002303820120F8BD1E5BAE423D
:10C5F00004D04FF4F6711420F4F706F9C57C2644F4
:10C60000878A023535445E195F53857DB570DCE756
:10C61000C27C254402322A4499189B5A83828B7823
:10C620008375DFE70020E0E78388C2889BB29A42E7
:10C6300006D0428922B9C3F30E0318331844704759
:10C6400000207047C37C0233C8187047C37C023394
:10C65000C81A70470230704738B58388C2889BB2C9
:10C660009A4207D045892DB9011DF4F769FBC581B0
:10C67000012038BD0020FCE703881380C388C3F382
:10C680000E031833034480890B607047036800224F
:10C6900023B9C0E90132031D0360704759681B6864
:10C6A0000A44F5E70729034670B504D84FF4EC7146
:10C6B0001520F4F7A9F80068C0B1446806461A6866
:10C6C0008C4210D0106860B901F10805AC420DD35E
:10C6D000546850501868651A5418006865605050C6
:10C6E00002E01346E9E7146830461C6070BD002381
:10C6F000C1E9003203680B600160704730B590B14A
:10C700008478B1FBF4F304FB131300EB430252896A
:10C710008A4201D1D8B230BDC27822B900F10803F3
:10C72000D0B2844201D8FF20F5E733F8025F01322E
:10C730008D42F5D1EFE78278038805324B4303EB56
:10C7400042031844704737B500240546CDE900443C
:10C750008DF806006846ADF80440F4F7D1FCBDF84A
:10C76000044008B103B030BD29462046F4F7A4FCCC
:10C770000028EFD040F235211720F4F745F870B5C6
:10C780001E460D460921FFF73DFE044632460921AB
:10C790002846FFF737FE40EA04031B0454BF001984
:10C7A0004FF0FF3070BDD31D23F0070370B5083381
:10C7B00090B110F0070403D058212220F4F724F898
:10C7C00004604FF6FF75C28000F108040A468180BC
:10C7D000013A92B2AA4203D103FB01F0083070BDC6
:10C7E0000668266004601C44F2E70123037070476A
:10C7F000F8B50C46054611461E4684F00104640057
:10C80000E4B2FF23837003191B7D012B05D0013493
:10C81000E4B203191B7D012B0AD105EB44073B8BC6
:10C820003A8C9819904205DD00232C443B832375F4
:10C830000020F8BD05EB8404324660681844FFF719
:10C84000A7FA3B8B1E443E830023AB700120F0E728
:10C8500081F00101490010B5C9B2FF23837043186C
:10C860001C7D012C07D10C3120F8112002221A75F1
:10C870000023837010BD0131C9B243181C7D012C07
:10C88000F1D04FF499710920F3F7BEFF024630B59D
:10C89000837803F0FF00F3B9137D022B19D0537D89
:10C8A000022B15D10346012089B10024D5180C3381
:10C8B0002C7522F81340131803241C7502EB800317
:10C8C0005B680B6000F10C0332F813308B800120A1
:10C8D00030BD0123E8E70020FAE7034630B582784F
:10C8E00002F0FF00E2B99A7D022A17D0DC7D022C0B
:10C8F00013D1032281B11D1900200C34287523F8AF
:10C90000140098180324047503EB82000C3240686D
:10C9100033F8123008608B80012030BD0324E9E732
:10C920000020FAE7037D012B01D1008B7047437D86
:10C93000012B0CBF408B00207047837D012B01D160
:10C94000808B7047C37D012B0CBFC08B00207047CC
:10C95000838B23B9C08B003818BF0120704701209A
:10C960007047027D022A01D1008B7047437D022B64
:10C9700001D1408B7047032AF6D0032BF9D0002059
:10C980007047827D022A01D1808B7047C37D022BC4
:10C9900001D1C08B7047032AF6D0032BF9D00020B9
:10C9A00070472DE9F0410646069898460D46430724
:10C9B00011469DF81C7002D010F0030003D0252111
:10C9C0004C20F3F721FF4FF48B72FFF7ECFE002FA2
:10C9D00006AB044600FB08F114BF00201846F4F72C
:10C9E000D1F917B9069B33602C60BDE8F081F4F7EC
:10C9F00095BDF4F7EFBD08B501210020F4F746FB23
:10CA000020B940F64A313220F3F7FEFE90F8940048
:10CA1000003818BF012008BD90F86C00003818BF1E
:10CA20000120704710B50E21F4F7F4FA044618B946
:10CA30005E215320F3F7E8FE4FF4BA72002104F0B0
:10CA4000F1F80123142284F8F33084F8F42084F8F8
:10CA5000173110BD0020704700207047704701203B
:10CA6000704770470020704770470020704770473C
:10CA7000704700F0FD00003818BF012070478207A2
:10CA8000034607D410F0010005D113F0040018BFCD
:10CA900003207047022070478207034607D410F036
:10CAA000010005D113F0040018BF032070470220D5
:10CAB00070472DE9F0411646B0F86A70B0F86C5036
:10CAC00071B303F081F80446022101F029F8804691
:10CAD0000221204601F024F8474528BF4746BFB24F
:10CAE0001B2F38BF1B27FB2F28BFFB27854228BFE2
:10CAF00005467780ADB21B2D38BF1B25FB2D28BF07
:10CB0000FB25B4F5A47F38BF4FF4A474F580B4F5C9
:10CB1000296F28BF4FF42964B4803481BDE8F081C7
:10CB200002F0C2FACFE7002307B5CDE900330323B3
:10CB30008DF806306846F4F7E3FA08B1002004E007
:10CB4000009802F068FB0028F4D003B05DF804FB05
:10CB500013B501210020F4F799FAC0B90121084664
:10CB6000F4F794FAF8B9FFF7DEFFA0B906236C4694
:10CB7000019000908DF806302046F4F7C1FAC0B15C
:10CB800000230093636007238DF806301FE0A83070
:10CB9000FFF742FF10B1012002B010BDFFF72BFFDD
:10CBA0000028DBD0F7E7A830FFF736FF0028DAD0FF
:10CBB000F1E70098403002F045F90028DCD0EAE7C0
:10CBC000009B586F503002F03DF90028E4D1204618
:10CBD000F4F796FA0028F3D00020DDE71FB5002215
:10CBE00040F6881303A90092FCF7DCFF05B05DF85E
:10CBF00004FB10B5044638B1F6F75AFA24EA0000EF
:10CC0000B0FA80F0400910BD0120FCE738B50446B9
:10CC100002F07FFCD8B1204602F0FDFA08B90020EE
:10CC200038BD204602F010FA0546204602F00FFA01
:10CC300078B9002DF3D00221B5F8AA00F4F73CFA38
:10CC40000028ECD041F6D6213920F3F7DDFD422053
:10CC5000E6E70C20E4E7F0B587B00546008802A9B6
:10CC600000F0C4FF044600287CD1029B93F8702199
:10CC7000029ED11E4A424A418DF8062096F8A8200D
:10CC8000002A72D1DA7B222A72D19DF8062082F026
:10CC9000010293F862308DF807209B0603D49DF8BB
:10CCA0000730002B68D0EB881B3B9BB2E02B65D88C
:10CCB000298944F24810A1F5A4739BB283425DD840
:10CCC0006B881B3B9BB2E02B58D8AA88A2F5A473B3
:10CCD0009BB2834252D8B1F5296F51D8B2F5296F72
:10CCE0004ED8FF2786F82F719DF80630002B41D1D2
:10CCF000029B03AA06F1A80093F8A810B1FA81F1EB
:10CD00004909FFF7D6FE6A88BDF8123040F64800A0
:10CD1000BDF814109342B5F806C028BF13468142EF
:10CD2000AA88A6F8343128BF0146BDF80E30634505
:10CD300028BF6346A6F83031BDF81030834228BFC3
:10CD400003462889834228BF03468A42A6F8323127
:10CD5000134628BF0B46A6F8363186F82E710023FD
:10CD600086F82F31204607B0F0BD1A6892068CD4A1
:10CD700022468EE73A24F2E71A24F3E71224F1E779
:10CD80001124EFE710B50446FFF7CDFE58B9012195
:10CD90000020F4F77BF9D0B901210846F4F776F9C1
:10CDA000D8B9012009E0F6F727F968B1F5F7E8FBF3
:10CDB000044602F0E2FC08B1002010BD204602F05B
:10CDC000D8FC0028E3D0F7E7002CE0D1F4E7A83046
:10CDD000FFF722FE0028DFD0EEE7A830FFF71CFEA9
:10CDE00080F00100C0B2E8E7006890F8A8303BB1DD
:10CDF00090F8EA3123B1002380F8EA31F8F7A2BDB8
:10CE0000704710B503780446012B01D9122010BDDC
:10CE1000FFF79EFE60B92078FFF72BFE01280DD0AA
:10CE200004F11703E21D611CBDE81040F6F74EBD8A
:10CE3000F6F7DEFD0028EED00C20E8E7A37903F03A
:10CE4000C003C02BE2D1EBE710B503780446012BF9
:10CE50000AD8FFF77DFE48B9214611F8010BFFF70C
:10CE600008FE00F000FE38B9122010BDF6F7C0FD34
:10CE70000028F1D00C20F8E70020F6E708B500887C
:10CE8000F6F7BCFD00280CBF3020002008BD38B5E7
:10CE90000546FFF75DFE044638B92878003818BF0C
:10CEA0000120F6F79FFD204638BD0C20FCE708B5B1
:10CEB000FFF74EFE18B9F6F785FD002008BDF6F71E
:10CEC00097FD0028F7D00C20F8E708230370002016
:10CED0007047112243F239030270C2705922A0F840
:10CEE00001308280C38000207047082108B5F4F724
:10CEF00045FB002008BD73B5064600880C46088037
:10CF000001A980B200F072FE054640B9B3784BB972
:10CF1000019B93F92801A070FBF7D8F8A070284670
:10CF200002B070BD7F20FFF759FEF4E710B504464C
:10CF30006FF07F00FFF752FEFBF7C8F820707F20EC
:10CF4000FFF74CFEFBF7C2F86070002010BD0A46E8
:10CF500000F1100108B5072303F0B7FD002008BD5C
:10CF600010B5014604460020F6F722FB08B9206000
:10CF7000A080002010BD10B50446F6F70DF828B9C2
:10CF800000202146F6F7FCFA002010BD0020FFF734
:10CF9000F9FE0028F4D10C20F7E710B50446012073
:10CFA000FFF7F0FE28B101202146F6F7E9FA00204C
:10CFB00010BD0C20FCE7FFF74EBE1FB502880A80AB
:10CFC00044F2902183888B4215D8B3F5296FADF8D0
:10CFD0000420428801A828BF4FF42963ADF8062039
:10CFE000ADF80830ADF80A20ADF80C30FFF733FE8D
:10CFF00005B05DF804FB1220FAE737B508800D464E
:10D0000001A900F0F3FD044640B901982A4610F842
:10D01000A81FB1FA81F14909FFF74BFD204603B083
:10D0200030BD03466FF06F0100200A2210B56FF08B
:10D030000404587099701C70DA701C7158719971E1
:10D04000DA7110BD10B50446FFF782FD58B920789B
:10D05000611CFFF70EFDE279F6F794FD80F0010008
:10D060004000C0B210BDF6F7C3FC0028EFD00C2082
:10D07000F8E773B500880D46088001A980B200F07A
:10D08000B5FD044680B9019E86F8224196F820013C
:10D09000F5F76EF9A87096F82101F5F769F9E870CF
:10D0A00096F82231002BEFD1204602B070BD1FB59B
:10D0B000044603A9008800F099FD38B9A388022B23
:10D0C00014D8E078FFF795FD10B9112004B010BD19
:10D0D000A078FFF78EFD0028F7D0012303A8009366
:10D0E000A388E278A178F6F79FF8EFE71220EDE742
:10D0F00037B58378C17803F00104027903F00203A5
:10D1000051EA04051DD052EA03051AD0002C18BFBD
:10D110000021002B037818BF00228DF802108DF833
:10D120000320427843EA0223ADF800304379827944
:10D13000684643EA0223ADF80430FFF7B8FF03B0B6
:10D1400030BD1120FBE713B50C4601A900F04EFDE0
:10D1500028B9019B93F8A820DB8812B9238002B07C
:10D1600010BD0133FAE72DE9F04385B0044600888D
:10D1700003A900F03BFD064688B9F5F781FF036877
:10D180009F0740F1D780DDF80C9099F82A31002BE9
:10D1900040F0D080A38862889A4204D91226304693
:10D1A00005B0BDE8F08342F210729342F6D8A3793D
:10D1B0005E07F3D0B4F80730DD06EFD0F5F778FF5F
:10D1C000A3790746834301D01126E8E7B4F8073076
:10D1D0001F2BF9D812212088F3F758FF20B941F20C
:10D1E000E4413920F3F710FB0369980740F1A4806C
:10D1F000DDF80C8098F8523103F0FF060BB13A26A7
:10D20000CDE798F80F304E2BF9D0039B93F8A82068
:10D21000CAB1208802F0BBFDB4F80720A179054609
:10D2200002F0C7FDA388984238BF18466880A379EA
:10D230002B72B4F807108AB2A980618895290CD99D
:10D240009B2850D910E0B4F8072012F0180FE0D056
:10D2500093F89032002BDCD0D1E7042A1CBF22F0D7
:10D260000402AA809B2806D9AA8812F0180F1CBFB6
:10D2700022F01802AA80862935D8042B30D1AB8839
:10D28000002BA1D001F0F6FD00282FD1FEF71EFEE5
:10D29000AA88510700D458B36388962B38BF9623C9
:10D2A0002B80F5F7B3FF48B917F0040F2B8814BF94
:10D2B00087226322934238BF13462B80AA882946CF
:10D2C0002B8803A801922A7A0092D9F8C82002F08C
:10D2D00057FE00283FF462AFFF2388F852315EE723
:10D2E00003F0FB032B72002BC9D16DE70120CFE7C0
:10D2F0002B7A13F0140F04D06388872B38BF872351
:10D30000CEE712F0180F04D063886E2B38BF6E235F
:10D31000C6E7DA0704D56388462B38BF4623BFE744
:10D320009B0704D56388412B38BF4123B8E741F2FE
:10D33000445156E70C2632E71A2630E707B5008835
:10D3400001A900F075FC30B9019B93F83F2112B997
:10D35000FF2283F83F2103B05DF804FB10B50446BB
:10D36000F5F788FE20600020616010BD10B504460E
:10D37000F5F780FEC4F80510C4F80100F5F780FE4B
:10D380000368EC220021C4F8093004F10D0003F019
:10D3900049FCF5F779FE2070002010BD37B5044632
:10D3A000F5F7EEF8054623781F2B18D8C16C042238
:10D3B0006846F3F7E5FF22460021E86C12F8013BCE
:10D3C000FFF716FA68B1EC6C2046FFF7B6FA0021B9
:10D3D00002462046FFF73CFA002003B030BD122081
:10D3E000FBE70720F9E737B50446F5F7C9F8054626
:10D3F00023781F2B18D8C16C00226846F3F7C0FFB2
:10D4000022460121E86C12F8013BFFF7F1F968B1FF
:10D41000EC6C2046FFF786FA012102462046FFF712
:10D4200017FA002003B030BD1220FBE70720F9E710
:10D4300073B505460026F5F7A3F804468DF8046099
:10D4400002F09FF92B78C0018DF80760012BADF831
:10D45000050005D101A92046F5F7B0F902B070BD6D
:10D460002BB9204602B0BDE87040FFF7CFBB1220B9
:10D47000F4E710B5044634F8020B0880022180B2AC
:10D48000F3F704FE20B12146BDE8104002F06ABB6C
:10D49000022010BD008808B50880022180B2F3F791
:10D4A000F5FD20B10021BDE8084002F05BBB022081
:10D4B00008BD37B5044600880D460880092180B2B2
:10D4C000F3F7E4FD10B10C2003B030BD0B21208830
:10D4D000F3F7DCFD0028F6D10C212088F3F7D6FD08
:10D4E0000028F0D101A9208800F080FB0028EBD1B2
:10D4F000019B9B8F6B80E7E737B504460088088067
:10D50000092180B2F3F7C2FD10B10C2003B030BD89
:10D510000B212088F3F7BAFD0028F6D10C212088D2
:10D52000F3F7B4FD0028F0D163880BB91220EDE7C2
:10D5300001A9208800F05AFB0028E7D1658842F253
:10D540001072019BA9B2D3F8C8405143B3F8DE2052
:10D550006243B3F8D04004FB02229142E6D3D3F8F1
:10D56000C820D3F8C8409442F9D100229D875A635D
:10D57000621E0A44B2FBF4F29A63C7E710B50C4688
:10D580000221F3F783FD90B1022C12D804F00102BE
:10D59000C4F3400480F8EC2180F8EB4112B190F81C
:10D5A000EA310BB9002010BDF8F7CCF9FAE70220F8
:10D5B000F9E71220F7E710B504460078FF280AD0F3
:10D5C0000321F3F763FD58B16378A27843EA02239D
:10D5D000C384002010BDB4F80100F8F7DFFAF8E7C3
:10D5E0004220F7E710B504460078003818BF012044
:10D5F000FAF760FD2078003818BF0120F8F78EF99F
:10D60000002010BD0620F5F7FDBC0820F5F7FABC98
:10D6100002F0D8BAF5F7F4BD10B5044604B910BD50
:10D62000236898476468F9E703680BB9016070479D
:10D630001A465B6813B18A42FAD170478A4218BF12
:10D640005160704708B5F8F72BF9F9F741F820B1A8
:10D6500040F263119320F3F7D7F80320BDE80840A8
:10D66000FFF771B808B50220FFF76DF80020FFF74B
:10D670006AF8F3F7F7FDF5F737FFF4F709FD20B186
:10D6800040F243119320F3F7BFF808BDFFF7EABF5C
:10D6900008B5FFF7D7FFF9F76DFE20B14FF4BC7165
:10D6A0009320F3F7B1F808BD08B5F9F739F8F8F7A2
:10D6B00029F9BDE80840F9F71BB808B500F0A5F94D
:10D6C000F4F7F6FC0220FFF73EF80020BDE8084022
:10D6D000FFF739B8FCF72CBF0B46892203F8032B60
:10D6E000D0F80920C1F80320427B1A71704738B581
:10D6F0000D460446F5F7DCFC2B78002B08BF0346EB
:10D7000084F874306B78002B08BF034684F87530BA
:10D710006B88A4F8763038BD37B58B780546046839
:10D7200003F0070384F819314B7803F0070384F8FA
:10D7300018312623E37394F8393113BB94F8383148
:10D74000012B1ED094F8213194F81821D91E0129FB
:10D7500098BF04239A42B4F81E3118D194F82021BE
:10D7600094F81901D11E0129B4F81C1198BF0422A4
:10D7700090420CD10222A4F83A11A4F83C3184F86A
:10D780003821284603B0BDE8304001F02AB8022015
:10D7900094F81D2194F81C1100902846F5F744FDDB
:10D7A0000028EED04FF46671AE20F3F72DF838B5AF
:10D7B000036804460D4693F83831012B02D11E212F
:10D7C000F5F7ACFD2368002083F8380165B1182215
:10D7D00083F8992009229A7393F84A3093B940F25A
:10D7E0005B41AE20F3F710F8DA7B243A072A03D81E
:10D7F0002046DD7301F007F820461821BDE83840C7
:10D8000001F031B838BD08B503689A7B22B14FF4F6
:10D81000E671AE20F2F7F8FF24229A7308BD0346A2
:10D8200010F0010007D19A0704D413F0040018BFC8
:10D8300003207047022070472DE9F34B164605463A
:10D8400010461F4646EA0104FFF7E9FF83460846F3
:10D85000FFF7E5FF89464BEA0404DDF828800190D4
:10D860000443E4B2003C18BF0124F5F721FC064054
:10D8700018BF5E46F5F71CFC95F8202110EA090157
:10D88000019B18BF1946B24214BF3346002388F8E3
:10D89000003095F821218A4208BF00210B4388F807
:10D8A00001100AD1EB88013FFF1A47F6FD73BFB2A2
:10D8B0009F428CBF002404F00104C6B995F82001F2
:10D8C000F4F766FD03280ED195F83831012B0AD103
:10D8D000B5F83C2195F82031012A0AD1042B0AD051
:10D8E000042388F80030204602B0BDE8F08B032EF8
:10D8F000E9E7032BF7D00323F3E7032906D1012837
:10D900000AD104210120518013807047042903D1DA
:10D91000012801D00321F5E700207047012807D036
:10D92000022805D0033801288CBF00200120800088
:10D9300070472DE9F0410C6805460F4694F84222E5
:10D94000D31E012B2DD894F82031D91E012928D8B7
:10D95000D31A18BF012394F84302FFF7DFFF0646EE
:10D960000BBB1046FFF7DAFF804694F89F306BB987
:10D9700048EA060313F0FF0306D0204600F093FFA9
:10D980003B68DB8803449BB2A4F84032B4F84032D1
:10D990000520AE70EB701B0A85F801802B71BDE885
:10D9A000F0810023D7E74FF00008DEE770B5056887
:10D9B00002460B46EC7BA4F12406072E15D994B938
:10D9C000AD7B292D11D04D786E0706D08D786D076F
:10D9D00003D0FFF7A1FE204670BD19781046BDE8C0
:10D9E000704000F040BF0124F5E72024F3E708B5BC
:10D9F0000368DA7B262A05D022B140F2D351AE204B
:10DA0000F2F702FF2722DA7308BDF5F76DBD704704
:10DA100030B542401C7808785D7860404C786C40A6
:10DA20009D7820448C786C40DD782044CC786C4024
:10DA30001D795B7920440C7949796C404B40204436
:10DA400018441044B0FA80F0400930BD024600206E
:10DA50000139C9B2FF2900D17047535C83F001033B
:10DA60000344D8B2F4E708B5F5F7C8FD082807D095
:10DA7000F5F7E6FD082803D0F5F7F6FD012008BD0F
:10DA80000020FCE708B5F5F7B9FD082803D0BDE88C
:10DA90000840F5F7D5BD08BD08B502F065FD18B121
:10DAA000BDE80840FAF744BD082008BD0144002342
:10DAB000884203D1B3FA83F04009704710F8012B74
:10DAC0001343F5E7F8B505460C46D0E9047602F0B5
:10DAD0002FFF18B952212920F2F796FEE4B1D5E9BB
:10DAE0000423D21B63EB0603012A73F100014FF0FC
:10DAF000000113DB6FF001009042994101DA5C21D3
:10DB0000E9E7631E1344B3FBF4F35C43E41946F105
:10DB10000006C5E904461C462046F8BD0C46FBE756
:10DB2000022905D13C281AD980100F3880B27047DD
:10DB3000CB1E012B0ED804290BBF96234FF416736E
:10DB40001022402203F5BC73984208D9C01A90FBFA
:10DB5000F2F0EBE7702802D9C0100E38E6E700209B
:10DB60007047022908B5034614D005D8012909D009
:10DB7000E7212920F2F748FE03390129F8D840F6B9
:10DB8000A66008BD40F6C41040F2E242002B08BF78
:10DB90001046F6E740F6C410F3E7801A723810B565
:10DBA0008842029C94BF091A491A2268012902EB93
:10DBB000510294BF0020012022601A68A2EB51029A
:10DBC0001A6010BD69B1A0F57A7241F270739A4281
:10DBD00007D84FF47A73B0FBF3F000F5506080B2D1
:10DBE000704740F2E243B0FBF3F0F8E738B50C467B
:10DBF00000210546F3F74AFA206048B90221284679
:10DC0000F3F744FA2060B0FA80F04009400038BDD4
:10DC10000020FCE70368587BC0B293F830302BB982
:10DC200000F0FB00003818BF01207047002070474B
:10DC300010B50C46FFF7DAFF38B92046FFF7EAFFC8
:10DC400080F001004000C0B210BD0220FCE738B5F2
:10DC50004FF444720D460021044602F0E3FF6FF0DA
:10DC600036020123A4F8AA5084F863200422E37545
:10DC700084F864206FF03B0284F86A3084F86520F1
:10DC80006F2284F8A83084F86620032284F8672085
:10DC9000002284F868206FF07F0284F869202B222C
:10DCA00084F86220FE2284F89E207F22E27238BD32
:10DCB00040F6B83307B5B0F8D220D0F8C8100190BC
:10DCC000838701A8F5F79CFF03B05DF804FBC2B29F
:10DCD00092FAA2F2030A93FAA3F31B0E100E40EA83
:10DCE00003207047013105300022C9B270B510F829
:10DCF000013F8B4216D310F8054C0023012505FA8D
:10DD000003F626421CBF01F1FF31C9B269B10133EC
:10DD1000082BF4D10132D2B2052AE8D19B2146204A
:10DD2000F2F772FDC91AC9B2F4E703EBC200C0B240
:10DD300070BD0B6870B5C0F8013004460B7905461C
:10DD4000461D03F01F0343710023C37215F8010F32
:10DD500000F0DDFC6871B542E37A1844E072F5D159
:10DD600070BD81EA114170B58CB20546C17A0326B7
:10DD700082EA0400FFF7ABFF013E00EB001016F053
:10DD8000FF0604EB000290B2F4D144402522B4FB1C
:10DD9000F2F302FB1343C3F3C402D8B203F0070348
:10DDA0002A445678012202FA03F31E4207D1614346
:10DDB0002846C1F30741BDE87040FFF793BF70BD2F
:10DDC000F8B590F8225004466B1E242B03D9E121AC
:10DDD0004620F2F719FDDAB1C07D002843D194F84E
:10DDE000243094F8231002FB01322523B2FBF3F117
:10DDF00003FB1123DBB204EBD30203F0070684F824
:10DE00002430117E0122B240114202D084F8253024
:10DE1000F8BDB3FBF5F205FB123304F11C0101332D
:10DE200003F0FF0311F8012F9A4219D311F8055C92
:10DE30000022012606FA02F72F4208D0013B13F018
:10DE4000FF0304D102EBC00284F82520E0E7013291
:10DE5000082AEFD10130C0B20528E3D1D721B7E7B6
:10DE60009B1ADBB2F6E7E28804F11700496AFFF774
:10DE700078FF84F82500CBE70378890123F040037D
:10DE800001F040010B4303707047037803F07F03F8
:10DE900043EAC113037070471F2A38B5054614467C
:10DEA00003D9A8212A20F2F7AFFC06340930FDF788
:10DEB0006FFF6C7038BD1F2A38B50546144603D96C
:10DEC000CA212A20F2F7A0FC06340930FDF760FFD2
:10DED0006C7038BD0378024603F00F03032B3ED06D
:10DEE000052B42D1C37F90F82000034392F8210014
:10DEF000034392F82200034392F8230000F01F002E
:10DF0000184333D05378222B2FD1B2F81930B1B146
:10DF1000B3F5506F13D940F607518B4225D8B2F8AC
:10DF20001B30B3F5FA7F20D2B2F81D0040F67643DD
:10DF30000A3880B298428CBF002001207047991F98
:10DF400040F67A4089B281420FD8917D481E072859
:10DF50000BD8994209D2B2F817109942DEE74078FF
:10DF6000A0F10C0358425841704700207047C37815
:10DF700013F03F035DD007295BD8DFE801F0040B05
:10DF80001E29343F4A55037913F0010F0CBF0020BE
:10DF900005207047027912F002004BD0052002F0F4
:10DFA0000102072902EB420200EB4200C0B241D15C
:10DFB000021F9A42C8BF00207047027912F0040085
:10DFC00038D0052012F0020F1CBF0630C0B2E6E7C1
:10DFD000027912F008002DD0052012F0040F1CBFAA
:10DFE0000130C0B2EEE7027912F0100022D0052015
:10DFF00012F0080F1CBF0230C0B2EEE7027912F037
:10E00000200017D0084612F0100F1CBF0330C0B21A
:10E01000EEE7027912F040000CD0052012F0200F3C
:10E020001CBF1230C0B2EEE702795006F5D50620CB
:10E03000F4E70020704770B50C46064611461D46B1
:10E0400024B94FF41F712A20F2F7DEFBFFF78FFF90
:10E0500010B940F27D21F6E7031F2B443F2B02DD70
:10E0600040F27E21EFE72A4621463044BDE8704069
:10E07000FDF78EBE30B5C1F38003C1F38014C1F348
:10E0800040052344C1F3001404EB44042344C1F3CA
:10E09000401404EBC40403EB4403C1F300042C4418
:10E0A000C1F3C005134404EB44042C4403EB4403C4
:10E0B00013F0FF031CBF01330171C17818BFDBB23D
:10E0C00021F03F0103F03F042143C170591C41700E
:10E0D0001AB104339B1A013AC25430BD1B2A08B549
:10E0E00004D940F299312A20F2F78EFBBDE80840AE
:10E0F000FDF74EBE8388A1B1B3F5506F11D940F63C
:10E10000075293421BD8C388B3F5FA7F17D2008910
:10E1100040F676430A3880B298428CBF0020012036
:10E1200070479A420BD8B3F5486F08D84278511E11
:10E13000072904D89A4202D242889A42E2E7002094
:10E140007047013001F1200351F8042B994240F847
:10E15000042BF9D10B880380704738B51546044667
:10E16000FFF7EFFF2B68C4F823306B68C4F8273043
:10E1700038BD2DE9F04F85B08846154603A99DF8B6
:10E1800038400193FFF732FD814618B9039E2DB93F
:10E1900001237375012005B0BDE8F08FD6F8C0A04B
:10E1A00029465046FEF712F9074608B90020F2E763
:10E1B000F4F700FA8542F9D839465046FEF742FA9C
:10E1C000727D8346A0F80190002A18BF4FF0020824
:10E1D00080F800803846FEF73DFA0746DCB1B6F815
:10E1E000E640C4B102F077FA40F271225443241899
:10E1F00041F1000179602A4601990BF103003C606E
:10E20000FDF7C6FD29465046FEF71BF928B98321C4
:10E210002B20F2F7F9FA2146ECE7039B93F8A8309C
:10E2200033B103A8FEF7E0FD039B0022A3F8E2212F
:10E230000023AEE7437837B5C3F301120446032A3F
:10E2400003D8DFE802F0050E1D05002003B030BD45
:10E25000057803F00F00002300930221231D62883C
:10E2600007E0057803F00F00002301210093231D30
:10E27000628845EA0020FFF77CFF60B10120E5E7F6
:10E28000F4F7FEFE03685B05DFD56078012325788F
:10E2900000F00F00E0E7F5F7D1FEEFE71A230B706F
:10E2A00001234B708B707047F5F78EBD10B521B907
:10E2B00040F2A9211020F2F7A7FA4A600B72EFF39F
:10E2C000108472B6031D0B6042681AB1127A012ADB
:10E2D00008BF036003681960016004B962B6BDE855
:10E2E0001040F5F7BBBD0222F5F796BE0322F5F705
:10E2F00093BE0422F5F790BE0222F5F7D1BE8D231E
:10E300000B7030F8B53CA1F8033030F86B3CA1F845
:10E31000053030F8673CA1F8073030F8693CA1F8C7
:10E32000093030F8653CA1F80B30704708B5CB1EBA
:10E33000012B04D8800100F5747080B208BD01295A
:10E3400002D10E30C000F8E7022902D10F30800060
:10E35000F3E74FF40C710620F2F756FA022908B5DC
:10E360000DD005D8012908D0DC21B420F2F74CFAF1
:10E3700003390129F8D81E3000E00A3008BD1430F6
:10E38000FCE7022908B50DD005D8012908D0DC2109
:10E39000B420F2F739FA03390129F8D81E3000E029
:10E3A0000A3008BD1430FCE730B587B004460D468E
:10E3B000F4F706F980B334F8BE4C69462046FEF700
:10E3C0001CFE18B1FB212C20F2F71EFABDF8063016
:10E3D00003A8ADF80C40ADF80E30BDF80830ADF82C
:10E3E0001030BDF80230ADF81230BDF80430ADF891
:10E3F0001430FEF7E0FD10B14FF48271E3E7ADF8A1
:10E400000C009DF80C30002063F307009DF80D30E0
:10E4100063F30F2007B030BD2B469A2203F8032B7D
:10E42000D4F80920C5F80320D4F80D205A60B4F8B8
:10E4300011201A810423ADF80C30E2E740687047E0
:10E44000033901298CBFC08A4FF42960704770B529
:10E4500090F878608D88033E0C89012E04D943B171
:10E460001678033E012E04D8B5F5296F38BF4FF456
:10E47000296590F87960033E012E04D943B15378A1
:10E48000033B012B04D8B4F5296F38BF4FF429643E
:10E49000CB884A88A0F86430A0F86020A0F86250C9
:10E4A000A0F8664070BD8383BDF8003001834283CD
:10E4B000C38370471B2200294FF01B110CBF4FF480
:10E4C000A4734FF4296382840284028502F1A4724A
:10E4D000C160C3844384C383838343820382C0E9CE
:10E4E000052170470346B3F85810B3F86420F0B51F
:10E4F000914293F87940B3F85C5028BF1146033C31
:10E50000B3F86620E4B2B0F84E70AA42B0F85200F8
:10E51000A3F84E1028BF2A46012CB3F8544087BFF9
:10E52000B3F8566015464FF429664FF429658C42BE
:10E53000A3F8525038BF0C46B24238BF32468F4221
:10E54000A3F85440A3F8562026D1401B18BF012041
:10E55000B3F86020B3F85A10B3F84C509142B3F8B6
:10E56000504028BF114693F87820033A012A15D964
:10E57000B3F85E20B3F86260B24228BF32468D42E3
:10E58000A3F84C10A3F850200BD1944218BF40F0D0
:10E59000010000F00100F0BD0120D9E74FF429622D
:10E5A000EDE70120F5E738B5CB1E0446012B10D965
:10E5B000C58B438C9D4228BF1D46207AFFF7B6FECF
:10E5C0006389AB4228BF2B46984238BF184680B2B9
:10E5D00038BD4FF42965F0E72DE9F8439946074621
:10E5E0000D46808919461446FFF7A0FE06469DF8A1
:10E5F000208049463846FFF7D6FF86424146A8F1BB
:10E60000030828BF0646B88AFFF790FEB8F1010F4D
:10E610000346B6B28CBFFA8A4FF42962904204F1E5
:10E62000060028BF134628449BB233441844BDE873
:10E63000F8830346828F13B5403049B9598F93F858
:10E640007940009493F87830FFF7C6FF02B010BD10
:10E65000198FF4E770B50C46154619464BB9068F6D
:10E66000FFF7E7FF28443044A04294BF201A00205F
:10E6700070BD468FF4E738B50D4611460446FFF7E6
:10E68000D8FF2844606438BD2DE9F743064640882A
:10E690000F4690461C4601F07AFB814630B3414656
:10E6A000FFF75CFE214605464846FFF757FED7B9FF
:10E6B0000188AD880094033C06F1400043460022E7
:10E6C000FFF78AFF012C06468CBF0024282487B957
:10E6D000CB3400F0DDFB03199D422CBF7019F018FC
:10E6E00003B0BDE8F08329888588E3E796252946AD
:10E6F000E0E704F2111400F0CBFBECE701F19C031E
:10E7000083423DBF9C38401A40080020704700F00B
:10E710005503400800F05500034403F033009B0804
:10E7200003F03303034403F00F0000EB13107047B2
:10E7300032280CD006D8162818BF012894BF012013
:10E7400000207047A0F13E03584258417047012015
:10E75000704708B50246FFF7EBFF40B10846FFF7E8
:10E76000E7FF20B18A420CBF23202A2008BD8A423D
:10E770000AD1A2F13003DBB20B2B0FD840F62100F7
:10E7800020FA03F3DB071ED4322901D1262A03D055
:10E79000322A03D1262918D12A20E7E73E2907D1BA
:10E7A000262AF9D03E2A12D03B2A10D11F2902E096
:10E7B0003E2A04D126290CBF2A200020D6E73B2977
:10E7C000F2D11F2AF7E72320D0E73E29F7D1002016
:10E7D000CCE7036800229A7383F84A20A3F8462006
:10E7E0007047026892F8A8302BB9A2F84E30012386
:10E7F00082F8503070470023A2F84E3092F8503023
:10E8000001335BB2F4E7026808B592F8A83013B997
:10E8100082F8503008BD92F85030013B5BB2002BBB
:10E8200082F85030F6DA52214A20F1F7EDFF08B5B0
:10E83000036883F89B1083F89A203522DA73FFF778
:10E84000D0FF002008BDA0F10A03042B09D9A0F1D4
:10E850004703012B05D9243807288CBF002001204D
:10E860007047012070470268136810B513F0080460
:10E8700008D143F0080382F898101360FFF7B1FF46
:10E88000204610BD0120FCE7036810B5DC7B44B9CD
:10E890000A7883F898200322DA73FFF7A2FF204654
:10E8A00010BD0124FBE7D0F8C82041F64B539A4233
:10E8B00096BF4AF6C8730623B3FBF2F3B0F8D02034
:10E8C000B0F8DE001344584380B27047036800205C
:10E8D0001A7C073A012A81BF4A785A7407221A74AF
:10E8E00070470268137C073B012B84BF0823137415
:10E8F0007047026870B5D57BE5B9CB88D688A2F899
:10E90000D832013B9B1B47F6FD769BB2B34206D93A
:10E91000282382F83130F5F779FF284670BDD1F809
:10E920000130C2F8DA324B7982F8DE320A2203680B
:10E93000DA73F2E70125F0E72DE9F74F064689463D
:10E9400090460193FFF7AFFFD6F8FC71044657B924
:10E950000023C8F80030F38823449CB2019B1C803C
:10E9600003B0BDE8F08FF6F717FA0028F0D1D6F81B
:10E97000C8C0D6E978320CFB04FE1EEB030ED7E9C3
:10E98000021342F100020B44D7E900155B1845F170
:10E990000005734575EB020114D2BEEB03016FF065
:10E9A000010B62EB050A8B4570EB0A0A03D23D218D
:10E9B0005620F1F729FF3869471E3944B1FBF0F1C1
:10E9C000E0FB0135B3EB0E0365EB02056FF00102CE
:10E9D0009A424FF00002AA4101D24821E8E7B3FB76
:10E9E000F9F209FB1233B3FBFCF291B20CFB1133C9
:10E9F000C8F80030F3881C441444A4B2AEE70B46B8
:10EA0000822203F8032BD0F80920C1F80320D0F8A4
:10EA10000D205A60427C1A720023CB707047036845
:10EA2000F7B5DD7B06460C46002D63D193F82971BE
:10EA300006230DF107018DF80730FEF719F89DF850
:10EA4000072039462046FFF755FB38B92178304674
:10EA5000FFF709FF0546284603B0F0BD3268638919
:10EA6000D188A2F8D832013B5B1A47F6FD719BB200
:10EA70008B4206D92823304682F83130F5F7C6FE9E
:10EA8000E9E7A3886FF450615918062995BFA3F5EB
:10EA9000506340F2E2414FF47A7128468CBF4B43F9
:10EAA0004B43C2F8E0326378C0B103EB830303EB5E
:10EAB00083039B00A2F8DA326388C0B164214B4320
:10EAC000C2F8DC32E388A2F8E4322389A2F8E63205
:10EAD000002382F8EC320D23D373BCE7C3EB431160
:10EAE00003EB810303EB83035B009BB2E2E740F29D
:10EAF000E241E4E70125AEE7F8B50D6804460F46AC
:10EB0000D5F84C0295F82911FFF75CF86FF45062C4
:10EB1000B5F8463282182071000A92B26071062A56
:10EB20008BBF40F2E2426422002601268CBFB3FB79
:10EB3000F2F3B3FBF2F36370B5F85032A3711B0A22
:10EB4000E371B5F8523223721B0A6372386890F889
:10EB50009F303BB905F5117305F51272D5F84C12CB
:10EB6000FFF7EAFEB5F84432A3721B0AE372D5F848
:10EB7000483246B164220C20B3FBF2F3A370C3F316
:10EB80000723E370F8BD40F2E242F4E70B4684222B
:10EB900003F8022BD0F80920C1F80220D0F80D208C
:10EBA0005A6070470B46852203F8022BD0F80920E3
:10EBB000C1F80220B0F80D209A80704738B503687C
:10EBC0000546DC7B34B1113C0F2C8CBF012408249A
:10EBD000204638BD1A7D002AFAD0D3F8A4302BB9CC
:10EBE000FFF7FFFD2B681122DA73F1E70C220A21EF
:10EBF000BDE83840FFF71BBE08B50368DA7B162A6C
:10EC000004D040F253211F20F1F7FEFD012283F8CA
:10EC100051201822DA7308BD0368DA7B122A05BF77
:10EC2000132200200220DA737047036810B5DB7BE3
:10EC300004461C2B06D1FFF7E6FD236820220020A6
:10EC4000DA7310BD0220FCE708B50368DA7B112AED
:10EC500004D040F27E211F20F1F7D6FD012283F877
:10EC600051201222DA7308BD08B50368DA7B182A2E
:10EC700004D040F28A211F20F1F7C6FD1C22DA736E
:10EC800008BD3E230B700C234B7004238B70D0F80F
:10EC90000930C1F80330D0F80D30C1F80730B0F8B2
:10ECA0001130A1F80B30C37C4B73704708B5036873
:10ECB0009A7B1AB1CF211C20F1F7A6FD04229A738A
:10ECC00008BD08B5036893F8A82032B9DA73A3F831
:10ECD0004E20BDE80840FFF796BD1A68D10703D45F
:10ECE000DD211C20F1F790FD22F001021A60F0E70F
:10ECF00087230B7030F8AC3C4B807047036893F867
:10ED0000A8109A7B59B9052A08BF00224FF00000CD
:10ED100002BF83F83E2083F84A209A7370470F2A77
:10ED2000F2E738B5046894F8A85045B9E37B4BB9CD
:10ED3000FFF757FD45B90223E373002038BD236870
:10ED40005B07F5D50120F9E7236843F0040323604E
:10ED5000F3E7036893F8A8201AB11A6822F00402B6
:10ED60001A60FFF750BD08B503689A7B1AB172218B
:10ED70004B20F1F749FD93F8A820002A14BF0F2279
:10ED800005229A7308BD10B5D0E90D42A24206D300
:10ED90000B8D121BC98E05334B43934202D30123C3
:10EDA00080F83E3010BD0C230B7008234B700023FD
:10EDB0008B70B0F85630A1F80330437A4B71438919
:10EDC000CB8083890B81704710B5046894F8533069
:10EDD0009A070CD4A37B1BB177214020F1F714FDD7
:10EDE0000122A4F84630A27384F84A2010BD94F89A
:10EDF000A8303BB9E37B0BB9FFF705FD002384F88E
:10EE00003E31F3E723689B07F8D5FFF7FCFC236846
:10EE100023F002032360F1E710B50B7901284C7948
:10EE20000A6843EA0421104608BF41F4803110BD4E
:10EE300007B5FFF7F1FF0DF10702F5F753FF03B038
:10EE40005DF804FB90F838300BB90020704790F85B
:10EE50003830012BF9D090F83800073818BF01205E
:10EE6000704790F83830012BDAB201D0FFF7EABFD3
:10EE700010467047002307B501A80193FAF762FE18
:10EE8000019810F0030018BF012003B05DF804FBE7
:10EE900010B5FFF7EFFF002814BF14240024FDF77E
:10EEA00015F8404200F01400204410BD73B50C4624
:10EEB000B1F8051005461A2921D9B4F80730B3F581
:10EEC000A47F1CD3B4F801201A2A18D9B4F803403F
:10EED000B4F5A47F13D30068009400F1A806E830CD
:10EEE000FFF7E1FA2C683046FFF7FCFA10B9012071
:10EEF00002B070BD04F25F10F5F7DEF8F7E700200E
:10EF0000F6E708B503689A7B1AB12621A320F1F72A
:10EF10007BFC21229A7308BD38B505680446AB7B9B
:10EF2000213B022B0BD8FFF7C1FF18B10621206847
:10EF3000F6F77EFD002085F84A00A87338BD012051
:10EF4000FCE702681368D90610B5044603D4B8215B
:10EF5000A320F1F759FC990601D5B921F8E723F070
:10EF600010031360FFF74FFC20680621BDE8104036
:10EF7000F6F75EBD38B50546FAF7CEFA00F544431C
:10EF80004FF47A72033D4933B3FBF2F4FFF780FF8D
:10EF9000012D00F1A4038CBF002028202344184435
:10EFA00038BD10B5044690F87900FFF7E3FF012261
:10EFB00001462046BDE81040FFF75DBB002313B5B6
:10EFC0001A464373A0F89032194600930446F5F7A9
:10EFD0005DFF20B140F2E7113020F1F715FC01236D
:10EFE000C4F81802C4F810026373A4F82E02A4F83F
:10EFF0002C0284F83102E388A4F89202013BE380FA
:10F0000002B010BDF8B50D460023D0F8101104462B
:10F0100080F81431D0E9506781F8ED2180F8503143
:10F02000D0F81001FEF744FED4F81001C0E99E6745
:10F03000C0F89452C0E9A267FFF7C0FFFAF73AF8A8
:10F04000BDE8F840FCF7BCB9D0F81001704738B5FE
:10F05000044690F850319BB1FF2380F858310121CC
:10F0600000F0D4FB94F8503153B104F1E805284680
:10F0700001F054FB284601F05DFB002384F8503179
:10F08000002038BD08B590F8582142B990F81421F5
:10F0900042B1D0E94631994202D9F7F71BFD00226F
:10F0A000104608BD0122FBE710B50446FFF7F0FE4D
:10F0B00000F25911226A236C9A4228BF1A46104660
:10F0C000FFF71CFBB0F5296F28BF4FF4296080B211
:10F0D00010BD012A70B506460D4614460BD0022A13
:10F0E0000ED08AB9F9F7DEFD224601462846BDE872
:10F0F0007040FFF787BFF9F7D5FDC6F8940270BDE1
:10F100000122D0F89412F1E740F2C3713020F1F7F8
:10F110007BFB70B5044621B1012978D040F2D37150
:10F1200072E000F021FA94F8513105460E46DBB149
:10F1300050EA010318D0D4E94832D4E95001C01A8A
:10F14000334661EB02012A4601F00CFD05FB01F399
:10F1500000FB0633A5FB00021344D4E94821121832
:10F1600043EB0103C4E94823E08C30B1F4F7CAFF54
:10F17000E38CB0FBF3F202FB1300D4E94832ED1844
:10F180004FF0000346EB02062D1840F2024284F8CD
:10F19000303146F1000684F85131A4F83821C4E931
:10F1A0004856C4E9505694F8583103F0FF01DBB9D2
:10F1B0006FF00043D4E952029A4208BFB0F1FF3F1A
:10F1C00018D02046D4E9505600F0A8F9AE30D4E962
:10F1D00052325B1B62EB06021B1A62F10002002A2C
:10F1E00008DA2046F7F776FCF9F764FFBDE87040CF
:10F1F000FCF7E6B804F5987104F1E800FCF7F4F8C0
:10F200000028F1D14FF4E0613020F1F7FDFA00233E
:10F2100080F81431E8E790F85001003818BF012059
:10F2200070470B46812203F8032BB0F80920A1F8A0
:10F230000320C27A9A7070470B468C2203F8032B86
:10F24000D0F80920C1F80320D0F80D205A6070478B
:10F250008B88F7B513F0180506460C461FD10868D1
:10F2600020B940F2EA312D20F1F7CEFA00F055FB3B
:10F27000217CF6F7A5FC677CA38801463A46304618
:10F2800000932B46F6F7BAFCA430D4E9022382425D
:10F2900073F100032CBF0120002003B0F0BD01205A
:10F2A000FBE738B588220B460C4603F8032B00F128
:10F2B0000902293052F8041B824243F8041BF9D199
:10F2C000127802211A700123A588A3712846F1F74C
:10F2D000DDFEA0B1E3784BB102212846F1F7ECFE48
:10F2E00068B140F233212D20F1F78EFAF3F7C2FE18
:10F2F0004B0404D52846BDE83840FDF793BB38BD24
:10F3000070B504460D46173019461646FEF711FD36
:10F3100084F8205184F82151FF2384F82231E91E1A
:10F3200004F1E80001298CBF00210121FFF7C2F898
:10F33000314604F1A800F4F74BFC94F82A31002B75
:10F3400014BF4D239623A4F8E230A4F8E030002344
:10F35000A4F8E43070BD70B50D46044691F829114B
:10F360001646D5F8C800FEF72DFCB5F8D030A4F845
:10F37000AC0004F1A002A4F8AE30B5F8D230A4F885
:10F38000B03095F82B3184F8B230237F73B394F802
:10F390006830012B2AD194F86E3003F0C003402B63
:10F3A00024D1D4F86930C4F8A030B4F86D3093801B
:10F3B000082E236A04F1A60193F8AC2003F1AD00F6
:10F3C00084F8992004F19A02D3F8AD3019D0C4F82A
:10F3D000A630838830468B8004F19901F4F722FB34
:10F3E00040B940F6E2312D20F1F70EFA0023C4F8BF
:10F3F000A030DCE794F8993043F0020384F89930A8
:10F4000070BDC4F89A30838893800023C4F8A63076
:10F410008B80F5E70B468B2210B503F8032BD0F851
:10F420000920C1F80320427B1A71CB78A3B130F8D0
:10F43000B43C1B0710D4B1F8054002212046F1F777
:10F4400025FE48B102212046F1F736FE20B140F2F8
:10F4500076212D20F1F7D8F910BD0121F7F732B848
:10F46000FFF7FBBF08B590F894300BB1012008BD41
:10F4700090F8CC30002BF9D190F8BE3003F0FF00AB
:10F48000002BF4D0F3F7B8FD80F00100C0B2EEE736
:10F4900030B54FF4B07285B00D460021044601F03E
:10F4A000C1FBFF2323701323638042F21073E384B4
:10F4B000F1F720FF00220146E0646846F1F760FFA3
:10F4C00000220121E06CFDF7C3F90422E16C6846DB
:10F4D000F1F756FF0022E06C1146FDF7B9F904F18F
:10F4E0003000A57400F0C9F902A8F4F7B5FB20B903
:10F4F0004FF449712D20F1F787F902A904F1360084
:10F50000FEF717FC05B030BDFF23C86C0B70FDF78C
:10F510006CB90078FF3818BF01207047F7B5044672
:10F5200030300E4600F0F9F961880746CA0605D565
:10F530002822F7F70DFB6D3003B0F0BD8B07E06CB0
:10F540000FD5FDF71EFA217905463846F6F738FB48
:10F55000638801462846009333466279F6F74EFBEE
:10F56000E9E7FDF7FEF9EEE7D0E9020170472DE982
:10F57000F04F07469DB00C46054610AE0DF1200831
:10F580000FCF0FC60FCF0FC697E80F0086E80F000A
:10F5900040466E7900F071F9A37A277D03932378B2
:10F5A0007A1E0493022A637803F07F0AD14600F2A0
:10F5B0008380D90603D4A67D731E022B7CD8637E7C
:10F5C00003F0FD03012B02D1032F08BF0427A37E04
:10F5D00003F0FD03012B02D1032E08BF0426617A3C
:10F5E000404600F051F9237D227F4046022B02F174
:10F5F00001020CBF617D0121D2B204BF0131C9B249
:10F6000000F044F91AF0080F6CD1404600F085F97B
:10F6100063788346DA0654D4F1F79AFE8246394677
:10F620005846F6F7CDFA0123014632465046CDF84A
:10F630000090F6F7E3FA40F27122217900F2862079
:10F64000E378B0FBF2F043EA01236179504343EAE7
:10F6500001435343984239D84FF0000B94F818A057
:10F660000793A37CE86C05930AF1FF33D3F1000AFA
:10F670004AEB030AFDF775F90690E86CFDF781F98E
:10F680000699079B814238BF014688B268B308A932
:10F690000C9306930A910AA9ADF82C90CDF834B0DA
:10F6A0008DF838708DF83960FFF7D2FD069BE0B910
:10F6B00045201DB0BDE8F08F40F212310620F1F771
:10F6C000A3F828224946F7F743FAB4E7E179A3798A
:10F6D00043EA0123217A43EA01435343834228BF8B
:10F6E0000346B9E700239B46B8E7CDE9123B059BEB
:10F6F000049A8DF853308DF8447010AF039B8DF849
:10F7000045602E468DF850A08DF854308DF840207D
:10F71000ADF842900FCF0FC60FCF0FC697E80F007E
:10F7200086E80F0098E8030028630020A986E37AA2
:10F7300003F0FD03003B18BF012385F86F30E36839
:10F740002B67238AA5F8743095F84630E27D62F382
:10F75000071385F84630ACE74FF40043A0F8483073
:10F7600043881D2B08BF00214174704790F9120097
:10F770007047408800F0010070478078C0F3400077
:10F7800070478078C0F3C000704710B54488C06CE3
:10F79000E30654BFC4F340040024FDF7D9F884F015
:10F7A00001042043C0B210BD4079C31E012B05D80F
:10F7B000B1F81E31012B14BF03200420704710B58F
:10F7C0000446F4F79FFCC0F30B00A042F9D010BD33
:10F7D00010B50446F7F7B8F800212046F6F772FE98
:10F7E0002046BDE81040F6F791BB90F86830016202
:10F7F00081F8B330D0F86930C1F8B430B0F86D306A
:10F80000A1F8B83070477047F6F75CBC80F88810F4
:10F8100070478278034612F0010002D0D978C907F8
:10F8200010D5900702D5D97889070AD512F00400BF
:10F8300008D0D878C0F3800080F001008000C0B20A
:10F84000704702207047C0F34002C0F3800300F00D
:10F850000100134418447047022808B507D0042853
:10F8600007D0012807D039212E20F0F7CDFF262020
:10F8700008BD2720FCE72520FAE70023C0F8023066
:10F8800001234370037070478170704710B5427058
:10F89000144601708078FFF7D6FF484304FB00F25E
:10F8A000FE2A03DD5C212E20F0F7AEFF10BD002301
:10F8B000C37043710371704710B50446FFF7A9FF89
:10F8C000637962780133DBB29A4263710CD1E378D9
:10F8D0000022A17803436271DBB29942E37001BF59
:10F8E0002379E27001332371BDE81040FFF7B4BF04
:10F8F00038B504468078FFF7A6FF0146E078FFF7A9
:10F90000A2FF2378227965789B1A6B435943637968
:10F91000C91A00FB1510C0B238BD014608B5807881
:10F92000FFF791FF4A780B7853435843C0B208BDA4
:10F9300040F2EE20704740F25A335843704708B502
:10F940000368DA7B182A04D040F27E513120F0F7A8
:10F950005BFF1E22DA7308BD08B590F89E30FE2BBF
:10F9600004D040F66F113120F0F74EFF002380F8ED
:10F970009E1080F89F3012B9A0F84E2008BDA0F864
:10F980004630012380F84A30F8E708B50368DA7B8F
:10F99000352A05D10022DA73BDE80840FEF733BFEF
:10F9A000182A02D11E22DA7308BD40F29351312089
:10F9B000F0F72AFF037D63B9C37BA3F11002032A8A
:10F9C00007D990F8520028B1202B8CBF00200120CD
:10F9D000704701207047037D63B9837BA3F1100258
:10F9E000032A07D990F8520028B1202B8CBF0020A1
:10F9F0000120704701207047036810B59A7B93F887
:10FA0000A010092A08D193F899208A4204D1002233
:10FA10009A7383F84A2010BD1A6812F0080406D0C1
:10FA200022F00802BDE810401A60FEF7ECBEFF2984
:10FA300004D1372283F8CC429A73ECE74FF4AF61DC
:10FA40003120F0F7E1FE38B50E38136814460D4644
:10FA50009A7B09283ED8DFE800F0053D3D3D0F3D8B
:10FA6000183D3D27042A05D12046FEF7B2FE204668
:10FA7000F5F75CF8002038BD0F2AFBD100222046A4
:10FA80001146BDE83840FFF739B9212AF2D12046A6
:10FA9000FEF79FFE002DEDD0226892F8623023F031
:10FAA000200382F86230E5E7DA7B272AE2D10025DD
:10FAB0002046DD73FEF7A7FE236893F83831012B4B
:10FAC00003D129462046F3F729FC2368002283F856
:10FAD0003821CFE740F262213120F0F795FE02464F
:10FAE00000680B4690F8621041F0040180F8621043
:10FAF00099785878F7F744BA38B50C460546D1E9F5
:10FB00003001F1F79BFB637B3BB104F50E7420469B
:10FB100000F004FE204600F00DFE0F212846F1F70C
:10FB2000CBFA10212846F1F7C7FA12212846F1F73F
:10FB3000C3FA11212846F1F7BFFA13212846F1F73D
:10FB4000BBFA28461421BDE83840F1F7B5BA0022C7
:10FB5000C281827490F84C3013B10221F5F768BF6E
:10FB60000321FBE738B504460846E37B162B09D092
:10FB7000A3F118025342534194F8C82222B10C2534
:10FB8000284638BD0123F7E7002BF8D094F8F83267
:10FB900003F0FF05002BF2D190B194F8063223B99F
:10FBA00040F66C313120F0F72FFE052304F180027E
:10FBB00004F5FB7100F089FF012384F8C832DFE708
:10FBC0000223FAE7F4F7C8BB10B50446FFF760F963
:10FBD00000F58A71226A236C9A4228BF1A461046A1
:10FBE000FEF78CFDB0F5296F28BF4FF4296080B275
:10FBF00010BD70B50D4604210646F1F747FA0446DC
:10FC000048B906213046F1F741FA20B115B190F814
:10FC1000E53003B90446204670BD1D2310B50446E7
:10FC20000370F3F76BFA6070022010BD1E2310B54D
:10FC300004460370F3F762FA6070022010BD0123DE
:10FC40004380038000238380C3804FF44863038193
:10FC500070471021F1F71ABA73B501A90546FDF7EF
:10FC6000C5FF044618B121215420F0F7CDFD2846E8
:10FC7000019EFFF7EEFF30B10123A6F8DE3084814C
:10FC800044810482C48102B070BD3C2303804FF4E0
:10FC9000FA4343800123C38083800023038143818F
:10FCA0004FF4486383817047034611F0010018BF89
:10FCB00018888A0703D55A88904238BF10464A07E9
:10FCC00003D59A88904238BF10460A0703D5DA88D0
:10FCD000904238BF1046CA0603D51B89984238BFE8
:10FCE00018467047034612F0010010B504D01C8876
:10FCF0008C420CBF00201980940705D55C888C428B
:10FD00001CBF40F002005980540705D59C888C42E6
:10FD10001CBF40F004009980140705D5DC888C4294
:10FD20001CBF40F00800D980D20605D51A898A4246
:10FD30001CBF40F01000198110BD08B520B940F279
:10FD40002A316020F0F760FD0B46982203F8032B60
:10FD5000D0F80920C1F80320D0F80D205A60427C69
:10FD60001A7208BD10B590F8213190F8A800DC1E79
:10FD7000012C98BF0423002814BF0224012411EA97
:10FD8000030003D01440201E18BF012010BD132112
:10FD9000F1F77CB910B50446B0F8AA00FFF7F7FFF9
:10FDA000C3880BB1A4F8E2300023C380A4F8E43088
:10FDB00010BD70B50D460646114615F0010403D07E
:10FDC0000A30FFF771FF0446AA0707D506F11400B1
:10FDD000FFF76AFF844238BF0446A4B26B0707D519
:10FDE00006F11E00FFF760FF844238BF0446A4B24C
:10FDF000204670BD2DE9F8431C7880468946174699
:10FE000014F001041E4626D01288FFF76BFF041E73
:10FE1000054618BF012433789A070AD53A8849461F
:10FE200008F10A00FFF75EFF18B1284344F002040E
:10FE300085B233785B070AD53A88494608F1140041
:10FE4000FFF750FF18B1284344F0040485B23D8009
:10FE50003470BDE8F8832546DDE72DE9F0410468FC
:10FE6000164607468846B4F8AA00FFF790FF0546F5
:10FE70003146FEF786FA414606462846FEF781FAE5
:10FE80003A6892F8A8205AB972880388A4F8E0204A
:10FE9000A4F8E2300023EB80A4F8E430BDE8F08160
:10FEA00032884388A4F8E020F2E713B51321F1F774
:10FEB000B1F83A220021044600F0B4FE1F230DF1F0
:10FEC00006029621ADF80630072304F10A008DF8EA
:10FED00005300DF10503FFF78DFF02B010BD0B6873
:10FEE00010B50446B3F8AA00FFF751FF038863700A
:10FEF0001B0AA3704388E3701B0A2371037A6371A2
:10FF000083880820A3711B0AE37110BD70B50568D2
:10FF10000646B5F8AA00FFF73AFF3668044682881D
:10FF2000017A3046FFF71EFFE8B1B5F8E4202388D8
:10FF300061881AB1C3216020F0F766FCB5F8E220B1
:10FF400030469342E28028BF1346A5F8E230914242
:10FF50002CBFC3EB0103C3EB0203A5F8E430BDE8FB
:10FF60007040F8F7EFB870BD08B503689A7B22B10E
:10FF700040F297116020F0F747FC4D229A7308BDBC
:10FF80002DE9F34780461C4616469DF82820D8F8F0
:10FF900000900846BDF82CA099F82151EB1E012BCA
:10FFA0008CBF2B4604231A4236D02946FEF7E9F9C6
:10FFB0001AF0040F99F820314FF000020CBF878827
:10FFC00027461AF0010F08BF048809F1E8000095E0
:10FFD0002146FEF701FB99F821310546033B012B31
:10FFE000D8F8003093F8A8308CBF0024282473B9C7
:10FFF000CB34FEF74DFF0444A7422CBFED192D1959
:020000021000EC
:10000000B5428CBF0020012002B0BDE8F08704F2A9
:100010001114FEF73DFFEEE70120F5E70B6810B580
:100020000446B3F8AA00FFF7B2FE038863701B0A08
:10003000A370037AE3708388062023711B0A63711F
:1000400010BD10B504460068FFF7A4FE2068BDE8A7
:100050001040F8F777B82DE9F04F066887B00546ED
:1000600096F80F90B9F1000F40F01981B1F8033004
:10007000B1F80140029396F8A83091F80580B1F8E4
:1000800006B023BB494605A8F3F754FAE8B1059B2F
:100090000DF11301DB788DF813302B683B22987B30
:1000A000F4F77AF8024638B91BF0180F0FD02B6816
:1000B00093F890325BB13A223B212846FEF7B7FB1A
:1000C0008146484607B0BDE8F08F4946E5E796F817
:1000D0005231ABB12B6893F8A8303BB923223B21B6
:1000E000284607B0BDE8F04FFEF7A1BB002723214B
:1000F00028463B463A460097F8F73EF886F8527194
:10010000029B9C422CD842F21073029A9A4227D842
:10011000B8F1000F24D0BBF1000F21D0B6F8AA002F
:10012000FFF735FE0746FEF7A5FED8B9FBF7CEFE72
:1001300003460393F2F7BCFF952C00EA08080BF086
:100140001F0A039B10D8BAF1040F01D00BF01B0A51
:10015000862C10D8B8F1040F10D008F0FB080AE084
:100160001E22BCE70123E4E79B2C04D91BF0180FE7
:1001700001D00BF0070AB8F1000F02D0BAF1000F5E
:1001800001D11122ABE71AF0040F01D1002B4BD0A3
:10019000962C38BF962442F210739C4228BF1C460E
:1001A000F3F734F848B9F2F783FF10F0040F14BFE7
:1001B000872363239C4238BF1C46029BA342E0D3A3
:1001C000234639462846CDE9008AD6F8C820FFF7ED
:1001D000D7FE0028D5D04E232846F373FEF701FB47
:1001E0003B46B6F8E2B03A1D214607F10A0087F80F
:1001F0000880A7F804A023F8084BFFF7FBFD28466A
:1002000096F8202196F82111FFF727FE2D68BA886D
:10021000397A2846FFF7A6FD00283FF452AFB6F81A
:10022000E4300BB3C3211CE018F0140F03D0872C6B
:1002300038BF8724AFE71AF0180F03D06E2C38BFF1
:100240006E24A8E718F0010F03D0462C38BF4624CF
:10025000A1E718F0020F03D0412C38BF41249AE7E0
:10026000A8216020F0F7D0FAB6F8E2205B462846D5
:100270009345FA8028BF1346A34228BF23469345DF
:1002800038BF9346A6F8E230A3452CBFC3EB0B035F
:10029000C3EB0403A6F8E430F7F754FF11E74FF07F
:1002A00001090EE72DE9F043076885B005460E46C3
:1002B000BB7B4D2B3CD191F803908C88B7F8AA00FA
:1002C000B1F801808DF80D90ADF80E40FFF75FFD9D
:1002D000038843452ED8438843452BD3037A39EA14
:1002E000030927D183889C4324D10DF10D030DF11F
:1002F0000E0241460A30FFF77DFD97F8202197F85E
:1003000021112846FFF7A9FD2868F7F71BFFB388DE
:100310004246214600932846F378F7F72DFF87F8E9
:1003200052412846FEF755FA204605B0BDE8F08355
:100330000220FAE71020F8E7036837B59B7B0446F4
:100340004D2B11D100252B462A460095F7F714FFB7
:10035000236883F852512046FEF73BFA2068FFF7E6
:1003600019FD2068F7F7EEFE002003B030BD73B52D
:100370000446066896F85231F3B100251A212B463F
:100380002A460095F7F7F8FE86F852512046FEF708
:1003900020FA23681221B3F8AA00F0F777FE036968
:1003A00023F0020303612068FFF7F4FC206802B029
:1003B000BDE87040F7F7C6BE02B070BD036813B564
:1003C0000446B3F8AA00FFF7E2FC037A3BB1818848
:1003D00029B10288204600910021F7F7CDFE23685D
:1003E000DA7B4E2A04D040F21A316020F0F70CFA82
:1003F00000222046DA7302B0BDE81040FEF703BACF
:10040000F8B50446F2F73CFE0746637803EB430376
:100410005D00F2F749FE0646EDB2F2F735FE2070B8
:10042000062D4FF0000109BF3B68002332681340DE
:1004300004BFC4F802300123C3F1060204EB8300B9
:1004400092000230BDE8F84000F0ECBBF7B50D4675
:10045000074620B94FF48E716120F0F7D5F91221CB
:100460000238F0F76DFE01A90446FDF7BFFB10B19D
:1004700040F22311F0E79923AC80019A2B70BB7AEC
:10048000FF2B08BFB87292F865301B0703D41A23FC
:10049000EB7003B0F0BD002607F10E0105F110006E
:1004A000EE70BB7AAB71FB7AEB71D2F86230AB6065
:1004B000D2F86630EB60EB7A23F00803EB72FC7A3B
:1004C00004EB4404E400E4B222460834FBF760FC89
:1004D0003146E4B2C4F1F802083402F0F8022819F7
:1004E00003B0BDE8F04000F09DBB08B5036893F889
:1004F000A8205AB9D97B4B2903D0A7216120F0F756
:1005000083F9DA73BDE80840FEF77DB91A68D104B3
:1005100001D4AC21F2E722F480521A60F2E70B68B2
:10052000122110B50446B3F8AA00F0F7AFFD037826
:10053000601CA370FFF764FF1B2010BD08B50368A3
:100540009A7B1AB1C4216120F0F75EF94C229A73AC
:1005500008BD08B5F8F782FBF8F70EF8F7F73CFF8F
:10056000BDE80840F9F7D2B810B5C824F7F7C8FFBE
:10057000022808D1013C14F0FF04F7D10620F3F75C
:100580006BFD204610BD431E58425841FAE710B596
:10059000F8F790FB044600F048F9201841F10001FB
:1005A00010BD38B504461546F8F736F901462A4617
:1005B0002046BDE83840F8F785BC704719B9437844
:1005C0000BB1C3788370704710B504460846F8F73E
:1005D000A3FF4FF47A73B0FBF3F0201A10BD38B5C7
:1005E000044608461546F8F797FF4FF47A7300F271
:1005F000E730033DB0FBF3F0012DA4EB00048CBF0A
:1006000002200A20201A38BD013808B507280BD867
:10061000DFE800F00F1106040A0F0F08032008BDE1
:100620000220FCE70420FAE740F289410620F0F7B7
:10063000EBF80020F3E70120F1E700F038B8801A6A
:1006400000F3070038B50D46144659B240B2F9F729
:100650002FFB0023287020446B7040B238BD00236C
:10066000036070477047002070474FF0FF307047BD
:100670004FF0FF30704770474FF0FF307047002059
:100680007047002070470023037070479DF80030CA
:100690000022FFF7D4BF4FF0FF30704700207047B3
:1006A0004FF0FF3070474FF0FF3070477047704792
:1006B0000020F9F741BB0020F9F718BC0020F9F73A
:1006C00029BC0020F9F738BB7047F9F76FBCF9F780
:1006D00081BCF9F771BCFBF7A7B8FAF78BBDFAF745
:1006E000A1BDFBF7C1B800F045B9FBF7AFB810B535
:1006F000837F8BB9034601F1180251F8044B9142F4
:1007000043F8044BF9D1012484772146F9F7A4FF7B
:10071000FAF762FD204610BD0020FCE710B5044644
:100720000221F9F799FFFAF757FDA07FB0FA80F0A0
:10073000400910BD38B50446A37F03B938BDA37F77
:10074000032B02D0A37F042B0ED1EFF3108572B6DA
:100750002046FAF79FF905B962B6A37F002BEDD0CA
:10076000FF210320FBF718F9A37F012B02D14FF4DF
:100770008271F6E700F0B3F9DEE7F8B50746FAF75D
:1007800099FD044620B940F229110320FBF704F932
:10079000FAF796FDA46800252418384641F10006B2
:1007A00022463346FAF7FEF9A04271EB060309D35D
:1007B000001B6FF0010361EB0601834275EB010141
:1007C00002D3F8BD2846FCE74FF0FF30F9E72DE9EA
:1007D000F04104460F46FAF76DFD064620B94FF486
:1007E000A3710320FBF7D8F88568002362195B41E9
:1007F00013B10020BDE8F081FAF762FD2A183846EF
:1008000041F1000314EB020843F10005FAF7CAF9BD
:100810004045A941EDD3FBF707F800F06AF8B3684B
:10082000012037752344B360E4E7FAF749BD8068D7
:10083000704708B5FAF73EFD20B940F29B1103203E
:10084000FBF7AAF8007D08BDF8B50369044623B19B
:100850004FF4D1710320FBF79FF8FAF7E5FF054647
:100860000E46F9F74FFE70B36435D4E9003246F115
:100870000001AB4272EB010001D22B460A46C4E9EB
:100880000032EFF3108572B6FAF714FD064698B100
:10089000FAF716FDB3680B332CBF012200221B1898
:1008A000D4E9006042EB0101B34271EB00023CBFAE
:1008B00033460146C4E9003105B962B62046BDE8B9
:1008C000F840FAF7E5B9F9F73DFE0746FAF706FDF5
:1008D000B84238BF3846963546F100024319D4E98C
:1008E000000142F10002834272EB0105C7D20346C8
:1008F000C4E7F9F7CBBF032910B5044606D8012990
:100900000ED840F25D11B020FBF746F80429F8D16B
:10091000F9F7B8FE20B12046FAF738FA022010BDE8
:100920000020FCE7C0E908122022002100F07AB97B
:1009300010B5037886B0044623B14FF4AB7145205F
:10094000FBF72AF80593CDE90333D0E90423CDE979
:10095000002343680293037A68468DF81430FFF74A
:1009600073FF0120DDE90023C4E9042306B010BDB4
:10097000FAF7F4BD10B5029C241841F10001A01A49
:1009800061EB0301B0F1004F71F1000103DBAA211B
:100990000420FBF701F810BD70B50024FAF7B8FF8A
:1009A00005462646E0B2854200D870BDFAF7B6FF8C
:1009B0000134068580F82A60F4E7F8B50379044627
:1009C0001BB11B219D20FAF7E7FF4679017126B97B
:1009D00001234371217909B96171F8BD2768204667
:1009E0002671B84702280546F4D103212046B847AE
:1009F00008B12F21E6E723682946204698470028BA
:100A0000E8D03021DEE70346006800B9704788422D
:100A1000F9D102681A60704701F11003013813F828
:100A2000012D8B4200F8012FF9D170472DE9F047D5
:100A300013F0010F8EB004460D4617469A46DDE9C5
:100A4000168924D006A8FFF7E7FFA30735D002AA2E
:100A500004F110052068083454F8041C1346AC4215
:100A600003C31A46F6D106AD02AC1AF0020F434694
:100A7000CDF8009023D0294620460AAAFBF736F885
:100A80000AA93846FFF7C8FF0EB0BDE8F08713F09B
:100A9000040F0DD106AB0E4601F1100C1D46306857
:100AA000083656F8041C1A46664503C21346F6D1AA
:100AB000214602A8FFF7B0FFD6E706ADD5E73A46D4
:100AC00029462046FBF712F8DEE713B50024CDE9EE
:100AD0000044FFF7ABFF02B010BDFBF70BB920BF1E
:100AE000704720BF70479142F8B503D37321962019
:100AF000FAF752FFB2FA82F33BB1C3F120049940F6
:100B00009A4020FA04F4984021434FEA124C93B2E1
:100B1000040C87B2B1FBFCF50CFB151E05FB03F6BC
:100B20004FEA0E4E0EEB1040864205D9361A964219
:100B300094BF01260226AD1B04EB0141280405FBEE
:100B40001211B1FBFCF40CFB1411634307EB0147DA
:100B5000BB4205D9DB1B934294BF01230223E41A55
:100B60002043F8BD2DE9F0411D4607460C461646C8
:100B700052EA050303D1A6219620FAF70DFF85B9A5
:100B8000914204D2FFF7AFFF2946BDE8F081084645
:100B90002946FFF7A8FF05463246384606FB1541B1
:100BA000F0E7B5FA85F80123400803FA08F3C8F125
:100BB0001F0840EAC470A3FB0212610803FB052270
:100BC000FFF791FF30FA08F04FF0000102D0013832
:100BD00061EB010100FB05F3A0FB062C06FB0133D2
:100BE000BF1A634464EB0304B742AC41CDD3013078
:100BF00041F10001C9E7431A934200EB020310B52B
:100C000008D3013902469A420BD011F8014F02F87D
:100C1000014BF8E70A4412F8014D8A4203F8014DEE
:100C2000F9D110BDF0B5C9B20446A30726460ED1CE
:100C30004FF0013522F003034D43E718BC420CD1BD
:100C4000334402F003021A44934209D1F0BD002A52
:100C5000FCD0013A04F8011BE7E744F8045BEDE738
:100C600003F8011BF0E700280CBF6FF0150000200F
:100C70007047002070470723037000207047002052
:100C8000704700207047034613F8012B002AFBD160
:100C9000181A013870472DE9F0478C468E46089E99
:100CA000154604461946002B40F0D080724547D9BE
:100CB000B2FA82F74FB1C7F120030EFA07FCBD402C
:100CC000BC4020FA03F343EA0C0C4FEA154EA8B2DD
:100CD000230CBCFBFEF80EFB18CC08FB00F943EA22
:100CE0000C43994528D9EB1808F1FF3204D29945F5
:100CF00002D9A8F102022B44A3EB0903A4B2B3FB6F
:100D0000FEFC0EFB1C330CFB00F044EA0344A04243
:100D100014D92C190CF1FF3304D2A04202D9ACF142
:100D200002032C44241A43EA02401EB1FC40002373
:100D300034607360BDE8F0874246DDE76346F1E763
:100D4000002A79D0B2FA82F3002B3FD01946C1F1C4
:100D5000200302FA01F500FA01F42EFA03F20EFA6A
:100D600001FE20FA03F3AFB243EA0E034FEA154E39
:100D7000B2FBFEFC0EFB1C201A0C0CFB07F842EA2F
:100D8000004290455AD9AA180CF1FF3004D2904580
:100D900002D9ACF102002A44A2EB08029BB2B2FBDA
:100DA000FEFC0EFB1C220CFB07F743EA02439F42AA
:100DB00046D9EB180CF1FF3204D29F4202D9ACF1B4
:100DC00002022B44DB1B42EA004202E0AEEB0203CC
:100DD00001224FEA154EAFB2200CB3FBFEFC0EFB16
:100DE0001C330CFB07F840EA034398452AD9EB185B
:100DF0000CF1FF3004D2984502D9ACF102002B442B
:100E0000A3EB0803A4B2B3FBFEFC0EFB1C330CFBEC
:100E100007F744EA0344A74216D92C190CF1FF3313
:100E200004D2A74202D9ACF102032C44E41B43EAEA
:100E300000400F46114678E71F2188E76046ABE780
:100E40006246BFE76046DBE76346EFE7734506D9D6
:100E500016B9002108466DE7C6E9000EF9E7B3FAB6
:100E600083F787B9734501D3824207D8841A6EEBA2
:100E7000030301209C461EB900215BE73846FAE7D0
:100E8000C6E9004CF8E7C7F1200CBB4000FA07F4B4
:100E900022FA0CF520FA0CF1BA401D432EFA0CF39D
:100EA0000EFA07FE4FEA154941EA0E011FFA85FEC8
:100EB000B3FBF9F809FB18300B0C08FB0EFA43EAF8
:100EC00000439A4540D9EB1808F1FF3004D29A4507
:100ED00002D9A8F102002B44A3EB0A0389B2B3FBA9
:100EE000F9F809FB183308FB0EFE41EA03418E4571
:100EF0002CD9691808F1FF3304D28E4502D9A8F124
:100F00000203294443EA0040A1EB0E01A0FB029832
:100F10004145CE46434602D306D14C4504D2013862
:100F2000B9EB020E68EB0503002EA5D0B4EB0E0260
:100F300061EB030101FA0CFC22FA07F3F9404CEAD9
:100F40000303C6E9003197E74046C5E74346D9E7C2
:100F5000F7B5002240F60340114602F0A7F8044618
:100F6000002853D101F03EFE214641F2030001AAC0
:100F700002F09CF80446002848D1019A254DD1681A
:100F800005F17803D1F80100D1F8051003C310462C
:100F900001F050FC214641F2010001AA02F086F85E
:100FA000044698BB0198C3685A7885F870205A881F
:100FB000A5F872201A7985F87120B3F80720A5F8F2
:100FC0007420B3F80530A5F8763001F033FC2146E3
:100FD00041F2020001AA02F069F80446B0B9019F8B
:100FE00005F18006FA68531C413234461868596886
:100FF000083303C493422646F7D1384601F01AFC61
:1010000095F87C305F0607D46FF01204204603B0D9
:10101000F0BD00BF2801002095F8AF1001AA11F023
:10102000040100F04881002142F2870002F03EF8FE
:1010300004460028EAD1019AB74FD468A31C223491
:101040003E4618685968083303C6A3423746F7D1AD
:10105000104601F0EFFB002142F2020001AA02F06B
:1010600025F804460028D1D1019CE368B3F801209B
:1010700091B241B1D97831B1A5F81421DA78A748F5
:10108000114612F0D9F8204601F0D4FB1F2395F841
:101090007C60A5F8283116F0200619D14FF0FF30FA
:1010A0004FF0FF3101F064FF0446002800F02C816E
:1010B00002210C300EF0C5F9012321460370467061
:1010C000324640F66D4001F0F1FF044600289DD104
:1010D00095F89C301E0712D5002142F21C0001AA8F
:1010E00001F0E4FF0446002890D10198C368D3F8CA
:1010F0000120D3F80530C5E93E2301F09BFB95F8AC
:10110000D8305C0610D5002142F22A0001AA01F075
:10111000CDFF044600287FF479AF0198C3685B785F
:1011200085F82A3101F086FB4FF0FF304FF0FF3198
:1011300001F01EFF0646002800F0E68008210C3072
:101140000EF07FF995F8D84040F2022314F0400FDA
:1011500008BF032314F002011ABF43F02C0300213F
:1011600043F00C030246A00695F8D90048BF43F0AF
:10117000400310F0090F95F9DF0018BF43F4006336
:101180000028B8BF4FF4806195F8E00004F0010436
:10119000870748BF41F4801143EA04100EF031FC88
:1011A0000022314642F2010001F080FF044600288F
:1011B0007FF42CAF95F87C30B5F81411980600F147
:1011C0008B80C9B941F2050001AA01F06FFF044606
:1011D00000287FF41BAFB5F81431019C4BB9E368CC
:1011E000B3F80120A5F814219A884C48114612F052
:1011F00023F8204601F01EFB4FF0FF304FF0FF3187
:1012000001F0B6FE044600287ED008210C300EF016
:1012100018F995F8D8300246D90762D44FF000513A
:101220003F480EF0EEFB2146002240F6014001F05F
:101230003DFF044600287FF4E9AE014601AA4FF6BF
:10124000014001F033FF044620BB019801F0F2FA9F
:1012500021464FF6024001AA01F028FF0446C8B912
:101260000198C368B3F80130A5F8C13001F0E2FA83
:1012700095F8C1305A070DD521464FF6034001AA13
:1012800001F014FF30B90198C3685B7885F8C0306D
:1012900001F0D0FAEB7943BB02F072FC044600285F
:1012A0007FF4B4AE03F0F4FE044600287FF4AEAE43
:1012B00001F0A2FEAAE642F2030001F0F7FE0446A6
:1012C00000287FF4A3AE019A134BD168D1F8010036
:1012D000D1F8051003C3BBE600298DD16FF00404DB
:1012E00094E60BA1D1E900019BE72E78002ED3D123
:1012F00095F8C1309B0629D54FF0FF304FF0FF31F4
:1013000001F036FE044668B96FF068047EE600BF5F
:10131000908800020080002000020020400200208F
:101320001088000206210C300EF08BF8D5F8013041
:1013300021460360074B32469B8883804FF6064068
:1013400001F0B4FE04460028A6D05FE66FF08504E5
:101350005CE600BF2901002070B5044603F0BEFE24
:101360000A2201460646142003F01AFF054608B378
:1013700014230A2184F86D3084F86C600C300EF070
:1013800060F8B4F86A3029460380A38A4380E38A70
:101390008380238BC380E369038120680FF0A3F966
:1013A00030B907A3D3E9002304F1700009F0FCFB76
:1013B000002070BD6FF00B00FBE700BFAFF30080B3
:1013C000D01213000000000013B500246FF00903D1
:1013D0004FF4806214491548009409F047FB144902
:1013E000124812F05BF81349134811F0ADFF224682
:1013F00004211C2000F00CFE0122104BD3E8EF1F4B
:10140000C3E8E02F0028F9D105A3D3E900230C4954
:10141000064809F06BFB204602B010BDAFF3008018
:10142000389C1C0000000000B86B0020703F0020BA
:10143000D0850200172A0200244500201C45002008
:10144000900200200000000010B50B4BD3E8AF3F26
:1014500053B1F9F75DF806A3D3E90023BDE81040C6
:101460000649074809F042BB10BD00BFAFF300803A
:10147000389C1C00000000001C4500209002002049
:10148000703F00200000000070B4174E0C46B042C0
:10149000154608D00136B0420FD0023EB04210D0FF
:1014A00070BC0CF08FBA0AA3D3E90023C5E900236E
:1014B0000E4B0020236070BC704707A3D3E90023C4
:1014C000F4E707A3D3E90023F0E700BFAFF3008000
:1014D00002C0FF7F0000000003C0FF7F000000008B
:1014E00001C0FF7F0000000002C0FF7F03004E80AC
:1014F0000B4607B509785A8809B90648028058781A
:10150000019018790090DB8803480DF0A0FD03B02E
:101510005DF804FB84490020787D02008A88024837
:1015200009880DF094BD00BFC67D02004A780248CC
:1015300009780DF08CBD00BFE87D02000022024B4F
:1015400002481A700DF083BDA6490020027E0200F9
:101550000122074B40211A700023064A06481360F7
:10156000064A1360064A1360F7220DF070BD00BFF3
:10157000A6490020C04200200C7E0200BC42002090
:10158000B842002000220023014809F00DBB00BF33
:10159000C819002010B5084C08480DF058FD206807
:1015A00018B103F009F8002323600022044B1A70DD
:1015B000BDE81040FFF7E6BFC4420020447E0200B1
:1015C000A649002030B5104D89B003AC0FCD0FC433
:1015D0002B680E49236000230222009303A802F027
:1015E00019FB014650B10A480DF031FD41F66A027F
:1015F0000023084809F0D8FA09B030BD0649074869
:101600000DF025FDF8E700BF605D02009862020062
:101610005F7E0200C81900207F7E02008F7E0200DC
:1016200008B50748074B402143604FF40073C3825D
:10163000F723038310600FF002F9002008BD00BFFC
:10164000F8190020A862020007499B880A681A441A
:101650000A60064A11680B441360054A01211368A9
:10166000013313600FF0EBB8C0420020BC420020F1
:10167000B842002010B504468CB029B10A480CB01D
:10168000BDE810400DF0E3BC0EF0B3FD074B01A91F
:101690001860204603F0BEFB20B9BDF81C100448BA
:1016A0000DF0D5FC0CB010BDA47E0200C442002099
:1016B000C17E020030B50F4D0F4C85B047F61220A9
:1016C000002111F082FF2B78002BF7D00023226835
:1016D00023600A4B0A490B481B88096800689BB2C3
:1016E000CDE90110009308484FF47A73910A0DF088
:1016F000AEFCE3E7A6490020C04200208449002058
:10170000BC420020B8420020DD7E0200002008B567
:1017100001F056FE014620B10A480DF098FC002069
:1017200008BD09480DF093FC084803F091FE8021A4
:1017300007480DF08CFC0749074811F052FEFFF7EF
:1017400021FFECE7227F0200397F020050030020D6
:10175000717F0200C5150100C8190020014B1B68EC
:10176000184700BF5C030020014B1860704700BFA2
:101770005C03002030B5044685B00D4610220021E0
:10178000684613F0E8FC02238DF80230044B2A4629
:101790002146684601930DF07FF805B030BD00BFCB
:1017A0005D17010080B505460E461746984609F0BC
:1017B000F5FC034600F022FD0446DFF8189042468F
:1017C00049F8003039463046A84754F8090000F07F
:1017D000ADFC00BF080000002DE9F047058B044672
:1017E000280717460CD501290CBF45F0100545F018
:1017F0002005258387F31188BFF36F8FBDE8F0873D
:10180000022905F0070540F0948020460DF039FCD0
:10181000052864D801A353F820F000BFF517010094
:1018200033190100DF180100A1180100BB180100E5
:10183000CD18010001F007035A1F012A1FD800220A
:1018400021F00701062BD4F8008089B2C4E90022F8
:1018500009D1434603E0628B013262831B68002B8F
:10186000F9D141F00201204621830DF00AFC4FF02E
:10187000000900286DD041F02001218369E0042B8C
:101880000AD121F0070189B2204621830DF0F9FB2E
:1018900010B141F0200121834FF00008C14658E00B
:1018A0002369D3F80090238B23F0070343F006034A
:1018B0004FF00008238346464BE02369D3F8049099
:1018C000238B23F0070343F00403F1E72369D3F8E4
:1018D0000890238B23F0070343F00503E8E74FF05C
:1018E0000008C146E7E7012243F00803238387F39A
:1018F0001188BFF36F8F002A3BD1B8F1000F4AD196
:10190000B9F1000F02D020462C49C847EFF31187E8
:10191000402383F31288BFF36F8F238B23F00803D8
:101920009BB22383D9063FD523F01002228303F014
:1019300007056669218B002EBFF67CAF0023994610
:10194000D4F8008021F00701C4E9003341F001011F
:101950002183238B03F0070AAA4502D0A268002A3C
:10196000C1D1B8F1000F02D1B9F1000FDAD00022D5
:10197000BAE7A1680029C0D00D680029BDD0334660
:10198000524620464F68B8471DB12B6829461D4670
:10199000F3E72B46FAE74146334652462046D8F84D
:1019A00000800DF09AFBA8E79A067FF523AF23F09D
:1019B0002002228303F0070527E700BF07F101009B
:1019C000014B036000207047D462020008B5044850
:1019D0000DF03DFB03480DF03AFB002008BD00BFB1
:1019E000957F0200CA7F020008B50348034A002120
:1019F000121A0DF059FC08BD70080020584E002046
:101A0000074808B5074A0849121A0DF04FFCBDE80F
:101A100008400648064A0749121A0DF047BC00BFA5
:101A2000600000206C0800206C880200600000202C
:101A3000600000206C88020038B505460C4699B15C
:101A4000D1E901230F4809680DF001FBD4E9042313
:101A5000E1680D480DF0FBFAE1690C480DF0F7FA6A
:101A6000A1690B480DF0F3FA012D05D1EFF30581C3
:101A7000084810390DF0EBFA21462846BDE83840F9
:101A800008F0B0BBF77F02002780020057800200F9
:101A9000678002009680020030BFFFF7FDBF00BFE5
:101AA0002DE9F04105460B4EDFF82C80324606EB5F
:101AB0000807CC1B2046094913F040FBA0194246F9
:101AC0000021083C13F047FBAC6707F10800BDE8B4
:101AD000F08100BF00000000040000005C5D020017
:101AE00010B5204C20480DF0B2FAA36A990137D501
:101AF0001E480DF0ACFA1E20A36ADA0103D51C487B
:101B00000DF0A5FA1F20174CA36ADB0203D5194874
:101B10000DF09DFA0220A36A1C0303D516480DF0B0
:101B200096FA21200F4CA36A590303D513480DF0F0
:101B30008EFA2220A36A9A0303D511480DF087FA82
:101B40002320084CA36ADB0303D50E480DF07FFA6F
:101B50002420A36A6FEA03436FEA1343A36210BD14
:101B60001D20C9E700ED00E0AA800200C38002004A
:101B7000D7800200F28002001D8102003C81020039
:101B8000628102007D81020070B5244C0646244823
:101B90000D460DF05CFAA36AD90435D521480DF045
:101BA00056FA1720A36A1A0503D51F480DF04FFAFD
:101BB00018201A4CA36A9B050FD51C480DF047FA54
:101BC000A16BA36A180407D519480DF040FA1EB19D
:101BD000A36A23F40043A3621920104CA36A590599
:101BE00003D514480DF033FA1A20A36ADA050DD58F
:101BF00011480DF02CFA1B20084A936A43F47F43E6
:101C0000936200232B7070BD1620CBE7A36A9B0460
:101C1000F2D50A480DF01BFA1C20EDE700ED00E0BC
:101C2000A9810200C0810200D2810200E681020087
:101C30000082020016820200328202004B82020001
:101C400070B5264C064626480D460DF000FAA36AEC
:101C5000D80640D523480DF0FAF91120A36A1907D8
:101C600003D521480DF0F3F912201C4CA36A9A0702
:101C70000FD51E480DF0EBF9616BA36A1B0607D563
:101C80001B480DF0E4F91EB1A36A23F08003A362A0
:101C90001320124CA36ADE0703D516480DF0D7F9BE
:101CA0001420A36A9C0603D513480DF0D0F9152023
:101CB0000A4B9A6AD10658BF9A6A9A6A920642BF3C
:101CC0005A6A22F400525A629A6A42F0FF029A62F9
:101CD00000232B7070BD1020C0E700BF00ED00E0B6
:101CE0007B82020092820200D2810200C682020040
:101CF000DF820200F68202004B8202002DE9F041F1
:101D00005D4B04465F6800258AB0C7F3080685F37B
:101D10001188BFF36F8F02F07F43B3F17F4F06D17D
:101D200002F00C03082B13D154480DF090F9002554
:101D30002C464FF00008F31E8DF80780092B00F2A7
:101D40008B80DFE803F00A7F837B89898989898713
:101D500010074CBF0C460125EBE74948464E0DF0F5
:101D600076F98DF80780F36A9A0704D545480DF097
:101D70006EF900232AE0F36A002B01DA4248F6E705
:101D8000F36A5B00F5D541480DF061F97369A2690A
:101D900043F480737361BFF34F8FBFF36F8F32F8DB
:101DA000023C726922F480727261BFF34F8FBFF3FD
:101DB0006F8F03F47F42B2F55F4F27D1DBB2022B66
:101DC00024D1216832480DF042F923689DF807209C
:101DD000CAB902AE04F120073246206861680834AF
:101DE00003C2BC421646F7D1099A002D40D0C2F377
:101DF000080121B96FEA52226FEA4222099218467D
:101E000002A9FFF719FE0AB0BDE8F0811A4B9A6AE1
:101E1000D2B22AB101200DF10701FFF711FF0FE047
:101E20009A6A12F47F4F05D001200DF10701FFF7E8
:101E3000ABFE05E09B6AB3F5803F9AD3FFF750FEF7
:101E40000346C3E700200DF10701E6E700200DF18E
:101E50000701ECE70F488AE70F4B17F4F87F0F49AB
:101E60000F4808BF1946A6F110020DF0F0F880E700
:101E70006FF30802C2E700BF00ED00E044830200F8
:101E80007083020088830200AA830200B9830200E3
:101E9000D9830200F6830200168302002B8302001E
:101EA0001B840200064B5A6942F010025A615A69BB
:101EB00042F480625A615A6922F008025A617047FE
:101EC00000ED00E0EFF30880EFF3098101B5724601
:101ED000FFF714FF01BD00BF002080F31488BFF39B
:101EE0006F8F002080F30A8880F30B880F4880F3FF
:101EF000088807F0C5FC00200D490860BFF34F8F2C
:101F000000F02CF8402080F311880A484FF400615B
:101F1000401880F30988EFF314800221084380F30E
:101F20001488BFF36F8F00F09BF80000F88000204A
:101F300094ED00E0B86F0020002318460649D1F860
:101F40009020C2F30722934200DB7047C1F898301B
:101F5000C1F8A0000133F6E700ED00E010B572B65D
:101F6000002484F31388FFF7E7FF23464FF0FF3088
:101F70000C4A03F120010133102B42F82100F8D163
:101F800000234FF0FF30074A03F160010133102BAB
:101F900042F82100F8D162B6BFF34F8FBFF36F8FC5
:101FA00010BD00BF00E100E01EF0040F0CBFEFF316
:101FB0000880EFF30980816911F8021C0229FFD023
:101FC00001B572460DF074F901BD00BF00B20028E2
:101FD00007DB01234109034A00F01F00834042F858
:101FE0002130704700E100E000B200280CDB012244
:101FF0000649430900F01F008240203341F82320A6
:10200000BFF34F8FBFF36F8F704700BF00E100E059
:10201000D30748BF002100B258BF02310028ACBF2F
:1020200000F16040064A4FEA4113DBB2ABBF00F556
:10203000614000F00F0080F800331354704700BF78
:1020400014ED00E0044B054A23F07F039360BFF3D7
:102050004F8FBFF36F8F70470000000000ED00E06E
:1020600008B5FFF7EFFF074AD2F8883023F4700372
:10207000C2F88830FFF7B8FCFFF7C2FC00F09CF80C
:1020800008F074F900ED00E042F8203C009B0B4999
:1020900042F81C3C019B21F0010142F8183C029BD4
:1020A00042F8081C42F8143C4FF0807342F8043C9C
:1020B0000023203A0265C367704700BFA5170100DF
:1020C00000B50D4B15469860826F0C4B0E461A609A
:1020D000836E83F30B882C4686F309880020044B1B
:1020E00098472046002100220023024C2047000090
:1020F000DDF20100A517010038450020C84200208C
:102100001022014B1A61704700ED00E0054B5A693F
:102110009B689A421FBF044A536843F08053536040
:10212000704700BF3845002000ED00E0084B9B6879
:1021300083420BD1EFF3058343B1064B5A6842F05B
:1021400080525A605A6A22F400425A6209F02CB84E
:102150003845002000ED00E014498A684FF0300057
:102160001044EFF3098C80E8F01F402080F31288C0
:10217000BFF36F8F0E4F4FF000664A698A603E6072
:10218000906F0C4C2060D06F0023D36780F31188D0
:1021900002F1300090E8F01F8CF3098802F1000092
:1021A00004B50DF094F8BDE80440704738450020B0
:1021B00004ED00E0C84200200023402040F20F124E
:1021C00010B5044CE1180133934281F80003F9D1B2
:1021D00010BD00BF00E100E008B5EFF30583064A3B
:1021E000103B02EBC30152F8330049688847BDE851
:1021F0000840FFF78BBF00BF04540200014800688D
:1022000070470000C84200201FB50121094B0A4A4F
:102210000A4800F0F7F80023064A0393084B01210F
:10222000019301A8D31A029300F0F6F805B05DF807
:1022300004FB00BF000004200000002060630200D7
:10224000700800200A7A0B6810B562F304031C467C
:10225000CB68520923F01F0343EA4203044A43F0C8
:102260000103C2F89800C2F89C40C2F8A03010BD2B
:1022700000ED00E010B5074BD3F89030C3F307230F
:10228000013B984202D8FFF7DDFF10BD6FF015004B
:10229000FBE700BF00ED00E02DE9F04F0F461446CC
:1022A00006464FF000084B4D85B0B84580F28E8051
:1022B000D6F80490B9F1000F35D0B9F11F0F40F2F4
:1022C000838019F01F0F7FD1D6F800A01AF01F0FDE
:1022D0007AD150460DF025F8834609EB0A00013803
:1022E0000DF01FF883456FD11BF1160F6CD05C45C4
:1022F0006ADDC5F898B0D5F89C10C5F898B0D5F847
:10230000A03021F01F0143F01F0AD6E900321A4421
:10231000994202F1FF391BD1CA4508D131465FFA13
:102320008BF00DF007F808F101080C36BDE73146D7
:10233000C5F898B0D5F89C30E0B263F30402C5F854
:102340009C200CF0F7FF10F1160F3DD0441CEAE77B
:10235000C5F898B0D5F8A020013B23F01F0302F088
:102360001F021343CA453146E0B2C5F8A030E8D099
:102370000CF0E0FF10F1160F26D0C5F898B0D5F894
:102380009C209DF808300AF1FF3A62F304038DF8AF
:102390000830D5F8A0309DF808205B0863F3471299
:1023A0008DF80820D6E900321344009323F01F0370
:1023B0005344A3EB0903013023F01F036946C0B265
:1023C0000393FFF757FFBEE76FF01504204605B0F3
:1023D000BDE8F08F00ED00E00522044BC3F8942027
:1023E000BFF34F8FBFF36F8F704700BF00ED00E06A
:1023F000BFF35F8F0022024BC3F89420704700BFE9
:1024000000ED00E010B5034C2278FFF745FF207087
:1024100010BD00BFA74900202DE9F74F294D8A467E
:1024200006464FF00008AB46274FD0451BDAD6F8DA
:102430000490B9F1000F3FD03168084601910CF0CB
:1024400070FF0199044609EB010001380CF069FFA7
:1024500084424FF014021D4B08D002FB08F36FF0CA
:1024600015024BF8032003B0BDE8F08F14F1160FEE
:102470002C60F8D01978A142F5DD02FB08B0C7F84E
:102480009840C7F89840D7F89C4000F10801007BBD
:1024900064F304000871D7F8A0000C79400860F3D9
:1024A00047140C71D7F89C1021F01F016960D7F810
:1024B000A01021F01F01296108F1010814350C3624
:1024C000B3E700BFCC42002000ED00E0A7490020A8
:1024D000F0B55349534DD1F890302C68C3F307231E
:1024E0009C4287B000F299800020FFF781FF4E4B9D
:1024F000C1F8C030844216D14C4D01A82C70FFF7B2
:102500005FFA002607464A4CB74213D100202B78C9
:102510004349D1F89020C2F30722934277DBFFF7BB
:102520005BFF002046E0696801EB0011FFF78AFEBF
:102530000130DFE70199300101EB0613DA68224030
:10254000B2F1807F52D00AD8B2F5001F34D0B2F574
:10255000800F3ED0B2F5801F12D00136D4E7B2F121
:10256000006F43D0B2F1805FF7D15A689B68095879
:10257000013B22F01F00034423F01F03012032E03F
:102580005A689B680958013B22F01F000344012050
:10259000844623F01F0340EA4C10CDE902218DF858
:1025A000100002A928780593FFF764FE00282ADAB4
:1025B0006FF0150007B0F0BD5A689B680958013BE1
:1025C00022F01F0003444FF0020C012023F01F03F0
:1025D000E1E75A689B680958013B22F01F00034459
:1025E000062023F01F034FF0000CD4E75A689B68C5
:1025F0000958013B22F01F0003444FF0030C012057
:1026000023F01F03C7E72B7801332B70A5E7C1F830
:102610009830C1F8A00001337BE74FF0FF30C9E7E5
:1026200000ED00E06C630200AAFF4400A74900200F
:102630000000F0FF08B502480CF00EF9FEE700BFFD
:102640003E84020008B5024B1B689847002008BD75
:10265000E0420020034B044A1860937843F00203E1
:1026600093707047E04200207803002008B50548C9
:102670000CF0EDFC002383F31188BFF36F8F04236C
:10268000184602DF4384020008B50649064821F0D7
:102690000701C1F1005202F580220CF095FC0020E8
:1026A00008BD00BF3BC60020E442002070B5416970
:1026B0000446867A0A4D59B1437ADB0706D42423AF
:1026C00003FB0653DB691B689B6898470023636123
:1026D0002420214600FB0650BDE8704010F09EBD4E
:1026E0004C0700202422024B02FB0030704700BF41
:1026F0004C0700202421827A054B01FB02331A6A21
:102700001B7D801A1B3323F00303B0FBF3F07047EB
:102710004C07002038B52424827A064B04FB023390
:10272000DB69D3E901240C601568FFF7E3FF04FBC4
:10273000005038BD4C0700202DE9F04385B0054618
:10274000684690461C46039111F02FF8DDE90067BA
:10275000EFF31189402383F31288BFF36F8F6B8AE5
:10276000002B41D02A8A9A4225D9002200232846EC
:1027700007F078FF0446F0B189F31188BFF36F8F3B
:10278000039B002B41D032463B46684611F032F89D
:102790002421A27A254B204601FB0233DB6903A9E1
:1027A0001B681D68DDE90023A847606170BB2046F7
:1027B000FFF77CFF24E0698A4B1E6B8289F3118846
:1027C000BFF36F8F2B7D2A8A2C6A1B3323F0030300
:1027D000521A02FB0344154B154AEB1A9B10534344
:1027E000A3722B7DE372CBE789F31188BFF36F8F60
:1027F00023464246284607F035FF04460028BFD14D
:102800000024204605B0BDE8F08363610123002564
:102810002381039B29466382E27A656004F11800F4
:1028200012F099FC63692582E360EAE74C07002017
:10283000398EE33870B524250C4C00B970BD037A8D
:102840004668002BFAD0013BDBB20372002BF5D1B6
:10285000C3604360837A05FB03439B6913B19847C8
:102860003046EAE7FFF722FFFAE700BF4C070020F7
:102870002DE9F84F06460D4617460446A346646800
:10288000002CFBD14FF02409DFF878A0BBF8103002
:10289000BBF81220DBF81410D21ADBF80C300BF165
:1028A0000C005B1AD21AAA4228BF2A461FFA82F8E5
:1028B000394642460CF0CBFDB5EB0805444447448D
:1028C0001DD00C9B53B1DDE90A010D9A9847834650
:1028D000A8B1014630460CF098FDD7E7B07A09FB65
:1028E00000A0C3699B6843B1AB4228BF2B46194681
:1028F000DDE90A23FFF720FFE9E72946F8E720464C
:10290000BDE8F88F4C07002008B5244A244B1A6014
:1029100005F008FD4FF47A612248D0F82436C3F35D
:102920000802C3F309434B4382F480721E49883284
:1029300001FB02334FF4FA215B00B3FBF1F201FB20
:1029400012331A49B3F57A3F28BF0132C1F804297E
:10295000D0F820364FF47A60C3F30802C3F309437A
:10296000434342F21C5082F4807202F2172200FBB1
:1029700002334FF47A701B0AB3FBF0F200FB123300
:102980000020B3F5FA7F4FF0010328BF0132C1F8F0
:102990001C27C1F80009C1F8003608BD0020A107B6
:1029A0008005002000C0FF00F82A008000001250BF
:1029B00048B1054B054A1B68B3FBF2F35843044B7F
:1029C00043F00103184770478005002040420F0084
:1029D0008062020010B50024094B86B009480393B9
:1029E000CDE9044410F0F7FC03AB009340F6380245
:1029F0000A230549034808F039F8204606B010BDFF
:102A00004C840200C01A00205852002001460148A0
:102A100008F06CB8C01A00200146014810F0B0BCA4
:102A2000C01A002030B50378012B11D0022B21D021
:102A30006BB90A46144B03F1100453F8045BA3422C
:102A400042F8045BF9D143881A0A8A70CB7030BD12
:102A50000A460D4B03F1100453F8045BA34242F8FD
:102A6000045BF9D143681A0C180E4A700870C3F35E
:102A70000722EAE700F11003013913F8012998420F
:102A800001F8012FF9D1E2E77586020010B50CF0CC
:102A9000BAFD10F0FDFC044608B908F0BBFA064B7D
:102AA000D3E8AF3F0BB10A2098471CB9BDE81040EE
:102AB00008F0C4BA10BD00BFF042002038B504468B
:102AC00008480CF05EFC054648B1631EDBB21F2BC4
:102AD00096BF054A0021D15C0C300CF0C1FC2846A1
:102AE00038BD00BF2408002085860200034BD3E8D0
:102AF000EF2FC3E8E10F0029F9D17047F042002021
:102B00000F2810B50CD80D280CD90A480CF039FC48
:102B1000044618B104210C300CF0A2FC204610BD74
:102B20001328F2D009B10448F0E70220BDE81040B4
:102B3000FFF7C4BF48080020B807002038B5C568B3
:102B40002B7893B9B5F801400F21204601F014FE0F
:102B5000EB78054650B90A4A118831B96FEA04503A
:102B60006FEA10501080074A137038BD03730121BB
:102B700001F06EFD2846BDE8384001F01DBD00BFE4
:102B800086490020A849002010B5002486B003AB78
:102B900000934FF462724FF0FF3305490548CDE9C9
:102BA0000344059407F062FF204606B010BD00BF45
:102BB000905A0020681B002010B5084C01460622E0
:102BC00094F86F0002F004F938B994F86F00052208
:102BD000BDE81040024902F0FBB810BD28010020FA
:102BE0005B860200054BD3E8AF2F02F00B02D3E85F
:102BF000EF1FC3E8E02F0028F9D17047FC01002047
:102C000010B5012104460C300CF04BFC2146BDE808
:102C100010400023014A00780CF05BBEA064020063
:102C200010B5012104460C300CF03BFC2146BDE8F8
:102C300010400A23014A00780CF04BBE5064020099
:102C400070B531480CF0B6FB044600285AD000F1AC
:102C50000C0528460CF02DFC022805D004282FD0A6
:102C60002046FFF7E7FD21E0238A032BF8D9042152
:102C700028460CF016FCFF22438806882276228A1A
:102C8000C6F30B009A426083EAD10F2101F074FD74
:102C900005460028E4D001F08BFD21462076320B5A
:102CA00028460DF056FA284601F086FC174BD3F85B
:102CB0004C313BB3BDE870401549164810F060BB7D
:102CC000284602210CF0EDFB054600783E2812D084
:102CD0000CF00EFD10F002060DD140F69A430E4A9C
:102CE0000E490F480CF0C0F986F31188BFF36F8FBF
:102CF0000323184602DF062321460A4A28780CF0EF
:102D0000E8FDADE770BD00BF74020020280100207F
:102D100088040020101C00205584020089840200D1
:102D2000B78402002064020010B5012104460C3073
:102D30000CF0B7FB2146BDE810400223014A0078A1
:102D40000CF0C7BD106402002DE9F0470C4608F0F6
:102D500061F9E5682B78022B67D0042B05D020465B
:102D6000FFF768FD6FF0150408E0B4F81080B8F1C3
:102D7000020F08D82046FFF75DFD002408F05EF939
:102D80002046BDE8F08768783E2809D1B8F1030FE6
:102D9000F0D0EB78012B01D00A2B46D1032704E0B9
:102DA0000CF0A6FC0746F8073FD504F10C060121FC
:102DB0003046D4F814A00CF06CFB022130460CF025
:102DC00070FB814600783E2807D1E3681B78012B11
:102DD00001D00A2B06D1032614E00CF089FCC107B0
:102DE00006460FD441F26813164A174917480CF0EB
:102DF0003BF9002383F31188BFF36F8F0323184639
:102E000002DF0226124A0623214699F800000CF040
:102E100060FDB20712D56369A5EB0A0513FA85F5C3
:102E2000E560A4F81080BB07A7D5214609480CF03F
:102E3000ACFA0949094810F0A3FA9EE72046FFF7CB
:102E4000F9FCF0E755840200D4840200B784020044
:102E5000E06302007402002088040020101C00209F
:102E60002DE9F047884616468246002868D00023A0
:102E7000DFF8D090D9E8EF4FC9E8E23F002AF9D156
:102E8000002C5DD02046FFF735FC0C232E4D274645
:102E900003FB0050438853450DD0D9E8EF3FC9E804
:102EA000E27F002AF9D1002B4AD01F463846BDE800
:102EB000F047FFF7BFBCA64208D020460CF05CFAF2
:102EC000328AF16804F10C000CF0C1FA2046FFF7D9
:102ED00011FC0C2606FB00504368ABB1B8F1000FA3
:102EE00012D12046FFF706FC012106FB0050426884
:102EF000536803F01F00814010685B0900EB8300FA
:102F0000137ACBB10CF01AFC2046FFF7F3FB0C262A
:102F100006FB00508368002BC8D02046FFF7EAFB71
:102F2000704305F800802046FFF7E4FB06FB0055E0
:102F3000A86807F0C9FBB9E7C9430CF0E1FCE3E777
:102F4000BDE8F08770020020F442002010B5C1E90E
:102F500000239DF808300C460B72FFF7CBFB0C22C8
:102F6000024B02FB00335C6010BD00BFF442002046
:102F7000F8B502460B4610480CF003FA0446C0B1FF
:102F800004210C300CF052FA2046FFF7B3FB0C275B
:102F900000260A4D07FB005046802046FFF7AAFB9B
:102FA00007FB005086602046FFF7A4FB07FB005597
:102FB0006E602046F8BD00BF00080020F4420020EB
:102FC0000138C0B202289ABF014B185C002070473C
:102FD000CF86020029289ABF014B185C0920704750
:102FE000A5860200034B0146D3F86401826892680B
:102FF000104700BF28010020042101480CF09EBBAF
:10300000FC010020004870477F7E02000149024811
:1030100010F0B6B978040020681B002070B5054692
:103020000C4639B1CB684A699B1A032B0ED86FF056
:10303000150509E04FF0FF304FF0FF31FFF798FF23
:10304000044618B96FF06805284670BD2046FFF7A2
:1030500051FB0C22134BA61802FB00330321304610
:103060005D800CF005FA0580238A0121033B837003
:1030700030460CF005FA40F635439D4209D1204612
:10308000FFF7B0FF05460028DED02046FFF7D2FB51
:10309000DAE72146044810F0B6F80025FFF7B6FF3E
:1030A000D2E700BFF44200207C0200202DE9F0436B
:1030B000064617460C4685B069B94FF0FF304FF011
:1030C000FF31FFF755FF044658B96FF068052846F1
:1030D00005B0BDE8F083887AFFF704FB304B8342EC
:1030E00057D101220021684610F0A6F82046FFF7CC
:1030F00001FB0C23DFF8AC9003FB0090C0F808D074
:1031000020460CF06DF901463046FFF787FF054673
:1031100018B12046FFF78EFBD9E700236846224A04
:1031200007F006FB804690B14FF4F1731F4A204927
:1031300020480BF099FF424631461F480BF094FFA0
:1031400085F31188BFF36F8F0323184602DF2046F3
:10315000FFF7D0FA0C23584319F80060AEB12046AF
:10316000093EFFF767FB092E0CD8DFE806F0050BD8
:103170000B08150B0B0B0B126FF06E05A7E76FF02A
:103180000C05A4E76FF00405A1E7002FC1D03C6057
:103190009DE76FF015059AE76FF00B0597E700BF05
:1031A00000080020F4420020B4C40400558402004A
:1031B000ED840200B7840200F68402002DE9F0439A
:1031C00000260546544BB0F80180198848F4704237
:1031D000914285B004BF1E80504B05F1040408BF26
:1031E0001E7800F05DFAEB782046012B0ABF4C4BAD
:1031F0004FF0000993F86F900CF001FA02AF2146EE
:10320000B0B14FF0010938460CF0EEF9D5F81130A5
:10321000CDF80130B5F81530ADF80530EB78012B5D
:103220001BD0132140460CF0B8FC05B0BDE8F0837C
:1032300048460CF079FE0346006895F80490029029
:103240009A889B796868BA80BB71A288A37900903C
:10325000ADF804208DF80630E0E73846FFF7ACFC07
:1032600004460028DDD00346B5F8012023F8702B72
:10327000BA790298B98820679A7140F2E24299803F
:10328000B5F8173053430022C4F88830B5F8193028
:10329000A4F89030B5F81B30A4F89230EB78227384
:1032A000204A012BC4F8A42002F14702C4F8A82048
:1032B0004FF4A472E370A4F8AC201CD18DF80090F8
:1032C000BDF804209DF806300098A4F87B2084F80F
:1032D0007D30C4F8770000F099FC237A1049C3EBE5
:1032E000C3035A18CB58C4F87E309388A4F88230B0
:1032F000937984F884300721204601F0A9F926B19A
:1033000001212046267301F0A3F9204601F082FA3C
:10331000204601F051F988E786490020A84900209D
:103320002801002001011B0000B5C36889B01A788C
:1033300032B13C2A32D109B05DF804EB0CF0E8BAA6
:103340008DF80020B3F80120ADF80120DA788DF86F
:103350000320B3F80B20ADF81720B3F80D20ADF81B
:103360001920B3F80F20ADF81B205A7C8DF81D20D2
:10337000586801901A899B7AADF808208DF80A30B8
:10338000084B68461A689B88CDF80B20ADF80F30C3
:10339000CDF81120ADF81530FFF710FF09B05DF83A
:1033A00004FB00BF6F86020010B5FDF7D1FD034B93
:1033B0001B6813B1BDE81040184710BD0C43002036
:1033C00073B5254D0646D5F864010FF0E5FD0028DC
:1033D0003BD06FF0020105F1D4000CF091FA01210D
:1033E0000CF0ACF910EA010432D11C4B1E600A4605
:1033F00005F59C700FF020FF05F5AA700FF0FBFE9D
:1034000017480FF0E8FF6FF007034FF448621549C3
:103410001348009407F02AFB1349114810F03EF8B6
:10342000D5F86401114983681B689847044648B978
:1034300026B902B0BDE87040FDF78ABD05F1C400B1
:1034400007F00EFB204602B070BD6FF01204F9E7E2
:103450006FF07704F6E700BF280100200C4300203E
:10346000101C0020185E00203B850200492D010041
:1034700038B5032104460C300CF013F840F6354201
:103480000346B0F8010090420DD01D78E368224653
:103490001978FFF7E5FC35B1034807F015F9BDE8E9
:1034A0003840FFF7B3BD38BD6002002038B507F0E3
:1034B000B1FD284DD5F85431002B48D0002200230F
:1034C00005F59C7007F034F9002840D10022002354
:1034D00005F5AA7007F0C6F8044668B940F6AA4395
:1034E0001D4A1E491E480BF0BFFD84F31188BFF32F
:1034F0006F8F0323184602DFD5F8480120B1FFF78C
:1035000099F90023C5F8483120460BF069FFC5F84A
:1035100048012046FFF766FD98B1124807F0D4F83D
:103520002046FFF7E7F80C220F4B1F2102FB00306B
:1035300022464088FFF794FC2046FFF77BF9FFF70F
:1035400065FDFFF763FDBDE8384007F077BD01F08A
:1035500071F9F8E728010020558402004485020033
:10356000B784020060020020F442002038B5042134
:1035700004460C300BF095FF4578017822464088D0
:10358000FFF76EFC35B1044807F09EF8BDE83840FF
:10359000FFF73CBD38BD00BF60020020F8B506460D
:1035A0000024094DEF79E3B29F4202D86FF0010089
:1035B00007E0294630460CF0ECFB0735631C08B1E8
:1035C0002046F8BD1C46EEE72801002037B504462A
:1035D0000D4671B1284612490CF0DBFB48B929466B
:1035E0001048C4EBC40420440CF0DBFB002003B003
:1035F00030BD68460BF0EAFF0028F8D16846FFF7B7
:10360000CDFF0028F5DA074BC4EBC4006946184427
:103610000CF0C7FB002DE9D001462846E4E700BFC7
:10362000628602002801002070B5144E0622314641
:10363000044611F09FFDE0B14FF0FF304FF0FF3135
:10364000FFF796FC0546A8B1062221460C300BF088
:10365000FEFE0022294642F20500FFF727FD40B991
:103660003346226843F86929A288B280012283F890
:10367000682070BD6FF06800FBE700BF910100207B
:10368000064BD3E8EFCF4CF4806CC3E8E2CF002ABE
:10369000F7D1037A19430172704700BFFC01002083
:1036A000084BD3E8EF2F22F48061C3E8E01F002825
:1036B000F7D1530504D500220220034904F0E4BCED
:1036C000704700BFFC01002087FF01001FB50023E9
:1036D0000190CDE9023302208DF80C1001AA0349B4
:1036E00004F0D2FC029805B05DF804FBCFFE0100A7
:1036F000F7B5044670B1404D95F82A2195F82B3165
:103700000AB19A4208D2013385F82B31237A43F06B
:103710000403237203B0F0BD00210222084601F029
:1037200057FB064648B120460121FFF7A9FF304666
:1037300003B0BDE8F04000F03FBF01462F4800F065
:103740005FFA95F82B31B3B995F82B2195F82A310A
:103750009A421CD1002242F229001146FFF7A6FC32
:1037600070B995F82B31013385F82B31237A43F06A
:103770000403237204E030460CF05AFB0028E3D027
:1037800000211F4803B0BDE8F04000F039BA2246DE
:10379000671C394612F82E0B0CF00DFB064630BBA9
:1037A00095F82B31013385F82B31237A43F004034C
:1037B000237295F8A7305B0719D5394668460CF097
:1037C000F0FA01234FF0FF304FF0FF318DF8073052
:1037D000FFF7CEFB044650B1082269460C300BF0CF
:1037E00036FE3246214642F24E00FFF75FFC0120D2
:1037F0000CF01EFBC4E700BF28010020F9FE010009
:1038000063FE01002DE9F041044600B3364D95F802
:103810002A2195F82B3192B10132934210DC00211C
:103820000222084601F0D4FA064690B12046022151
:10383000FFF726FF3046BDE8F04100F0BDBE13B1F2
:10384000013B85F82B31237A23F004032372BDE872
:10385000F0810146254800F0D3F930460CF0E8FA33
:10386000074688B995F82B3195F82A219A4217D244
:10387000013B85F82B31237A024623F00403022012
:103880001B49237204F000FC95F82B3113B1012081
:103890000CF0CEFABDE8F0410021164800F0B0B9B6
:1038A0004FF0FF304FF0FF31FFF762FB04F10108EA
:1038B00006460028E8D007210C300BF0C2FD414637
:1038C0000CF06FFA3A46314642F22800FFF7EEFB61
:1038D0000028D9D195F82B31013B85F82B31237A7B
:1038E00023F004032372CFE728010020F9FE010032
:1038F0001BFE010063FE010070B5044611B16FF0BC
:10390000150070BDD8B121490CF043FAB8B9204672
:10391000FFF744FE002832DA23784BB91C48C279FD
:103920006ABB21460CF03DFA0123C3711046E8E75B
:10393000012BE4D1A37903F0C003C02BDFD1144DD8
:10394000EB79012B1ED005F1D4000CF031FAC3073E
:1039500007D4002CD3D020460C490CF01AFA0028CA
:10396000CDD1EE792146731C3046EB71FFF72EFE68
:1039700008B93046C5E7EB79013BEB71C1E76FF061
:103980007700BEE76FF00B00BBE700BF6286020066
:10399000280100202DE9F3410446D8B1002141F26D
:1039A000090001AAFFF782FB054698B9019E06228D
:1039B000D6F80C80104908F10107384611F0DAFBFF
:1039C00028B1062238460D4911F0D4FB30B93046F3
:1039D000FEF730FF002002B0BDE8F081D8F80130DA
:1039E0003046C4F80130BB882570A4F80530FEF7D6
:1039F00021FF0120EFE700BF6F8602006986020009
:103A000007B56846FFF7C6FF044BD87118B1694681
:103A10000020FFF7DBFD03B05DF804FB2801002068
:103A2000F0B5294D89B0EE79002E46D195F8C23017
:103A3000DB0722D56A4631464FF60940FFF736FBD1
:103A4000D8B9DDF800C0DCF80C406378012B1E46C5
:103A500028BF012673B1A31C02AA123417461868A6
:103A60005968083303C7A3423A46F7D1186838604B
:103A70009B88BB806046FEF7DDFEEE7100241626B3
:103A80000127EB79E0B2984202D3B3B1002012E0F3
:103A900008AB06FB003353F8182C33F8143C694686
:103AA000CDF80120ADF805308DF80070FFF78EFDE0
:103AB00001340028E5D009B0F0BD0021084609B066
:103AC000BDE8F040FFF718BF280100202DE9F041C4
:103AD0001D460E4617460346002849D0002D47D004
:103AE0000A0307D54C0743D40CF032FA10BB01236C
:103AF0002B701FE0B10704781ED020492FB1B20609
:103B000003D591F8D820500635D5C4EBC40411F87C
:103B10000480B8F1010F08D10134184621440CF09B
:103B20000FFA38B985F8008002E0B8F1000FF9D03B
:103B3000A7B90020BDE8F081720716D50F49C4EB84
:103B4000C4040F5D012F07D1013421440CF0F8F9B2
:103B50000028EFD12F7001E0002FFBD0B306E8D58D
:103B60002B7843F002032B70E3E70CF0F1F9BEE78A
:103B70006FF01500DEE76FF08500DBE7280100201D
:103B800010B50A4CE3790BB1002010BDFFF738FFE8
:103B90000028FAD1E379002BF6D1FFF741FF002886
:103BA000F3D1601CBDE81040FFF73EBD28010020A6
:103BB000F7B5CDE90001694642F2080016461D46F8
:103BC0009DF820700CF0F2F9044648B95FB90B4B30
:103BD000D3E8EF1F41F00401C3E8E21F002AF7D148
:103BE000204603B0F0BD694642F20900CDE9006508
:103BF0000CF0DCF90028EAD00446F1E7500100207F
:103C000003460148184700BF4001002000487047A4
:103C1000400100202DE9F04FD0F8109089B0B9F1A3
:103C200000040546B14818BF0124029103930CF02B
:103C3000BAF94607924640F183816E6870050CD54B
:103C40006FF01504002240F20110029B924540F0F3
:103C50008081204609B0BDE8F08FD5F81080B8F11A
:103C6000000F01D0B107EBD0A14F2878FB79834238
:103C7000E6D9C0EBC00007229E49384411F07AFA19
:103C80000028DDD0B20706D197F87030082B02D893
:103C9000AB689F2BD4D916F0300F7AD0B8F1000F53
:103CA000CED0F30678D406F46036B6F5603FC7D0C0
:103CB00028460CF064F980460028C1D08E480CF0EC
:103CC00072F910F4807F8C4E40F03D8106F1AC001B
:103CD0000CF069F910F4806F06F1AC0B01D0FFF71E
:103CE000DFFC0023CDE90533CDF81B30AB686A68F3
:103CF000ADF81030EB6812F4004FADF8123014BF7D
:103D000006230723D00348BF03F00503910348BFF0
:103D100003F0FB038DF81D30DBE8EF3F23F48073E5
:103D2000CBE8E23F002AF7D12B7822463B7687F892
:103D30006F30696871480DF11503FFF7C7FE04463F
:103D400000287FF47FAF6E4BB9F1000F31D02A69A4
:103D500011684BF8B31C9188998092799A716B68BD
:103D60009A0728D0B9F1000F2CD013F0100F0CBF18
:103D7000012304238DF814302B691A68CDF816201E
:103D80009A88ADF81A209B798DF81C304FF0000806
:103D90001BE0B8F1000F86D1D5E902239A423FF625
:103DA0004FAF1F2A7FF64CAFB3F5804F7FF67BAF46
:103DB00046E7504ACCE79B0502D4039B002B37D043
:103DC000022300E04B468DF814304FF0FF304FF0E7
:103DD000FF31FFF7CDF80446002800F0B7800F222E
:103DE00004A90C300BF033FB2146002242F20600FE
:103DF000FFF75CF9044600287FF424AFB9F1000F07
:103E00001AD0686810F0030022D1074601213B4810
:103E10000CF026F90446002840D0002F3FF412AFE2
:103E20003846002100F014FC384600F0C5FB09E7D5
:103E300003238DF81430A9E75146129B039A029888
:103E4000CDF80080FFF7B4FE04460028D9D0F9E68B
:103E50003C7E072227492A4887F86F4011F08AF9EB
:103E600060B92046274900F06DFF074610B96FF092
:103E70000B04E7E6052100F0EBFBC7E720462049ED
:103E80000CF06AFA00287FF4DBAE387E1C4900F0A3
:103E900059FF07460028EAD00621ECE717B138465B
:103EA00000F08AFB6B689F072ED0D6E8EF3F43F403
:103EB0000073C6E8E23F002AF7D1B8F1000F2CD01A
:103EC000D6E8EF3F43F48063C6E8E23F002AF7D12B
:103ED0006B6858072AD5D6E8EF3F43F48053C6E80D
:103EE000E23F002A3FF4AEAEF5E700BFFC01002040
:103EF00028010020628602005001002040010020BD
:103F0000490100205B860200D6E8EF3F23F40073EE
:103F1000C6E8E23F002AD0D0F6E7D6E8EF3F23F428
:103F20008063C6E8E23F002AD2D0F6E7D6E8EF3F4A
:103F300023F48053C6E8E23F002A3FF483AEF5E75E
:103F40006FF00A047EE66FF077047BE66FF068049A
:103F500078E61988814204D1596811B10978C907F6
:103F600002D40132083371E6044905480FF039FAEA
:103F70000023044A024806F017FE6AE6B700020072
:103F8000580100201C4E0E0010B518480CF090F897
:103F900017480CF008F80346DA05C0F3002023D5D3
:103FA00013480CF000F8830515D512490722124872
:103FB00011F0E0F803461149087E93B90522104933
:103FC00000F006FF044630B10021017300F040FB11
:103FD000204600F0F1FABDE81040002103480CF043
:103FE0003FB806222131EBE710BD00BF40010020A1
:103FF00050010020628602004901002028010020B3
:104000005B86020070B59AB01822002103A811F057
:10401000A2F847F21213ADF808304FF4807344F25F
:104020000102ADF80A30304B694602A8CDE90423FD
:1040300008F0E4F8F0B11F252C4BD3E8EF1F21F076
:104040000101C3E8E21F002AF7D1294E06F0E2FF82
:10405000346804B1043C002D264D18BF0025002C07
:104060003BD023680BB1284698476468002C34D0B5
:10407000043CF6E74122009801AB09A90FF09AFD34
:104080000028D8D11C4A0DF125030DF1650153F824
:10409000040B8B4242F8040BF9D1202217490098F7
:1040A00001AB0FF064FD0028C5D1009807F08EFF2A
:1040B00005460028BFD110490E480BF0FEFF1048FE
:1040C00020310BF0FAFF0F4BD3E8EF1F41F0100146
:1040D000C3E8E21F002AAFD0F6E70023C6E90033A9
:1040E00006F0ACFF1AB070BD0000020910430020BA
:1040F00018430020094A0020C9490020A94900208E
:10410000294A0020FC01002030B5A7B01822002168
:1041100007A811F020F804233D22002116A81593CA
:1041200011F019F847F21213ADF818304FF48073FC
:1041300044F20102ADF81A30234B2449CDE908239B
:1041400006A8202204AB07F08DFFB8B16FF004047D
:1041500006F060FF1E4B1D6865B1002018601D4B06
:10416000D3E8EF1F21F00201C3E8E21F002AF7D1D4
:1041700024B3A84706F062FF27B030BD164B0DF1FF
:104180005502194603F1400053F8044B834242F8AC
:10419000044BF9D105AB029320230B48CDE9001362
:1041A00015AA412304990FF0D4FD0028CED104981C
:1041B00007F00CFF04460028CAD0C7E70DA806493F
:1041C0000BF07BFF0DA8D4E700000209A9490020ED
:1041D0001443002010430020C9490020402208B5A4
:1041E000034910F0C7FFB0FA80F0400908BD00BFD6
:1041F000D286020010B59AB004461822002103A806
:1042000010F0A9FF44F21213ADF808304FF4807398
:104210004FF48042ADF80A30114B2146CDE904231A
:1042200004230DF125008DF824300BF046FF04F136
:1042300020010DF145000BF040FF412201AB09A91F
:1042400002A807F00FFF044602A80FF0CEFD2CB91C
:10425000019807F0BBFE01201AB010BD0020FBE75B
:104260000000020910B560B31A4A136823B1043B79
:10427000834229D05B68F9E7174BD3E8AF1F890762
:1042800025D41468011D44605068116000B9516064
:10429000D3E8EF2F42F00101C3E8E01F0028F7D177
:1042A000D30701D5002010BD0C4BD3E8EF1F21F040
:1042B0001001C3E8E21F002AF7D10948FEF7ACFB62
:1042C000F0E76FF01500EEE76FF07700EBE76FF0C7
:1042D0000F00E8E71843002010430020FC010020F5
:1042E000A8040020044BD3E8AF3F13F0100F03489D
:1042F00008BF0020704700BFFC010020094A0020D1
:1043000070B50546194803688B4228D0184BD3E88E
:10431000AF3FDA0626D5036813B16FF00F0070BD0A
:10432000144AD2E8AF3FDB07F7D4D2E8EF3F43F0BF
:104330000204C2E8E64F002EF7D113F00204ECD1DC
:10434000016029460C480BF0B8FE0C4805F120012D
:104350000BF0B3FE0A48FEF75FFB2046DFE76FF085
:104360007700DCE76FF07C00D9E700BF1443002042
:10437000FC01002010430020C9490020E949002029
:104380009804002070B505460B4B1C6844B154F8E6
:104390002C3C2C3C13B12846297B9847E46AF5E76E
:1043A000064C074EB44200D370BD236813B12846B3
:1043B000297B98473034F5E7544300201C5D020008
:1043C0004C5D020010B50446FEF794F9044901EB78
:1043D000001120460BF054F9BDE81040FEF716BE60
:1043E00020430020002270B50446D1E90156074859
:1043F000C1E901220EF007FF3DB1314620462B46B0
:10440000BDE870406FF06D02184770BD3C0700209A
:1044100070B50546002200230E4806F089F9B8B9A8
:104420000D4B1C6834B154F8243C2C3C03B1984724
:10443000E46AF7E7094C0A4EB44204D32846BDE8C3
:10444000704006F00DBBA36803B198473034F3E722
:1044500070BD00BF14070020544300201C5D020003
:104460004C5D02002DE9F041044640270025EFF3A2
:10447000118287F31288BFF36F8FE16929B1206A37
:104480000B688142E36108BF236282F31188BFF3A6
:104490006F8F71B1D1E901680748C1E901550EF08C
:1044A000B2FE1EB1002241462046B047FEF7AEFDE7
:1044B000DDE7BDE8F08100BF3C07002010B4427B7F
:1044C0000346072A16D10433D3E8EF2F42F4806164
:1044D000C3E8E41F002CF7D151050BD4D3E8AF3F5C
:1044E000DA0307D4044B93F8D8301B0702D510BC6D
:1044F0000BF079BB10BC7047280100200448B0F8CD
:10450000143100F58C70002B08BF0020704700BFED
:104510002801002030B50446FDF770FE0D460D4A17
:104520000D4989B00858D2F88810884205D1204634
:1045300009B0BDE83040FFF795BF2434214610464E
:104540000EF01EFF1DB1694620460EF029FF09B08E
:1045500030BD00BF284100200800000038B500220F
:1045600004468A4202D10024204638BD012004F1CD
:10457000D003D3E8EF5F002D04D1C3E8EC0FBCF10A
:10458000000FF6D102D0D8340244EAE7002CEAD07A
:10459000D0220021204610F0DEFD04F14000044945
:1045A0000EF01FFF034904F124000EF0CDFEDBE7FF
:1045B000DD4F01000501020008B500F1D003D3E88A
:1045C000EF2F013AC3E8E12F0029F8D1AAB90B4B2C
:1045D000984212D303F1D80290420ED2C01AD823C7
:1045E000B0FBF3F203FB120038B9054806F06CF893
:1045F000BDE80840034806F033BA08BDB81C0020E7
:1046000014070020C804002010B504460BF0F1FD8B
:1046100006F000FD0C4B04F1C401D3F82C3143B972
:104620000A480BF054FD06F009FDBDE81040FEF706
:10463000EDBC994201D01B68F1E706F0FFFC204673
:10464000FFF7BAFFF1E700BF280100205402002065
:1046500070B5457B04468D4213D041730DB90BF004
:10466000C8FD637B012B09D1314D05F58C7661695D
:1046700000294AD1BDE87040FEF7C8BC072B01D025
:1046800073B170BD0023C4E90D33E378012BF8D179
:1046900004F140000023BDE87040264A06F050BAFD
:1046A000082DEED801A353F825F000BF8346010082
:1046B000D1460100F7460100014701000147010012
:1046C00001470100F74601008346010083460100CF
:1046D00004F1400528460EF090FE20460121FFF728
:1046E00019FF20460BF02CFD2846BDE87040002243
:1046F000002306F059BA237B13B12046FFF742FE90
:104700002046BDE87040FFF757BFA2690B68914291
:1047100008BFA36120466361FFF764FEB5F814315A
:10472000002B14BF3046002005F0CEFF9FE700BFEE
:10473000280100205A620200F8B5074609480D46D4
:1047400016460BF056FD044650B183781F4203D144
:10475000BDE8F840FFF730BF3146A8472046F7E7ED
:10476000F8BD00BFB81C0020002201200149FFF75E
:10477000E3BF00BFBD44010038B505460B480C46F9
:104780000BF037FD034670B1427B012A02D0073A95
:10479000012A06D81A88AA4202D19A78144203D173
:1047A0001846FFF709FF0023184638BDB81C002043
:1047B000034BC01A034BC0105843C0B2704700BF30
:1047C000B81C002013DA4B6870B51C46144305462C
:1047D0000E4608D0FDF712FD0B4908580B49D1F8D9
:1047E0008810884201D1002213460949002D14BFC8
:1047F000284608460AF0C5FD044618B1711D0C3064
:104800000AF014FE204670BD080000002841002078
:104810004C07002010B50446054806F021F9204653
:1048200000F0CAFD2046BDE81040FFF7ABBD00BF59
:10483000B804002000232DE9F04F87B003930593BF
:10484000A54B5A8A32B1A54DD5F82C4134B907B0E1
:10485000BDE8F08F1B68002BF5D1F8E754F8C43998
:1048600003B1C43B00269E4901E01C461346B5F83F
:104870001421002A00F02E81D5F820214AB904F134
:10488000C406002BE3D0D3F8C420002AEDD0C43AEC
:10489000EBE70A68002AF2D0D4F8B020002AEED064
:1048A000D4F8B420002AEAD0D4F8B820002AE6D000
:1048B000637B072B66D120469047002862D004F125
:1048C000C803D3E8AF3F022B5CDC20460BF091FC21
:1048D00004460028BBD0637B072B40F0F2802046C3
:1048E000D4F8B030B5F8141104AA98470746002848
:1048F00000F0CA80B5F81421049B9A4206D3014601
:10490000D4F8B460204605AB03AAB047059BDDF898
:104910000C9001933B8A002B00F0D6803846DDF8DE
:1049200010A00AF0C3FE8046002840F0D080B5F801
:104930001431DFF8B0B1002B14BF5846002000221C
:10494000002305F0F5FE78B900220023644805F045
:1049500089FE064600283BD1B5F81431002B18BF5C
:104960005E46304605F0B0FE6FF00B053846FDF7A9
:1049700061FFB9F1000F00F083802A4620460199BB
:10498000C8477DE0D4F8C43004F1C402C6B9D5F8F4
:104990003011C5F82C318A4201D1C5F830310023DD
:1049A0002046C4F8C430D4F8B8309847002892D0D4
:1049B000637B072B40F085802046FFF725FE8AE7C2
:1049C0003360D5F830319A4208BFC5F83061E6E768
:1049D000019BC0F804908360B5F814B10022DA4559
:1049E0004FF000034FF000013B4898BF1FFA8AFBCD
:1049F000FDF7A2FE814650B1FDF77CFE3A4B5A46C8
:104A000003EB0013394648460AF015FE8146B5F817
:104A1000143194F8CC709A458CBF4FF001080237DE
:104A200084F8CC8098BFFFB204F1C808D8E8EF3F03
:104A30000133C8E8E23F002AF8D104F1140A3146F4
:104A400050460BF044FBA378012B21D0D8E8EF3F70
:104A5000013BC8E8E23F002AF8D1314650460BF04E
:104A600054FB4846FDF7E6FE20463146FFF7BAFC08
:104A7000B5F814311B48002B08BF002005F024FEB8
:104A8000132120460BF0C9FB2046FFF795FDDEE61B
:104A900009F10C0B042158460AF0EAFC238807F0C0
:104AA000FD0743EA07330380B9F810300221043BC5
:104AB000438058460AF0E4FC4846FEF793FA002883
:104AC000C4D1FEF7A3FADFE76FF079054EE76FF088
:104AD00004054BE79368FFDEDC0700202801002077
:104AE0003C070020400200202043002040F2E24327
:104AF0002DE9F041D0F888600446B6FBF3F6031DBB
:104B0000B6B2D3E8AF2F920413D5B0F88C20B242DE
:104B10000FD8B0F88E20B2420BD3D0E924129142C4
:104B200007D1D3E8EF1F21F40051C3E8E21F002AA8
:104B3000F7D1114B1D6865B155F81C7C2C3D37B180
:104B400031462046B4F89230B4F89020B847ED6A68
:104B5000F1E70A4DDFF82880454501D3BDE8F08133
:104B60002F6937B131462046B4F89230B4F890201E
:104B7000B8473035F0E700BF544300201C5D020009
:104B80004C5D0200F8B50F4B05461C685CB12C3C2F
:104B900000F1A606236A13B1314628469847E46A15
:104BA0000CB12C3CF6E7084C084E05F1A607B442C0
:104BB00000D3F8BD236A13B13946284698473034EC
:104BC000F5E700BF544300201C5D02004C5D02006D
:104BD000F8B50F4B05461C685CB12C3C00F1A406EF
:104BE000E36913B1314628469847E46A0CB12C3C7E
:104BF000F6E7084C084E05F1A407B44200D3F8BD0F
:104C0000E36913B13946284698473034F5E700BFC9
:104C1000544300201C5D02004C5D02002DE9F04170
:104C2000074608460D460AF020FF064618B900263A
:104C30003046BDE8F081144B1C6884B154F8203C28
:104C40002C3C0BB9E46AF8E7294638469847002817
:104C5000EDD028460AF009FF0028F3D1E7E70B4C16
:104C6000DFF82C804445E3D2E3680BB93034F9E730
:104C70002946384698470028D9D028460AF0F5FE3C
:104C80000028F3D1D3E700BF544300201C5D02008D
:104C90004C5D02002DE9F041C37804468BB900F168
:104CA0007E06114B1D687DB12C3D04F170076B69C8
:104CB0001BB13A46314620469847ED6A25B12C3D56
:104CC000F5E700F17706ECE7084D094F04F17008AD
:104CD000BD4201D3BDE8F0816B691BB1424631464C
:104CE000204698473035F3E7544300201C5D02000E
:104CF0004C5D0200F8B5437A0546837216460BF008
:104D000055FD0D4B1C684CB154F8143C2C3C1BB1A8
:104D100032462846697A9847E46AF4E7074C084F18
:104D2000BC4200D3F8BDA3691BB132462846697A5C
:104D300098473034F4E700BF544300201C5D020064
:104D40004C5D020038B505460C460F480121FFF7BF
:104D500005FCC0B1057223680367A388A0F874300E
:104D6000A37980F876300123437283728370074BF6
:104D7000C0F8B030064BC0F8B430064BC0F8B830BD
:104D8000054BC0F88C3038BDB81C0020D95101004B
:104D9000EF000200E30002001800280070B505468D
:104DA0000A480E460BF025FA044620B18378012B01
:104DB00004D0FFF701FC0024204670BD324629468E
:104DC0000BF0AAFA0028F7D12046F2E7B81C002021
:104DD000F8B505460E480E4617460BF00AFA04468B
:104DE00020B18378012B03D0FFF7E6FB00240DE010
:104DF00036B1324629460BF08FFA08B92046F3E760
:104E0000637BBB42FAD1237AAB42F7D12046F8BD8F
:104E1000B81C0020002210B5837804460B70C378BC
:104E20004B70037A8B70437B81F82B20023BDBB203
:104E3000062B8EBF13462B48C35C204681F82830D2
:104E4000A378012B14BF0023637A81F829300BF07B
:104E50001BFA81F82A00A378012B40D104F17003DA
:104E60008B60237A204AC3EBC30313444B60E27880
:104E700004F1770304F17E0042BB1A460346C1E900
:104E8000032340F2E242D4F888304B61B3FBF2F3E3
:104E90000B83B4F890304B83B4F892308B8304F1D9
:104EA000A4030B6204F1A6034B62D4F8A0302BB12B
:104EB0005B7CDA0644BF012381F82B30D4F8A030A4
:104EC00013B15B7C9B0603D4002010BD0246D6E7DD
:104ED00091F82B3043F0020381F82B30F4E76FF0A8
:104EE0001500F2E71287020028010020F8B50546F8
:104EF0000E460C4B1C6844B154F8083C2C3C13B1D2
:104F0000314628469847E46AF5E7074C074FBC420C
:104F100000D3F8BD636A13B1314628469847303450
:104F2000F5E700BF544300201C5D02004C5D020009
:104F3000F8B505460E460C4B1C6844B154F8043CC9
:104F40002C3C13B1314628469847E46AF5E7074CF4
:104F5000074FBC4200D3F8BDA36A13B131462846BF
:104F600098473034F5E700BF544300201C5D020031
:104F70004C5D020038B5044608460D460AF075FD42
:104F800038B3154B93F8D830990707D4E37873B149
:104F900029462046BDE838400BF09DBC94F8983077
:104FA0009A07F3D5231DD3E8AF3F5B04EED429461F
:104FB00020460BF0D9F958B92B88A4F88C306B88AF
:104FC000A4F88E30AB88A4F89430EB88A4F896301F
:104FD00038BD6FF01500FBE728010020F7B510F889
:104FE000333C0446A0F140060BBB30460BF03CFBC3
:104FF000244B1D684DB155F8283C2C3D1BB1304663
:1050000014F8341C9847ED6AF4E71F4D1F4FBD425A
:1050100005D3304603B0BDE8F040FFF7CDBA6B686A
:105020001BB1304614F8341C98473035EFE710F8C0
:105030003E3C012B24D1A0F13C05D5E8EF3F23F401
:105040000052C5E8E12F0029F7D19B0410D5E36C8D
:1050500069460093636D30460193FFF78BFF38B9C3
:10506000D5E8EF3F23F48053C5E8E23F002AF7D1AB
:10507000D5E8EF3F43F40063C5E8E23F002AF7D1EB
:1050800003B0F0BD544300201C5D02004C5D0200E3
:1050900010B50E480EF0AFF80D490C480EF0B3F8FD
:1050A0000C490A480EF0AFF80B4908480EF0ABF86F
:1050B0000CF0BEF902F0F4F8044628B902F0AAFF99
:1050C000044608B90BF028FC204610BD3C07002020
:1050D000304300203C43002048430020054A10781C
:1050E000013010F0FF000ABF012303461846137079
:1050F000704700BF494A0020044B186818B9044A99
:105100005A600B6070476FF00B007047901D0020D5
:10511000DC64020070B5D0F89820044600F17003FA
:105120002AB1FDF76BF8104909588A4215D0184684
:1051300004F1A0010EF074F904F1580600220023D6
:10514000304605F08FFA054658B9206C20B1FDF7BE
:1051500071FB2564A4F8445070BD18460EF04DF95B
:10516000EAE7FDF767FBE9E70800000070B50446D1
:1051700052EA030008D0FDF741F8074D074ED5F875
:1051800088503058854201D1002213462046BDE8A0
:1051900070400431FFF718BB2841002008000000D0
:1051A000F8B50F46002106280546164609484FF275
:1051B00024424FF0000318BF0846FFF7D7FF04460C
:1051C00030B104210C300AF03CF90570477046807C
:1051D0002046F8BD940700202DE9F0470E46904682
:1051E000D0F8BC4044B1C03C236B5BB920680BF0E5
:1051F00061F9D4F8C040F5E7FDF708FF002528461F
:10520000BDE8F08704F1300948460EF011F8054674
:105210000028F1D00AF04AFA0028EFD1D4F8C430BF
:1052200073B9A38C403B9BB23F2B09D804F12C00EF
:105230000BF022F9002803DC20680BF03BF9DDE7D6
:1052400028460AF0CDF8D4F8C43005469BBBA38CA1
:10525000078A403B9BB23F2B03D8238D9F4228BF38
:105260001F46042105F10C000AF002F90780A38C07
:1052700004374380A38CC4F8C470403B9BB23F2BDF
:1052800019D804F12C0318460BF0F6F8002840D189
:1052900018460BF0F1F870B904F11001D1E8EF3FB6
:1052A00023F00103C1E8E23F002AF7D16368DB691C
:1052B0000BB120469847D4F8C470BE421ED3B5F84F
:1052C00010A0574506D100220023484605F0CAF930
:1052D000FDF7B0FAA38CA3F140023F2A06D8574548
:1052E0001ABF00221346104AEB61AA6120680BF036
:1052F000E1F8236B13B120460BF0C4F8D4F8C430A6
:105300009E422CBF00269E1BC8F80030C4F8C46023
:1053100075E7421ED3E8EF1F814203D1C3E8E72FB0
:10532000002FF7D1B4D0AEE71308020070B58B8A16
:1053300005460C462BB9402128460BF077FA18BBDE
:10534000A182002304F11001D1E8EF0FC1E8E63F8C
:10535000002EF9D1C4E91033C4F8C030C4F8C43009
:1053600004F1080105F134000BF027F8104925601D
:10537000E26004F170000EF034F8A38A403B9BB267
:105380003F2B07D9012004E0013189B28029D3D114
:10539000002070BD074904F148000DF0D5FF04F16D
:1053A00058000DF028FF012384F86830EAE700BFB9
:1053B00039060200BD0A0200F7B505461B4C1C4F1A
:1053C000BC4201D303B0F0BD218828460BF082F91E
:1053D0006368019001A928469847002824DB019EB4
:1053E0002388002231462846B382B384FFF79EFF0C
:1053F0000028E7D006F130000DF0FDFE019843686B
:105400001B6803B19847019B1033D3E8EF1F41F0AD
:105410000101C3E8E21F002AF7D101984368DB6964
:1054200013B100F1100198470834C9E7045D020088
:105430001C5D0200054A0346106830B130F8082CA4
:1054400008389A4201D08068F7E770476843002027
:1054500010B54368014613B96FF0150010BD008800
:1054600040B1431EFE2BF7D8FFF7E4FF80B16FF089
:105470006F00F3E780242046FFF7DCFF38B10134EA
:10548000A4B2B4F5807FF6D16FF07C00E6E70C8023
:105490008B78042BE0D80BB901238B7002480831BC
:1054A0000AF08BFF0020D9E76843002030B5026C7A
:1054B0000446108A0D4685B060B1138B298A0144D9
:1054C000B4F84400814207DD204605B0BDE8304015
:1054D0000BF023BA0346F1E701331383214B00227B
:1054E00002930023CDE900230394EA68298A206C03
:1054F000FDF7BEF92B8A80B28342E5D1256CB4F862
:1055000044302A8A9A420BD204F11C000AF0B4FFFC
:1055100028BB0121204605B0BDE830400BF0F4B8AF
:1055200000232364A4F844306368294620465B695D
:10553000984700280ADA773011D020460BF0EDF9B1
:10554000284605B0BDE83040FDF774B994F86830DE
:10555000032BF5D1012120460BF0D6F8F0E705B07A
:1055600030BD00BF6F0402002DE9F04F0B8A0646E4
:10557000032B0D4685B067D9042105F10C0009F015
:1055800090FFB5F810B042885A455DD14478002CA0
:105590005AD00278012A00F0EC81063AD1B21029E3
:1055A00000F2F581102A00F2F281DFE812F05E01CC
:1055B000A401F001F001F001F001F001F001F001AF
:1055C000F001F001F001F0014D001100D900BE0121
:1055D000BBF10A0F38D1EA682146138815200093E1
:1055E000B2F802A036681FFA8AF30193B2F8048079
:1055F0001FFA88F301931389B2F806905A46019373
:10560000FFF7CEFD1FFA89F50746E8B159460C3081
:1056100009F017FF00221FFA88F3162B04460260D8
:105620004260028114D84FF00B0B39463046A4F883
:1056300008B00BF058F838B9BBF1000F04D103984B
:1056400043681B6803B19847002005B0BDE8F08FA0
:105650004FF6E671A5F1170292B28A42E3D800989C
:10566000FFF7E8FE054610B94FF0020BDDE7727A4E
:105670008178914208D81FFA8AF3A3F140023F2AA9
:105680000CD94FF0090BD0E7012A04D830460AF0B4
:10569000E4FD002861D14FF0050BC6E730461FFA44
:1056A0008AF10BF017F803900028BED12946304646
:1056B0006B6803AA9847002815DA10F10C0F0FD079
:1056C00010F10B0F07DA10F1860FCDD00D30AAD1F3
:1056D0004FF0060BA9E70130A5D14FF0070BA4E767
:1056E0004FF0040BA1E7DDF80CB0DBF804305A6989
:1056F0009B6A003AB3FA83F318BF01225B099A420E
:1057000091D1AB7858468BF86E300AF02AFF584694
:10571000ABF824A0ABF82890ABF826800AF0FAFE8C
:105720003046A54A0399FFF701FE0028D8D0584615
:1057300001990AF0CCFE03222B88ABF86A30039B58
:105740004FF0000B83F868209A8A22801A8BA2807F
:10575000DA8A6280DB69E38067E74FF0080B64E771
:10576000BBF10A0F7FF470AFEB683668B3F80290B4
:10577000B3F800A01FFA89F20092DA88B3F8048027
:1057800000921D891FFA8AF7082D1FFA88FB2DD871
:1057900040F22113EB40D90728D5002321461422DB
:1057A00030460AF024FE044600283FF44DAF703026
:1057B0000DF023FE0023052DA4F86C302BD0082D0E
:1057C00029D0002D4DD1403F3F2F0AD81FFA89F331
:1057D000162B06D94FF6E672ABF117039BB2934234
:1057E00006D93B2130460AF018FD2DE70123D5E705
:1057F000032384F868306368A4F824A0A4F82690F2
:10580000A4F828801B680BB12046984720460099D1
:105810000AF05DFE18E7274657F8103B38460AF0B5
:105820002BFE420719D4052D5B7A11D0012B14D819
:10583000022120680AF035FD00280EDBD7E8EF3F93
:1058400043F00403C7E8E23F002A3FF4FDAEF5E76A
:10585000032B02D8594AD15CEBE7214630460AF0C7
:10586000D5FE20460AF08EFEEEE6BBF1040F7FF473
:10587000EBAEEF683668398830460AF0D8FD054649
:1058800020BBF978BA78012042EA0122ADF80C2059
:105890003A882146ADF80E200622FFF781FC044627
:1058A00000283FF4D1AE00F10C070221384609F080
:1058B000C8FD02224570027003A95A46384609F015
:1058C000C6FD214630460AF00EFFBDE621465A4687
:1058D0000720FFF765FC044600283FF4B5AE5946A3
:1058E0000C3009F0AEFDAB8A0380AB8C43802846B8
:1058F0000AF048FEE5E7BBF1040F7FF4A5AE366879
:105900000023062221463046ED680AF070FD00288B
:105910003FF49AAE6B88818A99427FF495AE304607
:105920000AF085FD00289DD18EE6BBF1040F7FF4BF
:105930008BAEEB681988A1F140023F2A3FF684AE96
:105940005A88002A3FF480AE30680AF0C3FE03464E
:1059500000283FF479AE2C300AF08EFD1044B0F5EB
:10596000803F03DB18460AF0D8FF6DE61146184663
:105970004EE7356801234FF48072214628460AF02D
:1059800036FD00283FF460AE0AF0FCFDF2E7214648
:10599000022201203568FFF703FC044600283FF48B
:1059A00053AE02210C3009F04CFD00232146037058
:1059B0004370284687E700BF155101001987020090
:1059C00023281FD81A2804D8431E182B0ED90620C6
:1059D0007047A0F11B03082B1ED8DFE803F0051D5C
:1059E0001B231D19251D05000320704701230F4AA5
:1059F00083401A40C2B90E4A1A40002A0CBF062042
:105A00000120704700F07F03522B05D10020704722
:105A1000012070470520704710F0400F14BF002090
:105A2000062070470420704702207047AAAA8A0205
:105A3000545545012DE9F74F054608468946FCF7C0
:105A400059FE18234343264F0446FA189168D9F8A3
:105A50000C60019105F1D000D0E8AF0FC1073CD533
:105A6000D9F80C00007810710022FA503378D22B4C
:105A70000ED12B68494618680CF07DFB40B10190AF
:105A80004846FCF7D7FE019B184603B0BDE8F08FEF
:105A900018235C43002349461A4607EB040805F126
:105AA0000800D9F80C60D9F814B0B9F810A0C8F8FB
:105AB00008500AF0EDFD03460028E5D0D9F814207F
:105AC000A6EB0B0612FA86F6019AC9F80C60A9F843
:105AD00010A0C8F808203851D6E76FF01503D3E7B7
:105AE0007843002070B50E46C38DC18B01328B42C6
:105AF00028BF0B469A42054631D83046FFF760FF73
:105B00006FF01403034113F0010310D0FCF776FB90
:105B1000144B1958144BD3F8883099421DD0134BAD
:105B20001B685A1A18BF4FF0FF32134600E0104AA4
:105B300000211048FFF71AFB044660B1FCF7DAFDBC
:105B400018220D4B012102FB003304F10C009D6073
:105B500009F077FC0670204670BD0022E5E70024BE
:105B6000F9E700BF0800000028410020C0430020E2
:105B70001C4E0E007007002078430020A0F10801A1
:105B800001480DF065BA00BF50060020F8B50F4A75
:105B9000074600230E480E4609F0F3FB044690B179
:105BA00000F10C050921284609F040FC2046FCF7CD
:105BB000A1FD1822074B012102FB003328469F60FC
:105BC00009F03FFC06702046F8BD00BF1C4E0E00D9
:105BD000700700207843002008B5EFF311814023BF
:105BE00083F31288BFF36F8F002303600C4B5A6856
:105BF0009AB9C3E9000081F31188BFF36F8F094898
:105C000004F02EFF002807DA002383F31188BFF386
:105C10006F8F0323184602DF08BD10605860EAE763
:105C200070430020040500207FB5CB6804461D8822
:105C30008DB15E8876B1AE420DD310220021684648
:105C40000FF089FA05212046FFF7A0FF019058B90F
:105C5000112007E0354601232A46042120460BF097
:105C60001EF9002004B070BD6B4631462846084A34
:105C700000940BF031F9DDE9011323B90846FCF774
:105C8000D9FD0A23E8E720460BF031F8E9E700BF29
:105C90000B0D020010B5044600F1C803D3E8EF1F56
:105CA00041F00101C3E8E21F002AF7D1A4F1080086
:105CB0000BF087F804F1E00003490DF092FB206837
:105CC000BDE8104001F07ABA35140200F0B51D4667
:105CD000036804460E4685B00121186817460BF08C
:105CE00085FF38B904F1D0000BF01AF950BB12202F
:105CF00005B0F0BD65B31022002168460FF02BFA05
:105D000039462046FFF742FF029018B3BDF828300D
:105D10002946ADF80430012328468DF80C300E4A90
:105D20006B4600940BF0D8F89DF80C3002995BB1EB
:105D30000846FCF77FFD2A46314620469DF80C3088
:105D40000BF0ADF80020D3E720460AF0D0FFF9E7CA
:105D50000120CDE71120CBE7B51202002DE9FF416C
:105D6000036804460D46186801210BF03FFF40B957
:105D700004F1D0000BF0D4F8A0BB122004B0BDE8B1
:105D8000F0811022002168460FF0E5F90F2120462E
:105D9000FFF7FCFE029038B34FF00108009405F1C4
:105DA0000C072B8A012B04D8204602990AF09FFF8A
:105DB00018E0384609F085FB6B4601460B4A06465B
:105DC0008DF80C800BF088F89DF80C30002BE8D093
:105DD0000298FCF72FFD32460E2120469DF80C302C
:105DE0000BF05DF80020C9E71120C7E7B5120200EB
:105DF0002DE9FF41036804460D46186801210BF0A8
:105E0000F5FE40B904F1D0000BF08AF8A0BB1220D7
:105E100004B0BDE8F0811022002168460FF09BF924
:105E200021212046FFF7B2FE029038B34FF001085F
:105E3000009405F10C072B8A012B04D82046029907
:105E40000AF055FF18E0384609F03BFB6B46014667
:105E50000B4A06468DF80C800BF03EF89DF80C308E
:105E6000002BE8D00298FCF7E5FC324620212046C2
:105E70009DF80C300BF013F80020C9E71120C7E79C
:105E8000311202002DE9F0430F460446062187B087
:105E900007F10C0009F005FB0588EDB1B0F80280B0
:105EA000B8F1000F17D0A84516D3002382888DF8CB
:105EB00000308DF804304FF42053684601A9D7F81C
:105EC0000C90ADF80220ADF8063009F032FB064622
:105ED00060B10A2301E0454601232A4606212046F7
:105EE0000AF0DDFF002007B0BDE8F0830146142270
:105EF00001A83F7C0FF02FF907212046FFF746FE4F
:105F00000290D8B10A2341468DF81530284601ABDE
:105F10000B4ACDE9036901948DF814700AF0DCFF97
:105F20009DF8153002992BB10846FCF783FC9DF8CB
:105F30001530D2E720460AF0DAFED3E71120D2E787
:105F4000E50F02002DE9F0410E8A0446043EF6B248
:105F5000022E08468CB001D0102E76D104210C30D0
:105F600009F09FFA0DF1040805884788011D3246A3
:105F7000404609F00BFB002869D085B377B3BD42DA
:105F80002DD80121A0680BF031FE064678BB42F601
:105F900002038DF8000069464046ADF8023009F072
:105FA000C8FA20B342F60303404606A98DF81860EC
:105FB000ADF81A3009F0BDFAC8B1012D03D14FF682
:105FC000FF739F4213D004F1D0000AF0A9FF00280C
:105FD00014BF002012200CB0BDE8F0813D46012323
:105FE0002A46082120460AF05AFF0020F3E718222B
:105FF00000210DEB02000FF0AEF809212046FFF75B
:10600000C5FD0890F8B101210C30CDE9064809F032
:1060100018FA0023099003700A2339468DF82C30B2
:10602000284606AB0B4A0AF057FF9DF82C3008991A
:106030002BB10846FCF7FEFB9DF82C30D0E720463C
:106040000AF055FED1E71120C5E70420C3E70E2072
:10605000C1E700BF556301002DE9F0410E8A0446F7
:10606000043EF6B2022E08468CB001D0102E64D148
:1060700004210C3009F015FA0DF10808058847884D
:10608000011D3246404609F081FA002857D0A5B3D9
:1060900000268FB3BD4230D84FF42053404601A9AB
:1060A0008DF80460ADF8063009F043FA48BB1422BD
:1060B000002107A80FF04FF811212046FFF766FDD9
:1060C0000990002837D001210C30CDE9074809F0AC
:1060D000B8F900230A90394603701A4A0B932846F0
:1060E00007AB0AF0F9FEDDE909131B78FBB9084696
:1060F000FCF7A0FB0A2301E03D4601232A461021BC
:106100000EE042F60103404607A98DF81C60ADF889
:106110001E3009F00EFA0028C9D010232A4619466D
:1061200020460AF0BCFE00200CB0BDE8F0812046FD
:106130000AF0DDFDF7E71120F6E70420F4E70E2072
:10614000F2E700BF9D620100F0B51D4603680E46F0
:106150000039044618BF012187B0186817460BF0B4
:1061600045FD40B904F1D0000AF0DAFE002844D021
:10617000002007B0F0BD002D41D018220021684654
:106180000EF0E9FF47BB236829461B6828460093A9
:106190000023ADF812300C9B1A4A0393BDF834303B
:1061A0008DF80860ADF8103001238DF814306B467F
:1061B0000AF092FE9DF81430C3B1002FD8D0019898
:1061C000FCF738FB002ED3D02A46122120469DF83A
:1061D00014300AF064FECBE7002213212046FFF7BB
:1061E00081FC01900028CED11120C2E7019900293D
:1061F000BED020460AF07BFDBAE71220B9E70120A5
:10620000B7E700BF7D0C02002DE9F0410B8A044680
:106210000D46002B3AD00668012105F10C0009F06B
:1062200040F9737B0746072B30D154F8083C6BB319
:1062300000230178184E083C16F833004FEAC308D3
:10624000884206EBC30211D1298A5378994220D3A0
:10625000536829462046984703464644B278012AA7
:1062600014D19BB1397889B100220CE001330C2B99
:10627000E2D10846FFF7A4FB2122C24012F001023E
:1062800004D119B1062320460AF009FE0020BDE81A
:10629000F0810423E1E700BF1C6502002DE9FF4106
:1062A0004FF000084FF4205305460E46006802A93F
:1062B000144617688DF80880ADF80A3009F039F9EE
:1062C000A0B142F60103286803A98DF80C80ADF84F
:1062D0000E3009F02EF948B123691BB15A88B24239
:1062E00000D25E80012004B0BDE8F08161682868BA
:1062F00009F01FF910B100232361F3E7E368A068F8
:106300001A786AB1B7F82EC0F98B038A8C4594BF0E
:10631000C3EB0C03C3EB0103934201DA0020E2E775
:1063200004210C3009F08DF820610680236929468C
:106330005E80074B0194009338460023A2680AF060
:10634000EEFE0028EADB2069003818BF0120CAE70A
:106350007F0E02002DE9F34717680546894600685D
:1063600051681446D7F808A009F0E3F880460028E1
:106370004BD19522294650460BF033FB064620753B
:1063800040B1E3681B780BB184F81480002002B0A0
:10639000BDE8F087294650460BF065FC10B908238C
:1063A0002375F3E7A068267509F01EF802210C306A
:1063B00009F047F8164B2061A0F800900093019473
:1063C000334629463846A2680AF0A9FE002807DAB3
:1063D00010F1FF0F32BF0E204042C0B22075D5E74A
:1063E0002369002BD2D0A0680AF0CBFBFB8BFA8D7F
:1063F0009A4294BFC0EB0200C0EB0300E3681B7835
:10640000984294BF00200120C1E70120BFE700BFF0
:10641000930B0200F7B5002304460E46002269469E
:10642000284804F02FF80546D0B9FBF7E7FE264BC5
:1064300029461A58254B00981A6024220EF08BFE2C
:10644000009B00221C60009C0023C4E90155C4E9A4
:1064500007551F4801A9019504F014F8054620B11D
:106460006FF00B05284603B0F0BD01464FF4907263
:1064700001980EF070FE0198164BC360D8300CF0F6
:10648000BAFE019BD033D3E8EF2FC3E8E15F0029C8
:10649000F9D1019B1C60E369019F1BB904F10C0059
:1064A0000CF0A9FEE26907F58C73C7F81821226A7F
:1064B000E36102B923621722019BDA85DA8308338C
:1064C0003360CFE73406002008000000C0430020FE
:1064D00050060020D80400202DE9F74F0646EFF3C0
:1064E0001187402383F31288BFF36F8F414C2046FE
:1064F0000AF03DFB23680546009387F31188BFF33C
:106500006F8F002860D0FCF7F5F8182202FB00F32B
:106510003949C81851F803B003690021D0E902478E
:10652000019390F80480B0F806A00EF014FEA87A4B
:10653000FCF7D8F86969814651B16A7AD00705D469
:10654000D9F81C20284612689268904700226A6198
:10655000294648460CF062FEB8F1000F24D01CB367
:1065600023680BB31B68FBB1BBF1000F1CD104F116
:1065700008000AF0CFFE4046FFF722FA052813D89C
:10658000DFE800F025031225120304F1D003D3E85D
:10659000AF3FDA0708D5D4F8D4302BB10023174A1F
:1065A00004F1E80004F000FB009B6BB131460020D1
:1065B0000CF0E6FE002807DA002383F31188BFF30E
:1065C0006F8F0323184602DF03B0BDE8F08F54F845
:1065D000D03B1D68D4E8AF3FDB07E5D5002FE3D003
:1065E000002403E028460199B8470134A3B253457B
:1065F000F8D3D9E770430020784300201C4E0E00EA
:1066000007B50B4600210246FBF7F8FD01910E4944
:1066100009580E480068884204D00D48D0F8880018
:10662000884201D10022134601A90A4803F02AFF3B
:10663000014638B91C2201980EF08DFD019803B077
:106640005DF804FB0020FAE708000000C0430020CA
:10665000284100206C06002010B50446806818B15F
:10666000FCF7E8F80023A3602146BDE8104001488C
:106670000CF0EEBC6C0600202DE9F7430446E83030
:106680000F4690461E460CF0B8FED4F8D40050B920
:1066900004F1080000F02AF81321A06803B0BDE857
:1066A000F04309F0BABD104B98424FF0000319D0E7
:1066B00045684360D4F8D400D0F81890FFF7CCFFB9
:1066C00000232068C4F8D4300AF0A4FA3DB1206851
:1066D000CDF8009043463A4631460068A84703B0DB
:1066E000BDE8F0831D46EBE7C4430020F7B550F842
:1066F000084C0546002C57D000F5887104F11C00A9
:106700000AF0F5FBA5F1080605F1D00700220023E9
:10671000384603F0A7FF024660BBD5F8CC302BB15A
:1067200001466FF067033046FFF7A6FF002345F8E8
:10673000083C05F1C803D3E8EF1F21F00101C3E8CD
:10674000E21F002AF7D1E36973BB04F10C060022B3
:106750000023304603F086FF78B9666886B9214683
:10676000124826600CF074FC286803B0BDE8F040C5
:1067700000F072BDFCF75EF8C8E7FCF75BF8E6E7EF
:10678000A26833689642636008BFA36077683FB130
:10679000B3696FF067010093002320681A46B84779
:1067A0003046FFF759FFD8E703B0F0BD34060020AC
:1067B000F8B51D460F461646FBF79CFF1823044C00
:1067C00003FB00400123C0E90376C3800575F8BDD3
:1067D0007843002038B5054648B1154B1A4613F8E2
:1067E000011C5C1E09F098FD58B1204606E01149D5
:1067F0000F480AF003FF78B10D4B581E38BD00203A
:10680000FCE72846217C04F1110209F085FD0028EF
:10681000F5D004F11000F1E7054B064903F1100033
:106820000AF0ECFE0028EAD0014B03F10F00E5E787
:10683000F94300206286020070B50E4C05462378AD
:106840000E46834203D1601C0AF0D8FE68B9237B50
:10685000AB420CD1314608480AF0D0FE20B10120ED
:10686000404200F00C00204470BD0020F8E70020FA
:10687000FAE700BF8C4900209949002070B54A1CF6
:106880000C46054688B910460D490AF0B7FEA8B96E
:1068900004F10A0604F10B025DB12846A17A09F061
:1068A0003BFD00B90026304670BD097809F034FD83
:1068B000EDE7104602490AF0A1FEF2E72646F2E7AC
:1068C00062860200024608B5074901300AF0A9FEB7
:1068D00000230C3202F8043CD2E8EF1FC2E8E03F8C
:1068E0000028F9D108BD00BF628602002DE9F04101
:1068F00080460F4616461D46FFF79EFF044648B9E0
:106900000E49FFF799FF044650B1394600F8018B54
:106910000AF087FE23892BB962892AB9268165810D
:10692000BDE8F0819E4204D36289AA42F8D29E4219
:10693000F5D263892681AB42F2D2F0E7628602008B
:106940002DE9F047284B1646826807469A422BD11C
:10695000C568AB8A43B34FF000086C1C05F11509FC
:10696000B4F807309BB12246304614F8011C09F0F8
:10697000D3FCE0B9214614F8010CFEF70FFA30B150
:10698000437B072B08BF48F00108FDF715FE0A34CA
:106990004C45E5D1B8F1000F06D1AB69A5F81480DC
:1069A00013B14146384698470120BDE8F08706F10B
:1069B000700A5146307A09F0E7F878B90B4B9D42DE
:1069C00002D130460AF0C5FE204609490AF029FEE8
:1069D000002304F8013CA4F80730D8E751462046CC
:1069E0000AF01FFED3E700BFF56901002C05002067
:1069F000628602002DE9F8431E46BDF8203081462C
:106A00000F46D1F80C80002B3DD1731E012B3DD8D1
:106A1000012E41460CBF15781588FFF72FFF04465D
:106A200080B915B93046BDE8F8834146FFF726FF27
:106A3000044670B309F1700101300AF0F2FD99F8D3
:106A400008302370D8F81C308BB92581B8F8143081
:106A5000AB4203D0414638460AF0EAFD002DE1D1B1
:106A60000D49601C0AF0DDFD25702581DAE72A4614
:106A70003946484698470028D5DB01380128E4D933
:106A80006FF00D00CFE76FF00600CCE76FF00C0061
:106A9000C9E76FF01000C6E76286020010B5044631
:106AA0001048D0E8EF3F23F00203C0E8E23F002A9D
:106AB000F7D1D0E8AF3FDA0704D500220023303801
:106AC00004F072F820460AF058FD50B12046FFF756
:106AD00081FE30B1037ADB0703D5BDE810400AF030
:106AE000B3BE10BD081F0020012110B514480AF0E4
:106AF0008DFDC30723D4022111480AF087FD084009
:106B000007D11049104A0B88104CA24211D300B192
:106B10000B800F490F480CF064FC40F2391200233F
:106B20000C48FBF773FFBDE810400B490B480CF015
:106B300058BC5068083203449BB20120E5E710BD01
:106B400018440020A44900204C5D02005C5D020056
:106B50008D6D0100681E0020656F0100D81E0020A9
:106B600003462DE9F04148B1008A38B901244FF0BD
:106B7000140C1149DFF844E0714501D3BDE8F08100
:106B8000D1E90076BB4204D30CFB0672143A93425F
:106B90000ED93444A2B214460831EDE70CFB057857
:106BA000434507D001356219AE4292B2F6D1F2E701
:106BB0000025F8E71046E1E74C5D02005C5D02004D
:106BC0002DE9F74F99464FF6FF73BDF83050074651
:106BD000002D08BF1D46244B90461B880091834220
:106BE0003CD203B0BDE8F08F73682344BB4232D27D
:106BF0009CB208361D4B9E42F6D3F2E740468958B8
:106C0000019308F096FC019B90B101340AF1010A4E
:106C1000A4B273685345ECD9009B9C42E1D8BC42B6
:106C2000F3D30BFB0AF231688B18B8F1000FE5D1F2
:106C3000B9F1000F0BD1013D1846ADB221460E9AB5
:106C40000D9B9847002DCCD00028DED1C9E7DA682B
:106C50009145DAD1EFE74FF0000ADAE701244FF06F
:106C6000140B034EC6E700BFA44900205C5D020080
:106C70004C5D020030B5F1B01022002168460EF0E4
:106C80006AFA1822002105A80EF065FA4FF4105395
:106C9000ADF8103080231022ADF812304FF480632D
:106CA0001D4D6946CDE906350DEB02006EAB05F0D2
:106CB000D9F90BAC014660BB4FF4C67220460EF00A
:106CC0004AFA2A4620466E990CF0F4FF08BB234688
:106CD0004FF6FF710120114A0AF078FE102220467B
:106CE0000F4904AB0CF0FBFF05466E9805F06EF9FA
:106CF0007DB908220A4B03F11001187811F8014DF3
:106D0000013A03F8014B0870F7D1082105480AF051
:106D10007DFC71B030BD00BF0002C0039F170200B0
:106D2000581E0020081F00202DE9F0411449064696
:106D3000A1F1300014461D46BDF818700CF070FB30
:106D4000104BD3E8AF3F190701D4FFF793FF30464C
:106D5000FFF740FD50B1037ADA0707D50C30D0E8D1
:106D6000AF3FDB0702D402210AF050FC10233A4661
:106D7000069329462046BDE8F041034B0AF07CBC4F
:106D8000981E0020081F0020581E0020034BD3E847
:106D9000AF3F1B0701D4FFF76DBF7047081F0020EE
:106DA000002307B50193FFF7DBFE411C89B20846BB
:106DB000034A01AB0AF00AFE019803B05DF804FB38
:106DC000C11502002DE9F8431546894694226968E9
:106DD00006460AF006FE8046002841D102223046CF
:106DE00069680AF039FE00283DD000211F48AF8AAB
:106DF000FFF706FC0237044680B11D211C4B47619A
:106E00003A464174C0F80C804360856130460AF010
:106E1000E8FA074638B92046FFF71EFC6FF00B056D
:106E20002846BDE8F883012342464146FFF7C0FCEF
:106E3000A98A07F10C00023108F003FB20F8029B3D
:106E4000AA8A29690EF07AF921463046A7600AF02D
:106E500077FB05460028E3D02046FFF7FDFBDFE780
:106E60004FF0FF35DCE76FF01505D9E71C4E0E003B
:106E7000C715020070B504460D468AB0364BD3E8FC
:106E8000AF3F5A0761D510B1437B072B60D16E68C5
:106E900030460596FFF764FE2A68ADF8180032B355
:106EA00005A902912D4900230191012100914FF67E
:106EB000FF710593FFF784FE059E1EB96FF0010078
:106EC0000AB070BD6E60002330688DF8103042F655
:106ED000030304A9ADF8123008F02BFB70B9059834
:106EE000C3689B799B0605D46FF01500E8E700287E
:106EF000E9D1E3E70AF023FDADF81800BDF818006A
:106F00003CB1012301462A462046AB75FFF75AFFE4
:106F1000D6E76FF07F0307930223ADF8203042F6E7
:106F20000213ADF8123005ABAC7502930C4B4FF663
:106F3000FF710193012304AA0093234609958DF85C
:106F40001040FFF73DFE0798BAE76FF00A00B7E779
:106F50006FF07F00B4E700BFFC010020F5150200D0
:106F6000A5700100034613B550F8082CA0F12001CC
:106F7000019200F13004D4E8EF2F22F00102C4E8BE
:106F8000E02F0028F7D10D4A002043F81C2C0C4AB2
:106F900023F8080C43F8182C01AA43F8102C0422FB
:106FA00023F8060C23F80C2CFFF764FF18B9022114
:106FB00020460AF02BFB02B010BD00BFB8650200EE
:106FC0009D6A01002DE9F047304B1746826806465E
:106FD0009A4258D1D0F80C803C6808F1010508F1BC
:106FE0001509B5F80730FBB12A46204615F8011CF3
:106FF00009F092F9C0B14FF49572314620460AF07B
:10700000F0FCA8B103280FD0052820460CBF4FF094
:10701000030A4FF0020A09F079F9824508D93B7951
:10702000534501D287F804A00A354D452BD0D8E747
:10703000414630460AF0FCFA154B984523D1207A98
:1070400004F17001FFF7F8FB0546E0B103890BB9C5
:107050004389C3B12046FDF7ABFB2A890D4B0E498E
:1070600023F820206A8903EB80035A80182202FB50
:1070700000110B610423094A20464A60084A8B82AA
:107080008A60FFF7F7FE0120BDE8F087F56901008F
:107090002C05002088490020E0430020B86502004C
:1070A000D71802002DE9F84F1446404B82688046FD
:1070B0009A423AD1D0F80C903D4B99451DD100260B
:1070C0003C4D28463C490AF099FA78B907222946EE
:1070D00015F8010CFDF77CFE50BB236929461A699F
:1070E00015F8010C53881288FFF700FC731C022B63
:1070F0004FF0010605F10C05E3D109F1010709F193
:10710000150AB7F80720A3899A420BD1394617F818
:10711000010CFDF743FE064620B1437B072B0AD046
:10712000FDF74AFA0A375745EBD14FF0010B2AE039
:10713000FDF742FADAE7D9F8203023B14146984703
:1071400008B93046ECE79422414630460AF049FC43
:1071500083460028F5D1A389022B17D1B7F8073051
:107160009A0720D530462269A188FFF72BFE0546F5
:1071700018B92269937D013393753046FDF71CFAE7
:10718000002DA560CEDA5846BDE8F88F012B0AD154
:10719000B7F80730DB0706D530462269A1880AF028
:1071A000EEFC0546E9E75D46E7E700BFF56901004B
:1071B0002C0500208D4900206286020013B504468C
:1071C000009001204FF6FF716B46084A8DF80400CD
:1071D0000AF0FCFB204609F099F89DF8041088425B
:1071E00002D2204609F05DF802B010BDC56F010063
:1071F0002DE9F0410D4B06461B680F46904623B122
:1072000053F8044904B1043C0BB9BDE8F0811B6894
:107210001BB142463946304698472CB1656805B1E6
:10722000043D23462C46EFE72546FAE71C440020A0
:1072300013B50446009001206B46064A4FF6FF71D5
:107240008DF804000AF0C2FB002120460AF0CEFCB3
:1072500002B010BDC56F010070B5044603464FF67D
:10726000FF7101200D4A0AF0B1FB2046FFF7B2FA88
:10727000054688B104F170063146207A08F084FC96
:1072800020B92846BDE87040FFF71CBB3146681C9A
:10729000BDE870400AF0C5B970BD00BF416901008A
:1072A0007FB54FF420520023ADF8162004AA0292B5
:1072B0000A4A0120CDE900324FF6FF7105AA049376
:1072C0008DF81430FFF77CFC049B012B14BF6FF08A
:1072D0001500002007B05DF804FB00BF6F1C020022
:1072E000054BD3F8F00020B9044AF0335A600B6024
:1072F00070476FF00B007047101F002030660200CF
:10730000014608B505480AF0D0FC044B0028A3F15B
:10731000040314BF1846002008BD00BF141F00203E
:10732000084B00F5F4701A68074BD0E8EF1F99423C
:1073300004D1C0E8EC2FBCF1000FF6D1D0E8AF0FBC
:10734000704700BF64430020101F002008B5FFF7FE
:10735000E7FFB8B1036843B1426832B1826812B93D
:107360000B4A12783AB904200BE0094A127812B19C
:107370000BB1826842B9426842B9002B14BF0020A9
:10738000032008BD0320FCE70120FAE70220F8E70C
:107390004A4A0020002370B51A460446F0300D46D4
:1073A00009F076F920B12846BDE87040FBF742BAF3
:1073B00004F5DC700023BDE87040014A03F0F4BB23
:1073C0001C4E0E0038B50446051D082128460AF05B
:1073D000B4FC064904F15700FCF792FF20B128469F
:1073E00008210AF09DFC082038BD00BF0B220200D6
:1073F00038B50546F02200210DF0ADFE102105F153
:10740000270002F055F9044648B9052128460AF03C
:1074100094FCFCF767FF034B1860204638BD082436
:10742000FBE700BF2444002070B5051D0E4628462A
:1074300004210AF03AFC68B100220021002308462A
:10744000FDF794FE044638B9042128460AF075FC7D
:10745000204670BD034AF0E701210C3007F0F1FF30
:107460000670F5E71C4E0E0070B504460E4686B059
:10747000FFF756FF04F137021146F368054603F1A2
:10748000100053F8046B834241F8046BF9D1237A5E
:10749000052B40D8DFE803F0172323033F6502AB39
:1074A00045490093096804F1270304F1570000F0EF
:1074B000D1FE80BB0A21201D0AF03FFCAB68029977
:1074C000D4F8F000984720460D210AF036FC201D24
:1074D00010210AF032FC20460AF064FC19E094F80E
:1074E000DC10D4F8D83002ADCB40334903F00103AF
:1074F0000095096843F0800304F157000AF0F5FF96
:1075000048B91022294604F117000DF033FE20B1CE
:10751000042006B070BD0820FBE7032120460AF0D6
:107520000CFC0AF03FFC0028F5D194F8DC30013364
:10753000DBB2142B84F8DC3009D10D2120460AF08F
:10754000FCFB1021201D0AF0F8FB0020E1E71021D0
:1075500004F1270002F0ACF8003818BF0120C00089
:10756000D7E7102104F1270002F0A2F80028D2D1B9
:1075700005B3EB68F3B1114BE27A1B8812F0010FEF
:10758000ADF80830A37C08BF0320DB0703D5002833
:1075900014BF0120022000238DF80900C4E938330C
:1075A000201D0C210AF0C9FBEB68D4F8F00002A9F9
:1075B0009847CAE70220ACE7244400204862020052
:1075C00073B5047A0546022C23D844B190F8DC3018
:1075D000D0F8D840DC4004F0010444F080040321DA
:1075E0002846FFF721FF0646A8B110210C3007F00E
:1075F00028FF00900F482346006805F1270205F197
:1076000057010AF072FF044650B13046FBF712F9F9
:1076100001E0032C02D0082002B070BD0024DEE798
:1076200031462846FFF7B6FE281D21460AF078FBB2
:107630002046F1E724440020F7B50446FFF770FE2A
:10764000261D05460E2130460AF02FFB38B9474B60
:107650002022196804F157000DF08CFD90B30C2125
:107660002046FFF7E1FE074660B340210C3007F0EB
:10767000E8FE3E4B02461B68014603F1200053F82A
:1076800004CB834241F804CBF9D1203203F120012D
:1076900053F8040B8B4242F8040BF9D139462046CB
:1076A000FFF778FE237A052B0CD8DFE803F0033DC3
:1076B0000E030B5A042120460AF03FFBFFF780FF20
:1076C000002840D0082003B0F0BD2046D4F8F07068
:1076D000FFF726FE04214FF0FF3305460DEB0100B6
:1076E000019301F0E5FF0028ECD1019B204A84F8CA
:1076F000DC00B3FBF2F102FB11330193C4F8D83084
:1077000055B12B6843B10B2130460AF016FB3846C1
:107710002B68D4F8D8109847032120460AF00DFBB7
:107720000E210AF00AFB0EE0204603210AF005FBB9
:107730000E210AF002FB30460A210AF0FEFA6B68BD
:10774000D4F8F0009847304607210AF0F6FA0820EE
:10775000FFF7D6FD40B9204603B0BDE8F040FFF783
:1077600031BE04212046DCE70020ACE724440020A1
:1077700040420F0070B505460E4605F15704FFF76D
:10778000CFFD2246F36803F1200153F8040B8B422E
:1077900042F8040BF9D105F1770203F1200153F807
:1077A000040B8B4242F8040BF9D12046FCF716FD7E
:1077B00018B3281D0E210AF0C0FAD5F8F040D4F80D
:1077C000A00080B9207A04F1700100F031FCC4F807
:1077D000A00040B9104B1C68B4B9281D06210AF05E
:1077E000ACFA204608E0438A03F02403002BF1D0D2
:1077F000437C9B07EED4032070BD2046FCF7FAFCC7
:107800000028E7D10B20F7E72846FFF715FF0038DF
:1078100018BF0120C000EFE72444002038B504461B
:107820000D49A0F1F005C8300BF0DBFD28460AF049
:10783000F6FB0A4A04F1F803D3E8EF1FC3E8E02F90
:107840000028F9D14FF0FF33FC34D4E8EF2FC4E81F
:10785000E13F0029F9D138BD49230200101F002063
:1078600038B5134B05461B78E3B101F00F042846E9
:10787000FFF76CFD0F4B03281B780CBF04F00B04C3
:1078800044F0040405F5F670D0E8EF2F013203D17F
:10789000C0E8E13F0029F7D1D0E8AF3F2BB144F079
:1078A000010038BD01F00704E1E704F0FE00F8E74D
:1078B0004A4A002021060020F8B50D460446D0F8BB
:1078C000F070FFF72DFDED68EB78102B01D006204E
:1078D000F8BDD7F8A030002B73D0261D0F213046FD
:1078E0000AF0E3F920B92046FFF782FD002871D1A4
:1078F000012363722B682046C4F80A30AB88E38109
:1079000002232374A978FFF7ABFFE0742046FFF74A
:107910001DFD1023607423752B7903F00303637539
:107920006B7903F00103A375E37C1A0754D4052196
:1079300030460AF0BAF900285CD0574B1B78A37484
:10794000E37C980606D5AB78990603D5142130461A
:107950000AF0F3F9E37CDA074ED5AB78DB074BD5B9
:107960000D2130460AF0E9F9A37D032184F8E830BF
:10797000637D304684F8E9300AF0DFF9237BE17C4F
:107980002D7803EA0102100704D5E27AA07C0243B5
:10799000D20735D4042D35D80B4313F0040307D098
:1079A0002046FFF7D3FC3D4B05EB85052B441B5CC4
:1079B00023722046D7F8A0100AF07DF920BB0320DF
:1079C00086E7387A07F1700100F032FBC7F8A000B3
:1079D000002882D108207BE7AB781B07A7D50521BB
:1079E00030460AF0AAF9637D03F0020363750023B1
:1079F000A3759CE72A4BA1E700236375A375B3E742
:107A00000523D5E70023D3E7D4F8F0309B7A032B86
:107A100033D022D8013B012BDCD8052130460AF0B7
:107A200044F90028CBD00C2120460AF086F9022127
:107A3000FFF7FAFC05460028CCD006210C3007F0F1
:107A400000FDD4F8113029460360B4F81530838066
:107A50002046FFF79FFC00203AE7042BBAD1237D94
:107A6000627B934228BF1346102B7FF430AF052171
:107A700030460AF01AF90028A1D0237A002B9ED0B4
:107A8000052130460AF011F90028C6D1237A013BBE
:107A9000012BC2D893E700BF4C4A00203D8702006B
:107AA0004B4A00202DE9F041C7780446012F04D04D
:107AB0006FF015042046BDE8F0810AF0EFF80546A6
:107AC000002800F0A980061D042130460AF0EDF8D8
:107AD000002840F0A480032130460AF0E6F810B1F7
:107AE0006FF00F04E6E7394630460AF0DEF800286A
:107AF000F6D12846FFF714FCD5F8F03007469B7AFC
:107B0000032B40D030D8013B012B46D90F21201D3B
:107B10000AF0CBF80028CBD1D4F8A00090B904F13A
:107B200070073A462020217A00F0C2FAC4F8A0007B
:107B300040B93A460420217A00F0BAFAC4F8A0000D
:107B40000028B5D0438A13F0240FB1D0A27A022ABC
:107B500023D9417CC907ABD5032A1ED09B06A7D5E4
:107B6000037C102BA4D118E0042BCFD12846FFF7BB
:107B7000EDFB032804D1002FC8D0FB68002BC5D033
:107B8000284B1B7807E02846FFF7E0FB032804D1C9
:107B9000002FBBD0FB68002BB8D0D4F8A0303BB18D
:107BA0002846FFF725FC044670B16FF0680481E7B2
:107BB000207A04F1700100F03BFAC4F8A00000281C
:107BC000EED16FF00B0475E70B212846FFF72CFC74
:107BD00007460028E9D001210C3007F032FC0921CA
:107BE00080462846FFF73CFE2346224688F80000E0
:107BF000394605F1F00008F04BFD044618B138464F
:107C0000FAF718FE56E730460F210AF096F80121E0
:107C100028460AF092F84DE76FF07F044AE76FF0CC
:107C2000040447E74A4A0020F8B5D0F8F04005467A
:107C3000D4F8A030061D002B6ED049BB0D21304674
:107C40000AF033F8374B07461B6823B153F80C6929
:107C500006B10C3E73B928460AF0E1F9637B072BA5
:107C60005ED1627AA37A9A425AD02046BDE8F840A3
:107C7000FFF718BF1B6813B13946204698472EB14D
:107C8000F26802B10C3A33461646E3E73246FAE7A9
:107C90000139C9B20E2998BF234A1B7C8CBF092722
:107CA000575C002B31D1D4F8A0000AF0F8FB002378
:107CB000C4F8A0300221304609F0F7FF48B9072F79
:107CC00094BF1A4B1F213A46204698BFD95DFDF755
:107CD00011F80321304609F0E8FF0028BBD0114B12
:107CE0001B68002BB7D053F80C6906B10C3E002B73
:107CF000B1D05B6813B139462046984776B1F26837
:107D000002B10C3A33461646F1E70221304609F03B
:107D1000CCFF0028C7D1CDE70927CBE73246F1E7F2
:107D2000F8BD00BF5C4300202E8702001D870200C3
:107D3000104B10B5044618604FF0FF324FF0FF3380
:107D40000D4802F0CDFB0D4802F034FF0A4802F066
:107D500039FC04B910BD0A4CD4E8AF3F5B06F9D535
:107D6000201FFFF769FC0028F4D00821201F0AF02B
:107D700005FAEFE7244400205005002064050020A8
:107D8000141F00202DE9F0410B8A04460E46B3B3C0
:107D9000012106F10C0007F084FBA4F1F005EC3C96
:107DA00007460421204609F080FF40BB39780E29A0
:107DB00025D8DFF8508058F8313023B907212846FC
:107DC0000AF0DCF91BE028460AF016F930B9032165
:107DD000204609F06AFF90B10821F0E73B78318A2C
:107DE00008EBC3021279914201D00A21E7E731463C
:107DF000284658F83330984701460028DFD1002044
:107E0000BDE8F0815C6602002DE9FF4190F8E930A1
:107E1000CF6823F0020380F8E9303B780446D0F8BD
:107E2000F06023B1BB7903F0C003C02B73D106F11E
:107E300070080722394640460DF09CF988B1394652
:107E4000307A00F08DF9054658B10146204609F018
:107E500032FF18B9082004B0BDE8F08128460AF0C6
:107E60001EFB0D21201D09F020FF00283FD04246B7
:107E70000220317A0AF0FFFA05460028EAD0F378AA
:107E8000002B41D106F17E031878012827D19A7979
:107E900002F0C002402A22D1D3F80120C5F83E20CA
:107EA000B3F80530A5F8423096F87030BBB196F8BB
:107EB000763003F0C003C02B11D0194901AACDE9D7
:107EC00001870395FCF738FC3B683046C5F8013064
:107ED000BB88A5F80530BB79EB71FCF7DBFE002110
:107EE0002846FBF7F3FBC0B92846FBF701FC94F8E2
:107EF000E9305B0703D50A21204609F01EFFB4F8DC
:107F0000E81021B10020A6E706F17703BCE7204680
:107F1000FFF78AFEF6E70A209DE703209BE700BFF4
:107F2000552002002DE9F0410546A0F1EC0604467B
:107F30000F463046012155F8F0890AF05DF8002817
:107F40005BD0DFB10321304609F0AFFE002854D0EA
:107F50003846FBF73FF80138C0B208288CBF002430
:107F60002B4B4FF0020198BF1C5C304609F0E5FE38
:107F700021462846BDE8F041FFF756BE98F80B3081
:107F8000002B3AD00321304609F08FFE20B9284655
:107F9000BDE8F0410AF043B80521304609F085FEFE
:107FA000B8B114F8083C1F0707D514F8073C1807A8
:107FB00003D51121304609F0C0FE14F8083C23F027
:107FC000080304F8083C14F8073C23F0080304F8FD
:107FD000073C14F8073CD90711D50621284609F0BB
:107FE000ACFE0221304609F0A8FE2368D3F8A03089
:107FF0001BB134F8081C0029BBD0BDE8F0819A07FA
:1080000001D50821EAE75B07EBD50A21E6E700BFC7
:1080100025870200012208B5034B04481A70FCF7BB
:1080200021F9002008BD00BF4A4A00206C0500204D
:1080300070B5054611480C4603780126AB4204D1C1
:10804000072230440DF096F8A0B12EB107220C495A
:108050000C480DF08FF878B9084A134603F8015B15
:108060002168C2F80110A1889980A179997140F224
:108070001123D360014870BD0020FCE72844002094
:108080006286020029440020F8B5164604460D46D3
:108090000022064F7B8A234002B1F8BD002BFCD0A2
:1080A00031463846A8470122F4E700BF28440020A3
:1080B00070B50B4C0D46638A114603404FF0000625
:1080C000227808D0AA4204D10722601C0DF052F891
:1080D00018B1304600E0184670BD2046FCE700BFEE
:1080E00028440020F8B50B780646012B0C4601D039
:1080F0000020F8BD8B7903F0C003402BF8D1154D5B
:10810000002329466F8A11F83E2BBF0704F10100B6
:1081100006D5B24204D106220DF02CF8B8B10023E6
:10812000002BE5D16B8A9B07E2D52B78B342DFD1D8
:10813000661C3146084807F0E9F90028D8D0D4F881
:108140000130C5F83E30B4F80520044B9A80014850
:10815000CFE700BF2844002056440020664400209A
:1081600010B5074C2378834208D10722601C0DF01C
:1081700001F800280CBF2046002010BD0020FCE7BD
:10818000284400202DE9F0438446894616462F4CAA
:108190009BB01D46DDE923870CAB04F1300E1A4677
:1081A00020686168083403C274451346F7D120681B
:1081B00061461060227904A81A7120220AF07DF924
:1081C0006B462022224804A900F072F80446C0BB86
:1081D000102249460DF135000AF06FF910223146A0
:1081E0000DF145000AF069F9294611F8013B062214
:1081F0000DF156008DF855300AF05FF922990622EC
:1082000011F8013B0DF15D008DF85C300AF055F975
:108210004346352268460CA900F04AF8044680B966
:1082200040460AF054F9012335228DF83030684673
:108230003B460CA900F03CF8044610B938460AF059
:1082400046F920461BB0BDE8F08300BF4A62020039
:108250005687020070B50E461D46144698B001467A
:10826000202204A80AF029F9202231460CA80AF09D
:1082700024F91022294614A80AF01FF910222146D9
:1082800068460AF01AF96B465022684604A900F0C5
:108290000FF840B9039B054A1BBAB3FBF2F102FB8E
:1082A00011331C9A136018B070BD00BF40420F001C
:1082B0002DE9F0418EB007460C46154600211822E4
:1082C00008A81E460CF047FF4FF41053ADF81C30C1
:1082D0008023ADF81E304FF44063DFF84480102255
:1082E000CDE90938394605AB07A803F0BBFE20B13C
:1082F0006FF004000EB0BDE8F08106AB02931023CE
:1083000022464146CDE9006305982B460BF014FD4B
:108310000446059803F05AFE2043EBD0E8E700BF7F
:108320000002C0030122024BC3F80424704700BFBF
:10833000002008E0084B70B5C31A0D4607499B1092
:1083400004465943402206480AF04DF92B4601469F
:108350002046BDE87040184780440020B76DDBB66A
:1083600040530200402373B50B4C0093041B0B4693
:108370000D460A49A41061430646094A09480AF015
:108380005DF9014628B130462B4602B0BDE8704089
:10839000184702B070BD00BF80440020B76DDBB647
:1083A000AB26020040530200F8B500220121054629
:1083B00040F20510F9F72CFE0F4801F031FA04469F
:1083C000B8B90AF062FB2F690C49384606F0A8FEDE
:1083D000031E09DB01263E642D69084905F11C00D6
:1083E00006F09EFE031E02DA1C462046F8BDEE642F
:1083F000FBE76FF00404F8E729850100D46602006A
:108400001FB5002201236C46CDE902236B46074AC3
:10841000CDE900440AF042F928B943F60952002395
:10842000684602F085F904B010BD00BFBD26020009
:1084300010B5EFF31184402383F31288BFF36F8FDD
:10844000074A136823F00201DB07116002D4012000
:108450000AF015FB84F31188BFF36F8F10BD00BFC6
:10846000D04400200C22104B014602FB00330020B8
:1084700030B4D3E90E529863EFF31180402484F3B3
:108480001288BFF36F8F1C6C04F0C00444F0020428
:108490001C6480F31188BFF36F8F1DB12B4630BC75
:1084A0000248184730BC7047804400204053020007
:1084B00010B4EFF31180402282F31288BFF36F8F64
:1084C00016490B6843F0020413F001030C6017D047
:1084D000134BD3F80C3413F4803311D0EFF3118124
:1084E00082F31288BFF36F8F0E4A136C03F0C00340
:1084F00043F00203136481F31188BFF36F8F0123EC
:1085000080F31188BFF36F8F1BB1002010BCFFF701
:10851000A9BF012010BC01F073B900BFD0440020F6
:1085200000E0105080440020022808D0042808D120
:10853000044B186C10F0070003D1FFF793BF012024
:10854000FBE77047804400202DE9F041012280467E
:108550003549D1E8EF3FC1E8E02F0028F9D133B920
:10856000324933484B60CB608A6006F0ECFD08F17D
:10857000FF33012B4BD8B8F1010F06D12D4BD3F8A7
:10858000503403F00303012B41D00AF081FF05466C
:1085900050B1EFF31186402383F31288BFF36F8F3E
:1085A0000125244C244F20E0244B1B78002BF0D0D5
:1085B0000422204B0646C3F80823F2E74DB33046A9
:1085C00006F0A0FED4F8403413F0FF030DD1D4F828
:1085D000082152B1C4F80831D4F80831202201230F
:1085E000C4F84034C7F8A0212361D4F84C24D4F84F
:1085F0004C34D203E2D503F00303012B02D0B8F1CF
:10860000010FDBD155B186F31188BFF36F8FBDE841
:10861000F081002120200AF0D8FFD3E70422054B87
:10862000C3F80423F3E700BF7C4400206C4400201F
:108630009C44002000E0105000E100E0554E002076
:1086400008B507480AF0A8FC38B10648FAF702F85E
:108650000448F9F789F8002008BD6FF01200FBE725
:10866000CC530200698601000A2838B50446074D3C
:1086700004D1AB680D2128465B689847AB68034876
:108680005B68E1B29847204638BD00BFCC5302007A
:108690002DE9F04340F206354768D00648BF4FF059
:1086A000030C3B7C02EA050558BFC2F3401C87B0AF
:1086B00001F01F06B5F5837F144646EA43168DF890
:1086C00003C045D00DD8062D44D005D8A5B1022D44
:1086D00012D06FF0150038E0B5F5807FF9D1012593
:1086E0000AE040F20222954236D0B5F5407F35D0FF
:1086F000B5F5007FEDD10425220331D501237A6839
:108700008B405360B86890BB5F2E06F01F034FEAA2
:10871000561175D83C4A52F82120C4F3004102EBAF
:108720008302D2F8803081F00101C4F3404423F485
:10873000706344EA410423F00F031C4344EA8C04B1
:1087400044EA0524C2F88040002007B0BDE8F08369
:108750000925D1E70825CFE70625CDE70525CBE795
:10876000630341BF01237A688B409360CAE73146B7
:108770000DF102020AF084FB14F4403F80460CD154
:108780003146B8680AF095FBB8F1000FDCD19DF8CE
:108790000210B86801F03EFAD6E74FF0000901ABCD
:1087A000CDE90199CDE90439CDF80C903146B8688E
:1087B00003AA0AF0AEFA4845C6DB14F4003314D01D
:1087C0009DF80330C4F3004484F001048DF80E30AA
:1087D0008DF80C508DF80D404B463146B86803AA11
:1087E00001F06AF90028CFDAAEE7CDE904330DF1E4
:1087F000030303933146B86803AA0AF08AFAF1E743
:10880000203350F82330FFDEF06602004209022ACE
:10881000034670B503D0012A18D0CAB170BD0E4E00
:10882000326951680029F9D0012503F01F030C6853
:108830009D400029F2D08A682A4002D030464B6819
:1088400098473CB1236821461C46F2E7034EE7E710
:10885000034EE5E72346F6E79453020078530200FF
:108860005C53020038B54568A868C0B10AF01BFB2C
:108870000146A0B9A86801F095F9044688B90246F6
:108880000949A8680AF0F9FA22460121DB20F9F724
:10889000BFFB2246012140F20D10F9F7B9FB002081
:1088A00038BD6FF00400FBE70D880100F0B54468A7
:1088B0001646A068227C01F01F0587B045EA4215E4
:1088C00000286CD0B6F5001F04D129460AF043FBFE
:1088D000002055E06268607CB6F5800F50624FF072
:1088E000000001AA0190506039D1B3F1007F14BF9C
:1088F000052304238DF804300023CDE904230393DA
:10890000E3680DF1030723FA01F111F0010139D1F8
:10891000B6F1A07F36D105F01F035F2D4FEA551049
:1089200003F120033ED8214A52F8202052F8233088
:10893000DB0727D43A462946A0680AF0A1FA163088
:1089400018D002972946A06803AA0AF0E2F9002885
:1089500016DB01222946A0680AF0ADFAB8E7B3F1A8
:10896000C06F05D0B3F1007F14BF01230223C1E71C
:108970000323BFE73946A06801F056F90028E0DA82
:1089800007B0F0BD3A462946A0680AF079FA0028F7
:10899000D8D19DF80310A06801F03CF9D2E76FF040
:1089A0008500EDE751F82330FFDE00BFF0660200DE
:1089B000036803F01F025F2B02604FEA53129ABF55
:1089C000024B53F822000020704700BF38670200B6
:1089D0002DE9F74F154606464FF0010800EB8101DF
:1089E000B14203D1002003B0BDE8F08F3268C2F37A
:1089F000C323082BC2F3080400F2A0805148C75CCF
:108A000040F2FF139C4208BF4FF0FF34B2F1D05F39
:108A10004FEA126310D2192B12D8DFE803F01423A7
:108A20003734282F34111111111111111111111195
:108A3000111111113A717477382B6AD04E2B25D051
:108A40006FF08500CFE7C5F80446621C56D001A838
:108A50000194FFF7ADFF019B4FF0010908FA03F302
:108A6000436029E0C5F80C464FF0000A62E04FF081
:108A70000009C5F80046601C16D13FE04FF001091F
:108A8000C5F80446F7E7C5F80846EDE7C5F810460F
:108A9000DBE7C5F860457388621C03F001032DD045
:108AA000002BD4D14FF0010901A80194FFF780FFFA
:108AB000019B08FA03F383604FF0010AD6F800B077
:108AC00001A81BF4004F1CBF4FF001094FF0000A32
:108AD0000194FFF76DFF019B1B4C00EB8300D0F866
:108AE0008020CBF3412B3B0243EA8B0343EA0A038A
:108AF0001440234343EA4903C0F8803004366FE74B
:108B0000C5F86445C7E7C5F86845C4E7C5F86C45CE
:108B1000C1E701A80194FFF74BFF4FF0010A019B49
:108B200000EB8300D0F8803023F0E04343F0804333
:108B3000C0F88030631CE1D0D146BFE76FF015006C
:108B400051E700BF66870200F0F0FCFF2DE9F0411D
:108B500004460D4647680AF09BFC88B14021EFF3BC
:108B600011831A4681F31288BFF36F8F6068006823
:108B7000D0F83001D0B983F31188BFF36F8FEEE7DF
:108B80001E4B1B78002BE9D04FF040086426636829
:108B90001B68D3F83031FBB9012009F07CFF013E9E
:108BA000F5D1002120200AF010FDEFE77B6A0020BC
:108BB0001D706368796A1B68C3F83C170121C3F80C
:108BC0004017C3F83001D3F83001196582F31188DA
:108BD000BFF36F8FBDE8F081EFF311831A4688F37E
:108BE0001288BFF36F8F61680968D1F830110029CE
:108BF000DCD183F31188BFF36F8FD2E7554E00208D
:108C000070B4104CD4E90015501A63EB0506400906
:108C100040EAC6602026E0FB0615C4E900150024E2
:108C200000250949C1E90023084BC3E90045EFF3DA
:108C30001181402383F31288BFF36F8F70BC02F061
:108C4000A1BC00BF20210020082100201821002005
:108C500008B500220121E420F9F7DAF9164A0020CC
:108C6000D2F8183723F44033C2F8183701F024F94A
:108C7000002820DB0120114901F0AAF900281ADBA5
:108C800001F0F4F80E4B20F01F00C3E900010D4B7A
:108C90000022C3E900014FF0FF304FF0FF310A4BD3
:108CA000C3E90001094B0A49187A01F0EFF867227D
:108CB0000020084B1A6008BD00200E507C050020E3
:108CC0002021002000210020082100207405002020
:108CD000018C01000045002008B501F0C7F8064AE4
:108CE000D2E90032C01A054B61EB0201C3E9000171
:108CF000400940EAC16008BD202100201821002061
:108D0000F7B5224B0146224F187A224BD7E900567D
:108D1000D3E900239E4208BF954211D1B1F1806F83
:108D20000ED24901012938BF012101224D1946F116
:108D30000006C7E9005603B0BDE8F04001F0CEB927
:108D4000154BDFF858C0D3E90043DCE9002CA41828
:108D500043EB0C0C4FF0200E22466346C1FB0E2362
:108D6000954276EB0301C7E900230DD2291B66EB80
:108D70000C04C82974F10004B4BF01210021009142
:108D800001F076F903B0F0BD0021F8E7740500208A
:108D9000102100200821002020210020182100207F
:108DA00002460B46014801F09BBB00BF00070020B4
:108DB000014801F007BC00BF000700201FB50024D8
:108DC0000A2201940294CDF80B400091014601A8BB
:108DD0000CF0E0F9009A01A9074806F038F90748B5
:108DE00006F035F984F31188BFF36F8F032318461B
:108DF00002DF04B010BD00BF8A850200F4830200C8
:108E000070B5064688B00D46234824490AF09CFAFE
:108E100003A8F3F794F822480AF0BEF8002834D0EB
:108E2000204B01A80193E8F7A1FB88BB4FF0FF306E
:108E30004FF0FF31FFF7B4FF044638B91A491B4819
:108E4000E7F7A4FE044620B1FFF7B2FF204608B0C2
:108E500070BD4CF2503302A80293E9F7E7FF20B14E
:108E6000FFF7A6FF6FF08504F0E7012368468DF851
:108E70000030F4F7B7FB0028F2D1FFF799FF336910
:108E80000B481D60F9F732FEE0E76FF01204DDE7F2
:108E90006FF01504DAE700BF084500206F290200D3
:108EA000B0530200DD8F010028210020F58F010062
:108EB000B18F010030B5394885B0E7F709FD0446A8
:108EC000002866D1E7F7A4FEE7F7AEFEF3F73CF81B
:108ED000F3F73CF8F3F73CF8E7F7BEFEF3F731F8A9
:108EE000E7F7AEFEF3F736F80121204601AA8DF828
:108EF0000440E7F74DFD00284ADB0125022120460A
:108F000001AA8DF80450E7F743FD002840DB082351
:108F10000721204601AAADF80430E7F739FD002803
:108F200036DB4FF0FB13019341F20343032120464C
:108F300001AAADF80830E7F72BFD002828DB042153
:108F4000204601AA8DF80450E7F722FD00281FDB18
:108F50001F230621204601AAADF80430E7F718FDCB
:108F6000002815DB1821204601AA8DF80450E7F7E8
:108F70000FFD00280CDB41F6466398420CD984F3C0
:108F80001188BFF36F8F0423184602DF6FF00B00C8
:108F90000446204605B030BD2046F9E7BD8D0100EE
:108FA000014902480AF0ECB908450020703F002052
:108FB000094B93F80231042B02D1810709D4704781
:108FC000022B02D1020704D47047082B03D1830679
:108FD00001D5FFF7E5BF70474F4A002010B40346A4
:108FE0000A46034881680C681946234610BC184796
:108FF000B053020070B5314C94F80231CBB194F803
:109000000231042B36D120783E2824D1A678B31E15
:109010005E425E41002200233146F9F771FD0546AC
:10902000D8B9BEB1002384F80231BDE87040FFF723
:10903000B7BF4FF0FF304FF0FF31FFF7B1FE48B937
:10904000204604F5817100F01DFB0546FFF7B0FED8
:10905000002DD4D070BD0026DCE7627802321749BB
:1090600005F10C0006F0F3F9154B29461B6815486D
:109070009847D7E7022B15D1002200230820F9F7E3
:109080001DFD05460028E5D062880432B2F5817FD7
:10909000E5D9002383F31188BFF36F8F04231846AB
:1090A00002DFBFE7082BBDD1002200232020F9F703
:1090B00005FD628805460028E7D1CBE74F4A00202E
:1090C00004450020E85302002DE9F3417E4C06469A
:1090D0002778002F40F0CD8204238DF807307B4B9A
:1090E0000588D3F80080B8F1000F1AD1B5F5105FEC
:1090F0004FEA952310D2002B00F0AE82013B072BE4
:1091000000F28882DFE813F02A00860255009900F9
:10911000860286028602E6003F2B00F0EB810120EA
:1091200028E20DF106030DF10702611CC04701287A
:10913000DCD09DF8063013B9012840F090820F234F
:1091400063700423A3700123E0702371A4F8055019
:1091500001230020237002B0BDE8F081304640F2C8
:10916000064230F9033B93421DD040F21D42934228
:109170001CD0012042F219039D4200F25E8242F2AD
:109180000C039D4200F2528240F2064340F21D421F
:109190009D4218BF954214BF0127002787F00103A5
:1091A0008DF80630C5E7E9F7C3FBE3E7E9F774FCA0
:1091B000E0E7304640F6634230F9033B934230D05B
:1091C0000EDC40F6034293421FD040F62D429342FC
:1091D0001ED040F60142934213D001200746DDE73E
:1091E00040F67B4293421FD040F67C429342F4D13A
:1091F0009DF80730364902338DF80730F4F77CF9D3
:1092000001E0E7F767FD0127C8E7F2F78FFEFAE70D
:109210009DF807302E4903338DF80730F3F76BFEC6
:10922000F1E7E7F769FDEEE79DF8073028490433D9
:109230008DF80730F4F73DF9E5E73388A3F580535F
:10924000013B082BC9D801A252F823F0719201000A
:109250008392010097920100DB910100DB910100F4
:10926000DB910100DB910100DB910100B79201006D
:109270009DF80730164808338DF80730F3F729FEBC
:10928000C1E79DF80730124840338DF8073009F0E8
:1092900070FB0020B7E700229DF8073008338DF8F7
:1092A00007300B4B1A605A60E37A23F0600343F0F7
:1092B0006003E372EDE79DF80730054806338DF84B
:1092C0000730F3F74DFE9EE7524B00201845002073
:1092D000594B0020304642F24E0130F8033B1AB29F
:1092E0008A4230DCB2F5005F3CDDA3F50053013B60
:1092F0004D2B37D8DFE803F038545D366669366C9D
:109300006F723636363636363636363636757881BC
:10931000368A939C3636363636A736B03636B3B6EE
:10932000B9BC3636C5C8CBD4DDE03636363636362F
:1093300036363636363636363636363636363636CD
:109340003636E33636EC42F288039A4200F0C380A8
:1093500042F29D039A4200F0CA8042F287039A4289
:1093600000F0BC80012001E0E7F7D0FC42F27E0370
:109370009D4240F2508142F29D039D4200F2FA80EC
:1093800042F284039D427FF63EAFA5F50253053BB2
:109390009AB2B94BD34003F0010383F00107FDE615
:1093A0009DF80730B54803338DF80730E9F7B6FA72
:1093B000DCE79DF80730B14808338DF80730F3F744
:1093C000CDFFD3E7F3F7E9FDD0E7E9F7BFFCCDE741
:1093D000F4F709F8CAE7F3F7E1FFC7E7F4F728F86D
:1093E000C4E7F3F7ABFFC1E79DF80730A34910339B
:1093F0008DF80730F3F7ABFDB8E79DF807309F48CD
:1094000008338DF80730F3F770FDAFE79DF80730AC
:109410009A4902338DF80730F4F72BF8A6E79DF848
:109420000730964902338DF80730F4F733F89DE79B
:109430009DF80730002008338DF807308F23E37143
:10944000C023E37292E79DF807308C4902338DF810
:109450000730F3F7B2FD89E7E9F7DAFA86E7F3F7C1
:10946000D0FC83E7F3F7F0FC80E7F3F720FD7DE71E
:109470009DF80730814801338DF80730F3F725FD5B
:1094800074E7F3F704FD71E7F3F7F8FC6EE79DF876
:1094900007307A4808338DF80730F3F7C2FD65E7E7
:1094A0009DF80730754904338DF80730F3F7E1FD77
:1094B0005CE7E9F7C5FA59E7F3F71AFE56E79DF8B6
:1094C00007306E4802338DF80730F3F72FFD4DE774
:1094D000F3F7B8FD4AE7E9F707FB47E79DF80730E0
:1094E0006648073B8DF80730F3F740FF3EE7F3F798
:1094F0003AFE3BE730464FF60C5230F8033B9342BE
:1095000024D84FF60252934213D803F2FF3292B29C
:109510000A2A3FF604AEA3F57C43013B0A2B00F276
:109520009980DFE803F01F2F979797569797444D40
:109530005900A3F57D43033B092B00F28B80DFE844
:1095400003F05489578989895A89895D4FF61452E5
:10955000934256D04FF6165293427FF4E0ADE9F7AE
:109560006DFC07E09DF8073044480C338DF8073058
:10957000F2F7F2FC4FF6025225F008039F1A18BFCB
:1095800001270BE600209DF8073040338DF80730A7
:109590003A4B1880E37923F0230343F02303E3716C
:1095A000237A23F0070343F007032372E2E79DF8D1
:1095B0000730324817338DF80730F2F7E8FCD9E767
:1095C0009DF807302D4820338DF80730F2F703FD62
:1095D000D0E7F2F7DAFCCDE79DF8073027480133F2
:1095E0008DF80730F2F714FDC4E7F3F7FBFFC1E78E
:1095F000E9F71CFCBEE7F2F721FDBBE7F3F7DBFF61
:10960000B8E79DF807301D4904338DF80730F2F7AD
:1096100019FDAFE7012042F263039D427FF6AAAD38
:10962000A5F50153243B9AB2154BB3E6A5F50053BB
:109630000D3B9AB241F24123ACE642F232039D4225
:109640003FF4ACADA5F50153033B012B94BF0027BC
:109650000127A3E501208EE6012738469EE59DF807
:1096600007300E22A37001236270E370A580A07101
:109670006EE54FF0FF306EE509000001594B002008
:10968000F502080438B5094C0D4623781BB9BDE82E
:109690003840F2F76ABEA278611C02320BF04EFD30
:1096A0000020042320702B7038BD00BF524B0020D7
:1096B00070B505460E46084C204609F06DFC38B1E1
:1096C000A36829462046B2B21B68BDE8704018471F
:1096D0006FF0120070BD00BFB05302004FF4007174
:1096E000014802F03FB900BF554C00201FB50024CF
:1096F0000A2201940294CDF80B400091014601A882
:109700000BF048FD009A01A9074805F0A0FC0748A6
:1097100005F09DFC84F31188BFF36F8F0323184677
:1097200002DF04B010BD00BFBB850200F48302005D
:10973000322337B50125ADF8043000231C216846DB
:10974000104A8DF80630ADF800508DF80230F2F76F
:1097500051F9044698B908F0B8FF80B2F0F756FF07
:109760002A4621468520F8F753FC2A462146E52063
:10977000F8F74EFC2A4621468A20F8F749FC204695
:1097800003B030BDED9601000149024809F0F8BD73
:1097900024450020703F00200122054B05491A6333
:1097A000A3F54323D3F818050860C3F818257047BC
:1097B00000E01050204500200122044B5A63044B66
:1097C0001A68044BC3F81825704700BF00E010501A
:1097D0002045002000B0045028B1022806D1042002
:1097E000034B1B681847024B1B68FBE7704700BF21
:1097F00034450020014B02201B68184734450020E7
:1098000028B1012807D100200349F0F70FBE034B10
:1098100002201B6818477047D99701003445002083
:10982000014B18600020704734450020064BD3F8E8
:1098300040231C2A05D1D3F84403431E5842584103
:1098400070470020704700BF00C0FF0003689A0700
:109850000CD50368DB070DD50922074BC3F80C258F
:109860000F22C3F8042501221A60FEE7034B0360B0
:10987000EF3B0360704700BF00801050F000FA50CB
:1098800008B50123404A4148C2F80038404AD2F89E
:1098900040231C2A04BF3F4AC2F80C34FFF7D6FF0E
:1098A0000830FFF7D3FF0830FFF7D0FF0830FFF78D
:1098B000CDFF00F5F470FFF7C9FF374AD2F88C30BE
:1098C00043F44063C2F88C300022D30003F57F03D9
:1098D00003F54043D3F8001401310AD0D3F8001443
:1098E00039B1D3F800140132D3F80434402A0B60A4
:1098F000EBD1254BD3F84024002A41D0FFF796FF47
:1099000048B1234BD3F83423244B9A429EBF1E4BBD
:10991000234AC3F84026FFF789FF18B1214B224A9A
:10992000C3F8AC27FFF782FF48B13422164BC3F8C7
:109930002426D3F83C2622F40022C3F83C261B4BF5
:109940001549D3F80026D20744BF6FF00102C3F8CF
:109950000026174BD3F8182522F00302C3F8182568
:10996000D3F8182542F00302C3F81825D1F88C204B
:1099700042F44062C1F88C200022C3F8A02508BD43
:10998000C822C3F84024B9E70000125000C50D50AA
:1099900000C0FF000030055000ED00E0001D0A1877
:1099A00040E0A91E00A0085078000A0400E0105012
:1099B00000B00450036803F01F025F2B02604FEAFF
:1099C00053129ABF024B53F822000020704700BF89
:1099D000A0670200034A4309D35C00F01F0018444B
:1099E000C0B270476F870200F0B50646002487B00A
:1099F000114F019117F8012B06AB03EBD20313F8BB
:109A0000143C02F00702D34013F0010306D10134E5
:109A1000032CEFD10023184607B0F0BD074A03AD71
:109A200007CA85E8070055F824100A6A46F824207A
:109A30000A62002AEBD0EEE77F870200745D020025
:109A4000F7B504460846FFF7C5FF04EB4006B38AA6
:109A50000D46DB072AD5204609F039F9294620466C
:109A600009F0A6F850B1204609F0B8F8002327689D
:109A700007EB8000C0F81035C0F8103529462046A5
:109A800009F0D5F8002101A8B1820195FFF792FFF6
:109A9000019B00EB8300D0F88020064B134043F07D
:109AA0000203C0F88030084603B0F0BD6FF0150027
:109AB000FAE700BFF0F0FCFF2DE9F043044685B063
:109AC000084615461F46FFF785FF0E46804625B31C
:109AD000204609F078F818B9204609F069F818BB53
:109AE00004EB4809B9F8143003F01C0313B16B7888
:109AF000012B19D001238DF80F3000233046CDE91A
:109B000000536A1CAB1C0DF10F0108F0F9FFB9F806
:109B1000143043F00303A9F81430002F3ED031462F
:109B2000204609F050F820B96FF0150005B0BDE8E7
:109B3000F0830022397823684FEA810C03EB81031C
:109B4000C3F81025C3F8102504EB4802938A23F4C8
:109B5000604323F0200393827D78FDB12468B878B8
:109B60006444D4F810750E4B2D043B40C4F81035F6
:109B700041F6F07305F4403503EA06130005D4F806
:109B800010752B4300F4801003433B43C4F8103599
:109B9000938A43EA413343F0200393820020C5E7D0
:109BA0000FE0ECFF70B590F87440054690F87560D2
:109BB00044BB4622214614300BF0CDFA2146134A0D
:109BC0002B6852F836608E4212D1002440F20D10FC
:109BD000C3F84441D3F844210D4A934208BFDB2027
:109BE000F8F7F4F90123204685F874302B6670BD30
:109BF000CAB2920002F58070442A04BF1C501A5861
:109C00000131E0E76FF07700F1E700BFAC670200D9
:109C100000A00D5090F87500024B03EB800008F097
:109C200056BF00BF8405002010B5064B90F87500A4
:109C30000C4603EB800008F030FF0028A4BF207022
:109C4000002010BD840500202DE9F04F804658F813
:109C500004BB90F87540DBF814136A4BC9B253F893
:109C6000342007468BB0584641F4003109F008F81B
:109C70008203054639D50023CDE907330993614BAB
:109C8000E60003EBC404636807A819460093FFF7D6
:109C9000ABFE331D03934FF0000A5B4B0DF11C0923
:109CA0000293029A574912F8013B0292039A02EB7F
:109CB000D3028A5C03F0070322FA03F3DB071AD40A
:109CC0000AF1010ABAF1030F09F10409E9D14FF4CD
:109CD00000310022584608F0D3FF009907A8FFF78B
:109CE00083FE0028D7D125F400350124002D73D13F
:109CF0000BB0BDE8F08F454B53440493D9F8006096
:109D0000002EDDD096FAA6F6B6FA86F6049B1C78ED
:109D100046EA44142046FFF75DFE07EB4000818AC7
:109D2000F208C1F3820305930193012319F802009D
:109D300006F0070603FA06F620EA060009F8020014
:109D400006A80694FFF736FE069A11F0100F02F1EE
:109D5000200250F82260059BC6F3014623D04046FE
:109D6000019A214608F044FF06A80694FFF722FE58
:109D7000069BF6B2203350F82330C3F301439E42D2
:109D800007D10021204608F004FF3146204608F0A4
:109D900000FF06A80694FFF70DFE0122069B02FABB
:109DA00003F30362AAE7022E14BF02210321204617
:109DB000059308F0EEFE059B032B03D0022E07D17E
:109DC000012BE6D121464046019A08F011FFE0E759
:109DD000032EDED1022BF4E795FAA5F3B3FA83F351
:109DE00004FA03F225EA020503F5A2725BF82220C9
:109DF00007EB43034046B3F86410C2F3014208F096
:109E0000F7FE73E7AC6702007F8702007F870200DE
:109E10000123034A03FA00F09368034393607047F9
:109E2000C002002073B504460191EFF31186402370
:109E300083F31288BFF36F8F0B4D019B6A6801A8F3
:109E40001340019308F029FE002807DB01226B680C
:109E5000824023EA02036B602070002086F31188A1
:109E6000BFF36F8F02B070BDC00200204FF0FF3211
:109E70006FF0404330B5044CD4E90001824273EBEB
:109E80000105F9D330BD00BF40270E5030B50C2579
:109E9000074B1C1894F8544005FB0433C3E9031224
:109EA00018750123034A8340C2F8243330BD00BF34
:109EB000C002002000200E50F8B53E4C2278002A47
:109EC00072D13D4BD3F8101521F00201C3F81015E3
:109ED000D3F8101541F00101C3F810150521C3F89E
:109EE000A4160421C3F8AC160723672101F0010072
:109EF0000244013BD2B24FEA5101F7D1052A56D1B3
:109F000019464FF0010C2B4E00256720CFB204E01C
:109F10000CFA02F220EA0200013590FAA0F25FFA90
:109F200085FEBE45B2FA82F2F2D3013132750529BF
:109F3000224482F8547006F10C06E5D10121002577
:109F40001E489A0801FA02F212F0670F18BF1D505E
:109F50000433302BF5D1E420F8F738F8164B1849C4
:109F6000D3F8102503F5C07322F00202C3F8902342
:109F700040F6FF72C3F8A82100221A60A3F5807092
:109F800004338B420260F8D101250B4B0D4A1D664C
:109F90000D4B5D201B68B3FBF2F358430B4B2B4377
:109FA000984700202570F8BD6FF07700FBE76FF051
:109FB0008B00F8E7C002002000200E5000210E5058
:109FC000B0210E5040420F00800500209062020038
:109FD00038B5244B0D46D3F8102594073CD4D3F85C
:109FE000102542F00202C3F81025C0B1D3F848276B
:109FF00012F0010202BFD3F8481741F00101C3F883
:10A000004817184BD3F84017D3F844174800F9D431
:10A010002AB9D3F8482722F00102C3F84827124B87
:10A02000124A1B68B3FBF2F30E4A03EB4313B3B1BE
:10A03000D2F84017D2F8441749000BD44FF0FF3143
:10A040002846FFF7EFFE044610B92878FFF7E0FE38
:10A05000204638BD013BEAE76FF07704F8E76FF080
:10A060007304F5E700200E508005002040420F00E9
:10A0700070B51E461546174A9DF81010131893F830
:10A0800054300C3302EBC30442F833506660C6F31D
:10A0900013020401A1B104F1A04404F56224C4F840
:10A0A0002055C4F824250C4C80000444236833B1A7
:10A0B000FFF7DCFEA842B14101D20023236070BD4E
:10A0C00004F1A04303F56223C3F82055C3F8242507
:10A0D000F5E700BFC002002000210E50F0B50E4D84
:10A0E0002B1893F8543000010C3355F8334005EB2E
:10A0F000C3077E68641800F1A04021F0004146F1DA
:10A10000000641EAC27100F5622045F833407E60E6
:10A11000C0F82815F0BD00BFC0020020F7B5284BDD
:10A12000284CD3F82C6304F188070EB903B0F0BDB6
:10A1300096FAA6F00123B0FA80F08340DA43224970
:10A1400026EA0306231893F85450830019440C237D
:10A1500003FB0543DB6873B3D7E8EF3F03EA020C68
:10A16000C7E8EECFBEF1000FF6D1C340DB0719D52B
:10A17000020102F1A04202F56222D2F82435D2F89F
:10A180002025D1F800C0BCF1000FCED04FF0000C5C
:10A19000C1F800C00C2101FB054529690091E9685F
:10A1A0008847C2E705F10C0304EBC30C54F83320D5
:10A1B000DCF80430E5E70A68002AB6D00B60B4E7A3
:10A1C00000200E50C002002000210E50044B40EA37
:10A1D0000120C3F80005D3F80024D207FBD570474F
:10A1E00000B0045038B5EFF31185402383F3128893
:10A1F000BFF36F8F064B9C6808F0E1FE85F3118872
:10A20000BFF36F8F2046BDE83840F7F78FBF00BF20
:10A210003845002038B50A4B53F82040013053F838
:10A220002050A54200D838BD606830B1037EDB07FE
:10A2300001D408F099FE0834F3E723689847FAE759
:10A24000BC670200012270B5294B86B003201A704A
:10A25000FFF7E0FF09F00EFB0420FFF7DBFF254CC2
:10A26000254D2646AE4204F130040FD300F0D2FE55
:10A27000204CAC4226D300F0E1FEF7F747FA1F4A24
:10A28000938923F00103938106B070BD54F80C3C10
:10A29000059354F8103C049354F8143C039354F879
:10A2A000183C029354F81C3C019354F8203C009352
:10A2B00054E90A2354E90C0100F0B4FC54F8303C92
:10A2C0005E65CEE7D4E90A23B3F1FF3F08BFB2F1E0
:10A2D000FF3F05D052EA0301206803D109F09EF93F
:10A2E0003034C6E70649183001F0BCF8F8E700BF83
:10A2F000554E0020805C0200B05C0200A0400020AF
:10A3000059350200882370B5134E012203FB006605
:10A31000002386B0CDE904230F220193CDE9023258
:10A3200014234FF4A0720D4D0D4903FB0055044654
:10A3300002FB00110B4B3046009500F073FC337CA0
:10A340002C7423F004033374074B013403EBC42350
:10A35000EE606B6006B070BD1840002038450020EC
:10A36000B8770020C1300200B86F00207FB5002010
:10A37000FFF750FF284B03F5006282F3088883F350
:10A380000A88E023254C002584F822302023E37737
:10A3900025766576A57684F82050636A43F4E02339
:10A3A000636284F82350F7F77DFDF7F7A9FE4FF0BD
:10A3B000FF33A362E362F8F78BF8F7F725FF18483D
:10A3C00000F09AFC0120FFF725FF0220154CFFF753
:10A3D00021FF00F05DFE144B4FF400625C61134BF3
:10A3E0001349059301232046CDE90353CDE90155D7
:10A3F000104B009500F016FC0646237C204623F007
:10A400000403237409F085F82846FFF77BFF3146E3
:10A410002046084AF7F754FEB86F002000ED00E030
:10A42000D0410020A040002038450020DA850200FD
:10A43000F878002045A2010038B5064C064DAC4224
:10A4400001D3002038BD2046D4E9011208F0BAFD3E
:10A450001434F4E7880600209C06002038B5074C29
:10A46000074DAC4201D3002038BD204608F0CEFD98
:10A4700008B91C34F5E76FF01500F5E73406002045
:10A480008806002073B50C46EFF31181402585F353
:10A490001288BFF36F8FC5685DB125602B68C360FC
:10A4A000836901338361002081F31188BFF36F8FCB
:10A4B00011E052EA030603D16FF00B002560F3E7C9
:10A4C000CDE900230246083000F002FD18B9034B25
:10A4D0009B685B69236002B070BD00BF38450020F7
:10A4E0002DE9F341044617461E46EFF31188402339
:10A4F00083F31288BFF36F8F304BC2689B6872B1D1
:10A500008068984217D057EA060216D188F311885E
:10A51000BFF36F8F6FF00F0002B0BDE8F08193F9C9
:10A520000E1001322161C4E9023288F31188BFF3B1
:10A530006F8F0020F0E72169F3E793F90E1090F98F
:10A540000E30994230DA9942A8BF194608F0C3FD8F
:10A55000054622464146CDE90076194800F0B8FC90
:10A560000028E6D0EFF31186402383F31288BFF36F
:10A570006F8FA068D0B1236821699C420AD04BB18B
:10A5800093F90E309942A8BF19466FF07F039942A4
:10A59000B8BF194608F09FFD40B13146084808F0A1
:10A5A000EBFF6FF00A00B7E70025D2E7002DF4D1EA
:10A5B00086F31188BFF36F8FF3E700BF38450020A3
:10A5C000564E0020F8B583680546002B40D0234A3C
:10A5D000926893423FD1C368012B03D9013BC3600A
:10A5E0000020F8BDEFF31187402383F31288BFF3F7
:10A5F0006F8F0169806808F06EFD2C68A54207D155
:10A600000023C5E9023387F31188BFF36F8FE7E7B3
:10A61000002CF5D0D4E90032002613605A60237C68
:10A62000C4E9006623F002032374A66004F1180055
:10A6300009F082F8AC6094F90E3020462B61C4F822
:10A64000806008F066FF3946054808F095FFC7E7C7
:10A650006FF01500C5E74FF0FF30C2E73845002026
:10A66000564E002037B51146EFF31185402282F394
:10A670001288BFF36F8F04689CB12368426823F08F
:10A6800003039442036008BF43600121204608F0A1
:10A69000A6FD044685F31188BFF36F8F204603B0F3
:10A6A00030BD51EA0302F5D000F10802CDE90013F4
:10A6B0001046294600F00CFC0028EFD1014B9B68A6
:10A6C0005C69EBE73845002070B5EFF31186402355
:10A6D00083F31288BFF36F8F0468A0421BD0D4B1FC
:10A6E000D4E90032002513605A60237CC4E9005588
:10A6F00023F002032374A56004F1180009F01CF88C
:10A700002046C4F8805008F004FF3146BDE8704090
:10A71000064808F031BFD0E902329A4218BF01332F
:10A72000836086F31188BFF36F8F70BD564E002093
:10A7300013B5EFF31181402484F31288BFF36F8FB8
:10A74000846844B1013C846081F31188BFF36F8F4A
:10A75000002002B010BD52EA030406D181F3118833
:10A76000BFF36F8F6FF00F00F3E7CDE900230246D0
:10A77000014800F0ADFBECE7564E002007B5074B53
:10A780004FF40062009306494FF0FF33054800F094
:10A790006DF9002003B05DF804FB00BFD467020030
:10A7A000F8800020284100202DE9FF410446402781
:10A7B000534EEFF3118887F31288BFF36F8FD4F8ED
:10A7C0008C50F5B9022104F1A40008F041FD0028E5
:10A7D00070D004F19C0500220121284608F03EFFBC
:10A7E0000028F8D100234FF0FF3202934FF0FF33DF
:10A7F0004146CDE90023434804F1940200F072FD84
:10A80000D7E7D4F890202B689542C4F88C3008BF65
:10A81000C4F89030D4F8A43043F00203C4F8A43054
:10A82000EB6823F0040343F00103EB606B6888F3EB
:10A830001188BFF36F8F28469847EFF3118887F38D
:10A840001288BFF36F8FEB68D80623F001023ED465
:10A85000EA60EB689A0717D5306823F00203EB60D3
:10A8600090B10021036878B1426895423DD10368F8
:10A87000002934D172683360904200D173600023A4
:10A8800040F8083BFFF720FFD4F8A43023F0020380
:10A89000C4F8A430DB0530D4D4F88C30003B18BFAA
:10A8A000012388F31188BFF36F8F002B81D000F054
:10A8B000F7FB7EE7D4F8A430D90693D5C4F8A400FA
:10A8C00088F31188BFF36F8F04B0BDE8F08123F0E7
:10A8D0001103EB6005F11000FFF7F6FEB9E70B601E
:10A8E0007368984208BF7160C9E701461BB11A68D6
:10A8F00018461346B7E71A46FAE70023D1E700BF28
:10A9000058450020564E002070B5C3680546C3F375
:10A9100040069B070C460DD50122002104F10800DA
:10A9200008F08AFC00232360054B65605A681AB959
:10A93000C3E90044304670BD14605C60FAE700BFB4
:10A9400058450020F8B5C36804469A070E46C3F37D
:10A95000400542D45F0742D40B680BB983680B6093
:10A96000E368D80742BFA36802253360376858BF41
:10A97000012557B31B4B9A68D7F888309A421ED1ED
:10A9800008F086FD80F00100C0B2D7F8A430D907E6
:10A99000C3F380021CD5F2B1F8B100232360D7F8CD
:10A9A000903073B9C7E92344384608F06CFCE3687B
:10A9B00043F00403E3603368A3602846F8BD002039
:10A9C000E3E71C60C7F89040EEE76FF0150506E07E
:10A9D0006FF0120503E01B07DFD56FF00F050023B2
:10A9E0003360EAE738450020F8B5C368064603F04F
:10A9F0000503002B0C4614BF012700271CD08568D7
:10AA00000122002104F1100008F016FC2046134931
:10AA100008F09AFCE36843F01003E360F3685B0717
:10AA200012D5336823606BB9D5F8903033B9C5E9D6
:10AA30002344284608F027FC3846F8BD1C60C5F8BA
:10AA40009040F6E73460F4E7D5F88C302360D5F811
:10AA50009030C5F88C40002BEBD1F0E76732020054
:10AA60000146014808F08CBC28410020F0B504469E
:10AA7000002089B00E9DC4E9230004F19400C4E9CC
:10AA8000250004F19C00C4E9270055B3287900286B
:10AA900040F2011008BF0120C4F8A40000204FF0CC
:10AAA000FF364FF0FF37CDE90330CDE90100CDE9A6
:10AAB000066720460C4B009400F0F2F855B1296867
:10AAC00011B1204608F0EAFC6B791BB1A38943F071
:10AAD0000103A381204608F0A1FDC4F8884009B015
:10AAE000F0BD0120D8E700BFA9A7010037B501904C
:10AAF0000846EFF31184402181F31288BFF36F8F72
:10AB0000C16811F01E0F16D153EA020508D101A940
:10AB1000FFF718FF84F31188BFF36F8F03B030BDC8
:10AB200041F00801C160019910308161034900F0D2
:10AB300099FC0120EEE70020ECE700BFFB320200A9
:10AB400001460148FFF7D2BF28410020F7B50C4667
:10AB500016461D460190EFF31187402383F31288B8
:10AB6000BFF36F8F084608F07FFB55EA060309D153
:10AB7000204601A9FFF7E6FE87F31188BFF36F8F28
:10AB800003B0F0BDE368324643F00803E360019B85
:10AB90000449A36204F110002B4600F063FC01207D
:10ABA000EAE700BFFB32020001460148FFF7CEBFD3
:10ABB000284100202DE9F0410546EFF3118740239D
:10ABC00083F31288BFF36F8F0468A0421BD0D4B107
:10ABD0000026204608F04FFC04F1180008F0ACFDF8
:10ABE000B0462046C4F8808008F093FC2C680136FB
:10ABF000A54210D07CB1204608F03DFC04F11800BD
:10AC000008F09AFDEDE787F31188BFF36F8F0026F8
:10AC10003046BDE8F0813946014808F0ADFCF7E761
:10AC2000564E00202DE9F043984685B000F15803B8
:10AC3000C0E91633109B002683810423073222F0DB
:10AC4000070503740F9B01EB05090F468373494603
:10AC5000C0E906668660C6730446F6F721FF0E9BC0
:10AC6000073020F007002067C4E91A7502930D9B96
:10AC7000A9EB000901930C9B4A46009339464346D1
:10AC80002046F7F701FA054B66659B6803B15B6FD9
:10AC90004846636705B0BDE8F08300BF3845002033
:10ACA000F0B5002587B00595109DDDE91276049575
:10ACB0000F9D044603950E9D02950D9D01950C9DDB
:10ACC0000095FFF7AFFFB6F1FF3F08BFB7F1FF3FB9
:10ACD00005D056EA070305D1204608F09FFC204620
:10ACE00007B0F0BD3A46334604F11800014900F0C0
:10ACF000B9FBF4E759350200012310B503748381D1
:10AD000000230446C0E91A3300F0CCFC014B9C60E0
:10AD100010BD00BF384500206FF00A01094A936852
:10AD2000C3F880100849D8674B6843F080534B60E4
:10AD3000002383F31188BFF36F8F9368D3F88000EB
:10AD4000704700BF3845002000ED00E070B590F975
:10AD50001020037C002A2FDBD9062DD11A4C63F07A
:10AD60007F032246037452F8183FE169934207D1EA
:10AD7000C0E900210860E0610FE09942F8D01B684B
:10AD8000002BF5D093F90E6090F90E50AE42F4DD31
:10AD90005968C0E9003108605860A569954200D043
:10ADA00005B9E568A3681A7CD20606D1DA897F2A3C
:10ADB00003D9AA690AB9636170BDAB4202D02846C3
:10ADC00000F0D2FA6561F7E73845002038B590F910
:10ADD00010200146002A037C04DA03F07F03037489
:10ADE00008F05FFB0D4D2A4652F8184FAB689442AD
:10ADF00000D004B9EC688B4207D01A7CD20604D18B
:10AE0000DA897F2A01D9A2692AB1A34202D0204659
:10AE100000F0AAFA23466B6138BD00BF3845002018
:10AE2000B3F1FF3F08BFB2F1FF3F03D00249183032
:10AE300000F018BB704700BF59350200034648B9FF
:10AE4000EFF3058232B9064A51699268914201D006
:10AE5000FFF762BF83F31188BFF36F8F704700BFA6
:10AE60003845002038B5184CA168E0690B6881426C
:10AE700014BF1A46002249680B605960A368E16953
:10AE80002AB9124AC3E900210B60E3610AE092F992
:10AE90000E5093F90E00854212DD5168C3E900217E
:10AEA0000B605360A569094B9D4200D005B9E56868
:10AEB000A3689D4202D0284600F056FA656138BD6D
:10AEC0008A42DED01268DBE738450020504500207A
:10AED000F8B5DDE906670D4B0C46986811460C4A3B
:10AEE0001060EFF31182402282F31288BFF36F8F5C
:10AEF0009D68284608F0E7FA284632463B46FFF7A9
:10AF00008FFF2046BDE8F840FFF706BF3845002018
:10AF100060450020F8B50446EFF31187402383F322
:10AF20001288BFF36F8F037C49B203F01F02002A1F
:10AF30000CBF0126002635D103F07F032A4D037490
:10AF400008F0AFFA2A46037C817363F07F03037431
:10AF500052F8183FE869934207D1C4E90020046021
:10AF6000EC610DE09842F8D01B68002BF5D093F906
:10AF70000EC08C45F6DD5968C4E900310C605C6098
:10AF8000AC69944200D004B9EC68AB689C4202D032
:10AF9000204600F0E9F96C6187F31188BFF36F8FE9
:10AFA0003046F8BD9B071CD5856808F07AFA817396
:10AFB0002B689D4209D16B68C4E900531C606C602A
:10AFC000EAE76A689A42F6D01B68002BF3D093F93F
:10AFD0000E208A42F5DD5A68C4E9003214605C60D4
:10AFE000DAE78173D8E700BF38450020034648B947
:10AFF000EFF3058232B9064A51699268914201D055
:10B00000FFF78ABE83F31188BFF36F8F704700BFCD
:10B0100038450020EFF31181402383F31288BFF3FA
:10B020006F8F054B9A68D37B013BD37381F31188F3
:10B03000BFF36F8F704700BF3845002070B5EFF346
:10B040001186402383F31288BFF36F8F0F4DAB68D7
:10B05000DA7B0132DA732A4652F8184F944200D054
:10B0600004B9EC681A7CD20604D1DA897F2A01D9A6
:10B07000A2692AB19C4202D0204600F075F923460D
:10B080006B613046BDE87040FFF7D8BE3845002000
:10B09000024B03F11802C3E906227047384500202D
:10B0A00070B5EFF31186402383F31288BFF36F8FDF
:10B0B0001A4CA168E0690B68814214BF1A4600224D
:10B0C00049680B605960A368E1692AB9144AC3E969
:10B0D00000210B60E3610AE092F90E5093F90E0033
:10B0E000854216DD5168C3E900210B605360A569F4
:10B0F0000B4B9D4200D005B9E568A3689D4202D084
:10B10000284600F031F965613046BDE87040FFF730
:10B1100003BE8A42DAD01268D7E700BF3845002064
:10B1200050450020F8B550EA010306460C4603D10D
:10B13000FFF7B6FF0020F8BDEFF31187402383F33C
:10B140001288BFF36F8F124D124BA8681860FFF77B
:10B150003DFEA868234632460F49183000F082F9B8
:10B16000AA680446137C384643F004031374FFF7BF
:10B17000D3FDAB68D3E90A23B3F1004F08BF002A1F
:10B18000D8D108F00EFB201A20EAE070D3E700BF08
:10B19000384500206045002059350200014B986871
:10B1A000704700BF384500202DE9F84304468789E1
:10B1B000EFF31186402383F31288BFF36F8F037C74
:10B1C000190705D586F31188BFF36F8FBDE8F883A3
:10B1D000D90943F008026FD10274A36813B1204665
:10B1E00008F067F904F1180008F0A6FAA56D04F15B
:10B1F0005808A84511D04FF0000975B1284608F04D
:10B2000058F905F1180008F097FA2846C5F880901B
:10B21000FFF79CFDA56DA845EFD1DFF8BC80D8F8FD
:10B2200008309C4250D1EFF30589B9F1000918BFED
:10B230004FF00109D8F81850284A954200D00DB9AE
:10B24000D8F80C50AB4202D0284600F08DF82046CA
:10B25000C8F8145004F03FF8B9F1000F02D02048AC
:10B26000FFF74AFDD8F808309C4230D1EFF3058350
:10B270006BBBA289D20711D586F31188BFF36F8FFC
:10B2800083F31188BFF36F8F0423184602DFEFF3B7
:10B290001186402383F31288BFF36F8F3046FFF788
:10B2A0003BFDFB0792D5002383F31188BFF36F8F1B
:10B2B0000423184602DF89E703F07F0343F0080305
:10B2C000037408F0EEF888E74FF00009B2E786F360
:10B2D0001188BFF36F8FE4E7384500205045002008
:10B2E000D0410020D3B5DDE90667089CCDE90067B1
:10B2F000FFF7EEFD1CB1034B9B685B69236002B056
:10B30000D0BD00BF38450020027C034612F01F026A
:10B3100010D10A4988420DD00949086868B1D98915
:10B320007F2909D893F90E20064B1B689A42B8BFB3
:10B3300000207047002070471046704718400020DA
:10B340008C050020644500200122044BC01A044BE8
:10B35000C0105843034B1A54704700BF5842002096
:10B36000ABAAAAAA564E002070B50C4B0C4D1E7C01
:10B37000FFF7CAFF182303FB06550446284608F0CA
:10B38000DBF90022074B9A553CB1621E2846BDE806
:10B3900070400549D31700F065B870BD38450020EE
:10B3A00058420020564E002049B3010038B5EFF353
:10B3B0001185402383F31288BFF36F8F0F4B104A20
:10B3C0009C681068A04206D1FFF7CEFF85F3118874
:10B3D000BFF36F8F38BD00211B7C1160094AD35C1D
:10B3E000002BF3D02046FFF78FFF0028EED0237C00
:10B3F000DB0601D1FFF736FD2046E5E738450020A2
:10B4000060450020564E0020024B1868984208BF45
:10B410000020704790050020034B1B680BB9FDF717
:10B420005BBC0020704700BF6845002030B570B19C
:10B430000B4B5B6898420AD0036843B1D3E90421FF
:10B44000D0E90445121941EB0501C3E90421D0E913
:10B45000003213605A600023C0E9003330BD00BFE2
:10B4600090050020B3F1FF3F08BFB2F1FF3F2DE987
:10B47000F84F0446994615461F467AD08160EFF38F
:10B480001188402383F31288BFF36F8FB9F1000F47
:10B49000DFF8E4A020DBFFF7BFFFDAE90027013582
:10B4A00049F100092D1849EBE07306464FF00109F8
:10B4B000C4E90453AD1843EB0707FFF7A5FF0346A4
:10B4C000DFF8B8E0DEF804A0EBB9C4E900EACAF896
:10B4D0000040CEF8044028E06FF00103DAE90012E2
:10B4E0005B1A4FF0FF3161EB02025B1B62EB09025A
:10B4F000012B72F10001BCBF012300224FF00009B3
:10B50000C0E90432D9E7D3E9041CD4E904208A4213
:10B5100070EB0C0B24DA891A5A686CEB0000C3E953
:10B520000410C4E9003214605C60FFF76DFF8442D0
:10B530000ED1134B1B685BB9B9F1000F02D1FFF7B5
:10B540006BFF0646304608F0E0F80021FDF7D8FB17
:10B5500088F31188BFF36F8F28463946BDE8F88F0E
:10B56000521A60EB0C005345C4E90420ADD01B68AF
:10B57000AAE700252F46EFE7704200209005002043
:10B58000684500202DE9F047DFF8A8900246C9F889
:10B5900000000D46FFF738FF00260027DFF89880EF
:10B5A0004FEAE27ED8E9001350B1D0E9044CA24240
:10B5B0007EEB0C0A1ADAA41A6CEB0E06C0E90446FC
:10B5C0000024521843EB0E032046C8E90023C9F8B3
:10B5D000004008F09AF82146FDF792FB85F31188A8
:10B5E000BFF36F8FBDE8F047FFF7E0BE611843EB94
:10B5F000E473C0E90467C8E90013FFF717FF0122ED
:10B600004FF00043C0E9042385F31188BFF36F8F27
:10B6100083689847EFF31185402383F31288BFF3C3
:10B620006F8FD9F80020121BC9F80020FFF7ECFE3D
:10B63000B6E700BF684500207042002010B5EFF368
:10B640001184402383F31288BFF36F8FFFF7E4FE6A
:10B650000346054AD2E90001181841EBE37184F36F
:10B660001188BFF36F8F10BD704200202DE9F041AB
:10B6700005460E46174607F00BFF28B9074B9B6897
:10B680005C6F14B9BDE8F081054C3B463246294653
:10B690002046BDE8F04108F0CEB800BF3845002094
:10B6A00088060020014B4367704700BF88060020D2
:10B6B0000146024A0020FFF7D9BF00BFC3EF0100D7
:10B6C00001680E4A0346914215D1C169A2F11022C8
:10B6D000A2F1EF1291420ED18268012A0BD8C26802
:10B6E00012B101698A4206D0586928B19B691B1AB8
:10B6F0005842584170470120704700BF55AA00FFCB
:10B7000070B50E4B9E68B6B13046FFF7D9FF0446C0
:10B7100018B9F3687BB935690DB9204670BD284664
:10B72000FFF7CEFF28B9EB68B34204D12E462D694E
:10B73000F2E70446F1E70124EFE700BF6C45002083
:10B740002DE9F041404D06466869884608F095F8B5
:10B7500018B100242046BDE8F0812C68DCB1AC684B
:10B76000CCB1002E6AD0B8F1000F69D008FB06F703
:10B77000B7FBF6F6B04565D1391D63D8BA0710D0CE
:10B7800027F003020432EC6803E0616891420AD2B8
:10B79000A469002CF9D1686908F075F80028D9D09F
:10B7A000D7E73A46EFE7D4F808C0BCF1000F02D063
:10B7B000012009F0D8FC891A232904F120061CD89D
:10B7C0000123A360D4E90523AAB19361A3690BB156
:10B7D00062695A610023C4E905332B69DB0703D58D
:10B7E000FFF78EFF0028E3D13A4600213046344669
:10B7F00009F0B1FCCFE7EB60E8E702F12000231885
:10B800002039C3E9011CDC602169DFF840C01961FF
:10B8100044F800C00E48D86101B1CB60616959613C
:10B82000A069986141B18B61996901B14B610121B6
:10B830002361C4E90121CDE7EB60F5E73446AAE7CF
:10B840004446A8E70446A6E76C45002055AA00FF39
:10B85000669911EE70B5424E0546706908F00DF814
:10B8600000287BD1002D5FD03368002B5CD0B268FC
:10B87000002A59D09D4203D3726813449D4202D3DB
:10B88000012009F070FCA5F120042046FFF718FF05
:10B890000028F5D155F8183C012BF1D155F8143C8E
:10B8A00045F8180CC3B19A68002A42D155F81C2CEF
:10B8B00002F120015A680A445A6055E905321A61BA
:10B8C00055F8145C2B6903B1DD602046202200216D
:10B8D00009F041FC23462C462069002836D08268B6
:10B8E000002A33D1636842682033134463600369DC
:10B8F0002361D4E90523F2B923BB436963618269FB
:10B90000A2610BB39C61A36903B15C61236903B1BC
:10B91000DC602022002109F01EFC33699B0703D55F
:10B92000FFF7EEFE0028ABD17069BDE8704007F06C
:10B93000AABF0023D0E79361A369002BDDD0626921
:10B940005A61DAE7F360F7E7F460DCE7002BE4D153
:10B95000F368A36103B15C61F460DEE770BD00BF12
:10B960006C45002070B50C46164E14220021054689
:10B97000304609F0F0FB1448706107F07CFF134972
:10B98000134800F035F8232C1BD915F003031FBF13
:10B99000043CE418C3F10403ED18224600212846B4
:10B9A00009F0D9FBC6E90054203CB5606C60B3686F
:10B9B000084A1A60B368A2F11022A2F1EF12DA610C
:10B9C000F36070BD6C4500209805002055B801005B
:10B9D00041B7010055AA00FF014B1B68184700BF83
:10B9E000FC050020014B1B68184700BFF80500202C
:10B9F000024B1860024B002019607047FC050020C4
:10BA0000F805002010B50A46044619B1024B002182
:10BA10001B68984710BD00BFE06702000E4B034053
:10BA2000B3F1607F06D1B1F5885F0CBF00206FF0E5
:10BA300086007047B3F1707F0BD101F4E043B3F59A
:10BA4000005F06D111F4E06F14BF00206FF0860094
:10BA500070476FF0860070470000C07F8A42F8B5DB
:10BA600006460D4600F00A8101F0FE41B1F1C06FBB
:10BA700061D1884C22F4FF7121F00101A14222F032
:10BA8000FF0014D004F58854A04210D022F47F7631
:10BA900026F00306A4F57064A64208D004F5A0645D
:10BAA000A04204D004F57454A14240F0EB80D1B21E
:10BAB000784E19B922F48061B14224D125F4FF7483
:10BAC00024F00104B44225F0FF0112D0724EB142BD
:10BAD0000FD025F47F7727F00307A6F57066B742ED
:10BAE00007D006F5A066B14203D006F57456B442FD
:10BAF00009D115F0FF0406D0684E44F00074B4423A
:10BB000004BF02460D468BB122F4FF7323F00103FC
:10BB1000B3F1062F06D0624B22F4FF6121F007013A
:10BB2000994203D122F4807225F48075954214BFA6
:10BB300000200120F8BDB1F1A06F16D102F0FE4344
:10BB4000B3F1A06F40F0888082EA050333F47E13DE
:10BB500040F0828028047FD5C5F30540C2F305423A
:10BB600090428CBF00200120E4E74E4B9D4209D15A
:10BB7000A3F500439A4200F081804B4B22F47E10E3
:10BB80009842D4E7B1F1407F60D102F0FE43B3F1B7
:10BB9000407F5BD182EA050030F47E1456D13146F5
:10BBA0002846FFF73BFF00286AD1404912F47C1772
:10BBB00001EA020113D0B1F1607FC2F3054333D132
:10BBC000D1B241F0007101F17E410339122901D84F
:10BBD0003748445C15F47C1F2DD19C42A7E7B1F196
:10BBE000607F0AD1D3B243F0007303F17E43033B7D
:10BBF000122B4BD82F49CB5CE2E7B1F1707F17D104
:10BC000006F4E043B3F5005F42D10123C6F30221FD
:10BC10008B4006F4E041B1F5005FDBD10120C6F3B3
:10BC2000022600FA06F4D5E7B1F1707FD2D1F0E731
:10BC300000242346CEE71FB9C5F30541A1421DD01C
:10BC4000290403D5C5F3054098428AE71A4B9D4263
:10BC500002D1B2F1082F6AE725F0004323F47F03F5
:10BC6000B3F1106F0CD102F0FE43B3F1106F07D1A6
:10BC70001248104040F01060A84258E7012059E7F0
:10BC8000002057E7002B7FF446AF4FE7002397E7EC
:10BC90000023BEE70002000600130006FF000002BA
:10BCA000004000060093C004000140050000C07F72
:10BCB00082870200828702000002C0030000FFF6B4
:10BCC00070B505460F480E4607F0D7FD044618B17B
:10BCD0006FF08F04204670BD6B6933602B7F012BA2
:10BCE0000ABF022330602B77064818BF6FF0960416
:10BCF00007F0C9FD0028EDD0002CE9D06FF09604C4
:10BD0000E8E700BFE005002038B50C4C0C4807F010
:10BD1000B4FD65780A4807F0B6FD0A4807F0ADFDA6
:10BD2000022D08D12478E31F5C425C41054807F0EE
:10BD3000AAFD204638BD0024F8E700BF8445002056
:10BD4000B0050020C80500202DE9F04789461546BA
:10BD50001C4600F0C5FC0646002851D1D9F80070F9
:10BD6000B7F800A00AF4E043B3F5804FBB6808BF02
:10BD700025F0010535EA03033AD1002C40D0B5F592
:10BD8000006F40D0A5F5005255425541284A24F491
:10BD9000FF7323F00103934213D0264924F0FF02DE
:10BDA0008A420ED024F47F7020F00300A1F5706168
:10BDB000884206D001F5A0618A4202D01E4A934211
:10BDC00023D114F0FF0304D01C4A43F000739342C4
:10BDD00022D02B4622465046F968FFF73FFE8046A8
:10BDE00070B92B46224650463969FFF737FEE0B955
:10BDF0006FF0840600233846C9F8003000F03AFDA1
:10BE00003046BDE8F0870125C0E704F0FE43B3F1FA
:10BE1000407F04D12304DCD56FF08606EAE7B3F156
:10BE2000A06FF7D0054B9C42D2E74646E8E700BF3B
:10BE3000000200060013000600460006FF00000294
:10BE400038B500F0FE43B3F1407F04460D4602D002
:10BE50006FF0860038BDFFF7E1FD0028F8D114F43B
:10BE60007C1F18D0C4F30543032B137022D9224A38
:10BE70002240B2F1607F31D1E4B244F0007404F1A9
:10BE80007E44033C122CE3D81C4A125D9342DFD857
:10BE9000202BDFD90EE0184B2340B3F1607F0FD188
:10BEA000E3B243F0007303F17E43033B122B04D94A
:10BEB000002313706FF08500CCE71149CB5CD3E70A
:10BEC000B3F1707FF4D101F4E043B3F5005FEFD13B
:10BED0000123C1F302218B40DBB2C5E7B2F1707FD1
:10BEE000B6D105F4E042B2F5005FB1D10122C5F34D
:10BEF0000225AA40CAE700BF0000C07F8287020077
:10BF0000828702002DE9F3414768D0F81480044687
:10BF100038460E4607F08FFF0546E8B9FFB22FB945
:10BF2000B8F1000F05D06FF0860515E0B8F1000FED
:10BF3000F9D0A36823F0031323F47F43002BF2D13D
:10BF40004FF6F87362889A4228D81648277907F086
:10BF500094FC28B16FF08F05284602B0BDE8F0814F
:10BF600007B901A8314600F071FB05460D4807F0FE
:10BF70008AFC10B1002DEFD1ECE7002DECD10FCCF5
:10BF8000D6F800C066460FC694E8070086E80700AA
:10BF9000002FE1D1019BCCF81430DDE76FF085056F
:10BFA000DAE700BFE005002010B5044650B10648AE
:10BFB00007F063FC204607F097FDBDE810400248FB
:10BFC00007F061BC10BD00BFE005002013B50446BA
:10BFD00010B301A900F084FB0446E8B91F4807F03C
:10BFE0004CFC58B10024019807F010FF002818BF3E
:10BFF00004461A4807F047FC70B10AE00198037F35
:10C00000032B11D107F002FF0446144807F03BFC54
:10C0100028B10CB96FF08F04204602B010BD002C7F
:10C0200008BF6FF08704F7E7022B10D103230377D3
:10C030000379FF2B0ED04369094A03F14043A3F56E
:10C0400080539342CED800F0BFFD0446CBE76FF09B
:10C050009604C8E76FF08404C5E700BFE005002040
:10C06000FFDFFF3F2DE9F04190461E46002288B0D9
:10C07000038805460F460592CDF81C803260B8F162
:10C08000000F65D0B8F1005F80F0A18023F0FF03BE
:10C09000B3F5E24F02D0B3F5824F25D1284607F021
:10C0A00001FC0446002840F08680EB6883B16A8872
:10C0B00072B12B8803F44F41B1F5824F02D0B1F534
:10C0C000884F05D1DBB2222B36D02CD8122B38D09A
:10C0D0003A46002308EB070112F8010B8A4243EAB3
:10C0E0000003F9D1002B33D0284605A9FFF70AFF3A
:10C0F0000446A0B9059B9B6A6BB3059B39465A88D9
:10C100002846069206AA029203F1280201929A6A30
:10C1100000925B6A424600F01BFC044680B305981F
:10C12000FFF742FF47E0273BDBB21B2BD0D8294962
:10C1300021FA03F3DB07CBD50732B8EBD20FC7D216
:10C1400006E040F209239A42F6D1B8F1400FBFD879
:10C150006FF086042FE06B681B0A07D107990598DA
:10C1600007F082FC04460028C7D0D8E7424639468B
:10C17000284607AB00F094FB04460028EED0CEE73B
:10C180000599069B4A88D2B94B804FF6F873069AF8
:10C190009A4219D82B88059813B102889A4210D177
:10C1A0006B8813B142889A420BD13146FFF788FD64
:10C1B00004460028B3D1204608B0BDE8F0819A4279
:10C1C000E3D06FF08604AAE76FF08504A7E76FF06D
:10C1D0008504F0E70102000C38B504460D46FFF770
:10C1E00093FD30B12A462146BDE83840024807F0A9
:10C1F0004CBE6FF0880038BD88450020002273B522
:10C2000003880A600092428804460D46002A00F026
:10C21000FF80028802F4E042B2F5804F00F0F8801F
:10C2200023F0FF03B3F5E24F02D0B3F5824F04D100
:10C23000204607F037FB0646D0B969462046FFF78F
:10C2400061FE064660BB009B9B6AA3B10099204635
:10C2500001F12803D1E9091200F052FB06460098CB
:10C26000002E40F0D2802946FFF72AFD0646B8B9D5
:10C27000304602B070BD63681B0A40F0BD80228862
:10C28000618802F4E043B3F5805F0DD0B3F5005F41
:10C290000AD002F44F40B0F5824F1ED06FF08506F1
:10C2A0000098FFF781FEE3E7104607F0AEFB064675
:10C2B0000028F5D147F201039A4220D14B080133FF
:10C2C000DB0803EBC3033B330193DDE9000107F017
:10C2D000CBFB06460028B9D0E2E7B3F5E04FDDD14D
:10C2E00047F201039A42E9D022F0FF03B3F5884FE9
:10C2F00015D1CB1DDB0803EB43030133E4E744F224
:10C3000001039A4202D1CB081033DDE722F0FF038C
:10C31000B3F5E84FEAD1CB1DDB085B00D4E7B3F5FA
:10C32000EE4F67D0B3F58E4F02D1CB1DDB08CBE7C4
:10C3300002F44F40B0F5824F02D0B0F5884F06D1DD
:10C34000D0B2422801D1CB08D7E74128EDD0B3F5D0
:10C35000E24FEAD0B3F5824F03D1CB1DDB085B007F
:10C36000CBE744F20D039A4224D844F201039A42E7
:10C37000DBD9A2F58042023A0B2AD6D801A353F8A2
:10C3800022F000BFC9C301002BC30100D5C30100C7
:10C390002BC301002BC30100DDC30100E5C3010075
:10C3A0002BC301002BC30100EDC301002BC301000F
:10C3B000EDC3010047F202039A421BD047F2040387
:10C3C0009A42B2D140237FE74FF4A0724B09534306
:10C3D000203379E74FF4C0720B0AF8E7CB1DDB0876
:10C3E000183371E7CB1DDB081C336DE7CB1DDB0871
:10C3F000023392E7202367E7204601A900F068FA9C
:10C40000064600283FF461AF4AE707F062FB47E7C2
:10C410006FF086062CE700BF10B51B4C1B4807F0D9
:10C420002CFA2378590744BF03F0FB0323709A07C3
:10C4300005D500F0F1F8237823F0020323701348A8
:10C4400007F021FA124807F018FA637813B111487F
:10C4500007F01EFD002304210E486370FFF7D2FA97
:10C460000B4807F010FA094807F007FA2378DB07B2
:10C4700005D507F0E9FC237823F001032370034876
:10C48000BDE8104007F0FFB984450020C805002032
:10C49000B00500208845002070B5FFF735FC10B1CD
:10C4A0000024204670BD344807F0E7F9044620B167
:10C4B0006FF08F04FFF7B0FFF3E7304D2B789E0746
:10C4C00006D400F0A1F804462B7843F002032B7049
:10C4D000294807F0D8F910B1002CE9D0EAE7002C80
:10C4E000E8D1254807F0C9F904460028E0D12B78A7
:10C4F000D80706D407F0A6FC04462B7843F00103C6
:10C500002B701D4807F0BFF90028E5D1002CD1D1D0
:10C51000194807F0B2F90028CAD117482E7807F059
:10C52000B2F90028C4D1164807F0A7F9044600283C
:10C53000BED16B783BB9F10705D5124807F0A2FCD4
:10C54000022304466B700E4807F09DF90028C3D102
:10C55000002CAFD1084807F090F90028A8D12B781B
:10C5600005485A075CBF43F004032B7007F08BF9B2
:10C57000002895D09CE700BFC80500208445002016
:10C58000B00500208845002038B500F140430F2B4E
:10C590000CD82C221A4C02FB0344237F022B02D11D
:10C5A0006369834224D06FF08B001AE06FF0404241
:10C5B000441E94420ED2124B00221C461D7F022DB7
:10C5C00002D15D69854210D00132102A03F12C039B
:10C5D000F4D1E8E70B4AA3F580539342EBD96FF00F
:10C5E000870038BD6FF09600FBE72C2303FB024465
:10C5F000204607F0FEFB0028F4D10C60F1E700BFF5
:10C600008C450020FFDFFF3F0122024B002083F812
:10C61000C02270478C4500202DE9F0410A4C0025CE
:10C6200026464FF0010803272046C4F820802777CC
:10C63000013507F059FA102D04F12C04F4D1002330
:10C6400086F8C032BDE8F0818C450020F8B5214D58
:10C65000064621480F4607F010F995F8C0421E48DB
:10C6600007F011F97CB300242B462246197FD1B183
:10C670003CB9022905D1196A19B91979002918BFDD
:10C680001C460132102A03F12C03EFD114B96FF0CC
:10C690008C0006E0204607F0ACFB204607F024FAA9
:10C6A00010B100240DE01C46237F7BB901232377C2
:10C6B00036B10A4B651BAD105D4305F18045356011
:10C6C00000203C60F8BD6FF08800EAE76FF096004C
:10C6D000E7E700BF8C450020C8050020A38B2EBAD9
:10C6E0000023F0B5054691B05E480B600E4607F09A
:10C6F000C4F85D4B5B4893F8C04207F0C4F8002CC7
:10C7000000F0AC80594807F0B8F8074620B16FF048
:10C710008F04204611B0F0BD31462846FFF734FFA4
:10C7200010F18C0F044607D0504807F0ACF80028F1
:10C73000EFD0002CEDD1EAE73846FFF787FF074638
:10C7400020B14A4807F09FF83C46E2E701223368EF
:10C7500001465D61336809A85A601C22356808F0FB
:10C76000FAFC002200236869CDE90623404A00F163
:10C770004043A3F580539342CDE9047703971DD836
:10C7800006AA03A907F087FB0446B8B9039B6A69A8
:10C790000A93DBB2002B08BF00220346CDE900005C
:10C7A000DDE906010E9209AA00F060F910F18A0F86
:10C7B00004460ED0002808BF6FF09604306807F0DA
:10C7C00093F914F18C0F08BF6FF0870400233360D6
:10C7D000AAE704A909A800F07BF804460028EDD1D7
:10C7E0002846049907F040F904460028E6D1DDE91F
:10C7F000060105AB0193AB6A09AA00936B6A00F0CE
:10C8000035F9044618B1284607F063F9D6E72C46F7
:10C81000059BAB6209AD0FCD0FC495E8070084E816
:10C82000070032689368D80414D4990444BF43F4D1
:10C830000063936033681A7F012A04BF02221A77CB
:10C84000306807F0D6FA044600283FF46DAF6FF069
:10C850009604BBE743F480639360E6E76FF08804D7
:10C8600057E700BFC80500208C450020E0050020E8
:10C87000FFDFFF3F10B50446084806F0FEFF40B951
:10C88000204607F0C3FA0446044806F0FCFF10B146
:10C890000CB96FF08F04204610BD00BFE0050020EA
:10C8A00010B41946002443680C60074C1A0AB4EB14
:10C8B000132F02D0054B9A4202D110BC00F014BBDA
:10C8C0006FF0860010BC7047004E80004B4E800019
:10C8D00010B4002443680C60074C1A0AB4EB132F01
:10C8E00002D0064B9A4202D110BC00F0FDBA6FF0A4
:10C8F000860010BC704700BF004E80004B4E800089
:10C900002DE9F041456804462D0A0E461746984623
:10C9100006D00E4CA54214D06FF08600BDE8F08121
:10C9200005886D0407D443463A4631462046BDE8A3
:10C93000F04107F049BA00F0B5FD10F1860FEDD1D6
:10C94000F1E7BDE8F04100F0ADBD00BF4B4E800007
:10C950002DE9F04FDFF880B0D0F804E085B0BBEBF4
:10C960001E2F0446DDE90E890D4616461F46DDF8EA
:10C9700040A04FEA1E2C1CD0DFF860E0F44518D030
:10C98000BCF1000F22D1CDE9019ACDF8008000F072
:10C9900027FD10F1860F1BD13B4632462946204623
:10C9A000CDE90F9ACDF8388005B0BDE8F04F07F01B
:10C9B0006EB83B46324629462046CDE90F9ACDF85F
:10C9C000388005B0BDE8F04F00F00ABD6FF086007A
:10C9D00005B0BDE8F08F00BF004E80004B4E8000D8
:10C9E00030B44468240A06D0064DAC4206D030BCB0
:10C9F0006FF08600704730BC07F093B830BC07F08A
:10CA000039BC00BF4B4E80002DE9F7430D46DDE9F0
:10CA10000A891646134942681F46B1EB122F044695
:10CA20004FEA12230ED0104A934200D0ABB93B46D6
:10CA3000324629462046CDE9008907F0EFFB10F188
:10CA4000860F0CD13B46324629462046CDE90A895D
:10CA500003B0BDE8F04307F0E1BB6FF0860003B020
:10CA6000BDE8F083004E80004B4E8000F0B4DFF84C
:10CA70002CC05468DDE90456BCEB142F4FEA142790
:10CA800002D0074CA74204D1CDE90456F0BC00F017
:10CA90005FBD6FF08B00F0BC704700BF004E8000A0
:10CAA0004B4E80002DE9F043DFF84490DDB244683E
:10CAB00045F000754D45DDF82C804FEA1424DDE982
:10CAC0000767DDE909CE0CD014B10A4DAC420CD198
:10CAD000CDE90AE8CDE9087C0796BDE8F04307F008
:10CAE000ADBA6FF08500BDE8F0836FF08600FAE71D
:10CAF000050000024B4E8000F7B5089E0E4FF5B2C0
:10CB0000044645F000754868BD424FEA10200DD03C
:10CB100010B10A4DA8420CD1009604F1080007F0AC
:10CB200082FA08B90523236003B0F0BD6FF08500D9
:10CB3000FAE76FF08600F7E7050000024B4E800031
:10CB4000F7B5089E0E4FF5B2044645F000754868EB
:10CB5000BD424FEA10200DD010B10A4DA8420CD1B1
:10CB6000009604F1080007F060FA08B90523236075
:10CB700003B0F0BD6FF08500FAE76FF08600F7E7CD
:10CB8000050000024B4E80002DE9F04144681D462F
:10CB9000DDE9087CDDE90636240ADDF828E003D06B
:10CBA000DFF82080444508D1CDE909E5CDE9077CCF
:10CBB0000696BDE8F04101F029B86FF08600BDE8A7
:10CBC000F08100BF4B4E80004268044BB3EB122F44
:10CBD00001D107F086BB6FF0850070474B4E800097
:10CBE00010B50C4C206808F0DBF90B4A1368591C8F
:10CBF00011604BB9094A4820D2F8003443F00703CA
:10CC0000C2F80034F5F7E2F92068BDE8104008F0FA
:10CC1000CDB900BF04060020504800200080045019
:10CC200038B5164D286808F0BBF9154B1C68013C57
:10CC30001C60ECB94820F5F7D7F90722114BC3F86F
:10CC40000823D3F8002422F00702C3F80024C3F815
:10CC50000041D3F80021C3F80441D3F804214FF474
:10CC60008072C3F80841D3F80831074BC3F8882114
:10CC70002868BDE8384008F099B900BF04060020D4
:10CC8000504800200080045000E100E070B5154DD0
:10CC9000154E2B68B34222D0FFF7A2FF01F03AFAFB
:10CCA000124A134B134952F8040B43F8040B8B42FE
:10CCB000F9D101F07FFA38B107F0EFF80446FFF739
:10CCC000AFFF3CB92E6005E000F03EFE044618B10F
:10CCD000FFF7A6FF204670BD07F0A2FBEEE7002499
:10CCE000F8E700BF0006002011736500E46702004A
:10CCF00000C080511CD38051F8B505460E46184639
:10CD00001C2117461C4608F09AF96B6821491A0A3B
:10CD1000B1EB132F1BD1204A337822611F4A13F045
:10CD20000303E26066610CD0023303F00303012BBE
:10CD300026D86B880733DB086360194B236000201B
:10CD4000F8BD6B880733DB086360164BF6E7164BBC
:10CD50009A4212D16A69154B1344022B13D900234E
:10CD6000224642F8183FC4E9033362616A69104BF6
:10CD70009A4201D12023E7E747B1C4E90067DEE723
:10CD80006FF08400DCE76FF08500D9E76FF0960064
:10CD9000D6E700BF4B4E8000C1D50100E943020039
:10CDA0000000002040008151004E8000FF3F0080C5
:10CDB00004C0FF7F0022074BC3F81021C3F80C21E9
:10CDC000C3F80021C3F80421C3F80821C3F81421D3
:10CDD000704700BF0050045008B5FFF7EBFF012378
:10CDE0000360104B0A6832B9D3F80C211AB9D3F892
:10CDF0000821002AF6D00B687BB90B4B99420ED064
:10CE0000A3F58473D3F80831002B14BF6FF0020030
:10CE10004FF0FF30FFF7CEFF08BD0020FAE74FF0DC
:10CE2000FF30F7E7005004500851045038B505466C
:10CE30000C4691B10021012006F08FF808480949FD
:10CE4000C0F80055C0F80445FFF7C6FF00210446AE
:10CE5000084606F082F8204638BD6FF00104FAE774
:10CE60000050045000510450034B0449C3F800051E
:10CE70000348FFF7B1BF00BF0050045004510450F5
:10CE80000450045010B504460021012006F065F856
:10CE9000064B0749C3F800450648FFF79DFF0021F0
:10CEA0000446084606F059F8204610BD00500450CC
:10CEB000085104500850045038B50C4659B1074D7C
:10CEC0000749C5F800050748FFF786FF10B9D5F8F0
:10CED0000835236038BD6FF00100FBE700500450B7
:10CEE000105104500C50045070B51C4E4468028818
:10CEF000B6EB142F43884FEA142514D14069184B20
:10CF000098420CD003F5FF437D330344012B22D814
:10CF1000B2F5105F1FD1022300200B6070BD47F2F5
:10CF200012139A42F6E70F48854214D102F44F409B
:10CF3000B0F5824F09D144F21210073382424FEA12
:10CF4000D303E9D15B000133E6E7B2F5885FE2D1B4
:10CF50000733DB08E0E76FF08600DFE7004E800074
:10CF600001C0FF7F4B4E800000212DE9F0430646B3
:10CF700095B0084601F052F80DF12705044625F05A
:10CF80001F0520B115B0BDE8F04306F086BF4FF095
:10CF90001009DFF88080012210211F4806F0E9FF08
:10CFA0001D4A2B19009320211023CDF80490A2F1E3
:10CFB000200000F089FE074650B1002001F01CF867
:10CFC000384606F06AFF0746384615B0BDE8F083DC
:10CFD000D8E90C321034013342F10002302CC8E998
:10CFE0000C32D8D101F008F826B122463146284645
:10CFF00006F0B2FF2E46074C0FCE0FC496E80F0086
:10D00000203584E80F0095E80F00103484E80F0005
:10D01000DAE700BF7842002098420020F0B5194DB1
:10D02000194FAB6B8DB0BB4229D0184E306807F05A
:10D03000B7FF402300221946284607F0F5FF3021AC
:10D04000684606F0C6FF044678B96846FFF78CFFCD
:10D05000044690B9302302461946684607F0E4FFBB
:10D0600001220023C5E90C23AF63306807F09EFF5F
:10D07000204606F012FF0DB0F0BD0E24F5E70020AB
:10D08000F9E700BF78420020B4A5B4A50806002047
:10D090002DE9F04F99B00DF1570902F10F0A04463E
:10D0A0008846154629F01F094FEA1A1A32B100299D
:10D0B00000F08580B2F5803F00F28180414F424E02
:10D0C000386807F06DFFD6E90C32134308D12046CB
:10D0D000FFF7A4FF044618B1386807F067FF5AE06D
:10D0E000D6E90C231AEB020243F10003B3F5803FAB
:10D0F00014D3302102A806F06CFFF8B902A8FFF79C
:10D1000033FF04460028E7D130230246194602A81F
:10D1100007F08AFF00220023C6E90C2300210846FD
:10D1200000F07CFF044660B910249DB9284600F049
:10D1300063FF2846FFF718FF0446CDE76FF092041F
:10D14000CAE7386807F032FF204619B0BDE8F04F53
:10D1500006F0A3BE102D4FF001024FF010011B4846
:10D16000AB4628BF4FF0100B06F003FF174A102301
:10D170002021CDE90094A2F1200000F0A5FD824617
:10D1800068B1002000F038FF386807F00FFF504604
:10D1900006F083FE0446204619B0BDE8F08F5A46DB
:10D1A0004046494607F0CAFFD6E90C32013342F146
:10D1B0000002C6E90C32A5EB0B05D844B5E76FF0C9
:10D1C0008604E8E708060020784200209842002004
:10D1D000F0B40568049C65BB14F47C1604600AD0A6
:10D1E000C4F30546164D24F47E14AC42466024D1A7
:10D1F000F0BC00F075B8134D2540B5F1607F0AD141
:10D20000E5B245F0007505F17E45033D122DE9D8E4
:10D210000D4E765DE6E7B5F1707FE3D10D8805F43C
:10D22000E047B7F5005F02BF0126C5F30225AE4017
:10D23000D8E76FF08800F0BC70476FF08500FAE720
:10D240000002C0030000C07F9587020010B404688C
:10D2500044B15AB1084B24F47E149C4208D110BC4E
:10D2600006F024BF6FF0880010BC70471046FBE743
:10D270006FF08500F8E700BF0002C003F8B51E4656
:10D28000036805460F4603B311B34168914222D8A3
:10D29000124A23F47E13934211D106F087FF04460D
:10D2A00078B905F10C0138466A6807F047FF6B68EA
:10D2B0004FF4C2712846336007F0C1FE03E06FF0FF
:10D2C0009604002333602046F8BD6FF08804FAE727
:10D2D0006FF08604F7E76FF08904F4E70002C003FB
:10D2E0002DE9F0410E461C4633880546B3F5105F24
:10D2F00011463DD10F2C0BD873681F481A0AB0EBAA
:10D30000132F07D01D4B9A4204D06FF086042CE0F7
:10D31000202CFAD805F5B2772246384605F5A478D0
:10D3200007F00CFF2246434639463046FFF7E4FC3F
:10D330000446D0B905F164060121304600F06EFEC6
:10D3400018B1BDE8F04106F0A8BD414605F1500016
:10D3500000F008FD0446304600F04EFE0CB12046B9
:10D36000EFE7102385F84C40AB602046BDE8F08124
:10D370006FF08504F9E700BF4B4E8000004E80003F
:10D38000602A2DE9F04105460F4616461FD8DFF802
:10D390004880D8F8000007F003FE284607F024F87C
:10D3A000044620B9324638460C4907F0C7FE2846E5
:10D3B00000F006F90546D8F8000007F0F7FD002D4B
:10D3C00014BF28462046BDE8F04106F066BD6FF068
:10D3D0008900BDE8F08100BF0C060020000000209D
:10D3E0004FF0000C2DE9F04F8DB0DDF8609005880E
:10D3F000DDE9166AC9F800C004460F46904603935B
:10D40000CAF800C0002E44D0D0F804C0DFF890B0B5
:10D410004FEA1C2EBBEB1C2F26D104A94569FFF750
:10D4200063FD0146C8B9049B9E421AD35FFA85FB8F
:10D43000594643463A46204600F020F9014660B975
:10D440005846CDE9006A039B05AA00F0DDFA0146C3
:10D4500018B9BDF81630C9F8003008460DB0BDE85F
:10D46000F08F6FF08901F8E7BEF1000F14D125F0BD
:10D47000FF04B4F5E24F04D10DB0BDE8F04F07F062
:10D48000C1BAB4F5824F07D10DB0BDE8F04F07F037
:10D49000E0BA6FF08601E0E76FF08501DDE700BFDD
:10D4A0004B4E80002DE9F043DFF8A090D0F804C087
:10D4B0000546B9EB1C2F0F4616469846048893B0D4
:10D4C0004FEA1C2E2DD142880732B2F5C47F4FEAB5
:10D4D000D20937D224F0FF02B2F5E24F11D14A4609
:10D4E00006A907F023FA48B905ABCDE901834A46FE
:10D4F0003B462846009606A9FFF772FF13B0BDE829
:10D50000F083B4F5105F06D0B4F5885F03D042F223
:10D5100004039C4216D14A4606A90020FFF7B8FD35
:10D52000E1E7BEF1000F0DD14AB124F0FF04B4F5DC
:10D53000E24F07D113B0BDE8F04307F0F7B96FF041
:10D540008600DBE76FF08500D8E700BF4B4E800018
:10D5500030B4074C041961F10005032C75F1000586
:10D5600002D330BC00F050BA6FF0850030BC704779
:10D57000FF3F00806029F8B505460E4618D80E4FCB
:10D58000386807F00DFD284606F02EFF06F085FCF2
:10D59000044640B909493246284607F0CFFD6021CC
:10D5A000064807F04CFD386807F000FD2046F8BD3E
:10D5B0006FF08904FAE700BF0C060020000000208D
:10D5C00008B503789B0705D00548602107F037FDB3
:10D5D000002008BD06F024FF0028F5D00220F8E75F
:10D5E00000000020F7B5244943680446B1EB132F2F
:10D5F000DAB23DD1032A03D16FF0840003B0F0BD4D
:10D60000466901A9F5B2284606F098FE0028F5D132
:10D6100021466A46019806F066FE044610BB009F4C
:10D62000A74218D89DF8043007F0070223F01F0323
:10D6300043EA820301A88DF804308DF80560FFF7F6
:10D64000BFFF3946284606F094FE70B903B0BDE826
:10D65000F04006F0A6BE6019FFF706FC0028CBD10B
:10D660000134DCE76FF09800C8E76FF09200C5E77F
:10D670006FF08B00C2E700BF4B4E80002DE9F04FEA
:10D6800089B005460E4617461C4606F08AFE00285D
:10D6900040F030816B690090C3F3013262F30510F2
:10D6A0008DF8000010F0300008D1A968890710D06B
:10D6B0006FF08608404609B0BDE8F08F102808D109
:10D6C000BDF8023023F4F87343F4A873ADF80230C8
:10D6D00089E0E96801F0FE4CBCF1A06F0BD0DFF8E7
:10D6E0004CC261450AD0DFF848C2614515D0DFF869
:10D6F00044C261450ED0DBB2F82B07E01421009B39
:10D7000061F3933300932B88B3F5105F1BD06FF058
:10D710008508CFE72421009BF2E7AB685B04F6D5D0
:10D720002B8803F44F41B1F5824F02D0B1F5884FF9
:10D73000EDD1DBB2122B01D0412BE8D13821009B77
:10D7400061F39333009300234FF0010B9846194681
:10D750009C46D5F808E0DFF8E09159F804AB1EEAE2
:10D760000A0F08D00BFA0CF343EA080303F07F0812
:10D77000012341EA0A010CF1010CBCF1070FECD1C5
:10D780002BB19DF8033068F347038DF803303EEA70
:10D790000101BCD16B88FF2B39D005D8802B38D044
:10D7A000C02BB4D1022306E0B3F5807F33D0B3F5AC
:10D7B000C07FACD106239DF8021063F306118DF8EB
:10D7C000021018B91EF0030F7FF472AF2B79022BF1
:10D7D0002ED022D8012B7FF46BAFBDF8021063F37B
:10D7E000C811ADF80210012A3AD0032A25D0002A28
:10D7F0007FF45EAF2B88B3F5105F88D1182C04D06E
:10D80000202C02D0102C7FF453AF4C4D2CE003237E
:10D81000D1E70123CFE70423CDE7032B02D0FF2B71
:10D820007FF446AF0221BDF8023061F3C8134DE723
:10D83000BDF8023043F4C07348E7202C05D006D869
:10D84000102C02D0182C7FF433AF3D4D0CE024F0A7
:10D850002003412B01D0302CF5E70137013CF4E7E0
:10D86000302C7FF425AF374D4FF000080F344FEACE
:10D87000141906EB080006F0A2FB002852D008F1AC
:10D880000108C145F5D11F2C2ED11C22002101A871
:10D8900007F061FC4FF0000B4FF0FF3A05EB0B1265
:10D8A0004FEA0B130692BBF1000F26D1009A0792A4
:10D8B000BDF802203B44C2F3C11205920DF1040CE5
:10D8C00003F1100E624618685968083303C27345A5
:10D8D0009446F7D101A906EB0B00FFF7A7FA8046A3
:10D8E00070B106F05EFD05E04946304606F041FDA8
:10D8F0000028CAD06FF09208DCE6CDF81CA0D7E76C
:10D900001C2101A80BF1010B07F099FBD945C5D1EA
:10D910001F2C3FF4CFAEBA20FFF7B4FA00283FF433
:10D92000C9AEE7E76FF08A08C4E600BF00444004D0
:10D93000000002090002C003007B02004000815188
:10D94000000000201084045010B590B01C2200216B
:10D9500001A807F000FCF82006F031FB00B32022FC
:10D9600000200DEB0201FFF793FB0446F0B94FF4E2
:10D970008071104A104B01A8CDE901230F4BCDE96E
:10D9800003130F4BF821069320230DEB0302FFF73F
:10D9900075FE202104460DEB010007F050FB05E069
:10D9A000F92006F00CFB0028D9D10446204610B01F
:10D9B00010BD00BF00240001014B4E800010C004C8
:10D9C000F800FF7F73B5C5B20E46284601A914467C
:10D9D00006F0B4FC88B9BDF80630C3F3C113013BAF
:10D9E000DBB2022B8FBF6FF08600054AD25C054B7D
:10D9F0009EBF13433360C4E9005002B070BD00BF46
:10DA0000A8870200004B4E802DE9FF41884601A9FE
:10DA1000064614461D460A9F06F090FC48B9B6F12A
:10DA2000F80348F1FF38022B78F1000804D26FF0B8
:10DA3000860004B0BDE8F08106F0B3FC002861D197
:10DA4000002CF4D09DF8041011F00F0240F0C380B8
:10DA5000BDF80630C3F3C113013BDBB2022B00F269
:10DA6000BD80634801F03008C05C624BB8F1100F14
:10DA700043EA000363602AD15F4B2360204602A97A
:10DA8000FFF732FA0028D4D1029BBB4200F2AC80EF
:10DA900044F2121221880198914204BF042205F831
:10DAA000012B0B9A214613609DF804302A78C3F3AA
:10DAB000011363F301022A7003AA08BF07F1FF37BD
:10DAC00006F011FC002870D06FF09800B1E7134603
:10DAD0009DF807C0DFF824E14FEA5C00A8B9D00444
:10DAE00054BF134642F48063990448BF43F4006373
:10DAF000A360019BC3F38533242B35D0382B0ED084
:10DB0000142B35D06FF0920093E7C10704D5062B94
:10DB100067D85EF823100A4340080133DEE747F276
:10DB2000121347F2411C9DF8060000F070003028E7
:10DB300008BF63463248E0609DF806002380C0F3CA
:10DB4000021001380528BFD80FF2040C5CF820F051
:10DB5000A7DB010079DB010097DB01009BDB010003
:10DB6000C9DA0100A1DB01004FF410532548E2E7B8
:10DB70004FF410532448DEE7C0206080B8F1000F56
:10DB80007FF47CAFB3F5105F02D193073FF476AF1B
:10DB90006FF096004DE7FF20EFE74FF48070ECE761
:10DBA0004FF4C070E9E78020E7E72B78039A6E70A6
:10DBB00062F384032B70238803F44F42B2F5824F43
:10DBC00004D139462846FFF7D5FC32E7B3F5885F24
:10DBD0007FF42FAFF5E76FF088002AE76FF0910030
:10DBE00027E76FF0830024E76FF0890021E700BF8B
:10DBF000A8870200004B4E8001108001007B0200CC
:10DC0000000002090002C003004440042DE9F0476F
:10DC10000688174606F44F4286B0B2F5824F994601
:10DC2000DDE911A3884602D0B2F5884F1DD1F6B2C6
:10DC30000024224D41881D4023F0004323F47F033C
:10DC4000B3F1106FCAF800401D4B45F010650ED1BE
:10DC50009D420ED1038823F0FF03B3F5E24F0ED0AF
:10DC60006FF0860006B0BDE8F0870026E0E79D4231
:10DC700002D0144B9D42F3D16FF08500F2E730469D
:10DC800005AA00F06DFBB8B9059B5B68BB42E7D104
:10DC9000304600F0A5FB0028EED0109B3A460293D8
:10DCA0000F9B414601930E9B05980093CDF80CA065
:10DCB0004B4600F0C1FCD5E72046D3E70000FFF655
:10DCC000000002090000010937B54FF48074019487
:10DCD000214C41F00051A16140F6110143F0005385
:10DCE000A3622123E16104F120016161012122622B
:10DCF000E362069A194B01AD1A60079A256042F05B
:10DD000000521125C3E901122022DFF854C020611E
:10DD1000C4E902C504F1100565606162DA60BFF311
:10DD20005F8F4FF0A3421460BFF35F8FBFF35F8F2D
:10DD30001361BFF35F8FBFF35F8F03235363BFF3A1
:10DD40005F8FBFF35F8F9363BFF35F8F06F0F3FBCB
:10DD5000431CFBD003B030BD644800205448002071
:10DD60000400002038B504460D4619B10A688B68D6
:10DD70001AB953B96FF0210029E033B94B6823F089
:10DD80000802102A01D0202B36D12561EB68D3B9C7
:10DD90001B4B04F17801236001236360AB6804F13D
:10DDA00014009A069B01DBB202F0E0421A4342F4EF
:10DDB0008032112300F026F8AB684BB1002010230D
:10DDC000C4E9020303E0686998470028E0D038BD41
:10DDD0002A68A3691A606B68A26943F000539360D4
:10DDE0002268A36992699268DA60A3691033A3611B
:10DDF000636801336360E1E76FF04100E7E700BF6C
:10DE00001C7B0200026100F11402826000F110022A
:10DE10004160C2600A604268034991604268D36011
:10DE2000436810334360704704000020BFF35F8FE6
:10DE3000094A1368BFF35F8F43F48071BFF35F8FAC
:10DE40001160BFF35F8F23F48073BFF35F8F1360A4
:10DE5000BFF35F8F704700BF0010805108B5FFF718
:10DE6000E5FFBFF35F8F064A1368BFF35F8F43F090
:10DE70000103BFF35F8F1360BFF35F8F08BD00BF67
:10DE80000010805170B50026C0E9006605460C46BA
:10DE9000FEF7A6FE01232B70FFF7C8FFBFF35F8FCD
:10DEA000204BDB68BFF35F8F9B08013BACB322685C
:10DEB00042B19A4205D9FEF7B3FE6FF03F002E70D3
:10DEC00070BD1346D4E90115E068002908BF4FF47E
:10DED0000071002808BFF1202469BFF35F8F114A49
:10DEE0009360BFF35F8FBFF35F8F1564BFF35F8FE6
:10DEF000BFF35F8F5064BFF35F8FBFF35F8F5163DA
:10DF0000BFF35F8F44F4802444F00104BFF35F8FBC
:10DF10001460BFF35F8F0020D2E74FF40071F1204F
:10DF20002546DAE70010805170B503780D46144697
:10DF3000002B52D0BFF35F8F2C4A136BBFF35F8F60
:10DF400003F00E010A294BD013F00C0F02D14FF051
:10DF5000FF3070BD4368D3B9BFF35F8F5368BFF321
:10DF60005F8F032BF3D9224B2249BFF35F8FD2F887
:10DF70008060BFF35F8FBFF35F8F43F8046BBFF325
:10DF80005F8F8B42F1D1FFF769FF01234360BFF33D
:10DF90005F8F164B9A68BFF35F8F0132B4EB021F9D
:10DFA00021D8BFF35F8F5A68BFF35F8FB4EB820F46
:10DFB000CDD884B1BFF35F8FD3F88020BFF35F8FDC
:10DFC000291D05F8012BA9424FEA122204F1FF3462
:10DFD000EFD0002CF5D10020BBE76FF02000B8E7B0
:10DFE0006FF05100B5E76FF03F00B2E700108051CD
:10DFF000101080512010805110B5044608B10378EC
:10E0000043B1FEF70DFE044B186806F0CFFF0CB1CC
:10E010000023237010BD00BF0C06002073B50D4611
:10E020000646FEF7DDFD15F0010509D001A800F058
:10E0300073F9044620B1FEF7F3FD204602B070BD2F
:10E04000184B186806F0ACFF0EB101233370BFF314
:10E050005F8F4FF0A3430022DA61BFF35F8FBFF3FE
:10E060005F8F4FF0FF321A63BFF35F8FBFF35F8F95
:10E070003422DA61BFF35F8F01220B4BC3F8042314
:10E0800075B1019806F041FD042104460DEB010035
:10E0900006F0D5FF002CD0D03046FFF7ADFFCCE71F
:10E0A0002C46CAE70C0600200080045038B5164CF8
:10E0B000D4F80051C5B1BFF35F8F4FF0A343996A05
:10E0C000BFF35F8FBFF35F8F4FF0FF321A63BFF371
:10E0D0005F8F0023C4F80031D4F800310B4B18686F
:10E0E000BDE8384006F075BFD4F8083153B100F0F0
:10E0F000A9F806F0D8FBC4F80851D4F8083101217A
:10E10000034BECE738BD00BF00800450140600202C
:10E110001006002008B5074B186806F049FF064BAB
:10E12000186806F045FFBDE8084000224820114667
:10E13000F3F76EBF140600201006002038B5094B17
:10E140001C7864B1084B4FF0FF311D68284606F07B
:10E1500031FF4FF0FF310446284606F038FF2046D5
:10E1600038BD00BF554E00201406002038B5074BBF
:10E170004FF0FF311D68284606F01CFF04464FF0A3
:10E18000FF31284606F023FF204638BD1006002048
:10E1900010B5064CE36C3BB9214651F84C3B9869ED
:10E1A00006F09EFB0123E364014810BD9448002063
:10E1B000E048002010B50A4B0A4C236003F5C04329
:10E1C00063602461FFF7E4FF236D0020B3F5007F57
:10E1D000CCBF4FF480634FF40073A36010BD00BF49
:10E1E000002080519448002010B50446114B186857
:10E1F00006F0D6FE104B1A68236122605A686260EE
:10E200009A68A2600D4A12689A660023A364FEF71A
:10E21000E7FC04220A4BC3F80423204606F034FB33
:10E2200020B9204606F035FB00B910BDFFF79EFF70
:10E23000F3E700BF1806002094480020487B020046
:10E24000008004500048704794480020042210B514
:10E250000446084BC3F80823FEF7E2FC064A23698C
:10E2600012689A6600236364044BBDE81040186886
:10E2700006F09CBE00800450487B02001806002077
:10E28000244B0340B3F5806F30D016DC402B2FD0E9
:10E2900008DC102B2ED0202B2ED0181E18BF0120EA
:10E2A00040007047B3F5807F28D0B3F5007F27D0BA
:10E2B000802B14BF02200B207047B3F5804F21D074
:10E2C0000BDCB3F5805F1FD0B3F5005F1ED0B3F554
:10E2D000006F14BF022006207047B3F5004F17D01F
:10E2E000B3F5803F14BF0220032070471120704710
:10E2F0000A2070470C20704709207047082070479B
:10E30000072070471420704705207047042070478D
:10E310000F207047F0FF010070B50E4D0E4E044601
:10E32000286806F03DFE306828B980220B49FEF7C8
:10E33000AFFE60B92020094A013852F82020306031
:10E3400022600024286806F031FE204670BD0224B9
:10E35000F8E700BF1C060020004900200449002007
:10E3600012281BD0A0F11203302B2DD826280DD84F
:10E370001738C3B20B2B27D81648184100F00100FC
:10E38000C0F1FF2000F57F007A3070472738C3B214
:10E390001148D84000F0010087387047B1F5807F00
:10E3A0000ED006D8E02914BF6FF086006FF085000C
:10E3B0007047B1F5C07F0AD040F209239942F2E7D5
:10E3C000064B0020136070476FF0860070476FF0B7
:10E3D00085007047EEF7FFFF1102000CDC7C0200A5
:10E3E000A0F11203DBB21E2B9DBF0348D84000F002
:10E3F00001000020704700BF2102214270B5044691
:10E40000A4B0466811A80D46FFF7EEFE174B11A801
:10E41000196806F05FFA21466B46002211A806F043
:10E42000C4FC044680B911A806F063FCDDE90012C3
:10E430000346284606F0C9FB11A806F019FD11A8ED
:10E4400006F039FA044648B111A8FFF7FFFE20464E
:10E4500005F023FD0446204624B070BD11A8FFF747
:10E46000F5FE3146684606F0EAFDF4E7EC7C020072
:10E4700070B5D51D1C78ED080646042C08461146DB
:10E480004FEA450286B002F101021DD10A9C944276
:10E490001AD1104C104A344044F0106494424FF0AA
:10E4A000000414D15A1CCDE902526A1C134401AA7B
:10E4B000CDE904530194FFF753FF18B9019802A95D
:10E4C000FFF79CFF06B070BD6FF08600FAE72046AC
:10E4D000F8E700BF0000FFF6000002092DE9F04157
:10E4E000038803F44F44B4F5824F02D0B4F5884F4B
:10E4F00022D1DEB2C56803F4E0401F4B00241F4662
:10E5000093F800C0B4451BD1D2F80080B0F5804F1D
:10E510000CBFD3F80CC0D3F808C0D3F804E0B8F1AE
:10E52000000F0BD18C4509D1C2F800E08C450DD00D
:10E530006FF08600BDE8F0810026DBE7F045F5D0FE
:10E540000134132C03F11403DAD1F1E7142303FB94
:10E5500004773B7C13B96FF08500EBE7422E09D1BD
:10E56000064B9D4206D003F20B139D4202D00A33A4
:10E570009D42DDD10020DDE7607B0200000800063F
:10E580002DE9F34105881F4605F44F43B3F5824F4B
:10E590000E468046418802D0B3F5884F1BD1EDB2BC
:10E5A000422D3DD8402D13D8A5F11203DBB21E2B0E
:10E5B00036D81E4A42FA03F3DA0731D4CC1DE408F8
:10E5C00064000134089BA34207D26FF0890024E065
:10E5D000CC1DE408F6E700242546284601AAFFF7EB
:10E5E000BFFED0B9D8F80420114BB3EB122F19D0CD
:10E5F000123DEDB21E2D15D80E4BEB40DB0711D5A9
:10E6000039460423019A01F8013B304600F0A6F890
:10E6100005F043FC08B9099B1C6002B0BDE8F0811D
:10E620000024DAE76FF08500F7E700BFDEFFFFBFE9
:10E63000004E8000210000402DE9F0411546C4B095
:10E6400003AC1E460DF104080FABC8E90021C4E974
:10E650000132226020AB10220746002107A8E360A8
:10E6600006F079FD4A9A6B0001339A426DD13378F6
:10E67000042B6AD14C9B9D426AD8731CCDE9075389
:10E680006B1C1E44384607A9CDE90956FFF7B6FEB4
:10E690000546002855D131A8FFF7A6FD2E4B31A81D
:10E6A000196806F017F90A26002239460BAB31A883
:10E6B00006F07BFB0546002834D131A806F019FB93
:10E6C000054602460B99404606F056FADDE90C1263
:10E6D0002B4607A806F079FA31A806F0C9FB31A845
:10E6E00006F0E9F80546E8B9013EDDD131A806F0AB
:10E6F0003DFB064631A806F0FCFA23460246D6E961
:10E70000000106F052FA636822680C93A3684B99E3
:10E710000D93E3680BA80B920E9306F02DFA4D9B18
:10E720000B9A1A60D4E9001006F089FCD4E90210B3
:10E7300006F085FC284605F0B0FB054631A8FFF73A
:10E7400085FD284644B0BDE8F0816FF08605F8E706
:10E750006FF08905F5E700BF047D02002DE9F04761
:10E7600096B0814603A80E4615465768FFF73CFD54
:10E77000254B03A8D3F800A04FF00008514606F03F
:10E78000A9F86B460022294603A806F00EFB0446B2
:10E7900018B103A8FFF75AFD21E03A464946009810
:10E7A00006F03EFADDE90123294603A806F0CCFA7B
:10E7B00003A806F05DFB03A806F07DF806280446D2
:10E7C00011D108F10108B8F10A0F04D0514603A88D
:10E7D00006F080F8D5E703A8FFF738FD6A24204645
:10E7E00016B0BDE8F0870028D3D103A806F0BEFA22
:10E7F00005463A460168304606F0A0FC3A4669688C
:10E80000F01906F09BFCC4E7047D020073B50446D2
:10E81000EFF31186402383F31288BFF36F8F836871
:10E82000594003EA02050A40534000220093094977
:10E830006B46019204F035FFDDE9003223EA020362
:10E8400004F10C003146A36004F096FE284602B0A5
:10E8500070BD00BFDD500200F8B50E4B06461D68C6
:10E86000AB789B0712D56F6816F8014B29462CB977
:10E870000A20B847002805DB204609E02046B847B3
:10E880000028F1DAAB7843F00403AB704FF0FF30AF
:10E89000F8BD00BF946302002DE9F04F43688BB0D0
:10E8A00080469246009383789C0740F1F9800025CA
:10E8B0000878002800F0F68025280AD04B1C019328
:10E8C00001354146009B98470028C0F2E38001993A
:10E8D000EEE74E788B1C252E0193F1D000270A22FB
:10E8E000B9463C461F2C22D8A6F12003102B20D875
:10E8F000DFE803F0141F1F1A1F1F1F0B1F1F1F121B
:10E900001F171F1F090044F00104019B13F8016B3E
:10E910000193002EE6D13AE044F0020444F00404EE
:10E92000F3E744F00804F0E744F01004EDE77F2C2F
:10E9300024D8A6F13003092B08D860064EBF02FB8D
:10E94000073744F0200402FB0939DEE72A2E0DD1F7
:10E9500061065AF8043B53D4002BA7BF44F02004AF
:10E960009946C3F1000944F02804CEE72E2E05D1C4
:10E97000630600F1978044F04004C6E76C2E2ED069
:10E9800028D8682E32D06A2E37D04C2E35D0002FA2
:10E9900046F02003B8BF24F04004A3F16502BCBFD9
:10E9A0000027A4B2022A01D9612B2BD10AF1070A50
:10E9B00007279D4E2AF0070A0AF1080A210760D5A9
:10E9C00006EB070B34465C455DD1AE1BA9EB07098E
:10E9D000A21959E1742E98D07A2E96D0D7E7260640
:10E9E00048BF44F4007444F080048EE7E00548BF5B
:10E9F00044F4007444F4807487E744F4207484E79A
:10EA00001F4682E7A6F16302122A00F2D880DFE8EF
:10EA100012F013004D00D600D600D600D6004D00EF
:10EA2000D600D600D600D600D600E800D100D60029
:10EA3000D6001A00D600A0005AF8043B012704AE05
:10EA40008DF81030BAE75AF8046B784B002E08BFE7
:10EA50001E4614F0400F304614BF39464FF0FF31C8
:10EA600006F0ABFB0746A9E741462020009B9847EC
:10EA700000280FDB013CA742F6D34D44A1462D1BD5
:10EA80009EE74C46F7E7414614F8010B009B984778
:10EA9000002898DA98F8023043F0040388F802302E
:10EAA0004FF0FF3528460BB0BDE8F08F220630D579
:10EAB000A3052AD50AF1070A2AF007039A465968DE
:10EAC0005AF8080B24F0100B00291FFA8BFB2FDAE1
:10EAD00040424BF4806B61EB410104AC0A232246B7
:10EAE00006F077FB1BF0400FA0EB040200F08E80D5
:10EAF0002BF001049742A4B240F38F80002E40F027
:10EB00008E802BF01104A4B21DE05AF8040BC1173B
:10EB1000D8E7E0055AF8041B01D40846F7E7A20538
:10EB200047BF48B241F3C01108B241F3C031C9E751
:10EB300050EA0103D1D16306CFD5002FCDD124F007
:10EB400011043A46A4B23B4640F206410C4262D15F
:10EB500024E024F010040A23A4B214F0800243D06D
:10EB600014F4007117BF0AF1070A5AF8040B2AF0CF
:10EB7000070292461CBF51685AF8080B50EA01027E
:10EB80003ED124F0160B62061FFA8BFB3CD5002FFA
:10EB90003AD124F017043A463B46A4B221075AD48E
:10EBA000E10705D5994572DDA9EB03039F184B4694
:10EBB0009B464AE044F0100410237826CDE7782BDA
:10EBC00004D1C6F1780343F01003C6E7414625207F
:10EBD000009B98470028FFF65DAF0235414630465E
:10EBE00070E608230026B8E714F480715AF8040B85
:10EBF000C4D014F400711ABFC0B2114680B2BDE790
:10EC000024F006041FFA84FB04AC68E713465C4654
:10EC1000E10699D52EB90133C0E71346F8E73B4624
:10EC2000F6E70233BAE700BF538602004C860200C3
:10EC3000CDE9023241462020009B98470028FFF68C
:10EC400029AF0BF1010BDDE90232D945F0DCEB1AFB
:10EC500003EB0B055B46E10627D541463020CDE9A5
:10EC60000232009B98470028FFF614AFDDE902321C
:10EC70007EB901352F44791B8A4229DB144604AE44
:10EC800094BB2A44A9EB03091546914440E017467A
:10EC90008EE7023541463046CDE90232009B984767
:10ECA0000028DDE90232E5DAF4E640F206410C42E2
:10ECB000E0D014F0020F05F10105414614BF2B20EE
:10ECC000202014F4806FCDE9023218BF2D20E5E733
:10ECD000CDE902324146009B30200135984700289B
:10ECE000DDE90232C7DAD5E6013C4146CDE9023220
:10ECF000305D009B98470028DDE90232C0DAC9E6A2
:10ED000041462020009B013598470028FFF6C2AEFF
:10ED1000A9EB0503002BF3DCD9E500BF38B5044CA3
:10ED2000044DAC4200D138BD54F8043D9847F8E793
:10ED30000000000000000000704700EBC1004088A8
:10ED400040087047F8B50346FFF7F7FFB0FA80F0C8
:10ED5000C0F11F0003EB800CDCF81060CA00171D27
:10ED60000C4606328DB256B9012101FA00F0D9687D
:10ED70000143D960CCF81040DD539D52F8BDF1003D
:10ED80000431585AD85303EBC0009E52C5805D52DF
:10ED9000F4E710B500EBC104E388994202F10401E5
:10EDA0000AD1012303FA02F2C36823EA0203C36013
:10EDB000002340F8213010BDA28840F8213000EB3C
:10EDC000C20100EBC300CB808280F4E708B50346A4
:10EDD000FFF7B3FFB0FA80F21846BDE80840C2F171
:10EDE0001F02FFF7D6BF2DE9F843B1FA81F3C3F153
:10EDF0001F0200EB8209D9F8107006460D4687B94C
:10EE00004FF0FF34C3F120039C40F3681C4014D042
:10EE100094FAA4F2B2FA82F2131D56F82340214666
:10EE200008E03C464FF0030821463046FFF785FFD7
:10EE3000A84205D33046FFF7ACFF2046BDE8F88373
:10EE400006EBC404E488B8F10108C9F81040D7D033
:10EE5000A742E9D1D4E738B50446FFF76EFF0D4667
:10EE6000034611462046FFF768FF03449BB204EBBC
:10EE7000C5055A0020466A80FFF75FFF014424F869
:10EE8000313038BD70B50B460446FFF756FF04EB32
:10EE9000C305511A9B1A89B203444E009BB26E807F
:10EEA00004EBC2005D00458024F832102046114674
:10EEB000FFF743FF014424F8313070BDF8B5002955
:10EEC00051D004680D1F2D1BEE0825F007056219AF
:10EED000538813F0010306D183F31188BFF36F8FBA
:10EEE0000423184602DF31462046FFF726FF304450
:10EEF00034F83030C01A864207D0002383F31188DB
:10EF0000BFF36F8F0423184602DF5388314623F086
:10EF1000010353802046FFF710FF371804EBC703A7
:10EF20005B88DA0708D439462046FFF74FFF3A4698
:10EF300031462046FFF78FFF655B751B04EBC50369
:10EF40005B88DB0709D429462046FFF73FFF32469E
:10EF500029462046FFF77FFF2E4631462046BDE872
:10EF6000F840FFF7EFBEF8BD70B509B9002070BDDD
:10EF7000056801F007030B33CC0804EBD304AB683E
:10EF800028469C4228BF1C462146FFF72CFF064618
:10EF90000028EBD001462846FFF7CFFEA04207D954
:10EFA00028463219FFF76EFF11462846FFF7CAFEC2
:10EFB00005EBC60210465388043043F0010353802A
:10EFC000D5E71146FFF7D0BF043A2DE9F843CC1D31
:10EFD000114424F0070421F00706A6EB04084FEAC9
:10EFE000D807B7FA87F24FF00009C2F12405AD0047
:10EFF0000735C2F12002ED0804604946A760C4F855
:10F000000C90920004F1100006F0A5F8AAB253008B
:10F0100043F0010363807B1B9BB204EBC5015800E6
:10F02000A4F80090488024F83520A6F8029024F82F
:10F03000083004EBC7035A88294642F001025A807F
:10F040002046BDE8F843FFF77DBE002070470FB4AF
:10F0500007B504A951F8040B0191F2F78BFB03B03B
:10F060005DF804EB04B070470FB407B504A951F87C
:10F07000040B0191F2F77EFB03B05DF804EB04B0E2
:10F080007047038B13F0070306D10368002B18BFEA
:10F09000032008BF00207047022B05D1408BB0FA37
:10F0A00080F0400980007047012B04D10368002BD9
:10F0B00018BF0520EDE70020704710B50C4600B1E1
:10F0C00011B96FF0150010BD081D00F087F8002879
:10F0D000F9D1A368032BF6D9F3E72DE9F0410D46EA
:10F0E00007461946281D90461E4600F088F804463B
:10F0F00038B13346424629463846A446BDE8F04179
:10F100006047BDE8F08110B4EFF31182402484F32E
:10F110001288BFF36F8F416110BC0121F2F75CBB15
:10F1200038B50C46054658B151B10B6843B14B6830
:10F1300033B11C22002106F00EF800202C6138BDEE
:10F140006FF01500FBE7F8B504460E46FFF7B5FF74
:10F15000051E3BDBEFF31182402383F31288BFF3DC
:10F160006F8F4FF6FF71638B278B8B4207F007077A
:10F170002ED0062F2FD8DFE807F0182E082E1804FF
:10F1800018006FF08505002303E001336383022537
:10F19000012382F31188BFF36F8FBBB100233A467E
:10F1A00031462046FFF799FF10E000233360636883
:10F1B00023B9C4E9006627B13D46E4E71E606660F6
:10F1C000F9E702212046F2F707FB3D462846F8BD45
:10F1D0006FF00A05D7E76FF00405D4E7034658B18E
:10F1E000426802F00302012A03D0032A04D1026814
:10F1F00012B10020986070476FF0150070474268A8
:10F20000034602F00302032A4FF00002816014BF9C
:10F21000104600685A607047704710B54FF0281CC0
:10F220004FF0C87486B0CDE904C40824029404AC3D
:10F230000194BDF82040009402F065FB06B010BDBB
:10F24000F0B587B01F4604460D46164600F09AFCFE
:10F25000022302930DF116030193BDF83030ADF88F
:10F260001600009332463B462946204602F04BFBEF
:10F2700007B0F0BD2DE9FF411F460D461646044676
:10F28000F3F7C0FE8046F1F7FEFCBDF8283080B2EF
:10F29000CDE90180009332463B462946204602F0E4
:10F2A00032FB04B0BDE8F08105F055BF05F046BF64
:10F2B00001460068F2F7C0BB08B5F2F7EDFBBDE808
:10F2C0000840F2F723BF00210120F2F7B5BB836E9F
:10F2D00083F30B8870476FF08500704761B662B6A4
:10F2E00080F31188BFF36F8F704772B6002383F3EA
:10F2F0001188BFF36F8FBFF34F8F30BF62B6BFF37C
:10F300006F8F704772B6002383F31188BFF36F8F3E
:10F31000BFF34F8F20BF80F31188BFF36F8F62B6AA
:10F32000704740E800F313F4803FD8B208BF6FF095
:10F330001500704730B50C684B6885B00A894D8957
:10F340000094013B24F01F04234402F01F0242EA10
:10F35000451223F01F0369468DF808200393F2F746
:10F3600089FF05B030BD08B5F3F780F908B5F3F7AC
:10F3700069F9002008BD7047002303824369C36018
:10F380007047C1698968F3F7D7B9EFF31182402359
:10F3900083F31288BFF36F8F00230B60436833B988
:10F3A000C0E9001182F31188BFF36F8F70471960B5
:10F3B0004160F7E7034610B5EFF31181402282F375
:10F3C0001288BFF36F8F006828B15C680268A042A2
:10F3D0001A6008BF5A6081F31188BFF36F8F10BDA8
:10F3E000027A013202727047034618465B68002BAE
:10F3F000FBD17047426810B52AB10B461C465B68CA
:10F40000002BFBD16260416010BD10B5044620B9ED
:10F4100008460B7A01330B7210BD034618465B6831
:10F42000002BFBD1FFF7E6FF2046F5E783680B448E
:10F430000360704703680B6043684B6083688B60B0
:10F4400070478388026819448180D018704730B4AF
:10F4500084880568A3188380281930BC05F06EBE27
:10F4600010B5838802685C1C8480D154D01810BD0C
:10F47000034600689A88401A1144186099807047C2
:10F480000268531E036083880133838002F8011CE5
:10F49000704703468288521A8280006808441860C8
:10F4A0007047034600689A88521A01449A8019608E
:10F4B000704710B5036801211C78FFF7EAFF20466A
:10F4C00010BD10B5036802211C88FFF7E2FF20463B
:10F4D00010BD7FB5064614460A888B78ADF800202B
:10F4E00000210D220DF103008DF8023005F033FEEE
:10F4F0006A466946304603F074FA28B9BDF8002020
:10F500009DF802302280A37004B070BD13B50C4684
:10F5100001AA0331FFF7DDFF48B90322204601A904
:10F5200005F028FEB0FA80F0400902B010BD0020BE
:10F53000FBE710B50C460178227888B08A420ED0DD
:10F540006946F3F76FFA204604A9F3F76BFA102225
:10F5500068460DEB020105F00DFE08B010BD012A52
:10F5600006D0022A07D072B940886388C01AF4E72F
:10F5700040686368FAE71022611C013008B0BDE8FA
:10F58000104005F0F7BD6FF01500E6E7042A0AD039
:10F59000102A0DD0022A4FF0000315D103700B88FA
:10F5A000438001207047012303700B684360F8E734
:10F5B000022300F8013B01F1100351F8042B99429A
:10F5C00040F8042BF9D1ECE718467047012310B539
:10F5D0000621044600F8013BFAF76AF818B9A37946
:10F5E00063F03F03A37110BD0B6803608B888380B9
:10F5F0008B798371037823F00203037070470078DE
:10F60000C0F34000704738B50446807AF3F76AF8D3
:10F610006169054649B1637ADB0704D4C3692046B2
:10F620001B689B6898470023636121462846BDE814
:10F63000384003F0F3BD2DE9F0410C46174605466E
:10F6400001F10C0800F10C0140461E46FFF7F2FEE6
:10F650006269E36839469B1A13FA87F36B820123C8
:10F6600040466B722F82FFF714FFE36828467360F1
:10F670000023628AE360728163823460BDE8F081B6
:10F6800038B50C46D1E900320546DA600B684A8984
:10F690005A820868F3F7CEF820461022002105F0C0
:10F6A0005AFD2846BDE83840FFF7ADBF438A23B96D
:10F6B000C068B0FA80F0400970470020704770477A
:10F6C000D0F8A03083B15A7CD1070DD5D2060DD524
:10F6D0001B7C102B0CBF042303234372807A9842B7
:10F6E0008CBF0020012070470223F6E70323F4E7D4
:10F6F0000F2806D80D280BD8052814BF0220032098
:10F700007047132804D01A2814BF02200120704724
:10F710000120704738B5C3681D7875B90F21B3F85B
:10F720000100F5F729F8044638B12946F4F790FFAF
:10F730002046BDE83840F4F73FBF38BD034610B55A
:10F74000D3E8EF0F40EA0102C3E8E42F002CF7D121
:10F7500010BD01210C30FFF7A4BE37B5C4680121EC
:10F76000B4F80100F5F708F80546D0B123788DF814
:10F7700000307BB9A3798DF80430B4F80730ADF8C8
:10F7800006302379627943EA0223ADF80230E37848
:10F790008DF8013028466946F5F7CAFB2846F4F78C
:10F7A0000BFF03B030BD37B5C4680121B4F80100C8
:10F7B000F4F7E2FF054698B123788DF8003043B99D
:10F7C000E37805348DF8013014F8013C01948DF88C
:10F7D000023028466946F5F789FB2846F4F7ECFE27
:10F7E00003B030BD70B5C56801212888F4F7C4FFA7
:10F7F000044690B16E88EA88A9882B89A0F8A66093
:10F80000A0F8A810A0F8AA20A0F8AC30F5F7BAF933
:10F810002046BDE87040F4F7CFBE70BD37B5C5686F
:10F820000121B5F80100F4F7A7FF044688B32B784F
:10F830001A2B19D1C378012B27D14FF48041043002
:10F84000FFF77CFF43040FD4D4F88C306946009353
:10F85000D4F894302046019301F03DF8204603B0DF
:10F86000BDE83040F4F7A8BE2B7873B940F2E2420D
:10F87000B5F803305343C4F88830B5F80530A4F820
:10F880009030B5F80730A4F892302046F5F72EF9FD
:10F89000E4E703B030BD38B5C5680121B5F8010013
:10F8A000F4F76AFF044698B12B783BB9D5F80330DA
:10F8B000C0F89830D5F80730C0F89C30201D4FF4C0
:10F8C0008031FFF73BFF2046BDE83840F4F774BEB7
:10F8D00038BD30B40446084602EBC3039A4201D156
:10F8E00030BC7047114611F8085BA54206D1018A69
:10F8F00053789942F4D330BC536818470A46EDE771
:10F90000D0E8EF3F0B40C0E8E23F002AF8D1704753
:10F9100010B5F4F77BF96FF480711030FFF7F0FF4A
:10F920000020F3F749F9044648B13C230021037352
:10F93000F4F78EFE2046BDE81040F4F73DBE10BD42
:10F940002DE9F047D0F80C80028A98F800309B002F
:10F95000013393423DD9BDE8F08708EB86030F21C0
:10F96000B3F80100B3F80370F4F706FF044628B1BA
:10F9700000F1C80947B92046F4F71EFE013698F891
:10F9800000309E42E9DBE6E76569002DF3D0A2690D
:10F990002B6895422046636108BFA361F4F7AEFD72
:10F9A000FAF792FEC5F800A0236A7BB9C4E90755AF
:10F9B000D9E8EF3F013BC9E8E23F002AF8D1002136
:10F9C0002046013FF4F7A6FDBFB2D3E71D602562D4
:10F9D000EEE70026B246D2E710B5F4F717F9044671
:10F9E0006FF480711030FFF78BFF2046BDE81040A8
:10F9F00000F05EBBC368DB78012B01D1FFF7ECBFE1
:10FA00007047C0F307235370002393701371C1F341
:10FA10000723090C10709171000E090AD070537100
:10FA2000D1717047C368DB78012B01D1FFF7D4BFD8
:10FA3000704738B5C5680121B5F80100F4F79CFEA0
:10FA4000044688B1E878F3F7BBFA84F8A400287973
:10FA5000F3F7B6FA84F8A5002046F5F7B9F8204682
:10FA6000BDE83840F4F7A8BD38BD10B5028843881A
:10FA70009A4218D8052A16D9B3F5486F13D8848846
:10FA8000B4F5FA7F0FD2C18840F67640A1F10A02A0
:10FA900092B2824207D804FB0333B3EB810F34BF29
:10FAA0000120002010BD0020FCE738B5C3680F21FD
:10FAB000B3F801001D78F4F75FFE044638B365B172
:10FAC0002846F3F787FA294602462046F5F712F949
:10FAD0002046BDE83840F4F76FBD8378012B07D18D
:10FAE00002F040FC2046FFF7EBFD002808BF05258B
:10FAF0002846F3F76FFA294602462046F5F7FAF84A
:10FB0000002DE5D00521204600F087FBE0E738BD59
:10FB100070B5C6680F21B6F801003578F4F72CFEF1
:10FB2000044670B34DB12846F3F754FA294602460D
:10FB30002046F5F7DFF8204603E0F378C27A9A42D0
:10FB400003D1BDE87040F4F737BD8278C372012A53
:10FB500008D10BB102F006FC2046FFF7B1FD0028EA
:10FB600008BF05252846F3F735FA29460246204600
:10FB7000F5F7C0F8002DDED00521204600F04DFB42
:10FB8000D9E770BD0020704708B5F8F7E9FA18B159
:10FB9000408A003818BF012008BD70B506460D46E2
:10FBA0004FF0FF304FF0FF31F3F7E2F9044668B150
:10FBB00003210C30FFF745FC068085702146BDE827
:10FBC0007040002240F20640F3F770BA6FF0680010
:10FBD00070BDC06803781BB13C2B03D1FFF798BE02
:10FBE000F3F7ECBA704738B54FF0FF3105464FF0E8
:10FBF000FF30F3F7BDF9044668B102210C30FFF77E
:10FC000020FC2B88214603800022BDE8384042F2C8
:10FC10001600F3F74BBA6FF0680038BDF0B5C56851
:10FC200001212F8887B0B8B2F4F7A6FD064660B36D
:10FC300002ACD5F80220D5F806300194698900910C
:10FC400002F02CFA18B34FF0FF304FF0FF31F3F70A
:10FC50008FF90546B0B112210C30FFF7F2FB0346D5
:10FC6000224623F8027B144603CC596006A98C4235
:10FC70001860224603F10803F5D1294642F21A0022
:10FC8000F3F7CCF93046F4F797FC07B0F0BD4FF02E
:10FC9000FF304FF0FF31F3F76BF904460028F1D045
:10FCA00002210C30FFF7CDFB2146078042F21B00FA
:10FCB000E6E770B506460D464FF0FF304FF0FF31D6
:10FCC000F3F756F9044660B103210C30FFF7B9FB96
:10FCD000068085702146BDE8704042F22100F3F7AE
:10FCE0009DB970BD73B5C368D9789A781E8842EA09
:10FCF0000122ADF8002059791A79B4B242EA012202
:10FD0000ADF80220D9799A79204642EA0122ADF86D
:10FD100004201A7A5B7A012142EA0323ADF8063007
:10FD2000F4F72AFD054628B902212046FFF7C1FF56
:10FD300002B070BD6946F4F771FF38B91E21204644
:10FD4000FFF7B7FF2846F4F737FCF1E74FF0FF3035
:10FD50004FF0FF31F3F70CF904460028F2D00E21E2
:10FD60000C30FFF76EFB00230680C0F80A30BDF8A8
:10FD7000003021464380BDF802308380BDF8043056
:10FD8000C380BDF80630038142F22000F3F746F944
:10FD9000D8E7072208B505F0EDF9B0FA80F0400980
:10FDA00008BD0B6803608B8883808B7983717047F3
:10FDB000D0E8AF0F7047F8B50F46144638BB4FF088
:10FDC000FF304FF0FF31F3F7D3F8054610B327218A
:10FDD0000C30FFF736FB224606463946FFF7E1FFB7
:10FDE000C31D04F1100152F8040B8A4243F8040BBE
:10FDF000F9D11022002106F1170005F0ACF92946CF
:10FE0000BDE8F840002242F22700F3F74FB96FF047
:10FE10001500F8BD6FF06800FBE7037A02465B0748
:10FE200005D501462E3211F8010BFFF7C4BF70470C
:10FE300038B54FF0FF3105464FF0FF30F3F798F833
:10FE4000044658B129460C30FFF70AFB2146BDE8AD
:10FE50003840002242F22D00F3F728B96FF0680015
:10FE600038BD10B400F11003D3E8EF2F22F4005195
:10FE7000C3E8E41F002CF7D1930403D5012110BC83
:10FE800000F014B910BC704770B5044686B00E4639
:10FE900001300131FFF77DFF2E3416220021054687
:10FEA000684605F058F910226946204605F062F9C7
:10FEB00040B11022204606F12E0105F05BF9B0FAA0
:10FEC00080F04009284300F0010006B070BD38B54D
:10FED0004B6805460C4673B90B7A13B9037A5B0776
:10FEE00009D520682A7803789A4204D02946FFF77A
:10FEF000CBFF00B1656038BD00F1100208B50346C4
:10FF00001046FFF755FFC1050DD5D2E8EF0F40F4BD
:10FF10000050C2E8E10F0029F7D11846BDE80840BB
:10FF2000002100F0C3B808BD10B50C4630B919B1B6
:10FF3000F8F7D8F800B1441C204610BD0024FBE7B8
:10FF400018B111B10846F3F76FBB6FF01500704799
:10FF500013B5044680B106216846F9F7A9FB48B9F4
:10FF60009DF80530694603F03F0320468DF80530C3
:10FF7000FFF7E6FF02B010BD6FF01500FAE700389A
:10FF800018BF01207047037AD90704D523F0010375
:10FF90000372F3F7ADBB990704D523F00203037294
:10FFA000F3F730BC7047D0E8AF0F70472DE9F74F3B
:10FFB000884601904FF0FF314FF0FF30F2F7D8FF45
:10FFC0000446002849D020210C30FFF73AFA0027D8
:10FFD00006460021202205F0BEF83946D8F8005028
:10FFE00006F1010BD8F804309F4208D3317000228B
:10FFF0002146019803B0BDE8F04FF3F757B86A788F
:020000022000DC
:10000000881C13181F2B95F800C05FFA80F908D9D7
:10001000BCF1090FC9F11F0217D1002A15DD4FF0FD
:10002000080C5FFA82FA0AF1010E0BF801E00131C7
:10003000C9B20BF801C069685844D14405F07EF894
:1000400001375FFA89F10835CCE72046F2F7F2FB79
:100050006FF0150003B0BDE8F08F6FF06800F9E7AE
:1000600070B506460D464FF0FF304FF0FF3186B0B9
:10007000F2F77EFF0446B0B10C3095B10121FFF7D5
:10008000EFF9204606F1100203A908230095F2F7C4
:100090005DFF0022214642F20A00F3F707F806B09E
:1000A00070BD2946EBE76FF06800F8E7FFF7D8BFAF
:1000B000183003F0A2B9F3F767BF01F1200301384C
:1000C00013F8012D8B4200F8012FF9D1704700235E
:1000D0000B60436813B9C0E90011704719604160B3
:1000E0007047D0F8BC00003818BF012070470846A0
:1000F000896918301160426800211A6010F80D2CCF
:1001000005F029B82438F4F7ADB9002203680BB91B
:10011000184670478B4210D10B6842B942680360A1
:10012000914200D14360002301200B6070471360AF
:100130004368994208BF4260F5E71A461B68E6E744
:1001400010B50446006918B1F2F774FB002323616F
:1001500010BD70B516460D4601210446F4F7DAF9D4
:10016000012E17D0022E17D1236913B12046FFF7B5
:10017000E7FF256121690A8A012A39D9CB681B88E2
:1001800004339BB29A4233D32AD92046BDE870404B
:10019000FFF7D6BF206918B92046FFF7D1FF01E06D
:1001A0002A8A22B92846BDE87040F2F743BB018A8B
:1001B000438A46695B1AC168891B5B1A9A4207D950
:1001C00001460022204600F08EFC00232361E9E76F
:1001D000E9680C30FFF73BF92846F2F72BFBC9E73B
:1001E000002323612046BDE87040012200F07BBC63
:1001F00070BD10B500F1D002D2E8AF3F5BB1591C21
:10020000D2E8EF4F9C4204D1C2E8EC1FBCF1000FD2
:10021000F6D1F1D110BD1846FCE710B5437B04467A
:10022000023B062B16D8DFE803F009041515150B61
:100230000900017300212046F4F70AFA002010BDDE
:100240000088FFF7AAFC0028F9D1637B072BF5D1C2
:100250000821F0E76FF07F00F1E710B50446D0F811
:10026000A00028B9207A04F17001F7F779FF38B1BE
:10027000E278438A2AB903F02100003818BF012030
:1002800010BD03F02400F8E782780346012A06D166
:10029000C07A28B1D3F8A00010B1007C70470020CC
:1002A000704710B583780446012B27D1437B072B79
:1002B00027D10A0601F07F0310D5021DD2E8EF0F07
:1002C00040F40040C2E8E10F0029F7D12046A372B4
:1002D000F7F7E8FB08B1637AA37210BD427A9A423D
:1002E00012D2827A9A420FD2021DD2E8EF0F20F486
:1002F0000040C2E8E10F0029E8D0F6E76FF01500F2
:10030000EBE76FF07F00E8E70020E6E78378012B5A
:100310000CBF407A0020704738B5037A04468B4200
:10032000154615D100F170010722284604F022FF7E
:1003300080B1E378072243B904F17E01284604F036
:1003400019FFB0FA80F0400938BD04F17701F5E7F4
:100350000020F9E70120F7E708B5F4F71FFD10B119
:10036000F4F72AF9012008BDF8B507460D464FF00D
:10037000FF304FF0FF31F2F7FBFD0646D0B10E2102
:100380000C30FFF75EF804460E22002104F0E3FE75
:100390003B88314623802B88002263806B8842F2A1
:1003A0001300A380AB88E380EB882381BDE8F8408D
:1003B000F2F77CBE6FF06800F8BD00230B60436865
:1003C00013B9C0E9001170471960416070471368A4
:1003D00039B9416803608A4200D143600023136049
:1003E00070470B6043689A4208BF4160F6E770B5FA
:1003F000446B0D4694B10021083C94F86C60AE4209
:100400000ED194F86D60964202D0B2F5807F07D18C
:1004100023B104F108023430FFF7D9FF204670BD44
:1004200004F10801A468002CF8D0083CE5E70A466E
:1004300040393F29034610B517D8406B60B1002101
:10044000A0F10804A08A904207D103F1340004F11E
:100450000802FFF7BCFF204610BDA0680028FBD0B3
:1004600004F10801A0F10804ECE70020F4E7536868
:1004700010461B6918477047D0E8AF0F70477030BF
:1004800002F0BBBF10B50446FAF7C4FD214651F88F
:10049000C00BD0F8BC304BB9BC30FFF78EFFFAF779
:1004A000CDFD2068BDE81040F4F7AEB89942F6D013
:1004B0001B68F0E7D0F8BC3043B1D0F8C0101A6820
:1004C0008B42C0F8BC2008BFC0F8C020704738B5C8
:1004D000044600F12C03D3E8EF5F0D44C3E8E25F6C
:1004E000002AF8D104F11001D1E8EF3F43F00102F6
:1004F000C1E8E52F002DF7D1DB070AD46368DB697B
:1005000003B19847236B23B12046BDE83840FFF77D
:10051000B9BF38BD002310B544688382A26A32B1E6
:10052000028B4364F72A84BFF722028310BDC38A7B
:100530000BB9F523C382F52B194628BFF5218A1C78
:1005400092B2028324691CB901339342A8BFC182CD
:1005500001231C30D0E8EF2FC0E8E13F0029E5D0AF
:10056000F8E7002310B400F12C0243628362C362F7
:10057000D2E8EF1FC2E8E43F002CF9D110BC3030C4
:1005800002F039BE2DE9F0410446D0E90056F5B13C
:10059000FAF740FD0021D5F8BC3004F1C0022BB1C0
:1005A0009A4223D105F1BC00FFF711FFFAF746FD8F
:1005B00004F13007002200233846FAF753F80546C5
:1005C000B8B973680BB12046984700232360002315
:1005D00084F86830A4F86A30E3680BB12046984785
:1005E000336A8BB12046BDE8F041184719461B68B5
:1005F000D5E7AB6923B16FF06D02E96920689847D0
:100600002846F2F717F9D5E7BDE8F08110B4436B3F
:100610000A467BB10021083B9A4204D110BC083243
:100620003430FFF7D4BE9C6824B103F10801A4F173
:100630000803F1E710BC704738B550F8705CA0F1C2
:10064000700421462846FFF7E1FF2046FFF79AFF96
:1006500094F86D2094F86C1001232846FFF7C7FE2C
:1006600004460028F2D138BD10B5406B20B150F8D7
:10067000084904B1083C00B910BDFFF783FF2CB155
:10068000A36803B1083B20461C46F4E72346FAE77B
:1006900070B505460068B8B1407B072814D1002A20
:1006A0000CBF012002200E7A864210DCC87A07288F
:1006B0000DD98A61CB6105F1300002F0A4FD284616
:1006C000FFF7E0FE002070BD6FF07F00FBE76FF0EA
:1006D0001500F8E7406B28B1838B08388B4201D0B6
:1006E0008068F8E7704738B50D460521FFF7F2FF3F
:1006F000002329461A46FFF7CBFF044610B12846CF
:10070000F2F798F8204638BD70B50446F4F7E6FCD9
:100710000E46042201461620F4F742FD054670BB42
:1007200004F11006D6E8EF3F43F00203C6E8E23FCB
:10073000002AF7D1206C20B1F2F77CF82564A4F8E8
:10074000445004F13005002200232846F9F78AFFBF
:1007500078B904F15805002200232846F9F782FFF2
:1007600050B96368DB6903B331462046BDE8704089
:100770001847F2F75FF8E6E7F2F75CF8EBE704F109
:100780001C03D3E8EF2FC3E8E16F0029F9D104215E
:1007900005F10C00FEF755FEA38A4680038029462A
:1007A0002068BDE87040FFF79EBF70BD70B5446B18
:1007B0000E4624B154F8085905B1083D04B970BD7E
:1007C00004F11003D3E8EF2F22F00401C3E8E01F87
:1007D0000028F7D1530707D59EB120682146FFF7BF
:1007E00015FF2046FFF7CEFE63689B6813B13146C4
:1007F000204698475DB1AB6803B1083B2C461D46C7
:10080000DCE72046F0F7A8FD0028EDD0E5E72B4611
:10081000F4E710B54AB989B2FFF75CFF28B1436825
:100820009B6913B1BDE81040184710BD406B28B15B
:10083000838908388B4201D08068F8E77047F8B5A3
:1008400002460D4600283AD04368C3B39B6AB3B34F
:10085000A9B390F86830012B34D000F11C01084690
:10086000FFF70AFE15FA80F39EB20446981B18BFE4
:10087000012050BBA4B2D1E8EF3FA34203D1C1E8AD
:10088000E76F002FF7D1EAD192F86830032B18D127
:100890001668978AF4F722FC042201461620F4F722
:1008A0007FFC0446A0B104210C30FEF7CAFD07808E
:1008B000458021463046BDE8F840FFF714BF6FF091
:1008C0001500F8BD6FF00F00FBE76FF08A00F8E746
:1008D0006FF06800F5E770B50646F4F7FFFB0C46CD
:1008E000082201461220F4F75BFC054688B1082176
:1008F0000C30FEF7A6FD22882946028062884280DD
:10090000A2888280E288C2803046BDE87040FFF74E
:10091000EABE6FF00B0070BD704770B50368044607
:100920003BB3F4F7DBFB0422014606460620F4F74E
:1009300037FC054600B30623042184F86D3084F8A3
:100940006C600C30FEF77DFDA38C29460380A38AE2
:1009500043802068FFF7C7FE30B94FF224420023DE
:1009600004F17000FAF720F90423002084F86830BD
:1009700070BD6FF07F00FBE76FF00B00F8E72DE92B
:10098000F04104460D4600F11C031846FFF774FDC4
:10099000002856D0421ED3E8EF1F814203D1C3E89E
:1009A000E62F002EF7D1F0D12B8A228B9A4248D322
:1009B0006268926A2AB3B4F84620B4F844108A42B6
:1009C0000ED1012B3DD905F10C00FEF77AFD002276
:1009D000E38A01468342A4F84400A4F8462030D3B9
:1009E0002B8A881A80B298422BD31344A4F846303D
:1009F000636820469E6A05F10C03B446BDE8F041E9
:100A00006047226C2AB129462046BDE8F041F4F740
:100A10004DBD012B15D905F10C00FEF752FDE38AFF
:100A2000064683420DD363681B694BB32046984743
:100A3000206430B1C37A012B08D8F1F7FBFE002304
:100A400023642046BDE8F041FFF767BFA4F8446087
:100A5000028A438A41699B1AC268278B521A9B1AE1
:100A60002A8A791EB61AB34294BFC9188919B1FBF4
:100A7000F7F189B20029C6D02046FFF745FEC2E74C
:100A80002846FEF7ADFC6368014606465B692046D2
:100A9000984710F1770F05460ED03046F1F7CAFEA1
:100AA000002DCEDB94F86830032B05D12046BDE83D
:100AB000F0410121FFF728BEBDE8F08170B5A0F13B
:100AC000480600F11004002200232046F9F7CAFD71
:100AD000054600B970BD30462946FFF750FF28464D
:100AE000F1F7A8FEEFE770B50B8A0546032B0C461D
:100AF000164604D82046BDE87040F1F79BBE04219D
:100B000004F10C00FEF7CDFC41882846FFF78EFE6D
:100B100005460028EED0838A403B9BB23F2B21D86C
:100B2000EEB190F86830042BE4D01030FFF7A4FC4D
:100B30008307DFD4B5F86A302146803B9BB27F2B18
:100B400003D92846FFF71BFFD4E705F1580002F050
:100B50005AFB05F14800BDE87040F9F781BFFFF787
:100B6000DCFEC7E7436821465B699847C2E7034656
:100B7000006828B15968026888421A6008BF5A6044
:100B800070470346002003B970471A8A5B68104417
:100B9000F9E710B5D4680231237813B92170012028
:100BA00010BD8B42FBD0038A023B03820020106100
:100BB000F6E72DE9F04104468868FFF7E2FFE38B92
:100BC000E28D0D46934228BF134683421FD3002770
:100BD000C4F8D410D1F808808F60FAF71BFA4146A8
:100BE0002046F4F727FF064640B1C5F80880C4F850
:100BF000D470FAF723FA3046BDE8F081E18DE38B3B
:100C00002846994228BF194601F02CF8F1E76FF009
:100C10007906F0E72DE9F041C369064653B11D6836
:100C2000A3F58C770DB1A5F58C750022144606F15D
:100C300004080FB9BDE8F081D7F8D4309BB904B9E6
:100C40008AB94046FFF793FF044658B1014638463B
:100C5000FFF7AFFF0028EDD073682360B3687460BE
:100C600003B9B4603A463DB1D5F818310BB1A3F5DC
:100C70008C732F461D46DCE72B46FAE773B5144606
:100C8000014605464FF49572206800F0AAFE2075D3
:100C900030B92946206800F0E8FF20B90823237501
:100CA000002002B070BD237AB3B1A3F11802534201
:100CB00053419B000193638A29460093AE68238ABF
:100CC000E2682068B047002808DB238A83420CD101
:100CD000002301202375E4E70223EBE710F1FF0F67
:100CE00003D34042C0B22075DAE70E20FBE738B5E7
:100CF00004460D46F4F79EFE30B1294604F1D800B3
:100D0000BDE8384002F07FBA38BDF8B593680546B3
:100D10000F461446166863B9506801210C30FEF77F
:100D200090FBA0602B681B78002B14BF02230123CB
:100D30000370A3681B78012B03D0022B1FD0002067
:100D40001CE02B681B78002BF9D1606804210C3063
:100D5000FEF777FBE06007802A68E36852885A80D4
:100D60006168F28DF38B088A9A4294BFC0EB02004F
:100D7000C0EB0300042894BF00200120F8BD2B68BD
:100D80001B78022BDBD1606812210C30FEF759FB77
:100D9000E06007802B68E268591C0232113351F879
:100DA000040B994242F8040BF9D16168F28DF38B80
:100DB000088A9A4294BFC0EB0200C0EB03001228DD
:100DC000D9E770B40668F2696AB31368A2F58C7447
:100DD0000BB1A3F58C73002211467CB9C38DC08B77
:100DE0008B4201D8904220D9824238BF02469942B4
:100DF000306838BF194670BCF6F7FAB9844207D09C
:100E0000E58DE48BA94238BF2946A24238BF22466D
:100E10003BB1D3F818510DB1A5F58C751C462B4686
:100E2000DBE71D46FAE71146D8E770BC70472DE9AD
:100E3000F041CB6805461F88BBB2162B1BD9032196
:100E4000F4F7A4FE0646C0B102210C30FEF7F9FA11
:100E500000244FF04108314680F800804470284655
:100E6000FFF745FF2846A5F81E80EF85FFF7A9FF8D
:100E70002046BDE8F0810420FBE70E20F9E7D068AA
:100E80000431037813B90170012070478B42FBD005
:100E9000002091680B8A043B0B82106170472DE99A
:100EA000F041884617460121042205461E46F4F704
:100EB00019FE044670B104210C30FEF7C2FA80F826
:100EC0000080A0F80170C67021462846BDE8F041B8
:100ED000FFF70DBFBDE8F0811FB5CDE90123002369
:100EE0001A460093F5F76CFE05B05DF804FB00228E
:100EF000036803B970478B420FD10B683AB9426857
:100F00000360914200D1436000230B60704713607F
:100F10004368994208BF4260F6E71A461B68E8E753
:100F2000D0E8EF3F43F00802C0E8E12F0029F7D1F5
:100F3000C3F3C000704707B5CA680C2113885288F4
:100F400000920D22F4F7C2FE03B05DF804FB07B572
:100F50000022CB680A211B8800920B22F4F7B6FE10
:100F600003B05DF804FB70B504460E460022002372
:100F70000846F9F777FB054658B101462046F4F7D5
:100F800059FD044618B12946304602F047F920467B
:100F900070BD6FF00104FAE737B50C46054601F164
:100FA0000C00FEF78EFA228A03460192E2681221B3
:100FB000009228461322F5F7C7F803B030BD37B5C5
:100FC0000C46054601F10C00FEF77BFA228A034627
:100FD0000192E2682846009200221146F5F7B4F823
:100FE00003B030BD2DE9F04342F60103002591B076
:100FF000D2F8008007460E4600680BA9D8F8089082
:1010000014468DF82C50ADF82E30FEF792FA0028D9
:1010100000F082804FF4205338680BA98DF82C50D3
:10102000ADF82E30FEF785FA38B1A3681BB15A88A7
:10103000B24200D25E80012010E061680846FFF7EE
:10104000A0FDB8F82E20B8F81E309A4294BFC0EB2D
:101050000200C0EB0300032803D8002011B0BDE854
:10106000F0830846FEF7C0F9054661680846FFF7B9
:1010700088FD6B8A2A8AA3EB020C6B69EA68D21A94
:10108000ACEB0203B8F81EC0B8F82E20944594BF0C
:10109000C0EB0C00C0EB0200834228BF03466BB9D3
:1010A000887AF1F71FFB00220023FEF76AF9054654
:1010B0000028D2D001466068FEF7A7F9002300930C
:1010C0003946D7F804801023484602AAC047071EB5
:1010D00022DB227CE068BA421AD001460BA8FEF758
:1010E00055FAC8B1FAB202A906A8FEF74FFA98B1AC
:1010F00006A90BA8FEF71DFA70B90023042163743A
:1011000005F10C00FEF79DF9A0600680A36891E749
:1011100002A904F02FF8EFE70023A3608BE72DE985
:10112000F04F064685B0104690469946FFF729FDD8
:10113000F38BF28D8B46934228BF1346834275D9B9
:10114000B36840460393FEF74FF94FF0000A044698
:101150004046FFF716FDE168228A658A6369AD1A89
:10116000CB1AED1AF78BF38D9F4294BFC0EB0700AB
:10117000C0EB0300854228BF054625BB98F80A004E
:10118000F1F7B0FA00220023FEF7FBF8044608B995
:10119000574627E001464046FEF737F94046FFF73D
:1011A000F0FCE168228A658A6369AD1ACB1AED1AF0
:1011B000F78DF38B9F4294BFC0EB0700C0EB030099
:1011C000854228BF0546CDF80090DBF804700A443C
:1011D00003985946ABB2B847071E07DABAF1000FB9
:1011E00018BF5746384605B0BDE8F08F0E9BABB927
:1011F000394604F10C00FEF724F94046FFF7C1FC24
:10120000F38DF28BB944934228BF13468342BA440C
:101210001FFA89F9BCD9AF429AD0B9E739462046BE
:101220000F9A0E9B98470028E2D1B1E70027D9E733
:1012300000232DE9F34117681446D7F808800146CA
:10124000137306469522404600F0CBFB05462073FB
:1012500030B93146404600F006FD28B90823237313
:10126000002002B0BDE8F081A068F98BFA8D038AF6
:10127000914294BFC3EB0103C3EB0203012BEFDDEB
:1012800002210C30FEF7DDF8CDE900558046A38839
:1012900031463846A268FFF742FF031E06DA13F113
:1012A000FF0F2ABF5B420E23DBB2D8E70120A8F86C
:1012B0000030D6E700232DE9F34117681446D7F82C
:1012C00008800146137306469522404600F089FBCC
:1012D0000546207330B93146404600F0C4FC28B9B9
:1012E00008232373002002B0BDE8F081CDE900554A
:1012F00031463846A388A268FFF711FF002807DAB5
:1013000010F1FF0F32BF0E204042C0B22073E9E758
:101310000120E8E7F8B5054650F8084CA0F10807A9
:1013200000F1C803D3E8EF1F21F00401C3E8E21F76
:10133000002AF7D104B3D5F8CC3083B9636873B110
:10134000201DFFF714FC064601463846FFF731FC26
:1013500090B163683360A368666003B9A6603846DD
:1013600005F1D001FFF7FFFD30B1384604F10C0163
:10137000BDE8F840FFF7F7BDF8BD08B5437B072B84
:1013800001D0002008BD0421FFF750FA0028F8D052
:1013900000F1C803D3E8AF3FDB07F2D550F8080CE3
:1013A000F0E738B50546D1E8AF3FDB0718D550F870
:1013B000080CA8B1D5F8CC3093B90430FFF7D7FBAF
:1013C000044668B10146A5F10800FFF7F2FB38B109
:1013D00055F8083C5A6822609A685C6002B99C60C3
:1013E00038BD70B50E461546FFF7C7FF80B1C3691B
:1013F00073B1A3F58C701B680BB1A3F58C73691CDA
:10140000C28DC48BA24228BF2246914202D93BB969
:10141000002070BD2A463146BDE87040F4F762BB3B
:10142000D3F818410CB1A4F58C7418462346E7E7AD
:10143000F5F75ABB10B50446E038F5F757F954F8FC
:10144000E00C1321BDE81040FEF7E7BE70B550F880
:10145000083C0446A0F10806002B36D041B1D0F874
:10146000CC30002B31D01B7CDA072ED505231FE0B2
:1014700005682846F5F7DCFE6B7A012B25D0D4F8F9
:10148000CC4014B3237CDB071FD5E368002BEDD0E1
:1014900030466269617CF4F725FB054638B1D4E932
:1014A0000512E368984750B12846F1F7C3F90E23B7
:1014B00000223046BDE870401146F5F7DDB82946F8
:1014C0003046F4F7B7FA0028EED170BD08B5002316
:1014D0000A8AC968F5F7D0F8002008BD70B50D4636
:1014E000FFF74BFF044628B92846F1F7A3F96FF040
:1014F0007F0070BD00F10C062946304601F083FEE6
:10150000E369DBB11C68A3F58C750CB1A4F58C7490
:101510000022104608E02A4684B1D4F818310BB1F5
:10152000A3F58C7325461C46831C01D1002AF3D1F8
:1015300031462846FFF717FD0028ECD10020D8E7F8
:1015400038B505460C46F9F765FD2846FFF715FF47
:1015500020B9F9F773FD6FF07F0038BD00232360D9
:1015600083683BB9C0E90144FFF754FBF9F766FD16
:101570000020F2E71C608460F6E70120704708B5A0
:10158000FFF7FBFE80B1C36973B1A3F58C7303F160
:10159000D002D2E8EF0F20F00800C2E8E10F0029E6
:1015A000F7D1D3F81831EFE708BD08B50421FFF7EC
:1015B0003DF920B1C830D0E8AF0FC0F3C00008BD7E
:1015C00010600020704710B5029CA36833B1B1F5DC
:1015D000807F28BF0E21CAB221469847A37DE268CA
:1015E000013BDBB2A37522B11BB92046BDE8104018
:1015F000104710BD1060918000207047072208B589
:1016000003F0B8FDB0FA80F0400908BD034610B5FC
:10161000D3E8EF0F40EA0102C3E8E42F002CF7D132
:1016200010BD0B6803608B8883808B798371704752
:1016300070B50D46064611F8010BF3F7AFFB0446F3
:1016400010B12C89F2F7B8FFA87A05F10B01F3F776
:10165000A5FB28B16B8A9C4238BF1C46F2F7ACFF51
:10166000AB8AA34207D0AB69AC8223B12146304696
:10167000BDE87040184770BD38B5BDF8104015463C
:10168000A2420CD84CB16BB1A41A8C42A8BF0C4634
:10169000A4B22246591903F051FD204638BD6FF01F
:1016A0000604FAE76FF00D04F7E730B585B0C968B6
:1016B00014461D46F5F7E2F800B100890223ADF8A3
:1016C0000E00009329462046BDF820200DF10E03A0
:1016D000FFF7D2FF05B030BD1FB50C461946E368D1
:1016E00010461C78BDF818203CB110240133069434
:1016F00004B0BDE81040FFF7BFBF5B88ADF80E3007
:10170000022300930DF10E03FFF7B6FF04B010BDE6
:1017100030B51D46002385B014468DF80C30F5F722
:1017200059F810B1037A8DF80C3001232946009343
:101730002046BDF8202003ABFFF79EFF05B030BD6B
:1017400008B5F5F779F818B10023036043608360AA
:1017500008BD70B500F1700605463146007AFEF707
:1017600013FA04463146287A1CB1BDE87040FFF7F1
:10177000E7BFF5F761F810B104604460846070BDA4
:10178000022A10B508D1002300F170011A46007A30
:10179000F5F7ACF8022010BDFFF7DBFFFAE7F0B574
:1017A000076806463D78144689B035BB7B88B3F59B
:1017B000245F04D01BD8A3F52053032B1DD8ADF80C
:1017C0000A10022220460DF10A0102F076FA48B909
:1017D0007B88022220460DF10A01ADF80A3002F0A2
:1017E0006CFA70B16FF01503C4F8903106E003F5A0
:1017F0005643FF339BB2042B15D90125284609B067
:10180000F0BD009003AA132331467768B847021E43
:1018100002DAC4F89021F1E703A9204602F04DFA5C
:101820000028EAD0DEE7ADF80A10022220460DF1CA
:101830000A0102F042FA0028D4D17B880222ADF8D6
:101840000A300DF10A01E8E701210C30FFF7DEBE96
:101850002DE9F0419846BDF818300646012B174691
:101860002DD84344012B45462CDCF4F7B3FF044646
:1018700018B9F4F7AFFF044638B3B8F1000F11D030
:101880000023217A21FA03F2D00703D53A78DA400F
:10189000D2071DD50133032BF4D13B7803F00703A6
:1018A00019432172601C06F17001FFF7BAFE337A0A
:1018B00020462370FFF7C8FF2846BDE8F0816FF08F
:1018C0000605F9E76FF00C05F6E76FF01005F3E792
:1018D0006FF01205F0E738B504461546FFF74DFEE8
:1018E00040B12046F4F776FF20B1037ADB0701D53B
:1018F000FFF7AAFF35B9207A04F17001F4F79CFFD5
:1019000000B1856038BD38B5BDF81010BDF818407D
:101910001046A142059D0CD84CB16DB1641A9C4291
:10192000A8BF1C46A4B22246294403F007FC204667
:1019300038BD6FF00604FAE76FF00D04F7E713B552
:10194000044610B9002002B010BD00238DF8043009
:1019500042F60303006801A9ADF80630FDF7E9FD82
:101960000028EFD1E36898880028ECD12046F5F7ED
:10197000F7F8013080B2E6E770B5CC681E46A3796F
:1019800088B008468DF80C301546FFF7D8FFADF843
:101990000D00246823786BB96388ADF80F300523F8
:1019A000009331462846BDF8302003ABFFF764FEB4
:1019B00008B070BD631C0DF10F02113453F8041B05
:1019C000A34242F8041BF9D11323E9E71FB5CDE97F
:1019D000012300231A460093F5F7F2F805B05DF8ED
:1019E00004FB38B54C8AD3070546C4F30E0404D56E
:1019F00014F0950F2AD04B6843B3900704D514F424
:101A0000957F25D08B681BB3144014F4DE7F0DD076
:101A1000EB7A2BB92846FEF720FCD8B9052038BD53
:101A200014F0300F04D114F4C07F07D10020F6E782
:101A30002846FEF76BFC0228F5D8EFE7D5F8A03072
:101A4000002BEBD05B7CDB06E8D5EFE70220E6E776
:101A50000320E4E70F20E2E72DE9F041437B06464F
:101A6000072B0C46154686B040F0858000238DF884
:101A7000143042F60303206805A9ADF81630FDF7CF
:101A800058FD90B96768002F75D00123214600905A
:101A900004AAB84701286ED19DF8103013F0300F1A
:101AA00069D02046F5F77CF90446002320688DF8BC
:101AB000143042F6021305A9ADF81630FDF739FDD2
:101AC00018B12046F5F76CF90446002742F60218D3
:101AD000206802A98DF80870ADF80A80FDF729FD8D
:101AE000F8B9002320688DF8143042F6021305A9D6
:101AF000ADF81630FDF71DFD00283CD16768002FBA
:101B000039D0009002232146304605AAB847022862
:101B100031D1BDF8143005EA0300003818BF0120A8
:101B20002AE042F60303206803A98DF80C70ADF893
:101B30000E30FDF7FEFC0028D3D04FF42053206870
:101B400004A98DF81070ADF81230FDF7F2FC0028F2
:101B5000C7D042F60103206805A98DF81470ADF8CE
:101B60001630FDF7E6FC0028BBD02046F5F718F943
:101B700004460028ACD1002006B0BDE8F081F8B5DD
:101B800014460F46942261680646FFF72AFF20BBE1
:101B9000012230466168FFF75FFF08B3A2891B216D
:101BA00030460232FFF71DFC0546E0B1A1890C303A
:101BB0000231FDF746FC20F8027BA289A16803F000
:101BC000BDFAD4E9041228460123F4F7F1FD2946B1
:101BD0003046BDE8F840FFF781BC4FF0FF30F8BD5C
:101BE0006FF01500FBE76FF00B00F8E72DE9F0410F
:101BF00005468846F4F7EEFD0446E0B1037ADA07BD
:101C000019D500F10C06D6E8AF7F17F0010712D105
:101C1000B8F1000F10D0D6E8EF3F23F00202C6E87B
:101C2000E12F0029F7D19B07284608D5FFF7A7FC2D
:101C30002046FFF709FE01273846BDE8F081FFF78F
:101C40009CFC0028F8D02846FFF7AFFC0028F3D012
:101C5000D6E8EF3F23F00203C6E8E23F002AF7D1BF
:101C60002846E3E77047012070470120704713B50D
:101C7000C068144668B100238DF804304FF4C05397
:101C800001A9ADF80630FDF754FC10B92368013303
:101C90002360012002B010BD0720704708B506215F
:101CA000FEF7C4FD00B1F03808BDD0E8AF0F084121
:101CB00000F00100704738B50A46034609B9012013
:101CC00038BD488A10F0240FF9D0197D5D7B147C53
:101CD000A94228BF29468C4201D90020F0E780069E
:101CE00007D4517CC9070BD4187A003818BF0120DB
:101CF000E6E70521181DFFF7D8FF0028F1D1ECE732
:101D0000197A0029E9D00521181DFFF7CEFF18B96F
:101D1000197A01390129E0D9527CD207CFD4E3E7FF
:101D200001238B40DB43D0E8EF2F1A40C0E8E12FBE
:101D30000029F8D170470720704701238B40D0E875
:101D4000EF2F1A43C0E8E12F0029F8D1704708B5FA
:101D50000E21FFF7F2FF002008BD38B505460B46FF
:101D600004300D21FFF7A1FFA0B1DC68D5F8F030F9
:101D70000220197A03F1700200F07DFB80B1224647
:101D800000F12E0304F1100152F8040B8A4243F8CB
:101D9000040BF9D128460921FFF7CFFF002038BDF9
:101DA0000820FCE738B504210446F5F73DFB05465D
:101DB00098B110210C30FDF744FB04F1270304F126
:101DC000370253F8041B934240F8041BF9D1204614
:101DD0002946F5F7DFFA002038BD0820FCE72DE999
:101DE000F047044690B00CAD10220021284603F0C5
:101DF000B2F9237A052B1ED8DFE803F006030306A9
:101E00001D21D4F8D8300C93D4F8F03004F14702F7
:101E100004F1C707CDE9017204F1370803F17E022E
:101E200004F12709009241464A46773304F19700AE
:101E3000F6F7A8F998B1082010B0BDE8F087D4F8FB
:101E4000E430002BE0D02E4603F11007324618682C
:101E50005968083303C2BB421646F7D1D4E7D4F819
:101E6000F03008AE03F177027E33019304F11103E1
:101E70000292009342462B4649463846039600F0AC
:101E800059FB0028D7D1237A052B0FD1D4F8E010C5
:101E9000002948D00B46AC4601F1100E6246186886
:101EA0005968083303C273459446F7D1D4F8F0302B
:101EB0000DF1100A03F17E027733019304F10A0356
:101EC000029200934A462B4641463846CDF80CA074
:101ED00000F030FB0028AED11022514604F1B700CB
:101EE00003F048F920BB0D212046F5F79DFA07467F
:101EF0000028A0D010210C30FDF7A3FA324603468B
:101F0000164603CEAE4218605960324603F108030C
:101F1000F6D139462046F5F73DFA201D0121FFF79D
:101F20000CFF002088E71022284603F014F9BDE7D3
:101F30000B2081E770B5D0F8F0300446DB78012B38
:101F400019D1CD68061D10213046FFF7E9FE2B465A
:101F500004F1B70205F1100153F8040B8B4242F86B
:101F6000040BF9D107213046FFF79FFE28B1092164
:101F70003046FFF7E2FE002070BD0A213046FFF731
:101F800094FE0028F3D12046BDE87040FFF727BF3C
:101F900070B5061DCD6804460B213046FFF7C0FE24
:101FA0002B4604F1170205F1100153F8040B8B4284
:101FB00042F8040BF9D1237A012B09D0022B13D15B
:101FC00020460421FFF7B9FEBDE87040F5F7F8BAE6
:101FD0000A213046FFF769FE0028F1D03046002183
:101FE000FFF7ABFE002070BD0820FCE7072070471C
:101FF0000720704707207047012303FA01F1CA4305
:1020000030B5D0E8EF3F03EA0204C0E8E54F002D09
:10201000F7D101EA0300003818BF012030BD38B500
:1020200004460025031DD3E8EF2FC3E8E15F002934
:10203000F9D104F5DC7001F0E0F92572D4E8EF3F46
:10204000C4E8E25F002AF9D12046BDE8384001210A
:10205000FFF773BE70B500F1700605460C46072207
:102060003046096803F086F8B8B963681A682A67C9
:102070009A88A5F874209B7985F87630D5F8A03039
:102080005BB1A268934208D062681168C3F801107E
:102090009188A3F805109279DA7170BD2DE9F84F97
:1020A000DDF82C80044692461F46BDF82890FFF7C5
:1020B000F5FD054600285CD0061DB9F1000F27D1BB
:1020C0005AEA070324D103213046FFF7EEFDF8B1A9
:1020D00001213046FFF7E9FDD0B12C7D6B7B05F186
:1020E00047019C4228BF1C462246404603F026F882
:1020F0000F2C06D84946C4F1100208EB040003F087
:102100002AF830460121FFF718FE0120BDE8F88FBC
:10211000D4F8A03083B904F1700B5A462020217AFC
:10212000F5F7C6FFC4F8A00030B95A460120217A5D
:10213000F5F7BEFFC4F8A000B9F1000F0CD15AEAC0
:10214000070709D1D4F8A01031B14B8A9B0603D5FB
:102150000C7C1E312246C8E70F213046FFF7A5FD53
:1021600020B1022206212046F2F7C4FD2846FFF7DF
:1021700056FF0020CAE76FF085007047F8B5031DD1
:1021800006460F4618460221FFF78FFD044620B190
:10219000B6F8E840B4FA84F4640903211846FFF75E
:1021A00084FD58B139463046F5F73EFD052194B11E
:1021B000D6F8F000FEF731F80020F8BD01211846EE
:1021C000FFF773FD0028EDD10F211846FFF76DFDD5
:1021D0000028E7D1EAE73046F5F726F9054688B149
:1021E00001210C30FDF72DF92346077022462946C0
:1021F00006F1F000FEF74CFA0028DDD02846F0F793
:1022000019FBD9E76FF06800D7E770B504460820DE
:10221000F5F776F80546E0B1061D08213046FFF7D0
:102220007FFDBCB30721FFF77BFD234605F1970235
:1022300004F1200153F8040B8B4242F8040BF9D14E
:102240000A213046FFF731FD70B109213046FFF712
:1022500074FD0720F5F754F80446E8B1F5F7B2F835
:10226000D0B10821204612E010213046FFF71DFDB5
:1022700009210028EAD13046FFF717FD0028E8D0F1
:102280002846FFF7ACFD01460028E2D02846FFF7BC
:1022900075FFDEE70B21F9E770BD2DE9F0410E4631
:1022A0000446D0F8F080F5F73BF8F768261D0546A0
:1022B0000A213046FFF7A0FE38B16DB920463978C3
:1022C000F5F7B2FC0020BDE8F0810B213046FFF7A6
:1022D00093FE0028F1D1F1E72B69002BEED04046A8
:1022E0009847EBE770B50446A0F1F00650F8C83BFC
:1022F000EC3CD3F8A05001F080F803212046FFF712
:10230000D4FCA0B108213046F5F78EFC3DB16B8AB4
:1023100013B16B7C9B0702D5284600F0C0F830460D
:10232000BDE870404FF4F872002102F014BF0121A3
:102330002046FFF7BAFC0028E4D10F212046FFF722
:10234000B4FC0028DED1E1E710B504460821A0F571
:10235000DC70F5F769FCA4F5DA700421BDE81040E3
:10236000FFF7EBBC70B50446FFF798FC0546002864
:1023700075D0061D03213046FFF797FC00286ED06C
:10238000D4F8A00008B100F08AF8207A04F17001B6
:10239000F5F74EFEC4F8A00028B92846BDE8704005
:1023A0000821FFF7EBBE0E213046FFF77EFC28B177
:1023B000D4F8A020537C43F0020353742B7A032BF0
:1023C0000DD8002B4CD1D4F8A020537C23F020034F
:1023D0005374D4F8A020537C23F001030DE0053B97
:1023E000012BF0D8D4F8A020537C43F02003537481
:1023F000D4F8A020537C43F0010353742B7D697BF8
:10240000D4F8A0208B4228BF0B4630461374052118
:10241000FFF74BFCD4F8A020537C40B343F01003EB
:102420000D2130465374FFF740FCC0B12021D4F891
:10243000A00000F030F8D4F8A03005F147021E33B8
:10244000573552F8041BAA4243F8041BF9D1002364
:10245000D4F8A02053619361D4F8A020938370BD79
:1024600005213046FFF721FC0028ACD0C0E723F05F
:1024700010035374F3E770B504460D461646F5F79E
:1024800017FE38B931462846F5F7D2FD10B1438A18
:102490001C43448270BD438A19434182704710B582
:1024A000037A04465B0701D5F1F7ACF92046BDE895
:1024B00010404422002102F04EBE531E1944024433
:1024C00011F8013900F8013B9042F9D1704710B57D
:1024D000431E00F11002073013F8011F12F8014DDE
:1024E00083421C701170F7D110BDF0B50E46144632
:1024F0001D4697B00146202205A81C9FFFF7DDFF6F
:10250000202231460DA8FFF7D8FF2146102201A84E
:102510008DF85450FFF7D1FF3B46412205A901A891
:10252000F5F7C6FE044610B93846FFF7D0FF20463F
:1025300017B0F0BD2DE9F04316461D4697B004468E
:10254000DDE91F98102205A8219FFFF7B6FF102292
:10255000314609A8FFF7B1FF102229460DA8FFF761
:10256000ACFF03221E9911A8FFF7A7FF494611F8F7
:10257000013BD9F801008DF847308B880622129074
:1025800012A8ADF84C30FFF798FF414611F8013B17
:1025900006228DF84E30D8F801300DF14F00CDF8FD
:1025A0004F308B88ADF85330FFF787FF214610225C
:1025B00001A8FFF782FF3B46412205A901A8F5F7D4
:1025C00077FE044610B93846FFF781FF204617B062
:1025D000BDE8F0830C220369C9B202FB0133186C19
:1025E00000F00700704770B50346C9B20069EFF309
:1025F0001186402484F31288BFF36F8F0C2505FBEE
:102600000104246C14F0C00401D0A24210D10122B4
:1026100005FB01000264002086F31188BFF36F8F71
:1026200028B95B6803EBC1035B689847002070BD65
:102630004FF0FF30F0E78022FFF7D5BFF8B5069FD7
:1026400005460469C9B2EFF3118C402080F312886B
:10265000BFF36F8F0C2606FB0146306C00F0070EAF
:10266000BEF1010F11D1376400268CF31188BFF33E
:102670006F8F46B90C2000FB0144C4E90E236B6840
:1026800053F8313098473046F8BD00F0C00087421B
:102690000CBF6FF077064FF0FF36E6E713B58024E6
:1026A0000094FFF7CBFF02B010BD10B41C240069EA
:1026B000CBB204FB0300002110BC10471046F8F712
:1026C00003B800F0DBB9F7F795B840F272607047D5
:1026D000084608B51146F9F77FFD002818BF6FF0CE
:1026E000040008BD08B5F9F7D7FE002818BF6FF041
:1026F000040008BD436800205B68DB680B6070471E
:10270000436802EA01005B6821EA02015860002088
:1027100099607047436800205B6859607047436860
:1027200000205B689960704743685B681A6821EA1B
:1027300002001140586000209960704730B503696D
:10274000586800B30024884219D108688CB99C6885
:102750005860A14200D19860002008602AB15A68F0
:102760000A609A68596002B9996000200FE0284613
:10277000E9E720609868814208BF9C60ECE7056843
:102780000446002DF3D1002AE9D16FF0150030BDC9
:10279000F7F75ABA30B543681360057A446804EB1A
:1027A000C504A34202D36FF0010030BD5C79083349
:1027B0008C42F1D10020F8E743681B68D3F8303130
:1027C000704743681B68D3F88004C3F880047047DF
:1027D00042681368D3F84C0150B10020926A127815
:1027E0000A70C3F84C01D3F84C2101229A62704759
:1027F0004FF0FF30704713B501AA0446FFF7CAFF38
:10280000002805DB019B226819791868F6F7E0F8C3
:1028100002B010BD38B5054600220121C620EFF7F1
:10282000F7FBC620EFF7D2FB6C680121E068FFF7E9
:10283000E2FF6B6819686369C1F82435E28BA38BEA
:10284000A07E1343228C1343628C1343627E9BB29F
:102850000243207E02431343C1F86C3569680B685C
:10286000D3F8002242F48022C3F800220822C3F8E1
:1028700000254A6A0121C3F83C270022C3F84027FB
:102880001965D3F830110029FBD0C3F800256D6815
:102890000021E8682C68FFF7AEFF0823C4F8003574
:1028A0002A7A52B9AB6AC4F804370123C4F808374E
:1028B000C4F84C21D4F84C21A362002038BD08B5DF
:1028C0000220F5F741FE002008BD10B54FF0FF30A3
:1028D0004FF0FF31F6F764FA044628B9DEF786F9BF
:1028E000044618B1F6F764FA204610BDF6F760FA10
:1028F0002046F0F7FBF8F7E738B50B8A0D463BB1F9
:1029000001F10C00FCF7D5FD012818D0022803D0F6
:102910006FF01504204638BD4FF0FF304FF0FF3107
:10292000F6F73EFA04460028F4D1E868E9F712FD0C
:102930000446F6F73DFAACB1F6F732FBEAE74FF0A2
:10294000FF304FF0FF31F6F72BFA04460028E1D1B3
:10295000E868F6F7B9FB0446F6F72AFA002CD9D155
:10296000F6F71EFB2846EFF765FF0024D2E7F6F7DF
:1029700041BB10B532220021044602F0ECFB2023BB
:1029800023708023A3706FF03F0363710423A3724D
:102990002823A3730223E3730423A3756FF0480372
:1029A00063760323A3766FF01F03E3760E2323776A
:1029B000302384F82030402384F82130792384F8B0
:1029C00022307E2384F82330802384F826300423A9
:1029D00084F827300C2384F82F30022384F8303019
:1029E00010BD08B50323EEF770F8002008BD08B548
:1029F000F6F774FE002008BD08B5F9F74DFD48B1A3
:102A0000002383F31188BFF36F8F0423184602DF7E
:102A10006FF0040008BD08B54FF0FF314FF0FF30F4
:102A2000F6F7BEF9EEF759F8BDE80840F6F7C0B979
:102A3000684620F007018D4601B5E8F72DFCBDE89A
:102A4000014085467047684620F007018D4601B574
:102A5000E8F714FCBDE8014085467047684620F061
:102A600007018D4601B5E8F725FFBDE80140854621
:102A7000704708B5EDF7E1FD002008BD704701285B
:102A800002D10020E7F7EEBC70477047E7F730BB94
:102A900003460020184700F063BA024610B51168DB
:102AA00091B1B1FA81F3C3F11F000123834021EA00
:102AB0000303D2E8EF4F8C4204D1C2E8EC3FBCF1F3
:102AC000000FF6D1EBD110BD6FF00B00FBE710B596
:102AD0000368CB40DB0710D401238B40026843EA34
:102AE0000201D0E8EF4F944204D1C0E8EC1FBCF1E2
:102AF000000FF6D1F2D1002010BD6FF01500FBE7FA
:102B0000F7B51646DDE90847019001A81D46F6F71E
:102B100051FF019BB6F1000C18BF4FF0010C00EB08
:102B200083000B1E18BF0123002D43EA4C030CBF8A
:102B30004FF0000C4FF00C0C002C43EA0C030CBFC0
:102B40004FF0000C4FF4706C002F43EA0C030CBFE5
:102B50004FF0000C4FF4403CD0F8802043EA0C03C7
:102B600022EA030301B109780EB1367876001943E1
:102B70000DB12D78AD0031430CB1247824022943E6
:102B80000FB13F783F040C433C43C0F8804003B092
:102B9000F0BD1FB50DF10F03019300238DF80F1049
:102BA0001A4619460093FFF7ABFF05B05DF804FB2A
:102BB00010B504460846F6F70DFF04EB4004207DEF
:102BC000C0F3401010BD10B504460846F6F702FFEA
:102BD00004EB4004207DC0F3400010BD10B5044656
:102BE0000846F6F7F7FE04EB4004A08A400B10BD40
:102BF00070B5044608461646F6F7ECFE083034F881
:102C000010300D46DA0509D5C3F3432304EBC302A4
:102C10003146284654F8333052689847A3682BB1A0
:102C200031462846E268BDE87040184770BD10B5CF
:102C300004460846F6F7CEFE04EB4000838ADA0528
:102C40001DD5C3F3432123F4F853838204F1120208
:102C500004F1580032F8023F13F4807F03D0C3F32D
:102C6000432399420BD08242F4D1002204EBC103EA
:102C70005A6004F16000BDE81040FFF728BF10BDA6
:102C8000F0B50446002001270546844695420AD146
:102C9000D4F8443133B10023C4F84431D4F844317A
:102CA00040F40030F0BDEBB29B0003F580769B084A
:102CB00007FA03F3194208D054F806E0BEF1000FFA
:102CC00003D044F806C0A65918430135DEE738B5ED
:102CD00004460D46FFF76CFFA8B12046FFF773FFCF
:102CE00088B92046FFF77AFF012322688340C2F8A3
:102CF0001833236803EB8000D0F8103523F003036A
:102D0000C0F8103538BD2846BDE838400021FFF72F
:102D100040BF2DE9F0431746044685B00846F6F754
:102D200059FED7F800800E460546B8F1000F1ED0B8
:102D30002046FFF748FF18B12046FFF739FF20BBB8
:102D400000230DF10F02CDE900338DF80E308DF820
:102D50000F30304643460DF10E01FFF7D1FE04EB74
:102D60004502938A23F0020343F0010393827B68B8
:102D70009BB33146204693F80080D3F80490FFF7C8
:102D800022FF28B1B9F1000F1FD06FF0150027E026
:102D900004EB4500838A23F4604323F020038382FD
:102DA000B9F1000F11D0B8F1030FEED87B6821689C
:102DB0005B6893F800C04FEA8C031944B8F1000F28
:102DC00011D1C1F81085C1F8108504EB4502938A32
:102DD00023F01C0343EA88039382BB684BBB0020AB
:102DE00005B0BDE8F083D1F8102522F00302C1F848
:102DF000102522681344D3F8102522F4473222F418
:102E00007C72C3F8102541F6F072D3F8101502EA6F
:102E1000061242EA08420A43C3F8102504EB4C03A9
:102E2000A3F86460838A43EA4C3343F0200383822F
:102E3000CBE73146D3E900782046FFF7F8FE002FB4
:102E4000CDD063689F4206D004F16000FFF725FEF5
:102E5000002804DAC4E7A3689845F5D1002004EB04
:102E6000C003C3E9017804EB4505AB8AC0B243EA6D
:102E7000402343F48073AB82B1E7C0E9031270478B
:102E800070B504461546FFF793FE48B10846F6F7BD
:102E9000A1FD04EB40040020A38A5B0B2B7070BDE6
:102EA0006FF01500FBE790F87400003818BF0120A0
:102EB0007047F6F7C5BD2DE9F34104461746FFF705
:102EC00077FE0D462668F0B12046FFF77CFE80466F
:102ED000C8B92046FFF782FE820002F5807346F8EB
:102EE0000380F35823681344D3F8102542F00102FD
:102EF000C3F8102527B1012322688340C2F8143398
:102F000002B0BDE8F081D6F8143328469B035CBFBD
:102F10004FF40033C6F81433F6F75CFD04EB4004BD
:102F2000A38AC3F38203042B11D0052B11D001A86F
:102F30000195F6F73FFD019BC168D94001F0010101
:102F40000231284602B0BDE8F041FFF722BE03215E
:102F5000F7E70221F5E7FFF7BABEC9B2F7F736B9CE
:102F600008B1EFF725BD704710B5436904463BB97A
:102F70000020E2684042537843F00103537010BDD3
:102F800098470028F4D00028B8BF4042FF28A8BFC7
:102F9000FF20E3681870ECE740B1C368587810F080
:102FA00001001EBF1878B0FA80F040097047EFF3B7
:102FB0001183402383F31288BFF36F8FFEE708B5B8
:102FC000FFF7F5FF10B400F10C04C0E9034410BC96
:102FD000FBF7FABF38B50446EFF31185402383F3BE
:102FE0001288BFF36F8FFBF769FF04F10C0000F04C
:102FF000DDFA30B1294604F11400BDE8384000F094
:10300000BBBA85F31188BFF36F8F38BD10B5426925
:103010006AB1836842EA0301890708D10169A2FB0A
:10302000011424B95B182CBF0121002102D36FF0D9
:10303000150005E0C1609B1A02698A4201D8002090
:1030400010BDC26801311A604269C3609B1AF3E780
:103050002DE9F04105460F46EFF31188402383F335
:103060001288BFF36F8FC668FEB90468A0421CD0F7
:10307000DCB1D4E9003213605A60237CC4E90066F5
:1030800023F002032374A66004F1180000F054FB3F
:103090002046C4F88060676100F03BFA414605F1C4
:1030A0000800BDE8F04100F067BA3E60AB69EF6030
:1030B000013BAB6188F31188BFF36F8FBDE8F081EE
:1030C000402408B5EFF3118384F31288BFF36F8FA8
:1030D000FCF70BF9F6E790F90E308B4201D0F7F7C9
:1030E00019BF0020704703460020C3E90033C3E93D
:1030F00002007047D0E9003213605A600023027C5E
:10310000C0E9003322F002020274836070472DE9A7
:10311000F843904604460D469DF82020EFF31187B2
:10312000402181F31288BFF36F8F02B14568A66812
:1031300004F10809B14516D0AEB100243046FFF7BE
:10314000D9FF06F1180000F0F7FA3046C6F88040C3
:10315000C6F8148000F0DDF94846394600F00CFA54
:103160002046BDE8F883A3B10820F8F7A1FA0028AB
:1031700032D00122C0F804800260016801F003012E
:103180005DB922680A430260626820606AB96060C3
:103190000BE04046C8F80030EFE72A68032A10D851
:1031A0000160616839B9C4E90000002087F3118823
:1031B000BFF36F8FD5E70A6802F0030202430A608B
:1031C000E5E722F003020A4302602A6802F00302E4
:1031D00040EA02032B60E8E76FF00B00E6E710B56A
:1031E000044630B10268930703D0446809B100F087
:1031F0003AFB204610BD0023C0E9003300F108036C
:10320000C0E902337047012307B5009300230A4643
:103210001946FFF77CFF03B05DF804FB002307B5F8
:103220000A4600931946FFF772FF03B05DF804FBEE
:1032300000210068FFF7D3BF3AB18A4205D3C0E945
:103240000212C0E90000002070476FF015007047BF
:10325000012302688B4022EA0303036022FA01F093
:1032600000F001007047704710B5032104460C3090
:10327000FFF7EEFF30B104F1100000F05DFAB0FA94
:1032800080F0400910BD20B100229430114600F0BA
:10329000E5B9704770B5C3680446C3F340069B07A1
:1032A00016D4856802210C30FFF7D2FF80B1D5F823
:1032B0008C206AB194421DD122689EB9D5F8903015
:1032C000C5F88C209C4201D1C5F8902000232360D2
:1032D000E36813F01F001EBF43F00203E36040F0F9
:1032E000020070BD3260D5F89020944208BFC5F846
:1032F0009060EBE716461268DBE773B50446EFF320
:103300001185402383F31288BFF36F8F002301934D
:10331000D0E90423B3F1004F08BF012A05D085F39B
:103320001188BFF36F8F02B070BDA0F110060321AA
:103330000438FFF78DFF0028F1D0A369304601A9BA
:103340000193F7F7FFFAEAE738B504460D46102275
:10335000002101F000FF656038BD13B501900846FB
:10336000EFF31184402383F31288BFF36F8F01A919
:10337000F7F7E8FA84F31188BFF36F8F02B010BD3E
:1033800010B5FFF7EAFF041E08DDEFF311804023BC
:1033900083F31288BFF36F8FF7F728FE204610BD26
:1033A00070B50D46EFF31186402383F31288BFF307
:1033B0006F8FF7F719FB044686F31188BFF36F8F01
:1033C00038B14FF0FF324FF0FF3305F11000F7F73F
:1033D000AFF9204670BD08B5A822002101F0BBFE60
:1033E00008BD38B530220D460021044601F0B3FE79
:1033F0004FF480736560E36038BD38B50446EFF381
:103400001185402383F31288BFF36F8FFFF72CFFE2
:103410002046FFF73FFF85F31188BFF36F8F38BD5C
:10342000F8B504460D46EFF31187402383F3128865
:10343000BFF36F8FC36803F01F03002B14BF012677
:10344000002609D0FFF710FF2046FFF723FF29468B
:103450002046F7F759FA034687F31188BFF36F8FB9
:103460003BB14FF0FF324FF0FF3305F10800F7F7A3
:103470005FF93046F8BDD0E9003213605A6000238E
:10348000027CC0E9003322F00202027483607047BC
:10349000EFF30580003818BF012070476FF0570028
:1034A0007047D0E9003213605A600023C0E900334E
:1034B000704708B5FFF7F5FF037C23F002030374A0
:1034C0000023836008BD38B504460D46F7F77EFC3F
:1034D000237C43F002032374D5B1A5602B689D4281
:1034E00009D16B68C4E900531C606C6010E06A6825
:1034F0009A42F6D01B68002BF3D093F90E1094F982
:103500000E209142F3DD5A68C4E9003214605C6019
:1035100038BD10B5EFF31184402383F31288BFF355
:103520006F8FF7F713FC84F31188BFF36F8F10BD13
:1035300008B5037C014613F0280F0CD183680BB14A
:10354000FFF7B7FF0B7C084623F004030B74BDE8BC
:103550000840F7F7FBBB08BD10B5EFF3118440231B
:1035600083F31288BFF36F8F1838FFF7E1FF84F3FE
:103570001188BFF36F8F10BD0846F7F75FBC38B5F1
:10358000054604680020AC4200D138BD002CFCD0B8
:103590002046FFF78EFF04F1180000F0CDF820461A
:1035A000F7F7D4FB2C680120A542EDE710B5EFF347
:1035B0001184402383F31288BFF36F8FFFF7DFFF7F
:1035C00084F31188BFF36F8F10BD70B506460D46AA
:1035D000F7F7A8FDB5F1FF3F08BFB6F1FF3F04467E
:1035E0000CD047F6112000214FF47A7547F61222CD
:1035F0000023E4FB0501E8F77FFC70BD4FF0FF30CE
:10360000FBE708B5C3171F3043F10003400940EA48
:10361000C360C117F7F786FD400108BD38B5044601
:10362000EFF31185402383F31288BFF36F8F037C80
:103630005B070ED5183000F07FF8237C204623F07E
:1036400004032374F7F782FB2846BDE83840F7F7F8
:10365000F5BB85F31188BFF36F8F38BD38B5EFF335
:103660001185402383F31288BFF36F8F0468A04253
:1036700013D0A4B1C4F8801062612046FFF719FF8F
:1036800004F1180000F058F82046F7F75FFB01201E
:1036900085F31188BFF36F8F38BD0020F8E720460F
:1036A000F6E72DE9F04706460F4691469A46EFF3B6
:1036B0001188402383F31288BFF36F8F006886421E
:1036C00006D028B1736898420CBF0025056868B918
:1036D0000024B9F1000F02D051462046C84788F3B4
:1036E0001188BFF36F8F2046BDE8F0875146B84779
:1036F00004460028EDD135B17368AB4200D02C6888
:1037000028462546E3E72C46FAE708B50246F7F7D0
:103710007BFE70B1D0E904319B1A61EBE272B3F128
:10372000004F72F1000104DA002AACBF18460020F5
:1037300008BD6FF00040FBE7024638B5EFF3118596
:10374000402383F31288BFF36F8F0368D3B1F7F779
:103750005BFE04461046F7F769FE00224FF0004377
:103760008442C0E9042305D0002085F31188BFF30B
:103770006F8F38BDF7F750FEFFF7C7FF0021F5F751
:10378000BFFAF1E7D0E90413B3F1004F08BF0129F4
:1037900004D100204FF00041C2E904016FF0150090
:1037A000E3E708B5F7F74AFF08BDB3F1FF3F08BFED
:1037B000B2F1FF3F70B506461D46144614D01A43B9
:1037C00016D0002B08DBF7F739FF041941EB050190
:1037D000C6E90041304670BD6FF001031C1B4FF07D
:1037E000FF3363EB0501F3E74FF0FF342146EFE7CA
:1037F0000024FBE7B3F1FF3F08BFB2F1FF3FF8B58C
:10380000074616461C4610D054EA020311D0F7F7BB
:1038100015FFB0420A46A14103460AD2F31A64EBEF
:103820000204C7E900343846F8BD4FF0FF331C46A8
:10383000F7E70023FBE7043270B504460ED2EFF33E
:103840001185402686F31288BFF36F8F41F0040183
:10385000984785F31188BFF36F8F08B9002070BDBA
:1038600040F8044BFBE720B1011F50F8040CFFF7B0
:10387000B1BB70477047FFF736BC4FF0FF324FF0D7
:10388000FF33F6F72DBEF6F79DBE00207047704758
:1038900010B5044608B1F8F7B5F82046BDE8104069
:1038A000F8F7A0B80346C068F8B15888E8B11B889B
:1038B00003F44F42B2F5824F02D0B2F5884F09D1DE
:1038C000DBB2272B2AD008D8172B0FD0222B34D0CD
:1038D000122B16D06FF085007047302B2FD0413B54
:1038E000012BF7D8FF2839D100207047C028FBD022
:1038F000E128F9D0B0F5807F14BF6FF0860000207A
:10390000704720F02003C02BEED020F08003B3F5E9
:10391000807FE9D040F209239842EDE7E928E3D01F
:10392000EF28E1D040F21B139842DDD040F299130A
:103930009842D9D040F23B23EEE7E928F1E720F0A6
:103940002003C02BD0D020F04003B3F5807FCBD034
:10395000B0F5C07FC8D0B0F5007FCDE7B0F5E07F0F
:10396000CAE73AB1002918BF00232121D21A18440E
:1039700001F0F1BB70472DE9F04F9B46002389B061
:103980008DF81B30159B9146DDE912A7002B0D46E3
:103990000B460CBF4FF400624FF4806207A9DDF8BC
:1039A0005080F8F7D1F90446D0B9079E28463188EF
:1039B0000DF11B02F8F744FA044688B99DF81B3054
:1039C000BB421FD8CDE90338CDE901BACDF800904C
:1039D0002B46D6E909123046F9F764F8044608B1D7
:1039E000C8F800703A4621465046D8F80030FFF734
:1039F000B8FF0798F8F73EFF002C18BF204609B023
:103A0000BDE8F08F6FF08904EAE741F2062398429F
:103A10001AD8B0F5905F09D241F2010398420CD058
:103A2000B0F5885F09D06FF0850070476923A0F575
:103A3000905080B2C340DB07F5D511F0070F14BFDB
:103A40006FF0860000207047B0F5105FEBD121F0D9
:103A50004003802B06D0B1F5807F14BF6FF0860045
:103A6000002070470020704770B5446A05460E4636
:103A70003CB90120F7F7B0FF686228B12046AE627A
:103A800070BD6FF08A00FBE76FF08C00F8E7F8B5C7
:103A90001E460F4615460388C2B103F4E043B3F552
:103AA000805F02D0B3F5005F10D1089BE900196078
:103AB0000088FFF7AAFF044630B92A463946304647
:103AC00001F03CFB079B1D602046F8BD6FF08504AC
:103AD000FAE710B50446406A10B1A16AFFF7D8FEB4
:103AE0000020C4E9090010BD38B50446FFF7F1FF16
:103AF000237F012B0FD0023B012B0FD8236A012B10
:103B000014BF6FF0960500252C220021204601F0FD
:103B100022FB284638BD236A002BF1E76FF096059B
:103B2000F2E738B514460288049D02F4E040B0F58F
:103B3000805F07D0B0F5005F04D002F44F42B2F5C9
:103B4000824F0ED1AC420FD81846224601F0F6FA49
:103B500000212A1B204401F0FEFA0020059B1C6076
:103B600038BD6FF08500FBE76FF08900F8E7F0B52E
:103B70000F461E46154685B0CAB1002301223360A8
:103B800003A9F8F7E1F8044670B9CDE900560398A7
:103B90003B46D0E90912F8F723FF04460398F8F7EB
:103BA00069FE002C08BF0446204605B0F0BD6FF04A
:103BB0008904F9E7F0B50F461E46154685B0FAB1FF
:103BC000002303A91A463360F8F7BEF8044688B903
:103BD000039803885B0410D5CDE900563B46D0E935
:103BE0000912F8F711FF04460398F8F743FE002C7A
:103BF00008BF0446204605B0F0BD6FF08604F3E729
:103C00006FF08904F6E710B50368044643B100F08D
:103C100031F900232360A3886FF30803A38010BD4C
:103C20001846FCE72DE9FF41984600230C46016841
:103C3000054616460393002939D14FF4C272083065
:103C400001F089FAB8F1000F204633460CBF4FF45B
:103C500000624FF4806203A9F8F776F80446B8B919
:103C6000039F304639882A1DF8F7EAF8044678B9E8
:103C70006B79394668F300036B71D7E9092328464D
:103C80000096B8F1000F0FD0F8F736FF044610B1D8
:103C90002846FFF7B8FF0398F8F7ECFD002C18BF93
:103CA000204604B0BDE8F081F8F74AFFEEE76FF078
:103CB0008804EDE70123FFF7B5BF38B50368054673
:103CC00014464BB132B100F0C0F8044610B128469A
:103CD000FFF799FF204638BD6FF08804FAE72DE919
:103CE000F0411646026805460F469846F2B1427901
:103CF000D2071BD50279CAB1B2421AD800F0AEF889
:103D0000044618B10023C8F800602B7137B1324661
:103D100021463846D8F80030FFF723FE2846FFF743
:103D200072FF002C18BF2046BDE8F0816FF08804B8
:103D3000E8E76FF08904E5E71FB501240394089CC8
:103D40000294079C0194069C0094FFF714FE04B0B3
:103D500010BD2DE9F04705469A46002388B0079329
:103D600025F0004323F47F03B3F1106F0846DDE92B
:103D700010961746DDF8488023D12B464FF4804239
:103D800007A9F7F7E1FF044660B9CDE90368CDE97B
:103D900001A9079800972B46D0E90912F8F7F4FE1D
:103DA000044628B131464846F8F716FAC8F80060CC
:103DB0000798F8F75FFD002C18BF204608B0BDE853
:103DC000F0876FF08604EDE703461B88084603F48E
:103DD000E043B3F5805F114602D0B3F5005F01D137
:103DE000F8F7FAB96FF0850070471C22002101F046
:103DF000B2B9037F022B06D1036A5A1C03D00133E8
:103E00000362002070476FF096007047034668B168
:103E1000017F8A1E012A0BD80329026A03D1012AD5
:103E200001D1FFF761BE1AB1013A1A620020704752
:103E30006FF096007047C0B2FF280CBF6FF086008D
:103E400000207047F8F722BF70470368052B02D1A6
:103E50000830F9F7FBB96FF08600704710B40468BA
:103E6000052C03D110BC0830F9F708BA6FF08600B2
:103E700010BC70470368052B02D1083000F0D7B89A
:103E8000002070470020F9F7C9B80020F9F700B901
:103E9000002000F0C6B8EDF7F7BA0A2842DCC31CD0
:103EA0001FDA10F1400F45D010F13F0F2BDA10F15F
:103EB000410F42D010F1550F42D010F1490F14BFFD
:103EC0006FF086006FF08400704709282DD8DFE876
:103ED00000F0052C2C2F172C372C2C3A6FF0980063
:103EE000704703300D2820D8DFE800F00A331F2286
:103EF0001F1F1F1F1F1F071F1F076FF09400704712
:103F00006FF08500704710F1210F1FD00DDB10F10D
:103F1000200F1ED010F1100F14BF6FF086006FF04D
:103F20009400704764380928CFD96FF08600704735
:103F3000002070476FF0840070476FF08900704771
:103F40006FF0930070476FF08C0070476FF088003F
:103F500070476FF09200704710B501380A449142E3
:103F600000D110BD10F8013F11F8014B6340037000
:103F7000F5E70144814200D1704711F8013D1A4430
:103F80000A70120AF6E730B5002503F58073013A8E
:103F9000002A0ADAD8B2284303D0FF2B94BF0020AE
:103FA0000120FF2B98BF013830BD845C1C448B5C22
:103FB000013AE41A230AE4B2FF332543E8E707B5E0
:103FC00001A9F8F779FF003818BF012003B05DF8A8
:103FD00004FBF7B506460D46202D2F46A8BF202727
:103FE00000216846F9F74EFF044670B93A4631465B
:103FF0006846F9F799FF10F1520F044608D0431CA8
:10400000F4D0684600F036FC34B1204603B0F0BD71
:10401000684600F02FFCE3E7EC1B3E44F5D0254654
:10402000DAE700207047F9F7D3B8F9F7D1B808B547
:104030004FF4C27101F003F8002008BDF0B504464A
:104040001F460D461646E5B04FF4C272002103A884
:1040500001F081F8214633462A46009703A8F9F774
:10406000B7F8044670B9DDE96A1203A8F9F7EEF86B
:10407000044638B9DDE96D236C9903A8F9F7FEF819
:10408000044610B103A8FFF7D2FF204665B0F0BD8B
:1040900090F84C3013B1503000F024BBD0F85431BC
:1040A00013B1D0F85C011847184670472DE9F04766
:1040B0000446806889469042174609D3201A1C306E
:1040C00001F03CF8A368DB1BA3600020BDE8F0878B
:1040D00004F1640A01215046F9F7A0FF064618B121
:1040E000BDE8F047FFF7D9BE2046FFF7D1FF0546F0
:1040F00000284BD1A26832F0100309D0A01A49461B
:104100001C3001F01BF82A46A368A5609944FF1AE9
:1041100007F1FF3828F00F08A7EB080662B9102254
:1041200004F10C0104F1500000F04CFA80BB1023A4
:10413000A360012384F84C30B8F1000F1CD0424634
:10414000494604F1500000F03DFA0546C0B901238C
:1041500084F84C3004F15007384600F021FB054646
:1041600070B9384600F079FB054648B9402104F1A2
:104170000C0000F064FF03E094F84C30002BE9D110
:104180005046F9F739FF2DB12846A9E7B046F7E7C1
:104190000546F5E7002E98D0324609EB080104F1F8
:1041A0000C0000F0CBFFA3689B1B8DE7F8B54368BC
:1041B0000546102B2FD800F1640601213046F9F78F
:1041C0002DFF18B1BDE8F840FFF767BE2846FFF79E
:1041D0005FFF0446D0B9AA6805F15007102A05F11F
:1041E0000C050AD12946384600F01DFA044668B984
:1041F000384600F032FB044608E029463846C2F152
:10420000100200F0DFF904460028EBD03046F9F741
:10421000F3FE2046D6E76FF08600F8BD2DE9F041A9
:104220004FF00008DDE906CE04880D4616461F460D
:10423000CEF80080BCF1000F15D024F0FF04B4F5D7
:10424000E24F03D1BDE8F041FAF79AB9B4F5824FD5
:104250000DD13A4631462846CDF818E06346BDE810
:10426000F04100F041BC6FF08600BDE8F0816FF0D6
:104270008500FAE72DE9F04107463C88184604F42A
:104280004F43B3F5824F0D469046079E02D0B3F5DB
:10429000884F0FD1E4B2A4F14103012B01D9122CB4
:1042A0000BD14246294600F049FF0020C6F80080A5
:1042B000BDE8F081B4F5885FF2E77B88069A0733A2
:1042C000B2EBD30F4FEAD30408D301462246284667
:1042D000F9F756F80028EBD13460E9E76FF0890070
:1042E000E6E7F9F77FB9C0F30253013B10B5052BA0
:1042F00021D8DFE803F01B0B0B0B0313032300F0A3
:1043000030002028136013D0002010BD0B8844F229
:1043100012118B420CBF04230223F0E70B8844F2F6
:1043200012118B420CBF06230323E8E70123E6E7C3
:1043300002331360E8E76FF09800E6E713B50C4628
:10434000F8F7BAFDC31C0FD0013009D004224FF09A
:10435000FF3321460DEB0200019300F00BFF30B953
:104360006FF08B0002B010BD6FF08400FAE7002000
:10437000F8E730B589B0054618220C4601A800219F
:1043800000F0E9FE012344EA052401A9BA200794BC
:104390000593F8F74BFD002818BF6FF0920009B0A5
:1043A00030BDF7B5BA2001A9F8F786FD044610B173
:1043B000002003B0F0BD019D2F0AEDB2AC4205D143
:1043C000BA20F8F75FFD0028F2D008E0E619304681
:1043D000F8F758FD30B13046FFF7F1FD10B96FF036
:1043E0009200E6E70134E9E738B503780446033381
:1043F00003F00303012B0FD86FF0210038BD607864
:104400002844F8F731FD48B901352378C3F3820316
:104410009D42F4D30020F1E70025F6E70220EDE706
:1044200008B5F820FFF7CBFD18B9F920FFF7C7FD55
:1044300010B16FF0920008BDF820F8F715FD0028C4
:10444000F7D1F920F8F710FD0028F4D0F1E7436820
:10445000A3F11001914241D8012243F80C2C53F8EA
:10446000042C42F0200243F8042C53F8082C42F0AC
:10447000005243F8082C836800F11402A3F11001E4
:1044800091422FD8012243F80C2C53F8042C42F00F
:10449000200243F8042C53F8082C42F0005243F851
:1044A000082CC36803F15402BFF35F8F4FF0A3439E
:1044B0001A60BFF35F8FC2680432BFF35F8F1A6167
:1044C000BFF35F8FBFF35F8F03225A63BFF35F8F2A
:1044D000BFF35F8F9A63BFF35F8F7047103242F86C
:1044E0000C2CB7E7103242F80C2CC9E738B5BFF3F3
:1044F0005F8F4FF0A344E569BFF35F8FBFF35F8F1A
:1045000010236363BFF35F8F012000F064FDBFF3EE
:104510005F8F00236363BFF35F8FBFF35F8FE36B36
:10452000BFF35F8F5B06F8D425B1BFF35F8FE56102
:10453000BFF35F8F38BD08B5F9F700FE30B9BFF3A0
:104540005F8F4FF0A343986ABFF35F8FBFF35F8F16
:104550004FF0A342D36BBFF35F8F10F0240F03F033
:10456000230304D0FFF7C2FF6FF01F0008BD4FF018
:10457000FF30002BFAD1BFF35F8F1063BFF35F8F63
:104580001846F3E7026913690BB1506918471846DA
:10459000704708B5826803465AB902681169426AD1
:1045A000114206D0FFF7EEFF002808BF6FF053005E
:1045B00008BD03F11400702103F17802FFF747FFF3
:1045C0000020F5E710B5047D03464CB3B2F1807FBF
:1045D00006D3FFF7D7FF002808BF6FF03F0010BDDC
:1045E0004468062C06D9FFF7CDFF002808BF6FF0FE
:1045F0004400F4E70AB90020F1E780690160996995
:104600008A60186899698069C068C86099691031C2
:104610009961596801315960996811449960EAE7D4
:104620006FF02000DBE710B4037D002B56D08368C9
:10463000C3B9836900F124021A60036882691B68A8
:10464000013343F000539360046882692368A469CE
:104650000133E4681B0203F4F8532343D3608369F6
:1046600010338361036882681C68131923EA04030A
:1046700084699B1A54F8042C42EA032244F8042C5F
:10468000826952F8084C234443F0005342F8083C36
:1046900003681A68C368134423EA0203C2691160FD
:1046A000C269C1689160C26902F11001C161C1684B
:1046B0008B420AD000211161C168C2695B1A43F0C4
:1046C00080439360C3691033C3610368DA68436A47
:1046D00023EA0203436210BCFFF75BBF6FF02000C8
:1046E00010BC704738B5037D0446002B52D00368D8
:1046F0005B69002B51D00269D3685BB15069984760
:10470000054638B12046FFF73DFF002818BF054693
:10471000284638BD214651F8783B626A9B6904F10E
:1047200014001B68F9F76EFB0123636023699A6824
:104730009AB9A2691B6813602369A2695B6843F098
:10474000005393602268A36992699268DA60A36952
:104750001033A3616368013363600025236AA26993
:10476000C43313602368A2695B6943F0005393600C
:104770002268A36992695268DA60A36922681033DB
:10478000A3616368013363601269636AA5601343C0
:104790006362BDE76FF02005BAE76FF04705B7E742
:1047A00038B5027D0346002A40D0026881689468CB
:1047B0008C4206D9FFF7E6FE002808BF6FF05300D1
:1047C00038BD5468B1FBF4F504FB151434B1FFF7A0
:1047D000D9FE002808BF6FF04500F1E7416AD068B4
:1047E00001435962D3E90701C43152690160186875
:1047F000D96940690F328860D96922F00F0201F14E
:104800001000D8611868406990420AD00C6118689D
:10481000D9694069121A42F080428A60DA6910321E
:10482000DA611846BDE83840FFF7B3BE6FF02000EC
:10483000C6E738B5037D054663B1FFF77CFE431C30
:10484000044605D02846FFF79DFE002818BF044601
:10485000204638BD6FF02004FAE710B5037D04460A
:104860002BB12046FFF7E5FF431CFAD010BD6FF0D7
:104870002000FBE710B5037804461BB1F8F7D0F928
:1048800000232370002010BD0368D868C0F30040E7
:104890007047036803F58053586A00F4A02000387D
:1048A00018BF01207047022203689A6070470368AE
:1048B000D868F9F7E5BC024608B51046FFF7E4FFF3
:1048C0000028FAD1BDE808401046FFF7F0BF0368A2
:1048D0005A5070470369996670470369986E70472C
:1048E000C0F30B03482B4B6028BF482310F4003F54
:1048F0008B6008BF0023CB6010F4803308BFC1E990
:10490000013300F47003B3F5700F14BF00238B68FC
:1049100000284FF0010C4FF008028B60B8BF002355
:10492000C1E905C2B8BFC1E9053370472DE9F047B9
:104930009946058843888AB003F10708009305F477
:104940004F43B3F5824F04468A4617464FEAD806CE
:1049500002D0B3F5884F3FD1EDB22022002102A84A
:1049600000F0F9FB0023BE42C9F8003041D8B8F589
:10497000847F41D220466A463946F9F7AFFD0446A6
:1049800030BB2846009901AAF9F7EAFC0446F8B9B9
:10499000A5F14103012B21D8324602A9F8F778FB93
:1049A00028BB314602A800F018FB40BB412D04D1C2
:1049B000202E02D102A800F076FA3246504602A913
:1049C00000F0BCFB202102A800F039FBC9F8006010
:1049D00020460AB0BDE8F0870025BEE73A465146BA
:1049E000019800F06BFA0028ECD0FFF756FA044665
:1049F000EEE76FF08904EBE76FF08504E8E76FF00E
:104A00009304E5E72DE9F341DDF820801E46438855
:104A100042450F461546019315D8294601AAF9F7D4
:104A20005DFD044658B92B463A464146304600F0F3
:104A3000E9FA58B10A9B019A1A60099B1D60204649
:104A400002B0BDE8F0816FF08904F8E76FF08604EA
:104A5000F5E72DE9F0431F460688438895B0029399
:104A600006F44F43B3F5824F0546144602D0B3F522
:104A7000884F2FD1F6B20A462346412103A8D5F824
:104A80000C9000F0BFFA38B31C9B9C4227D82846F4
:104A9000214602AAF9F722FD0546B8B9122EDDF823
:104AA000088001D0302E07D1424631464846009456
:104AB00003ABF9F7DDFCA8B92246384603A900F09C
:104AC0003DFB1E9BC3F800801D9B1C60284615B053
:104AD000BDE8F0830026CEE76FF08605F6E76FF0BD
:104AE0008905F3E70546F1E78B4238B505460C46E4
:104AF000104607D30A46294600F020FB0020049BFD
:104B00001C6038BD6FF08900FBE710B59EB002460F
:104B100046F611031AA901A8F9F774F90023039ABC
:104B200010211360039A01A89360039B1AAA103303
:104B30000393FFF78CFCFFF7FEFC431C0446FAD0FE
:104B400001A8742100F07BFA20461EB010BDF8B514
:104B50000668054696420C46A2EB060701DDFAF709
:104B600002FC3946204600F03FF832466968E019F9
:104B7000BDE8F84000F054B8FFF7E9BFF8B50746C4
:104B80001646D2E900208A420C460BDB551A29460C
:104B900000F02AF82246394670682844BDE8F840FB
:104BA00000F0CCBA891A3944F8E770B514460E46BD
:104BB0001D4621461A46FFF7E1FF2146304605F122
:104BC0000802BDE87040FFF7D9BF70B5054616462C
:104BD0001C461A46FFF7BBFF2246314605F1080086
:104BE000BDE87040FFF7B3BF38B503460C4699B136
:104BF0000022590703D0013C03F8012BF9D124F01E
:104C00000F052A460021184600F0A5FA03460021A8
:104C1000421923449A4200D138BD02F8011BF9E73A
:104C20008B18991A12B110F00F0F01D100F086BA4B
:104C30000978013AC9B200F8011BF2E770B50646DF
:104C40000D461446FFF749FE013D026844EA05247B
:104C5000304622430421BDE87040FFF738BE73B5EB
:104C60000546D0E90146CDE90023FFF736FE00688E
:104C7000ED68C0009DF800209DF8073004EB061495
:104C8000A5F1080114D502F03F0242F0200243F0E2
:104C90000103601B8DF800208DF80730FFF7A4FF9B
:104CA000083C082269462046FFF7BAFF02B070BDF3
:104CB000A41B03F03F0342F0010243F0200304F180
:104CC00008008DF800208DF80730FFF78DFFE8E72A
:104CD00010B50446FFF701FEC2684AB142F4202233
:104CE0002046BDE81040002142F40062FFF7EFBD0E
:104CF00010BDC06870472DE9F8430A680C4612F4ED
:104D0000700F15D1D0E90159D1F80880FFF7E5FD02
:104D100003682046DB0048BF63684FF0000744BFCC
:104D2000A9EB0303ED1800F0B0F80646B74201DB2B
:104D3000BDE8F883414628466268FFF771FF636863
:104D40004D4498440137F1E770B50C461E461046B5
:104D5000D1E9012505EB42052946FFF761FF6268AD
:104D60003046A918BDE87040FFF75ABF38B5044671
:104D7000FFF7B3FDD4E9013501684268C90042BFBD
:104D8000E168691A5B18002112B904F1140038BDFA
:104D9000D00707D50B2901D9FAF7E5FA04EB810012
:104DA000436101312B445210EEE72DE9F04F0446E8
:104DB00085B00E4691460193FFF78FFDD4F848A0C9
:104DC0000546BAF1000F07D02046F9F73FFA102543
:104DD000284605B0BDE8F08F8768D4E9018BF9F764
:104DE000D7F9326811064CBFC268426871689142B7
:104DF00004DD2046F9F72AFA0D25E9E7E16032687B
:104E0000204649EA02092A6949EA0202FFF716FF29
:104E10002A68D20003D5E268ABEB020290443FB9A6
:104E200031462046FFF767FF2B696BB90025CFE7B6
:104E3000FB0748BF019B4FEA670744BF43F82A803E
:104E40000AF1010AD844EAE702A800F043F805464F
:104E500018B12046F9F7FAF9BAE72046DDE902234E
:104E6000FFF7FDFE08210DEB010000F0E8F8DDE79B
:104E700010B50446FFF72CFFBFF35F8F03222046D7
:104E8000BDE810400821FFF722BD0368024613F475
:104E9000700F06D1806828B1D368506893FBF0F09A
:104EA000704700207047037823F007030370C37F27
:104EB00003F07F0343F04003C37770470B46D0E90C
:104EC00001108A42084402D31A4600F019B86FF064
:104ED0004000704710B50446F9F75AF9436963B1C9
:104EE0002046F9F719FA50B9D4E900321343F7D044
:104EF000201DBDE81040F9F70FBA6FF0020010BD99
:104F00002DE9F0470446104639B1224600231646E3
:104F100012F8015B35B98B4202D16FF0530435E0D2
:104F20000133F4E78B42F8D04A1E9A4201D1022D98
:104F3000F3D9A25CD2072FD5FF2415EA040228D1A9
:104F4000E443A1EB0308C71800F06EF8E5B208EBE4
:104F5000070A424639460020F8F79AF80446E8B9AD
:104F60003B7881462B403B703B4613F8012B9A451A
:104F700049EA0209F9D10023424631463846FFF793
:104F800002F8B9F1000FE4D00028E2DA2046BDE8CB
:104F9000F0876400E4B2D0E76624F7E70224F5E77F
:104FA0004FF0FF324FF0FF33F5F79ABAF5F70ABB2F
:104FB00000F0B4B807B54FF0FF334FF0FF32CDE942
:104FC0000023002200F0B7F803B05DF804FB00F006
:104FD000AEB800F0A8B8FEF714BB002313B58DF8E7
:104FE00007308B4206D19DF80700B0FA80F04009E7
:104FF00002B010BDC45C9DF80720013322438DF838
:105000000720EEE78B4230B50CD8002421469C42A5
:1050100003D1081E18BF012030BD155D0555294379
:105020000134F4E70020F7E710B58B4294BFC418B1
:105030004418A04200D110BD00F8012BF9E700236D
:105040001A4682B001908B4201D102B0704701989C
:10505000C2540133F7E72DE9F3470446DDE90A9826
:1050600015460E4659B302F0010AF6F797F80746BF
:10507000EFF31181402383F31288BFF36F8FA807EA
:1050800044BF0023A360A36803EA0600BAF1000F3F
:105090000CD086420CD16A0744BF8343A36081F3DE
:1050A0001188BFF36F8F02B0BDE8F0870028F2D1FE
:1050B00059EA080305D181F31188BFF36F8F0020EF
:1050C000F1E7C7E918652246CDE9009804F10C0024
:1050D000F5F7FEFE0028F2D1386EE4E710B50B6854
:1050E0000446D0E9180212F0010F03EA000301D0D0
:1050F000984211D183B12366520748BF4A6804F130
:10510000180044BF1A434A60FEF716FB00232046EE
:10511000C4F88030FEF70CFA002010BD0023C0E96F
:105120000000836070474FF0FF32F9F76FBB0A460B
:105130000021F9F76BBB5200FFF78DBF0A44431EF5
:10514000914200D1704710B511F8014B914203F81C
:10515000014FF9D110BD02440346934200D170477C
:1051600003F8011BF9E7044608B5F9F7D7FD204617
:10517000EDF760FA0139024410B5904201D10020E8
:1051800005E0037811F8014FA34201D0181B10BDB0
:105190000130F2E70139034610B532B111F8014F81
:1051A000013A03F8014B002CF7D11A440021934235
:1051B00000D110BD03F8011BF9E70246014410B508
:1051C0008A42134603D01C780132002CF8D1181AF9
:1051D00010BDF0B5C3F13707044603F01F031046B6
:1051E000FFB2082BE6B232D0102B3DD06508A408E0
:1051F00045EAC17544EA81748A082D1942EB5102CF
:10520000290941EA02716D1842EB1212290A41EA9A
:1052100002616D1842EB1222290C41EA02416D181D
:1052200042EB1242AD1842F10002EC0844EA42742B
:10523000D10804EB8402A6EB4205EDB2092D0CD98E
:105240000134A5F10A0541F10001EDB212E0E408D4
:1052500006F0070544EA4174C908303554EA0102F2
:1052600000F8015BBDD1F0BD240906F00F0544EA4A
:1052700001740909092D84BFED19EDB2EDE70000B5
:0852800016BAFE7F01000000D8
:105288000929010000000000518C01000000000005
:10529800000000004053020039A401000000000093
:1052A8005DA4010000000000000000007853020027
:1052B800000000005C53020000000000945302004C
:1052C8003197010000000000732A0200000000006E
:1052D80000000000B053020000000000CC530200A0
:1052E8004186010000000000BF2802000000000005
:1052F800892601000000000000000000E8530200B9
:10530800C9130100000000007DA701000000000093
:10531800D529010000000000EF290200000000006C
:10532800F929020000000000892B0100000000009C
:08533800CD1901000000000086
:1053400048850200E0660200DC5C020024060020C2
:1053500080440020A9830100000000005D85020058
:10536000FC660200B85C020028060020D44400203D
:1053700065880100000000006985020010670200D6
:10538000B85C02002A060020E04400206588010085
:10539000000000007485020024670200B85C02006F
:1053A0002C060020EC44002065880100000000006D
:1053B0005585020000000000B05C020026060020B7
:1053C00000000000E5260200000000007F850200CA
:1053D00044670200F85C02002E060020F84400201A
:1053E0001528020000000000B08502000000000047
:1053F000946702003006002004450020B58E0100AD
:0454000000000000A8
:1054040000000000C7F2010000000000C7F2010024
:1054140000000000C7F2010000000000C7F2010014
:1054240000000000C7F2010000000000C7F2010004
:1054340000000000C7F2010000000000C7F20100F4
:1054440000000000C7F2010000000000C7F20100E4
:1054540000000000C7F2010000000000C7F20100D4
:1054640000000000C7F2010000000000C7F20100C4
:1054740000000000C7F2010000000000C7F20100B4
:1054840000000000C7F2010000000000C7F20100A4
:1054940000000000C7F2010000000000C7F2010094
:1054A40000000000C7F2010000000000C7F2010084
:1054B40000000000C7F2010000000000C7F2010074
:1054C40000000000C7F2010000000000C7F2010064
:1054D40000000000C7F2010000000000C7F2010054
:1054E400000000008997010000000000C7F20100DD
:1054F40000000000C7F2010000000000C7F2010034
:1055040000000000C7F2010000000000C7F2010023
:1055140000000000C7F2010000000000C7F2010013
:1055240000000000C7F2010000000000C7F2010003
:1055340000000000C7F2010000000000C7F20100F3
:1055440000000000C7F2010000000000C7F20100E3
:1055540000000000C7F2010000000000C7F20100D3
:1055640000000000C7F2010000000000C7F20100C3
:1055740000000000C7F2010000000000C7F20100B3
:1055840000000000C7F2010000000000C7F20100A3
:1055940000000000C7F2010000000000C7F2010093
:1055A40000000000C7F2010000000000C7F2010083
:1055B40000000000C7F2010000000000C7F2010073
:1055C40000000000C7F2010000000000C7F2010063
:1055D40000000000C7F2010000000000C7F2010053
:1055E40000000000C7F2010000000000C7F2010043
:1055F40000000000C7F2010000000000C7F2010033
:1056040000000000C7F2010000000000C7F2010022
:1056140000000000C7F2010000000000C7F2010012
:1056240000000000C7F2010000000000C7F2010002
:1056340000000000C7F2010000000000C7F20100F2
:1056440000000000ADE0010000000000C7F201000E
:1056540000000000C7F2010000000000C7F20100D2
:1056640000000000C7F2010000000000C7F20100C2
:1056740000000000C7F2010000000000C7F20100B2
:1056840000000000C7F2010000000000C7F20100A2
:1056940000000000C7F2010000000000C7F2010092
:1056A40000000000C7F2010000000000C7F2010082
:1056B40000000000C7F2010000000000C7F2010072
:1056C40000000000C7F2010000000000C7F2010062
:1056D40000000000C7F2010000000000C7F2010052
:1056E40000000000C7F2010000000000C7F2010042
:1056F40000000000C7F2010000000000C7F2010032
:1057040000000000C7F2010000000000C7F2010021
:1057140000000000C7F2010000000000C7F2010011
:1057240000000000C7F2010000000000C7F2010001
:1057340000000000C7F2010000000000C7F20100F1
:1057440000000000C7F2010000000000C7F20100E1
:1057540000000000C7F2010000000000C7F20100D1
:1057640000000000C7F2010000000000C7F20100C1
:1057740000000000C7F2010000000000C7F20100B1
:1057840000000000C7F2010000000000C7F20100A1
:1057940000000000C7F2010000000000C7F2010091
:1057A40000000000C7F2010000000000C7F2010081
:1057B40000000000C7F2010000000000C7F2010071
:1057C40000000000C7F2010000000000C7F2010061
:1057D40000000000C7F2010000000000C7F2010051
:1057E40000000000C7F2010000000000C7F2010041
:1057F40000000000C7F2010000000000C7F2010031
:1058040000000000C7F2010000000000C7F2010020
:1058140000000000C7F2010000000000C7F2010010
:1058240000000000C7F2010000000000C7F2010000
:1058340000000000C7F2010000000000C7F20100F0
:1058440000000000C7F2010000000000C7F20100E0
:1058540000000000C7F2010000000000C7F20100D0
:1058640000000000C7F2010000000000C7F20100C0
:1058740000000000C7F2010000000000C7F20100B0
:1058840000000000C7F2010000000000C7F20100A0
:1058940000000000C7F2010000000000C7F2010090
:1058A40000000000C7F2010000000000C7F2010080
:1058B40000000000C7F2010000000000C7F2010070
:1058C40000000000C7F2010000000000C7F2010060
:1058D40000000000C7F2010000000000C7F2010050
:1058E40000000000C7F2010000000000C7F2010040
:1058F40000000000C7F2010000000000C7F2010030
:1059040000000000C7F2010000000000C7F201001F
:1059140000000000C7F2010000000000C7F201000F
:1059240000000000C7F2010000000000C7F20100FF
:1059340000000000C7F2010000000000C7F20100EF
:1059440000000000C7F2010000000000C7F20100DF
:1059540000000000C7F2010000000000C7F20100CF
:1059640000000000C7F2010000000000C7F20100BF
:1059740000000000C7F2010000000000C7F20100AF
:1059840000000000C7F2010000000000C7F201009F
:1059940000000000C7F2010000000000C7F201008F
:1059A40000000000C7F2010000000000C7F201007F
:1059B40000000000C7F2010000000000C7F201006F
:1059C40000000000C7F2010000000000C7F201005F
:1059D40000000000C7F2010000000000C7F201004F
:1059E40000000000C7F2010000000000C7F201003F
:1059F40000000000C7F2010000000000C7F201002F
:105A040000000000C7F2010000000000C7F201001E
:105A140000000000C7F2010000000000C7F201000E
:105A240000000000C7F2010000000000C7F20100FE
:105A3400CC530200B927020000000000C7F20100A5
:105A440000000000C7F2010000000000C7F20100DE
:105A540000000000C7F2010000000000C7F20100CE
:105A640000000000C7F2010000000000C7F20100BE
:105A740000000000C7F2010000000000C7F20100AE
:105A840000000000C7F2010000000000C7F201009E
:105A940000000000C7F2010000000000C7F201008E
:105AA40000000000C7F2010000000000C7F201007E
:105AB40000000000C7F2010000000000C7F201006E
:105AC40000000000C7F2010000000000C7F201005E
:105AD40000000000C7F2010000040020912702002A
:105AE40000000000C7F2010000000000C7F201003E
:105AF40000000000C7F2010000000000C7F201002E
:105B040000000000C7F2010000000000C7F201001D
:105B140000000000C7F2010000000000C7F201000D
:105B24001DA10100912A020000000000C7F201003B
:105B340000000000C7F2010000000000C7F20100ED
:105B440000000000C7F2010000000000C7F20100DD
:105B540000000000C7F2010000000000C7F20100CD
:105B640000000000C7F2010000000000C7F20100BD
:105B740000000000C7F2010000000000C7F20100AD
:105B840000000000C7F2010000000000C7F201009D
:105B940000000000C7F2010000000000C7F201008D
:105BA40000000000C7F2010000000000C7F201007D
:105BB40000000000C7F2010000000000C7F201006D
:105BC40000000000C7F2010000000000C7F201005D
:105BD40000000000C7F2010000000000C7F201004D
:105BE40000000000C7F2010000000000C7F201003D
:105BF40000000000C7F2010000000000C7F201002D
:105C040000000000C7F2010000000000C7F201001C
:105C140000000000C7F2010000000000C7F201000C
:105C240000000000C7F201008D2A0200912A020040
:105C340000000000C7F2010000000000C7F20100EC
:105C440000000000C7F2010000000000C7F20100DC
:105C540000000000C7F2010000000000C7F20100CC
:105C640000000000C7F20100880300209127020011
:085C740000000000C7F201006E
:105C800040190020584E002000040000B516010005
:105C90000000000000000000000000000A000000FA
:105CA000000000008D7F02000000000000000000E6
:085CB000D126020000000000F3
:105CB80091860100F526020001270200152702003F
:105CC8001F27020029270200AD8801003D27020096
:045CD80000000000C8
:105CDC0001840100372602009D260200000000000E
:0C5CEC00D52502000000000000000000B0
:0C5CF800D12702004D8B0100C3270200E1
:105D040005000000F950010006000000E1720100E6
:085D1400040000001564010009
:105D1C007516010095150100000000000000000040
:105D2C000000000000000000000000002D15010024
:105D3C001D15010000000000F1140100000000001E
:105D4C009065020008000000D46202000700000009
:105D600000000000030000003000000060000000A0
:105D70000000000000A0105000820D5000040550EB
:105D80000102082526270102030328049042BE11C0
:105D9000B400500BEE03010204004C01E80B860432
:105DA0000102030300000028000000200102FFFFA1
:105DB000FFFFFF030F141E28323C506478010203DA
:105DC00003010100020700010204010001000001BB
:105DD00001000001000100000100010000000102BB
:105DE000080F141E28323C5064780000020B00009B
:105DF00001000B0002000A00050009000A0008006B
:105E0000140007001E000600320005004B000400CD
:105E10006400030096000200FA000100F401000093
:105E20000102030302030001F401FA00960064007A
:105E30004B0032001E0014000A00050002000100A1
:105E40000C0802170D0101020909010106020918D7
:105E50001803010109098383850302012302022437
:105E60000910040405050B0B040B2B1B1B159A9A38
:105E70001C021D16130501490D150508061B1B0FF5
:105E800001010000FEFEFEFEFEFEFEFEFEFEFEFE28
:105E9000FEFEFEFEFEFEFEFEFE16FEFEFEFEFEFE0A
:105EA000FEFEFEFEFEFE1F1FFE26FEFEFEFEFE3076
:105EB000FEFEFE32FEFE32FEFE35FEFE3E3EFEFEE3
:105EC000FEFE3B3B60009006BE022C01D012CE05C8
:105ED00028049042BE1164005006AE027205DA43F7
:105EE000081300010202A201B003BE05EE0248063B
:105EF000A209C405F40B241226FEFEFEFE2E363047
:105F0000FEFEFE32FEFEFEFEFE35FEFEFEFEFEFE46
:105F1000FEFEFEFE2E010203030102030301020442
:105F200012FEFEFEFEFEFEFEFEFEFE030303030364
:105F300003030303030303030303030314FEFE1617
:105F4000FEFEFEFEFEFEFEFE23FEFEFEFEFEFEFE4C
:105F5000FEFEFE2E363039FEFE32FEFEFEFEFE3521
:105F6000FEFEFEFEFEFEFEFEFEFE2E01020303000E
:105F700028049042BE117205DA4308132C00D002A7
:105F8000CE010440100028049042BE112C00D00223
:105F9000CE01B400500BEE0364005006AE02B40014
:105FA000500BEE030102030328049042BE112804A3
:105FB0009042BE11010203030001020210120020F0
:105FC0000200000B010000000700000000000000BC
:105FD00000000000000000000406080A0C0E101269
:105FE0001416181C1E20222426282A2C2E30323467
:105FF00036383A3C3E40424446484A4C4E021A50DB
:1060000000000000280000001800000050010000FF
:106010005001000000000000F023000024130000E5
:1060200018790000E86700001C0C78051437A438C4
:10603000000000004006000040060000400600008E
:1060400040060000000098086B039C1858020000EE
:10605000000000000000000000000000F02300002D
:10606000241300003CF000003CF0000000000000A1
:1060700048A3000014A000003CA5000068A6000092
:106080000000000000000000000000000000000010
:10609000000040060C033408600900000000000006
:1060A00000000000E3A3C300B80000200200000BC2
:1060B0007C1200200200000C7A1200200200000B6B
:1060C0007A1200200100000CE01200200100000CF8
:1060D000010208FF7F00200018000A8007200298B4
:1060E00001AA800001020304020304040102030464
:1060F000010101020101010102030402E4E1D8D21D
:10610000C6C9B4B19C93878D6C6378724E4B272DB2
:106110001B1E36390020602040608000010200050F
:106120000400080800000000000000000000010159
:106130000101010101010101010102020202020249
:10614000030304040505060607070808090A0B0CE3
:106150000D0E0F101112131415161718191A1B0013
:1061600010010000D200000030010000D800000043
:1061700001000000E400000002000000EA0000004E
:1061800002000000EC00000003000000EE00000030
:1061900004000000F000000005000000F200000014
:1061A00006000000F400000007000000F6000000F8
:1061B00008000000F700000009000000F8000000DF
:1061C0000A000000F90000000B000000FA000000C7
:1061D0000D000000FB0000000F000000FC000000AC
:1061E00011000000FD00000013000000FE00000090
:1061F00015000000FF000000180000000000000073
:106200001B000000010000001F0000000200000051
:10621000230000000300000028000000040000002C
:106220002D00000005000000330000000600000003
:1062300039000000070000003F00000008000000D7
:1062400000100200FA00000001030062746C650097
:10625000000000000000000000000000000000003E
:10626000000000000000000000000000000000002E
:10627000000000000000000000000000000100001D
:106280000338FDD870470000000000000000000047
:106290000338FDD8704700000101000020060020EF
:1062A000090F00007F7E0200511501003D1501001D
:1062B00000000000000000000000000000000000DE
:1062C00000000000000000000000000000000000CE
:1062D00049160100447D0200D916020000000000AA
:1062E000407D0200000001003C7D0200791902009F
:1062F000000000007003002000000100347D020057
:1063000075F2010000000000000000000000010024
:10631000307D0200791902000000000068030020AF
:1063200000000100287D020041F201000000000091
:106330000000000000000100247D02007919020025
:106340000000000060030020000001001C7D02002E
:106350001BF201000000000000000000000001002E
:1063600060000020000000000600010002000000A4
:1063700074630200000000002F8402000600000089
:10638000E0CF170000000020378402002100000049
:10639000E0FF032078030020152701000000000023
:1063A00077F3010098630200B46302000201000069
:1063B0000000000044A9002098630200C8630200A6
:1063C0002E0000000000000080BE00209863020044
:1063D000DC630200020100000000000054BF002046
:1063E0000E030000713401000F0400006D35010040
:1063F0001A010000BFF60100050400003D2B01005A
:106400001301000041F901003E010000292D0100A7
:1064100001120000F5F901000A1E000025FA010032
:10642000FF010000012C01003E010000212C0100B1
:106430000504000015F701000804000011FB01002D
:1064400030030000ABFA01001001000053F7010017
:1064500001120000293301000A1E0000D3FB0100D5
:10646000030900001DF80100040B000097F801006B
:10647000060A0000E5FC0100070A0000E5F701003C
:106480000C05000033FA0100050C00001DFC0100A2
:106490002BFD0000A7F70100350900005BF70100A4
:1064A00098630200B06402000201000000000000D6
:1064B00070C0002098630200C46402000000000065
:1064C00000000000A4C2002098630200D86402000B
:1064D0004A00000000000000CCC200207704020047
:1064E0007F04020000000000000000000000000027
:1064F00069550100000000000000000000000000DD
:10650000000000000000000098630200186502000F
:10651000110000000000000024C40020020201005D
:106520002F0E020004040100295C01000606010090
:10653000855E010008040100455F01000A020100B8
:106540004F0F02000C040100370F02000E0401007F
:106550005D5D010020040100F15D010010040100F7
:106560005960010012020100990F02001E00040090
:10657000CD14020052020000BF0F02009863020017
:106580008C6502004C0000000000000060C4002088
:10659000747D0200D916020000000000707D020028
:1065A000000001006C7D020079190200000000006B
:1065B0002405002000000100647D020000000000AE
:1065C000000000000000000000000000607D0200EC
:1065D000AB160200F56901002C0500200000030045
:1065E0005C7D020079190200000000001C050020FB
:1065F00000000100547D0200111702005118020032
:106600000000000000000300507D02007919020024
:10661000000000001405002000000100487D020079
:10662000296D0100000000000000000000000100D2
:106630001D780100E5220200257F01000000000016
:1066400000000000857D0100000000000000000047
:10665000000000000000000000000000000000003A
:1066600000000000B978010006000000F11F0200E0
:1066700006000000911F0200100000006974010074
:10668000100000009B22020001000000991C020083
:1066900010000000ED1F02000A0000005B1D020058
:1066A00010000000097E010007000000F51F020035
:1066B00010000000371D0200010000007577010086
:1066C00040000000351F0200100000004F1D0200B6
:1066D0000100000065830100358301000000000017
:1066E000B184010031840100C7260200C3260200E4
:1066F00000A0105000820D50000405507F000000E3
:1067000000A01050880300200000000000000000DE
:10671000FFFF010000820D50000400200000000077
:1067200001000000FF070000000405500000000009
:10673000000000000200000000A0105000820D5078
:106740000004055000600C50000000000000000034
:106750007067020000C201000000D60100000000C6
:1067600000000040001000004E4A00204D4A00206A
:1067700000600C507C67020001000000846702008A
:10678000040000002400000026000002250600018D
:1067900027060003018E0100CB280200F928020021
:1067A00000A0105000820D500004055008000000A9
:1067B00002000000040000000100000088520200F6
:1067C00098520200F0520200F852020038530200C0
:1067D00040530200DF8502000001000000000000BD
:1067E0005751020000388A408F409440A140A64093
:1067F000AC401548CB40AE40A340003800380038CC
:106800000038CE40ED409D4149415641324137412B
:106810003C414141B941BE41D7410E42FA418D410F
:106820001B42804162426A42774274436E43664330
:106830007F432E4824460038003800380038AF48DF
:10684000D548F34863457D4585439D45A845BB45EF
:10685000E345ED45CF45FC4515468C466E469546CD
:106860008E4600380038003828420038003800389A
:106870000038003800380038003800380038003858
:10688000003800381949194919491949194919494C
:106890001949194919491949003800380038003890
:1068A0000038003800380038003800380038003828
:1068B0000038003800380038003800380038003818
:1068C0000038003800380038003800380038003808
:1068D00000380038003800380038003800380038F8
:1068E000003800388C090038FFFFFF00000000006E
:1068F00010270081878A001A7B627AA678797A8DC0
:1069000000307B627AA778797A8D003078207B62BC
:1069100079217A220C10865082A2808182A28287FD
:10692000828D001A0030722095407AAC797B00305D
:1069300078247B627AA884797A8D00307224A7400B
:106940007B2479257A26856286A87284868D11A695
:106950008584116286A785868420862186228650BA
:106960009A5086A6867286A88685868D8462868DD4
:10697000781086A67270001A00307ABB78790030E1
:1069800000830030001C001C001C001C001B7C222B
:10699000001D1310D040001A001C001C001C001B1E
:1069A0007C22001D001B7C22001D1310DA40001AFF
:1069B000000C016A3427001A006E1027001A7B624F
:1069C000782479257A260C1086500E1022590E1044
:1069D0001A59848FC50811B885850410295911A248
:1069E00084871AA211111120071890A2801A9020F2
:1069F000001919A272871AA61970001B7C201AA20E
:106A00001A8013100B410E101D590410335986A221
:106A10001A72868D001A0030870811B8858211A27B
:106A200084871AA211111120031890A2801A9020B5
:106A3000001915A281871AA215151520031890A216
:106A4000801A902000190741865005240825042645
:106A5000F5408650042406250526F54086500C2472
:106A600006250B26F54086500B2408251A26F550DE
:106A700000AB0C1A00300DA702720AAC060D0EA76F
:106A800003720BAC060E02620CA872030C8D003070
:106A90007DBB0203048F05A670700362865004203C
:106AA00072210E229A500070108A0E240B250E2699
:106AB000F35002728650042072210D229A50027205
:106AC0001027108A0D240A250D26F35005A70D0E58
:106AD00005200C2105229A50007005BB030505A670
:106AE0000E05003002628650042072210D229A5059
:106AF0000070108A0D240A250D26F35000300DA7D2
:106B00000D0E05A67070027286500C200D21052214
:106B10009A50007005BB030505A60E050030026201
:106B20000DA7027203620EA7037201BB0D0E00BB1C
:106B300002030D200E21802282AC808181208221DF
:106B40003910A941006201A80180018D01240825A6
:106B50000626B15000300324062508268650F3404F
:106B6000032405250A268650F350026286500A2027
:106B700072210A229A503810003906200A210B226D
:106B80009A500BA60B0C0BA80B050B8D3810003977
:106B9000003002620A8E0A8F0B8E0B8F07278750F8
:106BA0000EA8720B0C200E210D229A500A200E21E5
:106BB0000E229A500062865003240D251A260821C1
:106BC0000E221A510262008107271A2072211A220E
:106BD0009A5000AB0A1A003086500DBB08060DA66D
:106BE000040D032406250E26F3500E2007210E2245
:106BF0009A500EA7050E0E8D0E240D250B26F34080
:106C000086500A2408250D26F35002200D210E225D
:106C10009A500E240C250B26F340865007200A219B
:106C20000D229A5003240C250E26F35005A60D0EB6
:106C3000058D0030865001A700720AB901000624B4
:106C40000A250426F55077A7047238100030011881
:106C500077A70401381000300420042104229A5040
:106C600077A704723810003C001977A70401391087
:106C7000003C0030A0A27210685380A2811090A244
:106C800091100210965308105B541410FB543910E5
:106C90008134001A000C865033A2041002102D44D7
:106CA0000810D74414105B455852262078214852CA
:106CB0002621001C7A20CC425852262078214852A6
:106CC0001D2079214A52262026211D22001E7A20CD
:106CD000CC425852782479257D527A20CC4211201A
:106CE00084214852112010107A590E103649012182
:106CF0008526006886AC86012EA67070C1522E22B1
:106D000036102C2235A78682006CC80811B8358150
:106D1000EA5026201121001C2620021012541121B5
:106D200026220718B120021015540810C754141059
:106D3000515580210019E35226202621D0501122DE
:106D4000BC520068C152006C2320361026201B2242
:106D50000318001E802100192621001A001B0B10A9
:106D60002320001F001A2CBA73742CBA2C2C2CA7C9
:106D70002C742DA7018677A72D2C001AA122DC5296
:106D800002108D53081054541410F65480A28072CF
:106D900090A29072808D908D001A003082A2821095
:106DA00082A2827282A81082001A2C20132116223D
:106DB000071880A2818280219020B22200193222FD
:106DC000DC5229A2322828A2323131A2292525A25B
:106DD000293030A2312222A2312F2FA2301F1FA230
:106DE000302E2EA22F1C1CA22F2D2DA22E1919A23F
:106DF0002E2C2CA22D1616A22D132FA6117030A604
:106E0000127031A6137013A62C70112011210818CE
:106E100002108D53081054541410F654A020B121C0
:106E2000001926A62F7027A6307028A63170001AE8
:106E30001120842148521D20822148528A0811B80D
:106E40008583142011211122001C05188024B120F3
:106E50008421001E001920201D211D22001C051860
:106E60008024B1208421001E0019E352262026210F
:106E70001922001EDA501122BC5219222620BC52BF
:106E800077A22872F810821077A7850177108620E4
:106E9000CC4285A6850183A6830183A6830113A224
:106EA00072101DA619701EA61A701FA613702C430F
:106EB000585278210810E044818F918F001A0030D9
:106EC00077A701003810013A001A00305852042107
:106ED0006853021039540810F0543810053A001A5B
:106EE00000305852262078214A52001A0030585259
:106EF000151075536E53262002214A5200302DA2E0
:106F0000A1A12EA2A12D80A2812D90A2912E001AC6
:106F10002FA205102EA280802CA280332EA22E80BC
:106F20002DA290902EA62E2C2EA62F2E2CA72D2EE5
:106F30002CA22C722C8D001A30A691912CA6818146
:106F40002DA230911A10E24331A2A1A11810C5431D
:106F50002EA2818131A231312CA22C2D31A23133CC
:106F60002FBA2E742EA62F3131A62C2CD1432EA64B
:106F700081312FA781312CA22C2D2EA22E2F31A6AC
:106F80002C2C2EBA2E742DA22D2D2FA22E2E2DA6F6
:106F90002D2D80A72F3131A72C80A0A230A12FA2A8
:106FA0002E3190A72F2D001A2EA281812CA22C2DDC
:106FB000CD4331A67092ED4331A77092ED4330A2DC
:106FC000A1A12FA231A131A230822FA22F3031A74F
:106FD00031812FA72F9130A23131A0A231A12CA253
:106FE000813030A231302EA62C2C31A22F2F2EA68C
:106FF000302E80A7312E2CA72C802EA2913031A2CA
:107000002F2C90A7312E001AB0A2A0A0001A2EA6F5
:1070100070921B442EA770921B442DA2A2B231A2E3
:10702000A1A12CA281B22FA2A13131A282312DA225
:10703000912D2FA22E2F2EA2A1A22C21F543AAC35F
:10704000E7D3EAE32CA6047477A72C00381477A6BC
:1070500004707814001A2DA205102EA633332FA623
:107060002D2D2EA22E2E2FA62F2D2EA22E332FA267
:107070002F2F30A62F2F2EA62E2F2FA62E3077A201
:107080002F72001A90A77090908D001A2DA2A1A1C6
:1070900080A281A190A2912D001A2FA205102EA2EC
:1070A00080802CA280332EA22E802CA22C802DA298
:1070B000909030A280902EA62E2C2DA62D302EA69C
:1070C0002F2E2CA72D2E001A2CA281A12DA281815A
:1070D0002EA62D912DA22D2DA0A22C2C2CA22C2E33
:1070E0002EA22E2E181085442FA2A03387442FBA2B
:1070F000A0042EA62E2C80A62E2F2CA6A02C2DA2CE
:107100002DA02CA22C8090A62C2D001A7023984420
:107110008223984431A683922FA282A130A2A1A1FA
:1071200030A2313031A2818132A22F2F29A63132F3
:1071300031A63191A0A229A131A22F312EA6812FF3
:1071400032A630322FA6913032A281322FA22F2EBA
:107150002CA2812F2DA2299180A632312CA62C2D74
:1071600032A62FA031A22C2929A2328090A6312943
:10717000001A30A2A1A12DA2A2A22CA281A22FA20C
:1071800082A12DA2912D30A292302EA2A1A22C215B
:10719000A04472C494D496E4006877A772043714AC
:1071A000006C001A2DA272872CA22D8177A7812C4A
:1071B000391081362CA22D9177A7912C3910913658
:1071C000001A003077A60570001A90A68090001A69
:1071D00080A281A190A291A1001A31A272102CA2CA
:1071E00080802DA290902EA62C2D2FA22C2D2FA288
:1071F000332F2FA62F312EA72E2F2E8D001A2CA61F
:10720000819130A281812DA291912EA2A1A12CA2C7
:107210002C2C2EA62E2E2FA6302D2DA7302D2CA7B0
:107220002C2F2EA72F2E90A22D2F80A22C2EA0A285
:107230002E2F001A2EA670822E452EA770822E4564
:107240002FA2A1922EA2A12E30A2819131A22E2F87
:1072500032A6912E2EA7812E2CA6812F2FA6912FFC
:1072600032A22C322CA22E2F2EA630312FA7303155
:1072700030A72C2F31A7322E80A22E3090A22F3192
:10728000A0A23031001A2CA2A2812DA2A2912FA27D
:10729000A1922EA2A1822C2132450DC528D52BE525
:1072A000001A80A77080808D001A5852022407258A
:1072B0007D522620CC52E6508750262072210A2289
:1072C0009A503810003906200A210B229A500BA63A
:1072D0000C0B0BA80B070B8D381000390030E65053
:1072E00087500A8E0A8F0B8E0B8F0DA8720B0C2005
:1072F0000D2135229A500A202B229A50EA505852DA
:1073000008222B230224352526262653E650008109
:10731000262072212C229A5000AB0A2C0030E65015
:107320002BA872062B8DEA50585202242B257D5231
:107330000820CC42000C006435A60A0CE6508750A9
:107340003520722135229A500BA7073506200B21D4
:107350000B229A50381000390030000C006435A61A
:107360000A0CE65087500B8F3520722135229A5037
:10737000EA50585208220B23022435250D262653A5
:107380000030585226200B2148521D2006214A5217
:10739000262026211D22001E1D2008214A522620BB
:1073A00026211D22001E0D20CC42E65087500B20C6
:1073B0000C210A229A5082A70882828D00305852EE
:1073C00008220C2378240A25262626530068262026
:1073D000062100AB818000AB91900030585206200E
:1073E000021050540810F35414105F5506240B2556
:1073F0007D521D2008214A52262026211D22001ED2
:107400001120CC5211240A257D520D20CC42E65089
:1074100087500A200D212B229A50EA50CF550BA6F7
:107420002B700D240B257D520820CC42865000087D
:1074300000B8797917A70173179E179E0BA27810D1
:1074400017A217100C200E2280A60B7090A27210AB
:1074500082A6907092A6707068460E227AA88292D8
:107460007A8D00300E210C2211A6819112A78191F4
:1074700013A2111114A2121215A6829216A78292BB
:1074800015A2151216A2111611A7131481A2131416
:1074900012A2171114A6151615A7151682A21414F8
:1074A00016A2151513A6131292A2160B91A2111370
:1074B00012103B46001B0A1040460C210E22424689
:1074C00006217A5608217C5636A2060B36A236874C
:1074D0000AA608360A8D0030E650875091A291879F
:1074E00036A2768736A2913681A2818781A636811F
:1074F00081A28172818D91A67070001A02248F463C
:10750000062408217A56EA501410C447F34606218F
:107510007A560A8FEA501410C9471C4735A28110C9
:1075200034A2911031A2353536A2343433A204107E
:1075300035A2313634A2721033A2333531A7363139
:1075400036A6343331A73136318D39108134001AE3
:1075500031A2911036A2041031A2313133A272103F
:1075600036A2363131A7313336A6363333A236361A
:1075700033A2333634A2333335A2343635A2353113
:1075800034A2313335A23572358D33A7007333A75A
:107590003374339E339E339E352433253526F55080
:1075A00035A2351034A2343533A2343433A2333605
:1075B00033A63331338D72203810052081A23480F8
:1075C000818D7D1081A70081001A000C8650D008A3
:1075D00011B8080132A2041032A6323284210C20E4
:1075E000A5570C212D2088571120AE57071880224F
:1075F0002D21C0205D578021AE5700190C210C2091
:1076000088C75DD768E7D050112217570A20B957AD
:107610000030001B0C200B102D206847000C8650FA
:107620000821B6569C5632A2041032A63232920875
:1076300011B80A0602210C20A5570C212D208857CD
:107640001120AE57031880222D21C0205D578021C4
:10765000AE57001908212120A55721212D20885738
:107660002120AE57031880222D21C0205D57802194
:10767000AE5700190C2121220C205D5788C75DD719
:1076800068E7DA5011221757212217570C20B957F3
:1076900077A680703E10003900AB0B90003031A609
:1076A000918136A7918131A2318236A2369233A6DA
:1076B00070B2734731A6918136A7918131A2319280
:1076C00036A2368233A770B2734734A2A1A233A286
:1076D000B13335A6313631A7313636A7343333A628
:1076E000343380A2313690A23533A0A23633B0A213
:1076F0003531001A31A6918136A7918134A23131FA
:1077000033A2313631A2A1B136A2A1A131A63131C5
:1077100036A6363636A7363334A7343180A2313612
:10772000A0A2363390A23334B0A23134001A80A222
:10773000811090A29110A0A27210B0A28090001AA5
:1077400031A6918190A7918180A63170A0A6A1A1B8
:10775000B0A2B132001A35A2721035A835A180A2AC
:10776000813590A29135808D908D001A0825585250
:107770007D520A20CC4258520821DB5708205F5521
:107780000822062302240A252626265377A62670D9
:107790003E100B3900AB0B270030918F2CA2918744
:1077A0002DA272872CA22C2C2EA72C2D2CA22C3390
:1077B0002CA72C2D2DA22E2E2FA22E2C2DA22D2F1C
:1077C0002FA22F2F2FA22D2F2FA22F722F8D30A758
:1077D0000074309E309E2F2430252F26F5502FA286
:1077E0002F872DA22F2D2FA22D2D2FA22F2C2FA78B
:1077F0002F2E2F8D3910913481A22D72818D7C1006
:1078000081A7008177A7810037109134001A000CFE
:107810007B62865078231BA67D721B9E34104348E2
:107820001B9E83241B257A26F5507A207A211B2261
:107830009A501BA71B831B8D3910003D001A003086
:107840005852782078211C229A501CA61C041C2017
:107850009A501CA61C051C8D1C23195877A67A70FB
:107860003D1000307AA7007A00301DA77D721EA659
:107870001D701E9E83241E257A26F5503810003078
:107880001EA77A723910003D1FA283101DB91D007A
:1078900020A6757021A2721022A6212122239E58B3
:1078A00024A6287025A67570A85823A72821238D03
:1078B00039106B4822A622215C481DA71D721D9E0F
:1078C0001F239E5826A21F2827A2262828A7272143
:1078D000288D381099482AA6727029A2272728A730
:1078E0002921288D3810874829A229292AA62A72F9
:1078F0007D481EA7202A28A6247025A61E70A858F9
:107900002BA6287024A22B2B20A62A7026A22B2679
:1079100027A2272474487AA226727A8D001A003092
:1079200023A28372238D23241D252326F55028A20C
:107930002310001A25A725723810001A28A228281B
:10794000A848061000385852022407257D522620E8
:10795000CC5200680AA60C800AAC0A013810003923
:107960002AA67206E6502BA8722A2AAC2B01875051
:107970000A2006212B229A502BA7072B2BAC2B0178
:107980002A202B210B229A50381000390030061083
:107990000038E65087500A8E0A8F0B8E0B8F2AA66E
:1079A0000A0B2AAC2A0138100039EA505852082232
:1079B0002A2302240B2523262653E6502AA60C232D
:1079C0002AAC2A0100AB0A2A0030061000385852AF
:1079D000E65087502AAC0D0F2AA62A0F2A2007212D
:1079E0002A229A502AA6062A2AAC2A012BAC0A0F70
:1079F0002BA62B0F2B202A212B229A502BBB2B0C92
:107A00002ABB2A0CEA50585208222A230A242B2582
:107A10000D2626530030003885A9010F001A11BA2F
:107A2000010F85A78511001A007001A67070007003
:107A300001A77D72001A007009A67070007009BB62
:107A40007D0F7D2109620081001A81620081001A88
:107A50000F210F260068868EC15236108636006CC4
:107A6000021050590310875211A6267012A62770D3
:107A700013A62870E65036A8850F368D01213626CC
:107A8000EA508742900811B8868615D418E4112070
:107A900012541D201121001C125411211D22031803
:107AA000C120001E12548021001926A6117027A69D
:107AB000127028A6137026202621001C001C001C12
:107AC000001B7C22001D262113106B491122BC5281
:107AD0002621E7D3EAE3001A00680F8E006C2CA27F
:107AE0000F10875902108759A0A2A02C1510895990
:107AF000001A80A2802C90A2902C001AFA1ED65F49
:107B00000001010000020200001400000028000033
:107B10000040000001000000020000000F00000013
:107B20001000000010000000200000001000000005
:107B300010000000387B0200110000001128000036
:107B400011080000010000004C7B02000000000052
:107B50000000000000000000000000000000000025
:107B600030000000C00000001800000031000000DC
:107B70000000000030000000E00000001C000000D9
:107B8000390000000000000030000000000100008B
:107B90002000000041000000000000003000000054
:107BA000400100002800000051000000000000001B
:107BB0003000000080010000300000006100000083
:107BC0000000000030000000000200004000000043
:107BD000810000000000000017000000C00000004D
:107BE0001800000031000000000000001700000035
:107BF000E10000001D0000003B000000000000004C
:107C000017000000000100002000000041000000FB
:107C10000000000012000000C0000000180000007A
:107C2000310000000100000012000000E000000030
:107C30001C000000390000000100000012000000DC
:107C400000010000200000004100000001000000D1
:107C50001200000040010000280000005100000058
:107C60000100000012000000800100003000000050
:107C70006100000001000000120000000902000085
:107C800042000000850000000100000041000000EB
:107C9000FF000000200000002000000000000000A5
:107CA00041000000C0010000380000003800000062
:107CB0000000000042000000FF0000002000000063
:107CC000200000000000000042000000C001000091
:107CD0003900000039000000000000000000100022
:107CE00020000000AB870200C0000000F07C020012
:107CF0002600001000000000003000000C00000012
:107D000000000000087D020022000010000C0000AE
:107D1000003100000C000000000000030000042AF5
:107D20000000042A000003280000012A0000012AA4
:107D3000000003280000002A0000002A0000032899
:107D4000000000180000002800002A2B00002A2B49
:107D5000000003280000292B0000292B0000032825
:107D6000000002290000052A0000052A000003285F
:107D7000000001180000002851334653552D444F90
:107D80004E4520726F6C653D50207374617475733D
:107D90003D3078253032782073706163696E673DBD
:107DA00025752074797065733D307825782070686A
:107DB00079733D3078257820696E69746961746FD4
:107DC000723D25640A00444C4520757064617465F9
:107DD000643A2074785F6D61783D25752072785F14
:107DE0006D61783D25750A005048592075706461B1
:107DF0007465643A2074783D25752072783D257548
:107E00000A00436F4320646F776E0A00436F43207C
:107E1000757020E28094207365675F7265637620D9
:107E200073696E6B207265616479202852585F43D4
:107E30005245444954533D25752C204D50533D2502
:107E400075290A0047415020646973636F6E6E653F
:107E5000637465642028307825303278290A0061FF
:107E60006476207374617274206661696C65642045
:107E700028256429202D3E2072657472790A007AC3
:107E8000656E6F682D6E72662D6C32636170004195
:107E900064766572746973696E6720617320272543
:107EA00073270A0047415020636F6E6E656374202C
:107EB0006661696C65642028307825303278290A3B
:107EC0000047415020636F6E6E65637465643A20AD
:107ED000696E74657276616C3D25750A0053494E72
:107EE0004B2072783A202575204B422F732028258D
:107EF000752042202F202575206D7329206673750B
:107F00003D2575207C2063756D5F746F74616C3DD9
:107F1000257520422063756D5F736567733D257518
:107F20000A0062745F656E61626C65206661696CEF
:107F3000656420282564290A000A3D3D3D206E52D3
:107F4000463532204C3243415020436F4320534941
:107F50004E4B20285A657068797220342E342E31A9
:107F60002C207365675F7265637629203D3D3D0A6D
:107F7000004C3243415020736572766572206F6EFB
:107F80002050534D203078253034780A0073756DB9
:107F90005F746964002A2A2A20426F6F74696E67D1
:107FA000206E524620436F6E6E6563742053444BBF
:107FB0002076332E342E302D393935353330353562
:107FC00036303762202A2A2A0A002A2A2A205573A4
:107FD000696E67205A6570687972204F5320763435
:107FE0002E342E302D62663830316534653364317D
:107FF00039202A2A2A0A0072302F61313A20203093
:108000007825303878202072312F61323A202030A4
:108010007825303878202072322F61333A20203092
:1080200078253038780A0072332F61343A202030B6
:108030007825303878207231322F69703A2020301C
:108040007825303878207231342F6C723A20203005
:1080500078253038780A0020787073723A20203002
:1080600078253038780A004661756C74696E67202F
:10807000696E737472756374696F6E206164647283
:1080800065737320287231352F7063293A20307858
:10809000253038780A00556E68616E646C6564201E
:1080A0004952516E3A2025640A002A2A2A2A2A2097
:1080B0005553414745204641554C54202A2A2A2AE7
:1080C0002A0A0020204469766973696F6E206279FC
:1080D000207A65726F0A002020556E616C69676EA8
:1080E0006564206D656D6F7279206163636573737C
:1080F0000A002020537461636B206F766572666C92
:108100006F772028636F6E74657874206172656183
:10811000206E6F742076616C6964290A0020204EFD
:108120006F20636F70726F636573736F7220696E17
:10813000737472756374696F6E730A002020496CE2
:108140006C6567616C206C6F6164206F66204558B8
:10815000435F52455455524E20696E746F20504310
:108160000A002020496C6C6567616C20757365207E
:108170006F662074686520455053520A00202041E4
:108180007474656D707420746F20657865637574A0
:108190006520756E646566696E656420696E7374CA
:1081A00072756374696F6E0A002A2A2A2A2A20428D
:1081B0005553204641554C54202A2A2A2A2A0A007F
:1081C0002020537461636B696E67206572726F72F1
:1081D0000A002020556E737461636B696E672065B9
:1081E00072726F720A002020507265636973652095
:1081F0006461746120627573206572726F720A0027
:1082000020204246415220416464726573733A20D3
:10821000307825780A002020496D70726563697393
:1082200065206461746120627573206572726F727B
:108230000A002020496E737472756374696F6E2032
:10824000627573206572726F720A002020466C6F2F
:108250006174696E672D706F696E74206C617A79D4
:1082600020737461746520707265736572766174D1
:10827000696F6E206572726F720A002A2A2A2A2A92
:10828000204D5055204641554C54202A2A2A2A2A4E
:108290000A002020537461636B696E6720657272F7
:1082A0006F722028636F6E746578742061726561E7
:1082B000206D69676874206265206E6F7420766136
:1082C0006C6964290A002020446174612041636361
:1082D0006573732056696F6C6174696F6E0A002054
:1082E000204D4D46415220416464726573733A20BB
:1082F000307825780A002020496E73747275637493
:10830000696F6E204163636573732056696F6C619A
:1083100074696F6E0A0052657365727665642045F4
:108320007863657074696F6E202800537075726988
:108330006F757320696E7465727275707420284948
:1083400052512000535053454C20696E207468727E
:10835000656164206D6F646520646F6573206E6F66
:108360007420696E646963617465205053500A001B
:108370002A2A2A2A2A2048415244204641554C5450
:10838000202A2A2A2A2A0A002020427573206661A0
:10839000756C74206F6E20766563746F72207461E3
:1083A000626C6520726561640A0020204465627514
:1083B00067206576656E740A0020204661756C74CE
:1083C00020657363616C6174696F6E2028736565E5
:1083D0002062656C6F77290A00415243485F455817
:1083E00043455054207769746820726561736F6EDD
:1083F0002025780A0A002A2A2A2A2A20446562753A
:1084000067206D6F6E69746F722065786365707434
:10841000696F6E202A2A2A2A2A0A002A2A2A2A2A48
:1084200020257320256429202A2A2A2A2A0A004680
:108430004C4153485F30005352414D5F30006578E6
:1084400069740061626F727428290A004254204CDA
:108450005720575100574553545F544F5044495289
:108460002F7A65706879722F7375627379732F62D2
:108470006C7565746F6F74682F686F73742F6863A1
:10848000695F636F72652E630062745F6863695F22
:108490006576745F6765745F666C6167732868648E
:1084A000722D3E657674292026202831554C203CBB
:1084B0003C202831292900415353455254494F4EFD
:1084C000204641494C205B25735D20402025733AAE
:1084D00025640A006576745F666C616773202620E8
:1084E0002831554C203C3C202830292900657272E7
:1084F000203D3D20300009436F6E74726F6C6C65D7
:108500007220756E726573706F6E736976652C205C
:10851000636F6D6D616E64206F70636F6465203092
:1085200078253034782074696D656F7574207769AB
:108530007468206572722025640A004254205258E3
:108540002057510062756600636C6F636B40313079
:1085500065303030007073612D726E67006770692E
:108560006F40313061303030006770696F4064387F
:10857000323030006770696F40353034303000750C
:1085800061727440633630303000536F66744465F6
:108590007669636520436F6E74726F6C6C657220D0
:1085A0004153534552543A2025732C2025640A0028
:1085B00062745F6863695F736463004D50534C205D
:1085C0004153534552543A2025732C2025640A0008
:1085D0004D50534C20576F726B006D61696E007384
:1085E0007973776F726B7100FFFFFFFF1F00FFC190
:1085F000FBE84C90728BE7B3518963AB23230041B6
:108600008866AA1AFFFF443300647261676F6F6E59
:108610002F6C6962732F73636865642F7372632FA5
:1086200073636865645F68616C5F74696D65725FD0
:10863000677274632E6300C8DA3098F9F034A44B83
:108640006EBAD30819CC0CEA51DA4700286E756C63
:108650006C29002A666C6F61742A0000FFFFFFFF1F
:10866000FFFF00000000000000FFFFFFFFFFFF0012
:10867000000000000000000000000010008000006A
:10868000805F9B34FB010400020000000200000038
:1086900000000000050000000000000000000000D5
:1086A000000000000500090909090102090909097A
:1086B000090909090909090709090909090609092F
:1086C0000909090909090909090909090909050126
:1086D0000204E69D350E480103CCDBFDF4AC11919C
:1086E000F4EFB9A5F9E9A7832C5E2CBE97F2D2036B
:1086F000B0208BD28915D08E1C742430ED8FC245EA
:1087000063765C15525ABF9A32636DEB2A65499CB9
:1087100080DC0101010101020302020304000506DD
:108720001F1F2918120308020305080A0008010385
:1087300004010504050906070101060608000001F9
:10874000000100030100030202010002000000001A
:108750000002030100036C888391AAF5A5386037F5
:108760000BDB5A6083BE00010405020608090F00F6
:108770000718232323232323232323232323230013
:10878000010210141400001C2030401C2000001CAA
:10879000203040004010141400001C2030401C20E9
:1087A00000001C2030400040010302FFFFFFFF00DB
:1087B000000001000000000000000000000000FFB9
:1087C000FFFFFFFFFFFFFFFFFFFFFFFFFFFFFF00B8
:1087D000000000FFFFFFFFFFFFFFFFBCE6FAADA7B1
:1087E000179E84F3B9CAC2FC6325516B17D1F2E11D
:1087F0002C4247F8BCE6E563A440F277037D812D67
:10880000EB33A0F4A13945D898C2964FE342E2FE7B
:108810001A7F9B8EE7EB4A7C0F9E162BCE33576B4D
:10882000315ECECBB6406837BF51F5FFFFFFFF008A
:10883000000001000000000000000000000000FF38
:10884000FFFFFFFFFFFFFFFFFFFFFC5AC635D8AA5F
:108850003A93E7B3EBBD55769886BC651D06B0CC60
:0C88600053B0F63BCE3C3E27D2604B00EC
:10886C00FFFFFFFFFF1F00001F00000000000000C3
:10887C007FFE0000E40700001D4000000000000027
:10888C000000000000000000FFFFFFFF1FFF1B00A7
:10889C00BAABBABA10101010A0354D00FF00000092
:1088AC00C409000000000000005008500000000047
:1088BC00000000000C000000010000FF7F00000021
:1088CC0000000000AAAAAAAA55555555010000009F
:1088DC00A9D600000000000045D6000000000000F2
:1088EC00E92E00000000000091D6000000000000FE
:1088FC008DD6000000000000F89B0000FF00000077
:10890C00E4BE000001000101010300001E001E0274
:10891C00000000000000000012007C007E00E0015E
:10892C0003007E000A1E001E000000000000000074
:10893C00000000000000000000000000000000002B
:10894C00000000000000000000000000000000001B
:10895C00000000000000000000000000000000000B
:10896C0000000000000000000000000000000000FB
:10897C0000000000000000000000000000000000EB
:10898C0000000000000000000000000000000000DB
:10899C0000000000000000000000000000000000CB
:1089AC0000000000000000000000000000000000BB
:1089BC0000000000000000000000000000000000AB
:1089CC00000000000000000000000000000000009B
:1089DC00000000000000000000000000000000008B
:1089EC00000000000000000000000000000000007B
:1089FC00A93301000000000000000000000000008E
:108A0C00000000000000000000000000000000005A
:108A1C00000000000000000000000000000000004A
:108A2C00000000000000000000000000000000003A
:108A3C00000000000000000000000000000000002A
:108A4C00000000000000000000000000000000001A
:108A5C00000000000000000000000000000000000A
:108A6C0000000000000000000000000000000000FA
:108A7C0000000000000000000000000000000000EA
:108A8C00000000000000000000000000E85302009D
:108A9C00000000004914010000000000000100006B
:108AAC0000000000000000000000000000000000BA
:108ABC0000000000000000000000000000000000AA
:108ACC000000000067000000000000000000000033
:108ADC00000000000000000000000000000000008A
:108AEC00000000000000000000000000000000007A
:108AFC00000000000000000000000000000000006A
:108B0C000000000000000000000000000000000059
:108B1C000000000000000000000000000000000049
:108B2C000000000000000000000000000000000039
:108B3C000000000000000000000000000000000029
:108B4C000000000000000000000000000000000019
:108B5C008000010021160100000000004BF0010014
:108B6C00207D0200000002002C7D020000000200AB
:108B7C00387D020000000200000000006DF30100CF
:108B8C00000000000000000000C0105000000000B9
:108B9C0000000000000000000000000000000000C9
:108BAC0000000000000000000000000000000000B9
:108BBC0000000000000000000000000000000000A9
:108BCC000000000000000000000000000000000099
:108BDC000000000000000000000000000000000089
:108BEC000000000000000000000000000000000079
:108BFC000000000000000000000000000001000068
:108C0C0000A00D500000000000000000000000005B
:108C1C000000000000000000000000000000000048
:108C2C000000000000000000000000000000000038
:108C3C000000000000000000000000000000000028
:108C4C000000000000000000000000000000000018
:108C5C000000000000000000000000000000000008
:108C6C0000000000000000000000000000000000F8
:108C7C00000000000000000000000000AD34010006
:108C8C00000000000000000000000000412C01006A
:108C9C00000000000000000000000000094101007D
:108CAC000000000000000000000000000540010072
:108CBC0000000000000000000000000069470100F7
:108CCC000000000000000000000000001144010042
:108CDC000000000000000000955C0100ED66010042
:108CEC004D140200000000000000000009620100A9
:108CFC0015130200A31302007D5B010000000000AD
:108D0C000000000000000000D96401000000000019
:108D1C00000000004C7D020000000200587D0200A3
:108D2C0000000A00687D0200000020000000000026
:108D3C000000000000000000000000000000000027
:108D4C00000000000000000081170200000000007D
:108D5C00500500205005002000000000000000001D
:108D6C000E0000006405002064050020317D010028
:108D7C0000000000018C010000000000FF0000005A
:108D8C000090D003FF0000000F00000071020000F3
:108D9C0090050020900500209805002098050020E3
:108DAC0000000000000000000E00000000000000A9
:108DBC00B0050020B00500200000000000000000FD
:108DCC000E00000000000000C8050020C8050020AF
:108DDC0000000000000000000E0000000000000079
:108DEC00E0050020E005002000000000000000006D
:108DFC000E000000000000008F3802008B380200CB
:108E0C00677420009C060020EC060020C40600209D
:108E1C003007002024070020B0060020D8060020D0
:028E2C0006013D
:108E2E000000000000000000000000000000000034
:028E3E00000032
:108E40003406002034060020BCC5002000000000CD
:108E50000100000024000000000000005006002077
:108E600050060020986A0020000000000100000069
:108E700020010000000000006C0600206C060020AD
:108E8000E0C5002000000000030000001C000000FE
:048E900000000000DE
:108E940000000000F88800204C20000000000000C2
:048EA40000000000CA
:108EA8009C0600209C060020000000000000000036
:108EB8000E000000B0060020B006002000000000F0
:108EC800000000000E000000C4060020C4060020B8
:108ED80000000000000000000E000000D80600207E
:108EE800D806002000000000000000000E0000006E
:108EF800EC060020EC060020000000000000000046
:108F08000E000000000700200007002000000000FD
:088F1800000000000E00000043
:108F2000140700201407002000000000FFFFFFFFCF
:108F30002407002024070020000000003007002044
:088F40003007002000000000D2
:108F48000000000000000000440700204407002043
:108F58000000000000000000540700205407002013
:108F6800030003001000000000000000C8640200B5
:108F7800ACC30020000000000000000078070020BB
:108F8800780700200300030010000000D95B0100EF
:108F98007C65020044C500200000000000000000BD
:108FA8009C0700209C070020010001001000000021
:108FB800000000000865020038C40020000000001E
:108FC80000000000C0070020C007002003000300C5
:108FD8000000000000000000B86302000CBF002081
:108FE8000000000000000000E4070020E407002063
:108FF8000100010010000000C5430100B464020034
:10900800A4C20020000000000000000008080020A2
:109018000808002002000200000000000000000014
:10902800A064020074C200200000000000000000DC
:109038002C0800202C080020130013000400000056
:109048008D2A0100A46302006CBC0020000000000F
:109058000000000050080020500800200100010016
:109068000000000000000000CC63020058C000208F
:0490780015E015E00A
:0400000310001ED9F2
:00000001FF
