   1.853  t=1s RTT mean=0 min=0 max=0 n=0 to=0 | cancels=0(+0/s) seqbad=0 len_bad=0 disc=0(0x00) | tot_n=0 tot_to=0 maxever=0 >2ms=0 >5ms=0 >15ms=0 >20ms=0 >30ms=0 | probes=0 wrfail=0 down=1s maxout=1s
   1.853  Q2CONN AA=9d95339f CRCINIT=244f47 hop=7 chan_count=37 map=ffffffff1f
   1.853  GAP connected interval=7500
   1.853  MTU err=0 mtu=247
   1.853  PHY tx=2 rx=2
   1.853  t=2s RTT mean=0 min=0 max=0 n=0 to=0 | cancels=0(+0/s) seqbad=0 len_bad=0 disc=0(0x00) | tot_n=0 tot_to=0 maxever=0 >2ms=0 >5ms=0 >15ms=0 >20ms=0 >30ms=0 | probes=0 wrfail=0 down=2s maxout=2s
   2.020  *** Booting Zephyr OS build v4.4.2-16-gfee9fbc62095 ***
   2.020  [01:11:05.330,517] [0m<inf> bt_hci_core: HW Platform: Nordic Semiconductor (0x0002)[0m
   2.080  [01:11:05.330,530] [0m<inf> bt_hci_core: HW Variant: nRF54Lx (0x0005)[0m
   2.080  [01:11:05.330,542] [0m<inf> bt_hci_core: Firmware: Standard Bluetooth controller (0x00) Version 4.4 Build 2[0m
   2.080  [01:11:05.330,887] [0m<inf> bt_hci_core: HCI transport: Controller[0m
   2.080  [01:11:05.330,935] [0m<inf> bt_hci_core: Identity: FC:BE:FF:FA:E6:8B (random)[0m
   2.080  [01:11:05.330,951] [0m<inf> bt_hci_core: HCI: version 5.4 (0x0d) revision 0x0000, manufacturer 0x05f1[0m
   2.080  [01:11:05.330,966] [0m<inf> bt_hci_core: LMP: version 5.4 (0x0d) subver 0xffff[0m
   2.080  
   2.080  === nRF54L15 RTT ping-pong CENTRAL ===
   2.080  scan rc=0
   4.059  t=1s RTT mean=0 min=0 max=0 n=0 to=0 | cancels=0(+0/s) seqbad=0 len_bad=0 disc=0(0x00) | tot_n=0 tot_to=0 maxever=0 >2ms=0 >5ms=0 >15ms=0 >20ms=0 >30ms=0 | probes=0 wrfail=0 down=1s maxout=1s
   4.060  t=2s RTT mean=0 min=0 max=0 n=0 to=0 | cancels=0(+0/s) seqbad=0 len_bad=0 disc=0(0x00) | tot_n=0 tot_to=0 maxever=0 >2ms=0 >5ms=0 >15ms=0 >20ms=0 >30ms=0 | probes=0 wrfail=0 down=2s maxout=2s
   6.043  RPT pe: events=0 mean=0.00 mode=0 max=0 |
   6.043  t=3s RTT mean=0 min=0 max=0 n=0 to=0 | cancels=0(+0/s) seqbad=0 len_bad=0 disc=0(0x00) | tot_n=0 tot_to=0 maxever=0 >2ms=0 >5ms=0 >15ms=0 >20ms=0 >30ms=0 | probes=0 wrfail=0 down=3s maxout=3s
   6.043  Q2CONN AA=d1657e63 CRCINIT=948005 hop=10 chan_count=37 map=ffffffff1f
   6.043  GAP connected interval=7500
   6.043  MTU err=0 mtu=247
   6.095  t=4s RTT mean=0 min=0 max=0 n=0 to=0 | cancels=0(+0/s) seqbad=0 len_bad=0 disc=0(0x00) | tot_n=0 tot_to=0 maxever=0 >2ms=0 >5ms=0 >15ms=0 >20ms=0 >30ms=0 | probes=0 wrfail=0 down=4s maxout=4s
   6.095  PHY tx=2 rx=2
   7.030  discovery start (post-PHY +500ms) interval=7500 phy2m=1
   7.030  SUBSCRIBED, vh=14
   7.030  LOADRAMP: bulk char handle=17
   7.030  LOADRAMP: target=0 KBps for 60s
   7.030  RPT pe: events=138 mean=0.97 mode=1 max=2 | 0:4 1:133 2:1
   7.081  t=5s RTT mean=12377 min=8586 max=19415 n=25 to=0 | cancels=0(+0/s) seqbad=0 len_bad=0 disc=0(0x00) | tot_n=25 tot_to=0 maxever=19415 >2ms=25 >5ms=25 >15ms=2 >20ms=0 >30ms=0 | probes=26 wrfail=0 down=4s maxout=4s
   9.062  t=6s RTT mean=12142 min=11469 max=19411 n=66 to=0 | cancels=0(+0/s) seqbad=0 len_bad=0 disc=0(0x00) | tot_n=91 tot_to=0 maxever=19415 >2ms=91 >5ms=91 >15ms=4 >20ms=0 >30ms=0 | probes=92 wrfail=0 down=4s maxout=4s
   9.063  RPT pe: events=267 mean=0.97 mode=1 max=2 | 0:11 1:253 2:3
   9.063  t=7s RTT mean=12628 min=11469 max=19422 n=63 to=0 | cancels=0(+0/s) seqbad=0 len_bad=0 disc=0(0x00) | tot_n=154 tot_to=0 maxever=19422 >2ms=154 >5ms=154 >15ms=10 >20ms=0 >30ms=0 | probes=155 wrfail=0 down=4s maxout=4s
  10.590  FSU: request [52..52] us (ACL both dirs, 1M+2M) rc=0
  10.650  FSU: updated status=0x00 spacing=52 us phys=0x3 types=0x3 initiator=0
  10.650  t=8s RTT mean=12616 min=11467 max=19414 n=64 to=0 | cancels=0(+0/s) seqbad=0 len_bad=0 disc=0(0x00) | tot_n=218 tot_to=0 maxever=19422 >2ms=218 >5ms=218 >15ms=16 >20ms=0 >30ms=0 | probes=219 wrfail=0 down=4s maxout=4s
  12.039  RPT pe: events=267 mean=0.98 mode=1 max=2 | 0:7 1:258 2:2
  12.039  t=9s RTT mean=12142 min=11911 max=19414 n=66 to=0 | cancels=0(+0/s) seqbad=0 len_bad=0 disc=0(0x00) | tot_n=284 tot_to=0 maxever=19422 >2ms=284 >5ms=284 >15ms=18 >20ms=0 >30ms=0 | probes=285 wrfail=0 down=4s maxout=4s
  12.099  t=10s RTT mean=12027 min=11911 max=19413 n=66 to=0 | cancels=0(+0/s) seqbad=0 len_bad=0 disc=0(0x00) | tot_n=350 tot_to=0 maxever=19422 >2ms=350 >5ms=350 >15ms=19 >20ms=0 >30ms=0 | probes=351 wrfail=0 down=4s maxout=4s
  14.024  RPT pe: events=267 mean=1.00 mode=1 max=2 | 0:1 1:265 2:1
  14.080  t=11s RTT mean=12028 min=11665 max=19417 n=66 to=0 | cancels=0(+0/s) seqbad=0 len_bad=0 disc=0(0x00) | tot_n=416 tot_to=0 maxever=19422 >2ms=416 >5ms=416 >15ms=20 >20ms=0 >30ms=0 | probes=417 wrfail=0 down=4s maxout=4s
  14.080  t=12s RTT mean=12028 min=11911 max=19414 n=66 to=0 | cancels=0(+0/s) seqbad=0 len_bad=0 disc=0(0x00) | tot_n=482 tot_to=0 maxever=19422 >2ms=482 >5ms=482 >15ms=21 >20ms=0 >30ms=0 | probes=483 wrfail=0 down=4s maxout=4s
  16.027  RPT pe: events=266 mean=0.99 mode=1 max=2 | 0:2 1:264
  16.027  t=13s RTT mean=12026 min=11911 max=19414 n=67 to=0 | cancels=0(+0/s) seqbad=0 len_bad=0 disc=0(0x00) | tot_n=549 tot_to=0 maxever=19422 >2ms=549 >5ms=549 >15ms=22 >20ms=0 >30ms=0 | probes=549 wrfail=0 down=4s maxout=4s
  16.081  t=14s RTT mean=12028 min=11911 max=19413 n=66 to=0 | cancels=0(+0/s) seqbad=0 len_bad=0 disc=0(0x00) | tot_n=615 tot_to=0 maxever=19422 >2ms=615 >5ms=615 >15ms=23 >20ms=0 >30ms=0 | probes=616 wrfail=0 down=4s maxout=4s
  18.028  RPT pe: events=267 mean=0.98 mode=1 max=2 | 0:3 1:264
  18.028  t=15s RTT mean=12146 min=11911 max=19415 n=65 to=0 | cancels=0(+0/s) seqbad=0 len_bad=0 disc=0(0x00) | tot_n=680 tot_to=0 maxever=19422 >2ms=680 >5ms=680 >15ms=25 >20ms=0 >30ms=0 | probes=681 wrfail=0 down=4s maxout=4s
  18.088  t=16s RTT mean=12141 min=11911 max=19413 n=66 to=0 | cancels=0(+0/s) seqbad=0 len_bad=0 disc=0(0x00) | tot_n=746 tot_to=0 maxever=19422 >2ms=746 >5ms=746 >15ms=27 >20ms=0 >30ms=0 | probes=747 wrfail=0 down=4s maxout=4s
  20.049  RPT pe: events=267 mean=0.98 mode=1 max=2 | 0:4 1:263
  20.049  t=17s RTT mean=12142 min=11911 max=19415 n=66 to=0 | cancels=0(+0/s) seqbad=0 len_bad=0 disc=0(0x00) | tot_n=812 tot_to=0 maxever=19422 >2ms=812 >5ms=812 >15ms=29 >20ms=0 >30ms=0 | probes=813 wrfail=0 down=4s maxout=4s
  20.049  t=18s RTT mean=12261 min=11665 max=19447 n=65 to=0 | cancels=0(+0/s) seqbad=0 len_bad=0 disc=0(0x00) | tot_n=877 tot_to=0 maxever=19447 >2ms=877 >5ms=877 >15ms=32 >20ms=0 >30ms=0 | probes=878 wrfail=0 down=4s maxout=4s
  22.053  RPT pe: events=266 mean=0.98 mode=1 max=2 | 0:6 1:259 2:1
  22.053  t=19s RTT mean=12142 min=11911 max=19413 n=66 to=0 | cancels=0(+0/s) seqbad=0 len_bad=0 disc=0(0x00) | tot_n=943 tot_to=0 maxever=19447 >2ms=943 >5ms=943 >15ms=34 >20ms=0 >30ms=0 | probes=943 wrfail=0 down=4s maxout=4s
  22.053  t=20s RTT mean=12261 min=11911 max=19421 n=65 to=0 | cancels=0(+0/s) seqbad=0 len_bad=0 disc=0(0x00) | tot_n=1008 tot_to=0 maxever=19447 >2ms=1008 >5ms=1008 >15ms=37 >20ms=0 >30ms=0 | probes=1009 wrfail=0 down=4s maxout=4s
  24.026  RPT pe: events=267 mean=0.98 mode=1 max=2 | 0:5 1:262
  24.083  t=21s RTT mean=12146 min=11911 max=19411 n=65 to=0 | cancels=0(+0/s) seqbad=0 len_bad=0 disc=0(0x00) | tot_n=1073 tot_to=0 maxever=19447 >2ms=1073 >5ms=1073 >15ms=39 >20ms=0 >30ms=0 | probes=1074 wrfail=0 down=4s maxout=4s
  24.083  t=22s RTT mean=11915 min=11911 max=11948 n=67 to=0 | cancels=0(+0/s) seqbad=0 len_bad=0 disc=0(0x00) | tot_n=1140 tot_to=0 maxever=19447 >2ms=1140 >5ms=1140 >15ms=39 >20ms=0 >30ms=0 | probes=1141 wrfail=0 down=4s maxout=4s
  26.058  RPT pe: events=267 mean=0.99 mode=1 max=2 | 0:1 1:266
  26.059  t=23s RTT mean=12143 min=11910 max=19448 n=66 to=0 | cancels=0(+0/s) seqbad=0 len_bad=0 disc=0(0x00) | tot_n=1206 tot_to=0 maxever=19448 >2ms=1206 >5ms=1206 >15ms=41 >20ms=0 >30ms=0 | probes=1207 wrfail=0 down=4s maxout=4s
  26.059  t=24s RTT mean=12145 min=11663 max=19414 n=65 to=0 | cancels=0(+0/s) seqbad=0 len_bad=0 disc=0(0x00) | tot_n=1271 tot_to=0 maxever=19448 >2ms=1271 >5ms=1271 >15ms=43 >20ms=0 >30ms=0 | probes=1272 wrfail=0 down=4s maxout=4s
  28.048  RPT pe: events=266 mean=0.98 mode=1 max=2 | 0:7 1:257 2:2
  28.048  t=25s RTT mean=12376 min=11911 max=19414 n=65 to=0 | cancels=0(+0/s) seqbad=0 len_bad=0 disc=0(0x00) | tot_n=1336 tot_to=0 maxever=19448 >2ms=1336 >5ms=1336 >15ms=47 >20ms=0 >30ms=0 | probes=1337 wrfail=0 down=4s maxout=4s
  28.049  t=26s RTT mean=12618 min=11911 max=19414 n=64 to=0 | cancels=0(+0/s) seqbad=0 len_bad=0 disc=0(0x00) | tot_n=1400 tot_to=0 maxever=19448 >2ms=1400 >5ms=1400 >15ms=53 >20ms=0 >30ms=0 | probes=1401 wrfail=0 down=4s maxout=4s
  30.037  RPT pe: events=267 mean=0.97 mode=1 max=2 | 0:7 1:259 2:1
  30.038  t=27s RTT mean=12261 min=11900 max=19447 n=65 to=0 | cancels=0(+0/s) seqbad=0 len_bad=0 disc=0(0x00) | tot_n=1465 tot_to=0 maxever=19448 >2ms=1465 >5ms=1465 >15ms=56 >20ms=0 >30ms=0 | probes=1466 wrfail=0 down=4s maxout=4s
  30.094  t=28s RTT mean=12376 min=11665 max=19414 n=65 to=0 | cancels=0(+0/s) seqbad=0 len_bad=0 disc=0(0x00) | tot_n=1530 tot_to=0 maxever=19448 >2ms=1530 >5ms=1530 >15ms=60 >20ms=0 >30ms=0 | probes=1530 wrfail=0 down=4s maxout=4s
  32.054  RPT pe: events=267 mean=0.97 mode=1 max=2 | 0:9 1:257 2:1
  32.054  t=29s RTT mean=12500 min=11911 max=19415 n=64 to=0 | cancels=0(+0/s) seqbad=0 len_bad=0 disc=0(0x00) | tot_n=1594 tot_to=0 maxever=19448 >2ms=1594 >5ms=1594 >15ms=65 >20ms=0 >30ms=0 | probes=1595 wrfail=0 down=4s maxout=4s
  32.054  t=30s RTT mean=12145 min=11665 max=19414 n=65 to=0 | cancels=0(+0/s) seqbad=0 len_bad=0 disc=0(0x00) | tot_n=1659 tot_to=0 maxever=19448 >2ms=1659 >5ms=1659 >15ms=67 >20ms=0 >30ms=0 | probes=1660 wrfail=0 down=4s maxout=4s
  34.030  RPT pe: events=266 mean=0.96 mode=1 max=2 | 0:10 1:255 2:1
  34.030  t=31s RTT mean=12735 min=11911 max=19422 n=64 to=0 | cancels=0(+0/s) seqbad=0 len_bad=0 disc=0(0x00) | tot_n=1723 tot_to=0 maxever=19448 >2ms=1723 >5ms=1723 >15ms=74 >20ms=0 >30ms=0 | probes=1724 wrfail=0 down=4s maxout=4s
  34.086  t=32s RTT mean=12145 min=11911 max=19414 n=65 to=0 | cancels=0(+0/s) seqbad=0 len_bad=0 disc=0(0x00) | tot_n=1788 tot_to=0 maxever=19448 >2ms=1788 >5ms=1788 >15ms=76 >20ms=0 >30ms=0 | probes=1789 wrfail=0 down=4s maxout=4s
  36.012  RPT pe: events=267 mean=0.98 mode=1 max=2 | 0:5 1:261 2:1
  36.072  t=33s RTT mean=12142 min=11665 max=26911 n=66 to=0 | cancels=0(+0/s) seqbad=0 len_bad=0 disc=0(0x00) | tot_n=1854 tot_to=0 maxever=26911 >2ms=1854 >5ms=1854 >15ms=77 >20ms=1 >30ms=0 | probes=1855 wrfail=0 down=4s maxout=4s
  36.072  t=34s RTT mean=12260 min=11911 max=19414 n=65 to=0 | cancels=0(+0/s) seqbad=0 len_bad=0 disc=0(0x00) | tot_n=1919 tot_to=0 maxever=26911 >2ms=1919 >5ms=1919 >15ms=80 >20ms=1 >30ms=0 | probes=1920 wrfail=0 down=4s maxout=4s
  38.020  RPT pe: events=267 mean=0.98 mode=1 max=2 | 0:7 1:258 2:2
  38.079  t=35s RTT mean=12260 min=11665 max=19422 n=65 to=0 | cancels=0(+0/s) seqbad=0 len_bad=0 disc=0(0x00) | tot_n=1984 tot_to=0 maxever=26911 >2ms=1984 >5ms=1984 >15ms=83 >20ms=1 >30ms=0 | probes=1985 wrfail=0 down=4s maxout=4s
  38.079  t=36s RTT mean=12617 min=11911 max=26913 n=64 to=0 | cancels=0(+0/s) seqbad=0 len_bad=0 disc=0(0x00) | tot_n=2048 tot_to=0 maxever=26913 >2ms=2048 >5ms=2048 >15ms=88 >20ms=2 >30ms=0 | probes=2049 wrfail=0 down=4s maxout=4s
  40.049  RPT pe: events=266 mean=0.97 mode=1 max=2 | 0:8 1:257 2:1
  40.049  t=37s RTT mean=12142 min=11911 max=19422 n=66 to=0 | cancels=0(+0/s) seqbad=0 len_bad=0 disc=0(0x00) | tot_n=2114 tot_to=0 maxever=26913 >2ms=2114 >5ms=2114 >15ms=90 >20ms=2 >30ms=0 | probes=2115 wrfail=0 down=4s maxout=4s
  40.049  t=38s RTT mean=12145 min=11911 max=19414 n=65 to=0 | cancels=0(+0/s) seqbad=0 len_bad=0 disc=0(0x00) | tot_n=2179 tot_to=0 maxever=26913 >2ms=2179 >5ms=2179 >15ms=92 >20ms=2 >30ms=0 | probes=2180 wrfail=0 down=4s maxout=4s
  42.017  RPT pe: events=267 mean=0.98 mode=1 max=2 | 0:6 1:259 2:2
  42.077  t=39s RTT mean=12142 min=11665 max=19419 n=66 to=0 | cancels=0(+0/s) seqbad=0 len_bad=0 disc=0(0x00) | tot_n=2245 tot_to=0 maxever=26913 >2ms=2245 >5ms=2245 >15ms=94 >20ms=2 >30ms=0 | probes=2246 wrfail=0 down=4s maxout=4s
  42.078  t=40s RTT mean=12375 min=11908 max=19421 n=65 to=0 | cancels=0(+0/s) seqbad=0 len_bad=0 disc=0(0x00) | tot_n=2310 tot_to=0 maxever=26913 >2ms=2310 >5ms=2310 >15ms=98 >20ms=2 >30ms=0 | probes=2311 wrfail=0 down=4s maxout=4s
  44.051  RPT pe: events=267 mean=0.97 mode=1 max=2 | 0:10 1:254 2:3
  44.052  t=41s RTT mean=12383 min=11665 max=19414 n=64 to=0 | cancels=0(+0/s) seqbad=0 len_bad=0 disc=0(0x00) | tot_n=2374 tot_to=0 maxever=26913 >2ms=2374 >5ms=2374 >15ms=102 >20ms=2 >30ms=0 | probes=2375 wrfail=0 down=4s maxout=4s
  44.052  t=42s RTT mean=12376 min=11911 max=19418 n=65 to=0 | cancels=0(+0/s) seqbad=0 len_bad=0 disc=0(0x00) | tot_n=2439 tot_to=0 maxever=26913 >2ms=2439 >5ms=2439 >15ms=106 >20ms=2 >30ms=0 | probes=2440 wrfail=0 down=4s maxout=4s
  46.066  RPT pe: events=267 mean=0.97 mode=1 max=2 | 0:7 1:260
  46.066  t=43s RTT mean=12376 min=11911 max=19413 n=65 to=0 | cancels=0(+0/s) seqbad=0 len_bad=0 disc=0(0x00) | tot_n=2504 tot_to=0 maxever=26913 >2ms=2504 >5ms=2504 >15ms=110 >20ms=2 >30ms=0 | probes=2505 wrfail=0 down=4s maxout=4s
  46.066  t=44s RTT mean=12500 min=11911 max=19423 n=64 to=0 | cancels=0(+0/s) seqbad=0 len_bad=0 disc=0(0x00) | tot_n=2568 tot_to=0 maxever=26913 >2ms=2568 >5ms=2568 >15ms=115 >20ms=2 >30ms=0 | probes=2569 wrfail=0 down=4s maxout=4s
  48.054  RPT pe: events=266 mean=0.96 mode=1 max=2 | 0:10 1:255 2:1
  48.054  t=45s RTT mean=12383 min=11665 max=19422 n=64 to=0 | cancels=0(+0/s) seqbad=0 len_bad=0 disc=0(0x00) | tot_n=2632 tot_to=0 maxever=26913 >2ms=2632 >5ms=2632 >15ms=119 >20ms=2 >30ms=0 | probes=2633 wrfail=0 down=4s maxout=4s
  48.054  t=46s RTT mean=12617 min=11664 max=19420 n=64 to=0 | cancels=0(+0/s) seqbad=0 len_bad=0 disc=0(0x00) | tot_n=2696 tot_to=0 maxever=26913 >2ms=2696 >5ms=2696 >15ms=125 >20ms=2 >30ms=0 | probes=2697 wrfail=0 down=4s maxout=4s
  50.041  RPT pe: events=267 mean=0.98 mode=1 max=2 | 0:10 1:252 2:5
  50.041  t=47s RTT mean=11914 min=11663 max=12172 n=67 to=0 | cancels=0(+0/s) seqbad=0 len_bad=0 disc=0(0x00) | tot_n=2763 tot_to=0 maxever=26913 >2ms=2763 >5ms=2763 >15ms=125 >20ms=2 >30ms=0 | probes=2764 wrfail=0 down=4s maxout=4s
  50.101  t=48s RTT mean=12260 min=11911 max=19422 n=65 to=0 | cancels=0(+0/s) seqbad=0 len_bad=0 disc=0(0x00) | tot_n=2828 tot_to=0 maxever=26913 >2ms=2828 >5ms=2828 >15ms=128 >20ms=2 >30ms=0 | probes=2829 wrfail=0 down=4s maxout=4s
  52.024  RPT pe: events=267 mean=0.97 mode=1 max=2 | 0:6 1:261
  52.083  t=49s RTT mean=12260 min=11910 max=19423 n=65 to=0 | cancels=0(+0/s) seqbad=0 len_bad=0 disc=0(0x00) | tot_n=2893 tot_to=0 maxever=26913 >2ms=2893 >5ms=2893 >15ms=131 >20ms=2 >30ms=0 | probes=2894 wrfail=0 down=4s maxout=4s
  52.083  t=50s RTT mean=12491 min=11905 max=19414 n=65 to=0 | cancels=0(+0/s) seqbad=0 len_bad=0 disc=0(0x00) | tot_n=2958 tot_to=0 maxever=26913 >2ms=2958 >5ms=2958 >15ms=136 >20ms=2 >30ms=0 | probes=2958 wrfail=0 down=4s maxout=4s
  54.032  RPT pe: events=266 mean=0.96 mode=1 max=2 | 0:8 1:258
  54.032  t=51s RTT mean=12261 min=11910 max=19412 n=65 to=0 | cancels=0(+0/s) seqbad=0 len_bad=0 disc=0(0x00) | tot_n=3023 tot_to=0 maxever=26913 >2ms=3023 >5ms=3023 >15ms=139 >20ms=2 >30ms=0 | probes=3024 wrfail=0 down=4s maxout=4s
  54.090  t=52s RTT mean=12145 min=11665 max=19414 n=65 to=0 | cancels=0(+0/s) seqbad=0 len_bad=0 disc=0(0x00) | tot_n=3088 tot_to=0 maxever=26913 >2ms=3088 >5ms=3088 >15ms=141 >20ms=2 >30ms=0 | probes=3089 wrfail=0 down=4s maxout=4s
  56.033  RPT pe: events=267 mean=0.98 mode=1 max=2 | 0:7 1:257 2:3
  56.033  t=53s RTT mean=12142 min=11663 max=19423 n=66 to=0 | cancels=0(+0/s) seqbad=0 len_bad=0 disc=0(0x00) | tot_n=3154 tot_to=0 maxever=26913 >2ms=3154 >5ms=3154 >15ms=143 >20ms=2 >30ms=0 | probes=3155 wrfail=0 down=4s maxout=4s
  56.085  t=54s RTT mean=12617 min=11904 max=19414 n=64 to=0 | cancels=0(+0/s) seqbad=0 len_bad=0 disc=0(0x00) | tot_n=3218 tot_to=0 maxever=26913 >2ms=3218 >5ms=3218 >15ms=149 >20ms=2 >30ms=0 | probes=3219 wrfail=0 down=4s maxout=4s
  58.065  RPT pe: events=267 mean=0.97 mode=1 max=2 | 0:9 1:257 2:1
  58.065  t=55s RTT mean=12145 min=11662 max=19411 n=65 to=0 | cancels=0(+0/s) seqbad=0 len_bad=0 disc=0(0x00) | tot_n=3283 tot_to=0 maxever=26913 >2ms=3283 >5ms=3283 >15ms=151 >20ms=2 >30ms=0 | probes=3284 wrfail=0 down=4s maxout=4s
  58.066  t=56s RTT mean=12145 min=11665 max=19413 n=66 to=0 | cancels=0(+0/s) seqbad=0 len_bad=0 disc=0(0x00) | tot_n=3349 tot_to=0 maxever=26913 >2ms=3349 >5ms=3349 >15ms=153 >20ms=2 >30ms=0 | probes=3350 wrfail=0 down=4s maxout=4s
  60.015  RPT pe: events=266 mean=0.99 mode=1 max=2 | 0:5 1:258 2:3
  60.072  t=57s RTT mean=12024 min=11659 max=19414 n=66 to=0 | cancels=0(+0/s) seqbad=0 len_bad=0 disc=0(0x00) | tot_n=3415 tot_to=0 maxever=26913 >2ms=3415 >5ms=3415 >15ms=154 >20ms=2 >30ms=0 | probes=3416 wrfail=0 down=4s maxout=4s
  60.072  t=58s RTT mean=11914 min=11911 max=11923 n=67 to=0 | cancels=0(+0/s) seqbad=0 len_bad=0 disc=0(0x00) | tot_n=3482 tot_to=0 maxever=26913 >2ms=3482 >5ms=3482 >15ms=154 >20ms=2 >30ms=0 | probes=3483 wrfail=0 down=4s maxout=4s
  62.017  RPT pe: events=267 mean=0.99 mode=1 max=2 | 0:3 1:263 2:1
  62.071  t=59s RTT mean=12376 min=11665 max=19414 n=65 to=0 | cancels=0(+0/s) seqbad=0 len_bad=0 disc=0(0x00) | tot_n=3547 tot_to=0 maxever=26913 >2ms=3547 >5ms=3547 >15ms=158 >20ms=2 >30ms=0 | probes=3547 wrfail=0 down=4s maxout=4s
  62.071  t=60s RTT mean=12382 min=11902 max=19415 n=64 to=0 | cancels=0(+0/s) seqbad=0 len_bad=0 disc=0(0x00) | tot_n=3611 tot_to=0 maxever=26913 >2ms=3611 >5ms=3611 >15ms=162 >20ms=2 >30ms=0 | probes=3612 wrfail=0 down=4s maxout=4s
  64.043  RPT pe: events=267 mean=0.97 mode=1 max=2 | 0:6 1:261
  64.043  t=61s RTT mean=12142 min=11910 max=19415 n=66 to=0 | cancels=0(+0/s) seqbad=0 len_bad=0 disc=0(0x00) | tot_n=3677 tot_to=0 maxever=26913 >2ms=3677 >5ms=3677 >15ms=164 >20ms=2 >30ms=0 | probes=3678 wrfail=0 down=4s maxout=4s
  64.101  t=62s RTT mean=12260 min=11911 max=19414 n=65 to=0 | cancels=0(+0/s) seqbad=0 len_bad=0 disc=0(0x00) | tot_n=3742 tot_to=0 maxever=26913 >2ms=3742 >5ms=3742 >15ms=167 >20ms=2 >30ms=0 | probes=3743 wrfail=0 down=4s maxout=4s
  66.020  RPT pe: events=266 mean=0.98 mode=1 max=2 | 0:6 1:258 2:2
  66.077  t=63s RTT mean=12028 min=11662 max=19414 n=66 to=0 | cancels=0(+0/s) seqbad=0 len_bad=0 disc=0(0x00) | tot_n=3808 tot_to=0 maxever=26913 >2ms=3808 >5ms=3808 >15ms=168 >20ms=2 >30ms=0 | probes=3809 wrfail=0 down=4s maxout=4s
  66.077  t=64s RTT mean=12029 min=11911 max=19413 n=67 to=0 | cancels=0(+0/s) seqbad=0 len_bad=0 disc=0(0x00) | tot_n=3875 tot_to=0 maxever=26913 >2ms=3875 >5ms=3875 >15ms=169 >20ms=2 >30ms=0 | probes=3875 wrfail=0 down=4s maxout=4s
  67.056  PCTL target=0 tot=3915 to=0 p50=11 p90=11 p99=19 p99.9=19 max=26 g30=0 g100=0 (ms/counts)
  67.056  LOADRAMP: target=140 KBps for 60s
  67.056  RPT pe: events=267 mean=1.61 mode=1 max=6 | 0:5 1:225 2:2 3:2 4:1 6:32
  67.056  t=65s RTT mean=14720 min=5777 max=34312 n=55 to=0 | cancels=0(+0/s) seqbad=0 len_bad=0 disc=0(0x00) | tot_n=3930 tot_to=0 maxever=34312 >2ms=3930 >5ms=3930 >15ms=180 >20ms=10 >30ms=4 | probes=3931 wrfail=0 down=4s maxout=4s
  69.037  t=66s RTT mean=25785 min=11912 max=47013 n=35 to=0 | cancels=0(+0/s) seqbad=0 len_bad=0 disc=0(0x00) | tot_n=3965 tot_to=0 maxever=47013 >2ms=3965 >5ms=3965 >15ms=206 >20ms=36 >30ms=13 | probes=3966 wrfail=0 down=4s maxout=4s
  69.097  RPT pe: events=266 mean=4.83 mode=6 max=6 | 0:14 1:36 2:6 3:2 4:6 5:4 6:198
  69.097  t=67s RTT mean=26249 min=9376 max=40710 n=34 to=0 | cancels=0(+0/s) seqbad=0 len_bad=0 disc=0(0x00) | tot_n=3999 tot_to=0 maxever=47013 >2ms=3999 >5ms=3999 >15ms=233 >20ms=62 >30ms=24 | probes=4000 wrfail=0 down=4s maxout=4s
  71.049  t=68s RTT mean=25269 min=11665 max=41675 n=35 to=0 | cancels=0(+0/s) seqbad=0 len_bad=0 disc=0(0x00) | tot_n=4034 tot_to=0 maxever=47013 >2ms=4034 >5ms=4034 >15ms=259 >20ms=88 >30ms=34 | probes=4035 wrfail=0 down=4s maxout=4s
  71.049  RPT pe: events=267 mean=4.89 mode=6 max=6 | 0:9 1:39 2:5 3:3 4:6 5:5 6:200
  71.108  t=69s RTT mean=24141 min=11914 max=36706 n=37 to=0 | cancels=0(+0/s) seqbad=0 len_bad=0 disc=0(0x00) | tot_n=4071 tot_to=0 maxever=47013 >2ms=4071 >5ms=4071 >15ms=288 >20ms=115 >30ms=39 | probes=4072 wrfail=0 down=4s maxout=4s
  73.032  t=70s RTT mean=24133 min=11912 max=34337 n=36 to=0 | cancels=0(+0/s) seqbad=0 len_bad=0 disc=0(0x00) | tot_n=4107 tot_to=0 maxever=47013 >2ms=4107 >5ms=4107 >15ms=314 >20ms=140 >30ms=47 | probes=4108 wrfail=0 down=4s maxout=4s
  73.084  RPT pe: events=266 mean=4.86 mode=6 max=6 | 0:10 1:40 2:6 3:2 4:3 5:6 6:199
  73.084  t=71s RTT mean=25213 min=5778 max=46876 n=36 to=0 | cancels=0(+0/s) seqbad=0 len_bad=0 disc=0(0x00) | tot_n=4143 tot_to=0 maxever=47013 >2ms=4143 >5ms=4143 >15ms=342 >20ms=167 >30ms=53 | probes=4144 wrfail=0 down=4s maxout=4s
  75.060  t=72s RTT mean=24183 min=11911 max=47035 n=36 to=0 | cancels=0(+0/s) seqbad=0 len_bad=0 disc=0(0x00) | tot_n=4179 tot_to=0 maxever=47035 >2ms=4179 >5ms=4179 >15ms=368 >20ms=192 >30ms=59 | probes=4180 wrfail=0 down=4s maxout=4s
  75.060  RPT pe: events=267 mean=4.83 mode=6 max=6 | 0:7 1:51 2:1 3:2 5:5 6:201
  75.120  t=73s RTT mean=23331 min=11911 max=34411 n=38 to=0 | cancels=0(+0/s) seqbad=0 len_bad=0 disc=0(0x00) | tot_n=4217 tot_to=0 maxever=47035 >2ms=4217 >5ms=4217 >15ms=394 >20ms=218 >30ms=65 | probes=4218 wrfail=0 down=4s maxout=4s
  77.040  t=74s RTT mean=23814 min=5777 max=34407 n=37 to=0 | cancels=0(+0/s) seqbad=0 len_bad=0 disc=0(0x00) | tot_n=4254 tot_to=0 maxever=47035 >2ms=4254 >5ms=4254 >15ms=421 >20ms=243 >30ms=73 | probes=4255 wrfail=0 down=4s maxout=4s
  77.094  RPT pe: events=267 mean=4.86 mode=6 max=6 | 0:5 1:48 2:4 3:4 4:1 5:3 6:202
  77.094  t=75s RTT mean=23838 min=11911 max=39164 n=37 to=0 | cancels=0(+0/s) seqbad=0 len_bad=0 disc=0(0x00) | tot_n=4291 tot_to=0 maxever=47035 >2ms=4291 >5ms=4291 >15ms=447 >20ms=269 >30ms=80 | probes=4292 wrfail=0 down=4s maxout=4s
  79.050  t=76s RTT mean=23208 min=9375 max=36707 n=39 to=0 | cancels=0(+0/s) seqbad=0 len_bad=0 disc=0(0x00) | tot_n=4330 tot_to=0 maxever=47035 >2ms=4330 >5ms=4330 >15ms=473 >20ms=295 >30ms=87 | probes=4330 wrfail=0 down=4s maxout=4s
  79.051  RPT pe: events=266 mean=4.92 mode=6 max=6 | 0:3 1:46 2:3 3:5 4:3 5:4 6:202
  79.105  t=77s RTT mean=23122 min=5778 max=34315 n=38 to=0 | cancels=0(+0/s) seqbad=0 len_bad=0 disc=0(0x00) | tot_n=4368 tot_to=0 maxever=47035 >2ms=4368 >5ms=4368 >15ms=500 >20ms=322 >30ms=92 | probes=4369 wrfail=0 down=4s maxout=4s
  81.076  t=78s RTT mean=24829 min=11911 max=36867 n=35 to=0 | cancels=0(+0/s) seqbad=0 len_bad=0 disc=0(0x00) | tot_n=4403 tot_to=0 maxever=47035 >2ms=4403 >5ms=4403 >15ms=525 >20ms=347 >30ms=104 | probes=4404 wrfail=0 down=4s maxout=4s
  81.076  RPT pe: events=267 mean=4.85 mode=6 max=6 | 0:5 1:46 2:5 3:5 4:2 5:6 6:198
  81.076  t=79s RTT mean=24051 min=11911 max=35861 n=37 to=0 | cancels=0(+0/s) seqbad=0 len_bad=0 disc=0(0x00) | tot_n=4440 tot_to=0 maxever=47035 >2ms=4440 >5ms=4440 >15ms=552 >20ms=373 >30ms=110 | probes=4441 wrfail=0 down=4s maxout=4s
  83.102  t=80s RTT mean=24785 min=11914 max=41907 n=36 to=0 | cancels=0(+0/s) seqbad=0 len_bad=0 disc=0(0x00) | tot_n=4476 tot_to=0 maxever=47035 >2ms=4476 >5ms=4476 >15ms=579 >20ms=400 >30ms=117 | probes=4477 wrfail=0 down=4s maxout=4s
  83.102  RPT pe: events=267 mean=4.86 mode=6 max=6 | 0:5 1:50 2:4 4:2 5:2 6:204
  83.102  t=81s RTT mean=22943 min=11911 max=33210 n=38 to=0 | cancels=0(+0/s) seqbad=0 len_bad=0 disc=0(0x00) | tot_n=4514 tot_to=0 maxever=47035 >2ms=4514 >5ms=4514 >15ms=605 >20ms=426 >30ms=122 | probes=4515 wrfail=0 down=4s maxout=4s
  85.068  t=82s RTT mean=23242 min=5771 max=36707 n=39 to=0 | cancels=0(+0/s) seqbad=0 len_bad=0 disc=0(0x00) | tot_n=4553 tot_to=0 maxever=47035 >2ms=4553 >5ms=4553 >15ms=633 >20ms=453 >30ms=126 | probes=4553 wrfail=0 down=4s maxout=4s
  85.068  RPT pe: events=266 mean=4.92 mode=6 max=6 | 0:6 1:45 2:3 3:2 4:3 5:1 6:206
  85.129  t=83s RTT mean=23676 min=11911 max=38013 n=37 to=0 | cancels=0(+0/s) seqbad=0 len_bad=0 disc=0(0x00) | tot_n=4590 tot_to=0 maxever=47035 >2ms=4590 >5ms=4590 >15ms=659 >20ms=479 >30ms=131 | probes=4591 wrfail=0 down=4s maxout=4s
  87.053  t=84s RTT mean=22956 min=8238 max=36801 n=38 to=0 | cancels=0(+0/s) seqbad=0 len_bad=0 disc=0(0x00) | tot_n=4628 tot_to=0 maxever=47035 >2ms=4628 >5ms=4628 >15ms=685 >20ms=504 >30ms=139 | probes=4629 wrfail=0 down=4s maxout=4s
  87.109  RPT pe: events=267 mean=4.85 mode=6 max=6 | 0:6 1:48 2:3 3:4 4:2 5:1 6:203
  87.109  t=85s RTT mean=23789 min=11911 max=34663 n=37 to=0 | cancels=0(+0/s) seqbad=0 len_bad=0 disc=0(0x00) | tot_n=4665 tot_to=0 maxever=47035 >2ms=4665 >5ms=4665 >15ms=713 >20ms=529 >30ms=145 | probes=4666 wrfail=0 down=4s maxout=4s
  89.102  t=86s RTT mean=23099 min=11911 max=34313 n=39 to=0 | cancels=0(+0/s) seqbad=0 len_bad=0 disc=0(0x00) | tot_n=4704 tot_to=0 maxever=47035 >2ms=4704 >5ms=4704 >15ms=740 >20ms=556 >30ms=150 | probes=4705 wrfail=0 down=4s maxout=4s
  89.102  RPT pe: events=267 mean=4.92 mode=6 max=6 | 0:2 1:51 2:2 3:2 4:3 6:207
  89.102  t=87s RTT mean=23145 min=11911 max=34407 n=38 to=0 | cancels=0(+0/s) seqbad=0 len_bad=0 disc=0(0x00) | tot_n=4742 tot_to=0 maxever=47035 >2ms=4742 >5ms=4742 >15ms=766 >20ms=582 >30ms=155 | probes=4743 wrfail=0 down=4s maxout=4s
  91.098  t=88s RTT mean=23379 min=5778 max=39165 n=37 to=0 | cancels=0(+0/s) seqbad=0 len_bad=0 disc=0(0x00) | tot_n=4779 tot_to=0 maxever=47035 >2ms=4779 >5ms=4779 >15ms=791 >20ms=607 >30ms=161 | probes=4780 wrfail=0 down=4s maxout=4s
  91.098  RPT pe: events=267 mean=4.90 mode=6 max=6 | 0:3 1:48 2:2 3:5 4:4 5:3 6:202
  91.098  t=89s RTT mean=23862 min=11912 max=35607 n=37 to=0 | cancels=0(+0/s) seqbad=0 len_bad=0 disc=0(0x00) | tot_n=4816 tot_to=0 maxever=47035 >2ms=4816 >5ms=4816 >15ms=817 >20ms=633 >30ms=169 | probes=4817 wrfail=0 down=4s maxout=4s
  93.076  t=90s RTT mean=23429 min=11911 max=43009 n=38 to=0 | cancels=0(+0/s) seqbad=0 len_bad=0 disc=0(0x00) | tot_n=4854 tot_to=0 maxever=47035 >2ms=4854 >5ms=4854 >15ms=843 >20ms=659 >30ms=175 | probes=4855 wrfail=0 down=4s maxout=4s
  93.076  RPT pe: events=266 mean=4.87 mode=6 max=6 | 0:8 1:46 2:3 4:1 5:7 6:201
  93.136  t=91s RTT mean=25127 min=7042 max=46919 n=36 to=0 | cancels=0(+0/s) seqbad=0 len_bad=0 disc=0(0x00) | tot_n=4890 tot_to=0 maxever=47035 >2ms=4890 >5ms=4890 >15ms=870 >20ms=686 >30ms=182 | probes=4891 wrfail=0 down=4s maxout=4s
  95.104  t=92s RTT mean=23097 min=11911 max=39418 n=37 to=0 | cancels=0(+0/s) seqbad=0 len_bad=0 disc=0(0x00) | tot_n=4927 tot_to=0 maxever=47035 >2ms=4927 >5ms=4927 >15ms=895 >20ms=711 >30ms=186 | probes=4928 wrfail=0 down=4s maxout=4s
  95.104  RPT pe: events=267 mean=4.79 mode=6 max=6 | 0:7 1:48 2:2 3:2 4:8 5:9 6:191
  95.104  t=93s RTT mean=23472 min=11912 max=34407 n=38 to=0 | cancels=0(+0/s) seqbad=0 len_bad=0 disc=0(0x00) | tot_n=4965 tot_to=0 maxever=47035 >2ms=4965 >5ms=4965 >15ms=923 >20ms=737 >30ms=190 | probes=4966 wrfail=0 down=4s maxout=4s
  97.069  t=94s RTT mean=23919 min=11662 max=35862 n=37 to=0 | cancels=0(+0/s) seqbad=0 len_bad=0 disc=0(0x00) | tot_n=5002 tot_to=0 maxever=47035 >2ms=5002 >5ms=5002 >15ms=950 >20ms=763 >30ms=197 | probes=5003 wrfail=0 down=4s maxout=4s
  97.128  RPT pe: events=267 mean=4.84 mode=6 max=6 | 0:7 1:44 2:4 4:14 5:2 6:196
  97.128  t=95s RTT mean=24202 min=8241 max=44207 n=37 to=0 | cancels=0(+0/s) seqbad=0 len_bad=0 disc=0(0x00) | tot_n=5039 tot_to=0 maxever=47035 >2ms=5039 >5ms=5039 >15ms=976 >20ms=789 >30ms=205 | probes=5040 wrfail=0 down=4s maxout=4s
  99.104  t=96s RTT mean=24038 min=11911 max=35604 n=37 to=0 | cancels=0(+0/s) seqbad=0 len_bad=0 disc=0(0x00) | tot_n=5076 tot_to=0 maxever=47035 >2ms=5076 >5ms=5076 >15ms=1002 >20ms=815 >30ms=213 | probes=5077 wrfail=0 down=4s maxout=4s
  99.104  RPT pe: events=266 mean=4.84 mode=6 max=6 | 0:7 1:41 2:8 3:3 4:3 5:13 6:191
  99.104  t=97s RTT mean=25106 min=5777 max=43107 n=35 to=0 | cancels=0(+0/s) seqbad=0 len_bad=0 disc=0(0x00) | tot_n=5111 tot_to=0 maxever=47035 >2ms=5111 >5ms=5111 >15ms=1028 >20ms=841 >30ms=222 | probes=5112 wrfail=0 down=4s maxout=4s
 101.060  t=98s RTT mean=23698 min=11911 max=35514 n=37 to=0 | cancels=0(+0/s) seqbad=0 len_bad=0 disc=0(0x00) | tot_n=5148 tot_to=0 maxever=47035 >2ms=5148 >5ms=5148 >15ms=1054 >20ms=867 >30ms=230 | probes=5149 wrfail=0 down=4s maxout=4s
 101.120  RPT pe: events=267 mean=4.87 mode=6 max=7 | 0:4 1:51 3:3 4:2 5:10 6:196 7:1
 101.121  t=99s RTT mean=23316 min=5777 max=34667 n=39 to=0 | cancels=0(+0/s) seqbad=0 len_bad=0 disc=0(0x00) | tot_n=5187 tot_to=0 maxever=47035 >2ms=5187 >5ms=5187 >15ms=1081 >20ms=894 >30ms=236 | probes=5187 wrfail=0 down=4s maxout=4s
 103.095  t=100s RTT mean=23183 min=5777 max=40617 n=38 to=0 | cancels=0(+0/s) seqbad=0 len_bad=0 disc=0(0x00) | tot_n=5225 tot_to=0 maxever=47035 >2ms=5225 >5ms=5225 >15ms=1107 >20ms=920 >30ms=240 | probes=5225 wrfail=0 down=4s maxout=4s
 103.095  RPT pe: events=267 mean=4.82 mode=6 max=7 | 0:5 1:51 2:4 3:2 4:1 5:4 6:200
 103.095  t=101s RTT mean=22843 min=11911 max=34665 n=38 to=0 | cancels=0(+0/s) seqbad=0 len_bad=0 disc=0(0x00) | tot_n=5263 tot_to=0 maxever=47035 >2ms=5263 >5ms=5263 >15ms=1132 >20ms=945 >30ms=246 | probes=5264 wrfail=0 down=4s maxout=4s
 105.075  t=102s RTT mean=23869 min=11912 max=37058 n=37 to=0 | cancels=0(+0/s) seqbad=0 len_bad=0 disc=0(0x00) | tot_n=5300 tot_to=0 maxever=47035 >2ms=5300 >5ms=5300 >15ms=1159 >20ms=971 >30ms=254 | probes=5301 wrfail=0 down=4s maxout=4s
 105.075  RPT pe: events=266 mean=4.90 mode=6 max=7 | 0:3 1:44 2:5 3:6 4:5 5:5 6:198
 105.129  t=103s RTT mean=23409 min=5778 max=40455 n=37 to=0 | cancels=0(+0/s) seqbad=0 len_bad=0 disc=0(0x00) | tot_n=5337 tot_to=0 maxever=47035 >2ms=5337 >5ms=5337 >15ms=1185 >20ms=997 >30ms=261 | probes=5338 wrfail=0 down=4s maxout=4s
 107.101  t=104s RTT mean=24587 min=11911 max=40617 n=36 to=0 | cancels=0(+0/s) seqbad=0 len_bad=0 disc=0(0x00) | tot_n=5373 tot_to=0 maxever=47035 >2ms=5373 >5ms=5373 >15ms=1211 >20ms=1023 >30ms=270 | probes=5374 wrfail=0 down=4s maxout=4s
 107.101  RPT pe: events=267 mean=4.74 mode=6 max=7 | 0:17 1:41 2:2 3:2 4:2 5:10 6:193
 107.101  t=105s RTT mean=25700 min=10623 max=43107 n=36 to=0 | cancels=0(+0/s) seqbad=0 len_bad=0 disc=0(0x00) | tot_n=5409 tot_to=0 maxever=47035 >2ms=5409 >5ms=5409 >15ms=1238 >20ms=1049 >30ms=282 | probes=5409 wrfail=0 down=4s maxout=4s
 109.102  t=106s RTT mean=25514 min=11912 max=50510 n=34 to=0 | cancels=0(+0/s) seqbad=0 len_bad=0 disc=0(0x00) | tot_n=5443 tot_to=0 maxever=50510 >2ms=5443 >5ms=5443 >15ms=1264 >20ms=1074 >30ms=289 | probes=5444 wrfail=0 down=4s maxout=4s
 109.103  RPT pe: events=267 mean=4.83 mode=6 max=7 | 0:13 1:41 2:3 3:3 4:2 5:4 6:200 7:1
 109.103  t=107s RTT mean=24875 min=11911 max=38210 n=36 to=0 | cancels=0(+0/s) seqbad=0 len_bad=0 disc=0(0x00) | tot_n=5479 tot_to=0 maxever=50510 >2ms=5479 >5ms=5479 >15ms=1291 >20ms=1101 >30ms=297 | probes=5480 wrfail=0 down=4s maxout=4s
 111.091  t=108s RTT mean=31929 min=11914 max=53002 n=29 to=0 | cancels=0(+0/s) seqbad=0 len_bad=0 disc=0(0x00) | tot_n=5508 tot_to=0 maxever=53002 >2ms=5508 >5ms=5508 >15ms=1318 >20ms=1127 >30ms=314 | probes=5509 wrfail=0 down=4s maxout=4s
 111.092  RPT pe: events=267 mean=4.95 mode=6 max=7 | 0:21 1:19 2:5 3:8 4:3 5:7 6:204
 111.147  t=109s RTT mean=28157 min=9420 max=49420 n=32 to=0 | cancels=0(+0/s) seqbad=0 len_bad=0 disc=0(0x00) | tot_n=5540 tot_to=0 maxever=53002 >2ms=5540 >5ms=5540 >15ms=1345 >20ms=1154 >30ms=324 | probes=5541 wrfail=0 down=4s maxout=4s
 113.065  t=110s RTT mean=25547 min=11912 max=45501 n=35 to=0 | cancels=0(+0/s) seqbad=0 len_bad=0 disc=0(0x00) | tot_n=5575 tot_to=0 maxever=53002 >2ms=5575 >5ms=5575 >15ms=1371 >20ms=1180 >30ms=334 | probes=5575 wrfail=0 down=4s maxout=4s
 113.125  RPT pe: events=266 mean=4.83 mode=6 max=7 | 0:10 1:41 2:7 3:3 4:3 5:3 6:199
 113.125  t=111s RTT mean=24813 min=11663 max=40455 n=35 to=0 | cancels=0(+0/s) seqbad=0 len_bad=0 disc=0(0x00) | tot_n=5610 tot_to=0 maxever=53002 >2ms=5610 >5ms=5610 >15ms=1399 >20ms=1205 >30ms=340 | probes=5611 wrfail=0 down=4s maxout=4s
 115.062  t=112s RTT mean=24945 min=11911 max=40708 n=36 to=0 | cancels=0(+0/s) seqbad=0 len_bad=0 disc=0(0x00) | tot_n=5646 tot_to=0 maxever=53002 >2ms=5646 >5ms=5646 >15ms=1425 >20ms=1231 >30ms=350 | probes=5647 wrfail=0 down=4s maxout=4s
 115.117  RPT pe: events=267 mean=4.94 mode=6 max=7 | 0:8 1:41 2:2 3:3 4:3 5:6 6:204
 115.117  t=113s RTT mean=24872 min=11911 max=40615 n=36 to=0 | cancels=0(+0/s) seqbad=0 len_bad=0 disc=0(0x00) | tot_n=5682 tot_to=0 maxever=53002 >2ms=5682 >5ms=5682 >15ms=1453 >20ms=1258 >30ms=357 | probes=5683 wrfail=0 down=4s maxout=4s
 117.064  t=114s RTT mean=23444 min=5777 max=38001 n=37 to=0 | cancels=0(+0/s) seqbad=0 len_bad=0 disc=0(0x00) | tot_n=5719 tot_to=0 maxever=53002 >2ms=5719 >5ms=5719 >15ms=1479 >20ms=1283 >30ms=363 | probes=5720 wrfail=0 down=4s maxout=4s
 117.120  RPT pe: events=267 mean=4.83 mode=6 max=7 | 0:8 1:47 2:1 3:2 4:7 5:4 6:198
 117.120  t=115s RTT mean=24802 min=11911 max=44206 n=36 to=0 | cancels=0(+0/s) seqbad=0 len_bad=0 disc=0(0x00) | tot_n=5755 tot_to=0 maxever=53002 >2ms=5755 >5ms=5755 >15ms=1507 >20ms=1309 >30ms=372 | probes=5756 wrfail=0 down=4s maxout=4s
 119.082  t=116s RTT mean=25354 min=8240 max=43013 n=35 to=0 | cancels=0(+0/s) seqbad=0 len_bad=0 disc=0(0x00) | tot_n=5790 tot_to=0 maxever=53002 >2ms=5790 >5ms=5790 >15ms=1535 >20ms=1335 >30ms=380 | probes=5791 wrfail=0 down=4s maxout=4s
 119.082  RPT pe: events=267 mean=4.93 mode=6 max=7 | 0:5 1:44 2:3 3:2 4:6 5:5 6:202
 119.143  t=117s RTT mean=23106 min=5777 max=38002 n=38 to=0 | cancels=0(+0/s) seqbad=0 len_bad=0 disc=0(0x00) | tot_n=5828 tot_to=0 maxever=53002 >2ms=5828 >5ms=5828 >15ms=1561 >20ms=1361 >30ms=386 | probes=5829 wrfail=0 down=4s maxout=4s
 121.068  t=118s RTT mean=23913 min=11912 max=41813 n=37 to=0 | cancels=0(+0/s) seqbad=0 len_bad=0 disc=0(0x00) | tot_n=5865 tot_to=0 maxever=53002 >2ms=5865 >5ms=5865 >15ms=1587 >20ms=1387 >30ms=392 | probes=5866 wrfail=0 down=4s maxout=4s
 121.128  RPT pe: events=266 mean=4.82 mode=6 max=7 | 0:14 1:41 2:2 3:2 4:4 5:3 6:199 7:1
 121.128  t=119s RTT mean=27784 min=11911 max=46665 n=33 to=0 | cancels=0(+0/s) seqbad=0 len_bad=0 disc=0(0x00) | tot_n=5898 tot_to=0 maxever=53002 >2ms=5898 >5ms=5898 >15ms=1615 >20ms=1413 >30ms=403 | probes=5899 wrfail=0 down=4s maxout=4s
 123.078  t=120s RTT mean=22673 min=11911 max=34407 n=38 to=0 | cancels=0(+0/s) seqbad=0 len_bad=0 disc=0(0x00) | tot_n=5936 tot_to=0 maxever=53002 >2ms=5936 >5ms=5936 >15ms=1641 >20ms=1438 >30ms=407 | probes=5937 wrfail=0 down=4s maxout=4s
 123.078  RPT pe: events=267 mean=4.94 mode=6 max=7 | 0:5 1:47 2:1 3:1 4:4 5:1 6:208
 123.139  t=121s RTT mean=24502 min=11911 max=40616 n=37 to=0 | cancels=0(+0/s) seqbad=0 len_bad=0 disc=0(0x00) | tot_n=5973 tot_to=0 maxever=53002 >2ms=5973 >5ms=5973 >15ms=1669 >20ms=1465 >30ms=413 | probes=5974 wrfail=0 down=4s maxout=4s
 125.111  t=122s RTT mean=23376 min=11911 max=38314 n=37 to=0 | cancels=0(+0/s) seqbad=0 len_bad=0 disc=0(0x00) | tot_n=6010 tot_to=0 maxever=53002 >2ms=6010 >5ms=6010 >15ms=1695 >20ms=1490 >30ms=419 | probes=6011 wrfail=0 down=4s maxout=4s
 125.111  RPT pe: events=266 mean=4.82 mode=6 max=7 | 0:7 1:47 2:5 3:4 4:1 5:2 6:200
 125.111  t=123s RTT mean=23212 min=11911 max=35862 n=38 to=0 | cancels=0(+0/s) seqbad=0 len_bad=0 disc=0(0x00) | tot_n=6048 tot_to=0 maxever=53002 >2ms=6048 >5ms=6048 >15ms=1722 >20ms=1516 >30ms=424 | probes=6049 wrfail=0 down=4s maxout=4s
 127.095  t=124s RTT mean=23761 min=11911 max=38315 n=38 to=0 | cancels=0(+0/s) seqbad=0 len_bad=0 disc=0(0x00) | tot_n=6086 tot_to=0 maxever=53002 >2ms=6086 >5ms=6086 >15ms=1749 >20ms=1543 >30ms=430 | probes=6087 wrfail=0 down=4s maxout=4s
 127.095  PCTL target=140 tot=2193 to=0 p50=26 p90=34 p99=41 p99.9=49 max=53 g30=434 g100=0 (ms/counts)
 127.095  LOADRAMP: target=150 KBps for 60s
 127.095  RPT pe: events=267 mean=4.89 mode=6 max=7 | 0:6 1:48 2:2 3:2 4:2 5:2 6:205
 127.146  t=125s RTT mean=24044 min=11912 max=40708 n=37 to=0 | cancels=0(+0/s) seqbad=0 len_bad=0 disc=0(0x00) | tot_n=6123 tot_to=0 maxever=53002 >2ms=6123 >5ms=6123 >15ms=1776 >20ms=1569 >30ms=437 | probes=6123 wrfail=0 down=4s maxout=4s
 129.108  t=126s RTT mean=23974 min=11911 max=43036 n=36 to=0 | cancels=0(+0/s) seqbad=0 len_bad=0 disc=0(0x00) | tot_n=6159 tot_to=0 maxever=53002 >2ms=6159 >5ms=6159 >15ms=1803 >20ms=1595 >30ms=441 | probes=6160 wrfail=0 down=4s maxout=4s
 129.108  RPT pe: events=267 mean=5.17 mode=6 max=7 | 0:8 1:28 2:3 3:4 4:2 5:5 6:217
 129.108  t=127s RTT mean=27076 min=8240 max=40709 n=34 to=0 | cancels=0(+0/s) seqbad=0 len_bad=0 disc=0(0x00) | tot_n=6193 tot_to=0 maxever=53002 >2ms=6193 >5ms=6193 >15ms=1832 >20ms=1624 >30ms=451 | probes=6193 wrfail=0 down=4s maxout=4s
 131.064  t=128s RTT mean=25385 min=11911 max=37060 n=35 to=0 | cancels=0(+0/s) seqbad=0 len_bad=0 disc=0(0x00) | tot_n=6228 tot_to=0 maxever=53002 >2ms=6228 >5ms=6228 >15ms=1860 >20ms=1652 >30ms=456 | probes=6228 wrfail=0 down=4s maxout=4s
 131.120  RPT pe: events=266 mean=5.18 mode=6 max=7 | 0:5 1:30 2:1 3:4 4:4 5:12 6:210
 131.120  t=129s RTT mean=26211 min=5778 max=47013 n=34 to=0 | cancels=0(+0/s) seqbad=0 len_bad=0 disc=0(0x00) | tot_n=6262 tot_to=0 maxever=53002 >2ms=6262 >5ms=6262 >15ms=1889 >20ms=1679 >30ms=464 | probes=6263 wrfail=0 down=4s maxout=4s
 133.092  t=130s RTT mean=25614 min=11912 max=43109 n=35 to=0 | cancels=0(+0/s) seqbad=0 len_bad=0 disc=0(0x00) | tot_n=6297 tot_to=0 maxever=53002 >2ms=6297 >5ms=6297 >15ms=1917 >20ms=1707 >30ms=472 | probes=6297 wrfail=0 down=4s maxout=4s
 133.092  RPT pe: events=267 mean=5.10 mode=6 max=7 | 0:6 1:31 2:2 3:2 4:5 5:24 6:197
 133.152  t=131s RTT mean=25378 min=11913 max=44458 n=34 to=0 | cancels=0(+0/s) seqbad=0 len_bad=0 disc=0(0x00) | tot_n=6331 tot_to=0 maxever=53002 >2ms=6331 >5ms=6331 >15ms=1945 >20ms=1734 >30ms=476 | probes=6332 wrfail=0 down=4s maxout=4s
 135.065  t=132s RTT mean=28263 min=5777 max=42164 n=32 to=0 | cancels=0(+0/s) seqbad=0 len_bad=0 disc=0(0x00) | tot_n=6363 tot_to=0 maxever=53002 >2ms=6363 >5ms=6363 >15ms=1973 >20ms=1762 >30ms=490 | probes=6364 wrfail=0 down=4s maxout=4s
 135.126  RPT pe: events=267 mean=5.05 mode=6 max=7 | 0:12 1:28 2:2 3:5 4:3 5:10 6:207
 135.126  t=133s RTT mean=25976 min=11911 max=55615 n=35 to=0 | cancels=0(+0/s) seqbad=0 len_bad=0 disc=0(0x00) | tot_n=6398 tot_to=0 maxever=55615 >2ms=6398 >5ms=6398 >15ms=2001 >20ms=1790 >30ms=497 | probes=6399 wrfail=0 down=4s maxout=4s
 137.112  t=134s RTT mean=26483 min=7013 max=36800 n=34 to=0 | cancels=0(+0/s) seqbad=0 len_bad=0 disc=0(0x00) | tot_n=6432 tot_to=0 maxever=55615 >2ms=6432 >5ms=6432 >15ms=2030 >20ms=1819 >30ms=506 | probes=6433 wrfail=0 down=4s maxout=4s
 137.112  RPT pe: events=267 mean=5.15 mode=6 max=7 | 0:10 1:26 2:5 3:2 4:3 5:3 6:218
 137.112  t=135s RTT mean=24787 min=5779 max=39174 n=35 to=0 | cancels=0(+0/s) seqbad=0 len_bad=0 disc=0(0x00) | tot_n=6467 tot_to=0 maxever=55615 >2ms=6467 >5ms=6467 >15ms=2057 >20ms=1845 >30ms=515 | probes=6468 wrfail=0 down=4s maxout=4s
 139.111  t=136s RTT mean=24756 min=11911 max=36703 n=36 to=0 | cancels=0(+0/s) seqbad=0 len_bad=0 disc=0(0x00) | tot_n=6503 tot_to=0 maxever=55615 >2ms=6503 >5ms=6503 >15ms=2085 >20ms=1873 >30ms=521 | probes=6504 wrfail=0 down=4s maxout=4s
 139.111  RPT pe: events=266 mean=5.11 mode=6 max=7 | 0:6 1:35 2:3 3:1 4:4 5:2 6:215
 139.111  t=137s RTT mean=24033 min=11692 max=34665 n=37 to=0 | cancels=0(+0/s) seqbad=0 len_bad=0 disc=0(0x00) | tot_n=6540 tot_to=0 maxever=55615 >2ms=6540 >5ms=6540 >15ms=2113 >20ms=1900 >30ms=526 | probes=6541 wrfail=0 down=4s maxout=4s
 141.067  t=138s RTT mean=25147 min=11913 max=40710 n=36 to=0 | cancels=0(+0/s) seqbad=0 len_bad=0 disc=0(0x00) | tot_n=6576 tot_to=0 maxever=55615 >2ms=6576 >5ms=6576 >15ms=2143 >20ms=1927 >30ms=532 | probes=6576 wrfail=0 down=4s maxout=4s
 141.128  RPT pe: events=267 mean=5.05 mode=6 max=7 | 0:12 1:28 2:6 3:3 4:2 5:2 6:214
 141.128  t=139s RTT mean=26970 min=11911 max=35607 n=33 to=0 | cancels=0(+0/s) seqbad=0 len_bad=0 disc=0(0x00) | tot_n=6609 tot_to=0 maxever=55615 >2ms=6609 >5ms=6609 >15ms=2171 >20ms=1955 >30ms=545 | probes=6610 wrfail=0 down=4s maxout=4s
 143.094  t=140s RTT mean=26188 min=5777 max=35510 n=34 to=0 | cancels=0(+0/s) seqbad=0 len_bad=0 disc=0(0x00) | tot_n=6643 tot_to=0 maxever=55615 >2ms=6643 >5ms=6643 >15ms=2199 >20ms=1983 >30ms=556 | probes=6644 wrfail=0 down=4s maxout=4s
 143.094  RPT pe: events=267 mean=5.10 mode=6 max=7 | 0:9 1:26 2:11 3:1 4:2 5:3 6:215
 143.154  t=141s RTT mean=27583 min=11911 max=41912 n=33 to=0 | cancels=0(+0/s) seqbad=0 len_bad=0 disc=0(0x00) | tot_n=6676 tot_to=0 maxever=55615 >2ms=6676 >5ms=6676 >15ms=2227 >20ms=2010 >30ms=568 | probes=6676 wrfail=0 down=4s maxout=4s
 145.125  t=142s RTT mean=28359 min=8199 max=41813 n=31 to=0 | cancels=0(+0/s) seqbad=0 len_bad=0 disc=0(0x00) | tot_n=6707 tot_to=0 maxever=55615 >2ms=6707 >5ms=6707 >15ms=2256 >20ms=2037 >30ms=577 | probes=6708 wrfail=0 down=4s maxout=4s
 145.125  RPT pe: events=266 mean=5.08 mode=6 max=7 | 0:25 1:16 2:2 4:3 6:220
 145.125  t=143s RTT mean=30126 min=5777 max=49401 n=30 to=0 | cancels=0(+0/s) seqbad=0 len_bad=0 disc=0(0x00) | tot_n=6737 tot_to=0 maxever=55615 >2ms=6737 >5ms=6737 >15ms=2284 >20ms=2064 >30ms=590 | probes=6738 wrfail=0 down=4s maxout=4s
 147.095  t=144s RTT mean=28526 min=11912 max=51801 n=32 to=0 | cancels=0(+0/s) seqbad=0 len_bad=0 disc=0(0x00) | tot_n=6769 tot_to=0 maxever=55615 >2ms=6769 >5ms=6769 >15ms=2312 >20ms=2092 >30ms=603 | probes=6770 wrfail=0 down=4s maxout=4s
 147.095  RPT pe: events=267 mean=5.16 mode=6 max=7 | 0:17 1:18 2:5 3:4 6:222 7:1
 147.147  t=145s RTT mean=26416 min=5778 max=35608 n=34 to=0 | cancels=0(+0/s) seqbad=0 len_bad=0 disc=0(0x00) | tot_n=6803 tot_to=0 maxever=55615 >2ms=6803 >5ms=6803 >15ms=2342 >20ms=2121 >30ms=611 | probes=6804 wrfail=0 down=4s maxout=4s
 149.114  t=146s RTT mean=25997 min=11666 max=41906 n=34 to=0 | cancels=0(+0/s) seqbad=0 len_bad=0 disc=0(0x00) | tot_n=6837 tot_to=0 maxever=55615 >2ms=6837 >5ms=6837 >15ms=2370 >20ms=2148 >30ms=621 | probes=6838 wrfail=0 down=4s maxout=4s
 149.114  RPT pe: events=267 mean=5.07 mode=6 max=7 | 0:11 1:24 2:10 3:5 4:1 5:4 6:212
 149.114  t=147s RTT mean=26542 min=11665 max=38314 n=34 to=0 | cancels=0(+0/s) seqbad=0 len_bad=0 disc=0(0x00) | tot_n=6871 tot_to=0 maxever=55615 >2ms=6871 >5ms=6871 >15ms=2398 >20ms=2176 >30ms=633 | probes=6872 wrfail=0 down=4s maxout=4s
 151.090  t=148s RTT mean=24292 min=5777 max=35608 n=36 to=0 | cancels=0(+0/s) seqbad=0 len_bad=0 disc=0(0x00) | tot_n=6907 tot_to=0 maxever=55615 >2ms=6907 >5ms=6907 >15ms=2426 >20ms=2204 >30ms=638 | probes=6908 wrfail=0 down=4s maxout=4s
 151.091  RPT pe: events=266 mean=5.21 mode=6 max=7 | 0:5 1:28 2:4 3:5 4:3 5:1 6:220
 151.145  t=149s RTT mean=24557 min=5777 max=35511 n=36 to=0 | cancels=0(+0/s) seqbad=0 len_bad=0 disc=0(0x00) | tot_n=6943 tot_to=0 maxever=55615 >2ms=6943 >5ms=6943 >15ms=2454 >20ms=2232 >30ms=646 | probes=6944 wrfail=0 down=4s maxout=4s
 153.111  t=150s RTT mean=26272 min=11663 max=34406 n=34 to=0 | cancels=0(+0/s) seqbad=0 len_bad=0 disc=0(0x00) | tot_n=6977 tot_to=0 maxever=55615 >2ms=6977 >5ms=6977 >15ms=2484 >20ms=2260 >30ms=653 | probes=6978 wrfail=0 down=4s maxout=4s
 153.111  RPT pe: events=267 mean=5.13 mode=6 max=7 | 0:9 1:27 2:4 3:5 4:4 5:2 6:216
 153.111  t=151s RTT mean=26693 min=5778 max=44301 n=34 to=0 | cancels=0(+0/s) seqbad=0 len_bad=0 disc=0(0x00) | tot_n=7011 tot_to=0 maxever=55615 >2ms=7011 >5ms=7011 >15ms=2512 >20ms=2288 >30ms=660 | probes=7012 wrfail=0 down=4s maxout=4s
 155.070  t=152s RTT mean=26806 min=11912 max=41657 n=34 to=0 | cancels=0(+0/s) seqbad=0 len_bad=0 disc=0(0x00) | tot_n=7045 tot_to=0 maxever=55615 >2ms=7045 >5ms=7045 >15ms=2540 >20ms=2316 >30ms=672 | probes=7045 wrfail=0 down=4s maxout=4s
 155.130  RPT pe: events=267 mean=5.19 mode=6 max=7 | 0:8 1:26 2:4 3:4 4:2 5:4 6:219
 155.130  t=153s RTT mean=25459 min=11911 max=34410 n=35 to=0 | cancels=0(+0/s) seqbad=0 len_bad=0 disc=0(0x00) | tot_n=7080 tot_to=0 maxever=55615 >2ms=7080 >5ms=7080 >15ms=2569 >20ms=2345 >30ms=679 | probes=7080 wrfail=0 down=4s maxout=4s
 157.094  t=154s RTT mean=24740 min=11912 max=39534 n=35 to=0 | cancels=0(+0/s) seqbad=0 len_bad=0 disc=0(0x00) | tot_n=7115 tot_to=0 maxever=55615 >2ms=7115 >5ms=7115 >15ms=2596 >20ms=2372 >30ms=684 | probes=7116 wrfail=0 down=4s maxout=4s
 157.094  RPT pe: events=267 mean=5.19 mode=6 max=7 | 0:3 1:35 2:3 4:3 5:3 6:220
 157.151  t=155s RTT mean=24473 min=11911 max=34410 n=37 to=0 | cancels=0(+0/s) seqbad=0 len_bad=0 disc=0(0x00) | tot_n=7152 tot_to=0 maxever=55615 >2ms=7152 >5ms=7152 >15ms=2625 >20ms=2400 >30ms=690 | probes=7153 wrfail=0 down=4s maxout=4s
 159.098  t=156s RTT mean=26154 min=9421 max=43103 n=34 to=0 | cancels=0(+0/s) seqbad=0 len_bad=0 disc=0(0x00) | tot_n=7186 tot_to=0 maxever=55615 >2ms=7186 >5ms=7186 >15ms=2654 >20ms=2427 >30ms=699 | probes=7187 wrfail=0 down=4s maxout=4s
 159.098  RPT pe: events=266 mean=5.19 mode=6 max=7 | 0:7 1:29 2:2 3:4 4:2 5:2 6:220
 159.158  t=157s RTT mean=25703 min=11911 max=38003 n=35 to=0 | cancels=0(+0/s) seqbad=0 len_bad=0 disc=0(0x00) | tot_n=7221 tot_to=0 maxever=55615 >2ms=7221 >5ms=7221 >15ms=2683 >20ms=2455 >30ms=705 | probes=7222 wrfail=0 down=4s maxout=4s
 161.075  t=158s RTT mean=24551 min=11912 max=41907 n=36 to=0 | cancels=0(+0/s) seqbad=0 len_bad=0 disc=0(0x00) | tot_n=7257 tot_to=0 maxever=55615 >2ms=7257 >5ms=7257 >15ms=2711 >20ms=2483 >30ms=710 | probes=7258 wrfail=0 down=4s maxout=4s
 161.128  RPT pe: events=267 mean=5.15 mode=6 max=7 | 0:5 1:34 2:3 3:2 4:3 5:1 6:219
 161.128  t=159s RTT mean=25501 min=11911 max=36707 n=35 to=0 | cancels=0(+0/s) seqbad=0 len_bad=0 disc=0(0x00) | tot_n=7292 tot_to=0 maxever=55615 >2ms=7292 >5ms=7292 >15ms=2739 >20ms=2511 >30ms=719 | probes=7293 wrfail=0 down=4s maxout=4s
 163.101  t=160s RTT mean=25598 min=11912 max=47012 n=35 to=0 | cancels=0(+0/s) seqbad=0 len_bad=0 disc=0(0x00) | tot_n=7327 tot_to=0 maxever=55615 >2ms=7327 >5ms=7327 >15ms=2768 >20ms=2540 >30ms=725 | probes=7327 wrfail=0 down=4s maxout=4s
 163.101  RPT pe: events=267 mean=5.05 mode=6 max=7 | 0:4 1:39 2:3 3:5 4:2 5:3 6:211
 163.156  t=161s RTT mean=25372 min=11911 max=44368 n=35 to=0 | cancels=0(+0/s) seqbad=0 len_bad=0 disc=0(0x00) | tot_n=7362 tot_to=0 maxever=55615 >2ms=7362 >5ms=7362 >15ms=2795 >20ms=2567 >30ms=732 | probes=7363 wrfail=0 down=4s maxout=4s
 165.111  t=162s RTT mean=26302 min=8175 max=35604 n=33 to=0 | cancels=0(+0/s) seqbad=0 len_bad=0 disc=0(0x00) | tot_n=7395 tot_to=0 maxever=55615 >2ms=7395 >5ms=7395 >15ms=2824 >20ms=2594 >30ms=740 | probes=7396 wrfail=0 down=4s maxout=4s
 165.111  RPT pe: events=266 mean=5.20 mode=6 max=7 | 0:10 1:24 2:1 3:7 4:2 5:3 6:219
 165.111  t=163s RTT mean=26393 min=11911 max=41805 n=35 to=0 | cancels=0(+0/s) seqbad=0 len_bad=0 disc=0(0x00) | tot_n=7430 tot_to=0 maxever=55615 >2ms=7430 >5ms=7430 >15ms=2853 >20ms=2622 >30ms=749 | probes=7430 wrfail=0 down=4s maxout=4s
 167.121  t=164s RTT mean=25001 min=11912 max=43010 n=35 to=0 | cancels=0(+0/s) seqbad=0 len_bad=0 disc=0(0x00) | tot_n=7465 tot_to=0 maxever=55615 >2ms=7465 >5ms=7465 >15ms=2880 >20ms=2649 >30ms=755 | probes=7466 wrfail=0 down=4s maxout=4s
 167.121  RPT pe: events=267 mean=5.11 mode=6 max=7 | 0:8 1:31 2:5 3:1 4:3 5:5 6:214
 167.121  t=165s RTT mean=27567 min=11911 max=41656 n=33 to=0 | cancels=0(+0/s) seqbad=0 len_bad=0 disc=0(0x00) | tot_n=7498 tot_to=0 maxever=55615 >2ms=7498 >5ms=7498 >15ms=2908 >20ms=2677 >30ms=768 | probes=7499 wrfail=0 down=4s maxout=4s
 169.096  t=166s RTT mean=26467 min=11912 max=41812 n=33 to=0 | cancels=0(+0/s) seqbad=0 len_bad=0 disc=0(0x00) | tot_n=7531 tot_to=0 maxever=55615 >2ms=7531 >5ms=7531 >15ms=2936 >20ms=2704 >30ms=775 | probes=7532 wrfail=0 down=4s maxout=4s
 169.096  RPT pe: events=267 mean=5.23 mode=6 max=7 | 0:8 1:25 2:2 3:4 4:4 5:4 6:220
 169.153  t=167s RTT mean=26064 min=11912 max=41909 n=35 to=0 | cancels=0(+0/s) seqbad=0 len_bad=0 disc=0(0x00) | tot_n=7566 tot_to=0 maxever=55615 >2ms=7566 >5ms=7566 >15ms=2966 >20ms=2733 >30ms=780 | probes=7567 wrfail=0 down=4s maxout=4s
 171.084  t=168s RTT mean=24927 min=11912 max=35603 n=35 to=0 | cancels=0(+0/s) seqbad=0 len_bad=0 disc=0(0x00) | tot_n=7601 tot_to=0 maxever=55615 >2ms=7601 >5ms=7601 >15ms=2994 >20ms=2759 >30ms=787 | probes=7602 wrfail=0 down=4s maxout=4s
 171.084  RPT pe: events=266 mean=5.17 mode=6 max=7 | 0:3 1:32 2:4 3:4 4:6 5:2 6:215
 171.144  t=169s RTT mean=25146 min=5777 max=44207 n=36 to=0 | cancels=0(+0/s) seqbad=0 len_bad=0 disc=0(0x00) | tot_n=7637 tot_to=0 maxever=55615 >2ms=7637 >5ms=7637 >15ms=3023 >20ms=2788 >30ms=792 | probes=7638 wrfail=0 down=4s maxout=4s
 173.090  t=170s RTT mean=28856 min=11914 max=43105 n=31 to=0 | cancels=0(+0/s) seqbad=0 len_bad=0 disc=0(0x00) | tot_n=7668 tot_to=0 maxever=55615 >2ms=7668 >5ms=7668 >15ms=3052 >20ms=2815 >30ms=803 | probes=7669 wrfail=0 down=4s maxout=4s
 173.091  RPT pe: events=267 mean=5.19 mode=6 max=7 | 0:7 1:27 2:3 3:5 4:4 5:2 6:219
 173.151  t=171s RTT mean=26686 min=5778 max=55709 n=34 to=0 | cancels=0(+0/s) seqbad=0 len_bad=0 disc=0(0x00) | tot_n=7702 tot_to=0 maxever=55709 >2ms=7702 >5ms=7702 >15ms=3081 >20ms=2844 >30ms=808 | probes=7703 wrfail=0 down=4s maxout=4s
 175.078  t=172s RTT mean=26597 min=11914 max=35608 n=33 to=0 | cancels=0(+0/s) seqbad=0 len_bad=0 disc=0(0x00) | tot_n=7735 tot_to=0 maxever=55709 >2ms=7735 >5ms=7735 >15ms=3109 >20ms=2872 >30ms=819 | probes=7736 wrfail=0 down=4s maxout=4s
 175.078  RPT pe: events=267 mean=5.13 mode=6 max=7 | 0:7 1:31 2:6 3:1 4:3 5:2 6:217
 175.132  t=173s RTT mean=24646 min=11911 max=38166 n=36 to=0 | cancels=0(+0/s) seqbad=0 len_bad=0 disc=0(0x00) | tot_n=7771 tot_to=0 maxever=55709 >2ms=7771 >5ms=7771 >15ms=3137 >20ms=2900 >30ms=824 | probes=7772 wrfail=0 down=4s maxout=4s
 177.107  t=174s RTT mean=24565 min=5777 max=35602 n=37 to=0 | cancels=0(+0/s) seqbad=0 len_bad=0 disc=0(0x00) | tot_n=7808 tot_to=0 maxever=55709 >2ms=7808 >5ms=7808 >15ms=3167 >20ms=2929 >30ms=829 | probes=7808 wrfail=0 down=4s maxout=4s
 177.107  RPT pe: events=267 mean=5.08 mode=6 max=7 | 0:13 1:24 2:3 3:6 4:4 5:7 6:210
 177.107  t=175s RTT mean=30748 min=11911 max=50861 n=29 to=0 | cancels=0(+0/s) seqbad=0 len_bad=0 disc=0(0x00) | tot_n=7837 tot_to=0 maxever=55709 >2ms=7837 >5ms=7837 >15ms=3195 >20ms=2957 >30ms=843 | probes=7838 wrfail=0 down=4s maxout=4s
 179.122  t=176s RTT mean=25791 min=11912 max=35602 n=35 to=0 | cancels=0(+0/s) seqbad=0 len_bad=0 disc=0(0x00) | tot_n=7872 tot_to=0 maxever=55709 >2ms=7872 >5ms=7872 >15ms=3223 >20ms=2984 >30ms=852 | probes=7873 wrfail=0 down=4s maxout=4s
 179.122  RPT pe: events=266 mean=5.07 mode=6 max=7 | 0:21 1:19 2:3 3:3 4:1 5:3 6:216
 179.123  t=177s RTT mean=28662 min=5777 max=41912 n=31 to=0 | cancels=0(+0/s) seqbad=0 len_bad=0 disc=0(0x00) | tot_n=7903 tot_to=0 maxever=55709 >2ms=7903 >5ms=7903 >15ms=3250 >20ms=3011 >30ms=863 | probes=7904 wrfail=0 down=4s maxout=4s
 181.139  t=178s RTT mean=26900 min=10875 max=49412 n=34 to=0 | cancels=0(+0/s) seqbad=0 len_bad=0 disc=0(0x00) | tot_n=7937 tot_to=0 maxever=55709 >2ms=7937 >5ms=7937 >15ms=3279 >20ms=3039 >30ms=871 | probes=7937 wrfail=0 down=4s maxout=4s
 181.139  RPT pe: events=267 mean=5.02 mode=6 max=7 | 0:9 1:34 2:8 4:1 5:3 6:212
 181.139  t=179s RTT mean=27105 min=11912 max=50606 n=33 to=0 | cancels=0(+0/s) seqbad=0 len_bad=0 disc=0(0x00) | tot_n=7970 tot_to=0 maxever=55709 >2ms=7970 >5ms=7970 >15ms=3306 >20ms=3066 >30ms=882 | probes=7971 wrfail=0 down=4s maxout=4s
 183.116  t=180s RTT mean=27733 min=5777 max=43108 n=32 to=0 | cancels=0(+0/s) seqbad=0 len_bad=0 disc=0(0x00) | tot_n=8002 tot_to=0 maxever=55709 >2ms=8002 >5ms=8002 >15ms=3334 >20ms=3093 >30ms=893 | probes=8003 wrfail=0 down=4s maxout=4s
 183.116  RPT pe: events=267 mean=5.19 mode=6 max=7 | 0:5 1:34 3:3 4:2 5:3 6:220
 183.116  t=181s RTT mean=25901 min=11911 max=35507 n=35 to=0 | cancels=0(+0/s) seqbad=0 len_bad=0 disc=0(0x00) | tot_n=8037 tot_to=0 maxever=55709 >2ms=8037 >5ms=8037 >15ms=3364 >20ms=3121 >30ms=899 | probes=8037 wrfail=0 down=4s maxout=4s
 185.130  t=182s RTT mean=26464 min=11912 max=39419 n=33 to=0 | cancels=0(+0/s) seqbad=0 len_bad=0 disc=0(0x00) | tot_n=8070 tot_to=0 maxever=55709 >2ms=8070 >5ms=8070 >15ms=3391 >20ms=3148 >30ms=908 | probes=8071 wrfail=0 down=4s maxout=4s
 185.130  RPT pe: events=266 mean=5.13 mode=6 max=7 | 0:5 1:32 2:4 3:2 4:7 5:3 6:213
 185.130  t=183s RTT mean=23649 min=5777 max=34312 n=37 to=0 | cancels=0(+0/s) seqbad=0 len_bad=0 disc=0(0x00) | tot_n=8107 tot_to=0 maxever=55709 >2ms=8107 >5ms=8107 >15ms=3419 >20ms=3175 >30ms=912 | probes=8108 wrfail=0 down=4s maxout=4s
 187.080  t=184s RTT mean=27336 min=11911 max=43009 n=34 to=0 | cancels=0(+0/s) seqbad=0 len_bad=0 disc=0(0x00) | tot_n=8141 tot_to=0 maxever=55709 >2ms=8141 >5ms=8141 >15ms=3448 >20ms=3204 >30ms=922 | probes=8141 wrfail=0 down=4s maxout=4s
 187.080  PCTL target=150 tot=2052 to=0 p50=26 p90=34 p99=43 p99.9=50 max=55 g30=494 g100=0 (ms/counts)
 187.140  LOADRAMP: target=160 KBps for 60s
 187.140  RPT pe: events=267 mean=5.14 mode=6 max=7 | 0:9 1:27 2:5 3:4 4:2 5:5 6:214 7:1
 187.140  t=185s RTT mean=26142 min=11911 max=39258 n=34 to=0 | cancels=0(+0/s) seqbad=0 len_bad=0 disc=0(0x00) | tot_n=8175 tot_to=0 maxever=55709 >2ms=8175 >5ms=8175 >15ms=3475 >20ms=3231 >30ms=931 | probes=8176 wrfail=0 down=4s maxout=4s
 189.093  t=186s RTT mean=27087 min=9437 max=40456 n=33 to=0 | cancels=0(+0/s) seqbad=0 len_bad=0 disc=0(0x00) | tot_n=8208 tot_to=0 maxever=55709 >2ms=8208 >5ms=8208 >15ms=3505 >20ms=3261 >30ms=936 | probes=8209 wrfail=0 down=4s maxout=4s
 189.093  RPT pe: events=267 mean=5.44 mode=6 max=7 | 0:6 1:14 2:4 3:7 4:1 5:2 6:233
 189.153  t=187s RTT mean=28119 min=11912 max=44207 n=32 to=0 | cancels=0(+0/s) seqbad=0 len_bad=0 disc=0(0x00) | tot_n=8240 tot_to=0 maxever=55709 >2ms=8240 >5ms=8240 >15ms=3534 >20ms=3290 >30ms=946 | probes=8241 wrfail=0 down=4s maxout=4s
 191.076  t=188s RTT mean=28064 min=11911 max=40709 n=32 to=0 | cancels=0(+0/s) seqbad=0 len_bad=0 disc=0(0x00) | tot_n=8272 tot_to=0 maxever=55709 >2ms=8272 >5ms=8272 >15ms=3563 >20ms=3319 >30ms=956 | probes=8273 wrfail=0 down=4s maxout=4s
 191.133  RPT pe: events=266 mean=5.47 mode=6 max=7 | 0:8 1:10 2:4 3:2 4:8 5:3 6:231
 191.133  t=189s RTT mean=28730 min=13026 max=47017 n=31 to=0 | cancels=0(+0/s) seqbad=0 len_bad=0 disc=0(0x00) | tot_n=8303 tot_to=0 maxever=55709 >2ms=8303 >5ms=8303 >15ms=3593 >20ms=3348 >30ms=963 | probes=8304 wrfail=0 down=4s maxout=4s
 193.094  t=190s RTT mean=27590 min=11911 max=44213 n=33 to=0 | cancels=0(+0/s) seqbad=0 len_bad=0 disc=0(0x00) | tot_n=8336 tot_to=0 maxever=55709 >2ms=8336 >5ms=8336 >15ms=3623 >20ms=3377 >30ms=971 | probes=8337 wrfail=0 down=4s maxout=4s
 193.095  RPT pe: events=267 mean=5.47 mode=6 max=7 | 0:10 1:11 2:3 3:2 4:2 5:4 6:235
 193.153  t=191s RTT mean=28325 min=5777 max=39166 n=32 to=0 | cancels=0(+0/s) seqbad=0 len_bad=0 disc=0(0x00) | tot_n=8368 tot_to=0 maxever=55709 >2ms=8368 >5ms=8368 >15ms=3654 >20ms=3408 >30ms=979 | probes=8369 wrfail=0 down=4s maxout=4s
 195.122  t=192s RTT mean=27144 min=11911 max=40616 n=33 to=0 | cancels=0(+0/s) seqbad=0 len_bad=0 disc=0(0x00) | tot_n=8401 tot_to=0 maxever=55709 >2ms=8401 >5ms=8401 >15ms=3684 >20ms=3437 >30ms=984 | probes=8402 wrfail=0 down=4s maxout=4s
 195.123  RPT pe: events=267 mean=5.40 mode=6 max=7 | 0:5 1:18 2:4 3:5 4:3 5:1 6:231
 195.123  t=193s RTT mean=25928 min=11912 max=34313 n=34 to=0 | cancels=0(+0/s) seqbad=0 len_bad=0 disc=0(0x00) | tot_n=8435 tot_to=0 maxever=55709 >2ms=8435 >5ms=8435 >15ms=3714 >20ms=3466 >30ms=990 | probes=8436 wrfail=0 down=4s maxout=4s
 197.078  t=194s RTT mean=28091 min=11911 max=39516 n=32 to=0 | cancels=0(+0/s) seqbad=0 len_bad=0 disc=0(0x00) | tot_n=8467 tot_to=0 maxever=55709 >2ms=8467 >5ms=8467 >15ms=3744 >20ms=3496 >30ms=999 | probes=8468 wrfail=0 down=4s maxout=4s
 197.139  RPT pe: events=266 mean=5.46 mode=6 max=7 | 0:3 1:15 2:5 3:5 4:6 5:2 6:230
 197.139  t=195s RTT mean=26872 min=11912 max=34406 n=34 to=0 | cancels=0(+0/s) seqbad=0 len_bad=0 disc=0(0x00) | tot_n=8501 tot_to=0 maxever=55709 >2ms=8501 >5ms=8501 >15ms=3775 >20ms=3526 >30ms=1006 | probes=8501 wrfail=0 down=4s maxout=4s
 199.086  t=196s RTT mean=27439 min=11911 max=41911 n=32 to=0 | cancels=0(+0/s) seqbad=0 len_bad=0 disc=0(0x00) | tot_n=8533 tot_to=0 maxever=55709 >2ms=8533 >5ms=8533 >15ms=3804 >20ms=3555 >30ms=1012 | probes=8534 wrfail=0 down=4s maxout=4s
 199.086  RPT pe: events=267 mean=5.38 mode=6 max=7 | 0:7 1:15 2:3 3:6 4:6 5:6 6:224
 199.143  t=197s RTT mean=27882 min=5777 max=44305 n=33 to=0 | cancels=0(+0/s) seqbad=0 len_bad=0 disc=0(0x00) | tot_n=8566 tot_to=0 maxever=55709 >2ms=8566 >5ms=8566 >15ms=3834 >20ms=3584 >30ms=1024 | probes=8566 wrfail=0 down=4s maxout=4s
 201.083  t=198s RTT mean=30680 min=25708 max=43362 n=29 to=0 | cancels=0(+0/s) seqbad=0 len_bad=0 disc=0(0x00) | tot_n=8595 tot_to=0 maxever=55709 >2ms=8595 >5ms=8595 >15ms=3863 >20ms=3613 >30ms=1038 | probes=8596 wrfail=0 down=4s maxout=4s
 201.083  RPT pe: events=267 mean=5.50 mode=6 max=7 | 0:8 1:6 2:6 3:8 4:1 5:3 6:235
 201.138  t=199s RTT mean=28968 min=13024 max=45559 n=31 to=0 | cancels=0(+0/s) seqbad=0 len_bad=0 disc=0(0x00) | tot_n=8626 tot_to=0 maxever=55709 >2ms=8626 >5ms=8626 >15ms=3893 >20ms=3643 >30ms=1046 | probes=8627 wrfail=0 down=4s maxout=4s
 203.095  t=200s RTT mean=28028 min=11913 max=35608 n=33 to=0 | cancels=0(+0/s) seqbad=0 len_bad=0 disc=0(0x00) | tot_n=8659 tot_to=0 maxever=55709 >2ms=8659 >5ms=8659 >15ms=3924 >20ms=3673 >30ms=1057 | probes=8659 wrfail=0 down=4s maxout=4s
 203.095  RPT pe: events=267 mean=5.42 mode=6 max=7 | 0:4 1:19 2:4 3:3 4:2 5:5 6:230
 203.155  t=201s RTT mean=25745 min=11912 max=38060 n=34 to=0 | cancels=0(+0/s) seqbad=0 len_bad=0 disc=0(0x00) | tot_n=8693 tot_to=0 maxever=55709 >2ms=8693 >5ms=8693 >15ms=3952 >20ms=3701 >30ms=1063 | probes=8694 wrfail=0 down=4s maxout=4s
 205.077  t=202s RTT mean=26719 min=11911 max=41814 n=34 to=0 | cancels=0(+0/s) seqbad=0 len_bad=0 disc=0(0x00) | tot_n=8727 tot_to=0 maxever=55709 >2ms=8727 >5ms=8727 >15ms=3983 >20ms=3731 >30ms=1068 | probes=8728 wrfail=0 down=4s maxout=4s
 205.137  RPT pe: events=266 mean=5.49 mode=6 max=7 | 0:8 1:11 2:5 3:1 4:2 5:5 6:234
 205.137  t=203s RTT mean=27562 min=5777 max=39512 n=32 to=0 | cancels=0(+0/s) seqbad=0 len_bad=0 disc=0(0x00) | tot_n=8759 tot_to=0 maxever=55709 >2ms=8759 >5ms=8759 >15ms=4013 >20ms=3761 >30ms=1074 | probes=8760 wrfail=0 down=4s maxout=4s
 207.110  t=204s RTT mean=28591 min=9436 max=40734 n=32 to=0 | cancels=0(+0/s) seqbad=0 len_bad=0 disc=0(0x00) | tot_n=8791 tot_to=0 maxever=55709 >2ms=8791 >5ms=8791 >15ms=4043 >20ms=3791 >30ms=1082 | probes=8792 wrfail=0 down=4s maxout=4s
 207.110  RPT pe: events=267 mean=5.52 mode=6 max=7 | 0:6 1:11 2:4 3:4 4:2 5:4 6:236
 207.110  t=205s RTT mean=27500 min=11917 max=43009 n=32 to=0 | cancels=0(+0/s) seqbad=0 len_bad=0 disc=0(0x00) | tot_n=8823 tot_to=0 maxever=55709 >2ms=8823 >5ms=8823 >15ms=4072 >20ms=3820 >30ms=1090 | probes=8824 wrfail=0 down=4s maxout=4s
 209.110  t=206s RTT mean=25813 min=11911 max=38053 n=35 to=0 | cancels=0(+0/s) seqbad=0 len_bad=0 disc=0(0x00) | tot_n=8858 tot_to=0 maxever=55709 >2ms=8858 >5ms=8858 >15ms=4103 >20ms=3850 >30ms=1095 | probes=8859 wrfail=0 down=4s maxout=4s
 209.110  RPT pe: events=267 mean=5.44 mode=6 max=7 | 0:5 1:15 2:5 3:6 4:1 5:3 6:232
 209.110  t=207s RTT mean=28813 min=11909 max=46663 n=31 to=0 | cancels=0(+0/s) seqbad=0 len_bad=0 disc=0(0x00) | tot_n=8889 tot_to=0 maxever=55709 >2ms=8889 >5ms=8889 >15ms=4132 >20ms=3879 >30ms=1104 | probes=8890 wrfail=0 down=4s maxout=4s
 211.125  t=208s RTT mean=27134 min=11913 max=44626 n=33 to=0 | cancels=0(+0/s) seqbad=0 len_bad=0 disc=0(0x00) | tot_n=8922 tot_to=0 maxever=55709 >2ms=8922 >5ms=8922 >15ms=4162 >20ms=3908 >30ms=1110 | probes=8923 wrfail=0 down=4s maxout=4s
 211.125  RPT pe: events=266 mean=5.42 mode=6 max=7 | 0:10 1:14 2:2 3:1 4:4 5:3 6:232
 211.125  t=209s RTT mean=26213 min=9438 max=43006 n=35 to=0 | cancels=0(+0/s) seqbad=0 len_bad=0 disc=0(0x00) | tot_n=8957 tot_to=0 maxever=55709 >2ms=8957 >5ms=8957 >15ms=4192 >20ms=3938 >30ms=1116 | probes=8957 wrfail=0 down=4s maxout=4s
 213.138  t=210s RTT mean=26447 min=11912 max=38314 n=33 to=0 | cancels=0(+0/s) seqbad=0 len_bad=0 disc=0(0x00) | tot_n=8990 tot_to=0 maxever=55709 >2ms=8990 >5ms=8990 >15ms=4221 >20ms=3966 >30ms=1122 | probes=8991 wrfail=0 down=4s maxout=4s
 213.138  RPT pe: events=267 mean=5.47 mode=6 max=7 | 0:6 1:14 2:5 3:3 4:3 6:236
 213.139  t=211s RTT mean=26953 min=11913 max=41814 n=34 to=0 | cancels=0(+0/s) seqbad=0 len_bad=0 disc=0(0x00) | tot_n=9024 tot_to=0 maxever=55709 >2ms=9024 >5ms=9024 >15ms=4252 >20ms=3996 >30ms=1128 | probes=9025 wrfail=0 down=4s maxout=4s
 215.119  t=212s RTT mean=27780 min=5777 max=44206 n=32 to=0 | cancels=0(+0/s) seqbad=0 len_bad=0 disc=0(0x00) | tot_n=9056 tot_to=0 maxever=55709 >2ms=9056 >5ms=9056 >15ms=4280 >20ms=4024 >30ms=1139 | probes=9057 wrfail=0 down=4s maxout=4s
 215.119  RPT pe: events=267 mean=5.26 mode=6 max=7 | 0:7 1:21 2:6 3:4 4:4 5:4 6:221
 215.120  t=213s RTT mean=30513 min=14315 max=41657 n=30 to=0 | cancels=0(+0/s) seqbad=0 len_bad=0 disc=0(0x00) | tot_n=9086 tot_to=0 maxever=55709 >2ms=9086 >5ms=9086 >15ms=4309 >20ms=4053 >30ms=1155 | probes=9087 wrfail=0 down=4s maxout=4s
 217.080  t=214s RTT mean=31300 min=25709 max=42165 n=29 to=0 | cancels=0(+0/s) seqbad=0 len_bad=0 disc=0(0x00) | tot_n=9115 tot_to=0 maxever=55709 >2ms=9115 >5ms=9115 >15ms=4338 >20ms=4082 >30ms=1171 | probes=9116 wrfail=0 down=4s maxout=4s
 217.080  RPT pe: events=266 mean=5.34 mode=6 max=7 | 0:7 1:19 2:4 3:4 4:2 5:5 6:225
 217.134  t=215s RTT mean=28896 min=5778 max=44305 n=31 to=0 | cancels=0(+0/s) seqbad=0 len_bad=0 disc=0(0x00) | tot_n=9146 tot_to=0 maxever=55709 >2ms=9146 >5ms=9146 >15ms=4368 >20ms=4112 >30ms=1181 | probes=9147 wrfail=0 down=4s maxout=4s
 219.101  t=216s RTT mean=31707 min=25652 max=50601 n=28 to=0 | cancels=0(+0/s) seqbad=0 len_bad=0 disc=0(0x00) | tot_n=9174 tot_to=0 maxever=55709 >2ms=9174 >5ms=9174 >15ms=4396 >20ms=4140 >30ms=1198 | probes=9175 wrfail=0 down=4s maxout=4s
 219.101  RPT pe: events=267 mean=5.26 mode=6 max=7 | 0:9 1:7 2:14 3:14 4:3 5:2 6:218
 219.159  t=217s RTT mean=30775 min=25709 max=41818 n=30 to=0 | cancels=0(+0/s) seqbad=0 len_bad=0 disc=0(0x00) | tot_n=9204 tot_to=0 maxever=55709 >2ms=9204 >5ms=9204 >15ms=4426 >20ms=4170 >30ms=1211 | probes=9205 wrfail=0 down=4s maxout=4s
 221.111  t=218s RTT mean=33098 min=25709 max=46918 n=28 to=0 | cancels=0(+0/s) seqbad=0 len_bad=0 disc=0(0x00) | tot_n=9232 tot_to=0 maxever=55709 >2ms=9232 >5ms=9232 >15ms=4454 >20ms=4198 >30ms=1228 | probes=9233 wrfail=0 down=4s maxout=4s
 221.111  RPT pe: events=267 mean=5.23 mode=6 max=7 | 0:13 1:2 2:26 3:2 4:3 5:2 6:217 7:2
 221.111  t=219s RTT mean=30253 min=25708 max=39418 n=30 to=0 | cancels=0(+0/s) seqbad=0 len_bad=0 disc=0(0x00) | tot_n=9262 tot_to=0 maxever=55709 >2ms=9262 >5ms=9262 >15ms=4484 >20ms=4228 >30ms=1240 | probes=9263 wrfail=0 down=4s maxout=4s
 223.080  t=220s RTT mean=26376 min=5769 max=33209 n=34 to=0 | cancels=0(+0/s) seqbad=0 len_bad=0 disc=0(0x00) | tot_n=9296 tot_to=0 maxever=55709 >2ms=9296 >5ms=9296 >15ms=4515 >20ms=4259 >30ms=1246 | probes=9297 wrfail=0 down=4s maxout=4s
 223.133  RPT pe: events=266 mean=5.45 mode=6 max=7 | 0:6 1:13 2:4 3:5 4:5 5:3 6:230
 223.133  t=221s RTT mean=28217 min=11911 max=41657 n=32 to=0 | cancels=0(+0/s) seqbad=0 len_bad=0 disc=0(0x00) | tot_n=9328 tot_to=0 maxever=55709 >2ms=9328 >5ms=9328 >15ms=4544 >20ms=4287 >30ms=1259 | probes=9329 wrfail=0 down=4s maxout=4s
 225.123  t=222s RTT mean=27464 min=5777 max=38024 n=32 to=0 | cancels=0(+0/s) seqbad=0 len_bad=0 disc=0(0x00) | tot_n=9360 tot_to=0 maxever=55709 >2ms=9360 >5ms=9360 >15ms=4573 >20ms=4316 >30ms=1269 | probes=9361 wrfail=0 down=4s maxout=4s
 225.124  RPT pe: events=267 mean=5.50 mode=6 max=7 | 0:5 1:13 2:3 3:5 4:3 5:4 6:234
 225.124  t=223s RTT mean=26816 min=11911 max=34462 n=34 to=0 | cancels=0(+0/s) seqbad=0 len_bad=0 disc=0(0x00) | tot_n=9394 tot_to=0 maxever=55709 >2ms=9394 >5ms=9394 >15ms=4604 >20ms=4347 >30ms=1276 | probes=9395 wrfail=0 down=4s maxout=4s
 227.112  t=224s RTT mean=26935 min=11912 max=40456 n=33 to=0 | cancels=0(+0/s) seqbad=0 len_bad=0 disc=0(0x00) | tot_n=9427 tot_to=0 maxever=55709 >2ms=9427 >5ms=9427 >15ms=4634 >20ms=4375 >30ms=1283 | probes=9428 wrfail=0 down=4s maxout=4s
 227.112  RPT pe: events=267 mean=5.42 mode=6 max=7 | 0:8 1:14 2:2 3:6 4:3 5:3 6:231
 227.112  t=225s RTT mean=27795 min=11911 max=36707 n=33 to=0 | cancels=0(+0/s) seqbad=0 len_bad=0 disc=0(0x00) | tot_n=9460 tot_to=0 maxever=55709 >2ms=9460 >5ms=9460 >15ms=4665 >20ms=4405 >30ms=1290 | probes=9460 wrfail=0 down=4s maxout=4s
 229.083  t=226s RTT mean=27442 min=11912 max=44558 n=32 to=0 | cancels=0(+0/s) seqbad=0 len_bad=0 disc=0(0x00) | tot_n=9492 tot_to=0 maxever=55709 >2ms=9492 >5ms=9492 >15ms=4694 >20ms=4433 >30ms=1298 | probes=9493 wrfail=0 down=4s maxout=4s
 229.083  RPT pe: events=267 mean=5.40 mode=6 max=7 | 0:5 1:18 2:4 3:3 4:6 5:2 6:229
 229.143  t=227s RTT mean=26653 min=11911 max=41838 n=33 to=0 | cancels=0(+0/s) seqbad=0 len_bad=0 disc=0(0x00) | tot_n=9525 tot_to=0 maxever=55709 >2ms=9525 >5ms=9525 >15ms=4724 >20ms=4462 >30ms=1303 | probes=9526 wrfail=0 down=4s maxout=4s
 231.116  t=228s RTT mean=27467 min=5776 max=38320 n=34 to=0 | cancels=0(+0/s) seqbad=0 len_bad=0 disc=0(0x00) | tot_n=9559 tot_to=0 maxever=55709 >2ms=9559 >5ms=9559 >15ms=4756 >20ms=4493 >30ms=1311 | probes=9559 wrfail=0 down=4s maxout=4s
 231.116  RPT pe: events=266 mean=5.47 mode=6 max=7 | 0:13 1:5 2:4 3:3 4:5 5:2 6:234
 231.116  t=229s RTT mean=29848 min=15565 max=41907 n=30 to=0 | cancels=0(+0/s) seqbad=0 len_bad=0 disc=0(0x00) | tot_n=9589 tot_to=0 maxever=55709 >2ms=9589 >5ms=9589 >15ms=4786 >20ms=4522 >30ms=1323 | probes=9590 wrfail=0 down=4s maxout=4s
 233.151  t=230s RTT mean=28813 min=13025 max=41813 n=31 to=0 | cancels=0(+0/s) seqbad=0 len_bad=0 disc=0(0x00) | tot_n=9620 tot_to=0 maxever=55709 >2ms=9620 >5ms=9620 >15ms=4816 >20ms=4550 >30ms=1333 | probes=9621 wrfail=0 down=4s maxout=4s
 233.151  RPT pe: events=267 mean=5.38 mode=6 max=7 | 0:11 1:11 2:6 3:2 4:7 6:230
 233.151  t=231s RTT mean=27828 min=5778 max=46695 n=33 to=0 | cancels=0(+0/s) seqbad=0 len_bad=0 disc=0(0x00) | tot_n=9653 tot_to=0 maxever=55709 >2ms=9653 >5ms=9653 >15ms=4847 >20ms=4581 >30ms=1340 | probes=9653 wrfail=0 down=4s maxout=4s
 235.111  t=232s RTT mean=26360 min=11911 max=37118 n=33 to=0 | cancels=0(+0/s) seqbad=0 len_bad=0 disc=0(0x00) | tot_n=9686 tot_to=0 maxever=55709 >2ms=9686 >5ms=9686 >15ms=4876 >20ms=4610 >30ms=1346 | probes=9687 wrfail=0 down=4s maxout=4s
 235.111  RPT pe: events=267 mean=5.44 mode=6 max=7 | 0:7 1:14 2:2 3:4 4:5 5:6 6:229
 235.111  t=233s RTT mean=28250 min=11911 max=41903 n=32 to=0 | cancels=0(+0/s) seqbad=0 len_bad=0 disc=0(0x00) | tot_n=9718 tot_to=0 maxever=55709 >2ms=9718 >5ms=9718 >15ms=4906 >20ms=4639 >30ms=1356 | probes=9719 wrfail=0 down=4s maxout=4s
 237.131  t=234s RTT mean=27092 min=11911 max=35604 n=33 to=0 | cancels=0(+0/s) seqbad=0 len_bad=0 disc=0(0x00) | tot_n=9751 tot_to=0 maxever=55709 >2ms=9751 >5ms=9751 >15ms=4936 >20ms=4668 >30ms=1365 | probes=9752 wrfail=0 down=4s maxout=4s
 237.131  RPT pe: events=266 mean=5.39 mode=6 max=7 | 0:13 1:9 2:4 3:3 4:6 5:1 6:230
 237.131  t=235s RTT mean=29664 min=14499 max=43104 n=31 to=0 | cancels=0(+0/s) seqbad=0 len_bad=0 disc=0(0x00) | tot_n=9782 tot_to=0 maxever=55709 >2ms=9782 >5ms=9782 >15ms=4966 >20ms=4698 >30ms=1378 | probes=9783 wrfail=0 down=4s maxout=4s
 239.117  t=236s RTT mean=28255 min=5776 max=35608 n=32 to=0 | cancels=0(+0/s) seqbad=0 len_bad=0 disc=0(0x00) | tot_n=9814 tot_to=0 maxever=55709 >2ms=9814 >5ms=9814 >15ms=4997 >20ms=4728 >30ms=1387 | probes=9815 wrfail=0 down=4s maxout=4s
 239.118  RPT pe: events=267 mean=5.48 mode=6 max=7 | 0:7 1:12 2:2 3:3 4:8 5:3 6:232
 239.118  t=237s RTT mean=27197 min=11911 max=39419 n=33 to=0 | cancels=0(+0/s) seqbad=0 len_bad=0 disc=0(0x00) | tot_n=9847 tot_to=0 maxever=55709 >2ms=9847 >5ms=9847 >15ms=5027 >20ms=4757 >30ms=1394 | probes=9848 wrfail=0 down=4s maxout=4s
 241.092  t=238s RTT mean=27185 min=11911 max=48308 n=33 to=0 | cancels=0(+0/s) seqbad=0 len_bad=0 disc=0(0x00) | tot_n=9880 tot_to=0 maxever=55709 >2ms=9880 >5ms=9880 >15ms=5057 >20ms=4787 >30ms=1401 | probes=9881 wrfail=0 down=4s maxout=4s
 241.092  RPT pe: events=267 mean=5.49 mode=6 max=7 | 0:5 1:13 2:5 3:4 4:3 5:3 6:234
 241.151  t=239s RTT mean=26464 min=5777 max=40615 n=34 to=0 | cancels=0(+0/s) seqbad=0 len_bad=0 disc=0(0x00) | tot_n=9914 tot_to=0 maxever=55709 >2ms=9914 >5ms=9914 >15ms=5087 >20ms=4817 >30ms=1407 | probes=9914 wrfail=0 down=4s maxout=4s
 243.117  t=240s RTT mean=27432 min=5768 max=40615 n=32 to=0 | cancels=0(+0/s) seqbad=0 len_bad=0 disc=0(0x00) | tot_n=9946 tot_to=0 maxever=55709 >2ms=9946 >5ms=9946 >15ms=5116 >20ms=4845 >30ms=1415 | probes=9947 wrfail=0 down=4s maxout=4s
 243.117  RPT pe: events=266 mean=5.50 mode=6 max=7 | 0:3 1:15 2:4 3:4 4:4 5:3 6:233
 243.117  t=241s RTT mean=26624 min=11911 max=35511 n=34 to=0 | cancels=0(+0/s) seqbad=0 len_bad=0 disc=0(0x00) | tot_n=9980 tot_to=0 maxever=55709 >2ms=9980 >5ms=9980 >15ms=5147 >20ms=4876 >30ms=1420 | probes=9981 wrfail=0 down=4s maxout=4s
 245.097  t=242s RTT mean=28062 min=11914 max=39545 n=32 to=0 | cancels=0(+0/s) seqbad=0 len_bad=0 disc=0(0x00) | tot_n=10012 tot_to=0 maxever=55709 >2ms=10012 >5ms=10012 >15ms=5177 >20ms=4906 >30ms=1430 | probes=10013 wrfail=0 down=4s maxout=4s
 245.097  RPT pe: events=267 mean=5.44 mode=6 max=7 | 0:6 1:14 2:4 3:1 4:10 5:2 6:230
 245.154  t=243s RTT mean=26707 min=11914 max=40455 n=34 to=0 | cancels=0(+0/s) seqbad=0 len_bad=0 disc=0(0x00) | tot_n=10046 tot_to=0 maxever=55709 >2ms=10046 >5ms=10046 >15ms=5209 >20ms=4935 >30ms=1436 | probes=10046 wrfail=0 down=4s maxout=4s
 247.126  t=244s RTT mean=26899 min=11911 max=49664 n=33 to=0 | cancels=0(+0/s) seqbad=0 len_bad=0 disc=0(0x00) | tot_n=10079 tot_to=0 maxever=55709 >2ms=10079 >5ms=10079 >15ms=5238 >20ms=4964 >30ms=1441 | probes=10080 wrfail=0 down=4s maxout=4s
 247.126  PCTL target=160 tot=1936 to=0 p50=26 p90=34 p99=43 p99.9=48 max=50 g30=519 g100=0 (ms/counts)
 247.126  LOADRAMP: target=170 KBps for 60s
 247.127  RPT pe: events=267 mean=5.46 mode=6 max=7 | 0:6 1:17 2:1 3:3 4:4 5:1 6:235
 247.127  t=245s RTT mean=27328 min=5777 max=35603 n=33 to=0 | cancels=0(+0/s) seqbad=0 len_bad=0 disc=0(0x00) | tot_n=10112 tot_to=0 maxever=55709 >2ms=10112 >5ms=10112 >15ms=5269 >20ms=4995 >30ms=1448 | probes=10113 wrfail=0 down=4s maxout=4s
 249.090  t=246s RTT mean=30145 min=25709 max=43108 n=30 to=0 | cancels=0(+0/s) seqbad=0 len_bad=0 disc=0(0x00) | tot_n=10142 tot_to=0 maxever=55709 >2ms=10142 >5ms=10142 >15ms=5299 >20ms=5025 >30ms=1458 | probes=10143 wrfail=0 down=4s maxout=4s
 249.090  RPT pe: events=267 mean=5.58 mode=6 max=7 | 0:10 1:3 2:3 3:3 4:4 5:7 6:237
 249.143  t=247s RTT mean=29180 min=25708 max=38060 n=31 to=0 | cancels=0(+0/s) seqbad=0 len_bad=0 disc=0(0x00) | tot_n=10173 tot_to=0 maxever=55709 >2ms=10173 >5ms=10173 >15ms=5330 >20ms=5056 >30ms=1466 | probes=10174 wrfail=0 down=4s maxout=4s
 251.134  t=248s RTT mean=29253 min=25708 max=38062 n=31 to=0 | cancels=0(+0/s) seqbad=0 len_bad=0 disc=0(0x00) | tot_n=10204 tot_to=0 maxever=55709 >2ms=10204 >5ms=10204 >15ms=5361 >20ms=5087 >30ms=1475 | probes=10205 wrfail=0 down=4s maxout=4s
 251.134  RPT pe: events=266 mean=5.66 mode=6 max=7 | 0:7 1:2 2:3 3:2 4:7 5:5 6:240
 251.134  t=249s RTT mean=28687 min=25708 max=39199 n=31 to=0 | cancels=0(+0/s) seqbad=0 len_bad=0 disc=0(0x00) | tot_n=10235 tot_to=0 maxever=55709 >2ms=10235 >5ms=10235 >15ms=5392 >20ms=5118 >30ms=1482 | probes=10236 wrfail=0 down=4s maxout=4s
 253.079  t=250s RTT mean=29542 min=25708 max=40616 n=31 to=0 | cancels=0(+0/s) seqbad=0 len_bad=0 disc=0(0x00) | tot_n=10266 tot_to=0 maxever=55709 >2ms=10266 >5ms=10266 >15ms=5423 >20ms=5149 >30ms=1492 | probes=10267 wrfail=0 down=4s maxout=4s
 253.140  RPT pe: events=267 mean=5.54 mode=6 max=7 | 0:10 1:2 2:5 3:5 4:7 5:3 6:235
 253.140  t=251s RTT mean=30175 min=25709 max=41810 n=30 to=0 | cancels=0(+0/s) seqbad=0 len_bad=0 disc=0(0x00) | tot_n=10296 tot_to=0 maxever=55709 >2ms=10296 >5ms=10296 >15ms=5453 >20ms=5179 >30ms=1502 | probes=10297 wrfail=0 down=4s maxout=4s
 255.108  t=252s RTT mean=29783 min=25713 max=41813 n=30 to=0 | cancels=0(+0/s) seqbad=0 len_bad=0 disc=0(0x00) | tot_n=10326 tot_to=0 maxever=55709 >2ms=10326 >5ms=10326 >15ms=5483 >20ms=5209 >30ms=1511 | probes=10327 wrfail=0 down=4s maxout=4s
 255.108  RPT pe: events=267 mean=5.55 mode=6 max=7 | 0:10 1:3 2:5 3:3 4:4 5:6 6:236
 255.160  t=253s RTT mean=29762 min=25701 max=46918 n=31 to=0 | cancels=0(+0/s) seqbad=0 len_bad=0 disc=0(0x00) | tot_n=10357 tot_to=0 maxever=55709 >2ms=10357 >5ms=10357 >15ms=5514 >20ms=5240 >30ms=1520 | probes=10357 wrfail=0 down=4s maxout=4s
 257.097  t=254s RTT mean=30786 min=25709 max=44618 n=29 to=0 | cancels=0(+0/s) seqbad=0 len_bad=0 disc=0(0x00) | tot_n=10386 tot_to=0 maxever=55709 >2ms=10386 >5ms=10386 >15ms=5543 >20ms=5269 >30ms=1535 | probes=10387 wrfail=0 down=4s maxout=4s
 257.097  RPT pe: events=266 mean=5.31 mode=6 max=7 | 0:6 1:3 2:22 3:11 4:3 5:5 6:216
 257.149  t=255s RTT mean=31054 min=25708 max=55710 n=29 to=0 | cancels=0(+0/s) seqbad=0 len_bad=0 disc=0(0x00) | tot_n=10415 tot_to=0 maxever=55710 >2ms=10415 >5ms=10415 >15ms=5572 >20ms=5298 >30ms=1549 | probes=10416 wrfail=0 down=4s maxout=4s
 259.121  t=256s RTT mean=29504 min=25708 max=44207 n=31 to=0 | cancels=0(+0/s) seqbad=0 len_bad=0 disc=0(0x00) | tot_n=10446 tot_to=0 maxever=55710 >2ms=10446 >5ms=10446 >15ms=5603 >20ms=5329 >30ms=1558 | probes=10447 wrfail=0 down=4s maxout=4s
 259.122  RPT pe: events=267 mean=5.45 mode=6 max=7 | 0:7 1:3 2:11 3:8 4:9 5:2 6:227
 259.122  t=257s RTT mean=30710 min=26810 max=44624 n=30 to=0 | cancels=0(+0/s) seqbad=0 len_bad=0 disc=0(0x00) | tot_n=10476 tot_to=0 maxever=55710 >2ms=10476 >5ms=10476 >15ms=5633 >20ms=5359 >30ms=1570 | probes=10476 wrfail=0 down=4s maxout=4s
 261.091  t=258s RTT mean=30385 min=25708 max=40709 n=29 to=0 | cancels=0(+0/s) seqbad=0 len_bad=0 disc=0(0x00) | tot_n=10505 tot_to=0 maxever=55710 >2ms=10505 >5ms=10505 >15ms=5662 >20ms=5388 >30ms=1583 | probes=10506 wrfail=0 down=4s maxout=4s
 261.091  RPT pe: events=267 mean=5.45 mode=6 max=7 | 0:5 1:5 2:2 3:20 4:9 5:4 6:222
 261.151  t=259s RTT mean=29338 min=25706 max=39511 n=31 to=0 | cancels=0(+0/s) seqbad=0 len_bad=0 disc=0(0x00) | tot_n=10536 tot_to=0 maxever=55710 >2ms=10536 >5ms=10536 >15ms=5693 >20ms=5419 >30ms=1595 | probes=10537 wrfail=0 down=4s maxout=4s
 263.110  t=260s RTT mean=29457 min=25709 max=41812 n=31 to=0 | cancels=0(+0/s) seqbad=0 len_bad=0 disc=0(0x00) | tot_n=10567 tot_to=0 maxever=55710 >2ms=10567 >5ms=10567 >15ms=5724 >20ms=5450 >30ms=1605 | probes=10568 wrfail=0 down=4s maxout=4s
 263.110  RPT pe: events=266 mean=5.71 mode=6 max=7 | 0:6 1:1 2:4 3:2 4:3 5:6 6:244
 263.170  t=261s RTT mean=27916 min=19169 max=34407 n=32 to=0 | cancels=0(+0/s) seqbad=0 len_bad=0 disc=0(0x00) | tot_n=10599 tot_to=0 maxever=55710 >2ms=10599 >5ms=10599 >15ms=5756 >20ms=5481 >30ms=1611 | probes=10600 wrfail=0 down=4s maxout=4s
 265.126  t=262s RTT mean=29329 min=25700 max=42165 n=31 to=0 | cancels=0(+0/s) seqbad=0 len_bad=0 disc=0(0x00) | tot_n=10630 tot_to=0 maxever=55710 >2ms=10630 >5ms=10630 >15ms=5787 >20ms=5512 >30ms=1622 | probes=10631 wrfail=0 down=4s maxout=4s
 265.127  RPT pe: events=268 mean=5.54 mode=6 max=7 | 0:7 1:2 2:6 3:10 4:7 5:3 6:233
 265.127  t=263s RTT mean=30032 min=25708 max=41906 n=30 to=0 | cancels=0(+0/s) seqbad=0 len_bad=0 disc=0(0x00) | tot_n=10660 tot_to=0 maxever=55710 >2ms=10660 >5ms=10660 >15ms=5817 >20ms=5542 >30ms=1637 | probes=10661 wrfail=0 down=4s maxout=4s
 267.113  t=264s RTT mean=27864 min=25709 max=34410 n=32 to=0 | cancels=0(+0/s) seqbad=0 len_bad=0 disc=0(0x00) | tot_n=10692 tot_to=0 maxever=55710 >2ms=10692 >5ms=10692 >15ms=5849 >20ms=5574 >30ms=1641 | probes=10693 wrfail=0 down=4s maxout=4s
 267.113  RPT pe: events=266 mean=5.81 mode=6 max=7 | 0:3 1:1 2:2 3:1 4:6 5:4 6:248 7:1
 267.170  t=265s RTT mean=28279 min=25652 max=35609 n=32 to=0 | cancels=0(+0/s) seqbad=0 len_bad=0 disc=0(0x00) | tot_n=10724 tot_to=0 maxever=55710 >2ms=10724 >5ms=10724 >15ms=5881 >20ms=5606 >30ms=1647 | probes=10725 wrfail=0 down=4s maxout=4s
 269.125  t=266s RTT mean=28877 min=25708 max=36869 n=32 to=0 | cancels=0(+0/s) seqbad=0 len_bad=0 disc=0(0x00) | tot_n=10756 tot_to=0 maxever=55710 >2ms=10756 >5ms=10756 >15ms=5913 >20ms=5638 >30ms=1655 | probes=10756 wrfail=0 down=4s maxout=4s
 269.126  RPT pe: events=267 mean=5.63 mode=6 max=7 | 0:6 1:2 2:6 3:2 4:7 5:8 6:236
 269.126  t=267s RTT mean=29496 min=25706 max=41656 n=30 to=0 | cancels=0(+0/s) seqbad=0 len_bad=0 disc=0(0x00) | tot_n=10786 tot_to=0 maxever=55710 >2ms=10786 >5ms=10786 >15ms=5943 >20ms=5668 >30ms=1662 | probes=10787 wrfail=0 down=4s maxout=4s
 271.105  t=268s RTT mean=29041 min=25706 max=40733 n=31 to=0 | cancels=0(+0/s) seqbad=0 len_bad=0 disc=0(0x00) | tot_n=10817 tot_to=0 maxever=55710 >2ms=10817 >5ms=10817 >15ms=5974 >20ms=5699 >30ms=1670 | probes=10818 wrfail=0 down=4s maxout=4s
 271.106  RPT pe: events=266 mean=5.62 mode=6 max=7 | 0:6 1:7 2:3 3:3 4:3 5:3 6:241
 271.166  t=269s RTT mean=28694 min=25701 max=41812 n=32 to=0 | cancels=0(+0/s) seqbad=0 len_bad=0 disc=0(0x00) | tot_n=10849 tot_to=0 maxever=55710 >2ms=10849 >5ms=10849 >15ms=6006 >20ms=5731 >30ms=1676 | probes=10850 wrfail=0 down=4s maxout=4s
 273.111  t=270s RTT mean=30377 min=25709 max=44622 n=30 to=0 | cancels=0(+0/s) seqbad=0 len_bad=0 disc=0(0x00) | tot_n=10879 tot_to=0 maxever=55710 >2ms=10879 >5ms=10879 >15ms=6036 >20ms=5761 >30ms=1687 | probes=10879 wrfail=0 down=4s maxout=4s
 273.111  RPT pe: events=267 mean=5.59 mode=6 max=7 | 0:8 1:3 2:5 3:2 4:6 5:6 6:237
 273.171  t=271s RTT mean=28564 min=25695 max=40457 n=31 to=0 | cancels=0(+0/s) seqbad=0 len_bad=0 disc=0(0x00) | tot_n=10910 tot_to=0 maxever=55710 >2ms=10910 >5ms=10910 >15ms=6067 >20ms=5792 >30ms=1695 | probes=10911 wrfail=0 down=4s maxout=4s
 275.117  t=272s RTT mean=28580 min=25702 max=44207 n=32 to=0 | cancels=0(+0/s) seqbad=0 len_bad=0 disc=0(0x00) | tot_n=10942 tot_to=0 maxever=55710 >2ms=10942 >5ms=10942 >15ms=6099 >20ms=5824 >30ms=1701 | probes=10943 wrfail=0 down=4s maxout=4s
 275.118  RPT pe: events=267 mean=5.49 mode=6 max=7 | 0:12 1:8 2:1 3:3 4:2 5:6 6:235
 275.118  t=273s RTT mean=30972 min=25708 max=41911 n=29 to=0 | cancels=0(+0/s) seqbad=0 len_bad=0 disc=0(0x00) | tot_n=10971 tot_to=0 maxever=55710 >2ms=10971 >5ms=10971 >15ms=6128 >20ms=5853 >30ms=1716 | probes=10972 wrfail=0 down=4s maxout=4s
 277.119  t=274s RTT mean=29175 min=25708 max=37996 n=31 to=0 | cancels=0(+0/s) seqbad=0 len_bad=0 disc=0(0x00) | tot_n=11002 tot_to=0 maxever=55710 >2ms=11002 >5ms=11002 >15ms=6159 >20ms=5884 >30ms=1727 | probes=11003 wrfail=0 down=4s maxout=4s
 277.120  RPT pe: events=266 mean=5.62 mode=6 max=7 | 0:7 1:2 2:6 3:2 4:4 5:9 6:236
 277.120  t=275s RTT mean=29981 min=25713 max=47011 n=30 to=0 | cancels=0(+0/s) seqbad=0 len_bad=0 disc=0(0x00) | tot_n=11032 tot_to=0 maxever=55710 >2ms=11032 >5ms=11032 >15ms=6189 >20ms=5914 >30ms=1736 | probes=11033 wrfail=0 down=4s maxout=4s
 279.098  t=276s RTT mean=28243 min=25709 max=34411 n=32 to=0 | cancels=0(+0/s) seqbad=0 len_bad=0 disc=0(0x00) | tot_n=11064 tot_to=0 maxever=55710 >2ms=11064 >5ms=11064 >15ms=6221 >20ms=5946 >30ms=1741 | probes=11065 wrfail=0 down=4s maxout=4s
 279.098  RPT pe: events=267 mean=5.62 mode=6 max=7 | 0:8 1:3 2:2 3:5 4:5 5:3 6:241
 279.149  t=277s RTT mean=30375 min=25709 max=41913 n=30 to=0 | cancels=0(+0/s) seqbad=0 len_bad=0 disc=0(0x00) | tot_n=11094 tot_to=0 maxever=55710 >2ms=11094 >5ms=11094 >15ms=6251 >20ms=5976 >30ms=1752 | probes=11095 wrfail=0 down=4s maxout=4s
 281.108  t=278s RTT mean=29333 min=25654 max=35861 n=31 to=0 | cancels=0(+0/s) seqbad=0 len_bad=0 disc=0(0x00) | tot_n=11125 tot_to=0 maxever=55710 >2ms=11125 >5ms=11125 >15ms=6282 >20ms=6007 >30ms=1762 | probes=11126 wrfail=0 down=4s maxout=4s
 281.108  RPT pe: events=267 mean=5.58 mode=6 max=7 | 0:8 1:4 2:2 3:7 4:5 5:5 6:236
 281.168  t=279s RTT mean=29788 min=25708 max=34665 n=30 to=0 | cancels=0(+0/s) seqbad=0 len_bad=0 disc=0(0x00) | tot_n=11155 tot_to=0 maxever=55710 >2ms=11155 >5ms=11155 >15ms=6312 >20ms=6037 >30ms=1774 | probes=11156 wrfail=0 down=4s maxout=4s
 283.126  t=280s RTT mean=28374 min=25708 max=37998 n=32 to=0 | cancels=0(+0/s) seqbad=0 len_bad=0 disc=0(0x00) | tot_n=11187 tot_to=0 maxever=55710 >2ms=11187 >5ms=11187 >15ms=6344 >20ms=6069 >30ms=1780 | probes=11188 wrfail=0 down=4s maxout=4s
 283.126  RPT pe: events=266 mean=5.77 mode=6 max=7 | 0:5 1:1 2:2 3:2 4:2 5:7 6:247
 283.126  t=281s RTT mean=28262 min=25705 max=36804 n=32 to=0 | cancels=0(+0/s) seqbad=0 len_bad=0 disc=0(0x00) | tot_n=11219 tot_to=0 maxever=55710 >2ms=11219 >5ms=11219 >15ms=6376 >20ms=6101 >30ms=1786 | probes=11220 wrfail=0 down=4s maxout=4s
 285.117  t=282s RTT mean=27846 min=10564 max=39517 n=32 to=0 | cancels=0(+0/s) seqbad=0 len_bad=0 disc=0(0x00) | tot_n=11251 tot_to=0 maxever=55710 >2ms=11251 >5ms=11251 >15ms=6407 >20ms=6131 >30ms=1793 | probes=11252 wrfail=0 down=4s maxout=4s
 285.117  RPT pe: events=267 mean=5.63 mode=6 max=7 | 0:8 1:3 2:4 3:2 4:4 5:5 6:241
 285.117  t=283s RTT mean=29666 min=25708 max=44207 n=31 to=0 | cancels=0(+0/s) seqbad=0 len_bad=0 disc=0(0x00) | tot_n=11282 tot_to=0 maxever=55710 >2ms=11282 >5ms=11282 >15ms=6438 >20ms=6162 >30ms=1802 | probes=11282 wrfail=0 down=4s maxout=4s
 287.123  t=284s RTT mean=28425 min=25709 max=35608 n=31 to=0 | cancels=0(+0/s) seqbad=0 len_bad=0 disc=0(0x00) | tot_n=11313 tot_to=0 maxever=55710 >2ms=11313 >5ms=11313 >15ms=6469 >20ms=6193 >30ms=1808 | probes=11314 wrfail=0 down=4s maxout=4s
 287.123  RPT pe: events=267 mean=5.74 mode=6 max=7 | 0:4 1:2 2:4 3:3 4:2 5:6 6:246
 287.123  t=285s RTT mean=28963 min=25708 max=50535 n=31 to=0 | cancels=0(+0/s) seqbad=0 len_bad=0 disc=0(0x00) | tot_n=11344 tot_to=0 maxever=55710 >2ms=11344 >5ms=11344 >15ms=6500 >20ms=6224 >30ms=1815 | probes=11345 wrfail=0 down=4s maxout=4s
 289.104  t=286s RTT mean=29617 min=25704 max=39164 n=31 to=0 | cancels=0(+0/s) seqbad=0 len_bad=0 disc=0(0x00) | tot_n=11375 tot_to=0 maxever=55710 >2ms=11375 >5ms=11375 >15ms=6531 >20ms=6255 >30ms=1826 | probes=11376 wrfail=0 down=4s maxout=4s
 289.104  RPT pe: events=267 mean=5.61 mode=6 max=7 | 0:7 1:4 2:4 3:5 4:4 5:3 6:240
 289.164  t=287s RTT mean=29449 min=25708 max=36707 n=31 to=0 | cancels=0(+0/s) seqbad=0 len_bad=0 disc=0(0x00) | tot_n=11406 tot_to=0 maxever=55710 >2ms=11406 >5ms=11406 >15ms=6562 >20ms=6286 >30ms=1837 | probes=11407 wrfail=0 down=4s maxout=4s
 291.105  t=288s RTT mean=27886 min=25706 max=34339 n=32 to=0 | cancels=0(+0/s) seqbad=0 len_bad=0 disc=0(0x00) | tot_n=11438 tot_to=0 maxever=55710 >2ms=11438 >5ms=11438 >15ms=6594 >20ms=6318 >30ms=1842 | probes=11439 wrfail=0 down=4s maxout=4s
 291.106  RPT pe: events=266 mean=5.66 mode=6 max=7 | 0:4 1:1 2:7 3:4 4:8 5:4 6:238
 291.165  t=289s RTT mean=29378 min=25708 max=36804 n=31 to=0 | cancels=0(+0/s) seqbad=0 len_bad=0 disc=0(0x00) | tot_n=11469 tot_to=0 maxever=55710 >2ms=11469 >5ms=11469 >15ms=6625 >20ms=6349 >30ms=1853 | probes=11470 wrfail=0 down=4s maxout=4s
 293.121  t=290s RTT mean=30869 min=25709 max=41907 n=29 to=0 | cancels=0(+0/s) seqbad=0 len_bad=0 disc=0(0x00) | tot_n=11498 tot_to=0 maxever=55710 >2ms=11498 >5ms=11498 >15ms=6654 >20ms=6378 >30ms=1865 | probes=11499 wrfail=0 down=4s maxout=4s
 293.121  RPT pe: events=267 mean=5.44 mode=6 max=7 | 0:7 1:5 2:4 3:16 4:6 5:5 6:224
 293.121  t=291s RTT mean=29329 min=25708 max=35608 n=31 to=0 | cancels=0(+0/s) seqbad=0 len_bad=0 disc=0(0x00) | tot_n=11529 tot_to=0 maxever=55710 >2ms=11529 >5ms=11529 >15ms=6685 >20ms=6409 >30ms=1878 | probes=11530 wrfail=0 down=4s maxout=4s
 295.125  t=292s RTT mean=30069 min=25713 max=34410 n=30 to=0 | cancels=0(+0/s) seqbad=0 len_bad=0 disc=0(0x00) | tot_n=11559 tot_to=0 maxever=55710 >2ms=11559 >5ms=11559 >15ms=6715 >20ms=6439 >30ms=1892 | probes=11560 wrfail=0 down=4s maxout=4s
 295.125  RPT pe: events=267 mean=5.52 mode=6 max=7 | 0:6 1:3 2:5 3:8 4:13 5:6 6:226
 295.125  t=293s RTT mean=29423 min=25707 max=41813 n=31 to=0 | cancels=0(+0/s) seqbad=0 len_bad=0 disc=0(0x00) | tot_n=11590 tot_to=0 maxever=55710 >2ms=11590 >5ms=11590 >15ms=6746 >20ms=6470 >30ms=1902 | probes=11591 wrfail=0 down=4s maxout=4s
 297.115  t=294s RTT mean=30418 min=25708 max=47016 n=29 to=0 | cancels=0(+0/s) seqbad=0 len_bad=0 disc=0(0x00) | tot_n=11619 tot_to=0 maxever=55710 >2ms=11619 >5ms=11619 >15ms=6775 >20ms=6499 >30ms=1914 | probes=11620 wrfail=0 down=4s maxout=4s
 297.115  RPT pe: events=266 mean=5.50 mode=6 max=7 | 0:9 1:5 2:4 3:2 4:14 5:2 6:230
 297.166  t=295s RTT mean=29404 min=25708 max=41813 n=31 to=0 | cancels=0(+0/s) seqbad=0 len_bad=0 disc=0(0x00) | tot_n=11650 tot_to=0 maxever=55710 >2ms=11650 >5ms=11650 >15ms=6806 >20ms=6530 >30ms=1924 | probes=11651 wrfail=0 down=4s maxout=4s
 299.128  t=296s RTT mean=28209 min=25706 max=35862 n=32 to=0 | cancels=0(+0/s) seqbad=0 len_bad=0 disc=0(0x00) | tot_n=11682 tot_to=0 maxever=55710 >2ms=11682 >5ms=11682 >15ms=6838 >20ms=6562 >30ms=1930 | probes=11683 wrfail=0 down=4s maxout=4s
 299.128  RPT pe: events=267 mean=5.76 mode=6 max=7 | 0:6 1:2 2:1 3:2 4:1 5:4 6:251
 299.128  t=297s RTT mean=28512 min=25708 max=40454 n=32 to=0 | cancels=0(+0/s) seqbad=0 len_bad=0 disc=0(0x00) | tot_n=11714 tot_to=0 maxever=55710 >2ms=11714 >5ms=11714 >15ms=6870 >20ms=6594 >30ms=1935 | probes=11715 wrfail=0 down=4s maxout=4s
 301.120  t=298s RTT mean=28540 min=25708 max=35603 n=31 to=0 | cancels=0(+0/s) seqbad=0 len_bad=0 disc=0(0x00) | tot_n=11745 tot_to=0 maxever=55710 >2ms=11745 >5ms=11745 >15ms=6901 >20ms=6625 >30ms=1943 | probes=11746 wrfail=0 down=4s maxout=4s
 301.120  RPT pe: events=267 mean=5.78 mode=6 max=7 | 0:2 1:4 2:1 3:2 4:6 5:3 6:249
 301.120  t=299s RTT mean=28054 min=25705 max=38312 n=33 to=0 | cancels=0(+0/s) seqbad=0 len_bad=0 disc=0(0x00) | tot_n=11778 tot_to=0 maxever=55710 >2ms=11778 >5ms=11778 >15ms=6934 >20ms=6658 >30ms=1948 | probes=11779 wrfail=0 down=4s maxout=4s
 303.118  t=300s RTT mean=28699 min=11831 max=40616 n=30 to=0 | cancels=0(+0/s) seqbad=0 len_bad=0 disc=0(0x00) | tot_n=11808 tot_to=0 maxever=55710 >2ms=11808 >5ms=11808 >15ms=6963 >20ms=6687 >30ms=1955 | probes=11809 wrfail=0 down=4s maxout=4s
 303.118  RPT pe: events=267 mean=5.64 mode=6 max=7 | 0:8 1:2 2:5 3:1 4:6 5:3 6:241 7:1
 303.118  t=301s RTT mean=28659 min=25705 max=51867 n=32 to=0 | cancels=0(+0/s) seqbad=0 len_bad=0 disc=0(0x00) | tot_n=11840 tot_to=0 maxever=55710 >2ms=11840 >5ms=11840 >15ms=6995 >20ms=6719 >30ms=1959 | probes=11841 wrfail=0 down=4s maxout=4s
 305.099  t=302s RTT mean=29300 min=25709 max=39164 n=31 to=0 | cancels=0(+0/s) seqbad=0 len_bad=0 disc=0(0x00) | tot_n=11871 tot_to=0 maxever=55710 >2ms=11871 >5ms=11871 >15ms=7026 >20ms=6750 >30ms=1968 | probes=11872 wrfail=0 down=4s maxout=4s
 305.099  RPT pe: events=266 mean=5.68 mode=6 max=7 | 0:7 1:2 2:2 3:3 4:5 5:6 6:241
 305.159  t=303s RTT mean=28552 min=25708 max=37999 n=32 to=0 | cancels=0(+0/s) seqbad=0 len_bad=0 disc=0(0x00) | tot_n=11903 tot_to=0 maxever=55710 >2ms=11903 >5ms=11903 >15ms=7058 >20ms=6782 >30ms=1973 | probes=11904 wrfail=0 down=4s maxout=4s
 307.093  t=304s RTT mean=28469 min=25708 max=38325 n=32 to=0 | cancels=0(+0/s) seqbad=0 len_bad=0 disc=0(0x00) | tot_n=11935 tot_to=0 maxever=55710 >2ms=11935 >5ms=11935 >15ms=7090 >20ms=6814 >30ms=1979 | probes=11935 wrfail=0 down=4s maxout=4s
 307.151  PCTL target=170 tot=1856 to=0 p50=28 p90=34 p99=41 p99.9=50 max=55 g30=537 g100=0 (ms/counts)
 307.151  LOADRAMP: target=180 KBps for 60s
 307.151  RPT pe: events=267 mean=5.75 mode=6 max=7 | 0:4 1:2 2:3 3:2 4:4 5:6 6:246
 307.151  t=305s RTT mean=28284 min=25708 max=41910 n=31 to=0 | cancels=0(+0/s) seqbad=0 len_bad=0 disc=0(0x00) | tot_n=11966 tot_to=0 maxever=55710 >2ms=11966 >5ms=11966 >15ms=7121 >20ms=6845 >30ms=1985 | probes=11967 wrfail=0 down=4s maxout=4s
 309.113  t=306s RTT mean=29086 min=25708 max=40724 n=31 to=0 | cancels=0(+0/s) seqbad=0 len_bad=0 disc=0(0x00) | tot_n=11997 tot_to=0 maxever=55710 >2ms=11997 >5ms=11997 >15ms=7152 >20ms=6876 >30ms=1993 | probes=11998 wrfail=0 down=4s maxout=4s
 309.113  RPT pe: events=266 mean=5.69 mode=6 max=7 | 0:5 1:3 2:3 3:6 4:2 5:2 6:245
 309.164  t=307s RTT mean=28509 min=25705 max=35512 n=32 to=0 | cancels=0(+0/s) seqbad=0 len_bad=0 disc=0(0x00) | tot_n=12029 tot_to=0 maxever=55710 >2ms=12029 >5ms=12029 >15ms=7184 >20ms=6908 >30ms=2000 | probes=12030 wrfail=0 down=4s maxout=4s
 311.109  t=308s RTT mean=28517 min=25706 max=35509 n=32 to=0 | cancels=0(+0/s) seqbad=0 len_bad=0 disc=0(0x00) | tot_n=12061 tot_to=0 maxever=55710 >2ms=12061 >5ms=12061 >15ms=7216 >20ms=6940 >30ms=2007 | probes=12062 wrfail=0 down=4s maxout=4s
 311.110  RPT pe: events=267 mean=5.71 mode=6 max=7 | 0:8 1:1 2:3 3:1 4:3 5:3 6:248
 311.170  t=309s RTT mean=29379 min=25709 max=40708 n=30 to=0 | cancels=0(+0/s) seqbad=0 len_bad=0 disc=0(0x00) | tot_n=12091 tot_to=0 maxever=55710 >2ms=12091 >5ms=12091 >15ms=7246 >20ms=6970 >30ms=2016 | probes=12092 wrfail=0 down=4s maxout=4s
 313.164  t=310s RTT mean=28311 min=25706 max=35603 n=32 to=0 | cancels=0(+0/s) seqbad=0 len_bad=0 disc=0(0x00) | tot_n=12123 tot_to=0 maxever=55710 >2ms=12123 >5ms=12123 >15ms=7278 >20ms=7002 >30ms=2022 | probes=12124 wrfail=0 down=4s maxout=4s
 313.165  RPT pe: events=267 mean=5.76 mode=6 max=7 | 0:7 2:2 3:1 4:4 5:3 6:250
 313.165  t=311s RTT mean=28535 min=25708 max=34665 n=32 to=0 | cancels=0(+0/s) seqbad=0 len_bad=0 disc=0(0x00) | tot_n=12155 tot_to=0 maxever=55710 >2ms=12155 >5ms=12155 >15ms=7310 >20ms=7034 >30ms=2029 | probes=12156 wrfail=0 down=4s maxout=4s
 315.140  t=312s RTT mean=27770 min=25708 max=34405 n=32 to=0 | cancels=0(+0/s) seqbad=0 len_bad=0 disc=0(0x00) | tot_n=12187 tot_to=0 maxever=55710 >2ms=12187 >5ms=12187 >15ms=7342 >20ms=7066 >30ms=2034 | probes=12188 wrfail=0 down=4s maxout=4s
 315.140  RPT pe: events=267 mean=5.71 mode=6 max=7 | 0:6 1:3 2:2 3:4 4:3 6:249
 315.197  t=313s RTT mean=29733 min=25708 max=41911 n=31 to=0 | cancels=0(+0/s) seqbad=0 len_bad=0 disc=0(0x00) | tot_n=12218 tot_to=0 maxever=55710 >2ms=12218 >5ms=12218 >15ms=7373 >20ms=7097 >30ms=2043 | probes=12218 wrfail=0 down=4s maxout=4s
 317.131  t=314s RTT mean=28846 min=25710 max=40710 n=31 to=0 | cancels=0(+0/s) seqbad=0 len_bad=0 disc=0(0x00) | tot_n=12249 tot_to=0 maxever=55710 >2ms=12249 >5ms=12249 >15ms=7404 >20ms=7128 >30ms=2050 | probes=12250 wrfail=0 down=4s maxout=4s
 317.131  RPT pe: events=266 mean=5.69 mode=6 max=7 | 0:8 1:1 2:3 3:2 4:2 5:7 6:243
 317.131  t=315s RTT mean=28749 min=25708 max=43009 n=31 to=0 | cancels=0(+0/s) seqbad=0 len_bad=0 disc=0(0x00) | tot_n=12280 tot_to=0 maxever=55710 >2ms=12280 >5ms=12280 >15ms=7435 >20ms=7159 >30ms=2057 | probes=12281 wrfail=0 down=4s maxout=4s
 319.145  t=316s RTT mean=28452 min=25707 max=41813 n=32 to=0 | cancels=0(+0/s) seqbad=0 len_bad=0 disc=0(0x00) | tot_n=12312 tot_to=0 maxever=55710 >2ms=12312 >5ms=12312 >15ms=7467 >20ms=7191 >30ms=2062 | probes=12313 wrfail=0 down=4s maxout=4s
 319.145  RPT pe: events=267 mean=5.73 mode=6 max=7 | 0:8 1:2 2:2 3:1 5:2 6:252
 319.145  t=317s RTT mean=28594 min=25708 max=39164 n=31 to=0 | cancels=0(+0/s) seqbad=0 len_bad=0 disc=0(0x00) | tot_n=12343 tot_to=0 maxever=55710 >2ms=12343 >5ms=12343 >15ms=7498 >20ms=7222 >30ms=2068 | probes=12344 wrfail=0 down=4s maxout=4s
 321.109  t=318s RTT mean=28742 min=25708 max=38315 n=32 to=0 | cancels=0(+0/s) seqbad=0 len_bad=0 disc=0(0x00) | tot_n=12375 tot_to=0 maxever=55710 >2ms=12375 >5ms=12375 >15ms=7530 >20ms=7254 >30ms=2076 | probes=12376 wrfail=0 down=4s maxout=4s
 321.109  RPT pe: events=267 mean=5.70 mode=6 max=7 | 0:4 1:3 2:5 3:2 4:6 5:3 6:244
 321.162  t=319s RTT mean=28806 min=25708 max=39165 n=31 to=0 | cancels=0(+0/s) seqbad=0 len_bad=0 disc=0(0x00) | tot_n=12406 tot_to=0 maxever=55710 >2ms=12406 >5ms=12406 >15ms=7561 >20ms=7285 >30ms=2083 | probes=12407 wrfail=0 down=4s maxout=4s
 323.169  t=320s RTT mean=28214 min=25709 max=38314 n=32 to=0 | cancels=0(+0/s) seqbad=0 len_bad=0 disc=0(0x00) | tot_n=12438 tot_to=0 maxever=55710 >2ms=12438 >5ms=12438 >15ms=7593 >20ms=7317 >30ms=2089 | probes=12439 wrfail=0 down=4s maxout=4s
 323.169  RPT pe: events=267 mean=5.68 mode=6 max=7 | 0:8 2:2 3:4 4:5 5:5 6:243
 323.169  t=321s RTT mean=29438 min=25709 max=40709 n=31 to=0 | cancels=0(+0/s) seqbad=0 len_bad=0 disc=0(0x00) | tot_n=12469 tot_to=0 maxever=55710 >2ms=12469 >5ms=12469 >15ms=7624 >20ms=7348 >30ms=2098 | probes=12470 wrfail=0 down=4s maxout=4s
 325.138  t=322s RTT mean=28707 min=25708 max=38061 n=31 to=0 | cancels=0(+0/s) seqbad=0 len_bad=0 disc=0(0x00) | tot_n=12500 tot_to=0 maxever=55710 >2ms=12500 >5ms=12500 >15ms=7655 >20ms=7379 >30ms=2106 | probes=12501 wrfail=0 down=4s maxout=4s
 325.138  RPT pe: events=266 mean=5.68 mode=6 max=7 | 0:5 1:2 2:4 3:7 4:3 5:1 6:243 7:1
 325.138  t=323s RTT mean=29358 min=25708 max=43360 n=31 to=0 | cancels=0(+0/s) seqbad=0 len_bad=0 disc=0(0x00) | tot_n=12531 tot_to=0 maxever=55710 >2ms=12531 >5ms=12531 >15ms=7686 >20ms=7410 >30ms=2115 | probes=12532 wrfail=0 down=4s maxout=4s
 327.124  t=324s RTT mean=29279 min=25708 max=36801 n=31 to=0 | cancels=0(+0/s) seqbad=0 len_bad=0 disc=0(0x00) | tot_n=12562 tot_to=0 maxever=55710 >2ms=12562 >5ms=12562 >15ms=7717 >20ms=7441 >30ms=2125 | probes=12563 wrfail=0 down=4s maxout=4s
 327.124  RPT pe: events=267 mean=5.61 mode=6 max=7 | 0:10 1:4 2:2 3:3 4:1 5:4 6:243
 327.124  t=325s RTT mean=29013 min=25708 max=46664 n=31 to=0 | cancels=0(+0/s) seqbad=0 len_bad=0 disc=0(0x00) | tot_n=12593 tot_to=0 maxever=55710 >2ms=12593 >5ms=12593 >15ms=7748 >20ms=7472 >30ms=2133 | probes=12594 wrfail=0 down=4s maxout=4s
 329.128  t=326s RTT mean=28319 min=25709 max=39512 n=32 to=0 | cancels=0(+0/s) seqbad=0 len_bad=0 disc=0(0x00) | tot_n=12625 tot_to=0 maxever=55710 >2ms=12625 >5ms=12625 >15ms=7780 >20ms=7504 >30ms=2138 | probes=12626 wrfail=0 down=4s maxout=4s
 329.128  RPT pe: events=266 mean=5.58 mode=6 max=7 | 0:8 1:2 2:2 3:2 4:13 5:12 6:227
 329.128  t=327s RTT mean=29290 min=25708 max=36707 n=31 to=0 | cancels=0(+0/s) seqbad=0 len_bad=0 disc=0(0x00) | tot_n=12656 tot_to=0 maxever=55710 >2ms=12656 >5ms=12656 >15ms=7811 >20ms=7535 >30ms=2148 | probes=12656 wrfail=0 down=4s maxout=4s
 331.100  t=328s RTT mean=30894 min=25706 max=43103 n=29 to=0 | cancels=0(+0/s) seqbad=0 len_bad=0 disc=0(0x00) | tot_n=12685 tot_to=0 maxever=55710 >2ms=12685 >5ms=12685 >15ms=7840 >20ms=7564 >30ms=2160 | probes=12686 wrfail=0 down=4s maxout=4s
 331.100  RPT pe: events=267 mean=5.47 mode=6 max=7 | 0:8 1:4 2:6 3:6 4:14 5:3 6:226
 331.160  t=329s RTT mean=28585 min=25704 max=35608 n=32 to=0 | cancels=0(+0/s) seqbad=0 len_bad=0 disc=0(0x00) | tot_n=12717 tot_to=0 maxever=55710 >2ms=12717 >5ms=12717 >15ms=7872 >20ms=7596 >30ms=2169 | probes=12717 wrfail=0 down=4s maxout=4s
 333.098  t=330s RTT mean=28071 min=25708 max=36711 n=32 to=0 | cancels=0(+0/s) seqbad=0 len_bad=0 disc=0(0x00) | tot_n=12749 tot_to=0 maxever=55710 >2ms=12749 >5ms=12749 >15ms=7904 >20ms=7628 >30ms=2174 | probes=12749 wrfail=0 down=4s maxout=4s
 333.098  RPT pe: events=267 mean=5.75 mode=6 max=7 | 0:4 1:1 2:1 3:2 4:4 5:19 6:236
 333.158  t=331s RTT mean=27557 min=25707 max=37117 n=32 to=0 | cancels=0(+0/s) seqbad=0 len_bad=0 disc=0(0x00) | tot_n=12781 tot_to=0 maxever=55710 >2ms=12781 >5ms=12781 >15ms=7936 >20ms=7660 >30ms=2177 | probes=12782 wrfail=0 down=4s maxout=4s
 335.111  t=332s RTT mean=29049 min=25709 max=36707 n=31 to=0 | cancels=0(+0/s) seqbad=0 len_bad=0 disc=0(0x00) | tot_n=12812 tot_to=0 maxever=55710 >2ms=12812 >5ms=12812 >15ms=7967 >20ms=7691 >30ms=2186 | probes=12813 wrfail=0 down=4s maxout=4s
 335.111  RPT pe: events=266 mean=5.60 mode=6 max=7 | 0:9 1:5 2:2 3:2 4:1 5:10 6:237
 335.164  t=333s RTT mean=28985 min=25709 max=43014 n=31 to=0 | cancels=0(+0/s) seqbad=0 len_bad=0 disc=0(0x00) | tot_n=12843 tot_to=0 maxever=55710 >2ms=12843 >5ms=12843 >15ms=7998 >20ms=7722 >30ms=2194 | probes=12844 wrfail=0 down=4s maxout=4s
 337.125  t=334s RTT mean=28941 min=25713 max=35510 n=32 to=0 | cancels=0(+0/s) seqbad=0 len_bad=0 disc=0(0x00) | tot_n=12875 tot_to=0 maxever=55710 >2ms=12875 >5ms=12875 >15ms=8030 >20ms=7754 >30ms=2203 | probes=12875 wrfail=0 down=4s maxout=4s
 337.125  RPT pe: events=267 mean=5.69 mode=6 max=7 | 0:6 1:3 2:4 3:3 4:3 6:248
 337.181  t=335s RTT mean=28947 min=26809 max=35625 n=31 to=0 | cancels=0(+0/s) seqbad=0 len_bad=0 disc=0(0x00) | tot_n=12906 tot_to=0 maxever=55710 >2ms=12906 >5ms=12906 >15ms=8061 >20ms=7785 >30ms=2211 | probes=12907 wrfail=0 down=4s maxout=4s
 339.134  t=336s RTT mean=28745 min=25708 max=36805 n=31 to=0 | cancels=0(+0/s) seqbad=0 len_bad=0 disc=0(0x00) | tot_n=12937 tot_to=0 maxever=55710 >2ms=12937 >5ms=12937 >15ms=8092 >20ms=7816 >30ms=2219 | probes=12938 wrfail=0 down=4s maxout=4s
 339.134  RPT pe: events=267 mean=5.66 mode=6 max=7 | 0:5 1:6 2:2 3:3 4:4 5:4 6:243
 339.134  t=337s RTT mean=29461 min=25708 max=41911 n=31 to=0 | cancels=0(+0/s) seqbad=0 len_bad=0 disc=0(0x00) | tot_n=12968 tot_to=0 maxever=55710 >2ms=12968 >5ms=12968 >15ms=8123 >20ms=7847 >30ms=2228 | probes=12969 wrfail=0 down=4s maxout=4s
 341.148  t=338s RTT mean=28875 min=25708 max=45559 n=31 to=0 | cancels=0(+0/s) seqbad=0 len_bad=0 disc=0(0x00) | tot_n=12999 tot_to=0 maxever=55710 >2ms=12999 >5ms=12999 >15ms=8154 >20ms=7878 >30ms=2234 | probes=13000 wrfail=0 down=4s maxout=4s
 341.148  RPT pe: events=267 mean=5.61 mode=6 max=7 | 0:9 1:1 2:4 3:3 4:6 5:6 6:238
 341.148  t=339s RTT mean=29041 min=25709 max=39418 n=31 to=0 | cancels=0(+0/s) seqbad=0 len_bad=0 disc=0(0x00) | tot_n=13030 tot_to=0 maxever=55710 >2ms=13030 >5ms=13030 >15ms=8185 >20ms=7909 >30ms=2242 | probes=13031 wrfail=0 down=4s maxout=4s
 343.096  t=340s RTT mean=29214 min=25728 max=43104 n=31 to=0 | cancels=0(+0/s) seqbad=0 len_bad=0 disc=0(0x00) | tot_n=13061 tot_to=0 maxever=55710 >2ms=13061 >5ms=13061 >15ms=8216 >20ms=7940 >30ms=2250 | probes=13062 wrfail=0 down=4s maxout=4s
 343.156  RPT pe: events=266 mean=5.57 mode=6 max=7 | 0:10 1:4 2:3 3:2 4:5 5:4 6:238
 343.156  t=341s RTT mean=29934 min=26810 max=39165 n=30 to=0 | cancels=0(+0/s) seqbad=0 len_bad=0 disc=0(0x00) | tot_n=13091 tot_to=0 maxever=55710 >2ms=13091 >5ms=13091 >15ms=8246 >20ms=7970 >30ms=2261 | probes=13092 wrfail=0 down=4s maxout=4s
 345.129  t=342s RTT mean=29543 min=25708 max=41911 n=31 to=0 | cancels=0(+0/s) seqbad=0 len_bad=0 disc=0(0x00) | tot_n=13122 tot_to=0 maxever=55710 >2ms=13122 >5ms=13122 >15ms=8277 >20ms=8001 >30ms=2269 | probes=13123 wrfail=0 down=4s maxout=4s
 345.129  RPT pe: events=267 mean=5.65 mode=6 max=7 | 0:11 1:3 3:2 4:2 5:1 6:248
 345.189  t=343s RTT mean=28272 min=25706 max=38061 n=32 to=0 | cancels=0(+0/s) seqbad=0 len_bad=0 disc=0(0x00) | tot_n=13154 tot_to=0 maxever=55710 >2ms=13154 >5ms=13154 >15ms=8309 >20ms=8033 >30ms=2274 | probes=13155 wrfail=0 down=4s maxout=4s
 347.158  t=344s RTT mean=29406 min=25708 max=41911 n=30 to=0 | cancels=0(+0/s) seqbad=0 len_bad=0 disc=0(0x00) | tot_n=13184 tot_to=0 maxever=55710 >2ms=13184 >5ms=13184 >15ms=8339 >20ms=8063 >30ms=2283 | probes=13185 wrfail=0 down=4s maxout=4s
 347.158  RPT pe: events=267 mean=5.66 mode=6 max=7 | 0:9 1:3 2:3 4:3 5:3 6:246
 347.158  t=345s RTT mean=28912 min=25709 max=36707 n=32 to=0 | cancels=0(+0/s) seqbad=0 len_bad=0 disc=0(0x00) | tot_n=13216 tot_to=0 maxever=55710 >2ms=13216 >5ms=13216 >15ms=8371 >20ms=8095 >30ms=2293 | probes=13217 wrfail=0 down=4s maxout=4s
 349.144  t=346s RTT mean=30190 min=25709 max=49314 n=30 to=0 | cancels=0(+0/s) seqbad=0 len_bad=0 disc=0(0x00) | tot_n=13246 tot_to=0 maxever=55710 >2ms=13246 >5ms=13246 >15ms=8401 >20ms=8125 >30ms=2303 | probes=13247 wrfail=0 down=4s maxout=4s
 349.144  RPT pe: events=266 mean=5.46 mode=6 max=7 | 0:13 1:6 2:6 3:1 4:3 5:2 6:235
 349.144  t=347s RTT mean=30007 min=25707 max=44363 n=30 to=0 | cancels=0(+0/s) seqbad=0 len_bad=0 disc=0(0x00) | tot_n=13276 tot_to=0 maxever=55710 >2ms=13276 >5ms=13276 >15ms=8431 >20ms=8155 >30ms=2313 | probes=13277 wrfail=0 down=4s maxout=4s
 351.115  t=348s RTT mean=29383 min=25709 max=35510 n=31 to=0 | cancels=0(+0/s) seqbad=0 len_bad=0 disc=0(0x00) | tot_n=13307 tot_to=0 maxever=55710 >2ms=13307 >5ms=13307 >15ms=8462 >20ms=8186 >30ms=2325 | probes=13308 wrfail=0 down=4s maxout=4s
 351.115  RPT pe: events=267 mean=5.68 mode=6 max=7 | 0:5 1:4 2:2 3:4 4:5 5:3 6:244
 351.170  t=349s RTT mean=28632 min=25708 max=35510 n=31 to=0 | cancels=0(+0/s) seqbad=0 len_bad=0 disc=0(0x00) | tot_n=13338 tot_to=0 maxever=55710 >2ms=13338 >5ms=13338 >15ms=8493 >20ms=8217 >30ms=2332 | probes=13339 wrfail=0 down=4s maxout=4s
 353.130  t=350s RTT mean=28724 min=25708 max=39164 n=31 to=0 | cancels=0(+0/s) seqbad=0 len_bad=0 disc=0(0x00) | tot_n=13369 tot_to=0 maxever=55710 >2ms=13369 >5ms=13369 >15ms=8524 >20ms=8248 >30ms=2340 | probes=13370 wrfail=0 down=4s maxout=4s
 353.130  RPT pe: events=267 mean=5.66 mode=6 max=7 | 0:8 1:1 2:4 3:4 4:3 5:3 6:243 7:1
 353.130  t=351s RTT mean=29813 min=25709 max=43100 n=31 to=0 | cancels=0(+0/s) seqbad=0 len_bad=0 disc=0(0x00) | tot_n=13400 tot_to=0 maxever=55710 >2ms=13400 >5ms=13400 >15ms=8555 >20ms=8279 >30ms=2349 | probes=13401 wrfail=0 down=4s maxout=4s
 355.127  t=352s RTT mean=28489 min=25708 max=40616 n=32 to=0 | cancels=0(+0/s) seqbad=0 len_bad=0 disc=0(0x00) | tot_n=13432 tot_to=0 maxever=55710 >2ms=13432 >5ms=13432 >15ms=8587 >20ms=8311 >30ms=2355 | probes=13432 wrfail=0 down=4s maxout=4s
 355.127  RPT pe: events=266 mean=5.66 mode=6 max=7 | 0:7 1:6 2:2 4:2 5:5 6:244
 355.178  t=353s RTT mean=29327 min=25707 max=36805 n=30 to=0 | cancels=0(+0/s) seqbad=0 len_bad=0 disc=0(0x00) | tot_n=13462 tot_to=0 maxever=55710 >2ms=13462 >5ms=13462 >15ms=8617 >20ms=8341 >30ms=2365 | probes=13463 wrfail=0 down=4s maxout=4s
 357.155  t=354s RTT mean=30124 min=25708 max=41657 n=30 to=0 | cancels=0(+0/s) seqbad=0 len_bad=0 disc=0(0x00) | tot_n=13492 tot_to=0 maxever=55710 >2ms=13492 >5ms=13492 >15ms=8647 >20ms=8371 >30ms=2376 | probes=13493 wrfail=0 down=4s maxout=4s
 357.155  RPT pe: events=267 mean=5.64 mode=6 max=7 | 0:8 1:3 2:4 4:6 5:4 6:242
 357.155  t=355s RTT mean=28195 min=25708 max=34408 n=32 to=0 | cancels=0(+0/s) seqbad=0 len_bad=0 disc=0(0x00) | tot_n=13524 tot_to=0 maxever=55710 >2ms=13524 >5ms=13524 >15ms=8679 >20ms=8403 >30ms=2381 | probes=13525 wrfail=0 down=4s maxout=4s
 359.136  t=356s RTT mean=29637 min=25705 max=40708 n=31 to=0 | cancels=0(+0/s) seqbad=0 len_bad=0 disc=0(0x00) | tot_n=13555 tot_to=0 maxever=55710 >2ms=13555 >5ms=13555 >15ms=8710 >20ms=8434 >30ms=2394 | probes=13556 wrfail=0 down=4s maxout=4s
 359.137  RPT pe: events=267 mean=5.66 mode=6 max=7 | 0:6 1:2 2:5 3:5 4:2 5:4 6:243
 359.137  t=357s RTT mean=28500 min=25706 max=35511 n=32 to=0 | cancels=0(+0/s) seqbad=0 len_bad=0 disc=0(0x00) | tot_n=13587 tot_to=0 maxever=55710 >2ms=13587 >5ms=13587 >15ms=8742 >20ms=8466 >30ms=2403 | probes=13587 wrfail=0 down=4s maxout=4s
 361.133  t=358s RTT mean=28854 min=25704 max=42165 n=31 to=0 | cancels=0(+0/s) seqbad=0 len_bad=0 disc=0(0x00) | tot_n=13618 tot_to=0 maxever=55710 >2ms=13618 >5ms=13618 >15ms=8773 >20ms=8497 >30ms=2411 | probes=13619 wrfail=0 down=4s maxout=4s
 361.133  RPT pe: events=267 mean=5.63 mode=6 max=7 | 0:6 1:6 2:2 3:5 4:3 5:2 6:243
 361.133  t=359s RTT mean=29829 min=25701 max=46669 n=30 to=0 | cancels=0(+0/s) seqbad=0 len_bad=0 disc=0(0x00) | tot_n=13648 tot_to=0 maxever=55710 >2ms=13648 >5ms=13648 >15ms=8803 >20ms=8527 >30ms=2421 | probes=13649 wrfail=0 down=4s maxout=4s
 363.109  t=360s RTT mean=30326 min=25709 max=39512 n=30 to=0 | cancels=0(+0/s) seqbad=0 len_bad=0 disc=0(0x00) | tot_n=13678 tot_to=0 maxever=55710 >2ms=13678 >5ms=13678 >15ms=8833 >20ms=8557 >30ms=2432 | probes=13679 wrfail=0 down=4s maxout=4s
 363.109  RPT pe: events=266 mean=5.62 mode=6 max=7 | 0:7 1:1 2:8 3:4 4:3 5:3 6:239 7:1
 363.170  t=361s RTT mean=28316 min=25708 max=39512 n=32 to=0 | cancels=0(+0/s) seqbad=0 len_bad=0 disc=0(0x00) | tot_n=13710 tot_to=0 maxever=55710 >2ms=13710 >5ms=13710 >15ms=8865 >20ms=8589 >30ms=2438 | probes=13711 wrfail=0 down=4s maxout=4s
 365.113  t=362s RTT mean=28085 min=25708 max=39555 n=32 to=0 | cancels=0(+0/s) seqbad=0 len_bad=0 disc=0(0x00) | tot_n=13742 tot_to=0 maxever=55710 >2ms=13742 >5ms=13742 >15ms=8897 >20ms=8621 >30ms=2443 | probes=13743 wrfail=0 down=4s maxout=4s
 365.113  RPT pe: events=268 mean=5.74 mode=6 max=7 | 0:4 1:5 2:2 3:1 4:2 5:4 6:250
 365.173  t=363s RTT mean=28605 min=25709 max=35536 n=31 to=0 | cancels=0(+0/s) seqbad=0 len_bad=0 disc=0(0x00) | tot_n=13773 tot_to=0 maxever=55710 >2ms=13773 >5ms=13773 >15ms=8928 >20ms=8652 >30ms=2449 | probes=13774 wrfail=0 down=4s maxout=4s
 367.123  t=364s RTT mean=28406 min=25709 max=34428 n=32 to=0 | cancels=0(+0/s) seqbad=0 len_bad=0 disc=0(0x00) | tot_n=13805 tot_to=0 maxever=55710 >2ms=13805 >5ms=13805 >15ms=8960 >20ms=8684 >30ms=2456 | probes=13806 wrfail=0 down=4s maxout=4s
 367.123  PCTL target=180 tot=1871 to=0 p50=26 p90=34 p99=41 p99.9=46 max=49 g30=481 g100=0 (ms/counts)
 367.123  LOADRAMP: target=190 KBps for 60s
 367.123  RPT pe: events=266 mean=5.66 mode=6 max=7 | 0:5 1:2 2:6 3:3 4:3 5:9 6:238
 367.176  t=365s RTT mean=29380 min=25708 max=40455 n=31 to=0 | cancels=0(+0/s) seqbad=0 len_bad=0 disc=0(0x00) | tot_n=13836 tot_to=0 maxever=55710 >2ms=13836 >5ms=13836 >15ms=8991 >20ms=8715 >30ms=2467 | probes=13837 wrfail=0 down=4s maxout=4s
 369.141  t=366s RTT mean=29587 min=25709 max=41912 n=30 to=0 | cancels=0(+0/s) seqbad=0 len_bad=0 disc=0(0x00) | tot_n=13866 tot_to=0 maxever=55710 >2ms=13866 >5ms=13866 >15ms=9021 >20ms=8745 >30ms=2476 | probes=13867 wrfail=0 down=4s maxout=4s
 369.141  RPT pe: events=267 mean=5.59 mode=6 max=7 | 0:9 1:5 2:3 3:1 5:15 6:234
 369.194  t=367s RTT mean=29028 min=25708 max=40455 n=32 to=0 | cancels=0(+0/s) seqbad=0 len_bad=0 disc=0(0x00) | tot_n=13898 tot_to=0 maxever=55710 >2ms=13898 >5ms=13898 >15ms=9053 >20ms=8777 >30ms=2483 | probes=13899 wrfail=0 down=4s maxout=4s
 371.131  t=368s RTT mean=29014 min=25655 max=36768 n=31 to=0 | cancels=0(+0/s) seqbad=0 len_bad=0 disc=0(0x00) | tot_n=13929 tot_to=0 maxever=55710 >2ms=13929 >5ms=13929 >15ms=9084 >20ms=8808 >30ms=2493 | probes=13930 wrfail=0 down=4s maxout=4s
 371.131  RPT pe: events=266 mean=5.62 mode=6 max=7 | 0:6 1:4 2:7 3:1 4:5 5:2 6:241
 371.131  t=369s RTT mean=29250 min=25708 max=41911 n=31 to=0 | cancels=0(+0/s) seqbad=0 len_bad=0 disc=0(0x00) | tot_n=13960 tot_to=0 maxever=55710 >2ms=13960 >5ms=13960 >15ms=9115 >20ms=8839 >30ms=2502 | probes=13961 wrfail=0 down=4s maxout=4s
 373.139  t=370s RTT mean=29094 min=25706 max=36801 n=31 to=0 | cancels=0(+0/s) seqbad=0 len_bad=0 disc=0(0x00) | tot_n=13991 tot_to=0 maxever=55710 >2ms=13991 >5ms=13991 >15ms=9146 >20ms=8870 >30ms=2511 | probes=13992 wrfail=0 down=4s maxout=4s
 373.139  RPT pe: events=267 mean=5.61 mode=6 max=7 | 0:6 1:5 2:5 3:1 4:6 5:6 6:238
 373.139  t=371s RTT mean=29279 min=25702 max=47011 n=31 to=0 | cancels=0(+0/s) seqbad=0 len_bad=0 disc=0(0x00) | tot_n=14022 tot_to=0 maxever=55710 >2ms=14022 >5ms=14022 >15ms=9177 >20ms=8901 >30ms=2519 | probes=14022 wrfail=0 down=4s maxout=4s
 375.141  t=372s RTT mean=29019 min=25708 max=36709 n=31 to=0 | cancels=0(+0/s) seqbad=0 len_bad=0 disc=0(0x00) | tot_n=14053 tot_to=0 maxever=55710 >2ms=14053 >5ms=14053 >15ms=9208 >20ms=8932 >30ms=2527 | probes=14054 wrfail=0 down=4s maxout=4s
 375.141  RPT pe: events=266 mean=5.68 mode=6 max=7 | 0:6 1:4 2:2 3:2 4:4 5:6 6:242
 375.141  t=373s RTT mean=28607 min=25709 max=34411 n=31 to=0 | cancels=0(+0/s) seqbad=0 len_bad=0 disc=0(0x00) | tot_n=14084 tot_to=0 maxever=55710 >2ms=14084 >5ms=14084 >15ms=9239 >20ms=8963 >30ms=2534 | probes=14085 wrfail=0 down=4s maxout=4s
 377.111  t=374s RTT mean=30300 min=25709 max=40616 n=30 to=0 | cancels=0(+0/s) seqbad=0 len_bad=0 disc=0(0x00) | tot_n=14114 tot_to=0 maxever=55710 >2ms=14114 >5ms=14114 >15ms=9269 >20ms=8993 >30ms=2547 | probes=14115 wrfail=0 down=4s maxout=4s
 377.111  RPT pe: events=268 mean=5.44 mode=6 max=7 | 0:16 1:3 2:6 3:2 4:1 5:5 6:235
 377.171  t=375s RTT mean=29675 min=25708 max=35860 n=30 to=0 | cancels=0(+0/s) seqbad=0 len_bad=0 disc=0(0x00) | tot_n=14144 tot_to=0 maxever=55710 >2ms=14144 >5ms=14144 >15ms=9299 >20ms=9023 >30ms=2558 | probes=14145 wrfail=0 down=4s maxout=4s
 379.137  t=376s RTT mean=32052 min=26809 max=55710 n=29 to=0 | cancels=0(+0/s) seqbad=0 len_bad=0 disc=0(0x00) | tot_n=14173 tot_to=0 maxever=55710 >2ms=14173 >5ms=14173 >15ms=9328 >20ms=9052 >30ms=2572 | probes=14174 wrfail=0 down=4s maxout=4s
 379.137  RPT pe: events=266 mean=5.13 mode=6 max=7 | 0:22 1:11 2:4 3:7 4:2 5:3 6:217
 379.137  t=377s RTT mean=32245 min=25706 max=47018 n=28 to=0 | cancels=0(+0/s) seqbad=0 len_bad=0 disc=0(0x00) | tot_n=14201 tot_to=0 maxever=55710 >2ms=14201 >5ms=14201 >15ms=9356 >20ms=9080 >30ms=2589 | probes=14202 wrfail=0 down=4s maxout=4s
 381.100  t=378s RTT mean=29901 min=25708 max=41812 n=30 to=0 | cancels=0(+0/s) seqbad=0 len_bad=0 disc=0(0x00) | tot_n=14231 tot_to=0 maxever=55710 >2ms=14231 >5ms=14231 >15ms=9386 >20ms=9110 >30ms=2599 | probes=14232 wrfail=0 down=4s maxout=4s
 381.160  RPT pe: events=266 mean=5.44 mode=6 max=7 | 0:15 1:3 2:3 3:7 4:3 5:3 6:232
 381.160  t=379s RTT mean=30500 min=25709 max=44558 n=30 to=0 | cancels=0(+0/s) seqbad=0 len_bad=0 disc=0(0x00) | tot_n=14261 tot_to=0 maxever=55710 >2ms=14261 >5ms=14261 >15ms=9416 >20ms=9140 >30ms=2610 | probes=14262 wrfail=0 down=4s maxout=4s
 383.127  t=380s RTT mean=28394 min=25708 max=35623 n=32 to=0 | cancels=0(+0/s) seqbad=0 len_bad=0 disc=0(0x00) | tot_n=14293 tot_to=0 maxever=55710 >2ms=14293 >5ms=14293 >15ms=9448 >20ms=9172 >30ms=2616 | probes=14294 wrfail=0 down=4s maxout=4s
 383.127  RPT pe: events=267 mean=5.77 mode=6 max=7 | 0:4 1:3 2:1 3:3 4:4 6:252
 383.187  t=381s RTT mean=28464 min=25652 max=45561 n=32 to=0 | cancels=0(+0/s) seqbad=0 len_bad=0 disc=0(0x00) | tot_n=14325 tot_to=0 maxever=55710 >2ms=14325 >5ms=14325 >15ms=9480 >20ms=9204 >30ms=2621 | probes=14326 wrfail=0 down=4s maxout=4s
 385.155  t=382s RTT mean=30751 min=25708 max=49313 n=29 to=0 | cancels=0(+0/s) seqbad=0 len_bad=0 disc=0(0x00) | tot_n=14354 tot_to=0 maxever=55710 >2ms=14354 >5ms=14354 >15ms=9509 >20ms=9233 >30ms=2632 | probes=14355 wrfail=0 down=4s maxout=4s
 385.155  RPT pe: events=267 mean=5.49 mode=6 max=7 | 0:12 1:4 2:8 4:3 5:5 6:235
 385.155  t=383s RTT mean=29526 min=25708 max=39511 n=31 to=0 | cancels=0(+0/s) seqbad=0 len_bad=0 disc=0(0x00) | tot_n=14385 tot_to=0 maxever=55710 >2ms=14385 >5ms=14385 >15ms=9540 >20ms=9264 >30ms=2642 | probes=14386 wrfail=0 down=4s maxout=4s
 387.101  t=384s RTT mean=30357 min=25708 max=40708 n=30 to=0 | cancels=0(+0/s) seqbad=0 len_bad=0 disc=0(0x00) | tot_n=14415 tot_to=0 maxever=55710 >2ms=14415 >5ms=14415 >15ms=9570 >20ms=9294 >30ms=2653 | probes=14416 wrfail=0 down=4s maxout=4s
 387.160  RPT pe: events=267 mean=5.44 mode=6 max=7 | 0:12 1:5 2:7 3:4 4:4 5:2 6:233
 387.160  t=385s RTT mean=30656 min=25708 max=50565 n=29 to=0 | cancels=0(+0/s) seqbad=0 len_bad=0 disc=0(0x00) | tot_n=14444 tot_to=0 maxever=55710 >2ms=14444 >5ms=14444 >15ms=9599 >20ms=9323 >30ms=2665 | probes=14445 wrfail=0 down=4s maxout=4s
 389.151  t=386s RTT mean=29170 min=25708 max=43008 n=31 to=0 | cancels=0(+0/s) seqbad=0 len_bad=0 disc=0(0x00) | tot_n=14475 tot_to=0 maxever=55710 >2ms=14475 >5ms=14475 >15ms=9630 >20ms=9354 >30ms=2672 | probes=14476 wrfail=0 down=4s maxout=4s
 389.151  RPT pe: events=266 mean=5.57 mode=6 max=7 | 0:11 1:1 2:6 3:2 4:4 5:4 6:238
 389.151  t=387s RTT mean=30319 min=25709 max=41812 n=30 to=0 | cancels=0(+0/s) seqbad=0 len_bad=0 disc=0(0x00) | tot_n=14505 tot_to=0 maxever=55710 >2ms=14505 >5ms=14505 >15ms=9660 >20ms=9384 >30ms=2684 | probes=14506 wrfail=0 down=4s maxout=4s
 391.096  t=388s RTT mean=29733 min=25706 max=40612 n=31 to=0 | cancels=0(+0/s) seqbad=0 len_bad=0 disc=0(0x00) | tot_n=14536 tot_to=0 maxever=55710 >2ms=14536 >5ms=14536 >15ms=9691 >20ms=9415 >30ms=2697 | probes=14536 wrfail=0 down=4s maxout=4s
 391.156  RPT pe: events=267 mean=5.65 mode=6 max=7 | 0:4 1:2 2:7 3:5 4:5 5:6 6:238
 391.156  t=389s RTT mean=28521 min=25710 max=35608 n=31 to=0 | cancels=0(+0/s) seqbad=0 len_bad=0 disc=0(0x00) | tot_n=14567 tot_to=0 maxever=55710 >2ms=14567 >5ms=14567 >15ms=9722 >20ms=9446 >30ms=2703 | probes=14568 wrfail=0 down=4s maxout=4s
 393.118  t=390s RTT mean=28882 min=25706 max=34410 n=31 to=0 | cancels=0(+0/s) seqbad=0 len_bad=0 disc=0(0x00) | tot_n=14598 tot_to=0 maxever=55710 >2ms=14598 >5ms=14598 >15ms=9753 >20ms=9477 >30ms=2709 | probes=14599 wrfail=0 down=4s maxout=4s
 393.118  RPT pe: events=267 mean=5.67 mode=6 max=7 | 0:7 1:2 2:5 3:1 4:4 5:4 6:244
 393.178  t=391s RTT mean=29013 min=25708 max=43008 n=31 to=0 | cancels=0(+0/s) seqbad=0 len_bad=0 disc=0(0x00) | tot_n=14629 tot_to=0 maxever=55710 >2ms=14629 >5ms=14629 >15ms=9784 >20ms=9508 >30ms=2718 | probes=14630 wrfail=0 down=4s maxout=4s
 395.130  t=392s RTT mean=28997 min=25709 max=41906 n=32 to=0 | cancels=0(+0/s) seqbad=0 len_bad=0 disc=0(0x00) | tot_n=14661 tot_to=0 maxever=55710 >2ms=14661 >5ms=14661 >15ms=9816 >20ms=9540 >30ms=2725 | probes=14662 wrfail=0 down=4s maxout=4s
 395.130  RPT pe: events=266 mean=5.63 mode=6 max=7 | 0:6 1:5 2:3 3:5 4:3 5:4 6:240
 395.131  t=393s RTT mean=29940 min=25709 max=41812 n=30 to=0 | cancels=0(+0/s) seqbad=0 len_bad=0 disc=0(0x00) | tot_n=14691 tot_to=0 maxever=55710 >2ms=14691 >5ms=14691 >15ms=9846 >20ms=9570 >30ms=2734 | probes=14692 wrfail=0 down=4s maxout=4s
 397.095  t=394s RTT mean=29878 min=25708 max=39516 n=30 to=0 | cancels=0(+0/s) seqbad=0 len_bad=0 disc=0(0x00) | tot_n=14721 tot_to=0 maxever=55710 >2ms=14721 >5ms=14721 >15ms=9876 >20ms=9600 >30ms=2745 | probes=14722 wrfail=0 down=4s maxout=4s
 397.155  RPT pe: events=267 mean=5.59 mode=6 max=7 | 0:8 1:1 2:8 3:2 4:6 5:5 6:237
 397.155  t=395s RTT mean=29673 min=25709 max=39419 n=31 to=0 | cancels=0(+0/s) seqbad=0 len_bad=0 disc=0(0x00) | tot_n=14752 tot_to=0 maxever=55710 >2ms=14752 >5ms=14752 >15ms=9907 >20ms=9631 >30ms=2755 | probes=14753 wrfail=0 down=4s maxout=4s
 399.122  t=396s RTT mean=29465 min=25709 max=39199 n=30 to=0 | cancels=0(+0/s) seqbad=0 len_bad=0 disc=0(0x00) | tot_n=14782 tot_to=0 maxever=55710 >2ms=14782 >5ms=14782 >15ms=9937 >20ms=9661 >30ms=2765 | probes=14783 wrfail=0 down=4s maxout=4s
 399.122  RPT pe: events=267 mean=5.70 mode=6 max=7 | 0:3 1:4 2:7 3:1 4:4 5:1 6:247
 399.175  t=397s RTT mean=28257 min=25708 max=41910 n=32 to=0 | cancels=0(+0/s) seqbad=0 len_bad=0 disc=0(0x00) | tot_n=14814 tot_to=0 maxever=55710 >2ms=14814 >5ms=14814 >15ms=9969 >20ms=9693 >30ms=2770 | probes=14815 wrfail=0 down=4s maxout=4s
 401.132  t=398s RTT mean=28525 min=25708 max=36706 n=32 to=0 | cancels=0(+0/s) seqbad=0 len_bad=0 disc=0(0x00) | tot_n=14846 tot_to=0 maxever=55710 >2ms=14846 >5ms=14846 >15ms=10001 >20ms=9725 >30ms=2777 | probes=14847 wrfail=0 down=4s maxout=4s
 401.132  RPT pe: events=266 mean=5.74 mode=6 max=7 | 0:5 1:2 2:4 3:1 4:3 5:3 6:248
 401.132  t=399s RTT mean=29051 min=25710 max=35596 n=31 to=0 | cancels=0(+0/s) seqbad=0 len_bad=0 disc=0(0x00) | tot_n=14877 tot_to=0 maxever=55710 >2ms=14877 >5ms=14877 >15ms=10032 >20ms=9756 >30ms=2786 | probes=14878 wrfail=0 down=4s maxout=4s
 403.113  t=400s RTT mean=28547 min=25708 max=35507 n=31 to=0 | cancels=0(+0/s) seqbad=0 len_bad=0 disc=0(0x00) | tot_n=14908 tot_to=0 maxever=55710 >2ms=14908 >5ms=14908 >15ms=10063 >20ms=9787 >30ms=2793 | probes=14909 wrfail=0 down=4s maxout=4s
 403.113  RPT pe: events=267 mean=5.64 mode=6 max=7 | 0:8 1:3 2:3 3:3 4:5 5:1 6:244
 403.168  t=401s RTT mean=30003 min=25701 max=35608 n=31 to=0 | cancels=0(+0/s) seqbad=0 len_bad=0 disc=0(0x00) | tot_n=14939 tot_to=0 maxever=55710 >2ms=14939 >5ms=14939 >15ms=10094 >20ms=9818 >30ms=2806 | probes=14940 wrfail=0 down=4s maxout=4s
 405.130  t=402s RTT mean=29636 min=25710 max=40456 n=30 to=0 | cancels=0(+0/s) seqbad=0 len_bad=0 disc=0(0x00) | tot_n=14969 tot_to=0 maxever=55710 >2ms=14969 >5ms=14969 >15ms=10124 >20ms=9848 >30ms=2816 | probes=14970 wrfail=0 down=4s maxout=4s
 405.186  RPT pe: events=267 mean=5.50 mode=6 max=7 | 0:10 1:3 2:9 3:5 5:6 6:234
 405.186  t=403s RTT mean=30338 min=25708 max=45502 n=30 to=0 | cancels=0(+0/s) seqbad=0 len_bad=0 disc=0(0x00) | tot_n=14999 tot_to=0 maxever=55710 >2ms=14999 >5ms=14999 >15ms=10154 >20ms=9878 >30ms=2827 | probes=15000 wrfail=0 down=4s maxout=4s
 407.098  t=404s RTT mean=28626 min=25709 max=35510 n=32 to=0 | cancels=0(+0/s) seqbad=0 len_bad=0 disc=0(0x00) | tot_n=15031 tot_to=0 maxever=55710 >2ms=15031 >5ms=15031 >15ms=10186 >20ms=9910 >30ms=2834 | probes=15032 wrfail=0 down=4s maxout=4s
 407.159  RPT pe: events=267 mean=5.73 mode=6 max=7 | 0:2 1:3 2:7 3:2 4:4 5:3 6:246
 407.159  t=405s RTT mean=28800 min=25708 max=44206 n=31 to=0 | cancels=0(+0/s) seqbad=0 len_bad=0 disc=0(0x00) | tot_n=15062 tot_to=0 maxever=55710 >2ms=15062 >5ms=15062 >15ms=10217 >20ms=9941 >30ms=2842 | probes=15063 wrfail=0 down=4s maxout=4s
 409.117  t=406s RTT mean=29959 min=25706 max=41812 n=30 to=0 | cancels=0(+0/s) seqbad=0 len_bad=0 disc=0(0x00) | tot_n=15092 tot_to=0 maxever=55710 >2ms=15092 >5ms=15092 >15ms=10247 >20ms=9971 >30ms=2852 | probes=15093 wrfail=0 down=4s maxout=4s
 409.117  RPT pe: events=267 mean=5.46 mode=6 max=7 | 0:10 1:8 2:3 3:6 4:6 5:2 6:232
 409.174  t=407s RTT mean=31099 min=25708 max=51800 n=29 to=0 | cancels=0(+0/s) seqbad=0 len_bad=0 disc=0(0x00) | tot_n=15121 tot_to=0 maxever=55710 >2ms=15121 >5ms=15121 >15ms=10276 >20ms=10000 >30ms=2866 | probes=15122 wrfail=0 down=4s maxout=4s
 411.110  t=408s RTT mean=30338 min=25708 max=47958 n=30 to=0 | cancels=0(+0/s) seqbad=0 len_bad=0 disc=0(0x00) | tot_n=15151 tot_to=0 maxever=55710 >2ms=15151 >5ms=15151 >15ms=10306 >20ms=10030 >30ms=2875 | probes=15152 wrfail=0 down=4s maxout=4s
 411.110  RPT pe: events=266 mean=5.39 mode=6 max=7 | 0:17 1:5 2:5 3:2 4:2 5:3 6:232
 411.165  t=409s RTT mean=30976 min=25713 max=41909 n=30 to=0 | cancels=0(+0/s) seqbad=0 len_bad=0 disc=0(0x00) | tot_n=15181 tot_to=0 maxever=55710 >2ms=15181 >5ms=15181 >15ms=10336 >20ms=10060 >30ms=2888 | probes=15181 wrfail=0 down=4s maxout=4s
 413.154  t=410s RTT mean=30234 min=25713 max=41935 n=29 to=0 | cancels=0(+0/s) seqbad=0 len_bad=0 disc=0(0x00) | tot_n=15210 tot_to=0 maxever=55710 >2ms=15210 >5ms=15210 >15ms=10365 >20ms=10089 >30ms=2899 | probes=15211 wrfail=0 down=4s maxout=4s
 413.154  RPT pe: events=267 mean=5.25 mode=6 max=7 | 0:4 1:24 2:8 3:5 4:3 5:3 6:220
 413.154  t=411s RTT mean=32880 min=25709 max=54420 n=28 to=0 | cancels=0(+0/s) seqbad=0 len_bad=0 disc=0(0x00) | tot_n=15238 tot_to=0 maxever=55710 >2ms=15238 >5ms=15238 >15ms=10393 >20ms=10117 >30ms=2916 | probes=15239 wrfail=0 down=4s maxout=4s
 415.118  t=412s RTT mean=31860 min=25715 max=54454 n=29 to=0 | cancels=0(+0/s) seqbad=0 len_bad=0 disc=0(0x00) | tot_n=15267 tot_to=0 maxever=55710 >2ms=15267 >5ms=15267 >15ms=10422 >20ms=10146 >30ms=2932 | probes=15268 wrfail=0 down=4s maxout=4s
 415.118  RPT pe: events=266 mean=5.45 mode=6 max=7 | 0:5 1:14 2:6 3:4 4:3 5:4 6:228 7:2
 415.177  t=413s RTT mean=29304 min=25708 max=35608 n=31 to=0 | cancels=0(+0/s) seqbad=0 len_bad=0 disc=0(0x00) | tot_n=15298 tot_to=0 maxever=55710 >2ms=15298 >5ms=15298 >15ms=10453 >20ms=10177 >30ms=2942 | probes=15299 wrfail=0 down=4s maxout=4s
 417.130  t=414s RTT mean=27606 min=25653 max=34312 n=32 to=0 | cancels=0(+0/s) seqbad=0 len_bad=0 disc=0(0x00) | tot_n=15330 tot_to=0 maxever=55710 >2ms=15330 >5ms=15330 >15ms=10485 >20ms=10209 >30ms=2945 | probes=15331 wrfail=0 down=4s maxout=4s
 417.131  RPT pe: events=267 mean=5.73 mode=6 max=7 | 0:8 2:3 3:2 4:3 5:1 6:249 7:1
 417.188  t=415s RTT mean=30074 min=25709 max=40613 n=30 to=0 | cancels=0(+0/s) seqbad=0 len_bad=0 disc=0(0x00) | tot_n=15360 tot_to=0 maxever=55710 >2ms=15360 >5ms=15360 >15ms=10515 >20ms=10239 >30ms=2955 | probes=15361 wrfail=0 down=4s maxout=4s
 419.132  t=416s RTT mean=29025 min=25708 max=38062 n=32 to=0 | cancels=0(+0/s) seqbad=0 len_bad=0 disc=0(0x00) | tot_n=15392 tot_to=0 maxever=55710 >2ms=15392 >5ms=15392 >15ms=10547 >20ms=10271 >30ms=2962 | probes=15392 wrfail=0 down=4s maxout=4s
 419.132  RPT pe: events=267 mean=5.70 mode=6 max=7 | 0:6 1:4 2:2 3:4 4:2 5:1 6:247 7:1
 419.132  t=417s RTT mean=29063 min=25703 max=39516 n=31 to=0 | cancels=0(+0/s) seqbad=0 len_bad=0 disc=0(0x00) | tot_n=15423 tot_to=0 maxever=55710 >2ms=15423 >5ms=15423 >15ms=10578 >20ms=10302 >30ms=2970 | probes=15424 wrfail=0 down=4s maxout=4s
 421.144  t=418s RTT mean=29249 min=25708 max=39416 n=31 to=0 | cancels=0(+0/s) seqbad=0 len_bad=0 disc=0(0x00) | tot_n=15454 tot_to=0 maxever=55710 >2ms=15454 >5ms=15454 >15ms=10609 >20ms=10333 >30ms=2979 | probes=15454 wrfail=0 down=4s maxout=4s
 421.144  RPT pe: events=266 mean=5.61 mode=6 max=7 | 0:7 1:7 2:3 3:2 4:4 6:243
 421.204  t=419s RTT mean=29640 min=25711 max=39202 n=30 to=0 | cancels=0(+0/s) seqbad=0 len_bad=0 disc=0(0x00) | tot_n=15484 tot_to=0 maxever=55710 >2ms=15484 >5ms=15484 >15ms=10639 >20ms=10363 >30ms=2989 | probes=15485 wrfail=0 down=4s maxout=4s
 423.120  t=420s RTT mean=30397 min=25708 max=40711 n=30 to=0 | cancels=0(+0/s) seqbad=0 len_bad=0 disc=0(0x00) | tot_n=15514 tot_to=0 maxever=55710 >2ms=15514 >5ms=15514 >15ms=10669 >20ms=10393 >30ms=3003 | probes=15515 wrfail=0 down=4s maxout=4s
 423.120  RPT pe: events=267 mean=5.50 mode=6 max=7 | 0:10 1:2 2:6 3:8 4:5 5:4 6:232
 423.172  t=421s RTT mean=30205 min=25705 max=49406 n=30 to=0 | cancels=0(+0/s) seqbad=0 len_bad=0 disc=0(0x00) | tot_n=15544 tot_to=0 maxever=55710 >2ms=15544 >5ms=15544 >15ms=10699 >20ms=10423 >30ms=3013 | probes=15545 wrfail=0 down=4s maxout=4s
 425.114  t=422s RTT mean=29040 min=25708 max=40709 n=31 to=0 | cancels=0(+0/s) seqbad=0 len_bad=0 disc=0(0x00) | tot_n=15575 tot_to=0 maxever=55710 >2ms=15575 >5ms=15575 >15ms=10730 >20ms=10454 >30ms=3021 | probes=15576 wrfail=0 down=4s maxout=4s
 425.114  RPT pe: events=267 mean=5.67 mode=6 max=7 | 0:5 1:2 2:4 3:7 4:3 5:4 6:242
 425.165  t=423s RTT mean=29216 min=25708 max=49415 n=31 to=0 | cancels=0(+0/s) seqbad=0 len_bad=0 disc=0(0x00) | tot_n=15606 tot_to=0 maxever=55710 >2ms=15606 >5ms=15606 >15ms=10761 >20ms=10485 >30ms=3028 | probes=15607 wrfail=0 down=4s maxout=4s
 427.151  t=424s RTT mean=28558 min=25704 max=40456 n=32 to=0 | cancels=0(+0/s) seqbad=0 len_bad=0 disc=0(0x00) | tot_n=15638 tot_to=0 maxever=55710 >2ms=15638 >5ms=15638 >15ms=10793 >20ms=10517 >30ms=3034 | probes=15638 wrfail=0 down=4s maxout=4s
 427.151  PCTL target=190 tot=1832 to=0 p50=28 p90=34 p99=43 p99.9=54 max=55 g30=577 g100=0 (ms/counts)
 427.151  LOADRAMP: cycle complete
 427.151  LOADRAMP: target=0 KBps for 60s
 427.151  RPT pe: events=267 mean=5.28 mode=6 max=7 | 0:6 1:23 2:5 3:3 4:4 5:2 6:224
 427.151  t=425s RTT mean=24287 min=11906 max=40612 n=36 to=0 | cancels=0(+0/s) seqbad=0 len_bad=0 disc=0(0x00) | tot_n=15674 tot_to=0 maxever=55710 >2ms=15674 >5ms=15674 >15ms=10818 >20ms=10542 >30ms=3043 | probes=15675 wrfail=0 down=4s maxout=4s
 429.177  t=426s RTT mean=12142 min=11911 max=19414 n=66 to=0 | cancels=0(+0/s) seqbad=0 len_bad=0 disc=0(0x00) | tot_n=15740 tot_to=0 maxever=55710 >2ms=15740 >5ms=15740 >15ms=10820 >20ms=10542 >30ms=3043 | probes=15741 wrfail=0 down=4s maxout=4s
 429.178  RPT pe: events=267 mean=0.98 mode=1 max=7 | 0:3 1:264
 429.178  t=427s RTT mean=12028 min=11911 max=19410 n=66 to=0 | cancels=0(+0/s) seqbad=0 len_bad=0 disc=0(0x00) | tot_n=15806 tot_to=0 maxever=55710 >2ms=15806 >5ms=15806 >15ms=10821 >20ms=10542 >30ms=3043 | probes=15807 wrfail=0 down=4s maxout=4s
 431.132  t=428s RTT mean=12260 min=11666 max=19432 n=65 to=0 | cancels=0(+0/s) seqbad=0 len_bad=0 disc=0(0x00) | tot_n=15871 tot_to=0 maxever=55710 >2ms=15871 >5ms=15871 >15ms=10824 >20ms=10542 >30ms=3043 | probes=15872 wrfail=0 down=4s maxout=4s
 431.132  RPT pe: events=267 mean=0.98 mode=1 max=7 | 0:6 1:259 2:2
 431.184  t=429s RTT mean=12141 min=11911 max=19413 n=66 to=0 | cancels=0(+0/s) seqbad=0 len_bad=0 disc=0(0x00) | tot_n=15937 tot_to=0 maxever=55710 >2ms=15937 >5ms=15937 >15ms=10826 >20ms=10542 >30ms=3043 | probes=15938 wrfail=0 down=4s maxout=4s
 433.183  t=430s RTT mean=11914 min=11665 max=12161 n=67 to=0 | cancels=0(+0/s) seqbad=0 len_bad=0 disc=0(0x00) | tot_n=16004 tot_to=0 maxever=55710 >2ms=16004 >5ms=16004 >15ms=10826 >20ms=10542 >30ms=3043 | probes=16005 wrfail=0 down=4s maxout=4s
 433.183  RPT pe: events=266 mean=0.99 mode=1 max=7 | 0:5 1:258 2:3
 433.183  t=431s RTT mean=12260 min=11911 max=19414 n=65 to=0 | cancels=0(+0/s) seqbad=0 len_bad=0 disc=0(0x00) | tot_n=16069 tot_to=0 maxever=55710 >2ms=16069 >5ms=16069 >15ms=10829 >20ms=10542 >30ms=3043 | probes=16070 wrfail=0 down=4s maxout=4s
 435.135  t=432s RTT mean=12261 min=11901 max=19415 n=65 to=0 | cancels=0(+0/s) seqbad=0 len_bad=0 disc=0(0x00) | tot_n=16134 tot_to=0 maxever=55710 >2ms=16134 >5ms=16134 >15ms=10832 >20ms=10542 >30ms=3043 | probes=16135 wrfail=0 down=4s maxout=4s
 435.135  RPT pe: events=267 mean=0.98 mode=1 max=7 | 0:5 1:262
 435.187  t=433s RTT mean=12141 min=11911 max=19414 n=66 to=0 | cancels=0(+0/s) seqbad=0 len_bad=0 disc=0(0x00) | tot_n=16200 tot_to=0 maxever=55710 >2ms=16200 >5ms=16200 >15ms=10834 >20ms=10542 >30ms=3043 | probes=16201 wrfail=0 down=4s maxout=4s
 437.172  t=434s RTT mean=12028 min=11909 max=19413 n=66 to=0 | cancels=0(+0/s) seqbad=0 len_bad=0 disc=0(0x00) | tot_n=16266 tot_to=0 maxever=55710 >2ms=16266 >5ms=16266 >15ms=10835 >20ms=10542 >30ms=3043 | probes=16267 wrfail=0 down=4s maxout=4s
 437.172  RPT pe: events=267 mean=0.98 mode=1 max=7 | 0:3 1:264
 437.172  t=435s RTT mean=12141 min=11910 max=19414 n=66 to=0 | cancels=0(+0/s) seqbad=0 len_bad=0 disc=0(0x00) | tot_n=16332 tot_to=0 maxever=55710 >2ms=16332 >5ms=16332 >15ms=10837 >20ms=10542 >30ms=3043 | probes=16333 wrfail=0 down=4s maxout=4s
 439.179  t=436s RTT mean=12260 min=11665 max=19423 n=65 to=0 | cancels=0(+0/s) seqbad=0 len_bad=0 disc=0(0x00) | tot_n=16397 tot_to=0 maxever=55710 >2ms=16397 >5ms=16397 >15ms=10840 >20ms=10542 >30ms=3043 | probes=16398 wrfail=0 down=4s maxout=4s
 439.179  RPT pe: events=267 mean=0.98 mode=1 max=7 | 0:5 1:260 2:2
 439.179  t=437s RTT mean=12028 min=11911 max=19415 n=66 to=0 | cancels=0(+0/s) seqbad=0 len_bad=0 disc=0(0x00) | tot_n=16463 tot_to=0 maxever=55710 >2ms=16463 >5ms=16463 >15ms=10841 >20ms=10542 >30ms=3043 | probes=16464 wrfail=0 down=4s maxout=4s
 441.165  t=438s RTT mean=12500 min=11910 max=19416 n=64 to=0 | cancels=0(+0/s) seqbad=0 len_bad=0 disc=0(0x00) | tot_n=16527 tot_to=0 maxever=55710 >2ms=16527 >5ms=16527 >15ms=10846 >20ms=10542 >30ms=3043 | probes=16528 wrfail=0 down=4s maxout=4s
 441.165  RPT pe: events=266 mean=0.98 mode=1 max=7 | 0:6 1:259 2:1
 441.165  t=439s RTT mean=11914 min=11665 max=12164 n=67 to=0 | cancels=0(+0/s) seqbad=0 len_bad=0 disc=0(0x00) | tot_n=16594 tot_to=0 maxever=55710 >2ms=16594 >5ms=16594 >15ms=10846 >20ms=10542 >30ms=3043 | probes=16595 wrfail=0 down=4s maxout=4s
 443.129  t=440s RTT mean=12260 min=11665 max=19420 n=65 to=0 | cancels=0(+0/s) seqbad=0 len_bad=0 disc=0(0x00) | tot_n=16659 tot_to=0 maxever=55710 >2ms=16659 >5ms=16659 >15ms=10849 >20ms=10542 >30ms=3043 | probes=16660 wrfail=0 down=4s maxout=4s
 443.180  RPT pe: events=267 mean=0.97 mode=1 max=7 | 0:9 1:256 2:2
 443.180  t=441s RTT mean=12500 min=11662 max=26913 n=64 to=0 | cancels=0(+0/s) seqbad=0 len_bad=0 disc=0(0x00) | tot_n=16723 tot_to=0 maxever=55710 >2ms=16723 >5ms=16723 >15ms=10853 >20ms=10543 >30ms=3043 | probes=16724 wrfail=0 down=4s maxout=4s
 445.165  t=442s RTT mean=12260 min=11910 max=19414 n=65 to=0 | cancels=0(+0/s) seqbad=0 len_bad=0 disc=0(0x00) | tot_n=16788 tot_to=0 maxever=55710 >2ms=16788 >5ms=16788 >15ms=10856 >20ms=10543 >30ms=3043 | probes=16789 wrfail=0 down=4s maxout=4s
 445.165  RPT pe: events=267 mean=0.97 mode=1 max=7 | 0:6 1:261
 445.165  t=443s RTT mean=12255 min=11911 max=19414 n=66 to=0 | cancels=0(+0/s) seqbad=0 len_bad=0 disc=0(0x00) | tot_n=16854 tot_to=0 maxever=55710 >2ms=16854 >5ms=16854 >15ms=10859 >20ms=10543 >30ms=3043 | probes=16854 wrfail=0 down=4s maxout=4s
 447.185  t=444s RTT mean=12260 min=11911 max=19417 n=65 to=0 | cancels=0(+0/s) seqbad=0 len_bad=0 disc=0(0x00) | tot_n=16919 tot_to=0 maxever=55710 >2ms=16919 >5ms=16919 >15ms=10862 >20ms=10543 >30ms=3043 | probes=16920 wrfail=0 down=4s maxout=4s
 447.185  RPT pe: events=266 mean=0.99 mode=1 max=7 | 0:3 1:261 2:2
 447.185  t=445s RTT mean=11914 min=11665 max=12163 n=66 to=0 | cancels=0(+0/s) seqbad=0 len_bad=0 disc=0(0x00) | tot_n=16985 tot_to=0 maxever=55710 >2ms=16985 >5ms=16985 >15ms=10862 >20ms=10543 >30ms=3043 | probes=16986 wrfail=0 down=4s maxout=4s
 449.161  t=446s RTT mean=12141 min=11891 max=19419 n=66 to=0 | cancels=0(+0/s) seqbad=0 len_bad=0 disc=0(0x00) | tot_n=17051 tot_to=0 maxever=55710 >2ms=17051 >5ms=17051 >15ms=10864 >20ms=10543 >30ms=3043 | probes=17052 wrfail=0 down=4s maxout=4s
 449.162  RPT pe: events=267 mean=0.98 mode=1 max=7 | 0:4 1:263
 449.162  t=447s RTT mean=12142 min=11911 max=19413 n=66 to=0 | cancels=0(+0/s) seqbad=0 len_bad=0 disc=0(0x00) | tot_n=17117 tot_to=0 maxever=55710 >2ms=17117 >5ms=17117 >15ms=10866 >20ms=10543 >30ms=3043 | probes=17118 wrfail=0 down=4s maxout=4s
