   1.849  t=1s RTT mean=0 min=0 max=0 n=0 to=0 | cancels=0(+0/s) seqbad=0 len_bad=0 disc=0(0x00) | tot_n=0 tot_to=0 maxever=0 >2ms=0 >5ms=0 >15ms=0 >20ms=0 >30ms=0 | probes=0 wrfail=0 down=1s maxout=1s
   1.849  Q2CONN AA=333d2629 CRCINIT=cb8fe0 hop=11 chan_count=37 map=ffffffff1f
   1.849  GAP connected interval=7500
   1.849  MTU err=0 mtu=247
   1.849  PHY tx=2 rx=2
   1.909  t=2s RTT mean=0 min=0 max=0 n=0 to=0 | cancels=0(+0/s) seqbad=0 len_bad=0 disc=0(0x00) | tot_n=0 tot_to=0 maxever=0 >2ms=0 >5ms=0 >15ms=0 >20ms=0 >30ms=0 | probes=0 wrfail=0 down=2s maxout=2s
   2.028  *** Booting Zephyr OS build v4.4.2-16-gfee9fbc62095 ***
   2.088  [01:03:33.050,046] [0m<inf> bt_hci_core: HW Platform: Nordic Semiconductor (0x0002)[0m
   2.088  [01:03:33.050,058] [0m<inf> bt_hci_core: HW Variant: nRF54Lx (0x0005)[0m
   2.088  [01:03:33.050,070] [0m<inf> bt_hci_core: Firmware: Standard Bluetooth controller (0x00) Version 4.4 Build 2[0m
   2.088  [01:03:33.050,415] [0m<inf> bt_hci_core: HCI transport: Controller[0m
   2.088  [01:03:33.050,463] [0m<inf> bt_hci_core: Identity: FC:BE:FF:FA:E6:8B (random)[0m
   2.088  [01:03:33.050,480] [0m<inf> bt_hci_core: HCI: version 5.4 (0x0d) revision 0x0000, manufacturer 0x05f1[0m
   2.088  [01:03:33.050,494] [0m<inf> bt_hci_core: LMP: version 5.4 (0x0d) subver 0xffff[0m
   2.088  
   2.088  === nRF54L15 RTT ping-pong CENTRAL ===
   2.088  scan rc=0
   4.072  t=1s RTT mean=0 min=0 max=0 n=0 to=0 | cancels=0(+0/s) seqbad=0 len_bad=0 disc=0(0x00) | tot_n=0 tot_to=0 maxever=0 >2ms=0 >5ms=0 >15ms=0 >20ms=0 >30ms=0 | probes=0 wrfail=0 down=1s maxout=1s
   4.072  t=2s RTT mean=0 min=0 max=0 n=0 to=0 | cancels=0(+0/s) seqbad=0 len_bad=0 disc=0(0x00) | tot_n=0 tot_to=0 maxever=0 >2ms=0 >5ms=0 >15ms=0 >20ms=0 >30ms=0 | probes=0 wrfail=0 down=2s maxout=2s
   6.047  RPT pe: events=0 mean=0.00 mode=0 max=0 |
   6.047  t=3s RTT mean=0 min=0 max=0 n=0 to=0 | cancels=0(+0/s) seqbad=0 len_bad=0 disc=0(0x00) | tot_n=0 tot_to=0 maxever=0 >2ms=0 >5ms=0 >15ms=0 >20ms=0 >30ms=0 | probes=0 wrfail=0 down=3s maxout=3s
   6.047  Q2CONN AA=47ad539c CRCINIT=db3cdd hop=13 chan_count=37 map=ffffffff1f
   6.047  GAP connected interval=7500
   6.047  MTU err=0 mtu=247
   6.108  t=4s RTT mean=0 min=0 max=0 n=0 to=0 | cancels=0(+0/s) seqbad=0 len_bad=0 disc=0(0x00) | tot_n=0 tot_to=0 maxever=0 >2ms=0 >5ms=0 >15ms=0 >20ms=0 >30ms=0 | probes=0 wrfail=0 down=4s maxout=4s
   6.108  PHY tx=2 rx=2
   7.069  discovery start (post-PHY +500ms) interval=7500 phy2m=1
   7.070  SUBSCRIBED, vh=14
   7.070  LOADRAMP: bulk char handle=17
   7.070  LOADRAMP: target=0 KBps for 60s
   7.070  RPT pe: events=141 mean=0.97 mode=1 max=2 | 0:4 1:136 2:1
   7.070  t=5s RTT mean=12361 min=11911 max=19413 n=25 to=0 | cancels=0(+0/s) seqbad=0 len_bad=0 disc=0(0x00) | tot_n=25 tot_to=0 maxever=19413 >2ms=25 >5ms=25 >15ms=2 >20ms=0 >30ms=0 | probes=26 wrfail=0 down=4s maxout=4s
   9.046  t=6s RTT mean=12141 min=11469 max=19422 n=66 to=0 | cancels=0(+0/s) seqbad=0 len_bad=0 disc=0(0x00) | tot_n=91 tot_to=0 maxever=19422 >2ms=91 >5ms=91 >15ms=4 >20ms=0 >30ms=0 | probes=92 wrfail=0 down=4s maxout=4s
   9.046  RPT pe: events=266 mean=0.98 mode=1 max=2 | 0:6 1:259 2:1
   9.107  t=7s RTT mean=12145 min=11911 max=19413 n=65 to=0 | cancels=0(+0/s) seqbad=0 len_bad=0 disc=0(0x00) | tot_n=156 tot_to=0 maxever=19422 >2ms=156 >5ms=156 >15ms=6 >20ms=0 >30ms=0 | probes=157 wrfail=0 down=4s maxout=4s
  10.625  FSU: request [52..52] us (ACL both dirs, 1M+2M) rc=0
  10.626  FSU: updated status=0x00 spacing=52 us phys=0x3 types=0x3 initiator=0
  10.626  t=8s RTT mean=12140 min=11466 max=19414 n=66 to=0 | cancels=0(+0/s) seqbad=0 len_bad=0 disc=0(0x00) | tot_n=222 tot_to=0 maxever=19422 >2ms=222 >5ms=222 >15ms=8 >20ms=0 >30ms=0 | probes=223 wrfail=0 down=4s maxout=4s
  12.061  RPT pe: events=267 mean=1.00 mode=1 max=2 | 0:3 1:261 2:3
  12.061  t=9s RTT mean=12028 min=11910 max=19413 n=66 to=0 | cancels=0(+0/s) seqbad=0 len_bad=0 disc=0(0x00) | tot_n=288 tot_to=0 maxever=19422 >2ms=288 >5ms=288 >15ms=9 >20ms=0 >30ms=0 | probes=289 wrfail=0 down=4s maxout=4s
  12.061  t=10s RTT mean=12491 min=11667 max=19422 n=65 to=0 | cancels=0(+0/s) seqbad=0 len_bad=0 disc=0(0x00) | tot_n=353 tot_to=0 maxever=19422 >2ms=353 >5ms=353 >15ms=14 >20ms=0 >30ms=0 | probes=353 wrfail=0 down=4s maxout=4s
  14.079  RPT pe: events=267 mean=0.97 mode=1 max=2 | 0:9 1:257 2:1
  14.079  t=11s RTT mean=12266 min=11911 max=19445 n=64 to=0 | cancels=0(+0/s) seqbad=0 len_bad=0 disc=0(0x00) | tot_n=417 tot_to=0 maxever=19445 >2ms=417 >5ms=417 >15ms=17 >20ms=0 >30ms=0 | probes=418 wrfail=0 down=4s maxout=4s
  14.079  t=12s RTT mean=12255 min=11911 max=19419 n=66 to=0 | cancels=0(+0/s) seqbad=0 len_bad=0 disc=0(0x00) | tot_n=483 tot_to=0 maxever=19445 >2ms=483 >5ms=483 >15ms=20 >20ms=0 >30ms=0 | probes=484 wrfail=0 down=4s maxout=4s
  16.027  RPT pe: events=266 mean=0.98 mode=1 max=2 | 0:5 1:261
  16.085  t=13s RTT mean=12260 min=11910 max=19414 n=65 to=0 | cancels=0(+0/s) seqbad=0 len_bad=0 disc=0(0x00) | tot_n=548 tot_to=0 maxever=19445 >2ms=548 >5ms=548 >15ms=23 >20ms=0 >30ms=0 | probes=549 wrfail=0 down=4s maxout=4s
  16.085  t=14s RTT mean=12375 min=11911 max=19414 n=65 to=0 | cancels=0(+0/s) seqbad=0 len_bad=0 disc=0(0x00) | tot_n=613 tot_to=0 maxever=19445 >2ms=613 >5ms=613 >15ms=27 >20ms=0 >30ms=0 | probes=614 wrfail=0 down=4s maxout=4s
  18.061  RPT pe: events=267 mean=0.98 mode=1 max=2 | 0:4 1:262 2:1
  18.061  t=15s RTT mean=11915 min=11662 max=12163 n=66 to=0 | cancels=0(+0/s) seqbad=0 len_bad=0 disc=0(0x00) | tot_n=679 tot_to=0 maxever=19445 >2ms=679 >5ms=679 >15ms=27 >20ms=0 >30ms=0 | probes=680 wrfail=0 down=4s maxout=4s
  18.061  t=16s RTT mean=12376 min=11910 max=19414 n=65 to=0 | cancels=0(+0/s) seqbad=0 len_bad=0 disc=0(0x00) | tot_n=744 tot_to=0 maxever=19445 >2ms=744 >5ms=744 >15ms=31 >20ms=0 >30ms=0 | probes=745 wrfail=0 down=4s maxout=4s
  20.059  RPT pe: events=267 mean=0.97 mode=1 max=2 | 0:7 1:260
  20.059  t=17s RTT mean=12260 min=11901 max=19416 n=65 to=0 | cancels=0(+0/s) seqbad=0 len_bad=0 disc=0(0x00) | tot_n=809 tot_to=0 maxever=19445 >2ms=809 >5ms=809 >15ms=34 >20ms=0 >30ms=0 | probes=810 wrfail=0 down=4s maxout=4s
  20.117  t=18s RTT mean=12141 min=11911 max=19422 n=66 to=0 | cancels=0(+0/s) seqbad=0 len_bad=0 disc=0(0x00) | tot_n=875 tot_to=0 maxever=19445 >2ms=875 >5ms=875 >15ms=36 >20ms=0 >30ms=0 | probes=876 wrfail=0 down=4s maxout=4s
  22.057  RPT pe: events=266 mean=0.98 mode=1 max=2 | 0:5 1:260 2:1
  22.057  t=19s RTT mean=12141 min=11673 max=19416 n=66 to=0 | cancels=0(+0/s) seqbad=0 len_bad=0 disc=0(0x00) | tot_n=941 tot_to=0 maxever=19445 >2ms=941 >5ms=941 >15ms=38 >20ms=0 >30ms=0 | probes=941 wrfail=0 down=4s maxout=4s
  22.110  t=20s RTT mean=12260 min=11665 max=19414 n=65 to=0 | cancels=0(+0/s) seqbad=0 len_bad=0 disc=0(0x00) | tot_n=1006 tot_to=0 maxever=19445 >2ms=1006 >5ms=1006 >15ms=41 >20ms=0 >30ms=0 | probes=1007 wrfail=0 down=4s maxout=4s
  24.053  RPT pe: events=267 mean=0.97 mode=1 max=2 | 0:8 1:257 2:2
  24.053  t=21s RTT mean=12384 min=11663 max=19671 n=64 to=0 | cancels=0(+0/s) seqbad=0 len_bad=0 disc=0(0x00) | tot_n=1070 tot_to=0 maxever=19671 >2ms=1070 >5ms=1070 >15ms=45 >20ms=0 >30ms=0 | probes=1071 wrfail=0 down=4s maxout=4s
  24.112  t=22s RTT mean=12141 min=11910 max=19413 n=66 to=0 | cancels=0(+0/s) seqbad=0 len_bad=0 disc=0(0x00) | tot_n=1136 tot_to=0 maxever=19671 >2ms=1136 >5ms=1136 >15ms=47 >20ms=0 >30ms=0 | probes=1137 wrfail=0 down=4s maxout=4s
  26.053  RPT pe: events=267 mean=0.98 mode=1 max=2 | 0:3 1:264
  26.053  t=23s RTT mean=12028 min=11911 max=19422 n=66 to=0 | cancels=0(+0/s) seqbad=0 len_bad=0 disc=0(0x00) | tot_n=1202 tot_to=0 maxever=19671 >2ms=1202 >5ms=1202 >15ms=48 >20ms=0 >30ms=0 | probes=1203 wrfail=0 down=4s maxout=4s
  26.104  t=24s RTT mean=12141 min=11911 max=19413 n=66 to=0 | cancels=0(+0/s) seqbad=0 len_bad=0 disc=0(0x00) | tot_n=1268 tot_to=0 maxever=19671 >2ms=1268 >5ms=1268 >15ms=50 >20ms=0 >30ms=0 | probes=1269 wrfail=0 down=4s maxout=4s
  28.054  RPT pe: events=266 mean=0.98 mode=1 max=2 | 0:6 1:259 2:1
  28.054  t=25s RTT mean=12260 min=11665 max=19432 n=65 to=0 | cancels=0(+0/s) seqbad=0 len_bad=0 disc=0(0x00) | tot_n=1333 tot_to=0 maxever=19671 >2ms=1333 >5ms=1333 >15ms=53 >20ms=0 >30ms=0 | probes=1334 wrfail=0 down=4s maxout=4s
  28.111  t=26s RTT mean=12376 min=11911 max=19422 n=65 to=0 | cancels=0(+0/s) seqbad=0 len_bad=0 disc=0(0x00) | tot_n=1398 tot_to=0 maxever=19671 >2ms=1398 >5ms=1398 >15ms=57 >20ms=0 >30ms=0 | probes=1399 wrfail=0 down=4s maxout=4s
  30.062  RPT pe: events=267 mean=0.96 mode=1 max=2 | 0:9 1:258
  30.062  t=27s RTT mean=12501 min=11911 max=19415 n=64 to=0 | cancels=0(+0/s) seqbad=0 len_bad=0 disc=0(0x00) | tot_n=1462 tot_to=0 maxever=19671 >2ms=1462 >5ms=1462 >15ms=62 >20ms=0 >30ms=0 | probes=1463 wrfail=0 down=4s maxout=4s
  30.062  t=28s RTT mean=12260 min=11911 max=19423 n=65 to=0 | cancels=0(+0/s) seqbad=0 len_bad=0 disc=0(0x00) | tot_n=1527 tot_to=0 maxever=19671 >2ms=1527 >5ms=1527 >15ms=65 >20ms=0 >30ms=0 | probes=1528 wrfail=0 down=4s maxout=4s
  32.030  RPT pe: events=267 mean=0.95 mode=1 max=2 | 0:12 1:255
  32.085  t=29s RTT mean=13003 min=11911 max=26916 n=62 to=0 | cancels=0(+0/s) seqbad=0 len_bad=0 disc=0(0x00) | tot_n=1589 tot_to=0 maxever=26916 >2ms=1589 >5ms=1589 >15ms=73 >20ms=1 >30ms=0 | probes=1590 wrfail=0 down=4s maxout=4s
  32.085  t=30s RTT mean=12026 min=11665 max=19413 n=67 to=0 | cancels=0(+0/s) seqbad=0 len_bad=0 disc=0(0x00) | tot_n=1656 tot_to=0 maxever=26916 >2ms=1656 >5ms=1656 >15ms=74 >20ms=1 >30ms=0 | probes=1656 wrfail=0 down=4s maxout=4s
  34.039  RPT pe: events=266 mean=0.98 mode=1 max=2 | 0:5 1:259 2:2
  34.099  t=31s RTT mean=12261 min=11911 max=19414 n=65 to=0 | cancels=0(+0/s) seqbad=0 len_bad=0 disc=0(0x00) | tot_n=1721 tot_to=0 maxever=26916 >2ms=1721 >5ms=1721 >15ms=77 >20ms=1 >30ms=0 | probes=1722 wrfail=0 down=4s maxout=4s
  34.099  t=32s RTT mean=12145 min=11906 max=19414 n=65 to=0 | cancels=0(+0/s) seqbad=0 len_bad=0 disc=0(0x00) | tot_n=1786 tot_to=0 maxever=26916 >2ms=1786 >5ms=1786 >15ms=79 >20ms=1 >30ms=0 | probes=1787 wrfail=0 down=4s maxout=4s
  36.068  RPT pe: events=267 mean=0.99 mode=1 max=2 | 0:3 1:263 2:1
  36.068  t=33s RTT mean=11914 min=11664 max=12164 n=67 to=0 | cancels=0(+0/s) seqbad=0 len_bad=0 disc=0(0x00) | tot_n=1853 tot_to=0 maxever=26916 >2ms=1853 >5ms=1853 >15ms=79 >20ms=1 >30ms=0 | probes=1854 wrfail=0 down=4s maxout=4s
  36.068  t=34s RTT mean=12260 min=11911 max=19415 n=65 to=0 | cancels=0(+0/s) seqbad=0 len_bad=0 disc=0(0x00) | tot_n=1918 tot_to=0 maxever=26916 >2ms=1918 >5ms=1918 >15ms=82 >20ms=1 >30ms=0 | probes=1919 wrfail=0 down=4s maxout=4s
  38.070  RPT pe: events=267 mean=0.98 mode=1 max=2 | 0:4 1:262 2:1
  38.070  t=35s RTT mean=12142 min=11911 max=19414 n=66 to=0 | cancels=0(+0/s) seqbad=0 len_bad=0 disc=0(0x00) | tot_n=1984 tot_to=0 maxever=26916 >2ms=1984 >5ms=1984 >15ms=84 >20ms=1 >30ms=0 | probes=1985 wrfail=0 down=4s maxout=4s
  38.070  t=36s RTT mean=12141 min=11666 max=19414 n=66 to=0 | cancels=0(+0/s) seqbad=0 len_bad=0 disc=0(0x00) | tot_n=2050 tot_to=0 maxever=26916 >2ms=2050 >5ms=2050 >15ms=86 >20ms=1 >30ms=0 | probes=2050 wrfail=0 down=4s maxout=4s
  40.042  RPT pe: events=267 mean=0.97 mode=1 max=2 | 0:7 1:259 2:1
  40.102  t=37s RTT mean=12384 min=11911 max=19422 n=64 to=0 | cancels=0(+0/s) seqbad=0 len_bad=0 disc=0(0x00) | tot_n=2114 tot_to=0 maxever=26916 >2ms=2114 >5ms=2114 >15ms=90 >20ms=1 >30ms=0 | probes=2115 wrfail=0 down=4s maxout=4s
  40.102  t=38s RTT mean=12141 min=11911 max=19422 n=66 to=0 | cancels=0(+0/s) seqbad=0 len_bad=0 disc=0(0x00) | tot_n=2180 tot_to=0 maxever=26916 >2ms=2180 >5ms=2180 >15ms=92 >20ms=1 >30ms=0 | probes=2181 wrfail=0 down=4s maxout=4s
  42.083  RPT pe: events=266 mean=0.96 mode=1 max=2 | 0:9 1:256 2:1
  42.083  t=39s RTT mean=12748 min=11665 max=19415 n=63 to=0 | cancels=0(+0/s) seqbad=0 len_bad=0 disc=0(0x00) | tot_n=2243 tot_to=0 maxever=26916 >2ms=2243 >5ms=2243 >15ms=99 >20ms=1 >30ms=0 | probes=2244 wrfail=0 down=4s maxout=4s
  42.083  t=40s RTT mean=12028 min=11911 max=19414 n=66 to=0 | cancels=0(+0/s) seqbad=0 len_bad=0 disc=0(0x00) | tot_n=2309 tot_to=0 maxever=26916 >2ms=2309 >5ms=2309 >15ms=100 >20ms=1 >30ms=0 | probes=2310 wrfail=0 down=4s maxout=4s
  44.070  RPT pe: events=267 mean=0.98 mode=1 max=2 | 0:5 1:261 2:1
  44.070  t=41s RTT mean=12256 min=11668 max=19415 n=66 to=0 | cancels=0(+0/s) seqbad=0 len_bad=0 disc=0(0x00) | tot_n=2375 tot_to=0 maxever=26916 >2ms=2375 >5ms=2375 >15ms=103 >20ms=1 >30ms=0 | probes=2375 wrfail=0 down=4s maxout=4s
  44.070  t=42s RTT mean=12027 min=11665 max=19410 n=66 to=0 | cancels=0(+0/s) seqbad=0 len_bad=0 disc=0(0x00) | tot_n=2441 tot_to=0 maxever=26916 >2ms=2441 >5ms=2441 >15ms=104 >20ms=1 >30ms=0 | probes=2441 wrfail=0 down=4s maxout=4s
  46.029  RPT pe: events=267 mean=0.98 mode=1 max=2 | 0:5 1:261 2:1
  46.088  t=43s RTT mean=12260 min=11843 max=19431 n=65 to=0 | cancels=0(+0/s) seqbad=0 len_bad=0 disc=0(0x00) | tot_n=2506 tot_to=0 maxever=26916 >2ms=2506 >5ms=2506 >15ms=107 >20ms=1 >30ms=0 | probes=2507 wrfail=0 down=4s maxout=4s
  46.088  t=44s RTT mean=12142 min=11663 max=19414 n=66 to=0 | cancels=0(+0/s) seqbad=0 len_bad=0 disc=0(0x00) | tot_n=2572 tot_to=0 maxever=26916 >2ms=2572 >5ms=2572 >15ms=109 >20ms=1 >30ms=0 | probes=2572 wrfail=0 down=4s maxout=4s
  48.053  RPT pe: events=266 mean=0.98 mode=1 max=2 | 0:6 1:259 2:1
  48.053  t=45s RTT mean=12261 min=11911 max=19422 n=65 to=0 | cancels=0(+0/s) seqbad=0 len_bad=0 disc=0(0x00) | tot_n=2637 tot_to=0 maxever=26916 >2ms=2637 >5ms=2637 >15ms=112 >20ms=1 >30ms=0 | probes=2638 wrfail=0 down=4s maxout=4s
  48.111  t=46s RTT mean=12628 min=11662 max=19414 n=63 to=0 | cancels=0(+0/s) seqbad=0 len_bad=0 disc=0(0x00) | tot_n=2700 tot_to=0 maxever=26916 >2ms=2700 >5ms=2700 >15ms=118 >20ms=1 >30ms=0 | probes=2701 wrfail=0 down=4s maxout=4s
  50.058  RPT pe: events=267 mean=0.97 mode=1 max=2 | 0:9 1:256 2:2
  50.058  t=47s RTT mean=12142 min=11910 max=19414 n=66 to=0 | cancels=0(+0/s) seqbad=0 len_bad=0 disc=0(0x00) | tot_n=2766 tot_to=0 maxever=26916 >2ms=2766 >5ms=2766 >15ms=120 >20ms=1 >30ms=0 | probes=2767 wrfail=0 down=4s maxout=4s
  50.116  t=48s RTT mean=12260 min=11662 max=19422 n=65 to=0 | cancels=0(+0/s) seqbad=0 len_bad=0 disc=0(0x00) | tot_n=2831 tot_to=0 maxever=26916 >2ms=2831 >5ms=2831 >15ms=123 >20ms=1 >30ms=0 | probes=2832 wrfail=0 down=4s maxout=4s
  52.071  RPT pe: events=267 mean=0.97 mode=1 max=2 | 0:9 1:255 2:3
  52.071  t=49s RTT mean=12501 min=11663 max=19416 n=64 to=0 | cancels=0(+0/s) seqbad=0 len_bad=0 disc=0(0x00) | tot_n=2895 tot_to=0 maxever=26916 >2ms=2895 >5ms=2895 >15ms=128 >20ms=1 >30ms=0 | probes=2896 wrfail=0 down=4s maxout=4s
  52.071  t=50s RTT mean=12255 min=11905 max=19421 n=66 to=0 | cancels=0(+0/s) seqbad=0 len_bad=0 disc=0(0x00) | tot_n=2961 tot_to=0 maxever=26916 >2ms=2961 >5ms=2961 >15ms=131 >20ms=1 >30ms=0 | probes=2961 wrfail=0 down=4s maxout=4s
  54.069  RPT pe: events=266 mean=0.97 mode=1 max=2 | 0:7 1:258 2:1
  54.069  t=51s RTT mean=12261 min=11668 max=19414 n=65 to=0 | cancels=0(+0/s) seqbad=0 len_bad=0 disc=0(0x00) | tot_n=3026 tot_to=0 maxever=26916 >2ms=3026 >5ms=3026 >15ms=134 >20ms=1 >30ms=0 | probes=3027 wrfail=0 down=4s maxout=4s
  54.069  t=52s RTT mean=12628 min=11665 max=26914 n=63 to=0 | cancels=0(+0/s) seqbad=0 len_bad=0 disc=0(0x00) | tot_n=3089 tot_to=0 maxever=26916 >2ms=3089 >5ms=3089 >15ms=139 >20ms=2 >30ms=0 | probes=3090 wrfail=0 down=4s maxout=4s
  56.070  RPT pe: events=267 mean=0.97 mode=1 max=2 | 0:9 1:257 2:1
  56.070  t=53s RTT mean=12142 min=11911 max=19422 n=66 to=0 | cancels=0(+0/s) seqbad=0 len_bad=0 disc=0(0x00) | tot_n=3155 tot_to=0 maxever=26916 >2ms=3155 >5ms=3155 >15ms=141 >20ms=2 >30ms=0 | probes=3156 wrfail=0 down=4s maxout=4s
  56.070  t=54s RTT mean=12028 min=11911 max=19412 n=66 to=0 | cancels=0(+0/s) seqbad=0 len_bad=0 disc=0(0x00) | tot_n=3221 tot_to=0 maxever=26916 >2ms=3221 >5ms=3221 >15ms=142 >20ms=2 >30ms=0 | probes=3222 wrfail=0 down=4s maxout=4s
  58.031  RPT pe: events=267 mean=1.00 mode=1 max=2 | 1:267
  58.085  t=55s RTT mean=11914 min=11909 max=11933 n=67 to=0 | cancels=0(+0/s) seqbad=0 len_bad=0 disc=0(0x00) | tot_n=3288 tot_to=0 maxever=26916 >2ms=3288 >5ms=3288 >15ms=142 >20ms=2 >30ms=0 | probes=3289 wrfail=0 down=4s maxout=4s
  58.085  t=56s RTT mean=12141 min=11666 max=19415 n=66 to=0 | cancels=0(+0/s) seqbad=0 len_bad=0 disc=0(0x00) | tot_n=3354 tot_to=0 maxever=26916 >2ms=3354 >5ms=3354 >15ms=144 >20ms=2 >30ms=0 | probes=3354 wrfail=0 down=4s maxout=4s
  60.040  RPT pe: events=266 mean=0.99 mode=1 max=2 | 0:4 1:260 2:2
  60.094  t=57s RTT mean=11914 min=11673 max=12161 n=66 to=0 | cancels=0(+0/s) seqbad=0 len_bad=0 disc=0(0x00) | tot_n=3420 tot_to=0 maxever=26916 >2ms=3420 >5ms=3420 >15ms=144 >20ms=2 >30ms=0 | probes=3421 wrfail=0 down=4s maxout=4s
  60.095  t=58s RTT mean=12028 min=11911 max=19414 n=66 to=0 | cancels=0(+0/s) seqbad=0 len_bad=0 disc=0(0x00) | tot_n=3486 tot_to=0 maxever=26916 >2ms=3486 >5ms=3486 >15ms=145 >20ms=2 >30ms=0 | probes=3487 wrfail=0 down=4s maxout=4s
  62.054  RPT pe: events=267 mean=0.99 mode=1 max=2 | 0:5 1:259 2:3
  62.054  t=59s RTT mean=12255 min=11663 max=26914 n=66 to=0 | cancels=0(+0/s) seqbad=0 len_bad=0 disc=0(0x00) | tot_n=3552 tot_to=0 maxever=26916 >2ms=3552 >5ms=3552 >15ms=147 >20ms=3 >30ms=0 | probes=3553 wrfail=0 down=4s maxout=4s
  62.106  t=60s RTT mean=12027 min=11904 max=19411 n=66 to=0 | cancels=0(+0/s) seqbad=0 len_bad=0 disc=0(0x00) | tot_n=3618 tot_to=0 maxever=26916 >2ms=3618 >5ms=3618 >15ms=148 >20ms=3 >30ms=0 | probes=3619 wrfail=0 down=4s maxout=4s
  64.066  RPT pe: events=267 mean=0.99 mode=1 max=2 | 0:3 1:263 2:1
  64.066  t=61s RTT mean=12142 min=11662 max=19415 n=66 to=0 | cancels=0(+0/s) seqbad=0 len_bad=0 disc=0(0x00) | tot_n=3684 tot_to=0 maxever=26916 >2ms=3684 >5ms=3684 >15ms=150 >20ms=3 >30ms=0 | probes=3684 wrfail=0 down=4s maxout=4s
  64.066  t=62s RTT mean=12027 min=11904 max=19418 n=66 to=0 | cancels=0(+0/s) seqbad=0 len_bad=0 disc=0(0x00) | tot_n=3750 tot_to=0 maxever=26916 >2ms=3750 >5ms=3750 >15ms=151 >20ms=3 >30ms=0 | probes=3751 wrfail=0 down=4s maxout=4s
  66.064  RPT pe: events=266 mean=0.98 mode=1 max=2 | 0:5 1:260 2:1
  66.064  t=63s RTT mean=12261 min=11665 max=19421 n=65 to=0 | cancels=0(+0/s) seqbad=0 len_bad=0 disc=0(0x00) | tot_n=3815 tot_to=0 maxever=26916 >2ms=3815 >5ms=3815 >15ms=154 >20ms=3 >30ms=0 | probes=3816 wrfail=0 down=4s maxout=4s
  66.124  t=64s RTT mean=12500 min=11911 max=19417 n=64 to=0 | cancels=0(+0/s) seqbad=0 len_bad=0 disc=0(0x00) | tot_n=3879 tot_to=0 maxever=26916 >2ms=3879 >5ms=3879 >15ms=159 >20ms=3 >30ms=0 | probes=3880 wrfail=0 down=4s maxout=4s
  67.798  PCTL target=0 tot=3919 to=0 p50=11 p90=11 p99=19 p99.9=19 max=26 g30=0 g100=0 (ms/counts)
  67.798  LOADRAMP: target=140 KBps for 60s
  67.798  RPT pe: events=267 mean=1.55 mode=1 max=6 | 0:12 1:222 4:3 6:30
  67.798  t=65s RTT mean=15231 min=11911 max=36800 n=55 to=0 | cancels=0(+0/s) seqbad=0 len_bad=0 disc=0(0x00) | tot_n=3934 tot_to=0 maxever=36800 >2ms=3934 >5ms=3934 >15ms=170 >20ms=11 >30ms=5 | probes=3934 wrfail=0 down=4s maxout=4s
  69.061  t=66s RTT mean=25250 min=11912 max=41902 n=35 to=0 | cancels=0(+0/s) seqbad=0 len_bad=0 disc=0(0x00) | tot_n=3969 tot_to=0 maxever=41902 >2ms=3969 >5ms=3969 >15ms=197 >20ms=37 >30ms=13 | probes=3970 wrfail=0 down=4s maxout=4s
  69.061  RPT pe: events=266 mean=4.84 mode=6 max=6 | 0:8 1:42 2:3 3:1 4:14 5:6 6:192
  69.121  t=67s RTT mean=24562 min=11911 max=40457 n=36 to=0 | cancels=0(+0/s) seqbad=0 len_bad=0 disc=0(0x00) | tot_n=4005 tot_to=0 maxever=41902 >2ms=4005 >5ms=4005 >15ms=223 >20ms=63 >30ms=22 | probes=4006 wrfail=0 down=4s maxout=4s
  71.096  t=68s RTT mean=25822 min=11912 max=39511 n=35 to=0 | cancels=0(+0/s) seqbad=0 len_bad=0 disc=0(0x00) | tot_n=4040 tot_to=0 maxever=41902 >2ms=4040 >5ms=4040 >15ms=250 >20ms=90 >30ms=34 | probes=4040 wrfail=0 down=4s maxout=4s
  71.096  RPT pe: events=267 mean=4.86 mode=6 max=6 | 0:10 1:40 2:5 3:2 4:2 5:14 6:194
  71.096  t=69s RTT mean=25573 min=11914 max=45813 n=34 to=0 | cancels=0(+0/s) seqbad=0 len_bad=0 disc=0(0x00) | tot_n=4074 tot_to=0 maxever=45813 >2ms=4074 >5ms=4074 >15ms=276 >20ms=115 >30ms=43 | probes=4075 wrfail=0 down=4s maxout=4s
  73.052  t=70s RTT mean=23207 min=11911 max=35862 n=39 to=0 | cancels=0(+0/s) seqbad=0 len_bad=0 disc=0(0x00) | tot_n=4113 tot_to=0 maxever=45813 >2ms=4113 >5ms=4113 >15ms=303 >20ms=141 >30ms=49 | probes=4113 wrfail=0 down=4s maxout=4s
  73.113  RPT pe: events=266 mean=4.75 mode=6 max=6 | 0:8 1:48 2:3 3:3 4:7 5:8 6:189
  73.113  t=71s RTT mean=24658 min=11911 max=39164 n=36 to=0 | cancels=0(+0/s) seqbad=0 len_bad=0 disc=0(0x00) | tot_n=4149 tot_to=0 maxever=45813 >2ms=4149 >5ms=4149 >15ms=330 >20ms=167 >30ms=58 | probes=4149 wrfail=0 down=4s maxout=4s
  75.096  t=72s RTT mean=24354 min=11912 max=41812 n=36 to=0 | cancels=0(+0/s) seqbad=0 len_bad=0 disc=0(0x00) | tot_n=4185 tot_to=0 maxever=45813 >2ms=4185 >5ms=4185 >15ms=356 >20ms=192 >30ms=68 | probes=4186 wrfail=0 down=4s maxout=4s
  75.097  RPT pe: events=267 mean=4.88 mode=6 max=6 | 0:7 1:45 2:4 3:3 4:2 5:1 6:205
  75.097  t=73s RTT mean=23124 min=5778 max=48208 n=38 to=0 | cancels=0(+0/s) seqbad=0 len_bad=0 disc=0(0x00) | tot_n=4223 tot_to=0 maxever=48208 >2ms=4223 >5ms=4223 >15ms=382 >20ms=218 >30ms=72 | probes=4224 wrfail=0 down=4s maxout=4s
  77.055  t=74s RTT mean=22518 min=11911 max=34313 n=39 to=0 | cancels=0(+0/s) seqbad=0 len_bad=0 disc=0(0x00) | tot_n=4262 tot_to=0 maxever=48208 >2ms=4262 >5ms=4262 >15ms=409 >20ms=245 >30ms=75 | probes=4263 wrfail=0 down=4s maxout=4s
  77.115  RPT pe: events=267 mean=4.85 mode=6 max=6 | 0:6 1:51 2:1 4:5 5:2 6:202
  77.115  t=75s RTT mean=24097 min=11911 max=36801 n=37 to=0 | cancels=0(+0/s) seqbad=0 len_bad=0 disc=0(0x00) | tot_n=4299 tot_to=0 maxever=48208 >2ms=4299 >5ms=4299 >15ms=436 >20ms=271 >30ms=84 | probes=4300 wrfail=0 down=4s maxout=4s
  79.054  t=76s RTT mean=23946 min=11912 max=38060 n=37 to=0 | cancels=0(+0/s) seqbad=0 len_bad=0 disc=0(0x00) | tot_n=4336 tot_to=0 maxever=48208 >2ms=4336 >5ms=4336 >15ms=465 >20ms=298 >30ms=88 | probes=4337 wrfail=0 down=4s maxout=4s
  79.054  RPT pe: events=266 mean=4.76 mode=6 max=6 | 0:13 1:44 2:3 3:3 4:3 5:3 6:197
  79.115  t=77s RTT mean=25561 min=11911 max=42930 n=35 to=0 | cancels=0(+0/s) seqbad=0 len_bad=0 disc=0(0x00) | tot_n=4371 tot_to=0 maxever=48208 >2ms=4371 >5ms=4371 >15ms=493 >20ms=325 >30ms=96 | probes=4371 wrfail=0 down=4s maxout=4s
  81.096  t=78s RTT mean=25729 min=5777 max=41905 n=34 to=0 | cancels=0(+0/s) seqbad=0 len_bad=0 disc=0(0x00) | tot_n=4405 tot_to=0 maxever=48208 >2ms=4405 >5ms=4405 >15ms=521 >20ms=351 >30ms=104 | probes=4406 wrfail=0 down=4s maxout=4s
  81.096  RPT pe: events=267 mean=4.85 mode=6 max=7 | 0:13 1:39 2:4 3:3 4:2 5:5 6:200 7:1
  81.096  t=79s RTT mean=24705 min=11911 max=44206 n=36 to=0 | cancels=0(+0/s) seqbad=0 len_bad=0 disc=0(0x00) | tot_n=4441 tot_to=0 maxever=48208 >2ms=4441 >5ms=4441 >15ms=547 >20ms=377 >30ms=112 | probes=4442 wrfail=0 down=4s maxout=4s
  83.055  t=80s RTT mean=25189 min=11912 max=39362 n=36 to=0 | cancels=0(+0/s) seqbad=0 len_bad=0 disc=0(0x00) | tot_n=4477 tot_to=0 maxever=48208 >2ms=4477 >5ms=4477 >15ms=573 >20ms=403 >30ms=122 | probes=4477 wrfail=0 down=4s maxout=4s
  83.055  RPT pe: events=267 mean=4.89 mode=6 max=7 | 0:8 1:43 2:3 3:2 4:4 5:7 6:200
  83.115  t=81s RTT mean=22783 min=8178 max=36731 n=38 to=0 | cancels=0(+0/s) seqbad=0 len_bad=0 disc=0(0x00) | tot_n=4515 tot_to=0 maxever=48208 >2ms=4515 >5ms=4515 >15ms=599 >20ms=429 >30ms=126 | probes=4516 wrfail=0 down=4s maxout=4s
  85.098  t=82s RTT mean=23804 min=5777 max=41812 n=37 to=0 | cancels=0(+0/s) seqbad=0 len_bad=0 disc=0(0x00) | tot_n=4552 tot_to=0 maxever=48208 >2ms=4552 >5ms=4552 >15ms=625 >20ms=455 >30ms=132 | probes=4553 wrfail=0 down=4s maxout=4s
  85.098  RPT pe: events=266 mean=4.87 mode=6 max=7 | 0:10 1:40 2:4 3:4 4:3 5:5 6:200
  85.098  t=83s RTT mean=24782 min=11665 max=39511 n=36 to=0 | cancels=0(+0/s) seqbad=0 len_bad=0 disc=0(0x00) | tot_n=4588 tot_to=0 maxever=48208 >2ms=4588 >5ms=4588 >15ms=652 >20ms=481 >30ms=142 | probes=4589 wrfail=0 down=4s maxout=4s
  87.063  t=84s RTT mean=24745 min=11663 max=39454 n=36 to=0 | cancels=0(+0/s) seqbad=0 len_bad=0 disc=0(0x00) | tot_n=4624 tot_to=0 maxever=48208 >2ms=4624 >5ms=4624 >15ms=678 >20ms=506 >30ms=151 | probes=4625 wrfail=0 down=4s maxout=4s
  87.063  RPT pe: events=268 mean=4.86 mode=6 max=7 | 0:13 1:35 2:7 3:4 4:3 5:4 6:202
  87.123  t=85s RTT mean=27188 min=5778 max=41813 n=33 to=0 | cancels=0(+0/s) seqbad=0 len_bad=0 disc=0(0x00) | tot_n=4657 tot_to=0 maxever=48208 >2ms=4657 >5ms=4657 >15ms=706 >20ms=533 >30ms=160 | probes=4658 wrfail=0 down=4s maxout=4s
  89.079  t=86s RTT mean=24339 min=11911 max=44208 n=36 to=0 | cancels=0(+0/s) seqbad=0 len_bad=0 disc=0(0x00) | tot_n=4693 tot_to=0 maxever=48208 >2ms=4693 >5ms=4693 >15ms=732 >20ms=559 >30ms=166 | probes=4694 wrfail=0 down=4s maxout=4s
  89.080  RPT pe: events=266 mean=4.91 mode=6 max=7 | 0:7 1:41 2:4 3:5 4:3 5:5 6:201
  89.080  t=87s RTT mean=24511 min=11911 max=38061 n=37 to=0 | cancels=0(+0/s) seqbad=0 len_bad=0 disc=0(0x00) | tot_n=4730 tot_to=0 maxever=48208 >2ms=4730 >5ms=4730 >15ms=759 >20ms=585 >30ms=175 | probes=4731 wrfail=0 down=4s maxout=4s
  91.102  t=88s RTT mean=23401 min=11911 max=34409 n=37 to=0 | cancels=0(+0/s) seqbad=0 len_bad=0 disc=0(0x00) | tot_n=4767 tot_to=0 maxever=48208 >2ms=4767 >5ms=4767 >15ms=785 >20ms=611 >30ms=180 | probes=4768 wrfail=0 down=4s maxout=4s
  91.102  RPT pe: events=267 mean=4.94 mode=6 max=7 | 0:4 1:46 2:3 3:3 4:2 5:4 6:205
  91.102  t=89s RTT mean=23758 min=11911 max=33209 n=38 to=0 | cancels=0(+0/s) seqbad=0 len_bad=0 disc=0(0x00) | tot_n=4805 tot_to=0 maxever=48208 >2ms=4805 >5ms=4805 >15ms=814 >20ms=638 >30ms=185 | probes=4806 wrfail=0 down=4s maxout=4s
  93.069  t=90s RTT mean=25553 min=11911 max=45562 n=35 to=0 | cancels=0(+0/s) seqbad=0 len_bad=0 disc=0(0x00) | tot_n=4840 tot_to=0 maxever=48208 >2ms=4840 >5ms=4840 >15ms=841 >20ms=665 >30ms=193 | probes=4840 wrfail=0 down=4s maxout=4s
  93.070  RPT pe: events=266 mean=4.83 mode=6 max=7 | 0:11 1:44 2:3 3:1 4:3 5:3 6:201
  93.122  t=91s RTT mean=23313 min=5777 max=34411 n=37 to=0 | cancels=0(+0/s) seqbad=0 len_bad=0 disc=0(0x00) | tot_n=4877 tot_to=0 maxever=48208 >2ms=4877 >5ms=4877 >15ms=866 >20ms=690 >30ms=199 | probes=4878 wrfail=0 down=4s maxout=4s
  95.077  t=92s RTT mean=25514 min=11911 max=40457 n=35 to=0 | cancels=0(+0/s) seqbad=0 len_bad=0 disc=0(0x00) | tot_n=4912 tot_to=0 maxever=48208 >2ms=4912 >5ms=4912 >15ms=892 >20ms=716 >30ms=210 | probes=4913 wrfail=0 down=4s maxout=4s
  95.077  RPT pe: events=267 mean=4.89 mode=6 max=7 | 0:6 1:44 2:3 3:8 5:4 6:202
  95.136  t=93s RTT mean=23881 min=5777 max=34666 n=37 to=0 | cancels=0(+0/s) seqbad=0 len_bad=0 disc=0(0x00) | tot_n=4949 tot_to=0 maxever=48208 >2ms=4949 >5ms=4949 >15ms=918 >20ms=742 >30ms=218 | probes=4950 wrfail=0 down=4s maxout=4s
  97.089  t=94s RTT mean=24492 min=11911 max=41927 n=37 to=0 | cancels=0(+0/s) seqbad=0 len_bad=0 disc=0(0x00) | tot_n=4986 tot_to=0 maxever=48208 >2ms=4986 >5ms=4986 >15ms=948 >20ms=768 >30ms=222 | probes=4986 wrfail=0 down=4s maxout=4s
  97.089  RPT pe: events=267 mean=4.88 mode=6 max=7 | 0:8 1:45 2:3 3:1 4:4 5:2 6:204
  97.089  t=95s RTT mean=22924 min=11911 max=35607 n=38 to=0 | cancels=0(+0/s) seqbad=0 len_bad=0 disc=0(0x00) | tot_n=5024 tot_to=0 maxever=48208 >2ms=5024 >5ms=5024 >15ms=974 >20ms=794 >30ms=228 | probes=5025 wrfail=0 down=4s maxout=4s
  99.050  t=96s RTT mean=23011 min=5777 max=40455 n=38 to=0 | cancels=0(+0/s) seqbad=0 len_bad=0 disc=0(0x00) | tot_n=5062 tot_to=0 maxever=48208 >2ms=5062 >5ms=5062 >15ms=999 >20ms=819 >30ms=235 | probes=5063 wrfail=0 down=4s maxout=4s
  99.110  RPT pe: events=266 mean=4.84 mode=6 max=7 | 0:6 1:46 2:5 3:3 4:4 5:4 6:198
  99.110  t=97s RTT mean=24044 min=10623 max=40559 n=37 to=0 | cancels=0(+0/s) seqbad=0 len_bad=0 disc=0(0x00) | tot_n=5099 tot_to=0 maxever=48208 >2ms=5099 >5ms=5099 >15ms=1025 >20ms=845 >30ms=243 | probes=5100 wrfail=0 down=4s maxout=4s
 101.094  t=98s RTT mean=25153 min=10624 max=37998 n=35 to=0 | cancels=0(+0/s) seqbad=0 len_bad=0 disc=0(0x00) | tot_n=5134 tot_to=0 maxever=48208 >2ms=5134 >5ms=5134 >15ms=1052 >20ms=871 >30ms=253 | probes=5135 wrfail=0 down=4s maxout=4s
 101.094  RPT pe: events=267 mean=4.95 mode=6 max=7 | 0:3 1:46 2:3 3:4 4:3 5:1 6:207
 101.095  t=99s RTT mean=23044 min=11911 max=36799 n=39 to=0 | cancels=0(+0/s) seqbad=0 len_bad=0 disc=0(0x00) | tot_n=5173 tot_to=0 maxever=48208 >2ms=5173 >5ms=5173 >15ms=1079 >20ms=898 >30ms=257 | probes=5174 wrfail=0 down=4s maxout=4s
 103.069  t=100s RTT mean=24079 min=11911 max=45502 n=37 to=0 | cancels=0(+0/s) seqbad=0 len_bad=0 disc=0(0x00) | tot_n=5210 tot_to=0 maxever=48208 >2ms=5210 >5ms=5210 >15ms=1105 >20ms=924 >30ms=263 | probes=5210 wrfail=0 down=4s maxout=4s
 103.069  RPT pe: events=267 mean=4.82 mode=6 max=7 | 0:5 1:49 2:5 3:4 4:2 5:4 6:198
 103.125  t=101s RTT mean=23790 min=11911 max=40615 n=36 to=0 | cancels=0(+0/s) seqbad=0 len_bad=0 disc=0(0x00) | tot_n=5246 tot_to=0 maxever=48208 >2ms=5246 >5ms=5246 >15ms=1130 >20ms=948 >30ms=269 | probes=5247 wrfail=0 down=4s maxout=4s
 105.085  t=102s RTT mean=23930 min=5777 max=41657 n=38 to=0 | cancels=0(+0/s) seqbad=0 len_bad=0 disc=0(0x00) | tot_n=5284 tot_to=0 maxever=48208 >2ms=5284 >5ms=5284 >15ms=1157 >20ms=974 >30ms=278 | probes=5285 wrfail=0 down=4s maxout=4s
 105.085  RPT pe: events=266 mean=4.89 mode=6 max=7 | 0:6 1:45 2:2 3:4 4:3 5:7 6:199
 105.085  t=103s RTT mean=23329 min=11911 max=41812 n=38 to=0 | cancels=0(+0/s) seqbad=0 len_bad=0 disc=0(0x00) | tot_n=5322 tot_to=0 maxever=48208 >2ms=5322 >5ms=5322 >15ms=1185 >20ms=1001 >30ms=280 | probes=5322 wrfail=0 down=4s maxout=4s
 107.098  t=104s RTT mean=23202 min=5777 max=34408 n=38 to=0 | cancels=0(+0/s) seqbad=0 len_bad=0 disc=0(0x00) | tot_n=5360 tot_to=0 maxever=48208 >2ms=5360 >5ms=5360 >15ms=1212 >20ms=1027 >30ms=285 | probes=5360 wrfail=0 down=4s maxout=4s
 107.098  RPT pe: events=267 mean=4.93 mode=6 max=7 | 0:2 1:51 2:3 4:1 5:3 6:207
 107.098  t=105s RTT mean=21932 min=11912 max=33115 n=40 to=0 | cancels=0(+0/s) seqbad=0 len_bad=0 disc=0(0x00) | tot_n=5400 tot_to=0 maxever=48208 >2ms=5400 >5ms=5400 >15ms=1237 >20ms=1052 >30ms=288 | probes=5400 wrfail=0 down=4s maxout=4s
 109.089  t=106s RTT mean=22519 min=9375 max=34429 n=38 to=0 | cancels=0(+0/s) seqbad=0 len_bad=0 disc=0(0x00) | tot_n=5438 tot_to=0 maxever=48208 >2ms=5438 >5ms=5438 >15ms=1262 >20ms=1077 >30ms=294 | probes=5439 wrfail=0 down=4s maxout=4s
 109.089  RPT pe: events=267 mean=4.82 mode=6 max=7 | 0:8 1:46 2:4 3:3 4:4 5:2 6:200
 109.090  t=107s RTT mean=25044 min=5777 max=41906 n=36 to=0 | cancels=0(+0/s) seqbad=0 len_bad=0 disc=0(0x00) | tot_n=5474 tot_to=0 maxever=48208 >2ms=5474 >5ms=5474 >15ms=1288 >20ms=1103 >30ms=303 | probes=5475 wrfail=0 down=4s maxout=4s
 111.083  t=108s RTT mean=24320 min=11911 max=35510 n=36 to=0 | cancels=0(+0/s) seqbad=0 len_bad=0 disc=0(0x00) | tot_n=5510 tot_to=0 maxever=48208 >2ms=5510 >5ms=5510 >15ms=1316 >20ms=1129 >30ms=310 | probes=5511 wrfail=0 down=4s maxout=4s
 111.083  RPT pe: events=266 mean=4.77 mode=6 max=7 | 0:9 1:43 2:5 3:3 4:11 5:6 6:189
 111.083  t=109s RTT mean=25498 min=5760 max=48115 n=35 to=0 | cancels=0(+0/s) seqbad=0 len_bad=0 disc=0(0x00) | tot_n=5545 tot_to=0 maxever=48208 >2ms=5545 >5ms=5545 >15ms=1341 >20ms=1154 >30ms=320 | probes=5546 wrfail=0 down=4s maxout=4s
 113.065  t=110s RTT mean=26598 min=5778 max=45820 n=34 to=0 | cancels=0(+0/s) seqbad=0 len_bad=0 disc=0(0x00) | tot_n=5579 tot_to=0 maxever=48208 >2ms=5579 >5ms=5579 >15ms=1368 >20ms=1181 >30ms=330 | probes=5580 wrfail=0 down=4s maxout=4s
 113.065  RPT pe: events=267 mean=4.81 mode=6 max=7 | 0:23 1:25 2:7 3:2 4:8 5:4 6:198
 113.125  t=111s RTT mean=28011 min=11666 max=43359 n=32 to=0 | cancels=0(+0/s) seqbad=0 len_bad=0 disc=0(0x00) | tot_n=5611 tot_to=0 maxever=48208 >2ms=5611 >5ms=5611 >15ms=1394 >20ms=1207 >30ms=343 | probes=5612 wrfail=0 down=4s maxout=4s
 115.050  t=112s RTT mean=27357 min=8171 max=41910 n=32 to=0 | cancels=0(+0/s) seqbad=0 len_bad=0 disc=0(0x00) | tot_n=5643 tot_to=0 maxever=48208 >2ms=5643 >5ms=5643 >15ms=1420 >20ms=1233 >30ms=355 | probes=5644 wrfail=0 down=4s maxout=4s
 115.108  RPT pe: events=267 mean=4.87 mode=6 max=7 | 0:18 1:27 2:6 3:5 4:6 5:7 6:197 7:1
 115.108  t=113s RTT mean=30952 min=11911 max=49410 n=30 to=0 | cancels=0(+0/s) seqbad=0 len_bad=0 disc=0(0x00) | tot_n=5673 tot_to=0 maxever=49410 >2ms=5673 >5ms=5673 >15ms=1447 >20ms=1260 >30ms=368 | probes=5674 wrfail=0 down=4s maxout=4s
 117.056  t=114s RTT mean=26159 min=11910 max=43017 n=34 to=0 | cancels=0(+0/s) seqbad=0 len_bad=0 disc=0(0x00) | tot_n=5707 tot_to=0 maxever=49410 >2ms=5707 >5ms=5707 >15ms=1473 >20ms=1285 >30ms=380 | probes=5708 wrfail=0 down=4s maxout=4s
 117.113  RPT pe: events=267 mean=4.69 mode=6 max=7 | 0:25 1:34 2:1 3:5 4:2 5:5 6:195
 117.113  t=115s RTT mean=27410 min=5771 max=44301 n=33 to=0 | cancels=0(+0/s) seqbad=0 len_bad=0 disc=0(0x00) | tot_n=5740 tot_to=0 maxever=49410 >2ms=5740 >5ms=5740 >15ms=1500 >20ms=1311 >30ms=392 | probes=5741 wrfail=0 down=4s maxout=4s
 119.080  t=116s RTT mean=25557 min=11664 max=39164 n=35 to=0 | cancels=0(+0/s) seqbad=0 len_bad=0 disc=0(0x00) | tot_n=5775 tot_to=0 maxever=49410 >2ms=5775 >5ms=5775 >15ms=1527 >20ms=1338 >30ms=401 | probes=5776 wrfail=0 down=4s maxout=4s
 119.080  RPT pe: events=266 mean=4.95 mode=6 max=7 | 0:11 1:34 2:5 3:4 4:4 5:3 6:205
 119.136  t=117s RTT mean=23601 min=11665 max=39511 n=37 to=0 | cancels=0(+0/s) seqbad=0 len_bad=0 disc=0(0x00) | tot_n=5812 tot_to=0 maxever=49410 >2ms=5812 >5ms=5812 >15ms=1554 >20ms=1364 >30ms=406 | probes=5813 wrfail=0 down=4s maxout=4s
 121.108  t=118s RTT mean=24265 min=5785 max=39419 n=37 to=0 | cancels=0(+0/s) seqbad=0 len_bad=0 disc=0(0x00) | tot_n=5849 tot_to=0 maxever=49410 >2ms=5849 >5ms=5849 >15ms=1581 >20ms=1390 >30ms=414 | probes=5850 wrfail=0 down=4s maxout=4s
 121.108  RPT pe: events=267 mean=4.86 mode=6 max=7 | 0:12 1:39 2:4 3:3 4:4 5:6 6:197 7:2
 121.108  t=119s RTT mean=26095 min=11911 max=49410 n=34 to=0 | cancels=0(+0/s) seqbad=0 len_bad=0 disc=0(0x00) | tot_n=5883 tot_to=0 maxever=49410 >2ms=5883 >5ms=5883 >15ms=1607 >20ms=1416 >30ms=425 | probes=5884 wrfail=0 down=4s maxout=4s
 123.053  t=120s RTT mean=24703 min=11665 max=43010 n=36 to=0 | cancels=0(+0/s) seqbad=0 len_bad=0 disc=0(0x00) | tot_n=5919 tot_to=0 maxever=49410 >2ms=5919 >5ms=5919 >15ms=1634 >20ms=1442 >30ms=432 | probes=5920 wrfail=0 down=4s maxout=4s
 123.113  RPT pe: events=267 mean=4.84 mode=6 max=7 | 0:6 1:46 2:7 3:4 4:1 5:1 6:202
 123.113  t=121s RTT mean=24318 min=6970 max=41813 n=37 to=0 | cancels=0(+0/s) seqbad=0 len_bad=0 disc=0(0x00) | tot_n=5956 tot_to=0 maxever=49410 >2ms=5956 >5ms=5956 >15ms=1663 >20ms=1468 >30ms=439 | probes=5957 wrfail=0 down=4s maxout=4s
 125.107  t=122s RTT mean=23395 min=5777 max=46756 n=37 to=0 | cancels=0(+0/s) seqbad=0 len_bad=0 disc=0(0x00) | tot_n=5993 tot_to=0 maxever=49410 >2ms=5993 >5ms=5993 >15ms=1688 >20ms=1493 >30ms=444 | probes=5994 wrfail=0 down=4s maxout=4s
 125.107  RPT pe: events=266 mean=4.92 mode=6 max=7 | 0:7 1:39 2:5 3:5 4:5 5:3 6:202
 125.107  t=123s RTT mean=26915 min=11911 max=41812 n=33 to=0 | cancels=0(+0/s) seqbad=0 len_bad=0 disc=0(0x00) | tot_n=6026 tot_to=0 maxever=49410 >2ms=6026 >5ms=6026 >15ms=1715 >20ms=1520 >30ms=456 | probes=6027 wrfail=0 down=4s maxout=4s
 127.078  t=124s RTT mean=24855 min=11911 max=40549 n=37 to=0 | cancels=0(+0/s) seqbad=0 len_bad=0 disc=0(0x00) | tot_n=6063 tot_to=0 maxever=49410 >2ms=6063 >5ms=6063 >15ms=1742 >20ms=1547 >30ms=464 | probes=6063 wrfail=0 down=4s maxout=4s
 127.078  PCTL target=140 tot=2168 to=0 p50=26 p90=34 p99=41 p99.9=48 max=49 g30=465 g100=0 (ms/counts)
 127.078  LOADRAMP: target=150 KBps for 60s
 127.078  RPT pe: events=267 mean=4.86 mode=6 max=7 | 0:9 1:49 3:1 5:1 6:207
 127.131  t=125s RTT mean=22061 min=5776 max=35607 n=39 to=0 | cancels=0(+0/s) seqbad=0 len_bad=0 disc=0(0x00) | tot_n=6102 tot_to=0 maxever=49410 >2ms=6102 >5ms=6102 >15ms=1767 >20ms=1572 >30ms=468 | probes=6103 wrfail=0 down=4s maxout=4s
 129.066  t=126s RTT mean=24416 min=11911 max=38316 n=36 to=0 | cancels=0(+0/s) seqbad=0 len_bad=0 disc=0(0x00) | tot_n=6138 tot_to=0 maxever=49410 >2ms=6138 >5ms=6138 >15ms=1795 >20ms=1599 >30ms=474 | probes=6139 wrfail=0 down=4s maxout=4s
 129.066  RPT pe: events=267 mean=5.11 mode=6 max=7 | 0:2 1:38 2:6 3:1 4:3 5:2 6:215
 129.126  t=127s RTT mean=24376 min=5777 max=36706 n=37 to=0 | cancels=0(+0/s) seqbad=0 len_bad=0 disc=0(0x00) | tot_n=6175 tot_to=0 maxever=49410 >2ms=6175 >5ms=6175 >15ms=1823 >20ms=1627 >30ms=481 | probes=6176 wrfail=0 down=4s maxout=4s
 131.100  t=128s RTT mean=27089 min=11911 max=41813 n=33 to=0 | cancels=0(+0/s) seqbad=0 len_bad=0 disc=0(0x00) | tot_n=6208 tot_to=0 maxever=49410 >2ms=6208 >5ms=6208 >15ms=1852 >20ms=1655 >30ms=488 | probes=6209 wrfail=0 down=4s maxout=4s
 131.100  RPT pe: events=266 mean=5.22 mode=6 max=7 | 0:7 1:26 2:3 3:3 4:5 5:2 6:220
 131.100  t=129s RTT mean=25888 min=10874 max=41657 n=34 to=0 | cancels=0(+0/s) seqbad=0 len_bad=0 disc=0(0x00) | tot_n=6242 tot_to=0 maxever=49410 >2ms=6242 >5ms=6242 >15ms=1879 >20ms=1682 >30ms=496 | probes=6243 wrfail=0 down=4s maxout=4s
 133.054  t=130s RTT mean=25394 min=6978 max=35509 n=36 to=0 | cancels=0(+0/s) seqbad=0 len_bad=0 disc=0(0x00) | tot_n=6278 tot_to=0 maxever=49410 >2ms=6278 >5ms=6278 >15ms=1909 >20ms=1711 >30ms=504 | probes=6278 wrfail=0 down=4s maxout=4s
 133.114  RPT pe: events=267 mean=5.10 mode=6 max=7 | 0:11 1:26 2:5 3:3 4:4 5:5 6:213
 133.114  t=131s RTT mean=25991 min=5777 max=49312 n=34 to=0 | cancels=0(+0/s) seqbad=0 len_bad=0 disc=0(0x00) | tot_n=6312 tot_to=0 maxever=49410 >2ms=6312 >5ms=6312 >15ms=1936 >20ms=1738 >30ms=513 | probes=6313 wrfail=0 down=4s maxout=4s
 135.087  t=132s RTT mean=26845 min=11911 max=40616 n=33 to=0 | cancels=0(+0/s) seqbad=0 len_bad=0 disc=0(0x00) | tot_n=6345 tot_to=0 maxever=49410 >2ms=6345 >5ms=6345 >15ms=1964 >20ms=1766 >30ms=523 | probes=6346 wrfail=0 down=4s maxout=4s
 135.087  RPT pe: events=267 mean=5.22 mode=6 max=7 | 0:6 1:26 2:6 3:2 4:2 5:6 6:219
 135.087  t=133s RTT mean=25257 min=5777 max=38315 n=36 to=0 | cancels=0(+0/s) seqbad=0 len_bad=0 disc=0(0x00) | tot_n=6381 tot_to=0 maxever=49410 >2ms=6381 >5ms=6381 >15ms=1993 >20ms=1795 >30ms=530 | probes=6381 wrfail=0 down=4s maxout=4s
 137.105  t=134s RTT mean=26175 min=11912 max=40711 n=33 to=0 | cancels=0(+0/s) seqbad=0 len_bad=0 disc=0(0x00) | tot_n=6414 tot_to=0 maxever=49410 >2ms=6414 >5ms=6414 >15ms=2019 >20ms=1821 >30ms=541 | probes=6415 wrfail=0 down=4s maxout=4s
 137.105  RPT pe: events=267 mean=5.14 mode=6 max=7 | 0:8 1:25 2:8 3:4 4:4 5:2 6:216
 137.105  t=135s RTT mean=27756 min=11911 max=40459 n=33 to=0 | cancels=0(+0/s) seqbad=0 len_bad=0 disc=0(0x00) | tot_n=6447 tot_to=0 maxever=49410 >2ms=6447 >5ms=6447 >15ms=2048 >20ms=1850 >30ms=552 | probes=6448 wrfail=0 down=4s maxout=4s
 139.066  t=136s RTT mean=26032 min=6721 max=41910 n=34 to=0 | cancels=0(+0/s) seqbad=0 len_bad=0 disc=0(0x00) | tot_n=6481 tot_to=0 maxever=49410 >2ms=6481 >5ms=6481 >15ms=2075 >20ms=1876 >30ms=563 | probes=6482 wrfail=0 down=4s maxout=4s
 139.066  RPT pe: events=266 mean=5.12 mode=6 max=7 | 0:11 1:27 2:5 3:2 4:1 5:3 6:217
 139.123  t=137s RTT mean=26406 min=11911 max=34412 n=34 to=0 | cancels=0(+0/s) seqbad=0 len_bad=0 disc=0(0x00) | tot_n=6515 tot_to=0 maxever=49410 >2ms=6515 >5ms=6515 >15ms=2104 >20ms=1904 >30ms=573 | probes=6516 wrfail=0 down=4s maxout=4s
 141.060  t=138s RTT mean=24666 min=11912 max=38062 n=36 to=0 | cancels=0(+0/s) seqbad=0 len_bad=0 disc=0(0x00) | tot_n=6551 tot_to=0 maxever=49410 >2ms=6551 >5ms=6551 >15ms=2132 >20ms=1932 >30ms=579 | probes=6552 wrfail=0 down=4s maxout=4s
 141.061  RPT pe: events=267 mean=5.19 mode=6 max=7 | 0:5 1:33 2:2 3:2 4:2 5:2 6:221
 141.117  t=139s RTT mean=25362 min=5778 max=39165 n=35 to=0 | cancels=0(+0/s) seqbad=0 len_bad=0 disc=0(0x00) | tot_n=6586 tot_to=0 maxever=49410 >2ms=6586 >5ms=6586 >15ms=2160 >20ms=1960 >30ms=585 | probes=6587 wrfail=0 down=4s maxout=4s
 143.097  t=140s RTT mean=25674 min=11911 max=34664 n=35 to=0 | cancels=0(+0/s) seqbad=0 len_bad=0 disc=0(0x00) | tot_n=6621 tot_to=0 maxever=49410 >2ms=6621 >5ms=6621 >15ms=2189 >20ms=1988 >30ms=593 | probes=6622 wrfail=0 down=4s maxout=4s
 143.098  RPT pe: events=267 mean=5.15 mode=6 max=7 | 0:7 1:27 2:8 3:4 5:4 6:217
 143.098  t=141s RTT mean=28063 min=11911 max=41910 n=32 to=0 | cancels=0(+0/s) seqbad=0 len_bad=0 disc=0(0x00) | tot_n=6653 tot_to=0 maxever=49410 >2ms=6653 >5ms=6653 >15ms=2218 >20ms=2016 >30ms=604 | probes=6654 wrfail=0 down=4s maxout=4s
 145.087  t=142s RTT mean=27339 min=11911 max=41812 n=33 to=0 | cancels=0(+0/s) seqbad=0 len_bad=0 disc=0(0x00) | tot_n=6686 tot_to=0 maxever=49410 >2ms=6686 >5ms=6686 >15ms=2246 >20ms=2044 >30ms=613 | probes=6687 wrfail=0 down=4s maxout=4s
 145.087  RPT pe: events=266 mean=5.21 mode=6 max=7 | 0:5 1:30 2:5 4:1 5:7 6:218
 145.144  t=143s RTT mean=25774 min=11911 max=36805 n=35 to=0 | cancels=0(+0/s) seqbad=0 len_bad=0 disc=0(0x00) | tot_n=6721 tot_to=0 maxever=49410 >2ms=6721 >5ms=6721 >15ms=2275 >20ms=2073 >30ms=619 | probes=6722 wrfail=0 down=4s maxout=4s
 147.098  t=144s RTT mean=24974 min=11911 max=43010 n=35 to=0 | cancels=0(+0/s) seqbad=0 len_bad=0 disc=0(0x00) | tot_n=6756 tot_to=0 maxever=49410 >2ms=6756 >5ms=6756 >15ms=2302 >20ms=2100 >30ms=626 | probes=6757 wrfail=0 down=4s maxout=4s
 147.098  RPT pe: events=268 mean=5.00 mode=6 max=7 | 0:17 1:26 2:5 3:1 4:5 5:3 6:211
 147.098  t=145s RTT mean=30326 min=5776 max=49158 n=30 to=0 | cancels=0(+0/s) seqbad=0 len_bad=0 disc=0(0x00) | tot_n=6786 tot_to=0 maxever=49410 >2ms=6786 >5ms=6786 >15ms=2330 >20ms=2128 >30ms=638 | probes=6787 wrfail=0 down=4s maxout=4s
 149.067  t=146s RTT mean=29930 min=11911 max=45500 n=30 to=0 | cancels=0(+0/s) seqbad=0 len_bad=0 disc=0(0x00) | tot_n=6816 tot_to=0 maxever=49410 >2ms=6816 >5ms=6816 >15ms=2358 >20ms=2155 >30ms=652 | probes=6817 wrfail=0 down=4s maxout=4s
 149.067  RPT pe: events=266 mean=5.03 mode=6 max=7 | 0:16 1:25 2:5 3:2 4:4 5:3 6:211
 149.127  t=147s RTT mean=26669 min=11912 max=46690 n=34 to=0 | cancels=0(+0/s) seqbad=0 len_bad=0 disc=0(0x00) | tot_n=6850 tot_to=0 maxever=49410 >2ms=6850 >5ms=6850 >15ms=2387 >20ms=2182 >30ms=660 | probes=6851 wrfail=0 down=4s maxout=4s
 151.104  t=148s RTT mean=29248 min=9437 max=48210 n=31 to=0 | cancels=0(+0/s) seqbad=0 len_bad=0 disc=0(0x00) | tot_n=6881 tot_to=0 maxever=49410 >2ms=6881 >5ms=6881 >15ms=2415 >20ms=2210 >30ms=673 | probes=6882 wrfail=0 down=4s maxout=4s
 151.104  RPT pe: events=266 mean=5.11 mode=6 max=7 | 0:3 1:33 2:8 3:4 4:1 5:6 6:211
 151.104  t=149s RTT mean=28015 min=11912 max=41812 n=32 to=0 | cancels=0(+0/s) seqbad=0 len_bad=0 disc=0(0x00) | tot_n=6913 tot_to=0 maxever=49410 >2ms=6913 >5ms=6913 >15ms=2444 >20ms=2238 >30ms=683 | probes=6914 wrfail=0 down=4s maxout=4s
 153.094  t=150s RTT mean=32651 min=19173 max=50603 n=28 to=0 | cancels=0(+0/s) seqbad=0 len_bad=0 disc=0(0x00) | tot_n=6941 tot_to=0 maxever=50603 >2ms=6941 >5ms=6941 >15ms=2472 >20ms=2265 >30ms=697 | probes=6942 wrfail=0 down=4s maxout=4s
 153.094  RPT pe: events=267 mean=5.13 mode=6 max=7 | 0:7 1:30 2:3 3:5 4:4 5:5 6:212 7:1
 153.094  t=151s RTT mean=24593 min=11912 max=37059 n=36 to=0 | cancels=0(+0/s) seqbad=0 len_bad=0 disc=0(0x00) | tot_n=6977 tot_to=0 maxever=50603 >2ms=6977 >5ms=6977 >15ms=2500 >20ms=2293 >30ms=703 | probes=6978 wrfail=0 down=4s maxout=4s
 155.106  t=152s RTT mean=25050 min=5777 max=41906 n=36 to=0 | cancels=0(+0/s) seqbad=0 len_bad=0 disc=0(0x00) | tot_n=7013 tot_to=0 maxever=50603 >2ms=7013 >5ms=7013 >15ms=2529 >20ms=2322 >30ms=710 | probes=7014 wrfail=0 down=4s maxout=4s
 155.106  RPT pe: events=267 mean=5.17 mode=6 max=7 | 0:3 1:32 2:5 3:6 4:1 5:3 6:217
 155.106  t=153s RTT mean=25282 min=11914 max=35510 n=35 to=0 | cancels=0(+0/s) seqbad=0 len_bad=0 disc=0(0x00) | tot_n=7048 tot_to=0 maxever=50603 >2ms=7048 >5ms=7048 >15ms=2558 >20ms=2350 >30ms=717 | probes=7049 wrfail=0 down=4s maxout=4s
 157.098  t=154s RTT mean=25210 min=5777 max=35603 n=35 to=0 | cancels=0(+0/s) seqbad=0 len_bad=0 disc=0(0x00) | tot_n=7083 tot_to=0 maxever=50603 >2ms=7083 >5ms=7083 >15ms=2587 >20ms=2377 >30ms=727 | probes=7084 wrfail=0 down=4s maxout=4s
 157.098  RPT pe: events=267 mean=5.11 mode=6 max=7 | 0:7 1:26 2:10 3:6 4:1 5:4 6:212 7:1
 157.098  t=155s RTT mean=28491 min=11911 max=44368 n=32 to=0 | cancels=0(+0/s) seqbad=0 len_bad=0 disc=0(0x00) | tot_n=7115 tot_to=0 maxever=50603 >2ms=7115 >5ms=7115 >15ms=2615 >20ms=2405 >30ms=739 | probes=7116 wrfail=0 down=4s maxout=4s
 159.104  t=156s RTT mean=26040 min=11911 max=35511 n=34 to=0 | cancels=0(+0/s) seqbad=0 len_bad=0 disc=0(0x00) | tot_n=7149 tot_to=0 maxever=50603 >2ms=7149 >5ms=7149 >15ms=2644 >20ms=2434 >30ms=747 | probes=7150 wrfail=0 down=4s maxout=4s
 159.105  RPT pe: events=266 mean=5.21 mode=6 max=7 | 0:9 1:28 2:1 3:2 4:1 5:2 6:223
 159.105  t=157s RTT mean=24208 min=5777 max=35519 n=37 to=0 | cancels=0(+0/s) seqbad=0 len_bad=0 disc=0(0x00) | tot_n=7186 tot_to=0 maxever=50603 >2ms=7186 >5ms=7186 >15ms=2672 >20ms=2462 >30ms=752 | probes=7187 wrfail=0 down=4s maxout=4s
 161.100  t=158s RTT mean=25968 min=11912 max=41656 n=34 to=0 | cancels=0(+0/s) seqbad=0 len_bad=0 disc=0(0x00) | tot_n=7220 tot_to=0 maxever=50603 >2ms=7220 >5ms=7220 >15ms=2699 >20ms=2489 >30ms=760 | probes=7221 wrfail=0 down=4s maxout=4s
 161.101  RPT pe: events=267 mean=5.17 mode=6 max=7 | 0:5 1:31 2:3 3:5 4:4 6:219
 161.101  t=159s RTT mean=24877 min=11911 max=34410 n=36 to=0 | cancels=0(+0/s) seqbad=0 len_bad=0 disc=0(0x00) | tot_n=7256 tot_to=0 maxever=50603 >2ms=7256 >5ms=7256 >15ms=2728 >20ms=2518 >30ms=766 | probes=7257 wrfail=0 down=4s maxout=4s
 163.085  t=160s RTT mean=25935 min=8240 max=38001 n=34 to=0 | cancels=0(+0/s) seqbad=0 len_bad=0 disc=0(0x00) | tot_n=7290 tot_to=0 maxever=50603 >2ms=7290 >5ms=7290 >15ms=2755 >20ms=2545 >30ms=776 | probes=7291 wrfail=0 down=4s maxout=4s
 163.085  RPT pe: events=267 mean=5.19 mode=6 max=7 | 0:6 1:28 2:1 3:8 4:4 5:3 6:217
 163.136  t=161s RTT mean=24596 min=5767 max=37122 n=36 to=0 | cancels=0(+0/s) seqbad=0 len_bad=0 disc=0(0x00) | tot_n=7326 tot_to=0 maxever=50603 >2ms=7326 >5ms=7326 >15ms=2783 >20ms=2573 >30ms=782 | probes=7327 wrfail=0 down=4s maxout=4s
 165.087  t=162s RTT mean=25719 min=11911 max=45755 n=35 to=0 | cancels=0(+0/s) seqbad=0 len_bad=0 disc=0(0x00) | tot_n=7361 tot_to=0 maxever=50603 >2ms=7361 >5ms=7361 >15ms=2811 >20ms=2600 >30ms=790 | probes=7362 wrfail=0 down=4s maxout=4s
 165.088  RPT pe: events=266 mean=5.21 mode=6 max=7 | 0:10 1:22 2:5 3:2 4:5 5:4 6:218
 165.148  t=163s RTT mean=27302 min=5777 max=41814 n=33 to=0 | cancels=0(+0/s) seqbad=0 len_bad=0 disc=0(0x00) | tot_n=7394 tot_to=0 maxever=50603 >2ms=7394 >5ms=7394 >15ms=2840 >20ms=2629 >30ms=798 | probes=7395 wrfail=0 down=4s maxout=4s
 167.063  t=164s RTT mean=24830 min=11911 max=43099 n=36 to=0 | cancels=0(+0/s) seqbad=0 len_bad=0 disc=0(0x00) | tot_n=7430 tot_to=0 maxever=50603 >2ms=7430 >5ms=7430 >15ms=2868 >20ms=2657 >30ms=803 | probes=7431 wrfail=0 down=4s maxout=4s
 167.063  RPT pe: events=268 mean=5.06 mode=6 max=7 | 0:12 1:31 2:2 3:3 4:3 5:1 6:216
 167.116  t=165s RTT mean=26880 min=11911 max=45561 n=33 to=0 | cancels=0(+0/s) seqbad=0 len_bad=0 disc=0(0x00) | tot_n=7463 tot_to=0 maxever=50603 >2ms=7463 >5ms=7463 >15ms=2895 >20ms=2684 >30ms=814 | probes=7464 wrfail=0 down=4s maxout=4s
 169.067  t=166s RTT mean=25173 min=11911 max=36822 n=35 to=0 | cancels=0(+0/s) seqbad=0 len_bad=0 disc=0(0x00) | tot_n=7498 tot_to=0 maxever=50603 >2ms=7498 >5ms=7498 >15ms=2923 >20ms=2712 >30ms=821 | probes=7499 wrfail=0 down=4s maxout=4s
 169.068  RPT pe: events=266 mean=5.20 mode=6 max=7 | 0:5 1:32 2:1 3:2 4:5 5:1 6:220
 169.128  t=167s RTT mean=25437 min=11911 max=36919 n=36 to=0 | cancels=0(+0/s) seqbad=0 len_bad=0 disc=0(0x00) | tot_n=7534 tot_to=0 maxever=50603 >2ms=7534 >5ms=7534 >15ms=2953 >20ms=2741 >30ms=827 | probes=7534 wrfail=0 down=4s maxout=4s
 171.084  t=168s RTT mean=26678 min=11911 max=42165 n=33 to=0 | cancels=0(+0/s) seqbad=0 len_bad=0 disc=0(0x00) | tot_n=7567 tot_to=0 maxever=50603 >2ms=7567 >5ms=7567 >15ms=2980 >20ms=2768 >30ms=836 | probes=7568 wrfail=0 down=4s maxout=4s
 171.084  RPT pe: events=266 mean=5.13 mode=6 max=7 | 0:9 1:26 2:6 3:5 4:2 5:2 6:216
 171.144  t=169s RTT mean=26246 min=11912 max=39199 n=34 to=0 | cancels=0(+0/s) seqbad=0 len_bad=0 disc=0(0x00) | tot_n=7601 tot_to=0 maxever=50603 >2ms=7601 >5ms=7601 >15ms=3008 >20ms=2796 >30ms=844 | probes=7602 wrfail=0 down=4s maxout=4s
 173.107  t=170s RTT mean=28690 min=11913 max=41905 n=32 to=0 | cancels=0(+0/s) seqbad=0 len_bad=0 disc=0(0x00) | tot_n=7633 tot_to=0 maxever=50603 >2ms=7633 >5ms=7633 >15ms=3037 >20ms=2824 >30ms=857 | probes=7634 wrfail=0 down=4s maxout=4s
 173.107  RPT pe: events=267 mean=5.19 mode=6 max=7 | 0:7 1:24 2:6 3:5 4:6 5:1 6:218
 173.107  t=171s RTT mean=27282 min=11911 max=37998 n=33 to=0 | cancels=0(+0/s) seqbad=0 len_bad=0 disc=0(0x00) | tot_n=7666 tot_to=0 maxever=50603 >2ms=7666 >5ms=7666 >15ms=3066 >20ms=2853 >30ms=868 | probes=7666 wrfail=0 down=4s maxout=4s
 175.067  t=172s RTT mean=25030 min=5777 max=43103 n=35 to=0 | cancels=0(+0/s) seqbad=0 len_bad=0 disc=0(0x00) | tot_n=7701 tot_to=0 maxever=50603 >2ms=7701 >5ms=7701 >15ms=3094 >20ms=2881 >30ms=872 | probes=7702 wrfail=0 down=4s maxout=4s
 175.067  RPT pe: events=267 mean=5.16 mode=6 max=7 | 0:8 1:26 2:6 3:5 4:2 5:2 6:218
 175.127  t=173s RTT mean=26585 min=11911 max=45497 n=34 to=0 | cancels=0(+0/s) seqbad=0 len_bad=0 disc=0(0x00) | tot_n=7735 tot_to=0 maxever=50603 >2ms=7735 >5ms=7735 >15ms=3122 >20ms=2909 >30ms=882 | probes=7736 wrfail=0 down=4s maxout=4s
 177.066  t=174s RTT mean=27171 min=11912 max=43108 n=33 to=0 | cancels=0(+0/s) seqbad=0 len_bad=0 disc=0(0x00) | tot_n=7768 tot_to=0 maxever=50603 >2ms=7768 >5ms=7768 >15ms=3151 >20ms=2937 >30ms=893 | probes=7769 wrfail=0 down=4s maxout=4s
 177.066  RPT pe: events=266 mean=5.16 mode=6 max=7 | 0:7 1:28 2:2 3:9 4:2 5:1 6:217
 177.126  t=175s RTT mean=23702 min=5778 max=35503 n=37 to=0 | cancels=0(+0/s) seqbad=0 len_bad=0 disc=0(0x00) | tot_n=7805 tot_to=0 maxever=50603 >2ms=7805 >5ms=7805 >15ms=3179 >20ms=2965 >30ms=896 | probes=7806 wrfail=0 down=4s maxout=4s
 179.109  t=176s RTT mean=26191 min=11912 max=35862 n=34 to=0 | cancels=0(+0/s) seqbad=0 len_bad=0 disc=0(0x00) | tot_n=7839 tot_to=0 maxever=50603 >2ms=7839 >5ms=7839 >15ms=3207 >20ms=2992 >30ms=905 | probes=7840 wrfail=0 down=4s maxout=4s
 179.109  RPT pe: events=267 mean=5.14 mode=6 max=7 | 0:10 1:25 2:5 3:4 4:2 5:6 6:215
 179.109  t=177s RTT mean=26672 min=11911 max=34411 n=34 to=0 | cancels=0(+0/s) seqbad=0 len_bad=0 disc=0(0x00) | tot_n=7873 tot_to=0 maxever=50603 >2ms=7873 >5ms=7873 >15ms=3236 >20ms=3021 >30ms=916 | probes=7874 wrfail=0 down=4s maxout=4s
 181.085  t=178s RTT mean=25827 min=11912 max=35607 n=34 to=0 | cancels=0(+0/s) seqbad=0 len_bad=0 disc=0(0x00) | tot_n=7907 tot_to=0 maxever=50603 >2ms=7907 >5ms=7907 >15ms=3263 >20ms=3048 >30ms=925 | probes=7908 wrfail=0 down=4s maxout=4s
 181.085  RPT pe: events=268 mean=5.08 mode=6 max=7 | 0:5 1:35 2:7 3:3 5:2 6:216
 181.144  t=179s RTT mean=24517 min=11911 max=39511 n=36 to=0 | cancels=0(+0/s) seqbad=0 len_bad=0 disc=0(0x00) | tot_n=7943 tot_to=0 maxever=50603 >2ms=7943 >5ms=7943 >15ms=3291 >20ms=3075 >30ms=931 | probes=7944 wrfail=0 down=4s maxout=4s
 183.102  t=180s RTT mean=31513 min=11911 max=50608 n=29 to=0 | cancels=0(+0/s) seqbad=0 len_bad=0 disc=0(0x00) | tot_n=7972 tot_to=0 maxever=50608 >2ms=7972 >5ms=7972 >15ms=3318 >20ms=3102 >30ms=943 | probes=7973 wrfail=0 down=4s maxout=4s
 183.102  RPT pe: events=266 mean=5.12 mode=6 max=7 | 0:5 1:29 2:7 3:3 4:9 5:3 6:209 7:1
 183.102  t=181s RTT mean=26891 min=5778 max=38256 n=34 to=0 | cancels=0(+0/s) seqbad=0 len_bad=0 disc=0(0x00) | tot_n=8006 tot_to=0 maxever=50608 >2ms=8006 >5ms=8006 >15ms=3348 >20ms=3132 >30ms=952 | probes=8007 wrfail=0 down=4s maxout=4s
 185.073  t=182s RTT mean=26683 min=11911 max=39167 n=33 to=0 | cancels=0(+0/s) seqbad=0 len_bad=0 disc=0(0x00) | tot_n=8039 tot_to=0 maxever=50608 >2ms=8039 >5ms=8039 >15ms=3375 >20ms=3159 >30ms=964 | probes=8040 wrfail=0 down=4s maxout=4s
 185.073  RPT pe: events=266 mean=5.09 mode=6 max=7 | 0:2 1:26 2:14 3:12 4:3 5:2 6:207
 185.132  t=183s RTT mean=27579 min=11912 max=39164 n=33 to=0 | cancels=0(+0/s) seqbad=0 len_bad=0 disc=0(0x00) | tot_n=8072 tot_to=0 maxever=50608 >2ms=8072 >5ms=8072 >15ms=3404 >20ms=3188 >30ms=976 | probes=8073 wrfail=0 down=4s maxout=4s
 187.098  t=184s RTT mean=26311 min=8240 max=38061 n=34 to=0 | cancels=0(+0/s) seqbad=0 len_bad=0 disc=0(0x00) | tot_n=8106 tot_to=0 maxever=50608 >2ms=8106 >5ms=8106 >15ms=3432 >20ms=3216 >30ms=987 | probes=8107 wrfail=0 down=4s maxout=4s
 187.098  PCTL target=150 tot=2036 to=0 p50=26 p90=34 p99=43 p99.9=49 max=50 g30=528 g100=0 (ms/counts)
 187.098  LOADRAMP: target=160 KBps for 60s
 187.098  RPT pe: events=267 mean=5.19 mode=6 max=7 | 0:5 1:25 2:12 3:2 4:3 5:3 6:215 7:2
 187.157  t=185s RTT mean=26902 min=11912 max=49313 n=33 to=0 | cancels=0(+0/s) seqbad=0 len_bad=0 disc=0(0x00) | tot_n=8139 tot_to=0 maxever=50608 >2ms=8139 >5ms=8139 >15ms=3460 >20ms=3244 >30ms=994 | probes=8140 wrfail=0 down=4s maxout=4s
 189.101  t=186s RTT mean=27316 min=11911 max=41911 n=33 to=0 | cancels=0(+0/s) seqbad=0 len_bad=0 disc=0(0x00) | tot_n=8172 tot_to=0 maxever=50608 >2ms=8172 >5ms=8172 >15ms=3489 >20ms=3273 >30ms=1004 | probes=8173 wrfail=0 down=4s maxout=4s
 189.102  RPT pe: events=267 mean=5.39 mode=6 max=7 | 0:5 1:16 2:5 3:2 4:10 5:6 6:223
 189.102  t=187s RTT mean=28107 min=11912 max=41910 n=32 to=0 | cancels=0(+0/s) seqbad=0 len_bad=0 disc=0(0x00) | tot_n=8204 tot_to=0 maxever=50608 >2ms=8204 >5ms=8204 >15ms=3518 >20ms=3302 >30ms=1015 | probes=8205 wrfail=0 down=4s maxout=4s
 191.123  t=188s RTT mean=26403 min=5778 max=34406 n=34 to=0 | cancels=0(+0/s) seqbad=0 len_bad=0 disc=0(0x00) | tot_n=8238 tot_to=0 maxever=50608 >2ms=8238 >5ms=8238 >15ms=3549 >20ms=3333 >30ms=1020 | probes=8239 wrfail=0 down=4s maxout=4s
 191.124  RPT pe: events=266 mean=5.43 mode=6 max=7 | 0:7 1:15 2:4 4:6 5:6 6:228
 191.124  t=189s RTT mean=27814 min=11911 max=37997 n=32 to=0 | cancels=0(+0/s) seqbad=0 len_bad=0 disc=0(0x00) | tot_n=8270 tot_to=0 maxever=50608 >2ms=8270 >5ms=8270 >15ms=3578 >20ms=3362 >30ms=1030 | probes=8271 wrfail=0 down=4s maxout=4s
 193.108  t=190s RTT mean=26419 min=5778 max=43104 n=34 to=0 | cancels=0(+0/s) seqbad=0 len_bad=0 disc=0(0x00) | tot_n=8304 tot_to=0 maxever=50608 >2ms=8304 >5ms=8304 >15ms=3608 >20ms=3391 >30ms=1039 | probes=8305 wrfail=0 down=4s maxout=4s
 193.108  RPT pe: events=267 mean=5.41 mode=6 max=7 | 0:5 1:17 2:5 3:4 4:3 5:3 6:229 7:1
 193.108  t=191s RTT mean=27146 min=11911 max=35861 n=33 to=0 | cancels=0(+0/s) seqbad=0 len_bad=0 disc=0(0x00) | tot_n=8337 tot_to=0 maxever=50608 >2ms=8337 >5ms=8337 >15ms=3638 >20ms=3420 >30ms=1047 | probes=8338 wrfail=0 down=4s maxout=4s
 195.101  t=192s RTT mean=28051 min=11911 max=38321 n=32 to=0 | cancels=0(+0/s) seqbad=0 len_bad=0 disc=0(0x00) | tot_n=8369 tot_to=0 maxever=50608 >2ms=8369 >5ms=8369 >15ms=3668 >20ms=3450 >30ms=1056 | probes=8370 wrfail=0 down=4s maxout=4s
 195.101  RPT pe: events=267 mean=5.43 mode=6 max=7 | 0:8 1:12 2:3 3:8 4:1 5:4 6:231
 195.101  t=193s RTT mean=26838 min=11911 max=34407 n=33 to=0 | cancels=0(+0/s) seqbad=0 len_bad=0 disc=0(0x00) | tot_n=8402 tot_to=0 maxever=50608 >2ms=8402 >5ms=8402 >15ms=3698 >20ms=3480 >30ms=1062 | probes=8403 wrfail=0 down=4s maxout=4s
 197.096  t=194s RTT mean=25508 min=8240 max=35475 n=36 to=0 | cancels=0(+0/s) seqbad=0 len_bad=0 disc=0(0x00) | tot_n=8438 tot_to=0 maxever=50608 >2ms=8438 >5ms=8438 >15ms=3728 >20ms=3510 >30ms=1067 | probes=8439 wrfail=0 down=4s maxout=4s
 197.096  RPT pe: events=266 mean=5.44 mode=6 max=7 | 0:4 1:19 2:2 3:3 4:4 5:3 6:231
 197.096  t=195s RTT mean=27506 min=11911 max=51706 n=32 to=0 | cancels=0(+0/s) seqbad=0 len_bad=0 disc=0(0x00) | tot_n=8470 tot_to=0 maxever=51706 >2ms=8470 >5ms=8470 >15ms=3759 >20ms=3540 >30ms=1073 | probes=8471 wrfail=0 down=4s maxout=4s
 199.061  t=196s RTT mean=28273 min=14217 max=39516 n=32 to=0 | cancels=0(+0/s) seqbad=0 len_bad=0 disc=0(0x00) | tot_n=8502 tot_to=0 maxever=51706 >2ms=8502 >5ms=8502 >15ms=3790 >20ms=3570 >30ms=1080 | probes=8503 wrfail=0 down=4s maxout=4s
 199.118  RPT pe: events=267 mean=5.48 mode=6 max=7 | 0:4 1:16 2:4 3:3 4:3 5:2 6:235
 199.119  t=197s RTT mean=24834 min=5779 max=34408 n=36 to=0 | cancels=0(+0/s) seqbad=0 len_bad=0 disc=0(0x00) | tot_n=8538 tot_to=0 maxever=51706 >2ms=8538 >5ms=8538 >15ms=3820 >20ms=3599 >30ms=1085 | probes=8539 wrfail=0 down=4s maxout=4s
 201.077  t=198s RTT mean=25994 min=11914 max=34415 n=34 to=0 | cancels=0(+0/s) seqbad=0 len_bad=0 disc=0(0x00) | tot_n=8572 tot_to=0 maxever=51706 >2ms=8572 >5ms=8572 >15ms=3851 >20ms=3628 >30ms=1089 | probes=8573 wrfail=0 down=4s maxout=4s
 201.078  RPT pe: events=267 mean=5.37 mode=6 max=7 | 0:9 1:18 2:2 3:3 4:1 5:5 6:229
 201.137  t=199s RTT mean=27799 min=11911 max=41907 n=33 to=0 | cancels=0(+0/s) seqbad=0 len_bad=0 disc=0(0x00) | tot_n=8605 tot_to=0 maxever=51706 >2ms=8605 >5ms=8605 >15ms=3880 >20ms=3657 >30ms=1098 | probes=8606 wrfail=0 down=4s maxout=4s
 203.087  t=200s RTT mean=28214 min=11960 max=36805 n=32 to=0 | cancels=0(+0/s) seqbad=0 len_bad=0 disc=0(0x00) | tot_n=8637 tot_to=0 maxever=51706 >2ms=8637 >5ms=8637 >15ms=3910 >20ms=3687 >30ms=1107 | probes=8637 wrfail=0 down=4s maxout=4s
 203.087  RPT pe: events=267 mean=5.55 mode=6 max=7 | 0:7 1:9 2:3 3:1 4:5 5:7 6:235
 203.146  t=201s RTT mean=29071 min=11915 max=36710 n=31 to=0 | cancels=0(+0/s) seqbad=0 len_bad=0 disc=0(0x00) | tot_n=8668 tot_to=0 maxever=51706 >2ms=8668 >5ms=8668 >15ms=3940 >20ms=3717 >30ms=1117 | probes=8669 wrfail=0 down=4s maxout=4s
 205.071  t=202s RTT mean=26949 min=5777 max=35604 n=33 to=0 | cancels=0(+0/s) seqbad=0 len_bad=0 disc=0(0x00) | tot_n=8701 tot_to=0 maxever=51706 >2ms=8701 >5ms=8701 >15ms=3970 >20ms=3747 >30ms=1124 | probes=8702 wrfail=0 down=4s maxout=4s
 205.072  RPT pe: events=266 mean=5.47 mode=6 max=7 | 0:5 1:16 2:3 3:2 4:4 5:4 6:232
 205.132  t=203s RTT mean=26401 min=11912 max=35603 n=34 to=0 | cancels=0(+0/s) seqbad=0 len_bad=0 disc=0(0x00) | tot_n=8735 tot_to=0 maxever=51706 >2ms=8735 >5ms=8735 >15ms=4000 >20ms=3777 >30ms=1131 | probes=8736 wrfail=0 down=4s maxout=4s
 207.061  t=204s RTT mean=27300 min=11911 max=45666 n=32 to=0 | cancels=0(+0/s) seqbad=0 len_bad=0 disc=0(0x00) | tot_n=8767 tot_to=0 maxever=51706 >2ms=8767 >5ms=8767 >15ms=4029 >20ms=3805 >30ms=1139 | probes=8768 wrfail=0 down=4s maxout=4s
 207.121  RPT pe: events=267 mean=5.46 mode=6 max=7 | 0:7 1:11 2:4 3:5 4:5 5:6 6:229
 207.121  t=205s RTT mean=28956 min=5777 max=43108 n=32 to=0 | cancels=0(+0/s) seqbad=0 len_bad=0 disc=0(0x00) | tot_n=8799 tot_to=0 maxever=51706 >2ms=8799 >5ms=8799 >15ms=4060 >20ms=3835 >30ms=1151 | probes=8800 wrfail=0 down=4s maxout=4s
 209.106  t=206s RTT mean=26975 min=9437 max=44302 n=33 to=0 | cancels=0(+0/s) seqbad=0 len_bad=0 disc=0(0x00) | tot_n=8832 tot_to=0 maxever=51706 >2ms=8832 >5ms=8832 >15ms=4089 >20ms=3863 >30ms=1160 | probes=8833 wrfail=0 down=4s maxout=4s
 209.106  RPT pe: events=267 mean=5.35 mode=6 max=7 | 0:8 1:18 2:1 3:3 4:10 6:227
 209.166  t=207s RTT mean=27171 min=11912 max=35510 n=33 to=0 | cancels=0(+0/s) seqbad=0 len_bad=0 disc=0(0x00) | tot_n=8865 tot_to=0 maxever=51706 >2ms=8865 >5ms=8865 >15ms=4119 >20ms=3893 >30ms=1166 | probes=8866 wrfail=0 down=4s maxout=4s
 211.110  t=208s RTT mean=30593 min=25713 max=50604 n=30 to=0 | cancels=0(+0/s) seqbad=0 len_bad=0 disc=0(0x00) | tot_n=8895 tot_to=0 maxever=51706 >2ms=8895 >5ms=8895 >15ms=4149 >20ms=3923 >30ms=1177 | probes=8896 wrfail=0 down=4s maxout=4s
 211.110  RPT pe: events=266 mean=5.45 mode=6 max=7 | 0:12 1:6 2:5 3:4 4:4 5:2 6:233
 211.110  t=209s RTT mean=29530 min=8237 max=41907 n=30 to=0 | cancels=0(+0/s) seqbad=0 len_bad=0 disc=0(0x00) | tot_n=8925 tot_to=0 maxever=51706 >2ms=8925 >5ms=8925 >15ms=4178 >20ms=3952 >30ms=1188 | probes=8926 wrfail=0 down=4s maxout=4s
 213.061  t=210s RTT mean=26731 min=11911 max=39454 n=34 to=0 | cancels=0(+0/s) seqbad=0 len_bad=0 disc=0(0x00) | tot_n=8959 tot_to=0 maxever=51706 >2ms=8959 >5ms=8959 >15ms=4209 >20ms=3983 >30ms=1193 | probes=8960 wrfail=0 down=4s maxout=4s
 213.121  RPT pe: events=267 mean=5.52 mode=6 max=7 | 0:5 1:16 2:3 3:1 4:1 5:1 6:240
 213.121  t=211s RTT mean=26239 min=5777 max=34412 n=34 to=0 | cancels=0(+0/s) seqbad=0 len_bad=0 disc=0(0x00) | tot_n=8993 tot_to=0 maxever=51706 >2ms=8993 >5ms=8993 >15ms=4239 >20ms=4013 >30ms=1198 | probes=8994 wrfail=0 down=4s maxout=4s
 215.087  t=212s RTT mean=27502 min=10622 max=40454 n=33 to=0 | cancels=0(+0/s) seqbad=0 len_bad=0 disc=0(0x00) | tot_n=9026 tot_to=0 maxever=51706 >2ms=9026 >5ms=9026 >15ms=4268 >20ms=4042 >30ms=1208 | probes=9027 wrfail=0 down=4s maxout=4s
 215.088  RPT pe: events=267 mean=5.37 mode=6 max=7 | 0:10 1:12 2:5 3:5 4:3 5:5 6:227
 215.148  t=213s RTT mean=29271 min=10619 max=39419 n=31 to=0 | cancels=0(+0/s) seqbad=0 len_bad=0 disc=0(0x00) | tot_n=9057 tot_to=0 maxever=51706 >2ms=9057 >5ms=9057 >15ms=4297 >20ms=4071 >30ms=1221 | probes=9057 wrfail=0 down=4s maxout=4s
 217.090  t=214s RTT mean=27166 min=5778 max=38060 n=32 to=0 | cancels=0(+0/s) seqbad=0 len_bad=0 disc=0(0x00) | tot_n=9089 tot_to=0 maxever=51706 >2ms=9089 >5ms=9089 >15ms=4326 >20ms=4100 >30ms=1230 | probes=9090 wrfail=0 down=4s maxout=4s
 217.091  RPT pe: events=267 mean=5.38 mode=6 max=7 | 0:5 1:10 2:10 3:12 4:3 5:1 6:226
 217.091  t=215s RTT mean=29905 min=19421 max=43107 n=31 to=0 | cancels=0(+0/s) seqbad=0 len_bad=0 disc=0(0x00) | tot_n=9120 tot_to=0 maxever=51706 >2ms=9120 >5ms=9120 >15ms=4357 >20ms=4130 >30ms=1244 | probes=9121 wrfail=0 down=4s maxout=4s
 219.104  t=216s RTT mean=28752 min=11911 max=37998 n=31 to=0 | cancels=0(+0/s) seqbad=0 len_bad=0 disc=0(0x00) | tot_n=9151 tot_to=0 maxever=51706 >2ms=9151 >5ms=9151 >15ms=4386 >20ms=4159 >30ms=1257 | probes=9152 wrfail=0 down=4s maxout=4s
 219.104  RPT pe: events=266 mean=5.31 mode=6 max=7 | 0:5 1:8 2:19 3:6 4:6 5:5 6:217
 219.104  t=217s RTT mean=29268 min=13023 max=36868 n=31 to=0 | cancels=0(+0/s) seqbad=0 len_bad=0 disc=0(0x00) | tot_n=9182 tot_to=0 maxever=51706 >2ms=9182 >5ms=9182 >15ms=4416 >20ms=4189 >30ms=1270 | probes=9183 wrfail=0 down=4s maxout=4s
 221.098  t=218s RTT mean=31382 min=25708 max=41653 n=29 to=0 | cancels=0(+0/s) seqbad=0 len_bad=0 disc=0(0x00) | tot_n=9211 tot_to=0 maxever=51706 >2ms=9211 >5ms=9211 >15ms=4445 >20ms=4218 >30ms=1287 | probes=9212 wrfail=0 down=4s maxout=4s
 221.098  RPT pe: events=267 mean=5.34 mode=6 max=7 | 0:6 1:8 2:5 3:23 4:5 6:220
 221.152  t=219s RTT mean=30249 min=25708 max=41656 n=30 to=0 | cancels=0(+0/s) seqbad=0 len_bad=0 disc=0(0x00) | tot_n=9241 tot_to=0 maxever=51706 >2ms=9241 >5ms=9241 >15ms=4475 >20ms=4248 >30ms=1299 | probes=9242 wrfail=0 down=4s maxout=4s
 223.091  t=220s RTT mean=30485 min=25708 max=50509 n=30 to=0 | cancels=0(+0/s) seqbad=0 len_bad=0 disc=0(0x00) | tot_n=9271 tot_to=0 maxever=51706 >2ms=9271 >5ms=9271 >15ms=4505 >20ms=4278 >30ms=1311 | probes=9272 wrfail=0 down=4s maxout=4s
 223.091  RPT pe: events=266 mean=5.43 mode=6 max=7 | 0:7 1:8 2:2 3:15 4:6 5:5 6:222 7:1
 223.148  t=221s RTT mean=28246 min=11911 max=45562 n=32 to=0 | cancels=0(+0/s) seqbad=0 len_bad=0 disc=0(0x00) | tot_n=9303 tot_to=0 maxever=51706 >2ms=9303 >5ms=9303 >15ms=4534 >20ms=4307 >30ms=1320 | probes=9304 wrfail=0 down=4s maxout=4s
 225.084  t=222s RTT mean=28315 min=13024 max=41813 n=32 to=0 | cancels=0(+0/s) seqbad=0 len_bad=0 disc=0(0x00) | tot_n=9335 tot_to=0 maxever=51706 >2ms=9335 >5ms=9335 >15ms=4565 >20ms=4338 >30ms=1329 | probes=9335 wrfail=0 down=4s maxout=4s
 225.084  RPT pe: events=267 mean=5.52 mode=6 max=7 | 0:9 1:8 2:4 3:1 4:5 5:4 6:236
 225.144  t=223s RTT mean=26847 min=5777 max=36707 n=33 to=0 | cancels=0(+0/s) seqbad=0 len_bad=0 disc=0(0x00) | tot_n=9368 tot_to=0 maxever=51706 >2ms=9368 >5ms=9368 >15ms=4595 >20ms=4368 >30ms=1337 | probes=9369 wrfail=0 down=4s maxout=4s
 227.104  t=224s RTT mean=27153 min=11911 max=35510 n=33 to=0 | cancels=0(+0/s) seqbad=0 len_bad=0 disc=0(0x00) | tot_n=9401 tot_to=0 maxever=51706 >2ms=9401 >5ms=9401 >15ms=4625 >20ms=4398 >30ms=1345 | probes=9402 wrfail=0 down=4s maxout=4s
 227.104  RPT pe: events=267 mean=5.38 mode=6 max=7 | 0:10 1:13 2:5 3:3 4:2 5:6 6:228
 227.104  t=225s RTT mean=28709 min=7039 max=49412 n=31 to=0 | cancels=0(+0/s) seqbad=0 len_bad=0 disc=0(0x00) | tot_n=9432 tot_to=0 maxever=51706 >2ms=9432 >5ms=9432 >15ms=4653 >20ms=4426 >30ms=1355 | probes=9433 wrfail=0 down=4s maxout=4s
 229.065  t=226s RTT mean=28793 min=13024 max=39419 n=32 to=0 | cancels=0(+0/s) seqbad=0 len_bad=0 disc=0(0x00) | tot_n=9464 tot_to=0 maxever=51706 >2ms=9464 >5ms=9464 >15ms=4684 >20ms=4456 >30ms=1365 | probes=9465 wrfail=0 down=4s maxout=4s
 229.125  RPT pe: events=267 mean=5.46 mode=6 max=7 | 0:10 1:9 2:3 3:4 4:5 5:5 6:231
 229.125  t=227s RTT mean=28415 min=11911 max=38062 n=31 to=0 | cancels=0(+0/s) seqbad=0 len_bad=0 disc=0(0x00) | tot_n=9495 tot_to=0 maxever=51706 >2ms=9495 >5ms=9495 >15ms=4713 >20ms=4485 >30ms=1376 | probes=9496 wrfail=0 down=4s maxout=4s
 231.093  t=228s RTT mean=26835 min=11911 max=36707 n=34 to=0 | cancels=0(+0/s) seqbad=0 len_bad=0 disc=0(0x00) | tot_n=9529 tot_to=0 maxever=51706 >2ms=9529 >5ms=9529 >15ms=4743 >20ms=4515 >30ms=1384 | probes=9530 wrfail=0 down=4s maxout=4s
 231.094  RPT pe: events=266 mean=5.43 mode=6 max=7 | 0:7 1:14 2:5 3:2 4:5 5:2 6:231
 231.094  t=229s RTT mean=28983 min=20524 max=39165 n=31 to=0 | cancels=0(+0/s) seqbad=0 len_bad=0 disc=0(0x00) | tot_n=9560 tot_to=0 maxever=51706 >2ms=9560 >5ms=9560 >15ms=4774 >20ms=4546 >30ms=1394 | probes=9561 wrfail=0 down=4s maxout=4s
 233.066  t=230s RTT mean=28115 min=11911 max=36910 n=32 to=0 | cancels=0(+0/s) seqbad=0 len_bad=0 disc=0(0x00) | tot_n=9592 tot_to=0 maxever=51706 >2ms=9592 >5ms=9592 >15ms=4804 >20ms=4576 >30ms=1403 | probes=9593 wrfail=0 down=4s maxout=4s
 233.118  RPT pe: events=267 mean=5.42 mode=6 max=7 | 0:7 1:14 2:5 3:5 4:1 5:5 6:230
 233.118  t=231s RTT mean=30376 min=25694 max=40457 n=30 to=0 | cancels=0(+0/s) seqbad=0 len_bad=0 disc=0(0x00) | tot_n=9622 tot_to=0 maxever=51706 >2ms=9622 >5ms=9622 >15ms=4834 >20ms=4606 >30ms=1415 | probes=9623 wrfail=0 down=4s maxout=4s
 235.085  t=232s RTT mean=27902 min=5777 max=49158 n=32 to=0 | cancels=0(+0/s) seqbad=0 len_bad=0 disc=0(0x00) | tot_n=9654 tot_to=0 maxever=51706 >2ms=9654 >5ms=9654 >15ms=4864 >20ms=4635 >30ms=1424 | probes=9655 wrfail=0 down=4s maxout=4s
 235.085  RPT pe: events=267 mean=5.38 mode=6 max=7 | 0:10 1:11 2:5 3:5 4:5 5:3 6:228
 235.145  t=233s RTT mean=29800 min=19423 max=41658 n=30 to=0 | cancels=0(+0/s) seqbad=0 len_bad=0 disc=0(0x00) | tot_n=9684 tot_to=0 maxever=51706 >2ms=9684 >5ms=9684 >15ms=4894 >20ms=4664 >30ms=1435 | probes=9685 wrfail=0 down=4s maxout=4s
 237.091  t=234s RTT mean=28939 min=13023 max=41812 n=32 to=0 | cancels=0(+0/s) seqbad=0 len_bad=0 disc=0(0x00) | tot_n=9716 tot_to=0 maxever=51706 >2ms=9716 >5ms=9716 >15ms=4925 >20ms=4695 >30ms=1445 | probes=9717 wrfail=0 down=4s maxout=4s
 237.091  RPT pe: events=266 mean=5.46 mode=6 max=7 | 0:9 1:14 2:3 3:1 5:3 6:236
 237.150  t=235s RTT mean=26907 min=11912 max=35604 n=33 to=0 | cancels=0(+0/s) seqbad=0 len_bad=0 disc=0(0x00) | tot_n=9749 tot_to=0 maxever=51706 >2ms=9749 >5ms=9749 >15ms=4956 >20ms=4724 >30ms=1452 | probes=9750 wrfail=0 down=4s maxout=4s
 239.085  t=236s RTT mean=28049 min=11912 max=41802 n=32 to=0 | cancels=0(+0/s) seqbad=0 len_bad=0 disc=0(0x00) | tot_n=9781 tot_to=0 maxever=51706 >2ms=9781 >5ms=9781 >15ms=4986 >20ms=4754 >30ms=1463 | probes=9782 wrfail=0 down=4s maxout=4s
 239.085  RPT pe: events=267 mean=5.44 mode=6 max=7 | 0:11 1:8 2:4 3:5 4:4 5:2 6:233
 239.143  t=237s RTT mean=28033 min=5777 max=35607 n=32 to=0 | cancels=0(+0/s) seqbad=0 len_bad=0 disc=0(0x00) | tot_n=9813 tot_to=0 maxever=51706 >2ms=9813 >5ms=9813 >15ms=5016 >20ms=4784 >30ms=1472 | probes=9814 wrfail=0 down=4s maxout=4s
 241.105  t=238s RTT mean=27471 min=11912 max=46664 n=33 to=0 | cancels=0(+0/s) seqbad=0 len_bad=0 disc=0(0x00) | tot_n=9846 tot_to=0 maxever=51706 >2ms=9846 >5ms=9846 >15ms=5045 >20ms=4813 >30ms=1480 | probes=9847 wrfail=0 down=4s maxout=4s
 241.106  RPT pe: events=267 mean=5.35 mode=6 max=7 | 0:11 1:16 2:1 3:6 4:1 5:1 6:231
 241.106  t=239s RTT mean=28573 min=13026 max=35608 n=31 to=0 | cancels=0(+0/s) seqbad=0 len_bad=0 disc=0(0x00) | tot_n=9877 tot_to=0 maxever=51706 >2ms=9877 >5ms=9877 >15ms=5075 >20ms=4842 >30ms=1490 | probes=9878 wrfail=0 down=4s maxout=4s
 243.064  t=240s RTT mean=27610 min=6970 max=40457 n=33 to=0 | cancels=0(+0/s) seqbad=0 len_bad=0 disc=0(0x00) | tot_n=9910 tot_to=0 maxever=51706 >2ms=9910 >5ms=9910 >15ms=5104 >20ms=4871 >30ms=1500 | probes=9911 wrfail=0 down=4s maxout=4s
 243.125  RPT pe: events=266 mean=5.42 mode=6 max=7 | 0:11 1:12 2:2 3:4 4:3 5:2 6:232
 243.125  t=241s RTT mean=28091 min=11917 max=35603 n=32 to=0 | cancels=0(+0/s) seqbad=0 len_bad=0 disc=0(0x00) | tot_n=9942 tot_to=0 maxever=51706 >2ms=9942 >5ms=9942 >15ms=5135 >20ms=4901 >30ms=1510 | probes=9943 wrfail=0 down=4s maxout=4s
 245.078  t=242s RTT mean=27877 min=11912 max=36707 n=32 to=0 | cancels=0(+0/s) seqbad=0 len_bad=0 disc=0(0x00) | tot_n=9974 tot_to=0 maxever=51706 >2ms=9974 >5ms=9974 >15ms=5164 >20ms=4930 >30ms=1519 | probes=9975 wrfail=0 down=4s maxout=4s
 245.079  RPT pe: events=267 mean=5.44 mode=6 max=7 | 0:12 1:7 2:3 3:6 4:3 5:4 6:232
 245.133  t=243s RTT mean=29376 min=25709 max=39518 n=31 to=0 | cancels=0(+0/s) seqbad=0 len_bad=0 disc=0(0x00) | tot_n=10005 tot_to=0 maxever=51706 >2ms=10005 >5ms=10005 >15ms=5195 >20ms=4961 >30ms=1530 | probes=10006 wrfail=0 down=4s maxout=4s
 247.079  t=244s RTT mean=25667 min=11912 max=35608 n=35 to=0 | cancels=0(+0/s) seqbad=0 len_bad=0 disc=0(0x00) | tot_n=10040 tot_to=0 maxever=51706 >2ms=10040 >5ms=10040 >15ms=5224 >20ms=4990 >30ms=1535 | probes=10041 wrfail=0 down=4s maxout=4s
 247.079  PCTL target=160 tot=1933 to=0 p50=26 p90=34 p99=41 p99.9=50 max=51 g30=548 g100=0 (ms/counts)
 247.079  LOADRAMP: target=170 KBps for 60s
 247.140  RPT pe: events=267 mean=5.47 mode=6 max=7 | 0:4 1:16 2:3 3:4 4:5 5:4 6:230 7:1
 247.140  t=245s RTT mean=27876 min=11911 max=35519 n=32 to=0 | cancels=0(+0/s) seqbad=0 len_bad=0 disc=0(0x00) | tot_n=10072 tot_to=0 maxever=51706 >2ms=10072 >5ms=10072 >15ms=5254 >20ms=5020 >30ms=1542 | probes=10073 wrfail=0 down=4s maxout=4s
 249.075  t=246s RTT mean=28738 min=15577 max=35602 n=31 to=0 | cancels=0(+0/s) seqbad=0 len_bad=0 disc=0(0x00) | tot_n=10103 tot_to=0 maxever=51706 >2ms=10103 >5ms=10103 >15ms=5285 >20ms=5050 >30ms=1552 | probes=10104 wrfail=0 down=4s maxout=4s
 249.075  RPT pe: events=267 mean=5.58 mode=6 max=7 | 0:8 1:5 2:5 3:3 4:3 5:4 6:239
 249.135  t=247s RTT mean=28581 min=8240 max=43285 n=32 to=0 | cancels=0(+0/s) seqbad=0 len_bad=0 disc=0(0x00) | tot_n=10135 tot_to=0 maxever=51706 >2ms=10135 >5ms=10135 >15ms=5316 >20ms=5081 >30ms=1560 | probes=10136 wrfail=0 down=4s maxout=4s
 251.075  t=248s RTT mean=29828 min=25708 max=40616 n=30 to=0 | cancels=0(+0/s) seqbad=0 len_bad=0 disc=0(0x00) | tot_n=10165 tot_to=0 maxever=51706 >2ms=10165 >5ms=10165 >15ms=5346 >20ms=5111 >30ms=1569 | probes=10166 wrfail=0 down=4s maxout=4s
 251.075  RPT pe: events=266 mean=5.57 mode=6 max=7 | 0:8 1:5 2:3 3:7 4:2 5:3 6:238
 251.133  t=249s RTT mean=29221 min=25708 max=39163 n=31 to=0 | cancels=0(+0/s) seqbad=0 len_bad=0 disc=0(0x00) | tot_n=10196 tot_to=0 maxever=51706 >2ms=10196 >5ms=10196 >15ms=5377 >20ms=5142 >30ms=1579 | probes=10197 wrfail=0 down=4s maxout=4s
 253.121  t=250s RTT mean=30295 min=25705 max=41909 n=30 to=0 | cancels=0(+0/s) seqbad=0 len_bad=0 disc=0(0x00) | tot_n=10226 tot_to=0 maxever=51706 >2ms=10226 >5ms=10226 >15ms=5407 >20ms=5172 >30ms=1591 | probes=10227 wrfail=0 down=4s maxout=4s
 253.121  RPT pe: events=267 mean=5.52 mode=6 max=7 | 0:8 1:2 2:5 3:13 4:4 5:3 6:232
 253.121  t=251s RTT mean=28985 min=25709 max=40708 n=31 to=0 | cancels=0(+0/s) seqbad=0 len_bad=0 disc=0(0x00) | tot_n=10257 tot_to=0 maxever=51706 >2ms=10257 >5ms=10257 >15ms=5438 >20ms=5203 >30ms=1599 | probes=10258 wrfail=0 down=4s maxout=4s
 255.066  t=252s RTT mean=29201 min=25708 max=41911 n=31 to=0 | cancels=0(+0/s) seqbad=0 len_bad=0 disc=0(0x00) | tot_n=10288 tot_to=0 maxever=51706 >2ms=10288 >5ms=10288 >15ms=5469 >20ms=5234 >30ms=1608 | probes=10289 wrfail=0 down=4s maxout=4s
 255.126  RPT pe: events=267 mean=5.46 mode=6 max=7 | 0:11 1:3 2:2 3:8 4:11 5:9 6:223
 255.126  t=253s RTT mean=30430 min=25706 max=48210 n=30 to=0 | cancels=0(+0/s) seqbad=0 len_bad=0 disc=0(0x00) | tot_n=10318 tot_to=0 maxever=51706 >2ms=10318 >5ms=10318 >15ms=5499 >20ms=5264 >30ms=1617 | probes=10319 wrfail=0 down=4s maxout=4s
 257.104  t=254s RTT mean=29433 min=25708 max=43098 n=31 to=0 | cancels=0(+0/s) seqbad=0 len_bad=0 disc=0(0x00) | tot_n=10349 tot_to=0 maxever=51706 >2ms=10349 >5ms=10349 >15ms=5530 >20ms=5295 >30ms=1628 | probes=10350 wrfail=0 down=4s maxout=4s
 257.104  RPT pe: events=266 mean=5.61 mode=6 max=7 | 0:6 1:2 2:3 3:4 4:14 5:4 6:233
 257.104  t=255s RTT mean=28980 min=25708 max=38002 n=31 to=0 | cancels=0(+0/s) seqbad=0 len_bad=0 disc=0(0x00) | tot_n=10380 tot_to=0 maxever=51706 >2ms=10380 >5ms=10380 >15ms=5561 >20ms=5326 >30ms=1637 | probes=10381 wrfail=0 down=4s maxout=4s
 259.123  t=256s RTT mean=30358 min=25708 max=43136 n=30 to=0 | cancels=0(+0/s) seqbad=0 len_bad=0 disc=0(0x00) | tot_n=10410 tot_to=0 maxever=51706 >2ms=10410 >5ms=10410 >15ms=5591 >20ms=5356 >30ms=1648 | probes=10411 wrfail=0 down=4s maxout=4s
 259.123  RPT pe: events=267 mean=5.44 mode=6 max=7 | 0:14 1:5 2:5 3:3 4:3 5:4 6:233
 259.123  t=257s RTT mean=30799 min=25709 max=48209 n=29 to=0 | cancels=0(+0/s) seqbad=0 len_bad=0 disc=0(0x00) | tot_n=10439 tot_to=0 maxever=51706 >2ms=10439 >5ms=10439 >15ms=5620 >20ms=5385 >30ms=1661 | probes=10440 wrfail=0 down=4s maxout=4s
 261.068  t=258s RTT mean=29336 min=25708 max=39516 n=31 to=0 | cancels=0(+0/s) seqbad=0 len_bad=0 disc=0(0x00) | tot_n=10470 tot_to=0 maxever=51706 >2ms=10470 >5ms=10470 >15ms=5651 >20ms=5416 >30ms=1670 | probes=10471 wrfail=0 down=4s maxout=4s
 261.129  RPT pe: events=267 mean=5.61 mode=6 max=7 | 0:7 1:3 2:4 3:4 4:6 5:5 6:238
 261.129  t=259s RTT mean=28516 min=25708 max=35604 n=32 to=0 | cancels=0(+0/s) seqbad=0 len_bad=0 disc=0(0x00) | tot_n=10502 tot_to=0 maxever=51706 >2ms=10502 >5ms=10502 >15ms=5683 >20ms=5448 >30ms=1678 | probes=10503 wrfail=0 down=4s maxout=4s
 263.107  t=260s RTT mean=28816 min=25708 max=35539 n=31 to=0 | cancels=0(+0/s) seqbad=0 len_bad=0 disc=0(0x00) | tot_n=10533 tot_to=0 maxever=51706 >2ms=10533 >5ms=10533 >15ms=5714 >20ms=5479 >30ms=1688 | probes=10534 wrfail=0 down=4s maxout=4s
 263.107  RPT pe: events=266 mean=5.55 mode=6 max=7 | 0:6 1:3 2:7 3:2 4:13 5:8 6:227
 263.107  t=261s RTT mean=29385 min=25709 max=38320 n=31 to=0 | cancels=0(+0/s) seqbad=0 len_bad=0 disc=0(0x00) | tot_n=10564 tot_to=0 maxever=51706 >2ms=10564 >5ms=10564 >15ms=5745 >20ms=5510 >30ms=1698 | probes=10565 wrfail=0 down=4s maxout=4s
 265.110  t=262s RTT mean=29370 min=25708 max=43105 n=31 to=0 | cancels=0(+0/s) seqbad=0 len_bad=0 disc=0(0x00) | tot_n=10595 tot_to=0 maxever=51706 >2ms=10595 >5ms=10595 >15ms=5776 >20ms=5541 >30ms=1708 | probes=10595 wrfail=0 down=4s maxout=4s
 265.110  RPT pe: events=267 mean=5.61 mode=6 max=7 | 0:8 1:3 2:4 3:3 4:5 5:6 6:238
 265.110  t=263s RTT mean=29857 min=25708 max=41656 n=30 to=0 | cancels=0(+0/s) seqbad=0 len_bad=0 disc=0(0x00) | tot_n=10625 tot_to=0 maxever=51706 >2ms=10625 >5ms=10625 >15ms=5806 >20ms=5571 >30ms=1718 | probes=10626 wrfail=0 down=4s maxout=4s
 267.115  t=264s RTT mean=29326 min=25708 max=39512 n=30 to=0 | cancels=0(+0/s) seqbad=0 len_bad=0 disc=0(0x00) | tot_n=10655 tot_to=0 maxever=51706 >2ms=10655 >5ms=10655 >15ms=5836 >20ms=5601 >30ms=1726 | probes=10656 wrfail=0 down=4s maxout=4s
 267.115  RPT pe: events=267 mean=5.66 mode=6 max=7 | 0:7 1:3 2:2 3:4 4:2 5:9 6:240
 267.115  t=265s RTT mean=28292 min=25705 max=43006 n=33 to=0 | cancels=0(+0/s) seqbad=0 len_bad=0 disc=0(0x00) | tot_n=10688 tot_to=0 maxever=51706 >2ms=10688 >5ms=10688 >15ms=5869 >20ms=5634 >30ms=1730 | probes=10688 wrfail=0 down=4s maxout=4s
 269.088  t=266s RTT mean=28013 min=25705 max=33239 n=32 to=0 | cancels=0(+0/s) seqbad=0 len_bad=0 disc=0(0x00) | tot_n=10720 tot_to=0 maxever=51706 >2ms=10720 >5ms=10720 >15ms=5901 >20ms=5666 >30ms=1736 | probes=10721 wrfail=0 down=4s maxout=4s
 269.088  RPT pe: events=267 mean=5.72 mode=6 max=7 | 0:3 1:2 2:6 3:2 4:7 5:2 6:245
 269.146  t=267s RTT mean=28774 min=23013 max=39169 n=31 to=0 | cancels=0(+0/s) seqbad=0 len_bad=0 disc=0(0x00) | tot_n=10751 tot_to=0 maxever=51706 >2ms=10751 >5ms=10751 >15ms=5932 >20ms=5697 >30ms=1743 | probes=10752 wrfail=0 down=4s maxout=4s
 271.105  t=268s RTT mean=28569 min=18287 max=37998 n=31 to=0 | cancels=0(+0/s) seqbad=0 len_bad=0 disc=0(0x00) | tot_n=10782 tot_to=0 maxever=51706 >2ms=10782 >5ms=10782 >15ms=5963 >20ms=5727 >30ms=1753 | probes=10783 wrfail=0 down=4s maxout=4s
 271.105  RPT pe: events=266 mean=5.57 mode=6 max=7 | 0:10 1:2 2:4 3:4 4:5 5:5 6:236
 271.105  t=269s RTT mean=30386 min=25709 max=45498 n=30 to=0 | cancels=0(+0/s) seqbad=0 len_bad=0 disc=0(0x00) | tot_n=10812 tot_to=0 maxever=51706 >2ms=10812 >5ms=10812 >15ms=5993 >20ms=5757 >30ms=1766 | probes=10813 wrfail=0 down=4s maxout=4s
 273.073  t=270s RTT mean=29818 min=25708 max=41910 n=31 to=0 | cancels=0(+0/s) seqbad=0 len_bad=0 disc=0(0x00) | tot_n=10843 tot_to=0 maxever=51706 >2ms=10843 >5ms=10843 >15ms=6024 >20ms=5788 >30ms=1776 | probes=10844 wrfail=0 down=4s maxout=4s
 273.132  RPT pe: events=267 mean=5.53 mode=6 max=7 | 0:13 1:3 2:5 3:1 4:2 5:3 6:240
 273.132  t=271s RTT mean=29587 min=25708 max=43108 n=30 to=0 | cancels=0(+0/s) seqbad=0 len_bad=0 disc=0(0x00) | tot_n=10873 tot_to=0 maxever=51706 >2ms=10873 >5ms=10873 >15ms=6054 >20ms=5818 >30ms=1784 | probes=10874 wrfail=0 down=4s maxout=4s
 275.100  t=272s RTT mean=28125 min=25708 max=40477 n=32 to=0 | cancels=0(+0/s) seqbad=0 len_bad=0 disc=0(0x00) | tot_n=10905 tot_to=0 maxever=51706 >2ms=10905 >5ms=10905 >15ms=6086 >20ms=5850 >30ms=1789 | probes=10906 wrfail=0 down=4s maxout=4s
 275.100  RPT pe: events=267 mean=5.79 mode=6 max=7 | 0:4 1:3 2:1 3:2 4:2 5:1 6:254
 275.100  t=273s RTT mean=28012 min=25706 max=36706 n=32 to=0 | cancels=0(+0/s) seqbad=0 len_bad=0 disc=0(0x00) | tot_n=10937 tot_to=0 maxever=51706 >2ms=10937 >5ms=10937 >15ms=6118 >20ms=5882 >30ms=1795 | probes=10938 wrfail=0 down=4s maxout=4s
 277.069  t=274s RTT mean=29754 min=25706 max=40711 n=31 to=0 | cancels=0(+0/s) seqbad=0 len_bad=0 disc=0(0x00) | tot_n=10968 tot_to=0 maxever=51706 >2ms=10968 >5ms=10968 >15ms=6149 >20ms=5913 >30ms=1805 | probes=10969 wrfail=0 down=4s maxout=4s
 277.129  RPT pe: events=267 mean=5.59 mode=6 max=7 | 0:11 1:3 2:2 3:2 4:4 5:6 6:239
 277.129  t=275s RTT mean=28553 min=25708 max=41813 n=31 to=0 | cancels=0(+0/s) seqbad=0 len_bad=0 disc=0(0x00) | tot_n=10999 tot_to=0 maxever=51706 >2ms=10999 >5ms=10999 >15ms=6180 >20ms=5944 >30ms=1811 | probes=11000 wrfail=0 down=4s maxout=4s
 279.098  t=276s RTT mean=28264 min=25708 max=34430 n=32 to=0 | cancels=0(+0/s) seqbad=0 len_bad=0 disc=0(0x00) | tot_n=11031 tot_to=0 maxever=51706 >2ms=11031 >5ms=11031 >15ms=6212 >20ms=5976 >30ms=1817 | probes=11032 wrfail=0 down=4s maxout=4s
 279.098  RPT pe: events=266 mean=5.75 mode=6 max=7 | 0:4 1:3 2:3 3:3 4:1 5:3 6:249
 279.158  t=277s RTT mean=28518 min=18222 max=34411 n=32 to=0 | cancels=0(+0/s) seqbad=0 len_bad=0 disc=0(0x00) | tot_n=11063 tot_to=0 maxever=51706 >2ms=11063 >5ms=11063 >15ms=6244 >20ms=6007 >30ms=1826 | probes=11064 wrfail=0 down=4s maxout=4s
 281.085  t=278s RTT mean=29457 min=25709 max=40714 n=31 to=0 | cancels=0(+0/s) seqbad=0 len_bad=0 disc=0(0x00) | tot_n=11094 tot_to=0 maxever=51706 >2ms=11094 >5ms=11094 >15ms=6275 >20ms=6038 >30ms=1834 | probes=11094 wrfail=0 down=4s maxout=4s
 281.085  RPT pe: events=267 mean=5.61 mode=6 max=7 | 0:9 1:3 2:3 3:2 4:5 5:5 6:240
 281.136  t=279s RTT mean=28866 min=25708 max=34410 n=31 to=0 | cancels=0(+0/s) seqbad=0 len_bad=0 disc=0(0x00) | tot_n=11125 tot_to=0 maxever=51706 >2ms=11125 >5ms=11125 >15ms=6306 >20ms=6069 >30ms=1843 | probes=11126 wrfail=0 down=4s maxout=4s
 283.085  t=280s RTT mean=29665 min=25707 max=39164 n=30 to=0 | cancels=0(+0/s) seqbad=0 len_bad=0 disc=0(0x00) | tot_n=11155 tot_to=0 maxever=51706 >2ms=11155 >5ms=11155 >15ms=6336 >20ms=6099 >30ms=1853 | probes=11156 wrfail=0 down=4s maxout=4s
 283.086  RPT pe: events=266 mean=5.56 mode=6 max=7 | 0:10 1:1 2:6 3:5 4:4 5:4 6:236
 283.138  t=281s RTT mean=29735 min=25706 max=34410 n=31 to=0 | cancels=0(+0/s) seqbad=0 len_bad=0 disc=0(0x00) | tot_n=11186 tot_to=0 maxever=51706 >2ms=11186 >5ms=11186 >15ms=6367 >20ms=6130 >30ms=1865 | probes=11187 wrfail=0 down=4s maxout=4s
 285.098  t=282s RTT mean=28590 min=25706 max=36798 n=31 to=0 | cancels=0(+0/s) seqbad=0 len_bad=0 disc=0(0x00) | tot_n=11217 tot_to=0 maxever=51706 >2ms=11217 >5ms=11217 >15ms=6398 >20ms=6161 >30ms=1873 | probes=11218 wrfail=0 down=4s maxout=4s
 285.098  RPT pe: events=267 mean=5.64 mode=6 max=7 | 0:7 1:3 2:5 3:3 4:2 5:5 6:242
 285.159  t=283s RTT mean=29677 min=25708 max=42166 n=31 to=0 | cancels=0(+0/s) seqbad=0 len_bad=0 disc=0(0x00) | tot_n=11248 tot_to=0 maxever=51706 >2ms=11248 >5ms=11248 >15ms=6429 >20ms=6192 >30ms=1882 | probes=11249 wrfail=0 down=4s maxout=4s
 287.140  t=284s RTT mean=28130 min=25706 max=34338 n=31 to=0 | cancels=0(+0/s) seqbad=0 len_bad=0 disc=0(0x00) | tot_n=11279 tot_to=0 maxever=51706 >2ms=11279 >5ms=11279 >15ms=6460 >20ms=6223 >30ms=1887 | probes=11280 wrfail=0 down=4s maxout=4s
 287.140  RPT pe: events=267 mean=5.76 mode=6 max=7 | 0:5 2:2 3:4 4:2 5:8 6:246
 287.140  t=285s RTT mean=28738 min=25708 max=44304 n=32 to=0 | cancels=0(+0/s) seqbad=0 len_bad=0 disc=0(0x00) | tot_n=11311 tot_to=0 maxever=51706 >2ms=11311 >5ms=11311 >15ms=6492 >20ms=6255 >30ms=1893 | probes=11312 wrfail=0 down=4s maxout=4s
 289.104  t=286s RTT mean=31560 min=25704 max=64338 n=29 to=0 | cancels=0(+0/s) seqbad=0 len_bad=0 disc=0(0x00) | tot_n=11340 tot_to=0 maxever=64338 >2ms=11340 >5ms=11340 >15ms=6521 >20ms=6284 >30ms=1905 | probes=11341 wrfail=0 down=4s maxout=4s
 289.104  RPT pe: events=266 mean=5.42 mode=6 max=7 | 0:17 2:3 3:2 4:13 5:7 6:224
 289.162  t=287s RTT mean=28736 min=25708 max=34408 n=31 to=0 | cancels=0(+0/s) seqbad=0 len_bad=0 disc=0(0x00) | tot_n=11371 tot_to=0 maxever=64338 >2ms=11371 >5ms=11371 >15ms=6552 >20ms=6315 >30ms=1913 | probes=11372 wrfail=0 down=4s maxout=4s
 291.114  t=288s RTT mean=29050 min=25708 max=41905 n=31 to=0 | cancels=0(+0/s) seqbad=0 len_bad=0 disc=0(0x00) | tot_n=11402 tot_to=0 maxever=64338 >2ms=11402 >5ms=11402 >15ms=6583 >20ms=6346 >30ms=1920 | probes=11403 wrfail=0 down=4s maxout=4s
 291.115  RPT pe: events=267 mean=5.64 mode=6 max=7 | 0:5 1:2 2:6 4:10 5:10 6:234
 291.170  t=289s RTT mean=28145 min=20619 max=34665 n=32 to=0 | cancels=0(+0/s) seqbad=0 len_bad=0 disc=0(0x00) | tot_n=11434 tot_to=0 maxever=64338 >2ms=11434 >5ms=11434 >15ms=6615 >20ms=6378 >30ms=1927 | probes=11435 wrfail=0 down=4s maxout=4s
 293.078  t=290s RTT mean=29306 min=25708 max=44305 n=31 to=0 | cancels=0(+0/s) seqbad=0 len_bad=0 disc=0(0x00) | tot_n=11465 tot_to=0 maxever=64338 >2ms=11465 >5ms=11465 >15ms=6646 >20ms=6409 >30ms=1937 | probes=11466 wrfail=0 down=4s maxout=4s
 293.078  RPT pe: events=267 mean=5.58 mode=6 max=7 | 0:9 1:4 2:2 3:4 4:2 5:15 6:230 7:1
 293.135  t=291s RTT mean=29086 min=25709 max=35603 n=31 to=0 | cancels=0(+0/s) seqbad=0 len_bad=0 disc=0(0x00) | tot_n=11496 tot_to=0 maxever=64338 >2ms=11496 >5ms=11496 >15ms=6677 >20ms=6440 >30ms=1946 | probes=11497 wrfail=0 down=4s maxout=4s
 295.117  t=292s RTT mean=29947 min=25706 max=38061 n=31 to=0 | cancels=0(+0/s) seqbad=0 len_bad=0 disc=0(0x00) | tot_n=11527 tot_to=0 maxever=64338 >2ms=11527 >5ms=11527 >15ms=6708 >20ms=6471 >30ms=1959 | probes=11527 wrfail=0 down=4s maxout=4s
 295.117  RPT pe: events=267 mean=5.52 mode=6 max=7 | 0:9 1:4 2:4 3:6 4:4 5:11 6:229
 295.117  t=293s RTT mean=29850 min=25708 max=46665 n=30 to=0 | cancels=0(+0/s) seqbad=0 len_bad=0 disc=0(0x00) | tot_n=11557 tot_to=0 maxever=64338 >2ms=11557 >5ms=11557 >15ms=6738 >20ms=6501 >30ms=1967 | probes=11558 wrfail=0 down=4s maxout=4s
 297.086  t=294s RTT mean=27106 min=13024 max=35509 n=33 to=0 | cancels=0(+0/s) seqbad=0 len_bad=0 disc=0(0x00) | tot_n=11590 tot_to=0 maxever=64338 >2ms=11590 >5ms=11590 >15ms=6770 >20ms=6533 >30ms=1970 | probes=11591 wrfail=0 down=4s maxout=4s
 297.086  RPT pe: events=266 mean=5.69 mode=6 max=7 | 0:7 1:2 2:3 3:3 4:2 5:4 6:245
 297.144  t=295s RTT mean=28705 min=10787 max=41813 n=31 to=0 | cancels=0(+0/s) seqbad=0 len_bad=0 disc=0(0x00) | tot_n=11621 tot_to=0 maxever=64338 >2ms=11621 >5ms=11621 >15ms=6800 >20ms=6563 >30ms=1977 | probes=11622 wrfail=0 down=4s maxout=4s
 299.099  t=296s RTT mean=28803 min=25708 max=41655 n=32 to=0 | cancels=0(+0/s) seqbad=0 len_bad=0 disc=0(0x00) | tot_n=11653 tot_to=0 maxever=64338 >2ms=11653 >5ms=11653 >15ms=6832 >20ms=6595 >30ms=1985 | probes=11653 wrfail=0 down=4s maxout=4s
 299.099  RPT pe: events=267 mean=5.62 mode=6 max=7 | 0:9 1:4 2:3 3:1 4:3 5:6 6:241
 299.160  t=297s RTT mean=28523 min=24180 max=37055 n=31 to=0 | cancels=0(+0/s) seqbad=0 len_bad=0 disc=0(0x00) | tot_n=11684 tot_to=0 maxever=64338 >2ms=11684 >5ms=11684 >15ms=6863 >20ms=6626 >30ms=1992 | probes=11685 wrfail=0 down=4s maxout=4s
 301.104  t=298s RTT mean=30078 min=25710 max=41812 n=30 to=0 | cancels=0(+0/s) seqbad=0 len_bad=0 disc=0(0x00) | tot_n=11714 tot_to=0 maxever=64338 >2ms=11714 >5ms=11714 >15ms=6893 >20ms=6656 >30ms=2004 | probes=11715 wrfail=0 down=4s maxout=4s
 301.104  RPT pe: events=267 mean=5.51 mode=6 max=7 | 0:12 1:4 2:4 3:4 4:3 5:3 6:237
 301.105  t=299s RTT mean=29583 min=25701 max=40616 n=31 to=0 | cancels=0(+0/s) seqbad=0 len_bad=0 disc=0(0x00) | tot_n=11745 tot_to=0 maxever=64338 >2ms=11745 >5ms=11745 >15ms=6924 >20ms=6687 >30ms=2013 | probes=11746 wrfail=0 down=4s maxout=4s
 303.081  t=300s RTT mean=29837 min=25708 max=43104 n=30 to=0 | cancels=0(+0/s) seqbad=0 len_bad=0 disc=0(0x00) | tot_n=11775 tot_to=0 maxever=64338 >2ms=11775 >5ms=11775 >15ms=6954 >20ms=6717 >30ms=2023 | probes=11776 wrfail=0 down=4s maxout=4s
 303.081  RPT pe: events=266 mean=5.62 mode=6 max=7 | 0:9 1:2 2:3 3:5 4:2 5:4 6:241
 303.141  t=301s RTT mean=29283 min=25708 max=41900 n=31 to=0 | cancels=0(+0/s) seqbad=0 len_bad=0 disc=0(0x00) | tot_n=11806 tot_to=0 maxever=64338 >2ms=11806 >5ms=11806 >15ms=6985 >20ms=6748 >30ms=2030 | probes=11807 wrfail=0 down=4s maxout=4s
 305.097  t=302s RTT mean=29699 min=25706 max=41907 n=30 to=0 | cancels=0(+0/s) seqbad=0 len_bad=0 disc=0(0x00) | tot_n=11836 tot_to=0 maxever=64338 >2ms=11836 >5ms=11836 >15ms=7015 >20ms=6778 >30ms=2040 | probes=11837 wrfail=0 down=4s maxout=4s
 305.097  RPT pe: events=267 mean=5.47 mode=6 max=7 | 0:13 1:5 2:5 3:4 4:2 5:3 6:234 7:1
 305.156  t=303s RTT mean=31053 min=25708 max=41910 n=30 to=0 | cancels=0(+0/s) seqbad=0 len_bad=0 disc=0(0x00) | tot_n=11866 tot_to=0 maxever=64338 >2ms=11866 >5ms=11866 >15ms=7045 >20ms=6808 >30ms=2054 | probes=11867 wrfail=0 down=4s maxout=4s
 307.105  t=304s RTT mean=28831 min=25707 max=41928 n=31 to=0 | cancels=0(+0/s) seqbad=0 len_bad=0 disc=0(0x00) | tot_n=11897 tot_to=0 maxever=64338 >2ms=11897 >5ms=11897 >15ms=7076 >20ms=6839 >30ms=2061 | probes=11898 wrfail=0 down=4s maxout=4s
 307.105  PCTL target=170 tot=1857 to=0 p50=27 p90=34 p99=41 p99.9=48 max=64 g30=528 g100=0 (ms/counts)
 307.105  LOADRAMP: target=180 KBps for 60s
 307.105  RPT pe: events=267 mean=5.62 mode=6 max=7 | 0:8 1:6 2:2 3:2 4:2 5:3 6:244
 307.164  t=305s RTT mean=29898 min=25706 max=43106 n=30 to=0 | cancels=0(+0/s) seqbad=0 len_bad=0 disc=0(0x00) | tot_n=11927 tot_to=0 maxever=64338 >2ms=11927 >5ms=11927 >15ms=7106 >20ms=6869 >30ms=2070 | probes=11928 wrfail=0 down=4s maxout=4s
 309.087  t=306s RTT mean=29197 min=25706 max=39164 n=31 to=0 | cancels=0(+0/s) seqbad=0 len_bad=0 disc=0(0x00) | tot_n=11958 tot_to=0 maxever=64338 >2ms=11958 >5ms=11958 >15ms=7137 >20ms=6900 >30ms=2081 | probes=11959 wrfail=0 down=4s maxout=4s
 309.088  RPT pe: events=266 mean=5.62 mode=6 max=7 | 0:8 1:2 2:5 3:4 4:3 5:3 6:241
 309.148  t=307s RTT mean=29367 min=25708 max=41813 n=31 to=0 | cancels=0(+0/s) seqbad=0 len_bad=0 disc=0(0x00) | tot_n=11989 tot_to=0 maxever=64338 >2ms=11989 >5ms=11989 >15ms=7168 >20ms=6931 >30ms=2089 | probes=11990 wrfail=0 down=4s maxout=4s
 311.121  t=308s RTT mean=30092 min=25713 max=41910 n=30 to=0 | cancels=0(+0/s) seqbad=0 len_bad=0 disc=0(0x00) | tot_n=12019 tot_to=0 maxever=64338 >2ms=12019 >5ms=12019 >15ms=7198 >20ms=6961 >30ms=2101 | probes=12020 wrfail=0 down=4s maxout=4s
 311.122  RPT pe: events=267 mean=5.58 mode=6 max=7 | 0:8 1:6 2:4 3:2 4:5 5:2 6:240
 311.122  t=309s RTT mean=29090 min=25706 max=36805 n=31 to=0 | cancels=0(+0/s) seqbad=0 len_bad=0 disc=0(0x00) | tot_n=12050 tot_to=0 maxever=64338 >2ms=12050 >5ms=12050 >15ms=7229 >20ms=6992 >30ms=2110 | probes=12051 wrfail=0 down=4s maxout=4s
 313.099  t=310s RTT mean=29296 min=25708 max=36704 n=31 to=0 | cancels=0(+0/s) seqbad=0 len_bad=0 disc=0(0x00) | tot_n=12081 tot_to=0 maxever=64338 >2ms=12081 >5ms=12081 >15ms=7260 >20ms=7023 >30ms=2121 | probes=12082 wrfail=0 down=4s maxout=4s
 313.099  RPT pe: events=267 mean=5.55 mode=6 max=7 | 0:11 1:5 2:2 3:2 4:5 5:4 6:238
 313.151  t=311s RTT mean=30304 min=25714 max=39199 n=30 to=0 | cancels=0(+0/s) seqbad=0 len_bad=0 disc=0(0x00) | tot_n=12111 tot_to=0 maxever=64338 >2ms=12111 >5ms=12111 >15ms=7290 >20ms=7053 >30ms=2132 | probes=12112 wrfail=0 down=4s maxout=4s
 315.102  t=312s RTT mean=28154 min=25708 max=35600 n=32 to=0 | cancels=0(+0/s) seqbad=0 len_bad=0 disc=0(0x00) | tot_n=12143 tot_to=0 maxever=64338 >2ms=12143 >5ms=12143 >15ms=7322 >20ms=7085 >30ms=2137 | probes=12144 wrfail=0 down=4s maxout=4s
 315.102  RPT pe: events=267 mean=5.71 mode=6 max=7 | 0:5 1:2 2:4 3:5 4:1 5:2 6:248
 315.162  t=313s RTT mean=29809 min=25709 max=40710 n=30 to=0 | cancels=0(+0/s) seqbad=0 len_bad=0 disc=0(0x00) | tot_n=12173 tot_to=0 maxever=64338 >2ms=12173 >5ms=12173 >15ms=7352 >20ms=7115 >30ms=2148 | probes=12174 wrfail=0 down=4s maxout=4s
 317.084  t=314s RTT mean=28511 min=25706 max=35511 n=32 to=0 | cancels=0(+0/s) seqbad=0 len_bad=0 disc=0(0x00) | tot_n=12205 tot_to=0 maxever=64338 >2ms=12205 >5ms=12205 >15ms=7384 >20ms=7147 >30ms=2156 | probes=12206 wrfail=0 down=4s maxout=4s
 317.084  RPT pe: events=266 mean=5.50 mode=6 max=7 | 0:12 1:4 2:3 3:6 4:4 5:3 6:234
 317.135  t=315s RTT mean=30982 min=25708 max=46697 n=29 to=0 | cancels=0(+0/s) seqbad=0 len_bad=0 disc=0(0x00) | tot_n=12234 tot_to=0 maxever=64338 >2ms=12234 >5ms=12234 >15ms=7413 >20ms=7176 >30ms=2167 | probes=12235 wrfail=0 down=4s maxout=4s
 319.101  t=316s RTT mean=28588 min=25709 max=38315 n=32 to=0 | cancels=0(+0/s) seqbad=0 len_bad=0 disc=0(0x00) | tot_n=12266 tot_to=0 maxever=64338 >2ms=12266 >5ms=12266 >15ms=7445 >20ms=7208 >30ms=2174 | probes=12267 wrfail=0 down=4s maxout=4s
 319.102  RPT pe: events=267 mean=5.64 mode=6 max=7 | 0:9 1:2 2:3 3:2 4:4 5:5 6:242
 319.160  t=317s RTT mean=29293 min=25700 max=35510 n=31 to=0 | cancels=0(+0/s) seqbad=0 len_bad=0 disc=0(0x00) | tot_n=12297 tot_to=0 maxever=64338 >2ms=12297 >5ms=12297 >15ms=7476 >20ms=7239 >30ms=2186 | probes=12298 wrfail=0 down=4s maxout=4s
 321.127  t=318s RTT mean=28621 min=25708 max=37057 n=31 to=0 | cancels=0(+0/s) seqbad=0 len_bad=0 disc=0(0x00) | tot_n=12328 tot_to=0 maxever=64338 >2ms=12328 >5ms=12328 >15ms=7507 >20ms=7270 >30ms=2194 | probes=12329 wrfail=0 down=4s maxout=4s
 321.127  RPT pe: events=267 mean=5.76 mode=6 max=7 | 0:2 1:2 2:3 3:6 4:3 5:6 6:244 7:1
 321.127  t=319s RTT mean=28481 min=25705 max=40711 n=32 to=0 | cancels=0(+0/s) seqbad=0 len_bad=0 disc=0(0x00) | tot_n=12360 tot_to=0 maxever=64338 >2ms=12360 >5ms=12360 >15ms=7539 >20ms=7302 >30ms=2200 | probes=12361 wrfail=0 down=4s maxout=4s
 323.097  t=320s RTT mean=28837 min=25708 max=40615 n=31 to=0 | cancels=0(+0/s) seqbad=0 len_bad=0 disc=0(0x00) | tot_n=12391 tot_to=0 maxever=64338 >2ms=12391 >5ms=12391 >15ms=7570 >20ms=7333 >30ms=2207 | probes=12392 wrfail=0 down=4s maxout=4s
 323.151  RPT pe: events=266 mean=5.66 mode=6 max=7 | 0:7 2:3 3:7 4:3 5:8 6:238
 323.152  t=321s RTT mean=28467 min=25708 max=40454 n=32 to=0 | cancels=0(+0/s) seqbad=0 len_bad=0 disc=0(0x00) | tot_n=12423 tot_to=0 maxever=64338 >2ms=12423 >5ms=12423 >15ms=7602 >20ms=7365 >30ms=2212 | probes=12424 wrfail=0 down=4s maxout=4s
 325.127  t=322s RTT mean=29532 min=25708 max=41812 n=30 to=0 | cancels=0(+0/s) seqbad=0 len_bad=0 disc=0(0x00) | tot_n=12453 tot_to=0 maxever=64338 >2ms=12453 >5ms=12453 >15ms=7632 >20ms=7395 >30ms=2220 | probes=12454 wrfail=0 down=4s maxout=4s
 325.127  RPT pe: events=267 mean=5.54 mode=6 max=7 | 0:11 1:1 2:5 3:2 4:2 5:20 6:226
 325.127  t=323s RTT mean=29190 min=25709 max=41813 n=31 to=0 | cancels=0(+0/s) seqbad=0 len_bad=0 disc=0(0x00) | tot_n=12484 tot_to=0 maxever=64338 >2ms=12484 >5ms=12484 >15ms=7663 >20ms=7426 >30ms=2227 | probes=12485 wrfail=0 down=4s maxout=4s
 327.119  t=324s RTT mean=28942 min=25708 max=35599 n=32 to=0 | cancels=0(+0/s) seqbad=0 len_bad=0 disc=0(0x00) | tot_n=12516 tot_to=0 maxever=64338 >2ms=12516 >5ms=12516 >15ms=7695 >20ms=7458 >30ms=2238 | probes=12516 wrfail=0 down=4s maxout=4s
 327.119  RPT pe: events=267 mean=5.56 mode=6 max=7 | 0:10 1:1 2:6 3:4 4:5 5:6 6:235
 327.119  t=325s RTT mean=30003 min=25708 max=42165 n=30 to=0 | cancels=0(+0/s) seqbad=0 len_bad=0 disc=0(0x00) | tot_n=12546 tot_to=0 maxever=64338 >2ms=12546 >5ms=12546 >15ms=7725 >20ms=7488 >30ms=2247 | probes=12547 wrfail=0 down=4s maxout=4s
 329.146  t=326s RTT mean=28792 min=25708 max=35509 n=31 to=0 | cancels=0(+0/s) seqbad=0 len_bad=0 disc=0(0x00) | tot_n=12577 tot_to=0 maxever=64338 >2ms=12577 >5ms=12577 >15ms=7756 >20ms=7519 >30ms=2255 | probes=12578 wrfail=0 down=4s maxout=4s
 329.146  RPT pe: events=266 mean=5.69 mode=6 max=7 | 0:7 1:3 2:1 3:3 4:5 6:247
 329.146  t=327s RTT mean=29165 min=25709 max=38256 n=31 to=0 | cancels=0(+0/s) seqbad=0 len_bad=0 disc=0(0x00) | tot_n=12608 tot_to=0 maxever=64338 >2ms=12608 >5ms=12608 >15ms=7787 >20ms=7550 >30ms=2264 | probes=12609 wrfail=0 down=4s maxout=4s
 331.104  t=328s RTT mean=29472 min=25713 max=43106 n=31 to=0 | cancels=0(+0/s) seqbad=0 len_bad=0 disc=0(0x00) | tot_n=12639 tot_to=0 maxever=64338 >2ms=12639 >5ms=12639 >15ms=7818 >20ms=7581 >30ms=2272 | probes=12640 wrfail=0 down=4s maxout=4s
 331.164  RPT pe: events=267 mean=5.59 mode=6 max=7 | 0:10 1:5 2:4 3:1 5:4 6:243
 331.164  t=329s RTT mean=28561 min=25708 max=34407 n=31 to=0 | cancels=0(+0/s) seqbad=0 len_bad=0 disc=0(0x00) | tot_n=12670 tot_to=0 maxever=64338 >2ms=12670 >5ms=12670 >15ms=7849 >20ms=7612 >30ms=2281 | probes=12671 wrfail=0 down=4s maxout=4s
 333.086  t=330s RTT mean=28261 min=25708 max=41814 n=32 to=0 | cancels=0(+0/s) seqbad=0 len_bad=0 disc=0(0x00) | tot_n=12702 tot_to=0 maxever=64338 >2ms=12702 >5ms=12702 >15ms=7881 >20ms=7644 >30ms=2286 | probes=12703 wrfail=0 down=4s maxout=4s
 333.086  RPT pe: events=267 mean=5.70 mode=6 max=7 | 0:8 1:2 2:3 3:1 4:1 5:3 6:249
 333.143  t=331s RTT mean=29027 min=25712 max=34323 n=31 to=0 | cancels=0(+0/s) seqbad=0 len_bad=0 disc=0(0x00) | tot_n=12733 tot_to=0 maxever=64338 >2ms=12733 >5ms=12733 >15ms=7912 >20ms=7675 >30ms=2295 | probes=12734 wrfail=0 down=4s maxout=4s
 335.092  t=332s RTT mean=29470 min=26811 max=36865 n=31 to=0 | cancels=0(+0/s) seqbad=0 len_bad=0 disc=0(0x00) | tot_n=12764 tot_to=0 maxever=64338 >2ms=12764 >5ms=12764 >15ms=7943 >20ms=7706 >30ms=2305 | probes=12765 wrfail=0 down=4s maxout=4s
 335.092  RPT pe: events=267 mean=5.62 mode=6 max=7 | 0:7 1:4 2:3 3:6 4:2 5:5 6:240
 335.152  t=333s RTT mean=28982 min=25709 max=37982 n=31 to=0 | cancels=0(+0/s) seqbad=0 len_bad=0 disc=0(0x00) | tot_n=12795 tot_to=0 maxever=64338 >2ms=12795 >5ms=12795 >15ms=7974 >20ms=7737 >30ms=2314 | probes=12796 wrfail=0 down=4s maxout=4s
 337.095  t=334s RTT mean=31187 min=25710 max=45561 n=29 to=0 | cancels=0(+0/s) seqbad=0 len_bad=0 disc=0(0x00) | tot_n=12824 tot_to=0 maxever=64338 >2ms=12824 >5ms=12824 >15ms=8003 >20ms=7766 >30ms=2326 | probes=12825 wrfail=0 down=4s maxout=4s
 337.095  RPT pe: events=266 mean=5.14 mode=6 max=7 | 0:20 1:11 2:7 3:3 4:5 5:6 6:213 7:1
 337.149  t=335s RTT mean=33090 min=26655 max=49410 n=28 to=0 | cancels=0(+0/s) seqbad=0 len_bad=0 disc=0(0x00) | tot_n=12852 tot_to=0 maxever=64338 >2ms=12852 >5ms=12852 >15ms=8031 >20ms=7794 >30ms=2339 | probes=12853 wrfail=0 down=4s maxout=4s
 339.107  t=336s RTT mean=33419 min=25709 max=49314 n=27 to=0 | cancels=0(+0/s) seqbad=0 len_bad=0 disc=0(0x00) | tot_n=12879 tot_to=0 maxever=64338 >2ms=12879 >5ms=12879 >15ms=8058 >20ms=7821 >30ms=2353 | probes=12880 wrfail=0 down=4s maxout=4s
 339.167  RPT pe: events=267 mean=5.11 mode=6 max=7 | 0:30 1:7 2:2 3:2 4:4 6:222
 339.167  t=337s RTT mean=31575 min=25709 max=43103 n=29 to=0 | cancels=0(+0/s) seqbad=0 len_bad=0 disc=0(0x00) | tot_n=12908 tot_to=0 maxever=64338 >2ms=12908 >5ms=12908 >15ms=8087 >20ms=7850 >30ms=2366 | probes=12909 wrfail=0 down=4s maxout=4s
 341.127  t=338s RTT mean=29297 min=25709 max=41809 n=31 to=0 | cancels=0(+0/s) seqbad=0 len_bad=0 disc=0(0x00) | tot_n=12939 tot_to=0 maxever=64338 >2ms=12939 >5ms=12939 >15ms=8118 >20ms=7881 >30ms=2375 | probes=12940 wrfail=0 down=4s maxout=4s
 341.127  RPT pe: events=267 mean=5.57 mode=6 max=7 | 0:9 1:3 2:5 3:6 4:1 5:5 6:238
 341.127  t=339s RTT mean=30212 min=25714 max=40454 n=30 to=0 | cancels=0(+0/s) seqbad=0 len_bad=0 disc=0(0x00) | tot_n=12969 tot_to=0 maxever=64338 >2ms=12969 >5ms=12969 >15ms=8148 >20ms=7911 >30ms=2387 | probes=12970 wrfail=0 down=4s maxout=4s
 343.127  t=340s RTT mean=29541 min=25706 max=44301 n=30 to=0 | cancels=0(+0/s) seqbad=0 len_bad=0 disc=0(0x00) | tot_n=12999 tot_to=0 maxever=64338 >2ms=12999 >5ms=12999 >15ms=8178 >20ms=7941 >30ms=2395 | probes=13000 wrfail=0 down=4s maxout=4s
 343.127  RPT pe: events=266 mean=5.59 mode=6 max=7 | 0:10 1:3 2:4 4:7 5:2 6:240
 343.183  t=341s RTT mean=29056 min=25709 max=39419 n=32 to=0 | cancels=0(+0/s) seqbad=0 len_bad=0 disc=0(0x00) | tot_n=13031 tot_to=0 maxever=64338 >2ms=13031 >5ms=13031 >15ms=8210 >20ms=7973 >30ms=2402 | probes=13031 wrfail=0 down=4s maxout=4s
 345.120  t=342s RTT mean=29840 min=25718 max=46665 n=30 to=0 | cancels=0(+0/s) seqbad=0 len_bad=0 disc=0(0x00) | tot_n=13061 tot_to=0 maxever=64338 >2ms=13061 >5ms=13061 >15ms=8240 >20ms=8003 >30ms=2410 | probes=13062 wrfail=0 down=4s maxout=4s
 345.120  RPT pe: events=267 mean=5.52 mode=6 max=7 | 0:9 1:3 2:9 3:3 4:4 5:6 6:233
 345.120  t=343s RTT mean=30015 min=25708 max=45824 n=30 to=0 | cancels=0(+0/s) seqbad=0 len_bad=0 disc=0(0x00) | tot_n=13091 tot_to=0 maxever=64338 >2ms=13091 >5ms=13091 >15ms=8270 >20ms=8033 >30ms=2419 | probes=13092 wrfail=0 down=4s maxout=4s
 347.086  t=344s RTT mean=29411 min=25708 max=49178 n=31 to=0 | cancels=0(+0/s) seqbad=0 len_bad=0 disc=0(0x00) | tot_n=13122 tot_to=0 maxever=64338 >2ms=13122 >5ms=13122 >15ms=8301 >20ms=8064 >30ms=2426 | probes=13123 wrfail=0 down=4s maxout=4s
 347.086  RPT pe: events=267 mean=5.48 mode=6 max=7 | 0:9 1:7 2:9 3:1 4:3 5:3 6:235
 347.144  t=345s RTT mean=30693 min=25706 max=35604 n=29 to=0 | cancels=0(+0/s) seqbad=0 len_bad=0 disc=0(0x00) | tot_n=13151 tot_to=0 maxever=64338 >2ms=13151 >5ms=13151 >15ms=8330 >20ms=8093 >30ms=2441 | probes=13152 wrfail=0 down=4s maxout=4s
 349.078  t=346s RTT mean=29607 min=25708 max=36800 n=31 to=0 | cancels=0(+0/s) seqbad=0 len_bad=0 disc=0(0x00) | tot_n=13182 tot_to=0 maxever=64338 >2ms=13182 >5ms=13182 >15ms=8361 >20ms=8124 >30ms=2453 | probes=13183 wrfail=0 down=4s maxout=4s
 349.131  RPT pe: events=266 mean=5.49 mode=6 max=7 | 0:10 1:3 2:7 3:6 4:4 5:6 6:230
 349.131  t=347s RTT mean=30377 min=25708 max=49310 n=30 to=0 | cancels=0(+0/s) seqbad=0 len_bad=0 disc=0(0x00) | tot_n=13212 tot_to=0 maxever=64338 >2ms=13212 >5ms=13212 >15ms=8391 >20ms=8154 >30ms=2465 | probes=13213 wrfail=0 down=4s maxout=4s
 351.125  t=348s RTT mean=28133 min=25706 max=35514 n=32 to=0 | cancels=0(+0/s) seqbad=0 len_bad=0 disc=0(0x00) | tot_n=13244 tot_to=0 maxever=64338 >2ms=13244 >5ms=13244 >15ms=8423 >20ms=8186 >30ms=2472 | probes=13245 wrfail=0 down=4s maxout=4s
 351.125  RPT pe: events=267 mean=5.67 mode=6 max=7 | 0:5 1:2 2:7 3:1 4:6 5:3 6:243
 351.125  t=349s RTT mean=29758 min=25708 max=36805 n=30 to=0 | cancels=0(+0/s) seqbad=0 len_bad=0 disc=0(0x00) | tot_n=13274 tot_to=0 maxever=64338 >2ms=13274 >5ms=13274 >15ms=8453 >20ms=8216 >30ms=2483 | probes=13275 wrfail=0 down=4s maxout=4s
 353.089  t=350s RTT mean=29460 min=25709 max=40709 n=31 to=0 | cancels=0(+0/s) seqbad=0 len_bad=0 disc=0(0x00) | tot_n=13305 tot_to=0 maxever=64338 >2ms=13305 >5ms=13305 >15ms=8484 >20ms=8247 >30ms=2493 | probes=13306 wrfail=0 down=4s maxout=4s
 353.089  RPT pe: events=267 mean=5.57 mode=6 max=7 | 0:9 1:4 2:6 3:1 4:4 5:5 6:238
 353.149  t=351s RTT mean=29808 min=25706 max=41908 n=30 to=0 | cancels=0(+0/s) seqbad=0 len_bad=0 disc=0(0x00) | tot_n=13335 tot_to=0 maxever=64338 >2ms=13335 >5ms=13335 >15ms=8514 >20ms=8277 >30ms=2503 | probes=13336 wrfail=0 down=4s maxout=4s
 355.134  t=352s RTT mean=29560 min=25708 max=37998 n=31 to=0 | cancels=0(+0/s) seqbad=0 len_bad=0 disc=0(0x00) | tot_n=13366 tot_to=0 maxever=64338 >2ms=13366 >5ms=13366 >15ms=8545 >20ms=8308 >30ms=2514 | probes=13367 wrfail=0 down=4s maxout=4s
 355.134  RPT pe: events=266 mean=5.62 mode=6 max=7 | 0:8 1:2 2:6 3:5 5:4 6:241
 355.134  t=353s RTT mean=28934 min=25709 max=41903 n=31 to=0 | cancels=0(+0/s) seqbad=0 len_bad=0 disc=0(0x00) | tot_n=13397 tot_to=0 maxever=64338 >2ms=13397 >5ms=13397 >15ms=8576 >20ms=8339 >30ms=2522 | probes=13398 wrfail=0 down=4s maxout=4s
 357.127  t=354s RTT mean=29671 min=25709 max=41910 n=31 to=0 | cancels=0(+0/s) seqbad=0 len_bad=0 disc=0(0x00) | tot_n=13428 tot_to=0 maxever=64338 >2ms=13428 >5ms=13428 >15ms=8607 >20ms=8370 >30ms=2533 | probes=13429 wrfail=0 down=4s maxout=4s
 357.127  RPT pe: events=267 mean=5.61 mode=6 max=7 | 0:7 1:3 2:6 3:5 4:3 5:2 6:241
 357.127  t=355s RTT mean=29352 min=25709 max=41813 n=30 to=0 | cancels=0(+0/s) seqbad=0 len_bad=0 disc=0(0x00) | tot_n=13458 tot_to=0 maxever=64338 >2ms=13458 >5ms=13458 >15ms=8637 >20ms=8400 >30ms=2542 | probes=13459 wrfail=0 down=4s maxout=4s
 359.137  t=356s RTT mean=29370 min=25710 max=36707 n=31 to=0 | cancels=0(+0/s) seqbad=0 len_bad=0 disc=0(0x00) | tot_n=13489 tot_to=0 maxever=64338 >2ms=13489 >5ms=13489 >15ms=8668 >20ms=8431 >30ms=2552 | probes=13490 wrfail=0 down=4s maxout=4s
 359.137  RPT pe: events=267 mean=5.62 mode=6 max=7 | 0:10 1:4 2:4 3:1 5:2 6:246
 359.137  t=357s RTT mean=29730 min=25709 max=49312 n=31 to=0 | cancels=0(+0/s) seqbad=0 len_bad=0 disc=0(0x00) | tot_n=13520 tot_to=0 maxever=64338 >2ms=13520 >5ms=13520 >15ms=8699 >20ms=8462 >30ms=2560 | probes=13520 wrfail=0 down=4s maxout=4s
 361.116  t=358s RTT mean=28829 min=25709 max=34664 n=31 to=0 | cancels=0(+0/s) seqbad=0 len_bad=0 disc=0(0x00) | tot_n=13551 tot_to=0 maxever=64338 >2ms=13551 >5ms=13551 >15ms=8730 >20ms=8493 >30ms=2568 | probes=13552 wrfail=0 down=4s maxout=4s
 361.116  RPT pe: events=267 mean=5.66 mode=6 max=7 | 0:6 1:2 2:4 3:6 4:3 5:3 6:243
 361.116  t=359s RTT mean=29093 min=25708 max=36708 n=31 to=0 | cancels=0(+0/s) seqbad=0 len_bad=0 disc=0(0x00) | tot_n=13582 tot_to=0 maxever=64338 >2ms=13582 >5ms=13582 >15ms=8761 >20ms=8524 >30ms=2576 | probes=13583 wrfail=0 down=4s maxout=4s
 363.136  t=360s RTT mean=28979 min=25708 max=45558 n=31 to=0 | cancels=0(+0/s) seqbad=0 len_bad=0 disc=0(0x00) | tot_n=13613 tot_to=0 maxever=64338 >2ms=13613 >5ms=13613 >15ms=8792 >20ms=8555 >30ms=2582 | probes=13614 wrfail=0 down=4s maxout=4s
 363.137  RPT pe: events=266 mean=5.69 mode=6 max=7 | 0:7 1:1 2:4 3:3 4:1 5:6 6:244
 363.137  t=361s RTT mean=28850 min=25708 max=38319 n=31 to=0 | cancels=0(+0/s) seqbad=0 len_bad=0 disc=0(0x00) | tot_n=13644 tot_to=0 maxever=64338 >2ms=13644 >5ms=13644 >15ms=8823 >20ms=8586 >30ms=2589 | probes=13645 wrfail=0 down=4s maxout=4s
 365.135  t=362s RTT mean=29832 min=25706 max=47955 n=31 to=0 | cancels=0(+0/s) seqbad=0 len_bad=0 disc=0(0x00) | tot_n=13675 tot_to=0 maxever=64338 >2ms=13675 >5ms=13675 >15ms=8854 >20ms=8617 >30ms=2599 | probes=13676 wrfail=0 down=4s maxout=4s
 365.135  RPT pe: events=267 mean=5.62 mode=6 max=7 | 0:6 1:4 2:4 3:5 4:4 5:5 6:239
 365.135  t=363s RTT mean=28602 min=25708 max=41813 n=31 to=0 | cancels=0(+0/s) seqbad=0 len_bad=0 disc=0(0x00) | tot_n=13706 tot_to=0 maxever=64338 >2ms=13706 >5ms=13706 >15ms=8885 >20ms=8648 >30ms=2603 | probes=13707 wrfail=0 down=4s maxout=4s
 367.115  t=364s RTT mean=28814 min=25709 max=40455 n=31 to=0 | cancels=0(+0/s) seqbad=0 len_bad=0 disc=0(0x00) | tot_n=13737 tot_to=0 maxever=64338 >2ms=13737 >5ms=13737 >15ms=8916 >20ms=8679 >30ms=2610 | probes=13738 wrfail=0 down=4s maxout=4s
 367.115  PCTL target=180 tot=1841 to=0 p50=28 p90=34 p99=44 p99.9=49 max=49 g30=552 g100=0 (ms/counts)
 367.115  LOADRAMP: target=190 KBps for 60s
 367.115  RPT pe: events=267 mean=5.60 mode=6 max=7 | 0:6 1:5 2:7 3:4 4:2 5:1 6:242
 367.175  t=365s RTT mean=30865 min=25708 max=41813 n=30 to=0 | cancels=0(+0/s) seqbad=0 len_bad=0 disc=0(0x00) | tot_n=13767 tot_to=0 maxever=64338 >2ms=13767 >5ms=13767 >15ms=8946 >20ms=8709 >30ms=2625 | probes=13768 wrfail=0 down=4s maxout=4s
 369.100  t=366s RTT mean=28802 min=25708 max=37122 n=31 to=0 | cancels=0(+0/s) seqbad=0 len_bad=0 disc=0(0x00) | tot_n=13798 tot_to=0 maxever=64338 >2ms=13798 >5ms=13798 >15ms=8977 >20ms=8740 >30ms=2632 | probes=13799 wrfail=0 down=4s maxout=4s
 369.100  RPT pe: events=266 mean=5.66 mode=6 max=7 | 0:7 1:2 2:4 3:4 4:2 5:4 6:243
 369.160  t=367s RTT mean=29286 min=25700 max=39418 n=31 to=0 | cancels=0(+0/s) seqbad=0 len_bad=0 disc=0(0x00) | tot_n=13829 tot_to=0 maxever=64338 >2ms=13829 >5ms=13829 >15ms=9008 >20ms=8771 >30ms=2642 | probes=13830 wrfail=0 down=4s maxout=4s
 371.115  t=368s RTT mean=29787 min=25708 max=45501 n=31 to=0 | cancels=0(+0/s) seqbad=0 len_bad=0 disc=0(0x00) | tot_n=13860 tot_to=0 maxever=64338 >2ms=13860 >5ms=13860 >15ms=9039 >20ms=8802 >30ms=2651 | probes=13860 wrfail=0 down=4s maxout=4s
 371.115  RPT pe: events=268 mean=5.33 mode=6 max=7 | 0:15 1:10 2:5 3:3 4:4 5:2 6:229
 371.115  t=369s RTT mean=31973 min=25714 max=49407 n=28 to=0 | cancels=0(+0/s) seqbad=0 len_bad=0 disc=0(0x00) | tot_n=13888 tot_to=0 maxever=64338 >2ms=13888 >5ms=13888 >15ms=9067 >20ms=8830 >30ms=2664 | probes=13889 wrfail=0 down=4s maxout=4s
 373.116  t=370s RTT mean=30420 min=25709 max=38001 n=30 to=0 | cancels=0(+0/s) seqbad=0 len_bad=0 disc=0(0x00) | tot_n=13918 tot_to=0 maxever=64338 >2ms=13918 >5ms=13918 >15ms=9097 >20ms=8860 >30ms=2678 | probes=13919 wrfail=0 down=4s maxout=4s
 373.117  RPT pe: events=266 mean=5.33 mode=6 max=7 | 0:16 1:10 2:5 3:3 4:1 5:1 6:230
 373.117  t=371s RTT mean=31641 min=25708 max=48117 n=29 to=0 | cancels=0(+0/s) seqbad=0 len_bad=0 disc=0(0x00) | tot_n=13947 tot_to=0 maxever=64338 >2ms=13947 >5ms=13947 >15ms=9126 >20ms=8889 >30ms=2691 | probes=13948 wrfail=0 down=4s maxout=4s
 375.081  t=372s RTT mean=31077 min=26812 max=40709 n=29 to=0 | cancels=0(+0/s) seqbad=0 len_bad=0 disc=0(0x00) | tot_n=13976 tot_to=0 maxever=64338 >2ms=13976 >5ms=13976 >15ms=9155 >20ms=8918 >30ms=2703 | probes=13977 wrfail=0 down=4s maxout=4s
 375.141  RPT pe: events=266 mean=5.35 mode=6 max=7 | 0:5 1:20 2:9 3:1 4:1 5:1 6:228 7:1
 375.142  t=373s RTT mean=30082 min=25708 max=39416 n=30 to=0 | cancels=0(+0/s) seqbad=0 len_bad=0 disc=0(0x00) | tot_n=14006 tot_to=0 maxever=64338 >2ms=14006 >5ms=14006 >15ms=9185 >20ms=8948 >30ms=2715 | probes=14007 wrfail=0 down=4s maxout=4s
 377.126  t=374s RTT mean=28858 min=25709 max=38025 n=31 to=0 | cancels=0(+0/s) seqbad=0 len_bad=0 disc=0(0x00) | tot_n=14037 tot_to=0 maxever=64338 >2ms=14037 >5ms=14037 >15ms=9216 >20ms=8979 >30ms=2723 | probes=14038 wrfail=0 down=4s maxout=4s
 377.126  RPT pe: events=267 mean=5.63 mode=6 max=7 | 0:7 1:5 2:4 3:3 4:2 5:2 6:244
 377.126  t=375s RTT mean=29192 min=25709 max=36706 n=31 to=0 | cancels=0(+0/s) seqbad=0 len_bad=0 disc=0(0x00) | tot_n=14068 tot_to=0 maxever=64338 >2ms=14068 >5ms=14068 >15ms=9247 >20ms=9010 >30ms=2733 | probes=14069 wrfail=0 down=4s maxout=4s
 379.098  t=376s RTT mean=29637 min=25708 max=38319 n=31 to=0 | cancels=0(+0/s) seqbad=0 len_bad=0 disc=0(0x00) | tot_n=14099 tot_to=0 maxever=64338 >2ms=14099 >5ms=14099 >15ms=9278 >20ms=9041 >30ms=2744 | probes=14100 wrfail=0 down=4s maxout=4s
 379.098  RPT pe: events=267 mean=5.52 mode=6 max=7 | 0:8 1:4 2:5 3:10 4:2 5:4 6:234
 379.150  t=377s RTT mean=30662 min=25708 max=49412 n=29 to=0 | cancels=0(+0/s) seqbad=0 len_bad=0 disc=0(0x00) | tot_n=14128 tot_to=0 maxever=64338 >2ms=14128 >5ms=14128 >15ms=9307 >20ms=9070 >30ms=2754 | probes=14129 wrfail=0 down=4s maxout=4s
 381.099  t=378s RTT mean=28814 min=25708 max=39164 n=32 to=0 | cancels=0(+0/s) seqbad=0 len_bad=0 disc=0(0x00) | tot_n=14160 tot_to=0 maxever=64338 >2ms=14160 >5ms=14160 >15ms=9339 >20ms=9102 >30ms=2761 | probes=14161 wrfail=0 down=4s maxout=4s
 381.099  RPT pe: events=267 mean=5.66 mode=6 max=7 | 0:5 1:5 2:3 3:4 4:3 5:4 6:243
 381.151  t=379s RTT mean=28966 min=25708 max=43010 n=31 to=0 | cancels=0(+0/s) seqbad=0 len_bad=0 disc=0(0x00) | tot_n=14191 tot_to=0 maxever=64338 >2ms=14191 >5ms=14191 >15ms=9370 >20ms=9133 >30ms=2770 | probes=14192 wrfail=0 down=4s maxout=4s
 383.121  t=380s RTT mean=29117 min=25708 max=41812 n=31 to=0 | cancels=0(+0/s) seqbad=0 len_bad=0 disc=0(0x00) | tot_n=14222 tot_to=0 maxever=64338 >2ms=14222 >5ms=14222 >15ms=9401 >20ms=9164 >30ms=2778 | probes=14223 wrfail=0 down=4s maxout=4s
 383.121  RPT pe: events=266 mean=5.55 mode=6 max=7 | 0:8 1:6 2:5 3:4 4:3 5:2 6:238
 383.121  t=381s RTT mean=30369 min=25709 max=40708 n=30 to=0 | cancels=0(+0/s) seqbad=0 len_bad=0 disc=0(0x00) | tot_n=14252 tot_to=0 maxever=64338 >2ms=14252 >5ms=14252 >15ms=9431 >20ms=9194 >30ms=2790 | probes=14253 wrfail=0 down=4s maxout=4s
 385.135  t=382s RTT mean=28036 min=25708 max=35645 n=32 to=0 | cancels=0(+0/s) seqbad=0 len_bad=0 disc=0(0x00) | tot_n=14284 tot_to=0 maxever=64338 >2ms=14284 >5ms=14284 >15ms=9463 >20ms=9226 >30ms=2795 | probes=14285 wrfail=0 down=4s maxout=4s
 385.135  RPT pe: events=267 mean=5.75 mode=6 max=7 | 0:6 1:3 2:2 3:1 4:1 5:2 6:252
 385.135  t=383s RTT mean=28590 min=25706 max=36707 n=31 to=0 | cancels=0(+0/s) seqbad=0 len_bad=0 disc=0(0x00) | tot_n=14315 tot_to=0 maxever=64338 >2ms=14315 >5ms=14315 >15ms=9494 >20ms=9257 >30ms=2802 | probes=14316 wrfail=0 down=4s maxout=4s
 387.139  t=384s RTT mean=27968 min=25708 max=40708 n=32 to=0 | cancels=0(+0/s) seqbad=0 len_bad=0 disc=0(0x00) | tot_n=14347 tot_to=0 maxever=64338 >2ms=14347 >5ms=14347 >15ms=9526 >20ms=9289 >30ms=2807 | probes=14348 wrfail=0 down=4s maxout=4s
 387.139  RPT pe: events=267 mean=5.71 mode=6 max=7 | 0:6 1:1 2:4 3:4 4:3 5:1 6:248
 387.139  t=385s RTT mean=29562 min=25708 max=34407 n=31 to=0 | cancels=0(+0/s) seqbad=0 len_bad=0 disc=0(0x00) | tot_n=14378 tot_to=0 maxever=64338 >2ms=14378 >5ms=14378 >15ms=9557 >20ms=9320 >30ms=2819 | probes=14379 wrfail=0 down=4s maxout=4s
 389.087  t=386s RTT mean=29214 min=25708 max=39417 n=31 to=0 | cancels=0(+0/s) seqbad=0 len_bad=0 disc=0(0x00) | tot_n=14409 tot_to=0 maxever=64338 >2ms=14409 >5ms=14409 >15ms=9588 >20ms=9351 >30ms=2828 | probes=14410 wrfail=0 down=4s maxout=4s
 389.146  RPT pe: events=266 mean=5.49 mode=6 max=7 | 0:6 1:7 2:6 3:6 4:8 5:6 6:227
 389.146  t=387s RTT mean=31358 min=25708 max=43010 n=29 to=0 | cancels=0(+0/s) seqbad=0 len_bad=0 disc=0(0x00) | tot_n=14438 tot_to=0 maxever=64338 >2ms=14438 >5ms=14438 >15ms=9617 >20ms=9380 >30ms=2842 | probes=14439 wrfail=0 down=4s maxout=4s
 391.113  t=388s RTT mean=28433 min=25708 max=44211 n=32 to=0 | cancels=0(+0/s) seqbad=0 len_bad=0 disc=0(0x00) | tot_n=14470 tot_to=0 maxever=64338 >2ms=14470 >5ms=14470 >15ms=9649 >20ms=9412 >30ms=2848 | probes=14471 wrfail=0 down=4s maxout=4s
 391.113  RPT pe: events=267 mean=5.70 mode=6 max=7 | 0:4 1:1 2:5 3:6 4:3 5:5 6:243
 391.113  t=389s RTT mean=29043 min=25709 max=39453 n=31 to=0 | cancels=0(+0/s) seqbad=0 len_bad=0 disc=0(0x00) | tot_n=14501 tot_to=0 maxever=64338 >2ms=14501 >5ms=14501 >15ms=9680 >20ms=9443 >30ms=2857 | probes=14502 wrfail=0 down=4s maxout=4s
 393.110  t=390s RTT mean=30507 min=25709 max=41911 n=29 to=0 | cancels=0(+0/s) seqbad=0 len_bad=0 disc=0(0x00) | tot_n=14530 tot_to=0 maxever=64338 >2ms=14530 >5ms=14530 >15ms=9709 >20ms=9472 >30ms=2868 | probes=14531 wrfail=0 down=4s maxout=4s
 393.110  RPT pe: events=267 mean=5.56 mode=6 max=7 | 0:8 1:5 2:3 3:6 4:4 5:5 6:236
 393.170  t=391s RTT mean=29134 min=25708 max=46700 n=31 to=0 | cancels=0(+0/s) seqbad=0 len_bad=0 disc=0(0x00) | tot_n=14561 tot_to=0 maxever=64338 >2ms=14561 >5ms=14561 >15ms=9740 >20ms=9503 >30ms=2875 | probes=14562 wrfail=0 down=4s maxout=4s
 395.099  t=392s RTT mean=30535 min=25705 max=40710 n=30 to=0 | cancels=0(+0/s) seqbad=0 len_bad=0 disc=0(0x00) | tot_n=14591 tot_to=0 maxever=64338 >2ms=14591 >5ms=14591 >15ms=9770 >20ms=9533 >30ms=2886 | probes=14592 wrfail=0 down=4s maxout=4s
 395.099  RPT pe: events=266 mean=5.52 mode=6 max=7 | 0:11 1:4 2:5 3:6 4:1 5:1 6:238
 395.158  t=393s RTT mean=29872 min=25709 max=44559 n=30 to=0 | cancels=0(+0/s) seqbad=0 len_bad=0 disc=0(0x00) | tot_n=14621 tot_to=0 maxever=64338 >2ms=14621 >5ms=14621 >15ms=9800 >20ms=9563 >30ms=2895 | probes=14622 wrfail=0 down=4s maxout=4s
 397.143  t=394s RTT mean=29389 min=25709 max=39418 n=31 to=0 | cancels=0(+0/s) seqbad=0 len_bad=0 disc=0(0x00) | tot_n=14652 tot_to=0 maxever=64338 >2ms=14652 >5ms=14652 >15ms=9831 >20ms=9594 >30ms=2906 | probes=14653 wrfail=0 down=4s maxout=4s
 397.143  RPT pe: events=267 mean=5.72 mode=6 max=7 | 0:8 2:1 3:4 4:4 5:2 6:248
 397.143  t=395s RTT mean=27811 min=25707 max=45501 n=33 to=0 | cancels=0(+0/s) seqbad=0 len_bad=0 disc=0(0x00) | tot_n=14685 tot_to=0 maxever=64338 >2ms=14685 >5ms=14685 >15ms=9864 >20ms=9627 >30ms=2908 | probes=14686 wrfail=0 down=4s maxout=4s
 399.103  t=396s RTT mean=29847 min=25709 max=40711 n=30 to=0 | cancels=0(+0/s) seqbad=0 len_bad=0 disc=0(0x00) | tot_n=14715 tot_to=0 maxever=64338 >2ms=14715 >5ms=14715 >15ms=9894 >20ms=9657 >30ms=2918 | probes=14716 wrfail=0 down=4s maxout=4s
 399.104  RPT pe: events=267 mean=5.59 mode=6 max=7 | 0:10 1:2 2:3 3:5 4:4 5:2 6:241
 399.164  t=397s RTT mean=29605 min=26823 max=35862 n=30 to=0 | cancels=0(+0/s) seqbad=0 len_bad=0 disc=0(0x00) | tot_n=14745 tot_to=0 maxever=64338 >2ms=14745 >5ms=14745 >15ms=9924 >20ms=9687 >30ms=2930 | probes=14746 wrfail=0 down=4s maxout=4s
 401.136  t=398s RTT mean=29208 min=25708 max=39164 n=32 to=0 | cancels=0(+0/s) seqbad=0 len_bad=0 disc=0(0x00) | tot_n=14777 tot_to=0 maxever=64338 >2ms=14777 >5ms=14777 >15ms=9956 >20ms=9719 >30ms=2940 | probes=14777 wrfail=0 down=4s maxout=4s
 401.137  RPT pe: events=266 mean=5.63 mode=6 max=7 | 0:6 1:2 2:6 3:6 4:3 5:4 6:239
 401.137  t=399s RTT mean=29452 min=25705 max=39164 n=30 to=0 | cancels=0(+0/s) seqbad=0 len_bad=0 disc=0(0x00) | tot_n=14807 tot_to=0 maxever=64338 >2ms=14807 >5ms=14807 >15ms=9986 >20ms=9749 >30ms=2950 | probes=14808 wrfail=0 down=4s maxout=4s
 403.104  t=400s RTT mean=30970 min=25709 max=44558 n=29 to=0 | cancels=0(+0/s) seqbad=0 len_bad=0 disc=0(0x00) | tot_n=14836 tot_to=0 maxever=64338 >2ms=14836 >5ms=14836 >15ms=10015 >20ms=9778 >30ms=2965 | probes=14837 wrfail=0 down=4s maxout=4s
 403.104  RPT pe: events=267 mean=5.49 mode=6 max=7 | 0:8 1:4 2:5 3:12 4:3 5:6 6:229
 403.162  t=401s RTT mean=29512 min=25708 max=39169 n=31 to=0 | cancels=0(+0/s) seqbad=0 len_bad=0 disc=0(0x00) | tot_n=14867 tot_to=0 maxever=64338 >2ms=14867 >5ms=14867 >15ms=10046 >20ms=9809 >30ms=2975 | probes=14868 wrfail=0 down=4s maxout=4s
 405.120  t=402s RTT mean=29838 min=25706 max=47955 n=31 to=0 | cancels=0(+0/s) seqbad=0 len_bad=0 disc=0(0x00) | tot_n=14898 tot_to=0 maxever=64338 >2ms=14898 >5ms=14898 >15ms=10077 >20ms=9840 >30ms=2984 | probes=14898 wrfail=0 down=4s maxout=4s
 405.120  RPT pe: events=267 mean=5.64 mode=6 max=7 | 0:7 1:2 2:6 3:4 4:3 5:1 6:244
 405.120  t=403s RTT mean=28567 min=25709 max=35603 n=31 to=0 | cancels=0(+0/s) seqbad=0 len_bad=0 disc=0(0x00) | tot_n=14929 tot_to=0 maxever=64338 >2ms=14929 >5ms=14929 >15ms=10108 >20ms=9871 >30ms=2991 | probes=14930 wrfail=0 down=4s maxout=4s
 407.087  t=404s RTT mean=32246 min=25708 max=51800 n=28 to=0 | cancels=0(+0/s) seqbad=0 len_bad=0 disc=0(0x00) | tot_n=14957 tot_to=0 maxever=64338 >2ms=14957 >5ms=14957 >15ms=10136 >20ms=9899 >30ms=3008 | probes=14958 wrfail=0 down=4s maxout=4s
 407.145  RPT pe: events=267 mean=5.18 mode=6 max=7 | 0:10 1:18 2:10 3:5 4:3 5:6 6:215
 407.145  t=405s RTT mean=31060 min=26813 max=41911 n=30 to=0 | cancels=0(+0/s) seqbad=0 len_bad=0 disc=0(0x00) | tot_n=14987 tot_to=0 maxever=64338 >2ms=14987 >5ms=14987 >15ms=10166 >20ms=9929 >30ms=3024 | probes=14988 wrfail=0 down=4s maxout=4s
 409.127  t=406s RTT mean=29128 min=25708 max=41693 n=30 to=0 | cancels=0(+0/s) seqbad=0 len_bad=0 disc=0(0x00) | tot_n=15017 tot_to=0 maxever=64338 >2ms=15017 >5ms=15017 >15ms=10196 >20ms=9959 >30ms=3033 | probes=15018 wrfail=0 down=4s maxout=4s
 409.127  RPT pe: events=266 mean=5.37 mode=6 max=7 | 0:10 1:3 2:15 3:8 4:2 5:4 6:224
 409.127  t=407s RTT mean=32064 min=25708 max=45506 n=29 to=0 | cancels=0(+0/s) seqbad=0 len_bad=0 disc=0(0x00) | tot_n=15046 tot_to=0 maxever=64338 >2ms=15046 >5ms=15046 >15ms=10225 >20ms=9988 >30ms=3051 | probes=15047 wrfail=0 down=4s maxout=4s
 411.118  t=408s RTT mean=29656 min=25708 max=39165 n=31 to=0 | cancels=0(+0/s) seqbad=0 len_bad=0 disc=0(0x00) | tot_n=15077 tot_to=0 maxever=64338 >2ms=15077 >5ms=15077 >15ms=10256 >20ms=10019 >30ms=3063 | probes=15077 wrfail=0 down=4s maxout=4s
 411.118  RPT pe: events=267 mean=5.47 mode=6 max=7 | 0:6 1:4 2:16 3:3 4:5 5:2 6:231
 411.118  t=409s RTT mean=30524 min=26812 max=44622 n=29 to=0 | cancels=0(+0/s) seqbad=0 len_bad=0 disc=0(0x00) | tot_n=15106 tot_to=0 maxever=64338 >2ms=15106 >5ms=15106 >15ms=10285 >20ms=10048 >30ms=3075 | probes=15107 wrfail=0 down=4s maxout=4s
 413.087  t=410s RTT mean=30249 min=25709 max=41907 n=30 to=0 | cancels=0(+0/s) seqbad=0 len_bad=0 disc=0(0x00) | tot_n=15136 tot_to=0 maxever=64338 >2ms=15136 >5ms=15136 >15ms=10315 >20ms=10078 >30ms=3085 | probes=15137 wrfail=0 down=4s maxout=4s
 413.147  RPT pe: events=267 mean=5.52 mode=6 max=7 | 0:14 1:3 3:7 4:3 5:2 6:237 7:1
 413.147  t=411s RTT mean=29628 min=26814 max=37117 n=31 to=0 | cancels=0(+0/s) seqbad=0 len_bad=0 disc=0(0x00) | tot_n=15167 tot_to=0 maxever=64338 >2ms=15167 >5ms=15167 >15ms=10346 >20ms=10109 >30ms=3095 | probes=15168 wrfail=0 down=4s maxout=4s
 415.110  t=412s RTT mean=28746 min=25708 max=36868 n=31 to=0 | cancels=0(+0/s) seqbad=0 len_bad=0 disc=0(0x00) | tot_n=15198 tot_to=0 maxever=64338 >2ms=15198 >5ms=15198 >15ms=10377 >20ms=10140 >30ms=3104 | probes=15199 wrfail=0 down=4s maxout=4s
 415.110  RPT pe: events=266 mean=5.72 mode=6 max=7 | 0:2 1:1 2:7 3:5 4:3 5:6 6:242
 415.170  t=413s RTT mean=28511 min=25653 max=39420 n=32 to=0 | cancels=0(+0/s) seqbad=0 len_bad=0 disc=0(0x00) | tot_n=15230 tot_to=0 maxever=64338 >2ms=15230 >5ms=15230 >15ms=10409 >20ms=10172 >30ms=3112 | probes=15231 wrfail=0 down=4s maxout=4s
 417.105  t=414s RTT mean=29389 min=25708 max=38314 n=31 to=0 | cancels=0(+0/s) seqbad=0 len_bad=0 disc=0(0x00) | tot_n=15261 tot_to=0 maxever=64338 >2ms=15261 >5ms=15261 >15ms=10440 >20ms=10203 >30ms=3122 | probes=15262 wrfail=0 down=4s maxout=4s
 417.105  RPT pe: events=267 mean=5.58 mode=6 max=7 | 0:9 1:4 2:5 3:3 4:4 5:1 6:241
 417.163  t=415s RTT mean=29940 min=25708 max=41812 n=30 to=0 | cancels=0(+0/s) seqbad=0 len_bad=0 disc=0(0x00) | tot_n=15291 tot_to=0 maxever=64338 >2ms=15291 >5ms=15291 >15ms=10470 >20ms=10233 >30ms=3132 | probes=15292 wrfail=0 down=4s maxout=4s
 419.126  t=416s RTT mean=28896 min=25709 max=34404 n=31 to=0 | cancels=0(+0/s) seqbad=0 len_bad=0 disc=0(0x00) | tot_n=15322 tot_to=0 maxever=64338 >2ms=15322 >5ms=15322 >15ms=10501 >20ms=10264 >30ms=3140 | probes=15323 wrfail=0 down=4s maxout=4s
 419.126  RPT pe: events=267 mean=5.74 mode=6 max=7 | 0:4 1:1 2:1 3:8 4:4 5:3 6:246
 419.126  t=417s RTT mean=27965 min=25708 max=34405 n=32 to=0 | cancels=0(+0/s) seqbad=0 len_bad=0 disc=0(0x00) | tot_n=15354 tot_to=0 maxever=64338 >2ms=15354 >5ms=15354 >15ms=10533 >20ms=10296 >30ms=3144 | probes=15355 wrfail=0 down=4s maxout=4s
 421.136  t=418s RTT mean=30134 min=25712 max=43363 n=30 to=0 | cancels=0(+0/s) seqbad=0 len_bad=0 disc=0(0x00) | tot_n=15384 tot_to=0 maxever=64338 >2ms=15384 >5ms=15384 >15ms=10563 >20ms=10326 >30ms=3154 | probes=15385 wrfail=0 down=4s maxout=4s
 421.137  RPT pe: events=266 mean=5.57 mode=6 max=7 | 0:6 1:5 2:7 3:3 4:6 5:3 6:236
 421.137  t=419s RTT mean=29454 min=25706 max=44306 n=31 to=0 | cancels=0(+0/s) seqbad=0 len_bad=0 disc=0(0x00) | tot_n=15415 tot_to=0 maxever=64338 >2ms=15415 >5ms=15415 >15ms=10594 >20ms=10357 >30ms=3164 | probes=15416 wrfail=0 down=4s maxout=4s
 423.109  t=420s RTT mean=29868 min=25708 max=40708 n=30 to=0 | cancels=0(+0/s) seqbad=0 len_bad=0 disc=0(0x00) | tot_n=15445 tot_to=0 maxever=64338 >2ms=15445 >5ms=15445 >15ms=10624 >20ms=10387 >30ms=3172 | probes=15446 wrfail=0 down=4s maxout=4s
 423.109  RPT pe: events=267 mean=5.59 mode=6 max=7 | 0:9 1:4 2:4 3:2 4:5 5:2 6:241
 423.168  t=421s RTT mean=29765 min=25709 max=41814 n=31 to=0 | cancels=0(+0/s) seqbad=0 len_bad=0 disc=0(0x00) | tot_n=15476 tot_to=0 maxever=64338 >2ms=15476 >5ms=15476 >15ms=10655 >20ms=10418 >30ms=3181 | probes=15477 wrfail=0 down=4s maxout=4s
 425.144  t=422s RTT mean=28865 min=26813 max=39554 n=31 to=0 | cancels=0(+0/s) seqbad=0 len_bad=0 disc=0(0x00) | tot_n=15507 tot_to=0 maxever=64338 >2ms=15507 >5ms=15507 >15ms=10686 >20ms=10449 >30ms=3188 | probes=15508 wrfail=0 down=4s maxout=4s
 425.144  RPT pe: events=267 mean=5.65 mode=6 max=7 | 0:5 1:2 2:7 3:4 4:4 5:4 6:241
 425.144  t=423s RTT mean=29876 min=25705 max=39418 n=30 to=0 | cancels=0(+0/s) seqbad=0 len_bad=0 disc=0(0x00) | tot_n=15537 tot_to=0 maxever=64338 >2ms=15537 >5ms=15537 >15ms=10716 >20ms=10479 >30ms=3199 | probes=15538 wrfail=0 down=4s maxout=4s
 427.086  t=424s RTT mean=28476 min=25705 max=36808 n=32 to=0 | cancels=0(+0/s) seqbad=0 len_bad=0 disc=0(0x00) | tot_n=15569 tot_to=0 maxever=64338 >2ms=15569 >5ms=15569 >15ms=10748 >20ms=10511 >30ms=3205 | probes=15570 wrfail=0 down=4s maxout=4s
 427.140  PCTL target=190 tot=1832 to=0 p50=28 p90=35 p99=43 p99.9=49 max=51 g30=590 g100=0 (ms/counts)
 427.140  LOADRAMP: cycle complete
 427.140  LOADRAMP: target=0 KBps for 60s
 427.141  RPT pe: events=268 mean=5.26 mode=6 max=7 | 0:9 1:26 3:1 4:4 5:3 6:225
 427.141  t=425s RTT mean=22946 min=11902 max=39164 n=39 to=0 | cancels=0(+0/s) seqbad=0 len_bad=0 disc=0(0x00) | tot_n=15608 tot_to=0 maxever=64338 >2ms=15608 >5ms=15608 >15ms=10773 >20ms=10536 >30ms=3211 | probes=15608 wrfail=0 down=4s maxout=4s
 429.145  t=426s RTT mean=12028 min=11911 max=19414 n=66 to=0 | cancels=0(+0/s) seqbad=0 len_bad=0 disc=0(0x00) | tot_n=15674 tot_to=0 maxever=64338 >2ms=15674 >5ms=15674 >15ms=10774 >20ms=10536 >30ms=3211 | probes=15674 wrfail=0 down=4s maxout=4s
 429.145  RPT pe: events=266 mean=0.99 mode=1 max=7 | 0:2 1:264
 429.145  t=427s RTT mean=12028 min=11911 max=19413 n=66 to=0 | cancels=0(+0/s) seqbad=0 len_bad=0 disc=0(0x00) | tot_n=15740 tot_to=0 maxever=64338 >2ms=15740 >5ms=15740 >15ms=10775 >20ms=10536 >30ms=3211 | probes=15741 wrfail=0 down=4s maxout=4s
 431.145  t=428s RTT mean=12261 min=11674 max=19414 n=65 to=0 | cancels=0(+0/s) seqbad=0 len_bad=0 disc=0(0x00) | tot_n=15805 tot_to=0 maxever=64338 >2ms=15805 >5ms=15805 >15ms=10778 >20ms=10536 >30ms=3211 | probes=15806 wrfail=0 down=4s maxout=4s
 431.146  RPT pe: events=267 mean=0.97 mode=1 max=7 | 0:8 1:258 2:1
 431.146  t=429s RTT mean=12375 min=11910 max=19423 n=65 to=0 | cancels=0(+0/s) seqbad=0 len_bad=0 disc=0(0x00) | tot_n=15870 tot_to=0 maxever=64338 >2ms=15870 >5ms=15870 >15ms=10782 >20ms=10536 >30ms=3211 | probes=15871 wrfail=0 down=4s maxout=4s
 433.160  t=430s RTT mean=12383 min=11911 max=19420 n=64 to=0 | cancels=0(+0/s) seqbad=0 len_bad=0 disc=0(0x00) | tot_n=15934 tot_to=0 maxever=64338 >2ms=15934 >5ms=15934 >15ms=10786 >20ms=10536 >30ms=3211 | probes=15935 wrfail=0 down=4s maxout=4s
 433.160  RPT pe: events=267 mean=0.97 mode=1 max=7 | 0:7 1:260
 433.160  t=431s RTT mean=12255 min=11910 max=19414 n=66 to=0 | cancels=0(+0/s) seqbad=0 len_bad=0 disc=0(0x00) | tot_n=16000 tot_to=0 maxever=64338 >2ms=16000 >5ms=16000 >15ms=10789 >20ms=10536 >30ms=3211 | probes=16000 wrfail=0 down=4s maxout=4s
 435.149  t=432s RTT mean=12383 min=11911 max=19419 n=64 to=0 | cancels=0(+0/s) seqbad=0 len_bad=0 disc=0(0x00) | tot_n=16064 tot_to=0 maxever=64338 >2ms=16064 >5ms=16064 >15ms=10793 >20ms=10536 >30ms=3211 | probes=16065 wrfail=0 down=4s maxout=4s
 435.149  RPT pe: events=266 mean=0.98 mode=1 max=7 | 0:6 1:259 2:1
 435.149  t=433s RTT mean=12141 min=11911 max=19414 n=66 to=0 | cancels=0(+0/s) seqbad=0 len_bad=0 disc=0(0x00) | tot_n=16130 tot_to=0 maxever=64338 >2ms=16130 >5ms=16130 >15ms=10795 >20ms=10536 >30ms=3211 | probes=16131 wrfail=0 down=4s maxout=4s
 437.167  t=434s RTT mean=12261 min=11911 max=19422 n=65 to=0 | cancels=0(+0/s) seqbad=0 len_bad=0 disc=0(0x00) | tot_n=16195 tot_to=0 maxever=64338 >2ms=16195 >5ms=16195 >15ms=10798 >20ms=10536 >30ms=3211 | probes=16196 wrfail=0 down=4s maxout=4s
 437.167  RPT pe: events=267 mean=0.97 mode=1 max=7 | 0:7 1:260
 437.167  t=435s RTT mean=12375 min=11910 max=19415 n=65 to=0 | cancels=0(+0/s) seqbad=0 len_bad=0 disc=0(0x00) | tot_n=16260 tot_to=0 maxever=64338 >2ms=16260 >5ms=16260 >15ms=10802 >20ms=10536 >30ms=3211 | probes=16261 wrfail=0 down=4s maxout=4s
 439.130  t=436s RTT mean=12145 min=11910 max=19414 n=65 to=0 | cancels=0(+0/s) seqbad=0 len_bad=0 disc=0(0x00) | tot_n=16325 tot_to=0 maxever=64338 >2ms=16325 >5ms=16325 >15ms=10804 >20ms=10536 >30ms=3211 | probes=16326 wrfail=0 down=4s maxout=4s
 439.130  RPT pe: events=267 mean=0.97 mode=1 max=7 | 0:8 1:259
 439.184  t=437s RTT mean=12617 min=11906 max=26913 n=64 to=0 | cancels=0(+0/s) seqbad=0 len_bad=0 disc=0(0x00) | tot_n=16389 tot_to=0 maxever=64338 >2ms=16389 >5ms=16389 >15ms=10809 >20ms=10537 >30ms=3211 | probes=16390 wrfail=0 down=4s maxout=4s
 441.151  t=438s RTT mean=12260 min=11911 max=19432 n=65 to=0 | cancels=0(+0/s) seqbad=0 len_bad=0 disc=0(0x00) | tot_n=16454 tot_to=0 maxever=64338 >2ms=16454 >5ms=16454 >15ms=10812 >20ms=10537 >30ms=3211 | probes=16455 wrfail=0 down=4s maxout=4s
 441.151  RPT pe: events=266 mean=0.98 mode=1 max=7 | 0:4 1:262
 441.151  t=439s RTT mean=12028 min=11911 max=19413 n=66 to=0 | cancels=0(+0/s) seqbad=0 len_bad=0 disc=0(0x00) | tot_n=16520 tot_to=0 maxever=64338 >2ms=16520 >5ms=16520 >15ms=10813 >20ms=10537 >30ms=3211 | probes=16521 wrfail=0 down=4s maxout=4s
 443.126  t=440s RTT mean=12491 min=11910 max=19414 n=65 to=0 | cancels=0(+0/s) seqbad=0 len_bad=0 disc=0(0x00) | tot_n=16585 tot_to=0 maxever=64338 >2ms=16585 >5ms=16585 >15ms=10818 >20ms=10537 >30ms=3211 | probes=16585 wrfail=0 down=4s maxout=4s
 443.126  RPT pe: events=267 mean=0.97 mode=1 max=7 | 0:8 1:259
 443.180  t=441s RTT mean=12260 min=11911 max=19415 n=65 to=0 | cancels=0(+0/s) seqbad=0 len_bad=0 disc=0(0x00) | tot_n=16650 tot_to=0 maxever=64338 >2ms=16650 >5ms=16650 >15ms=10821 >20ms=10537 >30ms=3211 | probes=16651 wrfail=0 down=4s maxout=4s
 445.135  t=442s RTT mean=12261 min=11910 max=19415 n=65 to=0 | cancels=0(+0/s) seqbad=0 len_bad=0 disc=0(0x00) | tot_n=16715 tot_to=0 maxever=64338 >2ms=16715 >5ms=16715 >15ms=10824 >20ms=10537 >30ms=3211 | probes=16716 wrfail=0 down=4s maxout=4s
 445.136  RPT pe: events=267 mean=0.98 mode=1 max=7 | 0:5 1:261 2:1
 445.189  t=443s RTT mean=12142 min=11665 max=19414 n=66 to=0 | cancels=0(+0/s) seqbad=0 len_bad=0 disc=0(0x00) | tot_n=16781 tot_to=0 maxever=64338 >2ms=16781 >5ms=16781 >15ms=10826 >20ms=10537 >30ms=3211 | probes=16781 wrfail=0 down=4s maxout=4s
 447.145  t=444s RTT mean=12028 min=11911 max=19414 n=66 to=0 | cancels=0(+0/s) seqbad=0 len_bad=0 disc=0(0x00) | tot_n=16847 tot_to=0 maxever=64338 >2ms=16847 >5ms=16847 >15ms=10827 >20ms=10537 >30ms=3211 | probes=16848 wrfail=0 down=4s maxout=4s
 447.145  RPT pe: events=266 mean=0.99 mode=1 max=7 | 0:2 1:264
 447.145  t=445s RTT mean=12142 min=11911 max=19413 n=66 to=0 | cancels=0(+0/s) seqbad=0 len_bad=0 disc=0(0x00) | tot_n=16913 tot_to=0 maxever=64338 >2ms=16913 >5ms=16913 >15ms=10829 >20ms=10537 >30ms=3211 | probes=16913 wrfail=0 down=4s maxout=4s
 449.143  t=446s RTT mean=12150 min=11911 max=19414 n=65 to=0 | cancels=0(+0/s) seqbad=0 len_bad=0 disc=0(0x00) | tot_n=16978 tot_to=0 maxever=64338 >2ms=16978 >5ms=16978 >15ms=10831 >20ms=10537 >30ms=3211 | probes=16979 wrfail=0 down=4s maxout=4s
 449.143  RPT pe: events=267 mean=0.98 mode=1 max=7 | 0:5 1:261 2:1
 449.143  t=447s RTT mean=12257 min=11670 max=19422 n=65 to=0 | cancels=0(+0/s) seqbad=0 len_bad=0 disc=0(0x00) | tot_n=17043 tot_to=0 maxever=64338 >2ms=17043 >5ms=17043 >15ms=10834 >20ms=10537 >30ms=3211 | probes=17044 wrfail=0 down=4s maxout=4s
