:1000000028750020D91600007B730100C51600007A
:10001000C5160000C5160000C5160000C516000074
:1000200000000000000000000000000011170000A8
:10003000C516000000000000E5180000C51600000D
:1000400065190000651900006519000065190000B8
:1000500065190000651900006519000065190000A8
:100060006519000065190000651900006519000098
:100070006519000065190000651900006519000088
:100080006519000065190000651900006519000078
:100090006519000065190000651900006519000068
:1000A0006519000065190000651900006519000058
:1000B0006519000065190000651900006519000048
:1000C0006519000065190000651900006519000038
:1000D0006519000065190000651900006519000028
:1000E0006519000065190000651900006519000018
:1000F0006519000065190000651900006519000008
:1001000065190000651900006519000065190000F7
:1001100065190000651900006519000065190000E7
:1001200065190000651900006519000065190000D7
:1001300065190000651900006519000065190000C7
:1001400065190000651900006519000065190000B7
:1001500065190000651900006519000065190000A7
:100160006519000065190000651900006519000097
:100170006519000065190000651900006519000087
:100180006519000065190000651900006519000077
:100190006519000065190000651900006519000067
:1001A0006519000065190000651900006519000057
:1001B0006519000065190000651900006519000047
:1001C0006519000065190000651900006519000037
:1001D0006519000065190000651900006519000027
:1001E0006519000065190000651900006519000017
:1001F0006519000065190000651900006519000007
:1002000065190000651900006519000065190000F6
:1002100065190000651900006519000065190000E6
:1002200065190000651900006519000065190000D6
:1002300065190000651900006519000065190000C6
:1002400065190000651900006519000065190000B6
:1002500065190000651900006519000065190000A6
:1002600065190000651900004509010065190000C5
:100270006519000065190000651900006519000086
:100280006519000065190000651900006519000076
:100290006519000065190000651900006519000066
:1002A0006519000065190000651900006519000056
:1002B0006519000065190000651900006519000046
:1002C0006519000065190000651900006519000036
:1002D0006519000065190000651900006519000026
:1002E0006519000065190000651900006519000016
:1002F0006519000065190000651900006519000006
:1003000065190000651900006519000065190000F5
:1003100065190000651900006519000065190000E5
:1003200065190000651900006519000065190000D5
:1003300065190000651900006519000065190000C5
:1003400065190000651900006519000065190000B5
:1003500065190000651900006519000065190000A5
:100360006519000065190000651900006519000095
:100370006519000065190000651900006519000085
:100380006519000065190000651900006519000075
:100390006519000065190000651900006519000065
:1003A0006519000065190000651900006519000055
:1003B0006519000065190000651900006519000045
:1003C0006519000065190000651900006519000035
:1003D0006519000065190000651900006519000025
:1003E0006519000065190000651900006519000015
:1003F0006519000065190000651900006519000005
:1004000065190000651900006519000065190000F4
:1004100065190000651900006519000065190000E4
:1004200065190000651900006519000065190000D4
:1004300065190000651900006519000065190000C4
:1004400065190000651900006519000065190000B4
:1004500065190000651900006519000065190000A4
:100460006519000065190000651900006519000094
:0C04700065190000651900006519000006
:1004800053B94AB9002908BF00281CBF4FF0FF31FB
:100490004FF0FF3000F00CB8ADF1080C6DE904CE60
:1004A00000F010F8DDF804E0DDE9022304B0704745
:1004B000704700BF034613F8012B002AFBD1181A1E
:1004C000013870472DE9F0478C468E46089E154648
:1004D00004461946002B40F0D080724547D9B2FA45
:1004E00082F74FB1C7F120030EFA07FCBD40BC40B4
:1004F00020FA03F343EA0C0C4FEA154EA8B2230C82
:10050000BCFBFEF80EFB18CC08FB00F943EA0C43D9
:10051000994528D9EB1808F1FF3204D2994502D940
:10052000A8F102022B44A3EB0903A4B2B3FBFEFC27
:100530000EFB1C330CFB00F044EA0344A04214D928
:100540002C190CF1FF3304D2A04202D9ACF1020302
:100550002C44241A43EA02401EB1FC4000233460BC
:100560007360BDE8F0874246DDE76346F1E7002AA5
:1005700079D0B2FA82F3002B3FD01946C1F12003A3
:1005800002FA01F500FA01F42EFA03F20EFA01FE66
:1005900020FA03F3AFB243EA0E034FEA154EB2FB63
:1005A000FEFC0EFB1C201A0C0CFB07F842EA004272
:1005B00090455AD9AA180CF1FF3004D2904502D9BF
:1005C000ACF102002A44A2EB08029BB2B2FBFEFC93
:1005D0000EFB1C220CFB07F743EA02439F4246D95D
:1005E000EB180CF1FF3204D29F4202D9ACF10202A7
:1005F0002B44DB1B42EA004202E0AEEB0203012285
:100600004FEA154EAFB2200CB3FBFEFC0EFB1C33C1
:100610000CFB07F840EA034398452AD9EB180CF184
:10062000FF3004D2984502D9ACF102002B44A3EB71
:100630000803A4B2B3FBFEFC0EFB1C330CFB07F754
:1006400044EA0344A74216D92C190CF1FF3304D213
:10065000A74202D9ACF102032C44E41B43EA004058
:100660000F46114678E71F2188E76046ABE76246F0
:10067000BFE76046DBE76346EFE7734506D916B987
:10068000002108466DE7C6E9000EF9E7B3FA83F7E3
:1006900087B9734501D3824207D8841A6EEB0303EE
:1006A00001209C461EB900215BE73846FAE7C6E9FF
:1006B000004CF8E7C7F1200CBB4000FA07F422FA1F
:1006C0000CF520FA0CF1BA401D432EFA0CF30EFA89
:1006D00007FE4FEA154941EA0E011FFA85FEB3FBFA
:1006E000F9F809FB18300B0C08FB0EFA43EA00433B
:1006F0009A4540D9EB1808F1FF3004D29A4502D947
:10070000A8F102002B44A3EB0A0389B2B3FBF9F86A
:1007100009FB183308FB0EFE41EA03418E452CD934
:10072000691808F1FF3304D28E4502D9A8F10203FB
:10073000294443EA0040A1EB0E01A0FB0298414589
:10074000CE46434602D306D14C4504D20138B9EB1C
:10075000020E68EB0503002EA5D0B4EB0E0261EB90
:10076000030101FA0CFC22FA07F3F9404CEA0303F7
:10077000C6E9003197E74046C5E74346D9E70000A0
:100780002DE9F043044640F2712690F84C0094F8AD
:100790003830C0F3400060F386138DB004F13A01A5
:1007A00084F8383007F030FC0021B4F840303E4D7A
:1007B0003E4AA3FB0663651B94F83830A2FB05256F
:1007C000A26C03F0790384F8383002F21313B342B9
:1007D00032BF184630460A46C4E90211217024612E
:1007E0006264606007F0C4FB6369C5F3871500F2BB
:1007F0001317002B41D00DF12C08022391214FF04B
:100800000009CDF820800694294A0B932948B4F8B2
:1008100040300792A3FB000201FB0321264BCDF8D9
:100820000C9005936368023504931DA3D3E900235C
:10083000FFF726FE104619464FF47A720023FFF7A1
:100840001FFEEDB20321CDE901603B462A46484632
:10085000CDF8009007F062FA414608F08FF840B9F1
:1008600094F84C3043F0010384F84C300DB0BDE8EF
:10087000F0830C200DB0BDE8F0830DF12C08CDE91C
:100880000A330320434661680AAA0FF059FE002884
:10089000B3D1DDE90A371F44AFE700BFAFF30080F3
:1008A00000CA9A3B00000000B00C0020CDCCCCCC9C
:1008B00071800000002AE7843DA4000073B506465D
:1008C0000C46002930D0254B9A420CD1084618F02E
:1008D000FAFC0122224B01461880224B22481A7052
:1008E00016F0CFFB20E0137C204D032B1FD10846D0
:1008F00018F0E9FC1E4B1F49188000238DF80430C6
:1009000042F60213ADF8063001AB0B60238A288152
:1009100002330B814FF6FF73CB8104230B74164B0C
:1009200030464B6005F0A2FC002002B070BD0126ED
:10093000124BAE812B600B8A29466B8105F0F4FEC9
:10094000014610B110F1780F05D10D4B0D481E7006
:10095000074B1988C4E70C48C2E700BF7413002096
:10096000703F00209A4000200CC20100B01300200C
:10097000723F002088130020BD080000090C000011
:100980009B40002031C2010060C2010007B50A7817
:100990000346022A09D14A78022A06D1044A01A94B
:1009A00010680190184617F02BFB03B05DF804FBAC
:1009B000E0B801001FB50D4B1B6813B10C4B1B6851
:1009C0008BB930230B4A0C49CDE90123002301A840
:1009D000039302F0D9FF014628B110F1780F02D03D
:1009E000064816F04EFB05B05DF804FBCC13002062
:1009F000C813002001006000590A000071C2010004
:100A000070B504460D4D0E4B2E680E4A864218BF37
:100A10001A460D4816F035FBA6424FF000040DBFF4
:100A20000A4B0B4B0B4D1C7018BF1C70286803F051
:100A30004BF92C60BDE87040FFF7BCBFCC13002021
:100A400084C201007DC2010089C201009B400020D8
:100A50009A400020C81300200022F0B58BB0ADF8FA
:100A6000042006461849184601AA16F072FE9DF8A1
:100A7000043013B1154C23682BB19DF80530DBB160
:100A8000134C2368C3B902F0CFFF104B114A9C42AC
:100A900014D15068916802AB03C302AF0E4B06AD90
:100AA0000FCB85E80F0023463A462946304603F02F
:100AB000CBFD08B1FFF77EFF0BB0F0BDD068116928
:100AC00004AB03C304AFE9E7C10B0000CC13002063
:100AD000C8130020E0B80100F4B80100F0B52B4FB6
:100AE00004460D463E688DB0C9B1294B294A002500
:100AF000864218BF1A46284816F0C3FAA64208D103
:100B0000386803F0E1F83D600DB0BDE8F040FFF754
:100B100051BF224C206803F0D7F82560F4E701A903
:100B200003F030FD18BBBDF81C201D4B1D491E48AD
:100B3000A64218BF194616F0A4FAA6421B4B18D1BC
:100B40001B4930464B6001230B814FF6FF73CB816D
:100B50000323184A0B740A6005F088FB3B6813B145
:100B60000E4B1B680BB9FFF725FF0DB0F0BD2A46F1
:100B7000DBE71149114A4B6001230B814FF6FF73EC
:100B8000CB81032320460A600B74E5E7CC130020D9
:100B900084C201007DC20100B3C20100C81300205D
:100BA000AEC20100A7C20100CFC20100BD08000013
:100BB0009C13002041CA01007413002030CA0100B8
:100BC00010B503780C46083B012B15D842780B2A48
:100BD00008D10B4940681AF090F8012370B92370CE
:100BE000002010BD092A07D1064940681AF085F88F
:100BF000012318B96370F3E70120F2E71846F0E724
:100C0000EEC20100FAC2010008B51AB91046094B3C
:100C10001A7008BD082B08D1074B19681368994250
:100C20001FBF064A136801331360054814F0A0FE85
:100C30000120EEE79B400020701300206C13002081
:100C4000AC0500202DE9F04F00242746DFF8CCB09A
:100C5000DFF8CCA093B04FF47A7016F076F8DAF89B
:100C60000050DBF800602A46DFF8B890DFF8B88063
:100C70000137002D4FD0D9E900010023FFF700FC18
:100C80000246D8F800302949341B08682849096809
:100C9000003918BF01211091264909680B960039C7
:100CA00018BF0121CDE90E01F4216143890ACDE984
:100CB0000C412149214C096821480A9121490968C0
:100CC000099121490968089120490968079120493B
:100CD000096806911F49096805911F49096804912F
:100CE0001E49096803912168CDE901511C4D29680D
:100CF0000091394616F0C5F90023002000214FF07D
:100D0000FF322360C9E900013446CAF80030C8F850
:100D100000202B609FE72B46B5E700BF381300206B
:100D20006813002048080020E80100206C13002010
:100D3000C8130020CC1300204013002060130020B3
:100D400004C3010044130020481300204C1300206A
:100D50005013002054130020581300205C1300206F
:100D6000641300202DE9F0470025464E464FDFF87A
:100D70001C8186B033780BB1386818B9322015F071
:100D8000E4FFF7E7424AC8F80050136804950133BE
:100D9000136017F09DF8044620B9022015F0D5FF26
:100DA0000135E7E719F0C9F80023CDE901333949E6
:100DB0000093814608232046098804AA18F036FECD
:100DC0008246204602F080FFBAF1000FE5D141F6DD
:100DD0006A020023304814F0FFFD00284BD119F0BF
:100DE000ACF82E4A2E491368A0EB090001331360BA
:100DF000D1E900321B1842F10002C1E90032294A50
:100E0000136801331360284B1A68824288BF186048
:100E1000264B1A68824238BF1860254B1A688242F6
:100E200038BF1860B0F5FA6F23D9224A136801332E
:100E3000136041F2883398421BD91F4A136801336B
:100E4000136043F69823984213D91C4A1368013360
:100E5000136044F6206398420BD9194A1368013392
:100E6000136047F23053984203D9164A136801338E
:100E70001360032092E7144A136801331360134A86
:100E8000F4E700BF9B400020CC130020701300202B
:100E90003C130020723F0020AC05002068130020A6
:100EA000480800205C130020E801002064130020A3
:100EB00054130020501300204C130020481300202E
:100EC000441300204013002060130020581300201A
:100ED0002DE9FF41F4224221174819F006FF174E71
:100EE000174FDFF8608033780BB1386818B93220BB
:100EF00015F02BFFF7E716F0EBFF054608B90220C7
:100F0000F6E700230C4ACDE90133B8F8001000934E
:100F1000F42318F08BFD0446284602F0D5FE14F1A8
:100F20000C0F02D115F0B8F9DDE7002CE7D1064A25
:100F3000136801331360D6E7A63F00209A400020D3
:100F4000C8130020703F002038130020002008B58F
:100F500001F0FCFF014620B1054816F092F8002090
:100F600008BD044816F08DF8FFF724FDF7E700BF31
:100F7000B6C30100C4C30100014B1B68184700BF82
:100F8000EC010020014B1860704700BFEC0100200D
:100F900030B5044685B00D4610220021684619F090
:100FA000A4FE02238DF80230044B2A4621466846EF
:100FB000019315F087FC05B030BD00BF790F00002C
:100FC00080B505460E461746984615F0E3F90346E8
:100FD00000F0DAFC0446DFF81890424649F8003089
:100FE00039463046A84754F8090000F065FC00BFB8
:100FF000080000002DE9F047058B04462807174636
:101000000CD501290CBF45F0100545F020052583BE
:1010100087F31188BFF36F8FBDE8F087022905F0D1
:10102000070540F09480204616F060F8052864D843
:1010300001A353F820F000BF111000004F11000071
:10104000FB100000BD100000D7100000E9100000E8
:1010500001F007035A1F012A1FD8002221F00701BF
:10106000062BD4F8008089B2C4E9002209D1434696
:1010700003E0628B013262831B68002BF9D141F0DF
:1010800002012046218316F031F84FF000090028B4
:101090006DD041F02001218369E0042B0AD121F0B9
:1010A000070189B22046218316F020F810B141F0E3
:1010B000200121834FF00008C14658E02369D3F88E
:1010C0000090238B23F0070343F006034FF0000842
:1010D000238346464BE02369D3F80490238B23F007
:1010E000070343F00403F1E72369D3F80890238B47
:1010F00023F0070343F00503E8E74FF00008C1467B
:10110000E7E7012243F00803238387F31188BFF345
:101110006F8F002A3BD1B8F1000F4AD1B9F1000F0F
:1011200002D020462C49C847EFF31187202383F3D0
:101130001288BFF36F8F238B23F008039BB22383A6
:10114000D9063FD523F01002228303F00705666914
:10115000218B002EBFF67CAF00239946D4F8008087
:1011600021F00701C4E9003341F001012183238B01
:1011700003F0070AAA4502D0A268002AC1D1B8F13B
:10118000000F02D1B9F1000FDAD00022BAE7A1684E
:101190000029C0D00D680029BDD0334652462046F4
:1011A0004F68B8471DB12B6829461D46F3E72B460B
:1011B000FAE74146334652462046D8F8008015F0FB
:1011C000C1FFA8E79A067FF523AF23F02002228310
:1011D00003F0070527E700BF71710100014B0360B1
:1011E0000020704748B9010008B50348034A0021B0
:1011F000121A16F0BAF808BDC8060020B840002040
:10120000074808B5074A0849121A16F0B0F8BDE8B1
:1012100008400648064A0749121A16F0A8B800BF47
:1012200000000020C8060020C0CA01000000002005
:1012300000000020C0CA010038B505460C4699B12F
:10124000D1E901230F48096815F01BFFD4E90423F5
:10125000E1680D4815F015FFE1690C4815F011FF24
:10126000A1690B4815F00DFF012D05D1EFF30581A4
:101270000848103915F005FF21462846BDE83840DA
:1012800014F004B920C4010050C4010080C401005E
:1012900090C40100BFC4010030BFFFF7FDBF00BF15
:1012A0002DE9F04105460B4EDFF82C80324606EB67
:1012B0000807CC1B2046094919F00AFDA01942462F
:1012C0000021083C19F011FD2C6707F10800BDE86A
:1012D000F08100BF0000000004000000E0B8010041
:1012E00010B5204C204815F0CCFEA36A990137D5E3
:1012F0001E4815F0C6FE1E20A36ADA0103D51C485D
:1013000015F0BFFE1F20174CA36ADB0203D5194856
:1013100015F0B7FE0220A36A1C0303D5164815F08A
:10132000B0FE21200F4CA36A590303D5134815F0D2
:10133000A8FE2220A36A9A0303D5114815F0A1FE46
:101340002320084CA36ADB0303D50E4815F099FE51
:101350002420A36A6FEA03436FEA1343A36210BD1C
:101360001D20C9E700ED00E0D3C40100ECC401007A
:1013700000C501001BC5010046C5010065C501008F
:101380008BC50100A6C5010070B5244C0646244853
:101390000D4615F076FEA36AD90435D5214815F01F
:1013A00070FE1720A36A1A0503D51F4815F069FEC1
:1013B00018201A4CA36A9B050FD51C4815F061FE36
:1013C000A16BA36A180407D5194815F05AFE1EB17F
:1013D000A36A23F40043A3621920104CA36A5905A1
:1013E00003D5144815F04DFE1A20A36ADA050DD571
:1013F000114815F046FE1B20084A936A43F47F43C8
:10140000936200232B7070BD1620CBE7A36A9B0468
:10141000F2D50A4815F035FE1C20EDE700ED00E09E
:10142000D2C50100E9C50100FBC501000FC60100DE
:1014300029C601003FC601005BC6010074C6010059
:1014400070B5264C064626480D4615F01AFEA36ACE
:10145000D80640D5234815F014FE1120A36A1907B9
:1014600003D5214815F00DFE12201C4CA36A9A07E3
:101470000FD51E4815F005FE616BA36A1B0607D544
:101480001B4815F0FEFD1EB1A36A23F08003A36282
:101490001320124CA36ADE0703D5164815F0F1FDA0
:1014A0001420A36A9C0603D5134815F0EAFD152005
:1014B0000A4B9A6AD10658BF9A6A9A6A920642BF44
:1014C0005A6A22F400525A629A6A42F0FF029A6201
:1014D00000232B7070BD1020C0E700BF00ED00E0BE
:1014E000A4C60100BBC60100FBC50100EFC6010098
:1014F00008C701001FC7010074C601002DE9F041B3
:101500005D4B04465F6800258AB0C7F3080685F383
:101510001188BFF36F8F02F07F43B3F17F4F06D185
:1015200002F00C03082B13D1544815F0AAFD002536
:101530002C464FF00008F31E8DF80780092B00F2AF
:101540008B80DFE803F00A7F837B8989898989871B
:1015500010074CBF0C460125EBE74948464E15F0F5
:1015600090FD8DF80780F36A9A0704D5454815F079
:1015700088FD00232AE0F36A002B01DA4248F6E7EF
:10158000F36A5B00F5D5414815F07BFD7369A269EC
:1015900043F480737361BFF34F8FBFF36F8F32F8E3
:1015A000023C726922F480727261BFF34F8FBFF305
:1015B0006F8F03F47F42B2F55F4F27D1DBB2022B6E
:1015C00024D12168324815F05CFD23689DF807207E
:1015D000CAB902AE04F120073246206861680834B7
:1015E00003C2BC421646F7D1099A002D40D0C2F37F
:1015F000080121B96FEA52226FEA42220992184685
:1016000002A9FFF719FE0AB0BDE8F0811A4B9A6AE9
:10161000D2B22AB101200DF10701FFF711FF0FE04F
:101620009A6A12F47F4F05D001200DF10701FFF7F0
:10163000ABFE05E09B6AB3F5803F9AD3FFF750FEFF
:101640000346C3E700200DF10701E6E700200DF196
:101650000701ECE70F488AE70F4B17F4F87F0F49B3
:101660000F4808BF1946A6F1100215F00AFD80E7E1
:101670006FF30802C2E700BF00ED00E06DC7010094
:1016800099C70100B1C70100D3C70100E2C701003B
:1016900002C801001FC801003FC7010054C7010074
:1016A00044C80100064B5A6942F010025A615A6957
:1016B00042F480625A615A6922F008025A61704706
:1016C00000ED00E0EFF30880EFF3098101B5724609
:1016D000FFF714FF01BD00BF0B4880F3088812F02C
:1016E00031FF202080F3118808484FF40061401832
:1016F00080F30988EFF314800221084380F31488F3
:10170000BFF36F8F00F06AF828750020E8630020AF
:101710001EF0040F0CBFEFF30880EFF3098081691E
:1017200011F8021C0229FFD001B5724615F021FE06
:1017300001BD00BF00B2002807DB01234109034AB5
:1017400000F01F00834042F82130704700E100E0C4
:1017500000B200280CDB01220649430900F01F00FB
:101760008240203341F82320BFF34F8FBFF36F8FA8
:10177000704700BF00E100E0054B420953F822200A
:10178000012300F01F0003FA00F01040704700BF73
:1017900000E100E000B2002801F10101ACBF00F15E
:1017A0006040064B4FEA4111C9B2ABBF00F5614042
:1017B00000F00F0080F800131954704714ED00E09A
:1017C000044B054A23F07F039360BFF34F8FBFF3B1
:1017D0006F8F70470000000000ED00E008B5FFF7D4
:1017E000EFFF0B4AD2F8883023F47003C2F8883038
:1017F000EFF3148323F0040383F31488BFF36F8F94
:10180000FFF7F2FCFFF7FCFC00F09CF813F002FF7E
:1018100000ED00E042F8203C009B0B4942F81C3CE4
:10182000019B21F0010142F8183C029B42F8081C80
:1018300042F8143C4FF0807342F8043C0023203AF5
:1018400002654367704700BFC10F000000B50D4B34
:1018500015469860026F0C4B0E461A60036E83F3B8
:101860000B882C4686F309880020044B98472046B5
:10187000002100220023024C204700009F7301003A
:10188000C10F00003C3F0020D01300201022014B6C
:101890001A61704700ED00E0054B5A699B689A4257
:1018A0001FBF044A536843F080535360704700BF22
:1018B0003C3F002000ED00E0084B9B6883420BD1C9
:1018C000EFF3058343B1064B5A6842F080525A60E9
:1018D0005A6A22F400425A6214F062BD3C3F002072
:1018E00000ED00E014498A684FF030001044EFF337
:1018F000098C80E8F01F202080F31288BFF36F8FDF
:101900000E4F4FF000664A698A603E60106F0C4CC3
:101910002060506F0023536780F3118802F130007C
:1019200090E8F01F8CF3098802F1000004B515F06F
:101930002FFDBDE8044070473C3F002004ED00E06F
:10194000D01300200023202040F20F1210B5044CC9
:10195000E1180133934281F80003F9D110BD00BFB3
:1019600000E100E008B5EFF30583064A103B02EB07
:10197000C30152F8330049688847BDE80840FFF7C3
:101980008BBF00BF2CAF010001480068704700000A
:10199000D01300201FB50121094B0A4A0A4800F064
:1019A000F7F80023064A0393084B0121019301A88D
:1019B000D31A029300F0F6F805B05DF804FB00BFFF
:1019C0000000042000000020ACB90100C80600207F
:1019D0000A7A0B6810B562F304031C46CB685209FF
:1019E00023F01F0343EA4203044A43F00103C2F811
:1019F0009800C2F89C40C2F8A03010BD00ED00E095
:101A000010B5074BD3F89030C3F30723013B98423E
:101A100002D8FFF7DDFF10BD6FF01500FBE700BF38
:101A200000ED00E02DE9F04F0F46144606464FF05A
:101A300000084B4D85B0B84580F28E80D6F80490F2
:101A4000B9F1000F35D0B9F11F0F40F2838019F0C2
:101A50001F0F7FD1D6F800A01AF01F0F7AD1504681
:101A600015F0C0FC834609EB0A00013815F0BAFCFA
:101A700083456FD11BF1160F6CD05C456ADDC5F84C
:101A800098B0D5F89C10C5F898B0D5F8A03021F0E2
:101A90001F0143F01F0AD6E900321A44994202F1AD
:101AA000FF391BD1CA4508D131465FFA8BF015F0DA
:101AB000A2FC08F101080C36BDE73146C5F898B024
:101AC000D5F89C30E0B263F30402C5F89C2015F011
:101AD00092FC10F1160F3DD0441CEAE7C5F898B00F
:101AE000D5F8A020013B23F01F0302F01F0213438F
:101AF000CA453146E0B2C5F8A030E8D015F07BFC0D
:101B000010F1160F26D0C5F898B0D5F89C209DF896
:101B100008300AF1FF3A62F304038DF80830D5F873
:101B2000A0309DF808205B0863F347128DF8082069
:101B3000D6E900321344009323F01F035344A3EB70
:101B40000903013023F01F036946C0B20393FFF776
:101B500057FFBEE76FF01504204605B0BDE8F08FD3
:101B600000ED00E00522044BC3F89420BFF34F8F33
:101B7000BFF36F8F704700BF00ED00E0BFF35F8FD2
:101B80000022024BC3F89420704700BF00ED00E034
:101B900010B5034C2278FFF745FF207010BD00BF41
:101BA0009C4000202DE9F74F294D8A4606464FF00C
:101BB0000008AB46274FD0451BDAD6F80490B9F1A0
:101BC000000F3FD031680846019115F00BFC0199D8
:101BD000044609EB0100013815F004FC84424FF083
:101BE00014021D4B08D002FB08F36FF015024BF8EE
:101BF000032003B0BDE8F08F14F1160F2C60F8D06D
:101C00001978A142F5DD02FB08B0C7F89840C7F883
:101C10009840D7F89C4000F10801007B64F3040071
:101C20000871D7F8A0000C79400860F347140C71D4
:101C3000D7F89C1021F01F016960D7F8A01021F09F
:101C40001F01296108F1010814350C36B3E700BF04
:101C5000D413002000ED00E09C400020F0B5534973
:101C6000534DD1F890302C68C3F307239C4287B0C2
:101C700000F299800020FFF781FF4E4BC1F8C03081
:101C8000844216D14C4D01A82C70FFF7A7FA00260C
:101C900007464A4CB74213D100202B784349D1F86C
:101CA0009020C2F30722934277DBFFF75BFF00200F
:101CB00046E0696801EB0011FFF78AFE0130DFE7BB
:101CC0000199300101EB0613DA682240B2F1807FFE
:101CD00052D00AD8B2F5001F34D0B2F5800F3ED0F2
:101CE000B2F5801F12D00136D4E7B2F1006F43D0B5
:101CF000B2F1805FF7D15A689B680958013B22F026
:101D00001F00034423F01F03012032E05A689B6840
:101D10000958013B22F01F0003440120844623F0B0
:101D20001F0340EA4C10CDE902218DF8100002A9F2
:101D300028780593FFF764FE00282ADA6FF0150073
:101D400007B0F0BD5A689B680958013B22F01F009C
:101D500003444FF0020C012023F01F03E1E75A680F
:101D60009B680958013B22F01F000344062023F022
:101D70001F034FF0000CD4E75A689B680958013BD9
:101D800022F01F0003444FF0030C012023F01F0337
:101D9000C7E72B7801332B70A5E7C1F89830C1F85D
:101DA000A00001337BE74FF0FF30C9E700ED00E012
:101DB000B8B90100AAFF44009C4000200000F0FFD9
:101DC00008B5024B1B689847002008BDE8130020A7
:101DD000034B044A1860937843F0020393707047F2
:101DE000E81300200002002008B50649064821F04B
:101DF0000701C1F1005202F5802215F0FFF8002022
:101E000008BD00BFD3C70020EC13002070B54169A6
:101E10000446867A0A4D59B1437ADB0706D4242357
:101E200003FB0653DB691B689B68984700236361CB
:101E30002420214600FB0650BDE8704018F085BC08
:101E4000CC0500202422024B02FB0030704700BF6B
:101E5000CC0500202421827A054B01FB02331A6A4B
:101E60001B7D801A1B3323F00303B0FBF3F0704794
:101E7000CC05002038B52424827A064B04FB0233BB
:101E8000DB69D3E901240C601568FFF7E3FF04FB6D
:101E9000005038BDCC0500202DE9F04385B0054643
:101EA000684690461C46039118F0ADFEDDE90067D8
:101EB000EFF31189202383F31288BFF36F8F6B8AAE
:101EC000002B41D02A8A9A4225D900220023284695
:101ED00013F01CFD0446F0B189F31188BFF36F8F36
:101EE000039B002B41D032463B46684618F0B0FEBB
:101EF0002421A27A254B204601FB0233DB6903A98A
:101F00001B681D68DDE90023A847606170BB20469F
:101F1000FFF77CFF24E0698A4B1E6B8289F31188EE
:101F2000BFF36F8F2B7D2A8A2C6A1B3323F00303A8
:101F3000521A02FB0344154B154AEB1A9B105343EC
:101F4000A3722B7DE372CBE789F31188BFF36F8F08
:101F500023464246284613F0D9FC04460028BFD148
:101F60000024204605B0BDE8F0836361012300250D
:101F70002381039B29466382E27A656004F118009D
:101F800018F0B3FE63692582E360EAE7CC05002020
:101F9000398EE33870B524250C4C00B970BD037A36
:101FA0004668002BFAD0013BDBB20372002BF5D15F
:101FB000C3604360837A05FB03439B6913B1984771
:101FC0003046EAE7FFF722FFFAE700BFCC05002022
:101FD0002DE9F84F06460D4617460446A3466468A9
:101FE000002CFBD14FF02409DFF878A0BBF81030AB
:101FF000BBF81220DBF81410D21ADBF80C300BF10E
:102000000C005B1AD21AAA4228BF2A461FFA82F88D
:102010003946424615F08BFAB5EB0805444447446F
:102020001DD00C9B53B1DDE90A010D9A98478346F8
:10203000A8B10146304615F046FAD7E7B07A09FB59
:1020400000A0C3699B6843B1AB4228BF2B46194629
:10205000DDE90A23FFF720FFE9E72946F8E72046F4
:10206000BDE8F88FCC05002008B5244A244B1A603F
:1020700011F0D2FC4FF47A612248D0F82436C3F331
:102080000802C3F309434B4382F480721E4988322D
:1020900001FB02334FF4FA215B00B3FBF1F201FBC9
:1020A00012331A49B3F57A3F28BF0132C1F8042927
:1020B000D0F820364FF47A60C3F30802C3F3094323
:1020C000434342F21C5082F4807202F2172200FB5A
:1020D00002334FF47A701B0AB3FBF0F200FB1233A9
:1020E0000020B3F5FA7F4FF0010328BF0132C1F899
:1020F0001C27C1F80009C1F8003608BD0020A1075F
:102100000805002000C0FF00F82A008000001250DF
:1021100048B1054B054A1B68B3FBF2F35843044B27
:1021200043F00103184770470805002040420F00A4
:1021300030B9010030B50378012B11D0022B21D02A
:102140006BB90A46144B03F1100453F8045BA34225
:1021500042F8045BF9D143881A0A8A70CB7030BD0B
:102160000A460D4B03F1100453F8045BA34242F8F6
:10217000045BF9D143681A0C180E4A700870C3F357
:102180000722EAE700F11003013913F80129984208
:1021900001F8012FF9D1E2E765CA010010B515F089
:1021A0007CFA18F0E5FB044608B914F02FF8064B4A
:1021B000D3E8AF3F0BB10A2098471CB9BDE81040E7
:1021C00014F038B810BD00BFF813002038B504462D
:1021D000084815F034F9054648B1631EDBB21F2BE1
:1021E00096BF054A0021D15C0C3015F0A9F92846AC
:1021F00038BD00BF8006002075CA01000F2810B549
:102200000CD80D280CD90A4815F019F9044618B154
:1022100004210C3015F094F9204610BD1328F2D09B
:1022200009B10448F0E70220BDE81040FFF7CEBF37
:10223000A40600201406002038B5C5682B78B3B971
:10224000B5F801400F21204601F04EFEE978054621
:1022500070B90C4A138813B1538843B901236FEA4C
:1022600004506FEA105022F81300074AD15438BDC9
:102270004172012101F07AFD2846BDE8384001F0A5
:1022800023BD00BF743F00209D40002010B50024F6
:1022900086B003AB00934FF480624FF0FF330549E3
:1022A0000548CDE90344059413F016FD204606B019
:1022B00010BD00BFB85400205008002010B5012107
:1022C00004460C3015F067F92146BDE810400023A4
:1022D000014A007815F027BBC8BA010010B50121EA
:1022E00004460C3015F057F92146BDE8104008238C
:1022F000014A007815F017BB88BA010070B5314863
:1023000015F0B6F8044600285AD000F10C0528460E
:1023100015F049F9022805D004282FD02046FFF7F0
:1023200039FE21E0238A032BF8D90421284615F031
:1023300032F9FF22438806882276228AC6F30B00F0
:102340009A426083EAD10F2101F0CEFD05460028B4
:10235000E4D001F0F3FD21462076320B284615F03B
:1023600067FD284601F0B0FC174BD3F82C313BB386
:10237000BDE870401549164818F0A8BA2846022151
:1023800015F009F9054600783E2812D015F008FA34
:1023900010F002060DD140F69A430E4A0E490F483E
:1023A00014F07CFE86F31188BFF36F8F0323184669
:1023B00002DF042321460A4A287815F0B4FAADE773
:1023C00070BD00BF2C010020000000201003002081
:1023D000F008002067C801009BC80100C9C80100BF
:1023E00068BA010010B5012104460C3015F0D3F88D
:1023F0002146BDE810400223014A007815F093BA47
:1024000058BA01002DE9F0470C4613F0FFFEE568CD
:102410002B78022B67D0042B05D02046FFF7BAFD9E
:102420006FF0150408E0B4F81080B8F1020F08D876
:102430002046FFF7AFFD002413F0FCFE2046BDE868
:10244000F08768783E2809D1B8F1030FF0D0EB7817
:10245000012B01D00A2B46D1032704E015F0A0F987
:102460000746F8073FD504F10C0601213046D4F8A1
:1024700014A015F088F80221304615F08CF881463A
:1024800000783E2807D1E3681B78012B01D00A2B86
:1024900006D1032614E015F083F9C10706460FD4D0
:1024A00041F26813164A1749174814F0F7FD002344
:1024B00083F31188BFF36F8F0323184602DF0226D0
:1024C000124A0623214699F8000015F02CFAB207AB
:1024D00012D56369A5EB0A0513FA85F5E560A4F842
:1024E0001080BB07A7D52146094814F0ACFF094965
:1024F000094818F0EBF99EE72046FFF74BFDF0E79F
:1025000067C80100E6C80100C9C8010028BA010077
:102510002C01002010030020F00800202DE9F047D6
:10252000884616468246002868D00023DFF8D090FF
:10253000D9E8EF4FC9E8E23F002AF9D1002C5DD07D
:102540002046FFF787FC0C232E4D274603FB005047
:10255000438853450DD0D9E8EF3FC9E8E27F002A10
:10256000F9D1002B4AD01F463846BDE8F047FFF7A7
:1025700011BDA64208D0204614F05CFF328AF168F3
:1025800004F10C0014F0D3FF2046FFF763FC0C2687
:1025900006FB00504368ABB1B8F1000F12D12046E2
:1025A000FFF758FC012106FB00504268536803F016
:1025B0001F00814010685B0900EB8300137ACBB1E8
:1025C00015F02BF92046FFF745FC0C2606FB0050C2
:1025D0008368002BC8D02046FFF73CFC704305F809
:1025E00000802046FFF736FC06FB0055A86813F074
:1025F000BFF9B9E7C94315F0ADF9E3E7BDE8F087E6
:1026000028010020FC13002008B501F06FF8064BEC
:10261000D3E8AF2F02F00B02D3E8EF1FC3E8E02F9F
:102620000028F9D108BD00BFD400002010B5C1E9D1
:1026300000239DF808300C460B72FFF70BFC0C22B0
:10264000024B02FB00335C6010BD00BFFC13002096
:10265000F8B502460B46104814F0F1FE0446C0B12E
:1026600004210C3014F052FF2046FFF7F3FB0C2737
:1026700000260A4D07FB005046802046FFF7EAFB84
:1026800007FB005086602046FFF7E4FB07FB005580
:102690006E602046F8BD00BF5C060020FC130020E1
:1026A0000138C0B202289ABF014B185C0020704765
:1026B00095CA0100034B0146D3F844018268926831
:1026C000104700BF0000002008B50421034815F0A2
:1026D000A4F8BDE8084001F009B800BFD40000200C
:1026E00000487047FFC801000149024818F0EEB8E1
:1026F000000300205008002070B505460C4639B193
:10270000CB684A699B1A032B0ED86FF0150509E0B8
:102710004FF0FF304FF0FF31FFF79AFF044618B932
:102720006FF06805284670BD2046FFF793FB0C222A
:10273000134BA61802FB0033032130465D8014F0D2
:1027400011FF0580238A0121033B8370304614F07A
:1027500011FF40F635439D4209D12046FFF7AAFFFD
:1027600005460028DED02046FFF714FCDAE72146B4
:10277000044817F0DFFF0025FFF7B6FFD2E700BFE0
:10278000FC130020340100202DE9F04306461746D3
:102790000C4685B069B94FF0FF304FF0FF31FFF7BD
:1027A00057FF044658B96FF06805284605B0BDE8E4
:1027B000F083887AFFF746FB304B834257D10122E2
:1027C0000021684617F0CFFF2046FFF743FB0C239C
:1027D000DFF8AC9003FB0090C0F808D0204614F05E
:1027E0005DFE01463046FFF787FF054618B12046DB
:1027F000FFF7D0FBD9E700236846224A13F0ECF834
:10280000804690B14FF4F1731F4A2049204814F0DC
:1028100045FC424631461F4814F040FC85F31188C0
:10282000BFF36F8F0323184602DF2046FFF712FB2A
:102830000C23584319F80060AEB12046093EFFF75B
:10284000A9FB092E0CD8DFE806F0050B0B08150BC9
:102850000B0B0B126FF06E05A7E76FF00C05A4E7EA
:102860006FF00405A1E7002FC1D03C609DE76FF039
:1028700015059AE76FF00B0597E700BF5C0600208F
:10288000FC130020B4C4040067C801000BC9010098
:10289000C9C8010014C90100F0B585B006460DF1A4
:1028A0000301002000F0D0FD0446002846D14FF07F
:1028B000FF304FF0FF31FFF7CBFE0746002840D036
:1028C00019210C3014F02DFE05462146192218F06E
:1028D0000CFA9DF8033006F170012B73681D14F09B
:1028E00071FF194B38469A89D4332A8033F8C62CA5
:1028F0006A800193072302930123B6F88C208DF898
:102900000C30A5F80D20B6F88E20A5F80F20B6F8EB
:102910009020A5F81120B6F89220A5F81320FFF713
:1029200099FA0C22094B394602FB003301AA5A607E
:1029300042F20D002246FFF727FF0446204605B06D
:10294000F0BD6FF06804F9E700000020FC130020E0
:1029500030B54FF0FF304FF0FF3185B0FFF778FE14
:102960000446B0B10C4B0025019307238DF80C50A1
:102970000293FFF76FFA0C22084B214602FB00334B
:1029800001AA5A6042F20E002A46FFF7FDFE05B08A
:1029900030BD6FF06800FAE7D4000020FC1300207F
:1029A0002DE9FF41504AB0F80170118847F4704397
:1029B0009942054636D05188994235D101230021EC
:1029C00022F81310494AD65CEB782C1D012B08BF66
:1029D000474B204614BF4FF0000893F86F8014F067
:1029E00058FE214610B302A814F048FED5F8113065
:1029F000CDF80130B5F81530ADF8053001238DF86C
:102A00000030E87838B9022202A901F08BFDEB789A
:102A10000446BBB1E4B91321384615F073F804B08D
:102A2000BDE8F0810023CAE70026CDE7404615F057
:102A30008EF9014602A814F0C5FE2146684614F03E
:102A4000C1FEDEE76FF080012A4814F083FFE1E762
:102A5000204640F2E242B5F8013002A920F8703B6E
:102A600014F0B0FEB5F8173053430022C4F8883094
:102A7000B5F81930A4F89030B5F81B30A4F89230AE
:102A8000EB7862721C4AE370C4F8A4204732C4F8A1
:102A9000A8204FF4A472A4F8AC206BB9694604F1E5
:102AA0007E0014F08FFE217A114BC1EBC101194455
:102AB00004F1770014F086FE0721204601F056F954
:102AC00026B101212046667201F050F9204601F03E
:102AD00067FA204601F0F8F8E378002B9FD1032035
:102AE00015F062F99BE700BF743F00209D40002075
:102AF00000000020D400002001011B0000B5C168C7
:102B000089B00B7833B1022B2ED109B05DF804EBFC
:102B100014F0D2BF8DF80030B1F8013001A8ADF843
:102B20000130CB7804318DF80330B1F80730ADF8BF
:102B30001730B1F80930ADF81930B1F80B30ADF8F5
:102B40001B304B7B8DF81D3014F03CFE084B684663
:102B50001A689B88CDF80B20ADF80F30CDF8112006
:102B6000ADF81530FFF71CFF09B05DF804FB00BF9E
:102B70005FCA0100F7B5002240F603401146FFF797
:102B800003FE0446002853D1FFF73EFD214641F2E3
:102B9000030001AAFFF7F8FD0446002848D1019A76
:102BA000254DD16805F17803D1F80100D1F8051061
:102BB00003C31046FFF7EEF9214641F2010001AAD6
:102BC000FFF7E2FD044698BB0198C3685A7885F880
:102BD00070205A88A5F872201A7985F87120B3F808
:102BE0000720A5F87420B3F80530A5F87630FFF774
:102BF000D1F9214641F2020001AAFFF7C5FD0446C2
:102C0000B0B9019F05F18006FA68531C4132344681
:102C100018685968083303C493422646F7D13846EA
:102C2000FFF7B8F995F87C305A0607D46FF0120414
:102C3000204603B0F0BD00BF00000020002142F29A
:102C4000030001AAFFF7A0FD04460028F0D1019B74
:102C5000B54EDA68D2F80100D2F8051003C618465E
:102C6000FFF798F9214642F2020001AAFFF78CFD16
:102C700004460028DCD1019CE368B3F8012091B23E
:102C800049B1D97839B1A5F8FC20DA78114606F1B6
:102C9000200017F068FD2046FFF77CF995F87C606E
:102CA00016F0200619D14FF0FF304FF0FF31FFF73B
:102CB000CFFC0446002800F01C8102210C3014F0E7
:102CC00030FC0123214603704670324640F66D40C9
:102CD000FFF75AFD04460028AAD195F89C301B073F
:102CE00012D5002142F21C0001AAFFF74DFD044657
:102CF00000289DD10198C368D3F80120D3F805308E
:102D0000C5E93823FFF746F995F8D8309F0625D551
:102D100068460DF1020114F0B5FE0446002887D183
:102D20004FF0FF304FF0FF31FFF792FC06460028CE
:102D300000F0DF8004210C3014F0F3FBBDF800300C
:102D400022460380BDF802303146438042F224001F
:102D5000FFF71AFD044600287FF46AAF4FF0FF30FA
:102D60004FF0FF31FFF774FC0446002800F0C180EB
:102D700008210C3014F0D5FB95F8D820214612F02C
:102D8000020F14BF2F230F23960695F8D92048BFB2
:102D900043F0400312F0090F4FF0000218BF43F454
:102DA00000630370C3F3072343708270C270027123
:102DB00042718271C27142F20100FFF7E5FC0446E4
:102DC00000287FF435AF95F87C30B5F8FC109806F4
:102DD0007BD4C9B941F2050001AAFFF7D5FC04462E
:102DE00000287FF425AFB5F8FC30019C4BB9E368AF
:102DF000B3F80120A5F8FC209A884C48114617F03A
:102E0000B2FC2046FFF7C6F84FF0FF304FF0FF311D
:102E1000FFF71EFC044600286BD008210C3014F08C
:102E200080FB102303708823437002230022C370A9
:102E3000202321468270027142718271C37140F673
:102E40000140FFF7A1FC044600287FF4F1AE0146E3
:102E500001AA4FF60140FFF797FC044620BB0198FA
:102E6000FFF798F821464FF6024001AAFFF78CFCC5
:102E70000446C8B90198C368B3F80130A5F8C13059
:102E8000FFF788F895F8C1305A070DD521464FF65F
:102E9000034001AAFFF778FC30B90198C3685B785A
:102EA00085F8C030FFF776F8EB799BB900F0E2FACD
:102EB000044600287FF4BCAE01F0AEFC04460028B6
:102EC0007FF4B6AEFFF700FCB2E600299CD16FF0AC
:102ED0000404ADE62E78002EE8D195F8C1309B06AB
:102EE0001ED54FF0FF304FF0FF31FFF7B1FB044626
:102EF00010B96FF068049BE606210C3014F011FB4A
:102F0000D5F8013021460360094B32469B88838007
:102F10004FF60640FFF738FC04460028C6D087E687
:102F20006FF0850484E600BFD80000200001002077
:102F30000100002010B5FFF71DFE034B1B6813B105
:102F4000BDE81040184710BD2014002073B5254D72
:102F50000646D5F8440117F092FA00283BD06FF0EE
:102F6000020105F1D40014F0F5FC012114F055FC28
:102F700010EA010432D11C4B1E600A4605F58C7024
:102F800017F0F1FB05F59A7017F0A6FB174817F03C
:102F9000C8FC6FF007034FF496621549134800947C
:102FA00012F09AFE1349114817F0E8FCD5F84401D5
:102FB000114983681B689847044648B926B902B08E
:102FC000BDE87040FFF7D6BD05F1C40012F07EFEEB
:102FD000204602B070BD6FF01204F9E76FF077047D
:102FE000F6E700BF0000002020140020F0080020B9
:102FF000B858002059C901000524000038B5032144
:1030000004460C3014F0C7FA40F635420346B0F8D7
:10301000010090420DD01D78E36822461978FFF731
:103020007DFA35B1034812F0A3FCBDE83840FFF744
:103030005BBB38BD1801002038B513F0E7F8284D08
:10304000D5F83431002B48D00022002305F58C70D0
:1030500012F0C2FC002840D10022002305F59A702E
:1030600012F054FC044668B940F6AA431D4A1E49B2
:103070001E4814F013F884F31188BFF36F8F0323F5
:10308000184602DFD5F8280120B1FEF783FF0023A0
:10309000C5F82831204614F001FAC5F82801204669
:1030A000FFF708FB98B1124812F062FC2046FEF7C9
:1030B000D1FE0C220F4B1F2102FB0030224640881C
:1030C000FFF72CFA2046FEF765FFFFF70DFBFFF731
:1030D0000BFBBDE8384013F0ADB800F071FFF8E726
:1030E0000000002067C8010062C90100C9C80100D2
:1030F00018010020FC13002038B5042104460C30D0
:1031000014F049FA4578017822464088FFF706FA1C
:1031100035B1044812F02CFCBDE83840FFF7E4BAA2
:1031200038BD00BF1801002070B54FF0FF320D46CA
:103130004FF0FF3300210646FFF760F8044660B900
:103140001A230A4A0A490B4813F0A8FF84F311888E
:10315000BFF36F8F0323184602DF022104F10C0036
:1031600014F0DFF906704570204670BD66C9010095
:1031700062C90100C9C80100F8B506460024094D1E
:10318000EF79E3B29F4202D86FF0010007E02946D1
:10319000304614F0D4FD0735631C08B12046F8BD55
:1031A0001C46EEE70000002070B5144E06223146A2
:1031B000044617F0A2FDE0B14FF0FF304FF0FF31B1
:1031C000FFF746FA0546A8B1062221460C3014F056
:1031D000AEF90022294642F20500FFF7D5FA40B9C0
:1031E0003346226843F86929A288B280012283F815
:1031F000682070BD6FF06800FBE700BF6900002029
:1032000073B504460D4689B12846174914F097FD59
:1032100060B9164A2968C4EBC4041151A318AA88DE
:103220009A80AA799A71002002B070BD6E4630462D
:1032300014F016FA0028F7D13046FFF79DFF00285A
:10324000F5DA0A4A0098C4EBC4041051B179B08889
:10325000A31898809971002DE5D012592A609A8898
:10326000AA809B79AB71DEE752CA01000000002002
:1032700070B5044611B16FF0150070BDF0B1224970
:1032800014F05DFDD0B92046FFF776FF002835DA4F
:10329000237863B91D4AD37983BB20681060A17974
:1032A000A088917101219080D1711846E5E7012B2A
:1032B000E1D1A37903F0C003C02BDCD1134DEB792E
:1032C000012B1ED005F1D403D3E8AF3FDB0707D4B1
:1032D000002CD0D020460C4914F031FD0028CAD172
:1032E000EE792146731C3046EB71FFF789FF08B970
:1032F0003046C2E7EB79013BEB71BEE76FF0770038
:10330000BBE76FF00B00B8E752CA010000000020D5
:103310002DE9F3410446D8B1002141F2090001AA88
:10332000FFF732FA054698B9019E0622D6F80C80BE
:10333000104908F10107384617F0DFFC28B10622D2
:1033400038460D4917F0D9FC30B93046FEF722FE59
:10335000002002B0BDE8F081D8F801303046C4F852
:103360000130BB882570A4F80530FEF713FE01205C
:10337000EFE700BF5FCA010059CA010007B5684600
:10338000FFF7C6FF044BD87118B169460020FFF75C
:1033900037FF03B05DF804FB00000020F0B5294DB5
:1033A00089B0EE79002E46D195F8C230DB0722D5E0
:1033B0006A4631464FF60940FFF7E6F9D8B9DDF81D
:1033C00000C0DCF80C406378012B1E4628BF0126A4
:1033D00073B1A31C02AA123417461868596808333F
:1033E00003C7A3423A46F7D1186838609B88BB8070
:1033F0006046FEF7CFFDEE71002416260127EB791B
:10340000E0B2984202D3B3B1002012E008AB06FB51
:10341000003353F8182C33F8143C6946CDF80120DA
:10342000ADF805308DF80070FFF7EAFE0134002892
:10343000E5D009B0F0BD0021084609B0BDE8F04074
:10344000FFF716BF0000002038B50C4661B10848F0
:103450000578012D05D10130FFF7A6FE00B92570D2
:1034600038BD00200870FBE76FF01500F8E700BFDB
:103470000000002010B50A4CE3790BB1002010BD0C
:10348000FFF77CFF0028FAD1E379002BF6D1FFF794
:1034900085FF0028F3D1601CBDE81040FFF784BE13
:1034A0000000002070B505460E464FF0FF304FF08B
:1034B000FF3186B0FFF7CCF80446A0B102210C30F2
:1034C00014F02FF8094A4670057003A92046052319
:1034D0000095FFF7ABF80022214642F20C00FFF7FF
:1034E00053F906B070BD6FF06800FAE7D400002011
:1034F00008B50C4B0246400903EB800014F051FC68
:1035000002F01F0340FA03F313F0010006D122B9C1
:10351000054814F046FC40F3C01008BD6FF077007A
:10352000FBE700BF24140020D4000020084A430910
:1035300002EB8302012300F01F008340DB43D2E84B
:10354000EF0F1840C2E8E10F0029F8D1704700BF23
:103550002414002030B587B0002200235D4812F00B
:1035600013F90446002840F092805B4814F019FCDF
:1035700010F00103584D46D02B1D93E8070006AB11
:1035800003E90700554814F00CFCC0F340135248FF
:1035900014F007FC044600286CD07BB10C22504983
:1035A0000DEB020017F0A9FB044600286CD00021A7
:1035B0000846FFF777FF0446002865D10023ADF8E1
:1035C0000930BDF80E309DF80C00ADF80530BDF89F
:1035D00010308DF80400ADF80730431E58420DF14D
:1035E0000901584114F0D0FB044600284CD14FF09B
:1035F000FF304FF0FF31FFF72BF80546002849D187
:103600006FF0680440E0354814F0CBFB10F0800FF9
:10361000344A0ED04FF480749089D1891269ADF884
:103620000C40ADF80E00ADF81010ADF81230059258
:10363000A8E72D4C03AB2068616803C3A06818603D
:1036400092F8D930180748BF0523234848BF8DF8A2
:103650000D3014F0A6FB810706D53023ADF81030ED
:103660006023ADF80E308DE71B4814F09AFB42073B
:10367000F3D487E743B10146FFF714FF044618B9B6
:10368000174B2861C3E90100124812F0EFF82046F9
:1036900007B030BD072201A90C3013F048FF2246C5
:1036A000294642F20B00FFF76FF804460028EBD1E1
:1036B0009DF80D10012001F00101FFF7F3FE044613
:1036C0000028E1D1064B06AA12E9070083E80700AB
:1036D000DAE700BF4014002024140020D4000020AA
:1036E000341400200000002018B9010044220021F9
:1036F00010B5084817F0F9FA064B03F11C001C46F8
:1037000016F063FF04F1300016F05FFF0022024B59
:103710001A6010BD2414002070140020032838B54E
:10372000054603D1BDE83840FFF714BFFFF7E0FEC0
:103730000446A8B90B4B6A0903EB8203012205F08A
:103740001F018A40D3E8EF0F1043C3E8E10F0029BF
:10375000F8D1FFF7FFFE044610B12846FFF7E6FE5A
:10376000204638BD241400202DE9F04F00F10C084C
:103770008BB00446404613F016FF06467D4814F011
:1037800010FB00F001037B48039314F00AFBC0F325
:103790008003029316B90BB0BDE8F08F039B13B9F9
:1037A000029B002BF7D0238A082BF4D9092140462D
:1037B00013F0F1FE037A228A01339A420546EAD3D6
:1037C0000123ADF824307F238DF81E30037A471C87
:1037D00003445B7A8DF81D30FF238DF81C300023E5
:1037E000ADF822300278042A98BF634B8DF81F2071
:1037F00098BF9B5CADF82030037A5E48019314F0CB
:10380000D0FA00F001095B4814F0CBFA8246B9F116
:10381000000F0BD0BDF820305A0707D5297A404653
:103820000131013E13F0AFFEF6B2B3E7384613F0B4
:1038300030FF0DF1100B00284FD03946584613F0D9
:103840001DFFB9F1000F02D11AF0040F59D14B4BF3
:10385000D3F800A0BAF1000F14D0E2686369B4F89D
:1038600010B0A2EB0309019B9DF81F2023829DF954
:103870001D10434604A8D0476369A4F810B013FA9A
:1038800089F3E36004AB06933D4B1B68002B36D0F5
:1038900053F80899B9F1000F01D0A9F108091A6885
:1038A0008AB1E1686269B4F810B0A1EB020A019A2A
:1038B000414622821B6806A898476369A4F810B0A5
:1038C00013FA8AF3E360B9F1000F18D0D9F8082091
:1038D00002B1083A4B469146E1E76B78FF2B09D1DC
:1038E000284B186804909A889B79ABF804208BF8D1
:1038F0000630A6E7394614F02AFA0346F1E700231A
:1039000006931C48BDF8203014F04BFA10F0010962
:1039100084D1DB0782D50322484604A900F002FEC9
:10392000824600283FF47AAF022014F03DFAD5F821
:1039300001305046CAF87E30BB88AAF88230BB7985
:103940008AF8843014F0B6F860B11F234946504617
:103950008AF8093000F00AFA504600F0B5F9FFF78E
:10396000F9FD5BE75046022100F000FA504600F0F6
:10397000ABF953E72414002098CA0100701400200A
:103980006814002052CA0100F8B50546224814F018
:1039900008FA43070F463CD52A78012A03D96FF06D
:1039A00015042046F8BD6B780F2BF8D843F6FC744D
:1039B0006888031F9BB2A342F1D8A9880B1F9BB252
:1039C000A342ECD88842EAD37AB9002200231348F4
:1039D00011F0DAFE04460028E3D1FFF789FD044622
:1039E00040B10E4811F042FFDBE714F0CBF900289C
:1039F000EBD1D4E728686968094E0A4B03C6A8686A
:103A00001F6030602046FFF789FE044606F124005F
:103A1000E8E76FF00A04C4E7D40000205414002043
:103A200028140020701400200020024B186014F0AD
:103A3000BBB900BF7014002008B5034814F0B1F9F9
:103A400000F0010008BD00BF2414002070B5054639
:103A50000B4B1C6844B154F81C3C1C3C13B1284669
:103A6000697A9847E469F5E7064C074EB44200D3FB
:103A700070BD236813B12846697A98472034F5E76A
:103A80000C150020B0B80100D0B8010010B50446F4
:103A9000FEF7E0F9044901EB0011204613F03AFE6D
:103AA000BDE81040FEF720BE74140020002270B55F
:103AB0000446D1E901560748C1E9012216F03AFE51
:103AC0003DB1314620462B46BDE870406FF06D0297
:103AD000184770BDBC0500201FB5837A0446072B2C
:103AE0003AD10430D0E8EF3F43F48062C0E8E12FE0
:103AF0000029F7D15B052FD414F070F9810325D587
:103B0000E17851B9154B93F8D930DA0705D502237E
:103B100020461A46009114F055F8A37A072B1BD1C2
:103B20000E4B93F8D8309B0616D513F069FF98B169
:103B30000DF10E0103A813F0A5FF68B92046BDF8EA
:103B40000E20BDF80C1014F01EF805E0204613F00E
:103B5000FFFFA37A072BD3D004B010BD00000020D4
:103B600070B50546002200230E4811F035FFB8B9A4
:103B70000D4B1C6834B154F8143C1C3C03B19847FD
:103B8000E469F7E7094C0A4EB44204D32846BDE87D
:103B9000704012F09BB8A36803B198472034F3E754
:103BA00070BD00BF9C0500200C150020B0B80100BE
:103BB000D0B801002DE9F041044620270025EFF39D
:103BC000118287F31288BFF36F8FE16929B1206AF0
:103BD0000B688142E36108BF236282F31188BFF35F
:103BE0006F8F71B1D1E901680748C1E9015516F03D
:103BF000A1FD1EB1002241462046B047FEF774FDEC
:103C0000DDE7BDE8F08100BFBC0500200448B0F846
:103C1000FC3000F58070002B08BF0020704700BF0B
:103C20000000002030B50446FDF7AEFE0D460D4AFB
:103C30000D4989B00858D2F88010884205D1204635
:103C400009B0BDE83040FFF7B5BF24342146104627
:103C500016F03CFE1DB16946204616F047FE09B03D
:103C600030BD00BFF81100200800000038B5002268
:103C700004468A4202D10024204638BD012004F1C6
:103C8000D003D3E8EF5F002D04D1C3E8EC0FBCF103
:103C9000000FF6D102D0D8340244EAE7002CEAD073
:103CA000D0220021204617F020F804F140000449FA
:103CB00016F03DFE034904F1240016F0DCFDDBE7BD
:103CC00045470000E37D010008B500F1D003D3E8CB
:103CD000EF2F013AC3E8E12F0029F8D1AAB90B4B25
:103CE000984212D303F5D87290420ED2C01AD8234C
:103CF000B0FBF3F203FB120038B9054811F038FEAF
:103D0000BDE80840034811F0E1BF08BD900900205C
:103D10009C0500203003002010B5044614F0D8F8AC
:103D200012F074FA104A04F1C403D2F8101161B908
:103D3000C4F8C410D2F8141159B9C2E9443312F0CE
:103D400079FABDE81040FEF7CFBC8B4205D0096878
:103D5000EDE70B60C2F81431F1E712F06BFA204680
:103D6000FFF7B2FFEDE700BF0000002070B5857AD5
:103D700004468D4223D0817255B1022D0BD0A37A17
:103D8000072B1CD8DFE803F01C0E541B1B1B1B1851
:103D900014F09EF8F3E78378012BF0D1403016F051
:103DA000D4FDECE73A4D05F58076616900295CD1D8
:103DB000BDE87040FEF798BC0023C4E90D3370BD28
:103DC000082DFCD801A353F825F000BFBF3D00002B
:103DD000F13D00001D3E0000173E0000273E0000A0
:103DE000273E00001D3E0000BF3D0000BF3D00001B
:103DF00004F14005284616F0A8FD20460121FFF7F2
:103E000011FF204614F00BF82846BDE87040002250
:103E1000002311F0FFBF022013F0C6FF637A13B135
:103E20002046FFF713FE2046BDE87040FFF74CBF69
:103E3000A378012BC3D1164B9D8A002DBFD00A2336
:103E400047F6122640F2E73000215D434FF47A72C4
:103E50000023E5FB0601FCF713FB02460B4604F1C9
:103E60004000BDE8704011F0A1BFA2690B6891420B
:103E700008BFA36120466361FFF718FEB5F8FC3068
:103E8000002B14BF3046002011F072FD8DE700BFFB
:103E9000000000202DE9F84306460F469046002515
:103EA000DFF83090684200F0D800484414F010F871
:103EB000044620B183781E4208D1FFF705FF6B1C32
:103EC000022B4FF00105EDD1BDE8F8834146B8471C
:103ED0002046F2E790090020002201200149FFF767
:103EE000D9BF00BFD93A0000F8B506460C460027F6
:103EF000114D284613F0ECFF034658B1827A012A8F
:103F000002D0073A012A03D81A88B2420CD01846C8
:103F1000FFF7DAFE7B1C022B4FF0010705F1D805F5
:103F2000E7D100231846F8BD9A781442FAD1184612
:103F3000FFF7CAFEF5E700BF90090020034BC01A47
:103F4000034BC0105843C0B2704700BF9009002017
:103F500013DA4B6870B51C46144305460E4608D06C
:103F6000FDF712FD0B4908580B49D1F88010884223
:103F700001D1002213460949002D14BF28460846E6
:103F800013F05DFA044618B1711D0C3013F0BEFA3F
:103F9000204670BD08000000F8110020CC0500206C
:103FA00010B50446054811F091FE204600F01EFDB4
:103FB0002046BDE81040FFF749BD00BF20030020A8
:103FC00000232DE9F04F87B003930593A74B5A8A3E
:103FD00032B1A74DD5F8104134B907B0BDE8F08F24
:103FE0001B68002BF5D1F8E754F8C43903B1C43B82
:103FF0000026A04901E01C461346B5F8FC20002A23
:1040000000F03281D5F808214AB904F1C406002B2A
:10401000E3D0D3F8C420002AEDD0C43AEBE70A6815
:10402000002AF2D0D4F8B020002AEED0D4F8B42080
:10403000002AEAD0D4F8B820002AE6D0A37A072BC9
:1040400066D120469047002862D004F1C80013F0E2
:10405000C5FE02285CDC204613F03AFF0446002827
:10406000BBD0A37A072B40F0F6802046D4F8B030BE
:10407000B5F8FC1004AA98470746002800F0CB804A
:10408000B5F8FC20049B9A4206D30146D4F8B460EC
:10409000204605AB03AAB047059BDDF80C900193C1
:1040A0003B8A002B00F0DA803846DDF810A013F0D0
:1040B00047FB8046002840F0D480B5F8FC30DFF89C
:1040C000B8B1002B14BF584600200022002311F085
:1040D00083FC78B900220023664811F017FC0646DD
:1040E00000283BD1B5F8FC30002B18BF5E463046A7
:1040F00011F03EFC6FF00B053846FDF74BFFB9F1B0
:10410000000F00F084802A4620460199C8477EE0CF
:10411000D4F8C43004F1C402C6B9D5F81411C5F8F6
:1041200010318A4201D1C5F8143100232046C4F869
:10413000C430D4F8B8309847002892D0A37A072B1F
:1041400040F089802046FFF7E7FD8AE73360D5F825
:1041500014319A4208BFC5F81461E6E7019BC0F824
:1041600004908360B5F8FCB00022DA454FF00003FC
:104170004FF000013D4898BF1FFA8AFBFDF78CFE07
:10418000814650B1FDF766FE3C4B5A4603EB0013E7
:104190003946484613F099FA8146B5F8FC3094F850
:1041A000CC709A458CBF4FF00108023784F8CC8060
:1041B00098BFFFB204F1C808D8E8EF3F0133C8E860
:1041C000E23F002AF8D100233360A3693BBBC4E976
:1041D0000566A378012B25D0D8E8EF3F013BC8E85E
:1041E000E23F002AF8D1314604F1140013F0FCFD3F
:1041F0004846FDF7CFFE20463146FFF757FCB5F89D
:10420000FC301D48002B08BF002011F0B1FB13212A
:10421000204613F074FE2046FFF756FDDDE61E60D3
:10422000A661D6E709F10C0A0421504613F09AF969
:10423000238807F0FD0743EA07330380B9F81030FD
:104240000221043B4380504613F094F94846FEF7A0
:1042500031FA0028C0D1FEF747FADCE76FF07905A4
:104260004AE76FF0040547E79368FFDE3806002051
:1042700000000020BC050020000100207414002074
:1042800040F2E2432DE9F041D0F888600446B6FBE5
:10429000F3F6031D184613F0A1FD8204B6B213D540
:1042A000B4F88C20B2420FD8B4F88E20B2420BD3AF
:1042B000D4E92412914207D1D3E8EF1F21F4005131
:1042C000C3E8E21F002AF7D1104B1D6865B155F80D
:1042D0000C7C1C3D37B131462046B4F89230B4F81E
:1042E0009020B847ED69F1E7094DDFF82880454592
:1042F00001D3BDE8F0812F6937B131462046B4F8CB
:104300009230B4F89020B8472035F0E70C15002023
:10431000B0B80100D0B80100F8B50F4B05461C68D5
:104320005CB11C3C00F1A606A36913B131462846D6
:104330009847E4690CB11C3CF6E7084C084E05F1BF
:10434000A607B44200D3F8BDA36913B13946284685
:1043500098472034F5E700BF0C150020B0B80100E5
:10436000D0B80100F8B50F4B05461C685CB11C3C89
:1043700000F1A406636913B1314628469847E46901
:104380000CB11C3CF6E7084C084E05F1A407B442FA
:1043900000D3F8BD636913B13946284698472034E5
:1043A000F5E700BF0C150020B0B80100D0B801003F
:1043B0002DE9F041074608460D4613F03FFB06463F
:1043C00018B900263046BDE8F081144B1C6884B152
:1043D00054F8103C1C3C0BB9E469F8E72946384610
:1043E00098470028EDD0284613F028FB0028F3D189
:1043F000E7E70B4CDFF82C804445E3D2E3680BB9C8
:104400002034F9E72946384698470028D9D028466D
:1044100013F014FB0028F3D1D3E700BF0C150020E4
:10442000B0B80100D0B8010038B505460C460E48BA
:104430000221FFF71BFCB0B1057223680367A38854
:10444000A0F87430A37980F8763001238370074B8D
:10445000C0F8B030064BC0F8B430064BC0F8B830E6
:10446000054BC0F88C3038BD900900201949000078
:10447000C77D0100BB7D0100180028002DE9F04137
:1044800006460F464FF000080F4D284613F020FD5A
:10449000044620B18378012B0DD0FFF715FC08F1FD
:1044A0000103022B4FF0010805F1D805EDD10024DE
:1044B0002046BDE8F0813A46314613F079FD0028E8
:1044C000F6D12046E9E700BF9009002038B5044640
:1044D000134813F083FC420702D46FF00A0038BD82
:1044E000084613F0ABFA10B96FF01500F7E7FFF7C5
:1044F000A3FA0028F1D10A4813F070FC0306C0F3B8
:10450000C0150AD413F03EFC0028EDD02146284601
:1045100013F06EFD0028E2D0E6E76FF07700DEE7EB
:10452000D40000202DE9F84305460E4690460027AA
:10453000DFF84C90784200F0D800484413F0C8FCF3
:10454000044620B18378012B08D0FFF7BDFB7B1C0C
:10455000022B4FF00107EDD100240DE036B13246B9
:10456000294613F025FD08B92046EEE7A37A434516
:10457000FAD1237AAB42F7D12046BDE8F88300BFD9
:104580009009002010B583780B70C3784B70037AC4
:104590008B70837A023BDBB2062B8EBF0023284A46
:1045A000D35C81F82830012381F8293000234B8522
:1045B0008378012B40D100F170038B60037A214A8C
:1045C000C3EBC30313444B60C27800F1770300F1DF
:1045D0007E0442BB1A462346C1E9032340F2E2426D
:1045E000D0F888304B61B3FBF2F30B83B0F8903016
:1045F0004B83B0F892308B8300F1A4030B6200F17F
:10460000A6034B62D0F8A0302BB15B7CDA0644BF26
:10461000012381F82B30D0F8A03013B15B7C9B06CE
:1046200003D4002010BD2246D6E791F82B3043F08A
:10463000020381F82B30F4E76FF01500F2E700BFBA
:104640009DCA0100000000202DE9F04180460E4681
:1046500015461F46002B38D01146FFF737FF04469A
:1046600070BB2946404613F079FC054680B396E8B6
:104670000F00194C04F1080C8CE80F00A38A002BE2
:1046800008BF4FF49673A382238A03B9A3892382B8
:10469000638A03B9E389022128466382FFF766FB38
:1046A000284613F007FA044668B1002128466972CB
:1046B000FFF75CFB2846FFF707FB0320FFF72EF808
:1046C0002046BDE8F0813D60FAE76FF01504F7E79A
:1046D0006FF00B04F4E700BF0000002038B504467B
:1046E00008460D4613F0AAF938B3154B93F8D830A5
:1046F000990707D4E37873B129462046BDE83840CE
:1047000000F0C2B994F898309A07F3D5201D13F041
:1047100065FB4304EED42946204613F087FC58B9C4
:104720002B88A4F88C306B88A4F88E30AB88A4F862
:104730009430EB88A4F8963038BD6FF01500FBE795
:1047400000000020F7B510F8363C0446A0F1400602
:104750000BBB304613F0BDFC2C4B1D684DB155F81A
:10476000183C1C3D1BB1304614F8371C9847ED69C6
:10477000F4E7274D274FBD4205D3304603B0BDE8CF
:10478000F040FFF7A1BA6B681BB1304614F8371C34
:1047900098472035EFE710F83E3C012B34D110F854
:1047A0003D3C63B9FEF7D4F869302DD140F239129F
:1047B0000023204603B0BDE8F04011F02BBBA0F170
:1047C0003C05D5E8EF3F23F40052C5E8E12F00296E
:1047D000F7D19B0410D5E36C69460093636D3046B6
:1047E0000193FFF77BFF38B9D5E8EF3F23F48053FF
:1047F000C5E8E23F002AF7D1D5E8EF3F43F4006374
:10480000C5E8E23F002AF7D103B0F0BD0C15002047
:10481000B0B80100D0B8010038B5214815F05CFFF0
:104820000024204D29461E48013415F083FF0A2C30
:1048300005F10C05F6D114F02CFA02F0A1F80446AB
:1048400028BB15F0F4F9044608BB13F093FD164895
:1048500013F03EFB054638B1043013F0BFFAC2072F
:1048600017D42846FFF730FA104813F031FB0546FD
:1048700068B1043013F0B2FAC30705D50023032151
:1048800028462B72FFF772FA2846FFF71DFA2046DA
:1048900038BD032128462C72FFF768FAE1E700BF14
:1048A000BC0500209414002090090020680A002014
:1048B00010B50A4A136813B1936C63B901234820F9
:1048C00000FB0320064C5B424460002003F04803D9
:1048D0001A440A6010BD6FF00B00FBE714150020AE
:1048E00004BB010070B5044652EA030008D0FDF78E
:1048F0004BF8074D074ED5F880503058854201D10E
:10490000002213462046BDE870400431FFF722BB69
:10491000F8110020080000002DE9F0470F469046EE
:10492000D0F8BC4044B1403C236B5BB92068BC303C
:1049300013F0C5FB246CF5E7FDF7D6FE00263046E4
:10494000BDE8F08704F13009484615F008FF054638
:104950000028F1D012F0F4FE0028EFD1284612F022
:104960009DFD656C06469DB9A38C058A403B9BB2B4
:104970003F2B03D8238D9D4228BF1D46042106F1FD
:104980000C0012F0EFFD0580A38C043543806564B4
:10499000BD421FD8B6F810A0554506D1002200230D
:1049A000484610F0B3FFFDF7F5FAA38CA3F14002DF
:1049B0003F2A06D855451ABF002213460A4AF3611A
:1049C000B2612068BC3013F07AFB236B13B1204630
:1049D00013F056FB636C9F422CBF0027DF1BC8F807
:1049E00000306764ABE700BF07820100F7B50446FB
:1049F0000026234D234FBD4201D303B0F0BD2988CB
:104A0000204613F0F7FB6B68019001A920469847F8
:104A1000002830DB019B2A889A829A8403F11002D5
:104A2000D2E8EF1FC2E8E06F0028F9D11E645E648F
:104A30009E60A16B03F10802F9B9C4E90D221C6064
:104A4000DE6003F1300015F047FE019843681B68F3
:104A500003B19847019B1033D3E8EF1F41F00101E8
:104A6000C3E8E21F002AF7D101984368DB6913B15C
:104A700000F1100198470835BDE70A60A263DEE740
:104A800098B80100B0B8010070B5134A0C4613780D
:104A90000646013313F0FF010ABF01230B461946F6
:104AA00013701220082213F071FB054688B108210B
:104AB0000C3012F036FD228829460280628842803E
:104AC000A2888280E288C2803046BDE8704013F040
:104AD000A7BB6FF00B0070BD9F40002023281FD89C
:104AE0001A2804D8431E182B0ED906207047A0F1AF
:104AF0001B03082B1ED8DFE803F0051D1B231D191F
:104B0000251D05000320704701230F4A83401A40EA
:104B1000C2B90E4A1A40002A0CBF06200120704775
:104B200000F07F03522B05D1002070470120704711
:104B30000520704710F0400F14BF0020062070477A
:104B40000420704702207047AAAA8A0254554501E2
:104B50002DE9F74F054608468946FDF77BF91823EE
:104B60004343264F0446FA189168D9F80C60019126
:104B700005F14C00D0E8AF0FC1073BD5D9F80C00C8
:104B8000007810710022FA503378D22B0ED12B68A6
:104B90004946186815F048F840B101904846FDF7BD
:104BA000F9F9019B184603B0BDE8F08F18235C4368
:104BB000002349461A4607EB0408281DD9F80C6063
:104BC000D9F814B0B9F810A0C8F8085013F0F4FAE6
:104BD00003460028E6D0D9F81420A6EB0B0612FAFB
:104BE00086F6019AC9F80C60A9F810A0C8F8082048
:104BF0003851D7E76FF01503D4E700BFAC1500209C
:104C000070B50E46438D418B01328B4228BF0B4657
:104C10009A42054631D83046FFF760FF6FF0140323
:104C2000034113F0010310D0FCF7AEFE144B1958EA
:104C3000144BD3F8803099421DD0134B1B685A1A7D
:104C400018BF4FF0FF32134600E0104A0021104811
:104C5000FFF748FE044660B1FDF7FCF818220D4B43
:104C6000012102FB003304F10C009D6012F059FC9D
:104C70000670204670BD0022E5E70024F9E700BF7A
:104C800008000000F81100209C1600201C4E0E00A9
:104C9000F0050020AC150020011F014815F04BBCA9
:104CA00050050020F8B50F4A074600230E480E466F
:104CB00012F0C5FB044690B100F10C05092128460D
:104CC00012F024FC2046FDF7C5F81822074B0121FD
:104CD00002FB003328469F6012F023FC067020463A
:104CE000F8BD00BF1C4E0E00F0050020AC150020E2
:104CF00008B5EFF31181202383F31288BFF36F8F80
:104D0000002303600C4B5A689AB9C3E9000081F391
:104D10001188BFF36F8F094810F0D8FF002807DA19
:104D2000002383F31188BFF36F8F0323184602DF3C
:104D300008BD10605860EAE7A41500206803002051
:104D40007FB5CB6804461D888DB15E8876B1AE42D2
:104D50000DD310220021684615F0C7FF052120461B
:104D6000FFF7A0FF019058B9112007E03546012355
:104D70002A460421204613F099FC002004B070BD9F
:104D80006B4631462846084A009413F0ACFCDDE936
:104D9000011323B90846FDF7FDF80A23E8E720468A
:104DA00013F083FBE9E700BFD5850100F0B51D4690
:104DB000036804460E4685B001211868174614F0B2
:104DC000F4FE38B904F14C0013F0B1FC50BB1220D2
:104DD00005B0F0BD65B310220021684615F085FFCF
:104DE00039462046FFF75EFF029018B3BDF8283021
:104DF0002946ADF80430012328468DF80C300E4AC0
:104E00006B46009413F06FFC9DF80C3002995BB177
:104E10000846FDF7BFF82A46314620469DF80C307B
:104E200013F044FC0020D3E7204613F03EFBF9E7E3
:104E30000120CDE71120CBE7238B01002DE9FF41B5
:104E4000036804460D461868012114F0AEFE40B90F
:104E500004F14C0013F06BFCA0BB122004B0BDE8C1
:104E6000F08110220021684615F03FFF0F212046F7
:104E7000FFF718FF029038B34FF00108009405F1D6
:104E80000C072B8A012B04D82046029913F00DFB46
:104E900018E0384612F08FFB6B4601460B4A064677
:104EA0008DF80C8013F01FFC9DF80C30002BE8D01F
:104EB0000298FDF76FF832460E2120469DF80C301F
:104EC00013F0F4FB0020C9E71120C7E7238B010092
:104ED0002DE9FF41036804460D461868012114F0CE
:104EE00064FE40B904F14C0013F021FCA0BB122079
:104EF00004B0BDE8F08110220021684615F0F5FEEF
:104F000021212046FFF7CEFE029038B34FF0010872
:104F1000009405F10C072B8A012B04D82046029936
:104F200013F0C3FA18E0384612F045FB6B46014611
:104F30000B4A06468DF80C8013F0D5FB9DF80C301B
:104F4000002BE8D00298FDF725F8324620212046B4
:104F50009DF80C3013F0AAFB0020C9E71120C7E729
:104F60009F8A010010B5044600F14803D3E8EF1F03
:104F700041F00101C3E8E21F002AF7D1201F13F01E
:104F8000BCFA04F16400044915F0D1FC2068BDE8C6
:104F9000104001F06FBC00BF978C01002DE9F04379
:104FA0000F460446062187B007F10C0012F0F3FA11
:104FB0000588EDB1B0F80280B8F1000F17D0A84510
:104FC00016D3002382888DF800308DF804304FF41A
:104FD0002053684601A9D7F80C90ADF80220ADF82F
:104FE000063012F0F0FA064660B10A2301E04546A9
:104FF00001232A460621204613F058FB002007B063
:10500000BDE8F0830146142201A83F7C15F06DFE37
:1050100007212046FFF746FE0290D8B10A234146F9
:105020008DF81530284601AB0B4ACDE90369019490
:105030008DF8147013F057FB9DF8153002992BB1C1
:105040000846FCF7A7FF9DF81530D2E7204613F07D
:105050002CFAD3E71120D2E7538801002DE9F04163
:105060000E8A0446043EF6B2022E08468CB001D0E9
:10507000102E76D104210C3012F08DFA0DF10408B7
:1050800005884788011D3246404612F0C9FA0028BB
:1050900069D085B377B3BD422DD80121606814F083
:1050A00084FD064678BB42F602038DF8000069468F
:1050B0004046ADF8023012F086FA20B342F6030300
:1050C000404606A98DF81860ADF81A3012F07BFA48
:1050D000C8B1012D03D14FF6FF739F4213D004F1E5
:1050E0004C0013F024FB002814BF002012200CB049
:1050F000BDE8F0813D4601232A460821204613F0F1
:10510000D5FA0020F3E7182200210DEB020015F07C
:10511000ECFD09212046FFF7C5FD0890F8B10121FB
:105120000C30CDE9064812F0FCF900230990037019
:105130000A2339468DF82C30284606AB0B4A13F06B
:10514000D2FA9DF82C3008992BB10846FCF722FFC3
:105150009DF82C30D0E7204613F0A7F9D1E71120B5
:10516000C5E70420C3E70E20C1E700BF6D5400006F
:105170002DE9F0410E8A0446043EF6B2022E08469E
:105180008CB001D0102E64D104210C3012F003FA3F
:105190000DF1080805884788011D3246404612F087
:1051A0003FFA002857D0A5B300268FB3BD4230D8B0
:1051B0004FF42053404601A98DF80460ADF8063045
:1051C00012F001FA48BB1422002107A815F08DFD4A
:1051D00011212046FFF766FD0990002837D00121F4
:1051E0000C30CDE9074812F09CF900230A903946AB
:1051F00003701A4A0B93284607AB13F074FADDE9E3
:1052000009131B78FBB90846FCF7C4FE0A2301E02A
:105210003D4601232A4610210EE042F60103404696
:1052200007A98DF81C60ADF81E3012F0CCF90028EB
:10523000C9D010232A461946204613F037FA002019
:105240000CB0BDE8F081204613F02FF9F7E71120EC
:10525000F6E70420F4E70E20F2E700BFB5530000A4
:10526000F0B51D4603680E460039044618BF0121FB
:1052700087B01868174614F098FC40B904F14C0048
:1052800013F055FA002844D0002007B0F0BD002DDF
:1052900041D018220021684615F027FD47BB23683E
:1052A00029461B68284600930023ADF812300C9B5A
:1052B0001A4A0393BDF834308DF80860ADF8103009
:1052C00001238DF814306B4613F00DFA9DF814305D
:1052D000C3B1002FD8D00198FCF75CFE002ED3D0CC
:1052E0002A46122120469DF8143013F0DFF9CBE74F
:1052F000002213212046FFF783FC01900028CED125
:105300001120C2E701990029BED0204613F0CDF844
:10531000BAE71220B9E70120B7E700BF63850100B3
:105320002DE9F0410B8A04460D46002B3AD0066861
:10533000012105F10C0012F02EF9B37A0746072B74
:1053400030D154F8043C6BB300230178184E043C70
:1053500016F833004FEAC308884206EBC30211D1A6
:10536000298A5378994220D3536829462046984782
:1053700003464644B278012A14D19BB1397889B1E9
:1053800000220CE001331C2BE2D10846FFF7A6FBFC
:105390002122C24012F0010204D119B10623204695
:1053A00013F084F90020BDE8F0810423E1E700BF99
:1053B0002CBB01002DE9FF414FF000084FF42053B2
:1053C00005460E46006802A9144617688DF8088045
:1053D000ADF80A3012F0F7F8A0B142F601032868E0
:1053E00003A98DF80C80ADF80E3012F0ECF848B13E
:1053F00023691BB15A88B24200D25E80012004B0FA
:10540000BDE8F0816168286812F0DDF810B1002372
:105410002361F3E7E368A0681A786AB1B7F82AC095
:10542000798B038A8C4594BFC3EB0C03C3EB010358
:10543000934201DA0020E2E704210C3012F071F807
:1054400020610680236929465E80074B0194009302
:1054500038460023A26813F099FA0028EADB206995
:10546000003818BF0120CAE78D8601002DE9F347F7
:10547000176805468946006851681446D7F804A0A5
:1054800012F0A1F8804600284BD1952229465046BB
:1054900013F073FF0646207540B1E3681B780BB12B
:1054A00084F81480002002B0BDE8F08729465046F9
:1054B00014F07DFB10B908232375F3E7A068267567
:1054C00011F0F0FF02210C3012F02BF8164B206186
:1054D000A0F8009000930194334629463846A2680C
:1054E00013F054FA002807DA10F1FF0F32BF0E2034
:1054F0004042C0B22075D5E72369002BD2D0A06806
:1055000012F043FF7B8B7A8D9A4294BFC0EB02006E
:10551000C0EB0300E3681B78984294BF0020012091
:10552000C1E70120BFE700BF9B830100F7B500235F
:1055300004460E4600226946284810F0F7F8054652
:10554000D0B9FCF721FA264B29461A58254B00986A
:105550001A60242215F0C9FB009B00221C60009CED
:105560000023C4E90155C4E907551F4801A9019565
:1055700010F0DCF8054620B16FF00B05284603B0AB
:10558000F0BD0146A022019815F0AFFB0198174B22
:105590008360543015F0A0F8019B4C33D3E8EF2F13
:1055A000C3E8E15F0029F9D1019B1C60E369019F19
:1055B0001BB904F10C0015F08FF8E26907F19803AC
:1055C000C7F89820226AE36102B923621722019B7F
:1055D0005A855A8304333360D0E700BF3405002076
:1055E000080000009C160020500500204003002009
:1055F0002DE9F74F0646EFF31187202383F3128836
:10560000BFF36F8F404C204612F0B5FE236805466D
:10561000009387F31188BFF36F8F00285ED0FCF7EB
:1056200019FC182202FB00F33849C81851F803B0DE
:1056300003690021D0E90247019390F80480B0F893
:1056400006A015F052FBA87AFCF7FCFB69698146BD
:1056500051B16A7AD00705D4D9F81C2028461268BF
:105660009268904700226A612946484615F06DF815
:10567000B8F1000F22D00CB32368FBB11B68EBB16B
:10568000BBF1000F1AD1201D13F07BFA4046FFF743
:1056900025FA052812D8DFE800F0240311241103AD
:1056A00004F14C03D3E8AF3FDA0707D5236D2BB1E4
:1056B0000023174A04F1680010F0ACFB009B6BB1AB
:1056C0003146002015F002F9002807DA002383F3A1
:1056D0001188BFF36F8F0323184602DF03B0BDE8C4
:1056E000F08F54F84C3B1D68D4E8AF3FDB07E5D59D
:1056F000002FE3D0002403E028460199B847013485
:10570000A3B25345F8D3D9E7A4150020AC15002067
:105710001C4E0E0007B50B4600210246FCF734F97B
:1057200001910E4909580E480068884204D00D487E
:10573000D0F88000884201D10022134601A90A480E
:105740000FF0F4FF014638B91022019815F0CDFA98
:10575000019803B05DF804FB0020FAE708000000A0
:105760009C160020F81100206C05002010B504469E
:10577000806818B1FCF70EFC0023A3602146BDE849
:105780001040014814F0D7BE6C0500202DE9F74306
:10579000044668300F4690461E4615F0D6F8206D38
:1057A00048B9201D00F028F81321606803B0BDE857
:1057B000F04312F0A4BB0F4B98424FF0000317D0F8
:1057C00045684360206DD0F80C90FFF7CFFF0023B1
:1057D0002068236512F020FE3DB12068CDF80090CE
:1057E00043463A4631460068A84703B0BDE8F08317
:1057F0001D46ECE7A0160020F7B550F8044C05460E
:10580000002C55D000F1940104F11C0012F076FF39
:105810002E1F05F1500700220023384610F076F8BD
:10582000024658BBEB6C2BB101466FF06703304664
:10583000FFF7ACFF002345F8043C05F14803D3E82B
:10584000EF1F21F00101C3E8E21F002AF7D1E3694D
:1058500073BB04F10C0600220023304610F056F80A
:1058600078B9666886B921461248266014F063FE4E
:10587000286803B0BDE8F04001F02CB8FCF78AFBC3
:10588000C9E7FCF787FBE6E7A268336896426360E6
:1058900008BFA36077683FB1F3686FF067010093BA
:1058A000002320681A46B8473046FFF75FFFD8E765
:1058B00003B0F0BD3405002008B5036D6BB1084A94
:1058C00093420AD0CB68DB78002B08BF0E2300225E
:1058D0001146FFF75BFF002008BD0E23F7E700BF6E
:1058E000A016002010B50C4608B301B313F07AF9E6
:1058F000E8B1C3693BB153F8982902B1983A196DE0
:105900008C4206D062B90430214612F0F7FE2046E0
:1059100002E02046064A1A65BDE81040FFF726BFA0
:10592000D2F8981001B1983913460A46E7E710BD3E
:10593000A0160020F8B51D460F461646FCF78AFA59
:105940001823044C03FB00400123C0E90376C38005
:105950000575F8BDAC15002070B50E4C05462378D2
:105960000E46834203D1601C13F05BFA68B9237BB7
:10597000AB420CD13146084813F053FA20B1012054
:10598000404200F00C00204470BD0020F8E70020E9
:10599000FAE700BF803F00208D3F002038B50C465D
:1059A00019466BB103F114055B698AB9E268A3601B
:1059B000954200D1E36000230D681A464B61A84769
:1059C000A3685BB9601C0649BDE8384013F031BAE2
:1059D0001360E3689D4208BFE260ECE738BD00BF9A
:1059E00052CA010070B54A1C0C46054688B91046DB
:1059F0000D4913F016FAA8B904F10A0604F10B02D6
:105A00005DB12846A17A12F0D3FA00B900263046DB
:105A100070BD097812F0CCFAEDE71046024913F098
:105A200000FAF2E72646F2E752CA010038B5054609
:105A300048B1154B1A4613F8011C5C1E12F0B8FA57
:105A400058B1204606E011490F4813F0EAF978B141
:105A50000D4B581E38BD0020FCE72846217C04F180
:105A6000110212F0A5FA0028F5D004F11000F1E7B8
:105A7000054B064903F1100013F0D3F90028EAD0D2
:105A8000014B03F10F00E5E7ED16002052CA0100BB
:105A90002DE9F04180460F4616461D46FFF75CFF94
:105AA000044648B90E49FFF757FF044650B139463E
:105AB00000F8018B13F0BDF923892BB962892AB94B
:105AC00026816581BDE8F0819E4204D36289AA42A5
:105AD000F8D29E42F5D263892681AB42F2D2F0E73A
:105AE00052CA01002DE9F047284B16468268074646
:105AF0009A422BD1C568AB8A43B34FF000086C1CA7
:105B000005F11509B4F807309BB12246304614F868
:105B1000011C12F04DFAE0B9214614F8010CFEF711
:105B2000ADFC30B1837A072B08BF48F00108FEF7BF
:105B3000CBF80A344C45E5D1B8F1000F06D1AB697A
:105B4000A5F8148013B14146384698470120BDE8B6
:105B5000F08706F1700A5146307A11F091FF78B95A
:105B60000B4B9D4202D1304613F036FB20460949CB
:105B700013F05FF9002304F8013CA4F80730D8E7DC
:105B80005146204613F055F9D3E700BF3D5C0000B5
:105B90008003002052CA01002DE9F84306460D4655
:105BA0001948002117469846DDF82490FFF7B2FD0A
:105BB000044660B14560C7604A4630469DF82010F3
:105BC00013F042F8054638B92046FFF7CFFD6FF0D5
:105BD0000B052846BDE8F883002201231146FFF794
:105BE000A9FE2846A5603A464946C047054618B171
:105BF0002046FFF7BBFDECE72146304613F0BDF829
:105C000005460028E5D0F3E71C4E0E0073B50C46A0
:105C10000546082104F11000164613F011F912236D
:105C200004223146CDE9003228462246024BFFF7D6
:105C3000B3FF02B070BD00BFB39001002DE9F8437F
:105C40001E46BDF8203081460F46D1F80C80002B4F
:105C50003DD1731E012B3DD8012E41460CBF157856
:105C60001588FFF7BFFE044680B915B93046BDE878
:105C7000F8834146FFF7B6FE044670B309F17001A0
:105C8000013013F0D6F899F808302370D8F81C309A
:105C90008BB92581B8F81430AB4203D04146384661
:105CA00013F0D9F8002DE1D10D49601C13F0C1F8B3
:105CB00025702581DAE72A46394648469847002864
:105CC000D5DB01380128E4D96FF00D00CFE76FF084
:105CD0000600CCE76FF00C00C9E76FF01000C6E7D4
:105CE00052CA01000948D0E8EF3F23F00203C0E8A0
:105CF000E23F002AF7D1D0E8AF3FDB0704D500220E
:105D00000023303810F086B8704700BF900B002099
:105D1000012110B50F4813F093F8C30719D40221DD
:105D20000C4813F08DF8084007D10B490B4A0B883B
:105D30000B4CA24207D300B10B800A490A48BDE8C8
:105D4000104014F0F4BD5068083203449BB20120A7
:105D5000EFE710BDE0160020983F0020D0B801000A
:105D6000E0B8010035600000600B002003462DE91B
:105D7000F04148B1008A38B901244FF0140C1149A0
:105D8000DFF844E0714501D3BDE8F081D1E9007648
:105D9000BB4204D30CFB0672143A93420ED934442E
:105DA000A2B214460831EDE70CFB0578434507D055
:105DB00001356219AE4292B2F6D1F2E70025F8E75A
:105DC0001046E1E7D0B80100E0B801002DE9F74F37
:105DD00099464FF6FF73BDF830500746002D08BFB7
:105DE0001D46244B90461B88009183423CD203B051
:105DF000BDE8F08F73682344BB4232D29CB20836B0
:105E00001D4B9E42F6D3F2E740468958019311F0AC
:105E1000DAFB019B90B101340AF1010AA4B2736864
:105E20005345ECD9009B9C42E1D8BC42F3D30BFB19
:105E30000AF231688B18B8F1000FE5D1B9F1000F03
:105E40000BD1013D1846ADB221460E9A0D9B9847E5
:105E5000002DCCD00028DED1C9E7DA689145DAD12F
:105E6000EFE74FF0000ADAE701244FF0140B034E7E
:105E7000C6E700BF983F0020E0B80100D0B801009D
:105E8000002307B50193FFF771FF411C89B2084653
:105E9000034A01AB13F066FA019803B05DF804FB06
:105EA000E78D01002DE9F843894651680746B1F8AE
:105EB0001280154618F094083AD1022213F07BFAAA
:105EC000002838D000211D48AE8AFFF723FC023697
:105ED000044660B11A4B32464360C5601D21384606
:105EE00012F0B2FE064628B92046FFF73FFC6FF0DD
:105EF0000B051AE0012342464146FFF71BFDA98A24
:105F000006F10C00023111F00CFB20F8029BAA8A6A
:105F1000296914F0DDFE21463846A66012F02DFFF7
:105F2000054610B12046FFF721FC2846BDE8F8835E
:105F30004FF0FF35F9E76FF01505F6E71C4E0E0040
:105F4000ED8D010070B504460D468AB0364BD3E89E
:105F5000AF3F5A0761D510B1837A072B60D16E68C5
:105F600030460596FFF702FF2A68ADF8180032B3F5
:105F700005A902912D4900230191012100914FF6BD
:105F8000FF710593FFF722FF059E1EB96FF0010018
:105F90000AB070BD6E60002330688DF8103042F694
:105FA000030304A9ADF8123011F00DFB70B9059888
:105FB000C3689B799B0605D46FF01500E8E70028BD
:105FC000E9D1E3E713F07FF9ADF81800BDF8180048
:105FD0003CB1012301462A462046AB75FFF762FF1C
:105FE000D6E76FF07F0307930223ADF8203042F627
:105FF0000213ADF8123005ABAC7502930C4B4FF6A3
:10600000FF710193012304AA0093234609958DF89B
:106010001040FFF7DBFE0798BAE76FF00A00B7E71A
:106020006FF07F00B4E700BFD40000201B8E01009A
:1060300061610000034613B550F8082CA0F120015F
:10604000019200F13004D4E8EF2F22F00102C4E8FD
:10605000E02F0028F7D10D4A002043F81C2C0C4AF1
:1060600023F8080C43F8182C01AA43F8102C04223A
:1060700023F8060C23F80C2CFFF764FF18B9022153
:10608000204612F0DDFE02B010BD00BF48BC01008A
:10609000E55C000070B52C4B81680646994250D1F2
:1060A000C56814682B8973B12A46204612F8011B73
:1060B00011F07EFF38B14FF495723146204613F04F
:1060C0005CF9032812D16B8A002B3AD02046A97ABA
:1060D00005F10B0211F06CFF002832D04FF49572DD
:1060E0003146204613F049F903282AD02946304684
:1060F00012F0B1FE154B9D4223D1207A04F17001BC
:10610000FFF72AFC0546E0B103890BB94389C3B107
:106110002046FDF713FF2A890D4B0E4923F8202056
:106120006A8903EB80035A80182202FB00110B617D
:106130000423094A20464A60084A8B828A60FFF796
:1061400001FF012070BD00BF3D5C00008003002006
:10615000783F0020B016002048BC0100CF8F01001E
:106160002DE9F0473D4B1546826807469A423AD1E1
:10617000D0F80C803A4B98451DD10026394C20466A
:10618000394912F04EFE78B90722214614F8010C65
:10619000FEF7C8F950BB2B6921461A6914F8010CA7
:1061A00053881288FFF774FC731C022B4FF0010612
:1061B00004F10C04E3D108F1010608F11509B6F861
:1061C0000720AB899A420BD1314616F8010CFEF735
:1061D00055F9824620B1837A072B0AD0FDF774FD6A
:1061E0000A364E45EBD10120BDE8F087FDF76CFD86
:1061F000DAE7D8F8203023B13946984708B9504635
:10620000ECE77C8A14F09404F9D1AB89022B17D106
:10621000B6F8074014F002040AD050462A69A9884B
:10622000FFF740FE044618B92A69937D0133937540
:106230005046FDF749FD002CAC60D1DA0020D3E7D1
:10624000012BF5D1B6F8074014F00104F0D0504608
:106250002A69A98813F042F90446E9E73D5C000089
:1062600080030020813F002052CA010070B5837A6C
:106270000546072B0C4686B040F099800B7C062B18
:1062800067D8DFE803F004045151598D20000B68F2
:106290008BB11B786BB1022B5BD1162301930623C4
:1062A000224600934349444B2846FFF775FC06B04D
:1062B00070BD0823F2E7102304212246CDE9003106
:1062C0003E4B3F49F0E70868002842D00678002E90
:1062D0003FD14FF4245302A98DF80860ADF80A307D
:1062E00011F071F900B342F60213206803A98DF88A
:1062F0000C60ADF80E3011F066F9A8B142F6031348
:10630000206804A98DF81060ADF8123011F05BF927
:1063100050B142F60413206805A98DF81460ADF859
:10632000163011F050F9A0B9082304222549CDE90F
:1063300000322246244BB7E7086888B300264FF4A2
:10634000205302A98DF80860ADF80A3011F03BF92E
:1063500010B96FF01500AAE742F60103206803A9FF
:106360008DF80C60ADF80E3011F02DF90028F0D04A
:1063700042F60203206804A98DF81060ADF81230CF
:1063800011F021F90028E4D042F60303206805A9A2
:106390008DF81460ADF8163011F015F90028D8D03A
:1063A00004232246CDE900330849094B7CE76FF00E
:1063B0007F007CE78395010067900100F78E010064
:1063C0001B960100D5630000278F0100A9970100EB
:1063D000B38E01002DE9F04F93B0804617461C9D07
:1063E00031B12A4600216B6813B0BDE8F04F184761
:1063F000287C022871D1A3B11278062A02D0082A7B
:106400000FD10846002642F6020A5C1E8DF82000D5
:10641000A4B207F1010B944209D214B9002E40F046
:1064200030812A46002140466B68984739E0BBF826
:1064300000901FFA89F6002EF3D0BBF802009DF8F9
:106440002020ADF81C00BBF80410ADF81E1062B19E
:10645000022A15D0296839B308A811F0B4F818B386
:106460003A78A41AA4B29344D5E708AA06929BF8F6
:1064700006209BF8071042EA0122ADF82220E9E746
:106480000A236881A981A5F80890404601920093EB
:106490002A46804B8049FFF77FFB86B2002E40F0F2
:1064A000F08013B0BDE8F08F4FF000031022002100
:1064B0000EA88DF81430ADF816A014F016FC05AA3D
:1064C0000D9206AA109240462A466B68ADF8449099
:1064D0000DA998470028C3D1E3E7032863D1002B17
:1064E0009FD01278072A02D0152A9AD102210026BD
:1064F0005C1E8DF82010A4B207F101090DF1200AED
:1065000094428AD3B9F800B01FFA8BF6002E88D0D7
:106510009DF8203063B1022B13D02968F1B15046A9
:1065200011F051F8D0B13A78A41AA4B29144E7E737
:1065300099F8053099F8062043EA0223ADF8223095
:10654000EBE709F105030DF1210209F1150153F8FB
:10655000040B8B4242F8040BF9D1DEE799F80230C4
:10656000B9F803208DF81E304FF000038DF8143079
:1065700042F603030021ADF81C200EA81022ADF84E
:106580001630CDF818A014F0B0FB05AB0D9306AB98
:1065900010932A4640466B68ADF844B00DA9984761
:1065A0000028C0D17DE72A68167876B96BB1B2F8B9
:1065B00002A05C1EA4B207F10109AAF5245A3B7897
:1065C000A34207D90CB9002E5BD12A4600214046D0
:1065D0006B6809E7012CF8D9B9F800B01FFA8BF6FF
:1065E000002EF2D0BAF1040FEFD801A353F82AF02D
:1065F00005660000CB65000005660000056600002A
:1066000045660000032CE0D9B9F80230ADF820301F
:106610002B68102200210EA8039314F066FB039B45
:106620002A460D9308AB109340466B68ADF844B012
:106630000DA9984700283FF434AF3B78E41AA4B280
:106640009944BCE7082CC0D999F802308DF8203065
:1066500099F803308DF8213099F8052099F8043025
:1066600043EA0223ADF8223099F806308DF8243041
:1066700099F8073099F8082043EA0223ADF826304C
:10668000C6E72A463146404613B0BDE8F04F12F047
:106690005ABF00BF9F8E01001997010007B5837A8A
:1066A0000A46072B2CD14B683BB908234FF0040E48
:1066B000CDE9003E144B154909E0012B11D0097BAF
:1066C0005B00019341B1202311490093114BFFF767
:1066D00063FA03B05DF804FB0E230F4900930F4BE0
:1066E000F5E74B8933B10C234FF0040CCDE9003CA6
:1066F0000B4BE0E70A230221CDE90031094BDAE731
:106700006FF07F00E5E700BF5B9101000199010098
:10671000E58F01008B8F01008F8F0100638F0100D7
:10672000DF8E0100CB8E010070B5837A0646072B01
:106730000D463DD1FFF77AF9044658B9FFF776F9CF
:106740000446002837D006F17001013012F071FBC9
:10675000337A2370A36893B10022143B9D422DD05D
:1067600018892989884205D19889A989884228BF32
:1067700042F001025B690BB1143BEFE772B9114AB9
:1067800029463046FFF742FA024638B1A3681BB9E2
:106790000D49601C12F04DFB104670BDA26805F15A
:1067A00014036A61E268A36002B9E3600022F3E7C0
:1067B0006FF07F02F0E76FF00B02EDE76FF077020A
:1067C000EAE700BFDD90010052CA0100F8B5837A04
:1067D0000646072B0C4643D1FFF728F9054600284B
:1067E00041D08368002B3ED000221746143B9C42C8
:1067F00009D018892189884208BF47F001075B69E1
:106800001BB1143BF3E70122F9E762B304F1100373
:10681000D3E8AF3F5B0703D52146304613F044F978
:1068200077B104F1140105F1080012F0B1FCAB6876
:106830001BB90E49681C12F0FCFA57B9002007E09A
:10684000214630460A4AA781FFF7E0F90028E8D040
:10685000F8BD002321461A4630462568A847EDE7D3
:106860006FF07F00F4E76FF01500F1E752CA010006
:10687000DD90010007B5009001206B464FF6FF71D7
:10688000034A8DF8040012F06DFD03B05DF804FBBF
:10689000956000002DE9F0410D4B06461B680F4640
:1068A000904623B153F8044904B1043C0BB9BDE848
:1068B000F0811B681BB142463946304698472CB1DF
:1068C000656805B1043D23462C46EFE72546FAE707
:1068D000E41600202DE9F84F054603464FF6FF71F8
:1068E0000120214A12F03EFD2846FFF79FF8064698
:1068F000B8B38468ACB354F8147907B1143F4FF0BF
:10690000000805F17009C24601E03C461F4604F14B
:10691000100BDBE8EF3F23F00803CBE8E23F002A4F
:10692000F7D14946287A11F0ABF868B923464246B8
:1069300031462846A4F80CA0FFF730F88FB17B69E8
:10694000002BE2D0143BE0E7DBE8AF3FDB07EDD400
:1069500073781BB14946701C12F06BFA04F11408ED
:10696000ECE7BDE8F88F00BFE55A0000034B426832
:106970009A4204BFC3681982704700BF01990100A1
:106980007FB54FF420520023ADF8162004AA0292DE
:106990000A4A0120CDE900324FF6FF7105AA04939F
:1069A0008DF81430FFF712FA049B012B14BF6FF01F
:1069B0001500002007B05DF804FB00BFB79B010085
:1069C00010B50A4A136813B1936C63B901234820C8
:1069D00000FB0320064C5B424460002003F04803A8
:1069E0001A440A6010BD6FF00B00FBE70C17002083
:1069F00070BC010010B54FF0000E00F1070C541EE2
:106A00002CF0030C1860A4B2ACF80020023A93B248
:106A100001FB04F240F802E074B14FF6FF7C03FB87
:106A2000011403FB01F22044121B013B9BB263459E
:106A30008050A0EB0100F8D110BD00BF03460068F4
:106A400010B102680AB91A607047C11D21F0030134
:106A5000B1F800C0D11D21F003010CF1FF3CA1F8F9
:106A600000C0F0E70B687BB1073323F003031A88FB
:106A7000013292B20346D1F800C043F807CB23F0AD
:106A800003031A80086070470122F3E702FB01004C
:106A9000704700BF401A90FBF2F080B2704700BF11
:106AA000531E11449BB242B1DB430138CA1811F89E
:106AB000013D914200F8013FF9D17047014402E0E5
:106AC00010F8013B1BB98842FAD100207047012021
:106AD000704700BF10600860704700BF0A68034637
:106AE0000068904209BF002200200A601A607047C7
:106AF000D2F800C0CCF80000D2F800C0CCF80410E6
:106B000010607047884203D01AB143681360704721
:106B1000002070470B68834209D02AB15868106082
:106B20001A680A6018467047002BF9D1FAE700236B
:106B3000F8E700BF2DE9F8434FF090080C270D4E01
:106B4000DFF8349006F1200409EB080529462046B9
:106B50002A1D083CFFF7BEFFB442A5F10C05F5D194
:106B6000043F3B1DA8F13008A4F12006EAD1BDE89E
:106B7000F88300BFF81700204418002003468C4615
:106B800010B49AB101EB4101144803EB430409012D
:106B900001EB84010144487A0C7AA04204BF013021
:106BA000087210BC614618460CF0C2BD01EB4102F0
:106BB0000A4C120100EB400302EB830323449C7A4E
:106BC000DA7AA24201D010BC704701329A720122D7
:106BD000034B5A5410BC0CF0DBBD00BF2018002042
:106BE0009C170020F8B506461C460D4602B32278D5
:106BF0006378D21A12F0030229D1294F71004FEAAB
:106C0000450C3144AC44890001EB0C1101330431D3
:106C1000DBB27A18606821462370FFF769FF012212
:106C2000204B294630465A550CF0B2FD0020F8BDE5
:106C30000CF098FD0028DAD0294630460CF084FD8F
:106C4000637860B92278D21A12F00302D5D0012AF3
:106C500003D00133DBB22370E1E71046F8BD05EB4A
:106C6000450206EB46010E4F120102EB81023A4447
:106C7000907AD27A710090424FEA450C05D0207884
:106C8000C01A10F00302E2D1BBE72278D21A9207B1
:106C900002D00233DBB22370D4E902039847C5E780
:106CA000201800209C1700202DE9F04FDFF8689194
:106CB00089B019F80030002B5BD0002103248346F3
:106CC000DFF858A1C0EB0013CDE9041100EB400739
:106CD0009B000AEB0717039309F800100294B846CB
:106CE000002358F8240FB96A07AA0793FFF70AFF91
:106CF00044460546CDB1079E96F800807278A8EB11
:106D0000020808F00308B8F1010F35D031788A1A6B
:106D100002F00302012ACBB23DD1D7E9090107AA4B
:106D2000FFF7F0FE0546002DE5D197F82E3097F8D5
:106D30002F209A4203D087F82F300123049397F82D
:106D40002C3097F82D209A4203D087F82D3001235C
:106D50000593029B0C3F5D1EEBB2FF2B0293BED14D
:106D6000D846DDF810B00599BBF1000F01D000291D
:106D700047D009B0BDE8F08F013A7270079AD2E9A6
:106D800002018847079E32787178D3B2521A02F016
:106D90000302012A23D000222146B86A0193FFF79B
:106DA000B9FE7560019B717873703278521A02F0E7
:106DB0000302012A0AD0D7E9090107AAFFF7A2FEB8
:106DC000B8F1010F054695D104460EE0039B7170A2
:106DD0001A1D314628465244FFF78AFEEBE707AA00
:106DE000D7E90901FFF78EFE0446029B8BB1012310
:106DF0005946584609F80B300CF0CAFC09B0BDE8FA
:106E0000F08F0A464046414609B0BDE8F04F0CF00D
:106E10008FBC002C89D0EAE79C17002020180020A6
:106E20004B1E8446DBB271B100200CF1FF319C4453
:106E300011F8013F23B15A1E01301340C0B2FAD1FC
:106E40006145F5D170470846704700BF2DE9F04F06
:106E50000325012706466F4C83B00421304609F014
:106E6000B9FF4FF001081E230021D6F800C04FEAF9
:106E7000DC722CFA03F000F0010090429E461ED016
:106E8000DAB201311B2AC9B240F28880013B2CFAE8
:106E900003F2192902F0010201F101095FFA83FAF4
:106EA0004CD082429E464FF002084FF0010B63D057
:106EB000BAF11B0F5FFA89F16DD91046E6E708F1C8
:106EC00001095FFA89F9B9F1060F48D907FA03F009
:106ED0007AB300222CEA000C0131C9B219292CD056
:106EE0004FF00108013BC4D200228CEA040301A840
:106EF000019310F8013B23B1591E01320B40D2B26D
:106F0000FAD102AB9842F4D1012A09D91FFA8CF3C5
:106F1000B3EB1C4F2AD15FFA8CF3B3EB1C6F25D176
:106F2000013D15F0FF0598D16FF00D0003B0BDE8ED
:106F3000F08F01224CEA000CCEE710460EF101035F
:106F400007FA03F318B15B420CEA030CCCE7013BF0
:106F50004CEA030CC8E708F101095FFA89F9B9F1B5
:106F6000060FC346C84607D10246BBE70020C6F855
:106F700000C003B0BDE8F08F5FFA83F9B9F11C0FD0
:106F800010D9013B2CFA03F202F0010290429E4616
:106F9000E1D0104674E74FF01B0E9FE7012910D097
:106FA00002469BE7C9B900204FF0010808FA0EFE1F
:106FB0007AB100222CEA0E0C814205D00146D84657
:106FC00090E7C3460246EEE701314FF00108C9B22F
:106FD00088E742464CEA0E0CEEE7B9F11C0F03D0ED
:106FE0000129C1D10846DFE7CCF3C062824203F138
:106FF000FF3308D0D8B201311B28C9B2CBD9104613
:107000004FF01B0E42E708F101094FF01B0E5FFA2B
:1070100089F9A4E7D6BE898EF0B5067E0468FF2EF6
:1070200026D033464FF0000C2C2707E0A25CDEF898
:107030000850FF2A1E46AC441AD0134607FB03F241
:10704000994204EB020EF1D18E4201D1A35C03768A
:10705000A35C2C2202FB06F6FF2BDEF80800A355EA
:1070600004D002FB03439A6802449A606044F0BD76
:107070000020F0BD2DE9F04F0368427A87B04568E3
:107080000193002A00F0E88089464FF02C0B04465B
:10709000531EDBB205EBC30302930595029B5A68AE
:1070A00093F801A00492CDF80CA0B9F1FF0F55D0D0
:1070B00000260BFB09F2019B484613F802909D182D
:1070C0004FF0FF0C85F800C02768217E07EB02080F
:1070D0006145D8F8083018BF00960DD1B9E09B1A69
:1070E00005D1B8F81EA0BEF81EE0F2456DD8BA5D15
:1070F0008C46FF2A60D011460BFB01F607EB060E0B
:10710000DEF808209342EAD2009EBCF1FF0F18BFC0
:107110000BFB0CFCC8F8083088F8001018BF07F803
:107120000C000BFB017708BF2076BA68D21ABA6050
:10713000AB7801336B70002EB7D00020336A30700B
:10714000B0700BB1716A98476B68002BADD1336A90
:10715000B9F1FF0F2B62736A6B62A9D1DDE903A756
:10716000029B98780AEB8A030AF10102504507EB6B
:10717000C3065FFA82FA029A5DD0117817F83320BD
:10718000514508BF4FF0000A042AEBD170780199ED
:107190000BFB00F28D1895F801C0A9788C4517D02B
:1071A0000022012007F83320336AB0700BB1716AF6
:1071B0009847029B9878D5E70BFB01F1C8F8083097
:1071C00088F80020009E7854B2E71346009E9CE7A2
:1071D0004FF6FE77338A6169BB42CDF80CA007D029
:1071E0004FF6FF77DB1BB3FA83F35B0985F8283092
:1071F0004FF6FD77F3686B60338ABB4288BF00238C
:107200000027AB837369AB61B369EB60F3692B61F2
:10721000B3686F61AB60D6F804C0BCEB010E11D44B
:1072200000217344AB600023EB83EB78696143F08A
:107230000103EB7044E70599A2F1080391420BD0DA
:1072400002932BE7A1EB0C018B42E9D8C91A3B460C
:10725000E8E7B95420766BE707B0BDE8F08F00BFD0
:1072600001232DE9F04F447E8DB08376002C40F051
:10727000A980037E8046FF2B00F0A3800BF0CAFBA1
:10728000D8F81420D8F81C30861AB34294BF0023D3
:10729000012398F81870A246FF2FD8F800900393A6
:1072A0006ED04FF02C0B04942BE0039B23B9D8F83D
:1072B0001C30534540F28B80E278E38B22F00102D0
:1072C0000133E27094F828209BB2E383002A7CD03B
:1072D000A28B9A4279D2A570E56885B1D4E90413EE
:1072E00000220191E178AAEB030301F00101009172
:1072F000D8F81400114618444FF6FF73A847FF2F23
:107300003DD00BFB07F709EB0704A368B34236D85F
:10731000A278F61A9A44637819F807709B1ADBB2C0
:10732000012BECD1A369013AD5B20293002BBCD159
:10733000A570E568002DE2D0B4F81EC06069D8F8E9
:107340001430AAEB00001844002221696346019121
:10735000E17801F0010100911146A847DDE902231F
:10736000002A18BF43F0010303934FF000030022EB
:10737000E383E378FF2F62F30003E370C1D1049C41
:1073800098F80B3098F80A209A4208D10132D2B20C
:10739000022A16BF14460023234688F80B4008EB48
:1073A0008303C3F80CA0D8F82440002543460122EB
:1073B00004210320A44688F81A500DB0BDE8F04F10
:1073C000604784760DB0BDE8F08FA57097E7FF2F7A
:1073D00064D0B4F81EC0A28B6068944532BF614689
:1073E000ACEB020189B201FB00013B46CDE907A7E6
:1073F000CDE90AC24FF0000E8446CDE90516029F82
:10740000099523E0002D39D0BCF1000F38D0A0EB56
:10741000060A1FFA8AFA864214D8691A05FB0A116D
:10742000059888422CBF00200120D278E17802F034
:10743000010601F00105AE423ED84A40D20701D410
:10744000002839D119F80330FF2B1BD02C2202FB66
:1074500003F309EB030291688E44BE4512D890698C
:107460000028EFD0D08B968B55688642CAD9002D64
:10747000E8D0BCF1000FE5D08246CCE72846D4E73F
:107480006046D2E7DDE90875A570E568DDF828C03B
:10749000DDE9066A002D3FF434AF4FE7A570E568DB
:1074A000002D3FF46CAF6369D8F81420AAEB0303F6
:1074B000B4F81EC0981847E7E178DDE90AC221F068
:1074C00001010CF10103E17094F828109BB2E383F1
:1074D000DDE9066ADDE9087500297FF4FAAEA570DA
:1074E0000FE700BF2DE9F04F837E8DB00190002B98
:1074F00040F07281437E0A93002B7AD101210198DA
:10750000837AC27A44699A420894417600F02C83C7
:107510000B44DBB2022B0ABF0A9A1A461346012417
:1075200001998B7201EB8203DA68089B0492134481
:107530004B61019B1D7E07950BF06CFAFF2D0590AA
:1075400002D1019A08905061019A136892F809805B
:10755000029308F1FF335668DBB2B8F1000F00F078
:1075600022834FF0000806EBC30BFF23C2460393B0
:107570000B94CDF824800696DBF804909BF803105A
:107580009BF80240631C04EB8406A142DBB209EBCA
:10759000C60560D09BF800209A4208BF00238BF8F4
:1075A000023019F83620042A39D9082A2BD82C237E
:1075B000697803FB01F8029B03EB08077B78B87836
:1075C0001B1A13F0FF032CD1062A1CD1019BDB7E72
:1075D0008B4250D009F836A02B6A85F802A0002B08
:1075E000CCD0696A002098479BF803109BF80240B2
:1075F000C8E70421446A034601220846A4460DB0A8
:10760000BDE8F04F60474FF0010309F836A0AB70BA
:107610002B6A002BB2D00120696A9847AEE71C465E
:10762000B0E7052A1FD16A684AB9AA683AB9EA6878
:107630002AB92A691AB96A6932F07F42E3D0012B6C
:1076400026D00421019B01225D6A0846A847012338
:107650008BF802400993069AABF10803934500F0BA
:10766000BE809B4688E7012B6DD0062AE9D1019B9D
:10767000DB7E8B42AED1019B69685A698B1A40F15F
:107680008680521A0499914294BF00235B1880E0CF
:10769000019C2046FFF7C0FCB860059BD4F814E0BD
:1076A000A3EB0E0C049B03EB0C01884277D9421A22
:1076B0007B68EBB1AB8ADBB1013B99B2A9827868F8
:1076C000FB8B824206D809E0A3B2121AFB838242E6
:1076D000A98A03D98B4203F1FF34F5D88B4206D235
:1076E00001339BB2FB83A98A02448B42F8D3B9834E
:1076F0006B6879691A44BA60AB68BCF1000F0B443F
:1077000053DB944463455AD2ACEB030200237B6104
:10771000BA60EA68BB691344BB612A69934294BFAB
:1077200000239B1ABB61AB7D1BB1FA7863F30002A7
:10773000FA70DDE9022302F808307B786A780133B9
:1077400003927B7046E7062A3FF440AF019C204637
:10775000FFF762FCBB78B8607B70E27E6B789A4280
:107760007FF438AF19F83630062B84D0FF23019A06
:10777000D37619F83630062B3FF47DAF082B3FF453
:107780007AAF019B05995A698B1A3FF57AAF049A33
:1077900013440199CA699A4288BFCB611AE77B6991
:1077A00000221944091A796182E70599AEEB010EAE
:1077B0007245A6D89E44AEEB02030022A7E7A3EBD6
:1077C0000C03FAE701230A930023019A5376937E70
:1077D0000A9A1A4340F0BE810DB0BDE8F08F0B9CB1
:1077E000DDF82480019F079A3B7E981A18BF01207C
:1077F0000546002C00F09780059A0899FF2BA2EB14
:1078000001063A463F6800F08E800025CDE90580EC
:10781000AB46B84602954FF02C091546049F04E08C
:10782000A37863702B7EFF2B75D009FB03F008EB68
:107830000004A168B94200F29D81029A94F802C046
:107840000A44029262787F1AA2EB0C02D5F81CC09F
:10785000761A614528BF4FF0FF31B4F81EE026BF0D
:10786000E9760021ACEB0101E961A169D2B209B16D
:10787000022A14D0C4F808B018F8001029766168FC
:10788000C9B9002ACCD0012A02D0BEF1000FC7D05E
:10789000236A002BC4D00120616A9847C0E7BEF17B
:1078A000000F00F0A6800022A26018F800202A76BF
:1078B00061680029ECD0B4F81EE0BEF1000F74D16D
:1078C000B4F81CE094F828C0724602FB0112BCF127
:1078D000000F76D0DDF820C0A4F81EE0A260DDF82D
:1078E00008E06969E644BEEB010AD4F814C075D417
:1078F0005244944579D3ACEB02010022A260039A72
:10790000616108F80020039363780133DBB2637090
:107910002B7EFF2B89D1079BDDE90580FF2B0CBF58
:10792000054640F0010503990198FFF7A3FB019B71
:10793000079A1B7E934200F00281B8F1000F67D0D6
:10794000FF2B00F03A81079AFF2A00F02F812C21AB
:10795000DDF80480D8F8002001FB03229768002F8F
:1079600000F015810BF056F80A260446D8F814509A
:10797000013E621B974202F106027FF623AFBA4234
:107980002CBFAD18ED19D8F82830284698470BF0D1
:1079900041F8C4F101022B1B02449A427FF614AF56
:1079A000002E00F0BB800446E0E7002294F802C0FD
:1079B00002FB011284F801C094F828C0BCF1000F4A
:1079C00088D1964286D90A440CF1010C96421FFADE
:1079D0008CFCF8D8F4441FFA8CFE7BE7A1EB0E0177
:1079E0008A4212D95244944585D20021A2EB0C025E
:1079F00084E7E961EB76C4F808E018F800202A76FD
:107A0000616800293FF40CAF55E76144891A74E7B7
:107A1000019A0125517A56684A1ED2B200298FD0A8
:107A200006EBC207CDE908654FF02C0A3E4696F8F2
:107A300001B0F27873685A4569D0DC461F46B346F8
:107A40000CEB8C0C17F83C3007EBCC0C012B40D026
:107A5000022B4BD1DCE90120DCE903E91478019920
:107A6000FF2CDCF81430D1F800804D6902D0016899
:107A7000A9425DD0002601990C7E0560FF2C25D01F
:107A8000CDE902B7CDE904C29B46CDF818E00BE082
:107A9000AA685B4620463244C84778B918F80740C0
:107AA000AB68FF2C1E443CD00AFB04F708EB07052B
:107AB000A969B9F1000FEBD10029EFD0AB68DDF86F
:107AC00018E01E44DDE902B7DDE904C21470CEF807
:107AD00000604FF00002DCF820308CF802201BB16F
:107AE0000020DCF8241098479BF803209BF801C085
:107AF0009BF800300CF1010C5FFA8CFC634508BF69
:107B00004FF0000C62458BF801C099D15E46089A8F
:107B1000A6F1080396422BD01E4688E700DE0446F5
:107B200024E7DDF818E0DDE902B7DDE904C2CDE7BE
:107B30000AFB04F4DEF8006018F804409EE7B8F190
:107B4000000F27D0019B002D35D15D769B7E002B49
:107B50003FF442AE019B01225C6A03210420A4464B
:107B60000DB0BDE8F04F60470A9B1C460493E0E46B
:107B7000099DE7E7019BC91BA1601B7E079ADDE910
:107B8000058093420CBF054640F00105CBE6019B02
:107B90005F76DFE7019B5E685B7A5A1ED2B2002BEC
:107BA0007FF43EAFCEE7FF2303931BE60AF018FFF6
:107BB000019B1B7ECBE61B7EC2E60AF01BFF38B999
:107BC000019BD86158769B7E002B3FF405AEC1E740
:107BD0000023019A5376937E002BBBD1FCE500BFB6
:107BE000F0B4049E9DF81450069C30BB144F3A60CC
:107BF0005A1E39727B727E60D2B273B106EBC2023A
:107C00001146546012F808398E4203EB8300A5EB4D
:107C1000030304EBC004DDB2F2D175B9FF23079A68
:107C20007D613A62089A7D817A62099AFD61BA6241
:107C30003B76FB762846F0BC70470120F0BC7047CD
:107C4000E018002040B9064A117EFF2901D11072C8
:107C500070476FF00F0070476FF01500704700BF5E
:107C6000E01800202C22074B10B402FB00335C6AA2
:107C70002CB1A44601220321022010BC604710BC95
:107C8000704700BFE01800202DE9F8432C240E4671
:107C9000214DBDF8308004FB0055696801EBC6003A
:107CA000C47811F8367004F1010C5FFA8CFC67455A
:107CB00098BF4FF0000C417861452AD004274FF05F
:107CC0000209416804EB840E01EBCE0401F83E701A
:107CD0006360089B6270A3600A9BA4F81080E36055
:107CE0000D9B84F8029063610E9BA3610F9BE3617F
:107CF000109B2362119B636280F803C03046D5E974
:107D0000083698472B4600223946B047A078BDE890
:107D1000F8830120BDE8F883E018002030B58BB06F
:107D20000E9C0F9D009400240194139C02950694D0
:107D3000109D149C03950794BDF84450159C049520
:107D40000894129D169C05950994FFF79DFF0BB0B2
:107D500030BD00BF2DE9F8432C24224F1D4604FB03
:107D6000007708467C68BDF82C8004EBC10114F84C
:107D70003060CC784B7804F1010C5FFA8CFC6645DE
:107D800098BF4FF0000C63459DF830E026D04FF0CF
:107D9000050902234E6804EB840406F8349006EBD0
:107DA000C404A370089B6270A360099B6560E360D4
:107DB0000A9BA4F8148023610D9B84F816E02362CB
:107DC0000E9B636281F803C0D7E9083598473B46AC
:107DD00000220421A847A078BDE8F8830120BDE86F
:107DE000F88300BFE0180020F8B52C24194E04FBDE
:107DF00000667468084604EBC10E14F831509EF812
:107E000003409EF8011004F1010C5FFA8CFC6545FB
:107E100098BF4FF0000C614519D007270221DEF80A
:107E2000045004EB840405F8347005EBC4042362A9
:107E3000069B6270A17063628EF803C0D6E90835B4
:107E40009847334600220421A847A078F8BD0120B6
:107E5000F8BD00BFE0180020F8B52C241A4E04FB32
:107E600000667468084604EBC10E14F831509EF8A1
:107E700003409EF8011004F1010C5FFA8CFC65458B
:107E800098BF4FF0000C61451BD008270221DEF897
:107E9000045004EB840405F8347005EBC4046360FB
:107EA000069B62702362079BA17063628EF803C019
:107EB000D6E908359847334600220421A847A07820
:107EC000F8BD0120F8BD00BFE0180020F8B52C2453
:107ED0001D4E04FB00667468084604EBC10E14F8DE
:107EE00031509EF803409EF8011004F1010C5FFA36
:107EF0008CFC654598BF4FF0000C614522D04FF6D1
:107F000002770221DEF8045004EB840425F8347073
:107F100005EBC404C4E90123069BA170E360099B3F
:107F200023610A9B63610B9B23620C9B63628EF847
:107F300003C0D6E908359847334600220421A847F4
:107F4000A078F8BD0120F8BDE01800202C2370B502
:107F5000064C03FB00440846D4E9083598472346FD
:107F6000AC46BDE87040002204216047E0180020C4
:107F70000AF050BD401A704700210148704700BF09
:107F8000BF410100022801D00120704738B50446E6
:107F900008461D4602F0D2FC18B100232B7018468B
:107FA00038BD204638BD00BF002303700B707047FA
:107FB00038B5054600200C4602F05EFB10F0060FB7
:107FC0000ED13DB9074B44B120681860A2889A8051
:107FD000002038BD044B002CF6D11C609C80F7E7D4
:107FE0000C2038BD141900200C190020012804D8D9
:107FF00008B903487047034870470020704700BF26
:10800000141900200C190020012809D830B9064B9A
:10801000186808609A8818468A807047034BF7E70B
:1080200000231846704700BF141900200C190020C7
:1080300010B5044608F0EAFE50B909F0F3FB60B948
:1080400009F03AFF70B92046BDE810400DF090BC31
:1080500000DE09F0E7FB0028F2D000DE09F02CFF7B
:108060000028F0D000DE2046BDE810400DF080BCB6
:10807000086001480DF07CBC602600200DF078BC43
:108080002DE9F84F0B788946122B88BF2B4B83467E
:1080900088BF93F8983092469A424DD0274D5C1C89
:1080A00035F83320E4B2132C08BF00240026012742
:1080B0004FF01208028005EBC30319E0012838D005
:1080C000C3F80480122C89F8004088BF95F89840C6
:1080D000A24523D023B2013435F83310E4B2BBF803
:1080E0000020132C08BF0024914205EBC30315D1D7
:1080F0005868B0B1FF28E1D9027902F00302013AD1
:10810000012A12D912225A6002F034FC122C89F88A
:10811000004088BF95F89840A245DBD13046BDE8C5
:10812000F88F01365F60F6B2CCE701360122F6B275
:10813000E9E70136F6B2C5E70026EFE7401900206F
:108140002DE9F041324F3B88984253D913F0FF0597
:1081500024D0DFF8C08098F815400134E4B2052C33
:1081600008BF002498F81430A34219D02A48FEF71B
:1081700065FC064690B12948FEF760FC00283BD01C
:10818000066098F8153048F823003B88013D013B14
:1081900015F0FF0588F815403B80DED1BDE8F08181
:1081A0003B88002BFAD00026DFF8748098F8154041
:1081B0000134E4B2052C08BF002498F81430A3421F
:1081C000ECD01548FEF73AFC05460028E6D01348E7
:1081D000FEF734FCB0B16E60056098F8153048F8D1
:1081E00023003B8888F81540013B9BB23B80002B65
:1081F000DED1D3E70546ACE73046BDE8F04106499D
:10820000FEF730BC2846BDE8F0410349FEF72ABC22
:10821000081A0020702400200C1A0020701A002078
:10822000E01900202DE9F8434FF0000805262F4BF8
:108230002F4F181D05221421A7F81880FEF7DAFB2E
:108240002C4B05220821181DFEF7D4FB97F8189037
:108250007C7E0134E4B2062C08BF0024A14514D072
:108260002448FEF7EBFB054678B12048FEF7E6FB15
:10827000002835D0C5F8048005607B7E47F82300D0
:10828000013E16F0FF067C76E3D11B4B0922181D38
:108290004FF48E71FEF7AEFB184B0C22181D08210F
:1082A000FEF7A8FB1548FEF7C9FBA8B1144A111F39
:1082B000FEF710FC1148FEF7C1FB78B1114A111FFF
:1082C000FEF708FC0822104BFF201A80FFF738FF4A
:1082D000BDE8F84308F06ABA00DEE7E700DEEDE744
:1082E00028460449FEF7BEFBCFE700BFB4240020B8
:1082F0001C25002088240020701A00200C1A002061
:10830000041A0020FC190020081A00202DE9F04171
:108310007C4D7D4E86B004AA02A90DF1070003F042
:10832000B7F80446D5E9000103AAFEF7EBFB0746C0
:1083300050B3039B002B6AD0187804AA02A903F05B
:10834000BFF8039B0446002840D0049ABDF80810EB
:108350001F78ADF80A10059203F0C4F82146059A7B
:10836000BDF80A0003F0F2F8204603F085F838461D
:1083700005AA0DF10A0103F0A3F804460028EBD189
:1083800030680DF0F5FAC6E7002C3DD0049B9DF84F
:1083900007700593BDF80830ADF80A3003F0A2F875
:1083A0002146059ABDF80A0003F0D0F8204603F0F4
:1083B00063F8384605AA0DF10A0103F081F8044676
:1083C0000028EBD130680DF0D3FAA4E705931B79B0
:1083D000013B2C2B1ED8DFE803F01F32741D1F1D3C
:1083E0001D1D1D1D1D1D1D1D1D1D1D1D1D1D1D1DBD
:1083F0006A1F1D1D1D1D1D1D1D1D1D1D1D1D1D1D5E
:108400001D1D1D1D1D1D1F0006B0BDE8F08100DEF5
:10841000039B91E700DE7EE700223A496868FEF799
:1084200079FB3846394B059993F89930384A0B70E7
:10843000FEF75EFB344B18680DF09AFA6BE70022EA
:1084400030496868FEF766FBDDF81480D8F808400C
:1084500034B12378002B52D02378013BDBB2237058
:1084600098F80C3013B1012B43D000DE0023294AC9
:1084700088F80C30537E117E0133DBB2062B08BF27
:108480000023994239D0C8F80070517E42F821800B
:108490005376002C3FF43FAF2378002B7FF43BAFA3
:1084A000A368002B3FF437AFE068984733E700221A
:1084B00014496868FEF72EFB3846059902F0FCFC6B
:1084C00029E7384605A902F011FD0E490022686827
:1084D000FEF720FB059900293FF41DAF0B792E2BE9
:1084E0003FF419AF094B384693F89930084A0B709E
:1084F0009EE7404602F004FEB8E700DEC9E700DE72
:10850000AAE700BF001A00205C26002040190020C6
:10851000FC1900201C25002010B5224B224C86B0EF
:1085200018600AF051FA2378002B34D0022004237B
:108530000C241E4A1E4905921E4A009104921E4AAE
:10854000019403921D4A0292087408760B700B7214
:10855000002005211A4AFFF743FB08BB0122002136
:10856000184812F000F908F0EFFB08B106B010BD92
:10857000FFF758FE09F054F90028F7D101F0B0FFD9
:108580000028F3D109F08CFC0028EFD106B0BDE83B
:10859000104002F0F9BBFEF7CDFA01232370C5E7C6
:1085A00000DEDBE75C260020A040002081380100CF
:1085B00050280020E1370100C1370100702600205B
:1085C000702800206026002030B585B002F006F843
:1085D00060BB02F0DFFB70BB0024194819491A4A3E
:1085E0001A4BA0F89840A1F8204194829C82012265
:1085F0002146684612F0B7F8154B03202246214663
:108600006D46C3F808D0FEF7EDFAB0B94FF0FF326F
:108610004FF0FF3328460DF0DFF9FFF703FE00218E
:10862000012005B0BDE83040FFF7C2BC00DE02F01B
:10863000B1FB0028D0D000DECEE700DEE6E700BFC9
:10864000401900203825002070240020E019002067
:10865000D403002008B5FFF7B7FF08F0ABFB00B16B
:1086600008BDBDE80840FFF7EDBA00BF2DE9F043B3
:10867000804689462C4D2D4F83B00023C8F800302A
:1086800095F8994001AAD7E90001FEF73BFA0646A2
:10869000002834D0019B48461A782549FFF7F0FCA2
:1086A000034690BB95F898208DF8012095F8992005
:1086B0000DF101010DF102001C46FFF7E1FC44EA57
:1086C000000212F0FF020346F0D101990B79012B51
:1086D00022D139467868FEF71DFA30461549FEF773
:1086E000C1F9154A1388072B13D801980133134990
:1086F0001380FEF7B7F90120FFF722FDBDE7224600
:1087000048460B49FFF7BCFC0346184603B0BDE8DA
:10871000F08300DE1388E8E713461846C8F8001017
:1087200003B0BDE8F08300BF40190020F819002015
:10873000D81900200C1A0020081A0020701A0020F6
:10874000002300B5184983B0486801AA0193FEF7D9
:10875000E1F930B31549FEF785F9019A1379172B22
:1087600012D009D8052B0BD82922DA40D20707D519
:1087700033B103B05DF804FB1D2BFAD92D2BF8D0D3
:1087800000DE03B05DF804FB002193681B6893F8DA
:108790004C20596161F3000283F84C2003B05DF86E
:1087A00004FB00DED6E700BFF81900200C1A0020F9
:1087B0002DE9F041046806460CB32927324D2046C6
:1087C00003792468052B13D9173BDAB2162A13D87C
:1087D000162B11D8DFE803F01A291E1E1E1E1E10CC
:1087E00010101010101010101010101010101E008B
:1087F00027FA03F2D20733D400DE002CDFD10023A6
:108800003360FF20BDE8F041FFF79ABC037F022BE5
:108810002FD01BBB2B88072B28D801331B492B805B
:10882000FEF720F9002CCAD1E9E7C0880128E4D876
:1088300002F078F8804608B3D8F8A03003BB08F1FE
:10884000940108F19000FEF749F9D8B1C8F8A000EA
:10885000404602F059F8002CB1D1D0E700DE037990
:10886000002BD7D100DE2B88072BD6D900DE2B8832
:10887000D3E707F04BFD002CA1D1C0E700DEDBE71A
:1088800000DEDCE700DEE1E7081A0020701A0020B5
:108890000148FEF7D3B800BF0C1A00200149FEF7CB
:1088A000E1B800BF0C1A0020034B044A93F899303A
:1088B0000B70FEF71DB900BF40190020FC19002005
:1088C00008B5064B064A93F899300B70FEF710F97D
:1088D000044B1868BDE808400DF04AB84019002064
:1088E000FC1900205C2600200B490A7D4B7D9A4232
:1088F0000AD8A3EB020C5FFA8CFC604509D89A42B7
:1089000007D051F82200704705339B1ADBB298421A
:10891000F7D90020704700BFE0190020074A117DF9
:10892000537D8B4208D04B1CDBB2052B08BF0023C4
:1089300052F821001375704700207047E01900209D
:1089400000B50D4A92F899C092F898E00CF1010335
:10895000DBB2132B08BF00239E4509D022F83C0050
:1089600002EBCC0CCCF8041082F899305DF804FBD3
:1089700000DE00231B80FFDE40190020022810B516
:108980000C4602D00B68022B07D04FF0FF324FF09D
:10899000FF3302480DF020F8206810BD602600204B
:1089A000014B1868704700BF3C19002004490A6851
:1089B0000AB110467047024608601046704700BF73
:1089C000DC190020044A136823B198420ABF002131
:1089D0000023116018467047DC190020014B18680D
:1089E000704700BFDC19002070B5056884B02B7893
:1089F000EBB104466E4601220021684611F0B3FE39
:108A00000C4BC5E902362B788BB100220A4B0320B0
:108A100011469C60FEF7E6F838B947F612220023AB
:108A200030460CF0D9FF04B070BD00DEF5E76FF002
:108A30007700F8E77D800000C4030020F0B5244EE5
:108A40000C463368174685B0002B36D0994215D1B5
:108A5000022503AB02460093032100201D4B039522
:108A6000FFF7C2F9022805460CD0039B022B09D15F
:108A700095B133680BB19C4221D014B36FF02D0037
:108A800005B0F0BD4FF0FF324FF0FF3312480CF04D
:108A9000A3FF039D002DECD13846FFF7A5FF3368F7
:108AA0000BB19C4210D0002CE8D10028E8D010F186
:108AB000780F08BF002005B0F0BD3160C8E7002383
:108AC00033606FF07700DBE735600028D8D0EEE741
:108AD0003C19002071800000602600200B490A7DAF
:108AE0004B7D9A420AD8A3EB020C5FFA8CFC6045DE
:108AF00009D89A4207D051F82200704705339B1AD3
:108B0000DBB29842F7D90020704700BF70240020E4
:108B1000074A117D537D8B4208D04B1CDBB2052BDD
:108B200008BF002352F821001375704700207047DA
:108B30007024002038B50C46054602F0A3FC03461D
:108B4000237021462846BDE83840014AFDF7D0BFD2
:108B5000041A0020012200201146014BFEF742B802
:108B6000B403002070B50C46054602F08BFC0346AA
:108B7000214623702846054AFDF7BAFFBDE870403C
:108B8000012200201146024BFEF72CB8041A0020E7
:108B9000B40300202DE9F0471A4E9DF8209096F876
:108BA00021C196F820510CF1010E5FFA8EFEBEF144
:108BB000090F08BF4FF0000E75451ED0144606EB96
:108BC0004C1C654680460F469A4610685168E3681B
:108BD000926809F001090FC59CF81C30CCE904A883
:108BE00023F0030343EA0903CCF818708CF81C3017
:108BF00086F821E16046BDE8F0874FF0000C604642
:108C0000BDE8F08738250020054890F8203190F81D
:108C100021219A4214BF00EB43100020704700BF8F
:108C20003825002010B402780B4C082A94F8213122
:108C300088BF94F82021014688BF0270934209D072
:108C4000531CDBB2092B08BF002304EB42100B704E
:108C500010BC70470020FBE7382500202DE9F04FBD
:108C60003D4E87B096F8203196F8212102909A4225
:108C70003ED04FF000080B24C346C246CDE904881D
:108C800006EB4313CDF80C801D7FD3F80090C5F39D
:108C90004002DF6805F00105002C4DD0013CE4B234
:108CA0004AB396F8211196F82031994220D0013329
:108CB000DBB2092B08BF0023994286F8203117D078
:108CC000590106EB4313002ADED1D86805BBBAF17F
:108CD000000F33D0BBF1000F36D01A7F9707D3D1E6
:108CE0005045725834D05845CED105998A42CBD1DF
:108CF00007B0BDE8F08F194902988B601146174BF9
:108D00000192FDF76FFF019A0028CAD000DEC8E784
:108D1000039ABAB1B8F1000F08BFB8461A7F950799
:108D2000B2D4D207DCD5BBF1000FADD1039A824299
:108D3000DED08045A8D1DBE700DEAFE7BA46CDF84C
:108D40001090EBE70397E9E7BB46CDF81490E5E711
:108D500004998A42C7D1CBE738250020A40300201C
:108D6000054B1A7E597E914204D053F8220010B16F
:108D70000C307047002070471C25002070B5134A46
:108D8000117E537E8B421FD04B1CDBB2062B08BFDB
:108D9000002352F821401376A4B10223002526684F
:108DA0002371A060256002F06DFB03462146084A4E
:108DB00023703046FDF79CFE012228461146054BE4
:108DC000FDF710FF204670BD0024FBE71C250020A6
:108DD000041A0020B403002010B5002482B0049BC4
:108DE00093F80AC02CF0020C83F80AC0CDE90044C5
:108DF00008F04AF902B010BD012210B582B001920C
:108E0000047F034614400269D0E90501009408F08C
:108E10003BF908B902B010BD7730FBD000DEF9E7AE
:108E200010B4CB6804691A78042A02D0236810BCF5
:108E300018475B78052BF9D1002010BC704700BFA4
:108E40000B8A002B38D030B5054683B001F10C00F9
:108E50000C460EF0A8FB012810D0022802D06FF0BB
:108E6000150009E001A9204600F0E4FE019911B1C6
:108E70002846FFF7D5FFC8B103B030BD002301A9D4
:108E80002046019300F0DCFA014678B12846FFF74E
:108E9000C7FF0028F0D1019D45B1284601F092FAA4
:108EA00003466B710648019911F044FC2046F9F71E
:108EB00071F8002003B030BD6FF01500704700BF9F
:108EC0005029002010B50469FFF7C4FB40B90548DC
:108ED000F8F7F2FC0448F8F7EFFC0020206010BD22
:108EE00000DEF4E7980B0020180C00202DE9F0417B
:108EF0004FF000080646076982B04FF0FF324FF08E
:108F0000FF3334480CF002FD0028F6D0437901907D
:108F1000042B31D8002B46D0022B4CD04FF0FF331E
:108F20004FF0FF320220F9F751F90446019B002C63
:108F30004BD01846214600F02DFF019B01A8C3F835
:108F40000080FFF735FC20460EF0A8FA05462146C2
:108F500000200EF0C9FA2B8A0446012B08D92946B5
:108F600030463B6898470DF097F9002CEBD1C4E7E9
:108F70002846F9F70FF8F6E7052B14D14FF0FF3329
:108F80004FF0FF320820F9F721F9044601982146F5
:108F900000F0D6FE019B01A8C3F80080FFF708FC93
:108FA000002CD0D1A9E700DE019B01A8C3F8008006
:108FB000FFF7FEFBA1E70023002201210020F9F7C3
:108FC0001DF90446019B002CB3D101A81C60FFF7DA
:108FD000EFFB92E750290020F0B5054683B014E07E
:108FE0004FF0FF324FF0FF3300211320F9F706F95D
:108FF00022460446BDF8021001F0CCF9214628466D
:10900000FFF70EFF40BB0DF047F90DF1020101A87B
:10901000FFF72CFB04460028E2D1019BA3B1FFF728
:109020008FFB019F384601F0CDF9019E787173796D
:10903000032B02D13379182B10D03146174811F089
:1090400079FB019B002BE0D14FF0FF324FF0FF3353
:1090500013480CF0C1FCD8E700DED4E721464FF0FE
:10906000FF324FF0FF330520F788F9F7C7F80446C1
:10907000394606F11C00224600F03CFE384600F05E
:1090800057FE3CB121462846FFF7CAFE20B92046CC
:10909000F8F780FF019ED0E700DEF8E750290020B6
:1090A00060290020F0B505460E46076989B02048C2
:1090B00011F012FB4FF0FF3200211E4811F053FB5C
:1090C0001C48FFF729FA044600282ED13E6001F023
:1090D0008FF9002600276FF0090C4FF4E072CDE9FC
:1090E0000667CDE90144144B144904940095CDF86A
:1090F0000CC013480CF0D2FE1249114811F03EFC8E
:109100006FF0070C4FF46072CDE90667CDE90144BA
:109110000D4B0E4904940095CDF80CC00C480CF092
:10912000BDFE0C490A4811F029FC204609B0F0BDEB
:109130005029002060290020D98F0000A85E00205F
:10914000980B002098BC0100ED8E000068600020A4
:10915000180C0020A8BC010008B50DF057F8054810
:1091600011F0C2FA034811F0B7FABDE808400DF05B
:1091700061B800BF502900202DE9F047DFF8D0A0EA
:10918000DAF80090B9F1000F33DB80460F4616463F
:1091900046D000252F4C06222146304611F0ADFD69
:1091A00018B914F8013CBB4226D00135A94504F199
:1091B0000804F0D10121284CD6F800C02068274BC4
:1091C000C5006A1C43F802C0B6881A44B9F10F0FF3
:1091D000968001FA08F103F830702B44D971DBBF97
:1091E00009F1010318460130CAF80030102814D0E4
:1091F00020600020BDE8F087184B03EBC503DA7947
:1092000022FA08F1C90702D50120BDE8F087012143
:1092100001FA08F10A43DA71EBE700232360E8E77B
:1092200001200D4C0D4B2568D2F800C0E9000A184A
:1092300043F802C0B6881A44968000FA08F803F88A
:1092400035700B44CAF8000083F80780D0E700BFF0
:10925000782900207D290020742900207C29002005
:109260002DE9F041194C6468A40004D59046184AD1
:109270001268120701D4BDE8F08103F10C04054621
:109280000E46204602210EF04CF940F63E430121E5
:10929000038020460EF045F904230B21037020467D
:1092A0000EF03FF90570A0F801803DB97268B3680F
:1092B000C0F80320C0F80730BDE8F0810027C0F8EF
:1092C0000370C0F80770BDE8F08100BF50010020B6
:1092D00048010020F0B50138144687B0092806D8A7
:1092E000DFE800F009273D05054F056182956FF025
:1092F000150007B0F0BD4F4B0D2118880EF0FBFC98
:109300000D2120600C300EF00CF94FF48064002326
:1093100004210122484D0370C0F80150A0F8054017
:10932000C171037242728372C3720373002007B06B
:10933000F0BD404B412118880EF0DDFC412120603A
:109340000C300EF0EEF8002104463E2200F8031B1C
:1093500011F0CBFC40F2A733A4F80130E6E7354B1F
:10936000092118880EF0C7FC092120600C300EF08E
:10937000D8F80022034603F8012BC0F801205A60F8
:10938000D4E7C9680020FEF713FE2A4B0121188894
:109390000EF0B1FC012105460C300EF0C2F800239E
:1093A00003702560C2E7254E01AD0FCE0FC5214FDA
:1093B0003368122138882B700EF09DFC122120603A
:1093C0000C300EF0AEF800230446064695F800C0B7
:1093D00004F8013B01AD0FCDC6F801006160A26049
:1093E000E36084F810C0A1E7124B182118880EF032
:1093F00082FC182120600C300EF093F80023044604
:10940000012100F8023B09F063FA60708EE7094B16
:10941000212118880EF06FFC212120600C300EF005
:1094200080F800230146013001F8113B09F0A0FA51
:109430007CE700BF9A3F002002000500C8BC010085
:1094400000232DE9F0418EB00993038A022B2ED917
:1094500004460E460C3003210EF09DF8228A8378D4
:109460009A4224D30288C64FC2F38523082B90B2B8
:109470003A80C2F3090509D89BB1013B072B10D8EC
:10948000DFE803F0EE0FD0B60F0F0F1A3F2B08D115
:109490002146284609AAFFF71DFF163040F0B68383
:1094A000388801210EB0BDE8F0410EF036BC002432
:1094B00020460EB0BDE8F0816A1E4A2AF1D801A309
:1094C00053F822F0219B0000FF9A0000B79A000099
:1094D000A3940000AD9A0000A3940000A3940000A0
:1094E000A3940000A3940000A3940000959A0000A8
:1094F000639A0000359A00002D9A0000A3940000A2
:10950000A3940000A3940000A39400000B9A000011
:10951000039A0000DB990000CD99000093990000A8
:10952000759900005D990000A3940000A3940000C9
:109530003F990000A3940000A3940000A3940000AE
:109540002399000009990000F9980000C7980000CD
:1095500065980000A3940000A3940000A394000069
:10956000A3940000A3940000A3940000A39400001F
:10957000A3940000A3940000A39400001D98000091
:1095800071980000E597000095970000A3940000F3
:10959000A3940000A3940000A3940000A3940000EF
:1095A000A3940000A3940000A3940000A3940000DF
:1095B000A3940000A3940000A3940000A3940000CF
:1095C000A3940000A3940000A3940000A3940000BF
:1095D000A3940000A3940000A3940000A3940000AF
:1095E000A3940000A3940000A394000061970000DE
:1095F0006A1E082A3FF655AF01A353F822F000BFB8
:1096000039970000F1960000CD960000A394000069
:10961000A3940000A3940000A3940000A39400006E
:10962000AF960000632D00F0898226D8032D00F04C
:10963000A0822D2D00F08582012D7FF432AFE268EB
:10964000504B1168526819605A6001210EF053FBAB
:10965000012104460C300DF064FF0023037027E75E
:10966000062D00F063821D2D7FF41BAFE368188880
:1096700001F06EFA0146388814E77B2D00F0A082D5
:109680007C2D7FF40EAFE3681E885988B0B201F0DC
:1096900049FB0546032138880EF02DFB03210446C3
:1096A0000C300DF03EFF0570A0F8016000E70721C7
:1096B0000EF021FB072104460C300DF032FF01466D
:1096C000002001F8010BFEF79FFCF1E609210EF0E6
:1096D00012FB092104460C300DF023FF0022034643
:1096E000602103F8012BC0F801205A604171DFE6C8
:1096F00041210EF000FB412104460C300DF011FF1A
:10970000002105463F2200F8021B11F0EEFA4FF44B
:109710000A720423C0212020A5F80F208022A971FD
:10972000EB721949EB75194B6870C5F81A10C5F83A
:10973000213085F82720BBE609210EF0DCFA09214B
:1097400004460C300DF0EDFE00234FF450610D2265
:109750000F4D0180C0F805508370C3700271A7E6F9
:1097600003210EF0C8FA032104460C300DF0D9FE97
:1097700000230146013001F8023BFEF715FC97E695
:109780009A3F002050010020173CFC0930F001787E
:10979000F105FFFFE2689478D178E30744BF41F018
:1097A0000301D170A4071688B2F80550137940F16F
:1097B000228243F00303137143EA0102032A40F0BB
:1097C00027824A0700F0208215F0030218BF05F136
:1097D000FF35304618BF05F0010201F04BFA014693
:1097E00038885FE6E3681A78D10749BF07215878BF
:1097F00008465970920749BF0722997811469A7016
:1098000001F02CFA0121054638880EF074FA012186
:1098100004460C300DF085FE057049E609210EF076
:109820006AFA092104460C300DF07BFE05460AABAE
:109830000DF1220208A90DF11E0001F0DBF9002252
:10984000BDF81E30A5F80130BDF82030A5F8033072
:10985000BDF82230A5F80530BDF828302A70A5F8EB
:10986000073025E6E3685988188801F0B7F9C9E799
:10987000E36805211E880EF03EFA052104460C30EF
:109880000DF04FFE0546B7B22A1DE91C384601F01F
:10989000C1F9EB782979002B93FAA3F391FAA1F29D
:1098A000B3FA83F308BF4FF0FF330029B2FA82F214
:1098B00008BF4FF0FF32013301322870A5F8016074
:1098C000EB702A71F4E505210EF015FA0521044626
:1098D0000C300DF026FE05460AA90DF1220001F01C
:1098E00071F90022BDF82230A5F80130BDF828300A
:1098F0002A70A5F80330DBE5E3681E889A8859884A
:10990000B0B201F03DF9C4E600230221E2681688F6
:109910009278CDE90233CDE90033B0B201F06EF8B0
:10992000B7E60022E468022126886388039225892D
:10993000B0B20295E5880195A4880094EEE709216C
:109940000EF0D9F9092104460C300DF0EAFD002390
:10995000B049B14A016042600372A9E5E16801F1D2
:109960000C0301F10A0231F8020B06F093FC0146E8
:10997000388897E509210EF0BEF9092104460C301C
:109980000DF0CFFD0023082100F8013B07F022FA7B
:109990008EE5E06800230AAA00F110010AF018F829
:1099A000112138880EF0A7F9112104460C300DF072
:1099B000B8FD00230646074606F8013B0AAD0FCD69
:1099C000C7F801007160B260F36071E5E368188860
:1099D00001F0A4F80146388864E5E36808211E8890
:1099E0000EF089F9082104460C300DF09AFD054669
:1099F000B7B23846E91C01F041F8A5F801602870BB
:109A000056E5E06806F0BCFEFCE60022E1684B8803
:109A1000088803920C890294CC880194898800916B
:109A2000114600F0EBFF014638883BE5304606F072
:109A3000F9FBE7E6E468B4F81350618863792279AA
:109A400020880495B4F8115006340395B4F80950F1
:109A50000295A5790094019506F0F8F90146388839
:109A600020E5E3681878002800F0C2805B78002BBE
:109A700000F0BE8000231A4668490B60684B1A60EC
:109A800000F07EFD05460C2D4FF0010108BF0025BA
:109A90003888BAE6E4686379B4F80320B4F80110B2
:109AA0002078A479009400F0EFFCABE6E168012097
:109AB000FEF77EFAA6E609210EF01DF909210446FB
:109AC0000C300DF02EFD0025034603F8015BC0F8B5
:109AD00001505D600646FEF74FFA2B46C1F30722A0
:109AE00061F3070362F30F23090C61F31743090ABB
:109AF00061F31F63C6F80100C6F80530D8E40421FD
:109B00000EF0F9F8042104460C300DF00AFD002394
:109B10006FF004010A22037041708370C270C7E4C1
:109B2000E268404B1168526819608DE5E3689978E6
:109B3000188800F0C9FF01463888B3E4E2683A4B60
:109B4000F0E7E36804211E8893F802800EF0D3F852
:109B5000042104460C300DF0E4FC0546B7B20220A7
:109B600042463946EB1CFEF70DFAA5F80160287055
:109B70009EE44FF0FF312A4A1F2011600021294A3C
:109B80004FF0FF3441F6FF75C2E9000100200021CB
:109B9000264BC3E90045244BC3E90001FEF714FD41
:109BA000012138880EF0A7F8012104460C300DF091
:109BB000B8FC00231E4A03701360FFF7CDFA77E468
:109BC000E3680AA91E88B0B201F07EF805210546B7
:109BD00038880EF090F8052104460C300DF0A1FCF9
:109BE0000570A0F80160BDF82830A0F803305FE4EC
:109BF0004FF0FF3242E741EA0302032A08D84C073C
:109C000002D05A077FF4E0AD12214BE4099C4FE4E7
:109C1000112147E40070330F133F02007429002024
:109C20007829002048010020980C002050010020D5
:109C30007029002000230B60038A032B55D92DE9DE
:109C4000F047054688460C3004210DF0A4FC2B8A11
:109C50004688B0F80090B34225D3FB2E23D800F0FD
:109C600083FE4FEA1937BA460446F8B15FEA9A0A0A
:109C700019D19FB1012F16D12379667167F30103C2
:109C80002371E9683246E01D11F022F82146C9F33C
:109C90000B0000F075FE18B9BDE8F0870227EBE76E
:109CA000204600F067FE6FF01500F5E7104B1B68CB
:109CB0009B0117D54FF0FF324FF0FF330220F8F72A
:109CC00085FA0221C8F800000C300DF02AFC4FF490
:109CD0008D730380D8F8000001210C300DF021FCB9
:109CE000012303706FF06800D6E76FF0150070472E
:109CF00050010020F8B50D4B1B68DB0600D4F8BD01
:109D000002F10C0407460D46204602210DF009FC25
:109D100040F205430421038020460DF002FC00269A
:109D2000A0F8015006703A78C270F8BD50010020CA
:109D3000024A1368013B1360704700BF702900207E
:109D4000037F03F00303013B012B01D900DE7047C1
:109D500070B5044601F10C0528460421E6880DF093
:109D6000E0FB0346227F02F00302022A0CBF46F406
:109D7000005646F480560680627F28465A80617FEE
:109D80000DF0CFFB627F04F11F01BDE8704010F0C1
:109D90009FBF00BF2DE9F04F90F804C00446BCF10E
:109DA000030F0D4687B000F11C0620D0ACF1050C66
:109DB000C788BCF1180F34D8DFE81CF03700330037
:109DC00033003300330033003300330033003300FB
:109DD00033003300330033003300330033003300EB
:109DE000A300D400DC000901200134015501C37F28
:109DF000C788033B122B14D8DFE813F0C40113000B
:109E000013009401B6011300110213001300130094
:109E100016021300EC0113001400130013006D016F
:109E20006D0100DE07B0BDE8F08FCB4BCB4A5B681D
:109E300092E8030003F000520B0C8DF81630237EDD
:109E4000ADF814105B425EB2637E0490D90700F156
:109E50004882002AE6D0C24B1B689F07E2D5207FCC
:109E600004F11E08C0F38011424600F00F00FFF716
:109E700083F90028D6D1237F03F00F03012B00F0D4
:109E80007682637FA3F106095FFA89F94F4603F1F1
:109E9000060B05335FFA8BFB5FFA83FA0C35022160
:109EA00028460DF03EFB3E230121037080F801B0EF
:109EB00028460DF036FB02235146037028460DF06C
:109EC00030FB01230370237F3A4603F00F036B44FA
:109ED0001B7C04F124014370237FC3F38013837040
:109EE000D4F81E30C0F80330B8F8043080F8099078
:109EF000A0F8073000F10A03184610F0E9FEC65535
:109F000090E7F60700F13182934B00265B689800DA
:109F100088D5934B1B68D90784D594F81C80B8F179
:109F2000000F00F0A9810C35022128460DF0F9FA46
:109F300041F23E330121038028460DF0F2FA01225E
:109F40000346122128461A700DF0EBFAC0F80160A2
:109F5000C0F80560C0F80960C0F80D60467480F86C
:109F600000805FE70A463046394607B0BDE8F04F4B
:109F7000FFF7C0BE784B5B689A007FF553AF784B14
:109F80001B685B077FF54EAF0C35022128460DF0AC
:109F9000C8FA40F63E230121038028460DF0C1FA9D
:109FA00003230921037028460DF0BBFAF50700F1E1
:109FB000E581237FA0F801700370E38BA0F80330E4
:109FC000238CA0F80530638CA0F807302AE7624B99
:109FD00000245B6818047FF525AF0C350221284664
:109FE0000DF09FFA4FF44C720346032128461A8065
:109FF0000DF097FA0470A0F8017013E7594B1B6835
:10A0000019027FF50FAF0C35022128460DF089FAB1
:10A0100040F257220346022128461A800DF081FAA9
:10A020000780FFE64C4B5B689A007FF5FBAE4C4B1C
:10A030001B681B037FF5F6AE0C35022128460DF098
:10A0400070FA40F23E430121038028460DF069FA80
:10A050001422034603211A7028460DF062FA078085
:10A06000237F8370DEE63C4B5B689E007FF5DAAEB3
:10A070003B4B1B6818057FF5D5AE0C3502212846F1
:10A080000DF04FFA40F23E630121038028460DF0A7
:10A0900048FA0C22034605211A7028460DF041FAB1
:10A0A000237FA0F801700370627F92FAA2F3002A66
:10A0B000B3FA83F308BF4FF0FF330133C370A27FBD
:10A0C00092FAA2F3002AB3FA83F308BF4FF0FF33EA
:10A0D00001330371A6E6204B5B689A007FF5A2AEC0
:10A0E0001F4B1B685B067FF59DAE0C350221284691
:10A0F0000DF017FA40F63E330121038028460DF09B
:10A1000010FA072203460A211A7028460DF009FAB0
:10A110000780A38C4380E38C8380238CC380638C73
:10A1200003817FE60C4B00241B681B067FF57AAE8B
:10A130000C35022128460DF0F4F94FF481620346F4
:10A1400004211A8028460DF0ECF901230470A0F8D0
:10A150000170C37066E600BF5001002004B9010021
:10A1600048010020980C002090F820300E2B7FF43E
:10A1700059AE0B463A4600211A2007B0BDE8F04F11
:10A18000FFF76EB8804B5B6899007FF54BAE7F4B55
:10A190001B68DA067FF546AE0C35022128460DF025
:10A1A000C0F940F63E530121038028460DF0B9F96D
:10A1B000052203460C211A7028460DF0B2F9034619
:10A1C00023F8027B216A626AC0F802105A60238D6C
:10A1D000438127E66C4B5B68980042D56B4B1B684C
:10A1E00099063ED50C35022128460DF09AF940F625
:10A1F0003E330121038028460DF093F906220346E1
:10A200000A211A7028460DF08CF90780238C4380B0
:10A21000638C8380A38CC380E38C038102E60B46AE
:10A220003A4631460020A8E7574B1B681E067FF5CB
:10A23000F9AD0C350221284694F820400DF071F953
:10A240004FF48162034604211A8028460DF069F913
:10A2500000239C4208BF1F24A0F801700470C37043
:10A26000E0E500231A2202213846CDE90233CDE988
:10A27000003300F0C3FBD5E5454A0C3513680221D5
:10A280000133284613600DF04CF941F23E330121B1
:10A29000038028460DF045F901231221037028465A
:10A2A0000DF03FF980F80080A0F80170637FC37063
:10A2B000A37F03F001030371D4F81F30C0F8053009
:10A2C000B4F82330A0F80930E38CA0F80B30238DCC
:10A2D000A0F80D30638DA0F80F3094F82C30437443
:10A2E000A0E5002A3FF49EAD284B1B685B057FF577
:10A2F00099AD207F00F00F03012B41D104F11E071F
:10A30000C0F380113A4600F00F00FEF735FF002839
:10A310007FF488AD0C35022128460DF002F941F298
:10A320003E230121038028460DF0FBF80B23112169
:10A33000037028460DF0F5F840F201130380237FE7
:10A34000C3F380138370D4F81E30C0F80330638CDD
:10A35000A0F80730237FC3F3C0134372636AC0F8C9
:10A360000A30238D0674C3815CE500DECCE5074628
:10A370004FF00B0A4FF00C0B81468FE500DE18E61C
:10A3800000DE207FBAE700BF500100204801002016
:10A390007029002070B500F10C040E462046022101
:10A3A00015460DF0BEF840F21352034605211A80FF
:10A3B00020460DF0B6F80123A0F801600370A0F864
:10A3C000035070BD0379032B08D0053BDBB2182B7B
:10A3D00001D900207047054AD05C7047037F03F025
:10A3E0000303032B14BF052004207047D8BE0100CF
:10A3F0004FF0FF3230B44FF0FF3441F6FF750A4B97
:10A4000000211A600020094B0022C3E900451F24E7
:10A410000025074BC3E900010649074BC1E9004588
:10A420001A6030BCFEF798BE782900205001002049
:10A43000980C0020480100207029002070B5059E6E
:10A440001546344614F8101B9DF810C00131C9B2EE
:10A45000317099B100220A490B818B7AC1E900055C
:10A460006CF300038B72074BCC609960012011469E
:10A47000FCF7B8FB00B970BD00DE70BD00DEE9E797
:10A48000A00C0020E403002030B5144C844694F85E
:10A490004CE09DF80C501EF001001DD163F3420EFC
:10A4A00040F27123A2FB0323A4F840104FEA4C1C96
:10A4B00094F83810ED0005F018050CF0200C4CEA6B
:10A4C000050C21F03801C4E911224CEA010C84F892
:10A4D0004CE084F838C030BD0C2030BDB00C0020FA
:10A4E0000020704740F2712C03FB0CF3844600B54A
:10A4F0009DF804E049014FEACE0E0EF0180E01F06F
:10A50000200141EA0E019CF828E0ACF830202EF042
:10A51000380E41EA0E018CF82810CCF83430184679
:10A520005DF804FB38B50546023001F11002C0B2F7
:10A53000FEF784FA044600B938BD10F1780F01D156
:10A540000C2038BD40F29123094A0A490A480CF010
:10A55000A5FD2246294609480CF0A0FD002383F3FF
:10A560001188BFF36F8F0323184602DF0C20E8E742
:10A57000DCBC01001CBD010034BD010054BD010064
:10A5800010B5154C94F84C3003F0010278B17AB94B
:10A590009B0706D50120FDF729FD0621FCF78EFA61
:10A5A000B8B10D48F6F7ECF810B9002010BD0AB9A3
:10A5B0000C2010BD6369002BFAD12146FFF7B2FFD2
:10A5C0000028F5D194F84C3060F3000384F84C3047
:10A5D000EBE7122010BD00BFB00C002038B50024FE
:10A5E0000B4D34B995F84C4014F0010401D0686962
:10A5F00008B1002038BD2946FFF794FF0028EFD1AD
:10A6000095F84C3060F3000385F84C30E8E700BF64
:10A61000B00C0020034A044B801AA3FB0030C0F3A7
:10A6200087107047B00C0020CDCCCCCC044A006819
:10A63000044B801AA3FB0030C0F38710704700BFA3
:10A64000B00C0020CDCCCCCC30B9044890F84C30C4
:10A6500013F0010300D0704700207047B00C0020B9
:10A66000044B93F84C2002F0010210430CBF184633
:10A6700000207047B00C002098B90B4A92F84C307B
:10A6800013F001000ED0506992F83820003818BF3E
:10A690000120C2F3401203F00103934043EA80001B
:10A6A00070470020704700BFB00C00200146002218
:10A6B00008B5054B012099601146FCF793FA00B9E3
:10A6C00008BD00DE08BD00BFF4030020836801461A
:10A6D0005A6892F82730DB0901D000DE7047083154
:10A6E00005F046BE2DE9F0410446066882B04FF4FD
:10A6F000DC7224493046FCF7CDF904F1800521468F
:10A7000007F0DCFB2946D4F8840001AAFCF702FA22
:10A7100018B34FF6FF77DFF8708098F8992098F813
:10A720009810531CDBB2132B08BF0023994225D08D
:10A73000019908EBC20C28F83270CCF804100A68B2
:10A740000260019A106088F899302946D4F8840094
:10A7500001AAFCF7DFF90028DFD1D6F8700106F571
:10A76000B87138B10023C6F87031FEF7FBF902B0BA
:10A77000BDE8F08100DED6F87001F3E700DE0023CB
:10A780001B80FFDE000D0020E834002010B50C46D1
:10A7900030B92046FEF716F9844200D000DE10BD25
:10A7A00000DEF6E710B50C4630B92046FEF7FEF89D
:10A7B000844200D000DE10BD00DEF6E710B50C4686
:10A7C00040B9074B0246012102209C60FCF70AFABF
:10A7D00020B910BDFEF7E4F88442FAD000DE10BDC7
:10A7E0001404002000B9704700B583B00191FEF752
:10A7F000F5F80199814202D103B05DF804FBFEF740
:10A80000CFF801998142F7D000DEF5E710B51D4B76
:10A8100002224FF4DC711C48FCF7ECF800224FF4E4
:10A82000DC711948FCF732F94FF6FF740346012238
:10A830009C844FF4DC711448FCF728F98446134BD0
:10A84000ACF82440181D0A224FF48271FCF7D2F8AC
:10A850000F4B1222181D0821FCF7CCF802F0BEFBAA
:10A860004FF01B0C4FF4A47103230024094A0A483B
:10A87000A2F800C0094A046011800949094A0B7016
:10A88000137010BD242A0020000D0020BC2A0020D7
:10A89000282A00209E3F0020E03500209C3F002019
:10A8A000A2400020A140002010B5037883B1104BD6
:10A8B00000F1100199608268BAB900220D4C0C4B6E
:10A8C000C0E9024101201146FCF78CF958B910BDCE
:10A8D00003F0FF02084B1030986011460120FCF78E
:10A8E00081F90028F3D000DE10BD00DE9968E4E7AE
:10A8F00004040020ADA60000F40300200148FCF78A
:10A900009DB800BF242A00200149FCF7ABB800BF66
:10A91000242A00204FF4DC720149FCF7BBB800BFC9
:10A92000000D00200128024604D84FF4DC710248D3
:10A93000FCF7ACB800207047000D002001280ED8AD
:10A9400010B5024604464FF4DC710648FCF79EF849
:10A9500018B1838CA34200D110BD002010BD00208F
:10A96000704700BF000D00200148FCF767B800BF2A
:10A97000BC2A00200149FCF775B800BFBC2A0020A2
:10A9800001282FD838B5024604460D4618484FF422
:10A99000DC71FCF77BF8D0B1B0F824C0A44516D127
:10A9A000144A92F8594092F85810631CDBB20B2BF2
:10A9B00008BF0023994218D022F834C002EBC40427
:10A9C000656082F85930037823B9002038BD6FF0F4
:10A9D000150038BD084B0022986001210320FCF7C8
:10A9E00001F9F2E76FF0150070476FF0680038BDAD
:10A9F000000D002084350020240400202DE9F04FB4
:10AA0000012881B0BDF82890BDF82CA0BDF8308099
:10AA1000DDF834B014D804460D4616464FF4DC7108
:10AA2000024615481F46FCF731F848B1838CA34213
:10AA300006D18DB1022D07D0012001B0BDE8F08F05
:10AA4000022001B0BDE8F08F96B1314602F034FD2E
:10AA5000002001B0BDE8F08F53464A463946CDF894
:10AA60002CB0CDF8288001B0BDE8F04F02F0ACBCAE
:10AA700002F012FDECE700BF000D002001281FD8F6
:10AA800070B5024604460D460E484FF4DC71FBF7E4
:10AA9000FDFF064658B1838CA34208D102F064FC46
:10AAA00038B103682B6003792B71002070BD022040
:10AAB00070BDD6F832302B6096F836302B71F4E743
:10AAC00002207047000D0020012801D902207047A4
:10AAD00038B5024604460D460E484FF4DC71FBF7CC
:10AAE000D5FFA8B1838CA34212D11A2D0AD8042D08
:10AAF0000CD9094BEB40DB0708D52946BDE83840A7
:10AB000002F0FCBB292DF8D03B2DF6D0122038BD29
:10AB10000C2038BD000D002020003804012812D878
:10AB200010B5024604464FF4DC710848FBF7AEFF4F
:10AB300038B1838CA34204D1BDE81040012102F05A
:10AB40002BBB022010BD0220704700BF000D00206B
:10AB5000012811D810B5024604464FF4DC710748AD
:10AB6000FBF794FF30B1838CA34203D1BDE81040C2
:10AB700002F02ABB022010BD02207047000D002009
:10AB800001281BD870B504460D4616464FF4DC71FB
:10AB900002460B48FBF77AFF60B1828CA24209D1D2
:10ABA000D0F848319B0607D532462946BDE87040AB
:10ABB00002F0ECBB022070BD1A2070BD022070476D
:10ABC000000D0020034A044B12881B8802800B8072
:10ABD000704700BF9E3F00209C3F00208446034AF0
:10ABE000034B0020A2F800C0198070479E3F002050
:10ABF0009C3F002000B540F6480C4FF0FB0EA0F83B
:10AC000000E0A2F800E0A1F800C0A3F800C05DF8E1
:10AC100004FB00BF01281CD870B504460E4615463B
:10AC20004FF4DC7102460C48FBF730FF034670B16D
:10AC3000828CA2420BD193F88C400020C4F3020412
:10AC4000347093F88D30C3F302032B7070BD022073
:10AC500070BD0220704700BF000D00208446034AEB
:10AC6000034B002082F800C019707047A2400020FA
:10AC7000A1400020012822D8F0B504460F46164610
:10AC800083B002464FF4DC710E481D46FBF7FEFE12
:10AC900078B1838CA3420CD1D0F84831DB050BD5B9
:10ACA00001242B4632463946009402F0FFFA03B0E5
:10ACB000F0BD022003B0F0BD1A2003B0F0BD0220A9
:10ACC000704700BF000D0020012825D838B5024686
:10ACD00005460C4611484FF4DC71FBF7D7FEC8B1AE
:10ACE000838CAB4216D1C28CB0F89431052A0CD8B3
:10ACF0004FF4FA7102FB033301FB03F3084A00200F
:10AD0000A2FB03235B0B238038BD40F2E24102FB30
:10AD100003F3F1E7022038BD02207047000D002048
:10AD20005917B7D101282BD838B5024605460C462D
:10AD300014484FF4DC71FBF7A9FEF8B1838CAB42E9
:10AD40001CD142F2107202FB04F1C38C0139052BB5
:10AD50000AD84FF4FA7203FB02231944B1FBF3F152
:10AD6000A0F89411002038BD40F2E24202FB03F348
:10AD70001944B1FBF3F1A0F89411F3E7022038BDB8
:10AD800002207047000D002008B5FFF73FFD0020AE
:10AD900008BD00BFF8B5002505F09EFA2F462A46EB
:10ADA0004FF4DC711A48FBF771FE044600B900DE6F
:10ADB0002146E81C04F11002FDF740FE0646B0B142
:10ADC00016F1780F134A1449144810D040F24D730D
:10ADD0000CF064F93246294611480CF05FF9002363
:10ADE00083F31188BFF36F8F0323184602DF6B1CB8
:10ADF000022B4FF00105C4F8A070D0D1094A0A4BCC
:10AE0000A2F85870A3F89870FFF700FD0020F8BD75
:10AE1000000D00206CBD01001CBD010034BD01000F
:10AE200054BD010084350020E8340020014B18781F
:10AE3000704700BFA2400020014B1878704700BF48
:10AE4000A14000202DE9F047002581468A4616469C
:10AE50009846AFB23A464FF4DC711648FBF716FE3F
:10AE6000044640B1838CBB4205D190F8AA71C7F368
:10AE70004003B34207D06A1C022A4FF00105E8D113
:10AE80000020BDE8F0870622414600F2B1100FF025
:10AE900034FF0028EFD107F001074F45EBD1062220
:10AEA000514604F2AB100FF028FF0028E3D1012037
:10AEB000E7E700BF000D00208A6808601368187873
:10AEC00028B19A6872B9084AC3E9022170475268EA
:10AED00092F82730DB0901D000DE704708460831C0
:10AEE00005F046BA00DEEEE7CDA60000F8B50B6827
:10AEF000DE88012E2AD80C46074632464FF4DC7114
:10AF00001948FBF7C3FD0546F8B1838CB3421CD149
:10AF100002F00EFB2268137F03F00303032B08D11A
:10AF200001231371394628462268BDE8F84002F033
:10AF300013BB73B195F86A319A0705D53D230122F9
:10AF400085F86C3123681A71F8BD236801221A71E3
:10AF5000F8BD95F86A319B0703D53D2385F86C3120
:10AF6000226801231371F8BD000D00204FF6FF7C0D
:10AF700010B50446808C60450CD02046A4F82C31D6
:10AF8000C4E9491202F0B8F894F86A3113F00100EC
:10AF900002D110BD00DEF0E723F0010384F86A312E
:10AFA0006FF08B0010BD00BFF8B51D4C054694F83E
:10AFB00059201FE04FF4DC7132461A48FBF766FD5A
:10AFC000796810B3838CEC30B3421ED101F054FE8B
:10AFD00094F8581094F859204B1C8A42DBB205F1C2
:10AFE000FF3504D00B2B08BF002384F8583015F030
:10AFF000FF0513D094F85830934204EBC3070DD0EB
:10B0000034F83360012ED5D979680B794FF6FF708B
:10B0100023F003030B71FDF793FCD9E7F8BD00BFE4
:10B0200084350020000D0020F0B5324A0B4614682C
:10B0300083B0A04208BF0021054608BF1160182256
:10B04000808C012185F88C3185F87421A5F8760172
:10B05000284602F05BF805F1EC06284602F06AF893
:10B06000304601F0F1FD304601F026FE044628B3DB
:10B07000037905F1940703F00303032B0CBF034688
:10B08000002303601C48FBF7D9FCA8B121463A46CF
:10B09000FBF72EFD304601F00FFE044670B1037938
:10B0A00003F00303032B0CBF034600230360124885
:10B0B000FBF7C4FC0028E9D100DEE7E7AA8C0121F8
:10B0C000033200200D4B0095D2B2FCF78DFE10F03C
:10B0D000FD0F08D14FF6FF73FF20AB8403B0BDE82E
:10B0E000F040FFF761BFFDF75BFC8542F2D000DE68
:10B0F000F0E700BFE0350020282A0020BDA70000AF
:10B100004FF6FF732DE9F04184688AB0A28C9A4211
:10B1100000F0BA800546204602F00AFAAB7C012B0B
:10B1200000F0DA80022B00F0B28033B994F8A63038
:10B1300003F01803182B00F0128194F86C81B8F119
:10B14000000F40F0A880A68DEB890136E78DB6B2DE
:10B15000002B00F0A780A4F898812B7C03F0030358
:10B16000012B00F0B480B4F89C31002B00F0BA80C1
:10B17000B34240F215819B1B9BB2062BA4F89C3175
:10B180008CBF0023012300229846E28594F83A20E0
:10B19000314663F3820284F83A2020460DF12702FB
:10B1A00001F074FF743000F0F580B4F896312BB1E3
:10B1B000B34240F2C4809B1BA4F89631B4F892319C
:10B1C0002BB1B34240F2B4809B1BA4F8923194F8A7
:10B1D000E930E58D03F00103B8F1000F0AD1AF4269
:10B1E00000F0A2800135ADB23BB9002D4CD04346F2
:10B1F000414634E00135ADB283B394F8E93094F9B7
:10B20000372023F00103002A84F8E930C0F284805B
:10B2100094F88C00C0F3C00100F0070005F0B8FE00
:10B2200094F88C2094F88D1002F003030933C2F3D4
:10B230004002DB00D340E28B02F23F12134401F0E4
:10B2400003020932C1F34001D200CA4013446168CD
:10B250001844814280F09980431A60600021A28CDA
:10B26000246901935C4B0332059300230291184635
:10B270000121CDE903580694D2B20093FCF76AFD90
:10B2800010F0FD0F40F090800AB0BDE8F0813D2342
:10B29000984684F86C31414620460AB0BDE8F0413A
:10B2A000FFF7C2BE2B7C03F00303012B0FD0B4F8D1
:10B2B0009831002B3FF457AFB34273D99B1BA4F8CE
:10B2C0009831B4F89C31002B7FF452AF02E0002398
:10B2D000A4F89C31002359E70023A4F89631A4F880
:10B2E00092312AE7E38C42F21071052B8BBF40F2BA
:10B2F000E2424FF4FA725A4303FB0222B4F89A3145
:10B3000001FB0323013BB3FBF2F39BB2A4F89C3196
:10B31000002B7FF42DAFDDE794F88D00012100F0C4
:10B32000070005F037FE7BE7002BADD0454664E70C
:10B3300000232046A4F8923101F01CFF47E7FDF7F7
:10B34000EDFA0146002836D00023A4F896311B23DD
:10B35000A28C0371C2800068FDF7B2FA2EE7218D3E
:10B36000B4F894218B1D9A42D2BF1346931F5B1AE7
:10B37000B4F89011C8BF9BB2994220D0A4F8903184
:10B38000A4F89231A4F89621D7E6091A60601CD07F
:10B39000002364E720469DF82710FFF745FE73E77A
:10B3A000082179E73E2177E7FDF7FAFA84423FF476
:10B3B0006BAF00DE68E70123A4F89631FEE6B4F82F
:10B3C000961100297FF4B9AEDAE70DB10B4646E7D6
:10B3D000B8F1000FDCD157E7E5A7000038B5054606
:10B3E0000120FFF7E1FD05F1EC0001F065FCA8B1DB
:10B3F000044603790A4803F00303032B0CBF2346DA
:10B4000000232360FBF71AFB30B1214605F19402BB
:10B41000BDE83840FBF76CBB00DEF6E738BD00BF87
:10B42000282A002021B3F8B54D1EEDB200F1EC073B
:10B4300000F1940613E023790E4803F00303032B75
:10B440000CBF234600232360FBF7F8FA70B1013DDF
:10B4500032462146EDB2FBF74BFBFF2D05D03846B7
:10B4600001F02AFC04460028E5D1F8BD00DEEEE735
:10B47000704700BF282A00200149FBF7F3BA00BF3C
:10B48000282A0020014B93F899007047E8340020E7
:10B4900000B50A4B93F898C093F899E0F4450BD0A7
:10B4A00080F800E033F83C0003EBCC0308805B68D5
:10B4B000136018685DF804FB0020FBE7E834002007
:10B4C000074B93F898C0844508D003EBCC0033F8C1
:10B4D0003C300B8043681360186870470020704749
:10B4E000E8340020094A92F8981092F899308B427B
:10B4F00009D04B1CDBB2132B08BF002352F83100DC
:10B5000082F8983070470020704700BFE834002070
:10B5100000B50D4A92F899C092F898E00CF1010339
:10B52000DBB2132B08BF00239E4509D022F83C0054
:10B5300002EBCC0CCCF8041082F899305DF804FBD7
:10B5400000DE00231B80FFDEE834002070B5537955
:10B55000144605460E46002B36D0237903F003022D
:10B56000032A0CD04FF6FF72954204BF23F0030369
:10B57000237121462846BDE87040FDF7E1B94FF63A
:10B58000FF739D4217D0012D10D82A464FF4DC716D
:10B590001548FBF77BFA28B3214601F0ABFF33686F
:10B5A0009C4213D0002BE4D000DEE2E700DE002056
:10B5B000214601F09FFF3368A342F3D100202146CA
:10B5C000BDE8704001F05CBD00DEC6E72A464FF4DE
:10B5D000DC710548FBF75AFA0028EFD0838CAB42A8
:10B5E000EDD0EBE700DED7E7000D002090F87C20DF
:10B5F000B0F84030C2F30212022A14BFDB089B08E5
:10B6000090F8962014BF0A3B0B3B9BB2D20648BF72
:10B61000043B808F48BF9BB2984228BF18467047B2
:10B62000704700BF90F86A3143F0020380F86A3136
:10B63000704700BF90F86A3123F0020380F86A3146
:10B64000704700BFB0F86831B0F82C21981880B26C
:10B65000704700BF0278038E12B1581E80B2704747
:10B66000418DB0F82C215818104480B2704700BFAB
:10B670002DE9F04F04468DB0CDE90A13B0F86851BA
:10B68000B0F82C3190F88C00BDF864A0C0F3C00174
:10B6900000F007001D44BDF85890BDF85C80BDF86F
:10B6A00060B0D4F8247105F073FCE28CADB2A5EB68
:10B6B0000A06052A8646B6B240F2C28040F2E2434C
:10B6C00012FB06F292B2962007214FF096164FF029
:10B6D0000B0CB9F1050FA4F878C0E661C4F86260FC
:10B6E000208484F86610A4F86C00A4F8740084F830
:10B6F0006E1084F8761040F29880B4F85200B4F8D6
:10B7000050104E460144574801F2D511A0662067FB
:10B7100040F2E240714403FB02F200FB06F6BF1A5E
:10B72000013A3244B2FBF6F2608DB4F868316160E0
:10B73000B4F82C11AAEB05050B441544014494F808
:10B740003700ADB22B4492B20D44C00906FB02771C
:10B75000A4F86831658565D10B9D013531462046D9
:10B76000A4F82690A4F82880A4F89AB101F0BAFCB5
:10B770003D4B218D3344B3FBF6F3881D9AB29042C2
:10B78000A4F8942104D2C1F57F41FA310A4492B25F
:10B790000A9BA4F8902113B10023A4F89C31022144
:10B7A000012007F0D1FF0022022181460120FBF792
:10B7B000E5F94FF4DC722D492046FBF76BF92C4B71
:10B7C00000F103085FFA88F8009342463B460121E6
:10B7D00000200194FCF740FB10F0FD0F3FD10095D5
:10B7E00000204FF6FE75CDE90205224D0196079522
:10B7F000214D08940694059565683B464246012113
:10B800000495FCF78BFA10F0FD0F26D1B9F1000F6B
:10B810001DD194F86A3143F0010384F86A310DB008
:10B82000BDE8F08F00DE002598E78B3EA666266710
:10B8300009F1010640F213114FF4FA70B6B26AE74B
:10B84000013212FB06F24FF4FA7392B23BE7012287
:10B8500002211046FBF792F9DBE700DED6E700DEB7
:10B86000BDE700BF0B0096007FC3C901000D00209B
:10B87000A5A700008DA70000B9FD00000B4610B57C
:10B8800004461A683230C4F832201B79052103714E
:10B89000FBF7C6FA94F8373060F3050384F83730C5
:10B8A00010BD00BF40F6480CB0F85430A1F800C0FD
:10B8B000634528BF6346B3F5A47F38BF4FF4A47334
:10B8C0001380704730B5B0F84420C18F03468A42D8
:10B8D00028BF0A4690F88D00B3F8481000F0070022
:10B8E000B3F842C01B2A38BF1B22042814BF4FF4F0
:10B8F000A4704FF42960614528BF6146814238BF7A
:10B900000146B3F85250B3F84E408D4243D0A242A4
:10B91000A3F8521001D0A3F84E20012093F8E9209B
:10B9200042F0020283F8E920B3F84620998F93F899
:10B930008CC08A4228BF0A460CF0070CB3F84A10A4
:10B94000B3F840501B2A38BF1B22BCF1040F14BFB0
:10B950004FF4A47C4FF4296CA94228BF29466145C5
:10B9600038BF6146B3F85040B3F84CE08C4216D073
:10B970007245A3F8501001D0A3F84C2093F8E920A9
:10B9800022F0020283F8E920012093F8E920024323
:10B9900083F8E92030BDA242BDD10020C4E7724542
:10B9A000EAD193F8E91041EA510202F0010221F0D4
:10B9B00003010A4383F8E9200028E5D130BD00BF28
:10B9C00010B5B0F84420C18F03468A4228BF0A460A
:10B9D00090F88D00B3F8481000F00700B3F842402B
:10B9E0001B2A38BF1B22042814BF4FF4A4704FF445
:10B9F0002960A14228BF2146814238BF0146B3F8E1
:10BA000052E0B3F84EC08E450DD09445A3F85210C5
:10BA100001D0A3F84E2093F8E920012042F0020261
:10BA200083F8E92010BD9445F3D1002010BD00BF7C
:10BA300010B5B0F84620818F03468A4228BF0A46D7
:10BA400090F88C00B3F84A1000F00700B3F84040BB
:10BA50001B2A38BF1B22042814BF4FF4A4704FF4D4
:10BA60002960A14228BF2146814238BF0146B3F870
:10BA700050E0B3F84CC08E4514D06245A3F8501086
:10BA800001D0A3F84C204FF0010C604693F8E91068
:10BA9000C1F3400242EA0C0221F003010A4383F899
:10BAA000E92010BD6245ECD193F8E910002001F0C7
:10BAB000010CEDE740F648039A4228BF1A46FB29DD
:10BAC00028BFFB21B2F5A47F944638BF4FF4A47C75
:10BAD000A0F85420A0F85610A0F842308187A0F8B2
:10BAE00040C0704770B540F648042F4B2F4D1B885F
:10BAF000B5F800E0A34228BF2346BEF1FB0F28BFE4
:10BB00004FF0FB0EB3F5A47FA0F8543038BF4FF4CC
:10BB1000A4730022A0F8403090F88D304FF01B0C39
:10BB200003F00703042BA0F856E0A0F83CE014BF94
:10BB30004FF4A47E4FF4296EC2640265A0F8582029
:10BB400001F0030202F12803A0F84EC0DB00C1F3AC
:10BB5000400C02F5847190F8E92023FA0CF3734548
:10BB600042F0020280F8E9204FF0FB069AB24FF053
:10BB70001B1538BF7346C900044621FA0CF1A0F822
:10BB80004820A0F84A20A0F85230C6874564A0F8A3
:10BB90004210FFF74DFF012294F8E93084F8582055
:10BBA000134384F8E93070BD9C3F00209E3F002085
:10BBB00070B50026B0F85A200346B0F85C00962A0B
:10BBC00038BF9622B446962838BF962093F88C103A
:10BBD00062F30F0C01F0070593F85E4093F88D10A7
:10BBE00062F30F0660F31F4C01F0070EC3F882C02A
:10BBF000B3F86010A3F85C0062F31F46A3F85A2064
:10BC000004B951B311F0080083F88640A3F88810F6
:10BC100025D0588C5A84801A18BF012011F0010FCA
:10BC200017D093F937C001F00201BCF1000F26DBF9
:10BC300014EA0E0F31D171B12C420CD0998B914284
:10BC400053D09A83002283F85E20A3F8602001205D
:10BC500070BD89072CD40028F4D1002070BD11F0EC
:10BC6000010FDED18907F8D593F93710002933DBAE
:10BC70002C42F2D0998B9142E3D19A83EDE72C428A
:10BC800025D09D8B9A83954221D00029DAD014EAE1
:10BC90000E0FD7D0C3F81E60D4E7B3F81EC0C3F8A8
:10BCA0001E609445C7D00029CCD02C42CAD0C8E72A
:10BCB00093F937100029BFDA14EA0E0FCBD0D98BD5
:10BCC0009142E7D1C3F81E600028C6D0BAE7002928
:10BCD000F2D10028C1D0B5E714EA0E0FBDD0D98B40
:10BCE0009142D7D1C3F81E60B7E79A830028B4D039
:10BCF000A8E700BF70B5034607224FF096149621BF
:10BD00004FF0030E4FF00B0C0E4D0F4EA3F888E0D2
:10BD1000A3F878C0DC615984C3F85A60C3F8824044
:10BD2000C3F8624083F8862083F866209D66A3F8F6
:10BD30006C1083F86E201D67A3F8741083F87620CA
:10BD4000002070BD0B0096009600980008B50022F8
:10BD5000D0E92401FAF7D6FEB0FA80F0400908BD18
:10BD600010B400248A690B468C61E2B10321117181
:10BD7000818C02F11C04D18093F8201039B91B7A10
:10BD8000052B0CD0062B06D000DE10BC70472046D9
:10BD900010BC02F047BC1A23137110BC7047204638
:10BDA00010BC02F021BC00DEE0E700BFF8B50D4694
:10BDB000044600F1A706334600223B3105F12B0073
:10BDC00007F006FED4F8A77000220026C4F8C87059
:10BDD0000027D4F8B330D4F8AF10C4F8D430D4F876
:10BDE000C430D4F8AB00C4F8E53094F8E030C4F8BF
:10BDF000D01043F0010384F8E03094F8BF30D4F859
:10BE0000C01062F30003C4E93667C4F8CC00C4F87C
:10BE1000E1102046294684F8B72084F8B82084F839
:10BE2000B92084F8BA2084F8BB2084F8BC2084F8B8
:10BE3000BD2084F8BE2084F8BF3001F02BF8064600
:10BE4000B8B1301D02F0D0FBF37931466B73204658
:10BE500001F036F8204602F02BF940F206636B81C0
:10BE600094F8A63023F0180343F0180384F8A630A2
:10BE7000F8BD00DEE5E700BF70B50C46897A0546DF
:10BE800082B00A2900F23F81DFE801F00A1D222575
:10BE9000799F4858676A0600002A66D002B070BDD4
:10BEA000002AFBD1237A0121062B28464AD001F033
:10BEB0000BF82146284600F0E5FF002840F0C4803A
:10BEC0000223A372EAE7002AE8D101212846EEE71F
:10BED000002AE3D1EDE7012A00F0A180042ADDD198
:10BEE00001212846009301F003F8009BDA780D2A1F
:10BEF00000F0F780112A00F0FE8000DE1F2384F896
:10BF00002030284603F01EFD21462846FFF728FF73
:10BF1000284602F081F90023A372BFE7032ABDD1AE
:10BF200000260121284600F0E3FF2846FFF782FBA8
:10BF3000284684F8206003F005FD3CE0002AADD1DE
:10BF40000121284600F0C0FF2146284600F09AFF54
:10BF5000002845D10823A372A0E7002A9ED1F3E769
:10BF6000062A9BD12846FFF75DFB2146284600F0B4
:10BF700089FF002840F091800A23A3728EE7022AED
:10BF800026D0042A8AD101212846009300F0B0FF70
:10BF90002846FFF74FFB009BDA780D2A00F09980C6
:10BFA000112A00F0A68000DE1F23284684F82030E6
:10BFB00003F0C8FC0026214628462673FFF7D0FE72
:10BFC000284602F029F9A67268E7002A7FF466AFD6
:10BFD0002146284600F056FFD0B90523A3725DE73D
:10BFE0002146284600F056FF0646002800F08780CC
:10BFF000301D02F003FBF37931466373284600F0ED
:10C000005FFF284602F054F840F60933638145E7A4
:10C010002146284602B0BDE87040FFF7C7BE28465B
:10C02000CDE90023FFF7FEFA40F20451019B009A8C
:10C030005E689868C4F84360C4F84700DB68C5F8D8
:10C04000C4302273618129E72146284600F022FF8F
:10C050000646002851D02046311D02F0A1FAF3799E
:10C0600031466373284600F02BFF284602F020F883
:10C0700040F203432846D6F81620D6F81210C4F82A
:10C080003F20C4F83B10D6F81A20C5F8C0206381C1
:10C0900002B0BDE8704003F051BC2146284600F0D4
:10C0A000F9FE064668B3301D02F0B2FAF379314664
:10C0B0006373284600F004FF284601F0F9FF4FF6AD
:10C0C0000173638195F8A63023F0180385F8A63034
:10C0D000E4E61B79062B3FF468AF1A2B3FF465AFFB
:10C0E00062E71B79062B3FF40AAF1A2B3FF407AF28
:10C0F00004E75B79EEE75B79F4E700DEABE700DEAF
:10C1000076E700DECFE700DEC8E600BF92F81FC08A
:10C1100002F11C03ACF104020D2A08D8DFE802F09A
:10C120000E14170707070711070B0707070B3D2317
:10C1300080F86C3170470422FFF79EBE0122FFF7A2
:10C140009BBE0622FFF798BE0222FFF795BE032290
:10C15000FFF792BE13460022FFF78EBEF0B50E46E3
:10C1600083B00DF1060201A90446B0F85050B0F8B2
:10C170005270FFF797FB96F82D2012BB96F82C30E3
:10C18000002B5BD1B4F85030AB420ED3BDF8062083
:10C190009A420AD3B4F85230BB4206D3BDF8042009
:10C1A0009A4202D3002003B0F0BD012094F8E93098
:10C1B000A4F850500343A4F8527084F8E93003B057
:10C1C000F0BD94F93700002802DB96F82C30EBB173
:10C1D00094F88C1094F84C5001F003032B440D3369
:10C1E000DB00C1F34001CB409BB2B3F5A47F38BF65
:10C1F0004FF4A473BDF806509D4228BF1D4612B3EC
:10C20000002803DA96F82C30002BBBD094F88D2050
:10C2100094F84E1002F003030B440D33DB00C2F31D
:10C220004002D3409BB2B3F5A47F38BF4FF4A47350
:10C23000BDF804709F4228BF1F46A3E794F937005A
:10C240000028C5DAE2E796F82C30002B9AD00028B7
:10C2500098DADBE710B500230C468969A36131B396
:10C2600094F82130DB071DD50B792E2B1DD11D2312
:10C270000B71838CCB8094F828300B7790F88D303D
:10C28000C3F302038B7790F88C30C3F302034B7730
:10C290000868FCF715FB94F8213023F0010384F8BB
:10C2A000213010BD01230B71F2E700DEDFE700DE75
:10C2B000D6E700BF38B591F821300C469B074D6A90
:10C2C00003D4BDB101232B7108E0A5B103232B7169
:10C2D000838C05F11C01EB8002F034FB29462868B1
:10C2E000FCF7EEFA002294F82130626223F0020398
:10C2F00084F8213038BD00DEE8E700BF91F8202047
:10C3000030B5940742D402F0070313F0010537D18A
:10C31000A3F10403B3FA83F35B094FEA830E754676
:10C3200091F8203065F3020381F82030C3F3C20294
:10C33000DB062ED412F0010425D1A2F10402B2FAD8
:10C3400082F252094FEA820C644691F8203064F37D
:10C35000C50381F8203090F88C3003F00703AB421E
:10C3600008BF4FF0000E81F82CE090F88D3003F0FC
:10C370000703A34208BF4FF0000C81F82DC030BD69
:10C380004FF0010ECCE74FF0010CDEE70225AE4680
:10C39000C6E70224A446D8E7F8B5CB690C460646A2
:10C3A000002B67D0637B162B2FD196F93730002BEB
:10C3B0002BDB0023E569E36165612F1D94F82030D4
:10C3C00096F8A421C3F3C20363F3C50286F8A4213F
:10C3D00094F8202096F8A431394662F3020386F8D7
:10C3E000A43194F8203096F88C20C3F3801363F3C3
:10C3F000C302204686F88C2002F03AF9022130462A
:10C4000000F062FD0223A37215E000F04FFD10B9A9
:10C410000723A372F8BD00F051FD606260B30022F3
:10C42000637BE569162B656105F10407E261C5D000
:10C43000182B09D000DE3046294600F041FD304679
:10C44000BDE8F84001F034BE21463046FFF756FF04
:10C45000A38D43B963853946204602F02DF94FF686
:10C4600005736381E7E7FFF7F5F8338D063303447F
:10C470009BB2EFE700DE95E700DED0E738B5054672
:10C480000C4601F00DFE10B10423A37238BD214605
:10C49000284600F0F7FC0028F6D005F1EC0000F08B
:10C4A00009FC0028F0D12846FFF750FC0028EBD00B
:10C4B000182321466373284600F0ECFC0346E36131
:10C4C00021462846BDE83840FFF766BF38B5054627
:10C4D0000C4601F0E5FD10B10123A37238BD2846DA
:10C4E00003F01AFA0028F7D12146284600F0CAFCCA
:10C4F0000028F1D0284603F00DFA0728ECD0284692
:10C50000012103F001FA28460D2103F001FA162358
:10C5100021466373284600F0BDFC0346E3612146D3
:10C520002846BDE83840FFF737BF00BF90F88C3091
:10C5300010B403F00702042A0CBF0222C3F3020264
:10C5400090F88D3018BF02F1FF3203F0070118BFD9
:10C55000D2B200EBC202042918BFC3F30203B2F83F
:10C56000681016BF03F1FF330223DBB201F00204AF
:10C57000C9071DD590F93710002914DB002C39D0DC
:10C58000B2F862200C33A0F88220828300EBC30251
:10C590001289D10719D4910703D590F93720002AC1
:10C5A00013DB10BC7047B2F86210A0F882108183D0
:10C5B0009CB190F937100029E2DA0C3300EBC3028A
:10C5C0001289D107E7D59207EBD500EBC3035B884F
:10C5D00010BCA0F88230C38370470C3300EBC30259
:10C5E0001289D407D7D590F937100029EDDA9207D0
:10C5F000EBD4D6E70C3300EBC3021289D407E4D4A2
:10C60000C9E700BFF0B50C46897A054683B0092911
:10C6100000F2DD80DFE801F005051E295059DB79C5
:10C62000820A002A00F0CC8003B0F0BD042AFBD1BE
:10C6300021462846FFF70EFE21462846FFF73AFE20
:10C64000284601F0E9FD0021284603F061F90023A6
:10C65000A372E9E7032AE7D195F83730DB0940F008
:10C66000B68041F203736381DEE7012A00F0B280F5
:10C67000062AD9D10021284603F046F9D5F84831D9
:10C68000204623F48073C5F8483100F03DFC1A229F
:10C6900094F8213084F8282043F0010384F82130F5
:10C6A00095F88C200926134662F3061385F88C3022
:10C6B00002212846A67223E0002AB5D12146284649
:10C6C00003B0BDE8F040FFF7D9BE032AACD195F91D
:10C6D0003730002BC0F2E380A68D002E00F0B28030
:10C6E00094F82C302BB195F88C2063F3061285F862
:10C6F0008C20284601F0E6FC082302212846A3727C
:10C7000003B0BDE8F04000F0F3BB002A8CD1214615
:10C71000284603B0BDE8F040FFF73EBE002A83D1B3
:10C720002846FEF78FFF638DC01A03043FF57CAFE8
:10C7300095F93730002BC0F2A78094F82D2095F89A
:10C740008D0012F0030294F82C3095F88C1000F054
:10C7500007061CBF62F3020085F88D0013F0030387
:10C7600001F0070140F0868095F88D3003F0070353
:10C770009E4200F0898021462846FFF7EFFC0246E2
:10C7800094F82130284662F3410384F82130FFF702
:10C79000CDFE002103F0B8F80022012384F8282000
:10C7A00094F82120092163F3000284F8212095F8F0
:10C7B0008C20134662F3061385F88C30A17233E7A0
:10C7C0002146284603B0BDE8F040FFF77FBE00DEFB
:10C7D00003B0F0BD02212846019303F095F8019BB8
:10C7E00094F820201946204602F00707C2F3C2063B
:10C7F00001F076FF0221284600F066FB94F8203015
:10C800001946C3F3C20306EA030262F3C5010B46ED
:10C810000F4067F3020384F8203095F93730002B7E
:10C820000CDB94F8203013F0380F01D05A0705D1F3
:10C8300094F8203023F03F0384F82030204600F0A5
:10C8400063FB3BE73146284603F05EF894F820206E
:10C8500094F82110D20962F3000184F8286084F86A
:10C86000211095F88C1009230A4661F3061285F809
:10C870008C2042E795F88C20994263F3020285F8F8
:10C880008C207FF478AF6FE70021284603F03CF856
:10C89000002294F8203084F82820DB0980E700DEAD
:10C8A0001AE700BF70B5CB690C460546D3B100F05E
:10C8B000FDFA10B90723A37270BD00F0FFFA6062A1
:10C8C00008B30022637BE669182B6661E2610BD036
:10C8D00000DE2846314600F0F3FA2846BDE87040F5
:10C8E00003F034B800DEE2E721462846FFF706FDF4
:10C8F000A38D53B963852046311D01F0DDFE4FF64F
:10C9000005736381E5E700DEDBE7FEF7A3FE2B8D11
:10C91000063303449BB2EDE738B505460C4603F0F9
:10C9200005F810B10423A37238BD2146284600F053
:10C93000A9FA0028F6D0284602F0ECFF0728F1D02B
:10C9400005F1EC0000F0B6F90028EBD12846FFF71E
:10C95000FDF90028E6D028460D2102F0D9FF182362
:10C9600021466373284600F095FA0346E3612146A9
:10C970002846BDE83840FFF795BF00BF70B50C46AC
:10C98000897A06461546092906D8DFE801F0070C22
:10C990000505464D056970B900DE70BD002DFCD15E
:10C9A0000123A37270BD1946204601F077FE94F86A
:10C9B000202096F8A431C2F3C200C3F3C2010140A3
:10C9C000C2F30200034043EAC10322F03F021343D3
:10C9D00084F8203096F93730002B0BDB94F82030A8
:10C9E00013F0380F40F0A08094F8203023F03F037C
:10C9F00084F820300221304600F066FA012DCCD1B7
:10CA000096F83730DB09C7D1204600F07DFA214681
:10CA10003046BDE87040FFF77FBF002DBDD12146F5
:10CA2000BDE87040FFF778BF022DB6D190F93730DE
:10CA3000002BC0F29180A38D002B00F0828094F82F
:10CA40002C302BB196F88C2063F3061286F88C20DC
:10CA50000823A3723046BDE87040022100F048BAB6
:10CA6000002D9AD12146BDE87040FFF71BBF002D75
:10CA700093D1FEF7E7FD638DC01A03048DD484F8CB
:10CA8000285096F93730002B64DB94F82D2096F867
:10CA90008D0012F0030294F82C3096F88C1000F000
:10CAA00007051CBF62F3020086F88D0013F0030334
:10CAB00001F007013CD196F88D3003F007039D4249
:10CAC00048D021463046FFF749FB024694F8213012
:10CAD000304662F3410384F82130FFF727FD01223D
:10CAE00094F82130092162F3000384F8213096F88C
:10CAF0008C20134662F3061386F88C30A17270BD49
:10CB0000042D7FF44AAF2146FFF7A4FB21463046AF
:10CB1000FFF7D0FB304603F081F80021304602F0E9
:10CB2000F7FE0023A37270BD5A077FF463AF5BE783
:10CB300096F88C20994263F3020286F88C20C0D1CB
:10CB4000B9E796F88C1009230A4661F3061286F8B5
:10CB50008C207EE70022C3E700DE6CE710B592F878
:10CB60001FE002F11C03BEF1110F13D0BEF1170F2D
:10CB70000BD0BEF1070F12D0242380F86C310C4685
:10CB800001F04AFB0023A37210BD0122BDE8104052
:10CB9000FFF738BD0522BDE81040FFF733BD062280
:10CBA000BDE81040FFF72EBD13460022FFF72ABD57
:10CBB00013460322FFF726BD38B58B7A082B03D81E
:10CBC000062B00D100DE38BD092BFBD105460C46F3
:10CBD000FFF740FB21462846FFF76CFB284601F093
:10CBE0001BFB0021284602F093FE0023A37238BDF0
:10CBF00092F81FC01346BCF1160F09D0242310B5BC
:10CC000080F86C310C4603F009F80023A37210BDC4
:10CC100001221C33FFF7B2BE13460022FFF7AEBE5F
:10CC200013460222FFF7AABE00230422FFF7A6BE86
:10CC30000023C0E90133C0E903330370704700BF2C
:10CC4000037801330370704703785BB9C3687BB125
:10CC500002691AB1816861B10B6082600023C0E98A
:10CC600003337047013BDBB20370002BEED07047FB
:10CC700070474360F1E700BF03783BB100230C30FD
:10CC80000B60436843B11960416070470023043072
:10CC90000B604368002BF6D1C0E90011704700BF5C
:10CCA00000230B60836813B1196081607047C0E98D
:10CCB00001117047406870470346406828B1996881
:10CCC000026888425A6008BF9A6070474078A0F1B5
:10CCD0000200B0FA80F04009704700BF4078A0F130
:10CCE0000D00B0FA80F04009704700BF4078A0F115
:10CCF0000100B0FA80F04009704700BF4078A0F111
:10CD00000900B0FA80F04009704700BF4078A0F1F8
:10CD10000600B0FA80F04009704700BF4078A0F1EB
:10CD20001800B0FA80F04009704700BF4078A0F1C9
:10CD30000300B0FA80F04009704700BF4078A0F1CE
:10CD40000800B0FA80F04009704700BF4078A0F1B9
:10CD50000500B0FA80F04009704700BFF8B50646FC
:10CD600008460D46F9F76AFE044680B10027456083
:10CD700006722C223946C4E9057720300DF0B5FF44
:10CD80004FF47F43FF22A77363816272A381204621
:10CD9000F8BD00BF4078A0F10200B0FA80F0400971
:10CDA000704700BF4078A0F10200B0FA80F040095F
:10CDB000704700BF4078A0F10200B0FA80F040094F
:10CDC000704700BF4078A0F10100B0FA80F0400940
:10CDD000704700BF4078A0F10100B0FA80F0400930
:10CDE000704700BF4078A0F10100B0FA80F0400920
:10CDF000704700BF4078A0F10900B0FA80F0400908
:10CE0000704700BF4078A0F10900B0FA80F04009F7
:10CE1000704700BF4078A0F10900B0FA80F04009E7
:10CE2000704700BF4078A0F10600B0FA80F04009DA
:10CE3000704700BF4078A0F11800B0FA80F04009B8
:10CE4000704700BF4078A0F10300B0FA80F04009BD
:10CE5000704700BF4078A0F10300B0FA80F04009AD
:10CE6000704700BF4078A0F10300B0FA80F040099D
:10CE7000704700BF416809B1F9F7F4BD00DE4168B1
:10CE8000F9F7F0BD024B1868003818BF0120704751
:10CE90004404002010B50448F9F7D0FD04460430DE
:10CEA000FEF7BEFB204610BD4404002008B501205B
:10CEB000FBF71AFD003818BF012008BDFBF72EBD97
:10CEC000EC30FFF7EDBE00BF38B590F85E31054697
:10CED0000C461BB11C4385F85E4138BDEC30FFF7B2
:10CEE000AFFE95F85E311C4385F85E4138BD00BF4A
:10CEF00090F85E3123EA010180F85E1101B17047BC
:10CF0000EC30FFF7A1BE00BF836943B11A792E2A26
:10CF100004D02E221A71836902691A60704700DEFC
:10CF20008369F3E783694BB11A792E2A00D07047E1
:10CF300001221A7181690868FBF7C2BC00DE8369AF
:10CF4000F2E700BF8B6913B11A792E2A0BD00B7A46
:10CF5000072B16D0CB692BB1D0F864211A60CB69AE
:10CF6000C0F86431704701221B68D0F860C1C3F873
:10CF700004C08B691A718B69C0F860310B7A072B7A
:10CF8000E8D14B6A002BE5D001221B68D0F860C1C4
:10CF9000C3F804C04B6A1A714B6AC0F86031D9E714
:10CFA00070B505460C48F9F749FD044688B10026DE
:10CFB000094B057243602C223146C4E905662030D6
:10CFC0000DF093FE4FF47F43FF22A67363816272DC
:10CFD000A381204670BD00BF3404002010B50A4B69
:10CFE000062258685021F9F705FD084B02225868BF
:10CFF0005021F9F7FFFCBDE81040054B08222C2119
:10D000005868F9F7F7BC00BF3C0400203404002046
:10D010004404002038B50446002501F0D1F820462C
:10D02000C4E9405584F80C5102F0DAFDC4F83051DF
:10D03000C4E9445584F81E51A4F81C51A4F82051A9
:10D04000C4F83351A4F85051C4F83851C4F83C51D5
:10D05000C4F84051C4F84451C4F84851C4F84C5184
:10D06000FAF78AFF94F8A630C4E95201C4E958558A
:10D0700023F0180384F8A63084F85E51258638BD65
:10D0800008460149F9F7EEBC4404002010B5B0F899
:10D090000A41034682B024B1A1420FD2641AA0F81B
:10D0A0000A41B3F81A0120B1814210D2401AA3F804
:10D0B0001A0100231846137002B010BD019200F04F
:10D0C00093FF019A034658B1197A0A2903D0222303
:10D0D0006FF07300EFE76FF0730093F82030EAE72A
:10D0E00000DEF1E7034B0B44B3FBF1F3A0F8203172
:10D0F000704700BFFF59620210B5044602F078FD88
:10D100002046BDE8104001F063B800BF10B50446EA
:10D1100049B1012900D010BD02F0B4FD2046BDE8A0
:10D12000104001F0ABB802F099FD2046BDE8104078
:10D1300001F096B838B5D0F86041054634B12068A2
:10D1400021464468FBF7B0FB002CF8D10023D5F84A
:10D150006441C5F8603134B1204624680449F9F7C8
:10D1600081FC002CF8D10023C5F8643138BD00BF24
:10D170004404002010B5074904460120FFF7EEFDE6
:10D1800028B10146204600F0FFFE002010BD0C2013
:10D1900010BD00BF3C04002038B504460D460220F7
:10D1A0000849FFF7DBFD58B1014690F820302046D2
:10D1B00065F3000381F8203000F0E6FE002038BD62
:10D1C0000C2038BD3C04002010B50749044604205B
:10D1D000FFF7C4FD28B10146204600F0D5FE00202F
:10D1E00010BD0C2010BD00BF3C040020F8B51C464B
:10D1F00090F93730002B25DB05460F4605201249F4
:10D200001646FFF7ABFD0146E0B13A687B68C1F80E
:10D210002120C1F825303378284681F829307378E9
:10D2200081F82A3026686568A268E368C1F82B6037
:10D23000C1F82F50C1F83320C1F8373000F0A4FEF8
:10D240000020F8BD0C20F8BD3C040020F8B51C46B9
:10D2500090F93730002B25DB05460F460620124992
:10D260001646FFF77BFD0146E0B13A687B68C1F8DE
:10D270002120C1F825303378284681F82930737889
:10D2800081F82A3026686568A268E368C1F82B60D7
:10D29000C1F82F50C1F83320C1F8373000F074FEC8
:10D2A0000020F8BD0C20F8BD3C0400202DE9F04121
:10D2B000054688460720104917461C469DF8186009
:10D2C000FFF74CFDA8B10146E30008F0070803F0A2
:10D2D0003803BF0143EA080307F040073B4343EA32
:10D2E000C613284681F8203000F04EFE0020BDE82D
:10D2F000F0810C20BDE8F0813C04002038B50446E4
:10D300000D4600F0FFFF204602F044FD0A200749C9
:10D31000FFF724FD38B10146204681F8205000F087
:10D3200033FE002038BD0C2038BD00BF3C04002077
:10D3300038B590F93730002B12DB04460D460B2030
:10D340000849FFF70BFD014650B12B68C0F82230A9
:10D350002B79204681F8263000F016FE002038BDDB
:10D360000C2038BD3C04002008B590F93730002B64
:10D3700008DB00F039FE20B1037A0B2B14BF00202C
:10D38000223008BD02F0CEFAF5E700BFF8B5D0F8BC
:10D3900048319B0601D40020F8BD04460D460C2000
:10D3A00008491646FFF7DAFC074648B129462046E9
:10D3B0003246FEF77FFB3946204600F0E5FDEAE7FE
:10D3C0000C20F8BD3C0400202DE9F0410446D0F8C3
:10D3D00048011D4683070F469046BDF8186016D4D5
:10D3E00094F93730002B1DDB23490820FFF7B6FCEA
:10D3F0000146002934D00B7A082B0ED0092B14D00B
:10D4000000DE204600F0C0FD0020BDE8F0811A4992
:10D410000920FFF7A3FC0146EBE7A1F828804D8522
:10D420008E85EEE71A20BDE8F081079BCF84A1F836
:10D4300028804D858E85ABB11B880B87079B5B8849
:10D440004B87079B9B888B87079BDB88CB87079B3A
:10D450001B89A1F84030079B5B89A1F84230D0E7D7
:10D460000C20D2E74FF0FF3204484FF6FF73C1E9BA
:10D470000E02A1F84020F0E73C0400200000FFFF6E
:10D4800008B502F04FFA28B1007AA0F10C00B0FA0A
:10D4900080F0400908BD00BF10B5044602F042FA12
:10D4A00010B1037A092B00D010BD01462046BDE81B
:10D4B000104002F0FDB800BF38B505460C4602F03A
:10D4C00031FA18B1027A0146092A00D038BD81F834
:10D4D00020402846BDE8384002F0EEB808B502F01A
:10D4E00021FA28B1007AA0F10900B0FA80F04009D1
:10D4F00008BD00BF38B505460C4600F075FD10B1FB
:10D500004369A3420ED0284602F00CFA10B14369D9
:10D51000A34200D038BD224601462846BDE8384027
:10D5200002F026BB01462246284600F013FEEAE739
:10D5300010B5044600F058FD18B10146204600F031
:10D540002DFE204602F0EEF9014620B12046BDE84E
:10D55000104002F033BB10BD2DE9F041537F14465B
:10D5600006460D46002B3AD0D37F3C2B24D93046BB
:10D5700000F03AFD0746304602F0D4F90146002F8C
:10D5800068D0FA7AE37F002843D09342C07A52D021
:10D590003A7B002A4FD1072B65D0112B74D00D2B6D
:10D5A00040F086800D2802D00B7B002B3BD01F2340
:10D5B00086F86C31BDE8F081474A52F8232022B149
:10D5C00004F11C00904760B1E37F022BCFD101230F
:10D5D000224629463046BDE8F04102F06FBBFF23EA
:10D5E000D377304600F000FD30B1E27FC37A9A4233
:10D5F000E0D0037B002BDDD1304602F093F9002808
:10D6000040D0E27FC37A9A42D4D0037B002BD1D1A1
:10D61000DEE7934207D03A7B2AB9072B3CD0112B87
:10D620003AD00D2BD3D123462A4639463046BDE8A1
:10D63000F04100F04BBD8342B9D00A7B002AB6D13D
:10D64000072B2FD0112BEED14B7B94F820209A4240
:10D65000E9D1ACE70028BAD023462A463046BDE8D7
:10D66000F04102F01BBA94F820307A7B9A4225D020
:10D670000728F1D00A7B002AEED14A7B9A42EBD0F0
:10D68000242395E70346A3E794F820307A7B9A4257
:10D690001FD01128EED1DFE77A7B94F820309A4230
:10D6A00095D1C0E74A7B94F820309A42BBD17EE7FF
:10D6B0008342D1D00B7B002BCED1E1E707283FF48A
:10D6C00076AF0B7B002B7FF472AF4B7B9342AAD1DA
:10D6D0006DE71128F5D16AE7F4BE0100002310B50B
:10D6E0008C698B612CB323792E2B20D13AB901237D
:10D6F000237121462068BDE81040FBF7E1B8032301
:10D700002371838CE3800B7A0C2B06D000DE21463C
:10D710002068BDE81040FBF7D3B804F11C0101F00C
:10D7200011F921462068BDE81040FBF7C9B800DEBA
:10D73000DCE700DED7E700BFF8B500278D690C46AF
:10D7400006468F61002D37D0012703232B71B38C40
:10D7500005F11C01EB80237A023B102B0DD8DFE88A
:10D7600003F01A0C090C0C0C0C0C0C0C230C0C0CFC
:10D770000C0C0F00637A0C2B26D000DE2FB1F8BD05
:10D78000304601F075F9002FF9D129462868BDE827
:10D79000F840FBF795B8637A072B09D0092BECD139
:10D7A000304600F03FFEE9E7304601F0CBF8E5E710
:10D7B000204600F0EBFDE1E7FFF780FB054600287F
:10D7C000C3D100DE0071FFDE304600F0C3FED5E7B6
:10D7D00070B505460E46FFF75DFB0446002857D09E
:10D7E000337A211D013B112B0AD8DFE803F0181E04
:10D7F000092409090909092A093109090909093707
:10D8000000DEE379214673732846FFF759FB337A2C
:10D810000A2B29D02846BDE8704000F049BC0846D4
:10D8200000F08EFD1323F372EBE7284600F0BCFDF9
:10D830000923F372E5E7084600F07AFE0C23F37241
:10D84000DFE7304600F064FEFF237461F372D8E72F
:10D85000284601F04BF81523F372D2E7284601F071
:10D86000D9F83C23F372CCE740F2E24442F2107262
:10D87000EB8CB5F89A1104FB03F302FB013101397B
:10D88000B1FBF3F12846BDE8704089B200F016BC48
:10D8900000DEA5E72DE9F04107460C46164602F0EA
:10D8A00045F828B103230025A3722846BDE8F0817E
:10D8B00021463846FFF7E6FA05460028F2D0214611
:10D8C0003846FFF7E7FA8046002856D0237A08F159
:10D8D0000400013B112B0AD8DFE803F01E23092ABC
:10D8E000090909090909092F09090909093800DE87
:10D8F00098F80730414663733846FFF7E1FA384637
:10D9000002F024F80423A372002ECED0384602F091
:10D9100085F90023A372C8E700F01CFDFF23E37222
:10D92000E6E70146384600F05BFDFF23E372DFE7E0
:10D9300000F0FEFDFF23E372DAE70146384600F00F
:10D94000EBFFFF23C4F81480E372D1E797F85E3051
:10D950005B070DD4B7F8603003F0180343B90146F4
:10D96000384601F06FF8FF23C4F81480E372BFE774
:10D9700011223B2100F062FEF5E700DEA6E700BFC2
:10D9800020B50B7A0546013B82B0112B18D8DFE891
:10D9900003F010101A231717171717301709171746
:10D9A000171717090022284602B0BDE82040FFF7EC
:10D9B00071BF0122284602B0BDE82040FFF76ABFD0
:10D9C00000DE02B020BD2846019102F027F90023B5
:10D9D00001998B7202B020BD90F83031002BF2D14A
:10D9E0000122FFF757FF0028EBD0012385F83031E3
:10D9F000E7E790F93730002BE3DB02238B72E0E797
:10DA000038B50B7A0C46013B0546112B0AD8DFE8E6
:10DA100003F00B19092309090909095309330909F5
:10DA20000909094D00DE38BD4B7A072B1ED0132B98
:10DA30001CD02423284685F86C3100F0EDFB002330
:10DA4000A37238BD4B7A072B01D0092BF1D194F882
:10DA50002030DB070AD505E04B7A0C2BE9D18B6926
:10DA6000002B3DD021462846FFF766FE284600F0F1
:10DA7000D3FB0023A37238BD4B7A152B24D0072B80
:10DA8000D7D1D0F8483123F02003C0F8483100F056
:10DA9000C3FB00232846A372FFF7F2FC0028C2D183
:10DAA0002846BDE838400421FFF722BA4B7A3C2BC8
:10DAB00011D0072BBDD1D9E700F0AEFB0022162311
:10DAC000A27285F86C3138BDFDF7FCFE90B928468E
:10DAD00000F0A2FBDDE7FEF76BF80028C6D0C1E737
:10DAE000FFF7E4F90028BDD1284600F0E1FA04234D
:10DAF000A37238BD21462846FFF71EFEE7E700BFA8
:10DB000070B50E7A0C46731E0546112B18D8DFE847
:10DB100003F01920173417171717174F170917177E
:10DB200017171711D0F848319B0603D5FFF7A8FC4B
:10DB3000002853D0284600F06FFB0023A37270BD6D
:10DB400000DE70BD00F0ACFA00285DD00123A372A6
:10DB500070BD00F0A5FA0028F8D121462846FFF74D
:10DB600091F90028F2D021462846FFF731FE63697B
:10DB7000002B08BF0326A67270BD90F830312BBB76
:10DB800000F08EFA0028E1D121462846FFF77AF905
:10DB90000028DBD021462846FFF71AFE62690123E0
:10DBA000002A0CBF03220222A27285F8303170BD18
:10DBB000FFF768F90028C9D021462846FFF708FE7C
:10DBC0001622022384F82020A37270BD0C220023A9
:10DBD0004A728B61BDE87040FFF712BF284600F023
:10DBE0005FFA0028B2D121462846FFF74BF90028FA
:10DBF000ACD004212846FFF767F921462846FFF7F5
:10DC0000E7FD0323A37270BD21462846FFF73AF9CA
:10DC100000289BD021462846FFF7DAFD6369002BD8
:10DC20000CBF03230223A37270BD00BF8A7A022AAD
:10DC300006D002D9033A012A00D8704700DE7047A7
:10DC40000B7A0A2BF9D1FFF7DBBE00BF38B58B7A10
:10DC5000032B05D001D9042B00D138BD00DE38BD1F
:10DC60000C460546D07F02F11C01831E60723A2BE0
:10DC70001FD8DFE803F01E1E1E1E1E351E311E1E9D
:10DC80002D1F1E1E1E291E1F1E251E1E1E1F1E1E90
:10DC90001E1E1E1E1E1E1E1E1E1E1E1E1E1E1E1EA4
:10DCA0001E1E1E1E1E1E1E1E1E1E1E1E1E1E1E1E94
:10DCB000390000DE21462846BDE83840FFF7A0BE07
:10DCC000284600F07FFEF5E7204600F0C9FCF1E7AA
:10DCD000284600F055FCEDE7284600F0EBFBE9E7AD
:10DCE000204600F04FFBE5E7284600F00BFFE1E798
:10DCF00038B58B7A032B05D8012B0AD8BDE83840FC
:10DD0000FFF7FEBE042B03D10B7A0C46042B01D087
:10DD100000DE38BD0546FFF7C9F80028F9D02146D6
:10DD20002846FFF709FD284600F076FA0023A37283
:10DD300038BD00BF38B58B7A012B06D002D9023B23
:10DD4000022B00D838BD00DE38BD0C46D37F054617
:10DD5000022B02F11C0163724BD00C3BDAB22F2A6A
:10DD60002CD82F2B2AD8DFE803F041293E29292976
:10DD700023292E292929292B292929292929292912
:10DD80002929292929292929292929292929292903
:10DD90002929292929292929291800F07FFE28461F
:10DDA000FDF706FF0346204684F82030FFF7ACF865
:10DDB00021462846BDE83840FFF7E2BD00DEF7E720
:10DDC00000F09EFBF4E700F0D5FD04212846FFF7A4
:10DDD0007BF82846FDF7F4FD0346204684F8203002
:10DDE000FFF792F8E4E700F03BFBE1E700F0C8FB47
:10DDF000DEE7204600F098FB08212846FFF764F88C
:10DE0000D6E700BF70B58D7A032D00D870BD042D04
:10DE100017D10B7A0C460C2B064614D0122BF5D1D9
:10DE2000FDF7C6FE214694F8203040EA0302D2B244
:10DE30003046FFF753FC304601F0F0FE0023A3729A
:10DE400070BD00DE70BDFDF7F3FD94F8203029466B
:10DE500040EA0305EDB23046FFF74AF82A4621466C
:10DE6000E6E700BF10B58B7A0C4682B0042B1ED8B3
:10DE7000DFE803F01710031210000B7A0A2B14D1FD
:10DE8000019001F0CBFE002294F820300198A2729C
:10DE900080F86C3102B010BD02B0BDE81040FFF751
:10DEA0006FBD01238B7202B010BD00DEE8E700DE1B
:10DEB000F0E700BF70B5044605F07EFC58B1D4F819
:10DEC000005135B1D4F804212B68AA42C4F80031BE
:10DED00021D0284670BD05460121032005F034FC01
:10DEE0002A46064601210320F8F748FED4F80051DF
:10DEF00045B1D4F804212B689542C4F8003108BF1D
:10DF0000C4F80431002EE4D0012203201146F8F7B2
:10DF100035FE284670BDC4F80431284670BD00BFE8
:10DF2000F8B506460C4605F047FC68B1D6F8005136
:10DF3000AC421FD1A3690BBB3046FFF7BBFF2046A5
:10DF4000BDE8F840FEF796BF05460121032005F025
:10DF5000FBFB07462A4601210320F8F70FFED6F8FF
:10DF60000051002FE4D0012203201146F8F706FEED
:10DF7000AC42DFD000DEA369002BDDD01B792E2B55
:10DF8000DAD100DED8E700BFF8B505460C4605F04B
:10DF900013FC40B100232360D5F80431F3B11C60B9
:10DFA000C5F80441F8BD06460121032005F0CCFB6D
:10DFB0000121074632460320F8F7E0FD2660D5F838
:10DFC000043173B11C60C5F80441002FEAD0BDE8EC
:10DFD000F840012203201146F8F7D0BDC5E94044BE
:10DFE000F8BDC5E94044F0E770B5054605F0E4FB2F
:10DFF00018B1D5F80041204670BD04460121032028
:10E0000005F0A2FB0646224601210320F8F7B6FDE3
:10E01000D5F80041002EEED0012203201146F8F77A
:10E02000ADFD204670BD00BF38B50546FFF7DCFFEB
:10E03000037A0446013B112B18D8DFE803F00909E5
:10E04000090919192B1F1F09250917171717170970
:10E05000014600222846FFF74BFEA37B03B938BDDB
:10E0600021462846BDE83840FFF75ABF00DEF4E7F6
:10E07000014600222846FEF76DF8EEE70146002231
:10E08000284601F0E7FAE8E701460022284601F0B9
:10E0900021FBE2E7014600222846FEF785FDDCE78A
:10E0A00090F80C01A0F10100B0FA80F0400970472F
:10E0B000B0F82031A0F80A31704700BFA0F80A116B
:10E0C000704700BF0023A0F80A31704738B50C46EE
:10E0D00011461A46A369054613B3217A013911295D
:10E0E00021D8DFE801F00909090922222C27270994
:10E0F000310920202020200921462846FFF7A6FDCF
:10E10000A36923B11B792E2B1CBF0023A361A37B22
:10E1100003B938BD21462846BDE83840FFF700BFA7
:10E12000A2612161D9E700DEEAE721462846FDF732
:10E13000EDFFE5E72146284601F040FAE0E72146F9
:10E140002846FEF70BFDDBE72146284601F0B8FA2A
:10E15000D6E700BF70B591F808C00C46BCF1120FAD
:10E16000054607D801230C4E03FA0CF333420CD0BA
:10E17000FFF75CFD0022A37B626103B970BD2146FD
:10E180002846BDE87040FFF7CBBEBCF1070FF1D1C8
:10E19000FEF70EFDEEE700BF0814040038B50B7A59
:10E1A0000C46072B054608D0A37B03B938BD214692
:10E1B0002846BDE83840FFF7B3BEFEF7FDFCF3E7A5
:10E1C0000222002380F80821A0F80A31704700BF1E
:10E1D00038B590F808310446032B1BD8DFE803F06C
:10E1E00002111011FFF700FF034648B11D7A2046C7
:10E1F000FFF71AFF0A2D14BF0123032384F8083107
:10E2000038BDFFF7F1FE0028FAD02046BDE83840BF
:10E21000FFF70ABF00DE38BD10B590F8083104469C
:10E22000032B1BD8DFE803F00D020C02FFF7DCFE26
:10E2300090B100230122A4F80A31827384F80831D6
:10E2400010BDFFF7D1FE28B100220123A4F80A2156
:10E25000837310BD00DEF7E700DEEAE700DE10BDE5
:10E2600090F80831022B05D000D87047032BFCD062
:10E2700000DE7047002380F80831704738B590F809
:10E2800008310446032B3AD8DFE803F009261213BD
:10E2900020462946FEF756FE2846FEF7EBFD2046AF
:10E2A000FFF708FE05460028F2D1022384F8083162
:10E2B00038BDFFF7FFFD05460028F6D02946204669
:10E2C000FEF740FE2846FEF7D5FD2046FFF7F2FD9B
:10E2D00005460028F2D1E8E7FFF7ECFD05460028E7
:10E2E000E3D029462046FEF72DFE2846FEF7C2FD64
:10E2F0002046FFF7DFFD05460028F2D1D5E700DE16
:10E3000038BD00BF38B50546FFF7D4FD68B10446F7
:10E3100021462846FEF716FE2046FEF7ABFD2846AE
:10E32000FFF7C8FD04460028F2D100242846214604
:10E33000A5F80A4101F0E8FA85F8084138BD00BFA8
:10E34000012112220378417043F003030370C2706D
:10E35000704700BF012113220378417043F003038B
:10E360000370C270704700BF4FF0020C07220B7899
:10E3700081F801C043F003030B70CA7090F84C3071
:10E380000B7170470B7980F84C3070474FF0020CDE
:10E3900007220B7881F801C043F003030B70CA70A9
:10E3A00090F84C300B7170470822092010B50B789B
:10E3B000CA7043F003030B7048700C46F9F7DCFD9C
:10E3C0000022606061F30702C1F307200B0C60F3C9
:10E3D0000F2263F317421B0A63F31F62A26010BD92
:10E3E00038B50C460546F9F7C7FD09222378627057
:10E3F00043F00303E2702370D5F84831217263F0D3
:10E40000FF031840030C1A0AA3710B0CC0F3072575
:10E410002071E271C1F307201A0A65716072A3725C
:10E42000E27238BD09220B784A7043F003030B7087
:10E43000CA70D0E95023100CC2F3072C0A711A0CD1
:10E4400081F805C088714FEA102C0B72C3F30720C6
:10E45000130A81F807C048728A72CB72704700BFF6
:10E460002DE9F0414FF0405405464868104E430FE7
:10E4700083EA107303F00103A3FB04348A680640A7
:10E4800002F0EF0886EA0304F9F776FD0440012064
:10E4900008EA010164F0FF02C5E952413240C5F8C3
:10E4A0004481C5F8402185F83801BDE8F08100BFFE
:10E4B0002FCF87F74FF040522DE9F04105464868CD
:10E4C0000E4E430F83EA107303F00103A3FB0232E5
:10E4D0008968064001F0EF0786EA0304F9F74CFD6E
:10E4E000B846012304400F40C5E95247C5F84061D2
:10E4F000C5F8448185F83831BDE8F0812FCF87F722
:10E500000B7980F850314B7980F85131704700BF5A
:10E5100002220B784A7043F003030B70CA7090F824
:10E5200020300B71704700BF0B7980F820307047A6
:10E530004FF0060C40F60C510378054A43F00303F4
:10E5400080F801C00370A0F80310C0F805207047E0
:10E55000F105FFFF4FF0060C0C220B7881F801C08B
:10E5600043F003030B70CA7090F832310B71B0F8AE
:10E570003331A1F80530B0F83531A1F807307047D4
:10E58000012380F831310B7980F83231B1F8053050
:10E59000A0F83331B1F80730A0F83531704700BF2B
:10E5A000032210B517240B784C7013430B70CA70FC
:10E5B000D0F82530D0F821208B604A6090F82930BF
:10E5C00001F10E040B7390F82A304B7305F0F4F848
:10E5D0000C2120B12046BDE8104002F005BC2046C9
:10E5E000BDE8104002F0F6BB01210622037841701D
:10E5F00043F003030370C270704700BF01210A2279
:10E600000378417043F003030370C270704700BF8A
:10E6100001210B220378417043F003030370C270A1
:10E62000704700BF4FF0020C0D22037880F801C044
:10E6300043F003030370C2700171704700B54FF0DF
:10E64000030E4FF0110C037880F801E043EA0E034B
:10E65000037080F803C0017142715DF804FB00BFD4
:10E660000B7980F84D304B7980F84E30704700BF01
:10E670004FF0030C16220B7881F801C043EA0C031B
:10E680000B70CA7090F82030C3F3C2034B7190F83E
:10E690002030C3F302030B71704700BF0A7990F872
:10E6A000203062F3C5031A4680F820304B7963F3BB
:10E6B000020280F8202070474FF0050C18220B78DA
:10E6C00081F801C043F003030B70CA70438DCB8007
:10E6D00090F82C300B7190F82D304B71704700BFC3
:10E6E0000A7990F8203062F3C5031A4680F820308A
:10E6F0004B7963F3020280F8202070474FF0180C2A
:10E700000F220B7881F801C043F003030B70CA702D
:10E71000C38C8B80038DCB80438D0B81838D4B818C
:10E7200090F834300B73C38EA1F80D30038FA1F82D
:10E730000F30438FA1F81130838FA1F81330C38FAE
:10E74000A1F81530B0F84030A1F81730B0F84230D9
:10E75000A1F81930704700BF4FF0180C10220B7849
:10E7600081F801C043F003030B70CA70C38C8B8027
:10E77000038DCB80438D0B81838D4B8190F834309A
:10E780000B73C38EA1F80D30038FA1F80F30438FA8
:10E79000A1F81130838FA1F81330C38FA1F8153081
:10E7A000B0F84030A1F81730B0F84230A1F8193075
:10E7B000704700BF8B88C384CB8803850B89438552
:10E7C0004B8983850B7B80F83430B1F80D30C386DC
:10E7D000B1F80F300387B1F811304387B1F8133027
:10E7E0008387B1F81530C387B1F81730A0F84030EF
:10E7F000B1F81930A0F84230704700BF8B88C3844D
:10E80000CB8803850B8943854B8983850B7B80F8F7
:10E810003430B1F80D30C386B1F80F300387B1F84A
:10E8200011304387B1F813308387B1F81530C387AF
:10E83000B1F81730A0F84030B1F81930A0F84230E4
:10E84000704700BF00B54FF0000C4FF00C0E0B7876
:10E8500081F801E043F003030B7081F803C090F8E6
:10E8600023300B4A0B71036BA2FB03239B0AA1F815
:10E870000530438DA1F80930038DA1F80730838D51
:10E88000A1F80B30838CA1F80D305DF804FB00BFBC
:10E890005917B7D140F2E2420B7980F82330B1F832
:10E8A000053002FB03F30363B1F809304385B1F887
:10E8B00007300385B1F80B308385B1F80D308384C0
:10E8C000704700BF4FF0080C01220B7881F801C09F
:10E8D00043F003030B70CA70038CA1F80930D0F821
:10E8E00022304B6090F826300B7270474FF0090CC5
:10E8F00014220B7881F801C043F003030B70CA7037
:10E90000C38F8B80838F0B81B0F84230CB80B0F8FF
:10E9100040304B81704700BF4FF0090C15220B7837
:10E9200081F801C043F003030B70CA70C38F8B8062
:10E93000838F0B81B0F84230CB80B0F840304B81F0
:10E94000704700BF4FF0090C15220B7881F801C009
:10E9500043F003030B70CA70B0F84E308B80B0F8F0
:10E960004C300B81B0F85230CB80B0F850304B8136
:10E97000704700BF8A88A2F11B03E02B21D8B1F8B1
:10E9800008C0ACF11B03E02B1BD870B544F2481E45
:10E99000CC88A4F5A4739BB2734511D800234E898B
:10E9A0001946A6F5A475ADB26CF30F0366F30F011B
:10E9B00062F31F4364F31F41754598BFC0E91131ED
:10E9C00070BD70478A88A2F11B03E02B21D8B1F8F3
:10E9D00008C0ACF11B03E02B1BD870B544F2481EF5
:10E9E000CC88A4F5A4739BB2734511D800234E893B
:10E9F0001946A6F5A475ADB26CF30F0366F30F01CB
:10EA000062F31F4364F31F41754598BFC0E911319C
:10EA100070BD70474FF0080C3B220B7881F801C0A5
:10EA200043F003030B70CA70B0F85A308B80B0F813
:10EA30005C30CB8090F85E300B72B0F86030A1F89B
:10EA4000093070474FF0060C3C220B7881F801C06A
:10EA500043F003030B70CA70B0F882308B8090F8DB
:10EA600086308B71B0F88830A1F80730704700BF4E
:10EA70004FF0060C3C220B7881F801C043F00303F1
:10EA80000B70CA70B0F882308B8090F886308B7132
:10EA9000B0F88830A1F80730704700BF0022034665
:10EAA000B1F804C0A0F85AC0B1F806C0A0F85CC024
:10EAB00091F808C00CF0070C80F85EC0B1F809C0EE
:10EAC0000CF01F0CA0F860C0087AD04010F0010FC5
:10EAD00002F1010210D08888A3F86200C888A3F868
:10EAE0006400087A00F0070083F86600B1F80900B6
:10EAF00000F01F00A3F86800032A03F10803E3D124
:10EB0000704700BF00220346B1F804C0A0F85AC005
:10EB1000B1F804C0A0F85CC091F806C00CF0070C76
:10EB200080F85EC0B1F807C00CF01F0CA0F860C000
:10EB30008879D04010F0010F02F1010210D08888CE
:10EB4000A3F862008888A3F86400887900F00700C1
:10EB500083F86600B1F8070000F01F00A3F8680012
:10EB6000032A03F10803E3D1704700BFF8B500237F
:10EB7000CD690C4607461646CB611DB30F2E05F135
:10EB8000040116D0112E0CD02046FFF75BFEEB7966
:10EB9000294663733846FEF793F9237A092B0CD084
:10EBA000F8BD084694F8202094F82110FFF746FDA0
:10EBB000EDE72046FFF7A2FDE9E73846BDE8F8405B
:10EBC000FFF776BAFEF766F905460028D6D100DED3
:10EBD000D4E700BF00228B698A610BB3192293F836
:10EBE00004C01A71828CDA8091F820201A774AB911
:10EBF0000A8DBCF12E0FDA834A8D1A848A8D5A84CD
:10EC00000AD07047C28CBCF12E0FDA83028D1A84B1
:10EC1000B0F89A215A84F4D119461868F9F750BE11
:10EC200000DEDBE730B5C38C0A8D4C8D93428D8DB1
:10EC300085B002D1038DA34214D0012381F8223084
:10EC400002950B6BCDE900240C7A91F82320898C76
:10EC50000391A4F10801B1FA81F14909FCF708FD1B
:10EC600005B030BDB0F89A315B1B18BF0123E5E752
:10EC7000F8B50023CD690C4607461646CB618DB327
:10EC8000291D112E0AD8DFE806F020090909090913
:10EC9000091C0909090909090909241400DEEB798D
:10ECA000294663733846FEF70BF9237A092B14D0F3
:10ECB000F8BD084694F8202094F82110FFF7BEFC18
:10ECC000EDE72046FFF750FBE9E72046FFF7BAFDE6
:10ECD000E5E72046FFF740FDE1E73846BDE8F840AC
:10ECE00000F034BEFEF7D6F805460028C8D100DE95
:10ECF000C6E700BF2DE9F0411B4E044633680D46C0
:10ED00002BB1834203D00123AB72BDE8F0812046D2
:10ED1000FFF7C6F90028F6D1204600F0FDFD0746B2
:10ED20000028F0D129462046FEF7ACF80028EAD0AA
:10ED30002046FCF78FFC80460121204600F0E4FDD0
:10ED40000F2229462046A5F8368085F834703460B5
:10ED5000FFF70CFF94F83730DB0903D141F20203CF
:10ED60006B81D2E700DED0E7E0350020C38C052BB5
:10ED700003D9028DB2F5486F01D900207047934244
:10ED8000FBD8438DB3F5FA7FF7D200B540F6764E47
:10ED9000B0F82CC0ACF10A0189B2714502D900204B
:10EDA0005DF804FB013313FB02F3B3EB8C0FF6D2D7
:10EDB00090F8340090428CBF00200120F0E700BFA3
:10EDC00038B504460D4600F0B1FD20B9294620466D
:10EDD000FEF758F830B910212046FEF775F80923E0
:10EDE000AB7238BD04F1EC00FDF764FF0028F2D1EE
:10EDF0002046FCF7ABFF0028EDD029462046FEF761
:10EE000049F8E861FEF752F810B90C23AB7238BD2F
:10EE1000AB695BBBFEF752F82E2100220123A861EB
:10EE200001712A6395F8342085F823304AB12B8D7F
:10EE3000E98CB3FBF2F313FB02F39BB2994298BF48
:10EE40002B852046FCF706FC238D29460633034418
:10EE5000AB8420460022FFF70BFF4FF60B736B814C
:10EE60002046BDE838401021FEF742B800DED1E769
:10EE700038B504460D46FFF713F920B92946204658
:10EE8000FEF700F830B910212046FEF71DF80323E5
:10EE9000AB7238BD04F1EC00FDF70CFF0028F2D195
:10EEA0002046FCF753FF0028EDD029462046FDF709
:10EEB000F1FFAB69E86143B32E20002201211871F4
:10EEC0002A6395F8342085F823104AB12B8DE98CFC
:10EED000B3FBF2F313FB02F39BB2994298BF2B856D
:10EEE0002046FCF7B7FB238D294606330344AB8449
:10EEF00020460022FFF73AFE4FF606736B8120464C
:10EF0000BDE838401021FDF7F3BFFDF7CFFF10B982
:10EF10000723AB7238BDAB69002BCDD1FDF7CEFF17
:10EF20000346A861C8E700BF70B50C460646FFF768
:10EF300079FE237A092B1DD094F82250ADB100231D
:10EF40002146304684F82030FFF744FE304600F07A
:10EF500065FE237A092B05D10C4B1A68964204BF33
:10EF600000221A600023A37270BD2046FDF7DAFF6D
:10EF7000A561EBE7304600F0EFFC237A092BDBD1EB
:10EF800094F82030002BDAD1D6E700BFE03500201E
:10EF900070B506460C4600F0C9FC10B10623A372FA
:10EFA00070BD054621463046FDF76CFF0028F5D0C0
:10EFB000112221463046FFF75BFE304600F02EFE60
:10EFC000237A092B04D1044B1A68964208BF1D60AE
:10EFD0000023A37270BD00BFE0350020F8B5294AB8
:10EFE000064613680C468BB183420FD002238B7206
:10EFF00000F09CFC054620B921463046FDF742FF53
:10F0000068BB2046BDE8F840FDF77EBF218DF38C3C
:10F010001660994212D00023A569A36185B303232A
:10F020002F792B71B38C204605F11C01EB80FFF783
:10F0300065FB2E2F1FD00423A372F8BD628D338D84
:10F040009A42E8D1A28DB6F89A319A42E3D120468D
:10F05000FDF768FF00220523A261A372F8BD4FF4FB
:10F060007263214630462384FFF792FF2046FDF766
:10F0700059FFA561F8BD29462868F9F721FCDAE7B0
:10F0800000DECCE7E0350020F0B50C46897A054675
:10F0900083B00C2900F2C680DFE801F00C1828319B
:10F0A0003D485CC4616C75B20700002A00F0BF8067
:10F0B00003B0F0BD002AFBD1237A082B00F0F180C9
:10F0C000092B40F0AF800123A372F1E7012AEFD1B1
:10F0D00020461946FFF76EFB2046FFF747FE38B97A
:10F0E00040F61E732146284623842EE0012ADFD8ED
:10F0F0002146284603B0BDE8F040FFF76FBF002A65
:10F10000D6D10192FDF7D2FE019A002840F0E580A9
:10F110000323A372CCE7032A00F08680042AC7D118
:10F120000F22062384F82120A372C1E7002ABFD151
:10F1300095F93730002B80F2B08094F8203083B1FD
:10F140000F232146284684F8213003B0BDE8F04063
:10F15000FFF71EBF002AABD121462846F5E7002A5B
:10F16000A6D1284600F0E2FB002800F09D8008238D
:10F17000A3729DE7002A9BD12146284603B0BDE833
:10F18000F040FFF71DBE022A92D195F83720C2F356
:10F19000C011D20900F0978019462046FFF77AFB8C
:10F1A00040F67A41228D931F9BB28B4200F2A880D9
:10F1B000638DB3F5FA7F80F0A38040F67646A08D8C
:10F1C000A0F10A0189B2B14200F29A8003FB022247
:10F1D000B2EB800F80F094802846FCF73BFA47F6AC
:10F1E000FE72A38C1B1A9BB2934240F2A980282383
:10F1F000284685F86C3100F011FD0023A37257E713
:10F20000002A7FF455AF2846FCF71CFAA38CC01ADD
:10F2100003043FF54DAF2146284603B0BDE8F0405A
:10F22000FFF782BE00DE43E70523A37240E7FDF748
:10F230003DFE00283FF43CAFA369002B40F09080D6
:10F24000FDF73CFE2E2100220123A0610171226303
:10F2500094F8342084F823304AB1238DE18CB3FB39
:10F26000F2F313FB02F39BB2994298BF2385284621
:10F27000FCF7F0F92B8D214606330344A38428467E
:10F280000022FFF7F5FC4FF60B731021284663812F
:10F2900003B0BDE8F040FDF72BBE21462846A26131
:10F2A0006CE70A23A37203E721462846FDF7EAFD2F
:10F2B00000283FF45CAF102221462846FFF7D8FC17
:10F2C0000A236381F4E6284684F84C1000F02EFBF4
:10F2D0000646B8B10D23A372EAE6A669A261002E24
:10F2E0003CD0032337793371AB8C204606F11C01E7
:10F2F000F380FFF703FA2E2F1DD00423A372D7E665
:10F300001E2375E721462846FDF7BCFD0028E1D005
:10F31000072221462846FFF7ABFC284600F07EFC7A
:10F32000237A092B7FF469AF0E4B1A6895427FF45C
:10F3300064AF1E6061E731463068F9F7C1FADCE777
:10F340002046FDF7E1FD0B232846A372FCF782F966
:10F35000A38CC31A1A043FF5ABAE5CE700DEC0E72E
:10F3600000DE6DE7E035002070B506460C46FEF77E
:10F3700097FE10B10523A37270BD054621463046A5
:10F38000FDF780FD0028F5D02946304600F0BCFA94
:10F39000112221463046FFF7E9FB3046FEF73CFFDD
:10F3A000237A092B02D00023A37270BD96F937305F
:10F3B000002B06DB064B1A689642F4D100221A6035
:10F3C000F1E73046FEF78AF80028F3D0EBE700BFFC
:10F3D000E035002070B515468A7A0C46064682B0A4
:10F3E000072A10D8DFE802F008121B630F363E042C
:10F3F000002D76D002B070BD002DFBD1237A082BF2
:10F400005ED0092B04D000DE02B070BD002DF1D11A
:10F410002146304602B0BDE87040FFF76BBC032DBB
:10F4200000F09080042D4ED0012DE3D119462046E6
:10F43000FFF7E4F93046022100F066FA2046FFF7B4
:10F4400095FC002840F09E8041F21E032146304684
:10F45000238402E0002DCDD1214602B0BDE87040EA
:10F46000FFF782BF002DC5D1FCF7ECF8A38CC01AC2
:10F470000304BFD42946304600F046FA2146304600
:10F48000FFF7D0FB237A092B7ED094F82250002D71
:10F4900040F086802046FDF745FD3046A561FEF729
:10F4A000BBFE237A092B62D00023A372A2E7002DB2
:10F4B000A0D12146304602B0BDE87040FFF7D8BC6D
:10F4C0002146A561F7E73046022100F01DFA2046EB
:10F4D000D6F8483123F00203C6F84831FDF714FD91
:10F4E000E7E7FDF7E3FC002884D0A06900285FD09F
:10F4F0002E21002201230171226394F8342084F824
:10F5000023304AB1238DE18CB3FBF2F313FB02F3FA
:10F510009BB2994298BF23853046FCF79BF8338D08
:10F52000214606330344A38430460022FFF71EFB26
:10F530004FF6067310213046638102B0BDE870407B
:10F54000FDF7D6BC5A791A2ABDD00021019300F0EC
:10F55000DBF9019B5B7984F8203021463046FFF7C8
:10F5600039FB3046FEF758FE237A092B9CD196F9D9
:10F570003730002B16DB104B1A68964294D10022CC
:10F580001A6091E72046A9E73046FEF79BFD237AF3
:10F59000092B7FF47AAF94F82030002B3FF475AF3D
:10F5A0000023D8E73046FDF799FF0028E3D07BE73A
:10F5B000FDF784FCA0619BE7E035002070B50C46A8
:10F5C000D17F054602F11C0311290AD8DFE801F0BA
:10F5D0002609090909090920090909090909090967
:10F5E0001A14242380F86C31FEF716FE237A092BB7
:10F5F0001CD00023A37270BD2146BDE870400322D9
:10F60000FFF7E8BE2146BDE870400122FFF7E2BEE9
:10F610002146BDE870400422FFF7DCBEA37A032B2D
:10F62000E9D9053B022BE6D900DE70BD95F93730EC
:10F63000002B06DB064B1A689542DAD100221A60CD
:10F64000D7E72846FDF74AFF0028F3D0D1E700BFEF
:10F65000E035002013460022FFF7BCBE70B5D57F11
:10F6600002F11C03CDB10F2D12D024230E4680F8D9
:10F670006C31044600F0D2FA337A092B05D1094BDC
:10F680001A68944204BF00221A600023B37270BD4E
:10F690000122BDE87040FFF7F7BC0222BDE87040D0
:10F6A000FFF7F2BCE035002013460022FFF7ECBC68
:10F6B00000230322FFF7E8BC00230422FFF7E4BC89
:10F6C000242310B580F86C310C46FEF7A5FD00230D
:10F6D000A37210BD70B58B7A0C46012B05460AD972
:10F6E000022B06D1FBF7AEFF238CC01A030408D50A
:10F6F00070BD00DE70BDFEF7D3FC88B10123A3729C
:10F7000070BD0021284600F0FFF8284604F12201D0
:10F71000FCF7B4F82846FEF77FFD0023A37270BD06
:10F72000284600F0F9F80028E8D121462846FDF7E0
:10F73000A9FB0028E2D00121284600F0E5F8284680
:10F74000FBF788FF2B8D214606330344238428468C
:10F75000FDF7A0FB064660B12046311DFFF7B2F869
:10F76000F379314663732846FDF7AAFB0223A3729F
:10F7700070BD00DEF0E700BF0346D3F81021084655
:10F780008A420DD18A69A2B90A46D3F814C1116818
:10F790006245C3F8101108BFC3F81411FDF76ABB26
:10F7A00000DE8A692AB9D3F81021002AEDD1FDF7CD
:10F7B00061BB12792E2AF6D100DEF4E738B5D0F815
:10F7C00010510446297A12291FD80123104A8B4070
:10F7D0001A400CD000222946FEF744FBAB7B2BB12C
:10F7E00029462046BDE83840FFF7C6BF38BD13F4B0
:10F7F000407306D1072908D11A462946FDF70CFAAD
:10F80000ECE72946FFF750FFE8E700DEE6E700BF38
:10F810001E14040070B5D0F8105104461DB394F8BE
:10F820001C31012B03D1022384F8183170BD294605
:10F830002046FDF727FB0028F5D029462046FDF796
:10F8400029FB064688B12846311DFEF78DFDF37968
:10F8500031466B732046FDF733FB01220023AA7368
:10F8600084F8183170BD00DED9E700DEEBE700BF99
:10F87000F8B5D0F810510446A5B394F81C31012B0B
:10F8800003D1012384F81831F8BD29462046FDF73D
:10F89000F9FA0028F5D029462046FDF7FBFA06467E
:10F8A00080B32046FEF7A0FB2A7A037A371D9342E5
:10F8B0001AD0082B1AD02A2194F838311BB1D4F869
:10F8C00048315B0717D43846FEF7ACFEF379314672
:10F8D0006B732046FDF7F4FA01220023AA7384F823
:10F8E0001831F8BD00DEC8E72321E5E7092A0CBF7F
:10F8F00023212A21E0E70A46384694F81F11FEF733
:10F900009DFEE3E700DECCE780F81E11704700BFE4
:10F91000704700BF0020704790F81D01003818BFE5
:10F9200001207047D0F81001704700BF90F81C010B
:10F93000A0F10100B0FA80F040097047012380F87F
:10F940001C317047002380F81C317047B0F820311B
:10F95000A0F81A31704700BF0023A0F81A31704791
:10F9600038B5D0F81041F4B1D0F81421236894428E
:10F970000546C0F8103108BFC0F814319CB12146CB
:10F980002846FDF7DFFA2046FDF774FAD5F8104156
:10F990004CB1D5F8142123689442C5F81031EED14A
:10F9A000C5F81431EBE738BD70B505460C4639B1E2
:10F9B000042900D070BDFFF7D3FF85F8184170BD52
:10F9C000D0F81061002EF5D0337A122B11D84FF0F9
:10F9D000010C31490CFA03F0014061B910F4386FA1
:10F9E00007D00A2B13D0CBB195F81E31F3B964467A
:10F9F00004E000DE337A0A2B09D07BB1284685F873
:10FA00001D41FFF7DBFE032385F8183170BD284642
:10FA1000FFF7D4FE052385F8183170BDD37F284643
:10FA200086F84C30BDE87040FFF7F4BE95F937100A
:10FA3000002910DB012B20D0022BBBD12846FEF77A
:10FA4000D3FA327A037A934221D0082B1DD02A238D
:10FA500085F86C3170BD012BEED12846FEF7C4FA53
:10FA600008B1FF23C3720123284685F81D31FFF733
:10FA7000A5FE032385F8183170BDD37F284685F88D
:10FA80001F31BDE87040FFF7F3BE092ADFD1232301
:10FA900085F86C3170BD00BF7FF4070038B50C46A7
:10FAA0008969054610461A46237A09B3122B4DD8A8
:10FAB000DFE803F0100A0A0A0A4C4C554F4F0A4C73
:10FAC0000A4C4C4C4C4C0A0021462846FEF732F9B1
:10FAD000A16921B10B792E2B1CBF0023A361A37B4D
:10FAE0002BB121462846BDE83840FFF745BE38BD5A
:10FAF000A2612061122B29D801A151F823F000BF87
:10FB00006BFB0000C9FA0000C9FA0000C9FA000046
:10FB1000C9FA00004DFB00004DFB00005FFB000038
:10FB200053FB000053FB0000C9FA00004DFB00002E
:10FB3000C9FA00004DFB00004DFB00004DFB00002A
:10FB40004DFB00004DFB0000C9FA000000DEA1697A
:10FB5000BFE721462846FFF781FDA169B9E72146A5
:10FB60002846FDF745F8A169B3E71146B1E700BFA4
:10FB700038B591F808C00C46BCF10C0F0546134689
:10FB80000CD0BCF1120F09D0BCF1070F0BD1FDF75F
:10FB900047F80022A37B626153B938BD1A4621465B
:10FBA0002846FEF72FF90022A37B6261002BF4D0D8
:10FBB00021462846BDE83840FFF7DEBD38B50B7A50
:10FBC0000C46072B054608D0A37B2BB121462846BF
:10FBD000BDE83840FFF7D0BD38BDFDF725F8F3E7A5
:10FBE0000422002380F81821A0F81A31704700BFC2
:10FBF00090F81831052B0ED8DFE803F0060907034B
:10FC00000603D0F8103123B97047FFF703BEFFF7A2
:10FC10002FBEFFF7D3BD00DEF6E700BF90F8183126
:10FC2000052B04D8DFE803F004151305040500DEF6
:10FC300070470023D0F8102180F81D315AB10023FD
:10FC40000121A0F81A31917380F818317047FFF73D
:10FC5000E1BDFFF70DBE00DEF1E700BF90F81831FF
:10FC6000052B04D8DFE803F004090B04050400DECB
:10FC70007047002380F818317047FFF7F9BDFFF790
:10FC8000C9BD00BF90F8183110B50446052B12D835
:10FC9000DFE803F0030D09030803FFF761FE042307
:10FCA00084F8183110BDBDE81040FFF7B3BDBDE8C2
:10FCB0001040FFF7DDBD00DE10BD00BFF0B504460B
:10FCC0000E46154683B06BB1D27F3C2A36D801234D
:10FCD00090F837102E4FC9098B4007EB4201497845
:10FCE0000B4040D11846FDF75BF9074620B30023CF
:10FCF0000360D4F814311BB31860C4F8140194F8ED
:10FD00001831052B42D8DFE803F01E27030606064C
:10FD10002046FFF77FFDBB7B1BB139462046FFF72E
:10FD20002BFDD4F8101139B12B463246204603B0D2
:10FD3000BDE8F040FFF7B2BE03B0F0BD0023D1E74D
:10FD4000C4E94400DBE72A4600212046FFF72CFEE9
:10FD5000BB7B002BE5D0E0E72046FFF789FDBB7BAE
:10FD6000002BDED0D9E717F812300A2BBAD1019355
:10FD7000FFF7F6FD00222046A4F81A2184F81D2181
:10FD800084F81821FEF7BEFA019BABE700DEC2E75C
:10FD9000E8BF010010B50446FFF7E2FD0023A4F818
:10FDA0001A3184F81D3184F8183110BD704700BF36
:10FDB00000B9704700DE70474FF6FF712DE9F84338
:10FDC000099C9DF82090A58C8D4235D006460146B1
:10FDD000204690461F46FBF7C9F868BB23780133DD
:10FDE000DBB2237063B3B4F868217B1C1344A4F81E
:10FDF00068310220FBF7D8F802212046FBF712FBFE
:10FE00000022104D04F11001AB7AE96069F30003A0
:10FE1000AB720D4B11460120C5E900682F819D6032
:10FE2000F6F7E0FE50B9FF20FBF7BEF82046BDE82C
:10FE3000F843FF21FBF7F6BABDE8F88300DEF2E7EE
:10FE400000DED0E7701000204C0400202DE9F04FB8
:10FE5000044697B000201E46CDE90E419DF88480EF
:10FE6000BDF888B0BDF88CA0BDF890901092FAF75C
:10FE7000F7FB002800F0958108F0010405462046B4
:10FE8000F8F7B4F80D90002C4ED120463246209B56
:10FE90000D99FAF7D7FF002840F087816B6905F1CB
:10FEA00010021192002B46D06F6906F001063C68E3
:10FEB00097F87C00C0F3C00100F0070001F068F87B
:10FEC000B7F840A0B7F842C0FF8900F23F1ED44403
:10FED00077446744676095F84C400F9B68F3420491
:10FEE00085F84C4095F839400E9A66F3000485F881
:10FEF0003940209C0021246805F11000AC61209C51
:10FF0000A488A5F82490AC83109C0094FAF7EAFA30
:10FF1000A86401F0E3F9002840F04B812846F0F78F
:10FF20002FFC17B0BDE8F08F0621F6F7C7FD0028BB
:10FF3000ABD11220F5E7F8F7ABFC1190002800F0E8
:10FF40005C81FAF7DBFC0446002800F05381143092
:10FF500004F11007F6F77AFF002840F050810321E2
:10FF600004F1180000F036FF4FF6FF73D4F8A0003C
:10FF7000A4F828A0A4F826B0A384002800F03581B6
:10FF800004F1940204F19001F6F7A4FD01214FF071
:10FF9000000AB4F88C30204623F4EF6323F0070303
:10FFA00043F48C730B43A4F88C3094F8A630C4F857
:10FFB000A0A023F0070384F8A630A4F8A4A0FBF7C0
:10FFC00091FD2046FBF796FEA4F82AA0C4F82EA0C7
:10FFD00004F1320000F0FAFB94F83730012160F3AD
:10FFE000050384F837300DF1570000F0F3FE9DF85B
:10FFF00057C0874B94F836E0A3FB0C13DB0803EBE8
:020000021000EC
:100000004303ACEB830C94F83730CDF84CE094F814
:1000100014E06AF3861384F837307E4A6369CDF8BA
:1000200048E00CF1050CDDF84CE05FFA8CFC136045
:10003000E17D637DA27D84F838C084F839A0CDF8D5
:1000400028E094F835E07448CDF824E094F834E0E2
:10005000CDF820E094F833E0CDF81CE094F832E0DD
:10006000CDF818E094F837E0CDF810C00EF03F0E50
:10007000CDF814E094F818C0DFF8A0E1CDF80CC07A
:1000800094F819C0CDF808C0DEF800C00CF1010CDE
:10009000CEF800C094F81AC0DDF848E0CDF804C0EE
:1000A000CDF800E006F0EDFF40F2E24303FB0BFB6E
:1000B00006235B4AA4F898315A44B2FBFBF294F849
:1000C0003730218D6AF3C71384F8373094F83A300B
:1000D000881D23F0070384F83A3093B28342A4F8D2
:1000E00068A1A4F89CA1A4F89A91A4F896A1A4F8F8
:1000F00092A1A4F8943102DD063B5B1A9BB24FF04B
:10010000000AA4F890312046FCF784FF59462046A7
:10011000FCF7E8FF119B84F86CA1C4F87031FAF782
:1001200085FE94F8A43106F0010660F3020384F81A
:10013000A431FAF781FE94F8A43160F3C50384F882
:10014000A43194F86A3104F1EC006AF3410384F8B5
:100150006A31FCF76DFD4FF09613C4E9073394F84C
:10016000AA31209A66F3410384F8AA31209B1B68C8
:10017000C4F8B131928894F8AA31A4F8B52168F393
:1001800000030D9A84F8AA311368C4F8AB31938840
:10019000A4F8AF316F61C4E902AA84F800A0246119
:1001A00086E60C2017B0BDE8F08F0B2017B0BDE835
:1001B000F08F6C69D4F890303BBB04F1840104F1FA
:1001C0008000F6F78BFCF0B12668C4F89000D6F8F2
:1001D0007001B0B1F8F762FB3046FAF795FB0023E7
:1001E00003206B6117B0BDE8F08F04F19800C4F8EC
:1001F000A000C5E61198F8F751FB072091E600DE54
:10020000ADE600DEE6E700DEDEE700DED5E700BFB4
:10021000ABAAAAAA943A0020ACBD0100983A0020EB
:100220007FC3C9012DE9F04106460020FAF70CFA18
:1002300050B3436904463BB393F82A2042F00202CC
:1002400083F82A204769FFB101460020FAF76AF9CE
:100250000546B0B93F68D7F8700107F5B878B8B16E
:10026000F8F71CFB1723022287F874314FF6FF734F
:100270001034C7F8784187F88C21A7F87631C6F892
:1002800000802846BDE8F0810C252846BDE8F081B5
:1002900000DEE5E770B50C4615461E46FAF74EFB44
:1002A000B8B190F8A6C01CF0180C04D0BCF1180F1F
:1002B00008D00C2070BD33462A462146BDE8704068
:1002C000FCF794BF33462A462146BDE87040FCF750
:1002D000BDBF022070BD00BF10B582B001A8FFF7FE
:1002E000A1FF044610B1204602B010BDFAF7ACF9E8
:1002F00050B1002290F84C30426123F0010380F8A5
:100300004C30204602B010BD00DEF2E738B58368FD
:100310001D686C69C4B100236B61D4F89030D3B907
:1003200004F1840104F18000F6F7D8FB0346E0B144
:10033000C4F890302068FAF7E7FA95F84C3023F0CB
:10034000010385F84C3038BD00DE00236B61D4F822
:100350009030002BE4D000DE04F1840104F1800031
:10036000F6F7BCFB03460028E2D100DEE0E700BF61
:100370002DE9F0470446037F1546228D8CB0406A74
:10038000ADF82C20C3F3401AC3F3C012E3070E46A6
:100390000AAF0A9000F19C804FF00009BB880A98D0
:1003A000A277A4F81C90A4F82330C4F81F00336887
:1003B000D3F80080EB8AE3842B8B2385B8F82430B4
:1003C000638500F0D1FF84F82C002F683846FAF7D7
:1003D000A1FA03464946AB823846E380FCF796FE15
:1003E000214620687468F8F75FFA1C22AB8AD4F8BB
:1003F00000902271E380BAF1000F5DD15346484668
:1004000021462377F8F75CFA40F2E24395F87C0046
:10041000B5F81690C0F3C00100F0070003FB09F91E
:10042000F56800F0B5FD002202212D1A0120F6F733
:10043000A5FB4046FAF7EEF8CDF80480B3682749EB
:10044000821CA3F28573009100200121D2B22B44BB
:10045000F7F702FD10F0FD0F3CD1002401222346E6
:10046000114620460094F7F7BFFC3846FAF752FAD7
:1004700040F285331A4909930797B36808911949DF
:10048000C21C0691796820460591CDE903440121FB
:10049000A3F28573D2B2CDF8089001940095F7F7D6
:1004A000F3FB10F0FD0F17D10122022110460CB012
:1004B000BDE8F047F6F762BB95F82730281D43F0FA
:1004C000400385F8273000F0CFF90123288596E70F
:1004D00000DE61E700DEC0E700DEE5E7ADFD00001D
:1004E000B1FD0000B9FD000030B5012083B0FAF77E
:1004F00025FA0225044658B190F93730002B07DB66
:10050000684600F063F969462046FCF711FF68B9B8
:10051000012D4FF0000009D0FAF710FA012504462A
:100520000028E9D1012D4FF00000F5D103B030BD16
:1005300008607047033801288CBF002001207047F5
:100540002DE9F04F002593B00D930B1DFF270C9361
:100550002B46CDE90F550A954FF0020B044616467F
:100560003D46984699460DF13C0A8DF83B7009933B
:10057000002011AB0693544B21460593534B0DF1CC
:100580003B02039310ABCDE900A3049033460290E5
:10059000CDF844B0F7F79AFC022814D0119BC3B9E8
:1005A000FF2D19D03368434516D0002F7AD04FF075
:1005B000FF33013FFF25FFB28DF83B30D8E72146DE
:1005C0000020F7F7C3FC119B022BF8D0119B002BE6
:1005D000E6D000DEFF2DE5D19DF83B00FF2844D09A
:1005E0000338C3B2012BC3D880B2FAF79BF90028B5
:1005F000BED090F93730002B2BDA43689DF83B00D2
:100600000338C2B2012A18D9FF2DDDF83C800AD088
:10061000404609990B93F7F7ADFC0C9B03EB0902DD
:1006200090420B9B23D89946109BCDF824809DF8CF
:100630003B50D6F800800A939AE780B20B93FAF702
:1006400071F90B9B0028DFD090F93720002ADBDA04
:100650008EE790F88C00C0F3C00100F0070000F0B6
:1006600097FC00F593530533C8E7FF2D1CD0B9F173
:10067000000F01D009F102090A9B154AA3F5742362
:10068000A3F51073934214D800200A99114A099BCC
:10069000A2FB01124B4403EB92430D9A136013B07B
:1006A000BDE8F08F00DE82E76FF0090013B0BDE80F
:1006B000F08F0A9B099A03F57423013A03F510732E
:1006C00009920A93E0E700BF3105010035050100FA
:1006D000BFBDF07F83DE1B432DE9F041C46826498E
:1006E0006368D0E900761A68A6F57423A3F5107341
:1006F0008B42054682B004D906F57426013F06F503
:10070000107663685168B3F81680022004F1100374
:1007100001AA0197FFF714FF40BB0198C31B002BF0
:100720001DDB3946F7F726FC23690344002B2361C0
:1007300009DB40F2E24202FB08F29A4217D29B1A0E
:100740009A42FCD323610D492A68A1FB0616D21BED
:10075000A2EB96421344236102B0BDE8F08101464A
:100760003846F7F707FC23691B1ADFE72369002BDC
:10077000E9D102B0BDE8F081BFBDF07F83DE1B434D
:1007800008B50346074A0068052110601B7910462A
:100790001371F6F745FB044B1870FFF7A5FE002018
:1007A00008BD00BFCC390020A340002010B41F209A
:1007B0004FF0FF342521034B034A1C601871117060
:1007C00010BC7047CC390020A34000200346044AE7
:1007D000044910681860127908781A71704700BFD0
:1007E000CC390020A340002010B5864602FB011141
:1007F00002781C4C114484FB01020A44521102EBA2
:10080000C20002EB80028A1AD0B28EF80000C10842
:10081000595C02F0070241FA02F212F001029DF85F
:1008200008C01DD1B0FBFCF10CFB110110465C1E91
:10083000C9B2043300F1080E14F8012F5FFA8EFEDE
:1008400012F0010F00F1010C4FEA520202D039B14F
:100850000139C9B25FFA8CF08645F1D19C42E9D1E9
:1008600010BD00BFA7C867DD4288008850407047B0
:100870004FF0030CF0B52F4D2F4C4840060A5FFA9D
:1008800080FE0EEB8E2E06EB862004EA401705EA6A
:10089000400605EA4E0004EA4E1E3E4340EA0E00C2
:1008A00000EB002706EB062E06EB0E2600EB0720DA
:1008B000C6F30746C0F3074040EA062000EB0010ED
:1008C0000CF1FF3C08441CF0FF0C80B2D6D1414033
:1008D0001A48A0FB01400C1A00EB5400400900EB41
:1008E000C00400EB8400081AC0F3C404145D00F0D7
:1008F00007052C41E407C0B21AD4604601FB03F39C
:10090000561EC3F30743043200F1080516F8011F11
:10091000EDB211F0010F00F101044FEA510102D0D4
:1009200033B1013BDBB2E0B2A842F2D19642EBD147
:10093000F0BD00BF10210200408408004D91CFBAE5
:1009400000F048BA684620F007018D4601B502F074
:1009500019FAF0F7A1FFBDE801408546704700BFD6
:1009600008B5094BD3F828213AB90120F6F79CF9CC
:10097000BDE808400220F6F797B90020C3F8280127
:10098000F7F770F9F1E700BF00200E500020F6F7EE
:100990008BB900BF90B90E4B0E4A19781078CBB2C4
:1009A00088420DD10C480D49013390F800C01370F6
:1009B0000B78634507D003780B70704700DEEAE7D9
:1009C00000DE1378EEE700DE03780B70704700BF9F
:1009D000A4400020A5400020A9400020A8400020FD
:1009E0000B4A0C4B117893F800C08C450DD012784F
:1009F0001A70094A094B18B911781878884202D040
:100A000012781A70704700DEFAE700DEEFE700BFE9
:100A1000A7400020A6400020A4400020A5400020C0
:100A200002F0FCBA08B50B490B4A91F800C01378E4
:100A300003989C450BD000220B70084B1146986020
:100A40000120F6F7CFF800B908BD00DE08BD00DED2
:100A50001378F0E7A4400020A54000205C040020AB
:100A60002DE9F0412D4A2E4D12782B780C469A42F2
:100A70008AB005D12B4B2C4A1B7812789A4244D06D
:100A800026682A4F06F2726840463968F7F772FA0C
:100A9000002803DB00200AB0BDE8F081244A254B82
:100AA00011781A78914213D11E4A1F491278097899
:100AB00091420DD00022197810460131C9B2197047
:100AC00011461D4B0092F7F78FF910F0FD0F22D160
:100AD0001A48E168C7F800800022079040F272606F
:100AE000174C3346CDE9054129780131C9B2297047
:100AF000009011461046CDE90322CDE9012208926B
:100B0000F7F70CF90AB0BDE8F08106680446074F14
:100B100006F27268DCE700DE00DED9E7A8400020BC
:100B2000A9400020A4400020A5400020DC3900207E
:100B3000A6400020A7400020E1090100950901001E
:100B4000250A01007F4A9368002B00F0908013680B
:100B5000002B00F08B802DE9F04F814689B04FF0DB
:100B6000FF338DF80A300DF10A00F8F75BF8044600
:100B7000002839D0037F9907F5D1857A15F0020551
:100B8000F1D1C3684B4556D0A8462F4606680DF1F3
:100B90000A00F8F747F88346E0B1027F9207F6D1E2
:100BA000827A9307F3D4C268B8F1000F1FD04A4588
:100BB00021D0DBF800A031465046F7F7DBF90028DA
:100BC0000DF10A00BCBF5F465646F8F72BF8834686
:100BD0000028E2D1002F08BF274639463846FFF7E4
:100BE0003FFF30F002033FD109B0BDE8F08F9145DF
:100BF00045D08046DDE7227F204642F00202227780
:100C0000E168A2699047D845A9D1FF238DF80A3041
:100C10000DF10A00F8F706F804460028E4D0037F37
:100C20009F07F5D1837A9E07F2D4C3684B4502D063
:100C300000DED0F80C90434A4846137B43F0010392
:100C40001373D2E9001303AA9847064600B310F1C4
:100C5000100F5ED03B4A002093681168984716F148
:100C60000B0F1ED08C36BFD000DEBDE77047354974
:100C700018460A7B42F001020A73F7F7EFBF237FA1
:100C8000204643F002032377E168A3699847BCE755
:100C9000237F204643F00203A269E168237790474F
:100CA000A2E700230226FF27264AD2F80890D2E9BD
:100CB000004813608DF80B700DF10B00F7F7B2FFD1
:100CC00090B1037F9A07F7D40DB9DB07F4D4C3685A
:100CD000A342F1D1037F214643F0020382690377E7
:100CE00090478DF80B70E7E70125AE4201D02E4604
:100CF000E0E70794002449464046039B009604AA77
:100D0000CDE904440694F7F745FF00287FF46CAF63
:100D1000AAE7A37A43F00203A3720DF10A00F7F7E2
:100D200081FF014600283FF45FAF037F9D07F4D1A8
:100D3000837A9C07F1D4FFF793FE30F002033FF46F
:100D400053AF91E78010002010B5174809F097FBCA
:100D500038B30024154B9C6000F09EFA00281FDB7E
:100D6000224621468A20F0F715FD22460121E32084
:100D7000F0F710FD214622461E20F0F70BFD4FF440
:100D800080720B4B8A20C3F88824F0F7D3FCE32051
:100D9000F0F7D0FC1E20F0F7CDFC02F00DF8204655
:100DA00010BD6FF0120010BDD8AE01008010002001
:100DB00000A0085008B500F081FA002809DB8A205D
:100DC000F0F7C6FCE320F0F7C3FC1E20F0F7C0FCF0
:100DD000002008BD0A460146024892B283681B689B
:100DE000184700BFD8AE010030B4074DAB685C684F
:100DF00034B1A4468AB200230146284630BC60477D
:100E00006FF0570030BC7047D8AE0100002070472B
:100E100030B5044683B078B31D4B1A68824225D0A2
:100E2000FF250DF107008DF80750F7F7FBFE38B9E5
:100E30001AE0A1420AD00DF10700F7F7F3FE98B1CE
:100E4000037F9B07F7D4C168002CF2D1037F82692E
:100E500043F00203037790470DF107008DF8075028
:100E6000F7F7E0FE0028EBD103B030BD9B686BB113
:100E7000014600209847D3E7054A9368002BCFD05E
:100E800011680029CCD000209847C9E700DEC7E7E9
:100E9000801000200020704710B50446F7F7B4FE1C
:100EA0008CB90D4B9A68AAB100221C689A601A602E
:100EB00004B124680020F7F7D1FE2046F7F75EFF63
:100EC00028B1002010BD0028F3D100DEF1E700DEDC
:100ED000002010BD00DEE7E7801000208446064AAF
:100EE00013689068B3EB0C0318BF0123B0FA80F0CD
:100EF0000B704009704700BF8010002040F2726004
:100F0000704700BF10B51446F7F732F82146F7F7DF
:100F100031F8002805DB5130B0F58A7F38BF00205A
:100F200010BD002010BD00BF262810B5044613D008
:100F3000272809D0252817D1022001F0B5FF204627
:100F4000BDE8104001F0B6BF502001F0ADFF2046D3
:100F5000BDE8104001F0AEBF1A2001F0A5FF204609
:100F6000BDE8104001F0A6BF0A2807D927280AD9F2
:100F700000DE2046BDE8104001F09CBF023040007A
:100F800001F092FFDBE70330400001F08DFFD6E770
:100F900001F0F0BF01F0F6BF08B502F03FF8BDE880
:100FA000084002F0C5B900BF08B502F037F802F0FA
:100FB000BFF9BDE8084002F093B900BF08B502F0E0
:100FC0002DF802F0B5F902F099F9BDE8084002F0F9
:100FD00087B900BF014608B5114801F0E3FE02F0F1
:100FE0005DF860B102F01AFB01F01AFF00F0A4F9FD
:100FF00000280EDBBDE808400020FFF74DBF01F0E0
:10100000E3FF02F00BFB01F00BFF00F095F9002865
:10101000F0DA00DEBDE808400020FFF73DBF00BF6A
:10102000210A010010B5044601F0F8FF02F080F932
:1010300002F064F902F054F92046BDE81040FFF7D1
:10104000C9BF00BF10B5044601F0E8FF21460D48B6
:1010500001F0A8FE02F022F840B100F06DF900287E
:101060000ADBBDE810400020FFF716BF01F0ACFF1F
:1010700000F062F90028F4DA00DEBDE8104000203C
:10108000FFF70ABF210A01002DE9F04FFF24804637
:10109000894692461F4689B09DF848B08DF81F409A
:1010A0000DF11F00F7F7BEFD002864D0037F9D07F8
:1010B000F6D1837A9C07F3D405683E689DF81F300B
:1010C0000446294630460593F6F754FFBBF1000F5E
:1010D0007DD0BC4208BF002426460DF11F00F7F763
:1010E000A1FDC0B1027F9107F7D1827A9207F4D4B3
:1010F00002682946049010460392F6F73BFF039AD4
:10110000049B00280DF11F00BCBF15461E46F7F7D3
:1011100089FD0028E6D1059B8DF81F30464B9A6863
:10112000002A74D1002E72D14CB3BBF1000F61D1F3
:101130001A7BB97A02F0010201F002010A434ED192
:101140004946534640463A460096F7F723FD014686
:10115000002848D0BB7A9B070AD4002C14BF26462F
:101160000E463046FFF77CFC30F0020300D000DE74
:101170006FF0760427E0304B9A68002A45D11A7B3D
:10118000B97A02F0010201F002010A433DD01A7B54
:10119000384622F001021A73FA68C3E901891A601D
:1011A000D04704460DF11F00F7F73CFD014650B152
:1011B000037F9D07F6D1837A9A07F3D4FFF750FC9B
:1011C00030F0020331D1204609B0BDE8F08F00288D
:1011D000BFF67FAFFF2335465C4605937CE7BC42F4
:1011E000D5D000DED3E700DEBB7A9F07C0D4002E47
:1011F000B7D1B2E753463A4649464046CDF800B02B
:10120000F7F7C8FC0028B3D1B1E7002426464946C9
:10121000534640463A46CDF800B0F7F7BBFC0146CE
:1012200028B1BBF1000FA3D1DEE700DECBE700DE83
:10123000BBF1000F9CD1D7E78010002001F1100016
:1012400004F096BB70B505460C4688B0012200211B
:1012500004A809F088FA0323002602930D4B69467F
:1012600028460396019305F0A3FF002810DB3146C2
:1012700047F6122340F2E7304FF47A72E4FB0301A1
:101280000023EFF7FDF802460B4604A804F0A4FB88
:1012900008B070BD3D12010038B5012002F0CEFC4F
:1012A00001240023044D6B60AC60EB602946BDE86F
:1012B000384005F07DBF00BFE439002010B50120A3
:1012C00002F0BCFC0446044905F0E1FF2046BDE8FD
:1012D000104005F0B8BF00BFE43900200C4B1A786D
:1012E0000AB100207047012010B5187002F0A6FC6A
:1012F0004FF47A710446FFF7A5FF38B9204605F090
:10130000A2FF02280CBF00206FF0040010BD00BF38
:10131000AA40002008B5074BD3E8EF2F511CC3E8C3
:10132000E01F0028F8D1002A01DC02F08FFC002029
:1013300008BD00BFE039002008B50A4BD3E8AF2F45
:10134000002A0CDDD3E8EF2F511EC3E8E01F002870
:10135000F8D1012A01DC02F08BFC002008BD6FF0FF
:10136000770008BDE03900200520704700B97047BC
:1013700000DE7047002208B50399054B01209960F3
:101380001146F5F72FFC00B908BD00DE08BD00BF0F
:101390007C0400202DE9F041C4688CB094F9283019
:1013A000002BC0F2A980636805460E46002B40F072
:1013B000988094F8283023F0010384F8283001F055
:1013C000FDFC002001F038FD0021084601F02AFD57
:1013D00008200022252101F097FD0120F7F77EFB70
:1013E000002800F090801C3001F0B8FD574B0BA88E
:1013F0000B9301F075FD564940F25B6001F058FE19
:1014000094F82800C0F341002530FFF78DFD2146F8
:10141000504801F0C7FC94F828309B0602D463685A
:10142000002B5BD0962001F099FF00231A46194645
:10143000184601F017FFD4F800802F684046FFF7E8
:101440005DFD07446A6807F21311002001F094FF64
:1014500002F020F901F034FF2046F9F7E7F80146E1
:10146000023140463A46C9B2FFF74CFD804600289B
:101470004FD10EB9636BD3B963687BB12B6804F1AC
:101480001802A3616968344BE1619A60022101226C
:1014900000206462F5F7A6FB002838D12046FFF74C
:1014A000F9FC002831D100200CB0BDE8F08140F2F9
:1014B000F3120892294A00930792294A3B46059263
:1014C00031460122CDE90366CDE901660694F6F7BF
:1014D00025FC10F0FD0FCFD000DECDE701F0DCFEE3
:1014E000A9E7636893F82A30D90705D4636893F8AD
:1014F0002A309A077FF55DAF21461A4801F052FC69
:1015000001F062FDCFE700DE6DE700DECBE700DE35
:10151000C4E740F2E513144A1449154805F0BEFD2E
:1015200042461449144805F0B9FD002383F311889D
:10153000BFF36F8F0323184602DF1048214601F0E6
:1015400031FC01F041FD6FF08B00ADE7D6BE898E16
:1015500055555500A51901008C0400206D1301009C
:1015600075130100451001000CBE010058BE0100BA
:1015700034BD010064C001005CBE0100ED15010036
:101580000021FFF707BF00BF10B50446FFF716FDA7
:1015900094F8283023F0010384F828309B0601D406
:1015A0006368BBB1962001F0D9FE002318461A46A5
:1015B000194601F057FE0120F7F790FA88B11C3068
:1015C00001F0CCFC01F07CFE2146BDE8104006484D
:1015D00001F0E8BB01F060FE0120F7F77FFA002878
:1015E000EDD100DEEBE700BFA519010010B5044600
:1015F000FFF7E4FC01F078FE2046BDE81040FFF75D
:10160000E9BC00BF08B5FFF7BFFF01F0C3FCBDE8B0
:10161000084002F03FB800BF70B50546FFF7BCFCBC
:1016200001F03AFE0120F7F759FAF0B11C3001F051
:1016300095FC01F015FD00BB02F034F800210446D2
:10164000084601F0A1FC00210646084601F098FC7E
:101650003444CB34201A01F0EBFF01F031FE29466F
:10166000BDE87040064801F09DBB00DE1C3001F073
:1016700075FC01F0F5FC0028DED000DEDCE700BFE1
:10168000A519010070B5C36804461E68F6F770FC22
:1016900005463046FFF732FC00232D1A25606360B3
:1016A00023812046BDE870400121FFF773BE00BFD3
:1016B00038B50446FFF768FF94F8283094F82820DE
:1016C000C3F34103013303F00303032B08BF0023DB
:1016D00063F3420214BF03F12500252084F828207B
:1016E000FFF722FC63680BB1236953B9F6F740FC9E
:1016F00001460020563101F0F9FEBDE8384001F006
:10170000C9BF01F07DFF0546F6F732FC0146002017
:10171000563101F0EBFE01F0BDFF01F071FF2946EB
:10172000F6F728FC23691B1A236138BD08B54B68FE
:1017300023B14B6893F82A30DB070BD4814204D0E5
:101740004B6B4BB16FF08B0008BD094801F02AFBD1
:1017500001F03AFC002008BD064B1360FFF7DAFDEC
:10176000002802DB6FF00A0008BD00DEFAE700BFC8
:10177000B11601008516010030B5044685B0FFF7AB
:101780001DFC20460DF10F01FFF7A8FB08B105B0C5
:1017900030BD054601F0A8FD012294F82810284626
:1017A000C1F34103134403F00303032B08BF0023D9
:1017B00063F3420100952B4684F828102946F6F77A
:1017C00013FB94F92830002B04DB2046FFF702FCC2
:1017D00005B030BD054B0122294628469C60F5F72F
:1017E00001FA0028F1D000DEEFE700BF6C04002012
:1017F00010B548B10C46FFF79FFD00280BDB2046D3
:10180000BDE81040FFF748BB044801F0CBFABDE843
:10181000104001F0D9BB00DEF1E700BF79170100ED
:10182000002070470020704710B582B00446FFF7D3
:1018300071FD002809DB0023074A08490848009485
:10184000F7F7CAFA18B902B010BD00DEF3E7773037
:10185000F9D000DEF7E700BF81150100F1170100A4
:101860002D1701002DE9F04F83B09DF838609DF8E9
:101870003040B60106F0400646F0250646EAC4169A
:101880000C464FF0220C0127984623780F9903F05D
:10189000100333434668237084F801C00B68154673
:1018A000C4F802308B880D9AE38013688246A360E7
:1018B0009388A3817368C4F80E303289B37A677550
:1018C00062822375B6F8169001F0E6FE0746002DF9
:1018D0003DD005F0030B0BF12B0B4FEACB0BC5F3FF
:1018E00040032BFA03FB4146284601F04DFB07F568
:1018F000AF67DAF810305F448046A7EB000B4BBBB4
:10190000109AC2F800B0A375E375F28A94F82330F8
:101910002283328B6283BAF81420A283D6F8222065
:10192000C4F81E2096F8262084F8222096F8282055
:1019300062F3040384F82330FFF716FD94F8233094
:1019400060F3471384F8233003B0BDE8F08F4FF401
:10195000B07BC8E740F2E24303FB09F901F058FE0F
:101960000346DAF81020284601211D46019201F0B5
:1019700009FB019A2B181344002B01DB5B4501D2B4
:101980004B44F9E7109AA8EB070813609844044BFE
:10199000A3FB0823627D9B0A0132E3826275B4E7F0
:1019A0005917B7D12DE9F0478AB0044601F062FB20
:1019B000C0B2002800F0CE8001F086FB054601F0A1
:1019C000A7FC074601F0AEFC01F08CFCEDB2064628
:1019D00001F074FCFFF7F2FA45B92146A34801F083
:1019E000E1F90AB0BDE8F04701F0EEBA0120F7F7DF
:1019F00075F88046002800F0BE8194F8285028072A
:101A0000C5F3C10AC5F3C00100F1A780F7B262684F
:101A100098F81C6006F00F03002A00F0B780626897
:101A200092F82A20920700F1B180072BD5D0002927
:101A300000F09880002B40F0A08198F81D30063B04
:101A40001F2BCAD80420F7F749F80028C5D001F0A9
:101A500023FE636B43B940F27122238E02FB03F332
:101A6000B0FBF3F203FB120023685B68A3F20A33B6
:101A70008342B2D301F010FC94F82860636801F04F
:101A800031FB054609A9049104F12A010391C6F32B
:101A9000801608F11E010296019198F81C1001238E
:101AA000C1F380110022204600912946FFF7DAFE9B
:101AB000284601F059FA01F0D3FA002840F0A2813B
:101AC00021466B4801F06EF9626892F82A3043F0C3
:101AD000010382F82A3094F8283043F0800384F818
:101AE0002830F7F715F817224FF6FF712B46C18003
:101AF000027198F81C200546C2F3401100F11C0247
:101B000003F12000D3F800E0D3F804C09F68DE683A
:101B100010338342C2F800E0C2F804C09760D66078
:101B200002F11002EED11B6813602B7FAC6061F3F1
:101B300045132B7701F064FD099BC5E90403F6F713
:101B4000E7FF294603462868EB600AB0BDE8F04786
:101B5000F7F708B8FFF732FA3FE7FFB2002F3FF47C
:101B60003CAF53E794F82920C6F3801102F001023C
:101B700091420BD1062208F11E0104F108000793DF
:101B800009F0BBF8079B00283FF454AF002B73D13A
:101B900098F81D20063A1F2A3FF61FAF05F02102D4
:101BA000202A40F0C3806268002A67D196200792FD
:101BB00001F0D4FB079A104601F03EFB0320F6F734
:101BC0008DFF054600283FF408AFF6F7A1FF4FF65A
:101BD000FF730522EB802A71002F40F00F817F22D6
:101BE0006B7E294623F001032A766B762868F6F788
:101BF000B9FF01F077FA03210C25027861F30302A3
:101C00000270024698F81C1045700578C1F38011E7
:101C100061F3C715057094F82810EDB2C1F3801177
:101C200061F3861502F8025BD4F82A10C0F802109E
:101C3000E18D9180D8F81E208260B8F82220828140
:101C400001F092F901F00CFA002840F0DD8001F07B
:101C500021FD214694F82830064843F0010384F81A
:101C600028300AB0BDE8F04701F09CB80516010025
:101C70007917010019160100062B89D0062B3FF6B3
:101C8000ACAE4FF0450929FA03F919F0010947D123
:101C9000012B52D0042B7FF4A0AE98F81D30063BE8
:101CA0001F2B3FF69AAEEB077FF597AE01F01AFABD
:101CB00098F81C600278C6F38013B3EBD21F7FF450
:101CC0008CAE0622083008F11E0109F016F8002833
:101CD0007FF483AE98F81D30002B3FF47EAE63682E
:101CE00023B106F00F06072E7FF477AE0320F6F738
:101CF000F5FE054600283FF470AEF6F709FF4FF6F3
:101D0000FF730522EB802A719FB97F206B7E2876B6
:101D100069F30003294628686B76F6F723FF5CE633
:101D200098F81D30063B1F2B3FF657AE4FF00009C9
:101D3000D5E701F0CFFAC0B2E8E798F81D300C2BD8
:101D40007FF44BAEC5F38015B5EBD61F4FEAD6191D
:101D500036D0BAF1010F7FF640AEB9F1000F3FF473
:101D60003CAE98F8293003F0C003402B7FF435AE29
:101D70004FF00109B3E700DE3FE6012B7FF47CAFB3
:101D800098F81D300C2B7FF428AEC5F38013B3EB0D
:101D9000D61F4FEAD61926D0BAF1010F1AD9B9F1D8
:101DA000000F06D098F8293003F0C003402B3FF411
:101DB00049AEC5F38015B5EBD61F4FEAD619CCD185
:101DC000062208F1240104F12A0008F096FF0028F9
:101DD000ACD0BEE7C5F38015B5EBD61F4FEAD619D8
:101DE0007FF4FBADECE7062208F1240104F12A00A0
:101DF00008F083FF00283FF425AECDE701F06AFA32
:101E0000C2B2EDE600DE5BE600DE20E770B51D4DF8
:101E10000446FFF7D3F82A881B483F2A944628BF78
:101E20004FF03F0C30F81C30184901339BB220F8BA
:101E30001C300B68164E01330B6033889BB2934203
:101E400038BF3280F6F78CFF0246C8B101262988D8
:101E5000104B518010491B780978B340314003F092
:101E600002030B431179167021F003010B430B4958
:101E700013710B7820469371BDE87040FFF7AAB844
:101E800000DEE3E7A03F0020143A0020103A0020D3
:101E9000A43F0020AD400020AE400020AB40002019
:101EA00008B501F01BF9034601211A78002061F3FF
:101EB00001021A7008BD00BF00207047704700BFC4
:101EC000002330B40749084A0B801380074C084DA3
:101ED00008480949094A2B70237003700B7013706E
:101EE00030BC7047A23F0020A03F0020AE40002041
:101EF000AD400020AF400020AC400020AB400020AF
:101F0000814207D091F82A305B0716D50E4B18880E
:101F100098B970470C4A0D4B1288197872B939B1CB
:101F20000B4A13680133136000DE6FF08B007047BB
:101F300001226FF00F001A707047044B1B78002BC2
:101F4000EED16FF08B007047A03F0020AC40002026
:101F50000C3A002038B50D46F8B10446FFF7ECF90D
:101F6000002835DBE3682189588B4A1C0244998399
:101F70005A83F6F7F5FE034660B3002101241A796F
:101F8000598022F0030242F002021A711C7099710A
:101F90002846BDE83840FEF77FBF91F92730002B77
:101FA0000ADB29460C4800F0FDFE01F00DF895F81B
:101FB00096301B0708D438BD084B1B88002BF0D186
:101FC0000122074B1A70ECE7BDE8384001F0A6BBD0
:101FD00000DEC7E700DED0E70D1E0100A23F0020B3
:101FE000AD400020F8B504460120F6F777FD50B368
:101FF0000021417794F87D5000F11C0705F007059A
:102000002846E68F00F00EFF94F89630AA001B07D2
:10201000F1B242F001020ED504310820C9B200F03D
:1020200073FF3A46294604F1970001F03DFBBDE8F5
:10203000F84000F093BF082000F066FF3846BDE886
:10204000F84000F08BBF00DED2E700BF38B5044691
:10205000FEF7A2FF2A4A2B49138808780133272864
:10206000138007D80B782849DBB251F823200132BE
:1020700041F82320A08901F071F994F87C2094F8AC
:102080007D00C2F3C003002102F0070200F0070048
:1020900001F0E8F82046FFF7A5FF00F0E1FF60BB84
:1020A00001F000FB0346258A94F87D0001210D35DF
:1020B00000F007001D4400F067FF94F87D300544F0
:1020C00003F00703022B16D0042B0CBF4FF4BC7394
:1020D000282394F87C001D44C0F3C00100F00700E1
:1020E00000F04EFF281A01F0A3FA2146BDE838405F
:1020F000064800F057BE1823EBE700DED0E700BF2C
:10210000A23F0020200500209C3A0020252201004B
:10211000F8B505460F4690F87C10868F01F007044D
:102120002046C1F3C00100F07DFE95F89630A20074
:10213000DB0642F00102F1B20DD504310820C9B22C
:1021400000F0E2FE394605F1B80001F0B1FABDE851
:10215000F84000F009BF082000F0D6FE3846BDE880
:10216000F84000F001BF00BFF0B5054683B001AAFA
:102170000F46D0E92001F4F7C5FC95F896300646E5
:102180005A0738D448B3019C95F8953095F89420B7
:1021900004341C4412B9627885F8942033B10122CA
:1021A000237862F30103237095F8953095F8942015
:1021B0002846D31A6370F9F719FA637883422AD94B
:1021C0000122607000212378A17003F00F0343EA1D
:1021D000021323703C6003B0F0BD43F0040385F8A4
:1021E000963000F07BFF0446237823F01003237021
:1021F0003C6003B0F0BD43F0040385F8963000F076
:102200006DFF0446002EEFD0037843F010030370F7
:102210003C6003B0F0BD3268D5F88430D21A18BFE4
:102220000122CFE72DE9F04782B0044600F022FFFB
:10223000C0B2002800F0EC8000F046FFC5B201F00B
:1022400051F8FEF7B1FEC24A13880133138094F9A6
:102250002730002B56DB0120F6F740FC064600280D
:1022600000F08881002D64D1BA4B94F896901D78C7
:10227000C9F38009002D40F0D6800122204601A933
:102280001A70FFF771FF00252F46B34B1B78002B08
:1022900000F0AE802146B14800F084FD94F927306B
:1022A000002B80F20681019994F896200B78204645
:1022B00062F3C3030B7094F896300A78C3F34003BB
:1022C00063F382020A70FFF723FF00F0C9FE0028C3
:1022D00040F04E8101F0D8F900287ED0002F00F0A8
:1022E00083804FF6FF73A08A984200F048813946F8
:1022F000F9F70EF9002D40F0A28002B0BDE8F047DA
:10230000F6F728BC002D00F0A980954B1A78272AF3
:1023100000F2128101201B789249DBB251F8232090
:10232000024441F82320F6F7D9FB0646002800F0C6
:102330000A8194F89630317F03F00102C1F38000E6
:10234000904206F11C0A00F0928082F0010262F3D2
:10235000000313F0040884F89630DAB240F0B78036
:10236000D4E9200101AAF4F7CDFB0746002800F0CC
:10237000C580019D94F89590043505EB09035B78C1
:1023800073B194F89620D2060AD5D4F8C820013249
:10239000C4F8C820D4F8CC2042F10002C4F8CC2004
:1023A00094F894204B44DBB29342C0F0E58000F0F7
:1023B0000F8100DE002794F92730327F002BC0F216
:1023C000A180D00600F19E8015F80930C3F30013F8
:1023D00083F001035FFA83F894E001F049F901F01A
:1023E0004DF9002F7FF47DAF4DBB02B0BDE8F08703
:1023F000E08900F0B3FF94F87D0000F0070000F0E2
:102400001BFF2146584800F0CDFC01F043F94AE794
:10241000FEF7CAFD2146514800F0C4FC02B0BDE8F9
:10242000F04700F0D1BD013DEDB2204601A91D707D
:102430002F46FFF799FE002D3FF42CAF23E7F6F768
:1024400067FB03233371A38A31463068F380F6F7C4
:1024500071FB02B0BDE8F047F6F77CBB0120F6F750
:102460003DFB064600287FF4FFAE00DEFCE6C1F32C
:10247000C001C3F340028A4200F09A800121002586
:10248000C3F38009394B334A1970204601A91570EE
:102490002F46FFF769FE337FD9063FF5F6AE019B65
:1024A0001A78D2063FF5F1AE5B78002B3FF4F2AE1E
:1024B000EBE600F089FD00F0D3FD002840F08680B7
:1024C00094F8963069F3820384F8963002E7134655
:1024D00023F0040384F8963000F000FE94F92730CE
:1024E000002B0BDB327F12F0100708D10378C3F307
:1024F000001383F001035FFA83F803E0327F4FF0AB
:102500000008474694F89690C2F3C002C9F340030E
:102510009A4237D00025002101220E4B2046197027
:10252000124B01A9C9F380091A70FFF71DFEB8F11B
:10253000000F7FF4AFAEAEE70120F6F7CFFA064604
:1025400000287FF4F6AE00DE00231B7FFFDE00BF15
:10255000A03F0020AF400020AC4000200D1E010035
:10256000200500209C3A00204D200100AE400020B4
:1025700000DEAFE600DE75E684F895301AE700DE8F
:10258000A08AB4E60320F6F7A9FAD8B194F89630F9
:1025900083F0020384F89630757F15B95FFA83F9EA
:1025A000B9E794F8969019F0080F21D10125B2E708
:1025B0000320F6F793FA074600284ED04FF00008A4
:1025C0004746E3E7054694F89690A4E700DE77E7F0
:1025D0000022D4F8840004F18001A4F89420F4F7D8
:1025E00099FA019B1B683B60019B1F60019FE2E61B
:1025F00001F062F800286ED001F086F8002858D16A
:10260000D4F8A730D4F8AB20134304D1337F03F0C0
:102610000303032B38D00222304B214630481A7076
:1026200000F0C0FB00F0D0FC00F01AFD20BB01F070
:102630002BF858B1002F3FF4D8AE4FF6FF73A08AA5
:1026400098421BD03946F8F763FF56E601F010F8C0
:1026500001F014F8002FF0D1C7E60122214B94F8C5
:1026600096901F70204B204601A91A703D46FFF737
:102670007BFDC9F380090EE700DED8E700DE3946AE
:10268000A08AF8F745FF38E600F02CFD42780146B5
:10269000272AC0D85046033208F01AFBD4F8A730D6
:1026A000013BC4F8A730D4F8AB3043F1FF33C4F892
:1026B000AB300122D4F8A73004F1A7019B18C4F86D
:1026C000A730D4F8AB3043F100034B60034B94F8D0
:1026D00096901A706AE700DE8EE700BFAB400020DC
:1026E0000D1E0100AF400020AE4000204FF6FF73EA
:1026F000F0B5C46885B0A28A9A4200F0AD80054664
:10270000FFF7DEFB00212B89628B208C1A4492B2EA
:102710001044618380B294F82710A383431C238460
:1027200001F03F034906E28371D494F8281004F1C4
:102730002900009304F12203FEF756F806462046CE
:1027400003A9FFF711FD039B94F896101A7861F323
:10275000C3021A70039A94F896301178C3F34003B9
:1027600063F38201117000F029FB002000F064FB8C
:10277000201D00F0B5FB2389A17A40F25B6043EA9B
:10278000014100F095FC394B272E1E7005D8384AC0
:1027900052F82630013342F826303046FEF7C4FBAB
:1027A00020460399FFF7B4FC2146324800F0FAFABC
:1027B000E08900F0D3FD94F87D0000F0070000F000
:1027C0003BFD27682E683846FEF798FB03461E44FB
:1027D00006F213116A68012000F0CEFD00F05AFFE6
:1027E000A18A324603313846C9B2FEF78BFB064652
:1027F000A0B1AB7A13F0020518D0002521461E487F
:1028000000F0D0FA00F0E0FB284605B0F0BD218DC5
:1028100004F12202FEF72CF8064690E72046FEF768
:1028200039FB00BB0025284605B0F0BD4FF482738C
:10283000124A1349134804F031FC32461249134836
:1028400004F02CFC85F31188BFF36F8F0323184627
:1028500002DF6FF08B05D1E721460D4800F0A2FAA8
:1028600000F0B2FBDEE700DEDCE700BF2005002061
:102870003C3B00204D2001002510010088BE0100D6
:1028800058BE010034BD010078C001005CBE0100EB
:102890004510010010B582B00446FEF73BFD00284C
:1028A00009DB0023074A084908480094F6F794FA20
:1028B00018B902B010BD00DEF3E77730F9D000DEC2
:1028C000F7E700BFED260100551F0100011F0100C1
:1028D000264B0246D3F8A413013106D02349D1F880
:1028E000A00310F0010009D170474FF6FF71D3F833
:1028F000A8339BB28B42F1D100207047D1F8A433AA
:102900001360D1F8A803C0F3072363F03F031071ED
:102910005371D1F8903301331CD0D1F89433013383
:1029200018D0D1F89833013314D0D1F89C33013347
:1029300010D0D1F89033C2F80630D1F89433C2F8F1
:102940000A30D1F89833C2F80E30D1F89C33C2F86F
:10295000123008E00023C2F80630C2F80A30C2F88C
:102960000E30C2F812300120704700BF00C0FF00D7
:102970000023144A036043608360C360D2F880334D
:10298000013318D0D2F88433013314D0D2F888330D
:10299000013310D0D2F88C3301330CD0D2F880330D
:1029A0000B60D2F884334B60D2F888338B60D2F856
:1029B0008C33CB60704700230B604B608B60CB6027
:1029C000704700BF00C0FF0000214FF48062034B3E
:1029D000C3F82811C3F81423704700BF00200E501D
:1029E000034B1878421C003818BF01201A7070473A
:1029F000B0400020064B187830B10138C0B21870D2
:102A0000003818BF0120704700DE1878F5E700BFD6
:102A1000B0400020054BD3F84427D3F840075200BC
:102A2000D3F84417F7D40029F5DB704700200E5087
:102A300030B484460C461D4AD2F84437D2F84017C9
:102A400013F08043D2F84407F6D10028F4DB0125C7
:102A500002EB0C12C2F82C354FEA8C02D2B24FEACC
:102A60000C1C0CF1A04002F1A042013900F56220DB
:102A700002F56222C0F820151560D0F82025914299
:102A8000FBD0A2424FF00102D0F824150CF1A04374
:102A900088BF0131C1F3130103F56223C0F820455B
:102AA000C0F82415C3F82C2530BC704700200E5008
:102AB0002DE9F0430025594C5949C4F80055022529
:102AC000C4F800558025574E022AC6F81413C4F8DE
:102AD0008010554CC4F89C1104F58024C4F89C1057
:102AE0005249A4F58224C4F80455C1F80455504C49
:102AF0004A49C1F8044500F08D80032A40F08680E1
:102B0000A322C1F848250268444912BAC1F81C251D
:102B10004268012612BAC1F8182582684FF00E0EDD
:102B200012BAC1F81425C268424F12BAC1F8102572
:102B3000027CC1F82C25B0F81340027E64BA02F082
:102B40000102A4B244EAC214B0F8112052BA44EA15
:102B50000244C1F82845D0F81940374A24BA926097
:102B6000C1F82445D0F81D002E4C00BAC1F820054C
:102B7000D4F8280E1546002405F8044FD2F82C800E
:102B80005FFA80FC2D480CF1020910619561013853
:102B90002B4D69F317081680C2F82C8006F1506699
:102BA00000F103085561D5611062D7605662C2F822
:102BB000288082F82FE0C2E913535564D56DACF13B
:102BC000040C6CF31705D565C2E90C44C2E918443E
:102BD00002F10805D763566582F85FE0C1F8305509
:102BE00002F13805C1F83855C1F80441D1F8045153
:102BF000C1F80841D1F80811591C941D0333116420
:102C0000511D946391649365BDE8F083E322C1F89C
:102C1000482578E7C322C1F8482574E700600450CE
:102C20000700008000A00850003004500020085029
:102C3000020000010200000BDC3B0020493C0020A8
:102C40000100000CF0B402240025464B0229C3F811
:102C50000055C3F80045444CC3F804457ED0032911
:102C600078D1A321C3F8481503683E491BBAC1F8BF
:102C70001C35436801251BBAC1F8183583684FF02D
:102C80000E0C1BBAC1F81435C3681BBAC1F8103555
:102C9000037CC1F82C35B0F81340037E64BA03F00E
:102CA0000103A4B244EAC314B0F811305BBA44EA99
:102CB00003442E4BC1F828451E460024D0F8197055
:102CC0009B603FBAC1F82475D0F81D00284F00BAA8
:102CD000C1F820051D80DF6050789A6126F8020F48
:102CE00003321A625A6A1E6160F317025A62214E59
:102CF000021D21489C62D8615E6183F827C0DC62B6
:102D00005865DE6D1D48C3E91844186462F3170660
:102D1000013803F10802DE65DF63186583F85FC0E0
:102D2000C1F8302503F13802C1F83825C1F8044153
:102D3000D1F80421C1F80841D1F80821C21C9A65D4
:102D40000F4A0D60591DC3E91121DA649A1D9A6377
:102D5000F0BC7047E321C3F8481585E7C321C3F8E9
:102D6000481581E70060045000000501DC3B0020AD
:102D70000200000B0200000C0100000D493C002085
:102D80000100000C044BD3F8203223B1034A044B5A
:102D900010681B681847704700A00850543E002078
:102DA000583E0020024B034A19601060704700BF74
:102DB000543E0020583E0020704700BF00220121F1
:102DC00030B4144B1448154DC0F8282EC3F8A02079
:102DD000C3F8A420C3F8A820C3F8AC205962D96274
:102DE000C3F81028D3F8104844F48044C3F81048BE
:102DF000C3F81428D3F8144844F40044C3F8144822
:102E0000C0F80021C0F80421C0F80417296330BCC1
:102E1000704700BF0020085000A0085000E010508C
:102E2000704700BF02280CBF04220322014BC3F8E5
:102E30000025704700A00850072821DC00F10A0394
:102E4000DBB2112B15D910F10C0F20DA10F10E0F97
:102E50001FDA10F1100F18DA10F1140F1DDA10F14B
:102E60001C0F18DA2930CCBF4FF498724FF48872D7
:102E700002E00B4A52F823200A4BC3F81027704790
:102E80003F22084BC3F8102770470422F4E70622BC
:102E9000F2E70522F0E70122EEE70222ECE700BFAD
:102EA00084C0010000A00850014BC3F80807704718
:102EB00000A00850094B40F4090040F04000C3F85E
:102EC0004005D3F8282E22F00072C3F8282ED3F83C
:102ED000282E42F00072C3F8282E704700A0085038
:102EE00000210123074AC2F83C1EC2F8403EC378C5
:102EF000C2F8343E8178038843EA01431B02C2F8DA
:102F00002C3E704700A0085002F01C03A3F10803F8
:102F1000B3FA83F302F00302013A5B091B06022AAB
:102F200098BF43F4801300F00F000A4A184340F49E
:102F30008070C2F8200ED2F8280E074B0340C2F86A
:102F4000283ED2F8283E194341F44031C2F8281EE9
:102F5000704700BF00A008500000F8FE014BC3F806
:102F6000D00E704700A00850014BC3F8D00E704738
:102F700000A0085002280CBF28202920704700BF5D
:102F8000012070472920704702280CBF05200A2025
:102F9000704700BF4FF40050012110B4064A074BA0
:102FA000074CC3F81823C4F88C20064AC2F804055D
:102FB000596010BC704700BF0D00008000A0085091
:102FC000005008500020085000234FF40050012109
:102FD00030B44FF47E540E4A0E4DC5F88C30C2F812
:102FE000A030C2F8A830C2F808050B485162D1627F
:102FF000C0F8DC35A0F51C20C0F8803000F5882032
:10300000C2F80845C0F80034016130BC704700BF09
:10301000002008500050085000200E5000220F4B96
:10302000C3F80022D3F80012C3F80C22D3F80C1214
:10303000C3F81822D3F81812C3F81C22D3F81C12B4
:10304000C3F85C22D3F85C12C3F83822D3F83812E4
:10305000C3F82022D3F82032704700BF00A00850E8
:10306000034BD3F80002003818BF0120704700BF9F
:1030700000A00850064BD3F8180238B10120054AC9
:1030800005491368D1F848150B441360704700BF19
:1030900000A008504C3E002000500850034BD3F8CD
:1030A0002005B0FA80F04009704700BF00A008502A
:1030B00040F20312034BC3F8442EC3F8480EC3F882
:1030C0004C1E704700A00850034BD3F80C0E00387C
:1030D00018BF0120704700BF00A00850004870478B
:1030E0004C3D002000487047483C00202DE9F04747
:1030F0004FF00008484F494E97F800C082460CF147
:103100000403DBB20CF1010E0CF10E044FEAC30C08
:103110005FFA8CFC66444248DFF808C1424D0EF06D
:10312000010E9DF82090C0F818C3C6F800C04FEA01
:10313000CE06E4B23544012944F00044C5F80080CD
:103140003AD0BAF1000F2ED1022A0CBF3222362219
:10315000364D0EF10E0141F0004103F1700645F8C5
:103160002640C0F804119B0003F1502303F500230F
:10317000D3F840154FF40054914294BF0122D3F884
:1031800040152B4888BF8A1AC3F840252449254B8F
:10319000264AC0F80445C1F81833C2F8C83087F889
:1031A00000E0BDE8F087214A03F1700142F82140B8
:1031B0002D22C0F80441D6E7BAF1010F1BD04AF224
:1031C000B81149F6346542F2B846B9F1020F18BF9A
:1031D0000D4641F28831022A18BF31464A19154975
:1031E00003F17005A1FB02121049920941F8254034
:1031F000C0F80041B7E70D490EF10E0242F000425F
:10320000B9F1020F03F1700541F82540C0F8002123
:103210000CBF29222A22A6E7B140002080200850B6
:1032200000A008500D000080A02008500050085059
:1032300000200850D34D621010B5084B084A84B0E6
:103240000446C3F80024002301201A461946CDE99C
:1032500001330094FFF74AFF04B010BD00A00850EE
:103260000100080070B58C4616461D460024084B28
:10327000084A84B00121C3F8002402466346204670
:10328000CDE900650294FFF731FF04B070BD00BFC7
:1032900000A00850010008000022054B054906481F
:1032A000C1F80004C3F8A020C3F8A820704700BFED
:1032B0000020085000A008500100080000207047BE
:1032C000034AD2F8003443F01003C2F800347047C8
:1032D00000A00850014BD3F81807704700A0085011
:1032E000704700BF01207047034AD2F8903E23F098
:1032F000FF03C2F8903E704700A008500022034B25
:10330000C3F82422D3F82432704700BF00A008502D
:10331000034BD3F82402003818BF0120704700BFC8
:1033200000A00850014BD3F8180E704700A00850B9
:1033300000234FF47E5110B40548064C064AC4F8E9
:10334000DC35C0F88030C2F8081510BC704700BFEB
:103350000060045000200E5000200850044B054A25
:103360001B780433DBB203F5A87342F823007047DF
:10337000B140002000500850F0B4A2F574234E4C28
:10338000A3F51073A342074604D902F5742201394C
:1033900002F51072494B0125A3FB02239B0C502B15
:1033A000184638BF5020002402264FF0050C444A2E
:1033B0001944D560C51A434BC2F80445C2F810C57C
:1033C000C2F80865C2F840050E1AC3F8DC45D3F808
:1033D0004427D3F840175200D3F84447F7D4002CC1
:1033E000F5DB01220139C3F8D015DA62354AD2F88B
:1033F000D0359942FBD04FF0000C01214FF480747E
:10340000D2F8D4259E4238BF01322E4BC2F31302AC
:10341000C3F82CC1C3F8D065C3F8D4252A4AC3F831
:10342000DC15C3F8AC21A3F5BC23C3F8A02103F538
:103430008023C3F8A0202249A3F50053C3F8044514
:10344000A3F58023C1F88020C3F804454FB30132AF
:10345000C1F8C02101F5A041C1F800214FF400726C
:10346000C3F804254FF0000C4FF40057174B144AD3
:103470001D60174D174EC5F800C0174B174C184963
:10348000184DC5F81863C2F88C60C3F80475C2F80B
:10349000D041C3F8A440C2F8D411C3F8AC10F0BCBA
:1034A0007047114AC1F8C0210E49C1F804214FF4F8
:1034B0000072C3F80425D5E7BFBDF07F83DE1B4350
:1034C0000050085000200E5008000080503E0020A0
:1034D0004C3E00200D000080002008500E000080AF
:1034E0000F00008000A0085009000080F0B4012403
:1034F000502700260546394A394B5460D460C2F83B
:103500004075A1F14F04C3F8DC65D3F84427D3F824
:1035100040175200D3F84407F7D40028F5DB012008
:1035200001392F4AC3F8D015D862D2F8D035994264
:10353000FBD0002601214FF48070D2F8D4259C42A4
:1035400038BF0132264BC2F31302C3F82C61C3F813
:10355000D045C3F8D425234AC3F8DC152249C3F863
:10356000AC21A3F5F033C1F8A021C3F8A020A3F546
:103570000053C3F8040501F58051A3F58023C1F879
:103580008020C3F804054FF40070EDB1174C0132F0
:10359000C1F8C021C4F80021C3F8040500254F2458
:1035A0004FF40051124A13481560134B0F4A046040
:1035B0000A48C2F81833A2F50042C0F88C30C2F8AD
:1035C00004155020F0BC70470C4A084CC1F8C021CB
:1035D000C4F80421C3F80405E0E700BF0050085018
:1035E00000200E50080000800040085000A0085045
:1035F0004C3E0020503E00200D000080090000805D
:10360000024BD3F8D425D3F8D005704700200E50D4
:10361000014B1868704700BF503E0020012302494B
:10362000024A4B60536370470050085000E010504E
:1036300070B44FF4C056094B094C0A4A0A490B4D65
:10364000C3F84405C2F80C43C3F8C440C3F8C4111E
:10365000C2F81011C5F8046570BC704700500850DE
:103660000B00008000A008500C00008000200850D3
:10367000014BD3F84405704700500850014B1860C7
:10368000704700BF443C0020014B1868704700BFE2
:10369000443C0020704700BF014B1868704700BFD2
:1036A0004C3E00200020704713460122FFF700BA6D
:1036B0000A460121FFF7C6BA38B50223104CC4F8F8
:1036C0000433D4F8043163B92025EFF3118085F376
:1036D0001288BFF36F8F03F076FED4F80431002B0D
:1036E000F3D002204021064B064AC3F80803C2F873
:1036F0008811D3F80801B0FA80F0400938BD00BF46
:103700000060045000E100E0034BD3F800040038EF
:1037100018BF0120704700BF006004500121002243
:10372000024B5960C3F80025704700BF0060045089
:103730000139012905D8E3200AB1EDF7FBBFEEF707
:1037400007B800DE704700BF29B10139012905D84B
:10375000E320EEF711B81E20EEF70EB800DE0020D1
:10376000704700BF88420BD0012803D0022809D03F
:1037700000207047A1F10200B0FA80F040097047C4
:1037800001207047A1F10100B0FA80F040097047B4
:10379000012908D0022906D051B94FF08042054BCB
:1037A000C3F8002170470822024BC3F81C21704760
:1037B00000DE704700E100E008B507F0D9F808BD69
:1037C000032803D8054B185C28B1704700DE034B73
:1037D000185C0028F9D100DE704700BFCCC00100A2
:1037E000013810B41C46042806D8DFE800F00811A0
:1037F0001A23030004292FD000DE10BC70470429CF
:10380000FAD1194B02219C60002010BCF3F7EAB9F1
:103810000329F1D10121154B08469C6010BCF3F738
:10382000E1B90429E8D1124B02219C60012010BCAF
:10383000F3F7D8B9032908D00429DDD102210D4BB3
:1038400008469C6010BCF3F7CDB90B4B01219C607E
:10385000022010BCF3F7C6B9084B02219C6003207C
:1038600010BCF3F7BFB900BFEC040020DC0400205B
:10387000CC040020AC040020BC0400209C040020E8
:1038800001460A20FFF7D4B82DE9F0434FF0100E9F
:10389000012400224FF0070C374B00EB0E0800F11B
:1038A000200700F1300600F140055C60016809BAAC
:1038B000C3F81C15416809BAC3F81815816809BA1C
:1038C000C3F81415C16809BAC3F81015C0F83080E0
:1038D00080F834E080F8352080F8362080F837C052
:1038E00080F8382080F8392080F83A2080F83B2092
:1038F00080F83C2080F83D2080F83E2080F83F2072
:10390000076480F844E080F8452080F8462080F87D
:1039100047C080F8482080F8492080F84A2080F885
:103920004B2080F84C2080F84D2080F84E2080F805
:103930004F20C3F83065C3F83855C3F80021C3F8E9
:1039400004211C6005E0D3F8041131B9D3F8301517
:1039500019B1D3F800110029F5D05C60D3F8041137
:103960000029A2D1D3F83095B9F1000F9DD0C3F84A
:103970003015BDE8F08300BF007004502DE9F04120
:103980000126124C4720D4F830756660EDF7E0FE52
:10399000D4F80401A7F1400540B10021C4F8041196
:1039A0003046D5E90E32BDE8F0411847D4F8003171
:1039B00043B1C4F80001A7F12001D5E90E32BDE8FA
:1039C000F041184700DEBDE8F08100BF00700450F0
:1039D00070B5044694B00E4615462146102268463E
:1039E0001C46F3F75DF8102231460DEB0200F3F7A9
:1039F00057F86846FFF748FF25B11022284608A966
:103A0000F3F74EF82CB108AD0FCD20606160A260D5
:103A1000E36014B070BD00BF0122024BC3F8042460
:103A2000704700BF002008E0084B70B5C31A0D4670
:103A300007499B10044659434022064806F002F904
:103A40002B4601462046BDE870401847A03E0020A6
:103A5000B76DDBB668AE0100402373B50B4C009325
:103A6000041B0B460D460A49A41061430646094A49
:103A7000094806F012F9014628B130462B4602B03B
:103A8000BDE87040184702B070BD00BFA03E0020E6
:103A9000B76DDBB6099D010068AE0100F8B50022E4
:103AA0000121054640F20510EDF774FE0F4800F0C5
:103AB000E9FD0446B8B900F005FE2F690C49384607
:103AC00003F063FB031E09DB01263E642D690849F0
:103AD00005F11C0003F059FB031E02DA1C462046C8
:103AE000F8BDEE64FBE76FF00404F8E71D3C01004D
:103AF000D0C001001FB5002201236C46CDE902238E
:103B00006B46074ACDE9004406F0F7F828B943F6BA
:103B100009520023684601F05FFF04B010BD00BFEA
:103B20001B9D010010B5EFF31184202383F312884D
:103B3000BFF36F8F074A136823F00201DB071160A0
:103B400002D4012006F03FFA84F31188BFF36F8F8F
:103B500010BD00BFF03E00200C22104B014602FBBE
:103B60000033002030B4D3E90E529863EFF3118094
:103B7000202484F31288BFF36F8F1C6C04F0C00400
:103B800044F002041C6480F31188BFF36F8F1DB1F1
:103B90002B4630BC0248184730BC7047A03E00207E
:103BA00068AE010010B4EFF31180202282F3128876
:103BB000BFF36F8F16490B6843F0020413F0010343
:103BC0000C6017D0134BD3F80C3413F4803311D09E
:103BD000EFF3118182F31288BFF36F8F0E4A136CDB
:103BE00003F0C00343F00203136481F31188BFF3B1
:103BF0006F8F012380F31188BFF36F8F1BB10020FB
:103C000010BCFFF7A9BF012010BC06F0D4B900BF5B
:103C1000F03E002000E01050A03E0020022808D016
:103C2000042808D1044B186C10F0070003D1FFF7EB
:103C300093BF0120FBE77047A03E0020C3B21C20C9
:103C4000014A00FB03207047A03E0020074BD3E849
:103C5000EF2F42F00101C3E8E01F0028F7D19307DE
:103C600002D4012006F0A7B9704700BFF03E002043
:103C700010B5EFF31184202383F31288BFF36F8F05
:103C8000074A136823F001019B07116002D4012049
:103C900006F099F984F31188BFF36F8F10BD00BF50
:103CA000F03E00202DE9F041012280463549D1E85F
:103CB000EF3FC1E8E02F0028F9D133B9324933484A
:103CC0004B60CB608A6003F073FA08F1FF33012B7D
:103CD0004BD8B8F1010F06D12D4BD3F8503403F077
:103CE0000303012B41D006F043FE054650B1EFF32C
:103CF0001186202383F31288BFF36F8F0125244C94
:103D0000244F20E0244B1B78002BF0D00422204BC2
:103D10000646C3F80823F2E74DB3304603F053FBE1
:103D2000D4F8403413F0FF030DD1D4F8082152B178
:103D3000C4F80831D4F8083120220123C4F84034F3
:103D4000C7F8A0212361D4F84C24D4F84C34D20312
:103D5000E2D503F00303012B02D0B8F1010FDBD150
:103D600055B186F31188BFF36F8FBDE8F081002154
:103D7000202006F09AFED3E70422054BC3F8042363
:103D8000F3E700BF9C3E00208C3E0020BC3E00209C
:103D900000E0105000E100E0B440002008B5074802
:103DA00006F06DFB38B10648EEF712F80448EDF75F
:103DB000E9F8002008BD6FF01200FBE7F4AE010047
:103DC000C53D01000A2838B50446074D04D1AB684B
:103DD0000D2128465B689847AB6803485B68E1B2F1
:103DE0009847204638BD00BFF4AE01002DE9F043EE
:103DF00040F206354768D00648BF4FF0030C3B7CC5
:103E000002EA050558BFC2F3401C87B001F01F0647
:103E1000B5F5837F144646EA43168DF803C045D0B6
:103E20000DD8062D44D005D8A5B1022D12D06FF0C3
:103E3000150038E0B5F5807FF9D101250AE040F2A0
:103E40000222954236D0B5F5407F35D0B5F5007FDA
:103E5000EDD10425220331D501237A688B405360CC
:103E6000B86890BB5F2E06F01F034FEA561175D855
:103E70003C4A52F82120C4F3004102EB8302D2F8FD
:103E8000803081F00101C4F3404423F4706344EABC
:103E9000410423F00F031C4344EA8C0444EA052444
:103EA000C2F88040002007B0BDE8F0830925D1E7C3
:103EB0000825CFE70625CDE70525CBE7630341BFFE
:103EC00001237A688B409360CAE731460DF1020204
:103ED00006F04CFA14F4403F80460CD13146B868E5
:103EE00006F05DFAB8F1000FDCD19DF80210B86859
:103EF00000F0F0FFD6E74FF0000901ABCDE90199E2
:103F0000CDE90439CDF80C903146B86803AA06F023
:103F100076F94845C6DB14F4003314D09DF803301D
:103F2000C4F3004484F001048DF80E308DF80C5079
:103F30008DF80D404B463146B86803AA00F01CFFCF
:103F40000028CFDAAEE7CDE904330DF10303039384
:103F50003146B86803AA06F052F9F1E7203350F869
:103F60002330FFDEECC001004209022A034670B58F
:103F700003D0012A18D0CAB170BD0E4E3269516803
:103F80000029F9D0012503F01F030C689D4000298A
:103F9000F2D08A682A4002D030464B6898473CB13C
:103FA000236821461C46F2E7034EE7E7034EE5E7A8
:103FB0002346F6E7BCAE0100A0AE010084AE0100CE
:103FC00038B54568A868C0B106F0E3F90146A0B964
:103FD000A86800F047FF044688B902460949A86866
:103FE00006F0C1F922460121DB20EDF7D3FB224682
:103FF000012140F20D10EDF7CDFB002038BD6FF030
:104000000400FBE7693F0100F0B545681646A86863
:104010002A7C01F01F0487B044EA4214002868D0CB
:10402000B6F5001F04D1214606F00BFA002051E03E
:104030000020B6F5800F01AA0190506039D1B3F18C
:10404000007F14BF052304238DF804300023CDE93D
:1040500004230393EB680DF1030723FA01F111F038
:10406000010139D1B6F1A07F36D104F01F035F2CD6
:104070004FEA541003F120033ED8214A52F8202081
:1040800052F82330DB0727D43A462146A86806F0C9
:104090006DF9163018D002972146A86803AA06F0D9
:1040A000AEF8002816DB01222146A86806F079F94F
:1040B000BCE7B3F1C06F05D0B3F1007F14BF01239B
:1040C0000223C1E70323BFE73946A86800F00CFFCD
:1040D0000028E0DA07B0F0BD3A462146A86806F0AD
:1040E00045F90028D8D19DF80310A86800F0F2FE29
:1040F000D2E76FF08500EDE751F82330FFDE00BF17
:10410000ECC00100036803F01F025F2B02604FEA5E
:1041100053129ABF024B53F822000020704700BF91
:1041200034C101002DE9F74F154606464FF001084E
:1041300000EB8101B14203D1002003B0BDE8F08F54
:104140003268C2F3C323082BC2F3080400F2A08034
:104150005148C75C40F2FF139C4208BF4FF0FF3448
:10416000B2F1D05F4FEA126310D2192B12D8DFE8F8
:1041700003F014233734282F3411111111111111A8
:1041800011111111111111113A717477382B6AD074
:104190004E2B25D06FF08500CFE7C5F80446621C92
:1041A00056D001A80194FFF7ADFF019B4FF0010924
:1041B00008FA03F3436029E0C5F80C464FF0000A03
:1041C00062E04FF00009C5F80046601C16D13FE0E0
:1041D0004FF00109C5F80446F7E7C5F80846EDE7D2
:1041E000C5F81046DBE7C5F860457388621C03F02C
:1041F00001032DD0002BD4D14FF0010901A8019467
:10420000FFF780FF019B08FA03F383604FF0010A78
:10421000D6F800B001A81BF4004F1CBF4FF00109F5
:104220004FF0000A0194FFF76DFF019B1B4C00EB60
:104230008300D0F88020CBF3412B3B0243EA8B0371
:1042400043EA0A031440234343EA4903C0F8803099
:1042500004366FE7C5F86445C7E7C5F86845C4E7A5
:10426000C5F86C45C1E701A80194FFF74BFF4FF07B
:10427000010A019B00EB8300D0F8803023F0E0437B
:1042800043F08043C0F88030631CE1D0D146BFE7E3
:104290006FF0150051E700BFA4CA0100F0F0FCFF69
:1042A0002DE9F04104460D46476806F061FB88B1F0
:1042B0002021EFF311831A4681F31288BFF36F8F29
:1042C00060680068D0F83001D0B983F31188BFF37B
:1042D0006F8FEEE71E4B1B78002BE9D04FF02008C4
:1042E000642663681B68D3F83031FBB9012005F000
:1042F0002BFE013EF5D10021202006F0D6FBEFE792
:104300007B6A00201D706368796A1B68C3F83C17DC
:104310000121C3F84017C3F83001D3F83001196503
:1043200082F31188BFF36F8FBDE8F081EFF3118343
:104330001A4688F31288BFF36F8F61680968D1F855
:1043400030110029DCD183F31188BFF36F8FD2E7DE
:10435000B440002070B40F4CD4E90015501A63EB40
:104360000506400940EAC6602026E0FB0615C4E9C0
:104370000015002400250849C1E90023074BC3E9C3
:104380000045EFF3118186F31288BFF36F8F70BC85
:1043900002F0F4B9B010002098100020A8100020FE
:1043A00008B500220121E420EDF7F4F9164A0020B7
:1043B000D2F8183723F44033C2F8183700F0DCFE87
:1043C000002820DB0120114900F062FF00281ADBE1
:1043D00000F0ACFE0E4B20F01F00C3E900010D4BB6
:1043E0000022C3E900014FF0FF304FF0FF310A4BCC
:1043F000C3E90001094B0A49187A00F0A7FE6722B9
:104400000020084B1A6008BD00200E500405002053
:10441000B01000209010002098100020FC04002014
:1044200055430100203F002008B500F07FFE064AFA
:10443000D2E90032C01A054B61EB0201C3E9000169
:10444000400940EAC16008BDB0100020A81000205B
:10445000F7B5224B0146224F187A224BD7E9005676
:10446000D3E900239E4208BF954211D1B1F1806F7C
:104470000ED24901012938BF012101224D1946F10F
:104480000006C7E9005603B0BDE8F04000F086BF63
:10449000154BDFF858C0D3E90043DCE9002CA41821
:1044A00043EB0C0C4FF0200E22466346C1FB0E235B
:1044B000954276EB0301C7E900230DD2291B66EB79
:1044C0000C04C82974F10004B4BF0121002100913B
:1044D00000F02EFF03B0F0BD0021F8E7FC0400203F
:1044E000A010002098100020B0100020A81000207C
:1044F000064BD3F840231C2A05D1D3F84403431EAE
:104500005842584170470020704700BF00C0FF006C
:1045100003689A070CD50368DB070DD50922074B02
:10452000C3F80C250F22C3F8042501221A60FEE708
:10453000034B0360EF3B0360704700BF00801050E7
:10454000F000FA5008B50123404A4148C2F800384B
:10455000404AD2F840231C2A04BF3F4AC2F80C3418
:10456000FFF7D6FF0830FFF7D3FF0830FFF7D0FF83
:104570000830FFF7CDFF00F5F470FFF7C9FF374AA9
:10458000D2F88C3043F44063C2F88C300022D30060
:1045900003F57F0303F54043D3F8001401310AD03B
:1045A000D3F8001439B1D3F800140132D3F804342D
:1045B000402A0B60EBD1254BD3F84024002A41D090
:1045C000FFF796FF48B1234BD3F83423244B9A428C
:1045D0009EBF1E4B234AC3F84026FFF789FF18B140
:1045E000214B224AC3F8AC27FFF782FF48B134229F
:1045F000164BC3F82426D3F83C2622F40022C3F835
:104600003C261B4B1549D3F80026D20744BF6FF058
:104610000102C3F80026174BD3F8182522F0030235
:10462000C3F81825D3F8182542F00302C3F818255B
:10463000D1F88C2042F44062C1F88C200022C3F8EB
:10464000A02508BDC822C3F84024B9E700001250D5
:1046500000C50D5000C0FF000030055000ED00E027
:10466000001D0A1840E0A91E00A0085078000A04A6
:1046700000E0105000B00450014B1B68184700BF09
:10468000243F002010B50C4C237993B901232371EA
:104690000A4B0028206018BF184600F0F3F850B904
:1046A00023680748002B08BF1846BDE8104000F0FB
:1046B00035B86FF0770010BD243F00207946010027
:1046C000B39F010008B5074B1B6853B140F20510BA
:1046D000EDF752F828B9BDE8084040F20510EDF7B3
:1046E00029B808BD243F002038B504230A4C42F203
:1046F0001075C4F80833012363610023C4F808313E
:10470000D4F80831D4F84C34DB0304D5012005F08B
:104710001BFC013DF6D138BD00E01050064A13796C
:104720003BB9012110601171044A1846C2F84034A7
:1047300070476FF0770070472C3F002000E010506A
:1047400010B51D4B1D4CD3F84C14D3F84C2411F468
:10475000803F19D002F00302012A01D08AB9002259
:10476000154BC3F840240022C3F80821D3F80821D0
:1047700001221A6122688AB9D3F80821002AFBD0E5
:1047800014E0FFF7B1FFEAE7D3F84824D107E6D5F4
:10479000D3F850249207F4D422681AB10422C3F843
:1047A000042310BDD3F80821002AFBD00022C3F84F
:1047B0000821D3F80831F4E700E010502C3F002026
:1047C000F8B50125184C194ED4F80C3303F00C033E
:1047D00003B9F8BDB3FA83F30027C3F11F039A00AE
:1047E00002F5807292B202F1A04202F587121760C0
:1047F00005FA03F1022B1268D8B2C4F8081310D1DD
:10480000D4F84C34D4F84C349B070AD10423C4F8B0
:104810004054C4F804332561D4F80C3303F00C037E
:10482000D6E733689847F7E700E010502C3F0020A8
:10483000712238B5104B0021C3F80823012242F23F
:1048400010745A60C3F80011D3F800110B490A4DD7
:10485000D1F840131C2908BFDA60D5F80C3413F4E2
:10486000803305D0012005F06FFB013CF5D138BD48
:10487000034A5371FBE700BF00E0105000C0FF0087
:10488000343F0020054B0246187918B91A600122FE
:104890001A7170476FF07700704700BF343F0020F7
:1048A0000022164BC3F81021D3F81011C3F81821B9
:1048B000D3F81811C3F81421D3F814111049D1F802
:1048C00040131C2904BF01219960C3F80021D3F8CB
:1048D000002101221A600B4A126852B9074BD3F823
:1048E0000021002AFBD00022C3F80021D3F80031B8
:1048F00070477122C3F80423704700BF00E01050D6
:1049000000C0FF00343F0020F8B50126194C1A4DB5
:10491000D4F80C3303F0710303B9F8BDB3FA83F391
:104920000021C3F11F039A0002F5807292B202F1D6
:10493000A04202F58712116006FA03F7042B1268F1
:10494000D8B2C4F8087308D0062B10D02B6898474B
:10495000D4F80C3303F07103DEE702236B71C4F863
:104960001411D4F814312023C4F80433EEE769712C
:10497000ECE700BF00E01050343F00201022054952
:1049800011F8013D013A01330B701B0A01D0002AD6
:10499000F6D17047E8100020254B90B00493112306
:1049A000244A2549CDE9062308AB059340F61102B8
:1049B000224BCDE90A12089320330C9321230CAA31
:1049C00009921F4A0090CDE90E230123CDE901325F
:1049D0000D9320231B4A0393D2F8003443F00103C4
:1049E000C2F800344FF0A34304AA1A600322C3F8AC
:1049F00010D05A63BFF35F8F9A639A6A12F0240F44
:104A000012D1D86B10F02300F7D14FF0A34310223E
:104A10005A6300225A630B4AD2F8003423F0010390
:104A2000C2F8003410B070474FF0FF30EDE700BF20
:104A300090C101000400002020000020B8100020D8
:104A400010000020008004502DE9F04104464FF092
:104A500000088CB06F4608EB0700FFF78FFFFFF7E9
:104A60009BFF6D46064608BB08F11008B8F1300FF1
:104A7000F0D11CB104F13002944210D10FCD0D4C95
:104A80000FC495E80F0084E80F0010340CAB13E955
:104A90000F0084E80F0030460CB0BDE8F0813968A3
:104AA00054F8043B4B4047F8043BE5E74FF0FF3632
:104AB000F1E700BFB81000202DE9F04119B100283E
:104AC00055D0402956D800244FF48076A6464FF49E
:104AD00000772A4ADFF8A8C0D2F8003443F0020376
:104AE000C2F80034274A284B82F839E01E601C6463
:104AF0005C645F63C3F800C01D6B15F00E0FC5F357
:104B00004208F9D0B8F1050FEED092F839508DB9BE
:104B10005D68032DF0D9D3F880501D61D3F8805023
:104B20005D61D3F880509D61D3F88050DD6101252F
:104B300082F839505D68B1EB850FDDD8124A61B15A
:104B4000D2F88030041D00F8013B84424FEA132361
:104B500001F1FF31F3D00029F5D10020074AD2F846
:104B6000003423F00203C2F80034BDE8F0816FF096
:104B70001500FAE76FF00600F7E700BF0080045069
:104B800001000400B81000200010805130B58DB035
:104B900030216846FFF790FF18B14FF0FF300DB09D
:104BA00030BD6846FFF750FF0028F6D101240025EC
:104BB000014BC3E90C45F2E7B810002010B50B4CCF
:104BC00094F83830012B0BD040220021204606F00B
:104BD0008CF8FFF7DBFF30B9012384F8383010BDC3
:104BE0006FF07700FBE76FF08B00F8E7B81000205C
:104BF000F0B505460C4685B021B1002835D0B1F599
:104C0000803F32D81A4E736BB3F5803F18D3FFF74D
:104C1000BDFFA8B16FF08B0005B0F0BD102C684649
:104C2000274628BF1027FFF7A9FEFFF7B5FE00288B
:104C3000F0D128463A46694606F04AF8E41B3D445E
:104C4000002CEBD12046FFF7FFFE0028E2D1D6E989
:104C50000C32013342F1000221462846C6E90C32EB
:104C6000FFF72AFF0028D7D0D4E76FF01500D3E76D
:104C7000B8100020036803F01F025F2B02604FEAA8
:104C800053129ABF024B53F822000020704700BF16
:104C900094C10100034A4309D35C00F01F0018448B
:104CA000C0B27047ADCA0100F0B50646002487B017
:104CB000114F019117F8012B06AB03EBD20313F848
:104CC000143C02F00702D34013F0010306D1013473
:104CD000032CEFD10023184607B0F0BD074A03ADFF
:104CE00007CA85E8070055F824100A6A46F8242008
:104CF0000A62002AEBD0EEE7BDCA01000CB9010040
:104D0000F7B504460846FFF7C5FF04EB4006B38A33
:104D10000D46DB072AD5204605F04FFA29462046E6
:104D200005F0BCF950B1204605F0CEF90023276804
:104D300007EB8000C0F81035C0F810352946204632
:104D400005F0EBF9002101A8B1820195FFF792FF70
:104D5000019B00EB8300D0F88020064B134043F00A
:104D60000203C0F88030084603B0F0BD6FF01500B4
:104D7000FAE700BFF0F0FCFF2DE9F043044685B0F0
:104D8000084615461F46FFF785FF0E46804625B3A9
:104D9000204605F08EF918B9204605F07FF918BBBA
:104DA00004EB4809B9F8143003F01C0313B16B7815
:104DB000012B19D001238DF80F3000233046CDE9A7
:104DC00000536A1CAB1C0DF10F0105F00FF9B9F887
:104DD000143043F00303A9F81430002F3ED03146BD
:104DE000204605F066F920B96FF0150005B0BDE862
:104DF000F0830022397823684FEA810C03EB8103AA
:104E0000C3F81025C3F8102504EB4802938A23F455
:104E1000604323F0200393827D78FDB12468B87845
:104E20006444D4F810750E4B2D043B40C4F8103583
:104E300041F6F07305F4403503EA06130005D4F893
:104E400010752B4300F4801003433B43C4F8103526
:104E5000938A43EA413343F0200393820020C5E75D
:104E60000FE0ECFF70B590F87440054690F875605F
:104E700044BB46222146143005F037FF2146134A31
:104E80002B6852F836608E4212D1002440F20D1089
:104E9000C3F84441D3F844210D4A934208BFDB20B4
:104EA000ECF748FC0123204685F874302B6670BD72
:104EB000CAB2920002F58070442A04BF1C501A58EE
:104EC0000131E0E76FF07700F1E700BFA0C101001A
:104ED00000A00D5090F87500024B03EB800005F028
:104EE0004FB800BF0C05002010B5064B90F87500B8
:104EF0000C4603EB800005F029F80028A4BF2070C1
:104F0000002010BD0C0500202DE9F04F804658F818
:104F100004BB90F87540DBF814136A4BC9B253F820
:104F2000342007468BB0584641F4003105F01EF995
:104F30008203054639D50023CDE907330993614B38
:104F4000E60003EBC404636807A819460093FFF763
:104F5000ABFE331D03934FF0000A5B4B0DF11C09B0
:104F60000293029A574912F8013B0292039A02EB0C
:104F7000D3028A5C03F0070322FA03F3DB071AD497
:104F80000AF1010ABAF1030F09F10409E9D14FF45A
:104F900000310022584605F0E9F8009907A8FFF70C
:104FA00083FE0028D7D125F400350124002D73D1CC
:104FB0000BB0BDE8F08F454B53440493D9F8006023
:104FC000002EDDD096FAA6F6B6FA86F6049B1C787B
:104FD00046EA44142046FFF75DFE07EB4000818A55
:104FE000F208C1F3820305930193012319F802002B
:104FF00006F0070603FA06F620EA060009F80200A2
:1050000006A80694FFF736FE069A11F0100F02F17B
:10501000200250F82260059BC6F3014623D040468B
:10502000019A214605F05AF806A80694FFF722FED9
:10503000069BF6B2203350F82330C3F301439E425F
:1050400007D10021204605F01AF83146204605F028
:1050500016F806A80694FFF70DFE0122069B02FA39
:1050600003F30362AAE7022E14BF022103212046A4
:10507000059305F004F8059B032B03D0022E07D1FE
:10508000012BE6D121464046019A05F027F8E0E7DA
:10509000032EDED1022BF4E795FAA5F3B3FA83F3DE
:1050A00004FA03F225EA020503F5A2725BF8222056
:1050B00007EB43034046B3F86410C2F3014205F026
:1050C0000DF873E7A0C10100BDCA0100BDCA01000F
:1050D0000123034A03FA00F0936803439360704787
:1050E0005801002073B504460191EFF31186202387
:1050F00083F31288BFF36F8F0B4D019B6A6801A881
:105100001340019304F022FF002807DB01226B68A3
:10511000824023EA02036B602070002086F311882E
:10512000BFF36F8F02B070BD580100204FF0FF3207
:105130006FF0404330B5044CD4E90001824273EB78
:105140000105F9D330BD00BF40270E5030B50C2506
:10515000074B1C1894F8544005FB0433C3E90312B1
:1051600018750123034A8340C2F8243330BD00BFC1
:105170005801002000200E50F8B53E4C2278002A3D
:1051800072D13D4BD3F8101521F00201C3F8101570
:10519000D3F8101541F00101C3F810150521C3F82B
:1051A000A4160421C3F8AC160723672101F00100FF
:1051B0000244013BD2B24FEA5101F7D1052A56D140
:1051C00019464FF0010C2B4E00256720CFB204E0AA
:1051D0000CFA02F220EA0200013590FAA0F25FFA1E
:1051E00085FEBE45B2FA82F2F2D30131327505294D
:1051F000224482F8547006F10C06E5D10121002505
:105200001E489A0801FA02F212F0670F18BF1D50EB
:105210000433302BF5D1E420ECF78CFA164B184907
:10522000D3F8102503F5C07322F00202C3F89023CF
:1052300040F6FF72C3F8A82100221A60A3F580701F
:1052400004338B420260F8D101250B4B0D4A1D66D9
:105250000D4B5D201B68B3FBF2F358430B4B2B4304
:10526000984700202570F8BD6FF07700FBE76FF0DE
:105270008B00F8E75801002000200E5000210E504E
:10528000B0210E5040420F000805002040B9010037
:1052900038B5244B0D46D3F8102594073CD4D3F8E9
:1052A000102542F00202C3F81025C0B1D3F84827F8
:1052B00012F0010202BFD3F8481741F00101C3F810
:1052C0004817184BD3F84017D3F844174800F9D4BF
:1052D0002AB9D3F8482722F00102C3F84827124B15
:1052E000124A1B68B3FBF2F30E4A03EB4313B3B14C
:1052F000D2F84017D2F8441749000BD44FF0FF31D1
:105300002846FFF7EFFE044610B92878FFF7E0FEC5
:10531000204638BD013BEAE76FF07704F8E76FF00D
:105320007304F5E700200E500805002040420F00EE
:1053300070B51E461546174A9DF81010131893F8BD
:1053400054300C3302EBC30442F833506660C6F3AA
:1053500013020401A1B104F1A04404F56224C4F8CD
:105360002055C4F824250C4C80000444236833B134
:10537000FFF7DCFEA842B14101D20023236070BDDB
:1053800004F1A04303F56223C3F82055C3F8242594
:10539000F5E700BF5801002000210E50F0B50E4D7A
:1053A0002B1893F8543000010C3355F8334005EBBB
:1053B000C3077E68641800F1A04021F0004146F167
:1053C000000641EAC27100F5622045F833407E6074
:1053D000C0F82815F0BD00BF58010020F7B5284BD4
:1053E000284CD3F82C6304F188070EB903B0F0BD44
:1053F00096FAA6F00123B0FA80F08340DA432249FE
:1054000026EA0306231893F85450830019440C230A
:1054100003FB0543DB6873B3D7E8EF3F03EA020CF5
:10542000C7E8EECFBEF1000FF6D1C340DB0719D5B8
:10543000020102F1A04202F56222D2F82435D2F82C
:105440002025D1F800C0BCF1000FCED04FF0000CE9
:10545000C1F800C00C2101FB054529690091E968EC
:105460008847C2E705F10C0304EBC30C54F8332062
:10547000DCF80430E5E70A68002AB6D00B60B4E730
:1054800000200E505801002000210E5038B5EFF3D7
:105490001185202383F31288BFF36F8F064B9C681E
:1054A00005F000F885F31188BFF36F8F2046BDE843
:1054B0003840ECF701BA00BF3C3F002038B50A4B3A
:1054C00053F82040013053F82050A54200D838BD91
:1054D000606830B1037EDB0701D404F0B8FF083404
:1054E000F3E723689847FAE7B0C10100012270B5DD
:1054F000294B86B003201A70FFF7E0FF01F0DCF9BA
:105500000420FFF7DBFF254C254D2646AE4204F173
:1055100030040FD300F07AFE204CAC4226D300F0CA
:1055200089FEEBF713FD1F4A938923F00103938152
:1055300006B070BD54F80C3C059354F8103C04932D
:1055400054F8143C039354F8183C029354F81C3C50
:10555000019354F8203C009354E90A2354E90C01C8
:1055600000F05EFC54F8303C5E65CEE7D4E90A23D7
:10557000B3F1FF3F08BFB2F1FF3F05D052EA03018C
:10558000206803D105F0ADFA3034C6E7064918307B
:1055900001F064F8F8E700BFB4400020A8B70100AC
:1055A00038B801007811002039AA01000023012237
:1055B00070B586B0CDE904230F220193CDE9023204
:1055C00014234FF4A0720E4D0E4E03FB00550E49EE
:1055D00006EBC016044602FB00110C4B304600954A
:1055E00000F01EFC337C2C7423F004033374084B4E
:1055F000013403EBC423EE606B6006B070BD00BFE6
:105600003C3F0020F8100020E86B0020A5A5010019
:10561000E86300207FB50020FFF750FF284B03F51B
:10562000006282F3088883F30A880024E023254D72
:1056300085F82230EC772C766C76AC7685F82040B5
:105640006B6A43F4E0236B6285F82340ECF72AF899
:10565000ECF71CF94FF0FF33AB62EB62ECF7FEFAAC
:10566000ECF798F9184800F045FC0120FFF726FFF9
:105670000220164DFFF722FF00F006FE144B4FF4F8
:1056800000625D61134B1449059301232846CDE95F
:105690000343CDE90144114B009400F0C1FB0646E1
:1056A0002B7C284623F004032B7405F0A2F9204636
:1056B000FFF77CFF31462846084AECF7C7F800BFE1
:1056C000E863002000ED00E098120020781100202F
:1056D0003C3F0020DAC90100286D0020ED54010094
:1056E00038B5064C064DAC4201D3002038BD2046EB
:1056F000D4E9011204F0D9FE1434F4E7880500203F
:105700009C05002038B5074C074DAC4201D3002062
:1057100038BD204604F0EDFE08B91C34F5E76FF003
:105720001500F5E7340500208805002073B50C4608
:10573000EFF31181202585F31288BFF36F8FC568C1
:105740005DB125602B68C3608369013383610020EC
:1057500081F31188BFF36F8F11E052EA030603D182
:105760006FF00B002560F3E7CDE900230246083017
:1057700000F0AAFC18B9034B9B685B69236002B078
:1057800070BD00BF3C3F00202DE9F34104461746A1
:105790001E46EFF31188202383F31288BFF36F8F27
:1057A000304BC2689B6872B18068984217D057EA44
:1057B000060216D188F31188BFF36F8F6FF00F00C8
:1057C00002B0BDE8F08193F90E1001322161C4E905
:1057D000023288F31188BFF36F8F0020F0E7216950
:1057E000F3E793F90E1090F90E30994230DA9942AE
:1057F000A8BF194604F0E1FE054622464146CDE920
:105800000076194800F060FC0028E6D0EFF311861E
:10581000202383F31288BFF36F8FA068D0B1236871
:1058200021699C420AD04BB193F90E309942A8BF2E
:1058300019466FF07F039942B8BF194604F0BDFEC8
:1058400040B13146084805F007F96FF00A00B7E7A4
:105850000025D2E7002DF4D186F31188BFF36F8FB6
:10586000F3E700BF3C3F0020B5400020F8B5836857
:105870000546002B3FD0234A926893423ED1C3682D
:10588000012B03D9013BC3600020F8BDEFF3118762
:10589000202383F31288BFF36F8F0169806804F0BF
:1058A0008CFE2C68A54207D10023C5E9023387F39B
:1058B0001188BFF36F8FE7E7002CF5D0D4E90032F1
:1058C000002613605A60237CC4E9006623F00203BB
:1058D0002374A66004F1180005F05CF9AC6094F93B
:1058E0000E3020462B61A66705F083F8394606483E
:1058F00005F0B2F8C8E76FF01500C6E74FF0FF30CB
:10590000C3E700BF3C3F0020B540002037B511463B
:10591000EFF31185202282F31288BFF36F8F0468A2
:105920009CB12368426823F003039442036008BFDC
:1059300043600121204604F0C3FE044685F311882C
:10594000BFF36F8F204603B030BD51EA0302F5D09C
:1059500000F10802CDE900131046294600F0B4FB1F
:105960000028EFD1014B9B685C69EBE73C3F0020CE
:1059700070B5EFF31186202383F31288BFF36F8F86
:105980000468A0421AD0CCB1D4E9003200251360DB
:105990005A60237CC4E9005523F002032374A560F8
:1059A00004F1180005F0F6F82046A56705F021F887
:1059B0003146BDE87040074805F04EB8D0E90232E4
:1059C0009A4218BF0133836086F31188BFF36F8F4B
:1059D00070BD00BFB540002013B5EFF31181202446
:1059E00084F31288BFF36F8F846844B1013C8460F4
:1059F00081F31188BFF36F8F002002B010BD52EA0F
:105A0000030406D181F31188BFF36F8F6FF00F008D
:105A1000F3E7CDE900230246014800F055FBECE72F
:105A2000B540002007B5074B4FF48062009306494C
:105A30004FF0FF33054800F04FF9002003B05DF848
:105A400004FB00BFC8C1010028750020F811002028
:105A50002DE9FF4104462027534EEFF3118887F3C9
:105A60001288BFF36F8FD4F88450F5B9022104F186
:105A70009C0004F084FE002870D004F194050022FC
:105A80000121284605F04DF80028F8D100234FF0F9
:105A9000FF3202934FF0FF334146CDE900234348E4
:105AA00004F18C0200F01AFDD7E7D4F888202B68A7
:105AB0009542C4F8843008BFC4F88830D4F89C30CC
:105AC00043F00203C4F89C30EB6823F0040343F076
:105AD0000103EB606B6888F31188BFF36F8F284672
:105AE0009847EFF3118887F31288BFF36F8FEB6845
:105AF000D80623F001023ED4EA60EB689A0717D576
:105B0000306823F00203EB6090B10021036878B1A4
:105B1000426895423DD10368002934D172683360F0
:105B2000904200D17360002340F8083BFFF720FF4C
:105B3000D4F89C3023F00203C4F89C30DB0530D449
:105B4000D4F88430003B18BF012388F31188BFF3D9
:105B50006F8F002B81D000F09FFB7EE7D4F89C3044
:105B6000D90693D5C4F89C0088F31188BFF36F8FD2
:105B700004B0BDE8F08123F01103EB6005F11000E3
:105B8000FFF7F6FEB9E70B607368984208BF7160D3
:105B9000C9E701461BB11A6818461346B7E71A460B
:105BA000FAE70023D1E700BF5C3F0020B5400020AA
:105BB000F8B5C36804469A070E46C3F3400542D4BD
:105BC0005F0742D40B680BB983680B60E368D807A2
:105BD00042BFA36802253360376858BF012557B319
:105BE0001B4B9A68D7F880309A421ED104F0C0FE51
:105BF00080F00100C0B2D7F89C30D907C3F380020F
:105C00001CD5F2B1F8B100232360D7F8883073B9FE
:105C1000C7E92144384604F0CDFDE36843F00403AE
:105C2000E3603368A3602846F8BD0020E3E71C600A
:105C3000C7F88840EEE76FF0150506E06FF0120533
:105C400003E01B07DFD56FF00F0500233360EAE7A1
:105C50003C3F0020F8B5C368064603F00503002B5F
:105C60000C4614BF012700271CD0856801220021A3
:105C700004F1100004F077FD2046134904F0FBFD09
:105C8000E36843F01003E360F3685B0712D5336801
:105C900023606BB9D5F8883033B9C5E9214428466B
:105CA00004F088FD3846F8BD1C60C5F88840F6E76A
:105CB0003460F4E7D5F884302360D5F88830C5F82F
:105CC0008440002BEBD1F0E795A701000146014885
:105CD00004F0FCBDF8110020F0B50446002089B0A6
:105CE0000E9DC4E9210004F18C00C4E9230004F1F5
:105CF0009400C4E9250055B32879002840F201102A
:105D000008BF0120C4F89C0000204FF0FF364FF080
:105D1000FF37CDE90330CDE90100CDE90667204624
:105D20000C4B009400F0BAF855B1296811B1204627
:105D300004F024FE6B791BB1A38943F00103A38116
:105D4000204604F0CEFEC4F8804009B0F0BD01202A
:105D5000D8E700BF515A010037B501900846EFF36C
:105D60001184202181F31288BFF36F8FC16811F075
:105D70001E0F16D153EA020508D101A9FFF718FF3B
:105D800084F31188BFF36F8F03B030BD41F0080179
:105D9000C160019910308161034900F05FFC01206E
:105DA000EEE70020ECE700BF29A80100014601480A
:105DB000FFF7D2BFF8110020F7B50C4616461D4676
:105DC0000190EFF31187202383F31288BFF36F8FC5
:105DD000084604F0E0FC55EA060309D1204601A973
:105DE000FFF7E6FE87F31188BFF36F8F03B0F0BDB6
:105DF000E368324643F00803E360019B0449A36271
:105E000004F110002B4600F029FC0120EAE700BF56
:105E100029A8010001460148FFF7CEBFF811002074
:105E20002DE9F043984685B000F15803C0E91633D8
:105E3000109B002683810423073222F00705037498
:105E40000F9B01EB05090F4683734946C0E90666BF
:105E50008660C6730446EBF723FA0E9B073020F0EA
:105E60000700A066C4E9187502930D9BA9EB000911
:105E700001930C9B4A460093394643462046EBF774
:105E8000C9FC054B66659B6803B1DB6E4846E3665B
:105E900005B0BDE8F08300BF3C3F0020F0B5002511
:105EA00087B00595109DDDE9127604950F9D044697
:105EB00003950E9D02950D9D01950C9D0095FFF794
:105EC000AFFFB6F1FF3F08BFB7F1FF3F05D056EA7D
:105ED000070305D1204604F004FE204607B0F0BDBC
:105EE0003A46334604F11800014900F0B7FBF4E7E5
:105EF00039AA0100012310B50374838100230446ED
:105F0000C0E9183300F0CAFC014B9C6010BD00BF13
:105F10003C3F00206FF00A01084A936899670849DE
:105F200058674B6843F080534B60002383F311881C
:105F3000BFF36F8F9368986F704700BF3C3F00209E
:105F400000ED00E070B590F91020037C002A2FDBF3
:105F5000D9062DD11A4C63F07F032246037452F800
:105F6000183FE169934207D1C0E900210860E06170
:105F70000FE09942F8D01B68002BF5D093F90E6022
:105F800090F90E50AE42F4DD5968C0E90031086066
:105F90005860A569954200D005B9E568A3681A7CE8
:105FA000D20606D1DA897F2A03D9AA690AB96361C0
:105FB00070BDAB4202D0284600F0D2FA6561F7E727
:105FC0003C3F002038B590F910200146002A037CA0
:105FD00004DA03F07F03037404F0D3FC0D4D2A466A
:105FE00052F8184FAB68944200D004B9EC688B4269
:105FF00007D01A7CD20604D1DA897F2A01D9A26996
:106000002AB1A34202D0204600F0AAFA23466B61CF
:1060100038BD00BF3C3F0020B3F1FF3F08BFB2F1E5
:10602000FF3F03D00249183000F018BB704700BF93
:1060300039AA0100034648B9EFF3058232B9064A8E
:1060400051699268914201D0FFF764BF83F31188D0
:10605000BFF36F8F704700BF3C3F002038B5184C2E
:10606000A168E0690B68814214BF1A4600224968A2
:106070000B605960A368E1692AB9124AC3E900219B
:106080000B60E3610AE092F90E5093F90E0085422D
:1060900012DD5168C3E900210B605360A569094B0B
:1060A0009D4200D005B9E568A3689D4202D028460C
:1060B00000F056FA656138BD8A42DED01268DBE72F
:1060C0003C3F0020543F0020F8B5DDE906670D4B4A
:1060D0000C46986811460C4A1060EFF3118220229A
:1060E00082F31288BFF36F8F9D68284604F05BFC33
:1060F000284632463B46FFF78FFF2046BDE8F84072
:10610000FFF708BF3C3F0020643F0020F8B504467D
:10611000EFF31187202383F31288BFF36F8F037C83
:1061200049B203F01F02002A0CBF0126002635D118
:1061300003F07F032A4D037404F023FC2A46037CFA
:10614000817363F07F03037452F8183FE869934248
:1061500007D1C4E900200460EC610DE09842F8D05A
:106160001B68002BF5D093F90EC08C45F6DD5968FD
:10617000C4E900310C605C60AC69944200D004B9A1
:10618000EC68AB689C4202D0204600F0E9F96C61F3
:1061900087F31188BFF36F8F3046F8BD9B071CD57E
:1061A000856804F0EEFB81732B689D4209D16B6812
:1061B000C4E900531C606C60EAE76A689A42F6D052
:1061C0001B68002BF3D093F90E208A42F5DD5A6844
:1061D000C4E9003214605C60DAE78173D8E700BF7D
:1061E0003C3F0020034648B9EFF3058232B9064A26
:1061F00051699268914201D0FFF78CBE83F31188F8
:10620000BFF36F8F704700BF3C3F0020EFF3118159
:10621000202383F31288BFF36F8F054B9A68D37BDB
:10622000013BD37381F31188BFF36F8F704700BFB9
:106230003C3F002070B5EFF31186202383F31288D2
:10624000BFF36F8F0F4DAB68DA7B0132DA732A46EA
:1062500052F8184F944200D004B9EC681A7CD20668
:1062600004D1DA897F2A01D9A2692AB19C4202D0DD
:10627000204600F075F923466B613046BDE870405A
:10628000FFF7D8BE3C3F0020024B03F11802C3E9E0
:10629000062270473C3F002070B5EFF311862023A3
:1062A00083F31288BFF36F8F1A4CA168E0690B6803
:1062B000814214BF1A46002249680B605960A368E6
:1062C000E1692AB9144AC3E900210B60E3610AE0DD
:1062D00092F90E5093F90E00854216DD5168C3E91C
:1062E00000210B605360A5690B4B9D4200D005B99E
:1062F000E568A3689D4202D0284600F031F9656147
:106300003046BDE87040FFF705BE8A42DAD0126819
:10631000D7E700BF3C3F0020543F0020F8B550EACB
:10632000010306460C4603D1FFF7B6FF0020F8BD77
:10633000EFF31187202383F31288BFF36F8F124D81
:10634000124BA8681860FFF73DFEA8682346324646
:106350000F49183000F082F9AA680446137C3846C9
:1063600043F004031374FFF7D5FDAB68D3E90A23A8
:10637000B3F1004F08BF002AD8D104F040FC201A26
:1063800020EAE070D3E700BF3C3F0020643F0020DC
:1063900039AA0100014B9868704700BF3C3F0020BC
:1063A0002DE9F84304468789EFF31186202383F310
:1063B0001288BFF36F8F037C190705D586F3118808
:1063C000BFF36F8FBDE8F883D90943F008026FD19E
:1063D0000274A36813B1204604F0DBFA04F118003C
:1063E00004F0D8FBA56D04F15808A84511D04FF072
:1063F000000975B1284604F0CCFA05F1180004F044
:10640000C9FB2846C5F87890FFF79CFDA56DA84507
:10641000EFD1DFF8BC80D8F808309C4250D1EFF3C0
:106420000589B9F1000918BF4FF00109D8F81850D3
:10643000284A954200D00DB9D8F80C50AB4202D092
:10644000284600F08DF82046C8F8145000F0A4FF4C
:10645000B9F1000F02D02048FFF74CFDD8F8083002
:106460009C4230D1EFF305836BBBA289D20711D5D3
:1064700086F31188BFF36F8F83F31188BFF36F8F9B
:106480000423184602DFEFF31186202383F31288DA
:10649000BFF36F8F3046FFF73DFDFB0792D500231A
:1064A00083F31188BFF36F8F0423184602DF89E757
:1064B00003F07F0343F00803037404F062FA88E7F3
:1064C0004FF00009B2E786F31188BFF36F8FE4E75E
:1064D0003C3F0020543F002098120020D3B5DDE956
:1064E0000667089CCDE90067FFF7EEFD1CB1034B82
:1064F0009B685B69236002B0D0BD00BF3C3F0020B9
:10650000027C034612F01F0210D10A4988420DD0C6
:106510000949086868B1D9897F2909D893F90E20FB
:10652000064B1B689A42B8BF002070470020704796
:1065300010467047F810002014050020683F002026
:106540000122044BC01A044BC0105843034B1A5489
:10655000704700BF18130020ABAAAAAAB5400020BC
:1065600070B50C4B0C4D1E7CFFF7CAFF182303FBC4
:1065700006550446284604F00DFB0022074B9A55A9
:106580003CB1621E2846BDE870400549D31700F0B3
:1065900065B870BD3C3F002018130020B5400020B6
:1065A0004165010038B5EFF31185202383F312888C
:1065B000BFF36F8F0F4B104A9C681068A04206D142
:1065C000FFF7CEFF85F31188BFF36F8F38BD002131
:1065D0001B7C1160094AD35C002BF3D02046FFF7E7
:1065E0008FFF0028EED0237CDB0601D1FFF736FDBC
:1065F0002046E5E73C3F0020643F0020B5400020F6
:10660000024B1868984208BF002070471805002008
:10661000034B1B680BB9FDF707BF0020704700BF95
:106620006C3F002030B570B10B4B5B6898420AD0CC
:10663000036843B1D3E90421D0E90445121941EBC1
:106640000501C3E90421D0E9003213605A60002338
:10665000C0E9003330BD00BF18050020B3F1FF3F93
:1066600008BFB2F1FF3F2DE9F84F044699461546A1
:106670001F467AD08160EFF31188202383F31288BC
:10668000BFF36F8FB9F1000FDFF8E4A020DBFFF755
:10669000BFFFDAE90027013549F100092D1849EB60
:1066A000E07306464FF00109C4E90453AD1843EB0B
:1066B0000707FFF7A5FF0346DFF8B8E0DEF804A000
:1066C000EBB9C4E900EACAF80040CEF8044028E07B
:1066D0006FF00103DAE900125B1A4FF0FF3161EB52
:1066E00002025B1B62EB0902012B72F10001BCBFCD
:1066F000012300224FF00009C0E90432D9E7D3E9B1
:10670000041CD4E904208A4270EB0C0B24DA891AA9
:106710005A686CEB0000C3E90410C4E9003214604D
:106720005C60FFF76DFF84420ED1134B1B685BB9B1
:10673000B9F1000F02D1FFF76BFF0646304604F0B7
:1067400012FA0021FDF784FE88F31188BFF36F8FE2
:1067500028463946BDE8F88F521A60EB0C005345C5
:10676000C4E90420ADD01B68AAE700252F46EFE757
:1067700030130020180500206C3F00202DE9F04761
:10678000DFF8A8900246C9F800000D46FFF738FF71
:1067900000260027DFF898804FEAE27ED8E9001350
:1067A00050B1D0E9044CA2427EEB0C0A1ADAA41ACA
:1067B0006CEB0E06C0E904460024521843EB0E03AE
:1067C0002046C8E90023C9F8004004F0CCF921466E
:1067D000FDF73EFE85F31188BFF36F8FBDE8F047EC
:1067E000FFF7E0BE611843EBE473C0E90467C8E952
:1067F0000013FFF717FF01224FF00043C0E9042305
:1068000085F31188BFF36F8F83689847EFF3118585
:10681000202383F31288BFF36F8FD9F80020121B57
:10682000C9F80020FFF7ECFEB6E700BF6C3F002080
:106830003013002010B5EFF31184202383F3128866
:10684000BFF36F8FFFF7E4FE0346054AD2E900016C
:10685000181841EBE37184F31188BFF36F8F10BDFB
:10686000301300202DE9F04105460E46174604F08E
:106870007FF828B9074B9B68DC6E14B9BDE8F0813E
:10688000054C3B46324629462046BDE8F04104F01F
:1068900000BA00BF3C3F002088050020014BC366C2
:1068A000704700BF880500200146024A0020FFF71C
:1068B000D9BF00BFF76F0100014800F0E2BB00BF85
:1068C000E8C901002DE9F04F43688BB0804692463D
:1068D000009383789C0740F1F98000250878002810
:1068E00000F0F68025280AD04B1C01930135414663
:1068F000009B98470028C0F2E3800199EEE74E78AC
:106900008B1C252E0193F1D000270A22B9463C4664
:106910001F2C22D8A6F12003102B20D8DFE803F08B
:10692000141F1F1A1F1F1F0B1F1F1F121F171F1FB0
:10693000090044F00104019B13F8016B0193002E40
:10694000E6D13AE044F0020444F00404F3E744F0F2
:106950000804F0E744F01004EDE77F2C24D8A6F1FA
:106960003003092B08D860064EBF02FB073744F0FE
:10697000200402FB0939DEE72A2E0DD161065AF800
:10698000043B53D4002BA7BF44F020049946C3F125
:10699000000944F02804CEE72E2E05D1630600F14D
:1069A000978044F04004C6E76C2E2ED028D8682E7D
:1069B00032D06A2E37D04C2E35D0002F46F020032F
:1069C000B8BF24F04004A3F16502BCBF0027A4B205
:1069D000022A01D9612B2BD10AF1070A07279D4E04
:1069E0002AF0070A0AF1080A210760D506EB070B0F
:1069F00034465C455DD1AE1BA9EB0709A21959E1EC
:106A0000742E98D07A2E96D0D7E7260648BF44F445
:106A1000007444F080048EE7E00548BF44F400743D
:106A200044F4807487E744F4207484E71F4682E7C7
:106A3000A6F16302122A00F2D880DFE812F01300F8
:106A40004D00D600D600D600D6004D00D600D600A8
:106A5000D600D600D600E800D100D600D6001A0035
:106A6000D600A0005AF8043B012704AE8DF8103080
:106A7000BAE75AF8046B784B002E08BF1E4614F094
:106A8000400F304614BF39464FF0FF3104F045F94E
:106A90000746A9E741462020009B984700280FDBC6
:106AA000013CA742F6D34D44A1462D1B9EE74C4620
:106AB000F7E7414614F8010B009B9847002898DA45
:106AC00098F8023043F0040388F802304FF0FF35A5
:106AD00028460BB0BDE8F08F220630D5A3052AD595
:106AE0000AF1070A2AF007039A4659685AF8080B70
:106AF00024F0100B00291FFA8BFB2FDA40424BF4D5
:106B0000806B61EB410104AC0A23224604F011F9C9
:106B10001BF0400FA0EB040200F08E802BF001046C
:106B20009742A4B240F38F80002E40F08E802BF06D
:106B30001104A4B21DE05AF8040BC117D8E7E00510
:106B40005AF8041B01D40846F7E7A20547BF48B22C
:106B500041F3C01108B241F3C031C9E750EA010363
:106B6000D1D16306CFD5002FCDD124F011043A4600
:106B7000A4B23B4640F206410C4262D124E024F02C
:106B800010040A23A4B214F0800243D014F400715C
:106B900017BF0AF1070A5AF8040B2AF007029246B7
:106BA0001CBF51685AF8080B50EA01023ED124F08C
:106BB000160B62061FFA8BFB3CD5002F3AD124F04E
:106BC00017043A463B46A4B221075AD4E10705D53B
:106BD000994572DDA9EB03039F184B469B464AE09B
:106BE00044F0100410237826CDE7782B04D1C6F1A9
:106BF000780343F01003C6E741462520009B9847E1
:106C00000028FFF65DAF02354146304670E60823A6
:106C10000026B8E714F480715AF8040BC4D014F4B9
:106C200000711ABFC0B2114680B2BDE724F006045D
:106C30001FFA84FB04AC68E713465C46E10699D56D
:106C40002EB90133C0E71346F8E73B46F6E70233B7
:106C5000BAE700BF28CA010021CA0100CDE902320B
:106C600041462020009B98470028FFF629AF0BF1F2
:106C7000010BDDE90232D945F0DCEB1A03EB0B0521
:106C80005B46E10627D541463020CDE90232009B24
:106C900098470028FFF614AFDDE902327EB90135CE
:106CA0002F44791B8A4229DB144604AE94BB2A4444
:106CB000A9EB03091546914440E017468EE70235DB
:106CC00041463046CDE90232009B98470028DDE975
:106CD0000232E5DAF4E640F206410C42E0D014F06C
:106CE000020F05F10105414614BF2B20202014F4AA
:106CF000806FCDE9023218BF2D20E5E7CDE90232E1
:106D00004146009B3020013598470028DDE90232DA
:106D1000C7DAD5E6013C4146CDE90232305D009B41
:106D200098470028DDE90232C0DAC9E64146202052
:106D3000009B013598470028FFF6C2AEA9EB05037A
:106D4000002BF3DCD9E500BF704710B547F6122CD5
:106D50000446002140F2E7304FF47A720023E4FB4E
:106D60000C01E9F78DFBBDE8104003F09EBE00EB7F
:106D7000C100408840087047F8B50346FFF7F7FFA9
:106D8000B0FA80F0C0F11F0003EB800CDCF810605B
:106D9000CA00171D0C4606328DB256B9012101FA00
:106DA00000F0D9680143D960CCF81040DD539D5202
:106DB000F8BDF1000431585AD85303EBC0009E527D
:106DC000C5805D52F4E710B500EBC104E388994239
:106DD00002F104010AD1012303FA02F2C36823EA93
:106DE0000203C360002340F8213010BDA28840F8A0
:106DF000213000EBC20100EBC300CB808280F4E7BE
:106E000008B50346FFF7B3FFB0FA80F21846BDE8B5
:106E10000840C2F11F02FFF7D6BF2DE9F843B1FACF
:106E200081F3C3F11F0200EB8209D9F81070064606
:106E30000D4687B94FF0FF34C3F120039C40F3683F
:106E40001C4014D094FAA4F2B2FA82F2131D56F840
:106E50002340214608E03C464FF0030821463046D7
:106E6000FFF785FFA84205D33046FFF7ACFF204669
:106E7000BDE8F88306EBC404E488B8F10108C9F85A
:106E80001040D7D0A742E9D1D4E738B50446FFF780
:106E90006EFF0D46034611462046FFF768FF034488
:106EA0009BB204EBC5055A0020466A80FFF75FFFDE
:106EB000014424F8313038BD70B50B460446FFF765
:106EC00056FF04EBC305511A9B1A89B203444E00C6
:106ED0009BB26E8004EBC2005D00458024F8321046
:106EE00020461146FFF743FF014424F8313070BDBE
:106EF000F8B5002951D004680D1F2D1BEE0825F0B0
:106F000007056219538813F0010306D183F3118832
:106F1000BFF36F8F0423184602DF31462046FFF788
:106F200026FF304434F83030C01A864207D00023A0
:106F300083F31188BFF36F8F0423184602DF538851
:106F4000314623F0010353802046FFF710FF371826
:106F500004EBC7035B88DA0708D439462046FFF7FD
:106F60004FFF3A4631462046FFF78FFF655B751BA2
:106F700004EBC5035B88DB0709D429462046FFF7ED
:106F80003FFF324629462046FFF77FFF2E46314617
:106F90002046BDE8F840FFF7EFBEF8BD70B509B96F
:106FA000002070BD056801F007030B33CC0804EB2B
:106FB000D304AB6828469C4228BF1C462146FFF7F5
:106FC0002CFF06460028EBD001462846FFF7CFFEEF
:106FD000A04207D928463219FFF76EFF114628460E
:106FE000FFF7CAFE05EBC60210465388043043F093
:106FF00001035380D5E71146FFF7D0BF043A2DE9CE
:10700000F843CC1D114424F0070421F00706A6EB39
:1070100004084FEAD807B7FA87F24FF00009C2F127
:107020002405AD000735C2F12002ED080460494691
:10703000A760C4F80C90920004F1100003F055FE14
:10704000AAB2530043F0010363807B1B9BB204EBA5
:10705000C5015800A4F80090488024F83520A6F80F
:10706000029024F8083004EBC7035A88294642F0FE
:1070700001025A802046BDE8F843FFF77DBE00209C
:1070800070470FB407B504A951F8040B0191E9F753
:107090007FFF03B05DF804EB04B070470FB407B591
:1070A00004A951F8040B0191E9F772FF03B05DF8F0
:1070B00004EB04B07047002203680BB91846704710
:1070C0008B4210D10B6842B942680360914200D1F3
:1070D0004360002301200B607047136043689942AE
:1070E00008BF4260F5E71A461B68E6E7038B13F01A
:1070F000070306D10368002B18BF032008BF002038
:107100007047022B05D1408BB0FA80F04009800017
:107110007047012B04D10368002B18BF0520EDE751
:107120000020704710B50C4600B111B96FF0150082
:1071300010BD081D00F0C6F80028F9D1A368032B84
:10714000F6D9F3E72DE9F0410D4607461946281D0B
:1071500090461E4600F0C7F8044638B13346424612
:1071600029463846A446BDE8F0416047BDE8F081B5
:1071700010B4EFF31182202484F31288BFF36F8FD1
:10718000416110BC0121E9F735BF38B50C46054611
:1071900058B151B10B6843B14B6833B11C22002187
:1071A00003F0A3FD00202C6138BD6FF01500FBE754
:1071B000F8B504460E46FFF7B5FF051E3BDBEFF3BF
:1071C0001182202383F31288BFF36F8F4FF6FF7174
:1071D000638B278B8B4207F007072ED0062F2FD803
:1071E000DFE807F0182E082E180418006FF0850548
:1071F000002303E0013363830225012382F3118816
:10720000BFF36F8FBBB100233A4631462046FFF7EC
:1072100099FF10E000233360636823B9C4E9006676
:1072200027B13D46E4E71E606660F9E7022120468B
:10723000E9F7E0FE3D462846F8BD6FF00A05D7E7BE
:107240006FF00405D4E710B5EFF31182202383F328
:107250001288BFF36F8F048B04F00704022C0AD04E
:10726000012C0CBF6FF004006FF0850082F31188D1
:10727000BFF36F8F08E0438B013B9BB2438323B97D
:107280002146E9F7B7FE204610BD2046EEE738B5A7
:10729000A8B1A1B1EFF31185202282F31288BFF3C8
:1072A0006F8F048BFFF707FF30B104F0070085F301
:1072B0001188BFF36F8F38BD6FF07700F7E76FF07D
:1072C0001500F8E7034658B1426802F00302012AAC
:1072D00003D0032A04D1026812B1002098607047DD
:1072E0006FF0150070474268034602F00302032A5C
:1072F0004FF00002816014BF104600685A6070476A
:107300007047F0B587B01F4604460D46164600F09C
:10731000B5FB022302930DF116030193BDF8303043
:10732000ADF81600009332463B462946204601F050
:1073300079FF07B0F0BD2DE9FF411F460D46164607
:107340000446EBF7CDF98046E9F7B4F8BDF82830EC
:1073500080B2CDE90180009332463B462946204663
:1073600001F060FF04B0BDE8F08103F0BEBC03F0A3
:10737000AFBC01460068E9F75FBF08B5E9F78CFFCD
:10738000BDE80840EAF788BA00210120E9F754BFB8
:10739000036E83F30B8870476FF08500704761B60A
:1073A00062B680F31188BFF36F8F704772B6002307
:1073B00083F31188BFF36F8FBFF34F8F30BF62B677
:1073C000BFF36F8F704772B6002383F31188BFF34A
:1073D0006F8FBFF34F8F20BF80F31188BFF36F8F84
:1073E00062B6704740E800F313F4803FD8B208BF9C
:1073F0006FF01500704730B50C684B6885B00A898E
:107400004D890094013B24F01F04234402F01F0225
:1074100042EA451223F01F0369468DF808200393C2
:10742000EAF7EEFA05B030BD08B5EAF7C9FC00206E
:1074300008BD7047002303824369C3607047C16978
:107440008968EAF729BDEFF31182202383F31288BC
:10745000BFF36F8F00230B60436833B9C0E900119D
:1074600082F31188BFF36F8F704719604160F7E7AF
:10747000034610B5EFF31181202282F31288BFF387
:107480006F8F006828B15C680268A0421A6008BF6C
:107490005A6081F31188BFF36F8F10BD027A0132F9
:1074A00002727047034618465B68002BFBD1704799
:1074B000426810B52AB10B461C465B68002BFBD115
:1074C0006260416010BD10B5044620B908460B7AD1
:1074D00001330B7210BD034618465B68002BFBD1CD
:1074E000FFF7E6FF2046F5E710B508B14B684360AB
:1074F00000234C6808464B60EAF74CFD204610BD5F
:1075000092B281600160C2808280704783680B44C0
:107510000360704703680B6043684B6083688B604F
:1075200070478388026819448180D018704730B44E
:1075300084880568A3188380281930BC03F0C8BB71
:1075400010B5838802685C1C8480D154D01810BDAB
:1075500030B5838802689D1C8580D418D154090AEF
:10756000617030BD034600689A88401A1144186063
:10757000998070470268531E0360838801338380BB
:1075800002F8011C704703468288521A8280006804
:10759000084418607047034600689A88521A0144EC
:1075A0009A801960704710B5036801211C78FFF7B5
:1075B000EAFF204610BD10B5036802211C88FFF7C2
:1075C000E2FF204610BD10B50C460178227888B045
:1075D0008A420ED06946EAF7ADFD204604A9EAF7D3
:1075E000A9FD102268460DEB020103F086FB08B0EE
:1075F00010BD012A06D0022A07D072B940886388DC
:10760000C01AF4E740686368FAE71022611C013091
:1076100008B0BDE8104003F070BB6FF01500E6E75E
:10762000042A0AD0102A0DD0022A4FF0000315D1E7
:1076300003700B88438001207047012303700B689F
:107640004360F8E7022300F8013B01F1100351F811
:10765000042B994240F8042BF9D1ECE71846704707
:10766000012310B50621044600F8013BF9F768F93B
:1076700018B9A37963F03F03A37110BD0B680360D1
:107680008B8883808B798371037823F002030370E6
:1076900070470078C0F34000704738B50446807AE0
:1076A000EAF7D0FB6169054649B1637ADB0704D488
:1076B000C36920461B689B68984700236361214685
:1076C0002846BDE8384003F040B82DE9F0410C46AB
:1076D0001746054601F10C0800F10C0140461E4614
:1076E000FFF718FF6269E36839469B1A13FA87F3BC
:1076F0006B82012340466B722F82FFF744FFE368E1
:10770000284673600023628AE3607281638234607A
:10771000BDE8F08138B50C46D1E900320546DA60A3
:107720000B684A895A820868EAF734FC204610221E
:10773000002103F0DAFA2846BDE83840FFF7ADBF74
:10774000438A23B9C068B0FA80F04009704700202E
:107750007047F7B504460E461746A388012B01D89B
:1077600003B0F0BD2046FFF71EFF05460028F7D006
:10777000A3888342F4D32046FFF715FF23688DF8D2
:107780000000013D394668468DF801500193B0472D
:107790000028E5D029462046FFF7F5FEDDE77047D3
:1077A0000F2806D80D280BD8052814BF0220032067
:1077B0007047132804D01A2814BF022001207047F4
:1077C000012070470B6803608B8883808B798371FD
:1077D000704738B5C3681D78F5B90F21B3F80100BB
:1077E000ECF782FB0446B8B12946ECF7BFFAA37860
:1077F000012B04D02046BDE83840ECF765BA231DC4
:10780000D3E8AF3FDB07F5D520460321ECF7AEFA0E
:10781000032000F0C9FAEDE738BD034610B5D3E800
:10782000EF0F40EA0102C3E8E42F002CF7D110BDAE
:1078300001210C30FFF7AFBE70B5C5680121288863
:10784000ECF752FB044690B16E88EA88A9882B8930
:10785000A0F8A660A0F8A810A0F8AA20A0F8AC3064
:10786000ECF75AFD2046BDE87040ECF72DBA70BD2C
:1078700037B5C5680121B5F80100ECF735FB0446C2
:1078800088B32B781A2B19D1C378012B27D14FF449
:1078900080410430FFF7C1FF43040FD4D4F88C308B
:1078A00069460093D4F8943020460193EDF7ECF844
:1078B000204603B0BDE83040ECF706BA2B7873B928
:1078C00040F2E242B5F803305343C4F88830B5F8CB
:1078D0000530A4F89030B5F80730A4F8923020466F
:1078E000ECF7CEFCE4E703B030BD38B5C568012144
:1078F000B5F80100ECF7F8FA044698B12B783BB9DB
:10790000D5F80330C0F89830D5F80730C0F89C306F
:10791000201D4FF40031FFF780FF2046BDE83840BE
:10792000ECF7D2B938BD30B40446084602EBC303C5
:107930009A4201D130BC7047114611F8085BA5424C
:1079400006D1018A53789942F4D330BC5368184762
:107950000A46EDE7D0E8EF3F0B40C0E8E23F002ADF
:10796000F8D170472DE9F047D0F80C80028A98F8DA
:1079700000309B00013393423DD9BDE8F08708EB0E
:1079800086030F21B3F80100B3F80370ECF7ACFAEB
:10799000044628B100F1C80947B92046ECF794F92C
:1079A000013698F800309E42E9DBE6E76569002D74
:1079B000F3D0A2692B6895422046636108BFA3619A
:1079C000ECF724F9FDF7D4FFC5F800A0236A7BB9D2
:1079D000C4E90755D9E8EF3F013BC9E8E23F002A77
:1079E000F8D100212046013FECF71CF9BFB2D3E7E4
:1079F0001D602562EEE70026B246D2E77047704769
:107A00000120704738B5C5680121B5F80100ECF7D1
:107A10006BFA044688B1E878EAF742FE84F8A400DD
:107A20002879EAF73DFE84F8A5002046ECF79AFC99
:107A30002046BDE83840ECF747B938BD10B502889C
:107A400043889A4218D8052A16D9B3F5486F13D837
:107A50008488B4F5FA7F0FD2C18840F67640A1F150
:107A60000A0292B2824207D804FB0333B3EB810FC0
:107A700034BF0120002010BD0020FCE7002070472B
:107A80000020704773B506460D4642F22F000021D4
:107A900001AAEAF779FE044648B90198C368B3F829
:107AA00001203280B3F803302B80EAF773FA2046C6
:107AB00002B070BDEAF7F0BE002110B50222084600
:107AC000ECF730FD044650B1031DD3E8AF3FDB07B0
:107AD0000AD50321ECF74AF92046ECF7F5F8BDE8A2
:107AE0001040032000F060B9403002F02CFF10F08D
:107AF0000C0103D1022320466372EBE72046EAF72C
:107B0000CBFEE9E770B506460D464FF0FF304FF06B
:107B1000FF31EAF79DFD044668B103210C30FFF701
:107B200000FD068085702146BDE87040002240F2CD
:107B30000640EAF729BE6FF0680070BDC0680378A0
:107B40001BB1022B03D1FFF7B7BFEAF729BF70477C
:107B500038B54FF0FF3105464FF0FF30EAF778FDBA
:107B6000044668B102210C30FFF7DBFC2B8821466C
:107B700003800022BDE8384042F21600EAF704BE56
:107B80006FF0680038BDF8B507460E464FF0FF307D
:107B90004FF0FF311546EAF75BFD044678B1062148
:107BA0000C30FFF7BEFC3B88468003808580214671
:107BB000BDE8F840002242F22200EAF7E5BD6FF08E
:107BC0006800F8BD2DE9F047814688464FF0FF3048
:107BD0004FF0FF3117461E469DF820A0EAF738FD0A
:107BE0000546A0B107210C30FFF79BFCB9F8003027
:107BF00080F802800380C7700671A0F805A02946AE
:107C0000BDE8F047002242F23200EAF7BDBD6FF056
:107C10006800BDE8F08770B506460D464FF0FF30AE
:107C20004FF0FF31EAF714FD044660B103210C3038
:107C3000FFF777FC068085702146BDE8704042F270
:107C40002100EAF759BD70BD73B5C368D9789A7839
:107C50001E8842EA0122ADF8002059791A79B4B29F
:107C600042EA0122ADF80220D9799A79204642EA07
:107C70000122ADF804201A7A5B7A012142EA03233B
:107C8000ADF80630ECF730F9054628B90221204658
:107C9000FFF7C1FF02B070BD6946ECF789FB38B948
:107CA0001E212046FFF7B7FF2846ECF70DF8F1E755
:107CB0004FF0FF304FF0FF31EAF7CAFC04460028CE
:107CC000F2D00E210C30FFF72CFC00230680C0F808
:107CD0000A30BDF8003021464380BDF80230838071
:107CE000BDF80430C380BDF80630038142F22000A5
:107CF000EAF702FDD8E7033138B5C9B205460E20D0
:107D0000EBF712FA032104460C30FFF70AFC0123BB
:107D1000A0F801500370204638BD70B505460E46E8
:107D20000F200421EBF700FA042104460C30FFF782
:107D3000F8FB0122067042704580204670BD072284
:107D400008B502F0DAFFB0FA80F0400908BD00285B
:107D50000CBF08460020704707B580B90621684669
:107D6000F8F7EEFD40B99DF80530684603F03F0393
:107D70008DF80530EBF718FA03B05DF804FB6FF0EF
:107D80001500F9E70120704710B50C4631B100200D
:107D9000FFF7E2FF08B90123237010BD6FF0150053
:107DA000FBE7D0E8AF0F7047032808B501D0EBF729
:107DB000BDFBBDE80840EBF7CDBBD0F8BC000038F8
:107DC00018BF012070470846896918301160426861
:107DD00000211A6010F80D2C02F087BFD0E8AF0F19
:107DE00070472438EBF7E6BE002203680BB918464B
:107DF00070478B4210D10B6842B9426803609142D0
:107E000000D14360002301200B607047136043687A
:107E1000994208BF4260F5E71A461B68E6E710B5CD
:107E20000446006918B1EAF7B5F80023236110BDD4
:107E300070B516460D4601210446EBF7F3FE012E00
:107E400017D0022E17D1236913B12046FFF7E7FFA1
:107E5000256121690A8A012A39D9CB681B88043334
:107E60009BB29A4233D32AD92046BDE87040FFF72F
:107E7000D6BF206918B92046FFF7D1FF01E02A8A52
:107E800022B92846BDE87040EAF784B8018A438ADF
:107E900046695B1AC168891B5B1A9A4207D9014679
:107EA0000022204600F04BFA00232361E9E7E9684D
:107EB0000C30FFF73CFB2846EAF76CF8C9E70023D3
:107EC00023612046BDE87040012200F038BA70BD41
:107ED000034610B500F1D0021046FFF77FFF60B1F6
:107EE000411CD2E8EF4F844204D1C2E8EC1FBCF140
:107EF000000FF6D1F0D1184610BD0346FBE710B5D0
:107F0000837A0446023B062B25D8DFE803F00D04F4
:107F100024242417220041720021EBF727FFBDE83B
:107F200010400220EBF7FABB8378012B11D14030CF
:107F300002F00BFDBDE81040EAF70ABD0088FFF72C
:107F4000E1FD38B9A37A072B03D108212046EBF7CE
:107F50000DFF002010BD6FF07F00FBE773B50646F4
:107F60000C46FFF796FB6D463146A8B16846FFF711
:107F700085FB29460020ECF757FA58B12388A0F872
:107F80008C306388A0F88E30A388A0F89030E38806
:107F9000A0F8923002B070BDFFF7D9FE034600682A
:107FA00000909A889B79ADF804208DF80630E0E7C0
:107FB00038B5037A04468B42154615D100F170019D
:107FC0000722284602F099FE80B1E378072243B9E0
:107FD00004F17E01284602F090FEB0FA80F04009DC
:107FE00038BD04F17701F5E70020F9E70120F7E754
:107FF00008B5ECF743FA10B1EBF766FE012008BDB7
:1080000082780B46012A0BD109885A88B0F8A6302D
:108010008B4203D1B0F8A830934204D0FFF7B3BD30
:108020006FF0150070476FF077007047F8B507469E
:108030000D464FF0FF304FF0FF31EAF709FB0646DF
:10804000D0B10E210C30FFF76CFA04460E2200214D
:1080500002F04BFE3B88314623802B880022638050
:108060006B8842F21300A380AB88E380EB88238106
:10807000BDE8F840EAF788BB6FF06800F8BD7047CC
:1080800010B50446FEF7C2F8234653F8402BD2F849
:10809000BC1061B92164D2F8C01061B9C2E92F33B4
:1080A000FEF7C8F82068BDE81040EBF735BE8B42FC
:1080B000F6D00968EDE70B60C2F8C030F0E703685E
:1080C0002BB141681A688B42026008BF426070475A
:1080D00070472DE9F843446B2CB154F8085905B1A9
:1080E000083D00270CB9BDE8F883D4E900682EB339
:1080F000FEF78CF80022D6F8BC3004F1400163B1E1
:10810000994233D1236C4ABBD6F8C020C6F8BC30A4
:10811000914201D1C6F8C0302764FEF78BF804F114
:108120003009002200234846FDF7F0FB064600BB5D
:10813000D8F804300BB1204698472760E3680BB1AC
:1081400020469847D8F820300BB120469847DDB13B
:10815000AB6803B1083B2C461D46C3E71360D6F855
:10816000C030994208BFC6F8C020D5E71A461B6840
:10817000C5E7B36923B16FF06D02F16920689847D4
:108180003046E9F707FFCCE72B46E4E7F8B50E46A3
:1081900000210746154600234FF224420846ECF71B
:1081A000A1FB044630B104210C30FFF7BAF9077087
:1081B000467045802046F8BD38B50546006898B140
:1081C000807A072810D1087A012810D1C87A0728A8
:1081D0000DD98A61CB6105F1300002F0ABFA284677
:1081E000FFF74EFF002038BD6FF07F00FBE76FF018
:1081F0001500F8E7406B28B1838B08388B4201D01B
:108200008068F8E7704710B54AB989B2FFF7F2FF06
:1082100028B143689B6913B1BDE81040184710BDF1
:1082200038B50D460521FFF7E5FF002329461A461C
:10823000FFF7C2FF044610B12846E9F7ABFE20461F
:1082400038BD73B50B8A0446032B0D4611D90421A2
:1082500005F10C00FFF79FF92B8A42889A4208D15A
:10826000417831B10378122B06D0132B01D0012BAA
:108270004AD1002002B070BD082AFAD12468A37A3E
:10828000072BF6D1E37893B102220120FFF77EFF9E
:1082900005460028EDD002210C30FFF742F90023FB
:1082A0002946037043702046FFF7BAFFE1E7EB6809
:1082B00013201A88ADF800205A88ADF802209A8859
:1082C000ADF80420DB880222ADF80630FFF75EFF30
:1082D00005460028CDD069462046ECF769F80646E9
:1082E000022105F10C00FFF71CF986F00103DBB257
:1082F000038029462046FFF793FF002EB9D0694638
:108300002046FFF793FEB4E7022201202568FFF71D
:108310003DFF04460028ACD002210C30FFF701F9E4
:1083200000232146037043702846BDE7406B28B107
:10833000838908388B4201D08068F8E7704738B5E8
:108340000B8A0546032B0C4604D82046BDE838406E
:10835000E9F720BE042104F10C00FFF71CF9418865
:108360002846FFF7E3FF0028EFD0436821465B690A
:108370009847EAE770470346006828B159680268E1
:1083800088421A6008BF5A6070470346002003B94C
:1083900070471A8A5B681044F9E710B5D468023157
:1083A000237813B92170012010BD8B42FBD0038AC2
:1083B000023B038200201061F6E72DE9F0410446FC
:1083C0008868FFF7E2FF638B628D0D46934228BFFA
:1083D000134683421DD300272165D1F808808F60A2
:1083E000FDF714FF41462046ECF7B2FB064638B1D4
:1083F000C5F808802765FDF71DFF3046BDE8F08110
:10840000618D638B2846994228BF1946EEF7AEFA74
:10841000F1E76FF07906F0E72DE9F041C46907460E
:1084200044B154F8986906B1983E0022154607F108
:1084300004080CB9BDE8F081236D9BB905B98AB970
:108440004046FFF798FF054658B101462046FFF722
:10845000B4FF0028EED07B682B60BB687D6003B959
:10846000BD60224636B1D6F8983003B1983B344609
:108470001E46DEE73346FAE708B503680A8A18683D
:10848000C96801F069FB002008BD38B5054601F157
:108490000C000C46FFF78FF82D680146238A2868E8
:1084A000E26801F048FB002038BD38B504460D46AF
:1084B000ECF74EFB30B1294604F15400BDE83840DA
:1084C00002F038B938BD70B5044601F10C000D4614
:1084D000FFF771F8266801462B8AEA68306801F0D8
:1084E0002AFB1E2100222046ECF78AFB014610B130
:1084F0002046FFF7DAFF002070BD70B40668F2690D
:108500005AB3144654F8983903B1983B00221146E7
:108510007CB9438D408B8B4201D890421FD9824257
:1085200038BF02469942306838BF194670BCEEF732
:10853000B1B9844207D0658D648BA94238BF294602
:10854000A24238BF224633B1D3F8985005B1983DC6
:108550001C462B46DCE71D46FAE71146D9E770BCFE
:10856000704773B51446014605464FF4957220686E
:1085700000F003FF207530B92946206801F019FB8F
:1085800020B908232375002002B070BD237AB3B14F
:10859000A3F11802534253419B000193638A294679
:1085A0000093AE68238AE2682068B047002808DBA1
:1085B000238A83420CD1002301202375E4E70223A0
:1085C000EBE710F1FF0F03D34042C0B22075DAE7AA
:1085D0000E20FBE7F8B5936805460F46144616686B
:1085E00063B9506801210C30FEF79BFFA0602B6837
:1085F0001B78002B14BF022301230370A3681B7890
:10860000012B03D0022B1FD000201CE02B681B780D
:10861000002BF9D1606804210C30FEF782FFE06086
:1086200007802A68E36852885A806168728D738B6C
:10863000088A9A4294BFC0EB0200C0EB03000428F2
:1086400094BF00200120F8BD2B681B78022BDBD1E2
:10865000606812210C30FEF764FFE06007802B6831
:10866000E268591C0232113351F8040B994242F866
:10867000040BF9D16168728D738B088A9A4294BF9A
:10868000C0EB0200C0EB03001228D9E7D068043128
:10869000037813B90170012070478B42FBD0002092
:1086A00091680B8A043B0B82106170472DE9F04101
:1086B000884617460121042205461E46ECF7A0FA1B
:1086C000044670B104210C30FEF72BFF80F80080C7
:1086D000A0F80170C67021462846BDE8F041FFF7BA
:1086E000E4BEBDE8F0811FB5CDE9012300231A46A1
:1086F0000093EDF76BFB05B05DF804FB0022036807
:1087000003B970478B420FD10B683AB942680360D6
:10871000914200D1436000230B60704713604368AF
:10872000994208BF4260F6E71A461B68E8E7D0E8BE
:10873000EF3F43F00802C0E8E12F0029F7D1C3F36F
:10874000C000704707B5CA680C2113885288009290
:108750000D22ECF72BFB03B05DF804FB07B50022FC
:10876000CB680A211B8800920B22ECF71FFB03B099
:108770005DF804FBF8B5CB6804461F88BBB2162B26
:1087800024D90321ECF78EFA064608B302210C30F7
:10879000FEF7C7FE00256FF00803457003703146F1
:1087A0002046FFF782FEF7236383236867851B68F3
:1087B0000433D3E8EF1F41F48031C3E8E21F002AFD
:1087C000F7D12046FFF799FE2846F8BD0420FCE7C4
:1087D0000E20FAE770B504460E4600220023084634
:1087E000FDF794F8054658B101462046ECF7B0F97C
:1087F000044618B12946304601F0A7FF204670BD57
:108800006FF00104FAE737B50C46054601F10C009C
:10881000FEF7D1FE228A03460192E26812210092FD
:1088200028461322ECF71CFD03B030BD37B50C46CB
:10883000054601F10C00FEF7BEFE228A03460192B6
:10884000E2682846009200221146ECF709FD03B0C9
:1088500030BD2DE9F04342F60103002591B0D2F876
:10886000008007460E4600680BA9D8F8049014460D
:108870008DF82C50ADF82E30FEF7A5FE002800F044
:1088800082804FF4205338680BA98DF82C50ADF836
:108890002E30FEF798FE38B1A3681BB15A88B24259
:1088A00000D25E80012010E061680846FFF76DFD90
:1088B000B8F82A20B8F81A309A4294BFC0EB0200E8
:1088C000C0EB0300032803D8002011B0BDE8F083FB
:1088D0000846FEF7E7FD054661680846FFF755FDC7
:1088E0006B8A2A8AA3EB020C6B69EA68D21AACEB9A
:1088F0000203B8F81AC0B8F82A20944594BFC0EB18
:108900000C00C0EB0200834228BF03466BB9887A93
:10891000E9F798FA00220023FEF791FD05460028AA
:10892000D2D001466068FEF7CEFD002300933946A1
:10893000D7F804801023484602AAC047071E22DB4E
:10894000227CE068BA421AD001460BA8FEF768FE06
:10895000C8B1FAB202A906A8FEF762FE98B106A94C
:108960000BA8FEF730FE70B900230421637405F1F3
:108970000C00FEF7D6FDA0600680A36891E702A96F
:1089800002F0BBF9EFE70023A3608BE72DE9F04F7E
:10899000064685B0104690469946FFF7F6FC738B65
:1089A000728D8B46934228BF1346834275D97368F4
:1089B00040460393FEF776FD4FF0000A044640461A
:1089C000FFF7E3FCE168228A658A6369AD1ACB1A76
:1089D000ED1A778B738D9F4294BFC0EB0700C0EBFD
:1089E0000300854228BF054625BB98F80A00E9F731
:1089F00029FA00220023FEF722FD044608B9574653
:108A000027E001464046FEF75EFD4046FFF7BDFC0D
:108A1000E168228A658A6369AD1ACB1AED1A778DEF
:108A2000738B9F4294BFC0EB0700C0EB03008542ED
:108A300028BF0546CDF80090DBF804700A4403987F
:108A40005946ABB2B847071E07DABAF1000F18BF94
:108A50005746384605B0BDE8F08F0E9BABB9394696
:108A600004F10C00FEF75DFD4046FFF78EFC738DB0
:108A7000728BB944934228BF13468342BA441FFA0B
:108A800089F9BCD9AF429AD0B9E7394620460F9A46
:108A90000E9B98470028E2D1B1E70027D9E70023D1
:108AA0002DE9F34117681446D7F804800146137383
:108AB00006469522404600F060FC0546207330B91A
:108AC0003146404601F073F828B90823237300208B
:108AD00002B0BDE8F081A068798B7A8D038A91425B
:108AE00094BFC3EB0103C3EB0203012BEFDD0221B3
:108AF0000C30FEF716FDCDE900558046A3883146BF
:108B00003846A268FFF742FF031E06DA13F1FF0F93
:108B10002ABF5B420E23DBB2D8E70120A8F8003061
:108B2000D6E700232DE9F34117681446D7F80480EF
:108B30000146137306469522404600F01EFC05468A
:108B4000207330B93146404601F031F828B9082386
:108B50002373002002B0BDE8F081CDE90055314615
:108B60003846A388A268FFF711FF002807DA10F142
:108B7000FF0F32BF0E204042C0B22073E9E7012050
:108B8000E8E7F8B5054650F8044C071F00F1480324
:108B9000D3E8EF1F21F00401C3E8E21F002AF7D158
:108BA000FCB1EB6C83B9636873B1201DFFF7E3FB85
:108BB000064601463846FFF700FC90B16368336013
:108BC000A368666003B9A660384605F15001FFF757
:108BD00001FE30B1384604F10C01BDE8F840FFF762
:108BE000F9BDF8BD08B5837A072B01D0002008BD78
:108BF0000421FFF79BFB0028F8D000F14803D3E8DD
:108C0000AF3FDB07F2D550F8040CF0E738B5054666
:108C1000D1E8AF3FDB0716D550F8040C98B1EB6CE8
:108C20008BB90430FFF7A7FB044660B10146281F4B
:108C3000FFF7C3FB38B155F8043C5A6822609A68C4
:108C40005C6002B99C6038BD70B50E461546FFF7F2
:108C5000C9FF78B1C3696BB1184650F8983903B1B0
:108C6000983B691C428D448BA24228BF2246914208
:108C700002D93BB9002070BD2A463146BDE870409C
:108C8000EBF7BEBFD3F8984004B1983C1846234692
:108C9000E8E7EDF73DB810B504466438ECF7ACFDF5
:108CA00054F8640C1321BDE81040FFF728B970B5E3
:108CB000CE68044633880D469AB2162A06D800229A
:108CC00004231146ECF762FD002070BDF7224385B6
:108CD0004283FFF712FC0023314620462A8AF1E73F
:108CE00008B500230A8AC968ECF750FD002008BDCA
:108CF000FFF7F6BFFFF7F4BFFFF7F2BFFFF7F0BFD4
:108D0000FFF7EEBFFFF7ECBFFFF7EABFFFF7E8BFE3
:108D1000FFF7E6BFFFF7E4BFFFF7E2BF70B50D4610
:108D2000FFF760FF044628B92846E9F733F96FF0EA
:108D30007F0070BD00F10C062946304601F0FAFCB8
:108D4000E469C4B154F8985905B1983D0022104621
:108D500007E022467DB1D5F8983003B1983B2C4608
:108D60001D46831C01D1002AF4D131462046FFF76D
:108D700031FD0028EDD10020DBE738B505460C4673
:108D8000FDF744FA2846FFF72DFF20B9FDF752FA08
:108D90006FF07F0038BD0023236083683BB9C0E9D2
:108DA0000144FFF739FBFDF745FA0020F2E71C60AC
:108DB0008460F6E710B50C46FFF714FF90B1C36965
:108DC00043B153F8482C983BD168A14209D0D3F85D
:108DD0009830F5E7406828B1C368A34202D0006824
:108DE000F9E7104610BD10600020704710B5029CD6
:108DF000A36833B1B1F5807F28BF0E21CAB22146E6
:108E00009847A37DE268013BDBB2A37522B11BB991
:108E10002046BDE81040104710BD10609180002032
:108E20007047072208B501F068FFB0FA80F04009EA
:108E300008BD0B6803608B8883808B7983717047D2
:108E4000034610B5D3E8EF0F40EA0102C3E8E42F70
:108E5000002CF7D110BD70B50D46064611F8010B78
:108E6000EBF70CFB044610B12C89EAF72DFFA87A2A
:108E700005F10B01EBF702FB28B16B8A9C4238BF6E
:108E80001C46EAF721FFAB8AA34207D0AB69AC824C
:108E900023B121463046BDE87040184770BD10B57B
:108EA000144602210C30FEF73CFB6389038000204E
:108EB00010BD10B5144604210C30FEF732FB238997
:108EC0000380E3894380002010BD10B514460221C1
:108ED0000C30FEF726FB23890380002010BD10B55F
:108EE000144604210C30FEF71CFB238903806389A0
:108EF0004380002010BD38B5154600F10C04042154
:108F00002046FEF70EFB2B890380EB8943802B7CE8
:108F100033B94FF420512046FEF71AFB002038BD2C
:108F200042F60101F7E738B5154600F10C040421BB
:108F30002046FEF7F6FA2B890380EB8943802B7CD1
:108F4000022B04D0032B09D02B68598801E042F68C
:108F500002012046FEF7FCFA002038BD42F603016C
:108F6000F7E770B51446002500F10C066268EBB215
:108F70009A4205F1010501D8002070BDA268304673
:108F800032F81310FEF7E4FAF0E7FFF7EABFF7B59F
:108F9000089D06460C462F6851B973B900232A462E
:108FA0000893E1B23046BC4603B0BDE8F0406047EC
:108FB000B1F5807F28BF0E24F0E7009313462A46C0
:108FC000B847089423462A4621462F68EAE710B599
:108FD000144632B900F17001007AECF7BDFC00B123
:108FE000846010BDF0B50D4687B0114606461A469E
:108FF0000C9C5DB983B92768002322463046BC46E5
:10900000E9B20C9307B0BDE8F0406047B5F5807F4A
:1090100028BF0E252768EFE703A8FEF771FABDF811
:109020001030012B08D80023009322461946304601
:109030002568A84707B0F0BD022103A8FEF7ABFAE8
:109040000346BDF8102033F8027B0021974228BF69
:1090500017460097224630462568A847394603A898
:10906000FEF799FADBE738B5144600F10C05062146
:109070002846FEF756FA23890380E3894380237C40
:10908000002B42F6010308BF4FF420538380216870
:109090000B781BB1022B06D0002038BD284649882A
:1090A000FEF756FAF8E7102228460131FEF73FFA9C
:1090B000F2E738B5144600F10C0502212846FEF708
:1090C00030FA63890380A1892846FEF741FA04211A
:1090D00004F11000FFF7B4FE002038BD2DE9F04187
:1090E00007460C46069D05F11003D3E8EF1F21F05B
:1090F0000401C3E8E21F002AF7D1ECB1ECF796FCBB
:10910000014640B3836853B100221E6805F1140C78
:109110002BB1634508D12B463846ECF73FFCB4F53C
:10912000807F28BF0E240EE026B130681A463346F1
:109130000646EDE73046F9E7AB8923B923462246D8
:1091400029462E68B0476B682BB12A463846E1B2F3
:10915000BDE8F0411847BDE8F08138B5154600F18B
:109160000C0404212046FEF7DCF92B8903806B896F
:109170004380E9680B782BB920464988FEF7E8F967
:10918000002038BD102220460131FEF7D0F9F7E764
:10919000002203680BB9184670478B4210D10B6848
:1091A00042B942680360914200D14360002301202C
:1091B0000B60704713604368994208BF4260F5E74F
:1091C0001A461B68E6E708B5ECF7C6FB18B10023A2
:1091D00003604360836008BD70B500F1700605460A
:1091E0003146007AFEF74CFC04463146287A1CB121
:1091F000BDE87040FFF7E7BFECF7AEFB10B10460CD
:109200004460846070BD022A10B508D1002300F1CB
:1092100070011A46007AECF73BFC022010BDFFF704
:10922000DBFFFAE738B5BDF81010BDF8184010465E
:10923000A142059D0CD84CB16DB1641A9C42A8BFE7
:109240001C46A4B22246294401F042FD204638BD06
:109250006FF00604FAE76FF00D04F7E770B5CC681D
:1092600086B02678BDF8285066B96488ADF81640F7
:10927000022402940DF11604CDE90054FFF7D2FF49
:1092800006B070BD102601340296F5E7F0B50C4625
:1092900087B0C968054616461F46ECF7A3FB00B128
:1092A0000089022302930DF116030193BDF83030BB
:1092B000ADF81600009332463B4621462846FFF79C
:1092C000B1FF07B0F0BD13B5044610B9002002B0DD
:1092D00010BD00238DF8043042F60303006801A995
:1092E000ADF80630FEF76FF90028EFD1E3689888F3
:1092F0000028ECD12046ECF739FD013080B2E6E7DA
:109300002DE9F041CC689846A3798AB00646084614
:109310008DF814300D461746FFF7D5FFADF8150050
:109320002468237893B96388ADF817300523029336
:1093300005AB0193BDF840303A46009329464346B9
:109340003046FFF76FFF0AB0BDE8F081631C0DF1F6
:109350001702113453F8041BA34242F8041BF9D13D
:109360001323E4E71FB5CDE9012300231A46009338
:10937000ECF72CFD05B05DF804FB4B8A12F0010FF1
:10938000C3F30E0304D013F0950F10D0486870B1EA
:1093900012F0020F04D013F4957F0AD0896841B10E
:1093A000134013F4DE7F14BF052000207047022015
:1093B0007047032070472DE9F041837A0646072B5A
:1093C0000C46154686B040F0858000238DF8143099
:1093D00042F60303206805A9ADF81630FEF7F3F84E
:1093E00090B96768002F75D001232146009004AA28
:1093F000B84701286ED19DF8103013F0300F69D0B6
:109400002046ECF73DFD0446002320688DF814301B
:1094100042F6021305A9ADF81630FEF7D4F818B1DC
:109420002046ECF72DFD0446002742F6021820687E
:1094300002A98DF80870ADF80A80FEF7C4F8F8B9F3
:10944000002320688DF8143042F6021305A9ADF808
:109450001630FEF7B8F800283CD16768002F39D0E5
:10946000009002232146304605AAB847022831D190
:10947000BDF8143005EA0300003818BF01202AE0C7
:1094800042F60303206803A98DF80C70ADF80E3086
:10949000FEF799F80028D3D04FF42053206804A990
:1094A0008DF81070ADF81230FEF78DF80028C7D097
:1094B00042F60103206805A98DF81470ADF8163046
:1094C000FEF781F80028BBD02046ECF7D9FC044613
:1094D0000028ACD1002006B0BDE8F081F8B50F46F9
:1094E000516806464B8A144603F0940313BB0122CD
:1094F000FFF761FF08B3A2891B2130460232FFF754
:10950000A3FB0546E0B1A1890C300231FEF709F852
:1095100020F8027BA289A16801F0DAFBD4E90412E9
:1095200028460123ECF706FA29463046BDE8F84004
:10953000FFF7F4BB4FF0FF30F8BD6FF01500FBE70D
:109540006FF00B00F8E770B50B460546144629B9D5
:1095500021462846ECF78AFE28B970BD4FF6FF7207
:10956000914207D121812246284663680021BDE847
:1095700070401847E28901339BB29A422381E7D2B7
:10958000F1E72DE9F04F89B006461446129F11B954
:1095900013F0030807D03A46002130467B6809B033
:1095A000BDE8F04F1847C14642F6010A03F47F7345
:1095B000D518AC4207D13A464146304609B0BDE81D
:1095C000F04FFFF7C0BF3A7C6388002A14BF5246B1
:1095D0004FF42052ADF802201022ADF808301FFAE7
:1095E00083F83B68B4F800B000210DEB0200019352
:1095F0008DF8009001F079FB01AB06933A463046B6
:109600007B68CDF80CD0ADF81CB003A998470434A2
:109610000028CED109B0BDE8F08F2DE9F0478EB01B
:1096200006461746169D31B12A4600216B680EB0DA
:10963000BDE8F0471847A3B11278062A02D0142AD1
:109640000FD102214FF00008C146013B8DF81010E8
:109650009CB207F1010A94420BD214B9B8F1000F81
:1096600052D12A46002130466B6898470EB0BDE8BB
:10967000F0871422002109A801F037FBBAF8002076
:1096800093B2002BEDD0BAF802101FFA81F8B8F1AE
:10969000000FE6D04345E4D89DF8103013B3022BF9
:1096A00025D02B7CADF80C10002B42F6010308BF2F
:1096B0004FF42053ADF8063004AB029301AB09938D
:1096C00002ABADF834200C932A4630466B688DF817
:1096D000049009A998470028C8D03A78A41AA4B2DF
:1096E0009244B8E7BAF80430ADF81230D9E70AF17D
:1096F00004030DF111000AF1140C53F804EB634557
:1097000040F804EBF9D1CCE72A46414630460EB08A
:10971000BDE8F047FFF717BFF0B5102B8FB0054637
:10972000149C06D02246002163680FB0BDE8F040CB
:109730001847638904A8ADF80C30A3892689ADF8D1
:109740000E30022302908DF8103002F110010DF15D
:10975000110352F8047B8A4243F8047BF9D1216853
:10976000C1B9002142F6020310220AA88DF80410A4
:10977000ADF8063001F0B9FA01AB099302AB0C93D6
:10978000224628466368ADF8346009A9984728B98D
:109790000FB0F0BDFDF717FF0028E2D022462846A3
:1097A0002189FFF7D0FEF3E72DE9F04F8FB0074690
:1097B000189D002940F09E80002B00F09B801078BF
:1097C00001281DD0022840F095804FF01209013B7E
:1097D0009BB299458DF8100000F28C804FF0000884
:1097E000B3FBF9FBC246541CCDF8008004AEBBF1BC
:1097F000000F09D12A4638460099FFF7A4FE76E00B
:1098000008464FF00409E2E723880193BDF80430CD
:109810000093B8F1000F53D19DF81030002B37D0D2
:10982000022B3CD02968002945D12B7C042B4DD13B
:109830004FF42053304602A98DF808A0ADF80A3045
:10984000FDF7C1FE00283BD042F60103304603A9D4
:109850008DF80CA0ADF80E30FDF7B5FE80B342F6E2
:109860000203304609A98DF824A0ADF82630FDF793
:10987000AAFE28B342F60303304609A98DF824A0B6
:10988000ADF82630FDF79FFE00BB4FF0010819E050
:10989000A378E27843EA0223ADF81230C2E7A31CB2
:1098A0000DF1110204F1120153F8040B8B4242F83E
:1098B000040BF9D1B6E73046FDF785FE0028B4D099
:1098C0004FF000080BF1FF3B4C4490E710220021C1
:1098D0000AA801F00AFABDF804302A46ADF834307F
:1098E00038466B68099609A998470028EAD10FB055
:1098F000BDE8F08F2A46002138466B689847F6E7A6
:109900002DE9F74F0C9C804691461E460D4641B905
:109910006BB92668002322460C93E9B24046B44650
:1099200032E0B1F5807F28BF0E252668F2E7636834
:10993000002B59D1013E25896789B6B202F1010A8F
:10994000002E33D099F80010B14228BF31460129CA
:1099500007D80023224604210C9325684046AC46D4
:1099600012E0BAF80020023993B289B2002B5AD023
:109970009D42D4F800B001D89F4209D2002322466C
:109980000E214046DC460C9303B0BDE8F04F604723
:10999000228140460091224600210AF10203D84765
:1099A000002840D099F80030B3420BD921464046F8
:1099B000ECF774FE002836DA00230C9322460E21C1
:1099C0002568CBE7238962899A4205D100230C934D
:1099D000224619462568C1E70133238199F80030F2
:1099E000F61AB6B29A44ABE70096134627682246A9
:1099F000B847C0B1238A013B9E4205DA0C952B463D
:109A000022462946266889E7638921461E44404646
:109A10006681ECF743FE002805DA0C952B462246BA
:109A20000E2126687AE703B0BDE8F08F2DE9FF47E5
:109A30009046DDE90D9A827A1D46072A06460F46B2
:109A40009DF8303028D123B3D22105F10E02FFF763
:109A5000FBF8044628B302210C30FDF762FD002319
:109A6000078000220027CDE90023294642462046F0
:109A7000CDE90277E8F7ACFA494620463B46524624
:109A8000EBF758FF2146304604B0BDE8F047FFF73A
:109A900045B95221AA1CDAE76FF07F0004B0BDE897
:109AA000F0876FF00B00F9E773B504460D46FCF73D
:109AB000ADFB29462046FFF77DF9014620B902B0EB
:109AC000BDE87040FCF7B6BB46682046EBF70AFFDE
:109AD000FCF7B0FB2EB100230E211A46204600955C
:109AE000B04702B070BD2DE9F8438C6805461646B4
:109AF0009846BDF8209024B154F8147907B1143F6A
:109B00000CB9BDE8F8832389B3420BD14B464246DA
:109B100021462846D4F800C0E04718B92146284617
:109B2000ECF754FE2FB1796901B114393C460F4668
:109B3000E6E73946FAE7F7B50D46044616461F46EE
:109B4000EBF774FF014628B133462A4620460097BA
:109B5000FFF7C9FF03B0F0BDF0B587B005460E466C
:109B60001746EBF763FF044640B13A46314603A877
:109B7000FDF7C6FCBDF81030042B01D807B0F0BDCE
:109B8000042103A8FDF707FDBDF8101046880288E0
:109B9000B142F3D32146031D00962846FFF7A3FFE9
:109BA000314603A8FDF7F7FCE4E7012070470120E8
:109BB00070470120704713B5C068144668B1002390
:109BC0008DF804304FF4C05301A9ADF80630FDF70D
:109BD000FAFC10B9236801332360012002B010BDE4
:109BE0000021F8B54FF0FF324FF0FF33054608462D
:109BF000EAF778FE00F10C07044601213846FDF72C
:109C000090FC0526012106703846FDF78AFC0023EA
:109C100006701A4621462846FEF7CEFA10B12046B5
:109C2000E8F7B8F90020F8BD6FF085007047002014
:109C300070470C220369C9B202FB0133186C00F0B3
:109C40000700704770B50346C9B20069EFF311868B
:109C5000202484F31288BFF36F8F0C2505FB0104C9
:109C6000246C14F0C00401D0A24210D1012205FBE3
:109C700001000264002086F31188BFF36F8F28B9BA
:109C80005B6803EBC1035B689847002070BD4FF031
:109C9000FF30F0E78022FFF7D5BFF8B5069F0546F5
:109CA0000469C9B2EFF3118C202080F31288BFF34E
:109CB0006F8F0C2606FB0146306C00F0070EBEF1DC
:109CC000010F11D1376400268CF31188BFF36F8F19
:109CD00046B90C2000FB0144C4E90E236B6853F81D
:109CE000313098473046F8BD00F0C00087420CBFC5
:109CF0006FF077064FF0FF36E6E713B58024009447
:109D0000FFF7CBFF02B010BD10B41C240069CBB22A
:109D100004FB0300002110BC10471046FBF728BECF
:109D200000F060B9FAF70CBD38B508461446EFF3F9
:109D30001185202383F31288BFF36F8F1146FAF742
:109D400057FF85F31188BFF36F8F002808BF2046A7
:109D500038BD08B50023FFF7E7FF00EAE07008BD53
:109D6000FAF72CBF436800205B68DB680B60704724
:109D7000436802EA01005B6821EA020158600020A2
:109D800099607047436800205B685960704743687A
:109D900000205B689960704743685B681A6821EA35
:109DA00002001140586000209960704730B5036987
:109DB000586800B30024884219D108688CB99C689F
:109DC0005860A14200D19860002008602AB15A680A
:109DD0000A609A68596002B9996000200FE028462D
:109DE000E9E720609868814208BF9C60ECE705685D
:109DF0000446002DF3D1002AE9D16FF0150030BDE3
:109E0000FBF782B830B543681360057A446804EB09
:109E1000C504A34202D36FF0010030BD5C79083362
:109E20008C42F1D10020F8E743681B68D3F8303149
:109E3000704743681B68D3F88004C3F880047047F8
:109E400042681368D3F84C0150B10020926A12782E
:109E50000A70C3F84C01D3F84C2101229A62704772
:109E60004FF0FF30704713B501AA0446FFF7CAFF51
:109E7000002805DB019B226819791868FAF752F966
:109E800002B010BD38B5054600220121C620E7F713
:109E900081FCC620E7F74EFC6C680121E068FFF703
:109EA000E2FF6B6819686369C1F82435E28BA38B04
:109EB000A07E1343228C1343628C1343627E9BB2B9
:109EC0000243207E02431343C1F86C3569680B6876
:109ED000D3F8002242F48022C3F800220822C3F8FB
:109EE00000254A6A0121C3F83C270022C3F8402715
:109EF0001965D3F830110029FBD0C3F800256D682F
:109F00000021E8682C68FFF7AEFF0823C4F800358D
:109F10002A7A52B9AB6AC4F804370123C4F8083767
:109F2000C4F84C21D4F84C21A362002038BD08B5F8
:109F30000220F9F7B7FE002008BD08B5FBF7F6F8D8
:109F400008BD03460020184700F07DBA024610B550
:109F5000116891B1B1FA81F3C3F11F00012383406D
:109F600021EA0303D2E8EF4F8C4204D1C2E8EC3F70
:109F7000BCF1000FF6D1EBD110BD6FF00B00FBE789
:109F800010B50368CB40DB0710D401238B40026877
:109F900043EA0201D0E8EF4F944204D1C0E8EC1F3D
:109FA000BCF1000FF6D1F2D1002010BD6FF015000A
:109FB000FBE7FAF761BB10B1012802D07047FAF74E
:109FC000BFBBFAF76DBC18B1012803D100F00CB883
:109FD00000F008B8704708B5FAF796FCBDE80840ED
:109FE000FAF7EEBBFAF780BBFAF722BCF7B51646D4
:109FF000DDE90847019001A81D46FAF73BFE019BE9
:10A00000B6F1000C18BF4FF0010C00EB83000B1EE3
:10A0100018BF0123002D43EA4C030CBF4FF0000C86
:10A020004FF00C0C002C43EA0C030CBF4FF0000C5B
:10A030004FF4706C002F43EA0C030CBF4FF0000C80
:10A040004FF4403CD0F8802043EA0C0322EA03039B
:10A0500001B109780EB13678760019430DB12D782B
:10A06000AD0031430CB12478240229430FB13F786D
:10A070003F040C433C43C0F8804003B0F0BD1FB523
:10A080000DF10F03019300238DF80F101A461946A6
:10A090000093FFF7ABFF05B05DF804FB10B5044675
:10A0A0000846FAF7F7FD04EB4004207DC0F34010AA
:10A0B00010BD10B504460846FAF7ECFD04EB400469
:10A0C000207DC0F3400010BD10B504460846FAF7E5
:10A0D000E1FD04EB4004A08A400B10BD70B50446BE
:10A0E00008461646FAF7D6FD083034F810300D460B
:10A0F000DA0509D5C3F3432304EBC30231462846EE
:10A1000054F8333052689847A3682BB1314628463B
:10A11000E268BDE87040184770BD10B504460846B7
:10A12000FAF7B8FD04EB4000838ADA051DD5C3F3C6
:10A13000432123F4F853838204F1120204F15800FE
:10A1400032F8023F13F4807F03D0C3F343239942D4
:10A150000BD08242F4D1002204EBC1035A6004F117
:10A160006000BDE81040FFF70BBF10BDF0B504461E
:10A17000002001270546844695420AD1D4F844318F
:10A1800033B10023C4F84431D4F8443140F40030F2
:10A19000F0BDEBB29B0003F580769B0807FA03F352
:10A1A000194208D054F806E0BEF1000F03D044F87D
:10A1B00006C0A65918430135DEE738B504460D46FA
:10A1C000FFF76CFFA8B12046FFF773FF88B9204660
:10A1D000FFF77AFF012322688340C2F8183323680F
:10A1E00003EB8000D0F8103523F00303C0F81035DE
:10A1F00038BD2846BDE838400021FFF740BF2DE9B3
:10A20000F0431746044685B00846FAF743FDD7F8F1
:10A2100000800E460546B8F1000F1ED02046FFF71D
:10A2200048FF18B12046FFF739FF20BB00230DF18E
:10A230000F02CDE900338DF80E308DF80F30304627
:10A2400043460DF10E01FFF7D1FE04EB4502938A60
:10A2500023F0020343F0010393827B689BB33146F2
:10A26000204693F80080D3F80490FFF722FF28B12E
:10A27000B9F1000F1FD06FF0150027E004EB450087
:10A28000838A23F4604323F020038382B9F1000F13
:10A2900011D0B8F1030FEED87B6821685B6893F8A2
:10A2A00000C04FEA8C031944B8F1000F11D1C1F876
:10A2B0001085C1F8108504EB4502938A23F01C0336
:10A2C00043EA88039382BB684BBB002005B0BDE81E
:10A2D000F083D1F8102522F00302C1F8102522687E
:10A2E0001344D3F8102522F4473222F47C72C3F8C9
:10A2F000102541F6F072D3F8101502EA061242EA70
:10A3000008420A43C3F8102504EB4C03A3F8646029
:10A31000838A43EA4C3343F020038382CBE7314600
:10A32000D3E900782046FFF7F8FE002FCDD0636810
:10A330009F4206D004F16000FFF708FE002804DA0F
:10A34000C4E7A3689845F5D1002004EBC003C3E936
:10A35000017804EB4505AB8AC0B243EA402343F4DD
:10A360008073AB82B1E7C0E90312704770B5044651
:10A370001546FFF793FE48B10846FAF78BFC04EB4D
:10A3800040040020A38A5B0B2B7070BD6FF015009A
:10A39000FBE790F87400003818BF01207047FAF707
:10A3A000AFBC2DE9F34104461746FFF777FE0D4693
:10A3B0002668F0B12046FFF77CFE8046C8B92046EB
:10A3C000FFF782FE820002F5807346F80380F3589F
:10A3D00023681344D3F8102542F00102C3F8102576
:10A3E00027B1012322688340C2F8143302B0BDE8CC
:10A3F000F081D6F8143328469B035CBF4FF400333A
:10A40000C6F81433FAF746FC04EB4004A38AC3F3FE
:10A410008203042B11D0052B11D001A80195FAF766
:10A4200029FC019BC168D94001F001010231284695
:10A4300002B0BDE8F041FFF722BE0321F7E7022199
:10A44000F5E7FFF7BABE08B1E7F762BE704710B58F
:10A45000436904463BB90020E2684042537843F028
:10A460000103537010BD98470028F4D00028B8BFEE
:10A470004042FF28A8BFFF20E3681870ECE740B116
:10A48000C368587810F001001EBF1878B0FA80F049
:10A4900040097047EFF31183202383F31288BFF341
:10A4A0006F8FFEE708B5FFF7F5FF10B400F10C045D
:10A4B000C0E9034410BCFCF7A1BD38B50446EFF376
:10A4C0001185202383F31288BFF36F8FFCF710FDF3
:10A4D00004F10C0000F0DAFA30B1294604F114005E
:10A4E000BDE8384000F0B8BA85F31188BFF36F8F2C
:10A4F00038BD10B542696AB1836842EA0301890731
:10A5000008D10169A2FB011424B95B182CBF0121F9
:10A51000002102D36FF0150005E0C1609B1A0269AB
:10A520008A4201D8002010BDC26801311A60426918
:10A53000C3609B1AF3E72DE9F04105460F46EFF3A0
:10A540001188202383F31288BFF36F8FC668F6B992
:10A550000468A0421BD0D4B1D4E9003213605A6021
:10A56000237CC4E9006623F002032374A66004F18F
:10A57000180000F00FFB2046A667676100F039FA6B
:10A58000414605F10800BDE8F04100F065BA3E60C3
:10A59000AB69EF60013BAB6188F31188BFF36F8F4C
:10A5A000BDE8F081202408B5EFF3118384F312880D
:10A5B000BFF36F8FFCF7FAFEF6E790F90E308B428F
:10A5C00001D0FBF7A3BD0020704703460020C3E97C
:10A5D0000033C3E902007047D0E9003213605A60CB
:10A5E0000023027CC0E9003322F00202027483607F
:10A5F00070472DE9F843904604460D469DF820200B
:10A60000EFF31187202181F31288BFF36F8F02B11E
:10A610004568A66804F10809B14515D0A6B1002423
:10A620003046FFF7D9FF06F1180000F0B3FA3046C4
:10A63000B467C6F8148000F0DCF94846394600F0EB
:10A640000BFA2046BDE8F883A3B10820FCF72CF9EB
:10A65000002832D00122C0F804800260016801F0B5
:10A6600003015DB922680A430260626820606AB92A
:10A6700060600BE04046C8F80030EFE72A68032A24
:10A6800010D80160616839B9C4E90000002087F37F
:10A690001188BFF36F8FD5E70A6802F00302024307
:10A6A0000A60E5E722F003020A4302602A6802F02A
:10A6B000030240EA02032B60E8E76FF00B00E6E7D5
:10A6C00010B5044630B10268930703D0446809B15D
:10A6D00000F0F7FA204610BD0023C0E9003300F176
:10A6E0000803C0E90233704770B5EFF311852023EA
:10A6F00083F31288BFF36F8F846800F10806A642C7
:10A7000013D094B12046FFF767FF04F1180000F062
:10A7100041FA00232046A367636100F06AF92946E5
:10A720003046BDE8704000F097B985F31188BFF35B
:10A730006F8F70BD012307B5009300230A461946A9
:10A74000FFF757FF03B05DF804FB002307B50A4687
:10A7500000931946FFF74DFF03B05DF804FB00219D
:10A760000068FFF7ADBF3AB18A4205D3C0E90212D3
:10A77000C0E90000002070476FF01500704701230A
:10A7800002688B4022EA0303036022FA01F000F022
:10A7900001007047704710B5032104460C30FFF7E5
:10A7A000EEFF30B104F1100000F0F4F9B0FA80F0DF
:10A7B000400910BD20B100228C30114600F0B1B923
:10A7C000704770B5C3680446C3F340069B0716D4B0
:10A7D000856802210C30FFF7D2FF80B1D5F88420C4
:10A7E0006AB194421DD122689EB9D5F88830C5F867
:10A7F00084209C4201D1C5F8882000232360E368AF
:10A8000013F01F001EBF43F00203E36040F002009C
:10A8100070BD3260D5F88820944208BFC5F88860C2
:10A82000EBE716461268DBE773B50446EFF31185D4
:10A83000202383F31288BFF36F8F00230193D0E9A5
:10A840000423B3F1004F08BF012A05D085F3118816
:10A85000BFF36F8F02B070BDA0F110060321043862
:10A86000FFF78DFF0028F1D0A369304601A90193BD
:10A87000FBF79EF9EAE738B504460D4610220021A1
:10A8800000F033FA656038BDEFF31183202282F3C4
:10A890001288BFF36F8FC06800F01F0083F3118828
:10A8A000BFF36F8F704713B501900846EFF3118423
:10A8B000202383F31288BFF36F8F01A9FBF778F988
:10A8C00084F31188BFF36F8F02B010BD10B5FFF78E
:10A8D000EAFF041E08DDEFF31180202383F31288C2
:10A8E000BFF36F8FFBF77EFC204610BD70B50D46A1
:10A8F000EFF31186202383F31288BFF36F8FFBF7EA
:10A90000A9F9044686F31188BFF36F8F38B14FF071
:10A91000FF324FF0FF3305F11000FBF75DF82046E2
:10A9200070BD08B5A022002100F0DFF908BD38B5E0
:10A9300030220D460021044600F0D7F94FF4807311
:10A940006560E36038BDFFF79FBF38B50446EFF39D
:10A950001185202383F31288BFF36F8FFFF71BFF4E
:10A960002046FFF72EFF85F31188BFF36F8F38BDA8
:10A97000EFF30580003818BF012070476FF05700D3
:10A980007047D0E9003213605A600023C0E90033F9
:10A99000704708B5FFF7F5FF037C23F0020303744B
:10A9A0000023836008BD38B504460D46FBF70AFB5B
:10A9B000237C43F002032374D5B1A5602B689D422C
:10A9C00009D16B68C4E900531C606C6010E06A68D0
:10A9D0009A42F6D01B68002BF3D093F90E1094F92D
:10A9E0000E209142F3DD5A68C4E9003214605C60C5
:10A9F00038BD10B5EFF31184202383F31288BFF321
:10AA00006F8FFBF79FFA84F31188BFF36F8F10BD30
:10AA100008B5037C014613F0280F0CD183680BB1F5
:10AA2000FFF7B7FF0B7C084623F004030B74BDE867
:10AA30000840FBF787BA08BD10B5EFF31184202357
:10AA400083F31288BFF36F8F1838FFF7E1FF84F3A9
:10AA50001188BFF36F8F10BD0846FBF7EBBA38B50E
:10AA6000054604680020AC4200D138BD002CFCD063
:10AA70002046FFF78EFF04F1180000F08BF8204607
:10AA8000FBF760FA2C680120A542EDE710B5EFF363
:10AA90001184202383F31288BFF36F8FFFF7DFFF4A
:10AAA00084F31188BFF36F8F10BD70B506460D4655
:10AAB000FBF734FCB5F1FF3F08BFB6F1FF3F04469A
:10AAC0000CD047F6112000214FF47A7547F6122278
:10AAD0000023E4FB0501E5F7D3FC70BD4FF0FF3028
:10AAE000FBE738B50446EFF31185202383F3128882
:10AAF000BFF36F8F037C5B070ED5183000F04AF868
:10AB0000237C204623F004032374FBF71BFA28461A
:10AB1000BDE83840FBF78EBA85F31188BFF36F8F1D
:10AB200038BD38B5EFF31185202383F31288BFF3C6
:10AB30006F8F0468A04212D09CB1A1676261204669
:10AB4000FFF727FF04F1180000F024F82046FBF778
:10AB5000F9F9012085F31188BFF36F8F38BD00200C
:10AB6000F8E72046F6E708B50246FBF749FD70B165
:10AB7000D0E904319B1A61EBE272B3F1004F72F13C
:10AB8000000104DA002AACBF1846002008BD6FF0AF
:10AB90000040FBE7024638B5EFF31185202383F32D
:10ABA0001288BFF36F8F0368D3B1FBF729FD04460A
:10ABB0001046FBF737FD00224FF000438442C0E906
:10ABC000042305D0002085F31188BFF36F8F38BDB3
:10ABD000FBF71EFDFFF7C7FF0021F9F739FCF1E78E
:10ABE000D0E90413B3F1004F08BF012904D10020BC
:10ABF0004FF00041C2E904016FF01500E3E708B52A
:10AC0000FBF718FE08BDB3F1FF3F08BFB2F1FF3FED
:10AC100070B506461D46144614D01A4316D0002BB4
:10AC200008DBFBF707FE041941EB0501C6E900410B
:10AC3000304670BD6FF001031C1B4FF0FF3363EB18
:10AC40000501F3E74FF0FF342146EFE70024FBE76F
:10AC5000B3F1FF3F08BFB2F1FF3FF8B50746164614
:10AC60001C4610D054EA020311D0FBF7E3FDB042BA
:10AC70000A46A14103460AD2F31A64EB0204C7E96B
:10AC800000343846F8BD4FF0FF331C46F7E7002389
:10AC9000FBE7043270B504460ED2EFF3118520268F
:10ACA00086F31288BFF36F8F41F00401984785F354
:10ACB0001188BFF36F8F08B9002070BD40F8044BB6
:10ACC000FBE720B1011F50F8040CFFF7F6BB7047FB
:10ACD0000A44431E914200D1704710B511F8014B50
:10ACE000914203F8014FF9D110BD0244034693424B
:10ACF00000D1704703F8011BF9E70139024410B590
:10AD0000904201D1002005E0037811F8014FA342E1
:10AD100001D0181B10BD0130F2E70246014410B506
:10AD20008A42134603D01C780132002CF8D1181A3D
:10AD300010BDF0B5C3F13707044603F01F031046FA
:10AD4000FFB2082BE6B232D0102B3DD06508A40824
:10AD500045EAC17544EA81748A082D1942EB510213
:10AD6000290941EA02716D1842EB1212290A41EADF
:10AD700002616D1842EB1222290C41EA02416D1862
:10AD800042EB1242AD1842F10002EC0844EA427470
:10AD9000D10804EB8402A6EB4205EDB2092D0CD9D3
:10ADA0000134A5F10A0541F10001EDB212E0E40819
:10ADB00006F0070544EA4174C908303554EA010237
:10ADC00000F8015BBDD1F0BD240906F00F0544EA8F
:10ADD00001740909092D84BFED19EDB2EDE70000FA
:08ADE000E456FE7F01000000B3
:10ADE8006920000000000000A143010000000000ED
:10ADF8000000000068AE0100E156010000000000FC
:10AE0800055701000000000000000000A0AE01008E
:10AE18000000000084AE010000000000BCAE01008C
:10AE280000000000D8AE010000000000F4AE0100F0
:10AE38009D3D0100000000002F9F01000000000060
:10AE4800E91D000000000000255A01000000000074
:10AE58000000000010AF01008D220000000000007B
:10AE68009CC90100DCC0010070B801002605002063
:10AE7800A03E00209D3A010000000000ADC901007D
:10AE8800F8C0010040B801002A050020F43E002067
:10AE9800C13F010000000000B9C901000CC1010058
:10AEA80040B801002C050020003F0020C13F0100F0
:10AEB80000000000C4C9010020C1010040B8010021
:10AEC8002E0500200C3F0020C13F010000000000BB
:10AED800A9C901000000000038B8010028050020B9
:10AEE80000000000619D010000000000CFC90100C2
:10AEF80040C101008CB8010030050020183F002037
:10AF0800859E010000000000B4BC010000000000A4
:10AF180064B80100240500204C290020000000002E
:04AF28000000000025
:10AF2C00000000008973010000000000897301001B
:10AF3C00000000008973010000000000897301000B
:10AF4C0000000000897301000000000089730100FB
:10AF5C0000000000897301000000000089730100EB
:10AF6C0000000000897301000000000089730100DB
:10AF7C0000000000897301000000000089730100CB
:10AF8C0000000000897301000000000089730100BB
:10AF9C0000000000897301000000000089730100AB
:10AFAC00000000008973010000000000897301009B
:10AFBC00000000008973010000000000897301008B
:10AFCC00000000008973010000000000897301007B
:10AFDC00000000008973010000000000897301006B
:10AFEC00000000008973010000000000897301005B
:10AFFC00000000008973010000000000897301004B
:10B00C00000000008973010000000000897301003A
:10B01C00000000008D090100000000008973010090
:10B02C00000000008973010000000000897301001A
:10B03C00000000008973010000000000897301000A
:10B04C0000000000897301000000000089730100FA
:10B05C0000000000897301000000000089730100EA
:10B06C0000000000897301000000000089730100DA
:10B07C0000000000897301000000000089730100CA
:10B08C0000000000897301000000000089730100BA
:10B09C0000000000897301000000000089730100AA
:10B0AC00000000008973010000000000897301009A
:10B0BC00000000008973010000000000897301008A
:10B0CC00000000008973010000000000897301007A
:10B0DC00000000008973010000000000897301006A
:10B0EC00000000008973010000000000897301005A
:10B0FC00000000008973010000000000897301004A
:10B10C000000000089730100000000008973010039
:10B11C000000000089730100000000008973010029
:10B12C000000000089730100000000008973010019
:10B13C000000000089730100000000008973010009
:10B14C0000000000897301000000000089730100F9
:10B15C000000000089730100000000007D3901002F
:10B16C0000000000897301000000000089730100D9
:10B17C0000000000897301000000000089730100C9
:10B18C0000000000897301000000000089730100B9
:10B19C0000000000897301000000000089730100A9
:10B1AC000000000089730100000000008973010099
:10B1BC000000000089730100000000008973010089
:10B1CC000000000089730100000000008973010079
:10B1DC000000000089730100000000008973010069
:10B1EC000000000089730100000000008973010059
:10B1FC000000000089730100000000008973010049
:10B20C000000000089730100000000008973010038
:10B21C000000000089730100000000008973010028
:10B22C000000000089730100000000008973010018
:10B23C000000000089730100000000008973010008
:10B24C0000000000897301000000000089730100F8
:10B25C0000000000897301000000000089730100E8
:10B26C0000000000897301000000000089730100D8
:10B27C0000000000897301000000000089730100C8
:10B28C0000000000897301000000000089730100B8
:10B29C0000000000897301000000000089730100A8
:10B2AC000000000089730100000000008973010098
:10B2BC000000000089730100000000008973010088
:10B2CC000000000089730100000000008973010078
:10B2DC000000000089730100000000008973010068
:10B2EC000000000089730100000000008973010058
:10B2FC000000000089730100000000008973010048
:10B30C000000000089730100000000008973010037
:10B31C000000000089730100000000008973010027
:10B32C000000000089730100000000008973010017
:10B33C000000000089730100000000008973010007
:10B34C0000000000897301000000000089730100F7
:10B35C0000000000897301000000000089730100E7
:10B36C0000000000897301000000000089730100D7
:10B37C0000000000897301000000000089730100C7
:10B38C0000000000897301000000000089730100B7
:10B39C0000000000897301000000000089730100A7
:10B3AC000000000089730100000000008973010097
:10B3BC000000000089730100000000008973010087
:10B3CC000000000089730100000000008973010077
:10B3DC000000000089730100000000008973010067
:10B3EC000000000089730100000000008973010057
:10B3FC000000000089730100000000008973010047
:10B40C000000000089730100000000008973010036
:10B41C000000000089730100000000008973010026
:10B42C000000000089730100000000008973010016
:10B43C000000000089730100000000008973010006
:10B44C0000000000897301000000000089730100F6
:10B45C0000000000897301000000000089730100E6
:10B46C0000000000897301000000000089730100D6
:10B47C0000000000897301000000000089730100C6
:10B48C0000000000897301000000000089730100B6
:10B49C0000000000897301000000000089730100A6
:10B4AC000000000089730100000000008973010096
:10B4BC000000000089730100000000008973010086
:10B4CC000000000089730100000000008973010076
:10B4DC000000000089730100000000008973010066
:10B4EC000000000089730100000000008973010056
:10B4FC000000000089730100000000008973010046
:10B50C000000000089730100000000008973010035
:10B51C000000000089730100000000008973010025
:10B52C000000000089730100000000008973010015
:10B53C000000000089730100000000008973010005
:10B54C0000000000897301000000000089730100F5
:10B55C00F4AE0100299E0100000000008973010077
:10B56C0000000000897301000000000089730100D5
:10B57C0000000000897301000000000089730100C5
:10B58C0000000000897301000000000089730100B5
:10B59C0000000000897301000000000089730100A5
:10B5AC000000000089730100000000008973010095
:10B5BC000000000089730100000000008973010085
:10B5CC000000000089730100000000008973010075
:10B5DC000000000089730100000000008973010065
:10B5EC000000000089730100000000008973010055
:10B5FC00000000008973010088020020019E0100F8
:10B60C000000000089730100000000008973010034
:10B61C000000000089730100000000008973010024
:10B62C000000000089730100000000008973010014
:10B63C000000000089730100000000006109010096
:10B64C00DD530100439F01000000000089730100DD
:10B65C0000000000897301000000000089730100E4
:10B66C0000000000897301000000000089730100D4
:10B67C0000000000897301000000000089730100C4
:10B68C0000000000897301000000000089730100B4
:10B69C0000000000897301000000000089730100A4
:10B6AC000000000089730100000000008973010094
:10B6BC000000000089730100000000008973010084
:10B6CC000000000089730100000000008973010074
:10B6DC000000000089730100000000008973010064
:10B6EC000000000089730100000000008973010054
:10B6FC000000000089730100000000008973010044
:10B70C000000000089730100000000008973010033
:10B71C000000000089730100000000008973010023
:10B72C000000000089730100000000008973010013
:10B73C000000000089730100000000008973010003
:10B74C000000000089730100D79F0100439F010096
:10B75C0000000000897301000000000089730100E3
:10B76C0000000000897301000000000089730100D3
:10B77C0000000000897301000000000089730100C3
:10B78C00000000008973010010020020019E0100DE
:08B79C000000000089730100A8
:10B7A80048070020B844002000080000D10E00001F
:10B7B8000000000000000000000000000800000079
:10B7C800000000000EC4010000000000000000009E
:10B7D800C8070020B84C002000080000650D0000D4
:10B7E800000000000000000000000000070000004A
:10B7F8000000000017C40100000000000000000065
:10B80800C8060020B840002000040000450C0000D5
:10B818000000000000000000000000000700000019
:10B828000000000003C40100000000000000000048
:08B83800539D0100299D010050
:10B84000ED3D0100659D0100719D0100859D010098
:10B850008F9D0100999D010009400100AD9D0100EF
:04B8600000000000E4
:0CB86400A5900000C58E0000418E000081
:10B87000F53A0100959C0100FB9C010000000000CE
:0CB88000339C01000000000000000000EC
:0CB88C00419E0100A1420100339E01001A
:10B8980005000000B148000006000000C169000072
:08B8A800040000002D55000012
:10B8B000DD0A0000010A0000000000000000000096
:10B8C000000000008D0900000000000000000000E2
:10B8D00020BC01000400000048B901000500000080
:10B8E000FB0090420600060000009001280028009E
:10B8F00000009001000000006000600000000000F7
:10B9000000000000000103FF04FF020000A010502F
:10B9100000820D50000405500001000812000000D4
:10B920000000000000000000000000000000000017
:10B930000338FDD870470000000000000000000040
:10B940000338FDD870470000F0C101005D9201008E
:10B9500000000000ECC1010000000100E8C101008E
:10B960000193010000000000F80100200000010028
:10B97000E0C101003773010000000000000000007A
:10B9800000000100DCC10100019301000000000083
:10B99000F001002000000100D4C101000373010088
:10B9A0000000000000000000000001000000002076
:10B9B000000000000600010002000000C0B9010004
:10B9C0000000000058C8010006000000E0CF17008A
:10B9D0000000002060C8010021000000E0FF0320FB
:10B9E000751E00000000000033740100E0B9010082
:10B9F000FCB9010000010000000000007499002063
:10BA0000E0B9010010BA01002E00000000000000A3
:10BA100050AC0020E0B9010024BA0100020100008E
:10BA20000000000024AD00200E030000FD2F0000E8
:10BA30000F040000F93000001A0100009F77010098
:10BA4000050400003922000013010000657901009F
:10BA50003E010000E523000001120000FD79010015
:10BA60000A1E0000FF790100FF010000BD22000056
:10BA70003E010000DD22000005040000D377010034
:10BA80001001000031780100020100006937000058
:10BA900001120000FD2A00000A1E00003D7B01008B
:10BAA0000309000071780100040B0000EB7801002D
:10BAB000060A0000497C0100070A000039780100ED
:10BAC0000C050000057A0100E0B90100D8BA0100B8
:10BAD000470000000000000040AE0020E0B9010077
:10BAE000ECBA0100000000000000000060AF002080
:10BAF000E0B9010000BB01000001000000000000EF
:10BB0000B0AF00207F800100D18001000000000064
:10BB1000000000000000000043820100000000005F
:10BB20000000000000000000000000000202010010
:10BB30007587010004040100414D00000606010064
:10BB40009D4F0000080401005D5000000A02010042
:10BB50005D8701000C040100458701000E0401000F
:10BB60003D4E000020040100D14E000010040100F1
:10BB70007151000012020100078801001E0004003C
:10BB8000198D0100520200002D88010001040200FD
:10BB9000B958000003020200AF8C01000501020049
:10BBA000E18C010007040200F18C01000901020090
:10BBB000F58C01000B000200F98C01000D00020061
:10BBC000FD8C01000F000200018D01002102020026
:10BBD000058D010011010200098D01001300020012
:10BBE0000D8D010017040200118D010019000200E3
:10BBF000158D01001B0203008B8401001D0205004E
:10BC0000C78401002304030079840100E0B9010026
:10BC10001CBC0100020100000000000040BB00202D
:10BC200008C201005D9201000000000004C2010092
:10BC30000000010000C201000193010000000000AB
:10BC40007803002000000100F8C10100000000009E
:10BC5000000000000000000000000000F4C101002E
:10BC60008D9201003D5C0000800300200000030075
:10BC700000000000000000000000000000000000C4
:10BC800000000000E19B0100000000000000000037
:10BC9000000000000000000042542043544C522099
:10BCA000525820707269000042542043544C522074
:10BCB0005258000062745F6863695F636F6E7472EC
:10BCC0006F6C6C65720000005A6570687972204F65
:10BCD000532076342E342E31000000005745535443
:10BCE0005F544F504449522F7A65706879722F73B0
:10BCF00075627379732F626C7565746F6F74682FDA
:10BD0000636F6E74726F6C6C65722F6C6C5F73779F
:10BD10002F756C6C5F7363616E2E630065727220A9
:10BD20003D3D2030207C7C20657272203D3D202DE1
:10BD300031323000415353455254494F4E20464111
:10BD4000494C205B25735D20402025733A25640A09
:10BD50000000000009706172616D313A2025752084
:10BD6000706172616D323A2025750A00574553544F
:10BD70005F544F504449522F7A65706879722F731F
:10BD800075627379732F626C7565746F6F74682F49
:10BD9000636F6E74726F6C6C65722F6C6C5F73770F
:10BDA0002F756C6C5F636F6E6E2E63005132434F64
:10BDB0004E4E2041413D25303278253032782530B5
:10BDC00032782530327820435243494E49543D253C
:10BDD000303278253032782530327820686F703DE7
:10BDE0002575206368616E5F636F756E743D2575A0
:10BDF000206D61703D253032782530327825303223
:10BE00007825303278253032780A0000574553546F
:10BE10005F544F504449522F7A65706879722F737E
:10BE200075627379732F626C7565746F6F74682FA8
:10BE3000636F6E74726F6C6C65722F6C6C5F73776E
:10BE40002F6E6F726469632F6C6C6C2F6C6C6C5FFF
:10BE50007363616E2E630000300000000925733AA1
:10BE60002041637475616C204556454E545F4F56B2
:10BE70004552484541445F53544152545F55532005
:10BE80003D2025750A000000574553545F544F501C
:10BE90004449522F7A65706879722F73756273798D
:10BEA000732F626C7565746F6F74682F636F6E7437
:10BEB000726F6C6C65722F6C6C5F73772F6E6F7224
:10BEC0006469632F6C6C6C2F6C6C6C5F63656E7453
:10BED00072616C2E63000000020000000000000090
:10BEE0000000000000000000000001030303030342
:10BEF000030000000000000000000000CDCC0000A6
:10BF000000000000DDCC0000EDCC000000000000CF
:10BF100095CD000000000000FDCC000000000000F6
:10BF2000C5CD00000DCD0000A5CD0000F5CD000071
:10BF30001DCD000035CE00002DCD0000D5CD000078
:10BF4000E5CD000005CE000015CE000045CE000076
:10BF500055CE00004DCD000065CE00000000000071
:10BF6000000000000000000000000000B5CD00004F
:10BF700000000000000000000000000000000000C1
:10BF800000000000000000000000000000000000B1
:10BF900000000000000000000000000000000000A1
:10BFA0000000000000000000000000000000000091
:10BFB0000000000000000000000000000000000081
:10BFC0000000000000000000000000000000000071
:10BFD0000000000000000000000000000000000061
:10BFE0003DCD000025CE0000000000000A03000047
:10BFF000000000000000000002020000000000003D
:10C000000403000002010903000000000103000016
:10C010000C03000007030000000003010000000003
:10C020000000000000000000000000000000000010
:10C030000000000000000000000000000000000000
:10C0400000000000000000000000000000000000F0
:10C0500000000000000000000000000000001203CB
:10C0600012030000636F6D6D6F6E5F7072657061BB
:10C0700072655F6362000000707265706172655F77
:10C0800063620000070000000800000009000000D3
:10C090000A0000000B0000000D0000000F0000006F
:10C0A000110000001300000015000000180000003F
:10C0B0001B0000001F0000002300000028000000FB
:10C0C0002D000000330000003900000001030405CA
:10C0D000593A0100293A010000000000A53B010087
:10C0E000253B0100259D0100219D010000A010506D
:10C0F00000820D50000405507F00000000A0105089
:10C10000100200200000000000000000FFFF0100FE
:10C1100000820D5088020020000000000100000095
:10C12000FF070000000405500000000000000000B0
:10C130000200000000A0105000820D5000040550C5
:10C1400000600C5000000000000000006CC1010005
:10C1500000C201000000D601000000000000004005
:10C1600000000000B3400020B240002000600C50EE
:10C1700078C101000100000080C10100040000003E
:10C180002400000026000002250600012706000307
:10C190000001000000A0105000820D500004055066
:10C1A0000800000002000000040000000100000080
:10C1B000E8AD0100F8AD010040AE010048AE01005D
:10C1C00068AE010068AE0100DFC901000001000097
:10C1D000000000000000012A0000012A00000328DE
:10C1E0000000002A0000002A0000032800000018B8
:10C1F00000000028000002290000052A0000052A8E
:10C2000000000328000001180000002842554C4B94
:10C2100020636861722068616E646C653D257520DD
:10C22000E280942062756C6B207374617274730A7F
:10C2300000534146455459207375627363726962B5
:10C2400065642C2070696E672076683D257520E254
:10C2500080942070696E67732073746172740A0031
:10C260007375627363726962652072633D25640A47
:10C27000007363616E2072633D25640A007361661A
:10C280006574790062756C6B004741502064697376
:10C29000636F6E6E65637465642030782530327824
:10C2A00020282573290A0053414645545900425518
:10C2B0004C4B00636F6E6E656374206661696C65DC
:10C2C000642030782530327820282573290A0047E9
:10C2D000415020636F6E6E65637465643A20257308
:10C2E00020696E74657276616C3D25750A00736114
:10C2F000666574792D706565720062756C6B2D7062
:10C3000065657200743D2575732053414645545947
:10C3100020525454206D65616E3D2575206D696E07
:10C320003D2575206D61783D2575206E3D25752074
:10C33000746F3D2575207C20746F745F6E3D25758C
:10C3400020746F745F746F3D2575206D617865761C
:10C3500065723D2575203E326D733D2575203E3555
:10C360006D733D2575203E31356D733D2575203E3D
:10C3700032306D733D2575203E33306D733D25752C
:10C38000207C2042554C4B207772697465733D25A3
:10C3900075282B25752F73207E25754B422F732909
:10C3A000207365716261643D257520613D256420BF
:10C3B000623D25640A0062745F656E61626C65208F
:10C3C00025640A000A3D3D3D206E524635344C310D
:10C3D000352053455041524154452D434F4E4E4513
:10C3E0004354494F4E2063656E7472616C2028730C
:10C3F0006166657479202B2062756C6B29203D3D48
:10C400003D0A007265706F72745F746964006275D2
:10C410006C6B5F7469640070696E675F7469640057
:10C4200072302F61313A2020307825303878202042
:10C4300072312F61323A2020307825303878202030
:10C4400072322F61333A20203078253038780A0054
:10C4500072332F61343A20203078253038782072BA
:10C4600031322F69703A20203078253038782072A8
:10C4700031342F6C723A20203078253038780A0019
:10C4800020787073723A20203078253038780A008E
:10C490004661756C74696E6720696E73747275633A
:10C4A00074696F6E206164647265737320287231E1
:10C4B000352F7063293A203078253038780A0055B6
:10C4C0006E68616E646C6564204952516E3A202535
:10C4D000640A002A2A2A2A2A205553414745204621
:10C4E00041554C54202A2A2A2A2A0A00202044692D
:10C4F000766973696F6E206279207A65726F0A00BF
:10C500002020556E616C69676E6564206D656D6F86
:10C510007279206163636573730A0020205374612C
:10C52000636B206F766572666C6F772028636F6E21
:10C53000746578742061726561206E6F7420766115
:10C540006C6964290A0020204E6F20636F70726F3F
:10C55000636573736F7220696E7374727563746947
:10C560006F6E730A002020496C6C6567616C206CEB
:10C570006F6164206F66204558435F5245545552A1
:10C580004E20696E746F2050430A002020496C6C65
:10C590006567616C20757365206F6620746865201F
:10C5A000455053520A002020417474656D70742008
:10C5B000746F206578656375746520756E64656653
:10C5C000696E656420696E737472756374696F6EE9
:10C5D0000A002A2A2A2A2A20425553204641554C2D
:10C5E00054202A2A2A2A2A0A002020537461636BC5
:10C5F000696E67206572726F720A002020556E7333
:10C600007461636B696E67206572726F720A0020D5
:10C61000205072656369736520646174612062757E
:10C6200073206572726F720A0020204246415220C8
:10C63000416464726573733A20307825780A00206B
:10C6400020496D707265636973652064617461204F
:10C65000627573206572726F720A002020496E73D2
:10C660007472756374696F6E20627573206572727F
:10C670006F720A002020466C6F6174696E672D70BE
:10C680006F696E74206C617A7920737461746520AF
:10C69000707265736572766174696F6E206572720F
:10C6A0006F720A002A2A2A2A2A204D505520464114
:10C6B000554C54202A2A2A2A2A0A00202053746121
:10C6C000636B696E67206572726F722028636F6E8C
:10C6D000746578742061726561206D696768742083
:10C6E0006265206E6F742076616C6964290A00208F
:10C6F0002044617461204163636573732056696FE0
:10C700006C6174696F6E0A0020204D4D46415220C5
:10C71000416464726573733A20307825780A00208A
:10C7200020496E737472756374696F6E2041636320
:10C730006573732056696F6C6174696F6E0A00527D
:10C740006573657276656420457863657074696F9A
:10C750006E20280053707572696F757320696E744E
:10C7600065727275707420284952512000535053DD
:10C77000454C20696E20746872656164206D6F6439
:10C780006520646F6573206E6F7420696E646963E1
:10C79000617465205053500A002A2A2A2A2A204808
:10C7A000415244204641554C54202A2A2A2A2A0A1A
:10C7B000002020427573206661756C74206F6E20B6
:10C7C000766563746F72207461626C652072656156
:10C7D000640A0020204465627567206576656E7482
:10C7E0000A0020204661756C7420657363616C617A
:10C7F00074696F6E20287365652062656C6F772998
:10C800000A00415243485F455843455054207769D8
:10C81000746820726561736F6E2025780A0A002A99
:10C820002A2A2A2A204465627567206D6F6E697412
:10C830006F7220657863657074696F6E202A2A2A8A
:10C840002A2A0A002A2A2A2A2A202573202564292E
:10C85000202A2A2A2A2A0A00464C4153485F3000DF
:10C860005352414D5F3000574553545F544F50442D
:10C8700049522F7A65706879722F73756273797374
:10C880002F626C7565746F6F74682F686F73742F87
:10C890006863695F636F72652E630062745F6863CB
:10C8A000695F6576745F6765745F666C616773283E
:10C8B0006864722D3E657674292026202831554CF7
:10C8C000203C3C20283129290041535345525449EA
:10C8D0004F4E204641494C205B25735D204020256A
:10C8E000733A25640A006576745F666C616773202D
:10C8F00026202831554C203C3C2028302929007323
:10C9000065702D63656E7472616C00657272203D96
:10C910003D20300009436F6E74726F6C6C6572203D
:10C92000756E726573706F6E736976652C20636FB8
:10C930006D6D616E64206F70636F64652030782563
:10C940003034782074696D656F7574207769746808
:10C95000206572722025640A0042542052582057E4
:10C96000510062756600574553545F544F50444917
:10C97000522F7A65706879722F7375627379732F8D
:10C98000626C7565746F6F74682F686F73742F684D
:10C9900063695F636F6D6D6F6E2E6300636C6F63B1
:10C9A0006B4031306530303000726E6700677069FF
:10C9B0006F40313061303030006770696F406438EB
:10C9C000323030006770696F403530343030007578
:10C9D000617274406336303030006D61696E00738F
:10C9E0007973776F726B71002A2A2A20426F6F74F5
:10C9F000696E67205A6570687972204F532062759E
:10CA0000696C642076342E342E312D31342D673903
:10CA10003939396530343034343630202A2A2A0AFC
:10CA200000286E756C6C29002A666C6F61742A0090
:10CA300002FB349B5F80000080001034121300342E
:10CA40001202FB349B5F8000008000103412110042
:10CA5000341200000000000000FFFFFFFFFFFF0096
:10CA60000000000000000000000000100080000036
:10CA7000805F9B34FB010400020000000200000004
:10CA800000000000050000000000000000000000A1
:10CA90000000000005010204030502000A01010173
:10CAA0000101020300010405020608090F0007182E
:10CAB00023232323232323232323232323000102AC
:10CAC0000000000000000000000000000000000066
:10CAD0000000000000000000000000000000000056
:10CAE0000000000000000000000000000000000046
:10CAF0000000000000000000000000000000000036
:10CB00000000000000000000000000000000000025
:10CB10000000000000000000000000000000000015
:10CB20000000000000000000000000000000000005
:10CB300000000000000000000000000000000000F5
:10CB400000000000000000000000000000000000E5
:10CB500000000000000000000000000000000000D5
:10CB600000000000000000000000000000000000C5
:10CB700000000000000000000000000000000000B5
:10CB80000000000000000000352F00000000000041
:10CB90000000000000000000000000000000000095
:10CBA0000000000000000000000000000000000085
:10CBB0000000000000000000000000000000000075
:10CBC0000000000000000000000000000000000065
:10CBD0000000000000000000000000000000000055
:10CBE0000000000000000000000000000000000045
:10CBF0000000000000000000000000000000000035
:10CC00000000000010AF01001F0000000000000045
:10CC1000FFFFFFFFFF1F0000000000006700000093
:10CC20000000000000000000000000000000000004
:10CC300000000000000000000000000000000000F4
:10CC400000000000000000000000000000000000E4
:10CC500000000000000000000000000000000000D4
:10CC600000000000000000000000000000000000C4
:10CC700000000000000000000000000000000000B4
:10CC800000000000000000000000000000000000A4
:10CC90000000000000000000000000000000000094
:10CCA0000000000000000000FFFFFFFF7F70010098
:10CCB000D8C1010000000200E4C101000000020030
:10CCC00000000000297401000000000000000000C6
:10CCD00000C0105000000000000000000000000034
:10CCE0000000000000000000000000000000000044
:10CCF0000000000000000000000000000000000034
:10CD00000000000000000000000000000000000023
:10CD10000000000000000000000000000000000013
:10CD20000000000000000000000000000000000003
:10CD300000000000000000000000000000000000F3
:10CD4000000000000001000000A00D5000000000E5
:10CD500000000000000000000000000000000000D3
:10CD600000000000000000000000000000000000C3
:10CD700000000000000000000000000000000000B3
:10CD800000000000000000000000000000000000A3
:10CD90000000000000000000000000000000000093
:10CDA0000000000000000000000000000000000083
:10CDB0000000000000000000000000000000000073
:10CDC00000000000393000000000000000000000FA
:10CDD00000000000FD220000000000000000000034
:10CDE00000000000D93E000000000000000000002C
:10CDF00000000000613B0000000000000000000097
:10CE0000654F0000F957000000000000000000001E
:10CE10000000000021530000838B01000D8C0100F5
:10CE2000994C00000000000000000000F1550000D7
:10CE30000000000000000000FCC101000000200014
:10CE400000000000000000000000000000000000E2
:10CE50000000000000000000000000000792010038
:10CE600000000000000000001C190020000000006D
:10CE7000F98D0000000000002419002000000000CF
:10CE80000D830000000000002C19002000000000AD
:10CE9000110E010000000000341900200000000005
:10CEA0003180000000000000FC290020000000008C
:10CEB0002918010000000000042A002000000000E2
:10CEC000E5A60000000000000C2A00200000000081
:10CED000110E010000000000142A002000000000D4
:10CEE000A9A80000000000001C2A0020000000008B
:10CEF000DDB3000000000000E43500200000000069
:10CF0000843600200000000064380020000000008B
:10CF1000C439002000000000952801000000000036
:10CF2000D439002000000000450B01000000000083
:10CF3000F439002000000000110E01000000000084
:10CF4000FC39002000000000110E0100000000006C
:10CF5000043A002000000000D90601000000000093
:10CF6000843E002000000000E57400000000000086
:10CF70007C3E002000000000E5740000000000007E
:10CF8000743E0020000000006172000000000000FC
:10CF90006C3E002000000000E5740000000000006E
:10CFA000643E0020000000006172000000000000EC
:10CFB0005C3E002000000000E574000055430100C5
:10CFC00000000000FF0000000090D003FF00000000
:10CFD0000F00000071020000180500201805002055
:01CFE000FF51
:10CFE1000000000000000000000000000000000040
:03CFF1000000003D
:10CFF4003405002034050020E4C6002000000000B1
:10D004000200000024000000000000005005002081
:10D0140050050020685D00200000000002000000B0
:10D02400A0000000000000006C0500206C0500203A
:10D034002CC70020000000000A00000010000000BF
:04D0440000000000E8
:10D0480000000000287900204C20000000000000AB
:04D0580000000000D4
:10D05C009C0500209C05002000000000FFFFFFFF46
:10D06C00AC050020AC050020000000000100000011
:10D07C000000000000000000C4050020C4050020D2
:10D08C000000000000000000D4050020D4050020A2
:10D09C000A000A001000000000000000F0BA0100B5
:10D0AC00B0B900200000000000000000F8050020CE
:10D0BC00F80500200A000A0010000000F14C0000E6
:10D0CC000CBC010054C50020000000000000000052
:10D0DC001C0600201C0600200300030000000000BA
:10D0EC000000000000BA0100DCAC002000000000D1
:10D0FC000000000040060020400600200200020054
:10D10C00100000008D3A0000DCBA010060AF002076
:10D11C0000000000000000006406002064060020EF
:10D12C00030003000000000000000000C8BA01006A
:10D13C0018AF00200000000000000000880600204E
:10D14C008806002011001100040000009D21000041
:10D15C00ECB9010074AA00200000000000000000DF
:10D16C00AC060020AC06002001000100000000000D
:0CD17C000000000014BA010028AE0020E2
:04D1880015E015E0B9
:04000003000016D90A
:00000001FF
