   1.894  *** Booting Zephyr OS build v4.4.2-16-gfee9fbc62095 ***
   1.894  [00:39:59.605,686] [0m<inf> bt_hci_core: HW Platform: Nordic Semiconductor (0x0002)[0m
   1.949  [00:39:59.605,698] [0m<inf> bt_hci_core: HW Variant: nRF54Lx (0x0005)[0m
   1.949  [00:39:59.605,710] [0m<inf> bt_hci_core: Firmware: Standard Bluetooth controller (0x00) Version 4.4 Build 2[0m
   1.949  [00:39:59.606,054] [0m<inf> bt_hci_core: HCI transport: Controller[0m
   1.949  [00:39:59.606,101] [0m<inf> bt_hci_core: Identity: FC:BE:FF:FA:E6:8B (random)[0m
   1.949  [00:39:59.606,117] [0m<inf> bt_hci_core: HCI: version 5.4 (0x0d) revision 0x0000, manufacturer 0x05f1[0m
   1.949  [00:39:59.606,131] [0m<inf> bt_hci_core: LMP: version 5.4 (0x0d) subver 0xffff[0m
   1.949  
   1.949  === nRF54L15 RTT ping-pong CENTRAL ===
   1.949  scan rc=0
   3.911  t=1s RTT mean=0 min=0 max=0 n=0 to=0 | cancels=0(+0/s) seqbad=0 len_bad=0 disc=0(0x00) | tot_n=0 tot_to=0 maxever=0 >2ms=0 >5ms=0 >15ms=0 >20ms=0 >30ms=0 | probes=0 wrfail=0 down=1s maxout=1s
   3.911  t=2s RTT mean=0 min=0 max=0 n=0 to=0 | cancels=0(+0/s) seqbad=0 len_bad=0 disc=0(0x00) | tot_n=0 tot_to=0 maxever=0 >2ms=0 >5ms=0 >15ms=0 >20ms=0 >30ms=0 | probes=0 wrfail=0 down=2s maxout=2s
   5.906  t=3s RTT mean=0 min=0 max=0 n=0 to=0 | cancels=0(+0/s) seqbad=0 len_bad=0 disc=0(0x00) | tot_n=0 tot_to=0 maxever=0 >2ms=0 >5ms=0 >15ms=0 >20ms=0 >30ms=0 | probes=0 wrfail=0 down=3s maxout=3s
   5.906  Q2CONN AA=6368fced CRCINIT=2b8005 hop=7 chan_count=37 map=ffffffff1f
   5.906  GAP connected interval=7500
   5.906  MTU err=0 mtu=247
   5.960  t=4s RTT mean=0 min=0 max=0 n=0 to=0 | cancels=0(+0/s) seqbad=0 len_bad=0 disc=0(0x00) | tot_n=0 tot_to=0 maxever=0 >2ms=0 >5ms=0 >15ms=0 >20ms=0 >30ms=0 | probes=0 wrfail=0 down=4s maxout=4s
   5.960  PHY tx=2 rx=2
   7.430  discovery start (post-PHY +500ms) interval=7500 phy2m=1
   7.430  SUBSCRIBED, vh=14
   7.430  LOADRAMP: bulk char handle=17
   7.430  LOADRAMP: target=0 KBps for 60s
   7.490  t=5s RTT mean=11838 min=9960 max=11924 n=26 to=0 | cancels=0(+0/s) seqbad=0 len_bad=0 disc=0(0x00) | tot_n=26 tot_to=0 maxever=11924 >2ms=26 >5ms=26 >15ms=0 >20ms=0 >30ms=0 | probes=27 wrfail=0 down=4s maxout=4s
   8.908  t=6s RTT mean=12028 min=11911 max=19412 n=66 to=0 | cancels=0(+0/s) seqbad=0 len_bad=0 disc=0(0x00) | tot_n=92 tot_to=0 maxever=19412 >2ms=92 >5ms=92 >15ms=1 >20ms=0 >30ms=0 | probes=93 wrfail=0 down=4s maxout=4s
   8.968  t=7s RTT mean=11914 min=11911 max=11922 n=67 to=0 | cancels=0(+0/s) seqbad=0 len_bad=0 disc=0(0x00) | tot_n=159 tot_to=0 maxever=19412 >2ms=159 >5ms=159 >15ms=1 >20ms=0 >30ms=0 | probes=160 wrfail=0 down=4s maxout=4s
  10.490  FSU: request [52..52] us (ACL both dirs, 1M+2M) rc=0
  10.490  FSU: updated status=0x00 spacing=52 us phys=0x3 types=0x3 initiator=0
  10.490  t=8s RTT mean=11913 min=11599 max=12128 n=67 to=0 | cancels=0(+0/s) seqbad=0 len_bad=0 disc=0(0x00) | tot_n=226 tot_to=0 maxever=19412 >2ms=226 >5ms=226 >15ms=1 >20ms=0 >30ms=0 | probes=226 wrfail=0 down=4s maxout=4s
  11.956  t=9s RTT mean=11914 min=11911 max=11933 n=66 to=0 | cancels=0(+0/s) seqbad=0 len_bad=0 disc=0(0x00) | tot_n=292 tot_to=0 maxever=19412 >2ms=292 >5ms=292 >15ms=1 >20ms=0 >30ms=0 | probes=293 wrfail=0 down=4s maxout=4s
  11.956  t=10s RTT mean=11914 min=11900 max=11932 n=67 to=0 | cancels=0(+0/s) seqbad=0 len_bad=0 disc=0(0x00) | tot_n=359 tot_to=0 maxever=19412 >2ms=359 >5ms=359 >15ms=1 >20ms=0 >30ms=0 | probes=360 wrfail=0 down=4s maxout=4s
  13.922  t=11s RTT mean=11914 min=11910 max=11932 n=67 to=0 | cancels=0(+0/s) seqbad=0 len_bad=0 disc=0(0x00) | tot_n=426 tot_to=0 maxever=19412 >2ms=426 >5ms=426 >15ms=1 >20ms=0 >30ms=0 | probes=426 wrfail=0 down=4s maxout=4s
  13.922  t=12s RTT mean=11914 min=11911 max=11923 n=66 to=0 | cancels=0(+0/s) seqbad=0 len_bad=0 disc=0(0x00) | tot_n=492 tot_to=0 maxever=19412 >2ms=492 >5ms=492 >15ms=1 >20ms=0 >30ms=0 | probes=493 wrfail=0 down=4s maxout=4s
  15.936  t=13s RTT mean=12260 min=11911 max=34416 n=65 to=0 | cancels=0(+0/s) seqbad=0 len_bad=0 disc=0(0x00) | tot_n=557 tot_to=0 maxever=34416 >2ms=557 >5ms=557 >15ms=2 >20ms=1 >30ms=1 | probes=558 wrfail=0 down=4s maxout=4s
  15.936  t=14s RTT mean=11914 min=11911 max=11922 n=67 to=0 | cancels=0(+0/s) seqbad=0 len_bad=0 disc=0(0x00) | tot_n=624 tot_to=0 maxever=34416 >2ms=624 >5ms=624 >15ms=2 >20ms=1 >30ms=1 | probes=625 wrfail=0 down=4s maxout=4s
  17.946  t=15s RTT mean=11914 min=11911 max=11923 n=67 to=0 | cancels=0(+0/s) seqbad=0 len_bad=0 disc=0(0x00) | tot_n=691 tot_to=0 maxever=34416 >2ms=691 >5ms=691 >15ms=2 >20ms=1 >30ms=1 | probes=692 wrfail=0 down=4s maxout=4s
  17.946  t=16s RTT mean=11914 min=11911 max=11923 n=66 to=0 | cancels=0(+0/s) seqbad=0 len_bad=0 disc=0(0x00) | tot_n=757 tot_to=0 maxever=34416 >2ms=757 >5ms=757 >15ms=2 >20ms=1 >30ms=1 | probes=758 wrfail=0 down=4s maxout=4s
  19.922  t=17s RTT mean=12255 min=11911 max=26913 n=66 to=0 | cancels=0(+0/s) seqbad=0 len_bad=0 disc=0(0x00) | tot_n=823 tot_to=0 maxever=34416 >2ms=823 >5ms=823 >15ms=4 >20ms=2 >30ms=1 | probes=823 wrfail=0 down=4s maxout=4s
  19.922  t=18s RTT mean=11914 min=11905 max=11922 n=66 to=0 | cancels=0(+0/s) seqbad=0 len_bad=0 disc=0(0x00) | tot_n=889 tot_to=0 maxever=34416 >2ms=889 >5ms=889 >15ms=4 >20ms=2 >30ms=1 | probes=890 wrfail=0 down=4s maxout=4s
  21.946  t=19s RTT mean=11914 min=11911 max=11932 n=67 to=0 | cancels=0(+0/s) seqbad=0 len_bad=0 disc=0(0x00) | tot_n=956 tot_to=0 maxever=34416 >2ms=956 >5ms=956 >15ms=4 >20ms=2 >30ms=1 | probes=957 wrfail=0 down=4s maxout=4s
  21.946  t=20s RTT mean=12617 min=11911 max=34413 n=64 to=0 | cancels=0(+0/s) seqbad=0 len_bad=0 disc=0(0x00) | tot_n=1020 tot_to=0 maxever=34416 >2ms=1020 >5ms=1020 >15ms=8 >20ms=3 >30ms=2 | probes=1020 wrfail=0 down=4s maxout=4s
  23.924  t=21s RTT mean=11914 min=11911 max=11932 n=66 to=0 | cancels=0(+0/s) seqbad=0 len_bad=0 disc=0(0x00) | tot_n=1086 tot_to=0 maxever=34416 >2ms=1086 >5ms=1086 >15ms=8 >20ms=3 >30ms=2 | probes=1087 wrfail=0 down=4s maxout=4s
  23.924  t=22s RTT mean=11914 min=11898 max=11933 n=67 to=0 | cancels=0(+0/s) seqbad=0 len_bad=0 disc=0(0x00) | tot_n=1153 tot_to=0 maxever=34416 >2ms=1153 >5ms=1153 >15ms=8 >20ms=3 >30ms=2 | probes=1154 wrfail=0 down=4s maxout=4s
  25.941  t=23s RTT mean=11914 min=11911 max=11923 n=67 to=0 | cancels=0(+0/s) seqbad=0 len_bad=0 disc=0(0x00) | tot_n=1220 tot_to=0 maxever=34416 >2ms=1220 >5ms=1220 >15ms=8 >20ms=3 >30ms=2 | probes=1220 wrfail=0 down=4s maxout=4s
  25.941  t=24s RTT mean=12026 min=11806 max=19422 n=66 to=0 | cancels=0(+0/s) seqbad=0 len_bad=0 disc=0(0x00) | tot_n=1286 tot_to=0 maxever=34416 >2ms=1286 >5ms=1286 >15ms=9 >20ms=3 >30ms=2 | probes=1287 wrfail=0 down=4s maxout=4s
  27.947  t=25s RTT mean=11914 min=11909 max=11932 n=67 to=0 | cancels=0(+0/s) seqbad=0 len_bad=0 disc=0(0x00) | tot_n=1353 tot_to=0 maxever=34416 >2ms=1353 >5ms=1353 >15ms=9 >20ms=3 >30ms=2 | probes=1353 wrfail=0 down=4s maxout=4s
  27.947  t=26s RTT mean=12271 min=11911 max=19419 n=63 to=0 | cancels=0(+0/s) seqbad=0 len_bad=0 disc=0(0x00) | tot_n=1416 tot_to=0 maxever=34416 >2ms=1416 >5ms=1416 >15ms=12 >20ms=3 >30ms=2 | probes=1417 wrfail=0 down=4s maxout=4s
  29.945  t=27s RTT mean=12482 min=11911 max=34405 n=66 to=0 | cancels=0(+0/s) seqbad=0 len_bad=0 disc=0(0x00) | tot_n=1482 tot_to=0 maxever=34416 >2ms=1482 >5ms=1482 >15ms=15 >20ms=4 >30ms=3 | probes=1483 wrfail=0 down=4s maxout=4s
  29.945  t=28s RTT mean=12141 min=11911 max=26917 n=66 to=0 | cancels=0(+0/s) seqbad=0 len_bad=0 disc=0(0x00) | tot_n=1548 tot_to=0 maxever=34416 >2ms=1548 >5ms=1548 >15ms=16 >20ms=5 >30ms=3 | probes=1548 wrfail=0 down=4s maxout=4s
  31.925  t=29s RTT mean=12383 min=11911 max=26913 n=64 to=0 | cancels=0(+0/s) seqbad=0 len_bad=0 disc=0(0x00) | tot_n=1612 tot_to=0 maxever=34416 >2ms=1612 >5ms=1612 >15ms=19 >20ms=6 >30ms=3 | probes=1613 wrfail=0 down=4s maxout=4s
  31.925  t=30s RTT mean=11915 min=11911 max=11947 n=67 to=0 | cancels=0(+0/s) seqbad=0 len_bad=0 disc=0(0x00) | tot_n=1679 tot_to=0 maxever=34416 >2ms=1679 >5ms=1679 >15ms=19 >20ms=6 >30ms=3 | probes=1680 wrfail=0 down=4s maxout=4s
  33.908  t=31s RTT mean=11915 min=11910 max=11948 n=67 to=0 | cancels=0(+0/s) seqbad=0 len_bad=0 disc=0(0x00) | tot_n=1746 tot_to=0 maxever=34416 >2ms=1746 >5ms=1746 >15ms=19 >20ms=6 >30ms=3 | probes=1746 wrfail=0 down=4s maxout=4s
  33.968  t=32s RTT mean=12145 min=11911 max=19421 n=65 to=0 | cancels=0(+0/s) seqbad=0 len_bad=0 disc=0(0x00) | tot_n=1811 tot_to=0 maxever=34416 >2ms=1811 >5ms=1811 >15ms=21 >20ms=6 >30ms=3 | probes=1812 wrfail=0 down=4s maxout=4s
  35.912  t=33s RTT mean=11915 min=11911 max=11948 n=67 to=0 | cancels=0(+0/s) seqbad=0 len_bad=0 disc=0(0x00) | tot_n=1878 tot_to=0 maxever=34416 >2ms=1878 >5ms=1878 >15ms=21 >20ms=6 >30ms=3 | probes=1879 wrfail=0 down=4s maxout=4s
  35.972  t=34s RTT mean=11915 min=11911 max=11947 n=67 to=0 | cancels=0(+0/s) seqbad=0 len_bad=0 disc=0(0x00) | tot_n=1945 tot_to=0 maxever=34416 >2ms=1945 >5ms=1945 >15ms=21 >20ms=6 >30ms=3 | probes=1945 wrfail=0 down=4s maxout=4s
  37.916  t=35s RTT mean=11915 min=11911 max=11947 n=66 to=0 | cancels=0(+0/s) seqbad=0 len_bad=0 disc=0(0x00) | tot_n=2011 tot_to=0 maxever=34416 >2ms=2011 >5ms=2011 >15ms=21 >20ms=6 >30ms=3 | probes=2012 wrfail=0 down=4s maxout=4s
  37.976  t=36s RTT mean=11915 min=11911 max=11947 n=67 to=0 | cancels=0(+0/s) seqbad=0 len_bad=0 disc=0(0x00) | tot_n=2078 tot_to=0 maxever=34416 >2ms=2078 >5ms=2078 >15ms=21 >20ms=6 >30ms=3 | probes=2079 wrfail=0 down=4s maxout=4s
  39.917  t=37s RTT mean=11915 min=11911 max=11948 n=67 to=0 | cancels=0(+0/s) seqbad=0 len_bad=0 disc=0(0x00) | tot_n=2145 tot_to=0 maxever=34416 >2ms=2145 >5ms=2145 >15ms=21 >20ms=6 >30ms=3 | probes=2145 wrfail=0 down=4s maxout=4s
  39.978  t=38s RTT mean=12260 min=11911 max=19423 n=65 to=0 | cancels=0(+0/s) seqbad=0 len_bad=0 disc=0(0x00) | tot_n=2210 tot_to=0 maxever=34416 >2ms=2210 >5ms=2210 >15ms=24 >20ms=6 >30ms=3 | probes=2211 wrfail=0 down=4s maxout=4s
  41.948  t=39s RTT mean=12377 min=11910 max=26914 n=65 to=0 | cancels=0(+0/s) seqbad=0 len_bad=0 disc=0(0x00) | tot_n=2275 tot_to=0 maxever=34416 >2ms=2275 >5ms=2275 >15ms=27 >20ms=7 >30ms=3 | probes=2275 wrfail=0 down=4s maxout=4s
  41.948  t=40s RTT mean=11914 min=11911 max=11946 n=66 to=0 | cancels=0(+0/s) seqbad=0 len_bad=0 disc=0(0x00) | tot_n=2341 tot_to=0 maxever=34416 >2ms=2341 >5ms=2341 >15ms=27 >20ms=7 >30ms=3 | probes=2342 wrfail=0 down=4s maxout=4s
  43.943  t=41s RTT mean=11915 min=11911 max=11947 n=67 to=0 | cancels=0(+0/s) seqbad=0 len_bad=0 disc=0(0x00) | tot_n=2408 tot_to=0 maxever=34416 >2ms=2408 >5ms=2408 >15ms=27 >20ms=7 >30ms=3 | probes=2409 wrfail=0 down=4s maxout=4s
  43.943  t=42s RTT mean=11915 min=11911 max=11947 n=67 to=0 | cancels=0(+0/s) seqbad=0 len_bad=0 disc=0(0x00) | tot_n=2475 tot_to=0 maxever=34416 >2ms=2475 >5ms=2475 >15ms=27 >20ms=7 >30ms=3 | probes=2475 wrfail=0 down=4s maxout=4s
  45.959  t=43s RTT mean=11915 min=11911 max=11946 n=66 to=0 | cancels=0(+0/s) seqbad=0 len_bad=0 disc=0(0x00) | tot_n=2541 tot_to=0 maxever=34416 >2ms=2541 >5ms=2541 >15ms=27 >20ms=7 >30ms=3 | probes=2542 wrfail=0 down=4s maxout=4s
  45.959  t=44s RTT mean=12376 min=11911 max=26911 n=65 to=0 | cancels=0(+0/s) seqbad=0 len_bad=0 disc=0(0x00) | tot_n=2606 tot_to=0 maxever=34416 >2ms=2606 >5ms=2606 >15ms=30 >20ms=8 >30ms=3 | probes=2607 wrfail=0 down=4s maxout=4s
  47.914  t=45s RTT mean=12376 min=11910 max=41932 n=65 to=0 | cancels=0(+0/s) seqbad=0 len_bad=0 disc=0(0x00) | tot_n=2671 tot_to=0 maxever=41932 >2ms=2671 >5ms=2671 >15ms=31 >20ms=9 >30ms=4 | probes=2671 wrfail=0 down=4s maxout=4s
  47.974  t=46s RTT mean=12260 min=11911 max=19414 n=65 to=0 | cancels=0(+0/s) seqbad=0 len_bad=0 disc=0(0x00) | tot_n=2736 tot_to=0 maxever=41932 >2ms=2736 >5ms=2736 >15ms=34 >20ms=9 >30ms=4 | probes=2737 wrfail=0 down=4s maxout=4s
  49.948  t=47s RTT mean=11914 min=11909 max=11932 n=66 to=0 | cancels=0(+0/s) seqbad=0 len_bad=0 disc=0(0x00) | tot_n=2802 tot_to=0 maxever=41932 >2ms=2802 >5ms=2802 >15ms=34 >20ms=9 >30ms=4 | probes=2803 wrfail=0 down=4s maxout=4s
  49.948  t=48s RTT mean=11914 min=11911 max=11923 n=67 to=0 | cancels=0(+0/s) seqbad=0 len_bad=0 disc=0(0x00) | tot_n=2869 tot_to=0 maxever=41932 >2ms=2869 >5ms=2869 >15ms=34 >20ms=9 >30ms=4 | probes=2870 wrfail=0 down=4s maxout=4s
  51.946  t=49s RTT mean=11914 min=11910 max=11933 n=67 to=0 | cancels=0(+0/s) seqbad=0 len_bad=0 disc=0(0x00) | tot_n=2936 tot_to=0 maxever=41932 >2ms=2936 >5ms=2936 >15ms=34 >20ms=9 >30ms=4 | probes=2937 wrfail=0 down=4s maxout=4s
  51.946  t=50s RTT mean=13266 min=11911 max=34415 n=61 to=0 | cancels=0(+0/s) seqbad=0 len_bad=0 disc=0(0x00) | tot_n=2997 tot_to=0 maxever=41932 >2ms=2997 >5ms=2997 >15ms=41 >20ms=11 >30ms=6 | probes=2998 wrfail=0 down=4s maxout=4s
  53.921  t=51s RTT mean=11914 min=11910 max=11924 n=66 to=0 | cancels=0(+0/s) seqbad=0 len_bad=0 disc=0(0x00) | tot_n=3063 tot_to=0 maxever=41932 >2ms=3063 >5ms=3063 >15ms=41 >20ms=11 >30ms=6 | probes=3064 wrfail=0 down=4s maxout=4s
  53.981  t=52s RTT mean=12026 min=11911 max=19420 n=67 to=0 | cancels=0(+0/s) seqbad=0 len_bad=0 disc=0(0x00) | tot_n=3130 tot_to=0 maxever=41932 >2ms=3130 >5ms=3130 >15ms=42 >20ms=11 >30ms=6 | probes=3131 wrfail=0 down=4s maxout=4s
  55.945  t=53s RTT mean=11914 min=11910 max=11931 n=66 to=0 | cancels=0(+0/s) seqbad=0 len_bad=0 disc=0(0x00) | tot_n=3196 tot_to=0 maxever=41932 >2ms=3196 >5ms=3196 >15ms=42 >20ms=11 >30ms=6 | probes=3197 wrfail=0 down=4s maxout=4s
  55.945  t=54s RTT mean=11914 min=11808 max=12029 n=67 to=0 | cancels=0(+0/s) seqbad=0 len_bad=0 disc=0(0x00) | tot_n=3263 tot_to=0 maxever=41932 >2ms=3263 >5ms=3263 >15ms=42 >20ms=11 >30ms=6 | probes=3264 wrfail=0 down=4s maxout=4s
  57.941  t=55s RTT mean=11914 min=11911 max=11932 n=67 to=0 | cancels=0(+0/s) seqbad=0 len_bad=0 disc=0(0x00) | tot_n=3330 tot_to=0 maxever=41932 >2ms=3330 >5ms=3330 >15ms=42 >20ms=11 >30ms=6 | probes=3331 wrfail=0 down=4s maxout=4s
  57.941  t=56s RTT mean=11914 min=11911 max=11922 n=67 to=0 | cancels=0(+0/s) seqbad=0 len_bad=0 disc=0(0x00) | tot_n=3397 tot_to=0 maxever=41932 >2ms=3397 >5ms=3397 >15ms=42 >20ms=11 >30ms=6 | probes=3397 wrfail=0 down=4s maxout=4s
  59.944  t=57s RTT mean=12383 min=11911 max=26913 n=64 to=0 | cancels=0(+0/s) seqbad=0 len_bad=0 disc=0(0x00) | tot_n=3461 tot_to=0 maxever=41932 >2ms=3461 >5ms=3461 >15ms=44 >20ms=13 >30ms=6 | probes=3462 wrfail=0 down=4s maxout=4s
  59.944  t=58s RTT mean=11914 min=11910 max=11923 n=67 to=0 | cancels=0(+0/s) seqbad=0 len_bad=0 disc=0(0x00) | tot_n=3528 tot_to=0 maxever=41932 >2ms=3528 >5ms=3528 >15ms=44 >20ms=13 >30ms=6 | probes=3529 wrfail=0 down=4s maxout=4s
  61.958  t=59s RTT mean=12141 min=11910 max=19422 n=66 to=0 | cancels=0(+0/s) seqbad=0 len_bad=0 disc=0(0x00) | tot_n=3594 tot_to=0 maxever=41932 >2ms=3594 >5ms=3594 >15ms=46 >20ms=13 >30ms=6 | probes=3594 wrfail=0 down=4s maxout=4s
  61.958  t=60s RTT mean=11914 min=11911 max=11922 n=66 to=0 | cancels=0(+0/s) seqbad=0 len_bad=0 disc=0(0x00) | tot_n=3660 tot_to=0 maxever=41932 >2ms=3660 >5ms=3660 >15ms=46 >20ms=13 >30ms=6 | probes=3661 wrfail=0 down=4s maxout=4s
  63.940  t=61s RTT mean=12500 min=11911 max=19421 n=64 to=0 | cancels=0(+0/s) seqbad=0 len_bad=0 disc=0(0x00) | tot_n=3724 tot_to=0 maxever=41932 >2ms=3724 >5ms=3724 >15ms=51 >20ms=13 >30ms=6 | probes=3725 wrfail=0 down=4s maxout=4s
  63.940  t=62s RTT mean=11914 min=11899 max=11932 n=67 to=0 | cancels=0(+0/s) seqbad=0 len_bad=0 disc=0(0x00) | tot_n=3791 tot_to=0 maxever=41932 >2ms=3791 >5ms=3791 >15ms=51 >20ms=13 >30ms=6 | probes=3792 wrfail=0 down=4s maxout=4s
  65.944  t=63s RTT mean=11914 min=11911 max=11932 n=67 to=0 | cancels=0(+0/s) seqbad=0 len_bad=0 disc=0(0x00) | tot_n=3858 tot_to=0 maxever=41932 >2ms=3858 >5ms=3858 >15ms=51 >20ms=13 >30ms=6 | probes=3859 wrfail=0 down=4s maxout=4s
  65.944  t=64s RTT mean=11914 min=11659 max=12167 n=66 to=0 | cancels=0(+0/s) seqbad=0 len_bad=0 disc=0(0x00) | tot_n=3924 tot_to=0 maxever=41932 >2ms=3924 >5ms=3924 >15ms=51 >20ms=13 >30ms=6 | probes=3925 wrfail=0 down=4s maxout=4s
  67.639  PCTL target=0 tot=3966 to=0 p50=11 p90=11 p99=19 p99.9=34 max=41 g30=6 g100=0 (ms/counts)
  67.639  LOADRAMP: target=25 KBps for 60s
  67.697  t=65s RTT mean=12985 min=5779 max=26910 n=63 to=0 | cancels=0(+0/s) seqbad=0 len_bad=0 disc=0(0x00) | tot_n=3987 tot_to=0 maxever=41932 >2ms=3987 >5ms=3987 >15ms=57 >20ms=17 >30ms=6 | probes=3987 wrfail=0 down=4s maxout=4s
  68.930  t=66s RTT mean=13140 min=11662 max=30671 n=61 to=0 | cancels=0(+0/s) seqbad=0 len_bad=0 disc=0(0x00) | tot_n=4048 tot_to=0 maxever=41932 >2ms=4048 >5ms=4048 >15ms=62 >20ms=22 >30ms=7 | probes=4049 wrfail=0 down=4s maxout=4s
  68.930  t=67s RTT mean=13815 min=8238 max=28010 n=59 to=0 | cancels=0(+0/s) seqbad=0 len_bad=0 disc=0(0x00) | tot_n=4107 tot_to=0 maxever=41932 >2ms=4107 >5ms=4107 >15ms=72 >20ms=28 >30ms=7 | probes=4108 wrfail=0 down=4s maxout=4s
  70.935  t=68s RTT mean=12985 min=11911 max=27163 n=63 to=0 | cancels=0(+0/s) seqbad=0 len_bad=0 disc=0(0x00) | tot_n=4170 tot_to=0 maxever=41932 >2ms=4170 >5ms=4170 >15ms=77 >20ms=32 >30ms=7 | probes=4170 wrfail=0 down=4s maxout=4s
  70.935  t=69s RTT mean=13137 min=11911 max=30670 n=61 to=0 | cancels=0(+0/s) seqbad=0 len_bad=0 disc=0(0x00) | tot_n=4231 tot_to=0 maxever=41932 >2ms=4231 >5ms=4231 >15ms=82 >20ms=37 >30ms=8 | probes=4232 wrfail=0 down=4s maxout=4s
  72.925  t=70s RTT mean=13002 min=11911 max=27163 n=62 to=0 | cancels=0(+0/s) seqbad=0 len_bad=0 disc=0(0x00) | tot_n=4293 tot_to=0 maxever=41932 >2ms=4293 >5ms=4293 >15ms=87 >20ms=41 >30ms=8 | probes=4294 wrfail=0 down=4s maxout=4s
  72.986  t=71s RTT mean=12985 min=11808 max=27164 n=63 to=0 | cancels=0(+0/s) seqbad=0 len_bad=0 disc=0(0x00) | tot_n=4356 tot_to=0 maxever=41932 >2ms=4356 >5ms=4356 >15ms=92 >20ms=45 >30ms=8 | probes=4356 wrfail=0 down=4s maxout=4s
  74.936  t=72s RTT mean=13137 min=11911 max=30671 n=61 to=0 | cancels=0(+0/s) seqbad=0 len_bad=0 disc=0(0x00) | tot_n=4417 tot_to=0 maxever=41932 >2ms=4417 >5ms=4417 >15ms=97 >20ms=50 >30ms=9 | probes=4418 wrfail=0 down=4s maxout=4s
  74.936  t=73s RTT mean=12985 min=11911 max=27162 n=63 to=0 | cancels=0(+0/s) seqbad=0 len_bad=0 disc=0(0x00) | tot_n=4480 tot_to=0 maxever=41932 >2ms=4480 >5ms=4480 >15ms=102 >20ms=54 >30ms=9 | probes=4480 wrfail=0 down=4s maxout=4s
  76.933  t=74s RTT mean=13002 min=11911 max=28107 n=62 to=0 | cancels=0(+0/s) seqbad=0 len_bad=0 disc=0(0x00) | tot_n=4542 tot_to=0 maxever=41932 >2ms=4542 >5ms=4542 >15ms=107 >20ms=58 >30ms=9 | probes=4542 wrfail=0 down=4s maxout=4s
  76.933  t=75s RTT mean=13258 min=11844 max=30663 n=61 to=0 | cancels=0(+0/s) seqbad=0 len_bad=0 disc=0(0x00) | tot_n=4603 tot_to=0 maxever=41932 >2ms=4603 >5ms=4603 >15ms=113 >20ms=63 >30ms=10 | probes=4604 wrfail=0 down=4s maxout=4s
  78.908  t=76s RTT mean=13384 min=11911 max=30561 n=61 to=0 | cancels=0(+0/s) seqbad=0 len_bad=0 disc=0(0x00) | tot_n=4664 tot_to=0 maxever=41932 >2ms=4664 >5ms=4664 >15ms=120 >20ms=68 >30ms=11 | probes=4664 wrfail=0 down=4s maxout=4s
  78.968  t=77s RTT mean=13002 min=11911 max=27164 n=62 to=0 | cancels=0(+0/s) seqbad=0 len_bad=0 disc=0(0x00) | tot_n=4726 tot_to=0 maxever=41932 >2ms=4726 >5ms=4726 >15ms=125 >20ms=72 >30ms=11 | probes=4727 wrfail=0 down=4s maxout=4s
  80.937  t=78s RTT mean=13138 min=11911 max=30670 n=61 to=0 | cancels=0(+0/s) seqbad=0 len_bad=0 disc=0(0x00) | tot_n=4787 tot_to=0 maxever=41932 >2ms=4787 >5ms=4787 >15ms=130 >20ms=77 >30ms=12 | probes=4788 wrfail=0 down=4s maxout=4s
  80.937  t=79s RTT mean=13947 min=11910 max=34409 n=59 to=0 | cancels=0(+0/s) seqbad=0 len_bad=0 disc=0(0x00) | tot_n=4846 tot_to=0 maxever=41932 >2ms=4846 >5ms=4846 >15ms=140 >20ms=82 >30ms=13 | probes=4847 wrfail=0 down=4s maxout=4s
  82.944  t=80s RTT mean=12866 min=5778 max=26910 n=63 to=0 | cancels=0(+0/s) seqbad=0 len_bad=0 disc=0(0x00) | tot_n=4909 tot_to=0 maxever=41932 >2ms=4909 >5ms=4909 >15ms=145 >20ms=86 >30ms=13 | probes=4910 wrfail=0 down=4s maxout=4s
  82.944  t=81s RTT mean=13137 min=11911 max=30670 n=61 to=0 | cancels=0(+0/s) seqbad=0 len_bad=0 disc=0(0x00) | tot_n=4970 tot_to=0 maxever=41932 >2ms=4970 >5ms=4970 >15ms=150 >20ms=91 >30ms=14 | probes=4971 wrfail=0 down=4s maxout=4s
  84.962  t=82s RTT mean=12985 min=11911 max=27162 n=63 to=0 | cancels=0(+0/s) seqbad=0 len_bad=0 disc=0(0x00) | tot_n=5033 tot_to=0 maxever=41932 >2ms=5033 >5ms=5033 >15ms=155 >20ms=95 >30ms=14 | probes=5033 wrfail=0 down=4s maxout=4s
  84.962  t=83s RTT mean=13002 min=11911 max=27165 n=62 to=0 | cancels=0(+0/s) seqbad=0 len_bad=0 disc=0(0x00) | tot_n=5095 tot_to=0 maxever=41932 >2ms=5095 >5ms=5095 >15ms=160 >20ms=99 >30ms=14 | probes=5096 wrfail=0 down=4s maxout=4s
  86.968  t=84s RTT mean=13137 min=11911 max=30671 n=61 to=0 | cancels=0(+0/s) seqbad=0 len_bad=0 disc=0(0x00) | tot_n=5156 tot_to=0 maxever=41932 >2ms=5156 >5ms=5156 >15ms=165 >20ms=104 >30ms=15 | probes=5157 wrfail=0 down=4s maxout=4s
  86.968  t=85s RTT mean=13244 min=11911 max=28024 n=62 to=0 | cancels=0(+0/s) seqbad=0 len_bad=0 disc=0(0x00) | tot_n=5218 tot_to=0 maxever=41932 >2ms=5218 >5ms=5218 >15ms=171 >20ms=109 >30ms=15 | probes=5218 wrfail=0 down=4s maxout=4s
  88.953  t=86s RTT mean=13003 min=11911 max=27164 n=62 to=0 | cancels=0(+0/s) seqbad=0 len_bad=0 disc=0(0x00) | tot_n=5280 tot_to=0 maxever=41932 >2ms=5280 >5ms=5280 >15ms=176 >20ms=113 >30ms=15 | probes=5281 wrfail=0 down=4s maxout=4s
  88.953  t=87s RTT mean=13140 min=11911 max=33065 n=61 to=0 | cancels=0(+0/s) seqbad=0 len_bad=0 disc=0(0x00) | tot_n=5341 tot_to=0 maxever=41932 >2ms=5341 >5ms=5341 >15ms=181 >20ms=118 >30ms=16 | probes=5342 wrfail=0 down=4s maxout=4s
  90.960  t=88s RTT mean=12985 min=11842 max=27164 n=63 to=0 | cancels=0(+0/s) seqbad=0 len_bad=0 disc=0(0x00) | tot_n=5404 tot_to=0 maxever=41932 >2ms=5404 >5ms=5404 >15ms=186 >20ms=122 >30ms=16 | probes=5404 wrfail=0 down=4s maxout=4s
  90.960  t=89s RTT mean=13002 min=11911 max=28107 n=62 to=0 | cancels=0(+0/s) seqbad=0 len_bad=0 disc=0(0x00) | tot_n=5466 tot_to=0 maxever=41932 >2ms=5466 >5ms=5466 >15ms=191 >20ms=126 >30ms=16 | probes=5467 wrfail=0 down=4s maxout=4s
  92.961  t=90s RTT mean=13118 min=11911 max=30663 n=62 to=0 | cancels=0(+0/s) seqbad=0 len_bad=0 disc=0(0x00) | tot_n=5528 tot_to=0 maxever=41932 >2ms=5528 >5ms=5528 >15ms=196 >20ms=131 >30ms=17 | probes=5528 wrfail=0 down=4s maxout=4s
  92.961  t=91s RTT mean=13003 min=11911 max=28097 n=62 to=0 | cancels=0(+0/s) seqbad=0 len_bad=0 disc=0(0x00) | tot_n=5590 tot_to=0 maxever=41932 >2ms=5590 >5ms=5590 >15ms=201 >20ms=135 >30ms=17 | probes=5590 wrfail=0 down=4s maxout=4s
  94.962  t=92s RTT mean=13001 min=5779 max=26909 n=62 to=0 | cancels=0(+0/s) seqbad=0 len_bad=0 disc=0(0x00) | tot_n=5652 tot_to=0 maxever=41932 >2ms=5652 >5ms=5652 >15ms=207 >20ms=139 >30ms=17 | probes=5653 wrfail=0 down=4s maxout=4s
  94.962  t=93s RTT mean=13389 min=11662 max=27163 n=61 to=0 | cancels=0(+0/s) seqbad=0 len_bad=0 disc=0(0x00) | tot_n=5713 tot_to=0 maxever=41932 >2ms=5713 >5ms=5713 >15ms=215 >20ms=143 >30ms=17 | probes=5713 wrfail=0 down=4s maxout=4s
  96.928  t=94s RTT mean=13003 min=11911 max=27162 n=62 to=0 | cancels=0(+0/s) seqbad=0 len_bad=0 disc=0(0x00) | tot_n=5775 tot_to=0 maxever=41932 >2ms=5775 >5ms=5775 >15ms=220 >20ms=147 >30ms=17 | probes=5776 wrfail=0 down=4s maxout=4s
  96.988  t=95s RTT mean=13002 min=11911 max=27164 n=62 to=0 | cancels=0(+0/s) seqbad=0 len_bad=0 disc=0(0x00) | tot_n=5837 tot_to=0 maxever=41932 >2ms=5837 >5ms=5837 >15ms=225 >20ms=151 >30ms=17 | probes=5838 wrfail=0 down=4s maxout=4s
  98.946  t=96s RTT mean=13117 min=11911 max=30671 n=62 to=0 | cancels=0(+0/s) seqbad=0 len_bad=0 disc=0(0x00) | tot_n=5899 tot_to=0 maxever=41932 >2ms=5899 >5ms=5899 >15ms=230 >20ms=156 >30ms=18 | probes=5899 wrfail=0 down=4s maxout=4s
  98.946  t=97s RTT mean=13003 min=11911 max=27163 n=62 to=0 | cancels=0(+0/s) seqbad=0 len_bad=0 disc=0(0x00) | tot_n=5961 tot_to=0 maxever=41932 >2ms=5961 >5ms=5961 >15ms=235 >20ms=160 >30ms=18 | probes=5962 wrfail=0 down=4s maxout=4s
 100.970  t=98s RTT mean=13002 min=11911 max=27163 n=62 to=0 | cancels=0(+0/s) seqbad=0 len_bad=0 disc=0(0x00) | tot_n=6023 tot_to=0 maxever=41932 >2ms=6023 >5ms=6023 >15ms=240 >20ms=164 >30ms=18 | probes=6024 wrfail=0 down=4s maxout=4s
 100.970  t=99s RTT mean=13538 min=11912 max=34151 n=60 to=0 | cancels=0(+0/s) seqbad=0 len_bad=0 disc=0(0x00) | tot_n=6083 tot_to=0 maxever=41932 >2ms=6083 >5ms=6083 >15ms=248 >20ms=168 >30ms=19 | probes=6084 wrfail=0 down=4s maxout=4s
 102.937  t=100s RTT mean=13694 min=11911 max=27163 n=59 to=0 | cancels=0(+0/s) seqbad=0 len_bad=0 disc=0(0x00) | tot_n=6142 tot_to=0 maxever=41932 >2ms=6142 >5ms=6142 >15ms=257 >20ms=173 >30ms=19 | probes=6143 wrfail=0 down=4s maxout=4s
 102.937  t=101s RTT mean=12985 min=5779 max=26910 n=63 to=0 | cancels=0(+0/s) seqbad=0 len_bad=0 disc=0(0x00) | tot_n=6205 tot_to=0 maxever=41932 >2ms=6205 >5ms=6205 >15ms=263 >20ms=177 >30ms=19 | probes=6206 wrfail=0 down=4s maxout=4s
 104.933  t=102s RTT mean=13119 min=11664 max=30670 n=62 to=0 | cancels=0(+0/s) seqbad=0 len_bad=0 disc=0(0x00) | tot_n=6267 tot_to=0 maxever=41932 >2ms=6267 >5ms=6267 >15ms=268 >20ms=182 >30ms=20 | probes=6267 wrfail=0 down=4s maxout=4s
 104.933  t=103s RTT mean=13266 min=11911 max=29236 n=61 to=0 | cancels=0(+0/s) seqbad=0 len_bad=0 disc=0(0x00) | tot_n=6328 tot_to=0 maxever=41932 >2ms=6328 >5ms=6328 >15ms=275 >20ms=187 >30ms=20 | probes=6329 wrfail=0 down=4s maxout=4s
 106.940  t=104s RTT mean=13266 min=11912 max=27164 n=61 to=0 | cancels=0(+0/s) seqbad=0 len_bad=0 disc=0(0x00) | tot_n=6389 tot_to=0 maxever=41932 >2ms=6389 >5ms=6389 >15ms=282 >20ms=191 >30ms=20 | probes=6390 wrfail=0 down=4s maxout=4s
 106.940  t=105s RTT mean=13389 min=11911 max=28100 n=61 to=0 | cancels=0(+0/s) seqbad=0 len_bad=0 disc=0(0x00) | tot_n=6450 tot_to=0 maxever=41932 >2ms=6450 >5ms=6450 >15ms=290 >20ms=195 >30ms=20 | probes=6450 wrfail=0 down=4s maxout=4s
 108.932  t=106s RTT mean=13139 min=11662 max=34307 n=61 to=0 | cancels=0(+0/s) seqbad=0 len_bad=0 disc=0(0x00) | tot_n=6511 tot_to=0 maxever=41932 >2ms=6511 >5ms=6511 >15ms=295 >20ms=199 >30ms=21 | probes=6512 wrfail=0 down=4s maxout=4s
 108.932  t=107s RTT mean=12866 min=5779 max=26909 n=63 to=0 | cancels=0(+0/s) seqbad=0 len_bad=0 disc=0(0x00) | tot_n=6574 tot_to=0 maxever=41932 >2ms=6574 >5ms=6574 >15ms=300 >20ms=203 >30ms=21 | probes=6575 wrfail=0 down=4s maxout=4s
 110.942  t=108s RTT mean=13119 min=11911 max=30670 n=62 to=0 | cancels=0(+0/s) seqbad=0 len_bad=0 disc=0(0x00) | tot_n=6636 tot_to=0 maxever=41932 >2ms=6636 >5ms=6636 >15ms=305 >20ms=208 >30ms=22 | probes=6636 wrfail=0 down=4s maxout=4s
 110.942  t=109s RTT mean=13001 min=11840 max=27163 n=62 to=0 | cancels=0(+0/s) seqbad=0 len_bad=0 disc=0(0x00) | tot_n=6698 tot_to=0 maxever=41932 >2ms=6698 >5ms=6698 >15ms=310 >20ms=212 >30ms=22 | probes=6699 wrfail=0 down=4s maxout=4s
 112.952  t=110s RTT mean=13002 min=11911 max=27164 n=62 to=0 | cancels=0(+0/s) seqbad=0 len_bad=0 disc=0(0x00) | tot_n=6760 tot_to=0 maxever=41932 >2ms=6760 >5ms=6760 >15ms=315 >20ms=216 >30ms=22 | probes=6761 wrfail=0 down=4s maxout=4s
 112.952  t=111s RTT mean=13117 min=11911 max=30670 n=62 to=0 | cancels=0(+0/s) seqbad=0 len_bad=0 disc=0(0x00) | tot_n=6822 tot_to=0 maxever=41932 >2ms=6822 >5ms=6822 >15ms=320 >20ms=221 >30ms=23 | probes=6823 wrfail=0 down=4s maxout=4s
 114.963  t=112s RTT mean=13002 min=11911 max=27162 n=62 to=0 | cancels=0(+0/s) seqbad=0 len_bad=0 disc=0(0x00) | tot_n=6884 tot_to=0 maxever=41932 >2ms=6884 >5ms=6884 >15ms=325 >20ms=225 >30ms=23 | probes=6885 wrfail=0 down=4s maxout=4s
 114.963  t=113s RTT mean=13002 min=11911 max=27164 n=62 to=0 | cancels=0(+0/s) seqbad=0 len_bad=0 disc=0(0x00) | tot_n=6946 tot_to=0 maxever=41932 >2ms=6946 >5ms=6946 >15ms=330 >20ms=229 >30ms=23 | probes=6947 wrfail=0 down=4s maxout=4s
 116.918  t=114s RTT mean=13260 min=11911 max=38171 n=61 to=0 | cancels=0(+0/s) seqbad=0 len_bad=0 disc=0(0x00) | tot_n=7007 tot_to=0 maxever=41932 >2ms=7007 >5ms=7007 >15ms=335 >20ms=234 >30ms=24 | probes=7008 wrfail=0 down=4s maxout=4s
 116.978  t=115s RTT mean=12859 min=8242 max=26813 n=63 to=0 | cancels=0(+0/s) seqbad=0 len_bad=0 disc=0(0x00) | tot_n=7070 tot_to=0 maxever=41932 >2ms=7070 >5ms=7070 >15ms=340 >20ms=238 >30ms=24 | probes=7071 wrfail=0 down=4s maxout=4s
 118.916  t=116s RTT mean=12999 min=11663 max=28108 n=62 to=0 | cancels=0(+0/s) seqbad=0 len_bad=0 disc=0(0x00) | tot_n=7132 tot_to=0 maxever=41932 >2ms=7132 >5ms=7132 >15ms=345 >20ms=242 >30ms=24 | probes=7133 wrfail=0 down=4s maxout=4s
 118.976  t=117s RTT mean=13118 min=11912 max=29566 n=62 to=0 | cancels=0(+0/s) seqbad=0 len_bad=0 disc=0(0x00) | tot_n=7194 tot_to=0 maxever=41932 >2ms=7194 >5ms=7194 >15ms=350 >20ms=247 >30ms=24 | probes=7195 wrfail=0 down=4s maxout=4s
 120.965  t=118s RTT mean=13002 min=11911 max=27163 n=62 to=0 | cancels=0(+0/s) seqbad=0 len_bad=0 disc=0(0x00) | tot_n=7256 tot_to=0 maxever=41932 >2ms=7256 >5ms=7256 >15ms=355 >20ms=251 >30ms=24 | probes=7257 wrfail=0 down=4s maxout=4s
 120.965  t=119s RTT mean=13002 min=11911 max=27164 n=62 to=0 | cancels=0(+0/s) seqbad=0 len_bad=0 disc=0(0x00) | tot_n=7318 tot_to=0 maxever=41932 >2ms=7318 >5ms=7318 >15ms=360 >20ms=255 >30ms=24 | probes=7319 wrfail=0 down=4s maxout=4s
 122.948  t=120s RTT mean=13943 min=11911 max=30670 n=59 to=0 | cancels=0(+0/s) seqbad=0 len_bad=0 disc=0(0x00) | tot_n=7377 tot_to=0 maxever=41932 >2ms=7377 >5ms=7377 >15ms=370 >20ms=261 >30ms=25 | probes=7378 wrfail=0 down=4s maxout=4s
 122.948  t=121s RTT mean=13002 min=11911 max=27165 n=62 to=0 | cancels=0(+0/s) seqbad=0 len_bad=0 disc=0(0x00) | tot_n=7439 tot_to=0 maxever=41932 >2ms=7439 >5ms=7439 >15ms=375 >20ms=265 >30ms=25 | probes=7440 wrfail=0 down=4s maxout=4s
 124.946  t=122s RTT mean=13002 min=11911 max=28107 n=62 to=0 | cancels=0(+0/s) seqbad=0 len_bad=0 disc=0(0x00) | tot_n=7501 tot_to=0 maxever=41932 >2ms=7501 >5ms=7501 >15ms=380 >20ms=269 >30ms=25 | probes=7502 wrfail=0 down=4s maxout=4s
 124.946  t=123s RTT mean=13118 min=11911 max=30664 n=62 to=0 | cancels=0(+0/s) seqbad=0 len_bad=0 disc=0(0x00) | tot_n=7563 tot_to=0 maxever=41932 >2ms=7563 >5ms=7563 >15ms=385 >20ms=274 >30ms=26 | probes=7564 wrfail=0 down=4s maxout=4s
 126.937  t=124s RTT mean=13660 min=8238 max=30756 n=60 to=0 | cancels=0(+0/s) seqbad=0 len_bad=0 disc=0(0x00) | tot_n=7623 tot_to=0 maxever=41932 >2ms=7623 >5ms=7623 >15ms=394 >20ms=280 >30ms=27 | probes=7623 wrfail=0 down=4s maxout=4s
 126.937  PCTL target=25 tot=3698 to=0 p50=11 p90=13 p99=28 p99.9=33 max=38 g30=21 g100=0 (ms/counts)
 126.937  LOADRAMP: target=50 KBps for 60s
 126.997  t=125s RTT mean=14104 min=5779 max=28106 n=58 to=0 | cancels=0(+0/s) seqbad=0 len_bad=0 disc=0(0x00) | tot_n=7681 tot_to=0 maxever=41932 >2ms=7681 >5ms=7681 >15ms=403 >20ms=289 >30ms=27 | probes=7682 wrfail=0 down=4s maxout=4s
 128.962  t=126s RTT mean=14336 min=11904 max=28362 n=57 to=0 | cancels=0(+0/s) seqbad=0 len_bad=0 disc=0(0x00) | tot_n=7738 tot_to=0 maxever=41932 >2ms=7738 >5ms=7738 >15ms=412 >20ms=298 >30ms=27 | probes=7739 wrfail=0 down=4s maxout=4s
 128.962  t=127s RTT mean=14166 min=8245 max=28010 n=58 to=0 | cancels=0(+0/s) seqbad=0 len_bad=0 disc=0(0x00) | tot_n=7796 tot_to=0 maxever=41932 >2ms=7796 >5ms=7796 >15ms=422 >20ms=307 >30ms=27 | probes=7797 wrfail=0 down=4s maxout=4s
 130.940  t=128s RTT mean=14241 min=9432 max=28105 n=58 to=0 | cancels=0(+0/s) seqbad=0 len_bad=0 disc=0(0x00) | tot_n=7854 tot_to=0 maxever=41932 >2ms=7854 >5ms=7854 >15ms=431 >20ms=316 >30ms=27 | probes=7855 wrfail=0 down=4s maxout=4s
 130.940  t=129s RTT mean=15374 min=8241 max=31796 n=54 to=0 | cancels=0(+0/s) seqbad=0 len_bad=0 disc=0(0x00) | tot_n=7908 tot_to=0 maxever=41932 >2ms=7908 >5ms=7908 >15ms=444 >20ms=328 >30ms=28 | probes=7909 wrfail=0 down=4s maxout=4s
 132.938  t=130s RTT mean=14231 min=8241 max=30754 n=58 to=0 | cancels=0(+0/s) seqbad=0 len_bad=0 disc=0(0x00) | tot_n=7966 tot_to=0 maxever=41932 >2ms=7966 >5ms=7966 >15ms=453 >20ms=337 >30ms=29 | probes=7966 wrfail=0 down=4s maxout=4s
 132.938  t=131s RTT mean=14652 min=11911 max=34314 n=56 to=0 | cancels=0(+0/s) seqbad=0 len_bad=0 disc=0(0x00) | tot_n=8022 tot_to=0 maxever=41932 >2ms=8022 >5ms=8022 >15ms=463 >20ms=346 >30ms=30 | probes=8023 wrfail=0 down=4s maxout=4s
 134.954  t=132s RTT mean=14178 min=8236 max=27171 n=58 to=0 | cancels=0(+0/s) seqbad=0 len_bad=0 disc=0(0x00) | tot_n=8080 tot_to=0 maxever=41932 >2ms=8080 >5ms=8080 >15ms=472 >20ms=355 >30ms=30 | probes=8081 wrfail=0 down=4s maxout=4s
 134.954  t=133s RTT mean=14435 min=11911 max=34408 n=57 to=0 | cancels=0(+0/s) seqbad=0 len_bad=0 disc=0(0x00) | tot_n=8137 tot_to=0 maxever=41932 >2ms=8137 >5ms=8137 >15ms=481 >20ms=364 >30ms=31 | probes=8138 wrfail=0 down=4s maxout=4s
 136.949  t=134s RTT mean=14541 min=10633 max=34410 n=57 to=0 | cancels=0(+0/s) seqbad=0 len_bad=0 disc=0(0x00) | tot_n=8194 tot_to=0 maxever=41932 >2ms=8194 >5ms=8194 >15ms=490 >20ms=373 >30ms=33 | probes=8195 wrfail=0 down=4s maxout=4s
 136.949  t=135s RTT mean=14456 min=10892 max=34313 n=57 to=0 | cancels=0(+0/s) seqbad=0 len_bad=0 disc=0(0x00) | tot_n=8251 tot_to=0 maxever=41932 >2ms=8251 >5ms=8251 >15ms=499 >20ms=382 >30ms=35 | probes=8252 wrfail=0 down=4s maxout=4s
 138.949  t=136s RTT mean=14392 min=8237 max=32955 n=57 to=0 | cancels=0(+0/s) seqbad=0 len_bad=0 disc=0(0x00) | tot_n=8308 tot_to=0 maxever=41932 >2ms=8308 >5ms=8308 >15ms=508 >20ms=391 >30ms=36 | probes=8309 wrfail=0 down=4s maxout=4s
 138.949  t=137s RTT mean=14523 min=9438 max=41655 n=57 to=0 | cancels=0(+0/s) seqbad=0 len_bad=0 disc=0(0x00) | tot_n=8365 tot_to=0 maxever=41932 >2ms=8365 >5ms=8365 >15ms=517 >20ms=400 >30ms=37 | probes=8366 wrfail=0 down=4s maxout=4s
 140.930  t=138s RTT mean=14089 min=5767 max=26922 n=58 to=0 | cancels=0(+0/s) seqbad=0 len_bad=0 disc=0(0x00) | tot_n=8423 tot_to=0 maxever=41932 >2ms=8423 >5ms=8423 >15ms=526 >20ms=409 >30ms=37 | probes=8424 wrfail=0 down=4s maxout=4s
 140.987  t=139s RTT mean=14471 min=11912 max=34314 n=57 to=0 | cancels=0(+0/s) seqbad=0 len_bad=0 disc=0(0x00) | tot_n=8480 tot_to=0 maxever=41932 >2ms=8480 >5ms=8480 >15ms=535 >20ms=418 >30ms=38 | probes=8481 wrfail=0 down=4s maxout=4s
 142.928  t=140s RTT mean=14320 min=8236 max=29130 n=57 to=0 | cancels=0(+0/s) seqbad=0 len_bad=0 disc=0(0x00) | tot_n=8537 tot_to=0 maxever=41932 >2ms=8537 >5ms=8537 >15ms=544 >20ms=427 >30ms=38 | probes=8538 wrfail=0 down=4s maxout=4s
 142.988  t=141s RTT mean=14393 min=8241 max=31922 n=58 to=0 | cancels=0(+0/s) seqbad=0 len_bad=0 disc=0(0x00) | tot_n=8595 tot_to=0 maxever=41932 >2ms=8595 >5ms=8595 >15ms=553 >20ms=436 >30ms=40 | probes=8595 wrfail=0 down=4s maxout=4s
 144.939  t=142s RTT mean=14268 min=11912 max=26813 n=57 to=0 | cancels=0(+0/s) seqbad=0 len_bad=0 disc=0(0x00) | tot_n=8652 tot_to=0 maxever=41932 >2ms=8652 >5ms=8652 >15ms=563 >20ms=445 >30ms=40 | probes=8653 wrfail=0 down=4s maxout=4s
 144.939  t=143s RTT mean=14240 min=8239 max=28109 n=58 to=0 | cancels=0(+0/s) seqbad=0 len_bad=0 disc=0(0x00) | tot_n=8710 tot_to=0 maxever=41932 >2ms=8710 >5ms=8710 >15ms=572 >20ms=454 >30ms=40 | probes=8711 wrfail=0 down=4s maxout=4s
 146.940  t=144s RTT mean=14232 min=8241 max=28360 n=58 to=0 | cancels=0(+0/s) seqbad=0 len_bad=0 disc=0(0x00) | tot_n=8768 tot_to=0 maxever=41932 >2ms=8768 >5ms=8768 >15ms=581 >20ms=463 >30ms=40 | probes=8768 wrfail=0 down=4s maxout=4s
 146.940  t=145s RTT mean=14401 min=8241 max=34313 n=57 to=0 | cancels=0(+0/s) seqbad=0 len_bad=0 disc=0(0x00) | tot_n=8825 tot_to=0 maxever=41932 >2ms=8825 >5ms=8825 >15ms=590 >20ms=472 >30ms=42 | probes=8826 wrfail=0 down=4s maxout=4s
 148.943  t=146s RTT mean=14112 min=5778 max=26912 n=58 to=0 | cancels=0(+0/s) seqbad=0 len_bad=0 disc=0(0x00) | tot_n=8883 tot_to=0 maxever=41932 >2ms=8883 >5ms=8883 >15ms=599 >20ms=481 >30ms=42 | probes=8884 wrfail=0 down=4s maxout=4s
 148.943  t=147s RTT mean=14111 min=5766 max=28107 n=58 to=0 | cancels=0(+0/s) seqbad=0 len_bad=0 disc=0(0x00) | tot_n=8941 tot_to=0 maxever=41932 >2ms=8941 >5ms=8941 >15ms=608 >20ms=490 >30ms=42 | probes=8942 wrfail=0 down=4s maxout=4s
 150.928  t=148s RTT mean=14240 min=9432 max=28104 n=58 to=0 | cancels=0(+0/s) seqbad=0 len_bad=0 disc=0(0x00) | tot_n=8999 tot_to=0 maxever=41932 >2ms=8999 >5ms=8999 >15ms=617 >20ms=499 >30ms=42 | probes=9000 wrfail=0 down=4s maxout=4s
 150.988  t=149s RTT mean=14108 min=5779 max=30499 n=58 to=0 | cancels=0(+0/s) seqbad=0 len_bad=0 disc=0(0x00) | tot_n=9057 tot_to=0 maxever=41932 >2ms=9057 >5ms=9057 >15ms=626 >20ms=508 >30ms=43 | probes=9058 wrfail=0 down=4s maxout=4s
 152.927  t=150s RTT mean=14237 min=8240 max=28104 n=58 to=0 | cancels=0(+0/s) seqbad=0 len_bad=0 disc=0(0x00) | tot_n=9115 tot_to=0 maxever=41932 >2ms=9115 >5ms=9115 >15ms=635 >20ms=517 >30ms=43 | probes=9115 wrfail=0 down=4s maxout=4s
 152.983  t=151s RTT mean=14111 min=5778 max=26911 n=58 to=0 | cancels=0(+0/s) seqbad=0 len_bad=0 disc=0(0x00) | tot_n=9173 tot_to=0 maxever=41932 >2ms=9173 >5ms=9173 >15ms=644 >20ms=526 >30ms=43 | probes=9174 wrfail=0 down=4s maxout=4s
 154.963  t=152s RTT mean=14338 min=11912 max=29300 n=57 to=0 | cancels=0(+0/s) seqbad=0 len_bad=0 disc=0(0x00) | tot_n=9230 tot_to=0 maxever=41932 >2ms=9230 >5ms=9230 >15ms=653 >20ms=535 >30ms=43 | probes=9231 wrfail=0 down=4s maxout=4s
 154.963  t=153s RTT mean=14306 min=8252 max=32955 n=58 to=0 | cancels=0(+0/s) seqbad=0 len_bad=0 disc=0(0x00) | tot_n=9288 tot_to=0 maxever=41932 >2ms=9288 >5ms=9288 >15ms=662 >20ms=544 >30ms=44 | probes=9288 wrfail=0 down=4s maxout=4s
 156.950  t=154s RTT mean=14469 min=5779 max=34314 n=57 to=0 | cancels=0(+0/s) seqbad=0 len_bad=0 disc=0(0x00) | tot_n=9345 tot_to=0 maxever=41932 >2ms=9345 >5ms=9345 >15ms=671 >20ms=553 >30ms=47 | probes=9345 wrfail=0 down=4s maxout=4s
 156.950  t=155s RTT mean=14177 min=8239 max=30498 n=58 to=0 | cancels=0(+0/s) seqbad=0 len_bad=0 disc=0(0x00) | tot_n=9403 tot_to=0 maxever=41932 >2ms=9403 >5ms=9403 >15ms=680 >20ms=562 >30ms=48 | probes=9403 wrfail=0 down=4s maxout=4s
 158.932  t=156s RTT mean=14209 min=9374 max=34410 n=56 to=0 | cancels=0(+0/s) seqbad=0 len_bad=0 disc=0(0x00) | tot_n=9459 tot_to=0 maxever=41932 >2ms=9459 >5ms=9459 >15ms=688 >20ms=570 >30ms=50 | probes=9460 wrfail=0 down=4s maxout=4s
 158.987  t=157s RTT mean=14600 min=8241 max=33057 n=58 to=0 | cancels=0(+0/s) seqbad=0 len_bad=0 disc=0(0x00) | tot_n=9517 tot_to=0 maxever=41932 >2ms=9517 >5ms=9517 >15ms=698 >20ms=580 >30ms=52 | probes=9518 wrfail=0 down=4s maxout=4s
 160.923  t=158s RTT mean=14241 min=10636 max=27163 n=58 to=0 | cancels=0(+0/s) seqbad=0 len_bad=0 disc=0(0x00) | tot_n=9575 tot_to=0 maxever=41932 >2ms=9575 >5ms=9575 >15ms=707 >20ms=589 >30ms=52 | probes=9575 wrfail=0 down=4s maxout=4s
 160.983  t=159s RTT mean=14296 min=10563 max=31665 n=57 to=0 | cancels=0(+0/s) seqbad=0 len_bad=0 disc=0(0x00) | tot_n=9632 tot_to=0 maxever=41932 >2ms=9632 >5ms=9632 >15ms=716 >20ms=598 >30ms=53 | probes=9633 wrfail=0 down=4s maxout=4s
 162.957  t=160s RTT mean=14450 min=10622 max=34314 n=57 to=0 | cancels=0(+0/s) seqbad=0 len_bad=0 disc=0(0x00) | tot_n=9689 tot_to=0 maxever=41932 >2ms=9689 >5ms=9689 >15ms=725 >20ms=607 >30ms=54 | probes=9690 wrfail=0 down=4s maxout=4s
 162.957  t=161s RTT mean=14167 min=8240 max=30665 n=58 to=0 | cancels=0(+0/s) seqbad=0 len_bad=0 disc=0(0x00) | tot_n=9747 tot_to=0 maxever=41932 >2ms=9747 >5ms=9747 >15ms=734 >20ms=616 >30ms=55 | probes=9748 wrfail=0 down=4s maxout=4s
 164.962  t=162s RTT mean=14436 min=11912 max=34409 n=57 to=0 | cancels=0(+0/s) seqbad=0 len_bad=0 disc=0(0x00) | tot_n=9804 tot_to=0 maxever=41932 >2ms=9804 >5ms=9804 >15ms=743 >20ms=625 >30ms=56 | probes=9805 wrfail=0 down=4s maxout=4s
 164.962  t=163s RTT mean=14210 min=8240 max=29303 n=58 to=0 | cancels=0(+0/s) seqbad=0 len_bad=0 disc=0(0x00) | tot_n=9862 tot_to=0 maxever=41932 >2ms=9862 >5ms=9862 >15ms=752 >20ms=634 >30ms=56 | probes=9863 wrfail=0 down=4s maxout=4s
 166.966  t=164s RTT mean=14240 min=9432 max=28107 n=58 to=0 | cancels=0(+0/s) seqbad=0 len_bad=0 disc=0(0x00) | tot_n=9920 tot_to=0 maxever=41932 >2ms=9920 >5ms=9920 >15ms=761 >20ms=643 >30ms=56 | probes=9920 wrfail=0 down=4s maxout=4s
 166.966  t=165s RTT mean=14412 min=9433 max=28106 n=57 to=0 | cancels=0(+0/s) seqbad=0 len_bad=0 disc=0(0x00) | tot_n=9977 tot_to=0 maxever=41932 >2ms=9977 >5ms=9977 >15ms=771 >20ms=652 >30ms=56 | probes=9978 wrfail=0 down=4s maxout=4s
 168.954  t=166s RTT mean=14110 min=5778 max=28107 n=58 to=0 | cancels=0(+0/s) seqbad=0 len_bad=0 disc=0(0x00) | tot_n=10035 tot_to=0 maxever=41932 >2ms=10035 >5ms=10035 >15ms=780 >20ms=661 >30ms=56 | probes=10036 wrfail=0 down=4s maxout=4s
 168.954  t=167s RTT mean=14237 min=3136 max=31920 n=58 to=0 | cancels=0(+0/s) seqbad=0 len_bad=0 disc=0(0x00) | tot_n=10093 tot_to=0 maxever=41932 >2ms=10093 >5ms=10092 >15ms=789 >20ms=670 >30ms=58 | probes=10093 wrfail=0 down=4s maxout=4s
 170.960  t=168s RTT mean=14268 min=9374 max=30560 n=57 to=0 | cancels=0(+0/s) seqbad=0 len_bad=0 disc=0(0x00) | tot_n=10150 tot_to=0 maxever=41932 >2ms=10150 >5ms=10149 >15ms=798 >20ms=679 >30ms=59 | probes=10151 wrfail=0 down=4s maxout=4s
 170.960  t=169s RTT mean=14607 min=11912 max=33209 n=57 to=0 | cancels=0(+0/s) seqbad=0 len_bad=0 disc=0(0x00) | tot_n=10207 tot_to=0 maxever=41932 >2ms=10207 >5ms=10206 >15ms=807 >20ms=688 >30ms=62 | probes=10208 wrfail=0 down=4s maxout=4s
 172.973  t=170s RTT mean=14503 min=8237 max=34410 n=57 to=0 | cancels=0(+0/s) seqbad=0 len_bad=0 disc=0(0x00) | tot_n=10264 tot_to=0 maxever=41932 >2ms=10264 >5ms=10263 >15ms=816 >20ms=697 >30ms=64 | probes=10264 wrfail=0 down=4s maxout=4s
 172.973  t=171s RTT mean=14247 min=10538 max=30560 n=57 to=0 | cancels=0(+0/s) seqbad=0 len_bad=0 disc=0(0x00) | tot_n=10321 tot_to=0 maxever=41932 >2ms=10321 >5ms=10320 >15ms=825 >20ms=706 >30ms=65 | probes=10322 wrfail=0 down=4s maxout=4s
 174.927  t=172s RTT mean=14241 min=10630 max=27163 n=58 to=0 | cancels=0(+0/s) seqbad=0 len_bad=0 disc=0(0x00) | tot_n=10379 tot_to=0 maxever=41932 >2ms=10379 >5ms=10378 >15ms=834 >20ms=715 >30ms=65 | probes=10380 wrfail=0 down=4s maxout=4s
 174.987  t=173s RTT mean=14240 min=8241 max=31698 n=58 to=0 | cancels=0(+0/s) seqbad=0 len_bad=0 disc=0(0x00) | tot_n=10437 tot_to=0 maxever=41932 >2ms=10437 >5ms=10436 >15ms=843 >20ms=724 >30ms=66 | probes=10437 wrfail=0 down=4s maxout=4s
 176.934  t=174s RTT mean=14413 min=11911 max=34407 n=57 to=0 | cancels=0(+0/s) seqbad=0 len_bad=0 disc=0(0x00) | tot_n=10494 tot_to=0 maxever=41932 >2ms=10494 >5ms=10493 >15ms=852 >20ms=733 >30ms=67 | probes=10495 wrfail=0 down=4s maxout=4s
 176.994  t=175s RTT mean=14477 min=5778 max=34410 n=57 to=0 | cancels=0(+0/s) seqbad=0 len_bad=0 disc=0(0x00) | tot_n=10551 tot_to=0 maxever=41932 >2ms=10551 >5ms=10550 >15ms=861 >20ms=742 >30ms=69 | probes=10552 wrfail=0 down=4s maxout=4s
 178.947  t=176s RTT mean=14480 min=7043 max=35757 n=57 to=0 | cancels=0(+0/s) seqbad=0 len_bad=0 disc=0(0x00) | tot_n=10608 tot_to=0 maxever=41932 >2ms=10608 >5ms=10607 >15ms=871 >20ms=751 >30ms=71 | probes=10608 wrfail=0 down=4s maxout=4s
 178.947  t=177s RTT mean=14272 min=11805 max=28104 n=57 to=0 | cancels=0(+0/s) seqbad=0 len_bad=0 disc=0(0x00) | tot_n=10665 tot_to=0 maxever=41932 >2ms=10665 >5ms=10664 >15ms=880 >20ms=760 >30ms=71 | probes=10666 wrfail=0 down=4s maxout=4s
 180.946  t=178s RTT mean=14370 min=10636 max=32956 n=58 to=0 | cancels=0(+0/s) seqbad=0 len_bad=0 disc=0(0x00) | tot_n=10723 tot_to=0 maxever=41932 >2ms=10723 >5ms=10722 >15ms=889 >20ms=769 >30ms=72 | probes=10723 wrfail=0 down=4s maxout=4s
 180.946  t=179s RTT mean=14268 min=8235 max=30616 n=57 to=0 | cancels=0(+0/s) seqbad=0 len_bad=0 disc=0(0x00) | tot_n=10780 tot_to=0 maxever=41932 >2ms=10780 >5ms=10779 >15ms=898 >20ms=778 >30ms=73 | probes=10781 wrfail=0 down=4s maxout=4s
 182.959  t=180s RTT mean=14241 min=8243 max=28106 n=58 to=0 | cancels=0(+0/s) seqbad=0 len_bad=0 disc=0(0x00) | tot_n=10838 tot_to=0 maxever=41932 >2ms=10838 >5ms=10837 >15ms=907 >20ms=787 >30ms=73 | probes=10839 wrfail=0 down=4s maxout=4s
 182.959  t=181s RTT mean=14676 min=11911 max=34406 n=56 to=0 | cancels=0(+0/s) seqbad=0 len_bad=0 disc=0(0x00) | tot_n=10894 tot_to=0 maxever=41932 >2ms=10894 >5ms=10893 >15ms=917 >20ms=796 >30ms=74 | probes=10895 wrfail=0 down=4s maxout=4s
 184.934  t=182s RTT mean=14281 min=8240 max=29304 n=58 to=0 | cancels=0(+0/s) seqbad=0 len_bad=0 disc=0(0x00) | tot_n=10952 tot_to=0 maxever=41932 >2ms=10952 >5ms=10951 >15ms=926 >20ms=805 >30ms=74 | probes=10953 wrfail=0 down=4s maxout=4s
 184.994  t=183s RTT mean=14270 min=11911 max=28010 n=57 to=0 | cancels=0(+0/s) seqbad=0 len_bad=0 disc=0(0x00) | tot_n=11009 tot_to=0 maxever=41932 >2ms=11009 >5ms=11008 >15ms=936 >20ms=814 >30ms=74 | probes=11010 wrfail=0 down=4s maxout=4s
 186.938  t=184s RTT mean=14370 min=10636 max=34409 n=58 to=0 | cancels=0(+0/s) seqbad=0 len_bad=0 disc=0(0x00) | tot_n=11067 tot_to=0 maxever=41932 >2ms=11067 >5ms=11066 >15ms=945 >20ms=823 >30ms=75 | probes=11067 wrfail=0 down=4s maxout=4s
 186.998  PCTL target=50 tot=3443 to=0 p50=11 p90=26 p99=30 p99.9=34 max=41 g30=48 g100=0 (ms/counts)
 186.998  LOADRAMP: target=75 KBps for 60s
 186.998  t=185s RTT mean=14611 min=11910 max=39165 n=56 to=0 | cancels=0(+0/s) seqbad=0 len_bad=0 disc=0(0x00) | tot_n=11123 tot_to=0 maxever=41932 >2ms=11123 >5ms=11122 >15ms=954 >20ms=832 >30ms=77 | probes=11124 wrfail=0 down=4s maxout=4s
 188.988  t=186s RTT mean=16118 min=11911 max=34406 n=52 to=0 | cancels=0(+0/s) seqbad=0 len_bad=0 disc=0(0x00) | tot_n=11175 tot_to=0 maxever=41932 >2ms=11175 >5ms=11174 >15ms=968 >20ms=846 >30ms=78 | probes=11176 wrfail=0 down=4s maxout=4s
 188.988  t=187s RTT mean=16112 min=11912 max=34409 n=52 to=0 | cancels=0(+0/s) seqbad=0 len_bad=0 disc=0(0x00) | tot_n=11227 tot_to=0 maxever=41932 >2ms=11227 >5ms=11226 >15ms=982 >20ms=860 >30ms=79 | probes=11228 wrfail=0 down=4s maxout=4s
 190.973  t=188s RTT mean=15935 min=11911 max=30664 n=52 to=0 | cancels=0(+0/s) seqbad=0 len_bad=0 disc=0(0x00) | tot_n=11279 tot_to=0 maxever=41932 >2ms=11279 >5ms=11278 >15ms=996 >20ms=874 >30ms=80 | probes=11280 wrfail=0 down=4s maxout=4s
 190.973  t=189s RTT mean=16148 min=11911 max=34411 n=53 to=0 | cancels=0(+0/s) seqbad=0 len_bad=0 disc=0(0x00) | tot_n=11332 tot_to=0 maxever=41932 >2ms=11332 >5ms=11331 >15ms=1010 >20ms=888 >30ms=82 | probes=11333 wrfail=0 down=4s maxout=4s
 192.964  t=190s RTT mean=15778 min=11911 max=29208 n=52 to=0 | cancels=0(+0/s) seqbad=0 len_bad=0 disc=0(0x00) | tot_n=11384 tot_to=0 maxever=41932 >2ms=11384 >5ms=11383 >15ms=1023 >20ms=901 >30ms=82 | probes=11385 wrfail=0 down=4s maxout=4s
 192.964  t=191s RTT mean=16205 min=11911 max=31664 n=52 to=0 | cancels=0(+0/s) seqbad=0 len_bad=0 disc=0(0x00) | tot_n=11436 tot_to=0 maxever=41932 >2ms=11436 >5ms=11435 >15ms=1038 >20ms=915 >30ms=84 | probes=11437 wrfail=0 down=4s maxout=4s
 194.983  t=192s RTT mean=15933 min=9371 max=35534 n=53 to=0 | cancels=0(+0/s) seqbad=0 len_bad=0 disc=0(0x00) | tot_n=11489 tot_to=0 maxever=41932 >2ms=11489 >5ms=11488 >15ms=1052 >20ms=929 >30ms=85 | probes=11490 wrfail=0 down=4s maxout=4s
 194.983  t=193s RTT mean=17481 min=5779 max=41813 n=48 to=0 | cancels=0(+0/s) seqbad=0 len_bad=0 disc=0(0x00) | tot_n=11537 tot_to=0 maxever=41932 >2ms=11537 >5ms=11536 >15ms=1069 >20ms=945 >30ms=88 | probes=11538 wrfail=0 down=4s maxout=4s
 196.984  t=194s RTT mean=15745 min=11911 max=30608 n=53 to=0 | cancels=0(+0/s) seqbad=0 len_bad=0 disc=0(0x00) | tot_n=11590 tot_to=0 maxever=41932 >2ms=11590 >5ms=11589 >15ms=1083 >20ms=958 >30ms=89 | probes=11591 wrfail=0 down=4s maxout=4s
 196.985  t=195s RTT mean=15996 min=11911 max=29465 n=53 to=0 | cancels=0(+0/s) seqbad=0 len_bad=0 disc=0(0x00) | tot_n=11643 tot_to=0 maxever=41932 >2ms=11643 >5ms=11642 >15ms=1098 >20ms=972 >30ms=89 | probes=11644 wrfail=0 down=4s maxout=4s
 198.989  t=196s RTT mean=15541 min=8236 max=27163 n=53 to=0 | cancels=0(+0/s) seqbad=0 len_bad=0 disc=0(0x00) | tot_n=11696 tot_to=0 maxever=41932 >2ms=11696 >5ms=11695 >15ms=1111 >20ms=985 >30ms=89 | probes=11697 wrfail=0 down=4s maxout=4s
 198.989  t=197s RTT mean=15892 min=11911 max=31664 n=53 to=0 | cancels=0(+0/s) seqbad=0 len_bad=0 disc=0(0x00) | tot_n=11749 tot_to=0 maxever=41932 >2ms=11749 >5ms=11748 >15ms=1125 >20ms=998 >30ms=91 | probes=11750 wrfail=0 down=4s maxout=4s
 200.974  t=198s RTT mean=16073 min=11912 max=32036 n=52 to=0 | cancels=0(+0/s) seqbad=0 len_bad=0 disc=0(0x00) | tot_n=11801 tot_to=0 maxever=41932 >2ms=11801 >5ms=11800 >15ms=1139 >20ms=1012 >30ms=92 | probes=11802 wrfail=0 down=4s maxout=4s
 200.974  t=199s RTT mean=15773 min=5778 max=28109 n=53 to=0 | cancels=0(+0/s) seqbad=0 len_bad=0 disc=0(0x00) | tot_n=11854 tot_to=0 maxever=41932 >2ms=11854 >5ms=11853 >15ms=1153 >20ms=1026 >30ms=92 | probes=11855 wrfail=0 down=4s maxout=4s
 202.965  t=200s RTT mean=15989 min=11912 max=34404 n=53 to=0 | cancels=0(+0/s) seqbad=0 len_bad=0 disc=0(0x00) | tot_n=11907 tot_to=0 maxever=41932 >2ms=11907 >5ms=11906 >15ms=1167 >20ms=1040 >30ms=93 | probes=11908 wrfail=0 down=4s maxout=4s
 202.965  t=201s RTT mean=16068 min=11911 max=34155 n=52 to=0 | cancels=0(+0/s) seqbad=0 len_bad=0 disc=0(0x00) | tot_n=11959 tot_to=0 maxever=41932 >2ms=11959 >5ms=11958 >15ms=1181 >20ms=1054 >30ms=94 | probes=11960 wrfail=0 down=4s maxout=4s
 204.943  t=202s RTT mean=15950 min=11911 max=28126 n=52 to=0 | cancels=0(+0/s) seqbad=0 len_bad=0 disc=0(0x00) | tot_n=12011 tot_to=0 maxever=41932 >2ms=12011 >5ms=12010 >15ms=1195 >20ms=1068 >30ms=94 | probes=12012 wrfail=0 down=4s maxout=4s
 204.999  t=203s RTT mean=15764 min=11912 max=30609 n=53 to=0 | cancels=0(+0/s) seqbad=0 len_bad=0 disc=0(0x00) | tot_n=12064 tot_to=0 maxever=41932 >2ms=12064 >5ms=12063 >15ms=1209 >20ms=1081 >30ms=95 | probes=12065 wrfail=0 down=4s maxout=4s
 206.989  t=204s RTT mean=15862 min=11911 max=30500 n=53 to=0 | cancels=0(+0/s) seqbad=0 len_bad=0 disc=0(0x00) | tot_n=12117 tot_to=0 maxever=41932 >2ms=12117 >5ms=12116 >15ms=1223 >20ms=1095 >30ms=96 | probes=12118 wrfail=0 down=4s maxout=4s
 206.989  t=205s RTT mean=16084 min=11912 max=33116 n=52 to=0 | cancels=0(+0/s) seqbad=0 len_bad=0 disc=0(0x00) | tot_n=12169 tot_to=0 maxever=41932 >2ms=12169 >5ms=12168 >15ms=1237 >20ms=1109 >30ms=98 | probes=12170 wrfail=0 down=4s maxout=4s
 208.974  t=206s RTT mean=15845 min=11911 max=28108 n=53 to=0 | cancels=0(+0/s) seqbad=0 len_bad=0 disc=0(0x00) | tot_n=12222 tot_to=0 maxever=41932 >2ms=12222 >5ms=12221 >15ms=1251 >20ms=1123 >30ms=98 | probes=12223 wrfail=0 down=4s maxout=4s
 208.974  t=207s RTT mean=15993 min=11911 max=32955 n=53 to=0 | cancels=0(+0/s) seqbad=0 len_bad=0 disc=0(0x00) | tot_n=12275 tot_to=0 maxever=41932 >2ms=12275 >5ms=12274 >15ms=1265 >20ms=1136 >30ms=100 | probes=12276 wrfail=0 down=4s maxout=4s
 210.954  t=208s RTT mean=15842 min=5779 max=33202 n=52 to=0 | cancels=0(+0/s) seqbad=0 len_bad=0 disc=0(0x00) | tot_n=12327 tot_to=0 maxever=41932 >2ms=12327 >5ms=12326 >15ms=1279 >20ms=1149 >30ms=101 | probes=12328 wrfail=0 down=4s maxout=4s
 211.014  t=209s RTT mean=16372 min=11911 max=31665 n=52 to=0 | cancels=0(+0/s) seqbad=0 len_bad=0 disc=0(0x00) | tot_n=12379 tot_to=0 maxever=41932 >2ms=12379 >5ms=12378 >15ms=1294 >20ms=1163 >30ms=104 | probes=12380 wrfail=0 down=4s maxout=4s
 212.959  t=210s RTT mean=16032 min=10506 max=30580 n=52 to=0 | cancels=0(+0/s) seqbad=0 len_bad=0 disc=0(0x00) | tot_n=12431 tot_to=0 maxever=41932 >2ms=12431 >5ms=12430 >15ms=1308 >20ms=1177 >30ms=106 | probes=12432 wrfail=0 down=4s maxout=4s
 212.959  t=211s RTT mean=15597 min=5779 max=27174 n=53 to=0 | cancels=0(+0/s) seqbad=0 len_bad=0 disc=0(0x00) | tot_n=12484 tot_to=0 maxever=41932 >2ms=12484 >5ms=12483 >15ms=1322 >20ms=1190 >30ms=106 | probes=12485 wrfail=0 down=4s maxout=4s
 214.959  t=212s RTT mean=15866 min=11911 max=31666 n=53 to=0 | cancels=0(+0/s) seqbad=0 len_bad=0 disc=0(0x00) | tot_n=12537 tot_to=0 maxever=41932 >2ms=12537 >5ms=12536 >15ms=1336 >20ms=1203 >30ms=108 | probes=12538 wrfail=0 down=4s maxout=4s
 214.959  t=213s RTT mean=15755 min=5779 max=28106 n=53 to=0 | cancels=0(+0/s) seqbad=0 len_bad=0 disc=0(0x00) | tot_n=12590 tot_to=0 maxever=41932 >2ms=12590 >5ms=12589 >15ms=1350 >20ms=1217 >30ms=108 | probes=12591 wrfail=0 down=4s maxout=4s
 216.971  t=214s RTT mean=15834 min=5778 max=31919 n=53 to=0 | cancels=0(+0/s) seqbad=0 len_bad=0 disc=0(0x00) | tot_n=12643 tot_to=0 maxever=41932 >2ms=12643 >5ms=12642 >15ms=1364 >20ms=1231 >30ms=109 | probes=12644 wrfail=0 down=4s maxout=4s
 216.971  t=215s RTT mean=15951 min=11912 max=41910 n=52 to=0 | cancels=0(+0/s) seqbad=0 len_bad=0 disc=0(0x00) | tot_n=12695 tot_to=0 maxever=41932 >2ms=12695 >5ms=12694 >15ms=1377 >20ms=1243 >30ms=111 | probes=12696 wrfail=0 down=4s maxout=4s
 218.984  t=216s RTT mean=17060 min=5779 max=50602 n=50 to=0 | cancels=0(+0/s) seqbad=0 len_bad=0 disc=0(0x00) | tot_n=12745 tot_to=0 maxever=50602 >2ms=12745 >5ms=12744 >15ms=1392 >20ms=1257 >30ms=113 | probes=12746 wrfail=0 down=4s maxout=4s
 218.984  t=217s RTT mean=15681 min=5779 max=28066 n=53 to=0 | cancels=0(+0/s) seqbad=0 len_bad=0 disc=0(0x00) | tot_n=12798 tot_to=0 maxever=50602 >2ms=12798 >5ms=12797 >15ms=1406 >20ms=1271 >30ms=113 | probes=12799 wrfail=0 down=4s maxout=4s
 220.975  t=218s RTT mean=15915 min=11911 max=28107 n=53 to=0 | cancels=0(+0/s) seqbad=0 len_bad=0 disc=0(0x00) | tot_n=12851 tot_to=0 maxever=50602 >2ms=12851 >5ms=12850 >15ms=1421 >20ms=1284 >30ms=113 | probes=12852 wrfail=0 down=4s maxout=4s
 220.975  t=219s RTT mean=15715 min=5778 max=29303 n=53 to=0 | cancels=0(+0/s) seqbad=0 len_bad=0 disc=0(0x00) | tot_n=12904 tot_to=0 maxever=50602 >2ms=12904 >5ms=12903 >15ms=1435 >20ms=1298 >30ms=113 | probes=12905 wrfail=0 down=4s maxout=4s
 222.963  t=220s RTT mean=16077 min=11660 max=33205 n=52 to=0 | cancels=0(+0/s) seqbad=0 len_bad=0 disc=0(0x00) | tot_n=12956 tot_to=0 maxever=50602 >2ms=12956 >5ms=12955 >15ms=1449 >20ms=1312 >30ms=114 | probes=12957 wrfail=0 down=4s maxout=4s
 222.963  t=221s RTT mean=15864 min=11912 max=28106 n=53 to=0 | cancels=0(+0/s) seqbad=0 len_bad=0 disc=0(0x00) | tot_n=13009 tot_to=0 maxever=50602 >2ms=13009 >5ms=13008 >15ms=1463 >20ms=1326 >30ms=114 | probes=13010 wrfail=0 down=4s maxout=4s
 224.936  t=222s RTT mean=15685 min=5779 max=28007 n=53 to=0 | cancels=0(+0/s) seqbad=0 len_bad=0 disc=0(0x00) | tot_n=13062 tot_to=0 maxever=50602 >2ms=13062 >5ms=13061 >15ms=1477 >20ms=1340 >30ms=114 | probes=13063 wrfail=0 down=4s maxout=4s
 224.996  t=223s RTT mean=15753 min=5779 max=28107 n=53 to=0 | cancels=0(+0/s) seqbad=0 len_bad=0 disc=0(0x00) | tot_n=13115 tot_to=0 maxever=50602 >2ms=13115 >5ms=13114 >15ms=1491 >20ms=1354 >30ms=114 | probes=13116 wrfail=0 down=4s maxout=4s
 226.940  t=224s RTT mean=15871 min=11911 max=28103 n=53 to=0 | cancels=0(+0/s) seqbad=0 len_bad=0 disc=0(0x00) | tot_n=13168 tot_to=0 maxever=50602 >2ms=13168 >5ms=13167 >15ms=1505 >20ms=1368 >30ms=114 | probes=13169 wrfail=0 down=4s maxout=4s
 227.000  t=225s RTT mean=15777 min=11911 max=28107 n=53 to=0 | cancels=0(+0/s) seqbad=0 len_bad=0 disc=0(0x00) | tot_n=13221 tot_to=0 maxever=50602 >2ms=13221 >5ms=13220 >15ms=1519 >20ms=1381 >30ms=114 | probes=13222 wrfail=0 down=4s maxout=4s
 228.936  t=226s RTT mean=16056 min=11912 max=34430 n=52 to=0 | cancels=0(+0/s) seqbad=0 len_bad=0 disc=0(0x00) | tot_n=13273 tot_to=0 maxever=50602 >2ms=13273 >5ms=13272 >15ms=1533 >20ms=1395 >30ms=116 | probes=13274 wrfail=0 down=4s maxout=4s
 228.996  t=227s RTT mean=15867 min=11911 max=28106 n=53 to=0 | cancels=0(+0/s) seqbad=0 len_bad=0 disc=0(0x00) | tot_n=13326 tot_to=0 maxever=50602 >2ms=13326 >5ms=13325 >15ms=1547 >20ms=1409 >30ms=116 | probes=13327 wrfail=0 down=4s maxout=4s
 230.973  t=228s RTT mean=15849 min=5779 max=34407 n=53 to=0 | cancels=0(+0/s) seqbad=0 len_bad=0 disc=0(0x00) | tot_n=13379 tot_to=0 maxever=50602 >2ms=13379 >5ms=13378 >15ms=1561 >20ms=1423 >30ms=117 | probes=13380 wrfail=0 down=4s maxout=4s
 230.973  t=229s RTT mean=15564 min=5780 max=36803 n=52 to=0 | cancels=0(+0/s) seqbad=0 len_bad=0 disc=0(0x00) | tot_n=13431 tot_to=0 maxever=50602 >2ms=13431 >5ms=13430 >15ms=1574 >20ms=1435 >30ms=118 | probes=13432 wrfail=0 down=4s maxout=4s
 232.954  t=230s RTT mean=22550 min=11912 max=49399 n=40 to=0 | cancels=0(+0/s) seqbad=0 len_bad=0 disc=0(0x00) | tot_n=13471 tot_to=0 maxever=50602 >2ms=13471 >5ms=13470 >15ms=1599 >20ms=1452 >30ms=129 | probes=13472 wrfail=0 down=4s maxout=4s
 233.014  t=231s RTT mean=20824 min=5779 max=50514 n=42 to=0 | cancels=0(+0/s) seqbad=0 len_bad=0 disc=0(0x00) | tot_n=13513 tot_to=0 maxever=50602 >2ms=13513 >5ms=13512 >15ms=1620 >20ms=1466 >30ms=138 | probes=13514 wrfail=0 down=4s maxout=4s
 234.954  t=232s RTT mean=23332 min=11913 max=53169 n=38 to=0 | cancels=0(+0/s) seqbad=0 len_bad=0 disc=0(0x00) | tot_n=13551 tot_to=0 maxever=53169 >2ms=13551 >5ms=13550 >15ms=1648 >20ms=1485 >30ms=144 | probes=13552 wrfail=0 down=4s maxout=4s
 235.014  t=233s RTT mean=16556 min=11911 max=31920 n=51 to=0 | cancels=0(+0/s) seqbad=0 len_bad=0 disc=0(0x00) | tot_n=13602 tot_to=0 maxever=53169 >2ms=13602 >5ms=13601 >15ms=1664 >20ms=1500 >30ms=145 | probes=13603 wrfail=0 down=4s maxout=4s
 236.964  t=234s RTT mean=15830 min=11912 max=28361 n=52 to=0 | cancels=0(+0/s) seqbad=0 len_bad=0 disc=0(0x00) | tot_n=13654 tot_to=0 maxever=53169 >2ms=13654 >5ms=13653 >15ms=1678 >20ms=1513 >30ms=145 | probes=13655 wrfail=0 down=4s maxout=4s
 236.964  t=235s RTT mean=15935 min=5779 max=28107 n=54 to=0 | cancels=0(+0/s) seqbad=0 len_bad=0 disc=0(0x00) | tot_n=13708 tot_to=0 maxever=53169 >2ms=13708 >5ms=13707 >15ms=1693 >20ms=1528 >30ms=145 | probes=13708 wrfail=0 down=4s maxout=4s
 238.966  t=236s RTT mean=15817 min=11912 max=34426 n=52 to=0 | cancels=0(+0/s) seqbad=0 len_bad=0 disc=0(0x00) | tot_n=13760 tot_to=0 maxever=53169 >2ms=13760 >5ms=13759 >15ms=1707 >20ms=1541 >30ms=146 | probes=13761 wrfail=0 down=4s maxout=4s
 238.966  t=237s RTT mean=15562 min=5778 max=28107 n=53 to=0 | cancels=0(+0/s) seqbad=0 len_bad=0 disc=0(0x00) | tot_n=13813 tot_to=0 maxever=53169 >2ms=13813 >5ms=13812 >15ms=1721 >20ms=1554 >30ms=146 | probes=13814 wrfail=0 down=4s maxout=4s
 240.956  t=238s RTT mean=16638 min=11911 max=34407 n=51 to=0 | cancels=0(+0/s) seqbad=0 len_bad=0 disc=0(0x00) | tot_n=13864 tot_to=0 maxever=53169 >2ms=13864 >5ms=13863 >15ms=1737 >20ms=1568 >30ms=148 | probes=13865 wrfail=0 down=4s maxout=4s
 241.016  t=239s RTT mean=16055 min=11911 max=33117 n=52 to=0 | cancels=0(+0/s) seqbad=0 len_bad=0 disc=0(0x00) | tot_n=13916 tot_to=0 maxever=53169 >2ms=13916 >5ms=13915 >15ms=1751 >20ms=1582 >30ms=150 | probes=13917 wrfail=0 down=4s maxout=4s
 242.975  t=240s RTT mean=15749 min=5779 max=30501 n=53 to=0 | cancels=0(+0/s) seqbad=0 len_bad=0 disc=0(0x00) | tot_n=13969 tot_to=0 maxever=53169 >2ms=13969 >5ms=13968 >15ms=1765 >20ms=1596 >30ms=151 | probes=13970 wrfail=0 down=4s maxout=4s
 242.975  t=241s RTT mean=15929 min=5781 max=31669 n=54 to=0 | cancels=0(+0/s) seqbad=0 len_bad=0 disc=0(0x00) | tot_n=14023 tot_to=0 maxever=53169 >2ms=14023 >5ms=14022 >15ms=1780 >20ms=1610 >30ms=153 | probes=14023 wrfail=0 down=4s maxout=4s
 244.994  t=242s RTT mean=15634 min=11911 max=28106 n=52 to=0 | cancels=0(+0/s) seqbad=0 len_bad=0 disc=0(0x00) | tot_n=14075 tot_to=0 maxever=53169 >2ms=14075 >5ms=14074 >15ms=1793 >20ms=1623 >30ms=153 | probes=14076 wrfail=0 down=4s maxout=4s
 244.994  t=243s RTT mean=15733 min=11911 max=28107 n=53 to=0 | cancels=0(+0/s) seqbad=0 len_bad=0 disc=0(0x00) | tot_n=14128 tot_to=0 maxever=53169 >2ms=14128 >5ms=14127 >15ms=1807 >20ms=1636 >30ms=153 | probes=14129 wrfail=0 down=4s maxout=4s
 246.986  t=244s RTT mean=15871 min=11911 max=29296 n=53 to=0 | cancels=0(+0/s) seqbad=0 len_bad=0 disc=0(0x00) | tot_n=14181 tot_to=0 maxever=53169 >2ms=14181 >5ms=14180 >15ms=1821 >20ms=1650 >30ms=153 | probes=14182 wrfail=0 down=4s maxout=4s
 246.986  PCTL target=75 tot=3111 to=0 p50=11 p90=26 p99=34 p99.9=49 max=53 g30=78 g100=0 (ms/counts)
 246.986  LOADRAMP: target=100 KBps for 60s
 246.986  t=245s RTT mean=15781 min=11911 max=34410 n=52 to=0 | cancels=0(+0/s) seqbad=0 len_bad=0 disc=0(0x00) | tot_n=14233 tot_to=0 maxever=53169 >2ms=14233 >5ms=14232 >15ms=1834 >20ms=1663 >30ms=154 | probes=14234 wrfail=0 down=4s maxout=4s
 248.984  t=246s RTT mean=31875 min=11914 max=73008 n=29 to=0 | cancels=0(+0/s) seqbad=0 len_bad=0 disc=0(0x00) | tot_n=14262 tot_to=0 maxever=73008 >2ms=14262 >5ms=14261 >15ms=1856 >20ms=1684 >30ms=169 | probes=14263 wrfail=0 down=4s maxout=4s
 248.984  t=247s RTT mean=23390 min=10634 max=49406 n=37 to=0 | cancels=0(+0/s) seqbad=0 len_bad=0 disc=0(0x00) | tot_n=14299 tot_to=0 maxever=73008 >2ms=14299 >5ms=14298 >15ms=1880 >20ms=1704 >30ms=176 | probes=14300 wrfail=0 down=4s maxout=4s
 250.969  t=248s RTT mean=21188 min=8238 max=49406 n=42 to=0 | cancels=0(+0/s) seqbad=0 len_bad=0 disc=0(0x00) | tot_n=14341 tot_to=0 maxever=73008 >2ms=14341 >5ms=14340 >15ms=1902 >20ms=1725 >30ms=181 | probes=14342 wrfail=0 down=4s maxout=4s
 250.969  t=249s RTT mean=17300 min=5771 max=29303 n=49 to=0 | cancels=0(+0/s) seqbad=0 len_bad=0 disc=0(0x00) | tot_n=14390 tot_to=0 maxever=73008 >2ms=14390 >5ms=14389 >15ms=1920 >20ms=1743 >30ms=181 | probes=14391 wrfail=0 down=4s maxout=4s
 252.976  t=250s RTT mean=17539 min=8237 max=34406 n=49 to=0 | cancels=0(+0/s) seqbad=0 len_bad=0 disc=0(0x00) | tot_n=14439 tot_to=0 maxever=73008 >2ms=14439 >5ms=14438 >15ms=1938 >20ms=1761 >30ms=182 | probes=14440 wrfail=0 down=4s maxout=4s
 252.976  t=251s RTT mean=18018 min=8238 max=34406 n=47 to=0 | cancels=0(+0/s) seqbad=0 len_bad=0 disc=0(0x00) | tot_n=14486 tot_to=0 maxever=73008 >2ms=14486 >5ms=14485 >15ms=1957 >20ms=1779 >30ms=184 | probes=14487 wrfail=0 down=4s maxout=4s
 254.946  t=252s RTT mean=17640 min=11911 max=29567 n=48 to=0 | cancels=0(+0/s) seqbad=0 len_bad=0 disc=0(0x00) | tot_n=14534 tot_to=0 maxever=73008 >2ms=14534 >5ms=14533 >15ms=1976 >20ms=1797 >30ms=184 | probes=14535 wrfail=0 down=4s maxout=4s
 255.006  t=253s RTT mean=17786 min=9435 max=31922 n=48 to=0 | cancels=0(+0/s) seqbad=0 len_bad=0 disc=0(0x00) | tot_n=14582 tot_to=0 maxever=73008 >2ms=14582 >5ms=14581 >15ms=1994 >20ms=1815 >30ms=187 | probes=14583 wrfail=0 down=4s maxout=4s
 256.943  t=254s RTT mean=17308 min=5779 max=28107 n=49 to=0 | cancels=0(+0/s) seqbad=0 len_bad=0 disc=0(0x00) | tot_n=14631 tot_to=0 maxever=73008 >2ms=14631 >5ms=14630 >15ms=2012 >20ms=1833 >30ms=187 | probes=14632 wrfail=0 down=4s maxout=4s
 257.003  t=255s RTT mean=17420 min=5778 max=28104 n=50 to=0 | cancels=0(+0/s) seqbad=0 len_bad=0 disc=0(0x00) | tot_n=14681 tot_to=0 maxever=73008 >2ms=14681 >5ms=14680 >15ms=2031 >20ms=1852 >30ms=187 | probes=14681 wrfail=0 down=4s maxout=4s
 258.948  t=256s RTT mean=17238 min=9436 max=29304 n=48 to=0 | cancels=0(+0/s) seqbad=0 len_bad=0 disc=0(0x00) | tot_n=14729 tot_to=0 maxever=73008 >2ms=14729 >5ms=14728 >15ms=2048 >20ms=1869 >30ms=187 | probes=14730 wrfail=0 down=4s maxout=4s
 259.008  t=257s RTT mean=17677 min=11911 max=29305 n=48 to=0 | cancels=0(+0/s) seqbad=0 len_bad=0 disc=0(0x00) | tot_n=14777 tot_to=0 maxever=73008 >2ms=14777 >5ms=14776 >15ms=2067 >20ms=1887 >30ms=187 | probes=14778 wrfail=0 down=4s maxout=4s
 260.994  t=258s RTT mean=17666 min=8238 max=34234 n=48 to=0 | cancels=0(+0/s) seqbad=0 len_bad=0 disc=0(0x00) | tot_n=14825 tot_to=0 maxever=73008 >2ms=14825 >5ms=14824 >15ms=2085 >20ms=1905 >30ms=189 | probes=14826 wrfail=0 down=4s maxout=4s
 260.994  t=259s RTT mean=17824 min=10598 max=34316 n=48 to=0 | cancels=0(+0/s) seqbad=0 len_bad=0 disc=0(0x00) | tot_n=14873 tot_to=0 maxever=73008 >2ms=14873 >5ms=14872 >15ms=2105 >20ms=1923 >30ms=190 | probes=14874 wrfail=0 down=4s maxout=4s
 262.964  t=260s RTT mean=17681 min=10634 max=31665 n=48 to=0 | cancels=0(+0/s) seqbad=0 len_bad=0 disc=0(0x00) | tot_n=14921 tot_to=0 maxever=73008 >2ms=14921 >5ms=14920 >15ms=2123 >20ms=1941 >30ms=191 | probes=14922 wrfail=0 down=4s maxout=4s
 263.024  t=261s RTT mean=17828 min=9437 max=34314 n=48 to=0 | cancels=0(+0/s) seqbad=0 len_bad=0 disc=0(0x00) | tot_n=14969 tot_to=0 maxever=73008 >2ms=14969 >5ms=14968 >15ms=2141 >20ms=1959 >30ms=194 | probes=14970 wrfail=0 down=4s maxout=4s
 264.947  t=262s RTT mean=17630 min=11911 max=28118 n=48 to=0 | cancels=0(+0/s) seqbad=0 len_bad=0 disc=0(0x00) | tot_n=15017 tot_to=0 maxever=73008 >2ms=15017 >5ms=15016 >15ms=2160 >20ms=1977 >30ms=194 | probes=15018 wrfail=0 down=4s maxout=4s
 265.005  t=263s RTT mean=17738 min=9435 max=34406 n=48 to=0 | cancels=0(+0/s) seqbad=0 len_bad=0 disc=0(0x00) | tot_n=15065 tot_to=0 maxever=73008 >2ms=15065 >5ms=15064 >15ms=2178 >20ms=1995 >30ms=195 | probes=15066 wrfail=0 down=4s maxout=4s
 266.988  t=264s RTT mean=17857 min=8238 max=34313 n=49 to=0 | cancels=0(+0/s) seqbad=0 len_bad=0 disc=0(0x00) | tot_n=15114 tot_to=0 maxever=73008 >2ms=15114 >5ms=15113 >15ms=2197 >20ms=2014 >30ms=197 | probes=15114 wrfail=0 down=4s maxout=4s
 266.988  t=265s RTT mean=17771 min=9402 max=31662 n=47 to=0 | cancels=0(+0/s) seqbad=0 len_bad=0 disc=0(0x00) | tot_n=15161 tot_to=0 maxever=73008 >2ms=15161 >5ms=15160 >15ms=2216 >20ms=2032 >30ms=198 | probes=15162 wrfail=0 down=4s maxout=4s
 268.962  t=266s RTT mean=17694 min=8239 max=28124 n=49 to=0 | cancels=0(+0/s) seqbad=0 len_bad=0 disc=0(0x00) | tot_n=15210 tot_to=0 maxever=73008 >2ms=15210 >5ms=15209 >15ms=2235 >20ms=2051 >30ms=198 | probes=15210 wrfail=0 down=4s maxout=4s
 269.023  t=267s RTT mean=17268 min=8238 max=28360 n=48 to=0 | cancels=0(+0/s) seqbad=0 len_bad=0 disc=0(0x00) | tot_n=15258 tot_to=0 maxever=73008 >2ms=15258 >5ms=15257 >15ms=2252 >20ms=2068 >30ms=198 | probes=15259 wrfail=0 down=4s maxout=4s
 270.998  t=268s RTT mean=17385 min=8237 max=29202 n=49 to=0 | cancels=0(+0/s) seqbad=0 len_bad=0 disc=0(0x00) | tot_n=15307 tot_to=0 maxever=73008 >2ms=15307 >5ms=15306 >15ms=2270 >20ms=2086 >30ms=198 | probes=15308 wrfail=0 down=4s maxout=4s
 270.998  t=269s RTT mean=17728 min=5779 max=31853 n=49 to=0 | cancels=0(+0/s) seqbad=0 len_bad=0 disc=0(0x00) | tot_n=15356 tot_to=0 maxever=73008 >2ms=15356 >5ms=15355 >15ms=2289 >20ms=2105 >30ms=199 | probes=15356 wrfail=0 down=4s maxout=4s
 272.988  t=270s RTT mean=17212 min=8238 max=28360 n=48 to=0 | cancels=0(+0/s) seqbad=0 len_bad=0 disc=0(0x00) | tot_n=15404 tot_to=0 maxever=73008 >2ms=15404 >5ms=15403 >15ms=2306 >20ms=2122 >30ms=199 | probes=15405 wrfail=0 down=4s maxout=4s
 272.989  t=271s RTT mean=17677 min=8241 max=34313 n=48 to=0 | cancels=0(+0/s) seqbad=0 len_bad=0 disc=0(0x00) | tot_n=15452 tot_to=0 maxever=73008 >2ms=15452 >5ms=15451 >15ms=2324 >20ms=2140 >30ms=200 | probes=15453 wrfail=0 down=4s maxout=4s
 274.999  t=272s RTT mean=17881 min=8237 max=34430 n=49 to=0 | cancels=0(+0/s) seqbad=0 len_bad=0 disc=0(0x00) | tot_n=15501 tot_to=0 maxever=73008 >2ms=15501 >5ms=15500 >15ms=2343 >20ms=2159 >30ms=201 | probes=15501 wrfail=0 down=4s maxout=4s
 274.999  t=273s RTT mean=17666 min=8238 max=34314 n=48 to=0 | cancels=0(+0/s) seqbad=0 len_bad=0 disc=0(0x00) | tot_n=15549 tot_to=0 maxever=73008 >2ms=15549 >5ms=15548 >15ms=2361 >20ms=2177 >30ms=203 | probes=15550 wrfail=0 down=4s maxout=4s
 276.947  t=274s RTT mean=17350 min=10633 max=31919 n=48 to=0 | cancels=0(+0/s) seqbad=0 len_bad=0 disc=0(0x00) | tot_n=15597 tot_to=0 maxever=73008 >2ms=15597 >5ms=15596 >15ms=2378 >20ms=2194 >30ms=204 | probes=15598 wrfail=0 down=4s maxout=4s
 277.007  t=275s RTT mean=18005 min=11911 max=35606 n=48 to=0 | cancels=0(+0/s) seqbad=0 len_bad=0 disc=0(0x00) | tot_n=15645 tot_to=0 maxever=73008 >2ms=15645 >5ms=15644 >15ms=2396 >20ms=2212 >30ms=207 | probes=15646 wrfail=0 down=4s maxout=4s
 278.978  t=276s RTT mean=26480 min=8237 max=65613 n=34 to=0 | cancels=0(+0/s) seqbad=0 len_bad=0 disc=0(0x00) | tot_n=15679 tot_to=0 maxever=73008 >2ms=15679 >5ms=15678 >15ms=2419 >20ms=2234 >30ms=219 | probes=15680 wrfail=0 down=4s maxout=4s
 278.978  t=277s RTT mean=28986 min=8236 max=73010 n=31 to=0 | cancels=0(+0/s) seqbad=0 len_bad=0 disc=0(0x00) | tot_n=15710 tot_to=0 maxever=73010 >2ms=15710 >5ms=15709 >15ms=2444 >20ms=2255 >30ms=234 | probes=15711 wrfail=0 down=4s maxout=4s
 280.995  t=278s RTT mean=20270 min=5779 max=43107 n=43 to=0 | cancels=0(+0/s) seqbad=0 len_bad=0 disc=0(0x00) | tot_n=15753 tot_to=0 maxever=73010 >2ms=15753 >5ms=15752 >15ms=2464 >20ms=2275 >30ms=241 | probes=15754 wrfail=0 down=4s maxout=4s
 280.995  t=279s RTT mean=17308 min=3134 max=30664 n=49 to=0 | cancels=0(+0/s) seqbad=0 len_bad=0 disc=0(0x00) | tot_n=15802 tot_to=0 maxever=73010 >2ms=15802 >5ms=15800 >15ms=2482 >20ms=2293 >30ms=242 | probes=15803 wrfail=0 down=4s maxout=4s
 282.975  t=280s RTT mean=17657 min=11911 max=34406 n=48 to=0 | cancels=0(+0/s) seqbad=0 len_bad=0 disc=0(0x00) | tot_n=15850 tot_to=0 maxever=73010 >2ms=15850 >5ms=15848 >15ms=2500 >20ms=2310 >30ms=244 | probes=15851 wrfail=0 down=4s maxout=4s
 282.975  t=281s RTT mean=17824 min=8238 max=30498 n=48 to=0 | cancels=0(+0/s) seqbad=0 len_bad=0 disc=0(0x00) | tot_n=15898 tot_to=0 maxever=73010 >2ms=15898 >5ms=15896 >15ms=2519 >20ms=2329 >30ms=245 | probes=15899 wrfail=0 down=4s maxout=4s
 284.972  t=282s RTT mean=17423 min=3133 max=27163 n=49 to=0 | cancels=0(+0/s) seqbad=0 len_bad=0 disc=0(0x00) | tot_n=15947 tot_to=0 maxever=73010 >2ms=15947 >5ms=15944 >15ms=2538 >20ms=2347 >30ms=245 | probes=15947 wrfail=0 down=4s maxout=4s
 284.972  t=283s RTT mean=17225 min=3133 max=32956 n=48 to=0 | cancels=0(+0/s) seqbad=0 len_bad=0 disc=0(0x00) | tot_n=15995 tot_to=0 maxever=73010 >2ms=15995 >5ms=15991 >15ms=2555 >20ms=2364 >30ms=246 | probes=15996 wrfail=0 down=4s maxout=4s
 287.002  t=284s RTT mean=17753 min=9435 max=28127 n=49 to=0 | cancels=0(+0/s) seqbad=0 len_bad=0 disc=0(0x00) | tot_n=16044 tot_to=0 maxever=73010 >2ms=16044 >5ms=16040 >15ms=2574 >20ms=2383 >30ms=246 | probes=16045 wrfail=0 down=4s maxout=4s
 287.002  t=285s RTT mean=17214 min=8239 max=28108 n=48 to=0 | cancels=0(+0/s) seqbad=0 len_bad=0 disc=0(0x00) | tot_n=16092 tot_to=0 maxever=73010 >2ms=16092 >5ms=16088 >15ms=2591 >20ms=2400 >30ms=246 | probes=16093 wrfail=0 down=4s maxout=4s
 288.957  t=286s RTT mean=17462 min=8238 max=28011 n=50 to=0 | cancels=0(+0/s) seqbad=0 len_bad=0 disc=0(0x00) | tot_n=16142 tot_to=0 maxever=73010 >2ms=16142 >5ms=16138 >15ms=2610 >20ms=2419 >30ms=246 | probes=16142 wrfail=0 down=4s maxout=4s
 289.017  t=287s RTT mean=17253 min=5779 max=28107 n=49 to=0 | cancels=0(+0/s) seqbad=0 len_bad=0 disc=0(0x00) | tot_n=16191 tot_to=0 maxever=73010 >2ms=16191 >5ms=16187 >15ms=2628 >20ms=2437 >30ms=246 | probes=16192 wrfail=0 down=4s maxout=4s
 290.949  t=288s RTT mean=17666 min=8238 max=34314 n=48 to=0 | cancels=0(+0/s) seqbad=0 len_bad=0 disc=0(0x00) | tot_n=16239 tot_to=0 maxever=73010 >2ms=16239 >5ms=16235 >15ms=2646 >20ms=2455 >30ms=248 | probes=16240 wrfail=0 down=4s maxout=4s
 291.009  t=289s RTT mean=17353 min=11911 max=28104 n=48 to=0 | cancels=0(+0/s) seqbad=0 len_bad=0 disc=0(0x00) | tot_n=16287 tot_to=0 maxever=73010 >2ms=16287 >5ms=16283 >15ms=2664 >20ms=2472 >30ms=248 | probes=16288 wrfail=0 down=4s maxout=4s
 292.953  t=290s RTT mean=17788 min=5779 max=34411 n=48 to=0 | cancels=0(+0/s) seqbad=0 len_bad=0 disc=0(0x00) | tot_n=16335 tot_to=0 maxever=73010 >2ms=16335 >5ms=16331 >15ms=2682 >20ms=2490 >30ms=251 | probes=16336 wrfail=0 down=4s maxout=4s
 293.013  t=291s RTT mean=20881 min=8239 max=50603 n=42 to=0 | cancels=0(+0/s) seqbad=0 len_bad=0 disc=0(0x00) | tot_n=16377 tot_to=0 maxever=73010 >2ms=16377 >5ms=16373 >15ms=2702 >20ms=2508 >30ms=259 | probes=16378 wrfail=0 down=4s maxout=4s
 294.971  t=292s RTT mean=27545 min=3132 max=49429 n=33 to=0 | cancels=0(+0/s) seqbad=0 len_bad=0 disc=0(0x00) | tot_n=16410 tot_to=0 maxever=73010 >2ms=16410 >5ms=16405 >15ms=2729 >20ms=2528 >30ms=274 | probes=16411 wrfail=0 down=4s maxout=4s
 295.031  t=293s RTT mean=28907 min=5779 max=63116 n=30 to=0 | cancels=0(+0/s) seqbad=0 len_bad=0 disc=0(0x00) | tot_n=16440 tot_to=0 maxever=73010 >2ms=16440 >5ms=16435 >15ms=2750 >20ms=2545 >30ms=289 | probes=16441 wrfail=0 down=4s maxout=4s
 296.985  t=294s RTT mean=19441 min=8238 max=58097 n=45 to=0 | cancels=0(+0/s) seqbad=0 len_bad=0 disc=0(0x00) | tot_n=16485 tot_to=0 maxever=73010 >2ms=16485 >5ms=16480 >15ms=2771 >20ms=2565 >30ms=290 | probes=16486 wrfail=0 down=4s maxout=4s
 296.985  t=295s RTT mean=17798 min=11912 max=29208 n=49 to=0 | cancels=0(+0/s) seqbad=0 len_bad=0 disc=0(0x00) | tot_n=16534 tot_to=0 maxever=73010 >2ms=16534 >5ms=16529 >15ms=2791 >20ms=2584 >30ms=290 | probes=16535 wrfail=0 down=4s maxout=4s
 298.985  t=296s RTT mean=17410 min=5779 max=31919 n=49 to=0 | cancels=0(+0/s) seqbad=0 len_bad=0 disc=0(0x00) | tot_n=16583 tot_to=0 maxever=73010 >2ms=16583 >5ms=16578 >15ms=2809 >20ms=2602 >30ms=291 | probes=16583 wrfail=0 down=4s maxout=4s
 298.985  t=297s RTT mean=17572 min=8237 max=30698 n=48 to=0 | cancels=0(+0/s) seqbad=0 len_bad=0 disc=0(0x00) | tot_n=16631 tot_to=0 maxever=73010 >2ms=16631 >5ms=16626 >15ms=2827 >20ms=2620 >30ms=292 | probes=16632 wrfail=0 down=4s maxout=4s
 300.980  t=298s RTT mean=17197 min=9406 max=28012 n=48 to=0 | cancels=0(+0/s) seqbad=0 len_bad=0 disc=0(0x00) | tot_n=16679 tot_to=0 maxever=73010 >2ms=16679 >5ms=16674 >15ms=2845 >20ms=2637 >30ms=292 | probes=16680 wrfail=0 down=4s maxout=4s
 300.980  t=299s RTT mean=17854 min=7040 max=34316 n=49 to=0 | cancels=0(+0/s) seqbad=0 len_bad=0 disc=0(0x00) | tot_n=16728 tot_to=0 maxever=73010 >2ms=16728 >5ms=16723 >15ms=2864 >20ms=2656 >30ms=293 | probes=16729 wrfail=0 down=4s maxout=4s
 303.000  t=300s RTT mean=17310 min=8237 max=29366 n=48 to=0 | cancels=0(+0/s) seqbad=0 len_bad=0 disc=0(0x00) | tot_n=16776 tot_to=0 maxever=73010 >2ms=16776 >5ms=16771 >15ms=2881 >20ms=2673 >30ms=293 | probes=16777 wrfail=0 down=4s maxout=4s
 303.000  t=301s RTT mean=17772 min=7039 max=29304 n=49 to=0 | cancels=0(+0/s) seqbad=0 len_bad=0 disc=0(0x00) | tot_n=16825 tot_to=0 maxever=73010 >2ms=16825 >5ms=16820 >15ms=2900 >20ms=2692 >30ms=293 | probes=16826 wrfail=0 down=4s maxout=4s
 305.001  t=302s RTT mean=17630 min=5779 max=34314 n=48 to=0 | cancels=0(+0/s) seqbad=0 len_bad=0 disc=0(0x00) | tot_n=16873 tot_to=0 maxever=73010 >2ms=16873 >5ms=16868 >15ms=2919 >20ms=2710 >30ms=294 | probes=16874 wrfail=0 down=4s maxout=4s
 305.001  t=303s RTT mean=17837 min=8239 max=34314 n=48 to=0 | cancels=0(+0/s) seqbad=0 len_bad=0 disc=0(0x00) | tot_n=16921 tot_to=0 maxever=73010 >2ms=16921 >5ms=16916 >15ms=2937 >20ms=2728 >30ms=297 | probes=16922 wrfail=0 down=4s maxout=4s
 306.994  t=304s RTT mean=17267 min=9433 max=30503 n=48 to=0 | cancels=0(+0/s) seqbad=0 len_bad=0 disc=0(0x00) | tot_n=16969 tot_to=0 maxever=73010 >2ms=16969 >5ms=16964 >15ms=2954 >20ms=2745 >30ms=298 | probes=16970 wrfail=0 down=4s maxout=4s
 306.994  PCTL target=100 tot=2783 to=0 p50=11 p90=27 p99=41 p99.9=65 max=73 g30=146 g100=0 (ms/counts)
 306.994  LOADRAMP: target=125 KBps for 60s
 306.994  t=305s RTT mean=17719 min=5779 max=31667 n=49 to=0 | cancels=0(+0/s) seqbad=0 len_bad=0 disc=0(0x00) | tot_n=17018 tot_to=0 maxever=73010 >2ms=17018 >5ms=17013 >15ms=2973 >20ms=2764 >30ms=299 | probes=17019 wrfail=0 down=4s maxout=4s
 309.000  t=306s RTT mean=20070 min=11911 max=30696 n=43 to=0 | cancels=0(+0/s) seqbad=0 len_bad=0 disc=0(0x00) | tot_n=17061 tot_to=0 maxever=73010 >2ms=17061 >5ms=17056 >15ms=2996 >20ms=2787 >30ms=301 | probes=17062 wrfail=0 down=4s maxout=4s
 309.000  t=307s RTT mean=19696 min=5778 max=30562 n=44 to=0 | cancels=0(+0/s) seqbad=0 len_bad=0 disc=0(0x00) | tot_n=17105 tot_to=0 maxever=73010 >2ms=17105 >5ms=17100 >15ms=3019 >20ms=2810 >30ms=302 | probes=17106 wrfail=0 down=4s maxout=4s
 310.963  t=308s RTT mean=19582 min=5779 max=29300 n=44 to=0 | cancels=0(+0/s) seqbad=0 len_bad=0 disc=0(0x00) | tot_n=17149 tot_to=0 maxever=73010 >2ms=17149 >5ms=17144 >15ms=3042 >20ms=2833 >30ms=302 | probes=17150 wrfail=0 down=4s maxout=4s
 311.014  t=309s RTT mean=20101 min=11911 max=31893 n=43 to=0 | cancels=0(+0/s) seqbad=0 len_bad=0 disc=0(0x00) | tot_n=17192 tot_to=0 maxever=73010 >2ms=17192 >5ms=17187 >15ms=3065 >20ms=2856 >30ms=304 | probes=17193 wrfail=0 down=4s maxout=4s
 312.965  t=310s RTT mean=19690 min=8238 max=31699 n=44 to=0 | cancels=0(+0/s) seqbad=0 len_bad=0 disc=0(0x00) | tot_n=17236 tot_to=0 maxever=73010 >2ms=17236 >5ms=17231 >15ms=3088 >20ms=2879 >30ms=305 | probes=17237 wrfail=0 down=4s maxout=4s
 313.025  t=311s RTT mean=20086 min=5778 max=33208 n=43 to=0 | cancels=0(+0/s) seqbad=0 len_bad=0 disc=0(0x00) | tot_n=17279 tot_to=0 maxever=73010 >2ms=17279 >5ms=17274 >15ms=3112 >20ms=2902 >30ms=306 | probes=17280 wrfail=0 down=4s maxout=4s
 314.970  t=312s RTT mean=20656 min=11911 max=34312 n=42 to=0 | cancels=0(+0/s) seqbad=0 len_bad=0 disc=0(0x00) | tot_n=17321 tot_to=0 maxever=73010 >2ms=17321 >5ms=17316 >15ms=3137 >20ms=2925 >30ms=307 | probes=17322 wrfail=0 down=4s maxout=4s
 315.021  t=313s RTT mean=20173 min=8238 max=34313 n=43 to=0 | cancels=0(+0/s) seqbad=0 len_bad=0 disc=0(0x00) | tot_n=17364 tot_to=0 maxever=73010 >2ms=17364 >5ms=17359 >15ms=3161 >20ms=2948 >30ms=308 | probes=17365 wrfail=0 down=4s maxout=4s
 316.965  t=314s RTT mean=19796 min=11911 max=28107 n=44 to=0 | cancels=0(+0/s) seqbad=0 len_bad=0 disc=0(0x00) | tot_n=17408 tot_to=0 maxever=73010 >2ms=17408 >5ms=17403 >15ms=3184 >20ms=2971 >30ms=308 | probes=17408 wrfail=0 down=4s maxout=4s
 317.025  t=315s RTT mean=19530 min=5779 max=28107 n=44 to=0 | cancels=0(+0/s) seqbad=0 len_bad=0 disc=0(0x00) | tot_n=17452 tot_to=0 maxever=73010 >2ms=17452 >5ms=17447 >15ms=3207 >20ms=2994 >30ms=308 | probes=17453 wrfail=0 down=4s maxout=4s
 318.955  t=316s RTT mean=19595 min=5771 max=31698 n=44 to=0 | cancels=0(+0/s) seqbad=0 len_bad=0 disc=0(0x00) | tot_n=17496 tot_to=0 maxever=73010 >2ms=17496 >5ms=17491 >15ms=3230 >20ms=3017 >30ms=309 | probes=17497 wrfail=0 down=4s maxout=4s
 319.015  t=317s RTT mean=20256 min=11911 max=35510 n=43 to=0 | cancels=0(+0/s) seqbad=0 len_bad=0 disc=0(0x00) | tot_n=17539 tot_to=0 maxever=73010 >2ms=17539 >5ms=17534 >15ms=3253 >20ms=3040 >30ms=310 | probes=17539 wrfail=0 down=4s maxout=4s
 320.950  t=318s RTT mean=19545 min=5779 max=28106 n=44 to=0 | cancels=0(+0/s) seqbad=0 len_bad=0 disc=0(0x00) | tot_n=17583 tot_to=0 maxever=73010 >2ms=17583 >5ms=17578 >15ms=3276 >20ms=3063 >30ms=310 | probes=17584 wrfail=0 down=4s maxout=4s
 321.010  t=319s RTT mean=19546 min=11911 max=29303 n=43 to=0 | cancels=0(+0/s) seqbad=0 len_bad=0 disc=0(0x00) | tot_n=17626 tot_to=0 maxever=73010 >2ms=17626 >5ms=17621 >15ms=3298 >20ms=3085 >30ms=310 | probes=17627 wrfail=0 down=4s maxout=4s
 322.962  t=320s RTT mean=19698 min=11911 max=28011 n=44 to=0 | cancels=0(+0/s) seqbad=0 len_bad=0 disc=0(0x00) | tot_n=17670 tot_to=0 maxever=73010 >2ms=17670 >5ms=17665 >15ms=3321 >20ms=3108 >30ms=310 | probes=17671 wrfail=0 down=4s maxout=4s
 323.023  t=321s RTT mean=19554 min=5779 max=34408 n=44 to=0 | cancels=0(+0/s) seqbad=0 len_bad=0 disc=0(0x00) | tot_n=17714 tot_to=0 maxever=73010 >2ms=17714 >5ms=17709 >15ms=3344 >20ms=3130 >30ms=311 | probes=17715 wrfail=0 down=4s maxout=4s
 324.966  t=322s RTT mean=20128 min=11911 max=30670 n=44 to=0 | cancels=0(+0/s) seqbad=0 len_bad=0 disc=0(0x00) | tot_n=17758 tot_to=0 maxever=73010 >2ms=17758 >5ms=17753 >15ms=3368 >20ms=3154 >30ms=312 | probes=17759 wrfail=0 down=4s maxout=4s
 325.026  t=323s RTT mean=19682 min=8237 max=34154 n=43 to=0 | cancels=0(+0/s) seqbad=0 len_bad=0 disc=0(0x00) | tot_n=17801 tot_to=0 maxever=73010 >2ms=17801 >5ms=17796 >15ms=3390 >20ms=3176 >30ms=313 | probes=17802 wrfail=0 down=4s maxout=4s
 326.970  t=324s RTT mean=20807 min=11911 max=34420 n=43 to=0 | cancels=0(+0/s) seqbad=0 len_bad=0 disc=0(0x00) | tot_n=17844 tot_to=0 maxever=73010 >2ms=17844 >5ms=17839 >15ms=3416 >20ms=3200 >30ms=314 | probes=17844 wrfail=0 down=4s maxout=4s
 327.030  t=325s RTT mean=20125 min=11912 max=34410 n=42 to=0 | cancels=0(+0/s) seqbad=0 len_bad=0 disc=0(0x00) | tot_n=17886 tot_to=0 maxever=73010 >2ms=17886 >5ms=17881 >15ms=3439 >20ms=3222 >30ms=315 | probes=17887 wrfail=0 down=4s maxout=4s
 328.974  t=326s RTT mean=20821 min=11911 max=34410 n=42 to=0 | cancels=0(+0/s) seqbad=0 len_bad=0 disc=0(0x00) | tot_n=17928 tot_to=0 maxever=73010 >2ms=17928 >5ms=17923 >15ms=3463 >20ms=3245 >30ms=319 | probes=17929 wrfail=0 down=4s maxout=4s
 328.974  t=327s RTT mean=19948 min=11911 max=29303 n=44 to=0 | cancels=0(+0/s) seqbad=0 len_bad=0 disc=0(0x00) | tot_n=17972 tot_to=0 maxever=73010 >2ms=17972 >5ms=17967 >15ms=3486 >20ms=3268 >30ms=319 | probes=17973 wrfail=0 down=4s maxout=4s
 330.954  t=328s RTT mean=20210 min=11912 max=29458 n=43 to=0 | cancels=0(+0/s) seqbad=0 len_bad=0 disc=0(0x00) | tot_n=18015 tot_to=0 maxever=73010 >2ms=18015 >5ms=18010 >15ms=3510 >20ms=3291 >30ms=319 | probes=18016 wrfail=0 down=4s maxout=4s
 331.014  t=329s RTT mean=20194 min=11911 max=30494 n=42 to=0 | cancels=0(+0/s) seqbad=0 len_bad=0 disc=0(0x00) | tot_n=18057 tot_to=0 maxever=73010 >2ms=18057 >5ms=18052 >15ms=3534 >20ms=3313 >30ms=320 | probes=18058 wrfail=0 down=4s maxout=4s
 332.986  t=330s RTT mean=19520 min=5779 max=30501 n=45 to=0 | cancels=0(+0/s) seqbad=0 len_bad=0 disc=0(0x00) | tot_n=18102 tot_to=0 maxever=73010 >2ms=18102 >5ms=18097 >15ms=3558 >20ms=3336 >30ms=321 | probes=18103 wrfail=0 down=4s maxout=4s
 332.986  t=331s RTT mean=20064 min=11911 max=31664 n=43 to=0 | cancels=0(+0/s) seqbad=0 len_bad=0 disc=0(0x00) | tot_n=18145 tot_to=0 maxever=73010 >2ms=18145 >5ms=18140 >15ms=3581 >20ms=3359 >30ms=323 | probes=18146 wrfail=0 down=4s maxout=4s
 334.952  t=332s RTT mean=19729 min=8238 max=34314 n=43 to=0 | cancels=0(+0/s) seqbad=0 len_bad=0 disc=0(0x00) | tot_n=18188 tot_to=0 maxever=73010 >2ms=18188 >5ms=18183 >15ms=3604 >20ms=3381 >30ms=324 | probes=18189 wrfail=0 down=4s maxout=4s
 335.012  t=333s RTT mean=20055 min=5779 max=34314 n=44 to=0 | cancels=0(+0/s) seqbad=0 len_bad=0 disc=0(0x00) | tot_n=18232 tot_to=0 maxever=73010 >2ms=18232 >5ms=18227 >15ms=3628 >20ms=3405 >30ms=325 | probes=18233 wrfail=0 down=4s maxout=4s
 336.971  t=334s RTT mean=19698 min=11911 max=28106 n=44 to=0 | cancels=0(+0/s) seqbad=0 len_bad=0 disc=0(0x00) | tot_n=18276 tot_to=0 maxever=73010 >2ms=18276 >5ms=18271 >15ms=3651 >20ms=3428 >30ms=325 | probes=18277 wrfail=0 down=4s maxout=4s
 337.031  t=335s RTT mean=19579 min=11912 max=29208 n=43 to=0 | cancels=0(+0/s) seqbad=0 len_bad=0 disc=0(0x00) | tot_n=18319 tot_to=0 maxever=73010 >2ms=18319 >5ms=18314 >15ms=3673 >20ms=3450 >30ms=325 | probes=18320 wrfail=0 down=4s maxout=4s
 338.979  t=336s RTT mean=20071 min=11911 max=28107 n=44 to=0 | cancels=0(+0/s) seqbad=0 len_bad=0 disc=0(0x00) | tot_n=18363 tot_to=0 maxever=73010 >2ms=18363 >5ms=18358 >15ms=3697 >20ms=3474 >30ms=325 | probes=18364 wrfail=0 down=4s maxout=4s
 338.979  t=337s RTT mean=19724 min=11911 max=29208 n=44 to=0 | cancels=0(+0/s) seqbad=0 len_bad=0 disc=0(0x00) | tot_n=18407 tot_to=0 maxever=73010 >2ms=18407 >5ms=18402 >15ms=3720 >20ms=3497 >30ms=325 | probes=18407 wrfail=0 down=4s maxout=4s
 340.977  t=338s RTT mean=20093 min=11912 max=34314 n=42 to=0 | cancels=0(+0/s) seqbad=0 len_bad=0 disc=0(0x00) | tot_n=18449 tot_to=0 maxever=73010 >2ms=18449 >5ms=18444 >15ms=3742 >20ms=3519 >30ms=327 | probes=18450 wrfail=0 down=4s maxout=4s
 340.977  t=339s RTT mean=19539 min=5778 max=28103 n=45 to=0 | cancels=0(+0/s) seqbad=0 len_bad=0 disc=0(0x00) | tot_n=18494 tot_to=0 maxever=73010 >2ms=18494 >5ms=18489 >15ms=3766 >20ms=3542 >30ms=327 | probes=18495 wrfail=0 down=4s maxout=4s
 342.989  t=340s RTT mean=20075 min=11911 max=31862 n=43 to=0 | cancels=0(+0/s) seqbad=0 len_bad=0 disc=0(0x00) | tot_n=18537 tot_to=0 maxever=73010 >2ms=18537 >5ms=18532 >15ms=3789 >20ms=3565 >30ms=328 | probes=18538 wrfail=0 down=4s maxout=4s
 342.989  t=341s RTT mean=20786 min=8238 max=34413 n=42 to=0 | cancels=0(+0/s) seqbad=0 len_bad=0 disc=0(0x00) | tot_n=18579 tot_to=0 maxever=73010 >2ms=18579 >5ms=18574 >15ms=3814 >20ms=3589 >30ms=329 | probes=18580 wrfail=0 down=4s maxout=4s
 344.994  t=342s RTT mean=19579 min=5779 max=28107 n=44 to=0 | cancels=0(+0/s) seqbad=0 len_bad=0 disc=0(0x00) | tot_n=18623 tot_to=0 maxever=73010 >2ms=18623 >5ms=18618 >15ms=3837 >20ms=3612 >30ms=329 | probes=18624 wrfail=0 down=4s maxout=4s
 344.994  t=343s RTT mean=20826 min=11912 max=28106 n=42 to=0 | cancels=0(+0/s) seqbad=0 len_bad=0 disc=0(0x00) | tot_n=18665 tot_to=0 maxever=73010 >2ms=18665 >5ms=18660 >15ms=3863 >20ms=3636 >30ms=329 | probes=18666 wrfail=0 down=4s maxout=4s
 346.951  t=344s RTT mean=19606 min=5779 max=28107 n=44 to=0 | cancels=0(+0/s) seqbad=0 len_bad=0 disc=0(0x00) | tot_n=18709 tot_to=0 maxever=73010 >2ms=18709 >5ms=18704 >15ms=3886 >20ms=3659 >30ms=329 | probes=18710 wrfail=0 down=4s maxout=4s
 347.011  t=345s RTT mean=20199 min=5781 max=34314 n=43 to=0 | cancels=0(+0/s) seqbad=0 len_bad=0 disc=0(0x00) | tot_n=18752 tot_to=0 maxever=73010 >2ms=18752 >5ms=18747 >15ms=3909 >20ms=3682 >30ms=332 | probes=18753 wrfail=0 down=4s maxout=4s
 348.962  t=346s RTT mean=20667 min=11911 max=41909 n=42 to=0 | cancels=0(+0/s) seqbad=0 len_bad=0 disc=0(0x00) | tot_n=18794 tot_to=0 maxever=73010 >2ms=18794 >5ms=18789 >15ms=3932 >20ms=3705 >30ms=334 | probes=18795 wrfail=0 down=4s maxout=4s
 349.022  t=347s RTT mean=19779 min=5779 max=34155 n=44 to=0 | cancels=0(+0/s) seqbad=0 len_bad=0 disc=0(0x00) | tot_n=18838 tot_to=0 maxever=73010 >2ms=18838 >5ms=18833 >15ms=3955 >20ms=3728 >30ms=335 | probes=18838 wrfail=0 down=4s maxout=4s
 350.976  t=348s RTT mean=20116 min=11911 max=28107 n=43 to=0 | cancels=0(+0/s) seqbad=0 len_bad=0 disc=0(0x00) | tot_n=18881 tot_to=0 maxever=73010 >2ms=18881 >5ms=18876 >15ms=3979 >20ms=3751 >30ms=335 | probes=18881 wrfail=0 down=4s maxout=4s
 351.036  t=349s RTT mean=20082 min=11911 max=30561 n=43 to=0 | cancels=0(+0/s) seqbad=0 len_bad=0 disc=0(0x00) | tot_n=18924 tot_to=0 maxever=73010 >2ms=18924 >5ms=18919 >15ms=4002 >20ms=3774 >30ms=336 | probes=18925 wrfail=0 down=4s maxout=4s
 352.981  t=350s RTT mean=19531 min=5780 max=28107 n=44 to=0 | cancels=0(+0/s) seqbad=0 len_bad=0 disc=0(0x00) | tot_n=18968 tot_to=0 maxever=73010 >2ms=18968 >5ms=18963 >15ms=4025 >20ms=3797 >30ms=336 | probes=18969 wrfail=0 down=4s maxout=4s
 352.981  t=351s RTT mean=20669 min=11911 max=30565 n=42 to=0 | cancels=0(+0/s) seqbad=0 len_bad=0 disc=0(0x00) | tot_n=19010 tot_to=0 maxever=73010 >2ms=19010 >5ms=19005 >15ms=4049 >20ms=3821 >30ms=338 | probes=19011 wrfail=0 down=4s maxout=4s
 354.994  t=352s RTT mean=20205 min=11911 max=32011 n=43 to=0 | cancels=0(+0/s) seqbad=0 len_bad=0 disc=0(0x00) | tot_n=19053 tot_to=0 maxever=73010 >2ms=19053 >5ms=19048 >15ms=4072 >20ms=3844 >30ms=340 | probes=19054 wrfail=0 down=4s maxout=4s
 354.994  t=353s RTT mean=19562 min=5779 max=28116 n=44 to=0 | cancels=0(+0/s) seqbad=0 len_bad=0 disc=0(0x00) | tot_n=19097 tot_to=0 maxever=73010 >2ms=19097 >5ms=19092 >15ms=4095 >20ms=3867 >30ms=340 | probes=19098 wrfail=0 down=4s maxout=4s
 357.010  t=354s RTT mean=19619 min=5769 max=28127 n=44 to=0 | cancels=0(+0/s) seqbad=0 len_bad=0 disc=0(0x00) | tot_n=19141 tot_to=0 maxever=73010 >2ms=19141 >5ms=19136 >15ms=4118 >20ms=3890 >30ms=340 | probes=19142 wrfail=0 down=4s maxout=4s
 357.010  t=355s RTT mean=20378 min=11912 max=35531 n=43 to=0 | cancels=0(+0/s) seqbad=0 len_bad=0 disc=0(0x00) | tot_n=19184 tot_to=0 maxever=73010 >2ms=19184 >5ms=19179 >15ms=4143 >20ms=3913 >30ms=341 | probes=19184 wrfail=0 down=4s maxout=4s
 358.953  t=356s RTT mean=20110 min=11911 max=34154 n=43 to=0 | cancels=0(+0/s) seqbad=0 len_bad=0 disc=0(0x00) | tot_n=19227 tot_to=0 maxever=73010 >2ms=19227 >5ms=19222 >15ms=4166 >20ms=3936 >30ms=342 | probes=19228 wrfail=0 down=4s maxout=4s
 359.013  t=357s RTT mean=20731 min=11911 max=34314 n=41 to=0 | cancels=0(+0/s) seqbad=0 len_bad=0 disc=0(0x00) | tot_n=19268 tot_to=0 maxever=73010 >2ms=19268 >5ms=19263 >15ms=4188 >20ms=3958 >30ms=348 | probes=19269 wrfail=0 down=4s maxout=4s
 360.956  t=358s RTT mean=20418 min=11912 max=34313 n=43 to=0 | cancels=0(+0/s) seqbad=0 len_bad=0 disc=0(0x00) | tot_n=19311 tot_to=0 maxever=73010 >2ms=19311 >5ms=19306 >15ms=4212 >20ms=3982 >30ms=350 | probes=19312 wrfail=0 down=4s maxout=4s
 361.016  t=359s RTT mean=20247 min=3133 max=34318 n=43 to=0 | cancels=0(+0/s) seqbad=0 len_bad=0 disc=0(0x00) | tot_n=19354 tot_to=0 maxever=73010 >2ms=19354 >5ms=19348 >15ms=4235 >20ms=4005 >30ms=353 | probes=19355 wrfail=0 down=4s maxout=4s
 362.959  t=360s RTT mean=20220 min=11911 max=33207 n=42 to=0 | cancels=0(+0/s) seqbad=0 len_bad=0 disc=0(0x00) | tot_n=19396 tot_to=0 maxever=73010 >2ms=19396 >5ms=19390 >15ms=4257 >20ms=4027 >30ms=357 | probes=19397 wrfail=0 down=4s maxout=4s
 363.019  t=361s RTT mean=21374 min=11912 max=34409 n=42 to=0 | cancels=0(+0/s) seqbad=0 len_bad=0 disc=0(0x00) | tot_n=19438 tot_to=0 maxever=73010 >2ms=19438 >5ms=19432 >15ms=4280 >20ms=4050 >30ms=364 | probes=19438 wrfail=0 down=4s maxout=4s
 364.970  t=362s RTT mean=20506 min=11911 max=39198 n=42 to=0 | cancels=0(+0/s) seqbad=0 len_bad=0 disc=0(0x00) | tot_n=19480 tot_to=0 maxever=73010 >2ms=19480 >5ms=19474 >15ms=4304 >20ms=4073 >30ms=365 | probes=19481 wrfail=0 down=4s maxout=4s
 365.030  t=363s RTT mean=20112 min=11912 max=31675 n=43 to=0 | cancels=0(+0/s) seqbad=0 len_bad=0 disc=0(0x00) | tot_n=19523 tot_to=0 maxever=73010 >2ms=19523 >5ms=19517 >15ms=4327 >20ms=4096 >30ms=367 | probes=19524 wrfail=0 down=4s maxout=4s
 367.004  t=364s RTT mean=19701 min=5778 max=28106 n=44 to=0 | cancels=0(+0/s) seqbad=0 len_bad=0 disc=0(0x00) | tot_n=19567 tot_to=0 maxever=73010 >2ms=19567 >5ms=19561 >15ms=4351 >20ms=4119 >30ms=367 | probes=19568 wrfail=0 down=4s maxout=4s
 367.004  PCTL target=125 tot=2593 to=0 p50=25 p90=26 p99=34 p99.9=35 max=41 g30=68 g100=0 (ms/counts)
 367.004  LOADRAMP: target=150 KBps for 60s
 367.004  t=365s RTT mean=19670 min=5779 max=34157 n=44 to=0 | cancels=0(+0/s) seqbad=0 len_bad=0 disc=0(0x00) | tot_n=19611 tot_to=0 maxever=73010 >2ms=19611 >5ms=19605 >15ms=4374 >20ms=4142 >30ms=368 | probes=19612 wrfail=0 down=4s maxout=4s
 368.969  t=366s RTT mean=22538 min=9433 max=33116 n=39 to=0 | cancels=0(+0/s) seqbad=0 len_bad=0 disc=0(0x00) | tot_n=19650 tot_to=0 maxever=73010 >2ms=19650 >5ms=19644 >15ms=4401 >20ms=4169 >30ms=370 | probes=19651 wrfail=0 down=4s maxout=4s
 369.029  t=367s RTT mean=22419 min=11911 max=28106 n=39 to=0 | cancels=0(+0/s) seqbad=0 len_bad=0 disc=0(0x00) | tot_n=19689 tot_to=0 maxever=73010 >2ms=19689 >5ms=19683 >15ms=4429 >20ms=4196 >30ms=370 | probes=19690 wrfail=0 down=4s maxout=4s
 370.971  t=368s RTT mean=22622 min=11911 max=34156 n=39 to=0 | cancels=0(+0/s) seqbad=0 len_bad=0 disc=0(0x00) | tot_n=19728 tot_to=0 maxever=73010 >2ms=19728 >5ms=19722 >15ms=4457 >20ms=4223 >30ms=371 | probes=19729 wrfail=0 down=4s maxout=4s
 371.031  t=369s RTT mean=22521 min=11912 max=29208 n=39 to=0 | cancels=0(+0/s) seqbad=0 len_bad=0 disc=0(0x00) | tot_n=19767 tot_to=0 maxever=73010 >2ms=19767 >5ms=19761 >15ms=4484 >20ms=4250 >30ms=371 | probes=19768 wrfail=0 down=4s maxout=4s
 373.001  t=370s RTT mean=23101 min=11911 max=34313 n=38 to=0 | cancels=0(+0/s) seqbad=0 len_bad=0 disc=0(0x00) | tot_n=19805 tot_to=0 maxever=73010 >2ms=19805 >5ms=19799 >15ms=4512 >20ms=4278 >30ms=372 | probes=19806 wrfail=0 down=4s maxout=4s
 373.001  t=371s RTT mean=22422 min=11912 max=29208 n=39 to=0 | cancels=0(+0/s) seqbad=0 len_bad=0 disc=0(0x00) | tot_n=19844 tot_to=0 maxever=73010 >2ms=19844 >5ms=19838 >15ms=4540 >20ms=4305 >30ms=372 | probes=19845 wrfail=0 down=4s maxout=4s
 374.967  t=372s RTT mean=22502 min=11911 max=31720 n=39 to=0 | cancels=0(+0/s) seqbad=0 len_bad=0 disc=0(0x00) | tot_n=19883 tot_to=0 maxever=73010 >2ms=19883 >5ms=19877 >15ms=4567 >20ms=4332 >30ms=374 | probes=19884 wrfail=0 down=4s maxout=4s
 375.027  t=373s RTT mean=26461 min=11911 max=43010 n=34 to=0 | cancels=0(+0/s) seqbad=0 len_bad=0 disc=0(0x00) | tot_n=19917 tot_to=0 maxever=73010 >2ms=19917 >5ms=19911 >15ms=4595 >20ms=4360 >30ms=381 | probes=19918 wrfail=0 down=4s maxout=4s
 376.998  t=374s RTT mean=22412 min=11912 max=28104 n=39 to=0 | cancels=0(+0/s) seqbad=0 len_bad=0 disc=0(0x00) | tot_n=19956 tot_to=0 maxever=73010 >2ms=19956 >5ms=19950 >15ms=4623 >20ms=4387 >30ms=381 | probes=19957 wrfail=0 down=4s maxout=4s
 376.998  t=375s RTT mean=22654 min=11911 max=32014 n=39 to=0 | cancels=0(+0/s) seqbad=0 len_bad=0 disc=0(0x00) | tot_n=19995 tot_to=0 maxever=73010 >2ms=19995 >5ms=19989 >15ms=4651 >20ms=4414 >30ms=382 | probes=19996 wrfail=0 down=4s maxout=4s
 379.016  t=376s RTT mean=22389 min=11912 max=28104 n=39 to=0 | cancels=0(+0/s) seqbad=0 len_bad=0 disc=0(0x00) | tot_n=20034 tot_to=0 maxever=73010 >2ms=20034 >5ms=20028 >15ms=4679 >20ms=4441 >30ms=382 | probes=20035 wrfail=0 down=4s maxout=4s
 379.016  t=377s RTT mean=22483 min=11911 max=28104 n=39 to=0 | cancels=0(+0/s) seqbad=0 len_bad=0 disc=0(0x00) | tot_n=20073 tot_to=0 maxever=73010 >2ms=20073 >5ms=20067 >15ms=4707 >20ms=4468 >30ms=382 | probes=20074 wrfail=0 down=4s maxout=4s
 380.973  t=378s RTT mean=22833 min=11911 max=35859 n=39 to=0 | cancels=0(+0/s) seqbad=0 len_bad=0 disc=0(0x00) | tot_n=20112 tot_to=0 maxever=73010 >2ms=20112 >5ms=20106 >15ms=4735 >20ms=4495 >30ms=384 | probes=20112 wrfail=0 down=4s maxout=4s
 381.033  t=379s RTT mean=22280 min=5779 max=28107 n=39 to=0 | cancels=0(+0/s) seqbad=0 len_bad=0 disc=0(0x00) | tot_n=20151 tot_to=0 maxever=73010 >2ms=20151 >5ms=20145 >15ms=4763 >20ms=4522 >30ms=384 | probes=20152 wrfail=0 down=4s maxout=4s
 382.990  t=380s RTT mean=21865 min=5779 max=28103 n=40 to=0 | cancels=0(+0/s) seqbad=0 len_bad=0 disc=0(0x00) | tot_n=20191 tot_to=0 maxever=73010 >2ms=20191 >5ms=20185 >15ms=4790 >20ms=4549 >30ms=384 | probes=20192 wrfail=0 down=4s maxout=4s
 382.990  t=381s RTT mean=22430 min=11911 max=30667 n=39 to=0 | cancels=0(+0/s) seqbad=0 len_bad=0 disc=0(0x00) | tot_n=20230 tot_to=0 maxever=73010 >2ms=20230 >5ms=20224 >15ms=4818 >20ms=4576 >30ms=385 | probes=20231 wrfail=0 down=4s maxout=4s
 384.968  t=382s RTT mean=22659 min=11912 max=33117 n=39 to=0 | cancels=0(+0/s) seqbad=0 len_bad=0 disc=0(0x00) | tot_n=20269 tot_to=0 maxever=73010 >2ms=20269 >5ms=20263 >15ms=4846 >20ms=4603 >30ms=386 | probes=20270 wrfail=0 down=4s maxout=4s
 385.028  t=383s RTT mean=23077 min=11911 max=39164 n=38 to=0 | cancels=0(+0/s) seqbad=0 len_bad=0 disc=0(0x00) | tot_n=20307 tot_to=0 maxever=73010 >2ms=20307 >5ms=20301 >15ms=4874 >20ms=4630 >30ms=387 | probes=20308 wrfail=0 down=4s maxout=4s
 386.983  t=384s RTT mean=22517 min=11911 max=30666 n=39 to=0 | cancels=0(+0/s) seqbad=0 len_bad=0 disc=0(0x00) | tot_n=20346 tot_to=0 maxever=73010 >2ms=20346 >5ms=20340 >15ms=4901 >20ms=4657 >30ms=388 | probes=20347 wrfail=0 down=4s maxout=4s
 386.983  t=385s RTT mean=21935 min=5779 max=28010 n=40 to=0 | cancels=0(+0/s) seqbad=0 len_bad=0 disc=0(0x00) | tot_n=20386 tot_to=0 maxever=73010 >2ms=20386 >5ms=20380 >15ms=4929 >20ms=4684 >30ms=388 | probes=20387 wrfail=0 down=4s maxout=4s
 389.011  t=386s RTT mean=22468 min=11911 max=28127 n=39 to=0 | cancels=0(+0/s) seqbad=0 len_bad=0 disc=0(0x00) | tot_n=20425 tot_to=0 maxever=73010 >2ms=20425 >5ms=20419 >15ms=4957 >20ms=4711 >30ms=388 | probes=20426 wrfail=0 down=4s maxout=4s
 389.011  t=387s RTT mean=22505 min=11912 max=30665 n=39 to=0 | cancels=0(+0/s) seqbad=0 len_bad=0 disc=0(0x00) | tot_n=20464 tot_to=0 maxever=73010 >2ms=20464 >5ms=20458 >15ms=4985 >20ms=4738 >30ms=389 | probes=20465 wrfail=0 down=4s maxout=4s
 390.997  t=388s RTT mean=22113 min=5779 max=31923 n=40 to=0 | cancels=0(+0/s) seqbad=0 len_bad=0 disc=0(0x00) | tot_n=20504 tot_to=0 maxever=73010 >2ms=20504 >5ms=20498 >15ms=5013 >20ms=4765 >30ms=390 | probes=20505 wrfail=0 down=4s maxout=4s
 390.997  t=389s RTT mean=22313 min=5779 max=28108 n=39 to=0 | cancels=0(+0/s) seqbad=0 len_bad=0 disc=0(0x00) | tot_n=20543 tot_to=0 maxever=73010 >2ms=20543 >5ms=20537 >15ms=5041 >20ms=4792 >30ms=390 | probes=20544 wrfail=0 down=4s maxout=4s
 393.006  t=390s RTT mean=22498 min=10632 max=33209 n=39 to=0 | cancels=0(+0/s) seqbad=0 len_bad=0 disc=0(0x00) | tot_n=20582 tot_to=0 maxever=73010 >2ms=20582 >5ms=20576 >15ms=5068 >20ms=4819 >30ms=392 | probes=20583 wrfail=0 down=4s maxout=4s
 393.006  t=391s RTT mean=22581 min=11911 max=28011 n=39 to=0 | cancels=0(+0/s) seqbad=0 len_bad=0 disc=0(0x00) | tot_n=20621 tot_to=0 maxever=73010 >2ms=20621 >5ms=20615 >15ms=5096 >20ms=4847 >30ms=392 | probes=20622 wrfail=0 down=4s maxout=4s
 395.007  t=392s RTT mean=22503 min=11911 max=28118 n=39 to=0 | cancels=0(+0/s) seqbad=0 len_bad=0 disc=0(0x00) | tot_n=20660 tot_to=0 maxever=73010 >2ms=20660 >5ms=20654 >15ms=5123 >20ms=4874 >30ms=392 | probes=20661 wrfail=0 down=4s maxout=4s
 395.007  t=393s RTT mean=22950 min=10634 max=34311 n=38 to=0 | cancels=0(+0/s) seqbad=0 len_bad=0 disc=0(0x00) | tot_n=20698 tot_to=0 maxever=73010 >2ms=20698 >5ms=20692 >15ms=5149 >20ms=4900 >30ms=397 | probes=20699 wrfail=0 down=4s maxout=4s
 397.010  t=394s RTT mean=23513 min=11911 max=39164 n=38 to=0 | cancels=0(+0/s) seqbad=0 len_bad=0 disc=0(0x00) | tot_n=20736 tot_to=0 maxever=73010 >2ms=20736 >5ms=20730 >15ms=5178 >20ms=4928 >30ms=398 | probes=20737 wrfail=0 down=4s maxout=4s
 397.010  t=395s RTT mean=24599 min=5780 max=41812 n=36 to=0 | cancels=0(+0/s) seqbad=0 len_bad=0 disc=0(0x00) | tot_n=20772 tot_to=0 maxever=73010 >2ms=20772 >5ms=20766 >15ms=5206 >20ms=4955 >30ms=403 | probes=20773 wrfail=0 down=4s maxout=4s
 399.015  t=396s RTT mean=22036 min=10631 max=27162 n=40 to=0 | cancels=0(+0/s) seqbad=0 len_bad=0 disc=0(0x00) | tot_n=20812 tot_to=0 maxever=73010 >2ms=20812 >5ms=20806 >15ms=5233 >20ms=4982 >30ms=403 | probes=20813 wrfail=0 down=4s maxout=4s
 399.015  t=397s RTT mean=23405 min=11911 max=34409 n=38 to=0 | cancels=0(+0/s) seqbad=0 len_bad=0 disc=0(0x00) | tot_n=20850 tot_to=0 maxever=73010 >2ms=20850 >5ms=20844 >15ms=5261 >20ms=5009 >30ms=408 | probes=20851 wrfail=0 down=4s maxout=4s
 401.019  t=398s RTT mean=23125 min=11913 max=34314 n=38 to=0 | cancels=0(+0/s) seqbad=0 len_bad=0 disc=0(0x00) | tot_n=20888 tot_to=0 maxever=73010 >2ms=20888 >5ms=20882 >15ms=5289 >20ms=5036 >30ms=412 | probes=20889 wrfail=0 down=4s maxout=4s
 401.019  t=399s RTT mean=22414 min=11911 max=28106 n=39 to=0 | cancels=0(+0/s) seqbad=0 len_bad=0 disc=0(0x00) | tot_n=20927 tot_to=0 maxever=73010 >2ms=20927 >5ms=20921 >15ms=5316 >20ms=5063 >30ms=412 | probes=20928 wrfail=0 down=4s maxout=4s
 402.993  t=400s RTT mean=21849 min=5779 max=28106 n=40 to=0 | cancels=0(+0/s) seqbad=0 len_bad=0 disc=0(0x00) | tot_n=20967 tot_to=0 maxever=73010 >2ms=20967 >5ms=20961 >15ms=5343 >20ms=5090 >30ms=412 | probes=20968 wrfail=0 down=4s maxout=4s
 402.993  t=401s RTT mean=22661 min=11911 max=34314 n=39 to=0 | cancels=0(+0/s) seqbad=0 len_bad=0 disc=0(0x00) | tot_n=21006 tot_to=0 maxever=73010 >2ms=21006 >5ms=21000 >15ms=5371 >20ms=5117 >30ms=413 | probes=21007 wrfail=0 down=4s maxout=4s
 404.973  t=402s RTT mean=23026 min=11911 max=34406 n=38 to=0 | cancels=0(+0/s) seqbad=0 len_bad=0 disc=0(0x00) | tot_n=21044 tot_to=0 maxever=73010 >2ms=21044 >5ms=21038 >15ms=5398 >20ms=5143 >30ms=417 | probes=21045 wrfail=0 down=4s maxout=4s
 405.033  t=403s RTT mean=23409 min=8238 max=35605 n=38 to=0 | cancels=0(+0/s) seqbad=0 len_bad=0 disc=0(0x00) | tot_n=21082 tot_to=0 maxever=73010 >2ms=21082 >5ms=21076 >15ms=5427 >20ms=5171 >30ms=418 | probes=21083 wrfail=0 down=4s maxout=4s
 406.962  t=404s RTT mean=23708 min=11912 max=41907 n=36 to=0 | cancels=0(+0/s) seqbad=0 len_bad=0 disc=0(0x00) | tot_n=21118 tot_to=0 maxever=73010 >2ms=21118 >5ms=21112 >15ms=5452 >20ms=5196 >30ms=425 | probes=21119 wrfail=0 down=4s maxout=4s
 407.022  t=405s RTT mean=25619 min=11911 max=56910 n=36 to=0 | cancels=0(+0/s) seqbad=0 len_bad=0 disc=0(0x00) | tot_n=21154 tot_to=0 maxever=73010 >2ms=21154 >5ms=21148 >15ms=5482 >20ms=5225 >30ms=428 | probes=21155 wrfail=0 down=4s maxout=4s
 409.012  t=406s RTT mean=22282 min=8236 max=28106 n=39 to=0 | cancels=0(+0/s) seqbad=0 len_bad=0 disc=0(0x00) | tot_n=21193 tot_to=0 maxever=73010 >2ms=21193 >5ms=21187 >15ms=5509 >20ms=5252 >30ms=428 | probes=21194 wrfail=0 down=4s maxout=4s
 409.012  t=407s RTT mean=22059 min=8234 max=28360 n=40 to=0 | cancels=0(+0/s) seqbad=0 len_bad=0 disc=0(0x00) | tot_n=21233 tot_to=0 maxever=73010 >2ms=21233 >5ms=21227 >15ms=5536 >20ms=5279 >30ms=428 | probes=21234 wrfail=0 down=4s maxout=4s
 411.020  t=408s RTT mean=22443 min=11911 max=28104 n=39 to=0 | cancels=0(+0/s) seqbad=0 len_bad=0 disc=0(0x00) | tot_n=21272 tot_to=0 maxever=73010 >2ms=21272 >5ms=21266 >15ms=5564 >20ms=5306 >30ms=428 | probes=21273 wrfail=0 down=4s maxout=4s
 411.020  t=409s RTT mean=22665 min=5778 max=35508 n=39 to=0 | cancels=0(+0/s) seqbad=0 len_bad=0 disc=0(0x00) | tot_n=21311 tot_to=0 maxever=73010 >2ms=21311 >5ms=21305 >15ms=5592 >20ms=5333 >30ms=430 | probes=21312 wrfail=0 down=4s maxout=4s
 412.991  t=410s RTT mean=22881 min=11911 max=31859 n=38 to=0 | cancels=0(+0/s) seqbad=0 len_bad=0 disc=0(0x00) | tot_n=21349 tot_to=0 maxever=73010 >2ms=21349 >5ms=21343 >15ms=5620 >20ms=5360 >30ms=432 | probes=21350 wrfail=0 down=4s maxout=4s
 412.991  t=411s RTT mean=21964 min=5779 max=28107 n=40 to=0 | cancels=0(+0/s) seqbad=0 len_bad=0 disc=0(0x00) | tot_n=21389 tot_to=0 maxever=73010 >2ms=21389 >5ms=21383 >15ms=5648 >20ms=5387 >30ms=432 | probes=21390 wrfail=0 down=4s maxout=4s
 415.013  t=412s RTT mean=22742 min=11912 max=30815 n=39 to=0 | cancels=0(+0/s) seqbad=0 len_bad=0 disc=0(0x00) | tot_n=21428 tot_to=0 maxever=73010 >2ms=21428 >5ms=21422 >15ms=5676 >20ms=5414 >30ms=435 | probes=21429 wrfail=0 down=4s maxout=4s
 415.013  t=413s RTT mean=23249 min=11911 max=34406 n=38 to=0 | cancels=0(+0/s) seqbad=0 len_bad=0 disc=0(0x00) | tot_n=21466 tot_to=0 maxever=73010 >2ms=21466 >5ms=21460 >15ms=5705 >20ms=5442 >30ms=436 | probes=21466 wrfail=0 down=4s maxout=4s
 417.013  t=414s RTT mean=22226 min=5779 max=28104 n=39 to=0 | cancels=0(+0/s) seqbad=0 len_bad=0 disc=0(0x00) | tot_n=21505 tot_to=0 maxever=73010 >2ms=21505 >5ms=21499 >15ms=5733 >20ms=5469 >30ms=436 | probes=21506 wrfail=0 down=4s maxout=4s
 417.013  t=415s RTT mean=22670 min=11912 max=34310 n=39 to=0 | cancels=0(+0/s) seqbad=0 len_bad=0 disc=0(0x00) | tot_n=21544 tot_to=0 maxever=73010 >2ms=21544 >5ms=21538 >15ms=5761 >20ms=5496 >30ms=438 | probes=21545 wrfail=0 down=4s maxout=4s
 418.970  t=416s RTT mean=22448 min=11911 max=28106 n=39 to=0 | cancels=0(+0/s) seqbad=0 len_bad=0 disc=0(0x00) | tot_n=21583 tot_to=0 maxever=73010 >2ms=21583 >5ms=21577 >15ms=5789 >20ms=5523 >30ms=438 | probes=21584 wrfail=0 down=4s maxout=4s
 419.030  t=417s RTT mean=22633 min=11911 max=35607 n=39 to=0 | cancels=0(+0/s) seqbad=0 len_bad=0 disc=0(0x00) | tot_n=21622 tot_to=0 maxever=73010 >2ms=21622 >5ms=21616 >15ms=5817 >20ms=5550 >30ms=439 | probes=21623 wrfail=0 down=4s maxout=4s
 420.964  t=418s RTT mean=22615 min=11912 max=33210 n=39 to=0 | cancels=0(+0/s) seqbad=0 len_bad=0 disc=0(0x00) | tot_n=21661 tot_to=0 maxever=73010 >2ms=21661 >5ms=21655 >15ms=5845 >20ms=5577 >30ms=440 | probes=21661 wrfail=0 down=4s maxout=4s
 421.024  t=419s RTT mean=22319 min=5779 max=32963 n=39 to=0 | cancels=0(+0/s) seqbad=0 len_bad=0 disc=0(0x00) | tot_n=21700 tot_to=0 maxever=73010 >2ms=21700 >5ms=21694 >15ms=5872 >20ms=5604 >30ms=441 | probes=21701 wrfail=0 down=4s maxout=4s
 423.021  t=420s RTT mean=22389 min=11912 max=28014 n=39 to=0 | cancels=0(+0/s) seqbad=0 len_bad=0 disc=0(0x00) | tot_n=21739 tot_to=0 maxever=73010 >2ms=21739 >5ms=21733 >15ms=5900 >20ms=5631 >30ms=441 | probes=21740 wrfail=0 down=4s maxout=4s
 423.021  t=421s RTT mean=22501 min=11911 max=30666 n=39 to=0 | cancels=0(+0/s) seqbad=0 len_bad=0 disc=0(0x00) | tot_n=21778 tot_to=0 maxever=73010 >2ms=21778 >5ms=21772 >15ms=5928 >20ms=5658 >30ms=443 | probes=21779 wrfail=0 down=4s maxout=4s
 424.975  t=422s RTT mean=22633 min=11911 max=28108 n=39 to=0 | cancels=0(+0/s) seqbad=0 len_bad=0 disc=0(0x00) | tot_n=21817 tot_to=0 maxever=73010 >2ms=21817 >5ms=21811 >15ms=5956 >20ms=5686 >30ms=443 | probes=21818 wrfail=0 down=4s maxout=4s
 425.035  t=423s RTT mean=22417 min=11912 max=28107 n=39 to=0 | cancels=0(+0/s) seqbad=0 len_bad=0 disc=0(0x00) | tot_n=21856 tot_to=0 maxever=73010 >2ms=21856 >5ms=21850 >15ms=5984 >20ms=5713 >30ms=443 | probes=21857 wrfail=0 down=4s maxout=4s
 427.005  t=424s RTT mean=22467 min=11911 max=34310 n=39 to=0 | cancels=0(+0/s) seqbad=0 len_bad=0 disc=0(0x00) | tot_n=21895 tot_to=0 maxever=73010 >2ms=21895 >5ms=21889 >15ms=6012 >20ms=5740 >30ms=444 | probes=21896 wrfail=0 down=4s maxout=4s
 427.005  PCTL target=150 tot=2323 to=0 p50=26 p90=28 p99=34 p99.9=41 max=56 g30=77 g100=0 (ms/counts)
 427.005  LOADRAMP: cycle complete
 427.005  LOADRAMP: target=0 KBps for 60s
 427.005  t=425s RTT mean=17204 min=11911 max=28011 n=50 to=0 | cancels=0(+0/s) seqbad=0 len_bad=0 disc=0(0x00) | tot_n=21945 tot_to=0 maxever=73010 >2ms=21945 >5ms=21939 >15ms=6030 >20ms=5758 >30ms=444 | probes=21945 wrfail=0 down=4s maxout=4s
 428.972  t=426s RTT mean=11914 min=11911 max=11934 n=66 to=0 | cancels=0(+0/s) seqbad=0 len_bad=0 disc=0(0x00) | tot_n=22011 tot_to=0 maxever=73010 >2ms=22011 >5ms=22005 >15ms=6030 >20ms=5758 >30ms=444 | probes=22012 wrfail=0 down=4s maxout=4s
 429.032  t=427s RTT mean=11914 min=11911 max=11922 n=67 to=0 | cancels=0(+0/s) seqbad=0 len_bad=0 disc=0(0x00) | tot_n=22078 tot_to=0 maxever=73010 >2ms=22078 >5ms=22072 >15ms=6030 >20ms=5758 >30ms=444 | probes=22079 wrfail=0 down=4s maxout=4s
 430.989  t=428s RTT mean=12375 min=11910 max=26914 n=65 to=0 | cancels=0(+0/s) seqbad=0 len_bad=0 disc=0(0x00) | tot_n=22143 tot_to=0 maxever=73010 >2ms=22143 >5ms=22137 >15ms=6032 >20ms=5760 >30ms=444 | probes=22143 wrfail=0 down=4s maxout=4s
 430.989  t=429s RTT mean=11914 min=11911 max=11922 n=66 to=0 | cancels=0(+0/s) seqbad=0 len_bad=0 disc=0(0x00) | tot_n=22209 tot_to=0 maxever=73010 >2ms=22209 >5ms=22203 >15ms=6032 >20ms=5760 >30ms=444 | probes=22210 wrfail=0 down=4s maxout=4s
 433.008  t=430s RTT mean=11914 min=11910 max=11933 n=67 to=0 | cancels=0(+0/s) seqbad=0 len_bad=0 disc=0(0x00) | tot_n=22276 tot_to=0 maxever=73010 >2ms=22276 >5ms=22270 >15ms=6032 >20ms=5760 >30ms=444 | probes=22277 wrfail=0 down=4s maxout=4s
 433.008  t=431s RTT mean=11914 min=11910 max=11922 n=67 to=0 | cancels=0(+0/s) seqbad=0 len_bad=0 disc=0(0x00) | tot_n=22343 tot_to=0 maxever=73010 >2ms=22343 >5ms=22337 >15ms=6032 >20ms=5760 >30ms=444 | probes=22343 wrfail=0 down=4s maxout=4s
 435.007  t=432s RTT mean=12500 min=11911 max=26913 n=64 to=0 | cancels=0(+0/s) seqbad=0 len_bad=0 disc=0(0x00) | tot_n=22407 tot_to=0 maxever=73010 >2ms=22407 >5ms=22401 >15ms=6036 >20ms=5761 >30ms=444 | probes=22408 wrfail=0 down=4s maxout=4s
 435.007  t=433s RTT mean=11914 min=11911 max=11923 n=66 to=0 | cancels=0(+0/s) seqbad=0 len_bad=0 disc=0(0x00) | tot_n=22473 tot_to=0 maxever=73010 >2ms=22473 >5ms=22467 >15ms=6036 >20ms=5761 >30ms=444 | probes=22474 wrfail=0 down=4s maxout=4s
 437.000  t=434s RTT mean=11914 min=11911 max=11932 n=67 to=0 | cancels=0(+0/s) seqbad=0 len_bad=0 disc=0(0x00) | tot_n=22540 tot_to=0 maxever=73010 >2ms=22540 >5ms=22534 >15ms=6036 >20ms=5761 >30ms=444 | probes=22541 wrfail=0 down=4s maxout=4s
 437.000  t=435s RTT mean=11914 min=11911 max=11922 n=67 to=0 | cancels=0(+0/s) seqbad=0 len_bad=0 disc=0(0x00) | tot_n=22607 tot_to=0 maxever=73010 >2ms=22607 >5ms=22601 >15ms=6036 >20ms=5761 >30ms=444 | probes=22608 wrfail=0 down=4s maxout=4s
 439.007  t=436s RTT mean=12145 min=11902 max=19414 n=65 to=0 | cancels=0(+0/s) seqbad=0 len_bad=0 disc=0(0x00) | tot_n=22672 tot_to=0 maxever=73010 >2ms=22672 >5ms=22666 >15ms=6038 >20ms=5761 >30ms=444 | probes=22673 wrfail=0 down=4s maxout=4s
 439.007  t=437s RTT mean=11914 min=11809 max=12028 n=67 to=0 | cancels=0(+0/s) seqbad=0 len_bad=0 disc=0(0x00) | tot_n=22739 tot_to=0 maxever=73010 >2ms=22739 >5ms=22733 >15ms=6038 >20ms=5761 >30ms=444 | probes=22740 wrfail=0 down=4s maxout=4s
 441.020  t=438s RTT mean=12261 min=11911 max=19414 n=65 to=0 | cancels=0(+0/s) seqbad=0 len_bad=0 disc=0(0x00) | tot_n=22804 tot_to=0 maxever=73010 >2ms=22804 >5ms=22798 >15ms=6041 >20ms=5761 >30ms=444 | probes=22805 wrfail=0 down=4s maxout=4s
 441.021  t=439s RTT mean=11914 min=11910 max=11948 n=67 to=0 | cancels=0(+0/s) seqbad=0 len_bad=0 disc=0(0x00) | tot_n=22871 tot_to=0 maxever=73010 >2ms=22871 >5ms=22865 >15ms=6041 >20ms=5761 >30ms=444 | probes=22872 wrfail=0 down=4s maxout=4s
 442.993  t=440s RTT mean=11915 min=11911 max=11948 n=67 to=0 | cancels=0(+0/s) seqbad=0 len_bad=0 disc=0(0x00) | tot_n=22938 tot_to=0 maxever=73010 >2ms=22938 >5ms=22932 >15ms=6041 >20ms=5761 >30ms=444 | probes=22938 wrfail=0 down=4s maxout=4s
 442.993  t=441s RTT mean=11914 min=11842 max=11947 n=66 to=0 | cancels=0(+0/s) seqbad=0 len_bad=0 disc=0(0x00) | tot_n=23004 tot_to=0 maxever=73010 >2ms=23004 >5ms=22998 >15ms=6041 >20ms=5761 >30ms=444 | probes=23005 wrfail=0 down=4s maxout=4s
 445.020  t=442s RTT mean=11915 min=11911 max=11947 n=67 to=0 | cancels=0(+0/s) seqbad=0 len_bad=0 disc=0(0x00) | tot_n=23071 tot_to=0 maxever=73010 >2ms=23071 >5ms=23065 >15ms=6041 >20ms=5761 >30ms=444 | probes=23072 wrfail=0 down=4s maxout=4s
 445.020  t=443s RTT mean=13289 min=11911 max=34414 n=60 to=0 | cancels=0(+0/s) seqbad=0 len_bad=0 disc=0(0x00) | tot_n=23131 tot_to=0 maxever=73010 >2ms=23131 >5ms=23125 >15ms=6049 >20ms=5763 >30ms=445 | probes=23132 wrfail=0 down=4s maxout=4s
 446.969  t=444s RTT mean=12138 min=11911 max=26906 n=67 to=0 | cancels=0(+0/s) seqbad=0 len_bad=0 disc=0(0x00) | tot_n=23198 tot_to=0 maxever=73010 >2ms=23198 >5ms=23192 >15ms=6050 >20ms=5764 >30ms=445 | probes=23199 wrfail=0 down=4s maxout=4s
 447.029  t=445s RTT mean=11915 min=11911 max=11948 n=67 to=0 | cancels=0(+0/s) seqbad=0 len_bad=0 disc=0(0x00) | tot_n=23265 tot_to=0 maxever=73010 >2ms=23265 >5ms=23259 >15ms=6050 >20ms=5764 >30ms=445 | probes=23265 wrfail=0 down=4s maxout=4s
 448.974  t=446s RTT mean=11915 min=11910 max=11947 n=66 to=0 | cancels=0(+0/s) seqbad=0 len_bad=0 disc=0(0x00) | tot_n=23331 tot_to=0 maxever=73010 >2ms=23331 >5ms=23325 >15ms=6050 >20ms=5764 >30ms=445 | probes=23332 wrfail=0 down=4s maxout=4s
 449.034  t=447s RTT mean=11914 min=11911 max=11948 n=67 to=0 | cancels=0(+0/s) seqbad=0 len_bad=0 disc=0(0x00) | tot_n=23398 tot_to=0 maxever=73010 >2ms=23398 >5ms=23392 >15ms=6050 >20ms=5764 >30ms=445 | probes=23399 wrfail=0 down=4s maxout=4s
