   1.947  t=1s RTT mean=0 min=0 max=0 n=0 to=0 | cancels=0(+*** Booting Zephyr OS build v4.4.2-16-gfee9fbc62095 ***
   1.947  [00:32:27.602,085] [0m<inf> bt_hci_core: HW Platform: Nordic Semiconductor (0x0002)[0m
   1.947  [00:32:27.602,097] [0m<inf> bt_hci_core: HW Variant: nRF54Lx (0x0005)[0m
   1.947  [00:32:27.602,109] [0m<inf> bt_hci_core: Firmware: Standard Bluetooth controller (0x00) Version 4.4 Build 2[0m
   1.947  [00:32:27.602,453] [0m<inf> bt_hci_core: HCI transport: Controller[0m
   2.000  [00:32:27.602,500] [0m<inf> bt_hci_core: Identity: FC:BE:FF:FA:E6:8B (random)[0m
   2.000  [00:32:27.602,515] [0m<inf> bt_hci_core: HCI: version 5.4 (0x0d) revision 0x0000, manufacturer 0x05f1[0m
   2.000  [00:32:27.602,530] [0m<inf> bt_hci_core: LMP: version 5.4 (0x0d) subver 0xffff[0m
   2.000  
   2.000  === nRF54L15 RTT ping-pong CENTRAL ===
   2.000  scan rc=0
   3.940  t=1s RTT mean=0 min=0 max=0 n=0 to=0 | cancels=0(+0/s) seqbad=0 len_bad=0 disc=0(0x00) | tot_n=0 tot_to=0 maxever=0 >2ms=0 >5ms=0 >15ms=0 >20ms=0 >30ms=0 | probes=0 wrfail=0 down=1s maxout=1s
   3.993  t=2s RTT mean=0 min=0 max=0 n=0 to=0 | cancels=0(+0/s) seqbad=0 len_bad=0 disc=0(0x00) | tot_n=0 tot_to=0 maxever=0 >2ms=0 >5ms=0 >15ms=0 >20ms=0 >30ms=0 | probes=0 wrfail=0 down=2s maxout=2s
   5.980  t=3s RTT mean=0 min=0 max=0 n=0 to=0 | cancels=0(+0/s) seqbad=0 len_bad=0 disc=0(0x00) | tot_n=0 tot_to=0 maxever=0 >2ms=0 >5ms=0 >15ms=0 >20ms=0 >30ms=0 | probes=0 wrfail=0 down=3s maxout=3s
   5.980  Q2CONN AA=bd51362e CRCINIT=d04101 hop=12 chan_count=37 map=ffffffff1f
   5.980  GAP connected interval=7500
   5.980  MTU err=0 mtu=247
   5.980  t=4s RTT mean=0 min=0 max=0 n=0 to=0 | cancels=0(+0/s) seqbad=0 len_bad=0 disc=0(0x00) | tot_n=0 tot_to=0 maxever=0 >2ms=0 >5ms=0 >15ms=0 >20ms=0 >30ms=0 | probes=0 wrfail=0 down=4s maxout=4s
   5.980  PHY tx=2 rx=2
   7.499  discovery start (post-PHY +500ms) interval=7500 phy2m=1
   7.499  SUBSCRIBED, vh=14
   7.499  LOADRAMP: bulk char handle=17
   7.499  LOADRAMP: target=0 KBps for 60s
   7.499  t=5s RTT mean=12046 min=11911 max=15344 n=26 to=0 | cancels=0(+0/s) seqbad=0 len_bad=0 disc=0(0x00) | tot_n=26 tot_to=0 maxever=15344 >2ms=26 >5ms=26 >15ms=1 >20ms=0 >30ms=0 | probes=26 wrfail=0 down=4s maxout=4s
   8.954  t=6s RTT mean=11915 min=11911 max=11947 n=66 to=0 | cancels=0(+0/s) seqbad=0 len_bad=0 disc=0(0x00) | tot_n=92 tot_to=0 maxever=15344 >2ms=92 >5ms=92 >15ms=1 >20ms=0 >30ms=0 | probes=93 wrfail=0 down=4s maxout=4s
   8.954  t=7s RTT mean=11915 min=11911 max=11948 n=67 to=0 | cancels=0(+0/s) seqbad=0 len_bad=0 disc=0(0x00) | tot_n=159 tot_to=0 maxever=15344 >2ms=159 >5ms=159 >15ms=1 >20ms=0 >30ms=0 | probes=160 wrfail=0 down=4s maxout=4s
  10.501  FSU: request [52..52] us (ACL both dirs, 1M+2M) rc=0
  10.501  FSU: updated status=0x00 spacing=52 us phys=0x3 types=0x3 initiator=0
  10.552  t=8s RTT mean=12140 min=11775 max=19413 n=66 to=0 | cancels=0(+0/s) seqbad=0 len_bad=0 disc=0(0x00) | tot_n=225 tot_to=0 maxever=19413 >2ms=225 >5ms=225 >15ms=3 >20ms=0 >30ms=0 | probes=225 wrfail=0 down=4s maxout=4s
  11.940  t=9s RTT mean=11913 min=11810 max=11948 n=66 to=0 | cancels=0(+0/s) seqbad=0 len_bad=0 disc=0(0x00) | tot_n=291 tot_to=0 maxever=19413 >2ms=291 >5ms=291 >15ms=3 >20ms=0 >30ms=0 | probes=292 wrfail=0 down=4s maxout=4s
  11.993  t=10s RTT mean=11915 min=11911 max=11948 n=67 to=0 | cancels=0(+0/s) seqbad=0 len_bad=0 disc=0(0x00) | tot_n=358 tot_to=0 maxever=19413 >2ms=358 >5ms=358 >15ms=3 >20ms=0 >30ms=0 | probes=359 wrfail=0 down=4s maxout=4s
  13.931  t=11s RTT mean=11914 min=11910 max=11947 n=67 to=0 | cancels=0(+0/s) seqbad=0 len_bad=0 disc=0(0x00) | tot_n=425 tot_to=0 maxever=19413 >2ms=425 >5ms=425 >15ms=3 >20ms=0 >30ms=0 | probes=426 wrfail=0 down=4s maxout=4s
  13.986  t=12s RTT mean=11915 min=11911 max=11947 n=66 to=0 | cancels=0(+0/s) seqbad=0 len_bad=0 disc=0(0x00) | tot_n=491 tot_to=0 maxever=19413 >2ms=491 >5ms=491 >15ms=3 >20ms=0 >30ms=0 | probes=492 wrfail=0 down=4s maxout=4s
  15.937  t=13s RTT mean=12027 min=11911 max=19414 n=67 to=0 | cancels=0(+0/s) seqbad=0 len_bad=0 disc=0(0x00) | tot_n=558 tot_to=0 maxever=19414 >2ms=558 >5ms=558 >15ms=4 >20ms=0 >30ms=0 | probes=558 wrfail=0 down=4s maxout=4s
  15.992  t=14s RTT mean=12027 min=11910 max=19423 n=66 to=0 | cancels=0(+0/s) seqbad=0 len_bad=0 disc=0(0x00) | tot_n=624 tot_to=0 maxever=19423 >2ms=624 >5ms=624 >15ms=5 >20ms=0 >30ms=0 | probes=625 wrfail=0 down=4s maxout=4s
  17.957  t=15s RTT mean=11914 min=11910 max=11931 n=66 to=0 | cancels=0(+0/s) seqbad=0 len_bad=0 disc=0(0x00) | tot_n=690 tot_to=0 maxever=19423 >2ms=690 >5ms=690 >15ms=5 >20ms=0 >30ms=0 | probes=691 wrfail=0 down=4s maxout=4s
  17.957  t=16s RTT mean=12141 min=11911 max=19414 n=66 to=0 | cancels=0(+0/s) seqbad=0 len_bad=0 disc=0(0x00) | tot_n=756 tot_to=0 maxever=19423 >2ms=756 >5ms=756 >15ms=7 >20ms=0 >30ms=0 | probes=757 wrfail=0 down=4s maxout=4s
  19.955  t=17s RTT mean=11914 min=11911 max=11923 n=67 to=0 | cancels=0(+0/s) seqbad=0 len_bad=0 disc=0(0x00) | tot_n=823 tot_to=0 maxever=19423 >2ms=823 >5ms=823 >15ms=7 >20ms=0 >30ms=0 | probes=824 wrfail=0 down=4s maxout=4s
  19.955  t=18s RTT mean=11914 min=11911 max=11922 n=66 to=0 | cancels=0(+0/s) seqbad=0 len_bad=0 disc=0(0x00) | tot_n=889 tot_to=0 maxever=19423 >2ms=889 >5ms=889 >15ms=7 >20ms=0 >30ms=0 | probes=890 wrfail=0 down=4s maxout=4s
  21.939  t=19s RTT mean=12027 min=11911 max=19412 n=67 to=0 | cancels=0(+0/s) seqbad=0 len_bad=0 disc=0(0x00) | tot_n=956 tot_to=0 maxever=19423 >2ms=956 >5ms=956 >15ms=8 >20ms=0 >30ms=0 | probes=956 wrfail=0 down=4s maxout=4s
  21.991  t=20s RTT mean=12260 min=11911 max=26911 n=65 to=0 | cancels=0(+0/s) seqbad=0 len_bad=0 disc=0(0x00) | tot_n=1021 tot_to=0 maxever=26911 >2ms=1021 >5ms=1021 >15ms=10 >20ms=1 >30ms=0 | probes=1022 wrfail=0 down=4s maxout=4s
  23.939  t=21s RTT mean=11914 min=11910 max=11931 n=66 to=0 | cancels=0(+0/s) seqbad=0 len_bad=0 disc=0(0x00) | tot_n=1087 tot_to=0 maxever=26911 >2ms=1087 >5ms=1087 >15ms=10 >20ms=1 >30ms=0 | probes=1088 wrfail=0 down=4s maxout=4s
  23.994  t=22s RTT mean=11914 min=11808 max=12028 n=67 to=0 | cancels=0(+0/s) seqbad=0 len_bad=0 disc=0(0x00) | tot_n=1154 tot_to=0 maxever=26911 >2ms=1154 >5ms=1154 >15ms=10 >20ms=1 >30ms=0 | probes=1155 wrfail=0 down=4s maxout=4s
  25.961  t=23s RTT mean=11914 min=11911 max=11932 n=67 to=0 | cancels=0(+0/s) seqbad=0 len_bad=0 disc=0(0x00) | tot_n=1221 tot_to=0 maxever=26911 >2ms=1221 >5ms=1221 >15ms=10 >20ms=1 >30ms=0 | probes=1222 wrfail=0 down=4s maxout=4s
  25.962  t=24s RTT mean=11914 min=11911 max=11923 n=67 to=0 | cancels=0(+0/s) seqbad=0 len_bad=0 disc=0(0x00) | tot_n=1288 tot_to=0 maxever=26911 >2ms=1288 >5ms=1288 >15ms=10 >20ms=1 >30ms=0 | probes=1288 wrfail=0 down=4s maxout=4s
  27.936  t=25s RTT mean=12028 min=11900 max=19413 n=66 to=0 | cancels=0(+0/s) seqbad=0 len_bad=0 disc=0(0x00) | tot_n=1354 tot_to=0 maxever=26911 >2ms=1354 >5ms=1354 >15ms=11 >20ms=1 >30ms=0 | probes=1354 wrfail=0 down=4s maxout=4s
  27.992  t=26s RTT mean=11912 min=11806 max=11922 n=66 to=0 | cancels=0(+0/s) seqbad=0 len_bad=0 disc=0(0x00) | tot_n=1420 tot_to=0 maxever=26911 >2ms=1420 >5ms=1420 >15ms=11 >20ms=1 >30ms=0 | probes=1421 wrfail=0 down=4s maxout=4s
  29.938  t=27s RTT mean=11914 min=11910 max=11934 n=67 to=0 | cancels=0(+0/s) seqbad=0 len_bad=0 disc=0(0x00) | tot_n=1487 tot_to=0 maxever=26911 >2ms=1487 >5ms=1487 >15ms=11 >20ms=1 >30ms=0 | probes=1488 wrfail=0 down=4s maxout=4s
  29.994  t=28s RTT mean=11914 min=11911 max=11922 n=67 to=0 | cancels=0(+0/s) seqbad=0 len_bad=0 disc=0(0x00) | tot_n=1554 tot_to=0 maxever=26911 >2ms=1554 >5ms=1554 >15ms=11 >20ms=1 >30ms=0 | probes=1555 wrfail=0 down=4s maxout=4s
  31.936  t=29s RTT mean=11914 min=11911 max=11931 n=66 to=0 | cancels=0(+0/s) seqbad=0 len_bad=0 disc=0(0x00) | tot_n=1620 tot_to=0 maxever=26911 >2ms=1620 >5ms=1620 >15ms=11 >20ms=1 >30ms=0 | probes=1621 wrfail=0 down=4s maxout=4s
  31.991  t=30s RTT mean=11914 min=11911 max=11922 n=67 to=0 | cancels=0(+0/s) seqbad=0 len_bad=0 disc=0(0x00) | tot_n=1687 tot_to=0 maxever=26911 >2ms=1687 >5ms=1687 >15ms=11 >20ms=1 >30ms=0 | probes=1688 wrfail=0 down=4s maxout=4s
  33.934  t=31s RTT mean=12617 min=11911 max=26922 n=64 to=0 | cancels=0(+0/s) seqbad=0 len_bad=0 disc=0(0x00) | tot_n=1751 tot_to=0 maxever=26922 >2ms=1751 >5ms=1751 >15ms=15 >20ms=3 >30ms=0 | probes=1752 wrfail=0 down=4s maxout=4s
  33.989  t=32s RTT mean=11914 min=11911 max=11922 n=66 to=0 | cancels=0(+0/s) seqbad=0 len_bad=0 disc=0(0x00) | tot_n=1817 tot_to=0 maxever=26922 >2ms=1817 >5ms=1817 >15ms=15 >20ms=3 >30ms=0 | probes=1818 wrfail=0 down=4s maxout=4s
  35.970  t=33s RTT mean=11914 min=11911 max=11933 n=67 to=0 | cancels=0(+0/s) seqbad=0 len_bad=0 disc=0(0x00) | tot_n=1884 tot_to=0 maxever=26922 >2ms=1884 >5ms=1884 >15ms=15 >20ms=3 >30ms=0 | probes=1885 wrfail=0 down=4s maxout=4s
  35.970  t=34s RTT mean=11914 min=11911 max=11922 n=67 to=0 | cancels=0(+0/s) seqbad=0 len_bad=0 disc=0(0x00) | tot_n=1951 tot_to=0 maxever=26922 >2ms=1951 >5ms=1951 >15ms=15 >20ms=3 >30ms=0 | probes=1952 wrfail=0 down=4s maxout=4s
  37.959  t=35s RTT mean=11914 min=11911 max=11932 n=66 to=0 | cancels=0(+0/s) seqbad=0 len_bad=0 disc=0(0x00) | tot_n=2017 tot_to=0 maxever=26922 >2ms=2017 >5ms=2017 >15ms=15 >20ms=3 >30ms=0 | probes=2018 wrfail=0 down=4s maxout=4s
  37.959  t=36s RTT mean=12617 min=11911 max=26915 n=64 to=0 | cancels=0(+0/s) seqbad=0 len_bad=0 disc=0(0x00) | tot_n=2081 tot_to=0 maxever=26922 >2ms=2081 >5ms=2081 >15ms=20 >20ms=4 >30ms=0 | probes=2082 wrfail=0 down=4s maxout=4s
  39.969  t=37s RTT mean=11914 min=11899 max=11933 n=67 to=0 | cancels=0(+0/s) seqbad=0 len_bad=0 disc=0(0x00) | tot_n=2148 tot_to=0 maxever=26922 >2ms=2148 >5ms=2148 >15ms=20 >20ms=4 >30ms=0 | probes=2149 wrfail=0 down=4s maxout=4s
  39.970  t=38s RTT mean=11914 min=11911 max=11922 n=66 to=0 | cancels=0(+0/s) seqbad=0 len_bad=0 disc=0(0x00) | tot_n=2214 tot_to=0 maxever=26922 >2ms=2214 >5ms=2214 >15ms=20 >20ms=4 >30ms=0 | probes=2215 wrfail=0 down=4s maxout=4s
  41.973  t=39s RTT mean=12026 min=11801 max=19414 n=67 to=0 | cancels=0(+0/s) seqbad=0 len_bad=0 disc=0(0x00) | tot_n=2281 tot_to=0 maxever=26922 >2ms=2281 >5ms=2281 >15ms=21 >20ms=4 >30ms=0 | probes=2281 wrfail=0 down=4s maxout=4s
  41.973  t=40s RTT mean=12260 min=11911 max=26913 n=65 to=0 | cancels=0(+0/s) seqbad=0 len_bad=0 disc=0(0x00) | tot_n=2346 tot_to=0 maxever=26922 >2ms=2346 >5ms=2346 >15ms=23 >20ms=5 >30ms=0 | probes=2347 wrfail=0 down=4s maxout=4s
  43.964  t=41s RTT mean=11914 min=11910 max=11932 n=67 to=0 | cancels=0(+0/s) seqbad=0 len_bad=0 disc=0(0x00) | tot_n=2413 tot_to=0 maxever=26922 >2ms=2413 >5ms=2413 >15ms=23 >20ms=5 >30ms=0 | probes=2413 wrfail=0 down=4s maxout=4s
  43.964  t=42s RTT mean=11914 min=11911 max=11946 n=66 to=0 | cancels=0(+0/s) seqbad=0 len_bad=0 disc=0(0x00) | tot_n=2479 tot_to=0 maxever=26922 >2ms=2479 >5ms=2479 >15ms=23 >20ms=5 >30ms=0 | probes=2480 wrfail=0 down=4s maxout=4s
  45.967  t=43s RTT mean=11914 min=11911 max=11932 n=67 to=0 | cancels=0(+0/s) seqbad=0 len_bad=0 disc=0(0x00) | tot_n=2546 tot_to=0 maxever=26922 >2ms=2546 >5ms=2546 >15ms=23 >20ms=5 >30ms=0 | probes=2547 wrfail=0 down=4s maxout=4s
  45.967  t=44s RTT mean=11914 min=11911 max=11922 n=67 to=0 | cancels=0(+0/s) seqbad=0 len_bad=0 disc=0(0x00) | tot_n=2613 tot_to=0 maxever=26922 >2ms=2613 >5ms=2613 >15ms=23 >20ms=5 >30ms=0 | probes=2613 wrfail=0 down=4s maxout=4s
  47.969  t=45s RTT mean=11914 min=11905 max=11946 n=66 to=0 | cancels=0(+0/s) seqbad=0 len_bad=0 disc=0(0x00) | tot_n=2679 tot_to=0 maxever=26922 >2ms=2679 >5ms=2679 >15ms=23 >20ms=5 >30ms=0 | probes=2680 wrfail=0 down=4s maxout=4s
  47.969  t=46s RTT mean=12747 min=11911 max=26914 n=63 to=0 | cancels=0(+0/s) seqbad=0 len_bad=0 disc=0(0x00) | tot_n=2742 tot_to=0 maxever=26922 >2ms=2742 >5ms=2742 >15ms=29 >20ms=6 >30ms=0 | probes=2743 wrfail=0 down=4s maxout=4s
  49.971  t=47s RTT mean=11914 min=11911 max=11932 n=67 to=0 | cancels=0(+0/s) seqbad=0 len_bad=0 disc=0(0x00) | tot_n=2809 tot_to=0 maxever=26922 >2ms=2809 >5ms=2809 >15ms=29 >20ms=6 >30ms=0 | probes=2810 wrfail=0 down=4s maxout=4s
  49.971  t=48s RTT mean=12260 min=11911 max=34416 n=65 to=0 | cancels=0(+0/s) seqbad=0 len_bad=0 disc=0(0x00) | tot_n=2874 tot_to=0 maxever=34416 >2ms=2874 >5ms=2874 >15ms=30 >20ms=7 >30ms=1 | probes=2875 wrfail=0 down=4s maxout=4s
  51.954  t=49s RTT mean=12260 min=11911 max=26919 n=65 to=0 | cancels=0(+0/s) seqbad=0 len_bad=0 disc=0(0x00) | tot_n=2939 tot_to=0 maxever=34416 >2ms=2939 >5ms=2939 >15ms=32 >20ms=8 >30ms=1 | probes=2940 wrfail=0 down=4s maxout=4s
  52.004  t=50s RTT mean=11914 min=11911 max=11923 n=67 to=0 | cancels=0(+0/s) seqbad=0 len_bad=0 disc=0(0x00) | tot_n=3006 tot_to=0 maxever=34416 >2ms=3006 >5ms=3006 >15ms=32 >20ms=8 >30ms=1 | probes=3007 wrfail=0 down=4s maxout=4s
  53.986  t=51s RTT mean=12376 min=11911 max=26911 n=65 to=0 | cancels=0(+0/s) seqbad=0 len_bad=0 disc=0(0x00) | tot_n=3071 tot_to=0 maxever=34416 >2ms=3071 >5ms=3071 >15ms=35 >20ms=9 >30ms=1 | probes=3072 wrfail=0 down=4s maxout=4s
  53.986  t=52s RTT mean=12383 min=11911 max=26913 n=64 to=0 | cancels=0(+0/s) seqbad=0 len_bad=0 disc=0(0x00) | tot_n=3135 tot_to=0 maxever=34416 >2ms=3135 >5ms=3135 >15ms=37 >20ms=11 >30ms=1 | probes=3136 wrfail=0 down=4s maxout=4s
  55.937  t=53s RTT mean=12735 min=11911 max=19422 n=64 to=0 | cancels=0(+0/s) seqbad=0 len_bad=0 disc=0(0x00) | tot_n=3199 tot_to=0 maxever=34416 >2ms=3199 >5ms=3199 >15ms=44 >20ms=11 >30ms=1 | probes=3199 wrfail=0 down=4s maxout=4s
  55.989  t=54s RTT mean=11914 min=11911 max=11945 n=66 to=0 | cancels=0(+0/s) seqbad=0 len_bad=0 disc=0(0x00) | tot_n=3265 tot_to=0 maxever=34416 >2ms=3265 >5ms=3265 >15ms=44 >20ms=11 >30ms=1 | probes=3266 wrfail=0 down=4s maxout=4s
  57.989  t=55s RTT mean=12028 min=11911 max=19414 n=66 to=0 | cancels=0(+0/s) seqbad=0 len_bad=0 disc=0(0x00) | tot_n=3331 tot_to=0 maxever=34416 >2ms=3331 >5ms=3331 >15ms=45 >20ms=11 >30ms=1 | probes=3332 wrfail=0 down=4s maxout=4s
  57.989  t=56s RTT mean=11914 min=11807 max=12028 n=67 to=0 | cancels=0(+0/s) seqbad=0 len_bad=0 disc=0(0x00) | tot_n=3398 tot_to=0 maxever=34416 >2ms=3398 >5ms=3398 >15ms=45 >20ms=11 >30ms=1 | probes=3399 wrfail=0 down=4s maxout=4s
  59.966  t=57s RTT mean=12028 min=11910 max=19414 n=66 to=0 | cancels=0(+0/s) seqbad=0 len_bad=0 disc=0(0x00) | tot_n=3464 tot_to=0 maxever=34416 >2ms=3464 >5ms=3464 >15ms=46 >20ms=11 >30ms=1 | probes=3465 wrfail=0 down=4s maxout=4s
  59.967  t=58s RTT mean=11914 min=11905 max=11922 n=67 to=0 | cancels=0(+0/s) seqbad=0 len_bad=0 disc=0(0x00) | tot_n=3531 tot_to=0 maxever=34416 >2ms=3531 >5ms=3531 >15ms=46 >20ms=11 >30ms=1 | probes=3532 wrfail=0 down=4s maxout=4s
  61.948  t=59s RTT mean=11914 min=11911 max=11923 n=67 to=0 | cancels=0(+0/s) seqbad=0 len_bad=0 disc=0(0x00) | tot_n=3598 tot_to=0 maxever=34416 >2ms=3598 >5ms=3598 >15ms=46 >20ms=11 >30ms=1 | probes=3599 wrfail=0 down=4s maxout=4s
  62.003  t=60s RTT mean=11914 min=11911 max=11922 n=66 to=0 | cancels=0(+0/s) seqbad=0 len_bad=0 disc=0(0x00) | tot_n=3664 tot_to=0 maxever=34416 >2ms=3664 >5ms=3664 >15ms=46 >20ms=11 >30ms=1 | probes=3665 wrfail=0 down=4s maxout=4s
  63.971  t=61s RTT mean=12142 min=11911 max=19414 n=66 to=0 | cancels=0(+0/s) seqbad=0 len_bad=0 disc=0(0x00) | tot_n=3730 tot_to=0 maxever=34416 >2ms=3730 >5ms=3730 >15ms=48 >20ms=11 >30ms=1 | probes=3731 wrfail=0 down=4s maxout=4s
  63.971  t=62s RTT mean=11914 min=11911 max=11923 n=67 to=0 | cancels=0(+0/s) seqbad=0 len_bad=0 disc=0(0x00) | tot_n=3797 tot_to=0 maxever=34416 >2ms=3797 >5ms=3797 >15ms=48 >20ms=11 >30ms=1 | probes=3798 wrfail=0 down=4s maxout=4s
  65.964  t=63s RTT mean=11914 min=11899 max=11933 n=66 to=0 | cancels=0(+0/s) seqbad=0 len_bad=0 disc=0(0x00) | tot_n=3863 tot_to=0 maxever=34416 >2ms=3863 >5ms=3863 >15ms=48 >20ms=11 >30ms=1 | probes=3864 wrfail=0 down=4s maxout=4s
  65.964  t=64s RTT mean=11915 min=11911 max=11947 n=67 to=0 | cancels=0(+0/s) seqbad=0 len_bad=0 disc=0(0x00) | tot_n=3930 tot_to=0 maxever=34416 >2ms=3930 >5ms=3930 >15ms=48 >20ms=11 >30ms=1 | probes=3931 wrfail=0 down=4s maxout=4s
  67.681  PCTL target=0 tot=3972 to=0 p50=11 p90=11 p99=19 p99.9=26 max=34 g30=1 g100=0 (ms/counts)
  67.681  LOADRAMP: target=25 KBps for 60s
  67.681  t=65s RTT mean=12867 min=5778 max=26910 n=63 to=0 | cancels=0(+0/s) seqbad=0 len_bad=0 disc=0(0x00) | tot_n=3993 tot_to=0 maxever=34416 >2ms=3993 >5ms=3993 >15ms=53 >20ms=15 >30ms=1 | probes=3994 wrfail=0 down=4s maxout=4s
  68.982  t=66s RTT mean=13139 min=11911 max=30700 n=61 to=0 | cancels=0(+0/s) seqbad=0 len_bad=0 disc=0(0x00) | tot_n=4054 tot_to=0 maxever=34416 >2ms=4054 >5ms=4054 >15ms=58 >20ms=20 >30ms=2 | probes=4055 wrfail=0 down=4s maxout=4s
  68.982  t=67s RTT mean=12985 min=11911 max=27161 n=63 to=0 | cancels=0(+0/s) seqbad=0 len_bad=0 disc=0(0x00) | tot_n=4117 tot_to=0 maxever=34416 >2ms=4117 >5ms=4117 >15ms=63 >20ms=24 >30ms=2 | probes=4117 wrfail=0 down=4s maxout=4s
  70.973  t=68s RTT mean=13002 min=11911 max=28100 n=62 to=0 | cancels=0(+0/s) seqbad=0 len_bad=0 disc=0(0x00) | tot_n=4179 tot_to=0 maxever=34416 >2ms=4179 >5ms=4179 >15ms=68 >20ms=28 >30ms=2 | probes=4180 wrfail=0 down=4s maxout=4s
  70.973  t=69s RTT mean=13137 min=11912 max=30698 n=61 to=0 | cancels=0(+0/s) seqbad=0 len_bad=0 disc=0(0x00) | tot_n=4240 tot_to=0 maxever=34416 >2ms=4240 >5ms=4240 >15ms=73 >20ms=33 >30ms=3 | probes=4241 wrfail=0 down=4s maxout=4s
  72.964  t=70s RTT mean=12985 min=11911 max=27163 n=63 to=0 | cancels=0(+0/s) seqbad=0 len_bad=0 disc=0(0x00) | tot_n=4303 tot_to=0 maxever=34416 >2ms=4303 >5ms=4303 >15ms=78 >20ms=37 >30ms=3 | probes=4303 wrfail=0 down=4s maxout=4s
  72.964  t=71s RTT mean=13002 min=11911 max=27162 n=62 to=0 | cancels=0(+0/s) seqbad=0 len_bad=0 disc=0(0x00) | tot_n=4365 tot_to=0 maxever=34416 >2ms=4365 >5ms=4365 >15ms=83 >20ms=41 >30ms=3 | probes=4366 wrfail=0 down=4s maxout=4s
  74.954  t=72s RTT mean=13118 min=11911 max=30697 n=62 to=0 | cancels=0(+0/s) seqbad=0 len_bad=0 disc=0(0x00) | tot_n=4427 tot_to=0 maxever=34416 >2ms=4427 >5ms=4427 >15ms=88 >20ms=46 >30ms=4 | probes=4427 wrfail=0 down=4s maxout=4s
  75.010  t=73s RTT mean=13002 min=11911 max=27164 n=62 to=0 | cancels=0(+0/s) seqbad=0 len_bad=0 disc=0(0x00) | tot_n=4489 tot_to=0 maxever=34416 >2ms=4489 >5ms=4489 >15ms=93 >20ms=50 >30ms=4 | probes=4489 wrfail=0 down=4s maxout=4s
  76.959  t=74s RTT mean=13414 min=5779 max=34410 n=60 to=0 | cancels=0(+0/s) seqbad=0 len_bad=0 disc=0(0x00) | tot_n=4549 tot_to=0 maxever=34416 >2ms=4549 >5ms=4549 >15ms=100 >20ms=55 >30ms=5 | probes=4550 wrfail=0 down=4s maxout=4s
  76.959  t=75s RTT mean=13238 min=11911 max=30697 n=62 to=0 | cancels=0(+0/s) seqbad=0 len_bad=0 disc=0(0x00) | tot_n=4611 tot_to=0 maxever=34416 >2ms=4611 >5ms=4611 >15ms=106 >20ms=60 >30ms=6 | probes=4611 wrfail=0 down=4s maxout=4s
  78.979  t=76s RTT mean=13002 min=11911 max=27163 n=62 to=0 | cancels=0(+0/s) seqbad=0 len_bad=0 disc=0(0x00) | tot_n=4673 tot_to=0 maxever=34416 >2ms=4673 >5ms=4673 >15ms=111 >20ms=64 >30ms=6 | probes=4674 wrfail=0 down=4s maxout=4s
  78.979  t=77s RTT mean=13538 min=11911 max=27162 n=60 to=0 | cancels=0(+0/s) seqbad=0 len_bad=0 disc=0(0x00) | tot_n=4733 tot_to=0 maxever=34416 >2ms=4733 >5ms=4733 >15ms=119 >20ms=69 >30ms=6 | probes=4734 wrfail=0 down=4s maxout=4s
  80.970  t=78s RTT mean=13118 min=11911 max=30697 n=62 to=0 | cancels=0(+0/s) seqbad=0 len_bad=0 disc=0(0x00) | tot_n=4795 tot_to=0 maxever=34416 >2ms=4795 >5ms=4795 >15ms=124 >20ms=74 >30ms=7 | probes=4795 wrfail=0 down=4s maxout=4s
  80.970  t=79s RTT mean=13002 min=11911 max=27163 n=62 to=0 | cancels=0(+0/s) seqbad=0 len_bad=0 disc=0(0x00) | tot_n=4857 tot_to=0 maxever=34416 >2ms=4857 >5ms=4857 >15ms=129 >20ms=78 >30ms=7 | probes=4858 wrfail=0 down=4s maxout=4s
  82.942  t=80s RTT mean=13002 min=11911 max=31698 n=62 to=0 | cancels=0(+0/s) seqbad=0 len_bad=0 disc=0(0x00) | tot_n=4919 tot_to=0 maxever=34416 >2ms=4919 >5ms=4919 >15ms=133 >20ms=82 >30ms=8 | probes=4920 wrfail=0 down=4s maxout=4s
  82.997  t=81s RTT mean=13383 min=11911 max=30699 n=61 to=0 | cancels=0(+0/s) seqbad=0 len_bad=0 disc=0(0x00) | tot_n=4980 tot_to=0 maxever=34416 >2ms=4980 >5ms=4980 >15ms=140 >20ms=87 >30ms=9 | probes=4980 wrfail=0 down=4s maxout=4s
  84.994  t=82s RTT mean=13412 min=11911 max=31697 n=60 to=0 | cancels=0(+0/s) seqbad=0 len_bad=0 disc=0(0x00) | tot_n=5040 tot_to=0 maxever=34416 >2ms=5040 >5ms=5040 >15ms=147 >20ms=92 >30ms=10 | probes=5041 wrfail=0 down=4s maxout=4s
  84.994  t=83s RTT mean=13123 min=5778 max=31689 n=62 to=0 | cancels=0(+0/s) seqbad=0 len_bad=0 disc=0(0x00) | tot_n=5102 tot_to=0 maxever=34416 >2ms=5102 >5ms=5102 >15ms=152 >20ms=97 >30ms=11 | probes=5103 wrfail=0 down=4s maxout=4s
  86.988  t=84s RTT mean=13122 min=11911 max=30699 n=62 to=0 | cancels=0(+0/s) seqbad=0 len_bad=0 disc=0(0x00) | tot_n=5164 tot_to=0 maxever=34416 >2ms=5164 >5ms=5164 >15ms=157 >20ms=102 >30ms=12 | probes=5164 wrfail=0 down=4s maxout=4s
  86.988  t=85s RTT mean=13820 min=11911 max=41914 n=59 to=0 | cancels=0(+0/s) seqbad=0 len_bad=0 disc=0(0x00) | tot_n=5223 tot_to=0 maxever=41914 >2ms=5223 >5ms=5223 >15ms=164 >20ms=108 >30ms=13 | probes=5224 wrfail=0 down=4s maxout=4s
  88.981  t=86s RTT mean=13002 min=11911 max=28106 n=62 to=0 | cancels=0(+0/s) seqbad=0 len_bad=0 disc=0(0x00) | tot_n=5285 tot_to=0 maxever=41914 >2ms=5285 >5ms=5285 >15ms=169 >20ms=112 >30ms=13 | probes=5286 wrfail=0 down=4s maxout=4s
  88.981  t=87s RTT mean=13266 min=11911 max=28315 n=61 to=0 | cancels=0(+0/s) seqbad=0 len_bad=0 disc=0(0x00) | tot_n=5346 tot_to=0 maxever=41914 >2ms=5346 >5ms=5346 >15ms=175 >20ms=117 >30ms=13 | probes=5347 wrfail=0 down=4s maxout=4s
  90.973  t=88s RTT mean=13123 min=11911 max=27164 n=62 to=0 | cancels=0(+0/s) seqbad=0 len_bad=0 disc=0(0x00) | tot_n=5408 tot_to=0 maxever=41914 >2ms=5408 >5ms=5408 >15ms=181 >20ms=121 >30ms=13 | probes=5409 wrfail=0 down=4s maxout=4s
  90.973  t=89s RTT mean=13117 min=11911 max=30671 n=62 to=0 | cancels=0(+0/s) seqbad=0 len_bad=0 disc=0(0x00) | tot_n=5470 tot_to=0 maxever=41914 >2ms=5470 >5ms=5470 >15ms=186 >20ms=126 >30ms=14 | probes=5470 wrfail=0 down=4s maxout=4s
  92.978  t=90s RTT mean=13002 min=11911 max=27163 n=62 to=0 | cancels=0(+0/s) seqbad=0 len_bad=0 disc=0(0x00) | tot_n=5532 tot_to=0 maxever=41914 >2ms=5532 >5ms=5532 >15ms=191 >20ms=130 >30ms=14 | probes=5532 wrfail=0 down=4s maxout=4s
  92.978  t=91s RTT mean=13001 min=5779 max=26910 n=62 to=0 | cancels=0(+0/s) seqbad=0 len_bad=0 disc=0(0x00) | tot_n=5594 tot_to=0 maxever=41914 >2ms=5594 >5ms=5594 >15ms=197 >20ms=134 >30ms=14 | probes=5595 wrfail=0 down=4s maxout=4s
  94.972  t=92s RTT mean=13117 min=11660 max=30671 n=62 to=0 | cancels=0(+0/s) seqbad=0 len_bad=0 disc=0(0x00) | tot_n=5656 tot_to=0 maxever=41914 >2ms=5656 >5ms=5656 >15ms=202 >20ms=139 >30ms=15 | probes=5656 wrfail=0 down=4s maxout=4s
  94.972  t=93s RTT mean=13002 min=11911 max=27164 n=62 to=0 | cancels=0(+0/s) seqbad=0 len_bad=0 disc=0(0x00) | tot_n=5718 tot_to=0 maxever=41914 >2ms=5718 >5ms=5718 >15ms=207 >20ms=143 >30ms=15 | probes=5719 wrfail=0 down=4s maxout=4s
  96.963  t=94s RTT mean=13266 min=5779 max=35606 n=61 to=0 | cancels=0(+0/s) seqbad=0 len_bad=0 disc=0(0x00) | tot_n=5779 tot_to=0 maxever=41914 >2ms=5779 >5ms=5779 >15ms=213 >20ms=147 >30ms=17 | probes=5780 wrfail=0 down=4s maxout=4s
  96.964  t=95s RTT mean=13537 min=5779 max=29295 n=60 to=0 | cancels=0(+0/s) seqbad=0 len_bad=0 disc=0(0x00) | tot_n=5839 tot_to=0 maxever=41914 >2ms=5839 >5ms=5839 >15ms=223 >20ms=151 >30ms=17 | probes=5840 wrfail=0 down=4s maxout=4s
  98.957  t=96s RTT mean=13118 min=11911 max=30697 n=62 to=0 | cancels=0(+0/s) seqbad=0 len_bad=0 disc=0(0x00) | tot_n=5901 tot_to=0 maxever=41914 >2ms=5901 >5ms=5901 >15ms=228 >20ms=156 >30ms=18 | probes=5902 wrfail=0 down=4s maxout=4s
  99.008  t=97s RTT mean=12999 min=11911 max=28362 n=62 to=0 | cancels=0(+0/s) seqbad=0 len_bad=0 disc=0(0x00) | tot_n=5963 tot_to=0 maxever=41914 >2ms=5963 >5ms=5963 >15ms=232 >20ms=160 >30ms=18 | probes=5964 wrfail=0 down=4s maxout=4s
 100.988  t=98s RTT mean=13119 min=11911 max=31796 n=62 to=0 | cancels=0(+0/s) seqbad=0 len_bad=0 disc=0(0x00) | tot_n=6025 tot_to=0 maxever=41914 >2ms=6025 >5ms=6025 >15ms=237 >20ms=165 >30ms=19 | probes=6025 wrfail=0 down=4s maxout=4s
 100.988  t=99s RTT mean=13002 min=11911 max=28106 n=62 to=0 | cancels=0(+0/s) seqbad=0 len_bad=0 disc=0(0x00) | tot_n=6087 tot_to=0 maxever=41914 >2ms=6087 >5ms=6087 >15ms=242 >20ms=169 >30ms=19 | probes=6088 wrfail=0 down=4s maxout=4s
 102.970  t=100s RTT mean=13266 min=5779 max=28107 n=61 to=0 | cancels=0(+0/s) seqbad=0 len_bad=0 disc=0(0x00) | tot_n=6148 tot_to=0 maxever=41914 >2ms=6148 >5ms=6148 >15ms=250 >20ms=173 >30ms=19 | probes=6149 wrfail=0 down=4s maxout=4s
 102.970  t=101s RTT mean=13002 min=11911 max=27162 n=62 to=0 | cancels=0(+0/s) seqbad=0 len_bad=0 disc=0(0x00) | tot_n=6210 tot_to=0 maxever=41914 >2ms=6210 >5ms=6210 >15ms=255 >20ms=177 >30ms=19 | probes=6211 wrfail=0 down=4s maxout=4s
 104.945  t=102s RTT mean=13118 min=11911 max=30698 n=62 to=0 | cancels=0(+0/s) seqbad=0 len_bad=0 disc=0(0x00) | tot_n=6272 tot_to=0 maxever=41914 >2ms=6272 >5ms=6272 >15ms=260 >20ms=182 >30ms=20 | probes=6273 wrfail=0 down=4s maxout=4s
 104.996  t=103s RTT mean=13002 min=11911 max=27164 n=62 to=0 | cancels=0(+0/s) seqbad=0 len_bad=0 disc=0(0x00) | tot_n=6334 tot_to=0 maxever=41914 >2ms=6334 >5ms=6334 >15ms=265 >20ms=186 >30ms=20 | probes=6335 wrfail=0 down=4s maxout=4s
 106.995  t=104s RTT mean=14108 min=11912 max=69367 n=58 to=0 | cancels=0(+0/s) seqbad=0 len_bad=0 disc=0(0x00) | tot_n=6392 tot_to=0 maxever=69367 >2ms=6392 >5ms=6392 >15ms=272 >20ms=191 >30ms=21 | probes=6393 wrfail=0 down=4s maxout=4s
 106.995  t=105s RTT mean=13385 min=11911 max=30561 n=61 to=0 | cancels=0(+0/s) seqbad=0 len_bad=0 disc=0(0x00) | tot_n=6453 tot_to=0 maxever=69367 >2ms=6453 >5ms=6453 >15ms=279 >20ms=196 >30ms=22 | probes=6454 wrfail=0 down=4s maxout=4s
 108.986  t=106s RTT mean=13002 min=5779 max=26910 n=62 to=0 | cancels=0(+0/s) seqbad=0 len_bad=0 disc=0(0x00) | tot_n=6515 tot_to=0 maxever=69367 >2ms=6515 >5ms=6515 >15ms=285 >20ms=200 >30ms=22 | probes=6516 wrfail=0 down=4s maxout=4s
 108.986  t=107s RTT mean=13117 min=11911 max=30670 n=62 to=0 | cancels=0(+0/s) seqbad=0 len_bad=0 disc=0(0x00) | tot_n=6577 tot_to=0 maxever=69367 >2ms=6577 >5ms=6577 >15ms=290 >20ms=205 >30ms=23 | probes=6577 wrfail=0 down=4s maxout=4s
 110.980  t=108s RTT mean=13001 min=11820 max=28107 n=62 to=0 | cancels=0(+0/s) seqbad=0 len_bad=0 disc=0(0x00) | tot_n=6639 tot_to=0 maxever=69367 >2ms=6639 >5ms=6639 >15ms=295 >20ms=209 >30ms=23 | probes=6640 wrfail=0 down=4s maxout=4s
 110.980  t=109s RTT mean=13002 min=11911 max=28106 n=62 to=0 | cancels=0(+0/s) seqbad=0 len_bad=0 disc=0(0x00) | tot_n=6701 tot_to=0 maxever=69367 >2ms=6701 >5ms=6701 >15ms=300 >20ms=213 >30ms=23 | probes=6702 wrfail=0 down=4s maxout=4s
 112.985  t=110s RTT mean=13002 min=11911 max=28361 n=62 to=0 | cancels=0(+0/s) seqbad=0 len_bad=0 disc=0(0x00) | tot_n=6763 tot_to=0 maxever=69367 >2ms=6763 >5ms=6763 >15ms=305 >20ms=217 >30ms=23 | probes=6764 wrfail=0 down=4s maxout=4s
 112.985  t=111s RTT mean=13123 min=11912 max=28106 n=62 to=0 | cancels=0(+0/s) seqbad=0 len_bad=0 disc=0(0x00) | tot_n=6825 tot_to=0 maxever=69367 >2ms=6825 >5ms=6825 >15ms=311 >20ms=221 >30ms=23 | probes=6826 wrfail=0 down=4s maxout=4s
 114.982  t=112s RTT mean=13002 min=11911 max=28097 n=62 to=0 | cancels=0(+0/s) seqbad=0 len_bad=0 disc=0(0x00) | tot_n=6887 tot_to=0 maxever=69367 >2ms=6887 >5ms=6887 >15ms=316 >20ms=225 >30ms=23 | probes=6888 wrfail=0 down=4s maxout=4s
 114.982  t=113s RTT mean=13123 min=11911 max=27163 n=62 to=0 | cancels=0(+0/s) seqbad=0 len_bad=0 disc=0(0x00) | tot_n=6949 tot_to=0 maxever=69367 >2ms=6949 >5ms=6949 >15ms=322 >20ms=229 >30ms=23 | probes=6950 wrfail=0 down=4s maxout=4s
 116.984  t=114s RTT mean=13820 min=11911 max=27164 n=59 to=0 | cancels=0(+0/s) seqbad=0 len_bad=0 disc=0(0x00) | tot_n=7008 tot_to=0 maxever=69367 >2ms=7008 >5ms=7008 >15ms=332 >20ms=234 >30ms=23 | probes=7009 wrfail=0 down=4s maxout=4s
 116.984  t=115s RTT mean=14241 min=11911 max=56911 n=58 to=0 | cancels=0(+0/s) seqbad=0 len_bad=0 disc=0(0x00) | tot_n=7066 tot_to=0 maxever=69367 >2ms=7066 >5ms=7066 >15ms=337 >20ms=239 >30ms=27 | probes=7066 wrfail=0 down=4s maxout=4s
 118.974  t=116s RTT mean=12878 min=5771 max=30501 n=62 to=0 | cancels=0(+0/s) seqbad=0 len_bad=0 disc=0(0x00) | tot_n=7128 tot_to=0 maxever=69367 >2ms=7128 >5ms=7128 >15ms=342 >20ms=243 >30ms=28 | probes=7129 wrfail=0 down=4s maxout=4s
 118.974  t=117s RTT mean=13117 min=11911 max=30697 n=62 to=0 | cancels=0(+0/s) seqbad=0 len_bad=0 disc=0(0x00) | tot_n=7190 tot_to=0 maxever=69367 >2ms=7190 >5ms=7190 >15ms=347 >20ms=248 >30ms=29 | probes=7191 wrfail=0 down=4s maxout=4s
 120.988  t=118s RTT mean=13266 min=5780 max=26910 n=61 to=0 | cancels=0(+0/s) seqbad=0 len_bad=0 disc=0(0x00) | tot_n=7251 tot_to=0 maxever=69367 >2ms=7251 >5ms=7251 >15ms=355 >20ms=252 >30ms=29 | probes=7252 wrfail=0 down=4s maxout=4s
 120.988  t=119s RTT mean=13137 min=11911 max=30671 n=61 to=0 | cancels=0(+0/s) seqbad=0 len_bad=0 disc=0(0x00) | tot_n=7312 tot_to=0 maxever=69367 >2ms=7312 >5ms=7312 >15ms=360 >20ms=257 >30ms=30 | probes=7313 wrfail=0 down=4s maxout=4s
 122.984  t=120s RTT mean=13243 min=11911 max=33114 n=62 to=0 | cancels=0(+0/s) seqbad=0 len_bad=0 disc=0(0x00) | tot_n=7374 tot_to=0 maxever=69367 >2ms=7374 >5ms=7374 >15ms=366 >20ms=262 >30ms=31 | probes=7375 wrfail=0 down=4s maxout=4s
 122.984  t=121s RTT mean=13002 min=11911 max=27164 n=62 to=0 | cancels=0(+0/s) seqbad=0 len_bad=0 disc=0(0x00) | tot_n=7436 tot_to=0 maxever=69367 >2ms=7436 >5ms=7436 >15ms=371 >20ms=266 >30ms=31 | probes=7437 wrfail=0 down=4s maxout=4s
 124.975  t=122s RTT mean=13117 min=11911 max=30670 n=62 to=0 | cancels=0(+0/s) seqbad=0 len_bad=0 disc=0(0x00) | tot_n=7498 tot_to=0 maxever=69367 >2ms=7498 >5ms=7498 >15ms=376 >20ms=271 >30ms=32 | probes=7499 wrfail=0 down=4s maxout=4s
 124.975  t=123s RTT mean=13002 min=11911 max=27165 n=62 to=0 | cancels=0(+0/s) seqbad=0 len_bad=0 disc=0(0x00) | tot_n=7560 tot_to=0 maxever=69367 >2ms=7560 >5ms=7560 >15ms=381 >20ms=275 >30ms=32 | probes=7561 wrfail=0 down=4s maxout=4s
 126.994  t=124s RTT mean=13002 min=11911 max=27163 n=62 to=0 | cancels=0(+0/s) seqbad=0 len_bad=0 disc=0(0x00) | tot_n=7622 tot_to=0 maxever=69367 >2ms=7622 >5ms=7622 >15ms=386 >20ms=279 >30ms=32 | probes=7623 wrfail=0 down=4s maxout=4s
 126.994  PCTL target=25 tot=3691 to=0 p50=11 p90=13 p99=28 p99.9=35 max=69 g30=31 g100=0 (ms/counts)
 126.994  LOADRAMP: target=50 KBps for 60s
 126.994  t=125s RTT mean=14227 min=8241 max=30657 n=58 to=0 | cancels=0(+0/s) seqbad=0 len_bad=0 disc=0(0x00) | tot_n=7680 tot_to=0 maxever=69367 >2ms=7680 >5ms=7680 >15ms=395 >20ms=288 >30ms=33 | probes=7681 wrfail=0 down=4s maxout=4s
 128.986  t=126s RTT mean=14534 min=8241 max=29304 n=57 to=0 | cancels=0(+0/s) seqbad=0 len_bad=0 disc=0(0x00) | tot_n=7737 tot_to=0 maxever=69367 >2ms=7737 >5ms=7737 >15ms=406 >20ms=297 >30ms=33 | probes=7737 wrfail=0 down=4s maxout=4s
 128.986  t=127s RTT mean=14536 min=11911 max=29303 n=56 to=0 | cancels=0(+0/s) seqbad=0 len_bad=0 disc=0(0x00) | tot_n=7793 tot_to=0 maxever=69367 >2ms=7793 >5ms=7793 >15ms=416 >20ms=306 >30ms=33 | probes=7794 wrfail=0 down=4s maxout=4s
 130.989  t=128s RTT mean=14560 min=11911 max=34313 n=56 to=0 | cancels=0(+0/s) seqbad=0 len_bad=0 disc=0(0x00) | tot_n=7849 tot_to=0 maxever=69367 >2ms=7849 >5ms=7849 >15ms=424 >20ms=314 >30ms=37 | probes=7850 wrfail=0 down=4s maxout=4s
 130.989  t=129s RTT mean=14256 min=8238 max=28011 n=59 to=0 | cancels=0(+0/s) seqbad=0 len_bad=0 disc=0(0x00) | tot_n=7908 tot_to=0 maxever=69367 >2ms=7908 >5ms=7908 >15ms=434 >20ms=324 >30ms=37 | probes=7908 wrfail=0 down=4s maxout=4s
 132.991  t=130s RTT mean=14108 min=5779 max=28106 n=58 to=0 | cancels=0(+0/s) seqbad=0 len_bad=0 disc=0(0x00) | tot_n=7966 tot_to=0 maxever=69367 >2ms=7966 >5ms=7966 >15ms=443 >20ms=333 >30ms=37 | probes=7967 wrfail=0 down=4s maxout=4s
 132.991  t=131s RTT mean=14649 min=11911 max=29301 n=56 to=0 | cancels=0(+0/s) seqbad=0 len_bad=0 disc=0(0x00) | tot_n=8022 tot_to=0 maxever=69367 >2ms=8022 >5ms=8022 >15ms=453 >20ms=343 >30ms=37 | probes=8023 wrfail=0 down=4s maxout=4s
 134.997  t=132s RTT mean=14003 min=5817 max=28106 n=59 to=0 | cancels=0(+0/s) seqbad=0 len_bad=0 disc=0(0x00) | tot_n=8081 tot_to=0 maxever=69367 >2ms=8081 >5ms=8081 >15ms=462 >20ms=352 >30ms=37 | probes=8081 wrfail=0 down=4s maxout=4s
 134.998  t=133s RTT mean=14295 min=5779 max=31837 n=57 to=0 | cancels=0(+0/s) seqbad=0 len_bad=0 disc=0(0x00) | tot_n=8138 tot_to=0 maxever=69367 >2ms=8138 >5ms=8138 >15ms=471 >20ms=361 >30ms=38 | probes=8139 wrfail=0 down=4s maxout=4s
 136.980  t=134s RTT mean=14207 min=8241 max=30666 n=58 to=0 | cancels=0(+0/s) seqbad=0 len_bad=0 disc=0(0x00) | tot_n=8196 tot_to=0 maxever=69367 >2ms=8196 >5ms=8196 >15ms=480 >20ms=370 >30ms=39 | probes=8197 wrfail=0 down=4s maxout=4s
 136.980  t=135s RTT mean=14240 min=9433 max=28106 n=58 to=0 | cancels=0(+0/s) seqbad=0 len_bad=0 disc=0(0x00) | tot_n=8254 tot_to=0 maxever=69367 >2ms=8254 >5ms=8254 >15ms=489 >20ms=379 >30ms=39 | probes=8254 wrfail=0 down=4s maxout=4s
 138.972  t=136s RTT mean=14719 min=8241 max=28108 n=56 to=0 | cancels=0(+0/s) seqbad=0 len_bad=0 disc=0(0x00) | tot_n=8310 tot_to=0 maxever=69367 >2ms=8310 >5ms=8310 >15ms=501 >20ms=388 >30ms=39 | probes=8311 wrfail=0 down=4s maxout=4s
 138.972  t=137s RTT mean=14304 min=11912 max=27163 n=57 to=0 | cancels=0(+0/s) seqbad=0 len_bad=0 disc=0(0x00) | tot_n=8367 tot_to=0 maxever=69367 >2ms=8367 >5ms=8367 >15ms=510 >20ms=397 >30ms=39 | probes=8368 wrfail=0 down=4s maxout=4s
 140.961  t=138s RTT mean=14049 min=5779 max=29303 n=59 to=0 | cancels=0(+0/s) seqbad=0 len_bad=0 disc=0(0x00) | tot_n=8426 tot_to=0 maxever=69367 >2ms=8426 >5ms=8426 >15ms=519 >20ms=406 >30ms=39 | probes=8426 wrfail=0 down=4s maxout=4s
 141.016  t=139s RTT mean=14648 min=11912 max=31665 n=56 to=0 | cancels=0(+0/s) seqbad=0 len_bad=0 disc=0(0x00) | tot_n=8482 tot_to=0 maxever=69367 >2ms=8482 >5ms=8482 >15ms=529 >20ms=415 >30ms=40 | probes=8483 wrfail=0 down=4s maxout=4s
 142.967  t=140s RTT mean=14164 min=8238 max=30665 n=58 to=0 | cancels=0(+0/s) seqbad=0 len_bad=0 disc=0(0x00) | tot_n=8540 tot_to=0 maxever=69367 >2ms=8540 >5ms=8540 >15ms=538 >20ms=424 >30ms=41 | probes=8541 wrfail=0 down=4s maxout=4s
 143.018  t=141s RTT mean=14241 min=10636 max=27162 n=58 to=0 | cancels=0(+0/s) seqbad=0 len_bad=0 disc=0(0x00) | tot_n=8598 tot_to=0 maxever=69367 >2ms=8598 >5ms=8598 >15ms=547 >20ms=433 >30ms=41 | probes=8599 wrfail=0 down=4s maxout=4s
 144.955  t=142s RTT mean=14657 min=11903 max=34410 n=56 to=0 | cancels=0(+0/s) seqbad=0 len_bad=0 disc=0(0x00) | tot_n=8654 tot_to=0 maxever=69367 >2ms=8654 >5ms=8654 >15ms=557 >20ms=442 >30ms=42 | probes=8655 wrfail=0 down=4s maxout=4s
 145.010  t=143s RTT mean=14296 min=8246 max=34314 n=58 to=0 | cancels=0(+0/s) seqbad=0 len_bad=0 disc=0(0x00) | tot_n=8712 tot_to=0 maxever=69367 >2ms=8712 >5ms=8712 >15ms=567 >20ms=451 >30ms=43 | probes=8712 wrfail=0 down=4s maxout=4s
 146.957  t=144s RTT mean=14414 min=5778 max=26912 n=57 to=0 | cancels=0(+0/s) seqbad=0 len_bad=0 disc=0(0x00) | tot_n=8769 tot_to=0 maxever=69367 >2ms=8769 >5ms=8769 >15ms=578 >20ms=460 >30ms=43 | probes=8770 wrfail=0 down=4s maxout=4s
 147.012  t=145s RTT mean=14823 min=11912 max=43360 n=55 to=0 | cancels=0(+0/s) seqbad=0 len_bad=0 disc=0(0x00) | tot_n=8824 tot_to=0 maxever=69367 >2ms=8824 >5ms=8824 >15ms=589 >20ms=469 >30ms=44 | probes=8825 wrfail=0 down=4s maxout=4s
 148.955  t=146s RTT mean=14763 min=5778 max=28106 n=57 to=0 | cancels=0(+0/s) seqbad=0 len_bad=0 disc=0(0x00) | tot_n=8881 tot_to=0 maxever=69367 >2ms=8881 >5ms=8881 >15ms=602 >20ms=479 >30ms=44 | probes=8881 wrfail=0 down=4s maxout=4s
 149.010  t=147s RTT mean=14432 min=11912 max=31665 n=57 to=0 | cancels=0(+0/s) seqbad=0 len_bad=0 disc=0(0x00) | tot_n=8938 tot_to=0 maxever=69367 >2ms=8938 >5ms=8938 >15ms=611 >20ms=488 >30ms=46 | probes=8938 wrfail=0 down=4s maxout=4s
 150.951  t=148s RTT mean=14326 min=10640 max=34410 n=56 to=0 | cancels=0(+0/s) seqbad=0 len_bad=0 disc=0(0x00) | tot_n=8994 tot_to=0 maxever=69367 >2ms=8994 >5ms=8994 >15ms=619 >20ms=496 >30ms=48 | probes=8995 wrfail=0 down=4s maxout=4s
 151.005  t=149s RTT mean=14305 min=5779 max=26912 n=59 to=0 | cancels=0(+0/s) seqbad=0 len_bad=0 disc=0(0x00) | tot_n=9053 tot_to=0 maxever=69367 >2ms=9053 >5ms=9053 >15ms=629 >20ms=506 >30ms=48 | probes=9053 wrfail=0 down=4s maxout=4s
 152.959  t=150s RTT mean=15293 min=11912 max=41915 n=54 to=0 | cancels=0(+0/s) seqbad=0 len_bad=0 disc=0(0x00) | tot_n=9107 tot_to=0 maxever=69367 >2ms=9107 >5ms=9107 >15ms=641 >20ms=516 >30ms=49 | probes=9108 wrfail=0 down=4s maxout=4s
 153.014  t=151s RTT mean=14247 min=8177 max=34313 n=58 to=0 | cancels=0(+0/s) seqbad=0 len_bad=0 disc=0(0x00) | tot_n=9165 tot_to=0 maxever=69367 >2ms=9165 >5ms=9165 >15ms=650 >20ms=525 >30ms=50 | probes=9166 wrfail=0 down=4s maxout=4s
 154.963  t=152s RTT mean=14174 min=5779 max=28108 n=58 to=0 | cancels=0(+0/s) seqbad=0 len_bad=0 disc=0(0x00) | tot_n=9223 tot_to=0 maxever=69367 >2ms=9223 >5ms=9223 >15ms=660 >20ms=534 >30ms=50 | probes=9223 wrfail=0 down=4s maxout=4s
 155.018  t=153s RTT mean=14324 min=11912 max=28360 n=57 to=0 | cancels=0(+0/s) seqbad=0 len_bad=0 disc=0(0x00) | tot_n=9280 tot_to=0 maxever=69367 >2ms=9280 >5ms=9280 >15ms=669 >20ms=543 >30ms=50 | probes=9281 wrfail=0 down=4s maxout=4s
 156.993  t=154s RTT mean=14183 min=8177 max=30560 n=58 to=0 | cancels=0(+0/s) seqbad=0 len_bad=0 disc=0(0x00) | tot_n=9338 tot_to=0 maxever=69367 >2ms=9338 >5ms=9338 >15ms=678 >20ms=552 >30ms=51 | probes=9339 wrfail=0 down=4s maxout=4s
 156.993  t=155s RTT mean=14793 min=11912 max=53001 n=56 to=0 | cancels=0(+0/s) seqbad=0 len_bad=0 disc=0(0x00) | tot_n=9394 tot_to=0 maxever=69367 >2ms=9394 >5ms=9394 >15ms=686 >20ms=560 >30ms=54 | probes=9395 wrfail=0 down=4s maxout=4s
 158.982  t=156s RTT mean=14464 min=8241 max=30664 n=57 to=0 | cancels=0(+0/s) seqbad=0 len_bad=0 disc=0(0x00) | tot_n=9451 tot_to=0 maxever=69367 >2ms=9451 >5ms=9451 >15ms=696 >20ms=570 >30ms=55 | probes=9452 wrfail=0 down=4s maxout=4s
 158.982  t=157s RTT mean=14241 min=10635 max=27164 n=58 to=0 | cancels=0(+0/s) seqbad=0 len_bad=0 disc=0(0x00) | tot_n=9509 tot_to=0 maxever=69367 >2ms=9509 >5ms=9509 >15ms=705 >20ms=579 >30ms=55 | probes=9509 wrfail=0 down=4s maxout=4s
 160.968  t=158s RTT mean=14404 min=8243 max=29303 n=57 to=0 | cancels=0(+0/s) seqbad=0 len_bad=0 disc=0(0x00) | tot_n=9566 tot_to=0 maxever=69367 >2ms=9566 >5ms=9566 >15ms=715 >20ms=588 >30ms=55 | probes=9567 wrfail=0 down=4s maxout=4s
 161.023  t=159s RTT mean=14614 min=11911 max=33206 n=56 to=0 | cancels=0(+0/s) seqbad=0 len_bad=0 disc=0(0x00) | tot_n=9622 tot_to=0 maxever=69367 >2ms=9622 >5ms=9622 >15ms=725 >20ms=597 >30ms=56 | probes=9623 wrfail=0 down=4s maxout=4s
 162.963  t=160s RTT mean=14053 min=5779 max=26910 n=59 to=0 | cancels=0(+0/s) seqbad=0 len_bad=0 disc=0(0x00) | tot_n=9681 tot_to=0 maxever=69367 >2ms=9681 >5ms=9681 >15ms=734 >20ms=606 >30ms=56 | probes=9681 wrfail=0 down=4s maxout=4s
 163.018  t=161s RTT mean=14111 min=5769 max=28106 n=58 to=0 | cancels=0(+0/s) seqbad=0 len_bad=0 disc=0(0x00) | tot_n=9739 tot_to=0 maxever=69367 >2ms=9739 >5ms=9739 >15ms=743 >20ms=615 >30ms=56 | probes=9740 wrfail=0 down=4s maxout=4s
 164.962  t=162s RTT mean=14367 min=11911 max=29301 n=57 to=0 | cancels=0(+0/s) seqbad=0 len_bad=0 disc=0(0x00) | tot_n=9796 tot_to=0 maxever=69367 >2ms=9796 >5ms=9796 >15ms=752 >20ms=624 >30ms=56 | probes=9797 wrfail=0 down=4s maxout=4s
 165.013  t=163s RTT mean=14281 min=8244 max=28106 n=58 to=0 | cancels=0(+0/s) seqbad=0 len_bad=0 disc=0(0x00) | tot_n=9854 tot_to=0 maxever=69367 >2ms=9854 >5ms=9854 >15ms=761 >20ms=633 >30ms=56 | probes=9854 wrfail=0 down=4s maxout=4s
 166.969  t=164s RTT mean=14304 min=11911 max=27163 n=57 to=0 | cancels=0(+0/s) seqbad=0 len_bad=0 disc=0(0x00) | tot_n=9911 tot_to=0 maxever=69367 >2ms=9911 >5ms=9911 >15ms=770 >20ms=642 >30ms=56 | probes=9912 wrfail=0 down=4s maxout=4s
 167.024  t=165s RTT mean=14444 min=10568 max=26840 n=57 to=0 | cancels=0(+0/s) seqbad=0 len_bad=0 disc=0(0x00) | tot_n=9968 tot_to=0 maxever=69367 >2ms=9968 >5ms=9968 >15ms=781 >20ms=651 >30ms=56 | probes=9969 wrfail=0 down=4s maxout=4s
 168.982  t=166s RTT mean=14306 min=10636 max=27163 n=58 to=0 | cancels=0(+0/s) seqbad=0 len_bad=0 disc=0(0x00) | tot_n=10026 tot_to=0 maxever=69367 >2ms=10026 >5ms=10026 >15ms=791 >20ms=660 >30ms=56 | probes=10026 wrfail=0 down=4s maxout=4s
 168.982  t=167s RTT mean=14340 min=11911 max=29303 n=57 to=0 | cancels=0(+0/s) seqbad=0 len_bad=0 disc=0(0x00) | tot_n=10083 tot_to=0 maxever=69367 >2ms=10083 >5ms=10083 >15ms=800 >20ms=669 >30ms=56 | probes=10084 wrfail=0 down=4s maxout=4s
 170.974  t=168s RTT mean=14105 min=5779 max=28104 n=58 to=0 | cancels=0(+0/s) seqbad=0 len_bad=0 disc=0(0x00) | tot_n=10141 tot_to=0 maxever=69367 >2ms=10141 >5ms=10141 >15ms=809 >20ms=678 >30ms=56 | probes=10142 wrfail=0 down=4s maxout=4s
 171.029  t=169s RTT mean=14571 min=8352 max=34406 n=56 to=0 | cancels=0(+0/s) seqbad=0 len_bad=0 disc=0(0x00) | tot_n=10197 tot_to=0 maxever=69367 >2ms=10197 >5ms=10197 >15ms=819 >20ms=686 >30ms=58 | probes=10198 wrfail=0 down=4s maxout=4s
 172.958  t=170s RTT mean=14523 min=8242 max=34407 n=57 to=0 | cancels=0(+0/s) seqbad=0 len_bad=0 disc=0(0x00) | tot_n=10254 tot_to=0 maxever=69367 >2ms=10254 >5ms=10254 >15ms=829 >20ms=696 >30ms=59 | probes=10255 wrfail=0 down=4s maxout=4s
 173.010  t=171s RTT mean=14476 min=10636 max=27164 n=58 to=0 | cancels=0(+0/s) seqbad=0 len_bad=0 disc=0(0x00) | tot_n=10312 tot_to=0 maxever=69367 >2ms=10312 >5ms=10312 >15ms=840 >20ms=705 >30ms=59 | probes=10312 wrfail=0 down=4s maxout=4s
 175.014  t=172s RTT mean=14112 min=5767 max=28025 n=58 to=0 | cancels=0(+0/s) seqbad=0 len_bad=0 disc=0(0x00) | tot_n=10370 tot_to=0 maxever=69367 >2ms=10370 >5ms=10370 >15ms=849 >20ms=714 >30ms=59 | probes=10371 wrfail=0 down=4s maxout=4s
 175.014  t=173s RTT mean=14659 min=11912 max=46664 n=55 to=0 | cancels=0(+0/s) seqbad=0 len_bad=0 disc=0(0x00) | tot_n=10425 tot_to=0 maxever=69367 >2ms=10425 >5ms=10425 >15ms=856 >20ms=721 >30ms=62 | probes=10426 wrfail=0 down=4s maxout=4s
 177.008  t=174s RTT mean=14609 min=5778 max=28357 n=58 to=0 | cancels=0(+0/s) seqbad=0 len_bad=0 disc=0(0x00) | tot_n=10483 tot_to=0 maxever=69367 >2ms=10483 >5ms=10483 >15ms=867 >20ms=732 >30ms=62 | probes=10483 wrfail=0 down=4s maxout=4s
 177.008  t=175s RTT mean=14436 min=11663 max=34410 n=57 to=0 | cancels=0(+0/s) seqbad=0 len_bad=0 disc=0(0x00) | tot_n=10540 tot_to=0 maxever=69367 >2ms=10540 >5ms=10540 >15ms=876 >20ms=741 >30ms=63 | probes=10540 wrfail=0 down=4s maxout=4s
 178.960  t=176s RTT mean=14282 min=10653 max=27163 n=57 to=0 | cancels=0(+0/s) seqbad=0 len_bad=0 disc=0(0x00) | tot_n=10597 tot_to=0 maxever=69367 >2ms=10597 >5ms=10597 >15ms=885 >20ms=750 >30ms=63 | probes=10598 wrfail=0 down=4s maxout=4s
 179.012  t=177s RTT mean=16276 min=5767 max=33209 n=52 to=0 | cancels=0(+0/s) seqbad=0 len_bad=0 disc=0(0x00) | tot_n=10649 tot_to=0 maxever=69367 >2ms=10649 >5ms=10649 >15ms=905 >20ms=760 >30ms=65 | probes=10650 wrfail=0 down=4s maxout=4s
 180.957  t=178s RTT mean=14169 min=8238 max=28106 n=58 to=0 | cancels=0(+0/s) seqbad=0 len_bad=0 disc=0(0x00) | tot_n=10707 tot_to=0 maxever=69367 >2ms=10707 >5ms=10707 >15ms=914 >20ms=769 >30ms=65 | probes=10708 wrfail=0 down=4s maxout=4s
 181.011  t=179s RTT mean=14614 min=5778 max=26911 n=56 to=0 | cancels=0(+0/s) seqbad=0 len_bad=0 disc=0(0x00) | tot_n=10763 tot_to=0 maxever=69367 >2ms=10763 >5ms=10763 >15ms=926 >20ms=778 >30ms=65 | probes=10764 wrfail=0 down=4s maxout=4s
 182.968  t=180s RTT mean=14282 min=10632 max=28106 n=58 to=0 | cancels=0(+0/s) seqbad=0 len_bad=0 disc=0(0x00) | tot_n=10821 tot_to=0 maxever=69367 >2ms=10821 >5ms=10821 >15ms=935 >20ms=787 >30ms=65 | probes=10822 wrfail=0 down=4s maxout=4s
 183.024  t=181s RTT mean=14018 min=8176 max=31919 n=57 to=0 | cancels=0(+0/s) seqbad=0 len_bad=0 disc=0(0x00) | tot_n=10878 tot_to=0 maxever=69367 >2ms=10878 >5ms=10878 >15ms=943 >20ms=795 >30ms=66 | probes=10879 wrfail=0 down=4s maxout=4s
 184.966  t=182s RTT mean=14821 min=11912 max=30556 n=57 to=0 | cancels=0(+0/s) seqbad=0 len_bad=0 disc=0(0x00) | tot_n=10935 tot_to=0 maxever=69367 >2ms=10935 >5ms=10935 >15ms=954 >20ms=805 >30ms=67 | probes=10936 wrfail=0 down=4s maxout=4s
 185.021  t=183s RTT mean=14467 min=11912 max=31861 n=57 to=0 | cancels=0(+0/s) seqbad=0 len_bad=0 disc=0(0x00) | tot_n=10992 tot_to=0 maxever=69367 >2ms=10992 >5ms=10992 >15ms=963 >20ms=814 >30ms=69 | probes=10993 wrfail=0 down=4s maxout=4s
 187.009  t=184s RTT mean=14439 min=10886 max=28106 n=57 to=0 | cancels=0(+0/s) seqbad=0 len_bad=0 disc=0(0x00) | tot_n=11049 tot_to=0 maxever=69367 >2ms=11049 >5ms=11049 >15ms=973 >20ms=823 >30ms=69 | probes=11050 wrfail=0 down=4s maxout=4s
 187.009  PCTL target=50 tot=3428 to=0 p50=11 p90=26 p99=30 p99.9=41 max=53 g30=37 g100=0 (ms/counts)
 187.009  LOADRAMP: target=75 KBps for 60s
 187.009  t=185s RTT mean=14217 min=5779 max=34152 n=58 to=0 | cancels=0(+0/s) seqbad=0 len_bad=0 disc=0(0x00) | tot_n=11107 tot_to=0 maxever=69367 >2ms=11107 >5ms=11107 >15ms=982 >20ms=832 >30ms=70 | probes=11108 wrfail=0 down=4s maxout=4s
 189.011  t=186s RTT mean=15738 min=11911 max=27164 n=53 to=0 | cancels=0(+0/s) seqbad=0 len_bad=0 disc=0(0x00) | tot_n=11160 tot_to=0 maxever=69367 >2ms=11160 >5ms=11160 >15ms=996 >20ms=845 >30ms=70 | probes=11161 wrfail=0 down=4s maxout=4s
 189.011  t=187s RTT mean=15756 min=11911 max=28100 n=53 to=0 | cancels=0(+0/s) seqbad=0 len_bad=0 disc=0(0x00) | tot_n=11213 tot_to=0 maxever=69367 >2ms=11213 >5ms=11213 >15ms=1010 >20ms=858 >30ms=70 | probes=11214 wrfail=0 down=4s maxout=4s
 190.998  t=188s RTT mean=15728 min=5779 max=28108 n=53 to=0 | cancels=0(+0/s) seqbad=0 len_bad=0 disc=0(0x00) | tot_n=11266 tot_to=0 maxever=69367 >2ms=11266 >5ms=11266 >15ms=1024 >20ms=872 >30ms=70 | probes=11267 wrfail=0 down=4s maxout=4s
 190.998  t=189s RTT mean=15819 min=11911 max=34311 n=52 to=0 | cancels=0(+0/s) seqbad=0 len_bad=0 disc=0(0x00) | tot_n=11318 tot_to=0 maxever=69367 >2ms=11318 >5ms=11318 >15ms=1037 >20ms=884 >30ms=73 | probes=11319 wrfail=0 down=4s maxout=4s
 192.998  t=190s RTT mean=16245 min=11911 max=32955 n=53 to=0 | cancels=0(+0/s) seqbad=0 len_bad=0 disc=0(0x00) | tot_n=11371 tot_to=0 maxever=69367 >2ms=11371 >5ms=11371 >15ms=1052 >20ms=899 >30ms=74 | probes=11372 wrfail=0 down=4s maxout=4s
 192.998  t=191s RTT mean=15989 min=11911 max=31698 n=52 to=0 | cancels=0(+0/s) seqbad=0 len_bad=0 disc=0(0x00) | tot_n=11423 tot_to=0 maxever=69367 >2ms=11423 >5ms=11423 >15ms=1066 >20ms=913 >30ms=75 | probes=11424 wrfail=0 down=4s maxout=4s
 194.987  t=192s RTT mean=15823 min=11911 max=28011 n=53 to=0 | cancels=0(+0/s) seqbad=0 len_bad=0 disc=0(0x00) | tot_n=11476 tot_to=0 maxever=69367 >2ms=11476 >5ms=11476 >15ms=1080 >20ms=927 >30ms=75 | probes=11477 wrfail=0 down=4s maxout=4s
 195.042  t=193s RTT mean=15756 min=11912 max=28107 n=53 to=0 | cancels=0(+0/s) seqbad=0 len_bad=0 disc=0(0x00) | tot_n=11529 tot_to=0 maxever=69367 >2ms=11529 >5ms=11529 >15ms=1094 >20ms=940 >30ms=75 | probes=11530 wrfail=0 down=4s maxout=4s
 196.982  t=194s RTT mean=15733 min=11911 max=28108 n=53 to=0 | cancels=0(+0/s) seqbad=0 len_bad=0 disc=0(0x00) | tot_n=11582 tot_to=0 maxever=69367 >2ms=11582 >5ms=11582 >15ms=1108 >20ms=953 >30ms=75 | probes=11583 wrfail=0 down=4s maxout=4s
 197.037  t=195s RTT mean=15743 min=11912 max=30665 n=53 to=0 | cancels=0(+0/s) seqbad=0 len_bad=0 disc=0(0x00) | tot_n=11635 tot_to=0 maxever=69367 >2ms=11635 >5ms=11635 >15ms=1122 >20ms=966 >30ms=76 | probes=11636 wrfail=0 down=4s maxout=4s
 198.977  t=196s RTT mean=16355 min=11911 max=34406 n=52 to=0 | cancels=0(+0/s) seqbad=0 len_bad=0 disc=0(0x00) | tot_n=11687 tot_to=0 maxever=69367 >2ms=11687 >5ms=11687 >15ms=1138 >20ms=980 >30ms=77 | probes=11688 wrfail=0 down=4s maxout=4s
 199.032  t=197s RTT mean=15926 min=11911 max=28100 n=52 to=0 | cancels=0(+0/s) seqbad=0 len_bad=0 disc=0(0x00) | tot_n=11739 tot_to=0 maxever=69367 >2ms=11739 >5ms=11739 >15ms=1152 >20ms=994 >30ms=77 | probes=11740 wrfail=0 down=4s maxout=4s
 201.012  t=198s RTT mean=15764 min=11912 max=30664 n=53 to=0 | cancels=0(+0/s) seqbad=0 len_bad=0 disc=0(0x00) | tot_n=11792 tot_to=0 maxever=69367 >2ms=11792 >5ms=11792 >15ms=1166 >20ms=1007 >30ms=78 | probes=11793 wrfail=0 down=4s maxout=4s
 201.012  t=199s RTT mean=15966 min=5785 max=34154 n=53 to=0 | cancels=0(+0/s) seqbad=0 len_bad=0 disc=0(0x00) | tot_n=11845 tot_to=0 maxever=69367 >2ms=11845 >5ms=11845 >15ms=1180 >20ms=1021 >30ms=79 | probes=11846 wrfail=0 down=4s maxout=4s
 203.012  t=200s RTT mean=17141 min=11911 max=45497 n=49 to=0 | cancels=0(+0/s) seqbad=0 len_bad=0 disc=0(0x00) | tot_n=11894 tot_to=0 maxever=69367 >2ms=11894 >5ms=11894 >15ms=1195 >20ms=1035 >30ms=82 | probes=11895 wrfail=0 down=4s maxout=4s
 203.012  t=201s RTT mean=15847 min=11912 max=28103 n=53 to=0 | cancels=0(+0/s) seqbad=0 len_bad=0 disc=0(0x00) | tot_n=11947 tot_to=0 maxever=69367 >2ms=11947 >5ms=11947 >15ms=1209 >20ms=1049 >30ms=82 | probes=11948 wrfail=0 down=4s maxout=4s
 204.994  t=202s RTT mean=15756 min=11911 max=28115 n=53 to=0 | cancels=0(+0/s) seqbad=0 len_bad=0 disc=0(0x00) | tot_n=12000 tot_to=0 maxever=69367 >2ms=12000 >5ms=12000 >15ms=1223 >20ms=1062 >30ms=82 | probes=12001 wrfail=0 down=4s maxout=4s
 204.994  t=203s RTT mean=15743 min=11912 max=30636 n=53 to=0 | cancels=0(+0/s) seqbad=0 len_bad=0 disc=0(0x00) | tot_n=12053 tot_to=0 maxever=69367 >2ms=12053 >5ms=12053 >15ms=1237 >20ms=1075 >30ms=83 | probes=12054 wrfail=0 down=4s maxout=4s
 206.966  t=204s RTT mean=16330 min=11911 max=34662 n=52 to=0 | cancels=0(+0/s) seqbad=0 len_bad=0 disc=0(0x00) | tot_n=12105 tot_to=0 maxever=69367 >2ms=12105 >5ms=12105 >15ms=1251 >20ms=1089 >30ms=86 | probes=12106 wrfail=0 down=4s maxout=4s
 207.021  t=205s RTT mean=15592 min=5779 max=26919 n=53 to=0 | cancels=0(+0/s) seqbad=0 len_bad=0 disc=0(0x00) | tot_n=12158 tot_to=0 maxever=69367 >2ms=12158 >5ms=12158 >15ms=1265 >20ms=1102 >30ms=86 | probes=12159 wrfail=0 down=4s maxout=4s
 209.012  t=206s RTT mean=15909 min=11912 max=33116 n=53 to=0 | cancels=0(+0/s) seqbad=0 len_bad=0 disc=0(0x00) | tot_n=12211 tot_to=0 maxever=69367 >2ms=12211 >5ms=12211 >15ms=1279 >20ms=1115 >30ms=88 | probes=12212 wrfail=0 down=4s maxout=4s
 209.012  t=207s RTT mean=16829 min=11911 max=34310 n=50 to=0 | cancels=0(+0/s) seqbad=0 len_bad=0 disc=0(0x00) | tot_n=12261 tot_to=0 maxever=69367 >2ms=12261 >5ms=12261 >15ms=1297 >20ms=1129 >30ms=89 | probes=12262 wrfail=0 down=4s maxout=4s
 211.016  t=208s RTT mean=16195 min=5779 max=58011 n=51 to=0 | cancels=0(+0/s) seqbad=0 len_bad=0 disc=0(0x00) | tot_n=12312 tot_to=0 maxever=69367 >2ms=12312 >5ms=12312 >15ms=1310 >20ms=1140 >30ms=91 | probes=12313 wrfail=0 down=4s maxout=4s
 211.016  t=209s RTT mean=17125 min=5771 max=34314 n=50 to=0 | cancels=0(+0/s) seqbad=0 len_bad=0 disc=0(0x00) | tot_n=12362 tot_to=0 maxever=69367 >2ms=12362 >5ms=12362 >15ms=1328 >20ms=1156 >30ms=93 | probes=12363 wrfail=0 down=4s maxout=4s
 213.013  t=210s RTT mean=16154 min=11913 max=41909 n=51 to=0 | cancels=0(+0/s) seqbad=0 len_bad=0 disc=0(0x00) | tot_n=12413 tot_to=0 maxever=69367 >2ms=12413 >5ms=12413 >15ms=1343 >20ms=1168 >30ms=94 | probes=12414 wrfail=0 down=4s maxout=4s
 213.013  t=211s RTT mean=16550 min=5779 max=34412 n=52 to=0 | cancels=0(+0/s) seqbad=0 len_bad=0 disc=0(0x00) | tot_n=12465 tot_to=0 maxever=69367 >2ms=12465 >5ms=12465 >15ms=1359 >20ms=1183 >30ms=96 | probes=12466 wrfail=0 down=4s maxout=4s
 215.014  t=212s RTT mean=16261 min=11660 max=28106 n=52 to=0 | cancels=0(+0/s) seqbad=0 len_bad=0 disc=0(0x00) | tot_n=12517 tot_to=0 maxever=69367 >2ms=12517 >5ms=12517 >15ms=1375 >20ms=1197 >30ms=96 | probes=12518 wrfail=0 down=4s maxout=4s
 215.014  t=213s RTT mean=16027 min=11662 max=31917 n=52 to=0 | cancels=0(+0/s) seqbad=0 len_bad=0 disc=0(0x00) | tot_n=12569 tot_to=0 maxever=69367 >2ms=12569 >5ms=12569 >15ms=1389 >20ms=1211 >30ms=98 | probes=12570 wrfail=0 down=4s maxout=4s
 217.012  t=214s RTT mean=15734 min=5779 max=26930 n=53 to=0 | cancels=0(+0/s) seqbad=0 len_bad=0 disc=0(0x00) | tot_n=12622 tot_to=0 maxever=69367 >2ms=12622 >5ms=12622 >15ms=1403 >20ms=1225 >30ms=98 | probes=12623 wrfail=0 down=4s maxout=4s
 217.012  t=215s RTT mean=16139 min=5767 max=34410 n=52 to=0 | cancels=0(+0/s) seqbad=0 len_bad=0 disc=0(0x00) | tot_n=12674 tot_to=0 maxever=69367 >2ms=12674 >5ms=12674 >15ms=1418 >20ms=1238 >30ms=100 | probes=12675 wrfail=0 down=4s maxout=4s
 219.003  t=216s RTT mean=16244 min=11911 max=34314 n=52 to=0 | cancels=0(+0/s) seqbad=0 len_bad=0 disc=0(0x00) | tot_n=12726 tot_to=0 maxever=69367 >2ms=12726 >5ms=12726 >15ms=1433 >20ms=1252 >30ms=102 | probes=12727 wrfail=0 down=4s maxout=4s
 219.003  t=217s RTT mean=17681 min=11911 max=31698 n=48 to=0 | cancels=0(+0/s) seqbad=0 len_bad=0 disc=0(0x00) | tot_n=12774 tot_to=0 maxever=69367 >2ms=12774 >5ms=12774 >15ms=1452 >20ms=1269 >30ms=104 | probes=12775 wrfail=0 down=4s maxout=4s
 220.991  t=218s RTT mean=16009 min=11912 max=34406 n=53 to=0 | cancels=0(+0/s) seqbad=0 len_bad=0 disc=0(0x00) | tot_n=12827 tot_to=0 maxever=69367 >2ms=12827 >5ms=12827 >15ms=1466 >20ms=1283 >30ms=105 | probes=12827 wrfail=0 down=4s maxout=4s
 221.046  t=219s RTT mean=15899 min=5773 max=34306 n=52 to=0 | cancels=0(+0/s) seqbad=0 len_bad=0 disc=0(0x00) | tot_n=12879 tot_to=0 maxever=69367 >2ms=12879 >5ms=12879 >15ms=1480 >20ms=1297 >30ms=106 | probes=12880 wrfail=0 down=4s maxout=4s
 222.983  t=220s RTT mean=15730 min=5779 max=28105 n=53 to=0 | cancels=0(+0/s) seqbad=0 len_bad=0 disc=0(0x00) | tot_n=12932 tot_to=0 maxever=69367 >2ms=12932 >5ms=12932 >15ms=1494 >20ms=1311 >30ms=106 | probes=12933 wrfail=0 down=4s maxout=4s
 223.038  t=221s RTT mean=16342 min=11912 max=49311 n=51 to=0 | cancels=0(+0/s) seqbad=0 len_bad=0 disc=0(0x00) | tot_n=12983 tot_to=0 maxever=69367 >2ms=12983 >5ms=12983 >15ms=1506 >20ms=1322 >30ms=111 | probes=12984 wrfail=0 down=4s maxout=4s
 224.979  t=222s RTT mean=16376 min=5778 max=28107 n=52 to=0 | cancels=0(+0/s) seqbad=0 len_bad=0 disc=0(0x00) | tot_n=13035 tot_to=0 maxever=69367 >2ms=13035 >5ms=13035 >15ms=1522 >20ms=1338 >30ms=111 | probes=13036 wrfail=0 down=4s maxout=4s
 225.032  t=223s RTT mean=15703 min=5780 max=28107 n=53 to=0 | cancels=0(+0/s) seqbad=0 len_bad=0 disc=0(0x00) | tot_n=13088 tot_to=0 maxever=69367 >2ms=13088 >5ms=13088 >15ms=1536 >20ms=1352 >30ms=111 | probes=13089 wrfail=0 down=4s maxout=4s
 226.997  t=224s RTT mean=16117 min=11912 max=40709 n=52 to=0 | cancels=0(+0/s) seqbad=0 len_bad=0 disc=0(0x00) | tot_n=13140 tot_to=0 maxever=69367 >2ms=13140 >5ms=13140 >15ms=1549 >20ms=1364 >30ms=114 | probes=13141 wrfail=0 down=4s maxout=4s
 226.997  t=225s RTT mean=16995 min=11911 max=41814 n=50 to=0 | cancels=0(+0/s) seqbad=0 len_bad=0 disc=0(0x00) | tot_n=13190 tot_to=0 maxever=69367 >2ms=13190 >5ms=13190 >15ms=1564 >20ms=1379 >30ms=116 | probes=13191 wrfail=0 down=4s maxout=4s
 228.985  t=226s RTT mean=15966 min=11912 max=34155 n=53 to=0 | cancels=0(+0/s) seqbad=0 len_bad=0 disc=0(0x00) | tot_n=13243 tot_to=0 maxever=69367 >2ms=13243 >5ms=13243 >15ms=1578 >20ms=1393 >30ms=117 | probes=13243 wrfail=0 down=4s maxout=4s
 229.040  t=227s RTT mean=15974 min=11911 max=28113 n=52 to=0 | cancels=0(+0/s) seqbad=0 len_bad=0 disc=0(0x00) | tot_n=13295 tot_to=0 maxever=69367 >2ms=13295 >5ms=13295 >15ms=1592 >20ms=1407 >30ms=117 | probes=13296 wrfail=0 down=4s maxout=4s
 230.979  t=228s RTT mean=15754 min=11911 max=28360 n=53 to=0 | cancels=0(+0/s) seqbad=0 len_bad=0 disc=0(0x00) | tot_n=13348 tot_to=0 maxever=69367 >2ms=13348 >5ms=13348 >15ms=1606 >20ms=1420 >30ms=117 | probes=13349 wrfail=0 down=4s maxout=4s
 231.034  t=229s RTT mean=15858 min=11911 max=28104 n=53 to=0 | cancels=0(+0/s) seqbad=0 len_bad=0 disc=0(0x00) | tot_n=13401 tot_to=0 maxever=69367 >2ms=13401 >5ms=13401 >15ms=1620 >20ms=1434 >30ms=117 | probes=13402 wrfail=0 down=4s maxout=4s
 232.973  t=230s RTT mean=15753 min=11911 max=31669 n=52 to=0 | cancels=0(+0/s) seqbad=0 len_bad=0 disc=0(0x00) | tot_n=13453 tot_to=0 maxever=69367 >2ms=13453 >5ms=13453 >15ms=1633 >20ms=1446 >30ms=119 | probes=13454 wrfail=0 down=4s maxout=4s
 233.025  t=231s RTT mean=15684 min=5779 max=28106 n=54 to=0 | cancels=0(+0/s) seqbad=0 len_bad=0 disc=0(0x00) | tot_n=13507 tot_to=0 maxever=69367 >2ms=13507 >5ms=13507 >15ms=1647 >20ms=1460 >30ms=119 | probes=13508 wrfail=0 down=4s maxout=4s
 235.024  t=232s RTT mean=15981 min=11911 max=39164 n=53 to=0 | cancels=0(+0/s) seqbad=0 len_bad=0 disc=0(0x00) | tot_n=13560 tot_to=0 maxever=69367 >2ms=13560 >5ms=13560 >15ms=1661 >20ms=1473 >30ms=121 | probes=13561 wrfail=0 down=4s maxout=4s
 235.024  t=233s RTT mean=16064 min=11911 max=35508 n=51 to=0 | cancels=0(+0/s) seqbad=0 len_bad=0 disc=0(0x00) | tot_n=13611 tot_to=0 maxever=69367 >2ms=13611 >5ms=13611 >15ms=1676 >20ms=1486 >30ms=123 | probes=13612 wrfail=0 down=4s maxout=4s
 236.973  t=234s RTT mean=15988 min=8239 max=28102 n=53 to=0 | cancels=0(+0/s) seqbad=0 len_bad=0 disc=0(0x00) | tot_n=13664 tot_to=0 maxever=69367 >2ms=13664 >5ms=13664 >15ms=1691 >20ms=1500 >30ms=123 | probes=13665 wrfail=0 down=4s maxout=4s
 237.028  t=235s RTT mean=15741 min=11911 max=30636 n=53 to=0 | cancels=0(+0/s) seqbad=0 len_bad=0 disc=0(0x00) | tot_n=13717 tot_to=0 maxever=69367 >2ms=13717 >5ms=13717 >15ms=1705 >20ms=1513 >30ms=124 | probes=13718 wrfail=0 down=4s maxout=4s
 239.012  t=236s RTT mean=16000 min=10570 max=33208 n=53 to=0 | cancels=0(+0/s) seqbad=0 len_bad=0 disc=0(0x00) | tot_n=13770 tot_to=0 maxever=69367 >2ms=13770 >5ms=13770 >15ms=1720 >20ms=1527 >30ms=125 | probes=13771 wrfail=0 down=4s maxout=4s
 239.012  t=237s RTT mean=15898 min=11911 max=28007 n=52 to=0 | cancels=0(+0/s) seqbad=0 len_bad=0 disc=0(0x00) | tot_n=13822 tot_to=0 maxever=69367 >2ms=13822 >5ms=13822 >15ms=1734 >20ms=1541 >30ms=125 | probes=13823 wrfail=0 down=4s maxout=4s
 240.980  t=238s RTT mean=15768 min=11912 max=30697 n=53 to=0 | cancels=0(+0/s) seqbad=0 len_bad=0 disc=0(0x00) | tot_n=13875 tot_to=0 maxever=69367 >2ms=13875 >5ms=13875 >15ms=1748 >20ms=1554 >30ms=126 | probes=13876 wrfail=0 down=4s maxout=4s
 241.031  t=239s RTT mean=15862 min=11911 max=31698 n=53 to=0 | cancels=0(+0/s) seqbad=0 len_bad=0 disc=0(0x00) | tot_n=13928 tot_to=0 maxever=69367 >2ms=13928 >5ms=13928 >15ms=1762 >20ms=1568 >30ms=127 | probes=13929 wrfail=0 down=4s maxout=4s
 242.972  t=240s RTT mean=17663 min=5779 max=34413 n=48 to=0 | cancels=0(+0/s) seqbad=0 len_bad=0 disc=0(0x00) | tot_n=13976 tot_to=0 maxever=69367 >2ms=13976 >5ms=13976 >15ms=1782 >20ms=1585 >30ms=128 | probes=13977 wrfail=0 down=4s maxout=4s
 243.027  t=241s RTT mean=15989 min=11911 max=34152 n=53 to=0 | cancels=0(+0/s) seqbad=0 len_bad=0 disc=0(0x00) | tot_n=14029 tot_to=0 maxever=69367 >2ms=14029 >5ms=14029 >15ms=1796 >20ms=1599 >30ms=129 | probes=14030 wrfail=0 down=4s maxout=4s
 245.020  t=242s RTT mean=16329 min=11911 max=49156 n=51 to=0 | cancels=0(+0/s) seqbad=0 len_bad=0 disc=0(0x00) | tot_n=14080 tot_to=0 maxever=69367 >2ms=14080 >5ms=14080 >15ms=1809 >20ms=1612 >30ms=131 | probes=14081 wrfail=0 down=4s maxout=4s
 245.020  t=243s RTT mean=16239 min=5779 max=34409 n=52 to=0 | cancels=0(+0/s) seqbad=0 len_bad=0 disc=0(0x00) | tot_n=14132 tot_to=0 maxever=69367 >2ms=14132 >5ms=14132 >15ms=1824 >20ms=1626 >30ms=133 | probes=14133 wrfail=0 down=4s maxout=4s
 247.004  t=244s RTT mean=15871 min=11911 max=31917 n=53 to=0 | cancels=0(+0/s) seqbad=0 len_bad=0 disc=0(0x00) | tot_n=14185 tot_to=0 maxever=69367 >2ms=14185 >5ms=14185 >15ms=1838 >20ms=1639 >30ms=135 | probes=14186 wrfail=0 down=4s maxout=4s
 247.004  PCTL target=75 tot=3131 to=0 p50=11 p90=26 p99=34 p99.9=43 max=58 g30=66 g100=0 (ms/counts)
 247.004  LOADRAMP: target=100 KBps for 60s
 247.059  t=245s RTT mean=15897 min=5779 max=39196 n=52 to=0 | cancels=0(+0/s) seqbad=0 len_bad=0 disc=0(0x00) | tot_n=14237 tot_to=0 maxever=69367 >2ms=14237 >5ms=14237 >15ms=1851 >20ms=1651 >30ms=138 | probes=14238 wrfail=0 down=4s maxout=4s
 248.991  t=246s RTT mean=19457 min=5779 max=49313 n=45 to=0 | cancels=0(+0/s) seqbad=0 len_bad=0 disc=0(0x00) | tot_n=14282 tot_to=0 maxever=69367 >2ms=14282 >5ms=14282 >15ms=1872 >20ms=1670 >30ms=143 | probes=14283 wrfail=0 down=4s maxout=4s
 249.043  t=247s RTT mean=17537 min=3133 max=34165 n=48 to=0 | cancels=0(+0/s) seqbad=0 len_bad=0 disc=0(0x00) | tot_n=14330 tot_to=0 maxever=69367 >2ms=14330 >5ms=14329 >15ms=1890 >20ms=1688 >30ms=144 | probes=14331 wrfail=0 down=4s maxout=4s
 250.981  t=248s RTT mean=17306 min=5780 max=28107 n=49 to=0 | cancels=0(+0/s) seqbad=0 len_bad=0 disc=0(0x00) | tot_n=14379 tot_to=0 maxever=69367 >2ms=14379 >5ms=14378 >15ms=1908 >20ms=1706 >30ms=144 | probes=14380 wrfail=0 down=4s maxout=4s
 251.036  t=249s RTT mean=17666 min=3133 max=32703 n=48 to=0 | cancels=0(+0/s) seqbad=0 len_bad=0 disc=0(0x00) | tot_n=14427 tot_to=0 maxever=69367 >2ms=14427 >5ms=14425 >15ms=1926 >20ms=1724 >30ms=146 | probes=14428 wrfail=0 down=4s maxout=4s
 252.975  t=250s RTT mean=17422 min=9435 max=28108 n=49 to=0 | cancels=0(+0/s) seqbad=0 len_bad=0 disc=0(0x00) | tot_n=14476 tot_to=0 maxever=69367 >2ms=14476 >5ms=14474 >15ms=1944 >20ms=1742 >30ms=146 | probes=14477 wrfail=0 down=4s maxout=4s
 253.030  t=251s RTT mean=17660 min=8238 max=34406 n=48 to=0 | cancels=0(+0/s) seqbad=0 len_bad=0 disc=0(0x00) | tot_n=14524 tot_to=0 maxever=69367 >2ms=14524 >5ms=14522 >15ms=1962 >20ms=1760 >30ms=147 | probes=14525 wrfail=0 down=4s maxout=4s
 255.028  t=252s RTT mean=17694 min=3133 max=35607 n=48 to=0 | cancels=0(+0/s) seqbad=0 len_bad=0 disc=0(0x00) | tot_n=14572 tot_to=0 maxever=69367 >2ms=14572 >5ms=14569 >15ms=1980 >20ms=1778 >30ms=149 | probes=14573 wrfail=0 down=4s maxout=4s
 255.028  t=253s RTT mean=17754 min=9438 max=33117 n=48 to=0 | cancels=0(+0/s) seqbad=0 len_bad=0 disc=0(0x00) | tot_n=14620 tot_to=0 maxever=69367 >2ms=14620 >5ms=14617 >15ms=1998 >20ms=1796 >30ms=151 | probes=14621 wrfail=0 down=4s maxout=4s
 257.015  t=254s RTT mean=17798 min=11912 max=33117 n=48 to=0 | cancels=0(+0/s) seqbad=0 len_bad=0 disc=0(0x00) | tot_n=14668 tot_to=0 maxever=69367 >2ms=14668 >5ms=14665 >15ms=2017 >20ms=1814 >30ms=152 | probes=14669 wrfail=0 down=4s maxout=4s
 257.015  t=255s RTT mean=17440 min=5781 max=34313 n=49 to=0 | cancels=0(+0/s) seqbad=0 len_bad=0 disc=0(0x00) | tot_n=14717 tot_to=0 maxever=69367 >2ms=14717 >5ms=14714 >15ms=2035 >20ms=1832 >30ms=153 | probes=14718 wrfail=0 down=4s maxout=4s
 259.024  t=256s RTT mean=17828 min=9434 max=34314 n=48 to=0 | cancels=0(+0/s) seqbad=0 len_bad=0 disc=0(0x00) | tot_n=14765 tot_to=0 maxever=69367 >2ms=14765 >5ms=14762 >15ms=2053 >20ms=1850 >30ms=155 | probes=14766 wrfail=0 down=4s maxout=4s
 259.024  t=257s RTT mean=17623 min=5778 max=31919 n=48 to=0 | cancels=0(+0/s) seqbad=0 len_bad=0 disc=0(0x00) | tot_n=14813 tot_to=0 maxever=69367 >2ms=14813 >5ms=14810 >15ms=2071 >20ms=1868 >30ms=156 | probes=14814 wrfail=0 down=4s maxout=4s
 261.026  t=258s RTT mean=18938 min=5781 max=49409 n=45 to=0 | cancels=0(+0/s) seqbad=0 len_bad=0 disc=0(0x00) | tot_n=14858 tot_to=0 maxever=69367 >2ms=14858 >5ms=14855 >15ms=2089 >20ms=1886 >30ms=160 | probes=14859 wrfail=0 down=4s maxout=4s
 261.027  t=259s RTT mean=17446 min=9435 max=28107 n=49 to=0 | cancels=0(+0/s) seqbad=0 len_bad=0 disc=0(0x00) | tot_n=14907 tot_to=0 maxever=69367 >2ms=14907 >5ms=14904 >15ms=2107 >20ms=1904 >30ms=160 | probes=14908 wrfail=0 down=4s maxout=4s
 263.024  t=260s RTT mean=17233 min=5779 max=28107 n=49 to=0 | cancels=0(+0/s) seqbad=0 len_bad=0 disc=0(0x00) | tot_n=14956 tot_to=0 maxever=69367 >2ms=14956 >5ms=14953 >15ms=2125 >20ms=1922 >30ms=160 | probes=14957 wrfail=0 down=4s maxout=4s
 263.024  t=261s RTT mean=17708 min=8238 max=34406 n=48 to=0 | cancels=0(+0/s) seqbad=0 len_bad=0 disc=0(0x00) | tot_n=15004 tot_to=0 maxever=69367 >2ms=15004 >5ms=15001 >15ms=2143 >20ms=1940 >30ms=161 | probes=15005 wrfail=0 down=4s maxout=4s
 265.016  t=262s RTT mean=18273 min=8237 max=34314 n=47 to=0 | cancels=0(+0/s) seqbad=0 len_bad=0 disc=0(0x00) | tot_n=15051 tot_to=0 maxever=69367 >2ms=15051 >5ms=15048 >15ms=2164 >20ms=1958 >30ms=162 | probes=15052 wrfail=0 down=4s maxout=4s
 265.016  t=263s RTT mean=17704 min=5779 max=34313 n=48 to=0 | cancels=0(+0/s) seqbad=0 len_bad=0 disc=0(0x00) | tot_n=15099 tot_to=0 maxever=69367 >2ms=15099 >5ms=15096 >15ms=2183 >20ms=1976 >30ms=164 | probes=15100 wrfail=0 down=4s maxout=4s
 267.025  t=264s RTT mean=17209 min=5780 max=28106 n=49 to=0 | cancels=0(+0/s) seqbad=0 len_bad=0 disc=0(0x00) | tot_n=15148 tot_to=0 maxever=69367 >2ms=15148 >5ms=15145 >15ms=2201 >20ms=1994 >30ms=164 | probes=15149 wrfail=0 down=4s maxout=4s
 267.025  t=265s RTT mean=17388 min=5838 max=29133 n=49 to=0 | cancels=0(+0/s) seqbad=0 len_bad=0 disc=0(0x00) | tot_n=15197 tot_to=0 maxever=69367 >2ms=15197 >5ms=15194 >15ms=2219 >20ms=2012 >30ms=164 | probes=15198 wrfail=0 down=4s maxout=4s
 269.008  t=266s RTT mean=17318 min=3133 max=28107 n=49 to=0 | cancels=0(+0/s) seqbad=0 len_bad=0 disc=0(0x00) | tot_n=15246 tot_to=0 maxever=69367 >2ms=15246 >5ms=15242 >15ms=2237 >20ms=2030 >30ms=164 | probes=15247 wrfail=0 down=4s maxout=4s
 269.008  t=267s RTT mean=17789 min=10634 max=31930 n=48 to=0 | cancels=0(+0/s) seqbad=0 len_bad=0 disc=0(0x00) | tot_n=15294 tot_to=0 maxever=69367 >2ms=15294 >5ms=15290 >15ms=2255 >20ms=2048 >30ms=167 | probes=15295 wrfail=0 down=4s maxout=4s
 271.018  t=268s RTT mean=17725 min=11911 max=28107 n=48 to=0 | cancels=0(+0/s) seqbad=0 len_bad=0 disc=0(0x00) | tot_n=15342 tot_to=0 maxever=69367 >2ms=15342 >5ms=15338 >15ms=2273 >20ms=2066 >30ms=167 | probes=15343 wrfail=0 down=4s maxout=4s
 271.018  t=269s RTT mean=17633 min=11912 max=28020 n=48 to=0 | cancels=0(+0/s) seqbad=0 len_bad=0 disc=0(0x00) | tot_n=15390 tot_to=0 maxever=69367 >2ms=15390 >5ms=15386 >15ms=2292 >20ms=2084 >30ms=167 | probes=15391 wrfail=0 down=4s maxout=4s
 273.009  t=270s RTT mean=17687 min=7040 max=35600 n=48 to=0 | cancels=0(+0/s) seqbad=0 len_bad=0 disc=0(0x00) | tot_n=15438 tot_to=0 maxever=69367 >2ms=15438 >5ms=15434 >15ms=2310 >20ms=2102 >30ms=168 | probes=15439 wrfail=0 down=4s maxout=4s
 273.009  t=271s RTT mean=18006 min=8238 max=49409 n=48 to=0 | cancels=0(+0/s) seqbad=0 len_bad=0 disc=0(0x00) | tot_n=15486 tot_to=0 maxever=69367 >2ms=15486 >5ms=15482 >15ms=2327 >20ms=2119 >30ms=171 | probes=15487 wrfail=0 down=4s maxout=4s
 275.000  t=272s RTT mean=18001 min=9435 max=28106 n=47 to=0 | cancels=0(+0/s) seqbad=0 len_bad=0 disc=0(0x00) | tot_n=15533 tot_to=0 maxever=69367 >2ms=15533 >5ms=15529 >15ms=2346 >20ms=2138 >30ms=171 | probes=15534 wrfail=0 down=4s maxout=4s
 275.056  t=273s RTT mean=17543 min=8238 max=34155 n=49 to=0 | cancels=0(+0/s) seqbad=0 len_bad=0 disc=0(0x00) | tot_n=15582 tot_to=0 maxever=69367 >2ms=15582 >5ms=15578 >15ms=2364 >20ms=2156 >30ms=172 | probes=15583 wrfail=0 down=4s maxout=4s
 276.998  t=274s RTT mean=17849 min=9435 max=34663 n=48 to=0 | cancels=0(+0/s) seqbad=0 len_bad=0 disc=0(0x00) | tot_n=15630 tot_to=0 maxever=69367 >2ms=15630 >5ms=15626 >15ms=2382 >20ms=2174 >30ms=174 | probes=15631 wrfail=0 down=4s maxout=4s
 277.053  t=275s RTT mean=17380 min=5779 max=28107 n=48 to=0 | cancels=0(+0/s) seqbad=0 len_bad=0 disc=0(0x00) | tot_n=15678 tot_to=0 maxever=69367 >2ms=15678 >5ms=15674 >15ms=2400 >20ms=2192 >30ms=174 | probes=15679 wrfail=0 down=4s maxout=4s
 279.005  t=276s RTT mean=17466 min=10635 max=28107 n=49 to=0 | cancels=0(+0/s) seqbad=0 len_bad=0 disc=0(0x00) | tot_n=15727 tot_to=0 maxever=69367 >2ms=15727 >5ms=15723 >15ms=2418 >20ms=2210 >30ms=174 | probes=15728 wrfail=0 down=4s maxout=4s
 279.005  t=277s RTT mean=17229 min=5772 max=28107 n=49 to=0 | cancels=0(+0/s) seqbad=0 len_bad=0 disc=0(0x00) | tot_n=15776 tot_to=0 maxever=69367 >2ms=15776 >5ms=15772 >15ms=2436 >20ms=2228 >30ms=174 | probes=15777 wrfail=0 down=4s maxout=4s
 281.004  t=278s RTT mean=17314 min=5780 max=29304 n=49 to=0 | cancels=0(+0/s) seqbad=0 len_bad=0 disc=0(0x00) | tot_n=15825 tot_to=0 maxever=69367 >2ms=15825 >5ms=15821 >15ms=2454 >20ms=2246 >30ms=174 | probes=15826 wrfail=0 down=4s maxout=4s
 281.004  t=279s RTT mean=17907 min=11912 max=33210 n=48 to=0 | cancels=0(+0/s) seqbad=0 len_bad=0 disc=0(0x00) | tot_n=15873 tot_to=0 maxever=69367 >2ms=15873 >5ms=15869 >15ms=2473 >20ms=2264 >30ms=177 | probes=15874 wrfail=0 down=4s maxout=4s
 282.994  t=280s RTT mean=17893 min=5779 max=34410 n=47 to=0 | cancels=0(+0/s) seqbad=0 len_bad=0 disc=0(0x00) | tot_n=15920 tot_to=0 maxever=69367 >2ms=15920 >5ms=15916 >15ms=2491 >20ms=2281 >30ms=181 | probes=15921 wrfail=0 down=4s maxout=4s
 283.049  t=281s RTT mean=18387 min=9435 max=33209 n=47 to=0 | cancels=0(+0/s) seqbad=0 len_bad=0 disc=0(0x00) | tot_n=15967 tot_to=0 maxever=69367 >2ms=15967 >5ms=15963 >15ms=2510 >20ms=2300 >30ms=184 | probes=15968 wrfail=0 down=4s maxout=4s
 284.993  t=282s RTT mean=17716 min=10635 max=33210 n=48 to=0 | cancels=0(+0/s) seqbad=0 len_bad=0 disc=0(0x00) | tot_n=16015 tot_to=0 maxever=69367 >2ms=16015 >5ms=16011 >15ms=2528 >20ms=2318 >30ms=185 | probes=16016 wrfail=0 down=4s maxout=4s
 285.048  t=283s RTT mean=17831 min=11911 max=31699 n=48 to=0 | cancels=0(+0/s) seqbad=0 len_bad=0 disc=0(0x00) | tot_n=16063 tot_to=0 maxever=69367 >2ms=16063 >5ms=16059 >15ms=2547 >20ms=2336 >30ms=188 | probes=16064 wrfail=0 down=4s maxout=4s
 286.994  t=284s RTT mean=18097 min=11911 max=39420 n=47 to=0 | cancels=0(+0/s) seqbad=0 len_bad=0 disc=0(0x00) | tot_n=16110 tot_to=0 maxever=69367 >2ms=16110 >5ms=16106 >15ms=2566 >20ms=2354 >30ms=189 | probes=16111 wrfail=0 down=4s maxout=4s
 287.046  t=285s RTT mean=17490 min=3133 max=31919 n=48 to=0 | cancels=0(+0/s) seqbad=0 len_bad=0 disc=0(0x00) | tot_n=16158 tot_to=0 maxever=69367 >2ms=16158 >5ms=16153 >15ms=2584 >20ms=2372 >30ms=191 | probes=16159 wrfail=0 down=4s maxout=4s
 288.990  t=286s RTT mean=18787 min=5779 max=49313 n=46 to=0 | cancels=0(+0/s) seqbad=0 len_bad=0 disc=0(0x00) | tot_n=16204 tot_to=0 maxever=69367 >2ms=16204 >5ms=16199 >15ms=2603 >20ms=2391 >30ms=193 | probes=16205 wrfail=0 down=4s maxout=4s
 289.045  t=287s RTT mean=17662 min=8238 max=34409 n=49 to=0 | cancels=0(+0/s) seqbad=0 len_bad=0 disc=0(0x00) | tot_n=16253 tot_to=0 maxever=69367 >2ms=16253 >5ms=16248 >15ms=2621 >20ms=2409 >30ms=195 | probes=16253 wrfail=0 down=4s maxout=4s
 290.999  t=288s RTT mean=17974 min=9437 max=35627 n=47 to=0 | cancels=0(+0/s) seqbad=0 len_bad=0 disc=0(0x00) | tot_n=16300 tot_to=0 maxever=69367 >2ms=16300 >5ms=16295 >15ms=2639 >20ms=2427 >30ms=197 | probes=16301 wrfail=0 down=4s maxout=4s
 291.050  t=289s RTT mean=17585 min=8239 max=29298 n=48 to=0 | cancels=0(+0/s) seqbad=0 len_bad=0 disc=0(0x00) | tot_n=16348 tot_to=0 maxever=69367 >2ms=16348 >5ms=16343 >15ms=2657 >20ms=2445 >30ms=197 | probes=16349 wrfail=0 down=4s maxout=4s
 292.988  t=290s RTT mean=17992 min=8237 max=34663 n=48 to=0 | cancels=0(+0/s) seqbad=0 len_bad=0 disc=0(0x00) | tot_n=16396 tot_to=0 maxever=69367 >2ms=16396 >5ms=16391 >15ms=2676 >20ms=2464 >30ms=198 | probes=16397 wrfail=0 down=4s maxout=4s
 293.038  t=291s RTT mean=17689 min=8238 max=34313 n=48 to=0 | cancels=0(+0/s) seqbad=0 len_bad=0 disc=0(0x00) | tot_n=16444 tot_to=0 maxever=69367 >2ms=16444 >5ms=16439 >15ms=2695 >20ms=2482 >30ms=199 | probes=16445 wrfail=0 down=4s maxout=4s
 295.029  t=292s RTT mean=17603 min=5779 max=31663 n=48 to=0 | cancels=0(+0/s) seqbad=0 len_bad=0 disc=0(0x00) | tot_n=16492 tot_to=0 maxever=69367 >2ms=16492 >5ms=16487 >15ms=2713 >20ms=2500 >30ms=200 | probes=16493 wrfail=0 down=4s maxout=4s
 295.029  t=293s RTT mean=17606 min=9435 max=30670 n=48 to=0 | cancels=0(+0/s) seqbad=0 len_bad=0 disc=0(0x00) | tot_n=16540 tot_to=0 maxever=69367 >2ms=16540 >5ms=16535 >15ms=2731 >20ms=2518 >30ms=201 | probes=16541 wrfail=0 down=4s maxout=4s
 297.033  t=294s RTT mean=17927 min=11912 max=34410 n=48 to=0 | cancels=0(+0/s) seqbad=0 len_bad=0 disc=0(0x00) | tot_n=16588 tot_to=0 maxever=69367 >2ms=16588 >5ms=16583 >15ms=2750 >20ms=2536 >30ms=203 | probes=16589 wrfail=0 down=4s maxout=4s
 297.033  t=295s RTT mean=18024 min=3133 max=33209 n=47 to=0 | cancels=0(+0/s) seqbad=0 len_bad=0 disc=0(0x00) | tot_n=16635 tot_to=0 maxever=69367 >2ms=16635 >5ms=16629 >15ms=2771 >20ms=2554 >30ms=204 | probes=16636 wrfail=0 down=4s maxout=4s
 299.009  t=296s RTT mean=17822 min=8238 max=34314 n=48 to=0 | cancels=0(+0/s) seqbad=0 len_bad=0 disc=0(0x00) | tot_n=16683 tot_to=0 maxever=69367 >2ms=16683 >5ms=16677 >15ms=2789 >20ms=2572 >30ms=207 | probes=16684 wrfail=0 down=4s maxout=4s
 299.009  t=297s RTT mean=17696 min=11912 max=29209 n=48 to=0 | cancels=0(+0/s) seqbad=0 len_bad=0 disc=0(0x00) | tot_n=16731 tot_to=0 maxever=69367 >2ms=16731 >5ms=16725 >15ms=2808 >20ms=2590 >30ms=207 | probes=16732 wrfail=0 down=4s maxout=4s
 301.027  t=298s RTT mean=17646 min=5778 max=41909 n=49 to=0 | cancels=0(+0/s) seqbad=0 len_bad=0 disc=0(0x00) | tot_n=16780 tot_to=0 maxever=69367 >2ms=16780 >5ms=16774 >15ms=2826 >20ms=2608 >30ms=209 | probes=16780 wrfail=0 down=4s maxout=4s
 301.027  t=299s RTT mean=17854 min=8238 max=34314 n=47 to=0 | cancels=0(+0/s) seqbad=0 len_bad=0 disc=0(0x00) | tot_n=16827 tot_to=0 maxever=69367 >2ms=16827 >5ms=16821 >15ms=2844 >20ms=2626 >30ms=211 | probes=16828 wrfail=0 down=4s maxout=4s
 302.987  t=300s RTT mean=17656 min=11911 max=29315 n=48 to=0 | cancels=0(+0/s) seqbad=0 len_bad=0 disc=0(0x00) | tot_n=16875 tot_to=0 maxever=69367 >2ms=16875 >5ms=16869 >15ms=2863 >20ms=2644 >30ms=211 | probes=16876 wrfail=0 down=4s maxout=4s
 303.039  t=301s RTT mean=17725 min=3133 max=34313 n=48 to=0 | cancels=0(+0/s) seqbad=0 len_bad=0 disc=0(0x00) | tot_n=16923 tot_to=0 maxever=69367 >2ms=16923 >5ms=16916 >15ms=2882 >20ms=2662 >30ms=214 | probes=16924 wrfail=0 down=4s maxout=4s
 305.017  t=302s RTT mean=17486 min=8237 max=31919 n=49 to=0 | cancels=0(+0/s) seqbad=0 len_bad=0 disc=0(0x00) | tot_n=16972 tot_to=0 maxever=69367 >2ms=16972 >5ms=16965 >15ms=2900 >20ms=2680 >30ms=215 | probes=16973 wrfail=0 down=4s maxout=4s
 305.017  t=303s RTT mean=19628 min=11911 max=56810 n=44 to=0 | cancels=0(+0/s) seqbad=0 len_bad=0 disc=0(0x00) | tot_n=17016 tot_to=0 maxever=69367 >2ms=17016 >5ms=17009 >15ms=2920 >20ms=2698 >30ms=220 | probes=17017 wrfail=0 down=4s maxout=4s
 307.038  t=304s RTT mean=18894 min=5772 max=50530 n=45 to=0 | cancels=0(+0/s) seqbad=0 len_bad=0 disc=0(0x00) | tot_n=17061 tot_to=0 maxever=69367 >2ms=17061 >5ms=17054 >15ms=2940 >20ms=2717 >30ms=222 | probes=17062 wrfail=0 down=4s maxout=4s
 307.038  PCTL target=100 tot=2871 to=0 p50=11 p90=26 p99=34 p99.9=49 max=56 g30=87 g100=0 (ms/counts)
 307.038  LOADRAMP: target=125 KBps for 60s
 307.038  t=305s RTT mean=18268 min=11912 max=34314 n=47 to=0 | cancels=0(+0/s) seqbad=0 len_bad=0 disc=0(0x00) | tot_n=17108 tot_to=0 maxever=69367 >2ms=17108 >5ms=17101 >15ms=2961 >20ms=2735 >30ms=224 | probes=17109 wrfail=0 down=4s maxout=4s
 309.002  t=306s RTT mean=19591 min=5779 max=30498 n=44 to=0 | cancels=0(+0/s) seqbad=0 len_bad=0 disc=0(0x00) | tot_n=17152 tot_to=0 maxever=69367 >2ms=17152 >5ms=17145 >15ms=2984 >20ms=2758 >30ms=225 | probes=17153 wrfail=0 down=4s maxout=4s
 309.055  t=307s RTT mean=22645 min=11912 max=50607 n=39 to=0 | cancels=0(+0/s) seqbad=0 len_bad=0 disc=0(0x00) | tot_n=17191 tot_to=0 maxever=69367 >2ms=17191 >5ms=17184 >15ms=3007 >20ms=2781 >30ms=231 | probes=17192 wrfail=0 down=4s maxout=4s
 311.015  t=308s RTT mean=19691 min=8238 max=28119 n=44 to=0 | cancels=0(+0/s) seqbad=0 len_bad=0 disc=0(0x00) | tot_n=17235 tot_to=0 maxever=69367 >2ms=17235 >5ms=17228 >15ms=3031 >20ms=2804 >30ms=231 | probes=17236 wrfail=0 down=4s maxout=4s
 311.015  t=309s RTT mean=19368 min=5778 max=29306 n=44 to=0 | cancels=0(+0/s) seqbad=0 len_bad=0 disc=0(0x00) | tot_n=17279 tot_to=0 maxever=69367 >2ms=17279 >5ms=17272 >15ms=3054 >20ms=2826 >30ms=231 | probes=17280 wrfail=0 down=4s maxout=4s
 313.035  t=310s RTT mean=19502 min=5769 max=26930 n=44 to=0 | cancels=0(+0/s) seqbad=0 len_bad=0 disc=0(0x00) | tot_n=17323 tot_to=0 maxever=69367 >2ms=17323 >5ms=17316 >15ms=3077 >20ms=2849 >30ms=231 | probes=17324 wrfail=0 down=4s maxout=4s
 313.035  t=311s RTT mean=20132 min=11911 max=34406 n=43 to=0 | cancels=0(+0/s) seqbad=0 len_bad=0 disc=0(0x00) | tot_n=17366 tot_to=0 maxever=69367 >2ms=17366 >5ms=17359 >15ms=3099 >20ms=2871 >30ms=234 | probes=17367 wrfail=0 down=4s maxout=4s
 314.998  t=312s RTT mean=20834 min=5779 max=43123 n=42 to=0 | cancels=0(+0/s) seqbad=0 len_bad=0 disc=0(0x00) | tot_n=17408 tot_to=0 maxever=69367 >2ms=17408 >5ms=17401 >15ms=3123 >20ms=2895 >30ms=236 | probes=17409 wrfail=0 down=4s maxout=4s
 315.053  t=313s RTT mean=20112 min=11912 max=31699 n=43 to=0 | cancels=0(+0/s) seqbad=0 len_bad=0 disc=0(0x00) | tot_n=17451 tot_to=0 maxever=69367 >2ms=17451 >5ms=17444 >15ms=3146 >20ms=2918 >30ms=238 | probes=17452 wrfail=0 down=4s maxout=4s
 317.039  t=314s RTT mean=20380 min=11911 max=34154 n=43 to=0 | cancels=0(+0/s) seqbad=0 len_bad=0 disc=0(0x00) | tot_n=17494 tot_to=0 maxever=69367 >2ms=17494 >5ms=17487 >15ms=3170 >20ms=2941 >30ms=240 | probes=17495 wrfail=0 down=4s maxout=4s
 317.039  t=315s RTT mean=19956 min=5779 max=32954 n=43 to=0 | cancels=0(+0/s) seqbad=0 len_bad=0 disc=0(0x00) | tot_n=17537 tot_to=0 maxever=69367 >2ms=17537 >5ms=17530 >15ms=3193 >20ms=2964 >30ms=241 | probes=17538 wrfail=0 down=4s maxout=4s
 318.997  t=316s RTT mean=20075 min=11911 max=31805 n=43 to=0 | cancels=0(+0/s) seqbad=0 len_bad=0 disc=0(0x00) | tot_n=17580 tot_to=0 maxever=69367 >2ms=17580 >5ms=17573 >15ms=3216 >20ms=2987 >30ms=243 | probes=17581 wrfail=0 down=4s maxout=4s
 319.052  t=317s RTT mean=20263 min=9423 max=33117 n=43 to=0 | cancels=0(+0/s) seqbad=0 len_bad=0 disc=0(0x00) | tot_n=17623 tot_to=0 maxever=69367 >2ms=17623 >5ms=17616 >15ms=3239 >20ms=3010 >30ms=246 | probes=17624 wrfail=0 down=4s maxout=4s
 321.026  t=318s RTT mean=20317 min=11912 max=31698 n=43 to=0 | cancels=0(+0/s) seqbad=0 len_bad=0 disc=0(0x00) | tot_n=17666 tot_to=0 maxever=69367 >2ms=17666 >5ms=17659 >15ms=3262 >20ms=3033 >30ms=250 | probes=17667 wrfail=0 down=4s maxout=4s
 321.026  t=319s RTT mean=20223 min=5770 max=36804 n=43 to=0 | cancels=0(+0/s) seqbad=0 len_bad=0 disc=0(0x00) | tot_n=17709 tot_to=0 maxever=69367 >2ms=17709 >5ms=17702 >15ms=3285 >20ms=3056 >30ms=254 | probes=17710 wrfail=0 down=4s maxout=4s
 323.020  t=320s RTT mean=20588 min=11912 max=34407 n=42 to=0 | cancels=0(+0/s) seqbad=0 len_bad=0 disc=0(0x00) | tot_n=17751 tot_to=0 maxever=69367 >2ms=17751 >5ms=17744 >15ms=3308 >20ms=3079 >30ms=258 | probes=17752 wrfail=0 down=4s maxout=4s
 323.020  t=321s RTT mean=21233 min=5779 max=45500 n=41 to=0 | cancels=0(+0/s) seqbad=0 len_bad=0 disc=0(0x00) | tot_n=17792 tot_to=0 maxever=69367 >2ms=17792 >5ms=17785 >15ms=3331 >20ms=3102 >30ms=262 | probes=17793 wrfail=0 down=4s maxout=4s
 325.040  t=322s RTT mean=20469 min=5781 max=32026 n=42 to=0 | cancels=0(+0/s) seqbad=0 len_bad=0 disc=0(0x00) | tot_n=17834 tot_to=0 maxever=69367 >2ms=17834 >5ms=17827 >15ms=3354 >20ms=3125 >30ms=266 | probes=17835 wrfail=0 down=4s maxout=4s
 325.040  t=323s RTT mean=20133 min=11912 max=30665 n=43 to=0 | cancels=0(+0/s) seqbad=0 len_bad=0 disc=0(0x00) | tot_n=17877 tot_to=0 maxever=69367 >2ms=17877 >5ms=17870 >15ms=3377 >20ms=3148 >30ms=269 | probes=17878 wrfail=0 down=4s maxout=4s
 327.005  t=324s RTT mean=20254 min=11911 max=31665 n=43 to=0 | cancels=0(+0/s) seqbad=0 len_bad=0 disc=0(0x00) | tot_n=17920 tot_to=0 maxever=69367 >2ms=17920 >5ms=17913 >15ms=3400 >20ms=3171 >30ms=270 | probes=17921 wrfail=0 down=4s maxout=4s
 327.060  t=325s RTT mean=21372 min=11911 max=34313 n=41 to=0 | cancels=0(+0/s) seqbad=0 len_bad=0 disc=0(0x00) | tot_n=17961 tot_to=0 maxever=69367 >2ms=17961 >5ms=17954 >15ms=3426 >20ms=3196 >30ms=272 | probes=17962 wrfail=0 down=4s maxout=4s
 329.017  t=326s RTT mean=20076 min=11911 max=30562 n=43 to=0 | cancels=0(+0/s) seqbad=0 len_bad=0 disc=0(0x00) | tot_n=18004 tot_to=0 maxever=69367 >2ms=18004 >5ms=17997 >15ms=3449 >20ms=3219 >30ms=273 | probes=18005 wrfail=0 down=4s maxout=4s
 329.017  t=327s RTT mean=20079 min=5779 max=34313 n=43 to=0 | cancels=0(+0/s) seqbad=0 len_bad=0 disc=0(0x00) | tot_n=18047 tot_to=0 maxever=69367 >2ms=18047 >5ms=18040 >15ms=3472 >20ms=3242 >30ms=276 | probes=18048 wrfail=0 down=4s maxout=4s
 331.038  t=328s RTT mean=20221 min=11912 max=30665 n=43 to=0 | cancels=0(+0/s) seqbad=0 len_bad=0 disc=0(0x00) | tot_n=18090 tot_to=0 maxever=69367 >2ms=18090 >5ms=18083 >15ms=3495 >20ms=3265 >30ms=279 | probes=18091 wrfail=0 down=4s maxout=4s
 331.038  t=329s RTT mean=20281 min=11911 max=30562 n=43 to=0 | cancels=0(+0/s) seqbad=0 len_bad=0 disc=0(0x00) | tot_n=18133 tot_to=0 maxever=69367 >2ms=18133 >5ms=18126 >15ms=3520 >20ms=3288 >30ms=280 | probes=18134 wrfail=0 down=4s maxout=4s
 333.040  t=330s RTT mean=20461 min=11911 max=31690 n=42 to=0 | cancels=0(+0/s) seqbad=0 len_bad=0 disc=0(0x00) | tot_n=18175 tot_to=0 maxever=69367 >2ms=18175 >5ms=18168 >15ms=3545 >20ms=3310 >30ms=281 | probes=18176 wrfail=0 down=4s maxout=4s
 333.040  t=331s RTT mean=20245 min=11911 max=30561 n=43 to=0 | cancels=0(+0/s) seqbad=0 len_bad=0 disc=0(0x00) | tot_n=18218 tot_to=0 maxever=69367 >2ms=18218 >5ms=18211 >15ms=3568 >20ms=3333 >30ms=283 | probes=18219 wrfail=0 down=4s maxout=4s
 334.993  t=332s RTT mean=20259 min=11911 max=34313 n=43 to=0 | cancels=0(+0/s) seqbad=0 len_bad=0 disc=0(0x00) | tot_n=18261 tot_to=0 maxever=69367 >2ms=18261 >5ms=18254 >15ms=3591 >20ms=3356 >30ms=285 | probes=18262 wrfail=0 down=4s maxout=4s
 335.048  t=333s RTT mean=20067 min=5779 max=41823 n=43 to=0 | cancels=0(+0/s) seqbad=0 len_bad=0 disc=0(0x00) | tot_n=18304 tot_to=0 maxever=69367 >2ms=18304 >5ms=18297 >15ms=3614 >20ms=3378 >30ms=287 | probes=18305 wrfail=0 down=4s maxout=4s
 337.015  t=334s RTT mean=21171 min=11911 max=56657 n=41 to=0 | cancels=0(+0/s) seqbad=0 len_bad=0 disc=0(0x00) | tot_n=18345 tot_to=0 maxever=69367 >2ms=18345 >5ms=18338 >15ms=3635 >20ms=3399 >30ms=291 | probes=18346 wrfail=0 down=4s maxout=4s
 337.015  t=335s RTT mean=24613 min=5784 max=59302 n=36 to=0 | cancels=0(+0/s) seqbad=0 len_bad=0 disc=0(0x00) | tot_n=18381 tot_to=0 maxever=69367 >2ms=18381 >5ms=18374 >15ms=3660 >20ms=3424 >30ms=298 | probes=18382 wrfail=0 down=4s maxout=4s
 339.043  t=336s RTT mean=20311 min=11912 max=34157 n=43 to=0 | cancels=0(+0/s) seqbad=0 len_bad=0 disc=0(0x00) | tot_n=18424 tot_to=0 maxever=69367 >2ms=18424 >5ms=18417 >15ms=3684 >20ms=3447 >30ms=299 | probes=18425 wrfail=0 down=4s maxout=4s
 339.043  t=337s RTT mean=20474 min=11911 max=31848 n=42 to=0 | cancels=0(+0/s) seqbad=0 len_bad=0 disc=0(0x00) | tot_n=18466 tot_to=0 maxever=69367 >2ms=18466 >5ms=18459 >15ms=3708 >20ms=3470 >30ms=301 | probes=18467 wrfail=0 down=4s maxout=4s
 340.997  t=338s RTT mean=20242 min=11911 max=31773 n=43 to=0 | cancels=0(+0/s) seqbad=0 len_bad=0 disc=0(0x00) | tot_n=18509 tot_to=0 maxever=69367 >2ms=18509 >5ms=18502 >15ms=3731 >20ms=3493 >30ms=303 | probes=18510 wrfail=0 down=4s maxout=4s
 341.052  t=339s RTT mean=20668 min=11912 max=38061 n=42 to=0 | cancels=0(+0/s) seqbad=0 len_bad=0 disc=0(0x00) | tot_n=18551 tot_to=0 maxever=69367 >2ms=18551 >5ms=18544 >15ms=3754 >20ms=3516 >30ms=307 | probes=18552 wrfail=0 down=4s maxout=4s
 343.000  t=340s RTT mean=19701 min=8238 max=28106 n=44 to=0 | cancels=0(+0/s) seqbad=0 len_bad=0 disc=0(0x00) | tot_n=18595 tot_to=0 maxever=69367 >2ms=18595 >5ms=18588 >15ms=3777 >20ms=3539 >30ms=307 | probes=18596 wrfail=0 down=4s maxout=4s
 343.052  t=341s RTT mean=19606 min=5773 max=30501 n=44 to=0 | cancels=0(+0/s) seqbad=0 len_bad=0 disc=0(0x00) | tot_n=18639 tot_to=0 maxever=69367 >2ms=18639 >5ms=18632 >15ms=3800 >20ms=3562 >30ms=308 | probes=18640 wrfail=0 down=4s maxout=4s
 345.000  t=342s RTT mean=20068 min=5779 max=31781 n=43 to=0 | cancels=0(+0/s) seqbad=0 len_bad=0 disc=0(0x00) | tot_n=18682 tot_to=0 maxever=69367 >2ms=18682 >5ms=18675 >15ms=3823 >20ms=3585 >30ms=310 | probes=18683 wrfail=0 down=4s maxout=4s
 345.055  t=343s RTT mean=20121 min=11911 max=33210 n=43 to=0 | cancels=0(+0/s) seqbad=0 len_bad=0 disc=0(0x00) | tot_n=18725 tot_to=0 maxever=69367 >2ms=18725 >5ms=18718 >15ms=3846 >20ms=3608 >30ms=312 | probes=18726 wrfail=0 down=4s maxout=4s
 347.028  t=344s RTT mean=19707 min=3133 max=31840 n=44 to=0 | cancels=0(+0/s) seqbad=0 len_bad=0 disc=0(0x00) | tot_n=18769 tot_to=0 maxever=69367 >2ms=18769 >5ms=18761 >15ms=3869 >20ms=3631 >30ms=313 | probes=18770 wrfail=0 down=4s maxout=4s
 347.028  t=345s RTT mean=20262 min=5778 max=34407 n=43 to=0 | cancels=0(+0/s) seqbad=0 len_bad=0 disc=0(0x00) | tot_n=18812 tot_to=0 maxever=69367 >2ms=18812 >5ms=18804 >15ms=3892 >20ms=3654 >30ms=316 | probes=18813 wrfail=0 down=4s maxout=4s
 349.041  t=346s RTT mean=20110 min=11912 max=30562 n=43 to=0 | cancels=0(+0/s) seqbad=0 len_bad=0 disc=0(0x00) | tot_n=18855 tot_to=0 maxever=69367 >2ms=18855 >5ms=18847 >15ms=3915 >20ms=3677 >30ms=317 | probes=18856 wrfail=0 down=4s maxout=4s
 349.041  t=347s RTT mean=20209 min=11911 max=34411 n=43 to=0 | cancels=0(+0/s) seqbad=0 len_bad=0 disc=0(0x00) | tot_n=18898 tot_to=0 maxever=69367 >2ms=18898 >5ms=18890 >15ms=3938 >20ms=3700 >30ms=319 | probes=18899 wrfail=0 down=4s maxout=4s
 351.013  t=348s RTT mean=21645 min=5779 max=44324 n=40 to=0 | cancels=0(+0/s) seqbad=0 len_bad=0 disc=0(0x00) | tot_n=18938 tot_to=0 maxever=69367 >2ms=18938 >5ms=18930 >15ms=3961 >20ms=3723 >30ms=324 | probes=18939 wrfail=0 down=4s maxout=4s
 351.069  t=349s RTT mean=20126 min=11912 max=31696 n=43 to=0 | cancels=0(+0/s) seqbad=0 len_bad=0 disc=0(0x00) | tot_n=18981 tot_to=0 maxever=69367 >2ms=18981 >5ms=18973 >15ms=3984 >20ms=3746 >30ms=327 | probes=18982 wrfail=0 down=4s maxout=4s
 353.032  t=350s RTT mean=19896 min=5779 max=34313 n=44 to=0 | cancels=0(+0/s) seqbad=0 len_bad=0 disc=0(0x00) | tot_n=19025 tot_to=0 maxever=69367 >2ms=19025 >5ms=19017 >15ms=4008 >20ms=3769 >30ms=328 | probes=19026 wrfail=0 down=4s maxout=4s
 353.032  t=351s RTT mean=20073 min=5769 max=34314 n=43 to=0 | cancels=0(+0/s) seqbad=0 len_bad=0 disc=0(0x00) | tot_n=19068 tot_to=0 maxever=69367 >2ms=19068 >5ms=19060 >15ms=4032 >20ms=3792 >30ms=329 | probes=19069 wrfail=0 down=4s maxout=4s
 355.038  t=352s RTT mean=19955 min=11911 max=31700 n=44 to=0 | cancels=0(+0/s) seqbad=0 len_bad=0 disc=0(0x00) | tot_n=19112 tot_to=0 maxever=69367 >2ms=19112 >5ms=19104 >15ms=4055 >20ms=3815 >30ms=332 | probes=19113 wrfail=0 down=4s maxout=4s
 355.038  t=353s RTT mean=20457 min=11911 max=34409 n=42 to=0 | cancels=0(+0/s) seqbad=0 len_bad=0 disc=0(0x00) | tot_n=19154 tot_to=0 maxever=69367 >2ms=19154 >5ms=19146 >15ms=4078 >20ms=3838 >30ms=335 | probes=19155 wrfail=0 down=4s maxout=4s
 356.998  t=354s RTT mean=20948 min=11912 max=34314 n=42 to=0 | cancels=0(+0/s) seqbad=0 len_bad=0 disc=0(0x00) | tot_n=19196 tot_to=0 maxever=69367 >2ms=19196 >5ms=19188 >15ms=4101 >20ms=3861 >30ms=341 | probes=19197 wrfail=0 down=4s maxout=4s
 357.051  t=355s RTT mean=21807 min=11911 max=44208 n=40 to=0 | cancels=0(+0/s) seqbad=0 len_bad=0 disc=0(0x00) | tot_n=19236 tot_to=0 maxever=69367 >2ms=19236 >5ms=19228 >15ms=4126 >20ms=3885 >30ms=346 | probes=19237 wrfail=0 down=4s maxout=4s
 359.024  t=356s RTT mean=19859 min=5779 max=34410 n=43 to=0 | cancels=0(+0/s) seqbad=0 len_bad=0 disc=0(0x00) | tot_n=19279 tot_to=0 maxever=69367 >2ms=19279 >5ms=19271 >15ms=4148 >20ms=3907 >30ms=350 | probes=19280 wrfail=0 down=4s maxout=4s
 359.024  t=357s RTT mean=20133 min=11911 max=31664 n=43 to=0 | cancels=0(+0/s) seqbad=0 len_bad=0 disc=0(0x00) | tot_n=19322 tot_to=0 maxever=69367 >2ms=19322 >5ms=19314 >15ms=4171 >20ms=3930 >30ms=352 | probes=19323 wrfail=0 down=4s maxout=4s
 361.043  t=358s RTT mean=20582 min=11911 max=30756 n=42 to=0 | cancels=0(+0/s) seqbad=0 len_bad=0 disc=0(0x00) | tot_n=19364 tot_to=0 maxever=69367 >2ms=19364 >5ms=19356 >15ms=4195 >20ms=3953 >30ms=355 | probes=19365 wrfail=0 down=4s maxout=4s
 361.043  t=359s RTT mean=20189 min=11912 max=31698 n=43 to=0 | cancels=0(+0/s) seqbad=0 len_bad=0 disc=0(0x00) | tot_n=19407 tot_to=0 maxever=69367 >2ms=19407 >5ms=19399 >15ms=4218 >20ms=3976 >30ms=357 | probes=19408 wrfail=0 down=4s maxout=4s
 363.004  t=360s RTT mean=20128 min=11911 max=31919 n=43 to=0 | cancels=0(+0/s) seqbad=0 len_bad=0 disc=0(0x00) | tot_n=19450 tot_to=0 maxever=69367 >2ms=19450 >5ms=19442 >15ms=4241 >20ms=3999 >30ms=360 | probes=19451 wrfail=0 down=4s maxout=4s
 363.059  t=361s RTT mean=20125 min=11911 max=29207 n=43 to=0 | cancels=0(+0/s) seqbad=0 len_bad=0 disc=0(0x00) | tot_n=19493 tot_to=0 maxever=69367 >2ms=19493 >5ms=19485 >15ms=4265 >20ms=4022 >30ms=360 | probes=19494 wrfail=0 down=4s maxout=4s
 365.028  t=362s RTT mean=20072 min=11911 max=32955 n=43 to=0 | cancels=0(+0/s) seqbad=0 len_bad=0 disc=0(0x00) | tot_n=19536 tot_to=0 maxever=69367 >2ms=19536 >5ms=19528 >15ms=4288 >20ms=4045 >30ms=361 | probes=19537 wrfail=0 down=4s maxout=4s
 365.028  t=363s RTT mean=19793 min=11911 max=28360 n=44 to=0 | cancels=0(+0/s) seqbad=0 len_bad=0 disc=0(0x00) | tot_n=19580 tot_to=0 maxever=69367 >2ms=19580 >5ms=19572 >15ms=4311 >20ms=4068 >30ms=361 | probes=19581 wrfail=0 down=4s maxout=4s
 367.002  t=364s RTT mean=20085 min=11912 max=31664 n=43 to=0 | cancels=0(+0/s) seqbad=0 len_bad=0 disc=0(0x00) | tot_n=19623 tot_to=0 maxever=69367 >2ms=19623 >5ms=19615 >15ms=4334 >20ms=4091 >30ms=362 | probes=19624 wrfail=0 down=4s maxout=4s
 367.057  PCTL target=125 tot=2557 to=0 p50=25 p90=28 p99=34 p99.9=49 max=59 g30=140 g100=0 (ms/counts)
 367.057  LOADRAMP: target=150 KBps for 60s
 367.057  t=365s RTT mean=20073 min=11911 max=29208 n=43 to=0 | cancels=0(+0/s) seqbad=0 len_bad=0 disc=0(0x00) | tot_n=19666 tot_to=0 maxever=69367 >2ms=19666 >5ms=19658 >15ms=4357 >20ms=4114 >30ms=362 | probes=19667 wrfail=0 down=4s maxout=4s
 369.017  t=366s RTT mean=30299 min=11913 max=44209 n=30 to=0 | cancels=0(+0/s) seqbad=0 len_bad=0 disc=0(0x00) | tot_n=19696 tot_to=0 maxever=69367 >2ms=19696 >5ms=19688 >15ms=4385 >20ms=4142 >30ms=374 | probes=19697 wrfail=0 down=4s maxout=4s
 369.072  t=367s RTT mean=24611 min=11912 max=35606 n=36 to=0 | cancels=0(+0/s) seqbad=0 len_bad=0 disc=0(0x00) | tot_n=19732 tot_to=0 maxever=69367 >2ms=19732 >5ms=19724 >15ms=4415 >20ms=4171 >30ms=376 | probes=19733 wrfail=0 down=4s maxout=4s
 371.026  t=368s RTT mean=22507 min=5778 max=32955 n=39 to=0 | cancels=0(+0/s) seqbad=0 len_bad=0 disc=0(0x00) | tot_n=19771 tot_to=0 maxever=69367 >2ms=19771 >5ms=19763 >15ms=4442 >20ms=4198 >30ms=378 | probes=19772 wrfail=0 down=4s maxout=4s
 371.026  t=369s RTT mean=22816 min=11912 max=34410 n=39 to=0 | cancels=0(+0/s) seqbad=0 len_bad=0 disc=0(0x00) | tot_n=19810 tot_to=0 maxever=69367 >2ms=19810 >5ms=19802 >15ms=4470 >20ms=4225 >30ms=380 | probes=19811 wrfail=0 down=4s maxout=4s
 372.995  t=370s RTT mean=23009 min=10566 max=33210 n=38 to=0 | cancels=0(+0/s) seqbad=0 len_bad=0 disc=0(0x00) | tot_n=19848 tot_to=0 maxever=69367 >2ms=19848 >5ms=19840 >15ms=4498 >20ms=4252 >30ms=382 | probes=19849 wrfail=0 down=4s maxout=4s
 373.046  t=371s RTT mean=22438 min=10632 max=30815 n=39 to=0 | cancels=0(+0/s) seqbad=0 len_bad=0 disc=0(0x00) | tot_n=19887 tot_to=0 maxever=69367 >2ms=19887 >5ms=19879 >15ms=4525 >20ms=4279 >30ms=383 | probes=19888 wrfail=0 down=4s maxout=4s
 375.008  t=372s RTT mean=24811 min=11912 max=41910 n=36 to=0 | cancels=0(+0/s) seqbad=0 len_bad=0 disc=0(0x00) | tot_n=19923 tot_to=0 maxever=69367 >2ms=19923 >5ms=19915 >15ms=4553 >20ms=4306 >30ms=389 | probes=19924 wrfail=0 down=4s maxout=4s
 375.060  t=373s RTT mean=22438 min=5779 max=34313 n=39 to=0 | cancels=0(+0/s) seqbad=0 len_bad=0 disc=0(0x00) | tot_n=19962 tot_to=0 maxever=69367 >2ms=19962 >5ms=19954 >15ms=4581 >20ms=4333 >30ms=390 | probes=19963 wrfail=0 down=4s maxout=4s
 377.028  t=374s RTT mean=21874 min=5779 max=26922 n=41 to=0 | cancels=0(+0/s) seqbad=0 len_bad=0 disc=0(0x00) | tot_n=20003 tot_to=0 maxever=69367 >2ms=20003 >5ms=19995 >15ms=4609 >20ms=4361 >30ms=390 | probes=20003 wrfail=0 down=4s maxout=4s
 377.028  t=375s RTT mean=22600 min=11912 max=39362 n=38 to=0 | cancels=0(+0/s) seqbad=0 len_bad=0 disc=0(0x00) | tot_n=20041 tot_to=0 maxever=69367 >2ms=20041 >5ms=20033 >15ms=4636 >20ms=4387 >30ms=391 | probes=20042 wrfail=0 down=4s maxout=4s
 378.998  t=376s RTT mean=22582 min=5779 max=34155 n=39 to=0 | cancels=0(+0/s) seqbad=0 len_bad=0 disc=0(0x00) | tot_n=20080 tot_to=0 maxever=69367 >2ms=20080 >5ms=20072 >15ms=4664 >20ms=4415 >30ms=392 | probes=20081 wrfail=0 down=4s maxout=4s
 379.053  t=377s RTT mean=22426 min=5771 max=30503 n=40 to=0 | cancels=0(+0/s) seqbad=0 len_bad=0 disc=0(0x00) | tot_n=20120 tot_to=0 maxever=69367 >2ms=20120 >5ms=20112 >15ms=4693 >20ms=4443 >30ms=393 | probes=20120 wrfail=0 down=4s maxout=4s
 381.022  t=378s RTT mean=22526 min=8234 max=34406 n=38 to=0 | cancels=0(+0/s) seqbad=0 len_bad=0 disc=0(0x00) | tot_n=20158 tot_to=0 maxever=69367 >2ms=20158 >5ms=20150 >15ms=4719 >20ms=4469 >30ms=395 | probes=20159 wrfail=0 down=4s maxout=4s
 381.022  t=379s RTT mean=22517 min=5779 max=35606 n=39 to=0 | cancels=0(+0/s) seqbad=0 len_bad=0 disc=0(0x00) | tot_n=20197 tot_to=0 maxever=69367 >2ms=20197 >5ms=20189 >15ms=4747 >20ms=4496 >30ms=396 | probes=20198 wrfail=0 down=4s maxout=4s
 383.048  t=380s RTT mean=23099 min=11913 max=34314 n=38 to=0 | cancels=0(+0/s) seqbad=0 len_bad=0 disc=0(0x00) | tot_n=20235 tot_to=0 maxever=69367 >2ms=20235 >5ms=20227 >15ms=4776 >20ms=4524 >30ms=397 | probes=20236 wrfail=0 down=4s maxout=4s
 383.048  t=381s RTT mean=22680 min=11911 max=34411 n=39 to=0 | cancels=0(+0/s) seqbad=0 len_bad=0 disc=0(0x00) | tot_n=20274 tot_to=0 maxever=69367 >2ms=20274 >5ms=20266 >15ms=4804 >20ms=4551 >30ms=398 | probes=20275 wrfail=0 down=4s maxout=4s
 385.028  t=382s RTT mean=22486 min=5778 max=33209 n=39 to=0 | cancels=0(+0/s) seqbad=0 len_bad=0 disc=0(0x00) | tot_n=20313 tot_to=0 maxever=69367 >2ms=20313 >5ms=20305 >15ms=4832 >20ms=4578 >30ms=399 | probes=20314 wrfail=0 down=4s maxout=4s
 385.028  t=383s RTT mean=22509 min=5779 max=31666 n=40 to=0 | cancels=0(+0/s) seqbad=0 len_bad=0 disc=0(0x00) | tot_n=20353 tot_to=0 maxever=69367 >2ms=20353 >5ms=20345 >15ms=4861 >20ms=4606 >30ms=400 | probes=20353 wrfail=0 down=4s maxout=4s
 387.021  t=384s RTT mean=22507 min=11911 max=30665 n=39 to=0 | cancels=0(+0/s) seqbad=0 len_bad=0 disc=0(0x00) | tot_n=20392 tot_to=0 maxever=69367 >2ms=20392 >5ms=20384 >15ms=4889 >20ms=4633 >30ms=401 | probes=20393 wrfail=0 down=4s maxout=4s
 387.081  t=385s RTT mean=22514 min=5778 max=31665 n=38 to=0 | cancels=0(+0/s) seqbad=0 len_bad=0 disc=0(0x00) | tot_n=20430 tot_to=0 maxever=69367 >2ms=20430 >5ms=20422 >15ms=4917 >20ms=4659 >30ms=402 | probes=20431 wrfail=0 down=4s maxout=4s
 389.010  t=386s RTT mean=22662 min=11911 max=31919 n=39 to=0 | cancels=0(+0/s) seqbad=0 len_bad=0 disc=0(0x00) | tot_n=20469 tot_to=0 maxever=69367 >2ms=20469 >5ms=20461 >15ms=4945 >20ms=4686 >30ms=403 | probes=20470 wrfail=0 down=4s maxout=4s
 389.070  t=387s RTT mean=23188 min=11911 max=34314 n=38 to=0 | cancels=0(+0/s) seqbad=0 len_bad=0 disc=0(0x00) | tot_n=20507 tot_to=0 maxever=69367 >2ms=20507 >5ms=20499 >15ms=4973 >20ms=4713 >30ms=406 | probes=20508 wrfail=0 down=4s maxout=4s
 391.005  t=388s RTT mean=22563 min=5779 max=32955 n=39 to=0 | cancels=0(+0/s) seqbad=0 len_bad=0 disc=0(0x00) | tot_n=20546 tot_to=0 maxever=69367 >2ms=20546 >5ms=20538 >15ms=5001 >20ms=4740 >30ms=408 | probes=20547 wrfail=0 down=4s maxout=4s
 391.065  t=389s RTT mean=22488 min=11911 max=29304 n=39 to=0 | cancels=0(+0/s) seqbad=0 len_bad=0 disc=0(0x00) | tot_n=20585 tot_to=0 maxever=69367 >2ms=20585 >5ms=20577 >15ms=5028 >20ms=4767 >30ms=408 | probes=20586 wrfail=0 down=4s maxout=4s
 393.050  t=390s RTT mean=22476 min=11911 max=28358 n=39 to=0 | cancels=0(+0/s) seqbad=0 len_bad=0 disc=0(0x00) | tot_n=20624 tot_to=0 maxever=69367 >2ms=20624 >5ms=20616 >15ms=5056 >20ms=4794 >30ms=408 | probes=20625 wrfail=0 down=4s maxout=4s
 393.050  t=391s RTT mean=22525 min=5779 max=34314 n=40 to=0 | cancels=0(+0/s) seqbad=0 len_bad=0 disc=0(0x00) | tot_n=20664 tot_to=0 maxever=69367 >2ms=20664 >5ms=20656 >15ms=5085 >20ms=4822 >30ms=409 | probes=20664 wrfail=0 down=4s maxout=4s
 395.034  t=392s RTT mean=22547 min=11911 max=34313 n=38 to=0 | cancels=0(+0/s) seqbad=0 len_bad=0 disc=0(0x00) | tot_n=20702 tot_to=0 maxever=69367 >2ms=20702 >5ms=20694 >15ms=5112 >20ms=4848 >30ms=410 | probes=20703 wrfail=0 down=4s maxout=4s
 395.034  t=393s RTT mean=23095 min=11912 max=32015 n=38 to=0 | cancels=0(+0/s) seqbad=0 len_bad=0 disc=0(0x00) | tot_n=20740 tot_to=0 maxever=69367 >2ms=20740 >5ms=20732 >15ms=5140 >20ms=4876 >30ms=411 | probes=20741 wrfail=0 down=4s maxout=4s
 397.006  t=394s RTT mean=22544 min=11911 max=29208 n=40 to=0 | cancels=0(+0/s) seqbad=0 len_bad=0 disc=0(0x00) | tot_n=20780 tot_to=0 maxever=69367 >2ms=20780 >5ms=20772 >15ms=5169 >20ms=4904 >30ms=411 | probes=20780 wrfail=0 down=4s maxout=4s
 397.066  t=395s RTT mean=22596 min=11911 max=29303 n=38 to=0 | cancels=0(+0/s) seqbad=0 len_bad=0 disc=0(0x00) | tot_n=20818 tot_to=0 maxever=69367 >2ms=20818 >5ms=20810 >15ms=5196 >20ms=4931 >30ms=411 | probes=20819 wrfail=0 down=4s maxout=4s
 399.045  t=396s RTT mean=23323 min=11912 max=34663 n=38 to=0 | cancels=0(+0/s) seqbad=0 len_bad=0 disc=0(0x00) | tot_n=20856 tot_to=0 maxever=69367 >2ms=20856 >5ms=20848 >15ms=5225 >20ms=4958 >30ms=413 | probes=20857 wrfail=0 down=4s maxout=4s
 399.045  t=397s RTT mean=22337 min=5779 max=28106 n=40 to=0 | cancels=0(+0/s) seqbad=0 len_bad=0 disc=0(0x00) | tot_n=20896 tot_to=0 maxever=69367 >2ms=20896 >5ms=20888 >15ms=5254 >20ms=4986 >30ms=413 | probes=20896 wrfail=0 down=4s maxout=4s
 401.016  t=398s RTT mean=23465 min=8234 max=35608 n=37 to=0 | cancels=0(+0/s) seqbad=0 len_bad=0 disc=0(0x00) | tot_n=20933 tot_to=0 maxever=69367 >2ms=20933 >5ms=20925 >15ms=5282 >20ms=5013 >30ms=415 | probes=20934 wrfail=0 down=4s maxout=4s
 401.076  t=399s RTT mean=22269 min=9374 max=28104 n=39 to=0 | cancels=0(+0/s) seqbad=0 len_bad=0 disc=0(0x00) | tot_n=20972 tot_to=0 maxever=69367 >2ms=20972 >5ms=20964 >15ms=5310 >20ms=5040 >30ms=415 | probes=20973 wrfail=0 down=4s maxout=4s
 403.051  t=400s RTT mean=23210 min=5779 max=40454 n=39 to=0 | cancels=0(+0/s) seqbad=0 len_bad=0 disc=0(0x00) | tot_n=21011 tot_to=0 maxever=69367 >2ms=21011 >5ms=21003 >15ms=5338 >20ms=5068 >30ms=418 | probes=21011 wrfail=0 down=4s maxout=4s
 403.051  t=401s RTT mean=23132 min=9435 max=34407 n=38 to=0 | cancels=0(+0/s) seqbad=0 len_bad=0 disc=0(0x00) | tot_n=21049 tot_to=0 maxever=69367 >2ms=21049 >5ms=21041 >15ms=5365 >20ms=5095 >30ms=422 | probes=21050 wrfail=0 down=4s maxout=4s
 405.055  t=402s RTT mean=22615 min=11911 max=28106 n=39 to=0 | cancels=0(+0/s) seqbad=0 len_bad=0 disc=0(0x00) | tot_n=21088 tot_to=0 maxever=69367 >2ms=21088 >5ms=21080 >15ms=5393 >20ms=5123 >30ms=422 | probes=21088 wrfail=0 down=4s maxout=4s
 405.055  t=403s RTT mean=22490 min=11911 max=28107 n=39 to=0 | cancels=0(+0/s) seqbad=0 len_bad=0 disc=0(0x00) | tot_n=21127 tot_to=0 maxever=69367 >2ms=21127 >5ms=21119 >15ms=5421 >20ms=5150 >30ms=422 | probes=21127 wrfail=0 down=4s maxout=4s
 407.022  t=404s RTT mean=22429 min=8234 max=34313 n=39 to=0 | cancels=0(+0/s) seqbad=0 len_bad=0 disc=0(0x00) | tot_n=21166 tot_to=0 maxever=69367 >2ms=21166 >5ms=21158 >15ms=5448 >20ms=5177 >30ms=424 | probes=21167 wrfail=0 down=4s maxout=4s
 407.082  t=405s RTT mean=22862 min=11911 max=34409 n=38 to=0 | cancels=0(+0/s) seqbad=0 len_bad=0 disc=0(0x00) | tot_n=21204 tot_to=0 maxever=69367 >2ms=21204 >5ms=21196 >15ms=5474 >20ms=5203 >30ms=427 | probes=21205 wrfail=0 down=4s maxout=4s
 409.005  t=406s RTT mean=22252 min=5780 max=29301 n=40 to=0 | cancels=0(+0/s) seqbad=0 len_bad=0 disc=0(0x00) | tot_n=21244 tot_to=0 maxever=69367 >2ms=21244 >5ms=21236 >15ms=5502 >20ms=5231 >30ms=427 | probes=21245 wrfail=0 down=4s maxout=4s
 409.065  t=407s RTT mean=22498 min=8234 max=34313 n=38 to=0 | cancels=0(+0/s) seqbad=0 len_bad=0 disc=0(0x00) | tot_n=21282 tot_to=0 maxever=69367 >2ms=21282 >5ms=21274 >15ms=5528 >20ms=5257 >30ms=430 | probes=21283 wrfail=0 down=4s maxout=4s
 411.050  t=408s RTT mean=22613 min=11911 max=29303 n=40 to=0 | cancels=0(+0/s) seqbad=0 len_bad=0 disc=0(0x00) | tot_n=21322 tot_to=0 maxever=69367 >2ms=21322 >5ms=21314 >15ms=5557 >20ms=5285 >30ms=430 | probes=21322 wrfail=0 down=4s maxout=4s
 411.050  t=409s RTT mean=22490 min=10631 max=31665 n=39 to=0 | cancels=0(+0/s) seqbad=0 len_bad=0 disc=0(0x00) | tot_n=21361 tot_to=0 maxever=69367 >2ms=21361 >5ms=21353 >15ms=5584 >20ms=5312 >30ms=431 | probes=21361 wrfail=0 down=4s maxout=4s
 413.017  t=410s RTT mean=22461 min=8237 max=33257 n=39 to=0 | cancels=0(+0/s) seqbad=0 len_bad=0 disc=0(0x00) | tot_n=21400 tot_to=0 maxever=69367 >2ms=21400 >5ms=21392 >15ms=5611 >20ms=5339 >30ms=433 | probes=21401 wrfail=0 down=4s maxout=4s
 413.077  t=411s RTT mean=22543 min=11911 max=31664 n=38 to=0 | cancels=0(+0/s) seqbad=0 len_bad=0 disc=0(0x00) | tot_n=21438 tot_to=0 maxever=69367 >2ms=21438 >5ms=21430 >15ms=5638 >20ms=5365 >30ms=434 | probes=21439 wrfail=0 down=4s maxout=4s
 415.003  t=412s RTT mean=22503 min=11912 max=28010 n=40 to=0 | cancels=0(+0/s) seqbad=0 len_bad=0 disc=0(0x00) | tot_n=21478 tot_to=0 maxever=69367 >2ms=21478 >5ms=21470 >15ms=5667 >20ms=5393 >30ms=434 | probes=21479 wrfail=0 down=4s maxout=4s
 415.063  t=413s RTT mean=22579 min=11911 max=31664 n=38 to=0 | cancels=0(+0/s) seqbad=0 len_bad=0 disc=0(0x00) | tot_n=21516 tot_to=0 maxever=69367 >2ms=21516 >5ms=21508 >15ms=5693 >20ms=5419 >30ms=436 | probes=21517 wrfail=0 down=4s maxout=4s
 417.026  t=414s RTT mean=22571 min=11911 max=28104 n=40 to=0 | cancels=0(+0/s) seqbad=0 len_bad=0 disc=0(0x00) | tot_n=21556 tot_to=0 maxever=69367 >2ms=21556 >5ms=21548 >15ms=5721 >20ms=5447 >30ms=436 | probes=21556 wrfail=0 down=4s maxout=4s
 417.086  t=415s RTT mean=22565 min=11911 max=34155 n=38 to=0 | cancels=0(+0/s) seqbad=0 len_bad=0 disc=0(0x00) | tot_n=21594 tot_to=0 maxever=69367 >2ms=21594 >5ms=21586 >15ms=5748 >20ms=5473 >30ms=437 | probes=21595 wrfail=0 down=4s maxout=4s
 419.055  t=416s RTT mean=22542 min=8237 max=32967 n=40 to=0 | cancels=0(+0/s) seqbad=0 len_bad=0 disc=0(0x00) | tot_n=21634 tot_to=0 maxever=69367 >2ms=21634 >5ms=21626 >15ms=5776 >20ms=5501 >30ms=438 | probes=21634 wrfail=0 down=4s maxout=4s
 419.055  t=417s RTT mean=22527 min=11911 max=29304 n=39 to=0 | cancels=0(+0/s) seqbad=0 len_bad=0 disc=0(0x00) | tot_n=21673 tot_to=0 maxever=69367 >2ms=21673 >5ms=21665 >15ms=5803 >20ms=5528 >30ms=438 | probes=21673 wrfail=0 down=4s maxout=4s
 421.060  t=418s RTT mean=22470 min=11911 max=34406 n=38 to=0 | cancels=0(+0/s) seqbad=0 len_bad=0 disc=0(0x00) | tot_n=21711 tot_to=0 maxever=69367 >2ms=21711 >5ms=21703 >15ms=5830 >20ms=5554 >30ms=439 | probes=21712 wrfail=0 down=4s maxout=4s
 421.060  t=419s RTT mean=22533 min=10634 max=31664 n=39 to=0 | cancels=0(+0/s) seqbad=0 len_bad=0 disc=0(0x00) | tot_n=21750 tot_to=0 maxever=69367 >2ms=21750 >5ms=21742 >15ms=5857 >20ms=5581 >30ms=440 | probes=21751 wrfail=0 down=4s maxout=4s
 423.020  t=420s RTT mean=22515 min=5779 max=33117 n=40 to=0 | cancels=0(+0/s) seqbad=0 len_bad=0 disc=0(0x00) | tot_n=21790 tot_to=0 maxever=69367 >2ms=21790 >5ms=21782 >15ms=5886 >20ms=5609 >30ms=441 | probes=21791 wrfail=0 down=4s maxout=4s
 423.080  t=421s RTT mean=22516 min=9430 max=32011 n=39 to=0 | cancels=0(+0/s) seqbad=0 len_bad=0 disc=0(0x00) | tot_n=21829 tot_to=0 maxever=69367 >2ms=21829 >5ms=21821 >15ms=5913 >20ms=5636 >30ms=442 | probes=21830 wrfail=0 down=4s maxout=4s
 425.038  t=422s RTT mean=22466 min=11911 max=30666 n=39 to=0 | cancels=0(+0/s) seqbad=0 len_bad=0 disc=0(0x00) | tot_n=21868 tot_to=0 maxever=69367 >2ms=21868 >5ms=21860 >15ms=5941 >20ms=5663 >30ms=443 | probes=21869 wrfail=0 down=4s maxout=4s
 425.038  t=423s RTT mean=22630 min=11912 max=29208 n=39 to=0 | cancels=0(+0/s) seqbad=0 len_bad=0 disc=0(0x00) | tot_n=21907 tot_to=0 maxever=69367 >2ms=21907 >5ms=21899 >15ms=5969 >20ms=5691 >30ms=443 | probes=21907 wrfail=0 down=4s maxout=4s
 427.026  t=424s RTT mean=22436 min=5779 max=34313 n=39 to=0 | cancels=0(+0/s) seqbad=0 len_bad=0 disc=0(0x00) | tot_n=21946 tot_to=0 maxever=69367 >2ms=21946 >5ms=21938 >15ms=5997 >20ms=5718 >30ms=444 | probes=21947 wrfail=0 down=4s maxout=4s
 427.026  PCTL target=150 tot=2317 to=0 p50=26 p90=28 p99=34 p99.9=41 max=44 g30=85 g100=0 (ms/counts)
 427.026  LOADRAMP: cycle complete
 427.026  LOADRAMP: target=0 KBps for 60s
 427.077  t=425s RTT mean=17753 min=11911 max=34410 n=48 to=0 | cancels=0(+0/s) seqbad=0 len_bad=0 disc=0(0x00) | tot_n=21994 tot_to=0 maxever=69367 >2ms=21994 >5ms=21986 >15ms=6015 >20ms=5735 >30ms=447 | probes=21995 wrfail=0 down=4s maxout=4s
 429.047  t=426s RTT mean=11914 min=11910 max=11932 n=66 to=0 | cancels=0(+0/s) seqbad=0 len_bad=0 disc=0(0x00) | tot_n=22060 tot_to=0 maxever=69367 >2ms=22060 >5ms=22052 >15ms=6015 >20ms=5735 >30ms=447 | probes=22061 wrfail=0 down=4s maxout=4s
 429.047  t=427s RTT mean=12375 min=11809 max=26913 n=65 to=0 | cancels=0(+0/s) seqbad=0 len_bad=0 disc=0(0x00) | tot_n=22125 tot_to=0 maxever=69367 >2ms=22125 >5ms=22117 >15ms=6018 >20ms=5736 >30ms=447 | probes=22126 wrfail=0 down=4s maxout=4s
 431.037  t=428s RTT mean=11914 min=11911 max=11932 n=67 to=0 | cancels=0(+0/s) seqbad=0 len_bad=0 disc=0(0x00) | tot_n=22192 tot_to=0 maxever=69367 >2ms=22192 >5ms=22184 >15ms=6018 >20ms=5736 >30ms=447 | probes=22193 wrfail=0 down=4s maxout=4s
 431.037  t=429s RTT mean=11914 min=11910 max=11923 n=67 to=0 | cancels=0(+0/s) seqbad=0 len_bad=0 disc=0(0x00) | tot_n=22259 tot_to=0 maxever=69367 >2ms=22259 >5ms=22251 >15ms=6018 >20ms=5736 >30ms=447 | probes=22259 wrfail=0 down=4s maxout=4s
 433.032  t=430s RTT mean=11914 min=11898 max=11933 n=66 to=0 | cancels=0(+0/s) seqbad=0 len_bad=0 disc=0(0x00) | tot_n=22325 tot_to=0 maxever=69367 >2ms=22325 >5ms=22317 >15ms=6018 >20ms=5736 >30ms=447 | probes=22326 wrfail=0 down=4s maxout=4s
 433.032  t=431s RTT mean=12027 min=11911 max=19415 n=66 to=0 | cancels=0(+0/s) seqbad=0 len_bad=0 disc=0(0x00) | tot_n=22391 tot_to=0 maxever=69367 >2ms=22391 >5ms=22383 >15ms=6019 >20ms=5736 >30ms=447 | probes=22392 wrfail=0 down=4s maxout=4s
 435.062  t=432s RTT mean=11914 min=11911 max=11933 n=67 to=0 | cancels=0(+0/s) seqbad=0 len_bad=0 disc=0(0x00) | tot_n=22458 tot_to=0 maxever=69367 >2ms=22458 >5ms=22450 >15ms=6019 >20ms=5736 >30ms=447 | probes=22459 wrfail=0 down=4s maxout=4s
 435.062  t=433s RTT mean=11914 min=11911 max=11922 n=67 to=0 | cancels=0(+0/s) seqbad=0 len_bad=0 disc=0(0x00) | tot_n=22525 tot_to=0 maxever=69367 >2ms=22525 >5ms=22517 >15ms=6019 >20ms=5736 >30ms=447 | probes=22526 wrfail=0 down=4s maxout=4s
 437.014  t=434s RTT mean=11914 min=11910 max=11925 n=66 to=0 | cancels=0(+0/s) seqbad=0 len_bad=0 disc=0(0x00) | tot_n=22591 tot_to=0 maxever=69367 >2ms=22591 >5ms=22583 >15ms=6019 >20ms=5736 >30ms=447 | probes=22592 wrfail=0 down=4s maxout=4s
 437.074  t=435s RTT mean=11914 min=11910 max=11923 n=67 to=0 | cancels=0(+0/s) seqbad=0 len_bad=0 disc=0(0x00) | tot_n=22658 tot_to=0 maxever=69367 >2ms=22658 >5ms=22650 >15ms=6019 >20ms=5736 >30ms=447 | probes=22659 wrfail=0 down=4s maxout=4s
 439.006  t=436s RTT mean=11914 min=11911 max=11932 n=67 to=0 | cancels=0(+0/s) seqbad=0 len_bad=0 disc=0(0x00) | tot_n=22725 tot_to=0 maxever=69367 >2ms=22725 >5ms=22717 >15ms=6019 >20ms=5736 >30ms=447 | probes=22726 wrfail=0 down=4s maxout=4s
 439.064  t=437s RTT mean=11914 min=11911 max=11947 n=66 to=0 | cancels=0(+0/s) seqbad=0 len_bad=0 disc=0(0x00) | tot_n=22791 tot_to=0 maxever=69367 >2ms=22791 >5ms=22783 >15ms=6019 >20ms=5736 >30ms=447 | probes=22792 wrfail=0 down=4s maxout=4s
 441.025  t=438s RTT mean=11915 min=11911 max=11947 n=67 to=0 | cancels=0(+0/s) seqbad=0 len_bad=0 disc=0(0x00) | tot_n=22858 tot_to=0 maxever=69367 >2ms=22858 >5ms=22850 >15ms=6019 >20ms=5736 >30ms=447 | probes=22859 wrfail=0 down=4s maxout=4s
 441.025  t=439s RTT mean=11915 min=11911 max=11948 n=67 to=0 | cancels=0(+0/s) seqbad=0 len_bad=0 disc=0(0x00) | tot_n=22925 tot_to=0 maxever=69367 >2ms=22925 >5ms=22917 >15ms=6019 >20ms=5736 >30ms=447 | probes=22926 wrfail=0 down=4s maxout=4s
 443.033  t=440s RTT mean=11914 min=11660 max=12166 n=66 to=0 | cancels=0(+0/s) seqbad=0 len_bad=0 disc=0(0x00) | tot_n=22991 tot_to=0 maxever=69367 >2ms=22991 >5ms=22983 >15ms=6019 >20ms=5736 >30ms=447 | probes=22992 wrfail=0 down=4s maxout=4s
 443.034  t=441s RTT mean=11915 min=11911 max=11947 n=67 to=0 | cancels=0(+0/s) seqbad=0 len_bad=0 disc=0(0x00) | tot_n=23058 tot_to=0 maxever=69367 >2ms=23058 >5ms=23050 >15ms=6019 >20ms=5736 >30ms=447 | probes=23059 wrfail=0 down=4s maxout=4s
 445.037  t=442s RTT mean=11915 min=11911 max=11947 n=67 to=0 | cancels=0(+0/s) seqbad=0 len_bad=0 disc=0(0x00) | tot_n=23125 tot_to=0 maxever=69367 >2ms=23125 >5ms=23117 >15ms=6019 >20ms=5736 >30ms=447 | probes=23126 wrfail=0 down=4s maxout=4s
 445.038  t=443s RTT mean=11914 min=11911 max=11947 n=66 to=0 | cancels=0(+0/s) seqbad=0 len_bad=0 disc=0(0x00) | tot_n=23191 tot_to=0 maxever=69367 >2ms=23191 >5ms=23183 >15ms=6019 >20ms=5736 >30ms=447 | probes=23192 wrfail=0 down=4s maxout=4s
 447.049  t=444s RTT mean=11915 min=11691 max=12168 n=67 to=0 | cancels=0(+0/s) seqbad=0 len_bad=0 disc=0(0x00) | tot_n=23258 tot_to=0 maxever=69367 >2ms=23258 >5ms=23250 >15ms=6019 >20ms=5736 >30ms=447 | probes=23259 wrfail=0 down=4s maxout=4s
 447.049  t=445s RTT mean=12618 min=11911 max=26914 n=64 to=0 | cancels=0(+0/s) seqbad=0 len_bad=0 disc=0(0x00) | tot_n=23322 tot_to=0 maxever=69367 >2ms=23322 >5ms=23314 >15ms=6024 >20ms=5737 >30ms=447 | probes=23323 wrfail=0 down=4s maxout=4s
 449.039  t=446s RTT mean=12866 min=11910 max=26916 n=63 to=0 | cancels=0(+0/s) seqbad=0 len_bad=0 disc=0(0x00) | tot_n=23385 tot_to=0 maxever=69367 >2ms=23385 >5ms=23377 >15ms=6031 >20ms=5738 >30ms=447 | probes=23385 wrfail=0 down=4s maxout=4s
 449.039  t=447s RTT mean=12882 min=11911 max=19415 n=62 to=0 | cancels=0(+0/s) seqbad=0 len_bad=0 disc=0(0x00) | tot_n=23447 tot_to=0 maxever=69367 >2ms=23447 >5ms=23439 >15ms=6039 >20ms=5738 >30ms=447 | probes=23448 wrfail=0 down=4s maxout=4s
