   1.845  t=1s RTT mean=0 min=0 max=0 n=0 to=0 | cancels=0(+0/s) seqbad=0 len_bad=0 disc=0(0x00) | tot_n=0 tot_to=0 maxever=0 >2ms=0 >5ms=0 >15ms=0 >20ms=0 >30ms=0 | probes=0 wrfail=0 down=1s maxout=1s
   1.845  Q2CONN AA=367640f5 CRCINIT=88d259 hop=5 chan_count=37 map=ffffffff1f
   1.845  GAP connected interval=7500
   1.845  MTU err=0 mtu=247
   1.906  t=2s RTT mean=0 min=0 max=0 n=0 to=0 | cancels=0(+0/s) seqbad=0 len_bad=0 disc=0(0x00) | tot_n=0 tot_to=0 maxever=0 >2ms=0 >5ms=0 >15ms=0 >20ms=0 >30ms=0 | probes=0 wrfail=0 down=2s maxout=2s
   2.081  *** Booting Zephyr OS build v4.4.2-16-gfee9fbc62095 ***
   2.081  [00:55:04.117,416] [0m<inf> bt_hci_core: HW Platform: Nordic Semiconductor (0x0002)[0m
   2.081  [00:55:04.117,429] [0m<inf> bt_hci_core: HW Variant: nRF54Lx (0x0005)[0m
   2.081  [00:55:04.117,441] [0m<inf> bt_hci_core: Firmware: Standard Bluetooth controller (0x00) Version 4.4 Build 2[0m
   2.081  [00:55:04.117,792] [0m<inf> bt_hci_core: HCI transport: Controller[0m
   2.081  [00:55:04.117,839] [0m<inf> bt_hci_core: Identity: FC:BE:FF:FA:E6:8B (random)[0m
   2.081  [00:55:04.117,855] [0m<inf> bt_hci_core: HCI: version 5.4 (0x0d) revision 0x0000, manufacturer 0x05f1[0m
   2.081  [00:55:04.117,869] [0m<inf> bt_hci_core: LMP: version 5.4 (0x0d) subver 0xffff[0m
   2.081  
   2.139  === nRF54L15 RTT ping-pong CENTRAL ===
   2.140  scan rc=0
   4.060  t=1s RTT mean=0 min=0 max=0 n=0 to=0 | cancels=0(+0/s) seqbad=0 len_bad=0 disc=0(0x00) | tot_n=0 tot_to=0 maxever=0 >2ms=0 >5ms=0 >15ms=0 >20ms=0 >30ms=0 | probes=0 wrfail=0 down=1s maxout=1s
   4.060  t=2s RTT mean=0 min=0 max=0 n=0 to=0 | cancels=0(+0/s) seqbad=0 len_bad=0 disc=0(0x00) | tot_n=0 tot_to=0 maxever=0 >2ms=0 >5ms=0 >15ms=0 >20ms=0 >30ms=0 | probes=0 wrfail=0 down=2s maxout=2s
   6.076  t=3s RTT mean=0 min=0 max=0 n=0 to=0 | cancels=0(+0/s) seqbad=0 len_bad=0 disc=0(0x00) | tot_n=0 tot_to=0 maxever=0 >2ms=0 >5ms=0 >15ms=0 >20ms=0 >30ms=0 | probes=0 wrfail=0 down=3s maxout=3s
   6.076  Q2CONN AA=14caeb36 CRCINIT=1a0dc5 hop=11 chan_count=37 map=ffffffff1f
   6.076  GAP connected interval=7500
   6.076  MTU err=0 mtu=247
   6.076  t=4s RTT mean=0 min=0 max=0 n=0 to=0 | cancels=0(+0/s) seqbad=0 len_bad=0 disc=0(0x00) | tot_n=0 tot_to=0 maxever=0 >2ms=0 >5ms=0 >15ms=0 >20ms=0 >30ms=0 | probes=0 wrfail=0 down=4s maxout=4s
   6.076  PHY tx=2 rx=2
   7.552  discovery start (post-PHY +500ms) interval=7500 phy2m=1
   7.553  SUBSCRIBED, vh=14
   7.613  LOADRAMP: bulk char handle=17
   7.613  LOADRAMP: target=0 KBps for 60s
   7.613  t=5s RTT mean=11787 min=8607 max=11923 n=26 to=0 | cancels=0(+0/s) seqbad=0 len_bad=0 disc=0(0x00) | tot_n=26 tot_to=0 maxever=11923 >2ms=26 >5ms=26 >15ms=0 >20ms=0 >30ms=0 | probes=27 wrfail=0 down=4s maxout=4s
   9.043  t=6s RTT mean=11915 min=11912 max=11933 n=67 to=0 | cancels=0(+0/s) seqbad=0 len_bad=0 disc=0(0x00) | tot_n=93 tot_to=0 maxever=11933 >2ms=93 >5ms=93 >15ms=0 >20ms=0 >30ms=0 | probes=94 wrfail=0 down=4s maxout=4s
   9.098  t=7s RTT mean=11915 min=11912 max=11923 n=66 to=0 | cancels=0(+0/s) seqbad=0 len_bad=0 disc=0(0x00) | tot_n=159 tot_to=0 maxever=11933 >2ms=159 >5ms=159 >15ms=0 >20ms=0 >30ms=0 | probes=160 wrfail=0 down=4s maxout=4s
  10.618  FSU: request [150..150] us (ACL both dirs, 1M+2M) rc=0
  10.618  t=8s RTT mean=11915 min=11874 max=11962 n=67 to=0 | cancels=0(+0/s) seqbad=0 len_bad=0 disc=0(0x00) | tot_n=226 tot_to=0 maxever=11962 >2ms=226 >5ms=226 >15ms=0 >20ms=0 >30ms=0 | probes=227 wrfail=0 down=4s maxout=4s
  12.096  t=9s RTT mean=11915 min=11912 max=11932 n=67 to=0 | cancels=0(+0/s) seqbad=0 len_bad=0 disc=0(0x00) | tot_n=293 tot_to=0 maxever=11962 >2ms=293 >5ms=293 >15ms=0 >20ms=0 >30ms=0 | probes=294 wrfail=0 down=4s maxout=4s
  12.096  t=10s RTT mean=11915 min=11912 max=11923 n=66 to=0 | cancels=0(+0/s) seqbad=0 len_bad=0 disc=0(0x00) | tot_n=359 tot_to=0 maxever=11962 >2ms=359 >5ms=359 >15ms=0 >20ms=0 >30ms=0 | probes=360 wrfail=0 down=4s maxout=4s
  14.044  t=11s RTT mean=11915 min=11842 max=11993 n=67 to=0 | cancels=0(+0/s) seqbad=0 len_bad=0 disc=0(0x00) | tot_n=426 tot_to=0 maxever=11993 >2ms=426 >5ms=426 >15ms=0 >20ms=0 >30ms=0 | probes=427 wrfail=0 down=4s maxout=4s
  14.104  t=12s RTT mean=11915 min=11912 max=11924 n=67 to=0 | cancels=0(+0/s) seqbad=0 len_bad=0 disc=0(0x00) | tot_n=493 tot_to=0 maxever=11993 >2ms=493 >5ms=493 >15ms=0 >20ms=0 >30ms=0 | probes=494 wrfail=0 down=4s maxout=4s
  16.054  t=13s RTT mean=11915 min=11900 max=11934 n=67 to=0 | cancels=0(+0/s) seqbad=0 len_bad=0 disc=0(0x00) | tot_n=560 tot_to=0 maxever=11993 >2ms=560 >5ms=560 >15ms=0 >20ms=0 >30ms=0 | probes=560 wrfail=0 down=4s maxout=4s
  16.114  t=14s RTT mean=11914 min=11912 max=11923 n=66 to=0 | cancels=0(+0/s) seqbad=0 len_bad=0 disc=0(0x00) | tot_n=626 tot_to=0 maxever=11993 >2ms=626 >5ms=626 >15ms=0 >20ms=0 >30ms=0 | probes=627 wrfail=0 down=4s maxout=4s
  18.061  t=15s RTT mean=11915 min=11912 max=11932 n=67 to=0 | cancels=0(+0/s) seqbad=0 len_bad=0 disc=0(0x00) | tot_n=693 tot_to=0 maxever=11993 >2ms=693 >5ms=693 >15ms=0 >20ms=0 >30ms=0 | probes=694 wrfail=0 down=4s maxout=4s
  18.061  t=16s RTT mean=11915 min=11912 max=11923 n=67 to=0 | cancels=0(+0/s) seqbad=0 len_bad=0 disc=0(0x00) | tot_n=760 tot_to=0 maxever=11993 >2ms=760 >5ms=760 >15ms=0 >20ms=0 >30ms=0 | probes=760 wrfail=0 down=4s maxout=4s
  20.062  t=17s RTT mean=11915 min=11912 max=11934 n=66 to=0 | cancels=0(+0/s) seqbad=0 len_bad=0 disc=0(0x00) | tot_n=826 tot_to=0 maxever=11993 >2ms=826 >5ms=826 >15ms=0 >20ms=0 >30ms=0 | probes=827 wrfail=0 down=4s maxout=4s
  20.062  t=18s RTT mean=11915 min=11912 max=11923 n=67 to=0 | cancels=0(+0/s) seqbad=0 len_bad=0 disc=0(0x00) | tot_n=893 tot_to=0 maxever=11993 >2ms=893 >5ms=893 >15ms=0 >20ms=0 >30ms=0 | probes=894 wrfail=0 down=4s maxout=4s
  22.078  t=19s RTT mean=11915 min=11911 max=11933 n=67 to=0 | cancels=0(+0/s) seqbad=0 len_bad=0 disc=0(0x00) | tot_n=960 tot_to=0 maxever=11993 >2ms=960 >5ms=960 >15ms=0 >20ms=0 >30ms=0 | probes=960 wrfail=0 down=4s maxout=4s
  22.079  t=20s RTT mean=11915 min=11911 max=11923 n=66 to=0 | cancels=0(+0/s) seqbad=0 len_bad=0 disc=0(0x00) | tot_n=1026 tot_to=0 maxever=11993 >2ms=1026 >5ms=1026 >15ms=0 >20ms=0 >30ms=0 | probes=1027 wrfail=0 down=4s maxout=4s
  24.045  t=21s RTT mean=11915 min=11905 max=11933 n=67 to=0 | cancels=0(+0/s) seqbad=0 len_bad=0 disc=0(0x00) | tot_n=1093 tot_to=0 maxever=11993 >2ms=1093 >5ms=1093 >15ms=0 >20ms=0 >30ms=0 | probes=1094 wrfail=0 down=4s maxout=4s
  24.106  t=22s RTT mean=11915 min=11912 max=11924 n=67 to=0 | cancels=0(+0/s) seqbad=0 len_bad=0 disc=0(0x00) | tot_n=1160 tot_to=0 maxever=11993 >2ms=1160 >5ms=1160 >15ms=0 >20ms=0 >30ms=0 | probes=1160 wrfail=0 down=4s maxout=4s
  26.056  t=23s RTT mean=11915 min=11912 max=11933 n=66 to=0 | cancels=0(+0/s) seqbad=0 len_bad=0 disc=0(0x00) | tot_n=1226 tot_to=0 maxever=11993 >2ms=1226 >5ms=1226 >15ms=0 >20ms=0 >30ms=0 | probes=1227 wrfail=0 down=4s maxout=4s
  26.117  t=24s RTT mean=11915 min=11911 max=11923 n=67 to=0 | cancels=0(+0/s) seqbad=0 len_bad=0 disc=0(0x00) | tot_n=1293 tot_to=0 maxever=11993 >2ms=1293 >5ms=1293 >15ms=0 >20ms=0 >30ms=0 | probes=1294 wrfail=0 down=4s maxout=4s
  28.091  t=25s RTT mean=11915 min=11911 max=11924 n=67 to=0 | cancels=0(+0/s) seqbad=0 len_bad=0 disc=0(0x00) | tot_n=1360 tot_to=0 maxever=11993 >2ms=1360 >5ms=1360 >15ms=0 >20ms=0 >30ms=0 | probes=1360 wrfail=0 down=4s maxout=4s
  28.091  t=26s RTT mean=11915 min=11900 max=11934 n=66 to=0 | cancels=0(+0/s) seqbad=0 len_bad=0 disc=0(0x00) | tot_n=1426 tot_to=0 maxever=11993 >2ms=1426 >5ms=1426 >15ms=0 >20ms=0 >30ms=0 | probes=1427 wrfail=0 down=4s maxout=4s
  30.057  t=27s RTT mean=11916 min=11912 max=11948 n=67 to=0 | cancels=0(+0/s) seqbad=0 len_bad=0 disc=0(0x00) | tot_n=1493 tot_to=0 maxever=11993 >2ms=1493 >5ms=1493 >15ms=0 >20ms=0 >30ms=0 | probes=1494 wrfail=0 down=4s maxout=4s
  30.110  t=28s RTT mean=11916 min=11912 max=11948 n=67 to=0 | cancels=0(+0/s) seqbad=0 len_bad=0 disc=0(0x00) | tot_n=1560 tot_to=0 maxever=11993 >2ms=1560 >5ms=1560 >15ms=0 >20ms=0 >30ms=0 | probes=1560 wrfail=0 down=4s maxout=4s
  32.047  t=29s RTT mean=11916 min=11912 max=11948 n=66 to=0 | cancels=0(+0/s) seqbad=0 len_bad=0 disc=0(0x00) | tot_n=1626 tot_to=0 maxever=11993 >2ms=1626 >5ms=1626 >15ms=0 >20ms=0 >30ms=0 | probes=1627 wrfail=0 down=4s maxout=4s
  32.107  t=30s RTT mean=11916 min=11912 max=11948 n=67 to=0 | cancels=0(+0/s) seqbad=0 len_bad=0 disc=0(0x00) | tot_n=1693 tot_to=0 maxever=11993 >2ms=1693 >5ms=1693 >15ms=0 >20ms=0 >30ms=0 | probes=1694 wrfail=0 down=4s maxout=4s
  34.053  t=31s RTT mean=11916 min=11912 max=11948 n=67 to=0 | cancels=0(+0/s) seqbad=0 len_bad=0 disc=0(0x00) | tot_n=1760 tot_to=0 maxever=11993 >2ms=1760 >5ms=1760 >15ms=0 >20ms=0 >30ms=0 | probes=1761 wrfail=0 down=4s maxout=4s
  34.113  t=32s RTT mean=11915 min=11912 max=11948 n=66 to=0 | cancels=0(+0/s) seqbad=0 len_bad=0 disc=0(0x00) | tot_n=1826 tot_to=0 maxever=11993 >2ms=1826 >5ms=1826 >15ms=0 >20ms=0 >30ms=0 | probes=1827 wrfail=0 down=4s maxout=4s
  36.063  t=33s RTT mean=11916 min=11912 max=11948 n=67 to=0 | cancels=0(+0/s) seqbad=0 len_bad=0 disc=0(0x00) | tot_n=1893 tot_to=0 maxever=11993 >2ms=1893 >5ms=1893 >15ms=0 >20ms=0 >30ms=0 | probes=1894 wrfail=0 down=4s maxout=4s
  36.123  t=34s RTT mean=11915 min=11912 max=11937 n=67 to=0 | cancels=0(+0/s) seqbad=0 len_bad=0 disc=0(0x00) | tot_n=1960 tot_to=0 maxever=11993 >2ms=1960 >5ms=1960 >15ms=0 >20ms=0 >30ms=0 | probes=1961 wrfail=0 down=4s maxout=4s
  38.080  t=35s RTT mean=11915 min=11911 max=11932 n=66 to=0 | cancels=0(+0/s) seqbad=0 len_bad=0 disc=0(0x00) | tot_n=2026 tot_to=0 maxever=11993 >2ms=2026 >5ms=2026 >15ms=0 >20ms=0 >30ms=0 | probes=2027 wrfail=0 down=4s maxout=4s
  38.080  t=36s RTT mean=11915 min=11912 max=11923 n=67 to=0 | cancels=0(+0/s) seqbad=0 len_bad=0 disc=0(0x00) | tot_n=2093 tot_to=0 maxever=11993 >2ms=2093 >5ms=2093 >15ms=0 >20ms=0 >30ms=0 | probes=2094 wrfail=0 down=4s maxout=4s
  40.100  t=37s RTT mean=11915 min=11911 max=11924 n=67 to=0 | cancels=0(+0/s) seqbad=0 len_bad=0 disc=0(0x00) | tot_n=2160 tot_to=0 maxever=11993 >2ms=2160 >5ms=2160 >15ms=0 >20ms=0 >30ms=0 | probes=2161 wrfail=0 down=4s maxout=4s
  40.100  t=38s RTT mean=11915 min=11900 max=11934 n=66 to=0 | cancels=0(+0/s) seqbad=0 len_bad=0 disc=0(0x00) | tot_n=2226 tot_to=0 maxever=11993 >2ms=2226 >5ms=2226 >15ms=0 >20ms=0 >30ms=0 | probes=2227 wrfail=0 down=4s maxout=4s
  42.096  t=39s RTT mean=11915 min=11911 max=11933 n=67 to=0 | cancels=0(+0/s) seqbad=0 len_bad=0 disc=0(0x00) | tot_n=2293 tot_to=0 maxever=11993 >2ms=2293 >5ms=2293 >15ms=0 >20ms=0 >30ms=0 | probes=2294 wrfail=0 down=4s maxout=4s
  42.096  t=40s RTT mean=11915 min=11912 max=11923 n=67 to=0 | cancels=0(+0/s) seqbad=0 len_bad=0 disc=0(0x00) | tot_n=2360 tot_to=0 maxever=11993 >2ms=2360 >5ms=2360 >15ms=0 >20ms=0 >30ms=0 | probes=2361 wrfail=0 down=4s maxout=4s
  44.098  t=41s RTT mean=11915 min=11911 max=11933 n=66 to=0 | cancels=0(+0/s) seqbad=0 len_bad=0 disc=0(0x00) | tot_n=2426 tot_to=0 maxever=11993 >2ms=2426 >5ms=2426 >15ms=0 >20ms=0 >30ms=0 | probes=2427 wrfail=0 down=4s maxout=4s
  44.098  t=42s RTT mean=11915 min=11883 max=11955 n=67 to=0 | cancels=0(+0/s) seqbad=0 len_bad=0 disc=0(0x00) | tot_n=2493 tot_to=0 maxever=11993 >2ms=2493 >5ms=2493 >15ms=0 >20ms=0 >30ms=0 | probes=2494 wrfail=0 down=4s maxout=4s
  46.103  t=43s RTT mean=11915 min=11912 max=11932 n=67 to=0 | cancels=0(+0/s) seqbad=0 len_bad=0 disc=0(0x00) | tot_n=2560 tot_to=0 maxever=11993 >2ms=2560 >5ms=2560 >15ms=0 >20ms=0 >30ms=0 | probes=2561 wrfail=0 down=4s maxout=4s
  46.103  t=44s RTT mean=11915 min=11912 max=11923 n=67 to=0 | cancels=0(+0/s) seqbad=0 len_bad=0 disc=0(0x00) | tot_n=2627 tot_to=0 maxever=11993 >2ms=2627 >5ms=2627 >15ms=0 >20ms=0 >30ms=0 | probes=2627 wrfail=0 down=4s maxout=4s
  48.067  t=45s RTT mean=11915 min=11912 max=11933 n=66 to=0 | cancels=0(+0/s) seqbad=0 len_bad=0 disc=0(0x00) | tot_n=2693 tot_to=0 maxever=11993 >2ms=2693 >5ms=2693 >15ms=0 >20ms=0 >30ms=0 | probes=2694 wrfail=0 down=4s maxout=4s
  48.067  t=46s RTT mean=11915 min=11912 max=11924 n=67 to=0 | cancels=0(+0/s) seqbad=0 len_bad=0 disc=0(0x00) | tot_n=2760 tot_to=0 maxever=11993 >2ms=2760 >5ms=2760 >15ms=0 >20ms=0 >30ms=0 | probes=2761 wrfail=0 down=4s maxout=4s
  50.089  t=47s RTT mean=11915 min=11911 max=11933 n=67 to=0 | cancels=0(+0/s) seqbad=0 len_bad=0 disc=0(0x00) | tot_n=2827 tot_to=0 maxever=11993 >2ms=2827 >5ms=2827 >15ms=0 >20ms=0 >30ms=0 | probes=2827 wrfail=0 down=4s maxout=4s
  50.089  t=48s RTT mean=11915 min=11912 max=11924 n=66 to=0 | cancels=0(+0/s) seqbad=0 len_bad=0 disc=0(0x00) | tot_n=2893 tot_to=0 maxever=11993 >2ms=2893 >5ms=2893 >15ms=0 >20ms=0 >30ms=0 | probes=2894 wrfail=0 down=4s maxout=4s
  52.064  t=49s RTT mean=11915 min=11900 max=11933 n=66 to=0 | cancels=0(+0/s) seqbad=0 len_bad=0 disc=0(0x00) | tot_n=2959 tot_to=0 maxever=11993 >2ms=2959 >5ms=2959 >15ms=0 >20ms=0 >30ms=0 | probes=2960 wrfail=0 down=4s maxout=4s
  52.116  t=50s RTT mean=12027 min=11911 max=19415 n=67 to=0 | cancels=0(+0/s) seqbad=0 len_bad=0 disc=0(0x00) | tot_n=3026 tot_to=0 maxever=19415 >2ms=3026 >5ms=3026 >15ms=1 >20ms=0 >30ms=0 | probes=3027 wrfail=0 down=4s maxout=4s
  54.067  t=51s RTT mean=11915 min=11912 max=11923 n=67 to=0 | cancels=0(+0/s) seqbad=0 len_bad=0 disc=0(0x00) | tot_n=3093 tot_to=0 maxever=19415 >2ms=3093 >5ms=3093 >15ms=1 >20ms=0 >30ms=0 | probes=3094 wrfail=0 down=4s maxout=4s
  54.067  t=52s RTT mean=11915 min=11911 max=11923 n=66 to=0 | cancels=0(+0/s) seqbad=0 len_bad=0 disc=0(0x00) | tot_n=3159 tot_to=0 maxever=19415 >2ms=3159 >5ms=3159 >15ms=1 >20ms=0 >30ms=0 | probes=3160 wrfail=0 down=4s maxout=4s
  56.080  t=53s RTT mean=11915 min=11911 max=11933 n=67 to=0 | cancels=0(+0/s) seqbad=0 len_bad=0 disc=0(0x00) | tot_n=3226 tot_to=0 maxever=19415 >2ms=3226 >5ms=3226 >15ms=1 >20ms=0 >30ms=0 | probes=3227 wrfail=0 down=4s maxout=4s
  56.080  t=54s RTT mean=11915 min=11912 max=11924 n=67 to=0 | cancels=0(+0/s) seqbad=0 len_bad=0 disc=0(0x00) | tot_n=3293 tot_to=0 maxever=19415 >2ms=3293 >5ms=3293 >15ms=1 >20ms=0 >30ms=0 | probes=3294 wrfail=0 down=4s maxout=4s
  58.095  t=55s RTT mean=11915 min=11899 max=11934 n=66 to=0 | cancels=0(+0/s) seqbad=0 len_bad=0 disc=0(0x00) | tot_n=3359 tot_to=0 maxever=19415 >2ms=3359 >5ms=3359 >15ms=1 >20ms=0 >30ms=0 | probes=3360 wrfail=0 down=4s maxout=4s
  58.095  t=56s RTT mean=11915 min=11912 max=11923 n=67 to=0 | cancels=0(+0/s) seqbad=0 len_bad=0 disc=0(0x00) | tot_n=3426 tot_to=0 maxever=19415 >2ms=3426 >5ms=3426 >15ms=1 >20ms=0 >30ms=0 | probes=3427 wrfail=0 down=4s maxout=4s
  60.061  t=57s RTT mean=11915 min=11911 max=11932 n=67 to=0 | cancels=0(+0/s) seqbad=0 len_bad=0 disc=0(0x00) | tot_n=3493 tot_to=0 maxever=19415 >2ms=3493 >5ms=3493 >15ms=1 >20ms=0 >30ms=0 | probes=3494 wrfail=0 down=4s maxout=4s
  60.121  t=58s RTT mean=11915 min=11912 max=11923 n=66 to=0 | cancels=0(+0/s) seqbad=0 len_bad=0 disc=0(0x00) | tot_n=3559 tot_to=0 maxever=19415 >2ms=3559 >5ms=3559 >15ms=1 >20ms=0 >30ms=0 | probes=3560 wrfail=0 down=4s maxout=4s
  62.058  t=59s RTT mean=11915 min=11824 max=12013 n=67 to=0 | cancels=0(+0/s) seqbad=0 len_bad=0 disc=0(0x00) | tot_n=3626 tot_to=0 maxever=19415 >2ms=3626 >5ms=3626 >15ms=1 >20ms=0 >30ms=0 | probes=3627 wrfail=0 down=4s maxout=4s
  62.119  t=60s RTT mean=11915 min=11468 max=12362 n=67 to=0 | cancels=0(+0/s) seqbad=0 len_bad=0 disc=0(0x00) | tot_n=3693 tot_to=0 maxever=19415 >2ms=3693 >5ms=3693 >15ms=1 >20ms=0 >30ms=0 | probes=3694 wrfail=0 down=4s maxout=4s
  64.064  t=61s RTT mean=11915 min=11911 max=11932 n=67 to=0 | cancels=0(+0/s) seqbad=0 len_bad=0 disc=0(0x00) | tot_n=3760 tot_to=0 maxever=19415 >2ms=3760 >5ms=3760 >15ms=1 >20ms=0 >30ms=0 | probes=3760 wrfail=0 down=4s maxout=4s
  64.124  t=62s RTT mean=11915 min=11912 max=11945 n=66 to=0 | cancels=0(+0/s) seqbad=0 len_bad=0 disc=0(0x00) | tot_n=3826 tot_to=0 maxever=19415 >2ms=3826 >5ms=3826 >15ms=1 >20ms=0 >30ms=0 | probes=3827 wrfail=0 down=4s maxout=4s
  66.073  t=63s RTT mean=11915 min=11912 max=11932 n=67 to=0 | cancels=0(+0/s) seqbad=0 len_bad=0 disc=0(0x00) | tot_n=3893 tot_to=0 maxever=19415 >2ms=3893 >5ms=3893 >15ms=1 >20ms=0 >30ms=0 | probes=3894 wrfail=0 down=4s maxout=4s
  66.073  t=64s RTT mean=11915 min=11912 max=11923 n=67 to=0 | cancels=0(+0/s) seqbad=0 len_bad=0 disc=0(0x00) | tot_n=3960 tot_to=0 maxever=19415 >2ms=3960 >5ms=3960 >15ms=1 >20ms=0 >30ms=0 | probes=3960 wrfail=0 down=4s maxout=4s
  67.786  PCTL target=0 tot=4001 to=0 p50=11 p90=11 p99=11 p99.9=11 max=19 g30=0 g100=0 (ms/counts)
  67.786  LOADRAMP: target=25 KBps for 60s
  67.786  t=65s RTT mean=12748 min=10885 max=19412 n=63 to=0 | cancels=0(+0/s) seqbad=0 len_bad=0 disc=0(0x00) | tot_n=4023 tot_to=0 maxever=19415 >2ms=4023 >5ms=4023 >15ms=8 >20ms=0 >30ms=0 | probes=4024 wrfail=0 down=4s maxout=4s
  69.072  t=66s RTT mean=12882 min=11912 max=22363 n=62 to=0 | cancels=0(+0/s) seqbad=0 len_bad=0 disc=0(0x00) | tot_n=4085 tot_to=0 maxever=22363 >2ms=4085 >5ms=4085 >15ms=16 >20ms=1 >30ms=0 | probes=4086 wrfail=0 down=4s maxout=4s
  69.072  t=67s RTT mean=12734 min=9042 max=21255 n=64 to=0 | cancels=0(+0/s) seqbad=0 len_bad=0 disc=0(0x00) | tot_n=4149 tot_to=0 maxever=22363 >2ms=4149 >5ms=4149 >15ms=23 >20ms=2 >30ms=0 | probes=4149 wrfail=0 down=4s maxout=4s
  71.062  t=68s RTT mean=12748 min=10885 max=19412 n=63 to=0 | cancels=0(+0/s) seqbad=0 len_bad=0 disc=0(0x00) | tot_n=4212 tot_to=0 maxever=22363 >2ms=4212 >5ms=4212 >15ms=30 >20ms=2 >30ms=0 | probes=4213 wrfail=0 down=4s maxout=4s
  71.122  t=69s RTT mean=12882 min=10885 max=19416 n=62 to=0 | cancels=0(+0/s) seqbad=0 len_bad=0 disc=0(0x00) | tot_n=4274 tot_to=0 maxever=22363 >2ms=4274 >5ms=4274 >15ms=38 >20ms=2 >30ms=0 | probes=4275 wrfail=0 down=4s maxout=4s
  73.089  t=70s RTT mean=12735 min=10884 max=19411 n=64 to=0 | cancels=0(+0/s) seqbad=0 len_bad=0 disc=0(0x00) | tot_n=4338 tot_to=0 maxever=22363 >2ms=4338 >5ms=4338 >15ms=45 >20ms=2 >30ms=0 | probes=4338 wrfail=0 down=4s maxout=4s
  73.089  t=71s RTT mean=12748 min=10885 max=19412 n=63 to=0 | cancels=0(+0/s) seqbad=0 len_bad=0 disc=0(0x00) | tot_n=4401 tot_to=0 maxever=22363 >2ms=4401 >5ms=4401 >15ms=52 >20ms=2 >30ms=0 | probes=4402 wrfail=0 down=4s maxout=4s
  75.103  t=72s RTT mean=12882 min=11912 max=22360 n=62 to=0 | cancels=0(+0/s) seqbad=0 len_bad=0 disc=0(0x00) | tot_n=4463 tot_to=0 maxever=22363 >2ms=4463 >5ms=4463 >15ms=60 >20ms=3 >30ms=0 | probes=4464 wrfail=0 down=4s maxout=4s
  75.103  t=73s RTT mean=12734 min=7646 max=21255 n=64 to=0 | cancels=0(+0/s) seqbad=0 len_bad=0 disc=0(0x00) | tot_n=4527 tot_to=0 maxever=22363 >2ms=4527 >5ms=4527 >15ms=67 >20ms=5 >30ms=0 | probes=4527 wrfail=0 down=4s maxout=4s
  77.094  t=74s RTT mean=12748 min=9043 max=20804 n=63 to=0 | cancels=0(+0/s) seqbad=0 len_bad=0 disc=0(0x00) | tot_n=4590 tot_to=0 maxever=22363 >2ms=4590 >5ms=4590 >15ms=74 >20ms=6 >30ms=0 | probes=4591 wrfail=0 down=4s maxout=4s
  77.094  t=75s RTT mean=13003 min=11912 max=26910 n=62 to=0 | cancels=0(+0/s) seqbad=0 len_bad=0 disc=0(0x00) | tot_n=4652 tot_to=0 maxever=26910 >2ms=4652 >5ms=4652 >15ms=82 >20ms=8 >30ms=0 | probes=4653 wrfail=0 down=4s maxout=4s
  79.071  t=76s RTT mean=12867 min=10885 max=19432 n=63 to=0 | cancels=0(+0/s) seqbad=0 len_bad=0 disc=0(0x00) | tot_n=4715 tot_to=0 maxever=26910 >2ms=4715 >5ms=4715 >15ms=90 >20ms=8 >30ms=0 | probes=4715 wrfail=0 down=4s maxout=4s
  79.131  t=77s RTT mean=12882 min=11912 max=22362 n=62 to=0 | cancels=0(+0/s) seqbad=0 len_bad=0 disc=0(0x00) | tot_n=4777 tot_to=0 maxever=26910 >2ms=4777 >5ms=4777 >15ms=98 >20ms=9 >30ms=0 | probes=4778 wrfail=0 down=4s maxout=4s
  81.086  t=78s RTT mean=12735 min=10885 max=19411 n=64 to=0 | cancels=0(+0/s) seqbad=0 len_bad=0 disc=0(0x00) | tot_n=4841 tot_to=0 maxever=26910 >2ms=4841 >5ms=4841 >15ms=105 >20ms=9 >30ms=0 | probes=4841 wrfail=0 down=4s maxout=4s
  81.086  t=79s RTT mean=12748 min=10885 max=19412 n=63 to=0 | cancels=0(+0/s) seqbad=0 len_bad=0 disc=0(0x00) | tot_n=4904 tot_to=0 maxever=26910 >2ms=4904 >5ms=4904 >15ms=112 >20ms=9 >30ms=0 | probes=4904 wrfail=0 down=4s maxout=4s
  83.086  t=80s RTT mean=12882 min=11885 max=22362 n=62 to=0 | cancels=0(+0/s) seqbad=0 len_bad=0 disc=0(0x00) | tot_n=4966 tot_to=0 maxever=26910 >2ms=4966 >5ms=4966 >15ms=120 >20ms=10 >30ms=0 | probes=4967 wrfail=0 down=4s maxout=4s
  83.086  t=81s RTT mean=12734 min=10439 max=19862 n=64 to=0 | cancels=0(+0/s) seqbad=0 len_bad=0 disc=0(0x00) | tot_n=5030 tot_to=0 maxever=26910 >2ms=5030 >5ms=5030 >15ms=127 >20ms=10 >30ms=0 | probes=5030 wrfail=0 down=4s maxout=4s
  85.074  t=82s RTT mean=12748 min=10438 max=19860 n=63 to=0 | cancels=0(+0/s) seqbad=0 len_bad=0 disc=0(0x00) | tot_n=5093 tot_to=0 maxever=26910 >2ms=5093 >5ms=5093 >15ms=134 >20ms=10 >30ms=0 | probes=5094 wrfail=0 down=4s maxout=4s
  85.075  t=83s RTT mean=12882 min=11912 max=22330 n=62 to=0 | cancels=0(+0/s) seqbad=0 len_bad=0 disc=0(0x00) | tot_n=5155 tot_to=0 maxever=26910 >2ms=5155 >5ms=5155 >15ms=142 >20ms=12 >30ms=0 | probes=5156 wrfail=0 down=4s maxout=4s
  87.072  t=84s RTT mean=12735 min=9043 max=20804 n=64 to=0 | cancels=0(+0/s) seqbad=0 len_bad=0 disc=0(0x00) | tot_n=5219 tot_to=0 maxever=26910 >2ms=5219 >5ms=5219 >15ms=149 >20ms=13 >30ms=0 | probes=5219 wrfail=0 down=4s maxout=4s
  87.132  t=85s RTT mean=12748 min=9043 max=20804 n=63 to=0 | cancels=0(+0/s) seqbad=0 len_bad=0 disc=0(0x00) | tot_n=5282 tot_to=0 maxever=26910 >2ms=5282 >5ms=5282 >15ms=156 >20ms=14 >30ms=0 | probes=5283 wrfail=0 down=4s maxout=4s
  89.104  t=86s RTT mean=12883 min=11912 max=22392 n=62 to=0 | cancels=0(+0/s) seqbad=0 len_bad=0 disc=0(0x00) | tot_n=5344 tot_to=0 maxever=26910 >2ms=5344 >5ms=5344 >15ms=164 >20ms=15 >30ms=0 | probes=5345 wrfail=0 down=4s maxout=4s
  89.104  t=87s RTT mean=12734 min=10884 max=19411 n=64 to=0 | cancels=0(+0/s) seqbad=0 len_bad=0 disc=0(0x00) | tot_n=5408 tot_to=0 maxever=26910 >2ms=5408 >5ms=5408 >15ms=171 >20ms=15 >30ms=0 | probes=5408 wrfail=0 down=4s maxout=4s
  91.062  t=88s RTT mean=12748 min=10438 max=19860 n=63 to=0 | cancels=0(+0/s) seqbad=0 len_bad=0 disc=0(0x00) | tot_n=5471 tot_to=0 maxever=26910 >2ms=5471 >5ms=5471 >15ms=178 >20ms=15 >30ms=0 | probes=5472 wrfail=0 down=4s maxout=4s
  91.113  t=89s RTT mean=12882 min=11912 max=22392 n=62 to=0 | cancels=0(+0/s) seqbad=0 len_bad=0 disc=0(0x00) | tot_n=5533 tot_to=0 maxever=26910 >2ms=5533 >5ms=5533 >15ms=186 >20ms=17 >30ms=0 | probes=5534 wrfail=0 down=4s maxout=4s
  93.067  t=90s RTT mean=12735 min=10885 max=19411 n=64 to=0 | cancels=0(+0/s) seqbad=0 len_bad=0 disc=0(0x00) | tot_n=5597 tot_to=0 maxever=26910 >2ms=5597 >5ms=5597 >15ms=193 >20ms=17 >30ms=0 | probes=5597 wrfail=0 down=4s maxout=4s
  93.119  t=91s RTT mean=12748 min=10885 max=19411 n=63 to=0 | cancels=0(+0/s) seqbad=0 len_bad=0 disc=0(0x00) | tot_n=5660 tot_to=0 maxever=26910 >2ms=5660 >5ms=5660 >15ms=200 >20ms=17 >30ms=0 | probes=5661 wrfail=0 down=4s maxout=4s
  95.096  t=92s RTT mean=12882 min=11912 max=22392 n=62 to=0 | cancels=0(+0/s) seqbad=0 len_bad=0 disc=0(0x00) | tot_n=5722 tot_to=0 maxever=26910 >2ms=5722 >5ms=5722 >15ms=208 >20ms=19 >30ms=0 | probes=5723 wrfail=0 down=4s maxout=4s
  95.096  t=93s RTT mean=12734 min=10885 max=19412 n=64 to=0 | cancels=0(+0/s) seqbad=0 len_bad=0 disc=0(0x00) | tot_n=5786 tot_to=0 maxever=26910 >2ms=5786 >5ms=5786 >15ms=215 >20ms=19 >30ms=0 | probes=5786 wrfail=0 down=4s maxout=4s
  97.103  t=94s RTT mean=12748 min=9043 max=20724 n=63 to=0 | cancels=0(+0/s) seqbad=0 len_bad=0 disc=0(0x00) | tot_n=5849 tot_to=0 maxever=26910 >2ms=5849 >5ms=5849 >15ms=222 >20ms=20 >30ms=0 | probes=5850 wrfail=0 down=4s maxout=4s
  97.103  t=95s RTT mean=12867 min=11912 max=22392 n=63 to=0 | cancels=0(+0/s) seqbad=0 len_bad=0 disc=0(0x00) | tot_n=5912 tot_to=0 maxever=26910 >2ms=5912 >5ms=5912 >15ms=230 >20ms=21 >30ms=0 | probes=5912 wrfail=0 down=4s maxout=4s
  99.057  t=96s RTT mean=12748 min=10438 max=19863 n=63 to=0 | cancels=0(+0/s) seqbad=0 len_bad=0 disc=0(0x00) | tot_n=5975 tot_to=0 maxever=26910 >2ms=5975 >5ms=5975 >15ms=237 >20ms=21 >30ms=0 | probes=5976 wrfail=0 down=4s maxout=4s
  99.115  t=97s RTT mean=12747 min=10438 max=19861 n=63 to=0 | cancels=0(+0/s) seqbad=0 len_bad=0 disc=0(0x00) | tot_n=6038 tot_to=0 maxever=26910 >2ms=6038 >5ms=6038 >15ms=244 >20ms=21 >30ms=0 | probes=6039 wrfail=0 down=4s maxout=4s
 101.101  t=98s RTT mean=12867 min=11912 max=22393 n=63 to=0 | cancels=0(+0/s) seqbad=0 len_bad=0 disc=0(0x00) | tot_n=6101 tot_to=0 maxever=26910 >2ms=6101 >5ms=6101 >15ms=252 >20ms=22 >30ms=0 | probes=6101 wrfail=0 down=4s maxout=4s
 101.101  t=99s RTT mean=12747 min=10885 max=19411 n=63 to=0 | cancels=0(+0/s) seqbad=0 len_bad=0 disc=0(0x00) | tot_n=6164 tot_to=0 maxever=26910 >2ms=6164 >5ms=6164 >15ms=259 >20ms=22 >30ms=0 | probes=6165 wrfail=0 down=4s maxout=4s
 103.072  t=100s RTT mean=12748 min=9043 max=21255 n=63 to=0 | cancels=0(+0/s) seqbad=0 len_bad=0 disc=0(0x00) | tot_n=6227 tot_to=0 maxever=26910 >2ms=6227 >5ms=6227 >15ms=266 >20ms=23 >30ms=0 | probes=6228 wrfail=0 down=4s maxout=4s
 103.132  t=101s RTT mean=12867 min=11912 max=22393 n=63 to=0 | cancels=0(+0/s) seqbad=0 len_bad=0 disc=0(0x00) | tot_n=6290 tot_to=0 maxever=26910 >2ms=6290 >5ms=6290 >15ms=274 >20ms=24 >30ms=0 | probes=6290 wrfail=0 down=4s maxout=4s
 105.086  t=102s RTT mean=12748 min=10885 max=19411 n=63 to=0 | cancels=0(+0/s) seqbad=0 len_bad=0 disc=0(0x00) | tot_n=6353 tot_to=0 maxever=26910 >2ms=6353 >5ms=6353 >15ms=281 >20ms=24 >30ms=0 | probes=6354 wrfail=0 down=4s maxout=4s
 105.086  t=103s RTT mean=12747 min=10885 max=19411 n=63 to=0 | cancels=0(+0/s) seqbad=0 len_bad=0 disc=0(0x00) | tot_n=6416 tot_to=0 maxever=26910 >2ms=6416 >5ms=6416 >15ms=288 >20ms=24 >30ms=0 | probes=6417 wrfail=0 down=4s maxout=4s
 107.091  t=104s RTT mean=12867 min=11912 max=22393 n=63 to=0 | cancels=0(+0/s) seqbad=0 len_bad=0 disc=0(0x00) | tot_n=6479 tot_to=0 maxever=26910 >2ms=6479 >5ms=6479 >15ms=296 >20ms=25 >30ms=0 | probes=6479 wrfail=0 down=4s maxout=4s
 107.091  t=105s RTT mean=12747 min=10438 max=19861 n=63 to=0 | cancels=0(+0/s) seqbad=0 len_bad=0 disc=0(0x00) | tot_n=6542 tot_to=0 maxever=26910 >2ms=6542 >5ms=6542 >15ms=303 >20ms=25 >30ms=0 | probes=6543 wrfail=0 down=4s maxout=4s
 109.075  t=106s RTT mean=12748 min=10885 max=19411 n=63 to=0 | cancels=0(+0/s) seqbad=0 len_bad=0 disc=0(0x00) | tot_n=6605 tot_to=0 maxever=26910 >2ms=6605 >5ms=6605 >15ms=310 >20ms=25 >30ms=0 | probes=6606 wrfail=0 down=4s maxout=4s
 109.135  t=107s RTT mean=12867 min=11912 max=22391 n=63 to=0 | cancels=0(+0/s) seqbad=0 len_bad=0 disc=0(0x00) | tot_n=6668 tot_to=0 maxever=26910 >2ms=6668 >5ms=6668 >15ms=318 >20ms=26 >30ms=0 | probes=6668 wrfail=0 down=4s maxout=4s
 111.072  t=108s RTT mean=12748 min=5974 max=20804 n=63 to=0 | cancels=0(+0/s) seqbad=0 len_bad=0 disc=0(0x00) | tot_n=6731 tot_to=0 maxever=26910 >2ms=6731 >5ms=6731 >15ms=326 >20ms=27 >30ms=0 | probes=6732 wrfail=0 down=4s maxout=4s
 111.124  t=109s RTT mean=12747 min=10886 max=19412 n=63 to=0 | cancels=0(+0/s) seqbad=0 len_bad=0 disc=0(0x00) | tot_n=6794 tot_to=0 maxever=26910 >2ms=6794 >5ms=6794 >15ms=333 >20ms=27 >30ms=0 | probes=6795 wrfail=0 down=4s maxout=4s
 113.115  t=110s RTT mean=12867 min=11912 max=22393 n=63 to=0 | cancels=0(+0/s) seqbad=0 len_bad=0 disc=0(0x00) | tot_n=6857 tot_to=0 maxever=26910 >2ms=6857 >5ms=6857 >15ms=341 >20ms=28 >30ms=0 | probes=6857 wrfail=0 down=4s maxout=4s
 113.115  t=111s RTT mean=12747 min=10885 max=19411 n=63 to=0 | cancels=0(+0/s) seqbad=0 len_bad=0 disc=0(0x00) | tot_n=6920 tot_to=0 maxever=26910 >2ms=6920 >5ms=6920 >15ms=348 >20ms=28 >30ms=0 | probes=6921 wrfail=0 down=4s maxout=4s
 115.064  t=112s RTT mean=12867 min=11912 max=22363 n=63 to=0 | cancels=0(+0/s) seqbad=0 len_bad=0 disc=0(0x00) | tot_n=6983 tot_to=0 maxever=26910 >2ms=6983 >5ms=6983 >15ms=356 >20ms=30 >30ms=0 | probes=6983 wrfail=0 down=4s maxout=4s
 115.124  t=113s RTT mean=12747 min=10885 max=19411 n=63 to=0 | cancels=0(+0/s) seqbad=0 len_bad=0 disc=0(0x00) | tot_n=7046 tot_to=0 maxever=26910 >2ms=7046 >5ms=7046 >15ms=363 >20ms=30 >30ms=0 | probes=7047 wrfail=0 down=4s maxout=4s
 117.061  t=114s RTT mean=12748 min=10438 max=19862 n=63 to=0 | cancels=0(+0/s) seqbad=0 len_bad=0 disc=0(0x00) | tot_n=7109 tot_to=0 maxever=26910 >2ms=7109 >5ms=7109 >15ms=370 >20ms=30 >30ms=0 | probes=7110 wrfail=0 down=4s maxout=4s
 117.122  t=115s RTT mean=12866 min=11912 max=22330 n=63 to=0 | cancels=0(+0/s) seqbad=0 len_bad=0 disc=0(0x00) | tot_n=7172 tot_to=0 maxever=26910 >2ms=7172 >5ms=7172 >15ms=378 >20ms=31 >30ms=0 | probes=7172 wrfail=0 down=4s maxout=4s
 119.062  t=116s RTT mean=12748 min=10438 max=19860 n=63 to=0 | cancels=0(+0/s) seqbad=0 len_bad=0 disc=0(0x00) | tot_n=7235 tot_to=0 maxever=26910 >2ms=7235 >5ms=7235 >15ms=385 >20ms=31 >30ms=0 | probes=7236 wrfail=0 down=4s maxout=4s
 119.123  t=117s RTT mean=12747 min=10439 max=19862 n=63 to=0 | cancels=0(+0/s) seqbad=0 len_bad=0 disc=0(0x00) | tot_n=7298 tot_to=0 maxever=26910 >2ms=7298 >5ms=7298 >15ms=392 >20ms=31 >30ms=0 | probes=7299 wrfail=0 down=4s maxout=4s
 121.105  t=118s RTT mean=12867 min=11912 max=22330 n=63 to=0 | cancels=0(+0/s) seqbad=0 len_bad=0 disc=0(0x00) | tot_n=7361 tot_to=0 maxever=26910 >2ms=7361 >5ms=7361 >15ms=400 >20ms=33 >30ms=0 | probes=7361 wrfail=0 down=4s maxout=4s
 121.105  t=119s RTT mean=12747 min=10885 max=19411 n=63 to=0 | cancels=0(+0/s) seqbad=0 len_bad=0 disc=0(0x00) | tot_n=7424 tot_to=0 maxever=26910 >2ms=7424 >5ms=7424 >15ms=407 >20ms=33 >30ms=0 | probes=7425 wrfail=0 down=4s maxout=4s
 123.058  t=120s RTT mean=12748 min=10886 max=19411 n=63 to=0 | cancels=0(+0/s) seqbad=0 len_bad=0 disc=0(0x00) | tot_n=7487 tot_to=0 maxever=26910 >2ms=7487 >5ms=7487 >15ms=414 >20ms=33 >30ms=0 | probes=7488 wrfail=0 down=4s maxout=4s
 123.119  t=121s RTT mean=12866 min=10885 max=19414 n=63 to=0 | cancels=0(+0/s) seqbad=0 len_bad=0 disc=0(0x00) | tot_n=7550 tot_to=0 maxever=26910 >2ms=7550 >5ms=7550 >15ms=422 >20ms=33 >30ms=0 | probes=7550 wrfail=0 down=4s maxout=4s
 125.058  t=122s RTT mean=12748 min=10885 max=19411 n=63 to=0 | cancels=0(+0/s) seqbad=0 len_bad=0 disc=0(0x00) | tot_n=7613 tot_to=0 maxever=26910 >2ms=7613 >5ms=7613 >15ms=429 >20ms=33 >30ms=0 | probes=7614 wrfail=0 down=4s maxout=4s
 125.119  t=123s RTT mean=12747 min=10437 max=19861 n=63 to=0 | cancels=0(+0/s) seqbad=0 len_bad=0 disc=0(0x00) | tot_n=7676 tot_to=0 maxever=26910 >2ms=7676 >5ms=7676 >15ms=436 >20ms=33 >30ms=0 | probes=7677 wrfail=0 down=4s maxout=4s
 127.102  t=124s RTT mean=12867 min=11912 max=22331 n=63 to=0 | cancels=0(+0/s) seqbad=0 len_bad=0 disc=0(0x00) | tot_n=7739 tot_to=0 maxever=26910 >2ms=7739 >5ms=7739 >15ms=444 >20ms=34 >30ms=0 | probes=7739 wrfail=0 down=4s maxout=4s
 127.102  PCTL target=25 tot=3779 to=0 p50=11 p90=19 p99=19 p99.9=22 max=26 g30=0 g100=0 (ms/counts)
 127.102  LOADRAMP: target=50 KBps for 60s
 127.102  t=125s RTT mean=13616 min=11912 max=26912 n=59 to=0 | cancels=0(+0/s) seqbad=0 len_bad=0 disc=0(0x00) | tot_n=7798 tot_to=0 maxever=26912 >2ms=7798 >5ms=7798 >15ms=455 >20ms=37 >30ms=0 | probes=7799 wrfail=0 down=4s maxout=4s
 129.069  t=126s RTT mean=13917 min=11468 max=19423 n=59 to=0 | cancels=0(+0/s) seqbad=0 len_bad=0 disc=0(0x00) | tot_n=7857 tot_to=0 maxever=26912 >2ms=7857 >5ms=7857 >15ms=471 >20ms=37 >30ms=0 | probes=7858 wrfail=0 down=4s maxout=4s
 129.129  t=127s RTT mean=13852 min=11912 max=22392 n=59 to=0 | cancels=0(+0/s) seqbad=0 len_bad=0 disc=0(0x00) | tot_n=7916 tot_to=0 maxever=26912 >2ms=7916 >5ms=7916 >15ms=486 >20ms=38 >30ms=0 | probes=7917 wrfail=0 down=4s maxout=4s
 131.085  t=128s RTT mean=13924 min=9042 max=26921 n=59 to=0 | cancels=0(+0/s) seqbad=0 len_bad=0 disc=0(0x00) | tot_n=7975 tot_to=0 maxever=26921 >2ms=7975 >5ms=7975 >15ms=501 >20ms=39 >30ms=0 | probes=7976 wrfail=0 down=4s maxout=4s
 131.085  t=129s RTT mean=13813 min=11912 max=19419 n=59 to=0 | cancels=0(+0/s) seqbad=0 len_bad=0 disc=0(0x00) | tot_n=8034 tot_to=0 maxever=26921 >2ms=8034 >5ms=8034 >15ms=516 >20ms=39 >30ms=0 | probes=8035 wrfail=0 down=4s maxout=4s
 133.082  t=130s RTT mean=13852 min=11913 max=21251 n=59 to=0 | cancels=0(+0/s) seqbad=0 len_bad=0 disc=0(0x00) | tot_n=8093 tot_to=0 maxever=26921 >2ms=8093 >5ms=8093 >15ms=531 >20ms=41 >30ms=0 | probes=8094 wrfail=0 down=4s maxout=4s
 133.142  t=131s RTT mean=13916 min=9042 max=19420 n=59 to=0 | cancels=0(+0/s) seqbad=0 len_bad=0 disc=0(0x00) | tot_n=8152 tot_to=0 maxever=26921 >2ms=8152 >5ms=8152 >15ms=547 >20ms=41 >30ms=0 | probes=8153 wrfail=0 down=4s maxout=4s
 135.064  t=132s RTT mean=13979 min=11912 max=20804 n=59 to=0 | cancels=0(+0/s) seqbad=0 len_bad=0 disc=0(0x00) | tot_n=8211 tot_to=0 maxever=26921 >2ms=8211 >5ms=8211 >15ms=563 >20ms=42 >30ms=0 | probes=8212 wrfail=0 down=4s maxout=4s
 135.124  t=133s RTT mean=13789 min=11468 max=19420 n=59 to=0 | cancels=0(+0/s) seqbad=0 len_bad=0 disc=0(0x00) | tot_n=8270 tot_to=0 maxever=26921 >2ms=8270 >5ms=8270 >15ms=578 >20ms=42 >30ms=0 | probes=8271 wrfail=0 down=4s maxout=4s
 137.123  t=134s RTT mean=13852 min=11465 max=20804 n=59 to=0 | cancels=0(+0/s) seqbad=0 len_bad=0 disc=0(0x00) | tot_n=8329 tot_to=0 maxever=26921 >2ms=8329 >5ms=8329 >15ms=593 >20ms=44 >30ms=0 | probes=8330 wrfail=0 down=4s maxout=4s
 137.123  t=135s RTT mean=13924 min=11912 max=23966 n=59 to=0 | cancels=0(+0/s) seqbad=0 len_bad=0 disc=0(0x00) | tot_n=8388 tot_to=0 maxever=26921 >2ms=8388 >5ms=8388 >15ms=608 >20ms=45 >30ms=0 | probes=8389 wrfail=0 down=4s maxout=4s
 139.117  t=136s RTT mean=13940 min=11913 max=26462 n=59 to=0 | cancels=0(+0/s) seqbad=0 len_bad=0 disc=0(0x00) | tot_n=8447 tot_to=0 maxever=26921 >2ms=8447 >5ms=8447 >15ms=623 >20ms=46 >30ms=0 | probes=8448 wrfail=0 down=4s maxout=4s
 139.118  t=137s RTT mean=13820 min=11912 max=19420 n=59 to=0 | cancels=0(+0/s) seqbad=0 len_bad=0 disc=0(0x00) | tot_n=8506 tot_to=0 maxever=26921 >2ms=8506 >5ms=8506 >15ms=638 >20ms=46 >30ms=0 | probes=8507 wrfail=0 down=4s maxout=4s
 141.122  t=138s RTT mean=13821 min=11912 max=19423 n=59 to=0 | cancels=0(+0/s) seqbad=0 len_bad=0 disc=0(0x00) | tot_n=8565 tot_to=0 maxever=26921 >2ms=8565 >5ms=8565 >15ms=653 >20ms=46 >30ms=0 | probes=8566 wrfail=0 down=4s maxout=4s
 141.122  t=139s RTT mean=13828 min=5974 max=19421 n=59 to=0 | cancels=0(+0/s) seqbad=0 len_bad=0 disc=0(0x00) | tot_n=8624 tot_to=0 maxever=26921 >2ms=8624 >5ms=8624 >15ms=669 >20ms=46 >30ms=0 | probes=8625 wrfail=0 down=4s maxout=4s
 143.110  t=140s RTT mean=13844 min=11912 max=22298 n=59 to=0 | cancels=0(+0/s) seqbad=0 len_bad=0 disc=0(0x00) | tot_n=8683 tot_to=0 maxever=26921 >2ms=8683 >5ms=8683 >15ms=684 >20ms=47 >30ms=0 | probes=8684 wrfail=0 down=4s maxout=4s
 143.111  t=141s RTT mean=13820 min=9042 max=20978 n=59 to=0 | cancels=0(+0/s) seqbad=0 len_bad=0 disc=0(0x00) | tot_n=8742 tot_to=0 maxever=26921 >2ms=8742 >5ms=8742 >15ms=699 >20ms=50 >30ms=0 | probes=8743 wrfail=0 down=4s maxout=4s
 145.084  t=142s RTT mean=13641 min=5974 max=19423 n=60 to=0 | cancels=0(+0/s) seqbad=0 len_bad=0 disc=0(0x00) | tot_n=8802 tot_to=0 maxever=26921 >2ms=8802 >5ms=8802 >15ms=714 >20ms=50 >30ms=0 | probes=8803 wrfail=0 down=4s maxout=4s
 145.136  t=143s RTT mean=13844 min=11912 max=22298 n=59 to=0 | cancels=0(+0/s) seqbad=0 len_bad=0 disc=0(0x00) | tot_n=8861 tot_to=0 maxever=26921 >2ms=8861 >5ms=8861 >15ms=729 >20ms=52 >30ms=0 | probes=8862 wrfail=0 down=4s maxout=4s
 147.090  t=144s RTT mean=13916 min=9042 max=25067 n=59 to=0 | cancels=0(+0/s) seqbad=0 len_bad=0 disc=0(0x00) | tot_n=8920 tot_to=0 maxever=26921 >2ms=8920 >5ms=8920 >15ms=744 >20ms=55 >30ms=0 | probes=8921 wrfail=0 down=4s maxout=4s
 147.090  t=145s RTT mean=13828 min=10885 max=19860 n=59 to=0 | cancels=0(+0/s) seqbad=0 len_bad=0 disc=0(0x00) | tot_n=8979 tot_to=0 maxever=26921 >2ms=8979 >5ms=8979 >15ms=759 >20ms=55 >30ms=0 | probes=8980 wrfail=0 down=4s maxout=4s
 149.099  t=146s RTT mean=13844 min=11912 max=22299 n=59 to=0 | cancels=0(+0/s) seqbad=0 len_bad=0 disc=0(0x00) | tot_n=9038 tot_to=0 maxever=26921 >2ms=9038 >5ms=9038 >15ms=774 >20ms=56 >30ms=0 | probes=9039 wrfail=0 down=4s maxout=4s
 149.099  t=147s RTT mean=13797 min=9042 max=20977 n=59 to=0 | cancels=0(+0/s) seqbad=0 len_bad=0 disc=0(0x00) | tot_n=9097 tot_to=0 maxever=26921 >2ms=9097 >5ms=9097 >15ms=789 >20ms=57 >30ms=0 | probes=9098 wrfail=0 down=4s maxout=4s
 151.118  t=148s RTT mean=13664 min=5974 max=19423 n=60 to=0 | cancels=0(+0/s) seqbad=0 len_bad=0 disc=0(0x00) | tot_n=9157 tot_to=0 maxever=26921 >2ms=9157 >5ms=9157 >15ms=804 >20ms=57 >30ms=0 | probes=9158 wrfail=0 down=4s maxout=4s
 151.118  t=149s RTT mean=13844 min=11912 max=22295 n=59 to=0 | cancels=0(+0/s) seqbad=0 len_bad=0 disc=0(0x00) | tot_n=9216 tot_to=0 maxever=26921 >2ms=9216 >5ms=9216 >15ms=819 >20ms=58 >30ms=0 | probes=9217 wrfail=0 down=4s maxout=4s
 153.079  t=150s RTT mean=13821 min=9042 max=20977 n=59 to=0 | cancels=0(+0/s) seqbad=0 len_bad=0 disc=0(0x00) | tot_n=9275 tot_to=0 maxever=26921 >2ms=9275 >5ms=9275 >15ms=834 >20ms=60 >30ms=0 | probes=9276 wrfail=0 down=4s maxout=4s
 153.139  t=151s RTT mean=13640 min=5974 max=19420 n=60 to=0 | cancels=0(+0/s) seqbad=0 len_bad=0 disc=0(0x00) | tot_n=9335 tot_to=0 maxever=26921 >2ms=9335 >5ms=9335 >15ms=849 >20ms=60 >30ms=0 | probes=9336 wrfail=0 down=4s maxout=4s
 155.069  t=152s RTT mean=13940 min=11913 max=26911 n=59 to=0 | cancels=0(+0/s) seqbad=0 len_bad=0 disc=0(0x00) | tot_n=9394 tot_to=0 maxever=26921 >2ms=9394 >5ms=9394 >15ms=864 >20ms=61 >30ms=0 | probes=9395 wrfail=0 down=4s maxout=4s
 155.129  t=153s RTT mean=13851 min=7316 max=19870 n=59 to=0 | cancels=0(+0/s) seqbad=0 len_bad=0 disc=0(0x00) | tot_n=9453 tot_to=0 maxever=26921 >2ms=9453 >5ms=9453 >15ms=880 >20ms=61 >30ms=0 | probes=9454 wrfail=0 down=4s maxout=4s
 157.124  t=154s RTT mean=13789 min=11912 max=19423 n=59 to=0 | cancels=0(+0/s) seqbad=0 len_bad=0 disc=0(0x00) | tot_n=9512 tot_to=0 maxever=26921 >2ms=9512 >5ms=9512 >15ms=895 >20ms=61 >30ms=0 | probes=9513 wrfail=0 down=4s maxout=4s
 157.125  t=155s RTT mean=13852 min=11912 max=22361 n=59 to=0 | cancels=0(+0/s) seqbad=0 len_bad=0 disc=0(0x00) | tot_n=9571 tot_to=0 maxever=26921 >2ms=9571 >5ms=9571 >15ms=910 >20ms=62 >30ms=0 | probes=9572 wrfail=0 down=4s maxout=4s
 159.102  t=156s RTT mean=13917 min=9044 max=19422 n=59 to=0 | cancels=0(+0/s) seqbad=0 len_bad=0 disc=0(0x00) | tot_n=9630 tot_to=0 maxever=26921 >2ms=9630 >5ms=9630 >15ms=926 >20ms=62 >30ms=0 | probes=9631 wrfail=0 down=4s maxout=4s
 159.102  t=157s RTT mean=13820 min=11912 max=19420 n=59 to=0 | cancels=0(+0/s) seqbad=0 len_bad=0 disc=0(0x00) | tot_n=9689 tot_to=0 maxever=26921 >2ms=9689 >5ms=9689 >15ms=941 >20ms=62 >30ms=0 | probes=9690 wrfail=0 down=4s maxout=4s
 161.112  t=158s RTT mean=13948 min=11912 max=20531 n=59 to=0 | cancels=0(+0/s) seqbad=0 len_bad=0 disc=0(0x00) | tot_n=9748 tot_to=0 maxever=26921 >2ms=9748 >5ms=9748 >15ms=957 >20ms=63 >30ms=0 | probes=9749 wrfail=0 down=4s maxout=4s
 161.112  t=159s RTT mean=14158 min=5974 max=26911 n=57 to=0 | cancels=0(+0/s) seqbad=0 len_bad=0 disc=0(0x00) | tot_n=9805 tot_to=0 maxever=26921 >2ms=9805 >5ms=9805 >15ms=973 >20ms=66 >30ms=0 | probes=9806 wrfail=0 down=4s maxout=4s
 163.106  t=160s RTT mean=14833 min=11913 max=26910 n=57 to=0 | cancels=0(+0/s) seqbad=0 len_bad=0 disc=0(0x00) | tot_n=9862 tot_to=0 maxever=26921 >2ms=9862 >5ms=9862 >15ms=992 >20ms=70 >30ms=0 | probes=9863 wrfail=0 down=4s maxout=4s
 163.106  t=161s RTT mean=14559 min=9043 max=26911 n=56 to=0 | cancels=0(+0/s) seqbad=0 len_bad=0 disc=0(0x00) | tot_n=9918 tot_to=0 maxever=26921 >2ms=9918 >5ms=9918 >15ms=1010 >20ms=72 >30ms=0 | probes=9919 wrfail=0 down=4s maxout=4s
 165.130  t=162s RTT mean=13955 min=11912 max=19862 n=59 to=0 | cancels=0(+0/s) seqbad=0 len_bad=0 disc=0(0x00) | tot_n=9977 tot_to=0 maxever=26921 >2ms=9977 >5ms=9977 >15ms=1026 >20ms=72 >30ms=0 | probes=9978 wrfail=0 down=4s maxout=4s
 165.130  t=163s RTT mean=13844 min=11912 max=22358 n=59 to=0 | cancels=0(+0/s) seqbad=0 len_bad=0 disc=0(0x00) | tot_n=10036 tot_to=0 maxever=26921 >2ms=10036 >5ms=10036 >15ms=1041 >20ms=73 >30ms=0 | probes=10037 wrfail=0 down=4s maxout=4s
 167.072  t=164s RTT mean=13971 min=9043 max=20804 n=59 to=0 | cancels=0(+0/s) seqbad=0 len_bad=0 disc=0(0x00) | tot_n=10095 tot_to=0 maxever=26921 >2ms=10095 >5ms=10095 >15ms=1057 >20ms=75 >30ms=0 | probes=10096 wrfail=0 down=4s maxout=4s
 167.132  t=165s RTT mean=14088 min=11912 max=23967 n=58 to=0 | cancels=0(+0/s) seqbad=0 len_bad=0 disc=0(0x00) | tot_n=10153 tot_to=0 maxever=26921 >2ms=10153 >5ms=10153 >15ms=1073 >20ms=77 >30ms=0 | probes=10154 wrfail=0 down=4s maxout=4s
 169.124  t=166s RTT mean=14414 min=11467 max=23986 n=57 to=0 | cancels=0(+0/s) seqbad=0 len_bad=0 disc=0(0x00) | tot_n=10210 tot_to=0 maxever=26921 >2ms=10210 >5ms=10210 >15ms=1091 >20ms=82 >30ms=0 | probes=10211 wrfail=0 down=4s maxout=4s
 169.124  t=167s RTT mean=13640 min=5527 max=19420 n=60 to=0 | cancels=0(+0/s) seqbad=0 len_bad=0 disc=0(0x00) | tot_n=10270 tot_to=0 maxever=26921 >2ms=10270 >5ms=10270 >15ms=1106 >20ms=82 >30ms=0 | probes=10271 wrfail=0 down=4s maxout=4s
 171.122  t=168s RTT mean=13813 min=11468 max=19423 n=59 to=0 | cancels=0(+0/s) seqbad=0 len_bad=0 disc=0(0x00) | tot_n=10329 tot_to=0 maxever=26921 >2ms=10329 >5ms=10329 >15ms=1121 >20ms=82 >30ms=0 | probes=10330 wrfail=0 down=4s maxout=4s
 171.122  t=169s RTT mean=13851 min=11467 max=22360 n=59 to=0 | cancels=0(+0/s) seqbad=0 len_bad=0 disc=0(0x00) | tot_n=10388 tot_to=0 maxever=26921 >2ms=10388 >5ms=10388 >15ms=1136 >20ms=83 >30ms=0 | probes=10389 wrfail=0 down=4s maxout=4s
 173.114  t=170s RTT mean=13641 min=5974 max=19422 n=60 to=0 | cancels=0(+0/s) seqbad=0 len_bad=0 disc=0(0x00) | tot_n=10448 tot_to=0 maxever=26921 >2ms=10448 >5ms=10448 >15ms=1151 >20ms=83 >30ms=0 | probes=10449 wrfail=0 down=4s maxout=4s
 173.114  t=171s RTT mean=13820 min=11912 max=19862 n=59 to=0 | cancels=0(+0/s) seqbad=0 len_bad=0 disc=0(0x00) | tot_n=10507 tot_to=0 maxever=26921 >2ms=10507 >5ms=10507 >15ms=1166 >20ms=83 >30ms=0 | probes=10508 wrfail=0 down=4s maxout=4s
 175.093  t=172s RTT mean=13844 min=11913 max=23753 n=59 to=0 | cancels=0(+0/s) seqbad=0 len_bad=0 disc=0(0x00) | tot_n=10566 tot_to=0 maxever=26921 >2ms=10566 >5ms=10566 >15ms=1181 >20ms=85 >30ms=0 | probes=10567 wrfail=0 down=4s maxout=4s
 175.153  t=173s RTT mean=13640 min=5974 max=19419 n=60 to=0 | cancels=0(+0/s) seqbad=0 len_bad=0 disc=0(0x00) | tot_n=10626 tot_to=0 maxever=26921 >2ms=10626 >5ms=10626 >15ms=1196 >20ms=85 >30ms=0 | probes=10627 wrfail=0 down=4s maxout=4s
 177.104  t=174s RTT mean=13940 min=11912 max=26473 n=59 to=0 | cancels=0(+0/s) seqbad=0 len_bad=0 disc=0(0x00) | tot_n=10685 tot_to=0 maxever=26921 >2ms=10685 >5ms=10685 >15ms=1211 >20ms=86 >30ms=0 | probes=10686 wrfail=0 down=4s maxout=4s
 177.104  t=175s RTT mean=13851 min=11912 max=24042 n=59 to=0 | cancels=0(+0/s) seqbad=0 len_bad=0 disc=0(0x00) | tot_n=10744 tot_to=0 maxever=26921 >2ms=10744 >5ms=10744 >15ms=1226 >20ms=88 >30ms=0 | probes=10745 wrfail=0 down=4s maxout=4s
 179.104  t=176s RTT mean=13820 min=9043 max=20804 n=59 to=0 | cancels=0(+0/s) seqbad=0 len_bad=0 disc=0(0x00) | tot_n=10803 tot_to=0 maxever=26921 >2ms=10803 >5ms=10803 >15ms=1241 >20ms=90 >30ms=0 | probes=10804 wrfail=0 down=4s maxout=4s
 179.104  t=177s RTT mean=13916 min=11468 max=19420 n=59 to=0 | cancels=0(+0/s) seqbad=0 len_bad=0 disc=0(0x00) | tot_n=10862 tot_to=0 maxever=26921 >2ms=10862 >5ms=10862 >15ms=1257 >20ms=90 >30ms=0 | probes=10863 wrfail=0 down=4s maxout=4s
 181.095  t=178s RTT mean=13828 min=11912 max=19858 n=59 to=0 | cancels=0(+0/s) seqbad=0 len_bad=0 disc=0(0x00) | tot_n=10921 tot_to=0 maxever=26921 >2ms=10921 >5ms=10921 >15ms=1272 >20ms=90 >30ms=0 | probes=10922 wrfail=0 down=4s maxout=4s
 181.155  t=179s RTT mean=13844 min=11912 max=22298 n=59 to=0 | cancels=0(+0/s) seqbad=0 len_bad=0 disc=0(0x00) | tot_n=10980 tot_to=0 maxever=26921 >2ms=10980 >5ms=10980 >15ms=1287 >20ms=91 >30ms=0 | probes=10981 wrfail=0 down=4s maxout=4s
 183.106  t=180s RTT mean=13663 min=8689 max=20800 n=60 to=0 | cancels=0(+0/s) seqbad=0 len_bad=0 disc=0(0x00) | tot_n=11040 tot_to=0 maxever=26921 >2ms=11040 >5ms=11040 >15ms=1302 >20ms=92 >30ms=0 | probes=11041 wrfail=0 down=4s maxout=4s
 183.106  t=181s RTT mean=13797 min=11468 max=19861 n=59 to=0 | cancels=0(+0/s) seqbad=0 len_bad=0 disc=0(0x00) | tot_n=11099 tot_to=0 maxever=26921 >2ms=11099 >5ms=11099 >15ms=1317 >20ms=92 >30ms=0 | probes=11100 wrfail=0 down=4s maxout=4s
 185.098  t=182s RTT mean=13844 min=11913 max=22361 n=59 to=0 | cancels=0(+0/s) seqbad=0 len_bad=0 disc=0(0x00) | tot_n=11158 tot_to=0 maxever=26921 >2ms=11158 >5ms=11158 >15ms=1332 >20ms=93 >30ms=0 | probes=11159 wrfail=0 down=4s maxout=4s
 185.098  t=183s RTT mean=13664 min=5974 max=20804 n=60 to=0 | cancels=0(+0/s) seqbad=0 len_bad=0 disc=0(0x00) | tot_n=11218 tot_to=0 maxever=26921 >2ms=11218 >5ms=11218 >15ms=1347 >20ms=94 >30ms=0 | probes=11219 wrfail=0 down=4s maxout=4s
 187.116  t=184s RTT mean=13797 min=11468 max=19861 n=59 to=0 | cancels=0(+0/s) seqbad=0 len_bad=0 disc=0(0x00) | tot_n=11277 tot_to=0 maxever=26921 >2ms=11277 >5ms=11277 >15ms=1362 >20ms=94 >30ms=0 | probes=11278 wrfail=0 down=4s maxout=4s
 187.116  PCTL target=50 tot=3538 to=0 p50=11 p90=19 p99=20 p99.9=26 max=26 g30=0 g100=0 (ms/counts)
 187.116  LOADRAMP: target=75 KBps for 60s
 187.116  t=185s RTT mean=13844 min=11913 max=22360 n=59 to=0 | cancels=0(+0/s) seqbad=0 len_bad=0 disc=0(0x00) | tot_n=11336 tot_to=0 maxever=26921 >2ms=11336 >5ms=11336 >15ms=1377 >20ms=97 >30ms=0 | probes=11337 wrfail=0 down=4s maxout=4s
 189.112  t=186s RTT mean=14835 min=5974 max=20808 n=56 to=0 | cancels=0(+0/s) seqbad=0 len_bad=0 disc=0(0x00) | tot_n=11392 tot_to=0 maxever=26921 >2ms=11392 >5ms=11392 >15ms=1400 >20ms=100 >30ms=0 | probes=11393 wrfail=0 down=4s maxout=4s
 189.113  t=187s RTT mean=14725 min=5973 max=19420 n=56 to=0 | cancels=0(+0/s) seqbad=0 len_bad=0 disc=0(0x00) | tot_n=11448 tot_to=0 maxever=26921 >2ms=11448 >5ms=11448 >15ms=1422 >20ms=100 >30ms=0 | probes=11449 wrfail=0 down=4s maxout=4s
 191.091  t=188s RTT mean=14852 min=10438 max=19431 n=56 to=0 | cancels=0(+0/s) seqbad=0 len_bad=0 disc=0(0x00) | tot_n=11504 tot_to=0 maxever=26921 >2ms=11504 >5ms=11504 >15ms=1444 >20ms=100 >30ms=0 | probes=11505 wrfail=0 down=4s maxout=4s
 191.152  t=189s RTT mean=14758 min=5974 max=20804 n=56 to=0 | cancels=0(+0/s) seqbad=0 len_bad=0 disc=0(0x00) | tot_n=11560 tot_to=0 maxever=26921 >2ms=11560 >5ms=11560 >15ms=1466 >20ms=103 >30ms=0 | probes=11561 wrfail=0 down=4s maxout=4s
 193.094  t=190s RTT mean=15049 min=11913 max=22360 n=55 to=0 | cancels=0(+0/s) seqbad=0 len_bad=0 disc=0(0x00) | tot_n=11615 tot_to=0 maxever=26921 >2ms=11615 >5ms=11615 >15ms=1489 >20ms=108 >30ms=0 | probes=11616 wrfail=0 down=4s maxout=4s
 193.154  t=191s RTT mean=15160 min=11912 max=25517 n=55 to=0 | cancels=0(+0/s) seqbad=0 len_bad=0 disc=0(0x00) | tot_n=11670 tot_to=0 maxever=26921 >2ms=11670 >5ms=11670 >15ms=1512 >20ms=110 >30ms=0 | probes=11671 wrfail=0 down=4s maxout=4s
 195.107  t=192s RTT mean=14905 min=9490 max=26909 n=55 to=0 | cancels=0(+0/s) seqbad=0 len_bad=0 disc=0(0x00) | tot_n=11725 tot_to=0 maxever=26921 >2ms=11725 >5ms=11725 >15ms=1533 >20ms=112 >30ms=0 | probes=11726 wrfail=0 down=4s maxout=4s
 195.107  t=193s RTT mean=15385 min=10438 max=27370 n=54 to=0 | cancels=0(+0/s) seqbad=0 len_bad=0 disc=0(0x00) | tot_n=11779 tot_to=0 maxever=27370 >2ms=11779 >5ms=11779 >15ms=1555 >20ms=115 >30ms=0 | probes=11780 wrfail=0 down=4s maxout=4s
 197.112  t=194s RTT mean=15002 min=5974 max=26913 n=56 to=0 | cancels=0(+0/s) seqbad=0 len_bad=0 disc=0(0x00) | tot_n=11835 tot_to=0 maxever=27370 >2ms=11835 >5ms=11835 >15ms=1578 >20ms=116 >30ms=0 | probes=11836 wrfail=0 down=4s maxout=4s
 197.112  t=195s RTT mean=15041 min=10438 max=26911 n=55 to=0 | cancels=0(+0/s) seqbad=0 len_bad=0 disc=0(0x00) | tot_n=11890 tot_to=0 maxever=27370 >2ms=11890 >5ms=11890 >15ms=1600 >20ms=117 >30ms=0 | probes=11891 wrfail=0 down=4s maxout=4s
 199.130  t=196s RTT mean=15420 min=10885 max=26929 n=54 to=0 | cancels=0(+0/s) seqbad=0 len_bad=0 disc=0(0x00) | tot_n=11944 tot_to=0 maxever=27370 >2ms=11944 >5ms=11944 >15ms=1622 >20ms=122 >30ms=0 | probes=11945 wrfail=0 down=4s maxout=4s
 199.130  t=197s RTT mean=14834 min=5975 max=20800 n=56 to=0 | cancels=0(+0/s) seqbad=0 len_bad=0 disc=0(0x00) | tot_n=12000 tot_to=0 maxever=27370 >2ms=12000 >5ms=12000 >15ms=1645 >20ms=123 >30ms=0 | probes=12001 wrfail=0 down=4s maxout=4s
 201.133  t=198s RTT mean=14852 min=9045 max=20800 n=56 to=0 | cancels=0(+0/s) seqbad=0 len_bad=0 disc=0(0x00) | tot_n=12056 tot_to=0 maxever=27370 >2ms=12056 >5ms=12056 >15ms=1667 >20ms=124 >30ms=0 | probes=12057 wrfail=0 down=4s maxout=4s
 201.133  t=199s RTT mean=14758 min=10157 max=19419 n=56 to=0 | cancels=0(+0/s) seqbad=0 len_bad=0 disc=0(0x00) | tot_n=12112 tot_to=0 maxever=27370 >2ms=12112 >5ms=12112 >15ms=1689 >20ms=124 >30ms=0 | probes=12113 wrfail=0 down=4s maxout=4s
 203.079  t=200s RTT mean=15050 min=10437 max=25440 n=55 to=0 | cancels=0(+0/s) seqbad=0 len_bad=0 disc=0(0x00) | tot_n=12167 tot_to=0 maxever=27370 >2ms=12167 >5ms=12167 >15ms=1711 >20ms=126 >30ms=0 | probes=12168 wrfail=0 down=4s maxout=4s
 203.140  t=201s RTT mean=15161 min=10437 max=25518 n=55 to=0 | cancels=0(+0/s) seqbad=0 len_bad=0 disc=0(0x00) | tot_n=12222 tot_to=0 maxever=27370 >2ms=12222 >5ms=12222 >15ms=1733 >20ms=130 >30ms=0 | probes=12223 wrfail=0 down=4s maxout=4s
 205.136  t=202s RTT mean=15075 min=11912 max=21251 n=55 to=0 | cancels=0(+0/s) seqbad=0 len_bad=0 disc=0(0x00) | tot_n=12277 tot_to=0 maxever=27370 >2ms=12277 >5ms=12277 >15ms=1756 >20ms=133 >30ms=0 | probes=12278 wrfail=0 down=4s maxout=4s
 205.136  t=203s RTT mean=14726 min=5974 max=20804 n=56 to=0 | cancels=0(+0/s) seqbad=0 len_bad=0 disc=0(0x00) | tot_n=12333 tot_to=0 maxever=27370 >2ms=12333 >5ms=12333 >15ms=1778 >20ms=134 >30ms=0 | probes=12334 wrfail=0 down=4s maxout=4s
 207.105  t=204s RTT mean=14835 min=9042 max=20816 n=56 to=0 | cancels=0(+0/s) seqbad=0 len_bad=0 disc=0(0x00) | tot_n=12389 tot_to=0 maxever=27370 >2ms=12389 >5ms=12389 >15ms=1800 >20ms=135 >30ms=0 | probes=12390 wrfail=0 down=4s maxout=4s
 207.105  t=205s RTT mean=14904 min=9041 max=25068 n=55 to=0 | cancels=0(+0/s) seqbad=0 len_bad=0 disc=0(0x00) | tot_n=12444 tot_to=0 maxever=27370 >2ms=12444 >5ms=12444 >15ms=1821 >20ms=138 >30ms=0 | probes=12445 wrfail=0 down=4s maxout=4s
 209.120  t=206s RTT mean=15027 min=5974 max=26463 n=56 to=0 | cancels=0(+0/s) seqbad=0 len_bad=0 disc=0(0x00) | tot_n=12500 tot_to=0 maxever=27370 >2ms=12500 >5ms=12500 >15ms=1844 >20ms=140 >30ms=0 | probes=12501 wrfail=0 down=4s maxout=4s
 209.120  t=207s RTT mean=15050 min=9041 max=25518 n=55 to=0 | cancels=0(+0/s) seqbad=0 len_bad=0 disc=0(0x00) | tot_n=12555 tot_to=0 maxever=27370 >2ms=12555 >5ms=12555 >15ms=1866 >20ms=145 >30ms=0 | probes=12556 wrfail=0 down=4s maxout=4s
 211.137  t=208s RTT mean=15024 min=11912 max=20804 n=55 to=0 | cancels=0(+0/s) seqbad=0 len_bad=0 disc=0(0x00) | tot_n=12610 tot_to=0 maxever=27370 >2ms=12610 >5ms=12610 >15ms=1889 >20ms=146 >30ms=0 | probes=12611 wrfail=0 down=4s maxout=4s
 211.138  t=209s RTT mean=15041 min=10438 max=25518 n=55 to=0 | cancels=0(+0/s) seqbad=0 len_bad=0 disc=0(0x00) | tot_n=12665 tot_to=0 maxever=27370 >2ms=12665 >5ms=12665 >15ms=1911 >20ms=148 >30ms=0 | probes=12666 wrfail=0 down=4s maxout=4s
 213.136  t=210s RTT mean=14893 min=10884 max=20801 n=56 to=0 | cancels=0(+0/s) seqbad=0 len_bad=0 disc=0(0x00) | tot_n=12721 tot_to=0 maxever=27370 >2ms=12721 >5ms=12721 >15ms=1933 >20ms=149 >30ms=0 | probes=12722 wrfail=0 down=4s maxout=4s
 213.136  t=211s RTT mean=14724 min=8718 max=20804 n=56 to=0 | cancels=0(+0/s) seqbad=0 len_bad=0 disc=0(0x00) | tot_n=12777 tot_to=0 maxever=27370 >2ms=12777 >5ms=12777 >15ms=1955 >20ms=152 >30ms=0 | probes=12778 wrfail=0 down=4s maxout=4s
 215.124  t=212s RTT mean=14701 min=5974 max=20806 n=56 to=0 | cancels=0(+0/s) seqbad=0 len_bad=0 disc=0(0x00) | tot_n=12833 tot_to=0 maxever=27370 >2ms=12833 >5ms=12833 >15ms=1977 >20ms=153 >30ms=0 | probes=12834 wrfail=0 down=4s maxout=4s
 215.124  t=213s RTT mean=15177 min=11912 max=25070 n=55 to=0 | cancels=0(+0/s) seqbad=0 len_bad=0 disc=0(0x00) | tot_n=12888 tot_to=0 maxever=27370 >2ms=12888 >5ms=12888 >15ms=2000 >20ms=157 >30ms=0 | probes=12889 wrfail=0 down=4s maxout=4s
 217.086  t=214s RTT mean=14758 min=8720 max=19430 n=56 to=0 | cancels=0(+0/s) seqbad=0 len_bad=0 disc=0(0x00) | tot_n=12944 tot_to=0 maxever=27370 >2ms=12944 >5ms=12944 >15ms=2022 >20ms=157 >30ms=0 | probes=12945 wrfail=0 down=4s maxout=4s
 217.146  t=215s RTT mean=14700 min=5974 max=19420 n=56 to=0 | cancels=0(+0/s) seqbad=0 len_bad=0 disc=0(0x00) | tot_n=13000 tot_to=0 maxever=27370 >2ms=13000 >5ms=13000 >15ms=2044 >20ms=157 >30ms=0 | probes=13001 wrfail=0 down=4s maxout=4s
 219.116  t=216s RTT mean=14852 min=9490 max=20821 n=56 to=0 | cancels=0(+0/s) seqbad=0 len_bad=0 disc=0(0x00) | tot_n=13056 tot_to=0 maxever=27370 >2ms=13056 >5ms=13056 >15ms=2066 >20ms=158 >30ms=0 | probes=13057 wrfail=0 down=4s maxout=4s
 219.117  t=217s RTT mean=14892 min=10438 max=20799 n=56 to=0 | cancels=0(+0/s) seqbad=0 len_bad=0 disc=0(0x00) | tot_n=13112 tot_to=0 maxever=27370 >2ms=13112 >5ms=13112 >15ms=2088 >20ms=159 >30ms=0 | probes=13112 wrfail=0 down=4s maxout=4s
 221.114  t=218s RTT mean=14938 min=9490 max=22198 n=55 to=0 | cancels=0(+0/s) seqbad=0 len_bad=0 disc=0(0x00) | tot_n=13167 tot_to=0 maxever=27370 >2ms=13167 >5ms=13167 >15ms=2110 >20ms=166 >30ms=0 | probes=13168 wrfail=0 down=4s maxout=4s
 221.115  t=219s RTT mean=15024 min=11913 max=22365 n=55 to=0 | cancels=0(+0/s) seqbad=0 len_bad=0 disc=0(0x00) | tot_n=13222 tot_to=0 maxever=27370 >2ms=13222 >5ms=13222 >15ms=2133 >20ms=168 >30ms=0 | probes=13223 wrfail=0 down=4s maxout=4s
 223.084  t=220s RTT mean=14993 min=11912 max=20824 n=56 to=0 | cancels=0(+0/s) seqbad=0 len_bad=0 disc=0(0x00) | tot_n=13278 tot_to=0 maxever=27370 >2ms=13278 >5ms=13278 >15ms=2156 >20ms=171 >30ms=0 | probes=13279 wrfail=0 down=4s maxout=4s
 223.144  t=221s RTT mean=14913 min=5975 max=25518 n=55 to=0 | cancels=0(+0/s) seqbad=0 len_bad=0 disc=0(0x00) | tot_n=13333 tot_to=0 maxever=27370 >2ms=13333 >5ms=13333 >15ms=2178 >20ms=174 >30ms=0 | probes=13334 wrfail=0 down=4s maxout=4s
 225.121  t=222s RTT mean=14835 min=7650 max=20723 n=56 to=0 | cancels=0(+0/s) seqbad=0 len_bad=0 disc=0(0x00) | tot_n=13389 tot_to=0 maxever=27370 >2ms=13389 >5ms=13389 >15ms=2200 >20ms=175 >30ms=0 | probes=13390 wrfail=0 down=4s maxout=4s
 225.121  t=223s RTT mean=14750 min=5974 max=20804 n=56 to=0 | cancels=0(+0/s) seqbad=0 len_bad=0 disc=0(0x00) | tot_n=13445 tot_to=0 maxever=27370 >2ms=13445 >5ms=13445 >15ms=2222 >20ms=179 >30ms=0 | probes=13446 wrfail=0 down=4s maxout=4s
 227.098  t=224s RTT mean=15049 min=11912 max=22363 n=55 to=0 | cancels=0(+0/s) seqbad=0 len_bad=0 disc=0(0x00) | tot_n=13500 tot_to=0 maxever=27370 >2ms=13500 >5ms=13500 >15ms=2245 >20ms=182 >30ms=0 | probes=13501 wrfail=0 down=4s maxout=4s
 227.156  t=225s RTT mean=15050 min=11912 max=22392 n=55 to=0 | cancels=0(+0/s) seqbad=0 len_bad=0 disc=0(0x00) | tot_n=13555 tot_to=0 maxever=27370 >2ms=13555 >5ms=13555 >15ms=2268 >20ms=183 >30ms=0 | probes=13556 wrfail=0 down=4s maxout=4s
 229.107  t=226s RTT mean=14835 min=5974 max=20804 n=56 to=0 | cancels=0(+0/s) seqbad=0 len_bad=0 disc=0(0x00) | tot_n=13611 tot_to=0 maxever=27370 >2ms=13611 >5ms=13611 >15ms=2291 >20ms=184 >30ms=0 | probes=13612 wrfail=0 down=4s maxout=4s
 229.108  t=227s RTT mean=15074 min=11912 max=22360 n=55 to=0 | cancels=0(+0/s) seqbad=0 len_bad=0 disc=0(0x00) | tot_n=13666 tot_to=0 maxever=27370 >2ms=13666 >5ms=13666 >15ms=2314 >20ms=188 >30ms=0 | probes=13667 wrfail=0 down=4s maxout=4s
 231.126  t=228s RTT mean=15050 min=10884 max=25086 n=55 to=0 | cancels=0(+0/s) seqbad=0 len_bad=0 disc=0(0x00) | tot_n=13721 tot_to=0 maxever=27370 >2ms=13721 >5ms=13721 >15ms=2336 >20ms=190 >30ms=0 | probes=13722 wrfail=0 down=4s maxout=4s
 231.126  t=229s RTT mean=14834 min=5974 max=20803 n=56 to=0 | cancels=0(+0/s) seqbad=0 len_bad=0 disc=0(0x00) | tot_n=13777 tot_to=0 maxever=27370 >2ms=13777 >5ms=13777 >15ms=2359 >20ms=191 >30ms=0 | probes=13778 wrfail=0 down=4s maxout=4s
 233.132  t=230s RTT mean=14852 min=9044 max=20824 n=56 to=0 | cancels=0(+0/s) seqbad=0 len_bad=0 disc=0(0x00) | tot_n=13833 tot_to=0 maxever=27370 >2ms=13833 >5ms=13833 >15ms=2381 >20ms=193 >30ms=0 | probes=13834 wrfail=0 down=4s maxout=4s
 233.133  t=231s RTT mean=14860 min=10885 max=19420 n=56 to=0 | cancels=0(+0/s) seqbad=0 len_bad=0 disc=0(0x00) | tot_n=13889 tot_to=0 maxever=27370 >2ms=13889 >5ms=13889 >15ms=2403 >20ms=193 >30ms=0 | probes=13890 wrfail=0 down=4s maxout=4s
 235.117  t=232s RTT mean=14947 min=10438 max=21252 n=55 to=0 | cancels=0(+0/s) seqbad=0 len_bad=0 disc=0(0x00) | tot_n=13944 tot_to=0 maxever=27370 >2ms=13944 >5ms=13944 >15ms=2425 >20ms=196 >30ms=0 | probes=13945 wrfail=0 down=4s maxout=4s
 235.117  t=233s RTT mean=15050 min=11468 max=22392 n=55 to=0 | cancels=0(+0/s) seqbad=0 len_bad=0 disc=0(0x00) | tot_n=13999 tot_to=0 maxever=27370 >2ms=13999 >5ms=13999 >15ms=2448 >20ms=198 >30ms=0 | probes=14000 wrfail=0 down=4s maxout=4s
 237.133  t=234s RTT mean=14885 min=5974 max=23589 n=56 to=0 | cancels=0(+0/s) seqbad=0 len_bad=0 disc=0(0x00) | tot_n=14055 tot_to=0 maxever=27370 >2ms=14055 >5ms=14055 >15ms=2471 >20ms=200 >30ms=0 | probes=14056 wrfail=0 down=4s maxout=4s
 237.133  t=235s RTT mean=15024 min=11912 max=21253 n=55 to=0 | cancels=0(+0/s) seqbad=0 len_bad=0 disc=0(0x00) | tot_n=14110 tot_to=0 maxever=27370 >2ms=14110 >5ms=14110 >15ms=2494 >20ms=202 >30ms=0 | probes=14111 wrfail=0 down=4s maxout=4s
 239.109  t=236s RTT mean=14827 min=9489 max=20800 n=56 to=0 | cancels=0(+0/s) seqbad=0 len_bad=0 disc=0(0x00) | tot_n=14166 tot_to=0 maxever=27370 >2ms=14166 >5ms=14166 >15ms=2516 >20ms=203 >30ms=0 | probes=14167 wrfail=0 down=4s maxout=4s
 239.109  t=237s RTT mean=14758 min=5974 max=20801 n=56 to=0 | cancels=0(+0/s) seqbad=0 len_bad=0 disc=0(0x00) | tot_n=14222 tot_to=0 maxever=27370 >2ms=14222 >5ms=14222 >15ms=2538 >20ms=205 >30ms=0 | probes=14223 wrfail=0 down=4s maxout=4s
 241.102  t=238s RTT mean=14827 min=9490 max=19430 n=56 to=0 | cancels=0(+0/s) seqbad=0 len_bad=0 disc=0(0x00) | tot_n=14278 tot_to=0 maxever=27370 >2ms=14278 >5ms=14278 >15ms=2560 >20ms=205 >30ms=0 | probes=14279 wrfail=0 down=4s maxout=4s
 241.162  t=239s RTT mean=14922 min=9490 max=21252 n=55 to=0 | cancels=0(+0/s) seqbad=0 len_bad=0 disc=0(0x00) | tot_n=14333 tot_to=0 maxever=27370 >2ms=14333 >5ms=14333 >15ms=2582 >20ms=207 >30ms=0 | probes=14334 wrfail=0 down=4s maxout=4s
 243.086  t=240s RTT mean=14885 min=5974 max=23587 n=56 to=0 | cancels=0(+0/s) seqbad=0 len_bad=0 disc=0(0x00) | tot_n=14389 tot_to=0 maxever=27370 >2ms=14389 >5ms=14389 >15ms=2605 >20ms=208 >30ms=0 | probes=14390 wrfail=0 down=4s maxout=4s
 243.146  t=241s RTT mean=15016 min=11912 max=20800 n=55 to=0 | cancels=0(+0/s) seqbad=0 len_bad=0 disc=0(0x00) | tot_n=14444 tot_to=0 maxever=27370 >2ms=14444 >5ms=14444 >15ms=2628 >20ms=209 >30ms=0 | probes=14445 wrfail=0 down=4s maxout=4s
 245.131  t=242s RTT mean=14868 min=9042 max=22648 n=56 to=0 | cancels=0(+0/s) seqbad=0 len_bad=0 disc=0(0x00) | tot_n=14500 tot_to=0 maxever=27370 >2ms=14500 >5ms=14500 >15ms=2650 >20ms=210 >30ms=0 | probes=14501 wrfail=0 down=4s maxout=4s
 245.132  t=243s RTT mean=14725 min=5974 max=19420 n=56 to=0 | cancels=0(+0/s) seqbad=0 len_bad=0 disc=0(0x00) | tot_n=14556 tot_to=0 maxever=27370 >2ms=14556 >5ms=14556 >15ms=2672 >20ms=210 >30ms=0 | probes=14557 wrfail=0 down=4s maxout=4s
 247.140  t=244s RTT mean=14751 min=5974 max=23517 n=56 to=0 | cancels=0(+0/s) seqbad=0 len_bad=0 disc=0(0x00) | tot_n=14612 tot_to=0 maxever=27370 >2ms=14612 >5ms=14612 >15ms=2694 >20ms=212 >30ms=0 | probes=14613 wrfail=0 down=4s maxout=4s
 247.141  PCTL target=75 tot=3331 to=0 p50=11 p90=19 p99=22 p99.9=26 max=27 g30=0 g100=0 (ms/counts)
 247.141  LOADRAMP: target=100 KBps for 60s
 247.141  t=245s RTT mean=14859 min=9042 max=21250 n=56 to=0 | cancels=0(+0/s) seqbad=0 len_bad=0 disc=0(0x00) | tot_n=14668 tot_to=0 maxever=27370 >2ms=14668 >5ms=14668 >15ms=2716 >20ms=215 >30ms=0 | probes=14669 wrfail=0 down=4s maxout=4s
 249.094  t=246s RTT mean=16095 min=5974 max=20814 n=52 to=0 | cancels=0(+0/s) seqbad=0 len_bad=0 disc=0(0x00) | tot_n=14720 tot_to=0 maxever=27370 >2ms=14720 >5ms=14720 >15ms=2746 >20ms=217 >30ms=0 | probes=14721 wrfail=0 down=4s maxout=4s
 249.154  t=247s RTT mean=16212 min=9042 max=22207 n=52 to=0 | cancels=0(+0/s) seqbad=0 len_bad=0 disc=0(0x00) | tot_n=14772 tot_to=0 maxever=27370 >2ms=14772 >5ms=14772 >15ms=2776 >20ms=220 >30ms=0 | probes=14773 wrfail=0 down=4s maxout=4s
 251.101  t=248s RTT mean=16121 min=8721 max=20804 n=52 to=0 | cancels=0(+0/s) seqbad=0 len_bad=0 disc=0(0x00) | tot_n=14824 tot_to=0 maxever=27370 >2ms=14824 >5ms=14824 >15ms=2806 >20ms=222 >30ms=0 | probes=14825 wrfail=0 down=4s maxout=4s
 251.162  t=249s RTT mean=16471 min=11468 max=25518 n=51 to=0 | cancels=0(+0/s) seqbad=0 len_bad=0 disc=0(0x00) | tot_n=14875 tot_to=0 maxever=27370 >2ms=14875 >5ms=14875 >15ms=2836 >20ms=224 >30ms=0 | probes=14876 wrfail=0 down=4s maxout=4s
 253.129  t=250s RTT mean=16471 min=11912 max=22330 n=51 to=0 | cancels=0(+0/s) seqbad=0 len_bad=0 disc=0(0x00) | tot_n=14926 tot_to=0 maxever=27370 >2ms=14926 >5ms=14926 >15ms=2867 >20ms=228 >30ms=0 | probes=14927 wrfail=0 down=4s maxout=4s
 253.129  t=251s RTT mean=16239 min=7382 max=23671 n=52 to=0 | cancels=0(+0/s) seqbad=0 len_bad=0 disc=0(0x00) | tot_n=14978 tot_to=0 maxever=27370 >2ms=14978 >5ms=14978 >15ms=2897 >20ms=230 >30ms=0 | probes=14979 wrfail=0 down=4s maxout=4s
 255.091  t=252s RTT mean=16444 min=11913 max=23967 n=51 to=0 | cancels=0(+0/s) seqbad=0 len_bad=0 disc=0(0x00) | tot_n=15029 tot_to=0 maxever=27370 >2ms=15029 >5ms=15029 >15ms=2927 >20ms=233 >30ms=0 | probes=15030 wrfail=0 down=4s maxout=4s
 255.151  t=253s RTT mean=16230 min=11912 max=19420 n=52 to=0 | cancels=0(+0/s) seqbad=0 len_bad=0 disc=0(0x00) | tot_n=15081 tot_to=0 maxever=27370 >2ms=15081 >5ms=15081 >15ms=2957 >20ms=233 >30ms=0 | probes=15082 wrfail=0 down=4s maxout=4s
 257.125  t=254s RTT mean=16328 min=11912 max=23588 n=52 to=0 | cancels=0(+0/s) seqbad=0 len_bad=0 disc=0(0x00) | tot_n=15133 tot_to=0 maxever=27370 >2ms=15133 >5ms=15133 >15ms=2987 >20ms=234 >30ms=0 | probes=15133 wrfail=0 down=4s maxout=4s
 257.126  t=255s RTT mean=16269 min=11912 max=20804 n=51 to=0 | cancels=0(+0/s) seqbad=0 len_bad=0 disc=0(0x00) | tot_n=15184 tot_to=0 maxever=27370 >2ms=15184 >5ms=15184 >15ms=3017 >20ms=236 >30ms=0 | probes=15185 wrfail=0 down=4s maxout=4s
 259.140  t=256s RTT mean=16471 min=10881 max=24995 n=51 to=0 | cancels=0(+0/s) seqbad=0 len_bad=0 disc=0(0x00) | tot_n=15235 tot_to=0 maxever=27370 >2ms=15235 >5ms=15235 >15ms=3047 >20ms=240 >30ms=0 | probes=15236 wrfail=0 down=4s maxout=4s
 259.141  t=257s RTT mean=16212 min=9043 max=20804 n=52 to=0 | cancels=0(+0/s) seqbad=0 len_bad=0 disc=0(0x00) | tot_n=15287 tot_to=0 maxever=27370 >2ms=15287 >5ms=15287 >15ms=3077 >20ms=243 >30ms=0 | probes=15288 wrfail=0 down=4s maxout=4s
 261.104  t=258s RTT mean=16499 min=11912 max=25068 n=51 to=0 | cancels=0(+0/s) seqbad=0 len_bad=0 disc=0(0x00) | tot_n=15338 tot_to=0 maxever=27370 >2ms=15338 >5ms=15338 >15ms=3107 >20ms=246 >30ms=0 | probes=15339 wrfail=0 down=4s maxout=4s
 261.159  t=259s RTT mean=16212 min=11470 max=19858 n=52 to=0 | cancels=0(+0/s) seqbad=0 len_bad=0 disc=0(0x00) | tot_n=15390 tot_to=0 maxever=27370 >2ms=15390 >5ms=15390 >15ms=3137 >20ms=246 >30ms=0 | probes=15391 wrfail=0 down=4s maxout=4s
 263.103  t=260s RTT mean=16499 min=11912 max=23967 n=51 to=0 | cancels=0(+0/s) seqbad=0 len_bad=0 disc=0(0x00) | tot_n=15441 tot_to=0 maxever=27370 >2ms=15441 >5ms=15441 >15ms=3167 >20ms=252 >30ms=0 | probes=15442 wrfail=0 down=4s maxout=4s
 263.159  t=261s RTT mean=16094 min=5974 max=20804 n=52 to=0 | cancels=0(+0/s) seqbad=0 len_bad=0 disc=0(0x00) | tot_n=15493 tot_to=0 maxever=27370 >2ms=15493 >5ms=15493 >15ms=3197 >20ms=257 >30ms=0 | probes=15494 wrfail=0 down=4s maxout=4s
 265.140  t=262s RTT mean=16213 min=9044 max=19861 n=52 to=0 | cancels=0(+0/s) seqbad=0 len_bad=0 disc=0(0x00) | tot_n=15545 tot_to=0 maxever=27370 >2ms=15545 >5ms=15545 >15ms=3227 >20ms=257 >30ms=0 | probes=15546 wrfail=0 down=4s maxout=4s
 265.140  t=263s RTT mean=16462 min=11912 max=23967 n=51 to=0 | cancels=0(+0/s) seqbad=0 len_bad=0 disc=0(0x00) | tot_n=15596 tot_to=0 maxever=27370 >2ms=15596 >5ms=15596 >15ms=3257 >20ms=260 >30ms=0 | probes=15597 wrfail=0 down=4s maxout=4s
 267.101  t=264s RTT mean=16131 min=5974 max=20804 n=52 to=0 | cancels=0(+0/s) seqbad=0 len_bad=0 disc=0(0x00) | tot_n=15648 tot_to=0 maxever=27370 >2ms=15648 >5ms=15648 >15ms=3287 >20ms=261 >30ms=0 | probes=15649 wrfail=0 down=4s maxout=4s
 267.162  t=265s RTT mean=16471 min=11912 max=23967 n=51 to=0 | cancels=0(+0/s) seqbad=0 len_bad=0 disc=0(0x00) | tot_n=15699 tot_to=0 maxever=27370 >2ms=15699 >5ms=15699 >15ms=3317 >20ms=264 >30ms=0 | probes=15700 wrfail=0 down=4s maxout=4s
 269.118  t=266s RTT mean=16212 min=9042 max=19862 n=52 to=0 | cancels=0(+0/s) seqbad=0 len_bad=0 disc=0(0x00) | tot_n=15751 tot_to=0 maxever=27370 >2ms=15751 >5ms=15751 >15ms=3347 >20ms=264 >30ms=0 | probes=15752 wrfail=0 down=4s maxout=4s
 269.118  t=267s RTT mean=16498 min=5974 max=26911 n=51 to=0 | cancels=0(+0/s) seqbad=0 len_bad=0 disc=0(0x00) | tot_n=15802 tot_to=0 maxever=27370 >2ms=15802 >5ms=15802 >15ms=3377 >20ms=270 >30ms=0 | probes=15803 wrfail=0 down=4s maxout=4s
 271.124  t=268s RTT mean=16471 min=9043 max=26910 n=51 to=0 | cancels=0(+0/s) seqbad=0 len_bad=0 disc=0(0x00) | tot_n=15853 tot_to=0 maxever=27370 >2ms=15853 >5ms=15853 >15ms=3407 >20ms=273 >30ms=0 | probes=15854 wrfail=0 down=4s maxout=4s
 271.124  t=269s RTT mean=16384 min=9042 max=29698 n=52 to=0 | cancels=0(+0/s) seqbad=0 len_bad=0 disc=0(0x00) | tot_n=15905 tot_to=0 maxever=29698 >2ms=15905 >5ms=15905 >15ms=3437 >20ms=275 >30ms=0 | probes=15906 wrfail=0 down=4s maxout=4s
 273.127  t=270s RTT mean=16297 min=11912 max=19861 n=51 to=0 | cancels=0(+0/s) seqbad=0 len_bad=0 disc=0(0x00) | tot_n=15956 tot_to=0 maxever=29698 >2ms=15956 >5ms=15956 >15ms=3467 >20ms=275 >30ms=0 | probes=15957 wrfail=0 down=4s maxout=4s
 273.127  t=271s RTT mean=16498 min=9042 max=25068 n=51 to=0 | cancels=0(+0/s) seqbad=0 len_bad=0 disc=0(0x00) | tot_n=16007 tot_to=0 maxever=29698 >2ms=16007 >5ms=16007 >15ms=3497 >20ms=281 >30ms=0 | probes=16008 wrfail=0 down=4s maxout=4s
 275.132  t=272s RTT mean=16239 min=9489 max=20804 n=52 to=0 | cancels=0(+0/s) seqbad=0 len_bad=0 disc=0(0x00) | tot_n=16059 tot_to=0 maxever=29698 >2ms=16059 >5ms=16059 >15ms=3527 >20ms=283 >30ms=0 | probes=16060 wrfail=0 down=4s maxout=4s
 275.132  t=273s RTT mean=16095 min=5974 max=20804 n=52 to=0 | cancels=0(+0/s) seqbad=0 len_bad=0 disc=0(0x00) | tot_n=16111 tot_to=0 maxever=29698 >2ms=16111 >5ms=16111 >15ms=3557 >20ms=285 >30ms=0 | probes=16112 wrfail=0 down=4s maxout=4s
 277.101  t=274s RTT mean=16204 min=9028 max=20804 n=52 to=0 | cancels=0(+0/s) seqbad=0 len_bad=0 disc=0(0x00) | tot_n=16163 tot_to=0 maxever=29698 >2ms=16163 >5ms=16163 >15ms=3587 >20ms=286 >30ms=0 | probes=16164 wrfail=0 down=4s maxout=4s
 277.155  t=275s RTT mean=16274 min=10426 max=20804 n=52 to=0 | cancels=0(+0/s) seqbad=0 len_bad=0 disc=0(0x00) | tot_n=16215 tot_to=0 maxever=29698 >2ms=16215 >5ms=16215 >15ms=3618 >20ms=287 >30ms=0 | probes=16216 wrfail=0 down=4s maxout=4s
 279.138  t=276s RTT mean=16324 min=10883 max=25067 n=51 to=0 | cancels=0(+0/s) seqbad=0 len_bad=0 disc=0(0x00) | tot_n=16266 tot_to=0 maxever=29698 >2ms=16266 >5ms=16266 >15ms=3647 >20ms=289 >30ms=0 | probes=16267 wrfail=0 down=4s maxout=4s
 279.138  t=277s RTT mean=16738 min=10875 max=25068 n=51 to=0 | cancels=0(+0/s) seqbad=0 len_bad=0 disc=0(0x00) | tot_n=16317 tot_to=0 maxever=29698 >2ms=16317 >5ms=16317 >15ms=3677 >20ms=294 >30ms=0 | probes=16318 wrfail=0 down=4s maxout=4s
 281.130  t=278s RTT mean=16609 min=10426 max=26911 n=51 to=0 | cancels=0(+0/s) seqbad=0 len_bad=0 disc=0(0x00) | tot_n=16368 tot_to=0 maxever=29698 >2ms=16368 >5ms=16368 >15ms=3708 >20ms=296 >30ms=0 | probes=16369 wrfail=0 down=4s maxout=4s
 281.130  t=279s RTT mean=16324 min=9042 max=26910 n=51 to=0 | cancels=0(+0/s) seqbad=0 len_bad=0 disc=0(0x00) | tot_n=16419 tot_to=0 maxever=29698 >2ms=16419 >5ms=16419 >15ms=3737 >20ms=298 >30ms=0 | probes=16420 wrfail=0 down=4s maxout=4s
 283.097  t=280s RTT mean=16471 min=11912 max=19430 n=51 to=0 | cancels=0(+0/s) seqbad=0 len_bad=0 disc=0(0x00) | tot_n=16470 tot_to=0 maxever=29698 >2ms=16470 >5ms=16470 >15ms=3768 >20ms=298 >30ms=0 | probes=16471 wrfail=0 down=4s maxout=4s
 283.157  t=281s RTT mean=16129 min=8719 max=22198 n=52 to=0 | cancels=0(+0/s) seqbad=0 len_bad=0 disc=0(0x00) | tot_n=16522 tot_to=0 maxever=29698 >2ms=16522 >5ms=16522 >15ms=3798 >20ms=301 >30ms=0 | probes=16523 wrfail=0 down=4s maxout=4s
 285.105  t=282s RTT mean=16132 min=5974 max=19432 n=53 to=0 | cancels=0(+0/s) seqbad=0 len_bad=0 disc=0(0x00) | tot_n=16575 tot_to=0 maxever=29698 >2ms=16575 >5ms=16575 >15ms=3829 >20ms=301 >30ms=0 | probes=16575 wrfail=0 down=4s maxout=4s
 285.164  t=283s RTT mean=16498 min=11912 max=23966 n=51 to=0 | cancels=0(+0/s) seqbad=0 len_bad=0 disc=0(0x00) | tot_n=16626 tot_to=0 maxever=29698 >2ms=16626 >5ms=16626 >15ms=3859 >20ms=305 >30ms=0 | probes=16626 wrfail=0 down=4s maxout=4s
 287.108  t=284s RTT mean=16151 min=9042 max=22198 n=51 to=0 | cancels=0(+0/s) seqbad=0 len_bad=0 disc=0(0x00) | tot_n=16677 tot_to=0 maxever=29698 >2ms=16677 >5ms=16677 >15ms=3888 >20ms=306 >30ms=0 | probes=16678 wrfail=0 down=4s maxout=4s
 287.168  t=285s RTT mean=16157 min=5974 max=20804 n=53 to=0 | cancels=0(+0/s) seqbad=0 len_bad=0 disc=0(0x00) | tot_n=16730 tot_to=0 maxever=29698 >2ms=16730 >5ms=16730 >15ms=3919 >20ms=309 >30ms=0 | probes=16730 wrfail=0 down=4s maxout=4s
 289.123  t=286s RTT mean=16169 min=11468 max=20804 n=51 to=0 | cancels=0(+0/s) seqbad=0 len_bad=0 disc=0(0x00) | tot_n=16781 tot_to=0 maxever=29698 >2ms=16781 >5ms=16781 >15ms=3948 >20ms=310 >30ms=0 | probes=16782 wrfail=0 down=4s maxout=4s
 289.123  t=287s RTT mean=16129 min=8721 max=21255 n=52 to=0 | cancels=0(+0/s) seqbad=0 len_bad=0 disc=0(0x00) | tot_n=16833 tot_to=0 maxever=29698 >2ms=16833 >5ms=16833 >15ms=3978 >20ms=313 >30ms=0 | probes=16834 wrfail=0 down=4s maxout=4s
 291.112  t=288s RTT mean=16095 min=5974 max=20804 n=52 to=0 | cancels=0(+0/s) seqbad=0 len_bad=0 disc=0(0x00) | tot_n=16885 tot_to=0 maxever=29698 >2ms=16885 >5ms=16885 >15ms=4008 >20ms=317 >30ms=0 | probes=16886 wrfail=0 down=4s maxout=4s
 291.172  t=289s RTT mean=16212 min=9028 max=20804 n=52 to=0 | cancels=0(+0/s) seqbad=0 len_bad=0 disc=0(0x00) | tot_n=16937 tot_to=0 maxever=29698 >2ms=16937 >5ms=16937 >15ms=4038 >20ms=319 >30ms=0 | probes=16938 wrfail=0 down=4s maxout=4s
 293.115  t=290s RTT mean=16499 min=11912 max=23966 n=51 to=0 | cancels=0(+0/s) seqbad=0 len_bad=0 disc=0(0x00) | tot_n=16988 tot_to=0 maxever=29698 >2ms=16988 >5ms=16988 >15ms=4068 >20ms=324 >30ms=0 | probes=16989 wrfail=0 down=4s maxout=4s
 293.175  t=291s RTT mean=16157 min=5974 max=22198 n=53 to=0 | cancels=0(+0/s) seqbad=0 len_bad=0 disc=0(0x00) | tot_n=17041 tot_to=0 maxever=29698 >2ms=17041 >5ms=17041 >15ms=4099 >20ms=327 >30ms=0 | probes=17041 wrfail=0 down=4s maxout=4s
 295.126  t=292s RTT mean=16288 min=9043 max=26911 n=51 to=0 | cancels=0(+0/s) seqbad=0 len_bad=0 disc=0(0x00) | tot_n=17092 tot_to=0 maxever=29698 >2ms=17092 >5ms=17092 >15ms=4128 >20ms=330 >30ms=0 | probes=17093 wrfail=0 down=4s maxout=4s
 295.126  t=293s RTT mean=16333 min=11468 max=20804 n=51 to=0 | cancels=0(+0/s) seqbad=0 len_bad=0 disc=0(0x00) | tot_n=17143 tot_to=0 maxever=29698 >2ms=17143 >5ms=17143 >15ms=4158 >20ms=331 >30ms=0 | probes=17144 wrfail=0 down=4s maxout=4s
 297.147  t=294s RTT mean=16519 min=11912 max=23966 n=52 to=0 | cancels=0(+0/s) seqbad=0 len_bad=0 disc=0(0x00) | tot_n=17195 tot_to=0 maxever=29698 >2ms=17195 >5ms=17195 >15ms=4189 >20ms=333 >30ms=0 | probes=17195 wrfail=0 down=4s maxout=4s
 297.147  t=295s RTT mean=16507 min=11912 max=23967 n=51 to=0 | cancels=0(+0/s) seqbad=0 len_bad=0 disc=0(0x00) | tot_n=17246 tot_to=0 maxever=29698 >2ms=17246 >5ms=17246 >15ms=4219 >20ms=336 >30ms=0 | probes=17247 wrfail=0 down=4s maxout=4s
 299.098  t=296s RTT mean=16297 min=9042 max=26911 n=51 to=0 | cancels=0(+0/s) seqbad=0 len_bad=0 disc=0(0x00) | tot_n=17297 tot_to=0 maxever=29698 >2ms=17297 >5ms=17297 >15ms=4248 >20ms=340 >30ms=0 | probes=17298 wrfail=0 down=4s maxout=4s
 299.158  t=297s RTT mean=16410 min=11467 max=21254 n=52 to=0 | cancels=0(+0/s) seqbad=0 len_bad=0 disc=0(0x00) | tot_n=17349 tot_to=0 maxever=29698 >2ms=17349 >5ms=17349 >15ms=4279 >20ms=341 >30ms=0 | probes=17349 wrfail=0 down=4s maxout=4s
 301.135  t=298s RTT mean=16150 min=9042 max=20803 n=51 to=0 | cancels=0(+0/s) seqbad=0 len_bad=0 disc=0(0x00) | tot_n=17400 tot_to=0 maxever=29698 >2ms=17400 >5ms=17400 >15ms=4308 >20ms=343 >30ms=0 | probes=17401 wrfail=0 down=4s maxout=4s
 301.135  t=299s RTT mean=16645 min=11912 max=26911 n=51 to=0 | cancels=0(+0/s) seqbad=0 len_bad=0 disc=0(0x00) | tot_n=17451 tot_to=0 maxever=29698 >2ms=17451 >5ms=17451 >15ms=4338 >20ms=348 >30ms=0 | probes=17452 wrfail=0 down=4s maxout=4s
 303.106  t=300s RTT mean=16357 min=11913 max=20804 n=52 to=0 | cancels=0(+0/s) seqbad=0 len_bad=0 disc=0(0x00) | tot_n=17503 tot_to=0 maxever=29698 >2ms=17503 >5ms=17503 >15ms=4369 >20ms=349 >30ms=0 | probes=17503 wrfail=0 down=4s maxout=4s
 303.166  t=301s RTT mean=16525 min=11912 max=23966 n=51 to=0 | cancels=0(+0/s) seqbad=0 len_bad=0 disc=0(0x00) | tot_n=17554 tot_to=0 maxever=29698 >2ms=17554 >5ms=17554 >15ms=4399 >20ms=355 >30ms=0 | probes=17554 wrfail=0 down=4s maxout=4s
 305.120  t=302s RTT mean=16186 min=9043 max=20804 n=52 to=0 | cancels=0(+0/s) seqbad=0 len_bad=0 disc=0(0x00) | tot_n=17606 tot_to=0 maxever=29698 >2ms=17606 >5ms=17606 >15ms=4429 >20ms=357 >30ms=0 | probes=17606 wrfail=0 down=4s maxout=4s
 305.120  t=303s RTT mean=16168 min=5974 max=25067 n=51 to=0 | cancels=0(+0/s) seqbad=0 len_bad=0 disc=0(0x00) | tot_n=17657 tot_to=0 maxever=29698 >2ms=17657 >5ms=17657 >15ms=4458 >20ms=360 >30ms=0 | probes=17658 wrfail=0 down=4s maxout=4s
 307.146  t=304s RTT mean=16419 min=11912 max=22360 n=52 to=0 | cancels=0(+0/s) seqbad=0 len_bad=0 disc=0(0x00) | tot_n=17709 tot_to=0 maxever=29698 >2ms=17709 >5ms=17709 >15ms=4489 >20ms=362 >30ms=0 | probes=17710 wrfail=0 down=4s maxout=4s
 307.146  PCTL target=100 tot=3092 to=0 p50=19 p90=19 p99=23 p99.9=26 max=29 g30=0 g100=0 (ms/counts)
 307.146  LOADRAMP: target=125 KBps for 60s
 307.146  t=305s RTT mean=16212 min=7648 max=20804 n=52 to=0 | cancels=0(+0/s) seqbad=0 len_bad=0 disc=0(0x00) | tot_n=17761 tot_to=0 maxever=29698 >2ms=17761 >5ms=17761 >15ms=4519 >20ms=364 >30ms=0 | probes=17761 wrfail=0 down=4s maxout=4s
 309.110  t=306s RTT mean=17723 min=10437 max=20804 n=48 to=0 | cancels=0(+0/s) seqbad=0 len_bad=0 disc=0(0x00) | tot_n=17809 tot_to=0 maxever=29698 >2ms=17809 >5ms=17809 >15ms=4556 >20ms=365 >30ms=0 | probes=17809 wrfail=0 down=4s maxout=4s
 309.171  t=307s RTT mean=17815 min=11912 max=20826 n=47 to=0 | cancels=0(+0/s) seqbad=0 len_bad=0 disc=0(0x00) | tot_n=17856 tot_to=0 maxever=29698 >2ms=17856 >5ms=17856 >15ms=4593 >20ms=368 >30ms=0 | probes=17857 wrfail=0 down=4s maxout=4s
 311.107  t=308s RTT mean=17728 min=9042 max=20804 n=49 to=0 | cancels=0(+0/s) seqbad=0 len_bad=0 disc=0(0x00) | tot_n=17905 tot_to=0 maxever=29698 >2ms=17905 >5ms=17905 >15ms=4631 >20ms=370 >30ms=0 | probes=17905 wrfail=0 down=4s maxout=4s
 311.158  t=309s RTT mean=18134 min=11912 max=20804 n=47 to=0 | cancels=0(+0/s) seqbad=0 len_bad=0 disc=0(0x00) | tot_n=17952 tot_to=0 maxever=29698 >2ms=17952 >5ms=17952 >15ms=4670 >20ms=374 >30ms=0 | probes=17952 wrfail=0 down=4s maxout=4s
 313.119  t=310s RTT mean=17777 min=11912 max=20804 n=47 to=0 | cancels=0(+0/s) seqbad=0 len_bad=0 disc=0(0x00) | tot_n=17999 tot_to=0 maxever=29698 >2ms=17999 >5ms=17999 >15ms=4707 >20ms=377 >30ms=0 | probes=18000 wrfail=0 down=4s maxout=4s
 313.175  t=311s RTT mean=17765 min=10437 max=20804 n=49 to=0 | cancels=0(+0/s) seqbad=0 len_bad=0 disc=0(0x00) | tot_n=18048 tot_to=0 maxever=29698 >2ms=18048 >5ms=18048 >15ms=4745 >20ms=380 >30ms=0 | probes=18048 wrfail=0 down=4s maxout=4s
 315.104  t=312s RTT mean=17693 min=5974 max=20807 n=48 to=0 | cancels=0(+0/s) seqbad=0 len_bad=0 disc=0(0x00) | tot_n=18096 tot_to=0 maxever=29698 >2ms=18096 >5ms=18096 >15ms=4783 >20ms=383 >30ms=0 | probes=18097 wrfail=0 down=4s maxout=4s
 315.161  t=313s RTT mean=17816 min=9042 max=26911 n=47 to=0 | cancels=0(+0/s) seqbad=0 len_bad=0 disc=0(0x00) | tot_n=18143 tot_to=0 maxever=29698 >2ms=18143 >5ms=18143 >15ms=4819 >20ms=386 >30ms=0 | probes=18144 wrfail=0 down=4s maxout=4s
 317.106  t=314s RTT mean=17728 min=5974 max=20807 n=49 to=0 | cancels=0(+0/s) seqbad=0 len_bad=0 disc=0(0x00) | tot_n=18192 tot_to=0 maxever=29698 >2ms=18192 >5ms=18192 >15ms=4858 >20ms=388 >30ms=0 | probes=18192 wrfail=0 down=4s maxout=4s
 317.167  t=315s RTT mean=18095 min=11912 max=26911 n=47 to=0 | cancels=0(+0/s) seqbad=0 len_bad=0 disc=0(0x00) | tot_n=18239 tot_to=0 maxever=29698 >2ms=18239 >5ms=18239 >15ms=4896 >20ms=391 >30ms=0 | probes=18240 wrfail=0 down=4s maxout=4s
 319.130  t=316s RTT mean=17731 min=10438 max=22360 n=48 to=0 | cancels=0(+0/s) seqbad=0 len_bad=0 disc=0(0x00) | tot_n=18287 tot_to=0 maxever=29698 >2ms=18287 >5ms=18287 >15ms=4933 >20ms=392 >30ms=0 | probes=18288 wrfail=0 down=4s maxout=4s
 319.130  t=317s RTT mean=17820 min=11468 max=20804 n=48 to=0 | cancels=0(+0/s) seqbad=0 len_bad=0 disc=0(0x00) | tot_n=18335 tot_to=0 maxever=29698 >2ms=18335 >5ms=18335 >15ms=4971 >20ms=394 >30ms=0 | probes=18336 wrfail=0 down=4s maxout=4s
 321.140  t=318s RTT mean=17722 min=9043 max=21255 n=48 to=0 | cancels=0(+0/s) seqbad=0 len_bad=0 disc=0(0x00) | tot_n=18383 tot_to=0 maxever=29698 >2ms=18383 >5ms=18383 >15ms=5008 >20ms=396 >30ms=0 | probes=18384 wrfail=0 down=4s maxout=4s
 321.140  t=319s RTT mean=17815 min=11913 max=22197 n=47 to=0 | cancels=0(+0/s) seqbad=0 len_bad=0 disc=0(0x00) | tot_n=18430 tot_to=0 maxever=29698 >2ms=18430 >5ms=18430 >15ms=5045 >20ms=398 >30ms=0 | probes=18431 wrfail=0 down=4s maxout=4s
 323.119  t=320s RTT mean=17690 min=9490 max=20801 n=49 to=0 | cancels=0(+0/s) seqbad=0 len_bad=0 disc=0(0x00) | tot_n=18479 tot_to=0 maxever=29698 >2ms=18479 >5ms=18479 >15ms=5083 >20ms=399 >30ms=0 | probes=18480 wrfail=0 down=4s maxout=4s
 323.179  t=321s RTT mean=17731 min=9043 max=22362 n=48 to=0 | cancels=0(+0/s) seqbad=0 len_bad=0 disc=0(0x00) | tot_n=18527 tot_to=0 maxever=29698 >2ms=18527 >5ms=18527 >15ms=5120 >20ms=401 >30ms=0 | probes=18528 wrfail=0 down=4s maxout=4s
 325.119  t=322s RTT mean=17849 min=11913 max=21254 n=48 to=0 | cancels=0(+0/s) seqbad=0 len_bad=0 disc=0(0x00) | tot_n=18575 tot_to=0 maxever=29698 >2ms=18575 >5ms=18575 >15ms=5158 >20ms=402 >30ms=0 | probes=18575 wrfail=0 down=4s maxout=4s
 325.179  t=323s RTT mean=17693 min=9042 max=22363 n=48 to=0 | cancels=0(+0/s) seqbad=0 len_bad=0 disc=0(0x00) | tot_n=18623 tot_to=0 maxever=29698 >2ms=18623 >5ms=18623 >15ms=5195 >20ms=403 >30ms=0 | probes=18623 wrfail=0 down=4s maxout=4s
 327.145  t=324s RTT mean=17816 min=11913 max=20803 n=47 to=0 | cancels=0(+0/s) seqbad=0 len_bad=0 disc=0(0x00) | tot_n=18670 tot_to=0 maxever=29698 >2ms=18670 >5ms=18670 >15ms=5232 >20ms=404 >30ms=0 | probes=18671 wrfail=0 down=4s maxout=4s
 327.145  t=325s RTT mean=17727 min=5974 max=20804 n=49 to=0 | cancels=0(+0/s) seqbad=0 len_bad=0 disc=0(0x00) | tot_n=18719 tot_to=0 maxever=29698 >2ms=18719 >5ms=18719 >15ms=5271 >20ms=407 >30ms=0 | probes=18719 wrfail=0 down=4s maxout=4s
 329.133  t=326s RTT mean=17693 min=9042 max=22362 n=48 to=0 | cancels=0(+0/s) seqbad=0 len_bad=0 disc=0(0x00) | tot_n=18767 tot_to=0 maxever=29698 >2ms=18767 >5ms=18767 >15ms=5308 >20ms=410 >30ms=0 | probes=18768 wrfail=0 down=4s maxout=4s
 329.133  t=327s RTT mean=17810 min=9045 max=22198 n=48 to=0 | cancels=0(+0/s) seqbad=0 len_bad=0 disc=0(0x00) | tot_n=18815 tot_to=0 maxever=29698 >2ms=18815 >5ms=18815 >15ms=5346 >20ms=413 >30ms=0 | probes=18815 wrfail=0 down=4s maxout=4s
 331.145  t=328s RTT mean=17731 min=5974 max=26911 n=48 to=0 | cancels=0(+0/s) seqbad=0 len_bad=0 disc=0(0x00) | tot_n=18863 tot_to=0 maxever=29698 >2ms=18863 >5ms=18863 >15ms=5383 >20ms=415 >30ms=0 | probes=18863 wrfail=0 down=4s maxout=4s
 331.146  t=329s RTT mean=17785 min=11912 max=20804 n=47 to=0 | cancels=0(+0/s) seqbad=0 len_bad=0 disc=0(0x00) | tot_n=18910 tot_to=0 maxever=29698 >2ms=18910 >5ms=18910 >15ms=5420 >20ms=417 >30ms=0 | probes=18911 wrfail=0 down=4s maxout=4s
 333.145  t=330s RTT mean=17728 min=9041 max=20804 n=49 to=0 | cancels=0(+0/s) seqbad=0 len_bad=0 disc=0(0x00) | tot_n=18959 tot_to=0 maxever=29698 >2ms=18959 >5ms=18959 >15ms=5458 >20ms=419 >30ms=0 | probes=18959 wrfail=0 down=4s maxout=4s
 333.145  t=331s RTT mean=17721 min=5974 max=22198 n=48 to=0 | cancels=0(+0/s) seqbad=0 len_bad=0 disc=0(0x00) | tot_n=19007 tot_to=0 maxever=29698 >2ms=19007 >5ms=19007 >15ms=5496 >20ms=425 >30ms=0 | probes=19007 wrfail=0 down=4s maxout=4s
 335.134  t=332s RTT mean=17722 min=9042 max=22362 n=48 to=0 | cancels=0(+0/s) seqbad=0 len_bad=0 disc=0(0x00) | tot_n=19055 tot_to=0 maxever=29698 >2ms=19055 >5ms=19055 >15ms=5533 >20ms=428 >30ms=0 | probes=19055 wrfail=0 down=4s maxout=4s
 335.134  t=333s RTT mean=17785 min=11912 max=21254 n=47 to=0 | cancels=0(+0/s) seqbad=0 len_bad=0 disc=0(0x00) | tot_n=19102 tot_to=0 maxever=29698 >2ms=19102 >5ms=19102 >15ms=5570 >20ms=431 >30ms=0 | probes=19103 wrfail=0 down=4s maxout=4s
 337.149  t=334s RTT mean=17728 min=5974 max=22197 n=49 to=0 | cancels=0(+0/s) seqbad=0 len_bad=0 disc=0(0x00) | tot_n=19151 tot_to=0 maxever=29698 >2ms=19151 >5ms=19151 >15ms=5609 >20ms=434 >30ms=0 | probes=19151 wrfail=0 down=4s maxout=4s
 337.149  t=335s RTT mean=17776 min=11912 max=20804 n=47 to=0 | cancels=0(+0/s) seqbad=0 len_bad=0 disc=0(0x00) | tot_n=19198 tot_to=0 maxever=29698 >2ms=19198 >5ms=19198 >15ms=5646 >20ms=435 >30ms=0 | probes=19199 wrfail=0 down=4s maxout=4s
 339.161  t=336s RTT mean=17737 min=10885 max=19862 n=49 to=0 | cancels=0(+0/s) seqbad=0 len_bad=0 disc=0(0x00) | tot_n=19247 tot_to=0 maxever=29698 >2ms=19247 >5ms=19247 >15ms=5684 >20ms=435 >30ms=0 | probes=19247 wrfail=0 down=4s maxout=4s
 339.161  t=337s RTT mean=17684 min=10438 max=19432 n=48 to=0 | cancels=0(+0/s) seqbad=0 len_bad=0 disc=0(0x00) | tot_n=19295 tot_to=0 maxever=29698 >2ms=19295 >5ms=19295 >15ms=5721 >20ms=435 >30ms=0 | probes=19296 wrfail=0 down=4s maxout=4s
 341.109  t=338s RTT mean=17703 min=10437 max=19862 n=48 to=0 | cancels=0(+0/s) seqbad=0 len_bad=0 disc=0(0x00) | tot_n=19343 tot_to=0 maxever=29698 >2ms=19343 >5ms=19343 >15ms=5758 >20ms=435 >30ms=0 | probes=19344 wrfail=0 down=4s maxout=4s
 341.169  t=339s RTT mean=17722 min=10437 max=22360 n=48 to=0 | cancels=0(+0/s) seqbad=0 len_bad=0 disc=0(0x00) | tot_n=19391 tot_to=0 maxever=29698 >2ms=19391 >5ms=19391 >15ms=5795 >20ms=436 >30ms=0 | probes=19392 wrfail=0 down=4s maxout=4s
 343.123  t=340s RTT mean=17849 min=11912 max=21252 n=48 to=0 | cancels=0(+0/s) seqbad=0 len_bad=0 disc=0(0x00) | tot_n=19439 tot_to=0 maxever=29698 >2ms=19439 >5ms=19439 >15ms=5833 >20ms=437 >30ms=0 | probes=19440 wrfail=0 down=4s maxout=4s
 343.178  t=341s RTT mean=17722 min=9043 max=21254 n=48 to=0 | cancels=0(+0/s) seqbad=0 len_bad=0 disc=0(0x00) | tot_n=19487 tot_to=0 maxever=29698 >2ms=19487 >5ms=19487 >15ms=5870 >20ms=439 >30ms=0 | probes=19488 wrfail=0 down=4s maxout=4s
 345.107  t=342s RTT mean=17820 min=11912 max=20803 n=48 to=0 | cancels=0(+0/s) seqbad=0 len_bad=0 disc=0(0x00) | tot_n=19535 tot_to=0 maxever=29698 >2ms=19535 >5ms=19535 >15ms=5908 >20ms=440 >30ms=0 | probes=19535 wrfail=0 down=4s maxout=4s
 345.161  t=343s RTT mean=17663 min=9043 max=19861 n=48 to=0 | cancels=0(+0/s) seqbad=0 len_bad=0 disc=0(0x00) | tot_n=19583 tot_to=0 maxever=29698 >2ms=19583 >5ms=19583 >15ms=5945 >20ms=440 >30ms=0 | probes=19584 wrfail=0 down=4s maxout=4s
 347.162  t=344s RTT mean=17722 min=9043 max=22346 n=48 to=0 | cancels=0(+0/s) seqbad=0 len_bad=0 disc=0(0x00) | tot_n=19631 tot_to=0 maxever=29698 >2ms=19631 >5ms=19631 >15ms=5982 >20ms=442 >30ms=0 | probes=19632 wrfail=0 down=4s maxout=4s
 347.162  t=345s RTT mean=17936 min=11912 max=26909 n=47 to=0 | cancels=0(+0/s) seqbad=0 len_bad=0 disc=0(0x00) | tot_n=19678 tot_to=0 maxever=29698 >2ms=19678 >5ms=19678 >15ms=6019 >20ms=444 >30ms=0 | probes=19679 wrfail=0 down=4s maxout=4s
 349.137  t=346s RTT mean=17584 min=5974 max=19860 n=49 to=0 | cancels=0(+0/s) seqbad=0 len_bad=0 disc=0(0x00) | tot_n=19727 tot_to=0 maxever=29698 >2ms=19727 >5ms=19727 >15ms=6057 >20ms=444 >30ms=0 | probes=19728 wrfail=0 down=4s maxout=4s
 349.137  t=347s RTT mean=18300 min=10886 max=26912 n=46 to=0 | cancels=0(+0/s) seqbad=0 len_bad=0 disc=0(0x00) | tot_n=19773 tot_to=0 maxever=29698 >2ms=19773 >5ms=19773 >15ms=6093 >20ms=448 >30ms=0 | probes=19774 wrfail=0 down=4s maxout=4s
 351.146  t=348s RTT mean=17849 min=11912 max=20812 n=48 to=0 | cancels=0(+0/s) seqbad=0 len_bad=0 disc=0(0x00) | tot_n=19821 tot_to=0 maxever=29698 >2ms=19821 >5ms=19821 >15ms=6131 >20ms=451 >30ms=0 | probes=19822 wrfail=0 down=4s maxout=4s
 351.146  t=349s RTT mean=17575 min=5975 max=20804 n=49 to=0 | cancels=0(+0/s) seqbad=0 len_bad=0 disc=0(0x00) | tot_n=19870 tot_to=0 maxever=29698 >2ms=19870 >5ms=19870 >15ms=6169 >20ms=453 >30ms=0 | probes=19871 wrfail=0 down=4s maxout=4s
 353.155  t=350s RTT mean=17811 min=11912 max=20814 n=48 to=0 | cancels=0(+0/s) seqbad=0 len_bad=0 disc=0(0x00) | tot_n=19918 tot_to=0 maxever=29698 >2ms=19918 >5ms=19918 >15ms=6207 >20ms=456 >30ms=0 | probes=19918 wrfail=0 down=4s maxout=4s
 353.155  t=351s RTT mean=17702 min=7647 max=20802 n=48 to=0 | cancels=0(+0/s) seqbad=0 len_bad=0 disc=0(0x00) | tot_n=19966 tot_to=0 maxever=29698 >2ms=19966 >5ms=19966 >15ms=6244 >20ms=458 >30ms=0 | probes=19967 wrfail=0 down=4s maxout=4s
 355.147  t=352s RTT mean=17751 min=9043 max=20804 n=48 to=0 | cancels=0(+0/s) seqbad=0 len_bad=0 disc=0(0x00) | tot_n=20014 tot_to=0 maxever=29698 >2ms=20014 >5ms=20014 >15ms=6281 >20ms=463 >30ms=0 | probes=20015 wrfail=0 down=4s maxout=4s
 355.147  t=353s RTT mean=18264 min=11912 max=26911 n=47 to=0 | cancels=0(+0/s) seqbad=0 len_bad=0 disc=0(0x00) | tot_n=20061 tot_to=0 maxever=29698 >2ms=20061 >5ms=20061 >15ms=6319 >20ms=469 >30ms=0 | probes=20061 wrfail=0 down=4s maxout=4s
 357.134  t=354s RTT mean=17664 min=5975 max=20817 n=48 to=0 | cancels=0(+0/s) seqbad=0 len_bad=0 disc=0(0x00) | tot_n=20109 tot_to=0 maxever=29698 >2ms=20109 >5ms=20109 >15ms=6357 >20ms=471 >30ms=0 | probes=20110 wrfail=0 down=4s maxout=4s
 357.134  t=355s RTT mean=17693 min=10437 max=20800 n=48 to=0 | cancels=0(+0/s) seqbad=0 len_bad=0 disc=0(0x00) | tot_n=20157 tot_to=0 maxever=29698 >2ms=20157 >5ms=20157 >15ms=6394 >20ms=472 >30ms=0 | probes=20158 wrfail=0 down=4s maxout=4s
 359.134  t=356s RTT mean=17878 min=9042 max=26911 n=48 to=0 | cancels=0(+0/s) seqbad=0 len_bad=0 disc=0(0x00) | tot_n=20205 tot_to=0 maxever=29698 >2ms=20205 >5ms=20205 >15ms=6431 >20ms=476 >30ms=0 | probes=20205 wrfail=0 down=4s maxout=4s
 359.134  t=357s RTT mean=17693 min=5973 max=20803 n=48 to=0 | cancels=0(+0/s) seqbad=0 len_bad=0 disc=0(0x00) | tot_n=20253 tot_to=0 maxever=29698 >2ms=20253 >5ms=20253 >15ms=6469 >20ms=478 >30ms=0 | probes=20254 wrfail=0 down=4s maxout=4s
 361.137  t=358s RTT mean=18134 min=11913 max=22360 n=47 to=0 | cancels=0(+0/s) seqbad=0 len_bad=0 disc=0(0x00) | tot_n=20300 tot_to=0 maxever=29698 >2ms=20300 >5ms=20300 >15ms=6507 >20ms=485 >30ms=0 | probes=20301 wrfail=0 down=4s maxout=4s
 361.137  t=359s RTT mean=17810 min=11912 max=22198 n=48 to=0 | cancels=0(+0/s) seqbad=0 len_bad=0 disc=0(0x00) | tot_n=20348 tot_to=0 maxever=29698 >2ms=20348 >5ms=20348 >15ms=6545 >20ms=486 >30ms=0 | probes=20349 wrfail=0 down=4s maxout=4s
 363.147  t=360s RTT mean=17693 min=10438 max=19862 n=48 to=0 | cancels=0(+0/s) seqbad=0 len_bad=0 disc=0(0x00) | tot_n=20396 tot_to=0 maxever=29698 >2ms=20396 >5ms=20396 >15ms=6582 >20ms=486 >30ms=0 | probes=20397 wrfail=0 down=4s maxout=4s
 363.147  t=361s RTT mean=17702 min=9042 max=20804 n=48 to=0 | cancels=0(+0/s) seqbad=0 len_bad=0 disc=0(0x00) | tot_n=20444 tot_to=0 maxever=29698 >2ms=20444 >5ms=20444 >15ms=6619 >20ms=488 >30ms=0 | probes=20445 wrfail=0 down=4s maxout=4s
 365.120  t=362s RTT mean=17840 min=11912 max=20804 n=48 to=0 | cancels=0(+0/s) seqbad=0 len_bad=0 disc=0(0x00) | tot_n=20492 tot_to=0 maxever=29698 >2ms=20492 >5ms=20492 >15ms=6657 >20ms=490 >30ms=0 | probes=20493 wrfail=0 down=4s maxout=4s
 365.180  t=363s RTT mean=17825 min=10438 max=26831 n=47 to=0 | cancels=0(+0/s) seqbad=0 len_bad=0 disc=0(0x00) | tot_n=20539 tot_to=0 maxever=29698 >2ms=20539 >5ms=20539 >15ms=6693 >20ms=491 >30ms=0 | probes=20540 wrfail=0 down=4s maxout=4s
 367.114  t=364s RTT mean=17757 min=10157 max=26483 n=49 to=0 | cancels=0(+0/s) seqbad=0 len_bad=0 disc=0(0x00) | tot_n=20588 tot_to=0 maxever=29698 >2ms=20588 >5ms=20588 >15ms=6731 >20ms=492 >30ms=0 | probes=20588 wrfail=0 down=4s maxout=4s
 367.174  PCTL target=125 tot=2875 to=0 p50=19 p90=19 p99=22 p99.9=26 max=26 g30=0 g100=0 (ms/counts)
 367.175  LOADRAMP: target=150 KBps for 60s
 367.175  t=365s RTT mean=17654 min=9043 max=19417 n=48 to=0 | cancels=0(+0/s) seqbad=0 len_bad=0 disc=0(0x00) | tot_n=20636 tot_to=0 maxever=29698 >2ms=20636 >5ms=20636 >15ms=6768 >20ms=492 >30ms=0 | probes=20637 wrfail=0 down=4s maxout=4s
 369.110  t=366s RTT mean=19453 min=18012 max=21254 n=44 to=0 | cancels=0(+0/s) seqbad=0 len_bad=0 disc=0(0x00) | tot_n=20680 tot_to=0 maxever=29698 >2ms=20680 >5ms=20680 >15ms=6812 >20ms=494 >30ms=0 | probes=20681 wrfail=0 down=4s maxout=4s
 369.171  t=367s RTT mean=19410 min=18012 max=20804 n=45 to=0 | cancels=0(+0/s) seqbad=0 len_bad=0 disc=0(0x00) | tot_n=20725 tot_to=0 maxever=29698 >2ms=20725 >5ms=20725 >15ms=6857 >20ms=499 >30ms=0 | probes=20725 wrfail=0 down=4s maxout=4s
 371.115  t=368s RTT mean=19411 min=18013 max=20803 n=44 to=0 | cancels=0(+0/s) seqbad=0 len_bad=0 disc=0(0x00) | tot_n=20769 tot_to=0 maxever=29698 >2ms=20769 >5ms=20769 >15ms=6901 >20ms=500 >30ms=0 | probes=20770 wrfail=0 down=4s maxout=4s
 371.175  t=369s RTT mean=19410 min=18013 max=20804 n=44 to=0 | cancels=0(+0/s) seqbad=0 len_bad=0 disc=0(0x00) | tot_n=20813 tot_to=0 maxever=29698 >2ms=20813 >5ms=20813 >15ms=6945 >20ms=501 >30ms=0 | probes=20814 wrfail=0 down=4s maxout=4s
 373.115  t=370s RTT mean=19577 min=18013 max=25518 n=45 to=0 | cancels=0(+0/s) seqbad=0 len_bad=0 disc=0(0x00) | tot_n=20858 tot_to=0 maxever=29698 >2ms=20858 >5ms=20858 >15ms=6990 >20ms=504 >30ms=0 | probes=20858 wrfail=0 down=4s maxout=4s
 373.175  t=371s RTT mean=19581 min=18012 max=25068 n=44 to=0 | cancels=0(+0/s) seqbad=0 len_bad=0 disc=0(0x00) | tot_n=20902 tot_to=0 maxever=29698 >2ms=20902 >5ms=20902 >15ms=7034 >20ms=507 >30ms=0 | probes=20903 wrfail=0 down=4s maxout=4s
 375.122  t=372s RTT mean=19581 min=18012 max=26911 n=44 to=0 | cancels=0(+0/s) seqbad=0 len_bad=0 disc=0(0x00) | tot_n=20946 tot_to=0 maxever=29698 >2ms=20946 >5ms=20946 >15ms=7078 >20ms=510 >30ms=0 | probes=20947 wrfail=0 down=4s maxout=4s
 375.183  t=373s RTT mean=19581 min=19408 max=25518 n=44 to=0 | cancels=0(+0/s) seqbad=0 len_bad=0 disc=0(0x00) | tot_n=20990 tot_to=0 maxever=29698 >2ms=20990 >5ms=20990 >15ms=7122 >20ms=512 >30ms=0 | probes=20991 wrfail=0 down=4s maxout=4s
 377.141  t=374s RTT mean=19411 min=18013 max=20816 n=44 to=0 | cancels=0(+0/s) seqbad=0 len_bad=0 disc=0(0x00) | tot_n=21034 tot_to=0 maxever=29698 >2ms=21034 >5ms=21034 >15ms=7166 >20ms=515 >30ms=0 | probes=21035 wrfail=0 down=4s maxout=4s
 377.141  t=375s RTT mean=19410 min=18013 max=20813 n=45 to=0 | cancels=0(+0/s) seqbad=0 len_bad=0 disc=0(0x00) | tot_n=21079 tot_to=0 maxever=29698 >2ms=21079 >5ms=21079 >15ms=7211 >20ms=517 >30ms=0 | probes=21080 wrfail=0 down=4s maxout=4s
 379.157  t=376s RTT mean=19550 min=18013 max=25515 n=44 to=0 | cancels=0(+0/s) seqbad=0 len_bad=0 disc=0(0x00) | tot_n=21123 tot_to=0 maxever=29698 >2ms=21123 >5ms=21123 >15ms=7255 >20ms=519 >30ms=0 | probes=21124 wrfail=0 down=4s maxout=4s
 379.157  t=377s RTT mean=19442 min=19408 max=20800 n=44 to=0 | cancels=0(+0/s) seqbad=0 len_bad=0 disc=0(0x00) | tot_n=21167 tot_to=0 maxever=29698 >2ms=21167 >5ms=21167 >15ms=7299 >20ms=520 >30ms=0 | probes=21168 wrfail=0 down=4s maxout=4s
 381.156  t=378s RTT mean=19411 min=19408 max=19425 n=45 to=0 | cancels=0(+0/s) seqbad=0 len_bad=0 disc=0(0x00) | tot_n=21212 tot_to=0 maxever=29698 >2ms=21212 >5ms=21212 >15ms=7344 >20ms=520 >30ms=0 | probes=21213 wrfail=0 down=4s maxout=4s
 381.156  t=379s RTT mean=19410 min=18013 max=22198 n=44 to=0 | cancels=0(+0/s) seqbad=0 len_bad=0 disc=0(0x00) | tot_n=21256 tot_to=0 maxever=29698 >2ms=21256 >5ms=21256 >15ms=7388 >20ms=521 >30ms=0 | probes=21257 wrfail=0 down=4s maxout=4s
 383.120  t=380s RTT mean=19411 min=19408 max=19431 n=45 to=0 | cancels=0(+0/s) seqbad=0 len_bad=0 disc=0(0x00) | tot_n=21301 tot_to=0 maxever=29698 >2ms=21301 >5ms=21301 >15ms=7433 >20ms=521 >30ms=0 | probes=21302 wrfail=0 down=4s maxout=4s
 383.179  t=381s RTT mean=20108 min=18012 max=41911 n=43 to=0 | cancels=0(+0/s) seqbad=0 len_bad=0 disc=0(0x00) | tot_n=21344 tot_to=0 maxever=41911 >2ms=21344 >5ms=21344 >15ms=7476 >20ms=525 >30ms=1 | probes=21345 wrfail=0 down=4s maxout=4s
 385.118  t=382s RTT mean=20109 min=19408 max=26911 n=43 to=0 | cancels=0(+0/s) seqbad=0 len_bad=0 disc=0(0x00) | tot_n=21387 tot_to=0 maxever=41911 >2ms=21387 >5ms=21387 >15ms=7519 >20ms=529 >30ms=1 | probes=21388 wrfail=0 down=4s maxout=4s
 385.178  t=383s RTT mean=19751 min=19406 max=26911 n=44 to=0 | cancels=0(+0/s) seqbad=0 len_bad=0 disc=0(0x00) | tot_n=21431 tot_to=0 maxever=41911 >2ms=21431 >5ms=21431 >15ms=7563 >20ms=531 >30ms=1 | probes=21432 wrfail=0 down=4s maxout=4s
 387.114  t=384s RTT mean=19720 min=19408 max=26913 n=44 to=0 | cancels=0(+0/s) seqbad=0 len_bad=0 disc=0(0x00) | tot_n=21475 tot_to=0 maxever=41911 >2ms=21475 >5ms=21475 >15ms=7607 >20ms=533 >30ms=1 | probes=21475 wrfail=0 down=4s maxout=4s
 387.174  t=385s RTT mean=19442 min=18010 max=20804 n=44 to=0 | cancels=0(+0/s) seqbad=0 len_bad=0 disc=0(0x00) | tot_n=21519 tot_to=0 maxever=41911 >2ms=21519 >5ms=21519 >15ms=7651 >20ms=536 >30ms=1 | probes=21520 wrfail=0 down=4s maxout=4s
 389.164  t=386s RTT mean=19411 min=18012 max=22198 n=44 to=0 | cancels=0(+0/s) seqbad=0 len_bad=0 disc=0(0x00) | tot_n=21563 tot_to=0 maxever=41911 >2ms=21563 >5ms=21563 >15ms=7695 >20ms=539 >30ms=1 | probes=21564 wrfail=0 down=4s maxout=4s
 389.164  t=387s RTT mean=19921 min=18012 max=26461 n=44 to=0 | cancels=0(+0/s) seqbad=0 len_bad=0 disc=0(0x00) | tot_n=21607 tot_to=0 maxever=41911 >2ms=21607 >5ms=21607 >15ms=7739 >20ms=545 >30ms=1 | probes=21608 wrfail=0 down=4s maxout=4s
 391.117  t=388s RTT mean=19752 min=18010 max=26914 n=44 to=0 | cancels=0(+0/s) seqbad=0 len_bad=0 disc=0(0x00) | tot_n=21651 tot_to=0 maxever=41911 >2ms=21651 >5ms=21651 >15ms=7783 >20ms=550 >30ms=1 | probes=21652 wrfail=0 down=4s maxout=4s
 391.178  t=389s RTT mean=19580 min=18012 max=25069 n=44 to=0 | cancels=0(+0/s) seqbad=0 len_bad=0 disc=0(0x00) | tot_n=21695 tot_to=0 maxever=41911 >2ms=21695 >5ms=21695 >15ms=7827 >20ms=555 >30ms=1 | probes=21696 wrfail=0 down=4s maxout=4s
 393.142  t=390s RTT mean=19411 min=18013 max=20804 n=44 to=0 | cancels=0(+0/s) seqbad=0 len_bad=0 disc=0(0x00) | tot_n=21739 tot_to=0 maxever=41911 >2ms=21739 >5ms=21739 >15ms=7871 >20ms=556 >30ms=1 | probes=21740 wrfail=0 down=4s maxout=4s
 393.142  t=391s RTT mean=19719 min=18012 max=26911 n=44 to=0 | cancels=0(+0/s) seqbad=0 len_bad=0 disc=0(0x00) | tot_n=21783 tot_to=0 maxever=41911 >2ms=21783 >5ms=21783 >15ms=7915 >20ms=561 >30ms=1 | probes=21784 wrfail=0 down=4s maxout=4s
 395.166  t=392s RTT mean=19442 min=18009 max=20824 n=45 to=0 | cancels=0(+0/s) seqbad=0 len_bad=0 disc=0(0x00) | tot_n=21828 tot_to=0 maxever=41911 >2ms=21828 >5ms=21828 >15ms=7960 >20ms=566 >30ms=1 | probes=21828 wrfail=0 down=4s maxout=4s
 395.166  t=393s RTT mean=19580 min=18010 max=25519 n=44 to=0 | cancels=0(+0/s) seqbad=0 len_bad=0 disc=0(0x00) | tot_n=21872 tot_to=0 maxever=41911 >2ms=21872 >5ms=21872 >15ms=8004 >20ms=573 >30ms=1 | probes=21872 wrfail=0 down=4s maxout=4s
 397.126  t=394s RTT mean=19582 min=18012 max=28305 n=44 to=0 | cancels=0(+0/s) seqbad=0 len_bad=0 disc=0(0x00) | tot_n=21916 tot_to=0 maxever=41911 >2ms=21916 >5ms=21916 >15ms=8048 >20ms=577 >30ms=1 | probes=21917 wrfail=0 down=4s maxout=4s
 397.187  t=395s RTT mean=19709 min=18013 max=26462 n=44 to=0 | cancels=0(+0/s) seqbad=0 len_bad=0 disc=0(0x00) | tot_n=21960 tot_to=0 maxever=41911 >2ms=21960 >5ms=21960 >15ms=8092 >20ms=581 >30ms=1 | probes=21960 wrfail=0 down=4s maxout=4s
 399.160  t=396s RTT mean=19453 min=18013 max=20804 n=44 to=0 | cancels=0(+0/s) seqbad=0 len_bad=0 disc=0(0x00) | tot_n=22004 tot_to=0 maxever=41911 >2ms=22004 >5ms=22004 >15ms=8136 >20ms=583 >30ms=1 | probes=22005 wrfail=0 down=4s maxout=4s
 399.160  t=397s RTT mean=19410 min=18011 max=20806 n=44 to=0 | cancels=0(+0/s) seqbad=0 len_bad=0 disc=0(0x00) | tot_n=22048 tot_to=0 maxever=41911 >2ms=22048 >5ms=22048 >15ms=8180 >20ms=586 >30ms=1 | probes=22049 wrfail=0 down=4s maxout=4s
 401.153  t=398s RTT mean=19609 min=18013 max=28302 n=45 to=0 | cancels=0(+0/s) seqbad=0 len_bad=0 disc=0(0x00) | tot_n=22093 tot_to=0 maxever=41911 >2ms=22093 >5ms=22093 >15ms=8225 >20ms=589 >30ms=1 | probes=22093 wrfail=0 down=4s maxout=4s
 401.153  t=399s RTT mean=19548 min=18011 max=26908 n=44 to=0 | cancels=0(+0/s) seqbad=0 len_bad=0 disc=0(0x00) | tot_n=22137 tot_to=0 maxever=41911 >2ms=22137 >5ms=22137 >15ms=8269 >20ms=593 >30ms=1 | probes=22138 wrfail=0 down=4s maxout=4s
 403.133  t=400s RTT mean=19410 min=18011 max=20804 n=44 to=0 | cancels=0(+0/s) seqbad=0 len_bad=0 disc=0(0x00) | tot_n=22181 tot_to=0 maxever=41911 >2ms=22181 >5ms=22181 >15ms=8313 >20ms=598 >30ms=1 | probes=22182 wrfail=0 down=4s maxout=4s
 403.190  t=401s RTT mean=19410 min=18013 max=20804 n=45 to=0 | cancels=0(+0/s) seqbad=0 len_bad=0 disc=0(0x00) | tot_n=22226 tot_to=0 maxever=41911 >2ms=22226 >5ms=22226 >15ms=8358 >20ms=600 >30ms=1 | probes=22226 wrfail=0 down=4s maxout=4s
 405.139  t=402s RTT mean=19411 min=18013 max=20804 n=44 to=0 | cancels=0(+0/s) seqbad=0 len_bad=0 disc=0(0x00) | tot_n=22270 tot_to=0 maxever=41911 >2ms=22270 >5ms=22270 >15ms=8402 >20ms=603 >30ms=1 | probes=22271 wrfail=0 down=4s maxout=4s
 405.140  t=403s RTT mean=19410 min=18013 max=20804 n=44 to=0 | cancels=0(+0/s) seqbad=0 len_bad=0 disc=0(0x00) | tot_n=22314 tot_to=0 maxever=41911 >2ms=22314 >5ms=22314 >15ms=8446 >20ms=607 >30ms=1 | probes=22315 wrfail=0 down=4s maxout=4s
 407.151  t=404s RTT mean=19411 min=18013 max=20802 n=45 to=0 | cancels=0(+0/s) seqbad=0 len_bad=0 disc=0(0x00) | tot_n=22359 tot_to=0 maxever=41911 >2ms=22359 >5ms=22359 >15ms=8491 >20ms=609 >30ms=1 | probes=22360 wrfail=0 down=4s maxout=4s
 407.151  t=405s RTT mean=19410 min=18013 max=20804 n=44 to=0 | cancels=0(+0/s) seqbad=0 len_bad=0 disc=0(0x00) | tot_n=22403 tot_to=0 maxever=41911 >2ms=22403 >5ms=22403 >15ms=8535 >20ms=611 >30ms=1 | probes=22404 wrfail=0 down=4s maxout=4s
 409.168  t=406s RTT mean=19577 min=18012 max=26911 n=45 to=0 | cancels=0(+0/s) seqbad=0 len_bad=0 disc=0(0x00) | tot_n=22448 tot_to=0 maxever=41911 >2ms=22448 >5ms=22448 >15ms=8580 >20ms=615 >30ms=1 | probes=22448 wrfail=0 down=4s maxout=4s
 409.169  t=407s RTT mean=19410 min=18011 max=20805 n=44 to=0 | cancels=0(+0/s) seqbad=0 len_bad=0 disc=0(0x00) | tot_n=22492 tot_to=0 maxever=41911 >2ms=22492 >5ms=22492 >15ms=8624 >20ms=620 >30ms=1 | probes=22493 wrfail=0 down=4s maxout=4s
 411.173  t=408s RTT mean=19751 min=18010 max=26911 n=44 to=0 | cancels=0(+0/s) seqbad=0 len_bad=0 disc=0(0x00) | tot_n=22536 tot_to=0 maxever=41911 >2ms=22536 >5ms=22536 >15ms=8668 >20ms=626 >30ms=1 | probes=22537 wrfail=0 down=4s maxout=4s
 411.173  t=409s RTT mean=19474 min=18016 max=22190 n=44 to=0 | cancels=0(+0/s) seqbad=0 len_bad=0 disc=0(0x00) | tot_n=22580 tot_to=0 maxever=41911 >2ms=22580 >5ms=22580 >15ms=8712 >20ms=628 >30ms=1 | probes=22581 wrfail=0 down=4s maxout=4s
 413.162  t=410s RTT mean=19380 min=18013 max=20804 n=45 to=0 | cancels=0(+0/s) seqbad=0 len_bad=0 disc=0(0x00) | tot_n=22625 tot_to=0 maxever=41911 >2ms=22625 >5ms=22625 >15ms=8757 >20ms=631 >30ms=1 | probes=22625 wrfail=0 down=4s maxout=4s
 413.162  t=411s RTT mean=19378 min=18012 max=22198 n=44 to=0 | cancels=0(+0/s) seqbad=0 len_bad=0 disc=0(0x00) | tot_n=22669 tot_to=0 maxever=41911 >2ms=22669 >5ms=22669 >15ms=8801 >20ms=635 >30ms=1 | probes=22670 wrfail=0 down=4s maxout=4s
 415.126  t=412s RTT mean=19613 min=18012 max=26911 n=44 to=0 | cancels=0(+0/s) seqbad=0 len_bad=0 disc=0(0x00) | tot_n=22713 tot_to=0 maxever=41911 >2ms=22713 >5ms=22713 >15ms=8845 >20ms=639 >30ms=1 | probes=22714 wrfail=0 down=4s maxout=4s
 415.183  t=413s RTT mean=19517 min=18012 max=25516 n=44 to=0 | cancels=0(+0/s) seqbad=0 len_bad=0 disc=0(0x00) | tot_n=22757 tot_to=0 maxever=41911 >2ms=22757 >5ms=22757 >15ms=8889 >20ms=641 >30ms=1 | probes=22758 wrfail=0 down=4s maxout=4s
 417.127  t=414s RTT mean=19577 min=18012 max=25515 n=45 to=0 | cancels=0(+0/s) seqbad=0 len_bad=0 disc=0(0x00) | tot_n=22802 tot_to=0 maxever=41911 >2ms=22802 >5ms=22802 >15ms=8934 >20ms=648 >30ms=1 | probes=22802 wrfail=0 down=4s maxout=4s
 417.188  t=415s RTT mean=19442 min=18013 max=20804 n=44 to=0 | cancels=0(+0/s) seqbad=0 len_bad=0 disc=0(0x00) | tot_n=22846 tot_to=0 maxever=41911 >2ms=22846 >5ms=22846 >15ms=8978 >20ms=652 >30ms=1 | probes=22847 wrfail=0 down=4s maxout=4s
 419.155  t=416s RTT mean=19411 min=18016 max=20800 n=44 to=0 | cancels=0(+0/s) seqbad=0 len_bad=0 disc=0(0x00) | tot_n=22890 tot_to=0 maxever=41911 >2ms=22890 >5ms=22890 >15ms=9022 >20ms=654 >30ms=1 | probes=22891 wrfail=0 down=4s maxout=4s
 419.156  t=417s RTT mean=20457 min=18017 max=34411 n=43 to=0 | cancels=0(+0/s) seqbad=0 len_bad=0 disc=0(0x00) | tot_n=22933 tot_to=0 maxever=41911 >2ms=22933 >5ms=22933 >15ms=9065 >20ms=660 >30ms=2 | probes=22934 wrfail=0 down=4s maxout=4s
 421.163  t=418s RTT mean=20661 min=18012 max=34411 n=42 to=0 | cancels=0(+0/s) seqbad=0 len_bad=0 disc=0(0x00) | tot_n=22975 tot_to=0 maxever=41911 >2ms=22975 >5ms=22975 >15ms=9107 >20ms=669 >30ms=3 | probes=22976 wrfail=0 down=4s maxout=4s
 421.163  t=419s RTT mean=19934 min=18016 max=28299 n=43 to=0 | cancels=0(+0/s) seqbad=0 len_bad=0 disc=0(0x00) | tot_n=23018 tot_to=0 maxever=41911 >2ms=23018 >5ms=23018 >15ms=9150 >20ms=672 >30ms=3 | probes=23019 wrfail=0 down=4s maxout=4s
 423.159  t=420s RTT mean=19922 min=18013 max=26929 n=44 to=0 | cancels=0(+0/s) seqbad=0 len_bad=0 disc=0(0x00) | tot_n=23062 tot_to=0 maxever=41911 >2ms=23062 >5ms=23062 >15ms=9194 >20ms=677 >30ms=3 | probes=23063 wrfail=0 down=4s maxout=4s
 423.159  t=421s RTT mean=19410 min=18013 max=22198 n=44 to=0 | cancels=0(+0/s) seqbad=0 len_bad=0 disc=0(0x00) | tot_n=23106 tot_to=0 maxever=41911 >2ms=23106 >5ms=23106 >15ms=9238 >20ms=678 >30ms=3 | probes=23107 wrfail=0 down=4s maxout=4s
 425.140  t=422s RTT mean=19547 min=18017 max=25517 n=45 to=0 | cancels=0(+0/s) seqbad=0 len_bad=0 disc=0(0x00) | tot_n=23151 tot_to=0 maxever=41911 >2ms=23151 >5ms=23151 >15ms=9283 >20ms=680 >30ms=3 | probes=23151 wrfail=0 down=4s maxout=4s
 425.201  t=423s RTT mean=20097 min=18012 max=26461 n=43 to=0 | cancels=0(+0/s) seqbad=0 len_bad=0 disc=0(0x00) | tot_n=23194 tot_to=0 maxever=41911 >2ms=23194 >5ms=23194 >15ms=9326 >20ms=687 >30ms=3 | probes=23195 wrfail=0 down=4s maxout=4s
 427.153  t=424s RTT mean=19760 min=18025 max=32568 n=43 to=0 | cancels=0(+0/s) seqbad=0 len_bad=0 disc=0(0x00) | tot_n=23237 tot_to=0 maxever=41911 >2ms=23237 >5ms=23237 >15ms=9369 >20ms=689 >30ms=4 | probes=23238 wrfail=0 down=4s maxout=4s
 427.153  PCTL target=150 tot=2647 to=0 p50=19 p90=19 p99=26 p99.9=32 max=41 g30=4 g100=0 (ms/counts)
 427.153  LOADRAMP: cycle complete
 427.153  LOADRAMP: target=0 KBps for 60s
 427.153  t=425s RTT mean=17140 min=11912 max=25518 n=50 to=0 | cancels=0(+0/s) seqbad=0 len_bad=0 disc=0(0x00) | tot_n=23287 tot_to=0 maxever=41911 >2ms=23287 >5ms=23287 >15ms=9402 >20ms=693 >30ms=4 | probes=23288 wrfail=0 down=4s maxout=4s
 429.165  t=426s RTT mean=11915 min=11911 max=11932 n=67 to=0 | cancels=0(+0/s) seqbad=0 len_bad=0 disc=0(0x00) | tot_n=23354 tot_to=0 maxever=41911 >2ms=23354 >5ms=23354 >15ms=9402 >20ms=693 >30ms=4 | probes=23355 wrfail=0 down=4s maxout=4s
 429.165  t=427s RTT mean=12028 min=11911 max=19415 n=66 to=0 | cancels=0(+0/s) seqbad=0 len_bad=0 disc=0(0x00) | tot_n=23420 tot_to=0 maxever=41911 >2ms=23420 >5ms=23420 >15ms=9403 >20ms=693 >30ms=4 | probes=23421 wrfail=0 down=4s maxout=4s
 431.127  t=428s RTT mean=11915 min=11912 max=11932 n=67 to=0 | cancels=0(+0/s) seqbad=0 len_bad=0 disc=0(0x00) | tot_n=23487 tot_to=0 maxever=41911 >2ms=23487 >5ms=23487 >15ms=9403 >20ms=693 >30ms=4 | probes=23487 wrfail=0 down=4s maxout=4s
 431.187  t=429s RTT mean=11915 min=11912 max=11923 n=66 to=0 | cancels=0(+0/s) seqbad=0 len_bad=0 disc=0(0x00) | tot_n=23553 tot_to=0 maxever=41911 >2ms=23553 >5ms=23553 >15ms=9403 >20ms=693 >30ms=4 | probes=23554 wrfail=0 down=4s maxout=4s
 433.125  t=430s RTT mean=11915 min=11910 max=11934 n=67 to=0 | cancels=0(+0/s) seqbad=0 len_bad=0 disc=0(0x00) | tot_n=23620 tot_to=0 maxever=41911 >2ms=23620 >5ms=23620 >15ms=9403 >20ms=693 >30ms=4 | probes=23621 wrfail=0 down=4s maxout=4s
 433.179  t=431s RTT mean=11915 min=11912 max=11924 n=67 to=0 | cancels=0(+0/s) seqbad=0 len_bad=0 disc=0(0x00) | tot_n=23687 tot_to=0 maxever=41911 >2ms=23687 >5ms=23687 >15ms=9403 >20ms=693 >30ms=4 | probes=23687 wrfail=0 down=4s maxout=4s
 435.149  t=432s RTT mean=11914 min=11852 max=11933 n=66 to=0 | cancels=0(+0/s) seqbad=0 len_bad=0 disc=0(0x00) | tot_n=23753 tot_to=0 maxever=41911 >2ms=23753 >5ms=23753 >15ms=9403 >20ms=693 >30ms=4 | probes=23754 wrfail=0 down=4s maxout=4s
 435.149  t=433s RTT mean=11915 min=11900 max=11933 n=67 to=0 | cancels=0(+0/s) seqbad=0 len_bad=0 disc=0(0x00) | tot_n=23820 tot_to=0 maxever=41911 >2ms=23820 >5ms=23820 >15ms=9403 >20ms=693 >30ms=4 | probes=23821 wrfail=0 down=4s maxout=4s
 437.144  t=434s RTT mean=11916 min=11912 max=11948 n=67 to=0 | cancels=0(+0/s) seqbad=0 len_bad=0 disc=0(0x00) | tot_n=23887 tot_to=0 maxever=41911 >2ms=23887 >5ms=23887 >15ms=9403 >20ms=693 >30ms=4 | probes=23888 wrfail=0 down=4s maxout=4s
 437.145  t=435s RTT mean=11916 min=11912 max=11948 n=66 to=0 | cancels=0(+0/s) seqbad=0 len_bad=0 disc=0(0x00) | tot_n=23953 tot_to=0 maxever=41911 >2ms=23953 >5ms=23953 >15ms=9403 >20ms=693 >30ms=4 | probes=23954 wrfail=0 down=4s maxout=4s
 439.148  t=436s RTT mean=11916 min=11468 max=12362 n=67 to=0 | cancels=0(+0/s) seqbad=0 len_bad=0 disc=0(0x00) | tot_n=24020 tot_to=0 maxever=41911 >2ms=24020 >5ms=24020 >15ms=9403 >20ms=693 >30ms=4 | probes=24021 wrfail=0 down=4s maxout=4s
 439.148  t=437s RTT mean=11916 min=11912 max=11949 n=67 to=0 | cancels=0(+0/s) seqbad=0 len_bad=0 disc=0(0x00) | tot_n=24087 tot_to=0 maxever=41911 >2ms=24087 >5ms=24087 >15ms=9403 >20ms=693 >30ms=4 | probes=24088 wrfail=0 down=4s maxout=4s
 441.168  t=438s RTT mean=11916 min=11911 max=11948 n=66 to=0 | cancels=0(+0/s) seqbad=0 len_bad=0 disc=0(0x00) | tot_n=24153 tot_to=0 maxever=41911 >2ms=24153 >5ms=24153 >15ms=9403 >20ms=693 >30ms=4 | probes=24154 wrfail=0 down=4s maxout=4s
 441.168  t=439s RTT mean=11915 min=11912 max=11949 n=67 to=0 | cancels=0(+0/s) seqbad=0 len_bad=0 disc=0(0x00) | tot_n=24220 tot_to=0 maxever=41911 >2ms=24220 >5ms=24220 >15ms=9403 >20ms=693 >30ms=4 | probes=24221 wrfail=0 down=4s maxout=4s
 443.159  t=440s RTT mean=11916 min=11912 max=11949 n=67 to=0 | cancels=0(+0/s) seqbad=0 len_bad=0 disc=0(0x00) | tot_n=24287 tot_to=0 maxever=41911 >2ms=24287 >5ms=24287 >15ms=9403 >20ms=693 >30ms=4 | probes=24288 wrfail=0 down=4s maxout=4s
 443.159  t=441s RTT mean=11916 min=11912 max=11948 n=66 to=0 | cancels=0(+0/s) seqbad=0 len_bad=0 disc=0(0x00) | tot_n=24353 tot_to=0 maxever=41911 >2ms=24353 >5ms=24353 >15ms=9403 >20ms=693 >30ms=4 | probes=24354 wrfail=0 down=4s maxout=4s
 445.160  t=442s RTT mean=11915 min=11912 max=11935 n=67 to=0 | cancels=0(+0/s) seqbad=0 len_bad=0 disc=0(0x00) | tot_n=24420 tot_to=0 maxever=41911 >2ms=24420 >5ms=24420 >15ms=9403 >20ms=693 >30ms=4 | probes=24421 wrfail=0 down=4s maxout=4s
 445.160  t=443s RTT mean=11915 min=11912 max=11924 n=67 to=0 | cancels=0(+0/s) seqbad=0 len_bad=0 disc=0(0x00) | tot_n=24487 tot_to=0 maxever=41911 >2ms=24487 >5ms=24487 >15ms=9403 >20ms=693 >30ms=4 | probes=24488 wrfail=0 down=4s maxout=4s
 447.118  t=444s RTT mean=11915 min=11911 max=11925 n=66 to=0 | cancels=0(+0/s) seqbad=0 len_bad=0 disc=0(0x00) | tot_n=24553 tot_to=0 maxever=41911 >2ms=24553 >5ms=24553 >15ms=9403 >20ms=693 >30ms=4 | probes=24554 wrfail=0 down=4s maxout=4s
 447.178  t=445s RTT mean=11915 min=11807 max=12030 n=67 to=0 | cancels=0(+0/s) seqbad=0 len_bad=0 disc=0(0x00) | tot_n=24620 tot_to=0 maxever=41911 >2ms=24620 >5ms=24620 >15ms=9403 >20ms=693 >30ms=4 | probes=24621 wrfail=0 down=4s maxout=4s
 449.129  t=446s RTT mean=11915 min=11911 max=11933 n=67 to=0 | cancels=0(+0/s) seqbad=0 len_bad=0 disc=0(0x00) | tot_n=24687 tot_to=0 maxever=41911 >2ms=24687 >5ms=24687 >15ms=9403 >20ms=693 >30ms=4 | probes=24688 wrfail=0 down=4s maxout=4s
 449.189  t=447s RTT mean=11915 min=11899 max=11935 n=67 to=0 | cancels=0(+0/s) seqbad=0 len_bad=0 disc=0(0x00) | tot_n=24754 tot_to=0 maxever=41911 >2ms=24754 >5ms=24754 >15ms=9403 >20ms=693 >30ms=4 | probes=24754 wrfail=0 down=4s maxout=4s
