*** Booting Zephyr OS build v4.4.2-16-gfee9fbc62095 ***

== PCA10040 raw-RADIO observer (Q0) ==
FICR PART=0x00052832 VARIANT=0x41414731
timer=16MHz(62.5ns) ring=2048
HFXO started
CONFIG-READY Q2
CONFIG-ECHO aa=0xef5abc68 crc=0x5fffe3 ch=10 phy=2M
mode=Q2 phy=2M AA=0xef5abc68 crcinit=0x5fffe3 ch=10 whiten=1 cap=30000ms
ARMED Q2 ch10
CAPTURE-START Q2 ch10 cap=30000ms tick=156787409
CAPTURE-END Q2 tick=636868481
FROZEN: records=1013 ring_full_drops=0 max_isr_ticks=59 (3687 ns)
LOSS: addr_irq=1013 end_irq=1013 records=1013 ring_full_drops=0 addr_minus_end=0 end_minus_recorded=0 reversal=0 stale_addr=0
crc_ok=960/1013 (qualitative: ambient traffic, NOT a coherence gate)
REC oseq=0 s0=0x1e len=251 crc=1 rssi=-41 pairid=247 txtag=4 st=0x00 addr=158600188 end=158616573 air_us=1024 gap_us=0
REC oseq=1 s0=0x12 len=251 crc=1 rssi=-41 pairid=247 txtag=4 st=0x00 addr=158635404 end=158651789 air_us=1024 gap_us=1176
REC oseq=2 s0=0x06 len=251 crc=1 rssi=-49 pairid=247 txtag=4 st=0x00 addr=158653005 end=158669390 air_us=1024 gap_us=76
REC oseq=3 s0=0x1e len=251 crc=1 rssi=-41 pairid=247 txtag=4 st=0x00 addr=158670620 end=158687005 air_us=1024 gap_us=76
REC oseq=4 s0=0x0a len=251 crc=1 rssi=-49 pairid=247 txtag=4 st=0x00 addr=158688221 end=158704606 air_us=1024 gap_us=76
REC oseq=5 s0=0x12 len=251 crc=1 rssi=-41 pairid=247 txtag=4 st=0x00 addr=158705837 end=158722222 air_us=1024 gap_us=76
REC oseq=6 s0=0x06 len=251 crc=1 rssi=-49 pairid=247 txtag=4 st=0x00 addr=158723438 end=158739823 air_us=1024 gap_us=76
REC oseq=7 s0=0x1e len=251 crc=1 rssi=-42 pairid=247 txtag=4 st=0x00 addr=158741038 end=158757423 air_us=1024 gap_us=75
REC oseq=8 s0=0x0a len=251 crc=1 rssi=-49 pairid=247 txtag=4 st=0x00 addr=158758638 end=158775023 air_us=1024 gap_us=75
REC oseq=9 s0=0x12 len=251 crc=1 rssi=-41 pairid=247 txtag=4 st=0x00 addr=158776254 end=158792639 air_us=1024 gap_us=76
REC oseq=10 s0=0x06 len=251 crc=1 rssi=-49 pairid=247 txtag=4 st=0x00 addr=158793854 end=158810239 air_us=1024 gap_us=75
REC oseq=11 s0=0x1e len=251 crc=1 rssi=-41 pairid=247 txtag=4 st=0x00 addr=158811455 end=158827840 air_us=1024 gap_us=76
REC oseq=12 s0=0x0a len=251 crc=1 rssi=-49 pairid=247 txtag=4 st=0x00 addr=158829055 end=158845440 air_us=1024 gap_us=75
REC oseq=13 s0=0x12 len=251 crc=1 rssi=-41 pairid=247 txtag=4 st=0x00 addr=158846655 end=158863040 air_us=1024 gap_us=75
REC oseq=14 s0=0x06 len=251 crc=1 rssi=-49 pairid=247 txtag=4 st=0x00 addr=158864255 end=158880640 air_us=1024 gap_us=75
REC oseq=15 s0=0x1e len=251 crc=1 rssi=-41 pairid=247 txtag=4 st=0x00 addr=158881856 end=158898241 air_us=1024 gap_us=76
REC oseq=16 s0=0x0a len=251 crc=1 rssi=-49 pairid=247 txtag=4 st=0x00 addr=158899455 end=158915840 air_us=1024 gap_us=75
REC oseq=17 s0=0x12 len=251 crc=1 rssi=-41 pairid=247 txtag=4 st=0x00 addr=158917056 end=158933441 air_us=1024 gap_us=76
REC oseq=18 s0=0x06 len=251 crc=1 rssi=-49 pairid=247 txtag=4 st=0x00 addr=158934656 end=158951041 air_us=1024 gap_us=75
REC oseq=19 s0=0x1e len=251 crc=1 rssi=-41 pairid=247 txtag=4 st=0x00 addr=158952256 end=158968641 air_us=1024 gap_us=75
REC oseq=20 s0=0x0a len=251 crc=0 rssi=-49 pairid=247 txtag=4 st=0x00 addr=158969872 end=158986257 air_us=1024 gap_us=76
REC oseq=21 s0=0x12 len=251 crc=0 rssi=-41 pairid=247 txtag=4 st=0x00 addr=158987473 end=159003858 air_us=1024 gap_us=76
REC oseq=22 s0=0x1e len=251 crc=1 rssi=-41 pairid=247 txtag=4 st=0x00 addr=164200167 end=164216552 air_us=1024 gap_us=324769
REC oseq=23 s0=0x0a len=251 crc=1 rssi=-52 pairid=247 txtag=4 st=0x00 addr=164217768 end=164234153 air_us=1024 gap_us=76
REC oseq=24 s0=0x12 len=251 crc=1 rssi=-41 pairid=247 txtag=4 st=0x00 addr=164235383 end=164251768 air_us=1024 gap_us=76
REC oseq=25 s0=0x06 len=251 crc=1 rssi=-49 pairid=247 txtag=4 st=0x00 addr=164252984 end=164269369 air_us=1024 gap_us=76
REC oseq=26 s0=0x1e len=251 crc=1 rssi=-41 pairid=247 txtag=4 st=0x00 addr=164270600 end=164286985 air_us=1024 gap_us=76
REC oseq=27 s0=0x0a len=251 crc=1 rssi=-49 pairid=247 txtag=4 st=0x00 addr=164288201 end=164304586 air_us=1024 gap_us=76
REC oseq=28 s0=0x12 len=251 crc=1 rssi=-41 pairid=247 txtag=4 st=0x00 addr=164305816 end=164322201 air_us=1024 gap_us=76
REC oseq=29 s0=0x06 len=251 crc=1 rssi=-49 pairid=247 txtag=4 st=0x00 addr=164323417 end=164339802 air_us=1024 gap_us=76
REC oseq=30 s0=0x1e len=251 crc=1 rssi=-41 pairid=247 txtag=4 st=0x00 addr=164341017 end=164357402 air_us=1024 gap_us=75
REC oseq=31 s0=0x0a len=251 crc=1 rssi=-49 pairid=247 txtag=4 st=0x00 addr=164358617 end=164375002 air_us=1024 gap_us=75
REC oseq=32 s0=0x12 len=251 crc=1 rssi=-41 pairid=247 txtag=4 st=0x00 addr=164376233 end=164392618 air_us=1024 gap_us=76
REC oseq=33 s0=0x06 len=251 crc=1 rssi=-49 pairid=247 txtag=4 st=0x00 addr=164393834 end=164410219 air_us=1024 gap_us=76
REC oseq=34 s0=0x1e len=251 crc=1 rssi=-41 pairid=247 txtag=4 st=0x00 addr=164411434 end=164427819 air_us=1024 gap_us=75
REC oseq=35 s0=0x0a len=251 crc=1 rssi=-49 pairid=247 txtag=4 st=0x00 addr=164429034 end=164445419 air_us=1024 gap_us=75
REC oseq=36 s0=0x12 len=251 crc=1 rssi=-41 pairid=247 txtag=4 st=0x00 addr=164446634 end=164463019 air_us=1024 gap_us=75
REC oseq=37 s0=0x06 len=251 crc=1 rssi=-49 pairid=247 txtag=4 st=0x00 addr=164464234 end=164480619 air_us=1024 gap_us=75
REC oseq=38 s0=0x1e len=251 crc=1 rssi=-41 pairid=247 txtag=4 st=0x00 addr=164481834 end=164498219 air_us=1024 gap_us=75
REC oseq=39 s0=0x0a len=251 crc=0 rssi=-49 pairid=247 txtag=4 st=0x00 addr=164499435 end=164515820 air_us=1024 gap_us=76
REC oseq=40 s0=0x12 len=251 crc=1 rssi=-41 pairid=247 txtag=4 st=0x00 addr=164517035 end=164533420 air_us=1024 gap_us=75
REC oseq=41 s0=0x06 len=251 crc=1 rssi=-49 pairid=247 txtag=4 st=0x00 addr=164534651 end=164551036 air_us=1024 gap_us=76
REC oseq=42 s0=0x1e len=251 crc=1 rssi=-41 pairid=247 txtag=4 st=0x00 addr=164552252 end=164568637 air_us=1024 gap_us=76
REC oseq=43 s0=0x0a len=251 crc=1 rssi=-49 pairid=247 txtag=4 st=0x00 addr=164569867 end=164586252 air_us=1024 gap_us=76
REC oseq=44 s0=0x12 len=251 crc=0 rssi=-41 pairid=247 txtag=4 st=0x00 addr=164587468 end=164603853 air_us=1024 gap_us=76
REC oseq=45 s0=0x1e len=251 crc=1 rssi=-41 pairid=247 txtag=4 st=0x00 addr=167800152 end=167816537 air_us=1024 gap_us=199768
REC oseq=46 s0=0x0a len=251 crc=1 rssi=-49 pairid=247 txtag=4 st=0x00 addr=167817759 end=167834144 air_us=1024 gap_us=76
REC oseq=47 s0=0x12 len=251 crc=1 rssi=-41 pairid=247 txtag=4 st=0x00 addr=167835369 end=167851754 air_us=1024 gap_us=76
REC oseq=48 s0=0x06 len=251 crc=1 rssi=-49 pairid=247 txtag=4 st=0x00 addr=167852975 end=167869360 air_us=1024 gap_us=76
REC oseq=49 s0=0x1e len=251 crc=1 rssi=-41 pairid=247 txtag=4 st=0x00 addr=167870585 end=167886970 air_us=1024 gap_us=76
REC oseq=50 s0=0x0a len=251 crc=1 rssi=-49 pairid=247 txtag=4 st=0x00 addr=167888192 end=167904577 air_us=1024 gap_us=76
REC oseq=51 s0=0x12 len=251 crc=1 rssi=-41 pairid=247 txtag=4 st=0x00 addr=167905802 end=167922187 air_us=1024 gap_us=76
REC oseq=52 s0=0x06 len=251 crc=1 rssi=-49 pairid=247 txtag=4 st=0x00 addr=167923408 end=167939793 air_us=1024 gap_us=76
REC oseq=53 s0=0x1e len=251 crc=1 rssi=-41 pairid=247 txtag=4 st=0x00 addr=167941018 end=167957403 air_us=1024 gap_us=76
REC oseq=54 s0=0x0a len=251 crc=1 rssi=-49 pairid=247 txtag=4 st=0x00 addr=167958624 end=167975009 air_us=1024 gap_us=76
REC oseq=55 s0=0x12 len=251 crc=1 rssi=-41 pairid=247 txtag=4 st=0x00 addr=167976235 end=167992620 air_us=1024 gap_us=76
REC oseq=56 s0=0x06 len=251 crc=1 rssi=-53 pairid=247 txtag=4 st=0x00 addr=167993841 end=168010226 air_us=1024 gap_us=76
REC oseq=57 s0=0x1e len=251 crc=1 rssi=-41 pairid=247 txtag=4 st=0x00 addr=168011451 end=168027836 air_us=1024 gap_us=76
REC oseq=58 s0=0x0a len=251 crc=1 rssi=-49 pairid=247 txtag=4 st=0x00 addr=168029057 end=168045442 air_us=1024 gap_us=76
REC oseq=59 s0=0x12 len=251 crc=1 rssi=-41 pairid=247 txtag=4 st=0x00 addr=168046668 end=168063053 air_us=1024 gap_us=76
REC oseq=60 s0=0x06 len=251 crc=1 rssi=-49 pairid=247 txtag=4 st=0x00 addr=168064273 end=168080658 air_us=1024 gap_us=76
REC oseq=61 s0=0x1e len=251 crc=1 rssi=-41 pairid=247 txtag=4 st=0x00 addr=168081884 end=168098269 air_us=1024 gap_us=76
REC oseq=62 s0=0x0a len=251 crc=1 rssi=-49 pairid=247 txtag=4 st=0x00 addr=168099489 end=168115874 air_us=1024 gap_us=76
REC oseq=63 s0=0x12 len=251 crc=1 rssi=-41 pairid=247 txtag=4 st=0x00 addr=168117101 end=168133486 air_us=1024 gap_us=76
REC oseq=64 s0=0x1e len=251 crc=1 rssi=-41 pairid=247 txtag=4 st=0x00 addr=168152317 end=168168702 air_us=1024 gap_us=1176
REC oseq=65 s0=0x0a len=251 crc=1 rssi=-49 pairid=247 txtag=4 st=0x00 addr=168169922 end=168186307 air_us=1024 gap_us=76
REC oseq=66 s0=0x12 len=251 crc=0 rssi=-41 pairid=247 txtag=4 st=0x00 addr=168187534 end=168203919 air_us=1024 gap_us=76
REC oseq=67 s0=0x1e len=251 crc=1 rssi=-41 pairid=247 txtag=4 st=0x00 addr=171400138 end=171416523 air_us=1024 gap_us=199763
REC oseq=68 s0=0x0a len=251 crc=1 rssi=-49 pairid=247 txtag=4 st=0x00 addr=171417751 end=171434136 air_us=1024 gap_us=76
REC oseq=69 s0=0x12 len=251 crc=1 rssi=-41 pairid=247 txtag=4 st=0x00 addr=171435354 end=171451739 air_us=1024 gap_us=76
REC oseq=70 s0=0x06 len=251 crc=1 rssi=-49 pairid=247 txtag=4 st=0x00 addr=171452968 end=171469353 air_us=1024 gap_us=76
REC oseq=71 s0=0x1e len=251 crc=1 rssi=-41 pairid=247 txtag=4 st=0x00 addr=171470571 end=171486956 air_us=1024 gap_us=76
REC oseq=72 s0=0x0a len=251 crc=1 rssi=-49 pairid=247 txtag=4 st=0x00 addr=171488184 end=171504569 air_us=1024 gap_us=76
REC oseq=73 s0=0x12 len=251 crc=1 rssi=-41 pairid=247 txtag=4 st=0x00 addr=171505787 end=171522172 air_us=1024 gap_us=76
REC oseq=74 s0=0x06 len=251 crc=1 rssi=-49 pairid=247 txtag=4 st=0x00 addr=171523400 end=171539785 air_us=1024 gap_us=76
REC oseq=75 s0=0x1e len=251 crc=1 rssi=-41 pairid=247 txtag=4 st=0x00 addr=171541004 end=171557389 air_us=1024 gap_us=76
REC oseq=76 s0=0x0a len=251 crc=1 rssi=-49 pairid=247 txtag=4 st=0x00 addr=171558616 end=171575001 air_us=1024 gap_us=76
REC oseq=77 s0=0x12 len=251 crc=1 rssi=-41 pairid=247 txtag=4 st=0x00 addr=171576220 end=171592605 air_us=1024 gap_us=76
REC oseq=78 s0=0x06 len=251 crc=1 rssi=-49 pairid=247 txtag=4 st=0x00 addr=171593833 end=171610218 air_us=1024 gap_us=76
REC oseq=79 s0=0x1e len=251 crc=1 rssi=-42 pairid=247 txtag=4 st=0x00 addr=171611437 end=171627822 air_us=1024 gap_us=76
REC oseq=80 s0=0x0a len=251 crc=1 rssi=-49 pairid=247 txtag=4 st=0x00 addr=171629049 end=171645434 air_us=1024 gap_us=76
REC oseq=81 s0=0x12 len=251 crc=1 rssi=-42 pairid=247 txtag=4 st=0x00 addr=171646653 end=171663038 air_us=1024 gap_us=76
REC oseq=82 s0=0x06 len=251 crc=1 rssi=-49 pairid=247 txtag=4 st=0x00 addr=171664266 end=171680651 air_us=1024 gap_us=76
REC oseq=83 s0=0x1e len=251 crc=1 rssi=-41 pairid=247 txtag=4 st=0x00 addr=171681870 end=171698255 air_us=1024 gap_us=76
REC oseq=84 s0=0x0a len=251 crc=1 rssi=-49 pairid=247 txtag=4 st=0x00 addr=171699482 end=171715867 air_us=1024 gap_us=76
REC oseq=85 s0=0x12 len=251 crc=1 rssi=-45 pairid=247 txtag=4 st=0x00 addr=171717086 end=171733471 air_us=1024 gap_us=76
REC oseq=86 s0=0x06 len=251 crc=1 rssi=-49 pairid=247 txtag=4 st=0x00 addr=171734698 end=171751083 air_us=1024 gap_us=76
REC oseq=87 s0=0x1e len=251 crc=1 rssi=-41 pairid=247 txtag=4 st=0x00 addr=171752303 end=171768688 air_us=1024 gap_us=76
REC oseq=88 s0=0x0a len=251 crc=1 rssi=-49 pairid=247 txtag=4 st=0x00 addr=171769915 end=171786300 air_us=1024 gap_us=76
REC oseq=89 s0=0x12 len=251 crc=0 rssi=-41 pairid=247 txtag=4 st=0x00 addr=171787519 end=171803904 air_us=1024 gap_us=76
REC oseq=90 s0=0x12 len=251 crc=1 rssi=-41 pairid=247 txtag=4 st=0x00 addr=178200111 end=178216496 air_us=1024 gap_us=399762
REC oseq=91 s0=0x06 len=251 crc=1 rssi=-49 pairid=247 txtag=4 st=0x00 addr=178217720 end=178234105 air_us=1024 gap_us=76
REC oseq=92 s0=0x1e len=251 crc=1 rssi=-41 pairid=247 txtag=4 st=0x00 addr=178235328 end=178251713 air_us=1024 gap_us=76
REC oseq=93 s0=0x0a len=251 crc=1 rssi=-49 pairid=247 txtag=4 st=0x00 addr=178252936 end=178269321 air_us=1024 gap_us=76
REC oseq=94 s0=0x12 len=251 crc=1 rssi=-41 pairid=247 txtag=4 st=0x00 addr=178270544 end=178286929 air_us=1024 gap_us=76
REC oseq=95 s0=0x06 len=251 crc=1 rssi=-49 pairid=247 txtag=4 st=0x00 addr=178288153 end=178304538 air_us=1024 gap_us=76
REC oseq=96 s0=0x1e len=251 crc=1 rssi=-41 pairid=247 txtag=4 st=0x00 addr=178305761 end=178322146 air_us=1024 gap_us=76
REC oseq=97 s0=0x0a len=251 crc=1 rssi=-49 pairid=247 txtag=4 st=0x00 addr=178323369 end=178339754 air_us=1024 gap_us=76
REC oseq=98 s0=0x12 len=251 crc=1 rssi=-41 pairid=247 txtag=4 st=0x00 addr=178340977 end=178357362 air_us=1024 gap_us=76
REC oseq=99 s0=0x06 len=251 crc=1 rssi=-49 pairid=247 txtag=4 st=0x00 addr=178358585 end=178374970 air_us=1024 gap_us=76
REC oseq=100 s0=0x1e len=251 crc=1 rssi=-41 pairid=247 txtag=4 st=0x00 addr=178376194 end=178392579 air_us=1024 gap_us=76
REC oseq=101 s0=0x0a len=251 crc=1 rssi=-49 pairid=247 txtag=4 st=0x00 addr=178393802 end=178410187 air_us=1024 gap_us=76
REC oseq=102 s0=0x12 len=251 crc=1 rssi=-41 pairid=247 txtag=4 st=0x00 addr=178411410 end=178427795 air_us=1024 gap_us=76
REC oseq=103 s0=0x06 len=251 crc=1 rssi=-49 pairid=247 txtag=4 st=0x00 addr=178429018 end=178445403 air_us=1024 gap_us=76
REC oseq=104 s0=0x1e len=251 crc=1 rssi=-41 pairid=247 txtag=4 st=0x00 addr=178446627 end=178463012 air_us=1024 gap_us=76
REC oseq=105 s0=0x0a len=251 crc=1 rssi=-49 pairid=247 txtag=4 st=0x00 addr=178464235 end=178480620 air_us=1024 gap_us=76
REC oseq=106 s0=0x12 len=251 crc=1 rssi=-41 pairid=247 txtag=4 st=0x00 addr=178481843 end=178498228 air_us=1024 gap_us=76
REC oseq=107 s0=0x06 len=251 crc=1 rssi=-49 pairid=247 txtag=4 st=0x00 addr=178499450 end=178515835 air_us=1024 gap_us=76
REC oseq=108 s0=0x1e len=251 crc=1 rssi=-41 pairid=247 txtag=4 st=0x00 addr=178517060 end=178533445 air_us=1024 gap_us=76
REC oseq=109 s0=0x0a len=251 crc=1 rssi=-49 pairid=247 txtag=4 st=0x00 addr=178534667 end=178551052 air_us=1024 gap_us=76
REC oseq=110 s0=0x12 len=251 crc=1 rssi=-41 pairid=247 txtag=4 st=0x00 addr=178552276 end=178568661 air_us=1024 gap_us=76
REC oseq=111 s0=0x06 len=251 crc=1 rssi=-49 pairid=247 txtag=4 st=0x00 addr=178569883 end=178586268 air_us=1024 gap_us=76
REC oseq=112 s0=0x1e len=251 crc=0 rssi=-41 pairid=247 txtag=4 st=0x00 addr=178587493 end=178603878 air_us=1024 gap_us=76
REC oseq=113 s0=0x12 len=251 crc=1 rssi=-41 pairid=247 txtag=4 st=0x00 addr=187800073 end=187816458 air_us=1024 gap_us=574762
REC oseq=114 s0=0x06 len=251 crc=1 rssi=-49 pairid=247 txtag=4 st=0x00 addr=187817688 end=187834073 air_us=1024 gap_us=76
REC oseq=115 s0=0x1e len=251 crc=1 rssi=-41 pairid=247 txtag=4 st=0x00 addr=187835289 end=187851674 air_us=1024 gap_us=76
REC oseq=116 s0=0x0a len=251 crc=1 rssi=-49 pairid=247 txtag=4 st=0x00 addr=187852904 end=187869289 air_us=1024 gap_us=76
REC oseq=117 s0=0x12 len=251 crc=1 rssi=-41 pairid=247 txtag=4 st=0x00 addr=187870506 end=187886891 air_us=1024 gap_us=76
REC oseq=118 s0=0x06 len=251 crc=1 rssi=-49 pairid=247 txtag=4 st=0x00 addr=187888120 end=187904505 air_us=1024 gap_us=76
REC oseq=119 s0=0x1e len=251 crc=1 rssi=-41 pairid=247 txtag=4 st=0x00 addr=187905722 end=187922107 air_us=1024 gap_us=76
REC oseq=120 s0=0x0a len=251 crc=1 rssi=-49 pairid=247 txtag=4 st=0x00 addr=187923337 end=187939722 air_us=1024 gap_us=76
REC oseq=121 s0=0x12 len=251 crc=1 rssi=-41 pairid=247 txtag=4 st=0x00 addr=187940939 end=187957324 air_us=1024 gap_us=76
REC oseq=122 s0=0x06 len=251 crc=1 rssi=-50 pairid=247 txtag=4 st=0x00 addr=187958552 end=187974937 air_us=1024 gap_us=76
REC oseq=123 s0=0x1e len=251 crc=1 rssi=-41 pairid=247 txtag=4 st=0x00 addr=187976155 end=187992540 air_us=1024 gap_us=76
REC oseq=124 s0=0x0a len=251 crc=1 rssi=-49 pairid=247 txtag=4 st=0x00 addr=187993769 end=188010154 air_us=1024 gap_us=76
REC oseq=125 s0=0x12 len=251 crc=1 rssi=-41 pairid=247 txtag=4 st=0x00 addr=188011372 end=188027757 air_us=1024 gap_us=76
REC oseq=126 s0=0x06 len=251 crc=1 rssi=-49 pairid=247 txtag=4 st=0x00 addr=188028985 end=188045370 air_us=1024 gap_us=76
REC oseq=127 s0=0x1e len=251 crc=1 rssi=-41 pairid=247 txtag=4 st=0x00 addr=188046588 end=188062973 air_us=1024 gap_us=76
REC oseq=128 s0=0x0a len=251 crc=1 rssi=-49 pairid=247 txtag=4 st=0x00 addr=188064202 end=188080587 air_us=1024 gap_us=76
REC oseq=129 s0=0x12 len=251 crc=1 rssi=-41 pairid=247 txtag=4 st=0x00 addr=188081805 end=188098190 air_us=1024 gap_us=76
REC oseq=130 s0=0x06 len=251 crc=1 rssi=-49 pairid=247 txtag=4 st=0x00 addr=188099418 end=188115803 air_us=1024 gap_us=76
REC oseq=131 s0=0x1e len=251 crc=1 rssi=-41 pairid=247 txtag=4 st=0x00 addr=188117021 end=188133406 air_us=1024 gap_us=76
REC oseq=132 s0=0x0a len=251 crc=1 rssi=-49 pairid=247 txtag=4 st=0x00 addr=188134635 end=188151020 air_us=1024 gap_us=76
REC oseq=133 s0=0x12 len=251 crc=1 rssi=-41 pairid=247 txtag=4 st=0x00 addr=188152238 end=188168623 air_us=1024 gap_us=76
REC oseq=134 s0=0x06 len=251 crc=1 rssi=-49 pairid=247 txtag=4 st=0x00 addr=188169851 end=188186236 air_us=1024 gap_us=76
REC oseq=135 s0=0x1e len=251 crc=0 rssi=-41 pairid=247 txtag=4 st=0x00 addr=188187454 end=188203839 air_us=1024 gap_us=76
REC oseq=136 s0=0x12 len=251 crc=1 rssi=-41 pairid=247 txtag=4 st=0x00 addr=199000027 end=199016412 air_us=1024 gap_us=674761
REC oseq=137 s0=0x06 len=251 crc=1 rssi=-49 pairid=247 txtag=4 st=0x00 addr=199017628 end=199034013 air_us=1024 gap_us=76
REC oseq=138 s0=0x1e len=251 crc=1 rssi=-41 pairid=247 txtag=4 st=0x00 addr=199035244 end=199051629 air_us=1024 gap_us=76
REC oseq=139 s0=0x0a len=251 crc=1 rssi=-49 pairid=247 txtag=4 st=0x00 addr=199052844 end=199069229 air_us=1024 gap_us=75
REC oseq=140 s0=0x12 len=251 crc=1 rssi=-41 pairid=247 txtag=4 st=0x00 addr=199070444 end=199086829 air_us=1024 gap_us=75
REC oseq=141 s0=0x06 len=251 crc=1 rssi=-49 pairid=247 txtag=4 st=0x00 addr=199088045 end=199104430 air_us=1024 gap_us=76
REC oseq=142 s0=0x1e len=251 crc=1 rssi=-41 pairid=247 txtag=4 st=0x00 addr=199105645 end=199122030 air_us=1024 gap_us=75
REC oseq=143 s0=0x0a len=251 crc=1 rssi=-49 pairid=247 txtag=4 st=0x00 addr=199123245 end=199139630 air_us=1024 gap_us=75
REC oseq=144 s0=0x12 len=251 crc=1 rssi=-41 pairid=247 txtag=4 st=0x00 addr=199140845 end=199157230 air_us=1024 gap_us=75
REC oseq=145 s0=0x06 len=251 crc=1 rssi=-49 pairid=247 txtag=4 st=0x00 addr=199158445 end=199174830 air_us=1024 gap_us=75
REC oseq=146 s0=0x1e len=251 crc=1 rssi=-41 pairid=247 txtag=4 st=0x00 addr=199176045 end=199192430 air_us=1024 gap_us=75
REC oseq=147 s0=0x0a len=251 crc=1 rssi=-49 pairid=247 txtag=4 st=0x00 addr=199193662 end=199210047 air_us=1024 gap_us=77
REC oseq=148 s0=0x12 len=251 crc=1 rssi=-41 pairid=247 txtag=4 st=0x00 addr=199211262 end=199227647 air_us=1024 gap_us=75
REC oseq=149 s0=0x06 len=251 crc=1 rssi=-49 pairid=247 txtag=4 st=0x00 addr=199228878 end=199245263 air_us=1024 gap_us=76
REC oseq=150 s0=0x1e len=251 crc=1 rssi=-41 pairid=247 txtag=4 st=0x00 addr=199246479 end=199262864 air_us=1024 gap_us=76
REC oseq=151 s0=0x0a len=251 crc=1 rssi=-49 pairid=247 txtag=4 st=0x00 addr=199264094 end=199280479 air_us=1024 gap_us=76
REC oseq=152 s0=0x12 len=251 crc=1 rssi=-41 pairid=247 txtag=4 st=0x00 addr=199281695 end=199298080 air_us=1024 gap_us=76
REC oseq=153 s0=0x06 len=251 crc=1 rssi=-49 pairid=247 txtag=4 st=0x00 addr=199299310 end=199315695 air_us=1024 gap_us=76
REC oseq=154 s0=0x1e len=251 crc=1 rssi=-41 pairid=247 txtag=4 st=0x00 addr=199316912 end=199333297 air_us=1024 gap_us=76
REC oseq=155 s0=0x0a len=251 crc=1 rssi=-49 pairid=247 txtag=4 st=0x00 addr=199334527 end=199350912 air_us=1024 gap_us=76
REC oseq=156 s0=0x12 len=251 crc=1 rssi=-41 pairid=247 txtag=4 st=0x00 addr=199352128 end=199368513 air_us=1024 gap_us=76
REC oseq=157 s0=0x06 len=251 crc=1 rssi=-49 pairid=247 txtag=4 st=0x00 addr=199369743 end=199386128 air_us=1024 gap_us=76
REC oseq=158 s0=0x1e len=251 crc=0 rssi=-41 pairid=247 txtag=4 st=0x00 addr=199387344 end=199403729 air_us=1024 gap_us=76
REC oseq=159 s0=0x1e len=251 crc=1 rssi=-41 pairid=247 txtag=4 st=0x00 addr=213399971 end=213416356 air_us=1024 gap_us=874765
REC oseq=160 s0=0x0a len=251 crc=1 rssi=-49 pairid=247 txtag=4 st=0x00 addr=213417578 end=213433963 air_us=1024 gap_us=76
REC oseq=161 s0=0x12 len=251 crc=1 rssi=-41 pairid=247 txtag=4 st=0x00 addr=213435188 end=213451573 air_us=1024 gap_us=76
REC oseq=162 s0=0x06 len=251 crc=1 rssi=-49 pairid=247 txtag=4 st=0x00 addr=213452794 end=213469179 air_us=1024 gap_us=76
REC oseq=163 s0=0x1e len=251 crc=1 rssi=-41 pairid=247 txtag=4 st=0x00 addr=213470404 end=213486789 air_us=1024 gap_us=76
REC oseq=164 s0=0x0a len=251 crc=1 rssi=-49 pairid=247 txtag=4 st=0x00 addr=213488011 end=213504396 air_us=1024 gap_us=76
REC oseq=165 s0=0x12 len=251 crc=1 rssi=-41 pairid=247 txtag=4 st=0x00 addr=213505621 end=213522006 air_us=1024 gap_us=76
REC oseq=166 s0=0x06 len=251 crc=1 rssi=-49 pairid=247 txtag=4 st=0x00 addr=213523227 end=213539612 air_us=1024 gap_us=76
REC oseq=167 s0=0x1e len=251 crc=1 rssi=-41 pairid=247 txtag=4 st=0x00 addr=213540837 end=213557222 air_us=1024 gap_us=76
REC oseq=168 s0=0x0a len=251 crc=1 rssi=-49 pairid=247 txtag=4 st=0x00 addr=213558443 end=213574828 air_us=1024 gap_us=76
REC oseq=169 s0=0x12 len=251 crc=1 rssi=-41 pairid=247 txtag=4 st=0x00 addr=213576054 end=213592439 air_us=1024 gap_us=76
REC oseq=170 s0=0x06 len=251 crc=1 rssi=-49 pairid=247 txtag=4 st=0x00 addr=213593660 end=213610045 air_us=1024 gap_us=76
REC oseq=171 s0=0x1e len=251 crc=1 rssi=-41 pairid=247 txtag=4 st=0x00 addr=213611270 end=213627655 air_us=1024 gap_us=76
REC oseq=172 s0=0x0a len=251 crc=1 rssi=-49 pairid=247 txtag=4 st=0x00 addr=213628876 end=213645261 air_us=1024 gap_us=76
REC oseq=173 s0=0x12 len=251 crc=1 rssi=-41 pairid=247 txtag=4 st=0x00 addr=213646487 end=213662872 air_us=1024 gap_us=76
REC oseq=174 s0=0x06 len=251 crc=1 rssi=-49 pairid=247 txtag=4 st=0x00 addr=213664093 end=213680478 air_us=1024 gap_us=76
REC oseq=175 s0=0x1e len=251 crc=1 rssi=-41 pairid=247 txtag=4 st=0x00 addr=213681703 end=213698088 air_us=1024 gap_us=76
REC oseq=176 s0=0x0a len=251 crc=1 rssi=-49 pairid=247 txtag=4 st=0x00 addr=213699309 end=213715694 air_us=1024 gap_us=76
REC oseq=177 s0=0x12 len=251 crc=1 rssi=-41 pairid=247 txtag=4 st=0x00 addr=213716920 end=213733305 air_us=1024 gap_us=76
REC oseq=178 s0=0x06 len=251 crc=1 rssi=-49 pairid=247 txtag=4 st=0x00 addr=213734525 end=213750910 air_us=1024 gap_us=76
REC oseq=179 s0=0x1e len=251 crc=1 rssi=-41 pairid=247 txtag=4 st=0x00 addr=213752136 end=213768521 air_us=1024 gap_us=76
REC oseq=180 s0=0x0a len=251 crc=1 rssi=-49 pairid=247 txtag=4 st=0x00 addr=213769741 end=213786126 air_us=1024 gap_us=76
REC oseq=181 s0=0x12 len=251 crc=0 rssi=-41 pairid=247 txtag=4 st=0x00 addr=213787353 end=213803738 air_us=1024 gap_us=76
REC oseq=182 s0=0x1e len=251 crc=1 rssi=-41 pairid=247 txtag=4 st=0x00 addr=215399963 end=215416348 air_us=1024 gap_us=99764
REC oseq=183 s0=0x0a len=251 crc=1 rssi=-49 pairid=247 txtag=4 st=0x00 addr=215417565 end=215433950 air_us=1024 gap_us=76
REC oseq=184 s0=0x12 len=251 crc=1 rssi=-41 pairid=247 txtag=4 st=0x00 addr=215435179 end=215451564 air_us=1024 gap_us=76
REC oseq=185 s0=0x06 len=251 crc=1 rssi=-49 pairid=247 txtag=4 st=0x00 addr=215452781 end=215469166 air_us=1024 gap_us=76
REC oseq=186 s0=0x1e len=251 crc=1 rssi=-41 pairid=247 txtag=4 st=0x00 addr=215470396 end=215486781 air_us=1024 gap_us=76
REC oseq=187 s0=0x0a len=251 crc=1 rssi=-49 pairid=247 txtag=4 st=0x00 addr=215487998 end=215504383 air_us=1024 gap_us=76
REC oseq=188 s0=0x12 len=251 crc=1 rssi=-41 pairid=247 txtag=4 st=0x00 addr=215505612 end=215521997 air_us=1024 gap_us=76
REC oseq=189 s0=0x06 len=251 crc=1 rssi=-53 pairid=247 txtag=4 st=0x00 addr=215523214 end=215539599 air_us=1024 gap_us=76
REC oseq=190 s0=0x1e len=251 crc=1 rssi=-41 pairid=247 txtag=4 st=0x00 addr=215540829 end=215557214 air_us=1024 gap_us=76
REC oseq=191 s0=0x0a len=251 crc=1 rssi=-49 pairid=247 txtag=4 st=0x00 addr=215558431 end=215574816 air_us=1024 gap_us=76
REC oseq=192 s0=0x12 len=251 crc=1 rssi=-41 pairid=247 txtag=4 st=0x00 addr=215576045 end=215592430 air_us=1024 gap_us=76
REC oseq=193 s0=0x06 len=251 crc=1 rssi=-49 pairid=247 txtag=4 st=0x00 addr=215593647 end=215610032 air_us=1024 gap_us=76
REC oseq=194 s0=0x1e len=251 crc=1 rssi=-41 pairid=247 txtag=4 st=0x00 addr=215611262 end=215627647 air_us=1024 gap_us=76
REC oseq=195 s0=0x0a len=251 crc=1 rssi=-49 pairid=247 txtag=4 st=0x00 addr=215628863 end=215645248 air_us=1024 gap_us=76
REC oseq=196 s0=0x12 len=251 crc=1 rssi=-41 pairid=247 txtag=4 st=0x00 addr=215646478 end=215662863 air_us=1024 gap_us=76
REC oseq=197 s0=0x06 len=251 crc=1 rssi=-49 pairid=247 txtag=4 st=0x00 addr=215664080 end=215680465 air_us=1024 gap_us=76
REC oseq=198 s0=0x1e len=251 crc=1 rssi=-41 pairid=247 txtag=4 st=0x00 addr=215681695 end=215698080 air_us=1024 gap_us=76
REC oseq=199 s0=0x0a len=251 crc=1 rssi=-49 pairid=247 txtag=4 st=0x00 addr=215699296 end=215715681 air_us=1024 gap_us=76
REC oseq=200 s0=0x12 len=251 crc=1 rssi=-41 pairid=247 txtag=4 st=0x00 addr=215716911 end=215733296 air_us=1024 gap_us=76
REC oseq=201 s0=0x06 len=251 crc=1 rssi=-49 pairid=247 txtag=4 st=0x00 addr=215734512 end=215750897 air_us=1024 gap_us=76
REC oseq=202 s0=0x1e len=251 crc=1 rssi=-41 pairid=247 txtag=4 st=0x00 addr=215752128 end=215768513 air_us=1024 gap_us=76
REC oseq=203 s0=0x0a len=251 crc=1 rssi=-49 pairid=247 txtag=4 st=0x00 addr=215769728 end=215786113 air_us=1024 gap_us=75
REC oseq=204 s0=0x12 len=251 crc=0 rssi=-41 pairid=247 txtag=4 st=0x00 addr=215787344 end=215803729 air_us=1024 gap_us=76
REC oseq=205 s0=0x12 len=251 crc=1 rssi=-41 pairid=247 txtag=4 st=0x00 addr=220199944 end=220216329 air_us=1024 gap_us=274763
REC oseq=206 s0=0x06 len=251 crc=1 rssi=-49 pairid=247 txtag=4 st=0x00 addr=220217549 end=220233934 air_us=1024 gap_us=76
REC oseq=207 s0=0x1e len=251 crc=1 rssi=-41 pairid=247 txtag=4 st=0x00 addr=220235161 end=220251546 air_us=1024 gap_us=76
REC oseq=208 s0=0x0a len=251 crc=1 rssi=-49 pairid=247 txtag=4 st=0x00 addr=220252765 end=220269150 air_us=1024 gap_us=76
REC oseq=209 s0=0x12 len=251 crc=1 rssi=-41 pairid=247 txtag=4 st=0x00 addr=220270377 end=220286762 air_us=1024 gap_us=76
REC oseq=210 s0=0x06 len=251 crc=1 rssi=-51 pairid=247 txtag=4 st=0x00 addr=220287981 end=220304366 air_us=1024 gap_us=76
REC oseq=211 s0=0x1e len=251 crc=1 rssi=-41 pairid=247 txtag=4 st=0x00 addr=220305593 end=220321978 air_us=1024 gap_us=76
REC oseq=212 s0=0x0a len=251 crc=1 rssi=-49 pairid=247 txtag=4 st=0x00 addr=220323198 end=220339583 air_us=1024 gap_us=76
REC oseq=213 s0=0x12 len=251 crc=1 rssi=-41 pairid=247 txtag=4 st=0x00 addr=220340810 end=220357195 air_us=1024 gap_us=76
REC oseq=214 s0=0x06 len=251 crc=1 rssi=-49 pairid=247 txtag=4 st=0x00 addr=220358414 end=220374799 air_us=1024 gap_us=76
REC oseq=215 s0=0x1e len=251 crc=1 rssi=-41 pairid=247 txtag=4 st=0x00 addr=220376027 end=220392412 air_us=1024 gap_us=76
REC oseq=216 s0=0x0a len=251 crc=1 rssi=-49 pairid=247 txtag=4 st=0x00 addr=220393630 end=220410015 air_us=1024 gap_us=76
REC oseq=217 s0=0x12 len=251 crc=1 rssi=-41 pairid=247 txtag=4 st=0x00 addr=220411243 end=220427628 air_us=1024 gap_us=76
REC oseq=218 s0=0x06 len=251 crc=1 rssi=-49 pairid=247 txtag=4 st=0x00 addr=220428847 end=220445232 air_us=1024 gap_us=76
REC oseq=219 s0=0x1e len=251 crc=1 rssi=-41 pairid=247 txtag=4 st=0x00 addr=220446459 end=220462844 air_us=1024 gap_us=76
REC oseq=220 s0=0x0a len=251 crc=1 rssi=-49 pairid=247 txtag=4 st=0x00 addr=220464063 end=220480448 air_us=1024 gap_us=76
REC oseq=221 s0=0x12 len=251 crc=1 rssi=-41 pairid=247 txtag=4 st=0x00 addr=220481676 end=220498061 air_us=1024 gap_us=76
REC oseq=222 s0=0x06 len=251 crc=1 rssi=-49 pairid=247 txtag=4 st=0x00 addr=220499279 end=220515664 air_us=1024 gap_us=76
REC oseq=223 s0=0x1e len=251 crc=1 rssi=-41 pairid=247 txtag=4 st=0x00 addr=220516892 end=220533277 air_us=1024 gap_us=76
REC oseq=224 s0=0x0a len=251 crc=1 rssi=-49 pairid=247 txtag=4 st=0x00 addr=220534496 end=220550881 air_us=1024 gap_us=76
REC oseq=225 s0=0x12 len=251 crc=1 rssi=-41 pairid=247 txtag=4 st=0x00 addr=220552109 end=220568494 air_us=1024 gap_us=76
REC oseq=226 s0=0x06 len=251 crc=1 rssi=-49 pairid=247 txtag=4 st=0x00 addr=220569712 end=220586097 air_us=1024 gap_us=76
REC oseq=227 s0=0x1e len=251 crc=0 rssi=-41 pairid=247 txtag=4 st=0x00 addr=220587325 end=220603710 air_us=1024 gap_us=76
REC oseq=228 s0=0x1e len=251 crc=1 rssi=-41 pairid=247 txtag=4 st=0x00 addr=223399931 end=223416316 air_us=1024 gap_us=174763
REC oseq=229 s0=0x0a len=251 crc=1 rssi=-49 pairid=247 txtag=4 st=0x00 addr=223417542 end=223433927 air_us=1024 gap_us=76
REC oseq=230 s0=0x12 len=251 crc=1 rssi=-41 pairid=247 txtag=4 st=0x00 addr=223435147 end=223451532 air_us=1024 gap_us=76
REC oseq=231 s0=0x06 len=251 crc=1 rssi=-49 pairid=247 txtag=4 st=0x00 addr=223452759 end=223469144 air_us=1024 gap_us=76
REC oseq=232 s0=0x1e len=251 crc=1 rssi=-41 pairid=247 txtag=4 st=0x00 addr=223470364 end=223486749 air_us=1024 gap_us=76
REC oseq=233 s0=0x0a len=251 crc=1 rssi=-49 pairid=247 txtag=4 st=0x00 addr=223487975 end=223504360 air_us=1024 gap_us=76
REC oseq=234 s0=0x12 len=251 crc=1 rssi=-41 pairid=247 txtag=4 st=0x00 addr=223505581 end=223521966 air_us=1024 gap_us=76
REC oseq=235 s0=0x06 len=251 crc=1 rssi=-49 pairid=247 txtag=4 st=0x00 addr=223523191 end=223539576 air_us=1024 gap_us=76
REC oseq=236 s0=0x1e len=251 crc=1 rssi=-41 pairid=247 txtag=4 st=0x00 addr=223540797 end=223557182 air_us=1024 gap_us=76
REC oseq=237 s0=0x0a len=251 crc=1 rssi=-49 pairid=247 txtag=4 st=0x00 addr=223558408 end=223574793 air_us=1024 gap_us=76
REC oseq=238 s0=0x12 len=251 crc=1 rssi=-41 pairid=247 txtag=4 st=0x00 addr=223576014 end=223592399 air_us=1024 gap_us=76
REC oseq=239 s0=0x06 len=251 crc=1 rssi=-49 pairid=247 txtag=4 st=0x00 addr=223593624 end=223610009 air_us=1024 gap_us=76
REC oseq=240 s0=0x1e len=251 crc=1 rssi=-41 pairid=247 txtag=4 st=0x00 addr=223611230 end=223627615 air_us=1024 gap_us=76
REC oseq=241 s0=0x0a len=251 crc=1 rssi=-49 pairid=247 txtag=4 st=0x00 addr=223628840 end=223645225 air_us=1024 gap_us=76
REC oseq=242 s0=0x12 len=251 crc=1 rssi=-41 pairid=247 txtag=4 st=0x00 addr=223646447 end=223662832 air_us=1024 gap_us=76
REC oseq=243 s0=0x06 len=251 crc=1 rssi=-49 pairid=247 txtag=4 st=0x00 addr=223664057 end=223680442 air_us=1024 gap_us=76
REC oseq=244 s0=0x1e len=251 crc=1 rssi=-41 pairid=247 txtag=4 st=0x00 addr=223681663 end=223698048 air_us=1024 gap_us=76
REC oseq=245 s0=0x0a len=251 crc=1 rssi=-49 pairid=247 txtag=4 st=0x00 addr=223699273 end=223715658 air_us=1024 gap_us=76
REC oseq=246 s0=0x12 len=251 crc=1 rssi=-41 pairid=247 txtag=4 st=0x00 addr=223716880 end=223733265 air_us=1024 gap_us=76
REC oseq=247 s0=0x06 len=251 crc=1 rssi=-49 pairid=247 txtag=4 st=0x00 addr=223734489 end=223750874 air_us=1024 gap_us=76
REC oseq=248 s0=0x1e len=251 crc=1 rssi=-41 pairid=247 txtag=4 st=0x00 addr=223752096 end=223768481 air_us=1024 gap_us=76
REC oseq=249 s0=0x0a len=251 crc=1 rssi=-49 pairid=247 txtag=4 st=0x00 addr=223769706 end=223786091 air_us=1024 gap_us=76
REC oseq=250 s0=0x12 len=251 crc=0 rssi=-41 pairid=247 txtag=4 st=0x00 addr=223787312 end=223803697 air_us=1024 gap_us=76
REC oseq=251 s0=0x1e len=251 crc=1 rssi=-41 pairid=247 txtag=4 st=0x00 addr=238599870 end=238616255 air_us=1024 gap_us=924760
REC oseq=252 s0=0x0a len=251 crc=1 rssi=-49 pairid=247 txtag=4 st=0x00 addr=238617471 end=238633856 air_us=1024 gap_us=76
REC oseq=253 s0=0x12 len=251 crc=1 rssi=-41 pairid=247 txtag=4 st=0x00 addr=238635086 end=238651471 air_us=1024 gap_us=76
REC oseq=254 s0=0x06 len=251 crc=1 rssi=-49 pairid=247 txtag=4 st=0x00 addr=238652688 end=238669073 air_us=1024 gap_us=76
REC oseq=255 s0=0x1e len=251 crc=1 rssi=-41 pairid=247 txtag=4 st=0x00 addr=238670303 end=238686688 air_us=1024 gap_us=76
REC oseq=256 s0=0x0a len=251 crc=1 rssi=-49 pairid=247 txtag=4 st=0x00 addr=238687904 end=238704289 air_us=1024 gap_us=76
REC oseq=257 s0=0x12 len=251 crc=1 rssi=-41 pairid=247 txtag=4 st=0x00 addr=238705519 end=238721904 air_us=1024 gap_us=76
REC oseq=258 s0=0x06 len=251 crc=1 rssi=-49 pairid=247 txtag=4 st=0x00 addr=238723120 end=238739505 air_us=1024 gap_us=76
REC oseq=259 s0=0x1e len=251 crc=1 rssi=-41 pairid=247 txtag=4 st=0x00 addr=238740736 end=238757121 air_us=1024 gap_us=76
REC oseq=260 s0=0x0a len=251 crc=1 rssi=-49 pairid=247 txtag=4 st=0x00 addr=238758337 end=238774722 air_us=1024 gap_us=76
REC oseq=261 s0=0x12 len=251 crc=1 rssi=-41 pairid=247 txtag=4 st=0x00 addr=238775936 end=238792321 air_us=1024 gap_us=75
REC oseq=262 s0=0x06 len=251 crc=1 rssi=-49 pairid=247 txtag=4 st=0x00 addr=238793537 end=238809922 air_us=1024 gap_us=76
REC oseq=263 s0=0x1e len=251 crc=1 rssi=-42 pairid=247 txtag=4 st=0x00 addr=238811153 end=238827538 air_us=1024 gap_us=76
REC oseq=264 s0=0x0a len=251 crc=1 rssi=-49 pairid=247 txtag=4 st=0x00 addr=238828753 end=238845138 air_us=1024 gap_us=75
REC oseq=265 s0=0x12 len=251 crc=1 rssi=-41 pairid=247 txtag=4 st=0x00 addr=238846353 end=238862738 air_us=1024 gap_us=75
REC oseq=266 s0=0x06 len=251 crc=1 rssi=-49 pairid=247 txtag=4 st=0x00 addr=238863954 end=238880339 air_us=1024 gap_us=76
REC oseq=267 s0=0x1e len=251 crc=1 rssi=-41 pairid=247 txtag=4 st=0x00 addr=238881554 end=238897939 air_us=1024 gap_us=75
REC oseq=268 s0=0x0a len=251 crc=1 rssi=-49 pairid=247 txtag=4 st=0x00 addr=238899154 end=238915539 air_us=1024 gap_us=75
REC oseq=269 s0=0x12 len=251 crc=1 rssi=-41 pairid=247 txtag=4 st=0x00 addr=238916754 end=238933139 air_us=1024 gap_us=75
REC oseq=270 s0=0x06 len=251 crc=1 rssi=-49 pairid=247 txtag=4 st=0x00 addr=238934354 end=238950739 air_us=1024 gap_us=75
REC oseq=271 s0=0x1e len=251 crc=1 rssi=-41 pairid=247 txtag=4 st=0x00 addr=238951955 end=238968340 air_us=1024 gap_us=76
REC oseq=272 s0=0x0a len=251 crc=1 rssi=-49 pairid=247 txtag=4 st=0x00 addr=238969554 end=238985939 air_us=1024 gap_us=75
REC oseq=273 s0=0x12 len=251 crc=0 rssi=-41 pairid=247 txtag=4 st=0x00 addr=238987155 end=239003540 air_us=1024 gap_us=76
REC oseq=274 s0=0x12 len=251 crc=1 rssi=-41 pairid=247 txtag=4 st=0x00 addr=243799849 end=243816234 air_us=1024 gap_us=299769
REC oseq=275 s0=0x06 len=251 crc=1 rssi=-49 pairid=247 txtag=4 st=0x00 addr=243817452 end=243833837 air_us=1024 gap_us=76
REC oseq=276 s0=0x1e len=251 crc=1 rssi=-43 pairid=247 txtag=4 st=0x00 addr=243835066 end=243851451 air_us=1024 gap_us=76
REC oseq=277 s0=0x0a len=251 crc=1 rssi=-50 pairid=247 txtag=4 st=0x00 addr=243852669 end=243869054 air_us=1024 gap_us=76
REC oseq=278 s0=0x12 len=251 crc=1 rssi=-42 pairid=247 txtag=4 st=0x00 addr=243870282 end=243886667 air_us=1024 gap_us=76
REC oseq=279 s0=0x06 len=251 crc=1 rssi=-50 pairid=247 txtag=4 st=0x00 addr=243887885 end=243904270 air_us=1024 gap_us=76
REC oseq=280 s0=0x1e len=251 crc=1 rssi=-42 pairid=247 txtag=4 st=0x00 addr=243905499 end=243921884 air_us=1024 gap_us=76
REC oseq=281 s0=0x0a len=251 crc=1 rssi=-49 pairid=247 txtag=4 st=0x00 addr=243923101 end=243939486 air_us=1024 gap_us=76
REC oseq=282 s0=0x12 len=251 crc=1 rssi=-41 pairid=247 txtag=4 st=0x00 addr=243940715 end=243957100 air_us=1024 gap_us=76
REC oseq=283 s0=0x06 len=251 crc=1 rssi=-50 pairid=247 txtag=4 st=0x00 addr=243958318 end=243974703 air_us=1024 gap_us=76
REC oseq=284 s0=0x1e len=251 crc=1 rssi=-42 pairid=247 txtag=4 st=0x00 addr=243975932 end=243992317 air_us=1024 gap_us=76
REC oseq=285 s0=0x0a len=251 crc=1 rssi=-50 pairid=247 txtag=4 st=0x00 addr=243993534 end=244009919 air_us=1024 gap_us=76
REC oseq=286 s0=0x12 len=251 crc=1 rssi=-42 pairid=247 txtag=4 st=0x00 addr=244011148 end=244027533 air_us=1024 gap_us=76
REC oseq=287 s0=0x06 len=251 crc=1 rssi=-50 pairid=247 txtag=4 st=0x00 addr=244028750 end=244045135 air_us=1024 gap_us=76
REC oseq=288 s0=0x1e len=251 crc=1 rssi=-42 pairid=247 txtag=4 st=0x00 addr=244046365 end=244062750 air_us=1024 gap_us=76
REC oseq=289 s0=0x0a len=251 crc=1 rssi=-50 pairid=247 txtag=4 st=0x00 addr=244063967 end=244080352 air_us=1024 gap_us=76
REC oseq=290 s0=0x12 len=251 crc=1 rssi=-42 pairid=247 txtag=4 st=0x00 addr=244081581 end=244097966 air_us=1024 gap_us=76
REC oseq=291 s0=0x06 len=251 crc=1 rssi=-51 pairid=247 txtag=4 st=0x00 addr=244099183 end=244115568 air_us=1024 gap_us=76
REC oseq=292 s0=0x1e len=251 crc=1 rssi=-41 pairid=247 txtag=4 st=0x00 addr=244116798 end=244133183 air_us=1024 gap_us=76
REC oseq=293 s0=0x0a len=251 crc=1 rssi=-50 pairid=247 txtag=4 st=0x00 addr=244134399 end=244150784 air_us=1024 gap_us=76
REC oseq=294 s0=0x12 len=251 crc=1 rssi=-42 pairid=247 txtag=4 st=0x00 addr=244152014 end=244168399 air_us=1024 gap_us=76
REC oseq=295 s0=0x06 len=251 crc=1 rssi=-50 pairid=247 txtag=4 st=0x00 addr=244169615 end=244186000 air_us=1024 gap_us=76
REC oseq=296 s0=0x1e len=251 crc=0 rssi=-42 pairid=247 txtag=4 st=0x00 addr=244187231 end=244203616 air_us=1024 gap_us=76
REC oseq=297 s0=0x12 len=251 crc=1 rssi=-41 pairid=247 txtag=4 st=0x00 addr=262599775 end=262616160 air_us=1024 gap_us=1149759
REC oseq=298 s0=0x06 len=251 crc=1 rssi=-49 pairid=247 txtag=4 st=0x00 addr=262617390 end=262633775 air_us=1024 gap_us=76
REC oseq=299 s0=0x1e len=251 crc=1 rssi=-41 pairid=247 txtag=4 st=0x00 addr=262634991 end=262651376 air_us=1024 gap_us=76
REC oseq=300 s0=0x0a len=251 crc=1 rssi=-49 pairid=247 txtag=4 st=0x00 addr=262652606 end=262668991 air_us=1024 gap_us=76
REC oseq=301 s0=0x12 len=251 crc=1 rssi=-41 pairid=247 txtag=4 st=0x00 addr=262670207 end=262686592 air_us=1024 gap_us=76
REC oseq=302 s0=0x06 len=251 crc=1 rssi=-49 pairid=247 txtag=4 st=0x00 addr=262687823 end=262704208 air_us=1024 gap_us=76
REC oseq=303 s0=0x1e len=251 crc=1 rssi=-41 pairid=247 txtag=4 st=0x00 addr=262705424 end=262721809 air_us=1024 gap_us=76
REC oseq=304 s0=0x0a len=251 crc=1 rssi=-49 pairid=247 txtag=4 st=0x00 addr=262723039 end=262739424 air_us=1024 gap_us=76
REC oseq=305 s0=0x12 len=251 crc=1 rssi=-41 pairid=247 txtag=4 st=0x00 addr=262740641 end=262757026 air_us=1024 gap_us=76
REC oseq=306 s0=0x06 len=251 crc=1 rssi=-49 pairid=247 txtag=4 st=0x00 addr=262758255 end=262774640 air_us=1024 gap_us=76
REC oseq=307 s0=0x1e len=251 crc=1 rssi=-41 pairid=247 txtag=4 st=0x00 addr=262775857 end=262792242 air_us=1024 gap_us=76
REC oseq=308 s0=0x0a len=251 crc=1 rssi=-49 pairid=247 txtag=4 st=0x00 addr=262793472 end=262809857 air_us=1024 gap_us=76
REC oseq=309 s0=0x12 len=251 crc=1 rssi=-41 pairid=247 txtag=4 st=0x00 addr=262811073 end=262827458 air_us=1024 gap_us=76
REC oseq=310 s0=0x06 len=251 crc=1 rssi=-49 pairid=247 txtag=4 st=0x00 addr=262828688 end=262845073 air_us=1024 gap_us=76
REC oseq=311 s0=0x1e len=251 crc=1 rssi=-41 pairid=247 txtag=4 st=0x00 addr=262846290 end=262862675 air_us=1024 gap_us=76
REC oseq=312 s0=0x0a len=251 crc=1 rssi=-49 pairid=247 txtag=4 st=0x00 addr=262863904 end=262880289 air_us=1024 gap_us=76
REC oseq=313 s0=0x12 len=251 crc=1 rssi=-41 pairid=247 txtag=4 st=0x00 addr=262881507 end=262897892 air_us=1024 gap_us=76
REC oseq=314 s0=0x06 len=251 crc=1 rssi=-49 pairid=247 txtag=4 st=0x00 addr=262899121 end=262915506 air_us=1024 gap_us=76
REC oseq=315 s0=0x1e len=251 crc=1 rssi=-41 pairid=247 txtag=4 st=0x00 addr=262916723 end=262933108 air_us=1024 gap_us=76
REC oseq=316 s0=0x0a len=251 crc=1 rssi=-49 pairid=247 txtag=4 st=0x00 addr=262934337 end=262950722 air_us=1024 gap_us=76
REC oseq=317 s0=0x12 len=251 crc=1 rssi=-41 pairid=247 txtag=4 st=0x00 addr=262951939 end=262968324 air_us=1024 gap_us=76
REC oseq=318 s0=0x06 len=251 crc=1 rssi=-49 pairid=247 txtag=4 st=0x00 addr=262969554 end=262985939 air_us=1024 gap_us=76
REC oseq=319 s0=0x1e len=251 crc=0 rssi=-41 pairid=247 txtag=4 st=0x00 addr=262987156 end=263003541 air_us=1024 gap_us=76
REC oseq=320 s0=0x22 len=227 crc=0 rssi=-96 pairid=38988 txtag=76 st=0x00 addr=263034989 end=263049838 air_us=928 gap_us=1965
REC oseq=321 s0=0x1e len=251 crc=1 rssi=-41 pairid=247 txtag=4 st=0x00 addr=267399756 end=267416141 air_us=1024 gap_us=271869
REC oseq=322 s0=0x0a len=251 crc=1 rssi=-49 pairid=247 txtag=4 st=0x00 addr=267417358 end=267433743 air_us=1024 gap_us=76
REC oseq=323 s0=0x12 len=251 crc=1 rssi=-41 pairid=247 txtag=4 st=0x00 addr=267434972 end=267451357 air_us=1024 gap_us=76
REC oseq=324 s0=0x06 len=251 crc=1 rssi=-49 pairid=247 txtag=4 st=0x00 addr=267452574 end=267468959 air_us=1024 gap_us=76
REC oseq=325 s0=0x1e len=251 crc=1 rssi=-41 pairid=247 txtag=4 st=0x00 addr=267470189 end=267486574 air_us=1024 gap_us=76
REC oseq=326 s0=0x0a len=251 crc=1 rssi=-49 pairid=247 txtag=4 st=0x00 addr=267487791 end=267504176 air_us=1024 gap_us=76
REC oseq=327 s0=0x12 len=251 crc=1 rssi=-41 pairid=247 txtag=4 st=0x00 addr=267505405 end=267521790 air_us=1024 gap_us=76
REC oseq=328 s0=0x06 len=251 crc=1 rssi=-49 pairid=247 txtag=4 st=0x00 addr=267523007 end=267539392 air_us=1024 gap_us=76
REC oseq=329 s0=0x1e len=251 crc=1 rssi=-41 pairid=247 txtag=4 st=0x00 addr=267540622 end=267557007 air_us=1024 gap_us=76
REC oseq=330 s0=0x0a len=251 crc=1 rssi=-49 pairid=247 txtag=4 st=0x00 addr=267558223 end=267574608 air_us=1024 gap_us=76
REC oseq=331 s0=0x12 len=251 crc=1 rssi=-41 pairid=247 txtag=4 st=0x00 addr=267575838 end=267592223 air_us=1024 gap_us=76
REC oseq=332 s0=0x06 len=251 crc=1 rssi=-49 pairid=247 txtag=4 st=0x00 addr=267593440 end=267609825 air_us=1024 gap_us=76
REC oseq=333 s0=0x1e len=251 crc=1 rssi=-41 pairid=247 txtag=4 st=0x00 addr=267611055 end=267627440 air_us=1024 gap_us=76
REC oseq=334 s0=0x0a len=251 crc=1 rssi=-49 pairid=247 txtag=4 st=0x00 addr=267628656 end=267645041 air_us=1024 gap_us=76
REC oseq=335 s0=0x12 len=251 crc=1 rssi=-41 pairid=247 txtag=4 st=0x00 addr=267646271 end=267662656 air_us=1024 gap_us=76
REC oseq=336 s0=0x06 len=251 crc=1 rssi=-49 pairid=247 txtag=4 st=0x00 addr=267663872 end=267680257 air_us=1024 gap_us=76
REC oseq=337 s0=0x1e len=251 crc=1 rssi=-41 pairid=247 txtag=4 st=0x00 addr=267681488 end=267697873 air_us=1024 gap_us=76
REC oseq=338 s0=0x0a len=251 crc=1 rssi=-49 pairid=247 txtag=4 st=0x00 addr=267699089 end=267715474 air_us=1024 gap_us=76
REC oseq=339 s0=0x12 len=251 crc=1 rssi=-41 pairid=247 txtag=4 st=0x00 addr=267716704 end=267733089 air_us=1024 gap_us=76
REC oseq=340 s0=0x06 len=251 crc=1 rssi=-49 pairid=247 txtag=4 st=0x00 addr=267734305 end=267750690 air_us=1024 gap_us=76
REC oseq=341 s0=0x1e len=251 crc=1 rssi=-41 pairid=247 txtag=4 st=0x00 addr=267751921 end=267768306 air_us=1024 gap_us=76
REC oseq=342 s0=0x0a len=251 crc=1 rssi=-49 pairid=247 txtag=4 st=0x00 addr=267769521 end=267785906 air_us=1024 gap_us=75
REC oseq=343 s0=0x12 len=251 crc=0 rssi=-41 pairid=247 txtag=4 st=0x00 addr=267787121 end=267803506 air_us=1024 gap_us=75
REC oseq=344 s0=0x12 len=251 crc=1 rssi=-41 pairid=247 txtag=4 st=0x00 addr=274999725 end=275016110 air_us=1024 gap_us=449763
REC oseq=345 s0=0x06 len=251 crc=1 rssi=-49 pairid=247 txtag=4 st=0x00 addr=275017338 end=275033723 air_us=1024 gap_us=76
REC oseq=346 s0=0x1e len=251 crc=1 rssi=-41 pairid=247 txtag=4 st=0x00 addr=275034941 end=275051326 air_us=1024 gap_us=76
REC oseq=347 s0=0x0a len=251 crc=1 rssi=-49 pairid=247 txtag=4 st=0x00 addr=275052554 end=275068939 air_us=1024 gap_us=76
REC oseq=348 s0=0x12 len=251 crc=1 rssi=-41 pairid=247 txtag=4 st=0x00 addr=275070157 end=275086542 air_us=1024 gap_us=76
REC oseq=349 s0=0x06 len=251 crc=1 rssi=-49 pairid=247 txtag=4 st=0x00 addr=275087770 end=275104155 air_us=1024 gap_us=76
REC oseq=350 s0=0x1e len=251 crc=1 rssi=-41 pairid=247 txtag=4 st=0x00 addr=275105374 end=275121759 air_us=1024 gap_us=76
REC oseq=351 s0=0x0a len=251 crc=1 rssi=-49 pairid=247 txtag=4 st=0x00 addr=275122987 end=275139372 air_us=1024 gap_us=76
REC oseq=352 s0=0x12 len=251 crc=1 rssi=-41 pairid=247 txtag=4 st=0x00 addr=275140591 end=275156976 air_us=1024 gap_us=76
REC oseq=353 s0=0x06 len=251 crc=1 rssi=-49 pairid=247 txtag=4 st=0x00 addr=275158203 end=275174588 air_us=1024 gap_us=76
REC oseq=354 s0=0x1e len=251 crc=1 rssi=-41 pairid=247 txtag=4 st=0x00 addr=275175807 end=275192192 air_us=1024 gap_us=76
REC oseq=355 s0=0x0a len=251 crc=1 rssi=-49 pairid=247 txtag=4 st=0x00 addr=275193420 end=275209805 air_us=1024 gap_us=76
REC oseq=356 s0=0x12 len=251 crc=1 rssi=-41 pairid=247 txtag=4 st=0x00 addr=275211023 end=275227408 air_us=1024 gap_us=76
REC oseq=357 s0=0x06 len=251 crc=1 rssi=-49 pairid=247 txtag=4 st=0x00 addr=275228636 end=275245021 air_us=1024 gap_us=76
REC oseq=358 s0=0x1e len=251 crc=1 rssi=-41 pairid=247 txtag=4 st=0x00 addr=275246240 end=275262625 air_us=1024 gap_us=76
REC oseq=359 s0=0x0a len=251 crc=1 rssi=-50 pairid=247 txtag=4 st=0x00 addr=275263852 end=275280237 air_us=1024 gap_us=76
REC oseq=360 s0=0x12 len=251 crc=1 rssi=-41 pairid=247 txtag=4 st=0x00 addr=275281456 end=275297841 air_us=1024 gap_us=76
REC oseq=361 s0=0x06 len=251 crc=1 rssi=-49 pairid=247 txtag=4 st=0x00 addr=275299069 end=275315454 air_us=1024 gap_us=76
REC oseq=362 s0=0x1e len=251 crc=1 rssi=-41 pairid=247 txtag=4 st=0x00 addr=275316673 end=275333058 air_us=1024 gap_us=76
REC oseq=363 s0=0x0a len=251 crc=1 rssi=-49 pairid=247 txtag=4 st=0x00 addr=275334285 end=275350670 air_us=1024 gap_us=76
REC oseq=364 s0=0x12 len=251 crc=1 rssi=-41 pairid=247 txtag=4 st=0x00 addr=275351890 end=275368275 air_us=1024 gap_us=76
REC oseq=365 s0=0x06 len=251 crc=1 rssi=-49 pairid=247 txtag=4 st=0x00 addr=275369501 end=275385886 air_us=1024 gap_us=76
REC oseq=366 s0=0x1e len=251 crc=0 rssi=-41 pairid=247 txtag=4 st=0x00 addr=275387106 end=275403491 air_us=1024 gap_us=76
REC oseq=367 s0=0x1e len=251 crc=1 rssi=-41 pairid=247 txtag=4 st=0x00 addr=282599695 end=282616080 air_us=1024 gap_us=449762
REC oseq=368 s0=0x0a len=251 crc=1 rssi=-49 pairid=247 txtag=4 st=0x00 addr=282617301 end=282633686 air_us=1024 gap_us=76
REC oseq=369 s0=0x12 len=251 crc=1 rssi=-41 pairid=247 txtag=4 st=0x00 addr=282634911 end=282651296 air_us=1024 gap_us=76
REC oseq=370 s0=0x06 len=251 crc=1 rssi=-49 pairid=247 txtag=4 st=0x00 addr=282652518 end=282668903 air_us=1024 gap_us=76
REC oseq=371 s0=0x1e len=251 crc=1 rssi=-41 pairid=247 txtag=4 st=0x00 addr=282670128 end=282686513 air_us=1024 gap_us=76
REC oseq=372 s0=0x0a len=251 crc=1 rssi=-49 pairid=247 txtag=4 st=0x00 addr=282687734 end=282704119 air_us=1024 gap_us=76
REC oseq=373 s0=0x12 len=251 crc=1 rssi=-41 pairid=247 txtag=4 st=0x00 addr=282705344 end=282721729 air_us=1024 gap_us=76
REC oseq=374 s0=0x06 len=251 crc=1 rssi=-49 pairid=247 txtag=4 st=0x00 addr=282722950 end=282739335 air_us=1024 gap_us=76
REC oseq=375 s0=0x1e len=251 crc=1 rssi=-41 pairid=247 txtag=4 st=0x00 addr=282740561 end=282756946 air_us=1024 gap_us=76
REC oseq=376 s0=0x0a len=251 crc=1 rssi=-49 pairid=247 txtag=4 st=0x00 addr=282758167 end=282774552 air_us=1024 gap_us=76
REC oseq=377 s0=0x12 len=251 crc=1 rssi=-41 pairid=247 txtag=4 st=0x00 addr=282775777 end=282792162 air_us=1024 gap_us=76
REC oseq=378 s0=0x06 len=251 crc=1 rssi=-49 pairid=247 txtag=4 st=0x00 addr=282793383 end=282809768 air_us=1024 gap_us=76
REC oseq=379 s0=0x1e len=251 crc=1 rssi=-41 pairid=247 txtag=4 st=0x00 addr=282810993 end=282827378 air_us=1024 gap_us=76
REC oseq=380 s0=0x0a len=251 crc=1 rssi=-49 pairid=247 txtag=4 st=0x00 addr=282828599 end=282844984 air_us=1024 gap_us=76
REC oseq=381 s0=0x12 len=251 crc=1 rssi=-41 pairid=247 txtag=4 st=0x00 addr=282846210 end=282862595 air_us=1024 gap_us=76
REC oseq=382 s0=0x06 len=251 crc=1 rssi=-49 pairid=247 txtag=4 st=0x00 addr=282863816 end=282880201 air_us=1024 gap_us=76
REC oseq=383 s0=0x1e len=251 crc=1 rssi=-41 pairid=247 txtag=4 st=0x00 addr=282881427 end=282897812 air_us=1024 gap_us=76
REC oseq=384 s0=0x0a len=251 crc=1 rssi=-49 pairid=247 txtag=4 st=0x00 addr=282899032 end=282915417 air_us=1024 gap_us=76
REC oseq=385 s0=0x12 len=251 crc=1 rssi=-41 pairid=247 txtag=4 st=0x00 addr=282916643 end=282933028 air_us=1024 gap_us=76
REC oseq=386 s0=0x06 len=251 crc=1 rssi=-49 pairid=247 txtag=4 st=0x00 addr=282934248 end=282950633 air_us=1024 gap_us=76
REC oseq=387 s0=0x1e len=251 crc=1 rssi=-41 pairid=247 txtag=4 st=0x00 addr=282951860 end=282968245 air_us=1024 gap_us=76
REC oseq=388 s0=0x0a len=251 crc=1 rssi=-49 pairid=247 txtag=4 st=0x00 addr=282969465 end=282985850 air_us=1024 gap_us=76
REC oseq=389 s0=0x12 len=251 crc=0 rssi=-41 pairid=247 txtag=4 st=0x00 addr=282987076 end=283003461 air_us=1024 gap_us=76
REC oseq=390 s0=0x12 len=251 crc=1 rssi=-41 pairid=247 txtag=4 st=0x00 addr=304599606 end=304615991 air_us=1024 gap_us=1349759
REC oseq=391 s0=0x06 len=251 crc=1 rssi=-49 pairid=247 txtag=4 st=0x00 addr=304617217 end=304633602 air_us=1024 gap_us=76
REC oseq=392 s0=0x1e len=251 crc=1 rssi=-41 pairid=247 txtag=4 st=0x00 addr=304634822 end=304651207 air_us=1024 gap_us=76
REC oseq=393 s0=0x0a len=251 crc=1 rssi=-49 pairid=247 txtag=4 st=0x00 addr=304652433 end=304668818 air_us=1024 gap_us=76
REC oseq=394 s0=0x12 len=251 crc=1 rssi=-41 pairid=247 txtag=4 st=0x00 addr=304670039 end=304686424 air_us=1024 gap_us=76
REC oseq=395 s0=0x06 len=251 crc=1 rssi=-49 pairid=247 txtag=4 st=0x00 addr=304687649 end=304704034 air_us=1024 gap_us=76
REC oseq=396 s0=0x1e len=251 crc=1 rssi=-41 pairid=247 txtag=4 st=0x00 addr=304705256 end=304721641 air_us=1024 gap_us=76
REC oseq=397 s0=0x0a len=251 crc=1 rssi=-50 pairid=247 txtag=4 st=0x00 addr=304722865 end=304739250 air_us=1024 gap_us=76
REC oseq=398 s0=0x12 len=251 crc=1 rssi=-41 pairid=247 txtag=4 st=0x00 addr=304740472 end=304756857 air_us=1024 gap_us=76
REC oseq=399 s0=0x06 len=251 crc=1 rssi=-49 pairid=247 txtag=4 st=0x00 addr=304758082 end=304774467 air_us=1024 gap_us=76
REC oseq=400 s0=0x1e len=251 crc=1 rssi=-41 pairid=247 txtag=4 st=0x00 addr=304775688 end=304792073 air_us=1024 gap_us=76
REC oseq=401 s0=0x0a len=251 crc=1 rssi=-49 pairid=247 txtag=4 st=0x00 addr=304793299 end=304809684 air_us=1024 gap_us=76
REC oseq=402 s0=0x12 len=251 crc=1 rssi=-41 pairid=247 txtag=4 st=0x00 addr=304810905 end=304827290 air_us=1024 gap_us=76
REC oseq=403 s0=0x06 len=251 crc=1 rssi=-49 pairid=247 txtag=4 st=0x00 addr=304828515 end=304844900 air_us=1024 gap_us=76
REC oseq=404 s0=0x1e len=251 crc=1 rssi=-41 pairid=247 txtag=4 st=0x00 addr=304846121 end=304862506 air_us=1024 gap_us=76
REC oseq=405 s0=0x0a len=251 crc=1 rssi=-49 pairid=247 txtag=4 st=0x00 addr=304863731 end=304880116 air_us=1024 gap_us=76
REC oseq=406 s0=0x12 len=251 crc=1 rssi=-41 pairid=247 txtag=4 st=0x00 addr=304881338 end=304897723 air_us=1024 gap_us=76
REC oseq=407 s0=0x06 len=251 crc=1 rssi=-49 pairid=247 txtag=4 st=0x00 addr=304898947 end=304915332 air_us=1024 gap_us=76
REC oseq=408 s0=0x1e len=251 crc=1 rssi=-41 pairid=247 txtag=4 st=0x00 addr=304916554 end=304932939 air_us=1024 gap_us=76
REC oseq=409 s0=0x0a len=251 crc=1 rssi=-49 pairid=247 txtag=4 st=0x00 addr=304934164 end=304950549 air_us=1024 gap_us=76
REC oseq=410 s0=0x12 len=251 crc=1 rssi=-41 pairid=247 txtag=4 st=0x00 addr=304951771 end=304968156 air_us=1024 gap_us=76
REC oseq=411 s0=0x06 len=251 crc=1 rssi=-49 pairid=247 txtag=4 st=0x00 addr=304969380 end=304985765 air_us=1024 gap_us=76
REC oseq=412 s0=0x1e len=251 crc=0 rssi=-41 pairid=247 txtag=4 st=0x00 addr=304986987 end=305003372 air_us=1024 gap_us=76
REC oseq=413 s0=0x12 len=251 crc=1 rssi=-41 pairid=247 txtag=4 st=0x00 addr=328599509 end=328615894 air_us=1024 gap_us=1474758
REC oseq=414 s0=0x06 len=251 crc=1 rssi=-49 pairid=247 txtag=4 st=0x00 addr=328617118 end=328633503 air_us=1024 gap_us=76
REC oseq=415 s0=0x1e len=251 crc=1 rssi=-41 pairid=247 txtag=4 st=0x00 addr=328634726 end=328651111 air_us=1024 gap_us=76
REC oseq=416 s0=0x0a len=251 crc=1 rssi=-49 pairid=247 txtag=4 st=0x00 addr=328652334 end=328668719 air_us=1024 gap_us=76
REC oseq=417 s0=0x12 len=251 crc=1 rssi=-41 pairid=247 txtag=4 st=0x00 addr=328669942 end=328686327 air_us=1024 gap_us=76
REC oseq=418 s0=0x06 len=251 crc=1 rssi=-49 pairid=247 txtag=4 st=0x00 addr=328687551 end=328703936 air_us=1024 gap_us=76
REC oseq=419 s0=0x1e len=251 crc=1 rssi=-41 pairid=247 txtag=4 st=0x00 addr=328705159 end=328721544 air_us=1024 gap_us=76
REC oseq=420 s0=0x0a len=251 crc=1 rssi=-49 pairid=247 txtag=4 st=0x00 addr=328722767 end=328739152 air_us=1024 gap_us=76
REC oseq=421 s0=0x12 len=251 crc=1 rssi=-41 pairid=247 txtag=4 st=0x00 addr=328740375 end=328756760 air_us=1024 gap_us=76
REC oseq=422 s0=0x06 len=251 crc=1 rssi=-49 pairid=247 txtag=4 st=0x00 addr=328757984 end=328774369 air_us=1024 gap_us=76
REC oseq=423 s0=0x1e len=251 crc=1 rssi=-41 pairid=247 txtag=4 st=0x00 addr=328775592 end=328791977 air_us=1024 gap_us=76
REC oseq=424 s0=0x0a len=251 crc=1 rssi=-49 pairid=247 txtag=4 st=0x00 addr=328793200 end=328809585 air_us=1024 gap_us=76
REC oseq=425 s0=0x12 len=251 crc=1 rssi=-41 pairid=247 txtag=4 st=0x00 addr=328810808 end=328827193 air_us=1024 gap_us=76
REC oseq=426 s0=0x06 len=251 crc=1 rssi=-49 pairid=247 txtag=4 st=0x00 addr=328828416 end=328844801 air_us=1024 gap_us=76
REC oseq=427 s0=0x1e len=251 crc=1 rssi=-41 pairid=247 txtag=4 st=0x00 addr=328846025 end=328862410 air_us=1024 gap_us=76
REC oseq=428 s0=0x0a len=251 crc=1 rssi=-49 pairid=247 txtag=4 st=0x00 addr=328863632 end=328880017 air_us=1024 gap_us=76
REC oseq=429 s0=0x12 len=251 crc=1 rssi=-41 pairid=247 txtag=4 st=0x00 addr=328881241 end=328897626 air_us=1024 gap_us=76
REC oseq=430 s0=0x06 len=251 crc=1 rssi=-49 pairid=247 txtag=4 st=0x00 addr=328898849 end=328915234 air_us=1024 gap_us=76
REC oseq=431 s0=0x1e len=251 crc=1 rssi=-41 pairid=247 txtag=4 st=0x00 addr=328916458 end=328932843 air_us=1024 gap_us=76
REC oseq=432 s0=0x0a len=251 crc=1 rssi=-49 pairid=247 txtag=4 st=0x00 addr=328934065 end=328950450 air_us=1024 gap_us=76
REC oseq=433 s0=0x12 len=251 crc=1 rssi=-41 pairid=247 txtag=4 st=0x00 addr=328951674 end=328968059 air_us=1024 gap_us=76
REC oseq=434 s0=0x06 len=251 crc=1 rssi=-49 pairid=247 txtag=4 st=0x00 addr=328969281 end=328985666 air_us=1024 gap_us=76
REC oseq=435 s0=0x1e len=251 crc=0 rssi=-41 pairid=247 txtag=4 st=0x00 addr=328986891 end=329003276 air_us=1024 gap_us=76
REC oseq=436 s0=0x1e len=251 crc=1 rssi=-41 pairid=247 txtag=4 st=0x00 addr=332599494 end=332615879 air_us=1024 gap_us=224763
REC oseq=437 s0=0x0a len=251 crc=1 rssi=-49 pairid=247 txtag=4 st=0x00 addr=332617106 end=332633491 air_us=1024 gap_us=76
REC oseq=438 s0=0x12 len=251 crc=1 rssi=-41 pairid=247 txtag=4 st=0x00 addr=332634711 end=332651096 air_us=1024 gap_us=76
REC oseq=439 s0=0x06 len=251 crc=1 rssi=-49 pairid=247 txtag=4 st=0x00 addr=332652323 end=332668708 air_us=1024 gap_us=76
REC oseq=440 s0=0x1e len=251 crc=1 rssi=-41 pairid=247 txtag=4 st=0x00 addr=332669927 end=332686312 air_us=1024 gap_us=76
REC oseq=441 s0=0x0a len=251 crc=1 rssi=-49 pairid=247 txtag=4 st=0x00 addr=332687539 end=332703924 air_us=1024 gap_us=76
REC oseq=442 s0=0x12 len=251 crc=1 rssi=-41 pairid=247 txtag=4 st=0x00 addr=332705144 end=332721529 air_us=1024 gap_us=76
REC oseq=443 s0=0x06 len=251 crc=1 rssi=-49 pairid=247 txtag=4 st=0x00 addr=332722755 end=332739140 air_us=1024 gap_us=76
REC oseq=444 s0=0x1e len=251 crc=1 rssi=-41 pairid=247 txtag=4 st=0x00 addr=332740360 end=332756745 air_us=1024 gap_us=76
REC oseq=445 s0=0x0a len=251 crc=1 rssi=-49 pairid=247 txtag=4 st=0x00 addr=332757972 end=332774357 air_us=1024 gap_us=76
REC oseq=446 s0=0x12 len=251 crc=1 rssi=-41 pairid=247 txtag=4 st=0x00 addr=332775577 end=332791962 air_us=1024 gap_us=76
REC oseq=447 s0=0x06 len=251 crc=1 rssi=-49 pairid=247 txtag=4 st=0x00 addr=332793188 end=332809573 air_us=1024 gap_us=76
REC oseq=448 s0=0x1e len=251 crc=1 rssi=-41 pairid=247 txtag=4 st=0x00 addr=332810794 end=332827179 air_us=1024 gap_us=76
REC oseq=449 s0=0x0a len=251 crc=1 rssi=-49 pairid=247 txtag=4 st=0x00 addr=332828404 end=332844789 air_us=1024 gap_us=76
REC oseq=450 s0=0x12 len=251 crc=1 rssi=-41 pairid=247 txtag=4 st=0x00 addr=332846010 end=332862395 air_us=1024 gap_us=76
REC oseq=451 s0=0x06 len=251 crc=1 rssi=-49 pairid=247 txtag=4 st=0x00 addr=332863621 end=332880006 air_us=1024 gap_us=76
REC oseq=452 s0=0x1e len=251 crc=1 rssi=-41 pairid=247 txtag=4 st=0x00 addr=332881226 end=332897611 air_us=1024 gap_us=76
REC oseq=453 s0=0x0a len=251 crc=1 rssi=-49 pairid=247 txtag=4 st=0x00 addr=332898837 end=332915222 air_us=1024 gap_us=76
REC oseq=454 s0=0x12 len=251 crc=1 rssi=-41 pairid=247 txtag=4 st=0x00 addr=332916443 end=332932828 air_us=1024 gap_us=76
REC oseq=455 s0=0x06 len=251 crc=1 rssi=-49 pairid=247 txtag=4 st=0x00 addr=332934053 end=332950438 air_us=1024 gap_us=76
REC oseq=456 s0=0x1e len=251 crc=1 rssi=-41 pairid=247 txtag=4 st=0x00 addr=332951659 end=332968044 air_us=1024 gap_us=76
REC oseq=457 s0=0x0a len=251 crc=1 rssi=-49 pairid=247 txtag=4 st=0x00 addr=332969270 end=332985655 air_us=1024 gap_us=76
REC oseq=458 s0=0x12 len=251 crc=0 rssi=-41 pairid=247 txtag=4 st=0x00 addr=332986876 end=333003261 air_us=1024 gap_us=76
REC oseq=459 s0=0x80 len=30 crc=0 rssi=-70 pairid=6378 txtag=187 st=0x00 addr=337399478 end=337401720 air_us=140 gap_us=274763
REC oseq=460 s0=0x1e len=251 crc=1 rssi=-41 pairid=247 txtag=4 st=0x00 addr=338599470 end=338615855 air_us=1024 gap_us=74859
REC oseq=461 s0=0x0a len=251 crc=1 rssi=-49 pairid=247 txtag=4 st=0x00 addr=338617082 end=338633467 air_us=1024 gap_us=76
REC oseq=462 s0=0x12 len=251 crc=1 rssi=-41 pairid=247 txtag=4 st=0x00 addr=338634687 end=338651072 air_us=1024 gap_us=76
REC oseq=463 s0=0x06 len=251 crc=1 rssi=-49 pairid=247 txtag=4 st=0x00 addr=338652299 end=338668684 air_us=1024 gap_us=76
REC oseq=464 s0=0x1e len=251 crc=1 rssi=-41 pairid=247 txtag=4 st=0x00 addr=338669903 end=338686288 air_us=1024 gap_us=76
REC oseq=465 s0=0x0a len=251 crc=1 rssi=-49 pairid=247 txtag=4 st=0x00 addr=338687515 end=338703900 air_us=1024 gap_us=76
REC oseq=466 s0=0x12 len=251 crc=1 rssi=-41 pairid=247 txtag=4 st=0x00 addr=338705120 end=338721505 air_us=1024 gap_us=76
REC oseq=467 s0=0x06 len=251 crc=1 rssi=-49 pairid=247 txtag=4 st=0x00 addr=338722731 end=338739116 air_us=1024 gap_us=76
REC oseq=468 s0=0x1e len=251 crc=1 rssi=-41 pairid=247 txtag=4 st=0x00 addr=338740336 end=338756721 air_us=1024 gap_us=76
REC oseq=469 s0=0x0a len=251 crc=1 rssi=-49 pairid=247 txtag=4 st=0x00 addr=338757947 end=338774332 air_us=1024 gap_us=76
REC oseq=470 s0=0x12 len=251 crc=1 rssi=-41 pairid=247 txtag=4 st=0x00 addr=338775552 end=338791937 air_us=1024 gap_us=76
REC oseq=471 s0=0x06 len=251 crc=1 rssi=-49 pairid=247 txtag=4 st=0x00 addr=338793164 end=338809549 air_us=1024 gap_us=76
REC oseq=472 s0=0x1e len=251 crc=1 rssi=-41 pairid=247 txtag=4 st=0x00 addr=338810769 end=338827154 air_us=1024 gap_us=76
REC oseq=473 s0=0x0a len=251 crc=1 rssi=-49 pairid=247 txtag=4 st=0x00 addr=338828380 end=338844765 air_us=1024 gap_us=76
REC oseq=474 s0=0x12 len=251 crc=1 rssi=-41 pairid=247 txtag=4 st=0x00 addr=338845986 end=338862371 air_us=1024 gap_us=76
REC oseq=475 s0=0x06 len=251 crc=1 rssi=-49 pairid=247 txtag=4 st=0x00 addr=338863596 end=338879981 air_us=1024 gap_us=76
REC oseq=476 s0=0x1e len=251 crc=1 rssi=-41 pairid=247 txtag=4 st=0x00 addr=338881202 end=338897587 air_us=1024 gap_us=76
REC oseq=477 s0=0x0a len=251 crc=1 rssi=-49 pairid=247 txtag=4 st=0x00 addr=338898813 end=338915198 air_us=1024 gap_us=76
REC oseq=478 s0=0x12 len=251 crc=1 rssi=-41 pairid=247 txtag=4 st=0x00 addr=338916419 end=338932804 air_us=1024 gap_us=76
REC oseq=479 s0=0x06 len=251 crc=1 rssi=-49 pairid=247 txtag=4 st=0x00 addr=338934029 end=338950414 air_us=1024 gap_us=76
REC oseq=480 s0=0x1e len=251 crc=1 rssi=-41 pairid=247 txtag=4 st=0x00 addr=338951635 end=338968020 air_us=1024 gap_us=76
REC oseq=481 s0=0x0a len=251 crc=1 rssi=-49 pairid=247 txtag=4 st=0x00 addr=338969245 end=338985630 air_us=1024 gap_us=76
REC oseq=482 s0=0x12 len=251 crc=0 rssi=-41 pairid=247 txtag=4 st=0x00 addr=338986852 end=339003237 air_us=1024 gap_us=76
REC oseq=483 s0=0x12 len=251 crc=1 rssi=-41 pairid=247 txtag=4 st=0x00 addr=339799466 end=339815851 air_us=1024 gap_us=49764
REC oseq=484 s0=0x06 len=251 crc=1 rssi=-49 pairid=247 txtag=4 st=0x00 addr=339817074 end=339833459 air_us=1024 gap_us=76
REC oseq=485 s0=0x1e len=251 crc=1 rssi=-41 pairid=247 txtag=4 st=0x00 addr=339834682 end=339851067 air_us=1024 gap_us=76
REC oseq=486 s0=0x0a len=251 crc=1 rssi=-49 pairid=247 txtag=4 st=0x00 addr=339852290 end=339868675 air_us=1024 gap_us=76
REC oseq=487 s0=0x12 len=251 crc=1 rssi=-41 pairid=247 txtag=4 st=0x00 addr=339869899 end=339886284 air_us=1024 gap_us=76
REC oseq=488 s0=0x06 len=251 crc=1 rssi=-49 pairid=247 txtag=4 st=0x00 addr=339887506 end=339903891 air_us=1024 gap_us=76
REC oseq=489 s0=0x1e len=251 crc=1 rssi=-41 pairid=247 txtag=4 st=0x00 addr=339905115 end=339921500 air_us=1024 gap_us=76
REC oseq=490 s0=0x0a len=251 crc=1 rssi=-49 pairid=247 txtag=4 st=0x00 addr=339922722 end=339939107 air_us=1024 gap_us=76
REC oseq=491 s0=0x12 len=251 crc=1 rssi=-41 pairid=247 txtag=4 st=0x00 addr=339940332 end=339956717 air_us=1024 gap_us=76
REC oseq=492 s0=0x06 len=251 crc=1 rssi=-49 pairid=247 txtag=4 st=0x00 addr=339957939 end=339974324 air_us=1024 gap_us=76
REC oseq=493 s0=0x1e len=251 crc=1 rssi=-41 pairid=247 txtag=4 st=0x00 addr=339975548 end=339991933 air_us=1024 gap_us=76
REC oseq=494 s0=0x0a len=251 crc=1 rssi=-49 pairid=247 txtag=4 st=0x00 addr=339993155 end=340009540 air_us=1024 gap_us=76
REC oseq=495 s0=0x12 len=251 crc=1 rssi=-41 pairid=247 txtag=4 st=0x00 addr=340010765 end=340027150 air_us=1024 gap_us=76
REC oseq=496 s0=0x06 len=251 crc=1 rssi=-49 pairid=247 txtag=4 st=0x00 addr=340028372 end=340044757 air_us=1024 gap_us=76
REC oseq=497 s0=0x1e len=251 crc=1 rssi=-41 pairid=247 txtag=4 st=0x00 addr=340045981 end=340062366 air_us=1024 gap_us=76
REC oseq=498 s0=0x0a len=251 crc=1 rssi=-47 pairid=247 txtag=4 st=0x00 addr=340063588 end=340079973 air_us=1024 gap_us=76
REC oseq=499 s0=0x12 len=251 crc=1 rssi=-41 pairid=247 txtag=4 st=0x00 addr=340081198 end=340097583 air_us=1024 gap_us=76
REC oseq=500 s0=0x06 len=251 crc=1 rssi=-49 pairid=247 txtag=4 st=0x00 addr=340098804 end=340115189 air_us=1024 gap_us=76
REC oseq=501 s0=0x1e len=251 crc=1 rssi=-41 pairid=247 txtag=4 st=0x00 addr=340116414 end=340132799 air_us=1024 gap_us=76
REC oseq=502 s0=0x0a len=251 crc=1 rssi=-49 pairid=247 txtag=4 st=0x00 addr=340134021 end=340150406 air_us=1024 gap_us=76
REC oseq=503 s0=0x12 len=251 crc=1 rssi=-41 pairid=247 txtag=4 st=0x00 addr=340151631 end=340168016 air_us=1024 gap_us=76
REC oseq=504 s0=0x06 len=251 crc=1 rssi=-49 pairid=247 txtag=4 st=0x00 addr=340169237 end=340185622 air_us=1024 gap_us=76
REC oseq=505 s0=0x1e len=251 crc=0 rssi=-41 pairid=247 txtag=4 st=0x00 addr=340186847 end=340203232 air_us=1024 gap_us=76
REC oseq=506 s0=0x0a len=251 crc=1 rssi=-49 pairid=247 txtag=4 st=0x00 addr=340217071 end=340233456 air_us=1024 gap_us=864
REC oseq=507 s0=0x12 len=251 crc=1 rssi=-41 pairid=247 txtag=4 st=0x00 addr=340234681 end=340251066 air_us=1024 gap_us=76
REC oseq=508 s0=0x06 len=251 crc=1 rssi=-49 pairid=247 txtag=4 st=0x00 addr=340252288 end=340268673 air_us=1024 gap_us=76
REC oseq=509 s0=0x1e len=251 crc=1 rssi=-41 pairid=247 txtag=4 st=0x00 addr=340269897 end=340286282 air_us=1024 gap_us=76
REC oseq=510 s0=0x0a len=251 crc=1 rssi=-49 pairid=247 txtag=4 st=0x00 addr=340287504 end=340303889 air_us=1024 gap_us=76
REC oseq=511 s0=0x12 len=251 crc=1 rssi=-41 pairid=247 txtag=4 st=0x00 addr=340305114 end=340321499 air_us=1024 gap_us=76
REC oseq=512 s0=0x06 len=251 crc=1 rssi=-49 pairid=247 txtag=4 st=0x00 addr=340322721 end=340339106 air_us=1024 gap_us=76
REC oseq=513 s0=0x1e len=251 crc=1 rssi=-41 pairid=247 txtag=4 st=0x00 addr=340340330 end=340356715 air_us=1024 gap_us=76
REC oseq=514 s0=0x0a len=251 crc=1 rssi=-49 pairid=247 txtag=4 st=0x00 addr=340357937 end=340374322 air_us=1024 gap_us=76
REC oseq=515 s0=0x12 len=251 crc=1 rssi=-41 pairid=247 txtag=4 st=0x00 addr=340375546 end=340391931 air_us=1024 gap_us=76
REC oseq=516 s0=0x06 len=251 crc=1 rssi=-49 pairid=247 txtag=4 st=0x00 addr=340393153 end=340409538 air_us=1024 gap_us=76
REC oseq=517 s0=0x1e len=251 crc=1 rssi=-41 pairid=247 txtag=4 st=0x00 addr=340410763 end=340427148 air_us=1024 gap_us=76
REC oseq=518 s0=0x0a len=251 crc=1 rssi=-49 pairid=247 txtag=4 st=0x00 addr=340428369 end=340444754 air_us=1024 gap_us=76
REC oseq=519 s0=0x12 len=251 crc=1 rssi=-41 pairid=247 txtag=4 st=0x00 addr=340445979 end=340462364 air_us=1024 gap_us=76
REC oseq=520 s0=0x06 len=251 crc=1 rssi=-49 pairid=247 txtag=4 st=0x00 addr=340463586 end=340479971 air_us=1024 gap_us=76
REC oseq=521 s0=0x1e len=251 crc=1 rssi=-41 pairid=247 txtag=4 st=0x00 addr=340481196 end=340497581 air_us=1024 gap_us=76
REC oseq=522 s0=0x0a len=251 crc=1 rssi=-49 pairid=247 txtag=4 st=0x00 addr=340498802 end=340515187 air_us=1024 gap_us=76
REC oseq=523 s0=0x12 len=251 crc=1 rssi=-41 pairid=247 txtag=4 st=0x00 addr=340516413 end=340532798 air_us=1024 gap_us=76
REC oseq=524 s0=0x06 len=251 crc=1 rssi=-49 pairid=247 txtag=4 st=0x00 addr=340534018 end=340550403 air_us=1024 gap_us=76
REC oseq=525 s0=0x1e len=251 crc=1 rssi=-41 pairid=247 txtag=4 st=0x00 addr=340551629 end=340568014 air_us=1024 gap_us=76
REC oseq=526 s0=0x0a len=251 crc=1 rssi=-49 pairid=247 txtag=4 st=0x00 addr=340569235 end=340585620 air_us=1024 gap_us=76
REC oseq=527 s0=0x12 len=251 crc=0 rssi=-41 pairid=247 txtag=4 st=0x00 addr=340586846 end=340603231 air_us=1024 gap_us=76
REC oseq=528 s0=0x12 len=251 crc=1 rssi=-41 pairid=247 txtag=4 st=0x00 addr=355799401 end=355815786 air_us=1024 gap_us=949760
REC oseq=529 s0=0x06 len=251 crc=1 rssi=-49 pairid=247 txtag=4 st=0x00 addr=355817013 end=355833398 air_us=1024 gap_us=76
REC oseq=530 s0=0x1e len=251 crc=1 rssi=-41 pairid=247 txtag=4 st=0x00 addr=355834618 end=355851003 air_us=1024 gap_us=76
REC oseq=531 s0=0x0a len=251 crc=1 rssi=-49 pairid=247 txtag=4 st=0x00 addr=355852229 end=355868614 air_us=1024 gap_us=76
REC oseq=532 s0=0x12 len=251 crc=1 rssi=-41 pairid=247 txtag=4 st=0x00 addr=355869834 end=355886219 air_us=1024 gap_us=76
REC oseq=533 s0=0x06 len=251 crc=1 rssi=-49 pairid=247 txtag=4 st=0x00 addr=355887446 end=355903831 air_us=1024 gap_us=76
REC oseq=534 s0=0x1e len=251 crc=1 rssi=-41 pairid=247 txtag=4 st=0x00 addr=355905051 end=355921436 air_us=1024 gap_us=76
REC oseq=535 s0=0x0a len=251 crc=1 rssi=-49 pairid=247 txtag=4 st=0x00 addr=355922662 end=355939047 air_us=1024 gap_us=76
REC oseq=536 s0=0x12 len=251 crc=1 rssi=-41 pairid=247 txtag=4 st=0x00 addr=355940267 end=355956652 air_us=1024 gap_us=76
REC oseq=537 s0=0x06 len=251 crc=1 rssi=-49 pairid=247 txtag=4 st=0x00 addr=355957878 end=355974263 air_us=1024 gap_us=76
REC oseq=538 s0=0x1e len=251 crc=1 rssi=-41 pairid=247 txtag=4 st=0x00 addr=355975484 end=355991869 air_us=1024 gap_us=76
REC oseq=539 s0=0x0a len=251 crc=1 rssi=-49 pairid=247 txtag=4 st=0x00 addr=355993095 end=356009480 air_us=1024 gap_us=76
REC oseq=540 s0=0x12 len=251 crc=1 rssi=-41 pairid=247 txtag=4 st=0x00 addr=356010700 end=356027085 air_us=1024 gap_us=76
REC oseq=541 s0=0x06 len=251 crc=1 rssi=-49 pairid=247 txtag=4 st=0x00 addr=356028311 end=356044696 air_us=1024 gap_us=76
REC oseq=542 s0=0x1e len=251 crc=1 rssi=-41 pairid=247 txtag=4 st=0x00 addr=356045917 end=356062302 air_us=1024 gap_us=76
REC oseq=543 s0=0x0a len=251 crc=1 rssi=-49 pairid=247 txtag=4 st=0x00 addr=356063527 end=356079912 air_us=1024 gap_us=76
REC oseq=544 s0=0x12 len=251 crc=1 rssi=-41 pairid=247 txtag=4 st=0x00 addr=356081133 end=356097518 air_us=1024 gap_us=76
REC oseq=545 s0=0x06 len=251 crc=1 rssi=-49 pairid=247 txtag=4 st=0x00 addr=356098744 end=356115129 air_us=1024 gap_us=76
REC oseq=546 s0=0x1e len=251 crc=1 rssi=-41 pairid=247 txtag=4 st=0x00 addr=356116350 end=356132735 air_us=1024 gap_us=76
REC oseq=547 s0=0x0a len=251 crc=1 rssi=-49 pairid=247 txtag=4 st=0x00 addr=356133960 end=356150345 air_us=1024 gap_us=76
REC oseq=548 s0=0x12 len=251 crc=1 rssi=-41 pairid=247 txtag=4 st=0x00 addr=356151566 end=356167951 air_us=1024 gap_us=76
REC oseq=549 s0=0x06 len=251 crc=1 rssi=-49 pairid=247 txtag=4 st=0x00 addr=356169177 end=356185562 air_us=1024 gap_us=76
REC oseq=550 s0=0x1e len=251 crc=0 rssi=-41 pairid=247 txtag=4 st=0x00 addr=356186783 end=356203168 air_us=1024 gap_us=76
REC oseq=551 s0=0x12 len=251 crc=1 rssi=-41 pairid=247 txtag=4 st=0x00 addr=357399395 end=357415780 air_us=1024 gap_us=74764
REC oseq=552 s0=0x06 len=251 crc=1 rssi=-49 pairid=247 txtag=4 st=0x00 addr=357417002 end=357433387 air_us=1024 gap_us=76
REC oseq=553 s0=0x1e len=251 crc=1 rssi=-41 pairid=247 txtag=4 st=0x00 addr=357434612 end=357450997 air_us=1024 gap_us=76
REC oseq=554 s0=0x0a len=251 crc=1 rssi=-49 pairid=247 txtag=4 st=0x00 addr=357452219 end=357468604 air_us=1024 gap_us=76
REC oseq=555 s0=0x12 len=251 crc=1 rssi=-41 pairid=247 txtag=4 st=0x00 addr=357469828 end=357486213 air_us=1024 gap_us=76
REC oseq=556 s0=0x06 len=251 crc=1 rssi=-49 pairid=247 txtag=4 st=0x00 addr=357487435 end=357503820 air_us=1024 gap_us=76
REC oseq=557 s0=0x1e len=251 crc=1 rssi=-42 pairid=247 txtag=4 st=0x00 addr=357505045 end=357521430 air_us=1024 gap_us=76
REC oseq=558 s0=0x0a len=251 crc=1 rssi=-49 pairid=247 txtag=4 st=0x00 addr=357522651 end=357539036 air_us=1024 gap_us=76
REC oseq=559 s0=0x12 len=251 crc=1 rssi=-41 pairid=247 txtag=4 st=0x00 addr=357540261 end=357556646 air_us=1024 gap_us=76
REC oseq=560 s0=0x06 len=251 crc=1 rssi=-49 pairid=247 txtag=4 st=0x00 addr=357557868 end=357574253 air_us=1024 gap_us=76
REC oseq=561 s0=0x1e len=251 crc=1 rssi=-41 pairid=247 txtag=4 st=0x00 addr=357575478 end=357591863 air_us=1024 gap_us=76
REC oseq=562 s0=0x0a len=251 crc=1 rssi=-49 pairid=247 txtag=4 st=0x00 addr=357593084 end=357609469 air_us=1024 gap_us=76
REC oseq=563 s0=0x12 len=251 crc=1 rssi=-41 pairid=247 txtag=4 st=0x00 addr=357610694 end=357627079 air_us=1024 gap_us=76
REC oseq=564 s0=0x06 len=251 crc=1 rssi=-49 pairid=247 txtag=4 st=0x00 addr=357628300 end=357644685 air_us=1024 gap_us=76
REC oseq=565 s0=0x1e len=251 crc=1 rssi=-41 pairid=247 txtag=4 st=0x00 addr=357645911 end=357662296 air_us=1024 gap_us=76
REC oseq=566 s0=0x0a len=251 crc=1 rssi=-49 pairid=247 txtag=4 st=0x00 addr=357663517 end=357679902 air_us=1024 gap_us=76
REC oseq=567 s0=0x12 len=251 crc=1 rssi=-41 pairid=247 txtag=4 st=0x00 addr=357681127 end=357697512 air_us=1024 gap_us=76
REC oseq=568 s0=0x06 len=251 crc=1 rssi=-49 pairid=247 txtag=4 st=0x00 addr=357698733 end=357715118 air_us=1024 gap_us=76
REC oseq=569 s0=0x1e len=251 crc=1 rssi=-41 pairid=247 txtag=4 st=0x00 addr=357716344 end=357732729 air_us=1024 gap_us=76
REC oseq=570 s0=0x0a len=251 crc=1 rssi=-49 pairid=247 txtag=4 st=0x00 addr=357733949 end=357750334 air_us=1024 gap_us=76
REC oseq=571 s0=0x12 len=251 crc=1 rssi=-42 pairid=247 txtag=4 st=0x00 addr=357751560 end=357767945 air_us=1024 gap_us=76
REC oseq=572 s0=0x06 len=251 crc=1 rssi=-51 pairid=247 txtag=4 st=0x00 addr=357769166 end=357785551 air_us=1024 gap_us=76
REC oseq=573 s0=0x1e len=251 crc=0 rssi=-41 pairid=247 txtag=4 st=0x00 addr=357786777 end=357803162 air_us=1024 gap_us=76
REC oseq=574 s0=0x1e len=251 crc=1 rssi=-41 pairid=247 txtag=4 st=0x00 addr=360199384 end=360215769 air_us=1024 gap_us=149763
REC oseq=575 s0=0x0a len=251 crc=0 rssi=-49 pairid=247 txtag=4 st=0x00 addr=360216999 end=360233384 air_us=1024 gap_us=76
REC oseq=576 s0=0x12 len=251 crc=1 rssi=-41 pairid=247 txtag=4 st=0x00 addr=360234600 end=360250985 air_us=1024 gap_us=76
REC oseq=577 s0=0x06 len=251 crc=1 rssi=-49 pairid=247 txtag=4 st=0x00 addr=360252215 end=360268600 air_us=1024 gap_us=76
REC oseq=578 s0=0x1e len=251 crc=1 rssi=-41 pairid=247 txtag=4 st=0x00 addr=360269817 end=360286202 air_us=1024 gap_us=76
REC oseq=579 s0=0x0a len=251 crc=1 rssi=-49 pairid=247 txtag=4 st=0x00 addr=360287432 end=360303817 air_us=1024 gap_us=76
REC oseq=580 s0=0x12 len=251 crc=1 rssi=-41 pairid=247 txtag=4 st=0x00 addr=360305033 end=360321418 air_us=1024 gap_us=76
REC oseq=581 s0=0x06 len=251 crc=1 rssi=-49 pairid=247 txtag=4 st=0x00 addr=360322648 end=360339033 air_us=1024 gap_us=76
REC oseq=582 s0=0x1e len=251 crc=1 rssi=-41 pairid=247 txtag=4 st=0x00 addr=360340250 end=360356635 air_us=1024 gap_us=76
REC oseq=583 s0=0x0a len=251 crc=1 rssi=-49 pairid=247 txtag=4 st=0x00 addr=360357864 end=360374249 air_us=1024 gap_us=76
REC oseq=584 s0=0x12 len=251 crc=1 rssi=-41 pairid=247 txtag=4 st=0x00 addr=360375466 end=360391851 air_us=1024 gap_us=76
REC oseq=585 s0=0x06 len=251 crc=1 rssi=-49 pairid=247 txtag=4 st=0x00 addr=360393081 end=360409466 air_us=1024 gap_us=76
REC oseq=586 s0=0x1e len=251 crc=1 rssi=-41 pairid=247 txtag=4 st=0x00 addr=360410683 end=360427068 air_us=1024 gap_us=76
REC oseq=587 s0=0x0a len=251 crc=1 rssi=-49 pairid=247 txtag=4 st=0x00 addr=360428297 end=360444682 air_us=1024 gap_us=76
REC oseq=588 s0=0x12 len=251 crc=1 rssi=-41 pairid=247 txtag=4 st=0x00 addr=360445899 end=360462284 air_us=1024 gap_us=76
REC oseq=589 s0=0x06 len=251 crc=1 rssi=-49 pairid=247 txtag=4 st=0x00 addr=360463513 end=360479898 air_us=1024 gap_us=76
REC oseq=590 s0=0x1e len=251 crc=1 rssi=-41 pairid=247 txtag=4 st=0x00 addr=360481116 end=360497501 air_us=1024 gap_us=76
REC oseq=591 s0=0x0a len=251 crc=1 rssi=-49 pairid=247 txtag=4 st=0x00 addr=360498730 end=360515115 air_us=1024 gap_us=76
REC oseq=592 s0=0x12 len=251 crc=1 rssi=-41 pairid=247 txtag=4 st=0x00 addr=360516332 end=360532717 air_us=1024 gap_us=76
REC oseq=593 s0=0x06 len=251 crc=1 rssi=-49 pairid=247 txtag=4 st=0x00 addr=360533946 end=360550331 air_us=1024 gap_us=76
REC oseq=594 s0=0x1e len=251 crc=1 rssi=-41 pairid=247 txtag=4 st=0x00 addr=360551549 end=360567934 air_us=1024 gap_us=76
REC oseq=595 s0=0x0a len=251 crc=1 rssi=-49 pairid=247 txtag=4 st=0x00 addr=360569162 end=360585547 air_us=1024 gap_us=76
REC oseq=596 s0=0x12 len=251 crc=0 rssi=-41 pairid=247 txtag=4 st=0x00 addr=360586765 end=360603150 air_us=1024 gap_us=76
REC oseq=597 s0=0x29 len=163 crc=0 rssi=-96 pairid=38989 txtag=13 st=0x00 addr=361505029 end=361515782 air_us=672 gap_us=56367
REC oseq=598 s0=0x12 len=251 crc=1 rssi=-41 pairid=247 txtag=4 st=0x00 addr=394999245 end=395015630 air_us=1024 gap_us=2092716
REC oseq=599 s0=0x06 len=251 crc=1 rssi=-49 pairid=247 txtag=4 st=0x00 addr=395016860 end=395033245 air_us=1024 gap_us=76
REC oseq=600 s0=0x1e len=251 crc=1 rssi=-41 pairid=247 txtag=4 st=0x00 addr=395034461 end=395050846 air_us=1024 gap_us=76
REC oseq=601 s0=0x0a len=251 crc=1 rssi=-53 pairid=247 txtag=4 st=0x00 addr=395052076 end=395068461 air_us=1024 gap_us=76
REC oseq=602 s0=0x12 len=251 crc=1 rssi=-41 pairid=247 txtag=4 st=0x00 addr=395069678 end=395086063 air_us=1024 gap_us=76
REC oseq=603 s0=0x06 len=251 crc=1 rssi=-49 pairid=247 txtag=4 st=0x00 addr=395087292 end=395103677 air_us=1024 gap_us=76
REC oseq=604 s0=0x1e len=251 crc=1 rssi=-41 pairid=247 txtag=4 st=0x00 addr=395104894 end=395121279 air_us=1024 gap_us=76
REC oseq=605 s0=0x0a len=251 crc=1 rssi=-49 pairid=247 txtag=4 st=0x00 addr=395122509 end=395138894 air_us=1024 gap_us=76
REC oseq=606 s0=0x12 len=251 crc=1 rssi=-41 pairid=247 txtag=4 st=0x00 addr=395140111 end=395156496 air_us=1024 gap_us=76
REC oseq=607 s0=0x06 len=251 crc=1 rssi=-49 pairid=247 txtag=4 st=0x00 addr=395157725 end=395174110 air_us=1024 gap_us=76
REC oseq=608 s0=0x1e len=251 crc=1 rssi=-41 pairid=247 txtag=4 st=0x00 addr=395175327 end=395191712 air_us=1024 gap_us=76
REC oseq=609 s0=0x0a len=251 crc=1 rssi=-49 pairid=247 txtag=4 st=0x00 addr=395192941 end=395209326 air_us=1024 gap_us=76
REC oseq=610 s0=0x12 len=251 crc=1 rssi=-41 pairid=247 txtag=4 st=0x00 addr=395210544 end=395226929 air_us=1024 gap_us=76
REC oseq=611 s0=0x06 len=251 crc=1 rssi=-49 pairid=247 txtag=4 st=0x00 addr=395228158 end=395244543 air_us=1024 gap_us=76
REC oseq=612 s0=0x1e len=251 crc=1 rssi=-41 pairid=247 txtag=4 st=0x00 addr=395245760 end=395262145 air_us=1024 gap_us=76
REC oseq=613 s0=0x0a len=251 crc=1 rssi=-49 pairid=247 txtag=4 st=0x00 addr=395263374 end=395279759 air_us=1024 gap_us=76
REC oseq=614 s0=0x12 len=251 crc=1 rssi=-41 pairid=247 txtag=4 st=0x00 addr=395280977 end=395297362 air_us=1024 gap_us=76
REC oseq=615 s0=0x06 len=251 crc=1 rssi=-49 pairid=247 txtag=4 st=0x00 addr=395298590 end=395314975 air_us=1024 gap_us=76
REC oseq=616 s0=0x1e len=251 crc=1 rssi=-42 pairid=247 txtag=4 st=0x00 addr=395316193 end=395332578 air_us=1024 gap_us=76
REC oseq=617 s0=0x0a len=251 crc=1 rssi=-50 pairid=247 txtag=4 st=0x00 addr=395333807 end=395350192 air_us=1024 gap_us=76
REC oseq=618 s0=0x12 len=251 crc=1 rssi=-41 pairid=247 txtag=4 st=0x00 addr=395351410 end=395367795 air_us=1024 gap_us=76
REC oseq=619 s0=0x06 len=251 crc=1 rssi=-49 pairid=247 txtag=4 st=0x00 addr=395369023 end=395385408 air_us=1024 gap_us=76
REC oseq=620 s0=0x1e len=251 crc=0 rssi=-41 pairid=247 txtag=4 st=0x00 addr=395386626 end=395403011 air_us=1024 gap_us=76
REC oseq=621 s0=0x1e len=251 crc=1 rssi=-41 pairid=247 txtag=4 st=0x00 addr=396999236 end=397015621 air_us=1024 gap_us=99764
REC oseq=622 s0=0x0a len=251 crc=1 rssi=-49 pairid=247 txtag=4 st=0x00 addr=397016847 end=397033232 air_us=1024 gap_us=76
REC oseq=623 s0=0x12 len=251 crc=1 rssi=-41 pairid=247 txtag=4 st=0x00 addr=397034453 end=397050838 air_us=1024 gap_us=76
REC oseq=624 s0=0x06 len=251 crc=1 rssi=-49 pairid=247 txtag=4 st=0x00 addr=397052063 end=397068448 air_us=1024 gap_us=76
REC oseq=625 s0=0x1e len=251 crc=1 rssi=-41 pairid=247 txtag=4 st=0x00 addr=397069669 end=397086054 air_us=1024 gap_us=76
REC oseq=626 s0=0x0a len=251 crc=1 rssi=-49 pairid=247 txtag=4 st=0x00 addr=397087280 end=397103665 air_us=1024 gap_us=76
REC oseq=627 s0=0x12 len=251 crc=1 rssi=-41 pairid=247 txtag=4 st=0x00 addr=397104886 end=397121271 air_us=1024 gap_us=76
REC oseq=628 s0=0x06 len=251 crc=1 rssi=-49 pairid=247 txtag=4 st=0x00 addr=397122496 end=397138881 air_us=1024 gap_us=76
REC oseq=629 s0=0x1e len=251 crc=1 rssi=-41 pairid=247 txtag=4 st=0x00 addr=397140102 end=397156487 air_us=1024 gap_us=76
REC oseq=630 s0=0x0a len=251 crc=1 rssi=-49 pairid=247 txtag=4 st=0x00 addr=397157712 end=397174097 air_us=1024 gap_us=76
REC oseq=631 s0=0x12 len=251 crc=1 rssi=-41 pairid=247 txtag=4 st=0x00 addr=397175319 end=397191704 air_us=1024 gap_us=76
REC oseq=632 s0=0x06 len=251 crc=1 rssi=-49 pairid=247 txtag=4 st=0x00 addr=397192928 end=397209313 air_us=1024 gap_us=76
REC oseq=633 s0=0x1e len=251 crc=1 rssi=-41 pairid=247 txtag=4 st=0x00 addr=397210535 end=397226920 air_us=1024 gap_us=76
REC oseq=634 s0=0x0a len=251 crc=1 rssi=-49 pairid=247 txtag=4 st=0x00 addr=397228145 end=397244530 air_us=1024 gap_us=76
REC oseq=635 s0=0x12 len=251 crc=1 rssi=-41 pairid=247 txtag=4 st=0x00 addr=397245752 end=397262137 air_us=1024 gap_us=76
REC oseq=636 s0=0x06 len=251 crc=1 rssi=-49 pairid=247 txtag=4 st=0x00 addr=397263361 end=397279746 air_us=1024 gap_us=76
REC oseq=637 s0=0x1e len=251 crc=1 rssi=-41 pairid=247 txtag=4 st=0x00 addr=397280968 end=397297353 air_us=1024 gap_us=76
REC oseq=638 s0=0x0a len=251 crc=1 rssi=-49 pairid=247 txtag=4 st=0x00 addr=397298577 end=397314962 air_us=1024 gap_us=76
REC oseq=639 s0=0x12 len=251 crc=1 rssi=-41 pairid=247 txtag=4 st=0x00 addr=397316185 end=397332570 air_us=1024 gap_us=76
REC oseq=640 s0=0x06 len=251 crc=1 rssi=-49 pairid=247 txtag=4 st=0x00 addr=397333794 end=397350179 air_us=1024 gap_us=76
REC oseq=641 s0=0x1e len=251 crc=1 rssi=-41 pairid=247 txtag=4 st=0x00 addr=397351401 end=397367786 air_us=1024 gap_us=76
REC oseq=642 s0=0x0a len=251 crc=1 rssi=-49 pairid=247 txtag=4 st=0x00 addr=397369010 end=397385395 air_us=1024 gap_us=76
REC oseq=643 s0=0x12 len=251 crc=0 rssi=-41 pairid=247 txtag=4 st=0x00 addr=397386618 end=397403003 air_us=1024 gap_us=76
REC oseq=644 s0=0x12 len=251 crc=1 rssi=-42 pairid=247 txtag=4 st=0x00 addr=425799121 end=425815506 air_us=1024 gap_us=1774757
REC oseq=645 s0=0x06 len=251 crc=1 rssi=-50 pairid=247 txtag=4 st=0x00 addr=425816729 end=425833114 air_us=1024 gap_us=76
REC oseq=646 s0=0x1e len=251 crc=1 rssi=-42 pairid=247 txtag=4 st=0x00 addr=425834337 end=425850722 air_us=1024 gap_us=76
REC oseq=647 s0=0x0a len=251 crc=1 rssi=-50 pairid=247 txtag=4 st=0x00 addr=425851945 end=425868330 air_us=1024 gap_us=76
REC oseq=648 s0=0x12 len=251 crc=1 rssi=-42 pairid=247 txtag=4 st=0x00 addr=425869554 end=425885939 air_us=1024 gap_us=76
REC oseq=649 s0=0x06 len=251 crc=1 rssi=-49 pairid=247 txtag=4 st=0x00 addr=425887162 end=425903547 air_us=1024 gap_us=76
REC oseq=650 s0=0x1e len=251 crc=1 rssi=-42 pairid=247 txtag=4 st=0x00 addr=425904770 end=425921155 air_us=1024 gap_us=76
REC oseq=651 s0=0x0a len=251 crc=1 rssi=-50 pairid=247 txtag=4 st=0x00 addr=425922378 end=425938763 air_us=1024 gap_us=76
REC oseq=652 s0=0x12 len=251 crc=1 rssi=-42 pairid=247 txtag=4 st=0x00 addr=425939987 end=425956372 air_us=1024 gap_us=76
REC oseq=653 s0=0x06 len=251 crc=1 rssi=-50 pairid=247 txtag=4 st=0x00 addr=425957595 end=425973980 air_us=1024 gap_us=76
REC oseq=654 s0=0x1e len=251 crc=1 rssi=-42 pairid=247 txtag=4 st=0x00 addr=425975203 end=425991588 air_us=1024 gap_us=76
REC oseq=655 s0=0x0a len=251 crc=1 rssi=-50 pairid=247 txtag=4 st=0x00 addr=425992811 end=426009196 air_us=1024 gap_us=76
REC oseq=656 s0=0x12 len=251 crc=1 rssi=-42 pairid=247 txtag=4 st=0x00 addr=426010420 end=426026805 air_us=1024 gap_us=76
REC oseq=657 s0=0x06 len=251 crc=1 rssi=-50 pairid=247 txtag=4 st=0x00 addr=426028027 end=426044412 air_us=1024 gap_us=76
REC oseq=658 s0=0x1e len=251 crc=1 rssi=-42 pairid=247 txtag=4 st=0x00 addr=426045636 end=426062021 air_us=1024 gap_us=76
REC oseq=659 s0=0x0a len=251 crc=1 rssi=-50 pairid=247 txtag=4 st=0x00 addr=426063243 end=426079628 air_us=1024 gap_us=76
REC oseq=660 s0=0x12 len=251 crc=1 rssi=-41 pairid=247 txtag=4 st=0x00 addr=426080853 end=426097238 air_us=1024 gap_us=76
REC oseq=661 s0=0x06 len=251 crc=1 rssi=-50 pairid=247 txtag=4 st=0x00 addr=426098460 end=426114845 air_us=1024 gap_us=76
REC oseq=662 s0=0x1e len=251 crc=1 rssi=-42 pairid=247 txtag=4 st=0x00 addr=426116069 end=426132454 air_us=1024 gap_us=76
REC oseq=663 s0=0x0a len=251 crc=1 rssi=-50 pairid=247 txtag=4 st=0x00 addr=426133676 end=426150061 air_us=1024 gap_us=76
REC oseq=664 s0=0x12 len=251 crc=1 rssi=-42 pairid=247 txtag=4 st=0x00 addr=426151286 end=426167671 air_us=1024 gap_us=76
REC oseq=665 s0=0x06 len=251 crc=1 rssi=-50 pairid=247 txtag=4 st=0x00 addr=426168893 end=426185278 air_us=1024 gap_us=76
REC oseq=666 s0=0x1e len=251 crc=0 rssi=-42 pairid=247 txtag=4 st=0x00 addr=426186502 end=426202887 air_us=1024 gap_us=76
REC oseq=667 s0=0x21 len=163 crc=0 rssi=-95 pairid=55372 txtag=12 st=0x00 addr=442634270 end=442645023 air_us=672 gap_us=1026961
REC oseq=668 s0=0x1e len=251 crc=1 rssi=-41 pairid=247 txtag=4 st=0x00 addr=445799040 end=445815425 air_us=1024 gap_us=197126
REC oseq=669 s0=0x0a len=251 crc=1 rssi=-49 pairid=247 txtag=4 st=0x00 addr=445816643 end=445833028 air_us=1024 gap_us=76
REC oseq=670 s0=0x12 len=251 crc=1 rssi=-42 pairid=247 txtag=4 st=0x00 addr=445834257 end=445850642 air_us=1024 gap_us=76
REC oseq=671 s0=0x06 len=251 crc=1 rssi=-51 pairid=247 txtag=4 st=0x00 addr=445851859 end=445868244 air_us=1024 gap_us=76
REC oseq=672 s0=0x1e len=251 crc=1 rssi=-42 pairid=247 txtag=4 st=0x00 addr=445869473 end=445885858 air_us=1024 gap_us=76
REC oseq=673 s0=0x0a len=251 crc=1 rssi=-49 pairid=247 txtag=4 st=0x00 addr=445887076 end=445903461 air_us=1024 gap_us=76
REC oseq=674 s0=0x12 len=251 crc=1 rssi=-42 pairid=247 txtag=4 st=0x00 addr=445904690 end=445921075 air_us=1024 gap_us=76
REC oseq=675 s0=0x06 len=251 crc=1 rssi=-49 pairid=247 txtag=4 st=0x00 addr=445922292 end=445938677 air_us=1024 gap_us=76
REC oseq=676 s0=0x1e len=251 crc=1 rssi=-45 pairid=247 txtag=4 st=0x00 addr=445939907 end=445956292 air_us=1024 gap_us=76
REC oseq=677 s0=0x0a len=251 crc=1 rssi=-49 pairid=247 txtag=4 st=0x00 addr=445957508 end=445973893 air_us=1024 gap_us=76
REC oseq=678 s0=0x12 len=251 crc=1 rssi=-41 pairid=247 txtag=4 st=0x00 addr=445975123 end=445991508 air_us=1024 gap_us=76
REC oseq=679 s0=0x06 len=251 crc=0 rssi=-49 pairid=247 txtag=4 st=0x00 addr=445992725 end=446009110 air_us=1024 gap_us=76
REC oseq=680 s0=0x1e len=251 crc=1 rssi=-43 pairid=247 txtag=4 st=0x00 addr=446010339 end=446026724 air_us=1024 gap_us=76
REC oseq=681 s0=0x0a len=251 crc=1 rssi=-50 pairid=247 txtag=4 st=0x00 addr=446027941 end=446044326 air_us=1024 gap_us=76
REC oseq=682 s0=0x12 len=251 crc=1 rssi=-42 pairid=247 txtag=4 st=0x00 addr=446045556 end=446061941 air_us=1024 gap_us=76
REC oseq=683 s0=0x06 len=251 crc=1 rssi=-51 pairid=247 txtag=4 st=0x00 addr=446063157 end=446079542 air_us=1024 gap_us=76
REC oseq=684 s0=0x1e len=251 crc=1 rssi=-42 pairid=247 txtag=4 st=0x00 addr=446080772 end=446097157 air_us=1024 gap_us=76
REC oseq=685 s0=0x0a len=251 crc=1 rssi=-49 pairid=247 txtag=4 st=0x00 addr=446098374 end=446114759 air_us=1024 gap_us=76
REC oseq=686 s0=0x12 len=251 crc=1 rssi=-41 pairid=247 txtag=4 st=0x00 addr=446115989 end=446132374 air_us=1024 gap_us=76
REC oseq=687 s0=0x06 len=251 crc=1 rssi=-51 pairid=247 txtag=4 st=0x00 addr=446133590 end=446149975 air_us=1024 gap_us=76
REC oseq=688 s0=0x1e len=251 crc=1 rssi=-43 pairid=247 txtag=4 st=0x00 addr=446151205 end=446167590 air_us=1024 gap_us=76
REC oseq=689 s0=0x0a len=251 crc=1 rssi=-51 pairid=247 txtag=4 st=0x00 addr=446168806 end=446185191 air_us=1024 gap_us=76
REC oseq=690 s0=0x12 len=251 crc=0 rssi=-42 pairid=247 txtag=4 st=0x00 addr=446186422 end=446202807 air_us=1024 gap_us=76
REC oseq=691 s0=0x12 len=251 crc=1 rssi=-41 pairid=247 txtag=4 st=0x00 addr=455399002 end=455415387 air_us=1024 gap_us=574762
REC oseq=692 s0=0x06 len=251 crc=1 rssi=-49 pairid=247 txtag=4 st=0x00 addr=455416610 end=455432995 air_us=1024 gap_us=76
REC oseq=693 s0=0x1e len=251 crc=1 rssi=-41 pairid=247 txtag=4 st=0x00 addr=455434219 end=455450604 air_us=1024 gap_us=76
REC oseq=694 s0=0x0a len=251 crc=1 rssi=-49 pairid=247 txtag=4 st=0x00 addr=455451827 end=455468212 air_us=1024 gap_us=76
REC oseq=695 s0=0x12 len=251 crc=1 rssi=-41 pairid=247 txtag=4 st=0x00 addr=455469435 end=455485820 air_us=1024 gap_us=76
REC oseq=696 s0=0x06 len=251 crc=1 rssi=-49 pairid=247 txtag=4 st=0x00 addr=455487043 end=455503428 air_us=1024 gap_us=76
REC oseq=697 s0=0x1e len=251 crc=1 rssi=-41 pairid=247 txtag=4 st=0x00 addr=455504652 end=455521037 air_us=1024 gap_us=76
REC oseq=698 s0=0x0a len=251 crc=1 rssi=-49 pairid=247 txtag=4 st=0x00 addr=455522259 end=455538644 air_us=1024 gap_us=76
REC oseq=699 s0=0x12 len=251 crc=1 rssi=-41 pairid=247 txtag=4 st=0x00 addr=455539868 end=455556253 air_us=1024 gap_us=76
REC oseq=700 s0=0x06 len=251 crc=1 rssi=-49 pairid=247 txtag=4 st=0x00 addr=455557476 end=455573861 air_us=1024 gap_us=76
REC oseq=701 s0=0x1e len=251 crc=1 rssi=-41 pairid=247 txtag=4 st=0x00 addr=455575085 end=455591470 air_us=1024 gap_us=76
REC oseq=702 s0=0x0a len=251 crc=1 rssi=-49 pairid=247 txtag=4 st=0x00 addr=455592692 end=455609077 air_us=1024 gap_us=76
REC oseq=703 s0=0x12 len=251 crc=1 rssi=-41 pairid=247 txtag=4 st=0x00 addr=455610301 end=455626686 air_us=1024 gap_us=76
REC oseq=704 s0=0x06 len=251 crc=1 rssi=-49 pairid=247 txtag=4 st=0x00 addr=455627908 end=455644293 air_us=1024 gap_us=76
REC oseq=705 s0=0x1e len=251 crc=1 rssi=-41 pairid=247 txtag=4 st=0x00 addr=455645518 end=455661903 air_us=1024 gap_us=76
REC oseq=706 s0=0x0a len=251 crc=1 rssi=-49 pairid=247 txtag=4 st=0x00 addr=455663125 end=455679510 air_us=1024 gap_us=76
REC oseq=707 s0=0x12 len=251 crc=1 rssi=-41 pairid=247 txtag=4 st=0x00 addr=455680734 end=455697119 air_us=1024 gap_us=76
REC oseq=708 s0=0x06 len=251 crc=1 rssi=-49 pairid=247 txtag=4 st=0x00 addr=455698341 end=455714726 air_us=1024 gap_us=76
REC oseq=709 s0=0x1e len=251 crc=1 rssi=-41 pairid=247 txtag=4 st=0x00 addr=455715951 end=455732336 air_us=1024 gap_us=76
REC oseq=710 s0=0x0a len=251 crc=1 rssi=-49 pairid=247 txtag=4 st=0x00 addr=455733557 end=455749942 air_us=1024 gap_us=76
REC oseq=711 s0=0x12 len=251 crc=1 rssi=-41 pairid=247 txtag=4 st=0x00 addr=455751167 end=455767552 air_us=1024 gap_us=76
REC oseq=712 s0=0x06 len=251 crc=1 rssi=-49 pairid=247 txtag=4 st=0x00 addr=455768774 end=455785159 air_us=1024 gap_us=76
REC oseq=713 s0=0x1e len=251 crc=0 rssi=-41 pairid=247 txtag=4 st=0x00 addr=455786384 end=455802769 air_us=1024 gap_us=76
REC oseq=714 s0=0x12 len=251 crc=1 rssi=-41 pairid=247 txtag=4 st=0x00 addr=456998996 end=457015381 air_us=1024 gap_us=74764
REC oseq=715 s0=0x06 len=251 crc=1 rssi=-49 pairid=247 txtag=4 st=0x00 addr=457016598 end=457032983 air_us=1024 gap_us=76
REC oseq=716 s0=0x1e len=251 crc=1 rssi=-41 pairid=247 txtag=4 st=0x00 addr=457034212 end=457050597 air_us=1024 gap_us=76
REC oseq=717 s0=0x0a len=251 crc=1 rssi=-49 pairid=247 txtag=4 st=0x00 addr=457051814 end=457068199 air_us=1024 gap_us=76
REC oseq=718 s0=0x12 len=251 crc=1 rssi=-41 pairid=247 txtag=4 st=0x00 addr=457069428 end=457085813 air_us=1024 gap_us=76
REC oseq=719 s0=0x06 len=251 crc=1 rssi=-51 pairid=247 txtag=4 st=0x00 addr=457087030 end=457103415 air_us=1024 gap_us=76
REC oseq=720 s0=0x1e len=251 crc=1 rssi=-41 pairid=247 txtag=4 st=0x00 addr=457104645 end=457121030 air_us=1024 gap_us=76
REC oseq=721 s0=0x0a len=251 crc=1 rssi=-49 pairid=247 txtag=4 st=0x00 addr=457122247 end=457138632 air_us=1024 gap_us=76
REC oseq=722 s0=0x12 len=251 crc=1 rssi=-41 pairid=247 txtag=4 st=0x00 addr=457139861 end=457156246 air_us=1024 gap_us=76
REC oseq=723 s0=0x06 len=251 crc=1 rssi=-49 pairid=247 txtag=4 st=0x00 addr=457157463 end=457173848 air_us=1024 gap_us=76
REC oseq=724 s0=0x1e len=251 crc=1 rssi=-41 pairid=247 txtag=4 st=0x00 addr=457175078 end=457191463 air_us=1024 gap_us=76
REC oseq=725 s0=0x0a len=251 crc=1 rssi=-49 pairid=247 txtag=4 st=0x00 addr=457192679 end=457209064 air_us=1024 gap_us=76
REC oseq=726 s0=0x12 len=251 crc=1 rssi=-41 pairid=247 txtag=4 st=0x00 addr=457210294 end=457226679 air_us=1024 gap_us=76
REC oseq=727 s0=0x06 len=251 crc=1 rssi=-49 pairid=247 txtag=4 st=0x00 addr=457227896 end=457244281 air_us=1024 gap_us=76
REC oseq=728 s0=0x1e len=251 crc=1 rssi=-41 pairid=247 txtag=4 st=0x00 addr=457245511 end=457261896 air_us=1024 gap_us=76
REC oseq=729 s0=0x0a len=251 crc=1 rssi=-49 pairid=247 txtag=4 st=0x00 addr=457263112 end=457279497 air_us=1024 gap_us=76
REC oseq=730 s0=0x12 len=251 crc=1 rssi=-41 pairid=247 txtag=4 st=0x00 addr=457280727 end=457297112 air_us=1024 gap_us=76
REC oseq=731 s0=0x06 len=251 crc=1 rssi=-49 pairid=247 txtag=4 st=0x00 addr=457298328 end=457314713 air_us=1024 gap_us=76
REC oseq=732 s0=0x1e len=251 crc=1 rssi=-41 pairid=247 txtag=4 st=0x00 addr=457315944 end=457332329 air_us=1024 gap_us=76
REC oseq=733 s0=0x0a len=251 crc=1 rssi=-49 pairid=247 txtag=4 st=0x00 addr=457333545 end=457349930 air_us=1024 gap_us=76
REC oseq=734 s0=0x12 len=251 crc=1 rssi=-41 pairid=247 txtag=4 st=0x00 addr=457351160 end=457367545 air_us=1024 gap_us=76
REC oseq=735 s0=0x06 len=251 crc=1 rssi=-49 pairid=247 txtag=4 st=0x00 addr=457368761 end=457385146 air_us=1024 gap_us=76
REC oseq=736 s0=0x1e len=251 crc=0 rssi=-41 pairid=247 txtag=4 st=0x00 addr=457386361 end=457402746 air_us=1024 gap_us=75
REC oseq=737 s0=0x1e len=251 crc=1 rssi=-41 pairid=247 txtag=4 st=0x00 addr=467398953 end=467415338 air_us=1024 gap_us=624762
REC oseq=738 s0=0x0a len=251 crc=1 rssi=-49 pairid=247 txtag=4 st=0x00 addr=467416561 end=467432946 air_us=1024 gap_us=76
REC oseq=739 s0=0x12 len=251 crc=1 rssi=-41 pairid=247 txtag=4 st=0x00 addr=467434170 end=467450555 air_us=1024 gap_us=76
REC oseq=740 s0=0x06 len=251 crc=1 rssi=-49 pairid=247 txtag=4 st=0x00 addr=467451777 end=467468162 air_us=1024 gap_us=76
REC oseq=741 s0=0x1e len=251 crc=1 rssi=-41 pairid=247 txtag=4 st=0x00 addr=467469386 end=467485771 air_us=1024 gap_us=76
REC oseq=742 s0=0x0a len=251 crc=1 rssi=-49 pairid=247 txtag=4 st=0x00 addr=467486993 end=467503378 air_us=1024 gap_us=76
REC oseq=743 s0=0x12 len=251 crc=1 rssi=-41 pairid=247 txtag=4 st=0x00 addr=467504603 end=467520988 air_us=1024 gap_us=76
REC oseq=744 s0=0x06 len=251 crc=1 rssi=-49 pairid=247 txtag=4 st=0x00 addr=467522210 end=467538595 air_us=1024 gap_us=76
REC oseq=745 s0=0x1e len=251 crc=1 rssi=-41 pairid=247 txtag=4 st=0x00 addr=467539819 end=467556204 air_us=1024 gap_us=76
REC oseq=746 s0=0x0a len=251 crc=1 rssi=-50 pairid=247 txtag=4 st=0x00 addr=467557426 end=467573811 air_us=1024 gap_us=76
REC oseq=747 s0=0x12 len=251 crc=1 rssi=-41 pairid=247 txtag=4 st=0x00 addr=467575036 end=467591421 air_us=1024 gap_us=76
REC oseq=748 s0=0x06 len=251 crc=1 rssi=-49 pairid=247 txtag=4 st=0x00 addr=467592642 end=467609027 air_us=1024 gap_us=76
REC oseq=749 s0=0x1e len=251 crc=1 rssi=-41 pairid=247 txtag=4 st=0x00 addr=467610252 end=467626637 air_us=1024 gap_us=76
REC oseq=750 s0=0x0a len=251 crc=1 rssi=-49 pairid=247 txtag=4 st=0x00 addr=467627858 end=467644243 air_us=1024 gap_us=76
REC oseq=751 s0=0x12 len=251 crc=1 rssi=-41 pairid=247 txtag=4 st=0x00 addr=467645469 end=467661854 air_us=1024 gap_us=76
REC oseq=752 s0=0x06 len=251 crc=1 rssi=-49 pairid=247 txtag=4 st=0x00 addr=467663075 end=467679460 air_us=1024 gap_us=76
REC oseq=753 s0=0x1e len=251 crc=1 rssi=-41 pairid=247 txtag=4 st=0x00 addr=467680685 end=467697070 air_us=1024 gap_us=76
REC oseq=754 s0=0x0a len=251 crc=1 rssi=-49 pairid=247 txtag=4 st=0x00 addr=467698291 end=467714676 air_us=1024 gap_us=76
REC oseq=755 s0=0x12 len=251 crc=1 rssi=-41 pairid=247 txtag=4 st=0x00 addr=467715902 end=467732287 air_us=1024 gap_us=76
REC oseq=756 s0=0x06 len=251 crc=1 rssi=-49 pairid=247 txtag=4 st=0x00 addr=467733507 end=467749892 air_us=1024 gap_us=76
REC oseq=757 s0=0x1e len=251 crc=1 rssi=-41 pairid=247 txtag=4 st=0x00 addr=467751118 end=467767503 air_us=1024 gap_us=76
REC oseq=758 s0=0x0a len=251 crc=1 rssi=-49 pairid=247 txtag=4 st=0x00 addr=467768724 end=467785109 air_us=1024 gap_us=76
REC oseq=759 s0=0x12 len=251 crc=0 rssi=-41 pairid=247 txtag=4 st=0x00 addr=467786335 end=467802720 air_us=1024 gap_us=76
REC oseq=760 s0=0x12 len=251 crc=1 rssi=-41 pairid=247 txtag=4 st=0x00 addr=471798936 end=471815321 air_us=1024 gap_us=249763
REC oseq=761 s0=0x06 len=251 crc=1 rssi=-49 pairid=247 txtag=4 st=0x00 addr=471816546 end=471832931 air_us=1024 gap_us=76
REC oseq=762 s0=0x1e len=251 crc=1 rssi=-41 pairid=247 txtag=4 st=0x00 addr=471834153 end=471850538 air_us=1024 gap_us=76
REC oseq=763 s0=0x0a len=251 crc=1 rssi=-49 pairid=247 txtag=4 st=0x00 addr=471851763 end=471868148 air_us=1024 gap_us=76
REC oseq=764 s0=0x12 len=251 crc=1 rssi=-41 pairid=247 txtag=4 st=0x00 addr=471869369 end=471885754 air_us=1024 gap_us=76
REC oseq=765 s0=0x06 len=251 crc=1 rssi=-49 pairid=247 txtag=4 st=0x00 addr=471886979 end=471903364 air_us=1024 gap_us=76
REC oseq=766 s0=0x1e len=251 crc=1 rssi=-41 pairid=247 txtag=4 st=0x00 addr=471904586 end=471920971 air_us=1024 gap_us=76
REC oseq=767 s0=0x0a len=251 crc=1 rssi=-49 pairid=247 txtag=4 st=0x00 addr=471922195 end=471938580 air_us=1024 gap_us=76
REC oseq=768 s0=0x12 len=251 crc=1 rssi=-41 pairid=247 txtag=4 st=0x00 addr=471939802 end=471956187 air_us=1024 gap_us=76
REC oseq=769 s0=0x06 len=251 crc=1 rssi=-49 pairid=247 txtag=4 st=0x00 addr=471957412 end=471973797 air_us=1024 gap_us=76
REC oseq=770 s0=0x1e len=251 crc=1 rssi=-41 pairid=247 txtag=4 st=0x00 addr=471975019 end=471991404 air_us=1024 gap_us=76
REC oseq=771 s0=0x0a len=251 crc=1 rssi=-49 pairid=247 txtag=4 st=0x00 addr=471992628 end=472009013 air_us=1024 gap_us=76
REC oseq=772 s0=0x12 len=251 crc=1 rssi=-41 pairid=247 txtag=4 st=0x00 addr=472010235 end=472026620 air_us=1024 gap_us=76
REC oseq=773 s0=0x06 len=251 crc=1 rssi=-49 pairid=247 txtag=4 st=0x00 addr=472027844 end=472044229 air_us=1024 gap_us=76
REC oseq=774 s0=0x1e len=251 crc=1 rssi=-41 pairid=247 txtag=4 st=0x00 addr=472045451 end=472061836 air_us=1024 gap_us=76
REC oseq=775 s0=0x0a len=251 crc=1 rssi=-49 pairid=247 txtag=4 st=0x00 addr=472063061 end=472079446 air_us=1024 gap_us=76
REC oseq=776 s0=0x12 len=251 crc=1 rssi=-41 pairid=247 txtag=4 st=0x00 addr=472080668 end=472097053 air_us=1024 gap_us=76
REC oseq=777 s0=0x06 len=251 crc=1 rssi=-49 pairid=247 txtag=4 st=0x00 addr=472098277 end=472114662 air_us=1024 gap_us=76
REC oseq=778 s0=0x1e len=251 crc=1 rssi=-41 pairid=247 txtag=4 st=0x00 addr=472115884 end=472132269 air_us=1024 gap_us=76
REC oseq=779 s0=0x0a len=251 crc=1 rssi=-49 pairid=247 txtag=4 st=0x00 addr=472133493 end=472149878 air_us=1024 gap_us=76
REC oseq=780 s0=0x12 len=251 crc=1 rssi=-41 pairid=247 txtag=4 st=0x00 addr=472151101 end=472167486 air_us=1024 gap_us=76
REC oseq=781 s0=0x06 len=251 crc=1 rssi=-49 pairid=247 txtag=4 st=0x00 addr=472168710 end=472185095 air_us=1024 gap_us=76
REC oseq=782 s0=0x1e len=251 crc=0 rssi=-41 pairid=247 txtag=4 st=0x00 addr=472186318 end=472202703 air_us=1024 gap_us=76
REC oseq=783 s0=0x12 len=251 crc=1 rssi=-41 pairid=247 txtag=4 st=0x00 addr=482598892 end=482615277 air_us=1024 gap_us=649761
REC oseq=784 s0=0x06 len=251 crc=1 rssi=-49 pairid=247 txtag=4 st=0x00 addr=482616505 end=482632890 air_us=1024 gap_us=76
REC oseq=785 s0=0x1e len=251 crc=1 rssi=-41 pairid=247 txtag=4 st=0x00 addr=482634108 end=482650493 air_us=1024 gap_us=76
REC oseq=786 s0=0x0a len=251 crc=1 rssi=-49 pairid=247 txtag=4 st=0x00 addr=482651721 end=482668106 air_us=1024 gap_us=76
REC oseq=787 s0=0x12 len=251 crc=1 rssi=-41 pairid=247 txtag=4 st=0x00 addr=482669325 end=482685710 air_us=1024 gap_us=76
REC oseq=788 s0=0x06 len=251 crc=1 rssi=-49 pairid=247 txtag=4 st=0x00 addr=482686938 end=482703323 air_us=1024 gap_us=76
REC oseq=789 s0=0x1e len=251 crc=1 rssi=-41 pairid=247 txtag=4 st=0x00 addr=482704541 end=482720926 air_us=1024 gap_us=76
REC oseq=790 s0=0x0a len=251 crc=1 rssi=-49 pairid=247 txtag=4 st=0x00 addr=482722154 end=482738539 air_us=1024 gap_us=76
REC oseq=791 s0=0x12 len=251 crc=1 rssi=-41 pairid=247 txtag=4 st=0x00 addr=482739758 end=482756143 air_us=1024 gap_us=76
REC oseq=792 s0=0x06 len=251 crc=1 rssi=-49 pairid=247 txtag=4 st=0x00 addr=482757370 end=482773755 air_us=1024 gap_us=76
REC oseq=793 s0=0x1e len=251 crc=1 rssi=-41 pairid=247 txtag=4 st=0x00 addr=482774974 end=482791359 air_us=1024 gap_us=76
REC oseq=794 s0=0x0a len=251 crc=1 rssi=-49 pairid=247 txtag=4 st=0x00 addr=482792587 end=482808972 air_us=1024 gap_us=76
REC oseq=795 s0=0x12 len=251 crc=1 rssi=-41 pairid=247 txtag=4 st=0x00 addr=482810191 end=482826576 air_us=1024 gap_us=76
REC oseq=796 s0=0x06 len=251 crc=1 rssi=-49 pairid=247 txtag=4 st=0x00 addr=482827803 end=482844188 air_us=1024 gap_us=76
REC oseq=797 s0=0x1e len=251 crc=1 rssi=-41 pairid=247 txtag=4 st=0x00 addr=482845407 end=482861792 air_us=1024 gap_us=76
REC oseq=798 s0=0x0a len=251 crc=1 rssi=-49 pairid=247 txtag=4 st=0x00 addr=482863019 end=482879404 air_us=1024 gap_us=76
REC oseq=799 s0=0x12 len=251 crc=1 rssi=-41 pairid=247 txtag=4 st=0x00 addr=482880624 end=482897009 air_us=1024 gap_us=76
REC oseq=800 s0=0x06 len=251 crc=1 rssi=-49 pairid=247 txtag=4 st=0x00 addr=482898236 end=482914621 air_us=1024 gap_us=76
REC oseq=801 s0=0x1e len=251 crc=1 rssi=-41 pairid=247 txtag=4 st=0x00 addr=482915840 end=482932225 air_us=1024 gap_us=76
REC oseq=802 s0=0x0a len=251 crc=1 rssi=-49 pairid=247 txtag=4 st=0x00 addr=482933452 end=482949837 air_us=1024 gap_us=76
REC oseq=803 s0=0x12 len=251 crc=1 rssi=-41 pairid=247 txtag=4 st=0x00 addr=482951057 end=482967442 air_us=1024 gap_us=76
REC oseq=804 s0=0x06 len=251 crc=1 rssi=-49 pairid=247 txtag=4 st=0x00 addr=482968668 end=482985053 air_us=1024 gap_us=76
REC oseq=805 s0=0x1e len=251 crc=0 rssi=-41 pairid=247 txtag=4 st=0x00 addr=482986273 end=483002658 air_us=1024 gap_us=76
REC oseq=806 s0=0x1e len=251 crc=1 rssi=-41 pairid=247 txtag=4 st=0x00 addr=486198879 end=486215264 air_us=1024 gap_us=199763
REC oseq=807 s0=0x0a len=251 crc=1 rssi=-49 pairid=247 txtag=4 st=0x00 addr=486216479 end=486232864 air_us=1024 gap_us=75
REC oseq=808 s0=0x12 len=251 crc=1 rssi=-41 pairid=247 txtag=4 st=0x00 addr=486234080 end=486250465 air_us=1024 gap_us=76
REC oseq=809 s0=0x06 len=251 crc=1 rssi=-49 pairid=247 txtag=4 st=0x00 addr=486251696 end=486268081 air_us=1024 gap_us=76
REC oseq=810 s0=0x1e len=251 crc=1 rssi=-41 pairid=247 txtag=4 st=0x00 addr=486269296 end=486285681 air_us=1024 gap_us=75
REC oseq=811 s0=0x0a len=251 crc=1 rssi=-49 pairid=247 txtag=4 st=0x00 addr=486286912 end=486303297 air_us=1024 gap_us=76
REC oseq=812 s0=0x12 len=251 crc=1 rssi=-41 pairid=247 txtag=4 st=0x00 addr=486304513 end=486320898 air_us=1024 gap_us=76
REC oseq=813 s0=0x06 len=251 crc=1 rssi=-49 pairid=247 txtag=4 st=0x00 addr=486322128 end=486338513 air_us=1024 gap_us=76
REC oseq=814 s0=0x1e len=251 crc=1 rssi=-41 pairid=247 txtag=4 st=0x00 addr=486339729 end=486356114 air_us=1024 gap_us=76
REC oseq=815 s0=0x0a len=251 crc=1 rssi=-49 pairid=247 txtag=4 st=0x00 addr=486357345 end=486373730 air_us=1024 gap_us=76
REC oseq=816 s0=0x12 len=251 crc=1 rssi=-41 pairid=247 txtag=4 st=0x00 addr=486374946 end=486391331 air_us=1024 gap_us=76
REC oseq=817 s0=0x06 len=251 crc=1 rssi=-49 pairid=247 txtag=4 st=0x00 addr=486392561 end=486408946 air_us=1024 gap_us=76
REC oseq=818 s0=0x1e len=251 crc=1 rssi=-41 pairid=247 txtag=4 st=0x00 addr=486410162 end=486426547 air_us=1024 gap_us=76
REC oseq=819 s0=0x0a len=251 crc=1 rssi=-49 pairid=247 txtag=4 st=0x00 addr=486427777 end=486444162 air_us=1024 gap_us=76
REC oseq=820 s0=0x12 len=251 crc=1 rssi=-41 pairid=247 txtag=4 st=0x00 addr=486445379 end=486461764 air_us=1024 gap_us=76
REC oseq=821 s0=0x06 len=251 crc=1 rssi=-49 pairid=247 txtag=4 st=0x00 addr=486462994 end=486479379 air_us=1024 gap_us=76
REC oseq=822 s0=0x1e len=251 crc=1 rssi=-41 pairid=247 txtag=4 st=0x00 addr=486480596 end=486496981 air_us=1024 gap_us=76
REC oseq=823 s0=0x0a len=251 crc=1 rssi=-49 pairid=247 txtag=4 st=0x00 addr=486498210 end=486514595 air_us=1024 gap_us=76
REC oseq=824 s0=0x12 len=251 crc=1 rssi=-41 pairid=247 txtag=4 st=0x00 addr=486515812 end=486532197 air_us=1024 gap_us=76
REC oseq=825 s0=0x06 len=251 crc=1 rssi=-49 pairid=247 txtag=4 st=0x00 addr=486533426 end=486549811 air_us=1024 gap_us=76
REC oseq=826 s0=0x1e len=251 crc=1 rssi=-41 pairid=247 txtag=4 st=0x00 addr=486551028 end=486567413 air_us=1024 gap_us=76
REC oseq=827 s0=0x0a len=251 crc=1 rssi=-49 pairid=247 txtag=4 st=0x00 addr=486568643 end=486585028 air_us=1024 gap_us=76
REC oseq=828 s0=0x12 len=251 crc=0 rssi=-41 pairid=247 txtag=4 st=0x00 addr=486586245 end=486602630 air_us=1024 gap_us=76
REC oseq=829 s0=0x12 len=251 crc=1 rssi=-41 pairid=247 txtag=4 st=0x00 addr=508998786 end=509015171 air_us=1024 gap_us=1399759
REC oseq=830 s0=0x06 len=251 crc=0 rssi=-49 pairid=247 txtag=4 st=0x00 addr=509016389 end=509032774 air_us=1024 gap_us=76
REC oseq=831 s0=0x1e len=251 crc=1 rssi=-41 pairid=247 txtag=4 st=0x00 addr=509034003 end=509050388 air_us=1024 gap_us=76
REC oseq=832 s0=0x0a len=251 crc=1 rssi=-49 pairid=247 txtag=4 st=0x00 addr=509051606 end=509067991 air_us=1024 gap_us=76
REC oseq=833 s0=0x12 len=251 crc=1 rssi=-41 pairid=247 txtag=4 st=0x00 addr=509069219 end=509085604 air_us=1024 gap_us=76
REC oseq=834 s0=0x06 len=251 crc=1 rssi=-49 pairid=247 txtag=4 st=0x00 addr=509086822 end=509103207 air_us=1024 gap_us=76
REC oseq=835 s0=0x1e len=251 crc=1 rssi=-41 pairid=247 txtag=4 st=0x00 addr=509104436 end=509120821 air_us=1024 gap_us=76
REC oseq=836 s0=0x0a len=251 crc=1 rssi=-49 pairid=247 txtag=4 st=0x00 addr=509122038 end=509138423 air_us=1024 gap_us=76
REC oseq=837 s0=0x12 len=251 crc=1 rssi=-41 pairid=247 txtag=4 st=0x00 addr=509139652 end=509156037 air_us=1024 gap_us=76
REC oseq=838 s0=0x06 len=251 crc=1 rssi=-49 pairid=247 txtag=4 st=0x00 addr=509157255 end=509173640 air_us=1024 gap_us=76
REC oseq=839 s0=0x1e len=251 crc=1 rssi=-41 pairid=247 txtag=4 st=0x00 addr=509174869 end=509191254 air_us=1024 gap_us=76
REC oseq=840 s0=0x0a len=251 crc=1 rssi=-49 pairid=247 txtag=4 st=0x00 addr=509192471 end=509208856 air_us=1024 gap_us=76
REC oseq=841 s0=0x12 len=251 crc=1 rssi=-41 pairid=247 txtag=4 st=0x00 addr=509210085 end=509226470 air_us=1024 gap_us=76
REC oseq=842 s0=0x06 len=251 crc=1 rssi=-49 pairid=247 txtag=4 st=0x00 addr=509227687 end=509244072 air_us=1024 gap_us=76
REC oseq=843 s0=0x1e len=251 crc=1 rssi=-41 pairid=247 txtag=4 st=0x00 addr=509245301 end=509261686 air_us=1024 gap_us=76
REC oseq=844 s0=0x0a len=251 crc=1 rssi=-49 pairid=247 txtag=4 st=0x00 addr=509262904 end=509279289 air_us=1024 gap_us=76
REC oseq=845 s0=0x12 len=251 crc=1 rssi=-41 pairid=247 txtag=4 st=0x00 addr=509280518 end=509296903 air_us=1024 gap_us=76
REC oseq=846 s0=0x06 len=251 crc=1 rssi=-49 pairid=247 txtag=4 st=0x00 addr=509298120 end=509314505 air_us=1024 gap_us=76
REC oseq=847 s0=0x1e len=251 crc=1 rssi=-41 pairid=247 txtag=4 st=0x00 addr=509315734 end=509332119 air_us=1024 gap_us=76
REC oseq=848 s0=0x0a len=251 crc=1 rssi=-49 pairid=247 txtag=4 st=0x00 addr=509333336 end=509349721 air_us=1024 gap_us=76
REC oseq=849 s0=0x12 len=251 crc=1 rssi=-41 pairid=247 txtag=4 st=0x00 addr=509350951 end=509367336 air_us=1024 gap_us=76
REC oseq=850 s0=0x06 len=251 crc=1 rssi=-49 pairid=247 txtag=4 st=0x00 addr=509368553 end=509384938 air_us=1024 gap_us=76
REC oseq=851 s0=0x1e len=251 crc=0 rssi=-41 pairid=247 txtag=4 st=0x00 addr=509386167 end=509402552 air_us=1024 gap_us=76
REC oseq=852 s0=0x12 len=251 crc=1 rssi=-41 pairid=247 txtag=4 st=0x00 addr=524598723 end=524615108 air_us=1024 gap_us=949760
REC oseq=853 s0=0x06 len=251 crc=1 rssi=-49 pairid=247 txtag=4 st=0x00 addr=524616331 end=524632716 air_us=1024 gap_us=76
REC oseq=854 s0=0x1e len=251 crc=1 rssi=-41 pairid=247 txtag=4 st=0x00 addr=524633940 end=524650325 air_us=1024 gap_us=76
REC oseq=855 s0=0x0a len=251 crc=1 rssi=-50 pairid=247 txtag=4 st=0x00 addr=524651548 end=524667933 air_us=1024 gap_us=76
REC oseq=856 s0=0x12 len=251 crc=1 rssi=-41 pairid=247 txtag=4 st=0x00 addr=524669156 end=524685541 air_us=1024 gap_us=76
REC oseq=857 s0=0x06 len=251 crc=1 rssi=-49 pairid=247 txtag=4 st=0x00 addr=524686764 end=524703149 air_us=1024 gap_us=76
REC oseq=858 s0=0x1e len=251 crc=1 rssi=-41 pairid=247 txtag=4 st=0x00 addr=524704372 end=524720757 air_us=1024 gap_us=76
REC oseq=859 s0=0x0a len=251 crc=1 rssi=-49 pairid=247 txtag=4 st=0x00 addr=524721980 end=524738365 air_us=1024 gap_us=76
REC oseq=860 s0=0x12 len=251 crc=1 rssi=-41 pairid=247 txtag=4 st=0x00 addr=524739589 end=524755974 air_us=1024 gap_us=76
REC oseq=861 s0=0x06 len=251 crc=1 rssi=-49 pairid=247 txtag=4 st=0x00 addr=524757197 end=524773582 air_us=1024 gap_us=76
REC oseq=862 s0=0x1e len=251 crc=1 rssi=-41 pairid=247 txtag=4 st=0x00 addr=524774805 end=524791190 air_us=1024 gap_us=76
REC oseq=863 s0=0x0a len=251 crc=1 rssi=-49 pairid=247 txtag=4 st=0x00 addr=524792413 end=524808798 air_us=1024 gap_us=76
REC oseq=864 s0=0x12 len=251 crc=1 rssi=-41 pairid=247 txtag=4 st=0x00 addr=524810022 end=524826407 air_us=1024 gap_us=76
REC oseq=865 s0=0x06 len=251 crc=1 rssi=-49 pairid=247 txtag=4 st=0x00 addr=524827629 end=524844014 air_us=1024 gap_us=76
REC oseq=866 s0=0x1e len=251 crc=1 rssi=-41 pairid=247 txtag=4 st=0x00 addr=524845238 end=524861623 air_us=1024 gap_us=76
REC oseq=867 s0=0x0a len=251 crc=1 rssi=-49 pairid=247 txtag=4 st=0x00 addr=524862846 end=524879231 air_us=1024 gap_us=76
REC oseq=868 s0=0x12 len=251 crc=1 rssi=-41 pairid=247 txtag=4 st=0x00 addr=524880455 end=524896840 air_us=1024 gap_us=76
REC oseq=869 s0=0x06 len=251 crc=1 rssi=-50 pairid=247 txtag=4 st=0x00 addr=524898062 end=524914447 air_us=1024 gap_us=76
REC oseq=870 s0=0x1e len=251 crc=1 rssi=-41 pairid=247 txtag=4 st=0x00 addr=524915671 end=524932056 air_us=1024 gap_us=76
REC oseq=871 s0=0x0a len=251 crc=1 rssi=-49 pairid=247 txtag=4 st=0x00 addr=524933278 end=524949663 air_us=1024 gap_us=76
REC oseq=872 s0=0x12 len=251 crc=1 rssi=-41 pairid=247 txtag=4 st=0x00 addr=524950888 end=524967273 air_us=1024 gap_us=76
REC oseq=873 s0=0x06 len=251 crc=1 rssi=-49 pairid=247 txtag=4 st=0x00 addr=524968495 end=524984880 air_us=1024 gap_us=76
REC oseq=874 s0=0x1e len=251 crc=0 rssi=-41 pairid=247 txtag=4 st=0x00 addr=524986105 end=525002490 air_us=1024 gap_us=76
REC oseq=875 s0=0x1e len=251 crc=1 rssi=-41 pairid=247 txtag=4 st=0x00 addr=533398689 end=533415074 air_us=1024 gap_us=524762
REC oseq=876 s0=0x0a len=251 crc=1 rssi=-49 pairid=247 txtag=4 st=0x00 addr=533416303 end=533432688 air_us=1024 gap_us=76
REC oseq=877 s0=0x12 len=251 crc=1 rssi=-41 pairid=247 txtag=4 st=0x00 addr=533433905 end=533450290 air_us=1024 gap_us=76
REC oseq=878 s0=0x06 len=251 crc=1 rssi=-49 pairid=247 txtag=4 st=0x00 addr=533451520 end=533467905 air_us=1024 gap_us=76
REC oseq=879 s0=0x1e len=251 crc=1 rssi=-41 pairid=247 txtag=4 st=0x00 addr=533469122 end=533485507 air_us=1024 gap_us=76
REC oseq=880 s0=0x0a len=251 crc=1 rssi=-49 pairid=247 txtag=4 st=0x00 addr=533486736 end=533503121 air_us=1024 gap_us=76
REC oseq=881 s0=0x12 len=251 crc=1 rssi=-41 pairid=247 txtag=4 st=0x00 addr=533504338 end=533520723 air_us=1024 gap_us=76
REC oseq=882 s0=0x06 len=251 crc=1 rssi=-49 pairid=247 txtag=4 st=0x00 addr=533521952 end=533538337 air_us=1024 gap_us=76
REC oseq=883 s0=0x1e len=251 crc=1 rssi=-41 pairid=247 txtag=4 st=0x00 addr=533539555 end=533555940 air_us=1024 gap_us=76
REC oseq=884 s0=0x0a len=251 crc=1 rssi=-49 pairid=247 txtag=4 st=0x00 addr=533557169 end=533573554 air_us=1024 gap_us=76
REC oseq=885 s0=0x12 len=251 crc=1 rssi=-42 pairid=247 txtag=4 st=0x00 addr=533574771 end=533591156 air_us=1024 gap_us=76
REC oseq=886 s0=0x06 len=251 crc=1 rssi=-49 pairid=247 txtag=4 st=0x00 addr=533592385 end=533608770 air_us=1024 gap_us=76
REC oseq=887 s0=0x1e len=251 crc=1 rssi=-41 pairid=247 txtag=4 st=0x00 addr=533609988 end=533626373 air_us=1024 gap_us=76
REC oseq=888 s0=0x0a len=251 crc=1 rssi=-49 pairid=247 txtag=4 st=0x00 addr=533627601 end=533643986 air_us=1024 gap_us=76
REC oseq=889 s0=0x12 len=251 crc=1 rssi=-41 pairid=247 txtag=4 st=0x00 addr=533645204 end=533661589 air_us=1024 gap_us=76
REC oseq=890 s0=0x06 len=251 crc=1 rssi=-49 pairid=247 txtag=4 st=0x00 addr=533662817 end=533679202 air_us=1024 gap_us=76
REC oseq=891 s0=0x1e len=251 crc=1 rssi=-41 pairid=247 txtag=4 st=0x00 addr=533680421 end=533696806 air_us=1024 gap_us=76
REC oseq=892 s0=0x0a len=251 crc=1 rssi=-49 pairid=247 txtag=4 st=0x00 addr=533698034 end=533714419 air_us=1024 gap_us=76
REC oseq=893 s0=0x12 len=251 crc=1 rssi=-41 pairid=247 txtag=4 st=0x00 addr=533715637 end=533732022 air_us=1024 gap_us=76
REC oseq=894 s0=0x06 len=251 crc=1 rssi=-49 pairid=247 txtag=4 st=0x00 addr=533733250 end=533749635 air_us=1024 gap_us=76
REC oseq=895 s0=0x1e len=251 crc=1 rssi=-41 pairid=247 txtag=4 st=0x00 addr=533750854 end=533767239 air_us=1024 gap_us=76
REC oseq=896 s0=0x0a len=251 crc=1 rssi=-49 pairid=247 txtag=4 st=0x00 addr=533768467 end=533784852 air_us=1024 gap_us=76
REC oseq=897 s0=0x12 len=251 crc=0 rssi=-41 pairid=247 txtag=4 st=0x00 addr=533786070 end=533802455 air_us=1024 gap_us=76
REC oseq=898 s0=0x1e len=251 crc=1 rssi=-42 pairid=247 txtag=4 st=0x00 addr=547398632 end=547415017 air_us=1024 gap_us=849761
REC oseq=899 s0=0x0a len=251 crc=1 rssi=-50 pairid=247 txtag=4 st=0x00 addr=547416240 end=547432625 air_us=1024 gap_us=76
REC oseq=900 s0=0x12 len=251 crc=1 rssi=-42 pairid=247 txtag=4 st=0x00 addr=547433848 end=547450233 air_us=1024 gap_us=76
REC oseq=901 s0=0x06 len=251 crc=1 rssi=-51 pairid=247 txtag=4 st=0x00 addr=547451457 end=547467842 air_us=1024 gap_us=76
REC oseq=902 s0=0x1e len=251 crc=1 rssi=-42 pairid=247 txtag=4 st=0x00 addr=547469064 end=547485449 air_us=1024 gap_us=76
REC oseq=903 s0=0x0a len=251 crc=1 rssi=-49 pairid=247 txtag=4 st=0x00 addr=547486673 end=547503058 air_us=1024 gap_us=76
REC oseq=904 s0=0x12 len=251 crc=1 rssi=-41 pairid=247 txtag=4 st=0x00 addr=547504281 end=547520666 air_us=1024 gap_us=76
REC oseq=905 s0=0x06 len=251 crc=1 rssi=-51 pairid=247 txtag=4 st=0x00 addr=547521890 end=547538275 air_us=1024 gap_us=76
REC oseq=906 s0=0x1e len=251 crc=1 rssi=-42 pairid=247 txtag=4 st=0x00 addr=547539498 end=547555883 air_us=1024 gap_us=76
REC oseq=907 s0=0x0a len=251 crc=1 rssi=-50 pairid=247 txtag=4 st=0x00 addr=547557106 end=547573491 air_us=1024 gap_us=76
REC oseq=908 s0=0x12 len=251 crc=1 rssi=-39 pairid=247 txtag=4 st=0x00 addr=547574714 end=547591099 air_us=1024 gap_us=76
REC oseq=909 s0=0x06 len=251 crc=1 rssi=-50 pairid=247 txtag=4 st=0x00 addr=547592322 end=547608707 air_us=1024 gap_us=76
REC oseq=910 s0=0x1e len=251 crc=1 rssi=-41 pairid=247 txtag=4 st=0x00 addr=547609931 end=547626316 air_us=1024 gap_us=76
REC oseq=911 s0=0x0a len=251 crc=1 rssi=-49 pairid=247 txtag=4 st=0x00 addr=547627539 end=547643924 air_us=1024 gap_us=76
REC oseq=912 s0=0x12 len=251 crc=1 rssi=-41 pairid=247 txtag=4 st=0x00 addr=547645147 end=547661532 air_us=1024 gap_us=76
REC oseq=913 s0=0x06 len=251 crc=1 rssi=-51 pairid=247 txtag=4 st=0x00 addr=547662755 end=547679140 air_us=1024 gap_us=76
REC oseq=914 s0=0x1e len=251 crc=1 rssi=-42 pairid=247 txtag=4 st=0x00 addr=547680363 end=547696748 air_us=1024 gap_us=76
REC oseq=915 s0=0x0a len=251 crc=1 rssi=-50 pairid=247 txtag=4 st=0x00 addr=547697971 end=547714356 air_us=1024 gap_us=76
REC oseq=916 s0=0x12 len=251 crc=1 rssi=-42 pairid=247 txtag=4 st=0x00 addr=547715580 end=547731965 air_us=1024 gap_us=76
REC oseq=917 s0=0x06 len=251 crc=1 rssi=-49 pairid=247 txtag=4 st=0x00 addr=547733188 end=547749573 air_us=1024 gap_us=76
REC oseq=918 s0=0x1e len=251 crc=1 rssi=-42 pairid=247 txtag=4 st=0x00 addr=547750797 end=547767182 air_us=1024 gap_us=76
REC oseq=919 s0=0x0a len=251 crc=1 rssi=-49 pairid=247 txtag=4 st=0x00 addr=547768404 end=547784789 air_us=1024 gap_us=76
REC oseq=920 s0=0x12 len=251 crc=0 rssi=-41 pairid=247 txtag=4 st=0x00 addr=547786013 end=547802398 air_us=1024 gap_us=76
REC oseq=921 s0=0x12 len=251 crc=1 rssi=-41 pairid=247 txtag=4 st=0x00 addr=562998568 end=563014953 air_us=1024 gap_us=949760
REC oseq=922 s0=0x06 len=251 crc=1 rssi=-49 pairid=247 txtag=4 st=0x00 addr=563016183 end=563032568 air_us=1024 gap_us=76
REC oseq=923 s0=0x1e len=251 crc=1 rssi=-41 pairid=247 txtag=4 st=0x00 addr=563033785 end=563050170 air_us=1024 gap_us=76
REC oseq=924 s0=0x0a len=251 crc=1 rssi=-49 pairid=247 txtag=4 st=0x00 addr=563051399 end=563067784 air_us=1024 gap_us=76
REC oseq=925 s0=0x12 len=251 crc=1 rssi=-41 pairid=247 txtag=4 st=0x00 addr=563069001 end=563085386 air_us=1024 gap_us=76
REC oseq=926 s0=0x06 len=251 crc=1 rssi=-49 pairid=247 txtag=4 st=0x00 addr=563086616 end=563103001 air_us=1024 gap_us=76
REC oseq=927 s0=0x1e len=251 crc=1 rssi=-41 pairid=247 txtag=4 st=0x00 addr=563104218 end=563120603 air_us=1024 gap_us=76
REC oseq=928 s0=0x0a len=251 crc=1 rssi=-49 pairid=247 txtag=4 st=0x00 addr=563121832 end=563138217 air_us=1024 gap_us=76
REC oseq=929 s0=0x12 len=251 crc=1 rssi=-41 pairid=247 txtag=4 st=0x00 addr=563139434 end=563155819 air_us=1024 gap_us=76
REC oseq=930 s0=0x06 len=251 crc=1 rssi=-49 pairid=247 txtag=4 st=0x00 addr=563157048 end=563173433 air_us=1024 gap_us=76
REC oseq=931 s0=0x1e len=251 crc=1 rssi=-41 pairid=247 txtag=4 st=0x00 addr=563174651 end=563191036 air_us=1024 gap_us=76
REC oseq=932 s0=0x0a len=251 crc=1 rssi=-49 pairid=247 txtag=4 st=0x00 addr=563192265 end=563208650 air_us=1024 gap_us=76
REC oseq=933 s0=0x12 len=251 crc=1 rssi=-41 pairid=247 txtag=4 st=0x00 addr=563209867 end=563226252 air_us=1024 gap_us=76
REC oseq=934 s0=0x06 len=251 crc=1 rssi=-49 pairid=247 txtag=4 st=0x00 addr=563227481 end=563243866 air_us=1024 gap_us=76
REC oseq=935 s0=0x1e len=251 crc=1 rssi=-41 pairid=247 txtag=4 st=0x00 addr=563245083 end=563261468 air_us=1024 gap_us=76
REC oseq=936 s0=0x0a len=251 crc=1 rssi=-49 pairid=247 txtag=4 st=0x00 addr=563262697 end=563279082 air_us=1024 gap_us=76
REC oseq=937 s0=0x12 len=251 crc=1 rssi=-41 pairid=247 txtag=4 st=0x00 addr=563280300 end=563296685 air_us=1024 gap_us=76
REC oseq=938 s0=0x06 len=251 crc=1 rssi=-49 pairid=247 txtag=4 st=0x00 addr=563297913 end=563314298 air_us=1024 gap_us=76
REC oseq=939 s0=0x1e len=251 crc=1 rssi=-41 pairid=247 txtag=4 st=0x00 addr=563315516 end=563331901 air_us=1024 gap_us=76
REC oseq=940 s0=0x0a len=251 crc=1 rssi=-49 pairid=247 txtag=4 st=0x00 addr=563333130 end=563349515 air_us=1024 gap_us=76
REC oseq=941 s0=0x12 len=251 crc=1 rssi=-41 pairid=247 txtag=4 st=0x00 addr=563350733 end=563367118 air_us=1024 gap_us=76
REC oseq=942 s0=0x06 len=251 crc=1 rssi=-49 pairid=247 txtag=4 st=0x00 addr=563368346 end=563384731 air_us=1024 gap_us=76
REC oseq=943 s0=0x1e len=251 crc=0 rssi=-41 pairid=247 txtag=4 st=0x00 addr=563385949 end=563402334 air_us=1024 gap_us=76
REC oseq=944 s0=0x1e len=251 crc=1 rssi=-41 pairid=247 txtag=4 st=0x00 addr=608598384 end=608614769 air_us=1024 gap_us=2824753
REC oseq=945 s0=0x0a len=251 crc=1 rssi=-49 pairid=247 txtag=4 st=0x00 addr=608615985 end=608632370 air_us=1024 gap_us=76
REC oseq=946 s0=0x12 len=251 crc=1 rssi=-41 pairid=247 txtag=4 st=0x00 addr=608633584 end=608649969 air_us=1024 gap_us=75
REC oseq=947 s0=0x06 len=251 crc=1 rssi=-49 pairid=247 txtag=4 st=0x00 addr=608651185 end=608667570 air_us=1024 gap_us=76
REC oseq=948 s0=0x1e len=251 crc=1 rssi=-41 pairid=247 txtag=4 st=0x00 addr=608668785 end=608685170 air_us=1024 gap_us=75
REC oseq=949 s0=0x0a len=251 crc=1 rssi=-49 pairid=247 txtag=4 st=0x00 addr=608686385 end=608702770 air_us=1024 gap_us=75
REC oseq=950 s0=0x12 len=251 crc=1 rssi=-41 pairid=247 txtag=4 st=0x00 addr=608703985 end=608720370 air_us=1024 gap_us=75
REC oseq=951 s0=0x06 len=251 crc=1 rssi=-49 pairid=247 txtag=4 st=0x00 addr=608721586 end=608737971 air_us=1024 gap_us=76
REC oseq=952 s0=0x1e len=251 crc=1 rssi=-41 pairid=247 txtag=4 st=0x00 addr=608739186 end=608755571 air_us=1024 gap_us=75
REC oseq=953 s0=0x0a len=251 crc=1 rssi=-49 pairid=247 txtag=4 st=0x00 addr=608756786 end=608773171 air_us=1024 gap_us=75
REC oseq=954 s0=0x12 len=251 crc=1 rssi=-41 pairid=247 txtag=4 st=0x00 addr=608774386 end=608790771 air_us=1024 gap_us=75
REC oseq=955 s0=0x06 len=251 crc=1 rssi=-49 pairid=247 txtag=4 st=0x00 addr=608791986 end=608808371 air_us=1024 gap_us=75
REC oseq=956 s0=0x1e len=251 crc=1 rssi=-41 pairid=247 txtag=4 st=0x00 addr=608809587 end=608825972 air_us=1024 gap_us=76
REC oseq=957 s0=0x0a len=251 crc=1 rssi=-49 pairid=247 txtag=4 st=0x00 addr=608827186 end=608843571 air_us=1024 gap_us=75
REC oseq=958 s0=0x12 len=251 crc=1 rssi=-41 pairid=247 txtag=4 st=0x00 addr=608844787 end=608861172 air_us=1024 gap_us=76
REC oseq=959 s0=0x06 len=251 crc=1 rssi=-49 pairid=247 txtag=4 st=0x00 addr=608862387 end=608878772 air_us=1024 gap_us=75
REC oseq=960 s0=0x1e len=251 crc=1 rssi=-41 pairid=247 txtag=4 st=0x00 addr=608879988 end=608896373 air_us=1024 gap_us=76
REC oseq=961 s0=0x0a len=251 crc=1 rssi=-49 pairid=247 txtag=4 st=0x00 addr=608897603 end=608913988 air_us=1024 gap_us=76
REC oseq=962 s0=0x12 len=251 crc=1 rssi=-41 pairid=247 txtag=4 st=0x00 addr=608915204 end=608931589 air_us=1024 gap_us=76
REC oseq=963 s0=0x06 len=251 crc=1 rssi=-49 pairid=247 txtag=4 st=0x00 addr=608932820 end=608949205 air_us=1024 gap_us=76
REC oseq=964 s0=0x1e len=251 crc=1 rssi=-41 pairid=247 txtag=4 st=0x00 addr=608950421 end=608966806 air_us=1024 gap_us=76
REC oseq=965 s0=0x0a len=251 crc=1 rssi=-49 pairid=247 txtag=4 st=0x00 addr=608968036 end=608984421 air_us=1024 gap_us=76
REC oseq=966 s0=0x12 len=251 crc=0 rssi=-41 pairid=247 txtag=4 st=0x00 addr=608985637 end=609002022 air_us=1024 gap_us=76
REC oseq=967 s0=0x12 len=251 crc=1 rssi=-41 pairid=247 txtag=4 st=0x00 addr=623798323 end=623814708 air_us=1024 gap_us=924768
REC oseq=968 s0=0x06 len=251 crc=1 rssi=-49 pairid=247 txtag=4 st=0x00 addr=623815930 end=623832315 air_us=1024 gap_us=76
REC oseq=969 s0=0x1e len=251 crc=1 rssi=-41 pairid=247 txtag=4 st=0x00 addr=623833539 end=623849924 air_us=1024 gap_us=76
REC oseq=970 s0=0x0a len=251 crc=1 rssi=-49 pairid=247 txtag=4 st=0x00 addr=623851146 end=623867531 air_us=1024 gap_us=76
REC oseq=971 s0=0x12 len=251 crc=1 rssi=-41 pairid=247 txtag=4 st=0x00 addr=623868756 end=623885141 air_us=1024 gap_us=76
REC oseq=972 s0=0x06 len=251 crc=1 rssi=-49 pairid=247 txtag=4 st=0x00 addr=623886362 end=623902747 air_us=1024 gap_us=76
REC oseq=973 s0=0x1e len=251 crc=1 rssi=-41 pairid=247 txtag=4 st=0x00 addr=623903972 end=623920357 air_us=1024 gap_us=76
REC oseq=974 s0=0x0a len=251 crc=1 rssi=-49 pairid=247 txtag=4 st=0x00 addr=623921579 end=623937964 air_us=1024 gap_us=76
REC oseq=975 s0=0x12 len=251 crc=1 rssi=-41 pairid=247 txtag=4 st=0x00 addr=623939189 end=623955574 air_us=1024 gap_us=76
REC oseq=976 s0=0x06 len=251 crc=1 rssi=-49 pairid=247 txtag=4 st=0x00 addr=623956795 end=623973180 air_us=1024 gap_us=76
REC oseq=977 s0=0x1e len=251 crc=1 rssi=-41 pairid=247 txtag=4 st=0x00 addr=623974405 end=623990790 air_us=1024 gap_us=76
REC oseq=978 s0=0x0a len=251 crc=1 rssi=-49 pairid=247 txtag=4 st=0x00 addr=623992012 end=624008397 air_us=1024 gap_us=76
REC oseq=979 s0=0x12 len=251 crc=1 rssi=-41 pairid=247 txtag=4 st=0x00 addr=624009622 end=624026007 air_us=1024 gap_us=76
REC oseq=980 s0=0x06 len=251 crc=1 rssi=-49 pairid=247 txtag=4 st=0x00 addr=624027228 end=624043613 air_us=1024 gap_us=76
REC oseq=981 s0=0x1e len=251 crc=1 rssi=-41 pairid=247 txtag=4 st=0x00 addr=624044838 end=624061223 air_us=1024 gap_us=76
REC oseq=982 s0=0x0a len=251 crc=1 rssi=-49 pairid=247 txtag=4 st=0x00 addr=624062444 end=624078829 air_us=1024 gap_us=76
REC oseq=983 s0=0x12 len=251 crc=1 rssi=-41 pairid=247 txtag=4 st=0x00 addr=624080054 end=624096439 air_us=1024 gap_us=76
REC oseq=984 s0=0x06 len=251 crc=1 rssi=-49 pairid=247 txtag=4 st=0x00 addr=624097661 end=624114046 air_us=1024 gap_us=76
REC oseq=985 s0=0x1e len=251 crc=1 rssi=-41 pairid=247 txtag=4 st=0x00 addr=624115271 end=624131656 air_us=1024 gap_us=76
REC oseq=986 s0=0x0a len=251 crc=1 rssi=-49 pairid=247 txtag=4 st=0x00 addr=624132877 end=624149262 air_us=1024 gap_us=76
REC oseq=987 s0=0x12 len=251 crc=1 rssi=-41 pairid=247 txtag=4 st=0x00 addr=624150487 end=624166872 air_us=1024 gap_us=76
REC oseq=988 s0=0x06 len=251 crc=1 rssi=-49 pairid=247 txtag=4 st=0x00 addr=624168093 end=624184478 air_us=1024 gap_us=76
REC oseq=989 s0=0x1e len=251 crc=0 rssi=-41 pairid=247 txtag=4 st=0x00 addr=624185704 end=624202089 air_us=1024 gap_us=76
REC oseq=990 s0=0x12 len=251 crc=1 rssi=-41 pairid=247 txtag=4 st=0x00 addr=627798308 end=627814693 air_us=1024 gap_us=224763
REC oseq=991 s0=0x06 len=251 crc=1 rssi=-50 pairid=247 txtag=4 st=0x00 addr=627815918 end=627832303 air_us=1024 gap_us=76
REC oseq=992 s0=0x1e len=251 crc=1 rssi=-41 pairid=247 txtag=4 st=0x00 addr=627833524 end=627849909 air_us=1024 gap_us=76
REC oseq=993 s0=0x0a len=251 crc=1 rssi=-49 pairid=247 txtag=4 st=0x00 addr=627851134 end=627867519 air_us=1024 gap_us=76
REC oseq=994 s0=0x12 len=251 crc=1 rssi=-41 pairid=247 txtag=4 st=0x00 addr=627868741 end=627885126 air_us=1024 gap_us=76
REC oseq=995 s0=0x06 len=251 crc=1 rssi=-49 pairid=247 txtag=4 st=0x00 addr=627886351 end=627902736 air_us=1024 gap_us=76
REC oseq=996 s0=0x1e len=251 crc=1 rssi=-41 pairid=247 txtag=4 st=0x00 addr=627903957 end=627920342 air_us=1024 gap_us=76
REC oseq=997 s0=0x0a len=251 crc=1 rssi=-49 pairid=247 txtag=4 st=0x00 addr=627921567 end=627937952 air_us=1024 gap_us=76
REC oseq=998 s0=0x12 len=251 crc=1 rssi=-41 pairid=247 txtag=4 st=0x00 addr=627939174 end=627955559 air_us=1024 gap_us=76
REC oseq=999 s0=0x06 len=251 crc=1 rssi=-49 pairid=247 txtag=4 st=0x00 addr=627956783 end=627973168 air_us=1024 gap_us=76
REC oseq=1000 s0=0x1e len=251 crc=1 rssi=-41 pairid=247 txtag=4 st=0x00 addr=627974390 end=627990775 air_us=1024 gap_us=76
REC oseq=1001 s0=0x0a len=251 crc=1 rssi=-49 pairid=247 txtag=4 st=0x00 addr=627992000 end=628008385 air_us=1024 gap_us=76
REC oseq=1002 s0=0x12 len=251 crc=1 rssi=-41 pairid=247 txtag=4 st=0x00 addr=628009607 end=628025992 air_us=1024 gap_us=76
REC oseq=1003 s0=0x06 len=251 crc=1 rssi=-49 pairid=247 txtag=4 st=0x00 addr=628027216 end=628043601 air_us=1024 gap_us=76
REC oseq=1004 s0=0x1e len=251 crc=1 rssi=-41 pairid=247 txtag=4 st=0x00 addr=628044823 end=628061208 air_us=1024 gap_us=76
REC oseq=1005 s0=0x0a len=251 crc=1 rssi=-49 pairid=247 txtag=4 st=0x00 addr=628062432 end=628078817 air_us=1024 gap_us=76
REC oseq=1006 s0=0x12 len=251 crc=1 rssi=-41 pairid=247 txtag=4 st=0x00 addr=628080039 end=628096424 air_us=1024 gap_us=76
REC oseq=1007 s0=0x06 len=251 crc=1 rssi=-49 pairid=247 txtag=4 st=0x00 addr=628097649 end=628114034 air_us=1024 gap_us=76
REC oseq=1008 s0=0x1e len=251 crc=1 rssi=-41 pairid=247 txtag=4 st=0x00 addr=628115256 end=628131641 air_us=1024 gap_us=76
REC oseq=1009 s0=0x0a len=251 crc=1 rssi=-49 pairid=247 txtag=4 st=0x00 addr=628132865 end=628149250 air_us=1024 gap_us=76
REC oseq=1010 s0=0x12 len=251 crc=1 rssi=-40 pairid=247 txtag=4 st=0x00 addr=628150472 end=628166857 air_us=1024 gap_us=76
REC oseq=1011 s0=0x06 len=251 crc=1 rssi=-49 pairid=247 txtag=4 st=0x00 addr=628168081 end=628184466 air_us=1024 gap_us=76
REC oseq=1012 s0=0x1e len=251 crc=0 rssi=-42 pairid=247 txtag=4 st=0x00 addr=628185689 end=628202074 air_us=1024 gap_us=76
Q2-DONE
