   1.912  *** Booting Zephyr OS build v4.4.2-16-gfee9fbc62095 ***
   1.972  [00:49:20.392,416] [0m<inf> bt_hci_core: HW Platform: Nordic Semiconductor (0x0002)[0m
   1.972  [00:49:20.392,428] [0m<inf> bt_hci_core: HW Variant: nRF54Lx (0x0005)[0m
   1.972  [00:49:20.392,440] [0m<inf> bt_hci_core: Firmware: Standard Bluetooth controller (0x00) Version 4.4 Build 2[0m
   1.972  [00:49:20.392,784] [0m<inf> bt_hci_core: HCI transport: Controller[0m
   1.972  [00:49:20.392,831] [0m<inf> bt_hci_core: Identity: FC:BE:FF:FA:E6:8B (random)[0m
   1.972  [00:49:20.392,846] [0m<inf> bt_hci_core: HCI: version 5.4 (0x0d) revision 0x0000, manufacturer 0x05f1[0m
   1.972  [00:49:20.392,861] [0m<inf> bt_hci_core: LMP: version 5.4 (0x0d) subver 0xffff[0m
   1.972  
   1.972  === nRF54L15 RTT ping-pong CENTRAL ===
   1.972  scan rc=0
   3.930  t=1s RTT mean=0 min=0 max=0 n=0 to=0 | cancels=0(+0/s) seqbad=0 len_bad=0 disc=0(0x00) | tot_n=0 tot_to=0 maxever=0 >2ms=0 >5ms=0 >15ms=0 >20ms=0 >30ms=0 | probes=0 wrfail=0 down=1s maxout=1s
   3.989  t=2s RTT mean=0 min=0 max=0 n=0 to=0 | cancels=0(+0/s) seqbad=0 len_bad=0 disc=0(0x00) | tot_n=0 tot_to=0 maxever=0 >2ms=0 >5ms=0 >15ms=0 >20ms=0 >30ms=0 | probes=0 wrfail=0 down=2s maxout=2s
   5.932  t=3s RTT mean=0 min=0 max=0 n=0 to=0 | cancels=0(+0/s) seqbad=0 len_bad=0 disc=0(0x00) | tot_n=0 tot_to=0 maxever=0 >2ms=0 >5ms=0 >15ms=0 >20ms=0 >30ms=0 | probes=0 wrfail=0 down=3s maxout=3s
   5.932  Q2CONN AA=759e8b72 CRCINIT=dade76 hop=5 chan_count=37 map=ffffffff1f
   5.932  GAP connected interval=25000
   5.932  MTU err=0 mtu=247
   5.986  t=4s RTT mean=0 min=0 max=0 n=0 to=0 | cancels=0(+0/s) seqbad=0 len_bad=0 disc=0(0x00) | tot_n=0 tot_to=0 maxever=0 >2ms=0 >5ms=0 >15ms=0 >20ms=0 >30ms=0 | probes=0 wrfail=0 down=4s maxout=4s
   7.137  PHY tx=2 rx=2
   7.137  discovery start (post-PHY +500ms) interval=25000 phy2m=1
   7.138  SUBSCRIBED, vh=14
   7.198  t=5s RTT mean=36120 min=25775 max=46466 n=2 to=0 | cancels=0(+0/s) seqbad=0 len_bad=0 disc=0(0x00) | tot_n=2 tot_to=0 maxever=46466 >2ms=2 >5ms=2 >15ms=2 >20ms=2 >30ms=1 | probes=3 wrfail=0 down=4s maxout=4s
   7.198  LOADRAMP: bulk char handle=17
   7.198  LOADRAMP: target=0 KBps for 60s
   8.976  t=6s RTT mean=46910 min=46837 max=46926 n=20 to=0 | cancels=0(+0/s) seqbad=0 len_bad=0 disc=0(0x00) | tot_n=22 tot_to=0 maxever=46926 >2ms=22 >5ms=22 >15ms=22 >20ms=22 >30ms=21 | probes=23 wrfail=0 down=4s maxout=4s
   8.976  t=7s RTT mean=46913 min=46911 max=46918 n=20 to=0 | cancels=0(+0/s) seqbad=0 len_bad=0 disc=0(0x00) | tot_n=42 tot_to=0 maxever=46926 >2ms=42 >5ms=42 >15ms=42 >20ms=42 >30ms=41 | probes=43 wrfail=0 down=4s maxout=4s
  10.776  FSU: request [52..52] us (ACL both dirs, 1M+2M) rc=0
  10.776  FSU: updated status=0x00 spacing=52 us phys=0x3 types=0x3 initiator=0
  10.837  t=8s RTT mean=46909 min=46775 max=46955 n=20 to=0 | cancels=0(+0/s) seqbad=0 len_bad=0 disc=0(0x00) | tot_n=62 tot_to=0 maxever=46955 >2ms=62 >5ms=62 >15ms=62 >20ms=62 >30ms=61 | probes=63 wrfail=0 down=4s maxout=4s
  11.981  t=9s RTT mean=46914 min=46904 max=46931 n=20 to=0 | cancels=0(+0/s) seqbad=0 len_bad=0 disc=0(0x00) | tot_n=82 tot_to=0 maxever=46955 >2ms=82 >5ms=82 >15ms=82 >20ms=82 >30ms=81 | probes=83 wrfail=0 down=4s maxout=4s
  11.981  t=10s RTT mean=46913 min=46911 max=46919 n=20 to=0 | cancels=0(+0/s) seqbad=0 len_bad=0 disc=0(0x00) | tot_n=102 tot_to=0 maxever=46955 >2ms=102 >5ms=102 >15ms=102 >20ms=102 >30ms=101 | probes=103 wrfail=0 down=4s maxout=4s
  13.952  t=11s RTT mean=46914 min=46910 max=46932 n=20 to=0 | cancels=0(+0/s) seqbad=0 len_bad=0 disc=0(0x00) | tot_n=122 tot_to=0 maxever=46955 >2ms=122 >5ms=122 >15ms=122 >20ms=122 >30ms=121 | probes=123 wrfail=0 down=4s maxout=4s
  13.952  t=12s RTT mean=46913 min=46910 max=46919 n=20 to=0 | cancels=0(+0/s) seqbad=0 len_bad=0 disc=0(0x00) | tot_n=142 tot_to=0 maxever=46955 >2ms=142 >5ms=142 >15ms=142 >20ms=142 >30ms=141 | probes=143 wrfail=0 down=4s maxout=4s
  15.962  t=13s RTT mean=46914 min=46910 max=46931 n=20 to=0 | cancels=0(+0/s) seqbad=0 len_bad=0 disc=0(0x00) | tot_n=162 tot_to=0 maxever=46955 >2ms=162 >5ms=162 >15ms=162 >20ms=162 >30ms=161 | probes=163 wrfail=0 down=4s maxout=4s
  15.962  t=14s RTT mean=46913 min=46911 max=46919 n=20 to=0 | cancels=0(+0/s) seqbad=0 len_bad=0 disc=0(0x00) | tot_n=182 tot_to=0 maxever=46955 >2ms=182 >5ms=182 >15ms=182 >20ms=182 >30ms=181 | probes=183 wrfail=0 down=4s maxout=4s
  17.963  t=15s RTT mean=46913 min=46910 max=46931 n=20 to=0 | cancels=0(+0/s) seqbad=0 len_bad=0 disc=0(0x00) | tot_n=202 tot_to=0 maxever=46955 >2ms=202 >5ms=202 >15ms=202 >20ms=202 >30ms=201 | probes=203 wrfail=0 down=4s maxout=4s
  17.963  t=16s RTT mean=46913 min=46911 max=46919 n=20 to=0 | cancels=0(+0/s) seqbad=0 len_bad=0 disc=0(0x00) | tot_n=222 tot_to=0 maxever=46955 >2ms=222 >5ms=222 >15ms=222 >20ms=222 >30ms=221 | probes=223 wrfail=0 down=4s maxout=4s
  19.934  t=17s RTT mean=46914 min=46911 max=46931 n=20 to=0 | cancels=0(+0/s) seqbad=0 len_bad=0 disc=0(0x00) | tot_n=242 tot_to=0 maxever=46955 >2ms=242 >5ms=242 >15ms=242 >20ms=242 >30ms=241 | probes=243 wrfail=0 down=4s maxout=4s
  19.991  t=18s RTT mean=46913 min=46910 max=46919 n=20 to=0 | cancels=0(+0/s) seqbad=0 len_bad=0 disc=0(0x00) | tot_n=262 tot_to=0 maxever=46955 >2ms=262 >5ms=262 >15ms=262 >20ms=262 >30ms=261 | probes=263 wrfail=0 down=4s maxout=4s
  21.962  t=19s RTT mean=46914 min=46910 max=46931 n=20 to=0 | cancels=0(+0/s) seqbad=0 len_bad=0 disc=0(0x00) | tot_n=282 tot_to=0 maxever=46955 >2ms=282 >5ms=282 >15ms=282 >20ms=282 >30ms=281 | probes=283 wrfail=0 down=4s maxout=4s
  21.962  t=20s RTT mean=46913 min=46911 max=46919 n=20 to=0 | cancels=0(+0/s) seqbad=0 len_bad=0 disc=0(0x00) | tot_n=302 tot_to=0 maxever=46955 >2ms=302 >5ms=302 >15ms=302 >20ms=302 >30ms=301 | probes=303 wrfail=0 down=4s maxout=4s
  23.974  t=21s RTT mean=46914 min=46910 max=46931 n=20 to=0 | cancels=0(+0/s) seqbad=0 len_bad=0 disc=0(0x00) | tot_n=322 tot_to=0 maxever=46955 >2ms=322 >5ms=322 >15ms=322 >20ms=322 >30ms=321 | probes=323 wrfail=0 down=4s maxout=4s
  23.974  t=22s RTT mean=46913 min=46911 max=46919 n=20 to=0 | cancels=0(+0/s) seqbad=0 len_bad=0 disc=0(0x00) | tot_n=342 tot_to=0 maxever=46955 >2ms=342 >5ms=342 >15ms=342 >20ms=342 >30ms=341 | probes=343 wrfail=0 down=4s maxout=4s
  25.939  t=23s RTT mean=46914 min=46662 max=47163 n=20 to=0 | cancels=0(+0/s) seqbad=0 len_bad=0 disc=0(0x00) | tot_n=362 tot_to=0 maxever=47163 >2ms=362 >5ms=362 >15ms=362 >20ms=362 >30ms=361 | probes=363 wrfail=0 down=4s maxout=4s
  25.998  t=24s RTT mean=46913 min=46659 max=47168 n=20 to=0 | cancels=0(+0/s) seqbad=0 len_bad=0 disc=0(0x00) | tot_n=382 tot_to=0 maxever=47168 >2ms=382 >5ms=382 >15ms=382 >20ms=382 >30ms=381 | probes=383 wrfail=0 down=4s maxout=4s
  27.959  t=25s RTT mean=46914 min=46910 max=46932 n=20 to=0 | cancels=0(+0/s) seqbad=0 len_bad=0 disc=0(0x00) | tot_n=402 tot_to=0 maxever=47168 >2ms=402 >5ms=402 >15ms=402 >20ms=402 >30ms=401 | probes=403 wrfail=0 down=4s maxout=4s
  27.959  t=26s RTT mean=46913 min=46911 max=46918 n=20 to=0 | cancels=0(+0/s) seqbad=0 len_bad=0 disc=0(0x00) | tot_n=422 tot_to=0 maxever=47168 >2ms=422 >5ms=422 >15ms=422 >20ms=422 >30ms=421 | probes=423 wrfail=0 down=4s maxout=4s
  29.969  t=27s RTT mean=46914 min=46905 max=46931 n=20 to=0 | cancels=0(+0/s) seqbad=0 len_bad=0 disc=0(0x00) | tot_n=442 tot_to=0 maxever=47168 >2ms=442 >5ms=442 >15ms=442 >20ms=442 >30ms=441 | probes=443 wrfail=0 down=4s maxout=4s
  29.969  t=28s RTT mean=46913 min=46911 max=46917 n=20 to=0 | cancels=0(+0/s) seqbad=0 len_bad=0 disc=0(0x00) | tot_n=462 tot_to=0 maxever=47168 >2ms=462 >5ms=462 >15ms=462 >20ms=462 >30ms=461 | probes=463 wrfail=0 down=4s maxout=4s
  31.959  t=29s RTT mean=46913 min=46904 max=46931 n=20 to=0 | cancels=0(+0/s) seqbad=0 len_bad=0 disc=0(0x00) | tot_n=482 tot_to=0 maxever=47168 >2ms=482 >5ms=482 >15ms=482 >20ms=482 >30ms=481 | probes=483 wrfail=0 down=4s maxout=4s
  31.959  t=30s RTT mean=46913 min=46911 max=46916 n=20 to=0 | cancels=0(+0/s) seqbad=0 len_bad=0 disc=0(0x00) | tot_n=502 tot_to=0 maxever=47168 >2ms=502 >5ms=502 >15ms=502 >20ms=502 >30ms=501 | probes=503 wrfail=0 down=4s maxout=4s
  33.981  t=31s RTT mean=46914 min=46905 max=46932 n=20 to=0 | cancels=0(+0/s) seqbad=0 len_bad=0 disc=0(0x00) | tot_n=522 tot_to=0 maxever=47168 >2ms=522 >5ms=522 >15ms=522 >20ms=522 >30ms=521 | probes=523 wrfail=0 down=4s maxout=4s
  33.981  t=32s RTT mean=46913 min=46911 max=46916 n=20 to=0 | cancels=0(+0/s) seqbad=0 len_bad=0 disc=0(0x00) | tot_n=542 tot_to=0 maxever=47168 >2ms=542 >5ms=542 >15ms=542 >20ms=542 >30ms=541 | probes=543 wrfail=0 down=4s maxout=4s
  35.950  t=33s RTT mean=46914 min=46904 max=46932 n=20 to=0 | cancels=0(+0/s) seqbad=0 len_bad=0 disc=0(0x00) | tot_n=562 tot_to=0 maxever=47168 >2ms=562 >5ms=562 >15ms=562 >20ms=562 >30ms=561 | probes=563 wrfail=0 down=4s maxout=4s
  35.950  t=34s RTT mean=46913 min=46911 max=46916 n=20 to=0 | cancels=0(+0/s) seqbad=0 len_bad=0 disc=0(0x00) | tot_n=582 tot_to=0 maxever=47168 >2ms=582 >5ms=582 >15ms=582 >20ms=582 >30ms=581 | probes=583 wrfail=0 down=4s maxout=4s
  37.960  t=35s RTT mean=46914 min=46904 max=46931 n=20 to=0 | cancels=0(+0/s) seqbad=0 len_bad=0 disc=0(0x00) | tot_n=602 tot_to=0 maxever=47168 >2ms=602 >5ms=602 >15ms=602 >20ms=602 >30ms=601 | probes=603 wrfail=0 down=4s maxout=4s
  37.960  t=36s RTT mean=46913 min=46911 max=46916 n=20 to=0 | cancels=0(+0/s) seqbad=0 len_bad=0 disc=0(0x00) | tot_n=622 tot_to=0 maxever=47168 >2ms=622 >5ms=622 >15ms=622 >20ms=622 >30ms=621 | probes=623 wrfail=0 down=4s maxout=4s
  39.952  t=37s RTT mean=46914 min=46906 max=46931 n=20 to=0 | cancels=0(+0/s) seqbad=0 len_bad=0 disc=0(0x00) | tot_n=642 tot_to=0 maxever=47168 >2ms=642 >5ms=642 >15ms=642 >20ms=642 >30ms=641 | probes=643 wrfail=0 down=4s maxout=4s
  39.952  t=38s RTT mean=46913 min=46911 max=46917 n=20 to=0 | cancels=0(+0/s) seqbad=0 len_bad=0 disc=0(0x00) | tot_n=662 tot_to=0 maxever=47168 >2ms=662 >5ms=662 >15ms=662 >20ms=662 >30ms=661 | probes=663 wrfail=0 down=4s maxout=4s
  41.972  t=39s RTT mean=46914 min=46905 max=46932 n=20 to=0 | cancels=0(+0/s) seqbad=0 len_bad=0 disc=0(0x00) | tot_n=682 tot_to=0 maxever=47168 >2ms=682 >5ms=682 >15ms=682 >20ms=682 >30ms=681 | probes=683 wrfail=0 down=4s maxout=4s
  41.972  t=40s RTT mean=46913 min=46911 max=46916 n=20 to=0 | cancels=0(+0/s) seqbad=0 len_bad=0 disc=0(0x00) | tot_n=702 tot_to=0 maxever=47168 >2ms=702 >5ms=702 >15ms=702 >20ms=702 >30ms=701 | probes=703 wrfail=0 down=4s maxout=4s
  43.966  t=41s RTT mean=46914 min=46904 max=46931 n=20 to=0 | cancels=0(+0/s) seqbad=0 len_bad=0 disc=0(0x00) | tot_n=722 tot_to=0 maxever=47168 >2ms=722 >5ms=722 >15ms=722 >20ms=722 >30ms=721 | probes=723 wrfail=0 down=4s maxout=4s
  43.966  t=42s RTT mean=46913 min=46911 max=46917 n=20 to=0 | cancels=0(+0/s) seqbad=0 len_bad=0 disc=0(0x00) | tot_n=742 tot_to=0 maxever=47168 >2ms=742 >5ms=742 >15ms=742 >20ms=742 >30ms=741 | probes=743 wrfail=0 down=4s maxout=4s
  45.976  t=43s RTT mean=46913 min=46905 max=46931 n=20 to=0 | cancels=0(+0/s) seqbad=0 len_bad=0 disc=0(0x00) | tot_n=762 tot_to=0 maxever=47168 >2ms=762 >5ms=762 >15ms=762 >20ms=762 >30ms=761 | probes=763 wrfail=0 down=4s maxout=4s
  45.976  t=44s RTT mean=46913 min=46911 max=46916 n=20 to=0 | cancels=0(+0/s) seqbad=0 len_bad=0 disc=0(0x00) | tot_n=782 tot_to=0 maxever=47168 >2ms=782 >5ms=782 >15ms=782 >20ms=782 >30ms=781 | probes=783 wrfail=0 down=4s maxout=4s
  47.931  t=45s RTT mean=46914 min=46905 max=46932 n=20 to=0 | cancels=0(+0/s) seqbad=0 len_bad=0 disc=0(0x00) | tot_n=802 tot_to=0 maxever=47168 >2ms=802 >5ms=802 >15ms=802 >20ms=802 >30ms=801 | probes=803 wrfail=0 down=4s maxout=4s
  47.987  t=46s RTT mean=46913 min=46911 max=46917 n=20 to=0 | cancels=0(+0/s) seqbad=0 len_bad=0 disc=0(0x00) | tot_n=822 tot_to=0 maxever=47168 >2ms=822 >5ms=822 >15ms=822 >20ms=822 >30ms=821 | probes=823 wrfail=0 down=4s maxout=4s
  49.976  t=47s RTT mean=46913 min=46905 max=46931 n=20 to=0 | cancels=0(+0/s) seqbad=0 len_bad=0 disc=0(0x00) | tot_n=842 tot_to=0 maxever=47168 >2ms=842 >5ms=842 >15ms=842 >20ms=842 >30ms=841 | probes=843 wrfail=0 down=4s maxout=4s
  49.976  t=48s RTT mean=46913 min=46911 max=46916 n=20 to=0 | cancels=0(+0/s) seqbad=0 len_bad=0 disc=0(0x00) | tot_n=862 tot_to=0 maxever=47168 >2ms=862 >5ms=862 >15ms=862 >20ms=862 >30ms=861 | probes=863 wrfail=0 down=4s maxout=4s
  51.955  t=49s RTT mean=46914 min=46904 max=46931 n=20 to=0 | cancels=0(+0/s) seqbad=0 len_bad=0 disc=0(0x00) | tot_n=882 tot_to=0 maxever=47168 >2ms=882 >5ms=882 >15ms=882 >20ms=882 >30ms=881 | probes=883 wrfail=0 down=4s maxout=4s
  51.956  t=50s RTT mean=46913 min=46911 max=46917 n=20 to=0 | cancels=0(+0/s) seqbad=0 len_bad=0 disc=0(0x00) | tot_n=902 tot_to=0 maxever=47168 >2ms=902 >5ms=902 >15ms=902 >20ms=902 >30ms=901 | probes=903 wrfail=0 down=4s maxout=4s
  53.964  t=51s RTT mean=46913 min=46905 max=46931 n=20 to=0 | cancels=0(+0/s) seqbad=0 len_bad=0 disc=0(0x00) | tot_n=922 tot_to=0 maxever=47168 >2ms=922 >5ms=922 >15ms=922 >20ms=922 >30ms=921 | probes=923 wrfail=0 down=4s maxout=4s
  53.964  t=52s RTT mean=46913 min=46911 max=46916 n=20 to=0 | cancels=0(+0/s) seqbad=0 len_bad=0 disc=0(0x00) | tot_n=942 tot_to=0 maxever=47168 >2ms=942 >5ms=942 >15ms=942 >20ms=942 >30ms=941 | probes=943 wrfail=0 down=4s maxout=4s
  55.979  t=53s RTT mean=46914 min=46905 max=46931 n=20 to=0 | cancels=0(+0/s) seqbad=0 len_bad=0 disc=0(0x00) | tot_n=962 tot_to=0 maxever=47168 >2ms=962 >5ms=962 >15ms=962 >20ms=962 >30ms=961 | probes=963 wrfail=0 down=4s maxout=4s
  55.979  t=54s RTT mean=46913 min=46911 max=46916 n=20 to=0 | cancels=0(+0/s) seqbad=0 len_bad=0 disc=0(0x00) | tot_n=982 tot_to=0 maxever=47168 >2ms=982 >5ms=982 >15ms=982 >20ms=982 >30ms=981 | probes=983 wrfail=0 down=4s maxout=4s
  57.968  t=55s RTT mean=46914 min=46904 max=46932 n=20 to=0 | cancels=0(+0/s) seqbad=0 len_bad=0 disc=0(0x00) | tot_n=1002 tot_to=0 maxever=47168 >2ms=1002 >5ms=1002 >15ms=1002 >20ms=1002 >30ms=1001 | probes=1003 wrfail=0 down=4s maxout=4s
  57.968  t=56s RTT mean=46913 min=46911 max=46917 n=20 to=0 | cancels=0(+0/s) seqbad=0 len_bad=0 disc=0(0x00) | tot_n=1022 tot_to=0 maxever=47168 >2ms=1022 >5ms=1022 >15ms=1022 >20ms=1022 >30ms=1021 | probes=1023 wrfail=0 down=4s maxout=4s
  59.942  t=57s RTT mean=46913 min=46904 max=46931 n=20 to=0 | cancels=0(+0/s) seqbad=0 len_bad=0 disc=0(0x00) | tot_n=1042 tot_to=0 maxever=47168 >2ms=1042 >5ms=1042 >15ms=1042 >20ms=1042 >30ms=1041 | probes=1043 wrfail=0 down=4s maxout=4s
  60.003  t=58s RTT mean=46913 min=46911 max=46916 n=20 to=0 | cancels=0(+0/s) seqbad=0 len_bad=0 disc=0(0x00) | tot_n=1062 tot_to=0 maxever=47168 >2ms=1062 >5ms=1062 >15ms=1062 >20ms=1062 >30ms=1061 | probes=1063 wrfail=0 down=4s maxout=4s
  61.943  t=59s RTT mean=46913 min=46905 max=46931 n=20 to=0 | cancels=0(+0/s) seqbad=0 len_bad=0 disc=0(0x00) | tot_n=1082 tot_to=0 maxever=47168 >2ms=1082 >5ms=1082 >15ms=1082 >20ms=1082 >30ms=1081 | probes=1083 wrfail=0 down=4s maxout=4s
  62.003  t=60s RTT mean=46913 min=46911 max=46917 n=20 to=0 | cancels=0(+0/s) seqbad=0 len_bad=0 disc=0(0x00) | tot_n=1102 tot_to=0 maxever=47168 >2ms=1102 >5ms=1102 >15ms=1102 >20ms=1102 >30ms=1101 | probes=1103 wrfail=0 down=4s maxout=4s
  63.963  t=61s RTT mean=46914 min=46662 max=47164 n=20 to=0 | cancels=0(+0/s) seqbad=0 len_bad=0 disc=0(0x00) | tot_n=1122 tot_to=0 maxever=47168 >2ms=1122 >5ms=1122 >15ms=1122 >20ms=1122 >30ms=1121 | probes=1123 wrfail=0 down=4s maxout=4s
  63.963  t=62s RTT mean=46913 min=46911 max=46916 n=20 to=0 | cancels=0(+0/s) seqbad=0 len_bad=0 disc=0(0x00) | tot_n=1142 tot_to=0 maxever=47168 >2ms=1142 >5ms=1142 >15ms=1142 >20ms=1142 >30ms=1141 | probes=1143 wrfail=0 down=4s maxout=4s
  65.988  t=63s RTT mean=46914 min=46905 max=46931 n=20 to=0 | cancels=0(+0/s) seqbad=0 len_bad=0 disc=0(0x00) | tot_n=1162 tot_to=0 maxever=47168 >2ms=1162 >5ms=1162 >15ms=1162 >20ms=1162 >30ms=1161 | probes=1163 wrfail=0 down=4s maxout=4s
  65.988  t=64s RTT mean=46913 min=46911 max=46917 n=20 to=0 | cancels=0(+0/s) seqbad=0 len_bad=0 disc=0(0x00) | tot_n=1182 tot_to=0 maxever=47168 >2ms=1182 >5ms=1182 >15ms=1182 >20ms=1182 >30ms=1181 | probes=1183 wrfail=0 down=4s maxout=4s
  67.980  t=65s RTT mean=46913 min=46905 max=46931 n=20 to=0 | cancels=0(+0/s) seqbad=0 len_bad=0 disc=0(0x00) | tot_n=1202 tot_to=0 maxever=47168 >2ms=1202 >5ms=1202 >15ms=1202 >20ms=1202 >30ms=1201 | probes=1203 wrfail=0 down=4s maxout=4s
  67.980  PCTL target=0 tot=1200 to=0 p50=46 p90=46 p99=46 p99.9=47 max=47 g30=1200 g100=0 (ms/counts)
  67.980  LOADRAMP: target=140 KBps for 60s
  67.980  t=66s RTT mean=29169 min=25206 max=48020 n=31 to=0 | cancels=0(+0/s) seqbad=0 len_bad=0 disc=0(0x00) | tot_n=1233 tot_to=0 maxever=48020 >2ms=1233 >5ms=1233 >15ms=1233 >20ms=1233 >30ms=1206 | probes=1234 wrfail=0 down=4s maxout=4s
  69.969  t=67s RTT mean=29168 min=25208 max=48020 n=31 to=0 | cancels=0(+0/s) seqbad=0 len_bad=0 disc=0(0x00) | tot_n=1264 tot_to=0 maxever=48020 >2ms=1264 >5ms=1264 >15ms=1264 >20ms=1264 >30ms=1211 | probes=1265 wrfail=0 down=4s maxout=4s
  69.969  t=68s RTT mean=29168 min=23950 max=48016 n=31 to=0 | cancels=0(+0/s) seqbad=0 len_bad=0 disc=0(0x00) | tot_n=1295 tot_to=0 maxever=48020 >2ms=1295 >5ms=1295 >15ms=1295 >20ms=1295 >30ms=1216 | probes=1296 wrfail=0 down=4s maxout=4s
  71.965  t=69s RTT mean=29168 min=22812 max=48012 n=31 to=0 | cancels=0(+0/s) seqbad=0 len_bad=0 disc=0(0x00) | tot_n=1326 tot_to=0 maxever=48020 >2ms=1326 >5ms=1326 >15ms=1326 >20ms=1326 >30ms=1221 | probes=1327 wrfail=0 down=4s maxout=4s
  71.965  t=70s RTT mean=29975 min=25497 max=47955 n=31 to=0 | cancels=0(+0/s) seqbad=0 len_bad=0 disc=0(0x00) | tot_n=1357 tot_to=0 maxever=48020 >2ms=1357 >5ms=1357 >15ms=1357 >20ms=1357 >30ms=1227 | probes=1357 wrfail=0 down=4s maxout=4s
  73.997  t=71s RTT mean=29411 min=25494 max=48020 n=30 to=0 | cancels=0(+0/s) seqbad=0 len_bad=0 disc=0(0x00) | tot_n=1387 tot_to=0 maxever=48020 >2ms=1387 >5ms=1387 >15ms=1387 >20ms=1387 >30ms=1233 | probes=1388 wrfail=0 down=4s maxout=4s
  73.997  t=72s RTT mean=29975 min=25497 max=47956 n=31 to=0 | cancels=0(+0/s) seqbad=0 len_bad=0 disc=0(0x00) | tot_n=1418 tot_to=0 maxever=48020 >2ms=1418 >5ms=1418 >15ms=1418 >20ms=1418 >30ms=1239 | probes=1418 wrfail=0 down=4s maxout=4s
  75.989  t=73s RTT mean=29168 min=14573 max=48020 n=31 to=0 | cancels=0(+0/s) seqbad=0 len_bad=0 disc=0(0x00) | tot_n=1449 tot_to=0 maxever=48020 >2ms=1449 >5ms=1449 >15ms=1448 >20ms=1448 >30ms=1246 | probes=1449 wrfail=0 down=4s maxout=4s
  75.989  t=74s RTT mean=29168 min=25206 max=48020 n=31 to=0 | cancels=0(+0/s) seqbad=0 len_bad=0 disc=0(0x00) | tot_n=1480 tot_to=0 maxever=48020 >2ms=1480 >5ms=1480 >15ms=1479 >20ms=1479 >30ms=1251 | probes=1480 wrfail=0 down=4s maxout=4s
  77.952  t=75s RTT mean=29411 min=25491 max=48020 n=30 to=0 | cancels=0(+0/s) seqbad=0 len_bad=0 disc=0(0x00) | tot_n=1510 tot_to=0 maxever=48020 >2ms=1510 >5ms=1510 >15ms=1509 >20ms=1509 >30ms=1257 | probes=1511 wrfail=0 down=4s maxout=4s
  78.003  t=76s RTT mean=29975 min=25494 max=48023 n=31 to=0 | cancels=0(+0/s) seqbad=0 len_bad=0 disc=0(0x00) | tot_n=1541 tot_to=0 maxever=48023 >2ms=1541 >5ms=1541 >15ms=1540 >20ms=1540 >30ms=1264 | probes=1541 wrfail=0 down=4s maxout=4s
  79.961  t=77s RTT mean=29169 min=13376 max=48020 n=31 to=0 | cancels=0(+0/s) seqbad=0 len_bad=0 disc=0(0x00) | tot_n=1572 tot_to=0 maxever=48023 >2ms=1572 >5ms=1572 >15ms=1570 >20ms=1570 >30ms=1270 | probes=1572 wrfail=0 down=4s maxout=4s
  80.016  t=78s RTT mean=29166 min=25489 max=48020 n=31 to=0 | cancels=0(+0/s) seqbad=0 len_bad=0 disc=0(0x00) | tot_n=1603 tot_to=0 maxever=48023 >2ms=1603 >5ms=1603 >15ms=1601 >20ms=1601 >30ms=1275 | probes=1604 wrfail=0 down=4s maxout=4s
  81.960  t=79s RTT mean=29168 min=15769 max=48020 n=31 to=0 | cancels=0(+0/s) seqbad=0 len_bad=0 disc=0(0x00) | tot_n=1634 tot_to=0 maxever=48023 >2ms=1634 >5ms=1634 >15ms=1632 >20ms=1631 >30ms=1281 | probes=1635 wrfail=0 down=4s maxout=4s
  82.020  t=80s RTT mean=29168 min=18164 max=48020 n=31 to=0 | cancels=0(+0/s) seqbad=0 len_bad=0 disc=0(0x00) | tot_n=1665 tot_to=0 maxever=48023 >2ms=1665 >5ms=1665 >15ms=1663 >20ms=1661 >30ms=1287 | probes=1666 wrfail=0 down=4s maxout=4s
  83.991  t=81s RTT mean=29168 min=23950 max=48020 n=31 to=0 | cancels=0(+0/s) seqbad=0 len_bad=0 disc=0(0x00) | tot_n=1696 tot_to=0 maxever=48023 >2ms=1696 >5ms=1696 >15ms=1694 >20ms=1692 >30ms=1292 | probes=1697 wrfail=0 down=4s maxout=4s
  83.991  t=82s RTT mean=29168 min=25206 max=48019 n=31 to=0 | cancels=0(+0/s) seqbad=0 len_bad=0 disc=0(0x00) | tot_n=1727 tot_to=0 maxever=48023 >2ms=1727 >5ms=1727 >15ms=1725 >20ms=1723 >30ms=1297 | probes=1728 wrfail=0 down=4s maxout=4s
  85.948  t=83s RTT mean=29168 min=25497 max=48021 n=31 to=0 | cancels=0(+0/s) seqbad=0 len_bad=0 disc=0(0x00) | tot_n=1758 tot_to=0 maxever=48023 >2ms=1758 >5ms=1758 >15ms=1756 >20ms=1754 >30ms=1302 | probes=1759 wrfail=0 down=4s maxout=4s
  86.008  t=84s RTT mean=29168 min=25496 max=48020 n=31 to=0 | cancels=0(+0/s) seqbad=0 len_bad=0 disc=0(0x00) | tot_n=1789 tot_to=0 maxever=48023 >2ms=1789 >5ms=1789 >15ms=1787 >20ms=1785 >30ms=1307 | probes=1790 wrfail=0 down=4s maxout=4s
  87.976  t=85s RTT mean=29410 min=25492 max=48020 n=30 to=0 | cancels=0(+0/s) seqbad=0 len_bad=0 disc=0(0x00) | tot_n=1819 tot_to=0 maxever=48023 >2ms=1819 >5ms=1819 >15ms=1817 >20ms=1815 >30ms=1314 | probes=1820 wrfail=0 down=4s maxout=4s
  87.976  t=86s RTT mean=29169 min=24490 max=46915 n=31 to=0 | cancels=0(+0/s) seqbad=0 len_bad=0 disc=0(0x00) | tot_n=1850 tot_to=0 maxever=48023 >2ms=1850 >5ms=1850 >15ms=1848 >20ms=1846 >30ms=1319 | probes=1851 wrfail=0 down=4s maxout=4s
  89.989  t=87s RTT mean=29169 min=25421 max=46929 n=31 to=0 | cancels=0(+0/s) seqbad=0 len_bad=0 disc=0(0x00) | tot_n=1881 tot_to=0 maxever=48023 >2ms=1881 >5ms=1881 >15ms=1879 >20ms=1877 >30ms=1325 | probes=1882 wrfail=0 down=4s maxout=4s
  89.989  t=88s RTT mean=30242 min=25421 max=49559 n=30 to=0 | cancels=0(+0/s) seqbad=0 len_bad=0 disc=0(0x00) | tot_n=1911 tot_to=0 maxever=49559 >2ms=1911 >5ms=1911 >15ms=1909 >20ms=1907 >30ms=1333 | probes=1912 wrfail=0 down=4s maxout=4s
  91.995  t=89s RTT mean=29975 min=20883 max=50500 n=31 to=0 | cancels=0(+0/s) seqbad=0 len_bad=0 disc=0(0x00) | tot_n=1942 tot_to=0 maxever=50500 >2ms=1942 >5ms=1942 >15ms=1940 >20ms=1938 >30ms=1340 | probes=1943 wrfail=0 down=4s maxout=4s
  91.995  t=90s RTT mean=30243 min=25492 max=49171 n=30 to=0 | cancels=0(+0/s) seqbad=0 len_bad=0 disc=0(0x00) | tot_n=1972 tot_to=0 maxever=50500 >2ms=1972 >5ms=1972 >15ms=1970 >20ms=1968 >30ms=1347 | probes=1973 wrfail=0 down=4s maxout=4s
  93.961  t=91s RTT mean=29410 min=25496 max=48020 n=30 to=0 | cancels=0(+0/s) seqbad=0 len_bad=0 disc=0(0x00) | tot_n=2002 tot_to=0 maxever=50500 >2ms=2002 >5ms=2002 >15ms=2000 >20ms=1998 >30ms=1353 | probes=2003 wrfail=0 down=4s maxout=4s
  94.015  t=92s RTT mean=29974 min=25421 max=48106 n=31 to=0 | cancels=0(+0/s) seqbad=0 len_bad=0 disc=0(0x00) | tot_n=2033 tot_to=0 maxever=50500 >2ms=2033 >5ms=2033 >15ms=2031 >20ms=2029 >30ms=1359 | probes=2034 wrfail=0 down=4s maxout=4s
  95.976  t=93s RTT mean=29169 min=17042 max=71918 n=31 to=0 | cancels=0(+0/s) seqbad=0 len_bad=0 disc=0(0x00) | tot_n=2064 tot_to=0 maxever=71918 >2ms=2064 >5ms=2064 >15ms=2062 >20ms=2059 >30ms=1363 | probes=2065 wrfail=0 down=4s maxout=4s
  95.976  t=94s RTT mean=29168 min=25489 max=48020 n=31 to=0 | cancels=0(+0/s) seqbad=0 len_bad=0 disc=0(0x00) | tot_n=2095 tot_to=0 maxever=71918 >2ms=2095 >5ms=2095 >15ms=2093 >20ms=2090 >30ms=1368 | probes=2096 wrfail=0 down=4s maxout=4s
  97.999  t=95s RTT mean=29168 min=23955 max=48020 n=31 to=0 | cancels=0(+0/s) seqbad=0 len_bad=0 disc=0(0x00) | tot_n=2126 tot_to=0 maxever=71918 >2ms=2126 >5ms=2126 >15ms=2124 >20ms=2121 >30ms=1373 | probes=2127 wrfail=0 down=4s maxout=4s
  97.999  t=96s RTT mean=29168 min=23950 max=48019 n=31 to=0 | cancels=0(+0/s) seqbad=0 len_bad=0 disc=0(0x00) | tot_n=2157 tot_to=0 maxever=71918 >2ms=2157 >5ms=2157 >15ms=2155 >20ms=2152 >30ms=1378 | probes=2158 wrfail=0 down=4s maxout=4s
  99.967  t=97s RTT mean=29410 min=25206 max=48106 n=30 to=0 | cancels=0(+0/s) seqbad=0 len_bad=0 disc=0(0x00) | tot_n=2187 tot_to=0 maxever=71918 >2ms=2187 >5ms=2187 >15ms=2185 >20ms=2182 >30ms=1383 | probes=2188 wrfail=0 down=4s maxout=4s
 100.026  t=98s RTT mean=28941 min=23279 max=46914 n=32 to=0 | cancels=0(+0/s) seqbad=0 len_bad=0 disc=0(0x00) | tot_n=2219 tot_to=0 maxever=71918 >2ms=2219 >5ms=2219 >15ms=2217 >20ms=2214 >30ms=1388 | probes=2220 wrfail=0 down=4s maxout=4s
 102.004  t=99s RTT mean=29168 min=25492 max=48020 n=31 to=0 | cancels=0(+0/s) seqbad=0 len_bad=0 disc=0(0x00) | tot_n=2250 tot_to=0 maxever=71918 >2ms=2250 >5ms=2250 >15ms=2248 >20ms=2245 >30ms=1393 | probes=2251 wrfail=0 down=4s maxout=4s
 102.004  t=100s RTT mean=29168 min=22816 max=48020 n=31 to=0 | cancels=0(+0/s) seqbad=0 len_bad=0 disc=0(0x00) | tot_n=2281 tot_to=0 maxever=71918 >2ms=2281 >5ms=2281 >15ms=2279 >20ms=2276 >30ms=1398 | probes=2282 wrfail=0 down=4s maxout=4s
 103.959  t=101s RTT mean=29167 min=23950 max=48020 n=31 to=0 | cancels=0(+0/s) seqbad=0 len_bad=0 disc=0(0x00) | tot_n=2312 tot_to=0 maxever=71918 >2ms=2312 >5ms=2312 >15ms=2310 >20ms=2307 >30ms=1403 | probes=2313 wrfail=0 down=4s maxout=4s
 104.014  t=102s RTT mean=29168 min=25496 max=48020 n=31 to=0 | cancels=0(+0/s) seqbad=0 len_bad=0 disc=0(0x00) | tot_n=2343 tot_to=0 maxever=71918 >2ms=2343 >5ms=2343 >15ms=2341 >20ms=2338 >30ms=1408 | probes=2344 wrfail=0 down=4s maxout=4s
 105.999  t=103s RTT mean=29410 min=25492 max=48020 n=30 to=0 | cancels=0(+0/s) seqbad=0 len_bad=0 disc=0(0x00) | tot_n=2373 tot_to=0 maxever=71918 >2ms=2373 >5ms=2373 >15ms=2371 >20ms=2368 >30ms=1414 | probes=2374 wrfail=0 down=4s maxout=4s
 105.999  t=104s RTT mean=28941 min=23278 max=46914 n=32 to=0 | cancels=0(+0/s) seqbad=0 len_bad=0 disc=0(0x00) | tot_n=2405 tot_to=0 maxever=71918 >2ms=2405 >5ms=2405 >15ms=2403 >20ms=2400 >30ms=1419 | probes=2406 wrfail=0 down=4s maxout=4s
 107.982  t=105s RTT mean=29168 min=23950 max=48020 n=31 to=0 | cancels=0(+0/s) seqbad=0 len_bad=0 disc=0(0x00) | tot_n=2436 tot_to=0 maxever=71918 >2ms=2436 >5ms=2436 >15ms=2434 >20ms=2431 >30ms=1424 | probes=2437 wrfail=0 down=4s maxout=4s
 107.983  t=106s RTT mean=29169 min=22819 max=48020 n=31 to=0 | cancels=0(+0/s) seqbad=0 len_bad=0 disc=0(0x00) | tot_n=2467 tot_to=0 maxever=71918 >2ms=2467 >5ms=2467 >15ms=2465 >20ms=2462 >30ms=1429 | probes=2468 wrfail=0 down=4s maxout=4s
 110.008  t=107s RTT mean=29169 min=25206 max=48019 n=31 to=0 | cancels=0(+0/s) seqbad=0 len_bad=0 disc=0(0x00) | tot_n=2498 tot_to=0 maxever=71918 >2ms=2498 >5ms=2498 >15ms=2496 >20ms=2493 >30ms=1434 | probes=2499 wrfail=0 down=4s maxout=4s
 110.008  t=108s RTT mean=29168 min=25207 max=48020 n=31 to=0 | cancels=0(+0/s) seqbad=0 len_bad=0 disc=0(0x00) | tot_n=2529 tot_to=0 maxever=71918 >2ms=2529 >5ms=2529 >15ms=2527 >20ms=2524 >30ms=1439 | probes=2530 wrfail=0 down=4s maxout=4s
 111.985  t=109s RTT mean=29168 min=18164 max=48020 n=31 to=0 | cancels=0(+0/s) seqbad=0 len_bad=0 disc=0(0x00) | tot_n=2560 tot_to=0 maxever=71918 >2ms=2560 >5ms=2560 >15ms=2558 >20ms=2554 >30ms=1445 | probes=2561 wrfail=0 down=4s maxout=4s
 111.985  t=110s RTT mean=29168 min=22812 max=48020 n=31 to=0 | cancels=0(+0/s) seqbad=0 len_bad=0 disc=0(0x00) | tot_n=2591 tot_to=0 maxever=71918 >2ms=2591 >5ms=2591 >15ms=2589 >20ms=2585 >30ms=1450 | probes=2592 wrfail=0 down=4s maxout=4s
 113.990  t=111s RTT mean=29168 min=22812 max=48021 n=31 to=0 | cancels=0(+0/s) seqbad=0 len_bad=0 disc=0(0x00) | tot_n=2622 tot_to=0 maxever=71918 >2ms=2622 >5ms=2622 >15ms=2620 >20ms=2616 >30ms=1455 | probes=2623 wrfail=0 down=4s maxout=4s
 113.990  t=112s RTT mean=29168 min=25207 max=48019 n=31 to=0 | cancels=0(+0/s) seqbad=0 len_bad=0 disc=0(0x00) | tot_n=2653 tot_to=0 maxever=71918 >2ms=2653 >5ms=2653 >15ms=2651 >20ms=2647 >30ms=1460 | probes=2654 wrfail=0 down=4s maxout=4s
 115.966  t=113s RTT mean=29410 min=25493 max=48906 n=30 to=0 | cancels=0(+0/s) seqbad=0 len_bad=0 disc=0(0x00) | tot_n=2683 tot_to=0 maxever=71918 >2ms=2683 >5ms=2683 >15ms=2681 >20ms=2677 >30ms=1465 | probes=2684 wrfail=0 down=4s maxout=4s
 116.025  t=114s RTT mean=28942 min=23278 max=46915 n=32 to=0 | cancels=0(+0/s) seqbad=0 len_bad=0 disc=0(0x00) | tot_n=2715 tot_to=0 maxever=71918 >2ms=2715 >5ms=2715 >15ms=2713 >20ms=2709 >30ms=1470 | probes=2716 wrfail=0 down=4s maxout=4s
 117.987  t=115s RTT mean=29410 min=16966 max=48019 n=30 to=0 | cancels=0(+0/s) seqbad=0 len_bad=0 disc=0(0x00) | tot_n=2745 tot_to=0 maxever=71918 >2ms=2745 >5ms=2745 >15ms=2743 >20ms=2738 >30ms=1476 | probes=2746 wrfail=0 down=4s maxout=4s
 117.987  t=116s RTT mean=28942 min=16967 max=46915 n=32 to=0 | cancels=0(+0/s) seqbad=0 len_bad=0 disc=0(0x00) | tot_n=2777 tot_to=0 maxever=71918 >2ms=2777 >5ms=2777 >15ms=2775 >20ms=2769 >30ms=1482 | probes=2778 wrfail=0 down=4s maxout=4s
 119.991  t=117s RTT mean=29168 min=25497 max=48020 n=31 to=0 | cancels=0(+0/s) seqbad=0 len_bad=0 disc=0(0x00) | tot_n=2808 tot_to=0 maxever=71918 >2ms=2808 >5ms=2808 >15ms=2806 >20ms=2800 >30ms=1487 | probes=2809 wrfail=0 down=4s maxout=4s
 119.991  t=118s RTT mean=29409 min=25492 max=48019 n=30 to=0 | cancels=0(+0/s) seqbad=0 len_bad=0 disc=0(0x00) | tot_n=2838 tot_to=0 maxever=71918 >2ms=2838 >5ms=2838 >15ms=2836 >20ms=2830 >30ms=1493 | probes=2839 wrfail=0 down=4s maxout=4s
 121.975  t=119s RTT mean=29168 min=23277 max=46930 n=31 to=0 | cancels=0(+0/s) seqbad=0 len_bad=0 disc=0(0x00) | tot_n=2869 tot_to=0 maxever=71918 >2ms=2869 >5ms=2869 >15ms=2867 >20ms=2861 >30ms=1499 | probes=2870 wrfail=0 down=4s maxout=4s
 121.975  t=120s RTT mean=29168 min=23278 max=46914 n=31 to=0 | cancels=0(+0/s) seqbad=0 len_bad=0 disc=0(0x00) | tot_n=2900 tot_to=0 maxever=71918 >2ms=2900 >5ms=2900 >15ms=2898 >20ms=2892 >30ms=1505 | probes=2901 wrfail=0 down=4s maxout=4s
 123.991  t=121s RTT mean=28942 min=10980 max=46930 n=32 to=0 | cancels=0(+0/s) seqbad=0 len_bad=0 disc=0(0x00) | tot_n=2932 tot_to=0 maxever=71918 >2ms=2932 >5ms=2932 >15ms=2929 >20ms=2923 >30ms=1511 | probes=2933 wrfail=0 down=4s maxout=4s
 123.991  t=122s RTT mean=29168 min=25491 max=48020 n=31 to=0 | cancels=0(+0/s) seqbad=0 len_bad=0 disc=0(0x00) | tot_n=2963 tot_to=0 maxever=71918 >2ms=2963 >5ms=2963 >15ms=2960 >20ms=2954 >30ms=1516 | probes=2964 wrfail=0 down=4s maxout=4s
 125.967  t=123s RTT mean=29168 min=10980 max=48020 n=31 to=0 | cancels=0(+0/s) seqbad=0 len_bad=0 disc=0(0x00) | tot_n=2994 tot_to=0 maxever=71918 >2ms=2994 >5ms=2994 >15ms=2990 >20ms=2984 >30ms=1522 | probes=2995 wrfail=0 down=4s maxout=4s
 126.027  t=124s RTT mean=30242 min=25491 max=48107 n=30 to=0 | cancels=0(+0/s) seqbad=0 len_bad=0 disc=0(0x00) | tot_n=3024 tot_to=0 maxever=71918 >2ms=3024 >5ms=3024 >15ms=3020 >20ms=3014 >30ms=1530 | probes=3025 wrfail=0 down=4s maxout=4s
 127.973  t=125s RTT mean=29411 min=18163 max=48021 n=30 to=0 | cancels=0(+0/s) seqbad=0 len_bad=0 disc=0(0x00) | tot_n=3054 tot_to=0 maxever=71918 >2ms=3054 >5ms=3054 >15ms=3050 >20ms=3043 >30ms=1536 | probes=3055 wrfail=0 down=4s maxout=4s
 127.973  PCTL target=140 tot=1853 to=0 p50=25 p90=46 p99=48 p99.9=49 max=71 g30=336 g100=0 (ms/counts)
 127.973  LOADRAMP: target=150 KBps for 60s
 128.028  t=126s RTT mean=27970 min=15846 max=46915 n=33 to=0 | cancels=0(+0/s) seqbad=0 len_bad=0 disc=0(0x00) | tot_n=3087 tot_to=0 maxever=71918 >2ms=3087 >5ms=3087 >15ms=3083 >20ms=3075 >30ms=1540 | probes=3088 wrfail=0 down=4s maxout=4s
 129.998  t=127s RTT mean=30212 min=25422 max=50501 n=30 to=0 | cancels=0(+0/s) seqbad=0 len_bad=0 disc=0(0x00) | tot_n=3117 tot_to=0 maxever=71918 >2ms=3117 >5ms=3117 >15ms=3113 >20ms=3105 >30ms=1547 | probes=3118 wrfail=0 down=4s maxout=4s
 129.998  t=128s RTT mean=27243 min=17042 max=46913 n=33 to=0 | cancels=0(+0/s) seqbad=0 len_bad=0 disc=0(0x00) | tot_n=3150 tot_to=0 maxever=71918 >2ms=3150 >5ms=3150 >15ms=3146 >20ms=3137 >30ms=1550 | probes=3151 wrfail=0 down=4s maxout=4s
 131.994  t=129s RTT mean=28361 min=15846 max=51565 n=31 to=0 | cancels=0(+0/s) seqbad=0 len_bad=0 disc=0(0x00) | tot_n=3181 tot_to=0 maxever=71918 >2ms=3181 >5ms=3181 >15ms=3177 >20ms=3167 >30ms=1554 | probes=3182 wrfail=0 down=4s maxout=4s
 131.994  t=130s RTT mean=28160 min=14638 max=46915 n=32 to=0 | cancels=0(+0/s) seqbad=0 len_bad=0 disc=0(0x00) | tot_n=3213 tot_to=0 maxever=71918 >2ms=3213 >5ms=3213 >15ms=3208 >20ms=3198 >30ms=1559 | probes=3214 wrfail=0 down=4s maxout=4s
 133.997  t=131s RTT mean=28161 min=20886 max=46932 n=32 to=0 | cancels=0(+0/s) seqbad=0 len_bad=0 disc=0(0x00) | tot_n=3245 tot_to=0 maxever=71918 >2ms=3245 >5ms=3245 >15ms=3240 >20ms=3230 >30ms=1563 | probes=3246 wrfail=0 down=4s maxout=4s
 133.998  t=132s RTT mean=27971 min=13451 max=46914 n=33 to=0 | cancels=0(+0/s) seqbad=0 len_bad=0 disc=0(0x00) | tot_n=3278 tot_to=0 maxever=71918 >2ms=3278 >5ms=3278 >15ms=3272 >20ms=3262 >30ms=1567 | probes=3279 wrfail=0 down=4s maxout=4s
 135.976  t=133s RTT mean=28361 min=15846 max=51303 n=31 to=0 | cancels=0(+0/s) seqbad=0 len_bad=0 disc=0(0x00) | tot_n=3309 tot_to=0 maxever=71918 >2ms=3309 >5ms=3309 >15ms=3303 >20ms=3292 >30ms=1571 | probes=3310 wrfail=0 down=4s maxout=4s
 135.976  t=134s RTT mean=28160 min=19436 max=46915 n=32 to=0 | cancels=0(+0/s) seqbad=0 len_bad=0 disc=0(0x00) | tot_n=3341 tot_to=0 maxever=71918 >2ms=3341 >5ms=3341 >15ms=3335 >20ms=3323 >30ms=1576 | probes=3342 wrfail=0 down=4s maxout=4s
 137.986  t=135s RTT mean=28161 min=9861 max=46932 n=32 to=0 | cancels=0(+0/s) seqbad=0 len_bad=0 disc=0(0x00) | tot_n=3373 tot_to=0 maxever=71918 >2ms=3373 >5ms=3373 >15ms=3366 >20ms=3354 >30ms=1581 | probes=3374 wrfail=0 down=4s maxout=4s
 137.986  t=136s RTT mean=27971 min=18240 max=46915 n=33 to=0 | cancels=0(+0/s) seqbad=0 len_bad=0 disc=0(0x00) | tot_n=3406 tot_to=0 maxever=71918 >2ms=3406 >5ms=3406 >15ms=3399 >20ms=3386 >30ms=1585 | probes=3407 wrfail=0 down=4s maxout=4s
 139.968  t=137s RTT mean=28160 min=9860 max=48020 n=32 to=0 | cancels=0(+0/s) seqbad=0 len_bad=0 disc=0(0x00) | tot_n=3438 tot_to=0 maxever=71918 >2ms=3438 >5ms=3438 >15ms=3430 >20ms=3417 >30ms=1590 | probes=3439 wrfail=0 down=4s maxout=4s
 140.018  t=138s RTT mean=28160 min=18239 max=48020 n=32 to=0 | cancels=0(+0/s) seqbad=0 len_bad=0 disc=0(0x00) | tot_n=3470 tot_to=0 maxever=71918 >2ms=3470 >5ms=3470 >15ms=3462 >20ms=3448 >30ms=1594 | probes=3471 wrfail=0 down=4s maxout=4s
 141.991  t=139s RTT mean=28159 min=8661 max=48020 n=32 to=0 | cancels=0(+0/s) seqbad=0 len_bad=0 disc=0(0x00) | tot_n=3502 tot_to=0 maxever=71918 >2ms=3502 >5ms=3502 >15ms=3493 >20ms=3479 >30ms=1598 | probes=3503 wrfail=0 down=4s maxout=4s
 141.991  t=140s RTT mean=28161 min=15846 max=48020 n=32 to=0 | cancels=0(+0/s) seqbad=0 len_bad=0 disc=0(0x00) | tot_n=3534 tot_to=0 maxever=71918 >2ms=3534 >5ms=3534 >15ms=3525 >20ms=3510 >30ms=1602 | probes=3535 wrfail=0 down=4s maxout=4s
 143.958  t=141s RTT mean=28160 min=11058 max=48019 n=32 to=0 | cancels=0(+0/s) seqbad=0 len_bad=0 disc=0(0x00) | tot_n=3566 tot_to=0 maxever=71918 >2ms=3566 >5ms=3566 >15ms=3556 >20ms=3541 >30ms=1606 | probes=3567 wrfail=0 down=4s maxout=4s
 144.011  t=142s RTT mean=28160 min=17043 max=48020 n=32 to=0 | cancels=0(+0/s) seqbad=0 len_bad=0 disc=0(0x00) | tot_n=3598 tot_to=0 maxever=71918 >2ms=3598 >5ms=3598 >15ms=3588 >20ms=3572 >30ms=1610 | probes=3599 wrfail=0 down=4s maxout=4s
 146.001  t=143s RTT mean=28160 min=7470 max=48020 n=32 to=0 | cancels=0(+0/s) seqbad=0 len_bad=0 disc=0(0x00) | tot_n=3630 tot_to=0 maxever=71918 >2ms=3630 >5ms=3630 >15ms=3619 >20ms=3603 >30ms=1615 | probes=3631 wrfail=0 down=4s maxout=4s
 146.002  t=144s RTT mean=28160 min=17043 max=48020 n=32 to=0 | cancels=0(+0/s) seqbad=0 len_bad=0 disc=0(0x00) | tot_n=3662 tot_to=0 maxever=71918 >2ms=3662 >5ms=3662 >15ms=3651 >20ms=3634 >30ms=1619 | probes=3663 wrfail=0 down=4s maxout=4s
 147.975  t=145s RTT mean=28160 min=18240 max=48020 n=32 to=0 | cancels=0(+0/s) seqbad=0 len_bad=0 disc=0(0x00) | tot_n=3694 tot_to=0 maxever=71918 >2ms=3694 >5ms=3694 >15ms=3683 >20ms=3665 >30ms=1623 | probes=3695 wrfail=0 down=4s maxout=4s
 148.033  t=146s RTT mean=28160 min=15846 max=48021 n=32 to=0 | cancels=0(+0/s) seqbad=0 len_bad=0 disc=0(0x00) | tot_n=3726 tot_to=0 maxever=71918 >2ms=3726 >5ms=3726 >15ms=3715 >20ms=3696 >30ms=1627 | probes=3727 wrfail=0 down=4s maxout=4s
 149.989  t=147s RTT mean=28361 min=25421 max=48020 n=31 to=0 | cancels=0(+0/s) seqbad=0 len_bad=0 disc=0(0x00) | tot_n=3757 tot_to=0 maxever=71918 >2ms=3757 >5ms=3757 >15ms=3746 >20ms=3727 >30ms=1631 | probes=3758 wrfail=0 down=4s maxout=4s
 149.989  t=148s RTT mean=27971 min=17032 max=46914 n=33 to=0 | cancels=0(+0/s) seqbad=0 len_bad=0 disc=0(0x00) | tot_n=3790 tot_to=0 maxever=71918 >2ms=3790 >5ms=3790 >15ms=3779 >20ms=3759 >30ms=1635 | probes=3791 wrfail=0 down=4s maxout=4s
 152.012  t=149s RTT mean=28160 min=15846 max=48021 n=32 to=0 | cancels=0(+0/s) seqbad=0 len_bad=0 disc=0(0x00) | tot_n=3822 tot_to=0 maxever=71918 >2ms=3822 >5ms=3822 >15ms=3811 >20ms=3790 >30ms=1639 | probes=3823 wrfail=0 down=4s maxout=4s
 152.012  t=150s RTT mean=28361 min=25422 max=48019 n=31 to=0 | cancels=0(+0/s) seqbad=0 len_bad=0 disc=0(0x00) | tot_n=3853 tot_to=0 maxever=71918 >2ms=3853 >5ms=3853 >15ms=3842 >20ms=3821 >30ms=1643 | probes=3854 wrfail=0 down=4s maxout=4s
 153.975  t=151s RTT mean=27971 min=12255 max=46931 n=33 to=0 | cancels=0(+0/s) seqbad=0 len_bad=0 disc=0(0x00) | tot_n=3886 tot_to=0 maxever=71918 >2ms=3886 >5ms=3886 >15ms=3874 >20ms=3853 >30ms=1648 | probes=3887 wrfail=0 down=4s maxout=4s
 154.031  t=152s RTT mean=28159 min=12256 max=48021 n=32 to=0 | cancels=0(+0/s) seqbad=0 len_bad=0 disc=0(0x00) | tot_n=3918 tot_to=0 maxever=71918 >2ms=3918 >5ms=3918 >15ms=3905 >20ms=3884 >30ms=1653 | probes=3919 wrfail=0 down=4s maxout=4s
 156.000  t=153s RTT mean=28362 min=14649 max=48020 n=31 to=0 | cancels=0(+0/s) seqbad=0 len_bad=0 disc=0(0x00) | tot_n=3949 tot_to=0 maxever=71918 >2ms=3949 >5ms=3949 >15ms=3935 >20ms=3914 >30ms=1658 | probes=3950 wrfail=0 down=4s maxout=4s
 156.000  t=154s RTT mean=27971 min=11058 max=46915 n=33 to=0 | cancels=0(+0/s) seqbad=0 len_bad=0 disc=0(0x00) | tot_n=3982 tot_to=0 maxever=71918 >2ms=3982 >5ms=3982 >15ms=3967 >20ms=3946 >30ms=1663 | probes=3983 wrfail=0 down=4s maxout=4s
 157.964  t=155s RTT mean=28160 min=18240 max=48020 n=32 to=0 | cancels=0(+0/s) seqbad=0 len_bad=0 disc=0(0x00) | tot_n=4014 tot_to=0 maxever=71918 >2ms=4014 >5ms=4014 >15ms=3999 >20ms=3977 >30ms=1667 | probes=4015 wrfail=0 down=4s maxout=4s
 158.024  t=156s RTT mean=28160 min=18240 max=48020 n=32 to=0 | cancels=0(+0/s) seqbad=0 len_bad=0 disc=0(0x00) | tot_n=4046 tot_to=0 maxever=71918 >2ms=4046 >5ms=4046 >15ms=4031 >20ms=4008 >30ms=1671 | probes=4047 wrfail=0 down=4s maxout=4s
 159.999  t=157s RTT mean=28160 min=15846 max=48020 n=32 to=0 | cancels=0(+0/s) seqbad=0 len_bad=0 disc=0(0x00) | tot_n=4078 tot_to=0 maxever=71918 >2ms=4078 >5ms=4078 >15ms=4063 >20ms=4039 >30ms=1675 | probes=4079 wrfail=0 down=4s maxout=4s
 159.999  t=158s RTT mean=28160 min=18240 max=48020 n=32 to=0 | cancels=0(+0/s) seqbad=0 len_bad=0 disc=0(0x00) | tot_n=4110 tot_to=0 maxever=71918 >2ms=4110 >5ms=4110 >15ms=4095 >20ms=4070 >30ms=1679 | probes=4111 wrfail=0 down=4s maxout=4s
 162.004  t=159s RTT mean=28159 min=15846 max=48019 n=32 to=0 | cancels=0(+0/s) seqbad=0 len_bad=0 disc=0(0x00) | tot_n=4142 tot_to=0 maxever=71918 >2ms=4142 >5ms=4142 >15ms=4127 >20ms=4101 >30ms=1683 | probes=4143 wrfail=0 down=4s maxout=4s
 162.004  t=160s RTT mean=28160 min=17043 max=48021 n=32 to=0 | cancels=0(+0/s) seqbad=0 len_bad=0 disc=0(0x00) | tot_n=4174 tot_to=0 maxever=71918 >2ms=4174 >5ms=4174 >15ms=4159 >20ms=4132 >30ms=1687 | probes=4175 wrfail=0 down=4s maxout=4s
 163.977  t=161s RTT mean=28362 min=20876 max=48842 n=31 to=0 | cancels=0(+0/s) seqbad=0 len_bad=0 disc=0(0x00) | tot_n=4205 tot_to=0 maxever=71918 >2ms=4205 >5ms=4205 >15ms=4190 >20ms=4163 >30ms=1691 | probes=4206 wrfail=0 down=4s maxout=4s
 164.037  t=162s RTT mean=28160 min=23278 max=46914 n=32 to=0 | cancels=0(+0/s) seqbad=0 len_bad=0 disc=0(0x00) | tot_n=4237 tot_to=0 maxever=71918 >2ms=4237 >5ms=4237 >15ms=4222 >20ms=4195 >30ms=1695 | probes=4238 wrfail=0 down=4s maxout=4s
 166.000  t=163s RTT mean=27971 min=7474 max=46931 n=33 to=0 | cancels=0(+0/s) seqbad=0 len_bad=0 disc=0(0x00) | tot_n=4270 tot_to=0 maxever=71918 >2ms=4270 >5ms=4270 >15ms=4254 >20ms=4227 >30ms=1700 | probes=4271 wrfail=0 down=4s maxout=4s
 166.000  t=164s RTT mean=28363 min=22894 max=48107 n=31 to=0 | cancels=0(+0/s) seqbad=0 len_bad=0 disc=0(0x00) | tot_n=4301 tot_to=0 maxever=71918 >2ms=4301 >5ms=4301 >15ms=4285 >20ms=4258 >30ms=1704 | probes=4302 wrfail=0 down=4s maxout=4s
 168.016  t=165s RTT mean=27971 min=17043 max=46932 n=33 to=0 | cancels=0(+0/s) seqbad=0 len_bad=0 disc=0(0x00) | tot_n=4334 tot_to=0 maxever=71918 >2ms=4334 >5ms=4334 >15ms=4318 >20ms=4290 >30ms=1708 | probes=4335 wrfail=0 down=4s maxout=4s
 168.016  t=166s RTT mean=29168 min=20883 max=49558 n=31 to=0 | cancels=0(+0/s) seqbad=0 len_bad=0 disc=0(0x00) | tot_n=4365 tot_to=0 maxever=71918 >2ms=4365 >5ms=4365 >15ms=4349 >20ms=4321 >30ms=1713 | probes=4366 wrfail=0 down=4s maxout=4s
 170.007  t=167s RTT mean=28161 min=18240 max=48020 n=32 to=0 | cancels=0(+0/s) seqbad=0 len_bad=0 disc=0(0x00) | tot_n=4397 tot_to=0 maxever=71918 >2ms=4397 >5ms=4397 >15ms=4381 >20ms=4352 >30ms=1717 | probes=4398 wrfail=0 down=4s maxout=4s
 170.007  t=168s RTT mean=28362 min=17043 max=50501 n=31 to=0 | cancels=0(+0/s) seqbad=0 len_bad=0 disc=0(0x00) | tot_n=4428 tot_to=0 maxever=71918 >2ms=4428 >5ms=4428 >15ms=4412 >20ms=4382 >30ms=1721 | probes=4429 wrfail=0 down=4s maxout=4s
 172.003  t=169s RTT mean=28161 min=22894 max=46931 n=32 to=0 | cancels=0(+0/s) seqbad=0 len_bad=0 disc=0(0x00) | tot_n=4460 tot_to=0 maxever=71918 >2ms=4460 >5ms=4460 >15ms=4444 >20ms=4414 >30ms=1725 | probes=4461 wrfail=0 down=4s maxout=4s
 172.003  t=170s RTT mean=27970 min=19437 max=46914 n=33 to=0 | cancels=0(+0/s) seqbad=0 len_bad=0 disc=0(0x00) | tot_n=4493 tot_to=0 maxever=71918 >2ms=4493 >5ms=4493 >15ms=4477 >20ms=4446 >30ms=1729 | probes=4494 wrfail=0 down=4s maxout=4s
 173.989  t=171s RTT mean=28160 min=12255 max=48020 n=32 to=0 | cancels=0(+0/s) seqbad=0 len_bad=0 disc=0(0x00) | tot_n=4525 tot_to=0 maxever=71918 >2ms=4525 >5ms=4525 >15ms=4508 >20ms=4477 >30ms=1733 | probes=4526 wrfail=0 down=4s maxout=4s
 173.989  t=172s RTT mean=28160 min=18240 max=48020 n=32 to=0 | cancels=0(+0/s) seqbad=0 len_bad=0 disc=0(0x00) | tot_n=4557 tot_to=0 maxever=71918 >2ms=4557 >5ms=4557 >15ms=4540 >20ms=4508 >30ms=1737 | probes=4558 wrfail=0 down=4s maxout=4s
 175.976  t=173s RTT mean=28160 min=19437 max=48020 n=32 to=0 | cancels=0(+0/s) seqbad=0 len_bad=0 disc=0(0x00) | tot_n=4589 tot_to=0 maxever=71918 >2ms=4589 >5ms=4589 >15ms=4572 >20ms=4539 >30ms=1741 | probes=4590 wrfail=0 down=4s maxout=4s
 176.032  t=174s RTT mean=28160 min=15834 max=48021 n=32 to=0 | cancels=0(+0/s) seqbad=0 len_bad=0 disc=0(0x00) | tot_n=4621 tot_to=0 maxever=71918 >2ms=4621 >5ms=4621 >15ms=4604 >20ms=4570 >30ms=1745 | probes=4622 wrfail=0 down=4s maxout=4s
 178.007  t=175s RTT mean=28160 min=15849 max=48020 n=32 to=0 | cancels=0(+0/s) seqbad=0 len_bad=0 disc=0(0x00) | tot_n=4653 tot_to=0 maxever=71918 >2ms=4653 >5ms=4653 >15ms=4636 >20ms=4601 >30ms=1749 | probes=4654 wrfail=0 down=4s maxout=4s
 178.007  t=176s RTT mean=28160 min=18240 max=48020 n=32 to=0 | cancels=0(+0/s) seqbad=0 len_bad=0 disc=0(0x00) | tot_n=4685 tot_to=0 maxever=71918 >2ms=4685 >5ms=4685 >15ms=4668 >20ms=4632 >30ms=1753 | probes=4686 wrfail=0 down=4s maxout=4s
 179.980  t=177s RTT mean=28160 min=19440 max=48021 n=32 to=0 | cancels=0(+0/s) seqbad=0 len_bad=0 disc=0(0x00) | tot_n=4717 tot_to=0 maxever=71918 >2ms=4717 >5ms=4717 >15ms=4700 >20ms=4663 >30ms=1757 | probes=4718 wrfail=0 down=4s maxout=4s
 180.040  t=178s RTT mean=28160 min=17043 max=48019 n=32 to=0 | cancels=0(+0/s) seqbad=0 len_bad=0 disc=0(0x00) | tot_n=4749 tot_to=0 maxever=71918 >2ms=4749 >5ms=4749 >15ms=4732 >20ms=4694 >30ms=1761 | probes=4750 wrfail=0 down=4s maxout=4s
 181.981  t=179s RTT mean=28161 min=15846 max=48020 n=32 to=0 | cancels=0(+0/s) seqbad=0 len_bad=0 disc=0(0x00) | tot_n=4781 tot_to=0 maxever=71918 >2ms=4781 >5ms=4781 >15ms=4764 >20ms=4725 >30ms=1765 | probes=4782 wrfail=0 down=4s maxout=4s
 182.033  t=180s RTT mean=28159 min=12254 max=48020 n=32 to=0 | cancels=0(+0/s) seqbad=0 len_bad=0 disc=0(0x00) | tot_n=4813 tot_to=0 maxever=71918 >2ms=4813 >5ms=4813 >15ms=4795 >20ms=4756 >30ms=1769 | probes=4814 wrfail=0 down=4s maxout=4s
 183.973  t=181s RTT mean=28161 min=17043 max=48020 n=32 to=0 | cancels=0(+0/s) seqbad=0 len_bad=0 disc=0(0x00) | tot_n=4845 tot_to=0 maxever=71918 >2ms=4845 >5ms=4845 >15ms=4827 >20ms=4787 >30ms=1773 | probes=4846 wrfail=0 down=4s maxout=4s
 184.034  t=182s RTT mean=28361 min=25422 max=48020 n=31 to=0 | cancels=0(+0/s) seqbad=0 len_bad=0 disc=0(0x00) | tot_n=4876 tot_to=0 maxever=71918 >2ms=4876 >5ms=4876 >15ms=4858 >20ms=4818 >30ms=1778 | probes=4877 wrfail=0 down=4s maxout=4s
 186.013  t=183s RTT mean=27971 min=18240 max=46930 n=33 to=0 | cancels=0(+0/s) seqbad=0 len_bad=0 disc=0(0x00) | tot_n=4909 tot_to=0 maxever=71918 >2ms=4909 >5ms=4909 >15ms=4891 >20ms=4850 >30ms=1782 | probes=4910 wrfail=0 down=4s maxout=4s
 186.014  t=184s RTT mean=28361 min=17042 max=50500 n=31 to=0 | cancels=0(+0/s) seqbad=0 len_bad=0 disc=0(0x00) | tot_n=4940 tot_to=0 maxever=71918 >2ms=4940 >5ms=4940 >15ms=4922 >20ms=4880 >30ms=1786 | probes=4941 wrfail=0 down=4s maxout=4s
 187.981  t=185s RTT mean=27971 min=11058 max=46930 n=33 to=0 | cancels=0(+0/s) seqbad=0 len_bad=0 disc=0(0x00) | tot_n=4973 tot_to=0 maxever=71918 >2ms=4973 >5ms=4973 >15ms=4954 >20ms=4912 >30ms=1791 | probes=4974 wrfail=0 down=4s maxout=4s
 187.981  PCTL target=150 tot=1918 to=0 p50=25 p90=46 p99=48 p99.9=50 max=51 g30=254 g100=0 (ms/counts)
 187.981  LOADRAMP: target=160 KBps for 60s
 188.033  t=186s RTT mean=27213 min=9859 max=48020 n=33 to=0 | cancels=0(+0/s) seqbad=0 len_bad=0 disc=0(0x00) | tot_n=5006 tot_to=0 maxever=71918 >2ms=5006 >5ms=5006 >15ms=4986 >20ms=4944 >30ms=1794 | probes=5007 wrfail=0 down=4s maxout=4s
 190.017  t=187s RTT mean=27793 min=25420 max=48019 n=32 to=0 | cancels=0(+0/s) seqbad=0 len_bad=0 disc=0(0x00) | tot_n=5038 tot_to=0 maxever=71918 >2ms=5038 >5ms=5038 >15ms=5018 >20ms=4976 >30ms=1797 | probes=5039 wrfail=0 down=4s maxout=4s
 190.017  t=188s RTT mean=28608 min=23279 max=48106 n=32 to=0 | cancels=0(+0/s) seqbad=0 len_bad=0 disc=0(0x00) | tot_n=5070 tot_to=0 maxever=71918 >2ms=5070 >5ms=5070 >15ms=5050 >20ms=5008 >30ms=1803 | probes=5071 wrfail=0 down=4s maxout=4s
 191.975  t=189s RTT mean=26780 min=23278 max=46910 n=33 to=0 | cancels=0(+0/s) seqbad=0 len_bad=0 disc=0(0x00) | tot_n=5103 tot_to=0 maxever=71918 >2ms=5103 >5ms=5103 >15ms=5083 >20ms=5041 >30ms=1805 | probes=5104 wrfail=0 down=4s maxout=4s
 192.033  t=190s RTT mean=26667 min=5070 max=46913 n=34 to=0 | cancels=0(+0/s) seqbad=0 len_bad=0 disc=0(0x00) | tot_n=5137 tot_to=0 maxever=71918 >2ms=5137 >5ms=5137 >15ms=5116 >20ms=5074 >30ms=1809 | probes=5138 wrfail=0 down=4s maxout=4s
 194.016  t=191s RTT mean=27756 min=25421 max=48021 n=32 to=0 | cancels=0(+0/s) seqbad=0 len_bad=0 disc=0(0x00) | tot_n=5169 tot_to=0 maxever=71918 >2ms=5169 >5ms=5169 >15ms=5148 >20ms=5106 >30ms=1812 | probes=5170 wrfail=0 down=4s maxout=4s
 194.017  t=192s RTT mean=28043 min=23278 max=46912 n=33 to=0 | cancels=0(+0/s) seqbad=0 len_bad=0 disc=0(0x00) | tot_n=5202 tot_to=0 maxever=71918 >2ms=5202 >5ms=5202 >15ms=5181 >20ms=5139 >30ms=1817 | probes=5203 wrfail=0 down=4s maxout=4s
 196.000  t=193s RTT mean=26420 min=7464 max=46932 n=33 to=0 | cancels=0(+0/s) seqbad=0 len_bad=0 disc=0(0x00) | tot_n=5235 tot_to=0 maxever=71918 >2ms=5235 >5ms=5235 >15ms=5213 >20ms=5171 >30ms=1819 | probes=5236 wrfail=0 down=4s maxout=4s
 196.000  t=194s RTT mean=27753 min=23278 max=46913 n=33 to=0 | cancels=0(+0/s) seqbad=0 len_bad=0 disc=0(0x00) | tot_n=5268 tot_to=0 maxever=71918 >2ms=5268 >5ms=5268 >15ms=5246 >20ms=5204 >30ms=1823 | probes=5269 wrfail=0 down=4s maxout=4s
 198.013  t=195s RTT mean=27529 min=25420 max=48020 n=32 to=0 | cancels=0(+0/s) seqbad=0 len_bad=0 disc=0(0x00) | tot_n=5300 tot_to=0 maxever=71918 >2ms=5300 >5ms=5300 >15ms=5278 >20ms=5236 >30ms=1826 | probes=5301 wrfail=0 down=4s maxout=4s
 198.013  t=196s RTT mean=27285 min=23278 max=46913 n=33 to=0 | cancels=0(+0/s) seqbad=0 len_bad=0 disc=0(0x00) | tot_n=5333 tot_to=0 maxever=71918 >2ms=5333 >5ms=5333 >15ms=5311 >20ms=5269 >30ms=1829 | probes=5334 wrfail=0 down=4s maxout=4s
 199.984  t=197s RTT mean=28312 min=23278 max=46930 n=32 to=0 | cancels=0(+0/s) seqbad=0 len_bad=0 disc=0(0x00) | tot_n=5365 tot_to=0 maxever=71918 >2ms=5365 >5ms=5365 >15ms=5343 >20ms=5301 >30ms=1834 | probes=5366 wrfail=0 down=4s maxout=4s
 200.044  t=198s RTT mean=27173 min=23278 max=50276 n=33 to=0 | cancels=0(+0/s) seqbad=0 len_bad=0 disc=0(0x00) | tot_n=5398 tot_to=0 maxever=71918 >2ms=5398 >5ms=5398 >15ms=5376 >20ms=5334 >30ms=1836 | probes=5399 wrfail=0 down=4s maxout=4s
 202.010  t=199s RTT mean=27717 min=23278 max=46930 n=33 to=0 | cancels=0(+0/s) seqbad=0 len_bad=0 disc=0(0x00) | tot_n=5431 tot_to=0 maxever=71918 >2ms=5431 >5ms=5431 >15ms=5409 >20ms=5367 >30ms=1841 | probes=5432 wrfail=0 down=4s maxout=4s
 202.010  t=200s RTT mean=26528 min=13466 max=46914 n=33 to=0 | cancels=0(+0/s) seqbad=0 len_bad=0 disc=0(0x00) | tot_n=5464 tot_to=0 maxever=71918 >2ms=5464 >5ms=5464 >15ms=5441 >20ms=5399 >30ms=1843 | probes=5465 wrfail=0 down=4s maxout=4s
 203.981  t=201s RTT mean=27971 min=23278 max=48108 n=33 to=0 | cancels=0(+0/s) seqbad=0 len_bad=0 disc=0(0x00) | tot_n=5497 tot_to=0 maxever=71918 >2ms=5497 >5ms=5497 >15ms=5474 >20ms=5432 >30ms=1847 | probes=5498 wrfail=0 down=4s maxout=4s
 204.042  t=202s RTT mean=28047 min=25418 max=48020 n=32 to=0 | cancels=0(+0/s) seqbad=0 len_bad=0 disc=0(0x00) | tot_n=5529 tot_to=0 maxever=71918 >2ms=5529 >5ms=5529 >15ms=5506 >20ms=5464 >30ms=1851 | probes=5530 wrfail=0 down=4s maxout=4s
 205.994  t=203s RTT mean=28347 min=25418 max=50506 n=32 to=0 | cancels=0(+0/s) seqbad=0 len_bad=0 disc=0(0x00) | tot_n=5561 tot_to=0 maxever=71918 >2ms=5561 >5ms=5561 >15ms=5538 >20ms=5496 >30ms=1855 | probes=5562 wrfail=0 down=4s maxout=4s
 205.994  t=204s RTT mean=27898 min=25494 max=48019 n=32 to=0 | cancels=0(+0/s) seqbad=0 len_bad=0 disc=0(0x00) | tot_n=5593 tot_to=0 maxever=71918 >2ms=5593 >5ms=5593 >15ms=5570 >20ms=5528 >30ms=1859 | probes=5594 wrfail=0 down=4s maxout=4s
 208.014  t=205s RTT mean=27066 min=7468 max=48021 n=33 to=0 | cancels=0(+0/s) seqbad=0 len_bad=0 disc=0(0x00) | tot_n=5626 tot_to=0 maxever=71918 >2ms=5626 >5ms=5626 >15ms=5602 >20ms=5560 >30ms=1862 | probes=5627 wrfail=0 down=4s maxout=4s
 208.014  t=206s RTT mean=27792 min=25421 max=48020 n=32 to=0 | cancels=0(+0/s) seqbad=0 len_bad=0 disc=0(0x00) | tot_n=5658 tot_to=0 maxever=71918 >2ms=5658 >5ms=5658 >15ms=5634 >20ms=5592 >30ms=1865 | probes=5659 wrfail=0 down=4s maxout=4s
 210.015  t=207s RTT mean=27177 min=23278 max=46930 n=33 to=0 | cancels=0(+0/s) seqbad=0 len_bad=0 disc=0(0x00) | tot_n=5691 tot_to=0 maxever=71918 >2ms=5691 >5ms=5691 >15ms=5667 >20ms=5625 >30ms=1868 | probes=5692 wrfail=0 down=4s maxout=4s
 210.015  t=208s RTT mean=27285 min=23279 max=46913 n=33 to=0 | cancels=0(+0/s) seqbad=0 len_bad=0 disc=0(0x00) | tot_n=5724 tot_to=0 maxever=71918 >2ms=5724 >5ms=5724 >15ms=5700 >20ms=5658 >30ms=1871 | probes=5725 wrfail=0 down=4s maxout=4s
 211.977  t=209s RTT mean=27825 min=23279 max=46931 n=33 to=0 | cancels=0(+0/s) seqbad=0 len_bad=0 disc=0(0x00) | tot_n=5757 tot_to=0 maxever=71918 >2ms=5757 >5ms=5757 >15ms=5733 >20ms=5691 >30ms=1876 | probes=5758 wrfail=0 down=4s maxout=4s
 212.032  t=210s RTT mean=26038 min=8664 max=46913 n=34 to=0 | cancels=0(+0/s) seqbad=0 len_bad=0 disc=0(0x00) | tot_n=5791 tot_to=0 maxever=71918 >2ms=5791 >5ms=5791 >15ms=5765 >20ms=5723 >30ms=1878 | probes=5792 wrfail=0 down=4s maxout=4s
 214.009  t=211s RTT mean=27793 min=25423 max=48020 n=32 to=0 | cancels=0(+0/s) seqbad=0 len_bad=0 disc=0(0x00) | tot_n=5823 tot_to=0 maxever=71918 >2ms=5823 >5ms=5823 >15ms=5797 >20ms=5755 >30ms=1881 | probes=5824 wrfail=0 down=4s maxout=4s
 214.009  t=212s RTT mean=27176 min=23279 max=46912 n=33 to=0 | cancels=0(+0/s) seqbad=0 len_bad=0 disc=0(0x00) | tot_n=5856 tot_to=0 maxever=71918 >2ms=5856 >5ms=5856 >15ms=5830 >20ms=5788 >30ms=1884 | probes=5857 wrfail=0 down=4s maxout=4s
 216.001  t=213s RTT mean=27637 min=23278 max=46931 n=33 to=0 | cancels=0(+0/s) seqbad=0 len_bad=0 disc=0(0x00) | tot_n=5889 tot_to=0 maxever=71918 >2ms=5889 >5ms=5889 >15ms=5863 >20ms=5821 >30ms=1888 | probes=5890 wrfail=0 down=4s maxout=4s
 216.001  t=214s RTT mean=28354 min=25418 max=48020 n=32 to=0 | cancels=0(+0/s) seqbad=0 len_bad=0 disc=0(0x00) | tot_n=5921 tot_to=0 maxever=71918 >2ms=5921 >5ms=5921 >15ms=5895 >20ms=5853 >30ms=1892 | probes=5922 wrfail=0 down=4s maxout=4s
 218.016  t=215s RTT mean=26673 min=14646 max=46932 n=33 to=0 | cancels=0(+0/s) seqbad=0 len_bad=0 disc=0(0x00) | tot_n=5954 tot_to=0 maxever=71918 >2ms=5954 >5ms=5954 >15ms=5927 >20ms=5885 >30ms=1894 | probes=5955 wrfail=0 down=4s maxout=4s
 218.016  t=216s RTT mean=26632 min=8664 max=46913 n=34 to=0 | cancels=0(+0/s) seqbad=0 len_bad=0 disc=0(0x00) | tot_n=5988 tot_to=0 maxever=71918 >2ms=5988 >5ms=5988 >15ms=5960 >20ms=5918 >30ms=1897 | probes=5989 wrfail=0 down=4s maxout=4s
 220.019  t=217s RTT mean=28462 min=25419 max=48020 n=32 to=0 | cancels=0(+0/s) seqbad=0 len_bad=0 disc=0(0x00) | tot_n=6020 tot_to=0 maxever=71918 >2ms=6020 >5ms=6020 >15ms=5992 >20ms=5950 >30ms=1901 | probes=6021 wrfail=0 down=4s maxout=4s
 220.019  t=218s RTT mean=28711 min=25495 max=48019 n=31 to=0 | cancels=0(+0/s) seqbad=0 len_bad=0 disc=0(0x00) | tot_n=6051 tot_to=0 maxever=71918 >2ms=6051 >5ms=6051 >15ms=6023 >20ms=5981 >30ms=1907 | probes=6052 wrfail=0 down=4s maxout=4s
 221.986  t=219s RTT mean=26921 min=22850 max=48020 n=33 to=0 | cancels=0(+0/s) seqbad=0 len_bad=0 disc=0(0x00) | tot_n=6084 tot_to=0 maxever=71918 >2ms=6084 >5ms=6084 >15ms=6056 >20ms=6014 >30ms=1909 | probes=6085 wrfail=0 down=4s maxout=4s
 222.038  t=220s RTT mean=27177 min=23278 max=46913 n=33 to=0 | cancels=0(+0/s) seqbad=0 len_bad=0 disc=0(0x00) | tot_n=6117 tot_to=0 maxever=71918 >2ms=6117 >5ms=6117 >15ms=6089 >20ms=6047 >30ms=1912 | probes=6118 wrfail=0 down=4s maxout=4s
 224.009  t=221s RTT mean=26773 min=7467 max=46929 n=34 to=0 | cancels=0(+0/s) seqbad=0 len_bad=0 disc=0(0x00) | tot_n=6151 tot_to=0 maxever=71918 >2ms=6151 >5ms=6151 >15ms=6122 >20ms=6080 >30ms=1915 | probes=6152 wrfail=0 down=4s maxout=4s
 224.009  t=222s RTT mean=28461 min=25419 max=48020 n=32 to=0 | cancels=0(+0/s) seqbad=0 len_bad=0 disc=0(0x00) | tot_n=6183 tot_to=0 maxever=71918 >2ms=6183 >5ms=6183 >15ms=6154 >20ms=6112 >30ms=1919 | probes=6184 wrfail=0 down=4s maxout=4s
 226.007  t=223s RTT mean=26891 min=12255 max=46929 n=33 to=0 | cancels=0(+0/s) seqbad=0 len_bad=0 disc=0(0x00) | tot_n=6216 tot_to=0 maxever=71918 >2ms=6216 >5ms=6216 >15ms=6186 >20ms=6144 >30ms=1923 | probes=6217 wrfail=0 down=4s maxout=4s
 226.007  t=224s RTT mean=27242 min=7467 max=48020 n=33 to=0 | cancels=0(+0/s) seqbad=0 len_bad=0 disc=0(0x00) | tot_n=6249 tot_to=0 maxever=71918 >2ms=6249 >5ms=6249 >15ms=6218 >20ms=6176 >30ms=1926 | probes=6250 wrfail=0 down=4s maxout=4s
 227.987  t=225s RTT mean=27214 min=5073 max=48020 n=33 to=0 | cancels=0(+0/s) seqbad=0 len_bad=0 disc=0(0x00) | tot_n=6282 tot_to=0 maxever=71918 >2ms=6282 >5ms=6282 >15ms=6250 >20ms=6208 >30ms=1930 | probes=6283 wrfail=0 down=4s maxout=4s
 228.040  t=226s RTT mean=27970 min=25422 max=48021 n=33 to=0 | cancels=0(+0/s) seqbad=0 len_bad=0 disc=0(0x00) | tot_n=6315 tot_to=0 maxever=71918 >2ms=6315 >5ms=6315 >15ms=6283 >20ms=6241 >30ms=1934 | probes=6315 wrfail=0 down=4s maxout=4s
 230.009  t=227s RTT mean=27643 min=23279 max=46947 n=32 to=0 | cancels=0(+0/s) seqbad=0 len_bad=0 disc=0(0x00) | tot_n=6347 tot_to=0 maxever=71918 >2ms=6347 >5ms=6347 >15ms=6315 >20ms=6273 >30ms=1937 | probes=6348 wrfail=0 down=4s maxout=4s
 230.009  t=228s RTT mean=28572 min=25419 max=48020 n=32 to=0 | cancels=0(+0/s) seqbad=0 len_bad=0 disc=0(0x00) | tot_n=6379 tot_to=0 maxever=71918 >2ms=6379 >5ms=6379 >15ms=6347 >20ms=6305 >30ms=1942 | probes=6380 wrfail=0 down=4s maxout=4s
 232.001  t=229s RTT mean=27315 min=6273 max=50287 n=33 to=0 | cancels=0(+0/s) seqbad=0 len_bad=0 disc=0(0x00) | tot_n=6412 tot_to=0 maxever=71918 >2ms=6412 >5ms=6412 >15ms=6379 >20ms=6337 >30ms=1946 | probes=6412 wrfail=0 down=4s maxout=4s
 232.001  t=230s RTT mean=27213 min=23278 max=46935 n=33 to=0 | cancels=0(+0/s) seqbad=0 len_bad=0 disc=0(0x00) | tot_n=6445 tot_to=0 maxever=71918 >2ms=6445 >5ms=6445 >15ms=6412 >20ms=6370 >30ms=1949 | probes=6445 wrfail=0 down=4s maxout=4s
 233.989  t=231s RTT mean=27214 min=23278 max=46933 n=33 to=0 | cancels=0(+0/s) seqbad=0 len_bad=0 disc=0(0x00) | tot_n=6478 tot_to=0 maxever=71918 >2ms=6478 >5ms=6478 >15ms=6445 >20ms=6403 >30ms=1952 | probes=6478 wrfail=0 down=4s maxout=4s
 234.044  t=232s RTT mean=27213 min=23278 max=46921 n=33 to=0 | cancels=0(+0/s) seqbad=0 len_bad=0 disc=0(0x00) | tot_n=6511 tot_to=0 maxever=71918 >2ms=6511 >5ms=6511 >15ms=6478 >20ms=6436 >30ms=1955 | probes=6511 wrfail=0 down=4s maxout=4s
 235.982  t=233s RTT mean=27532 min=23279 max=46954 n=32 to=0 | cancels=0(+0/s) seqbad=0 len_bad=0 disc=0(0x00) | tot_n=6543 tot_to=0 maxever=71918 >2ms=6543 >5ms=6543 >15ms=6510 >20ms=6468 >30ms=1958 | probes=6544 wrfail=0 down=4s maxout=4s
 236.036  t=234s RTT mean=27823 min=6272 max=48020 n=33 to=0 | cancels=0(+0/s) seqbad=0 len_bad=0 disc=0(0x00) | tot_n=6576 tot_to=0 maxever=71918 >2ms=6576 >5ms=6576 >15ms=6542 >20ms=6500 >30ms=1964 | probes=6576 wrfail=0 down=4s maxout=4s
 237.984  t=235s RTT mean=28599 min=23278 max=46945 n=31 to=0 | cancels=0(+0/s) seqbad=0 len_bad=0 disc=0(0x00) | tot_n=6607 tot_to=0 maxever=71918 >2ms=6607 >5ms=6607 >15ms=6573 >20ms=6531 >30ms=1969 | probes=6608 wrfail=0 down=4s maxout=4s
 238.034  t=236s RTT mean=26841 min=11058 max=48020 n=34 to=0 | cancels=0(+0/s) seqbad=0 len_bad=0 disc=0(0x00) | tot_n=6641 tot_to=0 maxever=71918 >2ms=6641 >5ms=6641 >15ms=6605 >20ms=6563 >30ms=1972 | probes=6641 wrfail=0 down=4s maxout=4s
 239.980  t=237s RTT mean=28297 min=23278 max=46961 n=31 to=0 | cancels=0(+0/s) seqbad=0 len_bad=0 disc=0(0x00) | tot_n=6672 tot_to=0 maxever=71918 >2ms=6672 >5ms=6672 >15ms=6636 >20ms=6594 >30ms=1977 | probes=6673 wrfail=0 down=4s maxout=4s
 240.036  t=238s RTT mean=27531 min=23278 max=46912 n=33 to=0 | cancels=0(+0/s) seqbad=0 len_bad=0 disc=0(0x00) | tot_n=6705 tot_to=0 maxever=71918 >2ms=6705 >5ms=6705 >15ms=6669 >20ms=6627 >30ms=1980 | probes=6706 wrfail=0 down=4s maxout=4s
 241.992  t=239s RTT mean=27715 min=2680 max=48019 n=33 to=0 | cancels=0(+0/s) seqbad=0 len_bad=0 disc=0(0x00) | tot_n=6738 tot_to=0 maxever=71918 >2ms=6738 >5ms=6737 >15ms=6701 >20ms=6659 >30ms=1985 | probes=6738 wrfail=0 down=4s maxout=4s
 241.993  t=240s RTT mean=28677 min=23278 max=46927 n=31 to=0 | cancels=0(+0/s) seqbad=0 len_bad=0 disc=0(0x00) | tot_n=6769 tot_to=0 maxever=71918 >2ms=6769 >5ms=6768 >15ms=6732 >20ms=6690 >30ms=1990 | probes=6770 wrfail=0 down=4s maxout=4s
 244.022  t=241s RTT mean=26771 min=23278 max=46911 n=34 to=0 | cancels=0(+0/s) seqbad=0 len_bad=0 disc=0(0x00) | tot_n=6803 tot_to=0 maxever=71918 >2ms=6803 >5ms=6802 >15ms=6766 >20ms=6724 >30ms=1993 | probes=6803 wrfail=0 down=4s maxout=4s
 244.023  t=242s RTT mean=28017 min=23278 max=48106 n=32 to=0 | cancels=0(+0/s) seqbad=0 len_bad=0 disc=0(0x00) | tot_n=6835 tot_to=0 maxever=71918 >2ms=6835 >5ms=6834 >15ms=6798 >20ms=6756 >30ms=1997 | probes=6836 wrfail=0 down=4s maxout=4s
 245.981  t=243s RTT mean=28669 min=25498 max=48020 n=31 to=0 | cancels=0(+0/s) seqbad=0 len_bad=0 disc=0(0x00) | tot_n=6866 tot_to=0 maxever=71918 >2ms=6866 >5ms=6865 >15ms=6829 >20ms=6787 >30ms=2002 | probes=6867 wrfail=0 down=4s maxout=4s
 246.042  t=244s RTT mean=29400 min=23278 max=50491 n=31 to=0 | cancels=0(+0/s) seqbad=0 len_bad=0 disc=0(0x00) | tot_n=6897 tot_to=0 maxever=71918 >2ms=6897 >5ms=6896 >15ms=6860 >20ms=6818 >30ms=2008 | probes=6898 wrfail=0 down=4s maxout=4s
 248.026  t=245s RTT mean=26701 min=11061 max=49302 n=34 to=0 | cancels=0(+0/s) seqbad=0 len_bad=0 disc=0(0x00) | tot_n=6931 tot_to=0 maxever=71918 >2ms=6931 >5ms=6930 >15ms=6893 >20ms=6851 >30ms=2010 | probes=6931 wrfail=0 down=4s maxout=4s
 248.026  PCTL target=160 tot=1958 to=0 p50=25 p90=33 p99=48 p99.9=50 max=50 g30=219 g100=0 (ms/counts)
 248.026  LOADRAMP: target=170 KBps for 60s
 248.026  t=246s RTT mean=27570 min=23279 max=46911 n=32 to=0 | cancels=0(+0/s) seqbad=0 len_bad=0 disc=0(0x00) | tot_n=6963 tot_to=0 maxever=71918 >2ms=6963 >5ms=6962 >15ms=6925 >20ms=6883 >30ms=2013 | probes=6964 wrfail=0 down=4s maxout=4s
 249.974  t=247s RTT mean=27287 min=23278 max=45459 n=33 to=0 | cancels=0(+0/s) seqbad=0 len_bad=0 disc=0(0x00) | tot_n=6996 tot_to=0 maxever=71918 >2ms=6996 >5ms=6995 >15ms=6958 >20ms=6916 >30ms=2016 | probes=6997 wrfail=0 down=4s maxout=4s
 250.035  t=248s RTT mean=26533 min=23278 max=46910 n=34 to=0 | cancels=0(+0/s) seqbad=0 len_bad=0 disc=0(0x00) | tot_n=7030 tot_to=0 maxever=71918 >2ms=7030 >5ms=7029 >15ms=6992 >20ms=6950 >30ms=2018 | probes=7031 wrfail=0 down=4s maxout=4s
 252.008  t=249s RTT mean=27899 min=25496 max=48021 n=32 to=0 | cancels=0(+0/s) seqbad=0 len_bad=0 disc=0(0x00) | tot_n=7062 tot_to=0 maxever=71918 >2ms=7062 >5ms=7061 >15ms=7024 >20ms=6982 >30ms=2022 | probes=7063 wrfail=0 down=4s maxout=4s
 252.008  t=250s RTT mean=27104 min=23279 max=46911 n=33 to=0 | cancels=0(+0/s) seqbad=0 len_bad=0 disc=0(0x00) | tot_n=7095 tot_to=0 maxever=71918 >2ms=7095 >5ms=7094 >15ms=7057 >20ms=7015 >30ms=2025 | probes=7096 wrfail=0 down=4s maxout=4s
 253.981  t=251s RTT mean=26674 min=23278 max=46910 n=34 to=0 | cancels=0(+0/s) seqbad=0 len_bad=0 disc=0(0x00) | tot_n=7129 tot_to=0 maxever=71918 >2ms=7129 >5ms=7128 >15ms=7091 >20ms=7049 >30ms=2027 | probes=7130 wrfail=0 down=4s maxout=4s
 254.041  t=252s RTT mean=27104 min=23027 max=48106 n=33 to=0 | cancels=0(+0/s) seqbad=0 len_bad=0 disc=0(0x00) | tot_n=7162 tot_to=0 maxever=71918 >2ms=7162 >5ms=7161 >15ms=7124 >20ms=7082 >30ms=2029 | probes=7163 wrfail=0 down=4s maxout=4s
 256.026  t=253s RTT mean=26674 min=23278 max=46915 n=34 to=0 | cancels=0(+0/s) seqbad=0 len_bad=0 disc=0(0x00) | tot_n=7196 tot_to=0 maxever=71918 >2ms=7196 >5ms=7195 >15ms=7158 >20ms=7116 >30ms=2032 | probes=7197 wrfail=0 down=4s maxout=4s
 256.026  t=254s RTT mean=27178 min=25495 max=48020 n=33 to=0 | cancels=0(+0/s) seqbad=0 len_bad=0 disc=0(0x00) | tot_n=7229 tot_to=0 maxever=71918 >2ms=7229 >5ms=7228 >15ms=7191 >20ms=7149 >30ms=2035 | probes=7230 wrfail=0 down=4s maxout=4s
 257.989  t=255s RTT mean=27103 min=23278 max=48968 n=33 to=0 | cancels=0(+0/s) seqbad=0 len_bad=0 disc=0(0x00) | tot_n=7262 tot_to=0 maxever=71918 >2ms=7262 >5ms=7261 >15ms=7224 >20ms=7182 >30ms=2037 | probes=7263 wrfail=0 down=4s maxout=4s
 258.050  t=256s RTT mean=27031 min=25494 max=48989 n=33 to=0 | cancels=0(+0/s) seqbad=0 len_bad=0 disc=0(0x00) | tot_n=7295 tot_to=0 maxever=71918 >2ms=7295 >5ms=7294 >15ms=7257 >20ms=7215 >30ms=2039 | probes=7296 wrfail=0 down=4s maxout=4s
 260.019  t=257s RTT mean=27359 min=25491 max=48020 n=33 to=0 | cancels=0(+0/s) seqbad=0 len_bad=0 disc=0(0x00) | tot_n=7328 tot_to=0 maxever=71918 >2ms=7328 >5ms=7327 >15ms=7290 >20ms=7248 >30ms=2042 | probes=7329 wrfail=0 down=4s maxout=4s
 260.019  t=258s RTT mean=27322 min=25494 max=48020 n=33 to=0 | cancels=0(+0/s) seqbad=0 len_bad=0 disc=0(0x00) | tot_n=7361 tot_to=0 maxever=71918 >2ms=7361 >5ms=7360 >15ms=7323 >20ms=7281 >30ms=2044 | probes=7362 wrfail=0 down=4s maxout=4s
 262.022  t=259s RTT mean=26959 min=25196 max=48019 n=33 to=0 | cancels=0(+0/s) seqbad=0 len_bad=0 disc=0(0x00) | tot_n=7394 tot_to=0 maxever=71918 >2ms=7394 >5ms=7393 >15ms=7356 >20ms=7314 >30ms=2046 | probes=7395 wrfail=0 down=4s maxout=4s
 262.022  t=260s RTT mean=27539 min=25493 max=48020 n=33 to=0 | cancels=0(+0/s) seqbad=0 len_bad=0 disc=0(0x00) | tot_n=7427 tot_to=0 maxever=71918 >2ms=7427 >5ms=7426 >15ms=7389 >20ms=7347 >30ms=2049 | probes=7428 wrfail=0 down=4s maxout=4s
 263.981  t=261s RTT mean=27068 min=23278 max=47816 n=33 to=0 | cancels=0(+0/s) seqbad=0 len_bad=0 disc=0(0x00) | tot_n=7460 tot_to=0 maxever=71918 >2ms=7460 >5ms=7459 >15ms=7422 >20ms=7380 >30ms=2051 | probes=7461 wrfail=0 down=4s maxout=4s
 264.034  t=262s RTT mean=27860 min=25491 max=48989 n=32 to=0 | cancels=0(+0/s) seqbad=0 len_bad=0 disc=0(0x00) | tot_n=7492 tot_to=0 maxever=71918 >2ms=7492 >5ms=7491 >15ms=7454 >20ms=7412 >30ms=2054 | probes=7493 wrfail=0 down=4s maxout=4s
 266.019  t=263s RTT mean=26711 min=23277 max=46916 n=34 to=0 | cancels=0(+0/s) seqbad=0 len_bad=0 disc=0(0x00) | tot_n=7526 tot_to=0 maxever=71918 >2ms=7526 >5ms=7525 >15ms=7488 >20ms=7446 >30ms=2056 | probes=7527 wrfail=0 down=4s maxout=4s
 266.019  t=264s RTT mean=26921 min=23278 max=48969 n=33 to=0 | cancels=0(+0/s) seqbad=0 len_bad=0 disc=0(0x00) | tot_n=7559 tot_to=0 maxever=71918 >2ms=7559 >5ms=7558 >15ms=7521 >20ms=7479 >30ms=2058 | probes=7560 wrfail=0 down=4s maxout=4s
 267.979  t=265s RTT mean=26427 min=23278 max=46910 n=34 to=0 | cancels=0(+0/s) seqbad=0 len_bad=0 disc=0(0x00) | tot_n=7593 tot_to=0 maxever=71918 >2ms=7593 >5ms=7592 >15ms=7555 >20ms=7513 >30ms=2060 | probes=7594 wrfail=0 down=4s maxout=4s
 268.039  t=266s RTT mean=27104 min=25496 max=48020 n=33 to=0 | cancels=0(+0/s) seqbad=0 len_bad=0 disc=0(0x00) | tot_n=7626 tot_to=0 maxever=71918 >2ms=7626 >5ms=7625 >15ms=7588 >20ms=7546 >30ms=2062 | probes=7627 wrfail=0 down=4s maxout=4s
 269.991  t=267s RTT mean=27861 min=25494 max=48020 n=32 to=0 | cancels=0(+0/s) seqbad=0 len_bad=0 disc=0(0x00) | tot_n=7658 tot_to=0 maxever=71918 >2ms=7658 >5ms=7657 >15ms=7620 >20ms=7578 >30ms=2066 | probes=7659 wrfail=0 down=4s maxout=4s
 270.051  t=268s RTT mean=27091 min=23278 max=46911 n=34 to=0 | cancels=0(+0/s) seqbad=0 len_bad=0 disc=0(0x00) | tot_n=7692 tot_to=0 maxever=71918 >2ms=7692 >5ms=7691 >15ms=7654 >20ms=7612 >30ms=2069 | probes=7692 wrfail=0 down=4s maxout=4s
 272.014  t=269s RTT mean=28198 min=23278 max=46919 n=32 to=0 | cancels=0(+0/s) seqbad=0 len_bad=0 disc=0(0x00) | tot_n=7724 tot_to=0 maxever=71918 >2ms=7724 >5ms=7723 >15ms=7686 >20ms=7644 >30ms=2074 | probes=7724 wrfail=0 down=4s maxout=4s
 272.014  t=270s RTT mean=26782 min=25495 max=48020 n=33 to=0 | cancels=0(+0/s) seqbad=0 len_bad=0 disc=0(0x00) | tot_n=7757 tot_to=0 maxever=71918 >2ms=7757 >5ms=7756 >15ms=7719 >20ms=7677 >30ms=2076 | probes=7758 wrfail=0 down=4s maxout=4s
 274.014  t=271s RTT mean=26958 min=23278 max=46910 n=33 to=0 | cancels=0(+0/s) seqbad=0 len_bad=0 disc=0(0x00) | tot_n=7790 tot_to=0 maxever=71918 >2ms=7790 >5ms=7789 >15ms=7752 >20ms=7710 >30ms=2078 | probes=7791 wrfail=0 down=4s maxout=4s
 274.014  t=272s RTT mean=26603 min=23279 max=46911 n=34 to=0 | cancels=0(+0/s) seqbad=0 len_bad=0 disc=0(0x00) | tot_n=7824 tot_to=0 maxever=71918 >2ms=7824 >5ms=7823 >15ms=7786 >20ms=7744 >30ms=2080 | probes=7825 wrfail=0 down=4s maxout=4s
 276.014  t=273s RTT mean=27104 min=25493 max=48020 n=33 to=0 | cancels=0(+0/s) seqbad=0 len_bad=0 disc=0(0x00) | tot_n=7857 tot_to=0 maxever=71918 >2ms=7857 >5ms=7856 >15ms=7819 >20ms=7777 >30ms=2082 | probes=7858 wrfail=0 down=4s maxout=4s
 276.014  t=274s RTT mean=27898 min=25490 max=48019 n=32 to=0 | cancels=0(+0/s) seqbad=0 len_bad=0 disc=0(0x00) | tot_n=7889 tot_to=0 maxever=71918 >2ms=7889 >5ms=7888 >15ms=7851 >20ms=7809 >30ms=2086 | probes=7890 wrfail=0 down=4s maxout=4s
 278.009  t=275s RTT mean=27321 min=23279 max=46916 n=33 to=0 | cancels=0(+0/s) seqbad=0 len_bad=0 disc=0(0x00) | tot_n=7922 tot_to=0 maxever=71918 >2ms=7922 >5ms=7921 >15ms=7884 >20ms=7842 >30ms=2089 | probes=7923 wrfail=0 down=4s maxout=4s
 278.009  t=276s RTT mean=27108 min=25418 max=48020 n=32 to=0 | cancels=0(+0/s) seqbad=0 len_bad=0 disc=0(0x00) | tot_n=7954 tot_to=0 maxever=71918 >2ms=7954 >5ms=7953 >15ms=7916 >20ms=7874 >30ms=2092 | probes=7955 wrfail=0 down=4s maxout=4s
 280.034  t=277s RTT mean=27522 min=25439 max=71902 n=34 to=0 | cancels=0(+0/s) seqbad=0 len_bad=0 disc=0(0x00) | tot_n=7988 tot_to=0 maxever=71918 >2ms=7988 >5ms=7987 >15ms=7950 >20ms=7908 >30ms=2094 | probes=7989 wrfail=0 down=4s maxout=4s
 280.034  t=278s RTT mean=28273 min=25491 max=50501 n=32 to=0 | cancels=0(+0/s) seqbad=0 len_bad=0 disc=0(0x00) | tot_n=8020 tot_to=0 maxever=71918 >2ms=8020 >5ms=8019 >15ms=7982 >20ms=7940 >30ms=2098 | probes=8021 wrfail=0 down=4s maxout=4s
 281.994  t=279s RTT mean=27935 min=25490 max=48107 n=32 to=0 | cancels=0(+0/s) seqbad=0 len_bad=0 disc=0(0x00) | tot_n=8052 tot_to=0 maxever=71918 >2ms=8052 >5ms=8051 >15ms=8014 >20ms=7972 >30ms=2101 | probes=8053 wrfail=0 down=4s maxout=4s
 282.054  t=280s RTT mean=27973 min=25498 max=48019 n=32 to=0 | cancels=0(+0/s) seqbad=0 len_bad=0 disc=0(0x00) | tot_n=8084 tot_to=0 maxever=71918 >2ms=8084 >5ms=8083 >15ms=8046 >20ms=8004 >30ms=2106 | probes=8085 wrfail=0 down=4s maxout=4s
 284.000  t=281s RTT mean=26568 min=23277 max=46916 n=34 to=0 | cancels=0(+0/s) seqbad=0 len_bad=0 disc=0(0x00) | tot_n=8118 tot_to=0 maxever=71918 >2ms=8118 >5ms=8117 >15ms=8080 >20ms=8038 >30ms=2108 | probes=8119 wrfail=0 down=4s maxout=4s
 284.000  t=282s RTT mean=27432 min=25492 max=48020 n=33 to=0 | cancels=0(+0/s) seqbad=0 len_bad=0 disc=0(0x00) | tot_n=8151 tot_to=0 maxever=71918 >2ms=8151 >5ms=8150 >15ms=8113 >20ms=8071 >30ms=2112 | probes=8152 wrfail=0 down=4s maxout=4s
 286.029  t=283s RTT mean=27066 min=23278 max=48959 n=33 to=0 | cancels=0(+0/s) seqbad=0 len_bad=0 disc=0(0x00) | tot_n=8184 tot_to=0 maxever=71918 >2ms=8184 >5ms=8183 >15ms=8146 >20ms=8104 >30ms=2114 | probes=8185 wrfail=0 down=4s maxout=4s
 286.029  t=284s RTT mean=27861 min=25493 max=48021 n=32 to=0 | cancels=0(+0/s) seqbad=0 len_bad=0 disc=0(0x00) | tot_n=8216 tot_to=0 maxever=71918 >2ms=8216 >5ms=8215 >15ms=8178 >20ms=8136 >30ms=2118 | probes=8217 wrfail=0 down=4s maxout=4s
 288.014  t=285s RTT mean=26604 min=23277 max=46929 n=34 to=0 | cancels=0(+0/s) seqbad=0 len_bad=0 disc=0(0x00) | tot_n=8250 tot_to=0 maxever=71918 >2ms=8250 >5ms=8249 >15ms=8212 >20ms=8170 >30ms=2121 | probes=8251 wrfail=0 down=4s maxout=4s
 288.014  t=286s RTT mean=27455 min=25498 max=48019 n=33 to=0 | cancels=0(+0/s) seqbad=0 len_bad=0 disc=0(0x00) | tot_n=8283 tot_to=0 maxever=71918 >2ms=8283 >5ms=8282 >15ms=8245 >20ms=8203 >30ms=2124 | probes=8284 wrfail=0 down=4s maxout=4s
 289.993  t=287s RTT mean=26934 min=23278 max=46916 n=33 to=0 | cancels=0(+0/s) seqbad=0 len_bad=0 disc=0(0x00) | tot_n=8316 tot_to=0 maxever=71918 >2ms=8316 >5ms=8315 >15ms=8278 >20ms=8236 >30ms=2126 | probes=8317 wrfail=0 down=4s maxout=4s
 290.046  t=288s RTT mean=26286 min=23277 max=46911 n=34 to=0 | cancels=0(+0/s) seqbad=0 len_bad=0 disc=0(0x00) | tot_n=8350 tot_to=0 maxever=71918 >2ms=8350 >5ms=8349 >15ms=8312 >20ms=8270 >30ms=2127 | probes=8351 wrfail=0 down=4s maxout=4s
 292.019  t=289s RTT mean=27717 min=25494 max=48019 n=33 to=0 | cancels=0(+0/s) seqbad=0 len_bad=0 disc=0(0x00) | tot_n=8383 tot_to=0 maxever=71918 >2ms=8383 >5ms=8382 >15ms=8345 >20ms=8303 >30ms=2132 | probes=8383 wrfail=0 down=4s maxout=4s
 292.019  t=290s RTT mean=27174 min=23278 max=46912 n=33 to=0 | cancels=0(+0/s) seqbad=0 len_bad=0 disc=0(0x00) | tot_n=8416 tot_to=0 maxever=71918 >2ms=8416 >5ms=8415 >15ms=8378 >20ms=8336 >30ms=2135 | probes=8417 wrfail=0 down=4s maxout=4s
 294.009  t=291s RTT mean=26746 min=23278 max=49003 n=33 to=0 | cancels=0(+0/s) seqbad=0 len_bad=0 disc=0(0x00) | tot_n=8449 tot_to=0 maxever=71918 >2ms=8449 >5ms=8448 >15ms=8411 >20ms=8369 >30ms=2137 | probes=8450 wrfail=0 down=4s maxout=4s
 294.009  t=292s RTT mean=27608 min=25493 max=48020 n=33 to=0 | cancels=0(+0/s) seqbad=0 len_bad=0 disc=0(0x00) | tot_n=8482 tot_to=0 maxever=71918 >2ms=8482 >5ms=8481 >15ms=8444 >20ms=8402 >30ms=2141 | probes=8483 wrfail=0 down=4s maxout=4s
 296.027  t=293s RTT mean=26819 min=23278 max=46929 n=33 to=0 | cancels=0(+0/s) seqbad=0 len_bad=0 disc=0(0x00) | tot_n=8515 tot_to=0 maxever=71918 >2ms=8515 >5ms=8514 >15ms=8477 >20ms=8435 >30ms=2143 | probes=8516 wrfail=0 down=4s maxout=4s
 296.027  t=294s RTT mean=26535 min=23278 max=46910 n=34 to=0 | cancels=0(+0/s) seqbad=0 len_bad=0 disc=0(0x00) | tot_n=8549 tot_to=0 maxever=71918 >2ms=8549 >5ms=8548 >15ms=8511 >20ms=8469 >30ms=2145 | probes=8550 wrfail=0 down=4s maxout=4s
 297.984  t=295s RTT mean=26958 min=23278 max=48958 n=33 to=0 | cancels=0(+0/s) seqbad=0 len_bad=0 disc=0(0x00) | tot_n=8582 tot_to=0 maxever=71918 >2ms=8582 >5ms=8581 >15ms=8544 >20ms=8502 >30ms=2147 | probes=8583 wrfail=0 down=4s maxout=4s
 298.044  t=296s RTT mean=26357 min=23278 max=46912 n=34 to=0 | cancels=0(+0/s) seqbad=0 len_bad=0 disc=0(0x00) | tot_n=8616 tot_to=0 maxever=71918 >2ms=8616 >5ms=8615 >15ms=8578 >20ms=8536 >30ms=2148 | probes=8617 wrfail=0 down=4s maxout=4s
 300.008  t=297s RTT mean=28086 min=25497 max=48019 n=32 to=0 | cancels=0(+0/s) seqbad=0 len_bad=0 disc=0(0x00) | tot_n=8648 tot_to=0 maxever=71918 >2ms=8648 >5ms=8647 >15ms=8610 >20ms=8568 >30ms=2153 | probes=8649 wrfail=0 down=4s maxout=4s
 300.008  t=298s RTT mean=27358 min=23278 max=46911 n=33 to=0 | cancels=0(+0/s) seqbad=0 len_bad=0 disc=0(0x00) | tot_n=8681 tot_to=0 maxever=71918 >2ms=8681 >5ms=8680 >15ms=8643 >20ms=8601 >30ms=2156 | probes=8682 wrfail=0 down=4s maxout=4s
 302.024  t=299s RTT mean=28011 min=23278 max=48106 n=32 to=0 | cancels=0(+0/s) seqbad=0 len_bad=0 disc=0(0x00) | tot_n=8713 tot_to=0 maxever=71918 >2ms=8713 >5ms=8712 >15ms=8675 >20ms=8633 >30ms=2160 | probes=8714 wrfail=0 down=4s maxout=4s
 302.024  t=300s RTT mean=27212 min=25499 max=48107 n=33 to=0 | cancels=0(+0/s) seqbad=0 len_bad=0 disc=0(0x00) | tot_n=8746 tot_to=0 maxever=71918 >2ms=8746 >5ms=8745 >15ms=8708 >20ms=8666 >30ms=2163 | probes=8747 wrfail=0 down=4s maxout=4s
 304.009  t=301s RTT mean=26882 min=23278 max=46929 n=34 to=0 | cancels=0(+0/s) seqbad=0 len_bad=0 disc=0(0x00) | tot_n=8780 tot_to=0 maxever=71918 >2ms=8780 >5ms=8779 >15ms=8742 >20ms=8700 >30ms=2165 | probes=8781 wrfail=0 down=4s maxout=4s
 304.062  t=302s RTT mean=28670 min=23278 max=46911 n=31 to=0 | cancels=0(+0/s) seqbad=0 len_bad=0 disc=0(0x00) | tot_n=8811 tot_to=0 maxever=71918 >2ms=8811 >5ms=8810 >15ms=8773 >20ms=8731 >30ms=2172 | probes=8812 wrfail=0 down=4s maxout=4s
 306.017  t=303s RTT mean=26462 min=23278 max=47816 n=34 to=0 | cancels=0(+0/s) seqbad=0 len_bad=0 disc=0(0x00) | tot_n=8845 tot_to=0 maxever=71918 >2ms=8845 >5ms=8844 >15ms=8807 >20ms=8765 >30ms=2173 | probes=8846 wrfail=0 down=4s maxout=4s
 306.017  t=304s RTT mean=27680 min=25206 max=48020 n=33 to=0 | cancels=0(+0/s) seqbad=0 len_bad=0 disc=0(0x00) | tot_n=8878 tot_to=0 maxever=71918 >2ms=8878 >5ms=8877 >15ms=8840 >20ms=8798 >30ms=2178 | probes=8878 wrfail=0 down=4s maxout=4s
 308.043  t=305s RTT mean=27718 min=25456 max=48019 n=32 to=0 | cancels=0(+0/s) seqbad=0 len_bad=0 disc=0(0x00) | tot_n=8910 tot_to=0 maxever=71918 >2ms=8910 >5ms=8909 >15ms=8872 >20ms=8830 >30ms=2183 | probes=8911 wrfail=0 down=4s maxout=4s
 308.043  PCTL target=170 tot=1979 to=0 p50=25 p90=27 p99=48 p99.9=49 max=71 g30=175 g100=0 (ms/counts)
 308.043  LOADRAMP: target=180 KBps for 60s
 308.043  t=306s RTT mean=28267 min=25490 max=50501 n=32 to=0 | cancels=0(+0/s) seqbad=0 len_bad=0 disc=0(0x00) | tot_n=8942 tot_to=0 maxever=71918 >2ms=8942 >5ms=8941 >15ms=8904 >20ms=8862 >30ms=2187 | probes=8943 wrfail=0 down=4s maxout=4s
 310.002  t=307s RTT mean=27286 min=20724 max=44526 n=33 to=0 | cancels=0(+0/s) seqbad=0 len_bad=0 disc=0(0x00) | tot_n=8975 tot_to=0 maxever=71918 >2ms=8975 >5ms=8974 >15ms=8937 >20ms=8895 >30ms=2190 | probes=8976 wrfail=0 down=4s maxout=4s
 310.053  t=308s RTT mean=26782 min=25492 max=43327 n=33 to=0 | cancels=0(+0/s) seqbad=0 len_bad=0 disc=0(0x00) | tot_n=9008 tot_to=0 maxever=71918 >2ms=9008 >5ms=9007 >15ms=8970 >20ms=8928 >30ms=2193 | probes=9009 wrfail=0 down=4s maxout=4s
 312.009  t=309s RTT mean=27394 min=25490 max=43768 n=33 to=0 | cancels=0(+0/s) seqbad=0 len_bad=0 disc=0(0x00) | tot_n=9041 tot_to=0 maxever=71918 >2ms=9041 >5ms=9040 >15ms=9003 >20ms=8961 >30ms=2198 | probes=9042 wrfail=0 down=4s maxout=4s
 312.064  t=310s RTT mean=27462 min=25494 max=46914 n=33 to=0 | cancels=0(+0/s) seqbad=0 len_bad=0 disc=0(0x00) | tot_n=9074 tot_to=0 maxever=71918 >2ms=9074 >5ms=9073 >15ms=9036 >20ms=8994 >30ms=2201 | probes=9075 wrfail=0 down=4s maxout=4s
 314.030  t=311s RTT mean=26151 min=25495 max=36136 n=34 to=0 | cancels=0(+0/s) seqbad=0 len_bad=0 disc=0(0x00) | tot_n=9108 tot_to=0 maxever=71918 >2ms=9108 >5ms=9107 >15ms=9070 >20ms=9028 >30ms=2203 | probes=9109 wrfail=0 down=4s maxout=4s
 314.030  t=312s RTT mean=26179 min=23278 max=40767 n=34 to=0 | cancels=0(+0/s) seqbad=0 len_bad=0 disc=0(0x00) | tot_n=9142 tot_to=0 maxever=71918 >2ms=9142 >5ms=9141 >15ms=9104 >20ms=9062 >30ms=2204 | probes=9143 wrfail=0 down=4s maxout=4s
 316.011  t=313s RTT mean=26916 min=20825 max=48021 n=34 to=0 | cancels=0(+0/s) seqbad=0 len_bad=0 disc=0(0x00) | tot_n=9176 tot_to=0 maxever=71918 >2ms=9176 >5ms=9175 >15ms=9138 >20ms=9096 >30ms=2206 | probes=9176 wrfail=0 down=4s maxout=4s
 316.067  t=314s RTT mean=27249 min=23278 max=48361 n=33 to=0 | cancels=0(+0/s) seqbad=0 len_bad=0 disc=0(0x00) | tot_n=9209 tot_to=0 maxever=71918 >2ms=9209 >5ms=9208 >15ms=9171 >20ms=9129 >30ms=2209 | probes=9209 wrfail=0 down=4s maxout=4s
 318.044  t=315s RTT mean=26251 min=25498 max=42513 n=34 to=0 | cancels=0(+0/s) seqbad=0 len_bad=0 disc=0(0x00) | tot_n=9243 tot_to=0 maxever=71918 >2ms=9243 >5ms=9242 >15ms=9205 >20ms=9163 >30ms=2210 | probes=9243 wrfail=0 down=4s maxout=4s
 318.044  t=316s RTT mean=25938 min=23278 max=31486 n=34 to=0 | cancels=0(+0/s) seqbad=0 len_bad=0 disc=0(0x00) | tot_n=9277 tot_to=0 maxever=71918 >2ms=9277 >5ms=9276 >15ms=9239 >20ms=9197 >30ms=2211 | probes=9278 wrfail=0 down=4s maxout=4s
 319.993  t=317s RTT mean=26996 min=23279 max=50501 n=33 to=0 | cancels=0(+0/s) seqbad=0 len_bad=0 disc=0(0x00) | tot_n=9310 tot_to=0 maxever=71918 >2ms=9310 >5ms=9309 >15ms=9272 >20ms=9230 >30ms=2213 | probes=9311 wrfail=0 down=4s maxout=4s
 320.053  t=318s RTT mean=27972 min=25493 max=50500 n=32 to=0 | cancels=0(+0/s) seqbad=0 len_bad=0 disc=0(0x00) | tot_n=9342 tot_to=0 maxever=71918 >2ms=9342 >5ms=9341 >15ms=9304 >20ms=9262 >30ms=2217 | probes=9343 wrfail=0 down=4s maxout=4s
 322.017  t=319s RTT mean=25957 min=20732 max=33935 n=35 to=0 | cancels=0(+0/s) seqbad=0 len_bad=0 disc=0(0x00) | tot_n=9377 tot_to=0 maxever=71918 >2ms=9377 >5ms=9376 >15ms=9339 >20ms=9297 >30ms=2218 | probes=9378 wrfail=0 down=4s maxout=4s
 322.017  t=320s RTT mean=26427 min=23279 max=40930 n=34 to=0 | cancels=0(+0/s) seqbad=0 len_bad=0 disc=0(0x00) | tot_n=9411 tot_to=0 maxever=71918 >2ms=9411 >5ms=9410 >15ms=9373 >20ms=9331 >30ms=2220 | probes=9412 wrfail=0 down=4s maxout=4s
 324.041  t=321s RTT mean=26173 min=23278 max=34936 n=34 to=0 | cancels=0(+0/s) seqbad=0 len_bad=0 disc=0(0x00) | tot_n=9445 tot_to=0 maxever=71918 >2ms=9445 >5ms=9444 >15ms=9407 >20ms=9365 >30ms=2222 | probes=9446 wrfail=0 down=4s maxout=4s
 324.041  t=322s RTT mean=26322 min=23278 max=38530 n=34 to=0 | cancels=0(+0/s) seqbad=0 len_bad=0 disc=0(0x00) | tot_n=9479 tot_to=0 maxever=71918 >2ms=9479 >5ms=9478 >15ms=9441 >20ms=9399 >30ms=2224 | probes=9480 wrfail=0 down=4s maxout=4s
 326.026  t=323s RTT mean=26576 min=23278 max=42120 n=34 to=0 | cancels=0(+0/s) seqbad=0 len_bad=0 disc=0(0x00) | tot_n=9513 tot_to=0 maxever=71918 >2ms=9513 >5ms=9512 >15ms=9475 >20ms=9433 >30ms=2227 | probes=9514 wrfail=0 down=4s maxout=4s
 326.026  t=324s RTT mean=25867 min=23278 max=29991 n=34 to=0 | cancels=0(+0/s) seqbad=0 len_bad=0 disc=0(0x00) | tot_n=9547 tot_to=0 maxever=71918 >2ms=9547 >5ms=9546 >15ms=9509 >20ms=9467 >30ms=2227 | probes=9548 wrfail=0 down=4s maxout=4s
 327.997  t=325s RTT mean=26740 min=23278 max=41312 n=34 to=0 | cancels=0(+0/s) seqbad=0 len_bad=0 disc=0(0x00) | tot_n=9581 tot_to=0 maxever=71918 >2ms=9581 >5ms=9580 >15ms=9543 >20ms=9501 >30ms=2229 | probes=9582 wrfail=0 down=4s maxout=4s
 328.057  t=326s RTT mean=26103 min=23278 max=33735 n=34 to=0 | cancels=0(+0/s) seqbad=0 len_bad=0 disc=0(0x00) | tot_n=9615 tot_to=0 maxever=71918 >2ms=9615 >5ms=9614 >15ms=9577 >20ms=9535 >30ms=2230 | probes=9616 wrfail=0 down=4s maxout=4s
 330.048  t=327s RTT mean=26826 min=23278 max=41864 n=33 to=0 | cancels=0(+0/s) seqbad=0 len_bad=0 disc=0(0x00) | tot_n=9648 tot_to=0 maxever=71918 >2ms=9648 >5ms=9647 >15ms=9610 >20ms=9568 >30ms=2233 | probes=9649 wrfail=0 down=4s maxout=4s
 330.048  t=328s RTT mean=26195 min=22813 max=42121 n=35 to=0 | cancels=0(+0/s) seqbad=0 len_bad=0 disc=0(0x00) | tot_n=9683 tot_to=0 maxever=71918 >2ms=9683 >5ms=9682 >15ms=9645 >20ms=9603 >30ms=2235 | probes=9684 wrfail=0 down=4s maxout=4s
 332.005  t=329s RTT mean=25833 min=23278 max=31739 n=34 to=0 | cancels=0(+0/s) seqbad=0 len_bad=0 disc=0(0x00) | tot_n=9717 tot_to=0 maxever=71918 >2ms=9717 >5ms=9716 >15ms=9679 >20ms=9637 >30ms=2236 | probes=9718 wrfail=0 down=4s maxout=4s
 332.066  t=330s RTT mean=26634 min=23278 max=42121 n=34 to=0 | cancels=0(+0/s) seqbad=0 len_bad=0 disc=0(0x00) | tot_n=9751 tot_to=0 maxever=71918 >2ms=9751 >5ms=9750 >15ms=9713 >20ms=9671 >30ms=2238 | probes=9752 wrfail=0 down=4s maxout=4s
 334.034  t=331s RTT mean=27105 min=23278 max=44523 n=33 to=0 | cancels=0(+0/s) seqbad=0 len_bad=0 disc=0(0x00) | tot_n=9784 tot_to=0 maxever=71918 >2ms=9784 >5ms=9783 >15ms=9746 >20ms=9704 >30ms=2242 | probes=9785 wrfail=0 down=4s maxout=4s
 334.034  t=332s RTT mean=26375 min=21919 max=38524 n=33 to=0 | cancels=0(+0/s) seqbad=0 len_bad=0 disc=0(0x00) | tot_n=9817 tot_to=0 maxever=71918 >2ms=9817 >5ms=9816 >15ms=9779 >20ms=9737 >30ms=2244 | probes=9818 wrfail=0 down=4s maxout=4s
 336.003  t=333s RTT mean=27346 min=25497 max=43766 n=34 to=0 | cancels=0(+0/s) seqbad=0 len_bad=0 disc=0(0x00) | tot_n=9851 tot_to=0 maxever=71918 >2ms=9851 >5ms=9850 >15ms=9813 >20ms=9771 >30ms=2248 | probes=9852 wrfail=0 down=4s maxout=4s
 336.060  t=334s RTT mean=27031 min=23278 max=38531 n=33 to=0 | cancels=0(+0/s) seqbad=0 len_bad=0 disc=0(0x00) | tot_n=9884 tot_to=0 maxever=71918 >2ms=9884 >5ms=9883 >15ms=9846 >20ms=9804 >30ms=2253 | probes=9885 wrfail=0 down=4s maxout=4s
 338.053  t=335s RTT mean=26322 min=25494 max=40925 n=34 to=0 | cancels=0(+0/s) seqbad=0 len_bad=0 disc=0(0x00) | tot_n=9918 tot_to=0 maxever=71918 >2ms=9918 >5ms=9917 >15ms=9880 >20ms=9838 >30ms=2255 | probes=9919 wrfail=0 down=4s maxout=4s
 338.053  t=336s RTT mean=26673 min=23279 max=46916 n=34 to=0 | cancels=0(+0/s) seqbad=0 len_bad=0 disc=0(0x00) | tot_n=9952 tot_to=0 maxever=71918 >2ms=9952 >5ms=9951 >15ms=9914 >20ms=9872 >30ms=2258 | probes=9952 wrfail=0 down=4s maxout=4s
 340.011  t=337s RTT mean=25552 min=22813 max=26698 n=34 to=0 | cancels=0(+0/s) seqbad=0 len_bad=0 disc=0(0x00) | tot_n=9986 tot_to=0 maxever=71918 >2ms=9986 >5ms=9985 >15ms=9948 >20ms=9906 >30ms=2258 | probes=9987 wrfail=0 down=4s maxout=4s
 340.071  t=338s RTT mean=26392 min=23951 max=48021 n=34 to=0 | cancels=0(+0/s) seqbad=0 len_bad=0 disc=0(0x00) | tot_n=10020 tot_to=0 maxever=71918 >2ms=10020 >5ms=10019 >15ms=9982 >20ms=9940 >30ms=2259 | probes=10021 wrfail=0 down=4s maxout=4s
 341.997  t=339s RTT mean=26881 min=20826 max=48021 n=34 to=0 | cancels=0(+0/s) seqbad=0 len_bad=0 disc=0(0x00) | tot_n=10054 tot_to=0 maxever=71918 >2ms=10054 >5ms=10053 >15ms=10016 >20ms=9974 >30ms=2262 | probes=10055 wrfail=0 down=4s maxout=4s
 342.051  t=340s RTT mean=26462 min=23278 max=43319 n=34 to=0 | cancels=0(+0/s) seqbad=0 len_bad=0 disc=0(0x00) | tot_n=10088 tot_to=0 maxever=71918 >2ms=10088 >5ms=10087 >15ms=10050 >20ms=10008 >30ms=2264 | probes=10088 wrfail=0 down=4s maxout=4s
 344.022  t=341s RTT mean=26492 min=22813 max=49297 n=33 to=0 | cancels=0(+0/s) seqbad=0 len_bad=0 disc=0(0x00) | tot_n=10121 tot_to=0 maxever=71918 >2ms=10121 >5ms=10120 >15ms=10083 >20ms=10041 >30ms=2266 | probes=10122 wrfail=0 down=4s maxout=4s
 344.022  t=342s RTT mean=27934 min=23113 max=48361 n=33 to=0 | cancels=0(+0/s) seqbad=0 len_bad=0 disc=0(0x00) | tot_n=10154 tot_to=0 maxever=71918 >2ms=10154 >5ms=10153 >15ms=10116 >20ms=10074 >30ms=2271 | probes=10154 wrfail=0 down=4s maxout=4s
 346.041  t=343s RTT mean=26852 min=20725 max=43317 n=33 to=0 | cancels=0(+0/s) seqbad=0 len_bad=0 disc=0(0x00) | tot_n=10187 tot_to=0 maxever=71918 >2ms=10187 >5ms=10186 >15ms=10149 >20ms=10107 >30ms=2275 | probes=10188 wrfail=0 down=4s maxout=4s
 346.041  t=344s RTT mean=25857 min=25491 max=32305 n=35 to=0 | cancels=0(+0/s) seqbad=0 len_bad=0 disc=0(0x00) | tot_n=10222 tot_to=0 maxever=71918 >2ms=10222 >5ms=10221 >15ms=10184 >20ms=10142 >30ms=2276 | probes=10222 wrfail=0 down=4s maxout=4s
 348.047  t=345s RTT mean=27530 min=25218 max=48020 n=32 to=0 | cancels=0(+0/s) seqbad=0 len_bad=0 disc=0(0x00) | tot_n=10254 tot_to=0 maxever=71918 >2ms=10254 >5ms=10253 >15ms=10216 >20ms=10174 >30ms=2279 | probes=10255 wrfail=0 down=4s maxout=4s
 348.047  t=346s RTT mean=27859 min=25493 max=50498 n=33 to=0 | cancels=0(+0/s) seqbad=0 len_bad=0 disc=0(0x00) | tot_n=10287 tot_to=0 maxever=71918 >2ms=10287 >5ms=10286 >15ms=10249 >20ms=10207 >30ms=2284 | probes=10287 wrfail=0 down=4s maxout=4s
 350.005  t=347s RTT mean=26251 min=21671 max=48908 n=34 to=0 | cancels=0(+0/s) seqbad=0 len_bad=0 disc=0(0x00) | tot_n=10321 tot_to=0 maxever=71918 >2ms=10321 >5ms=10320 >15ms=10283 >20ms=10241 >30ms=2285 | probes=10322 wrfail=0 down=4s maxout=4s
 350.059  t=348s RTT mean=26528 min=25492 max=48925 n=33 to=0 | cancels=0(+0/s) seqbad=0 len_bad=0 disc=0(0x00) | tot_n=10354 tot_to=0 maxever=71918 >2ms=10354 >5ms=10353 >15ms=10316 >20ms=10274 >30ms=2286 | probes=10355 wrfail=0 down=4s maxout=4s
 352.014  t=349s RTT mean=27535 min=19375 max=50296 n=33 to=0 | cancels=0(+0/s) seqbad=0 len_bad=0 disc=0(0x00) | tot_n=10387 tot_to=0 maxever=71918 >2ms=10387 >5ms=10386 >15ms=10349 >20ms=10306 >30ms=2289 | probes=10388 wrfail=0 down=4s maxout=4s
 352.075  t=350s RTT mean=26890 min=25490 max=41864 n=33 to=0 | cancels=0(+0/s) seqbad=0 len_bad=0 disc=0(0x00) | tot_n=10420 tot_to=0 maxever=71918 >2ms=10420 >5ms=10419 >15ms=10382 >20ms=10339 >30ms=2292 | probes=10421 wrfail=0 down=4s maxout=4s
 354.034  t=351s RTT mean=26357 min=25491 max=41867 n=34 to=0 | cancels=0(+0/s) seqbad=0 len_bad=0 disc=0(0x00) | tot_n=10454 tot_to=0 maxever=71918 >2ms=10454 >5ms=10453 >15ms=10416 >20ms=10373 >30ms=2293 | probes=10455 wrfail=0 down=4s maxout=4s
 354.034  t=352s RTT mean=26486 min=23278 max=43158 n=34 to=0 | cancels=0(+0/s) seqbad=0 len_bad=0 disc=0(0x00) | tot_n=10488 tot_to=0 maxever=71918 >2ms=10488 >5ms=10487 >15ms=10450 >20ms=10407 >30ms=2295 | probes=10489 wrfail=0 down=4s maxout=4s
 356.047  t=353s RTT mean=26681 min=25496 max=48026 n=34 to=0 | cancels=0(+0/s) seqbad=0 len_bad=0 disc=0(0x00) | tot_n=10522 tot_to=0 maxever=71918 >2ms=10522 >5ms=10521 >15ms=10484 >20ms=10441 >30ms=2297 | probes=10523 wrfail=0 down=4s maxout=4s
 356.048  t=354s RTT mean=25652 min=23274 max=26697 n=35 to=0 | cancels=0(+0/s) seqbad=0 len_bad=0 disc=0(0x00) | tot_n=10557 tot_to=0 maxever=71918 >2ms=10557 >5ms=10556 >15ms=10519 >20ms=10476 >30ms=2297 | probes=10557 wrfail=0 down=4s maxout=4s
 358.034  t=355s RTT mean=26287 min=23966 max=48020 n=34 to=0 | cancels=0(+0/s) seqbad=0 len_bad=0 disc=0(0x00) | tot_n=10591 tot_to=0 maxever=71918 >2ms=10591 >5ms=10590 >15ms=10553 >20ms=10510 >30ms=2298 | probes=10592 wrfail=0 down=4s maxout=4s
 358.034  t=356s RTT mean=27031 min=23272 max=49559 n=33 to=0 | cancels=0(+0/s) seqbad=0 len_bad=0 disc=0(0x00) | tot_n=10624 tot_to=0 maxever=71918 >2ms=10624 >5ms=10623 >15ms=10586 >20ms=10543 >30ms=2300 | probes=10625 wrfail=0 down=4s maxout=4s
 360.046  t=357s RTT mean=26287 min=23273 max=45712 n=34 to=0 | cancels=0(+0/s) seqbad=0 len_bad=0 disc=0(0x00) | tot_n=10658 tot_to=0 maxever=71918 >2ms=10658 >5ms=10657 >15ms=10620 >20ms=10577 >30ms=2301 | probes=10659 wrfail=0 down=4s maxout=4s
 360.046  t=358s RTT mean=26602 min=25492 max=54905 n=34 to=0 | cancels=0(+0/s) seqbad=0 len_bad=0 disc=0(0x00) | tot_n=10692 tot_to=0 maxever=71918 >2ms=10692 >5ms=10691 >15ms=10654 >20ms=10611 >30ms=2302 | probes=10692 wrfail=0 down=4s maxout=4s
 362.028  t=359s RTT mean=26565 min=23273 max=40786 n=33 to=0 | cancels=0(+0/s) seqbad=0 len_bad=0 disc=0(0x00) | tot_n=10725 tot_to=0 maxever=71918 >2ms=10725 >5ms=10724 >15ms=10687 >20ms=10644 >30ms=2305 | probes=10726 wrfail=0 down=4s maxout=4s
 362.028  t=360s RTT mean=26380 min=23273 max=39572 n=34 to=0 | cancels=0(+0/s) seqbad=0 len_bad=0 disc=0(0x00) | tot_n=10759 tot_to=0 maxever=71918 >2ms=10759 >5ms=10758 >15ms=10721 >20ms=10678 >30ms=2308 | probes=10760 wrfail=0 down=4s maxout=4s
 364.001  t=361s RTT mean=26751 min=23273 max=46903 n=34 to=0 | cancels=0(+0/s) seqbad=0 len_bad=0 disc=0(0x00) | tot_n=10793 tot_to=0 maxever=71918 >2ms=10793 >5ms=10792 >15ms=10755 >20ms=10712 >30ms=2310 | probes=10794 wrfail=0 down=4s maxout=4s
 364.055  t=362s RTT mean=26463 min=23273 max=48107 n=34 to=0 | cancels=0(+0/s) seqbad=0 len_bad=0 disc=0(0x00) | tot_n=10827 tot_to=0 maxever=71918 >2ms=10827 >5ms=10826 >15ms=10789 >20ms=10746 >30ms=2312 | probes=10827 wrfail=0 down=4s maxout=4s
 366.044  t=363s RTT mean=26357 min=25489 max=44267 n=34 to=0 | cancels=0(+0/s) seqbad=0 len_bad=0 disc=0(0x00) | tot_n=10861 tot_to=0 maxever=71918 >2ms=10861 >5ms=10860 >15ms=10823 >20ms=10780 >30ms=2313 | probes=10861 wrfail=0 down=4s maxout=4s
 366.044  t=364s RTT mean=26704 min=20809 max=48020 n=33 to=0 | cancels=0(+0/s) seqbad=0 len_bad=0 disc=0(0x00) | tot_n=10894 tot_to=0 maxever=71918 >2ms=10894 >5ms=10893 >15ms=10856 >20ms=10813 >30ms=2315 | probes=10895 wrfail=0 down=4s maxout=4s
 368.050  t=365s RTT mean=26428 min=23273 max=34801 n=34 to=0 | cancels=0(+0/s) seqbad=0 len_bad=0 disc=0(0x00) | tot_n=10928 tot_to=0 maxever=71918 >2ms=10928 >5ms=10927 >15ms=10890 >20ms=10847 >30ms=2318 | probes=10929 wrfail=0 down=4s maxout=4s
 368.050  PCTL target=180 tot=2019 to=0 p50=25 p90=26 p99=48 p99.9=50 max=54 g30=135 g100=0 (ms/counts)
 368.051  LOADRAMP: target=190 KBps for 60s
 368.051  t=366s RTT mean=25755 min=23273 max=31193 n=35 to=0 | cancels=0(+0/s) seqbad=0 len_bad=0 disc=0(0x00) | tot_n=10963 tot_to=0 maxever=71918 >2ms=10963 >5ms=10962 >15ms=10925 >20ms=10882 >30ms=2319 | probes=10964 wrfail=0 down=4s maxout=4s
 370.029  t=367s RTT mean=25481 min=15192 max=26952 n=35 to=0 | cancels=0(+0/s) seqbad=0 len_bad=0 disc=0(0x00) | tot_n=10998 tot_to=0 maxever=71918 >2ms=10998 >5ms=10997 >15ms=10960 >20ms=10916 >30ms=2319 | probes=10999 wrfail=0 down=4s maxout=4s
 370.029  t=368s RTT mean=26110 min=15684 max=48107 n=34 to=0 | cancels=0(+0/s) seqbad=0 len_bad=0 disc=0(0x00) | tot_n=11032 tot_to=0 maxever=71918 >2ms=11032 >5ms=11031 >15ms=10994 >20ms=10949 >30ms=2320 | probes=11033 wrfail=0 down=4s maxout=4s
 372.051  t=369s RTT mean=25687 min=25492 max=26697 n=35 to=0 | cancels=0(+0/s) seqbad=0 len_bad=0 disc=0(0x00) | tot_n=11067 tot_to=0 maxever=71918 >2ms=11067 >5ms=11066 >15ms=11029 >20ms=10984 >30ms=2320 | probes=11068 wrfail=0 down=4s maxout=4s
 372.051  t=370s RTT mean=26004 min=25490 max=31486 n=34 to=0 | cancels=0(+0/s) seqbad=0 len_bad=0 disc=0(0x00) | tot_n=11101 tot_to=0 maxever=71918 >2ms=11101 >5ms=11100 >15ms=11063 >20ms=11018 >30ms=2321 | probes=11102 wrfail=0 down=4s maxout=4s
 374.026  t=371s RTT mean=25686 min=25491 max=27689 n=35 to=0 | cancels=0(+0/s) seqbad=0 len_bad=0 disc=0(0x00) | tot_n=11136 tot_to=0 maxever=71918 >2ms=11136 >5ms=11135 >15ms=11098 >20ms=11053 >30ms=2321 | probes=11137 wrfail=0 down=4s maxout=4s
 374.027  t=372s RTT mean=26180 min=25497 max=37330 n=34 to=0 | cancels=0(+0/s) seqbad=0 len_bad=0 disc=0(0x00) | tot_n=11170 tot_to=0 maxever=71918 >2ms=11170 >5ms=11169 >15ms=11132 >20ms=11087 >30ms=2323 | probes=11171 wrfail=0 down=4s maxout=4s
 376.038  t=373s RTT mean=26287 min=25492 max=36273 n=34 to=0 | cancels=0(+0/s) seqbad=0 len_bad=0 disc=0(0x00) | tot_n=11204 tot_to=0 maxever=71918 >2ms=11204 >5ms=11203 >15ms=11166 >20ms=11121 >30ms=2325 | probes=11205 wrfail=0 down=4s maxout=4s
 376.038  t=374s RTT mean=25687 min=25494 max=27762 n=35 to=0 | cancels=0(+0/s) seqbad=0 len_bad=0 disc=0(0x00) | tot_n=11239 tot_to=0 maxever=71918 >2ms=11239 >5ms=11238 >15ms=11201 >20ms=11156 >30ms=2325 | probes=11240 wrfail=0 down=4s maxout=4s
 378.005  t=375s RTT mean=26040 min=25491 max=32741 n=34 to=0 | cancels=0(+0/s) seqbad=0 len_bad=0 disc=0(0x00) | tot_n=11273 tot_to=0 maxever=71918 >2ms=11273 >5ms=11272 >15ms=11235 >20ms=11190 >30ms=2326 | probes=11274 wrfail=0 down=4s maxout=4s
 378.062  t=376s RTT mean=27539 min=25497 max=42120 n=33 to=0 | cancels=0(+0/s) seqbad=0 len_bad=0 disc=0(0x00) | tot_n=11306 tot_to=0 maxever=71918 >2ms=11306 >5ms=11305 >15ms=11268 >20ms=11223 >30ms=2330 | probes=11307 wrfail=0 down=4s maxout=4s
 380.060  t=377s RTT mean=25686 min=25495 max=27754 n=35 to=0 | cancels=0(+0/s) seqbad=0 len_bad=0 disc=0(0x00) | tot_n=11341 tot_to=0 maxever=71918 >2ms=11341 >5ms=11340 >15ms=11303 >20ms=11258 >30ms=2330 | probes=11341 wrfail=0 down=4s maxout=4s
 380.060  t=378s RTT mean=28085 min=25496 max=46909 n=32 to=0 | cancels=0(+0/s) seqbad=0 len_bad=0 disc=0(0x00) | tot_n=11373 tot_to=0 maxever=71918 >2ms=11373 >5ms=11372 >15ms=11335 >20ms=11290 >30ms=2334 | probes=11374 wrfail=0 down=4s maxout=4s
 382.020  t=379s RTT mean=26286 min=25496 max=42514 n=34 to=0 | cancels=0(+0/s) seqbad=0 len_bad=0 disc=0(0x00) | tot_n=11407 tot_to=0 maxever=71918 >2ms=11407 >5ms=11406 >15ms=11369 >20ms=11324 >30ms=2335 | probes=11408 wrfail=0 down=4s maxout=4s
 382.080  t=380s RTT mean=26216 min=25498 max=39471 n=34 to=0 | cancels=0(+0/s) seqbad=0 len_bad=0 disc=0(0x00) | tot_n=11441 tot_to=0 maxever=71918 >2ms=11441 >5ms=11440 >15ms=11403 >20ms=11358 >30ms=2336 | probes=11442 wrfail=0 down=4s maxout=4s
 384.038  t=381s RTT mean=26463 min=25495 max=50501 n=34 to=0 | cancels=0(+0/s) seqbad=0 len_bad=0 disc=0(0x00) | tot_n=11475 tot_to=0 maxever=71918 >2ms=11475 >5ms=11474 >15ms=11437 >20ms=11392 >30ms=2337 | probes=11476 wrfail=0 down=4s maxout=4s
 384.038  t=382s RTT mean=26322 min=25496 max=43318 n=34 to=0 | cancels=0(+0/s) seqbad=0 len_bad=0 disc=0(0x00) | tot_n=11509 tot_to=0 maxever=71918 >2ms=11509 >5ms=11508 >15ms=11471 >20ms=11426 >30ms=2338 | probes=11510 wrfail=0 down=4s maxout=4s
 386.043  t=383s RTT mean=26359 min=25500 max=44469 n=34 to=0 | cancels=0(+0/s) seqbad=0 len_bad=0 disc=0(0x00) | tot_n=11543 tot_to=0 maxever=71918 >2ms=11543 >5ms=11542 >15ms=11505 >20ms=11460 >30ms=2339 | probes=11544 wrfail=0 down=4s maxout=4s
 386.044  t=384s RTT mean=26885 min=25498 max=50327 n=33 to=0 | cancels=0(+0/s) seqbad=0 len_bad=0 disc=0(0x00) | tot_n=11576 tot_to=0 maxever=71918 >2ms=11576 >5ms=11575 >15ms=11538 >20ms=11493 >30ms=2341 | probes=11577 wrfail=0 down=4s maxout=4s
 388.015  t=385s RTT mean=26603 min=25497 max=45733 n=34 to=0 | cancels=0(+0/s) seqbad=0 len_bad=0 disc=0(0x00) | tot_n=11610 tot_to=0 maxever=71918 >2ms=11610 >5ms=11609 >15ms=11572 >20ms=11527 >30ms=2343 | probes=11611 wrfail=0 down=4s maxout=4s
 388.074  t=386s RTT mean=27346 min=25497 max=55348 n=33 to=0 | cancels=0(+0/s) seqbad=0 len_bad=0 disc=0(0x00) | tot_n=11643 tot_to=0 maxever=71918 >2ms=11643 >5ms=11642 >15ms=11605 >20ms=11560 >30ms=2345 | probes=11643 wrfail=0 down=4s maxout=4s
 390.029  t=387s RTT mean=26193 min=25444 max=36529 n=34 to=0 | cancels=0(+0/s) seqbad=0 len_bad=0 disc=0(0x00) | tot_n=11677 tot_to=0 maxever=71918 >2ms=11677 >5ms=11676 >15ms=11639 >20ms=11594 >30ms=2346 | probes=11678 wrfail=0 down=4s maxout=4s
 390.029  t=388s RTT mean=26493 min=25489 max=50490 n=33 to=0 | cancels=0(+0/s) seqbad=0 len_bad=0 disc=0(0x00) | tot_n=11710 tot_to=0 maxever=71918 >2ms=11710 >5ms=11709 >15ms=11672 >20ms=11627 >30ms=2347 | probes=11711 wrfail=0 down=4s maxout=4s
 392.044  t=389s RTT mean=26844 min=25488 max=44516 n=34 to=0 | cancels=0(+0/s) seqbad=0 len_bad=0 disc=0(0x00) | tot_n=11744 tot_to=0 maxever=71918 >2ms=11744 >5ms=11743 >15ms=11706 >20ms=11661 >30ms=2349 | probes=11745 wrfail=0 down=4s maxout=4s
 392.045  t=390s RTT mean=25721 min=25495 max=26697 n=35 to=0 | cancels=0(+0/s) seqbad=0 len_bad=0 disc=0(0x00) | tot_n=11779 tot_to=0 maxever=71918 >2ms=11779 >5ms=11778 >15ms=11741 >20ms=11696 >30ms=2349 | probes=11780 wrfail=0 down=4s maxout=4s
 394.022  t=391s RTT mean=26181 min=25494 max=36274 n=34 to=0 | cancels=0(+0/s) seqbad=0 len_bad=0 disc=0(0x00) | tot_n=11813 tot_to=0 maxever=71918 >2ms=11813 >5ms=11812 >15ms=11775 >20ms=11730 >30ms=2350 | probes=11814 wrfail=0 down=4s maxout=4s
 394.083  t=392s RTT mean=26040 min=25493 max=31486 n=34 to=0 | cancels=0(+0/s) seqbad=0 len_bad=0 disc=0(0x00) | tot_n=11847 tot_to=0 maxever=71918 >2ms=11847 >5ms=11846 >15ms=11809 >20ms=11764 >30ms=2351 | probes=11848 wrfail=0 down=4s maxout=4s
 396.037  t=393s RTT mean=27104 min=25495 max=48919 n=33 to=0 | cancels=0(+0/s) seqbad=0 len_bad=0 disc=0(0x00) | tot_n=11880 tot_to=0 maxever=71918 >2ms=11880 >5ms=11879 >15ms=11842 >20ms=11797 >30ms=2354 | probes=11881 wrfail=0 down=4s maxout=4s
 396.037  t=394s RTT mean=26114 min=25491 max=37471 n=34 to=0 | cancels=0(+0/s) seqbad=0 len_bad=0 disc=0(0x00) | tot_n=11914 tot_to=0 maxever=71918 >2ms=11914 >5ms=11913 >15ms=11876 >20ms=11831 >30ms=2355 | probes=11915 wrfail=0 down=4s maxout=4s
 398.045  t=395s RTT mean=26059 min=25497 max=36136 n=35 to=0 | cancels=0(+0/s) seqbad=0 len_bad=0 disc=0(0x00) | tot_n=11949 tot_to=0 maxever=71918 >2ms=11949 >5ms=11948 >15ms=11911 >20ms=11866 >30ms=2356 | probes=11950 wrfail=0 down=4s maxout=4s
 398.045  t=396s RTT mean=26321 min=25497 max=38922 n=34 to=0 | cancels=0(+0/s) seqbad=0 len_bad=0 disc=0(0x00) | tot_n=11983 tot_to=0 maxever=71918 >2ms=11983 >5ms=11982 >15ms=11945 >20ms=11900 >30ms=2358 | probes=11984 wrfail=0 down=4s maxout=4s
 400.029  t=397s RTT mean=26040 min=25491 max=33743 n=34 to=0 | cancels=0(+0/s) seqbad=0 len_bad=0 disc=0(0x00) | tot_n=12017 tot_to=0 maxever=71918 >2ms=12017 >5ms=12016 >15ms=11979 >20ms=11934 >30ms=2359 | probes=12018 wrfail=0 down=4s maxout=4s
 400.089  t=398s RTT mean=25823 min=25492 max=27888 n=35 to=0 | cancels=0(+0/s) seqbad=0 len_bad=0 disc=0(0x00) | tot_n=12052 tot_to=0 maxever=71918 >2ms=12052 >5ms=12051 >15ms=12014 >20ms=11969 >30ms=2359 | probes=12053 wrfail=0 down=4s maxout=4s
 402.011  t=399s RTT mean=25935 min=25499 max=27895 n=34 to=0 | cancels=0(+0/s) seqbad=0 len_bad=0 disc=0(0x00) | tot_n=12086 tot_to=0 maxever=71918 >2ms=12086 >5ms=12085 >15ms=12048 >20ms=12003 >30ms=2359 | probes=12087 wrfail=0 down=4s maxout=4s
 402.068  t=400s RTT mean=26779 min=25492 max=39724 n=34 to=0 | cancels=0(+0/s) seqbad=0 len_bad=0 disc=0(0x00) | tot_n=12120 tot_to=0 maxever=71918 >2ms=12120 >5ms=12119 >15ms=12082 >20ms=12037 >30ms=2362 | probes=12121 wrfail=0 down=4s maxout=4s
 404.041  t=401s RTT mean=26922 min=25488 max=52753 n=33 to=0 | cancels=0(+0/s) seqbad=0 len_bad=0 disc=0(0x00) | tot_n=12153 tot_to=0 maxever=71918 >2ms=12153 >5ms=12152 >15ms=12115 >20ms=12070 >30ms=2364 | probes=12154 wrfail=0 down=4s maxout=4s
 404.041  t=402s RTT mean=25926 min=25493 max=30151 n=34 to=0 | cancels=0(+0/s) seqbad=0 len_bad=0 disc=0(0x00) | tot_n=12187 tot_to=0 maxever=71918 >2ms=12187 >5ms=12186 >15ms=12149 >20ms=12104 >30ms=2365 | probes=12188 wrfail=0 down=4s maxout=4s
 406.048  t=403s RTT mean=25899 min=25491 max=29093 n=35 to=0 | cancels=0(+0/s) seqbad=0 len_bad=0 disc=0(0x00) | tot_n=12222 tot_to=0 maxever=71918 >2ms=12222 >5ms=12221 >15ms=12184 >20ms=12139 >30ms=2365 | probes=12223 wrfail=0 down=4s maxout=4s
 406.048  t=404s RTT mean=26040 min=25496 max=30289 n=34 to=0 | cancels=0(+0/s) seqbad=0 len_bad=0 disc=0(0x00) | tot_n=12256 tot_to=0 maxever=71918 >2ms=12256 >5ms=12255 >15ms=12218 >20ms=12173 >30ms=2367 | probes=12257 wrfail=0 down=4s maxout=4s
 408.009  t=405s RTT mean=26746 min=25490 max=54091 n=33 to=0 | cancels=0(+0/s) seqbad=0 len_bad=0 disc=0(0x00) | tot_n=12289 tot_to=0 maxever=71918 >2ms=12289 >5ms=12288 >15ms=12251 >20ms=12206 >30ms=2369 | probes=12290 wrfail=0 down=4s maxout=4s
 408.069  t=406s RTT mean=26881 min=25490 max=50755 n=34 to=0 | cancels=0(+0/s) seqbad=0 len_bad=0 disc=0(0x00) | tot_n=12323 tot_to=0 maxever=71918 >2ms=12323 >5ms=12322 >15ms=12285 >20ms=12240 >30ms=2371 | probes=12324 wrfail=0 down=4s maxout=4s
 410.017  t=407s RTT mean=26638 min=25491 max=43318 n=34 to=0 | cancels=0(+0/s) seqbad=0 len_bad=0 disc=0(0x00) | tot_n=12357 tot_to=0 maxever=71918 >2ms=12357 >5ms=12356 >15ms=12319 >20ms=12274 >30ms=2373 | probes=12358 wrfail=0 down=4s maxout=4s
 410.078  t=408s RTT mean=25692 min=25494 max=26705 n=34 to=0 | cancels=0(+0/s) seqbad=0 len_bad=0 disc=0(0x00) | tot_n=12391 tot_to=0 maxever=71918 >2ms=12391 >5ms=12390 >15ms=12353 >20ms=12308 >30ms=2373 | probes=12392 wrfail=0 down=4s maxout=4s
 412.055  t=409s RTT mean=26951 min=25494 max=39747 n=34 to=0 | cancels=0(+0/s) seqbad=0 len_bad=0 disc=0(0x00) | tot_n=12425 tot_to=0 maxever=71918 >2ms=12425 >5ms=12424 >15ms=12387 >20ms=12342 >30ms=2377 | probes=12426 wrfail=0 down=4s maxout=4s
 412.055  t=410s RTT mean=25829 min=25491 max=27762 n=34 to=0 | cancels=0(+0/s) seqbad=0 len_bad=0 disc=0(0x00) | tot_n=12459 tot_to=0 maxever=71918 >2ms=12459 >5ms=12458 >15ms=12421 >20ms=12376 >30ms=2377 | probes=12460 wrfail=0 down=4s maxout=4s
 414.014  t=411s RTT mean=26568 min=25492 max=37476 n=34 to=0 | cancels=0(+0/s) seqbad=0 len_bad=0 disc=0(0x00) | tot_n=12493 tot_to=0 maxever=71918 >2ms=12493 >5ms=12492 >15ms=12455 >20ms=12410 >30ms=2380 | probes=12494 wrfail=0 down=4s maxout=4s
 414.069  t=412s RTT mean=27031 min=25498 max=42111 n=33 to=0 | cancels=0(+0/s) seqbad=0 len_bad=0 disc=0(0x00) | tot_n=12526 tot_to=0 maxever=71918 >2ms=12526 >5ms=12525 >15ms=12488 >20ms=12443 >30ms=2384 | probes=12527 wrfail=0 down=4s maxout=4s
 416.048  t=413s RTT mean=26710 min=25497 max=43318 n=34 to=0 | cancels=0(+0/s) seqbad=0 len_bad=0 disc=0(0x00) | tot_n=12560 tot_to=0 maxever=71918 >2ms=12560 >5ms=12559 >15ms=12522 >20ms=12477 >30ms=2386 | probes=12561 wrfail=0 down=4s maxout=4s
 416.048  t=414s RTT mean=25864 min=25497 max=31741 n=34 to=0 | cancels=0(+0/s) seqbad=0 len_bad=0 disc=0(0x00) | tot_n=12594 tot_to=0 maxever=71918 >2ms=12594 >5ms=12593 >15ms=12556 >20ms=12511 >30ms=2387 | probes=12595 wrfail=0 down=4s maxout=4s
 418.053  t=415s RTT mean=26031 min=25492 max=38668 n=35 to=0 | cancels=0(+0/s) seqbad=0 len_bad=0 disc=0(0x00) | tot_n=12629 tot_to=0 maxever=71918 >2ms=12629 >5ms=12628 >15ms=12591 >20ms=12546 >30ms=2388 | probes=12630 wrfail=0 down=4s maxout=4s
 418.053  t=416s RTT mean=25827 min=25496 max=27954 n=34 to=0 | cancels=0(+0/s) seqbad=0 len_bad=0 disc=0(0x00) | tot_n=12663 tot_to=0 maxever=71918 >2ms=12663 >5ms=12662 >15ms=12625 >20ms=12580 >30ms=2388 | probes=12664 wrfail=0 down=4s maxout=4s
 420.056  t=417s RTT mean=26463 min=25491 max=48106 n=34 to=0 | cancels=0(+0/s) seqbad=0 len_bad=0 disc=0(0x00) | tot_n=12697 tot_to=0 maxever=71918 >2ms=12697 >5ms=12696 >15ms=12659 >20ms=12614 >30ms=2389 | probes=12698 wrfail=0 down=4s maxout=4s
 420.056  t=418s RTT mean=27176 min=25496 max=50365 n=33 to=0 | cancels=0(+0/s) seqbad=0 len_bad=0 disc=0(0x00) | tot_n=12730 tot_to=0 maxever=71918 >2ms=12730 >5ms=12729 >15ms=12692 >20ms=12647 >30ms=2391 | probes=12731 wrfail=0 down=4s maxout=4s
 422.055  t=419s RTT mean=26711 min=25494 max=50064 n=34 to=0 | cancels=0(+0/s) seqbad=0 len_bad=0 disc=0(0x00) | tot_n=12764 tot_to=0 maxever=71918 >2ms=12764 >5ms=12763 >15ms=12726 >20ms=12681 >30ms=2393 | probes=12765 wrfail=0 down=4s maxout=4s
 422.055  t=420s RTT mean=27308 min=25498 max=51523 n=33 to=0 | cancels=0(+0/s) seqbad=0 len_bad=0 disc=0(0x00) | tot_n=12797 tot_to=0 maxever=71918 >2ms=12797 >5ms=12796 >15ms=12759 >20ms=12714 >30ms=2396 | probes=12798 wrfail=0 down=4s maxout=4s
 424.016  t=421s RTT mean=26935 min=25491 max=46910 n=33 to=0 | cancels=0(+0/s) seqbad=0 len_bad=0 disc=0(0x00) | tot_n=12830 tot_to=0 maxever=71918 >2ms=12830 >5ms=12829 >15ms=12792 >20ms=12747 >30ms=2398 | probes=12831 wrfail=0 down=4s maxout=4s
 424.076  t=422s RTT mean=26076 min=25489 max=28910 n=34 to=0 | cancels=0(+0/s) seqbad=0 len_bad=0 disc=0(0x00) | tot_n=12864 tot_to=0 maxever=71918 >2ms=12864 >5ms=12863 >15ms=12826 >20ms=12781 >30ms=2398 | probes=12865 wrfail=0 down=4s maxout=4s
 426.037  t=423s RTT mean=28309 min=25498 max=50369 n=32 to=0 | cancels=0(+0/s) seqbad=0 len_bad=0 disc=0(0x00) | tot_n=12896 tot_to=0 maxever=71918 >2ms=12896 >5ms=12895 >15ms=12858 >20ms=12813 >30ms=2402 | probes=12897 wrfail=0 down=4s maxout=4s
 426.037  t=424s RTT mean=25756 min=25491 max=26703 n=35 to=0 | cancels=0(+0/s) seqbad=0 len_bad=0 disc=0(0x00) | tot_n=12931 tot_to=0 maxever=71918 >2ms=12931 >5ms=12930 >15ms=12893 >20ms=12848 >30ms=2402 | probes=12932 wrfail=0 down=4s maxout=4s
 428.045  t=425s RTT mean=26740 min=25489 max=45712 n=33 to=0 | cancels=0(+0/s) seqbad=0 len_bad=0 disc=0(0x00) | tot_n=12964 tot_to=0 maxever=71918 >2ms=12964 >5ms=12963 >15ms=12926 >20ms=12881 >30ms=2404 | probes=12965 wrfail=0 down=4s maxout=4s
 428.045  PCTL target=190 tot=2037 to=0 p50=25 p90=26 p99=45 p99.9=51 max=55 g30=85 g100=0 (ms/counts)
 428.045  LOADRAMP: cycle complete
 428.046  LOADRAMP: target=0 KBps for 60s
 428.046  t=426s RTT mean=42033 min=25501 max=46917 n=22 to=0 | cancels=0(+0/s) seqbad=0 len_bad=0 disc=0(0x00) | tot_n=12986 tot_to=0 maxever=71918 >2ms=12986 >5ms=12985 >15ms=12948 >20ms=12903 >30ms=2421 | probes=12987 wrfail=0 down=4s maxout=4s
 430.051  t=427s RTT mean=46914 min=46906 max=46931 n=20 to=0 | cancels=0(+0/s) seqbad=0 len_bad=0 disc=0(0x00) | tot_n=13006 tot_to=0 maxever=71918 >2ms=13006 >5ms=13005 >15ms=12968 >20ms=12923 >30ms=2441 | probes=13007 wrfail=0 down=4s maxout=4s
 430.051  t=428s RTT mean=46913 min=46911 max=46916 n=20 to=0 | cancels=0(+0/s) seqbad=0 len_bad=0 disc=0(0x00) | tot_n=13026 tot_to=0 maxever=71918 >2ms=13026 >5ms=13025 >15ms=12988 >20ms=12943 >30ms=2461 | probes=13027 wrfail=0 down=4s maxout=4s
 432.035  t=429s RTT mean=46913 min=46905 max=46932 n=20 to=0 | cancels=0(+0/s) seqbad=0 len_bad=0 disc=0(0x00) | tot_n=13046 tot_to=0 maxever=71918 >2ms=13046 >5ms=13045 >15ms=13008 >20ms=12963 >30ms=2481 | probes=13047 wrfail=0 down=4s maxout=4s
 432.035  t=430s RTT mean=46913 min=46911 max=46916 n=20 to=0 | cancels=0(+0/s) seqbad=0 len_bad=0 disc=0(0x00) | tot_n=13066 tot_to=0 maxever=71918 >2ms=13066 >5ms=13065 >15ms=13028 >20ms=12983 >30ms=2501 | probes=13067 wrfail=0 down=4s maxout=4s
 434.017  t=431s RTT mean=46913 min=46905 max=46931 n=20 to=0 | cancels=0(+0/s) seqbad=0 len_bad=0 disc=0(0x00) | tot_n=13086 tot_to=0 maxever=71918 >2ms=13086 >5ms=13085 >15ms=13048 >20ms=13003 >30ms=2521 | probes=13087 wrfail=0 down=4s maxout=4s
 434.074  t=432s RTT mean=46913 min=46911 max=46916 n=20 to=0 | cancels=0(+0/s) seqbad=0 len_bad=0 disc=0(0x00) | tot_n=13106 tot_to=0 maxever=71918 >2ms=13106 >5ms=13105 >15ms=13068 >20ms=13023 >30ms=2541 | probes=13107 wrfail=0 down=4s maxout=4s
 436.028  t=433s RTT mean=46914 min=46906 max=46932 n=20 to=0 | cancels=0(+0/s) seqbad=0 len_bad=0 disc=0(0x00) | tot_n=13126 tot_to=0 maxever=71918 >2ms=13126 >5ms=13125 >15ms=13088 >20ms=13043 >30ms=2561 | probes=13127 wrfail=0 down=4s maxout=4s
 436.028  t=434s RTT mean=46913 min=46911 max=46916 n=20 to=0 | cancels=0(+0/s) seqbad=0 len_bad=0 disc=0(0x00) | tot_n=13146 tot_to=0 maxever=71918 >2ms=13146 >5ms=13145 >15ms=13108 >20ms=13063 >30ms=2581 | probes=13147 wrfail=0 down=4s maxout=4s
 438.018  t=435s RTT mean=46914 min=46905 max=46932 n=20 to=0 | cancels=0(+0/s) seqbad=0 len_bad=0 disc=0(0x00) | tot_n=13166 tot_to=0 maxever=71918 >2ms=13166 >5ms=13165 >15ms=13128 >20ms=13083 >30ms=2601 | probes=13167 wrfail=0 down=4s maxout=4s
 438.077  t=436s RTT mean=46913 min=46911 max=46917 n=20 to=0 | cancels=0(+0/s) seqbad=0 len_bad=0 disc=0(0x00) | tot_n=13186 tot_to=0 maxever=71918 >2ms=13186 >5ms=13185 >15ms=13148 >20ms=13103 >30ms=2621 | probes=13187 wrfail=0 down=4s maxout=4s
 440.045  t=437s RTT mean=46914 min=46906 max=46931 n=20 to=0 | cancels=0(+0/s) seqbad=0 len_bad=0 disc=0(0x00) | tot_n=13206 tot_to=0 maxever=71918 >2ms=13206 >5ms=13205 >15ms=13168 >20ms=13123 >30ms=2641 | probes=13207 wrfail=0 down=4s maxout=4s
 440.045  t=438s RTT mean=46913 min=46911 max=46916 n=20 to=0 | cancels=0(+0/s) seqbad=0 len_bad=0 disc=0(0x00) | tot_n=13226 tot_to=0 maxever=71918 >2ms=13226 >5ms=13225 >15ms=13188 >20ms=13143 >30ms=2661 | probes=13227 wrfail=0 down=4s maxout=4s
 442.047  t=439s RTT mean=46914 min=46905 max=46931 n=20 to=0 | cancels=0(+0/s) seqbad=0 len_bad=0 disc=0(0x00) | tot_n=13246 tot_to=0 maxever=71918 >2ms=13246 >5ms=13245 >15ms=13208 >20ms=13163 >30ms=2681 | probes=13247 wrfail=0 down=4s maxout=4s
 442.047  t=440s RTT mean=46913 min=46911 max=46916 n=20 to=0 | cancels=0(+0/s) seqbad=0 len_bad=0 disc=0(0x00) | tot_n=13266 tot_to=0 maxever=71918 >2ms=13266 >5ms=13265 >15ms=13228 >20ms=13183 >30ms=2701 | probes=13267 wrfail=0 down=4s maxout=4s
 444.010  t=441s RTT mean=46914 min=46905 max=46931 n=20 to=0 | cancels=0(+0/s) seqbad=0 len_bad=0 disc=0(0x00) | tot_n=13286 tot_to=0 maxever=71918 >2ms=13286 >5ms=13285 >15ms=13248 >20ms=13203 >30ms=2721 | probes=13287 wrfail=0 down=4s maxout=4s
 444.062  t=442s RTT mean=46913 min=46911 max=46917 n=20 to=0 | cancels=0(+0/s) seqbad=0 len_bad=0 disc=0(0x00) | tot_n=13306 tot_to=0 maxever=71918 >2ms=13306 >5ms=13305 >15ms=13268 >20ms=13223 >30ms=2741 | probes=13307 wrfail=0 down=4s maxout=4s
 446.056  t=443s RTT mean=46914 min=46905 max=46932 n=20 to=0 | cancels=0(+0/s) seqbad=0 len_bad=0 disc=0(0x00) | tot_n=13326 tot_to=0 maxever=71918 >2ms=13326 >5ms=13325 >15ms=13288 >20ms=13243 >30ms=2761 | probes=13327 wrfail=0 down=4s maxout=4s
 446.057  t=444s RTT mean=46913 min=46911 max=46916 n=20 to=0 | cancels=0(+0/s) seqbad=0 len_bad=0 disc=0(0x00) | tot_n=13346 tot_to=0 maxever=71918 >2ms=13346 >5ms=13345 >15ms=13308 >20ms=13263 >30ms=2781 | probes=13347 wrfail=0 down=4s maxout=4s
 448.047  t=445s RTT mean=46914 min=46906 max=46931 n=20 to=0 | cancels=0(+0/s) seqbad=0 len_bad=0 disc=0(0x00) | tot_n=13366 tot_to=0 maxever=71918 >2ms=13366 >5ms=13365 >15ms=13328 >20ms=13283 >30ms=2801 | probes=13367 wrfail=0 down=4s maxout=4s
 448.047  t=446s RTT mean=46913 min=46911 max=46917 n=20 to=0 | cancels=0(+0/s) seqbad=0 len_bad=0 disc=0(0x00) | tot_n=13386 tot_to=0 maxever=71918 >2ms=13386 >5ms=13385 >15ms=13348 >20ms=13303 >30ms=2821 | probes=13387 wrfail=0 down=4s maxout=4s
