   1.889  t=1s RTT mean=0 min=0 max=0 n=0 to=0 | cancels=0(+0/s) seqbad=0 len_bad=0 disc=0(0x00) | tot_n=0 tot_to=0 maxever=0 >2ms=0 >5ms=0 >15ms=0 >20ms=0 >30ms=0 | probes=0 wrfail=0 down=1s maxout=1s
   1.889  Q2CONN AA=64da4d68 CRCINIT=ef2c8b hop=14 chan_count=37 map=ffffffff1f
   1.889  GAP connected interval=7500
   1.889  MTU err=0 mtu=247
   1.890  t=2s RTT mean=0 min=0 max=0 n=0 to=0 | cancels=0(+0/s) seqbad=0 len_bad=0 disc=0(0x00) | tot_n=0 tot_to=0 maxever=0 >2ms=0 >5ms=0 >15ms=0 >20ms=0 >30ms=0 | probes=0 wrfail=0 down=2s maxout=2s
   1.890  PHY tx=2 rx=2
   2.067  *** Booting Zephyr OS build v4.4.2-16-gfee9fbc62095 ***
   2.067  [00:26:43.687,381] [0m<inf> bt_hci_core: HW Platform: Nordic Semiconductor (0x0002)[0m
   2.067  [00:26:43.687,394] [0m<inf> bt_hci_core: HW Variant: nRF54Lx (0x0005)[0m
   2.067  [00:26:43.687,405] [0m<inf> bt_hci_core: Firmware: Standard Bluetooth controller (0x00) Version 4.4 Build 2[0m
   2.067  [00:26:43.687,757] [0m<inf> bt_hci_core: HCI transport: Controller[0m
   2.067  [00:26:43.687,804] [0m<inf> bt_hci_core: Identity: FC:BE:FF:FA:E6:8B (random)[0m
   2.128  [00:26:43.687,819] [0m<inf> bt_hci_core: HCI: version 5.4 (0x0d) revision 0x0000, manufacturer 0x05f1[0m
   2.128  [00:26:43.687,834] [0m<inf> bt_hci_core: LMP: version 5.4 (0x0d) subver 0xffff[0m
   2.128  
   2.128  === nRF54L15 RTT ping-pong CENTRAL ===
   2.128  scan rc=0
   4.046  t=1s RTT mean=0 min=0 max=0 n=0 to=0 | cancels=0(+0/s) seqbad=0 len_bad=0 disc=0(0x00) | tot_n=0 tot_to=0 maxever=0 >2ms=0 >5ms=0 >15ms=0 >20ms=0 >30ms=0 | probes=0 wrfail=0 down=1s maxout=1s
   4.105  t=2s RTT mean=0 min=0 max=0 n=0 to=0 | cancels=0(+0/s) seqbad=0 len_bad=0 disc=0(0x00) | tot_n=0 tot_to=0 maxever=0 >2ms=0 >5ms=0 >15ms=0 >20ms=0 >30ms=0 | probes=0 wrfail=0 down=2s maxout=2s
   6.047  t=3s RTT mean=0 min=0 max=0 n=0 to=0 | cancels=0(+0/s) seqbad=0 len_bad=0 disc=0(0x00) | tot_n=0 tot_to=0 maxever=0 >2ms=0 >5ms=0 >15ms=0 >20ms=0 >30ms=0 | probes=0 wrfail=0 down=3s maxout=3s
   6.047  Q2CONN AA=7762e3c0 CRCINIT=fa2775 hop=6 chan_count=37 map=ffffffff1f
   6.047  GAP connected interval=7500
   6.105  MTU err=0 mtu=247
   6.105  t=4s RTT mean=0 min=0 max=0 n=0 to=0 | cancels=0(+0/s) seqbad=0 len_bad=0 disc=0(0x00) | tot_n=0 tot_to=0 maxever=0 >2ms=0 >5ms=0 >15ms=0 >20ms=0 >30ms=0 | probes=0 wrfail=0 down=4s maxout=4s
   6.105  PHY tx=2 rx=2
   7.558  discovery start (post-PHY +500ms) interval=7500 phy2m=1
   7.558  SUBSCRIBED, vh=14
   7.558  LOADRAMP: bulk char handle=17
   7.618  LOADRAMP: target=0 KBps for 60s
   7.618  t=5s RTT mean=11936 min=11912 max=12475 n=26 to=0 | cancels=0(+0/s) seqbad=0 len_bad=0 disc=0(0x00) | tot_n=26 tot_to=0 maxever=12475 >2ms=26 >5ms=26 >15ms=0 >20ms=0 >30ms=0 | probes=27 wrfail=0 down=4s maxout=4s
   9.081  t=6s RTT mean=11915 min=11912 max=11934 n=67 to=0 | cancels=0(+0/s) seqbad=0 len_bad=0 disc=0(0x00) | tot_n=93 tot_to=0 maxever=12475 >2ms=93 >5ms=93 >15ms=0 >20ms=0 >30ms=0 | probes=93 wrfail=0 down=4s maxout=4s
   9.081  t=7s RTT mean=11915 min=11912 max=11923 n=66 to=0 | cancels=0(+0/s) seqbad=0 len_bad=0 disc=0(0x00) | tot_n=159 tot_to=0 maxever=12475 >2ms=159 >5ms=159 >15ms=0 >20ms=0 >30ms=0 | probes=160 wrfail=0 down=4s maxout=4s
  10.612  FSU: request [150..150] us (ACL both dirs, 1M+2M) rc=0
  10.612  t=8s RTT mean=11915 min=11874 max=11961 n=67 to=0 | cancels=0(+0/s) seqbad=0 len_bad=0 disc=0(0x00) | tot_n=226 tot_to=0 maxever=12475 >2ms=226 >5ms=226 >15ms=0 >20ms=0 >30ms=0 | probes=227 wrfail=0 down=4s maxout=4s
  12.067  t=9s RTT mean=11915 min=11912 max=11933 n=67 to=0 | cancels=0(+0/s) seqbad=0 len_bad=0 disc=0(0x00) | tot_n=293 tot_to=0 maxever=12475 >2ms=293 >5ms=293 >15ms=0 >20ms=0 >30ms=0 | probes=293 wrfail=0 down=4s maxout=4s
  12.067  t=10s RTT mean=11915 min=11899 max=11934 n=66 to=0 | cancels=0(+0/s) seqbad=0 len_bad=0 disc=0(0x00) | tot_n=359 tot_to=0 maxever=12475 >2ms=359 >5ms=359 >15ms=0 >20ms=0 >30ms=0 | probes=360 wrfail=0 down=4s maxout=4s
  14.099  t=11s RTT mean=11915 min=11912 max=11932 n=67 to=0 | cancels=0(+0/s) seqbad=0 len_bad=0 disc=0(0x00) | tot_n=426 tot_to=0 maxever=12475 >2ms=426 >5ms=426 >15ms=0 >20ms=0 >30ms=0 | probes=427 wrfail=0 down=4s maxout=4s
  14.099  t=12s RTT mean=11915 min=11912 max=11923 n=67 to=0 | cancels=0(+0/s) seqbad=0 len_bad=0 disc=0(0x00) | tot_n=493 tot_to=0 maxever=12475 >2ms=493 >5ms=493 >15ms=0 >20ms=0 >30ms=0 | probes=493 wrfail=0 down=4s maxout=4s
  16.094  t=13s RTT mean=11915 min=11912 max=11933 n=66 to=0 | cancels=0(+0/s) seqbad=0 len_bad=0 disc=0(0x00) | tot_n=559 tot_to=0 maxever=12475 >2ms=559 >5ms=559 >15ms=0 >20ms=0 >30ms=0 | probes=560 wrfail=0 down=4s maxout=4s
  16.094  t=14s RTT mean=11915 min=11912 max=11923 n=67 to=0 | cancels=0(+0/s) seqbad=0 len_bad=0 disc=0(0x00) | tot_n=626 tot_to=0 maxever=12475 >2ms=626 >5ms=626 >15ms=0 >20ms=0 >30ms=0 | probes=627 wrfail=0 down=4s maxout=4s
  18.074  t=15s RTT mean=11915 min=11911 max=11923 n=67 to=0 | cancels=0(+0/s) seqbad=0 len_bad=0 disc=0(0x00) | tot_n=693 tot_to=0 maxever=12475 >2ms=693 >5ms=693 >15ms=0 >20ms=0 >30ms=0 | probes=693 wrfail=0 down=4s maxout=4s
  18.075  t=16s RTT mean=11915 min=11912 max=11923 n=66 to=0 | cancels=0(+0/s) seqbad=0 len_bad=0 disc=0(0x00) | tot_n=759 tot_to=0 maxever=12475 >2ms=759 >5ms=759 >15ms=0 >20ms=0 >30ms=0 | probes=760 wrfail=0 down=4s maxout=4s
  20.061  t=17s RTT mean=11915 min=11912 max=11932 n=67 to=0 | cancels=0(+0/s) seqbad=0 len_bad=0 disc=0(0x00) | tot_n=826 tot_to=0 maxever=12475 >2ms=826 >5ms=826 >15ms=0 >20ms=0 >30ms=0 | probes=827 wrfail=0 down=4s maxout=4s
  20.112  t=18s RTT mean=11915 min=11912 max=11923 n=67 to=0 | cancels=0(+0/s) seqbad=0 len_bad=0 disc=0(0x00) | tot_n=893 tot_to=0 maxever=12475 >2ms=893 >5ms=893 >15ms=0 >20ms=0 >30ms=0 | probes=893 wrfail=0 down=4s maxout=4s
  22.058  t=19s RTT mean=11915 min=11912 max=11934 n=66 to=0 | cancels=0(+0/s) seqbad=0 len_bad=0 disc=0(0x00) | tot_n=959 tot_to=0 maxever=12475 >2ms=959 >5ms=959 >15ms=0 >20ms=0 >30ms=0 | probes=960 wrfail=0 down=4s maxout=4s
  22.119  t=20s RTT mean=11915 min=11912 max=11923 n=67 to=0 | cancels=0(+0/s) seqbad=0 len_bad=0 disc=0(0x00) | tot_n=1026 tot_to=0 maxever=12475 >2ms=1026 >5ms=1026 >15ms=0 >20ms=0 >30ms=0 | probes=1027 wrfail=0 down=4s maxout=4s
  24.080  t=21s RTT mean=11915 min=11912 max=11924 n=67 to=0 | cancels=0(+0/s) seqbad=0 len_bad=0 disc=0(0x00) | tot_n=1093 tot_to=0 maxever=12475 >2ms=1093 >5ms=1093 >15ms=0 >20ms=0 >30ms=0 | probes=1093 wrfail=0 down=4s maxout=4s
  24.080  t=22s RTT mean=12146 min=11912 max=19412 n=65 to=0 | cancels=0(+0/s) seqbad=0 len_bad=0 disc=0(0x00) | tot_n=1158 tot_to=0 maxever=19412 >2ms=1158 >5ms=1158 >15ms=2 >20ms=0 >30ms=0 | probes=1159 wrfail=0 down=4s maxout=4s
  26.100  t=23s RTT mean=12027 min=11912 max=19415 n=67 to=0 | cancels=0(+0/s) seqbad=0 len_bad=0 disc=0(0x00) | tot_n=1225 tot_to=0 maxever=19415 >2ms=1225 >5ms=1225 >15ms=3 >20ms=0 >30ms=0 | probes=1225 wrfail=0 down=4s maxout=4s
  26.100  t=24s RTT mean=12261 min=11912 max=19416 n=65 to=0 | cancels=0(+0/s) seqbad=0 len_bad=0 disc=0(0x00) | tot_n=1290 tot_to=0 maxever=19416 >2ms=1290 >5ms=1290 >15ms=6 >20ms=0 >30ms=0 | probes=1291 wrfail=0 down=4s maxout=4s
  28.064  t=25s RTT mean=12261 min=11901 max=19416 n=65 to=0 | cancels=0(+0/s) seqbad=0 len_bad=0 disc=0(0x00) | tot_n=1355 tot_to=0 maxever=19416 >2ms=1355 >5ms=1355 >15ms=9 >20ms=0 >30ms=0 | probes=1356 wrfail=0 down=4s maxout=4s
  28.064  t=26s RTT mean=11915 min=11912 max=11948 n=67 to=0 | cancels=0(+0/s) seqbad=0 len_bad=0 disc=0(0x00) | tot_n=1422 tot_to=0 maxever=19416 >2ms=1422 >5ms=1422 >15ms=9 >20ms=0 >30ms=0 | probes=1422 wrfail=0 down=4s maxout=4s
  30.091  t=27s RTT mean=11915 min=11912 max=11933 n=66 to=0 | cancels=0(+0/s) seqbad=0 len_bad=0 disc=0(0x00) | tot_n=1488 tot_to=0 maxever=19416 >2ms=1488 >5ms=1488 >15ms=9 >20ms=0 >30ms=0 | probes=1489 wrfail=0 down=4s maxout=4s
  30.091  t=28s RTT mean=12142 min=11912 max=19414 n=66 to=0 | cancels=0(+0/s) seqbad=0 len_bad=0 disc=0(0x00) | tot_n=1554 tot_to=0 maxever=19416 >2ms=1554 >5ms=1554 >15ms=11 >20ms=0 >30ms=0 | probes=1555 wrfail=0 down=4s maxout=4s
  32.091  t=29s RTT mean=12142 min=11911 max=19414 n=66 to=0 | cancels=0(+0/s) seqbad=0 len_bad=0 disc=0(0x00) | tot_n=1620 tot_to=0 maxever=19416 >2ms=1620 >5ms=1620 >15ms=13 >20ms=0 >30ms=0 | probes=1620 wrfail=0 down=4s maxout=4s
  32.091  t=30s RTT mean=12029 min=11477 max=19414 n=66 to=0 | cancels=0(+0/s) seqbad=0 len_bad=0 disc=0(0x00) | tot_n=1686 tot_to=0 maxever=19416 >2ms=1686 >5ms=1686 >15ms=14 >20ms=0 >30ms=0 | probes=1687 wrfail=0 down=4s maxout=4s
  34.091  t=31s RTT mean=11915 min=11466 max=12367 n=66 to=0 | cancels=0(+0/s) seqbad=0 len_bad=0 disc=0(0x00) | tot_n=1752 tot_to=0 maxever=19416 >2ms=1752 >5ms=1752 >15ms=14 >20ms=0 >30ms=0 | probes=1753 wrfail=0 down=4s maxout=4s
  34.091  t=32s RTT mean=11922 min=11467 max=12365 n=67 to=0 | cancels=0(+0/s) seqbad=0 len_bad=0 disc=0(0x00) | tot_n=1819 tot_to=0 maxever=19416 >2ms=1819 >5ms=1819 >15ms=14 >20ms=0 >30ms=0 | probes=1820 wrfail=0 down=4s maxout=4s
  36.088  t=33s RTT mean=11909 min=11465 max=12362 n=67 to=0 | cancels=0(+0/s) seqbad=0 len_bad=0 disc=0(0x00) | tot_n=1886 tot_to=0 maxever=19416 >2ms=1886 >5ms=1886 >15ms=14 >20ms=0 >30ms=0 | probes=1887 wrfail=0 down=4s maxout=4s
  36.088  t=34s RTT mean=11915 min=11912 max=11923 n=66 to=0 | cancels=0(+0/s) seqbad=0 len_bad=0 disc=0(0x00) | tot_n=1952 tot_to=0 maxever=19416 >2ms=1952 >5ms=1952 >15ms=14 >20ms=0 >30ms=0 | probes=1953 wrfail=0 down=4s maxout=4s
  38.097  t=35s RTT mean=11915 min=11912 max=11933 n=67 to=0 | cancels=0(+0/s) seqbad=0 len_bad=0 disc=0(0x00) | tot_n=2019 tot_to=0 maxever=19416 >2ms=2019 >5ms=2019 >15ms=14 >20ms=0 >30ms=0 | probes=2020 wrfail=0 down=4s maxout=4s
  38.097  t=36s RTT mean=11915 min=11911 max=11924 n=67 to=0 | cancels=0(+0/s) seqbad=0 len_bad=0 disc=0(0x00) | tot_n=2086 tot_to=0 maxever=19416 >2ms=2086 >5ms=2086 >15ms=14 >20ms=0 >30ms=0 | probes=2087 wrfail=0 down=4s maxout=4s
  40.103  t=37s RTT mean=11915 min=11911 max=11933 n=67 to=0 | cancels=0(+0/s) seqbad=0 len_bad=0 disc=0(0x00) | tot_n=2153 tot_to=0 maxever=19416 >2ms=2153 >5ms=2153 >15ms=14 >20ms=0 >30ms=0 | probes=2153 wrfail=0 down=4s maxout=4s
  40.104  t=38s RTT mean=11915 min=11912 max=11923 n=66 to=0 | cancels=0(+0/s) seqbad=0 len_bad=0 disc=0(0x00) | tot_n=2219 tot_to=0 maxever=19416 >2ms=2219 >5ms=2219 >15ms=14 >20ms=0 >30ms=0 | probes=2220 wrfail=0 down=4s maxout=4s
  42.079  t=39s RTT mean=11915 min=11899 max=11935 n=67 to=0 | cancels=0(+0/s) seqbad=0 len_bad=0 disc=0(0x00) | tot_n=2286 tot_to=0 maxever=19416 >2ms=2286 >5ms=2286 >15ms=14 >20ms=0 >30ms=0 | probes=2287 wrfail=0 down=4s maxout=4s
  42.079  t=40s RTT mean=11915 min=11912 max=11923 n=67 to=0 | cancels=0(+0/s) seqbad=0 len_bad=0 disc=0(0x00) | tot_n=2353 tot_to=0 maxever=19416 >2ms=2353 >5ms=2353 >15ms=14 >20ms=0 >30ms=0 | probes=2353 wrfail=0 down=4s maxout=4s
  44.091  t=41s RTT mean=11915 min=11912 max=11934 n=66 to=0 | cancels=0(+0/s) seqbad=0 len_bad=0 disc=0(0x00) | tot_n=2419 tot_to=0 maxever=19416 >2ms=2419 >5ms=2419 >15ms=14 >20ms=0 >30ms=0 | probes=2420 wrfail=0 down=4s maxout=4s
  44.091  t=42s RTT mean=12028 min=11911 max=19422 n=66 to=0 | cancels=0(+0/s) seqbad=0 len_bad=0 disc=0(0x00) | tot_n=2485 tot_to=0 maxever=19422 >2ms=2485 >5ms=2485 >15ms=15 >20ms=0 >30ms=0 | probes=2486 wrfail=0 down=4s maxout=4s
  46.076  t=43s RTT mean=11915 min=11912 max=11934 n=67 to=0 | cancels=0(+0/s) seqbad=0 len_bad=0 disc=0(0x00) | tot_n=2552 tot_to=0 maxever=19422 >2ms=2552 >5ms=2552 >15ms=15 >20ms=0 >30ms=0 | probes=2553 wrfail=0 down=4s maxout=4s
  46.076  t=44s RTT mean=11915 min=11911 max=11924 n=67 to=0 | cancels=0(+0/s) seqbad=0 len_bad=0 disc=0(0x00) | tot_n=2619 tot_to=0 maxever=19422 >2ms=2619 >5ms=2619 >15ms=15 >20ms=0 >30ms=0 | probes=2620 wrfail=0 down=4s maxout=4s
  48.088  t=45s RTT mean=11915 min=11900 max=11933 n=66 to=0 | cancels=0(+0/s) seqbad=0 len_bad=0 disc=0(0x00) | tot_n=2685 tot_to=0 maxever=19422 >2ms=2685 >5ms=2685 >15ms=15 >20ms=0 >30ms=0 | probes=2686 wrfail=0 down=4s maxout=4s
  48.088  t=46s RTT mean=11915 min=11912 max=11924 n=67 to=0 | cancels=0(+0/s) seqbad=0 len_bad=0 disc=0(0x00) | tot_n=2752 tot_to=0 maxever=19422 >2ms=2752 >5ms=2752 >15ms=15 >20ms=0 >30ms=0 | probes=2753 wrfail=0 down=4s maxout=4s
  50.078  t=47s RTT mean=11915 min=11912 max=11932 n=67 to=0 | cancels=0(+0/s) seqbad=0 len_bad=0 disc=0(0x00) | tot_n=2819 tot_to=0 maxever=19422 >2ms=2819 >5ms=2819 >15ms=15 >20ms=0 >30ms=0 | probes=2820 wrfail=0 down=4s maxout=4s
  50.078  t=48s RTT mean=11915 min=11912 max=11923 n=66 to=0 | cancels=0(+0/s) seqbad=0 len_bad=0 disc=0(0x00) | tot_n=2885 tot_to=0 maxever=19422 >2ms=2885 >5ms=2885 >15ms=15 >20ms=0 >30ms=0 | probes=2886 wrfail=0 down=4s maxout=4s
  52.090  t=49s RTT mean=11915 min=11912 max=11934 n=67 to=0 | cancels=0(+0/s) seqbad=0 len_bad=0 disc=0(0x00) | tot_n=2952 tot_to=0 maxever=19422 >2ms=2952 >5ms=2952 >15ms=15 >20ms=0 >30ms=0 | probes=2953 wrfail=0 down=4s maxout=4s
  52.090  t=50s RTT mean=11915 min=11912 max=11923 n=67 to=0 | cancels=0(+0/s) seqbad=0 len_bad=0 disc=0(0x00) | tot_n=3019 tot_to=0 maxever=19422 >2ms=3019 >5ms=3019 >15ms=15 >20ms=0 >30ms=0 | probes=3020 wrfail=0 down=4s maxout=4s
  54.067  t=51s RTT mean=11915 min=11911 max=11932 n=66 to=0 | cancels=0(+0/s) seqbad=0 len_bad=0 disc=0(0x00) | tot_n=3085 tot_to=0 maxever=19422 >2ms=3085 >5ms=3085 >15ms=15 >20ms=0 >30ms=0 | probes=3086 wrfail=0 down=4s maxout=4s
  54.127  t=52s RTT mean=11915 min=11912 max=11923 n=67 to=0 | cancels=0(+0/s) seqbad=0 len_bad=0 disc=0(0x00) | tot_n=3152 tot_to=0 maxever=19422 >2ms=3152 >5ms=3152 >15ms=15 >20ms=0 >30ms=0 | probes=3153 wrfail=0 down=4s maxout=4s
  56.100  t=53s RTT mean=11915 min=11912 max=11932 n=67 to=0 | cancels=0(+0/s) seqbad=0 len_bad=0 disc=0(0x00) | tot_n=3219 tot_to=0 maxever=19422 >2ms=3219 >5ms=3219 >15ms=15 >20ms=0 >30ms=0 | probes=3220 wrfail=0 down=4s maxout=4s
  56.100  t=54s RTT mean=11915 min=11912 max=11923 n=66 to=0 | cancels=0(+0/s) seqbad=0 len_bad=0 disc=0(0x00) | tot_n=3285 tot_to=0 maxever=19422 >2ms=3285 >5ms=3285 >15ms=15 >20ms=0 >30ms=0 | probes=3286 wrfail=0 down=4s maxout=4s
  58.055  t=55s RTT mean=11915 min=11798 max=12036 n=67 to=0 | cancels=0(+0/s) seqbad=0 len_bad=0 disc=0(0x00) | tot_n=3352 tot_to=0 maxever=19422 >2ms=3352 >5ms=3352 >15ms=15 >20ms=0 >30ms=0 | probes=3353 wrfail=0 down=4s maxout=4s
  58.113  t=56s RTT mean=11915 min=11912 max=11924 n=67 to=0 | cancels=0(+0/s) seqbad=0 len_bad=0 disc=0(0x00) | tot_n=3419 tot_to=0 maxever=19422 >2ms=3419 >5ms=3419 >15ms=15 >20ms=0 >30ms=0 | probes=3420 wrfail=0 down=4s maxout=4s
  60.051  t=57s RTT mean=11915 min=11899 max=11935 n=67 to=0 | cancels=0(+0/s) seqbad=0 len_bad=0 disc=0(0x00) | tot_n=3486 tot_to=0 maxever=19422 >2ms=3486 >5ms=3486 >15ms=15 >20ms=0 >30ms=0 | probes=3486 wrfail=0 down=4s maxout=4s
  60.111  t=58s RTT mean=11915 min=11911 max=11945 n=66 to=0 | cancels=0(+0/s) seqbad=0 len_bad=0 disc=0(0x00) | tot_n=3552 tot_to=0 maxever=19422 >2ms=3552 >5ms=3552 >15ms=15 >20ms=0 >30ms=0 | probes=3553 wrfail=0 down=4s maxout=4s
  62.082  t=59s RTT mean=11915 min=11912 max=11932 n=67 to=0 | cancels=0(+0/s) seqbad=0 len_bad=0 disc=0(0x00) | tot_n=3619 tot_to=0 maxever=19422 >2ms=3619 >5ms=3619 >15ms=15 >20ms=0 >30ms=0 | probes=3620 wrfail=0 down=4s maxout=4s
  62.082  t=60s RTT mean=11915 min=11912 max=11923 n=67 to=0 | cancels=0(+0/s) seqbad=0 len_bad=0 disc=0(0x00) | tot_n=3686 tot_to=0 maxever=19422 >2ms=3686 >5ms=3686 >15ms=15 >20ms=0 >30ms=0 | probes=3686 wrfail=0 down=4s maxout=4s
  64.053  t=61s RTT mean=11915 min=11912 max=11946 n=66 to=0 | cancels=0(+0/s) seqbad=0 len_bad=0 disc=0(0x00) | tot_n=3752 tot_to=0 maxever=19422 >2ms=3752 >5ms=3752 >15ms=15 >20ms=0 >30ms=0 | probes=3753 wrfail=0 down=4s maxout=4s
  64.113  t=62s RTT mean=11915 min=11912 max=11923 n=67 to=0 | cancels=0(+0/s) seqbad=0 len_bad=0 disc=0(0x00) | tot_n=3819 tot_to=0 maxever=19422 >2ms=3819 >5ms=3819 >15ms=15 >20ms=0 >30ms=0 | probes=3820 wrfail=0 down=4s maxout=4s
  66.080  t=63s RTT mean=11915 min=11910 max=11925 n=67 to=0 | cancels=0(+0/s) seqbad=0 len_bad=0 disc=0(0x00) | tot_n=3886 tot_to=0 maxever=19422 >2ms=3886 >5ms=3886 >15ms=15 >20ms=0 >30ms=0 | probes=3886 wrfail=0 down=4s maxout=4s
  66.080  t=64s RTT mean=11915 min=11912 max=11945 n=66 to=0 | cancels=0(+0/s) seqbad=0 len_bad=0 disc=0(0x00) | tot_n=3952 tot_to=0 maxever=19422 >2ms=3952 >5ms=3952 >15ms=15 >20ms=0 >30ms=0 | probes=3953 wrfail=0 down=4s maxout=4s
  67.813  PCTL target=0 tot=3994 to=0 p50=11 p90=11 p99=11 p99.9=19 max=19 g30=0 g100=0 (ms/counts)
  67.813  LOADRAMP: target=140 KBps for 60s
  67.813  t=65s RTT mean=13461 min=11912 max=24039 n=61 to=0 | cancels=0(+0/s) seqbad=0 len_bad=0 disc=0(0x00) | tot_n=4013 tot_to=0 maxever=24039 >2ms=4013 >5ms=4013 >15ms=27 >20ms=1 >30ms=0 | probes=4013 wrfail=0 down=4s maxout=4s
  69.089  t=66s RTT mean=19046 min=7338 max=26460 n=45 to=0 | cancels=0(+0/s) seqbad=0 len_bad=0 disc=0(0x00) | tot_n=4058 tot_to=0 maxever=26460 >2ms=4058 >5ms=4058 >15ms=69 >20ms=3 >30ms=0 | probes=4059 wrfail=0 down=4s maxout=4s
  69.089  t=67s RTT mean=18565 min=5975 max=20807 n=46 to=0 | cancels=0(+0/s) seqbad=0 len_bad=0 disc=0(0x00) | tot_n=4104 tot_to=0 maxever=26460 >2ms=4104 >5ms=4104 >15ms=111 >20ms=6 >30ms=0 | probes=4105 wrfail=0 down=4s maxout=4s
  71.058  t=68s RTT mean=18759 min=11468 max=20804 n=46 to=0 | cancels=0(+0/s) seqbad=0 len_bad=0 disc=0(0x00) | tot_n=4150 tot_to=0 maxever=26460 >2ms=4150 >5ms=4150 >15ms=153 >20ms=7 >30ms=0 | probes=4151 wrfail=0 down=4s maxout=4s
  71.117  t=69s RTT mean=18626 min=5968 max=20804 n=46 to=0 | cancels=0(+0/s) seqbad=0 len_bad=0 disc=0(0x00) | tot_n=4196 tot_to=0 maxever=26460 >2ms=4196 >5ms=4196 >15ms=195 >20ms=11 >30ms=0 | probes=4197 wrfail=0 down=4s maxout=4s
  73.080  t=70s RTT mean=18566 min=5974 max=20804 n=46 to=0 | cancels=0(+0/s) seqbad=0 len_bad=0 disc=0(0x00) | tot_n=4242 tot_to=0 maxever=26460 >2ms=4242 >5ms=4242 >15ms=237 >20ms=13 >30ms=0 | probes=4243 wrfail=0 down=4s maxout=4s
  73.080  t=71s RTT mean=18748 min=9042 max=22197 n=46 to=0 | cancels=0(+0/s) seqbad=0 len_bad=0 disc=0(0x00) | tot_n=4288 tot_to=0 maxever=26460 >2ms=4288 >5ms=4288 >15ms=279 >20ms=18 >30ms=0 | probes=4289 wrfail=0 down=4s maxout=4s
  75.056  t=72s RTT mean=18636 min=5974 max=20802 n=46 to=0 | cancels=0(+0/s) seqbad=0 len_bad=0 disc=0(0x00) | tot_n=4334 tot_to=0 maxever=26460 >2ms=4334 >5ms=4334 >15ms=321 >20ms=19 >30ms=0 | probes=4335 wrfail=0 down=4s maxout=4s
  75.117  t=73s RTT mean=19077 min=10427 max=25518 n=45 to=0 | cancels=0(+0/s) seqbad=0 len_bad=0 disc=0(0x00) | tot_n=4379 tot_to=0 maxever=26460 >2ms=4379 >5ms=4379 >15ms=363 >20ms=23 >30ms=0 | probes=4380 wrfail=0 down=4s maxout=4s
  77.080  t=74s RTT mean=18719 min=9042 max=22198 n=46 to=0 | cancels=0(+0/s) seqbad=0 len_bad=0 disc=0(0x00) | tot_n=4425 tot_to=0 maxever=26460 >2ms=4425 >5ms=4425 >15ms=405 >20ms=24 >30ms=0 | probes=4426 wrfail=0 down=4s maxout=4s
  77.080  t=75s RTT mean=19077 min=11912 max=23964 n=45 to=0 | cancels=0(+0/s) seqbad=0 len_bad=0 disc=0(0x00) | tot_n=4470 tot_to=0 maxever=26460 >2ms=4470 >5ms=4470 >15ms=447 >20ms=27 >30ms=0 | probes=4471 wrfail=0 down=4s maxout=4s
  79.098  t=76s RTT mean=19119 min=11912 max=26911 n=45 to=0 | cancels=0(+0/s) seqbad=0 len_bad=0 disc=0(0x00) | tot_n=4515 tot_to=0 maxever=26911 >2ms=4515 >5ms=4515 >15ms=489 >20ms=30 >30ms=0 | probes=4516 wrfail=0 down=4s maxout=4s
  79.099  t=77s RTT mean=19213 min=10885 max=26460 n=45 to=0 | cancels=0(+0/s) seqbad=0 len_bad=0 disc=0(0x00) | tot_n=4560 tot_to=0 maxever=26911 >2ms=4560 >5ms=4560 >15ms=531 >20ms=33 >30ms=0 | probes=4561 wrfail=0 down=4s maxout=4s
  81.073  t=78s RTT mean=19109 min=11468 max=25069 n=45 to=0 | cancels=0(+0/s) seqbad=0 len_bad=0 disc=0(0x00) | tot_n=4605 tot_to=0 maxever=26911 >2ms=4605 >5ms=4605 >15ms=573 >20ms=36 >30ms=0 | probes=4606 wrfail=0 down=4s maxout=4s
  81.130  t=79s RTT mean=19077 min=9042 max=25527 n=45 to=0 | cancels=0(+0/s) seqbad=0 len_bad=0 disc=0(0x00) | tot_n=4650 tot_to=0 maxever=26911 >2ms=4650 >5ms=4650 >15ms=615 >20ms=43 >30ms=0 | probes=4651 wrfail=0 down=4s maxout=4s
  83.100  t=80s RTT mean=18719 min=9042 max=20804 n=46 to=0 | cancels=0(+0/s) seqbad=0 len_bad=0 disc=0(0x00) | tot_n=4696 tot_to=0 maxever=26911 >2ms=4696 >5ms=4696 >15ms=657 >20ms=46 >30ms=0 | probes=4697 wrfail=0 down=4s maxout=4s
  83.100  t=81s RTT mean=18605 min=5974 max=20804 n=46 to=0 | cancels=0(+0/s) seqbad=0 len_bad=0 disc=0(0x00) | tot_n=4742 tot_to=0 maxever=26911 >2ms=4742 >5ms=4742 >15ms=699 >20ms=47 >30ms=0 | probes=4743 wrfail=0 down=4s maxout=4s
  85.063  t=82s RTT mean=18789 min=9028 max=20804 n=46 to=0 | cancels=0(+0/s) seqbad=0 len_bad=0 disc=0(0x00) | tot_n=4788 tot_to=0 maxever=26911 >2ms=4788 >5ms=4788 >15ms=741 >20ms=51 >30ms=0 | probes=4789 wrfail=0 down=4s maxout=4s
  85.115  t=83s RTT mean=19077 min=9042 max=26911 n=45 to=0 | cancels=0(+0/s) seqbad=0 len_bad=0 disc=0(0x00) | tot_n=4833 tot_to=0 maxever=26911 >2ms=4833 >5ms=4833 >15ms=783 >20ms=55 >30ms=0 | probes=4834 wrfail=0 down=4s maxout=4s
  87.085  t=84s RTT mean=19037 min=9028 max=26909 n=45 to=0 | cancels=0(+0/s) seqbad=0 len_bad=0 disc=0(0x00) | tot_n=4878 tot_to=0 maxever=26911 >2ms=4878 >5ms=4878 >15ms=825 >20ms=57 >30ms=0 | probes=4879 wrfail=0 down=4s maxout=4s
  87.085  t=85s RTT mean=18759 min=10876 max=19420 n=46 to=0 | cancels=0(+0/s) seqbad=0 len_bad=0 disc=0(0x00) | tot_n=4924 tot_to=0 maxever=26911 >2ms=4924 >5ms=4924 >15ms=867 >20ms=57 >30ms=0 | probes=4925 wrfail=0 down=4s maxout=4s
  89.080  t=86s RTT mean=19088 min=9042 max=25515 n=45 to=0 | cancels=0(+0/s) seqbad=0 len_bad=0 disc=0(0x00) | tot_n=4969 tot_to=0 maxever=26911 >2ms=4969 >5ms=4969 >15ms=909 >20ms=60 >30ms=0 | probes=4970 wrfail=0 down=4s maxout=4s
  89.140  t=87s RTT mean=18625 min=5974 max=22198 n=46 to=0 | cancels=0(+0/s) seqbad=0 len_bad=0 disc=0(0x00) | tot_n=5015 tot_to=0 maxever=26911 >2ms=5015 >5ms=5015 >15ms=951 >20ms=65 >30ms=0 | probes=5016 wrfail=0 down=4s maxout=4s
  91.072  t=88s RTT mean=19078 min=11912 max=22365 n=45 to=0 | cancels=0(+0/s) seqbad=0 len_bad=0 disc=0(0x00) | tot_n=5060 tot_to=0 maxever=26911 >2ms=5060 >5ms=5060 >15ms=994 >20ms=70 >30ms=0 | probes=5061 wrfail=0 down=4s maxout=4s
  91.132  t=89s RTT mean=18718 min=9041 max=20804 n=46 to=0 | cancels=0(+0/s) seqbad=0 len_bad=0 disc=0(0x00) | tot_n=5106 tot_to=0 maxever=26911 >2ms=5106 >5ms=5106 >15ms=1036 >20ms=73 >30ms=0 | probes=5107 wrfail=0 down=4s maxout=4s
  93.084  t=90s RTT mean=18636 min=5974 max=20805 n=46 to=0 | cancels=0(+0/s) seqbad=0 len_bad=0 disc=0(0x00) | tot_n=5152 tot_to=0 maxever=26911 >2ms=5152 >5ms=5152 >15ms=1078 >20ms=76 >30ms=0 | probes=5153 wrfail=0 down=4s maxout=4s
  93.084  t=91s RTT mean=18595 min=5974 max=20813 n=46 to=0 | cancels=0(+0/s) seqbad=0 len_bad=0 disc=0(0x00) | tot_n=5198 tot_to=0 maxever=26911 >2ms=5198 >5ms=5198 >15ms=1120 >20ms=82 >30ms=0 | probes=5199 wrfail=0 down=4s maxout=4s
  95.114  t=92s RTT mean=18719 min=9028 max=20805 n=46 to=0 | cancels=0(+0/s) seqbad=0 len_bad=0 disc=0(0x00) | tot_n=5244 tot_to=0 maxever=26911 >2ms=5244 >5ms=5244 >15ms=1162 >20ms=84 >30ms=0 | probes=5245 wrfail=0 down=4s maxout=4s
  95.114  t=93s RTT mean=18759 min=5974 max=26458 n=46 to=0 | cancels=0(+0/s) seqbad=0 len_bad=0 disc=0(0x00) | tot_n=5290 tot_to=0 maxever=26911 >2ms=5290 >5ms=5290 >15ms=1204 >20ms=85 >30ms=0 | probes=5291 wrfail=0 down=4s maxout=4s
  97.072  t=94s RTT mean=18952 min=9028 max=22300 n=45 to=0 | cancels=0(+0/s) seqbad=0 len_bad=0 disc=0(0x00) | tot_n=5335 tot_to=0 maxever=26911 >2ms=5335 >5ms=5335 >15ms=1246 >20ms=88 >30ms=0 | probes=5336 wrfail=0 down=4s maxout=4s
  97.130  t=95s RTT mean=19077 min=10885 max=25067 n=45 to=0 | cancels=0(+0/s) seqbad=0 len_bad=0 disc=0(0x00) | tot_n=5380 tot_to=0 maxever=26911 >2ms=5380 >5ms=5380 >15ms=1288 >20ms=91 >30ms=0 | probes=5381 wrfail=0 down=4s maxout=4s
  99.107  t=96s RTT mean=18729 min=5974 max=25518 n=46 to=0 | cancels=0(+0/s) seqbad=0 len_bad=0 disc=0(0x00) | tot_n=5426 tot_to=0 maxever=26911 >2ms=5426 >5ms=5426 >15ms=1330 >20ms=93 >30ms=0 | probes=5427 wrfail=0 down=4s maxout=4s
  99.107  t=97s RTT mean=19234 min=9029 max=26911 n=45 to=0 | cancels=0(+0/s) seqbad=0 len_bad=0 disc=0(0x00) | tot_n=5471 tot_to=0 maxever=26911 >2ms=5471 >5ms=5471 >15ms=1372 >20ms=98 >30ms=0 | probes=5472 wrfail=0 down=4s maxout=4s
 101.062  t=98s RTT mean=19078 min=9028 max=32568 n=45 to=0 | cancels=0(+0/s) seqbad=0 len_bad=0 disc=0(0x00) | tot_n=5516 tot_to=0 maxever=32568 >2ms=5516 >5ms=5516 >15ms=1414 >20ms=100 >30ms=1 | probes=5517 wrfail=0 down=4s maxout=4s
 101.114  t=99s RTT mean=19087 min=5974 max=26461 n=45 to=0 | cancels=0(+0/s) seqbad=0 len_bad=0 disc=0(0x00) | tot_n=5561 tot_to=0 maxever=32568 >2ms=5561 >5ms=5561 >15ms=1457 >20ms=102 >30ms=1 | probes=5562 wrfail=0 down=4s maxout=4s
 103.070  t=100s RTT mean=18749 min=10438 max=19430 n=46 to=0 | cancels=0(+0/s) seqbad=0 len_bad=0 disc=0(0x00) | tot_n=5607 tot_to=0 maxever=32568 >2ms=5607 >5ms=5607 >15ms=1499 >20ms=102 >30ms=1 | probes=5608 wrfail=0 down=4s maxout=4s
 103.130  t=101s RTT mean=18921 min=9042 max=21252 n=45 to=0 | cancels=0(+0/s) seqbad=0 len_bad=0 disc=0(0x00) | tot_n=5652 tot_to=0 maxever=32568 >2ms=5652 >5ms=5652 >15ms=1541 >20ms=105 >30ms=1 | probes=5653 wrfail=0 down=4s maxout=4s
 105.081  t=102s RTT mean=18749 min=10438 max=19431 n=46 to=0 | cancels=0(+0/s) seqbad=0 len_bad=0 disc=0(0x00) | tot_n=5698 tot_to=0 maxever=32568 >2ms=5698 >5ms=5698 >15ms=1583 >20ms=105 >30ms=1 | probes=5699 wrfail=0 down=4s maxout=4s
 105.136  t=103s RTT mean=19118 min=10874 max=25004 n=45 to=0 | cancels=0(+0/s) seqbad=0 len_bad=0 disc=0(0x00) | tot_n=5743 tot_to=0 maxever=32568 >2ms=5743 >5ms=5743 >15ms=1625 >20ms=110 >30ms=1 | probes=5744 wrfail=0 down=4s maxout=4s
 107.095  t=104s RTT mean=19078 min=9041 max=25081 n=45 to=0 | cancels=0(+0/s) seqbad=0 len_bad=0 disc=0(0x00) | tot_n=5788 tot_to=0 maxever=32568 >2ms=5788 >5ms=5788 >15ms=1667 >20ms=115 >30ms=1 | probes=5789 wrfail=0 down=4s maxout=4s
 107.095  t=105s RTT mean=18758 min=5974 max=25076 n=46 to=0 | cancels=0(+0/s) seqbad=0 len_bad=0 disc=0(0x00) | tot_n=5834 tot_to=0 maxever=32568 >2ms=5834 >5ms=5834 >15ms=1709 >20ms=119 >30ms=1 | probes=5835 wrfail=0 down=4s maxout=4s
 109.092  t=106s RTT mean=19078 min=10885 max=25067 n=45 to=0 | cancels=0(+0/s) seqbad=0 len_bad=0 disc=0(0x00) | tot_n=5879 tot_to=0 maxever=32568 >2ms=5879 >5ms=5879 >15ms=1751 >20ms=123 >30ms=1 | probes=5880 wrfail=0 down=4s maxout=4s
 109.093  t=107s RTT mean=18728 min=9042 max=20804 n=46 to=0 | cancels=0(+0/s) seqbad=0 len_bad=0 disc=0(0x00) | tot_n=5925 tot_to=0 maxever=32568 >2ms=5925 >5ms=5925 >15ms=1793 >20ms=125 >30ms=1 | probes=5926 wrfail=0 down=4s maxout=4s
 111.090  t=108s RTT mean=19068 min=11912 max=23964 n=45 to=0 | cancels=0(+0/s) seqbad=0 len_bad=0 disc=0(0x00) | tot_n=5970 tot_to=0 maxever=32568 >2ms=5970 >5ms=5970 >15ms=1835 >20ms=127 >30ms=1 | probes=5971 wrfail=0 down=4s maxout=4s
 111.090  t=109s RTT mean=18758 min=9043 max=24041 n=46 to=0 | cancels=0(+0/s) seqbad=0 len_bad=0 disc=0(0x00) | tot_n=6016 tot_to=0 maxever=32568 >2ms=6016 >5ms=6016 >15ms=1877 >20ms=128 >30ms=1 | probes=6017 wrfail=0 down=4s maxout=4s
 113.116  t=110s RTT mean=18798 min=9042 max=22193 n=46 to=0 | cancels=0(+0/s) seqbad=0 len_bad=0 disc=0(0x00) | tot_n=6062 tot_to=0 maxever=32568 >2ms=6062 >5ms=6062 >15ms=1919 >20ms=131 >30ms=1 | probes=6063 wrfail=0 down=4s maxout=4s
 113.116  t=111s RTT mean=18880 min=10884 max=25069 n=45 to=0 | cancels=0(+0/s) seqbad=0 len_bad=0 disc=0(0x00) | tot_n=6107 tot_to=0 maxever=32568 >2ms=6107 >5ms=6107 >15ms=1960 >20ms=133 >30ms=1 | probes=6108 wrfail=0 down=4s maxout=4s
 115.093  t=112s RTT mean=18759 min=9028 max=20804 n=46 to=0 | cancels=0(+0/s) seqbad=0 len_bad=0 disc=0(0x00) | tot_n=6153 tot_to=0 maxever=32568 >2ms=6153 >5ms=6153 >15ms=2002 >20ms=135 >30ms=1 | probes=6154 wrfail=0 down=4s maxout=4s
 115.093  t=113s RTT mean=18624 min=8689 max=20802 n=46 to=0 | cancels=0(+0/s) seqbad=0 len_bad=0 disc=0(0x00) | tot_n=6199 tot_to=0 maxever=32568 >2ms=6199 >5ms=6199 >15ms=2044 >20ms=136 >30ms=1 | probes=6200 wrfail=0 down=4s maxout=4s
 117.103  t=114s RTT mean=19078 min=11912 max=22566 n=45 to=0 | cancels=0(+0/s) seqbad=0 len_bad=0 disc=0(0x00) | tot_n=6244 tot_to=0 maxever=32568 >2ms=6244 >5ms=6244 >15ms=2086 >20ms=139 >30ms=1 | probes=6245 wrfail=0 down=4s maxout=4s
 117.103  t=115s RTT mean=19077 min=9043 max=26911 n=45 to=0 | cancels=0(+0/s) seqbad=0 len_bad=0 disc=0(0x00) | tot_n=6289 tot_to=0 maxever=32568 >2ms=6289 >5ms=6289 >15ms=2128 >20ms=147 >30ms=1 | probes=6290 wrfail=0 down=4s maxout=4s
 119.072  t=116s RTT mean=18789 min=5974 max=20861 n=46 to=0 | cancels=0(+0/s) seqbad=0 len_bad=0 disc=0(0x00) | tot_n=6335 tot_to=0 maxever=32568 >2ms=6335 >5ms=6335 >15ms=2171 >20ms=155 >30ms=1 | probes=6336 wrfail=0 down=4s maxout=4s
 119.130  t=117s RTT mean=19046 min=11912 max=23964 n=45 to=0 | cancels=0(+0/s) seqbad=0 len_bad=0 disc=0(0x00) | tot_n=6380 tot_to=0 maxever=32568 >2ms=6380 >5ms=6380 >15ms=2213 >20ms=157 >30ms=1 | probes=6381 wrfail=0 down=4s maxout=4s
 121.089  t=118s RTT mean=18719 min=11468 max=19431 n=46 to=0 | cancels=0(+0/s) seqbad=0 len_bad=0 disc=0(0x00) | tot_n=6426 tot_to=0 maxever=32568 >2ms=6426 >5ms=6426 >15ms=2255 >20ms=157 >30ms=1 | probes=6427 wrfail=0 down=4s maxout=4s
 121.089  t=119s RTT mean=19077 min=11913 max=25067 n=45 to=0 | cancels=0(+0/s) seqbad=0 len_bad=0 disc=0(0x00) | tot_n=6471 tot_to=0 maxever=32568 >2ms=6471 >5ms=6471 >15ms=2297 >20ms=159 >30ms=1 | probes=6472 wrfail=0 down=4s maxout=4s
 123.077  t=120s RTT mean=18606 min=5974 max=19880 n=46 to=0 | cancels=0(+0/s) seqbad=0 len_bad=0 disc=0(0x00) | tot_n=6517 tot_to=0 maxever=32568 >2ms=6517 >5ms=6517 >15ms=2339 >20ms=159 >30ms=1 | probes=6518 wrfail=0 down=4s maxout=4s
 123.137  t=121s RTT mean=18749 min=9043 max=20804 n=46 to=0 | cancels=0(+0/s) seqbad=0 len_bad=0 disc=0(0x00) | tot_n=6563 tot_to=0 maxever=32568 >2ms=6563 >5ms=6563 >15ms=2381 >20ms=162 >30ms=1 | probes=6564 wrfail=0 down=4s maxout=4s
 125.117  t=122s RTT mean=18606 min=5974 max=19430 n=46 to=0 | cancels=0(+0/s) seqbad=0 len_bad=0 disc=0(0x00) | tot_n=6609 tot_to=0 maxever=32568 >2ms=6609 >5ms=6609 >15ms=2423 >20ms=162 >30ms=1 | probes=6610 wrfail=0 down=4s maxout=4s
 125.117  t=123s RTT mean=19108 min=5974 max=26909 n=45 to=0 | cancels=0(+0/s) seqbad=0 len_bad=0 disc=0(0x00) | tot_n=6654 tot_to=0 maxever=32568 >2ms=6654 >5ms=6654 >15ms=2465 >20ms=167 >30ms=1 | probes=6655 wrfail=0 down=4s maxout=4s
 127.071  t=124s RTT mean=18759 min=9043 max=20805 n=46 to=0 | cancels=0(+0/s) seqbad=0 len_bad=0 disc=0(0x00) | tot_n=6700 tot_to=0 maxever=32568 >2ms=6700 >5ms=6700 >15ms=2507 >20ms=169 >30ms=1 | probes=6701 wrfail=0 down=4s maxout=4s
 127.130  PCTL target=140 tot=2733 to=0 p50=19 p90=19 p99=24 p99.9=26 max=32 g30=1 g100=0 (ms/counts)
 127.130  LOADRAMP: target=150 KBps for 60s
 127.130  t=125s RTT mean=18565 min=5973 max=20804 n=46 to=0 | cancels=0(+0/s) seqbad=0 len_bad=0 disc=0(0x00) | tot_n=6746 tot_to=0 maxever=32568 >2ms=6746 >5ms=6746 >15ms=2549 >20ms=173 >30ms=1 | probes=6747 wrfail=0 down=4s maxout=4s
 129.122  t=126s RTT mean=19442 min=18013 max=20804 n=45 to=0 | cancels=0(+0/s) seqbad=0 len_bad=0 disc=0(0x00) | tot_n=6791 tot_to=0 maxever=32568 >2ms=6791 >5ms=6791 >15ms=2594 >20ms=175 >30ms=1 | probes=6792 wrfail=0 down=4s maxout=4s
 129.122  t=127s RTT mean=19581 min=18012 max=26911 n=44 to=0 | cancels=0(+0/s) seqbad=0 len_bad=0 disc=0(0x00) | tot_n=6835 tot_to=0 maxever=32568 >2ms=6835 >5ms=6835 >15ms=2638 >20ms=179 >30ms=1 | probes=6836 wrfail=0 down=4s maxout=4s
 131.117  t=128s RTT mean=19411 min=18013 max=22197 n=44 to=0 | cancels=0(+0/s) seqbad=0 len_bad=0 disc=0(0x00) | tot_n=6879 tot_to=0 maxever=32568 >2ms=6879 >5ms=6879 >15ms=2682 >20ms=181 >30ms=1 | probes=6880 wrfail=0 down=4s maxout=4s
 131.117  t=129s RTT mean=19410 min=18011 max=20805 n=45 to=0 | cancels=0(+0/s) seqbad=0 len_bad=0 disc=0(0x00) | tot_n=6924 tot_to=0 maxever=32568 >2ms=6924 >5ms=6924 >15ms=2727 >20ms=185 >30ms=1 | probes=6925 wrfail=0 down=4s maxout=4s
 133.114  t=130s RTT mean=19581 min=19408 max=26911 n=44 to=0 | cancels=0(+0/s) seqbad=0 len_bad=0 disc=0(0x00) | tot_n=6968 tot_to=0 maxever=32568 >2ms=6968 >5ms=6968 >15ms=2771 >20ms=186 >30ms=1 | probes=6969 wrfail=0 down=4s maxout=4s
 133.114  t=131s RTT mean=19410 min=18011 max=20813 n=44 to=0 | cancels=0(+0/s) seqbad=0 len_bad=0 disc=0(0x00) | tot_n=7012 tot_to=0 maxever=32568 >2ms=7012 >5ms=7012 >15ms=2815 >20ms=192 >30ms=1 | probes=7013 wrfail=0 down=4s maxout=4s
 135.101  t=132s RTT mean=19411 min=18013 max=20823 n=45 to=0 | cancels=0(+0/s) seqbad=0 len_bad=0 disc=0(0x00) | tot_n=7057 tot_to=0 maxever=32568 >2ms=7057 >5ms=7057 >15ms=2860 >20ms=193 >30ms=1 | probes=7058 wrfail=0 down=4s maxout=4s
 135.101  t=133s RTT mean=19549 min=19408 max=25517 n=44 to=0 | cancels=0(+0/s) seqbad=0 len_bad=0 disc=0(0x00) | tot_n=7101 tot_to=0 maxever=32568 >2ms=7101 >5ms=7101 >15ms=2904 >20ms=194 >30ms=1 | probes=7102 wrfail=0 down=4s maxout=4s
 137.122  t=134s RTT mean=19443 min=19408 max=20802 n=44 to=0 | cancels=0(+0/s) seqbad=0 len_bad=0 disc=0(0x00) | tot_n=7145 tot_to=0 maxever=32568 >2ms=7145 >5ms=7145 >15ms=2948 >20ms=195 >30ms=1 | probes=7146 wrfail=0 down=4s maxout=4s
 137.122  t=135s RTT mean=19410 min=18012 max=20805 n=45 to=0 | cancels=0(+0/s) seqbad=0 len_bad=0 disc=0(0x00) | tot_n=7190 tot_to=0 maxever=32568 >2ms=7190 >5ms=7190 >15ms=2993 >20ms=196 >30ms=1 | probes=7191 wrfail=0 down=4s maxout=4s
 139.080  t=136s RTT mean=19411 min=19405 max=19429 n=44 to=0 | cancels=0(+0/s) seqbad=0 len_bad=0 disc=0(0x00) | tot_n=7234 tot_to=0 maxever=32568 >2ms=7234 >5ms=7234 >15ms=3037 >20ms=196 >30ms=1 | probes=7235 wrfail=0 down=4s maxout=4s
 139.141  t=137s RTT mean=19581 min=19408 max=26911 n=44 to=0 | cancels=0(+0/s) seqbad=0 len_bad=0 disc=0(0x00) | tot_n=7278 tot_to=0 maxever=32568 >2ms=7278 >5ms=7278 >15ms=3081 >20ms=197 >30ms=1 | probes=7279 wrfail=0 down=4s maxout=4s
 141.118  t=138s RTT mean=19411 min=18012 max=22195 n=45 to=0 | cancels=0(+0/s) seqbad=0 len_bad=0 disc=0(0x00) | tot_n=7323 tot_to=0 maxever=32568 >2ms=7323 >5ms=7323 >15ms=3126 >20ms=198 >30ms=1 | probes=7324 wrfail=0 down=4s maxout=4s
 141.118  t=139s RTT mean=19709 min=18012 max=25068 n=44 to=0 | cancels=0(+0/s) seqbad=0 len_bad=0 disc=0(0x00) | tot_n=7367 tot_to=0 maxever=32568 >2ms=7367 >5ms=7367 >15ms=3170 >20ms=202 >30ms=1 | probes=7368 wrfail=0 down=4s maxout=4s
 143.089  t=140s RTT mean=19760 min=19409 max=26911 n=43 to=0 | cancels=0(+0/s) seqbad=0 len_bad=0 disc=0(0x00) | tot_n=7410 tot_to=0 maxever=32568 >2ms=7410 >5ms=7410 >15ms=3213 >20ms=205 >30ms=1 | probes=7411 wrfail=0 down=4s maxout=4s
 143.150  t=141s RTT mean=19751 min=18013 max=25067 n=44 to=0 | cancels=0(+0/s) seqbad=0 len_bad=0 disc=0(0x00) | tot_n=7454 tot_to=0 maxever=32568 >2ms=7454 >5ms=7454 >15ms=3257 >20ms=209 >30ms=1 | probes=7455 wrfail=0 down=4s maxout=4s
 145.122  t=142s RTT mean=19452 min=18010 max=21253 n=45 to=0 | cancels=0(+0/s) seqbad=0 len_bad=0 disc=0(0x00) | tot_n=7499 tot_to=0 maxever=32568 >2ms=7499 >5ms=7499 >15ms=3302 >20ms=212 >30ms=1 | probes=7499 wrfail=0 down=4s maxout=4s
 145.123  t=143s RTT mean=19410 min=19404 max=19413 n=44 to=0 | cancels=0(+0/s) seqbad=0 len_bad=0 disc=0(0x00) | tot_n=7543 tot_to=0 maxever=32568 >2ms=7543 >5ms=7543 >15ms=3346 >20ms=212 >30ms=1 | probes=7544 wrfail=0 down=4s maxout=4s
 147.094  t=144s RTT mean=19411 min=19409 max=19431 n=44 to=0 | cancels=0(+0/s) seqbad=0 len_bad=0 disc=0(0x00) | tot_n=7587 tot_to=0 maxever=32568 >2ms=7587 >5ms=7587 >15ms=3390 >20ms=212 >30ms=1 | probes=7588 wrfail=0 down=4s maxout=4s
 147.094  t=145s RTT mean=19410 min=18013 max=22197 n=45 to=0 | cancels=0(+0/s) seqbad=0 len_bad=0 disc=0(0x00) | tot_n=7632 tot_to=0 maxever=32568 >2ms=7632 >5ms=7632 >15ms=3435 >20ms=214 >30ms=1 | probes=7633 wrfail=0 down=4s maxout=4s
 149.127  t=146s RTT mean=19581 min=18011 max=25063 n=44 to=0 | cancels=0(+0/s) seqbad=0 len_bad=0 disc=0(0x00) | tot_n=7676 tot_to=0 maxever=32568 >2ms=7676 >5ms=7676 >15ms=3479 >20ms=220 >30ms=1 | probes=7677 wrfail=0 down=4s maxout=4s
 149.127  t=147s RTT mean=19410 min=19406 max=19420 n=44 to=0 | cancels=0(+0/s) seqbad=0 len_bad=0 disc=0(0x00) | tot_n=7720 tot_to=0 maxever=32568 >2ms=7720 >5ms=7720 >15ms=3523 >20ms=220 >30ms=1 | probes=7721 wrfail=0 down=4s maxout=4s
 151.121  t=148s RTT mean=19410 min=18013 max=22198 n=45 to=0 | cancels=0(+0/s) seqbad=0 len_bad=0 disc=0(0x00) | tot_n=7765 tot_to=0 maxever=32568 >2ms=7765 >5ms=7765 >15ms=3568 >20ms=225 >30ms=1 | probes=7766 wrfail=0 down=4s maxout=4s
 151.121  t=149s RTT mean=19581 min=19407 max=26911 n=44 to=0 | cancels=0(+0/s) seqbad=0 len_bad=0 disc=0(0x00) | tot_n=7809 tot_to=0 maxever=32568 >2ms=7809 >5ms=7809 >15ms=3612 >20ms=226 >30ms=1 | probes=7810 wrfail=0 down=4s maxout=4s
 153.117  t=150s RTT mean=19411 min=18013 max=20804 n=45 to=0 | cancels=0(+0/s) seqbad=0 len_bad=0 disc=0(0x00) | tot_n=7854 tot_to=0 maxever=32568 >2ms=7854 >5ms=7854 >15ms=3657 >20ms=228 >30ms=1 | probes=7854 wrfail=0 down=4s maxout=4s
 153.118  t=151s RTT mean=19410 min=18013 max=20825 n=44 to=0 | cancels=0(+0/s) seqbad=0 len_bad=0 disc=0(0x00) | tot_n=7898 tot_to=0 maxever=32568 >2ms=7898 >5ms=7898 >15ms=3701 >20ms=231 >30ms=1 | probes=7899 wrfail=0 down=4s maxout=4s
 155.077  t=152s RTT mean=19410 min=18012 max=20804 n=44 to=0 | cancels=0(+0/s) seqbad=0 len_bad=0 disc=0(0x00) | tot_n=7942 tot_to=0 maxever=32568 >2ms=7942 >5ms=7942 >15ms=3745 >20ms=236 >30ms=1 | probes=7943 wrfail=0 down=4s maxout=4s
 155.135  t=153s RTT mean=19410 min=18013 max=20804 n=45 to=0 | cancels=0(+0/s) seqbad=0 len_bad=0 disc=0(0x00) | tot_n=7987 tot_to=0 maxever=32568 >2ms=7987 >5ms=7987 >15ms=3790 >20ms=239 >30ms=1 | probes=7988 wrfail=0 down=4s maxout=4s
 157.079  t=154s RTT mean=19581 min=19403 max=25069 n=44 to=0 | cancels=0(+0/s) seqbad=0 len_bad=0 disc=0(0x00) | tot_n=8031 tot_to=0 maxever=32568 >2ms=8031 >5ms=8031 >15ms=3834 >20ms=241 >30ms=1 | probes=8032 wrfail=0 down=4s maxout=4s
 157.136  t=155s RTT mean=19581 min=18013 max=26911 n=44 to=0 | cancels=0(+0/s) seqbad=0 len_bad=0 disc=0(0x00) | tot_n=8075 tot_to=0 maxever=32568 >2ms=8075 >5ms=8075 >15ms=3878 >20ms=244 >30ms=1 | probes=8076 wrfail=0 down=4s maxout=4s
 159.106  t=156s RTT mean=19410 min=18012 max=20804 n=45 to=0 | cancels=0(+0/s) seqbad=0 len_bad=0 disc=0(0x00) | tot_n=8120 tot_to=0 maxever=32568 >2ms=8120 >5ms=8120 >15ms=3923 >20ms=248 >30ms=1 | probes=8120 wrfail=0 down=4s maxout=4s
 159.106  t=157s RTT mean=19581 min=18012 max=25068 n=44 to=0 | cancels=0(+0/s) seqbad=0 len_bad=0 disc=0(0x00) | tot_n=8164 tot_to=0 maxever=32568 >2ms=8164 >5ms=8164 >15ms=3967 >20ms=252 >30ms=1 | probes=8165 wrfail=0 down=4s maxout=4s
 161.114  t=158s RTT mean=19550 min=18012 max=25069 n=44 to=0 | cancels=0(+0/s) seqbad=0 len_bad=0 disc=0(0x00) | tot_n=8208 tot_to=0 maxever=32568 >2ms=8208 >5ms=8208 >15ms=4011 >20ms=255 >30ms=1 | probes=8209 wrfail=0 down=4s maxout=4s
 161.114  t=159s RTT mean=19442 min=18010 max=20804 n=44 to=0 | cancels=0(+0/s) seqbad=0 len_bad=0 disc=0(0x00) | tot_n=8252 tot_to=0 maxever=32568 >2ms=8252 >5ms=8252 >15ms=4055 >20ms=258 >30ms=1 | probes=8253 wrfail=0 down=4s maxout=4s
 163.134  t=160s RTT mean=19410 min=18013 max=20805 n=45 to=0 | cancels=0(+0/s) seqbad=0 len_bad=0 disc=0(0x00) | tot_n=8297 tot_to=0 maxever=32568 >2ms=8297 >5ms=8297 >15ms=4100 >20ms=262 >30ms=1 | probes=8298 wrfail=0 down=4s maxout=4s
 163.134  t=161s RTT mean=19410 min=18011 max=22198 n=44 to=0 | cancels=0(+0/s) seqbad=0 len_bad=0 disc=0(0x00) | tot_n=8341 tot_to=0 maxever=32568 >2ms=8341 >5ms=8341 >15ms=4144 >20ms=264 >30ms=1 | probes=8342 wrfail=0 down=4s maxout=4s
 165.089  t=162s RTT mean=19411 min=18013 max=20804 n=45 to=0 | cancels=0(+0/s) seqbad=0 len_bad=0 disc=0(0x00) | tot_n=8386 tot_to=0 maxever=32568 >2ms=8386 >5ms=8386 >15ms=4189 >20ms=266 >30ms=1 | probes=8387 wrfail=0 down=4s maxout=4s
 165.150  t=163s RTT mean=19410 min=18012 max=20804 n=44 to=0 | cancels=0(+0/s) seqbad=0 len_bad=0 disc=0(0x00) | tot_n=8430 tot_to=0 maxever=32568 >2ms=8430 >5ms=8430 >15ms=4233 >20ms=269 >30ms=1 | probes=8431 wrfail=0 down=4s maxout=4s
 167.084  t=164s RTT mean=19581 min=18012 max=26911 n=44 to=0 | cancels=0(+0/s) seqbad=0 len_bad=0 disc=0(0x00) | tot_n=8474 tot_to=0 maxever=32568 >2ms=8474 >5ms=8474 >15ms=4277 >20ms=273 >30ms=1 | probes=8475 wrfail=0 down=4s maxout=4s
 167.144  t=165s RTT mean=19580 min=18012 max=25067 n=44 to=0 | cancels=0(+0/s) seqbad=0 len_bad=0 disc=0(0x00) | tot_n=8518 tot_to=0 maxever=32568 >2ms=8518 >5ms=8518 >15ms=4321 >20ms=278 >30ms=1 | probes=8519 wrfail=0 down=4s maxout=4s
 169.114  t=166s RTT mean=19411 min=18012 max=20804 n=45 to=0 | cancels=0(+0/s) seqbad=0 len_bad=0 disc=0(0x00) | tot_n=8563 tot_to=0 maxever=32568 >2ms=8563 >5ms=8563 >15ms=4366 >20ms=281 >30ms=1 | probes=8564 wrfail=0 down=4s maxout=4s
 169.114  t=167s RTT mean=19410 min=18013 max=22198 n=44 to=0 | cancels=0(+0/s) seqbad=0 len_bad=0 disc=0(0x00) | tot_n=8607 tot_to=0 maxever=32568 >2ms=8607 >5ms=8607 >15ms=4410 >20ms=284 >30ms=1 | probes=8608 wrfail=0 down=4s maxout=4s
 171.106  t=168s RTT mean=19539 min=18012 max=25069 n=44 to=0 | cancels=0(+0/s) seqbad=0 len_bad=0 disc=0(0x00) | tot_n=8651 tot_to=0 maxever=32568 >2ms=8651 >5ms=8651 >15ms=4454 >20ms=288 >30ms=1 | probes=8652 wrfail=0 down=4s maxout=4s
 171.106  t=169s RTT mean=19587 min=19408 max=25068 n=45 to=0 | cancels=0(+0/s) seqbad=0 len_bad=0 disc=0(0x00) | tot_n=8696 tot_to=0 maxever=32568 >2ms=8696 >5ms=8696 >15ms=4499 >20ms=290 >30ms=1 | probes=8696 wrfail=0 down=4s maxout=4s
 173.131  t=170s RTT mean=19474 min=19404 max=20804 n=44 to=0 | cancels=0(+0/s) seqbad=0 len_bad=0 disc=0(0x00) | tot_n=8740 tot_to=0 maxever=32568 >2ms=8740 >5ms=8740 >15ms=4543 >20ms=292 >30ms=1 | probes=8741 wrfail=0 down=4s maxout=4s
 173.131  t=171s RTT mean=19517 min=18012 max=25518 n=44 to=0 | cancels=0(+0/s) seqbad=0 len_bad=0 disc=0(0x00) | tot_n=8784 tot_to=0 maxever=32568 >2ms=8784 >5ms=8784 >15ms=4587 >20ms=295 >30ms=1 | probes=8785 wrfail=0 down=4s maxout=4s
 175.107  t=172s RTT mean=19442 min=18013 max=20804 n=44 to=0 | cancels=0(+0/s) seqbad=0 len_bad=0 disc=0(0x00) | tot_n=8828 tot_to=0 maxever=32568 >2ms=8828 >5ms=8828 >15ms=4631 >20ms=299 >30ms=1 | probes=8829 wrfail=0 down=4s maxout=4s
 175.107  t=173s RTT mean=19546 min=18011 max=25518 n=45 to=0 | cancels=0(+0/s) seqbad=0 len_bad=0 disc=0(0x00) | tot_n=8873 tot_to=0 maxever=32568 >2ms=8873 >5ms=8873 >15ms=4676 >20ms=302 >30ms=1 | probes=8874 wrfail=0 down=4s maxout=4s
 177.077  t=174s RTT mean=19474 min=18012 max=20816 n=44 to=0 | cancels=0(+0/s) seqbad=0 len_bad=0 disc=0(0x00) | tot_n=8917 tot_to=0 maxever=32568 >2ms=8917 >5ms=8917 >15ms=4720 >20ms=306 >30ms=1 | probes=8918 wrfail=0 down=4s maxout=4s
 177.137  t=175s RTT mean=19379 min=18011 max=22198 n=45 to=0 | cancels=0(+0/s) seqbad=0 len_bad=0 disc=0(0x00) | tot_n=8962 tot_to=0 maxever=32568 >2ms=8962 >5ms=8962 >15ms=4765 >20ms=310 >30ms=1 | probes=8962 wrfail=0 down=4s maxout=4s
 179.109  t=176s RTT mean=19442 min=18010 max=20807 n=44 to=0 | cancels=0(+0/s) seqbad=0 len_bad=0 disc=0(0x00) | tot_n=9006 tot_to=0 maxever=32568 >2ms=9006 >5ms=9006 >15ms=4809 >20ms=313 >30ms=1 | probes=9007 wrfail=0 down=4s maxout=4s
 179.109  t=177s RTT mean=19378 min=18012 max=20806 n=44 to=0 | cancels=0(+0/s) seqbad=0 len_bad=0 disc=0(0x00) | tot_n=9050 tot_to=0 maxever=32568 >2ms=9050 >5ms=9050 >15ms=4853 >20ms=315 >30ms=1 | probes=9051 wrfail=0 down=4s maxout=4s
 181.123  t=178s RTT mean=19410 min=18013 max=20804 n=45 to=0 | cancels=0(+0/s) seqbad=0 len_bad=0 disc=0(0x00) | tot_n=9095 tot_to=0 maxever=32568 >2ms=9095 >5ms=9095 >15ms=4898 >20ms=317 >30ms=1 | probes=9096 wrfail=0 down=4s maxout=4s
 181.123  t=179s RTT mean=19539 min=19406 max=25067 n=44 to=0 | cancels=0(+0/s) seqbad=0 len_bad=0 disc=0(0x00) | tot_n=9139 tot_to=0 maxever=32568 >2ms=9139 >5ms=9139 >15ms=4942 >20ms=318 >30ms=1 | probes=9140 wrfail=0 down=4s maxout=4s
 183.097  t=180s RTT mean=19453 min=19409 max=20806 n=44 to=0 | cancels=0(+0/s) seqbad=0 len_bad=0 disc=0(0x00) | tot_n=9183 tot_to=0 maxever=32568 >2ms=9183 >5ms=9183 >15ms=4986 >20ms=319 >30ms=1 | probes=9184 wrfail=0 down=4s maxout=4s
 183.158  t=181s RTT mean=19577 min=19406 max=26911 n=45 to=0 | cancels=0(+0/s) seqbad=0 len_bad=0 disc=0(0x00) | tot_n=9228 tot_to=0 maxever=32568 >2ms=9228 >5ms=9228 >15ms=5031 >20ms=320 >30ms=1 | probes=9228 wrfail=0 down=4s maxout=4s
 185.121  t=182s RTT mean=19582 min=18013 max=25518 n=44 to=0 | cancels=0(+0/s) seqbad=0 len_bad=0 disc=0(0x00) | tot_n=9272 tot_to=0 maxever=32568 >2ms=9272 >5ms=9272 >15ms=5075 >20ms=324 >30ms=1 | probes=9273 wrfail=0 down=4s maxout=4s
 185.121  t=183s RTT mean=19410 min=18013 max=22198 n=44 to=0 | cancels=0(+0/s) seqbad=0 len_bad=0 disc=0(0x00) | tot_n=9316 tot_to=0 maxever=32568 >2ms=9316 >5ms=9316 >15ms=5119 >20ms=325 >30ms=1 | probes=9317 wrfail=0 down=4s maxout=4s
 187.084  t=184s RTT mean=19581 min=18016 max=26906 n=44 to=0 | cancels=0(+0/s) seqbad=0 len_bad=0 disc=0(0x00) | tot_n=9360 tot_to=0 maxever=32568 >2ms=9360 >5ms=9360 >15ms=5163 >20ms=327 >30ms=1 | probes=9361 wrfail=0 down=4s maxout=4s
 187.143  PCTL target=150 tot=2659 to=0 p50=19 p90=19 p99=22 p99.9=26 max=26 g30=0 g100=0 (ms/counts)
 187.143  LOADRAMP: target=160 KBps for 60s
 187.143  t=185s RTT mean=19410 min=18013 max=22198 n=45 to=0 | cancels=0(+0/s) seqbad=0 len_bad=0 disc=0(0x00) | tot_n=9405 tot_to=0 maxever=32568 >2ms=9405 >5ms=9405 >15ms=5208 >20ms=328 >30ms=1 | probes=9406 wrfail=0 down=4s maxout=4s
 189.107  t=186s RTT mean=19411 min=19403 max=19431 n=44 to=0 | cancels=0(+0/s) seqbad=0 len_bad=0 disc=0(0x00) | tot_n=9449 tot_to=0 maxever=32568 >2ms=9449 >5ms=9449 >15ms=5252 >20ms=328 >30ms=1 | probes=9450 wrfail=0 down=4s maxout=4s
 189.108  t=187s RTT mean=19612 min=18012 max=25518 n=44 to=0 | cancels=0(+0/s) seqbad=0 len_bad=0 disc=0(0x00) | tot_n=9493 tot_to=0 maxever=32568 >2ms=9493 >5ms=9493 >15ms=5296 >20ms=334 >30ms=1 | probes=9494 wrfail=0 down=4s maxout=4s
 191.089  t=188s RTT mean=19549 min=18012 max=26911 n=44 to=0 | cancels=0(+0/s) seqbad=0 len_bad=0 disc=0(0x00) | tot_n=9537 tot_to=0 maxever=32568 >2ms=9537 >5ms=9537 >15ms=5340 >20ms=337 >30ms=1 | probes=9538 wrfail=0 down=4s maxout=4s
 191.150  t=189s RTT mean=19410 min=18012 max=20804 n=45 to=0 | cancels=0(+0/s) seqbad=0 len_bad=0 disc=0(0x00) | tot_n=9582 tot_to=0 maxever=32568 >2ms=9582 >5ms=9582 >15ms=5385 >20ms=340 >30ms=1 | probes=9583 wrfail=0 down=4s maxout=4s
 193.123  t=190s RTT mean=19411 min=18016 max=20802 n=44 to=0 | cancels=0(+0/s) seqbad=0 len_bad=0 disc=0(0x00) | tot_n=9626 tot_to=0 maxever=32568 >2ms=9626 >5ms=9626 >15ms=5429 >20ms=341 >30ms=1 | probes=9627 wrfail=0 down=4s maxout=4s
 193.123  t=191s RTT mean=19581 min=18012 max=25518 n=44 to=0 | cancels=0(+0/s) seqbad=0 len_bad=0 disc=0(0x00) | tot_n=9670 tot_to=0 maxever=32568 >2ms=9670 >5ms=9670 >15ms=5473 >20ms=345 >30ms=1 | probes=9671 wrfail=0 down=4s maxout=4s
 195.136  t=192s RTT mean=19577 min=18012 max=25518 n=45 to=0 | cancels=0(+0/s) seqbad=0 len_bad=0 disc=0(0x00) | tot_n=9715 tot_to=0 maxever=32568 >2ms=9715 >5ms=9715 >15ms=5518 >20ms=349 >30ms=1 | probes=9715 wrfail=0 down=4s maxout=4s
 195.136  t=193s RTT mean=19410 min=18011 max=20804 n=44 to=0 | cancels=0(+0/s) seqbad=0 len_bad=0 disc=0(0x00) | tot_n=9759 tot_to=0 maxever=32568 >2ms=9759 >5ms=9759 >15ms=5562 >20ms=351 >30ms=1 | probes=9760 wrfail=0 down=4s maxout=4s
 197.089  t=194s RTT mean=19411 min=18013 max=22198 n=44 to=0 | cancels=0(+0/s) seqbad=0 len_bad=0 disc=0(0x00) | tot_n=9803 tot_to=0 maxever=32568 >2ms=9803 >5ms=9803 >15ms=5606 >20ms=353 >30ms=1 | probes=9804 wrfail=0 down=4s maxout=4s
 197.149  t=195s RTT mean=19410 min=18012 max=20806 n=45 to=0 | cancels=0(+0/s) seqbad=0 len_bad=0 disc=0(0x00) | tot_n=9848 tot_to=0 maxever=32568 >2ms=9848 >5ms=9848 >15ms=5651 >20ms=356 >30ms=1 | probes=9849 wrfail=0 down=4s maxout=4s
 199.081  t=196s RTT mean=19411 min=18013 max=20804 n=44 to=0 | cancels=0(+0/s) seqbad=0 len_bad=0 disc=0(0x00) | tot_n=9892 tot_to=0 maxever=32568 >2ms=9892 >5ms=9892 >15ms=5695 >20ms=358 >30ms=1 | probes=9893 wrfail=0 down=4s maxout=4s
 199.142  t=197s RTT mean=19410 min=18013 max=20804 n=45 to=0 | cancels=0(+0/s) seqbad=0 len_bad=0 disc=0(0x00) | tot_n=9937 tot_to=0 maxever=32568 >2ms=9937 >5ms=9937 >15ms=5740 >20ms=360 >30ms=1 | probes=9938 wrfail=0 down=4s maxout=4s
 201.122  t=198s RTT mean=19411 min=18010 max=20804 n=44 to=0 | cancels=0(+0/s) seqbad=0 len_bad=0 disc=0(0x00) | tot_n=9981 tot_to=0 maxever=32568 >2ms=9981 >5ms=9981 >15ms=5784 >20ms=364 >30ms=1 | probes=9982 wrfail=0 down=4s maxout=4s
 201.122  t=199s RTT mean=19539 min=18013 max=25067 n=44 to=0 | cancels=0(+0/s) seqbad=0 len_bad=0 disc=0(0x00) | tot_n=10025 tot_to=0 maxever=32568 >2ms=10025 >5ms=10025 >15ms=5828 >20ms=366 >30ms=1 | probes=10026 wrfail=0 down=4s maxout=4s
 203.133  t=200s RTT mean=19452 min=18013 max=20804 n=45 to=0 | cancels=0(+0/s) seqbad=0 len_bad=0 disc=0(0x00) | tot_n=10070 tot_to=0 maxever=32568 >2ms=10070 >5ms=10070 >15ms=5873 >20ms=368 >30ms=1 | probes=10071 wrfail=0 down=4s maxout=4s
 203.133  t=201s RTT mean=19549 min=19408 max=25067 n=44 to=0 | cancels=0(+0/s) seqbad=0 len_bad=0 disc=0(0x00) | tot_n=10114 tot_to=0 maxever=32568 >2ms=10114 >5ms=10114 >15ms=5917 >20ms=369 >30ms=1 | probes=10115 wrfail=0 down=4s maxout=4s
 205.134  t=202s RTT mean=19443 min=18013 max=22198 n=44 to=0 | cancels=0(+0/s) seqbad=0 len_bad=0 disc=0(0x00) | tot_n=10158 tot_to=0 maxever=32568 >2ms=10158 >5ms=10158 >15ms=5961 >20ms=372 >30ms=1 | probes=10159 wrfail=0 down=4s maxout=4s
 205.134  t=203s RTT mean=19410 min=18012 max=20805 n=45 to=0 | cancels=0(+0/s) seqbad=0 len_bad=0 disc=0(0x00) | tot_n=10203 tot_to=0 maxever=32568 >2ms=10203 >5ms=10203 >15ms=6006 >20ms=376 >30ms=1 | probes=10204 wrfail=0 down=4s maxout=4s
 207.100  t=204s RTT mean=19411 min=18012 max=20804 n=44 to=0 | cancels=0(+0/s) seqbad=0 len_bad=0 disc=0(0x00) | tot_n=10247 tot_to=0 maxever=32568 >2ms=10247 >5ms=10247 >15ms=6050 >20ms=378 >30ms=1 | probes=10248 wrfail=0 down=4s maxout=4s
 207.156  t=205s RTT mean=19410 min=18012 max=20804 n=45 to=0 | cancels=0(+0/s) seqbad=0 len_bad=0 disc=0(0x00) | tot_n=10292 tot_to=0 maxever=32568 >2ms=10292 >5ms=10292 >15ms=6095 >20ms=382 >30ms=1 | probes=10293 wrfail=0 down=4s maxout=4s
 209.106  t=206s RTT mean=19581 min=18013 max=26911 n=44 to=0 | cancels=0(+0/s) seqbad=0 len_bad=0 disc=0(0x00) | tot_n=10336 tot_to=0 maxever=32568 >2ms=10336 >5ms=10336 >15ms=6139 >20ms=385 >30ms=1 | probes=10337 wrfail=0 down=4s maxout=4s
 209.164  t=207s RTT mean=19581 min=18013 max=25068 n=44 to=0 | cancels=0(+0/s) seqbad=0 len_bad=0 disc=0(0x00) | tot_n=10380 tot_to=0 maxever=32568 >2ms=10380 >5ms=10380 >15ms=6183 >20ms=388 >30ms=1 | probes=10381 wrfail=0 down=4s maxout=4s
 211.092  t=208s RTT mean=19411 min=18012 max=20804 n=44 to=0 | cancels=0(+0/s) seqbad=0 len_bad=0 disc=0(0x00) | tot_n=10424 tot_to=0 maxever=32568 >2ms=10424 >5ms=10424 >15ms=6227 >20ms=391 >30ms=1 | probes=10425 wrfail=0 down=4s maxout=4s
 211.153  t=209s RTT mean=19441 min=18013 max=20804 n=45 to=0 | cancels=0(+0/s) seqbad=0 len_bad=0 disc=0(0x00) | tot_n=10469 tot_to=0 maxever=32568 >2ms=10469 >5ms=10469 >15ms=6272 >20ms=394 >30ms=1 | probes=10470 wrfail=0 down=4s maxout=4s
 213.143  t=210s RTT mean=19379 min=18010 max=22198 n=44 to=0 | cancels=0(+0/s) seqbad=0 len_bad=0 disc=0(0x00) | tot_n=10513 tot_to=0 maxever=32568 >2ms=10513 >5ms=10513 >15ms=6316 >20ms=396 >30ms=1 | probes=10514 wrfail=0 down=4s maxout=4s
 213.143  t=211s RTT mean=19536 min=18013 max=25067 n=45 to=0 | cancels=0(+0/s) seqbad=0 len_bad=0 disc=0(0x00) | tot_n=10558 tot_to=0 maxever=32568 >2ms=10558 >5ms=10558 >15ms=6361 >20ms=399 >30ms=1 | probes=10558 wrfail=0 down=4s maxout=4s
 215.106  t=212s RTT mean=19624 min=18013 max=26461 n=44 to=0 | cancels=0(+0/s) seqbad=0 len_bad=0 disc=0(0x00) | tot_n=10602 tot_to=0 maxever=32568 >2ms=10602 >5ms=10602 >15ms=6405 >20ms=402 >30ms=1 | probes=10602 wrfail=0 down=4s maxout=4s
 215.167  t=213s RTT mean=19580 min=18012 max=25518 n=44 to=0 | cancels=0(+0/s) seqbad=0 len_bad=0 disc=0(0x00) | tot_n=10646 tot_to=0 maxever=32568 >2ms=10646 >5ms=10646 >15ms=6449 >20ms=407 >30ms=1 | probes=10647 wrfail=0 down=4s maxout=4s
 217.102  t=214s RTT mean=19442 min=18012 max=20806 n=44 to=0 | cancels=0(+0/s) seqbad=0 len_bad=0 disc=0(0x00) | tot_n=10690 tot_to=0 maxever=32568 >2ms=10690 >5ms=10690 >15ms=6493 >20ms=410 >30ms=1 | probes=10691 wrfail=0 down=4s maxout=4s
 217.160  t=215s RTT mean=19379 min=18012 max=20805 n=45 to=0 | cancels=0(+0/s) seqbad=0 len_bad=0 disc=0(0x00) | tot_n=10735 tot_to=0 maxever=32568 >2ms=10735 >5ms=10735 >15ms=6538 >20ms=415 >30ms=1 | probes=10735 wrfail=0 down=4s maxout=4s
 219.096  t=216s RTT mean=19411 min=18013 max=20804 n=44 to=0 | cancels=0(+0/s) seqbad=0 len_bad=0 disc=0(0x00) | tot_n=10779 tot_to=0 maxever=32568 >2ms=10779 >5ms=10779 >15ms=6582 >20ms=417 >30ms=1 | probes=10780 wrfail=0 down=4s maxout=4s
 219.152  t=217s RTT mean=19410 min=18013 max=22198 n=45 to=0 | cancels=0(+0/s) seqbad=0 len_bad=0 disc=0(0x00) | tot_n=10824 tot_to=0 maxever=32568 >2ms=10824 >5ms=10824 >15ms=6627 >20ms=422 >30ms=1 | probes=10824 wrfail=0 down=4s maxout=4s
 221.121  t=218s RTT mean=19582 min=18013 max=26909 n=44 to=0 | cancels=0(+0/s) seqbad=0 len_bad=0 disc=0(0x00) | tot_n=10868 tot_to=0 maxever=32568 >2ms=10868 >5ms=10868 >15ms=6671 >20ms=425 >30ms=1 | probes=10869 wrfail=0 down=4s maxout=4s
 221.121  t=219s RTT mean=19580 min=18010 max=25518 n=44 to=0 | cancels=0(+0/s) seqbad=0 len_bad=0 disc=0(0x00) | tot_n=10912 tot_to=0 maxever=32568 >2ms=10912 >5ms=10912 >15ms=6715 >20ms=431 >30ms=1 | probes=10913 wrfail=0 down=4s maxout=4s
 223.120  t=220s RTT mean=19443 min=19408 max=20801 n=44 to=0 | cancels=0(+0/s) seqbad=0 len_bad=0 disc=0(0x00) | tot_n=10956 tot_to=0 maxever=32568 >2ms=10956 >5ms=10956 >15ms=6759 >20ms=432 >30ms=1 | probes=10957 wrfail=0 down=4s maxout=4s
 223.120  t=221s RTT mean=19678 min=18020 max=26462 n=44 to=0 | cancels=0(+0/s) seqbad=0 len_bad=0 disc=0(0x00) | tot_n=11000 tot_to=0 maxever=32568 >2ms=11000 >5ms=11000 >15ms=6803 >20ms=434 >30ms=1 | probes=11001 wrfail=0 down=4s maxout=4s
 225.129  t=222s RTT mean=19411 min=19408 max=19431 n=45 to=0 | cancels=0(+0/s) seqbad=0 len_bad=0 disc=0(0x00) | tot_n=11045 tot_to=0 maxever=32568 >2ms=11045 >5ms=11045 >15ms=6848 >20ms=434 >30ms=1 | probes=11045 wrfail=0 down=4s maxout=4s
 225.129  t=223s RTT mean=19581 min=19408 max=25066 n=44 to=0 | cancels=0(+0/s) seqbad=0 len_bad=0 disc=0(0x00) | tot_n=11089 tot_to=0 maxever=32568 >2ms=11089 >5ms=11089 >15ms=6892 >20ms=436 >30ms=1 | probes=11090 wrfail=0 down=4s maxout=4s
 227.107  t=224s RTT mean=19453 min=18012 max=20804 n=44 to=0 | cancels=0(+0/s) seqbad=0 len_bad=0 disc=0(0x00) | tot_n=11133 tot_to=0 maxever=32568 >2ms=11133 >5ms=11133 >15ms=6936 >20ms=439 >30ms=1 | probes=11134 wrfail=0 down=4s maxout=4s
 227.167  t=225s RTT mean=19410 min=18013 max=20804 n=44 to=0 | cancels=0(+0/s) seqbad=0 len_bad=0 disc=0(0x00) | tot_n=11177 tot_to=0 maxever=32568 >2ms=11177 >5ms=11177 >15ms=6980 >20ms=444 >30ms=1 | probes=11178 wrfail=0 down=4s maxout=4s
 229.109  t=226s RTT mean=19577 min=18013 max=25069 n=45 to=0 | cancels=0(+0/s) seqbad=0 len_bad=0 disc=0(0x00) | tot_n=11222 tot_to=0 maxever=32568 >2ms=11222 >5ms=11222 >15ms=7025 >20ms=448 >30ms=1 | probes=11222 wrfail=0 down=4s maxout=4s
 229.169  t=227s RTT mean=19410 min=18012 max=20805 n=44 to=0 | cancels=0(+0/s) seqbad=0 len_bad=0 disc=0(0x00) | tot_n=11266 tot_to=0 maxever=32568 >2ms=11266 >5ms=11266 >15ms=7069 >20ms=449 >30ms=1 | probes=11267 wrfail=0 down=4s maxout=4s
 231.128  t=228s RTT mean=19411 min=19408 max=19430 n=44 to=0 | cancels=0(+0/s) seqbad=0 len_bad=0 disc=0(0x00) | tot_n=11310 tot_to=0 maxever=32568 >2ms=11310 >5ms=11310 >15ms=7113 >20ms=449 >30ms=1 | probes=11311 wrfail=0 down=4s maxout=4s
 231.128  t=229s RTT mean=19577 min=19381 max=26908 n=45 to=0 | cancels=0(+0/s) seqbad=0 len_bad=0 disc=0(0x00) | tot_n=11355 tot_to=0 maxever=32568 >2ms=11355 >5ms=11355 >15ms=7158 >20ms=450 >30ms=1 | probes=11355 wrfail=0 down=4s maxout=4s
 233.136  t=230s RTT mean=19411 min=19408 max=19431 n=44 to=0 | cancels=0(+0/s) seqbad=0 len_bad=0 disc=0(0x00) | tot_n=11399 tot_to=0 maxever=32568 >2ms=11399 >5ms=11399 >15ms=7202 >20ms=450 >30ms=1 | probes=11400 wrfail=0 down=4s maxout=4s
 233.136  t=231s RTT mean=19539 min=19408 max=25067 n=44 to=0 | cancels=0(+0/s) seqbad=0 len_bad=0 disc=0(0x00) | tot_n=11443 tot_to=0 maxever=32568 >2ms=11443 >5ms=11443 >15ms=7246 >20ms=451 >30ms=1 | probes=11444 wrfail=0 down=4s maxout=4s
 235.125  t=232s RTT mean=19452 min=19408 max=21255 n=45 to=0 | cancels=0(+0/s) seqbad=0 len_bad=0 disc=0(0x00) | tot_n=11488 tot_to=0 maxever=32568 >2ms=11488 >5ms=11488 >15ms=7291 >20ms=452 >30ms=1 | probes=11489 wrfail=0 down=4s maxout=4s
 235.126  t=233s RTT mean=19411 min=19408 max=19420 n=44 to=0 | cancels=0(+0/s) seqbad=0 len_bad=0 disc=0(0x00) | tot_n=11532 tot_to=0 maxever=32568 >2ms=11532 >5ms=11532 >15ms=7335 >20ms=452 >30ms=1 | probes=11533 wrfail=0 down=4s maxout=4s
 237.108  t=234s RTT mean=19752 min=19408 max=26911 n=44 to=0 | cancels=0(+0/s) seqbad=0 len_bad=0 disc=0(0x00) | tot_n=11576 tot_to=0 maxever=32568 >2ms=11576 >5ms=11576 >15ms=7379 >20ms=455 >30ms=1 | probes=11577 wrfail=0 down=4s maxout=4s
 237.168  t=235s RTT mean=19411 min=19408 max=19420 n=44 to=0 | cancels=0(+0/s) seqbad=0 len_bad=0 disc=0(0x00) | tot_n=11620 tot_to=0 maxever=32568 >2ms=11620 >5ms=11620 >15ms=7423 >20ms=455 >30ms=1 | probes=11621 wrfail=0 down=4s maxout=4s
 239.097  t=236s RTT mean=19411 min=18013 max=22198 n=45 to=0 | cancels=0(+0/s) seqbad=0 len_bad=0 disc=0(0x00) | tot_n=11665 tot_to=0 maxever=32568 >2ms=11665 >5ms=11665 >15ms=7468 >20ms=456 >30ms=1 | probes=11666 wrfail=0 down=4s maxout=4s
 239.157  t=237s RTT mean=19410 min=19406 max=19420 n=44 to=0 | cancels=0(+0/s) seqbad=0 len_bad=0 disc=0(0x00) | tot_n=11709 tot_to=0 maxever=32568 >2ms=11709 >5ms=11709 >15ms=7512 >20ms=456 >30ms=1 | probes=11710 wrfail=0 down=4s maxout=4s
 241.135  t=238s RTT mean=19411 min=18030 max=22198 n=45 to=0 | cancels=0(+0/s) seqbad=0 len_bad=0 disc=0(0x00) | tot_n=11754 tot_to=0 maxever=32568 >2ms=11754 >5ms=11754 >15ms=7557 >20ms=457 >30ms=1 | probes=11755 wrfail=0 down=4s maxout=4s
 241.135  t=239s RTT mean=19549 min=19408 max=25518 n=44 to=0 | cancels=0(+0/s) seqbad=0 len_bad=0 disc=0(0x00) | tot_n=11798 tot_to=0 maxever=32568 >2ms=11798 >5ms=11798 >15ms=7601 >20ms=458 >30ms=1 | probes=11799 wrfail=0 down=4s maxout=4s
 243.119  t=240s RTT mean=19411 min=19408 max=19431 n=44 to=0 | cancels=0(+0/s) seqbad=0 len_bad=0 disc=0(0x00) | tot_n=11842 tot_to=0 maxever=32568 >2ms=11842 >5ms=11842 >15ms=7645 >20ms=458 >30ms=1 | probes=11843 wrfail=0 down=4s maxout=4s
 243.119  t=241s RTT mean=19441 min=19409 max=20804 n=45 to=0 | cancels=0(+0/s) seqbad=0 len_bad=0 disc=0(0x00) | tot_n=11887 tot_to=0 maxever=32568 >2ms=11887 >5ms=11887 >15ms=7690 >20ms=459 >30ms=1 | probes=11888 wrfail=0 down=4s maxout=4s
 245.125  t=242s RTT mean=19411 min=19408 max=19431 n=44 to=0 | cancels=0(+0/s) seqbad=0 len_bad=0 disc=0(0x00) | tot_n=11931 tot_to=0 maxever=32568 >2ms=11931 >5ms=11931 >15ms=7734 >20ms=459 >30ms=1 | probes=11932 wrfail=0 down=4s maxout=4s
 245.125  t=243s RTT mean=19410 min=18013 max=20804 n=45 to=0 | cancels=0(+0/s) seqbad=0 len_bad=0 disc=0(0x00) | tot_n=11976 tot_to=0 maxever=32568 >2ms=11976 >5ms=11976 >15ms=7779 >20ms=460 >30ms=1 | probes=11976 wrfail=0 down=4s maxout=4s
 247.107  t=244s RTT mean=19411 min=18031 max=20815 n=44 to=0 | cancels=0(+0/s) seqbad=0 len_bad=0 disc=0(0x00) | tot_n=12020 tot_to=0 maxever=32568 >2ms=12020 >5ms=12020 >15ms=7823 >20ms=461 >30ms=1 | probes=12021 wrfail=0 down=4s maxout=4s
 247.107  PCTL target=160 tot=2659 to=0 p50=19 p90=19 p99=22 p99.9=26 max=26 g30=0 g100=0 (ms/counts)
 247.107  LOADRAMP: target=170 KBps for 60s
 247.161  t=245s RTT mean=20108 min=19408 max=26911 n=43 to=0 | cancels=0(+0/s) seqbad=0 len_bad=0 disc=0(0x00) | tot_n=12063 tot_to=0 maxever=32568 >2ms=12063 >5ms=12063 >15ms=7866 >20ms=465 >30ms=1 | probes=12064 wrfail=0 down=4s maxout=4s
 249.135  t=246s RTT mean=20109 min=19407 max=26911 n=43 to=0 | cancels=0(+0/s) seqbad=0 len_bad=0 disc=0(0x00) | tot_n=12106 tot_to=0 maxever=32568 >2ms=12106 >5ms=12106 >15ms=7909 >20ms=469 >30ms=1 | probes=12107 wrfail=0 down=4s maxout=4s
 249.135  t=247s RTT mean=19751 min=19408 max=26911 n=44 to=0 | cancels=0(+0/s) seqbad=0 len_bad=0 disc=0(0x00) | tot_n=12150 tot_to=0 maxever=32568 >2ms=12150 >5ms=12150 >15ms=7953 >20ms=471 >30ms=1 | probes=12151 wrfail=0 down=4s maxout=4s
 251.129  t=248s RTT mean=19411 min=18012 max=20804 n=45 to=0 | cancels=0(+0/s) seqbad=0 len_bad=0 disc=0(0x00) | tot_n=12195 tot_to=0 maxever=32568 >2ms=12195 >5ms=12195 >15ms=7998 >20ms=473 >30ms=1 | probes=12195 wrfail=0 down=4s maxout=4s
 251.129  t=249s RTT mean=19410 min=18013 max=20804 n=44 to=0 | cancels=0(+0/s) seqbad=0 len_bad=0 disc=0(0x00) | tot_n=12239 tot_to=0 maxever=32568 >2ms=12239 >5ms=12239 >15ms=8042 >20ms=476 >30ms=1 | probes=12240 wrfail=0 down=4s maxout=4s
 253.144  t=250s RTT mean=19411 min=18012 max=20807 n=44 to=0 | cancels=0(+0/s) seqbad=0 len_bad=0 disc=0(0x00) | tot_n=12283 tot_to=0 maxever=32568 >2ms=12283 >5ms=12283 >15ms=8086 >20ms=479 >30ms=1 | probes=12284 wrfail=0 down=4s maxout=4s
 253.144  t=251s RTT mean=19546 min=18013 max=25067 n=45 to=0 | cancels=0(+0/s) seqbad=0 len_bad=0 disc=0(0x00) | tot_n=12328 tot_to=0 maxever=32568 >2ms=12328 >5ms=12328 >15ms=8131 >20ms=481 >30ms=1 | probes=12329 wrfail=0 down=4s maxout=4s
 255.146  t=252s RTT mean=19442 min=18012 max=23609 n=44 to=0 | cancels=0(+0/s) seqbad=0 len_bad=0 disc=0(0x00) | tot_n=12372 tot_to=0 maxever=32568 >2ms=12372 >5ms=12372 >15ms=8175 >20ms=485 >30ms=1 | probes=12373 wrfail=0 down=4s maxout=4s
 255.146  t=253s RTT mean=19410 min=18012 max=20804 n=44 to=0 | cancels=0(+0/s) seqbad=0 len_bad=0 disc=0(0x00) | tot_n=12416 tot_to=0 maxever=32568 >2ms=12416 >5ms=12416 >15ms=8219 >20ms=487 >30ms=1 | probes=12417 wrfail=0 down=4s maxout=4s
 257.145  t=254s RTT mean=19411 min=18013 max=20804 n=45 to=0 | cancels=0(+0/s) seqbad=0 len_bad=0 disc=0(0x00) | tot_n=12461 tot_to=0 maxever=32568 >2ms=12461 >5ms=12461 >15ms=8264 >20ms=489 >30ms=1 | probes=12462 wrfail=0 down=4s maxout=4s
 257.145  t=255s RTT mean=19581 min=18013 max=26911 n=44 to=0 | cancels=0(+0/s) seqbad=0 len_bad=0 disc=0(0x00) | tot_n=12505 tot_to=0 maxever=32568 >2ms=12505 >5ms=12505 >15ms=8308 >20ms=491 >30ms=1 | probes=12506 wrfail=0 down=4s maxout=4s
 259.125  t=256s RTT mean=19411 min=18013 max=20804 n=45 to=0 | cancels=0(+0/s) seqbad=0 len_bad=0 disc=0(0x00) | tot_n=12550 tot_to=0 maxever=32568 >2ms=12550 >5ms=12550 >15ms=8353 >20ms=493 >30ms=1 | probes=12550 wrfail=0 down=4s maxout=4s
 259.125  t=257s RTT mean=19613 min=18012 max=26911 n=44 to=0 | cancels=0(+0/s) seqbad=0 len_bad=0 disc=0(0x00) | tot_n=12594 tot_to=0 maxever=32568 >2ms=12594 >5ms=12594 >15ms=8397 >20ms=496 >30ms=1 | probes=12594 wrfail=0 down=4s maxout=4s
 261.132  t=258s RTT mean=19508 min=18013 max=25068 n=44 to=0 | cancels=0(+0/s) seqbad=0 len_bad=0 disc=0(0x00) | tot_n=12638 tot_to=0 maxever=32568 >2ms=12638 >5ms=12638 >15ms=8441 >20ms=498 >30ms=1 | probes=12639 wrfail=0 down=4s maxout=4s
 261.132  t=259s RTT mean=19421 min=19408 max=19861 n=44 to=0 | cancels=0(+0/s) seqbad=0 len_bad=0 disc=0(0x00) | tot_n=12682 tot_to=0 maxever=32568 >2ms=12682 >5ms=12682 >15ms=8485 >20ms=498 >30ms=1 | probes=12683 wrfail=0 down=4s maxout=4s
 263.121  t=260s RTT mean=19441 min=18012 max=20804 n=45 to=0 | cancels=0(+0/s) seqbad=0 len_bad=0 disc=0(0x00) | tot_n=12727 tot_to=0 maxever=32568 >2ms=12727 >5ms=12727 >15ms=8530 >20ms=504 >30ms=1 | probes=12728 wrfail=0 down=4s maxout=4s
 263.121  t=261s RTT mean=19410 min=18013 max=20804 n=44 to=0 | cancels=0(+0/s) seqbad=0 len_bad=0 disc=0(0x00) | tot_n=12771 tot_to=0 maxever=32568 >2ms=12771 >5ms=12771 >15ms=8574 >20ms=508 >30ms=1 | probes=12772 wrfail=0 down=4s maxout=4s
 265.146  t=262s RTT mean=19411 min=18011 max=20804 n=45 to=0 | cancels=0(+0/s) seqbad=0 len_bad=0 disc=0(0x00) | tot_n=12816 tot_to=0 maxever=32568 >2ms=12816 >5ms=12816 >15ms=8619 >20ms=510 >30ms=1 | probes=12816 wrfail=0 down=4s maxout=4s
 265.146  t=263s RTT mean=19411 min=18013 max=20804 n=44 to=0 | cancels=0(+0/s) seqbad=0 len_bad=0 disc=0(0x00) | tot_n=12860 tot_to=0 maxever=32568 >2ms=12860 >5ms=12860 >15ms=8663 >20ms=512 >30ms=1 | probes=12861 wrfail=0 down=4s maxout=4s
 267.127  t=264s RTT mean=19411 min=18012 max=20816 n=44 to=0 | cancels=0(+0/s) seqbad=0 len_bad=0 disc=0(0x00) | tot_n=12904 tot_to=0 maxever=32568 >2ms=12904 >5ms=12904 >15ms=8707 >20ms=514 >30ms=1 | probes=12905 wrfail=0 down=4s maxout=4s
 267.127  t=265s RTT mean=19410 min=18013 max=20804 n=45 to=0 | cancels=0(+0/s) seqbad=0 len_bad=0 disc=0(0x00) | tot_n=12949 tot_to=0 maxever=32568 >2ms=12949 >5ms=12949 >15ms=8752 >20ms=515 >30ms=1 | probes=12950 wrfail=0 down=4s maxout=4s
 269.107  t=266s RTT mean=19411 min=18013 max=20804 n=44 to=0 | cancels=0(+0/s) seqbad=0 len_bad=0 disc=0(0x00) | tot_n=12993 tot_to=0 maxever=32568 >2ms=12993 >5ms=12993 >15ms=8796 >20ms=518 >30ms=1 | probes=12994 wrfail=0 down=4s maxout=4s
 269.167  t=267s RTT mean=19410 min=19407 max=19420 n=45 to=0 | cancels=0(+0/s) seqbad=0 len_bad=0 disc=0(0x00) | tot_n=13038 tot_to=0 maxever=32568 >2ms=13038 >5ms=13038 >15ms=8841 >20ms=518 >30ms=1 | probes=13039 wrfail=0 down=4s maxout=4s
 271.155  t=268s RTT mean=19710 min=19408 max=26913 n=44 to=0 | cancels=0(+0/s) seqbad=0 len_bad=0 disc=0(0x00) | tot_n=13082 tot_to=0 maxever=32568 >2ms=13082 >5ms=13082 >15ms=8885 >20ms=520 >30ms=1 | probes=13083 wrfail=0 down=4s maxout=4s
 271.155  t=269s RTT mean=19452 min=19408 max=20804 n=44 to=0 | cancels=0(+0/s) seqbad=0 len_bad=0 disc=0(0x00) | tot_n=13126 tot_to=0 maxever=32568 >2ms=13126 >5ms=13126 >15ms=8929 >20ms=521 >30ms=1 | probes=13127 wrfail=0 down=4s maxout=4s
 273.114  t=270s RTT mean=19411 min=18012 max=20803 n=45 to=0 | cancels=0(+0/s) seqbad=0 len_bad=0 disc=0(0x00) | tot_n=13171 tot_to=0 maxever=32568 >2ms=13171 >5ms=13171 >15ms=8974 >20ms=523 >30ms=1 | probes=13171 wrfail=0 down=4s maxout=4s
 273.172  t=271s RTT mean=19410 min=18013 max=20804 n=44 to=0 | cancels=0(+0/s) seqbad=0 len_bad=0 disc=0(0x00) | tot_n=13215 tot_to=0 maxever=32568 >2ms=13215 >5ms=13215 >15ms=9018 >20ms=525 >30ms=1 | probes=13216 wrfail=0 down=4s maxout=4s
 275.132  t=272s RTT mean=19411 min=18013 max=20824 n=44 to=0 | cancels=0(+0/s) seqbad=0 len_bad=0 disc=0(0x00) | tot_n=13259 tot_to=0 maxever=32568 >2ms=13259 >5ms=13259 >15ms=9062 >20ms=527 >30ms=1 | probes=13260 wrfail=0 down=4s maxout=4s
 275.133  t=273s RTT mean=19410 min=18012 max=20804 n=45 to=0 | cancels=0(+0/s) seqbad=0 len_bad=0 disc=0(0x00) | tot_n=13304 tot_to=0 maxever=32568 >2ms=13304 >5ms=13304 >15ms=9107 >20ms=528 >30ms=1 | probes=13305 wrfail=0 down=4s maxout=4s
 277.151  t=274s RTT mean=19411 min=18012 max=20806 n=44 to=0 | cancels=0(+0/s) seqbad=0 len_bad=0 disc=0(0x00) | tot_n=13348 tot_to=0 maxever=32568 >2ms=13348 >5ms=13348 >15ms=9151 >20ms=531 >30ms=1 | probes=13349 wrfail=0 down=4s maxout=4s
 277.151  t=275s RTT mean=19410 min=18012 max=20807 n=45 to=0 | cancels=0(+0/s) seqbad=0 len_bad=0 disc=0(0x00) | tot_n=13393 tot_to=0 maxever=32568 >2ms=13393 >5ms=13393 >15ms=9196 >20ms=533 >30ms=1 | probes=13394 wrfail=0 down=4s maxout=4s
 279.120  t=276s RTT mean=19411 min=18013 max=20804 n=44 to=0 | cancels=0(+0/s) seqbad=0 len_bad=0 disc=0(0x00) | tot_n=13437 tot_to=0 maxever=32568 >2ms=13437 >5ms=13437 >15ms=9240 >20ms=534 >30ms=1 | probes=13438 wrfail=0 down=4s maxout=4s
 279.171  t=277s RTT mean=19410 min=18013 max=20803 n=45 to=0 | cancels=0(+0/s) seqbad=0 len_bad=0 disc=0(0x00) | tot_n=13482 tot_to=0 maxever=32568 >2ms=13482 >5ms=13482 >15ms=9285 >20ms=535 >30ms=1 | probes=13483 wrfail=0 down=4s maxout=4s
 281.115  t=278s RTT mean=19411 min=19408 max=19430 n=44 to=0 | cancels=0(+0/s) seqbad=0 len_bad=0 disc=0(0x00) | tot_n=13526 tot_to=0 maxever=32568 >2ms=13526 >5ms=13526 >15ms=9329 >20ms=535 >30ms=1 | probes=13527 wrfail=0 down=4s maxout=4s
 281.174  t=279s RTT mean=19539 min=19408 max=25064 n=44 to=0 | cancels=0(+0/s) seqbad=0 len_bad=0 disc=0(0x00) | tot_n=13570 tot_to=0 maxever=32568 >2ms=13570 >5ms=13570 >15ms=9373 >20ms=536 >30ms=1 | probes=13571 wrfail=0 down=4s maxout=4s
 283.120  t=280s RTT mean=19592 min=19409 max=26911 n=44 to=0 | cancels=0(+0/s) seqbad=0 len_bad=0 disc=0(0x00) | tot_n=13614 tot_to=0 maxever=32568 >2ms=13614 >5ms=13614 >15ms=9417 >20ms=537 >30ms=1 | probes=13615 wrfail=0 down=4s maxout=4s
 283.176  t=281s RTT mean=20489 min=19408 max=34410 n=43 to=0 | cancels=0(+0/s) seqbad=0 len_bad=0 disc=0(0x00) | tot_n=13657 tot_to=0 maxever=34410 >2ms=13657 >5ms=13657 >15ms=9460 >20ms=543 >30ms=2 | probes=13658 wrfail=0 down=4s maxout=4s
 285.105  t=282s RTT mean=20617 min=18014 max=26912 n=42 to=0 | cancels=0(+0/s) seqbad=0 len_bad=0 disc=0(0x00) | tot_n=13699 tot_to=0 maxever=34410 >2ms=13699 >5ms=13699 >15ms=9502 >20ms=551 >30ms=2 | probes=13700 wrfail=0 down=4s maxout=4s
 285.163  t=283s RTT mean=19591 min=18411 max=26911 n=44 to=0 | cancels=0(+0/s) seqbad=0 len_bad=0 disc=0(0x00) | tot_n=13743 tot_to=0 maxever=34410 >2ms=13743 >5ms=13743 >15ms=9546 >20ms=553 >30ms=2 | probes=13744 wrfail=0 down=4s maxout=4s
 287.103  t=284s RTT mean=19442 min=19408 max=20800 n=45 to=0 | cancels=0(+0/s) seqbad=0 len_bad=0 disc=0(0x00) | tot_n=13788 tot_to=0 maxever=34410 >2ms=13788 >5ms=13788 >15ms=9591 >20ms=554 >30ms=2 | probes=13788 wrfail=0 down=4s maxout=4s
 287.164  t=285s RTT mean=19410 min=19408 max=19420 n=44 to=0 | cancels=0(+0/s) seqbad=0 len_bad=0 disc=0(0x00) | tot_n=13832 tot_to=0 maxever=34410 >2ms=13832 >5ms=13832 >15ms=9635 >20ms=554 >30ms=2 | probes=13833 wrfail=0 down=4s maxout=4s
 289.135  t=286s RTT mean=19752 min=18013 max=26461 n=44 to=0 | cancels=0(+0/s) seqbad=0 len_bad=0 disc=0(0x00) | tot_n=13876 tot_to=0 maxever=34410 >2ms=13876 >5ms=13876 >15ms=9679 >20ms=557 >30ms=2 | probes=13877 wrfail=0 down=4s maxout=4s
 289.135  t=287s RTT mean=19901 min=18013 max=26461 n=43 to=0 | cancels=0(+0/s) seqbad=0 len_bad=0 disc=0(0x00) | tot_n=13919 tot_to=0 maxever=34410 >2ms=13919 >5ms=13919 >15ms=9722 >20ms=561 >30ms=2 | probes=13920 wrfail=0 down=4s maxout=4s
 291.140  t=288s RTT mean=20283 min=18012 max=26911 n=43 to=0 | cancels=0(+0/s) seqbad=0 len_bad=0 disc=0(0x00) | tot_n=13962 tot_to=0 maxever=34410 >2ms=13962 >5ms=13962 >15ms=9765 >20ms=568 >30ms=2 | probes=13963 wrfail=0 down=4s maxout=4s
 291.140  t=289s RTT mean=19442 min=18013 max=20804 n=44 to=0 | cancels=0(+0/s) seqbad=0 len_bad=0 disc=0(0x00) | tot_n=14006 tot_to=0 maxever=34410 >2ms=14006 >5ms=14006 >15ms=9809 >20ms=572 >30ms=2 | probes=14007 wrfail=0 down=4s maxout=4s
 293.137  t=290s RTT mean=19410 min=18010 max=20824 n=45 to=0 | cancels=0(+0/s) seqbad=0 len_bad=0 disc=0(0x00) | tot_n=14051 tot_to=0 maxever=34410 >2ms=14051 >5ms=14051 >15ms=9854 >20ms=576 >30ms=2 | probes=14052 wrfail=0 down=4s maxout=4s
 293.137  t=291s RTT mean=19410 min=18012 max=20805 n=44 to=0 | cancels=0(+0/s) seqbad=0 len_bad=0 disc=0(0x00) | tot_n=14095 tot_to=0 maxever=34410 >2ms=14095 >5ms=14095 >15ms=9898 >20ms=579 >30ms=2 | probes=14096 wrfail=0 down=4s maxout=4s
 295.131  t=292s RTT mean=19881 min=19408 max=26912 n=44 to=0 | cancels=0(+0/s) seqbad=0 len_bad=0 disc=0(0x00) | tot_n=14139 tot_to=0 maxever=34410 >2ms=14139 >5ms=14139 >15ms=9942 >20ms=582 >30ms=2 | probes=14140 wrfail=0 down=4s maxout=4s
 295.131  t=293s RTT mean=19591 min=19408 max=26462 n=44 to=0 | cancels=0(+0/s) seqbad=0 len_bad=0 disc=0(0x00) | tot_n=14183 tot_to=0 maxever=34410 >2ms=14183 >5ms=14183 >15ms=9986 >20ms=583 >30ms=2 | probes=14184 wrfail=0 down=4s maxout=4s
 297.145  t=294s RTT mean=19571 min=19408 max=26462 n=44 to=0 | cancels=0(+0/s) seqbad=0 len_bad=0 disc=0(0x00) | tot_n=14227 tot_to=0 maxever=34410 >2ms=14227 >5ms=14227 >15ms=10030 >20ms=584 >30ms=2 | probes=14228 wrfail=0 down=4s maxout=4s
 297.145  t=295s RTT mean=19591 min=18013 max=25518 n=44 to=0 | cancels=0(+0/s) seqbad=0 len_bad=0 disc=0(0x00) | tot_n=14271 tot_to=0 maxever=34410 >2ms=14271 >5ms=14271 >15ms=10074 >20ms=587 >30ms=2 | probes=14272 wrfail=0 down=4s maxout=4s
 299.133  t=296s RTT mean=19613 min=18013 max=25067 n=44 to=0 | cancels=0(+0/s) seqbad=0 len_bad=0 disc=0(0x00) | tot_n=14315 tot_to=0 maxever=34410 >2ms=14315 >5ms=14315 >15ms=10118 >20ms=592 >30ms=2 | probes=14316 wrfail=0 down=4s maxout=4s
 299.134  t=297s RTT mean=19410 min=18011 max=20804 n=45 to=0 | cancels=0(+0/s) seqbad=0 len_bad=0 disc=0(0x00) | tot_n=14360 tot_to=0 maxever=34410 >2ms=14360 >5ms=14360 >15ms=10163 >20ms=595 >30ms=2 | probes=14361 wrfail=0 down=4s maxout=4s
 301.155  t=298s RTT mean=19411 min=18012 max=20804 n=44 to=0 | cancels=0(+0/s) seqbad=0 len_bad=0 disc=0(0x00) | tot_n=14404 tot_to=0 maxever=34410 >2ms=14404 >5ms=14404 >15ms=10207 >20ms=598 >30ms=2 | probes=14405 wrfail=0 down=4s maxout=4s
 301.155  t=299s RTT mean=19549 min=19408 max=25079 n=44 to=0 | cancels=0(+0/s) seqbad=0 len_bad=0 disc=0(0x00) | tot_n=14448 tot_to=0 maxever=34410 >2ms=14448 >5ms=14448 >15ms=10251 >20ms=599 >30ms=2 | probes=14449 wrfail=0 down=4s maxout=4s
 303.121  t=300s RTT mean=19578 min=19407 max=25069 n=45 to=0 | cancels=0(+0/s) seqbad=0 len_bad=0 disc=0(0x00) | tot_n=14493 tot_to=0 maxever=34410 >2ms=14493 >5ms=14493 >15ms=10296 >20ms=601 >30ms=2 | probes=14493 wrfail=0 down=4s maxout=4s
 303.176  t=301s RTT mean=19442 min=18012 max=20808 n=44 to=0 | cancels=0(+0/s) seqbad=0 len_bad=0 disc=0(0x00) | tot_n=14537 tot_to=0 maxever=34410 >2ms=14537 >5ms=14537 >15ms=10340 >20ms=604 >30ms=2 | probes=14538 wrfail=0 down=4s maxout=4s
 305.150  t=302s RTT mean=19581 min=18012 max=26913 n=44 to=0 | cancels=0(+0/s) seqbad=0 len_bad=0 disc=0(0x00) | tot_n=14581 tot_to=0 maxever=34410 >2ms=14581 >5ms=14581 >15ms=10384 >20ms=608 >30ms=2 | probes=14582 wrfail=0 down=4s maxout=4s
 305.150  t=303s RTT mean=19442 min=18012 max=20806 n=44 to=0 | cancels=0(+0/s) seqbad=0 len_bad=0 disc=0(0x00) | tot_n=14625 tot_to=0 maxever=34410 >2ms=14625 >5ms=14625 >15ms=10428 >20ms=612 >30ms=2 | probes=14626 wrfail=0 down=4s maxout=4s
 307.124  t=304s RTT mean=19613 min=18012 max=26911 n=44 to=0 | cancels=0(+0/s) seqbad=0 len_bad=0 disc=0(0x00) | tot_n=14669 tot_to=0 maxever=34410 >2ms=14669 >5ms=14669 >15ms=10472 >20ms=616 >30ms=2 | probes=14670 wrfail=0 down=4s maxout=4s
 307.124  PCTL target=170 tot=2652 to=0 p50=19 p90=19 p99=26 p99.9=26 max=34 g30=1 g100=0 (ms/counts)
 307.124  LOADRAMP: target=180 KBps for 60s
 307.184  t=305s RTT mean=19514 min=18013 max=26911 n=45 to=0 | cancels=0(+0/s) seqbad=0 len_bad=0 disc=0(0x00) | tot_n=14714 tot_to=0 maxever=34410 >2ms=14714 >5ms=14714 >15ms=10517 >20ms=623 >30ms=2 | probes=14715 wrfail=0 down=4s maxout=4s
 309.135  t=306s RTT mean=19410 min=18013 max=20804 n=44 to=0 | cancels=0(+0/s) seqbad=0 len_bad=0 disc=0(0x00) | tot_n=14758 tot_to=0 maxever=34410 >2ms=14758 >5ms=14758 >15ms=10561 >20ms=627 >30ms=2 | probes=14759 wrfail=0 down=4s maxout=4s
 309.135  t=307s RTT mean=19410 min=18017 max=20800 n=45 to=0 | cancels=0(+0/s) seqbad=0 len_bad=0 disc=0(0x00) | tot_n=14803 tot_to=0 maxever=34410 >2ms=14803 >5ms=14803 >15ms=10606 >20ms=630 >30ms=2 | probes=14803 wrfail=0 down=4s maxout=4s
 311.152  t=308s RTT mean=19411 min=18011 max=20804 n=44 to=0 | cancels=0(+0/s) seqbad=0 len_bad=0 disc=0(0x00) | tot_n=14847 tot_to=0 maxever=34410 >2ms=14847 >5ms=14847 >15ms=10650 >20ms=633 >30ms=2 | probes=14848 wrfail=0 down=4s maxout=4s
 311.152  t=309s RTT mean=19410 min=18012 max=20807 n=45 to=0 | cancels=0(+0/s) seqbad=0 len_bad=0 disc=0(0x00) | tot_n=14892 tot_to=0 maxever=34410 >2ms=14892 >5ms=14892 >15ms=10695 >20ms=637 >30ms=2 | probes=14892 wrfail=0 down=4s maxout=4s
 313.110  t=310s RTT mean=19550 min=18015 max=25516 n=44 to=0 | cancels=0(+0/s) seqbad=0 len_bad=0 disc=0(0x00) | tot_n=14936 tot_to=0 maxever=34410 >2ms=14936 >5ms=14936 >15ms=10739 >20ms=639 >30ms=2 | probes=14937 wrfail=0 down=4s maxout=4s
 313.163  t=311s RTT mean=19442 min=18012 max=20804 n=44 to=0 | cancels=0(+0/s) seqbad=0 len_bad=0 disc=0(0x00) | tot_n=14980 tot_to=0 maxever=34410 >2ms=14980 >5ms=14980 >15ms=10783 >20ms=643 >30ms=2 | probes=14981 wrfail=0 down=4s maxout=4s
 315.110  t=312s RTT mean=19411 min=18013 max=22198 n=45 to=0 | cancels=0(+0/s) seqbad=0 len_bad=0 disc=0(0x00) | tot_n=15025 tot_to=0 maxever=34410 >2ms=15025 >5ms=15025 >15ms=10828 >20ms=645 >30ms=2 | probes=15025 wrfail=0 down=4s maxout=4s
 315.170  t=313s RTT mean=19580 min=18013 max=26911 n=44 to=0 | cancels=0(+0/s) seqbad=0 len_bad=0 disc=0(0x00) | tot_n=15069 tot_to=0 maxever=34410 >2ms=15069 >5ms=15069 >15ms=10872 >20ms=649 >30ms=2 | probes=15070 wrfail=0 down=4s maxout=4s
 317.133  t=314s RTT mean=19581 min=18013 max=26909 n=44 to=0 | cancels=0(+0/s) seqbad=0 len_bad=0 disc=0(0x00) | tot_n=15113 tot_to=0 maxever=34410 >2ms=15113 >5ms=15113 >15ms=10916 >20ms=652 >30ms=2 | probes=15114 wrfail=0 down=4s maxout=4s
 317.133  t=315s RTT mean=19581 min=18013 max=26911 n=44 to=0 | cancels=0(+0/s) seqbad=0 len_bad=0 disc=0(0x00) | tot_n=15157 tot_to=0 maxever=34410 >2ms=15157 >5ms=15157 >15ms=10960 >20ms=657 >30ms=2 | probes=15158 wrfail=0 down=4s maxout=4s
 319.153  t=316s RTT mean=19410 min=18013 max=20804 n=44 to=0 | cancels=0(+0/s) seqbad=0 len_bad=0 disc=0(0x00) | tot_n=15201 tot_to=0 maxever=34410 >2ms=15201 >5ms=15201 >15ms=11004 >20ms=663 >30ms=2 | probes=15202 wrfail=0 down=4s maxout=4s
 319.153  t=317s RTT mean=19536 min=19408 max=25069 n=45 to=0 | cancels=0(+0/s) seqbad=0 len_bad=0 disc=0(0x00) | tot_n=15246 tot_to=0 maxever=34410 >2ms=15246 >5ms=15246 >15ms=11049 >20ms=664 >30ms=2 | probes=15246 wrfail=0 down=4s maxout=4s
 321.117  t=318s RTT mean=19412 min=19408 max=19437 n=44 to=0 | cancels=0(+0/s) seqbad=0 len_bad=0 disc=0(0x00) | tot_n=15290 tot_to=0 maxever=34410 >2ms=15290 >5ms=15290 >15ms=11093 >20ms=664 >30ms=2 | probes=15291 wrfail=0 down=4s maxout=4s
 321.174  t=319s RTT mean=19751 min=18013 max=26461 n=44 to=0 | cancels=0(+0/s) seqbad=0 len_bad=0 disc=0(0x00) | tot_n=15334 tot_to=0 maxever=34410 >2ms=15334 >5ms=15334 >15ms=11137 >20ms=668 >30ms=2 | probes=15335 wrfail=0 down=4s maxout=4s
 323.149  t=320s RTT mean=19623 min=18013 max=25518 n=44 to=0 | cancels=0(+0/s) seqbad=0 len_bad=0 disc=0(0x00) | tot_n=15378 tot_to=0 maxever=34410 >2ms=15378 >5ms=15378 >15ms=11181 >20ms=671 >30ms=2 | probes=15379 wrfail=0 down=4s maxout=4s
 323.149  t=321s RTT mean=19410 min=18012 max=20803 n=44 to=0 | cancels=0(+0/s) seqbad=0 len_bad=0 disc=0(0x00) | tot_n=15422 tot_to=0 maxever=34410 >2ms=15422 >5ms=15422 >15ms=11225 >20ms=674 >30ms=2 | probes=15423 wrfail=0 down=4s maxout=4s
 325.157  t=322s RTT mean=19411 min=18016 max=20800 n=45 to=0 | cancels=0(+0/s) seqbad=0 len_bad=0 disc=0(0x00) | tot_n=15467 tot_to=0 maxever=34410 >2ms=15467 >5ms=15467 >15ms=11270 >20ms=676 >30ms=2 | probes=15468 wrfail=0 down=4s maxout=4s
 325.158  t=323s RTT mean=19410 min=18017 max=20800 n=44 to=0 | cancels=0(+0/s) seqbad=0 len_bad=0 disc=0(0x00) | tot_n=15511 tot_to=0 maxever=34410 >2ms=15511 >5ms=15511 >15ms=11314 >20ms=679 >30ms=2 | probes=15512 wrfail=0 down=4s maxout=4s
 327.138  t=324s RTT mean=19539 min=18013 max=23673 n=44 to=0 | cancels=0(+0/s) seqbad=0 len_bad=0 disc=0(0x00) | tot_n=15555 tot_to=0 maxever=34410 >2ms=15555 >5ms=15555 >15ms=11358 >20ms=682 >30ms=2 | probes=15556 wrfail=0 down=4s maxout=4s
 327.138  t=325s RTT mean=19654 min=18012 max=25518 n=44 to=0 | cancels=0(+0/s) seqbad=0 len_bad=0 disc=0(0x00) | tot_n=15599 tot_to=0 maxever=34410 >2ms=15599 >5ms=15599 >15ms=11402 >20ms=685 >30ms=2 | probes=15600 wrfail=0 down=4s maxout=4s
 329.114  t=326s RTT mean=19546 min=18012 max=23669 n=45 to=0 | cancels=0(+0/s) seqbad=0 len_bad=0 disc=0(0x00) | tot_n=15644 tot_to=0 maxever=34410 >2ms=15644 >5ms=15644 >15ms=11447 >20ms=691 >30ms=2 | probes=15644 wrfail=0 down=4s maxout=4s
 329.168  t=327s RTT mean=19410 min=19400 max=19413 n=44 to=0 | cancels=0(+0/s) seqbad=0 len_bad=0 disc=0(0x00) | tot_n=15688 tot_to=0 maxever=34410 >2ms=15688 >5ms=15688 >15ms=11491 >20ms=691 >30ms=2 | probes=15689 wrfail=0 down=4s maxout=4s
 331.110  t=328s RTT mean=19411 min=18011 max=20804 n=44 to=0 | cancels=0(+0/s) seqbad=0 len_bad=0 disc=0(0x00) | tot_n=15732 tot_to=0 maxever=34410 >2ms=15732 >5ms=15732 >15ms=11535 >20ms=693 >30ms=2 | probes=15733 wrfail=0 down=4s maxout=4s
 331.170  t=329s RTT mean=19410 min=18010 max=20804 n=45 to=0 | cancels=0(+0/s) seqbad=0 len_bad=0 disc=0(0x00) | tot_n=15777 tot_to=0 maxever=34410 >2ms=15777 >5ms=15777 >15ms=11580 >20ms=698 >30ms=2 | probes=15778 wrfail=0 down=4s maxout=4s
 333.157  t=330s RTT mean=19581 min=18010 max=25069 n=44 to=0 | cancels=0(+0/s) seqbad=0 len_bad=0 disc=0(0x00) | tot_n=15821 tot_to=0 maxever=34410 >2ms=15821 >5ms=15821 >15ms=11624 >20ms=703 >30ms=2 | probes=15822 wrfail=0 down=4s maxout=4s
 333.157  t=331s RTT mean=19410 min=18013 max=20804 n=44 to=0 | cancels=0(+0/s) seqbad=0 len_bad=0 disc=0(0x00) | tot_n=15865 tot_to=0 maxever=34410 >2ms=15865 >5ms=15865 >15ms=11668 >20ms=705 >30ms=2 | probes=15866 wrfail=0 down=4s maxout=4s
 335.124  t=332s RTT mean=19577 min=18008 max=25069 n=45 to=0 | cancels=0(+0/s) seqbad=0 len_bad=0 disc=0(0x00) | tot_n=15910 tot_to=0 maxever=34410 >2ms=15910 >5ms=15910 >15ms=11713 >20ms=713 >30ms=2 | probes=15910 wrfail=0 down=4s maxout=4s
 335.182  t=333s RTT mean=19581 min=19403 max=25070 n=44 to=0 | cancels=0(+0/s) seqbad=0 len_bad=0 disc=0(0x00) | tot_n=15954 tot_to=0 maxever=34410 >2ms=15954 >5ms=15954 >15ms=11757 >20ms=715 >30ms=2 | probes=15955 wrfail=0 down=4s maxout=4s
 337.115  t=334s RTT mean=19550 min=19408 max=25518 n=44 to=0 | cancels=0(+0/s) seqbad=0 len_bad=0 disc=0(0x00) | tot_n=15998 tot_to=0 maxever=34410 >2ms=15998 >5ms=15998 >15ms=11801 >20ms=716 >30ms=2 | probes=15999 wrfail=0 down=4s maxout=4s
 337.169  t=335s RTT mean=19442 min=18013 max=20804 n=44 to=0 | cancels=0(+0/s) seqbad=0 len_bad=0 disc=0(0x00) | tot_n=16042 tot_to=0 maxever=34410 >2ms=16042 >5ms=16042 >15ms=11845 >20ms=718 >30ms=2 | probes=16043 wrfail=0 down=4s maxout=4s
 339.110  t=336s RTT mean=19411 min=18012 max=20804 n=45 to=0 | cancels=0(+0/s) seqbad=0 len_bad=0 disc=0(0x00) | tot_n=16087 tot_to=0 maxever=34410 >2ms=16087 >5ms=16087 >15ms=11890 >20ms=721 >30ms=2 | probes=16088 wrfail=0 down=4s maxout=4s
 339.161  t=337s RTT mean=19410 min=18013 max=20813 n=44 to=0 | cancels=0(+0/s) seqbad=0 len_bad=0 disc=0(0x00) | tot_n=16131 tot_to=0 maxever=34410 >2ms=16131 >5ms=16131 >15ms=11934 >20ms=724 >30ms=2 | probes=16132 wrfail=0 down=4s maxout=4s
 341.110  t=338s RTT mean=19411 min=18013 max=20804 n=45 to=0 | cancels=0(+0/s) seqbad=0 len_bad=0 disc=0(0x00) | tot_n=16176 tot_to=0 maxever=34410 >2ms=16176 >5ms=16176 >15ms=11979 >20ms=727 >30ms=2 | probes=16177 wrfail=0 down=4s maxout=4s
 341.162  t=339s RTT mean=19538 min=18013 max=25068 n=44 to=0 | cancels=0(+0/s) seqbad=0 len_bad=0 disc=0(0x00) | tot_n=16220 tot_to=0 maxever=34410 >2ms=16220 >5ms=16220 >15ms=12023 >20ms=733 >30ms=2 | probes=16221 wrfail=0 down=4s maxout=4s
 343.114  t=340s RTT mean=19623 min=18009 max=26911 n=44 to=0 | cancels=0(+0/s) seqbad=0 len_bad=0 disc=0(0x00) | tot_n=16264 tot_to=0 maxever=34410 >2ms=16264 >5ms=16264 >15ms=12067 >20ms=736 >30ms=2 | probes=16265 wrfail=0 down=4s maxout=4s
 343.174  t=341s RTT mean=19410 min=18011 max=20804 n=44 to=0 | cancels=0(+0/s) seqbad=0 len_bad=0 disc=0(0x00) | tot_n=16308 tot_to=0 maxever=34410 >2ms=16308 >5ms=16308 >15ms=12111 >20ms=741 >30ms=2 | probes=16309 wrfail=0 down=4s maxout=4s
 345.127  t=342s RTT mean=19411 min=18013 max=20804 n=45 to=0 | cancels=0(+0/s) seqbad=0 len_bad=0 disc=0(0x00) | tot_n=16353 tot_to=0 maxever=34410 >2ms=16353 >5ms=16353 >15ms=12156 >20ms=743 >30ms=2 | probes=16354 wrfail=0 down=4s maxout=4s
 345.182  t=343s RTT mean=19410 min=18013 max=20804 n=44 to=0 | cancels=0(+0/s) seqbad=0 len_bad=0 disc=0(0x00) | tot_n=16397 tot_to=0 maxever=34410 >2ms=16397 >5ms=16397 >15ms=12200 >20ms=744 >30ms=2 | probes=16398 wrfail=0 down=4s maxout=4s
 347.146  t=344s RTT mean=19411 min=18012 max=20806 n=45 to=0 | cancels=0(+0/s) seqbad=0 len_bad=0 disc=0(0x00) | tot_n=16442 tot_to=0 maxever=34410 >2ms=16442 >5ms=16442 >15ms=12245 >20ms=746 >30ms=2 | probes=16443 wrfail=0 down=4s maxout=4s
 347.146  t=345s RTT mean=19410 min=18011 max=20806 n=44 to=0 | cancels=0(+0/s) seqbad=0 len_bad=0 disc=0(0x00) | tot_n=16486 tot_to=0 maxever=34410 >2ms=16486 >5ms=16486 >15ms=12289 >20ms=749 >30ms=2 | probes=16487 wrfail=0 down=4s maxout=4s
 349.124  t=346s RTT mean=19411 min=18013 max=20804 n=45 to=0 | cancels=0(+0/s) seqbad=0 len_bad=0 disc=0(0x00) | tot_n=16531 tot_to=0 maxever=34410 >2ms=16531 >5ms=16531 >15ms=12334 >20ms=751 >30ms=2 | probes=16531 wrfail=0 down=4s maxout=4s
 349.182  t=347s RTT mean=19580 min=18012 max=26911 n=44 to=0 | cancels=0(+0/s) seqbad=0 len_bad=0 disc=0(0x00) | tot_n=16575 tot_to=0 maxever=34410 >2ms=16575 >5ms=16575 >15ms=12378 >20ms=753 >30ms=2 | probes=16576 wrfail=0 down=4s maxout=4s
 351.136  t=348s RTT mean=19411 min=18013 max=20804 n=44 to=0 | cancels=0(+0/s) seqbad=0 len_bad=0 disc=0(0x00) | tot_n=16619 tot_to=0 maxever=34410 >2ms=16619 >5ms=16619 >15ms=12422 >20ms=755 >30ms=2 | probes=16620 wrfail=0 down=4s maxout=4s
 351.137  t=349s RTT mean=19410 min=18013 max=20804 n=45 to=0 | cancels=0(+0/s) seqbad=0 len_bad=0 disc=0(0x00) | tot_n=16664 tot_to=0 maxever=34410 >2ms=16664 >5ms=16664 >15ms=12467 >20ms=758 >30ms=2 | probes=16664 wrfail=0 down=4s maxout=4s
 353.141  t=350s RTT mean=19727 min=18013 max=26911 n=43 to=0 | cancels=0(+0/s) seqbad=0 len_bad=0 disc=0(0x00) | tot_n=16707 tot_to=0 maxever=34410 >2ms=16707 >5ms=16707 >15ms=12510 >20ms=761 >30ms=2 | probes=16708 wrfail=0 down=4s maxout=4s
 353.141  t=351s RTT mean=19441 min=18013 max=20804 n=45 to=0 | cancels=0(+0/s) seqbad=0 len_bad=0 disc=0(0x00) | tot_n=16752 tot_to=0 maxever=34410 >2ms=16752 >5ms=16752 >15ms=12555 >20ms=764 >30ms=2 | probes=16753 wrfail=0 down=4s maxout=4s
 355.162  t=352s RTT mean=19411 min=18011 max=20824 n=44 to=0 | cancels=0(+0/s) seqbad=0 len_bad=0 disc=0(0x00) | tot_n=16796 tot_to=0 maxever=34410 >2ms=16796 >5ms=16796 >15ms=12599 >20ms=766 >30ms=2 | probes=16797 wrfail=0 down=4s maxout=4s
 355.162  t=353s RTT mean=19410 min=18013 max=20804 n=45 to=0 | cancels=0(+0/s) seqbad=0 len_bad=0 disc=0(0x00) | tot_n=16841 tot_to=0 maxever=34410 >2ms=16841 >5ms=16841 >15ms=12644 >20ms=768 >30ms=2 | probes=16842 wrfail=0 down=4s maxout=4s
 357.126  t=354s RTT mean=19411 min=18013 max=20804 n=44 to=0 | cancels=0(+0/s) seqbad=0 len_bad=0 disc=0(0x00) | tot_n=16885 tot_to=0 maxever=34410 >2ms=16885 >5ms=16885 >15ms=12688 >20ms=769 >30ms=2 | probes=16886 wrfail=0 down=4s maxout=4s
 357.182  t=355s RTT mean=19411 min=19408 max=19420 n=45 to=0 | cancels=0(+0/s) seqbad=0 len_bad=0 disc=0(0x00) | tot_n=16930 tot_to=0 maxever=34410 >2ms=16930 >5ms=16930 >15ms=12733 >20ms=769 >30ms=2 | probes=16931 wrfail=0 down=4s maxout=4s
 359.155  t=356s RTT mean=19411 min=19408 max=19431 n=44 to=0 | cancels=0(+0/s) seqbad=0 len_bad=0 disc=0(0x00) | tot_n=16974 tot_to=0 maxever=34410 >2ms=16974 >5ms=16974 >15ms=12777 >20ms=769 >30ms=2 | probes=16975 wrfail=0 down=4s maxout=4s
 359.155  t=357s RTT mean=19720 min=19408 max=26911 n=44 to=0 | cancels=0(+0/s) seqbad=0 len_bad=0 disc=0(0x00) | tot_n=17018 tot_to=0 maxever=34410 >2ms=17018 >5ms=17018 >15ms=12821 >20ms=771 >30ms=2 | probes=17019 wrfail=0 down=4s maxout=4s
 361.151  t=358s RTT mean=19783 min=18010 max=26932 n=44 to=0 | cancels=0(+0/s) seqbad=0 len_bad=0 disc=0(0x00) | tot_n=17062 tot_to=0 maxever=34410 >2ms=17062 >5ms=17062 >15ms=12865 >20ms=775 >30ms=2 | probes=17063 wrfail=0 down=4s maxout=4s
 361.151  t=359s RTT mean=19581 min=18012 max=25068 n=44 to=0 | cancels=0(+0/s) seqbad=0 len_bad=0 disc=0(0x00) | tot_n=17106 tot_to=0 maxever=34410 >2ms=17106 >5ms=17106 >15ms=12909 >20ms=778 >30ms=2 | probes=17107 wrfail=0 down=4s maxout=4s
 363.172  t=360s RTT mean=19411 min=18011 max=20804 n=44 to=0 | cancels=0(+0/s) seqbad=0 len_bad=0 disc=0(0x00) | tot_n=17150 tot_to=0 maxever=34410 >2ms=17150 >5ms=17150 >15ms=12953 >20ms=779 >30ms=2 | probes=17151 wrfail=0 down=4s maxout=4s
 363.172  t=361s RTT mean=19410 min=18013 max=22197 n=45 to=0 | cancels=0(+0/s) seqbad=0 len_bad=0 disc=0(0x00) | tot_n=17195 tot_to=0 maxever=34410 >2ms=17195 >5ms=17195 >15ms=12998 >20ms=780 >30ms=2 | probes=17196 wrfail=0 down=4s maxout=4s
 365.149  t=362s RTT mean=19411 min=18012 max=22198 n=44 to=0 | cancels=0(+0/s) seqbad=0 len_bad=0 disc=0(0x00) | tot_n=17239 tot_to=0 maxever=34410 >2ms=17239 >5ms=17239 >15ms=13042 >20ms=782 >30ms=2 | probes=17240 wrfail=0 down=4s maxout=4s
 365.149  t=363s RTT mean=19442 min=18013 max=22198 n=44 to=0 | cancels=0(+0/s) seqbad=0 len_bad=0 disc=0(0x00) | tot_n=17283 tot_to=0 maxever=34410 >2ms=17283 >5ms=17283 >15ms=13086 >20ms=786 >30ms=2 | probes=17284 wrfail=0 down=4s maxout=4s
 367.136  t=364s RTT mean=19506 min=18013 max=25069 n=45 to=0 | cancels=0(+0/s) seqbad=0 len_bad=0 disc=0(0x00) | tot_n=17328 tot_to=0 maxever=34410 >2ms=17328 >5ms=17328 >15ms=13131 >20ms=789 >30ms=2 | probes=17329 wrfail=0 down=4s maxout=4s
 367.137  PCTL target=180 tot=2659 to=0 p50=19 p90=19 p99=23 p99.9=26 max=26 g30=0 g100=0 (ms/counts)
 367.137  LOADRAMP: target=190 KBps for 60s
 367.197  t=365s RTT mean=19452 min=18013 max=20804 n=44 to=0 | cancels=0(+0/s) seqbad=0 len_bad=0 disc=0(0x00) | tot_n=17372 tot_to=0 maxever=34410 >2ms=17372 >5ms=17372 >15ms=13175 >20ms=792 >30ms=2 | probes=17373 wrfail=0 down=4s maxout=4s
 369.164  t=366s RTT mean=19411 min=18013 max=20804 n=45 to=0 | cancels=0(+0/s) seqbad=0 len_bad=0 disc=0(0x00) | tot_n=17417 tot_to=0 maxever=34410 >2ms=17417 >5ms=17417 >15ms=13220 >20ms=794 >30ms=2 | probes=17417 wrfail=0 down=4s maxout=4s
 369.164  t=367s RTT mean=19410 min=18012 max=22198 n=44 to=0 | cancels=0(+0/s) seqbad=0 len_bad=0 disc=0(0x00) | tot_n=17461 tot_to=0 maxever=34410 >2ms=17461 >5ms=17461 >15ms=13264 >20ms=800 >30ms=2 | probes=17462 wrfail=0 down=4s maxout=4s
 371.149  t=368s RTT mean=19411 min=18012 max=20804 n=45 to=0 | cancels=0(+0/s) seqbad=0 len_bad=0 disc=0(0x00) | tot_n=17506 tot_to=0 maxever=34410 >2ms=17506 >5ms=17506 >15ms=13309 >20ms=802 >30ms=2 | probes=17506 wrfail=0 down=4s maxout=4s
 371.149  t=369s RTT mean=19411 min=18013 max=20804 n=44 to=0 | cancels=0(+0/s) seqbad=0 len_bad=0 disc=0(0x00) | tot_n=17550 tot_to=0 maxever=34410 >2ms=17550 >5ms=17550 >15ms=13353 >20ms=804 >30ms=2 | probes=17551 wrfail=0 down=4s maxout=4s
 373.171  t=370s RTT mean=19410 min=18012 max=20804 n=44 to=0 | cancels=0(+0/s) seqbad=0 len_bad=0 disc=0(0x00) | tot_n=17594 tot_to=0 maxever=34410 >2ms=17594 >5ms=17594 >15ms=13397 >20ms=807 >30ms=2 | probes=17595 wrfail=0 down=4s maxout=4s
 373.171  t=371s RTT mean=19577 min=18013 max=26911 n=45 to=0 | cancels=0(+0/s) seqbad=0 len_bad=0 disc=0(0x00) | tot_n=17639 tot_to=0 maxever=34410 >2ms=17639 >5ms=17639 >15ms=13442 >20ms=810 >30ms=2 | probes=17639 wrfail=0 down=4s maxout=4s
 375.146  t=372s RTT mean=19582 min=18012 max=25069 n=44 to=0 | cancels=0(+0/s) seqbad=0 len_bad=0 disc=0(0x00) | tot_n=17683 tot_to=0 maxever=34410 >2ms=17683 >5ms=17683 >15ms=13486 >20ms=815 >30ms=2 | probes=17684 wrfail=0 down=4s maxout=4s
 375.146  t=373s RTT mean=19539 min=18013 max=25065 n=44 to=0 | cancels=0(+0/s) seqbad=0 len_bad=0 disc=0(0x00) | tot_n=17727 tot_to=0 maxever=34410 >2ms=17727 >5ms=17727 >15ms=13530 >20ms=819 >30ms=2 | probes=17728 wrfail=0 down=4s maxout=4s
 377.145  t=374s RTT mean=19453 min=19407 max=20803 n=44 to=0 | cancels=0(+0/s) seqbad=0 len_bad=0 disc=0(0x00) | tot_n=17771 tot_to=0 maxever=34410 >2ms=17771 >5ms=17771 >15ms=13574 >20ms=820 >30ms=2 | probes=17772 wrfail=0 down=4s maxout=4s
 377.145  t=375s RTT mean=19410 min=18012 max=20804 n=44 to=0 | cancels=0(+0/s) seqbad=0 len_bad=0 disc=0(0x00) | tot_n=17815 tot_to=0 maxever=34410 >2ms=17815 >5ms=17815 >15ms=13618 >20ms=822 >30ms=2 | probes=17816 wrfail=0 down=4s maxout=4s
 379.135  t=376s RTT mean=19577 min=18010 max=26905 n=45 to=0 | cancels=0(+0/s) seqbad=0 len_bad=0 disc=0(0x00) | tot_n=17860 tot_to=0 maxever=34410 >2ms=17860 >5ms=17860 >15ms=13663 >20ms=826 >30ms=2 | probes=17861 wrfail=0 down=4s maxout=4s
 379.189  t=377s RTT mean=19442 min=19406 max=20803 n=44 to=0 | cancels=0(+0/s) seqbad=0 len_bad=0 disc=0(0x00) | tot_n=17904 tot_to=0 maxever=34410 >2ms=17904 >5ms=17904 >15ms=13707 >20ms=827 >30ms=2 | probes=17905 wrfail=0 down=4s maxout=4s
 381.143  t=378s RTT mean=19380 min=18011 max=20817 n=45 to=0 | cancels=0(+0/s) seqbad=0 len_bad=0 disc=0(0x00) | tot_n=17949 tot_to=0 maxever=34410 >2ms=17949 >5ms=17949 >15ms=13752 >20ms=829 >30ms=2 | probes=17950 wrfail=0 down=4s maxout=4s
 381.143  t=379s RTT mean=19549 min=19406 max=25515 n=44 to=0 | cancels=0(+0/s) seqbad=0 len_bad=0 disc=0(0x00) | tot_n=17993 tot_to=0 maxever=34410 >2ms=17993 >5ms=17993 >15ms=13796 >20ms=830 >30ms=2 | probes=17994 wrfail=0 down=4s maxout=4s
 383.130  t=380s RTT mean=19645 min=19406 max=26911 n=44 to=0 | cancels=0(+0/s) seqbad=0 len_bad=0 disc=0(0x00) | tot_n=18037 tot_to=0 maxever=34410 >2ms=18037 >5ms=18037 >15ms=13840 >20ms=833 >30ms=2 | probes=18038 wrfail=0 down=4s maxout=4s
 383.190  t=381s RTT mean=19378 min=18012 max=20804 n=44 to=0 | cancels=0(+0/s) seqbad=0 len_bad=0 disc=0(0x00) | tot_n=18081 tot_to=0 maxever=34410 >2ms=18081 >5ms=18081 >15ms=13884 >20ms=837 >30ms=2 | probes=18082 wrfail=0 down=4s maxout=4s
 385.133  t=382s RTT mean=19442 min=19406 max=20801 n=45 to=0 | cancels=0(+0/s) seqbad=0 len_bad=0 disc=0(0x00) | tot_n=18126 tot_to=0 maxever=34410 >2ms=18126 >5ms=18126 >15ms=13929 >20ms=838 >30ms=2 | probes=18127 wrfail=0 down=4s maxout=4s
 385.191  t=383s RTT mean=19410 min=18012 max=20804 n=44 to=0 | cancels=0(+0/s) seqbad=0 len_bad=0 disc=0(0x00) | tot_n=18170 tot_to=0 maxever=34410 >2ms=18170 >5ms=18170 >15ms=13973 >20ms=842 >30ms=2 | probes=18171 wrfail=0 down=4s maxout=4s
 387.157  t=384s RTT mean=19379 min=18013 max=20806 n=45 to=0 | cancels=0(+0/s) seqbad=0 len_bad=0 disc=0(0x00) | tot_n=18215 tot_to=0 maxever=34410 >2ms=18215 >5ms=18215 >15ms=14018 >20ms=846 >30ms=2 | probes=18216 wrfail=0 down=4s maxout=4s
 387.157  t=385s RTT mean=19410 min=18013 max=22200 n=44 to=0 | cancels=0(+0/s) seqbad=0 len_bad=0 disc=0(0x00) | tot_n=18259 tot_to=0 maxever=34410 >2ms=18259 >5ms=18259 >15ms=14062 >20ms=849 >30ms=2 | probes=18260 wrfail=0 down=4s maxout=4s
 389.166  t=386s RTT mean=19549 min=18013 max=25068 n=44 to=0 | cancels=0(+0/s) seqbad=0 len_bad=0 disc=0(0x00) | tot_n=18303 tot_to=0 maxever=34410 >2ms=18303 >5ms=18303 >15ms=14106 >20ms=853 >30ms=2 | probes=18304 wrfail=0 down=4s maxout=4s
 389.166  t=387s RTT mean=19441 min=18012 max=20804 n=45 to=0 | cancels=0(+0/s) seqbad=0 len_bad=0 disc=0(0x00) | tot_n=18348 tot_to=0 maxever=34410 >2ms=18348 >5ms=18348 >15ms=14151 >20ms=856 >30ms=2 | probes=18349 wrfail=0 down=4s maxout=4s
 391.140  t=388s RTT mean=19411 min=18013 max=20804 n=44 to=0 | cancels=0(+0/s) seqbad=0 len_bad=0 disc=0(0x00) | tot_n=18392 tot_to=0 maxever=34410 >2ms=18392 >5ms=18392 >15ms=14195 >20ms=857 >30ms=2 | probes=18393 wrfail=0 down=4s maxout=4s
 391.196  t=389s RTT mean=19410 min=18012 max=20805 n=45 to=0 | cancels=0(+0/s) seqbad=0 len_bad=0 disc=0(0x00) | tot_n=18437 tot_to=0 maxever=34410 >2ms=18437 >5ms=18437 >15ms=14240 >20ms=860 >30ms=2 | probes=18438 wrfail=0 down=4s maxout=4s
 393.172  t=390s RTT mean=19581 min=18011 max=26911 n=44 to=0 | cancels=0(+0/s) seqbad=0 len_bad=0 disc=0(0x00) | tot_n=18481 tot_to=0 maxever=34410 >2ms=18481 >5ms=18481 >15ms=14284 >20ms=867 >30ms=2 | probes=18482 wrfail=0 down=4s maxout=4s
 393.172  t=391s RTT mean=19581 min=19406 max=25069 n=44 to=0 | cancels=0(+0/s) seqbad=0 len_bad=0 disc=0(0x00) | tot_n=18525 tot_to=0 maxever=34410 >2ms=18525 >5ms=18525 >15ms=14328 >20ms=869 >30ms=2 | probes=18526 wrfail=0 down=4s maxout=4s
 395.144  t=392s RTT mean=19411 min=18012 max=22212 n=44 to=0 | cancels=0(+0/s) seqbad=0 len_bad=0 disc=0(0x00) | tot_n=18569 tot_to=0 maxever=34410 >2ms=18569 >5ms=18569 >15ms=14372 >20ms=870 >30ms=2 | probes=18570 wrfail=0 down=4s maxout=4s
 395.144  t=393s RTT mean=19410 min=19408 max=19413 n=45 to=0 | cancels=0(+0/s) seqbad=0 len_bad=0 disc=0(0x00) | tot_n=18614 tot_to=0 maxever=34410 >2ms=18614 >5ms=18614 >15ms=14417 >20ms=870 >30ms=2 | probes=18615 wrfail=0 down=4s maxout=4s
 397.174  t=394s RTT mean=19410 min=18010 max=22197 n=44 to=0 | cancels=0(+0/s) seqbad=0 len_bad=0 disc=0(0x00) | tot_n=18658 tot_to=0 maxever=34410 >2ms=18658 >5ms=18658 >15ms=14461 >20ms=874 >30ms=2 | probes=18659 wrfail=0 down=4s maxout=4s
 397.174  t=395s RTT mean=19410 min=18013 max=22198 n=45 to=0 | cancels=0(+0/s) seqbad=0 len_bad=0 disc=0(0x00) | tot_n=18703 tot_to=0 maxever=34410 >2ms=18703 >5ms=18703 >15ms=14506 >20ms=876 >30ms=2 | probes=18704 wrfail=0 down=4s maxout=4s
 399.133  t=396s RTT mean=19411 min=18013 max=22198 n=44 to=0 | cancels=0(+0/s) seqbad=0 len_bad=0 disc=0(0x00) | tot_n=18747 tot_to=0 maxever=34410 >2ms=18747 >5ms=18747 >15ms=14550 >20ms=879 >30ms=2 | probes=18748 wrfail=0 down=4s maxout=4s
 399.191  t=397s RTT mean=19581 min=19406 max=26912 n=44 to=0 | cancels=0(+0/s) seqbad=0 len_bad=0 disc=0(0x00) | tot_n=18791 tot_to=0 maxever=34410 >2ms=18791 >5ms=18791 >15ms=14594 >20ms=880 >30ms=2 | probes=18792 wrfail=0 down=4s maxout=4s
 401.164  t=398s RTT mean=19411 min=19404 max=19432 n=45 to=0 | cancels=0(+0/s) seqbad=0 len_bad=0 disc=0(0x00) | tot_n=18836 tot_to=0 maxever=34410 >2ms=18836 >5ms=18836 >15ms=14639 >20ms=880 >30ms=2 | probes=18837 wrfail=0 down=4s maxout=4s
 401.164  t=399s RTT mean=19539 min=18013 max=25067 n=44 to=0 | cancels=0(+0/s) seqbad=0 len_bad=0 disc=0(0x00) | tot_n=18880 tot_to=0 maxever=34410 >2ms=18880 >5ms=18880 >15ms=14683 >20ms=882 >30ms=2 | probes=18881 wrfail=0 down=4s maxout=4s
 403.158  t=400s RTT mean=19484 min=18012 max=20804 n=44 to=0 | cancels=0(+0/s) seqbad=0 len_bad=0 disc=0(0x00) | tot_n=18924 tot_to=0 maxever=34410 >2ms=18924 >5ms=18924 >15ms=14727 >20ms=885 >30ms=2 | probes=18925 wrfail=0 down=4s maxout=4s
 403.158  t=401s RTT mean=19379 min=18024 max=19413 n=45 to=0 | cancels=0(+0/s) seqbad=0 len_bad=0 disc=0(0x00) | tot_n=18969 tot_to=0 maxever=34410 >2ms=18969 >5ms=18969 >15ms=14772 >20ms=885 >30ms=2 | probes=18970 wrfail=0 down=4s maxout=4s
 405.125  t=402s RTT mean=19411 min=18013 max=20804 n=44 to=0 | cancels=0(+0/s) seqbad=0 len_bad=0 disc=0(0x00) | tot_n=19013 tot_to=0 maxever=34410 >2ms=19013 >5ms=19013 >15ms=14816 >20ms=886 >30ms=2 | probes=19014 wrfail=0 down=4s maxout=4s
 405.181  t=403s RTT mean=19410 min=18013 max=20804 n=45 to=0 | cancels=0(+0/s) seqbad=0 len_bad=0 disc=0(0x00) | tot_n=19058 tot_to=0 maxever=34410 >2ms=19058 >5ms=19058 >15ms=14861 >20ms=887 >30ms=2 | probes=19059 wrfail=0 down=4s maxout=4s
 407.143  t=404s RTT mean=19411 min=18013 max=20804 n=44 to=0 | cancels=0(+0/s) seqbad=0 len_bad=0 disc=0(0x00) | tot_n=19102 tot_to=0 maxever=34410 >2ms=19102 >5ms=19102 >15ms=14905 >20ms=890 >30ms=2 | probes=19103 wrfail=0 down=4s maxout=4s
 407.194  t=405s RTT mean=19410 min=18013 max=20804 n=45 to=0 | cancels=0(+0/s) seqbad=0 len_bad=0 disc=0(0x00) | tot_n=19147 tot_to=0 maxever=34410 >2ms=19147 >5ms=19147 >15ms=14950 >20ms=891 >30ms=2 | probes=19148 wrfail=0 down=4s maxout=4s
 409.146  t=406s RTT mean=19411 min=18013 max=20804 n=44 to=0 | cancels=0(+0/s) seqbad=0 len_bad=0 disc=0(0x00) | tot_n=19191 tot_to=0 maxever=34410 >2ms=19191 >5ms=19191 >15ms=14994 >20ms=892 >30ms=2 | probes=19192 wrfail=0 down=4s maxout=4s
 409.197  t=407s RTT mean=19410 min=18013 max=20804 n=45 to=0 | cancels=0(+0/s) seqbad=0 len_bad=0 disc=0(0x00) | tot_n=19236 tot_to=0 maxever=34410 >2ms=19236 >5ms=19236 >15ms=15039 >20ms=895 >30ms=2 | probes=19236 wrfail=0 down=4s maxout=4s
 411.166  t=408s RTT mean=19443 min=19406 max=20801 n=44 to=0 | cancels=0(+0/s) seqbad=0 len_bad=0 disc=0(0x00) | tot_n=19280 tot_to=0 maxever=34410 >2ms=19280 >5ms=19280 >15ms=15083 >20ms=896 >30ms=2 | probes=19281 wrfail=0 down=4s maxout=4s
 411.166  t=409s RTT mean=19378 min=18013 max=22198 n=44 to=0 | cancels=0(+0/s) seqbad=0 len_bad=0 disc=0(0x00) | tot_n=19324 tot_to=0 maxever=34410 >2ms=19324 >5ms=19324 >15ms=15127 >20ms=899 >30ms=2 | probes=19325 wrfail=0 down=4s maxout=4s
 413.125  t=410s RTT mean=19546 min=18012 max=24120 n=45 to=0 | cancels=0(+0/s) seqbad=0 len_bad=0 disc=0(0x00) | tot_n=19369 tot_to=0 maxever=34410 >2ms=19369 >5ms=19369 >15ms=15172 >20ms=902 >30ms=2 | probes=19370 wrfail=0 down=4s maxout=4s
 413.183  t=411s RTT mean=19442 min=18012 max=20804 n=44 to=0 | cancels=0(+0/s) seqbad=0 len_bad=0 disc=0(0x00) | tot_n=19413 tot_to=0 maxever=34410 >2ms=19413 >5ms=19413 >15ms=15216 >20ms=907 >30ms=2 | probes=19414 wrfail=0 down=4s maxout=4s
 415.156  t=412s RTT mean=19411 min=18011 max=20804 n=44 to=0 | cancels=0(+0/s) seqbad=0 len_bad=0 disc=0(0x00) | tot_n=19457 tot_to=0 maxever=34410 >2ms=19457 >5ms=19457 >15ms=15260 >20ms=910 >30ms=2 | probes=19458 wrfail=0 down=4s maxout=4s
 415.156  t=413s RTT mean=19410 min=18012 max=20804 n=45 to=0 | cancels=0(+0/s) seqbad=0 len_bad=0 disc=0(0x00) | tot_n=19502 tot_to=0 maxever=34410 >2ms=19502 >5ms=19502 >15ms=15305 >20ms=913 >30ms=2 | probes=19503 wrfail=0 down=4s maxout=4s
 417.154  t=414s RTT mean=19411 min=18012 max=20804 n=44 to=0 | cancels=0(+0/s) seqbad=0 len_bad=0 disc=0(0x00) | tot_n=19546 tot_to=0 maxever=34410 >2ms=19546 >5ms=19546 >15ms=15349 >20ms=915 >30ms=2 | probes=19547 wrfail=0 down=4s maxout=4s
 417.154  t=415s RTT mean=19411 min=19408 max=19420 n=45 to=0 | cancels=0(+0/s) seqbad=0 len_bad=0 disc=0(0x00) | tot_n=19591 tot_to=0 maxever=34410 >2ms=19591 >5ms=19591 >15ms=15394 >20ms=915 >30ms=2 | probes=19592 wrfail=0 down=4s maxout=4s
 419.177  t=416s RTT mean=19411 min=18013 max=20804 n=44 to=0 | cancels=0(+0/s) seqbad=0 len_bad=0 disc=0(0x00) | tot_n=19635 tot_to=0 maxever=34410 >2ms=19635 >5ms=19635 >15ms=15438 >20ms=917 >30ms=2 | probes=19636 wrfail=0 down=4s maxout=4s
 419.178  t=417s RTT mean=19410 min=18013 max=20804 n=45 to=0 | cancels=0(+0/s) seqbad=0 len_bad=0 disc=0(0x00) | tot_n=19680 tot_to=0 maxever=34410 >2ms=19680 >5ms=19680 >15ms=15483 >20ms=922 >30ms=2 | probes=19681 wrfail=0 down=4s maxout=4s
 421.149  t=418s RTT mean=19411 min=19408 max=19431 n=44 to=0 | cancels=0(+0/s) seqbad=0 len_bad=0 disc=0(0x00) | tot_n=19724 tot_to=0 maxever=34410 >2ms=19724 >5ms=19724 >15ms=15527 >20ms=922 >30ms=2 | probes=19725 wrfail=0 down=4s maxout=4s
 421.150  t=419s RTT mean=19549 min=19408 max=25068 n=44 to=0 | cancels=0(+0/s) seqbad=0 len_bad=0 disc=0(0x00) | tot_n=19768 tot_to=0 maxever=34410 >2ms=19768 >5ms=19768 >15ms=15571 >20ms=923 >30ms=2 | probes=19769 wrfail=0 down=4s maxout=4s
 423.163  t=420s RTT mean=20141 min=18012 max=28304 n=43 to=0 | cancels=0(+0/s) seqbad=0 len_bad=0 disc=0(0x00) | tot_n=19811 tot_to=0 maxever=34410 >2ms=19811 >5ms=19811 >15ms=15614 >20ms=931 >30ms=2 | probes=19812 wrfail=0 down=4s maxout=4s
 423.163  t=421s RTT mean=19577 min=18013 max=26911 n=45 to=0 | cancels=0(+0/s) seqbad=0 len_bad=0 disc=0(0x00) | tot_n=19856 tot_to=0 maxever=34410 >2ms=19856 >5ms=19856 >15ms=15659 >20ms=935 >30ms=2 | probes=19856 wrfail=0 down=4s maxout=4s
 425.128  t=422s RTT mean=19411 min=19403 max=19431 n=44 to=0 | cancels=0(+0/s) seqbad=0 len_bad=0 disc=0(0x00) | tot_n=19900 tot_to=0 maxever=34410 >2ms=19900 >5ms=19900 >15ms=15703 >20ms=935 >30ms=2 | probes=19901 wrfail=0 down=4s maxout=4s
 425.188  t=423s RTT mean=19410 min=18011 max=20804 n=44 to=0 | cancels=0(+0/s) seqbad=0 len_bad=0 disc=0(0x00) | tot_n=19944 tot_to=0 maxever=34410 >2ms=19944 >5ms=19944 >15ms=15747 >20ms=938 >30ms=2 | probes=19945 wrfail=0 down=4s maxout=4s
 427.157  t=424s RTT mean=19411 min=18013 max=22198 n=45 to=0 | cancels=0(+0/s) seqbad=0 len_bad=0 disc=0(0x00) | tot_n=19989 tot_to=0 maxever=34410 >2ms=19989 >5ms=19989 >15ms=15792 >20ms=941 >30ms=2 | probes=19990 wrfail=0 down=4s maxout=4s
 427.157  PCTL target=190 tot=2661 to=0 p50=19 p90=19 p99=22 p99.9=26 max=28 g30=0 g100=0 (ms/counts)
 427.157  LOADRAMP: cycle complete
 427.157  LOADRAMP: target=0 KBps for 60s
 427.157  t=425s RTT mean=17362 min=9041 max=26911 n=49 to=0 | cancels=0(+0/s) seqbad=0 len_bad=0 disc=0(0x00) | tot_n=20038 tot_to=0 maxever=34410 >2ms=20038 >5ms=20038 >15ms=15827 >20ms=942 >30ms=2 | probes=20039 wrfail=0 down=4s maxout=4s
 429.159  t=426s RTT mean=12029 min=11911 max=19414 n=66 to=0 | cancels=0(+0/s) seqbad=0 len_bad=0 disc=0(0x00) | tot_n=20104 tot_to=0 maxever=34410 >2ms=20104 >5ms=20104 >15ms=15828 >20ms=942 >30ms=2 | probes=20105 wrfail=0 down=4s maxout=4s
 429.160  t=427s RTT mean=11915 min=11912 max=11948 n=67 to=0 | cancels=0(+0/s) seqbad=0 len_bad=0 disc=0(0x00) | tot_n=20171 tot_to=0 maxever=34410 >2ms=20171 >5ms=20171 >15ms=15828 >20ms=942 >30ms=2 | probes=20172 wrfail=0 down=4s maxout=4s
 431.159  t=428s RTT mean=11915 min=11468 max=12362 n=67 to=0 | cancels=0(+0/s) seqbad=0 len_bad=0 disc=0(0x00) | tot_n=20238 tot_to=0 maxever=34410 >2ms=20238 >5ms=20238 >15ms=15828 >20ms=942 >30ms=2 | probes=20238 wrfail=0 down=4s maxout=4s
 431.159  t=429s RTT mean=11915 min=11467 max=12361 n=66 to=0 | cancels=0(+0/s) seqbad=0 len_bad=0 disc=0(0x00) | tot_n=20304 tot_to=0 maxever=34410 >2ms=20304 >5ms=20304 >15ms=15828 >20ms=942 >30ms=2 | probes=20305 wrfail=0 down=4s maxout=4s
 433.122  t=430s RTT mean=11915 min=11468 max=12381 n=67 to=0 | cancels=0(+0/s) seqbad=0 len_bad=0 disc=0(0x00) | tot_n=20371 tot_to=0 maxever=34410 >2ms=20371 >5ms=20371 >15ms=15828 >20ms=942 >30ms=2 | probes=20372 wrfail=0 down=4s maxout=4s
 433.182  t=431s RTT mean=11915 min=11912 max=11923 n=67 to=0 | cancels=0(+0/s) seqbad=0 len_bad=0 disc=0(0x00) | tot_n=20438 tot_to=0 maxever=34410 >2ms=20438 >5ms=20438 >15ms=15828 >20ms=942 >30ms=2 | probes=20438 wrfail=0 down=4s maxout=4s
 435.128  t=432s RTT mean=11915 min=11912 max=11934 n=66 to=0 | cancels=0(+0/s) seqbad=0 len_bad=0 disc=0(0x00) | tot_n=20504 tot_to=0 maxever=34410 >2ms=20504 >5ms=20504 >15ms=15828 >20ms=942 >30ms=2 | probes=20505 wrfail=0 down=4s maxout=4s
 435.183  t=433s RTT mean=11915 min=11912 max=11923 n=67 to=0 | cancels=0(+0/s) seqbad=0 len_bad=0 disc=0(0x00) | tot_n=20571 tot_to=0 maxever=34410 >2ms=20571 >5ms=20571 >15ms=15828 >20ms=942 >30ms=2 | probes=20572 wrfail=0 down=4s maxout=4s
 437.157  t=434s RTT mean=11915 min=11911 max=11926 n=67 to=0 | cancels=0(+0/s) seqbad=0 len_bad=0 disc=0(0x00) | tot_n=20638 tot_to=0 maxever=34410 >2ms=20638 >5ms=20638 >15ms=15828 >20ms=942 >30ms=2 | probes=20638 wrfail=0 down=4s maxout=4s
 437.157  t=435s RTT mean=11915 min=11900 max=11930 n=66 to=0 | cancels=0(+0/s) seqbad=0 len_bad=0 disc=0(0x00) | tot_n=20704 tot_to=0 maxever=34410 >2ms=20704 >5ms=20704 >15ms=15828 >20ms=942 >30ms=2 | probes=20705 wrfail=0 down=4s maxout=4s
 439.168  t=436s RTT mean=11915 min=11911 max=11933 n=67 to=0 | cancels=0(+0/s) seqbad=0 len_bad=0 disc=0(0x00) | tot_n=20771 tot_to=0 maxever=34410 >2ms=20771 >5ms=20771 >15ms=15828 >20ms=942 >30ms=2 | probes=20772 wrfail=0 down=4s maxout=4s
 439.168  t=437s RTT mean=11915 min=11912 max=11949 n=67 to=0 | cancels=0(+0/s) seqbad=0 len_bad=0 disc=0(0x00) | tot_n=20838 tot_to=0 maxever=34410 >2ms=20838 >5ms=20838 >15ms=15828 >20ms=942 >30ms=2 | probes=20838 wrfail=0 down=4s maxout=4s
 441.144  t=438s RTT mean=11915 min=11912 max=11946 n=66 to=0 | cancels=0(+0/s) seqbad=0 len_bad=0 disc=0(0x00) | tot_n=20904 tot_to=0 maxever=34410 >2ms=20904 >5ms=20904 >15ms=15828 >20ms=942 >30ms=2 | probes=20905 wrfail=0 down=4s maxout=4s
 441.144  t=439s RTT mean=11915 min=11912 max=11923 n=67 to=0 | cancels=0(+0/s) seqbad=0 len_bad=0 disc=0(0x00) | tot_n=20971 tot_to=0 maxever=34410 >2ms=20971 >5ms=20971 >15ms=15828 >20ms=942 >30ms=2 | probes=20972 wrfail=0 down=4s maxout=4s
 443.109  t=440s RTT mean=11915 min=11911 max=11932 n=67 to=0 | cancels=0(+0/s) seqbad=0 len_bad=0 disc=0(0x00) | tot_n=21038 tot_to=0 maxever=34410 >2ms=21038 >5ms=21038 >15ms=15828 >20ms=942 >30ms=2 | probes=21038 wrfail=0 down=4s maxout=4s
 443.169  t=441s RTT mean=11915 min=11912 max=11946 n=66 to=0 | cancels=0(+0/s) seqbad=0 len_bad=0 disc=0(0x00) | tot_n=21104 tot_to=0 maxever=34410 >2ms=21104 >5ms=21104 >15ms=15828 >20ms=942 >30ms=2 | probes=21105 wrfail=0 down=4s maxout=4s
 445.108  t=442s RTT mean=11915 min=11912 max=11934 n=67 to=0 | cancels=0(+0/s) seqbad=0 len_bad=0 disc=0(0x00) | tot_n=21171 tot_to=0 maxever=34410 >2ms=21171 >5ms=21171 >15ms=15828 >20ms=942 >30ms=2 | probes=21172 wrfail=0 down=4s maxout=4s
 445.168  t=443s RTT mean=11915 min=11912 max=11931 n=67 to=0 | cancels=0(+0/s) seqbad=0 len_bad=0 disc=0(0x00) | tot_n=21238 tot_to=0 maxever=34410 >2ms=21238 >5ms=21238 >15ms=15828 >20ms=942 >30ms=2 | probes=21238 wrfail=0 down=4s maxout=4s
 447.121  t=444s RTT mean=11915 min=11465 max=12362 n=66 to=0 | cancels=0(+0/s) seqbad=0 len_bad=0 disc=0(0x00) | tot_n=21304 tot_to=0 maxever=34410 >2ms=21304 >5ms=21304 >15ms=15828 >20ms=942 >30ms=2 | probes=21305 wrfail=0 down=4s maxout=4s
 447.180  t=445s RTT mean=11915 min=11911 max=11924 n=67 to=0 | cancels=0(+0/s) seqbad=0 len_bad=0 disc=0(0x00) | tot_n=21371 tot_to=0 maxever=34410 >2ms=21371 >5ms=21371 >15ms=15828 >20ms=942 >30ms=2 | probes=21372 wrfail=0 down=4s maxout=4s
 449.146  t=446s RTT mean=11915 min=11911 max=11933 n=67 to=0 | cancels=0(+0/s) seqbad=0 len_bad=0 disc=0(0x00) | tot_n=21438 tot_to=0 maxever=34410 >2ms=21438 >5ms=21438 >15ms=15828 >20ms=942 >30ms=2 | probes=21438 wrfail=0 down=4s maxout=4s
 449.146  t=447s RTT mean=11914 min=11841 max=11924 n=66 to=0 | cancels=0(+0/s) seqbad=0 len_bad=0 disc=0(0x00) | tot_n=21504 tot_to=0 maxever=34410 >2ms=21504 >5ms=21504 >15ms=15828 >20ms=942 >30ms=2 | probes=21505 wrfail=0 down=4s maxout=4s
