   1.827  t=1s RTT mean=0 min=0 max=0 n=0 to=0 | cancels=0(+0/s) seqbad=0 len_bad=0 disc=0(0x00) | tot_n=0 tot_to=0 maxever=0 >2ms=0 >5ms=0 >15ms=0 >20ms=0 >30ms=0 | probes=0 wrfail=0 down=1s maxout=1s
   1.877  Q2CONN AA=9f84f16e CRCINIT=6a01a5 hop=6 chan_count=37 map=ffffffff1f
   1.877  GAP connected interval=7500
   1.877  MTU err=0 mtu=247
   1.877  PHY tx=2 rx=2
   1.877  t=2s RTT mean=0 min=0 max=0 n=0 to=0 | cancels=0(+0/s) seqbad=0 len_bad=0 disc=0(0x00) | tot_n=0 tot_to=0 maxever=0 >2ms=0 >5ms=0 >15ms=0 >20ms=0 >30ms=0 | probes=0 wrfail=0 down=2s maxout=2s
   2.052  *** Booting Zephyr OS build v4.4.2-16-gfee9fbc62095 ***
   2.052  [00:04:06.746,271] [0m<inf> bt_hci_core: HW Platform: Nordic Semiconductor (0x0002)[0m
   2.052  [00:04:06.746,284] [0m<inf> bt_hci_core: HW Variant: nRF54Lx (0x0005)[0m
   2.052  [00:04:06.746,295] [0m<inf> bt_hci_core: Firmware: Standard Bluetooth controller (0x00) Version 4.4 Build 2[0m
   2.052  [00:04:06.746,647] [0m<inf> bt_hci_core: HCI transport: Controller[0m
   2.052  [00:04:06.746,694] [0m<inf> bt_hci_core: Identity: FC:BE:FF:FA:E6:8B (random)[0m
   2.112  [00:04:06.746,709] [0m<inf> bt_hci_core: HCI: version 5.4 (0x0d) revision 0x0000, manufacturer 0x05f1[0m
   2.112  [00:04:06.746,724] [0m<inf> bt_hci_core: LMP: version 5.4 (0x0d) subver 0xffff[0m
   2.112  
   2.112  === nRF54L15 RTT ping-pong CENTRAL ===
   2.112  scan rc=0
   4.070  t=1s RTT mean=0 min=0 max=0 n=0 to=0 | cancels=0(+0/s) seqbad=0 len_bad=0 disc=0(0x00) | tot_n=0 tot_to=0 maxever=0 >2ms=0 >5ms=0 >15ms=0 >20ms=0 >30ms=0 | probes=0 wrfail=0 down=1s maxout=1s
   4.070  t=2s RTT mean=0 min=0 max=0 n=0 to=0 | cancels=0(+0/s) seqbad=0 len_bad=0 disc=0(0x00) | tot_n=0 tot_to=0 maxever=0 >2ms=0 >5ms=0 >15ms=0 >20ms=0 >30ms=0 | probes=0 wrfail=0 down=2s maxout=2s
   6.025  t=3s RTT mean=0 min=0 max=0 n=0 to=0 | cancels=0(+0/s) seqbad=0 len_bad=0 disc=0(0x00) | tot_n=0 tot_to=0 maxever=0 >2ms=0 >5ms=0 >15ms=0 >20ms=0 >30ms=0 | probes=0 wrfail=0 down=3s maxout=3s
   6.084  Q2CONN AA=16b3b89d CRCINIT=d6a3fe hop=13 chan_count=37 map=ffffffff1f
   6.084  GAP connected interval=7500
   6.084  MTU err=0 mtu=247
   6.084  t=4s RTT mean=0 min=0 max=0 n=0 to=0 | cancels=0(+0/s) seqbad=0 len_bad=0 disc=0(0x00) | tot_n=0 tot_to=0 maxever=0 >2ms=0 >5ms=0 >15ms=0 >20ms=0 >30ms=0 | probes=0 wrfail=0 down=4s maxout=4s
   6.084  PHY tx=2 rx=2
   7.596  discovery start (post-PHY +500ms) interval=7500 phy2m=1
   7.596  SUBSCRIBED, vh=14
   7.596  LOADRAMP: bulk char handle=17
   7.596  LOADRAMP: target=0 KBps for 60s
   7.596  t=5s RTT mean=12065 min=11912 max=15828 n=26 to=0 | cancels=0(+0/s) seqbad=0 len_bad=0 disc=0(0x00) | tot_n=26 tot_to=0 maxever=15828 >2ms=26 >5ms=26 >15ms=1 >20ms=0 >30ms=0 | probes=26 wrfail=0 down=4s maxout=4s
   9.085  t=6s RTT mean=11915 min=11908 max=11945 n=66 to=0 | cancels=0(+0/s) seqbad=0 len_bad=0 disc=0(0x00) | tot_n=92 tot_to=0 maxever=15828 >2ms=92 >5ms=92 >15ms=1 >20ms=0 >30ms=0 | probes=93 wrfail=0 down=4s maxout=4s
   9.085  t=7s RTT mean=11915 min=11912 max=11923 n=67 to=0 | cancels=0(+0/s) seqbad=0 len_bad=0 disc=0(0x00) | tot_n=159 tot_to=0 maxever=15828 >2ms=159 >5ms=159 >15ms=1 >20ms=0 >30ms=0 | probes=160 wrfail=0 down=4s maxout=4s
  10.588  FSU: request [150..150] us (ACL both dirs, 1M+2M) rc=0
  10.648  t=8s RTT mean=11915 min=11874 max=11962 n=67 to=0 | cancels=0(+0/s) seqbad=0 len_bad=0 disc=0(0x00) | tot_n=226 tot_to=0 maxever=15828 >2ms=226 >5ms=226 >15ms=1 >20ms=0 >30ms=0 | probes=226 wrfail=0 down=4s maxout=4s
  12.034  t=9s RTT mean=11915 min=11911 max=11945 n=66 to=0 | cancels=0(+0/s) seqbad=0 len_bad=0 disc=0(0x00) | tot_n=292 tot_to=0 maxever=15828 >2ms=292 >5ms=292 >15ms=1 >20ms=0 >30ms=0 | probes=293 wrfail=0 down=4s maxout=4s
  12.094  t=10s RTT mean=11915 min=11912 max=11923 n=67 to=0 | cancels=0(+0/s) seqbad=0 len_bad=0 disc=0(0x00) | tot_n=359 tot_to=0 maxever=15828 >2ms=359 >5ms=359 >15ms=1 >20ms=0 >30ms=0 | probes=360 wrfail=0 down=4s maxout=4s
  14.052  t=11s RTT mean=11915 min=11912 max=11924 n=67 to=0 | cancels=0(+0/s) seqbad=0 len_bad=0 disc=0(0x00) | tot_n=426 tot_to=0 maxever=15828 >2ms=426 >5ms=426 >15ms=1 >20ms=0 >30ms=0 | probes=426 wrfail=0 down=4s maxout=4s
  14.052  t=12s RTT mean=11914 min=11901 max=11923 n=66 to=0 | cancels=0(+0/s) seqbad=0 len_bad=0 disc=0(0x00) | tot_n=492 tot_to=0 maxever=15828 >2ms=492 >5ms=492 >15ms=1 >20ms=0 >30ms=0 | probes=493 wrfail=0 down=4s maxout=4s
  16.084  t=13s RTT mean=11915 min=11912 max=11933 n=67 to=0 | cancels=0(+0/s) seqbad=0 len_bad=0 disc=0(0x00) | tot_n=559 tot_to=0 maxever=15828 >2ms=559 >5ms=559 >15ms=1 >20ms=0 >30ms=0 | probes=560 wrfail=0 down=4s maxout=4s
  16.084  t=14s RTT mean=12028 min=11912 max=19411 n=66 to=0 | cancels=0(+0/s) seqbad=0 len_bad=0 disc=0(0x00) | tot_n=625 tot_to=0 maxever=19411 >2ms=625 >5ms=625 >15ms=2 >20ms=0 >30ms=0 | probes=626 wrfail=0 down=4s maxout=4s
  18.032  t=15s RTT mean=11915 min=11911 max=11932 n=67 to=0 | cancels=0(+0/s) seqbad=0 len_bad=0 disc=0(0x00) | tot_n=692 tot_to=0 maxever=19411 >2ms=692 >5ms=692 >15ms=2 >20ms=0 >30ms=0 | probes=693 wrfail=0 down=4s maxout=4s
  18.084  t=16s RTT mean=11915 min=11912 max=11923 n=67 to=0 | cancels=0(+0/s) seqbad=0 len_bad=0 disc=0(0x00) | tot_n=759 tot_to=0 maxever=19411 >2ms=759 >5ms=759 >15ms=2 >20ms=0 >30ms=0 | probes=759 wrfail=0 down=4s maxout=4s
  20.042  t=17s RTT mean=11915 min=11912 max=11945 n=66 to=0 | cancels=0(+0/s) seqbad=0 len_bad=0 disc=0(0x00) | tot_n=825 tot_to=0 maxever=19411 >2ms=825 >5ms=825 >15ms=2 >20ms=0 >30ms=0 | probes=826 wrfail=0 down=4s maxout=4s
  20.102  t=18s RTT mean=11915 min=11912 max=11923 n=67 to=0 | cancels=0(+0/s) seqbad=0 len_bad=0 disc=0(0x00) | tot_n=892 tot_to=0 maxever=19411 >2ms=892 >5ms=892 >15ms=2 >20ms=0 >30ms=0 | probes=893 wrfail=0 down=4s maxout=4s
  22.077  t=19s RTT mean=11915 min=11911 max=11932 n=67 to=0 | cancels=0(+0/s) seqbad=0 len_bad=0 disc=0(0x00) | tot_n=959 tot_to=0 maxever=19411 >2ms=959 >5ms=959 >15ms=2 >20ms=0 >30ms=0 | probes=959 wrfail=0 down=4s maxout=4s
  22.077  t=20s RTT mean=11915 min=11905 max=11945 n=66 to=0 | cancels=0(+0/s) seqbad=0 len_bad=0 disc=0(0x00) | tot_n=1025 tot_to=0 maxever=19411 >2ms=1025 >5ms=1025 >15ms=2 >20ms=0 >30ms=0 | probes=1026 wrfail=0 down=4s maxout=4s
  24.040  t=21s RTT mean=12029 min=11911 max=19414 n=66 to=0 | cancels=0(+0/s) seqbad=0 len_bad=0 disc=0(0x00) | tot_n=1091 tot_to=0 maxever=19414 >2ms=1091 >5ms=1091 >15ms=3 >20ms=0 >30ms=0 | probes=1092 wrfail=0 down=4s maxout=4s
  24.094  t=22s RTT mean=11915 min=11912 max=11923 n=67 to=0 | cancels=0(+0/s) seqbad=0 len_bad=0 disc=0(0x00) | tot_n=1158 tot_to=0 maxever=19414 >2ms=1158 >5ms=1158 >15ms=3 >20ms=0 >30ms=0 | probes=1159 wrfail=0 down=4s maxout=4s
  26.043  t=23s RTT mean=11915 min=11467 max=12363 n=67 to=0 | cancels=0(+0/s) seqbad=0 len_bad=0 disc=0(0x00) | tot_n=1225 tot_to=0 maxever=19414 >2ms=1225 >5ms=1225 >15ms=3 >20ms=0 >30ms=0 | probes=1226 wrfail=0 down=4s maxout=4s
  26.102  t=24s RTT mean=11915 min=11466 max=12369 n=66 to=0 | cancels=0(+0/s) seqbad=0 len_bad=0 disc=0(0x00) | tot_n=1291 tot_to=0 maxever=19414 >2ms=1291 >5ms=1291 >15ms=3 >20ms=0 >30ms=0 | probes=1292 wrfail=0 down=4s maxout=4s
  28.059  t=25s RTT mean=11915 min=11843 max=11994 n=67 to=0 | cancels=0(+0/s) seqbad=0 len_bad=0 disc=0(0x00) | tot_n=1358 tot_to=0 maxever=19414 >2ms=1358 >5ms=1358 >15ms=3 >20ms=0 >30ms=0 | probes=1359 wrfail=0 down=4s maxout=4s
  28.059  t=26s RTT mean=11915 min=11907 max=11923 n=67 to=0 | cancels=0(+0/s) seqbad=0 len_bad=0 disc=0(0x00) | tot_n=1425 tot_to=0 maxever=19414 >2ms=1425 >5ms=1425 >15ms=3 >20ms=0 >30ms=0 | probes=1426 wrfail=0 down=4s maxout=4s
  30.043  t=27s RTT mean=11915 min=11911 max=11933 n=67 to=0 | cancels=0(+0/s) seqbad=0 len_bad=0 disc=0(0x00) | tot_n=1492 tot_to=0 maxever=19414 >2ms=1492 >5ms=1492 >15ms=3 >20ms=0 >30ms=0 | probes=1492 wrfail=0 down=4s maxout=4s
  30.103  t=28s RTT mean=11915 min=11470 max=12359 n=66 to=0 | cancels=0(+0/s) seqbad=0 len_bad=0 disc=0(0x00) | tot_n=1558 tot_to=0 maxever=19414 >2ms=1558 >5ms=1558 >15ms=3 >20ms=0 >30ms=0 | probes=1559 wrfail=0 down=4s maxout=4s
  32.074  t=29s RTT mean=11915 min=11911 max=11933 n=67 to=0 | cancels=0(+0/s) seqbad=0 len_bad=0 disc=0(0x00) | tot_n=1625 tot_to=0 maxever=19414 >2ms=1625 >5ms=1625 >15ms=3 >20ms=0 >30ms=0 | probes=1626 wrfail=0 down=4s maxout=4s
  32.074  t=30s RTT mean=11915 min=11903 max=11931 n=67 to=0 | cancels=0(+0/s) seqbad=0 len_bad=0 disc=0(0x00) | tot_n=1692 tot_to=0 maxever=19414 >2ms=1692 >5ms=1692 >15ms=3 >20ms=0 >30ms=0 | probes=1692 wrfail=0 down=4s maxout=4s
  34.086  t=31s RTT mean=11915 min=11912 max=11934 n=66 to=0 | cancels=0(+0/s) seqbad=0 len_bad=0 disc=0(0x00) | tot_n=1758 tot_to=0 maxever=19414 >2ms=1758 >5ms=1758 >15ms=3 >20ms=0 >30ms=0 | probes=1759 wrfail=0 down=4s maxout=4s
  34.086  t=32s RTT mean=11915 min=11911 max=11924 n=67 to=0 | cancels=0(+0/s) seqbad=0 len_bad=0 disc=0(0x00) | tot_n=1825 tot_to=0 maxever=19414 >2ms=1825 >5ms=1825 >15ms=3 >20ms=0 >30ms=0 | probes=1826 wrfail=0 down=4s maxout=4s
  36.086  t=33s RTT mean=11915 min=11910 max=11925 n=67 to=0 | cancels=0(+0/s) seqbad=0 len_bad=0 disc=0(0x00) | tot_n=1892 tot_to=0 maxever=19414 >2ms=1892 >5ms=1892 >15ms=3 >20ms=0 >30ms=0 | probes=1892 wrfail=0 down=4s maxout=4s
  36.086  t=34s RTT mean=11915 min=11912 max=11923 n=66 to=0 | cancels=0(+0/s) seqbad=0 len_bad=0 disc=0(0x00) | tot_n=1958 tot_to=0 maxever=19414 >2ms=1958 >5ms=1958 >15ms=3 >20ms=0 >30ms=0 | probes=1959 wrfail=0 down=4s maxout=4s
  38.034  t=35s RTT mean=11915 min=11911 max=11933 n=67 to=0 | cancels=0(+0/s) seqbad=0 len_bad=0 disc=0(0x00) | tot_n=2025 tot_to=0 maxever=19414 >2ms=2025 >5ms=2025 >15ms=3 >20ms=0 >30ms=0 | probes=2026 wrfail=0 down=4s maxout=4s
  38.094  t=36s RTT mean=11915 min=11912 max=11923 n=67 to=0 | cancels=0(+0/s) seqbad=0 len_bad=0 disc=0(0x00) | tot_n=2092 tot_to=0 maxever=19414 >2ms=2092 >5ms=2092 >15ms=3 >20ms=0 >30ms=0 | probes=2092 wrfail=0 down=4s maxout=4s
  40.084  t=37s RTT mean=11915 min=11912 max=11933 n=66 to=0 | cancels=0(+0/s) seqbad=0 len_bad=0 disc=0(0x00) | tot_n=2158 tot_to=0 maxever=19414 >2ms=2158 >5ms=2158 >15ms=3 >20ms=0 >30ms=0 | probes=2159 wrfail=0 down=4s maxout=4s
  40.084  t=38s RTT mean=11915 min=11912 max=11923 n=67 to=0 | cancels=0(+0/s) seqbad=0 len_bad=0 disc=0(0x00) | tot_n=2225 tot_to=0 maxever=19414 >2ms=2225 >5ms=2225 >15ms=3 >20ms=0 >30ms=0 | probes=2226 wrfail=0 down=4s maxout=4s
  42.056  t=39s RTT mean=11915 min=11910 max=11925 n=67 to=0 | cancels=0(+0/s) seqbad=0 len_bad=0 disc=0(0x00) | tot_n=2292 tot_to=0 maxever=19414 >2ms=2292 >5ms=2292 >15ms=3 >20ms=0 >30ms=0 | probes=2292 wrfail=0 down=4s maxout=4s
  42.056  t=40s RTT mean=11915 min=11468 max=12362 n=66 to=0 | cancels=0(+0/s) seqbad=0 len_bad=0 disc=0(0x00) | tot_n=2358 tot_to=0 maxever=19414 >2ms=2358 >5ms=2358 >15ms=3 >20ms=0 >30ms=0 | probes=2359 wrfail=0 down=4s maxout=4s
  44.083  t=41s RTT mean=11915 min=11912 max=11933 n=67 to=0 | cancels=0(+0/s) seqbad=0 len_bad=0 disc=0(0x00) | tot_n=2425 tot_to=0 maxever=19414 >2ms=2425 >5ms=2425 >15ms=3 >20ms=0 >30ms=0 | probes=2426 wrfail=0 down=4s maxout=4s
  44.084  t=42s RTT mean=11915 min=11912 max=11923 n=67 to=0 | cancels=0(+0/s) seqbad=0 len_bad=0 disc=0(0x00) | tot_n=2492 tot_to=0 maxever=19414 >2ms=2492 >5ms=2492 >15ms=3 >20ms=0 >30ms=0 | probes=2492 wrfail=0 down=4s maxout=4s
  46.052  t=43s RTT mean=11915 min=11911 max=11933 n=66 to=0 | cancels=0(+0/s) seqbad=0 len_bad=0 disc=0(0x00) | tot_n=2558 tot_to=0 maxever=19414 >2ms=2558 >5ms=2558 >15ms=3 >20ms=0 >30ms=0 | probes=2559 wrfail=0 down=4s maxout=4s
  46.113  t=44s RTT mean=11915 min=11912 max=11923 n=67 to=0 | cancels=0(+0/s) seqbad=0 len_bad=0 disc=0(0x00) | tot_n=2625 tot_to=0 maxever=19414 >2ms=2625 >5ms=2625 >15ms=3 >20ms=0 >30ms=0 | probes=2626 wrfail=0 down=4s maxout=4s
  48.069  t=45s RTT mean=11915 min=11900 max=11933 n=67 to=0 | cancels=0(+0/s) seqbad=0 len_bad=0 disc=0(0x00) | tot_n=2692 tot_to=0 maxever=19414 >2ms=2692 >5ms=2692 >15ms=3 >20ms=0 >30ms=0 | probes=2692 wrfail=0 down=4s maxout=4s
  48.069  t=46s RTT mean=11914 min=11807 max=11948 n=66 to=0 | cancels=0(+0/s) seqbad=0 len_bad=0 disc=0(0x00) | tot_n=2758 tot_to=0 maxever=19414 >2ms=2758 >5ms=2758 >15ms=3 >20ms=0 >30ms=0 | probes=2759 wrfail=0 down=4s maxout=4s
  50.049  t=47s RTT mean=11916 min=11912 max=11948 n=67 to=0 | cancels=0(+0/s) seqbad=0 len_bad=0 disc=0(0x00) | tot_n=2825 tot_to=0 maxever=19414 >2ms=2825 >5ms=2825 >15ms=3 >20ms=0 >30ms=0 | probes=2826 wrfail=0 down=4s maxout=4s
  50.105  t=48s RTT mean=11916 min=11912 max=11948 n=67 to=0 | cancels=0(+0/s) seqbad=0 len_bad=0 disc=0(0x00) | tot_n=2892 tot_to=0 maxever=19414 >2ms=2892 >5ms=2892 >15ms=3 >20ms=0 >30ms=0 | probes=2893 wrfail=0 down=4s maxout=4s
  52.093  t=49s RTT mean=11916 min=11911 max=11948 n=66 to=0 | cancels=0(+0/s) seqbad=0 len_bad=0 disc=0(0x00) | tot_n=2958 tot_to=0 maxever=19414 >2ms=2958 >5ms=2958 >15ms=3 >20ms=0 >30ms=0 | probes=2959 wrfail=0 down=4s maxout=4s
  52.093  t=50s RTT mean=11915 min=11912 max=11948 n=67 to=0 | cancels=0(+0/s) seqbad=0 len_bad=0 disc=0(0x00) | tot_n=3025 tot_to=0 maxever=19414 >2ms=3025 >5ms=3025 >15ms=3 >20ms=0 >30ms=0 | probes=3026 wrfail=0 down=4s maxout=4s
  54.052  t=51s RTT mean=11916 min=11912 max=11948 n=67 to=0 | cancels=0(+0/s) seqbad=0 len_bad=0 disc=0(0x00) | tot_n=3092 tot_to=0 maxever=19414 >2ms=3092 >5ms=3092 >15ms=3 >20ms=0 >30ms=0 | probes=3093 wrfail=0 down=4s maxout=4s
  54.109  t=52s RTT mean=11916 min=11912 max=11949 n=66 to=0 | cancels=0(+0/s) seqbad=0 len_bad=0 disc=0(0x00) | tot_n=3158 tot_to=0 maxever=19414 >2ms=3158 >5ms=3158 >15ms=3 >20ms=0 >30ms=0 | probes=3159 wrfail=0 down=4s maxout=4s
  56.052  t=53s RTT mean=12028 min=11912 max=19411 n=67 to=0 | cancels=0(+0/s) seqbad=0 len_bad=0 disc=0(0x00) | tot_n=3225 tot_to=0 maxever=19414 >2ms=3225 >5ms=3225 >15ms=4 >20ms=0 >30ms=0 | probes=3225 wrfail=0 down=4s maxout=4s
  56.112  t=54s RTT mean=12029 min=11912 max=19415 n=66 to=0 | cancels=0(+0/s) seqbad=0 len_bad=0 disc=0(0x00) | tot_n=3291 tot_to=0 maxever=19415 >2ms=3291 >5ms=3291 >15ms=5 >20ms=0 >30ms=0 | probes=3292 wrfail=0 down=4s maxout=4s
  58.081  t=55s RTT mean=12261 min=11528 max=19423 n=65 to=0 | cancels=0(+0/s) seqbad=0 len_bad=0 disc=0(0x00) | tot_n=3356 tot_to=0 maxever=19423 >2ms=3356 >5ms=3356 >15ms=8 >20ms=0 >30ms=0 | probes=3357 wrfail=0 down=4s maxout=4s
  58.081  t=56s RTT mean=12028 min=11912 max=19420 n=66 to=0 | cancels=0(+0/s) seqbad=0 len_bad=0 disc=0(0x00) | tot_n=3422 tot_to=0 maxever=19423 >2ms=3422 >5ms=3422 >15ms=9 >20ms=0 >30ms=0 | probes=3423 wrfail=0 down=4s maxout=4s
  60.088  t=57s RTT mean=11915 min=11912 max=11932 n=67 to=0 | cancels=0(+0/s) seqbad=0 len_bad=0 disc=0(0x00) | tot_n=3489 tot_to=0 maxever=19423 >2ms=3489 >5ms=3489 >15ms=9 >20ms=0 >30ms=0 | probes=3490 wrfail=0 down=4s maxout=4s
  60.088  t=58s RTT mean=11915 min=11912 max=11924 n=66 to=0 | cancels=0(+0/s) seqbad=0 len_bad=0 disc=0(0x00) | tot_n=3555 tot_to=0 maxever=19423 >2ms=3555 >5ms=3555 >15ms=9 >20ms=0 >30ms=0 | probes=3556 wrfail=0 down=4s maxout=4s
  62.078  t=59s RTT mean=12257 min=11802 max=19415 n=66 to=0 | cancels=0(+0/s) seqbad=0 len_bad=0 disc=0(0x00) | tot_n=3621 tot_to=0 maxever=19423 >2ms=3621 >5ms=3621 >15ms=12 >20ms=0 >30ms=0 | probes=3621 wrfail=0 down=4s maxout=4s
  62.078  t=60s RTT mean=12028 min=11912 max=19415 n=66 to=0 | cancels=0(+0/s) seqbad=0 len_bad=0 disc=0(0x00) | tot_n=3687 tot_to=0 maxever=19423 >2ms=3687 >5ms=3687 >15ms=13 >20ms=0 >30ms=0 | probes=3688 wrfail=0 down=4s maxout=4s
  64.073  t=61s RTT mean=12029 min=11467 max=19414 n=66 to=0 | cancels=0(+0/s) seqbad=0 len_bad=0 disc=0(0x00) | tot_n=3753 tot_to=0 maxever=19423 >2ms=3753 >5ms=3753 >15ms=14 >20ms=0 >30ms=0 | probes=3754 wrfail=0 down=4s maxout=4s
  64.073  t=62s RTT mean=12035 min=11465 max=19869 n=66 to=0 | cancels=0(+0/s) seqbad=0 len_bad=0 disc=0(0x00) | tot_n=3819 tot_to=0 maxever=19869 >2ms=3819 >5ms=3819 >15ms=15 >20ms=0 >30ms=0 | probes=3820 wrfail=0 down=4s maxout=4s
  66.061  t=63s RTT mean=11908 min=11466 max=12362 n=67 to=0 | cancels=0(+0/s) seqbad=0 len_bad=0 disc=0(0x00) | tot_n=3886 tot_to=0 maxever=19869 >2ms=3886 >5ms=3886 >15ms=15 >20ms=0 >30ms=0 | probes=3887 wrfail=0 down=4s maxout=4s
  66.062  t=64s RTT mean=11915 min=11468 max=12362 n=67 to=0 | cancels=0(+0/s) seqbad=0 len_bad=0 disc=0(0x00) | tot_n=3953 tot_to=0 maxever=19869 >2ms=3953 >5ms=3953 >15ms=15 >20ms=0 >30ms=0 | probes=3953 wrfail=0 down=4s maxout=4s
  67.779  PCTL target=0 tot=3994 to=0 p50=11 p90=11 p99=11 p99.9=19 max=19 g30=0 g100=0 (ms/counts)
  67.779  LOADRAMP: target=140 KBps for 60s
  67.779  t=65s RTT mean=13440 min=11912 max=19861 n=60 to=0 | cancels=0(+0/s) seqbad=0 len_bad=0 disc=0(0x00) | tot_n=4013 tot_to=0 maxever=19869 >2ms=4013 >5ms=4013 >15ms=27 >20ms=0 >30ms=0 | probes=4014 wrfail=0 down=4s maxout=4s
  69.059  t=66s RTT mean=19109 min=11913 max=23963 n=45 to=0 | cancels=0(+0/s) seqbad=0 len_bad=0 disc=0(0x00) | tot_n=4058 tot_to=0 maxever=23963 >2ms=4058 >5ms=4058 >15ms=69 >20ms=5 >30ms=0 | probes=4059 wrfail=0 down=4s maxout=4s
  69.119  t=67s RTT mean=18911 min=9043 max=25518 n=45 to=0 | cancels=0(+0/s) seqbad=0 len_bad=0 disc=0(0x00) | tot_n=4103 tot_to=0 maxever=25518 >2ms=4103 >5ms=4103 >15ms=110 >20ms=8 >30ms=0 | probes=4104 wrfail=0 down=4s maxout=4s
  71.059  t=68s RTT mean=18892 min=11912 max=20804 n=46 to=0 | cancels=0(+0/s) seqbad=0 len_bad=0 disc=0(0x00) | tot_n=4149 tot_to=0 maxever=25518 >2ms=4149 >5ms=4149 >15ms=153 >20ms=9 >30ms=0 | probes=4150 wrfail=0 down=4s maxout=4s
  71.119  t=69s RTT mean=19108 min=11912 max=26462 n=45 to=0 | cancels=0(+0/s) seqbad=0 len_bad=0 disc=0(0x00) | tot_n=4194 tot_to=0 maxever=26462 >2ms=4194 >5ms=4194 >15ms=195 >20ms=11 >30ms=0 | probes=4195 wrfail=0 down=4s maxout=4s
  73.051  t=70s RTT mean=18759 min=9043 max=20807 n=46 to=0 | cancels=0(+0/s) seqbad=0 len_bad=0 disc=0(0x00) | tot_n=4240 tot_to=0 maxever=26462 >2ms=4240 >5ms=4240 >15ms=237 >20ms=16 >30ms=0 | probes=4241 wrfail=0 down=4s maxout=4s
  73.109  t=71s RTT mean=19036 min=9028 max=26910 n=45 to=0 | cancels=0(+0/s) seqbad=0 len_bad=0 disc=0(0x00) | tot_n=4285 tot_to=0 maxever=26910 >2ms=4285 >5ms=4285 >15ms=279 >20ms=18 >30ms=0 | probes=4286 wrfail=0 down=4s maxout=4s
  75.096  t=72s RTT mean=18769 min=11912 max=19861 n=46 to=0 | cancels=0(+0/s) seqbad=0 len_bad=0 disc=0(0x00) | tot_n=4331 tot_to=0 maxever=26910 >2ms=4331 >5ms=4331 >15ms=321 >20ms=18 >30ms=0 | probes=4332 wrfail=0 down=4s maxout=4s
  75.096  t=73s RTT mean=19077 min=11468 max=26911 n=45 to=0 | cancels=0(+0/s) seqbad=0 len_bad=0 disc=0(0x00) | tot_n=4376 tot_to=0 maxever=26911 >2ms=4376 >5ms=4376 >15ms=363 >20ms=20 >30ms=0 | probes=4377 wrfail=0 down=4s maxout=4s
  77.045  t=74s RTT mean=19109 min=5974 max=26911 n=45 to=0 | cancels=0(+0/s) seqbad=0 len_bad=0 disc=0(0x00) | tot_n=4421 tot_to=0 maxever=26911 >2ms=4421 >5ms=4421 >15ms=405 >20ms=25 >30ms=0 | probes=4422 wrfail=0 down=4s maxout=4s
  77.096  t=75s RTT mean=18728 min=9043 max=20804 n=46 to=0 | cancels=0(+0/s) seqbad=0 len_bad=0 disc=0(0x00) | tot_n=4467 tot_to=0 maxever=26911 >2ms=4467 >5ms=4467 >15ms=447 >20ms=28 >30ms=0 | probes=4468 wrfail=0 down=4s maxout=4s
  79.054  t=76s RTT mean=18596 min=5968 max=20804 n=46 to=0 | cancels=0(+0/s) seqbad=0 len_bad=0 disc=0(0x00) | tot_n=4513 tot_to=0 maxever=26911 >2ms=4513 >5ms=4513 >15ms=489 >20ms=31 >30ms=0 | probes=4514 wrfail=0 down=4s maxout=4s
  79.113  t=77s RTT mean=19067 min=11912 max=23964 n=45 to=0 | cancels=0(+0/s) seqbad=0 len_bad=0 disc=0(0x00) | tot_n=4558 tot_to=0 maxever=26911 >2ms=4558 >5ms=4558 >15ms=531 >20ms=34 >30ms=0 | probes=4559 wrfail=0 down=4s maxout=4s
  81.065  t=78s RTT mean=18759 min=11469 max=19862 n=46 to=0 | cancels=0(+0/s) seqbad=0 len_bad=0 disc=0(0x00) | tot_n=4604 tot_to=0 maxever=26911 >2ms=4604 >5ms=4604 >15ms=573 >20ms=34 >30ms=0 | probes=4605 wrfail=0 down=4s maxout=4s
  81.122  t=79s RTT mean=18636 min=5974 max=20804 n=46 to=0 | cancels=0(+0/s) seqbad=0 len_bad=0 disc=0(0x00) | tot_n=4650 tot_to=0 maxever=26911 >2ms=4650 >5ms=4650 >15ms=615 >20ms=37 >30ms=0 | probes=4651 wrfail=0 down=4s maxout=4s
  83.088  t=80s RTT mean=18596 min=5974 max=20804 n=46 to=0 | cancels=0(+0/s) seqbad=0 len_bad=0 disc=0(0x00) | tot_n=4696 tot_to=0 maxever=26911 >2ms=4696 >5ms=4696 >15ms=657 >20ms=39 >30ms=0 | probes=4697 wrfail=0 down=4s maxout=4s
  83.088  t=81s RTT mean=19077 min=11912 max=23963 n=45 to=0 | cancels=0(+0/s) seqbad=0 len_bad=0 disc=0(0x00) | tot_n=4741 tot_to=0 maxever=26911 >2ms=4741 >5ms=4741 >15ms=699 >20ms=43 >30ms=0 | probes=4742 wrfail=0 down=4s maxout=4s
  85.100  t=82s RTT mean=18729 min=9042 max=20801 n=46 to=0 | cancels=0(+0/s) seqbad=0 len_bad=0 disc=0(0x00) | tot_n=4787 tot_to=0 maxever=26911 >2ms=4787 >5ms=4787 >15ms=741 >20ms=44 >30ms=0 | probes=4788 wrfail=0 down=4s maxout=4s
  85.100  t=83s RTT mean=19077 min=11912 max=23964 n=45 to=0 | cancels=0(+0/s) seqbad=0 len_bad=0 disc=0(0x00) | tot_n=4832 tot_to=0 maxever=26911 >2ms=4832 >5ms=4832 >15ms=783 >20ms=47 >30ms=0 | probes=4833 wrfail=0 down=4s maxout=4s
  87.092  t=84s RTT mean=18759 min=11913 max=19861 n=46 to=0 | cancels=0(+0/s) seqbad=0 len_bad=0 disc=0(0x00) | tot_n=4878 tot_to=0 maxever=26911 >2ms=4878 >5ms=4878 >15ms=825 >20ms=47 >30ms=0 | probes=4879 wrfail=0 down=4s maxout=4s
  87.092  t=85s RTT mean=18595 min=5968 max=20805 n=46 to=0 | cancels=0(+0/s) seqbad=0 len_bad=0 disc=0(0x00) | tot_n=4924 tot_to=0 maxever=26911 >2ms=4924 >5ms=4924 >15ms=867 >20ms=50 >30ms=0 | probes=4925 wrfail=0 down=4s maxout=4s
  89.095  t=86s RTT mean=18627 min=5974 max=20800 n=46 to=0 | cancels=0(+0/s) seqbad=0 len_bad=0 disc=0(0x00) | tot_n=4970 tot_to=0 maxever=26911 >2ms=4970 >5ms=4970 >15ms=909 >20ms=51 >30ms=0 | probes=4971 wrfail=0 down=4s maxout=4s
  89.095  t=87s RTT mean=19077 min=11912 max=23963 n=45 to=0 | cancels=0(+0/s) seqbad=0 len_bad=0 disc=0(0x00) | tot_n=5015 tot_to=0 maxever=26911 >2ms=5015 >5ms=5015 >15ms=951 >20ms=54 >30ms=0 | probes=5016 wrfail=0 down=4s maxout=4s
  91.082  t=88s RTT mean=18719 min=9042 max=20804 n=46 to=0 | cancels=0(+0/s) seqbad=0 len_bad=0 disc=0(0x00) | tot_n=5061 tot_to=0 maxever=26911 >2ms=5061 >5ms=5061 >15ms=993 >20ms=55 >30ms=0 | probes=5062 wrfail=0 down=4s maxout=4s
  91.082  t=89s RTT mean=18759 min=11912 max=19861 n=46 to=0 | cancels=0(+0/s) seqbad=0 len_bad=0 disc=0(0x00) | tot_n=5107 tot_to=0 maxever=26911 >2ms=5107 >5ms=5107 >15ms=1035 >20ms=55 >30ms=0 | probes=5108 wrfail=0 down=4s maxout=4s
  93.056  t=90s RTT mean=19245 min=11912 max=26913 n=45 to=0 | cancels=0(+0/s) seqbad=0 len_bad=0 disc=0(0x00) | tot_n=5152 tot_to=0 maxever=26913 >2ms=5152 >5ms=5152 >15ms=1077 >20ms=57 >30ms=0 | probes=5152 wrfail=0 down=4s maxout=4s
  93.116  t=91s RTT mean=20119 min=5974 max=34419 n=43 to=0 | cancels=0(+0/s) seqbad=0 len_bad=0 disc=0(0x00) | tot_n=5195 tot_to=0 maxever=34419 >2ms=5195 >5ms=5195 >15ms=1119 >20ms=62 >30ms=1 | probes=5196 wrfail=0 down=4s maxout=4s
  95.094  t=92s RTT mean=19443 min=11465 max=26911 n=44 to=0 | cancels=0(+0/s) seqbad=0 len_bad=0 disc=0(0x00) | tot_n=5239 tot_to=0 maxever=34419 >2ms=5239 >5ms=5239 >15ms=1161 >20ms=67 >30ms=1 | probes=5240 wrfail=0 down=4s maxout=4s
  95.094  t=93s RTT mean=18759 min=5974 max=26911 n=46 to=0 | cancels=0(+0/s) seqbad=0 len_bad=0 disc=0(0x00) | tot_n=5285 tot_to=0 maxever=34419 >2ms=5285 >5ms=5285 >15ms=1203 >20ms=70 >30ms=1 | probes=5286 wrfail=0 down=4s maxout=4s
  97.055  t=94s RTT mean=18759 min=11468 max=21249 n=46 to=0 | cancels=0(+0/s) seqbad=0 len_bad=0 disc=0(0x00) | tot_n=5331 tot_to=0 maxever=34419 >2ms=5331 >5ms=5331 >15ms=1245 >20ms=71 >30ms=1 | probes=5332 wrfail=0 down=4s maxout=4s
  97.109  t=95s RTT mean=19037 min=11912 max=23964 n=45 to=0 | cancels=0(+0/s) seqbad=0 len_bad=0 disc=0(0x00) | tot_n=5376 tot_to=0 maxever=34419 >2ms=5376 >5ms=5376 >15ms=1287 >20ms=72 >30ms=1 | probes=5377 wrfail=0 down=4s maxout=4s
  99.054  t=96s RTT mean=20109 min=11995 max=30146 n=43 to=0 | cancels=0(+0/s) seqbad=0 len_bad=0 disc=0(0x00) | tot_n=5419 tot_to=0 maxever=34419 >2ms=5419 >5ms=5419 >15ms=1329 >20ms=78 >30ms=2 | probes=5420 wrfail=0 down=4s maxout=4s
  99.114  t=97s RTT mean=19285 min=9028 max=25520 n=45 to=0 | cancels=0(+0/s) seqbad=0 len_bad=0 disc=0(0x00) | tot_n=5464 tot_to=0 maxever=34419 >2ms=5464 >5ms=5464 >15ms=1371 >20ms=84 >30ms=2 | probes=5465 wrfail=0 down=4s maxout=4s
 101.049  t=98s RTT mean=19214 min=10426 max=25518 n=45 to=0 | cancels=0(+0/s) seqbad=0 len_bad=0 disc=0(0x00) | tot_n=5509 tot_to=0 maxever=34419 >2ms=5509 >5ms=5509 >15ms=1413 >20ms=87 >30ms=2 | probes=5509 wrfail=0 down=4s maxout=4s
 101.109  t=99s RTT mean=18941 min=5974 max=26452 n=45 to=0 | cancels=0(+0/s) seqbad=0 len_bad=0 disc=0(0x00) | tot_n=5554 tot_to=0 maxever=34419 >2ms=5554 >5ms=5554 >15ms=1455 >20ms=92 >30ms=2 | probes=5555 wrfail=0 down=4s maxout=4s
 103.073  t=100s RTT mean=19078 min=11912 max=23964 n=45 to=0 | cancels=0(+0/s) seqbad=0 len_bad=0 disc=0(0x00) | tot_n=5599 tot_to=0 maxever=34419 >2ms=5599 >5ms=5599 >15ms=1497 >20ms=94 >30ms=2 | probes=5600 wrfail=0 down=4s maxout=4s
 103.073  t=101s RTT mean=18718 min=7648 max=20812 n=46 to=0 | cancels=0(+0/s) seqbad=0 len_bad=0 disc=0(0x00) | tot_n=5645 tot_to=0 maxever=34419 >2ms=5645 >5ms=5645 >15ms=1539 >20ms=97 >30ms=2 | probes=5646 wrfail=0 down=4s maxout=4s
 105.068  t=102s RTT mean=18636 min=5974 max=20804 n=46 to=0 | cancels=0(+0/s) seqbad=0 len_bad=0 disc=0(0x00) | tot_n=5691 tot_to=0 maxever=34419 >2ms=5691 >5ms=5691 >15ms=1581 >20ms=98 >30ms=2 | probes=5692 wrfail=0 down=4s maxout=4s
 105.126  t=103s RTT mean=19077 min=11912 max=23964 n=45 to=0 | cancels=0(+0/s) seqbad=0 len_bad=0 disc=0(0x00) | tot_n=5736 tot_to=0 maxever=34419 >2ms=5736 >5ms=5736 >15ms=1623 >20ms=101 >30ms=2 | probes=5737 wrfail=0 down=4s maxout=4s
 107.053  t=104s RTT mean=18922 min=10438 max=25518 n=46 to=0 | cancels=0(+0/s) seqbad=0 len_bad=0 disc=0(0x00) | tot_n=5782 tot_to=0 maxever=34419 >2ms=5782 >5ms=5782 >15ms=1665 >20ms=103 >30ms=2 | probes=5782 wrfail=0 down=4s maxout=4s
 107.113  t=105s RTT mean=18880 min=11914 max=20804 n=45 to=0 | cancels=0(+0/s) seqbad=0 len_bad=0 disc=0(0x00) | tot_n=5827 tot_to=0 maxever=34419 >2ms=5827 >5ms=5827 >15ms=1707 >20ms=105 >30ms=2 | probes=5828 wrfail=0 down=4s maxout=4s
 109.093  t=106s RTT mean=19275 min=11912 max=25518 n=45 to=0 | cancels=0(+0/s) seqbad=0 len_bad=0 disc=0(0x00) | tot_n=5872 tot_to=0 maxever=34419 >2ms=5872 >5ms=5872 >15ms=1749 >20ms=111 >30ms=2 | probes=5873 wrfail=0 down=4s maxout=4s
 109.093  t=107s RTT mean=18595 min=5974 max=20804 n=46 to=0 | cancels=0(+0/s) seqbad=0 len_bad=0 disc=0(0x00) | tot_n=5918 tot_to=0 maxever=34419 >2ms=5918 >5ms=5918 >15ms=1791 >20ms=114 >30ms=2 | probes=5919 wrfail=0 down=4s maxout=4s
 111.056  t=108s RTT mean=19078 min=11913 max=23967 n=45 to=0 | cancels=0(+0/s) seqbad=0 len_bad=0 disc=0(0x00) | tot_n=5963 tot_to=0 maxever=34419 >2ms=5963 >5ms=5963 >15ms=1833 >20ms=117 >30ms=2 | probes=5964 wrfail=0 down=4s maxout=4s
 111.116  t=109s RTT mean=19077 min=11912 max=22360 n=45 to=0 | cancels=0(+0/s) seqbad=0 len_bad=0 disc=0(0x00) | tot_n=6008 tot_to=0 maxever=34419 >2ms=6008 >5ms=6008 >15ms=1876 >20ms=123 >30ms=2 | probes=6009 wrfail=0 down=4s maxout=4s
 113.066  t=110s RTT mean=18729 min=9043 max=19861 n=46 to=0 | cancels=0(+0/s) seqbad=0 len_bad=0 disc=0(0x00) | tot_n=6054 tot_to=0 maxever=34419 >2ms=6054 >5ms=6054 >15ms=1918 >20ms=123 >30ms=2 | probes=6055 wrfail=0 down=4s maxout=4s
 113.127  t=111s RTT mean=18626 min=5974 max=23591 n=46 to=0 | cancels=0(+0/s) seqbad=0 len_bad=0 disc=0(0x00) | tot_n=6100 tot_to=0 maxever=34419 >2ms=6100 >5ms=6100 >15ms=1960 >20ms=125 >30ms=2 | probes=6101 wrfail=0 down=4s maxout=4s
 115.050  t=112s RTT mean=19078 min=10875 max=25069 n=45 to=0 | cancels=0(+0/s) seqbad=0 len_bad=0 disc=0(0x00) | tot_n=6145 tot_to=0 maxever=34419 >2ms=6145 >5ms=6145 >15ms=2002 >20ms=130 >30ms=2 | probes=6146 wrfail=0 down=4s maxout=4s
 115.110  t=113s RTT mean=18789 min=5974 max=25518 n=46 to=0 | cancels=0(+0/s) seqbad=0 len_bad=0 disc=0(0x00) | tot_n=6191 tot_to=0 maxever=34419 >2ms=6191 >5ms=6191 >15ms=2044 >20ms=133 >30ms=2 | probes=6192 wrfail=0 down=4s maxout=4s
 117.101  t=114s RTT mean=19006 min=11913 max=23965 n=45 to=0 | cancels=0(+0/s) seqbad=0 len_bad=0 disc=0(0x00) | tot_n=6236 tot_to=0 maxever=34419 >2ms=6236 >5ms=6236 >15ms=2086 >20ms=134 >30ms=2 | probes=6237 wrfail=0 down=4s maxout=4s
 117.101  t=115s RTT mean=18759 min=11468 max=19862 n=46 to=0 | cancels=0(+0/s) seqbad=0 len_bad=0 disc=0(0x00) | tot_n=6282 tot_to=0 maxever=34419 >2ms=6282 >5ms=6282 >15ms=2128 >20ms=134 >30ms=2 | probes=6283 wrfail=0 down=4s maxout=4s
 119.056  t=116s RTT mean=18606 min=5968 max=20803 n=46 to=0 | cancels=0(+0/s) seqbad=0 len_bad=0 disc=0(0x00) | tot_n=6328 tot_to=0 maxever=34419 >2ms=6328 >5ms=6328 >15ms=2170 >20ms=136 >30ms=2 | probes=6329 wrfail=0 down=4s maxout=4s
 119.116  t=117s RTT mean=18595 min=5974 max=20804 n=46 to=0 | cancels=0(+0/s) seqbad=0 len_bad=0 disc=0(0x00) | tot_n=6374 tot_to=0 maxever=34419 >2ms=6374 >5ms=6374 >15ms=2212 >20ms=141 >30ms=2 | probes=6375 wrfail=0 down=4s maxout=4s
 121.103  t=118s RTT mean=19109 min=11912 max=26462 n=45 to=0 | cancels=0(+0/s) seqbad=0 len_bad=0 disc=0(0x00) | tot_n=6419 tot_to=0 maxever=34419 >2ms=6419 >5ms=6419 >15ms=2254 >20ms=143 >30ms=2 | probes=6420 wrfail=0 down=4s maxout=4s
 121.103  t=119s RTT mean=18728 min=7647 max=20804 n=46 to=0 | cancels=0(+0/s) seqbad=0 len_bad=0 disc=0(0x00) | tot_n=6465 tot_to=0 maxever=34419 >2ms=6465 >5ms=6465 >15ms=2296 >20ms=147 >30ms=2 | probes=6466 wrfail=0 down=4s maxout=4s
 123.083  t=120s RTT mean=18749 min=11468 max=19431 n=46 to=0 | cancels=0(+0/s) seqbad=0 len_bad=0 disc=0(0x00) | tot_n=6511 tot_to=0 maxever=34419 >2ms=6511 >5ms=6511 >15ms=2338 >20ms=147 >30ms=2 | probes=6512 wrfail=0 down=4s maxout=4s
 123.083  t=121s RTT mean=18798 min=11912 max=19861 n=46 to=0 | cancels=0(+0/s) seqbad=0 len_bad=0 disc=0(0x00) | tot_n=6557 tot_to=0 maxever=34419 >2ms=6557 >5ms=6557 >15ms=2380 >20ms=147 >30ms=2 | probes=6557 wrfail=0 down=4s maxout=4s
 125.090  t=122s RTT mean=18880 min=11467 max=20804 n=45 to=0 | cancels=0(+0/s) seqbad=0 len_bad=0 disc=0(0x00) | tot_n=6602 tot_to=0 maxever=34419 >2ms=6602 >5ms=6602 >15ms=2422 >20ms=150 >30ms=2 | probes=6603 wrfail=0 down=4s maxout=4s
 125.090  t=123s RTT mean=19108 min=11913 max=23965 n=45 to=0 | cancels=0(+0/s) seqbad=0 len_bad=0 disc=0(0x00) | tot_n=6647 tot_to=0 maxever=34419 >2ms=6647 >5ms=6647 >15ms=2464 >20ms=153 >30ms=2 | probes=6648 wrfail=0 down=4s maxout=4s
 127.059  t=124s RTT mean=18729 min=9043 max=19862 n=46 to=0 | cancels=0(+0/s) seqbad=0 len_bad=0 disc=0(0x00) | tot_n=6693 tot_to=0 maxever=34419 >2ms=6693 >5ms=6693 >15ms=2506 >20ms=153 >30ms=2 | probes=6694 wrfail=0 down=4s maxout=4s
 127.111  PCTL target=140 tot=2726 to=0 p50=19 p90=19 p99=25 p99.9=26 max=34 g30=2 g100=0 (ms/counts)
 127.111  LOADRAMP: target=150 KBps for 60s
 127.111  t=125s RTT mean=18626 min=5973 max=20804 n=46 to=0 | cancels=0(+0/s) seqbad=0 len_bad=0 disc=0(0x00) | tot_n=6739 tot_to=0 maxever=34419 >2ms=6739 >5ms=6739 >15ms=2548 >20ms=155 >30ms=2 | probes=6740 wrfail=0 down=4s maxout=4s
 129.103  t=126s RTT mean=19411 min=18012 max=20806 n=45 to=0 | cancels=0(+0/s) seqbad=0 len_bad=0 disc=0(0x00) | tot_n=6784 tot_to=0 maxever=34419 >2ms=6784 >5ms=6784 >15ms=2593 >20ms=161 >30ms=2 | probes=6784 wrfail=0 down=4s maxout=4s
 129.103  t=127s RTT mean=19410 min=18013 max=22197 n=44 to=0 | cancels=0(+0/s) seqbad=0 len_bad=0 disc=0(0x00) | tot_n=6828 tot_to=0 maxever=34419 >2ms=6828 >5ms=6828 >15ms=2637 >20ms=164 >30ms=2 | probes=6829 wrfail=0 down=4s maxout=4s
 131.110  t=128s RTT mean=19411 min=18017 max=20800 n=44 to=0 | cancels=0(+0/s) seqbad=0 len_bad=0 disc=0(0x00) | tot_n=6872 tot_to=0 maxever=34419 >2ms=6872 >5ms=6872 >15ms=2681 >20ms=165 >30ms=2 | probes=6873 wrfail=0 down=4s maxout=4s
 131.110  t=129s RTT mean=19577 min=18012 max=26911 n=45 to=0 | cancels=0(+0/s) seqbad=0 len_bad=0 disc=0(0x00) | tot_n=6917 tot_to=0 maxever=34419 >2ms=6917 >5ms=6917 >15ms=2726 >20ms=168 >30ms=2 | probes=6917 wrfail=0 down=4s maxout=4s
 133.073  t=130s RTT mean=19442 min=18017 max=20800 n=44 to=0 | cancels=0(+0/s) seqbad=0 len_bad=0 disc=0(0x00) | tot_n=6961 tot_to=0 maxever=34419 >2ms=6961 >5ms=6961 >15ms=2770 >20ms=170 >30ms=2 | probes=6962 wrfail=0 down=4s maxout=4s
 133.133  t=131s RTT mean=19517 min=18017 max=25517 n=44 to=0 | cancels=0(+0/s) seqbad=0 len_bad=0 disc=0(0x00) | tot_n=7005 tot_to=0 maxever=34419 >2ms=7005 >5ms=7005 >15ms=2814 >20ms=173 >30ms=2 | probes=7006 wrfail=0 down=4s maxout=4s
 135.093  t=132s RTT mean=19967 min=18010 max=32567 n=43 to=0 | cancels=0(+0/s) seqbad=0 len_bad=0 disc=0(0x00) | tot_n=7048 tot_to=0 maxever=34419 >2ms=7048 >5ms=7048 >15ms=2857 >20ms=177 >30ms=3 | probes=7049 wrfail=0 down=4s maxout=4s
 135.093  t=133s RTT mean=19880 min=18017 max=26913 n=44 to=0 | cancels=0(+0/s) seqbad=0 len_bad=0 disc=0(0x00) | tot_n=7092 tot_to=0 maxever=34419 >2ms=7092 >5ms=7092 >15ms=2901 >20ms=181 >30ms=3 | probes=7093 wrfail=0 down=4s maxout=4s
 137.087  t=134s RTT mean=19453 min=19409 max=21252 n=44 to=0 | cancels=0(+0/s) seqbad=0 len_bad=0 disc=0(0x00) | tot_n=7136 tot_to=0 maxever=34419 >2ms=7136 >5ms=7136 >15ms=2945 >20ms=182 >30ms=3 | probes=7137 wrfail=0 down=4s maxout=4s
 137.088  t=135s RTT mean=19410 min=18021 max=20797 n=45 to=0 | cancels=0(+0/s) seqbad=0 len_bad=0 disc=0(0x00) | tot_n=7181 tot_to=0 maxever=34419 >2ms=7181 >5ms=7181 >15ms=2990 >20ms=183 >30ms=3 | probes=7182 wrfail=0 down=4s maxout=4s
 139.075  t=136s RTT mean=19411 min=19408 max=19431 n=44 to=0 | cancels=0(+0/s) seqbad=0 len_bad=0 disc=0(0x00) | tot_n=7225 tot_to=0 maxever=34419 >2ms=7225 >5ms=7225 >15ms=3034 >20ms=183 >30ms=3 | probes=7226 wrfail=0 down=4s maxout=4s
 139.135  t=137s RTT mean=19880 min=18013 max=25068 n=44 to=0 | cancels=0(+0/s) seqbad=0 len_bad=0 disc=0(0x00) | tot_n=7269 tot_to=0 maxever=34419 >2ms=7269 >5ms=7269 >15ms=3078 >20ms=188 >30ms=3 | probes=7270 wrfail=0 down=4s maxout=4s
 141.110  t=138s RTT mean=19581 min=18013 max=25068 n=44 to=0 | cancels=0(+0/s) seqbad=0 len_bad=0 disc=0(0x00) | tot_n=7313 tot_to=0 maxever=34419 >2ms=7313 >5ms=7313 >15ms=3122 >20ms=192 >30ms=3 | probes=7314 wrfail=0 down=4s maxout=4s
 141.110  t=139s RTT mean=19623 min=18017 max=25066 n=44 to=0 | cancels=0(+0/s) seqbad=0 len_bad=0 disc=0(0x00) | tot_n=7357 tot_to=0 maxever=34419 >2ms=7357 >5ms=7357 >15ms=3166 >20ms=196 >30ms=3 | probes=7358 wrfail=0 down=4s maxout=4s
 143.109  t=140s RTT mean=19752 min=18012 max=25068 n=44 to=0 | cancels=0(+0/s) seqbad=0 len_bad=0 disc=0(0x00) | tot_n=7401 tot_to=0 maxever=34419 >2ms=7401 >5ms=7401 >15ms=3210 >20ms=202 >30ms=3 | probes=7402 wrfail=0 down=4s maxout=4s
 143.109  t=141s RTT mean=19442 min=18012 max=20804 n=44 to=0 | cancels=0(+0/s) seqbad=0 len_bad=0 disc=0(0x00) | tot_n=7445 tot_to=0 maxever=34419 >2ms=7445 >5ms=7445 >15ms=3254 >20ms=205 >30ms=3 | probes=7446 wrfail=0 down=4s maxout=4s
 145.085  t=142s RTT mean=19380 min=18015 max=20802 n=45 to=0 | cancels=0(+0/s) seqbad=0 len_bad=0 disc=0(0x00) | tot_n=7490 tot_to=0 maxever=34419 >2ms=7490 >5ms=7490 >15ms=3299 >20ms=208 >30ms=3 | probes=7491 wrfail=0 down=4s maxout=4s
 145.085  t=143s RTT mean=19549 min=18013 max=25067 n=44 to=0 | cancels=0(+0/s) seqbad=0 len_bad=0 disc=0(0x00) | tot_n=7534 tot_to=0 maxever=34419 >2ms=7534 >5ms=7534 >15ms=3343 >20ms=210 >30ms=3 | probes=7535 wrfail=0 down=4s maxout=4s
 147.079  t=144s RTT mean=19443 min=19408 max=20806 n=44 to=0 | cancels=0(+0/s) seqbad=0 len_bad=0 disc=0(0x00) | tot_n=7578 tot_to=0 maxever=34419 >2ms=7578 >5ms=7578 >15ms=3387 >20ms=211 >30ms=3 | probes=7579 wrfail=0 down=4s maxout=4s
 147.140  t=145s RTT mean=19410 min=18012 max=20804 n=45 to=0 | cancels=0(+0/s) seqbad=0 len_bad=0 disc=0(0x00) | tot_n=7623 tot_to=0 maxever=34419 >2ms=7623 >5ms=7623 >15ms=3432 >20ms=212 >30ms=3 | probes=7624 wrfail=0 down=4s maxout=4s
 149.100  t=146s RTT mean=19550 min=18012 max=25515 n=44 to=0 | cancels=0(+0/s) seqbad=0 len_bad=0 disc=0(0x00) | tot_n=7667 tot_to=0 maxever=34419 >2ms=7667 >5ms=7667 >15ms=3476 >20ms=216 >30ms=3 | probes=7668 wrfail=0 down=4s maxout=4s
 149.100  t=147s RTT mean=19581 min=19408 max=25518 n=44 to=0 | cancels=0(+0/s) seqbad=0 len_bad=0 disc=0(0x00) | tot_n=7711 tot_to=0 maxever=34419 >2ms=7711 >5ms=7711 >15ms=3520 >20ms=218 >30ms=3 | probes=7712 wrfail=0 down=4s maxout=4s
 151.076  t=148s RTT mean=19443 min=18012 max=20803 n=44 to=0 | cancels=0(+0/s) seqbad=0 len_bad=0 disc=0(0x00) | tot_n=7755 tot_to=0 maxever=34419 >2ms=7755 >5ms=7755 >15ms=3564 >20ms=220 >30ms=3 | probes=7756 wrfail=0 down=4s maxout=4s
 151.127  t=149s RTT mean=19410 min=17956 max=20861 n=45 to=0 | cancels=0(+0/s) seqbad=0 len_bad=0 disc=0(0x00) | tot_n=7800 tot_to=0 maxever=34419 >2ms=7800 >5ms=7800 >15ms=3609 >20ms=222 >30ms=3 | probes=7801 wrfail=0 down=4s maxout=4s
 153.108  t=150s RTT mean=19411 min=18012 max=20804 n=44 to=0 | cancels=0(+0/s) seqbad=0 len_bad=0 disc=0(0x00) | tot_n=7844 tot_to=0 maxever=34419 >2ms=7844 >5ms=7844 >15ms=3653 >20ms=224 >30ms=3 | probes=7845 wrfail=0 down=4s maxout=4s
 153.108  t=151s RTT mean=19410 min=18013 max=22198 n=45 to=0 | cancels=0(+0/s) seqbad=0 len_bad=0 disc=0(0x00) | tot_n=7889 tot_to=0 maxever=34419 >2ms=7889 >5ms=7889 >15ms=3698 >20ms=227 >30ms=3 | probes=7890 wrfail=0 down=4s maxout=4s
 155.079  t=152s RTT mean=19410 min=18010 max=20804 n=44 to=0 | cancels=0(+0/s) seqbad=0 len_bad=0 disc=0(0x00) | tot_n=7933 tot_to=0 maxever=34419 >2ms=7933 >5ms=7933 >15ms=3742 >20ms=232 >30ms=3 | probes=7934 wrfail=0 down=4s maxout=4s
 155.139  t=153s RTT mean=19890 min=18013 max=26911 n=44 to=0 | cancels=0(+0/s) seqbad=0 len_bad=0 disc=0(0x00) | tot_n=7977 tot_to=0 maxever=34419 >2ms=7977 >5ms=7977 >15ms=3786 >20ms=236 >30ms=3 | probes=7978 wrfail=0 down=4s maxout=4s
 157.106  t=154s RTT mean=19442 min=18012 max=22198 n=44 to=0 | cancels=0(+0/s) seqbad=0 len_bad=0 disc=0(0x00) | tot_n=8021 tot_to=0 maxever=34419 >2ms=8021 >5ms=8021 >15ms=3830 >20ms=241 >30ms=3 | probes=8022 wrfail=0 down=4s maxout=4s
 157.106  t=155s RTT mean=19410 min=18015 max=20804 n=45 to=0 | cancels=0(+0/s) seqbad=0 len_bad=0 disc=0(0x00) | tot_n=8066 tot_to=0 maxever=34419 >2ms=8066 >5ms=8066 >15ms=3875 >20ms=242 >30ms=3 | probes=8066 wrfail=0 down=4s maxout=4s
 159.066  t=156s RTT mean=19411 min=18012 max=20828 n=44 to=0 | cancels=0(+0/s) seqbad=0 len_bad=0 disc=0(0x00) | tot_n=8110 tot_to=0 maxever=34419 >2ms=8110 >5ms=8110 >15ms=3919 >20ms=245 >30ms=3 | probes=8111 wrfail=0 down=4s maxout=4s
 159.126  t=157s RTT mean=19410 min=18013 max=20804 n=45 to=0 | cancels=0(+0/s) seqbad=0 len_bad=0 disc=0(0x00) | tot_n=8155 tot_to=0 maxever=34419 >2ms=8155 >5ms=8155 >15ms=3964 >20ms=247 >30ms=3 | probes=8155 wrfail=0 down=4s maxout=4s
 161.100  t=158s RTT mean=19411 min=18016 max=20819 n=44 to=0 | cancels=0(+0/s) seqbad=0 len_bad=0 disc=0(0x00) | tot_n=8199 tot_to=0 maxever=34419 >2ms=8199 >5ms=8199 >15ms=4008 >20ms=249 >30ms=3 | probes=8200 wrfail=0 down=4s maxout=4s
 161.100  t=159s RTT mean=19411 min=19408 max=19420 n=44 to=0 | cancels=0(+0/s) seqbad=0 len_bad=0 disc=0(0x00) | tot_n=8243 tot_to=0 maxever=34419 >2ms=8243 >5ms=8243 >15ms=4052 >20ms=249 >30ms=3 | probes=8244 wrfail=0 down=4s maxout=4s
 163.077  t=160s RTT mean=19411 min=18013 max=20804 n=45 to=0 | cancels=0(+0/s) seqbad=0 len_bad=0 disc=0(0x00) | tot_n=8288 tot_to=0 maxever=34419 >2ms=8288 >5ms=8288 >15ms=4097 >20ms=252 >30ms=3 | probes=8289 wrfail=0 down=4s maxout=4s
 163.127  t=161s RTT mean=19549 min=19408 max=25518 n=44 to=0 | cancels=0(+0/s) seqbad=0 len_bad=0 disc=0(0x00) | tot_n=8332 tot_to=0 maxever=34419 >2ms=8332 >5ms=8332 >15ms=4141 >20ms=253 >30ms=3 | probes=8333 wrfail=0 down=4s maxout=4s
 165.069  t=162s RTT mean=19443 min=18013 max=20806 n=44 to=0 | cancels=0(+0/s) seqbad=0 len_bad=0 disc=0(0x00) | tot_n=8376 tot_to=0 maxever=34419 >2ms=8376 >5ms=8376 >15ms=4185 >20ms=256 >30ms=3 | probes=8377 wrfail=0 down=4s maxout=4s
 165.129  t=163s RTT mean=19577 min=18013 max=26911 n=45 to=0 | cancels=0(+0/s) seqbad=0 len_bad=0 disc=0(0x00) | tot_n=8421 tot_to=0 maxever=34419 >2ms=8421 >5ms=8421 >15ms=4230 >20ms=259 >30ms=3 | probes=8421 wrfail=0 down=4s maxout=4s
 167.069  t=164s RTT mean=19411 min=17956 max=22197 n=44 to=0 | cancels=0(+0/s) seqbad=0 len_bad=0 disc=0(0x00) | tot_n=8465 tot_to=0 maxever=34419 >2ms=8465 >5ms=8465 >15ms=4274 >20ms=262 >30ms=3 | probes=8466 wrfail=0 down=4s maxout=4s
 167.127  t=165s RTT mean=19410 min=18013 max=20804 n=44 to=0 | cancels=0(+0/s) seqbad=0 len_bad=0 disc=0(0x00) | tot_n=8509 tot_to=0 maxever=34419 >2ms=8509 >5ms=8509 >15ms=4318 >20ms=263 >30ms=3 | probes=8510 wrfail=0 down=4s maxout=4s
 169.084  t=166s RTT mean=19410 min=18011 max=20815 n=45 to=0 | cancels=0(+0/s) seqbad=0 len_bad=0 disc=0(0x00) | tot_n=8554 tot_to=0 maxever=34419 >2ms=8554 >5ms=8554 >15ms=4363 >20ms=267 >30ms=3 | probes=8555 wrfail=0 down=4s maxout=4s
 169.084  t=167s RTT mean=19410 min=18013 max=20804 n=44 to=0 | cancels=0(+0/s) seqbad=0 len_bad=0 disc=0(0x00) | tot_n=8598 tot_to=0 maxever=34419 >2ms=8598 >5ms=8598 >15ms=4407 >20ms=268 >30ms=3 | probes=8599 wrfail=0 down=4s maxout=4s
 171.110  t=168s RTT mean=19411 min=19408 max=19432 n=45 to=0 | cancels=0(+0/s) seqbad=0 len_bad=0 disc=0(0x00) | tot_n=8643 tot_to=0 maxever=34419 >2ms=8643 >5ms=8643 >15ms=4452 >20ms=268 >30ms=3 | probes=8644 wrfail=0 down=4s maxout=4s
 171.110  t=169s RTT mean=19442 min=18012 max=20804 n=44 to=0 | cancels=0(+0/s) seqbad=0 len_bad=0 disc=0(0x00) | tot_n=8687 tot_to=0 maxever=34419 >2ms=8687 >5ms=8687 >15ms=4496 >20ms=272 >30ms=3 | probes=8688 wrfail=0 down=4s maxout=4s
 173.077  t=170s RTT mean=19380 min=18012 max=20807 n=45 to=0 | cancels=0(+0/s) seqbad=0 len_bad=0 disc=0(0x00) | tot_n=8732 tot_to=0 maxever=34419 >2ms=8732 >5ms=8732 >15ms=4541 >20ms=275 >30ms=3 | probes=8733 wrfail=0 down=4s maxout=4s
 173.136  t=171s RTT mean=19411 min=19408 max=19420 n=44 to=0 | cancels=0(+0/s) seqbad=0 len_bad=0 disc=0(0x00) | tot_n=8776 tot_to=0 maxever=34419 >2ms=8776 >5ms=8776 >15ms=4585 >20ms=275 >30ms=3 | probes=8777 wrfail=0 down=4s maxout=4s
 175.118  t=172s RTT mean=19540 min=19409 max=25067 n=44 to=0 | cancels=0(+0/s) seqbad=0 len_bad=0 disc=0(0x00) | tot_n=8820 tot_to=0 maxever=34419 >2ms=8820 >5ms=8820 >15ms=4629 >20ms=276 >30ms=3 | probes=8821 wrfail=0 down=4s maxout=4s
 175.118  t=173s RTT mean=19577 min=18011 max=25070 n=45 to=0 | cancels=0(+0/s) seqbad=0 len_bad=0 disc=0(0x00) | tot_n=8865 tot_to=0 maxever=34419 >2ms=8865 >5ms=8865 >15ms=4674 >20ms=278 >30ms=3 | probes=8865 wrfail=0 down=4s maxout=4s
 177.104  t=174s RTT mean=19977 min=18013 max=25068 n=43 to=0 | cancels=0(+0/s) seqbad=0 len_bad=0 disc=0(0x00) | tot_n=8908 tot_to=0 maxever=34419 >2ms=8908 >5ms=8908 >15ms=4717 >20ms=285 >30ms=3 | probes=8909 wrfail=0 down=4s maxout=4s
 177.104  t=175s RTT mean=19410 min=18017 max=20800 n=44 to=0 | cancels=0(+0/s) seqbad=0 len_bad=0 disc=0(0x00) | tot_n=8952 tot_to=0 maxever=34419 >2ms=8952 >5ms=8952 >15ms=4761 >20ms=286 >30ms=3 | probes=8953 wrfail=0 down=4s maxout=4s
 179.114  t=176s RTT mean=19411 min=19408 max=19431 n=45 to=0 | cancels=0(+0/s) seqbad=0 len_bad=0 disc=0(0x00) | tot_n=8997 tot_to=0 maxever=34419 >2ms=8997 >5ms=8997 >15ms=4806 >20ms=286 >30ms=3 | probes=8998 wrfail=0 down=4s maxout=4s
 179.114  t=177s RTT mean=19410 min=18012 max=22198 n=44 to=0 | cancels=0(+0/s) seqbad=0 len_bad=0 disc=0(0x00) | tot_n=9041 tot_to=0 maxever=34419 >2ms=9041 >5ms=9041 >15ms=4850 >20ms=287 >30ms=3 | probes=9042 wrfail=0 down=4s maxout=4s
 181.116  t=178s RTT mean=19442 min=18012 max=22201 n=45 to=0 | cancels=0(+0/s) seqbad=0 len_bad=0 disc=0(0x00) | tot_n=9086 tot_to=0 maxever=34419 >2ms=9086 >5ms=9086 >15ms=4895 >20ms=290 >30ms=3 | probes=9086 wrfail=0 down=4s maxout=4s
 181.116  t=179s RTT mean=19378 min=18012 max=22198 n=44 to=0 | cancels=0(+0/s) seqbad=0 len_bad=0 disc=0(0x00) | tot_n=9130 tot_to=0 maxever=34419 >2ms=9130 >5ms=9130 >15ms=4939 >20ms=294 >30ms=3 | probes=9131 wrfail=0 down=4s maxout=4s
 183.077  t=180s RTT mean=19581 min=18012 max=26911 n=44 to=0 | cancels=0(+0/s) seqbad=0 len_bad=0 disc=0(0x00) | tot_n=9174 tot_to=0 maxever=34419 >2ms=9174 >5ms=9174 >15ms=4983 >20ms=298 >30ms=3 | probes=9175 wrfail=0 down=4s maxout=4s
 183.135  t=181s RTT mean=19580 min=18011 max=24119 n=44 to=0 | cancels=0(+0/s) seqbad=0 len_bad=0 disc=0(0x00) | tot_n=9218 tot_to=0 maxever=34419 >2ms=9218 >5ms=9218 >15ms=5027 >20ms=304 >30ms=3 | probes=9219 wrfail=0 down=4s maxout=4s
 185.106  t=182s RTT mean=19411 min=18012 max=20803 n=45 to=0 | cancels=0(+0/s) seqbad=0 len_bad=0 disc=0(0x00) | tot_n=9263 tot_to=0 maxever=34419 >2ms=9263 >5ms=9263 >15ms=5072 >20ms=305 >30ms=3 | probes=9264 wrfail=0 down=4s maxout=4s
 185.107  t=183s RTT mean=19580 min=18012 max=26910 n=44 to=0 | cancels=0(+0/s) seqbad=0 len_bad=0 disc=0(0x00) | tot_n=9307 tot_to=0 maxever=34419 >2ms=9307 >5ms=9307 >15ms=5116 >20ms=312 >30ms=3 | probes=9308 wrfail=0 down=4s maxout=4s
 187.097  t=184s RTT mean=19411 min=18011 max=20804 n=44 to=0 | cancels=0(+0/s) seqbad=0 len_bad=0 disc=0(0x00) | tot_n=9351 tot_to=0 maxever=34419 >2ms=9351 >5ms=9351 >15ms=5160 >20ms=315 >30ms=3 | probes=9352 wrfail=0 down=4s maxout=4s
 187.098  PCTL target=150 tot=2658 to=0 p50=19 p90=19 p99=25 p99.9=26 max=32 g30=1 g100=0 (ms/counts)
 187.098  LOADRAMP: target=160 KBps for 60s
 187.158  t=185s RTT mean=19410 min=18012 max=20804 n=45 to=0 | cancels=0(+0/s) seqbad=0 len_bad=0 disc=0(0x00) | tot_n=9396 tot_to=0 maxever=34419 >2ms=9396 >5ms=9396 >15ms=5205 >20ms=319 >30ms=3 | probes=9397 wrfail=0 down=4s maxout=4s
 189.106  t=186s RTT mean=19411 min=18013 max=20804 n=44 to=0 | cancels=0(+0/s) seqbad=0 len_bad=0 disc=0(0x00) | tot_n=9440 tot_to=0 maxever=34419 >2ms=9440 >5ms=9440 >15ms=5249 >20ms=320 >30ms=3 | probes=9441 wrfail=0 down=4s maxout=4s
 189.106  t=187s RTT mean=19612 min=18012 max=25069 n=44 to=0 | cancels=0(+0/s) seqbad=0 len_bad=0 disc=0(0x00) | tot_n=9484 tot_to=0 maxever=34419 >2ms=9484 >5ms=9484 >15ms=5293 >20ms=325 >30ms=3 | probes=9485 wrfail=0 down=4s maxout=4s
 191.116  t=188s RTT mean=19380 min=18013 max=20804 n=45 to=0 | cancels=0(+0/s) seqbad=0 len_bad=0 disc=0(0x00) | tot_n=9529 tot_to=0 maxever=34419 >2ms=9529 >5ms=9529 >15ms=5338 >20ms=326 >30ms=3 | probes=9530 wrfail=0 down=4s maxout=4s
 191.116  t=189s RTT mean=19410 min=18008 max=20805 n=44 to=0 | cancels=0(+0/s) seqbad=0 len_bad=0 disc=0(0x00) | tot_n=9573 tot_to=0 maxever=34419 >2ms=9573 >5ms=9573 >15ms=5382 >20ms=330 >30ms=3 | probes=9574 wrfail=0 down=4s maxout=4s
 193.088  t=190s RTT mean=19411 min=18013 max=20804 n=45 to=0 | cancels=0(+0/s) seqbad=0 len_bad=0 disc=0(0x00) | tot_n=9618 tot_to=0 maxever=34419 >2ms=9618 >5ms=9618 >15ms=5427 >20ms=331 >30ms=3 | probes=9619 wrfail=0 down=4s maxout=4s
 193.149  t=191s RTT mean=19539 min=18012 max=25067 n=44 to=0 | cancels=0(+0/s) seqbad=0 len_bad=0 disc=0(0x00) | tot_n=9662 tot_to=0 maxever=34419 >2ms=9662 >5ms=9662 >15ms=5471 >20ms=336 >30ms=3 | probes=9663 wrfail=0 down=4s maxout=4s
 195.070  t=192s RTT mean=19453 min=18013 max=20804 n=44 to=0 | cancels=0(+0/s) seqbad=0 len_bad=0 disc=0(0x00) | tot_n=9706 tot_to=0 maxever=34419 >2ms=9706 >5ms=9706 >15ms=5515 >20ms=338 >30ms=3 | probes=9707 wrfail=0 down=4s maxout=4s
 195.127  t=193s RTT mean=19577 min=18012 max=26909 n=45 to=0 | cancels=0(+0/s) seqbad=0 len_bad=0 disc=0(0x00) | tot_n=9751 tot_to=0 maxever=34419 >2ms=9751 >5ms=9751 >15ms=5560 >20ms=341 >30ms=3 | probes=9751 wrfail=0 down=4s maxout=4s
 197.088  t=194s RTT mean=19410 min=18012 max=22198 n=44 to=0 | cancels=0(+0/s) seqbad=0 len_bad=0 disc=0(0x00) | tot_n=9795 tot_to=0 maxever=34419 >2ms=9795 >5ms=9795 >15ms=5604 >20ms=347 >30ms=3 | probes=9796 wrfail=0 down=4s maxout=4s
 197.139  t=195s RTT mean=19442 min=18013 max=20804 n=44 to=0 | cancels=0(+0/s) seqbad=0 len_bad=0 disc=0(0x00) | tot_n=9839 tot_to=0 maxever=34419 >2ms=9839 >5ms=9839 >15ms=5648 >20ms=350 >30ms=3 | probes=9840 wrfail=0 down=4s maxout=4s
 199.085  t=196s RTT mean=19379 min=18011 max=22196 n=45 to=0 | cancels=0(+0/s) seqbad=0 len_bad=0 disc=0(0x00) | tot_n=9884 tot_to=0 maxever=34419 >2ms=9884 >5ms=9884 >15ms=5693 >20ms=352 >30ms=3 | probes=9885 wrfail=0 down=4s maxout=4s
 199.138  t=197s RTT mean=19410 min=18012 max=20804 n=44 to=0 | cancels=0(+0/s) seqbad=0 len_bad=0 disc=0(0x00) | tot_n=9928 tot_to=0 maxever=34419 >2ms=9928 >5ms=9928 >15ms=5737 >20ms=357 >30ms=3 | probes=9929 wrfail=0 down=4s maxout=4s
 201.111  t=198s RTT mean=19410 min=18011 max=22197 n=45 to=0 | cancels=0(+0/s) seqbad=0 len_bad=0 disc=0(0x00) | tot_n=9973 tot_to=0 maxever=34419 >2ms=9973 >5ms=9973 >15ms=5782 >20ms=362 >30ms=3 | probes=9974 wrfail=0 down=4s maxout=4s
 201.111  t=199s RTT mean=19410 min=18012 max=22198 n=44 to=0 | cancels=0(+0/s) seqbad=0 len_bad=0 disc=0(0x00) | tot_n=10017 tot_to=0 maxever=34419 >2ms=10017 >5ms=10017 >15ms=5826 >20ms=366 >30ms=3 | probes=10018 wrfail=0 down=4s maxout=4s
 203.079  t=200s RTT mean=19442 min=18011 max=20804 n=45 to=0 | cancels=0(+0/s) seqbad=0 len_bad=0 disc=0(0x00) | tot_n=10062 tot_to=0 maxever=34419 >2ms=10062 >5ms=10062 >15ms=5871 >20ms=370 >30ms=3 | probes=10062 wrfail=0 down=4s maxout=4s
 203.137  t=201s RTT mean=19549 min=18013 max=25063 n=44 to=0 | cancels=0(+0/s) seqbad=0 len_bad=0 disc=0(0x00) | tot_n=10106 tot_to=0 maxever=34419 >2ms=10106 >5ms=10106 >15ms=5915 >20ms=373 >30ms=3 | probes=10107 wrfail=0 down=4s maxout=4s
 205.081  t=202s RTT mean=19411 min=18010 max=22198 n=44 to=0 | cancels=0(+0/s) seqbad=0 len_bad=0 disc=0(0x00) | tot_n=10150 tot_to=0 maxever=34419 >2ms=10150 >5ms=10150 >15ms=5959 >20ms=376 >30ms=3 | probes=10151 wrfail=0 down=4s maxout=4s
 205.136  t=203s RTT mean=19410 min=18013 max=20804 n=45 to=0 | cancels=0(+0/s) seqbad=0 len_bad=0 disc=0(0x00) | tot_n=10195 tot_to=0 maxever=34419 >2ms=10195 >5ms=10195 >15ms=6004 >20ms=377 >30ms=3 | probes=10196 wrfail=0 down=4s maxout=4s
 207.110  t=204s RTT mean=19581 min=18012 max=25070 n=44 to=0 | cancels=0(+0/s) seqbad=0 len_bad=0 disc=0(0x00) | tot_n=10239 tot_to=0 maxever=34419 >2ms=10239 >5ms=10239 >15ms=6048 >20ms=382 >30ms=3 | probes=10240 wrfail=0 down=4s maxout=4s
 207.110  t=205s RTT mean=19549 min=18012 max=25068 n=44 to=0 | cancels=0(+0/s) seqbad=0 len_bad=0 disc=0(0x00) | tot_n=10283 tot_to=0 maxever=34419 >2ms=10283 >5ms=10283 >15ms=6092 >20ms=385 >30ms=3 | probes=10284 wrfail=0 down=4s maxout=4s
 209.119  t=206s RTT mean=19442 min=18013 max=22197 n=44 to=0 | cancels=0(+0/s) seqbad=0 len_bad=0 disc=0(0x00) | tot_n=10327 tot_to=0 maxever=34419 >2ms=10327 >5ms=10327 >15ms=6136 >20ms=388 >30ms=3 | probes=10328 wrfail=0 down=4s maxout=4s
 209.119  t=207s RTT mean=19409 min=18012 max=20804 n=45 to=0 | cancels=0(+0/s) seqbad=0 len_bad=0 disc=0(0x00) | tot_n=10372 tot_to=0 maxever=34419 >2ms=10372 >5ms=10372 >15ms=6181 >20ms=393 >30ms=3 | probes=10373 wrfail=0 down=4s maxout=4s
 211.082  t=208s RTT mean=19410 min=18012 max=20823 n=44 to=0 | cancels=0(+0/s) seqbad=0 len_bad=0 disc=0(0x00) | tot_n=10416 tot_to=0 maxever=34419 >2ms=10416 >5ms=10416 >15ms=6225 >20ms=398 >30ms=3 | probes=10417 wrfail=0 down=4s maxout=4s
 211.134  t=209s RTT mean=19410 min=18009 max=20806 n=45 to=0 | cancels=0(+0/s) seqbad=0 len_bad=0 disc=0(0x00) | tot_n=10461 tot_to=0 maxever=34419 >2ms=10461 >5ms=10461 >15ms=6270 >20ms=400 >30ms=3 | probes=10462 wrfail=0 down=4s maxout=4s
 213.120  t=210s RTT mean=19411 min=18011 max=20804 n=44 to=0 | cancels=0(+0/s) seqbad=0 len_bad=0 disc=0(0x00) | tot_n=10505 tot_to=0 maxever=34419 >2ms=10505 >5ms=10505 >15ms=6314 >20ms=404 >30ms=3 | probes=10506 wrfail=0 down=4s maxout=4s
 213.120  t=211s RTT mean=19410 min=18012 max=22193 n=45 to=0 | cancels=0(+0/s) seqbad=0 len_bad=0 disc=0(0x00) | tot_n=10550 tot_to=0 maxever=34419 >2ms=10550 >5ms=10550 >15ms=6359 >20ms=406 >30ms=3 | probes=10551 wrfail=0 down=4s maxout=4s
 215.096  t=212s RTT mean=19411 min=18011 max=20805 n=44 to=0 | cancels=0(+0/s) seqbad=0 len_bad=0 disc=0(0x00) | tot_n=10594 tot_to=0 maxever=34419 >2ms=10594 >5ms=10594 >15ms=6403 >20ms=409 >30ms=3 | probes=10595 wrfail=0 down=4s maxout=4s
 215.096  t=213s RTT mean=19549 min=18013 max=25518 n=44 to=0 | cancels=0(+0/s) seqbad=0 len_bad=0 disc=0(0x00) | tot_n=10638 tot_to=0 maxever=34419 >2ms=10638 >5ms=10638 >15ms=6447 >20ms=411 >30ms=3 | probes=10639 wrfail=0 down=4s maxout=4s
 217.076  t=214s RTT mean=19613 min=19408 max=25068 n=44 to=0 | cancels=0(+0/s) seqbad=0 len_bad=0 disc=0(0x00) | tot_n=10682 tot_to=0 maxever=34419 >2ms=10682 >5ms=10682 >15ms=6491 >20ms=414 >30ms=3 | probes=10683 wrfail=0 down=4s maxout=4s
 217.137  t=215s RTT mean=19581 min=18013 max=24124 n=44 to=0 | cancels=0(+0/s) seqbad=0 len_bad=0 disc=0(0x00) | tot_n=10726 tot_to=0 maxever=34419 >2ms=10726 >5ms=10726 >15ms=6535 >20ms=419 >30ms=3 | probes=10727 wrfail=0 down=4s maxout=4s
 219.075  t=216s RTT mean=19536 min=18013 max=25069 n=45 to=0 | cancels=0(+0/s) seqbad=0 len_bad=0 disc=0(0x00) | tot_n=10771 tot_to=0 maxever=34419 >2ms=10771 >5ms=10771 >15ms=6580 >20ms=422 >30ms=3 | probes=10772 wrfail=0 down=4s maxout=4s
 219.135  t=217s RTT mean=19759 min=18013 max=26906 n=43 to=0 | cancels=0(+0/s) seqbad=0 len_bad=0 disc=0(0x00) | tot_n=10814 tot_to=0 maxever=34419 >2ms=10814 >5ms=10814 >15ms=6623 >20ms=427 >30ms=3 | probes=10815 wrfail=0 down=4s maxout=4s
 221.101  t=218s RTT mean=19452 min=18012 max=21255 n=45 to=0 | cancels=0(+0/s) seqbad=0 len_bad=0 disc=0(0x00) | tot_n=10859 tot_to=0 maxever=34419 >2ms=10859 >5ms=10859 >15ms=6668 >20ms=431 >30ms=3 | probes=10860 wrfail=0 down=4s maxout=4s
 221.101  t=219s RTT mean=19410 min=19406 max=19420 n=44 to=0 | cancels=0(+0/s) seqbad=0 len_bad=0 disc=0(0x00) | tot_n=10903 tot_to=0 maxever=34419 >2ms=10903 >5ms=10903 >15ms=6712 >20ms=431 >30ms=3 | probes=10904 wrfail=0 down=4s maxout=4s
 223.123  t=220s RTT mean=19411 min=19406 max=19432 n=45 to=0 | cancels=0(+0/s) seqbad=0 len_bad=0 disc=0(0x00) | tot_n=10948 tot_to=0 maxever=34419 >2ms=10948 >5ms=10948 >15ms=6757 >20ms=431 >30ms=3 | probes=10949 wrfail=0 down=4s maxout=4s
 223.123  t=221s RTT mean=19410 min=18012 max=20804 n=44 to=0 | cancels=0(+0/s) seqbad=0 len_bad=0 disc=0(0x00) | tot_n=10992 tot_to=0 maxever=34419 >2ms=10992 >5ms=10992 >15ms=6801 >20ms=434 >30ms=3 | probes=10993 wrfail=0 down=4s maxout=4s
 225.112  t=222s RTT mean=19410 min=18012 max=20804 n=45 to=0 | cancels=0(+0/s) seqbad=0 len_bad=0 disc=0(0x00) | tot_n=11037 tot_to=0 maxever=34419 >2ms=11037 >5ms=11037 >15ms=6846 >20ms=438 >30ms=3 | probes=11038 wrfail=0 down=4s maxout=4s
 225.113  t=223s RTT mean=19410 min=19406 max=19415 n=44 to=0 | cancels=0(+0/s) seqbad=0 len_bad=0 disc=0(0x00) | tot_n=11081 tot_to=0 maxever=34419 >2ms=11081 >5ms=11081 >15ms=6890 >20ms=438 >30ms=3 | probes=11082 wrfail=0 down=4s maxout=4s
 227.119  t=224s RTT mean=19411 min=18013 max=20804 n=45 to=0 | cancels=0(+0/s) seqbad=0 len_bad=0 disc=0(0x00) | tot_n=11126 tot_to=0 maxever=34419 >2ms=11126 >5ms=11126 >15ms=6935 >20ms=441 >30ms=3 | probes=11126 wrfail=0 down=4s maxout=4s
 227.119  t=225s RTT mean=19411 min=18013 max=20804 n=44 to=0 | cancels=0(+0/s) seqbad=0 len_bad=0 disc=0(0x00) | tot_n=11170 tot_to=0 maxever=34419 >2ms=11170 >5ms=11170 >15ms=6979 >20ms=442 >30ms=3 | probes=11171 wrfail=0 down=4s maxout=4s
 229.087  t=226s RTT mean=19411 min=18011 max=22198 n=44 to=0 | cancels=0(+0/s) seqbad=0 len_bad=0 disc=0(0x00) | tot_n=11214 tot_to=0 maxever=34419 >2ms=11214 >5ms=11214 >15ms=7023 >20ms=445 >30ms=3 | probes=11215 wrfail=0 down=4s maxout=4s
 229.148  t=227s RTT mean=19536 min=18013 max=23669 n=45 to=0 | cancels=0(+0/s) seqbad=0 len_bad=0 disc=0(0x00) | tot_n=11259 tot_to=0 maxever=34419 >2ms=11259 >5ms=11259 >15ms=7068 >20ms=448 >30ms=3 | probes=11260 wrfail=0 down=4s maxout=4s
 231.122  t=228s RTT mean=19453 min=18011 max=20804 n=44 to=0 | cancels=0(+0/s) seqbad=0 len_bad=0 disc=0(0x00) | tot_n=11303 tot_to=0 maxever=34419 >2ms=11303 >5ms=11303 >15ms=7112 >20ms=450 >30ms=3 | probes=11304 wrfail=0 down=4s maxout=4s
 231.122  t=229s RTT mean=19411 min=19408 max=19422 n=45 to=0 | cancels=0(+0/s) seqbad=0 len_bad=0 disc=0(0x00) | tot_n=11348 tot_to=0 maxever=34419 >2ms=11348 >5ms=11348 >15ms=7157 >20ms=450 >30ms=3 | probes=11348 wrfail=0 down=4s maxout=4s
 233.123  t=230s RTT mean=19411 min=18012 max=20803 n=44 to=0 | cancels=0(+0/s) seqbad=0 len_bad=0 disc=0(0x00) | tot_n=11392 tot_to=0 maxever=34419 >2ms=11392 >5ms=11392 >15ms=7201 >20ms=451 >30ms=3 | probes=11393 wrfail=0 down=4s maxout=4s
 233.123  t=231s RTT mean=19410 min=18012 max=22197 n=44 to=0 | cancels=0(+0/s) seqbad=0 len_bad=0 disc=0(0x00) | tot_n=11436 tot_to=0 maxever=34419 >2ms=11436 >5ms=11436 >15ms=7245 >20ms=452 >30ms=3 | probes=11437 wrfail=0 down=4s maxout=4s
 235.111  t=232s RTT mean=19536 min=18013 max=25067 n=45 to=0 | cancels=0(+0/s) seqbad=0 len_bad=0 disc=0(0x00) | tot_n=11481 tot_to=0 maxever=34419 >2ms=11481 >5ms=11481 >15ms=7290 >20ms=454 >30ms=3 | probes=11481 wrfail=0 down=4s maxout=4s
 235.111  t=233s RTT mean=19622 min=18013 max=25513 n=44 to=0 | cancels=0(+0/s) seqbad=0 len_bad=0 disc=0(0x00) | tot_n=11525 tot_to=0 maxever=34419 >2ms=11525 >5ms=11525 >15ms=7334 >20ms=458 >30ms=3 | probes=11526 wrfail=0 down=4s maxout=4s
 237.127  t=234s RTT mean=19581 min=18009 max=26908 n=44 to=0 | cancels=0(+0/s) seqbad=0 len_bad=0 disc=0(0x00) | tot_n=11569 tot_to=0 maxever=34419 >2ms=11569 >5ms=11569 >15ms=7378 >20ms=461 >30ms=3 | probes=11570 wrfail=0 down=4s maxout=4s
 237.127  t=235s RTT mean=19539 min=19408 max=25067 n=44 to=0 | cancels=0(+0/s) seqbad=0 len_bad=0 disc=0(0x00) | tot_n=11613 tot_to=0 maxever=34419 >2ms=11613 >5ms=11613 >15ms=7422 >20ms=462 >30ms=3 | probes=11614 wrfail=0 down=4s maxout=4s
 239.087  t=236s RTT mean=19453 min=19408 max=20804 n=44 to=0 | cancels=0(+0/s) seqbad=0 len_bad=0 disc=0(0x00) | tot_n=11657 tot_to=0 maxever=34419 >2ms=11657 >5ms=11657 >15ms=7466 >20ms=463 >30ms=3 | probes=11658 wrfail=0 down=4s maxout=4s
 239.148  t=237s RTT mean=19410 min=18012 max=20804 n=45 to=0 | cancels=0(+0/s) seqbad=0 len_bad=0 disc=0(0x00) | tot_n=11702 tot_to=0 maxever=34419 >2ms=11702 >5ms=11702 >15ms=7511 >20ms=465 >30ms=3 | probes=11703 wrfail=0 down=4s maxout=4s
 241.101  t=238s RTT mean=19411 min=18012 max=20803 n=44 to=0 | cancels=0(+0/s) seqbad=0 len_bad=0 disc=0(0x00) | tot_n=11746 tot_to=0 maxever=34419 >2ms=11746 >5ms=11746 >15ms=7555 >20ms=466 >30ms=3 | probes=11747 wrfail=0 down=4s maxout=4s
 241.101  t=239s RTT mean=19410 min=18012 max=20804 n=45 to=0 | cancels=0(+0/s) seqbad=0 len_bad=0 disc=0(0x00) | tot_n=11791 tot_to=0 maxever=34419 >2ms=11791 >5ms=11791 >15ms=7600 >20ms=469 >30ms=3 | probes=11792 wrfail=0 down=4s maxout=4s
 243.081  t=240s RTT mean=19411 min=18013 max=20804 n=44 to=0 | cancels=0(+0/s) seqbad=0 len_bad=0 disc=0(0x00) | tot_n=11835 tot_to=0 maxever=34419 >2ms=11835 >5ms=11835 >15ms=7644 >20ms=470 >30ms=3 | probes=11836 wrfail=0 down=4s maxout=4s
 243.136  t=241s RTT mean=19410 min=18013 max=20804 n=45 to=0 | cancels=0(+0/s) seqbad=0 len_bad=0 disc=0(0x00) | tot_n=11880 tot_to=0 maxever=34419 >2ms=11880 >5ms=11880 >15ms=7689 >20ms=472 >30ms=3 | probes=11880 wrfail=0 down=4s maxout=4s
 245.098  t=242s RTT mean=19411 min=18010 max=20804 n=44 to=0 | cancels=0(+0/s) seqbad=0 len_bad=0 disc=0(0x00) | tot_n=11924 tot_to=0 maxever=34419 >2ms=11924 >5ms=11924 >15ms=7733 >20ms=474 >30ms=3 | probes=11925 wrfail=0 down=4s maxout=4s
 245.156  t=243s RTT mean=19410 min=18012 max=20804 n=45 to=0 | cancels=0(+0/s) seqbad=0 len_bad=0 disc=0(0x00) | tot_n=11969 tot_to=0 maxever=34419 >2ms=11969 >5ms=11969 >15ms=7778 >20ms=476 >30ms=3 | probes=11969 wrfail=0 down=4s maxout=4s
 247.085  t=244s RTT mean=19411 min=18012 max=20804 n=44 to=0 | cancels=0(+0/s) seqbad=0 len_bad=0 disc=0(0x00) | tot_n=12013 tot_to=0 maxever=34419 >2ms=12013 >5ms=12013 >15ms=7822 >20ms=479 >30ms=3 | probes=12014 wrfail=0 down=4s maxout=4s
 247.141  PCTL target=160 tot=2662 to=0 p50=19 p90=19 p99=22 p99.9=25 max=26 g30=0 g100=0 (ms/counts)
 247.141  LOADRAMP: target=170 KBps for 60s
 247.141  t=245s RTT mean=19410 min=18012 max=20804 n=44 to=0 | cancels=0(+0/s) seqbad=0 len_bad=0 disc=0(0x00) | tot_n=12057 tot_to=0 maxever=34419 >2ms=12057 >5ms=12057 >15ms=7866 >20ms=483 >30ms=3 | probes=12058 wrfail=0 down=4s maxout=4s
 249.104  t=246s RTT mean=19411 min=18013 max=20824 n=45 to=0 | cancels=0(+0/s) seqbad=0 len_bad=0 disc=0(0x00) | tot_n=12102 tot_to=0 maxever=34419 >2ms=12102 >5ms=12102 >15ms=7911 >20ms=485 >30ms=3 | probes=12103 wrfail=0 down=4s maxout=4s
 249.104  t=247s RTT mean=19581 min=18012 max=26920 n=44 to=0 | cancels=0(+0/s) seqbad=0 len_bad=0 disc=0(0x00) | tot_n=12146 tot_to=0 maxever=34419 >2ms=12146 >5ms=12146 >15ms=7955 >20ms=488 >30ms=3 | probes=12147 wrfail=0 down=4s maxout=4s
 251.127  t=248s RTT mean=19549 min=18012 max=25068 n=44 to=0 | cancels=0(+0/s) seqbad=0 len_bad=0 disc=0(0x00) | tot_n=12190 tot_to=0 maxever=34419 >2ms=12190 >5ms=12190 >15ms=7999 >20ms=492 >30ms=3 | probes=12191 wrfail=0 down=4s maxout=4s
 251.127  t=249s RTT mean=19441 min=18012 max=20806 n=45 to=0 | cancels=0(+0/s) seqbad=0 len_bad=0 disc=0(0x00) | tot_n=12235 tot_to=0 maxever=34419 >2ms=12235 >5ms=12235 >15ms=8044 >20ms=494 >30ms=3 | probes=12235 wrfail=0 down=4s maxout=4s
 253.121  t=250s RTT mean=19581 min=18012 max=24119 n=44 to=0 | cancels=0(+0/s) seqbad=0 len_bad=0 disc=0(0x00) | tot_n=12279 tot_to=0 maxever=34419 >2ms=12279 >5ms=12279 >15ms=8088 >20ms=502 >30ms=3 | probes=12280 wrfail=0 down=4s maxout=4s
 253.121  t=251s RTT mean=19410 min=18013 max=20804 n=44 to=0 | cancels=0(+0/s) seqbad=0 len_bad=0 disc=0(0x00) | tot_n=12323 tot_to=0 maxever=34419 >2ms=12323 >5ms=12323 >15ms=8132 >20ms=504 >30ms=3 | probes=12324 wrfail=0 down=4s maxout=4s
 255.103  t=252s RTT mean=19411 min=18013 max=20804 n=45 to=0 | cancels=0(+0/s) seqbad=0 len_bad=0 disc=0(0x00) | tot_n=12368 tot_to=0 maxever=34419 >2ms=12368 >5ms=12368 >15ms=8177 >20ms=505 >30ms=3 | probes=12368 wrfail=0 down=4s maxout=4s
 255.163  t=253s RTT mean=19411 min=18012 max=20803 n=44 to=0 | cancels=0(+0/s) seqbad=0 len_bad=0 disc=0(0x00) | tot_n=12412 tot_to=0 maxever=34419 >2ms=12412 >5ms=12412 >15ms=8221 >20ms=506 >30ms=3 | probes=12413 wrfail=0 down=4s maxout=4s
 257.123  t=254s RTT mean=19550 min=18010 max=25518 n=44 to=0 | cancels=0(+0/s) seqbad=0 len_bad=0 disc=0(0x00) | tot_n=12456 tot_to=0 maxever=34419 >2ms=12456 >5ms=12456 >15ms=8265 >20ms=508 >30ms=3 | probes=12457 wrfail=0 down=4s maxout=4s
 257.123  t=255s RTT mean=19441 min=19408 max=20804 n=45 to=0 | cancels=0(+0/s) seqbad=0 len_bad=0 disc=0(0x00) | tot_n=12501 tot_to=0 maxever=34419 >2ms=12501 >5ms=12501 >15ms=8310 >20ms=509 >30ms=3 | probes=12501 wrfail=0 down=4s maxout=4s
 259.111  t=256s RTT mean=19550 min=19408 max=25517 n=44 to=0 | cancels=0(+0/s) seqbad=0 len_bad=0 disc=0(0x00) | tot_n=12545 tot_to=0 maxever=34419 >2ms=12545 >5ms=12545 >15ms=8354 >20ms=510 >30ms=3 | probes=12546 wrfail=0 down=4s maxout=4s
 259.111  t=257s RTT mean=19442 min=18012 max=20804 n=44 to=0 | cancels=0(+0/s) seqbad=0 len_bad=0 disc=0(0x00) | tot_n=12589 tot_to=0 maxever=34419 >2ms=12589 >5ms=12589 >15ms=8398 >20ms=512 >30ms=3 | probes=12590 wrfail=0 down=4s maxout=4s
 261.094  t=258s RTT mean=19411 min=18012 max=22197 n=45 to=0 | cancels=0(+0/s) seqbad=0 len_bad=0 disc=0(0x00) | tot_n=12634 tot_to=0 maxever=34419 >2ms=12634 >5ms=12634 >15ms=8443 >20ms=516 >30ms=3 | probes=12635 wrfail=0 down=4s maxout=4s
 261.153  t=259s RTT mean=19410 min=18013 max=20805 n=44 to=0 | cancels=0(+0/s) seqbad=0 len_bad=0 disc=0(0x00) | tot_n=12678 tot_to=0 maxever=34419 >2ms=12678 >5ms=12678 >15ms=8487 >20ms=518 >30ms=3 | probes=12679 wrfail=0 down=4s maxout=4s
 263.136  t=260s RTT mean=19550 min=19407 max=25517 n=44 to=0 | cancels=0(+0/s) seqbad=0 len_bad=0 disc=0(0x00) | tot_n=12722 tot_to=0 maxever=34419 >2ms=12722 >5ms=12722 >15ms=8531 >20ms=519 >30ms=3 | probes=12723 wrfail=0 down=4s maxout=4s
 263.136  t=261s RTT mean=19411 min=19408 max=19420 n=45 to=0 | cancels=0(+0/s) seqbad=0 len_bad=0 disc=0(0x00) | tot_n=12767 tot_to=0 maxever=34419 >2ms=12767 >5ms=12767 >15ms=8576 >20ms=519 >30ms=3 | probes=12768 wrfail=0 down=4s maxout=4s
 265.094  t=262s RTT mean=19443 min=18011 max=23591 n=44 to=0 | cancels=0(+0/s) seqbad=0 len_bad=0 disc=0(0x00) | tot_n=12811 tot_to=0 maxever=34419 >2ms=12811 >5ms=12811 >15ms=8620 >20ms=520 >30ms=3 | probes=12812 wrfail=0 down=4s maxout=4s
 265.154  t=263s RTT mean=19411 min=19407 max=19420 n=45 to=0 | cancels=0(+0/s) seqbad=0 len_bad=0 disc=0(0x00) | tot_n=12856 tot_to=0 maxever=34419 >2ms=12856 >5ms=12856 >15ms=8665 >20ms=520 >30ms=3 | probes=12856 wrfail=0 down=4s maxout=4s
 267.124  t=264s RTT mean=19411 min=18013 max=22198 n=44 to=0 | cancels=0(+0/s) seqbad=0 len_bad=0 disc=0(0x00) | tot_n=12900 tot_to=0 maxever=34419 >2ms=12900 >5ms=12900 >15ms=8709 >20ms=521 >30ms=3 | probes=12901 wrfail=0 down=4s maxout=4s
 267.125  t=265s RTT mean=19411 min=18012 max=20804 n=44 to=0 | cancels=0(+0/s) seqbad=0 len_bad=0 disc=0(0x00) | tot_n=12944 tot_to=0 maxever=34419 >2ms=12944 >5ms=12944 >15ms=8753 >20ms=522 >30ms=3 | probes=12945 wrfail=0 down=4s maxout=4s
 269.097  t=266s RTT mean=19577 min=18011 max=26911 n=45 to=0 | cancels=0(+0/s) seqbad=0 len_bad=0 disc=0(0x00) | tot_n=12989 tot_to=0 maxever=34419 >2ms=12989 >5ms=12989 >15ms=8798 >20ms=525 >30ms=3 | probes=12989 wrfail=0 down=4s maxout=4s
 269.157  t=267s RTT mean=19539 min=19400 max=25069 n=44 to=0 | cancels=0(+0/s) seqbad=0 len_bad=0 disc=0(0x00) | tot_n=13033 tot_to=0 maxever=34419 >2ms=13033 >5ms=13033 >15ms=8842 >20ms=526 >30ms=3 | probes=13034 wrfail=0 down=4s maxout=4s
 271.140  t=268s RTT mean=19421 min=19408 max=19861 n=44 to=0 | cancels=0(+0/s) seqbad=0 len_bad=0 disc=0(0x00) | tot_n=13077 tot_to=0 maxever=34419 >2ms=13077 >5ms=13077 >15ms=8886 >20ms=526 >30ms=3 | probes=13078 wrfail=0 down=4s maxout=4s
 271.140  t=269s RTT mean=19411 min=19408 max=19420 n=45 to=0 | cancels=0(+0/s) seqbad=0 len_bad=0 disc=0(0x00) | tot_n=13122 tot_to=0 maxever=34419 >2ms=13122 >5ms=13122 >15ms=8931 >20ms=526 >30ms=3 | probes=13123 wrfail=0 down=4s maxout=4s
 273.141  t=270s RTT mean=19411 min=19408 max=19431 n=44 to=0 | cancels=0(+0/s) seqbad=0 len_bad=0 disc=0(0x00) | tot_n=13166 tot_to=0 maxever=34419 >2ms=13166 >5ms=13166 >15ms=8975 >20ms=526 >30ms=3 | probes=13167 wrfail=0 down=4s maxout=4s
 273.141  t=271s RTT mean=19571 min=19408 max=25065 n=44 to=0 | cancels=0(+0/s) seqbad=0 len_bad=0 disc=0(0x00) | tot_n=13210 tot_to=0 maxever=34419 >2ms=13210 >5ms=13210 >15ms=9019 >20ms=528 >30ms=3 | probes=13211 wrfail=0 down=4s maxout=4s
 275.117  t=272s RTT mean=19592 min=19408 max=26913 n=44 to=0 | cancels=0(+0/s) seqbad=0 len_bad=0 disc=0(0x00) | tot_n=13254 tot_to=0 maxever=34419 >2ms=13254 >5ms=13254 >15ms=9063 >20ms=529 >30ms=3 | probes=13255 wrfail=0 down=4s maxout=4s
 275.118  t=273s RTT mean=19441 min=19406 max=20802 n=45 to=0 | cancels=0(+0/s) seqbad=0 len_bad=0 disc=0(0x00) | tot_n=13299 tot_to=0 maxever=34419 >2ms=13299 >5ms=13299 >15ms=9108 >20ms=530 >30ms=3 | probes=13300 wrfail=0 down=4s maxout=4s
 277.111  t=274s RTT mean=19411 min=18012 max=20804 n=44 to=0 | cancels=0(+0/s) seqbad=0 len_bad=0 disc=0(0x00) | tot_n=13343 tot_to=0 maxever=34419 >2ms=13343 >5ms=13343 >15ms=9152 >20ms=533 >30ms=3 | probes=13344 wrfail=0 down=4s maxout=4s
 277.111  t=275s RTT mean=19410 min=19408 max=19420 n=45 to=0 | cancels=0(+0/s) seqbad=0 len_bad=0 disc=0(0x00) | tot_n=13388 tot_to=0 maxever=34419 >2ms=13388 >5ms=13388 >15ms=9197 >20ms=533 >30ms=3 | probes=13389 wrfail=0 down=4s maxout=4s
 279.114  t=276s RTT mean=19411 min=19403 max=19431 n=44 to=0 | cancels=0(+0/s) seqbad=0 len_bad=0 disc=0(0x00) | tot_n=13432 tot_to=0 maxever=34419 >2ms=13432 >5ms=13432 >15ms=9241 >20ms=533 >30ms=3 | probes=13433 wrfail=0 down=4s maxout=4s
 279.114  t=277s RTT mean=19539 min=19408 max=25069 n=44 to=0 | cancels=0(+0/s) seqbad=0 len_bad=0 disc=0(0x00) | tot_n=13476 tot_to=0 maxever=34419 >2ms=13476 >5ms=13476 >15ms=9285 >20ms=534 >30ms=3 | probes=13477 wrfail=0 down=4s maxout=4s
 281.120  t=278s RTT mean=20119 min=19409 max=26911 n=43 to=0 | cancels=0(+0/s) seqbad=0 len_bad=0 disc=0(0x00) | tot_n=13519 tot_to=0 maxever=34419 >2ms=13519 >5ms=13519 >15ms=9328 >20ms=538 >30ms=3 | probes=13520 wrfail=0 down=4s maxout=4s
 281.120  t=279s RTT mean=19783 min=18017 max=26911 n=44 to=0 | cancels=0(+0/s) seqbad=0 len_bad=0 disc=0(0x00) | tot_n=13563 tot_to=0 maxever=34419 >2ms=13563 >5ms=13563 >15ms=9372 >20ms=541 >30ms=3 | probes=13564 wrfail=0 down=4s maxout=4s
 283.108  t=280s RTT mean=19752 min=18012 max=26913 n=44 to=0 | cancels=0(+0/s) seqbad=0 len_bad=0 disc=0(0x00) | tot_n=13607 tot_to=0 maxever=34419 >2ms=13607 >5ms=13607 >15ms=9416 >20ms=544 >30ms=3 | probes=13608 wrfail=0 down=4s maxout=4s
 283.165  t=281s RTT mean=19410 min=18013 max=20807 n=44 to=0 | cancels=0(+0/s) seqbad=0 len_bad=0 disc=0(0x00) | tot_n=13651 tot_to=0 maxever=34419 >2ms=13651 >5ms=13651 >15ms=9460 >20ms=545 >30ms=3 | probes=13652 wrfail=0 down=4s maxout=4s
 285.136  t=282s RTT mean=19577 min=18013 max=26910 n=45 to=0 | cancels=0(+0/s) seqbad=0 len_bad=0 disc=0(0x00) | tot_n=13696 tot_to=0 maxever=34419 >2ms=13696 >5ms=13696 >15ms=9505 >20ms=550 >30ms=3 | probes=13696 wrfail=0 down=4s maxout=4s
 285.136  t=283s RTT mean=19410 min=18010 max=20805 n=44 to=0 | cancels=0(+0/s) seqbad=0 len_bad=0 disc=0(0x00) | tot_n=13740 tot_to=0 maxever=34419 >2ms=13740 >5ms=13740 >15ms=9549 >20ms=554 >30ms=3 | probes=13741 wrfail=0 down=4s maxout=4s
 287.106  t=284s RTT mean=19720 min=18025 max=26911 n=44 to=0 | cancels=0(+0/s) seqbad=0 len_bad=0 disc=0(0x00) | tot_n=13784 tot_to=0 maxever=34419 >2ms=13784 >5ms=13784 >15ms=9593 >20ms=557 >30ms=3 | probes=13785 wrfail=0 down=4s maxout=4s
 287.163  t=285s RTT mean=19581 min=18009 max=25515 n=44 to=0 | cancels=0(+0/s) seqbad=0 len_bad=0 disc=0(0x00) | tot_n=13828 tot_to=0 maxever=34419 >2ms=13828 >5ms=13828 >15ms=9637 >20ms=563 >30ms=3 | probes=13829 wrfail=0 down=4s maxout=4s
 289.132  t=286s RTT mean=19613 min=18010 max=26460 n=44 to=0 | cancels=0(+0/s) seqbad=0 len_bad=0 disc=0(0x00) | tot_n=13872 tot_to=0 maxever=34419 >2ms=13872 >5ms=13872 >15ms=9681 >20ms=566 >30ms=3 | probes=13873 wrfail=0 down=4s maxout=4s
 289.132  t=287s RTT mean=19410 min=18012 max=20804 n=44 to=0 | cancels=0(+0/s) seqbad=0 len_bad=0 disc=0(0x00) | tot_n=13916 tot_to=0 maxever=34419 >2ms=13916 >5ms=13916 >15ms=9725 >20ms=567 >30ms=3 | probes=13917 wrfail=0 down=4s maxout=4s
 291.130  t=288s RTT mean=19546 min=18013 max=25068 n=45 to=0 | cancels=0(+0/s) seqbad=0 len_bad=0 disc=0(0x00) | tot_n=13961 tot_to=0 maxever=34419 >2ms=13961 >5ms=13961 >15ms=9770 >20ms=569 >30ms=3 | probes=13961 wrfail=0 down=4s maxout=4s
 291.130  t=289s RTT mean=19610 min=19309 max=26460 n=44 to=0 | cancels=0(+0/s) seqbad=0 len_bad=0 disc=0(0x00) | tot_n=14005 tot_to=0 maxever=34419 >2ms=14005 >5ms=14005 >15ms=9814 >20ms=571 >30ms=3 | probes=14006 wrfail=0 down=4s maxout=4s
 293.146  t=290s RTT mean=19410 min=18012 max=22198 n=44 to=0 | cancels=0(+0/s) seqbad=0 len_bad=0 disc=0(0x00) | tot_n=14049 tot_to=0 maxever=34419 >2ms=14049 >5ms=14049 >15ms=9858 >20ms=575 >30ms=3 | probes=14050 wrfail=0 down=4s maxout=4s
 293.146  t=291s RTT mean=19410 min=18013 max=20804 n=45 to=0 | cancels=0(+0/s) seqbad=0 len_bad=0 disc=0(0x00) | tot_n=14094 tot_to=0 maxever=34419 >2ms=14094 >5ms=14094 >15ms=9903 >20ms=577 >30ms=3 | probes=14094 wrfail=0 down=4s maxout=4s
 295.123  t=292s RTT mean=19581 min=18011 max=26911 n=44 to=0 | cancels=0(+0/s) seqbad=0 len_bad=0 disc=0(0x00) | tot_n=14138 tot_to=0 maxever=34419 >2ms=14138 >5ms=14138 >15ms=9947 >20ms=582 >30ms=3 | probes=14139 wrfail=0 down=4s maxout=4s
 295.123  t=293s RTT mean=19581 min=18012 max=26909 n=44 to=0 | cancels=0(+0/s) seqbad=0 len_bad=0 disc=0(0x00) | tot_n=14182 tot_to=0 maxever=34419 >2ms=14182 >5ms=14182 >15ms=9991 >20ms=584 >30ms=3 | probes=14183 wrfail=0 down=4s maxout=4s
 297.108  t=294s RTT mean=19581 min=18013 max=26911 n=44 to=0 | cancels=0(+0/s) seqbad=0 len_bad=0 disc=0(0x00) | tot_n=14226 tot_to=0 maxever=34419 >2ms=14226 >5ms=14226 >15ms=10035 >20ms=587 >30ms=3 | probes=14227 wrfail=0 down=4s maxout=4s
 297.164  t=295s RTT mean=19410 min=18012 max=20804 n=44 to=0 | cancels=0(+0/s) seqbad=0 len_bad=0 disc=0(0x00) | tot_n=14270 tot_to=0 maxever=34419 >2ms=14270 >5ms=14270 >15ms=10079 >20ms=590 >30ms=3 | probes=14271 wrfail=0 down=4s maxout=4s
 299.127  t=296s RTT mean=19411 min=18016 max=20801 n=45 to=0 | cancels=0(+0/s) seqbad=0 len_bad=0 disc=0(0x00) | tot_n=14315 tot_to=0 maxever=34419 >2ms=14315 >5ms=14315 >15ms=10124 >20ms=591 >30ms=3 | probes=14316 wrfail=0 down=4s maxout=4s
 299.127  t=297s RTT mean=19442 min=18012 max=20804 n=44 to=0 | cancels=0(+0/s) seqbad=0 len_bad=0 disc=0(0x00) | tot_n=14359 tot_to=0 maxever=34419 >2ms=14359 >5ms=14359 >15ms=10168 >20ms=597 >30ms=3 | probes=14360 wrfail=0 down=4s maxout=4s
 301.135  t=298s RTT mean=19379 min=18012 max=20804 n=45 to=0 | cancels=0(+0/s) seqbad=0 len_bad=0 disc=0(0x00) | tot_n=14404 tot_to=0 maxever=34419 >2ms=14404 >5ms=14404 >15ms=10213 >20ms=601 >30ms=3 | probes=14405 wrfail=0 down=4s maxout=4s
 301.135  t=299s RTT mean=19581 min=18013 max=26911 n=44 to=0 | cancels=0(+0/s) seqbad=0 len_bad=0 disc=0(0x00) | tot_n=14448 tot_to=0 maxever=34419 >2ms=14448 >5ms=14448 >15ms=10257 >20ms=606 >30ms=3 | probes=14449 wrfail=0 down=4s maxout=4s
 303.120  t=300s RTT mean=19411 min=18010 max=20804 n=44 to=0 | cancels=0(+0/s) seqbad=0 len_bad=0 disc=0(0x00) | tot_n=14492 tot_to=0 maxever=34419 >2ms=14492 >5ms=14492 >15ms=10301 >20ms=609 >30ms=3 | probes=14493 wrfail=0 down=4s maxout=4s
 303.121  t=301s RTT mean=19581 min=19409 max=25518 n=44 to=0 | cancels=0(+0/s) seqbad=0 len_bad=0 disc=0(0x00) | tot_n=14536 tot_to=0 maxever=34419 >2ms=14536 >5ms=14536 >15ms=10345 >20ms=611 >30ms=3 | probes=14537 wrfail=0 down=4s maxout=4s
 305.108  t=302s RTT mean=19411 min=18013 max=20804 n=45 to=0 | cancels=0(+0/s) seqbad=0 len_bad=0 disc=0(0x00) | tot_n=14581 tot_to=0 maxever=34419 >2ms=14581 >5ms=14581 >15ms=10390 >20ms=612 >30ms=3 | probes=14582 wrfail=0 down=4s maxout=4s
 305.161  t=303s RTT mean=19410 min=18013 max=22198 n=44 to=0 | cancels=0(+0/s) seqbad=0 len_bad=0 disc=0(0x00) | tot_n=14625 tot_to=0 maxever=34419 >2ms=14625 >5ms=14625 >15ms=10434 >20ms=616 >30ms=3 | probes=14626 wrfail=0 down=4s maxout=4s
 307.123  t=304s RTT mean=19411 min=18013 max=20804 n=45 to=0 | cancels=0(+0/s) seqbad=0 len_bad=0 disc=0(0x00) | tot_n=14670 tot_to=0 maxever=34419 >2ms=14670 >5ms=14670 >15ms=10479 >20ms=617 >30ms=3 | probes=14671 wrfail=0 down=4s maxout=4s
 307.123  PCTL target=170 tot=2657 to=0 p50=19 p90=19 p99=25 p99.9=26 max=26 g30=0 g100=0 (ms/counts)
 307.123  LOADRAMP: target=180 KBps for 60s
 307.183  t=305s RTT mean=19581 min=18013 max=26911 n=44 to=0 | cancels=0(+0/s) seqbad=0 len_bad=0 disc=0(0x00) | tot_n=14714 tot_to=0 maxever=34419 >2ms=14714 >5ms=14714 >15ms=10523 >20ms=621 >30ms=3 | probes=14715 wrfail=0 down=4s maxout=4s
 309.105  t=306s RTT mean=19443 min=18013 max=20804 n=44 to=0 | cancels=0(+0/s) seqbad=0 len_bad=0 disc=0(0x00) | tot_n=14758 tot_to=0 maxever=34419 >2ms=14758 >5ms=14758 >15ms=10567 >20ms=623 >30ms=3 | probes=14759 wrfail=0 down=4s maxout=4s
 309.165  t=307s RTT mean=19379 min=18010 max=20804 n=45 to=0 | cancels=0(+0/s) seqbad=0 len_bad=0 disc=0(0x00) | tot_n=14803 tot_to=0 maxever=34419 >2ms=14803 >5ms=14803 >15ms=10612 >20ms=625 >30ms=3 | probes=14804 wrfail=0 down=4s maxout=4s
 311.124  t=308s RTT mean=19411 min=18010 max=20804 n=44 to=0 | cancels=0(+0/s) seqbad=0 len_bad=0 disc=0(0x00) | tot_n=14847 tot_to=0 maxever=34419 >2ms=14847 >5ms=14847 >15ms=10656 >20ms=630 >30ms=3 | probes=14848 wrfail=0 down=4s maxout=4s
 311.124  t=309s RTT mean=19410 min=18012 max=22197 n=45 to=0 | cancels=0(+0/s) seqbad=0 len_bad=0 disc=0(0x00) | tot_n=14892 tot_to=0 maxever=34419 >2ms=14892 >5ms=14892 >15ms=10701 >20ms=632 >30ms=3 | probes=14893 wrfail=0 down=4s maxout=4s
 313.097  t=310s RTT mean=19442 min=18010 max=20824 n=44 to=0 | cancels=0(+0/s) seqbad=0 len_bad=0 disc=0(0x00) | tot_n=14936 tot_to=0 maxever=34419 >2ms=14936 >5ms=14936 >15ms=10745 >20ms=638 >30ms=3 | probes=14937 wrfail=0 down=4s maxout=4s
 313.155  t=311s RTT mean=19379 min=18013 max=20804 n=45 to=0 | cancels=0(+0/s) seqbad=0 len_bad=0 disc=0(0x00) | tot_n=14981 tot_to=0 maxever=34419 >2ms=14981 >5ms=14981 >15ms=10790 >20ms=642 >30ms=3 | probes=14982 wrfail=0 down=4s maxout=4s
 315.128  t=312s RTT mean=19411 min=19408 max=19431 n=44 to=0 | cancels=0(+0/s) seqbad=0 len_bad=0 disc=0(0x00) | tot_n=15025 tot_to=0 maxever=34419 >2ms=15025 >5ms=15025 >15ms=10834 >20ms=642 >30ms=3 | probes=15026 wrfail=0 down=4s maxout=4s
 315.128  t=313s RTT mean=19410 min=18013 max=20804 n=45 to=0 | cancels=0(+0/s) seqbad=0 len_bad=0 disc=0(0x00) | tot_n=15070 tot_to=0 maxever=34419 >2ms=15070 >5ms=15070 >15ms=10879 >20ms=643 >30ms=3 | probes=15070 wrfail=0 down=4s maxout=4s
 317.103  t=314s RTT mean=19582 min=19408 max=26911 n=44 to=0 | cancels=0(+0/s) seqbad=0 len_bad=0 disc=0(0x00) | tot_n=15114 tot_to=0 maxever=34419 >2ms=15114 >5ms=15114 >15ms=10923 >20ms=644 >30ms=3 | probes=15115 wrfail=0 down=4s maxout=4s
 317.155  t=315s RTT mean=20108 min=19408 max=34411 n=43 to=0 | cancels=0(+0/s) seqbad=0 len_bad=0 disc=0(0x00) | tot_n=15157 tot_to=0 maxever=34419 >2ms=15157 >5ms=15157 >15ms=10966 >20ms=647 >30ms=4 | probes=15158 wrfail=0 down=4s maxout=4s
 319.134  t=316s RTT mean=19581 min=19406 max=26911 n=44 to=0 | cancels=0(+0/s) seqbad=0 len_bad=0 disc=0(0x00) | tot_n=15201 tot_to=0 maxever=34419 >2ms=15201 >5ms=15201 >15ms=11010 >20ms=648 >30ms=4 | probes=15202 wrfail=0 down=4s maxout=4s
 319.134  t=317s RTT mean=19410 min=18013 max=22198 n=44 to=0 | cancels=0(+0/s) seqbad=0 len_bad=0 disc=0(0x00) | tot_n=15245 tot_to=0 maxever=34419 >2ms=15245 >5ms=15245 >15ms=11054 >20ms=649 >30ms=4 | probes=15246 wrfail=0 down=4s maxout=4s
 321.109  t=318s RTT mean=19581 min=19409 max=25518 n=44 to=0 | cancels=0(+0/s) seqbad=0 len_bad=0 disc=0(0x00) | tot_n=15289 tot_to=0 maxever=34419 >2ms=15289 >5ms=15289 >15ms=11098 >20ms=651 >30ms=4 | probes=15290 wrfail=0 down=4s maxout=4s
 321.161  t=319s RTT mean=19410 min=19407 max=19417 n=45 to=0 | cancels=0(+0/s) seqbad=0 len_bad=0 disc=0(0x00) | tot_n=15334 tot_to=0 maxever=34419 >2ms=15334 >5ms=15334 >15ms=11143 >20ms=651 >30ms=4 | probes=15335 wrfail=0 down=4s maxout=4s
 323.144  t=320s RTT mean=19710 min=19408 max=26460 n=44 to=0 | cancels=0(+0/s) seqbad=0 len_bad=0 disc=0(0x00) | tot_n=15378 tot_to=0 maxever=34419 >2ms=15378 >5ms=15378 >15ms=11187 >20ms=653 >30ms=4 | probes=15379 wrfail=0 down=4s maxout=4s
 323.144  t=321s RTT mean=19751 min=18014 max=26461 n=44 to=0 | cancels=0(+0/s) seqbad=0 len_bad=0 disc=0(0x00) | tot_n=15422 tot_to=0 maxever=34419 >2ms=15422 >5ms=15422 >15ms=11231 >20ms=656 >30ms=4 | probes=15422 wrfail=0 down=4s maxout=4s
 325.095  t=322s RTT mean=19760 min=19408 max=26460 n=43 to=0 | cancels=0(+0/s) seqbad=0 len_bad=0 disc=0(0x00) | tot_n=15465 tot_to=0 maxever=34419 >2ms=15465 >5ms=15465 >15ms=11274 >20ms=659 >30ms=4 | probes=15466 wrfail=0 down=4s maxout=4s
 325.155  t=323s RTT mean=19761 min=18013 max=25520 n=44 to=0 | cancels=0(+0/s) seqbad=0 len_bad=0 disc=0(0x00) | tot_n=15509 tot_to=0 maxever=34419 >2ms=15509 >5ms=15509 >15ms=11318 >20ms=664 >30ms=4 | probes=15510 wrfail=0 down=4s maxout=4s
 327.105  t=324s RTT mean=19441 min=18013 max=20804 n=45 to=0 | cancels=0(+0/s) seqbad=0 len_bad=0 disc=0(0x00) | tot_n=15554 tot_to=0 maxever=34419 >2ms=15554 >5ms=15554 >15ms=11363 >20ms=670 >30ms=4 | probes=15554 wrfail=0 down=4s maxout=4s
 327.164  t=325s RTT mean=19410 min=18013 max=20806 n=44 to=0 | cancels=0(+0/s) seqbad=0 len_bad=0 disc=0(0x00) | tot_n=15598 tot_to=0 maxever=34419 >2ms=15598 >5ms=15598 >15ms=11407 >20ms=673 >30ms=4 | probes=15599 wrfail=0 down=4s maxout=4s
 329.103  t=326s RTT mean=19411 min=18010 max=20804 n=44 to=0 | cancels=0(+0/s) seqbad=0 len_bad=0 disc=0(0x00) | tot_n=15642 tot_to=0 maxever=34419 >2ms=15642 >5ms=15642 >15ms=11451 >20ms=676 >30ms=4 | probes=15643 wrfail=0 down=4s maxout=4s
 329.161  t=327s RTT mean=19890 min=18012 max=33018 n=44 to=0 | cancels=0(+0/s) seqbad=0 len_bad=0 disc=0(0x00) | tot_n=15686 tot_to=0 maxever=34419 >2ms=15686 >5ms=15686 >15ms=11495 >20ms=682 >30ms=5 | probes=15687 wrfail=0 down=4s maxout=4s
 331.111  t=328s RTT mean=19742 min=19408 max=26462 n=44 to=0 | cancels=0(+0/s) seqbad=0 len_bad=0 disc=0(0x00) | tot_n=15730 tot_to=0 maxever=34419 >2ms=15730 >5ms=15730 >15ms=11539 >20ms=686 >30ms=5 | probes=15731 wrfail=0 down=4s maxout=4s
 331.170  t=329s RTT mean=19622 min=18012 max=26462 n=44 to=0 | cancels=0(+0/s) seqbad=0 len_bad=0 disc=0(0x00) | tot_n=15774 tot_to=0 maxever=34419 >2ms=15774 >5ms=15774 >15ms=11583 >20ms=689 >30ms=5 | probes=15775 wrfail=0 down=4s maxout=4s
 333.099  t=330s RTT mean=19411 min=18012 max=20805 n=44 to=0 | cancels=0(+0/s) seqbad=0 len_bad=0 disc=0(0x00) | tot_n=15818 tot_to=0 maxever=34419 >2ms=15818 >5ms=15818 >15ms=11627 >20ms=692 >30ms=5 | probes=15819 wrfail=0 down=4s maxout=4s
 333.159  t=331s RTT mean=19581 min=18013 max=25067 n=44 to=0 | cancels=0(+0/s) seqbad=0 len_bad=0 disc=0(0x00) | tot_n=15862 tot_to=0 maxever=34419 >2ms=15862 >5ms=15862 >15ms=11671 >20ms=695 >30ms=5 | probes=15863 wrfail=0 down=4s maxout=4s
 335.145  t=332s RTT mean=19411 min=18013 max=20804 n=45 to=0 | cancels=0(+0/s) seqbad=0 len_bad=0 disc=0(0x00) | tot_n=15907 tot_to=0 maxever=34419 >2ms=15907 >5ms=15907 >15ms=11716 >20ms=696 >30ms=5 | probes=15908 wrfail=0 down=4s maxout=4s
 335.145  t=333s RTT mean=19539 min=18012 max=25070 n=44 to=0 | cancels=0(+0/s) seqbad=0 len_bad=0 disc=0(0x00) | tot_n=15951 tot_to=0 maxever=34419 >2ms=15951 >5ms=15951 >15ms=11760 >20ms=698 >30ms=5 | probes=15952 wrfail=0 down=4s maxout=4s
 337.120  t=334s RTT mean=19752 min=19408 max=26911 n=44 to=0 | cancels=0(+0/s) seqbad=0 len_bad=0 disc=0(0x00) | tot_n=15995 tot_to=0 maxever=34419 >2ms=15995 >5ms=15995 >15ms=11804 >20ms=700 >30ms=5 | probes=15996 wrfail=0 down=4s maxout=4s
 337.120  t=335s RTT mean=19623 min=18013 max=25518 n=44 to=0 | cancels=0(+0/s) seqbad=0 len_bad=0 disc=0(0x00) | tot_n=16039 tot_to=0 maxever=34419 >2ms=16039 >5ms=16039 >15ms=11848 >20ms=705 >30ms=5 | probes=16040 wrfail=0 down=4s maxout=4s
 339.110  t=336s RTT mean=19581 min=18013 max=25518 n=44 to=0 | cancels=0(+0/s) seqbad=0 len_bad=0 disc=0(0x00) | tot_n=16083 tot_to=0 maxever=34419 >2ms=16083 >5ms=16083 >15ms=11892 >20ms=710 >30ms=5 | probes=16084 wrfail=0 down=4s maxout=4s
 339.170  t=337s RTT mean=19410 min=17956 max=20861 n=44 to=0 | cancels=0(+0/s) seqbad=0 len_bad=0 disc=0(0x00) | tot_n=16127 tot_to=0 maxever=34419 >2ms=16127 >5ms=16127 >15ms=11936 >20ms=717 >30ms=5 | probes=16128 wrfail=0 down=4s maxout=4s
 341.145  t=338s RTT mean=19577 min=18013 max=25518 n=45 to=0 | cancels=0(+0/s) seqbad=0 len_bad=0 disc=0(0x00) | tot_n=16172 tot_to=0 maxever=34419 >2ms=16172 >5ms=16172 >15ms=11981 >20ms=721 >30ms=5 | probes=16172 wrfail=0 down=4s maxout=4s
 341.145  t=339s RTT mean=19411 min=18013 max=20804 n=44 to=0 | cancels=0(+0/s) seqbad=0 len_bad=0 disc=0(0x00) | tot_n=16216 tot_to=0 maxever=34419 >2ms=16216 >5ms=16216 >15ms=12025 >20ms=723 >30ms=5 | probes=16217 wrfail=0 down=4s maxout=4s
 343.128  t=340s RTT mean=19581 min=18011 max=25519 n=44 to=0 | cancels=0(+0/s) seqbad=0 len_bad=0 disc=0(0x00) | tot_n=16260 tot_to=0 maxever=34419 >2ms=16260 >5ms=16260 >15ms=12069 >20ms=727 >30ms=5 | probes=16261 wrfail=0 down=4s maxout=4s
 343.128  t=341s RTT mean=19410 min=18012 max=20804 n=45 to=0 | cancels=0(+0/s) seqbad=0 len_bad=0 disc=0(0x00) | tot_n=16305 tot_to=0 maxever=34419 >2ms=16305 >5ms=16305 >15ms=12114 >20ms=732 >30ms=5 | probes=16305 wrfail=0 down=4s maxout=4s
 345.141  t=342s RTT mean=19581 min=18012 max=26911 n=44 to=0 | cancels=0(+0/s) seqbad=0 len_bad=0 disc=0(0x00) | tot_n=16349 tot_to=0 maxever=34419 >2ms=16349 >5ms=16349 >15ms=12158 >20ms=738 >30ms=5 | probes=16350 wrfail=0 down=4s maxout=4s
 345.141  t=343s RTT mean=19581 min=18014 max=25527 n=44 to=0 | cancels=0(+0/s) seqbad=0 len_bad=0 disc=0(0x00) | tot_n=16393 tot_to=0 maxever=34419 >2ms=16393 >5ms=16393 >15ms=12202 >20ms=741 >30ms=5 | probes=16394 wrfail=0 down=4s maxout=4s
 347.102  t=344s RTT mean=19410 min=18012 max=20814 n=44 to=0 | cancels=0(+0/s) seqbad=0 len_bad=0 disc=0(0x00) | tot_n=16437 tot_to=0 maxever=34419 >2ms=16437 >5ms=16437 >15ms=12246 >20ms=746 >30ms=5 | probes=16438 wrfail=0 down=4s maxout=4s
 347.160  t=345s RTT mean=19441 min=18013 max=20804 n=45 to=0 | cancels=0(+0/s) seqbad=0 len_bad=0 disc=0(0x00) | tot_n=16482 tot_to=0 maxever=34419 >2ms=16482 >5ms=16482 >15ms=12291 >20ms=752 >30ms=5 | probes=16482 wrfail=0 down=4s maxout=4s
 349.135  t=346s RTT mean=19517 min=17967 max=25067 n=44 to=0 | cancels=0(+0/s) seqbad=0 len_bad=0 disc=0(0x00) | tot_n=16526 tot_to=0 maxever=34419 >2ms=16526 >5ms=16526 >15ms=12335 >20ms=753 >30ms=5 | probes=16527 wrfail=0 down=4s maxout=4s
 349.135  t=347s RTT mean=19442 min=18013 max=20804 n=44 to=0 | cancels=0(+0/s) seqbad=0 len_bad=0 disc=0(0x00) | tot_n=16570 tot_to=0 maxever=34419 >2ms=16570 >5ms=16570 >15ms=12379 >20ms=757 >30ms=5 | probes=16571 wrfail=0 down=4s maxout=4s
 351.150  t=348s RTT mean=19411 min=18013 max=20814 n=45 to=0 | cancels=0(+0/s) seqbad=0 len_bad=0 disc=0(0x00) | tot_n=16615 tot_to=0 maxever=34419 >2ms=16615 >5ms=16615 >15ms=12424 >20ms=760 >30ms=5 | probes=16616 wrfail=0 down=4s maxout=4s
 351.150  t=349s RTT mean=19612 min=18021 max=25069 n=44 to=0 | cancels=0(+0/s) seqbad=0 len_bad=0 disc=0(0x00) | tot_n=16659 tot_to=0 maxever=34419 >2ms=16659 >5ms=16659 >15ms=12468 >20ms=764 >30ms=5 | probes=16660 wrfail=0 down=4s maxout=4s
 353.154  t=350s RTT mean=19507 min=18012 max=25068 n=44 to=0 | cancels=0(+0/s) seqbad=0 len_bad=0 disc=0(0x00) | tot_n=16703 tot_to=0 maxever=34419 >2ms=16703 >5ms=16703 >15ms=12512 >20ms=769 >30ms=5 | probes=16704 wrfail=0 down=4s maxout=4s
 353.154  t=351s RTT mean=19452 min=18013 max=22193 n=44 to=0 | cancels=0(+0/s) seqbad=0 len_bad=0 disc=0(0x00) | tot_n=16747 tot_to=0 maxever=34419 >2ms=16747 >5ms=16747 >15ms=12556 >20ms=773 >30ms=5 | probes=16748 wrfail=0 down=4s maxout=4s
 355.130  t=352s RTT mean=19410 min=18012 max=20807 n=45 to=0 | cancels=0(+0/s) seqbad=0 len_bad=0 disc=0(0x00) | tot_n=16792 tot_to=0 maxever=34419 >2ms=16792 >5ms=16792 >15ms=12601 >20ms=778 >30ms=5 | probes=16793 wrfail=0 down=4s maxout=4s
 355.130  t=353s RTT mean=19410 min=18012 max=20805 n=44 to=0 | cancels=0(+0/s) seqbad=0 len_bad=0 disc=0(0x00) | tot_n=16836 tot_to=0 maxever=34419 >2ms=16836 >5ms=16836 >15ms=12645 >20ms=782 >30ms=5 | probes=16837 wrfail=0 down=4s maxout=4s
 357.124  t=354s RTT mean=19411 min=18016 max=20801 n=45 to=0 | cancels=0(+0/s) seqbad=0 len_bad=0 disc=0(0x00) | tot_n=16881 tot_to=0 maxever=34419 >2ms=16881 >5ms=16881 >15ms=12690 >20ms=783 >30ms=5 | probes=16882 wrfail=0 down=4s maxout=4s
 357.124  t=355s RTT mean=19410 min=18018 max=20800 n=44 to=0 | cancels=0(+0/s) seqbad=0 len_bad=0 disc=0(0x00) | tot_n=16925 tot_to=0 maxever=34419 >2ms=16925 >5ms=16925 >15ms=12734 >20ms=784 >30ms=5 | probes=16926 wrfail=0 down=4s maxout=4s
 359.122  t=356s RTT mean=19582 min=19408 max=26911 n=44 to=0 | cancels=0(+0/s) seqbad=0 len_bad=0 disc=0(0x00) | tot_n=16969 tot_to=0 maxever=34419 >2ms=16969 >5ms=16969 >15ms=12778 >20ms=785 >30ms=5 | probes=16970 wrfail=0 down=4s maxout=4s
 359.182  t=357s RTT mean=19410 min=18013 max=22198 n=45 to=0 | cancels=0(+0/s) seqbad=0 len_bad=0 disc=0(0x00) | tot_n=17014 tot_to=0 maxever=34419 >2ms=17014 >5ms=17014 >15ms=12823 >20ms=787 >30ms=5 | probes=17015 wrfail=0 down=4s maxout=4s
 361.116  t=358s RTT mean=19902 min=18017 max=26911 n=43 to=0 | cancels=0(+0/s) seqbad=0 len_bad=0 disc=0(0x00) | tot_n=17057 tot_to=0 maxever=34419 >2ms=17057 >5ms=17057 >15ms=12866 >20ms=792 >30ms=5 | probes=17058 wrfail=0 down=4s maxout=4s
 361.177  t=359s RTT mean=19922 min=18013 max=26460 n=44 to=0 | cancels=0(+0/s) seqbad=0 len_bad=0 disc=0(0x00) | tot_n=17101 tot_to=0 maxever=34419 >2ms=17101 >5ms=17101 >15ms=12910 >20ms=797 >30ms=5 | probes=17102 wrfail=0 down=4s maxout=4s
 363.137  t=360s RTT mean=19783 min=19408 max=27359 n=44 to=0 | cancels=0(+0/s) seqbad=0 len_bad=0 disc=0(0x00) | tot_n=17145 tot_to=0 maxever=34419 >2ms=17145 >5ms=17145 >15ms=12954 >20ms=800 >30ms=5 | probes=17145 wrfail=0 down=4s maxout=4s
 363.137  t=361s RTT mean=19727 min=18010 max=25518 n=43 to=0 | cancels=0(+0/s) seqbad=0 len_bad=0 disc=0(0x00) | tot_n=17188 tot_to=0 maxever=34419 >2ms=17188 >5ms=17188 >15ms=12997 >20ms=804 >30ms=5 | probes=17189 wrfail=0 down=4s maxout=4s
 365.121  t=362s RTT mean=19411 min=19408 max=19432 n=45 to=0 | cancels=0(+0/s) seqbad=0 len_bad=0 disc=0(0x00) | tot_n=17233 tot_to=0 maxever=34419 >2ms=17233 >5ms=17233 >15ms=13042 >20ms=804 >30ms=5 | probes=17234 wrfail=0 down=4s maxout=4s
 365.181  t=363s RTT mean=19442 min=18013 max=23591 n=44 to=0 | cancels=0(+0/s) seqbad=0 len_bad=0 disc=0(0x00) | tot_n=17277 tot_to=0 maxever=34419 >2ms=17277 >5ms=17277 >15ms=13086 >20ms=806 >30ms=5 | probes=17278 wrfail=0 down=4s maxout=4s
 367.154  t=364s RTT mean=19581 min=18012 max=25067 n=44 to=0 | cancels=0(+0/s) seqbad=0 len_bad=0 disc=0(0x00) | tot_n=17321 tot_to=0 maxever=34419 >2ms=17321 >5ms=17321 >15ms=13130 >20ms=809 >30ms=5 | probes=17322 wrfail=0 down=4s maxout=4s
 367.154  PCTL target=180 tot=2652 to=0 p50=19 p90=19 p99=25 p99.9=26 max=34 g30=2 g100=0 (ms/counts)
 367.154  LOADRAMP: target=190 KBps for 60s
 367.154  t=365s RTT mean=19441 min=18019 max=20798 n=45 to=0 | cancels=0(+0/s) seqbad=0 len_bad=0 disc=0(0x00) | tot_n=17366 tot_to=0 maxever=34419 >2ms=17366 >5ms=17366 >15ms=13175 >20ms=811 >30ms=5 | probes=17367 wrfail=0 down=4s maxout=4s
 369.135  t=366s RTT mean=19869 min=18017 max=26911 n=43 to=0 | cancels=0(+0/s) seqbad=0 len_bad=0 disc=0(0x00) | tot_n=17409 tot_to=0 maxever=34419 >2ms=17409 >5ms=17409 >15ms=13218 >20ms=815 >30ms=5 | probes=17410 wrfail=0 down=4s maxout=4s
 369.135  t=367s RTT mean=19441 min=18017 max=20804 n=45 to=0 | cancels=0(+0/s) seqbad=0 len_bad=0 disc=0(0x00) | tot_n=17454 tot_to=0 maxever=34419 >2ms=17454 >5ms=17454 >15ms=13263 >20ms=817 >30ms=5 | probes=17455 wrfail=0 down=4s maxout=4s
 371.157  t=368s RTT mean=19613 min=18013 max=28304 n=44 to=0 | cancels=0(+0/s) seqbad=0 len_bad=0 disc=0(0x00) | tot_n=17498 tot_to=0 maxever=34419 >2ms=17498 >5ms=17498 >15ms=13307 >20ms=820 >30ms=5 | probes=17499 wrfail=0 down=4s maxout=4s
 371.157  t=369s RTT mean=19378 min=18013 max=20804 n=44 to=0 | cancels=0(+0/s) seqbad=0 len_bad=0 disc=0(0x00) | tot_n=17542 tot_to=0 maxever=34419 >2ms=17542 >5ms=17542 >15ms=13351 >20ms=825 >30ms=5 | probes=17543 wrfail=0 down=4s maxout=4s
 373.120  t=370s RTT mean=19550 min=18013 max=25518 n=44 to=0 | cancels=0(+0/s) seqbad=0 len_bad=0 disc=0(0x00) | tot_n=17586 tot_to=0 maxever=34419 >2ms=17586 >5ms=17586 >15ms=13395 >20ms=828 >30ms=5 | probes=17587 wrfail=0 down=4s maxout=4s
 373.180  t=371s RTT mean=19441 min=18016 max=20804 n=45 to=0 | cancels=0(+0/s) seqbad=0 len_bad=0 disc=0(0x00) | tot_n=17631 tot_to=0 maxever=34419 >2ms=17631 >5ms=17631 >15ms=13440 >20ms=830 >30ms=5 | probes=17632 wrfail=0 down=4s maxout=4s
 375.118  t=372s RTT mean=19581 min=18013 max=25069 n=44 to=0 | cancels=0(+0/s) seqbad=0 len_bad=0 disc=0(0x00) | tot_n=17675 tot_to=0 maxever=34419 >2ms=17675 >5ms=17675 >15ms=13484 >20ms=834 >30ms=5 | probes=17676 wrfail=0 down=4s maxout=4s
 375.175  t=373s RTT mean=19410 min=18011 max=22198 n=44 to=0 | cancels=0(+0/s) seqbad=0 len_bad=0 disc=0(0x00) | tot_n=17719 tot_to=0 maxever=34419 >2ms=17719 >5ms=17719 >15ms=13528 >20ms=837 >30ms=5 | probes=17720 wrfail=0 down=4s maxout=4s
 377.154  t=374s RTT mean=19411 min=18011 max=20804 n=45 to=0 | cancels=0(+0/s) seqbad=0 len_bad=0 disc=0(0x00) | tot_n=17764 tot_to=0 maxever=34419 >2ms=17764 >5ms=17764 >15ms=13573 >20ms=839 >30ms=5 | probes=17765 wrfail=0 down=4s maxout=4s
 377.154  t=375s RTT mean=19410 min=18016 max=22194 n=44 to=0 | cancels=0(+0/s) seqbad=0 len_bad=0 disc=0(0x00) | tot_n=17808 tot_to=0 maxever=34419 >2ms=17808 >5ms=17808 >15ms=13617 >20ms=840 >30ms=5 | probes=17809 wrfail=0 down=4s maxout=4s
 379.110  t=376s RTT mean=19411 min=17954 max=20861 n=45 to=0 | cancels=0(+0/s) seqbad=0 len_bad=0 disc=0(0x00) | tot_n=17853 tot_to=0 maxever=34419 >2ms=17853 >5ms=17853 >15ms=13662 >20ms=843 >30ms=5 | probes=17854 wrfail=0 down=4s maxout=4s
 379.170  t=377s RTT mean=19581 min=18014 max=26911 n=44 to=0 | cancels=0(+0/s) seqbad=0 len_bad=0 disc=0(0x00) | tot_n=17897 tot_to=0 maxever=34419 >2ms=17897 >5ms=17897 >15ms=13706 >20ms=845 >30ms=5 | probes=17898 wrfail=0 down=4s maxout=4s
 381.134  t=378s RTT mean=19550 min=18013 max=25518 n=44 to=0 | cancels=0(+0/s) seqbad=0 len_bad=0 disc=0(0x00) | tot_n=17941 tot_to=0 maxever=34419 >2ms=17941 >5ms=17941 >15ms=13750 >20ms=849 >30ms=5 | probes=17942 wrfail=0 down=4s maxout=4s
 381.134  t=379s RTT mean=19442 min=18013 max=20804 n=44 to=0 | cancels=0(+0/s) seqbad=0 len_bad=0 disc=0(0x00) | tot_n=17985 tot_to=0 maxever=34419 >2ms=17985 >5ms=17985 >15ms=13794 >20ms=851 >30ms=5 | probes=17986 wrfail=0 down=4s maxout=4s
 383.131  t=380s RTT mean=19410 min=18012 max=20814 n=45 to=0 | cancels=0(+0/s) seqbad=0 len_bad=0 disc=0(0x00) | tot_n=18030 tot_to=0 maxever=34419 >2ms=18030 >5ms=18030 >15ms=13839 >20ms=856 >30ms=5 | probes=18031 wrfail=0 down=4s maxout=4s
 383.131  t=381s RTT mean=19410 min=18013 max=20813 n=44 to=0 | cancels=0(+0/s) seqbad=0 len_bad=0 disc=0(0x00) | tot_n=18074 tot_to=0 maxever=34419 >2ms=18074 >5ms=18074 >15ms=13883 >20ms=860 >30ms=5 | probes=18075 wrfail=0 down=4s maxout=4s
 385.161  t=382s RTT mean=19411 min=18013 max=20804 n=45 to=0 | cancels=0(+0/s) seqbad=0 len_bad=0 disc=0(0x00) | tot_n=18119 tot_to=0 maxever=34419 >2ms=18119 >5ms=18119 >15ms=13928 >20ms=862 >30ms=5 | probes=18120 wrfail=0 down=4s maxout=4s
 385.161  t=383s RTT mean=19581 min=19408 max=26911 n=44 to=0 | cancels=0(+0/s) seqbad=0 len_bad=0 disc=0(0x00) | tot_n=18163 tot_to=0 maxever=34419 >2ms=18163 >5ms=18163 >15ms=13972 >20ms=863 >30ms=5 | probes=18164 wrfail=0 down=4s maxout=4s
 387.109  t=384s RTT mean=19411 min=18011 max=20804 n=44 to=0 | cancels=0(+0/s) seqbad=0 len_bad=0 disc=0(0x00) | tot_n=18207 tot_to=0 maxever=34419 >2ms=18207 >5ms=18207 >15ms=14016 >20ms=865 >30ms=5 | probes=18208 wrfail=0 down=4s maxout=4s
 387.169  t=385s RTT mean=19410 min=18012 max=20804 n=45 to=0 | cancels=0(+0/s) seqbad=0 len_bad=0 disc=0(0x00) | tot_n=18252 tot_to=0 maxever=34419 >2ms=18252 >5ms=18252 >15ms=14061 >20ms=868 >30ms=5 | probes=18253 wrfail=0 down=4s maxout=4s
 389.162  t=386s RTT mean=19581 min=18013 max=26911 n=44 to=0 | cancels=0(+0/s) seqbad=0 len_bad=0 disc=0(0x00) | tot_n=18296 tot_to=0 maxever=34419 >2ms=18296 >5ms=18296 >15ms=14105 >20ms=870 >30ms=5 | probes=18297 wrfail=0 down=4s maxout=4s
 389.162  t=387s RTT mean=19410 min=18012 max=20804 n=44 to=0 | cancels=0(+0/s) seqbad=0 len_bad=0 disc=0(0x00) | tot_n=18340 tot_to=0 maxever=34419 >2ms=18340 >5ms=18340 >15ms=14149 >20ms=872 >30ms=5 | probes=18341 wrfail=0 down=4s maxout=4s
 391.166  t=388s RTT mean=19411 min=18013 max=20803 n=45 to=0 | cancels=0(+0/s) seqbad=0 len_bad=0 disc=0(0x00) | tot_n=18385 tot_to=0 maxever=34419 >2ms=18385 >5ms=18385 >15ms=14194 >20ms=873 >30ms=5 | probes=18386 wrfail=0 down=4s maxout=4s
 391.167  t=389s RTT mean=19473 min=18013 max=22198 n=44 to=0 | cancels=0(+0/s) seqbad=0 len_bad=0 disc=0(0x00) | tot_n=18429 tot_to=0 maxever=34419 >2ms=18429 >5ms=18429 >15ms=14238 >20ms=878 >30ms=5 | probes=18430 wrfail=0 down=4s maxout=4s
 393.137  t=390s RTT mean=19518 min=18013 max=25067 n=44 to=0 | cancels=0(+0/s) seqbad=0 len_bad=0 disc=0(0x00) | tot_n=18473 tot_to=0 maxever=34419 >2ms=18473 >5ms=18473 >15ms=14282 >20ms=882 >30ms=5 | probes=18474 wrfail=0 down=4s maxout=4s
 393.138  t=391s RTT mean=19536 min=19408 max=25070 n=45 to=0 | cancels=0(+0/s) seqbad=0 len_bad=0 disc=0(0x00) | tot_n=18518 tot_to=0 maxever=34419 >2ms=18518 >5ms=18518 >15ms=14327 >20ms=883 >30ms=5 | probes=18519 wrfail=0 down=4s maxout=4s
 395.155  t=392s RTT mean=19421 min=19407 max=19862 n=44 to=0 | cancels=0(+0/s) seqbad=0 len_bad=0 disc=0(0x00) | tot_n=18562 tot_to=0 maxever=34419 >2ms=18562 >5ms=18562 >15ms=14371 >20ms=883 >30ms=5 | probes=18563 wrfail=0 down=4s maxout=4s
 395.155  t=393s RTT mean=19442 min=18013 max=20804 n=44 to=0 | cancels=0(+0/s) seqbad=0 len_bad=0 disc=0(0x00) | tot_n=18606 tot_to=0 maxever=34419 >2ms=18606 >5ms=18606 >15ms=14415 >20ms=887 >30ms=5 | probes=18607 wrfail=0 down=4s maxout=4s
 397.128  t=394s RTT mean=19410 min=18013 max=20815 n=45 to=0 | cancels=0(+0/s) seqbad=0 len_bad=0 disc=0(0x00) | tot_n=18651 tot_to=0 maxever=34419 >2ms=18651 >5ms=18651 >15ms=14460 >20ms=891 >30ms=5 | probes=18652 wrfail=0 down=4s maxout=4s
 397.187  t=395s RTT mean=19410 min=18012 max=20805 n=44 to=0 | cancels=0(+0/s) seqbad=0 len_bad=0 disc=0(0x00) | tot_n=18695 tot_to=0 maxever=34419 >2ms=18695 >5ms=18695 >15ms=14504 >20ms=896 >30ms=5 | probes=18696 wrfail=0 down=4s maxout=4s
 399.133  t=396s RTT mean=19537 min=19408 max=25068 n=45 to=0 | cancels=0(+0/s) seqbad=0 len_bad=0 disc=0(0x00) | tot_n=18740 tot_to=0 maxever=34419 >2ms=18740 >5ms=18740 >15ms=14549 >20ms=897 >30ms=5 | probes=18740 wrfail=0 down=4s maxout=4s
 399.133  t=397s RTT mean=19453 min=18013 max=20804 n=44 to=0 | cancels=0(+0/s) seqbad=0 len_bad=0 disc=0(0x00) | tot_n=18784 tot_to=0 maxever=34419 >2ms=18784 >5ms=18784 >15ms=14593 >20ms=899 >30ms=5 | probes=18785 wrfail=0 down=4s maxout=4s
 401.118  t=398s RTT mean=19443 min=18012 max=20804 n=44 to=0 | cancels=0(+0/s) seqbad=0 len_bad=0 disc=0(0x00) | tot_n=18828 tot_to=0 maxever=34419 >2ms=18828 >5ms=18828 >15ms=14637 >20ms=901 >30ms=5 | probes=18829 wrfail=0 down=4s maxout=4s
 401.170  t=399s RTT mean=19379 min=18012 max=20803 n=45 to=0 | cancels=0(+0/s) seqbad=0 len_bad=0 disc=0(0x00) | tot_n=18873 tot_to=0 maxever=34419 >2ms=18873 >5ms=18873 >15ms=14682 >20ms=902 >30ms=5 | probes=18874 wrfail=0 down=4s maxout=4s
 403.133  t=400s RTT mean=19411 min=19406 max=19431 n=44 to=0 | cancels=0(+0/s) seqbad=0 len_bad=0 disc=0(0x00) | tot_n=18917 tot_to=0 maxever=34419 >2ms=18917 >5ms=18917 >15ms=14726 >20ms=902 >30ms=5 | probes=18918 wrfail=0 down=4s maxout=4s
 403.133  t=401s RTT mean=19410 min=18017 max=22195 n=45 to=0 | cancels=0(+0/s) seqbad=0 len_bad=0 disc=0(0x00) | tot_n=18962 tot_to=0 maxever=34419 >2ms=18962 >5ms=18962 >15ms=14771 >20ms=903 >30ms=5 | probes=18963 wrfail=0 down=4s maxout=4s
 405.133  t=402s RTT mean=19902 min=18012 max=25518 n=43 to=0 | cancels=0(+0/s) seqbad=0 len_bad=0 disc=0(0x00) | tot_n=19005 tot_to=0 maxever=34419 >2ms=19005 >5ms=19005 >15ms=14814 >20ms=909 >30ms=5 | probes=19006 wrfail=0 down=4s maxout=4s
 405.193  t=403s RTT mean=19442 min=18013 max=23591 n=44 to=0 | cancels=0(+0/s) seqbad=0 len_bad=0 disc=0(0x00) | tot_n=19049 tot_to=0 maxever=34419 >2ms=19049 >5ms=19049 >15ms=14858 >20ms=910 >30ms=5 | probes=19050 wrfail=0 down=4s maxout=4s
 407.142  t=404s RTT mean=19922 min=18012 max=26905 n=44 to=0 | cancels=0(+0/s) seqbad=0 len_bad=0 disc=0(0x00) | tot_n=19093 tot_to=0 maxever=34419 >2ms=19093 >5ms=19093 >15ms=14902 >20ms=916 >30ms=5 | probes=19094 wrfail=0 down=4s maxout=4s
 407.142  t=405s RTT mean=19880 min=18013 max=26911 n=44 to=0 | cancels=0(+0/s) seqbad=0 len_bad=0 disc=0(0x00) | tot_n=19137 tot_to=0 maxever=34419 >2ms=19137 >5ms=19137 >15ms=14946 >20ms=920 >30ms=5 | probes=19138 wrfail=0 down=4s maxout=4s
 409.112  t=406s RTT mean=19453 min=19408 max=21273 n=44 to=0 | cancels=0(+0/s) seqbad=0 len_bad=0 disc=0(0x00) | tot_n=19181 tot_to=0 maxever=34419 >2ms=19181 >5ms=19181 >15ms=14990 >20ms=921 >30ms=5 | probes=19182 wrfail=0 down=4s maxout=4s
 409.166  t=407s RTT mean=19411 min=19408 max=19420 n=44 to=0 | cancels=0(+0/s) seqbad=0 len_bad=0 disc=0(0x00) | tot_n=19225 tot_to=0 maxever=34419 >2ms=19225 >5ms=19225 >15ms=15034 >20ms=921 >30ms=5 | probes=19226 wrfail=0 down=4s maxout=4s
 411.169  t=408s RTT mean=19411 min=18013 max=22198 n=45 to=0 | cancels=0(+0/s) seqbad=0 len_bad=0 disc=0(0x00) | tot_n=19270 tot_to=0 maxever=34419 >2ms=19270 >5ms=19270 >15ms=15079 >20ms=922 >30ms=5 | probes=19271 wrfail=0 down=4s maxout=4s
 411.169  t=409s RTT mean=19474 min=19409 max=22195 n=44 to=0 | cancels=0(+0/s) seqbad=0 len_bad=0 disc=0(0x00) | tot_n=19314 tot_to=0 maxever=34419 >2ms=19314 >5ms=19314 >15ms=15123 >20ms=923 >30ms=5 | probes=19315 wrfail=0 down=4s maxout=4s
 413.159  t=410s RTT mean=19410 min=18013 max=22198 n=45 to=0 | cancels=0(+0/s) seqbad=0 len_bad=0 disc=0(0x00) | tot_n=19359 tot_to=0 maxever=34419 >2ms=19359 >5ms=19359 >15ms=15168 >20ms=928 >30ms=5 | probes=19360 wrfail=0 down=4s maxout=4s
 413.159  t=411s RTT mean=19486 min=18013 max=25068 n=44 to=0 | cancels=0(+0/s) seqbad=0 len_bad=0 disc=0(0x00) | tot_n=19403 tot_to=0 maxever=34419 >2ms=19403 >5ms=19403 >15ms=15212 >20ms=931 >30ms=5 | probes=19404 wrfail=0 down=4s maxout=4s
 415.169  t=412s RTT mean=19443 min=19408 max=20804 n=44 to=0 | cancels=0(+0/s) seqbad=0 len_bad=0 disc=0(0x00) | tot_n=19447 tot_to=0 maxever=34419 >2ms=19447 >5ms=19447 >15ms=15256 >20ms=932 >30ms=5 | probes=19448 wrfail=0 down=4s maxout=4s
 415.169  t=413s RTT mean=19410 min=18011 max=20804 n=45 to=0 | cancels=0(+0/s) seqbad=0 len_bad=0 disc=0(0x00) | tot_n=19492 tot_to=0 maxever=34419 >2ms=19492 >5ms=19492 >15ms=15301 >20ms=933 >30ms=5 | probes=19493 wrfail=0 down=4s maxout=4s
 417.119  t=414s RTT mean=19752 min=18013 max=26910 n=44 to=0 | cancels=0(+0/s) seqbad=0 len_bad=0 disc=0(0x00) | tot_n=19536 tot_to=0 maxever=34419 >2ms=19536 >5ms=19536 >15ms=15345 >20ms=937 >30ms=5 | probes=19536 wrfail=0 down=4s maxout=4s
 417.179  t=415s RTT mean=19411 min=18013 max=20804 n=44 to=0 | cancels=0(+0/s) seqbad=0 len_bad=0 disc=0(0x00) | tot_n=19580 tot_to=0 maxever=34419 >2ms=19580 >5ms=19580 >15ms=15389 >20ms=939 >30ms=5 | probes=19581 wrfail=0 down=4s maxout=4s
 419.147  t=416s RTT mean=19411 min=19407 max=19430 n=45 to=0 | cancels=0(+0/s) seqbad=0 len_bad=0 disc=0(0x00) | tot_n=19625 tot_to=0 maxever=34419 >2ms=19625 >5ms=19625 >15ms=15434 >20ms=939 >30ms=5 | probes=19625 wrfail=0 down=4s maxout=4s
 419.147  t=417s RTT mean=19410 min=18013 max=20802 n=44 to=0 | cancels=0(+0/s) seqbad=0 len_bad=0 disc=0(0x00) | tot_n=19669 tot_to=0 maxever=34419 >2ms=19669 >5ms=19669 >15ms=15478 >20ms=941 >30ms=5 | probes=19670 wrfail=0 down=4s maxout=4s
 421.165  t=418s RTT mean=19550 min=18012 max=25069 n=44 to=0 | cancels=0(+0/s) seqbad=0 len_bad=0 disc=0(0x00) | tot_n=19713 tot_to=0 maxever=34419 >2ms=19713 >5ms=19713 >15ms=15522 >20ms=943 >30ms=5 | probes=19714 wrfail=0 down=4s maxout=4s
 421.165  t=419s RTT mean=19441 min=18010 max=20801 n=45 to=0 | cancels=0(+0/s) seqbad=0 len_bad=0 disc=0(0x00) | tot_n=19758 tot_to=0 maxever=34419 >2ms=19758 >5ms=19758 >15ms=15567 >20ms=945 >30ms=5 | probes=19758 wrfail=0 down=4s maxout=4s
 423.131  t=420s RTT mean=19411 min=18013 max=20804 n=44 to=0 | cancels=0(+0/s) seqbad=0 len_bad=0 disc=0(0x00) | tot_n=19802 tot_to=0 maxever=34419 >2ms=19802 >5ms=19802 >15ms=15611 >20ms=947 >30ms=5 | probes=19803 wrfail=0 down=4s maxout=4s
 423.184  t=421s RTT mean=19442 min=18013 max=20804 n=44 to=0 | cancels=0(+0/s) seqbad=0 len_bad=0 disc=0(0x00) | tot_n=19846 tot_to=0 maxever=34419 >2ms=19846 >5ms=19846 >15ms=15655 >20ms=949 >30ms=5 | probes=19847 wrfail=0 down=4s maxout=4s
 425.157  t=422s RTT mean=19546 min=18010 max=26911 n=45 to=0 | cancels=0(+0/s) seqbad=0 len_bad=0 disc=0(0x00) | tot_n=19891 tot_to=0 maxever=34419 >2ms=19891 >5ms=19891 >15ms=15700 >20ms=953 >30ms=5 | probes=19891 wrfail=0 down=4s maxout=4s
 425.157  t=423s RTT mean=19581 min=19406 max=23671 n=44 to=0 | cancels=0(+0/s) seqbad=0 len_bad=0 disc=0(0x00) | tot_n=19935 tot_to=0 maxever=34419 >2ms=19935 >5ms=19935 >15ms=15744 >20ms=956 >30ms=5 | probes=19936 wrfail=0 down=4s maxout=4s
 427.119  t=424s RTT mean=19410 min=18013 max=20804 n=44 to=0 | cancels=0(+0/s) seqbad=0 len_bad=0 disc=0(0x00) | tot_n=19979 tot_to=0 maxever=34419 >2ms=19979 >5ms=19979 >15ms=15788 >20ms=959 >30ms=5 | probes=19980 wrfail=0 down=4s maxout=4s
 427.120  PCTL target=190 tot=2659 to=0 p50=19 p90=19 p99=23 p99.9=26 max=28 g30=0 g100=0 (ms/counts)
 427.177  LOADRAMP: cycle complete
 427.178  LOADRAMP: target=0 KBps for 60s
 427.178  t=425s RTT mean=17514 min=11912 max=20804 n=49 to=0 | cancels=0(+0/s) seqbad=0 len_bad=0 disc=0(0x00) | tot_n=20028 tot_to=0 maxever=34419 >2ms=20028 >5ms=20028 >15ms=15825 >20ms=962 >30ms=5 | probes=20029 wrfail=0 down=4s maxout=4s
 429.157  t=426s RTT mean=11915 min=11911 max=11934 n=67 to=0 | cancels=0(+0/s) seqbad=0 len_bad=0 disc=0(0x00) | tot_n=20095 tot_to=0 maxever=34419 >2ms=20095 >5ms=20095 >15ms=15825 >20ms=962 >30ms=5 | probes=20095 wrfail=0 down=4s maxout=4s
 429.157  t=427s RTT mean=11915 min=11912 max=11945 n=66 to=0 | cancels=0(+0/s) seqbad=0 len_bad=0 disc=0(0x00) | tot_n=20161 tot_to=0 maxever=34419 >2ms=20161 >5ms=20161 >15ms=15825 >20ms=962 >30ms=5 | probes=20162 wrfail=0 down=4s maxout=4s
 431.129  t=428s RTT mean=11915 min=11908 max=11933 n=67 to=0 | cancels=0(+0/s) seqbad=0 len_bad=0 disc=0(0x00) | tot_n=20228 tot_to=0 maxever=34419 >2ms=20228 >5ms=20228 >15ms=15825 >20ms=962 >30ms=5 | probes=20229 wrfail=0 down=4s maxout=4s
 431.189  t=429s RTT mean=11915 min=11912 max=11923 n=67 to=0 | cancels=0(+0/s) seqbad=0 len_bad=0 disc=0(0x00) | tot_n=20295 tot_to=0 maxever=34419 >2ms=20295 >5ms=20295 >15ms=15825 >20ms=962 >30ms=5 | probes=20295 wrfail=0 down=4s maxout=4s
 433.149  t=430s RTT mean=11915 min=11912 max=11944 n=66 to=0 | cancels=0(+0/s) seqbad=0 len_bad=0 disc=0(0x00) | tot_n=20361 tot_to=0 maxever=34419 >2ms=20361 >5ms=20361 >15ms=15825 >20ms=962 >30ms=5 | probes=20362 wrfail=0 down=4s maxout=4s
 433.150  t=431s RTT mean=11915 min=11911 max=11923 n=67 to=0 | cancels=0(+0/s) seqbad=0 len_bad=0 disc=0(0x00) | tot_n=20428 tot_to=0 maxever=34419 >2ms=20428 >5ms=20428 >15ms=15825 >20ms=962 >30ms=5 | probes=20429 wrfail=0 down=4s maxout=4s
 435.117  t=432s RTT mean=11915 min=11910 max=11925 n=67 to=0 | cancels=0(+0/s) seqbad=0 len_bad=0 disc=0(0x00) | tot_n=20495 tot_to=0 maxever=34419 >2ms=20495 >5ms=20495 >15ms=15825 >20ms=962 >30ms=5 | probes=20495 wrfail=0 down=4s maxout=4s
 435.178  t=433s RTT mean=11915 min=11899 max=11944 n=66 to=0 | cancels=0(+0/s) seqbad=0 len_bad=0 disc=0(0x00) | tot_n=20561 tot_to=0 maxever=34419 >2ms=20561 >5ms=20561 >15ms=15825 >20ms=962 >30ms=5 | probes=20562 wrfail=0 down=4s maxout=4s
 437.122  t=434s RTT mean=11915 min=11911 max=11933 n=67 to=0 | cancels=0(+0/s) seqbad=0 len_bad=0 disc=0(0x00) | tot_n=20628 tot_to=0 maxever=34419 >2ms=20628 >5ms=20628 >15ms=15825 >20ms=962 >30ms=5 | probes=20629 wrfail=0 down=4s maxout=4s
 437.176  t=435s RTT mean=11915 min=11468 max=12361 n=67 to=0 | cancels=0(+0/s) seqbad=0 len_bad=0 disc=0(0x00) | tot_n=20695 tot_to=0 maxever=34419 >2ms=20695 >5ms=20695 >15ms=15825 >20ms=962 >30ms=5 | probes=20695 wrfail=0 down=4s maxout=4s
 439.123  t=436s RTT mean=11915 min=11912 max=11943 n=66 to=0 | cancels=0(+0/s) seqbad=0 len_bad=0 disc=0(0x00) | tot_n=20761 tot_to=0 maxever=34419 >2ms=20761 >5ms=20761 >15ms=15825 >20ms=962 >30ms=5 | probes=20762 wrfail=0 down=4s maxout=4s
 439.178  t=437s RTT mean=11915 min=11911 max=11923 n=67 to=0 | cancels=0(+0/s) seqbad=0 len_bad=0 disc=0(0x00) | tot_n=20828 tot_to=0 maxever=34419 >2ms=20828 >5ms=20828 >15ms=15825 >20ms=962 >30ms=5 | probes=20829 wrfail=0 down=4s maxout=4s
 441.133  t=438s RTT mean=11915 min=11906 max=11925 n=67 to=0 | cancels=0(+0/s) seqbad=0 len_bad=0 disc=0(0x00) | tot_n=20895 tot_to=0 maxever=34419 >2ms=20895 >5ms=20895 >15ms=15825 >20ms=962 >30ms=5 | probes=20895 wrfail=0 down=4s maxout=4s
 441.133  t=439s RTT mean=11915 min=11912 max=11945 n=66 to=0 | cancels=0(+0/s) seqbad=0 len_bad=0 disc=0(0x00) | tot_n=20961 tot_to=0 maxever=34419 >2ms=20961 >5ms=20961 >15ms=15825 >20ms=962 >30ms=5 | probes=20962 wrfail=0 down=4s maxout=4s
 443.117  t=440s RTT mean=12029 min=11911 max=19414 n=66 to=0 | cancels=0(+0/s) seqbad=0 len_bad=0 disc=0(0x00) | tot_n=21027 tot_to=0 maxever=34419 >2ms=21027 >5ms=21027 >15ms=15826 >20ms=962 >30ms=5 | probes=21028 wrfail=0 down=4s maxout=4s
 443.171  t=441s RTT mean=11915 min=11904 max=11930 n=67 to=0 | cancels=0(+0/s) seqbad=0 len_bad=0 disc=0(0x00) | tot_n=21094 tot_to=0 maxever=34419 >2ms=21094 >5ms=21094 >15ms=15826 >20ms=962 >30ms=5 | probes=21095 wrfail=0 down=4s maxout=4s
 445.126  t=442s RTT mean=11915 min=11912 max=11933 n=67 to=0 | cancels=0(+0/s) seqbad=0 len_bad=0 disc=0(0x00) | tot_n=21161 tot_to=0 maxever=34419 >2ms=21161 >5ms=21161 >15ms=15826 >20ms=962 >30ms=5 | probes=21162 wrfail=0 down=4s maxout=4s
 445.182  t=443s RTT mean=11915 min=11912 max=11923 n=67 to=0 | cancels=0(+0/s) seqbad=0 len_bad=0 disc=0(0x00) | tot_n=21228 tot_to=0 maxever=34419 >2ms=21228 >5ms=21228 >15ms=15826 >20ms=962 >30ms=5 | probes=21228 wrfail=0 down=4s maxout=4s
 447.121  t=444s RTT mean=11915 min=11912 max=11945 n=66 to=0 | cancels=0(+0/s) seqbad=0 len_bad=0 disc=0(0x00) | tot_n=21294 tot_to=0 maxever=34419 >2ms=21294 >5ms=21294 >15ms=15826 >20ms=962 >30ms=5 | probes=21295 wrfail=0 down=4s maxout=4s
 447.174  t=445s RTT mean=11915 min=11912 max=11923 n=67 to=0 | cancels=0(+0/s) seqbad=0 len_bad=0 disc=0(0x00) | tot_n=21361 tot_to=0 maxever=34419 >2ms=21361 >5ms=21361 >15ms=15826 >20ms=962 >30ms=5 | probes=21362 wrfail=0 down=4s maxout=4s
 449.126  t=446s RTT mean=11915 min=11906 max=11926 n=67 to=0 | cancels=0(+0/s) seqbad=0 len_bad=0 disc=0(0x00) | tot_n=21428 tot_to=0 maxever=34419 >2ms=21428 >5ms=21428 >15ms=15826 >20ms=962 >30ms=5 | probes=21428 wrfail=0 down=4s maxout=4s
 449.176  t=447s RTT mean=11915 min=11912 max=11945 n=66 to=0 | cancels=0(+0/s) seqbad=0 len_bad=0 disc=0(0x00) | tot_n=21494 tot_to=0 maxever=34419 >2ms=21494 >5ms=21494 >15ms=15826 >20ms=962 >30ms=5 | probes=21495 wrfail=0 down=4s maxout=4s
