   1.950  *** Booting Zephyr OS build v4.4.2-16-gfee9fbc62095 ***
   1.950  [00:19:11.229,800] [0m<inf> bt_hci_core: HW Platform: Nordic Semiconductor (0x0002)[0m
   1.950  [00:19:11.229,813] [0m<inf> bt_hci_core: HW Variant: nRF54Lx (0x0005)[0m
   1.950  [00:19:11.229,824] [0m<inf> bt_hci_core: Firmware: Standard Bluetooth controller (0x00) Version 4.4 Build 2[0m
   1.950  [00:19:11.230,176] [0m<inf> bt_hci_core: HCI transport: Controller[0m
   1.950  [00:19:11.230,223] [0m<inf> bt_hci_core: Identity: FC:BE:FF:FA:E6:8B (random)[0m
   1.950  [00:19:11.230,238] [0m<inf> bt_hci_core: HCI: version 5.4 (0x0d) revision 0x0000, manufacturer 0x05f1[0m
   2.001  [00:19:11.230,253] [0m<inf> bt_hci_core: LMP: version 5.4 (0x0d) subver 0xffff[0m
   2.001  
   2.001  === nRF54L15 RTT ping-pong CENTRAL ===
   2.001  scan rc=0
   3.959  t=1s RTT mean=0 min=0 max=0 n=0 to=0 | cancels=0(+0/s) seqbad=0 len_bad=0 disc=0(0x00) | tot_n=0 tot_to=0 maxever=0 >2ms=0 >5ms=0 >15ms=0 >20ms=0 >30ms=0 | probes=0 wrfail=0 down=1s maxout=1s
   3.959  t=2s RTT mean=0 min=0 max=0 n=0 to=0 | cancels=0(+0/s) seqbad=0 len_bad=0 disc=0(0x00) | tot_n=0 tot_to=0 maxever=0 >2ms=0 >5ms=0 >15ms=0 >20ms=0 >30ms=0 | probes=0 wrfail=0 down=2s maxout=2s
   5.937  t=3s RTT mean=0 min=0 max=0 n=0 to=0 | cancels=0(+0/s) seqbad=0 len_bad=0 disc=0(0x00) | tot_n=0 tot_to=0 maxever=0 >2ms=0 >5ms=0 >15ms=0 >20ms=0 >30ms=0 | probes=0 wrfail=0 down=3s maxout=3s
   5.937  Q2CONN AA=377e8fb6 CRCINIT=bc0f47 hop=13 chan_count=37 map=ffffffff1f
   5.937  GAP connected interval=7500
   5.937  MTU err=0 mtu=247
   5.996  t=4s RTT mean=0 min=0 max=0 n=0 to=0 | cancels=0(+0/s) seqbad=0 len_bad=0 disc=0(0x00) | tot_n=0 tot_to=0 maxever=0 >2ms=0 >5ms=0 >15ms=0 >20ms=0 >30ms=0 | probes=0 wrfail=0 down=4s maxout=4s
   5.996  PHY tx=2 rx=2
   7.448  discovery start (post-PHY +500ms) interval=7500 phy2m=1
   7.448  SUBSCRIBED, vh=14
   7.448  LOADRAMP: bulk char handle=17
   7.448  LOADRAMP: target=0 KBps for 60s
   7.448  t=5s RTT mean=11934 min=11911 max=12436 n=26 to=0 | cancels=0(+0/s) seqbad=0 len_bad=0 disc=0(0x00) | tot_n=26 tot_to=0 maxever=12436 >2ms=26 >5ms=26 >15ms=0 >20ms=0 >30ms=0 | probes=27 wrfail=0 down=4s maxout=4s
   8.939  t=6s RTT mean=11915 min=11904 max=11931 n=67 to=0 | cancels=0(+0/s) seqbad=0 len_bad=0 disc=0(0x00) | tot_n=93 tot_to=0 maxever=12436 >2ms=93 >5ms=93 >15ms=0 >20ms=0 >30ms=0 | probes=93 wrfail=0 down=4s maxout=4s
   8.939  t=7s RTT mean=11915 min=11912 max=11945 n=66 to=0 | cancels=0(+0/s) seqbad=0 len_bad=0 disc=0(0x00) | tot_n=159 tot_to=0 maxever=12436 >2ms=159 >5ms=159 >15ms=0 >20ms=0 >30ms=0 | probes=160 wrfail=0 down=4s maxout=4s
  10.470  FSU: request [52..52] us (ACL both dirs, 1M+2M) rc=0
  10.470  FSU: updated status=0x00 spacing=52 us phys=0x3 types=0x3 initiator=0
  10.528  t=8s RTT mean=11914 min=11601 max=12159 n=67 to=0 | cancels=0(+0/s) seqbad=0 len_bad=0 disc=0(0x00) | tot_n=226 tot_to=0 maxever=12436 >2ms=226 >5ms=226 >15ms=0 >20ms=0 >30ms=0 | probes=227 wrfail=0 down=4s maxout=4s
  11.950  t=9s RTT mean=11915 min=11911 max=11934 n=67 to=0 | cancels=0(+0/s) seqbad=0 len_bad=0 disc=0(0x00) | tot_n=293 tot_to=0 maxever=12436 >2ms=293 >5ms=293 >15ms=0 >20ms=0 >30ms=0 | probes=293 wrfail=0 down=4s maxout=4s
  11.950  t=10s RTT mean=11915 min=11899 max=11946 n=66 to=0 | cancels=0(+0/s) seqbad=0 len_bad=0 disc=0(0x00) | tot_n=359 tot_to=0 maxever=12436 >2ms=359 >5ms=359 >15ms=0 >20ms=0 >30ms=0 | probes=360 wrfail=0 down=4s maxout=4s
  13.950  t=11s RTT mean=11915 min=11912 max=11932 n=67 to=0 | cancels=0(+0/s) seqbad=0 len_bad=0 disc=0(0x00) | tot_n=426 tot_to=0 maxever=12436 >2ms=426 >5ms=426 >15ms=0 >20ms=0 >30ms=0 | probes=427 wrfail=0 down=4s maxout=4s
  13.950  t=12s RTT mean=11915 min=11912 max=11923 n=67 to=0 | cancels=0(+0/s) seqbad=0 len_bad=0 disc=0(0x00) | tot_n=493 tot_to=0 maxever=12436 >2ms=493 >5ms=493 >15ms=0 >20ms=0 >30ms=0 | probes=493 wrfail=0 down=4s maxout=4s
  15.930  t=13s RTT mean=11915 min=11912 max=11945 n=66 to=0 | cancels=0(+0/s) seqbad=0 len_bad=0 disc=0(0x00) | tot_n=559 tot_to=0 maxever=12436 >2ms=559 >5ms=559 >15ms=0 >20ms=0 >30ms=0 | probes=560 wrfail=0 down=4s maxout=4s
  15.991  t=14s RTT mean=11915 min=11912 max=11923 n=67 to=0 | cancels=0(+0/s) seqbad=0 len_bad=0 disc=0(0x00) | tot_n=626 tot_to=0 maxever=12436 >2ms=626 >5ms=626 >15ms=0 >20ms=0 >30ms=0 | probes=627 wrfail=0 down=4s maxout=4s
  17.958  t=15s RTT mean=11915 min=11911 max=11925 n=67 to=0 | cancels=0(+0/s) seqbad=0 len_bad=0 disc=0(0x00) | tot_n=693 tot_to=0 maxever=12436 >2ms=693 >5ms=693 >15ms=0 >20ms=0 >30ms=0 | probes=693 wrfail=0 down=4s maxout=4s
  17.958  t=16s RTT mean=11915 min=11912 max=11946 n=66 to=0 | cancels=0(+0/s) seqbad=0 len_bad=0 disc=0(0x00) | tot_n=759 tot_to=0 maxever=12436 >2ms=759 >5ms=759 >15ms=0 >20ms=0 >30ms=0 | probes=760 wrfail=0 down=4s maxout=4s
  19.947  t=17s RTT mean=11915 min=11912 max=11932 n=67 to=0 | cancels=0(+0/s) seqbad=0 len_bad=0 disc=0(0x00) | tot_n=826 tot_to=0 maxever=12436 >2ms=826 >5ms=826 >15ms=0 >20ms=0 >30ms=0 | probes=827 wrfail=0 down=4s maxout=4s
  19.947  t=18s RTT mean=11915 min=11912 max=11924 n=67 to=0 | cancels=0(+0/s) seqbad=0 len_bad=0 disc=0(0x00) | tot_n=893 tot_to=0 maxever=12436 >2ms=893 >5ms=893 >15ms=0 >20ms=0 >30ms=0 | probes=893 wrfail=0 down=4s maxout=4s
  21.937  t=19s RTT mean=11916 min=11912 max=11945 n=66 to=0 | cancels=0(+0/s) seqbad=0 len_bad=0 disc=0(0x00) | tot_n=959 tot_to=0 maxever=12436 >2ms=959 >5ms=959 >15ms=0 >20ms=0 >30ms=0 | probes=960 wrfail=0 down=4s maxout=4s
  21.937  t=20s RTT mean=11915 min=11912 max=11923 n=67 to=0 | cancels=0(+0/s) seqbad=0 len_bad=0 disc=0(0x00) | tot_n=1026 tot_to=0 maxever=12436 >2ms=1026 >5ms=1026 >15ms=0 >20ms=0 >30ms=0 | probes=1027 wrfail=0 down=4s maxout=4s
  23.958  t=21s RTT mean=11915 min=11911 max=11925 n=67 to=0 | cancels=0(+0/s) seqbad=0 len_bad=0 disc=0(0x00) | tot_n=1093 tot_to=0 maxever=12436 >2ms=1093 >5ms=1093 >15ms=0 >20ms=0 >30ms=0 | probes=1093 wrfail=0 down=4s maxout=4s
  23.958  t=22s RTT mean=11915 min=11899 max=11945 n=66 to=0 | cancels=0(+0/s) seqbad=0 len_bad=0 disc=0(0x00) | tot_n=1159 tot_to=0 maxever=12436 >2ms=1159 >5ms=1159 >15ms=0 >20ms=0 >30ms=0 | probes=1160 wrfail=0 down=4s maxout=4s
  25.961  t=23s RTT mean=11915 min=11911 max=11931 n=67 to=0 | cancels=0(+0/s) seqbad=0 len_bad=0 disc=0(0x00) | tot_n=1226 tot_to=0 maxever=12436 >2ms=1226 >5ms=1226 >15ms=0 >20ms=0 >30ms=0 | probes=1227 wrfail=0 down=4s maxout=4s
  25.962  t=24s RTT mean=11915 min=11911 max=11924 n=67 to=0 | cancels=0(+0/s) seqbad=0 len_bad=0 disc=0(0x00) | tot_n=1293 tot_to=0 maxever=12436 >2ms=1293 >5ms=1293 >15ms=0 >20ms=0 >30ms=0 | probes=1294 wrfail=0 down=4s maxout=4s
  27.939  t=25s RTT mean=11915 min=11912 max=11933 n=66 to=0 | cancels=0(+0/s) seqbad=0 len_bad=0 disc=0(0x00) | tot_n=1359 tot_to=0 maxever=12436 >2ms=1359 >5ms=1359 >15ms=0 >20ms=0 >30ms=0 | probes=1360 wrfail=0 down=4s maxout=4s
  27.939  t=26s RTT mean=11915 min=11912 max=11924 n=67 to=0 | cancels=0(+0/s) seqbad=0 len_bad=0 disc=0(0x00) | tot_n=1426 tot_to=0 maxever=12436 >2ms=1426 >5ms=1426 >15ms=0 >20ms=0 >30ms=0 | probes=1427 wrfail=0 down=4s maxout=4s
  29.922  t=27s RTT mean=11915 min=11912 max=11924 n=67 to=0 | cancels=0(+0/s) seqbad=0 len_bad=0 disc=0(0x00) | tot_n=1493 tot_to=0 maxever=12436 >2ms=1493 >5ms=1493 >15ms=0 >20ms=0 >30ms=0 | probes=1494 wrfail=0 down=4s maxout=4s
  29.983  t=28s RTT mean=11915 min=11912 max=11923 n=66 to=0 | cancels=0(+0/s) seqbad=0 len_bad=0 disc=0(0x00) | tot_n=1559 tot_to=0 maxever=12436 >2ms=1559 >5ms=1559 >15ms=0 >20ms=0 >30ms=0 | probes=1560 wrfail=0 down=4s maxout=4s
  31.962  t=29s RTT mean=11915 min=11912 max=11933 n=67 to=0 | cancels=0(+0/s) seqbad=0 len_bad=0 disc=0(0x00) | tot_n=1626 tot_to=0 maxever=12436 >2ms=1626 >5ms=1626 >15ms=0 >20ms=0 >30ms=0 | probes=1627 wrfail=0 down=4s maxout=4s
  31.962  t=30s RTT mean=11915 min=11907 max=11923 n=67 to=0 | cancels=0(+0/s) seqbad=0 len_bad=0 disc=0(0x00) | tot_n=1693 tot_to=0 maxever=12436 >2ms=1693 >5ms=1693 >15ms=0 >20ms=0 >30ms=0 | probes=1694 wrfail=0 down=4s maxout=4s
  33.936  t=31s RTT mean=11915 min=11911 max=11933 n=66 to=0 | cancels=0(+0/s) seqbad=0 len_bad=0 disc=0(0x00) | tot_n=1759 tot_to=0 maxever=12436 >2ms=1759 >5ms=1759 >15ms=0 >20ms=0 >30ms=0 | probes=1760 wrfail=0 down=4s maxout=4s
  33.987  t=32s RTT mean=11915 min=11911 max=11924 n=67 to=0 | cancels=0(+0/s) seqbad=0 len_bad=0 disc=0(0x00) | tot_n=1826 tot_to=0 maxever=12436 >2ms=1826 >5ms=1826 >15ms=0 >20ms=0 >30ms=0 | probes=1827 wrfail=0 down=4s maxout=4s
  35.974  t=33s RTT mean=11915 min=11912 max=11933 n=67 to=0 | cancels=0(+0/s) seqbad=0 len_bad=0 disc=0(0x00) | tot_n=1893 tot_to=0 maxever=12436 >2ms=1893 >5ms=1893 >15ms=0 >20ms=0 >30ms=0 | probes=1894 wrfail=0 down=4s maxout=4s
  35.974  t=34s RTT mean=11915 min=11903 max=11930 n=66 to=0 | cancels=0(+0/s) seqbad=0 len_bad=0 disc=0(0x00) | tot_n=1959 tot_to=0 maxever=12436 >2ms=1959 >5ms=1959 >15ms=0 >20ms=0 >30ms=0 | probes=1960 wrfail=0 down=4s maxout=4s
  37.975  t=35s RTT mean=11915 min=11912 max=11934 n=67 to=0 | cancels=0(+0/s) seqbad=0 len_bad=0 disc=0(0x00) | tot_n=2026 tot_to=0 maxever=12436 >2ms=2026 >5ms=2026 >15ms=0 >20ms=0 >30ms=0 | probes=2027 wrfail=0 down=4s maxout=4s
  37.975  t=36s RTT mean=11915 min=11912 max=11923 n=67 to=0 | cancels=0(+0/s) seqbad=0 len_bad=0 disc=0(0x00) | tot_n=2093 tot_to=0 maxever=12436 >2ms=2093 >5ms=2093 >15ms=0 >20ms=0 >30ms=0 | probes=2094 wrfail=0 down=4s maxout=4s
  39.969  t=37s RTT mean=11915 min=11911 max=11932 n=67 to=0 | cancels=0(+0/s) seqbad=0 len_bad=0 disc=0(0x00) | tot_n=2160 tot_to=0 maxever=12436 >2ms=2160 >5ms=2160 >15ms=0 >20ms=0 >30ms=0 | probes=2160 wrfail=0 down=4s maxout=4s
  39.969  t=38s RTT mean=11915 min=11912 max=11923 n=66 to=0 | cancels=0(+0/s) seqbad=0 len_bad=0 disc=0(0x00) | tot_n=2226 tot_to=0 maxever=12436 >2ms=2226 >5ms=2226 >15ms=0 >20ms=0 >30ms=0 | probes=2227 wrfail=0 down=4s maxout=4s
  41.956  t=39s RTT mean=11915 min=11912 max=11932 n=67 to=0 | cancels=0(+0/s) seqbad=0 len_bad=0 disc=0(0x00) | tot_n=2293 tot_to=0 maxever=12436 >2ms=2293 >5ms=2293 >15ms=0 >20ms=0 >30ms=0 | probes=2294 wrfail=0 down=4s maxout=4s
  41.956  t=40s RTT mean=11915 min=11912 max=11922 n=67 to=0 | cancels=0(+0/s) seqbad=0 len_bad=0 disc=0(0x00) | tot_n=2360 tot_to=0 maxever=12436 >2ms=2360 >5ms=2360 >15ms=0 >20ms=0 >30ms=0 | probes=2360 wrfail=0 down=4s maxout=4s
  43.930  t=41s RTT mean=11915 min=11912 max=11934 n=66 to=0 | cancels=0(+0/s) seqbad=0 len_bad=0 disc=0(0x00) | tot_n=2426 tot_to=0 maxever=12436 >2ms=2426 >5ms=2426 >15ms=0 >20ms=0 >30ms=0 | probes=2427 wrfail=0 down=4s maxout=4s
  43.985  t=42s RTT mean=11915 min=11912 max=11923 n=67 to=0 | cancels=0(+0/s) seqbad=0 len_bad=0 disc=0(0x00) | tot_n=2493 tot_to=0 maxever=12436 >2ms=2493 >5ms=2493 >15ms=0 >20ms=0 >30ms=0 | probes=2494 wrfail=0 down=4s maxout=4s
  45.952  t=43s RTT mean=11915 min=11911 max=11928 n=67 to=0 | cancels=0(+0/s) seqbad=0 len_bad=0 disc=0(0x00) | tot_n=2560 tot_to=0 maxever=12436 >2ms=2560 >5ms=2560 >15ms=0 >20ms=0 >30ms=0 | probes=2560 wrfail=0 down=4s maxout=4s
  45.952  t=44s RTT mean=11915 min=11912 max=11923 n=66 to=0 | cancels=0(+0/s) seqbad=0 len_bad=0 disc=0(0x00) | tot_n=2626 tot_to=0 maxever=12436 >2ms=2626 >5ms=2626 >15ms=0 >20ms=0 >30ms=0 | probes=2627 wrfail=0 down=4s maxout=4s
  47.958  t=45s RTT mean=11915 min=11912 max=11931 n=67 to=0 | cancels=0(+0/s) seqbad=0 len_bad=0 disc=0(0x00) | tot_n=2693 tot_to=0 maxever=12436 >2ms=2693 >5ms=2693 >15ms=0 >20ms=0 >30ms=0 | probes=2694 wrfail=0 down=4s maxout=4s
  47.958  t=46s RTT mean=11915 min=11912 max=11923 n=67 to=0 | cancels=0(+0/s) seqbad=0 len_bad=0 disc=0(0x00) | tot_n=2760 tot_to=0 maxever=12436 >2ms=2760 >5ms=2760 >15ms=0 >20ms=0 >30ms=0 | probes=2760 wrfail=0 down=4s maxout=4s
  49.975  t=47s RTT mean=11915 min=11912 max=11934 n=66 to=0 | cancels=0(+0/s) seqbad=0 len_bad=0 disc=0(0x00) | tot_n=2826 tot_to=0 maxever=12436 >2ms=2826 >5ms=2826 >15ms=0 >20ms=0 >30ms=0 | probes=2827 wrfail=0 down=4s maxout=4s
  49.975  t=48s RTT mean=11915 min=11912 max=11924 n=67 to=0 | cancels=0(+0/s) seqbad=0 len_bad=0 disc=0(0x00) | tot_n=2893 tot_to=0 maxever=12436 >2ms=2893 >5ms=2893 >15ms=0 >20ms=0 >30ms=0 | probes=2894 wrfail=0 down=4s maxout=4s
  51.935  t=49s RTT mean=11915 min=11911 max=11949 n=67 to=0 | cancels=0(+0/s) seqbad=0 len_bad=0 disc=0(0x00) | tot_n=2960 tot_to=0 maxever=12436 >2ms=2960 >5ms=2960 >15ms=0 >20ms=0 >30ms=0 | probes=2960 wrfail=0 down=4s maxout=4s
  51.995  t=50s RTT mean=11915 min=11912 max=11948 n=66 to=0 | cancels=0(+0/s) seqbad=0 len_bad=0 disc=0(0x00) | tot_n=3026 tot_to=0 maxever=12436 >2ms=3026 >5ms=3026 >15ms=0 >20ms=0 >30ms=0 | probes=3027 wrfail=0 down=4s maxout=4s
  53.943  t=51s RTT mean=11916 min=11912 max=11948 n=67 to=0 | cancels=0(+0/s) seqbad=0 len_bad=0 disc=0(0x00) | tot_n=3093 tot_to=0 maxever=12436 >2ms=3093 >5ms=3093 >15ms=0 >20ms=0 >30ms=0 | probes=3094 wrfail=0 down=4s maxout=4s
  53.943  t=52s RTT mean=11916 min=11912 max=11948 n=67 to=0 | cancels=0(+0/s) seqbad=0 len_bad=0 disc=0(0x00) | tot_n=3160 tot_to=0 maxever=12436 >2ms=3160 >5ms=3160 >15ms=0 >20ms=0 >30ms=0 | probes=3160 wrfail=0 down=4s maxout=4s
  55.964  t=53s RTT mean=11916 min=11912 max=11948 n=66 to=0 | cancels=0(+0/s) seqbad=0 len_bad=0 disc=0(0x00) | tot_n=3226 tot_to=0 maxever=12436 >2ms=3226 >5ms=3226 >15ms=0 >20ms=0 >30ms=0 | probes=3227 wrfail=0 down=4s maxout=4s
  55.964  t=54s RTT mean=11915 min=11912 max=11948 n=67 to=0 | cancels=0(+0/s) seqbad=0 len_bad=0 disc=0(0x00) | tot_n=3293 tot_to=0 maxever=12436 >2ms=3293 >5ms=3293 >15ms=0 >20ms=0 >30ms=0 | probes=3294 wrfail=0 down=4s maxout=4s
  57.924  t=55s RTT mean=11916 min=11912 max=11948 n=67 to=0 | cancels=0(+0/s) seqbad=0 len_bad=0 disc=0(0x00) | tot_n=3360 tot_to=0 maxever=12436 >2ms=3360 >5ms=3360 >15ms=0 >20ms=0 >30ms=0 | probes=3360 wrfail=0 down=4s maxout=4s
  57.977  t=56s RTT mean=11914 min=11841 max=11948 n=66 to=0 | cancels=0(+0/s) seqbad=0 len_bad=0 disc=0(0x00) | tot_n=3426 tot_to=0 maxever=12436 >2ms=3426 >5ms=3426 >15ms=0 >20ms=0 >30ms=0 | probes=3427 wrfail=0 down=4s maxout=4s
  59.958  t=57s RTT mean=11916 min=11912 max=11948 n=67 to=0 | cancels=0(+0/s) seqbad=0 len_bad=0 disc=0(0x00) | tot_n=3493 tot_to=0 maxever=12436 >2ms=3493 >5ms=3493 >15ms=0 >20ms=0 >30ms=0 | probes=3494 wrfail=0 down=4s maxout=4s
  59.958  t=58s RTT mean=11915 min=11912 max=11962 n=67 to=0 | cancels=0(+0/s) seqbad=0 len_bad=0 disc=0(0x00) | tot_n=3560 tot_to=0 maxever=12436 >2ms=3560 >5ms=3560 >15ms=0 >20ms=0 >30ms=0 | probes=3561 wrfail=0 down=4s maxout=4s
  61.946  t=59s RTT mean=11915 min=11911 max=11932 n=66 to=0 | cancels=0(+0/s) seqbad=0 len_bad=0 disc=0(0x00) | tot_n=3626 tot_to=0 maxever=12436 >2ms=3626 >5ms=3626 >15ms=0 >20ms=0 >30ms=0 | probes=3627 wrfail=0 down=4s maxout=4s
  61.946  t=60s RTT mean=11915 min=11912 max=11922 n=67 to=0 | cancels=0(+0/s) seqbad=0 len_bad=0 disc=0(0x00) | tot_n=3693 tot_to=0 maxever=12436 >2ms=3693 >5ms=3693 >15ms=0 >20ms=0 >30ms=0 | probes=3694 wrfail=0 down=4s maxout=4s
  63.924  t=61s RTT mean=11915 min=11912 max=11924 n=67 to=0 | cancels=0(+0/s) seqbad=0 len_bad=0 disc=0(0x00) | tot_n=3760 tot_to=0 maxever=12436 >2ms=3760 >5ms=3760 >15ms=0 >20ms=0 >30ms=0 | probes=3761 wrfail=0 down=4s maxout=4s
  63.975  t=62s RTT mean=11915 min=11901 max=11932 n=66 to=0 | cancels=0(+0/s) seqbad=0 len_bad=0 disc=0(0x00) | tot_n=3826 tot_to=0 maxever=12436 >2ms=3826 >5ms=3826 >15ms=0 >20ms=0 >30ms=0 | probes=3827 wrfail=0 down=4s maxout=4s
  65.982  t=63s RTT mean=11915 min=11664 max=12165 n=67 to=0 | cancels=0(+0/s) seqbad=0 len_bad=0 disc=0(0x00) | tot_n=3893 tot_to=0 maxever=12436 >2ms=3893 >5ms=3893 >15ms=0 >20ms=0 >30ms=0 | probes=3894 wrfail=0 down=4s maxout=4s
  65.983  t=64s RTT mean=11915 min=11912 max=11923 n=67 to=0 | cancels=0(+0/s) seqbad=0 len_bad=0 disc=0(0x00) | tot_n=3960 tot_to=0 maxever=12436 >2ms=3960 >5ms=3960 >15ms=0 >20ms=0 >30ms=0 | probes=3961 wrfail=0 down=4s maxout=4s
  67.679  PCTL target=0 tot=4002 to=0 p50=11 p90=11 p99=11 p99.9=11 max=12 g30=0 g100=0 (ms/counts)
  67.679  LOADRAMP: target=140 KBps for 60s
  67.679  t=65s RTT mean=12840 min=11911 max=20517 n=62 to=0 | cancels=0(+0/s) seqbad=0 len_bad=0 disc=0(0x00) | tot_n=4022 tot_to=0 maxever=20517 >2ms=4022 >5ms=4022 >15ms=13 >20ms=1 >30ms=0 | probes=4023 wrfail=0 down=4s maxout=4s
  68.956  t=66s RTT mean=14948 min=10882 max=23061 n=56 to=0 | cancels=0(+0/s) seqbad=0 len_bad=0 disc=0(0x00) | tot_n=4078 tot_to=0 maxever=23061 >2ms=4078 >5ms=4078 >15ms=55 >20ms=2 >30ms=0 | probes=4079 wrfail=0 down=4s maxout=4s
  68.956  t=67s RTT mean=14629 min=5778 max=19411 n=56 to=0 | cancels=0(+0/s) seqbad=0 len_bad=0 disc=0(0x00) | tot_n=4134 tot_to=0 maxever=23061 >2ms=4134 >5ms=4134 >15ms=95 >20ms=2 >30ms=0 | probes=4135 wrfail=0 down=4s maxout=4s
  70.973  t=68s RTT mean=14788 min=7039 max=17955 n=56 to=0 | cancels=0(+0/s) seqbad=0 len_bad=0 disc=0(0x00) | tot_n=4190 tot_to=0 maxever=23061 >2ms=4190 >5ms=4190 >15ms=137 >20ms=2 >30ms=0 | probes=4191 wrfail=0 down=4s maxout=4s
  70.973  t=69s RTT mean=14791 min=5778 max=19411 n=56 to=0 | cancels=0(+0/s) seqbad=0 len_bad=0 disc=0(0x00) | tot_n=4246 tot_to=0 maxever=23061 >2ms=4246 >5ms=4246 >15ms=176 >20ms=2 >30ms=0 | probes=4247 wrfail=0 down=4s maxout=4s
  72.942  t=70s RTT mean=14788 min=10882 max=16955 n=56 to=0 | cancels=0(+0/s) seqbad=0 len_bad=0 disc=0(0x00) | tot_n=4302 tot_to=0 maxever=23061 >2ms=4302 >5ms=4302 >15ms=218 >20ms=2 >30ms=0 | probes=4303 wrfail=0 down=4s maxout=4s
  73.002  t=71s RTT mean=14720 min=7036 max=16954 n=56 to=0 | cancels=0(+0/s) seqbad=0 len_bad=0 disc=0(0x00) | tot_n=4358 tot_to=0 maxever=23061 >2ms=4358 >5ms=4358 >15ms=259 >20ms=2 >30ms=0 | probes=4359 wrfail=0 down=4s maxout=4s
  74.931  t=72s RTT mean=14723 min=7037 max=17012 n=56 to=0 | cancels=0(+0/s) seqbad=0 len_bad=0 disc=0(0x00) | tot_n=4414 tot_to=0 maxever=23061 >2ms=4414 >5ms=4414 >15ms=300 >20ms=2 >30ms=0 | probes=4415 wrfail=0 down=4s maxout=4s
  74.991  t=73s RTT mean=14789 min=7036 max=20517 n=56 to=0 | cancels=0(+0/s) seqbad=0 len_bad=0 disc=0(0x00) | tot_n=4470 tot_to=0 maxever=23061 >2ms=4470 >5ms=4470 >15ms=341 >20ms=3 >30ms=0 | probes=4471 wrfail=0 down=4s maxout=4s
  76.949  t=74s RTT mean=14788 min=10870 max=15815 n=56 to=0 | cancels=0(+0/s) seqbad=0 len_bad=0 disc=0(0x00) | tot_n=4526 tot_to=0 maxever=23061 >2ms=4526 >5ms=4526 >15ms=384 >20ms=3 >30ms=0 | probes=4527 wrfail=0 down=4s maxout=4s
  77.006  t=75s RTT mean=14722 min=7037 max=16954 n=56 to=0 | cancels=0(+0/s) seqbad=0 len_bad=0 disc=0(0x00) | tot_n=4582 tot_to=0 maxever=23061 >2ms=4582 >5ms=4582 >15ms=426 >20ms=3 >30ms=0 | probes=4583 wrfail=0 down=4s maxout=4s
  78.958  t=76s RTT mean=14857 min=10883 max=19156 n=56 to=0 | cancels=0(+0/s) seqbad=0 len_bad=0 disc=0(0x00) | tot_n=4638 tot_to=0 maxever=23061 >2ms=4638 >5ms=4638 >15ms=467 >20ms=3 >30ms=0 | probes=4639 wrfail=0 down=4s maxout=4s
  78.958  t=77s RTT mean=14719 min=7036 max=16667 n=56 to=0 | cancels=0(+0/s) seqbad=0 len_bad=0 disc=0(0x00) | tot_n=4694 tot_to=0 maxever=23061 >2ms=4694 >5ms=4694 >15ms=508 >20ms=3 >30ms=0 | probes=4695 wrfail=0 down=4s maxout=4s
  80.958  t=78s RTT mean=14723 min=5779 max=19082 n=56 to=0 | cancels=0(+0/s) seqbad=0 len_bad=0 disc=0(0x00) | tot_n=4750 tot_to=0 maxever=23061 >2ms=4750 >5ms=4750 >15ms=550 >20ms=3 >30ms=0 | probes=4751 wrfail=0 down=4s maxout=4s
  80.958  t=79s RTT mean=14789 min=7037 max=20517 n=56 to=0 | cancels=0(+0/s) seqbad=0 len_bad=0 disc=0(0x00) | tot_n=4806 tot_to=0 maxever=23061 >2ms=4806 >5ms=4806 >15ms=592 >20ms=4 >30ms=0 | probes=4807 wrfail=0 down=4s maxout=4s
  82.979  t=80s RTT mean=14785 min=10883 max=16667 n=56 to=0 | cancels=0(+0/s) seqbad=0 len_bad=0 disc=0(0x00) | tot_n=4862 tot_to=0 maxever=23061 >2ms=4862 >5ms=4862 >15ms=633 >20ms=4 >30ms=0 | probes=4863 wrfail=0 down=4s maxout=4s
  82.979  t=81s RTT mean=14722 min=7036 max=16954 n=56 to=0 | cancels=0(+0/s) seqbad=0 len_bad=0 disc=0(0x00) | tot_n=4918 tot_to=0 maxever=23061 >2ms=4918 >5ms=4918 >15ms=674 >20ms=4 >30ms=0 | probes=4919 wrfail=0 down=4s maxout=4s
  84.959  t=82s RTT mean=14790 min=7037 max=20517 n=56 to=0 | cancels=0(+0/s) seqbad=0 len_bad=0 disc=0(0x00) | tot_n=4974 tot_to=0 maxever=23061 >2ms=4974 >5ms=4974 >15ms=716 >20ms=5 >30ms=0 | probes=4975 wrfail=0 down=4s maxout=4s
  84.959  t=83s RTT mean=14786 min=10882 max=16667 n=56 to=0 | cancels=0(+0/s) seqbad=0 len_bad=0 disc=0(0x00) | tot_n=5030 tot_to=0 maxever=23061 >2ms=5030 >5ms=5030 >15ms=758 >20ms=5 >30ms=0 | probes=5031 wrfail=0 down=4s maxout=4s
  86.983  t=84s RTT mean=14741 min=7287 max=15766 n=57 to=0 | cancels=0(+0/s) seqbad=0 len_bad=0 disc=0(0x00) | tot_n=5087 tot_to=0 maxever=23061 >2ms=5087 >5ms=5087 >15ms=802 >20ms=5 >30ms=0 | probes=5087 wrfail=0 down=4s maxout=4s
  86.983  t=85s RTT mean=14842 min=10882 max=19409 n=55 to=0 | cancels=0(+0/s) seqbad=0 len_bad=0 disc=0(0x00) | tot_n=5142 tot_to=0 maxever=23061 >2ms=5142 >5ms=5142 >15ms=843 >20ms=5 >30ms=0 | probes=5143 wrfail=0 down=4s maxout=4s
  88.980  t=86s RTT mean=14844 min=8101 max=18210 n=56 to=0 | cancels=0(+0/s) seqbad=0 len_bad=0 disc=0(0x00) | tot_n=5198 tot_to=0 maxever=23061 >2ms=5198 >5ms=5198 >15ms=885 >20ms=5 >30ms=0 | probes=5199 wrfail=0 down=4s maxout=4s
  88.981  t=87s RTT mean=14925 min=7039 max=22117 n=56 to=0 | cancels=0(+0/s) seqbad=0 len_bad=0 disc=0(0x00) | tot_n=5254 tot_to=0 maxever=23061 >2ms=5254 >5ms=5254 >15ms=929 >20ms=6 >30ms=0 | probes=5254 wrfail=0 down=4s maxout=4s
  90.959  t=88s RTT mean=14774 min=7037 max=20517 n=55 to=0 | cancels=0(+0/s) seqbad=0 len_bad=0 disc=0(0x00) | tot_n=5309 tot_to=0 maxever=23061 >2ms=5309 >5ms=5309 >15ms=970 >20ms=7 >30ms=0 | probes=5310 wrfail=0 down=4s maxout=4s
  90.959  t=89s RTT mean=14786 min=10882 max=16954 n=56 to=0 | cancels=0(+0/s) seqbad=0 len_bad=0 disc=0(0x00) | tot_n=5365 tot_to=0 maxever=23061 >2ms=5365 >5ms=5365 >15ms=1011 >20ms=7 >30ms=0 | probes=5366 wrfail=0 down=4s maxout=4s
  92.944  t=90s RTT mean=14739 min=7036 max=16955 n=57 to=0 | cancels=0(+0/s) seqbad=0 len_bad=0 disc=0(0x00) | tot_n=5422 tot_to=0 maxever=23061 >2ms=5422 >5ms=5422 >15ms=1053 >20ms=7 >30ms=0 | probes=5422 wrfail=0 down=4s maxout=4s
  93.004  t=91s RTT mean=14795 min=7037 max=20517 n=55 to=0 | cancels=0(+0/s) seqbad=0 len_bad=0 disc=0(0x00) | tot_n=5477 tot_to=0 maxever=23061 >2ms=5477 >5ms=5477 >15ms=1094 >20ms=8 >30ms=0 | probes=5478 wrfail=0 down=4s maxout=4s
  94.936  t=92s RTT mean=14765 min=10882 max=16954 n=56 to=0 | cancels=0(+0/s) seqbad=0 len_bad=0 disc=0(0x00) | tot_n=5533 tot_to=0 maxever=23061 >2ms=5533 >5ms=5533 >15ms=1134 >20ms=8 >30ms=0 | probes=5534 wrfail=0 down=4s maxout=4s
  94.989  t=93s RTT mean=14737 min=3384 max=19314 n=57 to=0 | cancels=0(+0/s) seqbad=0 len_bad=0 disc=0(0x00) | tot_n=5590 tot_to=0 maxever=23061 >2ms=5590 >5ms=5589 >15ms=1172 >20ms=8 >30ms=0 | probes=5590 wrfail=0 down=4s maxout=4s
  96.971  t=94s RTT mean=14788 min=7037 max=20517 n=56 to=0 | cancels=0(+0/s) seqbad=0 len_bad=0 disc=0(0x00) | tot_n=5646 tot_to=0 maxever=23061 >2ms=5646 >5ms=5645 >15ms=1215 >20ms=9 >30ms=0 | probes=5646 wrfail=0 down=4s maxout=4s
  96.971  t=95s RTT mean=14907 min=10882 max=19412 n=55 to=0 | cancels=0(+0/s) seqbad=0 len_bad=0 disc=0(0x00) | tot_n=5701 tot_to=0 maxever=23061 >2ms=5701 >5ms=5700 >15ms=1256 >20ms=9 >30ms=0 | probes=5702 wrfail=0 down=4s maxout=4s
  98.981  t=96s RTT mean=14922 min=11912 max=18305 n=56 to=0 | cancels=0(+0/s) seqbad=0 len_bad=0 disc=0(0x00) | tot_n=5757 tot_to=0 maxever=23061 >2ms=5757 >5ms=5756 >15ms=1298 >20ms=9 >30ms=0 | probes=5757 wrfail=0 down=4s maxout=4s
  98.981  t=97s RTT mean=14792 min=7036 max=20518 n=56 to=0 | cancels=0(+0/s) seqbad=0 len_bad=0 disc=0(0x00) | tot_n=5813 tot_to=0 maxever=23061 >2ms=5813 >5ms=5812 >15ms=1340 >20ms=10 >30ms=0 | probes=5813 wrfail=0 down=4s maxout=4s
 100.959  t=98s RTT mean=14785 min=10883 max=16667 n=56 to=0 | cancels=0(+0/s) seqbad=0 len_bad=0 disc=0(0x00) | tot_n=5869 tot_to=0 maxever=23061 >2ms=5869 >5ms=5868 >15ms=1382 >20ms=10 >30ms=0 | probes=5869 wrfail=0 down=4s maxout=4s
 101.010  t=99s RTT mean=14719 min=3384 max=19411 n=56 to=0 | cancels=0(+0/s) seqbad=0 len_bad=0 disc=0(0x00) | tot_n=5925 tot_to=0 maxever=23061 >2ms=5925 >5ms=5923 >15ms=1423 >20ms=10 >30ms=0 | probes=5925 wrfail=0 down=4s maxout=4s
 102.946  t=100s RTT mean=14788 min=7036 max=20517 n=56 to=0 | cancels=0(+0/s) seqbad=0 len_bad=0 disc=0(0x00) | tot_n=5981 tot_to=0 maxever=23061 >2ms=5981 >5ms=5979 >15ms=1466 >20ms=11 >30ms=0 | probes=5981 wrfail=0 down=4s maxout=4s
 102.998  t=101s RTT mean=14791 min=10882 max=16955 n=56 to=0 | cancels=0(+0/s) seqbad=0 len_bad=0 disc=0(0x00) | tot_n=6037 tot_to=0 maxever=23061 >2ms=6037 >5ms=6035 >15ms=1508 >20ms=11 >30ms=0 | probes=6037 wrfail=0 down=4s maxout=4s
 104.962  t=102s RTT mean=14723 min=5778 max=23256 n=56 to=0 | cancels=0(+0/s) seqbad=0 len_bad=0 disc=0(0x00) | tot_n=6093 tot_to=0 maxever=23256 >2ms=6093 >5ms=6091 >15ms=1550 >20ms=12 >30ms=0 | probes=6094 wrfail=0 down=4s maxout=4s
 104.963  t=103s RTT mean=14786 min=7036 max=20517 n=56 to=0 | cancels=0(+0/s) seqbad=0 len_bad=0 disc=0(0x00) | tot_n=6149 tot_to=0 maxever=23256 >2ms=6149 >5ms=6147 >15ms=1592 >20ms=13 >30ms=0 | probes=6149 wrfail=0 down=4s maxout=4s
 106.991  t=104s RTT mean=14792 min=10882 max=15814 n=56 to=0 | cancels=0(+0/s) seqbad=0 len_bad=0 disc=0(0x00) | tot_n=6205 tot_to=0 maxever=23256 >2ms=6205 >5ms=6203 >15ms=1635 >20ms=13 >30ms=0 | probes=6205 wrfail=0 down=4s maxout=4s
 106.991  t=105s RTT mean=14721 min=5778 max=20603 n=56 to=0 | cancels=0(+0/s) seqbad=0 len_bad=0 disc=0(0x00) | tot_n=6261 tot_to=0 maxever=23256 >2ms=6261 >5ms=6259 >15ms=1676 >20ms=14 >30ms=0 | probes=6262 wrfail=0 down=4s maxout=4s
 108.977  t=106s RTT mean=14786 min=7036 max=20516 n=56 to=0 | cancels=0(+0/s) seqbad=0 len_bad=0 disc=0(0x00) | tot_n=6317 tot_to=0 maxever=23256 >2ms=6317 >5ms=6315 >15ms=1717 >20ms=15 >30ms=0 | probes=6317 wrfail=0 down=4s maxout=4s
 108.977  t=107s RTT mean=14842 min=5778 max=23063 n=55 to=0 | cancels=0(+0/s) seqbad=0 len_bad=0 disc=0(0x00) | tot_n=6372 tot_to=0 maxever=23256 >2ms=6372 >5ms=6370 >15ms=1758 >20ms=16 >30ms=0 | probes=6373 wrfail=0 down=4s maxout=4s
 110.946  t=108s RTT mean=14672 min=5778 max=16668 n=57 to=0 | cancels=0(+0/s) seqbad=0 len_bad=0 disc=0(0x00) | tot_n=6429 tot_to=0 maxever=23256 >2ms=6429 >5ms=6427 >15ms=1801 >20ms=16 >30ms=0 | probes=6430 wrfail=0 down=4s maxout=4s
 111.002  t=109s RTT mean=14836 min=7038 max=22056 n=55 to=0 | cancels=0(+0/s) seqbad=0 len_bad=0 disc=0(0x00) | tot_n=6484 tot_to=0 maxever=23256 >2ms=6484 >5ms=6482 >15ms=1842 >20ms=17 >30ms=0 | probes=6485 wrfail=0 down=4s maxout=4s
 112.981  t=110s RTT mean=14741 min=7036 max=15768 n=57 to=0 | cancels=0(+0/s) seqbad=0 len_bad=0 disc=0(0x00) | tot_n=6541 tot_to=0 maxever=23256 >2ms=6541 >5ms=6539 >15ms=1886 >20ms=17 >30ms=0 | probes=6541 wrfail=0 down=4s maxout=4s
 112.982  t=111s RTT mean=14788 min=7037 max=20861 n=56 to=0 | cancels=0(+0/s) seqbad=0 len_bad=0 disc=0(0x00) | tot_n=6597 tot_to=0 maxever=23256 >2ms=6597 >5ms=6595 >15ms=1928 >20ms=18 >30ms=0 | probes=6597 wrfail=0 down=4s maxout=4s
 114.985  t=112s RTT mean=14844 min=3381 max=23257 n=55 to=0 | cancels=0(+0/s) seqbad=0 len_bad=0 disc=0(0x00) | tot_n=6652 tot_to=0 maxever=23257 >2ms=6652 >5ms=6649 >15ms=1969 >20ms=20 >30ms=0 | probes=6653 wrfail=0 down=4s maxout=4s
 114.985  t=113s RTT mean=14673 min=5779 max=16814 n=57 to=0 | cancels=0(+0/s) seqbad=0 len_bad=0 disc=0(0x00) | tot_n=6709 tot_to=0 maxever=23257 >2ms=6709 >5ms=6706 >15ms=2012 >20ms=20 >30ms=0 | probes=6709 wrfail=0 down=4s maxout=4s
 116.983  t=114s RTT mean=14977 min=5778 max=23256 n=55 to=0 | cancels=0(+0/s) seqbad=0 len_bad=0 disc=0(0x00) | tot_n=6764 tot_to=0 maxever=23257 >2ms=6764 >5ms=6761 >15ms=2052 >20ms=23 >30ms=0 | probes=6765 wrfail=0 down=4s maxout=4s
 116.984  t=115s RTT mean=15431 min=7044 max=23256 n=54 to=0 | cancels=0(+0/s) seqbad=0 len_bad=0 disc=0(0x00) | tot_n=6818 tot_to=0 maxever=23257 >2ms=6818 >5ms=6815 >15ms=2095 >20ms=28 >30ms=0 | probes=6819 wrfail=0 down=4s maxout=4s
 118.962  t=116s RTT mean=15336 min=5778 max=23257 n=54 to=0 | cancels=0(+0/s) seqbad=0 len_bad=0 disc=0(0x00) | tot_n=6872 tot_to=0 maxever=23257 >2ms=6872 >5ms=6869 >15ms=2137 >20ms=32 >30ms=0 | probes=6873 wrfail=0 down=4s maxout=4s
 118.963  t=117s RTT mean=14673 min=5779 max=20601 n=57 to=0 | cancels=0(+0/s) seqbad=0 len_bad=0 disc=0(0x00) | tot_n=6929 tot_to=0 maxever=23257 >2ms=6929 >5ms=6926 >15ms=2179 >20ms=33 >30ms=0 | probes=6929 wrfail=0 down=4s maxout=4s
 120.939  t=118s RTT mean=15112 min=10882 max=19414 n=55 to=0 | cancels=0(+0/s) seqbad=0 len_bad=0 disc=0(0x00) | tot_n=6984 tot_to=0 maxever=23257 >2ms=6984 >5ms=6981 >15ms=2223 >20ms=33 >30ms=0 | probes=6984 wrfail=0 down=4s maxout=4s
 121.000  t=119s RTT mean=14722 min=7036 max=16954 n=56 to=0 | cancels=0(+0/s) seqbad=0 len_bad=0 disc=0(0x00) | tot_n=7040 tot_to=0 maxever=23257 >2ms=7040 >5ms=7037 >15ms=2265 >20ms=33 >30ms=0 | probes=7041 wrfail=0 down=4s maxout=4s
 122.944  t=120s RTT mean=14840 min=7036 max=23063 n=55 to=0 | cancels=0(+0/s) seqbad=0 len_bad=0 disc=0(0x00) | tot_n=7095 tot_to=0 maxever=23257 >2ms=7095 >5ms=7092 >15ms=2307 >20ms=34 >30ms=0 | probes=7096 wrfail=0 down=4s maxout=4s
 123.005  t=121s RTT mean=14740 min=7039 max=15815 n=57 to=0 | cancels=0(+0/s) seqbad=0 len_bad=0 disc=0(0x00) | tot_n=7152 tot_to=0 maxever=23257 >2ms=7152 >5ms=7149 >15ms=2351 >20ms=34 >30ms=0 | probes=7152 wrfail=0 down=4s maxout=4s
 124.976  t=122s RTT mean=14723 min=8239 max=16753 n=56 to=0 | cancels=0(+0/s) seqbad=0 len_bad=0 disc=0(0x00) | tot_n=7208 tot_to=0 maxever=23257 >2ms=7208 >5ms=7205 >15ms=2392 >20ms=34 >30ms=0 | probes=7209 wrfail=0 down=4s maxout=4s
 124.976  t=123s RTT mean=14722 min=7036 max=16953 n=56 to=0 | cancels=0(+0/s) seqbad=0 len_bad=0 disc=0(0x00) | tot_n=7264 tot_to=0 maxever=23257 >2ms=7264 >5ms=7261 >15ms=2434 >20ms=34 >30ms=0 | probes=7265 wrfail=0 down=4s maxout=4s
 126.955  t=124s RTT mean=14976 min=10883 max=23256 n=55 to=0 | cancels=0(+0/s) seqbad=0 len_bad=0 disc=0(0x00) | tot_n=7319 tot_to=0 maxever=23257 >2ms=7319 >5ms=7316 >15ms=2474 >20ms=35 >30ms=0 | probes=7320 wrfail=0 down=4s maxout=4s
 126.955  PCTL target=140 tot=3351 to=0 p50=15 p90=15 p99=20 p99.9=23 max=23 g30=0 g100=0 (ms/counts)
 126.955  LOADRAMP: target=150 KBps for 60s
 127.009  t=125s RTT mean=14925 min=10884 max=20862 n=56 to=0 | cancels=0(+0/s) seqbad=0 len_bad=0 disc=0(0x00) | tot_n=7375 tot_to=0 maxever=23257 >2ms=7375 >5ms=7372 >15ms=2516 >20ms=36 >30ms=0 | probes=7376 wrfail=0 down=4s maxout=4s
 128.957  t=126s RTT mean=15112 min=10884 max=20517 n=55 to=0 | cancels=0(+0/s) seqbad=0 len_bad=0 disc=0(0x00) | tot_n=7430 tot_to=0 maxever=23257 >2ms=7430 >5ms=7427 >15ms=2562 >20ms=37 >30ms=0 | probes=7431 wrfail=0 down=4s maxout=4s
 129.009  t=127s RTT mean=15309 min=8176 max=24171 n=54 to=0 | cancels=0(+0/s) seqbad=0 len_bad=0 disc=0(0x00) | tot_n=7484 tot_to=0 maxever=24171 >2ms=7484 >5ms=7481 >15ms=2605 >20ms=39 >30ms=0 | probes=7485 wrfail=0 down=4s maxout=4s
 130.976  t=128s RTT mean=14856 min=5778 max=16754 n=56 to=0 | cancels=0(+0/s) seqbad=0 len_bad=0 disc=0(0x00) | tot_n=7540 tot_to=0 maxever=24171 >2ms=7540 >5ms=7537 >15ms=2651 >20ms=39 >30ms=0 | probes=7541 wrfail=0 down=4s maxout=4s
 130.976  t=129s RTT mean=15110 min=10885 max=20517 n=55 to=0 | cancels=0(+0/s) seqbad=0 len_bad=0 disc=0(0x00) | tot_n=7595 tot_to=0 maxever=24171 >2ms=7595 >5ms=7592 >15ms=2696 >20ms=40 >30ms=0 | probes=7596 wrfail=0 down=4s maxout=4s
 132.956  t=130s RTT mean=15116 min=11913 max=16953 n=55 to=0 | cancels=0(+0/s) seqbad=0 len_bad=0 disc=0(0x00) | tot_n=7650 tot_to=0 maxever=24171 >2ms=7650 >5ms=7647 >15ms=2739 >20ms=40 >30ms=0 | probes=7650 wrfail=0 down=4s maxout=4s
 133.010  t=131s RTT mean=15043 min=7038 max=18208 n=55 to=0 | cancels=0(+0/s) seqbad=0 len_bad=0 disc=0(0x00) | tot_n=7705 tot_to=0 maxever=24171 >2ms=7705 >5ms=7702 >15ms=2782 >20ms=40 >30ms=0 | probes=7706 wrfail=0 down=4s maxout=4s
 134.988  t=132s RTT mean=15112 min=9437 max=20517 n=55 to=0 | cancels=0(+0/s) seqbad=0 len_bad=0 disc=0(0x00) | tot_n=7760 tot_to=0 maxever=24171 >2ms=7760 >5ms=7757 >15ms=2828 >20ms=41 >30ms=0 | probes=7761 wrfail=0 down=4s maxout=4s
 134.988  t=133s RTT mean=15114 min=10873 max=18209 n=55 to=0 | cancels=0(+0/s) seqbad=0 len_bad=0 disc=0(0x00) | tot_n=7815 tot_to=0 maxever=24171 >2ms=7815 >5ms=7812 >15ms=2872 >20ms=41 >30ms=0 | probes=7816 wrfail=0 down=4s maxout=4s
 136.946  t=134s RTT mean=15046 min=5779 max=22071 n=55 to=0 | cancels=0(+0/s) seqbad=0 len_bad=0 disc=0(0x00) | tot_n=7870 tot_to=0 maxever=24171 >2ms=7870 >5ms=7867 >15ms=2916 >20ms=42 >30ms=0 | probes=7871 wrfail=0 down=4s maxout=4s
 137.003  t=135s RTT mean=15109 min=7039 max=20517 n=55 to=0 | cancels=0(+0/s) seqbad=0 len_bad=0 disc=0(0x00) | tot_n=7925 tot_to=0 maxever=24171 >2ms=7925 >5ms=7922 >15ms=2959 >20ms=43 >30ms=0 | probes=7926 wrfail=0 down=4s maxout=4s
 138.957  t=136s RTT mean=15116 min=11912 max=16952 n=55 to=0 | cancels=0(+0/s) seqbad=0 len_bad=0 disc=0(0x00) | tot_n=7980 tot_to=0 maxever=24171 >2ms=7980 >5ms=7977 >15ms=3003 >20ms=43 >30ms=0 | probes=7981 wrfail=0 down=4s maxout=4s
 139.011  t=137s RTT mean=15112 min=10885 max=20603 n=55 to=0 | cancels=0(+0/s) seqbad=0 len_bad=0 disc=0(0x00) | tot_n=8035 tot_to=0 maxever=24171 >2ms=8035 >5ms=8032 >15ms=3047 >20ms=44 >30ms=0 | probes=8035 wrfail=0 down=4s maxout=4s
 140.959  t=138s RTT mean=15114 min=10885 max=19417 n=55 to=0 | cancels=0(+0/s) seqbad=0 len_bad=0 disc=0(0x00) | tot_n=8090 tot_to=0 maxever=24171 >2ms=8090 >5ms=8087 >15ms=3090 >20ms=44 >30ms=0 | probes=8090 wrfail=0 down=4s maxout=4s
 141.020  t=139s RTT mean=15044 min=5779 max=23257 n=55 to=0 | cancels=0(+0/s) seqbad=0 len_bad=0 disc=0(0x00) | tot_n=8145 tot_to=0 maxever=24171 >2ms=8145 >5ms=8142 >15ms=3135 >20ms=45 >30ms=0 | probes=8146 wrfail=0 down=4s maxout=4s
 142.946  t=140s RTT mean=15170 min=10885 max=22999 n=54 to=0 | cancels=0(+0/s) seqbad=0 len_bad=0 disc=0(0x00) | tot_n=8199 tot_to=0 maxever=24171 >2ms=8199 >5ms=8196 >15ms=3178 >20ms=46 >30ms=0 | probes=8200 wrfail=0 down=4s maxout=4s
 143.006  t=141s RTT mean=15057 min=10885 max=16954 n=56 to=0 | cancels=0(+0/s) seqbad=0 len_bad=0 disc=0(0x00) | tot_n=8255 tot_to=0 maxever=24171 >2ms=8255 >5ms=8252 >15ms=3222 >20ms=46 >30ms=0 | probes=8255 wrfail=0 down=4s maxout=4s
 144.969  t=142s RTT mean=15044 min=7039 max=20604 n=55 to=0 | cancels=0(+0/s) seqbad=0 len_bad=0 disc=0(0x00) | tot_n=8310 tot_to=0 maxever=24171 >2ms=8310 >5ms=8307 >15ms=3266 >20ms=47 >30ms=0 | probes=8311 wrfail=0 down=4s maxout=4s
 144.969  t=143s RTT mean=15112 min=7038 max=20862 n=55 to=0 | cancels=0(+0/s) seqbad=0 len_bad=0 disc=0(0x00) | tot_n=8365 tot_to=0 maxever=24171 >2ms=8365 >5ms=8362 >15ms=3308 >20ms=49 >30ms=0 | probes=8366 wrfail=0 down=4s maxout=4s
 146.955  t=144s RTT mean=15382 min=11912 max=23257 n=54 to=0 | cancels=0(+0/s) seqbad=0 len_bad=0 disc=0(0x00) | tot_n=8419 tot_to=0 maxever=24171 >2ms=8419 >5ms=8416 >15ms=3352 >20ms=51 >30ms=0 | probes=8420 wrfail=0 down=4s maxout=4s
 147.015  t=145s RTT mean=15380 min=5779 max=23258 n=54 to=0 | cancels=0(+0/s) seqbad=0 len_bad=0 disc=0(0x00) | tot_n=8473 tot_to=0 maxever=24171 >2ms=8473 >5ms=8470 >15ms=3396 >20ms=54 >30ms=0 | probes=8474 wrfail=0 down=4s maxout=4s
 149.001  t=146s RTT mean=15519 min=10885 max=23256 n=54 to=0 | cancels=0(+0/s) seqbad=0 len_bad=0 disc=0(0x00) | tot_n=8527 tot_to=0 maxever=24171 >2ms=8527 >5ms=8524 >15ms=3442 >20ms=57 >30ms=0 | probes=8528 wrfail=0 down=4s maxout=4s
 149.001  t=147s RTT mean=15659 min=5778 max=23256 n=53 to=0 | cancels=0(+0/s) seqbad=0 len_bad=0 disc=0(0x00) | tot_n=8580 tot_to=0 maxever=24171 >2ms=8580 >5ms=8577 >15ms=3485 >20ms=62 >30ms=0 | probes=8581 wrfail=0 down=4s maxout=4s
 150.981  t=148s RTT mean=15450 min=11912 max=21865 n=54 to=0 | cancels=0(+0/s) seqbad=0 len_bad=0 disc=0(0x00) | tot_n=8634 tot_to=0 maxever=24171 >2ms=8634 >5ms=8631 >15ms=3527 >20ms=65 >30ms=0 | probes=8635 wrfail=0 down=4s maxout=4s
 150.981  t=149s RTT mean=16086 min=7039 max=28363 n=52 to=0 | cancels=0(+0/s) seqbad=0 len_bad=0 disc=0(0x00) | tot_n=8686 tot_to=0 maxever=28363 >2ms=8686 >5ms=8683 >15ms=3571 >20ms=71 >30ms=0 | probes=8687 wrfail=0 down=4s maxout=4s
 152.966  t=150s RTT mean=15251 min=5778 max=19409 n=55 to=0 | cancels=0(+0/s) seqbad=0 len_bad=0 disc=0(0x00) | tot_n=8741 tot_to=0 maxever=28363 >2ms=8741 >5ms=8738 >15ms=3617 >20ms=71 >30ms=0 | probes=8742 wrfail=0 down=4s maxout=4s
 153.023  t=151s RTT mean=15110 min=10884 max=20521 n=55 to=0 | cancels=0(+0/s) seqbad=0 len_bad=0 disc=0(0x00) | tot_n=8796 tot_to=0 maxever=28363 >2ms=8796 >5ms=8793 >15ms=3660 >20ms=72 >30ms=0 | probes=8797 wrfail=0 down=4s maxout=4s
 154.959  t=152s RTT mean=15138 min=11912 max=16954 n=55 to=0 | cancels=0(+0/s) seqbad=0 len_bad=0 disc=0(0x00) | tot_n=8851 tot_to=0 maxever=28363 >2ms=8851 >5ms=8848 >15ms=3703 >20ms=72 >30ms=0 | probes=8851 wrfail=0 down=4s maxout=4s
 155.019  t=153s RTT mean=15024 min=7039 max=20862 n=55 to=0 | cancels=0(+0/s) seqbad=0 len_bad=0 disc=0(0x00) | tot_n=8906 tot_to=0 maxever=28363 >2ms=8906 >5ms=8903 >15ms=3746 >20ms=73 >30ms=0 | probes=8907 wrfail=0 down=4s maxout=4s
 156.955  t=154s RTT mean=15111 min=10885 max=20517 n=55 to=0 | cancels=0(+0/s) seqbad=0 len_bad=0 disc=0(0x00) | tot_n=8961 tot_to=0 maxever=28363 >2ms=8961 >5ms=8958 >15ms=3791 >20ms=74 >30ms=0 | probes=8962 wrfail=0 down=4s maxout=4s
 157.013  t=155s RTT mean=15115 min=11912 max=15818 n=55 to=0 | cancels=0(+0/s) seqbad=0 len_bad=0 disc=0(0x00) | tot_n=9016 tot_to=0 maxever=28363 >2ms=9016 >5ms=9013 >15ms=3837 >20ms=74 >30ms=0 | probes=9016 wrfail=0 down=4s maxout=4s
 158.976  t=156s RTT mean=15382 min=11912 max=23062 n=54 to=0 | cancels=0(+0/s) seqbad=0 len_bad=0 disc=0(0x00) | tot_n=9070 tot_to=0 maxever=28363 >2ms=9070 >5ms=9067 >15ms=3882 >20ms=75 >30ms=0 | probes=9071 wrfail=0 down=4s maxout=4s
 158.976  t=157s RTT mean=15117 min=10632 max=20517 n=55 to=0 | cancels=0(+0/s) seqbad=0 len_bad=0 disc=0(0x00) | tot_n=9125 tot_to=0 maxever=28363 >2ms=9125 >5ms=9122 >15ms=3922 >20ms=76 >30ms=0 | probes=9126 wrfail=0 down=4s maxout=4s
 160.972  t=158s RTT mean=15111 min=11912 max=16973 n=55 to=0 | cancels=0(+0/s) seqbad=0 len_bad=0 disc=0(0x00) | tot_n=9180 tot_to=0 maxever=28363 >2ms=9180 >5ms=9177 >15ms=3966 >20ms=76 >30ms=0 | probes=9180 wrfail=0 down=4s maxout=4s
 160.972  t=159s RTT mean=15032 min=10885 max=15757 n=54 to=0 | cancels=0(+0/s) seqbad=0 len_bad=0 disc=0(0x00) | tot_n=9234 tot_to=0 maxever=28363 >2ms=9234 >5ms=9231 >15ms=4011 >20ms=76 >30ms=0 | probes=9235 wrfail=0 down=4s maxout=4s
 162.961  t=160s RTT mean=15455 min=11912 max=23250 n=55 to=0 | cancels=0(+0/s) seqbad=0 len_bad=0 disc=0(0x00) | tot_n=9289 tot_to=0 maxever=28363 >2ms=9289 >5ms=9286 >15ms=4058 >20ms=78 >30ms=0 | probes=9290 wrfail=0 down=4s maxout=4s
 163.021  t=161s RTT mean=15175 min=11912 max=19407 n=54 to=0 | cancels=0(+0/s) seqbad=0 len_bad=0 disc=0(0x00) | tot_n=9343 tot_to=0 maxever=28363 >2ms=9343 >5ms=9340 >15ms=4103 >20ms=78 >30ms=0 | probes=9344 wrfail=0 down=4s maxout=4s
 164.975  t=162s RTT mean=15112 min=11912 max=16954 n=55 to=0 | cancels=0(+0/s) seqbad=0 len_bad=0 disc=0(0x00) | tot_n=9398 tot_to=0 maxever=28363 >2ms=9398 >5ms=9395 >15ms=4148 >20ms=78 >30ms=0 | probes=9399 wrfail=0 down=4s maxout=4s
 164.975  t=163s RTT mean=15058 min=5778 max=18311 n=56 to=0 | cancels=0(+0/s) seqbad=0 len_bad=0 disc=0(0x00) | tot_n=9454 tot_to=0 maxever=28363 >2ms=9454 >5ms=9451 >15ms=4195 >20ms=78 >30ms=0 | probes=9454 wrfail=0 down=4s maxout=4s
 167.006  t=164s RTT mean=15046 min=10885 max=16954 n=55 to=0 | cancels=0(+0/s) seqbad=0 len_bad=0 disc=0(0x00) | tot_n=9509 tot_to=0 maxever=28363 >2ms=9509 >5ms=9506 >15ms=4240 >20ms=78 >30ms=0 | probes=9510 wrfail=0 down=4s maxout=4s
 167.007  t=165s RTT mean=15171 min=11912 max=19408 n=54 to=0 | cancels=0(+0/s) seqbad=0 len_bad=0 disc=0(0x00) | tot_n=9563 tot_to=0 maxever=28363 >2ms=9563 >5ms=9560 >15ms=4283 >20ms=78 >30ms=0 | probes=9564 wrfail=0 down=4s maxout=4s
 168.980  t=166s RTT mean=15059 min=10635 max=16954 n=56 to=0 | cancels=0(+0/s) seqbad=0 len_bad=0 disc=0(0x00) | tot_n=9619 tot_to=0 maxever=28363 >2ms=9619 >5ms=9616 >15ms=4327 >20ms=78 >30ms=0 | probes=9619 wrfail=0 down=4s maxout=4s
 168.980  t=167s RTT mean=15044 min=10885 max=16954 n=55 to=0 | cancels=0(+0/s) seqbad=0 len_bad=0 disc=0(0x00) | tot_n=9674 tot_to=0 maxever=28363 >2ms=9674 >5ms=9671 >15ms=4371 >20ms=78 >30ms=0 | probes=9675 wrfail=0 down=4s maxout=4s
 171.005  t=168s RTT mean=15243 min=11912 max=20862 n=54 to=0 | cancels=0(+0/s) seqbad=0 len_bad=0 disc=0(0x00) | tot_n=9728 tot_to=0 maxever=28363 >2ms=9728 >5ms=9725 >15ms=4416 >20ms=79 >30ms=0 | probes=9729 wrfail=0 down=4s maxout=4s
 171.005  t=169s RTT mean=15044 min=8175 max=16954 n=55 to=0 | cancels=0(+0/s) seqbad=0 len_bad=0 disc=0(0x00) | tot_n=9783 tot_to=0 maxever=28363 >2ms=9783 >5ms=9780 >15ms=4461 >20ms=79 >30ms=0 | probes=9784 wrfail=0 down=4s maxout=4s
 172.972  t=170s RTT mean=15111 min=7039 max=23060 n=55 to=0 | cancels=0(+0/s) seqbad=0 len_bad=0 disc=0(0x00) | tot_n=9838 tot_to=0 maxever=28363 >2ms=9838 >5ms=9835 >15ms=4506 >20ms=80 >30ms=0 | probes=9839 wrfail=0 down=4s maxout=4s
 173.024  t=171s RTT mean=15057 min=10885 max=17012 n=56 to=0 | cancels=0(+0/s) seqbad=0 len_bad=0 disc=0(0x00) | tot_n=9894 tot_to=0 maxever=28363 >2ms=9894 >5ms=9891 >15ms=4550 >20ms=80 >30ms=0 | probes=9894 wrfail=0 down=4s maxout=4s
 174.984  t=172s RTT mean=15046 min=10884 max=16954 n=55 to=0 | cancels=0(+0/s) seqbad=0 len_bad=0 disc=0(0x00) | tot_n=9949 tot_to=0 maxever=28363 >2ms=9949 >5ms=9946 >15ms=4595 >20ms=80 >30ms=0 | probes=9949 wrfail=0 down=4s maxout=4s
 174.984  t=173s RTT mean=15045 min=10885 max=16700 n=55 to=0 | cancels=0(+0/s) seqbad=0 len_bad=0 disc=0(0x00) | tot_n=10004 tot_to=0 maxever=28363 >2ms=10004 >5ms=10001 >15ms=4640 >20ms=80 >30ms=0 | probes=10005 wrfail=0 down=4s maxout=4s
 176.953  t=174s RTT mean=15183 min=11912 max=20604 n=55 to=0 | cancels=0(+0/s) seqbad=0 len_bad=0 disc=0(0x00) | tot_n=10059 tot_to=0 maxever=28363 >2ms=10059 >5ms=10056 >15ms=4683 >20ms=81 >30ms=0 | probes=10059 wrfail=0 down=4s maxout=4s
 177.013  t=175s RTT mean=15045 min=10885 max=16954 n=55 to=0 | cancels=0(+0/s) seqbad=0 len_bad=0 disc=0(0x00) | tot_n=10114 tot_to=0 maxever=28363 >2ms=10114 >5ms=10111 >15ms=4728 >20ms=81 >30ms=0 | probes=10115 wrfail=0 down=4s maxout=4s
 178.988  t=176s RTT mean=15044 min=5778 max=18208 n=55 to=0 | cancels=0(+0/s) seqbad=0 len_bad=0 disc=0(0x00) | tot_n=10169 tot_to=0 maxever=28363 >2ms=10169 >5ms=10166 >15ms=4770 >20ms=81 >30ms=0 | probes=10170 wrfail=0 down=4s maxout=4s
 178.989  t=177s RTT mean=15115 min=10885 max=20517 n=55 to=0 | cancels=0(+0/s) seqbad=0 len_bad=0 disc=0(0x00) | tot_n=10224 tot_to=0 maxever=28363 >2ms=10224 >5ms=10221 >15ms=4813 >20ms=82 >30ms=0 | probes=10225 wrfail=0 down=4s maxout=4s
 180.955  t=178s RTT mean=15729 min=11911 max=22059 n=53 to=0 | cancels=0(+0/s) seqbad=0 len_bad=0 disc=0(0x00) | tot_n=10277 tot_to=0 maxever=28363 >2ms=10277 >5ms=10274 >15ms=4854 >20ms=87 >30ms=0 | probes=10278 wrfail=0 down=4s maxout=4s
 181.015  t=179s RTT mean=15865 min=11912 max=26906 n=53 to=0 | cancels=0(+0/s) seqbad=0 len_bad=0 disc=0(0x00) | tot_n=10330 tot_to=0 maxever=28363 >2ms=10330 >5ms=10327 >15ms=4900 >20ms=92 >30ms=0 | probes=10331 wrfail=0 down=4s maxout=4s
 182.992  t=180s RTT mean=15452 min=11912 max=21867 n=53 to=0 | cancels=0(+0/s) seqbad=0 len_bad=0 disc=0(0x00) | tot_n=10383 tot_to=0 maxever=28363 >2ms=10383 >5ms=10380 >15ms=4945 >20ms=94 >30ms=0 | probes=10384 wrfail=0 down=4s maxout=4s
 182.992  t=181s RTT mean=15510 min=5778 max=22059 n=54 to=0 | cancels=0(+0/s) seqbad=0 len_bad=0 disc=0(0x00) | tot_n=10437 tot_to=0 maxever=28363 >2ms=10437 >5ms=10434 >15ms=4990 >20ms=97 >30ms=0 | probes=10438 wrfail=0 down=4s maxout=4s
 184.972  t=182s RTT mean=15378 min=10885 max=22055 n=54 to=0 | cancels=0(+0/s) seqbad=0 len_bad=0 disc=0(0x00) | tot_n=10491 tot_to=0 maxever=28363 >2ms=10491 >5ms=10488 >15ms=5033 >20ms=99 >30ms=0 | probes=10492 wrfail=0 down=4s maxout=4s
 185.033  t=183s RTT mean=15055 min=7039 max=20512 n=56 to=0 | cancels=0(+0/s) seqbad=0 len_bad=0 disc=0(0x00) | tot_n=10547 tot_to=0 maxever=28363 >2ms=10547 >5ms=10544 >15ms=5078 >20ms=100 >30ms=0 | probes=10547 wrfail=0 down=4s maxout=4s
 186.955  t=184s RTT mean=15046 min=5778 max=20862 n=55 to=0 | cancels=0(+0/s) seqbad=0 len_bad=0 disc=0(0x00) | tot_n=10602 tot_to=0 maxever=28363 >2ms=10602 >5ms=10599 >15ms=5122 >20ms=102 >30ms=0 | probes=10603 wrfail=0 down=4s maxout=4s
 187.016  PCTL target=150 tot=3283 to=0 p50=15 p90=15 p99=21 p99.9=23 max=28 g30=0 g100=0 (ms/counts)
 187.016  LOADRAMP: target=160 KBps for 60s
 187.016  t=185s RTT mean=15109 min=7038 max=20604 n=55 to=0 | cancels=0(+0/s) seqbad=0 len_bad=0 disc=0(0x00) | tot_n=10657 tot_to=0 maxever=28363 >2ms=10657 >5ms=10654 >15ms=5165 >20ms=104 >30ms=0 | probes=10658 wrfail=0 down=4s maxout=4s
 188.973  t=186s RTT mean=15449 min=5778 max=19418 n=54 to=0 | cancels=0(+0/s) seqbad=0 len_bad=0 disc=0(0x00) | tot_n=10711 tot_to=0 maxever=28363 >2ms=10711 >5ms=10708 >15ms=5213 >20ms=104 >30ms=0 | probes=10711 wrfail=0 down=4s maxout=4s
 189.033  t=187s RTT mean=15444 min=11913 max=19411 n=54 to=0 | cancels=0(+0/s) seqbad=0 len_bad=0 disc=0(0x00) | tot_n=10765 tot_to=0 maxever=28363 >2ms=10765 >5ms=10762 >15ms=5261 >20ms=104 >30ms=0 | probes=10765 wrfail=0 down=4s maxout=4s
 190.981  t=188s RTT mean=15520 min=11912 max=19411 n=53 to=0 | cancels=0(+0/s) seqbad=0 len_bad=0 disc=0(0x00) | tot_n=10818 tot_to=0 maxever=28363 >2ms=10818 >5ms=10815 >15ms=5308 >20ms=104 >30ms=0 | probes=10819 wrfail=0 down=4s maxout=4s
 190.981  t=189s RTT mean=15318 min=10633 max=16954 n=55 to=0 | cancels=0(+0/s) seqbad=0 len_bad=0 disc=0(0x00) | tot_n=10873 tot_to=0 maxever=28363 >2ms=10873 >5ms=10870 >15ms=5357 >20ms=104 >30ms=0 | probes=10874 wrfail=0 down=4s maxout=4s
 192.971  t=190s RTT mean=15799 min=11912 max=23060 n=53 to=0 | cancels=0(+0/s) seqbad=0 len_bad=0 disc=0(0x00) | tot_n=10926 tot_to=0 maxever=28363 >2ms=10926 >5ms=10923 >15ms=5403 >20ms=106 >30ms=0 | probes=10926 wrfail=0 down=4s maxout=4s
 193.032  t=191s RTT mean=15430 min=11913 max=18307 n=54 to=0 | cancels=0(+0/s) seqbad=0 len_bad=0 disc=0(0x00) | tot_n=10980 tot_to=0 maxever=28363 >2ms=10980 >5ms=10977 >15ms=5450 >20ms=106 >30ms=0 | probes=10980 wrfail=0 down=4s maxout=4s
 194.959  t=192s RTT mean=15403 min=5778 max=19413 n=54 to=0 | cancels=0(+0/s) seqbad=0 len_bad=0 disc=0(0x00) | tot_n=11034 tot_to=0 maxever=28363 >2ms=11034 >5ms=11031 >15ms=5495 >20ms=106 >30ms=0 | probes=11035 wrfail=0 down=4s maxout=4s
 195.015  t=193s RTT mean=15446 min=11912 max=20550 n=54 to=0 | cancels=0(+0/s) seqbad=0 len_bad=0 disc=0(0x00) | tot_n=11088 tot_to=0 maxever=28363 >2ms=11088 >5ms=11085 >15ms=5537 >20ms=107 >30ms=0 | probes=11089 wrfail=0 down=4s maxout=4s
 196.975  t=194s RTT mean=15451 min=11913 max=18049 n=54 to=0 | cancels=0(+0/s) seqbad=0 len_bad=0 disc=0(0x00) | tot_n=11142 tot_to=0 maxever=28363 >2ms=11142 >5ms=11139 >15ms=5585 >20ms=107 >30ms=0 | probes=11142 wrfail=0 down=4s maxout=4s
 197.032  t=195s RTT mean=15380 min=11912 max=16666 n=54 to=0 | cancels=0(+0/s) seqbad=0 len_bad=0 disc=0(0x00) | tot_n=11196 tot_to=0 maxever=28363 >2ms=11196 >5ms=11193 >15ms=5633 >20ms=107 >30ms=0 | probes=11197 wrfail=0 down=4s maxout=4s
 199.003  t=196s RTT mean=15450 min=11912 max=20549 n=54 to=0 | cancels=0(+0/s) seqbad=0 len_bad=0 disc=0(0x00) | tot_n=11250 tot_to=0 maxever=28363 >2ms=11250 >5ms=11247 >15ms=5681 >20ms=108 >30ms=0 | probes=11251 wrfail=0 down=4s maxout=4s
 199.004  t=197s RTT mean=15452 min=11913 max=18305 n=54 to=0 | cancels=0(+0/s) seqbad=0 len_bad=0 disc=0(0x00) | tot_n=11304 tot_to=0 maxever=28363 >2ms=11304 >5ms=11301 >15ms=5727 >20ms=108 >30ms=0 | probes=11304 wrfail=0 down=4s maxout=4s
 200.973  t=198s RTT mean=15450 min=11912 max=20503 n=54 to=0 | cancels=0(+0/s) seqbad=0 len_bad=0 disc=0(0x00) | tot_n=11358 tot_to=0 maxever=28363 >2ms=11358 >5ms=11355 >15ms=5776 >20ms=109 >30ms=0 | probes=11358 wrfail=0 down=4s maxout=4s
 201.030  t=199s RTT mean=15802 min=11912 max=23256 n=53 to=0 | cancels=0(+0/s) seqbad=0 len_bad=0 disc=0(0x00) | tot_n=11411 tot_to=0 maxever=28363 >2ms=11411 >5ms=11408 >15ms=5824 >20ms=110 >30ms=0 | probes=11411 wrfail=0 down=4s maxout=4s
 202.977  t=200s RTT mean=15447 min=5778 max=19406 n=53 to=0 | cancels=0(+0/s) seqbad=0 len_bad=0 disc=0(0x00) | tot_n=11464 tot_to=0 maxever=28363 >2ms=11464 >5ms=11461 >15ms=5870 >20ms=110 >30ms=0 | probes=11465 wrfail=0 down=4s maxout=4s
 203.037  t=201s RTT mean=15797 min=11912 max=23002 n=53 to=0 | cancels=0(+0/s) seqbad=0 len_bad=0 disc=0(0x00) | tot_n=11517 tot_to=0 maxever=28363 >2ms=11517 >5ms=11514 >15ms=5914 >20ms=113 >30ms=0 | probes=11518 wrfail=0 down=4s maxout=4s
 205.007  t=202s RTT mean=15519 min=10885 max=23256 n=54 to=0 | cancels=0(+0/s) seqbad=0 len_bad=0 disc=0(0x00) | tot_n=11571 tot_to=0 maxever=28363 >2ms=11571 >5ms=11568 >15ms=5961 >20ms=114 >30ms=0 | probes=11572 wrfail=0 down=4s maxout=4s
 205.007  t=203s RTT mean=15252 min=5778 max=21980 n=55 to=0 | cancels=0(+0/s) seqbad=0 len_bad=0 disc=0(0x00) | tot_n=11626 tot_to=0 maxever=28363 >2ms=11626 >5ms=11623 >15ms=6006 >20ms=115 >30ms=0 | probes=11627 wrfail=0 down=4s maxout=4s
 207.003  t=204s RTT mean=15449 min=11912 max=20457 n=54 to=0 | cancels=0(+0/s) seqbad=0 len_bad=0 disc=0(0x00) | tot_n=11680 tot_to=0 maxever=28363 >2ms=11680 >5ms=11677 >15ms=6053 >20ms=116 >30ms=0 | probes=11680 wrfail=0 down=4s maxout=4s
 207.003  t=205s RTT mean=15449 min=11912 max=19406 n=54 to=0 | cancels=0(+0/s) seqbad=0 len_bad=0 disc=0(0x00) | tot_n=11734 tot_to=0 maxever=28363 >2ms=11734 >5ms=11731 >15ms=6099 >20ms=116 >30ms=0 | probes=11734 wrfail=0 down=4s maxout=4s
 208.983  t=206s RTT mean=15045 min=5779 max=16954 n=55 to=0 | cancels=0(+0/s) seqbad=0 len_bad=0 disc=0(0x00) | tot_n=11789 tot_to=0 maxever=28363 >2ms=11789 >5ms=11786 >15ms=6146 >20ms=116 >30ms=0 | probes=11790 wrfail=0 down=4s maxout=4s
 208.983  t=207s RTT mean=15452 min=11913 max=20461 n=54 to=0 | cancels=0(+0/s) seqbad=0 len_bad=0 disc=0(0x00) | tot_n=11843 tot_to=0 maxever=28363 >2ms=11843 >5ms=11840 >15ms=6193 >20ms=117 >30ms=0 | probes=11843 wrfail=0 down=4s maxout=4s
 210.997  t=208s RTT mean=15726 min=11912 max=21863 n=53 to=0 | cancels=0(+0/s) seqbad=0 len_bad=0 disc=0(0x00) | tot_n=11896 tot_to=0 maxever=28363 >2ms=11896 >5ms=11893 >15ms=6242 >20ms=119 >30ms=0 | probes=11897 wrfail=0 down=4s maxout=4s
 210.997  t=209s RTT mean=15451 min=11912 max=18053 n=54 to=0 | cancels=0(+0/s) seqbad=0 len_bad=0 disc=0(0x00) | tot_n=11950 tot_to=0 maxever=28363 >2ms=11950 >5ms=11947 >15ms=6289 >20ms=119 >30ms=0 | probes=11951 wrfail=0 down=4s maxout=4s
 212.993  t=210s RTT mean=15516 min=11913 max=23059 n=53 to=0 | cancels=0(+0/s) seqbad=0 len_bad=0 disc=0(0x00) | tot_n=12003 tot_to=0 maxever=28363 >2ms=12003 >5ms=12000 >15ms=6337 >20ms=120 >30ms=0 | probes=12004 wrfail=0 down=4s maxout=4s
 212.993  t=211s RTT mean=15543 min=10885 max=20861 n=54 to=0 | cancels=0(+0/s) seqbad=0 len_bad=0 disc=0(0x00) | tot_n=12057 tot_to=0 maxever=28363 >2ms=12057 >5ms=12054 >15ms=6384 >20ms=121 >30ms=0 | probes=12058 wrfail=0 down=4s maxout=4s
 214.993  t=212s RTT mean=15730 min=11912 max=20859 n=53 to=0 | cancels=0(+0/s) seqbad=0 len_bad=0 disc=0(0x00) | tot_n=12110 tot_to=0 maxever=28363 >2ms=12110 >5ms=12107 >15ms=6432 >20ms=122 >30ms=0 | probes=12111 wrfail=0 down=4s maxout=4s
 214.993  t=213s RTT mean=15630 min=11912 max=20486 n=54 to=0 | cancels=0(+0/s) seqbad=0 len_bad=0 disc=0(0x00) | tot_n=12164 tot_to=0 maxever=28363 >2ms=12164 >5ms=12161 >15ms=6480 >20ms=123 >30ms=0 | probes=12165 wrfail=0 down=4s maxout=4s
 216.974  t=214s RTT mean=15874 min=11913 max=20863 n=52 to=0 | cancels=0(+0/s) seqbad=0 len_bad=0 disc=0(0x00) | tot_n=12216 tot_to=0 maxever=28363 >2ms=12216 >5ms=12213 >15ms=6526 >20ms=126 >30ms=0 | probes=12217 wrfail=0 down=4s maxout=4s
 217.030  t=215s RTT mean=15384 min=5778 max=19666 n=55 to=0 | cancels=0(+0/s) seqbad=0 len_bad=0 disc=0(0x00) | tot_n=12271 tot_to=0 maxever=28363 >2ms=12271 >5ms=12268 >15ms=6575 >20ms=126 >30ms=0 | probes=12271 wrfail=0 down=4s maxout=4s
 218.990  t=216s RTT mean=15582 min=7039 max=20863 n=53 to=0 | cancels=0(+0/s) seqbad=0 len_bad=0 disc=0(0x00) | tot_n=12324 tot_to=0 maxever=28363 >2ms=12324 >5ms=12321 >15ms=6620 >20ms=127 >30ms=0 | probes=12325 wrfail=0 down=4s maxout=4s
 218.990  t=217s RTT mean=15450 min=7038 max=20604 n=54 to=0 | cancels=0(+0/s) seqbad=0 len_bad=0 disc=0(0x00) | tot_n=12378 tot_to=0 maxever=28363 >2ms=12378 >5ms=12375 >15ms=6666 >20ms=128 >30ms=0 | probes=12379 wrfail=0 down=4s maxout=4s
 220.980  t=218s RTT mean=15180 min=5778 max=16074 n=55 to=0 | cancels=0(+0/s) seqbad=0 len_bad=0 disc=0(0x00) | tot_n=12433 tot_to=0 maxever=28363 >2ms=12433 >5ms=12430 >15ms=6716 >20ms=128 >30ms=0 | probes=12434 wrfail=0 down=4s maxout=4s
 221.039  t=219s RTT mean=15520 min=11912 max=20456 n=54 to=0 | cancels=0(+0/s) seqbad=0 len_bad=0 disc=0(0x00) | tot_n=12487 tot_to=0 maxever=28363 >2ms=12487 >5ms=12484 >15ms=6764 >20ms=129 >30ms=0 | probes=12487 wrfail=0 down=4s maxout=4s
 222.999  t=220s RTT mean=15606 min=10884 max=23062 n=53 to=0 | cancels=0(+0/s) seqbad=0 len_bad=0 disc=0(0x00) | tot_n=12540 tot_to=0 maxever=28363 >2ms=12540 >5ms=12537 >15ms=6809 >20ms=130 >30ms=0 | probes=12541 wrfail=0 down=4s maxout=4s
 222.999  t=221s RTT mean=15496 min=5778 max=24455 n=54 to=0 | cancels=0(+0/s) seqbad=0 len_bad=0 disc=0(0x00) | tot_n=12594 tot_to=0 maxever=28363 >2ms=12594 >5ms=12591 >15ms=6852 >20ms=132 >30ms=0 | probes=12595 wrfail=0 down=4s maxout=4s
 224.963  t=222s RTT mean=15520 min=11912 max=20457 n=54 to=0 | cancels=0(+0/s) seqbad=0 len_bad=0 disc=0(0x00) | tot_n=12648 tot_to=0 maxever=28363 >2ms=12648 >5ms=12645 >15ms=6898 >20ms=133 >30ms=0 | probes=12648 wrfail=0 down=4s maxout=4s
 225.022  t=223s RTT mean=15521 min=11913 max=19414 n=53 to=0 | cancels=0(+0/s) seqbad=0 len_bad=0 disc=0(0x00) | tot_n=12701 tot_to=0 maxever=28363 >2ms=12701 >5ms=12698 >15ms=6945 >20ms=133 >30ms=0 | probes=12702 wrfail=0 down=4s maxout=4s
 226.985  t=224s RTT mean=15246 min=5778 max=16955 n=55 to=0 | cancels=0(+0/s) seqbad=0 len_bad=0 disc=0(0x00) | tot_n=12756 tot_to=0 maxever=28363 >2ms=12756 >5ms=12753 >15ms=6992 >20ms=133 >30ms=0 | probes=12757 wrfail=0 down=4s maxout=4s
 226.985  t=225s RTT mean=15449 min=11912 max=20712 n=54 to=0 | cancels=0(+0/s) seqbad=0 len_bad=0 disc=0(0x00) | tot_n=12810 tot_to=0 maxever=28363 >2ms=12810 >5ms=12807 >15ms=7038 >20ms=134 >30ms=0 | probes=12811 wrfail=0 down=4s maxout=4s
 228.971  t=226s RTT mean=15450 min=11912 max=18311 n=54 to=0 | cancels=0(+0/s) seqbad=0 len_bad=0 disc=0(0x00) | tot_n=12864 tot_to=0 maxever=28363 >2ms=12864 >5ms=12861 >15ms=7082 >20ms=134 >30ms=0 | probes=12865 wrfail=0 down=4s maxout=4s
 229.032  t=227s RTT mean=15359 min=11913 max=16954 n=54 to=0 | cancels=0(+0/s) seqbad=0 len_bad=0 disc=0(0x00) | tot_n=12918 tot_to=0 maxever=28363 >2ms=12918 >5ms=12915 >15ms=7129 >20ms=134 >30ms=0 | probes=12919 wrfail=0 down=4s maxout=4s
 231.007  t=228s RTT mean=15468 min=11912 max=20460 n=54 to=0 | cancels=0(+0/s) seqbad=0 len_bad=0 disc=0(0x00) | tot_n=12972 tot_to=0 maxever=28363 >2ms=12972 >5ms=12969 >15ms=7175 >20ms=135 >30ms=0 | probes=12973 wrfail=0 down=4s maxout=4s
 231.007  t=229s RTT mean=15452 min=11912 max=18312 n=54 to=0 | cancels=0(+0/s) seqbad=0 len_bad=0 disc=0(0x00) | tot_n=13026 tot_to=0 maxever=28363 >2ms=13026 >5ms=13023 >15ms=7223 >20ms=135 >30ms=0 | probes=13027 wrfail=0 down=4s maxout=4s
 232.997  t=230s RTT mean=15454 min=11913 max=19663 n=54 to=0 | cancels=0(+0/s) seqbad=0 len_bad=0 disc=0(0x00) | tot_n=13080 tot_to=0 maxever=28363 >2ms=13080 >5ms=13077 >15ms=7269 >20ms=135 >30ms=0 | probes=13081 wrfail=0 down=4s maxout=4s
 232.997  t=231s RTT mean=15375 min=10884 max=20517 n=54 to=0 | cancels=0(+0/s) seqbad=0 len_bad=0 disc=0(0x00) | tot_n=13134 tot_to=0 maxever=28363 >2ms=13134 >5ms=13131 >15ms=7315 >20ms=136 >30ms=0 | probes=13135 wrfail=0 down=4s maxout=4s
 234.971  t=232s RTT mean=15112 min=5779 max=16667 n=55 to=0 | cancels=0(+0/s) seqbad=0 len_bad=0 disc=0(0x00) | tot_n=13189 tot_to=0 maxever=28363 >2ms=13189 >5ms=13186 >15ms=7362 >20ms=136 >30ms=0 | probes=13190 wrfail=0 down=4s maxout=4s
 235.030  t=233s RTT mean=15379 min=5779 max=21867 n=54 to=0 | cancels=0(+0/s) seqbad=0 len_bad=0 disc=0(0x00) | tot_n=13243 tot_to=0 maxever=28363 >2ms=13243 >5ms=13240 >15ms=7408 >20ms=137 >30ms=0 | probes=13244 wrfail=0 down=4s maxout=4s
 236.980  t=234s RTT mean=15447 min=11912 max=20517 n=54 to=0 | cancels=0(+0/s) seqbad=0 len_bad=0 disc=0(0x00) | tot_n=13297 tot_to=0 maxever=28363 >2ms=13297 >5ms=13294 >15ms=7455 >20ms=138 >30ms=0 | probes=13298 wrfail=0 down=4s maxout=4s
 237.032  t=235s RTT mean=15449 min=11912 max=20862 n=54 to=0 | cancels=0(+0/s) seqbad=0 len_bad=0 disc=0(0x00) | tot_n=13351 tot_to=0 maxever=28363 >2ms=13351 >5ms=13348 >15ms=7499 >20ms=139 >30ms=0 | probes=13352 wrfail=0 down=4s maxout=4s
 238.982  t=236s RTT mean=15382 min=5778 max=21980 n=54 to=0 | cancels=0(+0/s) seqbad=0 len_bad=0 disc=0(0x00) | tot_n=13405 tot_to=0 maxever=28363 >2ms=13405 >5ms=13402 >15ms=7545 >20ms=140 >30ms=0 | probes=13406 wrfail=0 down=4s maxout=4s
 239.038  t=237s RTT mean=15516 min=11912 max=20517 n=54 to=0 | cancels=0(+0/s) seqbad=0 len_bad=0 disc=0(0x00) | tot_n=13459 tot_to=0 maxever=28363 >2ms=13459 >5ms=13456 >15ms=7591 >20ms=141 >30ms=0 | probes=13460 wrfail=0 down=4s maxout=4s
 241.008  t=238s RTT mean=15381 min=5778 max=20863 n=54 to=0 | cancels=0(+0/s) seqbad=0 len_bad=0 disc=0(0x00) | tot_n=13513 tot_to=0 maxever=28363 >2ms=13513 >5ms=13510 >15ms=7639 >20ms=142 >30ms=0 | probes=13514 wrfail=0 down=4s maxout=4s
 241.008  t=239s RTT mean=15062 min=5778 max=16954 n=55 to=0 | cancels=0(+0/s) seqbad=0 len_bad=0 disc=0(0x00) | tot_n=13568 tot_to=0 maxever=28363 >2ms=13568 >5ms=13565 >15ms=7684 >20ms=142 >30ms=0 | probes=13569 wrfail=0 down=4s maxout=4s
 242.998  t=240s RTT mean=15159 min=7038 max=16954 n=55 to=0 | cancels=0(+0/s) seqbad=0 len_bad=0 disc=0(0x00) | tot_n=13623 tot_to=0 maxever=28363 >2ms=13623 >5ms=13620 >15ms=7728 >20ms=142 >30ms=0 | probes=13624 wrfail=0 down=4s maxout=4s
 242.998  t=241s RTT mean=15380 min=11912 max=16955 n=54 to=0 | cancels=0(+0/s) seqbad=0 len_bad=0 disc=0(0x00) | tot_n=13677 tot_to=0 maxever=28363 >2ms=13677 >5ms=13674 >15ms=7772 >20ms=142 >30ms=0 | probes=13678 wrfail=0 down=4s maxout=4s
 244.982  t=242s RTT mean=15382 min=10885 max=19158 n=54 to=0 | cancels=0(+0/s) seqbad=0 len_bad=0 disc=0(0x00) | tot_n=13731 tot_to=0 maxever=28363 >2ms=13731 >5ms=13728 >15ms=7816 >20ms=142 >30ms=0 | probes=13732 wrfail=0 down=4s maxout=4s
 245.039  t=243s RTT mean=15447 min=11913 max=20517 n=54 to=0 | cancels=0(+0/s) seqbad=0 len_bad=0 disc=0(0x00) | tot_n=13785 tot_to=0 maxever=28363 >2ms=13785 >5ms=13782 >15ms=7863 >20ms=143 >30ms=0 | probes=13786 wrfail=0 down=4s maxout=4s
 246.966  t=244s RTT mean=15451 min=11912 max=19433 n=54 to=0 | cancels=0(+0/s) seqbad=0 len_bad=0 disc=0(0x00) | tot_n=13839 tot_to=0 maxever=28363 >2ms=13839 >5ms=13836 >15ms=7908 >20ms=143 >30ms=0 | probes=13840 wrfail=0 down=4s maxout=4s
 247.022  PCTL target=160 tot=3235 to=0 p50=15 p90=15 p99=20 p99.9=23 max=24 g30=0 g100=0 (ms/counts)
 247.023  LOADRAMP: target=170 KBps for 60s
 247.023  t=245s RTT mean=15381 min=11912 max=16953 n=54 to=0 | cancels=0(+0/s) seqbad=0 len_bad=0 disc=0(0x00) | tot_n=13893 tot_to=0 maxever=28363 >2ms=13893 >5ms=13890 >15ms=7956 >20ms=143 >30ms=0 | probes=13894 wrfail=0 down=4s maxout=4s
 249.004  t=246s RTT mean=16087 min=14555 max=23061 n=52 to=0 | cancels=0(+0/s) seqbad=0 len_bad=0 disc=0(0x00) | tot_n=13945 tot_to=0 maxever=28363 >2ms=13945 >5ms=13942 >15ms=8006 >20ms=145 >30ms=0 | probes=13946 wrfail=0 down=4s maxout=4s
 249.004  t=247s RTT mean=15984 min=14559 max=20604 n=53 to=0 | cancels=0(+0/s) seqbad=0 len_bad=0 disc=0(0x00) | tot_n=13998 tot_to=0 maxever=28363 >2ms=13998 >5ms=13995 >15ms=8054 >20ms=146 >30ms=0 | probes=13998 wrfail=0 down=4s maxout=4s
 250.974  t=248s RTT mean=15822 min=14622 max=19663 n=53 to=0 | cancels=0(+0/s) seqbad=0 len_bad=0 disc=0(0x00) | tot_n=14051 tot_to=0 maxever=28363 >2ms=14051 >5ms=14048 >15ms=8104 >20ms=146 >30ms=0 | probes=14051 wrfail=0 down=4s maxout=4s
 251.030  t=249s RTT mean=15658 min=14363 max=17012 n=53 to=0 | cancels=0(+0/s) seqbad=0 len_bad=0 disc=0(0x00) | tot_n=14104 tot_to=0 maxever=28363 >2ms=14104 >5ms=14101 >15ms=8153 >20ms=146 >30ms=0 | probes=14105 wrfail=0 down=4s maxout=4s
 252.988  t=250s RTT mean=15750 min=14451 max=18209 n=53 to=0 | cancels=0(+0/s) seqbad=0 len_bad=0 disc=0(0x00) | tot_n=14157 tot_to=0 maxever=28363 >2ms=14157 >5ms=14154 >15ms=8203 >20ms=146 >30ms=0 | probes=14158 wrfail=0 down=4s maxout=4s
 253.048  t=251s RTT mean=15775 min=14623 max=20512 n=53 to=0 | cancels=0(+0/s) seqbad=0 len_bad=0 disc=0(0x00) | tot_n=14210 tot_to=0 maxever=28363 >2ms=14210 >5ms=14207 >15ms=8253 >20ms=147 >30ms=0 | probes=14211 wrfail=0 down=4s maxout=4s
 254.979  t=252s RTT mean=15868 min=14195 max=23060 n=53 to=0 | cancels=0(+0/s) seqbad=0 len_bad=0 disc=0(0x00) | tot_n=14263 tot_to=0 maxever=28363 >2ms=14263 >5ms=14260 >15ms=8304 >20ms=148 >30ms=0 | probes=14264 wrfail=0 down=4s maxout=4s
 255.039  t=253s RTT mean=15945 min=14557 max=24168 n=52 to=0 | cancels=0(+0/s) seqbad=0 len_bad=0 disc=0(0x00) | tot_n=14315 tot_to=0 maxever=28363 >2ms=14315 >5ms=14312 >15ms=8354 >20ms=149 >30ms=0 | probes=14316 wrfail=0 down=4s maxout=4s
 257.008  t=254s RTT mean=15656 min=10784 max=19158 n=54 to=0 | cancels=0(+0/s) seqbad=0 len_bad=0 disc=0(0x00) | tot_n=14369 tot_to=0 maxever=28363 >2ms=14369 >5ms=14366 >15ms=8405 >20ms=149 >30ms=0 | probes=14369 wrfail=0 down=4s maxout=4s
 257.008  t=255s RTT mean=15877 min=14623 max=19420 n=52 to=0 | cancels=0(+0/s) seqbad=0 len_bad=0 disc=0(0x00) | tot_n=14421 tot_to=0 maxever=28363 >2ms=14421 >5ms=14418 >15ms=8455 >20ms=149 >30ms=0 | probes=14422 wrfail=0 down=4s maxout=4s
 259.006  t=256s RTT mean=15659 min=11983 max=19408 n=54 to=0 | cancels=0(+0/s) seqbad=0 len_bad=0 disc=0(0x00) | tot_n=14475 tot_to=0 maxever=28363 >2ms=14475 >5ms=14472 >15ms=8507 >20ms=149 >30ms=0 | probes=14475 wrfail=0 down=4s maxout=4s
 259.006  t=257s RTT mean=15729 min=14621 max=19422 n=53 to=0 | cancels=0(+0/s) seqbad=0 len_bad=0 disc=0(0x00) | tot_n=14528 tot_to=0 maxever=28363 >2ms=14528 >5ms=14525 >15ms=8559 >20ms=149 >30ms=0 | probes=14529 wrfail=0 down=4s maxout=4s
 261.005  t=258s RTT mean=15727 min=14560 max=19406 n=53 to=0 | cancels=0(+0/s) seqbad=0 len_bad=0 disc=0(0x00) | tot_n=14581 tot_to=0 maxever=28363 >2ms=14581 >5ms=14578 >15ms=8611 >20ms=149 >30ms=0 | probes=14582 wrfail=0 down=4s maxout=4s
 261.005  t=259s RTT mean=15376 min=5777 max=16955 n=54 to=0 | cancels=0(+0/s) seqbad=0 len_bad=0 disc=0(0x00) | tot_n=14635 tot_to=0 maxever=28363 >2ms=14635 >5ms=14632 >15ms=8658 >20ms=149 >30ms=0 | probes=14636 wrfail=0 down=4s maxout=4s
 263.006  t=260s RTT mean=15892 min=14622 max=22059 n=53 to=0 | cancels=0(+0/s) seqbad=0 len_bad=0 disc=0(0x00) | tot_n=14688 tot_to=0 maxever=28363 >2ms=14688 >5ms=14685 >15ms=8709 >20ms=150 >30ms=0 | probes=14689 wrfail=0 down=4s maxout=4s
 263.006  t=261s RTT mean=15705 min=14557 max=19422 n=53 to=0 | cancels=0(+0/s) seqbad=0 len_bad=0 disc=0(0x00) | tot_n=14741 tot_to=0 maxever=28363 >2ms=14741 >5ms=14738 >15ms=8757 >20ms=150 >30ms=0 | probes=14742 wrfail=0 down=4s maxout=4s
 264.979  t=262s RTT mean=15798 min=15502 max=19418 n=53 to=0 | cancels=0(+0/s) seqbad=0 len_bad=0 disc=0(0x00) | tot_n=14794 tot_to=0 maxever=28363 >2ms=14794 >5ms=14791 >15ms=8810 >20ms=150 >30ms=0 | probes=14795 wrfail=0 down=4s maxout=4s
 265.035  t=263s RTT mean=15729 min=14453 max=20532 n=53 to=0 | cancels=0(+0/s) seqbad=0 len_bad=0 disc=0(0x00) | tot_n=14847 tot_to=0 maxever=28363 >2ms=14847 >5ms=14844 >15ms=8862 >20ms=151 >30ms=0 | probes=14848 wrfail=0 down=4s maxout=4s
 267.001  t=264s RTT mean=15451 min=5779 max=16954 n=54 to=0 | cancels=0(+0/s) seqbad=0 len_bad=0 disc=0(0x00) | tot_n=14901 tot_to=0 maxever=28363 >2ms=14901 >5ms=14898 >15ms=8912 >20ms=151 >30ms=0 | probes=14902 wrfail=0 down=4s maxout=4s
 267.001  t=265s RTT mean=15729 min=15499 max=19411 n=53 to=0 | cancels=0(+0/s) seqbad=0 len_bad=0 disc=0(0x00) | tot_n=14954 tot_to=0 maxever=28363 >2ms=14954 >5ms=14951 >15ms=8965 >20ms=151 >30ms=0 | probes=14955 wrfail=0 down=4s maxout=4s
 268.978  t=266s RTT mean=15798 min=14621 max=20506 n=53 to=0 | cancels=0(+0/s) seqbad=0 len_bad=0 disc=0(0x00) | tot_n=15007 tot_to=0 maxever=28363 >2ms=15007 >5ms=15004 >15ms=9015 >20ms=152 >30ms=0 | probes=15008 wrfail=0 down=4s maxout=4s
 269.039  t=267s RTT mean=15729 min=14623 max=19413 n=53 to=0 | cancels=0(+0/s) seqbad=0 len_bad=0 disc=0(0x00) | tot_n=15060 tot_to=0 maxever=28363 >2ms=15060 >5ms=15057 >15ms=9067 >20ms=152 >30ms=0 | probes=15061 wrfail=0 down=4s maxout=4s
 270.984  t=268s RTT mean=15452 min=5779 max=16954 n=54 to=0 | cancels=0(+0/s) seqbad=0 len_bad=0 disc=0(0x00) | tot_n=15114 tot_to=0 maxever=28363 >2ms=15114 >5ms=15111 >15ms=9118 >20ms=152 >30ms=0 | probes=15115 wrfail=0 down=4s maxout=4s
 271.039  t=269s RTT mean=15586 min=9343 max=18302 n=54 to=0 | cancels=0(+0/s) seqbad=0 len_bad=0 disc=0(0x00) | tot_n=15168 tot_to=0 maxever=28363 >2ms=15168 >5ms=15165 >15ms=9170 >20ms=152 >30ms=0 | probes=15169 wrfail=0 down=4s maxout=4s
 273.016  t=270s RTT mean=15661 min=14622 max=16954 n=53 to=0 | cancels=0(+0/s) seqbad=0 len_bad=0 disc=0(0x00) | tot_n=15221 tot_to=0 maxever=28363 >2ms=15221 >5ms=15218 >15ms=9222 >20ms=152 >30ms=0 | probes=15222 wrfail=0 down=4s maxout=4s
 273.016  t=271s RTT mean=15869 min=14556 max=20515 n=53 to=0 | cancels=0(+0/s) seqbad=0 len_bad=0 disc=0(0x00) | tot_n=15274 tot_to=0 maxever=28363 >2ms=15274 >5ms=15271 >15ms=9271 >20ms=153 >30ms=0 | probes=15275 wrfail=0 down=4s maxout=4s
 274.972  t=272s RTT mean=15655 min=13106 max=18209 n=53 to=0 | cancels=0(+0/s) seqbad=0 len_bad=0 disc=0(0x00) | tot_n=15327 tot_to=0 maxever=28363 >2ms=15327 >5ms=15324 >15ms=9321 >20ms=153 >30ms=0 | probes=15328 wrfail=0 down=4s maxout=4s
 275.033  t=273s RTT mean=15800 min=14561 max=19423 n=53 to=0 | cancels=0(+0/s) seqbad=0 len_bad=0 disc=0(0x00) | tot_n=15380 tot_to=0 maxever=28363 >2ms=15380 >5ms=15377 >15ms=9371 >20ms=153 >30ms=0 | probes=15381 wrfail=0 down=4s maxout=4s
 276.989  t=274s RTT mean=15803 min=14622 max=20506 n=53 to=0 | cancels=0(+0/s) seqbad=0 len_bad=0 disc=0(0x00) | tot_n=15433 tot_to=0 maxever=28363 >2ms=15433 >5ms=15430 >15ms=9423 >20ms=154 >30ms=0 | probes=15434 wrfail=0 down=4s maxout=4s
 277.050  t=275s RTT mean=15936 min=14555 max=23065 n=53 to=0 | cancels=0(+0/s) seqbad=0 len_bad=0 disc=0(0x00) | tot_n=15486 tot_to=0 maxever=28363 >2ms=15486 >5ms=15483 >15ms=9474 >20ms=156 >30ms=0 | probes=15486 wrfail=0 down=4s maxout=4s
 278.978  t=276s RTT mean=15586 min=8402 max=19411 n=53 to=0 | cancels=0(+0/s) seqbad=0 len_bad=0 disc=0(0x00) | tot_n=15539 tot_to=0 maxever=28363 >2ms=15539 >5ms=15536 >15ms=9523 >20ms=156 >30ms=0 | probes=15540 wrfail=0 down=4s maxout=4s
 279.038  t=277s RTT mean=15798 min=14622 max=20511 n=53 to=0 | cancels=0(+0/s) seqbad=0 len_bad=0 disc=0(0x00) | tot_n=15592 tot_to=0 maxever=28363 >2ms=15592 >5ms=15589 >15ms=9575 >20ms=157 >30ms=0 | probes=15593 wrfail=0 down=4s maxout=4s
 281.002  t=278s RTT mean=15800 min=14622 max=19157 n=53 to=0 | cancels=0(+0/s) seqbad=0 len_bad=0 disc=0(0x00) | tot_n=15645 tot_to=0 maxever=28363 >2ms=15645 >5ms=15642 >15ms=9626 >20ms=157 >30ms=0 | probes=15646 wrfail=0 down=4s maxout=4s
 281.002  t=279s RTT mean=15729 min=14622 max=19411 n=53 to=0 | cancels=0(+0/s) seqbad=0 len_bad=0 disc=0(0x00) | tot_n=15698 tot_to=0 maxever=28363 >2ms=15698 >5ms=15695 >15ms=9676 >20ms=157 >30ms=0 | probes=15699 wrfail=0 down=4s maxout=4s
 282.994  t=280s RTT mean=15655 min=14461 max=19407 n=53 to=0 | cancels=0(+0/s) seqbad=0 len_bad=0 disc=0(0x00) | tot_n=15751 tot_to=0 maxever=28363 >2ms=15751 >5ms=15748 >15ms=9725 >20ms=157 >30ms=0 | probes=15752 wrfail=0 down=4s maxout=4s
 282.994  t=281s RTT mean=15251 min=3135 max=16954 n=55 to=0 | cancels=0(+0/s) seqbad=0 len_bad=0 disc=0(0x00) | tot_n=15806 tot_to=0 maxever=28363 >2ms=15806 >5ms=15802 >15ms=9777 >20ms=157 >30ms=0 | probes=15807 wrfail=0 down=4s maxout=4s
 285.006  t=282s RTT mean=15869 min=14551 max=20527 n=53 to=0 | cancels=0(+0/s) seqbad=0 len_bad=0 disc=0(0x00) | tot_n=15859 tot_to=0 maxever=28363 >2ms=15859 >5ms=15855 >15ms=9828 >20ms=158 >30ms=0 | probes=15860 wrfail=0 down=4s maxout=4s
 285.006  t=283s RTT mean=15727 min=11916 max=20863 n=53 to=0 | cancels=0(+0/s) seqbad=0 len_bad=0 disc=0(0x00) | tot_n=15912 tot_to=0 maxever=28363 >2ms=15912 >5ms=15908 >15ms=9877 >20ms=159 >30ms=0 | probes=15913 wrfail=0 down=4s maxout=4s
 286.973  t=284s RTT mean=15728 min=14561 max=19408 n=53 to=0 | cancels=0(+0/s) seqbad=0 len_bad=0 disc=0(0x00) | tot_n=15965 tot_to=0 maxever=28363 >2ms=15965 >5ms=15961 >15ms=9928 >20ms=159 >30ms=0 | probes=15966 wrfail=0 down=4s maxout=4s
 287.030  t=285s RTT mean=15518 min=10870 max=16954 n=54 to=0 | cancels=0(+0/s) seqbad=0 len_bad=0 disc=0(0x00) | tot_n=16019 tot_to=0 maxever=28363 >2ms=16019 >5ms=16015 >15ms=9978 >20ms=159 >30ms=0 | probes=16020 wrfail=0 down=4s maxout=4s
 289.017  t=286s RTT mean=15519 min=10588 max=19412 n=54 to=0 | cancels=0(+0/s) seqbad=0 len_bad=0 disc=0(0x00) | tot_n=16073 tot_to=0 maxever=28363 >2ms=16073 >5ms=16069 >15ms=10025 >20ms=159 >30ms=0 | probes=16073 wrfail=0 down=4s maxout=4s
 289.018  t=287s RTT mean=15584 min=11995 max=16954 n=53 to=0 | cancels=0(+0/s) seqbad=0 len_bad=0 disc=0(0x00) | tot_n=16126 tot_to=0 maxever=28363 >2ms=16126 >5ms=16122 >15ms=10074 >20ms=159 >30ms=0 | probes=16127 wrfail=0 down=4s maxout=4s
 290.989  t=288s RTT mean=15518 min=10870 max=16667 n=54 to=0 | cancels=0(+0/s) seqbad=0 len_bad=0 disc=0(0x00) | tot_n=16180 tot_to=0 maxever=28363 >2ms=16180 >5ms=16176 >15ms=10125 >20ms=159 >30ms=0 | probes=16181 wrfail=0 down=4s maxout=4s
 291.047  t=289s RTT mean=15729 min=15501 max=19412 n=53 to=0 | cancels=0(+0/s) seqbad=0 len_bad=0 disc=0(0x00) | tot_n=16233 tot_to=0 maxever=28363 >2ms=16233 >5ms=16229 >15ms=10178 >20ms=159 >30ms=0 | probes=16234 wrfail=0 down=4s maxout=4s
 292.994  t=290s RTT mean=15729 min=15502 max=19422 n=53 to=0 | cancels=0(+0/s) seqbad=0 len_bad=0 disc=0(0x00) | tot_n=16286 tot_to=0 maxever=28363 >2ms=16286 >5ms=16282 >15ms=10231 >20ms=159 >30ms=0 | probes=16287 wrfail=0 down=4s maxout=4s
 293.055  t=291s RTT mean=16066 min=14557 max=23060 n=52 to=0 | cancels=0(+0/s) seqbad=0 len_bad=0 disc=0(0x00) | tot_n=16338 tot_to=0 maxever=28363 >2ms=16338 >5ms=16334 >15ms=10282 >20ms=162 >30ms=0 | probes=16339 wrfail=0 down=4s maxout=4s
 295.005  t=292s RTT mean=15603 min=11828 max=16670 n=54 to=0 | cancels=0(+0/s) seqbad=0 len_bad=0 disc=0(0x00) | tot_n=16392 tot_to=0 maxever=28363 >2ms=16392 >5ms=16388 >15ms=10333 >20ms=162 >30ms=0 | probes=16393 wrfail=0 down=4s maxout=4s
 295.006  t=293s RTT mean=15636 min=14557 max=16670 n=53 to=0 | cancels=0(+0/s) seqbad=0 len_bad=0 disc=0(0x00) | tot_n=16445 tot_to=0 maxever=28363 >2ms=16445 >5ms=16441 >15ms=10384 >20ms=162 >30ms=0 | probes=16446 wrfail=0 down=4s maxout=4s
 297.024  t=294s RTT mean=15818 min=10875 max=23063 n=53 to=0 | cancels=0(+0/s) seqbad=0 len_bad=0 disc=0(0x00) | tot_n=16498 tot_to=0 maxever=28363 >2ms=16498 >5ms=16494 >15ms=10434 >20ms=164 >30ms=0 | probes=16499 wrfail=0 down=4s maxout=4s
 297.024  t=295s RTT mean=15450 min=5779 max=16955 n=54 to=0 | cancels=0(+0/s) seqbad=0 len_bad=0 disc=0(0x00) | tot_n=16552 tot_to=0 maxever=28363 >2ms=16552 >5ms=16548 >15ms=10484 >20ms=164 >30ms=0 | probes=16553 wrfail=0 down=4s maxout=4s
 299.001  t=296s RTT mean=15447 min=5779 max=19406 n=54 to=0 | cancels=0(+0/s) seqbad=0 len_bad=0 disc=0(0x00) | tot_n=16606 tot_to=0 maxever=28363 >2ms=16606 >5ms=16602 >15ms=10535 >20ms=164 >30ms=0 | probes=16607 wrfail=0 down=4s maxout=4s
 299.001  t=297s RTT mean=15869 min=14560 max=19422 n=53 to=0 | cancels=0(+0/s) seqbad=0 len_bad=0 disc=0(0x00) | tot_n=16659 tot_to=0 maxever=28363 >2ms=16659 >5ms=16655 >15ms=10584 >20ms=164 >30ms=0 | probes=16660 wrfail=0 down=4s maxout=4s
 300.974  t=298s RTT mean=15659 min=14556 max=16954 n=53 to=0 | cancels=0(+0/s) seqbad=0 len_bad=0 disc=0(0x00) | tot_n=16712 tot_to=0 maxever=28363 >2ms=16712 >5ms=16708 >15ms=10635 >20ms=164 >30ms=0 | probes=16713 wrfail=0 down=4s maxout=4s
 301.034  t=299s RTT mean=15513 min=10881 max=16924 n=53 to=0 | cancels=0(+0/s) seqbad=0 len_bad=0 disc=0(0x00) | tot_n=16765 tot_to=0 maxever=28363 >2ms=16765 >5ms=16761 >15ms=10685 >20ms=164 >30ms=0 | probes=16766 wrfail=0 down=4s maxout=4s
 302.990  t=300s RTT mean=15752 min=11920 max=23251 n=54 to=0 | cancels=0(+0/s) seqbad=0 len_bad=0 disc=0(0x00) | tot_n=16819 tot_to=0 maxever=28363 >2ms=16819 >5ms=16815 >15ms=10734 >20ms=165 >30ms=0 | probes=16820 wrfail=0 down=4s maxout=4s
 303.047  t=301s RTT mean=15379 min=5779 max=16954 n=54 to=0 | cancels=0(+0/s) seqbad=0 len_bad=0 disc=0(0x00) | tot_n=16873 tot_to=0 maxever=28363 >2ms=16873 >5ms=16869 >15ms=10782 >20ms=165 >30ms=0 | probes=16874 wrfail=0 down=4s maxout=4s
 305.010  t=302s RTT mean=15496 min=10871 max=16954 n=54 to=0 | cancels=0(+0/s) seqbad=0 len_bad=0 disc=0(0x00) | tot_n=16927 tot_to=0 maxever=28363 >2ms=16927 >5ms=16923 >15ms=10831 >20ms=165 >30ms=0 | probes=16928 wrfail=0 down=4s maxout=4s
 305.010  t=303s RTT mean=15447 min=10588 max=16754 n=54 to=0 | cancels=0(+0/s) seqbad=0 len_bad=0 disc=0(0x00) | tot_n=16981 tot_to=0 maxever=28363 >2ms=16981 >5ms=16977 >15ms=10880 >20ms=165 >30ms=0 | probes=16982 wrfail=0 down=4s maxout=4s
 306.985  t=304s RTT mean=15313 min=5779 max=16954 n=54 to=0 | cancels=0(+0/s) seqbad=0 len_bad=0 disc=0(0x00) | tot_n=17035 tot_to=0 maxever=28363 >2ms=17035 >5ms=17031 >15ms=10931 >20ms=165 >30ms=0 | probes=17036 wrfail=0 down=4s maxout=4s
 306.985  PCTL target=170 tot=3195 to=0 p50=15 p90=15 p99=19 p99.9=23 max=24 g30=0 g100=0 (ms/counts)
 307.037  LOADRAMP: target=180 KBps for 60s
 307.037  t=305s RTT mean=15796 min=14538 max=20521 n=53 to=0 | cancels=0(+0/s) seqbad=0 len_bad=0 disc=0(0x00) | tot_n=17088 tot_to=0 maxever=28363 >2ms=17088 >5ms=17084 >15ms=10982 >20ms=166 >30ms=0 | probes=17089 wrfail=0 down=4s maxout=4s
 308.987  t=306s RTT mean=15730 min=14623 max=19413 n=53 to=0 | cancels=0(+0/s) seqbad=0 len_bad=0 disc=0(0x00) | tot_n=17141 tot_to=0 maxever=28363 >2ms=17141 >5ms=17137 >15ms=11034 >20ms=166 >30ms=0 | probes=17142 wrfail=0 down=4s maxout=4s
 309.047  t=307s RTT mean=15727 min=14570 max=20603 n=53 to=0 | cancels=0(+0/s) seqbad=0 len_bad=0 disc=0(0x00) | tot_n=17194 tot_to=0 maxever=28363 >2ms=17194 >5ms=17190 >15ms=11085 >20ms=167 >30ms=0 | probes=17195 wrfail=0 down=4s maxout=4s
 311.006  t=308s RTT mean=15659 min=14622 max=16954 n=54 to=0 | cancels=0(+0/s) seqbad=0 len_bad=0 disc=0(0x00) | tot_n=17248 tot_to=0 maxever=28363 >2ms=17248 >5ms=17244 >15ms=11138 >20ms=167 >30ms=0 | probes=17248 wrfail=0 down=4s maxout=4s
 311.006  t=309s RTT mean=15658 min=14560 max=16667 n=53 to=0 | cancels=0(+0/s) seqbad=0 len_bad=0 disc=0(0x00) | tot_n=17301 tot_to=0 maxever=28363 >2ms=17301 >5ms=17297 >15ms=11190 >20ms=167 >30ms=0 | probes=17302 wrfail=0 down=4s maxout=4s
 312.979  t=310s RTT mean=15797 min=14560 max=24512 n=53 to=0 | cancels=0(+0/s) seqbad=0 len_bad=0 disc=0(0x00) | tot_n=17354 tot_to=0 maxever=28363 >2ms=17354 >5ms=17350 >15ms=11240 >20ms=168 >30ms=0 | probes=17355 wrfail=0 down=4s maxout=4s
 313.040  t=311s RTT mean=15800 min=14560 max=23060 n=53 to=0 | cancels=0(+0/s) seqbad=0 len_bad=0 disc=0(0x00) | tot_n=17407 tot_to=0 maxever=28363 >2ms=17407 >5ms=17403 >15ms=11292 >20ms=169 >30ms=0 | probes=17408 wrfail=0 down=4s maxout=4s
 314.999  t=312s RTT mean=15657 min=15502 max=15815 n=53 to=0 | cancels=0(+0/s) seqbad=0 len_bad=0 disc=0(0x00) | tot_n=17460 tot_to=0 maxever=28363 >2ms=17460 >5ms=17456 >15ms=11345 >20ms=169 >30ms=0 | probes=17461 wrfail=0 down=4s maxout=4s
 315.060  t=313s RTT mean=15656 min=14558 max=16669 n=54 to=0 | cancels=0(+0/s) seqbad=0 len_bad=0 disc=0(0x00) | tot_n=17514 tot_to=0 maxever=28363 >2ms=17514 >5ms=17510 >15ms=11398 >20ms=169 >30ms=0 | probes=17514 wrfail=0 down=4s maxout=4s
 316.990  t=314s RTT mean=15659 min=14560 max=16954 n=53 to=0 | cancels=0(+0/s) seqbad=0 len_bad=0 disc=0(0x00) | tot_n=17567 tot_to=0 maxever=28363 >2ms=17567 >5ms=17563 >15ms=11449 >20ms=169 >30ms=0 | probes=17568 wrfail=0 down=4s maxout=4s
 317.044  t=315s RTT mean=15727 min=14561 max=20862 n=53 to=0 | cancels=0(+0/s) seqbad=0 len_bad=0 disc=0(0x00) | tot_n=17620 tot_to=0 maxever=28363 >2ms=17620 >5ms=17616 >15ms=11499 >20ms=170 >30ms=0 | probes=17621 wrfail=0 down=4s maxout=4s
 319.016  t=316s RTT mean=15652 min=14558 max=16954 n=53 to=0 | cancels=0(+0/s) seqbad=0 len_bad=0 disc=0(0x00) | tot_n=17673 tot_to=0 maxever=28363 >2ms=17673 >5ms=17669 >15ms=11547 >20ms=170 >30ms=0 | probes=17674 wrfail=0 down=4s maxout=4s
 319.017  t=317s RTT mean=15822 min=14622 max=22059 n=53 to=0 | cancels=0(+0/s) seqbad=0 len_bad=0 disc=0(0x00) | tot_n=17726 tot_to=0 maxever=28363 >2ms=17726 >5ms=17722 >15ms=11599 >20ms=171 >30ms=0 | probes=17727 wrfail=0 down=4s maxout=4s
 321.031  t=318s RTT mean=15637 min=14623 max=15819 n=54 to=0 | cancels=0(+0/s) seqbad=0 len_bad=0 disc=0(0x00) | tot_n=17780 tot_to=0 maxever=28363 >2ms=17780 >5ms=17776 >15ms=11652 >20ms=171 >30ms=0 | probes=17781 wrfail=0 down=4s maxout=4s
 321.031  t=319s RTT mean=15727 min=14559 max=19666 n=53 to=0 | cancels=0(+0/s) seqbad=0 len_bad=0 disc=0(0x00) | tot_n=17833 tot_to=0 maxever=28363 >2ms=17833 >5ms=17829 >15ms=11702 >20ms=171 >30ms=0 | probes=17834 wrfail=0 down=4s maxout=4s
 323.004  t=320s RTT mean=15655 min=14561 max=16775 n=53 to=0 | cancels=0(+0/s) seqbad=0 len_bad=0 disc=0(0x00) | tot_n=17886 tot_to=0 maxever=28363 >2ms=17886 >5ms=17882 >15ms=11753 >20ms=171 >30ms=0 | probes=17887 wrfail=0 down=4s maxout=4s
 323.004  t=321s RTT mean=15658 min=14622 max=16954 n=54 to=0 | cancels=0(+0/s) seqbad=0 len_bad=0 disc=0(0x00) | tot_n=17940 tot_to=0 maxever=28363 >2ms=17940 >5ms=17936 >15ms=11805 >20ms=171 >30ms=0 | probes=17940 wrfail=0 down=4s maxout=4s
 324.997  t=322s RTT mean=15661 min=14622 max=16954 n=53 to=0 | cancels=0(+0/s) seqbad=0 len_bad=0 disc=0(0x00) | tot_n=17993 tot_to=0 maxever=28363 >2ms=17993 >5ms=17989 >15ms=11857 >20ms=171 >30ms=0 | probes=17994 wrfail=0 down=4s maxout=4s
 325.057  t=323s RTT mean=15724 min=14556 max=19407 n=53 to=0 | cancels=0(+0/s) seqbad=0 len_bad=0 disc=0(0x00) | tot_n=18046 tot_to=0 maxever=28363 >2ms=18046 >5ms=18042 >15ms=11907 >20ms=171 >30ms=0 | probes=18047 wrfail=0 down=4s maxout=4s
 327.011  t=324s RTT mean=15655 min=14560 max=16666 n=53 to=0 | cancels=0(+0/s) seqbad=0 len_bad=0 disc=0(0x00) | tot_n=18099 tot_to=0 maxever=28363 >2ms=18099 >5ms=18095 >15ms=11959 >20ms=171 >30ms=0 | probes=18100 wrfail=0 down=4s maxout=4s
 327.011  t=325s RTT mean=15656 min=14561 max=16954 n=54 to=0 | cancels=0(+0/s) seqbad=0 len_bad=0 disc=0(0x00) | tot_n=18153 tot_to=0 maxever=28363 >2ms=18153 >5ms=18149 >15ms=12011 >20ms=171 >30ms=0 | probes=18154 wrfail=0 down=4s maxout=4s
 329.023  t=326s RTT mean=15659 min=14560 max=16666 n=53 to=0 | cancels=0(+0/s) seqbad=0 len_bad=0 disc=0(0x00) | tot_n=18206 tot_to=0 maxever=28363 >2ms=18206 >5ms=18202 >15ms=12063 >20ms=171 >30ms=0 | probes=18207 wrfail=0 down=4s maxout=4s
 329.023  t=327s RTT mean=16388 min=15558 max=23257 n=51 to=0 | cancels=0(+0/s) seqbad=0 len_bad=0 disc=0(0x00) | tot_n=18257 tot_to=0 maxever=28363 >2ms=18257 >5ms=18253 >15ms=12114 >20ms=176 >30ms=0 | probes=18258 wrfail=0 down=4s maxout=4s
 331.026  t=328s RTT mean=16091 min=15560 max=23256 n=52 to=0 | cancels=0(+0/s) seqbad=0 len_bad=0 disc=0(0x00) | tot_n=18309 tot_to=0 maxever=28363 >2ms=18309 >5ms=18305 >15ms=12166 >20ms=179 >30ms=0 | probes=18310 wrfail=0 down=4s maxout=4s
 331.026  t=329s RTT mean=16761 min=15451 max=23257 n=51 to=0 | cancels=0(+0/s) seqbad=0 len_bad=0 disc=0(0x00) | tot_n=18360 tot_to=0 maxever=28363 >2ms=18360 >5ms=18356 >15ms=12217 >20ms=186 >30ms=0 | probes=18361 wrfail=0 down=4s maxout=4s
 333.038  t=330s RTT mean=15802 min=14622 max=23256 n=53 to=0 | cancels=0(+0/s) seqbad=0 len_bad=0 disc=0(0x00) | tot_n=18413 tot_to=0 maxever=28363 >2ms=18413 >5ms=18409 >15ms=12267 >20ms=187 >30ms=0 | probes=18414 wrfail=0 down=4s maxout=4s
 333.038  t=331s RTT mean=15655 min=14560 max=16692 n=53 to=0 | cancels=0(+0/s) seqbad=0 len_bad=0 disc=0(0x00) | tot_n=18466 tot_to=0 maxever=28363 >2ms=18466 >5ms=18462 >15ms=12319 >20ms=187 >30ms=0 | probes=18467 wrfail=0 down=4s maxout=4s
 335.031  t=332s RTT mean=15868 min=14560 max=23315 n=53 to=0 | cancels=0(+0/s) seqbad=0 len_bad=0 disc=0(0x00) | tot_n=18519 tot_to=0 maxever=28363 >2ms=18519 >5ms=18515 >15ms=12370 >20ms=188 >30ms=0 | probes=18520 wrfail=0 down=4s maxout=4s
 335.031  t=333s RTT mean=15683 min=14622 max=16958 n=53 to=0 | cancels=0(+0/s) seqbad=0 len_bad=0 disc=0(0x00) | tot_n=18572 tot_to=0 maxever=28363 >2ms=18572 >5ms=18568 >15ms=12421 >20ms=188 >30ms=0 | probes=18573 wrfail=0 down=4s maxout=4s
 337.004  t=334s RTT mean=15773 min=14557 max=23315 n=53 to=0 | cancels=0(+0/s) seqbad=0 len_bad=0 disc=0(0x00) | tot_n=18625 tot_to=0 maxever=28363 >2ms=18625 >5ms=18621 >15ms=12469 >20ms=189 >30ms=0 | probes=18626 wrfail=0 down=4s maxout=4s
 337.004  t=335s RTT mean=15683 min=15504 max=16952 n=53 to=0 | cancels=0(+0/s) seqbad=0 len_bad=0 disc=0(0x00) | tot_n=18678 tot_to=0 maxever=28363 >2ms=18678 >5ms=18674 >15ms=12522 >20ms=189 >30ms=0 | probes=18679 wrfail=0 down=4s maxout=4s
 338.987  t=336s RTT mean=15776 min=14622 max=23073 n=53 to=0 | cancels=0(+0/s) seqbad=0 len_bad=0 disc=0(0x00) | tot_n=18731 tot_to=0 maxever=28363 >2ms=18731 >5ms=18727 >15ms=12573 >20ms=190 >30ms=0 | probes=18732 wrfail=0 down=4s maxout=4s
 339.043  t=337s RTT mean=15658 min=14622 max=16754 n=54 to=0 | cancels=0(+0/s) seqbad=0 len_bad=0 disc=0(0x00) | tot_n=18785 tot_to=0 maxever=28363 >2ms=18785 >5ms=18781 >15ms=12626 >20ms=190 >30ms=0 | probes=18786 wrfail=0 down=4s maxout=4s
 341.001  t=338s RTT mean=15660 min=14622 max=16754 n=53 to=0 | cancels=0(+0/s) seqbad=0 len_bad=0 disc=0(0x00) | tot_n=18838 tot_to=0 maxever=28363 >2ms=18838 >5ms=18834 >15ms=12677 >20ms=190 >30ms=0 | probes=18839 wrfail=0 down=4s maxout=4s
 341.062  t=339s RTT mean=15656 min=14622 max=16954 n=53 to=0 | cancels=0(+0/s) seqbad=0 len_bad=0 disc=0(0x00) | tot_n=18891 tot_to=0 maxever=28363 >2ms=18891 >5ms=18887 >15ms=12728 >20ms=190 >30ms=0 | probes=18892 wrfail=0 down=4s maxout=4s
 342.998  t=340s RTT mean=15659 min=15557 max=15767 n=54 to=0 | cancels=0(+0/s) seqbad=0 len_bad=0 disc=0(0x00) | tot_n=18945 tot_to=0 maxever=28363 >2ms=18945 >5ms=18941 >15ms=12782 >20ms=190 >30ms=0 | probes=18946 wrfail=0 down=4s maxout=4s
 343.059  t=341s RTT mean=15660 min=14622 max=16954 n=53 to=0 | cancels=0(+0/s) seqbad=0 len_bad=0 disc=0(0x00) | tot_n=18998 tot_to=0 maxever=28363 >2ms=18998 >5ms=18994 >15ms=12833 >20ms=190 >30ms=0 | probes=18999 wrfail=0 down=4s maxout=4s
 345.017  t=342s RTT mean=15635 min=14561 max=16666 n=54 to=0 | cancels=0(+0/s) seqbad=0 len_bad=0 disc=0(0x00) | tot_n=19052 tot_to=0 maxever=28363 >2ms=19052 >5ms=19048 >15ms=12885 >20ms=190 >30ms=0 | probes=19052 wrfail=0 down=4s maxout=4s
 345.017  t=343s RTT mean=15894 min=14622 max=23061 n=52 to=0 | cancels=0(+0/s) seqbad=0 len_bad=0 disc=0(0x00) | tot_n=19104 tot_to=0 maxever=28363 >2ms=19104 >5ms=19100 >15ms=12934 >20ms=191 >30ms=0 | probes=19105 wrfail=0 down=4s maxout=4s
 347.038  t=344s RTT mean=15657 min=14561 max=16954 n=54 to=0 | cancels=0(+0/s) seqbad=0 len_bad=0 disc=0(0x00) | tot_n=19158 tot_to=0 maxever=28363 >2ms=19158 >5ms=19154 >15ms=12986 >20ms=191 >30ms=0 | probes=19158 wrfail=0 down=4s maxout=4s
 347.038  t=345s RTT mean=15874 min=14622 max=19408 n=52 to=0 | cancels=0(+0/s) seqbad=0 len_bad=0 disc=0(0x00) | tot_n=19210 tot_to=0 maxever=28363 >2ms=19210 >5ms=19206 >15ms=13037 >20ms=191 >30ms=0 | probes=19211 wrfail=0 down=4s maxout=4s
 349.031  t=346s RTT mean=15728 min=14580 max=19406 n=53 to=0 | cancels=0(+0/s) seqbad=0 len_bad=0 disc=0(0x00) | tot_n=19263 tot_to=0 maxever=28363 >2ms=19263 >5ms=19259 >15ms=13088 >20ms=191 >30ms=0 | probes=19264 wrfail=0 down=4s maxout=4s
 349.032  t=347s RTT mean=15870 min=14622 max=24253 n=53 to=0 | cancels=0(+0/s) seqbad=0 len_bad=0 disc=0(0x00) | tot_n=19316 tot_to=0 maxever=28363 >2ms=19316 >5ms=19312 >15ms=13140 >20ms=192 >30ms=0 | probes=19317 wrfail=0 down=4s maxout=4s
 351.009  t=348s RTT mean=15730 min=14622 max=19665 n=53 to=0 | cancels=0(+0/s) seqbad=0 len_bad=0 disc=0(0x00) | tot_n=19369 tot_to=0 maxever=28363 >2ms=19369 >5ms=19365 >15ms=13191 >20ms=192 >30ms=0 | probes=19370 wrfail=0 down=4s maxout=4s
 351.009  t=349s RTT mean=15803 min=14622 max=23060 n=53 to=0 | cancels=0(+0/s) seqbad=0 len_bad=0 disc=0(0x00) | tot_n=19422 tot_to=0 maxever=28363 >2ms=19422 >5ms=19418 >15ms=13241 >20ms=193 >30ms=0 | probes=19423 wrfail=0 down=4s maxout=4s
 353.024  t=350s RTT mean=15798 min=14622 max=23060 n=53 to=0 | cancels=0(+0/s) seqbad=0 len_bad=0 disc=0(0x00) | tot_n=19475 tot_to=0 maxever=28363 >2ms=19475 >5ms=19471 >15ms=13290 >20ms=194 >30ms=0 | probes=19476 wrfail=0 down=4s maxout=4s
 353.024  t=351s RTT mean=15796 min=14557 max=20862 n=53 to=0 | cancels=0(+0/s) seqbad=0 len_bad=0 disc=0(0x00) | tot_n=19528 tot_to=0 maxever=28363 >2ms=19528 >5ms=19524 >15ms=13340 >20ms=195 >30ms=0 | probes=19529 wrfail=0 down=4s maxout=4s
 354.991  t=352s RTT mean=15659 min=14622 max=16754 n=54 to=0 | cancels=0(+0/s) seqbad=0 len_bad=0 disc=0(0x00) | tot_n=19582 tot_to=0 maxever=28363 >2ms=19582 >5ms=19578 >15ms=13391 >20ms=195 >30ms=0 | probes=19582 wrfail=0 down=4s maxout=4s
 355.044  t=353s RTT mean=15727 min=14557 max=19406 n=53 to=0 | cancels=0(+0/s) seqbad=0 len_bad=0 disc=0(0x00) | tot_n=19635 tot_to=0 maxever=28363 >2ms=19635 >5ms=19631 >15ms=13442 >20ms=195 >30ms=0 | probes=19635 wrfail=0 down=4s maxout=4s
 357.042  t=354s RTT mean=15728 min=14622 max=18208 n=53 to=0 | cancels=0(+0/s) seqbad=0 len_bad=0 disc=0(0x00) | tot_n=19688 tot_to=0 maxever=28363 >2ms=19688 >5ms=19684 >15ms=13493 >20ms=195 >30ms=0 | probes=19689 wrfail=0 down=4s maxout=4s
 357.043  t=355s RTT mean=15727 min=14559 max=19665 n=53 to=0 | cancels=0(+0/s) seqbad=0 len_bad=0 disc=0(0x00) | tot_n=19741 tot_to=0 maxever=28363 >2ms=19741 >5ms=19737 >15ms=13543 >20ms=195 >30ms=0 | probes=19742 wrfail=0 down=4s maxout=4s
 359.024  t=356s RTT mean=15683 min=15560 max=16751 n=53 to=0 | cancels=0(+0/s) seqbad=0 len_bad=0 disc=0(0x00) | tot_n=19794 tot_to=0 maxever=28363 >2ms=19794 >5ms=19790 >15ms=13596 >20ms=195 >30ms=0 | probes=19795 wrfail=0 down=4s maxout=4s
 359.024  t=357s RTT mean=15636 min=14622 max=16954 n=54 to=0 | cancels=0(+0/s) seqbad=0 len_bad=0 disc=0(0x00) | tot_n=19848 tot_to=0 maxever=28363 >2ms=19848 >5ms=19844 >15ms=13648 >20ms=195 >30ms=0 | probes=19848 wrfail=0 down=4s maxout=4s
 361.008  t=358s RTT mean=15657 min=14622 max=16954 n=53 to=0 | cancels=0(+0/s) seqbad=0 len_bad=0 disc=0(0x00) | tot_n=19901 tot_to=0 maxever=28363 >2ms=19901 >5ms=19897 >15ms=13699 >20ms=195 >30ms=0 | probes=19902 wrfail=0 down=4s maxout=4s
 361.065  t=359s RTT mean=16186 min=14560 max=23257 n=52 to=0 | cancels=0(+0/s) seqbad=0 len_bad=0 disc=0(0x00) | tot_n=19953 tot_to=0 maxever=28363 >2ms=19953 >5ms=19949 >15ms=13750 >20ms=199 >30ms=0 | probes=19954 wrfail=0 down=4s maxout=4s
 363.008  t=360s RTT mean=16514 min=14557 max=23257 n=51 to=0 | cancels=0(+0/s) seqbad=0 len_bad=0 disc=0(0x00) | tot_n=20004 tot_to=0 maxever=28363 >2ms=20004 >5ms=20000 >15ms=13798 >20ms=205 >30ms=0 | probes=20005 wrfail=0 down=4s maxout=4s
 363.068  t=361s RTT mean=15945 min=14557 max=23061 n=52 to=0 | cancels=0(+0/s) seqbad=0 len_bad=0 disc=0(0x00) | tot_n=20056 tot_to=0 maxever=28363 >2ms=20056 >5ms=20052 >15ms=13848 >20ms=207 >30ms=0 | probes=20057 wrfail=0 down=4s maxout=4s
 364.990  t=362s RTT mean=15944 min=14622 max=23256 n=53 to=0 | cancels=0(+0/s) seqbad=0 len_bad=0 disc=0(0x00) | tot_n=20109 tot_to=0 maxever=28363 >2ms=20109 >5ms=20105 >15ms=13899 >20ms=210 >30ms=0 | probes=20110 wrfail=0 down=4s maxout=4s
 365.045  t=363s RTT mean=15656 min=15502 max=15815 n=53 to=0 | cancels=0(+0/s) seqbad=0 len_bad=0 disc=0(0x00) | tot_n=20162 tot_to=0 maxever=28363 >2ms=20162 >5ms=20158 >15ms=13952 >20ms=210 >30ms=0 | probes=20163 wrfail=0 down=4s maxout=4s
 366.994  t=364s RTT mean=16228 min=14561 max=22061 n=52 to=0 | cancels=0(+0/s) seqbad=0 len_bad=0 disc=0(0x00) | tot_n=20214 tot_to=0 maxever=28363 >2ms=20214 >5ms=20210 >15ms=14003 >20ms=214 >30ms=0 | probes=20215 wrfail=0 down=4s maxout=4s
 366.995  PCTL target=180 tot=3178 to=0 p50=15 p90=15 p99=23 p99.9=23 max=24 g30=0 g100=0 (ms/counts)
 367.053  LOADRAMP: target=190 KBps for 60s
 367.053  t=365s RTT mean=16019 min=14622 max=24166 n=52 to=0 | cancels=0(+0/s) seqbad=0 len_bad=0 disc=0(0x00) | tot_n=20266 tot_to=0 maxever=28363 >2ms=20266 >5ms=20262 >15ms=14053 >20ms=216 >30ms=0 | probes=20267 wrfail=0 down=4s maxout=4s
 369.012  t=366s RTT mean=15657 min=14557 max=16954 n=54 to=0 | cancels=0(+0/s) seqbad=0 len_bad=0 disc=0(0x00) | tot_n=20320 tot_to=0 maxever=28363 >2ms=20320 >5ms=20316 >15ms=14105 >20ms=216 >30ms=0 | probes=20321 wrfail=0 down=4s maxout=4s
 369.012  t=367s RTT mean=15803 min=14619 max=21870 n=53 to=0 | cancels=0(+0/s) seqbad=0 len_bad=0 disc=0(0x00) | tot_n=20373 tot_to=0 maxever=28363 >2ms=20373 >5ms=20369 >15ms=14155 >20ms=217 >30ms=0 | probes=20373 wrfail=0 down=4s maxout=4s
 371.023  t=368s RTT mean=15727 min=14560 max=19411 n=53 to=0 | cancels=0(+0/s) seqbad=0 len_bad=0 disc=0(0x00) | tot_n=20426 tot_to=0 maxever=28363 >2ms=20426 >5ms=20422 >15ms=14206 >20ms=217 >30ms=0 | probes=20427 wrfail=0 down=4s maxout=4s
 371.023  t=369s RTT mean=15654 min=14560 max=16954 n=53 to=0 | cancels=0(+0/s) seqbad=0 len_bad=0 disc=0(0x00) | tot_n=20479 tot_to=0 maxever=28363 >2ms=20479 >5ms=20475 >15ms=14256 >20ms=217 >30ms=0 | probes=20480 wrfail=0 down=4s maxout=4s
 372.994  t=370s RTT mean=15660 min=14557 max=16954 n=53 to=0 | cancels=0(+0/s) seqbad=0 len_bad=0 disc=0(0x00) | tot_n=20532 tot_to=0 maxever=28363 >2ms=20532 >5ms=20528 >15ms=14305 >20ms=217 >30ms=0 | probes=20533 wrfail=0 down=4s maxout=4s
 373.045  t=371s RTT mean=15864 min=15502 max=22059 n=53 to=0 | cancels=0(+0/s) seqbad=0 len_bad=0 disc=0(0x00) | tot_n=20585 tot_to=0 maxever=28363 >2ms=20585 >5ms=20581 >15ms=14358 >20ms=218 >30ms=0 | probes=20586 wrfail=0 down=4s maxout=4s
 375.015  t=372s RTT mean=15801 min=14560 max=23313 n=53 to=0 | cancels=0(+0/s) seqbad=0 len_bad=0 disc=0(0x00) | tot_n=20638 tot_to=0 maxever=28363 >2ms=20638 >5ms=20634 >15ms=14407 >20ms=219 >30ms=0 | probes=20639 wrfail=0 down=4s maxout=4s
 375.015  t=373s RTT mean=15729 min=14622 max=19665 n=53 to=0 | cancels=0(+0/s) seqbad=0 len_bad=0 disc=0(0x00) | tot_n=20691 tot_to=0 maxever=28363 >2ms=20691 >5ms=20687 >15ms=14459 >20ms=219 >30ms=0 | probes=20692 wrfail=0 down=4s maxout=4s
 377.035  t=374s RTT mean=15799 min=14622 max=23256 n=53 to=0 | cancels=0(+0/s) seqbad=0 len_bad=0 disc=0(0x00) | tot_n=20744 tot_to=0 maxever=28363 >2ms=20744 >5ms=20740 >15ms=14510 >20ms=220 >30ms=0 | probes=20745 wrfail=0 down=4s maxout=4s
 377.035  t=375s RTT mean=15663 min=14622 max=16955 n=54 to=0 | cancels=0(+0/s) seqbad=0 len_bad=0 disc=0(0x00) | tot_n=20798 tot_to=0 maxever=28363 >2ms=20798 >5ms=20794 >15ms=14561 >20ms=220 >30ms=0 | probes=20798 wrfail=0 down=4s maxout=4s
 379.015  t=376s RTT mean=15654 min=14556 max=16668 n=53 to=0 | cancels=0(+0/s) seqbad=0 len_bad=0 disc=0(0x00) | tot_n=20851 tot_to=0 maxever=28363 >2ms=20851 >5ms=20847 >15ms=14613 >20ms=220 >30ms=0 | probes=20852 wrfail=0 down=4s maxout=4s
 379.015  t=377s RTT mean=15729 min=14622 max=19412 n=53 to=0 | cancels=0(+0/s) seqbad=0 len_bad=0 disc=0(0x00) | tot_n=20904 tot_to=0 maxever=28363 >2ms=20904 >5ms=20900 >15ms=14665 >20ms=220 >30ms=0 | probes=20905 wrfail=0 down=4s maxout=4s
 380.994  t=378s RTT mean=15730 min=14622 max=20862 n=53 to=0 | cancels=0(+0/s) seqbad=0 len_bad=0 disc=0(0x00) | tot_n=20957 tot_to=0 maxever=28363 >2ms=20957 >5ms=20953 >15ms=14714 >20ms=221 >30ms=0 | probes=20958 wrfail=0 down=4s maxout=4s
 381.046  t=379s RTT mean=15871 min=14622 max=21867 n=53 to=0 | cancels=0(+0/s) seqbad=0 len_bad=0 disc=0(0x00) | tot_n=21010 tot_to=0 maxever=28363 >2ms=21010 >5ms=21006 >15ms=14765 >20ms=223 >30ms=0 | probes=21011 wrfail=0 down=4s maxout=4s
 382.998  t=380s RTT mean=15729 min=14622 max=20604 n=53 to=0 | cancels=0(+0/s) seqbad=0 len_bad=0 disc=0(0x00) | tot_n=21063 tot_to=0 maxever=28363 >2ms=21063 >5ms=21059 >15ms=14817 >20ms=224 >30ms=0 | probes=21064 wrfail=0 down=4s maxout=4s
 383.056  t=381s RTT mean=15655 min=14557 max=16954 n=53 to=0 | cancels=0(+0/s) seqbad=0 len_bad=0 disc=0(0x00) | tot_n=21116 tot_to=0 maxever=28363 >2ms=21116 >5ms=21112 >15ms=14868 >20ms=224 >30ms=0 | probes=21117 wrfail=0 down=4s maxout=4s
 385.020  t=382s RTT mean=15778 min=14557 max=21817 n=53 to=0 | cancels=0(+0/s) seqbad=0 len_bad=0 disc=0(0x00) | tot_n=21169 tot_to=0 maxever=28363 >2ms=21169 >5ms=21165 >15ms=14919 >20ms=225 >30ms=0 | probes=21170 wrfail=0 down=4s maxout=4s
 385.020  t=383s RTT mean=15743 min=14559 max=19316 n=54 to=0 | cancels=0(+0/s) seqbad=0 len_bad=0 disc=0(0x00) | tot_n=21223 tot_to=0 maxever=28363 >2ms=21223 >5ms=21219 >15ms=14971 >20ms=225 >30ms=0 | probes=21223 wrfail=0 down=4s maxout=4s
 387.011  t=384s RTT mean=15661 min=14622 max=16954 n=53 to=0 | cancels=0(+0/s) seqbad=0 len_bad=0 disc=0(0x00) | tot_n=21276 tot_to=0 maxever=28363 >2ms=21276 >5ms=21272 >15ms=15022 >20ms=225 >30ms=0 | probes=21277 wrfail=0 down=4s maxout=4s
 387.071  t=385s RTT mean=15655 min=14561 max=16954 n=53 to=0 | cancels=0(+0/s) seqbad=0 len_bad=0 disc=0(0x00) | tot_n=21329 tot_to=0 maxever=28363 >2ms=21329 >5ms=21325 >15ms=15073 >20ms=225 >30ms=0 | probes=21330 wrfail=0 down=4s maxout=4s
 389.035  t=386s RTT mean=15942 min=14622 max=23061 n=53 to=0 | cancels=0(+0/s) seqbad=0 len_bad=0 disc=0(0x00) | tot_n=21382 tot_to=0 maxever=28363 >2ms=21382 >5ms=21378 >15ms=15125 >20ms=227 >30ms=0 | probes=21383 wrfail=0 down=4s maxout=4s
 389.035  t=387s RTT mean=15655 min=14556 max=16670 n=53 to=0 | cancels=0(+0/s) seqbad=0 len_bad=0 disc=0(0x00) | tot_n=21435 tot_to=0 maxever=28363 >2ms=21435 >5ms=21431 >15ms=15177 >20ms=227 >30ms=0 | probes=21436 wrfail=0 down=4s maxout=4s
 391.000  t=388s RTT mean=15726 min=14560 max=17016 n=53 to=0 | cancels=0(+0/s) seqbad=0 len_bad=0 disc=0(0x00) | tot_n=21488 tot_to=0 maxever=28363 >2ms=21488 >5ms=21484 >15ms=15226 >20ms=227 >30ms=0 | probes=21489 wrfail=0 down=4s maxout=4s
 391.059  t=389s RTT mean=15656 min=14556 max=17012 n=54 to=0 | cancels=0(+0/s) seqbad=0 len_bad=0 disc=0(0x00) | tot_n=21542 tot_to=0 maxever=28363 >2ms=21542 >5ms=21538 >15ms=15277 >20ms=227 >30ms=0 | probes=21542 wrfail=0 down=4s maxout=4s
 393.040  t=390s RTT mean=15802 min=15501 max=19665 n=53 to=0 | cancels=0(+0/s) seqbad=0 len_bad=0 disc=0(0x00) | tot_n=21595 tot_to=0 maxever=28363 >2ms=21595 >5ms=21591 >15ms=15330 >20ms=227 >30ms=0 | probes=21595 wrfail=0 down=4s maxout=4s
 393.040  t=391s RTT mean=15824 min=14561 max=20862 n=52 to=0 | cancels=0(+0/s) seqbad=0 len_bad=0 disc=0(0x00) | tot_n=21647 tot_to=0 maxever=28363 >2ms=21647 >5ms=21643 >15ms=15379 >20ms=229 >30ms=0 | probes=21648 wrfail=0 down=4s maxout=4s
 395.010  t=392s RTT mean=15702 min=14561 max=19402 n=54 to=0 | cancels=0(+0/s) seqbad=0 len_bad=0 disc=0(0x00) | tot_n=21701 tot_to=0 maxever=28363 >2ms=21701 >5ms=21697 >15ms=15430 >20ms=229 >30ms=0 | probes=21701 wrfail=0 down=4s maxout=4s
 395.061  t=393s RTT mean=15801 min=14622 max=20861 n=53 to=0 | cancels=0(+0/s) seqbad=0 len_bad=0 disc=0(0x00) | tot_n=21754 tot_to=0 maxever=28363 >2ms=21754 >5ms=21750 >15ms=15481 >20ms=231 >30ms=0 | probes=21754 wrfail=0 down=4s maxout=4s
 397.047  t=394s RTT mean=16088 min=14622 max=22059 n=52 to=0 | cancels=0(+0/s) seqbad=0 len_bad=0 disc=0(0x00) | tot_n=21806 tot_to=0 maxever=28363 >2ms=21806 >5ms=21802 >15ms=15532 >20ms=234 >30ms=0 | probes=21807 wrfail=0 down=4s maxout=4s
 397.047  t=395s RTT mean=16087 min=14556 max=24452 n=52 to=0 | cancels=0(+0/s) seqbad=0 len_bad=0 disc=0(0x00) | tot_n=21858 tot_to=0 maxever=28363 >2ms=21858 >5ms=21854 >15ms=15578 >20ms=238 >30ms=0 | probes=21859 wrfail=0 down=4s maxout=4s
 399.047  t=396s RTT mean=16017 min=14622 max=24512 n=52 to=0 | cancels=0(+0/s) seqbad=0 len_bad=0 disc=0(0x00) | tot_n=21910 tot_to=0 maxever=28363 >2ms=21910 >5ms=21906 >15ms=15628 >20ms=241 >30ms=0 | probes=21911 wrfail=0 down=4s maxout=4s
 399.047  t=397s RTT mean=15727 min=14560 max=19406 n=53 to=0 | cancels=0(+0/s) seqbad=0 len_bad=0 disc=0(0x00) | tot_n=21963 tot_to=0 maxever=28363 >2ms=21963 >5ms=21959 >15ms=15679 >20ms=241 >30ms=0 | probes=21964 wrfail=0 down=4s maxout=4s
 401.001  t=398s RTT mean=15802 min=14622 max=20603 n=53 to=0 | cancels=0(+0/s) seqbad=0 len_bad=0 disc=0(0x00) | tot_n=22016 tot_to=0 maxever=28363 >2ms=22016 >5ms=22012 >15ms=15731 >20ms=242 >30ms=0 | probes=22017 wrfail=0 down=4s maxout=4s
 401.057  t=399s RTT mean=15794 min=14557 max=22059 n=53 to=0 | cancels=0(+0/s) seqbad=0 len_bad=0 disc=0(0x00) | tot_n=22069 tot_to=0 maxever=28363 >2ms=22069 >5ms=22065 >15ms=15782 >20ms=243 >30ms=0 | probes=22070 wrfail=0 down=4s maxout=4s
 403.025  t=400s RTT mean=15730 min=14622 max=19413 n=53 to=0 | cancels=0(+0/s) seqbad=0 len_bad=0 disc=0(0x00) | tot_n=22122 tot_to=0 maxever=28363 >2ms=22122 >5ms=22118 >15ms=15834 >20ms=243 >30ms=0 | probes=22123 wrfail=0 down=4s maxout=4s
 403.025  t=401s RTT mean=15800 min=14556 max=19663 n=53 to=0 | cancels=0(+0/s) seqbad=0 len_bad=0 disc=0(0x00) | tot_n=22175 tot_to=0 maxever=28363 >2ms=22175 >5ms=22171 >15ms=15884 >20ms=243 >30ms=0 | probes=22176 wrfail=0 down=4s maxout=4s
 405.042  t=402s RTT mean=15659 min=14622 max=16954 n=54 to=0 | cancels=0(+0/s) seqbad=0 len_bad=0 disc=0(0x00) | tot_n=22229 tot_to=0 maxever=28363 >2ms=22229 >5ms=22225 >15ms=15937 >20ms=243 >30ms=0 | probes=22229 wrfail=0 down=4s maxout=4s
 405.042  t=403s RTT mean=15656 min=14622 max=16954 n=53 to=0 | cancels=0(+0/s) seqbad=0 len_bad=0 disc=0(0x00) | tot_n=22282 tot_to=0 maxever=28363 >2ms=22282 >5ms=22278 >15ms=15988 >20ms=243 >30ms=0 | probes=22283 wrfail=0 down=4s maxout=4s
 407.048  t=404s RTT mean=15661 min=14561 max=16954 n=53 to=0 | cancels=0(+0/s) seqbad=0 len_bad=0 disc=0(0x00) | tot_n=22335 tot_to=0 maxever=28363 >2ms=22335 >5ms=22331 >15ms=16037 >20ms=243 >30ms=0 | probes=22336 wrfail=0 down=4s maxout=4s
 407.048  t=405s RTT mean=15796 min=14561 max=19411 n=53 to=0 | cancels=0(+0/s) seqbad=0 len_bad=0 disc=0(0x00) | tot_n=22388 tot_to=0 maxever=28363 >2ms=22388 >5ms=22384 >15ms=16087 >20ms=243 >30ms=0 | probes=22389 wrfail=0 down=4s maxout=4s
 409.037  t=406s RTT mean=15802 min=14622 max=20862 n=53 to=0 | cancels=0(+0/s) seqbad=0 len_bad=0 disc=0(0x00) | tot_n=22441 tot_to=0 maxever=28363 >2ms=22441 >5ms=22437 >15ms=16137 >20ms=244 >30ms=0 | probes=22442 wrfail=0 down=4s maxout=4s
 409.037  t=407s RTT mean=15729 min=14622 max=19404 n=53 to=0 | cancels=0(+0/s) seqbad=0 len_bad=0 disc=0(0x00) | tot_n=22494 tot_to=0 maxever=28363 >2ms=22494 >5ms=22490 >15ms=16188 >20ms=244 >30ms=0 | probes=22495 wrfail=0 down=4s maxout=4s
 410.998  t=408s RTT mean=15657 min=14561 max=16955 n=54 to=0 | cancels=0(+0/s) seqbad=0 len_bad=0 disc=0(0x00) | tot_n=22548 tot_to=0 maxever=28363 >2ms=22548 >5ms=22544 >15ms=16239 >20ms=244 >30ms=0 | probes=22549 wrfail=0 down=4s maxout=4s
 411.059  t=409s RTT mean=15655 min=14561 max=16955 n=53 to=0 | cancels=0(+0/s) seqbad=0 len_bad=0 disc=0(0x00) | tot_n=22601 tot_to=0 maxever=28363 >2ms=22601 >5ms=22597 >15ms=16289 >20ms=244 >30ms=0 | probes=22602 wrfail=0 down=4s maxout=4s
 413.005  t=410s RTT mean=15683 min=14622 max=16954 n=53 to=0 | cancels=0(+0/s) seqbad=0 len_bad=0 disc=0(0x00) | tot_n=22654 tot_to=0 maxever=28363 >2ms=22654 >5ms=22650 >15ms=16340 >20ms=244 >30ms=0 | probes=22655 wrfail=0 down=4s maxout=4s
 413.062  t=411s RTT mean=15636 min=14636 max=15819 n=54 to=0 | cancels=0(+0/s) seqbad=0 len_bad=0 disc=0(0x00) | tot_n=22708 tot_to=0 maxever=28363 >2ms=22708 >5ms=22704 >15ms=16393 >20ms=244 >30ms=0 | probes=22709 wrfail=0 down=4s maxout=4s
 415.050  t=412s RTT mean=15655 min=14561 max=16920 n=53 to=0 | cancels=0(+0/s) seqbad=0 len_bad=0 disc=0(0x00) | tot_n=22761 tot_to=0 maxever=28363 >2ms=22761 >5ms=22757 >15ms=16445 >20ms=244 >30ms=0 | probes=22762 wrfail=0 down=4s maxout=4s
 415.050  t=413s RTT mean=15660 min=14622 max=16954 n=53 to=0 | cancels=0(+0/s) seqbad=0 len_bad=0 disc=0(0x00) | tot_n=22814 tot_to=0 maxever=28363 >2ms=22814 >5ms=22810 >15ms=16497 >20ms=244 >30ms=0 | probes=22815 wrfail=0 down=4s maxout=4s
 417.018  t=414s RTT mean=15726 min=14622 max=19173 n=54 to=0 | cancels=0(+0/s) seqbad=0 len_bad=0 disc=0(0x00) | tot_n=22868 tot_to=0 maxever=28363 >2ms=22868 >5ms=22864 >15ms=16550 >20ms=244 >30ms=0 | probes=22868 wrfail=0 down=4s maxout=4s
 417.019  t=415s RTT mean=15660 min=15501 max=15815 n=53 to=0 | cancels=0(+0/s) seqbad=0 len_bad=0 disc=0(0x00) | tot_n=22921 tot_to=0 maxever=28363 >2ms=22921 >5ms=22917 >15ms=16603 >20ms=244 >30ms=0 | probes=22922 wrfail=0 down=4s maxout=4s
 419.029  t=416s RTT mean=15658 min=14557 max=16964 n=53 to=0 | cancels=0(+0/s) seqbad=0 len_bad=0 disc=0(0x00) | tot_n=22974 tot_to=0 maxever=28363 >2ms=22974 >5ms=22970 >15ms=16652 >20ms=244 >30ms=0 | probes=22975 wrfail=0 down=4s maxout=4s
 419.029  t=417s RTT mean=15648 min=14556 max=16671 n=54 to=0 | cancels=0(+0/s) seqbad=0 len_bad=0 disc=0(0x00) | tot_n=23028 tot_to=0 maxever=28363 >2ms=23028 >5ms=23024 >15ms=16703 >20ms=244 >30ms=0 | probes=23028 wrfail=0 down=4s maxout=4s
 421.003  t=418s RTT mean=15661 min=14622 max=17012 n=53 to=0 | cancels=0(+0/s) seqbad=0 len_bad=0 disc=0(0x00) | tot_n=23081 tot_to=0 maxever=28363 >2ms=23081 >5ms=23077 >15ms=16753 >20ms=244 >30ms=0 | probes=23082 wrfail=0 down=4s maxout=4s
 421.060  t=419s RTT mean=15727 min=14556 max=20863 n=53 to=0 | cancels=0(+0/s) seqbad=0 len_bad=0 disc=0(0x00) | tot_n=23134 tot_to=0 maxever=28363 >2ms=23134 >5ms=23130 >15ms=16801 >20ms=245 >30ms=0 | probes=23135 wrfail=0 down=4s maxout=4s
 423.026  t=420s RTT mean=15660 min=14557 max=16954 n=53 to=0 | cancels=0(+0/s) seqbad=0 len_bad=0 disc=0(0x00) | tot_n=23187 tot_to=0 maxever=28363 >2ms=23187 >5ms=23183 >15ms=16850 >20ms=245 >30ms=0 | probes=23188 wrfail=0 down=4s maxout=4s
 423.026  t=421s RTT mean=15864 min=14622 max=23060 n=53 to=0 | cancels=0(+0/s) seqbad=0 len_bad=0 disc=0(0x00) | tot_n=23240 tot_to=0 maxever=28363 >2ms=23240 >5ms=23236 >15ms=16902 >20ms=246 >30ms=0 | probes=23241 wrfail=0 down=4s maxout=4s
 425.032  t=422s RTT mean=15729 min=14621 max=19413 n=53 to=0 | cancels=0(+0/s) seqbad=0 len_bad=0 disc=0(0x00) | tot_n=23293 tot_to=0 maxever=28363 >2ms=23293 >5ms=23289 >15ms=16954 >20ms=246 >30ms=0 | probes=23294 wrfail=0 down=4s maxout=4s
 425.032  t=423s RTT mean=15658 min=14623 max=16951 n=54 to=0 | cancels=0(+0/s) seqbad=0 len_bad=0 disc=0(0x00) | tot_n=23347 tot_to=0 maxever=28363 >2ms=23347 >5ms=23343 >15ms=17007 >20ms=246 >30ms=0 | probes=23347 wrfail=0 down=4s maxout=4s
 427.029  t=424s RTT mean=15727 min=14580 max=20511 n=53 to=0 | cancels=0(+0/s) seqbad=0 len_bad=0 disc=0(0x00) | tot_n=23400 tot_to=0 maxever=28363 >2ms=23400 >5ms=23396 >15ms=17058 >20ms=247 >30ms=0 | probes=23401 wrfail=0 down=4s maxout=4s
 427.029  PCTL target=190 tot=3187 to=0 p50=15 p90=15 p99=19 p99.9=23 max=24 g30=0 g100=0 (ms/counts)
 427.029  LOADRAMP: cycle complete
 427.029  LOADRAMP: target=0 KBps for 60s
 427.029  t=425s RTT mean=14523 min=11912 max=16954 n=57 to=0 | cancels=0(+0/s) seqbad=0 len_bad=0 disc=0(0x00) | tot_n=23457 tot_to=0 maxever=28363 >2ms=23457 >5ms=23453 >15ms=17096 >20ms=247 >30ms=0 | probes=23457 wrfail=0 down=4s maxout=4s
 429.011  t=426s RTT mean=11916 min=11912 max=11948 n=66 to=0 | cancels=0(+0/s) seqbad=0 len_bad=0 disc=0(0x00) | tot_n=23523 tot_to=0 maxever=28363 >2ms=23523 >5ms=23519 >15ms=17096 >20ms=247 >30ms=0 | probes=23524 wrfail=0 down=4s maxout=4s
 429.070  t=427s RTT mean=11916 min=11911 max=11962 n=67 to=0 | cancels=0(+0/s) seqbad=0 len_bad=0 disc=0(0x00) | tot_n=23590 tot_to=0 maxever=28363 >2ms=23590 >5ms=23586 >15ms=17096 >20ms=247 >30ms=0 | probes=23591 wrfail=0 down=4s maxout=4s
 431.032  t=428s RTT mean=11915 min=11912 max=11924 n=67 to=0 | cancels=0(+0/s) seqbad=0 len_bad=0 disc=0(0x00) | tot_n=23657 tot_to=0 maxever=28363 >2ms=23657 >5ms=23653 >15ms=17096 >20ms=247 >30ms=0 | probes=23657 wrfail=0 down=4s maxout=4s
 431.033  t=429s RTT mean=11915 min=11912 max=11923 n=66 to=0 | cancels=0(+0/s) seqbad=0 len_bad=0 disc=0(0x00) | tot_n=23723 tot_to=0 maxever=28363 >2ms=23723 >5ms=23719 >15ms=17096 >20ms=247 >30ms=0 | probes=23724 wrfail=0 down=4s maxout=4s
 432.993  t=430s RTT mean=11915 min=11911 max=11934 n=67 to=0 | cancels=0(+0/s) seqbad=0 len_bad=0 disc=0(0x00) | tot_n=23790 tot_to=0 maxever=28363 >2ms=23790 >5ms=23786 >15ms=17096 >20ms=247 >30ms=0 | probes=23791 wrfail=0 down=4s maxout=4s
 433.053  t=431s RTT mean=11915 min=11912 max=11923 n=67 to=0 | cancels=0(+0/s) seqbad=0 len_bad=0 disc=0(0x00) | tot_n=23857 tot_to=0 maxever=28363 >2ms=23857 >5ms=23853 >15ms=17096 >20ms=247 >30ms=0 | probes=23857 wrfail=0 down=4s maxout=4s
 435.003  t=432s RTT mean=11915 min=11900 max=11934 n=66 to=0 | cancels=0(+0/s) seqbad=0 len_bad=0 disc=0(0x00) | tot_n=23923 tot_to=0 maxever=28363 >2ms=23923 >5ms=23919 >15ms=17096 >20ms=247 >30ms=0 | probes=23924 wrfail=0 down=4s maxout=4s
 435.064  t=433s RTT mean=11915 min=11912 max=11923 n=67 to=0 | cancels=0(+0/s) seqbad=0 len_bad=0 disc=0(0x00) | tot_n=23990 tot_to=0 maxever=28363 >2ms=23990 >5ms=23986 >15ms=17096 >20ms=247 >30ms=0 | probes=23991 wrfail=0 down=4s maxout=4s
 437.023  t=434s RTT mean=11915 min=11912 max=11933 n=67 to=0 | cancels=0(+0/s) seqbad=0 len_bad=0 disc=0(0x00) | tot_n=24057 tot_to=0 maxever=28363 >2ms=24057 >5ms=24053 >15ms=17096 >20ms=247 >30ms=0 | probes=24057 wrfail=0 down=4s maxout=4s
 437.023  t=435s RTT mean=11914 min=11912 max=11923 n=66 to=0 | cancels=0(+0/s) seqbad=0 len_bad=0 disc=0(0x00) | tot_n=24123 tot_to=0 maxever=28363 >2ms=24123 >5ms=24119 >15ms=17096 >20ms=247 >30ms=0 | probes=24124 wrfail=0 down=4s maxout=4s
 439.030  t=436s RTT mean=11915 min=11912 max=11934 n=67 to=0 | cancels=0(+0/s) seqbad=0 len_bad=0 disc=0(0x00) | tot_n=24190 tot_to=0 maxever=28363 >2ms=24190 >5ms=24186 >15ms=17096 >20ms=247 >30ms=0 | probes=24191 wrfail=0 down=4s maxout=4s
 439.030  t=437s RTT mean=11915 min=11912 max=11923 n=67 to=0 | cancels=0(+0/s) seqbad=0 len_bad=0 disc=0(0x00) | tot_n=24257 tot_to=0 maxever=28363 >2ms=24257 >5ms=24253 >15ms=17096 >20ms=247 >30ms=0 | probes=24258 wrfail=0 down=4s maxout=4s
 441.051  t=438s RTT mean=11915 min=11903 max=11933 n=66 to=0 | cancels=0(+0/s) seqbad=0 len_bad=0 disc=0(0x00) | tot_n=24323 tot_to=0 maxever=28363 >2ms=24323 >5ms=24319 >15ms=17096 >20ms=247 >30ms=0 | probes=24324 wrfail=0 down=4s maxout=4s
 441.051  t=439s RTT mean=11915 min=11912 max=11924 n=67 to=0 | cancels=0(+0/s) seqbad=0 len_bad=0 disc=0(0x00) | tot_n=24390 tot_to=0 maxever=28363 >2ms=24390 >5ms=24386 >15ms=17096 >20ms=247 >30ms=0 | probes=24391 wrfail=0 down=4s maxout=4s
 443.014  t=440s RTT mean=11915 min=11912 max=11934 n=67 to=0 | cancels=0(+0/s) seqbad=0 len_bad=0 disc=0(0x00) | tot_n=24457 tot_to=0 maxever=28363 >2ms=24457 >5ms=24453 >15ms=17096 >20ms=247 >30ms=0 | probes=24458 wrfail=0 down=4s maxout=4s
 443.069  t=441s RTT mean=11915 min=11912 max=11923 n=66 to=0 | cancels=0(+0/s) seqbad=0 len_bad=0 disc=0(0x00) | tot_n=24523 tot_to=0 maxever=28363 >2ms=24523 >5ms=24519 >15ms=17096 >20ms=247 >30ms=0 | probes=24524 wrfail=0 down=4s maxout=4s
 445.010  t=442s RTT mean=11915 min=11912 max=11934 n=67 to=0 | cancels=0(+0/s) seqbad=0 len_bad=0 disc=0(0x00) | tot_n=24590 tot_to=0 maxever=28363 >2ms=24590 >5ms=24586 >15ms=17096 >20ms=247 >30ms=0 | probes=24591 wrfail=0 down=4s maxout=4s
 445.069  t=443s RTT mean=11915 min=11911 max=11924 n=67 to=0 | cancels=0(+0/s) seqbad=0 len_bad=0 disc=0(0x00) | tot_n=24657 tot_to=0 maxever=28363 >2ms=24657 >5ms=24653 >15ms=17096 >20ms=247 >30ms=0 | probes=24658 wrfail=0 down=4s maxout=4s
 447.007  t=444s RTT mean=11915 min=11900 max=11933 n=66 to=0 | cancels=0(+0/s) seqbad=0 len_bad=0 disc=0(0x00) | tot_n=24723 tot_to=0 maxever=28363 >2ms=24723 >5ms=24719 >15ms=17096 >20ms=247 >30ms=0 | probes=24724 wrfail=0 down=4s maxout=4s
 447.065  t=445s RTT mean=11915 min=11912 max=11924 n=67 to=0 | cancels=0(+0/s) seqbad=0 len_bad=0 disc=0(0x00) | tot_n=24790 tot_to=0 maxever=28363 >2ms=24790 >5ms=24786 >15ms=17096 >20ms=247 >30ms=0 | probes=24791 wrfail=0 down=4s maxout=4s
 449.006  t=446s RTT mean=11915 min=11912 max=11933 n=67 to=0 | cancels=0(+0/s) seqbad=0 len_bad=0 disc=0(0x00) | tot_n=24857 tot_to=0 maxever=28363 >2ms=24857 >5ms=24853 >15ms=17096 >20ms=247 >30ms=0 | probes=24858 wrfail=0 down=4s maxout=4s
 449.061  t=447s RTT mean=11915 min=11912 max=11923 n=66 to=0 | cancels=0(+0/s) seqbad=0 len_bad=0 disc=0(0x00) | tot_n=24923 tot_to=0 maxever=28363 >2ms=24923 >5ms=24919 >15ms=17096 >20ms=247 >30ms=0 | probes=24924 wrfail=0 down=4s maxout=4s
