:1000000070C10020791A000029C10100651A0000A2
:10001000651A0000651A0000651A0000651A0000E4
:10002000000000000000000000000000B11A000005
:10003000651A000000000000851C0000651A000021
:10004000051D0000051D0000051D0000051D000028
:10005000051D0000051D0000051D0000051D000018
:10006000051D0000051D0000051D0000051D000008
:10007000051D0000051D0000051D0000051D0000F8
:10008000051D0000051D0000051D0000051D0000E8
:10009000051D0000051D0000051D0000051D0000D8
:1000A000051D0000051D0000051D0000051D0000C8
:1000B000051D0000051D0000051D0000051D0000B8
:1000C000051D0000051D0000051D0000051D0000A8
:1000D000051D0000051D0000051D0000051D000098
:1000E000051D0000051D0000051D0000051D000088
:1000F000051D0000051D0000051D0000051D000078
:10010000051D0000051D0000051D0000051D000067
:10011000051D0000051D0000051D0000051D000057
:10012000051D0000051D0000051D0000051D000047
:10013000051D0000051D0000051D0000051D000037
:10014000051D0000051D0000051D0000051D000027
:10015000051D0000051D0000051D0000051D000017
:10016000051D0000051D0000051D0000051D000007
:10017000051D0000051D0000051D0000051D0000F7
:10018000051D0000051D0000051D0000051D0000E7
:10019000051D0000051D0000051D0000051D0000D7
:1001A000051D0000051D0000051D0000051D0000C7
:1001B000051D0000051D0000051D0000051D0000B7
:1001C000051D0000051D0000051D0000051D0000A7
:1001D000051D0000051D0000051D0000051D000097
:1001E000051D0000051D0000051D0000051D000087
:1001F000051D0000051D0000051D0000051D000077
:10020000051D0000051D0000051D0000051D000066
:10021000051D0000051D0000051D0000051D000056
:10022000051D0000051D0000051D0000051D000046
:10023000051D0000051D0000051D0000051D000036
:10024000051D0000051D0000051D0000051D000026
:10025000051D0000051D0000051D0000051D000016
:10026000051D0000051D0000F9380100051D0000F6
:10027000051D0000051D0000051D0000051D0000F6
:10028000051D0000051D0000051D0000051D0000E6
:10029000051D0000051D0000051D0000051D0000D6
:1002A000051D0000051D0000051D0000051D0000C6
:1002B000051D0000051D0000051D0000051D0000B6
:1002C000051D0000051D0000051D0000051D0000A6
:1002D000051D0000051D0000051D0000051D000096
:1002E000051D0000051D0000051D0000051D000086
:1002F000051D0000051D0000051D0000051D000076
:10030000051D0000051D0000051D0000051D000065
:10031000051D0000051D0000051D0000051D000055
:10032000051D0000051D0000051D0000051D000045
:10033000051D0000051D0000051D0000051D000035
:10034000051D0000051D0000051D0000051D000025
:10035000051D0000051D0000051D0000051D000015
:10036000051D0000051D0000051D0000051D000005
:10037000051D0000051D0000051D0000051D0000F5
:10038000051D0000051D0000051D0000051D0000E5
:10039000051D0000051D0000051D0000051D0000D5
:1003A000051D0000051D0000051D0000051D0000C5
:1003B000051D0000051D0000051D0000051D0000B5
:1003C000051D0000051D0000051D0000051D0000A5
:1003D000051D0000051D0000051D0000051D000095
:1003E000051D0000051D0000051D0000051D000085
:1003F000051D0000051D0000051D0000051D000075
:10040000051D0000051D0000051D0000051D000064
:10041000051D0000051D0000051D0000051D000054
:10042000051D0000051D0000051D0000051D000044
:10043000051D0000051D0000051D0000051D000034
:10044000051D0000051D0000051D0000051D000024
:10045000051D0000051D0000051D0000051D000014
:10046000051D0000051D0000051D0000051D000004
:0C047000051D0000051D0000051D00001A
:1004800053B94AB9002908BF00281CBF4FF0FF31FB
:100490004FF0FF3000F00CB8ADF1080C6DE904CE60
:1004A00000F018F8DDF804E0DDE9022304B070473D
:1004B000704700BF034611F8012B03F8012B002AF7
:1004C000F9D17047034613F8012B002AFBD1181A03
:1004D000013870472DE9F0478C468E46089E154638
:1004E00004461946002B40F0D080724547D9B2FA35
:1004F00082F74FB1C7F120030EFA07FCBD40BC40A4
:1005000020FA03F343EA0C0C4FEA154EA8B2230C71
:10051000BCFBFEF80EFB18CC08FB00F943EA0C43C9
:10052000994528D9EB1808F1FF3204D2994502D930
:10053000A8F102022B44A3EB0903A4B2B3FBFEFC17
:100540000EFB1C330CFB00F044EA0344A04214D918
:100550002C190CF1FF3304D2A04202D9ACF10203F2
:100560002C44241A43EA02401EB1FC4000233460AC
:100570007360BDE8F0874246DDE76346F1E7002A95
:1005800079D0B2FA82F3002B3FD01946C1F1200393
:1005900002FA01F500FA01F42EFA03F20EFA01FE56
:1005A00020FA03F3AFB243EA0E034FEA154EB2FB53
:1005B000FEFC0EFB1C201A0C0CFB07F842EA004262
:1005C00090455AD9AA180CF1FF3004D2904502D9AF
:1005D000ACF102002A44A2EB08029BB2B2FBFEFC83
:1005E0000EFB1C220CFB07F743EA02439F4246D94D
:1005F000EB180CF1FF3204D29F4202D9ACF1020297
:100600002B44DB1B42EA004202E0AEEB0203012274
:100610004FEA154EAFB2200CB3FBFEFC0EFB1C33B1
:100620000CFB07F840EA034398452AD9EB180CF174
:10063000FF3004D2984502D9ACF102002B44A3EB61
:100640000803A4B2B3FBFEFC0EFB1C330CFB07F744
:1006500044EA0344A74216D92C190CF1FF3304D203
:10066000A74202D9ACF102032C44E41B43EA004048
:100670000F46114678E71F2188E76046ABE76246E0
:10068000BFE76046DBE76346EFE7734506D916B977
:10069000002108466DE7C6E9000EF9E7B3FA83F7D3
:1006A00087B9734501D3824207D8841A6EEB0303DE
:1006B00001209C461EB900215BE73846FAE7C6E9EF
:1006C000004CF8E7C7F1200CBB4000FA07F422FA0F
:1006D0000CF520FA0CF1BA401D432EFA0CF30EFA79
:1006E00007FE4FEA154941EA0E011FFA85FEB3FBEA
:1006F000F9F809FB18300B0C08FB0EFA43EA00432B
:100700009A4540D9EB1808F1FF3004D29A4502D936
:10071000A8F102002B44A3EB0A0389B2B3FBF9F85A
:1007200009FB183308FB0EFE41EA03418E452CD924
:10073000691808F1FF3304D28E4502D9A8F10203EB
:10074000294443EA0040A1EB0E01A0FB0298414579
:10075000CE46434602D306D14C4504D20138B9EB0C
:10076000020E68EB0503002EA5D0B4EB0E0261EB80
:10077000030101FA0CFC22FA07F3F9404CEA0303E7
:10078000C6E9003197E74046C5E74346D9E7000090
:10079000F7B5002240F60340114602F043FA044642
:1007A000002853D102F076F9214641F2030001AA54
:1007B00002F038FA0446002848D1019A254DD16844
:1007C00005F17803D1F80100D1F8051003C31046F4
:1007D00001F002FE214641F2010001AA02F022FAD4
:1007E000044698BB0198C3685A7885F870205A88E7
:1007F000A5F872201A7985F87120B3F80720A5F8BA
:100800007420B3F80530A5F8763001F0E5FD2146F7
:1008100041F2020001AA02F005FA0446B0B9019FB4
:1008200005F18006FA68531C41323446186859684D
:10083000083303C493422646F7D1384601F0CCFD75
:1008400095F87C305F0607D46FF01204204603B0A1
:10085000F0BD00BF0000002095F8AF1001AA11F014
:10086000040100F04581002142F2870002F0DAF92C
:1008700004460028EAD1019ABF4FD468A31C223451
:100880003E4618685968083303C6A3423746F7D175
:10089000104601F0A1FD002142F2020001AA02F07F
:1008A000C1F904460028D1D1019CE368B3F80120C6
:1008B00091B241B1D97831B1A5F81421DA78AF48B5
:1008C00011461FF068FC204601F086FD95F87C601B
:1008D00016F0200619D14FF0FF304FF0FF3102F033
:1008E000FDF80446002800F02C8102210C301BF09A
:1008F000E9FC0123214603704670324640F66D4004
:1009000002F090F904460028A0D195F89C301E070B
:1009100012D5002142F21C0001AA02F083F904461C
:10092000002893D10198C368D3F80120D3F805308B
:10093000C5E93E2301F050FD95F8D8305C0610D58E
:10094000002142F22A0001AA02F06CF904460028B4
:100950007FF47CAF0198C3685B7885F8283101F09B
:100960003BFD4FF0FF304FF0FF3102F0B7F8064685
:10097000002800F0E68008210C301BF0A3FC95F85D
:10098000D84040F2022314F0400F08BF032314F0B4
:1009900002011ABF43F02C03002143F00C0302466E
:1009A000A00695F8D90048BF43F0400310F0090FA6
:1009B00095F9DF0018BF43F400630028B8BF4FF477
:1009C000806195F8E00004F00104870748BF41F416
:1009D000801143EA04101BF08AFF0022314642F2E4
:1009E000010002F01FF9044600287FF42FAF95F8AC
:1009F0007C30B5F81411980600F18B80C9B941F22A
:100A0000050001AA02F00EF9044600287FF41EAF8B
:100A1000B5F81431019C4BB9E368B3F80120A5F88F
:100A200014219A88554811461FF0B5FB204601F065
:100A3000D3FC4FF0FF304FF0FF3102F04FF8044687
:100A400000287ED008210C301BF03CFC95F8D830F3
:100A50000246D90762D44FF0005149481BF047FFC6
:100A60002146002240F6014002F0DCF8044600284E
:100A70007FF4ECAE014601AA4FF6014002F0D2F835
:100A8000044620BB019801F0A7FC21464FF6024026
:100A900001AA02F0C7F80446C8B90198C368B3F8C0
:100AA0000130A5F8C13001F097FC95F8C1305A0724
:100AB0000DD521464FF6034001AA02F0B3F830B934
:100AC0000198C3685B7885F8C03001F085FCEB794C
:100AD00043BB02F07BFE044600287FF4B7AE04F06F
:100AE00091FA044600287FF4B1AE02F03BF8ADE67F
:100AF00042F2030002F096F8044600287FF4A6AE06
:100B0000019A1D4BD168D1F80100D1F8051003C33B
:100B1000BEE600298DD16FF0040497E614A1D1E957
:100B200000019BE72E78002ED3D195F8C1309B06AB
:100B30002AD54FF0FF304FF0FF3101F0CFFF0446D0
:100B400010B96FF0680481E606210C301BF0BAFB87
:100B5000D5F80130214603600A4B32469B888380DA
:100B60004FF6064002F05EF804460028B1D06DE66C
:100B70009088000200800020D8000020180100208A
:100B800010880002010000206FF085045EE600BFBF
:100B900070B5044604F06CFA0A2201460646142099
:100BA00004F0C8FA054608B314230A2184F86D300E
:100BB00084F86C600C301BF085FBB4F86A30294671
:100BC0000380A38A4380E38A8380238BC380E36905
:100BD000038120681CF0BBFD30B907A3D3E90023D3
:100BE00004F1700018F0F2FA002070BD6FF00B00F5
:100BF000FBE700BFAFF30080D0121300000000003D
:100C00002DE9F047044640F2712690F84C0094F824
:100C10003830C0F3400060F386138CB004F13B0120
:100C200084F8383008F008FF0021B4F84230404D15
:100C3000404AA3FB0663651B94F83830A2FB0525E8
:100C4000A26C03F0790384F8383002F21313B34234
:100C500032BF184630460A46C4E9021121702461A9
:100C60006264606008F09CFE6369C5F3871500F25A
:100C70001317002B48D00DF12C0991214FF0000AD9
:100C80004FF00208CDF820900694B4F842302A4A7A
:100C90002A480792A3FB000201FB0321284BCDF851
:100CA0000CA005936368CDF82C8004931EA3D3E9B0
:100CB0000023FFF7E5FB104619464FF47A72002334
:100CC000FFF7DEFB0235EDB22A463B460321CDE9B4
:100CD0000160CDF800A0504608F038FD494609F003
:100CE0007DFB054660B994F84C30404643F0010363
:100CF00084F84C3012F0D6FA28460CB0BDE8F087E4
:100D00000C200CB0BDE8F0870DF12C09CDE90A33B9
:100D100003204B4661680AAA11F066FC0028ACD19A
:100D2000DDE90A371F44A8E700CA9A3B000000002B
:100D3000D8100020CDCCCCCCA19A0000002AE784AA
:100D4000ADC300000B4607B509785A8809B90648B3
:100D500002805878019018790090DB8803481BF0D6
:100D600067F803B05DF804FBD48A0020AA3A0200B9
:100D700008B503481BF05CF80022024B1A7008BD4E
:100D8000F83A0200E38C002008B50C4B1A78A2B99F
:100D90000B4A106888B101221A700A4A0A4B0949A5
:100DA00053604FF40073D382802204F01BFBBDE834
:100DB0000840014605481BF03BB808BDE28C002006
:100DC00018170020D0080020982702000C3B0200D2
:100DD00008B506488A8809881BF02AF804481FF0DD
:100DE000CCFABDE80840FFF7CFBF00BF263B0200AA
:100DF000A00800201FB53023074A0849CDE9012388
:100E0000002301A8039302F07DFF014604481BF074
:100E10000FF805B05DF804FB01006000B50F00009D
:100E2000403B020038B5002409481BF001F809488E
:100E30001FF0A3FA084D094B28681C70084B1C7062
:100E400010B103F0A7FA2C60BDE83840FFF7D2BF1D
:100E5000523B0200A008002018170020E38C00205D
:100E6000E28C002037B50C464A78054609780B48D5
:100E70001AF0DEFF2378022B0DD16378022B0AD102
:100E8000074B01A91868019028461CF074FA014626
:100E900004481AF0CDFF03B030BD00BF6B3B020029
:100EA000F0260200843B020037B505460C4669B1C6
:100EB000124C13481AF0BCFF206803F06BFA0023B1
:100EC000236003B0BDE83040FFF794BF0D481AF02F
:100ED000AFFF0D4B01A91C700C4B284601931CF071
:100EE00060FA01460A481AF0A3FF43F609520023AC
:100EF000084818F06BF903B030BD00BF1817002088
:100F0000933B0200AA3B0200E28C00200000020298
:100F1000B93B0200A008002010B5C18C028D90B032
:100F200000F12C03D3E8AF3F048B0194C08A1A4C24
:100F300000901A481AF07CFF206888B105A903F0D8
:100F4000A3FE68B9BDF82C10154801F0030301EBAE
:100F5000810203EB830303EB830392081AF068FF1B
:100F60000122104B1A70226882B10F4903AB486806
:100F7000896803C3104603A91CF0C4F996220090A7
:100F800011469DF80C3009481AF052FF084817F036
:100F9000ADFE10B010BD00BF18170020C83B020006
:100FA000103C0200E38C0020F0260200453C0200C9
:100FB0002806002070B5054618462D4B0E461B68C6
:100FC00096B0002B46D1012A44D82A490DF11F02C0
:100FD0008DF81F301BF0D7FA9DF81F30002B39D049
:100FE0002B780AAC032B3DD8DFE803F00236383A01
:100FF00021492046FFF75EFA05946B781E21049381
:10100000AB781E4A0393EB780EA802932B790193D9
:101010006B790093AB791AF08DFA32460EA9184815
:101020001AF006FF02F0BEFE164B08AAD86819692E
:10103000143303C20FCB84E80F00214628460C4B23
:1010400008AA03F0D1FE014620B10F481AF0F0FEC5
:10105000FFF7D0FE16B070BD0C49CAE70C49C8E7CF
:101060000C49C6E70A2120460B4A1AF063FAC3E787
:10107000181700209D1000007A3C0200A33C0200DB
:10108000C63C0200F0260200E63C0200813C020061
:10109000883C0200923C02009C3C020010B50378A0
:1010A0000C46083B012B0CD842780F2A09D106497F
:1010B000406820F02CFD034601200BB92070184633
:1010C00010BD0120FCE700BFF93C02002DE9F04F04
:1010D0000025AA462C46AFB00A9542F210701AF0CD
:1010E0009AFC394B1B78002BF7D0384B0DF1380E9A
:1010F0001E68374B72461F68364B3748D3F800805E
:10110000002330F813100133402B22F8021BF8D1D2
:10111000324B1B680C931C1B314B0B93002319465D
:10112000994618469C463EF8022B0D920B9A32F8CF
:1011300002BB0B920D9AA2EB0B0292B29B46E2FB12
:10114000030C002B3BD00133914441F10001A3F18A
:1011500040020A43E7D1002C34D06421A0FB010EE9
:101160002246002301FB0CE1FFF78AF94FF0640CE3
:10117000B0FBFCF21B4BA8EB050519881A4B89B292
:101180001B88CDE907850A9D9BB27D1BCDE90575BE
:10119000A6EB0A05CDE90365CDE9019300910CFBAF
:1011A0001203214611481AF043FE80220C480EA972
:1011B00020F07FFC4546B2460C9C0A978DE7012340
:1011C0005946B0E72046D1E7E38C002024170020E1
:1011D000201700201C170020007E0020FC7D00202E
:1011E000548A0020008B0020D48A0020093D020090
:1011F0004FF4F072582170B52F4820F080FC4FF06A
:10120000FF324FF0FF332D4817F0A4FD4FF0FF33AE
:101210004FF0FF322A481AF0E9FF044600F10C05AE
:1012200028460B211BF043F80622284625491BF0CF
:101230004FF82146244804F0CBFB4FF496701AF087
:10124000EAFB4FF4F07121481AF0F2FD204D2B78A3
:10125000002BD4D04FF0FF334FF0FF3218481AF074
:10126000C5FF044600F10C060B2130461BF01FF8A9
:101270004FF4F072104930461BF02AF8214612480C
:1012800004F0A6FB10F10B0F0AD1204601F0A4F8E0
:10129000104A01201368013313601AF0BCFBD6E733
:1012A000002803DA204601F097F8A8E70A4A1368F5
:1012B00001331360CBE700BF028B0020280600201B
:1012C0007807002014270200D00800208A3D020081
:1012D000E38C00202017002024170020002008B5F0
:1012E00001F0A6FE014620B107481AF0A1FD00203A
:1012F00008BD06481AF09CFD054906481FF02FF866
:10130000FFF778FDF3E700BFA43D0200B93D0200FE
:1013100013BA0100A0080020014B1B68184700BF4A
:1013200008020020014B1860704700BF080200202F
:1013300030B5044685B00D4610220021684620F0E5
:10134000DEFB02238DF80230044B2A462146684614
:1013500001931AF019F905B030BD00BF1913000050
:1013600080B505460E461746984618F027FA0346FC
:1013700000F0DAFC0446DFF81890424649F80030E5
:1013800039463046A84754F8090000F065FC00BF14
:10139000080000002DE9F047058B04462807174692
:1013A0000CD501290CBF45F0100545F0200525831B
:1013B00087F31188BFF36F8FBDE8F087022905F02E
:1013C000070540F0948020461AF067FD052864D890
:1013D00001A353F820F000BFB1130000EF14000088
:1013E0009B1400005D1400007714000089140000B5
:1013F00001F007035A1F012A1FD8002221F007011C
:10140000062BD4F8008089B2C4E9002209D14346F2
:1014100003E0628B013262831B68002BF9D141F03B
:101420000201204621831AF038FD4FF00009002800
:101430006DD041F02001218369E0042B0AD121F015
:10144000070189B2204621831AF027FD10B141F02F
:10145000200121834FF00008C14658E02369D3F8EA
:101460000090238B23F0070343F006034FF000089E
:10147000238346464BE02369D3F80490238B23F063
:10148000070343F00403F1E72369D3F80890238BA3
:1014900023F0070343F00503E8E74FF00008C146D7
:1014A000E7E7012243F00803238387F31188BFF3A2
:1014B0006F8F002A3BD1B8F1000F4AD1B9F1000F6C
:1014C00002D020462C49C847EFF31187202383F32D
:1014D0001288BFF36F8F238B23F008039BB2238303
:1014E000D9063FD523F01002228303F00705666971
:1014F000218B002EBFF67CAF00239946D4F80080E4
:1015000021F00701C4E9003341F001012183238B5D
:1015100003F0070AAA4502D0A268002AC1D1B8F197
:10152000000F02D1B9F1000FDAD00022BAE7A168AA
:101530000029C0D00D680029BDD033465246204650
:101540004F68B8471DB12B6829461D46F3E72B4667
:10155000FAE74146334652462046D8F800801AF052
:10156000C8FCA8E79A067FF523AF23F02002228368
:1015700003F0070527E700BF1FBF0100014B036011
:1015800000207047D427020008B50348034A002111
:10159000121A1AF0C1FD08BDA0070020A48D00207A
:1015A000074808B5074A0849121A1AF0B7FDBDE8FE
:1015B00008400648064A0749121A1AF0AFBD00BF94
:1015C000000000209C0700207C4702000000002053
:1015D000000000207C47020038B505460C4699B152
:1015E000D1E901230F4809681AF022FCD4E9042349
:1015F000E1680D481AF01CFCE1690C481AF018FC6F
:10160000A1690B481AF014FC012D05D1EFF30581F7
:10161000084810391AF00CFC21462846BDE838402D
:1016200017F0F2B8023E0200323E0200623E0200B3
:10163000723E0200A13E020030BFFFF7FDBF00BFB7
:101640002DE9F04105460B4EDFF82C80324606EBC3
:101650000807CC1B2046094920F02BFAA019424666
:101660000021083C20F04BFA2C6707F10800BDE888
:10167000F08100BF0000000008000000F02602001A
:1016800010B5204C20481AF0D3FBA36A990137D536
:101690001E481AF0CDFB1E20A36ADA0103D51C48B0
:1016A0001AF0C6FB1F20174CA36ADB0203D51948AA
:1016B0001AF0BEFB0220A36A1C0303D516481AF0D9
:1016C000B7FB21200F4CA36A590303D513481AF026
:1016D000AFFB2220A36A9A0303D511481AF0A8FB96
:1016E0002320084CA36ADB0303D50E481AF0A0FBA5
:1016F0002420A36A6FEA03436FEA1343A36210BD79
:101700001D20C9E700ED00E0B53E0200CE3E02001C
:10171000E23E0200FD3E0200283F0200473F020079
:101720006D3F0200883F020070B5244C06462448F5
:101730000D461AF07DFBA36AD90435D521481AF06D
:1017400077FB1720A36A1A0503D51F481AF070FB10
:1017500018201A4CA36A9B050FD51C481AF068FB89
:10176000A16BA36A180407D519481AF061FB1EB1D2
:10177000A36A23F40043A3621920104CA36A5905FD
:1017800003D514481AF054FB1A20A36ADA050DD5C4
:1017900011481AF04DFB1B20084A936A43F47F431B
:1017A000936200232B7070BD1620CBE7A36A9B04C5
:1017B000F2D50A481AF03CFB1C20EDE700ED00E0F2
:1017C000B43F0200CB3F0200DD3F0200F13F0200C8
:1017D0000B400200214002003D4002005640020042
:1017E00070B5264C064626480D461AF021FBA36A22
:1017F000D80640D523481AF01BFB1120A36A19070D
:1018000003D521481AF014FB12201C4CA36A9A0736
:101810000FD51E481AF00CFB616BA36A1B0607D597
:101820001B481AF005FB1EB1A36A23F08003A362D4
:101830001320124CA36ADE0703D516481AF0F8FAF3
:101840001420A36A9C0603D513481AF0F1FA152058
:101850000A4B9A6AD10658BF9A6A9A6A920642BFA0
:101860005A6A22F400525A629A6A42F0FF029A625D
:1018700000232B7070BD1020C0E700BF00ED00E01A
:10188000864002009D400200DD3F0200D140020080
:10189000EA40020001410200564002002DE9F041F9
:1018A0005D4B04465F6800258AB0C7F3080685F3E0
:1018B0001188BFF36F8F02F07F43B3F17F4F06D1E2
:1018C00002F00C03082B13D154481AF0B1FA00258A
:1018D0002C464FF00008F31E8DF80780092B00F20C
:1018E0008B80DFE803F00A7F837B89898989898778
:1018F00010074CBF0C460125EBE74948464E1AF04D
:1019000097FA8DF80780F36A9A0704D545481AF0CC
:101910008FFA00232AE0F36A002B01DA4248F6E747
:10192000F36A5B00F5D541481AF082FA7369A2693F
:1019300043F480737361BFF34F8FBFF36F8F32F83F
:10194000023C726922F480727261BFF34F8FBFF361
:101950006F8F03F47F42B2F55F4F27D1DBB2022BCA
:1019600024D1216832481AF063FA23689DF80720D1
:10197000CAB902AE04F12007324620686168083413
:1019800003C2BC421646F7D1099A002D40D0C2F3DB
:10199000080121B96FEA52226FEA422209921846E1
:1019A00002A9FFF719FE0AB0BDE8F0811A4B9A6A46
:1019B000D2B22AB101200DF10701FFF711FF0FE0AC
:1019C0009A6A12F47F4F05D001200DF10701FFF74D
:1019D000ABFE05E09B6AB3F5803F9AD3FFF750FE5C
:1019E0000346C3E700200DF10701E6E700200DF1F3
:1019F0000701ECE70F488AE70F4B17F4F87F0F4910
:101A00000F4808BF1946A6F110021AF011FA80E734
:101A10006FF30802C2E700BF00ED00E04F41020093
:101A20007B41020093410200B5410200C441020023
:101A3000E44102000142020021410200364102005D
:101A400026420200064B5A6942F010025A615A6956
:101A500042F480625A615A6922F008025A61704762
:101A600000ED00E0EFF30880EFF3098101B5724665
:101A7000FFF714FF01BD00BF0B4880F3088815F085
:101A800007FF202080F3118808484FF400614018B8
:101A900080F30988EFF314800221084380F314884F
:101AA000BFF36F8F00F06AF870C1002030B00020E3
:101AB0001EF0040F0CBFEFF30880EFF3098081697B
:101AC00011F8021C0229FFD001B572461AF028FB5A
:101AD00001BD00BF00B2002807DB01234109034A12
:101AE00000F01F00834042F82130704700E100E021
:101AF00000B200280CDB01220649430900F01F0058
:101B00008240203341F82320BFF34F8FBFF36F8F04
:101B1000704700BF00E100E0054B420953F8222066
:101B2000012300F01F0003FA00F01040704700BFCF
:101B300000E100E000B2002801F10101ACBF00F1BA
:101B40006040064B4FEA4111C9B2ABBF00F561409E
:101B500000F00F0080F800131954704714ED00E0F6
:101B6000044B054A23F07F039360BFF34F8FBFF30D
:101B70006F8F70470000000000ED00E008B5FFF730
:101B8000EFFF0B4AD2F8883023F47003C2F8883094
:101B9000EFF3148323F0040383F31488BFF36F8FF0
:101BA000FFF7F2FCFFF7FCFC00F09CF816F0F0FEEB
:101BB00000ED00E042F8203C009B0B4942F81C3C41
:101BC000019B21F0010142F8183C029B42F8081CDD
:101BD00042F8143C4FF0807342F8043C0023203A52
:101BE00002654367704700BF6113000000B50D4BED
:101BF00015469860026F0C4B0E461A60036E83F315
:101C00000B882C4686F309880020044B9847204611
:101C1000002100220023024C204700004DC101009A
:101C2000611300008C830020281700201022014B34
:101C30001A61704700ED00E0054B5A699B689A42B3
:101C40001FBF044A536843F080535360704700BF7E
:101C50008C83002000ED00E0084B9B6883420BD191
:101C6000EFF3058343B1064B5A6842F080525A6045
:101C70005A6A22F400425A6217F0A6BD8C830020F3
:101C800000ED00E014498A684FF030001044EFF393
:101C9000098C80E8F01F202080F31288BFF36F8F3B
:101CA0000E4F4FF000664A698A603E60106F0C4C20
:101CB0002060506F0023536780F3118802F13000D9
:101CC00090E8F01F8CF3098802F1000004B51AF0C7
:101CD00036FABDE8044070478C83002004ED00E034
:101CE000281700200023202040F20F1210B5044CCA
:101CF000E1180133934281F80003F9D110BD00BF10
:101D000000E100E008B5EFF30583064A103B02EB63
:101D1000C30152F8330049688847BDE80840FFF71F
:101D20008BBF00BF601D02000148006870470000C3
:101D3000281700201FB50121094B0A4A0A4800F064
:101D4000F7F80023064A0393084B0121019301A8E9
:101D5000D31A029300F0F6F805B05DF804FB00BF5B
:101D6000000004200000002038280200A007002006
:101D70000A7A0B6810B562F304031C46CB6852095B
:101D800023F01F0343EA4203044A43F00103C2F86D
:101D90009800C2F89C40C2F8A03010BD00ED00E0F1
:101DA00010B5074BD3F89030C3F30723013B98429B
:101DB00002D8FFF7DDFF10BD6FF01500FBE700BF95
:101DC00000ED00E02DE9F04F0F46144606464FF0B7
:101DD00000084B4D85B0B84580F28E80D6F804904F
:101DE000B9F1000F35D0B9F11F0F40F2838019F01F
:101DF0001F0F7FD1D6F800A01AF01F0F7AD15046DE
:101E00001AF0C7F9834609EB0A0001381AF0C1F944
:101E100083456FD11BF1160F6CD05C456ADDC5F8A8
:101E200098B0D5F89C10C5F898B0D5F8A03021F03E
:101E30001F0143F01F0AD6E900321A44994202F109
:101E4000FF391BD1CA4508D131465FFA8BF01AF031
:101E5000A9F908F101080C36BDE73146C5F898B07C
:101E6000D5F89C30E0B263F30402C5F89C201AF068
:101E700099F910F1160F3DD0441CEAE7C5F898B067
:101E8000D5F8A020013B23F01F0302F01F021343EB
:101E9000CA453146E0B2C5F8A030E8D01AF082F960
:101EA00010F1160F26D0C5F898B0D5F89C209DF8F3
:101EB00008300AF1FF3A62F304038DF80830D5F8D0
:101EC000A0309DF808205B0863F347128DF80820C6
:101ED000D6E900321344009323F01F035344A3EBCD
:101EE0000903013023F01F036946C0B20393FFF7D3
:101EF00057FFBEE76FF01504204605B0BDE8F08F30
:101F000000ED00E00522044BC3F89420BFF34F8F8F
:101F1000BFF36F8F704700BF00ED00E0BFF35F8F2E
:101F20000022024BC3F89420704700BF00ED00E090
:101F300010B5034C2278FFF745FF207010BD00BF9D
:101F4000E48C00202DE9F74F294D8A4606464FF0D4
:101F50000008AB46274FD0451BDAD6F80490B9F1FC
:101F6000000F3FD03168084601911AF012F901992B
:101F7000044609EB010001381AF00BF984424FF0D6
:101F800014021D4B08D002FB08F36FF015024BF84A
:101F9000032003B0BDE8F08F14F1160F2C60F8D0C9
:101FA0001978A142F5DD02FB08B0C7F89840C7F8E0
:101FB0009840D7F89C4000F10801007B64F30400CE
:101FC0000871D7F8A0000C79400860F347140C7131
:101FD000D7F89C1021F01F016960D7F8A01021F0FC
:101FE0001F01296108F1010814350C36B3E700BF61
:101FF0002C17002000ED00E0E48C0020F0B55349E0
:10200000534DD1F890302C68C3F307239C4287B01E
:1020100000F299800020FFF781FF4E4BC1F8C030DD
:10202000844216D14C4D01A82C70FFF7A7FA002668
:1020300007464A4CB74213D100202B784349D1F8C8
:102040009020C2F30722934277DBFFF75BFF00206B
:1020500046E0696801EB0011FFF78AFE0130DFE717
:102060000199300101EB0613DA682240B2F1807F5A
:1020700052D00AD8B2F5001F34D0B2F5800F3ED04E
:10208000B2F5801F12D00136D4E7B2F1006F43D011
:10209000B2F1805FF7D15A689B680958013B22F082
:1020A0001F00034423F01F03012032E05A689B689D
:1020B0000958013B22F01F0003440120844623F00D
:1020C0001F0340EA4C10CDE902218DF8100002A94F
:1020D00028780593FFF764FE00282ADA6FF01500D0
:1020E00007B0F0BD5A689B680958013B22F01F00F9
:1020F00003444FF0020C012023F01F03E1E75A686C
:102100009B680958013B22F01F000344062023F07E
:102110001F034FF0000CD4E75A689B680958013B35
:1021200022F01F0003444FF0030C012023F01F0393
:10213000C7E72B7801332B70A5E7C1F89830C1F8B9
:10214000A00001337BE74FF0FF30C9E700ED00E06E
:1021500044280200AAFF4400E48C00200000F0FFA5
:1021600008B5024B1B689847002008BD40170020A7
:10217000034B044A1860937843F00203937070474E
:10218000401700201C02002008B50649064821F02F
:102190000701C1F1005202F5802219F006FE00206D
:1021A00008BD00BF23A10220441700204FF0FF32DA
:1021B0004FF0FF33014816F0A5BC00BF2C020020F1
:1021C000014816F011BD00BF2C02002038B50546AD
:1021D000FFF7ECFF2A460821074819F075FD044671
:1021E00028B925B1FFF7A0FD0C22044B1A50FFF7C8
:1021F000E7FF204638BD00BF441700200C00000058
:1022000010B50446FFF7D2FF2146034819F0D6FC6B
:10221000BDE81040FFF7D4BF4417002070B5A0FB05
:10222000015434B92846FFF7D1FF064640B930467D
:1022300070BDFFF779FD0C22044B00261A50F6E71B
:102240002A4621461FF05BFCF1E700BF0C000000AE
:1022500070B541690446867A0A4D59B1437ADB0765
:1022600006D4242303FB0653DB691B689B6898474D
:10227000002363612420214600FB0650BDE8704026
:102280001DF07BBF580600202422024B02FB0030C9
:10229000704700BF580600202421827A054B01FBBD
:1022A00002331A6A1B7D801A1B3323F00303B0FB31
:1022B000F3F070475806002038B52424827A064B84
:1022C00004FB0233DB69D3E901240C601568FFF7D6
:1022D000E3FF04FB005038BD580600202DE9F04311
:1022E00085B00546684690461C4603911EF0DDF910
:1022F000DDE90067EFF31189202383F31288BFF330
:102300006F8F6B8A002B41D02A8A9A4225D90022EE
:102310000023284616F0B8FC0446F0B189F3118872
:10232000BFF36F8F039B002B41D032463B4668467C
:102330001EF0E0F92421A27A254B204601FB02334E
:10234000DB6903A91B681D68DDE90023A8476061FC
:1023500070BB2046FFF77CFF24E0698A4B1E6B822E
:1023600089F31188BFF36F8F2B7D2A8A2C6A1B3368
:1023700023F00303521A02FB0344154B154AEB1AD0
:102380009B105343A3722B7DE372CBE789F3118833
:10239000BFF36F8F23464246284616F075FC04466D
:1023A0000028BFD10024204605B0BDE8F08363615A
:1023B000012300252381039B29466382E27A65601D
:1023C00004F118001FF09BFB63692582E360EAE7D4
:1023D00058060020398EE33870B524250C4C00B91E
:1023E00070BD037A4668002BFAD0013BDBB2037262
:1023F000002BF5D1C3604360837A05FB03439B69DF
:1024000013B198473046EAE7FFF722FFFAE700BF2B
:10241000580600202DE9F84F06460D46174604469B
:10242000A3466468002CFBD14FF02409DFF878A0A4
:10243000BBF81030BBF81220DBF81410D21ADBF80E
:102440000C300BF10C005B1AD21AAA4228BF2A46A4
:102450001FFA82F83946424619F03AFFB5EB0805F3
:10246000444447441DD00C9B53B1DDE90A010D9A49
:1024700098478346A8B10146304619F0FBFED7E7DE
:10248000B07A09FB00A0C3699B6843B1AB4228BF87
:102490002B461946DDE90A23FFF720FFE9E7294625
:1024A000F8E72046BDE8F88F5806002008B5244A12
:1024B000244B1A6014F056FC4FF47A612248D0F88D
:1024C0002436C3F30802C3F309434B4382F48072FA
:1024D0001E49883201FB02334FF4FA215B00B3FB43
:1024E000F1F201FB12331A49B3F57A3F28BF0132EA
:1024F000C1F80429D0F820364FF47A60C3F30802FB
:10250000C3F30943434342F21C5082F4807202F247
:10251000172200FB02334FF47A701B0AB3FBF0F270
:1025200000FB12330020B3F5FA7F4FF0010328BF00
:102530000132C1F81C27C1F80009C1F8003608BDF6
:102540000020A1078C05002000C0FF00F82A0080B1
:102550000000125048B1054B054A1B68B3FBF2F36B
:102560005843044B43F00103184770478C05002083
:1025700040420F008027020010B50024094B86B0AE
:1025800009480393CDE904441DF0E3FE03AB009337
:102590004FF4AF620A230549034816F079FD20463F
:1025A00006B010BD4942020098090020A89B0020F7
:1025B0000146014816F0ACBD9809002001460148CB
:1025C0001DF09CBE9809002030B50378012B11D076
:1025D000022B21D06BB90A46144B03F1100453F8B7
:1025E000045BA34242F8045BF9D143881A0A8A705B
:1025F000CB7030BD0A460D4B03F1100453F8045B59
:10260000A34242F8045BF9D143681A0C180E4A70D1
:102610000870C3F30722EAE700F11003013913F849
:102620000129984201F8012FF9D1E2E7584402004C
:1026300010B519F04CFF1DF0EBFE044608B916F07A
:10264000F9FF064BD3E8AF3F0BB10A2098471CB9FE
:10265000BDE8104017F002B810BD00BF50170020B1
:1026600038B50446084819F0C1FD054648B1631E57
:10267000DBB21F2B96BF054A0021D15C0C3019F04C
:1026800030FE284638BD00BF3007002068440200F5
:102690000F2810B50CD80D280CD90A4819F0A6FD42
:1026A000044618B104210C3019F01BFE204610BD61
:1026B0001328F2D009B10448F0E70220BDE8104029
:1026C000FFF7CEBF54070020C406002038B5C56808
:1026D0002B7893B9B5F801400F21204601F05AFF3D
:1026E000EB78054650B90A4A118831B96FEA0450AF
:1026F0006FEA10501080074A137038BD0373012130
:1027000001F094FE2846BDE8384001F043BE00BF0A
:10271000D68A0020E58C002010B5002486B003ABDB
:1027200000934FF480624FF0FF3305490548CDE92F
:102730000344059416F0ACFC204606B010BD00BF63
:1027400020A10020380A002010B5012104460C30D9
:1027500019F0F4FD2146BDE810400023014A00783D
:102760001AF058B87C29020010B5012104460C303B
:1027700019F0E4FD2146BDE810400B23014A007822
:102780001AF048B82429020070B5314819F047FD05
:10279000044600285AD000F10C05284619F0D6FD51
:1027A000022805D004282FD02046FFF715FE21E08F
:1027B000238A032BF8D90421284619F0BFFDFF22F4
:1027C000438806882276228AC6F30B009A426083E9
:1027D000EAD10F2101F0DEFE05460028E4D001F029
:1027E000F5FE21462076320B28461AF004FC2846D6
:1027F00001F0D0FD174BD3F84C313BB3BDE870402E
:10280000154916481DF07ABD2846022119F096FD9B
:10281000054600783E2812D019F0F4FE10F00206AA
:102820000DD140F69A430E4A0E490F4819F00DFBA0
:1028300086F31188BFF36F8F0323184602DF062348
:1028400021460A4A287819F0E5FFADE770BD00BFC0
:102850004C0100200000002040030020D80A002086
:102860005242020086420200B4420200F4280200F2
:1028700010B5012104460C3019F060FD2146BDE879
:1028800010400223014A007819F0C4BFE428020076
:102890002DE9F0470C4616F0CDFEE5682B78022BAB
:1028A00067D0042B05D02046FFF796FD6FF0150486
:1028B00008E0B4F81080B8F1020F08D82046FFF7FE
:1028C0008BFD002416F0CAFE2046BDE8F08768782C
:1028D0003E2809D1B8F1030FF0D0EB78012B01D0DD
:1028E0000A2B46D1032704E019F08CFE0746F807AF
:1028F0003FD504F10C0601213046D4F814A019F09C
:1029000015FD0221304619F019FD814600783E2858
:1029100007D1E3681B78012B01D00A2B06D10326CF
:1029200014E019F06FFEC10706460FD441F2681398
:10293000164A1749174819F088FA002383F31188BB
:10294000BFF36F8F0323184602DF0226124A0623C5
:10295000214699F8000019F05DFFB20712D56369AE
:10296000A5EB0A0513FA85F5E560A4F81080BB070E
:10297000A7D52146094819F03DFC094909481DF031
:10298000BDFC9EE72046FFF727FDF0E7524202001C
:10299000D1420200B4420200B42802004C010020DF
:1029A00040030020D80A00202DE9F047884616464B
:1029B0008246002868D00023DFF8D090D9E8EF4F96
:1029C000C9E8E23F002AF9D1002C5DD02046FFF78C
:1029D00063FC0C232E4D274603FB005043885345D0
:1029E0000DD0D9E8EF3FC9E8E27F002AF9D1002BEA
:1029F0004AD01F463846BDE8F047FFF7EDBCA64277
:102A000008D0204619F0EDFB328AF16804F10C0081
:102A100019F05EFC2046FFF73FFC0C2606FB005039
:102A20004368ABB1B8F1000F12D12046FFF734FC78
:102A3000012106FB00504268536803F01F008140EB
:102A400010685B0900EB8300137ACBB119F017FE15
:102A50002046FFF721FC0C2606FB00508368002B64
:102A6000C8D02046FFF718FC704305F800802046C8
:102A7000FFF712FC06FB0055A86816F037F9B9E716
:102A8000C94319F0DEFEE3E7BDE8F0874801002006
:102A90005417002008B500F0DBFF064BD3E8AF2F3A
:102AA00002F00B02D3E8EF1FC3E8E02F0028F9D1B2
:102AB00008BD00BFD400002010B5C1E900239DF877
:102AC00008300C460B72FFF7E7FB0C22024B02FBAF
:102AD00000335C6010BD00BF54170020F8B50246FB
:102AE0000B46104819F082FB0446C0B104210C309B
:102AF00019F0DDFB2046FFF7CFFB0C2700260A4D1F
:102B000007FB005046802046FFF7C6FB07FB00503E
:102B100086602046FFF7C0FB07FB00556E6020462D
:102B2000F8BD00BF0C070020541700200138C0B2C8
:102B300002289ABF014B185C00207047B244020083
:102B400029289ABF014B185C09207047884402006D
:102B5000034B0146D3F8640182689268104700BFB6
:102B60000000002008B50421034819F088FDBDE8E5
:102B7000084000F06DBF00BFD4000020004870473F
:102B8000EA420200014902481DF0B8BB30030020B0
:102B9000380A002070B505460C4639B1CB684A6941
:102BA0009B1A032B0ED86FF0150509E04FF0FF308C
:102BB0004FF0FF31FFF792FF044618B96FF0680538
:102BC000284670BD2046FFF767FB0C22134BA61862
:102BD00002FB0033032130465D8019F08AFB05803B
:102BE000238A0121033B8370304619F096FB40F69F
:102BF00035439D4209D12046FFF7AAFF054600282C
:102C0000DED02046FFF7E8FBDAE7214604481DF056
:102C1000A9FA0025FFF7B6FFD2E700BF541700203E
:102C2000540100202DE9F043064617460C4685B0B6
:102C300069B94FF0FF304FF0FF31FFF74FFF044607
:102C400058B96FF06805284605B0BDE8F083887A6A
:102C5000FFF71AFB304B834257D10122002168460F
:102C60001DF099FA2046FFF717FB0C23DFF8AC9014
:102C700003FB0090C0F808D0204619F0E6FA0146A0
:102C80003046FFF787FF054618B12046FFF7A4FB43
:102C9000D9E700236846224A16F05CF8804690B1D6
:102CA0004FF4F1731F4A2049204819F0CEF84246EC
:102CB00031461F4819F0C9F885F31188BFF36F8FAB
:102CC0000323184602DF2046FFF7E6FA0C23584399
:102CD00019F80060AEB12046093EFFF77DFB092ED2
:102CE0000CD8DFE806F0050B0B08150B0B0B0B12CD
:102CF0006FF06E05A7E76FF00C05A4E76FF0040511
:102D0000A1E7002FC1D03C609DE76FF015059AE761
:102D10006FF00B0597E700BF0C0700205417002049
:102D2000B4C4040052420200FC420200B442020059
:102D300005430200F0B585B006460DF10301002001
:102D400000F02EFD054600284DD14FF0FF304FF02A
:102D5000FF31FFF7C3FE0746002847D019210C308A
:102D600019F0B0FA0446294619221EF0C8FE9DF853
:102D70000330204A237392F8291192F82831601DFC
:102D8000994294BF06F1700106F17E0119F04CFCE6
:102D9000938938462380D3896380B6F88C30A4F8B1
:102DA0000D30B6F88E30A4F80F30B6F89030A4F895
:102DB0001130B6F89230A4F813300F4B019307236B
:102DC000029301238DF80C30FFF766FA0C220B4BAF
:102DD000394602FB003301AA5A6042F20D0000227C
:102DE000FFF720FF0546284605B0F0BD6FF06805E7
:102DF000F9E700BF00000020D40000205417002095
:102E000030B54FF0FF304FF0FF3185B0FFF766FE71
:102E10000446B0B10C4B0025019307238DF80C50EC
:102E20000293FFF739FA0C22084B214602FB0033CC
:102E300001AA5A6042F20E002A46FFF7F3FE05B0DF
:102E400030BD6FF06800FAE7D4000020541700206E
:102E50002DE9FF41002605464C4BB0F8017019885A
:102E600047F47042914204BF1E80494B05F10404AF
:102E700008BF1E7800F07AFAEB782046012B0ABFD3
:102E8000444B4FF0000893F86F8019F01CFB21466B
:102E9000F0B102A819F00CFBD5F81130CDF80130D3
:102EA000B5F81530ADF8053001238DF80030E8781D
:102EB00038B9022202A901F0C5FEEB7804469BB1A5
:102EC000C4B91321384619F0FFFD04B0BDE8F08104
:102ED000404619F0F4FF014602A819F0A5FB21466F
:102EE000684619F0A1FBE2E76FF080012A4819F06B
:102EF000A8FCE5E7204640F2E242B5F8013002A91D
:102F000020F8703B19F090FBB5F8173053430022BE
:102F1000C4F88830B5F81930A4F89030B5F81B30F3
:102F2000A4F89230EB7822731C4AE370C4F8A42012
:102F30004732C4F8A8204FF4A472A4F8AC206BB9AF
:102F4000694604F17E0019F06FFB217A114BC1EB49
:102F5000C101194404F1770019F066FB07212046EE
:102F600001F064FA26B101212046267301F05EFAD1
:102F7000204601F05DFB204601F00CFAE378002BBF
:102F8000A3D1032019F0DFFF9FE700BFD68A0020FE
:102F9000E58C002000000020D400002001011B006F
:102FA00000B5C16889B00B7833B1022B2ED109B0BE
:102FB0005DF804EB19F062BD8DF80030B1F8013016
:102FC00001A8ADF80130CB7804318DF80330B1F8A9
:102FD0000730ADF81730B1F80930ADF81930B1F855
:102FE0000B30ADF81B304B7B8DF81D3019F01CFBFE
:102FF000084B68461A689B88CDF80B20ADF80F3057
:10300000CDF81120ADF81530FFF722FF09B05DF8BB
:1030100004FB00BF5244020010B5FDF7B9FB034B9F
:103020001B6813B1BDE81040184710BD6C17002095
:1030300073B5254D0646D5F864011CF038FF00280D
:103040003BD06FF0020105F1D40019F0FAFB012129
:1030500019F015FB10EA010432D11C4B1E600A4620
:1030600005F59C701DF097F805F5AA701DF04CF859
:1030700017481DF06EF96FF007034FF4966215497B
:103080001348009416F004F8134911481DF0C6F9CE
:10309000D5F86401114983681B689847044648B90C
:1030A00026B902B0BDE87040FDF772BB05F1C4005F
:1030B00015F0E8FF204602B070BD6FF01204F9E78A
:1030C0006FF07704F6E700BF000000206C170020C7
:1030D000D80A002020A500204A43020091280000C1
:1030E00038B5032104460C3019F028F940F6354272
:1030F0000346B0F8010090420DD01D78E3682246E7
:103100001978FFF751FC35B1034815F0EFFDBDE824
:103110003840FFF737BD38BD3801002038B516F00C
:1031200089FA284DD5F85431002B48D000220023CD
:1031300005F59C7015F00EFE002840D100220023FA
:1031400005F5AA7015F0A0FD044668B940F6AA433B
:103150001D4A1E491E4818F078FE84F31188BFF3FB
:103160006F8F0323184602DFD5F8480120B1FFF71F
:1031700033F90023C5F84831204619F066F8C5F840
:1031800048012046FFF7E4FC98B1124815F0AEFD67
:103190002046FFF781F80C220F4B1F2102FB003065
:1031A00022464088FFF700FC2046FFF715F9FFF79D
:1031B000E9FCFFF7E7FCBDE8384016F04FBA01F034
:1031C00047FAF8E700000020524202005343020091
:1031D000B4420200380100205417002038B5042101
:1031E00004460C3019F0AAF8457801782246408848
:1031F000FFF7DAFB35B1044815F078FDBDE838403B
:10320000FFF7C0BC38BD00BF3801002070B54FF0DB
:10321000FF320D464FF0FF3300210646FFF738FA24
:10322000044660B91A230A4A0A490B4818F00DFEF1
:1032300084F31188BFF36F8F0323184602DF022146
:1032400004F10C0019F03EF806704570204670BD80
:103250005743020053430200B4420200F8B5064649
:103260000024094DEF79E3B29F4202D86FF00100CC
:1032700007E02946304619F08FFD0735631C08B179
:103280002046F8BD1C46EEE70000002037B5044696
:103290000D4671B12846124919F07EFD48B92946FC
:1032A0001048C4EBC404204419F07EFD002003B094
:1032B00030BD684619F0EEF80028F8D16846FFF7EF
:1032C000CDFF0028F5DA074BC4EBC400694618446B
:1032D00019F06AFD002DE9D001462846E4E700BF59
:1032E0004544020000000020014BD3E8AF0F7047B7
:1032F000D400002070B5144E0622314604461EF05C
:1033000006FCE0B14FF0FF304FF0FF31FFF7E6FB76
:103310000546A8B1062221460C3018F0D9FF00223C
:10332000294642F20500FFF77DFC40B9334622688A
:1033300043F86929A288B280012283F8682070BD11
:103340006FF06800FBE700BF69000020064BD3E880
:10335000EFCF4CF4806CC3E8E2CF002AF7D1037AB8
:1033600019430172704700BFD4000020084BD3E816
:10337000EF2F22F48061C3E8E01F0028F7D1530546
:1033800004D500220220034904F0FEBE704700BFAE
:10339000D400002007CF0100002307B50549CDE97F
:1033A00000036A46022004F0EFFE019803B05DF8C6
:1033B00004FB00BF63CE01002DE9F341044670B168
:1033C000434D95F8282195F829310AB19A4209D23E
:1033D000013385F82931237A43F00403237202B0C4
:1033E000BDE8F08100210222084601F02BFC0646D0
:1033F00048B120460121FFF7A9FF304602B0BDE8E1
:10340000F04100F0C7BFFFF76FFF8206C0F340171F
:1034100002D5304600F034FB95F82931B3B995F860
:10342000292195F828319A421DD1002242F2290023
:103430001146FFF7F7FB70B995F82931013385F88C
:103440002931237A43F00403237204E0002019F0A9
:10345000EFFC0028E3D0002FC1D0012002B0BDE86E
:10346000F04100F00DBB224604F10108414612F87C
:103470002E0B19F0A0FC064630BB95F8293101331C
:1034800085F82931237A43F00403237295F8A73095
:103490005B0719D54146684619F086FC01234FF0B9
:1034A000FF304FF0FF318DF80730FFF717FB044670
:1034B00050B1082269460C3018F00AFF3246214606
:1034C00042F24E00FFF7AEFB012019F0B1FCC2E75B
:1034D000000000202DE9F843044600B33A4D95F86A
:1034E000282195F8293192B10132934210DC002154
:1034F0000222084601F0A6FB064690B120460221B2
:10350000FFF724FF3046BDE8F84300F043BF13B196
:10351000013B85F82931237A23F004032372BDE8A7
:10352000F883FFF7E1FE8306C0F3401802D530466A
:1035300000F0A6FA002019F07BFC074688B995F840
:10354000293195F828219A4219D2013B85F8293171
:10355000237A024623F0040302201C49237204F05C
:1035600013FE95F8293113B1012019F061FCB8F16F
:10357000000FD4D0BDE8F843012000F081BA4FF02D
:10358000FF304FF0FF31FFF7A9FA04F101090646B9
:103590000028E6D007210C3018F094FE494619F0B7
:1035A00003FC3A46314642F22800FFF73BFB002875
:1035B000D7D195F82931013B85F82931237A23F0B9
:1035C00004032372CDE700BF000000201BCE0100E2
:1035D00070B5044611B16FF0150070BDD8B1204927
:1035E00019F0DAFBB8B92046FFF738FE002830DAC8
:1035F00023784BB91B48C2795ABB214619F0D4FB3A
:103600000123C3711046E8E7012BE4D1A37903F04D
:10361000C003C02BDFD1134DEB79012B1CD0FFF77A
:1036200063FEC30707D4002CD5D020460C4919F0FF
:10363000B3FB0028CFD1EE792146731C3046EB71E5
:10364000FFF724FE08B93046C7E7EB79013BEB7181
:10365000C3E76FF07700C0E76FF00B00BDE700BF76
:1036600045440200000000202DE9F3410446D8B192
:10367000002141F2090001AAFFF7D4FA054698B9E2
:10368000019E0622D6F80C80104908F10107384641
:103690001EF03DFA28B1062238460D491EF037FAD1
:1036A00030B93046FEF798FE002002B0BDE8F08148
:1036B000D8F801303046C4F80130BB882570A4F832
:1036C0000530FEF789FE0120EFE700BF52440200FB
:1036D0004C44020007B56846FFF7C6FF044BD8719B
:1036E00018B169460020FFF7D1FD03B05DF804FB77
:1036F00000000020F0B5294D89B0EE79002E46D1AA
:1037000095F8C230DB0722D56A4631464FF60940AC
:10371000FFF788FAD8B9DDF800C0DCF80C40637810
:10372000012B1E4628BF012673B1A31C02AA123426
:10373000174618685968083303C7A3423A46F7D1B9
:10374000186838609B88BB806046FEF745FEEE71C6
:10375000002416260127EB79E0B2984202D3B3B1D8
:10376000002012E008AB06FB003353F8182C33F8A6
:10377000143C6946CDF80120ADF805308DF8007095
:10378000FFF784FD01340028E5D009B0F0BD002129
:10379000084609B0BDE8F040FFF71ABF000000205E
:1037A00038B50C4661B108480578012D05D10130C6
:1037B000FFF7A0FD00B9257038BD00200870FBE7B9
:1037C0006FF01500F8E700BF0000002010B50A4CAC
:1037D000E3790BB1002010BDFFF77CFF0028FAD180
:1037E000E379002BF6D1FFF785FF0028F3D1601CA9
:1037F000BDE81040FFF77EBD0000002070B5054613
:103800000E464FF0FF304FF0FF3186B0FFF766F9FC
:103810000446A0B102210C3018F054FD094A46704C
:10382000057003A9204605230095FFF745F90022FE
:10383000214642F20C00FFF7F5F906B070BD6FF0BB
:103840006800FAE7D400002008B50C4B0246400996
:1038500003EB800019F074FB02F01F0340FA03F33E
:1038600013F0010006D122B9054819F069FB40F3B5
:10387000C01008BD6FF07700FBE700BF7017002095
:10388000D4000020084A430902EB8302012300F020
:103890001F008340DB43D2E8EF0F1840C2E8E10F7E
:1038A0000029F8D1704700BF7017002030B587B0ED
:1038B00000220023604815F025F90446002840F056
:1038C00098805E4819F03CFB10F001035B4D4DD031
:1038D0002B1D93E8070006AB03E90700584819F0D1
:1038E0002FFBC0F34013554819F02AFB044600286B
:1038F00072D07BB10C2253490DEB02001EF007F988
:103900000446002872D000210846FFF777FF0446DE
:1039100000286BD14A4819F013FB420501D5FFF787
:1039200025FD0023ADF80930BDF80E309DF80C00E0
:10393000ADF80530BDF810308DF80400ADF8073053
:10394000431E58420DF10901584119F0ECFA0446A2
:1039500000284BD14FF0FF304FF0FF31FFF7BEF89A
:103960000546002848D16FF068043FE0344819F05C
:10397000E7FA10F0800F344A0ED04FF4807490892B
:10398000D1891269ADF80C40ADF80E00ADF81010F9
:10399000ADF812300592A1E72C4C03AB20686168AA
:1039A00003C3A068186092F8D93024481C0744BFAC
:1039B00005238DF80D3019F0C3FA800706D53023A2
:1039C000ADF810306023ADF80E3087E71B4819F0D2
:1039D000B7FA4107F3D481E743B10146FFF70EFF81
:1039E000044618B9174B2861C3E90100124815F0C5
:1039F000FBF8204607B030BD072201A90C3018F0B3
:103A000067FC2246294642F20B00FFF70BF90446F9
:103A10000028EBD19DF80D10012001F00101FFF706
:103A2000EDFE04460028E1D1064B06AA12E9070084
:103A300083E80700DAE700BF8C170020701700202A
:103A4000D400002080170020000000203027020052
:103A50004422002110B508481EF051F8064B03F12E
:103A60001C001C461CF0C9FA04F130001CF0C5FA19
:103A70000022024B1A6010BD70170020BC170020F6
:103A8000044B0038597C18BF012001F00101FFF7F9
:103A9000B5BE00BF70170020032838B5054603D116
:103AA000BDE83840FFF702BFFFF7CEFE0446A8B9D5
:103AB0000B4B6A0903EB8203012205F01F018A40C8
:103AC000D3E8EF0F1043C3E8E10F0029F8D1FFF767
:103AD000EDFE044610B12846FFF7D4FE204638BD5F
:103AE000701700202DE9F04F00F10C088BB0044650
:103AF000404618F02BFC06467D4819F021FA00F0EC
:103B000001037B48039319F01BFAC0F3800302936F
:103B100016B90BB0BDE8F08F039B13B9029B002BC5
:103B2000F7D0238A082BF4D90921404618F006FC67
:103B3000037A228A01339A420546EAD30123ADF87B
:103B400024307F238DF81E30037A471C03445B7AB0
:103B50008DF81D30FF238DF81C300023ADF8223086
:103B60000278042A98BF634B8DF81F2098BF9B5C96
:103B7000ADF82030037A5E48019319F0E1F900F0C6
:103B800001095B4819F0DCF98246B9F1000F0BD04E
:103B9000BDF820305A0707D5297A40460131013E49
:103BA00018F0C4FBF6B2B3E7384618F08CFC0DF100
:103BB000100B00284FD03946584618F079FCB9F15F
:103BC000000F02D11AF0040F59D14B4BD3F800A0CB
:103BD000BAF1000F14D0E2686369B4F810B0A2EB38
:103BE0000309019B9DF81F2023829DF91D10434668
:103BF00004A8D0476369A4F810B013FA89F3E3600E
:103C000004AB06933D4B1B68002B36D053F8089944
:103C1000B9F1000F01D0A9F108091A688AB1E16869
:103C20006269B4F810B0A1EB020A019A41462282FF
:103C30001B6806A898476369A4F810B013FA8AF3C2
:103C4000E360B9F1000F18D0D9F8082002B1083AA2
:103C50004B469146E1E76B78FF2B09D1284B18685A
:103C600004909A889B79ABF804208BF80630A6E77D
:103C7000394619F024F90346F1E7002306931C485E
:103C8000BDF8203019F05CF910F0010984D1DB0790
:103C900082D50322484604A900F0D4FF82460028BA
:103CA0003FF47AAF022019F04EF9D5F801305046B2
:103CB000CAF87E30BB88AAF88230BB798AF8843093
:103CC00018F0DAFE60B11F23494650468AF80C30DE
:103CD00000F0ACFB504600F05DFBFFF7E7FD5BE753
:103CE0005046022100F0A2FB504600F053FB53E780
:103CF00070170020B5440200BC170020B417002044
:103D000045440200F8B50546224819F019F9430761
:103D10000F463CD52A78012A03D96FF015042046B6
:103D2000F8BD6B780F2BF8D843F6FC746888031F36
:103D30009BB2A342F1D8A9880B1F9BB2A342ECD837
:103D40008842EAD37AB900220023134814F0DAFE3D
:103D500004460028E3D1FFF777FD044640B10E4842
:103D600014F042FFDBE719F0CCF80028EBD1D4E7E0
:103D700028686968094E0A4B03C6A8681F6030604E
:103D80002046FFF789FE044606F12400E8E76FF0BD
:103D90000A04C4E7D4000020A017002074170020F4
:103DA000BC1700200020024B186019F0CCB800BFEF
:103DB000BC17002008B5034819F0C2F800F0010054
:103DC00008BD00BF7017002070B59AB01422002102
:103DD00004A81DF094FE47F21213ADF80C304FF416
:103DE000807344F20102ADF80E30304B01A903A8F4
:103DF000CDE9052316F0B8F9F0B11F252C4BD3E817
:103E0000EF1F21F00101C3E8E21F002AF7D1294E7C
:103E100015F010FC346804B1043C002D264D18BF89
:103E20000025002C3BD023680BB1284698476468D6
:103E3000002C34D0043CF6E74122019802AB09A9DA
:103E40001CF0B6FE0028D8D11C4A0DF125030DF157
:103E5000650153F8040B8B4242F8040BF9D1202280
:103E60001749019802AB1CF04BFE0028C5D1019800
:103E70001CF0FEFD05460028BFD110490E4819F080
:103E80006BF81048203119F067F80F4BD3E8EF1F9B
:103E900041F01001C3E8E21F002AAFD0F6E700238B
:103EA000C6E9003315F0DAFB1AB070BD0000020954
:103EB000C0170020C8170020468D0020068D002066
:103EC000E68C0020668D0020D400002030B5A7B01D
:103ED0001422002108A81DF012FE04233D22002117
:103EE00016A815931DF00BFE47F21213ADF81C3007
:103EF0004FF4807344F20102ADF81E30234B244985
:103F0000CDE9092307A8202205AB1CF07BFEB8B140
:103F10006FF0040415F08EFB1E4B1D6865B1002088
:103F200018601D4BD3E8EF1F21F00201C3E8E21F28
:103F3000002AF7D124B3A84715F090FB27B030BD75
:103F4000164B0DF15502194603F1400053F8044B8E
:103F5000834242F8044BF9D106AB029320230B486D
:103F6000CDE9001315AA412305991CF09FFF0028F5
:103F7000CED105981CF07CFD04460028CAD0C7E7C6
:103F80000DA8064918F0E8FF0DA8D4E700000209C3
:103F9000E68C0020C4170020C0170020068D0020EA
:103FA000402208B503491DF0B2FDB0FA80F0400987
:103FB00008BD00BFBA44020010B598B004461422F0
:103FC000002102A81DF09BFD44F21213ADF804304D
:103FD0004FF480734FF48042ADF80630114B214608
:103FE000CDE9032304230DF11D008DF81C3018F0DA
:103FF000B3FF04F120010DF13D0018F0ADFF6B4659
:10400000412207A901A81CF0FDFD044601A81DF0EE
:1040100073F82CB900981CF02BFD012018B010BDCE
:104020000020FBE70000020910B560B31A4A1368CC
:1040300023B1043B834229D05B68F9E7174BD3E8EF
:10404000AF1F890725D41468011D446050681160B2
:1040500000B95160D3E8EF2F42F00101C3E8E01F3F
:104060000028F7D1D30701D5002010BD0C4BD3E8B1
:10407000EF1F21F01001C3E8E21F002AF7D1094821
:10408000FEF79CFAF0E76FF01500EEE76FF07700AF
:10409000EBE76FF00F00E8E7C8170020C01700201B
:1040A000D400002060030020044BD3E8AF3F13F09E
:1040B000100F034808BF0020704700BFD400002045
:1040C000468D002070B50546194803688B4228D0FC
:1040D000184BD3E8AF3FDA0626D5036813B16FF06B
:1040E0000F0070BD144AD2E8AF3FDB07F7D4D2E827
:1040F000EF3F43F00204C2E8E64F002EF7D113F081
:104100000204ECD1016029460C4818F025FF0C4848
:1041100005F1200118F020FF0A48FEF74FFA20466B
:10412000DFE76FF07700DCE76FF07C00D9E700BFD6
:10413000C4170020D4000020C0170020068D0020E6
:10414000268D00205003002070B505460B4B1C68DF
:1041500044B154F82C3C2C3C13B12846297B984799
:10416000E46AF5E7064C074EB44200D370BD2368FD
:1041700013B12846297B98473034F5E7E01A002030
:10418000B0260200E026020010B50446FEF784F8CF
:10419000044901EB0011204618F0D6F9BDE81040A3
:1041A000FEF7F0BCD0170020002270B50446D1E91C
:1041B00001560748C1E901221BF0D4FF3DB1314649
:1041C00020462B46BDE870406FF06D02184770BD69
:1041D0004806002070B50546002200230E4814F062
:1041E000B9FDB8B90D4B1C6834B154F8243C2C3CD3
:1041F00003B19847E46AF7E7094C0A4EB44204D386
:104200002846BDE8704014F03DBFA36803B198474D
:104210003034F3E770BD00BF38060020E01A0020FC
:10422000B0260200E02602002DE9F04104462027D6
:104230000025EFF3118287F31288BFF36F8FE169D6
:1042400029B1206A0B688142E36108BF236282F3CF
:104250001188BFF36F8F71B1D1E901680748C1E9D7
:1042600001551BF07FFF1EB1002241462046B0479A
:10427000FEF788FCDDE7BDE8F08100BF48060020BE
:1042800013B5437B0446072B22D10430D0E8EF3F1F
:1042900043F48062C0E8E12F0029F7D1590517D413
:1042A00018F07FFEC2030DD5E17889B9094B93F868
:1042B000D930DB070CD5022320461A46009118F0AE
:1042C00063FC05E0204618F025FC637B072BEBD050
:1042D00002B010BD000000200448B0F8143100F511
:1042E0008C70002B08BF0020704700BF000000202A
:1042F00030B50446FDF718FD0D460D4A0D4989B04D
:104300000858D2F88010884205D1204609B0BDE88F
:104310003040FFF789BF2434214610461BF0EEFFE2
:104320001DB1694620461BF0F9FF09B030BD00BF42
:10433000D81500200800000038B5002204468A4243
:1043400002D10024204638BD012004F1D003D3E877
:10435000EF5F002D04D1C3E8EC0FBCF1000FF6D1E4
:1043600002D0D8340244EAE7002CEAD0D02200215F
:1043700020461DF0C4FB04F1400004491BF0EFFF90
:10438000034904F124001BF08EFFDBE7314F0000EE
:10439000A9CF010008B500F1D003D3E8EF2F013A0F
:1043A000C3E8E12F0029F8D1AAB90B4B984212D3E8
:1043B00003F1D80290420ED2C01AD823B0FBF3F218
:1043C00003FB120038B9054814F090FCBDE8084022
:1043D000034814F057BE08BD780B002038060020B3
:1043E0008003002010B5044618F055FE15F022F9A0
:1043F0000C4B04F1C401D3F82C3143B90A4818F02E
:10440000B5FD15F02BF9BDE81040FEF7BBBB994296
:1044100001D01B68F1E715F021F92046FFF7BAFF3C
:10442000F1E700BF000000202C01002070B5457BA3
:1044300004468D4223D0417355B1022D0BD0637BCE
:10444000072B1CD8DFE803F01C0E541B1B1B1B188A
:1044500018F021FEF3E78378012BF0D140301BF0F8
:104460008CFFECE73A4D05F58C76616900295CD14B
:10447000BDE87040FEF786BB0023C4E90D3370BD74
:10448000082DFCD801A353F825F000BF7F4400009D
:10449000B1440000DD440000D7440000E7440000C0
:1044A000E7440000DD4400007F4400007F4400003A
:1044B00004F1400528461BF060FF20460121FFF76C
:1044C00017FF204618F08EFD2846BDE870400022F8
:1044D000002314F07BBE022018F035FD237B13B1BE
:1044E0002046FFF731FE2046BDE87040FFF752BF7F
:1044F000A378012BC3D1164B9D8A002DBFD00A2370
:1045000047F6122640F2E73000215D434FF47A72FD
:104510000023E5FB0601FBF7B3FF02460B4604F15F
:104520004000BDE8704014F01DBEA2690B689142C6
:1045300008BFA36120466361FFF736FEB5F814316A
:10454000002B14BF3046002014F0D0FB8DE700BFD5
:1045500000000020F8B5074609480D46164618F039
:104560009AFD044650B183781F4203D1BDE8F8405C
:10457000FFF710BF3146A8472046F7E7F8BD00BF58
:10458000780B0020002201200149FFF7E3BF00BFA4
:104590008142000038B505460B480C4618F07BFDFB
:1045A000034670B1427B012A02D0073A012A06D89D
:1045B0001A88AA4202D19A78144203D11846FFF70A
:1045C000E9FE0023184638BD780B0020034BC01AC3
:1045D000034BC0105843C0B2704700BF780B002097
:1045E00013DA4B6870B51C46144305460E4608D0D6
:1045F000FDF79AFB0B4908580B49D1F88010884207
:1046000001D1002213460949002D14BF284608464F
:1046100017F0ECFD044618B1711D0C3017F047FE81
:10462000204670BD08000000D81500205806002064
:1046300010B50446054814F025FD204600F086FE1E
:104640002046BDE81040FFF77FBD00BF700300208B
:1046500000232DE9F04F87B003930593A54B5A8AA9
:1046600032B1A54DD5F82C4134B907B0BDE8F08F73
:104670001B68002BF5D1F8E754F8C43903B1C43BEB
:1046800000269E4901E01C461346B5F81421002A75
:1046900000F02E81D5F820214AB904F1C406002B80
:1046A000E3D0D3F8C420002AEDD0C43AEBE70A687F
:1046B000002AF2D0D4F8B020002AEED0D4F8B420EA
:1046C000002AEAD0D4F8B820002AE6D0637B072B72
:1046D00066D120469047002862D004F1C80018F047
:1046E00060FC02285CDC204618F0D5FC044600285B
:1046F000BBD0637B072B40F0F2802046D4F8B0306B
:10470000B5F8141104AA98470746002800F0CA809B
:10471000B5F81421049B9A4206D30146D4F8B4603C
:10472000204605AB03AAB047059BDDF80C9001932A
:104730003B8A002B00F0D6803846DDF810A017F039
:1047400019FF8046002840F0D080B5F81431DFF81A
:10475000B0B1002B14BF584600200022002314F0F3
:10476000F9FA78B900220023644814F08DFA06465D
:1047700000283BD1B5F81431002B18BF5E463046F7
:1047800014F0B4FA6FF00B053846FDF725FEB9F1C9
:10479000000F00F083802A4620460199C8477DE03B
:1047A000D4F8C43004F1C402C6B9D5F83011C5F844
:1047B0002C318A4201D1C5F8303100232046C4F89B
:1047C000C430D4F8B8309847002892D0637B072BC8
:1047D00040F085802046FFF705FE8AE73360D5F874
:1047E00030319A4208BFC5F83061E6E7019BC0F856
:1047F00004908360B5F814B10022DA454FF000034D
:104800004FF000013B4898BF1FFA8AFBFDF766FD99
:10481000814650B1FDF740FD3A4B5A4603EB001379
:104820003946484617F06BFE8146B5F8143194F8C6
:10483000CC709A458CBF4FF00108023784F8CC80C9
:1048400098BFFFB204F1C808D8E8EF3F0133C8E8C9
:10485000E23F002AF8D104F1140A3146504618F01C
:1048600085FBA378012B21D0D8E8EF3F013BC8E8B6
:10487000E23F002AF8D13146504618F098FB4846EE
:10488000FDF7AAFD20463146FFF78EFCB5F814313E
:104890001B48002B08BF002014F028FA13212046E3
:1048A00018F010FC2046FFF775FDDEE609F10C0B51
:1048B0000421584617F01DFD238807F0FD0743EA41
:1048C00007330380B9F810300221043B4380584677
:1048D00017F023FD4846FEF73BF90028C4D1FEF748
:1048E00051F9DFE76FF079054EE76FF004054BE70C
:1048F0009368FFDEE8060020000000204806002044
:1049000018010020D017002040F2E2432DE9F041C9
:10491000D0F888600446B6FBF3F6031D184618F07D
:1049200040FB8204B6B213D5B4F88C20B2420FD843
:10493000B4F88E20B2420BD3D4E92412914207D1AD
:10494000D3E8EF1F21F40051C3E8E21F002AF7D19A
:10495000104B1D6865B155F81C7C2C3D37B13146B4
:104960002046B4F89230B4F89020B847ED6AF1E7E9
:10497000094DDFF82880454501D3BDE8F0812F6956
:1049800037B131462046B4F89230B4F89020B84799
:104990003035F0E7E01A0020B0260200E0260200E1
:1049A000F8B50F4B05461C685CB12C3C00F1A6061F
:1049B000236A13B1314628469847E46A0CB12C3C6F
:1049C000F6E7084C084E05F1A607B44200D3F8BD3F
:1049D000236A13B13946284698473034F5E700BFBB
:1049E000E01A0020B0260200E0260200F8B50F4BC6
:1049F00005461C685CB12C3C00F1A406E36913B1C8
:104A0000314628469847E46A0CB12C3CF6E7084C3E
:104A1000084E05F1A407B44200D3F8BDE36913B111
:104A20003946284698473034F5E700BFE01A0020A1
:104A3000B0260200E02602002DE9F04107460846B4
:104A40000D4617F081FF064618B900263046BDE82E
:104A5000F081144B1C6884B154F8203C2C3C0BB9F9
:104A6000E46AF8E72946384698470028EDD02846FA
:104A700017F06AFF0028F3D1E7E70B4CDFF82C8032
:104A80004445E3D2E3680BB93034F9E729463846A8
:104A900098470028D9D0284617F056FF0028F3D1B0
:104AA000D3E700BFE01A0020B0260200E026020093
:104AB0002DE9F041C37804468BB900F17E06114B15
:104AC0001D687DB12C3D04F170076B691BB13A463E
:104AD000314620469847ED6A25B12C3DF5E700F1B7
:104AE0007706ECE7084D094F04F17008BD4201D389
:104AF000BDE8F0816B691BB14246314620469847BC
:104B00003035F3E7E01A0020B0260200E02602006C
:104B1000F8B5437A05468372164618F07BFE0D4BB6
:104B20001C684CB154F8143C2C3C1BB1324628464E
:104B3000697A9847E46AF4E7074C084FBC4200D30F
:104B4000F8BDA3691BB132462846697A98473034CC
:104B5000F4E700BFE01A0020B0260200E0260200C1
:104B600038B505460C460F480121FFF7E5FBC0B1FB
:104B7000057223680367A388A0F87430A37980F8CE
:104B800076300123437283728370074BC0F8B030D4
:104B9000064BC0F8B430064BC0F8B830054BC0F82F
:104BA0008C3038BD780B00206D5100008DCF010096
:104BB00081CF01001800280070B505460A480E464E
:104BC00018F069FA044620B18378012B04D0FFF76E
:104BD000E1FB0024204670BD3246294618F06AFBEE
:104BE0000028F7D12046F2E7780B002038B50446BC
:104BF000134818F0D6F9420702D46FF00A0038BD06
:104C0000084617F0A1FE10B96FF01500F7E7FFF79F
:104C1000D1F80028F1D10A4818F0C3F90306C0F30F
:104C2000C0150AD418F06DF90028EDD021462846A9
:104C300018F060FB0028E2D0E6E76FF07700DEE7CF
:104C4000D4000020F8B505460E480E46174618F069
:104C500022FA044620B18378012B03D0FFF79AFB98
:104C600000240DE036B13246294618F023FB08B97E
:104C70002046F3E7637BBB42FAD1237AAB42F7D1FC
:104C80002046F8BD780B0020002210B5837804463A
:104C90000B70C3784B70037A8B70437B81F82B20A9
:104CA000023BDBB2062B8EBF13462B48C35C20466B
:104CB00081F82830A378012B14BF0023637A81F890
:104CC000293018F085FA81F82A00A378012B40D109
:104CD00004F170038B60237A204AC3EBC3031344AF
:104CE0004B60E27804F1770304F17E0042BB1A4680
:104CF0000346C1E9032340F2E242D4F888304B6115
:104D0000B3FBF2F30B83B4F890304B83B4F89230DA
:104D10008B8304F1A4030B6204F1A6034B62D4F865
:104D2000A0302BB15B7CDA0644BF012381F82B3025
:104D3000D4F8A03013B15B7C9B0603D4002010BDD7
:104D40000246D6E791F82B3043F0020381F82B306E
:104D5000F4E76FF01500F2E7FA44020000000020CB
:104D6000F8B505460E460C4B1C6844B154F8083C97
:104D70002C3C13B1314628469847E46AF5E7074CC6
:104D8000074FBC4200D3F8BD636A13B131462846D1
:104D900098473034F5E700BFE01A0020B026020043
:104DA000E0260200F8B505460E460C4B1C6844B1DF
:104DB00054F8043C2C3C13B1314628469847E46A29
:104DC000F5E7074C074FBC4200D3F8BDA36A13B107
:104DD0003146284698473034F5E700BFE01A0020F6
:104DE000B0260200E02602002DE9F04105460F46FC
:104DF00014469846002B5DD01146FFF7F7FE064695
:104E000000283CD12146284618F02AFA04460028FA
:104E100053D097E80F002A4D05F1080C8CE80F00DD
:104E2000AB8A002B08BF4FF49673AB822B8A03B971
:104E3000AB892B826B8A03B9EB8922486B8218F00D
:104E4000B0F8430501D5FEF791FA95F8292195F8B8
:104E500028319A4216D903212046FFF7E7FA0220AB
:104E6000FEF71AFE054610B3022018F06CF8204633
:104E70000021FFF7DBFA2046FFF78CFA2E4630467A
:104E8000BDE8F08102212046FFF7D0FA204617F056
:104E9000F3FD054658B1002120462173FFF7C6FAFD
:104EA0002046FFF777FA0320FEF7F6FDE6E7C8F89D
:104EB0000040E4E76FF01506E1E76FF00B06DEE770
:104EC00000000020D400002038B5044608460D46F6
:104ED00017F03AFD38B3154B93F8D830990707D43B
:104EE000E37873B129462046BDE8384018F0FFBC8E
:104EF00094F898309A07F3D5201D18F052F843041F
:104F0000EED42946204618F06AFA58B92B88A4F83E
:104F10008C306B88A4F88E30AB88A4F89430EB8882
:104F2000A4F8963038BD6FF01500FBE700000020B4
:104F3000F7B510F8333C0446A0F140060BBB3046F1
:104F400018F0CAFB2C4B1D684DB155F8283C2C3D80
:104F50001BB1304614F8341C9847ED6AF4E7274D2E
:104F6000274FBD4205D3304603B0BDE8F040FFF700
:104F700011BA6B681BB1304614F8341C98473035B1
:104F8000EFE710F83E3C012B34D110F83D3C63B9FB
:104F9000FDF736FF69302DD140F23912002320464B
:104FA00003B0BDE8F04014F011B9A0F13C05D5E81C
:104FB000EF3F23F40052C5E8E12F0029F7D19B040D
:104FC00010D5E36C69460093636D30460193FFF79B
:104FD0007BFF38B9D5E8EF3F23F48053C5E8E23FC3
:104FE000002AF7D1D5E8EF3F43F40063C5E8E23F7C
:104FF000002AF7D103B0F0BDE01A0020B02602006D
:10500000E026020038B517481BF07EF80024164D44
:105010002946144801341BF0A5F8402C05F10C0575
:10502000F6D119F0E2F902F08BF90446B8B903F0B1
:1050300071F8044698B918F07BFC0C4818F02BF86E
:10504000054660B1043017F0ACFFC30704D5032157
:1050500028462C72FFF7EAF92846FFF79BF920460D
:1050600038BD00BF48060020E0170020780B002064
:10507000054A1078013010F0FF000ABF01230346F3
:1050800018461370704700BF868D0020044B1868C7
:1050900018B9044A5A600B6070476FF00B007047F4
:1050A000500C0020B829020070B5D0F898200446B2
:1050B00000F170032AB1FCF737FE104909588A4203
:1050C00015D0184604F1A0011BF06AF904F1580646
:1050D00000220023304613F0D7FD054658B9206C56
:1050E00020B1FDF779F92564A4F8445070BD184645
:1050F0001BF043F9EAE7FDF76FF9E9E70800000064
:1051000070B5044652EA030008D0FCF70DFE074DC7
:10511000074ED5F880503058854201D10022134601
:105120002046BDE870400431FFF75CBAD815002076
:1051300008000000F8B50F4600210628054616466F
:1051400009484FF224424FF0000318BF0846FFF70A
:10515000D7FF044630B104210C3017F0B3F80570C6
:10516000477046802046F8BDA00600202DE9F04794
:105170000E469046D0F8BC4044B1C03C236B5BB9AE
:10518000206818F0D8F9D4F8C040F5E7FDF7FAFC2C
:1051900000252846BDE8F08704F1300948461AF09A
:1051A000F6FF05460028F1D017F0E4F90028EFD10A
:1051B000D4F8C43073B9A38C403B9BB23F2B09D8C1
:1051C00004F12C0018F099F9002803DC206818F08D
:1051D000B2F9DDE7284617F038F8D4F8C4300546B0
:1051E0009BBBA38C078A403B9BB23F2B03D8238DEC
:1051F0009F4228BF1F46042105F10C0017F079F8E3
:105200000780A38C04374380A38CC4F8C470403B50
:105210009BB23F2B19D804F12C03184618F06DF9F6
:10522000002840D1184618F068F970B904F110014F
:10523000D1E8EF3F23F00103C1E8E23F002AF7D1B4
:105240006368DB690BB120469847D4F8C470BE424E
:105250001ED3B5F810A0574506D1002200234846BA
:1052600013F012FDFDF7B8F8A38CA3F140023F2A1A
:1052700006D857451ABF00221346104AEB61AA61AF
:10528000206818F058F9236B13B1204618F03BF949
:10529000D4F8C4309E422CBF00269E1BC8F80030B4
:1052A000C4F8C46075E7421ED3E8EF1F814203D102
:1052B000C3E8E72F002FF7D1B4D0AEE7C3D8010081
:1052C00070B58B8A05460C462BB94021284618F04C
:1052D00005FB20BBA182002304F11001D1E8EF0FF0
:1052E000C1E8E63F002EF9D12364A4F84430C4F8A5
:1052F000C030C4F8C43004F1080105F1340018F0DE
:1053000097F810492560E26004F170001BF027F85F
:10531000A38A403B9BB23F2B07D9012004E0013117
:1053200089B28029D2D1002070BD074904F148001C
:105330001AF0B9FF04F158001AF0E6FE012384F8D0
:105340006830EAE7A9D601007DDA0100F7B5054625
:105350001B4C1C4FBC4201D303B0F0BD2188284632
:1053600018F0ECF96368019001A9284698470028D5
:1053700024DB019E2388002231462846B382B38471
:10538000FFF79EFF0028E7D006F130001AF0BCFEC0
:10539000019843681B6803B19847019B1033D3E819
:1053A000EF1F41F00101C3E8E21F002AF7D1019885
:1053B0004368DB6913B100F1100198470834C9E76D
:1053C00098260200B0260200054A0346106830B154
:1053D00030F8082C08389A4201D08068F7E7704707
:1053E000F41A002070B50C4615460646002844D035
:1053F000437B072B41D119B96FF01505284670BDC5
:1054000091F86E30042BF7D813B9012381F86E3070
:105410006B1EFE2BF0D8204618F0DBF8204618F063
:10542000BAF821463046184AFFF74AFF40B3A4F8BD
:105430006A5094F86E10737A8B420FD2304617F090
:10544000D4FE054688B91034D4E8EF3F43F0040396
:10545000C4E8E23F002AF7D10025CFE72046FBF75A
:1054600097FB0028F8D06FF00B053046214618F066
:1054700005F9204618F0BEF8C0E76FF07F05BDE7DC
:105480006FF00B05BAE700BFA950000030B5026C01
:105490000446108A0D4685B060B1138B298A0144F9
:1054A000B4F84400814207DD204605B0BDE8304035
:1054B00018F03FBA0346F1E701331383214B002272
:1054C00002930023CDE900230394EA68298A206C23
:1054D000FCF7A0FF2B8A80B28342E5D1256CB4F89B
:1054E00044302A8A9A420BD204F11C0018F005F8C5
:1054F00028BB0121204605B0BDE8304018F038B97E
:1055000000232364A4F844306368294620465B697D
:10551000984700280ADA773011D0204618F009FAA7
:10552000284605B0BDE83040FCF756BF94F8683017
:10553000032BF5D10121204618F01AF9F0E705B048
:1055400030BD00BFE5D401002DE9F04F0B8A0646BF
:10555000032B0D4687B065D9042105F10C0016F028
:10556000EDFEB5F810B043885B455BD14478002C64
:1055700058D00378013B152B00F21F82DFE813F0AF
:10558000D0011D021D021D021D025B0192011D02C0
:105590001D021D021D021D021D021D021D021D0213
:1055A0001D02DE0152001600D600AC01BBF10A0F4D
:1055B00038D1EB6821461A8815200292B3F802A070
:1055C00036681FFA8AF20392B3F804801FFA88F251
:1055D0000392B3F806901B895A460393FFF7AAFD7E
:1055E0001FFA89F50746E8B159460C3016F06AFEF5
:1055F00000230360436003811FFA88F3162B0446DF
:1056000014D84FF00B0B39463046A4F808B018F008
:105610009EF838B9BBF1000F04D1049843681B68A9
:1056200003B19847002007B0BDE8F08F4FF6E67150
:10563000A5F117039BB28B42E3D80298FFF7C4FE93
:10564000054610B94FF0020BDDE7737A8178994275
:1056500007D81FFA8AF3403B3F2B0CD94FF0090BB8
:10566000D1E7012B04D8304617F05BFD00285AD152
:105670004FF0050BC7E730461FFA8AF118F05EF8C5
:1056800004900028BFD1294630466B6804AA984789
:10569000002815DA10F10C0F0FD010F10B0F07DAFC
:1056A00010F1860FCED00D30ABD14FF0060BAAE72C
:1056B0000130A6D14FF0070BA5E74FF0040BA2E78E
:1056C000DDF810B0DBF804305B69002B99D0AB78C3
:1056D00058468BF86E3017F07CFF5846ABF824A084
:1056E000ABF82890ABF8268017F055FF3046B64A45
:1056F0000499FFF7E5FD0028DFD05846039917F01D
:1057000027FF03222B88ABF86A30049B4FF0000B75
:1057100083F868209A8A22801A8BA280DA8A6280B3
:10572000DB69E3806FE74FF0080B6CE7BBF10A0F12
:105730007FF478AFEB683668B3F80290B3F800A056
:105740001FFA89F20292DA88B3F8048002921D8966
:105750001FFA8AF7082D1FFA88FB2DD840F2211373
:10576000EB40D90728D5002321461422304617F0F4
:1057700079FE044600283FF455AF70301AF0FDFD65
:105780000023052DA4F86C302BD0082D29D0002D36
:105790004DD1403F3F2F0AD81FFA89F3162B06D967
:1057A0004FF6E672ABF117039BB2934206D93B2149
:1057B000304617F087FC35E70123D5E7032384F84B
:1057C00068306368A4F824A0A4F82690A4F8288080
:1057D0001B680BB1204698472046029917F0B8FE87
:1057E00020E7274657F8103B384617F086FE420759
:1057F00019D4052D5B7A11D0012B14D80221206811
:1058000017F0F3FC00280EDBD7E8EF3F43F004036A
:10581000C7E8E23F002A3FF405AFF5E7032B02D8C3
:105820006A4AD15CEBE72146304617F027FF204655
:1058300017F0E0FEF6E6BBF1040F7FF4F3AEEF687D
:1058400036683988304617F02DFE054688B90222A1
:10585000BB78F97843EA0123ADF810303B88CDF8E6
:1058600000B0ADF8123004AB2146304618F005F810
:10587000D8E621465A460720FFF75CFC044600287C
:105880003FF4D0AE59460C3016F01CFDAB8A0380B5
:10589000AB8C4380284617F0ADFE2146304617F00A
:1058A00056FFBFE6BBF1040F7FF4BCAE36680023A1
:1058B000062221463046ED6817F0D4FD00283FF45B
:1058C000B1AE6B88818A99427FF4ACAE304617F056
:1058D000E9FD0028ACD1A5E6BBF1040F7FF4A2AE30
:1058E000EB681988A1F140023F2A3FF69BAE5A8827
:1058F000002A3FF497AE306817F020FF03460028D7
:105900003FF490AE2C3017F0F8FD1044B0F5803F16
:1059100003DB184618F00DF884E6114618465DE7DB
:10592000356801234FF480722146284617F09AFD0E
:1059300000283FF477AE17F05DFEF2E7BBF1080FE9
:105940007FF470AE3668737B072B7FF46BAEF37811
:105950001BB100231A46009386E7EB6821461A889C
:105960001320ADF810205A88ADF812209A88ADF8AF
:105970001420DB880222ADF81630FFF7DBFB04466B
:1059800000283FF44FAE04A93046FFF755F805460E
:10599000022104F10C0016F095FC85F00103DBB246
:1059A00003802146304617F0D2FE002D3FF43AAE78
:1059B000304604A917F013FD34E6002300931A467D
:1059C0002146306852E700BFA9500000014502009F
:1059D00070B504460D4611B96FF0150070BD002872
:1059E000FAD00B7A012BF7D1036883B35B7B072BCB
:1059F0002DD1103017F081FD83072BD4A38CA3F198
:105A000040023F2A19D8098AE38C8B4225D32B7A8E
:105A1000012BE1D1EB686A699B1A0A2BDCD905F1ED
:105A20000C0016F06EFC294604F130001AF09AFBC7
:105A3000204617F068FD0020D0E7013B3E2BCBD875
:105A400023462046BDE87040054A17F059BE6FF066
:105A50007F00C3E76FF06D00C0E76FF07900BDE72E
:105A6000EFD4010023281FD81A2804D8431E182B6E
:105A70000ED906207047A0F11B03082B1ED8DFE8C3
:105A800003F0051D1B231D19251D0500032070476C
:105A900001230F4A83401A40C2B90E4A1A40002A15
:105AA0000CBF06200120704700F07F03522B05D168
:105AB00000207047012070470520704710F0400F0C
:105AC00014BF002006207047042070470220704752
:105AD000AAAA8A02545545012DE9F74F0546084602
:105AE0008946FCF7D9FB18234343264F0446FA188E
:105AF0009168D9F80C60019105F1D000D0E8AF0FA2
:105B0000C1073CD5D9F80C00007810710022FA507A
:105B10003378D22B0ED12B684946186819F0FEFA5B
:105B200040B101904846FCF757FC019B184603B072
:105B3000BDE8F08F18235C43002349461A4607EB63
:105B4000040805F10800D9F80C60D9F814B0B9F8C8
:105B500010A0C8F8085017F0D3FD03460028E5D080
:105B6000D9F81420A6EB0B0612FA86F6019AC9F8AA
:105B70000C60A9F810A0C8F808203851D6E76FF0DB
:105B80001503D3E7041B002070B50E46C38DC18BEF
:105B900001328B4228BF0B469A42054631D8304627
:105BA000FFF760FF6FF01403034113F0010310D0FF
:105BB000FCF7BAF8144B1958144BD3F880309942BB
:105BC0001DD0134B1B685A1A18BF4FF0FF321346F3
:105BD00000E0104A00211048FFF792FA044660B135
:105BE000FCF75AFB18220D4B012102FB003304F194
:105BF0000C009D6016F066FB0670204670BD00220A
:105C0000E5E70024F9E700BF08000000D8150020F0
:105C1000042100201C4E0E007C060020041B0020E6
:105C2000A0F1080101481AF09EB900BFDC05002070
:105C3000F8B50F4A074600230E480E4616F0D6FA6E
:105C4000044690B100F10C050921284616F02FFBFF
:105C50002046FCF721FB1822074B012102FB0033F1
:105C600028469F6016F02EFB06702046F8BD00BF48
:105C70001C4E0E007C060020041B002008B5EFF32C
:105C80001181202383F31288BFF36F8F00230360F9
:105C90000C4B5A689AB9C3E9000081F31188BFF32D
:105CA0006F8F094813F0EEF9002807DA002383F319
:105CB0001188BFF36F8F0323184602DF08BD106001
:105CC0005860EAE7FC1A0020B80300207FB5CB68D3
:105CD00004461D888DB15E8876B1AE420DD3102288
:105CE000002168461BF00BFF05212046FFF7A0FFAF
:105CF000019058B9112007E0354601232A460421B6
:105D0000204618F0A9F8002004B070BD6B4631465B
:105D10002846084A009418F0BCF8DDE9011323B9BD
:105D20000846FCF759FB0A23E8E7204617F0BFFFB7
:105D3000E9E700BFCBDC010010B5044600F1C80361
:105D4000D3E8EF1F41F00101C3E8E21F002AF7D1B9
:105D5000A4F1080018F015F804F1E00003491AF066
:105D6000FEFA2068BDE8104001F078BAEFE30100C8
:105D7000F0B51D46036804460E4685B0012118683B
:105D8000174618F00EFF38B904F1D00018F0A5F846
:105D900050BB122005B0F0BD65B31022002168464B
:105DA0001BF0ADFE39462046FFF742FF029018B3C4
:105DB000BDF828302946ADF80430012328468DF877
:105DC0000C300E4A6B46009418F063F89DF80C30C6
:105DD00002995BB10846FCF7FFFA2A463146204695
:105DE0009DF80C3018F038F80020D3E7204617F063
:105DF0005EFFF9E70120CDE71120CBE76FE201005C
:105E00002DE9FF41036804460D461868012118F08A
:105E1000C8FE40B904F1D00018F05FF8A0BB122012
:105E200004B0BDE8F0811022002168461BF067FE37
:105E30000F212046FFF7FCFE029038B34FF0010817
:105E4000009405F10C072B8A012B04D820460299F7
:105E500017F02DFF18E0384616F080FA6B46014621
:105E60000B4A06468DF80C8018F013F89DF80C309C
:105E7000002BE8D00298FCF7AFFA32460E212046FC
:105E80009DF80C3017F0E8FF0020C9E71120C7E7A4
:105E90006FE201002DE9FF41036804460D461868D2
:105EA000012118F07EFE40B904F1D00018F015F879
:105EB000A0BB122004B0BDE8F0811022002168468A
:105EC0001BF01DFE21212046FFF7B2FE029038B3E1
:105ED0004FF00108009405F10C072B8A012B04D820
:105EE0002046029917F0E3FE18E0384616F036FA1D
:105EF0006B4601460B4A06468DF80C8017F0C9FF29
:105F00009DF80C30002BE8D00298FCF765FA324679
:105F1000202120469DF80C3017F09EFF0020C9E795
:105F20001120C7E7EBE101002DE9F0430F460446DD
:105F3000062187B007F10C0016F000FA0588EDB1D4
:105F4000B0F80280B8F1000F17D0A84516D300238F
:105F500082888DF800308DF804304FF42053684665
:105F600001A9D7F80C90ADF80220ADF8063016F074
:105F700044FA064660B10A2301E0454601232A4659
:105F80000621204617F068FF002007B0BDE8F08327
:105F90000146142201A83F7C1BF0B1FD07212046D9
:105FA000FFF746FE0290D8B10A2341468DF815301E
:105FB000284601AB0B4ACDE9036901948DF81470B2
:105FC00017F067FF9DF8153002992BB10846FCF7D2
:105FD00003FA9DF81530D2E7204617F068FED3E7A4
:105FE0001120D2E79FDF01002DE9F0410E8A04461F
:105FF000043EF6B2022E08468CB001D0102E76D1A7
:1060000004210C3016F09AF90DF104080588478830
:10601000011D3246404616F01DFA002869D085B3AE
:1060200077B3BD422DD80121A06818F0BAFD06460D
:1060300078BB42F602038DF8000069464046ADF891
:10604000023016F0DAF920B342F60303404606A9FF
:106050008DF81860ADF81A3016F0CFF9C8B1012DDF
:1060600003D14FF6FF739F4213D004F1D00017F015
:1060700034FF002814BF002012200CB0BDE8F081CE
:106080003D4601232A460821204617F0E5FE002060
:10609000F3E7182200210DEB02001BF030FD09216F
:1060A0002046FFF7C5FD0890F8B101210C30CDE97D
:1060B000064816F007F90023099003700A233946B1
:1060C0008DF82C30284606AB0B4A17F0E2FE9DF8FF
:1060D0002C3008992BB10846FCF77EF99DF82C303E
:1060E000D0E7204617F0E3FDD1E71120C5E70420F3
:1060F000C3E70E20C1E700BFF96300002DE9F041BE
:106100000E8A0446043EF6B2022E08468CB001D038
:10611000102E64D104210C3016F010F90DF108088E
:1061200005884788011D3246404616F093F900283D
:1061300057D0A5B300268FB3BD4230D84FF42053BB
:10614000404601A98DF80460ADF8063016F055F907
:1061500048BB1422002107A81BF0D1FC11212046C6
:10616000FFF766FD0990002837D001210C30CDE9FA
:10617000074816F0A7F800230A90394603701A4A18
:106180000B93284607AB17F084FEDDE909131B7853
:10619000FBB90846FCF720F90A2301E03D4601233C
:1061A0002A4610210EE042F60103404607A98DF869
:1061B0001C60ADF81E3016F020F90028C9D010235D
:1061C0002A461946204617F047FE00200CB0BDE8CD
:1061D000F081204617F06BFDF7E71120F6E7042069
:1061E000F4E70E20F2E700BF41630000F0B51D4662
:1061F00003680E460039044618BF012187B01868AD
:10620000174618F0CEFC40B904F1D00017F065FE37
:10621000002844D0002007B0F0BD002D41D0182246
:10622000002168461BF06BFC47BB236829461B68AE
:10623000284600930023ADF812300C9B1A4A0393B2
:10624000BDF834308DF80860ADF8103001238DF8BA
:1062500014306B4617F01DFE9DF81430C3B1002FAB
:10626000D8D00198FCF7B8F8002ED3D02A461221D6
:1062700020469DF8143017F0EFFDCBE700221321E4
:106280002046FFF781FC01900028CED11120C2E703
:1062900001990029BED0204617F009FDBAE7122067
:1062A000B9E70120B7E700BF3DDC01002DE9F0416F
:1062B0000B8A04460D46002B3AD00668012105F1F1
:1062C0000C0016F03BF8737B0746072B30D154F8CF
:1062D000083C6BB300230178184E083C16F83300D5
:1062E0004FEAC308884206EBC30211D1298A5378CA
:1062F000994220D35368294620469847034646448E
:10630000B278012A14D19BB1397889B100220CE00E
:1063100001330C2BE2D10846FFF7A4FB2122C24037
:1063200012F0010204D119B10623204617F094FDA2
:106330000020BDE8F0810423E1E700BFF42902005A
:106340002DE9FF414FF000084FF4205305460E465B
:10635000006802A9144617688DF80880ADF80A3065
:1063600016F04BF8A0B142F60103286803A98DF896
:106370000C80ADF80E3016F040F848B123691BB11F
:106380005A88B24200D25E80012004B0BDE8F0819C
:106390006168286816F031F810B100232361F3E733
:1063A000E368A0681A786AB1B7F82EC0F98B038A3F
:1063B0008C4594BFC3EB0C03C3EB0103934201DA9A
:1063C0000020E2E704210C3015F07CFF20610680FC
:1063D000236929465E80074B0194009338460023C9
:1063E000A26817F079FE0028EADB2069003818BFA0
:1063F0000120CAE739DE01002DE9F3471768054699
:106400008946006851681446D7F808A015F0F5FFD2
:10641000804600284BD195222946504618F0BCFAF8
:106420000646207540B1E3681B780BB184F81480F0
:10643000002002B0BDE8F0872946504618F0EEFB78
:1064400010B908232375F3E7A068267515F001FF3E
:1064500002210C3015F036FF164B2061A0F8009099
:1064600000930194334629463846A26817F034FE5B
:10647000002807DA10F1FF0F32BF0E204042C0B2F1
:106480002075D5E72369002BD2D0A06817F059FBFF
:10649000FB8BFA8D9A4294BFC0EB0200C0EB030065
:1064A000E3681B78984294BF00200120C1E70120D7
:1064B000BFE700BF53DB0100F7B5002304460E46DB
:1064C00000226946284812F0EFFA0546D0B9FBF7DA
:1064D0002BFC264B29461A58254B00981A6024227B
:1064E0001BF00DFB009B00221C60009C0023C4E9F4
:1064F0000155C4E907551F4801A9019512F0D4FAC6
:10650000054620B16FF00B05284603B0F0BD0146EB
:106510004FF4907201981BF0F2FA0198164BC36089
:10652000D83019F0F1FD019BD033D3E8EF2FC3E849
:10653000E15F0029F9D1019B1C60E369019F1BB950
:1065400004F10C0019F0E0FDE26907F58C73C7F85F
:106550001821226AE36102B923621722019BDA85BE
:10656000DA8308333360CFE7C0050020080000005D
:1065700004210020DC050020900300202DE9F74FC6
:106580000646EFF31187202383F31288BFF36F8F42
:10659000414C204617F0CBFA23680546009387F359
:1065A0001188BFF36F8F002860D0FBF775FE1822AB
:1065B00002FB00F33949C81851F803B00369002100
:1065C000D0E90247019390F80480B0F806A01BF0D0
:1065D00096FAA87AFBF758FE6969814651B16A7A42
:1065E000D00705D4D9F81C20284612689268904735
:1065F00000226A612946484619F0BFFDB8F1000F34
:1066000024D01CB323680BB31B68FBB1BBF1000F94
:106610001CD104F1080017F05AFE4046FFF722FA99
:10662000052813D8DFE800F025031225120304F132
:10663000D003D3E8AF3FDA0708D5D4F8D4302BB174
:106640000023174A04F1E80012F0C0FD009B6BB173
:106650003146002019F052FE002807DA002383F3A8
:106660001188BFF36F8F0323184602DF03B0BDE824
:10667000F08F54F8D03B1D68D4E8AF3FDB07E5D579
:10668000002FE3D0002403E028460199B8470134E5
:10669000A3B25345F8D3D9E7FC1A0020041B00200D
:1066A0001C4E0E0007B50B4600210246FBF73CFBD3
:1066B00001910E4909580E480068884204D00D48DF
:1066C000D0F88000884201D10022134601A90A486F
:1066D00012F0EAF9014638B91C2201981BF00FFAB2
:1066E000019803B05DF804FB0020FAE70800000001
:1066F00004210020D8150020F805002010B504461C
:10670000806818B1FBF768FE0023A3602146BDE84E
:106710001040014819F027BCF80500202DE9F74387
:106720000446E8300F4690461E4619F026FED4F87F
:10673000D40050B904F1080000F02AF81321A06831
:1067400003B0BDE8F04316F0BDBC104B98424FF0CB
:10675000000319D045684360D4F8D400D0F81890ED
:10676000FFF7CCFF00232068C4F8D43017F032FACA
:106770003DB12068CDF8009043463A463146006866
:10678000A84703B0BDE8F0831D46EBE708210020D1
:10679000F7B550F8084C0546002C57D000F5887125
:1067A00004F11C0017F080FBA5F1080605F1D007E5
:1067B00000220023384612F067FA024660BBD5F883
:1067C000CC302BB101466FF067033046FFF7A6FFD0
:1067D000002345F8083C05F1C803D3E8EF1F21F07A
:1067E0000101C3E8E21F002AF7D1E36973BB04F19A
:1067F0000C0600220023304612F046FA78B966688B
:1068000086B921461248266019F0ADFB286803B00E
:10681000BDE8F04000F070BDFBF7DEFDC8E7FBF718
:10682000DBFDE6E7A26833689642636008BFA360B9
:1068300077683FB1B3696FF0670100930023206868
:106840001A46B8473046FFF759FFD8E703B0F0BD06
:10685000C0050020F8B51D460F461646FBF71CFD87
:106860001823044C03FB00400123C0E90376C380D6
:106870000575F8BD041B002038B5054648B1154B19
:106880001A4613F8011C5C1E16F014FD58B1204680
:1068900006E011490F4817F08EFE78B10D4B581ED7
:1068A00038BD0020FCE72846217C04F1110216F0D7
:1068B00001FD0028F5D004F11000F1E7054B064971
:1068C00003F1100017F077FE0028EAD0014B03F126
:1068D0000F00E5E73D2100204544020070B50E4C55
:1068E000054623780E46834203D1601C17F063FEF1
:1068F00068B9237BAB420CD13146084817F05BFEE8
:1069000020B10120404200F00C00204470BD002066
:10691000F8E70020FAE700BFDC8A0020E98A0020BF
:1069200070B54A1C0C46054688B910460D4917F04B
:1069300042FEA8B904F10A0604F10B025DB1284633
:10694000A17A16F0B7FC00B90026304670BD097870
:1069500016F0B0FCEDE71046024917F02CFEF2E706
:106960002646F2E745440200024608B507490130D1
:1069700017F034FE00230C3202F8043CD2E8EF1F7B
:10698000C2E8E03F0028F9D108BD00BF454402003D
:106990002DE9F04180460F4616461D46FFF79EFF43
:1069A000044648B90E49FFF799FF044650B13946ED
:1069B00000F8018B17F012FE23892BB962892AB9DE
:1069C00026816581BDE8F0819E4204D36289AA4296
:1069D000F8D29E42F5D263892681AB42F2D2F0E72B
:1069E000454402002DE9F047284B164682680746C9
:1069F0009A422BD1C568AB8A43B34FF000086C1C98
:106A000005F11509B4F807309BB12246304614F859
:106A1000011C16F04FFCE0B9214614F8010CFEF7FA
:106A2000CBF830B1437B072B08BF48F00108FDF7D6
:106A3000B1FC0A344C45E5D1B8F1000F06D1AB6981
:106A4000A5F8148013B14146384698470120BDE8A7
:106A5000F08706F1700A5146307A16F004F878B9DA
:106A60000B4B9D4202D1304617F050FE204609499B
:106A700017F0B4FD002304F8013CA4F80730D8E770
:106A80005146204617F0AAFDD3E700BF996A0000DF
:106A9000E0030020454402002DE9F8431E46BDF8FE
:106AA000203081460F46D1F80C80002B3DD1731E5B
:106AB000012B3DD8012E41460CBF15781588FFF7F4
:106AC0002FFF044680B915B93046BDE8F88341462A
:106AD000FFF726FF044670B309F17001013017F08B
:106AE0007DFD99F808302370D8F81C308BB92581CA
:106AF000B8F81430AB4203D04146384617F075FD64
:106B0000002DE1D10D49601C17F068FD257025812D
:106B1000DAE72A463946484698470028D5DB013847
:106B20000128E4D96FF00D00CFE76FF00600CCE745
:106B30006FF00C00C9E76FF01000C6E74544020093
:106B400010B504461048D0E8EF3F23F00203C0E838
:106B5000E23F002AF7D1D0E8AF3FDA0704D50022A0
:106B60000023303812F032FB204617F0E3FC50B11E
:106B70002046FFF781FE30B1037ADB0703D5BDE87D
:106B8000104017F03CBE10BDC80D0020012110B50B
:106B9000144817F018FDC30723D40221114817F039
:106BA00012FD084007D11049104A0B88104CA24230
:106BB00011D300B10B800F490F4819F0D0FB40F200
:106BC000391200230C48FBF7F3FCBDE810400B49D9
:106BD0000B4819F0C4BB5068083203449BB2012033
:106BE000E5E710BD5C210020F48A0020E0260200C9
:106BF000F02602002D6E0000280D00200570000018
:106C0000980D002003462DE9F04148B1008A38B9BB
:106C100001244FF0140C1149DFF844E0714501D311
:106C2000BDE8F081D1E90076BB4204D30CFB0672CB
:106C3000143A93420ED93444A2B214460831EDE717
:106C40000CFB0578434507D001356219AE4292B27C
:106C5000F6D1F2E70025F8E71046E1E7E02602006A
:106C6000F02602002DE9F74F99464FF6FF73BDF865
:106C700030500746002D08BF1D46244B90461B8808
:106C8000009183423CD203B0BDE8F08F7368234487
:106C9000BB4232D29CB208361D4B9E42F6D3F2E77D
:106CA00040468958019315F0A8FB019B90B101342F
:106CB0000AF1010AA4B273685345ECD9009B9C42C7
:106CC000E1D8BC42F3D30BFB0AF231688B18B8F160
:106CD000000FE5D1B9F1000F0BD1013D1846ADB25F
:106CE00021460E9A0D9B9847002DCCD00028DED16E
:106CF000C9E7DA689145DAD1EFE74FF0000ADAE741
:106D000001244FF0140B034EC6E700BFF48A0020A5
:106D1000F0260200E026020010B59EB010220021ED
:106D200068461AF0ECFE142200210DEB02001AF066
:106D3000E6FE4FF41053ADF8103080231022ADF86A
:106D400012304FF480631C4C6946CDE906340DEBDC
:106D500002001CAB19F056FF014658BB48220AA896
:106D60001AF0CDFE22461C990AA81AF03AF808BB80
:106D70004FF6FF710120114A0AAB17F002FE1022F4
:106D80000F4904AB0AA81AF04AF804461C9819F0F7
:106D90006FFE7CB908220A4B03F11001187811F834
:106DA000014D013A03F8014B0870F7D1082105485D
:106DB00017F009FC1EB010BD0002C00359E7010026
:106DC000180D0020C80D00202DE9F0411449064699
:106DD000A1F1300014461D46BDF8187019F0E0FA14
:106DE000104BD3E8AF3F190701D4FFF795FF3046AA
:106DF000FFF742FD50B1037ADA0707D50C30D0E82F
:106E0000AF3FDB0702D4022117F0DDFB10233A4627
:106E1000069329462046BDE8F041034B17F009BC14
:106E2000580D0020C80D0020180D0020034BD3E89A
:106E3000AF3F1B0701D4FFF76FBF7047C80D00209D
:106E4000002307B50193FFF7DDFE411C89B2084618
:106E5000034A01AB17F095FD019803B05DF804FB00
:106E60007BE501002DE9F8431546894694226968BF
:106E7000064617F091FD8046002841D10222304697
:106E8000696817F0C4FD00283DD000211F48AF8A73
:106E9000FFF708FC0237044680B11D211C4B4761F7
:106EA0003A464174C0F80C8043608561304617F063
:106EB00075FA074638B92046FFF720FC6FF00B053E
:106EC0002846BDE8F883012342464146FFF7C2FC4D
:106ED000A98A07F10C00023115F0F4F920F8029BA1
:106EE000AA8A29691AF0E5FD21463046A76017F005
:106EF00004FB05460028E3D02046FFF7FFFBDFE751
:106F00004FF0FF35DCE76FF01505D9E71C4E0E009A
:106F100081E5010070B504460D468AB0364BD3E8D2
:106F2000AF3F5A0761D510B1437B072B60D16E6824
:106F300030460596FFF766FE2A68ADF8180032B3B2
:106F400005A902912D4900230191012100914FF6DD
:106F5000FF710593FFF786FE059E1EB96FF00100D5
:106F60000AB070BD6E60002330688DF8103042F6B4
:106F7000030304A9ADF8123015F03FFA70B9059873
:106F8000C3689B799B0605D46FF01500E8E70028DD
:106F9000E9D1E3E717F0AEFCADF81800BDF8180032
:106FA0003CB1012301462A462046AB75FFF75AFF44
:106FB000D6E76FF07F0307930223ADF8203042F647
:106FC0000213ADF8123005ABAC7502930C4B4FF6C3
:106FD000FF710193012304AA0093234609958DF8BC
:106FE0001040FFF73FFE0798BAE76FF00A00B7E7D7
:106FF0006FF07F00B4E700BFD4000020AFE50100D0
:1070000045710000034613B550F8082CA0F120018B
:10701000019200F13004D4E8EF2F22F00102C4E81D
:10702000E02F0028F7D10D4A002043F81C2C0C4A11
:1070300023F8080C43F8182C01AA43F8102C04225A
:1070400023F8060C23F80C2CFFF764FF18B9022173
:10705000204617F0B8FA02B010BD00BF902A020017
:10706000416B00002DE9F047304B17468268064619
:107070009A4258D1D0F80C803C6808F1010508F11B
:107080001509B5F80730FBB12A46204615F8011C52
:1070900016F010F9C0B14FF495723146204617F042
:1070A0007BFCA8B103280FD0052820460CBF4FF069
:1070B000030A4FF0020A16F0CDF8824508D93B7951
:1070C000534501D287F804A00A354D452BD0D8E7A7
:1070D0004146304617F089FA154B984523D1207A5E
:1070E00004F17001FFF7FAFB0546E0B103890BB923
:1070F0004389C3B12046FDF769FA2A890D4B0E4931
:1071000023F820206A8903EB80035A80182202FBAF
:1071100000110B610423094A20464A60084A8B8209
:107120008A60FFF7F7FE0120BDE8F087996A00004A
:10713000E0030020D88A002024210020902A0200A9
:107140008DE801002DE9F84F1446404B82688046D7
:107150009A423AD1D0F80C903D4B99451DD100266A
:107160003C4D28463C4917F026FA78B907222946B3
:1071700015F8010CFDF766FD50BB236929461A6915
:1071800015F8010C53881288FFF702FC731C022BC0
:107190004FF0010605F10C05E3D109F1010709F1F2
:1071A000150AB7F80720A3899A420BD1394617F878
:1071B000010CFDF701FD064620B1437B072B0AD0E9
:1071C000FDF7E8F80A375745EBD14FF0010B2AE0FD
:1071D000FDF7E0F8DAE7D9F8203023B141469847C7
:1071E00008B93046ECE794224146304617F0D4FB0C
:1071F00083460028F5D1A389022B17D1B7F80730B1
:107200009A0720D530462269A188FFF72BFE054654
:1072100018B92269937D013393753046FDF7BAF8AA
:10722000002DA560CEDA5846BDE8F88F012B0AD1B3
:10723000B7F80730DB0706D530462269A18817F07A
:1072400079FC0546E9E75D46E7E700BF996A00007B
:10725000E0030020DD8A00204544020013B5044607
:10726000009001204FF6FF716B46084A8DF804002C
:1072700017F087FB204615F0EDFF9DF804108842BB
:1072800002D2204615F0B1FF02B010BD65700000BB
:107290002DE9F0410D4B06461B680F46904623B181
:1072A00053F8044904B1043C0BB9BDE8F0811B68F4
:1072B0001BB142463946304698472CB1656805B146
:1072C000043D23462C46EFE72546FAE760210020DF
:1072D00013B50446009001206B46064A4FF6FF7135
:1072E0008DF8040017F04DFB0021204617F059FCE3
:1072F00002B010BD6570000070B5044603464FF63D
:10730000FF7101200D4A17F03CFB2046FFF7B4FA4D
:10731000054688B104F170063146207A15F0A3FBCA
:1073200020B92846BDE87040FFF71EBB3146681CF7
:10733000BDE8704017F052B970BD00BFE5690000AC
:107340007FB54FF420520023ADF8162004AA029214
:107350000A4A0120CDE900324FF6FF7105AA0493D5
:107360008DF81430FFF77EFC049B012B14BF6FF0E7
:107370001500002007B05DF804FB00BF25EC0100FC
:10738000054BD3F8F00020B9044AF0335A600B6083
:1073900070476FF00B007047D00D0020082B0200E3
:1073A000014608B5054817F05BFC044B0028A3F123
:1073B000040314BF1846002008BD00BFD40D0020F0
:1073C000084B00F5F4701A68074BD0E8EF1F99429C
:1073D00004D1C0E8EC2FBCF1000FF6D1D0E8AF0F1C
:1073E000704700BFF01A0020D00D002008B5FFF74D
:1073F000E7FFB8B1036843B1426832B1826812B99D
:107400000B4A12783AB904200BE0094A127812B1FB
:107410000BB1826842B9426842B9002B14BF002008
:10742000032008BD0320FCE70120FAE70220F8E76B
:10743000878D0020002370B51A460446F0300D46B3
:1074400016F05EF920B12846BDE87040FAF7C4BFD7
:1074500004F5DC700023BDE87040014A11F0B6BEAF
:107460001C4E0E0038B50446051D0821284617F0AD
:1074700056FC064904F15700FCF724FE20B12846CB
:10748000082117F028FC082038BD00BF85F2010054
:1074900070B5051D0E462846042117F0E1FB68B1C2
:1074A0000022002100230846FDF72AFE044638B9D1
:1074B0000421284617F033FC204670BD034AF0E74C
:1074C00001210C3014F0FEFE0670F5E71C4E0E0094
:1074D00070B50C210546FFF7DBFF0446F0B14021F3
:1074E0000C3014F0EFFE0E4B02461B68014603F110
:1074F000200053F8046B834241F8046BF9D1203229
:1075000003F1200153F8040B8B4242F8040BF9D12C
:1075100028462146FFF78EFF002070BD0820FCE7BB
:107520006821002070B5CD680446EB78102B01D09F
:10753000062070BD2A7990F8E830D0F8F06013404A
:1075400080F8E8306A7990F8E930134080F8E93043
:10755000022303742B68C0F81130AB88A0F81530F3
:10756000AB781A0706D5037B1B0703D5052104302A
:1075700017F0D5FBAB78980606D5237B990603D583
:107580001421201D17F0CBFBAB78DA0729D5237B1C
:10759000DB0726D50D21201D17F0C1FB237BE17CE5
:1075A0002D7803EA0102100704D5E27AA07C024399
:1075B000D2071AD4042D1AD80B4313F0040307D0B2
:1075C0002046FFF713FF314B05EB85052B441B5C71
:1075D00023722046D6F8A01017F048FB48B90320C4
:1075E000A7E70023A4F8E830D8E70523F0E7002355
:1075F000EEE7D4F8F0309B7A032B14D004D8013B8B
:10760000012B1CD9082094E7042BFBD1237D627B3E
:10761000934228BF1346102B8AD10521201D17F055
:107620001FFB0028DBD0237A002BD8D00521201D9A
:1076300017F016FB18B9237A013B012BCFD9261D71
:107640000521304617F00CFB0028C8D02046FFF774
:10765000B7FE002384F8E83094F8E93003F0020321
:1076600084F8E9300A4B1D682DB93046062117F021
:1076700056FB28465DE720460C2117F050FB0B21F6
:1076800017F029FBBDE87040FFF722BF2545020037
:107690006821002073B5047A0546022C23D844B132
:1076A00090F8DC30D0F8D840DC4004F0010444F01D
:1076B000800403212846FFF7EBFE0646A8B11021FF
:1076C0000C3014F0FFFD00900F482346006805F1D0
:1076D000270205F1570117F04BFF044650B1304621
:1076E000FAF77AFE01E0032C02D0082002B070BD48
:1076F0000024DEE731462846FFF79CFE281D214680
:1077000017F0E9FA2046F1E768210020F7B50446B2
:107710000E46FFF755FE04F1570705463A46F36853
:1077200003F1200153F8040B8B4242F8040BF9D10A
:1077300004F1770203F1200153F8040B8B4242F865
:10774000040BF9D13846FCF72BFC002835D0201D5E
:107750000E2117F0E4FAD4F8F060D6F8A00008BBC8
:10776000307A06F1700100F0E3FCC6F8A000C8B959
:10777000D4F8F030DB783BBB261D0E21304617F0E5
:107780006FFA38B9524B2022384619681AF0BFF9FF
:1077900000285FD0237A052B5CD8DFE803F0175D63
:1077A0002A175B67438A03F02403002BE0D0437C55
:1077B0009807DDD4032003B0F0BD3846FCF7FCFB8E
:1077C0000028D5D10B20F6E70020F4E7032120465E
:1077D00017F0A5FA3046072117F0A1FA0820FFF7A5
:1077E000DFFD0028F0D1204603B0BDE8F040FFF7F0
:1077F00039BE2046D4F8F070FFF7E2FD04214FF0C7
:10780000FF3305460DEB010001930CF06DF808BB4A
:10781000019B304A84F8DC00B3FBF2F102FB113328
:107820000193C4F8D83055B12B6843B10B213046D1
:1078300017F075FA38462B68D4F8D810984703210A
:10784000204617F06CFA0E2117F069FAFFF722FFB5
:107850000028BFD00820AEE70A21304617F05FFAB3
:107860006B68D4F8F00098470E21B0E7102104F1BE
:1078700027000CF039F80028ECD13DB3EB682BB3AE
:10788000154B1B88ADF80430D4F8F030DB78DBB949
:10789000E37AA27C13F0010F0CBF03230123D1076D
:1078A00003D55A1E534253415B008DF80530002327
:1078B0003046C4E938330C2117F031FAEB68D4F8BC
:1078C000F00001A9984785E70323EEE7022072E75D
:1078D0006821002040420F003C2702002DE9F047BC
:1078E000044686B00D46FFF76BFD04F137070646E8
:1078F0003A46EB6803F1100153F8040B8B4242F84F
:10790000040BF9D1D4F8F030DD78002D7AD1237A48
:10791000052B33D8DFE803F0300B0B303265237AC8
:10792000052B2BD8DFE803F05D45452C2A5D94F844
:10793000DC20D4F8D830D34003F0010343F08003B7
:10794000DFF8C4900DF1080804F1570ACDF8008063
:107950003A465046D9F8001017F00AFE70B91022C6
:10796000414604F117001AF0D2F80028D7D00425B8
:10797000284606B0BDE8F0870023E1E70825F7E7D1
:10798000CDF800803B465146D9F8000004F12702AB
:1079900000F0E0FC0028F1D1201D0A2117F0BFF90A
:1079A000092117F0BCF9B3680299D4F8F0009847A0
:1079B000DEE794F8DC300133DBB2142B84F8DC30E2
:1079C0000FD0102104F127000BF08EFF0028D5D135
:1079D0000321204617F0A3F906B0BDE8F047FFF7F2
:1079E00059BE231D0721184617F03AF920B1092185
:1079F000184617F094F9BBE7204606B0BDE8F047FB
:107A000017F068BA0525B3E76821002038B50446A9
:107A10000D49A0F1F005C83018F0A1FC284617F078
:107A2000CCFA0A4A04F1F803D3E8EF1FC3E8E02FC9
:107A30000028F9D14FF0FF33FC34D4E8EF2FC4E82D
:107A4000E13F0029F9D138BDCFF30100D00D00206E
:107A50002DE9F041054617F0FCF80446002800F037
:107A6000CD80071D0421384617F0FAF8002840F0B1
:107A7000C8800221384617F0F3F8002840F0B7809C
:107A80000321384617F0ECF818B16FF00F00BDE88D
:107A9000F0810121384617F0E3F80028F5D120469F
:107AA000FFF78EFCD4F8F03006469B7A032B15D0F6
:107AB00005D8013B012B1BD96FF01500E7E7042B1C
:107AC000FAD12046FFF792FC032804D1002EF3D010
:107AD000F368002BF0D04C4B1B7807E02046FFF7F3
:107AE00085FC032804D1002EE6D0F368002BE3D0F8
:107AF000D5F8A0306BB10021F022204619F0FFFF2D
:107B0000102104F127000BF0EFFE70B16FF0680058
:107B1000BDE7287A05F1700100F00AFBC5F8A00066
:107B20000028E8D16FF00B00B1E70521204617F0DF
:107B3000F6F8FCF7B9FA354B012118602046FFF73B
:107B4000A7FC80460028E1D006210C3014F0BAFBD7
:107B50002D4B05461B782046002B14BF0926012615
:107B6000FFF744FC2A4A0328127818BF46F004069F
:107B700004F5F673D3E8EF1F013103D1C3E8E02F1A
:107B80000028F7D1D3E8AF3F9BB346F0010620466B
:107B9000AE70FFF72BFC1F4B28701B7863BB1E4B8E
:107BA0001B786B701023EB70AB78414613F0010328
:107BB00014BF032200222B716A7184F8E8306B79BC
:107BC000204684F8E930012363722B68C4F80A3038
:107BD000AB88E381FFF72EFC2046022117F09FF8C7
:107BE0000B2117F09CF80321384617F098F8002075
:107BF0004DE706F00C06CAE70123D2E76FF07F00DD
:107C000045E76FF0040042E7878D002068210020DF
:107C1000AC050020888D0020898D00202DE9F341DE
:107C2000051D0646D0F8F040CB682846022117F023
:107C300017F8002853D10321284617F011F800281F
:107C40004DD10121284617F00BF8002847D1264ACC
:107C50001278002A45D01F78380742D5D4F8A00002
:107C600048B1438A03F02403C3B92046FFF7F0FE6E
:107C700068BB0F2130E004F1700842462020217AD1
:107C800000F096FAC4F8A00040B942460420217AD8
:107C900000F08EFAC4F8A0000028E6D0790706D5D7
:107CA000437CDA0703D43046FFF7A0FBDDE7438AC5
:107CB0009B06DAD5037C00F11C02009300F114014D
:107CC00000F11E03204615F043FA002803DA0820CD
:107CD00002B0BDE8F0810121284617F020F800200D
:107CE000F6E70320F4E700BF878D0020F8B5D0F851
:107CF000F0400546D4F8A030061D002B6ED049BBDD
:107D00000D21304616F0ACFF374B07461B6823B1F8
:107D100053F80C6906B10C3E73B9284617F04DF9BB
:107D2000637B072B5ED1627AA37A9A425AD02046AF
:107D3000BDE8F84017F0F5B91B6813B13946204685
:107D400098472EB1F26802B10C3A33461646E3E783
:107D50003246FAE70139C9B20E2998BF234A1B7C83
:107D60008CBF0927575C002B31D1D4F8A00017F045
:107D7000D9FB0023C4F8A0300221304616F070FF72
:107D800048B9072F94BF1A4B1F213A46204698BF87
:107D9000D95DFCF7BDFE0321304616F061FF0028D7
:107DA000BBD0114B1B68002BB7D053F80C6906B140
:107DB0000C3E002BB1D05B6813B139462046984782
:107DC00076B1F26802B10C3A33461646F1E7022169
:107DD000304616F045FF0028C7D1CDE70927CBE78D
:107DE0003246F1E7F8BD00BFE81A00201645020050
:107DF00005450200174B10B5044618604FF0FF32DE
:107E00004FF0FF33144810F07DFE144811F0E4F9F0
:107E1000114810F0E9FE04B910BD114CD4E8AF3F91
:107E20005B06F9D5D4F8EC30043CDB78002BF3D1B9
:107E30002046FFF74DFB18B10821204617F0DBF96B
:107E4000D4E8EF3F43F48053C4E8E23F002AE3D094
:107E5000F6E700BF68210020040400201804002079
:107E6000D40D00202DE9F0410B8A04460E46B3B331
:107E7000012106F10C0014F061FAA4F1F005EC3CCC
:107E800007460421204616F0EBFE40BB39780E2948
:107E900025D8DFF8508058F8313023B9072128461B
:107EA00017F0A9F91BE0284616F026FF30B9032188
:107EB000204616F0D5FE90B10821F0E73B78318AD4
:107EC00008EBC3021279914201D00A21E7E731465B
:107ED000284658F83330984701460028DFD1002063
:107EE000BDE8F081302B02002DE9FF4190F8E93028
:107EF000CF6823F0020380F8E9303B780446D0F8DD
:107F0000F06023B1BB7903F0C003C02B7DD106F133
:107F1000700807223946404619F0F9FD88B1394604
:107F2000307A00F09DF9054658B10146204616F01A
:107F30009DFE18B9082004B0BDE8F081284617F06E
:107F4000F1FA0D21201D16F08BFE00283ED042468E
:107F50000220317A17F0D2FA05460028EAD0F378E9
:107F6000002B4BD106F17E031878012827D19A798E
:107F700002F0C002402A22D1D3F80120C5F83E20E9
:107F8000B3F80530A5F8423096F87030BBB196F8DA
:107F9000763003F0C003C02B11D01E4901AACDE9F1
:107FA00001870395FCF7D6FA3B683046C5F80130E7
:107FB000BB88A5F80530BB79EB71FCF779FD284645
:107FC000FBF7EAF918BB2846FBF7F6F994F8E93015
:107FD0005B0703D50A21204616F0A1FEF37843B9CA
:107FE00094F8E9302BB9D4F8F030D3F8A030002B56
:107FF000A0D0B4F8E81021B100209CE706F1770387
:10800000B2E72046FFF772FEF6E70A2093E7032067
:1080100091E700BFFBEF01002DE9F0410546A0F11B
:10802000EC0604460F463046012155F8F08916F05B
:1080300063FE002861D0DFB10321304616F010FE48
:1080400000285AD03846FAF77BFD0138C0B208281C
:108050008CBF00242E4B4FF0020198BF1C5C3046B1
:1080600016F05DFE21462846BDE8F041FFF73EBE12
:1080700098F80B30002B40D00321304616F0F0FD6D
:1080800020B92846BDE8F04116F097BF05213046DB
:1080900016F0E6FDB8B114F8083C1F0707D514F830
:1080A000073C180703D51121304616F038FE14F8A6
:1080B000083C23F0080304F8083C14F8073C23F0BC
:1080C000080304F8073C14F8073CD90717D5062124
:1080D000284616F024FE0221304616F020FE98F8BD
:1080E000033013B914F8073C3BB92368D3F8A03028
:1080F0001BB134F8081C0029B5D0BDE8F0819A07FF
:1081000001D50821E4E75B07E5D50A21E0E700BFD8
:108110000D450200012208B5034B04481A70FBF715
:1081200083FF002008BD00BF878D002020040020B1
:1081300070B5054611480C4603780126AB4204D1C0
:108140000722304419F0E3FCA0B12EB107220C49FC
:108150000C4819F0DCFC78B9084A134603F8015BB7
:108160002168C2F80110A1889980A179997140F223
:108170001123D360014870BD0020FCE76C21002072
:10818000454402006D210020F8B5164604460D4610
:108190000022064F7B8A234002B1F8BD002BFCD0A1
:1081A00031463846A8470122F4E700BF6C21002081
:1081B00070B50B4C0D46638A114603404FF0000624
:1081C000227808D0954204D10722601C19F09FFC48
:1081D00018B1304600E0184670BD2046FCE700BFED
:1081E0006C210020F8B50B780646012B0C4601D017
:1081F0000020F8BD8B7903F0C003402BF8D1154D5A
:10820000002329466F8A11F83E2BBF0704F10100B5
:1082100006D5B24204D1062219F079FCB8B1002388
:10822000002BE5D16B8A9B07E2D52B78B342DFD1D7
:10823000661C3146084814F0B6F80028D8D0D4F8A7
:108240000130C5F83E30B4F80520044B9A8001484F
:10825000CFE700BF6C2100209A210020AA21002036
:1082600010B5074C2378834208D10722601C19F00F
:108270004EFC00280CBF2046002010BD0020FCE76B
:108280006C2100202DE9F0438446894616462F4C88
:108290009BB01D46DDE923870CAB04F1300E1A4676
:1082A00020686168083403C274451346F7D120681A
:1082B00061461060227904A81A71202217F040F953
:1082C0006B462022224804A900F072F80446C0BB85
:1082D000102249460DF1350017F032F910223146CF
:1082E0000DF1450017F02CF9294611F8013B062243
:1082F0000DF156008DF8553017F022F9229906221B
:1083000011F8013B0DF15D008DF85C3017F018F9A4
:108310004346352268460CA900F04AF8044680B965
:10832000404617F017F9012335228DF830306846A2
:108330003B460CA900F03CF8044610B9384617F04B
:1083400009F920461BB0BDE8F08300BF3E270200BC
:108350003E45020070B50E461D46144698B00146D3
:10836000202204A817F0ECF8202231460CA817F0C0
:10837000E7F81022294614A817F0E2F81022214647
:10838000684617F0DDF86B465022684604A900F0F5
:108390000FF840B9039B054A1BBAB3FBF2F102FB8D
:1083A00011331C9A136018B070BD00BF40420F001B
:1083B0002DE9F0418CB007460C46154600211422E9
:1083C00007A81E4619F09BFB4FF41053ADF8183068
:1083D0008023ADF81A304FF44063DFF84480102258
:1083E000CDE90838394604AB06A818F00BFC20B1DB
:1083F0006FF004000CB0BDE8F08105AB02931023D0
:1084000022464146CDE9006304982B4618F03BFD17
:108410000446049818F02CFB2043EBD0E8E700BF9B
:108420000002C00310B54FF0000E00F1070C541EFF
:108430002CF0030C1860A4B2ACF80020023A93B2FE
:1084400001FB04F240F802E074B14FF6FF7C03FB3D
:10845000011403FB01F22044121B013B9BB2634554
:108460008050A0EB0100F8D110BD00BF03460068AA
:1084700010B102680AB91A607047C11D21F00301EA
:10848000B1F800C0D11D21F003010CF1FF3CA1F8AF
:1084900000C0F0E70B687BB1073323F003031A88B1
:1084A000013292B20346D1F800C043F807CB23F063
:1084B00003031A80086070470122F3E702FB010002
:1084C000704700BF401A90FBF2F080B2704700BFC7
:1084D000531E11449BB242B1DB430138CA1811F854
:1084E000013D914200F8013FF9D17047014402E09B
:1084F00010F8013B1BB98842FAD1002070470120D7
:10850000704700BF10600860704700BF0A680346EC
:108510000068904209BF002200200A601A6070477C
:10852000D2F800C0CCF80000D2F800C0CCF804109B
:1085300010607047884203D01AB1436813607047D7
:10854000002070470B68834209D02AB15868106038
:108550001A680A6018467047002BF9D1FAE7002321
:10856000F8E700BF2DE9F8434FF090080C270D4EB7
:10857000DFF8349006F1200409EB0805294620466F
:108580002A1D083CFFF7BEFFB442A5F10C05F5D14A
:10859000043F3B1DA8F13008A4F12006EAD1BDE854
:1085A000F88300BF0C2200205822002003468C468E
:1085B00010B49AB101EB4101144803EB43040901E3
:1085C00001EB84010144487A0C7AA04204BF0130D7
:1085D000087210BC614618460EF050BA01EB410219
:1085E0000A4C120100EB400302EB830323449C7A04
:1085F000DA7AA24201D010BC704701329A7201228D
:10860000034B5A5410BC0EF069BA00BF342200204C
:10861000B0210020F8B506461C460D4602B322786C
:108620006378D21A12F0030229D1294F71004FEA60
:10863000450C3144AC44890001EB0C110133043189
:10864000DBB27A18606821462370FFF769FF0122C8
:10865000204B294630465A550EF040FA0020F8BD0E
:108660000EF026FA0028DAD0294630460EF012FA2B
:10867000637860B92278D21A12F00302D5D0012AA9
:1086800003D00133DBB22370E1E71046F8BD05EB00
:10869000450206EB46010E4F120102EB81023A44FD
:1086A000907AD27A710090424FEA450C05D020783A
:1086B000C01A10F00302E2D1BBE72278D21A920767
:1086C00002D00233DBB22370D4E902039847C5E736
:1086D00034220020B02100202DE9F04FDFF868910E
:1086E00089B019F80030002B5BD0002103248346A9
:1086F000DFF858A1C0EB0013CDE9041100EB4007EF
:108700009B000AEB0717039309F800100294B84680
:10871000002358F8240FB96A07AA0793FFF70AFF46
:1087200044460546CDB1079E96F800807278A8EBC6
:10873000020808F00308B8F1010F35D031788A1A21
:1087400002F00302012ACBB23DD1D7E9090107AA01
:10875000FFF7F0FE0546002DE5D197F82E3097F88B
:108760002F209A4203D087F82F300123049397F8E3
:108770002C3097F82D209A4203D087F82D30012312
:108780000593029B0C3F5D1EEBB2FF2B0293BED103
:10879000D846DDF810B00599BBF1000F01D00029D3
:1087A00047D009B0BDE8F08F013A7270079AD2E95C
:1087B00002018847079E32787178D3B2521A02F0CC
:1087C0000302012A23D000222146B86A0193FFF751
:1087D000B9FE7560019B717873703278521A02F09D
:1087E0000302012A0AD0D7E9090107AAFFF7A2FE6E
:1087F000B8F1010F054695D104460EE0039B717058
:108800001A1D314628465244FFF78AFEEBE707AAB5
:10881000D7E90901FFF78EFE0446029B8BB10123C5
:108820005946584609F80B300EF058F909B0BDE822
:10883000F08F0A464046414609B0BDE8F04F0EF0C1
:108840001DB9002C89D0EAE7B02100203422002095
:108850004B1E8446DBB271B100200CF1FF319C4409
:1088600011F8013F23B15A1E01301340C0B2FAD1B2
:108870006145F5D170470846704700BF2DE9F04FBC
:108880000325012706466F4C83B0042130460BF0C8
:108890007BFA4FF001081E230021D6F800C04FEAF2
:1088A000DC722CFA03F000F0010090429E461ED0CC
:1088B000DAB201311B2AC9B240F28880013B2CFA9E
:1088C00003F2192902F0010201F101095FFA83FAAA
:1088D0004CD082429E464FF002084FF0010B63D00D
:1088E000BAF11B0F5FFA89F16DD91046E6E708F17E
:1088F00001095FFA89F9B9F1060F48D907FA03F0BF
:108900007AB300222CEA000C0131C9B219292CD00B
:108910004FF00108013BC4D200228CEA040301A8F5
:10892000019310F8013B23B1591E01320B40D2B222
:10893000FAD102AB9842F4D1012A09D91FFA8CF37B
:10894000B3EB1C4F2AD15FFA8CF3B3EB1C6F25D12C
:10895000013D15F0FF0598D16FF00D0003B0BDE8A3
:10896000F08F01224CEA000CCEE710460EF1010315
:1089700007FA03F318B15B420CEA030CCCE7013BA6
:108980004CEA030CC8E708F101095FFA89F9B9F16B
:10899000060FC346C84607D10246BBE70020C6F80B
:1089A00000C003B0BDE8F08F5FFA83F9B9F11C0F86
:1089B00010D9013B2CFA03F202F0010290429E46CC
:1089C000E1D0104674E74FF01B0E9FE7012910D04D
:1089D00002469BE7C9B900204FF0010808FA0EFED5
:1089E0007AB100222CEA0E0C814205D00146D8460D
:1089F00090E7C3460246EEE701314FF00108C9B2E5
:108A000088E742464CEA0E0CEEE7B9F11C0F03D0A2
:108A10000129C1D10846DFE7CCF3C062824203F1ED
:108A2000FF3308D0D8B201311B28C9B2CBD91046C8
:108A30004FF01B0E42E708F101094FF01B0E5FFAE1
:108A400089F9A4E7D6BE898EF0B5067E0468FF2EAC
:108A500026D033464FF0000C2C2707E0A25CDEF84E
:108A60000850FF2A1E46AC441AD0134607FB03F2F7
:108A7000994204EB020EF1D18E4201D1A35C037640
:108A8000A35C2C2202FB06F6FF2BDEF80800A355A0
:108A900004D002FB03439A6802449A606044F0BD2C
:108AA0000020F0BD2DE9F04F0368427A87B0456899
:108AB0000193002A00F0E88089464FF02C0B044611
:108AC000531EDBB205EBC30302930595029B5A6864
:108AD00093F801A00492CDF80CA0B9F1FF0F55D086
:108AE00000260BFB09F2019B484613F802909D18E3
:108AF0004FF0FF0C85F800C02768217E07EB0208C5
:108B00006145D8F8083018BF00960DD1B9E09B1A1E
:108B100005D1B8F81EA0BEF81EE0F2456DD8BA5DCA
:108B20008C46FF2A60D011460BFB01F607EB060EC0
:108B3000DEF808209342EAD2009EBCF1FF0F18BF76
:108B40000BFB0CFCC8F8083088F8001018BF07F8B9
:108B50000C000BFB017708BF2076BA68D21ABA6006
:108B6000AB7801336B70002EB7D00020336A3070C1
:108B7000B0700BB1716A98476B68002BADD1336A46
:108B8000B9F1FF0F2B62736A6B62A9D1DDE903A70C
:108B9000029B98780AEB8A030AF10102504507EB21
:108BA000C3065FFA82FA029A5DD0117817F8332073
:108BB000514508BF4FF0000A042AEBD170780199A3
:108BC0000BFB00F28D1895F801C0A9788C4517D0E1
:108BD0000022012007F83320336AB0700BB1716AAC
:108BE0009847029B9878D5E70BFB01F1C8F808304D
:108BF00088F80020009E7854B2E71346009E9CE758
:108C00004FF6FE77338A6169BB42CDF80CA007D0DE
:108C10004FF6FF77DB1BB3FA83F35B0985F8283047
:108C20004FF6FD77F3686B60338ABB4288BF002341
:108C30000027AB837369AB61B369EB60F3692B61A8
:108C4000B3686F61AB60D6F804C0BCEB010E11D401
:108C500000217344AB600023EB83EB78696143F040
:108C60000103EB7044E70599A2F1080391420BD090
:108C700002932BE7A1EB0C018B42E9D8C91A3B46C2
:108C8000E8E7B95420766BE707B0BDE8F08F00BF86
:108C900001232DE9F04F447E8DB08376002C40F007
:108CA000A980037E8046FF2B00F0A3800CF06AFFB2
:108CB000D8F81420D8F81C30861AB34294BF002389
:108CC000012398F81870A246FF2FD8F8009003935C
:108CD0006ED04FF02C0B04942BE0039B23B9D8F8F3
:108CE0001C30534540F28B80E278E38B22F0010286
:108CF0000133E27094F828209BB2E383002A7CD0F1
:108D0000A28B9A4279D2A570E56885B1D4E90413A3
:108D100000220191E178AAEB030301F00101009127
:108D2000D8F81400114618444FF6FF73A847FF2FD8
:108D30003DD00BFB07F709EB0704A368B34236D815
:108D4000A278F61A9A44637819F807709B1ADBB276
:108D5000012BECD1A369013AD5B20293002BBCD10F
:108D6000A570E568002DE2D0B4F81EC06069D8F89F
:108D70001430AAEB000018440022216963460191D7
:108D8000E17801F0010100911146A847DDE90223D5
:108D9000002A18BF43F0010303934FF000030022A1
:108DA000E383E378FF2F62F30003E370C1D1049CF7
:108DB00098F80B3098F80A209A4208D10132D2B2C2
:108DC000022A16BF14460023234688F80B4008EBFE
:108DD0008303C3F80CA0D8F82440002543460122A1
:108DE00004210320A44688F81A500DB0BDE8F04FC6
:108DF000604784760DB0BDE8F08FA57097E7FF2F30
:108E000064D0B4F81EC0A28B6068944532BF61463E
:108E1000ACEB020189B201FB00013B46CDE907A79B
:108E2000CDE90AC24FF0000E8446CDE90516029F37
:108E3000099523E0002D39D0BCF1000F38D0A0EB0C
:108E4000060A1FFA8AFA864214D8691A05FB0A1123
:108E5000059888422CBF00200120D278E17802F0EA
:108E6000010601F00105AE423ED84A40D20701D4C6
:108E7000002839D119F80330FF2B1BD02C2202FB1C
:108E800003F309EB030291688E44BE4512D8906942
:108E90000028EFD0D08B968B55688642CAD9002D1A
:108EA000E8D0BCF1000FE5D08246CCE72846D4E7F5
:108EB0006046D2E7DDE90875A570E568DDF828C0F1
:108EC000DDE9066A002D3FF434AF4FE7A570E56891
:108ED000002D3FF46CAF6369D8F81420AAEB0303AC
:108EE000B4F81EC0981847E7E178DDE90AC221F01E
:108EF00001010CF10103E17094F828109BB2E383A7
:108F0000DDE9066ADDE9087500297FF4FAAEA5708F
:108F10000FE700BF2DE9F04F837E8DB00190002B4D
:108F200040F07281437E0A93002B7AD1012101988F
:108F3000837AC27A44699A420894417600F02C837D
:108F40000B44DBB2022B0ABF0A9A1A4613460124CD
:108F500001998B7201EB8203DA68089B0492134437
:108F60004B61019B1D7E07950CF00CFEFF2D0590BB
:108F700002D1019A08905061019A136892F8098011
:108F8000029308F1FF335668DBB2B8F1000F00F02E
:108F900022834FF0000806EBC30BFF23C246039366
:108FA0000B94CDF824800696DBF804909BF8031010
:108FB0009BF80240631C04EB8406A142DBB209EB80
:108FC000C60560D09BF800209A4208BF00238BF8AA
:108FD000023019F83620042A39D9082A2BD82C2334
:108FE000697803FB01F8029B03EB08077B78B878EC
:108FF0001B1A13F0FF032CD1062A1CD1019BDB7E28
:109000008B4250D009F836A02B6A85F802A0002BBD
:10901000CCD0696A002098479BF803109BF8024067
:10902000C8E70421446A034601220846A4460DB05D
:10903000BDE8F04F60474FF0010309F836A0AB7070
:109040002B6A002BB2D00120696A9847AEE71C4614
:10905000B0E7052A1FD16A684AB9AA683AB9EA682E
:109060002AB92A691AB96A6932F07F42E3D0012B22
:1090700026D00421019B01225D6A0846A8470123EE
:109080008BF802400993069AABF10803934500F070
:10909000BE809B4688E7012B6DD0062AE9D1019B53
:1090A000DB7E8B42AED1019B69685A698B1A40F115
:1090B0008680521A0499914294BF00235B1880E085
:1090C000019C2046FFF7C0FCB860059BD4F814E073
:1090D000A3EB0E0C049B03EB0C01884277D9421AD8
:1090E0007B68EBB1AB8ADBB1013B99B2A9827868AE
:1090F000FB8B824206D809E0A3B2121AFB8382429C
:10910000A98A03D98B4203F1FF34F5D88B4206D2EA
:1091100001339BB2FB83A98A02448B42F8D3B98303
:109120006B6879691A44BA60AB68BCF1000F0B44F4
:1091300053DB944463455AD2ACEB030200237B61BA
:10914000BA60EA68BB691344BB612A69934294BF61
:1091500000239B1ABB61AB7D1BB1FA7863F300025D
:10916000FA70DDE9022302F808307B786A7801336F
:1091700003927B7046E7062A3FF440AF019C2046ED
:10918000FFF762FCBB78B8607B70E27E6B789A4236
:109190007FF438AF19F83630062B84D0FF23019ABC
:1091A000D37619F83630062B3FF47DAF082B3FF409
:1091B0007AAF019B05995A698B1A3FF57AAF049AE9
:1091C00013440199CA699A4288BFCB611AE77B6947
:1091D00000221944091A796182E70599AEEB010E64
:1091E0007245A6D89E44AEEB02030022A7E7A3EB8C
:1091F0000C03FAE701230A930023019A5376937E26
:109200000A9A1A4340F0BE810DB0BDE8F08F0B9C66
:10921000DDF82480019F079A3B7E981A18BF012031
:109220000546002C00F09780059A0899FF2BA2EBC9
:1092300001063A463F6800F08E800025CDE90580A2
:10924000AB46B84602954FF02C091546049F04E042
:10925000A37863702B7EFF2B75D009FB03F008EB1E
:109260000004A168B94200F29D81029A94F802C0FC
:109270000A44029262787F1AA2EB0C02D5F81CC055
:10928000761A614528BF4FF0FF31B4F81EE026BFC3
:10929000E9760021ACEB0101E961A169D2B209B123
:1092A000022A14D0C4F808B018F8001029766168B2
:1092B000C9B9002ACCD0012A02D0BEF1000FC7D014
:1092C000236A002BC4D00120616A9847C0E7BEF131
:1092D000000F00F0A6800022A26018F800202A7675
:1092E00061680029ECD0B4F81EE0BEF1000F74D123
:1092F000B4F81CE094F828C0724602FB0112BCF1DD
:10930000000F76D0DDF820C0A4F81EE0A260DDF8E2
:1093100008E06969E644BEEB010AD4F814C075D4CC
:109320005244944579D3ACEB02010022A260039A27
:10933000616108F80020039363780133DBB2637046
:109340002B7EFF2B89D1079BDDE90580FF2B0CBF0E
:10935000054640F0010503990198FFF7A3FB019B27
:10936000079A1B7E934200F00281B8F1000F67D08C
:10937000FF2B00F03A81079AFF2A00F02F812C2161
:10938000DDF80480D8F8002001FB03229768002F45
:1093900000F015810CF0F6FB0A260446D8F81450AC
:1093A000013E621B974202F106027FF623AFBA42EA
:1093B0002CBFAD18ED19D8F82830284698470CF086
:1093C000E1FBC4F101022B1B02449A427FF614AF69
:1093D000002E00F0BB800446E0E7002294F802C0B3
:1093E00002FB011284F801C094F828C0BCF1000F00
:1093F00088D1964286D90A440CF1010C96421FFA94
:109400008CFCF8D8F4441FFA8CFE7BE7A1EB0E012C
:109410008A4212D95244944585D20021A2EB0C0213
:1094200084E7E961EB76C4F808E018F800202A76B2
:10943000616800293FF40CAF55E76144891A74E76D
:10944000019A0125517A56684A1ED2B200298FD05E
:1094500006EBC207CDE908654FF02C0A3E4696F8A8
:1094600001B0F27873685A4569D0DC461F46B346AE
:109470000CEB8C0C17F83C3007EBCC0C012B40D0DC
:10948000022B4BD1DCE90120DCE903E914780199D6
:10949000FF2CDCF81430D1F800804D6902D001684F
:1094A000A9425DD0002601990C7E0560FF2C25D0D5
:1094B000CDE902B7CDE904C29B46CDF818E00BE038
:1094C000AA685B4620463244C84778B918F8074076
:1094D000AB68FF2C1E443CD00AFB04F708EB0705E1
:1094E000A969B9F1000FEBD10029EFD0AB68DDF825
:1094F00018E01E44DDE902B7DDE904C21470CEF8BD
:1095000000604FF00002DCF820308CF802201BB124
:109510000020DCF8241098479BF803209BF801C03A
:109520009BF800300CF1010C5FFA8CFC634508BF1E
:109530004FF0000C62458BF801C099D15E46089A45
:10954000A6F1080396422BD01E4688E700DE0446AB
:1095500024E7DDF818E0DDE902B7DDE904C2CDE774
:109560000AFB04F4DEF8006018F804409EE7B8F146
:10957000000F27D0019B002D35D15D769B7E002BFF
:109580003FF442AE019B01225C6A03210420A44601
:109590000DB0BDE8F04F60470A9B1C460493E0E421
:1095A000099DE7E7019BC91BA1601B7E079ADDE9C6
:1095B000058093420CBF054640F00105CBE6019BB8
:1095C0005F76DFE7019B5E685B7A5A1ED2B2002BA2
:1095D0007FF43EAFCEE7FF2303931BE60CF0B8FA0F
:1095E000019B1B7ECBE61B7EC2E60CF0BBFA38B9B2
:1095F000019BD86158769B7E002B3FF405AEC1E7F6
:109600000023019A5376937E002BBBD1FCE500BF6B
:10961000F0B4049E9DF81450069C30BB144F3A6081
:109620005A1E39727B727E60D2B273B106EBC202EF
:109630001146546012F808398E4203EB8300A5EB03
:10964000030304EBC004DDB2F2D175B9FF23079A1E
:109650007D613A62089A7D817A62099AFD61BA62F7
:109660003B76FB762846F0BC70470120F0BC704783
:10967000F422002040B9064A117EFF2901D1107260
:1096800070476FF00F0070476FF01500704700BF14
:10969000F42200202C22074B10B402FB00335C6A3A
:1096A0002CB1A44601220321022010BC604710BC4B
:1096B000704700BFF42200202DE9F8432C240E4609
:1096C000214DBDF8308004FB0055696801EBC600F0
:1096D000C47811F8367004F1010C5FFA8CFC674510
:1096E00098BF4FF0000C417861452AD004274FF015
:1096F0000209416804EB840E01EBCE0401F83E70D0
:109700006360089B6270A3600A9BA4F81080E3600A
:109710000D9B84F8029063610E9BA3610F9BE36134
:10972000109B2362119B636280F803C03046D5E929
:10973000083698472B4600223946B047A078BDE846
:10974000F8830120BDE8F883F422002030B58BB007
:109750000E9C0F9D009400240194139C0295069486
:10976000109D149C03950794BDF84450159C0495D6
:109770000894129D169C05950994FFF79DFF0BB068
:1097800030BD00BF2DE9F8432C24224F1D4604FBB9
:10979000007708467C68BDF82C8004EBC10114F802
:1097A0003060CC784B7804F1010C5FFA8CFC664594
:1097B00098BF4FF0000C63459DF830E026D04FF085
:1097C000050902234E6804EB840406F8349006EB86
:1097D000C404A370089B6270A360099B6560E3608A
:1097E0000A9BA4F8148023610D9B84F816E0236281
:1097F0000E9B636281F803C0D7E9083598473B4662
:1098000000220421A847A078BDE8F8830120BDE824
:10981000F88300BFF4220020F8B52C24194E04FB75
:1098200000667468084604EBC10E14F831509EF8C7
:1098300003409EF8011004F1010C5FFA8CFC6545B1
:1098400098BF4FF0000C614519D007270221DEF8C0
:10985000045004EB840405F8347005EBC40423625F
:10986000069B6270A17063628EF803C0D6E908356A
:109870009847334600220421A847A078F8BD01206C
:10988000F8BD00BFF4220020F8B52C241A4E04FBCA
:1098900000667468084604EBC10E14F831509EF857
:1098A00003409EF8011004F1010C5FFA8CFC654541
:1098B00098BF4FF0000C61451BD008270221DEF84D
:1098C000045004EB840405F8347005EBC4046360B1
:1098D000069B62702362079BA17063628EF803C0CF
:1098E000D6E908359847334600220421A847A078D6
:1098F000F8BD0120F8BD00BFF4220020F8B52C24EB
:109900001D4E04FB00667468084604EBC10E14F893
:1099100031509EF803409EF8011004F1010C5FFAEB
:109920008CFC654598BF4FF0000C614522D04FF686
:1099300002770221DEF8045004EB840425F8347029
:1099400005EBC404C4E90123069BA170E360099BF5
:1099500023610A9B63610B9B23620C9B63628EF8FD
:1099600003C0D6E908359847334600220421A847AA
:10997000A078F8BD0120F8BDF42200202C2370B59A
:10998000064C03FB00440846D4E9083598472346B3
:10999000AC46BDE87040002204216047F42200205C
:1099A0000CF0F0B8401A704700210148704700BF22
:1099B000FF410100022801D00120704738B504465C
:1099C00008461D4602F0A4FF18B100232B7018466C
:1099D00038BD204638BD00BF002303700B707047B0
:1099E00038B5054600200C4602F028FE10F0060FA0
:1099F0000ED13DB9074B44B120681860A2889A8007
:109A0000002038BD044B002CF6D11C609C80F7E789
:109A10000C2038BD2823002020230020012804D852
:109A200008B903487047034870470020704700BFDB
:109A30002823002020230020012809D830B9064B14
:109A4000186808609A8818468A807047034BF7E7C1
:109A500000231846704700BF282300202023002041
:109A600010B504460AF0ACF950B90AF03FFF60B9EE
:109A70000BF0DAFA70B92046BDE810400FF036B9A5
:109A800000DE0AF033FF0028F2D000DE0BF0CCFA43
:109A90000028F0D000DE2046BDE810400FF026B9C7
:109AA000086001480FF022B9AC2F00200FF01EB95A
:109AB0002DE9F84F0B788946442B88BF2B4B834602
:109AC00088BF93F8283292469A424DD0274D5C1CAD
:109AD00035F83320E4B2452C08BF002400260127C6
:109AE0004FF01208028005EBC30319E0012838D0BB
:109AF000C3F80480442C89F8004088BF95F82842B8
:109B0000A24523D023B2013435F83310E4B2BBF8B8
:109B10000020452C08BF0024914205EBC30315D15A
:109B20005868B0B1FF28E1D9027902F00302013A86
:109B3000012A12D912225A6002F002FF442C89F83D
:109B4000004088BF95F82842A245DBD13046BDE8E9
:109B5000F88F01365F60F6B2CCE701360122F6B22B
:109B6000E9E70136F6B2C5E70026EFE75423002007
:109B70002DE9F041324F3B88984253D913F0FF054D
:109B800024D0DFF8C08098F815400134E4B2052CE9
:109B900008BF002498F81430A34219D02A48FEF7D1
:109BA00065FC064690B12948FEF760FC00283BD0D2
:109BB000066098F8153048F823003B88013D013BCA
:109BC00015F0FF0588F815403B80DED1BDE8F08137
:109BD0003B88002BFAD00026DFF8748098F80D40FF
:109BE0000134E4B2032C08BF002498F80C30A342DF
:109BF000ECD01548FEF73AFC05460028E6D013489D
:109C0000FEF734FCB0B16E60056098F80D3048F88E
:109C100023003B8888F80D40013B9BB23B80002B22
:109C2000DED1D3E70546ACE73046BDE8F041064952
:109C3000FEF730BC2846BDE8F0410349FEF72ABCD8
:109C4000A4250020BC2D0020A8250020F4250020FC
:109C5000842500202DE9F8434FF0000805262F4BFE
:109C60002F4F181D05221421A7F81880FEF7DAFBE4
:109C70002C4B05220821181DFEF7D4FB97F81890ED
:109C80007C7E0134E4B2062C08BF0024A14514D028
:109C90002448FEF7EBFB054678B12048FEF7E6FBCB
:109CA000002835D0C5F8048005607B7E47F8230086
:109CB000013E16F0FF067C76E3D11B4B0722181DF0
:109CC0004FF48E71FEF7AEFB184B0922181D0821C8
:109CD000FEF7A8FB1548FEF7C9FBA8B1144A111FEF
:109CE000FEF710FC1148FEF7C1FB78B1114A111FB5
:109CF000FEF708FC0622104BFF201A80FFF738FF02
:109D0000BDE8F84308F0A2BD00DEE7E700DEEDE7BE
:109D100028460449FEF7BEFBCFE700BF002E002017
:109D2000682E0020D42D0020F4250020A825002036
:109D3000A025002098250020A42500202DE9F04131
:109D40007C4D7D4E86B004AA02A90DF1070003F0F8
:109D500027FB0446D5E9000103AAFEF7EBFB074603
:109D600050B3039B002B6AD0187804AA02A903F011
:109D70002FFB039B0446002840D0049ABDF808102E
:109D80001F78ADF80A10059203F034FB2146059ABE
:109D9000BDF80A0003F062FB204603F0F5FA3846EE
:109DA00005AA0DF10A0103F013FB04460028EBD1CC
:109DB00030680EF09BFFC6E7002C3DD0049B9DF859
:109DC00007700593BDF80830ADF80A3003F012FBB8
:109DD0002146059ABDF80A0003F040FB204603F037
:109DE000D3FA384605AA0DF10A0103F0F1FA044648
:109DF0000028EBD130680EF079FFA4E705931B79BA
:109E0000013B2C2B1ED8DFE803F01F32741D1F1DF1
:109E10001D1D1D1D1D1D1D1D1D1D1D1D1D1D1D1D72
:109E20006A1F1D1D1D1D1D1D1D1D1D1D1D1D1D1D13
:109E30001D1D1D1D1D1D1F0006B0BDE8F08100DEAB
:109E4000039B91E700DE7EE700223A496868FEF74F
:109E500079FB3846394B059993F82932384A0B700B
:109E6000FEF75EFB344B18680EF040FF6BE70022F4
:109E700030496868FEF766FBDDF81480D8F80840C2
:109E800034B12378002B52D02378013BDBB223700E
:109E900098F80C3013B1012B43D000DE0023294A7F
:109EA00088F80C30537E117E0133DBB2062B08BFDD
:109EB0000023994239D0C8F80070517E42F82180C1
:109EC0005376002C3FF43FAF2378002B7FF43BAF59
:109ED000A368002B3FF437AFE068984733E70022D0
:109EE00014496868FEF72EFB3846059902F06CFFAE
:109EF00029E7384605A902F081FF0E49002268686B
:109F0000FEF720FB059900293FF41DAF0B792E2B9E
:109F10003FF419AF094B384693F82932084A0B70C1
:109F20009EE7404603F074F8B8E700DEC9E700DEBC
:109F3000AAE700BF9C250020A82F00205423002062
:109F400098250020682E002010B5274B274C86B09E
:109F500018600BF0F1FD2378002B3DD0244B0C2131
:109F60000593244B02240493234B24480393244B4E
:109F70000090029304230191224A03700372047437
:109F8000047619460020FFF743FB50BB0122002155
:109F90001D4816F000F909F0B1FE044610B1204644
:109FA00006B010BDFFF756FE0AF09EFC04460028DE
:109FB000F5D102F04DFA04460028F0D10BF028F854
:109FC00004460028EBD102F0A5FE04460028E6D1A5
:109FD000012009F0E1F8E2E7FEF7C4FA012323705B
:109FE000BCE700DED2E700BFA82F00208A8D00204A
:109FF000CD6B01002D6B01000D6B01009C31002029
:10A00000BC2F0020BC310020AC2F002030B585B023
:10A0100002F0C4FA78BB02F083FE88BB00241A4B1E
:10A020002046A3F8284209F0B7F81849184A194BF6
:10A03000A1F8204194829C8101222146684616F0B5
:10A04000AAF8154B0320224621466D46C3F808D0D6
:10A05000FEF7E0FAB0B94FF0FF324FF0FF33284679
:10A060000EF078FEFFF7F6FD0021012005B0BDE8F7
:10A070003040FFF7B5BC00DE02F052FE0028CDD024
:10A0800000DECBE700DEE6E754230020842E00202C
:10A09000BC2D0020842500205804002008B5FFF7BF
:10A0A000B5FF09F061FE00B108BDBDE80840FFF74B
:10A0B000E1BA00BF2DE9F043804689462C4D2D4F73
:10A0C00083B00023C8F8003095F8294201AAD7E9E7
:10A0D0000001FEF72FFA0646002834D0019B4846BF
:10A0E0001A782549FFF7E4FC034690BB95F828222F
:10A0F0008DF8012095F829220DF101010DF10200E2
:10A100001C46FFF7D5FC44EA000212F0FF020346AA
:10A11000F0D101990B79012B22D139467868FEF7ED
:10A1200011FA30461549FEF7B5F9154A1388052B83
:10A1300013D80198013313491380FEF7ABF90120BE
:10A14000FFF716FDBDE7224648460B49FFF7B0FC76
:10A150000346184603B0BDE8F08300DE1388E8E745
:10A1600013461846C8F8001003B0BDE8F08300BFDE
:10A1700054230020942500207C250020A8250020C1
:10A18000A4250020F4250020002300B51C4983B03D
:10A19000486801AA0193FEF7D5F970B31949FEF793
:10A1A00079F9019A1379172B12D009D8052B0BD8FE
:10A1B0002922DA40D20707D533B103B05DF804FB9A
:10A1C0001D2BFAD92D2BF8D000DE03B05DF804FB6F
:10A1D000002093681B6893F84C20586160F30002DC
:10A1E00083F84C2002F02AFA400010F0FF00E4D17E
:10A1F00009F058F803B05DF804FB00DECEE700BFBD
:10A2000094250020A82500202DE9F0410468064689
:10A210000CB32927344D204603792468052B13D924
:10A22000173BDAB2162A13D8162B11D8DFE803F041
:10A230001A291E1E1E1E1E101010101010101010B5
:10A240001010101010101E0027FA03F2D20734D499
:10A2500000DE002CDFD100233360FF20BDE8F04199
:10A26000FFF786BC037F022B30D023BB2B88052B46
:10A2700029D801331D492B80FEF70CF9002CCAD1D7
:10A28000E9E7C0880028E4D102F036FB80460028C8
:10A2900028D0D8F8A0300BBB08F1940108F1900049
:10A2A000FEF734F9E0B1C8F8A000404602F016FB12
:10A2B000002CB0D1CFE700DE0379002BD6D100DE31
:10A2C0002B88052BD5D900DE2B88D2E708F05AF869
:10A2D000002008F0E7FF002C9DD1BCE700DEDBE7A3
:10A2E00000DEE0E700DED4E7A4250020F42500200E
:10A2F0000148FEF7BBB800BFA82500200149FEF7C2
:10A30000C9B800BFA8250020034B044A93F829329E
:10A310000B70FEF705B900BF5423002098250020DC
:10A3200008B5064B064A93F829320B70FEF7F8F889
:10A33000044B1868BDE808400EF0D8BC5423002038
:10A3400098250020A82F00200B490A7B4B7B9A42BE
:10A350000AD8A3EB020C5FFA8CFC604509D89A423C
:10A3600007D051F82200704703339B1ADBB29842A2
:10A37000F7D90020704700BF84250020074A117BD1
:10A38000537B8B4208D04B1CDBB2032B08BF00234E
:10A3900052F8210013737047002070478425002075
:10A3A00000B50D4A92F829C292F828E20CF1010397
:10A3B000DBB2452B08BF00239E4509D022F83C00A4
:10A3C00002EBCC0CCCF8041082F829325DF804FBC7
:10A3D00000DE00231B80FFDE54230020022810B57E
:10A3E0000C4602D00B68022B07D04FF0FF324FF023
:10A3F000FF3302480EF0AEFC206810BDAC2F0020E9
:10A40000014B1868704700BF5023002004490A68B8
:10A410000AB110467047024608601046704700BFF8
:10A4200080250020044A136823B198420ABF002106
:10A43000002311601846704780250020014B1868E2
:10A44000704700BF8025002070B5056884B02B7868
:10A45000EBB104466E4601220021684615F09BFED2
:10A460000C4BC5E902362B788BB100220A4B032036
:10A4700011469C60FEF7CEF838B947F61222002349
:10A4800030460EF067FC04B070BD00DEF5E76FF0FB
:10A490007700F8E7AD9A000048040020F0B5244E9C
:10A4A0000C463368174685B0002B36D0994215D13B
:10A4B000022503AB02460093032100201D4B0395A8
:10A4C000FFF7AAF9022805460CD0039B022B09D1FD
:10A4D00095B133680BB19C4221D014B36FF02D00BD
:10A4E00005B0F0BD4FF0FF324FF0FF3312480EF0D1
:10A4F00031FC039D002DECD13846FFF7A5FF3368F2
:10A500000BB19C4210D0002CE8D10028E8D010F10B
:10A51000780F08BF002005B0F0BD3160C8E7002308
:10A5200033606FF07700DBE735600028D8D0EEE7C6
:10A5300050230020A19A0000AC2F00200B490A7D77
:10A540004B7D9A420AD8A3EB020C5FFA8CFC604563
:10A5500009D89A4207D051F82200704705339B1A58
:10A56000DBB29842F7D90020704700BFBC2D002015
:10A57000074A117D537D8B4208D04B1CDBB2052B63
:10A5800008BF002352F82100137570470020704760
:10A59000BC2D002038B50C46054602F0FBFE0346F4
:10A5A000237021462846BDE83840014AFDF7B8BF70
:10A5B000A0250020012200201146014BFEF72AB8F9
:10A5C0003804002070B50C46054602F0E3FE034651
:10A5D000214623702846054AFDF7A2FFBDE87040DA
:10A5E000012200201146024BFEF714B8A0250020DE
:10A5F000380400202DE9F0471A4E9DF8209096F877
:10A6000021C196F820510CF1010E5FFA8EFEBEF1C9
:10A61000090F08BF4FF0000E75451ED0144606EB1B
:10A620004C1C654680460F469A4610685168E368A0
:10A63000926809F001090FC59CF81C30CCE904A808
:10A6400023F0030343EA0903CCF818708CF81C309C
:10A6500086F821E16046BDE8F0874FF0000C6046C7
:10A66000BDE8F087842E0020054890F8203190F84E
:10A6700021219A4214BF00EB43100020704700BF15
:10A68000842E002010B402780B4C082A94F8213153
:10A6900088BF94F82021014688BF0270934209D0F8
:10A6A000531CDBB2092B08BF002304EB42100B70D4
:10A6B00010BC70470020FBE7842E00202DE9F04FEE
:10A6C0003D4E87B096F8203196F8212102909A42AB
:10A6D0003ED04FF000080B24C346C246CDE90488A3
:10A6E00006EB4313CDF80C801D7FD3F80090C5F323
:10A6F0004002DF6805F00105002C4DD0013CE4B2BA
:10A700004AB396F8211196F82031994220D00133AE
:10A71000DBB2092B08BF0023994286F8203117D0FD
:10A72000590106EB4313002ADED1D86805BBBAF104
:10A73000000F33D0BBF1000F36D01A7F9707D3D16B
:10A740005045725834D05845CED105998A42CBD164
:10A7500007B0BDE8F08F194902988B601146174B7E
:10A760000192FDF757FF019A0028CAD000DEC8E722
:10A77000039ABAB1B8F1000F08BFB8461A7F95071F
:10A78000B2D4D207DCD5BBF1000FADD1039A82421F
:10A79000DED08045A8D1DBE700DEAFE7BA46CDF8D2
:10A7A0001090EBE70397E9E7BB46CDF81490E5E797
:10A7B00004998A42C7D1CBE7842E002028040020C8
:10A7C000054B1A7E597E914204D053F8220010B1F5
:10A7D0000C30704700207047682E002070B5134A77
:10A7E000117E537E8B421FD04B1CDBB2062B08BF61
:10A7F000002352F821401376A4B1022300252668D5
:10A800002371A060256002F0C5FD03462146084A79
:10A8100023703046FDF784FE012228461146054B81
:10A82000FDF7F8FE204670BD0024FBE7682E0020EF
:10A83000A02500203804002010B5002482B0049B1D
:10A8400093F80AC02CF0020C83F80AC0CDE900444A
:10A8500009F0F8FB02B010BD012210B582B00192E0
:10A86000047F034614400269D0E90501009409F011
:10A87000E9FB08B902B010BD7730FBD000DEF9E784
:10A8800010B4CB6804691A78042A02D0236810BC7B
:10A8900018475B78052BF9D1002010BC704700BF2A
:10A8A0000B8A002B38D030B5054683B001F10C007F
:10A8B0000C4611F04BFD012810D0022802D06FF099
:10A8C000150009E001A9204601F064F8019911B1D1
:10A8D0002846FFF7D5FFC8B103B030BD002301A95A
:10A8E0002046019300F0DCFA014678B12846FFF7D4
:10A8F000C7FF0028F0D1019D45B1284601F01AFD9F
:10A9000003466B710648019915F02CFC2046F7F7B9
:10A9100063FD002003B030BD6FF01500704700BF2D
:10A920007032002010B50469FFF7B8FB40B9054844
:10A93000F7F792F90448F7F78FF90020206010BD6F
:10A9400000DEF4E7C00F0020401000202DE9F041A8
:10A950004FF000080646076982B04FF0FF324FF013
:10A96000FF3334480EF090F90028F6D04379019077
:10A97000042B31D8002B46D0022B4CD04FF0FF33A4
:10A980004FF0FF320220F7F76BFE0446019B002CCC
:10A990004BD01846214601F0ADF8019B01A8C3F841
:10A9A0000080FFF731FC204611F04FFC05462146A0
:10A9B000002011F070FC2B8A0446012B08D929468F
:10A9C00030463B6898470EF07BFE002CEBD1C4E785
:10A9D0002846F7F701FDF6E7052B14D14FF0FF33BA
:10A9E0004FF0FF320820F7F73BFE0446019821465E
:10A9F00001F056F8019B01A8C3F80080FFF704FCA2
:10AA0000002CD0D1A9E700DE019B01A8C3F800808B
:10AA1000FFF7FAFBA1E70023002201210020F7F74E
:10AA200037FE0446019B002CB3D101A81C60FFF740
:10AA3000EBFB92E770320020F0B5054683B014E0DE
:10AA40004FF0FF324FF0FF3300211320F7F720FEC5
:10AA500022460446BDF8021001F054FC2146284667
:10AA6000FFF70EFF40BB0EF02BFE0DF1020101A817
:10AA7000FFF720FB04460028E2D1019BA3B1FFF7BA
:10AA800083FB019F384601F055FC019E7871737974
:10AA9000032B02D13379182B10D03146174815F00B
:10AAA00061FB019B002BE0D14FF0FF324FF0FF33F1
:10AAB00013480EF04FF9D8E700DED4E721464FF0F7
:10AAC000FF324FF0FF330520F788F7F7E1FD04462A
:10AAD000394606F11C00224600F0BCFF384600F063
:10AAE000D7FF3CB121462846FFF7CAFE20B92046D1
:10AAF000F7F772FC019ED0E700DEF8E77032002025
:10AB000080320020F0B505460E46076989B020481E
:10AB100015F0FAFA4FF0FF3200211E4815F03BFB0A
:10AB20001C48FFF711FA044600282ED13E6001F0C0
:10AB300017FC002600276FF0090C4FF4E072CDE9F6
:10AB40000667CDE90144144B144904940095CDF8EF
:10AB50000CC013480EF0B6FB1249114815F05EFC0C
:10AB60006FF0070C4FF46072CDE90667CDE9014440
:10AB70000D4B0E4904940095CDF80CC00C480EF016
:10AB8000A1FB0C490A4815F049FC204609B0F0BD6C
:10AB9000703200208032002039AA0000F0AA002084
:10ABA000C00F0020A82B02004DA90000B0AC00206F
:10ABB00040100020B82B020008B50EF03BFD054800
:10ABC00015F0AAFA034815F09FFABDE808400EF008
:10ABD00045BD00BF703200202DE9F047DFF8D0A05E
:10ABE000DAF80090B9F1000F33DB80460F461646C5
:10ABF00046D000252F4C06222146304616F087FF0E
:10AC000018B914F8013CBB4226D00135A94504F11E
:10AC10000804F0D10121284CD6F800C02068274B49
:10AC2000C5006A1C43F802C0B6881A44B9F10F0F78
:10AC3000968001FA08F103F830702B44D971DBBF1C
:10AC400009F1010318460130CAF80030102814D069
:10AC500020600020BDE8F087184B03EBC503DA79CC
:10AC600022FA08F1C90702D50120BDE8F0870121C9
:10AC700001FA08F10A43DA71EBE700232360E8E701
:10AC800001200D4C0D4B2568D2F800C0E9000A18D0
:10AC900043F802C0B6881A44968000FA08F803F810
:10ACA00035700B44CAF8000083F80780D0E700BF76
:10ACB000983200209D320020943200209C320020E7
:10ACC0002DE9F041194C6468A40004D59046184A57
:10ACD0001268120701D4BDE8F08103F10C040546A7
:10ACE0000E462046022111F0EDFA40F63E430121C6
:10ACF0000380204611F0E6FA04230B21037020465E
:10AD000011F0E0FA0570A0F801803DB97268B368EF
:10AD1000C0F80320C0F80730BDE8F0810027C0F874
:10AD20000370C0F80770BDE8F08100BF700100201B
:10AD300068010020F0B50138144687B0092806D80C
:10AD4000DFE800F009273D05054F056182956FF0AA
:10AD5000150007B0F0BD4F4B0D21188811F0F8FF1A
:10AD60000D2120600C3011F0ADFA4FF48064002307
:10AD700004210122484D0370C0F80150A0F805409D
:10AD8000C171037242728372C3720373002007B0F1
:10AD9000F0BD404B4121188811F0DAFF41212060BD
:10ADA0000C3011F08FFA002104463E2200F8031BFC
:10ADB00016F0A5FE40F2A733A4F80130E6E7354BC4
:10ADC0000921188811F0C4FF092120600C3011F00E
:10ADD00079FA0022034603F8012BC0F801205A60DB
:10ADE000D4E7C9680020FEF7FBFD2A4B0121188833
:10ADF00011F0AEFF012105460C3011F063FA00237B
:10AE000003702560C2E7254E01AD0FCE0FC5214F5F
:10AE10003368122138882B7011F09AFF12212060BC
:10AE20000C3011F04FFA00230446064695F800C096
:10AE300004F8013B01AD0FCDC6F801006160A260CE
:10AE4000E36084F810C0A1E7124B1821188811F0B4
:10AE50007FFF182120600C3011F034FA00230446E3
:10AE6000012100F8023B0AF0EBFD60708EE7094B10
:10AE70002121188811F06CFF212120600C3011F085
:10AE800021FA00230146013001F8113B0AF028FEA7
:10AE90007CE700BFF68A002002000500D82B0200E4
:10AEA00000232DE9F0418EB00993038A022B35D996
:10AEB00004460E460C30032111F040FA228A8378B2
:10AEC0009A422BD30088DB4FC0F38523082B1FFA4F
:10AED00080FC3880C0F309050DD8C3B1013B072BB6
:10AEE00015D8DFE813F09A0114007B01610114000A
:10AEF0001400140020003F2B09D12146284609AA3E
:10AF0000FFF718FF163040F02085B7F800C0012188
:10AF100060460EB0BDE8F04111F02CBF0024204681
:10AF20000EB0BDE8F081681E9C28F0D801A353F84C
:10AF300020F000BF6DB8000047B80000FBB700006C
:10AF40000FAF0000F1B700000FAF00000FAF00001F
:10AF50000FAF00000FAF00000FAF0000D9B7000027
:10AF6000A7B7000077B700006FB700004DB700002B
:10AF700047B700003FB7000037B7000013B7000025
:10AF80000BB70000E1B60000D3B6000099B6000090
:10AF900079B6000061B600000FAF00000FAF0000EF
:10AFA00041B600000FAF00000FAF00000FAF000070
:10AFB00025B60000FDB50000EDB50000B9B50000F4
:10AFC000ADB500000FAF00000FAF00009FB500004F
:10AFD00097B5000091B5000019B50000E5B4000078
:10AFE000B1B40000A7B4000099B400004FB4000051
:10AFF00039B500002DB40000E1B300000FAF000030
:10B000000FAF00000FAF00000FAF00000FAF000048
:10B010000FAF00000FAF00000FAF00000FAF000038
:10B020000FAF00000FAF00000FAF00000FAF000028
:10B030000FAF00000FAF00000FAF00000FAF000018
:10B040000FAF00000FAF00000FAF00000FAF000008
:10B050000FAF00000FAF00000FAF0000BFB3000044
:10B060000FAF00000FAF00009FB300000FAF000054
:10B070000FAF00000FAF00000FAF00000FAF0000D8
:10B080000FAF00000FAF00000FAF00000FAF0000C8
:10B090000FAF00000FAF00000FAF00000FAF0000B8
:10B0A0000FAF00000FAF00000FAF00000FAF0000A8
:10B0B0000FAF00000FAF00000FAF00000FAF000098
:10B0C0000FAF00000FAF00000FAF00000FAF000088
:10B0D0000FAF00000FAF00000FAF00000FAF000078
:10B0E0000FAF00000FAF00000FAF00000FAF000068
:10B0F0000FAF00000FAF00000FAF00000FAF000058
:10B100000FAF00000FAF00000FAF00000FAF000047
:10B110000FAF00000FAF00000FAF00000FAF000037
:10B120000FAF00000FAF00000FAF00000FAF000027
:10B130000FAF00000FAF00000FAF00000FAF000017
:10B140000FAF00000FAF00000FAF00004BB30000C7
:10B150000FAF00000FAF00000FAF00000FAF0000F7
:10B160000FAF00000FAF00000FAF00000FAF0000E7
:10B170000FAF00000FAF00000FAF00000FAF0000D7
:10B180000FAF00000FAF00000FAF00000FAF0000C7
:10B190000FAF00000FAF00000FAF00000FAF0000B7
:10B1A0000FAF000031B30000681E08283FF6AFAEB5
:10B1B00001A353F820F000BF07B30000B7B20000AE
:10B1C00091B200000FAF00000FAF00000FAF000002
:10B1D0000FAF00000FAF000071B20000632D00F050
:10B1E00056832BD8032D00F06F832D2D00F0528352
:10B1F000012D7FF48CAEE2680F4B11686046196038
:10B20000294652685A6011F0A3FD012104460C3012
:10B2100011F058F80023037081E6062D00F02E830C
:10B220001D2D7FF474AEE368188801F067FC0146B9
:10B2300038886EE6F68A0020700100207B2D00F031
:10B240006B837C2D7FF463AEE3681E885988B0B2AF
:10B2500001F030FD05460321388811F079FD032106
:10B2600004460C3011F02EF80570A0F8016056E687
:10B270006046072111F06CFD072104460C3011F0E7
:10B2800021F80146002001F8010BFEF7D5FB46E648
:10B290000921604611F05CFD092104460C3011F0D3
:10B2A00011F800220346602103F8012BC0F80120A9
:10B2B0005A60417133E66046412111F049FD412158
:10B2C00004460C3010F0FEFF002105463F2200F836
:10B2D000021B16F014FC4FF40A720423C021202034
:10B2E000A5F80F204FF49062A971EB72CA4985F856
:10B2F0003030EB75C94B6870C5F81A10C5F82130AD
:10B30000A5F827200BE60921604611F021FD09214F
:10B3100004460C3010F0D6FF00234FF450610D228C
:10B32000BF4D0180C0F805508370C3700271F6E50F
:10B33000E4686188A379A2882088B4F80740009463
:10B3400004F044F801463888E3E56046FA2111F03C
:10B35000FFFCFA2104460C3010F0B4FF4FF4807368
:10B360000546F82220F8023B002116F0C8FBFEF744
:10B370001BFB0023AA7A61F3070342F00202AA72C0
:10B38000C1F3072262F30F23090C61F31743090A83
:10B3900061F31F63C5F80200C5F80630BFE5E06839
:10B3A000C17907F0B3FE01210546388811F0D0FCC1
:10B3B000012104460C3010F085FF0570AFE56046B2
:10B3C000032111F0C5FC032104460C3010F07AFF74
:10B3D00000230146013001F8023BFEF7FDFA9EE52D
:10B3E000E2689578D178EE0744BF41F00301D1704F
:10B3F000AD071088B2F80540137940F1AC8243F0F4
:10B400000303137143EA0102032A40F0B0824E079E
:10B4100000F0AA8214F003021CBF04F1FF3404F010
:10B42000010201F0F5FB0146388872E5E3681A78FD
:10B43000D10749BF0721587808465970920749BF7C
:10B440000722997811469A7001F0D6FBABE7604667
:10B45000092111F07DFC092104460C3010F032FF67
:10B4600005460AAB0DF1220208A90DF11E0001F0FC
:10B4700093FB0022BDF81E30A5F80130BDF8203046
:10B48000A5F80330BDF82230A5F80530BDF8283006
:10B490002A70A5F8073042E5E368188807F02CFE0B
:10B4A00001213888AFE6E368187807F011FE7AE7E3
:10B4B000E368072118680AAE0A909A889B7960466B
:10B4C000ADF82C208DF82E3011F042FC07210446F7
:10B4D0000C3010F0F7FE05463046691C07F0C6FD3B
:10B4E00028701CE5E368072118680AAE0A909A885C
:10B4F0009B796046ADF82C208DF82E3011F028FC99
:10B50000072104460C3010F0DDFE05463046691C6C
:10B5100007F070FD287002E56046022111F018FC6A
:10B52000022104460C3010F0CDFE054607F02CFC3D
:10B53000002368702B70F2E4E368604605211E88E2
:10B5400011F006FC052104460C3010F0BBFE054648
:10B55000B7B22A1DE91C384601F02EFBEB78297999
:10B56000002B93FAA3F391FAA1F2B3FA83F308BF85
:10B570004FF0FF330029B2FA82F208BF4FF0FF32DA
:10B58000013301322870A5F80160EB702A71C6E41E
:10B5900007F0FCFB07E7E06807F03AFC03E7E06828
:10B5A00000F11702C11D07F0CDFFFCE6E3685988E2
:10B5B000188801F0E5FAF6E66046052111F0C8FBAF
:10B5C000052104460C3010F07DFE05460AA90DF158
:10B5D000220001F0C9FA0022BDF82230A5F801309E
:10B5E000BDF828302A70A5F8033098E4E3681E8877
:10B5F0009A885988B0B201F097FA2BE6002302210D
:10B60000E26816889278CDE90233CDE90033B0B212
:10B6100001F0D8F91EE600BF17FCFF0930F0F97FF2
:10B62000F105FFFF0022E468022126886388039267
:10B630002589B0B20295E5880195A4880094E7E7D2
:10B640000921604611F084FB092104460C3010F0FA
:10B6500039FE0023C749C84A0160426003725EE4B4
:10B66000E16801F10C0301F10A0231F8020B06F066
:10B670004DFE014638884CE46046092111F068FB14
:10B68000092104460C3010F01DFE0023082100F8AB
:10B69000013B08F079FB42E4E06800230AAA00F1CC
:10B6A00010010BF03BFB1121388811F051FB1121E7
:10B6B00004460C3010F006FE00230646074606F846
:10B6C000013B0AAD0FCDC7F801007160B260F360B5
:10B6D00025E4E368188801F0FBF90146388818E48E
:10B6E000E368604608211E8811F032FB08210446F9
:10B6F0000C3010F0E7FD0546B7B23846E91C01F002
:10B700009BF9A5F80160287009E4E06807F088F863
:10B7100049E60022E1684B88088803920C8902946C
:10B72000CC88019489880091114601F04BF90146BB
:10B730003888FFF7EEBBE06807F0B6FA33E6E0685A
:10B7400007F0FEF92FE607F0D3F92CE66046022158
:10B7500011F0FEFA022104460C3010F0B3FD002374
:10B760000370054607F0C2F96870FFF7D8BB304692
:10B7700006F094FD17E6E468B4F813506188637925
:10B78000227920880495B4F8115006340395B4F852
:10B7900009500295A5790094019506F091FB0146A8
:10B7A0003888FFF7B6BBE3681878002800F0D0802F
:10B7B0005B78002B00F0CC80002213466F490A60B2
:10B7C0006F4A136000F094FE05460C2D4FF0010106
:10B7D00008BF00253888E9E5E4686379B4F80320F8
:10B7E000B4F801102078A479009400F005FEDAE5A1
:10B7F000E1680120FEF7F4F8D5E56046092111F073
:10B80000A7FA092104460C3010F05CFD0025034620
:10B8100003F8015BC0F801505D600646FEF7C4F80E
:10B820002B46C1F3072261F3070362F30F23090CD0
:10B8300061F31743090A61F31F63C6F80100C6F8F4
:10B840000530FFF76CBB0421604611F081FA04213A
:10B8500004460C3010F036FD00236FF00401402246
:10B86000037041708370C270FFF759BBE268454BAB
:10B8700011686046526819600121C3E4E368997851
:10B88000188801F0FDF801463888FFF742BBE268EE
:10B890003D4BEDE7E368604604211E8893F8028083
:10B8A00011F056FA042104460C3010F00BFD054649
:10B8B000B7B2022042463946EB1CFEF77BF8A5F8EA
:10B8C00001602870FFF72BBB4FF0FF312C4A1F207F
:10B8D000116000212B4A4FF0FF3441F6FF75C2E999
:10B8E000000100200021294BC3E90045264BC3E994
:10B8F0000001FEF78BFB0121388811F029FA0121A4
:10B9000004460C3010F0DEFC0023214A0370136063
:10B91000FFF752F9FFF703BBE3680AA91E88B0B22C
:10B9200001F09CF905210546388811F011FA05212E
:10B9300004460C3010F0C6FC0570A0F80160BDF89C
:10B940002830A0F80330FFF7EABA099CFFF7E7BAFE
:10B950004FF0FF3334E741EA0302032A07D84D07CB
:10B9600002D05A077FF456AD1221FFF7D1BA112148
:10B97000FFF7CEBA0070330F133F0200943200205D
:10B980009832002068010020C010002070010020C3
:10B990009032002000230B60038A032B55D92DE938
:10B9A000F047054688460C30042110F0C7FC2B8A6E
:10B9B0004688B0F80090B34225D3FB2E23D800F080
:10B9C000B9FF4FEA1937BA460446F8B15FEA9A0A56
:10B9D00019D19FB1012F16D12379667167F3010345
:10B9E0002371E9683246E01D16F063F82146C9F379
:10B9F0000B0000F0ABFF18B9BDE8F0870227EBE7BA
:10BA0000204600F09DFF6FF01500F5E7104B1B6816
:10BA10009B0117D54FF0FF324FF0FF330220F6F7AE
:10BA20001FFE0221C8F800000C3010F04BFC4FF450
:10BA30008D730380D8F8000001210C3010F042FC17
:10BA4000012303706FF06800D6E76FF015007047B0
:10BA500070010020F8B50D4B1B68DB0600D4F8BD63
:10BA600002F10C0407460D462046022110F02AFC84
:10BA700040F2054304210380204610F023FC0026F9
:10BA8000A0F8015006703A78C270F8BD700100202D
:10BA9000024A1368013B1360704700BF90320020D8
:10BAA000037F03F00303013B012B01D900DE704744
:10BAB00070B5044601F10C0528460421E68810F013
:10BAC00001FC0346227F02F00302022A0CBF46F467
:10BAD000005646F480560680627F28465A80617F71
:10BAE00010F0F0FB627F04F11F01BDE8704015F01B
:10BAF000E0BF00BF2DE9F04F90F804C00446BCF150
:10BB0000030F0D4689B000F11C0620D0ACF1050CE6
:10BB1000C788BCF1180F5BD8DFE81CF05E005A0044
:10BB20005A005A005A005A005A005A005A005A0045
:10BB30005A005A005A005A005A005A005A005A0035
:10BB4000D2003101390166017D019101B201C37F4B
:10BB5000C788033B392B3BD8DFE813F05F023A007C
:10BB60003A008702A0023A00AE023A003A003A00D8
:10BB700042023A00B3023A003B003A003A00E501C3
:10BB8000E5013A003A003A003A003A003A003A0039
:10BB90003A003A003A003A003A003A003A003A00D5
:10BBA0003A003A003A003A003A003A003A003A00C5
:10BBB0003A003A003A003A003A003A003A003A00B5
:10BBC0003A003A003A003A003A003A003A000C02D1
:10BBD00000DE09B0BDE8F08FC94A037E92E8030099
:10BBE0000A0C8DF81E20227FA67E5B42ADF81C1049
:10BBF000510694F8198006905FB2C6F3400600F132
:10BC00007781C04B5B6803F00053002E40F0C48284
:10BC1000002BDED0BC4B1B689B07DAD5207F04F1DC
:10BC20001E09C0F380114A4600F00F00FEF7D4FF52
:10BC30000028CED1237F03F00F03012B00F04683B1
:10BC4000627FA2F1060A5FFA8AFA5646931D053210
:10BC50005FFA83FBD3B205930C350221284610F01E
:10BC600031FB3E220121027080F801B0284610F01D
:10BC700029FB022305990370284610F023FB0123BA
:10BC80000370237F054603F00F036B441B7E437054
:10BC900007F07AF8804580F00C834046EA1CA91C26
:10BCA00007F04EF8AB780233AB7085F809A00A357F
:10BCB0003246284604F1240115F0FBFEAF5588E713
:10BCC000F60700F1F482267F002E00F023818D4BD1
:10BCD0005B6898007FF57DAF8B4B1B6803F40078A1
:10BCE00013F0010340F0128258EA03033FF471AFEE
:10BCF000002E40F0C182854A0C3513680133136071
:10BD00000221284610F0DEFA41F63E73012103803D
:10BD1000284610F0D7FA0A2203461E211A70284638
:10BD200010F0D0FA0023A0F801700370637FC37095
:10BD3000A37F0371D4F81F30C0F80530B4F8233066
:10BD4000A0F80930D4F82B30C0F80B30B4F82F30FD
:10BD5000A0F80F30D4F82530C0F81130B4F82930ED
:10BD6000A0F81530638EA0F81730A38EA0F8193014
:10BD7000E38EA0F81B3094F83830437729E70A4661
:10BD80003046394609B0BDE8F04FFFF763BE5D4B62
:10BD90005B6899007FF51DAF5B4B1B685A077FF509
:10BDA00018AF0C350221284610F08CFA40F63E23DD
:10BDB00001210380284610F085FA0323092103702E
:10BDC000284610F07FFAF30700F18882237FA0F85D
:10BDD00001700370E38BA0F80330238CA0F80530CA
:10BDE000638CA0F80730F4E6464B00245B681E0421
:10BDF0007FF5EFAE0C350221284610F063FA4FF4C0
:10BE00004C720346032128461A8010F05BFA047036
:10BE1000A0F80170DDE63E4B1B681C027FF5D9AE31
:10BE20000C350221284610F04DFA40F25722034605
:10BE3000022128461A8010F045FA0780C9E6314BE6
:10BE40005B6898007FF5C5AE2F4B1B6819037FF523
:10BE5000C0AE0C350221284610F034FA40F23E43C1
:10BE600001210380284610F02DFA142203460321F5
:10BE70001A70284610F026FA0780237F8370A8E600
:10BE8000204B5B689A007FF5A4AE1F4B1B681B0517
:10BE90007FF59FAE0C350221284610F013FA40F2D0
:10BEA0003E6301210380284610F00CFA0C22034661
:10BEB00005211A70284610F005FA237FA0F80170BA
:10BEC0000370627F92FAA2F3002AB3FA83F308BFE9
:10BED0004FF0FF330133C370A27F92FAA2F3002A1E
:10BEE000B3FA83F308BF4FF0FF330133037170E6F9
:10BEF00000214246084604F11E0307F039F880E6A7
:10BF00001C270200700100206801002090320020F0
:10BF1000C0100020FF22A07F04F1250304F11F01BF
:10BF200007F026F8D3E6D14B5B6898007FF551AE59
:10BF3000CF4B1B6859067FF54CAE0C3502212846C5
:10BF400010F0C0F940F63E3301210380284610F07E
:10BF5000B9F9072203460A211A70284610F0B2F9EF
:10BF60000780A38C4380E38C8380238CC380638C05
:10BF700003812EE6BD4B00265B689A007FF529AE53
:10BF8000BB4B5B68DB027FF524AE0C3502212846F3
:10BF900010F098F940F63E2301210380284610F066
:10BFA00091F9352309210370284610F08BF90546D5
:10BFB00038462E70A5F8017000F0AAFC002800F0A9
:10BFC0008B8190F83730DB095B00EB70238CAB8002
:10BFD00094F82230AB71B4F82330A5F80730F8E5B7
:10BFE000A24B1B681A067FF5F4AD0C3502212846DA
:10BFF00094F8204010F066F94FF481620346042162
:10C000001A80284610F05EF900239C4208BF1F24C6
:10C01000A0F801700470C370DBE5944B5B689E0070
:10C020007FF5D7AD924B1B68D8067FF5D2AD0C35A6
:10C030000221284610F046F940F63E5301210380C4
:10C04000284610F03FF9052203460C211A702846B5
:10C0500010F038F9034623F8027B216A626AC0F8BF
:10C0600002105A60238D4381B3E5804B00241B6886
:10C0700019067FF5AEAD0C350221284610F022F9E5
:10C080004FF48162034604211A80284610F01AF901
:10C0900001230470A0F80170C3709AE590F8203075
:10C0A0000E2B7FF496AD0B463A4600211A2009B0BC
:10C0B000BDE8F04FFEF704BE0B463A46314600207D
:10C0C000F5E76A4B5B689B005BD5694B1B689E0676
:10C0D00057D50C350221284610F0F4F840F63E33CF
:10C0E00001210380284610F0EDF8062203460A21BC
:10C0F0001A70284610F0E6F80780238C4380638C82
:10C100008380A38CC380E38C038162E5002E40F022
:10C110008A80584A136801331360B8F1000F40F069
:10C12000DF800C350221284610F0CCF841F23E3376
:10C1300001210380284610F0C5F801231221037065
:10C14000284610F0BFF80670A0F80170637FC37036
:10C15000A37F03F001030371D4F81F30C0F805304A
:10C16000B4F82330A0F80930638EA0F80B30A38E0A
:10C17000A0F80D30E38EA0F80F3094F838304374F7
:10C1800027E500231A2202213846CDE90233CDE902
:10C19000003300F017FC1CE5002B3FF41AAD344BC4
:10C1A0001B685A057FF515AD207F00F00F03012BAA
:10C1B00040F0A48004F11E06C0F38011324600F066
:10C1C0000F00FEF709FD00287FF403AD0C350221B6
:10C1D000284610F077F841F23E23012103802846DB
:10C1E00010F070F80B2311210370284610F06AF844
:10C1F00040F201130380054606F0C6FD804571D26A
:10C200004046EA1CA91C06F09BFDAB780233AB70DC
:10C21000237FC3F3C0136B72636AC5F80A30238DA2
:10C220002F74EB81D5E4B8F1000F25D10C35022134
:10C23000284610F047F841F23E330121038028469A
:10C2400010F040F801220346122128461A7010F01F
:10C2500039F8C0F80180C0F80580C0F80980C0F83E
:10C260000D8080F811800670B3E400BF70010020DB
:10C2700068010020903200200C350221284610F081
:10C2800021F841F63E7301210380284610F01AF888
:10C290000A2203461E211A70284610F013F804469D
:10C2A0001D220021601C15F02AFC267091E400DE9E
:10C2B00009E5237FC3F38013AB70D4F81E30C5F8B3
:10C2C0000330B9F80430A5F80730EEE40B234FF043
:10C2D0000C0BB2460593BFE4022376E600DE75E55B
:10C2E0000C350DE5237FC3F38013AB70D4F81E30FB
:10C2F000C5F80330B388A5F8073089E700DE207F52
:10C3000058E700BF70B500F10C040E46204602212C
:10C3100015460FF0D7FF40F21352034605211A804D
:10C3200020460FF0CFFF0123A0F801600370A0F8B2
:10C33000035070BD0379032B08D0053BDBB2182BEB
:10C3400001D900207047054AD05C7047037F03F095
:10C350000303032B14BF052004207047E82D0200BF
:10C360004FF0FF3230B44FF0FF3441F6FF750A4B07
:10C3700000211A600020094B0022C3E900451F2458
:10C380000025074BC3E900010649074BC1E90045F9
:10C390001A6030BCFEF710BC9832002070010020FB
:10C3A000C0100020680100209032002070B5059E6A
:10C3B0001546344614F8101B9DF810C00131C9B25F
:10C3C000317099B100220A490B818B7AC1E90005CD
:10C3D0006CF300038B72074BCC609960012011460F
:10C3E000FCF718F900B970BD00DE70BD00DEE9E7AA
:10C3F000C81000206804002030B5144C844694F81E
:10C400004CE09DF80C501EF001001DD163F3420E6C
:10C4100040F27123A2FB0323A4F842104FEA4C1C04
:10C4200094F83810ED0005F018050CF0200C4CEADB
:10C43000050C21F03801C4E911224CEA010C84F802
:10C440004CE084F838C030BD0C2030BDD81000203E
:10C450000020704740F2712C03FB0CF3844600B5BA
:10C460009DF804E049014FEACE0E0EF0180E01F0DF
:10C47000200141EA0E019CF828E0ACF832202EF0B1
:10C48000380E41EA0E018CF82810CCF834301846EA
:10C490005DF804FB38B50546023001F11002C0B268
:10C4A000FDF7FCFF044600B938BD10F1780F01D14B
:10C4B0000C2038BD40F29123094A0A490A480FF07E
:10C4C000C4FC2246294609480FF0BFFC002383F331
:10C4D0001188BFF36F8F0323184602DF0C20E8E7B3
:10C4E000EC2B02002C2C0200442C0200642C0200D5
:10C4F00038B5294C94F84C3003F0010260B362BBAC
:10C500009A07C3F341050BD50120FDF787FA0621F1
:10C51000FBF7ECFF00283DD094F84C50C5F34105E3
:10C5200094F83800C0F3C10006F0DAFEFF2194F859
:10C53000393094F8382023F0020384F83930930618
:10C5400084F83A1002D5023D012D19D91248F4F7AA
:10C5500057FB10B9002038BD0AB90C2038BD6369FB
:10C56000002BFAD12146FFF795FF0028F5D194F86A
:10C570004C2060F3000284F84C2006F093FEE9E7BB
:10C58000002006F0C7FE94F8393043F0020384F827
:10C590003930DBE7122038BDD810002038B5002430
:10C5A0000C4D34B995F84C4014F0010401D0686981
:10C5B00008B1002038BD2946FFF76CFF0028EFD1F5
:10C5C00095F84C2060F3000285F84C2006F06AFED6
:10C5D000E6E700BFD8100020034A044B801AA3FBF3
:10C5E0000030C0F387107047D8100020CDCCCCCCE1
:10C5F000044A0068044B801AA3FB0030C0F3871084
:10C60000704700BFD8100020CDCCCCCC30B9044846
:10C6100090F84C3013F0010300D0704700207047B1
:10C62000D8100020044B93F84C2002F00102104374
:10C630000CBF184600207047D810002098B90B4A4C
:10C6400092F84C3013F001000ED0506992F8382067
:10C65000003818BF0120C2F3401203F001039340D9
:10C6600043EA800070470020704700BFD8100020C8
:10C6700050B9064B93F84C0010F0010005D093F828
:10C680003800C0F3C100704700207047D810002068
:10C690000146002208B5054B012099601146FBF7C1
:10C6A000B9FF00B908BD00DE08BD00BF7804002056
:10C6B000836801465A6892F82730DB0901D000DE12
:10C6C0007047083105F090BE2DE9F0410446066838
:10C6D00082B04FF4D87224493046FBF7F3FE04F1E0
:10C6E0008005214608F0A2FC2946D4F8840001AA5E
:10C6F000FBF728FF18B34FF6FF77DFF8708098F844
:10C70000292298F82812531CDBB2452B08BF0023BE
:10C71000994225D0019908EBC20C28F83270CCF868
:10C7200004100A680260019A106088F829322946CC
:10C73000D4F8840001AAFBF705FF0028DFD1D6F862
:10C74000700106F5B87138B10023C6F87031FDF7F5
:10C7500039FF02B0BDE8F08100DED6F87001F3E7E2
:10C7600000DE00231B80FFDE2811002070760020F1
:10C7700010B50C4630B92046FDF754FE844200D077
:10C7800000DE10BD00DEF6E710B50C4630B92046DD
:10C79000FDF73CFE844200D000DE10BD00DEF6E76F
:10C7A00010B50C4640B9074B0246012102209C609F
:10C7B000FBF730FF20B910BDFDF722FE8442FAD00E
:10C7C00000DE10BD9804002000B9704700B583B0AA
:10C7D0000191FDF733FE0199814202D103B05DF86A
:10C7E00004FBFDF70DFE01998142F7D000DEF5E76D
:10C7F00010B5194B01224FF4D8711848FBF712FEFF
:10C8000000224FF4D8711548FBF758FE4FF6FF7C15
:10C810000446134BA4F824C0181D40224FF4827123
:10C82000FBF700FE0F4B4422181D0821FBF7FAFD11
:10C8300002F0A4FB4FF01B0C4FF4A471032300245F
:10C84000094A0A48A2F800C0094A0460118009494F
:10C85000094A0B70137010BD4433002028110020CA
:10C860006C35002048330020FA8A0020A87A002086
:10C87000F88A00208C8D00208B8D002010B5037865
:10C8800083B1104B00F1100199608268BAB900229F
:10C890000D4C0C4BC0E9024101201146FBF7BAFEDA
:10C8A00058B910BD03F0FF02084B103098601146D4
:10C8B0000120FBF7AFFE0028F3D000DE10BD00DE44
:10C8C0009968E4E78804002091C6000078040020FD
:10C8D0000148FBF7CBBD00BF443300200149FBF703
:10C8E000D9BD00BF443300204FF4D8720149FBF793
:10C8F000E9BD00BF28110020024620B94FF4D871CD
:10C900000248FBF7DBBD0020704700BF2811002064
:10C9100060B9024608B54FF4D8710548FBF7CEFD63
:10C9200010B1838C03B908BD002008BD00207047FA
:10C93000281100200148FBF799BD00BF6C3500208D
:10C940000149FBF7A7BD00BF6C35002080BB38B59F
:10C9500002460D4618484FF4D871FBF7AFFDD0B131
:10C96000828CC2B9154C94F809C294F808120CF1E3
:10C970000103DBB2412B08BF0023994215D024F8F4
:10C980003C2004EBCC0CCCF8045084F8093203783A
:10C9900023B9002038BD6FF0150038BD084B0121C8
:10C9A00098600320FBF736FEF3E76FF0680038BDB0
:10C9B0006FF01500704700BF281100209C78002000
:10C9C000A80400202DE9F047DDF82C90BDF8207078
:10C9D000BDF82480BDF82860A0B98A4614464FF4FB
:10C9E000D871024613481D46FBF768FD50B1838C91
:10C9F00043B9BAF1000F0FD0BAF1020F05D00120F0
:10CA0000BDE8F0870220BDE8F0877CB1214602F046
:10CA100077FD0020BDE8F08743463A462946CDF829
:10CA200024900896BDE8F04702F0E6BC02F058FDFD
:10CA3000EFE700BF28110020E8B938B502460C46E0
:10CA40000E484FF4D871FBF739FD054650B1838C81
:10CA500043B902F059FC38B10368236003792371AC
:10CA6000002038BD022038BDD5F83230236095F85B
:10CA700036302371F4E70220704700BF28110020F0
:10CA800008B10220704710B502460C460E484FF41C
:10CA9000D871FBF713FDA0B1838C93B91A2C0AD877
:10CAA000042C0CD9094BE340DB0708D52146BDE82F
:10CAB000104002F0F3BB292CF8D03B2CF6D012200A
:10CAC00010BD0C2010BD00BF28110020200038042C
:10CAD00080B9024608B54FF4D8710748FBF7EEFC61
:10CAE00030B1838C23B9BDE80840012102F024BB9A
:10CAF000022008BD022070472811002078B90246A4
:10CB000008B54FF4D8710748FBF7D8FC28B1838CDF
:10CB10001BB9BDE8084002F027BB022008BD022077
:10CB2000704700BF28110020C8B938B50C4615461B
:10CB30004FF4D87102460B48FBF7C0FC58B1828C09
:10CB40004AB9D0F848319B0607D52A462146BDE8A8
:10CB5000384002F0EBBB022038BD1A2038BD02205D
:10CB6000704700BF28110020034A044B12881B881D
:10CB700002800B80704700BFFA8A0020F88A0020EC
:10CB80008446034A034B0020A2F800C01980704776
:10CB9000FA8A0020F88A002000B540F6480C4FF0D1
:10CBA000FB0EA0F800E0A2F800E0A1F800C0A3F896
:10CBB00000C05DF804FB00BFC8B938B50D46144687
:10CBC0004FF4D87102460B48FBF778FC034660B17E
:10CBD000808C50B993F88C20C2F302022A7093F82B
:10CBE0008D30C3F30203237038BD022038BD02200C
:10CBF000704700BF281100208446034A034B0020E1
:10CC000082F800C0197070478C8D00208B8D002039
:10CC100000BBF0B50E46154683B002464FF4D871FE
:10CC20000D481C46FBF74AFC70B1838C63B9D0F801
:10CC30004831DB050BD5012723462A4631460097AC
:10CC400002F004FB03B0F0BD022003B0F0BD1A20D7
:10CC500003B0F0BD022070472811002018BB10B5AA
:10CC600002460C4611484FF4D871FBF727FCC0B1BF
:10CC7000838CB3B9C28CB0F89431052A0CD84FF428
:10CC8000FA7102FB033301FB03F3094A0020A2FB04
:10CC900003235B0B238010BD40F2E24102FB03F350
:10CCA000F1E7022010BD0220704700BF28110020CC
:10CCB0005917B7D148BB10B502460C4614484FF47B
:10CCC000D871FBF7FBFBF0B1838CE3B942F2107231
:10CCD00002FB04F1C38C0139052B0AD84FF4FA7218
:10CCE00003FB02231944B1FBF3F1A0F894110020D7
:10CCF00010BD40F2E24202FB03F31944B1FBF3F131
:10CD0000A0F89411F3E7022010BD0220704700BF85
:10CD10002811002008B5FFF76BFD002008BD00BFFB
:10CD200038B505F015FB00224FF4D8711948FBF710
:10CD3000C5FB044660B32146032004F11002FDF751
:10CD4000ADFB054610B110F1780F0CD10025124A49
:10CD5000124BC4F8A050A2F80852A3F82852FFF7CB
:10CD600047FD284638BD40F24D730D4A0D490E4827
:10CD70000FF06BF82A4600210C480FF066F80023EC
:10CD800083F31188BFF36F8F0323184602DFDDE7BB
:10CD900000DED0E7281100209C780020707600206B
:10CDA0007C2C02002C2C0200442C0200642C02007B
:10CDB000014B1878704700BF8C8D0020014B18780C
:10CDC000704700BF8B8D00208A6808601368187850
:10CDD00028B19A6872B9084AC3E9022170475268BB
:10CDE00092F82730DB0901D000DE70470846083191
:10CDF00005F0FABA00DEEEE7B1C600000B68DA888B
:10CE0000002A37D170B50C4606464FF4D8711B483E
:10CE1000FBF754FB0546F0B1838CE3B902F0ACFBA1
:10CE20002268137F03F00303032B08D1012313713E
:10CE3000314628462268BDE8704002F0B1BB73B1AC
:10CE400095F86A319A0705D53D23012285F86C31A2
:10CE500023681A7170BD012223681A7170BD95F89C
:10CE60006A319B0703D53D2385F86C312268012385
:10CE7000137170BD01221A71704700BF2811002084
:10CE80004FF6FF7C10B50446808C60450CD02046E0
:10CE9000A4F82C31C4E9491202F0FEF894F86A3182
:10CEA00013F0010002D110BD00DEF0E723F0010312
:10CEB00084F86A316FF08B0010BD00BF70B51C4C58
:10CEC000064694F809221DE04FF4D8711948FBF783
:10CED000F5FA696808B3838CEC30F3B901F09CFE75
:10CEE00094F8081294F809224B1C8A42DBB206F12E
:10CEF000FF3604D0412B08BF002384F8083216F017
:10CF0000FF0613D094F8083293420FD034F8332040
:10CF100004EBC305002AD7D069680B794FF6FF7080
:10CF200023F003030B71FDF73BFAD9E770BD00BF97
:10CF30009C78002028110020F0B5324A0B46146876
:10CF400083B0A04208BF0021054608BF1160182227
:10CF5000808C012185F88C3185F87421A5F8760143
:10CF6000284602F0A3F805F1EC06284602F0B2F8D4
:10CF7000304601F039FE304601F06EFE044628B31B
:10CF8000037905F1940703F00303032B0CBF034659
:10CF9000002303601C48FBF769FAA8B121463A4612
:10CFA000FBF7BEFA304601F057FE044670B1037934
:10CFB00003F00303032B0CBF034600230360124856
:10CFC000FBF754FA0028E9D100DEE7E7AA8C01213B
:10CFD000033200200D4B0095D2B2FCF71DFC10F07F
:10CFE000FD0F08D14FF6FF73FF20AB8403B0BDE8FF
:10CFF000F040FFF763BFFDF703FA8542F2D000DE91
:10D00000F0E700BFA87A002048330020A1C7000045
:10D010004FF6FF732DE9F04184688AB0A28C9A42E2
:10D0200000F0BA800546204602F0A6FAAB7C012B40
:10D0300000F0DA80022B00F0B28033B994F8A63009
:10D0400003F01803182B00F0128194F86C81B8F1EA
:10D05000000F40F0A880A68DEB890136E78DB6B2AF
:10D06000002B00F0A780A4F898812B7C03F0030329
:10D07000012B00F0B480B4F89C31002B00F0BA8092
:10D08000B34240F215819B1B9BB2062BA4F89C3146
:10D090008CBF0023012300229846E28594F83A20B1
:10D0A000314663F3820284F83A2020460DF12702CC
:10D0B00001F0BCFF743000F0F580B4F896312BB16C
:10D0C000B34240F2C4809B1BA4F89631B4F892316D
:10D0D0002BB1B34240F2B4809B1BA4F8923194F878
:10D0E000E930E58D03F00103B8F1000F0AD1AF423A
:10D0F00000F0A2800135ADB23BB9002D4CD04346C3
:10D10000414634E00135ADB283B394F8E93094F987
:10D11000372023F00103002A84F8E930C0F284802C
:10D1200094F88C00C0F3C00100F0070006F00AFF7D
:10D1300094F88C2094F88D1002F003030933C2F3A5
:10D140004002DB00D340E28B02F23F12134401F0B5
:10D1500003020932C1F34001D200CA40134461689E
:10D160001844814280F09980431A60600021A28CAB
:10D17000246901935C4B0332059300230291184606
:10D180000121CDE903580694D2B20093FCF7FAFAD4
:10D1900010F0FD0F40F090800AB0BDE8F0813D2313
:10D1A000984684F86C31414620460AB0BDE8F0410B
:10D1B000FFF7C2BE2B7C03F00303012B0FD0B4F8A2
:10D1C0009831002B3FF457AFB34273D99B1BA4F89F
:10D1D0009831B4F89C31002B7FF452AF02E0002369
:10D1E000A4F89C31002359E70023A4F89631A4F851
:10D1F00092312AE7E38C42F21071052B8BBF40F28B
:10D20000E2424FF4FA725A4303FB0222B4F89A3115
:10D2100001FB0323013BB3FBF2F39BB2A4F89C3167
:10D22000002B7FF42DAFDDE794F88D00012100F095
:10D23000070006F089FE7BE7002BADD0454664E78A
:10D2400000232046A4F8923101F064FF47E7FDF780
:10D2500095F80146002836D00023A4F896311B2308
:10D26000A28C0371C2800068FDF75AF82EE7218D69
:10D27000B4F894218B1D9A42D2BF1346931F5B1AB8
:10D28000B4F89011C8BF9BB2994220D0A4F8903155
:10D29000A4F89231A4F89621D7E6091A60601CD050
:10D2A000002364E720469DF82710FFF745FE73E74B
:10D2B000082179E73E2177E7FDF7A2F884423FF4A1
:10D2C0006BAF00DE68E70123A4F89631FEE6B4F800
:10D2D000961100297FF4B9AEDAE70DB10B4646E7A7
:10D2E000B8F1000FDCD157E7C9C7000038B50546D3
:10D2F0000120FFF7E3FD05F1EC0001F0ADFCA8B162
:10D30000044603790A4803F00303032B0CBF2346AA
:10D3100000232360FBF7AAF830B1214605F19402FF
:10D32000BDE83840FBF7FCB800DEF6E738BD00BFCB
:10D330004833002021B3F8B54D1EEDB200F1EC07E3
:10D3400000F1940613E023790E4803F00303032B46
:10D350000CBF234600232360FBF788F870B1013D22
:10D3600032462146EDB2FBF7DBF8FF2D05D03846FB
:10D3700001F072FC04460028E5D1F8BD00DEEEE7BE
:10D38000704700BF483300200149FBF783B800BF56
:10D3900048330020014B93F8290270477076002033
:10D3A00000B50A4B93F828C293F829E2F4450BD054
:10D3B00080F800E033F83C0003EBCC0308805B68A6
:10D3C000136018685DF804FB0020FBE7707600200E
:10D3D000074B93F828C2844508D003EBCC0033F800
:10D3E0003C300B804368136018687047002070471A
:10D3F00070760020094A92F8281292F829328B425E
:10D4000009D04B1CDBB2452B08BF002352F831007A
:10D4100082F8283270470020704700BF70760020E5
:10D4200000B50D4A92F829C292F828E20CF10103E6
:10D43000DBB2452B08BF00239E4509D022F83C00F3
:10D4400002EBCC0CCCF8041082F829325DF804FB16
:10D4500000DE00231B80FFDE7076002070B553795C
:10D46000144605460E46002B39D0237903F00302FB
:10D47000032A0CD04FF6FF72954204BF23F003033A
:10D48000237121462846BDE87040FCF789BF4FF65E
:10D49000FF739D4206D13368A3421AD0002BF0D00F
:10D4A00000DEEEE7EDB92A464FF4D8711148FBF7DC
:10D4B00005F8E0B1214602F041F83368A342EDD10E
:10D4C00000224FF4D8710B48FAF7F8FF08B1838CAB
:10D4D00003B100202146BDE8704001F0A1BD00DE8F
:10D4E000C3E700DE0020214602F028F8D3E700DE83
:10D4F000E0E700BF2811002090F87C20B0F8403011
:10D50000C2F30212022A14BFDB089B0890F896208F
:10D5100014BF0A3B0B3B9BB2D20648BF043B808F33
:10D5200048BF9BB2984228BF18467047704700BF5B
:10D5300090F86A3143F0020380F86A31704700BF07
:10D5400090F86A3123F0020380F86A31704700BF17
:10D55000B0F86831B0F82C21981880B2704700BF3D
:10D560000278038E12B1581E80B27047418DB0F818
:10D570002C215818104480B2704700BF2DE9F04F9D
:10D5800004468DB0CDE90A13B0F86851B0F82C31DB
:10D5900090F88C00BDF864A0C0F3C00100F0070053
:10D5A0001D44BDF85890BDF85C80BDF860B0D4F85B
:10D5B000247106F0C7FCE28CADB2A5EB0A06052A81
:10D5C0008646B6B240F2D98040F2E24312FB06F240
:10D5D00092B2B9F1050F40F2AE80962007214FF0CC
:10D5E0009616208484F86610A4F86C00A4F87400E1
:10D5F00084F86E10B4F8520084F87610B4F8501025
:10D600004FF00B0C01446548E661C4F86260A06607
:10D6100020674E4640F2E24001F2D511A4F878C0EE
:10D62000714403FB02F200FB06F6BF1A013A3244D2
:10D63000B2FBF6F2608DB4F868316160B4F82C1179
:10D64000AAEB05050B441544014494F83700ADB22C
:10D650002B4492B20D44C00906FB0277A4F868314E
:10D66000658565D10B9D013531462046A4F826908D
:10D67000A4F82880A4F89AB101F004FD484B218D4C
:10D680003344B3FBF6F3881D9AB29042A4F8942178
:10D6900004D2C1F57F41FA310A4492B20A9BA4F840
:10D6A000902113B10023A4F89C310221012009F03C
:10D6B000F1F90022022181460120FAF777FF4FF4A9
:10D6C000D87238492046FAF7FDFE374B00F10308BF
:10D6D0005FFA88F8009342463B46012100200194FE
:10D6E000FCF7D2F810F0FD0F56D1009500204FF650
:10D6F000FE75CDE902052D4D019607952C4D089438
:10D700000694059565683B46424601210495FCF761
:10D710001DF810F0FD0F3DD1B9F1000F34D194F890
:10D720006A3143F0010384F86A310DB0BDE8F08F2F
:10D7300000DE002598E7072184F8661084F86E1053
:10D7400084F8761034214FF03416962021840B2172
:10D75000E661293EA6662667164EA4F86C00C4F85A
:10D76000626009F10106A4F87400A4F878104FF47F
:10D77000FA7040F21311B6B253E7013212FB06F20F
:10D780004FF4FA7392B224E7012202211046FAF70D
:10D790000DFFC4E700DEBFE700DEA6E70B00960042
:10D7A0007FC3C9012811002089C7000071C700008C
:10D7B0002D1E0100340096000B4610B504461A6871
:10D7C0003230C4F832201B7905210371FBF740F891
:10D7D00094F8373060F3050384F8373010BD00BF8C
:10D7E00040F6480CB0F85430A1F800C0634528BF9B
:10D7F0006346B3F5A47F38BF4FF4A473138070471A
:10D8000030B5B0F84420C18F03468A4228BF0A468B
:10D8100090F88D00B3F8481000F00700B3F842C04C
:10D820001B2A38BF1B22042814BF4FF4A4704FF4E6
:10D830002960614528BF6146814238BF0146B3F87F
:10D840005250B3F84E408D4243D0A242A3F852103A
:10D8500001D0A3F84E20012093F8E92042F0020203
:10D8600083F8E920B3F84620998F93F88CC08A4258
:10D8700028BF0A460CF0070CB3F84A10B3F8405022
:10D880001B2A38BF1B22BCF1040F14BF4FF4A47C29
:10D890004FF4296CA94228BF2946614538BF61462B
:10D8A000B3F85040B3F84CE08C4216D07245A3F860
:10D8B000501001D0A3F84C2093F8E92022F0020286
:10D8C00083F8E920012093F8E920024383F8E92056
:10D8D00030BDA242BDD10020C4E77245EAD193F821
:10D8E000E91041EA510202F0010221F003010A436A
:10D8F00083F8E9200028E5D130BD00BF10B5B0F8AD
:10D900004420C18F03468A4228BF0A4690F88D0002
:10D91000B3F8481000F00700B3F842401B2A38BFA4
:10D920001B22042814BF4FF4A4704FF42960A142B5
:10D9300028BF2146814238BF0146B3F852E0B3F810
:10D940004EC08E450DD09445A3F8521001D0A3F8D7
:10D950004E2093F8E920012042F0020283F8E920EA
:10D9600010BD9445F3D1002010BD00BF10B5B0F834
:10D970004620818F03468A4228BF0A4690F88C00D1
:10D98000B3F84A1000F00700B3F840401B2A38BF34
:10D990001B22042814BF4FF4A4704FF42960A14245
:10D9A00028BF2146814238BF0146B3F850E0B3F8A2
:10D9B0004CC08E4514D06245A3F8501001D0A3F896
:10D9C0004C204FF0010C604693F8E910C1F340027F
:10D9D00042EA0C0221F003010A4383F8E92010BD5A
:10D9E0006245ECD193F8E910002001F0010CEDE75D
:10D9F00040F648039A4228BF1A46FB2928BFFB215C
:10DA0000B2F5A47F944638BF4FF4A47CA0F854200C
:10DA1000A0F85610A0F842308187A0F840C07047A7
:10DA200070B540F648042F4B2F4D1B88B5F800E029
:10DA3000A34228BF2346BEF1FB0F28BF4FF0FB0EC9
:10DA4000B3F5A47FA0F8543038BF4FF4A47300227C
:10DA5000A0F8403090F88D304FF01B0C03F0070316
:10DA6000042BA0F856E0A0F83CE014BF4FF4A47ECD
:10DA70004FF4296EC2640265A0F8582001F0030239
:10DA800002F12803A0F84EC0DB00C1F3400C02F500
:10DA9000847190F8E92023FA0CF3734542F00202F6
:10DAA00080F8E9204FF0FB069AB24FF01B1538BF03
:10DAB0007346C900044621FA0CF1A0F84820A0F8EA
:10DAC0004A20A0F85230C6874564A0F84210FFF7FC
:10DAD0004DFF012294F8E93084F85820134384F86C
:10DAE000E93070BDF88A0020FA8A002030B5B0F81D
:10DAF0005A200346B0F85C00342A38BF34224FF075
:10DB0000000C342838BF342093F88C1062F30F0CCB
:10DB100001F0070593F85E4093F88D1060F31F4CF9
:10DB200001F0070EC3F882C0B3F86010A3F85C00E0
:10DB3000A3F85A2004B951B311F0080083F88640C5
:10DB4000A3F8881025D0588C5A84801A18BF012059
:10DB500011F0010F17D093F937C001F00201BCF1A9
:10DB6000000F26DB14EA0E0F38D171B12C420CD015
:10DB7000998B914275D09A83002283F85E20A3F896
:10DB80006020012030BD89073DD40028F4D1002059
:10DB900030BD11F0010CDED18907F8D593F93710AB
:10DBA000002948DB2C42F2D0998B9142E3D19A8331
:10DBB000EDE72C423AD09D8B9A83954236D00029CE
:10DBC000DAD014EA0E0FD7D0D88B962A114638BF78
:10DBD0009621904225D1DA831984CDE7B3F81EE06F
:10DBE000962A944638BF4FF0960C964530D00020C8
:10DBF00062F30F006CF31F40C3F81E000029BBD076
:10DC00002C42B9D0B7E793F937100029AEDA14EAFD
:10DC10000E0FBAD0DC8B962A114638BF962194425B
:10DC20001AD042EA0142C3F81E20A5E70029EED12E
:10DC30000028ACD0A0E714EA0E0FA8D0D88B962A03
:10DC4000114638BF96219042EBD1DA8319849EE7C2
:10DC5000A3F820C0DA8388E7DA831984002896D0F5
:10DC60008AE79A83002892D086E700BF80F85E306A
:10DC7000A0F85A10C38B818BBDF800C08B4238BF0F
:10DC80000B46934238BF1346A0F860C0A0F85C3042
:10DC9000704700BF70B5034607224FF096149621D7
:10DCA0004FF0030E4FF00B0C0E4D0F4EA3F888E013
:10DCB000A3F878C0DC615984C3F85A60C3F8824085
:10DCC000C3F8624083F8862083F866209D66A3F837
:10DCD0006C1083F86E201D67A3F8741083F876200B
:10DCE000002070BD0B0096003400980008B500229B
:10DCF000D0E92401FAF71EFCB0FA80F0400908BD13
:10DD000010B400248A690B468C61E2B103211171C1
:10DD1000818C02F11C04D18093F8201039B91B7A50
:10DD2000052B0CD0062B06D000DE10BC7047204619
:10DD300010BC02F0B5BC1A23137110BC704720460A
:10DD400010BC02F08FBC00DEE0E700BFF8B50D4666
:10DD5000044600F1A706334600223B3105F12B00B3
:10DD600008F0DCFFD4F8A77000220026C4F8C870C1
:10DD70000027D4F8B330D4F8AF10C4F8D430D4F8B6
:10DD8000C430D4F8AB00C4F8E53094F8E030C4F8FF
:10DD9000D01043F0010384F8E03094F8BF30D4F899
:10DDA000C01062F30003C4E93667C4F8CC00C4F8BD
:10DDB000E1102046294684F8B72084F8B82084F87A
:10DDC000B92084F8BA2084F8BB2084F8BC2084F8F9
:10DDD000BD2084F8BE2084F8BF3001F02BF8064641
:10DDE000B8B1301D02F03EFCF37931466B7320462A
:10DDF00001F036F8204602F099F940F206636B8193
:10DE000094F8A63023F0180343F0180384F8A630E2
:10DE1000F8BD00DEE5E700BF70B50C46897A05461F
:10DE200082B00A2900F23F81DFE801F00A1D2225B5
:10DE3000799F4858676A0600002A66D002B070BD14
:10DE4000002AFBD1237A0121062B28464AD001F073
:10DE50000BF82146284600F0E5FF002840F0C4807A
:10DE60000223A372EAE7002AE8D101212846EEE75F
:10DE7000002AE3D1EDE7012A00F0A180042ADDD1D8
:10DE800001212846009301F003F8009BDA780D2A5F
:10DE900000F0F780112A00F0FE8000DE1F2384F8D6
:10DEA0002030284603F088FD21462846FFF728FF4A
:10DEB000284602F0EFF90023A372BFE7032ABDD181
:10DEC00000260121284600F0E3FF2846FFF738FB33
:10DED000284684F8206003F06FFD3CE0002AADD1B5
:10DEE0000121284600F0C0FF2146284600F09AFF95
:10DEF000002845D10823A372A0E7002A9ED1F3E7AA
:10DF0000062A9BD12846FFF713FB2146284600F03E
:10DF100089FF002840F091800A23A3728EE7022A2D
:10DF200026D0042A8AD101212846009300F0B0FFB0
:10DF30002846FFF705FB009BDA780D2A00F0998050
:10DF4000112A00F0A68000DE1F23284684F8203026
:10DF500003F032FD0026214628462673FFF7D0FE47
:10DF6000284602F097F9A67268E7002A7FF466AFA8
:10DF70002146284600F056FFD0B90523A3725DE77D
:10DF80002146284600F056FF0646002800F087800C
:10DF9000301D02F071FBF37931466373284600F0BF
:10DFA0005FFF284602F0C2F840F60933638145E777
:10DFB0002146284602B0BDE87040FFF7C7BE28469C
:10DFC000CDE90023FFF7B4FA40F20451019B009A17
:10DFD0005E689868C4F84360C4F84700DB68C5F819
:10DFE000C4302273618129E72146284600F022FFD0
:10DFF0000646002851D02046311D02F00FFBF37970
:10E0000031466373284600F02BFF284602F08EF855
:10E0100040F203432846D6F81620D6F81210C4F86A
:10E020003F20C4F83B10D6F81A20C5F8C020638101
:10E0300002B0BDE8704003F0BBBC2146284600F0AA
:10E04000F9FE064668B3301D02F020FBF379314635
:10E050006373284600F004FF284602F067F84FF685
:10E060000173638195F8A63023F0180385F8A63074
:10E07000E4E61B79062B3FF468AF1A2B3FF465AF3B
:10E0800062E71B79062B3FF40AAF1A2B3FF407AF68
:10E0900004E75B79EEE75B79F4E700DEABE700DEEF
:10E0A00076E700DECFE700DEC8E600BF92F81FC0CB
:10E0B00002F11C03ACF104020D2A08D8DFE802F0DB
:10E0C0000E14170707070711070B0707070B3D2358
:10E0D00080F86C3170470422FFF79EBE0122FFF7E3
:10E0E0009BBE0622FFF798BE0222FFF795BE0322D1
:10E0F000FFF792BE13460022FFF78EBEF0B50E4624
:10E1000083B00DF1060201A90446B0F85050B0F8F2
:10E110005270FFF765FB96F82D2012BB96F82C3055
:10E12000002B5BD1B4F85030AB420ED3BDF80620C3
:10E130009A420AD3B4F85230BB4206D3BDF8042049
:10E140009A4202D3002003B0F0BD012094F8E930D8
:10E15000A4F850500343A4F8527084F8E93003B097
:10E16000F0BD94F93700002802DB96F82C30EBB1B3
:10E1700094F88C1094F84C5001F003032B440D33A9
:10E18000DB00C1F34001CB409BB2B3F5A47F38BFA5
:10E190004FF4A473BDF806509D4228BF1D4612B32C
:10E1A000002803DA96F82C30002BBBD094F88D2091
:10E1B00094F84E1002F003030B440D33DB00C2F35E
:10E1C0004002D3409BB2B3F5A47F38BF4FF4A47391
:10E1D000BDF804709F4228BF1F46A3E794F937009B
:10E1E0000028C5DAE2E796F82C30002B9AD00028F8
:10E1F00098DADBE710B500230C468969A36131B3D7
:10E2000094F82130DB071DD50B792E2B1DD11D2352
:10E210000B71838CCB8094F828300B7790F88D307D
:10E22000C3F302038B7790F88C30C3F302034B7770
:10E230000868FCF775F894F8213023F0010384F89E
:10E24000213010BD01230B71F2E700DEDFE700DEB5
:10E25000D6E700BF38B591F821300C469B074D6AD0
:10E2600003D4BDB101232B7108E0A5B103232B71A9
:10E27000838C05F11C01EB8002F0A2FB2946286883
:10E28000FCF74EF8002294F82130626223F002037A
:10E2900084F8213038BD00DEE8E700BF91F8202087
:10E2A00030B5940742D402F0070313F0010537D1CB
:10E2B000A3F10403B3FA83F35B094FEA830E7546B7
:10E2C00091F8203065F3020381F82030C3F3C202D5
:10E2D000DB062ED412F0010425D1A2F10402B2FA19
:10E2E00082F252094FEA820C644691F8203064F3BE
:10E2F000C50381F8203090F88C3003F00703AB425F
:10E3000008BF4FF0000E81F82CE090F88D3003F03C
:10E310000703A34208BF4FF0000C81F82DC030BDA9
:10E320004FF0010ECCE74FF0010CDEE70225AE46C0
:10E33000C6E70224A446D8E7F8B5CB690C460646E2
:10E34000002B67D0637B162B2FD196F93730002B2B
:10E350002BDB0023E569E36165612F1D94F8203014
:10E3600096F8A421C3F3C20363F3C50286F8A4217F
:10E3700094F8202096F8A431394662F3020386F817
:10E38000A43194F8203096F88C20C3F3801363F303
:10E39000C302204686F88C2002F0A8F902213046FC
:10E3A00000F062FD0223A37215E000F04FFD10B9EA
:10E3B0000723A372F8BD00F051FD606260B3002234
:10E3C000637BE569162B656105F10407E261C5D041
:10E3D000182B09D000DE3046294600F041FD3046BA
:10E3E000BDE8F84001F0A2BE21463046FFF756FFD7
:10E3F000A38D43B963853946204602F09BF94FF659
:10E4000005736381E7E7FFF7ABF8338D0633034409
:10E410009BB2EFE700DE95E700DED0E738B50546B2
:10E420000C4601F07BFE10B10423A37238BD2146D7
:10E43000284600F0F7FC0028F6D005F1EC0000F0CB
:10E4400009FC0028F0D12846FFF750FC0028EBD04B
:10E45000182321466373284600F0ECFC0346E36171
:10E4600021462846BDE83840FFF766BF38B5054667
:10E470000C4601F053FE10B10123A37238BD2846AB
:10E4800003F084FA0028F7D12146284600F0CAFCA0
:10E490000028F1D0284603F077FA0728ECD0284668
:10E4A000012103F06BFA28460D2103F06BFA1623C5
:10E4B00021466373284600F0BDFC0346E361214614
:10E4C0002846BDE83840FFF737BF00BF90F88C30D2
:10E4D00010B403F00702042A0CBF0222C3F30202A5
:10E4E00090F88D3018BF02F1FF3203F0070118BF1A
:10E4F000D2B200EBC202042918BFC3F30203B2F880
:10E50000681016BF03F1FF330223DBB201F00204EF
:10E51000C9071DD590F93710002914DB002C39D01C
:10E52000B2F862200C33A0F88220828300EBC30291
:10E530001289D10719D4910703D590F93720002A01
:10E5400013DB10BC7047B2F86210A0F88210818310
:10E550009CB190F937100029E2DA0C3300EBC302CA
:10E560001289D107E7D59207EBD500EBC3035B888F
:10E5700010BCA0F88230C38370470C3300EBC30299
:10E580001289D407D7D590F937100029EDDA920710
:10E59000EBD4D6E70C3300EBC3021289D407E4D4E2
:10E5A000C9E700BFF0B50C46897A054683B0092952
:10E5B00000F2DD80DFE801F005051E295059DB7906
:10E5C000820A002A00F0CC8003B0F0BD042AFBD1FF
:10E5D00021462846FFF70EFE21462846FFF73AFE61
:10E5E000284601F057FE0021284603F0CBF900230E
:10E5F000A372E9E7032AE7D195F83730DB0940F049
:10E60000B68041F203736381DEE7012A00F0B28035
:10E61000062AD9D10021284603F0B0F9D5F84831AF
:10E62000204623F48073C5F8483100F03DFC1A22DF
:10E6300094F8213084F8282043F0010384F8213035
:10E6400095F88C200926134662F3061385F88C3062
:10E6500002212846A67223E0002AB5D12146284689
:10E6600003B0BDE8F040FFF7D9BE032AACD195F95D
:10E670003730002BC0F2E380A68D002E00F0B28070
:10E6800094F82C302BB195F88C2063F3061285F8A2
:10E690008C20284601F054FD082302212846A3724D
:10E6A00003B0BDE8F04000F0F3BB002A8CD1214656
:10E6B000284603B0BDE8F040FFF73EBE002A83D1F4
:10E6C0002846FEF745FF638DC01A03043FF57CAF73
:10E6D00095F93730002BC0F2A78094F82D2095F8DB
:10E6E0008D0012F0030294F82C3095F88C1000F095
:10E6F00007061CBF62F3020085F88D0013F00303C8
:10E7000001F0070140F0868095F88D3003F0070393
:10E710009E4200F0898021462846FFF7EFFC024622
:10E7200094F82130284662F3410384F82130FFF742
:10E73000CDFE002103F022F90022012384F82820D5
:10E7400094F82120092163F3000284F8212095F830
:10E750008C20134662F3061385F88C30A17233E7E0
:10E760002146284603B0BDE8F040FFF77FBE00DE3B
:10E7700003B0F0BD02212846019303F0FFF8019B8E
:10E7800094F820201946204602F00707C2F3C2067B
:10E7900001F0E4FF0221284600F066FB94F82030E7
:10E7A0001946C3F3C20306EA030262F3C5010B462E
:10E7B0000F4067F3020384F8203095F93730002BBF
:10E7C0000CDB94F8203013F0380F01D05A0705D134
:10E7D00094F8203023F03F0384F82030204600F0E6
:10E7E00063FB3BE73146284603F0C8F894F8202045
:10E7F00094F82110D20962F3000184F8286084F8AB
:10E80000211095F88C1009230A4661F3061285F849
:10E810008C2042E795F88C20994263F3020285F838
:10E820008C207FF478AF6FE70021284603F0A6F82C
:10E83000002294F8203084F82820DB0980E700DEED
:10E840001AE700BF70B5CB690C460546D3B100F09E
:10E85000FDFA10B90723A37270BD00F0FFFA6062E1
:10E8600008B30022637BE669182B6661E2610BD076
:10E8700000DE2846314600F0F3FA2846BDE8704035
:10E8800003F09EB800DEE2E721462846FFF706FDCA
:10E89000A38D53B963852046311D01F04BFF4FF620
:10E8A00005736381E5E700DEDBE7FEF759FE2B8D9C
:10E8B000063303449BB2EDE738B505460C4603F03A
:10E8C0006FF810B10423A37238BD2146284600F02A
:10E8D000A9FA0028F6D0284603F056F80728F1D008
:10E8E00005F1EC0000F0B6F90028EBD12846FFF75F
:10E8F000FDF90028E6D028460D2103F043F818233F
:10E9000021466373284600F095FA0346E3612146E9
:10E910002846BDE83840FFF795BF00BF70B50C46EC
:10E92000897A06461546092906D8DFE801F0070C62
:10E930000505464D056970B900DE70BD002DFCD19E
:10E940000123A37270BD1946204601F0E5FE94F83C
:10E95000202096F8A431C2F3C200C3F3C2010140E3
:10E96000C2F30200034043EAC10322F03F02134313
:10E9700084F8203096F93730002B0BDB94F82030E8
:10E9800013F0380F40F0A08094F8203023F03F03BC
:10E9900084F820300221304600F066FA012DCCD1F7
:10E9A00096F83730DB09C7D1204600F07DFA2146C2
:10E9B0003046BDE87040FFF77FBF002DBDD1214636
:10E9C000BDE87040FFF778BF022DB6D190F937301F
:10E9D000002BC0F29180A38D002B00F0828094F870
:10E9E0002C302BB196F88C2063F3061286F88C201D
:10E9F0000823A3723046BDE87040022100F048BAF7
:10EA0000002D9AD12146BDE87040FFF71BBF002DB5
:10EA100093D1FEF79DFD638DC01A03048DD484F855
:10EA2000285096F93730002B64DB94F82D2096F8A7
:10EA30008D0012F0030294F82C3096F88C1000F040
:10EA400007051CBF62F3020086F88D0013F0030374
:10EA500001F007013CD196F88D3003F007039D4289
:10EA600048D021463046FFF749FB024694F8213052
:10EA7000304662F3410384F82130FFF727FD01227D
:10EA800094F82130092162F3000384F8213096F8CC
:10EA90008C20134662F3061386F88C30A17270BD89
:10EAA000042D7FF44AAF2146FFF7A4FB21463046F0
:10EAB000FFF7D0FB304603F0EBF80021304602F0C0
:10EAC00061FF0023A37270BD5A077FF463AF5BE759
:10EAD00096F88C20994263F3020286F88C20C0D10C
:10EAE000B9E796F88C1009230A4661F3061286F8F6
:10EAF0008C207EE70022C3E700DE6CE710B592F8B9
:10EB00001FE002F11C03BEF1110F13D0BEF1170F6D
:10EB10000BD0BEF1070F12D0242380F86C310C46C5
:10EB200001F0B8FB0023A37210BD0122BDE8104024
:10EB3000FFF738BD0522BDE81040FFF733BD0622C0
:10EB4000BDE81040FFF72EBD13460022FFF72ABD97
:10EB500013460322FFF726BD38B58B7A082B03D85E
:10EB6000062B00D100DE38BD092BFBD105460C4633
:10EB7000FFF740FB21462846FFF76CFB284601F0D3
:10EB800089FB0021284602F0FDFE0023A37238BD58
:10EB900092F81FC01346BCF1160F09D0242310B5FC
:10EBA00080F86C310C4603F073F80023A37210BD9B
:10EBB00001221C33FFF7B2BE13460022FFF7AEBEA0
:10EBC00013460222FFF7AABE00230422FFF7A6BEC7
:10EBD0000023C0E90133C0E903330370704700BF6D
:10EBE000037801330370704703785BB9C3687BB166
:10EBF00002691AB1816861B10B6082600023C0E9CB
:10EC000003337047013BDBB20370002BEED070473B
:10EC100070474360F1E700BF03783BB100230C303D
:10EC20000B60436843B119604160704700230430B2
:10EC30000B604368002BF6D1C0E90011704700BF9C
:10EC400000230B60836813B1196081607047C0E9CD
:10EC500001117047406870470346406828B19968C1
:10EC6000026888425A6008BF9A6070474078A0F1F5
:10EC70000200B0FA80F04009704700BF4078A0F170
:10EC80000D00B0FA80F04009704700BF4078A0F155
:10EC90000100B0FA80F04009704700BF4078A0F151
:10ECA0000900B0FA80F04009704700BF4078A0F139
:10ECB0000600B0FA80F04009704700BF4078A0F12C
:10ECC0001800B0FA80F04009704700BF4078A0F10A
:10ECD0000300B0FA80F04009704700BF4078A0F10F
:10ECE0000800B0FA80F04009704700BF4078A0F1FA
:10ECF0000500B0FA80F04009704700BFF8B506463D
:10ED000008460D46F9F7B2FB044680B1002745607E
:10ED100006722C223946C4E90577203012F0EFFE46
:10ED20004FF47F43FF22A77363816272A381204661
:10ED3000F8BD00BF4078A0F10200B0FA80F04009B1
:10ED4000704700BF4078A0F10200B0FA80F040099F
:10ED5000704700BF4078A0F10200B0FA80F040098F
:10ED6000704700BF4078A0F10100B0FA80F0400980
:10ED7000704700BF4078A0F10100B0FA80F0400970
:10ED8000704700BF4078A0F10100B0FA80F0400960
:10ED9000704700BF4078A0F10900B0FA80F0400948
:10EDA000704700BF4078A0F10900B0FA80F0400938
:10EDB000704700BF4078A0F10900B0FA80F0400928
:10EDC000704700BF4078A0F10600B0FA80F040091B
:10EDD000704700BF4078A0F11800B0FA80F04009F9
:10EDE000704700BF4078A0F10300B0FA80F04009FE
:10EDF000704700BF4078A0F10300B0FA80F04009EE
:10EE0000704700BF4078A0F10300B0FA80F04009DD
:10EE1000704700BF416809B1F9F73CBB00DE4168AB
:10EE2000F9F738BB024B1868003818BF012070474B
:10EE3000C804002010B50448F9F718FB0446043054
:10EE4000FEF774FB204610BDC804002008B5012061
:10EE5000FBF77AFA003818BF012008BDFBF78EBA1D
:10EE6000EC30FFF7EDBE00BF38B590F85E310546D7
:10EE70000C461BB11C4385F85E4138BDEC30FFF7F2
:10EE8000AFFE95F85E311C4385F85E4138BD00BF8A
:10EE900090F85E3123EA010180F85E1101B17047FC
:10EEA000EC30FFF7A1BE00BF836943B11A792E2A67
:10EEB00004D02E221A71836902691A60704700DE3D
:10EEC0008369F3E783694BB11A792E2A00D0704722
:10EED00001221A7181690868FBF722BA00DE836992
:10EEE000F2E700BF8B6913B11A792E2A0BD00B7A87
:10EEF000072B16D0CB692BB1D0F864211A60CB69EF
:10EF0000C0F86431704701221B68D0F860C1C3F8B3
:10EF100004C08B691A718B69C0F860310B7A072BBA
:10EF2000E8D14B6A002BE5D001221B68D0F860C104
:10EF3000C3F804C04B6A1A714B6AC0F86031D9E754
:10EF400070B505460C48F9F791FA044688B10026D9
:10EF5000094B057243602C223146C4E90566203016
:10EF600012F0CDFD4FF47F43FF22A67363816272DE
:10EF7000A381204670BD00BFB804002010B50A4B25
:10EF8000022258685021F9F74DFA084B01225868BF
:10EF90005021F9F747FABDE81040054B04222C2117
:10EFA0005868F9F73FBA00BFC0040020B804002039
:10EFB000C804002038B50446002501F03FF920467A
:10EFC000C4E9405584F80C5102F044FEC4F83051B5
:10EFD000C4E9445584F81E51A4F81C51A4F82051EA
:10EFE000C4F83351A4F85051C4F83851C4F83C5116
:10EFF000C4F84051C4F84451C4F84851C4F84C51C5
:10F00000FAF7D2FC94F8A630C4E95201C4E9585585
:10F0100023F0180384F8A63084F85E51258638BDA5
:10F0200008460149F9F736BAC804002010B5B0F80F
:10F030000A41034682B024B1A1420FD2641AA0F85B
:10F040000A41B3F81A0120B1814210D2401AA3F844
:10F050001A0100231846137002B010BD019201F08E
:10F0600001F8019A034658B1197A0A2903D02223DC
:10F070006FF07300EFE76FF0730093F82030EAE76A
:10F0800000DEF1E7034B0B44B3FBF1F3A0F82031B2
:10F09000704700BFFF59620210B5044602F0E2FD5E
:10F0A0002046BDE8104001F0D1B800BF10B50446BD
:10F0B00049B1012900D010BD02F01EFE2046BDE876
:10F0C000104001F019B902F003FE2046BDE81040DF
:10F0D00001F004B938B5D0F86041054634B1206874
:10F0E00021464468FBF710F9002CF8D10023D5F82D
:10F0F0006441C5F8603134B1204624680449F9F709
:10F10000C9F9002CF8D10023C5F8643138BD00BF1F
:10F11000C804002010B5074904460120FFF7EEFDA2
:10F1200028B10146204600F06DFF002010BD0C20E4
:10F1300010BD00BFC004002038B504460D460220B3
:10F140000849FFF7DBFD58B1014690F82030204612
:10F1500065F3000381F8203000F054FF002038BD33
:10F160000C2038BDC004002010B507490446042017
:10F17000FFF7C4FD28B10146204600F043FF002000
:10F1800010BD0C2010BD00BFC0040020F8B51C4607
:10F1900090F93730002B25DB05460F460520124934
:10F1A0001646FFF7ABFD0146E0B13A687B68C1F84F
:10F1B0002120C1F825303378284681F8293073782A
:10F1C00081F82A3026686568A268E368C1F82B6078
:10F1D000C1F82F50C1F83320C1F8373000F012FFCA
:10F1E0000020F8BD0C20F8BDC0040020F8B51C4676
:10F1F00090F93730002B25DB05460F4606201249D3
:10F200001646FFF77BFD0146E0B13A687B68C1F81E
:10F210002120C1F825303378284681F829307378C9
:10F2200081F82A3026686568A268E368C1F82B6017
:10F23000C1F82F50C1F83320C1F8373000F0E2FE9A
:10F240000020F8BD0C20F8BDC00400202DE9F041DD
:10F25000054688460720104917461C469DF8186049
:10F26000FFF74CFDA8B10146E30008F0070803F0E2
:10F270003803BF0143EA080307F040073B4343EA72
:10F28000C613284681F8203000F0BCFE0020BDE8FF
:10F29000F0810C20BDE8F081C004002038B50446A0
:10F2A0000D4601F06DF8204602F0AEFD0A20074938
:10F2B000FFF724FD38B10146204681F8205000F0C8
:10F2C000A1FE002038BD0C2038BD00BFC0040020C6
:10F2D00038B590F93730002B12DB04460D460B2071
:10F2E0000849FFF70BFD014650B12B68C0F82230EA
:10F2F0002B79204681F8263000F084FE002038BDAE
:10F300000C2038BDC004002008B590F93730002B20
:10F3100008DB00F0A7FE20B1037A0B2B14BF0020FE
:10F32000223008BD02F038FBF5E700BFF8B5D0F891
:10F3300048319B0601D40020F8BD04460D460C2040
:10F3400008491646FFF7DAFC074648B12946204629
:10F350003246FEF74DFB3946204600F053FEEAE701
:10F360000C20F8BDC00400202DE9F043914283B089
:10F37000BDF8289021D81F4642F210739A421446D5
:10F380001BD80D46064610491220FFF7B7FC8046F1
:10F39000B8B13B46224629463046CDF80090FEF7EC
:10F3A00065FCF38B3046AB42414688BFF58300F0E5
:10F3B00029FE002003B0BDE8F083122003B0BDE8B1
:10F3C000F0830C20F6E700BFC00400202DE9F041D7
:10F3D0000C4615461E46BDF81870FDF799FA38B16F
:10F3E00033462A4621460697BDE8F041FFF7BCBFE9
:10F3F0000220BDE8F08100BF2DE9F0410446D0F8BD
:10F4000048011D4683070F469046BDF8186016D484
:10F4100094F93730002B1DDB23490820FFF76EFCE1
:10F420000146002934D00B7A082B0ED0092B14D0BA
:10F4300000DE204600F0E6FD0020BDE8F0811A491C
:10F440000920FFF75BFC0146EBE7A1F828804D851A
:10F450008E85EEE71A20BDE8F081079BCF84A1F8E6
:10F4600028804D858E85ABB11B880B87079B5B88F9
:10F470004B87079B9B888B87079BDB88CB87079BEA
:10F480001B89A1F84030079B5B89A1F84230D0E787
:10F490000C20D2E74FF0FF3204484FF6FF73C1E96A
:10F4A0000E02A1F84020F0E7C00400200000FFFF9A
:10F4B00008B502F071FA28B1007AA0F10C00B0FA98
:10F4C00080F0400908BD00BF08B502F065FA28B118
:10F4D000007AA0F11200B0FA80F0400908BD00BF28
:10F4E00010B5044602F058FA10B1037A092B00D087
:10F4F00010BD01462046BDE8104002F013B900BF20
:10F5000038B505460C4602F047FA18B1027A0146B2
:10F51000092A00D038BD81F820402846BDE838408F
:10F5200002F004B908B502F037FA28B1007AA0F168
:10F530000900B0FA80F0400908BD00BF38B50546A3
:10F540000C4600F08FFD10B14369A3420ED028464F
:10F5500002F022FA10B14369A34200D038BD22461E
:10F5600001462846BDE8384002F03CBB0146224631
:10F57000284600F02DFEEAE710B5044600F072FDC3
:10F5800018B10146204600F047FE204602F004FA7A
:10F59000014620B12046BDE8104002F049BB10BD35
:10F5A0002DE9F041537F144606460D46002B3AD014
:10F5B000D37F3C2B24D9304600F054FD074630461B
:10F5C00002F0EAF90146002F68D0FA7AE37F0028BA
:10F5D00043D09342C07A52D03A7B002A4FD1072BB6
:10F5E00065D0112B74D00D2B40F086800D2802D0F1
:10F5F0000B7B002B3BD01F2386F86C31BDE8F081DC
:10F60000474A52F8232022B104F11C00904760B110
:10F61000E37F022BCFD10123224629463046BDE8A5
:10F62000F04102F085BBFF23D377304600F01AFD8E
:10F6300030B1E27FC37A9A42E0D0037B002BDDD168
:10F64000304602F0A9F9002840D0E27FC37A9A42FE
:10F65000D4D0037B002BD1D1DEE7934207D03A7B95
:10F660002AB9072B3CD0112B3AD00D2BD3D12346EE
:10F670002A4639463046BDE8F04100F065BD834278
:10F68000B9D00A7B002AB6D1072B2FD0112BEED18F
:10F690004B7B94F820209A42E9D1ACE70028BAD0FD
:10F6A00023462A463046BDE8F04102F031BA94F8CC
:10F6B00020307A7B9A4225D00728F1D00A7B002A95
:10F6C000EED14A7B9A42EBD0242395E70346A3E789
:10F6D00094F820307A7B9A421FD01128EED1DFE7D0
:10F6E0007A7B94F820309A4295D1C0E74A7B94F80F
:10F6F00020309A42BBD17EE78342D1D00B7B002BD6
:10F70000CED1E1E707283FF476AF0B7B002B7FF4E7
:10F7100072AF4B7B9342AAD16DE71128F5D16AE70E
:10F72000042E0200F8B500278D690C4606468F614D
:10F73000002D37D0012703232B71B38C05F11C0159
:10F74000EB80237A023B102B0DD8DFE803F01A0C74
:10F75000090C0C0C0C0C0C0C230C0C0C0C0C0F00DE
:10F76000637A0C2B26D000DE2FB1F8BD304601F0B5
:10F77000BDF9002FF9D129462868BDE8F840FAF70D
:10F78000CFBD637A072B09D0092BECD1304600F0AE
:10F7900087FEE9E7304601F013F9E5E7204600F07F
:10F7A00033FEE1E7FFF75AFB05460028C3D100DE30
:10F7B0000071FFDE304600F00BFFD5E738B50025BD
:10F7C0008C690B468D617CB321792E292AD13AB9F7
:10F7D0000123237121462068BDE83840FAF7A0BD17
:10F7E00003222271828C04F11C01E2801B7A0C2B13
:10F7F00010D0122B06D000DE21462068BDE838402C
:10F80000FAF78EBD01F072F921462068BDE8384054
:10F81000FAF786BD01F0D4F821462068BDE83840EB
:10F82000FAF77EBD00DED2E700DECDE770B5054613
:10F830000E46FFF7FFFA0446002857D0337A211D01
:10F84000013B112B0AD8DFE803F0181E092409092F
:10F850000909092A093109090909093700DEE3798B
:10F86000214673732846FFF7FBFA337A0A2B29D017
:10F870002846BDE8704000F059BC084600F09EFDE7
:10F880001323F372EBE7284600F0CCFD0923F37253
:10F89000E5E7084600F08AFE0C23F372DFE7304606
:10F8A00000F074FEFF237461F372D8E7284601F07C
:10F8B0005BF81523F372D2E7284601F0E9F83C2300
:10F8C000F372CCE740F2E24442F21072EB8CB5F8EE
:10F8D0009A1104FB03F302FB01310139B1FBF3F18F
:10F8E0002846BDE8704089B200F026BC00DEA5E7DE
:10F8F0002DE9F04107460C46164602F051F828B1B2
:10F9000003230025A3722846BDE8F081214638462E
:10F91000FFF788FA05460028F2D021463846FFF75F
:10F9200089FA8046002856D0237A08F10400013B6A
:10F93000112B0AD8DFE803F01E23092A0909090957
:10F940000909092F09090909093800DE98F8073063
:10F95000414663733846FFF783FA384602F030F8C1
:10F960000423A372002ECED0384602F091F9002372
:10F97000A372C8E700F02CFDFF23E372E6E701461F
:10F98000384600F06BFDFF23E372DFE700F00EFE68
:10F99000FF23E372DAE70146384600F0FBFFFF235E
:10F9A000C4F81480E372D1E797F85E305B070DD49A
:10F9B000B7F8603003F0180343B90146384601F048
:10F9C0007FF8FF23C4F81480E372BFE711223B21C4
:10F9D00000F072FEF5E700DEA6E700BF20B50B7A67
:10F9E0000546013B82B0112B18D8DFE803F0101058
:10F9F0001A2317171717173017091717171717098B
:10FA00000022284602B0BDE82040FFF771BF012266
:10FA1000284602B0BDE82040FFF76ABF00DE02B012
:10FA200020BD2846019102F033F9002301998B7221
:10FA300002B020BD90F83031002BF2D10122FFF747
:10FA400057FF0028EBD0012385F83031E7E790F924
:10FA50003730002BE3DB02238B72E0E738B50B7AFB
:10FA60000C46013B0546112B0AD8DFE803F00B19C1
:10FA70000923090909090953093309090909094D24
:10FA800000DE38BD4B7A072B1ED0132B1CD024234D
:10FA9000284685F86C3100F0FDFB0023A37238BDC9
:10FAA0004B7A072B01D0092BF1D194F82030DB07DA
:10FAB0000AD505E04B7A0C2BE9D18B69002B3DD0A0
:10FAC00021462846FFF72EFE284600F0E3FB0023E0
:10FAD000A37238BD4B7A152B24D0072BD7D1D0F881
:10FAE000483123F02003C0F8483100F0D3FB002355
:10FAF0002846A372FFF7DCFC0028C2D12846BDE8E7
:10FB000038400421FFF7C4B94B7A3C2B11D0072BA6
:10FB1000BDD1D9E700F0BEFB00221623A27285F802
:10FB20006C3138BDFDF76CFE90B9284600F0B2FB91
:10FB3000DDE7FDF7DBFF0028C6D0C1E7FFF786F958
:10FB40000028BDD1284600F0F1FA0423A37238BD85
:10FB500021462846FFF7E6FDE7E700BF70B50E7ABD
:10FB60000C46731E0546112B0AD8DFE803F00B1272
:10FB70000926090909090942095009090909095D04
:10FB800000DE70BD00F0CAFA00287BD00123A3720A
:10FB900070BD00F0C3FA0028F8D121462846FFF7CF
:10FBA00041F90028F2D021462846FFF73FFE63695D
:10FBB000002B08BF0326A67270BD90F83031002BD1
:10FBC00048D100F0ABFA0028E0D121462846FFF7E3
:10FBD00029F90028DAD021462846FFF727FE626976
:10FBE0000123002A0CBF03220222A27285F83031C1
:10FBF00070BDFFF717F90028C8D021462846FFF747
:10FC000015FE1622022384F82020A37270BDD0F8BE
:10FC100048319B0602D5FFF74BFC18B3284600F08D
:10FC200039FB0023A37270BDFFF74EFC0028F5D10D
:10FC3000284600F073FA0028A8D121462846FFF78D
:10FC4000F1F80028A2D021462846FFF7EFFD032354
:10FC5000A37270BD0C2200234A728B61BDE8704014
:10FC6000FFF7FCBE284600F059FA00288ED1214645
:10FC70002846FFF7D7F8002888D004212846FFF748
:10FC8000F3F8E0E721462846FFF7CCF800283FF4D8
:10FC90007DAF21462846FFF7C9FD6369002B0CBFE5
:10FCA00003230223A37270BD8A7A022A06D002D9E6
:10FCB000033A012A00D8704700DE70470B7A0A2BFE
:10FCC000F9D1FFF7CBBE00BF38B58B7A032B05D037
:10FCD00001D9042B00D138BD00DE38BD0C460546E5
:10FCE000D07F02F11C01831E60723A2B1FD8DFE81F
:10FCF00003F01E1E1E1E1E351E311E1E2D1F1E1E33
:10FD00001E291E1F1E251E1E1E1F1E1E1E1E1E1EFF
:10FD10001E1E1E1E1E1E1E1E1E1E1E1E1E1E1E1E03
:10FD20001E1E1E1E1E1E1E1E1E1E1E1E390000DE54
:10FD300021462846BDE83840FFF790BE284600F02F
:10FD40007FFEF5E7204600F0C9FCF1E7284600F009
:10FD500055FCEDE7284600F0EBFBE9E7204600F014
:10FD60004FFBE5E7284600F00BFFE1E738B58B7A5B
:10FD7000032B05D8012B0AD8BDE83840FFF7EEBEAB
:10FD8000042B03D10B7A0C46042B01D000DE38BDC6
:10FD90000546FFF75BF80028F9D021462846FFF713
:10FDA000C1FC284600F076FA0023A37238BD00BFDC
:10FDB00038B58B7A012B06D002D9023B022B00D832
:10FDC00038BD00DE38BD0C46D37F0546022B02F15C
:10FDD0001C0163724BD00C3BDAB22F2A2CD82F2B8C
:10FDE0002AD8DFE803F041293E29292923292E2991
:10FDF0002929292B29292929292929292929292971
:10FE00002929292929292929292929292929292962
:10FE100029292929291800F07FFE2846FDF766FECA
:10FE20000346204684F82030FFF73EF82146284656
:10FE3000BDE83840FFF7D2BD00DEF7E700F09EFBDB
:10FE4000F4E700F0D5FD04212846FFF70DF8284619
:10FE5000FDF754FD0346204684F82030FFF724F8D0
:10FE6000E4E700F03BFBE1E700F0C8FBDEE72046FB
:10FE700000F098FB08212846FEF7F6FFD6E700BF02
:10FE800070B58D7A032D00D870BD042D17D10B7A73
:10FE90000C460C2B064614D0122BF5D1FDF726FE8E
:10FEA000214694F8203040EA0302D2B23046FFF7F0
:10FEB00085FC304601F0ECFE0023A37270BD00DE2D
:10FEC00070BDFDF753FD94F82030294640EA030544
:10FED000EDB23046FEF7DCFF2A462146E6E700BFDA
:10FEE00010B58B7A0C4682B0042B1ED8DFE803F0E5
:10FEF0001710031210000B7A0A2B14D1019001F095
:10FF0000C7FE002294F820300198A27280F86C316C
:10FF100002B010BD02B0BDE81040FFF75FBD012385
:10FF20008B7202B010BD00DEE8E700DEF0E700BF34
:10FF300070B5044606F0E6FD58B1D4F8005135B16D
:10FF4000D4F804212B68AA42C4F8003121D02846F5
:10FF500070BD05460121032006F09CFD2A46064699
:10FF600001210320F8F722FBD4F8005145B1D4F861
:10FF700004212B689542C4F8003108BFC4F804314D
:10FF8000002EE4D0012203201146F8F70FFB28468B
:10FF900070BDC4F80431284670BD00BFF8B50646F0
:10FFA0000C4606F0AFFD68B1D6F80051AC421FD147
:10FFB000A3690BBB3046FFF7BBFF2046BDE8F84006
:10FFC000FEF728BF05460121032006F063FD074622
:10FFD0002A4601210320F8F7E9FAD6F80051002F4C
:10FFE000E4D0012203201146F8F7E0FAAC42DFD05A
:10FFF00000DEA369002BDDD01B792E2BDAD100DEC9
:020000021000EC
:10000000D8E700BFF8B505460C4606F07BFD40B1C9
:1000100000232360D5F80431F3B11C60C5F8044116
:10002000F8BD06460121032006F034FD01210746F4
:1000300032460320F8F7BAFA2660D5F8043173B1D6
:100040001C60C5F80441002FEAD0BDE8F840012249
:1000500003201146F8F7AABAC5E94044F8BDC5E93E
:100060004044F0E770B5054606F04CFD18B1D5F8F0
:100070000041204670BD04460121032006F00AFD20
:100080000646224601210320F8F790FAD5F80041F0
:10009000002EEED0012203201146F8F787FA204601
:1000A00070BD00BF38B50546FFF7DCFF037A044694
:1000B000013B112B18D8DFE803F0090909091919C8
:1000C0002B1F1F09250917171717170901460022AB
:1000D0002846FFF74BFEA37B03B938BD21462846CF
:1000E000BDE83840FFF75ABF00DEF4E701460022C2
:1000F0002846FDF7FFFFEEE701460022284601F003
:10010000E3FAE8E701460022284601F01DFBE2E79A
:10011000014600222846FEF717FDDCE790F80C01A7
:10012000A0F10100B0FA80F040097047B0F820312A
:10013000A0F80A31704700BFA0F80A11704700BF4D
:100140000023A0F80A31704738B50C4611461A460C
:10015000A369054613B3217A0139112921D8DFE8B3
:1001600001F00909090922222C2727093109202039
:100170002020200921462846FFF7A6FDA36923B1C8
:100180001B792E2B1CBF0023A361A37B03B938BDB1
:1001900021462846BDE83840FFF700BFA261216133
:1001A000D9E700DEEAE721462846FDF77FFFE5E7CD
:1001B0002146284601F03CFAE0E721462846FEF7B2
:1001C0009DFCDBE72146284601F0B4FAD6E700BFE4
:1001D00070B591F808C00C46BCF1120F054607D85F
:1001E00001230C4E03FA0CF333420CD0FFF75CFDF5
:1001F0000022A37B626103B970BD21462846BDE899
:100200007040FFF7CBBEBCF1070FF1D1FEF7A0FCA9
:10021000EEE700BF0814040038B50B7A0C46072B34
:10022000054608D0A37B03B938BD21462846BDE862
:100230003840FFF7B3BEFEF78FFCF3E7022200233E
:1002400080F80821A0F80A31704700BF38B590F84F
:1002500008310446032B1BD8DFE803F0021110110C
:10026000FFF700FF034648B11D7A2046FFF71AFF4B
:100270000A2D14BF0123032384F8083138BDFFF78A
:10028000F1FE0028FAD02046BDE83840FFF70ABF4B
:1002900000DE38BD10B590F808310446032B1BD89A
:1002A000DFE803F00D020C02FFF7DCFE90B1002343
:1002B0000122A4F80A31827384F8083110BDFFF7D7
:1002C000D1FE28B100220123A4F80A21837310BDB6
:1002D00000DEF7E700DEEAE700DE10BD90F8083147
:1002E000022B05D000D87047032BFCD000DE7047EE
:1002F000002380F80831704738B590F8083104467B
:10030000032B3AD8DFE803F00926121320462946CA
:10031000FEF7E8FD2846FEF77DFD2046FFF708FEC4
:1003200005460028F2D1022384F8083138BDFFF7D2
:10033000FFFD05460028F6D029462046FEF7D2FDEF
:100340002846FEF767FD2046FFF7F2FD0546002828
:10035000F2D1E8E7FFF7ECFD05460028E3D0294697
:100360002046FEF7BFFD2846FEF754FD2046FFF766
:10037000DFFD05460028F2D1D5E700DE38BD00BF1D
:1003800038B50546FFF7D4FD68B104462146284636
:10039000FEF7A8FD2046FEF73DFD2846FFF7C8FD05
:1003A00004460028F2D1002428462146A5F80A4137
:1003B00001F0E4FA85F8084138BD00BF012112229E
:1003C0000378417043F003030370C270704700BFAD
:1003D000012113220378417043F003030370C270BC
:1003E000704700BF4FF0020C07220B7881F801C064
:1003F00043F003030B70CA7090F84C300B717047D8
:100400000B7980F84C3070474FF0020C07220B78C4
:1004100081F801C043F003030B70CA7090F84C30B0
:100420000B7170470822092010B50B78CA7043F091
:1004300003030B7048700C46F9F7B6FA00226060AF
:1004400061F30702C1F307200B0C60F30F2263F383
:1004500017421B0A63F31F62A26010BD38B50C4639
:100460000546F9F7A1FA09222378627043F00303E5
:10047000E2702370D5F84831217263F0FF03184011
:10048000030C1A0AA3710B0CC0F307252071E2714B
:10049000C1F307201A0A65716072A372E27238BD57
:1004A00009220B784A7043F003030B70CA70D0E93D
:1004B0005023100CC2F3072C0A711A0C81F805C0E6
:1004C00088714FEA102C0B72C3F30720130A81F8CE
:1004D00007C048728A72CB72704700BF2DE9F041A5
:1004E0004FF0405405464868104E430F83EA10739E
:1004F00003F00103A3FB04348A68064002F0EF080E
:1005000086EA0304F9F750FA0440012008EA0101E1
:1005100064F0FF02C5E952413240C5F84481C5F894
:10052000402185F83801BDE8F08100BF2FCF87F763
:100530004FF040522DE9F041054648680E4E430FFA
:1005400083EA107303F00103A3FB023289680640BB
:1005500001F0EF0786EA0304F9F726FAB84601230B
:1005600004400F40C5E95247C5F84061C5F84481D1
:1005700085F83831BDE8F0812FCF87F70B7980F807
:1005800050314B7980F85131704700BF02220B780F
:100590004A7043F003030B70CA7090F820300B715F
:1005A000704700BF0B7980F8203070474FF0060C81
:1005B00040F60C510378054A43F0030380F801C06C
:1005C0000370A0F80310C0F805207047F105FFFF85
:1005D0004FF0060C0C220B7881F801C043F00303A6
:1005E0000B70CA7090F832310B71B0F83331A1F84A
:1005F0000530B0F83531A1F807307047012380F895
:1006000031310B7980F83231B1F80530A0F833314F
:10061000B1F80730A0F83531704700BF032210B59C
:1006200017240B784C7013430B70CA70D0F8253028
:10063000D0F821208B604A6090F8293001F10E0437
:100640000B7390F82A304B7306F05CFA0C2120B142
:100650002046BDE8104003F0A1BB2046BDE8104095
:1006600003F092BB012106220378417043F003039B
:100670000370C270704700BF01210A2203784170E5
:1006800043F003030370C270704700BF01210B22C7
:100690000378417043F003030370C270704700BFDA
:1006A0004FF0020C0D22037880F801C043F00303E1
:1006B0000370C2700171704700B54FF0030E4FF028
:1006C000110C037880F801E043EA0E03037080F810
:1006D00003C0017142715DF804FB00BF0B7980F823
:1006E0004D304B7980F84E30704700BF4FF0030C0F
:1006F00016220B7881F801C043EA0C030B70CA7014
:1007000090F82030C3F3C2034B7190F82030C3F34C
:1007100002030B71704700BF0A7990F8203062F332
:10072000C5031A4680F820304B7963F3020280F843
:10073000202070474FF0050C18220B7881F801C07B
:1007400043F003030B70CA70438DCB8090F82C30BC
:100750000B7190F82D304B71704700BF0A7990F8FB
:10076000203062F3C5031A4680F820304B7963F3DA
:10077000020280F8202070474FF0180C0F220B78EF
:1007800081F801C043F003030B70CA70C38C8B80E7
:10079000038DCB80438D0B81838D4B8190F834305A
:1007A0000B73C38EA1F80D30038FA1F80F30438F68
:1007B000A1F81130838FA1F81330C38FA1F8153041
:1007C000B0F84030A1F81730B0F84230A1F8193035
:1007D000704700BF4FF0180C10220B7881F801C051
:1007E00043F003030B70CA70C38C8B80038DCB80E6
:1007F000438D0B81838D4B8190F834300B73C38E06
:10080000A1F80D30038FA1F80F30438FA1F81130FC
:10081000838FA1F81330C38FA1F81530B0F84030A2
:10082000A1F81730B0F84230A1F81930704700BF76
:100830008B88C384CB8803850B8943854B8983854B
:100840000B7B80F83430B1F80D30C386B1F80F302F
:100850000387B1F811304387B1F813308387B1F8BB
:100860001530C387B1F81730A0F84030B1F819300F
:10087000A0F84230704700BF8B88C384CB880385C3
:100880000B8943854B8983850B7B80F83430B1F825
:100890000D30C386B1F80F300387B1F811304387AC
:1008A000B1F813308387B1F81530C387B1F817302A
:1008B000A0F84030B1F81930A0F84230704700BFBE
:1008C00000B54FF0000C4FF00C0E0B7881F801E0F2
:1008D00043F003030B7081F803C090F823300B4AF8
:1008E0000B71036BA2FB03239B0AA1F80530438D18
:1008F000A1F80930038DA1F80730838DA1F80B30E2
:10090000838CA1F80D305DF804FB00BF5917B7D1F7
:1009100040F2E2420B7980F82330B1F8053002FB57
:1009200003F30363B1F809304385B1F80730038559
:10093000B1F80B308385B1F80D308384704700BF68
:100940004FF0080C01220B7881F801C043F003033B
:100950000B70CA70038CA1F80930D0F822304B60BC
:1009600090F826300B7270474FF0090C14220B7868
:1009700081F801C043F003030B70CA70C38F8B80F2
:10098000838F0B81B0F84230CB80B0F840304B8180
:10099000704700BF4FF0090C15220B7881F801C099
:1009A00043F003030B70CA70C38F8B80838F0B815E
:1009B000B0F84230CB80B0F840304B81704700BF78
:1009C0004FF0090C15220B7881F801C043F00303A6
:1009D0000B70CA70B0F84E308B80B0F84C300B8181
:1009E000B0F85230CB80B0F850304B81704700BF28
:1009F0008A88A2F11B03E02B21D8B1F808C0ACF122
:100A00001B03E02B1BD870B544F2481ECC88A4F51C
:100A1000A4739BB2734511D800234E891946A6F5DD
:100A2000A475ADB26CF30F0366F30F0162F31F43BD
:100A300064F31F41754598BFC0E9113170BD70471F
:100A40008A88A2F11B03E02B21D8B1F808C0ACF1D1
:100A50001B03E02B1BD870B544F2481ECC88A4F5CC
:100A6000A4739BB2734511D800234E891946A6F58D
:100A7000A475ADB26CF30F0366F30F0162F31F436D
:100A800064F31F41754598BFC0E9113170BD7047CF
:100A90004FF0080C3B220B7881F801C043F00303B0
:100AA0000B70CA70B0F85A308B80B0F85C30CB80D5
:100AB00090F85E300B72B0F86030A1F809307047E2
:100AC0004FF0060C3C220B7881F801C043F0030381
:100AD0000B70CA70B0F882308B8090F886308B71C2
:100AE000B0F88830A1F80730704700BF4FF0060C0F
:100AF0003C220B7881F801C043F003030B70CA70ED
:100B0000B0F882308B8090F886308B71B0F88830E6
:100B1000A1F80730704700BF00220346B1F804C0B7
:100B2000A0F85AC0B1F806C0A0F85CC091F808C09F
:100B30000CF0070C80F85EC0B1F809C00CF01F0C77
:100B4000A0F860C0087AD04010F0010F02F1010255
:100B500010D08888A3F86200C888A3F86400087AD7
:100B600000F0070083F86600B1F8090000F01F00EC
:100B7000A3F86800032A03F10803E3D1704700BF1C
:100B800000220346B1F804C0A0F85AC0B1F804C06E
:100B9000A0F85CC091F806C00CF0070C80F85EC0AD
:100BA000B1F807C00CF01F0CA0F860C08879D040E5
:100BB00010F0010F02F1010210D08888A3F8620042
:100BC0008888A3F86400887900F0070083F866003D
:100BD000B1F8070000F01F00A3F86800032A03F132
:100BE0000803E3D1704700BFF8B50023CD690C4678
:100BF00007461646CB611DB30F2E05F1040116D032
:100C0000112E0CD02046FFF75BFEEB79294663736B
:100C10003846FEF725F9237A092B0CD0F8BD084693
:100C200094F8202094F82110FFF746FDEDE72046C8
:100C3000FFF7A2FDE9E73846BDE8F840FFF776BACE
:100C4000FEF7F8F805460028D6D100DED4E700BF4D
:100C500000228B698A610BB3192293F804C01A71C0
:100C6000828CDA8091F820201A774AB90A8DBCF17B
:100C70002E0FDA834A8D1A848A8D5A840AD07047DF
:100C8000C28CBCF12E0FDA83028D1A84B0F89A213F
:100C90005A84F4D119461868F9F742BB00DEDBE745
:100CA00030B5C38C0A8D4C8D93428D8D85B002D1A9
:100CB000038DA34214D0012381F8223002950B6BDF
:100CC000CDE900240C7A91F82320898C0391A4F1BA
:100CD0000801B1FA81F14909FCF750FC05B030BDBB
:100CE000B0F89A315B1B18BF0123E5E7F8B5002384
:100CF000CD690C4607461646CB618DB3291D112ED2
:100D00000AD8DFE806F0200909090909091C0909C0
:100D1000090909090909241400DEEB7929466373DE
:100D20003846FEF79DF8237A092B14D0F8BD084603
:100D300094F8202094F82110FFF7BEFCEDE7204640
:100D4000FFF750FBE9E72046FFF7BAFDE5E720464D
:100D5000FFF740FDE1E73846BDE8F84000F030BE5F
:100D6000FEF768F805460028C8D100DEC6E700BFD8
:100D70002DE9F0411B4E044633680D462BB18342EA
:100D800003D00123AB72BDE8F0812046FFF7C6F91E
:100D90000028F6D1204600F0F9FD07460028F0D1E2
:100DA00029462046FEF73EF80028EAD02046FCF708
:100DB000D7FB80460121204600F0E0FD0F222946A6
:100DC0002046A5F8368085F834703460FFF70CFFB4
:100DD00094F83730DB0903D141F202036B81D2E78B
:100DE00000DED0E7A87A0020038DB3F5486F02D863
:100DF000C28C9A4201D900207047428DB2F5FA7F29
:100E0000F9D200B540F6764EB0F82CC0ACF10A012C
:100E100089B2714505D8013212FB03F2B2EB8C0F97
:100E200002D300205DF804FB90F8340098428CBF98
:100E300000200120F6E700BF38B504460D4600F05B
:100E4000AFFD20B929462046FDF7ECFF30B910214F
:100E50002046FEF709F80923AB7238BD04F1EC0017
:100E6000FDF7F8FE0028F2D12046FCF73FFF0028EE
:100E7000EDD029462046FDF7DDFFE861FDF7E6FFEE
:100E800010B90C23AB7238BDAB695BBBFDF7E6FF55
:100E90002E2100220123A86101712A6395F83420D4
:100EA00085F823304AB12B8DE98CB3FBF2F313FBA9
:100EB00002F39BB2994298BF2B852046FCF750FB6A
:100EC000238D294606330344AB8420460022FFF7D6
:100ED0000DFF4FF60B736B812046BDE838401021A3
:100EE000FDF7D6BF00DED1E738B504460D46FFF763
:100EF00015F920B929462046FDF794FF30B9102195
:100F00002046FDF7B1FF0323AB7238BD04F1EC00BE
:100F1000FDF7A0FE0028F2D12046FCF7E7FE0028EE
:100F2000EDD029462046FDF785FFAB69E86143B364
:100F30002E200022012118712A6395F8342085F8AB
:100F400023104AB12B8DE98CB3FBF2F313FB02F3B0
:100F50009BB2994298BF2B852046FCF701FB238D5D
:100F6000294606330344AB8420460022FFF73CFEAB
:100F70004FF606736B812046BDE838401021FDF71F
:100F800087BFFDF763FF10B90723AB7238BDAB69AC
:100F9000002BCDD1FDF762FF0346A861C8E700BF73
:100FA00070B50C460646FFF77BFE237A092B1DD051
:100FB00094F82250ADB100232146304684F8203009
:100FC000FFF746FE304600F063FE237A092B05D179
:100FD0000C4B1A68964204BF00221A600023A372C9
:100FE00070BD2046FDF76EFFA561EBE7304600F0CF
:100FF000EDFC237A092BDBD194F82030002BDAD1D9
:10100000D6E700BFA87A002070B506460C4600F06F
:10101000C7FC10B10623A37270BD054621463046B9
:10102000FDF700FF0028F5D0112221463046FFF7DA
:101030005DFE304600F02CFE237A092B04D1044BD0
:101040001A68964208BF1D600023A37270BD00BFDE
:10105000A87A0020F8B5294A064613680C468BB1D9
:1010600083420FD002238B7200F09AFC054620B910
:1010700021463046FDF7D6FE68BB2046BDE8F84065
:10108000FDF712BF218DF38C1660994212D0002318
:10109000A569A36185B303232F792B71B38C2046F7
:1010A00005F11C01EB80FFF767FB2E2F1FD00423F7
:1010B000A372F8BD628D338D9A42E8D1A28DB6F845
:1010C0009A319A42E3D12046FDF7FCFE0022052327
:1010D000A261A372F8BD4FF47263214630462384A7
:1010E000FFF792FF2046FDF7EDFEA561F8BD29460A
:1010F0002868F9F715F9DAE700DECCE7A87A0020CE
:10110000F0B50C46897A054683B00C2900F2C380FD
:10111000DFE801F00C1828313D485CC1616C75AF07
:101120000700002A00F0BC8003B0F0BD002AFBD10C
:10113000237A082B00F0EE80092B40F0AC800123CD
:10114000A372F1E7012AEFD120461946FFF770FBA1
:101150002046FFF749FE38B940F61E73214628465F
:1011600023842EE0012ADFD82146284603B0BDE8BB
:10117000F040FFF76FBF002AD6D10192FDF766FE5F
:10118000019A002840F0E2800323A372CCE7032AEF
:1011900000F08380042AC7D10F22062384F821207F
:1011A000A372C1E7002ABFD195F93730002B80F236
:1011B000AD8094F8203083B10F232146284684F86F
:1011C000213003B0BDE8F040FFF71EBF002AABD1CD
:1011D00021462846F5E7002AA6D1284600F0E0FB84
:1011E000002800F09A800823A3729DE7002A9BD173
:1011F0002146284603B0BDE8F040FFF71DBE022A95
:1012000092D195F83720C2F3C011D20900F0948032
:1012100019462046FFF77CFB238DB3F5486F00F29B
:10122000A880628DB2F5FA7F80F0A38040F6764602
:10123000A08DA0F10A0189B2B14200F29A8002FBAE
:101240000333B3EB800F80F094802846FCF788F9D5
:1012500047F6FE72A38C1B1A9BB2934240F2A98000
:101260002823284685F86C3100F012FD0023A37274
:101270005AE7002A7FF458AF2846FCF769F9A38C97
:10128000C01A03043FF550AF2146284603B0BDE81D
:10129000F040FFF785BE00DE46E70523A37243E773
:1012A000FDF7D4FD00283FF43FAFA369002B40F0C9
:1012B0009080FDF7D3FD2E2100220123A061017152
:1012C000226394F8342084F823304AB1238DE18CD2
:1012D000B3FBF2F313FB02F39BB2994298BF238551
:1012E0002846FCF73DF92B8D214606330344A384A1
:1012F00028460022FFF7FAFC4FF60B731021284610
:10130000638103B0BDE8F040FDF7C2BD2146284629
:10131000A2616FE70A23A37206E721462846FDF77C
:1013200081FD00283FF45FAF102221462846FFF7D9
:10133000DDFC0A236381F7E6284684F84C1000F0B0
:101340002FFB0646B8B10D23A372EDE6A669A26194
:10135000002E3CD0032337793371AB8C204606F145
:101360001C01F380FFF708FA2E2F1DD00423A3726F
:10137000DAE61E2375E721462846FDF753FD0028CF
:10138000E1D0072221462846FFF7B0FC284600F0AE
:101390007FFC237A092B7FF469AF0F4B1A689542C3
:1013A0007FF464AF1E6061E731463068F8F7B8FF3C
:1013B000DCE72046FDF778FD0B232846A372FCF7F7
:1013C000CFF8A38CC31A1A043FF5AEAE5CE700DE7B
:1013D000C0E700DE6DE700BFA87A002070B50646C2
:1013E0000C46FEF79BFE10B10523A37270BD0546A7
:1013F00021463046FDF716FD0028F5D02946304637
:1014000000F0BCFA112221463046FFF7EDFB3046D2
:10141000FEF740FF237A092B02D00023A37270BD90
:1014200096F93730002B06DB064B1A689642F4D14A
:1014300000221A60F1E73046FEF774F80028F3D076
:10144000EBE700BFA87A002070B515468A7A0C46F3
:10145000064682B0072A10D8DFE802F008121B63A4
:101460000F363E04002D76D002B070BD002DFBD1AA
:10147000237A082B5ED0092B04D000DE02B070BDA9
:10148000002DF1D12146304602B0BDE87040FFF793
:101490006FBC032D00F09080042D4ED0012DE3D1C0
:1014A00019462046FFF7E8F93046022100F066FAB7
:1014B0002046FFF799FC002840F09E8041F21E0371
:1014C00021463046238402E0002DCDD1214602B0D2
:1014D000BDE87040FFF782BF002DC5D1FCF738F89A
:1014E000A38CC01A0304BFD42946304600F046FA44
:1014F00021463046FFF7D4FB237A092B7ED094F89F
:101500002250002D40F086802046FDF7DBFC30465F
:10151000A561FEF7BFFE237A092B62D00023A372D8
:10152000A2E7002DA0D12146304602B0BDE87040B0
:10153000FFF7DABC2146A561F7E73046022100F04B
:101540001DFA2046D6F8483123F00203C6F8483188
:10155000FDF7AAFCE7E7FDF779FC002884D0A06935
:1015600000285FD02E21002201230171226394F80C
:10157000342084F823304AB1238DE18CB3FBF2F39D
:1015800013FB02F39BB2994298BF23853046FBF7C9
:10159000E7FF338D214606330344A38430460022FF
:1015A000FFF722FB4FF6067310213046638102B02D
:1015B000BDE87040FDF76CBC5A791A2ABDD00021F5
:1015C000019300F0DBF9019B5B7984F82030214620
:1015D0003046FFF73DFB3046FEF75CFE237A092BD1
:1015E0009CD196F93730002B16DB104B1A689642C7
:1015F00094D100221A6091E72046A9E73046FEF711
:101600009FFD237A092B7FF47AAF94F82030002BCA
:101610003FF475AF0023D8E73046FDF783FF00287D
:10162000E3D07BE7FDF71AFCA0619BE7A87A0020D6
:1016300070B50C46D17F054602F11C0311290AD86A
:10164000DFE801F026090909090909200909090942
:10165000090909091A14242380F86C31FEF71AFECF
:10166000237A092B1CD00023A37270BD2146BDE84C
:1016700070400322FFF7E8BE2146BDE8704001221A
:10168000FFF7E2BE2146BDE870400422FFF7DCBE52
:10169000A37A032BE9D9053B022BE6D900DE70BD06
:1016A00095F93730002B06DB064B1A689542DAD1E4
:1016B00000221A60D7E72846FDF734FF0028F3D050
:1016C000D1E700BFA87A002013460022FFF7BCBE76
:1016D00070B5D57F02F11C03CDB10F2D12D024239C
:1016E0000E4680F86C31044600F0D2FA337A092BAA
:1016F00005D1094B1A68944204BF00221A600023E6
:10170000B37270BD0122BDE87040FFF7F9BC022240
:10171000BDE87040FFF7F4BCA87A00201346002211
:10172000FFF7EEBC00230322FFF7EABC00230422EC
:10173000FFF7E6BC242310B580F86C310C46FEF7A9
:10174000A9FD0023A37210BD70B58B7A0C46012B46
:1017500005460AD9022B06D1FBF7FAFE238CC01AE4
:10176000030408D570BD00DE70BDFEF7D7FC88B15C
:101770000123A37270BD0021284600F0FFF828461F
:1017800004F12201FCF718F82846FEF783FD002338
:10179000A37270BD284600F0F9F80028E8D1214670
:1017A0002846FDF73FFB0028E2D00121284600F043
:1017B000E5F82846FBF7D4FE2B8D2146063303447B
:1017C00023842846FDF736FB064660B12046311DCE
:1017D000FFF7B6F8F379314663732846FDF740FB0F
:1017E0000223A37270BD00DEF0E700BF0346D3F80A
:1017F000102108468A420DD18A69A2B90A46D3F857
:1018000014C111686245C3F8101108BFC3F8141160
:10181000FDF700BB00DE8A692AB9D3F81021002A3F
:10182000EDD1FDF7F7BA12792E2AF6D100DEF4E7F2
:1018300038B5D0F810510446297A12291FD801234F
:10184000104A8B401A400CD000222946FEF748FB74
:10185000AB7B2BB129462046BDE83840FFF7C6BF19
:1018600038BD13F4407306D1072908D11A4629461A
:10187000FDF7A2F9ECE72946FFF750FFE8E700DEA5
:10188000E6E700BF1E14040070B5D0F810510446FE
:101890001DB394F81C31012B03D1022384F81831B5
:1018A00070BD29462046FDF7BDFA0028F5D029462F
:1018B0002046FDF7BFFA064688B12846311DFEF7DF
:1018C00091FDF37931466B732046FDF7C9FA012289
:1018D0000023AA7384F8183170BD00DED9E700DE5A
:1018E000EBE700BFF8B5D0F810510446A5B394F863
:1018F0001C31012B03D1012384F81831F8BD29468E
:101900002046FDF78FFA0028F5D029462046FDF73E
:1019100091FA064680B32046FEF7A4FB2A7A037AA2
:10192000371D93421AD0082B1AD02A2194F8383147
:101930001BB1D4F848315B0717D43846FEF7B0FE28
:10194000F37931466B732046FDF78AFA01220023B2
:10195000AA7384F81831F8BD00DEC8E72321E5E753
:10196000092A0CBF23212A21E0E70A46384694F8C9
:101970001F11FEF7A1FEE3E700DECCE780F81E11A1
:10198000704700BF704700BF0020704790F81D01EE
:10199000003818BF01207047D0F81001704700BF11
:1019A00090F81C01A0F10100B0FA80F040097047E6
:1019B000012380F81C317047002380F81C317047E8
:1019C000B0F82031A0F81A31704700BF0023A0F80A
:1019D0001A31704738B5D0F81041F4B1D0F814215D
:1019E000236894420546C0F8103108BFC0F814318E
:1019F0009CB121462846FDF775FA2046FDF70AFA04
:101A0000D5F810414CB1D5F8142123689442C5F89B
:101A10001031EED1C5F81431EBE738BD70B505468D
:101A20000C4639B1042900D070BDFFF7D3FF85F80B
:101A3000184170BDD0F81061002EF5D0337A122B0A
:101A400011D84FF0010C31490CFA03F0014061B993
:101A500010F4386F07D00A2B13D0CBB195F81E3194
:101A6000F3B9644604E000DE337A0A2B09D07BB177
:101A7000284685F81D41FFF7DBFE032385F8183162
:101A800070BD2846FFF7D4FE052385F8183170BDD8
:101A9000D37F284686F84C30BDE87040FFF7F4BE8F
:101AA00095F93710002910DB012B20D0022BBBD178
:101AB0002846FEF7D7FA327A037A934221D0082BD0
:101AC0001DD02A2385F86C3170BD012BEED128463C
:101AD000FEF7C8FA08B1FF23C3720123284685F830
:101AE0001D31FFF7A5FE032385F8183170BDD37FA4
:101AF000284685F81F31BDE87040FFF7F3BE092A7C
:101B0000DFD1232385F86C3170BD00BF7FF407005F
:101B100038B50C468969054610461A46237A09B33A
:101B2000122B4DD8DFE803F0100A0A0A0A4C4C5574
:101B30004F4F0A4C0A4C4C4C4C4C0A00214628464C
:101B4000FEF736F9A16921B10B792E2B1CBF0023BA
:101B5000A361A37B2BB121462846BDE83840FFF79F
:101B600045BE38BDA2612061122B29D801A151F8D0
:101B700023F000BFDF1B01003D1B01003D1B0100E6
:101B80003D1B01003D1B0100C11B0100C11B0100E9
:101B9000D31B0100C71B0100C71B01003D1B010037
:101BA000C11B01003D1B0100C11B0100C11B010045
:101BB000C11B0100C11B0100C11B01003D1B010035
:101BC00000DEA169BFE721462846FFF781FDA16934
:101BD000B9E721462846FCF7DBFFA169B3E71146C8
:101BE000B1E700BF38B591F808C00C46BCF10C0F46
:101BF000054613460CD0BCF1120F09D0BCF1070FFB
:101C00000BD1FCF7DDFF0022A37B626153B938BD25
:101C10001A4621462846FEF733F90022A37B62616B
:101C2000002BF4D021462846BDE83840FFF7DEBD42
:101C300038B50B7A0C46072B054608D0A37B2BB191
:101C400021462846BDE83840FFF7D0BD38BDFCF737
:101C5000BBFFF3E70422002380F81821A0F81A3113
:101C6000704700BF90F81831052B0ED8DFE803F05D
:101C7000060907030603D0F8103123B97047FFF7B0
:101C800003BEFFF72FBEFFF7D3BD00DEF6E700BFB0
:101C900090F81831052B04D8DFE803F0041513057C
:101CA000040500DE70470023D0F8102180F81D31B4
:101CB0005AB100230121A0F81A31917380F818312C
:101CC0007047FFF7E1BDFFF70DBE00DEF1E700BF93
:101CD00090F81831052B04D8DFE803F004090B0451
:101CE000050400DE7047002380F818317047FFF7C5
:101CF000F9BDFFF7C9BD00BF90F8183110B5044613
:101D0000052B12D8DFE803F0030D09030803FFF7E2
:101D100061FE042384F8183110BDBDE81040FFF7C0
:101D2000B3BDBDE81040FFF7DDBD00DE10BD00BF54
:101D3000F0B504460E46154683B06BB1D27F3C2AFF
:101D400036D8012390F837102E4FC9098B4007EB86
:101D5000420149780B4040D11846FDF7F1F807469B
:101D600020B300230360D4F814311BB31860C4F807
:101D7000140194F81831052B42D8DFE803F01E2730
:101D8000030606062046FFF77FFDBB7B1BB13946E5
:101D90002046FFF72BFDD4F8101139B12B463246FF
:101DA000204603B0BDE8F040FFF7B2BE03B0F0BD7F
:101DB0000023D1E7C4E94400DBE72A46002120469E
:101DC000FFF72CFEBB7B002BE5D0E0E72046FFF7BA
:101DD00089FDBB7B002BDED0D9E717F812300A2B28
:101DE000BAD10193FFF7F6FD00222046A4F81A218C
:101DF00084F81D2184F81821FEF7C2FA019BABE795
:101E000000DEC2E7F82E020010B50446FFF7E2FD3F
:101E10000023A4F81A3184F81D3184F8183110BD5C
:101E2000704700BF00B9704700DE70474FF6FF7182
:101E30002DE9F843099C9DF82090A58C8D4235D062
:101E400006460146204690461F46FBF719F868BB38
:101E500023780133DBB2237063B3B4F868217B1CB1
:101E60001344A4F868310220FBF728F80221204629
:101E7000FBF760FA0022104D04F11001AB7AE96023
:101E800069F30003AB720D4B11460120C5E90068F0
:101E90002F819D60F6F7BEFB50B9FF20FBF70EF8CF
:101EA0002046BDE8F843FF21FBF744BABDE8F883BC
:101EB00000DEF2E700DED0E7D8120020D0040020D8
:101EC0002DE9F04F044697B0BDF888500020164623
:101ED000CDE90E419DF88480BDF88CA0BDF890B08E
:101EE00010950D93FAF79EFB002800F08F8108F003
:101EF000010904464846F7F791FDB9F1000F61D199
:101F0000636904F110021192002B62D067693D6889
:101F100097F87C00C0F3C00100F0070002F012F84F
:101F2000B7F84230B7F8402000F23F101A44FB895E
:101F3000034413446B60304601F0D2F9FF2384F868
:101F40003A3094F8393023F0020384F839306EB314
:101F5000A8F10203012B40F25D81DDE90E2394F824
:101F60004C100D9D68F3420184F84C1094F8391020
:101F700004F1100065F3000184F839102099096814
:101F8000A16120998988A4F824B0A183002100963A
:101F9000FAF760FAA06402F07FF9002840F045816A
:101FA0002046EEF72DFE17B0BDE8F08F01F094FC4F
:101FB0000028CDD0324620990D9801F06DFA84F8B2
:101FC0003A00C5E70621F6F791FA002898D11220C9
:101FD000E9E7F8F78DF91190002800F04581FAF74C
:101FE00077FC0546002800F03C81143005F110070D
:101FF000F6F744FC002840F03E81032105F118006B
:1020000001F0C2FE109BD5F8A000EB844FF6FF73E1
:10201000A5F828A0AB84002800F0288105F19402DF
:1020200005F19001F6F76EFA01214FF0000AB5F8BC
:102030008C30284623F4EF6323F0070343F48C73BA
:102040000B43A5F88C3095F8A630C5F8A0A023F076
:10205000070385F8A630A5F8A4A0FBF7E1FC284605
:10206000FBF718FEA5F82AA0C5F82EA005F132004E
:1020700000F0FCFB95F83730012160F3050385F88B
:1020800037300DF1570001F07FFE9DF857C07E4BB1
:1020900095F836E0A3FB0C13DB0803EB4303ACEB32
:1020A000830C95F83730CDF84CE095F814E06AF3DE
:1020B000861385F83730754A6B69CDF848E00CF126
:1020C000050CDDF84CE05FFA8CFC1360E97D6B7D5C
:1020D000AA7D85F838C085F839A0CDF828E095F8B4
:1020E00035E06B48CDF824E095F834E0CDF820E0F9
:1020F00095F833E0CDF81CE095F832E0CDF818E023
:1021000095F837E0CDF810C00EF03F0ECDF814E092
:1021100095F818C0DFF87CE1CDF80CC095F819C02F
:10212000CDF808C0DEF800C00CF1010CCEF800C0FC
:1021300095F81AC0DDF848E0CDF804C0CDF800E00D
:1021400009F076FE40F2E241109B534A01FB03F393
:102150001A44B2FBF3F219460623A5F8983195F814
:102160003730288D6AF3C71385F8373095F83A3041
:1021700000F1060C23F0070385F83A3093B263456B
:10218000A5F868A1A5F89CA1A5F89AB1A5F896A113
:10219000A5F892A1A5F8943102DD063B1B1A9BB26B
:1021A0004FF0000AA5F8903128461091FCF702FF85
:1021B00010992846FCF766FF119B85F86CA1C5F8BD
:1021C0007031FAF7F5FD95F8A43160F3020385F854
:1021D000A431FAF7F3FD95F8A43160F3C50385F84F
:1021E000A43195F86A3105F1EC006AF3410385F8F2
:1021F0006A31FCF7EDFC4FF09613C5E907336761D0
:10220000C5E902AA85F800A02D6181E60C2017B06F
:10221000BDE8F08F002001F07DF894F83930C84611
:1022200043F0020384F8393097E66569D5F89030B9
:102230003BBB05F1840105F18000F6F767F9F0B1C9
:102240002E68C5F89000D6F87001B0B1F8F756F8CE
:102250003046FAF743FB00230320636117B0BDE863
:10226000F08F1198F8F74AF807209CE605F19800DE
:10227000C5F8A000D2E600DEBFE600DEE6E700DE3D
:10228000DEE700DED5E700BFABAAAAAA807E002069
:10229000BC2C0200847E00207FC3C9012DE9F041DF
:1022A00006460020FAF7B2F950B3436904463BB33F
:1022B00093F82A2042F0020283F82A204769FFB1EE
:1022C00001460020FAF7E6F80546B0B93F68D7F8AE
:1022D000700107F5B878B8B1F8F710F817230222A3
:1022E00087F874314FF6FF731034C7F8784187F8D8
:1022F0008C21A7F87631C6F800802846BDE8F08129
:102300000C252846BDE8F08100DEE5E770B50C46F7
:1023100015461E46FAF7FCFAB8B190F8A6C01CF0B4
:10232000180C04D0BCF1180F08D00C2070BD334637
:102330002A462146BDE87040FCF728BF33462A46AE
:102340002146BDE87040FCF751BF022070BD00BFC0
:1023500010B582B001A8FFF7A1FF044610B12046D6
:1023600002B010BDFAF752F950B1002290F84C308B
:10237000426123F0010380F84C30204602B010BDCA
:1023800000DEF2E738B583681D686C69C4B10023CC
:102390006B61D4F89030D3B904F1840104F180006A
:1023A000F6F7B4F80346E0B1C4F890302068FAF7C5
:1023B00095FA95F84C3023F0010385F84C3038BD80
:1023C00000DE00236B61D4F89030002BE4D000DEF7
:1023D00004F1840104F18000F6F798F80346002820
:1023E000E2D100DEE0E700BF2DE9F0470446238D8F
:1023F000077F8CB0406AADF82C30E30715460E46D7
:10240000C7F3C0120DF128080A90C7F3401700F176
:10241000C1800023A383B37C707C13F0010317BF3A
:10242000D4F81E30C4F82B30C4F82B30638CFF284E
:10243000A4F82F3000F0948004F11F0204F11E0173
:1024400000F07EFCB8F804300A98A4F82930A37F85
:10245000C4F825000233A3773368D3F80090EB8AE1
:1024600063862B8BA386B9F82430E38601F05AFFEC
:1024700084F83800D5F800804046FAF735FA03466C
:102480000021AB824046E380FCF710FE2146206825
:102490007468F7F739FF1C22AB8AD4F800A02271C8
:1024A000E380002F6AD1214650462777F7F738FF9F
:1024B00040F2E24395F87C00EF8AC0F3C00100F0DF
:1024C000070003FB07F7F56801F03CFD002202213D
:1024D0002D1A0120F6F76AF84846FAF77DF8CDF88C
:1024E0000490B3682E49821CA3F2857300910020EA
:1024F0000121D2B22B44F7F7C7F910F0FD0F4DD1EF
:10250000002401222346114620460094F7F784F95F
:102510004046FAF7E9F940F2853322490993CDF8AC
:102520001C80B36808912049C21C0691D8F8041099
:1025300020460591CDE903440121A3F28573D2B26F
:10254000029701940095F7F7B7F810F0FD0F23D12B
:102550000122022110460CB0BDE8F047F6F726B87C
:102560000021B8F804C00A98C4F82510A4F829106E
:10257000A277C4F81F00A4F823C06DE795F82730B0
:10258000281D43F0400385F8273000F0BDF90127EE
:10259000288588E700DE3CE700DED9E700DEAFE70C
:1025A000211E0100251E01002D1E010010B5002076
:1025B00082B0FAF7ADF960B190F937300446002BDC
:1025C00007DB684600F052F969462046FCF780FEBA
:1025D00000B9002002B010BD08607047A0F10300F0
:1025E000B0FA80F0400970472DE9F04F002593B014
:1025F0000D930B1DFF270C932B46CDE90F550A9524
:102600004FF0020B044616463D4698469A460DF199
:102610003C098DF83B700993002011AB0693524B97
:1026200021460593514B0DF13B02039310ABCDE9CD
:102630000093049033460290CDF844B0F7F75EF96A
:10264000022814D0119BC3B9FF2D19D0336843451C
:1026500016D0002F76D04FF0FF33013FFF25FFB299
:102660008DF83B30D8E721460020F7F787F9119B1A
:10267000022BF8D0119B002BE6D000DEFF2DE5D118
:102680009DF83B30FF2B40D0032BC5D10020FAF73B
:1026900033F90028C0D090F93730002B29DA43688D
:1026A0009DF83B20032A18D0FF2DDDF83C800AD08E
:1026B000404609990B93F7F775F90C9B03EB0A0257
:1026C00090420B9B23D89A46109BCDF824809DF80E
:1026D0003B50D6F800800A939EE700200B93FAF750
:1026E0000BF90B9B0028DFD090F93720002ADBDAAA
:1026F00092E790F88C00C0F3C00100F0070001F0F1
:1027000021FC00F593530533CAE7FF2D1CD0BAF125
:10271000000F01D00AF1020A0A9B154AA3F574239F
:10272000A3F51073934214D800200A99114A099B0B
:10273000A2FB0112534403EB92430D9A136013B0B2
:10274000BDE8F08F00DE86E76FF0090013B0BDE84A
:10275000F08F0A9B099A03F57423013A03F510736D
:1027600009920A93E0E700BFD9250100DD250100A9
:10277000BFBDF07F83DE1B432DE9F041C4682649CD
:102780006368D0E900761A68A6F57423A3F5107380
:102790008B42054682B004D906F57426013F06F542
:1027A000107663685168B3F81680022004F11003B4
:1027B00001AA0197FFF718FF40BB0198C31B002B2C
:1027C0001DDB3946F7F7EEF823690344002B23613C
:1027D00009DB40F2E24202FB08F29A4217D29B1A4E
:1027E0009A42FCD323610D492A68A1FB0616D21B2D
:1027F000A2EB96421344236102B0BDE8F08101468A
:102800003846F7F7CFF823691B1ADFE72369002B57
:10281000E9D102B0BDE8F081BFBDF07F83DE1B438C
:1028200008B50346074A0068052110601B79104669
:102830001371F6F70DF8044B1870FFF7B7FE002080
:1028400008BD00BF547C00208D8D002010B41F20D7
:102850004FF0FF342521034B034A1C60187111709F
:1028600010BC7047547C00208D8D00200346044A24
:10287000044910681860127908781A71704700BF0F
:10288000547C00208D8D002010B5864602FB01117E
:1028900002781C4C114484FB01020A44521102EBE1
:1028A000C20002EB80028A1AD0B28EF80000C10882
:1028B000595C02F0070241FA02F212F001029DF89F
:1028C00008C01DD1B0FBFCF10CFB110110465C1ED1
:1028D000C9B2043300F1080E14F8012F5FFA8EFE1E
:1028E00012F0010F00F1010C4FEA520202D039B18F
:1028F0000139C9B25FFA8CF08645F1D19C42E9D129
:1029000010BD00BFA7C867DD4288008850407047EF
:102910004FF0030CF0B52F4D2F4C4840060A5FFADC
:1029200080FE0EEB8E2E06EB862004EA401705EAA9
:10293000400605EA4E0004EA4E1E3E4340EA0E0001
:1029400000EB002706EB062E06EB0E2600EB072019
:10295000C6F30746C0F3074040EA062000EB00102C
:102960000CF1FF3C08441CF0FF0C80B2D6D1414072
:102970001A48A0FB01400C1A00EB5400400900EB80
:10298000C00400EB8400081AC0F3C404145D00F016
:1029900007052C41E407C0B21AD4604601FB03F3DB
:1029A000561EC3F30743043200F1080516F8011F51
:1029B000EDB211F0010F00F101044FEA510102D014
:1029C00033B1013BDBB2E0B2A842F2D19642EBD187
:1029D000F0BD00BF10210200408408004D91CFBA25
:1029E0001B491C482DE9F04300230126451EA1F197
:1029F000020C06E00133082B01F1060100F128006A
:102A000024D003EB830215F83220D407F2D59CF8CA
:102A100000409CF801E0C2F380120768B0F804801F
:102A200006FA03F99A40013344EA09044EEA020225
:102A3000082BA1F804808CF800408CF8012001F1EB
:102A4000060141F8067C00F12800DAD1BDE8F083E8
:102A5000627C0020211300202DE9F047002301278C
:102A60001E481F4ADFF87C80DFF87C90951EA0F19D
:102A7000020C15F8331007FA03F6C90724D598F8A5
:102A8000001059B112F8011C072901EB810405D887
:102A900019F834104C0701D5C90615D515F83310AF
:102AA0009CF801E0C1F340019CF8004099404EEAD7
:102AB000010ED2F800A0918834438CF800408CF8C5
:102AC00001E08180C0F800A00133082B00F106006E
:102AD00002F10802CDD1BDE8F08700BF8E7D002055
:102AE0004E7D00208F8D002020130020082070478D
:102AF000002038B5F9F7BCFD10F0010019D10E4CDB
:102B00000E4D621E14F83030072B07D803EB8303F9
:102B100015F8331021F0200105F8331012F8303089
:102B200023F0010302F8303001300828EAD10020F8
:102B300038BD0C2038BD00BF4D7D00202013002083
:102B40002DE9F04F804683B00020F9F791FD10F099
:102B5000010540F0978098F80030FF2B26D0504EAA
:102B60004FF0FF092C4608F1010BB71E03F0010AD4
:102B700009E0B9F1FF0F04F101021BD00134082C68
:102B800006F1080638D017F83420D207F1D517F827
:102B90003420C2F340025245F0D106225946304655
:102BA00001930EF0B4FF019B0028E7D1002003B091
:102BB000BDE8F08F072C5FFA84F904F102046BD0B2
:102BC00017F83210C8070ED4082C06F1100613D0DF
:102BD00017F83420D107D1D517F83420C2F34002BA
:102BE0005245CBD1D9E7144617F834200836C2F342
:102BF00040025245C2D1D0E7B9F1070F48D817F8C3
:102C000039204FEAC90A63F3410207F83920D8F89E
:102C100001200AF10203FA50BBF804203B449A80D9
:102C200098F800301F4E03F0010306F1FF3804E06E
:102C30000135082D06F1280628D005EB850418F883
:102C40003420E400C2F38011D207F1D59942EFD1CC
:102C500006225946304601930EF059FF019B002889
:102C6000E6D118F80430EDB243F0200308F8043040
:102C700017F83930BA4443F001038AF8015007F8D5
:102C8000393093E70C2003B0BDE8F08FFF25EFE764
:102C9000072003B0BDE8F08F4FF00709AFE700BF92
:102CA0004E7D0020211300202DE9F0410646002032
:102CB000F9F7DEFC10F0010431D13778FF2F2BD06B
:102CC0001D4D06F1010807F00107AE1E04E00134B6
:102CD000082C05F108051CD016F83430C3F3400267
:102CE000DB07F4D5BA42F2D10622414628460EF05F
:102CF0000EFF0028EBD106EBC4035B78072B11D93C
:102D000016F83430002023F0010306F83430BDE813
:102D1000F0810220BDE8F0812046BDE8F0810C2062
:102D2000BDE8F081054A03EB830312F8331060F32A
:102D3000451102F83310E3E74E7D002020130020F8
:102D4000072800B51AD80F4B00EB800E13F83EE0B1
:102D50004FEA800C1EF0010F12D084444FEACC00E1
:102D600013F83CC00130CCF3801C81F800C0195826
:102D7000034411609B8893805DF804FB00DEE2E76A
:102D800000DEEAE72013002008207047002010B57D
:102D9000F9F754FC012835D84FF0000C1A4B1B4CA6
:102DA000197893F8282021F0010122F0010219700E
:102DB00083F8282093F8501093F8782021F001012F
:102DC00022F0010283F8501083F8782093F8A010C5
:102DD00093F8C82021F0010122F0010283F8A0102D
:102DE00083F8C82093F8F01093F8182121F001011E
:102DF00022F0010283F8F01083F8182184F800C053
:102E0000604610BD0C2010BD201300208E8D0020C8
:102E10002DE9F04F834683B00020F9F70FFC01281D
:102E20005DD8DC461CF8012BDFF82C8102F0010391
:102E3000CDF804B0002467469B4608F1FF390092A4
:102E400004E00134082C08F1280844D004EB840580
:102E500019F835604FEA840AF007C6F3801209EBCF
:102E6000C505EED55A45ECD10622394640460EF04E
:102E70004EFE0028E5D17307BC46009A0746DDF8F0
:102E800004B030D4354DE34602F00108AE1E04E034
:102E90000137082F05F1080512D016F83730D90789
:102EA000C3F34002F4D54245F2D1062259462846E2
:102EB0000EF02DFE0028EBD1FF2306EBC706737042
:102EC0000020544419F8343023F0010309F8343059
:102ED00003B0BDE8F08F022003B0BDE8F08F0C20F6
:102EE00003B0BDE8F08FDFF878E09EF800305E1E9A
:102EF000023B062BF6B203D8E97DB142009102D124
:102F00008EF80060BEE7174B3D4603EB011290467A
:102F100003EB06130FCB88E80F00DFF84C8005EBBE
:102F2000850309EBC30219F83330D90705D55807D3
:102F300003D598F81730B34207D00135082D08F1B2
:102F40002808ECD19BF80020DAE70099074BD175EF
:102F50009BF800205D54D3E7211300204E7D002014
:102F60008E8D0020CC7C002020130020C47C00200B
:102F70002DE9F8431D465B7903F0C003402B01D0D7
:102F8000BDE8F8830E46F9B1DFF86090002400F048
:102F9000010809F1FF3704E00134082C09F1280980
:102FA000EED004EB840317F83330D907C3F3801253
:102FB000F2D54245F0D10622314648460EF0A7FD33
:102FC0000028E9D1E2B202E0072AD9D8084F02EB83
:102FD000820217F83230D200DB07D1D528681832C8
:102FE000B850AB883A449380CAE700BF2113002051
:102FF000201300202DE9F84F82461B4E1AF8019B42
:1030000000240F4606F1FF3809F0010904E00134FD
:10301000082C06F128061AD004EB840218F8323086
:10302000D500C3F38012DB07F1D54A45EFD1062264
:10303000514630460EF06BFD83460028E7D1183527
:1030400008EB050406212046F5F750FA20B94FF0A9
:10305000020B5846BDE8F88F58F805003860A38881
:103060005846BB80BDE8F88F211300202DE9F047BA
:103070008246164E1AF8019B00248846771E09F0F6
:10308000010904E00134082C06F128061BD004EBEA
:10309000840217F8323007EBC205C3F38012DB0756
:1030A000F0D54A45EED10622514630460EF02FFDAE
:1030B0000028E7D16B6A1A68C8F800209B88A8F836
:1030C0000430BDE8F0870220BDE8F087211300201E
:1030D00010B504460020F9F7B1FA012808D81CB150
:1030E000012C01D0122010BD024B00201C7010BD1D
:1030F0000C2010BD8F8D00204FF47A7202FB00F07F
:10310000014B1860704700BF5C7C00202DE9F04740
:10311000824600208846F9F791FA01282ED81D4EE4
:103120001AF8019B0024771E09F0010904E001341C
:10313000082C06F128061ED004EB840217F8323062
:10314000D500C3F38012DB07F1D54A45EFD1062243
:10315000514630460EF0DBFC0028E8D1B8F1000FF4
:1031600012D0B8F1010F0CD17B5D43F010037B55F9
:103170000020BDE8F0870220BDE8F0870C20BDE804
:10318000F0871220BDE8F0877B5D68F304137B5560
:10319000EEE700BF2113002000232DE9F04F334C50
:1031A000334904F1FF3C14F83320072A07D802EB17
:1031B000820211F832E02EF0200E01F832E01CF805
:1031C000332022F001020CF833200133082BEAD11E
:1031D000002391F8F040274D63F300042B7081F831
:1031E000F0404FF0FF354FF0FF3491F8182191F87F
:1031F00000A063F3000291F8289091F8508091F8B4
:10320000787091F8A0E091F8C8C081F818211A4AA6
:1032100063F3000A63F3000963F3000863F3000734
:1032200063F3000E63F3000C144EDFF854B0137018
:10323000144BC6F800B0C3E9004581F800A081F83E
:10324000289081F8508081F8787081F8A0E081F8AA
:10325000C8C028B1BDE8F04F0B490C480DF07FB84D
:103260000A48BDE8F04F0DF088B800BF4D7D002042
:10327000201300208F8D00208E8D00205C7C00208C
:10328000A0BB0D00181300205D340100E8120020DF
:1032900008B9024870470248704700BF607C0020B0
:1032A0008C7D0020A8B147F6122240F2E7300021C1
:1032B00010B5094B1B68E3FB02014FF47A7200233F
:1032C000EDF7DEF8BDE8104002460B46034805F076
:1032D00049BF02480DF051B85C7C0020E812002084
:1032E000002208B5084B1A80C30706D40021074BFB
:1032F000074A1B7811801BB908BDFFF7ADFBF5E746
:10330000BDE80840FFF76CBB8C7D00208F8D00204E
:10331000607C00202DE9F04F044687B00DF0C3F922
:1033200045014B012D1A43EAD06363EB0103AA0068
:103330009B00101843EA957341EB0301C90041EA71
:10334000507147F612220023C000EDF799F880462D
:103350000191C4B93C4A0846D2E90012B2F1FF3FDC
:1033600008BFB1F1FF3F0ED0B8EB0103374960EB66
:10337000020209688B4272F10002ACBF4FF0010BF0
:103380004FF0000B01E04FF0010B0024304EDFF84E
:10339000C4A0F71F04EB840317F83330A500D80747
:1033A00015D5BBF1000F01D1990710D42B1917F8CF
:1033B00033305A072ED42B1917F833301B0718D483
:1033C000254417F8353043F0020307F8353001344F
:1033D000082C0AF1060A06F12806DBD1BBF1000F22
:1033E00004D0194B019AC3F800805A6007B0BDE8B9
:1033F000F08F0DF108094946304608F0E7FF00BBA1
:10340000B9F804300298AAF80430C6F81DA0CAF82A
:103410000000D5E7337C104A0DF1170002EB0312D0
:103420000DF1070312F8011903F8011F8342F9D1C6
:1034300006F1170102A808F0C9FF0028BBD000DE82
:10344000B9E700DEDCE700BF181300205C7C002039
:1034500027130020947C0020DB7C002010B5012085
:10346000FFF758FF47F6122240F2E7300021084BE1
:103470001B68E3FB02014FF47A720023EDF700F8BA
:10348000BDE8104002460B46024805F06BBE00BF87
:103490005C7C0020E81200202DE9F04789461746A1
:1034A0000AB1FF2313700024254D00F0010A6E1E9F
:1034B00004EB840316F833205FFA84F8D2074FEA4E
:1034C000840313D4CFB13A78FF2A04F1010426D043
:1034D000082C04EB840105F128055FFA84F84FEA13
:1034E00084030FD016F83110C907EDD5234416F820
:1034F0003330C3F38013534509D00134082C05F150
:103500002805D5D14FF0FF084046BDE8F0870622D8
:10351000494628460EF0FBFA0028EED1F4E7082CC5
:1035200087F8008005F128055FFA84F8EAD004EBFB
:10353000840316F83320A300D007D7D4C3E700BF15
:10354000211300202DE9F04F054685B000200C46E0
:103550009046F9F773F8012800F28D802F4617F88E
:10356000010B0DF10F023946FFF796FF072840F2D5
:1035700096809DF80F90B9F1070F00F2AC8009EB2F
:103580008903574E4FEAC30BD5F801100BF1010226
:10359000B150B98832449180297816F80B2006EB97
:1035A0000B0361F3861220461021019306F80B20CD
:1035B000F4F79CFF16F80B20102160F382024046BE
:1035C00006F80B20F4F792FF16F80B2000F001002C
:1035D00060F3C30253074FEA890A06F80B2016D599
:1035E000404B41491A7806EB0B0C01F802903F4919
:1035F0008CF8172001EB021101321A7004F10F024E
:10360000013C12F801C9A24201F801CFF9D100280A
:1036100049D100240BF11803F218F45094800AEBFE
:10362000090216F8323023F0120306F8323095F80A
:1036300000B02F4D0BF0010BA5F1020804E001349E
:10364000082C05F108051AD018F83430C3F34002ED
:1036500013F00103F3D05A45F1D10622394628462A
:1036600001930EF054FA019B0028E8D108EBC4083E
:1036700088F8019004E00C2005B0BDE8F08F00232D
:103680000020CA4416F83A205B0122F0210243F0E0
:103690000103134306F83A3005B0BDE8F08F12205D
:1036A00005B0BDE8F08F0021D8F800E0D8F804C0DC
:1036B000D8F80840D8F80C000BF1070246F802E0F1
:1036C0003244C2F804C09460D0600AEB090206EBF1
:1036D000C20251629DE7072005B0BDE8F08F00BF30
:1036E000201300208E8D0020C47C0020CB7C002085
:1036F0004E7D002007280CD8074900EB800011F808
:103700003030C0001A0704D59B0702D50144486A2F
:1037100070470020704700BF201300200346024A74
:10372000024812781A7070478E8D0020CC7C0020E1
:1037300050B1072915D80E4B13F83120D20712D5F6
:1037400003EBC1035878704707290ED8094B01EBEA
:10375000810213F83230DB0701D50846704700DEDE
:10376000FBE700DEE7E700DEEAE700DEEEE700BFAA
:103770004C7D0020201300200C4B1B7883420BD97A
:103780000B4B185C07280CD80A4B00EB800213F88F
:103790003230DB0707D5704700DE054B185C072881
:1037A000F2D900DEF0E700DE704700BF8E8D00200A
:1037B000C47C00202013002007280DD8084A00EB05
:1037C000800312F833108300C90707D5034412F8A9
:1037D0003300C0F3401070470020704700DEF5E76B
:1037E000201300200C4B1B787BB107290DD860B942
:1037F0000A4A01EB810312F833008B00C00709D598
:103800000B4412F83300430701D401207047C0F382
:103810000010704700DEF3E78F8D0020201300209A
:103820001378FF2B19D12DE9F047194D0446AE4608
:10383000002303EB830C15F83CC09E001CF0010034
:1038400003D0CCF3801CA44509D00133082B0EF122
:10385000280EEED10120BDE8F08701207047F04628
:103860004FF0000C4F1E18F801AF17F8019F0CF134
:10387000010CCA45E9D1BCF1060FF4D113701E4406
:1038800015F836305A07E6D5C3F30010E3E700BF5A
:103890002013002010B40E4B1C7884B1072A0ED8D8
:1038A0000C4C02EB820214F832C0D2001CF0080F5C
:1038B00005D020B14B7903F0C003402B02D000208B
:1038C00010BC70470732A01810BC08F06CBD00BFD8
:1038D0008F8D002020130020024B1878003818BF6D
:1038E000012070478F8D002000F04EBA08B50023EC
:1038F00003F014FA002008BD684620F007018D4649
:1039000001B502F0F7FAEEF797F9BDE801408546F8
:10391000704700BF08B5094BD3F828213AB90120F8
:10392000F4F7DAFEBDE808400220F4F7D5BE002027
:10393000C3F82801F5F7AEFEF1E700BF00200E50F6
:103940000020F4F7C9BE00BF90B90E4B0E4A19789B
:103950001078CBB288420DD10C480D49013390F854
:1039600000C013700B78634507D003780B70704765
:1039700000DEEAE700DE1378EEE700DE03780B7086
:10398000704700BF908D0020918D0020958D002004
:10399000948D00200B4A0C4B117893F800C08C4595
:1039A0000DD012781A70094A094B18B91178187895
:1039B000884202D012781A70704700DEFAE700DE03
:1039C000EFE700BF938D0020928D0020908D0020A6
:1039D000918D002002F0DABB08B50B490B4A91F833
:1039E00000C0137803989C450BD000220B70084B45
:1039F000114698600120F4F70DFE00B908BD00DE05
:103A000008BD00DE1378F0E7908D0020918D002036
:103A1000E00400202DE9F0412D4A2E4D12782B783C
:103A20000C469A428AB005D12B4B2C4A1B7812784F
:103A30009A4244D026682A4F06F272684046396896
:103A4000F5F7B0FF002803DB00200AB0BDE8F081E5
:103A5000244A254B11781A78914213D11E4A1F49E6
:103A60001278097891420DD0002219781046013160
:103A7000C9B2197011461D4B0092F5F7CDFE10F03A
:103A8000FD0F22D11A48E168C7F800800022079094
:103A900040F27260174C3346CDE905412978013177
:103AA000C9B22970009011461046CDE90322CDE934
:103AB00001220892F5F74AFE0AB0BDE8F0810668D7
:103AC0000446074F06F27268DCE700DE00DED9E745
:103AD000948D0020958D0020908D0020918D0020E8
:103AE000C87D0020928D0020938D00209539010023
:103AF00049390100D93901007F4A9368002B00F051
:103B000090801368002B00F08B802DE9F04F8146E8
:103B100089B04FF0FF338DF80A300DF10A00F6F747
:103B2000B1FD0446002839D0037F9907F5D1857A85
:103B300015F00205F1D1C3684B4556D0A8462F4673
:103B400006680DF10A00F6F79DFD8346E0B1027F9D
:103B50009207F6D1827A9307F3D4C268B8F1000FC6
:103B60001FD04A4521D0DBF800A031465046F5F77A
:103B700019FF00280DF10A00BCBF5F465646F6F754
:103B800081FD83460028E2D1002F08BF2746394631
:103B90003846FFF73FFF30F002033FD109B0BDE8E0
:103BA000F08F914545D08046DDE7227F204642F0E8
:103BB00002022277E168A2699047D845A9D1FF2384
:103BC0008DF80A300DF10A00F6F75CFD0446002876
:103BD000E4D0037F9F07F5D1837A9E07F2D4C368B0
:103BE0004B4502D000DED0F80C90434A4846137B88
:103BF00043F001031373D2E9001303AA9847064662
:103C000000B310F1100F5ED03B4A0020936811689A
:103C1000984716F10B0F1ED08C36BFD000DEBDE7E3
:103C20007047354918460A7B42F001020A73F6F7DD
:103C300045BD237F204643F002032377E168A36953
:103C40009847BCE7237F204643F00203A269E1685E
:103C500023779047A2E700230226FF27264AD2F8BF
:103C60000890D2E9004813608DF80B700DF10B003D
:103C7000F6F708FD90B1037F9A07F7D40DB9DB077B
:103C8000F4D4C368A342F1D1037F214643F0020379
:103C90008269037790478DF80B70E7E70125AE4204
:103CA00001D02E46E0E70794002449464046039B96
:103CB000009604AACDE904440694F6F79BFC00287C
:103CC0007FF46CAFAAE7A37A43F00203A3720DF16D
:103CD0000A00F6F7D7FC014600283FF45FAF037FE8
:103CE0009D07F4D1837A9C07F1D4FFF793FE30F05F
:103CF00002033FF453AF91E76014002010B517485A
:103D00000CF0D5F838B30024154B9C6000F0A2FAF3
:103D100000281FDB224621468A20EDF70BFF2246B2
:103D20000121E320EDF706FF214622461E20EDF794
:103D300001FF4FF480720B4B8A20C3F88824EDF703
:103D4000C9FEE320EDF7C6FE1E20EDF7C3FE02F02C
:103D5000EBF8204610BD6FF0120010BD0C1D0200E4
:103D60006014002000A0085008B500F085FA002873
:103D700009DB8A20EDF7BCFEE320EDF7B9FE1E203B
:103D8000EDF7B6FE002008BD0A460146024892B291
:103D900083681B68184700BF0C1D020030B4074D34
:103DA000AB685C6834B1A4468AB200230146284659
:103DB00030BC60476FF0570030BC70470C1D0200EC
:103DC0000020704730B5044683B078B31D4B1A68A5
:103DD000824225D0FF250DF107008DF80750F6F738
:103DE00051FC38B91AE0A1420AD00DF10700F6F7EC
:103DF00049FC98B1037F9B07F7D4C168002CF2D12E
:103E0000037F826943F00203037790470DF10700B7
:103E10008DF80750F6F736FC0028EBD103B030BD23
:103E20009B686BB1014600209847D3E7054A936829
:103E3000002BCFD011680029CCD000209847C9E7CB
:103E400000DEC7E7601400200020704710B504466C
:103E5000F6F70AFC8CB90D4B9A68AAB100221C68CF
:103E60009A601A6004B124680020F6F727FC204607
:103E7000F6F7B4FC28B1002010BD0028F3D100DE15
:103E8000F1E700DE002010BD00DEE7E7601400204F
:103E90008446064A13689068B3EB0C0318BF0123ED
:103EA000B0FA80F00B704009704700BF601400202A
:103EB00040F27260704700BF10B51446F5F770FD10
:103EC0002146F5F76FFD002805DB5130B0F58A7FFC
:103ED00038BF002010BD002010BD00BF262810B53F
:103EE000044613D0272809D0252817D1022002F034
:103EF00093F82046BDE8104002F094B8502002F03C
:103F00008BF82046BDE8104002F08CB81A2002F071
:103F100083F82046BDE8104002F084B80A2807D98B
:103F200027280AD900DE2046BDE8104002F07AB802
:103F30000230400002F070F8DBE70330400002F08E
:103F40006BF8D6E702F0CEB802F0D4B808B502F0AC
:103F50001DF9BDE8084002F0C3BA00BF08B502F081
:103F600015F902F0BDFABDE8084002F071BA00BFD1
:103F700008B502F00BF902F0B3FA02F097FA02F07A
:103F80003BFDBDE8084002F063BA00BF014608B53A
:103F9000114801F0BFFF02F039F960B102F016FCE0
:103FA00001F0F6FF00F0A6F900280EDBBDE808409E
:103FB0000020FFF74BBF02F0BFF802F007FC01F052
:103FC000E7FF00F097F90028F0DA00DEBDE80840CE
:103FD0000020FFF73BBF00BFD539010010B50446F4
:103FE00002F0D4F802F07CFA02F060FA02F004FD6C
:103FF00002F02EFA2046BDE81040FFF7C7BF00BF11
:1040000010B5044602F0C2F821460D4801F082FFC7
:1040100002F0FCF840B100F06DF900280ADBBDE8C1
:1040200010400020FFF712BF02F086F800F062F99E
:104030000028F4DA00DEBDE810400020FFF706BFDC
:10404000D53901002DE9F04FFF248046894692467C
:104050001F4689B09DF848B08DF81F400DF11F0034
:10406000F6F710FB002864D0037F9D07F6D1837A12
:104070009C07F3D405683E689DF81F300446294626
:1040800030460593F5F78EFCBBF1000F7DD0BC42A6
:1040900008BF002426460DF11F00F6F7F3FAC0B161
:1040A000027F9107F7D1827A9207F4D402682946F9
:1040B000049010460392F5F775FC039A049B0028C0
:1040C0000DF11F00BCBF15461E46F6F7DBFA0028AF
:1040D000E6D1059B8DF81F30464B9A68002A74D1B3
:1040E000002E72D14CB3BBF1000F61D11A7BB97AAB
:1040F00002F0010201F002010A434ED14946534643
:1041000040463A460096F6F775FA0146002848D030
:10411000BB7A9B070AD4002C14BF26460E463046B5
:10412000FFF778FC30F0020300D000DE6FF0760479
:1041300027E0304B9A68002A45D11A7BB97A02F001
:10414000010201F002010A433DD01A7B384622F0F9
:1041500001021A73FA68C3E901891A60D04704465C
:104160000DF11F00F6F78EFA014650B1037F9D074F
:10417000F6D1837A9A07F3D4FFF74CFC30F00203B0
:1041800031D1204609B0BDE8F08F0028BFF67FAFDF
:10419000FF2335465C4605937CE7BC42D5D000DE64
:1041A000D3E700DEBB7A9F07C0D4002EB7D1B2E7B9
:1041B00053463A4649464046CDF800B0F6F71AFA5B
:1041C0000028B3D1B1E7002426464946534640466D
:1041D0003A46CDF800B0F6F70DFA014628B1BBF12A
:1041E000000FA3D1DEE700DECBE700DEBBF1000F5E
:1041F0009CD1D7E76014002001F1100004F076BDD7
:1042000070B505460C4688B00122002104A80BF0C9
:10421000C2FF0323002602930D4B694628460396EE
:10422000019307F09CFE002810DB314647F612236D
:1042300040F2E7304FF47A72E4FB03010023ECF71D
:104240001FF902460B4604A804F084FD08B070BDB7
:10425000F941010038B5012002F096FE0124002347
:10426000044D6B60AC60EB602946BDE8384007F058
:1042700076BE00BFD07D002010B5012002F084FE84
:104280000446044907F0DAFE2046BDE8104007F076
:10429000B1BE00BFD07D00200C4B1A780AB10020BF
:1042A0007047012010B5187002F06EFE4FF47A715D
:1042B0000446FFF7A5FF38B9204607F09BFE022809
:1042C0000CBF00206FF0040010BD00BF968D0020D1
:1042D00008B5074BD3E8EF2F511CC3E8E01F0028B7
:1042E000F8D1002A01DC02F057FE002008BD00BF13
:1042F000CC7D002008B50A4BD3E8AF2F002A0CDD97
:10430000D3E8EF2F511EC3E8E01F0028F8D1012A9F
:1043100001DC02F053FE002008BD6FF0770008BDFD
:10432000CC7D00200520704700B9704700DE704743
:10433000002208B50399054B012099601146F4F756
:1043400069F900B908BD00DE08BD00BF0005002006
:104350002DE9F041C4688CB094F92830002BC0F2EC
:10436000D580636805460E46002B40F0C48094F863
:10437000283023F0010384F8283001F0D7FD002015
:1043800001F012FE0021084601F004FE0820002280
:10439000252101F071FE0120F6F7D0F8002800F089
:1043A000BC801C3001F092FE6D4B0BA80B9301F00A
:1043B0004FFE6C4940F25B6001F032FF94F8280038
:1043C000C0F341002530FFF789FD2146664801F022
:1043D000A1FD94F828309B0603D46368002B00F0FD
:1043E0008780962002F092F800231A461946184654
:1043F00001F0F0FFFFF770FA002841D194F828305F
:1044000013F0180F54D1D4F800802F684046FFF7FE
:104410004FFD07446A6807F21311002002F084F888
:1044200002F010FA02F004F82046F8F7E1F801462D
:10443000023140463A46C9B2FFF73EFD80460028A9
:1044400071D116B9636B002B3BD163687BB12B68CC
:1044500004F11802A3616968444BE1619A6002218A
:10446000012200206462F4F7D5F8002859D12046D3
:10447000FFF7EAFC002852D100200CB0BDE8F08123
:1044800094F82800C0F3C000FEF702FF07460DF1C4
:104490002B00FFF743F9804679783878BA1C01F091
:1044A000DBFF002241469DF82B0002F019FAAAE733
:1044B0000120FEF7EDFE4178821C007801F0CCFF70
:1044C000A1E740F2F3120892294A00930792294A81
:1044D0003B46059231460122CDE90366CDE90166EE
:1044E0000694F5F733F910F0FD0FAED000DEACE71F
:1044F00001F08AFF7EE7636893F82A30D90705D474
:10450000636893F82A309A077FF531AF21461A483D
:1045100001F000FD01F010FEAEE700DE41E700DE35
:10452000AAE700DEA3E740F2E513144A1449154850
:1045300007F08BFC42461449144807F086FC002320
:1045400083F31188BFF36F8F0323184602DF1048EF
:10455000214601F0DFFC01F0EFFD6FF08B008CE7EE
:10456000D6BE898E55555500A54A0100100500207C
:104570002943010031430100014001001C2D0200CC
:10458000682D0200442C0200742F02006C2D0200E2
:10459000214601000021FFF7DBBE00BF10B5044635
:1045A00082B0FFF7E5FC94F8283023F0010384F88B
:1045B00028309B0601D4636833B3962001F0A6FF30
:1045C000002318461A46194601F004FF0120F5F7AA
:1045D000B5FF00B31C3001F079FDFFF77DF940B95C
:1045E00001F026FF21460D4802B0BDE8104001F061
:1045F00091BC0DF10700FFF791F8002201469DF8EC
:10460000070002F06DF9EBE701F0FEFE0120F5F77F
:1046100095FF0028DED100DEDCE700BFA54A0100DF
:1046200010B50446FFF7A4FC01F036FF2046BDE8B4
:104630001040FFF7ABBC00BF08B5FFF7AFFF01F0BC
:1046400061FDBDE8084002F0FDB800BF70B582B062
:104650000546FFF77BFC01F0D7FE0120F5F76EFF62
:1046600078B31C3001F032FD01F0B2FD38BBFFF72A
:1046700033F9C8B902F0EEF800210446084601F00B
:104680003BFD00210646084601F032FD3444CB34A0
:10469000201A02F0A5F801F0CBFE29460A4802B024
:1046A000BDE8704001F036BC0DF10700FFF736F8A9
:1046B000002201469DF8070002F012F9DAE700DE59
:1046C000D5E700DECDE700BFA54A010070B5C3689D
:1046D00004461E68F5F764F905463046FFF7E8FB27
:1046E00000232D1A2560636023812046BDE87040B9
:1046F0000121FFF72DBE00BF38B50446FFF74EFF7E
:1047000094F8283094F82820C3F34103013303F0D0
:104710000303032B08BF002363F3420214BF03F11A
:104720002500252084F82820FFF7D8FB63680BB10B
:10473000236953B9F5F734F901460020563101F0E9
:10474000ADFFBDE8384002F07DB802F031F8054613
:10475000F5F726F901460020563101F09FFF02F0DF
:1047600071F802F025F82946F5F71CF923691B1AA0
:10477000236138BD08B54B6823B14B6893F82A30E4
:10478000DB070BD4814204D04B6B4BB16FF08B0035
:1047900008BD094801F0BEFB01F0CEFC002008BDB9
:1047A000064B1360FFF794FD002802DB6FF00A0050
:1047B00008BD00DEFAE700BFF9460100CD46010062
:1047C00030B5044685B0FFF7D3FB20460DF10F014D
:1047D000FFF75EFB08B105B030BD054601F05CFE99
:1047E000012294F828102846C1F34103134403F032
:1047F0000303032B08BF002363F3420100952B46FC
:1048000084F828102946F5F707F894F92830002B8A
:1048100004DB2046FFF7BAFB05B030BD054B012293
:10482000294628469C60F3F7F5FE0028F1D000DE0B
:10483000EFE700BFF00400202DE9F84316469DF88D
:10484000209080464A460D46304619461F46FFF7DF
:1048500021F80446A0B91DB198F829309B071ED451
:1048600098F82850C5F38013B3420CD0C5F3C105A6
:10487000012D05D926B17B7903F0C003402B14D05C
:104880002046BDE8F8830622394608F12B000DF0DA
:104890003EF90028EAD101242046BDE8F8834846C5
:1048A000FEF728FF0028EBD1DAE7099B002BF2D0B6
:1048B0000123099A1370EEE710B548B10C46FFF7D3
:1048C00019FD00280BDB2046BDE81040FFF7BEBAFB
:1048D000044801F01FFBBDE8104001F02DBC00DED4
:1048E000F1E700BFC147010000207047002070477A
:1048F00010B582B00446FFF7EBFC002809DB00236B
:10490000074A084908480094F5F796FF18B902B01D
:1049100010BD00DEF3E77730F9D000DEF7E700BF27
:1049200095450100B94801007547010010B50446DE
:10493000084694F82810090702D442B9012010BD96
:10494000002AFBD1BDE810401846FEF735BF1946D6
:10495000FEF748FF0028F1D194F82800C0F3C0000A
:1049600010BD00BF2DE9F04F83B09DF838609DF871
:104970003040B60106F0400646F0250646EAC41669
:104980000C464FF0220C0127984623780F9903F02C
:10499000100333434668237084F801C00B68154642
:1049A000C4F802308B880D9AE38013688246A360B6
:1049B0009388A3817368C4F80E303289B37A67751F
:1049C00062822375B6F8169001F03EFF0746002D6F
:1049D0003DD005F0030B0BF12B0B4FEACB0BC5F3CE
:1049E00040032BFA03FB4146284601F085FB07F5FF
:1049F000AF67DAF810305F448046A7EB000B4BBB83
:104A0000109AC2F800B0A375E375F28A94F82330C7
:104A10002283328B6283BAF81420A283D6F8222034
:104A2000C4F81E2096F8262084F8222096F8282024
:104A300062F3040384F82330FFF774FC94F8233006
:104A400060F3471384F8233003B0BDE8F08F4FF4D0
:104A5000B07BC8E740F2E24303FB09F901F0B0FE86
:104A60000346DAF81020284601211D46019201F084
:104A700041FB019A2B181344002B01DB5B4501D24B
:104A80004B44F9E7109AA8EB070813609844044BCD
:104A9000A3FB0823627D9B0A0132E3826275B4E7BF
:104AA0005917B7D12DE9F0478AB0044601F09AFBB7
:104AB000C0B2002800F0FE8001F0BEFB054601F008
:104AC000FFFC074601F006FD814601F0ABFF0646FC
:104AD00001F08CFF824601F0BDFCEDB2804601F092
:104AE000A5FCFFF745FA45B92146C04801F012FA86
:104AF0000AB0BDE8F04701F01FBB0120F5F71EFD2D
:104B00000546002800F0A18117F0FF07F6B240F03B
:104B1000DA80002E40F0D1804FF0FF093A464B4634
:104B200031462046FFF702FF0028DDD000232A7F10
:104B300061688DF823305FFA88F702F00F030029CF
:104B400000F0E480616891F82A10880700F1DE80A7
:104B5000072BC9D094F82810090740F11681002BC3
:104B600040F0BB806B7F063B1F2BBDD80420F5F7C0
:104B7000E5FC0028B8D001F067FE636B43B940F252
:104B80007122638E02FB03F3B0FBF3F203FB12000E
:104B900023685B68A3F20A338342A5D301F034FC97
:104BA00048466368FEF7A6FD94F8293082469907C7
:104BB00040F1D781002800F0D4818046012701F020
:104BC00049FBCDE90278804609AB049305F11E0349
:104BD00001932B7F0022C3F38013204641460093AC
:104BE0000123FFF7BFFE404601F076FA01F0F0FA2C
:104BF000002840F0D38121467D4801F08BF962689E
:104C000092F82A3043F0010382F82A3094F82830D1
:104C100043F0800384F82830F5F7AAFC17214FF6FB
:104C2000FF72074643460171C2802A7F08F12001C6
:104C3000C2F3401007F11C02D3F80080D3F804E05F
:104C4000D3F808C0DD6810338B42C2F80080C2F888
:104C500004E0C2F808C0D56002F11002ECD11B6874
:104C600013603B7FBC6060F345133B7701F0A0FD10
:104C7000002E08BF4FF0FF093861099B87F8199093
:104C80007B6194F82930BA7EC3F34003BAF1000F78
:104C90000CBF002303F0010363F30002BA76F5F7BB
:104CA00067FC394603463868FB600AB0BDE8F04748
:104CB000F5F788BCFFF75CF916E75FFA8AF0FEF7B4
:104CC0005BFD81462AE794F828005FFA89F1C0F37A
:104CD000C000FEF72DFD814620E7012B40F08A80C1
:104CE0006A7F0C2A7FF400AF194600232A7F2046F2
:104CF0000193CDF80090D20905F12403FFF79CFD44
:104D000000287FF433AF2B7F03F00F03002B4DD12E
:104D10006B7F9A1F1F2A3FF6E7AE94F8282002F017
:104D20002102202A07D16268002A00F0AE80063BEB
:104D30001F2B3FF6D9AE63682BB12B7F03F00F0317
:104D4000072B7FF4D1AE03209DF82380F5F7F6FB07
:104D5000054600283FF4C8AEF5F70AFC4FF6FF738E
:104D6000EB8005232B71EFB97F20002E08BF4FF099
:104D7000FF09AB7E287668F3410329462868AB76A5
:104D800085F81990F5F71EFCAEE6B9F1FF0F8DF826
:104D90002490C2F380185AD094F82A2091453FF409
:104DA000DEAEB3E701F04EFBC0B2DEE7062BAFD0BC
:104DB0004521D94011F0010140F0F480012B20D1B0
:104DC0006B7F0C2B7FF490AE2A7F0DF123030193B0
:104DD0002046CDF80090D20905F12403FFF72CFD01
:104DE00078B16B7F002BA6D17EE600BF394601006B
:104DF000C1470100062B8BD04522DA40D00700F1D5
:104E0000D1802B7F03F00F03042B7FF46DAE6B7FFB
:104E1000063B1F2B3FF668AE94F82830DB077FF582
:104E200063AE01F017FA2B7F0278C3F38013B3EB64
:104E3000D21F7FF459AE0622083005F11E010CF096
:104E400066FE00287FF450AECBE700DE5CE605F19D
:104E50001E0A5146404609AAFEF7E2FC00283FF42C
:104E600052AF94F8293003F0010343457FF44BAF70
:104E70005146062204F108000CF049FE00287FF498
:104E800042AF2B7F03F00F0369E69620079201F0F3
:104E90003DFB079A104601F087FA0320F5F74EFB19
:104EA000804600283FF420AEF5F762FB4FF6FF7313
:104EB000A8F80630052388F80430002F6AD17F2334
:104EC000002E14BF4A46FF2288F8183098F81A308E
:104ED000414623F0020388F81A3088F81920D8F8E0
:104EE0000000F5F76FFB01F0B5F9064603210C222F
:104EF0003378484661F3030333702B7F7270327846
:104F0000C3F3801363F3C7123270FEF7F3FB94F818
:104F1000292092072CD558B33246317841F0400110
:104F200002F8021B0168C6F8021083889380D5F846
:104F30001E303046B3606B8CB38101F0CDF801F0C8
:104F400047F968BB01F07EFC214694F828301648EA
:104F500043F0010384F828300AB0BDE8F04700F0C0
:104F6000D9BF94F8287004F12B08C7F3801726E600
:104F700094F828303278C3F3801363F386123346F3
:104F800003F8022BD4F82B20C6F80220B4F82F2007
:104F90009A80CCE701F056FAC3B291E700DE2AE628
:104FA00000DECFE76B7FC2E64D46010010B5044638
:104FB000FEF7DEFFF5F704FC0246F0B14FF0010CFE
:104FC0000F4B10491B7809780F4803FA0CF301EADC
:104FD0000C0103F002030B430188204651800B4C67
:104FE0001179247821F003010B4382F800C013717A
:104FF0009471BDE81040FEF7C9BF00DEDEE700BFD8
:10500000998D00209A8D0020FC8A0020978D002029
:1050100008B501F01BF9034601211A78002061F35D
:1050200001021A7008BD00BF00207047704700BF22
:10503000002330B40749084A0B801380074C084D01
:1050400008480949094A2B70237003700B701370CC
:1050500030BC7047FE8A0020FC8A00209A8D002018
:10506000998D00209B8D0020988D0020978D002029
:10507000814207D091F82A305B0716D50E4B18886D
:1050800098B970470C4A0D4B1288197872B939B12A
:105090000B4A13680133136000DE6FF08B0070471A
:1050A00001226FF00F001A707047044B1B78002B21
:1050B000EED16FF08B007047FC8A0020988D0020A5
:1050C000F87D002038B50D46F8B10446FFF712F917
:1050D000002835DBE3682189588B4A1C02449983F8
:1050E0005A83F5F76DFB034660B3002101241A795A
:1050F000598022F0030242F002021A711C70997169
:105100002846BDE83840FEF7A1BE91F92730002BB4
:105110000ADB29460C4800F0FDFE01F00DF895F879
:1051200096301B0708D438BD084B1B88002BF0D1E4
:105130000122074B1A70ECE7BDE8384001F0C6BB0E
:1051400000DEC7E700DED0E7AD4F0100FE8A002099
:10515000998D0020F8B504460120F5F7EFF950B31A
:105160000021417794F87D5000F11C0705F00705F8
:105170002846E68F00F00EFF94F89630AA001B0731
:10518000F1B242F001020ED504310820C9B200F09C
:1051900073FF3A46294604F1970001F05DFBBDE834
:1051A000F84000F093BF082000F066FF3846BDE8E5
:1051B000F84000F08BBF00DED2E700BF38B50446F0
:1051C000FEF7C4FE2A4A2B491388087801332728A2
:1051D000138007D80B782849DBB251F8232001321D
:1051E00041F82320A08901F091F994F87C2094F8EB
:1051F0007D00C2F3C003002102F0070200F00700A7
:1052000001F0E8F82046FFF7A5FF00F0E1FF60BBE2
:1052100001F020FB0346258A94F87D0001210D351D
:1052200000F007001D4400F067FF94F87D3005444E
:1052300003F00703022B16D0042B0CBF4FF4BC73F2
:10524000282394F87C001D44C0F3C00100F007003F
:1052500000F04EFF281A01F0C3FA2146BDE838409D
:10526000064800F057BE1823EBE700DED0E700BF8A
:10527000FE8A0020AD050020887E002095530100A5
:10528000F8B505460F4690F87C10868F01F00704AC
:105290002046C1F3C00100F07DFE95F89630A200D3
:1052A000DB0642F00102F1B20DD504310820C9B28B
:1052B00000F0E2FE394605F1B80001F0D1FABDE890
:1052C000F84000F009BF082000F0D6FE3846BDE8DF
:1052D000F84000F001BF00BFF0B5054683B001AA59
:1052E0000F46D0E92001F3F725F995F896300646E8
:1052F0005A0738D448B3019C95F8953095F8942016
:1053000004341C4412B9627885F8942033B1012228
:10531000237862F30103237095F8953095F8942073
:105320002846D31A6370F8F7E7F8637883422AD9DE
:105330000122607000212378A17003F00F0343EA7B
:10534000021323703C6003B0F0BD43F0040385F802
:10535000963000F07BFF0446237823F0100323707F
:105360003C6003B0F0BD43F0040385F8963000F0D4
:105370006DFF0446002EEFD0037843F01003037056
:105380003C6003B0F0BD3268D5F88430D21A18BF43
:105390000122CFE72DE9F04782B0044600F022FF5A
:1053A000C0B2002800F0EC8000F046FFC5B201F06A
:1053B00051F8FEF7D3FDC24A13880133138094F9E4
:1053C0002730002B56DB0120F5F7B8F806460028F9
:1053D00000F08881002D64D1BA4B94F896901D7826
:1053E000C9F38009002D40F0D6800122204601A992
:1053F0001A70FFF771FF00252F46B34B1B78002B67
:1054000000F0AE802146B14800F084FD94F92730C9
:10541000002B80F20681019994F896200B782046A3
:1054200062F3C3030B7094F896300A78C3F3400319
:1054300063F382020A70FFF723FF00F0C9FE002821
:1054400040F04E8101F0F8F900287ED0002F00F0E6
:1054500083804FF6FF73A08A984200F04881394656
:10546000F7F7DEFF002D40F0A28002B0BDE8F04764
:10547000F5F7A0B8002D00F0A980954B1A78272ADF
:1054800000F2128101201B789249DBB251F82320EF
:10549000024441F82320F5F751F80646002800F0B1
:1054A0000A8194F89630317F03F00102C1F3800045
:1054B000904206F11C0A00F0928082F0010262F331
:1054C000000313F0040884F89630DAB240F0B78095
:1054D000D4E9200101AAF3F72DF80746002800F0CF
:1054E000C580019D94F89590043505EB09035B7820
:1054F00073B194F89620D2060AD5D4F8C8200132A8
:10550000C4F8C820D4F8CC2042F10002C4F8CC2062
:1055100094F894204B44DBB29342C0F0E58000F055
:105520000F8100DE002794F92730327F002BC0F274
:10553000A180D00600F19E8015F80930C3F3001356
:1055400083F001035FFA83F894E001F069F901F058
:105550006DF9002F7FF47DAF4DBB02B0BDE8F08741
:10556000E08900F0D3FF94F87D0000F0070000F020
:105570001BFF2146584800F0CDFC01F063F94AE7D3
:10558000FEF7ECFC2146514800F0C4FC02B0BDE837
:10559000F04700F0D1BD013DEDB2204601A91D70DC
:1055A0002F46FFF799FE002D3FF42CAF23E7F4F7C9
:1055B000DFFF03233371A38A31463068F380F4F7A9
:1055C000E9FF02B0BDE8F047F4F7F4BF0120F4F7BB
:1055D000B5FF064600287FF4FFAE00DEFCE6C1F30F
:1055E000C001C3F340028A4200F09A8001210025E5
:1055F000C3F38009394B334A1970204601A915704D
:105600002F46FFF769FE337FD9063FF5F6AE019BC3
:105610001A78D2063FF5F1AE5B78002B3FF4F2AE7C
:10562000EBE600F089FD00F0D3FD002840F0868015
:1056300094F8963069F3820384F8963002E71346B3
:1056400023F0040384F8963000F000FE94F927302C
:10565000002B0BDB327F12F0100708D10378C3F365
:10566000001383F001035FFA83F803E0327F4FF009
:105670000008474694F89690C2F3C002C9F340036D
:105680009A4237D00025002101220E4B2046197086
:10569000124B01A9C9F380091A70FFF71DFEB8F17A
:1056A000000F7FF4AFAEAEE70120F4F747FF0646E8
:1056B00000287FF4F6AE00DE00231B7FFFDE00BF74
:1056C000FC8A00209B8D0020988D0020AD4F0100AA
:1056D000AD050020887E0020BD5101009A8D00207C
:1056E00000DEAFE600DE75E684F895301AE700DEEE
:1056F000A08AB4E60320F4F721FFD8B194F89630DD
:1057000083F0020384F89630757F15B95FFA83F948
:10571000B9E794F8969019F0080F21D10125B2E766
:105720000320F4F70BFF074600284ED04FF0000887
:105730004746E3E7054694F89690A4E700DE77E74E
:105740000022D4F8840004F18001A4F89420F2F738
:10575000F9FE019B1B683B60019B1F60019FE2E615
:1057600001F082F800286ED001F0A6F8002858D188
:10577000D4F8A730D4F8AB20134304D1337F03F01F
:105780000303032B38D00222304B214630481A70D5
:1057900000F0C0FB00F0D0FC00F01AFD20BB01F0CF
:1057A0004BF858B1002F3FF4D8AE4FF6FF73A08AE4
:1057B00098421BD03946F7F733FE56E601F030F831
:1057C00001F034F8002FF0D1C7E60122214B94F804
:1057D00096901F70204B204601A91A703D46FFF796
:1057E0007BFDC9F380090EE700DED8E700DE39460D
:1057F000A08AF7F715FE38E600F02CFD4278014646
:10580000272AC0D8504603320CF053F9D4F8A730F9
:10581000013BC4F8A730D4F8AB3043F1FF33C4F8F0
:10582000AB300122D4F8A73004F1A7019B18C4F8CB
:10583000A730D4F8AB3043F100034B60034B94F82E
:1058400096901A706AE700DE8EE700BF978D002001
:10585000AD4F01009B8D00209A8D00204FF6FF7305
:10586000F0B5C46885B0A28A9A4200F0AD800546C2
:10587000FFF7DEFB00212B89628B208C1A4492B249
:105880001044618380B294F82710A383431C2384BF
:1058900001F03F034906E28371D494F8281004F123
:1058A0002900009304F12203FCF7EEFF0646204690
:1058B00003A9FFF711FD039B94F896101A7861F382
:1058C000C3021A70039A94F896301178C3F3400318
:1058D00063F38201117000F029FB002000F064FBEB
:1058E000201D00F0B5FB2389A17A40F25B6043EAFA
:1058F000014100F095FC394B272E1E7005D8384A1F
:1059000052F82630013342F826303046FEF7E6FAE8
:1059100020460399FFF7B4FC2146324800F0FAFA1A
:10592000E08900F0F3FD94F87D0000F0070000F03E
:105930003BFD27682E683846FEF7BAFA03461E4438
:1059400006F213116A68012000F0EEFD00F07AFF04
:10595000A18A324603313846C9B2FEF7ADFA06468F
:10596000A0B1AB7A13F0020518D0002521461E48DD
:1059700000F0D0FA00F0E0FB284605B0F0BD218D24
:1059800004F12202FCF7C4FF064690E72046FEF72A
:105990005BFA00BB0025284605B0F0BD4FF48273CA
:1059A000124A1349134806F050FA32461249134876
:1059B00006F04BFA85F31188BFF36F8F0323184667
:1059C00002DF6FF08B05D1E721460D4800F0A2FA07
:1059D00000F0B2FBDEE700DEDCE700BFAD05002033
:1059E000287F0020BD510100DD3F0100982D0200FD
:1059F000682D0200442C0200882F02006C2D02004A
:105A00000140010010B582B00446FEF761FC002899
:105A100009DB0023074A084908480094F4F70CFF03
:105A200018B902B010BD00DEF3E77730F9D000DE20
:105A3000F7E700BF5D580100C5500100715001003B
:105A4000264B0246D3F8A413013106D02349D1F8DE
:105A5000A00310F0010009D170474FF6FF71D3F891
:105A6000A8339BB28B42F1D100207047D1F8A43308
:105A70001360D1F8A803C0F3072363F03F0310714C
:105A80005371D1F8903301331CD0D1F894330133E2
:105A900018D0D1F89833013314D0D1F89C330133A6
:105AA00010D0D1F89033C2F80630D1F89433C2F850
:105AB0000A30D1F89833C2F80E30D1F89C33C2F8CE
:105AC000123008E00023C2F80630C2F80A30C2F8EB
:105AD0000E30C2F812300120704700BF00C0FF0036
:105AE0000023144A036043608360C360D2F88033AC
:105AF000013318D0D2F88433013314D0D2F888336C
:105B0000013310D0D2F88C3301330CD0D2F880336B
:105B10000B60D2F884334B60D2F888338B60D2F8B4
:105B20008C33CB60704700230B604B608B60CB6085
:105B3000704700BF00C0FF0000214FF48062034B9C
:105B4000C3F82811C3F81423704700BF00200E507B
:105B5000034B1878421C003818BF01201A70704798
:105B60009C8D0020064B187830B10138C0B21870F7
:105B7000003818BF0120704700DE1878F5E700BF35
:105B80009C8D0020054BD3F84427D3F840075200E2
:105B9000D3F84417F7D40029F5DB704700200E50E6
:105BA00030B484460C461D4AD2F84437D2F8401728
:105BB00013F08043D2F84407F6D10028F4DB012526
:105BC00002EB0C12C2F82C354FEA8C02D2B24FEA2B
:105BD0000C1C0CF1A04002F1A042013900F562203A
:105BE00002F56222C0F820151560D0F820259142F8
:105BF000FBD0A2424FF00102D0F824150CF1A043D3
:105C000088BF0131C1F3130103F56223C0F82045B9
:105C1000C0F82415C3F82C2530BC704700200E5066
:105C20002DE9F0430025594C5949C4F80055022587
:105C3000C4F800558025574E022AC6F81413C4F83C
:105C40008010554CC4F89C1104F58024C4F89C10B5
:105C50005249A4F58224C4F80455C1F80455504CA7
:105C60004A49C1F8044500F08D80032A40F086803F
:105C7000A322C1F848250268444912BAC1F81C257C
:105C80004268012612BAC1F8182582684FF00E0E3C
:105C900012BAC1F81425C268424F12BAC1F81025D1
:105CA000027CC1F82C25B0F81340027E64BA02F0E1
:105CB0000102A4B244EAC214B0F8112052BA44EA74
:105CC0000244C1F82845D0F81940374A24BA9260F6
:105CD000C1F82445D0F81D002E4C00BAC1F82005AB
:105CE000D4F8280E1546002405F8044FD2F82C806D
:105CF0005FFA80FC2D480CF10209106195610138B2
:105D00002B4D69F317081680C2F82C8006F15066F7
:105D100000F103085561D5611062D7605662C2F880
:105D2000288082F82FE0C2E913535564D56DACF199
:105D3000040C6CF31705D565C2E90C44C2E918449C
:105D400002F10805D763566582F85FE0C1F8305567
:105D500002F13805C1F83855C1F80441D1F80451B1
:105D6000C1F80841D1F80811591C941D033311647E
:105D7000511D946391649365BDE8F083E322C1F8FB
:105D8000482578E7C322C1F8482574E7006004502D
:105D90000700008000A00850003004500020085088
:105DA000020000010200000B2C80002099800020DE
:105DB0000100000CF0B402240025464B0229C3F870
:105DC0000055C3F80045444CC3F804457ED0032970
:105DD00078D1A321C3F8481503683E491BBAC1F81E
:105DE0001C35436801251BBAC1F8183583684FF08C
:105DF0000E0C1BBAC1F81435C3681BBAC1F81035B4
:105E0000037CC1F82C35B0F81340037E64BA03F06C
:105E10000103A4B244EAC314B0F811305BBA44EAF7
:105E200003442E4BC1F828451E460024D0F81970B3
:105E30009B603FBAC1F82475D0F81D00284F00BA06
:105E4000C1F820051D80DF6050789A6126F8020FA6
:105E500003321A625A6A1E6160F317025A62214EB7
:105E6000021D21489C62D8615E6183F827C0DC6214
:105E70005865DE6D1D48C3E91844186462F31706BF
:105E8000013803F10802DE65DF63186583F85FC03F
:105E9000C1F8302503F13802C1F83825C1F80441B2
:105EA000D1F80421C1F80841D1F80821C21C9A6533
:105EB0000F4A0D60591DC3E91121DA649A1D9A63D6
:105EC000F0BC7047E321C3F8481585E7C321C3F848
:105ED000481581E700600450000005012C80002077
:105EE0000200000B0200000C0100000D9980002050
:105EF0000100000C044BD3F8203223B1034A044BB9
:105F000010681B681847704700A00850A482002042
:105F1000A8820020024B034A19601060704700BF3E
:105F2000A4820020A8820020704700BF0022012127
:105F300030B4144B1448154DC0F8282EC3F8A020D7
:105F4000C3F8A420C3F8A820C3F8AC205962D962D2
:105F5000C3F81028D3F8104844F48044C3F810481C
:105F6000C3F81428D3F8144844F40044C3F8144880
:105F7000C0F80021C0F80421C0F80417296330BC20
:105F8000704700BF0020085000A0085000E01050EB
:105F9000704700BF02280CBF04220322014BC3F844
:105FA0000025704700A00850072821DC00F10A03F3
:105FB000DBB2112B15D910F10C0F20DA10F10E0FF6
:105FC0001FDA10F1100F18DA10F1140F1DDA10F1AA
:105FD0001C0F18DA2930CCBF4FF498724FF4887236
:105FE00002E00B4A52F823200A4BC3F810277047EF
:105FF0003F22084BC3F8102770470422F4E706221B
:10600000F2E70522F0E70122EEE70222ECE700BF0B
:10601000942F020000A00850014BC3F808077047F6
:1060200000A00850094B40F4090040F04000C3F8BC
:106030004005D3F8282E22F00072C3F8282ED3F89A
:10604000282E42F00072C3F8282E704700A0085096
:1060500000210123074AC2F83C1EC2F8403EC37823
:10606000C2F8343E8178038843EA01431B02C2F838
:106070002C3E704700A0085002F01C03A3F1080357
:10608000B3FA83F302F00302013A5B091B06022A0A
:1060900098BF43F4801300F00F000A4A184340F4FD
:1060A0008070C2F8200ED2F8280E074B0340C2F8C9
:1060B000283ED2F8283E194341F44031C2F8281E48
:1060C000704700BF00A008500000F8FE014BC3F865
:1060D000D00E704700A00850014BC3F8D00E704797
:1060E00000A0085002280CBF28202920704700BFBC
:1060F000012070472920704702280CBF05200A2084
:10610000704700BF4FF40050012110B4064A074BFE
:10611000074CC3F81823C4F88C20064AC2F80405BB
:10612000596010BC704700BF0D00008000A00850EF
:10613000005008500020085000234FF40050012167
:1061400030B44FF47E540E4A0E4DC5F88C30C2F870
:10615000A030C2F8A830C2F808050B485162D162DD
:10616000C0F8DC35A0F51C20C0F8803000F5882090
:10617000C2F80845C0F80034016130BC704700BF68
:10618000002008500050085000200E5000220F4BF5
:10619000C3F80022D3F80012C3F80C22D3F80C1273
:1061A000C3F81822D3F81812C3F81C22D3F81C1213
:1061B000C3F85C22D3F85C12C3F83822D3F8381243
:1061C000C3F82022D3F82032704700BF00A0085047
:1061D000034BD3F80002003818BF0120704700BFFE
:1061E00000A00850064BD3F8180238B10120054A28
:1061F00005491368D1F848150B441360704700BF78
:1062000000A008509C82002000500850034BD3F897
:106210002005B0FA80F04009704700BF00A0085088
:1062200040F20312034BC3F8442EC3F8480EC3F8E0
:106230004C1E704700A00850034BD3F80C0E0038DA
:1062400018BF0120704700BF00A0085000487047E9
:106250009C81002000487047988000202DE9F0477D
:106260004FF00008484F494E97F800C082460CF1A5
:106270000403DBB20CF1010E0CF10E044FEAC30C67
:106280005FFA8CFC66444248DFF808C1424D0EF0CC
:10629000010E9DF82090C0F818C3C6F800C04FEA60
:1062A000CE06E4B23544012944F00044C5F800802C
:1062B0003AD0BAF1000F2ED1022A0CBF3222362278
:1062C000364D0EF10E0141F0004103F1700645F824
:1062D0002640C0F804119B0003F1502303F500236E
:1062E000D3F840154FF40054914294BF0122D3F8E3
:1062F00040152B4888BF8A1AC3F840252449254BEE
:10630000264AC0F80445C1F81833C2F8C83087F8E7
:1063100000E0BDE8F087214A03F1700142F8214016
:106320002D22C0F80441D6E7BAF1010F1BD04AF282
:10633000B81149F6346542F2B846B9F1020F18BFF8
:106340000D4641F28831022A18BF31464A191549D3
:1063500003F17005A1FB02121049920941F8254092
:10636000C0F80041B7E70D490EF10E0242F00042BD
:10637000B9F1020F03F1700541F82540C0F8002182
:106380000CBF29222A22A6E79D8D002080200850DC
:1063900000A008500D000080A020085000500850B8
:1063A00000200850D34D621010B5084B084A84B045
:1063B0000446C3F80024002301201A461946CDE9FB
:1063C00001330094FFF74AFF04B010BD00A008504D
:1063D0000100080070B58C4616461D460024084B87
:1063E000084A84B00121C3F80024024663462046CF
:1063F000CDE900650294FFF731FF04B070BD00BF26
:1064000000A00850010008000022054B054906487D
:10641000C1F80004C3F8A020C3F8A820704700BF4B
:106420000020085000A0085001000800002070471C
:10643000034AD2F8003443F01003C2F80034704726
:1064400000A00850014BD3F81807704700A008506F
:10645000704700BF012070474FF0000C10B44FEAA6
:106460008C03146803F1A04303F50A23C3F8504ECC
:1064700094880CF1010CBCF1080FC3F8704E02F1C6
:106480000602ECD1034B40EA0120C3F8900E10BC89
:10649000704700BF00A00850034AD2F8903E23F096
:1064A000FF03C2F8903E704700A008500022034B43
:1064B000C3F82422D3F82432704700BF00A008504C
:1064C000034BD3F82402003818BF0120704700BFE7
:1064D00000A00850014BD3F8180E704700A00850D8
:1064E00000234FF47E5110B40548064C064AC4F808
:1064F000DC35C0F88030C2F8081510BC704700BF0A
:106500000060045000200E5000200850044B054A43
:106510001B780433DBB203F5A87342F823007047FD
:106520009D8D002000500850F0B4A2F574234E4C0D
:10653000A3F51073A342074604D902F5742201396A
:1065400002F51072494B0125A3FB02239B0C502B33
:10655000184638BF5020002402264FF0050C444A4C
:106560001944D560C51A434BC2F80445C2F810C59A
:10657000C2F80865C2F840050E1AC3F8DC45D3F826
:106580004427D3F840175200D3F84447F7D4002CDF
:10659000F5DB01220139C3F8D015DA62354AD2F8A9
:1065A000D0359942FBD04FF0000C01214FF480749C
:1065B000D2F8D4259E4238BF01322E4BC2F31302CB
:1065C000C3F82CC1C3F8D065C3F8D4252A4AC3F850
:1065D000DC15C3F8AC21A3F5BC23C3F8A02103F557
:1065E0008023C3F8A0202249A3F50053C3F8044533
:1065F000A3F58023C1F88020C3F804454FB30132CE
:10660000C1F8C02101F5A041C1F800214FF400728A
:10661000C3F804254FF0000C4FF40057174B144AF1
:106620001D60174D174EC5F800C0174B174C184981
:10663000184DC5F81863C2F88C60C3F80475C2F829
:10664000D041C3F8A440C2F8D411C3F8AC10F0BCD8
:106650007047114AC1F8C0210E49C1F804214FF416
:106660000072C3F80425D5E7BFBDF07F83DE1B436E
:106670000050085000200E5008000080A08200202A
:106680009C8200200D000080002008500E00008039
:106690000F00008000A0085009000080F0B4012421
:1066A000502700260546394A394B5460D460C2F859
:1066B0004075A1F14F04C3F8DC65D3F84427D3F843
:1066C00040175200D3F84407F7D40028F5DB012027
:1066D00001392F4AC3F8D015D862D2F8D035994283
:1066E000FBD0002601214FF48070D2F8D4259C42C3
:1066F00038BF0132264BC2F31302C3F82C61C3F832
:10670000D045C3F8D425234AC3F8DC152249C3F881
:10671000AC21A3F5F033C1F8A021C3F8A020A3F564
:106720000053C3F8040501F58051A3F58023C1F897
:106730008020C3F804054FF40070EDB1174C01320E
:10674000C1F8C021C4F80021C3F8040500254F2476
:106750004FF40051124A13481560134B0F4A04605E
:106760000A48C2F81833A2F50042C0F88C30C2F8CB
:1067700004155020F0BC70470C4A084CC1F8C021E9
:10678000C4F80421C3F80405E0E700BF0050085036
:1067900000200E50080000800040085000A0085063
:1067A0009C820020A08200200D0000800900008053
:1067B000024BD3F8D425D3F8D005704700200E50F3
:1067C000014B1868704700BFA082002001230249D6
:1067D000024A4B60536370470050085000E010506D
:1067E00070B44FF4C056094B094C0A4A0A490B4D84
:1067F000C3F84405C2F80C43C3F8C440C3F8C4113D
:10680000C2F81011C5F8046570BC704700500850FC
:106810000B00008000A008500C00008000200850F1
:10682000014BD3F84405704700500850014B1860E5
:10683000704700BF94800020014B1868704700BF6C
:1068400094800020704700BF014B1868704700BF5C
:106850009C8200200020704713460122FFF7E0B918
:106860000A460121FFF7A6BA38B50223104CC4F836
:106870000433D4F8043163B92025EFF3118085F394
:106880001288BFF36F8F05F075FCD4F80431002B2C
:10689000F3D002204021064B064AC3F80803C2F891
:1068A0008811D3F80801B0FA80F0400938BD00BF64
:1068B0000060045000E100E0034BD3F8000400380E
:1068C00018BF0120704700BF006004500121002262
:1068D000024B5960C3F80025704700BF00600450A8
:1068E0002DE9F04F0325354B354ED3F8D02E354BDF
:1068F000354C9E6006F180761E61961C05325E6006
:10690000DA60C4F80055002855D002242F4E021931
:10691000181D40F8341003EBC40501349442AE60F6
:1069200001F11001F5D100254FF0FF3A4FF00108B9
:106930004FF0400E2449DFF89890DFF898B003EB51
:10694000C20295605560C3F860B0C3F800A0C1F8FA
:106950003005C1F83895C1F80885DB65C1F80051EC
:10696000D1F80031154CC1F80451D1F80431C1F807
:106970000851D1F80831C4F894EED4F80034DFF8A7
:1069800058C043EA0E03C4F80034C4F83852D4F8AF
:106990003832124F124E134B134AC4F838C3C1F8A1
:1069A00080C0C7F804E5C6F898C0C2F898C1C3F81B
:1069B00004E5BDE8F08F0222181DB4E700A00850DE
:1069C0000300000BC87F0020006004501000000D81
:1069D000248000200400000B0600008000200450EA
:1069E000003008500020085000300450014B186857
:1069F000704700BFC87F00200023402010B4064A23
:106A0000064C0749C2F83832D2F83822C4F80035AB
:106A1000C1F8080510BC704700A008500060045081
:106A200000200850124BD3F83832FBB10123114932
:106A3000C1F80433D1F800313BB9C82301E0013B70
:106A400003D0D1F80021002AF9D001204021094BC0
:106A5000094AC3F80803C2F88811D3F804212AB1FF
:106A6000D3F80801B0FA80F0400970470020704761
:106A700000A008500060045000E100E00139012945
:106A800005D8E3200AB1EBF725B8EBF731B800DE03
:106A9000704700BF29B10139012905D8E320EBF780
:106AA0003BB81E20EBF738B800DE0020704700BF6F
:106AB00088420BD0012803D0022809D0002070475B
:106AC000A1F10200B0FA80F0400970470120704740
:106AD000A1F10100B0FA80F040097047012908D007
:106AE000022906D051B94FF08042054BC3F800216E
:106AF00070470822024BC3F81C21704700DE704724
:106B000000E100E008B509F083FC08BD032803D8C4
:106B1000054B185C28B1704700DE034B185C002859
:106B2000F9D100DE704700BFDC2F0200013810B43D
:106B30001C46042806D8DFE800F008111A230300D9
:106B400004292FD000DE10BC70470429FAD1194B5C
:106B500002219C60002010BCF1F75CBD0329F1D13B
:106B60000121154B08469C6010BCF1F753BD042968
:106B7000E8D1124B02219C60012010BCF1F74ABD04
:106B8000032908D00429DDD102210D4B08469C6061
:106B900010BCF1F73FBD0B4B01219C60022010BCE3
:106BA000F1F738BD084B02219C60032010BCF1F7BF
:106BB00031BD00BF70050020600500205005002099
:106BC00030050020400500202005002001460A2055
:106BD000FEF7E6BF2DE9F0434FF0100E012400222E
:106BE0004FF0070C374B00EB0E0800F1200700F1C7
:106BF000300600F140055C60016809BAC3F81C1555
:106C0000416809BAC3F81815816809BAC3F81415A0
:106C1000C16809BAC3F81015C0F8308080F834E0B4
:106C200080F8352080F8362080F837C080F838208A
:106C300080F8392080F83A2080F83B2080F83C200A
:106C400080F83D2080F83E2080F83F20076480F8DF
:106C500044E080F8452080F8462080F847C080F85E
:106C6000482080F8492080F84A2080F84B2080F89E
:106C70004C2080F84D2080F84E2080F84F20C3F83B
:106C80003065C3F83855C3F80021C3F804211C60EF
:106C900005E0D3F8041131B9D3F8301519B1D3F8A0
:106CA00000110029F5D05C60D3F804110029A2D1AD
:106CB000D3F83095B9F1000F9DD0C3F83015BDE879
:106CC000F08300BF007004502DE9F0410126124C02
:106CD0004720D4F830756660EAF70AFFD4F804015B
:106CE000A7F1400540B10021C4F804113046D5E9B0
:106CF0000E32BDE8F0411847D4F8003143B1C4F872
:106D00000001A7F12001D5E90E32BDE8F041184796
:106D100000DEBDE8F08100BF0070045070B504468D
:106D200094B00E4615462146102268461C46F1F7DF
:106D3000CFFB102231460DEB0200F1F7C9FB68468C
:106D4000FFF748FF25B11022284608A9F1F7C0FB3C
:106D50002CB108AD0FCD20606160A260E36014B07B
:106D600070BD00BF0122024BC3F80424704700BF6E
:106D7000002008E0084B70B5C31A0D4607499B1068
:106D8000044659434022064808F070FC2B46014651
:106D90002046BDE870401847F0820020B76DDBB692
:106DA0009C1C0200402373B50B4C0093041B0B4644
:106DB0000D460A49A41061430646094A094808F0ED
:106DC00080FC014628B130462B4602B0BDE8704039
:106DD000184702B070BD00BFF0820020B76DDBB66F
:106DE00031F701009C1C0200F8B500220121054684
:106DF00040F20510EAF79EFE0F4800F0E9FD044658
:106E0000B8B900F005FE2F690C49384605F094F832
:106E1000031E09DB01263E642D69084905F11C00AB
:106E200005F08AF8031E02DA1C462046F8BDEE641F
:106E3000FBE76FF00404F8E7696F0100E02F020040
:106E40001FB5002201236C46CDE902236B46074A99
:106E5000CDE9004408F065FC28B943F60952002347
:106E6000684601F077FF04B010BD00BF43F7010092
:106E700010B5EFF31184202383F31288BFF36F8FD3
:106E8000074A136823F00201DB07116002D40120D6
:106E900008F0A9FD84F31188BFF36F8F10BD00BF08
:106EA000408300200C22104B014602FB00330020DF
:106EB00030B4D3E90E529863EFF31180202484F3A9
:106EC0001288BFF36F8F1C6C04F0C00444F00204FE
:106ED0001C6480F31188BFF36F8F1DB12B4630BC4B
:106EE0000248184730BC7047F08200209C1C02000A
:106EF00010B4EFF31180202282F31288BFF36F8F5A
:106F000016490B6843F0020413F001030C6017D01C
:106F1000134BD3F80C3413F4803311D0EFF31181F9
:106F200082F31288BFF36F8F0E4A136C03F0C00315
:106F300043F00203136481F31188BFF36F8F0123C1
:106F400080F31188BFF36F8F1BB1002010BCFFF7D7
:106F5000A9BF012010BC08F03EBD00BF4083002047
:106F600000E01050F0820020022808D0042808D148
:106F7000044B186C10F0070003D1FFF793BF0120FA
:106F8000FBE77047F0820020C3B21C20014A00FBDF
:106F900003207047F0820020074BD3E8EF2F42F028
:106FA0000101C3E8E01F0028F7D1930702D40120B4
:106FB00008F011BD704700BF4083002010B5EFF30B
:106FC0001184202383F31288BFF36F8F074A13685D
:106FD00023F001019B07116002D4012008F003FD9A
:106FE00084F31188BFF36F8F10BD00BF4083002072
:106FF0002DE9F041012280463549D1E8EF3FC1E853
:10700000E02F0028F9D133B9324933484B60CB60C7
:107010008A6004F0A4FF08F1FF33012B4BD8B8F1CC
:10702000010F06D12D4BD3F8503403F00303012B8D
:1070300041D009F0EDF9054650B1EFF31186202358
:1070400083F31288BFF36F8F0125244C244F20E077
:10705000244B1B78002BF0D00422204B0646C3F8AB
:107060000823F2E74DB3304605F084F8D4F84034F5
:1070700013F0FF030DD1D4F8082152B1C4F8083140
:10708000D4F8083120220123C4F84034C7F8A021E5
:107090002361D4F84C24D4F84C34D203E2D503F065
:1070A0000303012B02D0B8F1010FDBD155B186F3F8
:1070B0001188BFF36F8FBDE8F0810021202009F017
:1070C00044FAD3E70422054BC3F80423F3E700BFD7
:1070D000EC820020DC8200200C83002000E01050B5
:1070E00000E100E0A08D002008B5074808F0DFFEB1
:1070F00038B10648EBF73CF80448EAF713F90020EA
:1071000008BD6FF01200FBE7281D0200117101009D
:107110000A2838B50446074D04D1AB680D2128462E
:107120005B689847AB6803485B68E1B298472046C4
:1071300038BD00BF281D02002DE9F04340F206359E
:107140004768D00648BF4FF0030C3B7C02EA0505B8
:1071500058BFC2F3401C87B001F01F06B5F5837F0E
:10716000144646EA43168DF803C045D00DD8062DC7
:1071700044D005D8A5B1022D12D06FF0150038E02B
:10718000B5F5807FF9D101250AE040F2022295424F
:1071900036D0B5F5407F35D0B5F5007FEDD104256B
:1071A000220331D501237A688B405360B86890BBC5
:1071B0005F2E06F01F034FEA561175D83C4A52F86D
:1071C0002120C4F3004102EB8302D2F8803081F029
:1071D0000101C4F3404423F4706344EA410423F002
:1071E0000F031C4344EA8C0444EA0524C2F880409F
:1071F000002007B0BDE8F0830925D1E70825CFE7D7
:107200000625CDE70525CBE7630341BF01237A6857
:107210008B409360CAE731460DF1020208F0B6FDDB
:1072200014F4403F80460CD13146B86808F0C7FDE1
:10723000B8F1000FDCD19DF80210B86800F0F0FF43
:10724000D6E74FF0000901ABCDE90199CDE904394A
:10725000CDF80C903146B86803AA08F0E0FC484528
:10726000C6DB14F4003314D09DF80330C4F300449B
:1072700084F001048DF80E308DF80C508DF80D401F
:107280004B463146B86803AA00F01CFF0028CFDA4D
:10729000AEE7CDE904330DF1030303933146B8683B
:1072A00003AA08F0BCFCF1E7203350F82330FFDEDE
:1072B000FC2F02004209022A034670B503D0012ABE
:1072C00018D0CAB170BD0E4E326951680029F9D08C
:1072D000012503F01F030C689D400029F2D08A6845
:1072E0002A4002D030464B6898473CB1236821467B
:1072F0001C46F2E7034EE7E7034EE5E72346F6E7D1
:10730000F01C0200D41C0200B81C020038B545680D
:10731000A868C0B108F04DFD0146A0B9A86800F00A
:1073200047FF044688B902460949A86808F02BFDC2
:1073300022460121DB20EAF7FDFB2246012140F233
:107340000D10EAF7F7FB002038BD6FF00400FBE7F3
:10735000B5720100F0B545681646A8682A7C01F0B0
:107360001F0487B044EA4214002868D0B6F5001F15
:1073700004D1214608F075FD002051E00020B6F54B
:10738000800F01AA0190506039D1B3F1007F14BF82
:10739000052304238DF804300023CDE9042303934F
:1073A000EB680DF1030723FA01F111F0010139D166
:1073B000B6F1A07F36D104F01F035F2C4FEA5410C2
:1073C00003F120033ED8214A52F8202052F82330FE
:1073D000DB0727D43A462146A86808F0D7FC1630C8
:1073E00018D002972146A86803AA08F018FC0028C4
:1073F00016DB01222146A86808F0E3FCBCE7B3F1E4
:10740000C06F05D0B3F1007F14BF01230223C1E791
:107410000323BFE73946A86800F00CFF0028E0DA34
:1074200007B0F0BD3A462146A86808F0AFFC002836
:10743000D8D19DF80310A86800F0F2FED2E76FF0F3
:107440008500EDE751F82330FFDE00BFFC2F02007E
:10745000036803F01F025F2B02604FEA53129ABFCA
:10746000024B53F822000020704700BF4430020056
:107470002DE9F74F154606464FF0010800EB810154
:10748000B14203D1002003B0BDE8F08F3268C2F3EF
:10749000C323082BC2F3080400F2A0805148C75C44
:1074A00040F2FF139C4208BF4FF0FF34B2F1D05FAF
:1074B0004FEA126310D2192B12D8DFE803F014231D
:1074C0003734282F3411111111111111111111110B
:1074D000111111113A717477382B6AD04E2B25D0C7
:1074E0006FF08500CFE7C5F80446621C56D001A8AE
:1074F0000194FFF7ADFF019B4FF0010908FA03F378
:10750000436029E0C5F80C464FF0000A62E04FF0F6
:107510000009C5F80046601C16D13FE04FF0010994
:10752000C5F80446F7E7C5F80846EDE7C5F8104684
:10753000DBE7C5F860457388621C03F001032DD0BA
:10754000002BD4D14FF0010901A80194FFF780FF6F
:10755000019B08FA03F383604FF0010AD6F800B0EC
:1075600001A81BF4004F1CBF4FF001094FF0000AA7
:107570000194FFF76DFF019B1B4C00EB8300D0F8DB
:107580008020CBF3412B3B0243EA8B0343EA0A03FF
:107590001440234343EA4903C0F8803004366FE7C0
:1075A000C5F86445C7E7C5F86845C4E7C5F86C4544
:1075B000C1E701A80194FFF74BFF4FF0010A019BBF
:1075C00000EB8300D0F8803023F0E04343F08043A9
:1075D000C0F88030631CE1D0D146BFE76FF01500E2
:1075E00051E700BF4E450200F0F0FCFF2DE9F041ED
:1075F00004460D46476808F00BFF88B12021EFF3E1
:1076000011831A4681F31288BFF36F8F6068006898
:10761000D0F83001D0B983F31188BFF36F8FEEE754
:107620001E4B1B78002BE9D04FF0200864266368BE
:107630001B68D3F83031FBB9012008F095F9013E01
:10764000F5D10021202008F080FFEFE77B6A0020C1
:107650001D706368796A1B68C3F83C170121C3F881
:107660004017C3F83001D3F83001196582F311884F
:10767000BFF36F8FBDE8F081EFF311831A4688F3F3
:107680001288BFF36F8F61680968D1F83011002943
:10769000DCD183F31188BFF36F8FD2E7A08D002078
:1076A00070B40F4CD4E90015501A63EB050640097D
:1076B00040EAC6602026E0FB0615C4E90015002458
:1076C00000250849C1E90023074BC3E90045EFF352
:1076D000118186F31288BFF36F8F70BC02F062BA1B
:1076E00090140020781400208814002008B500228F
:1076F0000121E420EAF71EFA164A0020D2F81837D2
:1077000023F44033C2F8183700F0DCFE002820DBF9
:107710000120114900F062FF00281ADB00F0ACFEE6
:107720000E4B20F01F00C3E900010D4B0022C3E9FE
:1077300000014FF0FF304FF0FF310A4BC3E9000169
:10774000094B0A49187A00F0A7FE67220020084B6F
:107750001A6008BD00200E508805002090140020FB
:10776000701400207814002080050020A17601000C
:107770007083002008B500F07FFE064AD2E900328F
:10778000C01A054B61EB0201C3E90001400940EA60
:10779000C16008BD9014002088140020F7B5224B6A
:1077A0000146224F187A224BD7E90056D3E900232D
:1077B0009E4208BF954211D1B1F1806F0ED24901AE
:1077C000012938BF012101224D1946F10006C7E900
:1077D000005603B0BDE8F04000F086BF154BDFF85F
:1077E00058C0D3E90043DCE9002CA41843EB0C0C8F
:1077F0004FF0200E22466346C1FB0E23954276EBE6
:107800000301C7E900230DD2291B66EB0C04C8292C
:1078100074F10004B4BF01210021009100F02EFF9B
:1078200003B0F0BD0021F8E780050020801400209F
:10783000781400209014002088140020064BD3F800
:1078400040231C2A05D1D3F84403431E5842584113
:1078500070470020704700BF00C0FF0003689A0710
:107860000CD50368DB070DD50922074BC3F80C259F
:107870000F22C3F8042501221A60FEE7034B0360C0
:10788000EF3B0360704700BF00801050F000FA50DB
:1078900008B50123404A4148C2F80038404AD2F8AE
:1078A00040231C2A04BF3F4AC2F80C34FFF7D6FF1E
:1078B0000830FFF7D3FF0830FFF7D0FF0830FFF79D
:1078C000CDFF00F5F470FFF7C9FF374AD2F88C30CE
:1078D00043F44063C2F88C300022D30003F57F03E9
:1078E00003F54043D3F8001401310AD0D3F8001453
:1078F00039B1D3F800140132D3F80434402A0B60B4
:10790000EBD1254BD3F84024002A41D0FFF796FF56
:1079100048B1234BD3F83423244B9A429EBF1E4BCD
:10792000234AC3F84026FFF789FF18B1214B224AAA
:10793000C3F8AC27FFF782FF48B13422164BC3F8D7
:107940002426D3F83C2622F40022C3F83C261B4B05
:107950001549D3F80026D20744BF6FF00102C3F8DF
:107960000026174BD3F8182522F00302C3F8182578
:10797000D3F8182542F00302C3F81825D1F88C205B
:1079800042F44062C1F88C200022C3F8A02508BD53
:10799000C822C3F84024B9E70000125000C50D50BA
:1079A00000C0FF000030055000ED00E0001D0A1887
:1079B00040E0A91E00A0085078000A0400E0105022
:1079C00000B00450014B1B68184700BF74830020AF
:1079D00010B50C4C237993B9012323710A4B00286D
:1079E000206018BF184600F0F3F850B92368074824
:1079F000002B08BF1846BDE8104000F035B86FF006
:107A0000770010BD74830020C5790100D3F901000F
:107A100008B5074B1B6853B140F20510EAF77CF834
:107A200028B9BDE8084040F20510EAF753B808BD90
:107A30007483002038B504230A4C42F21075C4F850
:107A40000833012363610023C4F80831D4F80831F6
:107A5000D4F84C34DB0304D5012007F085FF013D49
:107A6000F6D138BD00E01050064A13793BB9012128
:107A700010601171044A1846C2F8403470476FF024
:107A8000770070477C83002000E0105010B51D4B3C
:107A90001D4CD3F84C14D3F84C2411F4803F19D06A
:107AA00002F00302012A01D08AB90022154BC3F863
:107AB00040240022C3F80821D3F8082101221A61CA
:107AC00022688AB9D3F80821002AFBD014E0FFF716
:107AD000B1FFEAE7D3F84824D107E6D5D3F850241C
:107AE0009207F4D422681AB10422C3F8042310BD0B
:107AF000D3F80821002AFBD00022C3F80821D3F8CC
:107B00000831F4E700E010507C830020F8B501252F
:107B1000184C194ED4F80C3303F00C0303B9F8BD1C
:107B2000B3FA83F30027C3F11F039A0002F58072B2
:107B300092B202F1A04202F58712176005FA03F132
:107B4000022B1268D8B2C4F8081310D1D4F84C3400
:107B5000D4F84C349B070AD10423C4F84054C4F829
:107B600004332561D4F80C3303F00C03D6E73368F3
:107B70009847F7E700E010507C830020712238B569
:107B8000104B0021C3F80823012242F210745A60FE
:107B9000C3F80011D3F800110B490A4DD1F8401376
:107BA0001C2908BFDA60D5F80C3413F4803305D0F3
:107BB000012007F0D9FE013CF5D138BD034A5371CD
:107BC000FBE700BF00E0105000C0FF0084830020EE
:107BD000054B0246187918B91A6001221A717047CC
:107BE0006FF07700704700BF848300200022164B9F
:107BF000C3F81021D3F81011C3F81821D3F81811C5
:107C0000C3F81421D3F814111049D1F840131C29DA
:107C100004BF01219960C3F80021D3F8002101229B
:107C20001A600B4A126852B9074BD3F80021002A98
:107C3000FBD00022C3F80021D3F800317047712235
:107C4000C3F80423704700BF00E0105000C0FF00DD
:107C500084830020F8B50126194C1A4DD4F80C3352
:107C600003F0710303B9F8BDB3FA83F30021C3F144
:107C70001F039A0002F5807292B202F1A04202F54F
:107C80008712116006FA03F7042B1268D8B2C4F801
:107C9000087308D0062B10D02B689847D4F80C3303
:107CA00003F07103DEE702236B71C4F81411D4F8FA
:107CB00014312023C4F80433EEE76971ECE700BF08
:107CC00000E01050848300201022054911F8013D86
:107CD000013A01330B701B0A01D0002AF6D170471C
:107CE000C8140020254B90B004931123244A254941
:107CF000CDE9062308AB059340F61102224BCDE9EE
:107D00000A12089320330C9321230CAA09921F4ACC
:107D10000090CDE90E230123CDE901320D932023FC
:107D20001B4A0393D2F8003443F00103C2F8003435
:107D30004FF0A34304AA1A600322C3F810D05A6379
:107D4000BFF35F8F9A639A6A12F0240F12D1D86B37
:107D500010F02300F7D14FF0A34310225A63002202
:107D60005A630B4AD2F8003423F00103C2F80034FE
:107D700010B070474FF0FF30EDE700BFA0300200B9
:107D80000400002020000020981400201000002093
:107D9000008004502DE9F04104464FF000088CB0FB
:107DA0006F4608EB0700FFF78FFFFFF79BFF6D465D
:107DB000064608BB08F11008B8F1300FF0D11CB12D
:107DC00004F13002944210D10FCD0D4C0FC495E850
:107DD0000F0084E80F0010340CAB13E90F0084E8A7
:107DE0000F0030460CB0BDE8F081396854F8043B10
:107DF0004B4047F8043BE5E74FF0FF36F1E700BFA3
:107E0000981400202DE9F04119B1002855D04029DF
:107E100056D800244FF48076A6464FF400772A4ABD
:107E2000DFF8A8C0D2F8003443F00203C2F80034EF
:107E3000274A284B82F839E01E601C645C645F634B
:107E4000C3F800C01D6B15F00E0FC5F34208F9D042
:107E5000B8F1050FEED092F839508DB95D68032D59
:107E6000F0D9D3F880501D61D3F880505D61D3F80C
:107E700080509D61D3F88050DD61012582F8395032
:107E80005D68B1EB850FDDD8124A61B1D2F8803060
:107E9000041D00F8013B84424FEA132301F1FF3136
:107EA000F3D00029F5D10020074AD2F8003423F09E
:107EB0000203C2F80034BDE8F0816FF01500FAE764
:107EC0006FF00600F7E700BF0080045001000400D7
:107ED000981400200010805130B58DB030216846D4
:107EE000FFF790FF18B14FF0FF300DB030BD68467E
:107EF000FFF750FF0028F6D101240025014BC3E90C
:107F00000C45F2E79814002010B50B4C94F838306B
:107F1000012B0BD040220021204609F0F0FDFFF795
:107F2000DBFF30B9012384F8383010BD6FF07700E3
:107F3000FBE76FF08B00F8E798140020F0B50546DA
:107F40000C4685B021B1002835D0B1F5803F32D83C
:107F50001A4E736BB3F5803F18D3FFF7BDFFA8B17E
:107F60006FF08B0005B0F0BD102C6846274628BF87
:107F70001027FFF7A9FEFFF7B5FE0028F0D128462D
:107F80003A46694609F095FDE41B3D44002CEBD1CF
:107F90002046FFF7FFFE0028E2D1D6E90C3201337C
:107FA00042F1000221462846C6E90C32FFF72AFFBB
:107FB0000028D7D0D4E76FF01500D3E7981400203D
:107FC000036803F01F025F2B02604FEA53129ABF4F
:107FD000024B53F822000020704700BFA43002007B
:107FE000034A4309D35C00F01F001844C0B2704735
:107FF00057450200F0B50646002487B0114F0191A5
:1080000017F8012B06AB03EBD20313F8143C02F074
:108010000702D34013F0010306D10134032CEFD142
:108020000023184607B0F0BD074A03AD07CA85E82C
:10803000070055F824100A6A46F824200A62002A2C
:10804000EBD0EEE76745020024270200F7B50446AF
:108050000846FFF7C5FF04EB4006B38A0D46DB0771
:108060002AD5204607F0B9FD2946204607F026FD0F
:1080700050B1204607F038FD0023276807EB800049
:10808000C0F81035C0F810352946204607F055FDD8
:10809000002101A8B1820195FFF792FF019B00EB3F
:1080A0008300D0F88020064B134043F00203C0F851
:1080B0008030084603B0F0BD6FF01500FAE700BF4E
:1080C000F0F0FCFF2DE9F043044685B00846154664
:1080D0001F46FFF785FF0E46804625B3204607F072
:1080E000F8FC18B9204607F0E9FC18BB04EB480976
:1080F000B9F8143003F01C0313B16B78012B19D0BD
:1081000001238DF80F3000233046CDE900536A1C5F
:10811000AB1C0DF10F0107F079FCB9F8143043F0F6
:108120000303A9F81430002F3ED03146204607F053
:10813000D0FC20B96FF0150005B0BDE8F083002237
:10814000397823684FEA810C03EB8103C3F81025CB
:10815000C3F8102504EB4802938A23F4604323F00C
:10816000200393827D78FDB12468B8786444D4F804
:1081700010750E4B2D043B40C4F8103541F6F073DA
:1081800005F4403503EA06130005D4F810752B43B7
:1081900000F4801003433B43C4F81035938A43EA4C
:1081A000413343F0200393820020C5E70FE0ECFF4A
:1081B00070B590F87440054690F8756044BB46224F
:1081C0002146143009F09BFC2146134A2B6852F8D3
:1081D00036608E4212D1002440F20D10C3F84441A3
:1081E000D3F844210D4A934208BFDB20E9F772FC23
:1081F0000123204685F874302B6670BDCAB2920008
:1082000002F58070442A04BF1C501A580131E0E77F
:108210006FF07700F1E700BFB030020000A00D5012
:1082200090F87500024B03EB800007F0B9BB00BF6C
:108230009005002010B5064B90F875000C4603EB36
:10824000800007F093FB0028A4BF2070002010BD21
:10825000900500202DE9F04F804658F804BB90F8B7
:108260007540DBF814136A4BC9B253F83420074643
:108270008BB0584641F4003107F088FC8203054674
:1082800039D50023CDE907330993614BE60003EBB1
:10829000C404636807A819460093FFF7ABFE331DBB
:1082A00003934FF0000A5B4B0DF11C090293029AF5
:1082B000574912F8013B0292039A02EBD3028A5CFF
:1082C00003F0070322FA03F3DB071AD40AF1010AC9
:1082D000BAF1030F09F10409E9D14FF4003100228A
:1082E000584607F053FC009907A8FFF783FE0028C3
:1082F000D7D125F400350124002D73D10BB0BDE892
:10830000F08F454B53440493D9F80060002EDDD024
:1083100096FAA6F6B6FA86F6049B1C7846EA44144A
:108320002046FFF75DFE07EB4000818AF208C1F3AB
:10833000820305930193012319F8020006F0070652
:1083400003FA06F620EA060009F8020006A80694D9
:10835000FFF736FE069A11F0100F02F1200250F8D6
:108360002260059BC6F3014623D04046019A214670
:1083700007F0C4FB06A80694FFF722FE069BF6B2A0
:10838000203350F82330C3F301439E4207D100212C
:10839000204607F084FB3146204607F080FB06A804
:1083A0000694FFF70DFE0122069B02FA03F3036217
:1083B000AAE7022E14BF022103212046059307F0ED
:1083C0006EFB059B032B03D0022E07D1012BE6D1B8
:1083D00021464046019A07F091FBE0E7032EDED1EB
:1083E000022BF4E795FAA5F3B3FA83F304FA03F248
:1083F00025EA020503F5A2725BF8222007EB43038E
:108400004046B3F86410C2F3014207F077FB73E70C
:10841000B030020067450200674502000123034AAD
:1084200003FA00F0936803439360704778010020DB
:1084300073B504460191EFF31186202383F312886C
:10844000BFF36F8F0B4D019B6A6801A81340019326
:1084500007F08CFA002807DB01226B68824023EAD0
:1084600002036B602070002086F31188BFF36F8FCA
:1084700002B070BD780100204FF0FF326FF0404332
:1084800030B5044CD4E90001824273EB0105F9D305
:1084900030BD00BF40270E5030B50C25074B1C18CF
:1084A00094F8544005FB0433C3E903121875012303
:1084B000034A8340C2F8243330BD00BF7801002056
:1084C00000200E50F8B53E4C2278002A72D13D4B68
:1084D000D3F8101521F00201C3F81015D3F81015C8
:1084E00041F00101C3F810150521C3F8A4160421B9
:1084F000C3F8AC160723672101F001000244013BD9
:10850000D2B24FEA5101F7D1052A56D119464FF0A0
:10851000010C2B4E00256720CFB204E00CFA02F2CA
:1085200020EA0200013590FAA0F25FFA85FEBE450E
:10853000B2FA82F2F2D3013132750529224482F86F
:10854000547006F10C06E5D1012100251E489A0859
:1085500001FA02F212F0670F18BF1D500433302BDE
:10856000F5D1E420E9F7B6FA164B1849D3F81025EF
:1085700003F5C07322F00202C3F8902340F6FF72A5
:10858000C3F8A82100221A60A3F5807004338B423F
:108590000260F8D101250B4B0D4A1D660D4B5D2085
:1085A0001B68B3FBF2F358430B4B2B439847002057
:1085B0002570F8BD6FF07700FBE76FF08B00F8E7F0
:1085C0007801002000200E5000210E50B0210E50E6
:1085D00040420F008C0500209027020038B5244B44
:1085E0000D46D3F8102594073CD4D3F8102542F05B
:1085F0000202C3F81025C0B1D3F8482712F00102D7
:1086000002BFD3F8481741F00101C3F84817184BCF
:10861000D3F84017D3F844174800F9D42AB9D3F84F
:10862000482722F00102C3F84827124B124A1B6860
:10863000B3FBF2F30E4A03EB4313B3B1D2F8401786
:10864000D2F8441749000BD44FF0FF312846FFF70A
:10865000EFFE044610B92878FFF7E0FE204638BD4B
:10866000013BEAE76FF07704F8E76FF07304F5E792
:1086700000200E508C05002040420F0070B51E46B1
:108680001546174A9DF81010131893F854300C3300
:1086900002EBC30442F833506660C6F313020401D0
:1086A000A1B104F1A04404F56224C4F82055C4F833
:1086B00024250C4C80000444236833B1FFF7DCFE12
:1086C000A842B14101D20023236070BD04F1A04350
:1086D00003F56223C3F82055C3F82425F5E700BF4E
:1086E0007801002000210E50F0B50E4D2B1893F8A4
:1086F000543000010C3355F8334005EBC3077E6856
:10870000641800F1A04021F0004146F1000641EA62
:10871000C27100F5622045F833407E60C0F828152C
:10872000F0BD00BF78010020F7B5284B284CD3F8E6
:108730002C6304F188070EB903B0F0BD96FAA6F0D9
:108740000123B0FA80F08340DA43224926EA030687
:10875000231893F85450830019440C2303FB05435A
:10876000DB6873B3D7E8EF3F03EA020CC7E8EECF4C
:10877000BEF1000FF6D1C340DB0719D5020102F1AB
:10878000A04202F56222D2F82435D2F82025D1F891
:1087900000C0BCF1000FCED04FF0000CC1F800C0FB
:1087A0000C2101FB054529690091E9688847C2E76A
:1087B00005F10C0304EBC30C54F83320DCF804304F
:1087C000E5E70A68002AB6D00B60B4E700200E5037
:1087D0007801002000210E50F8B50F4614461D46C2
:1087E000084E304607F063FB10B96FF08300F8BD08
:1087F000B368394630461B68A2B298470028F4D1C6
:108800002C60F4E70C1D020038B5EFF3118520232E
:1088100083F31288BFF36F8F064B9C6807F05AFBF7
:1088200085F31188BFF36F8F2046BDE83840E9F724
:1088300013BA00BF8C83002038B50A4B53F8204090
:10884000013053F82050A54200D838BD606830B1DF
:10885000037EDB0701D407F012FB0834F3E723683B
:108860009847FAE7C0300200012270B5294B86B064
:1088700003201A70FFF7E0FF01F032FA0420FFF73F
:10888000DBFF254C254D2646AE4204F130040FD3C4
:1088900000F0D0FE204CAC4226D300F0DFFEE8F71B
:1088A0001DFD1F4A938923F00103938106B070BD1B
:1088B00054F80C3C059354F8103C049354F8143CC1
:1088C000039354F8183C029354F81C3C019354F859
:1088D000203C009354E90A2354E90C0100F0B4FC55
:1088E00054F8303C5E65CEE7D4E90A23B3F1FF3F8C
:1088F00008BFB2F1FF3F05D052EA0301206803D15F
:1089000007F03FFE3034C6E70649183001F0BAF8E8
:10891000F8E700BFA08D0020D8250200382602000D
:1089200058150020D90402000023012270B586B03A
:10893000CDE904230F220193CDE9023214234FF431
:10894000A0720E4D0E4E03FB00550E4906EBC016ED
:10895000044602FB00110C4B3046009500F074FCFD
:10896000337C2C7423F004033374084B013403EB81
:10897000C423EE606B6006B070BD00BF8C83002026
:10898000D814002030B80020D5FF010030B00020FE
:108990007FB50020FFF750FF284B03F5006282F3FC
:1089A000088883F30A880024E023254D85F82230C7
:1089B000EC772C766C76AC7685F820406B6A43F4C5
:1089C000E0236B6285F82340E9F73CF8E9F72EF9DC
:1089D0004FF0FF33AB62EB62E9F710FBE9F7AAF95E
:1089E000184800F09BFC0120FFF726FF0220164DDF
:1089F000FFF722FF00F05CFE144B4FF400625D6154
:108A0000134B1449059301232846CDE90343CDE9CF
:108A10000144114B009400F017FC06462B7C2846BD
:108A200023F004032B7407F034FD2046FFF77CFF8E
:108A300031462846084AE9F7D9F800BF30B000208F
:108A400000ED00E078160020581500208C830020EF
:108A5000CB43020070B900206988010038B5064C8C
:108A6000064DAC4201D3002038BD2046D4E90112A6
:108A700007F033FA1434F4E7140600202806002027
:108A800038B5074C074DAC4201D3002038BD204615
:108A900007F047FA08B91C34F5E76FF01500F5E761
:108AA000C00500201406002073B50C46EFF31181B9
:108AB000202585F31288BFF36F8FC5685DB12560EF
:108AC0002B68C360836901338361002081F31188BF
:108AD000BFF36F8F11E052EA030603D16FF00B0072
:108AE0002560F3E7CDE900230246083000F000FDE1
:108AF00018B9034B9B685B69236002B070BD00BF6F
:108B00008C8300202DE9F341044617461E46EFF3FF
:108B10001188202383F31288BFF36F8F304BC26814
:108B20009B6872B18068984217D057EA060216D146
:108B300088F31188BFF36F8F6FF00F0002B0BDE8AC
:108B4000F08193F90E1001322161C4E9023288F3F9
:108B50001188BFF36F8F0020F0E72169F3E793F9E5
:108B60000E1090F90E30994230DA9942A8BF19469A
:108B700007F03BFA054622464146CDE90076194802
:108B800000F0B6FC0028E6D0EFF31186202383F333
:108B90001288BFF36F8FA068D0B1236821699C420F
:108BA0000AD04BB193F90E309942A8BF19466FF025
:108BB0007F039942B8BF194607F017FA40B1314612
:108BC000084807F099FC6FF00A00B7E70025D2E7E4
:108BD000002DF4D186F31188BFF36F8FF3E700BF48
:108BE0008C830020A18D0020F8B583680546002BFA
:108BF0003FD0234A926893423ED1C368012B03D9E8
:108C0000013BC3600020F8BDEFF31187202383F3FD
:108C10001288BFF36F8F0169806807F0E6F92C684E
:108C2000A54207D10023C5E9023387F31188BFF3BA
:108C30006F8FE7E7002CF5D0D4E9003200261360EF
:108C40005A60237CC4E9006623F002032374A66003
:108C500004F1180007F0EEFCAC6094F90E302046E9
:108C60002B61A66707F015FC3946064807F044FC5F
:108C7000C8E76FF01500C6E74FF0FF30C3E700BF4D
:108C80008C830020A18D002037B51146EFF31185AC
:108C9000202282F31288BFF36F8F04689CB123688F
:108CA000426823F003039442036008BF436001213C
:108CB000204607F01DFA044685F31188BFF36F8F35
:108CC000204603B030BD51EA0302F5D000F108029E
:108CD000CDE900131046294600F00AFC0028EFD128
:108CE000014B9B685C69EBE78C83002070B5EFF368
:108CF0001186202383F31288BFF36F8F0468A0428C
:108D00001AD0CCB1D4E90032002513605A60237C1C
:108D1000C4E9005523F002032374A56004F1180090
:108D200007F088FC2046A56707F0B3FB3146BDE895
:108D30007040074807F0E0BBD0E902329A4218BF02
:108D40000133836086F31188BFF36F8F70BD00BF5E
:108D5000A18D002013B5EFF31181202484F3128834
:108D6000BFF36F8F846844B1013C846081F3118844
:108D7000BFF36F8F002002B010BD52EA030406D18A
:108D800081F31188BFF36F8F6FF00F00F3E7CDE928
:108D900000230246014800F0ABFBECE7A18D002068
:108DA00007B5074B4FF48062009306494FF0FF333D
:108DB000054800F06DF9002003B05DF804FB00BF2A
:108DC000D830020070C10020D81500202DE9FF41E5
:108DD00004462027534EEFF3118887F31288BFF320
:108DE0006F8FD4F88450F5B9022104F19C0007F08C
:108DF000DEF9002870D004F19405002201212846F4
:108E000007F0DFFB0028F8D100234FF0FF32029378
:108E10004FF0FF334146CDE90023434804F18C0273
:108E200000F070FDD7E7D4F888202B689542C4F88D
:108E3000843008BFC4F88830D4F89C3043F0020373
:108E4000C4F89C30EB6823F0040343F00103EB60AB
:108E50006B6888F31188BFF36F8F28469847EFF34C
:108E6000118887F31288BFF36F8FEB68D80623F061
:108E700001023ED4EA60EB689A0717D5306823F008
:108E80000203EB6090B10021036878B1426895421B
:108E90003DD10368002934D172683360904200D11B
:108EA0007360002340F8083BFFF720FFD4F89C30A4
:108EB00023F00203C4F89C30DB0530D4D4F88430AE
:108EC000003B18BF012388F31188BFF36F8F002B7D
:108ED00081D000F0F5FB7EE7D4F89C30D90693D51D
:108EE000C4F89C0088F31188BFF36F8F04B0BDE80D
:108EF000F08123F01103EB6005F11000FFF7F6FE9F
:108F0000B9E70B607368984208BF7160C9E7014612
:108F10001BB11A6818461346B7E71A46FAE700234A
:108F2000D1E700BFAC830020A18D002070B5C368DD
:108F30000546C3F340069B070C460DD501220021D0
:108F400004F1080007F027F900232360054B656052
:108F50005A681AB9C3E90044304670BD14605C60B9
:108F6000FAE700BFAC830020F8B5C36804469A074F
:108F70000E46C3F3400542D45F0742D40B680BB9D9
:108F800083680B60E368D80742BFA368022533609B
:108F9000376858BF012557B31B4B9A68D7F8803004
:108FA0009A421ED107F034FA80F00100C0B2D7F81F
:108FB0009C30D907C3F380021CD5F2B1F8B100236D
:108FC0002360D7F8883073B9C7E92144384607F0E1
:108FD00009F9E36843F00403E3603368A3602846BB
:108FE000F8BD0020E3E71C60C7F88840EEE76FF0AB
:108FF000150506E06FF0120503E01B07DFD56FF0E3
:109000000F0500233360EAE78C830020F8B5C368BE
:10901000064603F00503002B0C4614BF012700276A
:109020001CD085680122002104F1100007F0B3F87C
:109030002046134907F037F9E36843F01003E36073
:10904000F3685B0712D5336823606BB9D5F88830B5
:1090500033B9C5E92144284607F0C4F83846F8BDBD
:109060001C60C5F88840F6E73460F4E7D5F8843032
:109070002360D5F88830C5F88440002BEBD1F0E7A9
:10908000C50102000146014807F038B9D815002093
:10909000F0B50446002089B00E9DC4E9210004F11A
:1090A0008C00C4E9230004F19400C4E9250055B301
:1090B0002879002840F2011008BF0120C4F89C0064
:1090C00000204FF0FF364FF0FF37CDE90330CDE9F8
:1090D0000100CDE9066720460C4B009400F0F2F841
:1090E00055B1296811B1204607F098F96B791BB189
:1090F000A38943F00103A381204607F042FAC4F894
:10910000804009B0F0BD0120D8E700BFCD8D01003F
:1091100037B501900846EFF31184202181F31288BE
:10912000BFF36F8FC16811F01E0F16D153EA02050D
:1091300008D101A9FFF718FF84F31188BFF36F8FDF
:1091400003B030BD41F00801C16001991030816168
:10915000034900F097FC0120EEE70020ECE700BF98
:109160005902020001460148FFF7D2BFD81500207E
:10917000F7B50C4616461D460190EFF311872023E4
:1091800083F31288BFF36F8F084607F01CF855EA87
:10919000060309D1204601A9FFF7E6FE87F31188EF
:1091A000BFF36F8F03B0F0BDE368324643F00803AE
:1091B000E360019B0449A36204F110002B4600F018
:1091C00061FC0120EAE700BF5902020001460148A4
:1091D000FFF7CEBFD81500202DE9F0410546EFF38B
:1091E0001187202383F31288BFF36F8F0468A04296
:1091F0001BD0D4B10026204607F0FDF804F118007A
:1092000007F018FAB0462046C4F8788007F041F914
:109210002C680136A54210D07CB1204607F0EBF84F
:1092200004F1180007F006FAEDE787F31188BFF3A1
:109230006F8F00263046BDE8F0813946014807F0BF
:109240005BF9F7E7A18D00202DE9F043984685B042
:1092500000F15803C0E91633109B002683810423D4
:10926000073222F0070503740F9B01EB05090F4637
:1092700083734946C0E906668660C6730446E8F70C
:10928000DFF90E9B073020F00700A066C4E91875CF
:1092900002930D9BA9EB000901930C9B4A46009396
:1092A000394643462046E8F785FC054B66659B68D2
:1092B00003B1DB6E4846E36605B0BDE8F08300BF4E
:1092C0008C830020F0B5002587B00595109DDDE961
:1092D000127604950F9D044603950E9D02950D9DF3
:1092E00001950C9D0095FFF7AFFFB6F1FF3F08BF5A
:1092F000B7F1FF3F05D056EA070305D1204607F036
:1093000040F9204607B0F0BD3A46334604F1180054
:10931000014900F0B7FBF4E7D9040200012310B5BE
:109320000374838100230446C0E9183300F0CAFCAB
:10933000014B9C6010BD00BF8C8300206FF00A01C0
:10934000084A93689967084958674B6843F0805307
:109350004B60002383F31188BFF36F8F9368986F7E
:10936000704700BF8C83002000ED00E070B590F9DD
:109370001020037C002A2FDBD9062DD11A4C63F074
:109380007F032246037452F8183FE169934207D1E4
:10939000C0E900210860E0610FE09942F8D01B6845
:1093A000002BF5D093F90E6090F90E50AE42F4DD2B
:1093B0005968C0E9003108605860A569954200D03D
:1093C00005B9E568A3681A7CD20606D1DA897F2A36
:1093D00003D9AA690AB9636170BDAB4202D02846BD
:1093E00000F0D2FA6561F7E78C83002038B590F978
:1093F00010200146002A037C04DA03F07F03037483
:1094000007F00FF80D4D2A4652F8184FAB689442FA
:1094100000D004B9EC688B4207D01A7CD20604D184
:10942000DA897F2A01D9A2692AB1A34202D0204653
:1094300000F0AAFA23466B6138BD00BF8C83002080
:10944000B3F1FF3F08BFB2F1FF3F03D0024918302C
:1094500000F018BB704700BFD9040200034648B9AA
:10946000EFF3058232B9064A51699268914201D000
:10947000FFF764BF83F31188BFF36F8F704700BF9E
:109480008C83002038B5184CA168E0690B688142D4
:1094900014BF1A46002249680B605960A368E1694D
:1094A0002AB9124AC3E900210B60E3610AE092F98C
:1094B0000E5093F90E00854212DD5168C3E9002178
:1094C0000B605360A569094B9D4200D005B9E56862
:1094D000A3689D4202D0284600F056FA656138BD67
:1094E0008A42DED01268DBE78C830020A483002050
:1094F000F8B5DDE906670D4B0C46986811460C4A35
:109500001060EFF31182202282F31288BFF36F8F75
:109510009D68284606F097FF284632463B46FFF7EF
:109520008FFF2046BDE8F840FFF708BF8C8300207E
:10953000B4830020F8B50446EFF31187202383F3AA
:109540001288BFF36F8F037C49B203F01F02002A19
:109550000CBF0126002635D103F07F032A4D03748A
:1095600006F05FFF2A46037C817363F07F03037478
:1095700052F8183FE869934207D1C4E9002004601B
:10958000EC610DE09842F8D01B68002BF5D093F900
:109590000EC08C45F6DD5968C4E900310C605C6092
:1095A000AC69944200D004B9EC68AB689C4202D02C
:1095B000204600F0E9F96C6187F31188BFF36F8FE3
:1095C0003046F8BD9B071CD5856806F02AFF8173DD
:1095D0002B689D4209D16B68C4E900531C606C6024
:1095E000EAE76A689A42F6D01B68002BF3D093F939
:1095F0000E208A42F5DD5A68C4E9003214605C60CE
:10960000DAE78173D8E700BF8C830020034648B9AE
:10961000EFF3058232B9064A51699268914201D04E
:10962000FFF78CBE83F31188BFF36F8F704700BFC5
:109630008C830020EFF31181202383F31288BFF382
:109640006F8F054B9A68D37B013BD37381F31188ED
:10965000BFF36F8F704700BF8C83002070B5EFF3AE
:109660001186202383F31288BFF36F8F0F4DAB68F1
:10967000DA7B0132DA732A4652F8184F944200D04E
:1096800004B9EC681A7CD20604D1DA897F2A01D9A0
:10969000A2692AB19C4202D0204600F075F9234607
:1096A0006B613046BDE87040FFF7D8BE8C83002068
:1096B000024B03F11802C3E9062270478C83002095
:1096C00070B5EFF31186202383F31288BFF36F8FF9
:1096D0001A4CA168E0690B68814214BF1A46002247
:1096E00049680B605960A368E1692AB9144AC3E963
:1096F00000210B60E3610AE092F90E5093F90E002D
:10970000854216DD5168C3E900210B605360A569ED
:109710000B4B9D4200D005B9E568A3689D4202D07D
:10972000284600F031F965613046BDE87040FFF72A
:1097300005BE8A42DAD01268D7E700BF8C830020CA
:10974000A4830020F8B550EA010306460C4603D175
:10975000FFF7B6FF0020F8BDEFF31187202383F356
:109760001288BFF36F8F124D124BA8681860FFF775
:109770003DFEA868234632460F49183000F082F9B2
:10978000AA680446137C384643F004031374FFF7B9
:10979000D5FDAB68D3E90A23B3F1004F08BF002A17
:1097A000D8D106F07CFF201A20EAE070D3E700BF92
:1097B0008C830020B4830020D9040200014B9868F8
:1097C000704700BF8C8300202DE9F8430446878949
:1097D000EFF31186202383F31288BFF36F8F037C8E
:1097E000190705D586F31188BFF36F8FBDE8F8839D
:1097F000D90943F008026FD10274A36813B120465F
:1098000006F017FE04F1180006F014FFA56D04F130
:109810005808A84511D04FF0000975B1284606F048
:1098200008FE05F1180006F005FF2846C5F87890F7
:10983000FFF79CFDA56DA845EFD1DFF8BC80D8F8F7
:1098400008309C4250D1EFF30589B9F1000918BFE7
:109850004FF00109D8F81850284A954200D00DB9A8
:10986000D8F80C50AB4202D0284600F08DF82046C4
:10987000C8F8145002F067FCB9F1000F02D020487C
:10988000FFF74CFDD8F808309C4230D1EFF3058348
:109890006BBBA289D20711D586F31188BFF36F8FF6
:1098A00083F31188BFF36F8F0423184602DFEFF3B1
:1098B0001186202383F31288BFF36F8F3046FFF7A2
:1098C0003DFDFB0792D5002383F31188BFF36F8F13
:1098D0000423184602DF89E703F07F0343F00803FF
:1098E000037406F09EFD88E74FF00009B2E786F3A7
:1098F0001188BFF36F8FE4E78C830020A4830020DE
:1099000078160020D3B5DDE90667089CCDE900672D
:10991000FFF7EEFD1CB1034B9B685B69236002B04F
:10992000D0BD00BF8C830020027C034612F01F02D2
:1099300010D10A4988420DD00949086868B1D9890F
:109940007F2909D893F90E20064B1B689A42B8BFAD
:10995000002070470020704710467047D814002040
:1099600098050020B88300200122044BC01A044B44
:10997000C0105843034B1A54704700BFF81600201C
:10998000ABAAAAAAA18D002070B50C4B0C4D1E7C71
:10999000FFF7CAFF182303FB06550446284606F0C6
:1099A00049FE0022074B9A553CB1621E2846BDE88D
:1099B00070400549D31700F065B870BD8C83002056
:1099C000F8160020A18D00206999010038B5EFF349
:1099D0001185202383F31288BFF36F8F0F4B104A3A
:1099E0009C681068A04206D1FFF7CEFF85F311886E
:1099F000BFF36F8F38BD00211B7C1160094AD35C17
:109A0000002BF3D02046FFF78FFF0028EED0237CF9
:109A1000DB0601D1FFF736FD2046E5E78C83002009
:109A2000B4830020A18D0020024B1868984208BF23
:109A3000002070479C050020034B1B680BB9FDF705
:109A400099BE0020704700BFBC83002030B570B1C4
:109A50000B4B5B6898420AD0036843B1D3E90421F9
:109A6000D0E90445121941EB0501C3E90421D0E90D
:109A7000003213605A600023C0E9003330BD00BFDC
:109A80009C050020B3F1FF3F08BFB2F1FF3F2DE975
:109A9000F84F0446994615461F467AD08160EFF389
:109AA0001188202383F31288BFF36F8FB9F1000F61
:109AB000DFF8E4A020DBFFF7BFFFDAE9002701357C
:109AC00049F100092D1849EBE07306464FF00109F2
:109AD000C4E90453AD1843EB0707FFF7A5FF03469E
:109AE000DFF8B8E0DEF804A0EBB9C4E900EACAF890
:109AF0000040CEF8044028E06FF00103DAE90012DC
:109B00005B1A4FF0FF3161EB02025B1B62EB090253
:109B1000012B72F10001BCBF012300224FF00009AC
:109B2000C0E90432D9E7D3E9041CD4E904208A420D
:109B300070EB0C0B24DA891A5A686CEB0000C3E94D
:109B40000410C4E9003214605C60FFF76DFF8442CA
:109B50000ED1134B1B685BB9B9F1000F02D1FFF7AF
:109B60006BFF0646304606F04EFD0021FDF716FE5F
:109B700088F31188BFF36F8F28463946BDE8F88F08
:109B8000521A60EB0C005345C4E90420ADD01B68A9
:109B9000AAE700252F46EFE7101700209C050020BC
:109BA000BC8300202DE9F047DFF8A8900246C9F8F1
:109BB00000000D46FFF738FF00260027DFF89880E9
:109BC0004FEAE27ED8E9001350B1D0E9044CA2423A
:109BD0007EEB0C0A1ADAA41A6CEB0E06C0E90446F6
:109BE0000024521843EB0E032046C8E90023C9F8AD
:109BF000004006F008FD2146FDF7D0FD85F31188F1
:109C0000BFF36F8FBDE8F047FFF7E0BE611843EB8D
:109C1000E473C0E90467C8E90013FFF717FF0122E6
:109C20004FF00043C0E9042385F31188BFF36F8F21
:109C300083689847EFF31185202383F31288BFF3DD
:109C40006F8FD9F80020121BC9F80020FFF7ECFE37
:109C5000B6E700BFBC8300201017002010B5EFF35B
:109C60001184202383F31288BFF36F8FFFF7E4FE84
:109C70000346054AD2E90001181841EBE37184F369
:109C80001188BFF36F8F10BD101700202DE9F04130
:109C900005460E46174606F0BBFB28B9074B9B68E6
:109CA000DC6E14B9BDE8F081054C3B4632462946CE
:109CB0002046BDE8F04106F03EBD00BF8C83002089
:109CC00014060020014BC366704700BF1406002035
:109CD0000146024A0020FFF7D9BF00BFC3BC010004
:109CE000014802F0A5B800BFD9430200054B5A78DD
:109CF000022A04D11878C31F5842584170470020E7
:109D0000704700BFC08300200E4B0340B3F1607F5B
:109D100006D1B1F5885F0CBF00206FF08600704758
:109D2000B3F1707F0BD101F4E043B3F5005F06D1CE
:109D300011F4E06F14BF00206FF0860070476FF0E1
:109D4000860070470000C07F8A42F8B506460D467F
:109D500000F0D2806C4B22F4FF7121F00101994296
:109D600022F0FF070FD003F588539F420BD022F457
:109D70007F7121F00301A3F57063994203D003F5CD
:109D8000A0639F4227D1604B25F4FF7121F00101B0
:109D9000994210D05D4925F0FF038B420BD025F48A
:109DA0007F7020F00300A1F57061884203D001F5B7
:109DB000A0618B420FD115F0FF000BD0544B40F047
:109DC0000070984240F09A8082EA0500FF288CBF1C
:109DD00000200120F8BD05F0FE43B3F1A06F11D1C2
:109DE00002F0FE43B3F1A06F71D182EA050333F4B0
:109DF0007E136CD12C046AD5C5F30540C2F305422D
:109E00009042E4E7B3F1407F61D102F0FE43B3F149
:109E1000407F5CD182EA050030F47E1457D1314690
:109E20002846FFF771FF002868D13A4912F47C10E8
:109E300001EA020116D0B1F1607FC2F3054335D1CA
:109E4000D1B241F0007101F17E410339102901D8EE
:109E5000314C645C15F47C1F2ED19C4214BF002051
:109E60000120B7E7B1F1607F0AD1D3B243F00073AC
:109E700003F17E43033B102B44D82849CB5CDFE73A
:109E8000B1F1707F16D106F4E043B3F5005F37D12E
:109E90000123C6F302218B4006F4E041B1F5005FD7
:109EA000D8D10124C6F30226B440D3E7B1F1707FC4
:109EB000D0D1F1E70346CDE718B9C5F30541A1427A
:109EC0001AD0290403D5C5F3054098427FE725F44D
:109ED0007F03B3F1106F0AD102F0FE43B3F1106FAC
:109EE0000CD10F48104040F01060A842B6E70D4B6F
:109EF0009D4203D1AF42B1E701206BE7002069E743
:109F00000346C9E703469BE700020006001300066C
:109F1000FF0000020000C07F6A4502006A4502009F
:109F20000000FFF60001000A37B505460C46FFF7B2
:109F3000DDFE78B100230A4601932946074801ABAC
:109F4000FEF74AFC20B9019BA34218BF6FF09300B3
:109F500003B030BD6FF08800FAE700BFC483002073
:109F6000F0B50446084624F47F01B1F1106F87B0C4
:109F700026D1456800F120012D0A21D1068806F47A
:109F80004F45B5F5824F1BD10F4D104F254045F081
:109F90001065BD4214D1F6B2122E11D14588B5F527
:109FA000807F0DD10E9D009204950D9D03950C9D13
:109FB000CDE901352346426E07F0BDF907B0F0BD8B
:109FC0006FF08500FAE700BF0000FFF6000002090D
:109FD0002DE9F843884617461C4600F0D5F905469A
:109FE000002844D1D8F80060B6F8009009F4E043A6
:109FF000B3F5804FB36808BF27F0010737EA0303C2
:10A000002DD1A4B3244B24F4FF7222F001029A4212
:10A0100010D0224A24F0FF0393420BD024F47F7126
:10A0200021F00301A2F57062914203D002F5A06213
:10A0300093421FD114F0FF0304D0194A43F0007378
:10A0400093421ED022464846F168FFF77DFE074640
:10A0500068B9224648463169FFF776FED0B96FF0FD
:10A06000840500233046C8F8003007F05EF8284623
:10A07000BDE8F88304F0FE43B3F1407F04D123042C
:10A08000E0D56FF08605ECE7B3F1A06FF7D0044B95
:10A090009C42D6E73D46EAE70002000600130006B0
:10A0A000FF00000238B500F0FE43B3F1407F0446E4
:10A0B0000D4602D06FF0860038BDFFF725FE002860
:10A0C000F8D114F47C1F18D0C4F30543032B13708C
:10A0D00022D9224A2240B2F1607F31D1E4B244F069
:10A0E000007404F17E44033C102CE3D81C4A125D3A
:10A0F0009342DFD8202BDFD90EE0184B2340B3F179
:10A10000607F0FD1E3B243F0007303F17E43033B62
:10A11000102B04D9002313706FF08500CCE7114990
:10A12000CB5CD3E7B3F1707FF4D101F4E043B3F536
:10A13000005FEFD10123C1F302218B40DBB2C5E701
:10A14000B2F1707FB6D105F4E042B2F5005FB1D153
:10A150000122C5F30225AA40CAE700BF0000C07F64
:10A160006A4502006A450200002307B51A460091BD
:10A17000024906F0FBFE03B05DF804FBE430020088
:10A1800010B5114C2378580744BF03F0FB0323702C
:10A19000990705D500F096F8237823F00203237081
:10A1A00063781BB10023094A6360536000230821D0
:10A1B0000648637000F0F8FB2378DA0744BF23F009
:10A1C0000103237010BD00BFC0830020C4830020A2
:10A1D00038B5FFF78BFDD8B9124C2378DA075CBF8E
:10A1E00043F0010323709D0707D400F063F8237840
:10A1F000054643F00203237088B9627832B9D90763
:10A2000004D5094962604A6002226270580702D58B
:10A210000025284638BD43F004032370F8E7FFF714
:10A22000AFFFF6E7C0830020C483002000F1404266
:10A230000F2A30B50CD868241D4B04FB02331A7E5C
:10A24000022A02D15A69824226D06FF08B001CE0AC
:10A250006FF04043421E9A420ED2154A0024134624
:10A26000157E022D02D15569854212D00134102C81
:10A2700002F16802F4D1E8E700F1004303F580330E
:10A28000B3F5704FE9D36FF0870030BD6FF09600E3
:10A29000FBE7682202FB04331A7E022AF6D1DA6950
:10A2A000501CF3D00132DA6100200B60EDE700BFF3
:10A2B000CC8300200122024B002083F880267047C7
:10A2C000CC8300202DE9F0410A4C002526464FF0B2
:10A2D000010803272046C4F81C802776013506F0C4
:10A2E000A6FB102D04F16804F4D1002386F8803613
:10A2F000BDE8F081CC830020F8B5214D064695F8E5
:10A3000080360F46002B34D000242B462246197E7F
:10A31000F9B13CB9022905D1D96919B919790029CE
:10A3200018BF1C460132102A03F16803EFD114B99B
:10A330006FF08C000BE0237E022B04D1E3695A1CE2
:10A340001CBF0133E361204606F071FB10B100240D
:10A350000DE01C46237E7BB90123237636B1094BE1
:10A36000651BED105D4305F18045356000203C60C4
:10A37000F8BD6FF08800EAE76FF09600E7E700BFEE
:10A38000CC830020C54EECC438B50025084B0D60C9
:10A3900093F8803643B1FFF749FF10F18C0F02D1DB
:10A3A0006FF087000D6038BD6FF08800FBE700BFDD
:10A3B000CC83002010B500F0FE44B4F1A06F07D0AC
:10A3C000B4F1806F01D0094C00E0094CA04202D0EA
:10A3D0006FF0850010BD0120B1F5105F1070F7D14E
:10A3E0000BB90020F6E702221A70FAE70002C00358
:10A3F000004440047FB5036816460E4A23F47E13DA
:10A4000093420D4613D16946043007F071FA0446B1
:10A4100020B932466946284607F04BFB68461021B2
:10A4200000F0C2FA204606F060FA04B070BD6FF08A
:10A430008800FAE70002C00310B5036804464BB178
:10A44000094A23F47E13934206D1043000F0D6FA71
:10A4500000232360002010BD4022002107F04FFBA5
:10A460006FF08800F7E700BF0002C0032DE9F84352
:10A47000D0F8009005460E461746B9F1000F30D1CE
:10A4800023F47E140360184B9C420FD100F10408A2
:10A49000404607F063F931884B462046728806F043
:10A4A00074FE014658B96FF0850416E04022494613
:10A4B00007F025FB6FF085042046BDE8F883404691
:10A4C00000F0B8FA20B939464046728807F065F9BD
:10A4D00006F00BFA04460028EED02846FFF7ACFF42
:10A4E000EAE76FF08804E7E70002C00310B50368ED
:10A4F0005BB1074C23F47E13A34206D1043007F06E
:10A5000072F9BDE8104006F0F0B96FF0880010BD98
:10A510000002C003043004289ABF034B33F9100033
:10A520006FF08300704700BFA03A0200014B06F0B5
:10A53000E2BF00BF8C31020070B5144606460D46DE
:10A5400088B0214620460C4A07F033F822462146BF
:10A550006846FFF7EBFF6A4631463046FFF7E6FFF5
:10A56000224669466846FFF7E1FF6A4629462846C3
:10A57000FFF7DCFF08B070BD8C31020030B5044637
:10A5800089B006F078FF0C4A2146684606F00BFFBA
:10A5900005460121684606F0EAFE6A4621466846FD
:10A5A00006F001FF2DB1003818BF0120404209B06C
:10A5B00030BD4FF0FF30FAE74831020030B589B0C6
:10A5C000044606F0F0FE054621466846044A06F0B9
:10A5D000D4FE2A466946204606F0FCFE09B030BD8E
:10A5E0008C31020070B5044690B00D4611461646F7
:10A5F00006F041FF2146234A08A806F0D4FE0128B0
:10A6000003D04FF0FF3010B070BD1146204606F069
:10A61000AFFF284606F1200106F02DFF2946194A12
:10A6200008A806F0C0FE0128EBD11146284606F026
:10A630009FFF2A4629466846FFF778FF22462146B3
:10A6400008A8FFF773FF08A922460846FFF76EFF28
:10A6500008A922460846FFF7B1FF08A92246084686
:10A66000FFF7ACFF08A922460846FFF7A7FF08A995
:10A670000846044B044A06F029FF684608A906F07C
:10A68000BAFEC0E78C3102002831020070B50446E2
:10A690000D46164698B0114608A8FFF747FF344B01
:10A6A0002146684608AA06F011FF214608AA10A80C
:10A6B000FFF784FF694610AA08A8FFF737FF08AA2A
:10A6C000114668462A4B06F001FF69466846284B4A
:10A6D00008AA06F0FBFE2A46294610A8FFF726FF27
:10A6E00010AA11461046224B06F0F0FE214610AA91
:10A6F00008A8FFF71BFF08AA114610461C4B06F0DE
:10A70000E5FE10AA11461046FFF710FF10AA184BDD
:10A710001146104606F0DAFE6A4669462046FFF703
:10A7200005FF2146204608AAFFF748FF214620469C
:10A7300008AAFFF743FF324629463046FFF7F6FEE8
:10A740000B4B32463146304606F0C0FE22462846C4
:10A7500008A9FFF733FF6A4629462846FFF7E6FEB9
:10A760002946284610AAFFF729FF18B070BD00BF80
:10A770008C3102002DE9F04F9946054692460C4671
:10A78000A3B02C9E2F49324602A806F00CFED6F844
:10A7900000B031460BF0010202A80DF1480806F0A6
:10A7A00019FE0021404606F0E2FD4A4641460AA84D
:10A7B000FFF704FF01225146284606F00BFE012256
:10A7C0004946204606F006FE01211F4A1AA806F057
:10A7D000E5FE6FEA0B02204602F001020AA906F02C
:10A7E000F9FDFF277B0922AA02EB830353F8806C53
:10A7F00007F01F02D64086EA0B06F2434946404660
:10A8000002F0010206F0E6FD404606F001020AA948
:10A8100006F0E0FD214628461AAAFFF737FF534607
:10A8200021462846CDF800801AAA06F004FF013F11
:10A83000D8D1214628461AAAFFF77EFE23B0BDE8EC
:10A84000F08F00BF483102008C3102002DE9F74340
:10A8500006460D46174698464FF00409202130461B
:10A8600006F04AFF80B931462846FFF787FE0446C6
:10A8700038B941463846074B074A0095FFF77AFF3B
:10A8800004E0B9F10109E9D14FF0FF34204603B0EB
:10A89000BDE8F083E83002000831020030B599B01D
:10A8A0000D4610AB694608AAFFF7D0FF04462021E9
:10A8B000684600F079F86CB92846084A08A906F0FD
:10A8C000A8FE064A10A905F1200006F0A2FE2046C7
:10A8D00019B030BD4FF0FF34F9E700BF8C310200F2
:10A8E00070B5AAB002AD064628461446FFF746FEEC
:10A8F000C8B9224612A90AA8FFF774FE0446A8B9EF
:10A900000AAA22A91AA8009512ABFFF733FF304616
:10A91000084A1AA906F07DFE2846202100F044F8D6
:10A9200020462AB070BD6FF00204F5E76FF0010415
:10A93000F2E700BF8C31020070B59AB002AE054656
:10A940003046FFF71BFE0446C0B90E4B0E4A12A953
:10A950000AA80096FFF70EFF2021304600F024F8E9
:10A9600028460A4A0AA906F054FE084A12A905F127
:10A97000200006F04EFE20461AB070BD6FF00204B3
:10A98000F9E700BFE8300200083102008C31020014
:10A99000014B1B68184700BFA8050020014B1B682E
:10A9A000184700BFA405002010B50A46044619B197
:10A9B000024B00211B68984710BD00BFD031020038
:10A9C000F0B504460B4B0C4E586800B9F0BDC57984
:10A9D000C5F3840556F825502D78A54208D1457950
:10A9E00005F00F07B1EB871F02D1B2EB151FEDD0B9
:10A9F0000833E9E7D8310200D431020010B504462B
:10AA0000A8B1806B10B1242106F09EFE606B40B1AE
:10AA10002368074ADB79C3F3840352F823305B6968
:10AA200098472046BDE810403C21FFF7BDBF10BD50
:10AA3000D431020038B505460C46A9B13C220021AC
:10AA400007F05DF8E3790A4AC3F3840352F8233030
:10AA50001B6913B900202C6038BD98476863002833
:10AA6000F8D16FF08C00F7E76FF08600F4E700BFD5
:10AA7000D431020070B4DCB2012C25D804681CB3B8
:10AA8000E57905F00305012D05D8657905F00F0579
:10AA9000B2EB851F18D142600372E5790C4EC5F305
:10AAA0008405012B406B56F8255008D0637903F0DC
:10AAB000F004302C03D003F0E003402B02D1AB684C
:10AAC00070BC1847EB68FBE76FF0860070BC7047FE
:10AAD000D4310200F0B40468049F1CB96FF0860002
:10AAE000F0BC704700243C6006683EB3347914F033
:10AAF0001F0423D0767906F0F006102E11D1A24261
:10AB00001ED13A6002680F4CD279C2F3840254F825
:10AB1000222054680A46A446F0BC90F90810406B05
:10AB20006047994208D1C369002BD7D1B2FBF4F337
:10AB300004FB1322002AD1D10348D1E70348CFE711
:10AB40000348CDE7D4310200809FFFFF809CFFFFC8
:10AB5000809DFFFF70B50C2300242246CD582EBAED
:10AB600042EA460212BAC250043B1A1DC5F3C01491
:10AB7000F3D1084B1A680B7882EAD31253085B4270
:10AB800052421343DB17C27B03F087035340C37366
:10AB9000002070BD508A0020C02AF0B544D0B2F524
:10ABA000807F43D0802A40F0BA800A2303600024CB
:10ABB0000346520943F8044F01EB820251F8044B5B
:10ABC0008A4243F8044FF9D103680C2B30D00E2B86
:10ABD0005ED00A2B26D1534D534900F1A00642699D
:10ABE00055F8044B8768C2F30723CB5C7C40634075
:10ABF000140E0C5D103083EA0443D4B20C5D83EA7A
:10AC00000463C2F307440C5D83EA042350F8044C48
:10AC1000836063400468C36063405A4003614261DB
:10AC20008642DCD10020F0BD0C23BFE70E23BDE738
:10AC30003C4C3D4900F1C005C26954F8046B87687B
:10AC4000C2F30723CB5C7E407340160E8E5D183036
:10AC500083EA0643D6B28E5D83EA0663C2F30746F3
:10AC60008E5D83EA062350F80C6C8360734050F8C5
:10AC7000086CC360734050F8046C0361734006684D
:10AC8000436173405A408361C2618542D4D1C9E7B0
:10AC9000244D254900F1E006446A55F8042B8768E5
:10ACA000C4F30723CB5C7A405340220E8A5C876949
:10ACB00083EA0243E2B28A5C203083EA0263C4F38F
:10ACC00007428A5C83EA022350F8142C83605340C5
:10ACD00050F8102CC360534050F80C2C03615340C3
:10ACE000DAB28A5C43617A401F0ECF5D82EA076266
:10ACF000C3F30727CF5DC3F30743CB5C82EA072288
:10AD000082EA034350F8042C836153400268C36114
:10AD100053405C40036244628642BDD182E76FF0DB
:10AD20001F0080E7283202007B4602002DE9F04F29
:10AD3000C9B002AD044628460E46174606F0AEFEE0
:10AD4000002331463A4628466360FFF725FF064652
:10AD5000002833D1029F039B04A903EB870301EB77
:10AD6000830251F8233004F1180EA3605368103A9F
:10AD7000E360936971462361D369914663617B1EE9
:10AD800098462948DFF8A4C02760B8F1000F1EDC00
:10AD9000002F4FEA0313C8BF1C46C3F10003DCBFFA
:10ADA00000230024D018D3580EEB04014EF80430D1
:10ADB00043684B6083688B60C368CB6002A84FF424
:10ADC0008C71FFF7F1FD304649B0BDE8F08F01F11D
:10ADD0001004A9F1040B01945BF8044F250E1CF834
:10ADE000055050F825A0E5B21CF8055050F8255044
:10ADF00085EA3A2AC4F307251CF80550C4F3074432
:10AE00001CF8044050F8255050F824408AEA356573
:10AE100085EA3445019C41F8045BA142DCD108F18C
:10AE2000FF38A9F11009B0E7503202007B4602005A
:10AE30002DE9F04F01298C469E4693B000F27383B2
:10AE40004368176856689568D46850F8082B9900CD
:10AE50004FEA620808F1FF38BCF1000F40F0BC81F6
:10AE600050F82330421887EA030A5368303273409F
:10AE7000029352F8283C6B405546039352F8243C09
:10AE800063401E46DDE902040493D14B52E9069B60
:10AE9000CDF814B052F810BC52E90817CDF818B02C
:10AEA00052F80CBC2032CDF81CB052F828BCB8F1D6
:10AEB000000FCDF820B052F824BCCDF824B000F338
:10AEC000CA80BCF1000F03D1DDE902045546049E9F
:10AED0005FFA85FC53F82CC0020E53F8222081EA59
:10AEE0000C0181EA3221C6F3072253F822205FFACF
:10AEF00080FC81EA3261C4F3074253F8222053F800
:10AF00002CC081EA3241220E53F8222087EA0C0736
:10AF100087EA3227C5F3072253F822205FFA84FC20
:10AF200087EA3267C6F3074253F8222053F82CC051
:10AF300087EA3247320E53F8222089EA0C0989EA5F
:10AF40003229C0F3072253F82220F6B289EA326987
:10AF5000C5F3074253F8222053F8266089EA3248A5
:10AF60002D0E059A53F82550C4F3072453F82440B6
:10AF70007240C0F3074053F8200082EA3525954B14
:10AF800085EA346484EA30403C0E1D5DCCB21C5D21
:10AF9000069A0E91544084EA0564C0F307255D5D6E
:10AFA000079A84EA0524C8F307455D5D0F9784EA94
:10AFB00005444FEA18655E5DFDB25D5D1190554038
:10AFC00085EA0665C1F307269E5DCDF8408085EAD7
:10AFD0000625C0F307469E5D0A9485EA0645060EDF
:10AFE0000B9513F806C05FFA88F69E5D089AC0B20A
:10AFF000564086EA0C66C7F3072C13F80CC0099A72
:10B0000086EA0C26C1F3074C13F80CC0090E86EA39
:10B010000C4613F801C0195CC7F307475140C8F349
:10B0200007229A5C81EA0C61DB5D81EA022282EAF6
:10B0300003430C960D93CEF800400AA82021CEF8C9
:10B040000450CEF80860CEF80C30FFF7ADFC0020BD
:10B0500013B0BDE8F08F4FEA106C53F82CB05FFAD4
:10B0600085FC53F82CC008F1FF3881EA0C0CC6F3BC
:10B07000072153F821108CEA3B2C8CEA316CC4F385
:10B08000074153F821108CEA314C210E53F821B0BE
:10B09000C1B253F821107940C5F3072753F8277040
:10B0A00081EA3B2181EA3761C6F3074753F82770ED
:10B0B00081EA3741370E53F827B0E7B253F82770CB
:10B0C000F6B289EA0707C0F3072953F8299087EAFF
:10B0D0003B27019153F8266087EA39690599C5F342
:10B0E00007472D0E53F82550C4F3072453F8244086
:10B0F0007140C0F3074053F8200081EA35260199DA
:10B1000086EA34665FFA8CF486EA304653F82450B7
:10B11000080E069953F82000694081EA302553F85B
:10B120002770C6F3072053F8200089EA374785EADD
:10B130003065C7F3074053F82000079985EA30458A
:10B14000380E53F820409DF8040053F82000414089
:10B1500081EA3420CCF3072453F8244080EA346099
:10B16000C6F3074453F8244080EA3440340E53F8C1
:10B170002490FCB253F824400899F6B2614081EA69
:10B180003924019953F82660C1F3072953F829900F
:10B19000099984EA3964CCF307494FEA1C6C53F8E7
:10B1A0002CC0714081EA3C260199C7F3072753F868
:10B1B0002770C1F3074153F8299053F8211086EA0C
:10B1C00037664FF0010C84EA394486EA31465DE681
:10B1D000503202007B45020050F8233001447B408E
:10B1E00002934B684FF0000C734003938B68CF4A77
:10B1F0006B400493CB68303163401E46DDE90305A4
:10B20000029C059351F810BC51E90837CDF818B0ED
:10B2100051F80CBC51E906A9CDF81CB051F808BC96
:10B220002031CDF820B051F824BCB8F1000FCDF892
:10B2300024B000F3BA80BCF1000F03D1DDE90305AF
:10B24000059E029C5FFA84FC52F82CC0310E52F825
:10B25000211083EA0C0383EA3123C0F3072152F85B
:10B2600021105FFA80FC83EA3163C5F3074152F88D
:10B27000211052F82CC083EA3143210E52F82110DC
:10B2800087EA0C0787EA3127C5F3072152F8211016
:10B290000E9387EA3167C6F3074152F8211087EA17
:10B2A0003147E9B252F821102D0E8AEA010C010E45
:10B2B00052F8211052F825508CEA312CC6F30721A0
:10B2C00052F82110F6B252F826608CEA316CC4F3C1
:10B2D0000741C4F3072452F8244089EA0606C0F364
:10B2E000074052F8200086EA352585EA346484EA6E
:10B2F000304052F821108E4A040E155DDCB2145D08
:10B30000069E8CEA3141744084EA0564C7F3072540
:10B31000555D0F9784EA0524C1F30745555D1091EB
:10B3200084EA05481D0E565DFDB2555D079C1190DF
:10B33000654085EA0665C1F30726965DCDF828804D
:10B3400085EA0625C0F30746965D85EA06453E0E6A
:10B350000B9512F806C0CEB2965D089C090E6640A9
:10B3600086EA0C66C0F3072C12F80CC0C0B286EA5D
:10B370000C26C3F3074C12F80CC0C3F3072386EA6C
:10B380000C4612F801C0115C0998D35C4140C7F328
:10B390000747D25D81EA0C6181EA032383EA024315
:10B3A0000C960D93CEF8008047E64FEA166C52F8E3
:10B3B0002CB05FFA84FC52F82CC008F1FF3883EA05
:10B3C0000C0CC0F3072352F823308CEA3B2C8CEA98
:10B3D000336CC5F3074352F823308CEA334CC3B2C5
:10B3E00052F823305F40230E52F8233087EA332788
:10B3F000C5F3072352F8233087EA3367C6F30743C0
:10B4000052F8233087EA33430193030E52F823B0F6
:10B41000EBB252F823302D0E8AEA0303C6F3072A53
:10B4200052F82AA0F6B252F8266083EA3B2352F87B
:10B43000255083EA3A6AC4F30743C4F3072452F859
:10B44000244089EA0606C0F3074052F8200086EA45
:10B45000352686EA346686EA30465FFA8CF052F882
:10B460002040069852F8233060400446300E52F8CF
:10B4700020008AEA334384EA30240198079FC0F30E
:10B48000072052F8200084EA3064C3F3074052F8E2
:10B49000200084EA30444FEA1C6052F820509DF8A6
:10B4A000040052F82000474087EA3520C3F30725FF
:10B4B00052F8255080EA3560C6F3074552F825500A
:10B4C00080EA3540019D2D0E52F82590DDB252F8EC
:10B4D0002550089F1B0E6F4087EA3925C6F30729C0
:10B4E000F6B252F8299052F82660099F52F823309C
:10B4F00085EA39657740CCF30749CCF3072C87EA16
:10B50000332652F82C3052F8299086EA3366019B94
:10B510004FF0010CC3F3074752F8273085EA39454D
:10B5200086EA33466EE66FF0860091E550360200FB
:10B530007B4602000CB430B58BB004460D46202289
:10B54000002102A806F0DBFA0223002D06948DF8F4
:10B550000A300C4B039312DB01D06B1E1C440FAA64
:10B560000E9902A80794019200F00EF815B1069BFF
:10B5700000221A700BB0BDE8304002B070470024C2
:10B58000EDE700BFF31B02002DE9F04F43688BB0DD
:10B5900080469246009383789C0740F1F98000250D
:10B5A0000878002800F0F68025280AD04B1C01936B
:10B5B00001354146009B98470028C0F2E38001997D
:10B5C000EEE74E788B1C252E0193F1D000270A223E
:10B5D000B9463C461F2C22D8A6F12003102B20D8B8
:10B5E000DFE803F0141F1F1A1F1F1F0B1F1F1F125E
:10B5F0001F171F1F090044F00104019B13F8016B82
:10B600000193002EE6D13AE044F0020444F0040431
:10B61000F3E744F00804F0E744F01004EDE77F2C72
:10B6200024D8A6F13003092B08D860064EBF02FBD0
:10B63000073744F0200402FB0939DEE72A2E0DD13A
:10B6400061065AF8043B53D4002BA7BF44F02004F2
:10B650009946C3F1000944F02804CEE72E2E05D107
:10B66000630600F1978044F04004C6E76C2E2ED0AC
:10B6700028D8682E32D06A2E37D04C2E35D0002FE5
:10B6800046F02003B8BF24F04004A3F16502BCBF1C
:10B690000027A4B2022A01D9612B2BD10AF1070A93
:10B6A00007279D4E2AF0070A0AF1080A210760D5EC
:10B6B00006EB070B34465C455DD1AE1BA9EB0709D1
:10B6C000A21959E1742E98D07A2E96D0D7E7260683
:10B6D00048BF44F4007444F080048EE7E00548BF9E
:10B6E00044F4007444F4807487E744F4207484E7DD
:10B6F0001F4682E7A6F16302122A00F2D880DFE833
:10B7000012F013004D00D600D600D600D6004D0032
:10B71000D600D600D600D600D600E800D100D6006C
:10B72000D6001A00D600A0005AF8043B012704AE48
:10B730008DF81030BAE75AF8046B784B002E08BF2A
:10B740001E4614F0400F304614BF39464FF0FF310B
:10B7500006F0EDF90746A9E741462020009B9847EF
:10B7600000280FDB013CA742F6D34D44A1462D1B18
:10B770009EE74C46F7E7414614F8010B009B9847BB
:10B78000002898DA98F8023043F0040388F8023071
:10B790004FF0FF3528460BB0BDE8F08F220630D5BC
:10B7A000A3052AD50AF1070A2AF007039A46596821
:10B7B0005AF8080B24F0100B00291FFA8BFB2FDA24
:10B7C00040424BF4806B61EB410104AC0A232246FA
:10B7D00006F0B9F91BF0400FA0EB040200F08E80D8
:10B7E0002BF001049742A4B240F38F80002E40F06A
:10B7F0008E802BF01104A4B21DE05AF8040BC1177F
:10B80000D8E7E0055AF8041B01D40846F7E7A2057B
:10B8100047BF48B241F3C01108B241F3C031C9E794
:10B8200050EA0103D1D16306CFD5002FCDD124F04A
:10B8300011043A46A4B23B4640F206410C4262D1A2
:10B8400024E024F010040A23A4B214F0800243D0B0
:10B8500014F4007117BF0AF1070A5AF8040B2AF012
:10B86000070292461CBF51685AF8080B50EA0102C1
:10B870003ED124F0160B62061FFA8BFB3CD5002F3D
:10B880003AD124F017043A463B46A4B221075AD4D1
:10B89000E10705D5994572DDA9EB03039F184B46D7
:10B8A0009B464AE044F0100410237826CDE7782B1D
:10B8B00004D1C6F1780343F01003C6E741462520C2
:10B8C000009B98470028FFF65DAF023541463046A1
:10B8D00070E608230026B8E714F480715AF8040BC8
:10B8E000C4D014F400711ABFC0B2114680B2BDE7D3
:10B8F00024F006041FFA84FB04AC68E713465C4698
:10B90000E10699D52EB90133C0E71346F8E73B4667
:10B91000F6E70233BAE700BF3D44020036440200B6
:10B92000CDE9023241462020009B98470028FFF6CF
:10B9300029AF0BF1010BDDE90232D945F0DCEB1A3E
:10B9400003EB0B055B46E10627D541463020CDE9E8
:10B950000232009B98470028FFF614AFDDE902325F
:10B960007EB901352F44791B8A4229DB144604AE87
:10B9700094BB2A44A9EB03091546914440E01746BD
:10B980008EE7023541463046CDE90232009B9847AA
:10B990000028DDE90232E5DAF4E640F206410C4225
:10B9A000E0D014F0020F05F10105414614BF2B2031
:10B9B000202014F4806FCDE9023218BF2D20E5E776
:10B9C000CDE902324146009B3020013598470028DE
:10B9D000DDE90232C7DAD5E6013C4146CDE9023263
:10B9E000305D009B98470028DDE90232C0DAC9E6E5
:10B9F00041462020009B013598470028FFF6C2AE43
:10BA0000A9EB0503002BF3DCD9E500BF704700204C
:10BA10007047E5F7B9B910B547F6122C0446002176
:10BA200040F2E7304FF47A720023E4FB0C01E4F7B4
:10BA300027FDBDE8104004F088BD00EBC100408840
:10BA400040087047F8B50346FFF7F7FFB0FA80F0FB
:10BA5000C0F11F0003EB800CDCF81060CA00171D5A
:10BA60000C4606328DB256B9012101FA00F0D968B0
:10BA70000143D960CCF81040DD539D52F8BDF10070
:10BA80000431585AD85303EBC0009E52C5805D5212
:10BA9000F4E710B500EBC104E388994202F1040118
:10BAA0000AD1012303FA02F2C36823EA0203C36046
:10BAB000002340F8213010BDA28840F8213000EB6F
:10BAC000C20100EBC300CB808280F4E708B50346D7
:10BAD000FFF7B3FFB0FA80F21846BDE80840C2F1A4
:10BAE0001F02FFF7D6BF2DE9F843B1FA81F3C3F186
:10BAF0001F0200EB8209D9F8107006460D4687B97F
:10BB00004FF0FF34C3F120039C40F3681C4014D075
:10BB100094FAA4F2B2FA82F2131D56F82340214699
:10BB200008E03C464FF0030821463046FFF785FF0A
:10BB3000A84205D33046FFF7ACFF2046BDE8F883A6
:10BB400006EBC404E488B8F10108C9F81040D7D066
:10BB5000A742E9D1D4E738B50446FFF76EFF0D469A
:10BB6000034611462046FFF768FF03449BB204EBEF
:10BB7000C5055A0020466A80FFF75FFF014424F89C
:10BB8000313038BD70B50B460446FFF756FF04EB65
:10BB9000C305511A9B1A89B203444E009BB26E80B2
:10BBA00004EBC2005D00458024F8321020461146A7
:10BBB000FFF743FF014424F8313070BDF8B5002988
:10BBC00051D004680D1F2D1BEE0825F007056219E2
:10BBD000538813F0010306D183F31188BFF36F8FED
:10BBE0000423184602DF31462046FFF726FF304483
:10BBF00034F83030C01A864207D0002383F311880E
:10BC0000BFF36F8F0423184602DF5388314623F0B9
:10BC1000010353802046FFF710FF371804EBC703DA
:10BC20005B88DA0708D439462046FFF74FFF3A46CB
:10BC300031462046FFF78FFF655B751B04EBC5039C
:10BC40005B88DB0709D429462046FFF73FFF3246D1
:10BC500029462046FFF77FFF2E4631462046BDE8A5
:10BC6000F840FFF7EFBEF8BD70B509B9002070BD10
:10BC7000056801F007030B33CC0804EBD304AB6871
:10BC800028469C4228BF1C462146FFF72CFF06464B
:10BC90000028EBD001462846FFF7CFFEA04207D987
:10BCA00028463219FFF76EFF11462846FFF7CAFEF5
:10BCB00005EBC60210465388043043F0010353805D
:10BCC000D5E71146FFF7D0BF2DE9F84314464A42A5
:10BCD00002EA010931EA020203460BD04A46042A6D
:10BCE00028BF04224F46A1EB09096CB9002528465C
:10BCF000BDE8F883042904D82146BDE8F843FFF7DE
:10BD0000B3BF00270422F0E71E68A9EB020204F08B
:10BD1000070302F007010B330B44E10801EBD201EA
:10BD200001EBD301B3683046994228BF1946FFF7AB
:10BD3000DAFE80460028D9D03D1D05EBC00509F18B
:10BD4000FF3335441D44B5FBF9F509FB05F5ED1B43
:10BD50002C442B1F07349B1B24F00704A41BB0EBBF
:10BD6000D30F4FEAD3074FEAE40408D201463A461C
:10BD70003046FFF707FF41463046FFF763FE39467E
:10BD80003046FFF75AFE3844844207D230462246F6
:10BD9000FFF7F8FE21463046FFF754FE06EBC706D4
:10BDA000738843F001037380A1E7043A2DE9F84357
:10BDB000CC1D114424F0070421F00706A6EB04086B
:10BDC0004FEAD807B7FA87F24FF00009C2F124050D
:10BDD000AD000735C2F12002ED0804604946A760B6
:10BDE000C4F80C90920004F1100005F088FEAAB28D
:10BDF000530043F0010363807B1B9BB204EBC5013E
:10BE00005800A4F80090488024F83520A6F8029045
:10BE100024F8083004EBC7035A88294642F001028F
:10BE20005A802046BDE8F843FFF70CBE002070475B
:10BE30000FB407B504A951F8040B0191E5F778FA9E
:10BE400003B05DF804EB04B070470FB407B504A964
:10BE500051F8040B0191E5F76BFA03B05DF804EBC0
:10BE600004B07047002203680BB9184670478B4234
:10BE700010D10B6842B942680360914200D143601F
:10BE8000002301200B60704713604368994208BF8C
:10BE90004260F5E71A461B68E6E7038B13F00703D9
:10BEA00006D10368002B18BF032008BF002070478D
:10BEB000022B05D1408BB0FA80F04009800070471A
:10BEC000012B04D10368002B18BF0520EDE70020EB
:10BED000704710B50C4600B111B96FF0150010BDD8
:10BEE000081D00F0C6F80028F9D1A368032BF6D985
:10BEF000F3E72DE9F0410D4607461946281D904607
:10BF00001E4600F0C7F8044638B13346424629467B
:10BF10003846A446BDE8F0416047BDE8F08110B462
:10BF2000EFF31182202484F31288BFF36F8F4161F5
:10BF300010BC0121E5F72EBA38B50C46054658B1BC
:10BF400051B10B6843B14B6833B11C22002105F09D
:10BF5000D6FD00202C6138BD6FF01500FBE7F8B569
:10BF600004460E46FFF7B5FF051E3BDBEFF31182DB
:10BF7000202383F31288BFF36F8F4FF6FF71638B1B
:10BF8000278B8B4207F007072ED0062F2FD8DFE82C
:10BF900007F0182E082E180418006FF085050023EE
:10BFA00003E0013363830225012382F31188BFF389
:10BFB0006F8FBBB100233A4631462046FFF799FF09
:10BFC00010E000233360636823B9C4E9006627B139
:10BFD0003D46E4E71E606660F9E702212046E5F78A
:10BFE000D9F93D462846F8BD6FF00A05D7E76FF04E
:10BFF0000405D4E710B5EFF31182202383F31288F0
:10C00000BFF36F8F048B04F00704022C0AD0012CBD
:10C010000CBF6FF004006FF0850082F31188BFF34E
:10C020006F8F08E0438B013B9BB2438323B92146CA
:10C03000E5F7B0F9204610BD2046EEE738B5A8B1C7
:10C04000A1B1EFF31185202282F31288BFF36F8F25
:10C05000048BFFF707FF30B104F0070085F3118868
:10C06000BFF36F8F38BD6FF07700F7E76FF0150003
:10C07000F8E7034658B1426802F00302012A03D0F0
:10C08000032A04D1026812B10020986070476FF053
:10C09000150070474268034602F00302032A4FF07E
:10C0A0000002816014BF104600685A6070477047F4
:10C0B000F0B587B01F4604460D46164600F0D1FC89
:10C0C000022302930DF116030193BDF83030ADF851
:10C0D0001600009332463B462946204602F0EEFB0E
:10C0E00007B0F0BD2DE9FF411F460D461646044638
:10C0F000E6F744FD8046E4F7E5F9BDF8283080B264
:10C10000CDE90180009332463B462946204602F0A5
:10C11000D5FB04B0BDE8F08105F0F1BC05F0C9BC69
:10C1200001460068E5F758BA08B5E5F785FABDE8B5
:10C130000840E5F781BD00210120E5F74DBA036E07
:10C1400083F30B8870476FF08500704761B662B665
:10C1500080F31188BFF36F8F704772B6002383F3AB
:10C160001188BFF36F8FBFF34F8F30BF62B6BFF33D
:10C170006F8F704772B6002383F31188BFF36F8F00
:10C18000BFF34F8F20BF80F31188BFF36F8F62B66C
:10C19000704740E800F313F4803FD8B208BF6FF057
:10C1A0001500704730B50C684B6885B00A894D8919
:10C1B0000094013B24F01F04234402F01F0242EAD2
:10C1C000451223F01F0369468DF808200393E5F715
:10C1D000E7FD05B030BD08B5E5F7C2FF002008BD9A
:10C1E0007047002303824369C3607047C16989684F
:10C1F000E6F774B8EFF31182202383F31288BFF3BC
:10C200006F8F00230B60436833B9C0E9001182F3DC
:10C210001188BFF36F8F704719604160F7E70346DD
:10C2200010B5EFF31181202282F31288BFF36F8FD4
:10C23000006828B15C680268A0421A6008BF5A60B2
:10C2400081F31188BFF36F8F10BD027A0132027241
:10C250007047034618465B68002BFBD17047426865
:10C2600010B52AB10B461C465B68002BFBD16260FF
:10C27000416010BD10B5044620B908460B7A013361
:10C280000B7210BD034618465B68002BFBD1FFF70D
:10C29000E6FF2046F5E710B508B14B684360002380
:10C2A0004C6808464B60E6F797F8204610BD836857
:10C2B0000B440360704703680B6043684B608368FE
:10C2C0008B6070478388026819448180D01870475A
:10C2D00030B484880568A3188380281930BC05F021
:10C2E000E8BB10B5838802685C1C8480D154D018E8
:10C2F00010BD034600689A88401A1144186099805E
:10C30000704703689A1E026082880232828003F8B6
:10C31000021C090A03F8011C70470268531E0360DF
:10C3200083880133838002F8011C704703468288AA
:10C33000521A8280006808441860704703460068FB
:10C340009A88521A01449A801960704710B50368A0
:10C3500001211C78FFF7EAFF204610BD10B50368E5
:10C3600002211C88FFF7E2FF204610BD7FB506467C
:10C3700014460A888B78ADF8002000210D220DF1BB
:10C3800003008DF8023005F0BAFB6A466946304674
:10C39000F7F7ACFA28B9BDF800209DF802302280EA
:10C3A000A37004B070BD13B50C4601AA0331FFF7AA
:10C3B000DDFF48B90322204601A905F0A8FBB0FA29
:10C3C00080F0400902B010BD0020FBE770B5CE1C24
:10C3D00005460C4630460321F7F786FA60B96379C3
:10C3E000224603F03F0343F0400363713146284681
:10C3F000BDE87040FFF7BABF70BD10B50C460178BC
:10C40000227888B08A420ED06946E6F7DDF82046E9
:10C4100004A9E6F7D9F8102268460DEB020105F0F1
:10C4200076FB08B010BD012A06D0022A07D072B9E7
:10C4300040886388C01AF4E740686368FAE710220E
:10C44000611C013008B0BDE8104005F060BB6FF022
:10C450001500E6E7042A0AD0102A0DD0022A4FF070
:10C46000000315D103700B8843800120704701231E
:10C4700003700B684360F8E7022300F8013B01F109
:10C48000100351F8042B994240F8042BF9D1ECE742
:10C4900018467047012310B50621044600F8013BF9
:10C4A000F7F722FA18B9A37963F03F03A37110BD1F
:10C4B0000B6803608B8883808B798371037823F00A
:10C4C0000203037070470078C0F34000704738B52E
:10C4D0000446807AE5F7D8FE6169054649B1637A7A
:10C4E000DB0704D4C36920461B689B689847002378
:10C4F000636121462846BDE8384003F03EBE2DE981
:10C50000F0410C461746054601F10C0800F10C01FC
:10C5100040461E46FFF7CFFE6269E36839469B1A24
:10C5200013FA87F36B82012340466B722F82FFF769
:10C53000FDFEE368284673600023628AE36072812F
:10C5400063823460BDE8F08138B50C46D1E9003231
:10C550000546DA600B684A895A820868E5F73CFFAD
:10C5600020461022002105F0CAFA2846BDE83840CE
:10C57000FFF7ADBF438A23B9C068B0FA80F0400925
:10C58000704700207047F7B504460E461746A3884B
:10C59000012B01D803B0F0BD2046FFF7D7FE0546BA
:10C5A0000028F7D0A3888342F4D32046FFF7CEFEBD
:10C5B00023688DF80000013D394668468DF801502A
:10C5C0000193B0470028E5D029462046FFF7AEFE8C
:10C5D000DDE77047D0F8A03083B15A7CD1070DD584
:10C5E000D2060DD51B7C102B0CBF042303234372F2
:10C5F000807A98428CBF0020012070470223F6E722
:10C600000323F4E70F2806D80D280BD8052814BFFC
:10C61000022003207047132804D01A2814BF0220D8
:10C6200001207047012070470B6803608B8883806E
:10C630008B798371704738B5C3681D78F5B90F21C0
:10C64000B3F80100E7F7A6FF0446B8B12946E7F7BB
:10C65000EDFEA378012B04D02046BDE83840E7F773
:10C6600099BE231DD3E8AF3FDB07F5D52046032154
:10C67000E7F7DCFE032000F066FCEDE738BD03467B
:10C6800010B5D3E8EF0F40EA0102C3E8E42F002C15
:10C69000F7D110BD01210C30FFF750BE37B5C4688B
:10C6A0000121B4F80100E7F775FF0546D0B1237802
:10C6B0008DF800307BB9A3798DF80430B4F80730D9
:10C6C000ADF806302379627943EA0223ADF80230EF
:10C6D000E3788DF8013028466946E8F763FB284681
:10C6E000E7F758FE03B030BD37B5C4680121B4F890
:10C6F0000100E7F74FFF054698B123788DF8003029
:10C7000043B9E37805348DF8013014F8013C019405
:10C710008DF8023028466946E8F722FB2846E7F7FD
:10C7200039FE03B030BD70B5C56801212888E7F730
:10C7300031FF044690B16E88EA88A9882B89A0F859
:10C74000A660A0F8A810A0F8AA20A0F8AC30E8F7DE
:10C7500027F92046BDE87040E7F71CBE70BD37B52D
:10C76000C5680121B5F80100E7F714FF044688B356
:10C770002B781A2B19D1C378012B27D14FF4804184
:10C780000430FFF77CFF43040FD4D4F88C306946A3
:10C790000093D4F894302046019301F0A8F8204685
:10C7A00003B0BDE83040E7F7F5BD2B7873B940F230
:10C7B000E242B5F803305343C4F88830B5F8053089
:10C7C000A4F89030B5F80730A4F892302046E8F786
:10C7D0009BF8E4E703B030BD38B5C5680121B5F872
:10C7E0000100E7F7D7FE044698B12B783BB9D5F89E
:10C7F0000330C0F89830D5F80730C0F89C30201DC1
:10C800004FF48031FFF73BFF2046BDE83840E7F7A3
:10C81000C1BD38BD30B40446084602EBC3039A429A
:10C8200001D130BC7047114611F8085BA54206D112
:10C83000018A53789942F4D330BC536818470A46AA
:10C84000EDE7D0E8EF3F0B40C0E8E23F002AF8D127
:10C8500070472DE9F047D0F80C80028A98F8003034
:10C860009B00013393423DD9BDE8F08708EB860376
:10C870000F21B3F80100B3F80370E7F78BFE04460D
:10C8800028B100F1C80947B92046E7F783FD013612
:10C8900098F800309E42E9DBE6E76569002DF3D0A9
:10C8A000A2692B6895422046636108BFA361E7F740
:10C8B00013FDFCF71BFAC5F800A0236A7BB9C4E995
:10C8C0000755D9E8EF3F013BC9E8E23F002AF8D11C
:10C8D00000212046013FE7F70BFDBFB2D3E71D6003
:10C8E0002562EEE70026B246D2E770477047C0F3F4
:10C8F00007235370002393701371C1F30723090CAE
:10C9000010709171000E090AD0705371D171704787
:10C9100038B5C5680121B5F80100E7F73BFE0446CC
:10C9200088B1E878E6F702F984F8A4002879E6F7F8
:10C93000FDF884F8A5002046E8F758F82046BDE841
:10C940003840E7F727BD38BD10B5028843889A42C2
:10C9500018D8052A16D9B3F5486F13D88488B4F5CA
:10C96000FA7F0FD2C18840F67640A1F10A0292B256
:10C97000824207D804FB0333B3EB810F34BF01209D
:10C98000002010BD0020FCE738B5C3680F21B3F8C4
:10C9900001001D78E7F7FEFD044638B365B128466F
:10C9A000E6F7CEF8294602462046E8F7B1F82046D9
:10C9B000BDE83840E7F7EEBC8378012B07D102F0E1
:10C9C00014FD2046FFF706FE002808BF052528466F
:10C9D000E6F7B6F8294602462046E8F799F8002D12
:10C9E000E5D00521204600F06DFBE0E738BD70B5CD
:10C9F000C6680F21B6F801003578E7F7CBFD04468D
:10CA000070B34DB12846E6F79BF82946024620460A
:10CA1000E8F77EF8204603E0F378C27A9A4203D121
:10CA2000BDE87040E7F7B6BC8278C372012A08D12E
:10CA30000BB102F0DAFC2046FFF7CCFD002808BF5E
:10CA400005252846E6F77CF8294602462046E8F701
:10CA50005FF8002DDED00521204600F033FBD9E73A
:10CA600070BD0020704708B5EBF7FAFB18B1408A9B
:10CA7000003818BF012008BDE6F75CB9002110B5E9
:10CA800002220846E8F7DEF8044650B1031DD3E859
:10CA9000AF3FDB070AD50321E7F7C8FC2046E7F7DD
:10CAA00079FCBDE81040032000F04DBA403003F09F
:10CAB00062FC10F00C0103D1022320462373EBE744
:10CAC0002046E6F737F9E9E770B506460D464FF020
:10CAD000FF304FF0FF31E6F701F8044668B103215B
:10CAE0000C30FFF7EFFB068085702146BDE87040F3
:10CAF000002240F20640E6F795B86FF0680070BD7E
:10CB0000C06803781BB1022B03D1FFF7B7BFE6F76C
:10CB10009FB9704738B54FF0FF3105464FF0FF30F1
:10CB2000E5F7DCFF044668B102210C30FFF7CAFBD1
:10CB30002B88214603800022BDE8384042F21600CF
:10CB4000E6F770B86FF0680038BDF8B507460E46D6
:10CB50004FF0FF304FF0FF311546E5F7BFFF0446B9
:10CB600078B106210C30FFF7ADFB3B88468003808F
:10CB700085802146BDE8F840002242F22200E6F717
:10CB800051B86FF06800F8BD2DE9F047814688463E
:10CB90004FF0FF304FF0FF3117461E469DF820A0A2
:10CBA000E5F79CFF0546A0B107210C30FFF78AFB93
:10CBB000B9F8003080F802800380C7700671A0F8D1
:10CBC00005A02946BDE8F047002242F23200E6F710
:10CBD00029B86FF06800BDE8F087F0B5C56801219D
:10CBE0002F8887B0B8B2E7F7D5FC064660B302AC31
:10CBF000D5F80220D5F8063001946989009102F039
:10CC000020FA18B34FF0FF304FF0FF31E5F766FF21
:10CC10000546B0B112210C30FFF754FB0346224603
:10CC200023F8027B144603CC596006A98C42186095
:10CC3000224603F10803F5D1294642F21A00E5F72E
:10CC4000A9FF3046E7F7A6FB07B0F0BD4FF0FF3075
:10CC50004FF0FF31E5F742FF04460028F1D00221F2
:10CC60000C30FFF72FFB2146078042F21B00E6E75E
:10CC700070B506460D464FF0FF304FF0FF31E5F737
:10CC80002DFF044660B103210C30FFF71BFB06802B
:10CC900085702146BDE8704042F22100E5F77ABF79
:10CCA00070BD73B5C368D9789A781E8842EA0122AC
:10CCB000ADF8002059791A79B4B242EA0122ADF8F0
:10CCC0000220D9799A79204642EA0122ADF804205F
:10CCD0001A7A5B7A012142EA0323ADF80630E7F7BE
:10CCE00059FC054628B902212046FFF7C1FF02B0D2
:10CCF00070BD6946E7F7A0FE38B91E212046FFF750
:10CD0000B7FF2846E7F746FBF1E74FF0FF304FF05B
:10CD1000FF31E5F7E3FE04460028F2D00E210C3087
:10CD2000FFF7D0FA00230680C0F80A30BDF80030C3
:10CD300021464380BDF802308380BDF80430C380B3
:10CD4000BDF80630038142F22000E5F723FFD8E763
:10CD5000033138B5C9B205460E20E6F757FA03216C
:10CD600004460C30FFF7AEFA0123A0F8015003701F
:10CD7000204638BD70B505460E460F200421E6F763
:10CD800045FA042104460C30FFF79CFA0122067094
:10CD900042704580204670BD072208B504F0B7FEFA
:10CDA000B0FA80F0400908BD0B6803608B8883806F
:10CDB0008B7983717047F8B50F46144638BB4FF036
:10CDC000FF304FF0FF31E5F789FE054610B327210C
:10CDD0000C30FFF777FA224606463946FFF7E4FFA4
:10CDE000C31D04F1100152F8040B8A4243F8040BEE
:10CDF000F9D11022002106F1170004F080FE294627
:10CE0000BDE8F840002242F22700E5F70BBF6FF0C3
:10CE10001500F8BD6FF06800FBE7037A02465B0778
:10CE200005D501462E3211F8010BFFF7C4BF70473C
:10CE300038B54FF0FF3105464FF0FF30E5F74EFEB5
:10CE4000044658B129460C30FFF74BFA2146BDE89D
:10CE50003840002242F22D00E5F7E4BE6FF0680092
:10CE600038BD2DE9F041D1F8048004460D4686B066
:10CE7000B8F1000F1DD1037A5B071AD50E68411C6B
:10CE8000701CFFF789FF2E3616224146074668467A
:10CE900004F035FE10226946304604F038FE58B1E1
:10CEA00037B91022304604F12E0104F030FE00B9EB
:10CEB0006C6006B0BDE8F081002FF9D1F9E710B53C
:10CEC0000C4630B919B1EBF78DF900B1441C20467E
:10CED00010BD0024FBE707B580B906216846F6F7C8
:10CEE00003FD40B99DF80530684603F03F038DF817
:10CEF0000530E6F7FFF903B05DF804FB6FF01500AD
:10CF0000F9E701207047037AD90704D523F001031C
:10CF10000372E6F751BA990704D523F002030372AE
:10CF2000E6F7D8BA704710B50C4631B10020FFF7CC
:10CF3000D2FF08B90123237010BD6FF01500FBE785
:10CF4000D0E8AF0F7047032808B501D0E6F79AFC88
:10CF5000BDE80840E6F7AABC01F12003013813F848
:10CF6000012D8B4200F8012FF9D1704700230B608F
:10CF7000436813B9C0E900117047196041607047F8
:10CF8000D0F8BC00003818BF0120704708468969F6
:10CF900018301160426800211A6010F80D2C04F05E
:10CFA000AEBDD0E8AF0F70472438E7F73DB9002297
:10CFB00003680BB9184670478B4210D10B6842B911
:10CFC00042680360914200D14360002301200B605E
:10CFD000704713604368994208BF4260F5E71A46FC
:10CFE0001B68E6E710B50446006918B1E5F7F4F9E7
:10CFF0000023236110BD70B516460D46012104467D
:10D00000E7F776F9012E17D0022E17D1236913B155
:10D010002046FFF7E7FF256121690A8A012A39D9ED
:10D02000CB681B8804339BB29A4233D32AD920465B
:10D03000BDE87040FFF7D6BF206918B92046FFF75A
:10D04000D1FF01E02A8A22B92846BDE87040E5F701
:10D05000C3B9018A438A46695B1AC168891B5B1A96
:10D060009A4207D901460022204600F01CFD002309
:10D070002361E9E7E9680C30FFF72AF92846E5F76C
:10D08000ABF9C9E7002323612046BDE870400122C7
:10D0900000F009BD70BD034610B500F1D002104686
:10D0A000FFF77FFF60B1411CD2E8EF4F844204D10B
:10D0B000C2E8EC1FBCF1000FF6D1F0D1184610BD4C
:10D0C0000346FBE710B5437B0446023B062B25D8FD
:10D0D000DFE803F00D04242424172200017300214B
:10D0E000E7F7A4F9BDE810400220E6F7D5BC837845
:10D0F000012B11D1403003F040F9BDE81040E5F7B5
:10D100007FBE0088FFF7E0FC38B9637B072B03D1B3
:10D1100008212046E7F78AF9002010BD6FF07F0054
:10D12000FBE710B50446D0F8A00028B9207A04F136
:10D130007001EBF795F838B1E278438A2AB903F029
:10D140002100003818BF012010BD03F02400F8E7CB
:10D150002DE9F843089E8146102E0C4690461F4646
:10D160002FD84FF0FF304FF0FF31E5F7B7FC054601
:10D1700058B31C210C30FFF7A5F80346B9F800207E
:10D18000394623F8022B2268C0F80220626800F1B9
:10D190000C045A60B8F8003032464381204604F04F
:10D1A00088FC102E05D00021C6F11002A01904F051
:10D1B000A6FC2946BDE8F843002242F21900E5F733
:10D1C00031BD6FF01500BDE8F8836FF06800FAE735
:10D1D00082780346012A06D1C07A28B1D3F8A0008C
:10D1E00010B1007C70470020704710B5837804466A
:10D1F000012B27D1437B072B27D10A0601F07F03A0
:10D2000010D5021DD2E8EF0F40F40040C2E8E10F54
:10D210000029F7D12046A37201F083FF08B1637A99
:10D22000A37210BD427A9A4212D2827A9A420FD2E7
:10D23000021DD2E8EF0F20F40040C2E8E10F002900
:10D24000E8D0F6E76FF01500EBE76FF07F00E8E756
:10D250000020E6E78378012B0CBF407A002070475E
:10D2600073B506460C46FFF72EF96D463146A8B158
:10D270006846FFF71DF929460020E7F771FC58B111
:10D280002388A0F88C306388A0F88E30A388A0F89B
:10D290009030E388A0F8923002B070BDFFF70FFE27
:10D2A0000346006800909A889B79ADF804208DF8B9
:10D2B0000630E0E738B5037A04468B42154615D1AF
:10D2C00000F170010722284604F021FC80B1E378C8
:10D2D000072243B904F17E01284604F018FCB0FA95
:10D2E00080F0400938BD04F17701F5E70020F9E747
:10D2F0000120F7E708B5E7F75FFC10B1E7F74AF858
:10D30000012008BD70B583780646012B0C462CD150
:10D310008A8842F210718A4227D8E3888B4224D847
:10D320009A4222D8638803B32378F3B14FF0FF30D9
:10D330004FF0FF31E5F7D2FB0546C8B109210C30AB
:10D34000FEF7C0FF338829460380A388002243806C
:10D35000E38883806388A0F8073023788371BDE871
:10D36000704042F29D00E5F75DBC6FF0150070BDA6
:10D370006FF06800FBE782780B46012A0BD1098821
:10D380005A88B0F8A6308B4203D1B0F8A830934247
:10D3900004D0FFF7DABB6FF0150070476FF077002D
:10D3A000704713B582780B46012A15D10A88DB78BD
:10D3B00002F00204D2078A7848BFB4FA84F4B2FAC1
:10D3C00082F148BF640949090BB941F00201009498
:10D3D000FFF7DAFB02B010BD6FF01500FAE7F8B501
:10D3E00007460D464FF0FF304FF0FF31E5F776FB73
:10D3F0000646D0B10E210C30FEF764FF04460E2223
:10D40000002104F07CFB3B88314623802B880022DE
:10D4100063806B8842F21300A380AB88E380EB88C3
:10D420002381BDE8F840E5F7FDBB6FF06800F8BD6B
:10D4300000230B60436813B9C0E9001170471960FD
:10D4400041607047136839B9416803608A4200D16E
:10D4500043600023136070470B6043689A4208BF23
:10D460004160F6E770B5446B0D4694B10021083C6D
:10D4700094F86C60AE420ED194F86D60964202D082
:10D48000B2F5807F07D123B104F108023430FFF7F1
:10D49000D9FF204670BD04F10801A468002CF8D023
:10D4A000083CE5E70A4640393F29034610B517D83E
:10D4B000406B60B10021A0F10804A08A904207D11E
:10D4C00003F1340004F10802FFF7BCFF204610BD51
:10D4D000A0680028FBD004F10801A0F10804ECE7E3
:10D4E0000020F4E7536810461B69184770474B68E3
:10D4F00008469B6903B118477047D0E8AF0F7047E3
:10D50000703002F03ABF10B50446FCF793F821469C
:10D5100051F8C00BD0F8BC304BB9BC30FFF788FFD6
:10D52000FCF79CF82068BDE81040E6F75BBF994225
:10D53000F6D01B68F0E7D0F8BC3043B1D0F8C0108B
:10D540001A688B42C0F8BC2008BFC0F8C0207047E2
:10D5500038B5044600F12C03D3E8EF5F0D44C3E86F
:10D56000E25F002AF8D104F11001D1E8EF3F43F067
:10D570000102C1E8E52F002DF7D1DB070AD463686B
:10D58000DB6903B19847236B23B12046BDE83840DF
:10D59000FFF7B9BF38BD002310B58382C38A0BB92A
:10D5A000F523C382F52B194628BFF5218A1C446850
:10D5B00092B2028324691CB901339342A8BFC1828D
:10D5C00001231C30D0E8EF2FC0E8E13F0029F9D15A
:10D5D00010BD002310B400F12C0243628362C362C9
:10D5E000D2E8EF1FC2E8E43F002CF9D110BC303084
:10D5F00002F08ABD2DE9F0410446D0E90056F5B1AC
:10D60000FCF718F80021D5F8BC3004F1C0022BB1AA
:10D610009A4223D105F1BC00FFF714FFFCF71EF876
:10D6200004F13007002200233846FBF72DFB0546A6
:10D63000B8B973680BB120469847002323600023D4
:10D6400084F86830A4F86A30E3680BB12046984744
:10D65000336A8BB12046BDE8F041184719461B6874
:10D66000D5E7AB6923B16FF06D02E969206898478F
:10D670002846E4F7B1FED5E7BDE8F08110B4436B6E
:10D680000A467BB10021083B9A4204D110BC083203
:10D690003430FFF7D7BE9C6824B103F10801A4F130
:10D6A0000803F1E710BC704738B550F8705CA0F182
:10D6B000700421462846FFF7E1FF2046FFF79AFF56
:10D6C00094F86D2094F86C1001232846FFF7CAFEE9
:10D6D00004460028F2D138BD10B5406B20B150F897
:10D6E000084904B1083C00B910BDFFF783FF2CB115
:10D6F000A36803B1083B20461C46F4E72346FAE73B
:10D7000038B50546006898B1407B072810D1087AE3
:10D71000012810D1C87A07280DD98A61CB6105F19B
:10D72000300002F01FFD2846FFF7EDFE002038BD57
:10D730006FF07F00FBE76FF01500F8E7406B28B152
:10D74000838B08388B4201D08068F8E7704738B582
:10D750000D460521FFF7F2FF002329461A46FFF781
:10D76000CFFF044610B12846E4F736FE204638BD08
:10D7700070B50446E7F77CFC0E46042201461620ED
:10D78000E7F7D8FC054670BB04F11006D6E8EF3F7A
:10D7900043F00203C6E8E23F002AF7D1206C20B133
:10D7A000E4F71AFE2564A4F8445004F13005002281
:10D7B00000232846FBF768FA78B904F158050022DF
:10D7C00000232846FBF760FA50B96368DB6903B3AE
:10D7D00031462046BDE870401847E4F7FDFDE6E716
:10D7E000E4F7FAFDEBE704F11C03D3E8EF2FC3E8FD
:10D7F000E16F0029F9D1042105F10C00FEF762FD6B
:10D80000A38A4680038029462068BDE87040FFF760
:10D810009EBF70BD70B5446B0E4624B154F80859D4
:10D8200005B1083D04B970BD04F11003D3E8EF2F32
:10D8300022F00401C3E8E01F0028F7D1530707D501
:10D840009EB120682146FFF719FF2046FFF7D2FE60
:10D8500063689B6813B13146204698475DB1AB6859
:10D8600003B1083B2C461D46DCE72046E3F790F960
:10D870000028EDD0E5E72B46F4E72DE9F8439DF8C5
:10D880002090174609F102020646D2B201201D4639
:10D89000E7F750FC044690B100F10C080221404625
:10D8A000FEF710FD078025B14A4629464046FEF79F
:10D8B0000FFD21463046BDE8F843FFF748BFBDE8FD
:10D8C000F88310B54AB989B2FFF738FF28B1436829
:10D8D0009B6913B1BDE81040184710BD406B28B1DB
:10D8E000838908388B4201D08068F8E7704770B5AB
:10D8F0000646E7F7BDFB0C46082201461220E7F773
:10D9000019FC054688B108210C30FEF7DBFC2288A3
:10D910002946028062884280A2888280E288C28092
:10D920003046BDE87040FFF712BF6FF00B0070BDCE
:10D93000704770B5036804463BB3E7F799FB0422D0
:10D94000014606460620E7F7F5FB054600B3062329
:10D95000042184F86D3084F86C600C30FEF7B2FC62
:10D96000A38C29460380A38A43802068FFF7EFFE3B
:10D9700030B94FF22442002304F17000FBF726FC7B
:10D980000423002084F8683070BD6FF07F00FBE74F
:10D990006FF00B00F8E7F8B504460D4600F11C03E4
:10D9A0001846FFF7AAFD68B3421ED3E8EF1F814275
:10D9B00003D1C3E8E62F002EF7D1F1D12B8A228BB9
:10D9C0009A421FD3276C2FB129462046BDE8F84064
:10D9D000E7F75CBD012B15D905F10C00FEF7BEFC85
:10D9E000E38A064683420DD363681B694BB3204626
:10D9F00098470346206428B1C27A012A07D8E4F781
:10DA0000EBFC27642046BDE8F840FFF792BFA4F87E
:10DA10004460198A5A8A208B521AD9685B69CB1ADA
:10DA2000D21A2B8AF61A431EB24294BF9B189B1936
:10DA3000B3FBF0F399B20029C6D02046FFF798FE59
:10DA4000C2E72846FEF701FC6368014606465B69AB
:10DA50002046984710F1770F05460ED03046E4F780
:10DA6000BBFC002DCEDB94F86830032B05D120469B
:10DA7000BDE8F8400121FFF77BBEF8BD70B5A0F10D
:10DA8000480600F11004002200232046FBF7FCF8B2
:10DA9000054600B970BD30462946FFF77CFF284691
:10DAA000E4F79AFCEFE770B50B8A0546032B0C46AA
:10DAB000164604D82046BDE87040E4F78DBC04212A
:10DAC00004F10C00FEF73AFC41882846FFF706FFF8
:10DAD00005460028EED0838A403B9BB23F2B21D8DD
:10DAE000EEB190F86830042BE4D01030FFF705FD5C
:10DAF0008307DFD4B5F86A302146803B9BB27F2B89
:10DB000003D92846FFF747FFD4E705F1580002F094
:10DB100029FB05F14800BDE87040FBF7B3BAFFF7F9
:10DB200008FFC7E7436821465B699847C2E7034699
:10DB3000006828B15968026888421A6008BF5A60B4
:10DB400070470346002003B970471A8A5B68104487
:10DB5000F9E710B5D4680231237813B92170012098
:10DB600010BD8B42FBD0038A023B03820020106170
:10DB7000F6E72DE9F04104468868FFF7E2FFE38B02
:10DB8000E28D0D46934228BF134683421FD30027E0
:10DB9000C4F8D410D1F808808F60FBF74BFD4146E4
:10DBA0002046E7F799FF064640B1C5F80880C4F85B
:10DBB000D470FBF753FD3046BDE8F081E18DE38B77
:10DBC0002846994228BF194601F027F8F1E76FF07F
:10DBD0007906F0E72DE9F041C369064653B11D68A7
:10DBE000A3F58C770DB1A5F58C750022144606F1CE
:10DBF00004080FB9BDE8F081D7F8D4309BB904B957
:10DC00008AB94046FFF793FF044658B101463846AB
:10DC1000FFF7AFFF0028EDD073682360B36874602E
:10DC200003B9B4603A463DB1D5F818310BB1A3F54C
:10DC30008C732F461D46DCE72B46FAE773B5144676
:10DC4000014605464FF49572206800F0A5FE207548
:10DC500030B92946206800F0E3FF20B90823237576
:10DC6000002002B070BD237AB3B1A3F11802534271
:10DC700053419B000193638A29460093AE68238A2F
:10DC8000E2682068B047002808DB238A83420CD171
:10DC9000002301202375E4E70223EBE710F1FF0FD7
:10DCA00003D34042C0B22075DAE70E20FBE738B557
:10DCB00004460D46E7F710FF30B1294604F1D800BD
:10DCC000BDE8384002F04EBA38BDF8B59368054655
:10DCD0000F461446166863B9506801210C30FEF7F0
:10DCE000F1FAA0602B681B78002B14BF02230123DC
:10DCF0000370A3681B78012B03D0022B1FD00020D8
:10DD00001CE02B681B78002BF9D1606804210C30D3
:10DD1000FEF7D8FAE06007802A68E36852885A80E4
:10DD20006168F28DF38B088A9A4294BFC0EB0200BF
:10DD3000C0EB0300042894BF00200120F8BD2B682D
:10DD40001B78022BDBD1606812210C30FEF7BAFA87
:10DD5000E06007802B68E268591C0232113351F8E9
:10DD6000040B994242F8040BF9D16168F28DF38BF0
:10DD7000088A9A4294BFC0EB0200C0EB030012284D
:10DD8000D9E770B40668F2696AB31368A2F58C74B7
:10DD90000BB1A3F58C73002211467CB9C38DC08BE7
:10DDA0008B4201D8904220D9824238BF0246994224
:10DDB000306838BF194670BCE9F76ABA844207D0A8
:10DDC000E58DE48BA94238BF2946A24238BF2246DE
:10DDD0003BB1D3F818510DB1A5F58C751C462B46F7
:10DDE000DBE71D46FAE71146D8E770BC7047F8B587
:10DDF000CB6805461F88BBB2162B19D90321E7F75C
:10DE000017FF0646B0B102210C30FEF75BFA002482
:10DE10006FF008033146037044702846FFF747FF50
:10DE2000F7232846EB83EF85FFF7ABFF2046F8BDCD
:10DE30000420FCE70E20FAE7D0680431037813B918
:10DE40000170012070478B42FBD0002091680B8A43
:10DE5000043B0B82106170472DE9F041884617465C
:10DE60000121042205461E46E7F78EFE044670B1E6
:10DE700004210C30FEF726FA80F80080A0F801702B
:10DE8000C67021462846BDE8F041FFF710BFBDE847
:10DE9000F0811FB5CDE9012300231A460093E8F76E
:10DEA000E1FE05B05DF804FB0022036803B970478A
:10DEB0008B420FD10B683AB942680360914200D19E
:10DEC000436000230B60704713604368994208BFAA
:10DED0004260F6E71A461B68E8E7D0E8EF3F43F0F8
:10DEE0000802C0E8E12F0029F7D1C3F3C000704752
:10DEF00007B5CA680C211388528800920D22E7F7F3
:10DF000037FF03B05DF804FB07B50022CB680A2198
:10DF10001B8800920B22E7F72BFF03B05DF804FB90
:10DF200070B504460E46002200230846FAF7ACFE00
:10DF3000054658B101462046E7F7CEFD044618B124
:10DF40002946304602F019F9204670BD6FF00104F1
:10DF5000FAE737B50C46054601F10C00FEF7FEF96D
:10DF6000228A03460192E268122100922846132277
:10DF7000E8F73CF903B030BD37B50C46054601F172
:10DF80000C00FEF7EBF9228A03460192E26828466C
:10DF9000009200221146E8F729F903B030BD2DE9BF
:10DFA000F04342F60103002591B0D2F80080074605
:10DFB0000E4600680BA9D8F8089014468DF82C502E
:10DFC000ADF82E30FEF719FA002800F082804FF4E9
:10DFD000205338680BA98DF82C50ADF82E30FEF781
:10DFE0000CFA38B1A3681BB15A88B24200D25E80E5
:10DFF000012010E061680846FFF7A3FDB8F82E2065
:10E00000B8F81E309A4294BFC0EB0200C0EB030088
:10E01000032803D8002011B0BDE8F0830846FEF7BE
:10E0200018F9054661680846FFF78BFD6B8A2A8A56
:10E03000A3EB020C6B69EA68D21AACEB0203B8F8E6
:10E040001EC0B8F82E20944594BFC0EB0C00C0EB66
:10E050000200834228BF03466BB9887AE4F714F9BB
:10E0600000220023FEF7C2F805460028D2D0014660
:10E070006068FEF7FFF8002300933946D7F8048064
:10E080001023484602AAC047071E22DB227CE06814
:10E09000BA421AD001460BA8FEF7DCF9C8B1FAB2B1
:10E0A00002A906A8FEF7D6F998B106A90BA8FEF7B3
:10E0B000A4F970B900230421637405F10C00FEF784
:10E0C00001F9A0600680A36891E702A903F01FFD93
:10E0D000EFE70023A3608BE72DE9F04F064685B0FC
:10E0E000104690469946FFF72CFDF38BF28D8B4638
:10E0F000934228BF1346834275D9B36840460393C1
:10E10000FEF7A7F84FF0000A04464046FFF719FD56
:10E11000E168228A658A6369AD1ACB1AED1AF78B1A
:10E12000F38D9F4294BFC0EB0700C0EB0300854214
:10E1300028BF054625BB98F80A00E4F7A5F8002299
:10E140000023FEF753F8044608B9574627E0014676
:10E150004046FEF78FF84046FFF7F3FCE168228A5D
:10E16000658A6369AD1ACB1AED1AF78DF38B9F425E
:10E1700094BFC0EB0700C0EB0300854228BF0546F3
:10E18000CDF80090DBF804700A4403985946ABB20E
:10E19000B847071E07DABAF1000F18BF57463846CE
:10E1A00005B0BDE8F08F0E9BABB9394604F10C0009
:10E1B000FEF788F84046FFF7C4FCF38DF28BB944B4
:10E1C000934228BF13468342BA441FFA89F9BCD947
:10E1D000AF429AD0B9E7394620460F9A0E9B98472E
:10E1E0000028E2D1B1E70027D9E700232DE9F34168
:10E1F00017681446D7F8088001461373064695221F
:10E20000404600F0C9FB0546207330B93146404610
:10E2100000F004FD28B908232373002002B0BDE8F4
:10E22000F081A068F98BFA8D038A914294BFC3EB09
:10E230000103C3EB0203012BEFDD02210C30FEF7DB
:10E2400041F8CDE900558046A38831463846A2689A
:10E25000FFF742FF031E06DA13F1FF0F2ABF5B42EE
:10E260000E23DBB2D8E70120A8F80030D6E7002360
:10E270002DE9F34117681446D7F808800146137357
:10E2800006469522404600F087FB0546207330B9CC
:10E290003146404600F0C2FC28B908232373002011
:10E2A00002B0BDE8F081CDE9005531463846A3887B
:10E2B000A268FFF711FF002807DA10F1FF0F32BF45
:10E2C0000E204042C0B22073E9E70120E8E7F8B52C
:10E2D000054650F8084CA0F1080700F1C803D3E840
:10E2E000EF1F21F00401C3E8E21F002AF7D104B3B5
:10E2F000D5F8CC3083B9636873B1201DFFF717FCE4
:10E30000064601463846FFF734FC90B16368336037
:10E31000A368666003B9A660384605F1D001FFF72F
:10E32000FFFD30B1384604F10C01BDE8F840FFF7BD
:10E33000F7BDF8BD08B5437B072B01D0002008BD11
:10E340000421FFF7CBFA0028F8D000F1C803D3E886
:10E35000AF3FDB07F2D550F8080CF0E738B50546BB
:10E36000D1E8AF3FDB0718D550F8080CA8B1D5F8B5
:10E37000CC3093B90430FFF7DAFB044668B10146AC
:10E38000A5F10800FFF7F5FB38B155F8083C5A68CD
:10E3900022609A685C6002B99C6038BD70B50E4618
:10E3A0001546FFF7C7FF80B1C36973B1A3F58C7041
:10E3B0001B680BB1A3F58C73691CC28DC48BA24280
:10E3C00028BF2246914202D93BB9002070BD2A469F
:10E3D0003146BDE87040E7F7D7BBD3F818410CB120
:10E3E000A4F58C7418462346E7E7E8F7CFBB10B5D1
:10E3F0000446E038E8F7CCF954F8E00C1321BDE806
:10E400001040FEF75FBE70B550F8083C0446A0F11E
:10E410000806002B36D041B1D0F8CC30002B31D0DB
:10E420001B7CDA072ED505231FE005682846E8F790
:10E430004FFF6B7A012B25D0D4F8CC4014B3237C4A
:10E44000DB071FD5E368002BEDD030466269617CA5
:10E45000E7F79AFB054638B1D4E90512E368984717
:10E4600050B12846E3F7B8FF0E2300223046BDE83E
:10E4700070401146E8F752B929463046E7F72CFBC1
:10E480000028EED170BD08B500230A8AC968E8F7F4
:10E4900045F9002008BD70B50D46FFF74BFF044657
:10E4A00028B92846E3F798FF6FF07F0070BD00F1B0
:10E4B0000C062946304601F055FEE369DBB11C68C5
:10E4C000A3F58C750CB1A4F58C740022104608E0FD
:10E4D0002A4684B1D4F818310BB1A3F58C732546C4
:10E4E0001C46831C01D1002AF3D131462846FFF790
:10E4F00017FD0028ECD10020D8E738B505460C46BA
:10E50000FBF798F82846FFF715FF20B9FBF7A6F8A8
:10E510006FF07F0038BD0023236083683BB9C0E9FA
:10E520000144FFF757FBFBF799F80020F2E71C6066
:10E530008460F6E70120704708B5FFF7FBFE80B165
:10E54000C36973B1A3F58C7303F1D002D2E8EF0F66
:10E5500020F00800C2E8E10F0029F7D1D3F8183104
:10E56000EFE708BD08B50421FFF7B8F920B1C830BE
:10E57000D0E8AF0FC0F3C00008BD106000207047A6
:10E5800010B5029CA36833B1B1F5807F28BF0E217E
:10E59000CAB221469847A37DE268013BDBB2A3756E
:10E5A00022B11BB92046BDE81040104710BD1060D5
:10E5B000918000207047072208B503F0A8FAB0FA4E
:10E5C00080F0400908BD034610B5D3E8EF0F40EADC
:10E5D0000102C3E8E42F002CF7D110BD0B680360E3
:10E5E0008B8883808B798371704770B50D460646A2
:10E5F00011F8010BE6F7E0FA044610B12C89E5F7B3
:10E60000C9FEA87A05F10B01E6F7D6FA28B16B8AA4
:10E610009C4238BF1C46E5F7BDFEAB8AA34207D03B
:10E62000AB69AC8223B121463046BDE87040184743
:10E6300070BD38B5BDF810401546A2420CD84CB19B
:10E640006BB1A41A8C42A8BF0C46A4B22246591939
:10E6500003F02FFA204638BD6FF00604FAE76FF09A
:10E660000D04F7E730B585B0C96814461D46E8F7D4
:10E6700057F900B100890223ADF80E000093294636
:10E680002046BDF820200DF10E03FFF7D2FF05B0A4
:10E6900030BD1FB50C461946E36810461C78BDF81E
:10E6A00018203CB110240133069404B0BDE810409A
:10E6B000FFF7BFBF5B88ADF80E30022300930DF16A
:10E6C0000E03FFF7B6FF04B010BD30B51D460023A2
:10E6D00085B014468DF80C30E8F7CEF810B1037A07
:10E6E0008DF80C300123294600932046BDF82020E8
:10E6F00003ABFFF79EFF05B030BD08B5E8F7EEF8B5
:10E7000018B1002303604360836008BD70B500F159
:10E71000700605463146007AFEF7A5F904463146F3
:10E72000287A1CB1BDE87040FFF7E7BFE8F7D6F8DC
:10E7300010B104604460846070BD022A10B508D135
:10E74000002300F170011A46007AE8F721F902204F
:10E7500010BDFFF7DBFFFAE7F0B5076806463D7826
:10E76000144689B02DBB7B88B3F5245F04D01AD83A
:10E77000A3F52053032B1CD8ADF80A100222204623
:10E780000DF10A0102F030FB48B97B8802222046D5
:10E790000DF10A01ADF80A3002F026FB68B16FF006
:10E7A0001503E36406E003F55643FF339BB2042BE5
:10E7B00014D90125284609B0F0BD009003AA1323FF
:10E7C00031467768B847021E01DAE264F2E703A92E
:10E7D000204602F009FB0028EBD0E0E7ADF80A1074
:10E7E000022220460DF10A0102F0FEFA0028D6D1DD
:10E7F0007B880222ADF80A300DF10A01E8E7012119
:10E800000C30FFF7E0BE2DE9F0419846BDF8183016
:10E810000646012B17462DD84344012B45462CDCD8
:10E82000E8F72AF8044618B9E8F726F8044638B39A
:10E83000B8F1000F11D00023217A21FA03F2D0079A
:10E8400003D53A78DA40D2071DD50133032BF4D132
:10E850003B7803F0070319432172601C06F1700135
:10E86000FFF7BCFE337A20462370FFF7C8FF284627
:10E87000BDE8F0816FF00605F9E76FF00C05F6E7EB
:10E880006FF01005F3E76FF01205F0E738B50446B6
:10E890001546FFF74FFE40B12046E7F7EDFF20B1E8
:10E8A000037ADB0701D5FFF7AAFF35B9207A04F117
:10E8B0007001E8F713F800B1856038BD38B5BDF8D0
:10E8C0001010BDF818401046A142059D0CD84CB15F
:10E8D0006DB1641A9C42A8BF1C46A4B222462944CA
:10E8E00003F0E7F8204638BD6FF00604FAE76FF052
:10E8F0000D04F7E713B5044610B9002002B010BDAF
:10E9000000238DF8043042F60303006801A9ADF836
:10E910000630FDF772FD0028EFD1E36898880028E3
:10E92000ECD12046E8F76EF9013080B2E6E770B529
:10E93000CC681E46A37988B008468DF80C30154681
:10E94000FFF7D8FFADF80D00246823786BB9638812
:10E95000ADF80F300523009331462846BDF830202E
:10E9600003ABFFF766FE08B070BD631C0DF10F022C
:10E97000113453F8041BA34242F8041BF9D11323AA
:10E98000E9E71FB5CDE9012300231A460093E8F714
:10E9900069F905B05DF804FB38B54C8AD307054624
:10E9A000C4F30E0404D514F0950F2AD04B6843B37A
:10E9B000900704D514F4957F25D08B681BB31440C1
:10E9C00014F4DE7F0DD0EB7A2BB92846FEF7A9FBB5
:10E9D000D8B9052038BD14F0300F04D114F4C07F2D
:10E9E00007D10020F6E72846FEF734FC0228F5D8C8
:10E9F000EFE7D5F8A030002BEBD05B7CDB06E8D549
:10EA0000EFE70220E6E70320E4E70F20E2E72DE945
:10EA1000F041437B0646072B0C46154686B040F076
:10EA2000858000238DF8143042F60303206805A981
:10EA3000ADF81630FDF7E1FC90B96768002F75D08E
:10EA400001232146009004AAB84701286ED19DF801
:10EA5000103013F0300F69D02046E8F7F1F9044682
:10EA6000002320688DF8143042F6021305A9ADF892
:10EA70001630FDF7C2FC18B12046E8F7E1F904466C
:10EA8000002742F60218206802A98DF80870ADF838
:10EA90000A80FDF7B2FCF8B9002320688DF8143025
:10EAA00042F6021305A9ADF81630FDF7A6FC0028C2
:10EAB0003CD16768002F39D00090022321463046B0
:10EAC00005AAB847022831D1BDF8143005EA030081
:10EAD000003818BF01202AE042F60303206803A98A
:10EAE0008DF80C70ADF80E30FDF787FC0028D3D000
:10EAF0004FF42053206804A98DF81070ADF812303F
:10EB0000FDF77BFC0028C7D042F60103206805A969
:10EB10008DF81470ADF81630FDF76FFC0028BBD0EF
:10EB20002046E8F78DF904460028ACD1002006B055
:10EB3000BDE8F081F8B514460F4694226168064698
:10EB4000FFF72AFF20BB012230466168FFF75FFF15
:10EB500008B3A2891B2130460232FFF71FFC05468D
:10EB6000E0B1A1890C300231FDF7ACFB20F8027B4B
:10EB7000A289A16802F09DFFD4E90412284601236E
:10EB8000E7F768FE29463046BDE8F840FFF783BC4A
:10EB90004FF0FF30F8BD6FF01500FBE76FF00B0092
:10EBA000F8E72DE9F04105468846E7F765FE04469B
:10EBB000E0B1037ADA0719D500F10C06D6E8AF7F89
:10EBC00017F0010712D1B8F1000F10D0D6E8EF3FCF
:10EBD00023F00202C6E8E12F0029F7D19B0728465F
:10EBE00008D5FFF7A9FC2046FFF709FE01273846A4
:10EBF000BDE8F081FFF79EFC0028F8D02846FFF71B
:10EC0000B1FC0028F3D0D6E8EF3F23F00203C6E8BA
:10EC1000E23F002AF7D12846E3E77047012070471A
:10EC20000120704713B5C068144668B100238DF801
:10EC300004304FF4C05301A9ADF80630FDF7DDFBF9
:10EC400010B9236801332360012002B010BD0720F2
:10EC5000704708B50621FEF741FE00B1F03808BD47
:10EC6000D0E8AF0F084100F00100704738B50A4600
:10EC7000034609B9012038BD488A10F0240FF9D0A5
:10EC8000197D5D7B147CA94228BF29468C4201D99D
:10EC90000020F0E7800607D4517CC9070BD4187A0E
:10ECA000003818BF0120E6E70521181DFFF7D8FF3F
:10ECB0000028F1D1ECE7197A0029E9D00521181DC7
:10ECC000FFF7CEFF18B9197A01390129E0D9527C32
:10ECD000D207CFD4E3E701238B40DB43D0E8EF2F0B
:10ECE0001A40C0E8E12F0029F8D17047072070478B
:10ECF0000720704707207047012303FA01F1CA4338
:10ED000030B5D0E8EF3F03EA0204C0E8E54F002D3C
:10ED1000F7D101EA0300003818BF012030BD0123FC
:10ED20008B40D0E8EF2F1A43C0E8E12F0029F8D13B
:10ED3000704708B50E21FFF7F2FF002008BD2DE94E
:10ED4000F041D0F8F0600446F57890B0002D5DD128
:10ED5000CF68102229460CA802F0D1FE237A052B99
:10ED60001DD8DFE803F0060303061C21D4F8D830D1
:10ED70000C9306F177030DF1200802937E3604F11F
:10ED800011030093CDF80C8001960CAB04F127021F
:10ED900004F1370104F1C70000F00FFCA8B1082509
:10EDA000284610B0BDE8F081D4F8E030002BE0D068
:10EDB0000DF1300C03F1100E6246186859680833E3
:10EDC00003C273459446F7D1D3E710223946404633
:10EDD00002F09DFEC0B9227D637B06A906904860C3
:10EDE0009A4294BF00920093ADF8140004F14703D7
:10EDF000D4F8F00005AAFEF7ABF90028CFDB01211B
:10EE0000201DFFF78CFFCBE70B25C9E70025C7E7DF
:10EE100038B505460B4604300D21FFF721FFA0B1A0
:10EE2000DC68D5F8F0300220197A03F1700200F0A6
:10EE300065FB80B1224600F12E0304F1100152F867
:10EE4000040B8A4243F8040BF9D128460921FFF745
:10EE500066FF002038BD0820FCE738B504210446D1
:10EE6000E8F716FB054698B110210C30FDF72AFA99
:10EE700004F1270304F1370253F8041B934240F8CE
:10EE8000041BF9D120462946E8F7D4FA002038BD02
:10EE90000820FCE738B5CD6804460B210430FFF7A5
:10EEA0001AFF2B4604F1170205F1100153F8040B69
:10EEB0008B4242F8040BF9D1D4F8F030DB783BB93F
:10EEC00020460421FFF72BFFBDE83840FFF7C5BF00
:10EED000002038BD2DE9F04304468DB008AE102265
:10EEE0000021304602F00BFE237A052B1ED8DFE806
:10EEF00003F0060303061D21D4F8D8300893D4F894
:10EF0000F03004F1470204F1C707CDE9017204F1C2
:10EF1000270803F17E0204F13709009241464A4670
:10EF2000773304F19700E9F7ADF998B108200DB0F7
:10EF3000BDE8F083D4F8E430002BE0D0354603F18F
:10EF400010072A4618685968083303C2BB421546A1
:10EF5000F7D1D4E7D4F8F03004AD03F17E02773373
:10EF6000019304F10A03029200934A463346414654
:10EF70003846039500F021FB0028D7D10D2120460B
:10EF8000FFF7CDFE0D21E8F783FA07460028CDD024
:10EF900010210C30FDF796F92A460346154603CD9D
:10EFA000B542186059602A4603F10803F6D120469D
:10EFB0003946E8F73FFA0020B9E770B50446002566
:10EFC000D0F8F060031DD3E8EF2FC3E8E15F00291C
:10EFD000F9D104F5DC7001F0D0F92572D4E8EF3FE7
:10EFE000C4E8E25F002AF9D1F3782BB92046BDE8E6
:10EFF00070400B21FFF793BE70BD70B500F1700635
:10F0000005460C4607223046096802F080FDB8B973
:10F0100063681A682A679A88A5F874209B7985F82E
:10F020007630D5F8A0305BB1A268934208D0626810
:10F030001168C3F801109188A3F805109279DA716C
:10F0400070BD2DE9F84FDDF82C80044692461F462E
:10F05000BDF82890FFF7FDFD054600285CD0061D91
:10F06000B9F1000F27D15AEA070324D10321304612
:10F07000FFF7F6FDF8B101213046FFF7F1FDD0B101
:10F080002C7D6B7B05F147019C4228BF1C46224624
:10F09000404602F00EFD0F2C06D84946C4F110027E
:10F0A00008EB040002F02BFD30460121FFF737FE8C
:10F0B0000120BDE8F88FD4F8A03083B904F1700BBB
:10F0C0005A462020217AE9F773F8C4F8A00030B935
:10F0D0005A460120217AE9F76BF8C4F8A000B9F18B
:10F0E000000F0CD15AEA070709D1D4F8A01031B1AA
:10F0F0004B8A9B0603D50C7C1E312246C8E70F21A4
:10F100003046FFF7ADFD20B1022206212046E5F78B
:10F11000FFFC2846FFF751FF0020CAE76FF085008B
:10F120007047F7B5C3780446002B5ED1FFF791FD19
:10F13000054600285CD0061D03213046FFF790FDF0
:10F1400020B16FF00F04204603B0F0BD012130461E
:10F15000FFF786FD0028F4D10F21201DFFF780FD69
:10F1600028B1204603B0BDE8F040E8F771BCD4F800
:10F17000A00090B904F170073A462020217AE9F7FF
:10F1800017F8C4F8A00040B93A460420217AE9F7FC
:10F190000FF8C4F8A0000028E3D0438A13F0240F2E
:10F1A000DFD0A27A022A09D9417CC907D9D5032A1E
:10F1B00004D09B06D5D5037C102BD2D1037C00F163
:10F1C0001C02009300F1140100F11E032046FDF71C
:10F1D000BFFF04460028B6D128460B21FFF79FFD4C
:10F1E00001213046FFF79BFDADE76FF01504AAE75C
:10F1F0006FF07F04A7E7F8B5031D06460F461846D3
:10F200000221FFF72DFD044620B1B6F8E840B4FA1C
:10F2100084F4640903211846FFF722FD58B13946EA
:10F220003046E8F763FD052194B1D6F8F000FDF70C
:10F2300049FF0020F8BD01211846FFF711FD002805
:10F24000EDD10F211846FFF70BFD0028E7D1EAE7C3
:10F250003046E8F71DF9054688B101210C30FDF76D
:10F2600031F8234607702246294606F1F000FEF7E2
:10F2700047FA0028DDD02846E3F7AEF8D9E76FF06B
:10F280006800D7E770B504460820E8F789F8054616
:10F29000E8B1061D08213046FFF71DFD002C3CD0CB
:10F2A0000721FFF718FD234605F1970204F120011D
:10F2B00053F8040B8B4242F8040BF9D10A21304673
:10F2C000FFF7CEFC70B109213046FFF728FD07207B
:10F2D000E8F766F8044610B3E8F7C4F8F8B1082177
:10F2E000204617E010213046FFF7BAFC092100281C
:10F2F000EAD13046FFF7B4FC0028E8D0D5F8F0306A
:10F30000DB78002BE3D12846FFF7E4FD0028DED0B0
:10F3100008212846FFF76FFFD9E70B21F9E770BDF9
:10F320002DE9F0410E460446D0F8F080E8F748F8A1
:10F33000F768261D05460A213046FFF7DDFC38B187
:10F340006DB920463978E8F7D1FC0020BDE8F0819E
:10F350000B213046FFF7D0FC0028F1D1F1E72B69F3
:10F36000002BEED040469847EBE770B50446A0F17D
:10F37000F00650F8C83BEC3CD3F8A05000F0FDFF7D
:10F3800003212046FFF76CFCA0B108213046E8F7C6
:10F39000ADFC3DB16B8A13B16B7C9B0702D528464F
:10F3A00000F0C0F83046BDE870404FF4F87200211C
:10F3B00002F0A5BB01212046FFF752FC0028E4D152
:10F3C0000F212046FFF74CFC0028DED1E1E710B505
:10F3D00004460821A0F5DC70E8F788FCA4F5DA7093
:10F3E0000421BDE81040FFF79ABC70B50446FFF752
:10F3F00030FC0546002875D0061D03213046FFF776
:10F400002FFC00286ED0D4F8A00008B100F08AF8D4
:10F41000207A04F17001E8F78BFEC4F8A00028B947
:10F420002846BDE870400821FFF7E5BE0E213046B2
:10F43000FFF716FC28B1D4F8A020537C43F0020358
:10F4400053742B7A032B0DD8002B4CD1D4F8A02069
:10F45000537C23F020035374D4F8A020537C23F072
:10F4600001030DE0053B012BF0D8D4F8A020537C1C
:10F4700043F020035374D4F8A020537C43F00103DD
:10F4800053742B7D697BD4F8A0208B4228BF0B4698
:10F49000304613740521FFF7E3FBD4F8A020537C1A
:10F4A00040B343F010030D2130465374FFF7D8FBEF
:10F4B000C0B12021D4F8A00000F030F8D4F8A0307A
:10F4C00005F147021E33573552F8041BAA4243F890
:10F4D000041BF9D10023D4F8A02053619361D4F820
:10F4E000A020938370BD05213046FFF7B9FB0028AB
:10F4F000ACD0C0E723F010035374F3E770B50446B3
:10F500000D461646E8F754FE38B931462846E8F766
:10F510000FFE10B1438A1C43448270BD438A1943D5
:10F520004182704710B5037A04465B0701D5E3F7C3
:10F53000D1FF2046BDE810404422002102F0DFBA8E
:10F54000531E1944024411F8013900F8013B90425E
:10F55000F9D1704710B5431E00F11002073013F8BF
:10F56000011F12F8014D83421C701170F7D110BDBC
:10F57000F0B50E4614461D4697B00146202205A858
:10F580001C9FFFF7DDFF202231460DA8FFF7D8FFB3
:10F590002146102201A88DF85450FFF7D1FF3B46B9
:10F5A000412205A901A8E8F703FF044610B938462F
:10F5B000FFF7D0FF204617B0F0BD2DE9F043164607
:10F5C0001D4697B00446DDE91F98102205A8219F2B
:10F5D000FFF7B6FF1022314609A8FFF7B1FF10224E
:10F5E00029460DA8FFF7ACFF03221E9911A8FFF7CB
:10F5F000A7FF494611F8013BD9F801008DF84730C3
:10F600008B880622129012A8ADF84C30FFF798FFB5
:10F61000414611F8013B06228DF84E30D8F80130F2
:10F620000DF14F00CDF84F308B88ADF85330FFF718
:10F6300087FF2146102201A8FFF782FF3B464122A7
:10F6400005A901A8E8F7B4FE044610B93846FFF74B
:10F6500081FF204617B0BDE8F0830C220369C9B2D0
:10F6600002FB0133186C00F00700704770B50346C9
:10F67000C9B20069EFF31186202484F31288BFF326
:10F680006F8F0C2505FB0104246C14F0C00401D01D
:10F69000A24210D1012205FB01000264002086F382
:10F6A0001188BFF36F8F28B95B6803EBC1035B68F8
:10F6B0009847002070BD4FF0FF30F0E78022FFF741
:10F6C000D5BFF8B5069F05460469C9B2EFF3118CA2
:10F6D000202080F31288BFF36F8F0C2606FB0146B3
:10F6E000306C00F0070EBEF1010F11D13764002617
:10F6F0008CF31188BFF36F8F46B90C2000FB0144D7
:10F70000C4E90E236B6853F8313098473046F8BD92
:10F7100000F0C00087420CBF6FF077064FF0FF3655
:10F72000E6E713B580240094FFF7CBFF02B010BDCD
:10F7300010B41C240069CBB204FB0300002110BCF0
:10F7400010471046F9F7D2BA00F05CB9F8F79EB945
:10F7500038B508461446EFF31185202383F3128849
:10F76000BFF36F8F1146F8F7E9FB85F31188BFF3FC
:10F770006F8F002808BF204638BD08B50023FFF76B
:10F78000E7FF00EAE07008BDF8F7BEBB4368002061
:10F790005B68DB680B607047436802EA01005B68E6
:10F7A00021EA0201586000209960704743680020F8
:10F7B0005B6859607047436800205B6899607047D8
:10F7C00043685B681A6821EA020011405860002013
:10F7D0009960704730B50369586800B300248842C7
:10F7E00019D108688CB99C685860A14200D1986012
:10F7F000002008602AB15A680A609A68596002B904
:10F80000996000200FE02846E9E72060986881426F
:10F8100008BF9C60ECE705680446002DF3D1002A80
:10F82000E9D16FF0150030BDF8F714BD30B543686D
:10F830001360057A446804EBC504A34202D36FF059
:10F84000010030BD5C7908338C42F1D10020F8E72B
:10F8500043681B68D3F83031704743681B68D3F89E
:10F860008004C3F88004704742681368D3F84C01E1
:10F8700050B10020926A12780A70C3F84C01D3F894
:10F880004C2101229A6270474FF0FF30704713B548
:10F8900001AA0446FFF7CAFF002805DB019B226886
:10F8A00019791868F7F7E4FD02B010BD38B50546C0
:10F8B00000220121C620E2F73DF9C620E2F70AF94D
:10F8C0006C680121E068FFF7E2FF6B681968636903
:10F8D000C1F82435E28BA38BA07E1343228C134303
:10F8E000628C1343627E9BB20243207E0243134329
:10F8F000C1F86C3569680B68D3F8002242F48022A5
:10F90000C3F800220822C3F800254A6A0121C3F87F
:10F910003C270022C3F840271965D3F8301100298D
:10F92000FBD0C3F800256D680021E8682C68FFF75C
:10F93000AEFF0823C4F800352A7A52B9AB6AC4F87E
:10F9400004370123C4F80837C4F84C21D4F84C21FB
:10F95000A362002038BD08B50220F7F749FB00205C
:10F9600008BD03460020184700F085BA024610B5CE
:10F97000116891B1B1FA81F3C3F11F0001238340F3
:10F9800021EA0303D2E8EF4F8C4204D1C2E8EC3FF6
:10F99000BCF1000FF6D1EBD110BD6FF00B00FBE70F
:10F9A00010B50368CB40DB0710D401238B400268FD
:10F9B00043EA0201D0E8EF4F944204D1C0E8EC1FC3
:10F9C000BCF1000FF6D1F2D1002010BD6FF0150090
:10F9D000FBE7F7F7F7BF10B1012802D07047F8F73F
:10F9E00055B8F8F703B918B1012803D100F00CB8E5
:10F9F00000F008B8704708B5F8F72CF9BDE80840E2
:10FA0000F8F784B8F8F716B8F8F7B8B8F7B51646A7
:10FA1000DDE90847019001A81D46F8F7D1FA019BDE
:10FA2000B6F1000C18BF4FF0010C00EB83000B1E69
:10FA300018BF0123002D43EA4C030CBF4FF0000C0C
:10FA40004FF00C0C002C43EA0C030CBF4FF0000CE1
:10FA50004FF4706C002F43EA0C030CBF4FF0000C06
:10FA60004FF4403CD0F8802043EA0C0322EA030321
:10FA700001B109780EB13678760019430DB12D78B1
:10FA8000AD0031430CB12478240229430FB13F78F3
:10FA90003F040C433C43C0F8804003B0F0BD1FB5A9
:10FAA0000DF10F03019300238DF80F101A4619462C
:10FAB0000093FFF7ABFF05B05DF804FB10B50446FB
:10FAC0000846F8F78DFA04EB4004207DC0F340109F
:10FAD00010BD10B504460846F8F782FA04EB40045E
:10FAE000207DC0F3400010BD10B504460846F8F76D
:10FAF00077FA04EB4004A08A400B10BD70B50446B1
:10FB000008461646F8F76CFA083034F810300D46FF
:10FB1000DA0509D5C3F3432304EBC3023146284673
:10FB200054F8333052689847A3682BB131462846C1
:10FB3000E268BDE87040184770BD10B5044608463D
:10FB4000F8F74EFA04EB4000838ADA051DD5C3F3BB
:10FB5000432123F4F853838204F1120204F1580084
:10FB600032F8023F13F4807F03D0C3F3432399425A
:10FB70000BD08242F4D1002204EBC1035A6004F19D
:10FB80006000BDE81040FFF70BBF10BDF0B50446A4
:10FB9000002001270546844695420AD1D4F8443115
:10FBA00033B10023C4F84431D4F8443140F4003078
:10FBB000F0BDEBB29B0003F580769B0807FA03F3D8
:10FBC000194208D054F806E0BEF1000F03D044F803
:10FBD00006C0A65918430135DEE738B504460D4680
:10FBE000FFF76CFFA8B12046FFF773FF88B92046E6
:10FBF000FFF77AFF012322688340C2F81833236895
:10FC000003EB8000D0F8103523F00303C0F8103563
:10FC100038BD2846BDE838400021FFF740BF2DE938
:10FC2000F0431746044685B00846F8F7D9F9D7F8E7
:10FC300000800E460546B8F1000F1ED02046FFF7A3
:10FC400048FF18B12046FFF739FF20BB00230DF114
:10FC50000F02CDE900338DF80E308DF80F303046AD
:10FC600043460DF10E01FFF7D1FE04EB4502938AE6
:10FC700023F0020343F0010393827B689BB3314678
:10FC8000204693F80080D3F80490FFF722FF28B1B4
:10FC9000B9F1000F1FD06FF0150027E004EB45000D
:10FCA000838A23F4604323F020038382B9F1000F99
:10FCB00011D0B8F1030FEED87B6821685B6893F828
:10FCC00000C04FEA8C031944B8F1000F11D1C1F8FC
:10FCD0001085C1F8108504EB4502938A23F01C03BC
:10FCE00043EA88039382BB684BBB002005B0BDE8A4
:10FCF000F083D1F8102522F00302C1F81025226804
:10FD00001344D3F8102522F4473222F47C72C3F84E
:10FD1000102541F6F072D3F8101502EA061242EAF5
:10FD200008420A43C3F8102504EB4C03A3F86460AF
:10FD3000838A43EA4C3343F020038382CBE7314686
:10FD4000D3E900782046FFF7F8FE002FCDD0636896
:10FD50009F4206D004F16000FFF708FE002804DA95
:10FD6000C4E7A3689845F5D1002004EBC003C3E9BC
:10FD7000017804EB4505AB8AC0B243EA402343F463
:10FD80008073AB82B1E7C0E90312704770B50446D7
:10FD90001546FFF793FE48B10846F8F721F904EB42
:10FDA00040040020A38A5B0B2B7070BD6FF0150020
:10FDB000FBE790F87400003818BF01207047F8F78F
:10FDC00045B92DE9F34104461746FFF777FE0D4686
:10FDD0002668F0B12046FFF77CFE8046C8B9204671
:10FDE000FFF782FE820002F5807346F80380F35825
:10FDF00023681344D3F8102542F00102C3F81025FC
:10FE000027B1012322688340C2F8143302B0BDE851
:10FE1000F081D6F8143328469B035CBF4FF40033BF
:10FE2000C6F81433F8F7DCF804EB4004A38AC3F3F4
:10FE30008203042B11D0052B11D001A80195F8F7EE
:10FE4000BFF8019BC168D94001F001010231284689
:10FE500002B0BDE8F041FFF722BE0321F7E702211F
:10FE6000F5E7FFF7BABE08B5FAF7B2F9002818BFF0
:10FE70006FF0040008BD08B1E2F76CBB704710B525
:10FE8000436904463BB90020E2684042537843F09E
:10FE90000103537010BD98470028F4D00028B8BF64
:10FEA0004042FF28A8BFFF20E3681870ECE740B18C
:10FEB000C368587810F001001EBF1878B0FA80F0BF
:10FEC00040097047EFF31183202383F31288BFF3B7
:10FED0006F8FFEE708B5FFF7F5FF10B400F10C04D3
:10FEE000C0E9034410BCFBF760BF38B50446EFF32C
:10FEF0001185202383F31288BFF36F8FFBF75EFE1B
:10FF000004F10C0000F012FB30B1294604F114009A
:10FF1000BDE8384000F0F0BA85F31188BFF36F8F69
:10FF200038BD10B542696AB1836842EA03018907A6
:10FF300008D10169A2FB011424B95B182CBF01216F
:10FF4000002102D36FF0150005E0C1609B1A026921
:10FF50008A4201D8002010BDC26801311A6042698E
:10FF6000C3609B1AF3E72DE9F04105460F46EFF316
:10FF70001188202383F31288BFF36F8FC668F6B908
:10FF80000468A0421BD0D4B1D4E9003213605A6097
:10FF9000237CC4E9006623F002032374A66004F105
:10FFA000180000F047FB2046A667676100F071FA71
:10FFB000414605F10800BDE8F04100F09DBA3E6001
:10FFC000AB69EF60013BAB6188F31188BFF36F8FC2
:10FFD000BDE8F081202408B5EFF3118384F3128883
:10FFE000BFF36F8FFCF7B9F8F6E790F90E308B424C
:10FFF00001D0F9F79FBA0020704703460020C3E9FB
:020000022000DC
:100000000033C3E902007047D0E9003213605A6040
:100010000023027CC0E9003322F0020202748360F4
:1000200070472DE9F843904604460D469DF8202080
:10003000EFF31187202181F31288BFF36F8F02B194
:100040004568A66804F10809B14515D0A6B1002499
:100050003046FFF7D9FF06F1180000F0EBFA304602
:10006000B467C6F8148000F014FA4846394600F028
:1000700043FA2046BDE8F883A3B10820F9F728FE2B
:10008000002832D00122C0F804800260016801F02B
:1000900003015DB922680A430260626820606AB9A0
:1000A00060600BE04046C8F80030EFE72A68032A9A
:1000B00010D80160616839B9C4E90000002087F3F5
:1000C0001188BFF36F8FD5E70A6802F0030202437D
:1000D0000A60E5E722F003020A4302602A6802F0A0
:1000E000030240EA02032B60E8E76FF00B00E6E74B
:1000F00010B5044630B10268930703D0446809B1D3
:1001000000F031FB204610BD0023C0E9003300F1B0
:100110000803C0E90233704770B5EFF3118520235F
:1001200083F31288BFF36F8F846800F10806A6423C
:1001300013D094B12046FFF767FF04F1180000F0D8
:1001400079FA00232046A367636100F0A2F92946EB
:100150003046BDE8704000F0CFB985F31188BFF399
:100160006F8F70BD012307B5009300230A4619461F
:10017000FFF757FF03B05DF804FB002307B50A46FD
:1001800000931946FFF74DFF03B05DF804FB002113
:100190000068FFF7ADBF3AB18A4205D3C0E9021249
:1001A000C0E90000002070476FF015007047012380
:1001B00002688B4022EA0303036022FA01F000F098
:1001C00001007047704710B5032104460C30FFF75B
:1001D000EEFF30B104F1100000F02CFAB0FA80F01C
:1001E000400910BD20B100228C30114600F0E9B961
:1001F000704770B5C3680446C3F340069B0716D426
:10020000856802210C30FFF7D2FF80B1D5F8842039
:100210006AB194421DD122689EB9D5F88830C5F8DC
:1002200084209C4201D1C5F8882000232360E36824
:1002300013F01F001EBF43F00203E36040F0020012
:1002400070BD3260D5F88820944208BFC5F8886038
:10025000EBE716461268DBE773B50446EFF311854A
:10026000202383F31288BFF36F8F00230193D0E91B
:100270000423B3F1004F08BF012A05D085F311888C
:10028000BFF36F8F02B070BDA0F1100603210438D8
:10029000FFF78DFF0028F1D0A369304601A9019333
:1002A000F8F762FEEAE738B504460D461022002151
:1002B00001F025FC656038BDEFF31183202282F345
:1002C0001288BFF36F8FC06800F01F0083F311889E
:1002D000BFF36F8F704713B501900846EFF3118499
:1002E000202383F31288BFF36F8F01A9F8F73CFE38
:1002F00084F31188BFF36F8F02B010BD10B5FFF704
:10030000EAFF041E08DDEFF31180202383F3128837
:10031000BFF36F8FF9F77AF9204610BD70B50D461F
:10032000EFF31186202383F31288BFF36F8FF8F762
:100330006DFE044686F31188BFF36F8F38B14FF01E
:10034000FF324FF0FF3305F11000F8F703FD2046B0
:1003500070BD08B5A022002101F0D1FB08BD38B561
:1003600030220D460021044601F0C9FB4FF4807392
:100370006560E36038BDFFF79FBF38B50446EFF313
:100380001185202383F31288BFF36F8FFFF71BFFC4
:100390002046FFF72EFF85F31188BFF36F8F38BD1E
:1003A000F8B504460D46EFF31187202383F3128836
:1003B000BFF36F8FC36803F01F03002B14BF012628
:1003C000002609D0FFF7FFFE2046FFF712FF29465F
:1003D0002046F8F7ABFD034687F31188BFF36F8F14
:1003E0003BB14FF0FF324FF0FF3305F10800F8F753
:1003F000B1FC3046F8BDD0E9003213605A600023EA
:10040000027CC0E9003322F002020274836070476C
:10041000EFF30580003818BF012070476FF05700D8
:100420007047D0E9003213605A600023C0E90033FE
:10043000704708B5FFF7F5FF037C23F00203037450
:100440000023836008BD38B504460D46F8F7CEFF9B
:10045000237C43F002032374D5B1A5602B689D4231
:1004600009D16B68C4E900531C606C6010E06A68D5
:100470009A42F6D01B68002BF3D093F90E1094F932
:100480000E209142F3DD5A68C4E9003214605C60CA
:1004900038BD10B5EFF31184202383F31288BFF326
:1004A0006F8FF8F763FF84F31188BFF36F8F10BD70
:1004B00008B5037C014613F0280F0CD183680BB1FB
:1004C000FFF7B7FF0B7C084623F004030B74BDE86D
:1004D0000840F8F74BBF08BD10B5EFF31184202397
:1004E00083F31288BFF36F8F1838FFF7E1FF84F3AF
:1004F0001188BFF36F8F10BD0846F8F7AFBF38B54E
:10050000054604680020AC4200D138BD002CFCD068
:100510002046FFF78EFF04F1180000F08BF820460C
:10052000F8F724FF2C680120A542EDE710B5EFF3A2
:100530001184202383F31288BFF36F8FFFF7DFFF4F
:1005400084F31188BFF36F8F10BD70B506460D465A
:10055000F9F7F8F8B5F1FF3F08BFB6F1FF3F0446E1
:100560000CD047F6112000214FF47A7547F612227D
:100570000023E4FB0501DFF783FF70BD4FF0FF3080
:10058000FBE738B50446EFF31185202383F3128887
:10059000BFF36F8F037C5B070ED5183000F04AF86D
:1005A000237C204623F004032374F8F7DFFE28465B
:1005B000BDE83840F8F752BF85F31188BFF36F8F5D
:1005C00038BD38B5EFF31185202383F31288BFF3CC
:1005D0006F8F0468A04212D09CB1A167626120466F
:1005E000FFF727FF04F1180000F024F82046F8F781
:1005F000BDFE012085F31188BFF36F8F38BD002049
:10060000F8E72046F6E708B50246F9F70DFA70B1AB
:10061000D0E904319B1A61EBE272B3F1004F72F141
:10062000000104DA002AACBF1846002008BD6FF0B4
:100630000040FBE7024638B5EFF31185202383F332
:100640001288BFF36F8F0368D3B1F9F7EDF9044651
:100650001046F9F7FBF900224FF000438442C0E94D
:10066000042305D0002085F31188BFF36F8F38BDB8
:10067000F9F7E2F9FFF7C7FF0021F7F78FF8F1E785
:10068000D0E90413B3F1004F08BF012904D10020C1
:100690004FF00041C2E904016FF01500E3E708B52F
:1006A000F9F7DCFA08BDF9F7D9BAB3F1FF3F08BF93
:1006B000B2F1FF3F70B506461D46144614D01A43EA
:1006C00016D0002B08DBF9F7C9FA041941EB050134
:1006D000C6E90041304670BD6FF001031C1B4FF0AE
:1006E000FF3363EB0501F3E74FF0FF342146EFE7FB
:1006F0000024FBE7B3F1FF3F08BFB2F1FF3FF8B5BD
:10070000074616461C4610D054EA020311D0F9F7EA
:10071000A5FAB0420A46A14103460AD2F31A64EB95
:100720000204C7E900343846F8BD4FF0FF331C46D9
:10073000F7E70023FBE7043270B504460ED2EFF36F
:100740001185202686F31288BFF36F8F41F00401D4
:10075000984785F31188BFF36F8F08B9002070BDEB
:1007600040F8044BFBE720B1011F50F8040CFFF7E1
:10077000BCBB704700F4E040B0F5805F04D0A0F54A
:100780000053584258417047012070473AB1002940
:1007900018BF00232121D21A184401F0B0B97047C4
:1007A00038B513464FF480420D46F9F711FC044664
:1007B00040B9286843681B0A04D000F0B6FC2C60DE
:1007C0006FF08504204638BD2DE9F04F9B4600238D
:1007D00089B08DF81B30159B9146DDE912A7002BDF
:1007E0000E460B460CBF4FF400624FF4806207A91F
:1007F000DDF85080F9F7ECFB0446F0B9079D304670
:1008000029880DF11B02F9F74DFC0446A8B99DF8A3
:100810001B30BB4223D868686A6E000A05F12001CC
:1008200020D1CDE9033828463346CDE901BACDF8C9
:10083000009000F0D9FC044608B1C8F800703A46B0
:1008400021465046D8F80030FFF7A0FF079800F087
:100850006CFC002C18BF204609B0BDE8F08F6FF08B
:100860008904EAE76FF08604E7E72DE9F341D0F861
:1008700004804769044640460E4600F058FC054691
:1008800060BB5FFA88F31BB93FB16FF0860525E0C6
:100890006FF04043013F9F42F7D2A06820F47F40B1
:1008A00020F003000028F0D14FF6F87362889A42D6
:1008B00018D8277907B901A83146F9F71DFD054673
:1008C00060B90FCCD6F800C066460FC694E80300A6
:1008D00086E8030017B9019BCCF81430284602B013
:1008E000BDE8F0816FF08505F8E740F67E7300F60D
:1008F000FF729A4243D9434213F07F0306D0202B64
:10090000C3F1000015D16FF08500704710F1920F10
:100910000FDA10F5994F2AD02CDC10F5C54F26D0F0
:1009200010F5C14FEFD010F5C74F23D16FF09600EF
:10093000704710F11F0F15DA10F13D0F1DD010F1A7
:100940003C0F07DA10F1400F14BF6FF083006FF017
:100950009300704710F1220F14BF6FF083006FF007
:1009600085007047002818BF6FF0830070476FF054
:10097000860070476FF0830070476FF093007047F8
:1009800041F2052398421AD8B0F5905F09D241F29E
:10099000010398420CD0B0F5885F09D06FF0850054
:1009A00070472923A0F5905080B2C340DB07F5D5EE
:1009B00011F0070F14BF6FF0860000207047B0F5EC
:1009C000105FEBD121F04003802B06D0B1F5807F82
:1009D00014BF6FF086000020704700207047F8B504
:1009E00004460F461E461546008892B1FFF7C2FE28
:1009F00078B1089BD10019602088FFF7C1FF044639
:100A000028B93946304601F054F8079B1D6020464E
:100A1000F8BD6FF08504FAE710B5436E04461BB1CC
:100A200041212030F9F7C0FF0020606610BD38B5C5
:100A30000446FFF7F1FF237E012B0FD0023B012B71
:100A40000FD8E369012B14BF6FF0960500256822CB
:100A50000021204601F053F8284638BDE369002BF9
:100A6000F1E76FF09605F2E708B1FFF7E0BF7047D6
:100A700013B5A0B101A9F9F787FC80B90198037EED
:100A8000022B0ED1032303760379FF2B0CBF6FF0EB
:100A90008404002400F034FB002808BF204602B084
:100AA00010BD6FF09604F5E770B5144602881D4638
:100AB0001046049EFFF75EFE68B944F2010322F47B
:100AC0004050984207D002F44F42B2F5824F02D014
:100AD000B2F5844F0ED1B4420FD82246284600F01A
:100AE000E8FF0021321B281901F009F80020059BBE
:100AF0001C6070BD6FF08500FBE76FF08900F8E7C0
:100B00002DE9FF4188461F46164612B300230122F5
:100B10003B6003A9F9F75CFA044698B9039D6B683A
:100B20006A6E1B0A05F1200110D143462846CDE923
:100B30000067FFF7B9FF0446284600F0F6FA002CDC
:100B400008BF0446204604B0BDE8F0816FF086047B
:100B5000F2E76FF08904F5E770B514460288049D4A
:100B600002F4E040B0F5804F1CD144F2010022F4C1
:100B70004056864207D002F44F42B2F5824F02D06F
:100B8000B2F5844F0ED1AC420FD81846224600F081
:100B900090FF00212A1B204400F0B1FF0020059B9C
:100BA0001C6070BD6FF08500FBE76FF08900F8E70F
:100BB000F0B50F461E46154685B002B3002303A9C3
:100BC0001A463360F9F704FA044690B9039803888B
:100BD0005B0411D5CDE900563B46426E00F1200181
:100BE00000F0B1FA0446039800F09FFA002C08BF09
:100BF0000446204605B0F0BD6FF08604F3E76FF0C1
:100C00008904F6E72DE9F04F9846002389B006469F
:100C1000894615460693C8F80030002A6DD0B2F117
:100C2000005F6DD206A9FFF720FE044650B9069F6B
:100C3000D7F864A0BAF1000F0FD173681B0A05D072
:100C40006FF086040698FFF70FFF52E0412D02D99E
:100C50006FF08504F6E7AA467D6672687B88120A03
:100C6000079307F1200307F16407E9D10DF11C0B8D
:100C70002A4649463046CDE9017BCDF800A00593D0
:100C800000F0E5FA10F1860F0446059B09D12A46CB
:100C900049463046CDE9017BCDF800A0FFF79FFE25
:100CA0000446002CCED10699079B4A88E2B94B80B6
:100CB0004FF6F873079A9A42CAD83388069A13B146
:100CC00011889942BCD1738813B151889942B7D128
:100CD0005369C8F80030137E012B08D000236FF051
:100CE0009604C8F80030ADE79A42A9D1E0E70223A4
:100CF0001376204609B0BDE8F08F6FF08604F8E760
:100D00006FF08504F5E710B50446006858B1012876
:100D10000AD104F10800F9F78FFB00232360A388B0
:100D20006FF30803A38010BD6FF08600F5E72DE98F
:100D3000F043984600230C46016885B005461746E7
:100D40000393002941D100F108094022484600F0F0
:100D5000D6FEB8F1000F20463B460CBF4FF40062B0
:100D60004FF4806203A9F9F733F9044678BB039C7A
:100D7000384621882A1DF9F795F9064660BB6B793C
:100D800004F1200268F300036B716168636E090A65
:100D9000B8F1000F12D009BB21464846009700F079
:100DA00010FA044698B901232B60039800F0BDF9AE
:100DB000002E18BF304605B0BDE8F08371B921465A
:100DC0004846009700F000FAEBE76FF088042846E9
:100DD000FFF799FF2646E8E70446F8E76FF0860438
:100DE000F5E70123FFF7A3BF38B50546006898B1C2
:100DF00012B90024204638BD01280AD105F10800A7
:100E0000F9F774FB04460028F3D02846FFF77BFF70
:100E1000F0E76FF08604F8E76FF08804EAE72DE961
:100E2000F041054600680F461646984610B36A79A9
:100E3000D2071FD52A79EAB1B2421ED801281FD1A4
:100E400005F1080000F0C3F9044618B10023C8F802
:100E500000602B7137B1324621463846D8F8003051
:100E6000FFF794FC2846FFF74EFF002C18BF2046E2
:100E7000BDE8F0816FF08804E8E76FF08904E5E7EA
:100E80006FF08604E2E71FB501240394089C0294E6
:100E9000079C0194069C0094FFF796FC04B010BDDB
:100EA00003681943B1FA81F0400970472DE9F04712
:100EB00005469A46002386B0059305F0FE43B3F13C
:100EC000106F0846DDE90E679146DDF8408034D1A9
:100ED0002A4605A9FFF764FC044680BB05990888EB
:100EE00020F0FF00B0F5E24F02D0B0F5E44F04D19E
:100EF0004B880733B7EBD30F24D353464A462846D3
:100F0000CDE901780096F9F72BF8044666B900237D
:100F1000C8F80030059800F008F9002C08BF044616
:100F2000204606B0BDE8F0870028F3D039463046A9
:100F3000F8F7FAFFC8F80070ECE76FF08604002EAF
:100F4000E5D0F3E76FF08904F9E7F8F7EDBF08B5EE
:100F50000088DDE90221FFF70DFC20B1BDE8084063
:100F60001046F8F7E1BF6FF0850008BD2DE9F04F9E
:100F70001F46002389B0DDF848900693C9F8003079
:100F8000438805460E469046002B00F0B280038849
:100F900003F4E043B3F5804F00F0AB8039463046B0
:100FA000FFF77EFF002800F0A480284606A9FFF77F
:100FB0005CFC0446002851D1069BD3F864A0BAF12A
:100FC000000F21D16B681B0A66D12A8869881046F8
:100FD000FFF7D0FB00283AD01046FFF7D1FC0446BB
:100FE00000283BD147F201039A424ED14C0801340C
:100FF000E40804EBC4043B340794DDE9063ABAF193
:10100000410F29D8C3F864A06A6803F1200B120AC3
:1010100003F1640367D12A88510445D4CDE901A3C3
:1010200042463B4631462846CDF800B0FFF78FFFD9
:101030000446002C59D1069B5A69C9F800201A7E33
:10104000012A4AD0C9F800406FF0960406E002F485
:101050004F43B3F5824F05D06FF085040698FFF734
:1010600003FD3CE002F4E043B3F5E04FF4D147F276
:1010700001039A42BAD0CC1D22F0FF02E408B2F577
:10108000824F04BF64000134B6E744F201039A4280
:10109000F1D1CC081034AFE7284607A900F04EF88C
:1010A00004460028A9D0D9E702F44F41B1F5824F98
:1010B000B4D147F212118A42B0D16A88B2F5807F6A
:1010C000ACD1524659462846059300F01FF910F15D
:1010D000860F0446059BACD1A0E702221A76204673
:1010E00009B0BDE8F08F6FF086040698FFF794FC16
:1010F000B4E76FF08604F2E71822002100F0FFBC8D
:10110000034668B1017E8A1E012A0BD80329C269F1
:1011100003D1012A01D1FFF78ABC1AB1013ADA6181
:10112000002070476FF096007047FFF7E9BFC0B22C
:10113000002814BF6FF085000020704700236FF077
:1011400086000B6070472DE9F34747680446DDE9E8
:101150000A9A3F0A0D461646984611D1CDE9009AE3
:1011600000F0ADF810F1860F0CD143463246294607
:101170002046CDE90A9A02B0BDE8F047FFF7ECBC83
:101180006FF0860002B0BDE8F08773B50026154603
:101190001C460DF106020DF107038DF80760F9F703
:1011A00009F958B99DF8070004B1207029469DF847
:1011B000062002B0BDE87040F9F702BC304602B02C
:1011C00070BD009BF9F752B9009BF9F74FB938B5DC
:1011D0001C460368154623B1F9F70CF900B92560E0
:1011E00038BD6FF08800FBE72DE9F04104460D465D
:1011F0001E4690B0402200216846DDF85C80199FB1
:1012000000F07DFC214633462A466846F9F72EF960
:10121000044648B9B8F1000F0DD13A46684618990E
:10122000F9F7E8F8044678B16846F9F705F9204679
:1012300010B0BDE8F081424668461699F9F756F9B4
:1012400004460028E9D0EFE71A9B1F60ECE7F8B5E9
:10125000089F1E463B68144633F480720D462BD11E
:1012600044F2121102888A4213D1412C03D01BB3DD
:101270006FF08600F8BD681C00F046FA0028F7D130
:101280004FF480733B60069B9C420CD96FF0890041
:10129000F0E747F212118A420ED1202CE7D12846FE
:1012A00000F040FAEAE722462946304600F001FC09
:1012B000079B00201C60DDE76FF08500DAE770B562
:1012C0000446268864881846DDE90435B4F5807F35
:1012D00013D147F21214A6420FD1202A10D1402B6D
:1012E00011D9042300F8013BF9F726FB08B9412383
:1012F0002B60BDE87040F9F70DB96FF0850070BD47
:101300006FF08600FBE76FF08900F8E730B5202A20
:10131000084614461D4691B009D16946F9F7BEFA50
:1013200000B92C6011B0BDE83040F9F7F3B86FF0A8
:10133000890011B030BD70B51446DDE90603DDE962
:101340000426202C089D0CD1412E0AD11F2B0BD92D
:101350000132F9F7C5FA00B92C60BDE87040F9F721
:10136000D9B86FF0860070BD6FF08900FBE740F8D8
:10137000041B1C22002100F0C2BBF0B5002405466E
:101380002646204652F8247051F82430DB1946EBEB
:1013900006071B1845F8243004F1010447F100004A
:1013A000082CEFD1F0BD002370B50646184652F860
:1013B000235051F82340641B65EB0505241A46F8B9
:1013C000234003F1010365F10005082BC5F100007E
:1013D000EDD170BD70B504395642041F013A1C307E
:1013E00054F8043F51F8045F134035402B438442C6
:1013F0002360F5D170BD002330B50446184654F87B
:10140000232051F8235001336A40082B40EA0200A0
:10141000F5D130BD70B50446056800201668034656
:10142000E1FB6653256056686568E1FB66536560BD
:101430009668A568E1FB6653A560D668E568E1FBA0
:101440006653E56016692569E1FB665325615669B7
:101450006569E1FB665365619669A569E1FB6653C1
:10146000A561D569E269E1FB6523E261226A9B1807
:101470002362404170BD10B50438A1F120024B7FBA
:101480000C7F1B0443EA0463CC7F0439234391F8A7
:1014900022408A4243EA042340F8043FEFD110BDC2
:1014A0000B1F1C3153F8042F0438120E80F8202033
:1014B0005A888B4280F821201A684FEA122280F85D
:1014C00022201A6880F82320ECD1704770B588B0CC
:1014D0001E460446FFF751FF324605462146684640
:1014E000FFF761FFC0F10102694620462A43FFF77A
:1014F00071FF08B070BD2DE9F04F8BB00D46064668
:1015000091460021242201A81F46D3F840A000F0F4
:10151000F6FAA5F1040B1C355BF8041FD9F800207E
:10152000019B01A802FB01334A460AFB03F8FFF7BF
:1015300071FF3A460446414601A8FFF76BFF20229F
:10154000044402A901A800F0C1FA5D450994E3D161
:101550003A4601A93046FFF726FFC0F101022243B7
:101560003046C2F10102FFF735FF0BB0BDE8F08F46
:101570000B4601F120020146FFF7BDBF30B504461E
:101580000D4689B068460121FFF7F1FE2B466A46F9
:1015900021462046FFF7AFFF09B030BD38B50446FD
:1015A0001546FFF7E4FE29462046BDE83840FFF720
:1015B000DFBF2DE9F04314460646274689B00122D5
:1015C0006846FFF707FF224601213046FFF7E6FF96
:1015D000256804F11C09023D4FF02008EB0705D5F2
:1015E00023466A4631463046FFF785FF23466A4662
:1015F00069466846FFF77FFFB8F101084FEA5505D5
:10160000ECD14F4502D057F8045FE5E709B0BDE8DB
:10161000F08330B51546044689B001226846FFF7CD
:10162000D9FE29466846FFF7A9FF69462046FFF71D
:1016300037FF09B030BDF0B516461F4604460D46CB
:1016400099B011466846F8F771FF3246694608A816
:10165000F8F76CFF3A4669466846F8F767FF08A94D
:1016600008461E9AF8F762FF224669466846F8F770
:10167000A5FF08A92A460846F8F7A0FF6A463146A2
:101680003046F8F753FF6A46694610A8F8F74EFF50
:101690006A46684610A9F8F749FF10A9224608468D
:1016A000F8F744FF08AA11462046F8F73FFF214605
:1016B000204610AAF8F782FF2146204610AAF8F724
:1016C0007DFF6A4621462046F8F778FF10A922469A
:1016D0000846F8F773FF10A9084608AAF8F726FF8E
:1016E0002A4669466846F8F721FF6A46284610A947
:1016F000F8F764FF19B0F0BD08B5FFF726FC003815
:1017000018BF0120404208BD00B591B0024608A9AB
:101710006846F8F767FF002818BF6FF0010011B0A6
:101720005DF804FB10B588B001466846F8F726FF5F
:10173000044620216846F9F737F9002C0CBF2046F3
:101740006FF0020008B010BD10B5044608B1F9F7FB
:101750002BF92046BDE81040F9F720B93C220021C2
:1017600000F0CDB910B5044600F09DF92046BDE863
:101770001040F9F713B910B54FF48C710120F9F747
:1017800007F9044608B100F089F9204610BDF9F7C1
:10179000CDBAF9F701BAF9F74BBB38B5054618B918
:1017A0006FF08604204638BD0468002CF8D000296C
:1017B000F6D00123F9F75EF904460028F2D12B6830
:1017C000002BEDD09B79023B022BE9D8242101208C
:1017D000F9F7DEF820B11021A863F9F7E5F8E1E7A1
:1017E0006FF08C04DEE72DE9F04F0F461646804679
:1017F00085B0002879D00368002B76D0002974D0FA
:10180000846B002C71D01D79206A05F01F05F8B19A
:101810002A1AB2421CD21030204400F04AF90023A8
:1018200004F11002191DA9422CD923441A1B954218
:1018300031D803AB00932A46234621464046F9F7A8
:1018400049F9E0B9236A2062EA1A334417445E1B5F
:1018500005F1FF39B144B9FBF5F94FF0010A0DF17B
:101860000C0BCA4538D34EB1206A32461030394687
:10187000204400F01EF9236A33442362002005B09F
:10188000BDE8F08F52F8100C13680432434042F860
:10189000143C0B46C6E71A7C19784A4003F8012B22
:1018A000C4E7FA58E0584240E2500B46191D8D42F9
:1018B00004EB0302F5D2AB4210D323462A4621465D
:1018C0004046CDF800B0F9F705F90028D7D1761BCE
:1018D0002F440AF1010AC4E70023E7E7F85C117816
:1018E0000133414002F8011BE5E76FF08600C6E7CF
:1018F0002DE9F04F93B006460391002800F0CB800D
:101900000368002B00F0C780856B002D00F0C380BA
:10191000002900F0C08006AF102138460DF12808DC
:101920001C790DF13809F9F73FF810214046F9F715
:101930003BF810214846F9F737F8326804F01F04E5
:1019400092B392F804A00AF01F0A0DF1140B4B4653
:10195000524649463046CDF800B0F9F7BBF850B9C9
:10196000BAF1100F07D149463846F9F7F3F839466E
:101970004046F9F7EFF810214846F9F715F82B6AB9
:1019800005F1100AA34211D33846CC460022111D9E
:10199000A14265D9A2421ED21AF80210B85C414099
:1019A00009F802100132F5E79246CEE74846CC46E8
:1019B000002293423ED91AF80210013294420CF8E8
:1019C000011BF6D8C4460022111DA14237D909EBEC
:1019D0000201A2423BD348460022A5F1040C111D8E
:1019E000A14246D9A918A2424CD330462B462246E2
:1019F0002946CDF800B0F9F76DF8064620B9224621
:101A00002946039800F055F810213846F8F7CCFF26
:101A100010214046F8F7C8FF0023102150462B62E2
:101A2000F8F7C2FF10212846F8F7BEFF304613B082
:101A3000BDE8F08F0CBF01210021C901BDE702689C
:101A40005CF8043B5A4040F8042B0A46BCE708788F
:101A500018F802C0013280EA0C0001F8010BB8E767
:101A60006A1850F8043BD2685A404CF8042B0A46D6
:101A70008DE75CF8012050F8043B5A404CF80120F7
:101A80000A46ACE719F802C00878013280EA0C0077
:101A900001F8010BA7E76FF08606C7E74FF48C72D9
:101AA000002100F02CB818B14FF48C71F8F77CBF0E
:101AB00070470A44431E914200D1704710B511F897
:101AC000014B914203F8014FF9D110BD884210B586
:101AD00001EB020402D98442234607D8431EA142E7
:101AE00007D011F8012B03F8012FF8E702448242D6
:101AF00000D110BD13F8011D02F8011DF7E70244E3
:101B00000346934200D1704703F8011BF9E70139FE
:101B1000024410B5904201D1002005E0037811F88D
:101B2000014FA34201D0181B10BD0130F2E702465D
:101B3000014410B58A42134603D01C780132002CB0
:101B4000F8D1181A10BDF0B5C3F13707044603F0F9
:101B50001F031046FFB2082BE6B232D0102B3DD047
:101B60006508A40845EAC17544EA81748A082D19FC
:101B700042EB5102290941EA02716D1842EB12123F
:101B8000290A41EA02616D1842EB1222290C41EA4E
:101B900002416D1842EB1242AD1842F10002EC080E
:101BA00044EA4274D10804EB8402A6EB4205EDB28C
:101BB000092D0CD90134A5F10A0541F10001EDB25E
:101BC00012E0E40806F0070544EA4174C90830351C
:101BD00054EA010200F8015BBDD1F0BD240906F012
:101BE0000F0544EA01740909092D84BFED19EDB20E
:101BF000EDE7D1E9043293421EBF5A1C0A61187006
:041C00007047000029
:081C0400D0E8FD7F01000000A3
:101C0C00AD24000000000000ED7601000000000093
:101C1C00000000009C1C02005D8A01000000000016
:101C2C00818A01000000000000000000D41C0200AA
:101C3C0000000000B81C020000000000F01C0200B4
:101C4C00000000000C1D020000000000281D020016
:101C5C00E97001000000000057F9010000000000CD
:101C6C00892100000000000067FE01000000000058
:101C7C00A18D01000000000000000000441D0200C6
:101C8C00792500000000000019270000000000006A
:101C9C008D430200EC2F020070260200B2050020DA
:101CAC00F0820020E96D0100000000009E4302005C
:101CBC000830020040260200B605002044830020B4
:101CCC000D73010000000000AA4302001C3002004A
:101CDC0040260200B8050020508300200D7301003F
:101CEC0000000000B5430200303002004026020024
:101CFC00BA0500205C8300200D7301000000000079
:101D0C009A4302000000000038260200B4050020AF
:101D1C000000000089F7010000000000C043020031
:101D2C00503002008C260200BC0500206883002085
:101D3C00ADF8010000000000C42B02000000000000
:101D4C0064260200B00500206C3200200000000068
:041D5C000000000083
:101D60000000000037C101000000000037C1010081
:101D70000000000037C101000000000037C1010071
:101D80000000000037C101000000000037C1010061
:101D90000000000037C101000000000037C1010051
:101DA0000000000037C101000000000037C1010041
:101DB0000000000037C101000000000037C1010031
:101DC0000000000037C101000000000037C1010021
:101DD0000000000037C101000000000037C1010011
:101DE0000000000037C101000000000037C1010001
:101DF0000000000037C101000000000037C10100F1
:101E00000000000037C101000000000037C10100E0
:101E10000000000037C101000000000037C10100D0
:101E20000000000037C101000000000037C10100C0
:101E30000000000037C101000000000037C10100B0
:101E40000000000037C101000000000037C10100A0
:101E500000000000413901000000000037C101000E
:101E60000000000037C101000000000037C1010080
:101E70000000000037C101000000000037C1010070
:101E80000000000037C101000000000037C1010060
:101E90000000000037C101000000000037C1010050
:101EA0000000000037C101000000000037C1010040
:101EB0000000000037C101000000000037C1010030
:101EC0000000000037C101000000000037C1010020
:101ED0000000000037C101000000000037C1010010
:101EE0000000000037C101000000000037C1010000
:101EF0000000000037C101000000000037C10100F0
:101F00000000000037C101000000000037C10100DF
:101F10000000000037C101000000000037C10100CF
:101F20000000000037C101000000000037C10100BF
:101F30000000000037C101000000000037C10100AF
:101F40000000000037C101000000000037C101009F
:101F50000000000037C101000000000037C101008F
:101F60000000000037C101000000000037C101007F
:101F70000000000037C101000000000037C101006F
:101F80000000000037C101000000000037C101005F
:101F90000000000037C1010000000000C96C010012
:101FA0000000000037C101000000000037C101003F
:101FB0000000000037C101000000000037C101002F
:101FC0000000000037C101000000000037C101001F
:101FD0000000000037C101000000000037C101000F
:101FE0000000000037C101000000000037C10100FF
:101FF0000000000037C101000000000037C10100EF
:102000000000000037C101000000000037C10100DE
:102010000000000037C101000000000037C10100CE
:102020000000000037C101000000000037C10100BE
:102030000000000037C101000000000037C10100AE
:102040000000000037C101000000000037C101009E
:102050000000000037C101000000000037C101008E
:102060000000000037C101000000000037C101007E
:102070000000000037C101000000000037C101006E
:102080000000000037C101000000000037C101005E
:102090000000000037C101000000000037C101004E
:1020A0000000000037C101000000000037C101003E
:1020B0000000000037C101000000000037C101002E
:1020C0000000000037C101000000000037C101001E
:1020D0000000000037C101000000000037C101000E
:1020E0000000000037C101000000000037C10100FE
:1020F0000000000037C101000000000037C10100EE
:102100000000000037C101000000000037C10100DD
:102110000000000037C101000000000037C10100CD
:102120000000000037C101000000000037C10100BD
:102130000000000037C101000000000037C10100AD
:102140000000000037C101000000000037C101009D
:102150000000000037C101000000000037C101008D
:102160000000000037C101000000000037C101007D
:102170000000000037C101000000000037C101006D
:102180000000000037C101000000000037C101005D
:102190000000000037C101000000000037C101004D
:1021A0000000000037C101000000000037C101003D
:1021B0000000000037C101000000000037C101002D
:1021C0000000000037C101000000000037C101001D
:1021D0000000000037C101000000000037C101000D
:1021E0000000000037C101000000000037C10100FD
:1021F0000000000037C101000000000037C10100ED
:102200000000000037C101000000000037C10100DC
:102210000000000037C101000000000037C10100CC
:102220000000000037C101000000000037C10100BC
:102230000000000037C101000000000037C10100AC
:102240000000000037C101000000000037C101009C
:102250000000000037C101000000000037C101008C
:102260000000000037C101000000000037C101007C
:102270000000000037C101000000000037C101006C
:102280000000000037C101000000000037C101005C
:102290000000000037C101000000000037C101004C
:1022A0000000000037C101000000000037C101003C
:1022B0000000000037C101000000000037C101002C
:1022C0000000000037C101000000000037C101001C
:1022D0000000000037C101000000000037C101000C
:1022E0000000000037C101000000000037C10100FC
:1022F0000000000037C101000000000037C10100EC
:102300000000000037C101000000000037C10100DB
:102310000000000037C101000000000037C10100CB
:102320000000000037C101000000000037C10100BB
:102330000000000037C101000000000037C10100AB
:102340000000000037C101000000000037C101009B
:102350000000000037C101000000000037C101008B
:102360000000000037C101000000000037C101007B
:102370000000000037C101000000000037C101006B
:102380000000000037C101000000000037C101005B
:10239000281D020051F801000000000037C10100B3
:1023A0000000000037C101000000000037C101003B
:1023B0000000000037C101000000000037C101002B
:1023C0000000000037C101000000000037C101001B
:1023D0000000000037C101000000000037C101000B
:1023E0000000000037C101000000000037C10100FB
:1023F0000000000037C101000000000037C10100EB
:102400000000000037C101000000000037C10100DA
:102410000000000037C101000000000037C10100CA
:102420000000000037C101000000000037C10100BA
:102430000000000037C10100B802002029F80100A7
:102440000000000037C101000000000037C101009A
:102450000000000037C101000000000037C101008A
:102460000000000037C101000000000037C101007A
:102470000000000037C10100000000001539010014
:102480002987010063F901000000000037C1010045
:102490000000000037C101000000000037C101004A
:1024A0000000000037C101000000000037C101003A
:1024B0000000000037C101000000000037C101002A
:1024C0000000000037C101000000000037C101001A
:1024D0000000000037C101000000000037C101000A
:1024E0000000000037C101000000000037C10100FA
:1024F0000000000037C101000000000037C10100EA
:102500000000000037C101000000000037C10100D9
:102510000000000037C101000000000037C10100C9
:102520000000000037C101000000000037C10100B9
:102530000000000037C101000000000037C10100A9
:102540000000000037C101000000000037C1010099
:102550000000000037C101000000000037C1010089
:102560000000000037C101000000000037C1010079
:102570000000000037C101000000000037C1010069
:102580000000000037C10100F7F9010063F9010004
:102590000000000037C101000000000037C1010049
:1025A0000000000037C101000000000037C1010039
:1025B0000000000037C101000000000037C1010029
:1025C0000000000037C101004002002029F801008E
:0825D0000000000037C101000A
:1025D80020080020A893002000080000F111000046
:1025E8000000000000000000000000000A000000D9
:1025F80000000000F83D020000000000000000009C
:10260800A0070020A88D002000060000CD100000C3
:102618000000000000000000000000000B000000A7
:1026280000000000ED3D0200000000000000000076
:082638007BF7010051F70100DE
:10264000397101008DF7010099F70100ADF7010024
:10265000B7F70100C1F7010055730100D5F701007C
:042660000000000076
:0C26640005AB000025A90000A1A80000A3
:10267000416E0100BDF6010023F7010000000000DB
:0C2680005BF601000000000000000000FC
:0C268C0069F80100ED7501005BF8010029
:10269800050000008D500000060000008173000056
:0826A80004000000B964000009
:1026B000A90E0000250E0000000000000000000030
:1026C000000000000000000000000000650E000097
:1026D000D10D000000000000450D000000000000CA
:1026E000682A020008000000D4270200050000004C
:1026F000FB00904202000300960096000C000C00C4
:102700000000900100000000600060000000000078
:102710000000000053494E4B00000000000103FF81
:1027200004FF020000A0105000820D50000405506C
:102730000001000812000000000000000103006218
:10274000746C650000000000000000000000000044
:102750000000000000000000000000000000000079
:102760000000000000000000000000000000000069
:102770000001000000000000000000000000000058
:102780000338FDD870470000000000000000000082
:102790000338FDD870470000190F0000710D0000CC
:1027A0000000000000000000000000000FBA01005F
:1027B0000000000000000000000000000000000019
:1027C0006C280200D02702000B020000000000006D
:1027D000BCE500206C3A020093E601000000000016
:1027E000683A020000000100643A02002FE901008B
:1027F0000000000014020020000001005C3A02000A
:10280000E5C0010000000000000000000000010021
:10281000583A02002FE90100000000000C020020DD
:1028200000000100503A0200B1C0010000000000A9
:102830000000000000000100000000200000000077
:1028400006000100020000004C2802000000000009
:102850003A42020006000000E0CF1700000000200E
:102860004242020021000000E0FF0320B9220000E4
:1028700000000000E1C101006C280200882802006D
:1028800002010000000000007C7001206C280200A2
:102890009C2802002E00000000000000B0BE0120B5
:1028A0006C280200B02802000201000000000000B5
:1028B00084BF01200E030000E13000000F0400007F
:1028C000DD3100001A010000D3C50100050400003D
:1028D000CD2600001301000053C801003E01000096
:1028E0007128000001120000EBC801000A1E000060
:1028F000EDC80100FF010000492700003E01000073
:10290000692700000504000037C601000804000024
:10291000EFC901003003000089C901001001000067
:1029200095C6010002010000E53A00000112000016
:10293000A12F00000A1E000001CB010003090000C6
:102940005FC70100040B0000D9C70100060A0000A0
:10295000A3CC0100070A000027C701000C050000F6
:1029600011C90100050C0000DBCB01002BFD0000AC
:10297000E9C60100350900009DC601006C2802006F
:102980008C2902000201000000000000A0C001200C
:102990006C280200A02902000000000000000000D6
:1029A000D4C201206C280200B429020009020000F0
:1029B00000000000FCC20120EDD4010001D501009F
:1029C0000000000000000000000000004955000069
:1029D00000000000000000000000000000000000F7
:1029E0006C280200F0290200110000000000000025
:1029F0003C4F022002020100EFDD0100040401004F
:102A0000CD5C000006060100295F000008040100FB
:102A1000E95F00000A02010009DF01000C04010067
:102A2000F1DE01000E040100015E0000200401003F
:102A3000955E000010040100FD600000120201001C
:102A400053DF01001E00040087E401005202000071
:102A500079DF01006C280200642A020002010000F4
:102A600000000000784F02209C3A020093E601002B
:102A700000000000983A020000000100943A0200B1
:102A80002FE9010000000000D80300200000010031
:102A90008C3A02000000000000000000000000006E
:102AA00000000000883A020065E60100996A000013
:102AB000E003002000000300843A02002FE9010037
:102AC00000000000D0030020000001007C3A02005A
:102AD000CBE6010007E80100000000000000030051
:102AE000783A02002FE9010000000000C80300202E
:102AF00000000100703A0200C96D000000000000F3
:102B000000000000000001000D7A00006BF30100DE
:102B1000198000000000000000000000657E000039
:102B200000000000000000000000000000000000A5
:102B30000000000000000000F5EC010006000000AD
:102B4000257500000600000095EE01001000000051
:102B5000DD7800001000000021F3010001000000FA
:102B60004FEC010010000000F1EC01000A00000031
:102B700011EE010010000000E97E000007000000D7
:102B8000EDEC0100100000001D7C000001000000C1
:102B90000D770000400000003FED01001000000034
:102BA00033ED01000100000042542043544C5220F8
:102BB000525820707269000042542043544C5220F5
:102BC0005258000062745F6863695F636F6E74726D
:102BD0006F6C6C65720000005A6570687972204FE6
:102BE000532076342E342E310000000057455354C4
:102BF0005F544F504449522F7A65706879722F7331
:102C000075627379732F626C7565746F6F74682F5A
:102C1000636F6E74726F6C6C65722F6C6C5F737720
:102C20002F756C6C5F7363616E2E6300657272202A
:102C30003D3D2030207C7C20657272203D3D202D62
:102C400031323000415353455254494F4E20464192
:102C5000494C205B25735D20402025733A25640A8A
:102C60000000000009706172616D313A2025752005
:102C7000706172616D323A2025750A0057455354D0
:102C80005F544F504449522F7A65706879722F73A0
:102C900075627379732F626C7565746F6F74682FCA
:102CA000636F6E74726F6C6C65722F6C6C5F737790
:102CB0002F756C6C5F636F6E6E2E63005132434FE5
:102CC0004E4E2041413D2530327825303278253036
:102CD00032782530327820435243494E49543D25BD
:102CE000303278253032782530327820686F703D68
:102CF0002575206368616E5F636F756E743D257521
:102D0000206D61703D2530327825303278253032A3
:102D10007825303278253032780A000057455354F0
:102D20005F544F504449522F7A65706879722F73FF
:102D300075627379732F626C7565746F6F74682F29
:102D4000636F6E74726F6C6C65722F6C6C5F7377EF
:102D50002F6E6F726469632F6C6C6C2F6C6C6C5F80
:102D60007363616E2E630000300000000925733A22
:102D70002041637475616C204556454E545F4F5633
:102D80004552484541445F53544152545F55532086
:102D90003D2025750A000000574553545F544F509D
:102DA0004449522F7A65706879722F73756273790E
:102DB000732F626C7565746F6F74682F636F6E74B8
:102DC000726F6C6C65722F6C6C5F73772F6E6F72A5
:102DD0006469632F6C6C6C2F6C6C6C5F63656E74D4
:102DE00072616C2E63000000020000000000000011
:102DF00000000000000000000000010303030303C3
:102E00000300000000000000000000006DEC000066
:102E1000000000007DEC00008DEC000000000000D0
:102E200035ED0000000000009DEC000000000000F7
:102E300065ED0000ADEC000045ED000095ED0000F3
:102E4000BDEC0000D5ED0000CDEC000075ED0000FC
:102E500085ED0000A5ED0000B5ED0000E5ED0000FA
:102E6000F5ED0000EDEC000005EE000000000000B4
:102E700000000000000000000000000055ED000010
:102E80000000000000000000000000000000000042
:102E90000000000000000000000000000000000032
:102EA0000000000000000000000000000000000022
:102EB0000000000000000000000000000000000012
:102EC0000000000000000000000000000000000002
:102ED00000000000000000000000000000000000F2
:102EE00000000000000000000000000000000000E2
:102EF000DDEC0000C5ED0000000000000A0300004A
:102F000000000000000000000202000000000000BD
:102F10000403000002010903000000000103000097
:102F20000C03000007030000000003010000000084
:102F30000000000000000000000000000000000091
:102F40000000000000000000000000000000000081
:102F50000000000000000000000000000000000071
:102F6000000000000000000000000000000012034C
:102F700012030000636F6D6D6F6E5F70726570613C
:102F800072655F6362000000707265706172655FF8
:102F90006362000007000000080000000900000054
:102FA0000A0000000B0000000D0000000F000000F0
:102FB00011000000130000001500000018000000C0
:102FC0001B0000001F00000023000000280000007C
:102FD0002D0000003300000039000000010304054B
:102FE000A56D0100756D010000000000F16E01008B
:102FF000716E01004DF7010049F7010000A010506B
:1030000000820D50000405507F00000000A0105009
:10301000400200200000000000000000FFFF01004F
:1030200000820D50B80200200000000001000000E6
:10303000FF07000000040550000000000000000031
:103040000200000000A0105000820D500004055046
:1030500000600C5000000000000000007C30020006
:1030600000C201000000D601000000000000004086
:10307000000000009F8D00209E8D002000600C50FD
:1030800088300200010000009030020004000000BF
:103090002400000026000002250600012706000388
:1030A0000001000000A0105000820D5000040550E7
:1030B0000800000002000000040000000100000001
:1030C0000C1C02001C1C0200641C02006C1C020090
:1030D0009C1C02009C1C0200D04302000001000066
:1030E00000000000000000000A5695CE5753F2DDA4
:1030F0005CE419BAE4B84A8B25F321DD8886E8D26E
:10310000855D882518FF71853C14A918D430E779AE
:1031100001B6ED5FFC95BA75102562772B73FB79CC
:10312000C65537A5765F9018DFBDC42962DF9CD8ED
:1031300090308478CD05F0ACD62E21F7AB20A2E5F7
:10314000344887041D0630DC512563FCC2CAB9F33C
:10315000849E17A7ADFAE6BCFFFFFFFFFFFFFFFF4E
:1031600000000000FFFFFFFFA2EE79BE954C248314
:10317000A66FBD499C79994659EC6B2B39B245280D
:103180002056D9F3942DE1664FBC00EEFFFFFFFF00
:10319000FFFFFFFFFFFFFFFF000000000000000037
:1031A0000000000001000000FFFFFFFF030000001F
:1031B00000000000FFFFFFFFFBFFFFFFFEFFFFFF20
:1031C000FFFFFFFFFDFFFFFF040000000100000004
:1031D000FF1A020010320200020000000832020052
:1031E000030000000032020004000000F831020079
:1031F000000000000000000012440200101404004F
:103200001E440200101303002A44020010120200A0
:103210000200000097170200931702008F170200A8
:10322000771702006517020001000000020000008D
:103230000400000008000000100000002000000052
:1032400040000000800000001B000000360000006D
:1032500051F4A7507E4165531A17A4C33A275E96CE
:103260003BAB6BCB1F9D45F1ACFA58AB4BE30393E3
:103270002030FA55AD766DF688CC7691F5024C2566
:103280004FE5D7FCC52ACBD726354480B562A38F3E
:10329000DEB15A4925BA1B6745EA0E985DFEC0E1CA
:1032A000C32F7502814CF0128D4697A36BD3F9C6DC
:1032B000038F5FE715929C95BF6D7AEB955259DAB3
:1032C000D4BE832D587421D349E069298EC9C844DE
:1032D00075C2896AF48E797899583E6B27B971DD89
:1032E000BEE14FB6F088AD17C920AC667DCE3AB4CA
:1032F00063DF4A18E51A31829751336062537F4584
:10330000B16477E0BB6BAE84FE81A01CF9082B94FE
:10331000704868588F45FD1994DE6C87527BF8B76A
:10332000AB73D323724B02E2E31F8F576655AB2A70
:10333000B2EB28072FB5C20386C57B9AD33708A501
:10334000302887F223BFA5B202036ABAED16825C69
:103350008ACF1C2BA779B492F307F2F04E69E2A151
:1033600065DAF4CD0605BED5D134621FC4A6FE8A47
:10337000342E539DA2F355A0058AE132A4F6EB75D5
:103380000B83EC394060EFAA5E719F06BD6E105151
:103390003E218AF996DD063DDD3E05AE4DE6BD4691
:1033A00091548DB571C45D050406D46F605015FF4E
:1033B0001998FB24D6BDE997894043CC67D99E77FD
:1033C000B0E842BD07898B88E7195B3879C8EEDB26
:1033D000A17C0A477C420FE9F8841EC90000000066
:1033E00009808683322BED481E1170AC6C5A724EE8
:1033F000FD0EFFFB0F8538563DAED51E362D392705
:103400000A0FD964685CA6219B5B54D124362E3AFE
:103410000C0A67B19357E70FB4EE96D21B9B919EAF
:1034200080C0C54F61DC20A25A774B691C121A1666
:10343000E293BA0AC0A02AE53C22E043121B171D02
:103440000E090D0BF28BC7AD2DB6A8B9141EA9C875
:1034500057F11985AF75074CEE99DDBBA37F60FD71
:10346000F701269F5C72F5BC44663BC55BFB7E346E
:103470008B432976CB23C6DCB6EDFC68B8E4F16358
:10348000D731DCCA426385101397224084C61120CD
:10349000854A247DD2BB3DF8AEF93211C729A16D12
:1034A0001D9E2F4BDCB230F30D8652EC77C1E3D07A
:1034B0002BB3166CA970B999119448FA47E96422A4
:1034C000A8FC8CC4A0F03F1A567D2CD8223390EF74
:1034D00087494EC7D938D1C18CCAA2FE98D40B36C1
:1034E000A6F581CFA57ADE28DAB78E263FADBFA438
:1034F0002C3A9DE45078920D6A5FCC9B547E4662D4
:10350000F68D13C290D8B8E82E39F75E82C3AFF5B6
:103510009F5D80BE69D0937C6FD52DA9CF2512B356
:10352000C8AC993B10187DA7E89C636EDB3BBB7B66
:10353000CD2678096E5918F4EC9AB701834F9AA8F2
:10354000E6956E65AAFFE67E21BCCF08EF15E8E69A
:10355000BAE79BD94A6F36CEEA9F09D429B07CD608
:1035600031A4B2AF2A3F2331C6A5943035A266C03C
:10357000744EBC37FC82CAA6E090D0B033A7D815F1
:10358000F104984A41ECDAF77FCD500E1791F62FEF
:10359000764DD68D43EFB04DCCAA4D54E49604DF62
:1035A0009ED1B5E34C6A881BC12C1FB84665517F7C
:1035B0009D5EEA04018C355DFA877473FB0B412E26
:1035C000B3671D5A92DBD252E91056336DD64713BA
:1035D0009AD7618C37A10C7A59F8148EEB133C8979
:1035E000CEA927EEB761C935E11CE5ED7A47B13CBC
:1035F0009CD2DF5955F2733F1814CE7973C737BF89
:1036000053F7CDEA5FFDAA5BDF3D6F147844DB869C
:10361000CAAFF381B968C43E3824342CC2A3405FDA
:10362000161DC372BCE2250C283C498BFF0D954149
:1036300039A80171080CB3DED8B4E49C6456C1907B
:103640007BCB8461D532B670486C5C74D0B857427D
:10365000C66363A5F87C7C84EE777799F67B7B8DD7
:10366000FFF2F20DD66B6BBDDE6F6FB191C5C55425
:103670006030305002010103CE6767A9562B2B7DC5
:10368000E7FEFE19B5D7D7624DABABE6EC76769A7E
:103690008FCACA451F82829D89C9C940FA7D7D872C
:1036A000EFFAFA15B25959EB8E4747C9FBF0F00B08
:1036B00041ADADECB3D4D4675FA2A2FD45AFAFEA94
:1036C000239C9CBF53A4A4F7E47272969BC0C05B7A
:1036D00075B7B7C2E1FDFD1C3D9393AE4C26266A3B
:1036E0006C36365A7E3F3F41F5F7F70283CCCC4F1C
:1036F0006834345C51A5A5F4D1E5E534F9F1F1085D
:10370000E2717193ABD8D873623131532A15153FEA
:103710000804040C95C7C752462323659DC3C35EA6
:1037200030181828379696A10A05050F2F9A9AB5D2
:103730000E070709241212361B80809BDFE2E23D50
:10374000CDEBEB264E2727697FB2B2CDEA75759F88
:103750001209091B1D83839E582C2C74341A1A2EAF
:10376000361B1B2DDC6E6EB2B45A5AEE5BA0A0FB6A
:10377000A45252F6763B3B4DB7D6D6617DB3B3CE5D
:103780005229297BDDE3E33E5E2F2F71138484975A
:10379000A65353F5B9D1D16800000000C1EDED2C5E
:1037A00040202060E3FCFC1F79B1B1C8B65B5BED43
:1037B000D46A6ABE8DCBCB4667BEBED97239394B4F
:1037C000944A4ADE984C4CD4B05858E885CFCF4A3A
:1037D000BBD0D06BC5EFEF2A4FAAAAE5EDFBFB16D5
:1037E000864343C59A4D4DD766333355118585942D
:1037F0008A4545CFE9F9F91004020206FE7F7F8170
:10380000A05050F0783C3C44259F9FBA4BA8A8E3B9
:10381000A25151F35DA3A3FE804040C0058F8F8A63
:103820003F9292AD219D9DBC70383848F1F5F5046A
:1038300063BCBCDF77B6B6C1AFDADA75422121636B
:1038400020101030E5FFFF1AFDF3F30EBFD2D26D4A
:1038500081CDCD4C180C0C1426131335C3ECEC2F72
:10386000BE5F5FE1359797A2884444CC2E17173985
:1038700093C4C45755A7A7F2FC7E7E827A3D3D478C
:10388000C86464ACBA5D5DE73219192BE6737395B1
:10389000C06060A0198181989E4F4FD1A3DCDC7F6E
:1038A00044222266542A2A7E3B9090AB0B88888360
:1038B0008C4646CAC7EEEE296BB8B8D32814143C20
:1038C000A7DEDE79BC5E5EE2160B0B1DADDBDB76A0
:1038D000DBE0E03B64323256743A3A4E140A0A1E78
:1038E000924949DB0C06060A4824246CB85C5CE467
:1038F0009FC2C25DBDD3D36E43ACACEFC46262A6BF
:10390000399191A8319595A4D3E4E437F279798B74
:10391000D5E7E7328BC8C8436E373759DA6D6DB7D4
:10392000018D8D8CB1D5D5649C4E4ED249A9A9E0AC
:10393000D86C6CB4AC5656FAF3F4F407CFEAEA2527
:10394000CA6565AFF47A7A8E47AEAEE910080818FA
:103950006FBABAD5F07878884A25256F5C2E2E721A
:10396000381C1C2457A6A6F173B4B4C797C6C65119
:10397000CBE8E823A1DDDD7CE874749C3E1F1F21A9
:10398000964B4BDD61BDBDDC0D8B8B860F8A8A8526
:10399000E07070907C3E3E4271B5B5C4CC6666AABC
:1039A000904848D806030305F7F6F6011C0E0E12E0
:1039B000C26161A36A35355FAE5757F969B9B9D0AD
:1039C0001786869199C1C1583A1D1D27279E9EB919
:1039D000D9E1E138EBF8F8132B9898B322111133A1
:1039E000D26969BBA9D9D970078E8E89339494A7FF
:1039F0002D9B9BB63C1E1E2215878792C9E9E920A4
:103A000087CECE49AA5555FF50282878A5DFDF7A02
:103A1000038C8C8F59A1A1F8098989801A0D0D1783
:103A200065BFBFDAD7E6E631844242C6D06868B8DF
:103A3000824141C3299999B05A2D2D771E0F0F113C
:103A40007BB0B0CBA85454FC6DBBBBD62C16163A39
:103A50000000012A0000012A000003280000002ABB
:103A60000000002A000003280000001800000028C1
:103A700000002A2B00002A2B000003280000292B1D
:103A80000000292B00000328000002290000052A5D
:103A90000000052A0000032800000118000000288B
:103AA0006BFF79FF79FF7CFF000051334653552DA2
:103AB000444F4E4520726F6C653D432073746174B2
:103AC00075733D3078253032782073706163696E8C
:103AD000673D25752074797065733D3078257820B1
:103AE000706879733D3078257820696E69746961F2
:103AF000746F723D25640A004C3243415020646962
:103B000073636F6E6E65637465640A006C32636123
:103B1000705F6368616E5F636F6E6E656374207261
:103B2000633D25640A00444C453A2074785F6D611A
:103B3000783D25752072785F6D61783D25750A00A6
:103B40007363616E2073746172742072633D2564C7
:103B50000A0047415020646973636F6E6E65637439
:103B60006564203078253032780A005048593A2070
:103B700074783D25752072783D25752028323D32B8
:103B80004D290A00646C65207265712072633D25C1
:103B9000640A00636F6E6E656374206661696C65AC
:103BA00064203078253032780A0047415020636F16
:103BB0006E6E65637465640A007068792072657161
:103BC0002072633D25640A004C3243415020636FEC
:103BD0006E6E65637465643A2074782E6D74753DFD
:103BE00025752074782E6D70733D25752074782EA0
:103BF000637265646974733D25752072782E6D74E7
:103C0000753D25752072782E6D70733D25750A00FF
:103C10004741544520636F6E6E3A20696E74657239
:103C200076616C3D25752028756E69747320312E80
:103C300032356D7329203D3E2025752E2530327595
:103C4000206D730A0051334653552D524551207251
:103C50006F6C653D43206175746F206D696E3D2505
:103C600075206D61783D257520706879733D3078D9
:103C700025782072633D25640A007075626C696363
:103C80000072616E646F6D007075626C69632D699E
:103C9000640072616E646F6D2D6964003078253048
:103CA000327800253032583A253032583A253032B1
:103CB000583A253032583A253032583A2530325861
:103CC000202825732900666F756E642025732028CF
:103CD00072737369202564292C20636F6E6E65638F
:103CE00074696E670A0063726561746520636F6E44
:103CF0006E2072633D25640A007A656E6F682D6ED2
:103D000072662D6C3263617000525054206F636391
:103D10003A206576656E74733D2575206D65616E1C
:103D20005F706B74732F65763D25752E2530327567
:103D3000206D61783D2575206E6F6E656D707479AC
:103D40005F65763D2575206673753D2575207C2061
:103D500073656E6465723A2073656E743D257528CF
:103D60002B257520534455292065616761696E3D97
:103D70002575282B25752920706F6F6C6661696C1D
:103D80003D2575282B2575290A00626C61737469BD
:103D90006E672025752D6279746520534455732E06
:103DA0002E2E0A0062745F656E61626C652066612A
:103DB000696C65642025640A000A3D3D3D206E5211
:103DC000463532383430204C3243415020436F4323
:103DD0002063656E7472616C20285A657068797210
:103DE00020342E342E3129203D3D3D0A007265706D
:103DF0006F72745F74696400626C6173745F74697C
:103E0000640072302F61313A2020307825303878C4
:103E1000202072312F61323A2020307825303878D6
:103E2000202072322F61333A2020307825303878C4
:103E30000A0072332F61343A2020307825303878E8
:103E4000207231322F69703A20203078253038784E
:103E5000207231342F6C723A202030782530387837
:103E60000A0020787073723A202030782530387834
:103E70000A004661756C74696E6720696E737472AE
:103E8000756374696F6E2061646472657373202852
:103E90007231352F7063293A203078253038780A0E
:103EA00000556E68616E646C6564204952516E3ACB
:103EB0002025640A002A2A2A2A2A205553414745E8
:103EC000204641554C54202A2A2A2A2A0A0020201A
:103ED0004469766973696F6E206279207A65726FC2
:103EE0000A002020556E616C69676E6564206D65FF
:103EF0006D6F7279206163636573730A00202053CC
:103F00007461636B206F766572666C6F77202863CF
:103F10006F6E746578742061726561206E6F7420B5
:103F200076616C6964290A0020204E6F20636F70EF
:103F3000726F636573736F7220696E7374727563E9
:103F400074696F6E730A002020496C6C6567616C40
:103F5000206C6F6164206F66204558435F52455462
:103F600055524E20696E746F2050430A002020493C
:103F70006C6C6567616C20757365206F6620746872
:103F80006520455053520A002020417474656D70BD
:103F90007420746F206578656375746520756E6430
:103FA0006566696E656420696E73747275637469A1
:103FB0006F6E0A002A2A2A2A2A2042555320464197
:103FC000554C54202A2A2A2A2A0A00202053746198
:103FD000636B696E67206572726F720A00202055EC
:103FE0006E737461636B696E67206572726F720ABB
:103FF00000202050726563697365206461746120DC
:10400000627573206572726F720A00202042464109
:104010005220416464726573733A20307825780ABF
:10402000002020496D707265636973652064617456
:104030006120627573206572726F720A00202049D8
:104040006E737472756374696F6E20627573206528
:1040500072726F720A002020466C6F6174696E671D
:104060002D706F696E74206C617A7920737461743D
:104070006520707265736572766174696F6E206514
:1040800072726F720A002A2A2A2A2A204D5055205D
:104090004641554C54202A2A2A2A2A0A0020205315
:1040A0007461636B696E67206572726F722028633A
:1040B0006F6E746578742061726561206D696768E0
:1040C00074206265206E6F742076616C6964290AC1
:1040D000002020446174612041636365737320563E
:1040E000696F6C6174696F6E0A0020204D4D464106
:1040F0005220416464726573733A20307825780ADF
:10410000002020496E737472756374696F6E20416C
:1041100063636573732056696F6C6174696F6E0AAF
:1041200000526573657276656420457863657074C6
:10413000696F6E20280053707572696F75732069FE
:104140006E74657272757074202849525120005344
:104150005053454C20696E20746872656164206D0F
:104160006F646520646F6573206E6F7420696E6480
:104170006963617465205053500A002A2A2A2A2A4A
:104180002048415244204641554C54202A2A2A2A8C
:104190002A0A002020427573206661756C74206FB6
:1041A0006E20766563746F72207461626C65207234
:1041B0006561640A00202044656275672065766544
:1041C0006E740A0020204661756C7420657363610B
:1041D0006C6174696F6E20287365652062656C6F11
:1041E00077290A00415243485F45584345505420BF
:1041F0007769746820726561736F6E2025780A0A8A
:10420000002A2A2A2A2A204465627567206D6F6E6B
:1042100069746F7220657863657074696F6E202AA7
:104220002A2A2A2A0A002A2A2A2A2A20257320250D
:104230006429202A2A2A2A2A0A00464C4153485F28
:1042400030005352414D5F30004254204C572057AC
:104250005100574553545F544F504449522F7A658B
:10426000706879722F7375627379732F626C7565DC
:10427000746F6F74682F686F73742F6863695F63FE
:104280006F72652E630062745F6863695F65767440
:104290005F6765745F666C616773286864722D3E42
:1042A000657674292026202831554C203C3C202856
:1042B00031292900415353455254494F4E2046411C
:1042C000494C205B25735D20402025733A25640A04
:1042D000006576745F666C6167732026202831550F
:1042E0004C203C3C2028302929006E72662D6C320F
:1042F0006361702D63656E7472616C00657272200B
:104300003D3D20300009436F6E74726F6C6C6572B6
:1043100020756E726573706F6E736976652C20639D
:104320006F6D6D616E64206F70636F6465203078AF
:10433000253034782074696D656F757420776974E1
:1043400068206572722025640A0042542052582069
:1043500057510062756600574553545F544F50449F
:1043600049522F7A65706879722F73756273797309
:104370002F626C7565746F6F74682F686F73742F1C
:104380006863695F636F6D6D6F6E2E6300636C6F42
:10439000636B4031306530303000726E670067709B
:1043A000696F40313061303030006770696F406450
:1043B00038323030006770696F403530343030004B
:1043C00075617274406336303030006D61696E0023
:1043D000737973776F726B71002A2A2A20426F6F8C
:1043E00074696E67205A6570687972204F53206235
:1043F00075696C642076342E342E312D31352D675D
:10440000313737326166376235363365202A2A2ADA
:104410000A004145532D3235362D45434200414572
:10442000532D3139322D454342004145532D313210
:10443000382D45434200286E756C6C29002A666C45
:104440006F61742A0000000000000000FFFFFFFF02
:10445000FFFF00000000000000000000000010004E
:10446000800000805F9B34FB01040002000000021A
:104470000000000000000005000000000000000037
:1044800000000000000000050009090909010209F7
:10449000090909090909090909090709090909098E
:1044A000060909090909090909090909090909097F
:1044B0000905010204030502000AE69D350E4801C4
:1044C00003CCDBFDF4AC1191F4EFB9A5F9E9A783B6
:1044D0002C5E2CBE97F2D203B0208BD28915D08EE1
:1044E0001C742430ED8FC24563765C15525ABF9A16
:1044F00032636DEB2A65499C80DC010101010102F8
:1045000003020203040005061F1F291812030802F4
:104510000305080A0008010304010504050906074C
:10452000010106060800000100010003010003026A
:1045300002010002000000000002030100036C8879
:104540008391AAF5A53860370BDB5A6083BE000162
:104550000405020608090F00071823232323232339
:104560002323232323232300010210141400001CFF
:104570002030401C2000001C20304052096AD530F9
:1045800036A538BF40A39E81F3D7FB7CE339829BDD
:104590002FFF87348E4344C4DEE9CB547B9432A68C
:1045A000C2233DEE4C950B42FAC34E082EA166285D
:1045B000D924B2765BA2496D8BD12572F8F6648658
:1045C000689816D4A45CCC5D65B6926C704850FDBA
:1045D000EDB9DA5E154657A78D9D8490D8AB008C57
:1045E000BCD30AF7E45805B8B34506D02C1E8FCAD1
:1045F0003F0F02C1AFBD0301138A6B3A9111414FC6
:1046000067DCEA97F2CFCEF0B4E67396AC7422E79B
:10461000AD3585E2F937E81C75DF6E47F11A711D7B
:1046200029C5896FB7620EAA18BE1BFC563E4BC641
:10463000D279209ADBC0FE78CD5AF41FDDA83388EA
:1046400007C731B11210592780EC5F60517FA9195B
:10465000B54A0D2DE57A9F93C99CEFA0E03B4DAE86
:104660002AF5B0C8EBBB3C83539961172B047EBA83
:1046700077D626E169146355210C7D637C777BF244
:104680006B6FC53001672BFED7AB76CA82C97DFA46
:104690005947F0ADD4A2AF9CA472C0B7FD932636A3
:1046A0003FF7CC34A5E5F171D8311504C723C31801
:1046B00096059A071280E2EB27B27509832C1A1B24
:1046C0006E5AA0523BD6B329E32F8453D100ED207C
:1046D000FCB15B6ACBBE394A4C58CFD0EFAAFB4342
:1046E0004D338545F9027F503C9FA851A3408F92DE
:1046F0009D38F5BCB6DA2110FFF3D2CD0C13EC5F78
:10470000974417C4A77E3D645D197360814FDC2216
:104710002A908846EEB814DE5E0BDBE0323A0A4996
:1047200006245CC2D3AC629195E479E7C8376D8DFD
:10473000D54EA96C56F4EA657AAE08BA78252E1CD7
:10474000A6B4C6E8DD741F4BBD8B8A703EB56648C3
:1047500003F60E613557B986C11D9EE1F8981169BF
:10476000D98E949B1E87E9CE5528DF8CA1890DBF79
:0C477000E6426841992D0FB054BB1600C2
:10477C00000000000000000000000000000000002D
:10478C00000000000000000000000000000000001D
:10479C00000000000000000000000000000000000D
:1047AC0000000000000000000000000000000000FD
:1047BC0000000000000000000000000000000000ED
:1047CC0000000000000000000000000000000000DD
:1047DC0000000000000000000000000000000000CD
:1047EC0000000000000000000000000000000000BD
:1047FC0000000000000000000000000000000000AD
:10480C00000000000000000000000000000000009C
:10481C00000000000000000000000000000000008C
:10482C00000000000000000000000000000000007C
:10483C000000000000000000193000000000000023
:10484C00000000000000000000000000000000005C
:10485C00000000000000000000000000000000004C
:10486C00000000000000000000000000000000003C
:10487C00000000000000000000000000000000002C
:10488C00000000000000000000000000000000001C
:10489C00000000000000000000000000000000000C
:1048AC0000000000000000000000000000000000FC
:1048BC0000000000000000000000000000000000EC
:1048CC0000000000000000000000000000000000DC
:1048DC0000000000441D02001F000000000000004A
:1048EC00FFFFFFFFFF1F000000000000670000003B
:1048FC0000000000000000000000000000000000AC
:10490C00000000000000000000000000000000009B
:10491C00000000000000000000000000000000008B
:10492C00000000000000000000000000000000007B
:10493C00000000000000000000000000000000006B
:10494C00000000000000000000000000000000005B
:10495C00000000000000000000000000000000004B
:10496C00000000000000000000000000000000003B
:10497C0000000000000000002DBE0100543A0200AF
:10498C0000000200603A020000000200000000007B
:10499C00D7C1010000000000000000002C02002024
:1049AC002C02002000000000000000000E0000009F
:1049BC0000C01050000000000000000000000000CB
:1049CC0000000000000000000000000000000000DB
:1049DC0000000000000000000000000000000000CB
:1049EC0000000000000000000000000000000000BB
:1049FC0000000000000000000000000000000000AB
:104A0C00000000000000000000000000000000009A
:104A1C00000000000000000000000000000000008A
:104A2C00000000000001000000A00D50000000007C
:104A3C00000000000000000000000000000000006A
:104A4C00000000000000000000000000000000005A
:104A5C00000000000000000000000000000000004A
:104A6C00000000000000000000000000000000003A
:104A7C00000000000000000000000000000000002A
:104A8C00000000000000000000000000000000001A
:104A9C00000000000000000000000000000000000A
:104AAC00000000001D3100000000000000000000AC
:104ABC00000000008927000000000000000000003A
:104ACC0000000000CD3E00000000000000000000CF
:104ADC0000000000C93D00000000000000000000C4
:104AEC0000000000854500000000000000000000F0
:104AFC0000000000D5410000000000000000000094
:104B0C00395D00009167000007E40100000000001F
:104B1C0000000000AD620000CFE201005DE3010087
:104B2C00215C000000000000000000007D6500001A
:104B3C000000000000000000743A020000000200B7
:104B4C00803A020000000A00903A020000002000A7
:104B5C000000000000000000000000000000000049
:104B6C000000000000000000000000003BE7010016
:104B7C0000000000040400200404002000000000D9
:104B8C00000000000E000000180400201804002093
:104B9C00F57D000000000000000000003023002024
:104BAC000000000059A8000000000000382300207D
:104BBC00000000003D9D000000000000402300208C
:104BCC0000000000C53D010000000000482300204B
:104BDC0000000000619A0000000000001C3300205F
:104BEC0000000000F1480100000000002433002008
:104BFC0000000000C9C60000000000002C3300209B
:104C0C0000000000C53D010000000000343300200E
:104C1C00000000007DC80000000000003C330020B4
:104C2C0000000000EDD2000000000000AC7A002073
:104C3C0000000000FC7A0020000000009C7B00209B
:104C4C00000000004C7C002000000000055A010010
:104C5C0000000000C07D002000000000F93A0100B7
:104C6C0000000000E07D002000000000C53D0100B8
:104C7C0000000000E87D002000000000C53D0100A0
:104C8C0000000000F07D00200000000079270100EA
:104C9C0000000000D482002000000000158F0000EE
:104CAC0000000000CC82002000000000158F0000E6
:104CBC0000000000C482002000000000918C000065
:104CCC0000000000BC82002000000000158F0000D6
:104CDC0000000000B482002000000000918C000055
:104CEC0000000000AC82002000000000158F0000C6
:104CFC00A176010000000000FF0000000090D0032E
:104D0C00FF0000000F000000710200009C05002055
:0E4D1C009C050020012200001D22000001FF66
:104D2A000000000000000000000000000000000079
:024D3A00000077
:104D3C00C0050020C0050020F899022000000000EA
:104D4C00010000002400000000000000DC05002031
:104D5C00DC050020D0A900200000000001000000AC
:104D6C002001000000000000F8050020F8050020DC
:104D7C001C9A022000000000400000001C000000F3
:044D8C000000000023
:104D90000000000070C500204C2000000000000052
:044DA000000000000F
:104DA4002806002028060020000000000100000062
:104DB400380600203806002000000000FFFFFFFF37
:104DC40000000000000000005006002050060020F3
:104DD40000000000000000006006002060060020C3
:104DE400400040001000000000000000A429020060
:104DF4003C45022000000000000000008406002062
:104E04008406002040004000100000007D5C00008B
:104E1400542A0200F88F0220000000000000000065
:104E2400A8060020A80600200100010010000000D0
:104E340000000000E0290200504F022000000000A2
:104E440000000000CC060020CC0600200300030074
:104E540000000000000000008C2802003CBF01207C
:104E64000000000000000000F0060020F006002012
:104E74000100010010000000894100009029020097
:104E8400D4C201200000000000000000140700202C
:104E940014070020020002000000000000000000CF
:104EA4007C290200A4C201200000000000000000D0
:104EB40038070020380700204600460004000000A0
:104EC400312600007828020008B701200000000005
:104ED400000000005C0700205C07002001000100C6
:104EE4000000000000000000A028020088C001208B
:104EF4000000000000000000800700208007002060
:104F0400400040000800000000000000C02702002C
:044F14007C68012094
:044F180015E015E0AB
:0400000300001A7966
:00000001FF
