:1000000008CA0020A91A00003BC00100951A000090
:10001000951A0000951A0000951A0000951A000024
:10002000000000000000000000000000E11A0000D5
:10003000951A000000000000B51C0000951A000091
:10004000351D0000351D0000351D0000351D000068
:10005000351D0000351D0000351D0000351D000058
:10006000351D0000351D0000351D0000351D000048
:10007000351D0000351D0000351D0000351D000038
:10008000351D0000351D0000351D0000351D000028
:10009000351D0000351D0000351D0000351D000018
:1000A000351D0000351D0000351D0000351D000008
:1000B000351D0000351D0000351D0000351D0000F8
:1000C000351D0000351D0000351D0000351D0000E8
:1000D000351D0000351D0000351D0000351D0000D8
:1000E000351D0000351D0000351D0000351D0000C8
:1000F000351D0000351D0000351D0000351D0000B8
:10010000351D0000351D0000351D0000351D0000A7
:10011000351D0000351D0000351D0000351D000097
:10012000351D0000351D0000351D0000351D000087
:10013000351D0000351D0000351D0000351D000077
:10014000351D0000351D0000351D0000351D000067
:10015000351D0000351D0000351D0000351D000057
:10016000351D0000351D0000351D0000351D000047
:10017000351D0000351D0000351D0000351D000037
:10018000351D0000351D0000351D0000351D000027
:10019000351D0000351D0000351D0000351D000017
:1001A000351D0000351D0000351D0000351D000007
:1001B000351D0000351D0000351D0000351D0000F7
:1001C000351D0000351D0000351D0000351D0000E7
:1001D000351D0000351D0000351D0000351D0000D7
:1001E000351D0000351D0000351D0000351D0000C7
:1001F000351D0000351D0000351D0000351D0000B7
:10020000351D0000351D0000351D0000351D0000A6
:10021000351D0000351D0000351D0000351D000096
:10022000351D0000351D0000351D0000351D000086
:10023000351D0000351D0000351D0000351D000076
:10024000351D0000351D0000351D0000351D000066
:10025000351D0000351D0000351D0000351D000056
:10026000351D0000351D00005D380100351D000002
:10027000351D0000351D0000351D0000351D000036
:10028000351D0000351D0000351D0000351D000026
:10029000351D0000351D0000351D0000351D000016
:1002A000351D0000351D0000351D0000351D000006
:1002B000351D0000351D0000351D0000351D0000F6
:1002C000351D0000351D0000351D0000351D0000E6
:1002D000351D0000351D0000351D0000351D0000D6
:1002E000351D0000351D0000351D0000351D0000C6
:1002F000351D0000351D0000351D0000351D0000B6
:10030000351D0000351D0000351D0000351D0000A5
:10031000351D0000351D0000351D0000351D000095
:10032000351D0000351D0000351D0000351D000085
:10033000351D0000351D0000351D0000351D000075
:10034000351D0000351D0000351D0000351D000065
:10035000351D0000351D0000351D0000351D000055
:10036000351D0000351D0000351D0000351D000045
:10037000351D0000351D0000351D0000351D000035
:10038000351D0000351D0000351D0000351D000025
:10039000351D0000351D0000351D0000351D000015
:1003A000351D0000351D0000351D0000351D000005
:1003B000351D0000351D0000351D0000351D0000F5
:1003C000351D0000351D0000351D0000351D0000E5
:1003D000351D0000351D0000351D0000351D0000D5
:1003E000351D0000351D0000351D0000351D0000C5
:1003F000351D0000351D0000351D0000351D0000B5
:10040000351D0000351D0000351D0000351D0000A4
:10041000351D0000351D0000351D0000351D000094
:10042000351D0000351D0000351D0000351D000084
:10043000351D0000351D0000351D0000351D000074
:10044000351D0000351D0000351D0000351D000064
:10045000351D0000351D0000351D0000351D000054
:10046000351D0000351D0000351D0000351D000044
:0C047000351D0000351D0000351D00008A
:1004800053B94AB9002908BF00281CBF4FF0FF31FB
:100490004FF0FF3000F00CB8ADF1080C6DE904CE60
:1004A00000F010F8DDF804E0DDE9022304B0704745
:1004B000704700BF034613F8012B002AFBD1181A1E
:1004C000013870472DE9F0478C468E46089E154648
:1004D00004461946002B40F0D080724547D9B2FA45
:1004E00082F74FB1C7F120030EFA07FCBD40BC40B4
:1004F00020FA03F343EA0C0C4FEA154EA8B2230C82
:10050000BCFBFEF80EFB18CC08FB00F943EA0C43D9
:10051000994528D9EB1808F1FF3204D2994502D940
:10052000A8F102022B44A3EB0903A4B2B3FBFEFC27
:100530000EFB1C330CFB00F044EA0344A04214D928
:100540002C190CF1FF3304D2A04202D9ACF1020302
:100550002C44241A43EA02401EB1FC4000233460BC
:100560007360BDE8F0874246DDE76346F1E7002AA5
:1005700079D0B2FA82F3002B3FD01946C1F12003A3
:1005800002FA01F500FA01F42EFA03F20EFA01FE66
:1005900020FA03F3AFB243EA0E034FEA154EB2FB63
:1005A000FEFC0EFB1C201A0C0CFB07F842EA004272
:1005B00090455AD9AA180CF1FF3004D2904502D9BF
:1005C000ACF102002A44A2EB08029BB2B2FBFEFC93
:1005D0000EFB1C220CFB07F743EA02439F4246D95D
:1005E000EB180CF1FF3204D29F4202D9ACF10202A7
:1005F0002B44DB1B42EA004202E0AEEB0203012285
:100600004FEA154EAFB2200CB3FBFEFC0EFB1C33C1
:100610000CFB07F840EA034398452AD9EB180CF184
:10062000FF3004D2984502D9ACF102002B44A3EB71
:100630000803A4B2B3FBFEFC0EFB1C330CFB07F754
:1006400044EA0344A74216D92C190CF1FF3304D213
:10065000A74202D9ACF102032C44E41B43EA004058
:100660000F46114678E71F2188E76046ABE76246F0
:10067000BFE76046DBE76346EFE7734506D916B987
:10068000002108466DE7C6E9000EF9E7B3FA83F7E3
:1006900087B9734501D3824207D8841A6EEB0303EE
:1006A00001209C461EB900215BE73846FAE7C6E9FF
:1006B000004CF8E7C7F1200CBB4000FA07F422FA1F
:1006C0000CF520FA0CF1BA401D432EFA0CF30EFA89
:1006D00007FE4FEA154941EA0E011FFA85FEB3FBFA
:1006E000F9F809FB18300B0C08FB0EFA43EA00433B
:1006F0009A4540D9EB1808F1FF3004D29A4502D947
:10070000A8F102002B44A3EB0A0389B2B3FBF9F86A
:1007100009FB183308FB0EFE41EA03418E452CD934
:10072000691808F1FF3304D28E4502D9A8F10203FB
:10073000294443EA0040A1EB0E01A0FB0298414589
:10074000CE46434602D306D14C4504D20138B9EB1C
:10075000020E68EB0503002EA5D0B4EB0E0261EB90
:10076000030101FA0CFC22FA07F3F9404CEA0303F7
:10077000C6E9003197E74046C5E74346D9E70000A0
:10078000F7B5002240F60340114602F063FA044632
:10079000002853D102F096F9214641F2030001AA44
:1007A00002F058FA0446002848D1019A254DD16834
:1007B00005F17803D1F80100D1F8051003C3104604
:1007C00001F022FE214641F2010001AA02F042FAA4
:1007D000044698BB0198C3685A7885F870205A88F7
:1007E000A5F872201A7985F87120B3F80720A5F8CA
:1007F0007420B3F80530A5F8763001F005FE2146E7
:1008000041F2020001AA02F025FA0446B0B9019FA4
:1008100005F18006FA68531C41323446186859685D
:10082000083303C493422646F7D1384601F0ECFD65
:1008300095F87C305F0607D46FF01204204603B0B1
:10084000F0BD00BF0000002095F8AF1001AA11F024
:10085000040100F04581002142F2870002F0FAF91C
:1008600004460028EAD1019ABF4FD468A31C223461
:100870003E4618685968083303C6A3423746F7D185
:10088000104601F0C1FD002142F2020001AA02F06F
:10089000E1F904460028D1D1019CE368B3F80120B6
:1008A00091B241B1D97831B1A5F81421DA78AF48C5
:1008B00011461FF071FC204601F0A6FD95F87C6002
:1008C00016F0200619D14FF0FF304FF0FF3102F043
:1008D0001DF90446002800F02C8102210C301BF089
:1008E0007AFC0123214603704670324640F66D4083
:1008F00002F0B0F904460028A0D195F89C301E07FC
:1009000012D5002142F21C0001AA02F0A3F904460C
:10091000002893D10198C368D3F80120D3F805309B
:10092000C5E93E2301F070FD95F8D8305C0610D57E
:10093000002142F22A0001AA02F08CF904460028A4
:100940007FF47CAF0198C3685B7885F8283101F0AB
:100950005BFD4FF0FF304FF0FF3102F0D7F8064655
:10096000002800F0E68008210C301BF034FC95F8DC
:10097000D84040F2022314F0400F08BF032314F0C4
:1009800002011ABF43F02C03002143F00C0302467E
:10099000A00695F8D90048BF43F0400310F0090FB6
:1009A00095F9DF0018BF43F400630028B8BF4FF487
:1009B000806195F8E00004F00104870748BF41F426
:1009C000801143EA04101BF01BFF0022314642F263
:1009D000010002F03FF9044600287FF42FAF95F89C
:1009E0007C30B5F81411980600F18B80C9B941F23A
:1009F000050001AA02F02EF9044600287FF41EAF7C
:100A0000B5F81431019C4BB9E368B3F80120A5F89F
:100A100014219A88554811461FF0BEFB204601F06C
:100A2000F3FC4FF0FF304FF0FF3102F06FF8044657
:100A300000287ED008210C301BF0CDFB95F8D83073
:100A40000246D90762D44FF0005149481BF0D8FE46
:100A50002146002240F6014002F0FCF8044600283E
:100A60007FF4ECAE014601AA4FF6014002F0F2F825
:100A7000044620BB019801F0C7FC21464FF6024016
:100A800001AA02F0E7F80446C8B90198C368B3F8B0
:100A90000130A5F8C13001F0B7FC95F8C1305A0714
:100AA0000DD521464FF6034001AA02F0D3F830B924
:100AB0000198C3685B7885F8C03001F0A5FCEB793C
:100AC00043BB02F09BFE044600287FF4B7AE04F05F
:100AD00045FA044600287FF4B1AE02F05BF8ADE6BB
:100AE00042F2030002F0B6F8044600287FF4A6AEF6
:100AF000019A1D4BD168D1F80100D1F8051003C34C
:100B0000BEE600298DD16FF0040497E614A1D1E967
:100B100000019BE72E78002ED3D195F8C1309B06BB
:100B20002AD54FF0FF304FF0FF3101F0EFFF0446C0
:100B300010B96FF0680481E606210C301BF04BFB06
:100B4000D5F80130214603600A4B32469B888380EA
:100B50004FF6064002F07EF804460028B1D06DE65C
:100B60009088000200800020D8000020180100209A
:100B700010880002010000206FF085045EE600BFCF
:100B800070B5044604F020FA0A22014606461420F5
:100B900004F07CFA054608B314230A2184F86D306A
:100BA00084F86C600C301BF016FBB4F86A302946F0
:100BB0000380A38A4380E38A8380238BC380E36915
:100BC000038120681CF048FD30B907A3D3E9002356
:100BD00004F1700018F0ACFA002070BD6FF00B004B
:100BE000FBE700BFAFF30080D0121300000000004D
:100BF0002DE9F047044640F2712690F84C0094F835
:100C00003830C0F3400060F386138CB004F13B0130
:100C100084F8383008F0C2FE0021B4F84230404D6C
:100C2000404AA3FB0663651B94F83830A2FB0525F8
:100C3000A26C03F0790384F8383002F21313B34244
:100C400032BF184630460A46C4E9021121702461B9
:100C50006264606008F056FE6369C5F3871500F2B0
:100C60001317002B48D00DF12C0991214FF0000AE9
:100C70004FF00208CDF820900694B4F842302A4A8A
:100C80002A480792A3FB000201FB0321284BCDF861
:100C90000CA005936368CDF82C8004931EA3D3E9C0
:100CA0000023FFF7EDFB104619464FF47A7200233C
:100CB000FFF7E6FB0235EDB22A463B460321CDE9BC
:100CC0000160CDF800A0504608F0F2FC494609F05A
:100CD00037FB054660B994F84C30404643F00103B9
:100CE00084F84C3012F090FA28460CB0BDE8F0873A
:100CF0000C200CB0BDE8F0870DF12C09CDE90A33CA
:100D000003204B4661680AAA11F020FC0028ACD1F0
:100D1000DDE90A371F44A8E700CA9A3B000000003B
:100D200058120020CDCCCCCC059A0000002AE784D4
:100D300011C300000022014B1A7070477B8D002008
:100D40000022014B1A7070477A8D00200B460978FB
:100D50005A8809B9024B1A8002481AF0F2BF00BF44
:100D60006C8B0020063B020010B5164B1A7842BB74
:100D7000154C206828B3012214491A70144B4FF403
:100D800000724B60F723DFF84CC00B83CA82124914
:100D9000ACF81620CCF8041080220C49ACF81830BE
:100DA00004F0CCFA01460D481AF0CBFF094920683F
:100DB000812204F0C3FABDE81040014608481AF049
:100DC000C0BF10BD798D0020C0180020500A00203F
:100DD000D427020088090020A82702002B3B02002C
:100DE0003F3B0200012208B5054B402105481A701F
:100DF0001CF002FDBDE8084003481AF0A2BF00BF86
:100E00007A8D002088090020533B0200142938B550
:100E100004461CD1DAB99A88072A18D91D68042219
:100E200028460E4920F074FE88B90D4B1A686B688D
:100E30009A420CD11EF092FD01220A4B1B68C01A87
:100E4000094B1860094B1A70094817F001FF20463A
:100E5000BDE8384001211CF0CFBC00BF613B02005F
:100E6000B4180020B0180020AC180020788D0020A5
:100E7000500600201FB53023054A0649CDE901235D
:100E8000002301A8039302F055FF05B05DF804FBB1
:100E9000010060003D0F000038B500240A481AF038
:100EA00050FF0A481FF06AFA094B0A4D1C700A4BA2
:100EB00028681C70094B1C7010B103F083FA2C6079
:100EC000BDE83840FFF7D6BF663B02005809002056
:100ED0007A8D0020C01800207B8D0020798D0020A5
:100EE00010B50C468A88074809881AF02AFF23881B
:100EF000FA2B06D904481FF041FABDE81040FFF76D
:100F000033BF10BD7F3B02005809002037B50C46A7
:100F10004A780546097807481AF013FF2378022B10
:100F200006D1054B01A91868019028461CF09FF9CD
:100F300003B030BD993B02001027020070B5144E7B
:100F400005461846336888B003BB012A1ED81149EC
:100F50000DF107028DF807301BF09EFA9DF807305F
:100F6000A3B102F037FF0C4B02AA586899680C3302
:100F700003C214460FCB84E80F00334621462846AF
:100F800002AA03F0DDFE08B1FFF774FF08B070BDE0
:100F9000C0180020011000001027020037B50546D8
:100FA0000C4669B1104C11481AF0CBFE206803F0D2
:100FB00009FA0023236003B0BDE83040FFF75ABFB1
:100FC0000B481AF0BEFE0B4B01A91C700A4B2846B9
:100FD00001931CF062F943F609520023074818F008
:100FE000A7F803B030BD00BFC0180020AB3B020023
:100FF000C23B0200798D0020000002025809002047
:1010000010B503780C46083B012B0CD842780F2A08
:1010100009D10649406820F07BFD034601200BB949
:101020002070184610BD0120FCE700BFD13B020034
:101030002DE9F0430025314FDFF8C48087B03B78BD
:101040001BB932201AF070FCF9E700264FF0FF338D
:101050004FF0FF3201352B48CDE90366CDE901851C
:1010600005961BF04CF800F10C0904460B2148468C
:101070001BF0A6F8142201A948461BF0B2F8DFF8CD
:101080008890224B89F800601D601EF067FC204BA1
:10109000214618601F4804F04DFCB04204DA204697
:1010A00001F0B2F90520CDE743F6095200231A48B2
:1010B00017F002FE00BB99F80030EBB11749184B4E
:1010C0001B680A6801320A6016490A681A440A60F5
:1010D000154A1168994288BF1360144A11689942F1
:1010E00038BF136047F23052934203D9104A136855
:1010F000013313601420A5E70E4AF8E77A8D00202B
:1011000050494E47DC060020788D0020B41800209E
:10111000B01800208809002050060020A8180020E0
:10112000AC180020A418002008020020A0180020FD
:101130009C180020981800202DE9F04F0024DFF8BB
:101140009480254E254F8BB04FF47A701AF0ECFB4B
:1011500098F80030002BF7D0DFF88490DFF884E0B7
:101160003168DFF884C03B68D9F80020DEF8000061
:101170004FF0FF3B0890DCF800001C4D0990002068
:10118000D5F800A030603860C9F800B0CEF8000093
:10119000CCF80000286016480568C1B1B3FBF1F334
:1011A0001448DFF854C000889CF800C080B2CDE934
:1011B000050C09982C1B01900898CDE90354009068
:1011C000CDF808A00D481AF0BCFD2C46BCE70A4635
:1011D0000B46E5E77B8D0020A8180020A41800200E
:1011E00008020020A01800209C1800209818002059
:1011F000BC1800206C8B00207A8D0020E13B02009F
:1012000070B54FF4F0725821224820F079FC224D3D
:101210004FF0FF324FF0FF33204817F04DFD4FF4F1
:10122000FA701AF081FB2B78002BF1D04FF0FF33CE
:101230004FF0FF321A481AF062FF044600F10C0624
:101240000B2130461AF0BCFF4FF4F07211493046C2
:101250001AF0C7FF2146134804F06CFB10F10B0F86
:1012600008D1204601F0D0F80F4A0120136801335D
:101270001360D6E7002803DA204601F0C5F8C7E777
:101280000A4B1A6801321A601B685B07CBD118F051
:10129000C9F9C8E7988B00207B8D0020300600201C
:1012A000B8060020500A0020B8180020BC18002002
:1012B00007B501220F4B40210F481A701CF09CFA11
:1012C0000E481AF03EFD0E4817F0C2FC0D4B1A688E
:1012D00062B16B460C49C869096A03C36946104686
:1012E0001BF08CFF014609481AF02BFD03B05DF896
:1012F00004FB00BF7B8D0020500A00203F3C020011
:1013000030060020C0180020102702004D3C0200CB
:1013100008B5002001F0A4FE20B107481AF011FD25
:10132000002008BD05481AF00CFD054905481FF0CE
:1013300017F8FFF79FFDF3E75E3C0200703C0200E8
:101340001FB9010058090020014B1B68184700BF56
:101350000C020020014B1860704700BF0C020020F7
:1013600030B5044685B00D4610220021684620F0B5
:10137000C7FB02238DF80230044B2A4621466846FB
:1013800001931AF089F805B030BD00BF4913000081
:1013900080B505460E461746984618F0C1F9034633
:1013A00000F0DAFC0446DFF81890424649F80030B5
:1013B00039463046A84754F8090000F065FC00BFE4
:1013C000080000002DE9F047058B04462807174662
:1013D0000CD501290CBF45F0100545F020052583EB
:1013E00087F31188BFF36F8FBDE8F087022905F0FE
:1013F000070540F0948020461AF0D8FC052864D8F0
:1014000001A353F820F000BFE11300001F150000F6
:10141000CB1400008D140000A7140000B9140000C4
:1014200001F007035A1F012A1FD8002221F00701EB
:10143000062BD4F8008089B2C4E9002209D14346C2
:1014400003E0628B013262831B68002BF9D141F00B
:101450000201204621831AF0A9FC4FF00009002860
:101460006DD041F02001218369E0042B0AD121F0E5
:10147000070189B2204621831AF098FC10B141F08F
:10148000200121834FF00008C14658E02369D3F8BA
:101490000090238B23F0070343F006034FF000086E
:1014A000238346464BE02369D3F80490238B23F033
:1014B000070343F00403F1E72369D3F80890238B73
:1014C00023F0070343F00503E8E74FF00008C146A7
:1014D000E7E7012243F00803238387F31188BFF372
:1014E0006F8F002A3BD1B8F1000F4AD1B9F1000F3C
:1014F00002D020462C49C847EFF31187202383F3FD
:101500001288BFF36F8F238B23F008039BB22383D2
:10151000D9063FD523F01002228303F00705666940
:10152000218B002EBFF67CAF00239946D4F80080B3
:1015300021F00701C4E9003341F001012183238B2D
:1015400003F0070AAA4502D0A268002AC1D1B8F167
:10155000000F02D1B9F1000FDAD00022BAE7A1687A
:101560000029C0D00D680029BDD033465246204620
:101570004F68B8471DB12B6829461D46F3E72B4637
:10158000FAE74146334652462046D8F800801AF022
:1015900039FCA8E79A067FF523AF23F020022283C7
:1015A00003F0070527E700BF31BE0100014B0360D0
:1015B000002070472828020008B50348034A00218C
:1015C000121A1AF032FD08BDD80700203C8E002008
:1015D000074808B5074A0849121A1AF028FDBDE85D
:1015E00008400648064A0749121A1AF020BD00BFF3
:1015F00000000020D807002048460200000000201C
:10160000000000204846020038B505460C4699B156
:10161000D1E901230F4809681AF093FBD4E90423A8
:10162000E1680D481AF08DFBE1690C481AF089FB5E
:10163000A1690B481AF085FB012D05D1EFF3058157
:10164000084810391AF07DFB21462846BDE838408D
:1016500017F08CB8D33C0200033D0200333D02007A
:10166000433D0200723D020030BFFFF7FDBF00BFE7
:101670002DE9F04105460B4EDFF82C80324606EB93
:101680000807CC1B2046094920F014FAA01942464D
:101690000021083C20F034FA2C6707F10800BDE86F
:1016A000F08100BF000000000800000010270200C9
:1016B00010B5204C20481AF044FBA36A990137D595
:1016C0001E481AF03EFB1E20A36ADA0103D51C480F
:1016D0001AF037FB1F20174CA36ADB0203D5194809
:1016E0001AF02FFB0220A36A1C0303D516481AF038
:1016F00028FB21200F4CA36A590303D513481AF085
:1017000020FB2220A36A9A0303D511481AF019FB83
:101710002320084CA36ADB0303D50E481AF011FB03
:101720002420A36A6FEA03436FEA1343A36210BD48
:101730001D20C9E700ED00E0863D02009F3D02004C
:10174000B33D0200CE3D0200F93D0200183E02000A
:101750003E3E0200593E020070B5244C0646244825
:101760000D461AF0EEFAA36AD90435D521481AF0CD
:10177000E8FA1720A36A1A0503D51F481AF0E1FA00
:1017800018201A4CA36A9B050FD51C481AF0D9FAE9
:10179000A16BA36A180407D519481AF0D2FA1EB132
:1017A000A36A23F40043A3621920104CA36A5905CD
:1017B00003D514481AF0C5FA1A20A36ADA050DD524
:1017C00011481AF0BEFA1B20084A936A43F47F437B
:1017D000936200232B7070BD1620CBE7A36A9B0495
:1017E000F2D50A481AF0ADFA1C20EDE700ED00E052
:1017F000853E02009C3E0200AE3E0200C23E020058
:10180000DC3E0200F23E02000E3F0200273F0200D3
:1018100070B5264C064626480D461AF092FAA36A81
:10182000D80640D523481AF08CFA1120A36A19076C
:1018300003D521481AF085FA12201C4CA36A9A0796
:101840000FD51E481AF07DFA616BA36A1B0607D5F7
:101850001B481AF076FA1EB1A36A23F08003A36234
:101860001320124CA36ADE0703D516481AF069FA52
:101870001420A36A9C0603D513481AF062FA1520B7
:101880000A4B9A6AD10658BF9A6A9A6A920642BF70
:101890005A6A22F400525A629A6A42F0FF029A622D
:1018A00000232B7070BD1020C0E700BF00ED00E0EA
:1018B000573F02006E3F0200AE3E0200A23F020010
:1018C000BB3F0200D23F0200273F02002DE9F0415A
:1018D0005D4B04465F6800258AB0C7F3080685F3B0
:1018E0001188BFF36F8F02F07F43B3F17F4F06D1B2
:1018F00002F00C03082B13D154481AF022FA0025E9
:101900002C464FF00008F31E8DF80780092B00F2DB
:101910008B80DFE803F00A7F837B89898989898747
:1019200010074CBF0C460125EBE74948464E1AF01C
:1019300008FA8DF80780F36A9A0704D545481AF02B
:1019400000FA00232AE0F36A002B01DA4248F6E7A6
:10195000F36A5B00F5D541481AF0F3F97369A2699F
:1019600043F480737361BFF34F8FBFF36F8F32F80F
:10197000023C726922F480727261BFF34F8FBFF331
:101980006F8F03F47F42B2F55F4F27D1DBB2022B9A
:1019900024D1216832481AF0D4F923689DF8072031
:1019A000CAB902AE04F120073246206861680834E3
:1019B00003C2BC421646F7D1099A002D40D0C2F3AB
:1019C000080121B96FEA52226FEA422209921846B1
:1019D00002A9FFF719FE0AB0BDE8F0811A4B9A6A16
:1019E000D2B22AB101200DF10701FFF711FF0FE07C
:1019F0009A6A12F47F4F05D001200DF10701FFF71D
:101A0000ABFE05E09B6AB3F5803F9AD3FFF750FE2B
:101A10000346C3E700200DF10701E6E700200DF1C2
:101A20000701ECE70F488AE70F4B17F4F87F0F49DF
:101A30000F4808BF1946A6F110021AF082F980E794
:101A40006FF30802C2E700BF00ED00E02040020093
:101A50004C400200644002008640020095400200B3
:101A6000B5400200D2400200F23F020007400200EF
:101A7000F7400200064B5A6942F010025A615A6957
:101A800042F480625A615A6922F008025A61704732
:101A900000ED00E0EFF30880EFF3098101B5724635
:101AA000FFF714FF01BD00BF0B4880F3088815F055
:101AB000A1FE202080F3118808484FF400614018EF
:101AC00080F30988EFF314800221084380F314881F
:101AD000BFF36F8F00F06AF808CA0020C8B8002072
:101AE0001EF0040F0CBFEFF30880EFF3098081694B
:101AF00011F8021C0229FFD001B572461AF099FABA
:101B000001BD00BF00B2002807DB01234109034AE1
:101B100000F01F00834042F82130704700E100E0F0
:101B200000B200280CDB01220649430900F01F0027
:101B30008240203341F82320BFF34F8FBFF36F8FD4
:101B4000704700BF00E100E0054B420953F8222036
:101B5000012300F01F0003FA00F01040704700BF9F
:101B600000E100E000B2002801F10101ACBF00F18A
:101B70006040064B4FEA4111C9B2ABBF00F561406E
:101B800000F00F0080F800131954704714ED00E0C6
:101B9000044B054A23F07F039360BFF34F8FBFF3DD
:101BA0006F8F70470000000000ED00E008B5FFF700
:101BB000EFFF0B4AD2F8883023F47003C2F8883064
:101BC000EFF3148323F0040383F31488BFF36F8FC0
:101BD000FFF7F2FCFFF7FCFC00F09CF816F08AFE21
:101BE00000ED00E042F8203C009B0B4942F81C3C11
:101BF000019B21F0010142F8183C029B42F8081CAD
:101C000042F8143C4FF0807342F8043C0023203A21
:101C100002654367704700BF9113000000B50D4B8C
:101C200015469860026F0C4B0E461A60036E83F3E4
:101C30000B882C4686F309880020044B98472046E1
:101C4000002100220023024C204700005FC0010059
:101C500091130000A4840020C41800201022014B1E
:101C60001A61704700ED00E0054B5A699B689A4283
:101C70001FBF044A536843F080535360704700BF4E
:101C8000A484002000ED00E0084B9B6883420BD148
:101C9000EFF3058343B1064B5A6842F080525A6015
:101CA0005A6A22F400425A6217F040BDA484002010
:101CB00000ED00E014498A684FF030001044EFF363
:101CC000098C80E8F01F202080F31288BFF36F8F0B
:101CD0000E4F4FF000664A698A603E60106F0C4CF0
:101CE0002060506F0023536780F3118802F13000A9
:101CF00090E8F01F8CF3098802F1000004B51AF097
:101D0000A7F9BDE804407047A484002004ED00E07A
:101D1000C41800200023202040F20F1210B5044CFC
:101D2000E1180133934281F80003F9D110BD00BFDF
:101D300000E100E008B5EFF30583064A103B02EB33
:101D4000C30152F8330049688847BDE80840FFF7EF
:101D50008BBF00BF501D02000148006870470000A3
:101D6000C41800201FB50121094B0A4A0A4800F097
:101D7000F7F80023064A0393084B0121019301A8B9
:101D8000D31A029300F0F6F805B05DF804FB00BF2B
:101D900000000420000000208C280200D80700204A
:101DA0000A7A0B6810B562F304031C46CB6852092B
:101DB00023F01F0343EA4203044A43F00103C2F83D
:101DC0009800C2F89C40C2F8A03010BD00ED00E0C1
:101DD00010B5074BD3F89030C3F30723013B98426B
:101DE00002D8FFF7DDFF10BD6FF01500FBE700BF65
:101DF00000ED00E02DE9F04F0F46144606464FF087
:101E000000084B4D85B0B84580F28E80D6F804901E
:101E1000B9F1000F35D0B9F11F0F40F2838019F0EE
:101E20001F0F7FD1D6F800A01AF01F0F7AD15046AD
:101E30001AF038F9834609EB0A0001381AF032F932
:101E400083456FD11BF1160F6CD05C456ADDC5F878
:101E500098B0D5F89C10C5F898B0D5F8A03021F00E
:101E60001F0143F01F0AD6E900321A44994202F1D9
:101E7000FF391BD1CA4508D131465FFA8BF01AF001
:101E80001AF908F101080C36BDE73146C5F898B0DB
:101E9000D5F89C30E0B263F30402C5F89C201AF038
:101EA0000AF910F1160F3DD0441CEAE7C5F898B0C6
:101EB000D5F8A020013B23F01F0302F01F021343BB
:101EC000CA453146E0B2C5F8A030E8D01AF0F3F8C0
:101ED00010F1160F26D0C5F898B0D5F89C209DF8C3
:101EE00008300AF1FF3A62F304038DF80830D5F8A0
:101EF000A0309DF808205B0863F347128DF8082096
:101F0000D6E900321344009323F01F035344A3EB9C
:101F10000903013023F01F036946C0B20393FFF7A2
:101F200057FFBEE76FF01504204605B0BDE8F08FFF
:101F300000ED00E00522044BC3F89420BFF34F8F5F
:101F4000BFF36F8F704700BF00ED00E0BFF35F8FFE
:101F50000022024BC3F89420704700BF00ED00E060
:101F600010B5034C2278FFF745FF207010BD00BF6D
:101F70007C8D00202DE9F74F294D8A4606464FF00B
:101F80000008AB46274FD0451BDAD6F80490B9F1CC
:101F9000000F3FD03168084601911AF083F801998B
:101FA000044609EB010001381AF07CF884424FF036
:101FB00014021D4B08D002FB08F36FF015024BF81A
:101FC000032003B0BDE8F08F14F1160F2C60F8D099
:101FD0001978A142F5DD02FB08B0C7F89840C7F8B0
:101FE0009840D7F89C4000F10801007B64F304009E
:101FF0000871D7F8A0000C79400860F347140C7101
:10200000D7F89C1021F01F016960D7F8A01021F0CB
:102010001F01296108F1010814350C36B3E700BF30
:10202000C818002000ED00E07C8D0020F0B5534979
:10203000534DD1F890302C68C3F307239C4287B0EE
:1020400000F299800020FFF781FF4E4BC1F8C030AD
:10205000844216D14C4D01A82C70FFF7A7FA002638
:1020600007464A4CB74213D100202B784349D1F898
:102070009020C2F30722934277DBFFF75BFF00203B
:1020800046E0696801EB0011FFF78AFE0130DFE7E7
:102090000199300101EB0613DA682240B2F1807F2A
:1020A00052D00AD8B2F5001F34D0B2F5800F3ED01E
:1020B000B2F5801F12D00136D4E7B2F1006F43D0E1
:1020C000B2F1805FF7D15A689B680958013B22F052
:1020D0001F00034423F01F03012032E05A689B686D
:1020E0000958013B22F01F0003440120844623F0DD
:1020F0001F0340EA4C10CDE902218DF8100002A91F
:1021000028780593FFF764FE00282ADA6FF015009F
:1021100007B0F0BD5A689B680958013B22F01F00C8
:1021200003444FF0020C012023F01F03E1E75A683B
:102130009B680958013B22F01F000344062023F04E
:102140001F034FF0000CD4E75A689B680958013B05
:1021500022F01F0003444FF0030C012023F01F0363
:10216000C7E72B7801332B70A5E7C1F89830C1F889
:10217000A00001337BE74FF0FF30C9E700ED00E03E
:1021800098280200AAFF44007C8D00200000F0FF88
:1021900008B5024B1B689847002008BDDC180020DA
:1021A000034B044A1860937843F00203937070471E
:1021B000DC1800202002002008B50649064821F05E
:1021C0000701C1F1005202F5802219F077FD0020CD
:1021D00008BD00BF67B20220E01800204FF0FF32B8
:1021E0004FF0FF33014816F03FBC00BF3002002023
:1021F000014816F0ABBC00BF3002002038B50546E0
:10220000FFF7ECFF2A460821074819F0E6FC0446D0
:1022100028B925B1FFF7A0FD0C22044B1A50FFF797
:10222000E7FF204638BD00BFE01800200C0000008A
:1022300010B50446FFF7D2FF2146034819F047FCCA
:10224000BDE81040FFF7D4BFE018002070B5A0FB38
:10225000015434B92846FFF7D1FF064640B930464D
:1022600070BDFFF779FD0C22044B00261A50F6E7EB
:102270002A4621461FF044FCF1E700BF0C00000095
:1022800070B541690446867A0A4D59B1437ADB0735
:1022900006D4242303FB0653DB691B689B6898471D
:1022A000002363612420214600FB0650BDE87040F6
:1022B0001DF064BF700600202422024B02FB003098
:1022C000704700BF700600202421827A054B01FB75
:1022D00002331A6A1B7D801A1B3323F00303B0FB01
:1022E000F3F070477006002038B52424827A064B3C
:1022F00004FB0233DB69D3E901240C601568FFF7A6
:10230000E3FF04FB005038BD700600202DE9F043C8
:1023100085B00546684690461C4603911EF0C6F9F6
:10232000DDE90067EFF31189202383F31288BFF3FF
:102330006F8F6B8A002B41D02A8A9A4225D90022BE
:102340000023284616F052FC0446F0B189F31188A8
:10235000BFF36F8F039B002B41D032463B4668464C
:102360001EF0C9F92421A27A254B204601FB023335
:10237000DB6903A91B681D68DDE90023A8476061CC
:1023800070BB2046FFF77CFF24E0698A4B1E6B82FE
:1023900089F31188BFF36F8F2B7D2A8A2C6A1B3338
:1023A00023F00303521A02FB0344154B154AEB1AA0
:1023B0009B105343A3722B7DE372CBE789F3118803
:1023C000BFF36F8F23464246284616F00FFC0446A3
:1023D0000028BFD10024204605B0BDE8F08363612A
:1023E000012300252381039B29466382E27A6560ED
:1023F00004F118001FF084FB63692582E360EAE7BB
:1024000070060020398EE33870B524250C4C00B9D5
:1024100070BD037A4668002BFAD0013BDBB2037231
:10242000002BF5D1C3604360837A05FB03439B69AE
:1024300013B198473046EAE7FFF722FFFAE700BFFB
:10244000700600202DE9F84F06460D461746044653
:10245000A3466468002CFBD14FF02409DFF878A074
:10246000BBF81030BBF81220DBF81410D21ADBF8DE
:102470000C300BF10C005B1AD21AAA4228BF2A4674
:102480001FFA82F83946424619F0ABFEB5EB080553
:10249000444447441DD00C9B53B1DDE90A010D9A19
:1024A00098478346A8B10146304619F06CFED7E73D
:1024B000B07A09FB00A0C3699B6843B1AB4228BF57
:1024C0002B461946DDE90A23FFF720FFE9E72946F5
:1024D000F8E72046BDE8F88F7006002008B5244ACA
:1024E000244B1A6014F0F0FB4FF47A612248D0F8C4
:1024F0002436C3F30802C3F309434B4382F48072CA
:102500001E49883201FB02334FF4FA215B00B3FB12
:10251000F1F201FB12331A49B3F57A3F28BF0132B9
:10252000C1F80429D0F820364FF47A60C3F30802CA
:10253000C3F30943434342F21C5082F4807202F217
:10254000172200FB02334FF47A701B0AB3FBF0F240
:1025500000FB12330020B3F5FA7F4FF0010328BFD0
:102560000132C1F81C27C1F80009C1F8003608BDC6
:102570000020A1079405002000C0FF00F82A008079
:102580000000125048B1054B054A1B68B3FBF2F33B
:102590005843044B43F0010318477047940500204B
:1025A00040420F009027020010B50024094B86B06E
:1025B00009480393CDE904441DF0CCFE03AB00931E
:1025C0004FF4AF620A230549034816F013FD204675
:1025D00006B010BD1A410200180B002040A40020D4
:1025E0000146014816F046BD180B0020014601487F
:1025F0001DF085BE180B002030B50378012B11D0DB
:10260000022B21D06BB90A46144B03F1100453F886
:10261000045BA34242F8045BF9D143881A0A8A702A
:10262000CB7030BD0A460D4B03F1100453F8045B28
:10263000A34242F8045BF9D143681A0C180E4A70A1
:102640000870C3F30722EAE700F11003013913F819
:102650000129984201F8012FF9D1E2E7294302004C
:1026600010B519F0BDFE1DF0D4FE044608B916F0F1
:1026700093FF064BD3E8AF3F0BB10A2098471CB934
:10268000BDE8104016F09CBF10BD00BFEC18002044
:1026900038B50446084819F032FD054648B1631EB6
:1026A000DBB21F2B96BF054A0021D15C0C3019F01C
:1026B000A1FD284638BD00BF900700203943020025
:1026C0000F2810B50CD80D280CD90A4819F017FDA1
:1026D000044618B104210C3019F08CFD204610BDC1
:1026E0001328F2D009B10448F0E70220BDE81040F9
:1026F000FFF7CEBFB40700202407002038B5C56817
:102700002B7893B9B5F801400F21204601F05AFF0C
:10271000EB78054650B90A4A118831B96FEA04507E
:102720006FEA10501080074A137038BD03730121FF
:1027300001F094FE2846BDE8384001F043BE00BFDA
:102740006E8B00207D8D002010B5002486B003AB79
:1027500000934FF480624FF0FF3305490548CDE9FF
:102760000344059416F046FC204606B010BD00BF99
:10277000B8A90020B80B002010B5012104460C3088
:1027800019F065FD2146BDE810400023014A00789C
:1027900019F0C9BFD029020010B5012104460C3040
:1027A00019F055FD2146BDE810400B23014A007881
:1027B00019F0B9BF7829020070B5314819F0B8FC9A
:1027C000044600285AD000F10C05284619F047FDB0
:1027D000022805D004282FD02046FFF715FE21E05F
:1027E000238A032BF8D90421284619F030FDFF2253
:1027F000438806882276228AC6F30B009A426083B9
:10280000EAD10F2101F0DEFE05460028E4D001F0F8
:10281000F5FE21462076320B28461AF075FB284635
:1028200001F0D0FD174BD3F84C313BB3BDE87040FD
:10283000154916481DF063BD2846022119F007FD11
:10284000054600783E2812D019F065FE10F0020609
:102850000DD140F69A430E4A0E490F4819F07EFA00
:1028600086F31188BFF36F8F0323184602DF062318
:1028700021460A4A287819F056FFADE770BD00BF1F
:102880004C0100200000002044030020580C0020D0
:1028900023410200574102008541020048290200FD
:1028A00010B5012104460C3019F0D1FC2146BDE8D9
:1028B00010400223014A007819F035BF3829020080
:1028C0002DE9F0470C4616F067FEE5682B78022BE1
:1028D00067D0042B05D02046FFF796FD6FF0150456
:1028E00008E0B4F81080B8F1020F08D82046FFF7CE
:1028F0008BFD002416F064FE2046BDE8F087687862
:102900003E2809D1B8F1030FF0D0EB78012B01D0AC
:102910000A2B46D1032704E019F0FDFD0746F8070E
:102920003FD504F10C0601213046D4F814A019F06B
:1029300086FC0221304619F08AFC814600783E2848
:1029400007D1E3681B78012B01D00A2B06D103269F
:1029500014E019F0E0FDC10706460FD441F26813F8
:10296000164A1749174819F0F9F9002383F311881B
:10297000BFF36F8F0323184602DF0226124A062395
:10298000214699F8000019F0CEFEB20712D563690E
:10299000A5EB0A0513FA85F5E560A4F81080BB07DE
:1029A000A7D52146094819F0AEFB094909481DF091
:1029B000A6FC9EE72046FFF727FDF0E72341020033
:1029C000A241020085410200082902004C010020BA
:1029D00044030020580C00202DE9F0478846164695
:1029E0008246002868D00023DFF8D090D9E8EF4F66
:1029F000C9E8E23F002AF9D1002C5DD02046FFF75C
:102A000063FC0C232E4D274603FB0050438853459F
:102A10000DD0D9E8EF3FC9E8E27F002AF9D1002BB9
:102A20004AD01F463846BDE8F047FFF7EDBCA64246
:102A300008D0204619F05EFB328AF16804F10C00E0
:102A400019F0CFFB2046FFF73FFC0C2606FB005099
:102A50004368ABB1B8F1000F12D12046FFF734FC48
:102A6000012106FB00504268536803F01F008140BB
:102A700010685B0900EB8300137ACBB119F088FD75
:102A80002046FFF721FC0C2606FB00508368002B34
:102A9000C8D02046FFF718FC704305F80080204698
:102AA000FFF712FC06FB0055A86816F0D1F8B9E74D
:102AB000C94319F04FFEE3E7BDE8F0874801002065
:102AC000F018002008B500F0DBFF064BD3E8AF2F6D
:102AD00002F00B02D3E8EF1FC3E8E02F0028F9D182
:102AE00008BD00BFD400002010B5C1E900239DF847
:102AF00008300C460B72FFF7E7FB0C22024B02FB7F
:102B000000335C6010BD00BFF0180020F8B502462D
:102B10000B46104819F0F3FA0446C0B104210C30FA
:102B200019F04EFB2046FFF7CFFB0C2700260A4D7D
:102B300007FB005046802046FFF7C6FB07FB00500E
:102B400086602046FFF7C0FB07FB00556E602046FD
:102B5000F8BD00BF6C070020F01800200138C0B29B
:102B600002289ABF014B185C002070478343020083
:102B700029289ABF014B185C09207047594302006D
:102B8000034B0146D3F8640182689268104700BF86
:102B90000000002008B50421034819F0F9FCBDE845
:102BA000084000F06DBF00BFD4000020004870470F
:102BB000BB410200014902481DF0A1BB34030020C3
:102BC000B80B002070B505460C4639B1CB684A6990
:102BD0009B1A032B0ED86FF0150509E04FF0FF305C
:102BE0004FF0FF31FFF792FF044618B96FF0680508
:102BF000284670BD2046FFF767FB0C22134BA61832
:102C000002FB0033032130465D8019F0FBFA05809A
:102C1000238A0121033B8370304619F007FB40F6FD
:102C200035439D4209D12046FFF7AAFF05460028FB
:102C3000DED02046FFF7E8FBDAE7214604481DF026
:102C400092FA0025FFF7B6FFD2E700BFF018002088
:102C5000540100202DE9F043064617460C4685B086
:102C600069B94FF0FF304FF0FF31FFF74FFF0446D7
:102C700058B96FF06805284605B0BDE8F083887A3A
:102C8000FFF71AFB304B834257D1012200216846DF
:102C90001DF082FA2046FFF717FB0C23DFF8AC90FB
:102CA00003FB0090C0F808D0204619F057FA0146FF
:102CB0003046FFF787FF054618B12046FFF7A4FB13
:102CC000D9E700236846224A15F0F6FF804690B106
:102CD0004FF4F1731F4A2049204819F03FF842464B
:102CE00031461F4819F03AF885F31188BFF36F8F0A
:102CF0000323184602DF2046FFF7E6FA0C23584369
:102D000019F80060AEB12046093EFFF77DFB092EA1
:102D10000CD8DFE806F0050B0B08150B0B0B0B129C
:102D20006FF06E05A7E76FF00C05A4E76FF00405E0
:102D3000A1E7002FC1D03C609DE76FF015059AE731
:102D40006FF00B0597E700BF6C070020F01800201C
:102D5000B4C4040023410200CD41020085410200B9
:102D6000D6410200F0B585B006460DF10301002002
:102D700000F02EFD054600284DD14FF0FF304FF0FA
:102D8000FF31FFF7C3FE0746002847D019210C305A
:102D900019F021FA0446294619221EF0B1FE9DF8C9
:102DA0000330204A237392F8291192F82831601DCC
:102DB000994294BF06F1700106F17E0119F0BDFB46
:102DC000938938462380D3896380B6F88C30A4F881
:102DD0000D30B6F88E30A4F80F30B6F89030A4F865
:102DE0001130B6F89230A4F813300F4B019307233B
:102DF000029301238DF80C30FFF766FA0C220B4B7F
:102E0000394602FB003301AA5A6042F20D0000224B
:102E1000FFF720FF0546284605B0F0BD6FF06805B6
:102E2000F9E700BF00000020D4000020F0180020C7
:102E300030B54FF0FF304FF0FF3185B0FFF766FE41
:102E40000446B0B10C4B0025019307238DF80C50BC
:102E50000293FFF739FA0C22084B214602FB00339C
:102E600001AA5A6042F20E002A46FFF7F3FE05B0AF
:102E700030BD6FF06800FAE7D4000020F0180020A1
:102E80002DE9FF41002605464C4BB0F8017019882A
:102E900047F47042914204BF1E80494B05F104047F
:102EA00008BF1E7800F07AFAEB782046012B0ABFA3
:102EB000444B4FF0000893F86F8019F08DFA2146CB
:102EC000F0B102A819F07DFAD5F81130CDF8013033
:102ED000B5F81530ADF8053001238DF80030E878ED
:102EE00038B9022202A901F0C5FEEB7804469BB175
:102EF000C4B91321384619F070FD04B0BDE8F08163
:102F0000404619F065FF014602A819F016FB21465C
:102F1000684619F012FBE2E76FF080012A4819F0C9
:102F200019FCE5E7204640F2E242B5F8013002A97B
:102F300020F8703B19F001FBB5F81730534300221D
:102F4000C4F88830B5F81930A4F89030B5F81B30C3
:102F5000A4F89230EB7822731C4AE370C4F8A420E2
:102F60004732C4F8A8204FF4A472A4F8AC206BB97F
:102F7000694604F17E0019F0E0FA217A114BC1EBA9
:102F8000C101194404F1770019F0D7FA072120464E
:102F900001F064FA26B101212046267301F05EFAA1
:102FA000204601F05DFB204601F00CFAE378002B8F
:102FB000A3D1032019F050FF9FE700BF6E8B0020C4
:102FC0007D8D002000000020D400002001011B00A6
:102FD00000B5C16889B00B7833B1022B2ED109B08E
:102FE0005DF804EB19F0D3BC8DF80030B1F8013076
:102FF00001A8ADF80130CB7804318DF80330B1F879
:103000000730ADF81730B1F80930ADF81930B1F824
:103010000B30ADF81B304B7B8DF81D3019F08DFA5D
:10302000084B68461A689B88CDF80B20ADF80F3026
:10303000CDF81120ADF81530FFF722FF09B05DF88B
:1030400004FB00BF2343020010B5FDF799FB034BBF
:103050001B6813B1BDE81040184710BD08190020C7
:1030600073B5254D0646D5F864011CF021FF0028F4
:103070003BD06FF0020105F1D40019F06BFB012188
:1030800019F086FA10EA010432D11C4B1E600A4680
:1030900005F59C701DF080F805F5AA701DF035F857
:1030A00017481DF057F96FF007034FF49662154962
:1030B0001348009415F09EFF134911481DF0AFF915
:1030C000D5F86401114983681B689847044648B9DC
:1030D00026B902B0BDE87040FDF752BB05F1C4004F
:1030E00015F082FF204602B070BD6FF01204F9E7C0
:1030F0006FF07704F6E700BF0000002008190020F9
:10310000580C0020B8AD00201B420200C12800006E
:1031100038B5032104460C3019F099F840F63542D1
:103120000346B0F8010090420DD01D78E3682246B6
:103130001978FFF751FC35B1034815F089FDBDE85A
:103140003840FFF737BD38BD3801002038B516F0DC
:1031500023FA284DD5F85431002B48D00022002303
:1031600005F59C7015F0A8FD002840D10022002331
:1031700005F5AA7015F03AFD044668B940F6AA4371
:103180001D4A1E491E4818F0E9FD84F31188BFF35B
:103190006F8F0323184602DFD5F8480120B1FFF7EF
:1031A00033F90023C5F84831204618F0D7FFC5F899
:1031B00048012046FFF7E4FC98B1124815F048FD9D
:1031C0002046FFF781F80C220F4B1F2102FB003035
:1031D00022464088FFF700FC2046FFF715F9FFF76D
:1031E000E9FCFFF7E7FCBDE8384016F0E9B901F06B
:1031F00047FAF8E7000000202341020024420200C1
:103200008541020038010020F018002038B5042163
:1032100004460C3019F01BF84578017822464088A6
:10322000FFF7DAFB35B1044815F012FDBDE8384070
:10323000FFF7C0BC38BD00BF3801002070B54FF0AB
:10324000FF320D464FF0FF3300210646FFF738FAF4
:10325000044660B91A230A4A0A490B4818F07EFD51
:1032600084F31188BFF36F8F0323184602DF022116
:1032700004F10C0018F0AFFF06704570204670BDD9
:10328000284202002442020085410200F8B50646A9
:103290000024094DEF79E3B29F4202D86FF001009C
:1032A00007E02946304619F000FD0735631C08B1D8
:1032B0002046F8BD1C46EEE70000002037B5044666
:1032C0000D4671B12846124919F0EFFC48B929465C
:1032D0001048C4EBC404204419F0EFFC002003B0F4
:1032E00030BD684619F05FF80028F8D16846FFF74E
:1032F000CDFF0028F5DA074BC4EBC400694618443B
:1033000019F0DBFC002DE9D001462846E4E700BFB8
:103310001643020000000020014BD3E8AF0F7047B6
:10332000D400002070B5144E0622314604461EF02B
:10333000EFFBE0B14FF0FF304FF0FF31FFF7E6FB5E
:103340000546A8B1062221460C3018F04AFF00229B
:10335000294642F20500FFF77DFC40B9334622685A
:1033600043F86929A288B280012283F8682070BDE1
:103370006FF06800FBE700BF69000020064BD3E850
:10338000EFCF4CF4806CC3E8E2CF002AF7D1037A88
:1033900019430172704700BFD4000020084BD3E8E6
:1033A000EF2F22F48061C3E8E01F0028F7D1530516
:1033B00004D500220220034904F098BE704700BFE4
:1033C000D400002019CE0100002307B50549CDE93E
:1033D00000036A46022004F089FE019803B05DF8FC
:1033E00004FB00BF75CD01002DE9F341044670B127
:1033F000434D95F8282195F829310AB19A4209D20E
:10340000013385F82931237A43F00403237202B093
:10341000BDE8F08100210222084601F02BFC06469F
:1034200048B120460121FFF7A9FF304602B0BDE8B0
:10343000F04100F0C7BFFFF76FFF8206C0F34017EF
:1034400002D5304600F034FB95F82931B3B995F830
:10345000292195F828319A421DD1002242F22900F3
:103460001146FFF7F7FB70B995F82931013385F85C
:103470002931237A43F00403237204E0002019F079
:1034800060FC0028E3D0002FC1D0012002B0BDE8CD
:10349000F04100F00DBB224604F10108414612F84C
:1034A0002E0B19F011FC064630BB95F8293101337B
:1034B00085F82931237A43F00403237295F8A73065
:1034C0005B0719D54146684619F0F7FB01234FF019
:1034D000FF304FF0FF318DF80730FFF717FB044640
:1034E00050B1082269460C3018F07BFE3246214666
:1034F00042F24E00FFF7AEFB012019F022FCC2E7BA
:10350000000000202DE9F843044600B33A4D95F839
:10351000282195F8293192B10132934210DC002123
:103520000222084601F0A6FB064690B12046022181
:10353000FFF724FF3046BDE8F84300F043BF13B166
:10354000013B85F82931237A23F004032372BDE877
:10355000F883FFF7E1FE8306C0F3401802D530463A
:1035600000F0A6FA002019F0ECFB074688B995F8A0
:10357000293195F828219A4219D2013B85F8293141
:10358000237A024623F0040302201C49237204F02C
:10359000ADFD95F8293113B1012019F0D2FBB8F136
:1035A000000FD4D0BDE8F843012000F081BA4FF0FD
:1035B000FF304FF0FF31FFF7A9FA04F10109064689
:1035C0000028E6D007210C3018F005FE494619F016
:1035D00074FB3A46314642F22800FFF73BFB0028D5
:1035E000D7D195F82931013B85F82931237A23F089
:1035F00004032372CDE700BF000000202DCD0100A1
:1036000070B5044611B16FF0150070BDD8B12049F6
:1036100019F04BFBB8B92046FFF738FE002830DA26
:1036200023784BB91B48C2795ABB214619F045FB98
:103630000123C3711046E8E7012BE4D1A37903F01D
:10364000C003C02BDFD1134DEB79012B1CD0FFF74A
:1036500063FEC30707D4002CD5D020460C4919F0CF
:1036600024FB0028CFD1EE792146731C3046EB7144
:10367000FFF724FE08B93046C7E7EB79013BEB7151
:10368000C3E76FF07700C0E76FF00B00BDE700BF46
:1036900016430200000000202DE9F3410446D8B192
:1036A000002141F2090001AAFFF7D4FA054698B9B2
:1036B000019E0622D6F80C80104908F10107384611
:1036C0001EF026FA28B1062238460D491EF020FACF
:1036D00030B93046FEF798FE002002B0BDE8F08118
:1036E000D8F801303046C4F80130BB882570A4F802
:1036F0000530FEF789FE0120EFE700BF23430200FB
:103700001D43020007B56846FFF7C6FF044BD8719A
:1037100018B169460020FFF7D1FD03B05DF804FB46
:1037200000000020F0B5294D89B0EE79002E46D179
:1037300095F8C230DB0722D56A4631464FF609407C
:10374000FFF788FAD8B9DDF800C0DCF80C406378E0
:10375000012B1E4628BF012673B1A31C02AA1234F6
:10376000174618685968083303C7A3423A46F7D189
:10377000186838609B88BB806046FEF745FEEE7196
:10378000002416260127EB79E0B2984202D3B3B1A8
:10379000002012E008AB06FB003353F8182C33F876
:1037A000143C6946CDF80120ADF805308DF8007065
:1037B000FFF784FD01340028E5D009B0F0BD0021F9
:1037C000084609B0BDE8F040FFF71ABF000000202E
:1037D00038B50C4661B108480578012D05D1013096
:1037E000FFF7A0FD00B9257038BD00200870FBE789
:1037F0006FF01500F8E700BF0000002010B50A4C7C
:10380000E3790BB1002010BDFFF77CFF0028FAD14F
:10381000E379002BF6D1FFF785FF0028F3D1601C78
:10382000BDE81040FFF77EBD0000002070B50546E2
:103830000E464FF0FF304FF0FF3186B0FFF766F9CC
:103840000446A0B102210C3018F0C5FC094A4670AC
:10385000057003A9204605230095FFF745F90022CE
:10386000214642F20C00FFF7F5F906B070BD6FF08B
:103870006800FAE7D400002008B50C4B0246400966
:1038800003EB800019F0E5FA02F01F0340FA03F39E
:1038900013F0010006D122B9054819F0DAFA40F315
:1038A000C01008BD6FF07700FBE700BF0C190020C7
:1038B000D4000020084A430902EB8302012300F0F0
:1038C0001F008340DB43D2E8EF0F1840C2E8E10F4E
:1038D0000029F8D1704700BF0C19002030B587B01F
:1038E00000220023604815F0BFF80446002840F08D
:1038F00098805E4819F0ADFA10F001035B4D4DD091
:103900002B1D93E8070006AB03E90700584819F0A0
:10391000A0FAC0F34013554819F09BFA044600285A
:1039200072D07BB10C2253490DEB02001EF0F0F86F
:103930000446002872D000210846FFF777FF0446AE
:1039400000286BD14A4819F084FA420501D5FFF7E7
:1039500025FD0023ADF80930BDF80E309DF80C00B0
:10396000ADF80530BDF810308DF80400ADF8073023
:10397000431E58420DF10901584119F05DFA044601
:1039800000284BD14FF0FF304FF0FF31FFF7BEF86A
:103990000546002848D16FF068043FE0344819F02C
:1039A00058FA10F0800F344A0ED04FF4807490898A
:1039B000D1891269ADF80C40ADF80E00ADF81010C9
:1039C000ADF812300592A1E72C4C03AB206861687A
:1039D00003C3A068186092F8D93024481C0744BF7C
:1039E00005238DF80D3019F034FA800706D5302301
:1039F000ADF810306023ADF80E3087E71B4819F0A2
:103A000028FA4107F3D481E743B10146FFF70EFFDF
:103A1000044618B9174B2861C3E90100124815F094
:103A200095F8204607B030BD072201A90C3018F0E8
:103A3000D8FB2246294642F20B00FFF70BF9044659
:103A40000028EBD19DF80D10012001F00101FFF7D6
:103A5000EDFE04460028E1D1064B06AA12E9070054
:103A600083E80700DAE700BF281900200C190020BE
:103A7000D40000201C19002000000020482702006C
:103A80004422002110B508481EF03AF8064B03F115
:103A90001C001C461CF0B2FA04F130001CF0AEFA17
:103AA0000022024B1A6010BD0C190020581900208A
:103AB000044B0038597C18BF012001F00101FFF7C9
:103AC000B5BE00BF0C190020032838B5054603D148
:103AD000BDE83840FFF702BFFFF7CEFE0446A8B9A5
:103AE0000B4B6A0903EB8203012205F01F018A4098
:103AF000D3E8EF0F1043C3E8E10F0029F8D1FFF737
:103B0000EDFE044610B12846FFF7D4FE204638BD2E
:103B10000C1900202DE9F04F00F10C088BB0044681
:103B2000404618F09CFB06467D4819F092F900F0DB
:103B300001037B48039319F08CF9C0F380030293CF
:103B400016B90BB0BDE8F08F039B13B9029B002B95
:103B5000F7D0238A082BF4D90921404618F077FBC7
:103B6000037A228A01339A420546EAD30123ADF84B
:103B700024307F238DF81E30037A471C03445B7A80
:103B80008DF81D30FF238DF81C300023ADF8223056
:103B90000278042A98BF634B8DF81F2098BF9B5C66
:103BA000ADF82030037A5E48019319F052F900F025
:103BB00001095B4819F04DF98246B9F1000F0BD0AD
:103BC000BDF820305A0707D5297A40460131013E19
:103BD00018F035FBF6B2B3E7384618F0FDFB0DF1EF
:103BE000100B00284FD03946584618F0EAFBB9F1BF
:103BF000000F02D11AF0040F59D14B4BD3F800A09B
:103C0000BAF1000F14D0E2686369B4F810B0A2EB07
:103C10000309019B9DF81F2023829DF91D10434637
:103C200004A8D0476369A4F810B013FA89F3E360DD
:103C300004AB06933D4B1B68002B36D053F8089914
:103C4000B9F1000F01D0A9F108091A688AB1E16839
:103C50006269B4F810B0A1EB020A019A41462282CF
:103C60001B6806A898476369A4F810B013FA8AF392
:103C7000E360B9F1000F18D0D9F8082002B1083A72
:103C80004B469146E1E76B78FF2B09D1284B18682A
:103C900004909A889B79ABF804208BF80630A6E74D
:103CA000394619F095F80346F1E7002306931C48BE
:103CB000BDF8203019F0CDF810F0010984D1DB07F0
:103CC00082D50322484604A900F0D4FF824600288A
:103CD0003FF47AAF022019F0BFF8D5F80130504612
:103CE000CAF87E30BB88AAF88230BB798AF8843063
:103CF00018F04BFE60B11F23494650468AF80C303D
:103D000000F0ACFB504600F05DFBFFF7E7FD5BE722
:103D10005046022100F0A2FB504600F053FB53E74F
:103D20000C19002086430200581900205019002069
:103D300016430200F8B50546224819F08AF84307F1
:103D40000F463CD52A78012A03D96FF01504204686
:103D5000F8BD6B780F2BF8D843F6FC746888031F06
:103D60009BB2A342F1D8A9880B1F9BB2A342ECD807
:103D70008842EAD37AB900220023134814F074FE73
:103D800004460028E3D1FFF777FD044640B10E4812
:103D900014F0DCFEDBE719F03DF80028EBD1D4E7A6
:103DA00028686968094E0A4B03C6A8681F6030601E
:103DB0002046FFF789FE044606F12400E8E76FF08D
:103DC0000A04C4E7D40000203C1900201019002088
:103DD000581900200020024B186019F03DB800BFB0
:103DE0005819002008B5034819F033F800F0010015
:103DF00008BD00BF0C19002070B59AB01422002134
:103E000004A81DF07DFE47F21213ADF80C304FF4FC
:103E1000807344F20102ADF80E30304B01A903A8C3
:103E2000CDE9052316F052F9F0B11F252C4BD3E84C
:103E3000EF1F21F00101C3E8E21F002AF7D1294E4C
:103E400015F0AAFB346804B1043C002D264D18BFC0
:103E50000025002C3BD023680BB1284698476468A6
:103E6000002C34D0043CF6E74122019802AB09A9AA
:103E70001CF09FFE0028D8D11C4A0DF125030DF13E
:103E8000650153F8040B8B4242F8040BF9D1202250
:103E90001749019802AB1CF034FE0028C5D10198E7
:103EA0001CF0E7FD05460028BFD110490E4818F068
:103EB000DCFF1048203118F0D8FF0F4BD3E8EF1F7C
:103EC00041F01001C3E8E21F002AAFD0F6E700235B
:103ED000C6E9003315F074FB1AB070BD000002098A
:103EE0005C19002064190020DE8D00209E8D0020CA
:103EF0007E8D0020FE8D0020D400002030B5A7B0BC
:103F00001422002108A81DF0FBFD04233D220021FE
:103F100016A815931DF0F4FD47F21213ADF81C30EE
:103F20004FF4807344F20102ADF81E30234B244954
:103F3000CDE9092307A8202205AB1CF064FEB8B127
:103F40006FF0040415F028FB1E4B1D6865B10020BE
:103F500018601D4BD3E8EF1F21F00201C3E8E21FF8
:103F6000002AF7D124B3A84715F02AFB27B030BDAB
:103F7000164B0DF15502194603F1400053F8044B5E
:103F8000834242F8044BF9D106AB029320230B483D
:103F9000CDE9001315AA412305991CF088FF0028DC
:103FA000CED105981CF065FD04460028CAD0C7E7AD
:103FB0000DA8064918F059FF0DA8D4E70000020922
:103FC0007E8D0020601900205C1900209E8D00204D
:103FD000402208B503491DF09BFDB0FA80F040096E
:103FE00008BD00BF8B43020010B598B004461422F0
:103FF000002102A81DF084FD44F21213ADF8043034
:104000004FF480734FF48042ADF80630114B2146D7
:10401000CDE9032304230DF11D008DF81C3018F0A9
:1040200024FF04F120010DF13D0018F01EFF6B4646
:10403000412207A901A81CF0E6FD044601A81DF0D5
:104040005CF82CB900981CF014FD012018B010BDCC
:104050000020FBE70000020910B560B31A4A13689C
:1040600023B1043B834229D05B68F9E7174BD3E8BF
:10407000AF1F890725D41468011D44605068116082
:1040800000B95160D3E8EF2F42F00101C3E8E01F0F
:104090000028F7D1D30701D5002010BD0C4BD3E881
:1040A000EF1F21F01001C3E8E21F002AF7D10948F1
:1040B000FEF79CFAF0E76FF01500EEE76FF077007F
:1040C000EBE76FF00F00E8E7641900205C190020AF
:1040D000D400002064030020044BD3E8AF3F13F06A
:1040E000100F034808BF0020704700BFD400002015
:1040F000DE8D002070B50546194803688B4228D034
:10410000184BD3E8AF3FDA0626D5036813B16FF03A
:104110000F0070BD144AD2E8AF3FDB07F7D4D2E8F6
:10412000EF3F43F00204C2E8E64F002EF7D113F050
:104130000204ECD1016029460C4818F096FE0C48A8
:1041400005F1200118F091FE0A48FEF74FFA2046CB
:10415000DFE76FF07700DCE76FF07C00D9E700BFA6
:1041600060190020D40000205C1900209E8D0020E2
:10417000BE8D00205403002070B505460B4B1C6813
:1041800044B154F82C3C2C3C13B12846297B984769
:10419000E46AF5E7064C074EB44200D370BD2368CD
:1041A00013B12846297B98473034F5E77C1C002062
:1041B000D02602000027020010B50446FEF784F85E
:1041C000044901EB0011204618F047F9BDE8104002
:1041D000FEF7F0BC6C190020002270B50446D1E94E
:1041E00001560748C1E901221BF0BDFF3DB1314630
:1041F00020462B46BDE870406FF06D02184770BD39
:104200006006002070B50546002200230E4814F019
:1042100053FDB8B90D4B1C6834B154F8243C2C3C08
:1042200003B19847E46AF7E7094C0A4EB44204D355
:104230002846BDE8704014F0D7BEA36803B1984784
:104240003034F3E770BD00BF400600207C1C002026
:10425000D0260200002702002DE9F0410446202765
:104260000025EFF3118287F31288BFF36F8FE169A6
:1042700029B1206A0B688142E36108BF236282F39F
:104280001188BFF36F8F71B1D1E901680748C1E9A7
:1042900001551BF068FF1EB1002241462046B04781
:1042A000FEF788FCDDE7BDE8F08100BF6006002076
:1042B00013B5437B0446072B22D10430D0E8EF3FEF
:1042C00043F48062C0E8E12F0029F7D1590517D4E3
:1042D00018F0F0FDC2030DD5E17889B9094B93F8C8
:1042E000D930DB070CD5022320461A46009118F07E
:1042F000D4FB05E0204618F096FB637B072BEBD040
:1043000002B010BD000000200448B0F8143100F5E0
:104310008C70002B08BF0020704700BF00000020F9
:1043200030B50446FDF718FD0D460D4A0D4989B01C
:104330000858D2F88010884205D1204609B0BDE85F
:104340003040FFF789BF2434214610461BF0D7FFC9
:104350001DB1694620461BF0E2FF09B030BD00BF29
:10436000581700200800000038B5002204468A4291
:1043700002D10024204638BD012004F1D003D3E847
:10438000EF5F002D04D1C3E8EC0FBCF1000FF6D1B4
:1043900002D0D8340244EAE7002CEAD0D02200212F
:1043A00020461DF0ADFB04F1400004491BF0D8FF8E
:1043B000034904F124001BF077FFDBE7894E00007E
:1043C000BBCE010008B500F1D003D3E8EF2F013ACE
:1043D000C3E8E12F0029F8D1AAB90B4B984212D3B8
:1043E00003F1D80290420ED2C01AD823B0FBF3F2E8
:1043F00003FB120038B9054814F02AFCBDE8084058
:10440000034814F0F1BD08BDF80C00204006002060
:104410008403002010B5044618F0C6FD15F0BCF862
:104420000C4B04F1C401D3F82C3143B90A4818F0FD
:1044300026FD15F0C5F8BDE81040FEF7BBBB99425C
:1044400001D01B68F1E715F0BBF82046FFF7BAFF73
:10445000F1E700BF000000202C01002070B5457B73
:1044600004468D4223D0417355B1022D0BD0637B9E
:10447000072B1CD8DFE803F01C0E541B1B1B1B185A
:1044800018F092FDF3E78378012BF0D140301BF058
:1044900075FFECE73A4D05F58C76616900295CD132
:1044A000BDE87040FEF786BB0023C4E90D3370BD44
:1044B000082DFCD801A353F825F000BFAF4400003D
:1044C000E14400000D4500000745000017450000CD
:1044D000174500000D450000AF440000AF44000048
:1044E00004F1400528461BF049FF20460121FFF753
:1044F00017FF204618F0FFFC2846BDE87040002258
:10450000002314F015BE022018F0A6FC237B13B183
:104510002046FFF731FE2046BDE87040FFF752BF4E
:10452000A378012BC3D1164B9D8A002DBFD00A233F
:1045300047F6122640F2E73000215D434FF47A72CD
:104540000023E5FB0601FBF79BFF02460B4604F147
:104550004000BDE8704014F0B7BDA2690B689142FD
:1045600008BFA36120466361FFF736FEB5F814313A
:10457000002B14BF3046002014F06AFB8DE700BF0B
:1045800000000020F8B5074609480D46164618F009
:104590000BFD044650B183781F4203D1BDE8F840BB
:1045A000FFF710BF3146A8472046F7E7F8BD00BF28
:1045B000F80C0020002201200149FFF7E3BF00BFF3
:1045C000B142000038B505460B480C4618F0ECFC2B
:1045D000034670B1427B012A02D0073A012A06D86D
:1045E0001A88AA4202D19A78144203D11846FFF7DA
:1045F000E9FE0023184638BDF80C0020034BC01A12
:10460000034BC0105843C0B2704700BFF80C0020E5
:1046100013DA4B6870B51C46144305460E4608D0A5
:10462000FDF79AFB0B4908580B49D1F880108842D6
:1046300001D1002213460949002D14BF284608461F
:1046400017F05DFD044618B1711D0C3017F0B8FD70
:10465000204670BD0800000058170020700600209A
:1046600010B50446054814F0BFFC204600F01AFEC1
:104670002046BDE81040FFF77FBD00BF7403002057
:1046800000232DE9F04F87B003930593A54B5A8A79
:1046900032B1A54DD5F82C4134B907B0BDE8F08F43
:1046A0001B68002BF5D1F8E754F8C43903B1C43BBB
:1046B00000269E4901E01C461346B5F81421002A45
:1046C00000F02E81D5F820214AB904F1C406002B50
:1046D000E3D0D3F8C420002AEDD0C43AEBE70A684F
:1046E000002AF2D0D4F8B020002AEED0D4F8B420BA
:1046F000002AEAD0D4F8B820002AE6D0637B072B42
:1047000066D120469047002862D004F1C80018F016
:10471000D1FB02285CDC204618F046FC0446002849
:10472000BBD0637B072B40F0F2802046D4F8B0303A
:10473000B5F8141104AA98470746002800F0CA806B
:10474000B5F81421049B9A4206D30146D4F8B4600C
:10475000204605AB03AAB047059BDDF80C900193FA
:104760003B8A002B00F0D6803846DDF810A017F009
:104770008AFE8046002840F0D080B5F81431DFF87A
:10478000B0B1002B14BF584600200022002314F0C3
:1047900093FA78B900220023644814F027FA0646F9
:1047A00000283BD1B5F81431002B18BF5E463046C7
:1047B00014F04EFA6FF00B053846FDF725FEB9F1FF
:1047C000000F00F083802A4620460199C8477DE00B
:1047D000D4F8C43004F1C402C6B9D5F83011C5F814
:1047E0002C318A4201D1C5F8303100232046C4F86B
:1047F000C430D4F8B8309847002892D0637B072B98
:1048000040F085802046FFF705FE8AE73360D5F843
:1048100030319A4208BFC5F83061E6E7019BC0F825
:1048200004908360B5F814B10022DA454FF000031C
:104830004FF000013B4898BF1FFA8AFBFDF766FD69
:10484000814650B1FDF740FD3A4B5A4603EB001349
:104850003946484617F0DCFD8146B5F8143194F826
:10486000CC709A458CBF4FF00108023784F8CC8099
:1048700098BFFFB204F1C808D8E8EF3F0133C8E899
:10488000E23F002AF8D104F1140A3146504618F0EC
:10489000F6FAA378012B21D0D8E8EF3F013BC8E816
:1048A000E23F002AF8D13146504618F009FB48464D
:1048B000FDF7AAFD20463146FFF78EFCB5F814310E
:1048C0001B48002B08BF002014F0C2F9132120461A
:1048D00018F081FB2046FFF775FDDEE609F10C0BB1
:1048E0000421584617F08EFC238807F0FD0743EAA1
:1048F00007330380B9F810300221043B4380584647
:1049000017F094FC4846FEF73BF90028C4D1FEF7A7
:1049100051F9DFE76FF079054EE76FF004054BE7DB
:104920009368FFDE4807002000000020600600209A
:10493000180100206C19002040F2E2432DE9F041FB
:10494000D0F888600446B6FBF3F6031D184618F04D
:10495000B1FA8204B6B213D5B4F88C20B2420FD8A3
:10496000B4F88E20B2420BD3D4E92412914207D17D
:10497000D3E8EF1F21F40051C3E8E21F002AF7D16A
:10498000104B1D6865B155F81C7C2C3D37B1314684
:104990002046B4F89230B4F89020B847ED6AF1E7B9
:1049A000094DDFF82880454501D3BDE8F0812F6926
:1049B00037B131462046B4F89230B4F89020B84769
:1049C0003035F0E77C1C0020D026020000270200D2
:1049D000F8B50F4B05461C685CB12C3C00F1A606EF
:1049E000236A13B1314628469847E46A0CB12C3C3F
:1049F000F6E7084C084E05F1A607B44200D3F8BD0F
:104A0000236A13B13946284698473034F5E700BF8A
:104A10007C1C0020D026020000270200F8B50F4BB6
:104A200005461C685CB12C3C00F1A406E36913B197
:104A3000314628469847E46A0CB12C3CF6E7084C0E
:104A4000084E05F1A407B44200D3F8BDE36913B1E1
:104A50003946284698473034F5E700BF7C1C0020D3
:104A6000D0260200002702002DE9F0410746084643
:104A70000D4617F0F2FE064618B900263046BDE88E
:104A8000F081144B1C6884B154F8203C2C3C0BB9C9
:104A9000E46AF8E72946384698470028EDD02846CA
:104AA00017F0DBFE0028F3D1E7E70B4CDFF82C8092
:104AB0004445E3D2E3680BB93034F9E72946384678
:104AC00098470028D9D0284617F0C7FE0028F3D110
:104AD000D3E700BF7C1C0020D02602000027020084
:104AE0002DE9F041C37804468BB900F17E06114BE5
:104AF0001D687DB12C3D04F170076B691BB13A460E
:104B0000314620469847ED6A25B12C3DF5E700F186
:104B10007706ECE7084D094F04F17008BD4201D358
:104B2000BDE8F0816B691BB142463146204698478B
:104B30003035F3E77C1C0020D0260200002702005D
:104B4000F8B5437A05468372164618F0E8FD0D4B1A
:104B50001C684CB154F8143C2C3C1BB1324628461E
:104B6000697A9847E46AF4E7074C084FBC4200D3DF
:104B7000F8BDA3691BB132462846697A984730349C
:104B8000F4E700BF7C1C0020D026020000270200B2
:104B900038B505460C460F480121FFF7E5FBC0B1CB
:104BA000057223680367A388A0F87430A37980F89E
:104BB00076300123437283728370074BC0F8B030A4
:104BC000064BC0F8B430064BC0F8B830054BC0F8FF
:104BD0008C3038BDF80C0020C55000009FCE01007D
:104BE00093CE01001800280070B505460A480E460D
:104BF00018F0DAF9044620B18378012B04D0FFF7CE
:104C0000E1FB0024204670BD3246294618F0CEFA5A
:104C10000028F7D12046F2E7F80C002038B504460A
:104C2000134818F047F9420702D46FF00A0038BD64
:104C3000084617F012FE10B96FF01500F7E7FFF7FE
:104C4000D1F80028F1D10A4818F034F90306C0F36E
:104C5000C0150AD418F0DEF80028EDD02146284609
:104C600018F0C4FA0028E2D0E6E76FF07700DEE73C
:104C7000D4000020F8B505460E480E46174618F039
:104C800093F9044620B18378012B03D0FFF79AFBF8
:104C900000240DE036B13246294618F087FA08B9EB
:104CA0002046F3E7637BBB42FAD1237AAB42F7D1CC
:104CB0002046F8BDF80C0020F8B505460E460C4B12
:104CC0001C6844B154F8083C2C3C13B131462846CA
:104CD0009847E46AF5E7074C074FBC4200D3F8BD9C
:104CE000636A13B13146284698473034F5E700BF70
:104CF0007C1C0020D026020000270200F8B50546E3
:104D00000E460C4B1C6844B154F8043C2C3C13B1C7
:104D1000314628469847E46AF5E7074C074FBC42FE
:104D200000D3F8BDA36A13B1314628469847303402
:104D3000F5E700BF7C1C0020D026020000270200FF
:104D40002DE9F04105460F4614469846002B5DD0EC
:104D50001146FFF763FF064600283CD1214628464E
:104D600018F0FAF90446002853D097E80F002A4DAE
:104D700005F1080C8CE80F00AB8A002B08BF4FF43C
:104D80009673AB822B8A03B9AB892B826B8A03B9EA
:104D9000EB8922486B8218F08DF8430501D5FEF7A8
:104DA000FDFA95F8292195F828319A4216D9032160
:104DB0002046FFF753FB0220FEF786FE054610B3A0
:104DC000022018F049F820460021FFF747FB204653
:104DD000FFF7F8FA2E463046BDE8F0810221204662
:104DE000FFF73CFB204617F0D0FD054658B10021E7
:104DF00020462173FFF732FB2046FFF7E3FA03203A
:104E0000FEF762FEE6E7C8F80040E4E76FF015063B
:104E1000E1E76FF00B06DEE700000020D400002081
:104E200038B5044608460D4617F017FD38B3154B44
:104E300093F8D830990707D4E37873B12946204610
:104E4000BDE8384018F024BD94F898309A07F3D59F
:104E5000201D18F02FF84304EED42946204618F000
:104E60003AFA58B92B88A4F88C306B88A4F88E30A5
:104E7000AB88A4F89430EB88A4F8963038BD6FF076
:104E80001500FBE700000020F7B510F8333C04469E
:104E9000A0F140060BBB304618F0A3FB2C4B1D685D
:104EA0004DB155F8283C2C3D1BB1304614F8341C4C
:104EB0009847ED6AF4E7274D274FBD4205D33046AA
:104EC00003B0BDE8F040FFF77DBA6B681BB1304618
:104ED00014F8341C98473035EFE710F83E3C012BAE
:104EE00034D110F83D3C63B9FDF7A2FF69302DD1F4
:104EF00040F239120023204603B0BDE8F04014F020
:104F000017B9A0F13C05D5E8EF3F23F40052C5E8FE
:104F1000E12F0029F7D19B0410D5E36C694600937B
:104F2000636D30460193FFF77BFF38B9D5E8EF3F5B
:104F300023F48053C5E8E23F002AF7D1D5E8EF3FDC
:104F400043F40063C5E8E23F002AF7D103B0F0BDA7
:104F50007C1C0020D02602000027020038B517482C
:104F60001BF0D3F80024164D2946144801341BF0D9
:104F7000FAF8402C05F10C05F6D119F033FA02F0DD
:104F800091F90446B8B903F077F8044698B918F0D7
:104F9000A0FC0C4818F008F8054660B1043017F082
:104FA00089FFC30704D5032128462C72FFF756FA60
:104FB0002846FFF707FA204638BD00BF60060020EC
:104FC0007C190020F80C0020054A1078013010F000
:104FD000FF000ABF0123034618461370704700BF45
:104FE0001E8E0020044B186818B9044A5A600B60E2
:104FF00070476FF00B007047D00D00200C2A0200A4
:1050000070B5D0F89820044600F170032AB1FCF77F
:10501000A3FE104909588A4215D0184604F1A00190
:105020001BF0BFF904F1580600220023304613F0AC
:10503000DDFD054658B9206C20B1FDF7E5F9256482
:10504000A4F8445070BD18461BF098F9EAE7FDF744
:10505000DBF9E9E70800000070B5044652EA0300F6
:1050600008D0FCF779FE074D074ED5F88050305830
:10507000854201D1002213462046BDE8704004312C
:10508000FFF7C8BA5817002008000000F8B50F460F
:10509000002106280546164609484FF224424FF0E3
:1050A000000318BF0846FFF7D7FF044630B10421BC
:1050B0000C3017F090F80570477046802046F8BD18
:1050C000000700202DE9F0470E469046D0F8BC407E
:1050D00044B1C03C236B5BB9206818F0A8F9D4F840
:1050E000C040F5E7FDF766FD00252846BDE8F087DE
:1050F00004F1300948461BF04BF805460028F1D072
:1051000017F0C1F90028EFD1D4F8C43073B9A38CDB
:10511000403B9BB23F2B09D804F12C0018F069F9F1
:10512000002803DC206818F082F9DDE7284617F034
:1051300015F8D4F8C43005469BBBA38C078A403BC6
:105140009BB23F2B03D8238D9F4228BF1F460421CB
:1051500005F10C0017F056F80780A38C0437438044
:10516000A38CC4F8C470403B9BB23F2B19D804F108
:105170002C03184618F03DF9002840D1184618F0C5
:1051800038F970B904F11001D1E8EF3F23F00103C1
:10519000C1E8E23F002AF7D16368DB690BB1204622
:1051A0009847D4F8C470BE421ED3B5F810A0574536
:1051B00006D100220023484613F018FDFDF724F91C
:1051C000A38CA3F140023F2A06D857451ABF0022FC
:1051D0001346104AEB61AA61206818F028F9236B86
:1051E00013B1204618F00BF9D4F8C4309E422CBFFE
:1051F00000269E1BC8F80030C4F8C46075E7421E44
:10520000D3E8EF1F814203D1C3E8E72F002FF7D186
:10521000B4D0AEE7CDD7010070B58B8A05460C46F9
:105220002BB94021284618F0DEFA18BBA1820023D2
:1052300004F11001D1E8EF0FC1E8E63F002EF9D1EB
:10524000C4E91033C4F8C030C4F8C43004F1080114
:1052500005F1340018F068F810492560E26004F1A7
:1052600070001BF07DF8A38A403B9BB23F2B07D90F
:10527000012004E0013189B28029D3D1002070BD22
:10528000074904F148001BF00FF804F158001AF028
:105290003CFF012384F86830EAE700BFB3D5010082
:1052A00077DA0100F7B505461B4C1C4FBC4201D311
:1052B00003B0F0BD2188284618F0C5F96368019055
:1052C00001A928469847002824DB019E2388002254
:1052D00031462846B382B384FFF79EFF0028E7D00B
:1052E00006F130001AF011FF019843681B6803B102
:1052F0009847019B1033D3E8EF1F41F00101C3E849
:10530000E21F002AF7D101984368DB6913B100F16D
:10531000100198470834C9E7B8260200D0260200D9
:10532000054A0346106830B130F8082C08389A4214
:1053300001D08068F7E77047901C002070B50C46DC
:1053400015460646002844D0437B072B41D119B9A6
:105350006FF01505284670BD91F86E30042BF7D814
:1053600013B9012381F86E306B1EFE2BF0D8204656
:1053700018F0B4F8204618F08AF821463046184A4A
:10538000FFF74AFF40B3A4F86A5094F86E10737A9E
:105390008B420FD2304617F0A4FE054688B9103470
:1053A000D4E8EF3F43F00403C4E8E23F002AF7D11A
:1053B0000025CFE72046FBF7E3FB0028F8D06FF08D
:1053C0000B053046214618F0DEF8204618F097F815
:1053D000C0E76FF07F05BDE76FF00B05BAE700BFD0
:1053E0000150000030B5026C0446108A0D4685B0AD
:1053F00060B1138B298A0144B4F84400814207DD6F
:10540000204605B0BDE8304018F064BA0346F1E725
:1054100001331383214B002202930023CDE90023A3
:105420000394EA68298A206CFDF70CF82B8A80B275
:105430008342E5D1256CB4F844302A8A9A420BD2D3
:1054400004F11C0017F0D5FF28BB0121204605B050
:10545000BDE8304018F011B900232364A4F84430AB
:105460006368294620465B69984700280ADA773046
:1054700011D0204618F02EFA284605B0BDE830407D
:10548000FCF7C2BF94F86830032BF5D10121204608
:1054900018F0F3F8F0E705B030BD00BFDDD3010030
:1054A0002DE9F04F0B8A0646032B0D4687B065D9D0
:1054B000042105F10C0016F0CAFEB5F810B04388BF
:1054C0005B455BD14478002C58D00378013B152B09
:1054D00000F22682DFE813F0D7012402240224021E
:1054E00024026201990124022402240224022402DB
:1054F00024022402240224022402E50152001600A0
:10550000DD00B301BBF10A0F38D1EB6821461A88E0
:1055100015200292B3F802A036681FFA8AF20392AD
:10552000B3F804801FFA88F20392B3F806901B893F
:105530005A460393FFF7AAFD1FFA89F50746E8B11B
:1055400059460C3016F047FE002303604360038188
:105550001FFA88F3162B044614D84FF00B0B39466C
:105560003046A4F808B018F077F838B9BBF1000F4E
:1055700004D1049843681B6803B19847002007B022
:10558000BDE8F08F4FF6E671A5F117039BB28B4291
:10559000E3D80298FFF7C4FE054610B94FF0020B9E
:1055A000DDE7737A8178994207D81FFA8AF3403B86
:1055B0003F2B0CD94FF0090BD1E7012B04D8304613
:1055C00017F038FD002861D14FF0050BC7E73046D2
:1055D0001FFA8AF118F037F804900028BFD1294645
:1055E00030466B6804AA9847002815DA10F10C0FB2
:1055F0000FD010F10B0F07DA10F1860FCED00D305F
:10560000ABD14FF0060BAAE70130A6D14FF0070B44
:10561000A5E74FF0040BA2E7DDF810B0DBF804308B
:105620005A699B6A003AB3FA83F318BF01225B09F7
:105630009A4292D1AB7858468BF86E3017F04EFFF5
:105640005846ABF824A0ABF82890ABF8268017F0AA
:105650001EFF3046B54A0499FFF7DEFD0028D8D07A
:105660005846039917F0F0FE03222B88ABF86A30F6
:10567000049B4FF0000B83F868209A8A22801A8BD3
:10568000A280DA8A6280DB69E38068E74FF0080B6A
:1056900065E7BBF10A0F7FF471AFEB683668B3F8CA
:1056A0000290B3F800A01FFA89F20292DA88B3F8E8
:1056B000048002921D891FFA8AF7082D1FFA88FBC1
:1056C0002DD840F22113EB40D90728D500232146DD
:1056D0001422304617F042FE044600283FF44EAF35
:1056E00070301AF04BFE0023052DA4F86C302BD03F
:1056F000082D29D0002D4DD1403F3F2F0AD81FFA49
:1057000089F3162B06D94FF6E672ABF117039BB25D
:10571000934206D93B21304617F05DFC2EE701236A
:10572000D5E7032384F868306368A4F824A0A4F8BC
:105730002690A4F828801B680BB120469847204685
:10574000029917F081FE19E7274657F8103B3846B3
:1057500017F04FFE420719D4052D5B7A11D0012BAB
:1057600014D80221206817F0BCFC00280EDBD7E813
:10577000EF3F43F00403C7E8E23F002A3FF4FEAEE8
:10578000F5E7032B02D86A4AD15CEBE721463046A5
:1057900017F0F9FE204617F0B2FEEFE6BBF1040F5A
:1057A0007FF4ECAEEF6836683988304617F0F6FDC6
:1057B000054688B90222BB78F97843EA0123ADF89F
:1057C00010303B88CDF800B0ADF8123004AB214664
:1057D000304617F0D7FFD1E621465A460720FFF79B
:1057E00055FC044600283FF4C9AE59460C3016F06B
:1057F000F2FCAB8A0380AB8C4380284617F07FFE17
:105800002146304617F028FFB8E6BBF1040F7FF4BD
:10581000B5AE36680023062221463046ED6817F003
:105820009DFD00283FF4AAAE6B88818A99427FF4DF
:10583000A5AE304617F0B2FD0028ACD19EE6BBF114
:10584000040F7FF49BAEEB681988A1F140023F2A58
:105850003FF694AE5A88002A3FF490AE306817F0B5
:10586000F2FE034600283FF489AE2C3017F0C1FD4C
:105870001044B0F5803F03DB184618F02BF87DE6A6
:10588000114618465DE7356801234FF480722146C2
:10589000284617F063FD00283FF470AE17F02FFE86
:1058A000F2E7BBF1080F7FF469AE3668737B072B14
:1058B0007FF464AEF3781BB100231A46009386E7A9
:1058C000EB6821461A881320ADF810205A88ADF8ED
:1058D00012209A88ADF81420DB880222ADF8163029
:1058E000FFF7D4FB044600283FF448AE04A9304635
:1058F000FFF7BAF80546022104F10C0016F06BFC24
:1059000085F00103DBB203802146304617F0A4FE88
:10591000002D3FF433AE304604A917F0DCFC2DE631
:10592000002300931A462146306852E701500000D8
:10593000CB43020070B504460D4611B96FF0150057
:1059400070BD0028FAD00B7A012BF7D1036883B31E
:105950005B7B072B2DD1103017F04BFD83072BD429
:10596000A38CA3F140023F2A19D8098AE38C8B4209
:1059700025D32B7A012BE1D1EB686A699B1A0A2B9C
:10598000DCD905F10C0016F045FC294604F1300085
:105990001AF0E9FB204617F032FD0020D0E7013B6A
:1059A0003E2BCBD823462046BDE87040054A17F071
:1059B0002CBE6FF07F00C3E76FF06D00C0E76FF0A3
:1059C0007900BDE7E7D3010023281FD81A2804D89F
:1059D000431E182B0ED906207047A0F11B03082B7D
:1059E0001ED8DFE803F0051D1B231D19251D05002A
:1059F0000320704701230F4A83401A40C2B90E4A60
:105A00001A40002A0CBF06200120704700F07F03D7
:105A1000522B05D1002070470120704705207047A8
:105A200010F0400F14BF002006207047042070477C
:105A300002207047AAAA8A02545545012DE9F74F62
:105A4000054608468946FCF73FFC18234343264F8A
:105A50000446FA189168D9F80C60019105F1D0005C
:105A6000D0E8AF0FC1073CD5D9F80C000078107111
:105A70000022FA503378D22B0ED12B684946186891
:105A800019F049FB40B101904846FCF7BDFC019B71
:105A9000184603B0BDE8F08F18235C430023494645
:105AA0001A4607EB040805F10800D9F80C60D9F88C
:105AB00014B0B9F810A0C8F8085017F0A6FD0346B6
:105AC0000028E5D0D9F81420A6EB0B0612FA86F6CA
:105AD000019AC9F80C60A9F810A0C8F8082038513C
:105AE000D6E76FF01503D3E7A01C002070B50E4673
:105AF000C38DC18B01328B4228BF0B469A420546AB
:105B000031D83046FFF760FF6FF01403034113F004
:105B1000010310D0FCF720F9144B1958144BD3F89B
:105B2000803099421DD0134B1B685A1A18BF4FF092
:105B3000FF32134600E0104A00211048FFF78CFAAC
:105B4000044660B1FCF7C0FB18220D4B012102FB9B
:105B5000003304F10C009D6016F03DFB06702046FA
:105B600070BD0022E5E70024F9E700BF080000004F
:105B700058170020A02200201C4E0E009406002082
:105B8000A01C0020A0F1080101481AF0EDB900BFE7
:105B9000E4050020F8B50F4A074600230E480E46DC
:105BA00016F0ADFA044690B100F10C050921284623
:105BB00016F006FB2046FCF787FB1822074B012155
:105BC00002FB003328469F6016F005FB0670204656
:105BD000F8BD00BF1C4E0E0094060020A01C002043
:105BE00008B5EFF31181202383F31288BFF36F8F81
:105BF000002303600C4B5A689AB9C3E9000081F393
:105C00001188BFF36F8F094813F0EEF9002807DA07
:105C1000002383F31188BFF36F8F0323184602DF3D
:105C200008BD10605860EAE7981C0020C0030020FF
:105C30007FB5CB6804461D888DB15E8876B1AE42D3
:105C40000DD31022002168461BF05AFF0521204683
:105C5000FFF7A0FF019058B9112007E03546012356
:105C60002A460421204618F0F4F8002004B070BD44
:105C70006B4631462846084A009418F007F9DDE9DA
:105C8000011323B90846FCF7BFFB0A23E8E72046C7
:105C900018F00AF8E9E700BFC5DC010010B50446BA
:105CA00000F1C803D3E8EF1F41F00101C3E8E21F90
:105CB000002AF7D1A4F1080018F060F804F1E00020
:105CC00003491AF04DFB2068BDE8104001F078BA96
:105CD000E9E30100F0B51D46036804460E4685B0B1
:105CE00001211868174618F059FF38B904F1D0009F
:105CF00018F0F0F850BB122005B0F0BD65B31022CB
:105D0000002168461BF0FCFE39462046FFF742FFA3
:105D1000029018B3BDF828302946ADF804300123AD
:105D200028468DF80C300E4A6B46009418F0AEF8F9
:105D30009DF80C3002995BB10846FCF765FB2A46DA
:105D4000314620469DF80C3018F083F80020D3E748
:105D5000204617F0A9FFF9E70120CDE71120CBE796
:105D600069E201002DE9FF41036804460D46186809
:105D7000012118F013FF40B904F1D00018F0AAF87F
:105D8000A0BB122004B0BDE8F081102200216846BB
:105D90001BF0B6FE0F212046FFF7FCFE029038B341
:105DA0004FF00108009405F10C072B8A012B04D851
:105DB0002046029917F078FF18E0384616F057FA97
:105DC0006B4601460B4A06468DF80C8018F05EF8CB
:105DD0009DF80C30002BE8D00298FCF715FB3246FA
:105DE0000E2120469DF80C3018F033F80020C9E74A
:105DF0001120C7E769E201002DE9FF41036804466D
:105E00000D461868012118F0C9FE40B904F1D00010
:105E100018F060F8A0BB122004B0BDE8F081102299
:105E2000002168461BF06CFE21212046FFF7B2FEE0
:105E3000029038B34FF00108009405F10C072B8A4B
:105E4000012B04D82046029917F02EFF18E038469F
:105E500016F00DFA6B4601460B4A06468DF80C808B
:105E600018F014F89DF80C30002BE8D00298FCF7DD
:105E7000CBFA3246202120469DF80C3017F0E9FF7E
:105E80000020C9E71120C7E7E5E101002DE9F04353
:105E90000F460446062187B007F10C0016F0D7F92B
:105EA0000588EDB1B0F80280B8F1000F17D0A84511
:105EB00016D3002382888DF800308DF804304FF41B
:105EC0002053684601A9D7F80C90ADF80220ADF830
:105ED000063016F01BFA064660B10A2301E045467B
:105EE00001232A460621204617F0B3FF002007B001
:105EF000BDE8F0830146142201A83F7C1BF000FEA0
:105F000007212046FFF746FE0290D8B10A234146FA
:105F10008DF81530284601AB0B4ACDE90369019491
:105F20008DF8147017F0B2FF9DF8153002992BB15F
:105F30000846FCF769FA9DF81530D2E7204617F0BD
:105F4000B3FED3E71120D2E799DF01002DE9F0413C
:105F50000E8A0446043EF6B2022E08468CB001D0EA
:105F6000102E76D104210C3016F071F90DF10408D1
:105F700005884788011D3246404616F0F4F900288E
:105F800069D085B377B3BD422DD80121A06818F040
:105F900005FE064678BB42F602038DF8000069460E
:105FA0004046ADF8023016F0B1F920B342F60303D3
:105FB000404606A98DF81860ADF81A3016F0A6F91B
:105FC000C8B1012D03D14FF6FF739F4213D004F1E6
:105FD000D00017F07FFF002814BF002012200CB063
:105FE000BDE8F0813D4601232A460821204617F0EE
:105FF00030FF0020F3E7182200210DEB02001BF018
:106000007FFD09212046FFF7C5FD0890F8B1012169
:106010000C30CDE9064816F0DEF800230990037035
:106020000A2339468DF82C30284606AB0B4A17F068
:106030002DFF9DF82C3008992BB10846FCF7E4F9A8
:106040009DF82C30D0E7204617F02EFED1E7112026
:10605000C5E70420C3E70E20C1E700BF5D63000071
:106060002DE9F0410E8A0446043EF6B2022E08469F
:106070008CB001D0102E64D104210C3016F0E7F85A
:106080000DF1080805884788011D3246404616F084
:106090006AF9002857D0A5B300268FB3BD4230D887
:1060A0004FF42053404601A98DF80460ADF8063046
:1060B00016F02CF948BB1422002107A81BF020FD84
:1060C00011212046FFF766FD0990002837D00121F5
:1060D0000C30CDE9074816F07EF800230A903946C7
:1060E00003701A4A0B93284607AB17F0CFFEDDE981
:1060F00009131B78FBB90846FCF786F90A2301E06F
:106100003D4601232A4610210EE042F60103404697
:1061100007A98DF81C60ADF81E3016F0F7F80028BE
:10612000C9D010232A461946204617F092FE0020B7
:106130000CB0BDE8F081204617F0B6FDF7E711205E
:10614000F6E70420F4E70E20F2E700BFA5620000A6
:10615000F0B51D4603680E460039044618BF0121FC
:1061600087B01868174618F019FD40B904F1D0003F
:1061700017F0B0FE002844D0002007B0F0BD002D7D
:1061800041D01822002168461BF0BAFC47BB2368A7
:1061900029461B68284600930023ADF812300C9B5B
:1061A0001A4A0393BDF834308DF80860ADF810300A
:1061B00001238DF814306B4617F068FE9DF81430FB
:1061C000C3B1002FD8D00198FCF71EF9002ED3D010
:1061D0002A46122120469DF8143017F03AFECBE7EC
:1061E000002213212046FFF781FC01900028CED128
:1061F0001120C2E701990029BED0204617F054FDB6
:10620000BAE71220B9E70120B7E700BF37DC010089
:106210002DE9F0410B8A04460D46002B3AD0066862
:10622000012105F10C0016F012F8737B0746072BCD
:1062300030D154F8083C6BB300230178184E083C69
:1062400016F833004FEAC308884206EBC30211D1A7
:10625000298A5378994220D3536829462046984783
:1062600003464644B278012A14D19BB1397889B1EA
:1062700000220CE001330C2BE2D10846FFF7A4FB0F
:106280002122C24012F0010204D119B10623204696
:1062900017F0DFFD0020BDE8F0810423E1E700BF37
:1062A0004C2A02002DE9FF414FF000084FF4205323
:1062B00005460E46006802A9144617688DF8088046
:1062C000ADF80A3016F022F8A0B142F601032868B2
:1062D00003A98DF80C80ADF80E3016F017F848B110
:1062E00023691BB15A88B24200D25E80012004B0FB
:1062F000BDE8F0816168286816F008F810B1002345
:106300002361F3E7E368A0681A786AB1B7F82EC092
:10631000F98B038A8C4594BFC3EB0C03C3EB0103D9
:10632000934201DA0020E2E704210C3015F053FF1C
:1063300020610680236929465E80074B0194009303
:1063400038460023A26817F0C4FE0028EADB206963
:10635000003818BF0120CAE733DE01002DE9F347FA
:10636000176805468946006851681446D7F808A0A2
:1063700015F0CCFF804600284BD195222946504687
:1063800018F007FB0646207540B1E3681B780BB197
:1063900084F81480002002B0BDE8F08729465046FA
:1063A00018F039FC10B908232375F3E7A0682675A7
:1063B00015F0D8FE02210C3015F00DFF164B2061B0
:1063C000A0F8009000930194334629463846A2680D
:1063D00017F07FFE002807DA10F1FF0F32BF0E2002
:1063E0004042C0B22075D5E72369002BD2D0A06807
:1063F00017F0A4FBFB8BFA8D9A4294BFC0EB02000E
:10640000C0EB0300E3681B78984294BF0020012092
:10641000C1E70120BFE700BF4DDB0100F7B5002356
:1064200004460E4600226946284812F0EFFA054657
:10643000D0B9FBF791FC264B29461A58254B0098FA
:106440001A6024221BF05CFB009B00221C60009C55
:106450000023C4E90155C4E907551F4801A9019566
:1064600012F0D4FA054620B16FF00B05284603B0B0
:10647000F0BD01464FF4907201981BF041FB01986A
:10648000164BC360D83019F040FE019BD033D3E8DF
:10649000EF2FC3E8E15F0029F9D1019B1C60E3699C
:1064A000019F1BB904F10C0019F02FFEE26907F5FA
:1064B0008C73C7F81821226AE36102B9236217229C
:1064C000019BDA85DA8308333360CFE7C805002003
:1064D00008000000A0220020E40500209403002012
:1064E0002DE9F74F0646EFF31187202383F3128837
:1064F000BFF36F8F414C204617F016FB236805460B
:10650000009387F31188BFF36F8F002860D0FBF7EB
:10651000DBFE182202FB00F33949C81851F803B01A
:1065200003690021D0E90247019390F80480B0F894
:1065300006A01BF0E5FAA87AFBF7BEFE6969814662
:1065400051B16A7AD00705D4D9F81C2028461268C0
:106550009268904700226A612946484619F00EFE6B
:10656000B8F1000F24D01CB323680BB31B68FBB138
:10657000BBF1000F1CD104F1080017F0A5FE404646
:10658000FFF722FA052813D8DFE800F025031225CB
:10659000120304F1D003D3E8AF3FDA0708D5D4F8EB
:1065A000D4302BB10023174A04F1E80012F0C0FDEB
:1065B000009B6BB13146002019F0A1FE002807DADC
:1065C000002383F31188BFF36F8F0323184602DF84
:1065D00003B0BDE8F08F54F8D03B1D68D4E8AF3F5E
:1065E000DB07E5D5002FE3D0002403E0284601991E
:1065F000B8470134A3B25345F8D3D9E7981C00201B
:10660000A01C00201C4E0E0007B50B4600210246C0
:10661000FBF7A2FB01910E4909580E480068884219
:1066200004D00D48D0F88000884201D100221346E2
:1066300001A90A4812F0EAF9014638B91C2201986A
:106640001BF05EFA019803B05DF804FB0020FAE746
:1066500008000000A022002058170020000600209B
:1066600010B50446806818B1FBF7CEFE0023A36086
:106670002146BDE81040014819F076BC0006002014
:106680002DE9F7430446E8300F4690461E4619F0C0
:1066900075FED4F8D40050B904F1080000F02AF8CF
:1066A0001321A06803B0BDE8F04316F094BC104B72
:1066B00098424FF0000319D045684360D4F8D400E5
:1066C000D0F81890FFF7CCFF00232068C4F8D4302E
:1066D00017F07DFA3DB12068CDF8009043463A4668
:1066E00031460068A84703B0BDE8F0831D46EBE7DC
:1066F000A4220020F7B550F8084C0546002C57D0CE
:1067000000F5887104F11C0017F0CBFBA5F1080619
:1067100005F1D00700220023384612F067FA02463E
:1067200060BBD5F8CC302BB101466FF06703304623
:10673000FFF7A6FF002345F8083C05F1C803D3E89E
:10674000EF1F21F00101C3E8E21F002AF7D1E3693E
:1067500073BB04F10C0600220023304612F046FA07
:1067600078B9666886B921461248266019F0FCFBA4
:10677000286803B0BDE8F04000F070BDFBF744FEB0
:10678000C8E7FBF741FEE6E7A2683368964263601C
:1067900008BFA36077683FB1B3696FF067010093EA
:1067A000002320681A46B8473046FFF759FFD8E75C
:1067B00003B0F0BDC8050020F8B51D460F461646CB
:1067C000FBF782FD1823044C03FB00400123C0E9C2
:1067D0000376C3800575F8BDA01C002038B50546BA
:1067E00048B1154B1A4613F8011C5C1E16F0DEFC6E
:1067F00058B1204606E011490F4817F0D9FE78B18C
:106800000D4B581E38BD0020FCE72846217C04F1C2
:10681000110216F0CBFC0028F5D004F11000F1E7CE
:10682000054B064903F1100017F0C2FE0028EAD01C
:10683000014B03F10F00E5E7D922002016430200C7
:1068400070B50E4C054623780E46834203D1601C7A
:1068500017F0AEFE68B9237BAB420CD13146084835
:1068600017F0A6FE20B10120404200F00C002044A9
:1068700070BD0020F8E70020FAE700BF748B00200D
:10688000818B002070B54A1C0C46054688B910461D
:106890000D4917F08DFEA8B904F10A0604F10B02A8
:1068A0005DB12846A17A16F081FC00B90026304679
:1068B00070BD097816F07AFCEDE71046024917F032
:1068C00077FEF2E72646F2E716430200024608B5D5
:1068D0000749013017F07FFE00230C3202F8043C18
:1068E000D2E8EF1FC2E8E03F0028F9D108BD00BFA1
:1068F000164302002DE9F04180460F4616461D461C
:10690000FFF79EFF044648B90E49FFF799FF04467A
:1069100050B1394600F8018B17F05DFE23892BB981
:1069200062892AB926816581BDE8F0819E4204D33F
:106930006289AA42F8D29E42F5D263892681AB428F
:10694000F2D2F0E7164302002DE9F047284B164635
:10695000826807469A422BD1C568AB8A43B34FF091
:1069600000086C1C05F11509B4F807309BB12246EC
:10697000304614F8011C16F019FCE0B9214614F851
:10698000010CFEF731F930B1437B072B08BF48F00B
:106990000108FDF717FD0A344C45E5D1B8F1000FA9
:1069A00006D1AB69A5F8148013B141463846984723
:1069B0000120BDE8F08706F1700A5146307A15F0E3
:1069C000DBFF78B90B4B9D4202D1304617F09BFE9E
:1069D0002046094917F0FFFD002304F8013CA4F804
:1069E0000730D8E75146204617F0F5FDD3E700BF42
:1069F000FD690000E8030020164302002DE9F8437A
:106A00001E46BDF8203081460F46D1F80C80002B81
:106A10003DD1731E012B3DD8012E41460CBF157888
:106A20001588FFF72FFF044680B915B93046BDE839
:106A3000F8834146FFF726FF044670B309F1700161
:106A4000013017F0C8FD99F808302370D8F81C30D1
:106A50008BB92581B8F81430AB4203D04146384693
:106A600017F0C0FD002DE1D10D49601C17F0B3FDFA
:106A700025702581DAE72A46394648469847002896
:106A8000D5DB01380128E4D96FF00D00CFE76FF0B6
:106A90000600CCE76FF00C00C9E76FF01000C6E706
:106AA0001643020010B504461048D0E8EF3F23F02B
:106AB0000203C0E8E23F002AF7D1D0E8AF3FDA078F
:106AC00004D500220023303812F032FB204617F0A4
:106AD0002EFD50B12046FFF781FE30B1037ADB076F
:106AE00003D5BDE8104017F087BE10BD480F002049
:106AF000012110B5144817F063FDC30723D4022108
:106B0000114817F05DFD084007D11049104A0B8865
:106B1000104CA24211D300B10B800F490F4819F05D
:106B20001FFC40F2391200230C48FBF759FDBDE869
:106B300010400B490B4819F013BC5068083203444D
:106B40009BB20120E5E710BDF82200208C8B0020CD
:106B50000027020010270200916D0000A80E0020FF
:106B6000696F0000180F002003462DE9F04148B17D
:106B7000008A38B901244FF0140C1149DFF844E0C1
:106B8000714501D3BDE8F081D1E90076BB4204D361
:106B90000CFB0672143A93420ED93444A2B2144646
:106BA0000831EDE70CFB0578434507D00135621944
:106BB000AE4292B2F6D1F2E70025F8E71046E1E7DF
:106BC00000270200102702002DE9F74F99464FF6E3
:106BD000FF73BDF830500746002D08BF1D46244BFB
:106BE00090461B88009183423CD203B0BDE8F08FF1
:106BF00073682344BB4232D29CB208361D4B9E427E
:106C0000F6D3F2E740468958019315F07FFB019BCC
:106C100090B101340AF1010AA4B273685345ECD96A
:106C2000009B9C42E1D8BC42F3D30BFB0AF23168D3
:106C30008B18B8F1000FE5D1B9F1000F0BD1013D70
:106C40001846ADB221460E9A0D9B9847002DCCD028
:106C50000028DED1C9E7DA689145DAD1EFE74FF0D5
:106C6000000ADAE701244FF0140B034EC6E700BF19
:106C70008C8B0020102702000027020010B59EB068
:106C80001022002168461AF03BFF142200210DEB70
:106C900002001AF035FF4FF41053ADF81030802386
:106CA0001022ADF812304FF480631C4C6946CDE9D8
:106CB00006340DEB02001CAB19F0A5FF014658BBD2
:106CC00048220AA81AF01CFF22461C990AA81AF0AA
:106CD00089F808BB4FF6FF710120114A0AAB17F083
:106CE0004DFE10220F4904AB0AA81AF099F8044689
:106CF0001C9819F0BEFE7CB908220A4B03F1100162
:106D0000187811F8014D013A03F8014B0870F7D1DA
:106D10000821054817F054FC1EB010BD0002C00346
:106D200053E70100980E0020480F00202DE9F041A4
:106D300014490646A1F1300014461D46BDF81870EE
:106D400019F02FFB104BD3E8AF3F190701D4FFF721
:106D500095FF3046FFF742FD50B1037ADA0707D5B9
:106D60000C30D0E8AF3FDB0702D4022117F028FC3B
:106D700010233A46069329462046BDE8F041034BCE
:106D800017F054BCD80E0020480F0020980E0020A9
:106D9000034BD3E8AF3F1B0701D4FFF76FBF70472A
:106DA000480F0020002307B50193FFF7DDFE411CCB
:106DB00089B20846034A01AB17F0E0FD019803B021
:106DC0005DF804FB75E501002DE9F8431546894699
:106DD00094226968064617F0DCFD8046002841D100
:106DE00002223046696817F00FFE00283DD00021CE
:106DF0001F48AF8AFFF708FC0237044680B11D2107
:106E00001C4B47613A464174C0F80C804360856171
:106E1000304617F0C0FA074638B92046FFF720FC85
:106E20006FF00B052846BDE8F88301234246414632
:106E3000FFF7C2FCA98A07F10C00023115F0CBF96B
:106E400020F8029BAA8A29691AF034FE21463046AE
:106E5000A76017F04FFB05460028E3D02046FFF758
:106E6000FFFBDFE74FF0FF35DCE76FF01505D9E7F3
:106E70001C4E0E007BE5010070B504460D468AB03D
:106E8000364BD3E8AF3F5A0761D510B1437B072B90
:106E900060D16E6830460596FFF766FE2A68ADF849
:106EA000180032B305A902912D4900230191012157
:106EB00000914FF6FF710593FFF786FE059E1EB900
:106EC0006FF001000AB070BD6E60002330688DF86D
:106ED000103042F6030304A9ADF8123015F016FA8B
:106EE00070B90598C3689B799B0605D46FF01500AF
:106EF000E8E70028E9D1E3E717F0F9FCADF818005E
:106F0000BDF818003CB1012301462A462046AB7566
:106F1000FFF75AFFD6E76FF07F0307930223ADF820
:106F2000203042F60213ADF8123005ABAC75029377
:106F30000C4B4FF6FF710193012304AA00932346E3
:106F400009958DF81040FFF73FFE0798BAE76FF0FC
:106F50000A00B7E76FF07F00B4E700BFD40000205D
:106F6000A9E50100A9700000034613B550F8082CEC
:106F7000A0F12001019200F13004D4E8EF2F22F0BB
:106F80000102C4E8E02F0028F7D10D4A002043F8A1
:106F90001C2C0C4A23F8080C43F8182C01AA43F8BF
:106FA000102C042223F8060C23F80C2CFFF764FFA6
:106FB00018B90221204617F003FB02B010BD00BF34
:106FC000E82A0200A56A00002DE9F047304B174679
:106FD000826806469A4258D1D0F80C803C6808F185
:106FE000010508F11509B5F80730FBB12A4620461E
:106FF00015F8011C16F0DAF8C0B14FF4957231465D
:10700000204617F0C6FCA8B103280FD0052820465B
:107010000CBF4FF0030A4FF0020A16F097F88245B2
:1070200008D93B79534501D287F804A00A354D456C
:107030002BD0D8E74146304617F0D4FA154B984587
:1070400023D1207A04F17001FFF7FAFB0546E0B185
:1070500003890BB94389C3B12046FDF7CFFA2A89CA
:107060000D4B0E4923F820206A8903EB80035A80D8
:10707000182202FB00110B610423094A20464A60D2
:10708000084A8B828A60FFF7F7FE0120BDE8F0878F
:10709000FD690000E8030020708B0020C022002062
:1070A000E82A020087E801002DE9F84F1446404B1A
:1070B000826880469A423AD1D0F80C903D4B99456F
:1070C0001DD100263C4D28463C4917F071FA78B98D
:1070D0000722294615F8010CFDF7CCFD50BB2369AA
:1070E00029461A6915F8010C53881288FFF702FC2B
:1070F000731C022B4FF0010605F10C05E3D109F1D9
:10710000010709F1150AB7F80720A3899A420BD1A4
:10711000394617F8010CFDF767FD064620B1437BA1
:10712000072B0AD0FDF74EF90A375745EBD14FF040
:10713000010B2AE0FDF746F9DAE7D9F8203023B150
:107140004146984708B93046ECE79422414630461C
:1071500017F01FFC83460028F5D1A389022B17D115
:10716000B7F807309A0720D530462269A188FFF783
:107170002BFE054618B92269937D0133937530467D
:10718000FDF720F9002DA560CEDA5846BDE8F88F4E
:10719000012B0AD1B7F80730DB0706D53046226944
:1071A000A18817F0C4FC0546E9E75D46E7E700BFA4
:1071B000FD690000E8030020758B002016430200E3
:1071C00013B50446009001204FF6FF716B46084A44
:1071D0008DF8040017F0D2FB204615F0B7FF9DF89C
:1071E0000410884202D2204615F07BFF02B010BD89
:1071F000C96F00002DE9F0410D4B06461B680F4694
:10720000904623B153F8044904B1043C0BB9BDE8DE
:10721000F0811B681BB142463946304698472CB175
:10722000656805B1043D23462C46EFE72546FAE79D
:10723000FC22002013B50446009001206B46064A4C
:107240004FF6FF718DF8040017F098FB00212046DF
:1072500017F0A4FC02B010BDC96F000070B5044661
:1072600003464FF6FF7101200D4A17F087FB2046B9
:10727000FFF7B4FA054688B104F170063146207A6A
:1072800015F07AFB20B92846BDE87040FFF71EBB19
:107290003146681CBDE8704017F09DB970BD00BF55
:1072A000496900007FB54FF420520023ADF8162045
:1072B00004AA02920A4A0120CDE900324FF6FF717A
:1072C00005AA04938DF81430FFF77EFC049B012B74
:1072D00014BF6FF01500002007B05DF804FB00BF7D
:1072E0001FEC0100054BD3F8F00020B9044AF0333D
:1072F0005A600B6070476FF00B007047500F002012
:10730000602B0200014608B5054817F0A6FC044BA7
:107310000028A3F1040314BF1846002008BD00BFD5
:10732000540F0020084B00F5F4701A68074BD0E8A2
:10733000EF1F994204D1C0E8EC2FBCF1000FF6D149
:10734000D0E8AF0F704700BF8C1C0020500F00200A
:1073500008B5FFF7E7FFB8B1036843B1426832B13F
:10736000826812B90B4A12783AB904200BE0094A34
:10737000127812B10BB1826842B9426842B9002B4F
:1073800014BF0020032008BD0320FCE70120FAE71A
:107390000220F8E71F8E0020002370B51A4604462D
:1073A000F0300D4616F031F920B12846BDE87040A6
:1073B000FBF72AB804F5DC700023BDE87040014AF1
:1073C00011F0B6BE1C4E0E0038B50446051D08214E
:1073D000284617F0A1FC064904F15700FCF78AFE85
:1073E00020B12846082117F073FC082038BD00BFE3
:1073F0007FF2010070B5051D0E462846042117F0E6
:107400002CFC68B10022002100230846FDF724FE71
:10741000044638B90421284617F07EFC204670BD8A
:10742000034AF0E701210C3014F0D5FE0670F5E7B1
:107430001C4E0E0070B50C210546FFF7DBFF04461D
:10744000F0B140210C3014F0C6FE0E4B02461B6812
:10745000014603F1200053F8046B834241F8046BAA
:10746000F9D1203203F1200153F8040B8B4242F88A
:10747000040BF9D128462146FFF78EFF002070BD8E
:107480000820FCE70423002070B5CD680446EB78A3
:10749000102B01D0062070BD2A7990F8E830D0F882
:1074A000F060134080F8E8306A7990F8E9301340D2
:1074B00080F8E930022303742B68C0F81130AB88E0
:1074C000A0F81530AB781A0706D5037B1B0703D548
:1074D0000521043017F020FCAB78980606D5237BF5
:1074E000990603D51421201D17F016FCAB78DA0796
:1074F00029D5237BDB0726D50D21201D17F00CFC99
:10750000237BE17C2D7803EA0102100704D5E27A9F
:10751000A07C0243D2071AD4042D1AD80B4313F0CF
:10752000040307D02046FFF713FF314B05EB850519
:107530002B441B5C23722046D6F8A01017F093FB57
:1075400048B90320A7E70023A4F8E830D8E70523CB
:10755000F0E70023EEE7D4F8F0309B7A032B14D049
:1075600004D8013B012B1CD9082094E7042BFBD144
:10757000237D627B934228BF1346102B8AD10521BD
:10758000201D17F06AFB0028DBD0237A002BD8D00F
:107590000521201D17F061FB18B9237A013B012B4F
:1075A000CFD9261D0521304617F057FB0028C8D03B
:1075B0002046FFF7B7FE002384F8E83094F8E9305E
:1075C00003F0020384F8E9300A4B1D682DB93046F8
:1075D000062117F0A1FB28465DE720460C2117F095
:1075E0009BFB0B2117F074FBBDE87040FFF722BF37
:1075F000EF4302000423002073B5047A0546022CF1
:1076000023D844B190F8DC30D0F8D840DC4004F006
:10761000010444F0800403212846FFF7EBFE0646F0
:10762000A8B110210C3014F0D6FD00900F4823466D
:10763000006805F1270205F1570117F096FF04468F
:1076400050B13046FAF7E0FE01E0032C02D00820EA
:1076500002B070BD0024DEE731462846FFF79CFEED
:10766000281D214617F034FB2046F1E704230020B3
:10767000F7B504460E46FFF755FE04F157070546D9
:107680003A46F36803F1200153F8040B8B4242F8A9
:10769000040BF9D104F1770203F1200153F8040B34
:1076A0008B4242F8040BF9D13846FCF791FC0028D4
:1076B00035D0201D0E2117F02FFBD4F8F060D6F83E
:1076C000A00008BB307A06F1700100F0E3FCC6F8B8
:1076D000A000C8B9D4F8F030DB783BBB261D0E21E2
:1076E000304617F0BAFA38B9524B2022384619689A
:1076F0001AF00EFA00285FD0237A052B5CD8DFE859
:1077000003F0175D2A175B67438A03F02403002BFD
:10771000E0D0437C9807DDD4032003B0F0BD3846A9
:10772000FCF762FC0028D5D10B20F6E70020F4E737
:107730000321204617F0F0FA3046072117F0ECFA43
:107740000820FFF7DFFD0028F0D1204603B0BDE898
:10775000F040FFF739BE2046D4F8F070FFF7E2FDA5
:1077600004214FF0FF3305460DEB010001930CF0AF
:107770006DF808BB019B304A84F8DC00B3FBF2F1E2
:1077800002FB11330193C4F8D83055B12B6843B1D3
:107790000B21304617F0C0FA38462B68D4F8D810C1
:1077A00098470321204617F0B7FA0E2117F0B4FAD4
:1077B000FFF722FF0028BFD00820AEE70A2130469D
:1077C00017F0AAFA6B68D4F8F00098470E21B0E7DA
:1077D000102104F127000CF039F80028ECD13DB35A
:1077E000EB682BB3154B1B88ADF80430D4F8F030A0
:1077F000DB78DBB9E37AA27C13F0010F0CBF032323
:107800000123D10703D55A1E534253415B008DF823
:10781000053000233046C4E938330C2117F07CFAD8
:10782000EB68D4F8F00001A9984785E70323EEE759
:10783000022072E70423002040420F005427020078
:107840002DE9F047044686B00D46FFF76BFD04F1C5
:10785000370706463A46EB6803F1100153F8040B6C
:107860008B4242F8040BF9D1D4F8F030DD78002DCA
:107870007AD1237A052B33D8DFE803F0300B0B30B5
:107880003265237A052B2BD8DFE803F05D45452CC4
:107890002A5D94F8DC20D4F8D830D34003F00103FB
:1078A00043F08003DFF8C4900DF1080804F1570A93
:1078B000CDF800803A465046D9F8001017F055FE32
:1078C00070B91022414604F117001AF021F900287E
:1078D000D7D00425284606B0BDE8F0870023E1E7AD
:1078E0000825F7E7CDF800803B465146D9F800005F
:1078F00004F1270200F0E0FC0028F1D1201D0A214C
:1079000017F00AFA092117F007FAB3680299D4F8B8
:10791000F0009847DEE794F8DC300133DBB2142B3B
:1079200084F8DC300FD0102104F127000BF08EFF1B
:107930000028D5D10321204617F0EEF906B0BDE8A6
:10794000F047FFF759BE231D0721184617F085F9A8
:1079500020B10921184617F0DFF9BBE7204606B031
:10796000BDE8F04717F0B3BA0525B3E704230020BC
:1079700038B504460D49A0F1F005C83018F0F0FC08
:10798000284617F017FB0A4A04F1F803D3E8EF1F63
:10799000C3E8E02F0028F9D14FF0FF33FC34D4E8DE
:1079A000EF2FC4E8E13F0029F9D138BDC9F3010048
:1079B000500F00202DE9F041054617F047F9044625
:1079C000002800F0CD80071D0421384617F045F946
:1079D000002840F0C8800221384617F03EF9002800
:1079E00040F0B7800321384617F037F918B16FF02F
:1079F0000F00BDE8F0810121384617F02EF900286C
:107A0000F5D12046FFF78EFCD4F8F03006469B7A7D
:107A1000032B15D005D8013B012B1BD96FF01500A6
:107A2000E7E7042BFAD12046FFF792FC032804D1A4
:107A3000002EF3D0F368002BF0D04C4B1B7807E0FE
:107A40002046FFF785FC032804D1002EE6D0F3681A
:107A5000002BE3D0D5F8A0306BB10021F0222046F6
:107A60001AF04EF8102104F127000BF0EFFE70B170
:107A70006FF06800BDE7287A05F1700100F00AFB9D
:107A8000C5F8A0000028E8D16FF00B00B1E7052190
:107A9000204617F041F9FCF71FFB354B0121186018
:107AA0002046FFF7A7FC80460028E1D006210C30D5
:107AB00014F091FB2D4B05461B782046002B14BF7C
:107AC00009260126FFF744FC2A4A0328127818BF2A
:107AD00046F0040604F5F673D3E8EF1F013103D135
:107AE000C3E8E02F0028F7D1D3E8AF3F9BB346F0BF
:107AF00001062046AE70FFF72BFC1F4B28701B7849
:107B000063BB1E4B1B786B701023EB70AB78414648
:107B100013F0010314BF032200222B716A7184F851
:107B2000E8306B79204684F8E930012363722B68D2
:107B3000C4F80A30AB88E381FFF72EFC204602210F
:107B400017F0EAF80B2117F0E7F80321384617F091
:107B5000E3F800204DE706F00C06CAE70123D2E760
:107B60006FF07F0045E76FF0040042E71F8E0020B2
:107B700004230020B4050020208E0020218E002048
:107B80002DE9F341051D0646D0F8F040CB682846A4
:107B9000022117F062F8002853D10321284617F07C
:107BA0005CF800284DD10121284617F056F800282E
:107BB00047D1264A1278002A45D01F78380742D587
:107BC000D4F8A00048B1438A03F02403C3B9204687
:107BD000FFF7F0FE68BB0F2130E004F17008424669
:107BE0002020217A00F096FAC4F8A00040B942465D
:107BF0000420217A00F08EFAC4F8A0000028E6D014
:107C0000790706D5437CDA0703D43046FFF7A0FB9B
:107C1000DDE7438A9B06DAD5037C00F11C02009362
:107C200000F1140100F11E03204615F01AFA002895
:107C300003DA082002B0BDE8F0810121284617F0E0
:107C40006BF80020F6E70320F4E700BF1F8E00204A
:107C5000F8B5D0F8F0400546D4F8A030061D002B4A
:107C60006ED049BB0D21304616F0F7FF374B074663
:107C70001B6823B153F80C6906B10C3E73B9284652
:107C800017F098F9637B072B5ED1627AA37A9A4248
:107C90005AD02046BDE8F84017F040BA1B6813B12F
:107CA0003946204698472EB1F26802B10C3A334665
:107CB0001646E3E73246FAE70139C9B20E2998BF02
:107CC000234A1B7C8CBF0927575C002B31D1D4F889
:107CD000A00017F024FC0023C4F8A0300221304695
:107CE00016F0BBFF48B9072F94BF1A4B1F213A4625
:107CF000204698BFD95DFCF723FF0321304616F0DC
:107D0000ACFF0028BBD0114B1B68002BB7D053F839
:107D10000C6906B10C3E002BB1D05B6813B139463B
:107D20002046984776B1F26802B10C3A33461646BF
:107D3000F1E70221304616F090FF0028C7D1CDE7C9
:107D40000927CBE73246F1E7F8BD00BF841C0020CD
:107D5000E0430200CF430200174B10B50446186001
:107D60004FF0FF324FF0FF33144810F07DFE1448FF
:107D700011F0E4F9114810F0E9FE04B910BD114CFE
:107D8000D4E8AF3F5B06F9D5D4F8EC30043CDB789F
:107D9000002BF3D12046FFF74DFB18B108212046F8
:107DA00017F026FAD4E8EF3F43F48053C4E8E23FEB
:107DB000002AE3D0F6E700BF042300200C040020D3
:107DC00020040020540F00202DE9F0410B8A0446C6
:107DD0000E46B3B3012106F10C0014F038FAA4F1F9
:107DE000F005EC3C07460421204616F036FF40BB68
:107DF00039780E2925D8DFF8508058F8313023B96A
:107E00000721284617F0F4F91BE0284616F071FF09
:107E100030B90321204616F020FF90B10821F0E789
:107E20003B78318A08EBC3021279914201D00A21D2
:107E3000E7E73146284658F833309847014600288E
:107E4000DFD10020BDE8F0818C2B02002DE9FF413D
:107E500090F8E930CF6823F0020380F8E9303B78EE
:107E60000446D0F8F06023B1BB7903F0C003C02B07
:107E70007DD106F1700807223946404619F048FEC8
:107E800088B13946307A00F09DF9054658B101466F
:107E9000204616F0E8FE18B9082004B0BDE8F081CD
:107EA000284617F03CFB0D21201D16F0D6FE0028B9
:107EB0003ED042460220317A17F01DFB05460028CD
:107EC000EAD0F378002B4BD106F17E031878012815
:107ED00027D19A7902F0C002402A22D1D3F801209A
:107EE000C5F83E20B3F80530A5F8423096F870305A
:107EF000BBB196F8763003F0C003C02B11D01E49F9
:107F000001AACDE901870395FCF73CFB3B683046AD
:107F1000C5F80130BB88A5F80530BB79EB71FCF7DB
:107F2000DFFD2846FBF750FA18BB2846FBF75CFA42
:107F300094F8E9305B0703D50A21204616F0ECFEE1
:107F4000F37843B994F8E9302BB9D4F8F030D3F88A
:107F5000A030002BA0D0B4F8E81021B100209CE79D
:107F600006F17703B2E72046FFF772FEF6E70A2034
:107F700093E7032091E700BFF5EF01002DE9F04101
:107F80000546A0F1EC0604460F463046012155F89F
:107F9000F08916F0AEFE002861D0DFB10321304633
:107FA00016F05BFE00285AD03846FAF7E1FD01389A
:107FB000C0B208288CBF00242E4B4FF0020198BF9E
:107FC0001C5C304616F0A8FE21462846BDE8F0416C
:107FD000FFF73EBE98F80B30002B40D0032130460F
:107FE00016F03BFE20B92846BDE8F04116F0E2BF8E
:107FF0000521304616F031FEB8B114F8083C1F07D1
:1080000007D514F8073C180703D51121304616F0A0
:1080100083FE14F8083C23F0080304F8083C14F825
:10802000073C23F0080304F8073C14F8073CD90781
:1080300017D50621284616F06FFE0221304616F0AD
:108040006BFE98F8033013B914F8073C3BB923686A
:10805000D3F8A0301BB134F8081C0029B5D0BDE816
:10806000F0819A0701D50821E4E75B07E5D50A21ED
:10807000E0E700BFD7430200012208B5034B0448E4
:108080001A70FBF7E9FF002008BD00BF1F8E00201B
:108090002804002070B5054611480C4603780126D7
:1080A000AB4204D10722304419F032FDA0B12EB109
:1080B00007220C490C4819F02BFD78B9084A1346E1
:1080C00003F8015B2168C2F80110A1889980A179A9
:1080D000997140F21123D360014870BD0020FCE784
:1080E000082300201643020009230020F8B5164695
:1080F00004460D460022064F7B8A234002B1F8BD9C
:10810000002BFCD031463846A8470122F4E700BFD7
:108110000823002070B50B4C0D46638A11460340BE
:108120004FF00006227808D0954204D10722601C47
:1081300019F0EEFC18B1304600E0184670BD20463C
:10814000FCE700BF08230020F8B50B780646012B9A
:108150000C4601D00020F8BD8B7903F0C003402B02
:10816000F8D1154D002329466F8A11F83E2BBF0721
:1081700004F1010006D5B24204D1062219F0C8FC70
:10818000B8B10023002BE5D16B8A9B07E2D52B7891
:10819000B342DFD1661C3146084814F08DF8002840
:1081A000D8D0D4F80130C5F83E30B4F80520044BDF
:1081B0009A800148CFE700BF082300203623002023
:1081C0004623002010B5074C2378834208D10722AC
:1081D000601C19F09DFC00280CBF2046002010BD3B
:1081E0000020FCE7082300202DE9F043844689465F
:1081F00016462F4C9BB01D46DDE923870CAB04F1DE
:10820000300E1A4620686168083403C2744513466C
:10821000F7D1206861461060227904A81A712022E3
:1082200017F08BF96B462022224804A900F072F85F
:108230000446C0BB102249460DF1350017F07DF908
:10824000102231460DF1450017F077F9294611F853
:10825000013B06220DF156008DF8553017F06DF9EF
:108260002299062211F8013B0DF15D008DF85C307A
:1082700017F063F94346352268460CA900F04AF826
:10828000044680B9404617F062F9012335228DF883
:10829000303068463B460CA900F03CF8044610B963
:1082A000384617F054F920461BB0BDE8F08300BFF4
:1082B000562702000844020070B50E461D461446BB
:1082C00098B00146202204A817F037F92022314641
:1082D0000CA817F032F91022294614A817F02DF92E
:1082E00010222146684617F028F96B46502268464E
:1082F00004A900F00FF840B9039B054A1BBAB3FB71
:10830000F2F102FB11331C9A136018B070BD00BF6C
:1083100040420F002DE9F0418CB007460C4615464F
:108320000021142207A81E4619F0EAFB4FF410534F
:10833000ADF818308023ADF81A304FF44063DFF801
:1083400044801022CDE90838394604AB06A818F05D
:108350005AFC20B16FF004000CB0BDE8F08105AB11
:108360000293102322464146CDE9006304982B4630
:1083700018F08AFD0446049818F07BFB2043EBD0EC
:10838000E8E700BF0002C00310B54FF0000E00F197
:10839000070C541E2CF0030C1860A4B2ACF800209B
:1083A000023A93B201FB04F240F802E074B14FF6D6
:1083B000FF7C03FB011403FB01F22044121B013B71
:1083C0009BB263458050A0EB0100F8D110BD00BF07
:1083D0000346006810B102680AB91A607047C11DEF
:1083E00021F00301B1F800C0D11D21F003010CF10F
:1083F000FF3CA1F800C0F0E70B687BB1073323F026
:1084000003031A88013292B20346D1F800C043F840
:1084100007CB23F003031A80086070470122F3E7BB
:1084200002FB0100704700BF401A90FBF2F080B2DF
:10843000704700BF531E11449BB242B1DB43013869
:10844000CA1811F8013D914200F8013FF9D1704777
:10845000014402E010F8013B1BB98842FAD1002028
:1084600070470120704700BF10600860704700BF70
:108470000A6803460068904209BF002200200A6093
:108480001A607047D2F800C0CCF80000D2F800C0E3
:10849000CCF8041010607047884203D01AB14368CA
:1084A00013607047002070470B68834209D02AB1DF
:1084B000586810601A680A6018467047002BF9D196
:1084C000FAE70023F8E700BF2DE9F8434FF09008E2
:1084D0000C270D4EDFF8349006F1200409EB080557
:1084E000294620462A1D083CFFF7BEFFB442A5F1ED
:1084F0000C05F5D1043F3B1DA8F13008A4F120067E
:10850000EAD1BDE8F88300BFA8230020F4230020AF
:1085100003468C4610B49AB101EB4101144803EBB9
:108520004304090101EB84010144487A0C7AA0421A
:1085300004BF0130087210BC614618460EF050BAF4
:1085400001EB41020A4C120100EB400302EB8303F2
:1085500023449C7ADA7AA24201D010BC70470132DF
:108560009A720122034B5A5410BC0EF069BA00BF34
:10857000D02300204C230020F8B506461C460D46AB
:1085800002B322786378D21A12F0030229D1294F5C
:1085900071004FEA450C3144AC44890001EB0C11E9
:1085A00001330431DBB27A18606821462370FFF78B
:1085B00069FF0122204B294630465A550EF040FAF9
:1085C0000020F8BD0EF026FA0028DAD02946304601
:1085D0000EF012FA637860B92278D21A12F0030210
:1085E000D5D0012A03D00133DBB22370E1E7104676
:1085F000F8BD05EB450206EB46010E4F120102EBFA
:1086000081023A44907AD27A710090424FEA450C46
:1086100005D02078C01A10F00302E2D1BBE722781F
:10862000D21A920702D00233DBB22370D4E90203DC
:108630009847C5E7D02300204C2300202DE9F04FB8
:10864000DFF8689189B019F80030002B5BD0002169
:1086500003248346DFF858A1C0EB0013CDE90411D1
:1086600000EB40079B000AEB0717039309F8001083
:108670000294B846002358F8240FB96A07AA079352
:10868000FFF70AFF44460546CDB1079E96F80080E5
:108690007278A8EB020808F00308B8F1010F35D092
:1086A00031788A1A02F00302012ACBB23DD1D7E910
:1086B000090107AAFFF7F0FE0546002DE5D197F85E
:1086C0002E3097F82F209A4203D087F82F300123BD
:1086D000049397F82C3097F82D209A4203D087F80E
:1086E0002D3001230593029B0C3F5D1EEBB2FF2B47
:1086F0000293BED1D846DDF810B00599BBF1000F4A
:1087000001D0002947D009B0BDE8F08F013A72705E
:10871000079AD2E902018847079E32787178D3B26E
:10872000521A02F00302012A23D000222146B86A1D
:108730000193FFF7B9FE7560019B71787370327811
:10874000521A02F00302012A0AD0D7E9090107AA46
:10875000FFF7A2FEB8F1010F054695D104460EE0E1
:10876000039B71701A1D314628465244FFF78AFE5A
:10877000EBE707AAD7E90901FFF78EFE0446029B43
:108780008BB101235946584609F80B300EF058F9C1
:1087900009B0BDE8F08F0A464046414609B0BDE841
:1087A000F04F0EF01DB9002C89D0EAE74C230020D1
:1087B000D02300204B1E8446DBB271B100200CF1A7
:1087C000FF319C4411F8013F23B15A1E0130134080
:1087D000C0B2FAD16145F5D170470846704700BF75
:1087E0002DE9F04F0325012706466F4C83B0042185
:1087F00030460BF07BFA4FF001081E230021D6F81B
:1088000000C04FEADC722CFA03F000F00100904245
:108810009E461ED0DAB201311B2AC9B240F28880CE
:10882000013B2CFA03F2192902F0010201F10109BE
:108830005FFA83FA4CD082429E464FF002084FF016
:10884000010B63D0BAF11B0F5FFA89F16DD91046A5
:10885000E6E708F101095FFA89F9B9F1060F48D98D
:1088600007FA03F07AB300222CEA000C0131C9B2F6
:1088700019292CD04FF00108013BC4D200228CEA08
:10888000040301A8019310F8013B23B1591E0132E2
:108890000B40D2B2FAD102AB9842F4D1012A09D9E5
:1088A0001FFA8CF3B3EB1C4F2AD15FFA8CF3B3EBB6
:1088B0001C6F25D1013D15F0FF0598D16FF00D001B
:1088C00003B0BDE8F08F01224CEA000CCEE7104661
:1088D0000EF1010307FA03F318B15B420CEA030C33
:1088E000CCE7013B4CEA030CC8E708F101095FFA49
:1088F00089F9B9F1060FC346C84607D10246BBE75E
:108900000020C6F800C003B0BDE8F08F5FFA83F91D
:10891000B9F11C0F10D9013B2CFA03F202F001024D
:1089200090429E46E1D0104674E74FF01B0E9FE741
:10893000012910D002469BE7C9B900204FF0010879
:1089400008FA0EFE7AB100222CEA0E0C814205D004
:108950000146D84690E7C3460246EEE701314FF0A4
:108960000108C9B288E742464CEA0E0CEEE7B9F1BD
:108970001C0F03D00129C1D10846DFE7CCF3C06248
:10898000824203F1FF3308D0D8B201311B28C9B2AB
:10899000CBD910464FF01B0E42E708F101094FF00A
:1089A0001B0E5FFA89F9A4E7D6BE898EF0B5067E64
:1089B0000468FF2E26D033464FF0000C2C2707E02A
:1089C000A25CDEF80850FF2A1E46AC441AD01346BB
:1089D00007FB03F2994204EB020EF1D18E4201D162
:1089E000A35C0376A35C2C2202FB06F6FF2BDEF8C9
:1089F0000800A35504D002FB03439A6802449A601E
:108A00006044F0BD0020F0BD2DE9F04F0368427ACC
:108A100087B045680193002A00F0E88089464FF04E
:108A20002C0B0446531EDBB205EBC30302930595E2
:108A3000029B5A6893F801A00492CDF80CA0B9F1FA
:108A4000FF0F55D000260BFB09F2019B484613F897
:108A500002909D184FF0FF0C85F800C02768217E1A
:108A600007EB02086145D8F8083018BF00960DD111
:108A7000B9E09B1A05D1B8F81EA0BEF81EE0F24579
:108A80006DD8BA5D8C46FF2A60D011460BFB01F60B
:108A900007EB060EDEF808209342EAD2009EBCF1F6
:108AA000FF0F18BF0BFB0CFCC8F8083088F800104B
:108AB00018BF07F80C000BFB017708BF2076BA68D7
:108AC000D21ABA60AB7801336B70002EB7D0002099
:108AD000336A3070B0700BB1716A98476B68002BC5
:108AE000ADD1336AB9F1FF0F2B62736A6B62A9D102
:108AF000DDE903A7029B98780AEB8A030AF10102D9
:108B0000504507EBC3065FFA82FA029A5DD01178EE
:108B100017F83320514508BF4FF0000A042AEBD163
:108B2000707801990BFB00F28D1895F801C0A978B7
:108B30008C4517D00022012007F83320336AB0702B
:108B40000BB1716A9847029B9878D5E70BFB01F14E
:108B5000C8F8083088F80020009E7854B2E7134621
:108B6000009E9CE74FF6FE77338A6169BB42CDF8E1
:108B70000CA007D04FF6FF77DB1BB3FA83F35B093A
:108B800085F828304FF6FD77F3686B60338ABB4277
:108B900088BF00230027AB837369AB61B369EB60C7
:108BA000F3692B61B3686F61AB60D6F804C0BCEBAE
:108BB000010E11D400217344AB600023EB83EB78EA
:108BC000696143F00103EB7044E70599A2F10803E2
:108BD00091420BD002932BE7A1EB0C018B42E9D819
:108BE000C91A3B46E8E7B95420766BE707B0BDE801
:108BF000F08F00BF01232DE9F04F447E8DB08376C6
:108C0000002C40F0A980037E8046FF2B00F0A3805B
:108C10000CF06AFFD8F81420D8F81C30861AB3423A
:108C200094BF0023012398F81870A246FF2FD8F8AC
:108C3000009003936ED04FF02C0B04942BE0039B19
:108C400023B9D8F81C30534540F28B80E278E38B8F
:108C500022F001020133E27094F828209BB2E383F2
:108C6000002A7CD0A28B9A4279D2A570E56885B1A2
:108C7000D4E9041300220191E178AAEB030301F087
:108C800001010091D8F81400114618444FF6FF7303
:108C9000A847FF2F3DD00BFB07F709EB0704A3689C
:108CA000B34236D8A278F61A9A44637819F8077056
:108CB0009B1ADBB2012BECD1A369013AD5B2029326
:108CC000002BBCD1A570E568002DE2D0B4F81EC021
:108CD0006069D8F81430AAEB00001844002221691A
:108CE00063460191E17801F0010100911146A84726
:108CF000DDE90223002A18BF43F0010303934FF07C
:108D000000030022E383E378FF2F62F30003E370A4
:108D1000C1D1049C98F80B3098F80A209A4208D1E7
:108D20000132D2B2022A16BF14460023234688F825
:108D30000B4008EB8303C3F80CA0D8F824400025AF
:108D40004346012204210320A44688F81A500DB09E
:108D5000BDE8F04F604784760DB0BDE8F08FA57098
:108D600097E7FF2F64D0B4F81EC0A28B60689445CB
:108D700032BF6146ACEB020189B201FB00013B4608
:108D8000CDE907A7CDE90AC24FF0000E8446CDE930
:108D90000516029F099523E0002D39D0BCF1000F84
:108DA00038D0A0EB060A1FFA8AFA864214D8691A4C
:108DB00005FB0A11059888422CBF00200120D278BB
:108DC000E17802F0010601F00105AE423ED84A40CA
:108DD000D20701D4002839D119F80330FF2B1BD05A
:108DE0002C2202FB03F309EB030291688E44BE457B
:108DF00012D890690028EFD0D08B968B55688642A8
:108E0000CAD9002DE8D0BCF1000FE5D08246CCE7EE
:108E10002846D4E76046D2E7DDE90875A570E56825
:108E2000DDF828C0DDE9066A002D3FF434AF4FE7D6
:108E3000A570E568002D3FF46CAF6369D8F8142085
:108E4000AAEB0303B4F81EC0981847E7E178DDE900
:108E50000AC221F001010CF10103E17094F828101D
:108E60009BB2E383DDE9066ADDE9087500297FF43A
:108E7000FAAEA5700FE700BF2DE9F04F837E8DB0ED
:108E80000190002B40F07281437E0A93002B7AD12F
:108E900001210198837AC27A44699A420894417602
:108EA00000F02C830B44DBB2022B0ABF0A9A1A464D
:108EB0001346012401998B7201EB8203DA68089B47
:108EC000049213444B61019B1D7E07950CF00CFE30
:108ED000FF2D059002D1019A08905061019A136804
:108EE00092F80980029308F1FF335668DBB2B8F1BB
:108EF000000F00F022834FF0000806EBC30BFF23A6
:108F0000C24603930B94CDF824800696DBF80490B8
:108F10009BF803109BF80240631C04EB8406A142FB
:108F2000DBB209EBC60560D09BF800209A4208BF6F
:108F300000238BF8023019F83620042A39D9082A80
:108F40002BD82C23697803FB01F8029B03EB08075D
:108F50007B78B8781B1A13F0FF032CD1062A1CD19A
:108F6000019BDB7E8B4250D009F836A02B6A85F836
:108F700002A0002BCCD0696A002098479BF8031010
:108F80009BF80240C8E70421446A034601220846D0
:108F9000A4460DB0BDE8F04F60474FF0010309F85B
:108FA00036A0AB702B6A002BB2D00120696A9847BB
:108FB000AEE71C46B0E7052A1FD16A684AB9AA681D
:108FC0003AB9EA682AB92A691AB96A6932F07F425D
:108FD000E3D0012B26D00421019B01225D6A0846C3
:108FE000A84701238BF802400993069AABF10803C6
:108FF000934500F0BE809B4688E7012B6DD0062A82
:10900000E9D1019BDB7E8B42AED1019B69685A6935
:109010008B1A40F18680521A0499914294BF002322
:109020005B1880E0019C2046FFF7C0FCB860059B00
:10903000D4F814E0A3EB0E0C049B03EB0C01884264
:1090400077D9421A7B68EBB1AB8ADBB1013B99B2AD
:10905000A9827868FB8B824206D809E0A3B2121A73
:10906000FB838242A98A03D98B4203F1FF34F5D8EE
:109070008B4206D201339BB2FB83A98A02448B4206
:10908000F8D3B9836B6879691A44BA60AB68BCF1EC
:10909000000F0B4453DB944463455AD2ACEB0302FC
:1090A00000237B61BA60EA68BB691344BB612A692B
:1090B000934294BF00239B1ABB61AB7D1BB1FA782E
:1090C00063F30002FA70DDE9022302F808307B78CE
:1090D0006A78013303927B7046E7062A3FF440AF7B
:1090E000019C2046FFF762FCBB78B8607B70E27E93
:1090F0006B789A427FF438AF19F83630062B84D05B
:10910000FF23019AD37619F83630062B3FF47DAF52
:10911000082B3FF47AAF019B05995A698B1A3FF5EA
:109120007AAF049A13440199CA699A4288BFCB6105
:109130001AE77B6900221944091A796182E70599C7
:10914000AEEB010E7245A6D89E44AEEB02030022A0
:10915000A7E7A3EB0C03FAE701230A930023019A84
:109160005376937E0A9A1A4340F0BE810DB0BDE853
:10917000F08F0B9CDDF82480019F079A3B7E981AA4
:1091800018BF01200546002C00F09780059A089929
:10919000FF2BA2EB01063A463F6800F08E800025C7
:1091A000CDE90580AB46B84602954FF02C0915462F
:1091B000049F04E0A37863702B7EFF2B75D009FB1E
:1091C00003F008EB0004A168B94200F29D81029A05
:1091D00094F802C00A44029262787F1AA2EB0C0251
:1091E000D5F81CC0761A614528BF4FF0FF31B4F89E
:1091F0001EE026BFE9760021ACEB0101E961A1691F
:10920000D2B209B1022A14D0C4F808B018F800107C
:1092100029766168C9B9002ACCD0012A02D0BEF1F2
:10922000000FC7D0236A002BC4D00120616A984781
:10923000C0E7BEF1000F00F0A6800022A26018F87F
:1092400000202A7661680029ECD0B4F81EE0BEF157
:10925000000F74D1B4F81CE094F828C0724602FBE9
:109260000112BCF1000F76D0DDF820C0A4F81EE09A
:10927000A260DDF808E06969E644BEEB010AD4F8B3
:1092800014C075D45244944579D3ACEB020100224A
:10929000A260039A616108F80020039363780133A8
:1092A000DBB263702B7EFF2B89D1079BDDE9058044
:1092B000FF2B0CBF054640F0010503990198FFF70D
:1092C000A3FB019B079A1B7E934200F00281B8F139
:1092D000000F67D0FF2B00F03A81079AFF2A00F0B9
:1092E0002F812C21DDF80480D8F8002001FB032217
:1092F0009768002F00F015810CF0F6FB0A26044653
:10930000D8F81450013E621B974202F106027FF624
:1093100023AFBA422CBFAD18ED19D8F82830284633
:1093200098470CF0E1FBC4F101022B1B02449A4266
:109330007FF614AF002E00F0BB800446E0E7002269
:1093400094F802C002FB011284F801C094F828C00E
:10935000BCF1000F88D1964286D90A440CF1010C69
:1093600096421FFA8CFCF8D8F4441FFA8CFE7BE777
:10937000A1EB0E018A4212D95244944585D20021B4
:10938000A2EB0C0284E7E961EB76C4F808E018F878
:1093900000202A76616800293FF40CAF55E761444C
:1093A000891A74E7019A0125517A56684A1ED2B289
:1093B00000298FD006EBC207CDE908654FF02C0AD3
:1093C0003E4696F801B0F27873685A4569D0DC469B
:1093D0001F46B3460CEB8C0C17F83C3007EBCC0C5B
:1093E000012B40D0022B4BD1DCE90120DCE903E961
:1093F00014780199FF2CDCF81430D1F800804D6905
:1094000002D00168A9425DD0002601990C7E05605A
:10941000FF2C25D0CDE902B7CDE904C29B46CDF89B
:1094200018E00BE0AA685B4620463244C84778B98A
:1094300018F80740AB68FF2C1E443CD00AFB04F729
:1094400008EB0705A969B9F1000FEBD10029EFD0AE
:10945000AB68DDF818E01E44DDE902B7DDE904C2BF
:109460001470CEF800604FF00002DCF820308CF869
:1094700002201BB10020DCF8241098479BF8032041
:109480009BF801C09BF800300CF1010C5FFA8CFCDA
:10949000634508BF4FF0000C62458BF801C099D1BD
:1094A0005E46089AA6F1080396422BD01E4688E72E
:1094B00000DE044624E7DDF818E0DDE902B7DDE967
:1094C00004C2CDE70AFB04F4DEF8006018F804409B
:1094D0009EE7B8F1000F27D0019B002D35D15D76B6
:1094E0009B7E002B3FF442AE019B01225C6A03216C
:1094F0000420A4460DB0BDE8F04F60470A9B1C460F
:109500000493E0E4099DE7E7019BC91BA1601B7E72
:10951000079ADDE9058093420CBF054640F001053E
:10952000CBE6019B5F76DFE7019B5E685B7A5A1EA4
:10953000D2B2002B7FF43EAFCEE7FF2303931BE6AE
:109540000CF0B8FA019B1B7ECBE61B7EC2E60CF04A
:10955000BBFA38B9019BD86158769B7E002B3FF44B
:1095600005AEC1E70023019A5376937E002BBBD151
:10957000FCE500BFF0B4049E9DF81450069C30BB7F
:10958000144F3A605A1E39727B727E60D2B273B148
:1095900006EBC2021146546012F808398E4203EB02
:1095A0008300A5EB030304EBC004DDB2F2D175B96F
:1095B000FF23079A7D613A62089A7D817A62099A4F
:1095C000FD61BA623B76FB762846F0BC704701200D
:1095D000F0BC70479024002040B9064A117EFF2954
:1095E00001D1107270476FF00F0070476FF01500D7
:1095F000704700BF902400202C22074B10B402FBC0
:1096000000335C6A2CB1A44601220321022010BC65
:10961000604710BC704700BF902400202DE9F8433C
:109620002C240E46214DBDF8308004FB005569689E
:1096300001EBC600C47811F8367004F1010C5FFA32
:109640008CFC674598BF4FF0000C417861452AD0EB
:1096500004274FF00209416804EB840E01EBCE04AD
:1096600001F83E706360089B6270A3600A9BA4F8D7
:109670001080E3600D9B84F8029063610E9BA361F0
:109680000F9BE361109B2362119B636280F803C010
:109690003046D5E9083698472B4600223946B04770
:1096A000A078BDE8F8830120BDE8F883902400206D
:1096B00030B58BB00E9C0F9D009400240194139C38
:1096C00002950694109D149C03950794BDF8445090
:1096D000159C04950894129D169C05950994FFF716
:1096E0009DFF0BB030BD00BF2DE9F8432C24224F65
:1096F0001D4604FB007708467C68BDF82C8004EB0F
:10970000C10114F83060CC784B7804F1010C5FFA99
:109710008CFC664598BF4FF0000C63459DF830E027
:1097200026D04FF0050902234E6804EB840406F8A6
:10973000349006EBC404A370089B6270A360099B7D
:109740006560E3600A9BA4F8148023610D9B84F894
:1097500016E023620E9B636281F803C0D7E90835E7
:1097600098473B4600220421A847A078BDE8F8832B
:109770000120BDE8F88300BF90240020F8B52C2418
:10978000194E04FB00667468084604EBC10E14F819
:1097900031509EF803409EF8011004F1010C5FFA6D
:1097A0008CFC654598BF4FF0000C614519D0072728
:1097B0000221DEF8045004EB840405F8347005EB54
:1097C000C4042362069B6270A17063628EF803C0BA
:1097D000D6E908359847334600220421A847A078E7
:1097E000F8BD0120F8BD00BF90240020F8B52C245E
:1097F0001A4E04FB00667468084604EBC10E14F8A8
:1098000031509EF803409EF8011004F1010C5FFAFC
:109810008CFC654598BF4FF0000C61451BD00827B4
:109820000221DEF8045004EB840405F8347005EBE3
:10983000C4046360069B62702362079BA17063622D
:109840008EF803C0D6E90835984733460022042134
:10985000A847A078F8BD0120F8BD00BF90240020E3
:10986000F8B52C241D4E04FB00667468084604EB12
:10987000C10E14F831509EF803409EF8011004F117
:10988000010C5FFA8CFC654598BF4FF0000C6145F8
:1098900022D04FF602770221DEF8045004EB840454
:1098A00025F8347005EBC404C4E90123069BA170BC
:1098B000E360099B23610A9B63610B9B23620C9B02
:1098C00063628EF803C0D6E9083598473346002214
:1098D0000421A847A078F8BD0120F8BD90240020FD
:1098E0002C2370B5064C03FB00440846D4E9083528
:1098F00098472346AC46BDE87040002204216047EB
:10990000902400200CF0F0B8401A70470021014864
:10991000704700BFFF410100022801D001207047BD
:1099200038B5044608461D4602F0A4FF18B10023CE
:109930002B70184638BD204638BD00BF0023037089
:109940000B70704738B5054600200C4602F028FE23
:1099500010F0060F0ED13DB9074B44B120681860D6
:10996000A2889A80002038BD044B002CF6D11C60E0
:109970009C80F7E70C2038BDC4240020BC240020C4
:10998000012804D808B903487047034870470020ED
:10999000704700BFC4240020BC240020012809D83F
:1099A00030B9064B186808609A8818468A80704754
:1099B000034BF7E700231846704700BFC42400207C
:1099C000BC24002010B504460AF0ACF950B90AF0E6
:1099D0003FFF60B90BF0DAFA70B92046BDE81040DD
:1099E0000FF036B900DE0AF033FF0028F2D000DEB7
:1099F0000BF0CCFA0028F0D000DE2046BDE8104085
:109A00000FF026B9086001480FF022B94831002054
:109A10000FF01EB92DE9F84F0B788946442B88BF0B
:109A20002B4B834688BF93F8283292469A424DD0FA
:109A3000274D5C1C35F83320E4B2452C08BF0024C8
:109A4000002601274FF01208028005EBC30319E03E
:109A5000012838D0C3F80480442C89F8004088BF1E
:109A600095F82842A24523D023B2013435F83310AB
:109A7000E4B2BBF80020452C08BF0024914205EB5E
:109A8000C30315D15868B0B1FF28E1D9027902F0BB
:109A90000302013A012A12D912225A6002F002FF8F
:109AA000442C89F8004088BF95F82842A245DBD1B4
:109AB0003046BDE8F88F01365F60F6B2CCE701367C
:109AC0000122F6B2E9E70136F6B2C5E70026EFE774
:109AD000F02400202DE9F041324F3B88984253D9C1
:109AE00013F0FF0524D0DFF8C08098F8154001344A
:109AF000E4B2052C08BF002498F81430A34219D012
:109B00002A48FEF765FC064690B12948FEF760FC3E
:109B100000283BD0066098F8153048F823003B88B1
:109B2000013D013B15F0FF0588F815403B80DED173
:109B3000BDE8F0813B88002BFAD00026DFF8748066
:109B400098F80D400134E4B2032C08BF002498F8C3
:109B50000C30A342ECD01548FEF73AFC054600282D
:109B6000E6D01348FEF734FCB0B16E60056098F89B
:109B70000D3048F823003B8888F80D40013B9BB22C
:109B80003B80002BDED1D3E70546ACE73046BDE88D
:109B9000F0410649FEF730BC2846BDE8F0410349D4
:109BA000FEF72ABC40270020582F00204427002021
:109BB00090270020202700202DE9F8434FF00008CF
:109BC00005262F4B2F4F181D05221421A7F81880AA
:109BD000FEF7DAFB2C4B05220821181DFEF7D4FBFB
:109BE00097F818907C7E0134E4B2062C08BF00245C
:109BF000A14514D02448FEF7EBFB054678B1204878
:109C0000FEF7E6FB002835D0C5F8048005607B7EB2
:109C100047F82300013E16F0FF067C76E3D11B4B8C
:109C20000722181D4FF48E71FEF7AEFB184B092268
:109C3000181D0821FEF7A8FB1548FEF7C9FBA8B1BF
:109C4000144A111FFEF710FC1148FEF7C1FB78B152
:109C5000114A111FFEF708FC0622104BFF201A8044
:109C6000FFF738FFBDE8F84308F0A2BD00DEE7E7E4
:109C700000DEEDE728460449FEF7BEFBCFE700BF54
:109C80009C2F002004300020702F002090270020FF
:109C9000442700203C2700203427002040270020B4
:109CA0002DE9F0417C4D7D4E86B004AA02A90DF14C
:109CB000070003F027FB0446D5E9000103AAFEF7DD
:109CC000EBFB074650B3039B002B6AD0187804AA1D
:109CD00002A903F02FFB039B0446002840D0049AFE
:109CE000BDF808101F78ADF80A10059203F034FB98
:109CF0002146059ABDF80A0003F062FB204603F0F6
:109D0000F5FA384605AA0DF10A0103F013FB0446E3
:109D10000028EBD130680EF09BFFC6E7002C3DD049
:109D2000049B9DF807700593BDF80830ADF80A3024
:109D300003F012FB2146059ABDF80A0003F040FB30
:109D4000204603F0D3FA384605AA0DF10A0103F0C4
:109D5000F1FA04460028EBD130680EF079FFA4E751
:109D600005931B79013B2C2B1ED8DFE803F01F3233
:109D7000741D1F1D1D1D1D1D1D1D1D1D1D1D1D1DBA
:109D80001D1D1D1D6A1F1D1D1D1D1D1D1D1D1D1DB4
:109D90001D1D1D1D1D1D1D1D1D1D1F0006B0BDE827
:109DA000F08100DE039B91E700DE7EE700223A4966
:109DB0006868FEF779FB3846394B059993F82932E4
:109DC000384A0B70FEF75EFB344B18680EF040FF0C
:109DD0006BE7002230496868FEF766FBDDF8148007
:109DE000D8F8084034B12378002B52D02378013BB7
:109DF000DBB2237098F80C3013B1012B43D000DE96
:109E00000023294A88F80C30537E117E0133DBB2DF
:109E1000062B08BF0023994239D0C8F80070517E44
:109E200042F821805376002C3FF43FAF2378002B7B
:109E30007FF43BAFA368002B3FF437AFE06898474F
:109E400033E7002214496868FEF72EFB384605996F
:109E500002F06CFF29E7384605A902F081FF0E49A0
:109E600000226868FEF720FB059900293FF41DAF2A
:109E70000B792E2B3FF419AF094B384693F8293252
:109E8000084A0B709EE7404603F074F8B8E700DE1E
:109E9000C9E700DEAAE700BF3827002044310020D0
:109EA000F0240020342700200430002010B5274B78
:109EB000274C86B018600BF0F1FD2378002B3DD0C5
:109EC000244B0C210593244B02240493234B244858
:109ED0000393244B0090029304230191224A0370C0
:109EE00003720474047619460020FFF743FB50BB4D
:109EF000012200211D4816F04FF909F0B1FE044679
:109F000010B1204606B010BDFFF756FE0AF09EFCC9
:109F100004460028F5D102F04DFA04460028F0D19D
:109F20000BF028F804460028EBD102F0A5FE044609
:109F30000028E6D1012009F0E1F8E2E7FEF7C4FAD3
:109F400001232370BCE700DED2E700BF44310020CC
:109F5000228E0020316B0100916A0100716A0100BC
:109F60003833002058310020583300204831002079
:109F700030B585B002F0C4FA78BB02F083FE88BB2E
:109F800000241A4B2046A3F8284209F0B7F81849D4
:109F9000184A194BA1F8204194829C810122214644
:109FA000684616F0F9F8154B0320224621466D4607
:109FB000C3F808D0FEF7E0FAB0B94FF0FF324FF027
:109FC000FF3328460EF078FEFFF7F6FD0021012052
:109FD00005B0BDE83040FFF7B5BC00DE02F052FE30
:109FE0000028CDD000DECBE700DEE6E7F02400203D
:109FF00020300020582F002020270020600400205F
:10A0000008B5FFF7B5FF09F061FE00B108BDBDE876
:10A010000840FFF7E1BA00BF2DE9F04380468946CA
:10A020002C4D2D4F83B00023C8F8003095F82942FD
:10A0300001AAD7E90001FEF72FFA0646002834D01E
:10A04000019B48461A782549FFF7E4FC034690BB7C
:10A0500095F828228DF8012095F829220DF10101AB
:10A060000DF102001C46FFF7D5FC44EA000212F095
:10A07000FF020346F0D101990B79012B22D1394619
:10A080007868FEF711FA30461549FEF7B5F9154A1A
:10A090001388052B13D80198013313491380FEF759
:10A0A000ABF90120FFF716FDBDE7224648460B49F4
:10A0B000FFF7B0FC0346184603B0BDE8F08300DEAE
:10A0C0001388E8E713461846C8F8001003B0BDE847
:10A0D000F08300BFF0240020302700201827002044
:10A0E000442700204027002090270020002300B5AF
:10A0F0001C4983B0486801AA0193FEF7D5F970B3F3
:10A100001949FEF779F9019A1379172B12D009D85A
:10A11000052B0BD82922DA40D20707D533B103B07B
:10A120005DF804FB1D2BFAD92D2BF8D000DE03B00F
:10A130005DF804FB002093681B6893F84C2058617D
:10A1400060F3000283F84C2002F02AFA400010F07D
:10A15000FF00E4D109F058F803B05DF804FB00DE1D
:10A16000CEE700BF30270020442700202DE9F04132
:10A17000046806460CB32927344D20460379246829
:10A18000052B13D9173BDAB2162A13D8162B11D880
:10A19000DFE803F01A291E1E1E1E1E1010101010DC
:10A1A000101010101010101010101E0027FA03F2DB
:10A1B000D20734D400DE002CDFD100233360FF202F
:10A1C000BDE8F041FFF786BC037F022B30D023BBF4
:10A1D0002B88052B29D801331D492B80FEF70CF95C
:10A1E000002CCAD1E9E7C0880028E4D102F036FB90
:10A1F0008046002828D0D8F8A0300BBB08F1940185
:10A2000008F19000FEF734F9E0B1C8F8A00040462C
:10A2100002F016FB002CB0D1CFE700DE0379002B53
:10A22000D6D100DE2B88052BD5D900DE2B88D2E7CE
:10A2300008F05AF8002008F0E7FF002C9DD1BCE799
:10A2400000DEDBE700DEE0E700DED4E740270020A9
:10A25000902700200148FEF7BBB800BF442700202C
:10A260000149FEF7C9B800BF44270020034B044A48
:10A2700093F829320B70FEF705B900BFF0240020D7
:10A280003427002008B5064B064A93F829320B7094
:10A29000FEF7F8F8044B1868BDE808400EF0D8BC8B
:10A2A000F024002034270020443100200B490A7B91
:10A2B0004B7B9A420AD8A3EB020C5FFA8CFC6045F8
:10A2C00009D89A4207D051F82200704703339B1AED
:10A2D000DBB29842F7D90020704700BF202700204A
:10A2E000074A117B537B8B4208D04B1CDBB2032BFC
:10A2F00008BF002352F821001373704700207047F5
:10A300002027002000B50D4A92F829C292F828E2D1
:10A310000CF10103DBB2452B08BF00239E4509D099
:10A3200022F83C0002EBCC0CCCF8041082F8293265
:10A330005DF804FB00DE00231B80FFDEF02400201C
:10A34000022810B50C4602D00B68022B07D04FF044
:10A35000FF324FF0FF3302480EF0AEFC206810BD14
:10A3600048310020014B1868704700BFEC240020E2
:10A3700004490A680AB11046704702460860104650
:10A38000704700BF1C270020044A136823B198427D
:10A390000ABF002100231160184670471C270020C7
:10A3A000014B1868704700BF1C27002070B5056876
:10A3B00084B02B78EBB104466E460122002168463A
:10A3C00015F0EAFE0C4BC5E902362B788BB1002262
:10A3D0000A4B032011469C60FEF7CEF838B947F6C9
:10A3E0001222002330460EF067FC04B070BD00DE80
:10A3F000F5E76FF07700F8E7119A000050040020AD
:10A40000F0B5244E0C463368174685B0002B36D085
:10A41000994215D1022503AB024600930321002087
:10A420001D4B0395FFF7AAF9022805460CD0039BA4
:10A43000022B09D195B133680BB19C4221D014B3E2
:10A440006FF02D0005B0F0BD4FF0FF324FF0FF333D
:10A4500012480EF031FC039D002DECD13846FFF779
:10A46000A5FF33680BB19C4210D0002CE8D1002826
:10A47000E8D010F1780F08BF002005B0F0BD3160C2
:10A48000C8E7002333606FF07700DBE73560002812
:10A49000D8D0EEE7EC240020059A000048310020D7
:10A4A0000B490A7D4B7D9A420AD8A3EB020C5FFA56
:10A4B0008CFC604509D89A4207D051F822007047B9
:10A4C00005339B1ADBB29842F7D90020704700BFD2
:10A4D000582F0020074A117D537D8B4208D04B1C1A
:10A4E000DBB2052B08BF002352F82100137570471B
:10A4F00000207047582F002038B50C46054602F062
:10A50000FBFE0346237021462846BDE83840014A39
:10A51000FDF7B8BF3C270020012200201146014B67
:10A52000FEF72AB84004002070B50C46054602F03C
:10A53000E3FE0346214623702846054AFDF7A2FFA5
:10A54000BDE87040012200201146024BFEF714B80E
:10A550003C270020400400202DE9F0471A4E9DF8CA
:10A56000209096F821C196F820510CF1010E5FFA67
:10A570008EFEBEF1090F08BF4FF0000E75451ED0CC
:10A58000144606EB4C1C654680460F469A461068FA
:10A590005168E368926809F001090FC59CF81C3006
:10A5A000CCE904A823F0030343EA0903CCF81870AC
:10A5B0008CF81C3086F821E16046BDE8F0874FF04A
:10A5C000000C6046BDE8F08720300020054890F878
:10A5D000203190F821219A4214BF00EB4310002053
:10A5E000704700BF2030002010B402780B4C082ABE
:10A5F00094F8213188BF94F82021014688BF027069
:10A60000934209D0531CDBB2092B08BF002304EB93
:10A6100042100B7010BC70470020FBE72030002078
:10A620002DE9F04F3D4E87B096F8203196F8212164
:10A6300002909A423ED04FF000080B24C346C24617
:10A64000CDE9048806EB4313CDF80C801D7FD3F8C9
:10A650000090C5F34002DF6805F00105002C4DD0E5
:10A66000013CE4B24AB396F8211196F820319942A0
:10A6700020D00133DBB2092B08BF0023994286F8B2
:10A68000203117D0590106EB4313002ADED1D868D8
:10A6900005BBBAF1000F33D0BBF1000F36D01A7FE3
:10A6A0009707D3D15045725834D05845CED105992B
:10A6B0008A42CBD107B0BDE8F08F194902988B6070
:10A6C0001146174B0192FDF757FF019A0028CAD097
:10A6D00000DEC8E7039ABAB1B8F1000F08BFB84668
:10A6E0001A7F9507B2D4D207DCD5BBF1000FADD1EC
:10A6F000039A8242DED08045A8D1DBE700DEAFE7D7
:10A70000BA46CDF81090EBE70397E9E7BB46CDF8E2
:10A710001490E5E704998A42C7D1CBE720300020A6
:10A7200030040020054B1A7E597E914204D053F824
:10A73000220010B10C307047002070470430002018
:10A7400070B5134A117E537E8B421FD04B1CDBB277
:10A75000062B08BF002352F821401376A4B1022330
:10A76000002526682371A060256002F0C5FD034620
:10A770002146084A23703046FDF784FE0122284610
:10A780001146054BFDF7F8FE204670BD0024FBE79F
:10A79000043000203C2700204004002010B5002495
:10A7A00082B0049B93F80AC02CF0020C83F80AC014
:10A7B000CDE9004409F0F8FB02B010BD012210B54C
:10A7C00082B00192047F034614400269D0E905017A
:10A7D000009409F0E9FB08B902B010BD7730FBD056
:10A7E00000DEF9E710B4CB6804691A78042A02D0B5
:10A7F000236810BC18475B78052BF9D1002010BCEA
:10A80000704700BF0B8A002B38D030B5054683B0A7
:10A8100001F10C000C4611F022FD012810D0022895
:10A8200002D06FF0150009E001A9204601F064F89C
:10A83000019911B12846FFF7D5FFC8B103B030BD6B
:10A84000002301A92046019300F0DCFA014678B10B
:10A850002846FFF7C7FF0028F0D1019D45B12846E3
:10A8600001F01AFD03466B710648019915F07BFC57
:10A870002046F7F7C9FD002003B030BD6FF015008A
:10A88000704700BF0C34002010B50469FFF7B8FB17
:10A8900040B90548F7F7F8F90448F7F7F5F900204B
:10A8A000206010BD00DEF4E740110020C011002040
:10A8B0002DE9F0414FF000080646076982B04FF0DD
:10A8C000FF324FF0FF3334480EF090F90028F6D0F5
:10A8D00043790190042B31D8002B46D0022B4CD069
:10A8E0004FF0FF334FF0FF320220F7F7D1FE04465E
:10A8F000019B002C4BD01846214601F0ADF8019B7E
:10A9000001A8C3F80080FFF731FC204611F026FCB7
:10A9100005462146002011F047FC2B8A0446012BF6
:10A9200008D9294630463B6898470EF07BFE002C3C
:10A93000EBD1C4E72846F7F767FDF6E7052B14D1FE
:10A940004FF0FF334FF0FF320820F7F7A1FE044627
:10A950000198214601F056F8019B01A8C3F8008038
:10A96000FFF704FC002CD0D1A9E700DE019B01A871
:10A97000C3F80080FFF7FAFBA1E7002300220121C2
:10A980000020F7F79DFE0446019B002CB3D101A8DF
:10A990001C60FFF7EBFB92E70C340020F0B5054696
:10A9A00083B014E04FF0FF324FF0FF33002113204B
:10A9B000F7F786FE22460446BDF8021001F054FC6B
:10A9C00021462846FFF70EFF40BB0EF02BFE0DF18F
:10A9D000020101A8FFF720FB04460028E2D1019BF9
:10A9E000A3B1FFF783FB019F384601F055FC019EA0
:10A9F00078717379032B02D13379182B10D031463B
:10AA0000174815F0B0FB019B002BE0D14FF0FF324F
:10AA10004FF0FF3313480EF04FF9D8E700DED4E7CC
:10AA200021464FF0FF324FF0FF330520F788F7F74C
:10AA300047FE0446394606F11C00224600F0BCFFE2
:10AA4000384600F0D7FF3CB121462846FFF7CAFE42
:10AA500020B92046F7F7D8FC019ED0E700DEF8E7E2
:10AA60000C3400201C340020F0B505460E46076962
:10AA700089B0204815F049FB4FF0FF3200211E48F5
:10AA800015F08AFB1C48FFF711FA044600282ED166
:10AA90003E6001F017FC002600276FF0090C4FF410
:10AAA000E072CDE90667CDE90144144B14490494E2
:10AAB0000095CDF80CC013480EF0B6FB12491148B2
:10AAC00015F0ADFC6FF0070C4FF46072CDE906672E
:10AAD000CDE901440D4B0E4904940095CDF80CC00E
:10AAE0000C480EF0A1FB0C490A4815F098FC2046D2
:10AAF00009B0F0BD0C3400201C3400209DA90000DA
:10AB000088B3002040110020042C0200B1A80000EE
:10AB100048B50020C0110020142C020008B50EF02A
:10AB20003BFD054815F0F9FA034815F0EEFABDE8CB
:10AB300008400EF045BD00BF0C3400202DE9F04761
:10AB4000DFF8D0A0DAF80090B9F1000F33DB8046CF
:10AB50000F46164646D000252F4C06222146304689
:10AB600016F0D6FF18B914F8013CBB4226D00135C7
:10AB7000A94504F10804F0D10121284CD6F800C001
:10AB80002068274BC5006A1C43F802C0B6881A44E7
:10AB9000B9F10F0F968001FA08F103F830702B44D9
:10ABA000D971DBBF09F1010318460130CAF8003042
:10ABB000102814D020600020BDE8F087184B03EB6C
:10ABC000C503DA7922FA08F1C90702D50120BDE8E8
:10ABD000F087012101FA08F10A43DA71EBE700235B
:10ABE0002360E8E701200D4C0D4B2568D2F800C02A
:10ABF000E9000A1843F802C0B6881A44968000FAA1
:10AC000008F803F835700B44CAF8000083F8078091
:10AC1000D0E700BF34340020393400203034002025
:10AC2000383400202DE9F041194C6468A40004D5A3
:10AC30009046184A1268120701D4BDE8F08103F16A
:10AC40000C0405460E462046022111F0C4FA40F6D7
:10AC50003E4301210380204611F0BDFA04230B215D
:10AC60000370204611F0B7FA0570A0F801803DB9D5
:10AC70007268B368C0F80320C0F80730BDE8F081FF
:10AC80000027C0F80370C0F80770BDE8F08100BF6E
:10AC90007001002068010020F0B50138144687B02B
:10ACA000092806D8DFE800F009273D05054F0561B2
:10ACB00082956FF0150007B0F0BD4F4B0D2118883D
:10ACC00011F0CFFF0D2120600C3011F084FA4FF409
:10ACD0008064002304210122484D0370C0F8015014
:10ACE000A0F80540C171037242728372C37203738C
:10ACF000002007B0F0BD404B4121188811F0B1FF92
:10AD0000412120600C3011F066FA002104463E22F9
:10AD100000F8031B16F0F4FE40F2A733A4F801304C
:10AD2000E6E7354B0921188811F09BFF09212060C7
:10AD30000C3011F050FA0022034603F8012BC0F842
:10AD400001205A60D4E7C9680020FEF7FBFD2A4BBA
:10AD50000121188811F085FF012105460C3011F002
:10AD60003AFA002303702560C2E7254E01AD0FCEED
:10AD70000FC5214F3368122138882B7011F071FFF5
:10AD8000122120600C3011F026FA002304460646FA
:10AD900095F800C004F8013B01AD0FCDC6F80100E5
:10ADA0006160A260E36084F810C0A1E7124B182133
:10ADB000188811F056FF182120600C3011F00BFAA2
:10ADC00000230446012100F8023B0AF0EBFD60700D
:10ADD0008EE7094B2121188811F043FF21212060C3
:10ADE0000C3011F0F8F900230146013001F8113B55
:10ADF0000AF028FE7CE700BF8E8B002002000500D1
:10AE0000342C020000232DE9F0418EB00993038A0F
:10AE1000022B35D904460E460C30032111F017FAE7
:10AE2000228A83789A422BD30088DB4FC0F3852394
:10AE3000082B1FFA80FC3880C0F309050DD8C3B178
:10AE4000013B072B15D8DFE813F09A0114007B01B2
:10AE5000610114001400140020003F2B09D1214689
:10AE6000284609AAFFF718FF163040F02085B7F8EA
:10AE700000C0012160460EB0BDE8F04111F003BFF3
:10AE8000002420460EB0BDE8F081681E9C28F0D852
:10AE900001A353F820F000BFD1B70000ABB700000A
:10AEA0005FB7000073AE000055B7000073AE00003E
:10AEB00073AE000073AE000073AE000073AE00000E
:10AEC0003DB700000BB70000DBB60000D3B60000B2
:10AED000B1B60000ABB60000A3B600009BB6000000
:10AEE00077B600006FB6000045B6000037B6000028
:10AEF000FDB50000DDB50000C5B5000073AE000073
:10AF000073AE0000A5B5000073AE000073AE000084
:10AF100073AE000089B5000061B5000051B50000B6
:10AF20001DB5000011B5000073AE000073AE000047
:10AF300003B50000FBB40000F5B400007DB40000D0
:10AF400049B4000015B400000BB40000FDB30000CC
:10AF5000B3B300009DB4000091B3000045B30000FE
:10AF600073AE000073AE000073AE000073AE00005D
:10AF700073AE000073AE000073AE000073AE00004D
:10AF800073AE000073AE000073AE000073AE00003D
:10AF900073AE000073AE000073AE000073AE00002D
:10AFA00073AE000073AE000073AE000073AE00001D
:10AFB00073AE000073AE000073AE000073AE00000D
:10AFC00023B3000073AE000073AE000003B30000B3
:10AFD00073AE000073AE000073AE000073AE0000ED
:10AFE00073AE000073AE000073AE000073AE0000DD
:10AFF00073AE000073AE000073AE000073AE0000CD
:10B0000073AE000073AE000073AE000073AE0000BC
:10B0100073AE000073AE000073AE000073AE0000AC
:10B0200073AE000073AE000073AE000073AE00009C
:10B0300073AE000073AE000073AE000073AE00008C
:10B0400073AE000073AE000073AE000073AE00007C
:10B0500073AE000073AE000073AE000073AE00006C
:10B0600073AE000073AE000073AE000073AE00005C
:10B0700073AE000073AE000073AE000073AE00004C
:10B0800073AE000073AE000073AE000073AE00003C
:10B0900073AE000073AE000073AE000073AE00002C
:10B0A00073AE000073AE000073AE000073AE00001C
:10B0B000AFB2000073AE000073AE000073AE0000CC
:10B0C00073AE000073AE000073AE000073AE0000FC
:10B0D00073AE000073AE000073AE000073AE0000EC
:10B0E00073AE000073AE000073AE000073AE0000DC
:10B0F00073AE000073AE000073AE000073AE0000CC
:10B1000073AE000073AE000095B20000681E082800
:10B110003FF6AFAE01A353F820F000BF6BB20000C2
:10B120001BB20000F5B1000073AE000073AE00006A
:10B1300073AE000073AE000073AE0000D5B1000026
:10B14000632D00F056832BD8032D00F06F832D2D37
:10B1500000F05283012D7FF48CAEE2680F4B116832
:10B1600060461960294652685A6011F07AFD012143
:10B1700004460C3011F02FF80023037081E6062DF1
:10B1800000F02E831D2D7FF474AEE368188801F063
:10B1900067FC014638886EE68E8B00207001002027
:10B1A0007B2D00F06B837C2D7FF463AEE3681E88FB
:10B1B0005988B0B201F030FD05460321388811F0FE
:10B1C00050FD032104460C3011F005F80570A0F87D
:10B1D000016056E66046072111F043FD0721044651
:10B1E0000C3010F0F8FF0146002001F8010BFEF7CB
:10B1F000D5FB46E60921604611F033FD09210446DE
:10B200000C3010F0E8FF00220346602103F8012B08
:10B21000C0F801205A60417133E66046412111F0C7
:10B2200020FD412104460C3010F0D5FF00210546D9
:10B230003F2200F8021B16F063FC4FF40A7204234D
:10B24000C0212020A5F80F204FF49062A971EB7265
:10B25000CA4985F83030EB75C94B6870C5F81A10CB
:10B26000C5F82130A5F827200BE60921604611F02A
:10B27000F8FC092104460C3010F0ADFF00234FF418
:10B2800050610D22BF4D0180C0F805508370C3701E
:10B290000271F6E5E4686188A379A2882088B4F891
:10B2A0000740009404F044F801463888E3E560461E
:10B2B000FA2111F0D6FCFA2104460C3010F08BFF75
:10B2C0004FF480730546F82220F8023B002116F067
:10B2D00017FCFEF71BFB0023AA7A61F3070342F079
:10B2E0000202AA72C1F3072262F30F23090C61F371
:10B2F0001743090A61F31F63C5F80200C5F8063059
:10B30000BFE5E068C17907F0B3FE01210546388842
:10B3100011F0A7FC012104460C3010F05CFF057011
:10B32000AFE56046032111F09CFC032104460C307C
:10B3300010F051FF00230146013001F8023BFEF7F7
:10B34000FDFA9EE5E2689578D178EE0744BF41F0BA
:10B350000301D170AD071088B2F80540137940F1B0
:10B36000AC8243F00303137143EA0102032A40F065
:10B37000B0824E0700F0AA8214F003021CBF04F151
:10B38000FF3404F0010201F0F5FB0146388872E554
:10B39000E3681A78D10749BF0721587808465970E1
:10B3A000920749BF0722997811469A7001F0D6FB9F
:10B3B000ABE76046092111F054FC092104460C302A
:10B3C00010F009FF05460AAB0DF1220208A90DF1A4
:10B3D0001E0001F093FB0022BDF81E30A5F80130DD
:10B3E000BDF82030A5F80330BDF82230A5F80530AF
:10B3F000BDF828302A70A5F8073042E5E3681888C0
:10B4000007F02CFE01213888AFE6E368187807F0D2
:10B4100011FE7AE7E368072118680AAE0A909A8855
:10B420009B796046ADF82C208DF82E3011F019FC78
:10B43000072104460C3010F0CEFE05463046691C4C
:10B4400007F0C6FD28701CE5E368072118680AAEFE
:10B450000A909A889B796046ADF82C208DF82E30A2
:10B4600011F0FFFB072104460C3010F0B4FE054636
:10B470003046691C07F070FD287002E56046022125
:10B4800011F0EFFB022104460C3010F0A4FE05463B
:10B4900007F02CFC002368702B70F2E4E368604630
:10B4A00005211E8811F0DDFB052104460C3010F04B
:10B4B00092FE0546B7B22A1DE91C384601F02EFB64
:10B4C000EB782979002B93FAA3F391FAA1F2B3FA5E
:10B4D00083F308BF4FF0FF330029B2FA82F208BFAE
:10B4E0004FF0FF32013301322870A5F80160EB7094
:10B4F0002A71C6E407F0FCFB07E7E06807F03AFCB6
:10B5000003E7E06800F11702C11D07F0CDFFFCE67C
:10B51000E3685988188801F0E5FAF6E660460521E7
:10B5200011F09FFB052104460C3010F054FE054637
:10B530000AA90DF1220001F0C9FA0022BDF822305B
:10B54000A5F80130BDF828302A70A5F8033098E43A
:10B55000E3681E889A885988B0B201F097FA2BE602
:10B5600000230221E26816889278CDE90233CDE902
:10B570000033B0B201F0D8F91EE600BF17FCFF0996
:10B5800030F0F97FF105FFFF0022E46802212688F0
:10B59000638803922589B0B20295E5880195A48855
:10B5A0000094E7E70921604611F05BFB092104469E
:10B5B0000C3010F010FE0023C749C84A01604260F9
:10B5C00003725EE4E16801F10C0301F10A0231F853
:10B5D000020B06F04DFE014638884CE46046092116
:10B5E00011F03FFB092104460C3010F0F4FD00235C
:10B5F000082100F8013B08F079FB42E4E0680023F1
:10B600000AAA00F110010BF03BFB1121388811F060
:10B6100028FB112104460C3010F0DDFD0023064606
:10B62000074606F8013B0AAD0FCDC7F8010071606F
:10B63000B260F36025E4E368188801F0FBF9014685
:10B64000388818E4E368604608211E8811F009FB79
:10B65000082104460C3010F0BEFD0546B7B238464E
:10B66000E91C01F09BF9A5F80160287009E4E06885
:10B6700007F088F849E60022E1684B8808880392C1
:10B680000C890294CC88019489880091114601F0BC
:10B690004BF901463888FFF7EEBBE06807F0B6FAD1
:10B6A00033E6E06807F0FEF92FE607F0D3F92CE661
:10B6B0006046022111F0D5FA022104460C3010F048
:10B6C0008AFD00230370054607F0C2F96870FFF792
:10B6D000D8BB304606F094FD17E6E468B4F8135082
:10B6E00061886379227920880495B4F81150063472
:10B6F0000395B4F809500295A5790094019506F0D8
:10B7000091FB01463888FFF7B6BBE368187800283C
:10B7100000F0D0805B78002B00F0CC800022134634
:10B720006F490A606F4A136000F094FE05460C2DC5
:10B730004FF0010108BF00253888E9E5E468637926
:10B74000B4F80320B4F801102078A479009400F034
:10B7500005FEDAE5E1680120FEF7F4F8D5E560467C
:10B76000092111F07EFA092104460C3010F033FD56
:10B770000025034603F8015BC0F801505D600646F2
:10B78000FEF7C4F82B46C1F3072261F3070362F307
:10B790000F23090C61F31743090A61F31F63C6F80D
:10B7A0000100C6F80530FFF76CBB0421604611F0BC
:10B7B00058FA042104460C3010F00DFD00236FF000
:10B7C00004014022037041708370C270FFF759BBBF
:10B7D000E268454B11686046526819600121C3E474
:10B7E000E3689978188801F0FDF801463888FFF77A
:10B7F00042BBE2683D4BEDE7E368604604211E88EA
:10B8000093F8028011F02DFA042104460C3010F058
:10B81000E2FC0546B7B2022042463946EB1CFEF771
:10B820007BF8A5F801602870FFF72BBB4FF0FF31C4
:10B830002C4A1F20116000212B4A4FF0FF3441F6A3
:10B84000FF75C2E9000100200021294BC3E9004532
:10B85000264BC3E90001FEF78BFB0121388811F06C
:10B8600000FA012104460C3010F0B5FC0023214AF7
:10B8700003701360FFF752F9FFF703BBE3680AA9EF
:10B880001E88B0B201F09CF905210546388811F0F8
:10B89000E8F9052104460C3010F09DFC0570A0F875
:10B8A0000160BDF82830A0F80330FFF7EABA099C20
:10B8B000FFF7E7BA4FF0FF3334E741EA0302032A08
:10B8C00007D84D0702D05A077FF456AD1221FFF773
:10B8D000D1BA1121FFF7CEBA0070330F133F020027
:10B8E0003034002034340020680100204012002051
:10B8F000700100202C34002000230B60038A032BEE
:10B9000055D92DE9F047054688460C30042110F042
:10B910009EFC2B8A4688B0F80090B34225D3FB2EBC
:10B9200023D800F0B9FF4FEA1937BA460446F8B1F8
:10B930005FEA9A0A19D19FB1012F16D12379667156
:10B9400067F301032371E9683246E01D16F0B2F88F
:10B950002146C9F30B0000F0ABFF18B9BDE8F08732
:10B960000227EBE7204600F09DFF6FF01500F5E79A
:10B97000104B1B689B0117D54FF0FF324FF0FF3380
:10B980000220F6F785FE0221C8F800000C3010F006
:10B9900022FC4FF48D730380D8F8000001210C3095
:10B9A00010F019FC012303706FF06800D6E76FF008
:10B9B0001500704770010020F8B50D4B1B68DB06C1
:10B9C00000D4F8BD02F10C0407460D4620460221C2
:10B9D00010F001FC40F2054304210380204610F0E2
:10B9E000FAFB0026A0F8015006703A78C270F8BD44
:10B9F00070010020024A1368013B1360704700BFCA
:10BA00002C340020037F03F00303013B012B01D9F9
:10BA100000DE704770B5044601F10C05284604218C
:10BA2000E68810F0D8FB0346227F02F00302022AC8
:10BA30000CBF46F4005646F480560680627F2846C6
:10BA40005A80617F10F0C7FB627F04F11F01BDE8DF
:10BA5000704016F02FB800BF2DE9F04F90F804C0E9
:10BA60000446BCF1030F0D4689B000F11C0620D03E
:10BA7000ACF1050CC788BCF1180F5BD8DFE81CF0EF
:10BA80005E005A005A005A005A005A005A005A00E2
:10BA90005A005A005A005A005A005A005A005A00D6
:10BAA0005A005A00D2003101390166017D0191012D
:10BAB000B201C37FC788033B392B3BD8DFE813F0C3
:10BAC0005F023A003A008702A0023A00AE023A0052
:10BAD0003A003A0042023A00B3023A003B003A0010
:10BAE0003A00E501E5013A003A003A003A003A002E
:10BAF0003A003A003A003A003A003A003A003A0076
:10BB00003A003A003A003A003A003A003A003A0065
:10BB10003A003A003A003A003A003A003A003A0055
:10BB20003A003A003A003A003A003A003A003A0045
:10BB30003A000C0200DE09B0BDE8F08FC94A037E6E
:10BB400092E803000A0C8DF81E20227FA67E5B423D
:10BB5000ADF81C10510694F8198006905FB2C6F338
:10BB6000400600F17781C04B5B6803F00053002E64
:10BB700040F0C482002BDED0BC4B1B689B07DAD59B
:10BB8000207F04F11E09C0F380114A4600F00F0027
:10BB9000FEF7D4FF0028CED1237F03F00F03012B43
:10BBA00000F04683627FA2F1060A5FFA8AFA5646DF
:10BBB000931D05325FFA83FBD3B205930C35022146
:10BBC000284610F008FB3E220121027080F801B0E7
:10BBD000284610F000FB022305990370284610F058
:10BBE000FAFA01230370237F054603F00F036B4429
:10BBF0001B7E437007F07AF8804580F00C83404646
:10BC0000EA1CA91C07F04EF8AB780233AB7085F83C
:10BC100009A00A353246284604F1240115F04AFFEE
:10BC2000AF5588E7F60700F1F482267F002E00F07A
:10BC300023818D4B5B6898007FF57DAF8B4B1B6834
:10BC400003F4007813F0010340F0128258EA030372
:10BC50003FF471AF002E40F0C182854A0C35136865
:10BC6000013313600221284610F0B5FA41F63E7305
:10BC700001210380284610F0AEFA0A2203461E2155
:10BC80001A70284610F0A7FA0023A0F8017003707C
:10BC9000637FC370A37F0371D4F81F30C0F80530F1
:10BCA000B4F82330A0F80930D4F82B30C0F80B30AA
:10BCB000B4F82F30A0F80F30D4F82530C0F8113088
:10BCC000B4F82930A0F81530638EA0F81730A38E91
:10BCD000A0F81930E38EA0F81B3094F83830437781
:10BCE00029E70A463046394609B0BDE8F04FFFF76C
:10BCF00063BE5D4B5B6899007FF51DAF5B4B1B68B6
:10BD00005A077FF518AF0C350221284610F063FA68
:10BD100040F63E2301210380284610F05CFA0323FD
:10BD200009210370284610F056FAF30700F18882C3
:10BD3000237FA0F801700370E38BA0F80330238CFD
:10BD4000A0F80530638CA0F80730F4E6464B0024D9
:10BD50005B681E047FF5EFAE0C350221284610F01B
:10BD60003AFA4FF44C720346032128461A8010F029
:10BD700032FA0470A0F80170DDE63E4B1B681C022D
:10BD80007FF5D9AE0C350221284610F024FA40F296
:10BD900057220346022128461A8010F01CFA078019
:10BDA000C9E6314B5B6898007FF5C5AE2F4B1B6829
:10BDB00019037FF5C0AE0C350221284610F00BFAAE
:10BDC00040F23E4301210380284610F004FA142279
:10BDD000034603211A70284610F0FDF90780237FDF
:10BDE0008370A8E6204B5B689A007FF5A4AE1F4BDA
:10BDF0001B681B057FF59FAE0C350221284610F00D
:10BE0000EAF940F23E6301210380284610F0E3F98D
:10BE10000C22034605211A70284610F0DCF9237F16
:10BE2000A0F801700370627F92FAA2F3002AB3FABD
:10BE300083F308BF4FF0FF330133C370A27F92FA40
:10BE4000A2F3002AB3FA83F308BF4FF0FF330133A4
:10BE5000037170E600214246084604F11E0307F014
:10BE600039F880E6342702007001002068010020C4
:10BE70002C34002040120020FF22A07F04F1250373
:10BE800004F11F0107F026F8D3E6D14B5B68980058
:10BE90007FF551AECF4B1B6859067FF54CAE0C3584
:10BEA0000221284610F097F940F63E330121038025
:10BEB000284610F090F9072203460A211A702846F6
:10BEC00010F089F90780A38C4380E38C8380238C56
:10BED000C380638C03812EE6BD4B00265B689A000D
:10BEE0007FF529AEBB4B5B68DB027FF524AE0C35DA
:10BEF0000221284610F06FF940F63E23012103800D
:10BF0000284610F068F9352309210370284610F0FF
:10BF100062F9054638462E70A5F8017000F0AAFCBB
:10BF2000002800F08B8190F83730DB095B00EB7064
:10BF3000238CAB8094F82230AB71B4F82330A5F891
:10BF40000730F8E5A24B1B681A067FF5F4AD0C35F7
:10BF50000221284694F8204010F03DF94FF4816208
:10BF6000034604211A80284610F035F900239C422C
:10BF700008BF1F24A0F801700470C370DBE5944B68
:10BF80005B689E007FF5D7AD924B1B68D8067FF5A6
:10BF9000D2AD0C350221284610F01DF940F63E5373
:10BFA00001210380284610F016F9052203460C21D2
:10BFB0001A70284610F00FF9034623F8027B216A15
:10BFC000626AC0F802105A60238D4381B3E5804B4A
:10BFD00000241B6819067FF5AEAD0C3502212846FA
:10BFE00010F0F9F84FF48162034604211A802846C4
:10BFF00010F0F1F801230470A0F80170C3709AE505
:10C0000090F820300E2B7FF496AD0B463A46002177
:10C010001A2009B0BDE8F04FFEF704BE0B463A46C1
:10C0200031460020F5E76A4B5B689B005BD5694BA6
:10C030001B689E0657D50C350221284610F0CBF818
:10C0400040F63E3301210380284610F0C4F8062252
:10C0500003460A211A70284610F0BDF80780238C89
:10C060004380638C8380A38CC380E38C038162E56F
:10C07000002E40F08A80584A136801331360B8F1EB
:10C08000000F40F0DF800C350221284610F0A3F8A5
:10C0900041F23E3301210380284610F09CF8012331
:10C0A00012210370284610F096F80670A0F801706F
:10C0B000637FC370A37F03F001030371D4F81F30C3
:10C0C000C0F80530B4F82330A0F80930638EA0F82A
:10C0D0000B30A38EA0F80D30E38EA0F80F3094F84B
:10C0E0003830437427E500231A2202213846CDE96F
:10C0F0000233CDE9003300F017FC1CE5002B3FF4C0
:10C100001AAD344B1B685A057FF515AD207F00F042
:10C110000F03012B40F0A48004F11E06C0F3801130
:10C12000324600F00F00FEF709FD00287FF403AD52
:10C130000C350221284610F04EF841F23E23012131
:10C140000380284610F047F80B231121037028467E
:10C1500010F041F840F201130380054606F0C6FDD9
:10C16000804571D24046EA1CA91C06F09BFDAB78C5
:10C170000233AB70237FC3F3C0136B72636AC5F8DD
:10C180000A30238D2F74EB81D5E4B8F1000F25D14F
:10C190000C350221284610F01EF841F23E330121F1
:10C1A0000380284610F017F8012203461221284682
:10C1B0001A7010F010F8C0F80180C0F80580C0F8BF
:10C1C0000980C0F80D8080F811800670B3E400BFCC
:10C1D00070010020680100202C3400200C35022161
:10C1E00028460FF0F8FF41F63E73012103802846F0
:10C1F0000FF0F1FF0A2203461E211A7028460FF0A5
:10C20000EAFF04461D220021601C15F079FC26700F
:10C2100091E400DE09E5237FC3F38013AB70D4F80B
:10C220001E30C5F80330B9F80430A5F80730EEE445
:10C230000B234FF00C0BB2460593BFE4022376E6C6
:10C2400000DE75E50C350DE5237FC3F38013AB707D
:10C25000D4F81E30C5F80330B388A5F8073089E755
:10C2600000DE207F58E700BF70B500F10C040E46D9
:10C270002046022115460FF0AEFF40F2135203464E
:10C2800005211A8020460FF0A6FF0123A0F80160C7
:10C290000370A0F8035070BD0379032B08D0053B51
:10C2A000DBB2182B01D900207047054AD05C7047DB
:10C2B000037F03F00303032B14BF05200420704702
:10C2C000442E02004FF0FF3230B44FF0FF3441F6FD
:10C2D000FF750A4B00211A600020094B0022C3E9B8
:10C2E00000451F240025074BC3E900010649074B01
:10C2F000C1E900451A6030BCFEF710BC34340020A0
:10C300007001002040120020680100202C34002021
:10C3100070B5059E1546344614F8101B9DF810C0E4
:10C320000131C9B2317099B100220A490B818B7A6F
:10C33000C1E900056CF300038B72074BCC60996078
:10C3400001201146FCF718F900B970BD00DE70BD80
:10C3500000DEE9E7481200207004002030B5144CDC
:10C36000844694F84CE09DF80C501EF001001DD15D
:10C3700063F3420E40F27123A2FB0323A4F84210A0
:10C380004FEA4C1C94F83810ED0005F018050CF03D
:10C39000200C4CEA050C21F03801C4E911224CEACA
:10C3A000010C84F84CE084F838C030BD0C2030BD5E
:10C3B000581200200020704740F2712C03FB0CF350
:10C3C000844600B59DF804E049014FEACE0E0EF018
:10C3D000180E01F0200141EA0E019CF828E0ACF8AB
:10C3E00032202EF0380E41EA0E018CF82810CCF8DD
:10C3F000343018465DF804FB38B50546023001F1CB
:10C400001002C0B2FDF7FCFF044600B938BD10F1C0
:10C41000780F01D10C2038BD40F29123094A0A4916
:10C420000A480FF09BFC2246294609480FF096FC6B
:10C43000002383F31188BFF36F8F0323184602DFB5
:10C440000C20E8E7482C0200882C0200A02C0200F7
:10C45000C02C020038B5294C94F84C3003F001028E
:10C4600060B362BB9A07C3F341050BD50120FDF70A
:10C4700087FA0621FBF7ECFF00283DD094F84C50DA
:10C48000C5F3410594F83800C0F3C10006F0DAFEA8
:10C49000FF2194F8393094F8382023F0020384F80F
:10C4A0003930930684F83A1002D5023D012D19D98E
:10C4B0001248F4F79DFB10B9002038BD0AB90C20D2
:10C4C00038BD6369002BFAD12146FFF795FF00289C
:10C4D000F5D194F84C2060F3000284F84C2006F06B
:10C4E00093FEE9E7002006F0C7FE94F8393043F0E8
:10C4F000020384F83930DBE7122038BD58120020DF
:10C5000038B500240C4D34B995F84C4014F00104B2
:10C5100001D0686908B1002038BD2946FFF76CFFDB
:10C520000028EFD195F84C2060F3000285F84C20EC
:10C5300006F06AFEE6E700BF58120020034A044BEB
:10C54000801AA3FB0030C0F38710704758120020F8
:10C55000CDCCCCCC044A0068044B801AA3FB00303D
:10C56000C0F38710704700BF58120020CDCCCCCC50
:10C5700030B9044890F84C3013F0010300D07047F4
:10C580000020704758120020044B93F84C2002F012
:10C59000010210430CBF18460020704758120020BB
:10C5A00098B90B4A92F84C3013F001000ED0506944
:10C5B00092F83820003818BF0120C2F3401203F06F
:10C5C0000103934043EA800070470020704700BF9A
:10C5D0005812002050B9064B93F84C0010F001009F
:10C5E00005D093F83800C0F3C100704700207047B1
:10C5F000581200200146002208B5054B0120996021
:10C600001146FBF7B9FF00B908BD00DE08BD00BF49
:10C6100080040020836801465A6892F82730DB09BD
:10C6200001D000DE7047083105F090BE2DE9F041E1
:10C630000446066882B04FF4D87224493046FBF7AE
:10C64000F3FE04F18005214608F0A2FC2946D4F847
:10C65000840001AAFBF728FF18B34FF6FF77DFF835
:10C66000708098F8292298F82812531CDBB2452BC9
:10C6700008BF0023994225D0019908EBC20C28F885
:10C680003270CCF804100A680260019A106088F8D1
:10C6900029322946D4F8840001AAFBF705FF0028B7
:10C6A000DFD1D6F8700106F5B87138B10023C6F8AD
:10C6B0007031FDF739FF02B0BDE8F08100DED6F839
:10C6C0007001F3E700DE00231B80FFDEA8120020CC
:10C6D0000C78002010B50C4630B92046FDF754FE0A
:10C6E000844200D000DE10BD00DEF6E710B50C4637
:10C6F00030B92046FDF73CFE844200D000DE10BD7C
:10C7000000DEF6E710B50C4640B9074B02460121A2
:10C7100002209C60FBF730FF20B910BDFDF722FE20
:10C720008442FAD000DE10BDA004002000B970479A
:10C7300000B583B00191FDF733FE0199814202D12A
:10C7400003B05DF804FBFDF70DFE01998142F7D0BF
:10C7500000DEF5E710B5194B01224FF4D8711848E7
:10C76000FBF712FE00224FF4D8711548FBF758FE74
:10C770004FF6FF7C0446134BA4F824C0181D40223A
:10C780004FF48271FBF700FE0F4B4422181D082165
:10C79000FBF7FAFD02F0A4FB4FF01B0C4FF4A47161
:10C7A00003230024094A0A48A2F800C0094A046089
:10C7B00011800949094A0B70137010BDE034002044
:10C7C000A812002008370020E4340020928B0020BB
:10C7D000447C0020908B0020248E0020238E00209B
:10C7E00010B5037883B1104B00F110019960826895
:10C7F000BAB900220D4C0C4BC0E902410120114690
:10C80000FBF7BAFE58B910BD03F0FF02084B103019
:10C81000986011460120FBF7AFFE0028F3D000DE40
:10C8200010BD00DE9968E4E790040020F5C5000023
:10C83000800400200148FBF7CBBD00BFE03400209E
:10C840000149FBF7D9BD00BFE03400204FF4D87296
:10C850000149FBF7E9BD00BFA8120020024620B93C
:10C860004FF4D8710248FBF7DBBD0020704700BFD2
:10C87000A812002060B9024608B54FF4D8710548E7
:10C88000FBF7CEFD10B1838C03B908BD002008BDB5
:10C8900000207047A81200200148FBF799BD00BF97
:10C8A000083700200149FBF7A7BD00BF083700206B
:10C8B00080BB38B502460D4618484FF4D871FBF7D7
:10C8C000AFFDD0B1828CC2B9154C94F809C294F86E
:10C8D00008120CF10103DBB2412B08BF002399427F
:10C8E00015D024F83C2004EBCC0CCCF8045084F890
:10C8F0000932037823B9002038BD6FF0150038BD28
:10C90000084B012198600320FBF736FEF3E76FF038
:10C91000680038BD6FF01500704700BFA8120020F6
:10C92000387A0020B00400202DE9F047DDF82C9083
:10C93000BDF82070BDF82480BDF82860A0B98A46F3
:10C9400014464FF4D871024613481D46FBF768FDA4
:10C9500050B1838C43B9BAF1000F0FD0BAF1020F76
:10C9600005D00120BDE8F0870220BDE8F0877CB14A
:10C97000214602F077FD0020BDE8F08743463A46A5
:10C980002946CDF824900896BDE8F04702F0E6BCB1
:10C9900002F058FDEFE700BFA8120020E8B938B553
:10C9A00002460C460E484FF4D871FBF739FD054698
:10C9B00050B1838C43B902F059FC38B1036823604D
:10C9C00003792371002038BD022038BDD5F83230FC
:10C9D000236095F836302371F4E70220704700BFDA
:10C9E000A812002008B10220704710B502460C467C
:10C9F0000E484FF4D871FBF713FDA0B1838C93B9A7
:10CA00001A2C0AD8042C0CD9094BE340DB0708D5B3
:10CA10002146BDE8104002F0F3BB292CF8D03B2C96
:10CA2000F6D0122010BD0C2010BD00BFA8120020AF
:10CA30002000380480B9024608B54FF4D871074881
:10CA4000FBF7EEFC30B1838C23B9BDE8084001212F
:10CA500002F024BB022008BD02207047A81200206B
:10CA600078B9024608B54FF4D8710748FBF7D8FCEF
:10CA700028B1838C1BB9BDE8084002F027BB022017
:10CA800008BD0220704700BFA8120020C8B938B501
:10CA90000C4615464FF4D87102460B48FBF7C0FC14
:10CAA00058B1828C4AB9D0F848319B0607D52A463E
:10CAB0002146BDE8384002F0EBBB022038BD1A2009
:10CAC00038BD0220704700BFA8120020034A044B63
:10CAD00012881B8802800B80704700BF928B002059
:10CAE000908B00208446034A034B0020A2F800C02C
:10CAF00019807047928B0020908B002000B540F683
:10CB0000480C4FF0FB0EA0F800E0A2F800E0A1F8FE
:10CB100000C0A3F800C05DF804FB00BFC8B938B579
:10CB20000D4614464FF4D87102460B48FBF778FCCB
:10CB3000034660B1808C50B993F88C20C2F3020296
:10CB40002A7093F88D30C3F30203237038BD02209E
:10CB500038BD0220704700BFA81200208446034A57
:10CB6000034B002082F800C019707047248E00200B
:10CB7000238E002000BBF0B50E46154683B002465A
:10CB80004FF4D8710D481C46FBF74AFC70B1838CFA
:10CB900063B9D0F84831DB050BD5012723462A4677
:10CBA0003146009702F004FB03B0F0BD022003B051
:10CBB000F0BD1A2003B0F0BD02207047A81200207B
:10CBC00018BB10B502460C4611484FF4D871FBF75C
:10CBD00027FCC0B1838CB3B9C28CB0F89431052A5C
:10CBE0000CD84FF4FA7102FB033301FB03F3094A3B
:10CBF0000020A2FB03235B0B238010BD40F2E24127
:10CC000002FB03F3F1E7022010BD0220704700BFD2
:10CC1000A81200205917B7D148BB10B502460C46E0
:10CC200014484FF4D871FBF7FBFBF0B1838CE3B9E8
:10CC300042F2107202FB04F1C38C0139052B0AD8B1
:10CC40004FF4FA7203FB02231944B1FBF3F1A0F88D
:10CC50009411002010BD40F2E24202FB03F319449C
:10CC6000B1FBF3F1A0F89411F3E7022010BD02200C
:10CC7000704700BFA812002008B5FFF76BFD002029
:10CC800008BD00BF38B505F015FB00224FF4D87180
:10CC90001948FBF7C5FB044660B32146032004F1A5
:10CCA0001002FDF7ADFB054610B110F1780F0CD165
:10CCB0000025124A124BC4F8A050A2F80852A3F85B
:10CCC0002852FFF747FD284638BD40F24D730D4A04
:10CCD0000D490E480FF042F82A4600210C480FF08B
:10CCE0003DF8002383F31188BFF36F8F03231846A9
:10CCF00002DFDDE700DED0E7A8120020387A00204E
:10CD00000C780020D82C0200882C0200A02C0200F5
:10CD1000C02C0200014B1878704700BF248E002001
:10CD2000014B1878704700BF238E00208A68086086
:10CD30001368187828B19A6872B9084AC3E90221C1
:10CD40007047526892F82730DB0901D000DE704747
:10CD50000846083105F0FABA00DEEEE715C6000015
:10CD60000B68DA88002A37D170B50C4606464FF4B6
:10CD7000D8711B48FBF754FB0546F0B1838CE3B92F
:10CD800002F0ACFB2268137F03F00303032B08D1EE
:10CD900001231371314628462268BDE8704002F035
:10CDA000B1BB73B195F86A319A0705D53D230122CD
:10CDB00085F86C3123681A7170BD012223681A71DD
:10CDC00070BD95F86A319B0703D53D2385F86C311A
:10CDD00022680123137170BD01221A71704700BFD0
:10CDE000A81200204FF6FF7C10B50446808C6045E9
:10CDF0000CD02046A4F82C31C4E9491202F0FEF808
:10CE000094F86A3113F0010002D110BD00DEF0E7A2
:10CE100023F0010384F86A316FF08B0010BD00BF6E
:10CE200070B51C4C064694F809221DE04FF4D871E9
:10CE30001948FBF7F5FA696808B3838CEC30F3B94D
:10CE400001F09CFE94F8081294F809224B1C8A42C7
:10CE5000DBB206F1FF3604D0412B08BF002384F873
:10CE6000083216F0FF0613D094F8083293420FD020
:10CE700034F8332004EBC305002AD7D069680B7956
:10CE80004FF6FF7023F003030B71FDF73BFAD9E770
:10CE900070BD00BF387A0020A8120020F0B5324AD9
:10CEA0000B46146883B0A04208BF0021054608BFA6
:10CEB00011601822808C012185F88C3185F874214D
:10CEC000A5F87601284602F0A3F805F1EC062846FD
:10CED00002F0B2F8304601F039FE304601F06EFE45
:10CEE000044628B3037905F1940703F00303032BE9
:10CEF0000CBF0346002303601C48FBF769FAA8B186
:10CF000021463A46FBF7BEFA304601F057FE04468A
:10CF100070B1037903F00303032B0CBF0346002316
:10CF200003601248FBF754FA0028E9D100DEE7E776
:10CF3000AA8C0121033200200D4B0095D2B2FCF7E0
:10CF40001DFC10F0FD0F08D14FF6FF73FF20AB84DE
:10CF500003B0BDE8F040FFF763BFFDF703FA854279
:10CF6000F2D000DEF0E700BF447C0020E434002073
:10CF700005C700004FF6FF732DE9F04184688AB0C1
:10CF8000A28C9A4200F0BA800546204602F0A6FA2A
:10CF9000AB7C012B00F0DA80022B00F0B28033B9B9
:10CFA00094F8A63003F01803182B00F0128194F8BF
:10CFB0006C81B8F1000F40F0A880A68DEB89013696
:10CFC000E78DB6B2002B00F0A780A4F898812B7CE7
:10CFD00003F00303012B00F0B480B4F89C31002B64
:10CFE00000F0BA80B34240F215819B1B9BB2062B26
:10CFF000A4F89C318CBF0023012300229846E285CF
:10D0000094F83A20314663F3820284F83A202046AD
:10D010000DF1270201F0BCFF743000F0F580B4F888
:10D0200096312BB1B34240F2C4809B1BA4F89631D9
:10D03000B4F892312BB1B34240F2B4809B1BA4F8F8
:10D04000923194F8E930E58D03F00103B8F1000F57
:10D050000AD1AF4200F0A2800135ADB23BB9002D3C
:10D060004CD04346414634E00135ADB283B394F829
:10D07000E93094F9372023F00103002A84F8E930DD
:10D08000C0F2848094F88C00C0F3C00100F0070067
:10D0900006F00AFF94F88C2094F88D1002F0030338
:10D0A0000933C2F34002DB00D340E28B02F23F12AD
:10D0B000134401F003020932C1F34001D200CA4017
:10D0C000134461681844814280F09980431A60607B
:10D0D0000021A28C246901935C4B03320593002349
:10D0E000029118460121CDE903580694D2B200936B
:10D0F000FCF7FAFA10F0FD0F40F090800AB0BDE89E
:10D10000F0813D23984684F86C31414620460AB0B0
:10D11000BDE8F041FFF7C2BE2B7C03F00303012BF7
:10D120000FD0B4F89831002B3FF457AFB34273D906
:10D130009B1BA4F89831B4F89C31002B7FF452AFBC
:10D1400002E00023A4F89C31002359E70023A4F84F
:10D150009631A4F892312AE7E38C42F21071052B44
:10D160008BBF40F2E2424FF4FA725A4303FB0222B1
:10D17000B4F89A3101FB0323013BB3FBF2F39BB2FA
:10D18000A4F89C31002B7FF42DAFDDE794F88D00DF
:10D19000012100F0070006F089FE7BE7002BADD0EF
:10D1A000454664E700232046A4F8923101F064FF6D
:10D1B00047E7FDF795F80146002836D00023A4F88C
:10D1C00096311B23A28C0371C2800068FDF75AF8C8
:10D1D0002EE7218DB4F894218B1D9A42D2BF1346BD
:10D1E000931F5B1AB4F89011C8BF9BB2994220D02C
:10D1F000A4F89031A4F89231A4F89621D7E6091A40
:10D2000060601CD0002364E720469DF82710FFF7DC
:10D2100045FE73E7082179E73E2177E7FDF7A2F89D
:10D2200084423FF46BAF00DE68E70123A4F8963137
:10D23000FEE6B4F8961100297FF4B9AEDAE70DB135
:10D240000B4646E7B8F1000FDCD157E72DC70000C9
:10D2500038B505460120FFF7E3FD05F1EC0001F0CC
:10D26000ADFCA8B1044603790A4803F00303032B7D
:10D270000CBF234600232360FBF7AAF830B12146F8
:10D2800005F19402BDE83840FBF7FCB800DEF6E794
:10D2900038BD00BFE434002021B3F8B54D1EEDB217
:10D2A00000F1EC0700F1940613E023790E4803F037
:10D2B0000303032B0CBF234600232360FBF788F8EE
:10D2C00070B1013D32462146EDB2FBF7DBF8FF2D90
:10D2D00005D0384601F072FC04460028E5D1F8BDBF
:10D2E00000DEEEE7704700BFE43400200149FBF7A1
:10D2F00083B800BFE4340020014B93F82902704743
:10D300000C78002000B50A4B93F828C293F829E264
:10D31000F4450BD080F800E033F83C0003EBCC037D
:10D3200008805B68136018685DF804FB0020FBE769
:10D330000C780020074B93F828C2844508D003EBF3
:10D34000CC0033F83C300B8043681360186870479A
:10D35000002070470C780020094A92F8281292F8B1
:10D3600029328B4209D04B1CDBB2452B08BF00236E
:10D3700052F8310082F8283270470020704700BF11
:10D380000C78002000B50D4A92F829C292F828E2E4
:10D390000CF10103DBB2452B08BF00239E4509D0E9
:10D3A00022F83C0002EBCC0CCCF8041082F82932B5
:10D3B0005DF804FB00DE00231B80FFDE0C780020FC
:10D3C00070B55379144605460E46002B39D02379A3
:10D3D00003F00302032A0CD04FF6FF72954204BFFC
:10D3E00023F00303237121462846BDE87040FCF773
:10D3F00089BF4FF6FF739D4206D13368A3421AD00E
:10D40000002BF0D000DEEEE7EDB92A464FF4D871DC
:10D410001148FBF705F8E0B1214602F041F8336806
:10D42000A342EDD100224FF4D8710B48FAF7F8FF70
:10D4300008B1838C03B100202146BDE8704001F0A3
:10D44000A1BD00DEC3E700DE0020214602F028F87F
:10D45000D3E700DEE0E700BFA812002090F87C20B0
:10D46000B0F84030C2F30212022A14BFDB089B0856
:10D4700090F8962014BF0A3B0B3B9BB2D20648BFE4
:10D48000043B808F48BF9BB2984228BF1846704724
:10D49000704700BF90F86A3143F0020380F86A31A8
:10D4A000704700BF90F86A3123F0020380F86A31B8
:10D4B000704700BFB0F86831B0F82C21981880B2DE
:10D4C000704700BF0278038E12B1581E80B27047B9
:10D4D000418DB0F82C215818104480B2704700BF1D
:10D4E0002DE9F04F04468DB0CDE90A13B0F868512C
:10D4F000B0F82C3190F88C00BDF864A0C0F3C001E6
:10D5000000F007001D44BDF85890BDF85C80BDF8E0
:10D5100060B0D4F8247106F0C7FCE28CADB2A5EB84
:10D520000A06052A8646B6B240F2D98040F2E243A6
:10D5300012FB06F292B2B9F1050F40F2AE809620CE
:10D5400007214FF09616208484F86610A4F86C002A
:10D55000A4F8740084F86E10B4F8520084F87610C1
:10D56000B4F850104FF00B0C01446548E661C4F864
:10D570006260A06620674E4640F2E24001F2D5119B
:10D58000A4F878C0714403FB02F200FB06F6BF1A50
:10D59000013A3244B2FBF6F2608DB4F86831616052
:10D5A000B4F82C11AAEB05050B441544014494F87A
:10D5B0003700ADB22B4492B20D44C00906FB02778E
:10D5C000A4F86831658565D10B9D0135314620464B
:10D5D000A4F82690A4F82880A4F89AB101F004FDDC
:10D5E000484B218D3344B3FBF6F3881D9AB2904229
:10D5F000A4F8942104D2C1F57F41FA310A4492B2D1
:10D600000A9BA4F8902113B10023A4F89C310221B5
:10D61000012009F0F1F90022022181460120FAF7E8
:10D6200077FF4FF4D87238492046FAF7FDFE374BA2
:10D6300000F103085FFA88F8009342463B46012157
:10D6400000200194FCF7D2F810F0FD0F56D10095A0
:10D6500000204FF6FE75CDE902052D4D0196079588
:10D660002C4D08940694059565683B464246012179
:10D670000495FCF71DF810F0FD0F3DD1B9F1000F36
:10D6800034D194F86A3143F0010384F86A310DB063
:10D69000BDE8F08F00DE002598E7072184F86610CA
:10D6A00084F86E1084F8761034214FF034169620EA
:10D6B00021840B21E661293EA6662667164EA4F852
:10D6C0006C00C4F8626009F10106A4F87400A4F8C3
:10D6D00078104FF4FA7040F21311B6B253E70132EA
:10D6E00012FB06F24FF4FA7392B224E701220221F0
:10D6F0001046FAF70DFFC4E700DEBFE700DEA6E73D
:10D700000B0096007FC3C901A8120020EDC60000DF
:10D71000D5C60000911D0100340096000B4610B5DF
:10D7200004461A683230C4F832201B79052103718F
:10D73000FBF740F894F8373060F3050384F837308E
:10D7400010BD00BF40F6480CB0F85430A1F800C03E
:10D75000634528BF6346B3F5A47F38BF4FF4A47375
:10D760001380704730B5B0F84420C18F03468A4219
:10D7700028BF0A4690F88D00B3F8481000F0070063
:10D78000B3F842C01B2A38BF1B22042814BF4FF431
:10D79000A4704FF42960614528BF6146814238BFBB
:10D7A0000146B3F85250B3F84E408D4243D0A242E6
:10D7B000A3F8521001D0A3F84E20012093F8E920DD
:10D7C00042F0020283F8E920B3F84620998F93F8DB
:10D7D0008CC08A4228BF0A460CF0070CB3F84A10E6
:10D7E000B3F840501B2A38BF1B22BCF1040F14BFF2
:10D7F0004FF4A47C4FF4296CA94228BF2946614507
:10D8000038BF6146B3F85040B3F84CE08C4216D0B4
:10D810007245A3F8501001D0A3F84C2093F8E920EA
:10D8200022F0020283F8E920012093F8E920024364
:10D8300083F8E92030BDA242BDD10020C4E7724583
:10D84000EAD193F8E91041EA510202F0010221F015
:10D8500003010A4383F8E9200028E5D130BD00BF69
:10D8600010B5B0F84420C18F03468A4228BF0A464B
:10D8700090F88D00B3F8481000F00700B3F842406C
:10D880001B2A38BF1B22042814BF4FF4A4704FF486
:10D890002960A14228BF2146814238BF0146B3F822
:10D8A00052E0B3F84EC08E450DD09445A3F8521007
:10D8B00001D0A3F84E2093F8E920012042F00202A3
:10D8C00083F8E92010BD9445F3D1002010BD00BFBE
:10D8D00010B5B0F84620818F03468A4228BF0A4619
:10D8E00090F88C00B3F84A1000F00700B3F84040FD
:10D8F0001B2A38BF1B22042814BF4FF4A4704FF416
:10D900002960A14228BF2146814238BF0146B3F8B1
:10D9100050E0B3F84CC08E4514D06245A3F85010C7
:10D9200001D0A3F84C204FF0010C604693F8E910A9
:10D93000C1F3400242EA0C0221F003010A4383F8DA
:10D94000E92010BD6245ECD193F8E910002001F008
:10D95000010CEDE740F648039A4228BF1A46FB291E
:10D9600028BFFB21B2F5A47F944638BF4FF4A47CB6
:10D97000A0F85420A0F85610A0F842308187A0F8F3
:10D9800040C0704770B540F648042F4B2F4D1B88A0
:10D99000B5F800E0A34228BF2346BEF1FB0F28BF25
:10D9A0004FF0FB0EB3F5A47FA0F8543038BF4FF40E
:10D9B000A4730022A0F8403090F88D304FF01B0C7B
:10D9C00003F00703042BA0F856E0A0F83CE014BFD6
:10D9D0004FF4A47E4FF4296EC2640265A0F858206B
:10D9E00001F0030202F12803A0F84EC0DB00C1F3EE
:10D9F000400C02F5847190F8E92023FA0CF373458A
:10DA000042F0020280F8E9204FF0FB069AB24FF094
:10DA10001B1538BF7346C900044621FA0CF1A0F863
:10DA20004820A0F84A20A0F85230C6874564A0F8E4
:10DA30004210FFF74DFF012294F8E93084F8582096
:10DA4000134384F8E93070BD908B0020928B002046
:10DA500030B5B0F85A200346B0F85C00342A38BF1D
:10DA600034224FF0000C342838BF342093F88C1047
:10DA700062F30F0C01F0070593F85E4093F88D10E8
:10DA800060F31F4C01F0070EC3F882C0B3F86010BA
:10DA9000A3F85C00A3F85A2004B951B311F00800B0
:10DAA00083F88640A3F8881025D0588C5A84801AB1
:10DAB00018BF012011F0010F17D093F937C001F002
:10DAC0000201BCF1000F26DB14EA0E0F38D171B150
:10DAD0002C420CD0998B914275D09A83002283F806
:10DAE0005E20A3F86020012030BD89073DD40028C6
:10DAF000F4D1002030BD11F0010CDED18907F8D53A
:10DB000093F93710002948DB2C42F2D0998B9142CF
:10DB1000E3D19A83EDE72C423AD09D8B9A839542CC
:10DB200036D00029DAD014EA0E0FD7D0D88B962A37
:10DB3000114638BF9621904225D1DA831984CDE76A
:10DB4000B3F81EE0962A944638BF4FF0960C9645DF
:10DB500030D0002062F30F006CF31F40C3F81E00AA
:10DB60000029BBD02C42B9D0B7E793F93710002970
:10DB7000AEDA14EA0E0FBAD0DC8B962A114638BF03
:10DB8000962194421AD042EA0142C3F81E20A5E72A
:10DB90000029EED10028ACD0A0E714EA0E0FA8D0DF
:10DBA000D88B962A114638BF96219042EBD1DA8362
:10DBB00019849EE7A3F820C0DA8388E7DA83198402
:10DBC000002896D08AE79A83002892D086E700BF83
:10DBD00080F85E30A0F85A10C38B818BBDF800C06E
:10DBE0008B4238BF0B46934238BF1346A0F860C043
:10DBF000A0F85C30704700BF70B5034607224FF0B5
:10DC0000961496214FF0030E4FF00B0C0E4D0F4E55
:10DC1000A3F888E0A3F878C0DC615984C3F85A609F
:10DC2000C3F88240C3F8624083F8862083F86620F8
:10DC30009D66A3F86C1083F86E201D67A3F874101E
:10DC400083F87620002070BD0B0096003400980009
:10DC500008B50022D0E92401FAF71EFCB0FA80F0E2
:10DC6000400908BD10B400248A690B468C61E2B1FA
:10DC700003211171818C02F11C04D18093F82010D2
:10DC800039B91B7A052B0CD0062B06D000DE10BC50
:10DC90007047204610BC02F0B5BC1A23137110BCAB
:10DCA0007047204610BC02F08FBC00DEE0E700BFEA
:10DCB000F8B50D46044600F1A706334600223B3175
:10DCC00005F12B0008F0DCFFD4F8A7700022002635
:10DCD000C4F8C8700027D4F8B330D4F8AF10C4F833
:10DCE000D430D4F8C430D4F8AB00C4F8E53094F89C
:10DCF000E030C4F8D01043F0010384F8E03094F829
:10DD0000BF30D4F8C01062F30003C4E93667C4F82A
:10DD1000CC00C4F8E1102046294684F8B72084F8E6
:10DD2000B82084F8B92084F8BA2084F8BB2084F89D
:10DD3000BC2084F8BD2084F8BE2084F8BF3001F0F8
:10DD40002BF80646B8B1301D02F03EFCF37931469F
:10DD50006B73204601F036F8204602F099F940F244
:10DD600006636B8194F8A63023F0180343F0180380
:10DD700084F8A630F8BD00DEE5E700BF70B50C46BC
:10DD8000897A054682B00A2900F23F81DFE801F076
:10DD90000A1D2225799F4858676A0600002A66D026
:10DDA00002B070BD002AFBD1237A0121062B284640
:10DDB0004AD001F00BF82146284600F0E5FF002884
:10DDC00040F0C4800223A372EAE7002AE8D10121CF
:10DDD0002846EEE7002AE3D1EDE7012A00F0A18012
:10DDE000042ADDD101212846009301F003F8009BAD
:10DDF000DA780D2A00F0F780112A00F0FE8000DEAC
:10DE00001F2384F82030284603F088FD2146284649
:10DE1000FFF728FF284602F0EFF90023A372BFE7BF
:10DE2000032ABDD100260121284600F0E3FF284641
:10DE3000FFF738FB284684F8206003F06FFD3CE0D4
:10DE4000002AADD10121284600F0C0FF2146284616
:10DE500000F09AFF002845D10823A372A0E7002A0A
:10DE60009ED1F3E7062A9BD12846FFF713FB2146F4
:10DE7000284600F089FF002840F091800A23A37211
:10DE80008EE7022A26D0042A8AD10121284600934F
:10DE900000F0B0FF2846FFF705FB009BDA780D2A5B
:10DEA00000F09980112A00F0A68000DE1F2328468A
:10DEB00084F8203003F032FD0026214628462673E0
:10DEC000FFF7D0FE284602F097F9A67268E7002A0D
:10DED0007FF466AF2146284600F056FFD0B90523EF
:10DEE000A3725DE72146284600F056FF064600284B
:10DEF00000F08780301D02F071FBF37931466373C7
:10DF0000284600F05FFF284602F0C2F840F60933C9
:10DF1000638145E72146284602B0BDE87040FFF71F
:10DF2000C7BE2846CDE90023FFF7B4FA40F20451FA
:10DF3000019B009A5E689868C4F84360C4F8470083
:10DF4000DB68C5F8C4302273618129E72146284681
:10DF500000F022FF0646002851D02046311D02F075
:10DF60000FFBF37931466373284600F02BFF2846F8
:10DF700002F08EF840F203432846D6F81620D6F871
:10DF80001210C4F83F20C4F83B10D6F81A20C5F888
:10DF9000C020638102B0BDE8704003F0BBBC2146E5
:10DFA000284600F0F9FE064668B3301D02F020FB5B
:10DFB000F37931466373284600F004FF284602F0E7
:10DFC00067F84FF60173638195F8A63023F01803C4
:10DFD00085F8A630E4E61B79062B3FF468AF1A2BD0
:10DFE0003FF465AF62E71B79062B3FF40AAF1A2BAB
:10DFF0003FF407AF04E75B79EEE75B79F4E700DE17
:10E00000ABE700DE76E700DECFE700DEC8E600BF64
:10E0100092F81FC002F11C03ACF104020D2A08D8CB
:10E02000DFE802F00E14170707070711070B0707B1
:10E03000070B3D2380F86C3170470422FFF79EBE2A
:10E040000122FFF79BBE0622FFF798BE0222FFF7D0
:10E0500095BE0322FFF792BE13460022FFF78EBE45
:10E06000F0B50E4683B00DF1060201A90446B0F8E2
:10E070005050B0F85270FFF765FB96F82D2012BB98
:10E0800096F82C30002B5BD1B4F85030AB420ED355
:10E09000BDF806209A420AD3B4F85230BB4206D3E8
:10E0A000BDF804209A4202D3002003B0F0BD012045
:10E0B00094F8E930A4F850500343A4F8527084F85F
:10E0C000E93003B0F0BD94F93700002802DB96F880
:10E0D0002C30EBB194F88C1094F84C5001F0030301
:10E0E0002B440D33DB00C1F34001CB409BB2B3F5B1
:10E0F000A47F38BF4FF4A473BDF806509D4228BFDB
:10E100001D4612B3002803DA96F82C30002BBBD042
:10E1100094F88D2094F84E1002F003030B440D3355
:10E12000DB00C2F34002D3409BB2B3F5A47F38BFFB
:10E130004FF4A473BDF804709F4228BF1F46A3E7A5
:10E1400094F937000028C5DAE2E796F82C30002B66
:10E150009AD0002898DADBE710B500230C468969CD
:10E16000A36131B394F82130DB071DD50B792E2B39
:10E170001DD11D230B71838CCB8094F828300B7735
:10E1800090F88D30C3F302038B7790F88C30C3F393
:10E1900002034B770868FCF775F894F8213023F0F8
:10E1A000010384F8213010BD01230B71F2E700DE7A
:10E1B000DFE700DED6E700BF38B591F821300C4626
:10E1C0009B074D6A03D4BDB101232B7108E0A5B1B3
:10E1D00003232B71838C05F11C01EB8002F0A2FB61
:10E1E00029462868FCF74EF8002294F82130626234
:10E1F00023F0020384F8213038BD00DEE8E700BFD9
:10E2000091F8202030B5940742D402F0070313F0B0
:10E21000010537D1A3F10403B3FA83F35B094FEA95
:10E22000830E754691F8203065F3020381F82030A3
:10E23000C3F3C202DB062ED412F0010425D1A2F1F1
:10E240000402B2FA82F252094FEA820C644691F853
:10E25000203064F3C50381F8203090F88C3003F04F
:10E260000703AB4208BF4FF0000E81F82CE090F896
:10E270008D3003F00703A34208BF4FF0000C81F874
:10E280002DC030BD4FF0010ECCE74FF0010CDEE7A2
:10E290000225AE46C6E70224A446D8E7F8B5CB6906
:10E2A0000C460646002B67D0637B162B2FD196F9C0
:10E2B0003730002B2BDB0023E569E36165612F1DFF
:10E2C00094F8203096F8A421C3F3C20363F3C50287
:10E2D00086F8A42194F8202096F8A431394662F3F8
:10E2E000020386F8A43194F8203096F88C20C3F30A
:10E2F000801363F3C302204686F88C2002F0A8F94D
:10E300000221304600F062FD0223A37215E000F006
:10E310004FFD10B90723A372F8BD00F051FD6062F4
:10E3200060B30022637BE569162B656105F1040784
:10E33000E261C5D0182B09D000DE3046294600F036
:10E3400041FD3046BDE8F84001F0A2BE214630460E
:10E35000FFF756FFA38D43B963853946204602F087
:10E360009BF94FF605736381E7E7FFF7ABF8338D51
:10E37000063303449BB2EFE700DE95E700DED0E70B
:10E3800038B505460C4601F07BFE10B10423A3729C
:10E3900038BD2146284600F0F7FC0028F6D005F1EC
:10E3A000EC0000F009FC0028F0D12846FFF750FCF3
:10E3B0000028EBD0182321466373284600F0ECFCBC
:10E3C0000346E36121462846BDE83840FFF766BFB3
:10E3D00038B505460C4601F053FE10B10123A37277
:10E3E00038BD284603F084FA0028F7D12146284694
:10E3F00000F0CAFC0028F1D0284603F077FA07287D
:10E40000ECD02846012103F06BFA28460D2103F0D9
:10E410006BFA162321466373284600F0BDFC0346C1
:10E42000E36121462846BDE83840FFF737BF00BF0B
:10E4300090F88C3010B403F00702042A0CBF0222BB
:10E44000C3F3020290F88D3018BF02F1FF3203F0DF
:10E45000070118BFD2B200EBC202042918BFC3F3F0
:10E460000203B2F8681016BF03F1FF330223DBB2D8
:10E4700001F00204C9071DD590F93710002914DBFB
:10E48000002C39D0B2F862200C33A0F882208283AD
:10E4900000EBC3021289D10719D4910703D590F973
:10E4A0003720002A13DB10BC7047B2F86210A0F8C6
:10E4B000821081839CB190F937100029E2DA0C3385
:10E4C00000EBC3021289D107E7D59207EBD500EB29
:10E4D000C3035B8810BCA0F88230C38370470C3341
:10E4E00000EBC3021289D407D7D590F93710002961
:10E4F000EDDA9207EBD4D6E70C3300EBC3021289B6
:10E50000D407E4D4C9E700BFF0B50C46897A0546C4
:10E5100083B0092900F2DD80DFE801F005051E293E
:10E520005059DB79820A002A00F0CC8003B0F0BD9C
:10E53000042AFBD121462846FFF70EFE2146284635
:10E54000FFF73AFE284601F057FE0021284603F067
:10E55000CBF90023A372E9E7032AE7D195F8373016
:10E56000DB0940F0B68041F203736381DEE7012AE4
:10E5700000F0B280062AD9D10021284603F0B0F974
:10E58000D5F84831204623F48073C5F8483100F0AF
:10E590003DFC1A2294F8213084F8282043F001032E
:10E5A00084F8213095F88C200926134662F306136F
:10E5B00085F88C3002212846A67223E0002AB5D1C6
:10E5C0002146284603B0BDE8F040FFF7D9BE032A34
:10E5D000ACD195F93730002BC0F2E380A68D002E28
:10E5E00000F0B28094F82C302BB195F88C2063F3B6
:10E5F000061285F88C20284601F054FD08230221DC
:10E600002846A37203B0BDE8F04000F0F3BB002A37
:10E610008CD12146284603B0BDE8F040FFF73EBE4E
:10E62000002A83D12846FEF745FF638DC01A0304F4
:10E630003FF57CAF95F93730002BC0F2A78094F8F6
:10E640002D2095F88D0012F0030294F82C3095F8E7
:10E650008C1000F007061CBF62F3020085F88D00E5
:10E6600013F0030301F0070140F0868095F88D3028
:10E6700003F007039E4200F0898021462846FFF7F9
:10E68000EFFC024694F82130284662F3410384F8F7
:10E690002130FFF7CDFE002103F022F900220123F3
:10E6A00084F8282094F82120092163F3000284F8DB
:10E6B000212095F88C20134662F3061385F88C30E0
:10E6C000A17233E72146284603B0BDE8F040FFF7CA
:10E6D0007FBE00DE03B0F0BD02212846019303F0A7
:10E6E000FFF8019B94F820201946204602F0070706
:10E6F000C2F3C20601F0E4FF0221284600F066FBE7
:10E7000094F820301946C3F3C20306EA030262F309
:10E71000C5010B460F4067F3020384F8203095F9DA
:10E720003730002B0CDB94F8203013F0380F01D079
:10E730005A0705D194F8203023F03F0384F82030A5
:10E74000204600F063FB3BE73146284603F0C8F85B
:10E7500094F8202094F82110D20962F3000184F883
:10E76000286084F8211095F88C1009230A4661F37B
:10E77000061285F88C2042E795F88C20994263F3C5
:10E78000020285F88C207FF478AF6FE700212846DD
:10E7900003F0A6F8002294F8203084F82820DB0942
:10E7A00080E700DE1AE700BF70B5CB690C4605466E
:10E7B000D3B100F0FDFA10B90723A37270BD00F0C9
:10E7C000FFFA606208B30022637BE669182B66617A
:10E7D000E2610BD000DE2846314600F0F3FA28460D
:10E7E000BDE8704003F09EB800DEE2E7214628460F
:10E7F000FFF706FDA38D53B963852046311D01F057
:10E800004BFF4FF605736381E5E700DEDBE7FEF7BC
:10E8100059FE2B8D063303449BB2EDE738B5054610
:10E820000C4603F06FF810B10423A37238BD2146E3
:10E83000284600F0A9FA0028F6D0284603F056F83A
:10E840000728F1D005F1EC0000F0B6F90028EBD173
:10E850002846FFF7FDF90028E6D028460D2103F0F1
:10E8600043F8182321466373284600F095FA0346BF
:10E87000E36121462846BDE83840FFF795BF00BF59
:10E8800070B50C46897A06461546092906D8DFE890
:10E8900001F0070C0505464D056970B900DE70BD35
:10E8A000002DFCD10123A37270BD1946204601F052
:10E8B000E5FE94F8202096F8A431C2F3C200C3F319
:10E8C000C2010140C2F30200034043EAC10322F047
:10E8D0003F02134384F8203096F93730002B0BDBCE
:10E8E00094F8203013F0380F40F0A08094F82030D6
:10E8F00023F03F0384F820300221304600F066FA0E
:10E90000012DCCD196F83730DB09C7D1204600F075
:10E910007DFA21463046BDE87040FFF77FBF002DED
:10E92000BDD12146BDE87040FFF778BF022DB6D1BA
:10E9300090F93730002BC0F29180A38D002B00F0AE
:10E94000828094F82C302BB196F88C2063F3061259
:10E9500086F88C200823A3723046BDE8704002215F
:10E9600000F048BA002D9AD12146BDE87040FFF76B
:10E970001BBF002D93D1FEF79DFD638DC01A0304CC
:10E980008DD484F8285096F93730002B64DB94F846
:10E990002D2096F88D0012F0030294F82C3096F892
:10E9A0008C1000F007051CBF62F3020086F88D0092
:10E9B00013F0030301F007013CD196F88D3003F00A
:10E9C00007039D4248D021463046FFF749FB0246E7
:10E9D00094F82130304662F3410384F82130FFF788
:10E9E00027FD012294F82130092162F3000384F805
:10E9F000213096F88C20134662F3061386F88C308B
:10EA0000A17270BD042D7FF44AAF2146FFF7A4FB2D
:10EA100021463046FFF7D0FB304603F0EBF80021EB
:10EA2000304602F061FF0023A37270BD5A077FF4E5
:10EA300063AF5BE796F88C20994263F3020286F895
:10EA40008C20C0D1B9E796F88C1009230A4661F3EF
:10EA5000061286F88C207EE70022C3E700DE6CE712
:10EA600010B592F81FE002F11C03BEF1110F13D094
:10EA7000BEF1170F0BD0BEF1070F12D0242380F880
:10EA80006C310C4601F0B8FB0023A37210BD0122CB
:10EA9000BDE81040FFF738BD0522BDE81040FFF784
:10EAA00033BD0622BDE81040FFF72EBD13460022FD
:10EAB000FFF72ABD13460322FFF726BD38B58B7A30
:10EAC000082B03D8062B00D100DE38BD092BFBD163
:10EAD00005460C46FFF740FB21462846FFF76CFB36
:10EAE000284601F089FB0021284602F0FDFE0023A4
:10EAF000A37238BD92F81FC01346BCF1160F09D09F
:10EB0000242310B580F86C310C4603F073F8002311
:10EB1000A37210BD01221C33FFF7B2BE13460022C0
:10EB2000FFF7AEBE13460222FFF7AABE002304225F
:10EB3000FFF7A6BE0023C0E90133C0E90333037029
:10EB4000704700BF037801330370704703785BB9E7
:10EB5000C3687BB102691AB1816861B10B608260E0
:10EB60000023C0E903337047013BDBB20370002B85
:10EB7000EED0704770474360F1E700BF03783BB1C8
:10EB800000230C300B60436843B11960416070474B
:10EB9000002304300B604368002BF6D1C0E900115C
:10EBA000704700BF00230B60836813B11960816058
:10EBB0007047C0E9011170474068704703464068DC
:10EBC00028B19968026888425A6008BF9A60704705
:10EBD0004078A0F10200B0FA80F04009704700BF11
:10EBE0004078A0F10D00B0FA80F04009704700BFF6
:10EBF0004078A0F10100B0FA80F04009704700BFF2
:10EC00004078A0F10900B0FA80F04009704700BFD9
:10EC10004078A0F10600B0FA80F04009704700BFCC
:10EC20004078A0F11800B0FA80F04009704700BFAA
:10EC30004078A0F10300B0FA80F04009704700BFAF
:10EC40004078A0F10800B0FA80F04009704700BF9A
:10EC50004078A0F10500B0FA80F04009704700BF8D
:10EC6000F8B5064608460D46F9F7B2FB044680B1F2
:10EC70000027456006722C223946C4E9057720300A
:10EC800012F03EFF4FF47F43FF22A773638162724D
:10EC9000A3812046F8BD00BF4078A0F10200B0FA81
:10ECA00080F04009704700BF4078A0F10200B0FA40
:10ECB00080F04009704700BF4078A0F10200B0FA30
:10ECC00080F04009704700BF4078A0F10100B0FA21
:10ECD00080F04009704700BF4078A0F10100B0FA11
:10ECE00080F04009704700BF4078A0F10100B0FA01
:10ECF00080F04009704700BF4078A0F10900B0FAE9
:10ED000080F04009704700BF4078A0F10900B0FAD8
:10ED100080F04009704700BF4078A0F10900B0FAC8
:10ED200080F04009704700BF4078A0F10600B0FABB
:10ED300080F04009704700BF4078A0F11800B0FA99
:10ED400080F04009704700BF4078A0F10300B0FA9E
:10ED500080F04009704700BF4078A0F10300B0FA8E
:10ED600080F04009704700BF4078A0F10300B0FA7E
:10ED700080F04009704700BF416809B1F9F73CBB1A
:10ED800000DE4168F9F738BB024B1868003818BF3D
:10ED900001207047D004002010B50448F9F718FB93
:10EDA00004460430FEF774FB204610BDD00400205A
:10EDB00008B50120FBF77AFA003818BF012008BD1A
:10EDC000FBF78EBAEC30FFF7EDBE00BF38B590F818
:10EDD0005E3105460C461BB11C4385F85E4138BDCB
:10EDE000EC30FFF7AFFE95F85E311C4385F85E41CD
:10EDF00038BD00BF90F85E3123EA010180F85E1152
:10EE000001B17047EC30FFF7A1BE00BF836943B189
:10EE10001A792E2A04D02E221A71836902691A6087
:10EE2000704700DE8369F3E783694BB11A792E2AB4
:10EE300000D0704701221A7181690868FBF722BA75
:10EE400000DE8369F2E700BF8B6913B11A792E2ABD
:10EE50000BD00B7A072B16D0CB692BB1D0F86421DD
:10EE60001A60CB69C0F86431704701221B68D0F882
:10EE700060C1C3F804C08B691A718B69C0F8603136
:10EE80000B7A072BE8D14B6A002BE5D001221B68D7
:10EE9000D0F860C1C3F804C04B6A1A714B6AC0F85D
:10EEA0006031D9E770B505460C48F9F791FA044688
:10EEB00088B10026094B057243602C223146C4E913
:10EEC0000566203012F01CFE4FF47F43FF22A6732C
:10EED00063816272A381204670BD00BFC004002020
:10EEE00010B50A4B022258685021F9F74DFA084B29
:10EEF000012258685021F9F747FABDE81040054B48
:10EF000004222C215868F9F73FBA00BFC80400203A
:10EF1000C0040020D004002038B50446002501F0CC
:10EF20003FF92046C4E9405584F80C5102F044FEF4
:10EF3000C4F83051C4E9445584F81E51A4F81C515A
:10EF4000A4F82051C4F83351A4F85051C4F83851F2
:10EF5000C4F83C51C4F84051C4F84451C4F8485175
:10EF6000C4F84C51FAF7D2FC94F8A630C4E9520127
:10EF7000C4E9585523F0180384F8A63084F85E518C
:10EF8000258638BD08460149F9F736BAD004002075
:10EF900010B5B0F80A41034682B024B1A1420FD2A5
:10EFA000641AA0F80A41B3F81A0120B1814210D2C4
:10EFB000401AA3F81A0100231846137002B010BDBE
:10EFC000019201F001F8019A034658B1197A0A2911
:10EFD00003D022236FF07300EFE76FF0730093F814
:10EFE0002030EAE700DEF1E7034B0B44B3FBF1F31B
:10EFF000A0F82031704700BFFF59620210B50446E7
:10F0000002F0E2FD2046BDE8104001F0D1B800BF9B
:10F0100010B5044649B1012900D010BD02F01EFE12
:10F020002046BDE8104001F019B902F003FE204669
:10F03000BDE8104001F004B938B5D0F8604105468C
:10F0400034B1206821464468FBF710F9002CF8D150
:10F050000023D5F86441C5F8603134B120462468F6
:10F060000449F9F7C9F9002CF8D10023C5F8643137
:10F0700038BD00BFD004002010B507490446012068
:10F08000FFF7EEFD28B10146204600F06DFF00209D
:10F0900010BD0C2010BD00BFC804002038B50446C8
:10F0A0000D4602200849FFF7DBFD58B1014690F8F4
:10F0B0002030204665F3000381F8203000F054FF33
:10F0C000002038BD0C2038BDC804002010B5074909
:10F0D00004460420FFF7C4FD28B10146204600F095
:10F0E00043FF002010BD0C2010BD00BFC80400204D
:10F0F000F8B51C4690F93730002B25DB05460F4646
:10F10000052012491646FFF7ABFD0146E0B13A680B
:10F110007B68C1F82120C1F825303378284681F872
:10F120002930737881F82A3026686568A268E36818
:10F13000C1F82B60C1F82F50C1F83320C1F8373027
:10F1400000F012FF0020F8BD0C20F8BDC80400201C
:10F15000F8B51C4690F93730002B25DB05460F46E5
:10F16000062012491646FFF77BFD0146E0B13A68DA
:10F170007B68C1F82120C1F825303378284681F812
:10F180002930737881F82A3026686568A268E368B8
:10F19000C1F82B60C1F82F50C1F83320C1F83730C7
:10F1A00000F0E2FE0020F8BD0C20F8BDC8040020ED
:10F1B0002DE9F041054688460720104917461C46B0
:10F1C0009DF81860FFF74CFDA8B10146E30008F078
:10F1D000070803F03803BF0143EA080307F04007BC
:10F1E0003B4343EAC613284681F8203000F0BCFEBA
:10F1F0000020BDE8F0810C20BDE8F081C8040020AB
:10F2000038B504460D4601F06DF8204602F0AEFD1B
:10F210000A200749FFF724FD38B10146204681F84E
:10F22000205000F0A1FE002038BD0C2038BD00BFEA
:10F23000C804002038B590F93730002B12DB0446A3
:10F240000D460B200849FFF70BFD014650B12B6816
:10F25000C0F822302B79204681F8263000F084FE59
:10F26000002038BD0C2038BDC804002008B590F936
:10F270003730002B08DB00F0A7FE20B1037A0B2B00
:10F2800014BF0020223008BD02F038FBF5E700BFB4
:10F29000F8B5D0F848319B0601D40020F8BD0446EB
:10F2A0000D460C2008491646FFF7DAFC074648B120
:10F2B000294620463246FEF74DFB3946204600F0EF
:10F2C00053FEEAE70C20F8BDC80400202DE9F04306
:10F2D000914283B0BDF8289021D81F4642F21073A6
:10F2E0009A4214461BD80D46064610491220FFF7D5
:10F2F000B7FC8046B8B13B46224629463046CDF899
:10F300000090FEF765FCF38B3046AB42414688BF68
:10F31000F58300F029FE002003B0BDE8F083122041
:10F3200003B0BDE8F0830C20F6E700BFC80400205E
:10F330002DE9F0410C4615461E46BDF81870FDF744
:10F3400099FA38B133462A4621460697BDE8F0417E
:10F35000FFF7BCBF0220BDE8F08100BF2DE9F041FE
:10F360000446D0F848011D4683070F469046BDF875
:10F37000186016D494F93730002B1DDB2349082080
:10F38000FFF76EFC0146002934D00B7A082B0ED013
:10F39000092B14D000DE204600F0E6FD0020BDE879
:10F3A000F0811A490920FFF75BFC0146EBE7A1F861
:10F3B00028804D858E85EEE71A20BDE8F081079BF9
:10F3C000CF84A1F828804D858E85ABB11B880B8733
:10F3D000079B5B884B87079B9B888B87079BDB88FA
:10F3E000CB87079B1B89A1F84030079B5B89A1F85D
:10F3F0004230D0E70C20D2E74FF0FF3204484FF6FE
:10F40000FF73C1E90E02A1F84020F0E7C804002014
:10F410000000FFFF08B502F071FA28B1007AA0F1F0
:10F420000C00B0FA80F0400908BD00BF08B502F03A
:10F4300065FA28B1007AA0F11200B0FA80F0400914
:10F4400008BD00BF10B5044602F058FA10B1037AA7
:10F45000092B00D010BD01462046BDE8104002F047
:10F4600013B900BF38B505460C4602F047FA18B18B
:10F47000027A0146092A00D038BD81F8204028468A
:10F48000BDE8384002F004B908B502F037FA28B1F7
:10F49000007AA0F10900B0FA80F0400908BD00BF71
:10F4A00038B505460C4600F08FFD10B14369A34204
:10F4B0000ED0284602F022FA10B14369A34200D0D0
:10F4C00038BD224601462846BDE8384002F03CBB24
:10F4D00001462246284600F02DFEEAE710B5044614
:10F4E00000F072FD18B10146204600F047FE2046AC
:10F4F00002F004FA014620B12046BDE8104002F0B7
:10F5000049BB10BD2DE9F041537F144606460D4618
:10F51000002B3AD0D37F3C2B24D9304600F054FD49
:10F520000746304602F0EAF90146002F68D0FA7A21
:10F53000E37F002843D09342C07A52D03A7B002A1E
:10F540004FD1072B65D0112B74D00D2B40F0868046
:10F550000D2802D00B7B002B3BD01F2386F86C318B
:10F56000BDE8F081474A52F8232022B104F11C0083
:10F57000904760B1E37F022BCFD101232246294679
:10F580003046BDE8F04102F085BBFF23D37730461B
:10F5900000F01AFD30B1E27FC37A9A42E0D0037BDB
:10F5A000002BDDD1304602F0A9F9002840D0E27FDF
:10F5B000C37A9A42D4D0037B002BD1D1DEE79342A9
:10F5C00007D03A7B2AB9072B3CD0112B3AD00D2B10
:10F5D000D3D123462A4639463046BDE8F04100F0F3
:10F5E00065BD8342B9D00A7B002AB6D1072B2FD044
:10F5F000112BEED14B7B94F820209A42E9D1ACE755
:10F600000028BAD023462A463046BDE8F04102F031
:10F6100031BA94F820307A7B9A4225D00728F1D06D
:10F620000A7B002AEED14A7B9A42EBD0242395E74D
:10F630000346A3E794F820307A7B9A421FD0112822
:10F64000EED1DFE77A7B94F820309A4295D1C0E77B
:10F650004A7B94F820309A42BBD17EE78342D1D0D6
:10F660000B7B002BCED1E1E707283FF476AF0B7B75
:10F67000002B7FF472AF4B7B9342AAD16DE7112828
:10F68000F5D16AE7602E0200F8B500278D690C46B7
:10F6900006468F61002D37D0012703232B71B38CD1
:10F6A00005F11C01EB80237A023B102B0DD8DFE81B
:10F6B00003F01A0C090C0C0C0C0C0C0C230C0C0C8D
:10F6C0000C0C0F00637A0C2B26D000DE2FB1F8BD96
:10F6D000304601F0BDF9002FF9D129462868BDE870
:10F6E000F840FAF7CFBD637A072B09D0092BECD18C
:10F6F000304600F087FEE9E7304601F013F9E5E710
:10F70000204600F033FEE1E7FFF75AFB05460028EC
:10F71000C3D100DE0071FFDE304600F00BFFD5E7FD
:10F7200038B500258C690B468D617CB321792E2973
:10F730002AD13AB90123237121462068BDE8384017
:10F74000FAF7A0BD03222271828C04F11C01E28031
:10F750001B7A0C2B10D0122B06D000DE214620681D
:10F76000BDE83840FAF78EBD01F072F921462068F5
:10F77000BDE83840FAF786BD01F0D4F8214620688C
:10F78000BDE83840FAF77EBD00DED2E700DECDE707
:10F7900070B505460E46FFF7FFFA0446002857D01D
:10F7A000337A211D013B112B0AD8DFE803F0181E24
:10F7B000092409090909092A093109090909093727
:10F7C00000DEE379214673732846FFF7FBFA337AAC
:10F7D0000A2B29D02846BDE8704000F059BC0846E5
:10F7E00000F09EFD1323F372EBE7284600F0CCFDFA
:10F7F0000923F372E5E7084600F08AFE0C23F37252
:10F80000DFE7304600F074FEFF237461F372D8E73F
:10F81000284601F05BF81523F372D2E7284601F081
:10F82000E9F83C23F372CCE740F2E24442F2107272
:10F83000EB8CB5F89A1104FB03F302FB013101399B
:10F84000B1FBF3F12846BDE8704089B200F026BC58
:10F8500000DEA5E72DE9F04107460C46164602F00A
:10F8600051F828B103230025A3722846BDE8F08192
:10F8700021463846FFF788FA05460028F2D021468F
:10F880003846FFF789FA8046002856D0237A08F1D7
:10F890000400013B112B0AD8DFE803F01E23092ADC
:10F8A000090909090909092F09090909093800DEA7
:10F8B00098F80730414663733846FFF783FA3846B5
:10F8C00002F030F80423A372002ECED0384602F0A6
:10F8D00091F90023A372C8E700F02CFDFF23E37227
:10F8E000E6E70146384600F06BFDFF23E372DFE7F1
:10F8F00000F00EFEFF23E372DAE70146384600F01F
:10F90000FBFFFF23C4F81480E372D1E797F85E3061
:10F910005B070DD4B7F8603003F0180343B9014614
:10F92000384601F07FF8FF23C4F81480E372BFE784
:10F9300011223B2100F072FEF5E700DEA6E700BFD2
:10F9400020B50B7A0546013B82B0112B18D8DFE8B1
:10F9500003F010101A231717171717301709171766
:10F96000171717090022284602B0BDE82040FFF70C
:10F9700071BF0122284602B0BDE82040FFF76ABFF0
:10F9800000DE02B020BD2846019102F033F90023C9
:10F9900001998B7202B020BD90F83031002BF2D16A
:10F9A0000122FFF757FF0028EBD0012385F8303103
:10F9B000E7E790F93730002BE3DB02238B72E0E7B7
:10F9C00038B50B7A0C46013B0546112B0AD8DFE807
:10F9D00003F00B1909230909090909530933090916
:10F9E0000909094D00DE38BD4B7A072B1ED0132BB9
:10F9F0001CD02423284685F86C3100F0FDFB002341
:10FA0000A37238BD4B7A072B01D0092BF1D194F8A2
:10FA10002030DB070AD505E04B7A0C2BE9D18B6946
:10FA2000002B3DD021462846FFF72EFE284600F049
:10FA3000E3FB0023A37238BD4B7A152B24D0072B90
:10FA4000D7D1D0F8483123F02003C0F8483100F076
:10FA5000D3FB00232846A372FFF7DCFC0028C2D1A9
:10FA60002846BDE838400421FFF7C4B94B7A3C2B47
:10FA700011D0072BBDD1D9E700F0BEFB0022162321
:10FA8000A27285F86C3138BDFDF76CFE90B928463E
:10FA900000F0B2FBDDE7FDF7DBFF0028C6D0C1E7D1
:10FAA000FFF786F90028BDD1284600F0F1FA0423BB
:10FAB000A37238BD21462846FFF7E6FDE7E700BF01
:10FAC00070B50E7A0C46731E0546112B0AD8DFE876
:10FAD00003F00B120926090909090942095009090D
:10FAE0000909095D00DE70BD00F0CAFA00287BD06C
:10FAF0000123A37270BD00F0C3FA0028F8D121469B
:10FB00002846FFF741F90028F2D021462846FFF7A2
:10FB10003FFE6369002B08BF0326A67270BD90F8F4
:10FB20003031002B48D100F0ABFA0028E0D121465B
:10FB30002846FFF729F90028DAD021462846FFF7A2
:10FB400027FE62690123002A0CBF03220222A2724F
:10FB500085F8303170BDFFF717F90028C8D021466D
:10FB60002846FFF715FE1622022384F82020A372F0
:10FB700070BDD0F848319B0602D5FFF74BFC18B397
:10FB8000284600F039FB0023A37270BDFFF74EFC3E
:10FB90000028F5D1284600F073FA0028A8D12146A4
:10FBA0002846FFF7F1F80028A2D021462846FFF7A3
:10FBB000EFFD0323A37270BD0C2200234A728B61F8
:10FBC000BDE87040FFF7FCBE284600F059FA002857
:10FBD0008ED121462846FFF7D7F8002888D0042187
:10FBE0002846FFF7F3F8E0E721462846FFF7CCF870
:10FBF00000283FF47DAF21462846FFF7C9FD636921
:10FC0000002B0CBF03230223A37270BD8A7A022A41
:10FC100006D002D9033A012A00D8704700DE7047A7
:10FC20000B7A0A2BF9D1FFF7CBBE00BF38B58B7A20
:10FC3000032B05D001D9042B00D138BD00DE38BD1F
:10FC40000C460546D07F02F11C01831E60723A2BE0
:10FC50001FD8DFE803F01E1E1E1E1E351E311E1E9D
:10FC60002D1F1E1E1E291E1F1E251E1E1E1F1E1E90
:10FC70001E1E1E1E1E1E1E1E1E1E1E1E1E1E1E1EA4
:10FC80001E1E1E1E1E1E1E1E1E1E1E1E1E1E1E1E94
:10FC9000390000DE21462846BDE83840FFF790BE17
:10FCA000284600F07FFEF5E7204600F0C9FCF1E7AA
:10FCB000284600F055FCEDE7284600F0EBFBE9E7AD
:10FCC000204600F04FFBE5E7284600F00BFFE1E798
:10FCD00038B58B7A032B05D8012B0AD8BDE83840FC
:10FCE000FFF7EEBE042B03D10B7A0C46042B01D098
:10FCF00000DE38BD0546FFF75BF80028F9D0214645
:10FD00002846FFF7C1FC284600F076FA0023A372CC
:10FD100038BD00BF38B58B7A012B06D002D9023B23
:10FD2000022B00D838BD00DE38BD0C46D37F054617
:10FD3000022B02F11C0163724BD00C3BDAB22F2A6A
:10FD40002CD82F2B2AD8DFE803F041293E29292976
:10FD500023292E292929292B292929292929292912
:10FD60002929292929292929292929292929292903
:10FD70002929292929292929291800F07FFE28461F
:10FD8000FDF766FE0346204684F82030FFF73EF874
:10FD900021462846BDE83840FFF7D2BD00DEF7E730
:10FDA00000F09EFBF4E700F0D5FD04212846FFF7A4
:10FDB0000DF82846FDF754FD0346204684F8203010
:10FDC000FFF724F8E4E700F03BFBE1E700F0C8FBB5
:10FDD000DEE7204600F098FB08212846FEF7F6FFF4
:10FDE000D6E700BF70B58D7A032D00D870BD042D05
:10FDF00017D10B7A0C460C2B064614D0122BF5D1DA
:10FE0000FDF726FE214694F8203040EA0302D2B2E4
:10FE10003046FFF785FC304601F0ECFE0023A3726C
:10FE200070BD00DE70BDFDF753FD94F8203029460B
:10FE300040EA0305EDB23046FEF7DCFF2A462146D4
:10FE4000E6E700BF10B58B7A0C4682B0042B1ED8B3
:10FE5000DFE803F01710031210000B7A0A2B14D1FD
:10FE6000019001F0C7FE002294F820300198A272A0
:10FE700080F86C3102B010BD02B0BDE81040FFF751
:10FE80005FBD01238B7202B010BD00DEE8E700DE2B
:10FE9000F0E700BF70B5044606F0E6FD58B1D4F8AF
:10FEA000005135B1D4F804212B68AA42C4F80031BE
:10FEB00021D0284670BD05460121032006F09CFD97
:10FEC0002A46064601210320F8F722FBD4F8005108
:10FED00045B1D4F804212B689542C4F8003108BF1D
:10FEE000C4F80431002EE4D0012203201146F8F7B3
:10FEF0000FFB284670BDC4F80431284670BD00BF12
:10FF0000F8B506460C4606F0AFFD68B1D6F80051CC
:10FF1000AC421FD1A3690BBB3046FFF7BBFF2046A5
:10FF2000BDE8F840FEF728BF05460121032006F092
:10FF300063FD07462A4601210320F8F7E9FAD6F8BF
:10FF40000051002FE4D0012203201146F8F7E0FA17
:10FF5000AC42DFD000DEA369002BDDD01B792E2B55
:10FF6000DAD100DED8E700BFF8B505460C4606F04A
:10FF70007BFD40B100232360D5F80431F3B11C6050
:10FF8000C5F80441F8BD06460121032006F034FD02
:10FF90000121074632460320F8F7BAFA2660D5F861
:10FFA000043173B11C60C5F80441002FEAD0BDE8EC
:10FFB000F840012203201146F8F7AABAC5E94044E7
:10FFC000F8BDC5E94044F0E770B5054606F04CFDC4
:10FFD00018B1D5F80041204670BD04460121032028
:10FFE00006F00AFD0646224601210320F8F790FAA2
:10FFF000D5F80041002EEED0012203201146F8F77B
:020000021000EC
:1000000087FA204670BD00BF38B50546FFF7DCFF14
:10001000037A0446013B112B18D8DFE803F00909E5
:10002000090919192B1F1F09250917171717170970
:10003000014600222846FFF74BFEA37B03B938BDDB
:1000400021462846BDE83840FFF75ABF00DEF4E7F6
:10005000014600222846FDF7FFFFEEE70146002299
:10006000284601F0E3FAE8E701460022284601F0BD
:100070001DFBE2E7014600222846FEF717FDDCE7FC
:1000800090F80C01A0F10100B0FA80F0400970472F
:10009000B0F82031A0F80A31704700BFA0F80A116B
:1000A000704700BF0023A0F80A31704738B50C46EE
:1000B00011461A46A369054613B3217A013911295D
:1000C00021D8DFE801F00909090922222C27270994
:1000D000310920202020200921462846FFF7A6FDCF
:1000E000A36923B11B792E2B1CBF0023A361A37B23
:1000F00003B938BD21462846BDE83840FFF700BFA8
:10010000A2612161D9E700DEEAE721462846FDF732
:100110007FFFE5E72146284601F03CFAE0E721466B
:100120002846FEF79DFCDBE72146284601F0B4FA9D
:10013000D6E700BF70B591F808C00C46BCF1120FAD
:10014000054607D801230C4E03FA0CF333420CD0BA
:10015000FFF75CFD0022A37B626103B970BD2146FD
:100160002846BDE87040FFF7CBBEBCF1070FF1D1C8
:10017000FEF7A0FCEEE700BF0814040038B50B7AC8
:100180000C46072B054608D0A37B03B938BD214692
:100190002846BDE83840FFF7B3BEFEF78FFCF3E713
:1001A0000222002380F80821A0F80A31704700BF1E
:1001B00038B590F808310446032B1BD8DFE803F06C
:1001C00002111011FFF700FF034648B11D7A2046C7
:1001D000FFF71AFF0A2D14BF0123032384F8083107
:1001E00038BDFFF7F1FE0028FAD02046BDE83840C0
:1001F000FFF70ABF00DE38BD10B590F8083104469D
:10020000032B1BD8DFE803F00D020C02FFF7DCFE26
:1002100090B100230122A4F80A31827384F80831D6
:1002200010BDFFF7D1FE28B100220123A4F80A2156
:10023000837310BD00DEF7E700DEEAE700DE10BDE5
:1002400090F80831022B05D000D87047032BFCD062
:1002500000DE7047002380F80831704738B590F809
:1002600008310446032B3AD8DFE803F009261213BD
:1002700020462946FEF7E8FD2846FEF77DFD20468C
:10028000FFF708FE05460028F2D1022384F8083162
:1002900038BDFFF7FFFD05460028F6D02946204669
:1002A000FEF7D2FD2846FEF767FD2046FFF7F2FD78
:1002B00005460028F2D1E8E7FFF7ECFD05460028E7
:1002C000E3D029462046FEF7BFFD2846FEF754FD41
:1002D0002046FFF7DFFD05460028F2D1D5E700DE16
:1002E00038BD00BF38B50546FFF7D4FD68B10446F8
:1002F00021462846FEF7A8FD2046FEF73DFD28468C
:10030000FFF7C8FD04460028F2D100242846214604
:10031000A5F80A4101F0E4FA85F8084138BD00BFAC
:10032000012112220378417043F003030370C2706D
:10033000704700BF012113220378417043F003038B
:100340000370C270704700BF4FF0020C07220B7899
:1003500081F801C043F003030B70CA7090F84C3071
:100360000B7170470B7980F84C3070474FF0020CDE
:1003700007220B7881F801C043F003030B70CA70A9
:1003800090F84C300B7170470822092010B50B789B
:10039000CA7043F003030B7048700C46F9F7B6FAC5
:1003A0000022606061F30702C1F307200B0C60F3C9
:1003B0000F2263F317421B0A63F31F62A26010BD92
:1003C00038B50C460546F9F7A1FA09222378627080
:1003D00043F00303E2702370D5F84831217263F0D3
:1003E000FF031840030C1A0AA3710B0CC0F3072576
:1003F0002071E271C1F307201A0A65716072A3725D
:10040000E27238BD09220B784A7043F003030B7087
:10041000CA70D0E95023100CC2F3072C0A711A0CD1
:1004200081F805C088714FEA102C0B72C3F30720C6
:10043000130A81F807C048728A72CB72704700BFF6
:100440002DE9F0414FF0405405464868104E430FE7
:1004500083EA107303F00103A3FB04348A680640A7
:1004600002F0EF0886EA0304F9F750FA044001208D
:1004700008EA010164F0FF02C5E952413240C5F8C3
:100480004481C5F8402185F83801BDE8F08100BFFE
:100490002FCF87F74FF040522DE9F04105464868CD
:1004A0000E4E430F83EA107303F00103A3FB0232E5
:1004B0008968064001F0EF0786EA0304F9F726FA97
:1004C000B846012304400F40C5E95247C5F84061D2
:1004D000C5F8448185F83831BDE8F0812FCF87F722
:1004E0000B7980F850314B7980F85131704700BF5B
:1004F00002220B784A7043F003030B70CA7090F825
:1005000020300B71704700BF0B7980F820307047A6
:100510004FF0060C40F60C510378054A43F00303F4
:1005200080F801C00370A0F80310C0F805207047E0
:10053000F105FFFF4FF0060C0C220B7881F801C08B
:1005400043F003030B70CA7090F832310B71B0F8AE
:100550003331A1F80530B0F83531A1F807307047D4
:10056000012380F831310B7980F83231B1F8053050
:10057000A0F83331B1F80730A0F83531704700BF2B
:10058000032210B517240B784C7013430B70CA70FC
:10059000D0F82530D0F821208B604A6090F82930BF
:1005A00001F10E040B7390F82A304B7306F05CFADD
:1005B0000C2120B12046BDE8104003F0A1BB20462D
:1005C000BDE8104003F092BB012106220378417080
:1005D00043F003030370C270704700BF01210A2279
:1005E0000378417043F003030370C270704700BF8B
:1005F00001210B220378417043F003030370C270A2
:10060000704700BF4FF0020C0D22037880F801C044
:1006100043F003030370C2700171704700B54FF0DF
:10062000030E4FF0110C037880F801E043EA0E034B
:10063000037080F803C0017142715DF804FB00BFD4
:100640000B7980F84D304B7980F84E30704700BF01
:100650004FF0030C16220B7881F801C043EA0C031B
:100660000B70CA7090F82030C3F3C2034B7190F83E
:100670002030C3F302030B71704700BF0A7990F872
:10068000203062F3C5031A4680F820304B7963F3BB
:10069000020280F8202070474FF0050C18220B78DA
:1006A00081F801C043F003030B70CA70438DCB8007
:1006B00090F82C300B7190F82D304B71704700BFC3
:1006C0000A7990F8203062F3C5031A4680F820308A
:1006D0004B7963F3020280F8202070474FF0180C2A
:1006E0000F220B7881F801C043F003030B70CA702E
:1006F000C38C8B80038DCB80438D0B81838D4B818D
:1007000090F834300B73C38EA1F80D30038FA1F82D
:100710000F30438FA1F81130838FA1F81330C38FAE
:10072000A1F81530B0F84030A1F81730B0F84230D9
:10073000A1F81930704700BF4FF0180C10220B7849
:1007400081F801C043F003030B70CA70C38C8B8027
:10075000038DCB80438D0B81838D4B8190F834309A
:100760000B73C38EA1F80D30038FA1F80F30438FA8
:10077000A1F81130838FA1F81330C38FA1F8153081
:10078000B0F84030A1F81730B0F84230A1F8193075
:10079000704700BF8B88C384CB8803850B89438552
:1007A0004B8983850B7B80F83430B1F80D30C386DC
:1007B000B1F80F300387B1F811304387B1F8133027
:1007C0008387B1F81530C387B1F81730A0F84030EF
:1007D000B1F81930A0F84230704700BF8B88C3844D
:1007E000CB8803850B8943854B8983850B7B80F8F8
:1007F0003430B1F80D30C386B1F80F300387B1F84B
:1008000011304387B1F813308387B1F81530C387AF
:10081000B1F81730A0F84030B1F81930A0F84230E4
:10082000704700BF00B54FF0000C4FF00C0E0B7876
:1008300081F801E043F003030B7081F803C090F8E6
:1008400023300B4A0B71036BA2FB03239B0AA1F815
:100850000530438DA1F80930038DA1F80730838D51
:10086000A1F80B30838CA1F80D305DF804FB00BFBC
:100870005917B7D140F2E2420B7980F82330B1F832
:10088000053002FB03F30363B1F809304385B1F887
:1008900007300385B1F80B308385B1F80D308384C0
:1008A000704700BF4FF0080C01220B7881F801C09F
:1008B00043F003030B70CA70038CA1F80930D0F821
:1008C00022304B6090F826300B7270474FF0090CC5
:1008D00014220B7881F801C043F003030B70CA7037
:1008E000C38F8B80838F0B81B0F84230CB80B0F800
:1008F00040304B81704700BF4FF0090C15220B7838
:1009000081F801C043F003030B70CA70C38F8B8062
:10091000838F0B81B0F84230CB80B0F840304B81F0
:10092000704700BF4FF0090C15220B7881F801C009
:1009300043F003030B70CA70B0F84E308B80B0F8F0
:100940004C300B81B0F85230CB80B0F850304B8136
:10095000704700BF8A88A2F11B03E02B21D8B1F8B1
:1009600008C0ACF11B03E02B1BD870B544F2481E45
:10097000CC88A4F5A4739BB2734511D800234E898B
:100980001946A6F5A475ADB26CF30F0366F30F011B
:1009900062F31F4364F31F41754598BFC0E91131ED
:1009A00070BD70478A88A2F11B03E02B21D8B1F8F3
:1009B00008C0ACF11B03E02B1BD870B544F2481EF5
:1009C000CC88A4F5A4739BB2734511D800234E893B
:1009D0001946A6F5A475ADB26CF30F0366F30F01CB
:1009E00062F31F4364F31F41754598BFC0E911319D
:1009F00070BD70474FF0080C3B220B7881F801C0A6
:100A000043F003030B70CA70B0F85A308B80B0F813
:100A10005C30CB8090F85E300B72B0F86030A1F89B
:100A2000093070474FF0060C3C220B7881F801C06A
:100A300043F003030B70CA70B0F882308B8090F8DB
:100A400086308B71B0F88830A1F80730704700BF4E
:100A50004FF0060C3C220B7881F801C043F00303F1
:100A60000B70CA70B0F882308B8090F886308B7132
:100A7000B0F88830A1F80730704700BF0022034665
:100A8000B1F804C0A0F85AC0B1F806C0A0F85CC024
:100A900091F808C00CF0070C80F85EC0B1F809C0EE
:100AA0000CF01F0CA0F860C0087AD04010F0010FC5
:100AB00002F1010210D08888A3F86200C888A3F868
:100AC0006400087A00F0070083F86600B1F80900B6
:100AD00000F01F00A3F86800032A03F10803E3D124
:100AE000704700BF00220346B1F804C0A0F85AC006
:100AF000B1F804C0A0F85CC091F806C00CF0070C77
:100B000080F85EC0B1F807C00CF01F0CA0F860C000
:100B10008879D04010F0010F02F1010210D08888CE
:100B2000A3F862008888A3F86400887900F00700C1
:100B300083F86600B1F8070000F01F00A3F8680012
:100B4000032A03F10803E3D1704700BFF8B500237F
:100B5000CD690C4607461646CB611DB30F2E05F135
:100B6000040116D0112E0CD02046FFF75BFEEB7966
:100B7000294663733846FEF725F9237A092B0CD0F2
:100B8000F8BD084694F8202094F82110FFF746FDA0
:100B9000EDE72046FFF7A2FDE9E73846BDE8F8405B
:100BA000FFF776BAFEF7F8F805460028D6D100DE42
:100BB000D4E700BF00228B698A610BB3192293F836
:100BC00004C01A71828CDA8091F820201A774AB911
:100BD0000A8DBCF12E0FDA834A8D1A848A8D5A84CD
:100BE0000AD07047C28CBCF12E0FDA83028D1A84B2
:100BF000B0F89A215A84F4D119461868F9F742BB23
:100C000000DEDBE730B5C38C0A8D4C8D93428D8DB1
:100C100085B002D1038DA34214D0012381F8223084
:100C200002950B6BCDE900240C7A91F82320898C76
:100C30000391A4F10801B1FA81F14909FCF750FCD4
:100C400005B030BDB0F89A315B1B18BF0123E5E752
:100C5000F8B50023CD690C4607461646CB618DB327
:100C6000291D112E0AD8DFE806F020090909090913
:100C7000091C0909090909090909241400DEEB798D
:100C8000294663733846FEF79DF8237A092B14D062
:100C9000F8BD084694F8202094F82110FFF7BEFC18
:100CA000EDE72046FFF750FBE9E72046FFF7BAFDE6
:100CB000E5E72046FFF740FDE1E73846BDE8F840AC
:100CC00000F030BEFEF768F805460028C8D100DE07
:100CD000C6E700BF2DE9F0411B4E044633680D46C0
:100CE0002BB1834203D00123AB72BDE8F0812046D3
:100CF000FFF7C6F90028F6D1204600F0F9FD0746B7
:100D00000028F0D129462046FEF73EF80028EAD018
:100D10002046FCF7D7FB80460121204600F0E0FD8D
:100D20000F2229462046A5F8368085F834703460B5
:100D3000FFF70CFF94F83730DB0903D141F20203CF
:100D40006B81D2E700DED0E7447C0020038DB3F551
:100D5000486F02D8C28C9A4201D900207047428D58
:100D6000B2F5FA7FF9D200B540F6764EB0F82CC055
:100D7000ACF10A0189B2714505D8013212FB03F2C8
:100D8000B2EB8C0F02D300205DF804FB90F8340026
:100D900098428CBF00200120F6E700BF38B504461A
:100DA0000D4600F0AFFD20B929462046FDF7ECFFC7
:100DB00030B910212046FEF709F80923AB7238BD7F
:100DC00004F1EC00FDF7F8FE0028F2D12046FCF714
:100DD0003FFF0028EDD029462046FDF7DDFFE86102
:100DE000FDF7E6FF10B90C23AB7238BDAB695BBBF6
:100DF000FDF7E6FF2E2100220123A86101712A637D
:100E000095F8342085F823304AB12B8DE98CB3FB5B
:100E1000F2F313FB02F39BB2994298BF2B85204655
:100E2000FCF750FB238D294606330344AB84204650
:100E30000022FFF70DFF4FF60B736B812046BDE8D4
:100E400038401021FDF7D6BF00DED1E738B50446A3
:100E50000D46FFF715F920B929462046FDF794FF06
:100E600030B910212046FDF7B1FF0323AB7238BD26
:100E700004F1EC00FDF7A0FE0028F2D12046FCF7BB
:100E8000E7FE0028EDD029462046FDF785FFAB6937
:100E9000E86143B32E200022012118712A6395F8DE
:100EA000342085F823104AB12B8DE98CB3FBF2F383
:100EB00013FB02F39BB2994298BF2B852046FCF7A7
:100EC00001FB238D294606330344AB8420460022D0
:100ED000FFF73CFE4FF606736B812046BDE83840B5
:100EE0001021FDF787BFFDF763FF10B90723AB7231
:100EF00038BDAB69002BCDD1FDF762FF0346A86179
:100F0000C8E700BF70B50C460646FFF77BFE237AA4
:100F1000092B1DD094F82250ADB100232146304654
:100F200084F82030FFF746FE304600F063FE237A57
:100F3000092B05D10C4B1A68964204BF00221A6097
:100F40000023A37270BD2046FDF76EFFA561EBE79D
:100F5000304600F0EDFC237A092BDBD194F82030E9
:100F6000002BDAD1D6E700BF447C002070B50646DE
:100F70000C4600F0C7FC10B10623A37270BD0546F5
:100F800021463046FDF700FF0028F5D0112221460A
:100F90003046FFF75DFE304600F02CFE237A092B29
:100FA00004D1044B1A68964208BF1D600023A37247
:100FB00070BD00BF447C0020F8B5294A064613687E
:100FC0000C468BB183420FD002238B7200F09AFC47
:100FD000054620B921463046FDF7D6FE68BB2046BF
:100FE000BDE8F840FDF712BF218DF38C16609942E1
:100FF00012D00023A569A36185B303232F792B7138
:10100000B38C204605F11C01EB80FFF767FB2E2F08
:101010001FD00423A372F8BD628D338D9A42E8D1AC
:10102000A28DB6F89A319A42E3D12046FDF7FCFE34
:1010300000220523A261A372F8BD4FF4726321461A
:1010400030462384FFF792FF2046FDF7EDFEA561B1
:10105000F8BD29462868F9F715F9DAE700DECCE78C
:10106000447C0020F0B50C46897A054683B00C29F3
:1010700000F2C380DFE801F00C1828313D485CC164
:10108000616C75AF0700002A00F0BC8003B0F0BDB2
:10109000002AFBD1237A082B00F0EE80092B40F0C8
:1010A000AC800123A372F1E7012AEFD12046194653
:1010B000FFF770FB2046FFF749FE38B940F61E7374
:1010C0002146284623842EE0012ADFD821462846DF
:1010D00003B0BDE8F040FFF76FBF002AD6D1019200
:1010E000FDF766FE019A002840F0E2800323A37218
:1010F000CCE7032A00F08380042AC7D10F220623FD
:1011000084F82120A372C1E7002ABFD195F93730B6
:10111000002B80F2AD8094F8203083B10F2321465C
:10112000284684F8213003B0BDE8F040FFF71EBF29
:10113000002AABD121462846F5E7002AA6D1284649
:1011400000F0E0FB002800F09A800823A3729DE7DE
:10115000002A9BD12146284603B0BDE8F040FFF7A6
:101160001DBE022A92D195F83720C2F3C011D209D0
:1011700000F0948019462046FFF77CFB238DB3F5E1
:10118000486F00F2A880628DB2F5FA7F80F0A380EC
:1011900040F67646A08DA0F10A0189B2B14200F274
:1011A0009A8002FB0333B3EB800F80F094802846D3
:1011B000FCF788F947F6FE72A38C1B1A9BB2934288
:1011C00040F2A9802823284685F86C3100F012FDF2
:1011D0000023A3725AE7002A7FF458AF2846FCF791
:1011E00069F9A38CC01A03043FF550AF2146284685
:1011F00003B0BDE8F040FFF785BE00DE46E70523FB
:10120000A37243E7FDF7D4FD00283FF43FAFA36985
:10121000002B40F09080FDF7D3FD2E21002201230A
:10122000A0610171226394F8342084F823304AB11C
:10123000238DE18CB3FBF2F313FB02F39BB29942D3
:1012400098BF23852846FCF73DF92B8D21460633B0
:101250000344A38428460022FFF7FAFC4FF60B73E1
:1012600010212846638103B0BDE8F040FDF7C2BD00
:1012700021462846A2616FE70A23A37206E72146AA
:101280002846FDF781FD00283FF45FAF102221467C
:101290002846FFF7DDFC0A236381F7E6284684F839
:1012A0004C1000F02FFB0646B8B10D23A372EDE6FB
:1012B000A669A261002E3CD0032337793371AB8C31
:1012C000204606F11C01F380FFF708FA2E2F1DD0EF
:1012D0000423A372DAE61E2375E721462846FDF7AC
:1012E00053FD0028E1D0072221462846FFF7B0FC35
:1012F000284600F07FFC237A092B7FF469AF0F4B5F
:101300001A6895427FF464AF1E6061E73146306829
:10131000F8F7B8FFDCE72046FDF778FD0B232846F9
:10132000A372FCF7CFF8A38CC31A1A043FF5AEAE34
:101330005CE700DEC0E700DE6DE700BF447C002014
:1013400070B506460C46FEF79BFE10B10523A3724E
:1013500070BD054621463046FDF716FD0028F5D044
:101360002946304600F0BCFA112221463046FFF7EC
:10137000EDFB3046FEF740FF237A092B02D0002315
:10138000A37270BD96F93730002B06DB064B1A6846
:101390009642F4D100221A60F1E73046FEF774F865
:1013A0000028F3D0EBE700BF447C002070B5154661
:1013B0008A7A0C46064682B0072A10D8DFE802F087
:1013C00008121B630F363E04002D76D002B070BDAC
:1013D000002DFBD1237A082B5ED0092B04D000DE30
:1013E00002B070BD002DF1D12146304602B0BDE8FB
:1013F0007040FFF76FBC032D00F09080042D4ED09D
:10140000012DE3D119462046FFF7E8F930460221C5
:1014100000F066FA2046FFF799FC002840F09E8015
:1014200041F21E0321463046238402E0002DCDD137
:10143000214602B0BDE87040FFF782BF002DC5D144
:10144000FCF738F8A38CC01A0304BFD429463046F1
:1014500000F046FA21463046FFF7D4FB237A092BE9
:101460007ED094F82250002D40F086802046FDF773
:10147000DBFC3046A561FEF7BFFE237A092B62D064
:101480000023A372A2E7002DA0D12146304602B06E
:10149000BDE87040FFF7DABC2146A561F7E73046AA
:1014A000022100F01DFA2046D6F8483123F002034D
:1014B000C6F84831FDF7AAFCE7E7FDF779FC0028FC
:1014C00084D0A06900285FD02E2100220123017161
:1014D000226394F8342084F823304AB1238DE18CC0
:1014E000B3FBF2F313FB02F39BB2994298BF23853F
:1014F0003046FBF7E7FF338D214606330344A384D0
:1015000030460022FFF722FB4FF6067310213046CB
:10151000638102B0BDE87040FDF76CBC5A791A2AAD
:10152000BDD00021019300F0DBF9019B5B7984F8C9
:10153000203021463046FFF73DFB3046FEF75CFE8B
:10154000237A092B9CD196F93730002B16DB104BF0
:101550001A68964294D100221A6091E72046A9E7C2
:101560003046FEF79FFD237A092B7FF47AAF94F87B
:101570002030002B3FF475AF0023D8E73046FDF74D
:1015800083FF0028E3D07BE7FDF71AFCA0619BE70F
:10159000447C002070B50C46D17F054602F11C0347
:1015A00011290AD8DFE801F02609090909090920EB
:1015B00009090909090909091A14242380F86C3159
:1015C000FEF71AFE237A092B1CD00023A37270BDEC
:1015D0002146BDE870400322FFF7E8BE2146BDE882
:1015E00070400122FFF7E2BE2146BDE870400422B0
:1015F000FFF7DCBEA37A032BE9D9053B022BE6D922
:1016000000DE70BD95F93730002B06DB064B1A68FB
:101610009542DAD100221A60D7E72846FDF734FF59
:101620000028F3D0D1E700BF447C002013460022FD
:10163000FFF7BCBE70B5D57F02F11C03CDB10F2DF5
:1016400012D024230E4680F86C31044600F0D2FA02
:10165000337A092B05D1094B1A68944204BF002242
:101660001A600023B37270BD0122BDE87040FFF71D
:10167000F9BC0222BDE87040FFF7F4BC447C0020B6
:1016800013460022FFF7EEBC00230322FFF7EABC5B
:1016900000230422FFF7E6BC242310B580F86C3148
:1016A0000C46FEF7A9FD0023A37210BD70B58B7A1E
:1016B0000C46012B05460AD9022B06D1FBF7FAFE90
:1016C000238CC01A030408D570BD00DE70BDFEF780
:1016D000D7FC88B10123A37270BD0021284600F019
:1016E000FFF8284604F12201FCF718F82846FEF717
:1016F00083FD0023A37270BD284600F0F9F800288E
:10170000E8D121462846FDF73FFB0028E2D0012121
:10171000284600F0E5F82846FBF7D4FE2B8D21463D
:101720000633034423842846FDF736FB064660B1A2
:101730002046311DFFF7B6F8F3793146637328462A
:10174000FDF740FB0223A37270BD00DEF0E700BF8F
:101750000346D3F8102108468A420DD18A69A2B9FE
:101760000A46D3F814C111686245C3F8101108BFC6
:10177000C3F81411FDF700BB00DE8A692AB9D3F85B
:101780001021002AEDD1FDF7F7BA12792E2AF6D1F1
:1017900000DEF4E738B5D0F810510446297A122952
:1017A0001FD80123104A8B401A400CD00022294632
:1017B000FEF748FBAB7B2BB129462046BDE83840FD
:1017C000FFF7C6BF38BD13F4407306D1072908D10F
:1017D0001A462946FDF7A2F9ECE72946FFF750FF24
:1017E000E8E700DEE6E700BF1E14040070B5D0F89D
:1017F000105104461DB394F81C31012B03D1022370
:1018000084F8183170BD29462046FDF7BDFA00283E
:10181000F5D029462046FDF7BFFA064688B128468E
:10182000311DFEF791FDF37931466B732046FDF7CC
:10183000C9FA01220023AA7384F8183170BD00DEB2
:10184000D9E700DEEBE700BFF8B5D0F81051044649
:10185000A5B394F81C31012B03D1012384F818316E
:10186000F8BD29462046FDF78FFA0028F5D0294615
:101870002046FDF791FA064680B32046FEF7A4FB0A
:101880002A7A037A371D93421AD0082B1AD02A21BC
:1018900094F838311BB1D4F848315B0717D4384677
:1018A000FEF7B0FEF37931466B732046FDF78AFAF6
:1018B00001220023AA7384F81831F8BD00DEC8E7BE
:1018C0002321E5E7092A0CBF23212A21E0E70A4664
:1018D000384694F81F11FEF7A1FEE3E700DECCE7DF
:1018E00080F81E11704700BF704700BF002070478E
:1018F00090F81D01003818BF01207047D0F8100182
:10190000704700BF90F81C01A0F10100B0FA80F010
:1019100040097047012380F81C317047002380F88C
:101920001C317047B0F82031A0F81A31704700BF61
:101930000023A0F81A31704738B5D0F81041F4B13F
:10194000D0F81421236894420546C0F8103108BF2E
:10195000C0F814319CB121462846FDF775FA20469F
:10196000FDF70AFAD5F810414CB1D5F814212368D7
:101970009442C5F81031EED1C5F81431EBE738BD0B
:1019800070B505460C4639B1042900D070BDFFF78B
:10199000D3FF85F8184170BDD0F81061002EF5D046
:1019A000337A122B11D84FF0010C31490CFA03F0A5
:1019B000014061B910F4386F07D00A2B13D0CBB1B6
:1019C00095F81E31F3B9644604E000DE337A0A2B41
:1019D00009D07BB1284685F81D41FFF7DBFE0323C4
:1019E00085F8183170BD2846FFF7D4FE052385F829
:1019F000183170BDD37F284686F84C30BDE8704062
:101A0000FFF7F4BE95F93710002910DB012B20D029
:101A1000022BBBD12846FEF7D7FA327A037A9342DB
:101A200021D0082B1DD02A2385F86C3170BD012BE5
:101A3000EED12846FEF7C8FA08B1FF23C37201238E
:101A4000284685F81D31FFF7A5FE032385F81831D8
:101A500070BDD37F284685F81F31BDE87040FFF781
:101A6000F3BE092ADFD1232385F86C3170BD00BF96
:101A70007FF4070038B50C468969054610461A46BA
:101A8000237A09B3122B4DD8DFE803F0100A0A0AB3
:101A90000A4C4C554F4F0A4C0A4C4C4C4C4C0A00CB
:101AA00021462846FEF736F9A16921B10B792E2B84
:101AB0001CBF0023A361A37B2BB121462846BDE8B0
:101AC0003840FFF745BE38BDA2612061122B29D8EE
:101AD00001A151F823F000BF431B0100A11A01002E
:101AE000A11A0100A11A0100A11A0100251B010081
:101AF000251B0100371B01002B1B01002B1B0100C4
:101B0000A11A0100251B0100A11A0100251B0100DB
:101B1000251B0100251B0100251B0100251B0100C1
:101B2000A11A010000DEA169BFE721462846FFF7A0
:101B300081FDA169B9E721462846FCF7DBFFA169D1
:101B4000B3E71146B1E700BF38B591F808C00C46BD
:101B5000BCF10C0F054613460CD0BCF1120F09D096
:101B6000BCF1070F0BD1FCF7DDFF0022A37B626104
:101B700053B938BD1A4621462846FEF733F90022EC
:101B8000A37B6261002BF4D021462846BDE8384093
:101B9000FFF7DEBD38B50B7A0C46072B054608D09B
:101BA000A37B2BB121462846BDE83840FFF7D0BDC6
:101BB00038BDFCF7BBFFF3E70422002380F81821AF
:101BC000A0F81A31704700BF90F81831052B0ED8D5
:101BD000DFE803F0060907030603D0F8103123B944
:101BE0007047FFF703BEFFF72FBEFFF7D3BD00DE40
:101BF000F6E700BF90F81831052B04D8DFE803F0B2
:101C000004151305040500DE70470023D0F81021E9
:101C100080F81D315AB100230121A0F81A319173C7
:101C200080F818317047FFF7E1BDFFF70DBE00DE09
:101C3000F1E700BF90F81831052B04D8DFE803F076
:101C400004090B04050400DE7047002380F81831F6
:101C50007047FFF7F9BDFFF7C9BD00BF90F8183115
:101C600010B50446052B12D8DFE803F0030D090375
:101C70000803FFF761FE042384F8183110BDBDE8A6
:101C80001040FFF7B3BDBDE81040FFF7DDBD00DE3B
:101C900010BD00BFF0B504460E46154683B06BB1CB
:101CA000D27F3C2A36D8012390F837102E4FC9092D
:101CB0008B4007EB420149780B4040D11846FDF7B5
:101CC000F1F8074620B300230360D4F814311BB3A6
:101CD0001860C4F8140194F81831052B42D8DFE8D5
:101CE00003F01E27030606062046FFF77FFDBB7B99
:101CF0001BB139462046FFF72BFDD4F8101139B13E
:101D00002B463246204603B0BDE8F040FFF7B2BE96
:101D100003B0F0BD0023D1E7C4E94400DBE72A4665
:101D200000212046FFF72CFEBB7B002BE5D0E0E72F
:101D30002046FFF789FDBB7B002BDED0D9E717F8E3
:101D400012300A2BBAD10193FFF7F6FD002220468C
:101D5000A4F81A2184F81D2184F81821FEF7C2FA8C
:101D6000019BABE700DEC2E7542F020010B504462A
:101D7000FFF7E2FD0023A4F81A3184F81D3184F83E
:101D8000183110BD704700BF00B9704700DE7047C2
:101D90004FF6FF712DE9F843099C9DF82090A58C22
:101DA0008D4235D006460146204690461F46FBF739
:101DB00019F868BB23780133DBB2237063B3B4F83E
:101DC00068217B1C1344A4F868310220FBF728F833
:101DD00002212046FBF760FA0022104D04F11001A9
:101DE000AB7AE96069F30003AB720D4B1146012039
:101DF000C5E900682F819D60F6F7BEFB50B9FF2052
:101E0000FBF70EF82046BDE8F843FF21FBF744BA84
:101E1000BDE8F88300DEF2E700DED0E758140020CA
:101E2000D80400202DE9F04F044697B0BDF8885043
:101E300000201646CDE90E419DF88480BDF88CA0A7
:101E4000BDF890B010950D93FAF79EFB002800F0B6
:101E50008F8108F0010904464846F7F791FDB9F172
:101E6000000F61D1636904F110021192002B62D05E
:101E700067693D6897F87C00C0F3C00100F0070077
:101E800002F012F8B7F84230B7F8402000F23F10E5
:101E90001A44FB89034413446B60304601F0D2F9C5
:101EA000FF2384F83A3094F8393023F0020384F8A1
:101EB00039306EB3A8F10203012B40F25D81DDE9F8
:101EC0000E2394F84C100D9D68F3420184F84C10D9
:101ED00094F8391004F1100065F3000184F839100A
:101EE00020990968A16120998988A4F824B0A18368
:101EF00000210096FAF760FAA06402F07FF900284A
:101F000040F045812046EEF773FE17B0BDE8F08F34
:101F100001F094FC0028CDD0324620990D9801F0B4
:101F20006DFA84F83A00C5E70621F6F791FA002821
:101F300098D11220E9E7F8F78DF91190002800F008
:101F40004581FAF777FC0546002800F03C81143003
:101F500005F11007F6F744FC002840F03E8103210C
:101F600005F1180001F0C2FE109BD5F8A000EB842B
:101F70004FF6FF73A5F828A0AB84002800F0288155
:101F800005F1940205F19001F6F76EFA01214FF088
:101F9000000AB5F88C30284623F4EF6323F00703DA
:101FA00043F48C730B43A5F88C3095F8A630C5F834
:101FB000A0A023F0070385F8A630A5F8A4A0FBF79E
:101FC000E1FC2846FBF718FEA5F82AA0C5F82EA0CC
:101FD00005F1320000F0FCFB95F83730012160F389
:101FE000050385F837300DF1570001F07FFE9DF8AD
:101FF00057C07E4B95F836E0A3FB0C13DB0803EBD0
:102000004303ACEB830C95F83730CDF84CE095F8F2
:1020100014E06AF3861385F83730754A6B69CDF89A
:1020200048E00CF1050CDDF84CE05FFA8CFC136025
:10203000E97D6B7DAA7D85F838C085F839A0CDF89B
:1020400028E095F835E06B48CDF824E095F834E0C9
:10205000CDF820E095F833E0CDF81CE095F832E0BB
:10206000CDF818E095F837E0CDF810C00EF03F0E2F
:10207000CDF814E095F818C0DFF87CE1CDF80CC07D
:1020800095F819C0CDF808C0DEF800C00CF1010CBD
:10209000CEF800C095F81AC0DDF848E0CDF804C0CD
:1020A000CDF800E009F04DFE40F2E241109B534AAA
:1020B00001FB03F31A44B2FBF3F219460623A5F819
:1020C000983195F83730288D6AF3C71385F8373083
:1020D00095F83A3000F1060C23F0070385F83A3002
:1020E00093B26345A5F868A1A5F89CA1A5F89AB19B
:1020F000A5F896A1A5F892A1A5F8943102DD063BBA
:102100001B1A9BB24FF0000AA5F890312846109197
:10211000FCF702FF10992846FCF766FF119B85F833
:102120006CA1C5F87031FAF7F5FD95F8A43160F3AC
:10213000020385F8A431FAF7F3FD95F8A43160F3B2
:10214000C50385F8A43195F86A3105F1EC006AF30E
:10215000410385F86A31FCF7EDFC4FF09613C5E9B1
:1021600007336761C5E902AA85F800A02D6181E601
:102170000C2017B0BDE8F08F002001F07DF894F836
:102180003930C84643F0020384F8393097E6656970
:10219000D5F890303BBB05F1840105F18000F6F7DE
:1021A00067F9F0B12E68C5F89000D6F87001B0B1AB
:1021B000F8F756F83046FAF743FB00230320636133
:1021C00017B0BDE8F08F1198F8F74AF807209CE6A1
:1021D00005F19800C5F8A000D2E600DEBFE600DEFB
:1021E000E6E700DEDEE700DED5E700BFABAAAAAA7D
:1021F000987F0020182D02009C7F00207FC3C9011A
:102200002DE9F04106460020FAF7B2F950B34369D0
:1022100004463BB393F82A2042F0020283F82A20B6
:102220004769FFB101460020FAF7E6F80546B0B964
:102230003F68D7F8700107F5B878B8B1F8F710F82B
:102240001723022287F874314FF6FF731034C7F852
:10225000784187F88C21A7F87631C6F800802846A7
:10226000BDE8F0810C252846BDE8F08100DEE5E7F9
:1022700070B50C4615461E46FAF7FCFAB8B190F850
:10228000A6C01CF0180C04D0BCF1180F08D00C200C
:1022900070BD33462A462146BDE87040FCF728BF92
:1022A00033462A462146BDE87040FCF751BF022064
:1022B00070BD00BF10B582B001A8FFF7A1FF0446B2
:1022C00010B1204602B010BDFAF752F950B1002209
:1022D00090F84C30426123F0010380F84C302046E6
:1022E00002B010BD00DEF2E738B583681D686C6986
:1022F000C4B100236B61D4F89030D3B904F18401E8
:1023000004F18000F6F7B4F80346E0B1C4F8903069
:102310002068FAF795FA95F84C3023F0010385F818
:102320004C3038BD00DE00236B61D4F89030002BB8
:10233000E4D000DE04F1840104F18000F6F798F89F
:1023400003460028E2D100DEE0E700BF2DE9F047B8
:102350000446238D077F8CB0406AADF82C30E3072C
:1023600015460E46C7F3C0120DF128080A90C7F3B0
:10237000401700F1C1800023A383B37C707C13F06D
:10238000010317BFD4F81E30C4F82B30C4F82B302B
:10239000638CFF28A4F82F3000F0948004F11F0212
:1023A00004F11E0100F07EFCB8F804300A98A4F88D
:1023B0002930A37FC4F825000233A3773368D3F80C
:1023C0000090EB8A63862B8BA386B9F82430E386D2
:1023D00001F05AFF84F83800D5F800804046FAF73B
:1023E00035FA03460021AB824046E380FCF710FE3D
:1023F000214620687468F7F739FF1C22AB8AD4F8AD
:1024000000A02271E380002F6AD121465046277731
:10241000F7F738FF40F2E24395F87C00EF8AC0F30B
:10242000C00100F0070003FB07F7F56801F03CFD71
:10243000002202212D1A0120F6F76AF84846FAF721
:102440007DF8CDF80490B3682E49821CA3F2857301
:10245000009100200121D2B22B44F7F7C7F910F008
:10246000FD0F4DD100240122234611462046009441
:10247000F7F784F94046FAF7E9F940F28533224943
:102480000993CDF81C80B36808912049C21C0691BD
:10249000D8F8041020460591CDE903440121A3F2A8
:1024A0008573D2B2029701940095F7F7B7F810F050
:1024B000FD0F23D10122022110460CB0BDE8F047E8
:1024C000F6F726B80021B8F804C00A98C4F8251019
:1024D000A4F82910A277C4F81F00A4F823C06DE760
:1024E00095F82730281D43F0400385F8273000F089
:1024F000BDF90127288588E700DE3CE700DED9E743
:1025000000DEAFE7851D0100891D0100911D01005E
:1025100010B5002082B0FAF7ADF960B190F937300C
:102520000446002B07DB684600F052F96946204656
:10253000FCF780FE00B9002002B010BD08607047B3
:10254000A0F10300B0FA80F0400970472DE9F04F88
:10255000002593B00D930B1DFF270C932B46CDE95F
:102560000F550A954FF0020B044616463D46984615
:102570009A460DF13C098DF83B700993002011AB90
:102580000693524B21460593514B0DF13B020393A9
:1025900010ABCDE90093049033460290CDF844B0DF
:1025A000F7F75EF9022814D0119BC3B9FF2D19D09B
:1025B0003368434516D0002F76D04FF0FF33013FEC
:1025C000FF25FFB28DF83B30D8E721460020F7F712
:1025D00087F9119B022BF8D0119B002BE6D000DE6F
:1025E000FF2DE5D19DF83B30FF2B40D0032BC5D10B
:1025F0000020FAF733F90028C0D090F93730002BCB
:1026000029DA43689DF83B20032A18D0FF2DDDF816
:102610003C800AD0404609990B93F7F775F90C9B5B
:1026200003EB0A0290420B9B23D89A46109BCDF8ED
:1026300024809DF83B50D6F800800A939EE7002046
:102640000B93FAF70BF90B9B0028DFD090F937209A
:10265000002ADBDA92E790F88C00C0F3C00100F0AA
:10266000070001F021FC00F593530533CAE7FF2D65
:102670001CD0BAF1000F01D00AF1020A0A9B154AD8
:10268000A3F57423A3F51073934214D800200A997C
:10269000114A099BA2FB0112534403EB92430D9A8A
:1026A000136013B0BDE8F08F00DE86E76FF009001D
:1026B00013B0BDE8F08F0A9B099A03F57423013A21
:1026C00003F5107309920A93E0E700BF3D2501006E
:1026D00041250100BFBDF07F83DE1B432DE9F041A2
:1026E000C46826496368D0E900761A68A6F57423A1
:1026F000A3F510738B42054682B004D906F5742603
:10270000013F06F5107663685168B3F81680022021
:1027100004F1100301AA0197FFF718FF40BB0198CD
:10272000C31B002B1DDB3946F7F7EEF82369034482
:10273000002B236109DB40F2E24202FB08F29A42DD
:1027400017D29B1A9A42FCD323610D492A68A1FB38
:102750000616D21BA2EB96421344236102B0BDE8D9
:10276000F08101463846F7F7CFF823691B1ADFE7F7
:102770002369002BE9D102B0BDE8F081BFBDF07F35
:1027800083DE1B4308B50346074A00680521106035
:102790001B7910461371F6F70DF8044B1870FFF70C
:1027A000B7FE002008BD00BFF07D0020258E002070
:1027B00010B41F204FF0FF342521034B034A1C6047
:1027C0001871117010BC7047F07D0020258E00201C
:1027D0000346044A044910681860127908781A718F
:1027E000704700BFF07D0020258E002010B5864682
:1027F00002FB011102781C4C114484FB01020A44C3
:10280000521102EBC20002EB80028A1AD0B28EF89B
:102810000000C108595C02F0070241FA02F212F00E
:1028200001029DF808C01DD1B0FBFCF10CFB1101A9
:1028300010465C1EC9B2043300F1080E14F8012FD3
:102840005FFA8EFE12F0010F00F1010C4FEA520206
:1028500002D039B10139C9B25FFA8CF08645F1D1A5
:102860009C42E9D110BD00BFA7C867DD428800883F
:10287000504070474FF0030CF0B52F4D2F4C48409F
:10288000060A5FFA80FE0EEB8E2E06EB862004EA27
:10289000401705EA400605EA4E0004EA4E1E3E4394
:1028A00040EA0E0000EB002706EB062E06EB0E2694
:1028B00000EB0720C6F30746C0F3074040EA0620B6
:1028C00000EB00100CF1FF3C08441CF0FF0C80B240
:1028D000D6D141401A48A0FB01400C1A00EB54002D
:1028E000400900EBC00400EB8400081AC0F3C404E4
:1028F000145D00F007052C41E407C0B21AD460460D
:1029000001FB03F3561EC3F30743043200F108052D
:1029100016F8011FEDB211F0010F00F101044FEAAA
:10292000510102D033B1013BDBB2E0B2A842F2D197
:102930009642EBD1F0BD00BF102102004084080098
:102940004D91CFBA1B491C482DE9F04300230126C5
:10295000451EA1F1020C06E00133082B01F106012E
:1029600000F1280024D003EB830215F83220D407AD
:10297000F2D59CF800409CF801E0C2F38012076891
:10298000B0F8048006FA03F99A40013344EA0904D6
:102990004EEA0202082BA1F804808CF800408CF863
:1029A000012001F1060141F8067C00F12800DAD18E
:1029B000BDE8F083FE7D0020A11400202DE9F04742
:1029C000002301271E481F4ADFF87C80DFF87C9037
:1029D000951EA0F1020C15F8331007FA03F6C9078B
:1029E00024D598F8001059B112F8011C072901EB01
:1029F000810405D819F834104C0701D5C90615D53E
:102A000015F833109CF801E0C1F340019CF8004038
:102A100099404EEA010ED2F800A0918834438CF818
:102A200000408CF801E08180C0F800A00133082B41
:102A300000F1060002F10802CDD1BDE8F08700BF29
:102A40002A7F0020EA7E0020278E0020A01400208C
:102A500008207047002038B5F9F7BCFD10F00100E0
:102A600019D10E4C0E4D621E14F83030072B07D8CA
:102A700003EB830315F8331021F0200105F8331020
:102A800012F8303023F0010302F83030013008280A
:102A9000EAD1002038BD0C2038BD00BFE97E0020FF
:102AA000A01400202DE9F04F804683B00020F9F7F4
:102AB00091FD10F0010540F0978098F80030FF2B51
:102AC00026D0504E4FF0FF092C4608F1010BB71EDF
:102AD00003F0010A09E0B9F1FF0F04F101021BD074
:102AE0000134082C06F1080638D017F83420D20734
:102AF000F1D517F83420C2F340025245F0D1062236
:102B00005946304601930FF003F8019B0028E7D1A6
:102B1000002003B0BDE8F08F072C5FFA84F904F1C0
:102B200002046BD017F83210C8070ED4082C06F137
:102B3000100613D017F83420D107D1D517F8342058
:102B4000C2F340025245CBD1D9E7144617F83420DE
:102B50000836C2F340025245C2D1D0E7B9F1070F9F
:102B600048D817F839204FEAC90A63F3410207F839
:102B70003920D8F801200AF10203FA50BBF80420EA
:102B80003B449A8098F800301F4E03F0010306F191
:102B9000FF3804E00135082D06F1280628D005EBA2
:102BA000850418F83420E400C2F38011D207F1D56F
:102BB0009942EFD106225946304601930EF0A8FF04
:102BC000019B0028E6D118F80430EDB243F0200351
:102BD00008F8043017F83930BA4443F001038AF892
:102BE000015007F8393093E70C2003B0BDE8F08FAF
:102BF000FF25EFE7072003B0BDE8F08F4FF007098E
:102C0000AFE700BFEA7E0020A11400202DE9F041CB
:102C100006460020F9F7DEFC10F0010431D13778C8
:102C2000FF2F2BD01D4D06F1010807F00107AE1E46
:102C300004E00134082C05F108051CD016F83430E6
:102C4000C3F34002DB07F4D5BA42F2D10622414673
:102C500028460EF05DFF0028EBD106EBC4035B783D
:102C6000072B11D916F83430002023F0010306F8A1
:102C70003430BDE8F0810220BDE8F0812046BDE897
:102C8000F0810C20BDE8F081054A03EB830312F8C4
:102C9000331060F3451102F83310E3E7EA7E0020B9
:102CA000A0140020072800B51AD80F4B00EB800EA7
:102CB00013F83EE04FEA800C1EF0010F12D084445E
:102CC0004FEACC0013F83CC00130CCF3801C81F8F3
:102CD00000C01958034411609B8893805DF804FB81
:102CE00000DEE2E700DEEAE7A014002008207047DB
:102CF000002010B5F9F754FC012835D84FF0000C2E
:102D00001A4B1B4C197893F8282021F0010122F06E
:102D10000102197083F8282093F8501093F8782056
:102D200021F0010122F0010283F8501083F878208D
:102D300093F8A01093F8C82021F0010122F00102BD
:102D400083F8A01083F8C82093F8F01093F81821A6
:102D500021F0010122F0010283F8F01083F818211C
:102D600084F800C0604610BD0C2010BDA0140020E7
:102D7000268E00202DE9F04F834683B00020F9F71E
:102D80000FFC01285DD8DC461CF8012BDFF82C81F4
:102D900002F00103CDF804B0002467469B4608F119
:102DA000FF39009204E00134082C08F1280844D0CF
:102DB00004EB840519F835604FEA840AF007C6F37E
:102DC000801209EBC505EED55A45ECD106223946ED
:102DD00040460EF09DFE0028E5D17307BC46009AE0
:102DE0000746DDF804B030D4354DE34602F0010863
:102DF000AE1E04E00137082F05F1080512D016F8C1
:102E00003730D907C3F34002F4D54245F2D1062248
:102E1000594628460EF07CFE0028EBD1FF2306EB36
:102E2000C70673700020544419F8343023F00103AE
:102E300009F8343003B0BDE8F08F022003B0BDE8DC
:102E4000F08F0C2003B0BDE8F08FDFF878E09EF83B
:102E500000305E1E023B062BF6B203D8E97DB1427C
:102E6000009102D18EF80060BEE7174B3D4603EBA0
:102E70000112904603EB06130FCB88E80F00DFF832
:102E80004C8005EB850309EBC30219F83330D907F1
:102E900005D5580703D598F81730B34207D0013548
:102EA000082D08F12808ECD19BF80020DAE70099FA
:102EB000074BD1759BF800205D54D3E7A114002087
:102EC000EA7E0020268E0020687E0020A0140020CC
:102ED000607E00202DE9F8431D465B7903F0C003B6
:102EE000402B01D0BDE8F8830E46F9B1DFF86090C1
:102EF000002400F0010809F1FF3704E00134082C38
:102F000009F12809EED004EB840317F83330D90710
:102F1000C3F38012F2D54245F0D10622314648462D
:102F20000EF0F6FD0028E9D1E2B202E0072AD9D876
:102F3000084F02EB820217F83230D200DB07D1D5FE
:102F400028681832B850AB883A449380CAE700BF6B
:102F5000A1140020A01400202DE9F84F82461B4E3A
:102F60001AF8019B00240F4606F1FF3809F0010909
:102F700004E00134082C06F128061AD004EB840280
:102F800018F83230D500C3F38012DB07F1D54A457B
:102F9000EFD10622514630460EF0BAFD8346002896
:102FA000E7D1183508EB050406212046F5F750FA5D
:102FB00020B94FF0020B5846BDE8F88F58F80500CD
:102FC0003860A3885846BB80BDE8F88FA114002064
:102FD0002DE9F0478246164E1AF8019B00248846D8
:102FE000771E09F0010904E00134082C06F12806D7
:102FF0001BD004EB840217F8323007EBC205C3F391
:103000008012DB07F0D54A45EED106225146304604
:103010000EF07EFD0028E7D16B6A1A68C8F8002020
:103020009B88A8F80430BDE8F0870220BDE8F0874F
:10303000A114002010B504460020F9F7B1FA0128C8
:1030400008D81CB1012C01D0122010BD024B002069
:103050001C7010BD0C2010BD278E00204FF47A721A
:1030600002FB00F0014B1860704700BFF87D0020A4
:103070002DE9F047824600208846F9F791FA0128A9
:103080002ED81D4E1AF8019B0024771E09F0010965
:1030900004E00134082C06F128061ED004EB84025B
:1030A00017F83230D500C3F38012DB07F1D54A455B
:1030B000EFD10622514630460EF02AFD0028E8D115
:1030C000B8F1000F12D0B8F1010F0CD17B5D43F0C5
:1030D00010037B550020BDE8F0870220BDE8F08793
:1030E0000C20BDE8F0871220BDE8F0877B5D68F317
:1030F00004137B55EEE700BFA114002000232DE947
:10310000F04F334C334904F1FF3C14F83320072AC5
:1031100007D802EB820211F832E02EF0200E01F8FF
:1031200032E01CF8332022F001020CF83320013386
:10313000082BEAD1002391F8F040274D63F30004F7
:103140002B7081F8F0404FF0FF354FF0FF3491F8CD
:10315000182191F800A063F3000291F8289091F8EB
:10316000508091F8787091F8A0E091F8C8C081F88B
:1031700018211A4A63F3000A63F3000963F3000895
:1031800063F3000763F3000E63F3000C144EDFF8E3
:1031900054B01370144BC6F800B0C3E9004581F871
:1031A00000A081F8289081F8508081F8787081F82B
:1031B000A0E081F8C8C028B1BDE8F04F0B490C4829
:1031C0000DF0CEB80A48BDE8F04F0DF0D7B800BFFB
:1031D000E97E0020A0140020278E0020268E0020EB
:1031E000F87D0020A0BB0D0098140020C133010021
:1031F0006814002008B9024870470248704700BFB1
:10320000FC7D0020287F0020A8B147F6122240F262
:10321000E730002110B5094B1B68E3FB02014FF4B6
:103220007A720023EDF72CF9BDE8104002460B46F8
:10323000034805F049BF02480DF0A0B8F87D002012
:1032400068140020002208B5084B1A80C30706D472
:103250000021074B074A1B7811801BB908BDFFF7F7
:10326000ADFBF5E7BDE80840FFF76CBB287F002009
:10327000278E0020FC7D00202DE9F04F044687B00A
:103280000DF012FA45014B012D1A43EAD06363EBAE
:103290000103AA009B00101843EA957341EB030158
:1032A000C90041EA507147F612220023C000EDF731
:1032B000E7F880460191C4B93C4A0846D2E90012B9
:1032C000B2F1FF3F08BFB1F1FF3F0ED0B8EB0103F1
:1032D000374960EB020209688B4272F10002ACBF11
:1032E0004FF0010B4FF0000B01E04FF0010B0024F9
:1032F000304EDFF8C4A0F71F04EB840317F8333017
:10330000A500D80715D5BBF1000F01D1990710D43E
:103310002B1917F833305A072ED42B1917F83330DE
:103320001B0718D4254417F8353043F0020307F87B
:1033300035300134082C0AF1060A06F12806DBD1E3
:10334000BBF1000F04D0194B019AC3F800805A60FA
:1033500007B0BDE8F08F0DF108094946304608F086
:10336000BEFF00BBB9F804300298AAF80430C6F8D2
:103370001DA0CAF80000D5E7337C104A0DF11700F4
:1033800002EB03120DF1070312F8011903F8011FF4
:103390008342F9D106F1170102A808F0A0FF002826
:1033A000BBD000DEB9E700DEDCE700BF98140020E8
:1033B000F87D0020A7140020307E0020777E0020BA
:1033C00010B50120FFF758FF47F6122240F2E73010
:1033D0000021084B1B68E3FB02014FF47A720023C3
:1033E000EDF74EF8BDE8104002460B46024805F0E6
:1033F0006BBE00BFF87D0020681400202DE9F04767
:10340000894617460AB1FF2313700024254D00F0AA
:10341000010A6E1E04EB840316F833205FFA84F869
:10342000D2074FEA840313D4CFB13A78FF2A04F1CC
:10343000010426D0082C04EB840105F128055FFA6D
:1034400084F84FEA84030FD016F83110C907EDD580
:10345000234416F83330C3F38013534509D00134A5
:10346000082C05F12805D5D14FF0FF084046BDE8EE
:10347000F0870622494628460EF04AFB0028EED186
:10348000F4E7082C87F8008005F128055FFA84F836
:10349000EAD004EB840316F83320A300D007D7D476
:1034A000C3E700BFA11400202DE9F04F054685B009
:1034B00000200C469046F9F773F8012800F28D8041
:1034C0002F4617F8010B0DF10F023946FFF796FF53
:1034D000072840F296809DF80F90B9F1070F00F28F
:1034E000AC8009EB8903574E4FEAC30BD5F80110A6
:1034F0000BF10102B150B98832449180297816F855
:103500000B2006EB0B0361F386122046102101937A
:1035100006F80B20F4F79CFF16F80B20102160F33F
:103520008202404606F80B20F4F792FF16F80B20B3
:1035300000F0010060F3C30253074FEA890A06F85E
:103540000B2016D5404B41491A7806EB0B0C01F8BD
:1035500002903F498CF8172001EB021101321A70DA
:1035600004F10F02013C12F801C9A24201F801CF97
:10357000F9D1002849D100240BF11803F218F450B6
:1035800094800AEB090216F8323023F0120306F891
:10359000323095F800B02F4D0BF0010BA5F1020869
:1035A00004E00134082C05F108051AD018F834306D
:1035B000C3F3400213F00103F3D05A45F1D10622C0
:1035C0003946284601930EF0A3FA019B0028E8D162
:1035D00008EBC40888F8019004E00C2005B0BDE8B1
:1035E000F08F00230020CA4416F83A205B0122F035
:1035F000210243F00103134306F83A3005B0BDE859
:10360000F08F122005B0BDE8F08F0021D8F800E05F
:10361000D8F804C0D8F80840D8F80C000BF107021D
:1036200046F802E03244C2F804C09460D0600AEB6D
:10363000090206EBC20251629DE7072005B0BDE812
:10364000F08F00BFA0140020268E0020607E002096
:10365000677E0020EA7E002007280CD8074900EB8F
:10366000800011F83030C0001A0704D59B0702D53E
:103670000144486A70470020704700BFA014002032
:103680000346024A024812781A707047268E0020BC
:10369000687E002050B1072915D80E4B13F8312051
:1036A000D20712D503EBC1035878704707290ED80B
:1036B000094B01EB810213F83230DB0701D50846D4
:1036C000704700DEFBE700DEE7E700DEEAE700DE4A
:1036D000EEE700BFE87E0020A01400200C4B1B7812
:1036E00083420BD90B4B185C07280CD80A4B00EB14
:1036F000800213F83230DB0707D5704700DE054B38
:10370000185C0728F2D900DEF0E700DE704700BF42
:10371000268E0020607E0020A014002007280DD8EF
:10372000084A00EB800312F833108300C90707D55D
:10373000034412F83300C0F3401070470020704774
:1037400000DEF5E7A01400200C4B1B787BB10729A5
:103750000DD860B90A4A01EB810312F833008B00DF
:10376000C00709D50B4412F83300430701D40120E8
:103770007047C0F30010704700DEF3E7278E00208B
:10378000A01400201378FF2B19D12DE9F047194D13
:103790000446AE46002303EB830C15F83CC09E00A4
:1037A0001CF0010003D0CCF3801CA44509D00133E8
:1037B000082B0EF1280EEED10120BDE8F087012084
:1037C0007047F0464FF0000C4F1E18F801AF17F885
:1037D000019F0CF1010CCA45E9D1BCF1060FF4D1EF
:1037E00013701E4415F836305A07E6D5C3F300109F
:1037F000E3E700BFA014002010B40E4B1C7884B186
:10380000072A0ED80C4C02EB820214F832C0D20008
:103810001CF0080F05D020B14B7903F0C003402BFA
:1038200002D0002010BC70470732A01810BC08F06E
:1038300043BD00BF278E0020A0140020024B187843
:10384000003818BF01207047278E002000F04EBAC4
:1038500008B5002303F014FA002008BD684620F0E4
:1038600007018D4601B502F0F7FAEEF7FDF9BDE864
:1038700001408546704700BF08B5094BD3F82821A1
:103880003AB90120F4F7DAFEBDE808400220F4F767
:10389000D5BE0020C3F82801F5F7AEFEF1E700BF62
:1038A00000200E500020F4F7C9BE00BF90B90E4BA7
:1038B0000E4A19781078CBB288420DD10C480D49C8
:1038C000013390F800C013700B78634507D003787C
:1038D0000B70704700DEEAE700DE1378EEE700DEEB
:1038E00003780B70704700BF288E0020298E0020BF
:1038F0002D8E00202C8E00200B4A0C4B117893F853
:1039000000C08C450DD012781A70094A094B18B9BD
:1039100011781878884202D012781A70704700DE49
:10392000FAE700DEEFE700BF2B8E00202A8E002092
:10393000288E0020298E002002F0DABB08B50B4942
:103940000B4A91F800C0137803989C450BD00022D5
:103950000B70084B114698600120F4F70DFE00B97A
:1039600008BD00DE08BD00DE1378F0E7288E0020D9
:10397000298E0020E80400202DE9F0412D4A2E4D2B
:1039800012782B780C469A428AB005D12B4B2C4AE0
:103990001B7812789A4244D026682A4F06F2726841
:1039A00040463968F5F7B0FF002803DB00200AB075
:1039B000BDE8F081244A254B11781A78914213D141
:1039C0001E4A1F491278097891420DD000221978B9
:1039D00010460131C9B2197011461D4B0092F5F71E
:1039E000CDFE10F0FD0F22D11A48E168C7F8008023
:1039F0000022079040F27260174C3346CDE9054132
:103A000029780131C9B22970009011461046CDE9DC
:103A10000322CDE901220892F5F74AFE0AB0BDE87B
:103A2000F08106680446074F06F27268DCE700DEA4
:103A300000DED9E72C8E00202D8E0020288E00205D
:103A4000298E0020647F00202A8E00202B8E0020EB
:103A5000F9380100AD3801003D3901007F4A936813
:103A6000002B00F090801368002B00F08B802DE974
:103A7000F04F814689B04FF0FF338DF80A300DF1D9
:103A80000A00F6F7B1FD0446002839D0037F9907F4
:103A9000F5D1857A15F00205F1D1C3684B4556D0B2
:103AA000A8462F4606680DF10A00F6F79DFD8346ED
:103AB000E0B1027F9207F6D1827A9307F3D4C2680D
:103AC000B8F1000F1FD04A4521D0DBF800A03146E5
:103AD0005046F5F719FF00280DF10A00BCBF5F46FC
:103AE0005646F6F781FD83460028E2D1002F08BF35
:103AF000274639463846FFF73FFF30F002033FD1F3
:103B000009B0BDE8F08F914545D08046DDE7227FC2
:103B1000204642F002022277E168A2699047D84528
:103B2000A9D1FF238DF80A300DF10A00F6F75CFDEC
:103B300004460028E4D0037F9F07F5D1837A9E07CF
:103B4000F2D4C3684B4502D000DED0F80C90434A53
:103B50004846137B43F001031373D2E9001303AA11
:103B60009847064600B310F1100F5ED03B4A002084
:103B700093681168984716F10B0F1ED08C36BFD092
:103B800000DEBDE77047354918460A7B42F0010266
:103B90000A73F6F745BD237F204643F002032377DF
:103BA000E168A3699847BCE7237F204643F00203FE
:103BB000A269E16823779047A2E700230226FF2746
:103BC000264AD2F80890D2E9004813608DF80B70AD
:103BD0000DF10B00F6F708FD90B1037F9A07F7D4BB
:103BE0000DB9DB07F4D4C368A342F1D1037F2146AA
:103BF00043F002038269037790478DF80B70E7E783
:103C00000125AE4201D02E46E0E707940024494644
:103C10004046039B009604AACDE904440694F6F7B7
:103C20009BFC00287FF46CAFAAE7A37A43F0020361
:103C3000A3720DF10A00F6F7D7FC014600283FF405
:103C40005FAF037F9D07F4D1837A9C07F1D4FFF720
:103C500093FE30F002033FF453AF91E7E0150020EC
:103C600010B517480CF024F938B30024154B9C60AC
:103C700000F0A2FA00281FDB224621468A20EDF739
:103C800071FF22460121E320EDF76CFF2146224619
:103C90001E20EDF767FF4FF480720B4B8A20C3F8AC
:103CA0008824EDF72FFFE320EDF72CFF1E20EDF722
:103CB00029FF02F0EBF8204610BD6FF0120010BD96
:103CC000FC1C0200E015002000A0085008B500F020
:103CD00085FA002809DB8A20EDF722FFE320EDF7C3
:103CE0001FFF1E20EDF71CFF002008BD0A460146FD
:103CF000024892B283681B68184700BFFC1C020090
:103D000030B4074DAB685C6834B1A4468AB2002376
:103D10000146284630BC60476FF0570030BC704702
:103D2000FC1C02000020704730B5044683B078B315
:103D30001D4B1A68824225D0FF250DF107008DF832
:103D40000750F6F751FC38B91AE0A1420AD00DF13C
:103D50000700F6F749FC98B1037F9B07F7D4C168C9
:103D6000002CF2D1037F826943F00203037790476E
:103D70000DF107008DF80750F6F736FC0028EBD15F
:103D800003B030BD9B686BB1014600209847D3E774
:103D9000054A9368002BCFD011680029CCD00020B1
:103DA0009847C9E700DEC7E7E0150020002070470C
:103DB00010B50446F6F70AFC8CB90D4B9A68AAB107
:103DC00000221C689A601A6004B124680020F6F78B
:103DD00027FC2046F6F7B4FC28B1002010BD0028CF
:103DE000F3D100DEF1E700DE002010BD00DEE7E7E2
:103DF000E01500208446064A13689068B3EB0C0374
:103E000018BF0123B0FA80F00B704009704700BF63
:103E1000E015002040F27260704700BF10B51446F4
:103E2000F5F770FD2146F5F76FFD002805DB5130F1
:103E3000B0F58A7F38BF002010BD002010BD00BF44
:103E4000262810B5044613D0272809D0252817D1D5
:103E5000022002F093F82046BDE8104002F094B82A
:103E6000502002F08BF82046BDE8104002F08CB8DC
:103E70001A2002F083F82046BDE8104002F084B812
:103E80000A2807D927280AD900DE2046BDE81040B5
:103E900002F07AB80230400002F070F8DBE703303D
:103EA000400002F06BF8D6E702F0CEB802F0D4B8CA
:103EB00008B502F01DF9BDE8084002F0C3BA00BF22
:103EC00008B502F015F902F0BDFABDE8084002F0AD
:103ED00071BA00BF08B502F00BF902F0B3FA02F0B4
:103EE00097FA02F03BFDBDE8084002F063BA00BF5C
:103EF000014608B5114801F0BFFF02F039F960B181
:103F000002F016FC01F0F6FF00F0A6F900280EDB27
:103F1000BDE808400020FFF74BBF02F0BFF802F0F9
:103F200007FC01F0E7FF00F097F90028F0DA00DE67
:103F3000BDE808400020FFF73BBF00BF3939010052
:103F400010B5044602F0D4F802F07CFA02F060FAF0
:103F500002F004FD02F02EFA2046BDE81040FFF703
:103F6000C7BF00BF10B5044602F0C2F821460D4895
:103F700001F082FF02F0FCF840B100F06DF900287A
:103F80000ADBBDE810400020FFF712BF02F086F800
:103F900000F062F90028F4DA00DEBDE810400020ED
:103FA000FFF706BF393901002DE9F04FFF248046A5
:103FB000894692461F4689B09DF848B08DF81F404B
:103FC0000DF11F00F6F710FB002864D0037F9D075A
:103FD000F6D1837A9C07F3D405683E689DF81F30BC
:103FE0000446294630460593F5F78EFCBBF1000FD9
:103FF0007DD0BC4208BF002426460DF11F00F6F715
:10400000F3FAC0B1027F9107F7D1827A9207F4D414
:1040100002682946049010460392F5F775FC039A4E
:10402000049B00280DF11F00BCBF15461E46F6F785
:10403000DBFA0028E6D1059B8DF81F30464B9A68C5
:10404000002A74D1002E72D14CB3BBF1000F61D1A4
:104050001A7BB97A02F0010201F002010A434ED143
:104060004946534640463A460096F6F775FA0146E9
:10407000002848D0BB7A9B070AD4002C14BF2646E0
:104080000E463046FFF778FC30F0020300D000DE29
:104090006FF0760427E0304B9A68002A45D11A7BEE
:1040A000B97A02F0010201F002010A433DD01A7B05
:1040B000384622F001021A73FA68C3E901891A60CE
:1040C000D04704460DF11F00F6F78EFA014650B1B5
:1040D000037F9D07F6D1837A9A07F3D4FFF74CFC50
:1040E00030F0020331D1204609B0BDE8F08F00283E
:1040F000BFF67FAFFF2335465C4605937CE7BC42A5
:10410000D5D000DED3E700DEBB7A9F07C0D4002EF7
:10411000B7D1B2E753463A4649464046CDF800B0DB
:10412000F6F71AFA0028B3D1B1E70024264649462B
:10413000534640463A46CDF800B0F6F70DFA014630
:1041400028B1BBF1000FA3D1DEE700DECBE700DE34
:10415000BBF1000F9CD1D7E7E015002001F1100062
:1041600004F076BD70B505460C4688B001220021EA
:1041700004A80CF011F80323002602930D4B6946A6
:1041800028460396019307F073FE002810DB3146A2
:1041900047F6122340F2E7304FF47A72E4FB030152
:1041A0000023ECF76DF902460B4604A804F084FDE9
:1041B00008B070BD5D41010038B5012002F096FEE7
:1041C00001240023044D6B60AC60EB602946BDE820
:1041D000384007F04DBE00BF6C7F002010B50120B5
:1041E00002F084FE0446044907F0B1FE2046BDE813
:1041F000104007F088BE00BF6C7F00200C4B1A787F
:104200000AB100207047012010B5187002F06EFE50
:104210004FF47A710446FFF7A5FF38B9204607F03E
:1042200072FE02280CBF00206FF0040010BD00BF1A
:104230002E8E002008B5074BD3E8EF2F511CC3E8A2
:10424000E01F0028F8D1002A01DC02F057FE002010
:1042500008BD00BF687F002008B50A4BD3E8AF2F28
:10426000002A0CDDD3E8EF2F511EC3E8E01F002821
:10427000F8D1012A01DC02F053FE002008BD6FF0E6
:10428000770008BD687F00200520704700B970479F
:1042900000DE7047002208B50399054B01209960A4
:1042A0001146F4F769F900B908BD00DE08BD00BF8A
:1042B000080500202DE9F041C4688CB094F928303D
:1042C000002BC0F2D580636805460E46002B40F0F7
:1042D000C48094F8283023F0010384F8283001F0DA
:1042E000D7FD002001F012FE0021084601F004FE77
:1042F00008200022252101F071FE0120F6F7D0F8F8
:10430000002800F0BC801C3001F092FE6D4B0BA821
:104310000B9301F04FFE6C4940F25B6001F032FFFD
:1043200094F82800C0F341002530FFF789FD2146AD
:10433000664801F0A1FD94F828309B0603D4636819
:10434000002B00F08780962002F092F800231A4696
:104350001946184601F0F0FFFFF770FA002841D126
:1043600094F8283013F0180F54D1D4F800802F6837
:104370004046FFF74FFD07446A6807F2131100201B
:1043800002F084F802F010FA02F004F82046F8F780
:10439000E1F80146023140463A46C9B2FFF73EFD18
:1043A0008046002871D116B9636B002B3BD163683E
:1043B0007BB12B6804F11802A3616968444BE16189
:1043C0009A600221012200206462F4F7D5F80028E7
:1043D00059D12046FFF7EAFC002852D100200CB04A
:1043E000BDE8F08194F82800C0F3C000FEF702FF9A
:1043F00007460DF12B00FFF743F9804679783878AE
:10440000BA1C01F0DBFF002241469DF82B0002F0B0
:1044100019FAAAE70120FEF7EDFE4178821C007828
:1044200001F0CCFFA1E740F2F3120892294A009371
:104430000792294A3B46059231460122CDE903669F
:10444000CDE901660694F5F733F910F0FD0FAED013
:1044500000DEACE701F08AFF7EE7636893F82A305C
:10446000D90705D4636893F82A309A077FF531AFEE
:1044700021461A4801F000FD01F010FEAEE700DE13
:1044800041E700DEAAE700DEA3E740F2E513144AA5
:104490001449154807F062FC42461449144807F0D5
:1044A0005DFC002383F31188BFF36F8F032318464D
:1044B00002DF1048214601F0DFFC01F0EFFD6FF054
:1044C0008B008CE7D6BE898E55555500094A0100F0
:1044D000180500208D42010095420100653F010052
:1044E000782D0200C42D0200A02C0200D02F020063
:1044F000C82D0200854501000021FFF7DBBE00BF8B
:1045000010B5044682B0FFF7E5FC94F8283023F09C
:10451000010384F828309B0601D4636833B39620E6
:1045200001F0A6FF002318461A46194601F004FFC1
:104530000120F5F7B5FF00B31C3001F079FDFFF75E
:104540007DF940B901F026FF21460D4802B0BDE8D3
:10455000104001F091BC0DF10700FFF791F8002227
:1045600001469DF8070002F06DF9EBE701F0FEFE51
:104570000120F5F795FF0028DED100DEDCE700BF63
:10458000094A010010B50446FFF7A4FC01F036FF0C
:104590002046BDE81040FFF7ABBC00BF08B5FFF7F1
:1045A000AFFF01F061FDBDE8084002F0FDB800BFBB
:1045B00070B582B00546FFF77BFC01F0D7FE012005
:1045C000F5F76EFF78B31C3001F032FD01F0B2FD5B
:1045D00038BBFFF733F9C8B902F0EEF80021044602
:1045E000084601F03BFD00210646084601F032FD79
:1045F0003444CB34201A02F0A5F801F0CBFE294652
:104600000A4802B0BDE8704001F036BC0DF1070069
:10461000FFF736F8002201469DF8070002F012F974
:10462000DAE700DED5E700DECDE700BF094A01008A
:1046300070B5C36804461E68F5F764F90546304650
:10464000FFF7E8FB00232D1A2560636023812046D5
:10465000BDE870400121FFF72DBE00BF38B504460C
:10466000FFF74EFF94F8283094F82820C3F3410355
:10467000013303F00303032B08BF002363F342025B
:1046800014BF03F12500252084F82820FFF7D8FB6C
:1046900063680BB1236953B9F5F734F9014600207B
:1046A000563101F0ADFFBDE8384002F07DB802F0B0
:1046B00031F80546F5F726F901460020563101F09C
:1046C0009FFF02F071F802F025F82946F5F71CF972
:1046D00023691B1A236138BD08B54B6823B14B68A9
:1046E00093F82A30DB070BD4814204D04B6B4BB1DB
:1046F0006FF08B0008BD094801F0BEFB01F0CEFC55
:10470000002008BD064B1360FFF794FD002802DB74
:104710006FF00A0008BD00DEFAE700BF5D46010049
:104720003146010030B5044685B0FFF7D3FB204683
:104730000DF10F01FFF75EFB08B105B030BD054676
:1047400001F05CFE012294F828102846C1F34103D1
:10475000134403F00303032B08BF002363F3420158
:1047600000952B4684F828102946F5F707F894F9A8
:104770002830002B04DB2046FFF7BAFB05B030BD24
:10478000054B0122294628469C60F3F7F5FE0028D8
:10479000F1D000DEEFE700BFF80400202DE9F84378
:1047A00016469DF8209080464A460D4630461946EA
:1047B0001F46FFF721F80446A0B91DB198F829302B
:1047C0009B071ED498F82850C5F38013B3420CD031
:1047D000C5F3C105012D05D926B17B7903F0C003CE
:1047E000402B14D02046BDE8F8830622394608F154
:1047F0002B000DF08DF90028EAD101242046BDE8F8
:10480000F8834846FEF728FF0028EBD1DAE7099B3A
:10481000002BF2D00123099A1370EEE710B548B1CE
:104820000C46FFF719FD00280BDB2046BDE81040C1
:10483000FFF7BEBA044801F01FFBBDE8104001F0CD
:104840002DBC00DEF1E700BF2547010000207047C6
:104850000020704710B582B00446FFF7EBFC00283B
:1048600009DB0023074A084908480094F5F796FF3A
:1048700018B902B010BD00DEF3E77730F9D000DEE2
:10488000F7E700BFF94401001D480100D9460100C7
:1048900010B50446084694F82810090702D442B916
:1048A000012010BD002AFBD1BDE810401846FEF7DC
:1048B00035BF1946FEF748FF0028F1D194F82800CB
:1048C000C0F3C00010BD00BF2DE9F04F83B09DF8CC
:1048D00038609DF83040B60106F0400646F02506E7
:1048E00046EAC4160C464FF0220C0127984623785E
:1048F0000F9903F0100333434668237084F801C016
:104900000B681546C4F802308B880D9AE380136853
:104910008246A3609388A3817368C4F80E303289FD
:10492000B37A677562822375B6F8169001F03EFF80
:104930000746002D3DD005F0030B0BF12B0B4FEA82
:10494000CB0BC5F340032BFA03FB4146284601F08D
:1049500085FB07F5AF67DAF810305F448046A7EBB8
:10496000000B4BBB109AC2F800B0A375E375F28A36
:1049700094F823302283328B6283BAF81420A28306
:10498000D6F82220C4F81E2096F8262084F822208B
:1049900096F8282062F3040384F82330FFF774FCB0
:1049A00094F8233060F3471384F8233003B0BDE854
:1049B000F08F4FF4B07BC8E740F2E24303FB09F904
:1049C00001F0B0FE0346DAF81020284601211D460A
:1049D000019201F041FB019A2B181344002B01DBDB
:1049E0005B4501D24B44F9E7109AA8EB0708136026
:1049F0009844044BA3FB0823627D9B0A0132E382A7
:104A00006275B4E75917B7D12DE9F0478AB004466B
:104A100001F09AFBC0B2002800F0FE8001F0BEFB5E
:104A2000054601F0FFFC074601F006FD814601F056
:104A3000ABFF064601F08CFF824601F0BDFCEDB2F3
:104A4000804601F0A5FCFFF745FA45B92146C0486C
:104A500001F012FA0AB0BDE8F04701F01FBB0120D7
:104A6000F5F71EFD0546002800F0A18117F0FF07AD
:104A7000F6B240F0DA80002E40F0D1804FF0FF090E
:104A80003A464B4631462046FFF702FF0028DDD06C
:104A900000232A7F61688DF823305FFA88F702F0DF
:104AA0000F03002900F0E480616891F82A1088075C
:104AB00000F1DE80072BC9D094F82810090740F1D7
:104AC0001681002B40F0BB806B7F063B1F2BBDD8AF
:104AD0000420F5F7E5FC0028B8D001F067FE636B11
:104AE00043B940F27122638E02FB03F3B0FBF3F291
:104AF00003FB120023685B68A3F20A338342A5D349
:104B000001F034FC48466368FEF7A6FD94F82930AE
:104B10008246990740F1D781002800F0D481804671
:104B2000012701F049FBCDE90278804609AB0493E7
:104B300005F11E0301932B7F0022C3F3801320464F
:104B4000414600930123FFF7BFFE404601F076FA8D
:104B500001F0F0FA002840F0D38121467D4801F0B1
:104B60008BF9626892F82A3043F0010382F82A3008
:104B700094F8283043F0800384F82830F5F7AAFC35
:104B800017214FF6FF72074643460171C2802A7F04
:104B900008F12001C2F3401007F11C02D3F8008095
:104BA000D3F804E0D3F808C0DD6810338B42C2F8B4
:104BB0000080C2F804E0C2F808C0D56002F110021B
:104BC000ECD11B6813603B7FBC6060F345133B77FF
:104BD00001F0A0FD002E08BF4FF0FF093861099BCE
:104BE00087F819907B6194F82930BA7EC3F34003AB
:104BF000BAF1000F0CBF002303F0010363F30002BE
:104C0000BA76F5F767FC394603463868FB600AB0A8
:104C1000BDE8F047F5F788BCFFF75CF916E75FFAE7
:104C20008AF0FEF75BFD81462AE794F828005FFAD8
:104C300089F1C0F3C000FEF72DFD814620E7012B6E
:104C400040F08A806A7F0C2A7FF400AF1946002367
:104C50002A7F20460193CDF80090D20905F1240364
:104C6000FFF79CFD00287FF433AF2B7F03F00F0389
:104C7000002B4DD16B7F9A1F1F2A3FF6E7AE94F8A9
:104C8000282002F02102202A07D16268002A00F0C1
:104C9000AE80063B1F2B3FF6D9AE63682BB12B7F4E
:104CA00003F00F03072B7FF4D1AE03209DF8238080
:104CB000F5F7F6FB054600283FF4C8AEF5F70AFC09
:104CC0004FF6FF73EB8005232B71EFB97F20002E89
:104CD00008BF4FF0FF09AB7E287668F341032946F1
:104CE0002868AB7685F81990F5F71EFCAEE6B9F1A9
:104CF000FF0F8DF82490C2F380185AD094F82A2020
:104D000091453FF4DEAEB3E701F04EFBC0B2DEE703
:104D1000062BAFD04521D94011F0010140F0F480BD
:104D2000012B20D16B7F0C2B7FF490AE2A7F0DF1ED
:104D3000230301932046CDF80090D20905F1240306
:104D4000FFF72CFD78B16B7F002BA6D17EE600BF6C
:104D50009D45010025470100062B8BD04522DA40F6
:104D6000D00700F1D1802B7F03F00F03042B7FF4D9
:104D70006DAE6B7F063B1F2B3FF668AE94F8283074
:104D8000DB077FF563AE01F017FA2B7F0278C3F3E0
:104D90008013B3EBD21F7FF459AE0622083005F121
:104DA0001E010CF0B5FE00287FF450AECBE700DE0C
:104DB0005CE605F11E0A5146404609AAFEF7E2FCF0
:104DC00000283FF452AF94F8293003F00103434523
:104DD0007FF44BAF5146062204F108000CF098FE18
:104DE00000287FF442AF2B7F03F00F0369E6962083
:104DF000079201F03DFB079A104601F087FA032065
:104E0000F5F74EFB804600283FF420AEF5F762FB35
:104E10004FF6FF73A8F80630052388F80430002FFA
:104E20006AD17F23002E14BF4A46FF2288F818302B
:104E300098F81A30414623F0020388F81A3088F8AF
:104E40001920D8F80000F5F76FFB01F0B5F9064618
:104E500003210C223378484661F3030333702B7F20
:104E600072703278C3F3801363F3C7123270FEF7A7
:104E7000F3FB94F8292092072CD558B332463178A9
:104E800041F0400102F8021B0168C6F80210838855
:104E90009380D5F81E303046B3606B8CB38101F03F
:104EA000CDF801F047F968BB01F07EFC214694F88B
:104EB0002830164843F0010384F828300AB0BDE8D2
:104EC000F04700F0D9BF94F8287004F12B08C7F31D
:104ED000801726E694F828303278C3F3801363F302
:104EE0008612334603F8022BD4F82B20C6F8022092
:104EF000B4F82F209A80CCE701F056FAC3B291E7BC
:104F000000DE2AE600DECFE76B7FC2E6B145010096
:104F100010B50446FEF7DEFFF5F704FC0246F0B1DB
:104F20004FF0010C0F4B10491B7809780F4803FA1A
:104F30000CF301EA0C0103F002030B430188204645
:104F400051800B4C1179247821F003010B4382F836
:104F500000C013719471BDE81040FEF7C9BF00DEB8
:104F6000DEE700BF318E0020328E0020948B0020BF
:104F70002F8E002008B501F01BF9034601211A7895
:104F8000002061F301021A7008BD00BF00207047C5
:104F9000704700BF002330B40749084A0B801380D4
:104FA000074C084D08480949094A2B7023700370C3
:104FB0000B70137030BC7047968B0020948B0020D0
:104FC000328E0020318E0020338E0020308E002063
:104FD0002F8E0020814207D091F82A305B0716D52A
:104FE0000E4B188898B970470C4A0D4B12881978E7
:104FF00072B939B10B4A13680133136000DE6FF0E8
:105000008B00704701226FF00F001A707047044B3D
:105010001B78002BEED16FF08B007047948B002033
:10502000308E0020947F002038B50D46F8B104463C
:10503000FFF712F9002835DBE3682189588B4A1CF9
:10504000024499835A83F5F76DFB034660B3002150
:1050500001241A79598022F0030242F002021A71E7
:105060001C7099712846BDE83840FEF7A1BE91F941
:105070002730002B0ADB29460C4800F0FDFE01F02A
:105080000DF895F896301B0708D438BD084B1B88DF
:10509000002BF0D10122074B1A70ECE7BDE8384035
:1050A00001F0C6BB00DEC7E700DED0E7114F01000C
:1050B000968B0020318E0020F8B504460120F5F7CC
:1050C000EFF950B30021417794F87D5000F11C07AF
:1050D00005F007052846E68F00F00EFF94F896309D
:1050E000AA001B07F1B242F001020ED504310820DC
:1050F000C9B200F073FF3A46294604F1970001F067
:105100005DFBBDE8F84000F093BF082000F066FFAB
:105110003846BDE8F84000F08BBF00DED2E700BFA4
:1051200038B50446FEF7C4FE2A4A2B49138808788E
:1051300001332728138007D80B782849DBB251F8B0
:105140002320013241F82320A08901F091F994F83D
:105150007C2094F87D00C2F3C003002102F0070216
:1051600000F0070001F0E8F82046FFF7A5FF00F087
:10517000E1FF60BB01F020FB0346258A94F87D0027
:1051800001210D3500F007001D4400F067FF94F881
:105190007D30054403F00703022B16D0042B0CBF0F
:1051A0004FF4BC73282394F87C001D44C0F3C00165
:1051B00000F0070000F04EFF281A01F0C3FA214664
:1051C000BDE83840064800F057BE1823EBE700DE84
:1051D000D0E700BF968B0020B5050020A07F0020FF
:1051E000F9520100F8B505460F4690F87C10868FFD
:1051F00001F007042046C1F3C00100F07DFE95F8E0
:105200009630A200DB0642F00102F1B20DD5043166
:105210000820C9B200F0E2FE394605F1B80001F0FD
:10522000D1FABDE8F84000F009BF082000F0D6FE32
:105230003846BDE8F84000F001BF00BFF0B50546B4
:1052400083B001AA0F46D0E92001F3F725F995F8BC
:10525000963006465A0738D448B3019C95F89530E5
:1052600095F8942004341C4412B9627885F894208F
:1052700033B10122237862F30103237095F895304E
:1052800095F894202846D31A6370F8F7E7F8637806
:1052900083422AD90122607000212378A17003F093
:1052A0000F0343EA021323703C6003B0F0BD43F0E8
:1052B000040385F8963000F07BFF0446237823F042
:1052C000100323703C6003B0F0BD43F0040385F885
:1052D000963000F06DFF0446002EEFD0037843F0C7
:1052E000100303703C6003B0F0BD3268D5F8843021
:1052F000D21A18BF0122CFE72DE9F04782B0044649
:1053000000F022FFC0B2002800F0EC8000F046FF61
:10531000C5B201F051F8FEF7D3FDC24A138801333C
:10532000138094F92730002B56DB0120F5F7B8F8ED
:105330000646002800F08881002D64D1BA4B94F80D
:1053400096901D78C9F38009002D40F0D680012287
:10535000204601A91A70FFF771FF00252F46B34BB5
:105360001B78002B00F0AE802146B14800F084FD90
:1053700094F92730002B80F20681019994F8962049
:105380000B78204662F3C3030B7094F896300A78CA
:10539000C3F3400363F382020A70FFF723FF00F0B8
:1053A000C9FE002840F04E8101F0F8F900287ED0B7
:1053B000002F00F083804FF6FF73A08A984200F020
:1053C00048813946F7F7DEFF002D40F0A28002B099
:1053D000BDE8F047F5F7A0B8002D00F0A980954B87
:1053E0001A78272A00F2128101201B789249DBB239
:1053F00051F82320024441F82320F5F751F80646DE
:10540000002800F00A8194F89630317F03F0010201
:10541000C1F38000904206F11C0A00F0928082F0F5
:10542000010262F3000313F0040884F89630DAB244
:1054300040F0B780D4E9200101AAF3F72DF8074620
:10544000002800F0C580019D94F89590043505EB87
:1054500009035B7873B194F89620D2060AD5D4F884
:10546000C8200132C4F8C820D4F8CC2042F1000290
:10547000C4F8CC2094F894204B44DBB29342C0F0A3
:10548000E58000F00F8100DE002794F92730327F9D
:10549000002BC0F2A180D00600F19E8015F80930E3
:1054A000C3F3001383F001035FFA83F894E001F083
:1054B00069F901F06DF9002F7FF47DAF4DBB02B0AB
:1054C000BDE8F087E08900F0D3FF94F87D0000F09C
:1054D000070000F01BFF2146584800F0CDFC01F00A
:1054E00063F94AE7FEF7ECFC2146514800F0C4FCA2
:1054F00002B0BDE8F04700F0D1BD013DEDB220465D
:1055000001A91D702F46FFF799FE002D3FF42CAF27
:1055100023E7F4F7DFFF03233371A38A31463068B2
:10552000F380F4F7E9FF02B0BDE8F047F4F7F4BF09
:105530000120F4F7B5FF064600287FF4FFAE00DE39
:10554000FCE6C1F3C001C3F340028A4200F09A8036
:1055500001210025C3F38009394B334A19702046D5
:1055600001A915702F46FFF769FE337FD9063FF575
:10557000F6AE019B1A78D2063FF5F1AE5B78002BB0
:105580003FF4F2AEEBE600F089FD00F0D3FD002819
:1055900040F0868094F8963069F3820384F8963060
:1055A00002E7134623F0040384F8963000F000FE6F
:1055B00094F92730002B0BDB327F12F0100708D153
:1055C0000378C3F3001383F001035FFA83F803E069
:1055D000327F4FF00008474694F89690C2F3C0021D
:1055E000C9F340039A4237D00025002101220E4B17
:1055F00020461970124B01A9C9F380091A70FFF7F0
:105600001DFEB8F1000F7FF4AFAEAEE70120F4F756
:1056100047FF064600287FF4F6AE00DE00231B7F1E
:10562000FFDE00BF948B0020338E0020308E0020E0
:10563000114F0100B5050020A07F0020215101007D
:10564000328E002000DEAFE600DE75E684F895308D
:105650001AE700DEA08AB4E60320F4F721FFD8B1F0
:1056600094F8963083F0020384F89630757F15B96C
:105670005FFA83F9B9E794F8969019F0080F21D1F1
:105680000125B2E70320F4F70BFF074600284ED0B0
:105690004FF000084746E3E7054694F89690A4E7E4
:1056A00000DE77E70022D4F8840004F18001A4F83A
:1056B0009420F2F7F9FE019B1B683B60019B1F6081
:1056C000019FE2E601F082F800286ED001F0A6F812
:1056D000002858D1D4F8A730D4F8AB20134304D114
:1056E000337F03F00303032B38D00222304B2146D3
:1056F00030481A7000F0C0FB00F0D0FC00F01AFD3A
:1057000020BB01F04BF858B1002F3FF4D8AE4FF654
:10571000FF73A08A98421BD03946F7F733FE56E64E
:1057200001F030F801F034F8002FF0D1C7E6012283
:10573000214B94F896901F70204B204601A91A70B7
:105740003D46FFF77BFDC9F380090EE700DED8E791
:1057500000DE3946A08AF7F715FE38E600F02CFD8A
:1057600042780146272AC0D8504603320CF0A2F9ED
:10577000D4F8A730013BC4F8A730D4F8AB3043F1DC
:10578000FF33C4F8AB300122D4F8A73004F1A701ED
:105790009B18C4F8A730D4F8AB3043F100034B603A
:1057A000034B94F896901A706AE700DE8EE700BF0C
:1057B0002F8E0020114F0100338E0020328E0020EA
:1057C0004FF6FF73F0B5C46885B0A28A9A4200F024
:1057D000AD800546FFF7DEFB00212B89628B208C14
:1057E0001A4492B21044618380B294F82710A383C4
:1057F000431C238401F03F034906E28371D494F8EB
:10580000281004F12900009304F12203FCF7EEFFB5
:105810000646204603A9FFF711FD039B94F8961056
:105820001A7861F3C3021A70039A94F896301178CB
:10583000C3F3400363F38201117000F029FB0020E1
:1058400000F064FB201D00F0B5FB2389A17A40F233
:105850005B6043EA014100F095FC394B272E1E7036
:1058600005D8384A52F82630013342F826303046FF
:10587000FEF7E6FA20460399FFF7B4FC21463248CA
:1058800000F0FAFAE08900F0F3FD94F87D0000F0F2
:10589000070000F03BFD27682E683846FEF7BAFA8D
:1058A00003461E4406F213116A68012000F0EEFD63
:1058B00000F07AFFA18A324603313846C9B2FEF7BA
:1058C000ADFA0646A0B1AB7A13F0020518D0002558
:1058D00021461E4800F0D0FA00F0E0FB284605B053
:1058E000F0BD218D04F12202FCF7C4FF064690E7CB
:1058F0002046FEF75BFA00BB0025284605B0F0BD48
:105900004FF48273124A1349134806F027FA3246BD
:105910001249134806F022FA85F31188BFF36F8FFE
:105920000323184602DF6FF08B05D1E721460D48AF
:1059300000F0A2FA00F0B2FBDEE700DEDCE700BF19
:10594000B50500204080002021510100413F0100A9
:10595000F42D0200C42D0200A02C0200E42F02004E
:10596000C82D0200653F010010B582B00446FEF765
:1059700061FC002809DB0023074A08490848009415
:10598000F4F70CFF18B902B010BD00DEF3E7773072
:10599000F9D000DEF7E700BFC15701002950010030
:1059A000D54F0100264B0246D3F8A413013106D08F
:1059B0002349D1F8A00310F0010009D170474FF638
:1059C000FF71D3F8A8339BB28B42F1D1002070470E
:1059D000D1F8A4331360D1F8A803C0F3072363F010
:1059E0003F0310715371D1F8903301331CD0D1F8BB
:1059F0009433013318D0D1F89833013314D0D1F84F
:105A00009C33013310D0D1F89033C2F80630D1F86E
:105A10009433C2F80A30D1F89833C2F80E30D1F876
:105A20009C33C2F8123008E00023C2F80630C2F8F6
:105A30000A30C2F80E30C2F812300120704700BFA1
:105A400000C0FF000023144A036043608360C3600A
:105A5000D2F88033013318D0D2F88433013314D014
:105A6000D2F88833013310D0D2F88C3301330CD004
:105A7000D2F880330B60D2F884334B60D2F888338D
:105A80008B60D2F88C33CB60704700230B604B6087
:105A90008B60CB60704700BF00C0FF0000214FF457
:105AA0008062034BC3F82811C3F81423704700BF6A
:105AB00000200E50034B1878421C003818BF0120FC
:105AC0001A707047348E0020064B187830B10138B8
:105AD000C0B21870003818BF0120704700DE187877
:105AE000F5E700BF348E0020054BD3F84427D3F8E8
:105AF00040075200D3F84417F7D40029F5DB70476C
:105B000000200E5030B484460C461D4AD2F844376B
:105B1000D2F8401713F08043D2F84407F6D100289A
:105B2000F4DB012502EB0C12C2F82C354FEA8C0293
:105B3000D2B24FEA0C1C0CF1A04002F1A042013994
:105B400000F5622002F56222C0F820151560D0F839
:105B500020259142FBD0A2424FF00102D0F824153B
:105B60000CF1A04388BF0131C1F3130103F5622397
:105B7000C0F82045C0F82415C3F82C2530BC704768
:105B800000200E502DE9F0430025594C5949C4F826
:105B900000550225C4F800558025574E022AC6F844
:105BA0001413C4F88010554CC4F89C1104F58024DB
:105BB000C4F89C105249A4F58224C4F80455C1F8D5
:105BC0000455504C4A49C1F8044500F08D80032A21
:105BD00040F08680A322C1F848250268444912BAE1
:105BE000C1F81C254268012612BAC1F8182582683E
:105BF0004FF00E0E12BAC1F81425C268424F12BA05
:105C0000C1F81025027CC1F82C25B0F81340027EA3
:105C100064BA02F00102A4B244EAC214B0F811203E
:105C200052BA44EA0244C1F82845D0F81940374A2C
:105C300024BA9260C1F82445D0F81D002E4C00BA59
:105C4000C1F82005D4F8280E1546002405F8044FA5
:105C5000D2F82C805FFA80FC2D480CF1020910610B
:105C6000956101382B4D69F317081680C2F82C8016
:105C700006F1506600F103085561D5611062D760E6
:105C80005662C2F8288082F82FE0C2E913535564A7
:105C9000D56DACF1040C6CF31705D565C2E90C4465
:105CA000C2E9184402F10805D763566582F85FE03F
:105CB000C1F8305502F13805C1F83855C1F8044132
:105CC000D1F80451C1F80841D1F80811591C941DAC
:105CD00003331164511D946391649365BDE8F083AF
:105CE000E322C1F8482578E7C322C1F8482574E7C4
:105CF000006004500700008000A0085000300450ED
:105D000000200850020000010200000B4481002026
:105D1000B18100200100000CF0B402240025464BA4
:105D20000229C3F80055C3F80045444CC3F80445A4
:105D30007ED0032978D1A321C3F8481503683E49D2
:105D40001BBAC1F81C35436801251BBAC1F81835C8
:105D500083684FF00E0C1BBAC1F81435C3681BBA28
:105D6000C1F81035037CC1F82C35B0F81340037E20
:105D700064BA03F00103A4B244EAC314B0F81130CA
:105D80005BBA44EA03442E4BC1F828451E46002462
:105D9000D0F819709B603FBAC1F82475D0F81D0087
:105DA000284F00BAC1F820051D80DF6050789A6145
:105DB00026F8020F03321A625A6A1E6160F3170254
:105DC0005A62214E021D21489C62D8615E6183F8AF
:105DD00027C0DC625865DE6D1D48C3E918441864AD
:105DE00062F31706013803F10802DE65DF63186508
:105DF00083F85FC0C1F8302503F13802C1F83825B7
:105E0000C1F80441D1F80421C1F80841D1F80821B2
:105E1000C21C9A650F4A0D60591DC3E91121DA644D
:105E20009A1D9A63F0BC7047E321C3F8481585E7D3
:105E3000C321C3F8481581E7006004500000050144
:105E4000448100200200000B0200000C0100000D44
:105E5000B18100200100000C044BD3F8203223B1A3
:105E6000034A044B10681B681847704700A008508D
:105E7000BC830020C0830020024B034A19601060DD
:105E8000704700BFBC830020C0830020704700BF64
:105E90000022012130B4144B1448154DC0F8282EAF
:105EA000C3F8A020C3F8A420C3F8A820C3F8AC20EE
:105EB0005962D962C3F81028D3F8104844F48044DA
:105EC000C3F81048C3F81428D3F8144844F4004425
:105ED000C3F81448C0F80021C0F80421C0F8041722
:105EE000296330BC704700BF0020085000A0085054
:105EF00000E01050704700BF02280CBF04220322AC
:105F0000014BC3F80025704700A00850072821DC8A
:105F100000F10A03DBB2112B15D910F10C0F20DAB6
:105F200010F10E0F1FDA10F1100F18DA10F1140F24
:105F30001DDA10F11C0F18DA2930CCBF4FF498721B
:105F40004FF4887202E00B4A52F823200A4BC3F840
:105F5000102770473F22084BC3F8102770470422D0
:105F6000F4E70622F2E70522F0E70122EEE702223B
:105F7000ECE700BFF02F020000A00850014BC3F86F
:105F80000807704700A00850094B40F4090040F092
:105F90004000C3F84005D3F8282E22F00072C3F861
:105FA000282ED3F8282E42F00072C3F8282E70470E
:105FB00000A0085000210123074AC2F83C1EC2F885
:105FC000403EC378C2F8343E8178038843EA0143F7
:105FD0001B02C2F82C3E704700A0085002F01C03C0
:105FE000A3F10803B3FA83F302F00302013A5B0959
:105FF0001B06022A98BF43F4801300F00F000A4AE0
:10600000184340F48070C2F8200ED2F8280E074BD7
:106010000340C2F8283ED2F8283E194341F44031EB
:10602000C2F8281E704700BF00A008500000F8FE0C
:10603000014BC3F8D00E704700A00850014BC3F8C5
:10604000D00E704700A0085002280CBF282029203D
:10605000704700BF012070472920704702280CBFFD
:1060600005200A20704700BF4FF40050012110B4F2
:10607000064A074B074CC3F81823C4F88C20064A7D
:10608000C2F80405596010BC704700BF0D000080C5
:1060900000A00850005008500020085000234FF482
:1060A0000050012130B44FF47E540E4A0E4DC5F815
:1060B0008C30C2F8A030C2F8A830C2F808050B48EE
:1060C0005162D162C0F8DC35A0F51C20C0F88030E8
:1060D00000F58820C2F80845C0F80034016130BCE2
:1060E000704700BF002008500050085000200E509C
:1060F00000220F4BC3F80022D3F80012C3F80C2281
:10610000D3F80C12C3F81822D3F81812C3F81C22C3
:10611000D3F81C12C3F85C22D3F85C12C3F83822FF
:10612000D3F83812C3F82022D3F82032704700BFCA
:1061300000A00850034BD3F80002003818BF01201C
:10614000704700BF00A00850064BD3F8180238B1C2
:106150000120054A05491368D1F848150B4413601E
:10616000704700BF00A00850B483002000500850C2
:10617000034BD3F82005B0FA80F04009704700BF08
:1061800000A0085040F20312034BC3F8442EC3F89A
:10619000480EC3F84C1E704700A00850034BD3F8BC
:1061A0000C0E003818BF0120704700BF00A0085037
:1061B00000487047B482002000487047B08100203A
:1061C0002DE9F0474FF00008484F494E97F800C0BE
:1061D00082460CF10403DBB20CF1010E0CF10E044B
:1061E0004FEAC30C5FFA8CFC66444248DFF808C1F2
:1061F000424D0EF0010E9DF82090C0F818C3C6F86D
:1062000000C04FEACE06E4B23544012944F0004410
:10621000C5F800803AD0BAF1000F2ED1022A0CBF87
:1062200032223622364D0EF10E0141F0004103F1CB
:10623000700645F82640C0F804119B0003F1502376
:1062400003F50023D3F840154FF40054914294BF56
:106250000122D3F840152B4888BF8A1AC3F840257D
:106260002449254B264AC0F80445C1F81833C2F822
:10627000C83087F800E0BDE8F087214A03F17001DB
:1062800042F821402D22C0F80441D6E7BAF1010FAF
:106290001BD04AF2B81149F6346542F2B846B9F15A
:1062A000020F18BF0D4641F28831022A18BF31464D
:1062B0004A19154903F17005A1FB02121049920910
:1062C00041F82540C0F80041B7E70D490EF10E0234
:1062D00042F00042B9F1020F03F1700541F8254088
:1062E000C0F800210CBF29222A22A6E7358E002003
:1062F0008020085000A008500D000080A020085009
:106300000050085000200850D34D621010B5084BC3
:10631000084A84B00446C3F80024002301201A462A
:106320001946CDE901330094FFF74AFF04B010BDD0
:1063300000A008500100080070B58C4616461D46A6
:106340000024084B084A84B00121C3F80024024607
:1063500063462046CDE900650294FFF731FF04B0A3
:1063600070BD00BF00A00850010008000022054BCE
:1063700005490648C1F80004C3F8A020C3F8A820C6
:10638000704700BF0020085000A00850010008001E
:1063900000207047034AD2F8003443F01003C2F8DB
:1063A0000034704700A00850014BD3F8180770471D
:1063B00000A00850704700BF012070474FF0000C4C
:1063C00010B44FEA8C03146803F1A04303F50A23C9
:1063D000C3F8504E94880CF1010CBCF1080FC3F8BF
:1063E000704E02F10602ECD1034B40EA0120C3F8E3
:1063F000900E10BC704700BF00A00850034AD2F8AE
:10640000903E23F0FF03C2F8903E704700A0085072
:106410000022034BC3F82422D3F82432704700BF74
:1064200000A00850034BD3F82402003818BF012005
:10643000704700BF00A00850014BD3F8180E7047FA
:1064400000A0085000234FF47E5110B40548064CBC
:10645000064AC4F8DC35C0F88030C2F8081510BC14
:10646000704700BF0060045000200E50002008500C
:10647000044B054A1B780433DBB203F5A87342F8DA
:1064800023007047358E002000500850F0B4A2F56C
:1064900074234E4CA3F51073A342074604D902F5AA
:1064A0007422013902F51072494B0125A3FB022326
:1064B0009B0C502B184638BF5020002402264FF06A
:1064C000050C444A1944D560C51A434BC2F804452B
:1064D000C2F810C5C2F80865C2F840050E1AC3F824
:1064E000DC45D3F84427D3F840175200D3F844478B
:1064F000F7D4002CF5DB01220139C3F8D015DA629C
:10650000354AD2F8D0359942FBD04FF0000C01212A
:106510004FF48074D2F8D4259E4238BF01322E4BFE
:10652000C2F31302C3F82CC1C3F8D065C3F8D42555
:106530002A4AC3F8DC15C3F8AC21A3F5BC23C3F881
:10654000A02103F58023C3F8A0202249A3F500531E
:10655000C3F80445A3F58023C1F88020C3F804459F
:106560004FB30132C1F8C02101F5A041C1F80021AB
:106570004FF40072C3F804254FF0000C4FF400579D
:10658000174B144A1D60174D174EC5F800C0174B26
:10659000174C1849184DC5F81863C2F88C60C3F839
:1065A0000475C2F8D041C3F8A440C2F8D411C3F8AE
:1065B000AC10F0BC7047114AC1F8C0210E49C1F8B7
:1065C00004214FF40072C3F80425D5E7BFBDF07F66
:1065D00083DE1B430050085000200E50080000804E
:1065E000B8830020B48300200D00008000200850F4
:1065F0000E0000800F00008000A0085009000080FD
:10660000F0B40124502700260546394A394B54601E
:10661000D460C2F84075A1F14F04C3F8DC65D3F82B
:106620004427D3F840175200D3F84407F7D4002882
:10663000F5DB012001392F4AC3F8D015D862D2F812
:10664000D0359942FBD0002601214FF48070D2F85A
:10665000D4259C4238BF0132264BC2F31302C3F843
:106660002C61C3F8D045C3F8D425234AC3F8DC1500
:106670002249C3F8AC21A3F5F033C1F8A021C3F837
:10668000A020A3F50053C3F8040501F58051A3F53C
:106690008023C1F88020C3F804054FF40070EDB1E9
:1066A000174C0132C1F8C021C4F80021C3F8040519
:1066B00000254F244FF40051124A13481560134B24
:1066C0000F4A04600A48C2F81833A2F50042C0F825
:1066D0008C30C2F804155020F0BC70470C4A084CAE
:1066E000C1F8C021C4F80421C3F80405E0E700BFE5
:1066F0000050085000200E50080000800040085054
:1067000000A00850B4830020B88300200D00008052
:1067100009000080024BD3F8D425D3F8D005704788
:1067200000200E50014B1868704700BFB88300204E
:1067300001230249024A4B605363704700500850DE
:1067400000E0105070B44FF4C056094B094C0A4A8F
:106750000A490B4DC3F84405C2F80C43C3F8C440C2
:10676000C3F8C411C2F81011C5F8046570BC7047B5
:10677000005008500B00008000A008500C00008062
:1067800000200850014BD3F84405704700500850D2
:10679000014B1860704700BFAC810020014B1868A6
:1067A000704700BFAC810020704700BF014B1868E4
:1067B000704700BFB48300200020704713460122B9
:1067C000FFF7E0B90A460121FFF7A6BA38B5022360
:1067D000104CC4F80433D4F8043163B92025EFF326
:1067E000118085F31288BFF36F8F05F04CFCD4F84D
:1067F0000431002BF3D002204021064B064AC3F897
:106800000803C2F88811D3F80801B0FA80F04009F3
:1068100038BD00BF0060045000E100E0034BD3F836
:106820000004003818BF0120704700BF006004500A
:1068300001210022024B5960C3F80025704700BFB8
:10684000006004502DE9F04F0325354B354ED3F849
:10685000D02E354B354C9E6006F180761E61961C1D
:1068600005325E60DA60C4F80055002855D0022475
:106870002F4E0219181D40F8341003EBC4050134E3
:106880009442AE6001F11001F5D100254FF0FF3ABE
:106890004FF001084FF0400E2449DFF89890DFF8E0
:1068A00098B003EBC20295605560C3F860B0C3F8BE
:1068B00000A0C1F83005C1F83895C1F80885DB653E
:1068C000C1F80051D1F80031154CC1F80451D1F88C
:1068D0000431C1F80851D1F80831C4F894EED4F865
:1068E0000034DFF858C043EA0E03C4F80034C4F89B
:1068F0003852D4F83832124F124E134B134AC4F8A0
:1069000038C3C1F880C0C7F804E5C6F898C0C2F81B
:1069100098C1C3F804E5BDE8F08F0222181DB4E762
:1069200000A008500300000BE0800020006004502D
:106930001000000D3C8100200400000B06000080C8
:10694000002004500030085000200850003004504F
:10695000014B1868704700BFE080002000234020F2
:1069600010B4064A064C0749C2F83832D2F8382229
:10697000C4F80035C1F8080510BC704700A00850E5
:106980000060045000200850124BD3F83832FBB19D
:1069900001231149C1F80433D1F800313BB9C823B0
:1069A00001E0013B03D0D1F80021002AF9D00120F9
:1069B0004021094B094AC3F80803C2F88811D3F8EB
:1069C00004212AB1D3F80801B0FA80F040097047D9
:1069D0000020704700A008500060045000E100E073
:1069E0000139012905D8E3200AB1EBF78BB8EBF7A1
:1069F00097B800DE704700BF29B10139012905D8D9
:106A0000E320EBF7A1B81E20EBF79EB800DE0020D4
:106A1000704700BF88420BD0012803D0022809D05C
:106A200000207047A1F10200B0FA80F040097047E1
:106A300001207047A1F10100B0FA80F040097047D1
:106A4000012908D0022906D051B94FF08042054BE8
:106A5000C3F8002170470822024BC3F81C2170477D
:106A600000DE704700E100E008B509F0D2FC08BD87
:106A7000032803D8054B185C28B1704700DE034B90
:106A8000185C0028F9D100DE704700BF38300200E2
:106A9000013810B41C46042806D8DFE800F00811BD
:106AA0001A23030004292FD000DE10BC70470429EC
:106AB000FAD1194B02219C60002010BCF1F75CBD9B
:106AC0000329F1D10121154B08469C6010BCF1F758
:106AD00053BD0429E8D1124B02219C60012010BC57
:106AE000F1F74ABD032908D00429DDD102210D4B5D
:106AF00008469C6010BCF1F73FBD0B4B01219C6028
:106B0000022010BCF1F738BD084B02219C60032025
:106B100010BCF1F731BD00BF7805002068050020EA
:106B200058050020380500204805002028050020D1
:106B300001460A20FEF7E6BF2DE9F0434FF0100EA4
:106B4000012400224FF0070C374B00EB0E0800F138
:106B5000200700F1300600F140055C60016809BAC9
:106B6000C3F81C15416809BAC3F81815816809BA39
:106B7000C3F81415C16809BAC3F81015C0F83080FD
:106B800080F834E080F8352080F8362080F837C06F
:106B900080F8382080F8392080F83A2080F83B20AF
:106BA00080F83C2080F83D2080F83E2080F83F208F
:106BB000076480F844E080F8452080F8462080F89B
:106BC00047C080F8482080F8492080F84A2080F8A3
:106BD0004B2080F84C2080F84D2080F84E2080F823
:106BE0004F20C3F83065C3F83855C3F80021C3F807
:106BF00004211C6005E0D3F8041131B9D3F8301535
:106C000019B1D3F800110029F5D05C60D3F8041154
:106C10000029A2D1D3F83095B9F1000F9DD0C3F867
:106C20003015BDE8F08300BF007004502DE9F0413D
:106C30000126124C4720D4F830756660EAF770FFE1
:106C4000D4F80401A7F1400540B10021C4F80411B3
:106C50003046D5E90E32BDE8F0411847D4F800318E
:106C600043B1C4F80001A7F12001D5E90E32BDE817
:106C7000F041184700DEBDE8F08100BF007004500D
:106C800070B5044694B00E4615462146102268465B
:106C90001C46F1F7CFFB102231460DEB0200F1F755
:106CA000C9FB6846FFF748FF25B11022284608A90E
:106CB000F1F7C0FB2CB108AD0FCD20606160A26080
:106CC000E36014B070BD00BF0122024BC3F804247E
:106CD000704700BF002008E0084B70B5C31A0D468E
:106CE00007499B10044659434022064808F0BBFC64
:106CF0002B4601462046BDE8704018470884002016
:106D0000B76DDBB68C1C0200402373B50B4C0093AF
:106D1000041B0B460D460A49A41061430646094A66
:106D2000094808F0CBFC014628B130462B4602B09A
:106D3000BDE87040184702B070BD00BF0884002055
:106D4000B76DDBB62BF701008C1C0200F8B50022F2
:106D50000121054640F20510EAF704FF0F4800F054
:106D6000E9FD0446B8B900F005FE2F690C49384624
:106D700005F06BF8031E09DB01263E642D69084906
:106D800005F11C0005F061F8031E02DA1C462046DE
:106D9000F8BDEE64FBE76FF00404F8E7CD6E010088
:106DA0003C3002001FB5002201236C46CDE90223CE
:106DB0006B46074ACDE9004408F0B0FC28B943F619
:106DC00009520023684601F077FF04B010BD00BFF0
:106DD0003DF7010010B5EFF31184202383F31288EF
:106DE000BFF36F8F074A136823F00201DB071160BE
:106DF00002D4012008F0F8FD84F31188BFF36F8FEF
:106E000010BD00BF588400200C22104B014602FB2D
:106E10000033002030B4D3E90E529863EFF31180B1
:106E2000202484F31288BFF36F8F1C6C04F0C0041D
:106E300044F002041C6480F31188BFF36F8F1DB10E
:106E40002B4630BC0248184730BC704708840020ED
:106E50008C1C020010B4EFF31180202282F3128800
:106E6000BFF36F8F16490B6843F0020413F0010360
:106E70000C6017D0134BD3F80C3413F4803311D0BB
:106E8000EFF3118182F31288BFF36F8F0E4A136CF8
:106E900003F0C00343F00203136481F31188BFF3CE
:106EA0006F8F012380F31188BFF36F8F1BB1002018
:106EB00010BCFFF7A9BF012010BC08F08DBD00BFBA
:106EC0005884002000E0105008840020022808D0D8
:106ED000042808D1044B186C10F0070003D1FFF709
:106EE00093BF0120FBE7704708840020C3B21C2039
:106EF000014A00FB0320704708840020074BD3E8B9
:106F0000EF2F42F00101C3E8E01F0028F7D19307FB
:106F100002D4012008F060BD704700BF58840020F3
:106F200010B5EFF31184202383F31288BFF36F8F22
:106F3000074A136823F001019B07116002D4012066
:106F400008F052FD84F31188BFF36F8F10BD00BFAE
:106F5000588400202DE9F041012280463549D1E8CE
:106F6000EF3FC1E8E02F0028F9D133B93249334867
:106F70004B60CB608A6004F07BFF08F1FF33012B8C
:106F80004BD8B8F1010F06D12D4BD3F8503403F094
:106F90000303012B41D009F03CFA054650B1EFF351
:106FA0001186202383F31288BFF36F8F0125244CB1
:106FB000244F20E0244B1B78002BF0D00422204BE0
:106FC0000646C3F80823F2E74DB3304605F05BF8F8
:106FD000D4F8403413F0FF030DD1D4F8082152B196
:106FE000C4F80831D4F8083120220123C4F8403411
:106FF000C7F8A0212361D4F84C24D4F84C34D20330
:10700000E2D503F00303012B02D0B8F1010FDBD16D
:1070100055B186F31188BFF36F8FBDE8F081002171
:10702000202009F093FAD3E70422054BC3F8042388
:10703000F3E700BF04840020F483002024840020B0
:1070400000E0105000E100E0388E002008B507484D
:1070500008F02EFF38B10648EBF7A2F80448EAF72B
:1070600079F9002008BD6FF01200FBE7181D02003F
:10707000757001000A2838B50446074D04D1AB6885
:107080000D2128465B689847AB6803485B68E1B20E
:107090009847204638BD00BF181D02002DE9F04377
:1070A00040F206354768D00648BF4FF0030C3B7CE2
:1070B00002EA050558BFC2F3401C87B001F01F0665
:1070C000B5F5837F144646EA43168DF803C045D0D4
:1070D0000DD8062D44D005D8A5B1022D12D06FF0E1
:1070E000150038E0B5F5807FF9D101250AE040F2BE
:1070F0000222954236D0B5F5407F35D0B5F5007FF8
:10710000EDD10425220331D501237A688B405360E9
:10711000B86890BB5F2E06F01F034FEA561175D872
:107120003C4A52F82120C4F3004102EB8302D2F81A
:10713000803081F00101C4F3404423F4706344EAD9
:10714000410423F00F031C4344EA8C0444EA052461
:10715000C2F88040002007B0BDE8F0830925D1E7E0
:107160000825CFE70625CDE70525CBE7630341BF1B
:1071700001237A688B409360CAE731460DF1020221
:1071800008F005FE14F4403F80460CD13146B86843
:1071900008F016FEB8F1000FDCD19DF80210B868B7
:1071A00000F0F0FFD6E74FF0000901ABCDE90199FF
:1071B000CDE90439CDF80C903146B86803AA08F03F
:1071C0002FFD4845C6DB14F4003314D09DF803307E
:1071D000C4F3004484F001048DF80E308DF80C5097
:1071E0008DF80D404B463146B86803AA00F01CFFED
:1071F0000028CFDAAEE7CDE904330DF103030393A2
:107200003146B86803AA08F00BFDF1E7203350F8C7
:107210002330FFDE583002004209022A034670B5CF
:1072200003D0012A18D0CAB170BD0E4E3269516820
:107230000029F9D0012503F01F030C689D400029A7
:10724000F2D08A682A4002D030464B6898473CB159
:10725000236821461C46F2E7034EE7E7034EE5E7C5
:107260002346F6E7E01C0200C41C0200A81C020032
:1072700038B54568A868C0B108F09CFD0146A0B9C2
:10728000A86800F047FF044688B902460949A86883
:1072900008F07AFD22460121DB20EAF763FC224652
:1072A000012140F20D10EAF75DFC002038BD6FF0BF
:1072B0000400FBE719720100F0B545681646A8689E
:1072C0002A7C01F01F0487B044EA4214002868D0E9
:1072D000B6F5001F04D1214608F0C4FD002051E09E
:1072E0000020B6F5800F01AA0190506039D1B3F1AA
:1072F000007F14BF052304238DF804300023CDE95B
:1073000004230393EB680DF1030723FA01F111F055
:10731000010139D1B6F1A07F36D104F01F035F2CF3
:107320004FEA541003F120033ED8214A52F820209E
:1073300052F82330DB0727D43A462146A86808F0E4
:1073400026FD163018D002972146A86803AA08F037
:1073500067FC002816DB01222146A86808F032FDF0
:10736000BCE7B3F1C06F05D0B3F1007F14BF0123B8
:107370000223C1E70323BFE73946A86800F00CFFEA
:107380000028E0DA07B0F0BD3A462146A86808F0C8
:10739000FEFC0028D8D19DF80310A86800F0F2FE8A
:1073A000D2E76FF08500EDE751F82330FFDE00BF34
:1073B00058300200036803F01F025F2B02604FEA9F
:1073C00053129ABF024B53F822000020704700BFAF
:1073D000A03002002DE9F74F154606464FF0010890
:1073E00000EB8101B14203D1002003B0BDE8F08F72
:1073F0003268C2F3C323082BC2F3080400F2A08052
:107400005148C75C40F2FF139C4208BF4FF0FF3465
:10741000B2F1D05F4FEA126310D2192B12D8DFE815
:1074200003F014233734282F3411111111111111C5
:1074300011111111111111113A717477382B6AD091
:107440004E2B25D06FF08500CFE7C5F80446621CAF
:1074500056D001A80194FFF7ADFF019B4FF0010941
:1074600008FA03F3436029E0C5F80C464FF0000A20
:1074700062E04FF00009C5F80046601C16D13FE0FD
:107480004FF00109C5F80446F7E7C5F80846EDE7EF
:10749000C5F81046DBE7C5F860457388621C03F049
:1074A00001032DD0002BD4D14FF0010901A8019484
:1074B000FFF780FF019B08FA03F383604FF0010A96
:1074C000D6F800B001A81BF4004F1CBF4FF0010913
:1074D0004FF0000A0194FFF76DFF019B1B4C00EB7E
:1074E0008300D0F88020CBF3412B3B0243EA8B038F
:1074F00043EA0A031440234343EA4903C0F88030B7
:1075000004366FE7C5F86445C7E7C5F86845C4E7C2
:10751000C5F86C45C1E701A80194FFF74BFF4FF098
:10752000010A019B00EB8300D0F8803023F0E04398
:1075300043F08043C0F88030631CE1D0D146BFE700
:107540006FF0150051E700BF18440200F0F0FCFF97
:107550002DE9F04104460D46476808F05AFF88B10E
:107560002021EFF311831A4681F31288BFF36F8F46
:1075700060680068D0F83001D0B983F31188BFF398
:107580006F8FEEE71E4B1B78002BE9D04FF02008E1
:10759000642663681B68D3F83031FBB9012008F01A
:1075A000E4F9013EF5D10021202008F0CFFFEFE7FC
:1075B0007B6A00201D706368796A1B68C3F83C17FA
:1075C0000121C3F84017C3F83001D3F83001196521
:1075D00082F31188BFF36F8FBDE8F081EFF3118361
:1075E0001A4688F31288BFF36F8F61680968D1F873
:1075F00030110029DCD183F31188BFF36F8FD2E7FC
:10760000388E002070B40F4CD4E90015501A63EB8B
:107610000506400940EAC6602026E0FB0615C4E9DD
:107620000015002400250849C1E90023074BC3E9E0
:107630000045EFF3118186F31288BFF36F8F70BCA2
:1076400002F062BA10160020F8150020081600207B
:1076500008B500220121E420EAF784FA164A002046
:10766000D2F8183723F44033C2F8183700F0DCFEA4
:10767000002820DB0120114900F062FF00281ADBFE
:1076800000F0ACFE0E4B20F01F00C3E900010D4BD3
:107690000022C3E900014FF0FF304FF0FF310A4BE9
:1076A000C3E90001094B0A49187A00F0A7FE6722D6
:1076B0000020084B1A6008BD00200E5090050020E5
:1076C00010160020F0150020F81500208805002075
:1076D000057601008884002008B500F07FFE064A88
:1076E000D2E90032C01A054B61EB0201C3E9000187
:1076F000400940EAC16008BD1016002008160020AD
:10770000F7B5224B0146224F187A224BD7E9005693
:10771000D3E900239E4208BF954211D1B1F1806F99
:107720000ED24901012938BF012101224D1946F12C
:107730000006C7E9005603B0BDE8F04000F086BF80
:10774000154BDFF858C0D3E90043DCE9002CA4183E
:1077500043EB0C0C4FF0200E22466346C1FB0E2378
:10776000954276EB0301C7E900230DD2291B66EB96
:107770000C04C82974F10004B4BF01210021009158
:1077800000F02EFF03B0F0BD0021F8E788050020CF
:1077900000160020F8150020101600200816002002
:1077A000064BD3F840231C2A05D1D3F84403431ECB
:1077B0005842584170470020704700BF00C0FF008A
:1077C00003689A070CD50368DB070DD50922074B20
:1077D000C3F80C250F22C3F8042501221A60FEE726
:1077E000034B0360EF3B0360704700BF0080105005
:1077F000F000FA5008B50123404A4148C2F8003869
:10780000404AD2F840231C2A04BF3F4AC2F80C3435
:10781000FFF7D6FF0830FFF7D3FF0830FFF7D0FFA0
:107820000830FFF7CDFF00F5F470FFF7C9FF374AC6
:10783000D2F88C3043F44063C2F88C300022D3007D
:1078400003F57F0303F54043D3F8001401310AD058
:10785000D3F8001439B1D3F800140132D3F804344A
:10786000402A0B60EBD1254BD3F84024002A41D0AD
:10787000FFF796FF48B1234BD3F83423244B9A42A9
:107880009EBF1E4B234AC3F84026FFF789FF18B15D
:10789000214B224AC3F8AC27FFF782FF48B13422BC
:1078A000164BC3F82426D3F83C2622F40022C3F852
:1078B0003C261B4B1549D3F80026D20744BF6FF076
:1078C0000102C3F80026174BD3F8182522F0030253
:1078D000C3F81825D3F8182542F00302C3F8182579
:1078E000D1F88C2042F44062C1F88C200022C3F809
:1078F000A02508BDC822C3F84024B9E700001250F3
:1079000000C50D5000C0FF000030055000ED00E044
:10791000001D0A1840E0A91E00A0085078000A04C3
:1079200000E0105000B00450014B1B68184700BF26
:107930008C84002010B50C4C237993B9012323715A
:107940000A4B0028206018BF184600F0F3F850B921
:1079500023680748002B08BF1846BDE8104000F018
:1079600035B86FF0770010BD8C84002029790100B4
:10797000D5F9010008B5074B1B6853B140F205105B
:10798000EAF7E2F828B9BDE8084040F20510EAF746
:10799000B9B808BD8C84002038B504230A4C42F2E3
:1079A0001075C4F80833012363610023C4F808315B
:1079B000D4F80831D4F84C34DB0304D5012007F0A7
:1079C000D4FF013DF6D138BD00E01050064A1379CE
:1079D0003BB9012110601171044A1846C2F84034C5
:1079E00070476FF0770070479484002000E01050DB
:1079F00010B51D4B1D4CD3F84C14D3F84C2411F486
:107A0000803F19D002F00302012A01D08AB9002276
:107A1000154BC3F840240022C3F80821D3F80821ED
:107A200001221A6122688AB9D3F80821002AFBD002
:107A300014E0FFF7B1FFEAE7D3F84824D107E6D511
:107A4000D3F850249207F4D422681AB10422C3F860
:107A5000042310BDD3F80821002AFBD00022C3F86C
:107A60000821D3F80831F4E700E010509484002096
:107A7000F8B50125184C194ED4F80C3303F00C035B
:107A800003B9F8BDB3FA83F30027C3F11F039A00CB
:107A900002F5807292B202F1A04202F587121760DD
:107AA00005FA03F1022B1268D8B2C4F8081310D1FA
:107AB000D4F84C34D4F84C349B070AD10423C4F8CE
:107AC0004054C4F804332561D4F80C3303F00C039C
:107AD000D6E733689847F7E700E010509484002019
:107AE000712238B5104B0021C3F80823012242F25D
:107AF00010745A60C3F80011D3F800110B490A4DF5
:107B0000D1F840131C2908BFDA60D5F80C3413F4FF
:107B1000803305D0012007F028FF013CF5D138BDA6
:107B2000034A5371FBE700BF00E0105000C0FF00A4
:107B30009C840020054B0246187918B91A6001226E
:107B40001A7170476FF07700704700BF9C84002067
:107B50000022164BC3F81021D3F81011C3F81821D6
:107B6000D3F81811C3F81421D3F814111049D1F81F
:107B700040131C2904BF01219960C3F80021D3F8E8
:107B8000002101221A600B4A126852B9074BD3F840
:107B90000021002AFBD00022C3F80021D3F80031D5
:107BA00070477122C3F80423704700BF00E01050F3
:107BB00000C0FF009C840020F8B50126194C1A4D26
:107BC000D4F80C3303F0710303B9F8BDB3FA83F3AF
:107BD0000021C3F11F039A0002F5807292B202F1F4
:107BE000A04202F58712116006FA03F7042B12680F
:107BF000D8B2C4F8087308D0062B10D02B68984769
:107C0000D4F80C3303F07103DEE702236B71C4F880
:107C10001411D4F814312023C4F80433EEE7697149
:107C2000ECE700BF00E010509C84002010220549C2
:107C300011F8013D013A01330B701B0A01D0002AF3
:107C4000F6D1704748160020254B90B004931123BD
:107C5000244A2549CDE9062308AB059340F61102D5
:107C6000224BCDE90A12089320330C9321230CAA4E
:107C700009921F4A0090CDE90E230123CDE901327C
:107C80000D9320231B4A0393D2F8003443F00103E1
:107C9000C2F800344FF0A34304AA1A600322C3F8C9
:107CA00010D05A63BFF35F8F9A639A6A12F0240F61
:107CB00012D1D86B10F02300F7D14FF0A34310225C
:107CC0005A6300225A630B4AD2F8003423F00103AE
:107CD000C2F8003410B070474FF0FF30EDE700BF3E
:107CE000FC300200040000202000002018160020B4
:107CF00010000020008004502DE9F04104464FF0B0
:107D000000088CB06F4608EB0700FFF78FFFFFF706
:107D10009BFF6D46064608BB08F11008B8F1300F0E
:107D2000F0D11CB104F13002944210D10FCD0D4CB2
:107D30000FC495E80F0084E80F0010340CAB13E972
:107D40000F0084E80F0030460CB0BDE8F0813968C0
:107D500054F8043B4B4047F8043BE5E74FF0FF364F
:107D6000F1E700BF181600202DE9F04119B10028F5
:107D700055D0402956D800244FF48076A6464FF4BB
:107D800000772A4ADFF8A8C0D2F8003443F0020393
:107D9000C2F80034274A284B82F839E01E601C6480
:107DA0005C645F63C3F800C01D6B15F00E0FC5F374
:107DB0004208F9D0B8F1050FEED092F839508DB9DC
:107DC0005D68032DF0D9D3F880501D61D3F8805041
:107DD0005D61D3F880509D61D3F88050DD6101254D
:107DE00082F839505D68B1EB850FDDD8124A61B178
:107DF000D2F88030041D00F8013B84424FEA13237F
:107E000001F1FF31F3D00029F5D10020074AD2F863
:107E1000003423F00203C2F80034BDE8F0816FF0B3
:107E20001500FAE76FF00600F7E700BF0080045086
:107E300001000400181600200010805130B58DB0EC
:107E400030216846FFF790FF18B14FF0FF300DB0BA
:107E500030BD6846FFF750FF0028F6D10124002509
:107E6000014BC3E90C45F2E71816002010B50B4C86
:107E700094F83830012B0BD040220021204609F025
:107E80003FFEFFF7DBFF30B9012384F8383010BD27
:107E90006FF07700FBE76FF08B00F8E71816002013
:107EA000F0B505460C4685B021B1002835D0B1F5B6
:107EB000803F32D81A4E736BB3F5803F18D3FFF76B
:107EC000BDFFA8B16FF08B0005B0F0BD102C684667
:107ED000274628BF1027FFF7A9FEFFF7B5FE0028A9
:107EE000F0D128463A46694609F0E4FDE41B3D44DA
:107EF000002CEBD12046FFF7FFFE0028E2D1D6E9A7
:107F00000C32013342F1000221462846C6E90C3208
:107F1000FFF72AFF0028D7D0D4E76FF01500D3E78A
:107F200018160020036803F01F025F2B02604FEA5F
:107F300053129ABF024B53F822000020704700BF33
:107F400000310200034A4309D35C00F01F001844CB
:107F5000C0B2704721440200F0B50646002487B045
:107F6000114F019117F8012B06AB03EBD20313F865
:107F7000143C02F00702D34013F0010306D1013490
:107F8000032CEFD10023184607B0F0BD074A03AD1C
:107F900007CA85E8070055F824100A6A46F8242025
:107FA0000A62002AEBD0EEE7314402003C270200CF
:107FB000F7B504460846FFF7C5FF04EB4006B38A51
:107FC0000D46DB072AD5204607F008FE2946204645
:107FD00007F075FD50B1204607F087FD00232768A4
:107FE00007EB8000C0F81035C0F810352946204650
:107FF00007F0A4FD002101A8B1820195FFF792FFCF
:10800000019B00EB8300D0F88020064B134043F027
:108010000203C0F88030084603B0F0BD6FF01500D1
:10802000FAE700BFF0F0FCFF2DE9F043044685B00D
:10803000084615461F46FFF785FF0E46804625B3C6
:10804000204607F047FD18B9204607F038FD18BB59
:1080500004EB4809B9F8143003F01C0313B16B7832
:10806000012B19D001238DF80F3000233046CDE9C4
:1080700000536A1CAB1C0DF10F0107F0C8FCB9F8E6
:10808000143043F00303A9F81430002F3ED03146DA
:10809000204607F01FFD20B96FF0150005B0BDE8C0
:1080A000F0830022397823684FEA810C03EB8103C7
:1080B000C3F81025C3F8102504EB4802938A23F473
:1080C000604323F0200393827D78FDB12468B87863
:1080D0006444D4F810750E4B2D043B40C4F81035A1
:1080E00041F6F07305F4403503EA06130005D4F8B1
:1080F00010752B4300F4801003433B43C4F8103544
:10810000938A43EA413343F0200393820020C5E77A
:108110000FE0ECFF70B590F87440054690F875607C
:1081200044BB46222146143009F0EAFC2146134A9A
:108130002B6852F836608E4212D1002440F20D10A6
:10814000C3F84441D3F844210D4A934208BFDB20D1
:10815000E9F7D8FC0123204685F874302B6670BD02
:10816000CAB2920002F58070442A04BF1C501A580B
:108170000131E0E76FF07700F1E700BF0C3102005A
:1081800000A00D5090F87500024B03EB800007F043
:1081900008BC00BF9805002010B5064B90F875008C
:1081A0000C4603EB800007F0E2FB0028A4BF207020
:1081B000002010BD980500202DE9F04F804658F8AA
:1081C00004BB90F87540DBF814136A4BC9B253F83E
:1081D000342007468BB0584641F4003107F0D7FCF5
:1081E0008203054639D50023CDE907330993614B56
:1081F000E60003EBC404636807A819460093FFF781
:10820000ABFE331D03934FF0000A5B4B0DF11C09CD
:108210000293029A574912F8013B0292039A02EB29
:10822000D3028A5C03F0070322FA03F3DB071AD4B4
:108230000AF1010ABAF1030F09F10409E9D14FF477
:1082400000310022584607F0A2FC009907A8FFF76A
:1082500083FE0028D7D125F400350124002D73D1E9
:108260000BB0BDE8F08F454B53440493D9F8006040
:10827000002EDDD096FAA6F6B6FA86F6049B1C7898
:1082800046EA44142046FFF75DFE07EB4000818A72
:10829000F208C1F3820305930193012319F8020048
:1082A00006F0070603FA06F620EA060009F80200BF
:1082B00006A80694FFF736FE069A11F0100F02F199
:1082C000200250F82260059BC6F3014623D04046A9
:1082D000019A214607F013FC06A80694FFF722FE38
:1082E000069BF6B2203350F82330C3F301439E427D
:1082F00007D10021204607F0D3FB3146204607F086
:10830000CFFB06A80694FFF70DFE0122069B02FA9A
:1083100003F30362AAE7022E14BF022103212046C1
:10832000059307F0BDFB059B032B03D0022E07D15D
:10833000012BE6D121464046019A07F0E0FBE0E739
:10834000032EDED1022BF4E795FAA5F3B3FA83F3FB
:1083500004FA03F225EA020503F5A2725BF8222073
:1083600007EB43034046B3F86410C2F3014207F041
:10837000C6FB73E70C3102003144020031440200B5
:108380000123034A03FA00F09368034393607047A4
:108390007801002073B504460191EFF31186202384
:1083A00083F31288BFF36F8F0B4D019B6A6801A89E
:1083B0001340019307F0DBFA002807DB01226B680A
:1083C000824023EA02036B602070002086F311884C
:1083D000BFF36F8F02B070BD780100204FF0FF3205
:1083E0006FF0404330B5044CD4E90001824273EB96
:1083F0000105F9D330BD00BF40270E5030B50C2524
:10840000074B1C1894F8544005FB0433C3E90312CE
:1084100018750123034A8340C2F8243330BD00BFDE
:108420007801002000200E50F8B53E4C2278002A3A
:1084300072D13D4BD3F8101521F00201C3F810158D
:10844000D3F8101541F00101C3F810150521C3F848
:10845000A4160421C3F8AC160723672101F001001C
:108460000244013BD2B24FEA5101F7D1052A56D15D
:1084700019464FF0010C2B4E00256720CFB204E0C7
:108480000CFA02F220EA0200013590FAA0F25FFA3B
:1084900085FEBE45B2FA82F2F2D30131327505296A
:1084A000224482F8547006F10C06E5D10121002522
:1084B0001E489A0801FA02F212F0670F18BF1D5009
:1084C0000433302BF5D1E420E9F71CFB164B184997
:1084D000D3F8102503F5C07322F00202C3F89023ED
:1084E00040F6FF72C3F8A82100221A60A3F580703D
:1084F00004338B420260F8D101250B4B0D4A1D66F7
:108500000D4B5D201B68B3FBF2F358430B4B2B4321
:10851000984700202570F8BD6FF07700FBE76FF0FB
:108520008B00F8E77801002000200E5000210E504B
:10853000B0210E5040420F0094050020A0270200F9
:1085400038B5244B0D46D3F8102594073CD4D3F806
:10855000102542F00202C3F81025C0B1D3F8482715
:1085600012F0010202BFD3F8481741F00101C3F82D
:108570004817184BD3F84017D3F844174800F9D4DC
:108580002AB9D3F8482722F00102C3F84827124B32
:10859000124A1B68B3FBF2F30E4A03EB4313B3B169
:1085A000D2F84017D2F8441749000BD44FF0FF31EE
:1085B0002846FFF7EFFE044610B92878FFF7E0FEE3
:1085C000204638BD013BEAE76FF07704F8E76FF02B
:1085D0007304F5E700200E509405002040420F0080
:1085E00070B51E461546174A9DF81010131893F8DB
:1085F00054300C3302EBC30442F833506660C6F3C8
:1086000013020401A1B104F1A04404F56224C4F8EA
:108610002055C4F824250C4C80000444236833B151
:10862000FFF7DCFEA842B14101D20023236070BDF8
:1086300004F1A04303F56223C3F82055C3F82425B1
:10864000F5E700BF7801002000210E50F0B50E4D77
:108650002B1893F8543000010C3355F8334005EBD8
:10866000C3077E68641800F1A04021F0004146F184
:10867000000641EAC27100F5622045F833407E6091
:10868000C0F82815F0BD00BF78010020F7B5284BD1
:10869000284CD3F82C6304F188070EB903B0F0BD61
:1086A00096FAA6F00123B0FA80F08340DA4322491B
:1086B00026EA0306231893F85450830019440C2328
:1086C00003FB0543DB6873B3D7E8EF3F03EA020C13
:1086D000C7E8EECFBEF1000FF6D1C340DB0719D5D6
:1086E000020102F1A04202F56222D2F82435D2F84A
:1086F0002025D1F800C0BCF1000FCED04FF0000C07
:10870000C1F800C00C2101FB054529690091E96809
:108710008847C2E705F10C0304EBC30C54F833207F
:10872000DCF80430E5E70A68002AB6D00B60B4E74D
:1087300000200E507801002000210E50F8B50F46A1
:1087400014461D46084E304607F0B2FB10B96FF0D4
:108750008300F8BDB368394630461B68A2B298471B
:108760000028F4D12C60F4E7FC1C020038B5EFF3CC
:108770001185202383F31288BFF36F8F064B9C680B
:1087800007F0A9FB85F31188BFF36F8F2046BDE882
:108790003840E9F779BA00BFA484002038B50A4B05
:1087A00053F82040013053F82050A54200D838BD7E
:1087B000606830B1037EDB0701D407F061FB083449
:1087C000F3E723689847FAE71C310200012270B5ED
:1087D000294B86B003201A70FFF7E0FF01F032FA50
:1087E0000420FFF7DBFF254C254D2646AE4204F161
:1087F00030040FD300F0D0FE204CAC4226D300F062
:10880000DFFEE8F785FD1F4A938923F0010393817A
:1088100006B070BD54F80C3C059354F8103C04931A
:1088200054F8143C039354F8183C029354F81C3C3D
:10883000019354F8203C009354E90A2354E90C01B5
:1088400000F0B4FC54F8303C5E65CEE7D4E90A236E
:10885000B3F1FF3F08BFB2F1FF3F05D052EA030179
:10886000206803D107F08EFE3034C6E70649183081
:1088700001F0BAF8F8E700BF388E0020C8250200E2
:1088800058260200D8160020DB0402000023012233
:1088900070B586B0CDE904230F220193CDE90232F1
:1088A00014234FF4A0720E4D0E4E03FB00550E49DB
:1088B00006EBC016044602FB00110C4B3046009537
:1088C00000F074FC337C2C7423F004033374084BE5
:1088D000013403EBC423EE606B6006B070BD00BFD3
:1088E000A484002058160020C8C00020D7FF010033
:1088F000C8B800207FB50020FFF750FF284B03F5D4
:10890000006282F3088883F30A880024E023254D5F
:1089100085F82230EC772C766C76AC7685F82040A2
:108920006B6A43F4E0236B6285F82340E9F7A2F811
:10893000E9F794F94FF0FF33AB62EB62E9F776FBAE
:10894000E9F710FA184800F09BFC0120FFF726FF1A
:108950000220164DFFF722FF00F05CFE144B4FF48F
:1089600000625D61134B1449059301232846CDE94C
:108970000343CDE90144114B009400F017FC064677
:108980002B7C284623F004032B7407F083FD20463C
:10899000FFF77CFF31462846084AE9F73FF900BF58
:1089A000C8B8002000ED00E0F8170020D81600201D
:1089B000A48400209C42020008C20020CD87010050
:1089C00038B5064C064DAC4201D3002038BD2046D8
:1089D000D4E9011207F082FA1434F4E71C060020EF
:1089E0003006002038B5074C074DAC4201D30020BB
:1089F00038BD204607F096FA08B91C34F5E76FF049
:108A00001500F5E7C80500201C06002073B50C46CC
:108A1000EFF31181202585F31288BFF36F8FC568AE
:108A20005DB125602B68C3608369013383610020D9
:108A300081F31188BFF36F8F11E052EA030603D16F
:108A40006FF00B002560F3E7CDE900230246083004
:108A500000F000FD18B9034B9B685B69236002B00E
:108A600070BD00BFA48400202DE9F34104461746E1
:108A70001E46EFF31188202383F31288BFF36F8F14
:108A8000304BC2689B6872B18068984217D057EA31
:108A9000060216D188F31188BFF36F8F6FF00F00B5
:108AA00002B0BDE8F08193F90E1001322161C4E9F2
:108AB000023288F31188BFF36F8F0020F0E721693D
:108AC000F3E793F90E1090F90E30994230DA99429B
:108AD000A8BF194607F08AFA054622464146CDE965
:108AE0000076194800F0B6FC0028E6D0EFF31186B6
:108AF000202383F31288BFF36F8FA068D0B123685F
:108B000021699C420AD04BB193F90E309942A8BF1B
:108B100019466FF07F039942B8BF194607F066FA0D
:108B200040B13146084807F0E8FC6FF00A00B7E7AB
:108B30000025D2E7002DF4D186F31188BFF36F8FA3
:108B4000F3E700BFA4840020398E0020F8B58368C5
:108B50000546002B3FD0234A926893423ED1C3681A
:108B6000012B03D9013BC3600020F8BDEFF311874F
:108B7000202383F31288BFF36F8F0169806807F0A9
:108B800035FA2C68A54207D10023C5E9023387F3E3
:108B90001188BFF36F8FE7E7002CF5D0D4E90032DE
:108BA000002613605A60237CC4E9006623F00203A8
:108BB0002374A66004F1180007F03DFDAC6094F941
:108BC0000E3020462B61A66707F064FC3946064844
:108BD00007F093FCC8E76FF01500C6E74FF0FF30D1
:108BE000C3E700BFA4840020398E002037B51146AA
:108BF000EFF31185202282F31288BFF36F8F046890
:108C00009CB12368426823F003039442036008BFC9
:108C100043600121204607F06CFA044685F3118871
:108C2000BFF36F8F204603B030BD51EA0302F5D089
:108C300000F10802CDE900131046294600F00AFCB5
:108C40000028EFD1014B9B685C69EBE7A48400200E
:108C500070B5EFF31186202383F31288BFF36F8F73
:108C60000468A0421AD0CCB1D4E9003200251360C8
:108C70005A60237CC4E9005523F002032374A560E5
:108C800004F1180007F0D7FC2046A56707F002FCA6
:108C90003146BDE87040074807F02FBCD0E90232EA
:108CA0009A4218BF0133836086F31188BFF36F8F38
:108CB00070BD00BF398E002013B5EFF31181202461
:108CC00084F31288BFF36F8F846844B1013C8460E1
:108CD00081F31188BFF36F8F002002B010BD52EAFC
:108CE000030406D181F31188BFF36F8F6FF00F007B
:108CF000F3E7CDE900230246014800F0ABFBECE7C7
:108D0000398E002007B5074B4FF480620093064967
:108D10004FF0FF33054800F06DF9002003B05DF817
:108D200004FB00BF3431020008CA0020581700209D
:108D30002DE9FF4104462027534EEFF3118887F3B6
:108D40001288BFF36F8FD4F88450F5B9022104F173
:108D50009C0007F02DFA002870D004F19405002241
:108D60000121284607F02EFC0028F8D100234FF0FF
:108D7000FF3202934FF0FF334146CDE900234348D1
:108D800004F18C0200F070FDD7E7D4F888202B683E
:108D90009542C4F8843008BFC4F88830D4F89C30B9
:108DA00043F00203C4F89C30EB6823F0040343F063
:108DB0000103EB606B6888F31188BFF36F8F28465F
:108DC0009847EFF3118887F31288BFF36F8FEB6832
:108DD000D80623F001023ED4EA60EB689A0717D563
:108DE000306823F00203EB6090B10021036878B192
:108DF000426895423DD10368002934D172683360DE
:108E0000904200D17360002340F8083BFFF720FF39
:108E1000D4F89C3023F00203C4F89C30DB0530D436
:108E2000D4F88430003B18BF012388F31188BFF3C6
:108E30006F8F002B81D000F0F5FB7EE7D4F89C30DB
:108E4000D90693D5C4F89C0088F31188BFF36F8FBF
:108E500004B0BDE8F08123F01103EB6005F11000D0
:108E6000FFF7F6FEB9E70B607368984208BF7160C0
:108E7000C9E701461BB11A6818461346B7E71A46F8
:108E8000FAE70023D1E700BFC4840020398E002018
:108E900070B5C3680546C3F340069B070C460DD565
:108EA0000122002104F1080007F076F90023236075
:108EB000054B65605A681AB9C3E90044304670BD75
:108EC00014605C60FAE700BFC4840020F8B5C36892
:108ED00004469A070E46C3F3400542D45F0742D4C6
:108EE0000B680BB983680B60E368D80742BFA368BF
:108EF00002253360376858BF012557B31B4B9A686A
:108F0000D7F880309A421ED107F083FA80F0010032
:108F1000C0B2D7F89C30D907C3F380021CD5F2B198
:108F2000F8B100232360D7F8883073B9C7E921442A
:108F3000384607F058F9E36843F00403E360336808
:108F4000A3602846F8BD0020E3E71C60C7F888400E
:108F5000EEE76FF0150506E06FF0120503E01B0762
:108F6000DFD56FF00F0500233360EAE7A48400200B
:108F7000F8B5C368064603F00503002B0C4614BF82
:108F8000012700271CD085680122002104F1100070
:108F900007F002F92046134907F086F9E36843F029
:108FA0001003E360F3685B0712D5336823606BB985
:108FB000D5F8883033B9C5E92144284607F013F9BC
:108FC0003846F8BD1C60C5F88840F6E73460F4E721
:108FD000D5F884302360D5F88830C5F88440002B5C
:108FE000EBD1F0E7C70102000146014807F087B95D
:108FF00058170020F0B50446002089B00E9DC4E942
:10900000210004F18C00C4E9230004F19400C4E9B8
:10901000250055B32879002840F2011008BF01202F
:10902000C4F89C0000204FF0FF364FF0FF37CDE929
:109030000330CDE90100CDE9066720460C4B0094D2
:1090400000F0F2F855B1296811B1204607F0E7F9B0
:109050006B791BB1A38943F00103A381204607F07C
:1090600091FAC4F8804009B0F0BD0120D8E700BFF4
:10907000318D010037B501900846EFF311842021AE
:1090800081F31288BFF36F8FC16811F01E0F16D1E4
:1090900053EA020508D101A9FFF718FF84F31188EC
:1090A000BFF36F8F03B030BD41F00801C16001997B
:1090B00010308161034900F097FC0120EEE70020A9
:1090C000ECE700BF5B02020001460148FFF7D2BF98
:1090D00058170020F7B50C4616461D460190EFF3D1
:1090E0001187202383F31288BFF36F8F084607F0A0
:1090F0006BF855EA060309D1204601A9FFF7E6FE01
:1091000087F31188BFF36F8F03B0F0BDE368324679
:1091100043F00803E360019B0449A36204F11000DB
:109120002B4600F061FC0120EAE700BF5B02020071
:1091300001460148FFF7CEBF581700202DE9F04146
:109140000546EFF31187202383F31288BFF36F8F57
:109150000468A0421BD0D4B10026204607F04CF989
:1091600004F1180007F067FAB0462046C4F878808A
:1091700007F090F92C680136A54210D07CB120464A
:1091800007F03AF904F1180007F055FAEDE787F314
:109190001188BFF36F8F00263046BDE8F081394655
:1091A000014807F0AAF9F7E7398E00202DE9F043CE
:1091B000984685B000F15803C0E91633109B00268D
:1091C00083810423073222F0070503740F9B01EB10
:1091D00005090F4683734946C0E906668660C67373
:1091E0000446E8F745FA0E9B073020F00700A0661A
:1091F000C4E9187502930D9BA9EB000901930C9B20
:109200004A460093394643462046E8F7EBFC054BB7
:1092100066659B6803B1DB6E4846E36605B0BDE852
:10922000F08300BFA4840020F0B5002587B0059529
:10923000109DDDE9127604950F9D044603950E9D61
:1092400002950D9D01950C9D0095FFF7AFFFB6F1BE
:10925000FF3F08BFB7F1FF3F05D056EA070305D12E
:10926000204607F08FF9204607B0F0BD3A46334656
:1092700004F11800014900F0B7FBF4E7DB04020039
:10928000012310B50374838100230446C0E9183319
:1092900000F0CAFC014B9C6010BD00BFA4840020FC
:1092A0006FF00A01084A93689967084958674B6844
:1092B00043F080534B60002383F31188BFF36F8F1B
:1092C0009368986F704700BFA484002000ED00E011
:1092D00070B590F91020037C002A2FDBD9062DD120
:1092E0001A4C63F07F032246037452F8183FE16979
:1092F000934207D1C0E900210860E0610FE0994284
:10930000F8D01B68002BF5D093F90E6090F90E5041
:10931000AE42F4DD5968C0E9003108605860A569C3
:10932000954200D005B9E568A3681A7CD20606D13B
:10933000DA897F2A03D9AA690AB9636170BDAB4291
:1093400002D0284600F0D2FA6561F7E7A484002035
:1093500038B590F910200146002A037C04DA03F0A6
:109360007F03037407F05EF80D4D2A4652F8184F3C
:10937000AB68944200D004B9EC688B4207D01A7CE9
:10938000D20604D1DA897F2A01D9A2692AB1A3427F
:1093900002D0204600F0AAFA23466B6138BD00BF18
:1093A000A4840020B3F1FF3F08BFB2F1FF3F03D018
:1093B0000249183000F018BB704700BFDB04020000
:1093C000034648B9EFF3058232B9064A51699268FB
:1093D000914201D0FFF764BF83F31188BFF36F8F11
:1093E000704700BFA484002038B5184CA168E0691C
:1093F0000B68814214BF1A46002249680B6059600D
:10940000A368E1692AB9124AC3E900210B60E3614C
:109410000AE092F90E5093F90E00854212DD516870
:10942000C3E900210B605360A569094B9D4200D040
:1094300005B9E568A3689D4202D0284600F056FAB7
:10944000656138BD8A42DED01268DBE7A484002063
:10945000BC840020F8B5DDE906670D4B0C46986822
:1094600011460C4A1060EFF31182202282F3128819
:10947000BFF36F8F9D68284606F0E6FF2846324608
:109480003B46FFF78FFF2046BDE8F840FFF708BFD7
:10949000A4840020CC840020F8B50446EFF31187A3
:1094A000202383F31288BFF36F8F037C49B203F04C
:1094B0001F02002A0CBF0126002635D103F07F03CE
:1094C0002A4D037406F0AEFF2A46037C817363F0D5
:1094D0007F03037452F8183FE869934207D1C4E947
:1094E00000200460EC610DE09842F8D01B68002B6E
:1094F000F5D093F90EC08C45F6DD5968C4E900310A
:109500000C605C60AC69944200D004B9EC68AB6854
:109510009C4202D0204600F0E9F96C6187F3118883
:10952000BFF36F8F3046F8BD9B071CD5856806F0EA
:1095300079FF81732B689D4209D16B68C4E90053A0
:109540001C606C60EAE76A689A42F6D01B68002BE0
:10955000F3D093F90E208A42F5DD5A68C4E900324F
:1095600014605C60DAE78173D8E700BFA484002050
:10957000034648B9EFF3058232B9064A5169926849
:10958000914201D0FFF78CBE83F31188BFF36F8F38
:10959000704700BFA4840020EFF31181202383F3E0
:1095A0001288BFF36F8F054B9A68D37B013BD3734F
:1095B00081F31188BFF36F8F704700BFA484002030
:1095C00070B5EFF31186202383F31288BFF36F8FFA
:1095D0000F4DAB68DA7B0132DA732A4652F8184F26
:1095E000944200D004B9EC681A7CD20604D1DA891E
:1095F0007F2A01D9A2692AB19C4202D0204600F0FC
:1096000075F923466B613046BDE87040FFF7D8BE60
:10961000A4840020024B03F11802C3E9062270471C
:10962000A484002070B5EFF31186202383F3128801
:10963000BFF36F8F1A4CA168E0690B68814214BFB9
:109640001A46002249680B605960A368E1692AB98B
:10965000144AC3E900210B60E3610AE092F90E505D
:1096600093F90E00854216DD5168C3E900210B60B5
:109670005360A5690B4B9D4200D005B9E568A3680E
:109680009D4202D0284600F031F965613046BDE8C0
:109690007040FFF705BE8A42DAD01268D7E700BFF4
:1096A000A4840020BC840020F8B550EA01030646DB
:1096B0000C4603D1FFF7B6FF0020F8BDEFF311878A
:1096C000202383F31288BFF36F8F124D124BA868CB
:1096D0001860FFF73DFEA868234632460F49183050
:1096E00000F082F9AA680446137C384643F004036C
:1096F0001374FFF7D5FDAB68D3E90A23B3F1004F2C
:1097000008BF002AD8D106F0CBFF201A20EAE0706B
:10971000D3E700BFA4840020CC840020DB04020037
:10972000014B9868704700BFA48400202DE9F843DE
:1097300004468789EFF31186202383F31288BFF351
:109740006F8F037C190705D586F31188BFF36F8FE0
:10975000BDE8F883D90943F008026FD10274A36809
:1097600013B1204606F066FE04F1180006F063FF10
:10977000A56D04F15808A84511D04FF0000975B146
:10978000284606F057FE05F1180006F054FF28465B
:10979000C5F87890FFF79CFDA56DA845EFD1DFF8DF
:1097A000BC80D8F808309C4250D1EFF30589B9F15C
:1097B000000918BF4FF00109D8F81850284A9542FF
:1097C00000D00DB9D8F80C50AB4202D0284600F0BA
:1097D0008DF82046C8F8145002F03EFCB9F1000F95
:1097E00002D02048FFF74CFDD8F808309C4230D119
:1097F000EFF305836BBBA289D20711D586F31188DD
:10980000BFF36F8F83F31188BFF36F8F0423184664
:1098100002DFEFF31186202383F31288BFF36F8FEB
:109820003046FFF73DFDFB0792D5002383F31188F7
:10983000BFF36F8F0423184602DF89E703F07F032D
:1098400043F00803037406F0EDFD88E74FF00009CC
:10985000B2E786F31188BFF36F8FE4E7A48400209A
:10986000BC840020F8170020D3B5DDE90667089C0A
:10987000CDE90067FFF7EEFD1CB1034B9B685B6908
:10988000236002B0D0BD00BFA4840020027C034648
:1098900012F01F0210D10A4988420DD00949086808
:1098A00068B1D9897F2909D893F90E20064B1B6826
:1098B0009A42B8BF0020704700207047104670479A
:1098C00058160020A0050020D08400200122044B5F
:1098D000C01A044BC0105843034B1A54704700BFC2
:1098E00078180020ABAAAAAA398E002070B50C4BBC
:1098F0000C4D1E7CFFF7CAFF182303FB06550446D8
:10990000284606F098FE0022074B9A553CB1621E8D
:109910002846BDE870400549D31700F065B870BD12
:10992000A484002078180020398E0020CD980100F2
:1099300038B5EFF31185202383F31288BFF36F8FBF
:109940000F4B104A9C681068A04206D1FFF7CEFF6B
:1099500085F31188BFF36F8F38BD00211B7C116028
:10996000094AD35C002BF3D02046FFF78FFF002875
:10997000EED0237CDB0601D1FFF736FD2046E5E77C
:10998000A4840020CC840020398E0020024B18686B
:10999000984208BF00207047A4050020034B1B68B5
:1099A0000BB9FDF799BE0020704700BFD48400209A
:1099B00030B570B10B4B5B6898420AD0036843B175
:1099C000D3E90421D0E90445121941EB0501C3E9AB
:1099D0000421D0E9003213605A600023C0E900334B
:1099E00030BD00BFA4050020B3F1FF3F08BFB2F1B6
:1099F000FF3F2DE9F84F0446994615461F467AD099
:109A00008160EFF31188202383F31288BFF36F8FF7
:109A1000B9F1000FDFF8E4A020DBFFF7BFFFDAE9C0
:109A20000027013549F100092D1849EBE07306467E
:109A30004FF00109C4E90453AD1843EB0707FFF7E2
:109A4000A5FF0346DFF8B8E0DEF804A0EBB9C4E9EF
:109A500000EACAF80040CEF8044028E06FF00103A5
:109A6000DAE900125B1A4FF0FF3161EB02025B1B77
:109A700062EB0902012B72F10001BCBF012300223D
:109A80004FF00009C0E90432D9E7D3E9041CD4E956
:109A900004208A4270EB0C0B24DA891A5A686CEBAA
:109AA0000000C3E90410C4E9003214605C60FFF7F1
:109AB0006DFF84420ED1134B1B685BB9B9F1000FE7
:109AC00002D1FFF76BFF0646304606F09DFD0021F0
:109AD000FDF716FE88F31188BFF36F8F28463946CD
:109AE000BDE8F88F521A60EB0C005345C4E904201E
:109AF000ADD01B68AAE700252F46EFE7901800209D
:109B0000A4050020D48400202DE9F047DFF8A890B8
:109B10000246C9F800000D46FFF738FF002600276F
:109B2000DFF898804FEAE27ED8E9001350B1D0E91F
:109B3000044CA2427EEB0C0A1ADAA41A6CEB0E0655
:109B4000C0E904460024521843EB0E032046C8E93E
:109B50000023C9F8004006F057FD2146FDF7D0FD6F
:109B600085F31188BFF36F8FBDE8F047FFF7E0BEC4
:109B7000611843EBE473C0E90467C8E90013FFF719
:109B800017FF01224FF00043C0E9042385F3118839
:109B9000BFF36F8F83689847EFF31185202383F31A
:109BA0001288BFF36F8FD9F80020121BC9F800206C
:109BB000FFF7ECFEB6E700BFD48400209018002029
:109BC00010B5EFF31184202383F31288BFF36F8F56
:109BD000FFF7E4FE0346054AD2E90001181841EBFD
:109BE000E37184F31188BFF36F8F10BD90180020CC
:109BF0002DE9F04105460E46174606F00AFC28B945
:109C0000074B9B68DC6E14B9BDE8F081054C3B4600
:109C1000324629462046BDE8F04106F08DBD00BF22
:109C2000A48400201C060020014BC366704700BFBF
:109C30001C0600200146024A0020FFF7D9BF00BFE2
:109C4000D5BB0100014802F07CB800BFAA42020067
:109C5000054B5A78022A04D11878C31F584258413C
:109C600070470020704700BFD88400200E4B03408F
:109C7000B3F1607F06D1B1F5885F0CBF00206FF0B3
:109C800086007047B3F1707F0BD101F4E043B3F568
:109C9000005F06D111F4E06F14BF00206FF0860062
:109CA00070476FF0860070470000C07F8A42F8B5A9
:109CB00006460D4600F0D2806C4B22F4FF7121F075
:109CC0000101994222F0FF070FD003F588539F420C
:109CD0000BD022F47F7121F00301A3F57063994248
:109CE00003D003F5A0639F4227D1604B25F4FF7199
:109CF00021F00101994210D05D4925F0FF038B420C
:109D00000BD025F47F7020F00300A1F5706188422C
:109D100003D001F5A0618B420FD115F0FF000BD0ED
:109D2000544B40F00070984240F09A8082EA05005F
:109D3000FF288CBF00200120F8BD05F0FE43B3F1E1
:109D4000A06F11D102F0FE43B3F1A06F71D182EA8E
:109D5000050333F47E136CD12C046AD5C5F305409A
:109D6000C2F305429042E4E7B3F1407F61D102F0D3
:109D7000FE43B3F1407F5CD182EA050030F47E14EB
:109D800057D131462846FFF771FF002868D13A497C
:109D900012F47C1001EA020116D0B1F1607FC2F327
:109DA000054335D1D1B241F0007101F17E41033953
:109DB000102901D8314C645C15F47C1F2ED19C42D3
:109DC00014BF00200120B7E7B1F1607F0AD1D3B200
:109DD00043F0007303F17E43033B102B44D8284922
:109DE000CB5CDFE7B1F1707F16D106F4E043B3F549
:109DF000005F37D10123C6F302218B4006F4E04116
:109E0000B1F5005FD8D10124C6F30226B440D3E7F0
:109E1000B1F1707FD0D1F1E70346CDE718B9C5F3B2
:109E20000541A1421AD0290403D5C5F30540984243
:109E30007FE725F47F03B3F1106F0AD102F0FE43F0
:109E4000B3F1106F0CD10F48104040F01060A842E1
:109E5000B6E70D4B9D4203D1AF42B1E701206BE75E
:109E6000002069E70346C9E703469BE700020006B6
:109E700000130006FF0000020000C07F344402000F
:109E8000344402000000FFF60001000A37B5054621
:109E90000C46FFF7DDFE78B100230A460193294600
:109EA000074801ABFEF74AFC20B9019BA34218BF4B
:109EB0006FF0930003B030BD6FF08800FAE700BF89
:109EC000DC840020F0B50446084624F47F01B1F19B
:109ED000106F87B026D1456800F120012D0A21D1ED
:109EE000068806F44F45B5F5824F1BD10F4D104F34
:109EF000254045F01065BD4214D1F6B2122E11D1A5
:109F00004588B5F5807F0DD10E9D009204950D9D7D
:109F100003950C9DCDE901352346426E07F00CFAFE
:109F200007B0F0BD6FF08500FAE700BF0000FFF654
:109F3000000002092DE9F843884617461C4600F048
:109F4000D5F90546002844D1D8F80060B6F800904D
:109F500009F4E043B3F5804FB36808BF27F0010769
:109F600037EA03032DD1A4B3244B24F4FF7222F06B
:109F700001029A4210D0224A24F0FF0393420BD0F0
:109F800024F47F7121F00301A2F57062914203D0A5
:109F900002F5A06293421FD114F0FF0304D0194AC6
:109FA00043F0007393421ED022464846F168FFF703
:109FB0007DFE074668B9224648463169FFF776FEBE
:109FC000D0B96FF0840500233046C8F8003007F0A0
:109FD000ADF82846BDE8F88304F0FE43B3F1407FB6
:109FE00004D12304E0D56FF08605ECE7B3F1A06F50
:109FF000F7D0044B9C42D6E73D46EAE70002000654
:10A0000000130006FF00000238B500F0FE43B3F174
:10A01000407F04460D4602D06FF0860038BDFFF742
:10A0200025FE0028F8D114F47C1F18D0C4F3054392
:10A03000032B137022D9224A2240B2F1607F31D122
:10A04000E4B244F0007404F17E44033C102CE3D8E5
:10A050001C4A125D9342DFD8202BDFD90EE0184B4B
:10A060002340B3F1607F0FD1E3B243F0007303F1FB
:10A070007E43033B102B04D9002313706FF085003F
:10A08000CCE71149CB5CD3E7B3F1707FF4D101F495
:10A09000E043B3F5005FEFD10123C1F302218B4010
:10A0A000DBB2C5E7B2F1707FB6D105F4E042B2F59C
:10A0B000005FB1D10122C5F30225AA40CAE700BF63
:10A0C0000000C07F3444020034440200002307B57E
:10A0D0001A460091024906F04AFF03B05DF804FBFE
:10A0E0004031020010B5114C2378580744BF03F0EB
:10A0F000FB032370990705D500F096F8237823F029
:10A100000203237063781BB10023094A6360536024
:10A11000002308210648637000F0F8FB2378DA0773
:10A1200044BF23F00103237010BD00BFD88400207A
:10A13000DC84002038B5FFF78BFDD8B9124C2378AA
:10A14000DA075CBF43F0010323709D0707D400F0DA
:10A1500063F82378054643F00203237088B96278D8
:10A1600032B9D90704D5094962604A600222627097
:10A17000580702D50025284638BD43F00403237054
:10A18000F8E7FFF7AFFFF6E7D8840020DC84002073
:10A1900000F140420F2A30B50CD868241D4B04FB57
:10A1A00002331A7E022A02D15A69824226D06FF007
:10A1B0008B001CE06FF04043421E9A420ED2154ABB
:10A1C00000241346157E022D02D15569854212D016
:10A1D0000134102C02F16802F4D1E8E700F10043E9
:10A1E00003F58033B3F5704FE9D36FF0870030BDCE
:10A1F0006FF09600FBE7682202FB04331A7E022A06
:10A20000F6D1DA69501CF3D00132DA6100200B601C
:10A21000EDE700BFE48400200122024B002083F818
:10A2200080267047E48400202DE9F0410A4C002587
:10A2300026464FF0010803272046C4F81C802776E5
:10A24000013506F0F5FB102D04F16804F4D100236C
:10A2500086F88036BDE8F081E4840020F8B5214D11
:10A26000064695F880360F46002B34D000242B4646
:10A270002246197EF9B13CB9022905D1D96919B92B
:10A280001979002918BF1C460132102A03F168030E
:10A29000EFD114B96FF08C000BE0237E022B04D1B8
:10A2A000E3695A1C1CBF0133E361204606F0C0FB82
:10A2B00010B100240DE01C46237E7BB901232376D8
:10A2C00036B1094B651BED105D4305F180453560E6
:10A2D00000203C60F8BD6FF08800EAE76FF0960060
:10A2E000E7E700BFE4840020C54EECC438B5002584
:10A2F000084B0D6093F8803643B1FFF749FF10F12A
:10A300008C0F02D16FF087000D6038BD6FF08800B0
:10A31000FBE700BFE484002010B500F0FE44B4F178
:10A32000A06F07D0B4F1806F01D0094C00E0094C58
:10A33000A04202D06FF0850010BD0120B1F5105F82
:10A340001070F7D10BB90020F6E702221A70FAE775
:10A350000002C003004440047FB5036816460E4A5D
:10A3600023F47E1393420D4613D16946043007F05F
:10A37000C0FA044620B932466946284607F09AFBDF
:10A380006846102100F0C2FA204606F0AFFA04B089
:10A3900070BD6FF08800FAE70002C00310B50368D3
:10A3A00004464BB1094A23F47E13934206D104308C
:10A3B00000F0D6FA00232360002010BD40220021C7
:10A3C00007F09EFB6FF08800F7E700BF0002C003B4
:10A3D0002DE9F843D0F8009005460E461746B9F12E
:10A3E000000F30D123F47E140360184B9C420FD130
:10A3F00000F10408404607F0B2F931884B46204688
:10A40000728806F0C3FE014658B96FF0850416E065
:10A410004022494607F074FB6FF085042046BDE8F2
:10A42000F883404600F0B8FA20B9394640467288B1
:10A4300007F0B4F906F05AFA04460028EED0284690
:10A44000FFF7ACFFEAE76FF08804E7E70002C0031C
:10A4500010B503685BB1074C23F47E13A34206D109
:10A46000043007F0C1F9BDE8104006F03FBA6FF0C4
:10A47000880010BD0002C003043004289ABF034BBB
:10A4800033F910006FF08300704700BFFC3A020000
:10A49000014B07F031B800BFE831020070B5144637
:10A4A00006460D4688B0214620460C4A07F082F841
:10A4B000224621466846FFF7EBFF6A4631463046A2
:10A4C000FFF7E6FF224669466846FFF7E1FF6A4666
:10A4D00029462846FFF7DCFF08B070BDE8310200CE
:10A4E00030B5044689B006F0C7FF0C4A21466846DD
:10A4F00006F05AFF05460121684606F039FF6A4614
:10A500002146684606F050FF2DB1003818BF0120E3
:10A51000404209B030BD4FF0FF30FAE7A4310200ED
:10A5200030B589B0044606F03FFF0546214668462F
:10A53000044A06F023FF2A466946204606F04BFFF0
:10A5400009B030BDE831020070B5044690B00D4648
:10A550001146164606F090FF2146234A08A806F049
:10A5600023FF012803D04FF0FF3010B070BD11461B
:10A57000204606F0FEFF284606F1200106F07CFF8B
:10A580002946194A08A806F00FFF0128EBD1114609
:10A59000284606F0EEFF2A4629466846FFF778FF70
:10A5A0002246214608A8FFF773FF08A9224608465D
:10A5B000FFF76EFF08A922460846FFF7B1FF08A97A
:10A5C00022460846FFF7ACFF08A922460846FFF7D7
:10A5D000A7FF08A90846044B044A06F078FF68461E
:10A5E00008A906F009FFC0E7E83102008431020043
:10A5F00070B504460D46164698B0114608A8FFF7F8
:10A6000047FF344B2146684608AA06F060FF214602
:10A6100008AA10A8FFF784FF694610AA08A8FFF748
:10A6200037FF08AA114668462A4B06F050FF6946D4
:10A630006846284B08AA06F04AFF2A46294610A871
:10A64000FFF726FF10AA11461046224B06F03FFFE7
:10A65000214610AA08A8FFF71BFF08AA11461046BA
:10A660001C4B06F034FF10AA11461046FFF710FFEE
:10A6700010AA184B1146104606F029FF6A46694693
:10A680002046FFF705FF2146204608AAFFF748FFAE
:10A690002146204608AAFFF743FF324629463046A6
:10A6A000FFF7F6FE0B4B32463146304606F00FFF01
:10A6B0002246284608A9FFF733FF6A46294628465E
:10A6C000FFF7E6FE2946284610AAFFF729FF18B033
:10A6D00070BD00BFE83102002DE9F04F99460546F4
:10A6E00092460C46A3B02C9E2F49324602A806F093
:10A6F0005BFED6F800B031460BF0010202A80DF166
:10A70000480806F068FE0021404606F031FE4A4641
:10A7100041460AA8FFF704FF01225146284606F0E9
:10A720005AFE01224946204606F055FE01211F4AE5
:10A730001AA806F034FF6FEA0B02204602F001026D
:10A740000AA906F048FEFF277B0922AA02EB830331
:10A7500053F8806C07F01F02D64086EA0B06F243DE
:10A760004946404602F0010206F035FE404606F03A
:10A7700001020AA906F02FFE214628461AAAFFF771
:10A7800037FF534621462846CDF800801AAA06F026
:10A7900053FF013FD8D1214628461AAAFFF77EFE73
:10A7A00023B0BDE8F08F00BFA4310200E831020001
:10A7B0002DE9F74306460D46174698464FF0040923
:10A7C0002021304606F099FF80B931462846FFF730
:10A7D00087FE044638B941463846074B074A00957C
:10A7E000FFF77AFF04E0B9F10109E9D14FF0FF3436
:10A7F000204603B0BDE8F08344310200643102001A
:10A8000030B599B00D4610AB694608AAFFF7D0FFE6
:10A8100004462021684600F079F86CB92846084AB9
:10A8200008A906F0F7FE064A10A905F1200006F077
:10A83000F1FE204619B030BD4FF0FF34F9E700BFFC
:10A84000E831020070B5AAB002AD064628461446AB
:10A85000FFF746FEC8B9224612A90AA8FFF774FE00
:10A860000446A8B90AAA22A91AA8009512ABFFF7B4
:10A8700033FF3046084A1AA906F0CCFE28462021AC
:10A8800000F044F820462AB070BD6FF00204F5E7EE
:10A890006FF00104F2E700BFE831020070B59AB032
:10A8A00002AE05463046FFF71BFE0446C0B90E4B0C
:10A8B0000E4A12A90AA80096FFF70EFF2021304683
:10A8C00000F024F828460A4A0AA906F0A3FE084A1E
:10A8D00012A905F1200006F09DFE20461AB070BDB9
:10A8E0006FF00204F9E700BF443102006431020056
:10A8F000E8310200014B1B68184700BFB00500207B
:10A90000014B1B68184700BFAC05002010B50A4674
:10A91000044619B1024B00211B68984710BD00BFC7
:10A920002C320200F0B504460B4B0C4E586800B9AF
:10A93000F0BDC579C5F3840556F825502D78A5429C
:10A9400008D1457905F00F07B1EB871F02D1B2EBB3
:10A95000151FEDD00833E9E734320200303202002F
:10A9600010B50446A8B1806B10B1242106F0EDFEAD
:10A97000606B40B12368074ADB79C3F3840352F864
:10A9800023305B6998472046BDE810403C21FFF723
:10A99000BDBF10BD3032020038B505460C46A9B126
:10A9A0003C22002107F0ACF8E3790A4AC3F38403A0
:10A9B00052F823301B6913B900202C6038BD98472A
:10A9C00068630028F8D16FF08C00F7E76FF086001D
:10A9D000F4E700BF3032020070B4DCB2012C25D89D
:10A9E00004681CB3E57905F00305012D05D86579E8
:10A9F00005F00F05B2EB851F18D142600372E579AF
:10AA00000C4EC5F38405012B406B56F8255008D039
:10AA1000637903F0F004302C03D003F0E003402B03
:10AA200002D1AB6870BC1847EB68FBE76FF086009B
:10AA300070BC704730320200F0B40468049F1CB947
:10AA40006FF08600F0BC704700243C6006683EB39F
:10AA5000347914F01F0423D0767906F0F006102E16
:10AA600011D1A2421ED13A6002680F4CD279C2F3D2
:10AA7000840254F8222054680A46A446F0BC90F997
:10AA80000810406B6047994208D1C369002BD7D1A9
:10AA9000B2FBF4F304FB1322002AD1D10348D1E71F
:10AAA0000348CFE70348CDE730320200809FFFFF25
:10AAB000809CFFFF809DFFFF70B50C230024224681
:10AAC000CD582EBA42EA460212BAC250043B1A1DB1
:10AAD000C5F3C014F3D1084B1A680B7882EAD3127D
:10AAE00053085B4252421343DB17C27B03F08703D8
:10AAF0005340C373002070BD688B0020C02AF0B59E
:10AB000044D0B2F5807F43D0802A40F0BA800A2337
:10AB1000036000240346520943F8044F01EB82020C
:10AB200051F8044B8A4243F8044FF9D103680C2BC7
:10AB300030D00E2B5ED00A2B26D1534D534900F155
:10AB4000A006426955F8044B8768C2F30723CB5C23
:10AB50007C406340140E0C5D103083EA0443D4B291
:10AB60000C5D83EA0463C2F307440C5D83EA0423AB
:10AB700050F8044C836063400468C36063405A40EB
:10AB8000036142618642DCD10020F0BD0C23BFE7A7
:10AB90000E23BDE73C4C3D4900F1C005C26954F8A5
:10ABA000046B8768C2F30723CB5C7E407340160EAC
:10ABB0008E5D183083EA0643D6B28E5D83EA066363
:10ABC000C2F307468E5D83EA062350F80C6C83605F
:10ABD000734050F8086CC360734050F8046C036114
:10ABE00073400668436173405A408361C261854285
:10ABF000D4D1C9E7244D254900F1E006446A55F84F
:10AC0000042B8768C4F30723CB5C7A405340220EA1
:10AC10008A5C876983EA0243E2B28A5C203083EA75
:10AC20000263C4F307428A5C83EA022350F8142CBF
:10AC30008360534050F8102CC360534050F80C2CE4
:10AC400003615340DAB28A5C43617A401F0ECF5DE4
:10AC500082EA0762C3F30727CF5DC3F30743CB5CE8
:10AC600082EA072282EA034350F8042C83615340AE
:10AC70000268C36153405C40036244628642BDD1B6
:10AC800082E76FF01F0080E7843202004545020032
:10AC90002DE9F04FC9B002AD044628460E461746CE
:10ACA00006F0FDFE002331463A4628466360FFF772
:10ACB00025FF0646002833D1029F039B04A903EB1E
:10ACC000870301EB830251F8233004F1180EA360CF
:10ACD0005368103AE360936971462361D3699146E2
:10ACE00063617B1E98462948DFF8A4C02760B8F14D
:10ACF000000F1EDC002F4FEA0313C8BF1C46C3F130
:10AD00000003DCBF00230024D018D3580EEB04014D
:10AD10004EF8043043684B6083688B60C368CB6037
:10AD200002A84FF48C71FFF7F1FD304649B0BDE841
:10AD3000F08F01F11004A9F1040B01945BF8044FAA
:10AD4000250E1CF8055050F825A0E5B21CF805505A
:10AD500050F8255085EA3A2AC4F307251CF8055017
:10AD6000C4F307441CF8044050F8255050F8244020
:10AD70008AEA356585EA3445019C41F8045BA142C5
:10AD8000DCD108F1FF38A9F11009B0E7AC320200BC
:10AD9000454502002DE9F04F01298C469E4693B0AF
:10ADA00000F273834368176856689568D46850F852
:10ADB000082B99004FEA620808F1FF38BCF1000F38
:10ADC00040F0BC8150F82330421887EA030A5368E8
:10ADD00030327340029352F8283C6B40554603933F
:10ADE00052F8243C63401E46DDE902040493D14B33
:10ADF00052E9069BCDF814B052F810BC52E908177E
:10AE0000CDF818B052F80CBC2032CDF81CB052F876
:10AE100028BCB8F1000FCDF820B052F824BCCDF812
:10AE200024B000F3CA80BCF1000F03D1DDE90204B5
:10AE30005546049E5FFA85FC53F82CC0020E53F869
:10AE4000222081EA0C0181EA3221C6F3072253F85D
:10AE500022205FFA80FC81EA3261C4F3074253F892
:10AE6000222053F82CC081EA3241220E53F82220CE
:10AE700087EA0C0787EA3227C5F3072253F8222016
:10AE80005FFA84FC87EA3267C6F3074253F8222050
:10AE900053F82CC087EA3247320E53F8222089EA51
:10AEA0000C0989EA3229C0F3072253F82220F6B2AE
:10AEB00089EA3269C5F3074253F8222053F8266025
:10AEC00089EA32482D0E059A53F82550C4F3072419
:10AED00053F824407240C0F3074053F8200082EA40
:10AEE0003525954B85EA346484EA30403C0E1D5D7F
:10AEF000CCB21C5D069A0E91544084EA0564C0F3FE
:10AF000007255D5D079A84EA0524C8F307455D5D62
:10AF10000F9784EA05444FEA18655E5DFDB25D5DFA
:10AF20001190554085EA0665C1F307269E5DCDF870
:10AF3000408085EA0625C0F307469E5D0A9485EAAF
:10AF40000645060E0B9513F806C05FFA88F69E5D5F
:10AF5000089AC0B2564086EA0C66C7F3072C13F86D
:10AF60000CC0099A86EA0C26C1F3074C13F80CC0F2
:10AF7000090E86EA0C4613F801C0195CC7F30747AF
:10AF80005140C8F307229A5C81EA0C61DB5D81EADB
:10AF9000022282EA03430C960D93CEF800400AA8E1
:10AFA0002021CEF80450CEF80860CEF80C30FFF720
:10AFB000ADFC002013B0BDE8F08F4FEA106C53F8E1
:10AFC0002CB05FFA85FC53F82CC008F1FF3881EAF9
:10AFD0000C0CC6F3072153F821108CEA3B2C8CEAA9
:10AFE000316CC4F3074153F821108CEA314C210E27
:10AFF00053F821B0C1B253F821107940C5F30727A7
:10B0000053F8277081EA3B2181EA3761C6F307478D
:10B0100053F8277081EA3741370E53F827B0E7B26B
:10B0200053F82770F6B289EA0707C0F3072953F8E7
:10B03000299087EA3B27019153F8266087EA39690E
:10B040000599C5F307472D0E53F82550C4F307247F
:10B0500053F824407140C0F3074053F8200081EAC0
:10B060003526019986EA34665FFA8CF486EA304622
:10B0700053F82450080E069953F82000694081EADD
:10B08000302553F82770C6F3072053F8200089EACB
:10B09000374785EA3065C7F3074053F82000079922
:10B0A00085EA3045380E53F820409DF8040053F8E7
:10B0B0002000414081EA3420CCF3072453F8244097
:10B0C00080EA3460C6F3074453F8244080EA3440F1
:10B0D000340E53F82490FCB253F824400899F6B289
:10B0E000614081EA3924019953F82660C1F30729A8
:10B0F00053F82990099984EA3964CCF307494FEA57
:10B100001C6C53F82CC0714081EA3C260199C7F3AE
:10B11000072753F82770C1F3074153F8299053F8D4
:10B12000211086EA37664FF0010C84EA394486EA3A
:10B1300031465DE6AC3202004544020050F823304F
:10B1400001447B4002934B684FF0000C7340039323
:10B150008B68CF4A6B400493CB68303163401E4606
:10B16000DDE90305029C059351F810BC51E908374D
:10B17000CDF818B051F80CBC51E906A9CDF81CB0B7
:10B1800051F808BC2031CDF820B051F824BCB8F1FA
:10B19000000FCDF824B000F3BA80BCF1000F03D14A
:10B1A000DDE90305059E029C5FFA84FC52F82CC081
:10B1B000310E52F8211083EA0C0383EA3123C0F3E5
:10B1C000072152F821105FFA80FC83EA3163C5F34E
:10B1D000074152F8211052F82CC083EA3143210E66
:10B1E00052F8211087EA0C0787EA3127C5F30721B7
:10B1F00052F821100E9387EA3167C6F3074152F8DF
:10B20000211087EA3147E9B252F821102D0E8AEA5F
:10B21000010C010E52F8211052F825508CEA312C05
:10B22000C6F3072152F82110F6B252F826608CEAD4
:10B23000316CC4F30741C4F3072452F8244089EA6F
:10B240000606C0F3074052F8200086EA352585EA55
:10B25000346484EA304052F821108E4A040E155DA1
:10B26000DCB2145D069E8CEA3141744084EA0564C8
:10B27000C7F30725555D0F9784EA0524C1F30745F9
:10B28000555D109184EA05481D0E565DFDB2555D71
:10B29000079C1190654085EA0665C1F30726965D17
:10B2A000CDF8288085EA0625C0F30746965D85EA35
:10B2B00006453E0E0B9512F806C0CEB2965D089C70
:10B2C000090E664086EA0C66C0F3072C12F80CC023
:10B2D000C0B286EA0C26C3F3074C12F80CC0C3F3C5
:10B2E000072386EA0C4612F801C0115C0998D35C6A
:10B2F0004140C7F30747D25D81EA0C6181EA03232D
:10B3000083EA02430C960D93CEF8008047E64FEA9D
:10B31000166C52F82CB05FFA84FC52F82CC008F17D
:10B32000FF3883EA0C0CC0F3072352F823308CEA71
:10B330003B2C8CEA336CC5F3074352F823308CEA7C
:10B34000334CC3B252F823305F40230E52F82330FF
:10B3500087EA3327C5F3072352F8233087EA336798
:10B36000C6F3074352F8233087EA33430193030EB1
:10B3700052F823B0EBB252F823302D0E8AEA0303C1
:10B38000C6F3072A52F82AA0F6B252F8266083EADA
:10B390003B2352F8255083EA3A6AC4F30743C4F3C7
:10B3A000072452F8244089EA0606C0F3074052F801
:10B3B000200086EA352686EA346686EA30465FFA59
:10B3C0008CF052F82040069852F823306040044632
:10B3D000300E52F820008AEA334384EA3024019880
:10B3E000079FC0F3072052F8200084EA3064C3F3BB
:10B3F000074052F8200084EA30444FEA1C6052F8BB
:10B4000020509DF8040052F82000474087EA35207C
:10B41000C3F3072552F8255080EA3560C6F3074587
:10B4200052F8255080EA3540019D2D0E52F82590A6
:10B43000DDB252F82550089F1B0E6F4087EA392570
:10B44000C6F30729F6B252F8299052F82660099FF0
:10B4500052F8233085EA39657740CCF30749CCF3BD
:10B46000072C87EA332652F82C3052F8299086EAC6
:10B470003366019B4FF0010CC3F3074752F82730A6
:10B4800085EA394586EA33466EE66FF0860091E537
:10B49000AC360200454502002DE9F04F43688BB001
:10B4A00080469246009383789C0740F1F9800025FE
:10B4B0000878002800F0F68025280AD04B1C01935C
:10B4C00001354146009B98470028C0F2E38001996E
:10B4D000EEE74E788B1C252E0193F1D000270A222F
:10B4E000B9463C461F2C22D8A6F12003102B20D8A9
:10B4F000DFE803F0141F1F1A1F1F1F0B1F1F1F124F
:10B500001F171F1F090044F00104019B13F8016B72
:10B510000193002EE6D13AE044F0020444F0040422
:10B52000F3E744F00804F0E744F01004EDE77F2C63
:10B5300024D8A6F13003092B08D860064EBF02FBC1
:10B54000073744F0200402FB0939DEE72A2E0DD12B
:10B5500061065AF8043B53D4002BA7BF44F02004E3
:10B560009946C3F1000944F02804CEE72E2E05D1F8
:10B57000630600F1978044F04004C6E76C2E2ED09D
:10B5800028D8682E32D06A2E37D04C2E35D0002FD6
:10B5900046F02003B8BF24F04004A3F16502BCBF0D
:10B5A0000027A4B2022A01D9612B2BD10AF1070A84
:10B5B00007279D4E2AF0070A0AF1080A210760D5DD
:10B5C00006EB070B34465C455DD1AE1BA9EB0709C2
:10B5D000A21959E1742E98D07A2E96D0D7E7260674
:10B5E00048BF44F4007444F080048EE7E00548BF8F
:10B5F00044F4007444F4807487E744F4207484E7CE
:10B600001F4682E7A6F16302122A00F2D880DFE823
:10B6100012F013004D00D600D600D600D6004D0023
:10B62000D600D600D600D600D600E800D100D6005D
:10B63000D6001A00D600A0005AF8043B012704AE39
:10B640008DF81030BAE75AF8046B784B002E08BF1B
:10B650001E4614F0400F304614BF39464FF0FF31FC
:10B6600006F066FA0746A9E741462020009B984766
:10B6700000280FDB013CA742F6D34D44A1462D1B09
:10B680009EE74C46F7E7414614F8010B009B9847AC
:10B69000002898DA98F8023043F0040388F8023062
:10B6A0004FF0FF3528460BB0BDE8F08F220630D5AD
:10B6B000A3052AD50AF1070A2AF007039A46596812
:10B6C0005AF8080B24F0100B00291FFA8BFB2FDA15
:10B6D00040424BF4806B61EB410104AC0A232246EB
:10B6E00006F032FA1BF0400FA0EB040200F08E804F
:10B6F0002BF001049742A4B240F38F80002E40F05B
:10B700008E802BF01104A4B21DE05AF8040BC1176F
:10B71000D8E7E0055AF8041B01D40846F7E7A2056C
:10B7200047BF48B241F3C01108B241F3C031C9E785
:10B7300050EA0103D1D16306CFD5002FCDD124F03B
:10B7400011043A46A4B23B4640F206410C4262D193
:10B7500024E024F010040A23A4B214F0800243D0A1
:10B7600014F4007117BF0AF1070A5AF8040B2AF003
:10B77000070292461CBF51685AF8080B50EA0102B2
:10B780003ED124F0160B62061FFA8BFB3CD5002F2E
:10B790003AD124F017043A463B46A4B221075AD4C2
:10B7A000E10705D5994572DDA9EB03039F184B46C8
:10B7B0009B464AE044F0100410237826CDE7782B0E
:10B7C00004D1C6F1780343F01003C6E741462520B3
:10B7D000009B98470028FFF65DAF02354146304692
:10B7E00070E608230026B8E714F480715AF8040BB9
:10B7F000C4D014F400711ABFC0B2114680B2BDE7C4
:10B8000024F006041FFA84FB04AC68E713465C4688
:10B81000E10699D52EB90133C0E71346F8E73B4658
:10B82000F6E70233BAE700BF0E4302000743020007
:10B83000CDE9023241462020009B98470028FFF6C0
:10B8400029AF0BF1010BDDE90232D945F0DCEB1A2F
:10B8500003EB0B055B46E10627D541463020CDE9D9
:10B860000232009B98470028FFF614AFDDE9023250
:10B870007EB901352F44791B8A4229DB144604AE78
:10B8800094BB2A44A9EB03091546914440E01746AE
:10B890008EE7023541463046CDE90232009B98479B
:10B8A0000028DDE90232E5DAF4E640F206410C4216
:10B8B000E0D014F0020F05F10105414614BF2B2022
:10B8C000202014F4806FCDE9023218BF2D20E5E767
:10B8D000CDE902324146009B3020013598470028CF
:10B8E000DDE90232C7DAD5E6013C4146CDE9023254
:10B8F000305D009B98470028DDE90232C0DAC9E6D6
:10B9000041462020009B013598470028FFF6C2AE33
:10B91000A9EB0503002BF3DCD9E500BF7047E5F781
:10B9200023BA012101F068BF10B547F6122C044676
:10B93000002140F2E7304FF47A720023E4FB0C015F
:10B94000E4F79EFDBDE8104004F000BE00EBC1002E
:10B95000408840087047F8B50346FFF7F7FFB0FA94
:10B9600080F0C0F11F0003EB800CDCF81060CA000F
:10B97000171D0C4606328DB256B9012101FA00F0AE
:10B98000D9680143D960CCF81040DD539D52F8BD11
:10B99000F1000431585AD85303EBC0009E52C580C1
:10B9A0005D52F4E710B500EBC104E388994202F15F
:10B9B00004010AD1012303FA02F2C36823EA020355
:10B9C000C360002340F8213010BDA28840F8213028
:10B9D00000EBC20100EBC300CB808280F4E708B526
:10B9E0000346FFF7B3FFB0FA80F21846BDE80840FF
:10B9F000C2F11F02FFF7D6BF2DE9F843B1FA81F378
:10BA0000C3F11F0200EB8209D9F8107006460D46FB
:10BA100087B94FF0FF34C3F120039C40F3681C400A
:10BA200014D094FAA4F2B2FA82F2131D56F823400D
:10BA3000214608E03C464FF0030821463046FFF718
:10BA400085FFA84205D33046FFF7ACFF2046BDE88E
:10BA5000F88306EBC404E488B8F10108C9F8104083
:10BA6000D7D0A742E9D1D4E738B50446FFF76EFF37
:10BA70000D46034611462046FFF768FF03449BB27C
:10BA800004EBC5055A0020466A80FFF75FFF0144BA
:10BA900024F8313038BD70B50B460446FFF756FF29
:10BAA00004EBC305511A9B1A89B203444E009BB2A2
:10BAB0006E8004EBC2005D00458024F83210204601
:10BAC0001146FFF743FF014424F8313070BDF8B54B
:10BAD000002951D004680D1F2D1BEE0825F0070525
:10BAE0006219538813F0010306D183F31188BFF361
:10BAF0006F8F0423184602DF31462046FFF726FFEA
:10BB0000304434F83030C01A864207D0002383F323
:10BB10001188BFF36F8F0423184602DF5388314624
:10BB200023F0010353802046FFF710FF371804EB82
:10BB3000C7035B88DA0708D439462046FFF74FFF72
:10BB40003A4631462046FFF78FFF655B751B04EBD5
:10BB5000C5035B88DB0709D429462046FFF73FFF72
:10BB6000324629462046FFF77FFF2E4631462046C3
:10BB7000BDE8F840FFF7EFBEF8BD70B509B9002089
:10BB800070BD056801F007030B33CC0804EBD30448
:10BB9000AB6828469C4228BF1C462146FFF72CFF75
:10BBA00006460028EBD001462846FFF7CFFEA0420C
:10BBB00007D928463219FFF76EFF11462846FFF7CE
:10BBC000CAFE05EBC60210465388043043F0010359
:10BBD0005380D5E71146FFF7D0BF2DE9F84314464F
:10BBE0004A4202EA010931EA020203460BD04A4600
:10BBF000042A28BF04224F46A1EB09096CB900258D
:10BC00002846BDE8F883042904D82146BDE8F84356
:10BC1000FFF7B3BF00270422F0E71E68A9EB02027A
:10BC200004F0070302F007010B330B44E10801EBBA
:10BC3000D20101EBD301B3683046994228BF1946BF
:10BC4000FFF7DAFE80460028D9D03D1D05EBC00580
:10BC500009F1FF3335441D44B5FBF9F509FB05F542
:10BC6000ED1B2C442B1F07349B1B24F00704A41B43
:10BC7000B0EBD30F4FEAD3074FEAE40408D20146F2
:10BC80003A463046FFF707FF41463046FFF763FE6E
:10BC900039463046FFF75AFE3844844207D23046D0
:10BCA0002246FFF7F8FE21463046FFF754FE06EB2A
:10BCB000C706738843F001037380A1E7043A2DE9B6
:10BCC000F843CC1D114424F0070421F00706A6EB2D
:10BCD00004084FEAD807B7FA87F24FF00009C2F11B
:10BCE0002405AD000735C2F12002ED080460494685
:10BCF000A760C4F80C90920004F1100005F000FF5A
:10BD0000AAB2530043F0010363807B1B9BB204EB98
:10BD1000C5015800A4F80090488024F83520A6F802
:10BD2000029024F8083004EBC7035A88294642F0F1
:10BD300001025A802046BDE8F843FFF70CBE002000
:10BD400070470FB407B504A951F8040B0191E5F74A
:10BD500007FB03B05DF804EB04B070470FB407B500
:10BD600004A951F8040B0191E5F7FAFA03B05DF864
:10BD700004EB04B07047002203680BB91846704703
:10BD80008B4210D10B6842B942680360914200D1E6
:10BD90004360002301200B607047136043689942A1
:10BDA00008BF4260F5E71A461B68E6E7038B13F00D
:10BDB000070306D10368002B18BF032008BF00202B
:10BDC0007047022B05D1408BB0FA80F0400980000B
:10BDD0007047012B04D10368002B18BF0520EDE745
:10BDE0000020704710B50C4600B111B96FF0150076
:10BDF00010BD081D00F0C6F80028F9D1A368032B78
:10BE0000F6D9F3E72DE9F0410D4607461946281DFE
:10BE100090461E4600F0C7F8044638B13346424605
:10BE200029463846A446BDE8F0416047BDE8F081A8
:10BE300010B4EFF31182202484F31288BFF36F8FC4
:10BE4000416110BC0121E5F7BDBA38B50C46054685
:10BE500058B151B10B6843B14B6833B11C2200217A
:10BE600005F04EFE00202C6138BD6FF01500FBE799
:10BE7000F8B504460E46FFF7B5FF051E3BDBEFF3B2
:10BE80001182202383F31288BFF36F8F4FF6FF7167
:10BE9000638B278B8B4207F007072ED0062F2FD8F6
:10BEA000DFE807F0182E082E180418006FF085053B
:10BEB000002303E0013363830225012382F3118809
:10BEC000BFF36F8FBBB100233A4631462046FFF7E0
:10BED00099FF10E000233360636823B9C4E900666A
:10BEE00027B13D46E4E71E606660F9E7022120467F
:10BEF000E5F768FA3D462846F8BD6FF00A05D7E732
:10BF00006FF00405D4E710B5EFF31182202383F31B
:10BF10001288BFF36F8F048B04F00704022C0AD041
:10BF2000012C0CBF6FF004006FF0850082F31188C4
:10BF3000BFF36F8F08E0438B013B9BB2438323B970
:10BF40002146E5F73FFA204610BD2046EEE738B51A
:10BF5000A8B1A1B1EFF31185202282F31288BFF3BB
:10BF60006F8F048BFFF707FF30B104F0070085F3F4
:10BF70001188BFF36F8F38BD6FF07700F7E76FF070
:10BF80001500F8E7034658B1426802F00302012A9F
:10BF900003D0032A04D1026812B1002098607047D0
:10BFA0006FF0150070474268034602F00302032A4F
:10BFB0004FF00002816014BF104600685A6070475D
:10BFC0007047F0B587B01F4604460D46164600F090
:10BFD000D1FC022302930DF116030193BDF830301A
:10BFE000ADF81600009332463B462946204602F043
:10BFF00062FC07B0F0BD2DE9FF411F460D46164615
:10C000000446E6F7D3FD8046E4F754FABDF828303D
:10C0100080B2CDE90180009332463B462946204656
:10C0200002F049FC04B0BDE8F08105F069BD05F0FF
:10C0300041BD01460068E5F7E7BA08B5E5F714FB2E
:10C04000BDE80840E5F710BE00210120E5F7DCBAA5
:10C05000036E83F30B8870476FF08500704761B6FD
:10C0600062B680F31188BFF36F8F704772B60023FA
:10C0700083F31188BFF36F8FBFF34F8F30BF62B66A
:10C08000BFF36F8F704772B6002383F31188BFF33D
:10C090006F8FBFF34F8F20BF80F31188BFF36F8F77
:10C0A00062B6704740E800F313F4803FD8B208BF8F
:10C0B0006FF01500704730B50C684B6885B00A8981
:10C0C0004D890094013B24F01F04234402F01F0219
:10C0D00042EA451223F01F0369468DF808200393B6
:10C0E000E5F776FE05B030BD08B5E6F751F800205B
:10C0F00008BD7047002303824369C3607047C1696C
:10C100008968E6F703B9EFF31182202383F31288DD
:10C11000BFF36F8F00230B60436833B9C0E9001190
:10C1200082F31188BFF36F8F704719604160F7E7A2
:10C13000034610B5EFF31181202282F31288BFF37A
:10C140006F8F006828B15C680268A0421A6008BF5F
:10C150005A6081F31188BFF36F8F10BD027A0132EC
:10C1600002727047034618465B68002BFBD170478C
:10C17000426810B52AB10B461C465B68002BFBD108
:10C180006260416010BD10B5044620B908460B7AC4
:10C1900001330B7210BD034618465B68002BFBD1C0
:10C1A000FFF7E6FF2046F5E710B508B14B6843609E
:10C1B00000234C6808464B60E6F726F9204610BD80
:10C1C00083680B440360704703680B6043684B60EF
:10C1D00083688B6070478388026819448180D01817
:10C1E000704730B484880568A3188380281930BC50
:10C1F00005F060BC10B5838802685C1C8480D15453
:10C20000D01810BD034600689A88401A114418607F
:10C210009980704703689A1E026082880232828089
:10C2200003F8021C090A03F8011C70470268531E38
:10C23000036083880133838002F8011C7047034642
:10C240008288521A8280006808441860704703464A
:10C2500000689A88521A01449A801960704710B594
:10C26000036801211C78FFF7EAFF204610BD10B5D6
:10C27000036802211C88FFF7E2FF204610BD7FB54E
:10C28000064614460A888B78ADF8002000210D225E
:10C290000DF103008DF8023005F032FC6A46694664
:10C2A0003046F7F7D5FA28B9BDF800209DF80230DE
:10C2B0002280A37004B070BD13B50C4601AA0331EF
:10C2C000FFF7DDFF48B90322204601A905F020FC55
:10C2D000B0FA80F0400902B010BD0020FBE770B555
:10C2E000CE1C05460C4630460321F7F7AFFA60B97D
:10C2F0006379224603F03F0343F040036371314604
:10C300002846BDE87040FFF7BABF70BD10B50C46B7
:10C310000178227888B08A420ED06946E6F76CF937
:10C32000204604A9E6F768F9102268460DEB0201E1
:10C3300005F0EEFB08B010BD012A06D0022A07D096
:10C3400072B940886388C01AF4E740686368FAE706
:10C350001022611C013008B0BDE8104005F0D8BBC8
:10C360006FF01500E6E7042A0AD0102A0DD0022A41
:10C370004FF0000315D103700B88438001207047F4
:10C38000012303700B684360F8E7022300F8013BC8
:10C3900001F1100351F8042B994240F8042BF9D114
:10C3A000ECE718467047012310B50621044600F853
:10C3B000013BF7F74BFA18B9A37963F03F03A37178
:10C3C00010BD0B6803608B8883808B798371037841
:10C3D00023F00203037070470078C0F340007047F9
:10C3E00038B50446807AE5F767FF6169054649B1CB
:10C3F000637ADB0704D4C36920461B689B689847AF
:10C400000023636121462846BDE8384003F0B6BEEC
:10C410002DE9F0410C461746054601F10C0800F1E4
:10C420000C0140461E46FFF7CFFE6269E3683946BD
:10C430009B1A13FA87F36B82012340466B722F829B
:10C44000FFF7FDFEE368284673600023628AE3601D
:10C45000728163823460BDE8F08138B50C46D1E961
:10C4600000320546DA600B684A895A820868E5F7A7
:10C47000CBFF20461022002105F042FB2846BDE8F4
:10C480003840FFF7ADBF438A23B9C068B0FA80F0E7
:10C490004009704700207047F7B504460E4617461E
:10C4A000A388012B01D803B0F0BD2046FFF7D7FECB
:10C4B00005460028F7D0A3888342F4D32046FFF72F
:10C4C000CEFE23688DF80000013D394668468DF8A0
:10C4D00001500193B0470028E5D029462046FFF7D8
:10C4E000AEFEDDE77047D0F8A03083B15A7CD107AB
:10C4F0000DD5D2060DD51B7C102B0CBF04230323B6
:10C500004372807A98428CBF00200120704702233A
:10C51000F6E70323F4E70F2806D80D280BD80528E3
:10C5200014BF022003207047132804D01A2814BF18
:10C53000022001207047012070470B6803608B8840
:10C5400083808B798371704738B5C3681D78F5B9DE
:10C550000F21B3F80100E8F735F80446B8B12946D1
:10C56000E7F77CFFA378012B04D02046BDE83840D4
:10C57000E7F728BF231DD3E8AF3FDB07F5D52046FB
:10C580000321E7F76BFF032000F066FCEDE738BD01
:10C59000034610B5D3E8EF0F40EA0102C3E8E42FE9
:10C5A000002CF7D110BD01210C30FFF750BE37B57C
:10C5B000C4680121B4F80100E8F704F80546D0B1D9
:10C5C00023788DF800307BB9A3798DF80430B4F866
:10C5D0000730ADF806302379627943EA0223ADF8DB
:10C5E0000230E3788DF8013028466946E8F786FB8B
:10C5F0002846E7F7E7FE03B030BD37B5C468012130
:10C60000B4F80100E7F7DEFF054698B123788DF80E
:10C61000003043B9E37805348DF8013014F8013C5B
:10C6200001948DF8023028466946E8F745FB284614
:10C63000E7F7C8FE03B030BD70B5C5680121288892
:10C64000E7F7C0FF044690B16E88EA88A9882B8975
:10C65000A0F8A660A0F8A810A0F8AA20A0F8AC3016
:10C66000E8F7B6F92046BDE87040E7F7ABBE70BD0D
:10C6700037B5C5680121B5F80100E7F7A3FF044607
:10C6800088B32B781A2B19D1C378012B27D14FF4FB
:10C6900080410430FFF77CFF43040FD4D4F88C3082
:10C6A00069460093D4F894302046019301F0F0F8E5
:10C6B000204603B0BDE83040E7F784BE2B7873B95D
:10C6C00040F2E242B5F803305343C4F88830B5F87D
:10C6D0000530A4F89030B5F80730A4F89230204621
:10C6E000E8F72AF9E4E703B030BD38B5C5680121A1
:10C6F000B5F80100E7F766FF044698B12B783BB91F
:10C70000D5F80330C0F89830D5F80730C0F89C3021
:10C71000201D4FF48031FFF73BFF2046BDE8384035
:10C72000E7F750BE38BD30B40446084602EBC303F9
:10C730009A4201D130BC7047114611F8085BA542FE
:10C7400006D1018A53789942F4D330BC5368184714
:10C750000A46EDE7D0E8EF3F0B40C0E8E23F002A91
:10C76000F8D170472DE9F047D0F80C80028A98F88C
:10C7700000309B00013393423DD9BDE8F08708EBC0
:10C7800086030F21B3F80100B3F80370E7F71AFF2F
:10C79000044628B100F1C80947B92046E7F712FE60
:10C7A000013698F800309E42E9DBE6E76569002D26
:10C7B000F3D0A2692B6895422046636108BFA3614C
:10C7C000E7F7A2FDFCF744FAC5F800A0236A7BB99D
:10C7D000C4E90755D9E8EF3F013BC9E8E23F002A29
:10C7E000F8D100212046013FE7F79AFDBFB2D3E719
:10C7F0001D602562EEE70026B246D2E7704770471B
:10C80000C0F307235370002393701371C1F3072300
:10C81000090C10709171000E090AD0705371D1711A
:10C82000704738B5C5680121B5F80100E7F7CAFEC1
:10C83000044688B1E878E6F791F984F8A4002879ED
:10C84000E6F78CF984F8A5002046E8F7E7F82046DB
:10C85000BDE83840E7F7B6BD38BD10B5028843885B
:10C860009A4218D8052A16D9B3F5486F13D8848888
:10C87000B4F5FA7F0FD2C18840F67640A1F10A02E2
:10C8800092B2824207D804FB0333B3EB810F34BF6B
:10C890000120002010BD0020FCE738B5C3680F213F
:10C8A000B3F801001D78E7F78DFE044638B365B193
:10C8B0002846E6F75DF9294602462046E8F740F9A2
:10C8C0002046BDE83840E7F77DBD8378012B07D1CE
:10C8D00002F088FD2046FFF706FE002808BF052568
:10C8E0002846E6F745F9294602462046E8F728F9A2
:10C8F000002DE5D00521204600F06DFBE0E738BDB6
:10C9000070B5C6680F21B6F801003578E7F75AFE12
:10C91000044670B34DB12846E6F72AF92946024687
:10C920002046E8F70DF9204603E0F378C27A9A42F0
:10C9300003D1BDE87040E7F745BD8278C372012A94
:10C9400008D10BB102F04EFD2046FFF7CCFD0028C8
:10C9500008BF05252846E6F70BF92946024620467A
:10C96000E8F7EEF8002DDED00521204600F033FB7D
:10C97000D9E770BD0020704708B5EBF723FC18B16C
:10C98000408A003818BF012008BDE6F7EBB9002146
:10C9900010B502220846E8F76DF9044650B1031DB0
:10C9A000D3E8AF3FDB070AD50321E7F757FD204661
:10C9B000E7F708FDBDE81040032000F04DBA403015
:10C9C00003F0DAFC10F00C0103D10223204623739C
:10C9D000EBE72046E6F7C6F9E9E770B506460D46EF
:10C9E0004FF0FF304FF0FF31E6F790F8044668B1A2
:10C9F00003210C30FFF7EFFB068085702146BDE870
:10CA00007040002240F20640E6F724B96FF068005B
:10CA100070BDC06803781BB1022B03D1FFF7B7BF0D
:10CA2000E6F72EBA704738B54FF0FF3105464FF0A4
:10CA3000FF30E6F76BF8044668B102210C30FFF7CF
:10CA4000CAFB2B88214603800022BDE8384042F211
:10CA50001600E6F7FFB86FF0680038BDF8B5074676
:10CA60000E464FF0FF304FF0FF311546E6F74EF817
:10CA7000044678B106210C30FFF7ADFB3B884680B9
:10CA8000038085802146BDE8F840002242F2220062
:10CA9000E6F7E0B86FF06800F8BD2DE9F047814691
:10CAA00088464FF0FF304FF0FF3117461E469DF885
:10CAB00020A0E6F72BF80546A0B107210C30FFF7C0
:10CAC0008AFBB9F8003080F802800380C7700671D5
:10CAD000A0F805A02946BDE8F047002242F2320046
:10CAE000E6F7B8B86FF06800BDE8F087F0B5C56844
:10CAF00001212F8887B0B8B2E7F764FD064660B31E
:10CB000002ACD5F80220D5F806300194698900916D
:10CB100002F094FA18B34FF0FF304FF0FF31E5F711
:10CB2000F5FF0546B0B112210C30FFF754FB034668
:10CB3000224623F8027B144603CC596006A98C4296
:10CB40001860224603F10803F5D1294642F21A0083
:10CB5000E6F738F83046E7F735FC07B0F0BD4FF0A0
:10CB6000FF304FF0FF31E5F7D1FF04460028F1D048
:10CB700002210C30FFF72FFB2146078042F21B00F9
:10CB8000E6E770B506460D464FF0FF304FF0FF3137
:10CB9000E5F7BCFF044660B103210C30FFF71BFB37
:10CBA000068085702146BDE8704042F22100E6F71C
:10CBB00009B870BD73B5C368D9789A781E8842EAFF
:10CBC0000122ADF8002059791A79B4B242EA012263
:10CBD000ADF80220D9799A79204642EA0122ADF8CF
:10CBE00004201A7A5B7A012142EA0323ADF8063069
:10CBF000E7F7E8FC054628B902212046FFF7C1FF08
:10CC000002B070BD6946E7F72FFF38B91E212046F4
:10CC1000FFF7B7FF2846E7F7D5FBF1E74FF0FF3006
:10CC20004FF0FF31E5F772FF04460028F2D00E21E5
:10CC30000C30FFF7D0FA00230680C0F80A30BDF8A8
:10CC4000003021464380BDF802308380BDF80430B7
:10CC5000C380BDF80630038142F22000E5F7B2FF41
:10CC6000D8E7033138B5C9B205460E20E6F7E6FA33
:10CC7000032104460C30FFF7AEFA0123A0F801505F
:10CC80000370204638BD70B505460E460F200421BE
:10CC9000E6F7D4FA042104460C30FFF79CFA01228F
:10CCA000067042704580204670BD072208B504F02A
:10CCB0002FFFB0FA80F0400908BD0B6803608B8835
:10CCC00083808B7983717047F8B50F46144638BB63
:10CCD0004FF0FF304FF0FF31E5F718FF054610B376
:10CCE00027210C30FFF777FA224606463946FFF730
:10CCF000E4FFC31D04F1100152F8040B8A4243F80B
:10CD0000040BF9D11022002106F1170004F0F8FEFF
:10CD10002946BDE8F840002242F22700E5F79ABF15
:10CD20006FF01500F8BD6FF06800FBE7037A02466C
:10CD30005B0705D501462E3211F8010BFFF7C4BF82
:10CD4000704738B54FF0FF3105464FF0FF30E5F73B
:10CD5000DDFE044658B129460C30FFF74BFA214658
:10CD6000BDE83840002242F22D00E5F773BF6FF0B6
:10CD7000680038BD2DE9F041D1F8048004460D4625
:10CD800086B0B8F1000F1DD1037A5B071AD50E6883
:10CD9000411C701CFFF789FF2E36162241460746BC
:10CDA000684604F0ADFE10226946304604F0B0FE3D
:10CDB00058B137B91022304604F12E0104F0A8FE14
:10CDC00000B96C6006B0BDE8F081002FF9D1F9E739
:10CDD00010B50C4630B919B1EBF7B6F900B1441CE7
:10CDE000204610BD0024FBE707B580B90621684640
:10CDF000F6F72CFD40B99DF80530684603F03F0377
:10CE00008DF80530E6F78EFA03B05DF804FB6FF09D
:10CE10001500F9E701207047037AD90704D523F0FC
:10CE200001030372E6F7E0BA990704D523F0020381
:10CE30000372E6F767BB704710B50C4631B10020AE
:10CE4000FFF7D2FF08B90123237010BD6FF0150062
:10CE5000FBE7D0E8AF0F7047032808B501D0E6F72D
:10CE600029FDBDE80840E6F739BD01F1200301388E
:10CE700013F8012D8B4200F8012FF9D170470023E0
:10CE80000B60436813B9C0E9001170471960416035
:10CE90007047D0F8BC00003818BF01207047084622
:10CEA000896918301160426800211A6010F80D2C51
:10CEB00004F026BED0E8AF0F70472438E7F7CCB9AE
:10CEC000002203680BB9184670478B4210D10B68DB
:10CED00042B942680360914200D1436000230120BF
:10CEE0000B60704713604368994208BF4260F5E7E2
:10CEF0001A461B68E6E710B50446006918B1E5F765
:10CF000083FA0023236110BD70B516460D4601213A
:10CF10000446E7F705FA012E17D0022E17D1236930
:10CF200013B12046FFF7E7FF256121690A8A012A2C
:10CF300039D9CB681B8804339BB29A4233D32AD9A0
:10CF40002046BDE87040FFF7D6BF206918B92046DB
:10CF5000FFF7D1FF01E02A8A22B92846BDE87040D8
:10CF6000E5F752BA018A438A46695B1AC168891B90
:10CF70005B1A9A4207D901460022204600F090FD34
:10CF800000232361E9E7E9680C30FFF72AF9284616
:10CF9000E5F73AFAC9E7002323612046BDE870406F
:10CFA000012200F07DBD70BD034610B500F1D00236
:10CFB0001046FFF77FFF60B1411CD2E8EF4F84427B
:10CFC00004D1C2E8EC1FBCF1000FF6D1F0D1184635
:10CFD00010BD0346FBE710B5437B0446023B062B1E
:10CFE00025D8DFE803F00D04242424172200017360
:10CFF0000021E7F733FABDE810400220E6F764BDF0
:10D000008378012B11D1403003F0B8F9BDE810400E
:10D01000E5F70EBF0088FFF7E0FC38B9637B072B0C
:10D0200003D108212046E7F719FA002010BD6FF060
:10D030007F00FBE710B50446D0F8A00028B9207A9D
:10D0400004F17001EBF7BEF838B1E278438A2AB9EF
:10D0500003F02100003818BF012010BD03F02400A8
:10D06000F8E72DE9F843089E8146102E0C469046BD
:10D070001F462FD84FF0FF304FF0FF31E5F746FD48
:10D08000054658B31C210C30FFF7A5F80346B9F844
:10D090000020394623F8022B2268C0F8022062687B
:10D0A00000F10C045A60B8F8003032464381204643
:10D0B00004F000FD102E05D00021C6F11002A019C9
:10D0C00004F01EFD2946BDE8F843002242F2190093
:10D0D000E5F7C0BD6FF01500BDE8F8836FF068009C
:10D0E000FAE710B583780446012B27D1437B072B41
:10D0F00027D10A0601F07F0310D5021DD2E8EF0FF9
:10D1000040F40040C2E8E10F0029F7D12046A372A5
:10D1100002F004F808B1637AA37210BD427A9A4211
:10D1200012D2827A9A420FD2021DD2E8EF0F20F477
:10D130000040C2E8E10F0029E8D0F6E76FF01500E3
:10D14000EBE76FF07F00E8E70020E6E78378012B4C
:10D150000CBF407A0020704773B506460C46FFF7B7
:10D160003BF96D463146A8B16846FFF72AF92946D2
:10D170000020E7F70DFD58B12388A0F88C306388B4
:10D18000A0F88E30A388A0F89030E388A0F8923001
:10D1900002B070BDFFF71CFE0346006800909A883D
:10D1A0009B79ADF804208DF80630E0E738B5037AB6
:10D1B00004468B42154615D100F17001072228461E
:10D1C00004F0A6FC80B1E378072243B904F17E01A4
:10D1D000284604F09DFCB0FA80F0400938BD04F107
:10D1E0007701F5E70020F9E70120F7E708B5E7F751
:10D1F000FBFC10B1E7F7E6F8012008BD70B58378B5
:10D200000646012B0C462CD18A8842F210718A42C4
:10D2100027D8E3888B4224D89A4222D8638803B364
:10D220002378F3B14FF0FF304FF0FF31E5F76EFC9C
:10D230000546C8B109210C30FEF7CDFF33882946D9
:10D240000380A38800224380E38883806388A0F85A
:10D25000073023788371BDE8704042F29D00E5F706
:10D26000F9BC6FF0150070BD6FF06800FBE78278C5
:10D270000B46012A0BD109885A88B0F8A6308B4298
:10D2800003D1B0F8A830934204D0FFF7E7BB6FF0AA
:10D29000150070476FF07700704713B582780B4622
:10D2A000012A15D10A88DB7802F00204D2078A78B5
:10D2B00048BFB4FA84F4B2FA82F148BF640949095C
:10D2C0000BB941F002010094FFF7E7FB02B010BD7B
:10D2D0006FF01500FAE7F8B507460D464FF0FF303E
:10D2E0004FF0FF31E5F712FC0646D0B10E210C30AD
:10D2F000FEF771FF04460E22002104F001FC3B887A
:10D30000314623802B88002263806B8842F2130011
:10D31000A380AB88E380EB882381BDE8F840E5F784
:10D3200099BC6FF06800F8BD00230B60436813B927
:10D33000C0E900117047196041607047136839B93E
:10D34000416803608A4200D1436000231360704744
:10D350000B6043689A4208BF4160F6E770B5446BC2
:10D360000D4694B10021083C94F86C60AE420ED199
:10D3700094F86D60964202D0B2F5807F07D123B158
:10D3800004F108023430FFF7D9FF204670BD04F1E4
:10D390000801A468002CF8D0083CE5E70A464039AB
:10D3A0003F29034610B517D8406B60B10021A0F1AA
:10D3B0000804A08A904207D103F1340004F1080266
:10D3C000FFF7BCFF204610BDA0680028FBD004F189
:10D3D0000801A0F10804ECE70020F4E753681046C8
:10D3E0001B69184770474B6808469B6903B118478B
:10D3F0007047D0E8AF0F7047703002F0BFBF10B574
:10D400000446FCF7C9F8214651F8C00BD0F8BC30EF
:10D410004BB9BC30FFF788FFFCF7D2F82068BDE8B5
:10D420001040E6F7F7BF9942F6D01B68F0E7D0F856
:10D43000BC3043B1D0F8C0101A688B42C0F8BC2091
:10D4400008BFC0F8C020704738B5044600F12C036F
:10D45000D3E8EF5F0D44C3E8E25F002AF8D104F19E
:10D460001001D1E8EF3F43F00102C1E8E52F002DA4
:10D47000F7D1DB070AD46368DB6903B19847236BF4
:10D4800023B12046BDE83840FFF7B9BF38BD0023BF
:10D4900010B544688382A26A32B1028B4364F72AD2
:10D4A00084BFF722028310BDC38A0BB9F523C38260
:10D4B000F52B194628BFF5218A1C92B202832469F4
:10D4C0001CB901339342A8BFC18201231C30D0E8AC
:10D4D000EF2FC0E8E13F0029E5D0F8E7002310B4C2
:10D4E00000F12C0243628362C362D2E8EF1FC2E8FC
:10D4F000E43F002CF9D110BC303002F006BE2DE91B
:10D50000F0410446D0E90056F5B1FCF745F800219A
:10D51000D5F8BC3004F1C0022BB19A4223D105F1F9
:10D52000BC00FFF70BFFFCF74BF804F130070022BB
:10D5300000233846FBF75AFB0546B8B973680BB1B0
:10D540002046984700232360002384F86830A4F81D
:10D550006A30E3680BB120469847336A8BB12046A6
:10D56000BDE8F041184719461B68D5E7AB6923B100
:10D570006FF06D02E969206898472846E4F744FF98
:10D58000D5E7BDE8F08110B4436B0A467BB10021BA
:10D59000083B9A4204D110BC08323430FFF7CEBEAB
:10D5A0009C6824B103F10801A4F10803F1E710BC61
:10D5B000704738B550F8705CA0F1700421462846D9
:10D5C000FFF7E1FF2046FFF79AFF94F86D2094F8EB
:10D5D0006C1001232846FFF7C1FE04460028F2D153
:10D5E00038BD10B5406B20B150F8084904B1083C73
:10D5F00000B910BDFFF783FF2CB1A36803B1083B4E
:10D6000020461C46F4E72346FAE738B5054600688D
:10D6100098B1407B072810D1087A012810D1C87A28
:10D6200007280DD98A61CB6105F1300002F09BFD1E
:10D630002846FFF7E4FE002038BD6FF07F00FBE7CF
:10D640006FF01500F8E7406B28B1838B08388B42E8
:10D6500001D08068F8E7704738B50D460521FFF71F
:10D66000F2FF002329461A46FFF7CFFF044610B108
:10D670002846E4F7C9FE204638BD70B50446E7F7F2
:10D68000A3FC0E46042201461620E7F7FFFC0546E0
:10D6900070BB04F11006D6E8EF3F43F00203C6E882
:10D6A000E23F002AF7D1206C20B1E4F7ADFE2564FB
:10D6B000A4F8445004F13005002200232846FBF76B
:10D6C00095FA78B904F15805002200232846FBF7A3
:10D6D0008DFA50B96368DB6903B331462046BDE873
:10D6E00070401847E4F790FEE6E7E4F78DFEEBE7BD
:10D6F00004F11C03D3E8EF2FC3E8E16F0029F9D14F
:10D70000042105F10C00FEF766FDA38A4680038024
:10D7100029462068BDE87040FFF79EBF70BD70B518
:10D72000446B0E4624B154F8085905B1083D04B9BC
:10D7300070BD04F11003D3E8EF2F22F00401C3E819
:10D74000E01F0028F7D1530707D59EB12068214676
:10D75000FFF719FF2046FFF7D2FE63689B6813B1FD
:10D760003146204698475DB1AB6803B1083B2C4673
:10D770001D46DCE72046E3F703FA0028EDD0E5E795
:10D780002B46F4E72DE9F8439DF82090174609F160
:10D7900002020646D2B201201D46E7F777FC044696
:10D7A00090B100F10C0802214046FEF714FD0780FD
:10D7B00025B14A4629464046FEF713FD214630462C
:10D7C000BDE8F843FFF748BFBDE8F88310B54AB994
:10D7D00089B2FFF738FF28B143689B6913B1BDE8F0
:10D7E0001040184710BD406B28B1838908388B4220
:10D7F00001D08068F8E77047F8B502460D4600286A
:10D800003AD04368C3B39B6AB3B3A9B390F8683006
:10D81000012B34D000F11C010846FFF7EAFD15FA90
:10D8200080F39EB20446981B18BF012050BBA4B2DF
:10D83000D1E8EF3FA34203D1C1E8E76F002FF7D152
:10D84000EAD192F86830032B18D11668978AE7F767
:10D85000BBFB042201461620E7F718FC0446A0B1E2
:10D8600004210C30FEF7B7FC078045802146304686
:10D87000BDE8F840FFF7F0BE6FF01500F8BD6FF09F
:10D880000F00FBE76FF08A00F8E76FF06800F5E73C
:10D8900070B50646E7F798FB0C46082201461220B1
:10D8A000E7F7F4FB054688B108210C30FEF793FC3E
:10D8B00022882946028062884280A2888280E2888B
:10D8C000C2803046BDE87040FFF7C6BE6FF00B0067
:10D8D00070BD704770B5036804463BB3E7F774FB4F
:10D8E0000422014606460620E7F7D0FB054600B3B2
:10D8F0000623042184F86D3084F86C600C30FEF748
:10D900006AFCA38C29460380A38A43802068FFF722
:10D91000A3FE30B94FF22442002304F17000FBF75C
:10D9200007FC0423002084F8683070BD6FF07F008E
:10D93000FBE76FF00B00F8E72DE9F04104460D46D8
:10D9400000F11C031846FFF754FD002856D0421E74
:10D95000D3E8EF1F814203D1C3E8E62F002EF7D1B1
:10D96000F0D12B8A228B9A4248D36268926A2AB3FA
:10D97000B4F84620B4F844108A420ED1012B3DD9A8
:10D9800005F10C00FEF773FC0022E38A0146834296
:10D99000A4F84400A4F8462030D32B8A881A80B219
:10D9A00098422BD31344A4F84630636820469E6AFD
:10D9B00005F10C03B446BDE8F0416047226C2AB182
:10D9C00029462046BDE8F041E7F70CBD012B15D9EB
:10D9D00005F10C00FEF74BFCE38A064683420DD3AB
:10D9E00063681B694BB320469847206430B1C37A03
:10D9F000012B08D8E4F708FD002323642046BDE886
:10DA0000F041FFF767BFA4F84460028A438A416986
:10DA10009B1AC268278B521A9B1A2A8A791EB61A39
:10DA2000B34294BFC9188919B1FBF7F189B2002933
:10DA3000C6D02046FFF721FEC2E72846FEF78EFB40
:10DA40006368014606465B692046984710F1770FE8
:10DA500005460ED03046E4F7D7FC002DCEDB94F817
:10DA60006830032B05D12046BDE8F0410121FFF7C6
:10DA700004BEBDE8F08170B5A0F1480600F11004C5
:10DA8000002200232046FBF7B1F8054600B970BD1F
:10DA900030462946FFF750FF2846E4F7B5FCEFE78C
:10DAA00070B50B8A0546032B0C46164604D8204653
:10DAB000BDE87040E4F7A8BC042104F10C00FEF7B7
:10DAC000C6FB41882846FFF78EFE05460028EED0AB
:10DAD000838A403B9BB23F2B21D8EEB190F868304F
:10DAE000042BE4D01030FFF784FC8307DFD4B5F8B3
:10DAF0006A302146803B9BB27F2B03D92846FFF733
:10DB00001BFFD4E705F1580002F02DFB05F148009A
:10DB1000BDE87040FBF768BAFFF7DCFEC7E7436873
:10DB200021465B699847C2E70346006828B15968F7
:10DB3000026888421A6008BF5A6070470346002096
:10DB400003B970471A8A5B681044F9E710B5D468C6
:10DB50000231237813B92170012010BD8B42FBD014
:10DB6000038A023B038200201061F6E72DE9F041B1
:10DB700004468868FFF7E2FFE38BE28D0D4693428F
:10DB800028BF134683421FD30027C4F8D410D1F80E
:10DB900008808F60FBF700FD41462046E7F74EFF07
:10DBA000064640B1C5F80880C4F8D470FBF708FDFC
:10DBB0003046BDE8F081E18DE38B2846994228BFCD
:10DBC000194601F027F8F1E76FF07906F0E72DE943
:10DBD000F041C369064653B11D68A3F58C770DB1BA
:10DBE000A5F58C750022144606F104080FB9BDE8AE
:10DBF000F081D7F8D4309BB904B98AB94046FFF711
:10DC000093FF044658B101463846FFF7AFFF00289E
:10DC1000EDD073682360B368746003B9B4603A46AA
:10DC20003DB1D5F818310BB1A3F58C732F461D46C5
:10DC3000DCE72B46FAE773B51446014605464FF478
:10DC40009572206800F0A5FE207530B9294620683D
:10DC500000F0E3FF20B908232375002002B070BD57
:10DC6000237AB3B1A3F11802534253419B000193AD
:10DC7000638A29460093AE68238AE2682068B04729
:10DC8000002808DB238A83420CD10023012023755E
:10DC9000E4E70223EBE710F1FF0F03D34042C0B2E9
:10DCA0002075DAE70E20FBE738B504460D46E7F7A6
:10DCB000C5FE30B1294604F1D800BDE8384002F075
:10DCC00052BA38BDF8B5936805460F461446166833
:10DCD00063B9506801210C30FEF77DFAA0602B6813
:10DCE0001B78002B14BF022301230370A3681B7849
:10DCF000012B03D0022B1FD000201CE02B681B78C7
:10DD0000002BF9D1606804210C30FEF764FAE06062
:10DD100007802A68E36852885A806168F28DF38B25
:10DD2000088A9A4294BFC0EB0200C0EB03000428AB
:10DD300094BF00200120F8BD2B681B78022BDBD19B
:10DD4000606812210C30FEF746FAE06007802B680D
:10DD5000E268591C0232113351F8040B994242F81F
:10DD6000040BF9D16168F28DF38B088A9A4294BF53
:10DD7000C0EB0200C0EB03001228D9E770B40668BC
:10DD8000F2696AB31368A2F58C740BB1A3F58C73B6
:10DD9000002211467CB9C38DC08B8B4201D89042C2
:10DDA00020D9824238BF02469942306838BF1946AE
:10DDB00070BCE9F71FBA844207D0E58DE48BA94215
:10DDC00038BF2946A24238BF22463BB1D3F818518A
:10DDD0000DB1A5F58C751C462B46DBE71D46FAE711
:10DDE0001146D8E770BC7047F8B5CB6805461F8868
:10DDF000BBB2162B19D90321E7F7CCFE0646B0B10A
:10DE000002210C30FEF7E7F900246FF008033146D9
:10DE1000037044702846FFF747FFF7232846EB833B
:10DE2000EF85FFF7ABFF2046F8BD0420FCE70E208E
:10DE3000FAE7D0680431037813B901700120704704
:10DE40008B42FBD0002091680B8A043B0B8210614F
:10DE500070472DE9F0418846174601210422054606
:10DE60001E46E7F743FE044670B104210C30FEF76E
:10DE7000B2F980F80080A0F80170C67021462846EB
:10DE8000BDE8F041FFF710BFBDE8F0811FB5CDE957
:10DE9000012300231A460093E8F796FE05B05DF8CB
:10DEA00004FB0022036803B970478B420FD10B6853
:10DEB0003AB942680360914200D1436000230B608D
:10DEC000704713604368994208BF4260F6E71A46FC
:10DED0001B68E8E7D0E8EF3F43F00802C0E8E12F15
:10DEE0000029F7D1C3F3C000704707B5CA680C21F9
:10DEF0001388528800920D22E7F7ECFE03B05DF81C
:10DF000004FB07B50022CB680A211B8800920B2274
:10DF1000E7F7E0FE03B05DF804FB70B504460E467B
:10DF2000002200230846FAF761FE054658B1014673
:10DF30002046E7F783FD044618B12946304602F033
:10DF40001DF9204670BD6FF00104FAE737B50C46A5
:10DF5000054601F10C00FEF78AF9228A0346019278
:10DF6000E2681221009228461322E8F7F1F803B084
:10DF700030BD37B50C46054601F10C00FEF777F9C8
:10DF8000228A03460192E268284600920022114646
:10DF9000E8F7DEF803B030BD2DE9F04342F60103A7
:10DFA000002591B0D2F8008007460E4600680BA904
:10DFB000D8F8089014468DF82C50ADF82E30FEF7A6
:10DFC000A5F9002800F082804FF4205338680BA98F
:10DFD0008DF82C50ADF82E30FEF798F938B1A368C3
:10DFE0001BB15A88B24200D25E80012010E0616805
:10DFF0000846FFF7A3FDB8F82E20B8F81E309A4265
:10E0000094BFC0EB0200C0EB0300032803D800203C
:10E0100011B0BDE8F0830846FEF7A4F80546616834
:10E020000846FFF78BFD6B8A2A8AA3EB020C6B690B
:10E03000EA68D21AACEB0203B8F81EC0B8F82E207A
:10E04000944594BFC0EB0C00C0EB0200834228BF94
:10E0500003466BB9887AE4F72FF900220023FEF714
:10E060004EF805460028D2D001466068FEF78BF8CE
:10E07000002300933946D7F804801023484602AAAB
:10E08000C047071E22DB227CE068BA421AD0014654
:10E090000BA8FEF768F9C8B1FAB202A906A8FEF704
:10E0A00062F998B106A90BA8FEF730F970B9002300
:10E0B0000421637405F10C00FEF78DF8A060068062
:10E0C000A36891E702A903F023FDEFE70023A36013
:10E0D0008BE72DE9F04F064685B0104690469946ED
:10E0E000FFF72CFDF38BF28D8B46934228BF13462E
:10E0F000834275D9B36840460393FEF733F84FF077
:10E10000000A04464046FFF719FDE168228A658A45
:10E110006369AD1ACB1AED1AF78BF38D9F4294BF4A
:10E12000C0EB0700C0EB0300854228BF054625BBB6
:10E1300098F80A00E4F7C0F800220023FDF7DFFF9B
:10E14000044608B9574627E001464046FEF71BF84B
:10E150004046FFF7F3FCE168228A658A6369AD1ADD
:10E16000CB1AED1AF78DF38B9F4294BFC0EB0700DB
:10E17000C0EB0300854228BF0546CDF80090DBF8D0
:10E1800004700A4403985946ABB2B847071E07DA31
:10E19000BAF1000F18BF5746384605B0BDE8F08FFA
:10E1A0000E9BABB9394604F10C00FEF714F840465B
:10E1B000FFF7C4FCF38DF28BB944934228BF13469A
:10E1C0008342BA441FFA89F9BCD9AF429AD0B9E761
:10E1D000394620460F9A0E9B98470028E2D1B1E7B6
:10E1E0000027D9E700232DE9F34117681446D7F833
:10E1F00008800146137306469522404600F0C9FB8D
:10E200000546207330B93146404600F004FD28B978
:10E2100008232373002002B0BDE8F081A068F98BC9
:10E22000FA8D038A914294BFC3EB0103C3EB02034F
:10E23000012BEFDD02210C30FDF7CDFFCDE90055BC
:10E240008046A38831463846A268FFF742FF031E86
:10E2500006DA13F1FF0F2ABF5B420E23DBB2D8E7C9
:10E260000120A8F80030D6E700232DE9F341176814
:10E270001446D7F808800146137306469522404697
:10E2800000F087FB0546207330B93146404600F068
:10E29000C2FC28B908232373002002B0BDE8F08136
:10E2A000CDE9005531463846A388A268FFF711FF33
:10E2B000002807DA10F1FF0F32BF0E204042C0B233
:10E2C0002073E9E70120E8E7F8B5054650F8084C67
:10E2D000A0F1080700F1C803D3E8EF1F21F0040103
:10E2E000C3E8E21F002AF7D104B3D5F8CC3083B9D4
:10E2F000636873B1201DFFF717FC064601463846D8
:10E30000FFF734FC90B163683360A368666003B9BB
:10E31000A660384605F1D001FFF7FFFD30B1384661
:10E3200004F10C01BDE8F840FFF7F7BDF8BD08B5F2
:10E33000437B072B01D0002008BD0421FFF753FACF
:10E340000028F8D000F1C803D3E8AF3FDB07F2D5CF
:10E3500050F8080CF0E738B50546D1E8AF3FDB07C9
:10E3600018D550F8080CA8B1D5F8CC3093B90430C2
:10E37000FFF7DAFB044668B10146A5F10800FFF794
:10E38000F5FB38B155F8083C5A6822609A685C6021
:10E3900002B99C6038BD70B50E461546FFF7C7FF41
:10E3A00080B1C36973B1A3F58C701B680BB1A3F581
:10E3B0008C73691CC28DC48BA24228BF2246914235
:10E3C00002D93BB9002070BD2A463146BDE87040F5
:10E3D000E7F78CBBD3F818410CB1A4F58C74184640
:10E3E0002346E7E7E8F784BB10B50446E038E8F7D2
:10E3F00081F954F8E00C1321BDE81040FEF7EBBDA5
:10E4000070B550F8083C0446A0F10806002B36D041
:10E4100041B1D0F8CC30002B31D01B7CDA072ED59F
:10E4200005231FE005682846E8F704FF6B7A012BF7
:10E4300025D0D4F8CC4014B3237CDB071FD5E36888
:10E44000002BEDD030466269617CE7F74FFB054653
:10E4500038B1D4E90512E368984750B12846E3F78C
:10E46000D3FF0E2300223046BDE870401146E8F786
:10E4700007B929463046E7F7E1FA0028EED170BD2A
:10E4800008B500230A8AC968E8F7FAF8002008BD31
:10E4900070B50D46FFF74BFF044628B92846E3F751
:10E4A000B3FF6FF07F0070BD00F10C0629463046C7
:10E4B00001F059FEE369DBB11C68A3F58C750CB162
:10E4C000A4F58C740022104608E02A4684B1D4F8E2
:10E4D00018310BB1A3F58C7325461C46831C01D162
:10E4E000002AF3D131462846FFF717FD0028ECD16A
:10E4F0000020D8E738B505460C46FBF74DF828460E
:10E50000FFF715FF20B9FBF75BF86FF07F0038BD10
:10E510000023236083683BB9C0E90144FFF757FB40
:10E52000FBF74EF80020F2E71C608460F6E701205C
:10E53000704708B5FFF7FBFE80B1C36973B1A3F55F
:10E540008C7303F1D002D2E8EF0F20F00800C2E88C
:10E55000E10F0029F7D1D3F81831EFE708BD08B56E
:10E560000421FFF740F920B1C830D0E8AF0FC0F365
:10E57000C00008BD10600020704710B5029CA36861
:10E5800033B1B1F5807F28BF0E21CAB2214698472A
:10E59000A37DE268013BDBB2A37522B11BB9204623
:10E5A000BDE81040104710BD1060918000207047FA
:10E5B000072208B503F0ACFAB0FA80F0400908BDB4
:10E5C000034610B5D3E8EF0F40EA0102C3E8E42F99
:10E5D000002CF7D110BD0B6803608B8883808B798A
:10E5E0008371704770B50D46064611F8010BE6F7CA
:10E5F000FBFA044610B12C89E5F7E4FEA87A05F190
:10E600000B01E6F7F1FA28B16B8A9C4238BF1C4631
:10E61000E5F7D8FEAB8AA34207D0AB69AC8223B141
:10E6200021463046BDE87040184770BD38B5BDF88A
:10E6300010401546A2420CD84CB16BB1A41A8C42C2
:10E64000A8BF0C46A4B22246591903F033FA20465B
:10E6500038BD6FF00604FAE76FF00D04F7E730B548
:10E6600085B0C96814461D46E8F70CF900B1008969
:10E670000223ADF80E00009329462046BDF8202065
:10E680000DF10E03FFF7D2FF05B030BD1FB50C46EC
:10E690001946E36810461C78BDF818203CB11024D8
:10E6A0000133069404B0BDE81040FFF7BFBF5B889C
:10E6B000ADF80E30022300930DF10E03FFF7B6FF05
:10E6C00004B010BD30B51D46002385B014468DF84A
:10E6D0000C30E8F783F810B1037A8DF80C30012381
:10E6E000294600932046BDF8202003ABFFF79EFF8C
:10E6F00005B030BD08B5E8F7A3F818B100230360F2
:10E700004360836008BD70B500F170060546314670
:10E71000007AFEF731F904463146287A1CB1BDE88B
:10E720007040FFF7E7BFE8F78BF810B10460446072
:10E73000846070BD022A10B508D1002300F1700179
:10E740001A46007AE8F7D6F8022010BDFFF7DBFF83
:10E75000FAE7F0B5076806463D78144689B02DBB48
:10E760007B88B3F5245F04D01AD8A3F52053032B7C
:10E770001CD8ADF80A10022220460DF10A0102F061
:10E7800034FB48B97B88022220460DF10A01ADF81E
:10E790000A3002F02AFB68B16FF01503E36406E06B
:10E7A00003F55643FF339BB2042B14D901252846A9
:10E7B00009B0F0BD009003AA132331467768B8472B
:10E7C000021E01DAE264F2E703A9204602F00DFB23
:10E7D0000028EBD0E0E7ADF80A10022220460DF148
:10E7E0000A0102F002FB0028D6D17B880222ADF894
:10E7F0000A300DF10A01E8E701210C30FFF7E0BE15
:10E800002DE9F0419846BDF818300646012B174611
:10E810002DD84344012B45462CDCE7F7DFFF0446A7
:10E8200018B9E7F7DBFF044638B3B8F1000F11D091
:10E830000023217A21FA03F2D00703D53A78DA408F
:10E84000D2071DD50133032BF4D13B7803F0070326
:10E8500019432172601C06F17001FFF7BCFE337A88
:10E8600020462370FFF7C8FF2846BDE8F0816FF00F
:10E870000605F9E76FF00C05F6E76FF01005F3E712
:10E880006FF01205F0E738B504461546FFF74FFE66
:10E8900040B12046E7F7A2FF20B1037ADB0701D59C
:10E8A000FFF7AAFF35B9207A04F17001E7F7C8FF36
:10E8B00000B1856038BD38B5BDF81010BDF81840FE
:10E8C0001046A142059D0CD84CB16DB1641A9C4212
:10E8D000A8BF1C46A4B22246294403F0EBF8204608
:10E8E00038BD6FF00604FAE76FF00D04F7E713B5D3
:10E8F000044610B9002002B010BD00238DF804308A
:10E9000042F60303006801A9ADF80630FDF7FEFCEE
:10E910000028EFD1E36898880028ECD12046E8F77A
:10E9200023F9013080B2E6E770B5CC681E46A379C2
:10E9300088B008468DF80C301546FFF7D8FFADF8C3
:10E940000D00246823786BB96388ADF80F30052378
:10E95000009331462846BDF8302003ABFFF766FE32
:10E9600008B070BD631C0DF10F02113453F8041B85
:10E97000A34242F8041BF9D11323E9E71FB5CDE9FF
:10E98000012300231A460093E8F71EF905B05DF84D
:10E9900004FB38B54C8AD3070546C4F30E0404D5EE
:10E9A00014F0950F2AD04B6843B3900704D514F4A4
:10E9B000957F25D08B681BB3144014F4DE7F0DD0F7
:10E9C000EB7A2BB92846FEF735FBD8B9052038BDC0
:10E9D00014F0300F04D114F4C07F07D10020F6E703
:10E9E0002846FEF7B3FB0228F5D8EFE7D5F8A030AC
:10E9F000002BEBD05B7CDB06E8D5EFE70220E6E7F7
:10EA00000320E4E70F20E2E72DE9F041437B0646CF
:10EA1000072B0C46154686B040F0858000238DF804
:10EA2000143042F60303206805A9ADF81630FDF74F
:10EA30006DFC90B96768002F75D0012321460090C6
:10EA400004AAB84701286ED19DF8103013F0300F9A
:10EA500069D02046E8F7A6F90446002320688DF81F
:10EA6000143042F6021305A9ADF81630FDF74EFC3E
:10EA700018B12046E8F796F90446002742F6021836
:10EA8000206802A98DF80870ADF80A80FDF73EFCF9
:10EA9000F8B9002320688DF8143042F6021305A956
:10EAA000ADF81630FDF732FC00283CD16768002F26
:10EAB00039D0009002232146304605AAB8470228E3
:10EAC00031D1BDF8143005EA0300003818BF012029
:10EAD0002AE042F60303206803A98DF80C70ADF814
:10EAE0000E30FDF713FC0028D3D04FF420532068DC
:10EAF00004A98DF81070ADF81230FDF707FC00285E
:10EB0000C7D042F60103206805A98DF81470ADF84E
:10EB10001630FDF7FBFB0028BBD02046E8F742F992
:10EB200004460028ACD1002006B0BDE8F081F8B55D
:10EB300014460F46942261680646FFF72AFF20BB61
:10EB4000012230466168FFF75FFF08B3A2891B21ED
:10EB500030460232FFF71FFC0546E0B1A1890C30B8
:10EB60000231FDF738FB20F8027BA289A16802F090
:10EB7000A1FFD4E9041228460123E7F71DFE294628
:10EB80003046BDE8F840FFF783BC4FF0FF30F8BDDA
:10EB90006FF01500FBE76FF00B00F8E72DE9F0418F
:10EBA00005468846E7F71AFE0446E0B1037ADA071D
:10EBB00019D500F10C06D6E8AF7F17F0010712D186
:10EBC000B8F1000F10D0D6E8EF3F23F00202C6E8FC
:10EBD000E12F0029F7D19B07284608D5FFF7A9FCAC
:10EBE0002046FFF709FE01273846BDE8F081FFF710
:10EBF0009EFC0028F8D02846FFF7B1FC0028F3D08F
:10EC0000D6E8EF3F23F00203C6E8E23F002AF7D13F
:10EC10002846E3E77047012070470120704713B58D
:10EC2000C068144668B100238DF804304FF4C05317
:10EC300001A9ADF80630FDF769FB10B9236801336F
:10EC40002360012002B010BD0720704708B50621DF
:10EC5000FEF7C9FD00B1F03808BDD0E8AF0F08419C
:10EC600000F00100704738B50A46034609B9012093
:10EC700038BD488A10F0240FF9D0197D5D7B147CD3
:10EC8000A94228BF29468C4201D90020F0E780061E
:10EC900007D4517CC9070BD4187A003818BF01205B
:10ECA000E6E70521181DFFF7D8FF0028F1D1ECE7B2
:10ECB000197A0029E9D00521181DFFF7CEFF18B9F0
:10ECC000197A01390129E0D9527CD207CFD4E3E780
:10ECD00001238B40DB43D0E8EF2F1A40C0E8E12F3F
:10ECE0000029F8D170470720704707207047072098
:10ECF0007047012303FA01F1CA4330B5D0E8EF3F72
:10ED000003EA0204C0E8E54F002DF7D101EA030051
:10ED1000003818BF012030BD01238B40D0E8EF2F11
:10ED20001A43C0E8E12F0029F8D1704708B50E2139
:10ED3000FFF7F2FF002008BD2DE9F041D0F8F060A8
:10ED40000446F57890B0002D5DD1CF681022294699
:10ED50000CA802F0D5FE237A052B1DD8DFE803F0BE
:10ED6000060303061C21D4F8D8300C9306F1770370
:10ED70000DF1200802937E3604F111030093CDF8C3
:10ED80000C8001960CAB04F1270204F1370104F169
:10ED9000C70000F00FFCA8B10825284610B0BDE858
:10EDA000F081D4F8E030002BE0D00DF1300C03F10D
:10EDB000100E624618685968083303C273459446BA
:10EDC000F7D1D3E710223946404602F0A1FEC0B980
:10EDD000227D637B06A9069048609A4294BF009208
:10EDE0000093ADF8140004F14703D4F8F00005AA2D
:10EDF000FEF737F90028CFDB0121201DFFF78CFF3C
:10EE0000CBE70B25C9E70025C7E738B505460B4614
:10EE100004300D21FFF721FFA0B1DC68D5F8F030F8
:10EE20000220197A03F1700200F065FB80B12246DE
:10EE300000F12E0304F1100152F8040B8A4243F84A
:10EE4000040BF9D128460921FFF766FF002038BDE1
:10EE50000820FCE738B504210446E8F7CBFA05465C
:10EE600098B110210C30FDF7B6F904F1270304F135
:10EE7000370253F8041B934240F8041BF9D1204693
:10EE80002946E8F789FA002038BD0820FCE738B5A4
:10EE9000CD6804460B210430FFF71AFF2B4604F11E
:10EEA000170205F1100153F8040B8B4242F8040BD2
:10EEB000F9D1D4F8F030DB783BB920460421FFF7D4
:10EEC0002BFFBDE83840FFF7C5BF002038BD2DE956
:10EED000F04304468DB008AE10220021304602F007
:10EEE0000FFE237A052B1ED8DFE803F00603030686
:10EEF0001D21D4F8D8300893D4F8F03004F147023B
:10EF000004F1C707CDE9017204F1270803F17E027D
:10EF100004F13709009241464A46773304F19700DD
:10EF2000E9F762F998B108200DB0BDE8F083D4F894
:10EF3000E430002BE0D0354603F110072A4618686C
:10EF40005968083303C2BB421546F7D1D4E7D4F859
:10EF5000F03004AD03F17E027733019304F10A032C
:10EF6000029200934A46334641463846039500F0E4
:10EF700021FB0028D7D10D212046FFF7CDFE0D2122
:10EF8000E8F738FA07460028CDD010210C30FDF7FD
:10EF900022F92A460346154603CDB542186059604A
:10EFA0002A4603F10803F6D120463946E8F7F4F97A
:10EFB0000020B9E770B504460025D0F8F060031DC5
:10EFC000D3E8EF2FC3E8E15F0029F9D104F5DC7045
:10EFD00001F0D4F92572D4E8EF3FC4E8E25F002ADB
:10EFE000F9D1F3782BB92046BDE870400B21FFF72B
:10EFF00093BE70BD70B500F1700605460C46072241
:10F000003046096802F084FDB8B963681A682A6757
:10F010009A88A5F874209B7985F87630D5F8A030C9
:10F020005BB1A268934208D062681168C3F801100E
:10F030009188A3F805109279DA7170BD2DE9F84F27
:10F04000DDF82C80044692461F46BDF82890FFF755
:10F05000FDFD054600285CD0061DB9F1000F27D143
:10F060005AEA070324D103213046FFF7F6FDF8B131
:10F0700001213046FFF7F1FDD0B12C7D6B7B05F10E
:10F0800047019C4228BF1C462246404602F012FD22
:10F090000F2C06D84946C4F1100208EB040002F018
:10F0A0002FFD30460121FFF737FE0120BDE8F88F24
:10F0B000D4F8A03083B904F1700B5A462020217A8D
:10F0C000E9F728F8C4F8A00030B95A460120217A9F
:10F0D000E9F720F8C4F8A000B9F1000F0CD15AEA02
:10F0E000070709D1D4F8A01031B14B8A9B0603D58C
:10F0F0000C7C1E312246C8E70F213046FFF7ADFDDC
:10F1000020B1022206212046E5F71AFD2846FFF726
:10F1100051FF0020CAE76FF085007047F7B5C3784C
:10F120000446002B5ED1FFF791FD054600285CD018
:10F13000061D03213046FFF790FD20B16FF00F044C
:10F14000204603B0F0BD01213046FFF786FD0028C0
:10F15000F4D10F21201DFFF780FD28B1204603B018
:10F16000BDE8F040E8F726BCD4F8A00090B904F15F
:10F1700070073A462020217AE8F7CCFFC4F8A000B7
:10F1800040B93A460420217AE8F7C4FFC4F8A00049
:10F190000028E3D0438A13F0240FDFD0A27A022A9A
:10F1A00009D9417CC907D9D5032A04D09B06D5D5F6
:10F1B000037C102BD2D1037C00F11C02009300F1E0
:10F1C000140100F11E032046FDF74BFF0446002802
:10F1D000B6D128460B21FFF79FFD01213046FFF7EE
:10F1E0009BFDADE76FF01504AAE76FF07F04A7E77A
:10F1F000F8B5031D06460F4618460221FFF72DFD00
:10F20000044620B1B6F8E840B4FA84F46409032156
:10F210001846FFF722FD58B139463046E8F718FD89
:10F22000052194B1D6F8F000FDF7D5FE0020F8BD19
:10F2300001211846FFF711FD0028EDD10F211846D6
:10F24000FFF70BFD0028E7D1EAE73046E8F7D2F8F0
:10F25000054688B101210C30FCF7BDFF234607703D
:10F260002246294606F1F000FEF7CFF90028DDD04E
:10F270002846E3F7C9F8D9E76FF06800D7E770B51B
:10F2800004460820E8F73EF80546E8B1061D0821C7
:10F290003046FFF71DFD002C3CD00721FFF718FD7D
:10F2A000234605F1970204F1200153F8040B8B4229
:10F2B00042F8040BF9D10A213046FFF7CEFC70B1B9
:10F2C00009213046FFF728FD0720E8F71BF8044620
:10F2D00010B3E8F779F8F8B10821204617E01021BB
:10F2E0003046FFF7BAFC09210028EAD13046FFF783
:10F2F000B4FC0028E8D0D5F8F030DB78002BE3D15F
:10F300002846FFF7E4FD0028DED008212846FFF755
:10F310006FFFD9E70B21F9E770BD2DE9F0410E46EB
:10F320000446D0F8F080E7F7FDFFF768261D054694
:10F330000A213046FFF7DDFC38B16DB92046397837
:10F34000E8F786FC0020BDE8F0810B213046FFF78E
:10F35000D0FC0028F1D1F1E72B69002BEED040461C
:10F360009847EBE770B50446A0F1F00650F8C83BAB
:10F37000EC3CD3F8A05001F001F803212046FFF740
:10F380006CFCA0B108213046E8F762FC3DB16B8A05
:10F3900013B16B7C9B0702D5284600F0C0F83046BD
:10F3A000BDE870404FF4F872002102F0A9BB0121C2
:10F3B0002046FFF752FC0028E4D10F212046FFF73A
:10F3C0004CFC0028DED1E1E710B504460821A0F589
:10F3D000DC70E8F73DFCA4F5DA700421BDE81040CC
:10F3E000FFF79ABC70B50446FFF730FC05460028CD
:10F3F00075D0061D03213046FFF72FFC00286ED084
:10F40000D4F8A00008B100F08AF8207A04F1700165
:10F41000E8F740FEC4F8A00028B92846BDE87040CF
:10F420000821FFF7E5BE0E213046FFF716FC28B194
:10F43000D4F8A020537C43F0020353742B7A032B9F
:10F440000DD8002B4CD1D4F8A020537C23F02003FE
:10F450005374D4F8A020537C23F001030DE0053B46
:10F46000012BF0D8D4F8A020537C43F02003537430
:10F47000D4F8A020537C43F0010353742B7D697BA7
:10F48000D4F8A0208B4228BF0B46304613740521C8
:10F49000FFF7E3FBD4F8A020537C40B343F0100304
:10F4A0000D2130465374FFF7D8FBC0B12021D4F8AA
:10F4B000A00000F030F8D4F8A03005F147021E3368
:10F4C000573552F8041BAA4243F8041BF9D1002314
:10F4D000D4F8A02053619361D4F8A020938370BD29
:10F4E00005213046FFF7B9FB0028ACD0C0E723F078
:10F4F00010035374F3E770B504460D461646E8F75B
:10F5000009FE38B931462846E8F7C4FD10B1438AF0
:10F510001C43448270BD438A19434182704710B531
:10F52000037A04465B0701D5E3F7ECFF2046BDE80C
:10F5300010404422002102F0E3BA531E1944024451
:10F5400011F8013900F8013B9042F9D1704710B52C
:10F55000431E00F11002073013F8011F12F8014D8D
:10F5600083421C701170F7D110BDF0B50E461446E1
:10F570001D4697B00146202205A81C9FFFF7DDFF1E
:10F58000202231460DA8FFF7D8FF2146102201A8FE
:10F590008DF85450FFF7D1FF3B46412205A901A841
:10F5A000E8F7B8FE044610B93846FFF7D0FF20460A
:10F5B00017B0F0BD2DE9F04316461D4697B004463E
:10F5C000DDE91F98102205A8219FFFF7B6FF102242
:10F5D000314609A8FFF7B1FF102229460DA8FFF711
:10F5E000ACFF03221E9911A8FFF7A7FF494611F8A7
:10F5F000013BD9F801008DF847308B880622129024
:10F6000012A8ADF84C30FFF798FF414611F8013BC6
:10F6100006228DF84E30D8F801300DF14F00CDF8AC
:10F620004F308B88ADF85330FFF787FF214610220B
:10F6300001A8FFF782FF3B46412205A901A8E8F790
:10F6400069FE044610B93846FFF781FF204617B01F
:10F65000BDE8F0830C220369C9B202FB0133186CC8
:10F6600000F00700704770B50346C9B20069EFF3B8
:10F670001186202484F31288BFF36F8F0C2505FBBD
:10F680000104246C14F0C00401D0A24210D1012264
:10F6900005FB01000264002086F31188BFF36F8F21
:10F6A00028B95B6803EBC1035B689847002070BD15
:10F6B0004FF0FF30F0E78022FFF7D5BFF8B5069F87
:10F6C00005460469C9B2EFF3118C202080F312883B
:10F6D000BFF36F8F0C2606FB0146306C00F0070E5F
:10F6E000BEF1010F11D1376400268CF31188BFF3EE
:10F6F0006F8F46B90C2000FB0144C4E90E236B68F0
:10F7000053F8313098473046F8BD00F0C0008742CA
:10F710000CBF6FF077064FF0FF36E6E713B5802495
:10F720000094FFF7CBFF02B010BD10B41C24006999
:10F73000CBB204FB0300002110BC10471046F9F7C0
:10F7400087BA00F060B9F8F753B938B508461446DF
:10F75000EFF31185202383F31288BFF36F8F1146D7
:10F76000F8F79EFB85F31188BFF36F8F002808BF61
:10F77000204638BD08B50023FFF7E7FF00EAE07038
:10F7800008BDF8F773BB436800205B68DB680B605B
:10F790007047436802EA01005B6821EA0201586091
:10F7A000002099607047436800205B68596070478B
:10F7B000436800205B689960704743685B681A681B
:10F7C00021EA02001140586000209960704730B56E
:10F7D0000369586800B30024884219D108688CB9BD
:10F7E0009C685860A14200D19860002008602AB14E
:10F7F0005A680A609A68596002B9996000200FE05F
:10F800002846E9E720609868814208BF9C60ECE7E1
:10F8100005680446002DF3D1002AE9D16FF01500E8
:10F8200030BDF8F7C9BC30B543681360057A446849
:10F8300004EBC504A34202D36FF0010030BD5C7934
:10F8400008338C42F1D10020F8E743681B68D3F8F5
:10F850003031704743681B68D3F88004C3F88004D4
:10F86000704742681368D3F84C0150B10020926A87
:10F8700012780A70C3F84C01D3F84C2101229A6225
:10F8800070474FF0FF30704713B501AA0446FFF7E9
:10F89000CAFF002805DB019B226819791868F7F771
:10F8A00099FD02B010BD38B5054600220121C620E1
:10F8B000E2F758F9C620E2F725F96C680121E06803
:10F8C000FFF7E2FF6B6819686369C1F82435E28BC2
:10F8D000A38BA07E1343228C1343628C1343627E5E
:10F8E0009BB20243207E02431343C1F86C35696822
:10F8F0000B68D3F8002242F48022C3F800220822C9
:10F90000C3F800254A6A0121C3F83C270022C3F846
:10F9100040271965D3F830110029FBD0C3F8002522
:10F920006D680021E8682C68FFF7AEFF0823C4F873
:10F9300000352A7A52B9AB6AC4F804370123C4F8F7
:10F940000837C4F84C21D4F84C21A362002038BDFC
:10F9500008B50220F7F7FEFA002008BD08B5F8F751
:10F960003DFD08BD03460020184700F085BA024659
:10F9700010B5116891B1B1FA81F3C3F11F000123F1
:10F98000834021EA0303D2E8EF4F8C4204D1C2E85E
:10F99000EC3FBCF1000FF6D1EBD110BD6FF00B00C6
:10F9A000FBE710B50368CB40DB0710D401238B4085
:10F9B000026843EA0201D0E8EF4F944204D1C0E864
:10F9C000EC1FBCF1000FF6D1F2D1002010BD6FF09A
:10F9D0001500FBE7F7F7A8BF10B1012802D0704768
:10F9E000F8F706B8F8F7B4B818B1012803D100F059
:10F9F0000CB800F008B8704708B5F8F7DDF8BDE8B6
:10FA00000840F8F735B8F7F7C7BFF8F769B8F7B5A2
:10FA10001646DDE90847019001A81D46F8F782FA6D
:10FA2000019BB6F1000C18BF4FF0010C00EB8300F6
:10FA30000B1E18BF0123002D43EA4C030CBF4FF0EF
:10FA4000000C4FF00C0C002C43EA0C030CBF4FF0E1
:10FA5000000C4FF4706C002F43EA0C030CBF4FF006
:10FA6000000C4FF4403CD0F8802043EA0C0322EA1B
:10FA7000030301B109780EB13678760019430DB150
:10FA80002D78AD0031430CB12478240229430FB105
:10FA90003F783F040C433C43C0F8804003B0F0BDC6
:10FAA0001FB50DF10F03019300238DF80F101A46B7
:10FAB00019460093FFF7ABFF05B05DF804FB10B5E6
:10FAC00004460846F8F73EFA04EB4004207DC0F3F4
:10FAD000401010BD10B504460846F8F733FA04EBA1
:10FAE0004004207DC0F3400010BD10B50446084618
:10FAF000F8F728FA04EB4004A08A400B10BD70B55B
:10FB0000044608461646F8F71DFA083034F8103057
:10FB10000D46DA0509D5C3F3432304EBC30231468E
:10FB2000284654F8333052689847A3682BB13146C1
:10FB30002846E268BDE87040184770BD10B504461D
:10FB40000846F8F7FFF904EB4000838ADA051DD573
:10FB5000C3F3432123F4F853838204F1120204F126
:10FB6000580032F8023F13F4807F03D0C3F34323DD
:10FB700099420BD08242F4D1002204EBC1035A60B7
:10FB800004F16000BDE81040FFF70BBF10BDF0B5F9
:10FB90000446002001270546844695420AD1D4F840
:10FBA000443133B10023C4F84431D4F8443140F433
:10FBB0000030F0BDEBB29B0003F580769B0807FA9E
:10FBC00003F3194208D054F806E0BEF1000F03D049
:10FBD00044F806C0A65918430135DEE738B5044697
:10FBE0000D46FFF76CFFA8B12046FFF773FF88B9F9
:10FBF0002046FFF77AFF012322688340C2F81833BA
:10FC0000236803EB8000D0F8103523F00303C0F81D
:10FC1000103538BD2846BDE838400021FFF740BF09
:10FC20002DE9F0431746044685B00846F8F78AF9EF
:10FC3000D7F800800E460546B8F1000F1ED02046CA
:10FC4000FFF748FF18B12046FFF739FF20BB00231C
:10FC50000DF10F02CDE900338DF80E308DF80F3025
:10FC6000304643460DF10E01FFF7D1FE04EB45028D
:10FC7000938A23F0020343F0010393827B689BB3D2
:10FC80003146204693F80080D3F80490FFF722FF16
:10FC900028B1B9F1000F1FD06FF0150027E004EB79
:10FCA0004500838A23F4604323F020038382B9F163
:10FCB000000F11D0B8F1030FEED87B6821685B68A4
:10FCC00093F800C04FEA8C031944B8F1000F11D12A
:10FCD000C1F81085C1F8108504EB4502938A23F022
:10FCE0001C0343EA88039382BB684BBB002005B02A
:10FCF000BDE8F083D1F8102522F00302C1F81025E9
:10FD000022681344D3F8102522F4473222F47C727F
:10FD1000C3F8102541F6F072D3F8101502EA061266
:10FD200042EA08420A43C3F8102504EB4C03A3F847
:10FD30006460838A43EA4C3343F020038382CBE739
:10FD40003146D3E900782046FFF7F8FE002FCDD0EA
:10FD500063689F4206D004F16000FFF708FE0028A8
:10FD600004DAC4E7A3689845F5D1002004EBC0038A
:10FD7000C3E9017804EB4505AB8AC0B243EA4023EE
:10FD800043F48073AB82B1E7C0E90312704770B5EA
:10FD900004461546FFF793FE48B10846F8F7D2F837
:10FDA00004EB40040020A38A5B0B2B7070BD6FF046
:10FDB0001500FBE790F87400003818BF0120704769
:10FDC000F8F7F6B82DE9F34104461746FFF777FE3A
:10FDD0000D462668F0B12046FFF77CFE8046C8B984
:10FDE0002046FFF782FE820002F5807346F803800A
:10FDF000F35823681344D3F8102542F00102C3F8E6
:10FE0000102527B1012322688340C2F8143302B0C1
:10FE1000BDE8F081D6F8143328469B035CBF4FF44D
:10FE20000033C6F81433F8F78DF804EB4004A38AC6
:10FE3000C3F38203042B11D0052B11D001A8019527
:10FE4000F8F770F8019BC168D94001F00101023157
:10FE5000284602B0BDE8F041FFF722BE0321F7E7D4
:10FE60000221F5E7FFF7BABE08B5FAF763F90028F3
:10FE700018BF6FF0040008BD08B1E2F783BB7047FC
:10FE800010B5436904463BB90020E268404253780C
:10FE900043F00103537010BD98470028F4D00028A8
:10FEA000B8BF4042FF28A8BFFF20E3681870ECE706
:10FEB00040B1C368587810F001001EBF1878B0FA3E
:10FEC00080F040097047EFF31183202383F31288F9
:10FED000BFF36F8FFEE708B5FFF7F5FF10B400F131
:10FEE0000C04C0E9034410BCFBF7E8BE38B5044677
:10FEF000EFF31185202383F31288BFF36F8FFBF795
:10FF0000E6FD04F10C0000F012FB30B1294604F1CB
:10FF10001400BDE8384000F0F0BA85F31188BFF353
:10FF20006F8F38BD10B542696AB1836842EA030138
:10FF3000890708D10169A2FB011424B95B182CBF01
:10FF40000121002102D36FF0150005E0C1609B1A6A
:10FF500002698A4201D8002010BDC26801311A60CE
:10FF60004269C3609B1AF3E72DE9F04105460F464D
:10FF7000EFF31188202383F31288BFF36F8FC668D5
:10FF8000F6B90468A0421BD0D4B1D4E900321360A2
:10FF90005A60237CC4E9006623F002032374A66040
:10FFA00004F1180000F047FB2046A667676100F0E7
:10FFB00071FA414605F10800BDE8F04100F09DBA34
:10FFC0003E60AB69EF60013BAB6188F31188BFF322
:10FFD0006F8FBDE8F081202408B5EFF3118384F31F
:10FFE0001288BFF36F8FFCF741F8F6E790F90E30F7
:10FFF0008B4201D0F9F750BA002070470346002029
:020000022000DC
:10000000C3E90033C3E902007047D0E9003213604E
:100010005A600023027CC0E9003322F0020202741D
:10002000836070472DE9F843904604460D469DF8DD
:100030002020EFF31187202181F31288BFF36F8F07
:1000400002B14568A66804F10809B14515D0A6B10A
:1000500000243046FFF7D9FF06F1180000F0EBFA54
:100060003046B467C6F8148000F014FA48463946A2
:1000700000F043FA2046BDE8F883A3B10820F9F761
:10008000D9FD002832D00122C0F804800260016846
:1000900001F003015DB922680A43026062682060D2
:1000A0006AB960600BE04046C8F80030EFE72A68A4
:1000B000032A10D80160616839B9C4E90000002042
:1000C00087F31188BFF36F8FD5E70A6802F0030248
:1000D00002430A60E5E722F003020A4302602A684D
:1000E00002F0030240EA02032B60E8E76FF00B0026
:1000F000E6E710B5044630B10268930703D04468C0
:1001000009B100F031FB204610BD0023C0E90033E7
:1001100000F10803C0E90233704770B5EFF31185B1
:10012000202383F31288BFF36F8F846800F10806E1
:10013000A64213D094B12046FFF767FF04F11800E0
:1001400000F079FA00232046A367636100F0A2F96A
:1001500029463046BDE8704000F0CFB985F31188DC
:10016000BFF36F8F70BD012307B5009300230A46CC
:100170001946FFF757FF03B05DF804FB002307B5EE
:100180000A4600931946FFF74DFF03B05DF804FBE4
:1001900000210068FFF7ADBF3AB18A4205D3C0E93C
:1001A0000212C0E90000002070476FF01500704790
:1001B000012302688B4022EA0303036022FA01F064
:1001C00000F001007047704710B5032104460C3061
:1001D000FFF7EEFF30B104F1100000F02CFAB0FA96
:1001E00080F0400910BD20B100228C30114600F093
:1001F000E9B9704770B5C3680446C3F340069B076E
:1002000016D4856802210C30FFF7D2FF80B1D5F8F3
:1002100084206AB194421DD122689EB9D5F88830F5
:10022000C5F884209C4201D1C5F8882000232360B2
:10023000E36813F01F001EBF43F00203E36040F0C9
:10024000020070BD3260D5F88820944208BFC5F81E
:100250008860EBE716461268DBE773B50446EFF3F8
:100260001185202383F31288BFF36F8F002301933E
:10027000D0E90423B3F1004F08BF012A05D085F36C
:100280001188BFF36F8F02B070BDA0F1100603217B
:100290000438FFF78DFF0028F1D0A369304601A98B
:1002A0000193F8F713FEEAE738B504460D4610222D
:1002B000002101F025FC656038BDEFF31183202299
:1002C00082F31288BFF36F8FC06800F01F0083F3C2
:1002D0001188BFF36F8F704713B501900846EFF395
:1002E0001184202383F31288BFF36F8F01A9F8F7DD
:1002F000EDFD84F31188BFF36F8F02B010BD10B510
:10030000FFF7EAFF041E08DDEFF31180202383F3DB
:100310001288BFF36F8FF9F72BF9204610BD70B527
:100320000D46EFF31186202383F31288BFF36F8FFE
:10033000F8F71EFE044686F31188BFF36F8F38B1BD
:100340004FF0FF324FF0FF3305F11000F8F7B4FC27
:10035000204670BD08B5A022002101F0D1FB08BDE8
:1003600038B530220D460021044601F0C9FB4FF498
:1003700080736560E36038BDFFF79FBF38B5044602
:10038000EFF31185202383F31288BFF36F8FFFF7FC
:100390001BFF2046FFF72EFF85F31188BFF36F8FF9
:1003A00038BDF8B504460D46EFF31187202383F3DB
:1003B0001288BFF36F8FC36803F01F03002B14BFB5
:1003C0000126002609D0FFF7FFFE2046FFF712FFA7
:1003D00029462046F8F75CFD034687F31188BFF3F2
:1003E0006F8F3BB14FF0FF324FF0FF3305F1080044
:1003F000F8F762FC3046F8BDD0E9003213605A606D
:100400000023027CC0E9003322F002020274836000
:100410007047EFF30580003818BF012070476FF078
:1004200057007047D0E9003213605A600023C0E9DA
:100430000033704708B5FFF7F5FF037C23F0020394
:1004400003740023836008BD38B504460D46F8F7F1
:100450007FFF237C43F002032374D5B1A5602B6892
:100460009D4209D16B68C4E900531C606C6010E0C8
:100470006A689A42F6D01B68002BF3D093F90E10ED
:1004800094F90E209142F3DD5A68C4E900321460F9
:100490005C6038BD10B5EFF31184202383F312881C
:1004A000BFF36F8FF8F714FF84F31188BFF36F8FDA
:1004B00010BD08B5037C014613F0280F0CD18368EA
:1004C0000BB1FFF7B7FF0B7C084623F004030B7456
:1004D000BDE80840F8F7FCBE08BD10B5EFF3118485
:1004E000202383F31288BFF36F8F1838FFF7E1FFE3
:1004F00084F31188BFF36F8F10BD0846F8F760BF13
:1005000038B5054604680020AC4200D138BD002C47
:10051000FCD02046FFF78EFF04F1180000F08BF8A6
:100520002046F8F7D5FE2C680120A542EDE710B56E
:10053000EFF31184202383F31288BFF36F8FFFF74B
:10054000DFFF84F31188BFF36F8F10BD70B50646CF
:100550000D46F9F7A9F8B5F1FF3F08BFB6F1FF3F27
:1005600004460CD047F6112000214FF47A7547F667
:1005700012220023E4FB0501DFF782FF70BD4FF07C
:10058000FF30FBE738B50446EFF31185202383F3F2
:100590001288BFF36F8F037C5B070ED5183000F015
:1005A0004AF8237C204623F004032374F8F790FED6
:1005B0002846BDE83840F8F703BF85F31188BFF33C
:1005C0006F8F38BD38B5EFF31185202383F3128880
:1005D000BFF36F8F0468A04212D09CB1A167626123
:1005E0002046FFF727FF04F1180000F024F820460A
:1005F000F8F76EFE012085F31188BFF36F8F38BDC9
:100600000020F8E72046F6E708B50246F9F7BEF9FC
:1006100070B1D0E904319B1A61EBE272B3F1004F83
:1006200072F1000104DA002AACBF1846002008BDB0
:100630006FF00040FBE7024638B5EFF31185202349
:1006400083F31288BFF36F8F0368D3B1F9F79EF974
:1006500004461046F9F7ACF900224FF000438442FB
:10066000C0E9042305D0002085F31188BFF36F8F04
:1006700038BDF9F793F9FFF7C7FF0021F7F740F806
:10068000F1E7D0E90413B3F1004F08BF012904D109
:1006900000204FF00041C2E904016FF01500E3E7CC
:1006A00008B5F9F78DFA08BDF9F78ABAB3F1FF3F3B
:1006B00008BFB2F1FF3F70B506461D46144614D080
:1006C0001A4316D0002B08DBF9F77AFA041941EB2C
:1006D0000501C6E90041304670BD6FF001031C1BE7
:1006E0004FF0FF3363EB0501F3E74FF0FF34214692
:1006F000EFE70024FBE7B3F1FF3F08BFB2F1FF3F94
:10070000F8B5074616461C4610D054EA020311D02D
:10071000F9F756FAB0420A46A14103460AD2F31A43
:1007200064EB0204C7E900343846F8BD4FF0FF33EC
:100730001C46F7E70023FBE7043270B504460ED2EF
:10074000EFF31185202686F31288BFF36F8F41F0F7
:100750000401984785F31188BFF36F8F08B9002013
:1007600070BD40F8044BFBE720B1011F50F8040CAA
:10077000FFF7BCBB704700F4E040B0F5805F04D0E9
:10078000A0F50053584258417047012070473AB1D4
:10079000002918BF00232121D21A184401F0B0B952
:1007A000704738B513464FF480420D46F9F7C2FB47
:1007B000044640B9286843681B0A04D000F0B6FC20
:1007C0002C606FF08504204638BD2DE9F04F9B4624
:1007D000002389B08DF81B30159B9146DDE912A7E7
:1007E000002B0E460B460CBF4FF400624FF48062A4
:1007F00007A9DDF85080F9F79DFB0446F0B9079D85
:10080000304629880DF11B02F9F7FEFB0446A8B912
:100810009DF81B30BB4223D868686A6E000A05F158
:10082000200120D1CDE9033828463346CDE901BA6D
:10083000CDF8009000F0D9FC044608B1C8F800706B
:100840003A4621465046D8F80030FFF7A0FF0798F7
:1008500000F06CFC002C18BF204609B0BDE8F08FFA
:100860006FF08904EAE76FF08604E7E72DE9F341CA
:10087000D0F804804769044640460E4600F058FC14
:10088000054660BB5FFA88F31BB93FB16FF0860580
:1008900025E06FF04043013F9F42F7D2A06820F46B
:1008A0007F4020F003000028F0D14FF6F8736288F3
:1008B0009A4218D8277907B901A83146F9F7CEFC32
:1008C000054660B90FCCD6F800C066460FC694E85E
:1008D000030086E8030017B9019BCCF814302846C2
:1008E00002B0BDE8F0816FF08505F8E740F67E7351
:1008F00000F6FF729A4243D9434213F07F0306D0B9
:10090000202BC3F1000015D16FF08500704710F166
:10091000920F0FDA10F5994F2AD02CDC10F5C54F45
:1009200026D010F5C14FEFD010F5C74F23D16FF08F
:100930009600704710F11F0F15DA10F13D0F1DD012
:1009400010F13C0F07DA10F1400F14BF6FF0830075
:100950006FF09300704710F1220F14BF6FF0830007
:100960006FF085007047002818BF6FF08300704754
:100970006FF0860070476FF0830070476FF0930050
:10098000704741F2052398421AD8B0F5905F09D21A
:1009900041F2010398420CD0B0F5885F09D06FF0A6
:1009A000850070472923A0F5905080B2C340DB0733
:1009B000F5D511F0070F14BF6FF0860000207047C7
:1009C000B0F5105FEBD121F04003802B06D0B1F5DC
:1009D000807F14BF6FF086000020704700207047B2
:1009E000F8B504460F461E461546008892B1FFF73B
:1009F000C2FE78B1089BD10019602088FFF7C1FFC3
:100A0000044628B93946304601F054F8079B1D606A
:100A10002046F8BD6FF08504FAE710B5436E044632
:100A20001BB141212030F9F771FF0020606610BD35
:100A300038B50446FFF7F1FF237E012B0FD0023BB0
:100A4000012B0FD8E369012B14BF6FF09605002529
:100A500068220021204601F053F8284638BDE3699A
:100A6000002BF1E76FF09605F2E708B1FFF7E0BF62
:100A7000704713B5A0B101A9F9F738FC80B9019806
:100A8000037E022B0ED1032303760379FF2B0CBFC9
:100A90006FF08404002400F034FB002808BF2046D7
:100AA00002B010BD6FF09604F5E770B514460288E9
:100AB0001D461046049EFFF75EFE68B944F201032E
:100AC00022F44050984207D002F44F42B2F5824FD0
:100AD00002D0B2F5844F0ED1B4420FD82246284638
:100AE00000F0E8FF0021321B281901F009F800206E
:100AF000059B1C6070BD6FF08500FBE76FF08900FF
:100B0000F8E72DE9FF4188461F46164612B3002339
:100B100001223B6003A9F9F70DFA044698B9039D39
:100B20006B686A6E1B0A05F1200110D14346284606
:100B3000CDE90067FFF7B9FF0446284600F0F6FA52
:100B4000002C08BF0446204604B0BDE8F0816FF0D9
:100B50008604F2E76FF08904F5E770B51446028861
:100B6000049D02F4E040B0F5804F1CD144F2010036
:100B700022F44056864207D002F44F42B2F5824F2B
:100B800002D0B2F5844F0ED1AC420FD8184622469F
:100B900000F090FF00212A1B204400F0B1FF00204C
:100BA000059B1C6070BD6FF08500FBE76FF089004E
:100BB000F8E7F0B50F461E46154685B002B3002390
:100BC00003A91A463360F9F7B5F9044690B90398BA
:100BD00003885B0411D5CDE900563B46426E00F117
:100BE000200100F0B1FA0446039800F09FFA002CAF
:100BF00008BF0446204605B0F0BD6FF08604F3E759
:100C00006FF08904F6E72DE9F04F9846002389B08C
:100C10000646894615460693C8F80030002A6DD06E
:100C2000B2F1005F6DD206A9FFF720FE044650B96D
:100C3000069FD7F864A0BAF1000F0FD173681B0AA2
:100C400005D06FF086040698FFF70FFF52E0412DA4
:100C500002D96FF08504F6E7AA467D6672687B8844
:100C6000120A079307F1200307F16407E9D10DF198
:100C70001C0B2A4649463046CDE9017BCDF800A041
:100C8000059300F0E5FA10F1860F0446059B09D1A3
:100C90002A4649463046CDE9017BCDF800A0FFF752
:100CA0009FFE0446002CCED10699079B4A88E2B9E4
:100CB0004B804FF6F873079A9A42CAD83388069A3F
:100CC00013B111889942BCD1738813B151889942EC
:100CD000B7D15369C8F80030137E012B08D0002328
:100CE0006FF09604C8F80030ADE79A42A9D1E0E76A
:100CF00002231376204609B0BDE8F08F6FF086041A
:100D0000F8E76FF08504F5E710B50446006858B1C0
:100D100001280AD104F10800F9F740FB0023236001
:100D2000A3886FF30803A38010BD6FF08600F5E77A
:100D30002DE9F043984600230C46016885B005462E
:100D400017460393002941D100F108094022484683
:100D500000F0D6FEB8F1000F20463B460CBF4FF422
:100D600000624FF4806203A9F9F7E4F8044678BB07
:100D7000039C384621882A1DF9F746F9064660BBD0
:100D80006B7904F1200268F300036B716168636E94
:100D9000090AB8F1000F12D009BB21464846009756
:100DA00000F010FA044698B901232B60039800F074
:100DB000BDF9002E18BF304605B0BDE8F08371B90B
:100DC00021464846009700F000FAEBE76FF08804F0
:100DD0002846FFF799FF2646E8E70446F8E76FF054
:100DE0008604F5E70123FFF7A3BF38B50546006881
:100DF00098B112B90024204638BD01280AD105F166
:100E00000800F9F725FB04460028F3D02846FFF731
:100E10007BFFF0E76FF08604F8E76FF08804EAE7FD
:100E20002DE9F041054600680F461646984610B376
:100E30006A79D2071FD52A79EAB1B2421ED80128B1
:100E40001FD105F1080000F0C3F9044618B10023D2
:100E5000C8F800602B7137B1324621463846D8F8C1
:100E60000030FFF794FC2846FFF74EFF002C18BF18
:100E70002046BDE8F0816FF08804E8E76FF0890450
:100E8000E5E76FF08604E2E71FB501240394089CB0
:100E90000294079C0194069C0094FFF796FC04B012
:100EA00010BD03681943B1FA81F0400970472DE97C
:100EB000F04705469A46002386B0059305F0FE43A9
:100EC000B3F1106F0846DDE90E679146DDF840800A
:100ED00034D12A4605A9FFF764FC044680BB059976
:100EE000088820F0FF00B0F5E24F02D0B0F5E44FE3
:100EF00004D14B880733B7EBD30F24D353464A466C
:100F00002846CDE901780096F8F7DCFF044666B97B
:100F10000023C8F80030059800F008F9002C08BF3D
:100F20000446204606B0BDE8F0870028F3D03946D5
:100F30003046F8F7ABFFC8F80070ECE76FF08604B6
:100F4000002EE5D0F3E76FF08904F9E7F8F79EBFCC
:100F500008B50088DDE90221FFF70DFC20B1BDE8EE
:100F600008401046F8F792BF6FF0850008BD2DE9E4
:100F7000F04F1F46002389B0DDF848900693C9F86A
:100F80000030438805460E469046002B00F0B280A4
:100F9000038803F4E043B3F5804F00F0AB8039469B
:100FA0003046FFF77EFF002800F0A480284606A9FF
:100FB000FFF75CFC0446002851D1069BD3F864A0DF
:100FC000BAF1000F21D16B681B0A66D12A886988A3
:100FD0001046FFF7D0FB00283AD01046FFF7D1FCAF
:100FE000044600283BD147F201039A424ED14C08F7
:100FF0000134E40804EBC4043B340794DDE9063A09
:10100000BAF1410F29D8C3F864A06A6803F1200B34
:10101000120A03F1640367D12A88510445D4CDE94B
:1010200001A342463B4631462846CDF800B0FFF7C3
:101030008FFF0446002C59D1069B5A69C9F800203D
:101040001A7E012A4AD0C9F800406FF0960406E0E3
:1010500002F44F43B3F5824F05D06FF08504069834
:10106000FFF703FD3CE002F4E043B3F5E04FF4D1B9
:1010700047F201039A42BAD0CC1D22F0FF02E408E5
:10108000B2F5824F04BF64000134B6E744F20103B5
:101090009A42F1D1CC081034AFE7284607A900F0F6
:1010A0004EF804460028A9D0D9E702F44F41B1F523
:1010B000824FB4D147F212118A42B0D16A88B2F598
:1010C000807FACD1524659462846059300F01FF95F
:1010D00010F1860F0446059BACD1A0E702221A76D8
:1010E000204609B0BDE8F08F6FF086040698FFF740
:1010F00094FCB4E76FF08604F2E71822002100F0B8
:10110000FFBC034668B1017E8A1E012A0BD8032961
:10111000C26903D1012A01D1FFF78ABC1AB1013A91
:10112000DA61002070476FF096007047FFF7E9BF63
:10113000C0B2002814BF6FF0850000207047002364
:101140006FF086000B6070472DE9F347476804464F
:10115000DDE90A9A3F0A0D461646984611D1CDE9B7
:10116000009A00F0ADF810F1860F0CD143463246DC
:1011700029462046CDE90A9A02B0BDE8F047FFF7BC
:10118000ECBC6FF0860002B0BDE8F08773B50026B6
:1011900015461C460DF106020DF107038DF8076098
:1011A000F9F7BAF858B99DF8070004B1207029463C
:1011B0009DF8062002B0BDE87040F9F7B3BB304699
:1011C00002B070BD009BF9F703B9009BF9F700B9B5
:1011D00038B51C460368154623B1F9F7BDF800B9C8
:1011E000256038BD6FF08800FBE72DE9F04104462B
:1011F0000D461E4690B0402200216846DDF85C8016
:10120000199F00F07DFC214633462A466846F9F7CF
:10121000DFF8044648B9B8F1000F0DD13A466846E8
:101220001899F9F799F8044678B16846F9F7B6F8CD
:10123000204610B0BDE8F081424668461699F9F79D
:1012400007F904460028E9D0EFE71A9B1F60ECE796
:10125000F8B5089F1E463B68144633F480720D466D
:101260002BD144F2121102888A4213D1412C03D0AF
:101270001BB36FF08600F8BD681C00F046FA00282A
:10128000F7D14FF480733B60069B9C420CD96FF002
:101290008900F0E747F212118A420ED1202CE7D1E3
:1012A000284600F040FAEAE722462946304600F098
:1012B00001FC079B00201C60DDE76FF08500DAE78A
:1012C00070B50446268864881846DDE90435B4F50F
:1012D000807F13D147F21214A6420FD1202A10D1D9
:1012E000402B11D9042300F8013BF9F7D7FA08B9CC
:1012F00041232B60BDE87040F9F7BEB86FF0850060
:1013000070BD6FF08600FBE76FF08900F8E730B53D
:10131000202A084614461D4691B009D16946F9F7BE
:101320006FFA00B92C6011B0BDE83040F9F7A4B8ED
:101330006FF0890011B030BD70B51446DDE90603C9
:10134000DDE90426202C089D0CD1412E0AD11F2B4B
:101350000BD90132F9F776FA00B92C60BDE870407C
:10136000F9F78AB86FF0860070BD6FF08900FBE76F
:1013700040F8041B1C22002100F0C2BBF0B5002481
:1013800005462646204652F8247051F82430DB19D1
:1013900046EB06071B1845F8243004F1010447F119
:1013A0000000082CEFD1F0BD002370B506461846AA
:1013B00052F8235051F82340641B65EB0505241AAD
:1013C00046F8234003F1010365F10005082BC5F140
:1013D0000000EDD170BD70B504395642041F013ACA
:1013E0001C3054F8043F51F8045F134035402B4340
:1013F00084422360F5D170BD002330B50446184601
:1014000054F8232051F8235001336A40082B40EA56
:101410000200F5D130BD70B504460568002016689D
:101420000346E1FB6653256056686568E1FB665339
:1014300065609668A568E1FB6653A560D668E568B7
:10144000E1FB6653E56016692569E1FB665325619A
:1014500056696569E1FB665365619669A569E1FBBB
:101460006653A561D569E269E1FB6523E261226A01
:101470009B182362404170BD10B50438A1F12002D1
:101480004B7F0C7F1B0443EA0463CC7F0439234366
:1014900091F822408A4243EA042340F8043FEFD106
:1014A00010BD0B1F1C3153F8042F0438120E80F8A6
:1014B00020205A888B4280F821201A684FEA122295
:1014C00080F822201A6880F82320ECD1704770B58C
:1014D00088B01E460446FFF751FF324605462146B6
:1014E0006846FFF761FFC0F10102694620462A43C2
:1014F000FFF771FF08B070BD2DE9F04F8BB00D46BE
:10150000064691460021242201A81F46D3F840A098
:1015100000F0F6FAA5F1040B1C355BF8041FD9F8AE
:101520000020019B01A802FB01334A460AFB03F895
:10153000FFF771FF3A460446414601A8FFF76BFFEB
:101540002022044402A901A800F0C1FA5D450994D3
:10155000E3D13A4601A93046FFF726FFC0F1010268
:1015600022433046C2F10102FFF735FF0BB0BDE860
:10157000F08F0B4601F120020146FFF7BDBF30B5E9
:1015800004460D4689B068460121FFF7F1FE2B465F
:101590006A4621462046FFF7AFFF09B030BD38B597
:1015A00004461546FFF7E4FE29462046BDE83840CC
:1015B000FFF7DFBF2DE9F04314460646274689B002
:1015C00001226846FFF707FF224601213046FFF758
:1015D000E6FF256804F11C09023D4FF02008EB07E7
:1015E00005D523466A4631463046FFF785FF234638
:1015F0006A4669466846FFF77FFFB8F101084FEA7F
:101600005505ECD14F4502D057F8045FE5E709B026
:10161000BDE8F08330B51546044689B0012268461E
:10162000FFF7D9FE29466846FFF7A9FF694620461D
:10163000FFF737FF09B030BDF0B516461F46044628
:101640000D4699B011466846F8F722FF32466946C2
:1016500008A8F8F71DFF3A4669466846F8F718FFEC
:1016600008A908461E9AF8F713FF224669466846FD
:10167000F8F756FF08A92A460846F8F751FF6A46C8
:1016800031463046F8F704FF6A46694610A8F8F775
:10169000FFFE6A46684610A9F8F7FAFE10A922462E
:1016A0000846F8F7F5FE08AA11462046F8F7F0FEBE
:1016B0002146204610AAF8F733FF2146204610AAFB
:1016C000F8F72EFF6A4621462046F8F729FF10A9B1
:1016D00022460846F8F724FF10A9084608AAF8F79A
:1016E000D7FE2A4669466846F8F7D2FE6A4628467B
:1016F00010A9F8F715FF19B0F0BD08B5FFF726FCE3
:10170000003818BF0120404208BD00B591B0024624
:1017100008A96846F8F718FF002818BF6FF0010005
:1017200011B05DF804FB10B588B001466846F8F7C3
:10173000D7FE044620216846F9F7E8F8002C0CBFD4
:1017400020466FF0020008B010BD10B5044608B185
:10175000F9F7DCF82046BDE81040F9F7D1B83C2293
:10176000002100F0CDB910B5044600F09DF92046E7
:10177000BDE81040F9F7C4B810B54FF48C710120E2
:10178000F9F7B8F8044608B100F089F9204610BD11
:10179000F9F77EBAF9F7B2B9F9F7FCBA38B50546E8
:1017A00018B96FF08604204638BD0468002CF8D0C4
:1017B0000029F6D00123F9F70FF904460028F2D1E9
:1017C0002B68002BEDD09B79023B022BE9D824211A
:1017D0000120F9F78FF820B11021A863F9F796F8E6
:1017E000E1E76FF08C04DEE72DE9F04F0F46164677
:1017F000804685B0002879D00368002B76D0002978
:1018000074D0846B002C71D01D79206A05F01F05FF
:10181000F8B12A1AB2421CD21030204400F04AF922
:10182000002304F11002191DA9422CD923441A1BCC
:10183000954231D803AB00932A46234621464046C1
:10184000F9F7FAF8E0B9236A2062EA1A3344174438
:101850005E1B05F1FF39B144B9FBF5F94FF0010A00
:101860000DF10C0BCA4538D34EB1206A3246103008
:101870003946204400F01EF9236A334423620020D5
:1018800005B0BDE8F08F52F8100C136804324340E5
:1018900042F8143C0B46C6E71A7C19784A4003F814
:1018A000012BC4E7FA58E0584240E2500B46191D9C
:1018B0008D4204EB0302F5D2AB4210D323462A46F5
:1018C00021464046CDF800B0F9F7B6F80028D7D148
:1018D000761B2F440AF1010AC4E70023E7E7F85C0E
:1018E00011780133414002F8011BE5E76FF08600F3
:1018F000C6E72DE9F04F93B006460391002800F0AB
:10190000CB800368002B00F0C780856B002D00F0B2
:10191000C380002900F0C08006AF102138460DF1C9
:1019200028081C790DF13809F8F7F0FF102140461E
:10193000F8F7ECFF10214846F8F7E8FF326804F0AA
:101940001F0492B392F804A00AF01F0A0DF1140BC1
:101950004B46524649463046CDF800B0F9F76CF890
:1019600050B9BAF1100F07D149463846F9F7A4F833
:1019700039464046F9F7A0F810214846F8F7C6FF67
:101980002B6A05F1100AA34211D33846CC46002237
:10199000111DA14265D9A2421ED21AF80210B85CEC
:1019A000414009F802100132F5E79246CEE7484679
:1019B000CC46002293423ED91AF8021001329442DA
:1019C0000CF8011BF6D8C4460022111DA14237D9DC
:1019D00009EB0201A2423BD348460022A5F1040CC8
:1019E000111DA14246D9A918A2424CD330462B461C
:1019F00022462946CDF800B0F9F71EF8064620B970
:101A000022462946039800F055F810213846F8F789
:101A10007DFF10214046F8F779FF00231021504642
:101A20002B62F8F773FF10212846F8F76FFF304656
:101A300013B0BDE8F08F0CBF01210021C901BDE743
:101A400002685CF8043B5A4040F8042B0A46BCE7A5
:101A5000087818F802C0013280EA0C0001F8010B86
:101A6000B8E76A1850F8043BD2685A404CF8042B87
:101A70000A468DE75CF8012050F8043B5A404CF8C8
:101A800001200A46ACE719F802C00878013280EA62
:101A90000C0001F8010BA7E76FF08606C7E74FF4CB
:101AA0008C72002100F02CB818B14FF48C71F8F74B
:101AB0002DBF70470A44431E914200D1704710B5B4
:101AC00011F8014B914203F8014FF9D110BD884242
:101AD00010B501EB020402D98442234607D8431E05
:101AE000A14207D011F8012B03F8012FF8E70244B7
:101AF000824200D110BD13F8011D02F8011DF7E765
:101B000002440346934200D1704703F8011BF9E7F2
:101B10000139024410B5904201D1002005E003785C
:101B200011F8014FA34201D0181B10BD0130F2E79C
:101B30000246014410B58A42134603D01C78013294
:101B4000002CF8D1181A10BDF0B5C3F137070446C0
:101B500003F01F031046FFB2082BE6B232D0102B61
:101B60003DD06508A40845EAC17544EA81748A0835
:101B70002D1942EB5102290941EA02716D1842EB1D
:101B80001212290A41EA02616D1842EB1222290C55
:101B900041EA02416D1842EB1242AD1842F10002D7
:101BA000EC0844EA4274D10804EB8402A6EB420537
:101BB000EDB2092D0CD90134A5F10A0541F100015E
:101BC000EDB212E0E40806F0070544EA4174C908E2
:101BD000303554EA010200F8015BBDD1F0BD2409A3
:101BE00006F00F0544EA01740909092D84BFED19B7
:041BF000EDB2EDE77E
:081BF400D0E8FD7F01000000B4
:101BFC00DD24000000000000517601000000000010
:101C0C00000000008C1C0200C189010000000000D3
:101C1C00E58901000000000000000000C41C020067
:101C2C0000000000A81C020000000000E01C0200E4
:101C3C0000000000FC1C020000000000181D020047
:101C4C004D7001000000000051F90100000000007F
:101C5C00B92100000000000069FE01000000000036
:101C6C00058D01000000000000000000341D020082
:101C7C00A92500000000000049270000000000001A
:101C8C005E4202004830020090260200BA05002095
:101C9C00088400204D6D0100000000006F4202001E
:101CAC006430020060260200BE0500205C84002027
:101CBC0071720100000000007B42020078300200CB
:101CCC0060260200C00500206884002071720100AB
:101CDC0000000000864202008C30020060260200E8
:101CEC00C205002074840020717201000000000005
:101CFC006B4202000000000058260200BC050020C8
:101D0C000000000083F70100000000009142020077
:101D1C00AC300200AC260200C405002080840020F8
:101D2C00A7F8010000000000202C020000000000B9
:101D3C0084260200B80500200834002000000000B2
:041D4C000000000093
:101D50000000000049C001000000000049C001006F
:101D60000000000049C001000000000049C001005F
:101D70000000000049C001000000000049C001004F
:101D80000000000049C001000000000049C001003F
:101D90000000000049C001000000000049C001002F
:101DA0000000000049C001000000000049C001001F
:101DB0000000000049C001000000000049C001000F
:101DC0000000000049C001000000000049C00100FF
:101DD0000000000049C001000000000049C00100EF
:101DE0000000000049C001000000000049C00100DF
:101DF0000000000049C001000000000049C00100CF
:101E00000000000049C001000000000049C00100BE
:101E10000000000049C001000000000049C00100AE
:101E20000000000049C001000000000049C001009E
:101E30000000000049C001000000000049C001008E
:101E400000000000A53801000000000049C00100AA
:101E50000000000049C001000000000049C001006E
:101E60000000000049C001000000000049C001005E
:101E70000000000049C001000000000049C001004E
:101E80000000000049C001000000000049C001003E
:101E90000000000049C001000000000049C001002E
:101EA0000000000049C001000000000049C001001E
:101EB0000000000049C001000000000049C001000E
:101EC0000000000049C001000000000049C00100FE
:101ED0000000000049C001000000000049C00100EE
:101EE0000000000049C001000000000049C00100DE
:101EF0000000000049C001000000000049C00100CE
:101F00000000000049C001000000000049C00100BD
:101F10000000000049C001000000000049C00100AD
:101F20000000000049C001000000000049C001009D
:101F30000000000049C001000000000049C001008D
:101F40000000000049C001000000000049C001007D
:101F50000000000049C001000000000049C001006D
:101F60000000000049C001000000000049C001005D
:101F70000000000049C001000000000049C001004D
:101F80000000000049C00100000000002D6C0100AD
:101F90000000000049C001000000000049C001002D
:101FA0000000000049C001000000000049C001001D
:101FB0000000000049C001000000000049C001000D
:101FC0000000000049C001000000000049C00100FD
:101FD0000000000049C001000000000049C00100ED
:101FE0000000000049C001000000000049C00100DD
:101FF0000000000049C001000000000049C00100CD
:102000000000000049C001000000000049C00100BC
:102010000000000049C001000000000049C00100AC
:102020000000000049C001000000000049C001009C
:102030000000000049C001000000000049C001008C
:102040000000000049C001000000000049C001007C
:102050000000000049C001000000000049C001006C
:102060000000000049C001000000000049C001005C
:102070000000000049C001000000000049C001004C
:102080000000000049C001000000000049C001003C
:102090000000000049C001000000000049C001002C
:1020A0000000000049C001000000000049C001001C
:1020B0000000000049C001000000000049C001000C
:1020C0000000000049C001000000000049C00100FC
:1020D0000000000049C001000000000049C00100EC
:1020E0000000000049C001000000000049C00100DC
:1020F0000000000049C001000000000049C00100CC
:102100000000000049C001000000000049C00100BB
:102110000000000049C001000000000049C00100AB
:102120000000000049C001000000000049C001009B
:102130000000000049C001000000000049C001008B
:102140000000000049C001000000000049C001007B
:102150000000000049C001000000000049C001006B
:102160000000000049C001000000000049C001005B
:102170000000000049C001000000000049C001004B
:102180000000000049C001000000000049C001003B
:102190000000000049C001000000000049C001002B
:1021A0000000000049C001000000000049C001001B
:1021B0000000000049C001000000000049C001000B
:1021C0000000000049C001000000000049C00100FB
:1021D0000000000049C001000000000049C00100EB
:1021E0000000000049C001000000000049C00100DB
:1021F0000000000049C001000000000049C00100CB
:102200000000000049C001000000000049C00100BA
:102210000000000049C001000000000049C00100AA
:102220000000000049C001000000000049C001009A
:102230000000000049C001000000000049C001008A
:102240000000000049C001000000000049C001007A
:102250000000000049C001000000000049C001006A
:102260000000000049C001000000000049C001005A
:102270000000000049C001000000000049C001004A
:102280000000000049C001000000000049C001003A
:102290000000000049C001000000000049C001002A
:1022A0000000000049C001000000000049C001001A
:1022B0000000000049C001000000000049C001000A
:1022C0000000000049C001000000000049C00100FA
:1022D0000000000049C001000000000049C00100EA
:1022E0000000000049C001000000000049C00100DA
:1022F0000000000049C001000000000049C00100CA
:102300000000000049C001000000000049C00100B9
:102310000000000049C001000000000049C00100A9
:102320000000000049C001000000000049C0010099
:102330000000000049C001000000000049C0010089
:102340000000000049C001000000000049C0010079
:102350000000000049C001000000000049C0010069
:102360000000000049C001000000000049C0010059
:102370000000000049C001000000000049C0010049
:10238000181D02004BF801000000000049C00100C8
:102390000000000049C001000000000049C0010029
:1023A0000000000049C001000000000049C0010019
:1023B0000000000049C001000000000049C0010009
:1023C0000000000049C001000000000049C00100F9
:1023D0000000000049C001000000000049C00100E9
:1023E0000000000049C001000000000049C00100D9
:1023F0000000000049C001000000000049C00100C9
:102400000000000049C001000000000049C00100B8
:102410000000000049C001000000000049C00100A8
:102420000000000049C00100BC02002023F80100A8
:102430000000000049C001000000000049C0010088
:102440000000000049C001000000000049C0010078
:102450000000000049C001000000000049C0010068
:102460000000000049C001000000000079380100B0
:102470008D86010065F901000000000049C00100DF
:102480000000000049C001000000000049C0010038
:102490000000000049C001000000000049C0010028
:1024A0000000000049C001000000000049C0010018
:1024B0000000000049C001000000000049C0010008
:1024C0000000000049C001000000000049C00100F8
:1024D0000000000049C001000000000049C00100E8
:1024E0000000000049C001000000000049C00100D8
:1024F0000000000049C001000000000049C00100C8
:102500000000000049C001000000000049C00100B7
:102510000000000049C001000000000049C00100A7
:102520000000000049C001000000000049C0010097
:102530000000000049C001000000000049C0010087
:102540000000000049C001000000000049C0010077
:102550000000000049C001000000000049C0010067
:102560000000000049C001000000000049C0010057
:102570000000000049C00100F9F9010065F90100FF
:102580000000000049C001000000000049C0010037
:102590000000000049C001000000000049C0010027
:1025A0000000000049C001000000000049C0010017
:1025B0000000000049C001004402002023F801008F
:0825C0000000000049C0010009
:1025C800D8080020409C00200008000001120000EC
:1025D8000000000000000000000000000A000000E9
:1025E80000000000C93C02000000000000000000DC
:1025F8005808002040940020000800003110000016
:1026080000000000000000000000000009000000B9
:1026180000000000C03C02000000000000000000B4
:10262800D8070020408E0020000600003911000065
:102638000000000000000000000000000B00000087
:1026480000000000B53C020000000000000000008F
:0826580075F701004BF70100CA
:102660009D70010087F7010093F70100A7F70100B3
:10267000B1F70100BBF70100B9720100CFF701000B
:042680000000000056
:0C26840069AA000089A8000005A8000059
:10269000A56D0100B7F601001DF701000000000064
:0C26A00055F601000000000000000000E2
:0C26AC0063F801005175010055F80100B1
:1026B80005000000E54F000006000000E57200007C
:0826C800040000001D64000085
:1026D0009D0F0000990E00000000000000000000A7
:1026E0000000000000000000000000000D0F0000CE
:1026F000E10E0000000000004D0D00000000000091
:10270000C02A02000800000028280200050000007E
:10271000FB0090420C000C00000090010000000043
:1027200060006000000000000000000002000300E4
:1027300034009600000103FF04FF020000A01050C7
:1027400000820D5000040550000100081200000036
:102750000000000001030062746C650000000000CE
:102760000000000000000000000000000000000069
:102770000000000000000000000000000000000059
:102780000000000000000000000100000000000048
:102790000338FDD870470000000000000000000072
:1027A0000338FDD870470000E50D0000410D000022
:1027B0000000000000000000000000000000000019
:1027C0000000000000000000000000000000000009
:1027D0000D0E0000B1120000350D000000000000D9
:1027E00000000000000000000000000000000000E9
:1027F00000000000000000000000000023B90100FC
:10280000C0280200102802000B0200000000000097
:1028100054EE0020C0280200242802000B02000011
:102820000000000000F70020C83A02008DE6010019
:1028300000000000C43A020000000100C03A02009B
:1028400029E901000000000018020020000001003A
:10285000B83A0200F7BF01000000000000000000CD
:1028600000000100B43A020029E901000000000064
:102870001002002000000100AC3A0200C3BF0100BA
:102880000000000000000000000001000000002027
:10289000000000000600010002000000A028020065
:1028A000000000000B41020006000000E0CF17000E
:1028B000000000201341020021000000E0FF03207F
:1028C000E922000000000000F3C00100C02802005F
:1028D000DC2802000201000000000000C08101208D
:1028E000C0280200F02802002E00000000000000B6
:1028F000F4CF0120C02802000429020002010000D8
:1029000000000000C8D001200E03000011310000BB
:102910000F0400000D3200001A010000E5C40100A0
:1029200005040000FD2600001301000065C701003A
:102930003E010000A128000001120000FDC70100B7
:102940000A1E0000FFC70100FF01000079270000F8
:102950003E010000992700000504000049C5010060
:102960000804000001C90100300300009BC80100F9
:1029700010010000A7C5010002010000153B000086
:1029800001120000D12F00000A1E000013CA01002E
:102990000309000071C60100040B0000EBC6010032
:1029A000060A0000B5CB0100070A000039C6010085
:1029B0000C05000023C80100050C0000EDCA010051
:1029C0002BFD0000FBC5010035090000AFC501006B
:1029D000C0280200E02902000201000000000000FF
:1029E000E4D10120C0280200F42902000000000008
:1029F0000000000018D40120C0280200082A0200AC
:102A0000090200000000000040D40120E5D30100CD
:102A1000F9D30100000000000000000000000000E9
:102A2000A1540000000000000000000000000000B1
:102A30000000000000000000C0280200482A020038
:102A4000110000000000000080600220020201006E
:102A5000E9DD010004040100315C0000060601000C
:102A60008D5E0000080401004D5F00000A020100B5
:102A700003DF01000C040100EBDE01000E04010085
:102A8000655D000020040100F95D000010040100F4
:102A900061600000120201004DDF01001E00040011
:102AA00081E401005202000073DF0100C02802002F
:102AB000BC2A02000201000000000000BC600220ED
:102AC000F83A02008DE6010000000000F43A02002E
:102AD00000000100F03A020029E9010000000000B6
:102AE000E003002000000100E83A020000000000BE
:102AF000000000000000000000000000E43A0200B6
:102B00005FE60100FD690000E8030020000003000B
:102B1000E03A020029E9010000000000D80300208B
:102B200000000100D83A0200C5E6010001E80100FA
:102B30000000000000000300D43A020029E901006F
:102B400000000000D003002000000100CC3A020089
:102B50002D6D0000000000000000000000000100DA
:102B60007179000065F301007D7F00000000000026
:102B700000000000C97D000000000000000000000F
:102B80000000000000000000000000000000000045
:102B900000000000EFEC0100060000008974000056
:102BA000060000008FEE01001000000041780000D8
:102BB000100000001BF301000100000049EC0100BF
:102BC00010000000EBEC01000A0000000BEE010019
:102BD000100000004D7E000007000000E7EC01003F
:102BE00010000000817B00000100000071760000F1
:102BF0004000000039ED0100100000002DED010043
:102C00000100000042542043544C5220525820707E
:102C10007269000042542043544C52205258000024
:102C200062745F6863695F636F6E74726F6C6C650A
:102C3000720000005A6570687972204F5320763414
:102C40002E342E3100000000574553545F544F502E
:102C50004449522F7A65706879722F73756273795F
:102C6000732F626C7565746F6F74682F636F6E7409
:102C7000726F6C6C65722F6C6C5F73772F756C6CF8
:102C80005F7363616E2E6300657272203D3D20307C
:102C9000207C7C20657272203D3D202D3132300039
:102CA000415353455254494F4E204641494C205BB5
:102CB00025735D20402025733A25640A000000003A
:102CC00009706172616D313A202575207061726101
:102CD0006D323A2025750A00574553545F544F50C2
:102CE0004449522F7A65706879722F7375627379CF
:102CF000732F626C7565746F6F74682F636F6E7479
:102D0000726F6C6C65722F6C6C5F73772F756C6C67
:102D10005F636F6E6E2E63005132434F4E4E204103
:102D2000413D2530327825303278253032782530D3
:102D3000327820435243494E49543D25303278255C
:102D40003032782530327820686F703D25752063E9
:102D500068616E5F636F756E743D2575206D61707F
:102D60003D253032782530327825303278253032A2
:102D700078253032780A0000574553545F544F503D
:102D80004449522F7A65706879722F73756273792E
:102D9000732F626C7565746F6F74682F636F6E74D8
:102DA000726F6C6C65722F6C6C5F73772F6E6F72C5
:102DB0006469632F6C6C6C2F6C6C6C5F7363616EF9
:102DC0002E630000300000000925733A204163742F
:102DD00075616C204556454E545F4F5645524845E7
:102DE00041445F53544152545F5553203D20257553
:102DF0000A000000574553545F544F504449522F26
:102E00007A65706879722F7375627379732F626C4B
:102E10007565746F6F74682F636F6E74726F6C6C0E
:102E200065722F6C6C5F73772F6E6F726469632F9E
:102E30006C6C6C2F6C6C6C5F63656E7472616C2E65
:102E4000630000000200000000000000000000001D
:102E5000000000000000010303030303030000005F
:102E60000000000000000000D1EB000000000000A6
:102E7000E1EB0000F1EB00000000000099EC000025
:102E80000000000001EC000000000000C9EC0000A0
:102E900011EC0000A9EC0000F9EC000021EC0000AE
:102EA00039ED000031EC0000D9EC0000E9EC000045
:102EB00009ED000019ED000049ED000059ED00009A
:102EC00051EC000069ED000000000000000000006F
:102ED0000000000000000000B9EC0000000000004D
:102EE00000000000000000000000000000000000E2
:102EF00000000000000000000000000000000000D2
:102F000000000000000000000000000000000000C1
:102F100000000000000000000000000000000000B1
:102F200000000000000000000000000000000000A1
:102F30000000000000000000000000000000000091
:102F400000000000000000000000000041EC000054
:102F500029ED0000000000000A030000000000004E
:102F60000000000002020000000000000403000056
:102F70000201090300000000010300000C0300002F
:102F80000703000000000301000000000000000033
:102F90000000000000000000000000000000000031
:102FA0000000000000000000000000000000000021
:102FB0000000000000000000000000000000000011
:102FC00000000000000000000000120312030000D7
:102FD000636F6D6D6F6E5F707265706172655F6358
:102FE00062000000707265706172655F636200006C
:102FF0000700000008000000090000000A000000AF
:103000000B0000000D0000000F0000001100000088
:103010001300000015000000180000001B00000055
:103020001F00000023000000280000002D00000009
:10303000330000003900000001030405096D0100A0
:10304000D96C010000000000556E0100D56D010033
:1030500047F7010043F7010000A0105000820D5017
:10306000000405507F00000000A010504402002022
:103070000000000000000000FFFF010000820D5072
:10308000BC0200200000000001000000FF0700005B
:1030900000040550000000000000000002000000D5
:1030A00000A0105000820D500004055000600C502C
:1030B0000000000000000000D830020000C2010043
:1030C0000000D601000000000000004000000000E9
:1030D000378E0020368E002000600C50E430020055
:1030E00001000000EC300200040000002400000099
:1030F000260000022506000127060003000100004B
:1031000000A0105000820D5000040550080000007F
:10311000020000000400000001000000FC1B02008F
:103120000C1C0200541C02005C1C02008C1C0200DF
:103130008C1C0200A14202000001000000000000FF
:10314000000000000A5695CE5753F2DD5CE419BA30
:10315000E4B84A8B25F321DD8886E8D2855D882591
:1031600018FF71853C14A918D430E77901B6ED5FDA
:10317000FC95BA75102562772B73FB79C65537A578
:10318000765F9018DFBDC42962DF9CD890308478C8
:10319000CD05F0ACD62E21F7AB20A2E5344887044C
:1031A0001D0630DC512563FCC2CAB9F3849E17A703
:1031B000ADFAE6BCFFFFFFFFFFFFFFFF00000000CE
:1031C000FFFFFFFFA2EE79BE954C2483A66FBD4999
:1031D0009C79994659EC6B2B39B245282056D9F386
:1031E000942DE1664FBC00EEFFFFFFFFFFFFFFFFE6
:1031F000FFFFFFFF000000000000000000000000D3
:1032000001000000FFFFFFFF0300000000000000BE
:10321000FFFFFFFFFBFFFFFFFEFFFFFFFFFFFFFFC3
:10322000FDFFFFFF0400000001000000011B020081
:103230006C32020002000000643202000300000051
:103240005C32020004000000543202000000000062
:1032500000000000E342020010140400EF420200EC
:1032600010130300FB4202001012020002000000D3
:1032700099170200951702009117020079170200B2
:1032800067170200010000000200000004000000B7
:1032900008000000100000002000000040000000B6
:1032A000800000001B0000003600000051F4A75011
:1032B0007E4165531A17A4C33A275E963BAB6BCB8E
:1032C0001F9D45F1ACFA58AB4BE303932030FA5500
:1032D000AD766DF688CC7691F5024C254FE5D7FC9E
:1032E000C52ACBD726354480B562A38FDEB15A49B3
:1032F00025BA1B6745EA0E985DFEC0E1C32F750233
:10330000814CF0128D4697A36BD3F9C6038F5FE70C
:1033100015929C95BF6D7AEB955259DAD4BE832DE8
:10332000587421D349E069298EC9C84475C2896A95
:10333000F48E797899583E6B27B971DDBEE14FB6AE
:10334000F088AD17C920AC667DCE3AB463DF4A1869
:10335000E51A31829751336062537F45B16477E05B
:10336000BB6BAE84FE81A01CF9082B947048685892
:103370008F45FD1994DE6C87527BF8B7AB73D3236E
:10338000724B02E2E31F8F576655AB2AB2EB280758
:103390002FB5C20386C57B9AD33708A5302887F29C
:1033A00023BFA5B202036ABAED16825C8ACF1C2B3A
:1033B000A779B492F307F2F04E69E2A165DAF4CD91
:1033C0000605BED5D134621FC4A6FE8A342E539D95
:1033D000A2F355A0058AE132A4F6EB750B83EC3914
:1033E0004060EFAA5E719F06BD6E10513E218AF9C2
:1033F00096DD063DDD3E05AE4DE6BD4691548DB5EC
:1034000071C45D050406D46F605015FF1998FB2444
:10341000D6BDE997894043CC67D99E77B0E842BDD5
:1034200007898B88E7195B3879C8EEDBA17C0A47EE
:103430007C420FE9F8841EC90000000009808683E1
:10344000322BED481E1170AC6C5A724EFD0EFFFB14
:103450000F8538563DAED51E362D39270A0FD96453
:10346000685CA6219B5B54D124362E3A0C0A67B1C6
:103470009357E70FB4EE96D21B9B919E80C0C54F29
:1034800061DC20A25A774B691C121A16E293BA0A21
:10349000C0A02AE53C22E043121B171D0E090D0BAC
:1034A000F28BC7AD2DB6A8B9141EA9C857F119855E
:1034B000AF75074CEE99DDBBA37F60FDF701269F3A
:1034C0005C72F5BC44663BC55BFB7E348B4329765E
:1034D000CB23C6DCB6EDFC68B8E4F163D731DCCAB7
:1034E000426385101397224084C61120854A247DAB
:1034F000D2BB3DF8AEF93211C729A16D1D9E2F4BED
:10350000DCB230F30D8652EC77C1E3D02BB3166CEE
:10351000A970B999119448FA47E96422A8FC8CC4AF
:10352000A0F03F1A567D2CD8223390EF87494EC722
:10353000D938D1C18CCAA2FE98D40B36A6F581CF5A
:10354000A57ADE28DAB78E263FADBFA42C3A9DE4DB
:103550005078920D6A5FCC9B547E4662F68D13C202
:1035600090D8B8E82E39F75E82C3AFF59F5D80BE74
:1035700069D0937C6FD52DA9CF2512B3C8AC993BE8
:1035800010187DA7E89C636EDB3BBB7BCD267809DA
:103590006E5918F4EC9AB701834F9AA8E6956E65B8
:1035A000AAFFE67E21BCCF08EF15E8E6BAE79BD973
:1035B0004A6F36CEEA9F09D429B07CD631A4B2AF87
:1035C0002A3F2331C6A5943035A266C0744EBC375D
:1035D000FC82CAA6E090D0B033A7D815F104984A6F
:1035E00041ECDAF77FCD500E1791F62F764DD68D40
:1035F00043EFB04DCCAA4D54E49604DF9ED1B5E321
:103600004C6A881BC12C1FB84665517F9D5EEA0439
:10361000018C355DFA877473FB0B412EB3671D5A1D
:1036200092DBD252E91056336DD647139AD7618C8C
:1036300037A10C7A59F8148EEB133C89CEA927EEEA
:10364000B761C935E11CE5ED7A47B13C9CD2DF5941
:1036500055F2733F1814CE7973C737BF53F7CDEACD
:103660005FFDAA5BDF3D6F147844DB86CAAFF38150
:10367000B968C43E3824342CC2A3405F161DC372FF
:10368000BCE2250C283C498BFF0D954139A80171FE
:10369000080CB3DED8B4E49C6456C1907BCB846143
:1036A000D532B670486C5C74D0B85742C66363A517
:1036B000F87C7C84EE777799F67B7B8DFFF2F20DB8
:1036C000D66B6BBDDE6F6FB191C5C55460303050A5
:1036D00002010103CE6767A9562B2B7DE7FEFE1979
:1036E000B5D7D7624DABABE6EC76769A8FCACA45B2
:1036F0001F82829D89C9C940FA7D7D87EFFAFA153C
:10370000B25959EB8E4747C9FBF0F00B41ADADEC18
:10371000B3D4D4675FA2A2FD45AFAFEA239C9CBFA0
:1037200053A4A4F7E47272969BC0C05B75B7B7C28E
:10373000E1FDFD1C3D9393AE4C26266A6C36365A4D
:103740007E3F3F41F5F7F70283CCCC4F6834345CC1
:1037500051A5A5F4D1E5E534F9F1F108E2717193D1
:10376000ABD8D873623131532A15153F0804040CC5
:1037700095C7C752462323659DC3C35E30181828DA
:10378000379696A10A05050F2F9A9AB50E070709D5
:10379000241212361B80809BDFE2E23DCDEBEB264C
:1037A0004E2727697FB2B2CDEA75759F1209091BB2
:1037B0001D83839E582C2C74341A1A2E361B1B2DF5
:1037C000DC6E6EB2B45A5AEE5BA0A0FBA45252F665
:1037D000763B3B4DB7D6D6617DB3B3CE5229297B1C
:1037E000DDE3E33E5E2F2F7113848497A65353F5D8
:1037F000B9D1D16800000000C1EDED2C402020605F
:10380000E3FCFC1F79B1B1C8B65B5BEDD46A6ABE5C
:103810008DCBCB4667BEBED97239394B944A4ADE4E
:10382000984C4CD4B05858E885CFCF4ABBD0D06B19
:10383000C5EFEF2A4FAAAAE5EDFBFB16864343C569
:103840009A4D4DD766333355118585948A4545CFBA
:10385000E9F9F91004020206FE7F7F81A05050F0C2
:10386000783C3C44259F9FBA4BA8A8E3A25151F352
:103870005DA3A3FE804040C0058F8F8A3F9292AD2A
:10388000219D9DBC70383848F1F5F50463BCBCDF60
:1038900077B6B6C1AFDADA75422121632010103055
:1038A000E5FFFF1AFDF3F30EBFD2D26D81CDCD4CF3
:1038B000180C0C1426131335C3ECEC2FBE5F5FE11C
:1038C000359797A2884444CC2E17173993C4C45710
:1038D00055A7A7F2FC7E7E827A3D3D47C86464AC62
:1038E000BA5D5DE73219192BE6737395C06060A06D
:1038F000198181989E4F4FD1A3DCDC7F4422226640
:10390000542A2A7E3B9090AB0B8888838C4646CA0B
:10391000C7EEEE296BB8B8D32814143CA7DEDE79C5
:10392000BC5E5EE2160B0B1DADDBDB76DBE0E03B45
:1039300064323256743A3A4E140A0A1E924949DBEE
:103940000C06060A4824246CB85C5CE49FC2C25D85
:10395000BDD3D36E43ACACEFC46262A6399191A8DB
:10396000319595A4D3E4E437F279798BD5E7E73242
:103970008BC8C8436E373759DA6D6DB7018D8D8CA2
:10398000B1D5D5649C4E4ED249A9A9E0D86C6CB48F
:10399000AC5656FAF3F4F407CFEAEA25CA6565AFE8
:1039A000F47A7A8E47AEAEE9100808186FBABAD525
:1039B000F07878884A25256F5C2E2E72381C1C24DE
:1039C00057A6A6F173B4B4C797C6C651CBE8E8238F
:1039D000A1DDDD7CE874749C3E1F1F21964B4BDDFE
:1039E00061BDBDDC0D8B8B860F8A8A85E07070907F
:1039F0007C3E3E4271B5B5C4CC6666AA904848D8B4
:103A000006030305F7F6F6011C0E0E12C26161A350
:103A10006A35355FAE5757F969B9B9D017868691BF
:103A200099C1C1583A1D1D27279E9EB9D9E1E13899
:103A3000EBF8F8132B9898B322111133D26969BBB4
:103A4000A9D9D970078E8E89339494A72D9B9BB6E4
:103A50003C1E1E2215878792C9E9E92087CECE49F0
:103A6000AA5555FF50282878A5DFDF7A038C8C8F64
:103A700059A1A1F8098989801A0D0D1765BFBFDA10
:103A8000D7E6E631844242C6D06868B8824141C375
:103A9000299999B05A2D2D771E0F0F117BB0B0CBFD
:103AA000A85454FC6DBBBBD62C16163A0000012A54
:103AB0000000012A000003280000002A0000002A5C
:103AC00000000328000000180000002800002A2B36
:103AD00000002A2B000003280000292B0000292BBE
:103AE00000000328000002290000052A0000052A22
:103AF0000000032800000118000000286BFF79FF78
:103B000079FF7CFF000051334653552D444F4E45FD
:103B1000207374617475733D30782530327820736A
:103B2000706163696E673D25750A00636F6E6E652F
:103B300063742062756C6B2072633D25640A0063B8
:103B40006F6E6E656374206374726C2072633D25C2
:103B5000640A004354524C206368616E2075700AF9
:103B60000050494E470047415020646973636F6EAF
:103B70006E6563746564203078253032780A0044BD
:103B80004C453A2074785F6D61783D2575207278D8
:103B90005F6D61783D25750A005048593A20747868
:103BA0003D25752072783D25750A00636F6E6E6540
:103BB0006374206661696C656420307825303278E2
:103BC0000A0047415020636F6E6E65637465640A36
:103BD000007A656E6F682D6E72662D6C326361704F
:103BE000004C4154323A2070696E67733D25752050
:103BF0007274745F75735B6D696E2F6D65616E2F86
:103C00006D61785D3D25752F25752F2575206F76A3
:103C1000657233306D733D257520746F3D257520B9
:103C20007C2062756C6B3D2575282B2575292066D7
:103C300073753D2575206374726C3D25640A0042DE
:103C4000554C4B206368616E2075700A00513346F5
:103C500053552D5245512072633D25640A0062740C
:103C60005F656E61626C65206661696C65640A00FF
:103C70000A3D3D3D2054574F2D4348414E4E454C43
:103C800020436F43206C6174656E637920286275F0
:103C90006C6B2050534D2030783830202B20636FD0
:103CA0006E74726F6C2050534D203078383129205B
:103CB0003D3D3D0A007265706F72745F7469640007
:103CC00070696E675F74696400626C6173745F74BD
:103CD00069640072302F61313A2020307825303805
:103CE00078202072312F61323A2020307825303808
:103CF00078202072322F61333A20203078253038F6
:103D0000780A0072332F61343A2020307825303819
:103D100078207231322F69703A202030782530387F
:103D200078207231342F6C723A2020307825303868
:103D3000780A0020787073723A2020307825303865
:103D4000780A004661756C74696E6720696E7374D9
:103D500072756374696F6E20616464726573732039
:103D6000287231352F7063293A2030782530387821
:103D70000A00556E68616E646C6564204952516E2C
:103D80003A2025640A002A2A2A2A2A205553414724
:103D900045204641554C54202A2A2A2A2A0A002026
:103DA000204469766973696F6E206279207A657242
:103DB0006F0A002020556E616C69676E6564206D26
:103DC000656D6F7279206163636573730A002020EB
:103DD000537461636B206F766572666C6F77202811
:103DE000636F6E746578742061726561206E6F74A4
:103DF0002076616C6964290A0020204E6F20636F71
:103E000070726F636573736F7220696E737472750D
:103E10006374696F6E730A002020496C6C6567617A
:103E20006C206C6F6164206F66204558435F52457B
:103E30005455524E20696E746F2050430A00202062
:103E4000496C6C6567616C20757365206F662074C2
:103E5000686520455053520A002020417474656DF6
:103E6000707420746F206578656375746520756E55
:103E7000646566696E656420696E737472756374D7
:103E8000696F6E0A002A2A2A2A2A204255532046A0
:103E900041554C54202A2A2A2A2A0A0020205374E9
:103EA00061636B696E67206572726F720A00202011
:103EB000556E737461636B696E67206572726F72A1
:103EC0000A00202050726563697365206461746123
:103ED00020627573206572726F720A00202042465C
:103EE000415220416464726573733A2030782578BA
:103EF0000A002020496D70726563697365206461F2
:103F0000746120627573206572726F720A002020DE
:103F1000496E737472756374696F6E206275732075
:103F20006572726F720A002020466C6F6174696E50
:103F3000672D706F696E74206C617A79207374617B
:103F4000746520707265736572766174696F6E2036
:103F50006572726F720A002A2A2A2A2A204D505549
:103F6000204641554C54202A2A2A2A2A0A00202079
:103F7000537461636B696E67206572726F7220287B
:103F8000636F6E746578742061726561206D696716
:103F90006874206265206E6F742076616C69642994
:103FA0000A002020446174612041636365737320BB
:103FB00056696F6C6174696F6E0A0020204D4D4622
:103FC000415220416464726573733A2030782578D9
:103FD0000A002020496E737472756374696F6E20D5
:103FE0004163636573732056696F6C6174696F6EAA
:103FF0000A00526573657276656420457863657062
:1040000074696F6E20280053707572696F75732024
:10401000696E74657272757074202849525120005F
:10402000535053454C20696E20746872656164205A
:104030006D6F646520646F6573206E6F7420696EA8
:10404000646963617465205053500A002A2A2A2A41
:104050002A2048415244204641554C54202A2A2ABD
:104060002A2A0A002020427573206661756C74202C
:104070006F6E20766563746F72207461626C652068
:10408000726561640A002020446562756720657668
:10409000656E740A0020204661756C742065736338
:1040A000616C6174696F6E20287365652062656C50
:1040B0006F77290A00415243485F455843455054A1
:1040C000207769746820726561736F6E2025780AA5
:1040D0000A002A2A2A2A2A204465627567206D6F01
:1040E0006E69746F7220657863657074696F6E2095
:1040F0002A2A2A2A2A0A002A2A2A2A2A202573203A
:10410000256429202A2A2A2A2A0A00464C41534893
:104110005F30005352414D5F30004254204C5720D5
:10412000575100574553545F544F504449522F7ACA
:1041300065706879722F7375627379732F626C750D
:1041400065746F6F74682F686F73742F6863695F2D
:10415000636F72652E630062745F6863695F657682
:10416000745F6765745F666C616773286864722D3D
:104170003E657674292026202831554C203C3C2071
:104180002831292900415353455254494F4E204666
:1041900041494C205B25735D20402025733A2564FE
:1041A0000A006576745F666C61677320262028318B
:1041B000554C203C3C2028302929006E72662D6C1D
:1041C000326361702D63656E7472616C006572722A
:1041D000203D3D20300009436F6E74726F6C6C653A
:1041E0007220756E726573706F6E736976652C20C0
:1041F000636F6D6D616E64206F70636F64652030F6
:1042000078253034782074696D656F75742077690E
:104210007468206572722025640A00425420525846
:104220002057510062756600574553545F544F50F4
:104230004449522F7A65706879722F737562737969
:10424000732F626C7565746F6F74682F686F737409
:104250002F6863695F636F6D6D6F6E2E6300636CB3
:104260006F636B4031306530303000726E670067CD
:1042700070696F40313061303030006770696F4075
:104280006438323030006770696F40353034303018
:104290000075617274406336303030006D61696E54
:1042A00000737973776F726B71002A2A2A20426F2C
:1042B0006F74696E67205A6570687972204F532059
:1042C0006275696C642076342E342E312D31352D93
:1042D00067313737326166376235363365202A2ACF
:1042E0002A0A004145532D3235362D4543420041BF
:1042F00045532D3139322D454342004145532D312F
:1043000032382D45434200286E756C6C29002A66B0
:104310006C6F61742A0000000000000000FFFFFFC6
:10432000FFFFFF0000000000000000000000001080
:1043300000800000805F9B34FB010400020000004D
:104340000200000000000000050000000000000066
:104350000000000000000000050009090909010231
:1043600009090909090909090909090709090909BF
:1043700009060909090909090909090909090909B0
:10438000090905010204030502000AE69D350E48ED
:104390000103CCDBFDF4AC1191F4EFB9A5F9E9A769
:1043A000832C5E2CBE97F2D203B0208BD28915D01D
:1043B0008E1C742430ED8FC24563765C15525ABF53
:1043C0009A32636DEB2A65499C80DC02020304008B
:1043D00005061F1F2918120308020305080A000812
:1043E000010304010504050906070101060608008A
:1043F00000010001000301000302020100020000AD
:1044000000000002030100036C888391AAF5A5381F
:1044100060370BDB5A6083BE000104050206080901
:104420000F000718232323232323232323232323BA
:104430002300010210141400001C2030401C200036
:10444000001C20304052096AD53036A538BF40A341
:104450009E81F3D7FB7CE339829B2FFF87348E4309
:1044600044C4DEE9CB547B9432A6C2233DEE4C9586
:104470000B42FAC34E082EA16628D924B2765BA25D
:10448000496D8BD12572F8F66486689816D4A45CC1
:10449000CC5D65B6926C704850FDEDB9DA5E15469C
:1044A00057A78D9D8490D8AB008CBCD30AF7E458F5
:1044B00005B8B34506D02C1E8FCA3F0F02C1AFBD51
:1044C0000301138A6B3A9111414F67DCEA97F2CFEF
:1044D000CEF0B4E67396AC7422E7AD3585E2F937D9
:1044E000E81C75DF6E47F11A711D29C5896FB76227
:1044F0000EAA18BE1BFC563E4BC6D279209ADBC0D2
:10450000FE78CD5AF41FDDA8338807C731B11210E9
:10451000592780EC5F60517FA919B54A0D2DE57AC6
:104520009F93C99CEFA0E03B4DAE2AF5B0C8EBBB12
:104530003C83539961172B047EBA77D626E1691420
:104540006355210C7D637C777BF26B6FC53001670F
:104550002BFED7AB76CA82C97DFA5947F0ADD4A2FB
:10456000AF9CA472C0B7FD9326363FF7CC34A5E5C7
:10457000F171D8311504C723C31896059A07128024
:10458000E2EB27B27509832C1A1B6E5AA0523BD658
:10459000B329E32F8453D100ED20FCB15B6ACBBE7D
:1045A000394A4C58CFD0EFAAFB434D338545F90229
:1045B0007F503C9FA851A3408F929D38F5BCB6DA3E
:1045C0002110FFF3D2CD0C13EC5F974417C4A77EE4
:1045D0003D645D197360814FDC222A908846EEB8F5
:1045E00014DE5E0BDBE0323A0A4906245CC2D3AC2F
:1045F000629195E479E7C8376D8DD54EA96C56F474
:10460000EA657AAE08BA78252E1CA6B4C6E8DD7431
:104610001F4BBD8B8A703EB5664803F60E61355759
:10462000B986C11D9EE1F8981169D98E949B1E87A9
:10463000E9CE5528DF8CA1890DBFE6426841992D4E
:084640000FB054BB160000008E
:104648000000000000000000000000000000000062
:104658000000000000000000000000000000000052
:104668000000000000000000000000000000000042
:104678000000000000000000000000000000000032
:104688000000000000000000000000000000000022
:104698000000000000000000000000000000000012
:1046A8000000000000000000000000000000000002
:1046B80000000000000000000000000000000000F2
:1046C80000000000000000000000000000000000E2
:1046D80000000000000000000000000000000000D2
:1046E80000000000000000000000000000000000C2
:1046F80000000000000000000000000000000000B2
:104708000000000000000000493000000000000028
:104718000000000000000000000000000000000091
:104728000000000000000000000000000000000081
:104738000000000000000000000000000000000071
:104748000000000000000000000000000000000061
:104758000000000000000000000000000000000051
:104768000000000000000000000000000000000041
:104778000000000000000000000000000000000031
:104788000000000000000000000000000000000021
:104798000000000000000000000000000000000011
:1047A80000000000341D02001F000000000000008F
:1047B800FFFFFFFFFF1F0000000000006700000070
:1047C80000000000000000000000000000000000E1
:1047D80000000000000000000000000000000000D1
:1047E80000000000000000000000000000000000C1
:1047F80000000000000000000000000000000000B1
:1048080000000000000000000000000000000000A0
:104818000000000000000000000000000000000090
:104828000000000000000000000000000000000080
:104838000000000000000000000000000000000070
:104848000000000000000000FFFFFFFF3FBD010067
:10485800B03A020000000200BC3A02000000020068
:1048680000000000E9C00100000000000000000096
:10487800300200203002002000000000000000008C
:104888000E00000000C010500000000000000000F2
:104898000000000000000000000000000000000010
:1048A8000000000000000000000000000000000000
:1048B80000000000000000000000000000000000F0
:1048C80000000000000000000000000000000000E0
:1048D80000000000000000000000000000000000D0
:1048E80000000000000000000000000000000000C0
:1048F80000000000000000000001000000A00D50B2
:10490800000000000000000000000000000000009F
:10491800000000000000000000000000000000008F
:10492800000000000000000000000000000000007F
:10493800000000000000000000000000000000006F
:10494800000000000000000000000000000000005F
:10495800000000000000000000000000000000004F
:10496800000000000000000000000000000000003F
:1049780000000000000000004D31000000000000B1
:104988000000000000000000B9270000000000003F
:104998000000000000000000FD3E000000000000D4
:1049A8000000000000000000F93D000000000000C9
:1049B8000000000000000000B545000000000000F5
:1049C8000000000000000000054200000000000098
:1049D800000000009D5C0000F566000001E4010095
:1049E800000000000000000011620000C9E20100A0
:1049F80057E30100855B0000000000000000000094
:104A080000000000E1640000000000000000000059
:104A1800D03A020000000200DC3A020000000A005E
:104A2800EC3A020000002000000000000000000036
:104A3800000000000000000000000000000000006E
:104A48000000000035E70100000000000C04002011
:104A58000C04002000000000000000000E00000010
:104A68002004002020040020597D000000000000E0
:104A780000000000CC24002000000000BDA70000BA
:104A880000000000D424002000000000A19C0000C9
:104A980000000000DC24002000000000293D010087
:104AA80000000000E424002000000000C599000078
:104AB80000000000B8340020000000005548010044
:104AC80000000000C0340020000000002DC60000D7
:104AD80000000000C834002000000000293D01004B
:104AE80000000000D034002000000000E1C70000F2
:104AF80000000000D83400200000000051D200005F
:104B080000000000487C002000000000987C002085
:104B180000000000387D002000000000E87D002033
:104B28000000000069590100000000005C7F0020BF
:104B3800000000005D3A0100000000007C7F0020BA
:104B480000000000293D010000000000847F0020D3
:104B580000000000293D0100000000008C7F0020BB
:104B680000000000DD26010000000000EC830020AA
:104B780000000000798E000000000000E48300209F
:104B880000000000798E000000000000DC83002097
:104B980000000000F58B000000000000D483002016
:104BA80000000000798E000000000000CC83002087
:104BB80000000000F58B000000000000C483002006
:104BC80000000000798E000005760100000000005A
:104BD800FF0000000090D003FF0000000F0000005D
:104BE80071020000A4050020A40500203122000065
:064BF8004D22000001FF48
:104BFE0000000000000000000000000000000000A7
:024C0E000000A4
:104C1000C8050020C80500203CAB022000000000B1
:104C2000010000002400000000000000E405002056
:104C3000E405002068B20020000000000100000030
:104C400020010000000000000006002000060020F7
:104C500060AB022000000000400000001C000000CB
:044C60000000000050
:104C64000000000008CE00204C20000000000000DE
:044C7400000000003C
:104C7800300600203006002000000000010000007F
:104C8800400600204006002000000000FFFFFFFF54
:104C9800500600205006002000000000010000001F
:104CA80000000000000000006806002068060020E0
:104CB80000000000000000007806002078060020B0
:104CC800400040001000000000000000F829020029
:104CD8008056022000000000000000009C06002012
:104CE8009C0600204000400010000000E15B00002E
:104CF800AC2A02003CA102200000000000000000D5
:104D0800C0060020C0060020400040000800000047
:104D18000000000014280200C079012000000000F3
:104D280000000000E4060020E4060020040004005F
:104D380008000000000000000028020080F60020A3
:104D480000000000000000000807002008070020FD
:104D5800010001001000000000000000382A0200D5
:104D68009460022000000000000000002C070020D2
:104D78002C070020030003000000000000000000D2
:104D8800E028020080D001200000000000000000A0
:104D9800500700205007002001000100100000000B
:104DA800B9410000E429020018D4012000000000E5
:104DB80000000000740700207407002002000200B1
:104DC8000000000000000000D0290200E8D3012004
:104DD800000000000000000098070020980700204D
:104DE800460046000400000061260000CC280200AE
:104DF8004CC801200000000000000000BC07002093
:104E0800BC070020010001000000000000000000B5
:084E1800F4280200CCD10120B6
:044E200015E015E0A4
:0400000300001AA936
:00000001FF
