:100000001061002095150000E1B10100811500008C
:100010008115000081150000811500008115000088
:10002000000000000000000000000000CD150000EE
:100030008115000000000000A117000081150000DC
:1000400021180000211800002118000021180000CC
:1000500021180000211800002118000021180000BC
:1000600021180000211800002118000021180000AC
:10007000211800002118000021180000211800009C
:10008000211800002118000021180000211800008C
:10009000211800002118000021180000211800007C
:1000A000211800002118000021180000211800006C
:1000B000211800002118000021180000211800005C
:1000C000211800002118000021180000211800004C
:1000D000211800002118000021180000211800003C
:1000E000211800002118000021180000211800002C
:1000F000211800002118000021180000211800001C
:10010000211800002118000021180000211800000B
:1001100021180000211800002118000021180000FB
:1001200021180000211800002118000021180000EB
:1001300021180000211800002118000021180000DB
:1001400021180000211800002118000021180000CB
:1001500021180000211800002118000021180000BB
:1001600021180000211800002118000021180000AB
:10017000211800002118000021180000211800009B
:10018000211800002118000021180000211800008B
:10019000211800002118000021180000211800007B
:1001A000211800002118000021180000211800006B
:1001B000211800002118000021180000211800005B
:1001C000211800002118000021180000211800004B
:1001D000211800002118000021180000211800003B
:1001E000211800002118000021180000211800002B
:1001F000211800002118000021180000211800001B
:10020000211800002118000021180000211800000A
:1002100021180000211800002118000021180000FA
:1002200021180000211800002118000021180000EA
:1002300021180000211800002118000021180000DA
:1002400021180000211800002118000021180000CA
:1002500021180000211800002118000021180000BA
:100260002118000021180000A92D0100211800000C
:10027000211800002118000021180000211800009A
:10028000211800002118000021180000211800008A
:10029000211800002118000021180000211800007A
:1002A000211800002118000021180000211800006A
:1002B000211800002118000021180000211800005A
:1002C000211800002118000021180000211800004A
:1002D000211800002118000021180000211800003A
:1002E000211800002118000021180000211800002A
:1002F000211800002118000021180000211800001A
:100300002118000021180000211800002118000009
:1003100021180000211800002118000021180000F9
:1003200021180000211800002118000021180000E9
:1003300021180000211800002118000021180000D9
:1003400021180000211800002118000021180000C9
:1003500021180000211800002118000021180000B9
:1003600021180000211800002118000021180000A9
:100370002118000021180000211800002118000099
:100380002118000021180000211800002118000089
:100390002118000021180000211800002118000079
:1003A0002118000021180000211800002118000069
:1003B0002118000021180000211800002118000059
:1003C0002118000021180000211800002118000049
:1003D0002118000021180000211800002118000039
:1003E0002118000021180000211800002118000029
:1003F0002118000021180000211800002118000019
:100400002118000021180000211800002118000008
:1004100021180000211800002118000021180000F8
:1004200021180000211800002118000021180000E8
:1004300021180000211800002118000021180000D8
:1004400021180000211800002118000021180000C8
:1004500021180000211800002118000021180000B8
:1004600021180000211800002118000021180000A8
:0C047000211800002118000021180000D5
:1004800053B94AB9002908BF00281CBF4FF0FF31FB
:100490004FF0FF3000F00CB8ADF1080C6DE904CE60
:1004A00000F010F8DDF804E0DDE9022304B0704745
:1004B000704700BF034613F8012B002AFBD1181A1E
:1004C000013870472DE9F0478C468E46089E154648
:1004D00004461946002B40F0D080724547D9B2FA45
:1004E00082F74FB1C7F120030EFA07FCBD40BC40B4
:1004F00020FA03F343EA0C0C4FEA154EA8B2230C82
:10050000BCFBFEF80EFB18CC08FB00F943EA0C43D9
:10051000994528D9EB1808F1FF3204D2994502D940
:10052000A8F102022B44A3EB0903A4B2B3FBFEFC27
:100530000EFB1C330CFB00F044EA0344A04214D928
:100540002C190CF1FF3304D2A04202D9ACF1020302
:100550002C44241A43EA02401EB1FC4000233460BC
:100560007360BDE8F0874246DDE76346F1E7002AA5
:1005700079D0B2FA82F3002B3FD01946C1F12003A3
:1005800002FA01F500FA01F42EFA03F20EFA01FE66
:1005900020FA03F3AFB243EA0E034FEA154EB2FB63
:1005A000FEFC0EFB1C201A0C0CFB07F842EA004272
:1005B00090455AD9AA180CF1FF3004D2904502D9BF
:1005C000ACF102002A44A2EB08029BB2B2FBFEFC93
:1005D0000EFB1C220CFB07F743EA02439F4246D95D
:1005E000EB180CF1FF3204D29F4202D9ACF10202A7
:1005F0002B44DB1B42EA004202E0AEEB0203012285
:100600004FEA154EAFB2200CB3FBFEFC0EFB1C33C1
:100610000CFB07F840EA034398452AD9EB180CF184
:10062000FF3004D2984502D9ACF102002B44A3EB71
:100630000803A4B2B3FBFEFC0EFB1C330CFB07F754
:1006400044EA0344A74216D92C190CF1FF3304D213
:10065000A74202D9ACF102032C44E41B43EA004058
:100660000F46114678E71F2188E76046ABE76246F0
:10067000BFE76046DBE76346EFE7734506D916B987
:10068000002108466DE7C6E9000EF9E7B3FA83F7E3
:1006900087B9734501D3824207D8841A6EEB0303EE
:1006A00001209C461EB900215BE73846FAE7C6E9FF
:1006B000004CF8E7C7F1200CBB4000FA07F422FA1F
:1006C0000CF520FA0CF1BA401D432EFA0CF30EFA89
:1006D00007FE4FEA154941EA0E011FFA85FEB3FBFA
:1006E000F9F809FB18300B0C08FB0EFA43EA00433B
:1006F0009A4540D9EB1808F1FF3004D29A4502D947
:10070000A8F102002B44A3EB0A0389B2B3FBF9F86A
:1007100009FB183308FB0EFE41EA03418E452CD934
:10072000691808F1FF3304D28E4502D9A8F10203FB
:10073000294443EA0040A1EB0E01A0FB0298414589
:10074000CE46434602D306D14C4504D20138B9EB1C
:10075000020E68EB0503002EA5D0B4EB0E0261EB90
:10076000030101FA0CFC22FA07F3F9404CEA0303F7
:10077000C6E9003197E74046C5E74346D9E70000A0
:10078000F7B5002240F60340114602F03DF804465A
:10079000002853D101F084FF214641F2030001AA51
:1007A00002F032F80446002848D1019A254DD1685C
:1007B00005F17803D1F80100D1F8051003C3104604
:1007C00001F098FB214641F2010001AA02F01CF859
:1007D000044698BB0198C3685A7885F870205A88F7
:1007E000A5F872201A7985F87120B3F80720A5F8CA
:1007F0007420B3F80530A5F8763001F07BFB214674
:1008000041F2020001AA01F0FFFF0446B0B9019FC6
:1008100005F18006FA68531C41323446186859685D
:10082000083303C493422646F7D1384601F062FBF1
:1008300095F87C305F0607D46FF01204204603B0B1
:10084000F0BD00BF00000020002142F2030001AA19
:1008500001F0DAFF04460028F0D1019BBA4EDA68B5
:10086000D2F80100D2F8051003C6184601F042FB89
:10087000214642F2020001AA01F0C6FF0446002808
:10088000DCD1019CE368B3F8012091B249B1D97879
:1008900039B1A5F8FC20DA78114606F120001EF0E7
:1008A00031FB204601F026FB1F2395F87C60A5F85C
:1008B000103116F0200619D14FF0FF304FF0FF3104
:1008C00001F00EFF0446002800F0378102210C30B1
:1008D0001AF060FD0123214603704670324640F64F
:1008E0006D4001F091FF04460028A7D195F89C3097
:1008F0001E0712D5002142F21C0001AA01F084FF5C
:10090000044600289AD10198C368D3F80120D3F88F
:100910000530C5E9382301F0EDFA95F8D8309C068A
:1009200025D568460DF102011BF063F80446002846
:1009300084D14FF0FF304FF0FF3101F0D1FE064679
:10094000002800F0FA8004210C301AF023FDBDF8D5
:10095000003022460380BDF802303146438042F227
:10096000240001F051FF044600287FF467AF95F89A
:10097000D830580610D5002142F22A0001AA01F011
:1009800043FF044600287FF459AF0198C3685B78A1
:1009900085F8123101F0AEFA4FF0FF304FF0FF3121
:1009A00001F09EFE0646002800F0C78008210C30AA
:1009B0001AF0F0FC95F8D84040F2022314F0400FF2
:1009C00008BF0323A10795F8D9104CBF43F02C03AF
:1009D00043F00C03A70648BF43F0400311F0090F92
:1009E00018BF43F4006304F001040246002143EA07
:1009F00004101AF035FF0022314642F2010001F0E6
:100A000003FF044600287FF419AF95F87C30B5F851
:100A1000FC10980679D4C9B941F2050001AA01F089
:100A2000F3FE044600287FF409AFB5F8FC30019CC2
:100A30004BB9E368B3F80120A5F8FC209A88434835
:100A400011461EF05FFA204601F054FA4FF0FF30D5
:100A50004FF0FF3101F044FE044600286DD008211C
:100A60000C301AF097FC95F8D8300246D90751D4CB
:100A70004FF0005136481AF0F3FE2146002240F6AE
:100A8000014001F0C1FE044600287FF4D7AE0146C4
:100A900001AA4FF6014001F0B7FE044620BB0198C1
:100AA00001F028FA21464FF6024001AA01F0ACFEFF
:100AB0000446C8B90198C368B3F80130A5F8C1303D
:100AC00001F018FA95F8C1305A070DD521464FF6B6
:100AD000034001AA01F098FE30B90198C3685B7821
:100AE00085F8C03001F006FAEB79BBB902F010FCD2
:100AF000044600287FF4A2AE03F0B4FD04460028AB
:100B00007FF49CAE01F026FE98E600299ED16FF09E
:100B1000040493E60AA1D1E90001ACE72E78002E87
:100B2000E4D195F8C1309B0628D54FF0FF304FF047
:100B3000FF3101F0D5FD044660B96FF068047DE631
:100B40009088000200800020D800002000010020D2
:100B50001088000206210C301AF01CFCD5F8013078
:100B600021460360074B32469B8883804FF6064040
:100B700001F04AFE04460028B8D05FE66FF0850415
:100B80005CE600BF0100002070B5044603F090FD54
:100B90000A2201460646142003F0ECFD054608B380
:100BA00014230A2184F86D3084F86C600C301AF03C
:100BB000F1FBB4F86A3029460380A38A4380E38AB4
:100BC0008380238BC380E369038120681BF0EFFCE3
:100BD00030B907A3D3E9002304F1700017F08EFBAE
:100BE000002070BD6FF00B00FBE700BFAFF300808B
:100BF000D012130000000000024A13680133136092
:100C0000704700BFCC16002030B50B4D89B003AC47
:100C10000FCD0FC42B6802222360002307490093E5
:100C200003A802F0BFFB064B011E064818BF18467A
:100C30001AF05AF909B030BDF0130200781402001E
:100C4000DE260200F326020001481AF04DB900BF6B
:100C50000027020008B503481AF046F90022024BAB
:100C60001A7008BD4B2702008236002010B51446CA
:100C700003F070F9C822074B002102FB003318462D
:100C80001FF0CBFD044A42601722C2822060002080
:100C900010BD00BFB0080020FC01002010B50446C4
:100CA00009481AF021F9094B094A1C600023136016
:100CB000084A1360084A13600122084B1A7008485A
:100CC000BDE8104017F074B867270200D416002062
:100CD000C8160020CC160020D01600208236002036
:100CE00038060020F7B50D4D0D4E0E4C002147F68D
:100CF00012201EF0D0FA2B7831680BB90029F5D0FC
:100D000022680948094B171D8F4238BF03460093DC
:100D1000074B08481B681AF0E7F8E7E7823600201F
:100D2000D0160020CC16002080270200302C0200B4
:100D3000C8160020A427020070B51D4E4FF0FF32E8
:100D40004FF0FF331B4817F067F83378002BF5D0CE
:100D50000022002318481AF0ADFA044620B9174AB9
:100D60001368013313601BE000F10C0528460B21CA
:100D70001AF005FB1422284611491AF011FB114BF9
:100D80002146186804F0FEF8051E0FDA204601F02F
:100D9000B1F815F1800F03D029460B481AF0A4F8DA
:100DA000002140F271201EF076FACEE7074AD7E71D
:100DB0008236002038060020B0060020C816002029
:100DC000632E0200D4160020C7270200D016002090
:100DD00010B5002001F096FE044628B101460748F0
:100DE0001AF082F8204610BD054803F01BFE2921A9
:100DF00004481AF079F8FFF707FFF3E7D427020059
:100E0000F0010020E2270200014B1B68184700BFD9
:100E100024020020014B1860704700BF240200200C
:100E200030B5044685B00D461022002168461FF0FB
:100E3000F4FC02238DF80230044B2A462146684612
:100E4000019319F00FFC05B030BD00BF090E000082
:100E500080B505460E461746984617F043FD0346F3
:100E600000F0F0FC0446DFF81890424649F80030E4
:100E700039463046A84754F8090000F07BFC00BF13
:100E8000080000002DE9F047058B044628071746A7
:100E90000CD501290CBF45F0100545F02005258330
:100EA00087F31188BFF36F8FBDE8F087022905F043
:100EB000070540F0948020461AF04BF8052864D8C6
:100EC00001A353F820F000BFA10E0000DF0F0000C7
:100ED0008B0F00004D0F0000670F0000790F00001E
:100EE00001F007035A1F012A1FD8002221F0070131
:100EF000062BD4F8008089B2C4E9002209D1434608
:100F000003E0628B013262831B68002BF9D141F050
:100F10000201204621831AF01CF84FF00009002836
:100F20006DD041F02001218369E0042B0AD121F02A
:100F3000070189B2204621831AF00BF810B141F065
:100F4000200121834FF00008C14658E02369D3F8FF
:100F50000090238B23F0070343F006034FF00008B3
:100F6000238346464BE02369D3F80490238B23F078
:100F7000070343F00403F1E72369D3F80890238BB8
:100F800023F0070343F00503E8E74FF00008C146EC
:100F9000E7E7012243F00803238387F31188BFF3B7
:100FA0006F8F002A3BD1B8F1000F4AD1B9F1000F81
:100FB00002D020462C49C847EFF31187202383F342
:100FC0001288BFF36F8F238B23F008039BB2238318
:100FD000D9063FD523F01002228303F00705666986
:100FE000218B002EBFF67CAF00239946D4F80080F9
:100FF00021F00701C4E9003341F001012183238B73
:1010000003F0070AAA4502D0A268002AC1D1B8F1AC
:10101000000F02D1B9F1000FDAD00022BAE7A168BF
:101020000029C0D00D680029BDD033465246204665
:101030004F68B8471DB12B6829461D46F3E72B467C
:10104000FAE74146334652462046D8F8008019F068
:10105000ACFFA8E79A067FF523AF23F02002228396
:1010600003F0070527E700BFD7AF0100014B03607E
:10107000002070479C14020010B54FF42814DFF8CC
:1010800020C086B0CDE904C40824029404AC0194C5
:10109000BDF8204000941CF020FB06B010BD00BF3E
:1010A0001800280008B50348034A0021121A1AF054
:1010B0008FF808BDB007002044370020074808B566
:1010C000074A0849121A1AF085F8BDE80840064890
:1010D000064A0749121A1AF07DB800BF0000002026
:1010E000AC070020A8310200000000200000002012
:1010F000A831020038B505460C4699B1D1E9012363
:101100000F48096819F0F0FED4E90423E1680D489E
:1011100019F0EAFEE1690C4819F0E6FEA1690B48F6
:1011200019F0E2FE012D05D1EFF3058108481039D1
:1011300019F0DAFE21462846BDE8384016F0C2BB59
:10114000322802006228020092280200A22802002F
:10115000D128020030BFFFF7FDBF00BF2DE9F041ED
:1011600005460B4EDFF82C80324606EB0807CC1BF9
:10117000204609491FF02BFBA01942460021083CDC
:101180001FF04BFB2C6707F10800BDE8F08100BFA2
:101190000000000008000000F013020010B5204C11
:1011A000204819F0A1FEA36A990137D51E4819F00D
:1011B0009BFE1E20A36ADA0103D51C4819F094FE99
:1011C0001F20174CA36ADB0203D5194819F08CFEC7
:1011D0000220A36A1C0303D5164819F085FE2120BE
:1011E0000F4CA36A590303D5134819F07DFE222042
:1011F000A36A9A0303D5114819F076FE2320084C00
:10120000A36ADB0303D50E4819F06EFE2420A36AFF
:101210006FEA03436FEA1343A36210BD1D20C9E7C1
:1012200000ED00E0E5280200FE280200122902007D
:101230002D29020058290200772902009D29020069
:10124000B829020070B5244C064624480D4619F012
:101250004BFEA36AD90435D5214819F045FE172065
:10126000A36A1A0503D51F4819F03EFE18201A4C30
:10127000A36A9B050FD51C4819F036FEA16BA36A23
:10128000180407D5194819F02FFE1EB1A36A23F4DC
:101290000043A3621920104CA36A590503D51448D2
:1012A00019F022FE1A20A36ADA050DD5114819F0AB
:1012B0001BFE1B20084A936A43F47F43936200237A
:1012C0002B7070BD1620CBE7A36A9B04F2D50A48A9
:1012D00019F00AFE1C20EDE700ED00E0E429020011
:1012E000FB2902000D2A0200212A02003B2A0200EB
:1012F000512A02006D2A0200862A020070B5264C8F
:10130000064626480D4619F0EFFDA36AD80640D5DB
:10131000234819F0E9FD1120A36A190703D52148D4
:1013200019F0E2FD12201C4CA36A9A070FD51E4843
:1013300019F0DAFD616BA36A1B0607D51B4819F08B
:10134000D3FD1EB1A36A23F08003A3621320124CC5
:10135000A36ADE0703D5164819F0C6FD1420A36A58
:101360009C0603D5134819F0BFFD15200A4B9A6A55
:10137000D10658BF9A6A9A6A920642BF5A6A22F404
:1013800000525A629A6A42F0FF029A6200232B705E
:1013900070BD1020C0E700BF00ED00E0B62A0200DB
:1013A000CD2A02000D2A0200012B02001A2B020096
:1013B000312B0200862A02002DE9F0415D4B0446E4
:1013C0005F6800258AB0C7F3080685F31188BFF36C
:1013D0006F8F02F07F43B3F17F4F06D102F00C0311
:1013E000082B13D1544819F07FFD00252C464FF0EF
:1013F0000008F31E8DF80780092B00F28B80DFE8D0
:1014000003F00A7F837B89898989898710074CBF0C
:101410000C460125EBE74948464E19F065FD8DF86D
:101420000780F36A9A0704D5454819F05DFD00234B
:101430002AE0F36A002B01DA4248F6E7F36A5B0020
:10144000F5D5414819F050FD7369A26943F48073E2
:101450007361BFF34F8FBFF36F8F32F8023C726935
:1014600022F480727261BFF34F8FBFF36F8F03F46A
:101470007F42B2F55F4F27D1DBB2022B24D1216826
:10148000324819F031FD23689DF80720CAB902AE31
:1014900004F12007324620686168083403C2BC4268
:1014A0001646F7D1099A002D40D0C2F3080121B9A0
:1014B0006FEA52226FEA42220992184602A9FFF708
:1014C00019FE0AB0BDE8F0811A4B9A6AD2B22AB16D
:1014D00001200DF10701FFF711FF0FE09A6A12F4E6
:1014E0007F4F05D001200DF10701FFF7ABFE05E0AE
:1014F0009B6AB3F5803F9AD3FFF750FE0346C3E7DC
:1015000000200DF10701E6E700200DF10701ECE7EF
:101510000F488AE70F4B17F4F87F0F490F4808BFB1
:101520001946A6F1100219F0DFFC80E76FF30802FC
:10153000C2E700BF00ED00E07F2B0200AB2B0200F2
:10154000C32B0200E52B0200F42B0200142C020036
:10155000312C0200512B0200662B0200562C020097
:10156000064B5A6942F010025A615A6942F480628D
:101570005A615A6922F008025A61704700ED00E092
:10158000EFF30880EFF3098101B57246FFF714FF0E
:1015900001BD00BF0B4880F3088815F0D7F9202063
:1015A00080F3118808484FF40061401880F30988DF
:1015B000EFF314800221084380F31488BFF36F8F88
:1015C00000F06AF810610020D05300201EF0040FD4
:1015D0000CBFEFF30880EFF30980816911F8021C5A
:1015E0000229FFD001B5724619F0F6FD01BD00BF1A
:1015F00000B2002807DB01234109034A00F01F0065
:10160000834042F82130704700E100E000B200283A
:101610000CDB01220649430900F01F008240203301
:1016200041F82320BFF34F8FBFF36F8F704700BF88
:1016300000E100E0054B420953F82220012300F0AD
:101640001F0003FA00F01040704700BF00E100E007
:1016500000B2002801F10101ACBF00F16040064B6F
:101660004FEA4111C9B2ABBF00F5614000F00F0075
:1016700080F800131954704714ED00E0044B054A3C
:1016800023F07F039360BFF34F8FBFF36F8F7047DB
:101690000000000000ED00E008B5FFF7EFFF0B4A87
:1016A000D2F8883023F47003C2F88830EFF3148343
:1016B00023F0040383F31488BFF36F8FFFF7F2FC6A
:1016C000FFF7FCFC00F09CF816F0C0F900ED00E01C
:1016D00042F8203C009B0B4942F81C3C019B21F046
:1016E000010142F8183C029B42F8081C42F8143CE5
:1016F0004FF0807342F8043C0023203A02654367B0
:10170000704700BF510E000000B50D4B15469860A4
:10171000026F0C4B0E461A60036E83F30B882C4647
:1017200086F309880020044B9847204600210022B8
:101730000023024C2047000005B20100510E0000BA
:10174000902F0020D81600201022014B1A617047FC
:1017500000ED00E0054B5A699B689A421FBF044A9E
:10176000536843F080535360704700BF902F0020B0
:1017700000ED00E0084B9B6883420BD1EFF305833B
:1017800043B1064B5A6842F080525A605A6A22F4BA
:1017900000425A6217F0ACB8902F002000ED00E034
:1017A00014498A684FF030001044EFF3098C80E848
:1017B000F01F202080F31288BFF36F8F0E4F4FF081
:1017C00000664A698A603E60106F0C4C2060506F62
:1017D0000023536780F3118802F1300090E8F01F76
:1017E0008CF3098802F1000004B519F004FDBDE88E
:1017F00004407047902F002004ED00E0D816002030
:101800000023202040F20F1210B5044CE1180133E0
:10181000934281F80003F9D110BD00BF00E100E060
:1018200008B5EFF30583064A103B02EBC30152F8FB
:10183000330049688847BDE80840FFF78BBF00BF09
:101840006C0A02000148006870470000D8160020AA
:101850001FB50121094B0A4A0A4800F0F7F8002396
:10186000064A0393084B0121019301A8D31A02935E
:1018700000F0F6F805B05DF804FB00BF000004209E
:101880000000002028150200B00700200A7A0B682B
:1018900010B562F304031C46CB68520923F01F0302
:1018A00043EA4203044A43F00103C2F89800C2F835
:1018B0009C40C2F8A03010BD00ED00E010B5074B11
:1018C000D3F89030C3F30723013B984202D8FFF7C7
:1018D000DDFF10BD6FF01500FBE700BF00ED00E07D
:1018E0002DE9F04F0F46144606464FF000084B4DC9
:1018F00085B0B84580F28E80D6F80490B9F1000F1B
:1019000035D0B9F11F0F40F2838019F01F0F7FD13E
:10191000D6F800A01AF01F0F7AD1504619F095FCA6
:10192000834609EB0A00013819F08FFC83456FD11B
:101930001BF1160F6CD05C456ADDC5F898B0D5F880
:101940009C10C5F898B0D5F8A03021F01F0143F0E5
:101950001F0AD6E900321A44994202F1FF391BD11D
:10196000CA4508D131465FFA8BF019F077FC08F1CF
:1019700001080C36BDE73146C5F898B0D5F89C3063
:10198000E0B263F30402C5F89C2019F067FC10F183
:10199000160F3DD0441CEAE7C5F898B0D5F8A02052
:1019A000013B23F01F0302F01F021343CA453146D7
:1019B000E0B2C5F8A030E8D019F050FC10F1160FD5
:1019C00026D0C5F898B0D5F89C209DF808300AF1CB
:1019D000FF3A62F304038DF80830D5F8A0309DF883
:1019E00008205B0863F347128DF80820D6E900321F
:1019F0001344009323F01F035344A3EB0903013066
:101A000023F01F036946C0B20393FFF757FFBEE7F9
:101A10006FF01504204605B0BDE8F08F00ED00E042
:101A20000522044BC3F89420BFF34F8FBFF36F8F91
:101A3000704700BF00ED00E0BFF35F8F0022024B54
:101A4000C3F89420704700BF00ED00E010B5034CD0
:101A50002278FFF745FF207010BD00BF83360020BD
:101A60002DE9F74F294D8A4606464FF00008AB4650
:101A7000274FD0451BDAD6F80490B9F1000F3FD0BC
:101A800031680846019119F0E0FB0199044609EB21
:101A90000100013819F0D9FB84424FF014021D4BAC
:101AA00008D002FB08F36FF015024BF8032003B0D7
:101AB000BDE8F08F14F1160F2C60F8D01978A14210
:101AC000F5DD02FB08B0C7F89840C7F89840D7F892
:101AD0009C4000F10801007B64F304000871D7F812
:101AE000A0000C79400860F347140C71D7F89C10E3
:101AF00021F01F016960D7F8A01021F01F012961B2
:101B000008F1010814350C36B3E700BFDC160020DD
:101B100000ED00E083360020F0B55349534DD1F875
:101B200090302C68C3F307239C4287B000F2998061
:101B30000020FFF781FF4E4BC1F8C030844216D120
:101B40004C4D01A82C70FFF791FA002607464A4C2D
:101B5000B74213D100202B784349D1F89020C2F32B
:101B60000722934277DBFFF75BFF002046E06968BE
:101B700001EB0011FFF78AFE0130DFE70199300128
:101B800001EB0613DA682240B2F1807F52D00AD806
:101B9000B2F5001F34D0B2F5800F3ED0B2F5801FF1
:101BA00012D00136D4E7B2F1006F43D0B2F1805FBA
:101BB000F7D15A689B680958013B22F01F00034483
:101BC00023F01F03012032E05A689B680958013B4B
:101BD00022F01F0003440120844623F01F0340EA43
:101BE0004C10CDE902218DF8100002A92878059348
:101BF000FFF764FE00282ADA6FF0150007B0F0BD89
:101C00005A689B680958013B22F01F0003444FF0BB
:101C1000020C012023F01F03E1E75A689B68095872
:101C2000013B22F01F000344062023F01F034FF066
:101C3000000CD4E75A689B680958013B22F01F004A
:101C400003444FF0030C012023F01F03C7E72B7858
:101C500001332B70A5E7C1F89830C1F8A00001331B
:101C60007BE74FF0FF30C9E700ED00E034150200DC
:101C7000AAFF4400833600200000F0FF08B5024BA5
:101C80001B689847002008BDF0160020034B044A4B
:101C90001860937843F0020393707047F0160020A9
:101CA0004002002008B50649064821F00701C1F1AD
:101CB000005202F5802219F0D4F8002008BD00BFC0
:101CC0009B730020F41600204FF0FF324FF0FF33DB
:101CD000014815F075BF00BF50020020014815F003
:101CE000E1BF00BF5002002038B50546FFF7ECFF0A
:101CF0002A460821074819F043F8044628B925B1B7
:101D0000FFF7A0FD0C22044B1A50FFF7E7FF204617
:101D100038BD00BFF41600200C00000010B50446CA
:101D2000FFF7D2FF2146034818F0A4FFBDE810409A
:101D3000FFF7D4BFF416002070B5A0FB015434B9EE
:101D40002846FFF7D1FF064640B9304670BDFFF781
:101D500079FD0C22044B00261A50F6E72A4621464C
:101D60001EF05BFDF1E700BF0C00000070B541699B
:101D70000446867A0A4D59B1437ADB0706D42423F8
:101D800003FB0653DB691B689B689847002363616C
:101D90002420214600FB0650BDE870401DF096B897
:101DA000680600202422024B02FB0030704700BF6F
:101DB000680600202421827A054B01FB02331A6A4F
:101DC0001B7D801A1B3323F00303B0FBF3F0704735
:101DD0006806002038B52424827A064B04FB0233BF
:101DE000DB69D3E901240C601568FFF7E3FF04FB0E
:101DF000005038BD680600202DE9F04385B0054647
:101E0000684690461C4603911DF0F5FADDE900672F
:101E1000EFF31189202383F31288BFF36F8F6B8A4E
:101E2000002B41D02A8A9A4225D900220023284635
:101E300015F088FF0446F0B189F31188BFF36F8F66
:101E4000039B002B41D032463B4668461DF0F8FA12
:101E50002421A27A254B204601FB0233DB6903A92A
:101E60001B681D68DDE90023A847606170BB204640
:101E7000FFF77CFF24E0698A4B1E6B8289F311888F
:101E8000BFF36F8F2B7D2A8A2C6A1B3323F0030349
:101E9000521A02FB0344154B154AEB1A9B1053438D
:101EA000A3722B7DE372CBE789F31188BFF36F8FA9
:101EB00023464246284615F045FF04460028BFD178
:101EC0000024204605B0BDE8F083636101230025AE
:101ED0002381039B29466382E27A656004F118003E
:101EE0001EF09BFC63692582E360EAE76806002038
:101EF000398EE338F8B5002424260F4D00B9F8BD1B
:101F0000476800F10802D2E8EF3F591EC2E8EC1F13
:101F1000BCF1000FF7D1DBB2012BF0D1837AC460A2
:101F200006FB035344609B6913B198473846E5E7C5
:101F3000FFF71CFFFAE700BF680600202DE9F84F05
:101F400006460D4617460446A3466468002CFBD19E
:101F50004FF02409DFF878A0BBF81030BBF812204E
:101F6000DBF81410D21ADBF80C300BF10C005B1A02
:101F7000D21AAA4228BF2A461FFA82F83946424698
:101F800019F00EFAB5EB0805444447441DD00C9BEC
:101F900053B1DDE90A010D9A98478346A8B101467D
:101FA000304619F0CEF9D7E7B07A09FB00A0C36933
:101FB0009B6843B1AB4228BF2B461946DDE90A2393
:101FC000FFF71AFFE9E72946F8E72046BDE8F88F52
:101FD0006806002008B5244A244B1A6013F020FF3D
:101FE0004FF47A612248D0F82436C3F30802C3F3D1
:101FF00009434B4382F480721E49883201FB02334D
:102000004FF4FA215B00B3FBF1F201FB12331A49E2
:10201000B3F57A3F28BF0132C1F80429D0F8203641
:102020004FF47A60C3F30802C3F30943434342F217
:102030001C5082F4807202F2172200FB02334FF42C
:102040007A701B0AB3FBF0F200FB12330020B3F5E9
:10205000FA7F4FF0010328BF0132C1F81C27C1F8F5
:102060000009C1F8003608BD0020A107B005002016
:1020700000C0FF00F82A00800000125048B1054B54
:10208000054A1B68B3FBF2F35843044B43F00103CA
:1020900018477047B005002040420F00601402004E
:1020A00010B50024094B86B009480393CDE90444D8
:1020B0001CF0F7FF03AB00934FF4AF620A2305490E
:1020C000034816F07DF8204606B010BD792C0200BA
:1020D00078090020483F00200146014816F0B0B8BA
:1020E00078090020014601481CF0B0BF78090020A3
:1020F00030B50378012B11D0022B21D06BB90A46E1
:10210000144B03F1100453F8045BA34242F8045B40
:10211000F9D143881A0A8A70CB7030BD0A460D4B3C
:1021200003F1100453F8045BA34242F8045BF9D1B5
:1021300043681A0C180E4A700870C3F30722EAE7C6
:1021400000F11003013913F80129984201F8012F19
:10215000F9D1E2E7912E020010B519F020FA1CF037
:10216000FDFF044608B916F0F9FA064BD3E8AF3F75
:102170000BB10A2098471CB9BDE8104016F002BB0D
:1021800010BD00BF0017002038B50446084819F0FC
:1021900091F8054648B1631EDBB21F2B96BF054A76
:1021A0000021D15C0C3019F004F9284638BD00BF7D
:1021B00064070020A12E02000F2810B50CD80D28AE
:1021C0000CD90A4819F076F8044618B104210C30ED
:1021D00019F0EFF8204610BD1328F2D009B10448D9
:1021E000F0E70220BDE81040FFF7CEBF88070020CF
:1021F000F806002038B5C5682B7893B9B5F80140CA
:102200000F21204601F08AFEEB78054650B90A4AB4
:10221000118831B96FEA04506FEA10501080074AF4
:10222000137038BD0373012101F0DEFD2846BDE8BF
:10223000384001F08DBD00BF5836002084360020A4
:1022400010B5002486B003AB00934FF480624FF0CA
:10225000FF3305490548CDE90344059415F0B0FF67
:10226000204606B010BD00BFC0440020180A002060
:1022700010B5084C0146062294F86F0002F02EF9C2
:1022800038B994F86F000522BDE81040024902F009
:1022900025B910BD00000020772E020010B50121E5
:1022A00004460C3019F0B2F82146BDE81040002376
:1022B000014A007819F054BA5416020010B50121F1
:1022C00004460C3019F0A2F82146BDE8104008235E
:1022D000014A007819F044BA1416020070B531486A
:1022E00019F001F8044600285AD000F10C052846E0
:1022F00019F094F8022805D004282FD02046FFF7C3
:10230000F9FD21E0238A032BF8D90421284619F08E
:102310007DF8FF22438806882276228AC6F30B00C6
:102320009A426083EAD10F2101F0F8FD05460028AA
:10233000E4D001F00FFE21462076320B284619F03A
:1023400084FE284601F004FD174BD3F834313BB32B
:10235000BDE87040154916481CF078BE2846022199
:1023600019F054F8054600783E2812D019F08CF97F
:1023700010F002060DD140F69A430E4A0E490F485E
:1023800018F0BFFD86F31188BFF36F8F0323184643
:1023900002DF062321460A4A287819F0E1F9ADE761
:1023A00070BD00BF34010020000000206403002045
:1023B000B80A0020822C0200B62C0200E42C020095
:1023C000E415020010B5012104460C3019F01EF886
:1023D0002146BDE810400223014A007819F0C0B937
:1023E000D41502002DE9F0470C4616F0B7F9E56860
:1023F0002B78022B67D0042B05D02046FFF77AFDFF
:102400006FF0150408E0B4F81080B8F1020F08D896
:102410002046FFF76FFD002416F0B4F92046BDE812
:10242000F08768783E2809D1B8F1030FF0D0EB7837
:10243000012B01D00A2B46D1032704E019F024F91F
:102440000746F8073FD504F10C0601213046D4F8C1
:1024500014A018F0D3FF0221304618F0D7FF8146B0
:1024600000783E2807D1E3681B78012B01D00A2BA6
:1024700006D1032614E019F007F9C10706460FD468
:1024800041F26813164A1749174818F03AFD00231D
:1024900083F31188BFF36F8F0323184602DF0226F0
:1024A000124A0623214699F8000019F059F9B2079B
:1024B00012D56369A5EB0A0513FA85F5E560A4F862
:1024C0001080BB07A7D52146094818F0F7FE094937
:1024D00009481CF0BBFD9EE72046FFF70BFDF0E727
:1024E000822C0200012D0200E42C0200A41502003F
:1024F0003401002064030020B80A00202DE9F047D1
:10250000884616468246002868D00023DFF8D0901F
:10251000D9E8EF4FC9E8E23F002AF9D1002C5DD09D
:102520002046FFF747FC0C232E4D274603FB0050A7
:10253000438853450DD0D9E8EF3FC9E8E27F002A30
:10254000F9D1002B4AD01F463846BDE8F047FFF7C7
:10255000D1BCA64208D0204618F0A7FE328AF16806
:1025600004F10C0018F01CFF2046FFF723FC0C269A
:1025700006FB00504368ABB1B8F1000F12D1204602
:10258000FFF718FC012106FB00504268536803F076
:102590001F00814010685B0900EB8300137ACBB108
:1025A00019F0B1F82046FFF705FC0C2606FB005099
:1025B0008368002BC8D02046FFF7FCFB704305F86A
:1025C00000802046FFF7F6FB06FB0055A86815F0D3
:1025D000EFFBB9E7C94319F0DAF8E3E7BDE8F087A4
:1025E000300100200417002073B5C5680121B5F83B
:1025F000010001F093FC044600284CD02B78061D06
:102600001A2B19D1C378012B2DD14FF480413046BC
:1026100019F079F842040FD4D4F88C30694600934D
:10262000D4F89430204601931AF06DF8204602B099
:10263000BDE8704001F08CBB2B78A3B940F2E242B8
:10264000B5F803305343C4F88830B5F80530A4F822
:102650009030B5F80730A4F892306FF480513046CE
:1026600019F095F813E0D6E8AF3FDB04F5D52B78E9
:10267000202BF2D194F89830002BEED0013B84F857
:102680009830064A002304F1400015F003FE20466E
:1026900001F0FEFDCAE702B070BD00BF5A62020041
:1026A000054BD3E8AF2F02F00B02D3E8EF1FC3E8CE
:1026B000E02F0028F9D17047D400002010B5C1E9FF
:1026C00000239DF808300C460B72FFF773FB0C22B9
:1026D000024B02FB00335C6010BD00BF04170020FA
:1026E000F8B502460B46104818F0E4FD0446C0B1A8
:1026F00004210C3018F043FE2046FFF75BFB0C274B
:1027000000260A4D07FB005046802046FFF752FB8B
:1027100007FB005086602046FFF74CFB07FB005587
:102720006E602046F8BD00BF40070020041700205F
:1027300029289ABF014B185C09207047C12E02005E
:10274000034B0146D3F84C0182689268104700BFE2
:10275000000000200421014818F0D5BFD40000205B
:102760000048704728280200014902481CF06EBC4E
:1027700054030020180A002070B505460C4639B1F4
:10278000CB684A699B1A032B0ED86FF0150509E038
:102790004FF0FF304FF0FF31FFF7A2FF044618B9AA
:1027A0006FF06805284670BD2046FFF703FB0C223A
:1027B000134BA61802FB0033032130465D8018F04E
:1027C00000FE0580238A0121033B8370304618F008
:1027D0000CFE40F635439D4209D12046FFF7B0FF7D
:1027E00005460028DED02046FFF784FBDAE72146C5
:1027F00004481CF060FB0025FFF7B6FFD2E700BFDE
:10280000041700203C0100202DE9F043064617463E
:102810000C4685B069B94FF0FF304FF0FF31FFF73C
:102820005FFF044658B96FF06805284605B0BDE85B
:10283000F083887AFFF7B6FA304B834257D10122F2
:10284000002168461CF05EFB2046FFF7B3FA0C231C
:10285000DFF8AC9003FB0090C0F808D0204618F0D9
:1028600058FD01463046FFF787FF054618B1204660
:10287000FFF740FBD9E700236846224A15F0CCFA5F
:10288000804690B14FF4F1731F4A2049204818F058
:1028900038FB424631461F4818F033FB85F3118858
:1028A000BFF36F8F0323184602DF2046FFF782FA3B
:1028B0000C23584319F80060AEB12046093EFFF7DB
:1028C00019FB092E0CD8DFE806F0050B0B08150BD9
:1028D0000B0B0B126FF06E05A7E76FF00C05A4E76A
:1028E0006FF00405A1E7002FC1D03C609DE76FF0B9
:1028F00015059AE76FF00B0597E700BF400700202A
:1029000004170020B4C40400822C02001A2D020017
:10291000E42C0200232D02002DE9F0430026054699
:102920004F4BB0F80180198848F47042914285B04D
:1029300004BF1E804B4B05F1040408BF1E7800F055
:1029400079FAEB782046012B0ABF474B4FF000097C
:1029500093F86F9018F01FFE02AF2146B0B14FF010
:102960000109384618F00CFED5F81130CDF80130C9
:10297000B5F81530ADF80530EB78012B1BD01321DD
:10298000404619F04EF805B0BDE8F083484619F00E
:102990003FFA0346006895F8049002909A889B7964
:1029A0006868BA80BB71A288A3790090ADF8042052
:1029B0008DF80630E0E73846FFF75AFC0446002859
:1029C000DDD00346B5F8012023F8702BBA790298C0
:1029D000B98820679A7140F2E2429980B5F81730C1
:1029E00053430022C4F88830B5F81930A4F8903069
:1029F000B5F81B30A4F89230EB782273012BE3700A
:102A00001CD18DF80090BDF804209DF80630009888
:102A1000A4F87B2084F87D30C4F8770000F0BEFC79
:102A2000237A1149C3EBC3035A18CB58C4F87E303C
:102A30009388A4F88230937984F884300721204663
:102A400001F0D2F926B101212046267301F0CCF91C
:102A5000204601F0B1FA204601F07AF993E700BF71
:102A600058360020843600200000002000B5C368DE
:102A700089B01A7832B13C2A32D109B05DF804EB42
:102A800018F005BF8DF80020B3F80120ADF8012043
:102A9000DA788DF80320B3F80B20ADF81720B3F8DF
:102AA0000D20ADF81920B3F80F20ADF81B205A7C8B
:102AB0008DF81D20586801901A899B7AADF808207E
:102AC0008DF80A30084B68461A689B88CDF80B20B1
:102AD000ADF80F30CDF81120ADF81530FFF71CFF21
:102AE00009B05DF804FB00BF8B2E020010B5FDF7A6
:102AF00047FE034B1B6813B1BDE81040184710BDDB
:102B00002817002073B5254D0646D5F84C011CF05A
:102B10008AF800283BD06FF0020105F1D40018F0CC
:102B200036FE012118F0EFFD10EA010432D11C4BF2
:102B30001E600A4605F590701CF0E4F905F59E70DC
:102B40001CF08BF917481CF0ACFA6FF007034FF438
:102B5000966215491348009415F032FB1349114849
:102B60001CF002FBD5F84C01114983681B6898479B
:102B7000044648B926B902B0BDE87040FDF700BE72
:102B800005F1C40015F016FB204602B070BD6FF0D1
:102B90001204F9E76FF07704F6E700BF00000020A9
:102BA00028170020B80A0020C0480020682D020025
:102BB000E523000038B5032104460C3018F026FC4C
:102BC00040F635420346B0F8010090420DD01D7822
:102BD000E36822461978FFF791FC35B1034815F0F8
:102BE000E7F8BDE83840FFF7BFBD38BD2001002041
:102BF00038B515F0B3FD284DD5F83C31002B48D041
:102C00000022002305F5907015F006F9002840D148
:102C10000022002305F59E7015F094F8044668B96B
:102C200040F6AA431D4A1E491E4818F06AF984F36B
:102C30001188BFF36F8F0323184602DFD5F83001E8
:102C400020B1FFF757F90023C5F83031204618F0BE
:102C500060FBC5F830012046FFF772FD98B11248BD
:102C600015F0A6F82046FFF7A5F80C220F4B1F2100
:102C700002FB003022464088FFF740FC2046FFF769
:102C800039F9FFF771FDFFF76FFDBDE8384015F02A
:102C900079BD01F0A1F9F8E700000020822C0200C4
:102CA000712D0200E42C02002001002004170020F6
:102CB00038B5042104460C3018F0A8FB457801789B
:102CC00022464088FFF71AFC35B1044815F070F829
:102CD000BDE83840FFF748BD38BD00BF20010020E7
:102CE00070B54FF0FF320D464FF0FF33002106461E
:102CF000FFF762FA044660B91A230A4A0A490B48E8
:102D000018F0FFF884F31188BFF36F8F0323184680
:102D100002DF022104F10C0018F03CFB0670457044
:102D2000204670BD752D0200712D0200E42C0200BA
:102D3000F8B506460024094DEF79E3B29F4202D868
:102D40006FF0010007E02946304618F0A9FF07356B
:102D5000631C08B12046F8BD1C46EEE700000020C9
:102D600037B504460D4671B12846124918F098FF50
:102D700048B929461048C4EBC404204418F098FF11
:102D8000002003B030BD684618F0ECFB0028F8D1F5
:102D90006846FFF7CDFF0028F5DA074BC4EBC40007
:102DA0006946184418F084FF002DE9D001462846F2
:102DB000E4E700BF7E2E02000000002070B5144E34
:102DC0000622314604461DF030FDE0B14FF0FF30E1
:102DD0004FF0FF31FFF784FC0546A8B106222146DB
:102DE0000C3018F0DDFA0022294642F20500FFF708
:102DF0000BFD40B93346226843F86929A288B280A6
:102E0000012283F8682070BD6FF06800FBE700BF07
:102E100069000020064BD3E8EFCF4CF4806CC3E888
:102E2000E2CF002AF7D1037A19430172704700BF3D
:102E3000D4000020084BD3E8EF2F22F48061C3E8D0
:102E4000E01F0028F7D1530504D5002202200349D2
:102E500004F05ABC704700BFD40000206FBE0100D0
:102E6000002307B50549CDE900036A46022004F0B6
:102E70004BFC019803B05DF804FB00BF91BD01005D
:102E8000F7B5044670B1404D95F8122195F813310D
:102E90000AB19A4208D2013385F81331237A43F0FC
:102EA0000403237203B0F0BD00210222084601F0A2
:102EB00015FB064648B120460121FFF7ABFF30461F
:102EC00003B0BDE8F04000F043BF01462F4800F0DA
:102ED0005FFA95F81331B3B995F8132195F81231CB
:102EE0009A421CD1002242F229001146FFF78CFCC5
:102EF00070B995F81331013385F81331237A43F013
:102F00000403237204E0304618F016FF0028E3D0D3
:102F100000211F4803B0BDE8F04000F039BA224656
:102F2000671C394612F82E0B18F0C9FE064630BB56
:102F300095F81331013385F81331237A43F00403F4
:102F4000237295F8A7305B0719D53946684618F003
:102F5000AFFE01234FF0FF304FF0FF318DF8073007
:102F6000FFF7BEFB044650B1082269460C3018F04A
:102F700017FA3246214642F24E00FFF745FC012087
:102F800018F0DAFEC4E700BF00000020EDBD01002C
:102F90006BBD01002DE9F041044600B3364D95F8B4
:102FA000122195F8133192B10132934210DC0021C5
:102FB0000222084601F092FA064690B1204602210C
:102FC000FFF728FF3046BDE8F04100F0C1BE13B165
:102FD000013B85F81331237A23F004032372BDE803
:102FE000F0810146254800F0D3F9304618F0A4FEE0
:102FF000074688B995F8133195F812219A4217D2ED
:10300000013B85F81331237A024623F004030220A2
:103010001B49237204F078FB95F8133113B101209A
:1030200018F08AFEBDE8F0410021164800F0B0B962
:103030004FF0FF304FF0FF31FFF752FB04F1010872
:1030400006460028E8D007210C3018F0A3F94146C5
:1030500018F02EFE3A46314642F22800FFF7D4FB24
:103060000028D9D195F81331013B85F81331237A23
:1030700023F004032372CFE700000020EDBD010020
:1030800023BD01006BBD010070B5044611B16FF0A6
:10309000150070BDD8B1214918F002FEB8B920461C
:1030A000FFF746FE002832DA23784BB91C48C27974
:1030B0006ABB214618F0FCFD0123C3711046E8E706
:1030C000012BE4D1A37903F0C003C02BDFD1144D51
:1030D000EB79012B1ED005F1D403D3E8AF3FDB071A
:1030E00007D4002CD3D020460C4918F0D9FD002875
:1030F000CDD1EE792146731C3046EB71FFF730FEDF
:1031000008B93046C5E7EB79013BEB71C1E76FF0D9
:103110007700BEE76FF00B00BBE700BF7E2E02001A
:10312000000000202DE9F3410446D8B1002141F20E
:10313000090001AAFFF768FB054698B9019E06221F
:10314000D6F80C80104908F1010738461DF06DFBD8
:1031500028B1062238460D491DF067FB30B93046CC
:10316000FEF7C8FE002002B0BDE8F081D8F80130BB
:103170003046C4F80130BB882570A4F80530FEF74E
:10318000B9FE0120EFE700BF8B2E0200852E020062
:1031900007B56846FFF7C6FF044BD87118B16946FA
:1031A0000020FFF7DDFD03B05DF804FB0000002008
:1031B000F0B5294D89B0EE79002E46D195F8C23090
:1031C000DB0722D56A4631464FF60940FFF71CFB64
:1031D000D8B9DDF800C0DCF80C406378012B1E463E
:1031E00028BF012673B1A31C02AA1234174618681F
:1031F0005968083303C7A3423A46F7D118683860C4
:103200009B88BB806046FEF775FEEE710024162693
:103210000127EB79E0B2984202D3B3B1002012E06B
:1032200008AB06FB003353F8182C33F8143C6946FE
:10323000CDF80120ADF805308DF80070FFF790FD56
:1032400001340028E5D009B0F0BD0021084609B0DE
:10325000BDE8F040FFF718BF000000202DE9F04165
:103260001D460E4617460346002849D0002D47D07C
:103270000A0307D54C0743D418F0DEFD10BB012329
:103280002B701FE0B10704781ED020492FB1B20681
:1032900003D591F8D820500635D5C4EBC40411F8F5
:1032A0000480B8F1010F08D101341846214418F008
:1032B000BBFD38B985F8008002E0B8F1000FF9D005
:1032C000A7B90020BDE8F081720716D50F49C4EBFD
:1032D000C4040F5D012F07D10134214418F0A4FD6F
:1032E0000028EFD12F7001E0002FFBD0B306E8D506
:1032F0002B7843F002032B70E3E718F09DFDBEE747
:103300006FF01500DEE76FF08500DBE700000020BE
:1033100010B50A4CE3790BB1002010BDFFF738FF60
:103320000028FAD1E379002BF6D1FFF741FF0028FE
:10333000F3D1601CBDE81040FFF740BD0000002045
:10334000F7B5CDE90001694642F2080016461D4670
:103350009DF8207018F09BFD044648B95FB90B4BEF
:10336000D3E8EF1F41F00401C3E8E21F002AF7D1C0
:10337000204603B0F0BD694642F20900CDE9006580
:1033800018F085FD0028EAD00446F1E72800002067
:1033900003460148184700BF180000200048704746
:1033A000180000202DE9F04FD0F810A089B0BAF134
:1033B00000040546934618BF0124DFF8C09202912D
:1033C0000393D9E8AF3F5A0740F179814668730506
:1033D0000CD56FF01504002240F20110029B9345BA
:1033E00040F07681204609B0BDE8F08FD0F810801B
:1033F000B8F1000F01D0B707EBD0A14F2878FB79C7
:103400008342E6D9C0EBC00007229E4938441DF034
:103410000CFA0028DDD0B00706D197F87030082BE1
:1034200002D8AB689F2BD4D916F0300F72D0B8F108
:10343000000FCED0F10670D406F46036B6F5603FCA
:10344000C7D0284618F00FFD80460028C1D08E4E08
:10345000D6E8AF3FDA0500F13581D9E8AF3F5B052B
:1034600001D5FFF7E7FC0023CDE90533CDF81B308C
:10347000AB686A68ADF81030EB6812F4004FADF835
:10348000123014BF06230723D00348BF03F00503FF
:10349000910348BF03F0FB038DF81D30D9E8EF3FDF
:1034A00023F48073C9E8E23F002AF7D12B78224643
:1034B0003B7687F86F30696874480DF11503FFF7A4
:1034C000CDFE0446002886D1714BBAF1000F30D0F2
:1034D0002A69116849F8B31C9188998092799A7188
:1034E0006B689A0727D0BAF1000F2BD013F0100F9A
:1034F0000CBF012304238DF814302B691A68CDF812
:1035000016209A88ADF81A209B798DF81C304FF060
:1035100000081AE0B8F1000F8ED1D5E902239A42D3
:103520003FF657AF1F2A7FF654AFB3F5804F83D9CC
:103530004FE7544ACDE79B0502D4039B002B37D0BD
:10354000022300E053468DF814304FF0FF304FF067
:10355000FF31FFF7C5F80446002800F0B6800F22BF
:1035600004A90C3017F01CFF2146002242F206008D
:10357000FFF74AF9044600287FF42DAFBAF1000F97
:103580001AD0686810F0030022D1074601213F4895
:1035900018F0D7FC0446002840D0002F3FF41BAFA2
:1035A0003846002100F020FC384600F0D1FB12E73D
:1035B00003238DF81430AAE75946129B039A029808
:1035C000CDF80080FFF7BCFE04460028D9D002E702
:1035D0003C7E07222B492E4887F86F401DF025F9C5
:1035E00060B920462B4900F033FF074610B96FF051
:1035F0000B04F0E6052100F0F7FBC7E7204624495D
:1036000018F015FE00287FF4E4AE387E204900F063
:103610001FFF07460028EAD00621ECE717B138461D
:1036200000F096FB6B689F071FD0D6E8EF3F43F48E
:103630000073C6E8E23F002AF7D1B8F1000F2BD0A3
:10364000D6E8EF3F43F48063C6E8E23F002AF7D1B3
:103650006B68580729D5D6E8EF3F43F48053C6E896
:10366000E23F002A3FF4B7AEF5E7D6E8EF3F23F498
:103670000073C6E8E23F002ADFD0F6E7D40000205E
:10368000000000207E2E02002800002018000020EC
:1036900021000020772E0200D6E8EF3F23F480635C
:1036A000C6E8E23F002AD3D0F6E7D6E8EF3F23F49E
:1036B0008053C6E8E23F002A3FF48DAEF5E76FF095
:1036C0000A0488E66FF0770485E66FF0680482E606
:1036D0001988814204D1596811B10978C90702D407
:1036E000013208337BE6054905481BF0E0FC002366
:1036F000044A034814F002FE74E600BF99BF0100BB
:10370000300000201C4E0E0010B5184818F041FC87
:10371000174CD4E8AF3FDA05C3F3002024D5D4E832
:10372000AF3F9B0517D513490722E01F1DF07DF819
:103730000346A4F1280114F8100C93B905220E4990
:1037400000F0CCFE044630B10021017300F04CFBC8
:10375000204600F0FDFABDE810400021034818F0B3
:10376000F0BB06222131EBE710BD00BF180000209E
:10377000280000207E2E0200772E020070B59AB03D
:103780001422002104A81DF048F847F21213ADF8E6
:103790000C304FF4807344F20102ADF80E30304B20
:1037A00001A903A8CDE9052315F076FDF0B11F2589
:1037B0002C4BD3E8EF1F21F00101C3E8E21F002AE0
:1037C000F7D1294E14F0CAFF346804B1043C002D2F
:1037D000264D18BF0025002C3BD023680BB128468E
:1037E00098476468002C34D0043CF6E741220198E5
:1037F00002AB09A91CF06AF80028D8D11C4A0DF1C7
:1038000025030DF1650153F8040B8B4242F8040BBC
:10381000F9D120221749019802AB1BF0FFFF0028C5
:10382000C5D101981BF0B2FF05460028BFD1104951
:103830000E4818F0B3FB1048203118F0AFFB0F4BC7
:10384000D3E8EF1F41F01001C3E8E21F002AAFD018
:10385000F6E70023C6E9003314F094FF1AB070BDF8
:10386000000002092C17002034170020E536002044
:10387000A53600208536002005370020D400002022
:1038800030B5A7B01422002108A81CF0C6FF0423FD
:103890003D22002116A815931CF0BFFF47F212131A
:1038A000ADF81C304FF4807344F20102ADF81E30C5
:1038B000234B2449CDE9092307A8202205AB1CF09E
:1038C0002FF8B8B16FF0040414F048FF1E4B1D68C8
:1038D00065B1002018601D4BD3E8EF1F21F00201F5
:1038E000C3E8E21F002AF7D124B3A84714F04AFF27
:1038F00027B030BD164B0DF15502194603F14000BB
:1039000053F8044B834242F8044BF9D106AB0293BF
:1039100020230B48CDE9001315AA412305991CF07B
:1039200053F90028CED105981BF030FF044600283B
:10393000CAD0C7E70DA8064918F030FB0DA8D4E798
:103940000000020985360020301700202C170020C7
:10395000A5360020402208B503491CF066FFB0FAE6
:1039600080F0400908BD00BFEB2E020010B598B0F2
:1039700004461422002102A81CF04FFF44F2121347
:10398000ADF804304FF480734FF48042ADF8063048
:10399000114B2146CDE9032304230DF11D008DF8C1
:1039A0001C3018F0FBFA04F120010DF13D0018F075
:1039B000F5FA6B46412207A901A81BF0B1FF0446A6
:1039C00001A81CF027FA2CB900981BF0DFFE01209B
:1039D00018B010BD0020FBE70000020910B560B36D
:1039E0001A4A136823B1043B834229D05B68F9E784
:1039F000174BD3E8AF1F890725D41468011D446015
:103A00005068116000B95160D3E8EF2F42F0010116
:103A1000C3E8E01F0028F7D1D30701D5002010BD6F
:103A20000C4BD3E8EF1F21F01001C3E8E21F002A7E
:103A3000F7D10948FEF756FBF0E76FF01500EEE707
:103A40006FF07700EBE76FF00F00E8E73417002026
:103A50002C170020D400002084030020044BD3E85E
:103A6000AF3F13F0100F034808BF0020704700BF9E
:103A7000D4000020E536002070B5054619480368DB
:103A80008B4228D0184BD3E8AF3FDA0626D503681F
:103A900013B16FF00F0070BD144AD2E8AF3FDB07DF
:103AA000F7D4D2E8EF3F43F00204C2E8E64F002E1D
:103AB000F7D113F00204ECD1016029460C4818F04C
:103AC0006DFA0C4805F1200118F068FA0A48FEF773
:103AD00009FB2046DFE76FF07700DCE76FF07C0042
:103AE000D9E700BF30170020D40000202C17002099
:103AF000A5360020C53600207403002070B50546A9
:103B00000B4B1C6844B154F81C3C1C3C13B12846B8
:103B1000297B9847E469F5E7064C074EB44200D389
:103B200070BD236813B12846297B98472034F5E7F8
:103B300070170020C0130200E013020010B5044605
:103B4000FEF738F9044901EB0011204617F064FD37
:103B5000BDE81040FEF708BE3C170020002270B5FB
:103B60000446D1E901560748C1E901221BF0A3F937
:103B70003DB1314620462B46BDE870406FF06D02E6
:103B8000184770BD5806002037B5437B0446072B05
:103B900026D1051D4FF48061284618F024FA41050E
:103BA0001ED4D5E8AF3FDA0302D4204617F05FFFFA
:103BB000637B072B14D10B4B93F8D8309B060FD5A2
:103BC00017F07DFE60B10DF1060101A817F011FF9D
:103BD00030B92046BDF80620BDF8041017F062FF8A
:103BE00003B030BD0000002070B505460022002360
:103BF0000E4814F011F9B8B90D4B1C6834B154F8E3
:103C0000143C1C3C03B19847E469F7E7094C0A4EA1
:103C1000B44204D32846BDE8704014F0CBBAA36880
:103C200003B198472034F3E770BD00BF4806002079
:103C300070170020C0130200E01302002DE9F041CC
:103C4000044620270025EFF3118287F31288BFF383
:103C50006F8FE16929B1206A0B688142E36108BF77
:103C6000236282F31188BFF36F8F71B1D1E90168CC
:103C70000748C1E901551BF01EF91EB1002241465B
:103C80002046B047FEF770FDDDE7BDE8F08100BFDC
:103C9000580600200448B0F8FC3000F58070002B76
:103CA00008BF0020704700BF0000002030B5044668
:103CB000FDF7C8FD0D460D4A0D4989B00858D2F8E8
:103CC0008010884205D1204609B0BDE83040FFF79A
:103CD000B5BF2434214610461BF0B8F91DB1694622
:103CE00020461BF0C3F909B030BD00BF8815002085
:103CF0000800000038B5002204468A4202D10024A0
:103D0000204638BD012004F1C803D3E8EF5F002D41
:103D100004D1C3E8EC0FBCF1000FF6D102D0D034CF
:103D20000244EAE7002CEAD0C822002120461CF019
:103D300074FD04F1400004491BF0B9F9034904F192
:103D400024001BF067F9DBE789450000FDBF010097
:103D500008B500F1C803D3E8EF2F013AC3E8E12F1B
:103D60000029F8D1AAB90B4B984212D303F1D00223
:103D700090420ED2C01AD023B0FBF3F203FB120024
:103D800038B9054814F014F8BDE80840034814F0A9
:103D900011BA08BD580B002048060020A4030020DB
:103DA00010B5044618F0A1F914F0D8FC0C4B04F13E
:103DB000BC01D3F8143143B90A4818F0F9F814F0EB
:103DC000E1FCBDE81040FEF7CFBC994201D01B6872
:103DD000F1E714F0D7FC2046FFF7BAFFF1E700BF88
:103DE000000000201401002070B5457B04468D4280
:103DF00013D041730DB918F078F9637B012B09D109
:103E0000344D05F580766169002950D1BDE87040D8
:103E1000FEF7AABC072B01D0A3B170BD0023C4E9F3
:103E20000D33E378012BF8D1A37804F14000012B86
:103E300004BF032384F89830274A0023BDE870406C
:103E400014F028BA082DE8D801A353F825F000BFD4
:103E50001B3E0000753E00009B3E0000A53E00009A
:103E6000A53E0000A53E00009B3E00001B3E00005A
:103E70001B3E000004F1400528461BF024F92046B3
:103E80000121FFF713FF204618F0D6F82846BDE8B9
:103E900070400022002314F031BA237B13B1204676
:103EA000FFF72CFE2046BDE87040FFF751BFA26926
:103EB0000B68914208BFA36120466361FFF74EFE85
:103EC000B5F8FC30002B14BF3046002013F070FF13
:103ED00099E700BF000000205A620200F8B50746CB
:103EE00009480D46164618F000F9044650B183788B
:103EF0001F4203D1BDE8F840FFF72ABF3146A8476B
:103F00002046F7E7F8BD00BF580B00200022012033
:103F10000149FFF7E3BF00BF893B000038B5054604
:103F20000B480C4618F0E1F8034670B1427B012AB9
:103F300002D0073A012A06D81A88AA4202D19A78F2
:103F4000144203D11846FFF703FF0023184638BD7B
:103F5000580B0020034BC01A034B00115843C0B24A
:103F6000704700BF580B0020C54EECC470B51C460E
:103F7000144305460E4608D0FDF764FC0B4908586B
:103F80000B49D1F88010884201D10022134609491B
:103F9000002D14BF2846084617F08CF9044618B1C6
:103FA000711D0C3017F0EBF9204670BD08000000C1
:103FB000881500206806002010B50446054814F056
:103FC000F9F8204600F0E2FC2046BDE81040FFF77B
:103FD00095BD00BF9403002000232DE9F04F87B06A
:103FE00003930593A54B5A8A32B1A54DD5F81441D8
:103FF00034B907B0BDE8F08F1B68002BF5D1F8E7A6
:1040000054F8BC3903B1BC3B00269E4901E01C4674
:104010001346B5F8FC20002A00F02E81D5F80821BF
:104020004AB904F1BC06002BE3D0D3F8BC20002A27
:10403000EDD0BC3AEBE70A68002AF2D0D4F8A82009
:10404000002AEED0D4F8AC20002AEAD0D4F8B02070
:10405000002AE6D0637B072B66D1204690470028D4
:1040600062D004F1C003D3E8AF3F022B5CDC2046F2
:1040700018F03BF804460028BBD0637B072B40F0C8
:10408000F2802046D4F8A830B5F8FC1004AA98476E
:104090000746002800F0CA80B5F8FC20049B9A422D
:1040A00006D30146D4F8AC60204605AB03AAB0475E
:1040B000059BDDF80C9001933B8A002B00F0D68025
:1040C0003846DDF810A017F0BDFA8046002840F011
:1040D000D080B5F8FC30DFF8B0B1002B14BF5846E3
:1040E00000200022002313F097FE78B9002200235D
:1040F000644813F027FE064600283BD1B5F8FC3093
:10410000002B18BF5E46304613F052FE6FF00B05D1
:104110003846FDF7EFFEB9F1000F00F083802A4624
:1041200020460199C8477DE0D4F8BC3004F1BC02B8
:10413000C6B9D5F81811C5F814318A4201D1C5F8AD
:10414000183100232046C4F8BC30D4F8B03098476A
:10415000002892D0637B072B40F085802046FFF734
:104160001FFE8AE73360D5F818319A4208BFC5F8B8
:104170001861E6E7019BC0F804908360B5F8FCB0D5
:104180000022DA454FF000034FF000013B4898BF92
:104190001FFA8AFBFDF730FE814650B1FDF70AFE9B
:1041A0003A4B5A4603EB00133946484617F00FFACC
:1041B0008146B5F8FC3094F8C4709A458CBF4FF036
:1041C0000108023784F8C48098BFFFB204F1C00828
:1041D000D8E8EF3F0133C8E8E23F002AF8D104F104
:1041E000140A3146504617F0E3FEA378012B21D084
:1041F000D8E8EF3F013BC8E8E23F002AF8D131465A
:10420000504617F0FEFE4846FDF774FE2046314644
:10421000FFF7A4FCB5F8FC301B48002B08BF0020BA
:1042200013F0C6FD1321204617F073FF2046FFF759
:104230008FFDDEE609F10C0B0421584617F0C1F89A
:10424000238807F0FD0743EA07330380B9F81030ED
:104250000221043B4380584617F0C7F84846FEF752
:104260006FFA0028C4D1FEF77FFADFE76FF0790517
:104270004EE76FF004054BE79368FFDE1C07002054
:104280000000002058060020000100203C170020FC
:1042900040F2E2432DE9F041D0F888600446B6FBD5
:1042A000F3F6031DB6B2D3E8AF2F920413D5B0F8DE
:1042B0008C20B2420FD8B0F88E20B2420BD3D0E996
:1042C0002412914207D1D3E8EF1F21F40051C3E833
:1042D000E21F002AF7D1114B1D6865B155F80C7C1F
:1042E0001C3D37B131462046B4F89230B4F89020E6
:1042F000B847ED69F1E70A4DDFF82880454501D35D
:10430000BDE8F0812F6937B131462046B4F89230CC
:10431000B4F89020B8472035F0E700BF70170020B0
:10432000C0130200E01302002DE9F04107460846E1
:104330000D4617F0C6FA064618B900263046BDE805
:10434000F081144B1C6884B154F8103C1C3C0BB930
:10435000E469F8E72946384698470028EDD0284612
:1043600017F0AFFA0028F3D1E7E70B4CDFF82C8009
:104370004445E3D2E3680BB92034F9E729463846CF
:1043800098470028D9D0284617F09BFA0028F3D187
:10439000D3E700BF70170020C0130200E013020033
:1043A0002DE9F041C37804468BB900F17E06114B2C
:1043B0001D687DB11C3D04F170076B691BB13A4665
:1043C000314620469847ED6925B11C3DF5E700F1DF
:1043D0007706ECE7084D094F04F17008BD4201D3A0
:1043E000BDE8F0816B691BB14246314620469847D3
:1043F0002035F3E770170020C0130200E01302001D
:10440000F8B5437A05468372164618F033F90D4B1A
:104410001C684CB154F8043C1C3C1BB13246284685
:10442000697A9847E469F4E7074C084FBC4200D327
:10443000F8BDA3691BB132462846697A98472034F3
:10444000F4E700BF70170020C0130200E013020061
:1044500038B505460C460F480121FFF74BFCC0B1AB
:10446000057223680367A388A0F87430A37980F8E5
:1044700076300123437283728370074BC0F8A830F3
:10448000064BC0F8AC30064BC0F8B030054BC0F856
:104490008C3038BD580B0020AD470000D1BF010063
:1044A000C5BF01001800280070B505460A480E4631
:1044B00017F01BFE044620B18378012B04D0FFF7D0
:1044C00047FC0024204670BD3246294617F08FFE77
:1044D0000028F7D12046F2E7580B0020F8B5054632
:1044E0000E480E46174617F000FE044620B18378AA
:1044F000012B03D0FFF72CFC00240DE036B132462F
:10450000294617F074FE08B92046F3E7637BBB42E7
:10451000FAD1237AAB42F7D12046F8BD580B0020E0
:1045200038B5044608460D4617F0CBF938B3154B9D
:1045300093F8D830990707D4E37873B12946204619
:10454000BDE8384018F0DFB894F899309A07F3D5F1
:10455000231DD3E8AF3F5B04EED42946204617F075
:104560006EFE58B92B88A4F88C306B88A4F88E3076
:10457000AB88A4F89430EB88A4F8963038BD6FF07F
:104580001500FBE700000020F7B510F8333C0446A7
:10459000A0F140060BBB304617F0CEFF2D4B1D6837
:1045A0004DB155F8183C1C3D1BB1304614F8341C75
:1045B0009847ED69F4E7284D284FBD4205D33046B2
:1045C00003B0BDE8F040FFF7C3BB6B681BB13046DA
:1045D00014F8341C98472035EFE710F83E3C012BC7
:1045E00035D1A0F13C05D5E8EF3F23F40052C5E8F2
:1045F000E12F0029F7D19B0418D5E36C694600939D
:10460000636D30460193FFF78BFF38B9D5E8EF3F74
:1046100023F48053C5E8E23F002AF7D14FF400614C
:10462000284603B0BDE8F04017F0DDBC6B460C4AED
:104630001068516803C369463046FFF771FF0028D0
:10464000ECD14FF48051284617F0CDFCE6E703B0DB
:10465000F0BD00BF70170020C0130200E01302007D
:104660002014020010B50E481AF0F7FB0D490C4853
:104670001AF021FC0C490A481AF01DFC0B490848A5
:104680001AF019FC18F0C0FD02F04CF9044628B9E4
:1046900003F000F8044608B918F056F8204610BD9B
:1046A000580600204C1700205817002064170020DF
:1046B000054A1078013010F0FF000ABF01230346BD
:1046C00018461370704700BF25370020044B186848
:1046D00018B9044A5A600B6070476FF00B007047BE
:1046E000280C00209016020070B5D0F898200446DF
:1046F00000F170032AB1FDF7A5F8104909588A4264
:1047000015D0184604F1A0011AF0F0FC04F1580687
:1047100000220023304613F015FB054658B9206CE3
:1047200020B1FDF7E7FB2564A4F8445070BD18469E
:104730001AF0C9FCEAE7FDF7DDFBE9E70800000035
:1047400070B5044652EA030008D0FDF77BF8074D28
:10475000074ED5F880503058854201D100221346CB
:104760002046BDE870400431FFF700BC88150020EA
:1047700008000000F8B50F46002106280546164639
:1047800009484FF224424FF0000318BF0846FFF7D4
:10479000D7FF044630B104210C3016F0FBFD057044
:1047A000477046802046F8BDD40600202DE9F0472A
:1047B0000E469046D0F8B44044B1C03C236B5BB980
:1047C000206817F0E8FDD4F8C040F5E7FDF7CCFF0E
:1047D00000252846BDE8F08704F1300948461AF064
:1047E0007FFB05460028F1D016F02CFF0028EFD102
:1047F000D4F8C43073B9A38C403B9BB23F2B09D88B
:1048000004F12C0017F0A9FD002803DC206817F044
:10481000C2FDDDE7284616F07CFDD4F8C43005461D
:104820009BBBA38C078A403B9BB23F2B03D8238DB5
:104830009F4228BF1F46042105F10C0016F0C1FD60
:104840000780A38C04374380A38CC4F8C470403B1A
:104850009BB23F2B19D804F12C03184617F07DFDAD
:10486000002840D1184617F078FD70B904F1100106
:10487000D1E8EF3F23F00103C1E8E23F002AF7D17E
:104880006368DB690BB120469847D4F8C470BE4218
:104890001ED3B5F810A0574506D100220023484684
:1048A00013F050FAFDF726FBA38CA3F140023F2A38
:1048B00006D857451ABF00221346104AEB61AA6179
:1048C000206817F068FD236B13B1204617F04BFDED
:1048D000D4F8C4309E422CBF00269E1BC8F800307E
:1048E000C4F8C46075E7421ED3E8EF1F814203D1CC
:1048F000C3E8E72F002FF7D1B4D0AEE7DBC6010045
:1049000070B58B8A05460C462BB94021284617F016
:10491000F1FE20BBA182002304F11001D1E8EF0FCA
:10492000C1E8E63F002EF9D12364A4F84430C4F86E
:10493000C030C4F8C43004F1080105F1340017F0A8
:10494000A7FC10492560E26004F170001AF0AFFB8B
:10495000A38A403B9BB23F2B07D9012004E00131E1
:1049600089B28029D2D1002070BD074904F14800E6
:104970001AF050FB04F158001AF06FFA012384F882
:104980006830EAE709C5010095C80100F7B505469A
:104990001B4C1C4FBC4201D303B0F0BD21882846FC
:1049A00017F0FCFD6368019001A92846984700288C
:1049B00024DB019E2388002231462846B382B3843B
:1049C000FFF79EFF0028E7D006F130001AF045FA05
:1049D000019843681B6803B19847019B1033D3E8E3
:1049E000EF1F41F00101C3E8E21F002AF7D101984F
:1049F0004368DB6913B100F1100198470834C9E737
:104A0000A8130200C0130200054A0346106830B123
:104A100030F8082C08389A4201D08068F7E77047D0
:104A20008417002010B54368014613B96FF01500D4
:104A300010BD008840B1431EFE2BF7D8FFF7E4FFFE
:104A400080B16FF06F00F3E780242046FFF7DCFFB2
:104A500038B10134A4B2B4F5807FF6D16FF07C0098
:104A6000E6E70C808B78042BE0D80BB901238B7020
:104A70000248083117F00CFC0020D9E78417002009
:104A800030B5026C0446108A0D4685B060B1138BB8
:104A9000298A0144B4F84400814207DD204605B06C
:104AA000BDE8304017F051BE0346F1E701331383F0
:104AB000214B002202930023CDE900230394EA68EE
:104AC000298A206CFDF73AFA2B8A80B28342E5D11D
:104AD000256CB4F844302A8A9A420BD204F11C00A7
:104AE00017F03BFC28BB0121204605B0BDE8304053
:104AF00017F06EBD00232364A4F844306368294690
:104B000020465B69984700280ADA773011D02046A2
:104B100017F01BFE284605B0BDE83040FDF7EAB9A6
:104B200094F86830032BF5D10121204617F050FD91
:104B3000F0E705B030BD00BF45C301002DE9F04FDF
:104B40000B8A0646032B0D4685B067D9042105F173
:104B50000C0016F05BFCB5F810B042885A455DD1E8
:104B60004478002C5AD00278012A00F0E581063AF8
:104B7000D1B2102900F2EE81102A00F2EB81DFE8B9
:104B800012F057019D01E901E901E901E901E9019B
:104B9000E901E901E901E901E901E9014D0011003B
:104BA000D200B701BBF10A0F38D1EA682146138859
:104BB00015200093B2F802A036681FFA8AF3019319
:104BC000B2F804801FFA88F301931389B2F80690B3
:104BD0005A460193FFF7CEFD1FFA89F50746E8B163
:104BE00059460C3016F0D6FB00221FFA88F3162B1C
:104BF000044602604260028114D84FF00B0B394624
:104C00003046A4F808B017F0D2FC38B9BBF1000F59
:104C100004D1039843681B6803B19847002005B08E
:104C2000BDE8F08F4FF6E671A5F1170292B28A4205
:104C3000E3D80098FFF7E8FE054610B94FF0020BE5
:104C4000DDE7727A8178914208D81FFA8AF3A3F1DE
:104C500040023F2A0CD94FF0090BD0E7012A04D8B3
:104C6000304617F076FA00285AD14FF0050BC6E708
:104C700030461FFA8AF117F091FC03900028BED14C
:104C8000294630466B6803AA9847002815DA10F1C8
:104C90000C0F0FD010F10B0F07DA10F1860FCDD0EB
:104CA0000D30AAD14FF0060BA9E70130A5D14FF086
:104CB000070BA4E74FF0040BA1E7DDF80CB0DBF81D
:104CC00004305B69002B98D0AB7858468BF86E3077
:104CD00017F0AFFB5846ABF824A0ABF82890ABF820
:104CE000268017F088FB3046A44A0399FFF708FE98
:104CF0000028DFD05846019917F05AFB03222B8871
:104D0000ABF86A30039B4FF0000B83F868209A8A57
:104D100022801A8BA280DA8A6280DB69E3806EE7E8
:104D20004FF0080B6BE7BBF10A0F7FF477AFEB682E
:104D30003668B3F80290B3F800A01FFA89F2009227
:104D4000DA88B3F8048000921D891FFA8AF7082DCB
:104D50001FFA88FB2DD840F22113EB40D90728D544
:104D6000002321461422304617F0ACFA04460028EE
:104D70003FF454AF70301AF0A6F90023052DA4F8C3
:104D80006C302BD0082D29D0002D4DD1403F3F2F26
:104D90000AD81FFA89F3162B06D94FF6E672ABF143
:104DA00017039BB2934206D93B21304617F0B1F965
:104DB00034E70123D5E7032384F868306368A4F857
:104DC00024A0A4F82690A4F828801B680BB12046E4
:104DD00098472046009917F0EBFA1FE7274657F847
:104DE000103B384617F0B9FA420719D4052D5B7A03
:104DF00011D0012B14D80221206817F0C1F9002826
:104E00000EDBD7E8EF3F43F00403C7E8E23F002A98
:104E10003FF404AFF5E7032B02D8594AD15CEBE726
:104E20002146304617F05AFB204617F013FBF5E6F3
:104E3000BBF1040F7FF4F2AEEF6836683988304674
:104E400017F060FA054620BBF978BA78012042EAEB
:104E50000122ADF80C203A882146ADF80E2006223A
:104E6000FFF788FC044600283FF4D8AE00F10C0799
:104E70000221384616F08EFA02224570027003A90C
:104E80005A46384616F08CFA2146304617F08FFB0A
:104E9000C4E621465A460720FFF76CFC044600286A
:104EA0003FF4BCAE59460C3016F074FAAB8A03805E
:104EB000AB8C4380284617F0CDFAE5E7BBF1040F31
:104EC0007FF4ACAE36680023062221463046ED68FA
:104ED00017F0F8F900283FF4A1AE6B88818A994257
:104EE0007FF49CAE304617F00DFA00289DD195E670
:104EF000BBF1040F7FF492AEEB681988A1F1400278
:104F00003F2A3FF68BAE5A88002A3FF487AE3068BE
:104F100017F044FB034600283FF480AE2C3017F016
:104F20001CFA1044B0F5803F03DB184617F00DFC67
:104F300074E6114618464EE7356801234FF4807237
:104F40002146284617F0BEF900283FF467AE17F057
:104F500081FAF2E72146022201203568FFF70AFCB8
:104F6000044600283FF45AAE02210C3016F012FA23
:104F70000023214603704370284687E7E946000076
:104F80002B2F020070B504460D4611B96FF01500C5
:104F900070BD0028FAD00B7A012BF7D1036883B3D8
:104FA0005B7B072B2DD1103017F0D7F983072BD45B
:104FB000A38CA3F140023F2A19D8098AE38C8B42C3
:104FC00025D32B7A012BE1D1EB686A699B1A0A2B56
:104FD000DCD905F10C0016F0FCF9294604F130008B
:104FE00019F069FF204617F0BEF90020D0E7013B19
:104FF0003E2BCBD823462046BDE87040054A17F02B
:10500000AFBA6FF07F00C3E76FF06D00C0E76FF0DD
:105010007900BDE74FC3010023281FD81A2804D800
:10502000431E182B0ED906207047A0F11B03082B36
:105030001ED8DFE803F0051D1B231D19251D0500E3
:105040000320704701230F4A83401A40C2B90E4A19
:105050001A40002A0CBF06200120704700F07F0391
:10506000522B05D100207047012070470520704762
:1050700010F0400F14BF0020062070470420704736
:1050800002207047AAAA8A02545545012DE9F74F1C
:10509000054608468946FCF78DFE18234343264FF4
:1050A0000446FA189168D9F80C60019105F1D00016
:1050B000D0E8AF0FC1073CD5D9F80C0000781071CB
:1050C0000022FA503378D22B0ED12B68494618684B
:1050D00018F050FF40B101904846FCF70BFF019BD0
:1050E000184603B0BDE8F08F18235C4300234946FF
:1050F0001A4607EB040805F10800D9F80C60D9F846
:1051000014B0B9F810A0C8F8085017F029FA0346EF
:105110000028E5D0D9F81420A6EB0B0612FA86F683
:10512000019AC9F80C60A9F810A0C8F808203851F5
:10513000D6E76FF01503D3E79417002070B50E463D
:10514000C38DC18B01328B4228BF0B469A42054664
:1051500031D83046FFF760FF6FF01403034113F0BE
:10516000010310D0FCF76EFB144B1958144BD3F805
:10517000803099421DD0134B1B685A1A18BF4FF04C
:10518000FF32134600E0104A00211048FFF7D8FA1A
:10519000044660B1FCF70EFE18220D4B012102FB04
:1051A000003304F10C009D6016F0F4F80670204600
:1051B00070BD0022E5E70024F9E700BF0800000009
:1051C00088150020DC1700201C4E0E008C060020E5
:1051D000941700200A4BA0F108019A6809489142EF
:1051E00004BF00229A601A6A914204BF00221A6228
:1051F0009A6B8A4204BF00229A6319F070BD00BF07
:105200009417002000060020F8B50F4A0746002337
:105210000E480E4616F04EF8044690B100F10C050B
:105220000921284616F0ABF82046FCF7C3FD1822EA
:10523000074B012102FB003328469F6016F0AAF8B5
:1052400006702046F8BD00BF1C4E0E008C060020E4
:105250009417002008B5EFF31181202383F31288FF
:10526000BFF36F8F002303600C4B5A689AB9C3E9F0
:10527000000081F31188BFF36F8F094812F09AFF85
:10528000002807DA002383F31188BFF36F8F03230D
:10529000184602DF08BD10605860EAE78C1700204E
:1052A000DC0300207FB5CB6804461D888DB15E8885
:1052B00076B1AE420DD31022002168461BF0ADFA44
:1052C00005212046FFF7A0FF019058B9112007E003
:1052D000354601232A460421204617F0CCFC002045
:1052E00004B070BD6B4631462846084A009417F05A
:1052F000DFFCDDE9011323B90846FCF7FBFD0A23B7
:10530000E8E7204617F0DFFBE9E700BFE3CA01004A
:1053100010B5044600F1C803D3E8EF1F41F00101C6
:10532000C3E8E21F002AF7D1A4F1080017F035FC0A
:1053300004F1E000034919F0BAFE2068BDE810400E
:1053400001F07EBA0DD20100F0B51D460368044697
:105350000E4685B001211868174618F046FB38B98B
:1053600004F1D00017F0C8FC50BB122005B0F0BD0E
:1053700065B31022002168461BF04FFA39462046DB
:10538000FFF742FF029018B3BDF828302946ADF868
:105390000430012328468DF80C300E4A6B460094E9
:1053A00017F086FC9DF80C3002995BB10846FCF7BB
:1053B000A1FD2A46314620469DF80C3017F05BFCD3
:1053C0000020D3E7204617F07EFBF9E70120CDE768
:1053D0001120CBE78DD001002DE9FF410368044681
:1053E0000D461868012118F000FB40B904F1D00007
:1053F00017F082FCA0BB122004B0BDE8F08110229F
:10540000002168461BF009FA0F212046FFF7FCFE39
:10541000029038B34FF00108009405F10C072B8A75
:10542000012B04D82046029917F04DFB18E03846AE
:1054300015F0FCFF6B4601460B4A06468DF80C80C2
:1054400017F036FC9DF80C30002BE8D00298FCF7E2
:1054500051FD32460E2120469DF80C3017F00BFC12
:105460000020C9E71120C7E78DD001002DE9FF41D9
:10547000036804460D461868012118F0B6FA40B9D1
:1054800004F1D00017F038FCA0BB122004B0BDE836
:10549000F0811022002168461BF0BFF9212120462F
:1054A000FFF7B2FE029038B34FF00108009405F107
:1054B0000C072B8A012B04D82046029917F003FB16
:1054C00018E0384615F0B2FF6B4601460B4A064617
:1054D0008DF80C8017F0ECFB9DF80C30002BE8D019
:1054E0000298FCF707FD3246202120469DF80C303B
:1054F00017F0C1FB0020C9E71120C7E709D0010060
:105500002DE9F0430F460446062187B007F10C0051
:1055100015F07CFF0588EDB1B0F80280B8F1000FFE
:1055200017D0A84516D3002382888DF800308DF857
:1055300004304FF42053684601A9D7F80C90ADF819
:105540000220ADF8063015F0C0FF064660B10A2310
:1055500001E0454601232A460621204617F08BFB31
:10556000002007B0BDE8F0830146142201A83F7C6B
:105570001BF053F907212046FFF746FE0290D8B1F1
:105580000A2341468DF81530284601AB0B4ACDE978
:10559000036901948DF8147017F08AFB9DF815309B
:1055A00002992BB10846FCF7A5FC9DF81530D2E70F
:1055B000204617F088FAD3E71120D2E7BDCD0100CD
:1055C0002DE9F0410E8A0446043EF6B2022E08464A
:1055D0008CB001D0102E76D104210C3015F016FFBE
:1055E0000DF1040805884788011D3246404615F034
:1055F00099FF002869D085B377B3BD422DD801212A
:10560000A06818F0F2F9064678BB42F602038DF85E
:10561000000069464046ADF8023015F056FF20B351
:1056200042F60303404606A98DF81860ADF81A301B
:1056300015F04BFFC8B1012D03D14FF6FF739F4208
:1056400013D004F1D00017F057FB002814BF00203E
:1056500012200CB0BDE8F0813D4601232A46082106
:10566000204617F008FB0020F3E7182200210DEB7D
:1056700002001BF0D2F809212046FFF7C5FD089073
:10568000F8B101210C30CDE9064815F083FE002366
:10569000099003700A2339468DF82C30284606AB52
:1056A0000B4A17F005FB9DF82C3008992BB10846E2
:1056B000FCF720FC9DF82C30D0E7204617F003FAC9
:1056C000D1E71120C5E70420C3E70E20C1E700BFE2
:1056D000D15900002DE9F0410E8A0446043EF6B28D
:1056E000022E08468CB001D0102E64D104210C305B
:1056F00015F08CFE0DF1080805884788011D32461B
:10570000404615F00FFF002857D0A5B300268FB3F1
:10571000BD4230D84FF42053404601A98DF80460B3
:10572000ADF8063015F0D1FE48BB1422002107A8C1
:105730001BF073F811212046FFF766FD0990002841
:1057400037D001210C30CDE9074815F023FE0023A6
:105750000A90394603701A4A0B93284607AB17F094
:10576000A7FADDE909131B78FBB90846FCF7C2FB71
:105770000A2301E03D4601232A4610210EE042F6AD
:105780000103404607A98DF81C60ADF81E3015F0E6
:105790009CFE0028C9D010232A461946204617F03F
:1057A0006AFA00200CB0BDE8F081204617F08BF9B2
:1057B000F7E71120F6E70420F4E70E20F2E700BF38
:1057C00019590000F0B51D4603680E46003904461D
:1057D00018BF012187B01868174618F006F940B9BC
:1057E00004F1D00017F088FA002844D0002007B058
:1057F000F0BD002D41D01822002168461BF00DF8A5
:1058000047BB236829461B68284600930023ADF850
:1058100012300C9B1A4A0393BDF834308DF808609F
:10582000ADF8103001238DF814306B4617F040FAB4
:105830009DF81430C3B1002FD8D00198FCF75AFB63
:10584000002ED3D02A46122120469DF8143017F09E
:1058500012FACBE7002213212046FFF76FFC0190DC
:105860000028CED11120C2E701990029BED02046E0
:1058700017F029F9BAE71220B9E70120B7E700BF0E
:1058800055CA01002DE9F0410B8A04460D46002B54
:105890003AD00668012105F10C0015F0B7FD737BC5
:1058A0000746072B30D154F8083C6BB3002301782E
:1058B000184E083C16F833004FEAC308884206EB3E
:1058C000C30211D1298A5378994220D353682946BB
:1058D0002046984703464644B278012A14D19BB12A
:1058E000397889B100220CE001330C2BE2D1084653
:1058F000FFF792FB2122C24012F0010204D119B13C
:105900000623204617F0B7F90020BDE8F0810423F4
:10591000E1E700BFCC1602002DE9FF414FF000087F
:105920004FF4205305460E46006802A91446176836
:105930008DF80880ADF80A3015F0C7FDA0B142F629
:105940000103286803A98DF80C80ADF80E3015F01E
:10595000BCFD48B123691BB15A88B24200D25E80B7
:10596000012004B0BDE8F0816168286815F0ADFD44
:1059700010B100232361F3E7E368A0681A786AB1E5
:10598000B7F82EC0F98B038A8C4594BFC3EB0C0388
:10599000C3EB0103934201DA0020E2E704210C305B
:1059A00015F0F8FC20610680236929465E80074BCC
:1059B0000194009338460023A26817F09CFA00284F
:1059C000EADB2069003818BF0120CAE757CC010084
:1059D0002DE9F34717680546894600685168144663
:1059E000D7F808A015F071FD804600284BD195220C
:1059F0002946504617F0F4FE0646207540B1E3688C
:105A00001B780BB184F81480002002B0BDE8F08749
:105A10002946504618F026F810B908232375F3E7F5
:105A2000A068267515F07CFC02210C3015F0B2FC44
:105A3000164B2061A0F8009000930194334629464C
:105A40003846A26817F057FA002807DA10F1FF0F5E
:105A500032BF0E204042C0B22075D5E72369002B2B
:105A6000D2D0A06816F079FFFB8BFA8D9A4294BFD2
:105A7000C0EB0200C0EB0300E3681B78984294BFC0
:105A800000200120C1E70120BFE700BF6BC9010072
:105A9000F7B5002304460E4600226946284812F056
:105AA00061F80546D0B9FBF7CDFE264B29461A58BA
:105AB000254B00981A6024221AF0AFFE009B0022AA
:105AC0001C60009C0023C4E90155C4E907551F4828
:105AD00001A9019512F046F8054620B16FF00B05BB
:105AE000284603B0F0BD01464FF4907201981AF0B9
:105AF00094FE0198164BC360D83019F0AEF9019BA3
:105B0000D033D3E8EF2FC3E8E15F0029F9D1019B3F
:105B10001C60E369019F1BB904F10C0019F09DF9A9
:105B2000E26907F58C73C7F81821226AE36102B9AC
:105B300023621722019BDA85DA8308333360CFE7CB
:105B4000E405002008000000DC170020000600200B
:105B5000B40300202DE9F74F0646EFF31187202309
:105B600083F31288BFF36F8F414C204616F0EBFE93
:105B700023680546009387F31188BFF36F8F0028D1
:105B800060D0FCF717F9182202FB00F33949C81856
:105B900051F803B003690021D0E90247019390F85E
:105BA0000480B0F806A01AF038FEA87AFCF7FAF8DC
:105BB0006969814651B16A7AD00705D4D9F81C20A9
:105BC000284612689268904700226A612946484632
:105BD00019F07CF9B8F1000F24D01CB323680BB383
:105BE0001B68FBB1BBF1000F1CD104F1080017F0DA
:105BF0007DFA4046FFF710FA052813D8DFE800F0D9
:105C000025031225120304F1D003D3E8AF3FDA07CE
:105C100008D5D4F8D4302BB10023174A04F1E8009A
:105C200012F06CFB009B6BB13146002019F00EFAAC
:105C3000002807DA002383F31188BFF36F8F032353
:105C4000184602DF03B0BDE8F08F54F8D03B1D6862
:105C5000D4E8AF3FDB07E5D5002FE3D0002403E015
:105C600028460199B8470134A3B25345F8D3D9E780
:105C70008C170020941700201C4E0E0007B50B4611
:105C800000210246FBF7DEFD01910E4909580E483E
:105C90000068884204D00D48D0F88000884201D1C5
:105CA0000022134601A90A4811F05CFF014638B9E9
:105CB0001C2201981AF0B1FD019803B05DF804FBB5
:105CC0000020FAE708000000DC17002088150020FB
:105CD0001C06002010B50446806818B1FCF70AF9CC
:105CE0000023A3602146BDE81040014818F0F7BF2B
:105CF0001C0600202DE9F7430446E8300F46904685
:105D00001E4619F0E0F9D4F8D40050B904F10800A7
:105D100000F02AF81321A06803B0BDE8F04316F0A4
:105D2000F8B9104B98424FF0000319D04568436012
:105D3000D4F8D400D0F81890FFF7CCFF00232068E7
:105D4000C4F8D43016F052FE3DB12068CDF8009072
:105D500043463A4631460068A84703B0BDE8F083A1
:105D60001D46EBE7E0170020F7B550F8084C054654
:105D7000002C57D000F5887104F11C0016F0A3FF29
:105D8000A5F1080605F1D00700220023384611F0DE
:105D9000D9FF024660BBD5F8CC302BB101466FF07D
:105DA00067033046FFF7A6FF002345F8083C05F1DE
:105DB000C803D3E8EF1F21F00101C3E8E21F002A66
:105DC000F7D1E36973BB04F10C06002200233046CF
:105DD00011F0B8FF78B9666886B921461248266086
:105DE00018F07DFF286803B0BDE8F04000F076BDF4
:105DF000FCF780F8C8E7FCF77DF8E6E7A2683368AF
:105E00009642636008BFA36077683FB1B3696FF0E3
:105E100067010093002320681A46B8473046FFF711
:105E200059FFD8E703B0F0BDE4050020F8B51D46E2
:105E30000F461646FBF7BEFF1823044C03FB004039
:105E40000123C0E90376C3800575F8BD94170020CF
:105E500038B5054648B1154B1A4613F8011C5C1EAF
:105E600016F0C5F958B1204606E011490F4817F061
:105E7000B1FA78B10D4B581E38BD0020FCE728461A
:105E8000217C04F1110216F0B2F90028F5D004F1DA
:105E90001000F1E7054B064903F1100017F09AFADC
:105EA0000028EAD0014B03F10F00E5E715180020A8
:105EB0007E2E020070B50E4C054623780E468342B6
:105EC00003D1601C17F086FA68B9237BAB420CD172
:105ED0003146084817F07EFA20B10120404200F018
:105EE0000C00204470BD0020F8E70020FAE700BF56
:105EF0005E3600206B36002070B54A1C0C46054605
:105F000088B910460D4917F065FAA8B904F10A06D8
:105F100004F10B025DB12846A17A16F068F900B9C8
:105F20000026304670BD097816F061F9EDE710469D
:105F3000024917F04FFAF2E72646F2E77E2E0200FA
:105F4000024608B50749013017F057FA00230C3212
:105F500002F8043CD2E8EF1FC2E8E03F0028F9D184
:105F600008BD00BF7E2E02002DE9F04180460F469D
:105F700016461D46FFF79EFF044648B90E49FFF737
:105F800099FF044650B1394600F8018B17F035FAF5
:105F900023892BB962892AB926816581BDE8F08100
:105FA0009E4204D36289AA42F8D29E42F5D2638906
:105FB0002681AB42F2D2F0E77E2E02002DE9F047B7
:105FC000284B1646826807469A422BD1C568AB8A91
:105FD00043B34FF000086C1C05F11509B4F8073005
:105FE0009BB12246304614F8011C16F000F9E0B9C6
:105FF000214614F8010CFEF757FA30B1437B072B0A
:1060000008BF48F00108FDF7A3FE0A344C45E5D16E
:10601000B8F1000F06D1AB69A5F8148013B1414661
:10602000384698470120BDE8F08706F1700A5146CE
:10603000307A15F0D5FC78B90B4B9D4202D1304631
:1060400017F073FA2046094917F0D7F9002304F82E
:10605000013CA4F80730D8E75146204617F0CDF9A7
:10606000D3E700BF71600000040400207E2E020010
:106070002DE9F8431E46BDF8203081460F46D1F881
:106080000C80002B3DD1731E012B3DD8012E4146C3
:106090000CBF15781588FFF72FFF044680B915B996
:1060A0003046BDE8F8834146FFF726FF044670B34B
:1060B00009F17001013017F0A0F999F80830237048
:1060C000D8F81C308BB92581B8F81430AB4203D016
:1060D0004146384617F098F9002DE1D10D49601C72
:1060E00017F08BF925702581DAE72A4639464846AC
:1060F00098470028D5DB01380128E4D96FF00D005E
:10610000CFE76FF00600CCE76FF00C00C9E76FF047
:106110001000C6E77E2E020010B504461048D0E8F5
:10612000EF3F23F00203C0E8E23F002AF7D1D0E8B6
:10613000AF3FDA0704D500220023303812F0DEF832
:10614000204617F006F950B12046FFF781FE30B126
:10615000037ADB0703D5BDE8104017F05FBA10BD26
:10616000A00D0020012110B5144817F03BF9C3071A
:1061700023D40221114817F035F9084007D11049FE
:10618000104A0B88104CA24211D300B10B800F496A
:106190000F4818F08CFF40F2391200230C48FBF72F
:1061A0009BFFBDE810400B490B4818F080BF5068BA
:1061B000083203449BB20120E5E710BD34180020EB
:1061C00076360020E0130200F013020005640000A0
:1061D000000D0020E9650000700D002003462DE948
:1061E000F04148B1008A38B901244FF0140C11492C
:1061F000DFF844E0714501D3BDE8F081D1E90076D4
:10620000BB4204D30CFB0672143A93420ED93444B9
:10621000A2B214460831EDE70CFB0578434507D0E0
:1062200001356219AE4292B2F6D1F2E70025F8E7E5
:106230001046E1E7E0130200F01302002DE9F74FEA
:1062400099464FF6FF73BDF830500746002D08BF42
:106250001D46244B90461B88009183423CD203B0DC
:10626000BDE8F08F73682344BB4232D29CB208363B
:106270001D4B9E42F6D3F2E740468958019315F034
:1062800024F9019B90B101340AF1010AA4B27368A8
:106290005345ECD9009B9C42E1D8BC42F3D30BFBA5
:1062A0000AF231688B18B8F1000FE5D1B9F1000F8F
:1062B0000BD1013D1846ADB221460E9A0D9B984771
:1062C000002DCCD00028DED1C9E7DA689145DAD1BB
:1062D000EFE74FF0000ADAE701244FF0140B034E0A
:1062E000C6E700BF76360020F0130200E01302007C
:1062F00010B59EB01022002168461AF08EFA1422C2
:1063000000210DEB02001AF088FA4FF41053ADF89B
:10631000103080231022ADF812304FF480631C4CF3
:106320006946CDE906340DEB02001CAB19F0F8FA12
:10633000014658BB48220AA81AF06FFA22461C9957
:106340000AA819F0DCFB08BB4FF6FF710120114AC7
:106350000AAB17F025FA10220F4904AB0AA819F06E
:10636000ECFB04461C9819F011FA7CB908220A4B80
:1063700003F11001187811F8014D013A03F8014BAF
:106380000870F7D10821054817F02CF81EB010BD91
:106390000002C00377D50100F00C0020A00D002002
:1063A0002DE9F04114490646A1F1300014461D467E
:1063B000BDF8187018F09AFE104BD3E8AF3F1907DC
:1063C00001D4FFF795FF3046FFF742FD50B1037A45
:1063D000DA0707D50C30D0E8AF3FDB0702D4022143
:1063E00017F000F810233A46069329462046BDE8E8
:1063F000F041034B17F02CB8300D0020A00D002009
:10640000F00C0020034BD3E8AF3F1B0701D4FFF78C
:106410006FBF7047A00D0020002307B50193FFF761
:10642000DDFE411C89B20846034A01AB17F0B8F9FA
:10643000019803B05DF804FB99D301002DE9F843FE
:106440001546894694226968064617F0C9F98046C0
:10645000002841D102223046696817F0FCF9002873
:106460003DD000211F48AF8AFFF708FC02370446E1
:1064700080B11D211C4B47613A464174C0F80C8025
:1064800043608561304616F098FE074638B92046CD
:10649000FFF720FC6FF00B052846BDE8F8830123C9
:1064A00042464146FFF7C2FCA98A07F10C000231BF
:1064B00014F070FF20F8029BAA8A29691AF087F964
:1064C00021463046A76016F027FF05460028E3D096
:1064D0002046FFF7FFFBDFE74FF0FF35DCE76FF00B
:1064E0001505D9E71C4E0E009FD3010070B5054677
:1064F0000C468AB0394BD3E8AF3F5A0767D510B185
:10650000437B072B66D1666830460596FFF766FE2B
:106510002268ADF81800002A2FD005A90291304951
:1065200000230191012100914FF6FF710593FFF7C0
:1065300085FE059E1EB96FF001000AB070BD666051
:10654000002330688DF8103042F6030304A9ADF83B
:10655000123014F0BAFF40B90598C3689B799B06C6
:1065600008D517F0D6F8ADF81800059817F023F9FC
:10657000606028B96FF01500DFE70028E0D1DAE7A6
:10658000BDF818003DB10123014622462846A375F7
:10659000FFF754FFD1E76FF07F0307930223ADF8B5
:1065A000203042F60213ADF8123005ABA575029308
:1065B0000C4B4FF6FF710193012304AA00932B4665
:1065C00009948DF81050FFF739FE0798B5E76FF082
:1065D0000A00B2E76FF07F00AFE700BFD4000020F1
:1065E000CDD3010029670000034613B550F8082CED
:1065F000A0F12001019200F13004D4E8EF2F22F045
:106600000102C4E8E02F0028F7D10D4A002043F82A
:106610001C2C0C4A23F8080C43F8182C01AA43F848
:10662000102C042223F8060C23F80C2CFFF75EFF35
:1066300018B90221204616F0D5FE02B010BD00BFE9
:1066400068170200196100002DE9F047304B17462A
:10665000826806469A4258D1D0F80C803C6808F10E
:10666000010508F11509B5F80730FBB12A462046A7
:1066700015F8011C15F0BBFDC0B14FF49572314601
:10668000204617F0ADF8A8B103280FD00528204602
:106690000CBF4FF0030A4FF0020A15F0A2FD82452D
:1066A00008D93B79534501D287F804A00A354D45F6
:1066B0002BD0D8E74146304616F0A6FE154B98453C
:1066C00023D1207A04F17001FFF7F4FB0546E0B115
:1066D00003890BB94389C3B12046FDF73BFC2A89E6
:1066E0000D4B0E4923F820206A8903EB80035A8062
:1066F000182202FB00110B610423094A20464A605C
:10670000084A8B828A60FFF7F1FE0120BDE8F0871E
:1067100071600000040400205A360020FC1700209D
:1067200068170200ABD601002DE9F84F1446404B24
:10673000826880469A423AD1D0F80C903D4B9945F8
:106740001DD100263C4D28463C4916F043FE78B941
:106750000722294615F8010CFDF7C0FE50BB23693E
:1067600029461A6915F8010C53881288FFF7FCFBBB
:10677000731C022B4FF0010605F10C05E3D109F162
:10678000010709F1150AB7F80720A3899A420BD12E
:10679000394617F8010CFDF787FE064620B1437B0A
:1067A000072B0AD0FDF7D4FA0A375745EBD14FF043
:1067B000010B2AE0FDF7CCFADAE7D9F8203023B153
:1067C0004146984708B93046ECE7942241463046A6
:1067D00017F006F883460028F5D1A389022B17D1BC
:1067E000B7F807309A0720D530462269A188FFF70D
:1067F00025FE054618B92269937D0133937530460D
:10680000FDF7A6FA002DA560CEDA5846BDE8F88F50
:10681000012B0AD1B7F80730DB0706D530462269CD
:10682000A18817F0ABF80546E9E75D46E7E700BF4A
:1068300071600000040400205F3600207E2E0200FC
:1068400013B50446009001204FF6FF716B46084ACD
:106850008DF8040016F0A4FF204615F0C2FC9DF848
:106860000410884202D2204615F08AFC02B010BD06
:10687000496600002DE9F0410D4B06461B680F46A6
:10688000904623B153F8044904B1043C0BB9BDE868
:10689000F0811B681BB142463946304698472CB1FF
:1068A000656805B1043D23462C46EFE72546FAE727
:1068B0003818002013B50446009001206B46064AA4
:1068C0004FF6FF718DF8040016F06AFF0021204694
:1068D00017F08BF802B010BD4966000070B5044691
:1068E00003464FF6FF7101200D4A16F059FF20466E
:1068F000FFF7AEFA054688B104F170063146207AFA
:1069000015F06EF820B92846BDE87040FFF718BBB7
:106910003146681CBDE8704016F06FBD70BD00BF09
:10692000BD5F00007FB54FF420520023ADF8162064
:1069300004AA02920A4A0120CDE900324FF6FF7103
:1069400005AA04938DF81430FFF778FC049B012B03
:1069500014BF6FF01500002007B05DF804FB00BF06
:106960006DDA0100054BD3F8F00020B9044AF0338A
:106970005A600B6070476FF00B007047A80D002045
:10698000E0170200014608B5054817F08DF8044BE2
:106990000028A3F1040314BF1846002008BD00BF5F
:1069A000AC0D0020084B00F5F4701A68074BD0E8D6
:1069B000EF1F994204D1C0E8EC2FBCF1000FF6D1D3
:1069C000D0E8AF0F704700BF80170020A80D00204F
:1069D00008B5FFF7E7FFB8B1036843B1426832B1C9
:1069E000826812B90B4A12783AB904200BE0094ABE
:1069F000127812B10BB1826842B9426842B9002BD9
:106A000014BF0020032008BD0320FCE70120FAE7A3
:106A10000220F8E726370020002370B51A46044606
:106A2000F0300D4615F09CFD20B12846BDE87040C1
:106A3000FBF760BA04F5DC700023BDE87040014A42
:106A400011F05CBC1C4E0E0038B50446051D082133
:106A5000284617F071F8064904F15700FDF70CF8C5
:106A600020B12846082117F05AF8082038BD00BF89
:106A700009E0010038B50546F022002119F0CDFEED
:106A8000102105F127000CF087F9044648B90521CB
:106A9000284617F051F8FCF7E1FF034B1860204639
:106AA00038BD0824FBE700BF4018002070B5051D65
:106AB0000E462846042116F0F7FF68B10022002197
:106AC00000230846FDF73CFE044638B90421284659
:106AD00017F032F8204670BD034AF0E701210C3070
:106AE00014F058FC0670F5E71C4E0E0070B5044615
:106AF0000E4686B0FFF756FF04F137021146F368E1
:106B0000054603F1100053F8046B834241F8046B0F
:106B1000F9D1237A052B40D8DFE803F017232303AC
:106B20003F6502AB45490093096804F1270304F16E
:106B3000570000F0CFFE80BB0A21201D16F0FCFF9D
:106B4000AB680299D4F8F000984720460D2116F062
:106B5000F3FF201D102116F0EFFF204617F021F85B
:106B600019E094F8DC10D4F8D83002ADCB403349AA
:106B700003F001030095096843F0800304F1570016
:106B800017F0B2FB48B91022294604F1170019F09A
:106B90004CFE20B1042006B070BD0820FBE70321A5
:106BA000204616F0C9FF16F0FCFF0028F5D194F836
:106BB000DC300133DBB2142B84F8DC3009D10D2139
:106BC000204616F0B9FF1021201D16F0B5FF002059
:106BD000E1E7102104F127000CF0DEF8003818BFBF
:106BE0000120C000D7E7102104F127000CF0D4F8F1
:106BF0000028D2D105B3EB68F3B1114BE27A1B88C0
:106C000012F0010FADF80830A37C08BF0320DB07AA
:106C100003D5002814BF0120022000238DF80900AD
:106C2000C4E93833201D0C2116F086FFEB68D4F838
:106C3000F00002A99847CAE70220ACE740180020FC
:106C40002814020073B5047A0546022C23D844B1F7
:106C500090F8DC30D0F8D840DC4004F0010444F077
:106C6000800403212846FFF721FF0646A8B1102122
:106C70000C3014F08FFB00900F482346006805F19C
:106C8000270205F1570117F02FFB044650B130469B
:106C9000FBF730F901E0032C02D0082002B070BDF0
:106CA0000024DEE731462846FFF7B6FE281D2146C0
:106CB00016F035FF2046F1E740180020F7B50446EE
:106CC000FFF770FE261D05460E21304616F0ECFE3D
:106CD00038B9474B2022196804F1570019F0A5FD77
:106CE00090B30C212046FFF7E1FE074660B3402138
:106CF0000C3014F04FFB3E4B02461B68014603F17B
:106D0000200053F804CB834241F804CBF9D1203260
:106D100003F1200153F8040B8B4242F8040BF9D124
:106D200039462046FFF778FE237A052B0CD8DFE89A
:106D300003F0033D0E030B5A0421204616F0FCFE1F
:106D4000FFF780FF002840D0082003B0F0BD2046A8
:106D5000D4F8F070FFF726FE04214FF0FF3305460C
:106D60000DEB010001930CF017F80028ECD1019B0A
:106D7000204A84F8DC00B3FBF2F102FB11330193EB
:106D8000C4F8D83055B12B6843B10B21304616F00A
:106D9000D3FE38462B68D4F8D810984703212046F4
:106DA00016F0CAFE0E2116F0C7FE0EE020460321A3
:106DB00016F0C2FE0E2116F0BFFE30460A2116F074
:106DC000BBFE6B68D4F8F00098473046072116F0F8
:106DD000B3FE0820FFF7D6FD40B9204603B0BDE85A
:106DE000F040FFF731BE04212046DCE70020ACE78D
:106DF0004018002040420F0070B505460E4605F1D0
:106E00005704FFF7CFFD2246F36803F1200153F842
:106E1000040B8B4242F8040BF9D105F1770203F120
:106E2000200153F8040B8B4242F8040BF9D12046A1
:106E3000FCF790FD18B3281D0E2116F07DFED5F845
:106E4000F040D4F8A40080B9207A04F1700100F079
:106E50002FFCC4F8A40040B9104B1C68B4B9281D1D
:106E6000062116F069FE204608E0438A03F0240359
:106E7000002BF1D0437C9B07EED4032070BD20464D
:106E8000FCF774FD0028E7D10B20F7E72846FFF751
:106E900015FF003818BF0120C000EFE740180020A0
:106EA00038B504460D49A0F1F005C83018F0FFF8D8
:106EB000284616F0B3FF0A4A04F1F803D3E8EF1F9F
:106EC000C3E8E02F0028F9D14FF0FF33FC34D4E8B9
:106ED000EF2FC4E8E13F0029F9D138BD47E10100B7
:106EE000A80D002038B5134B05461B78E3B101F01F
:106EF0000F042846FFF76CFD0F4B03281B780CBFCF
:106F000004F00B0444F0040405F5F670D0E8EF2F0C
:106F1000013203D1C0E8E13F0029F7D1D0E8AF3F0B
:106F20002BB144F0010038BD01F00704E1E704F0A3
:106F3000FE00F8E726370020D1050020F8B50D4601
:106F40000446D0F8F070FFF72DFDED68EB78102BBC
:106F500001D00620F8BDD7F8A430002B73D0261D31
:106F60000F21304616F0A0FD20B92046FFF782FD24
:106F7000002871D1012363722B682046C4F80A30BF
:106F8000AB88E38102232374A978FFF7ABFFE07499
:106F90002046FFF71DFD1023607423752B7903F045
:106FA000030363756B7903F00103A375E37C1A0790
:106FB00054D40521304616F077FD00285CD0574B9D
:106FC0001B78A374E37C980606D5AB78990603D5A5
:106FD0001421304616F0B0FDE37CDA074ED5AB78CD
:106FE000DB074BD50D21304616F0A6FDA37D03210E
:106FF00084F8E830637D304684F8E93016F09CFD73
:10700000237BE17C2D7803EA0102100704D5E27AA4
:10701000A07C0243D20735D4042D35D80B4313F09E
:10702000040307D02046FFF7D3FC3D4B05EB850555
:107030002B441B5C23722046D7F8A41016F03AFDAF
:1070400020BB032086E7387A07F1700100F030FB9F
:10705000C7F8A400002882D108207BE7AB781B0783
:10706000A7D50521304616F067FD637D03F00203C6
:1070700063750023A3759CE72A4BA1E70023637582
:10708000A375B3E70523D5E70023D3E7D4F8F030A1
:107090009B7A032B33D022D8013B012BDCD805216E
:1070A000304616F001FD0028CBD00C21204616F00A
:1070B00043FD0221FFF7FAFC05460028CCD006214B
:1070C0000C3014F067F9D4F8113029460360B4F895
:1070D000153083802046FFF79FFC00203AE7042B01
:1070E000BAD1237D627B934228BF1346102B7FF4D5
:1070F00030AF0521304616F0D7FC0028A1D0237A06
:10710000002B9ED00521304616F0CEFC0028C6D1BB
:10711000237A013B012BC2D893E700BF2837002018
:107120004F2F0200273700202DE9F041C778044691
:10713000012F04D06FF015042046BDE8F08116F051
:10714000ACFC0546002800F0A980061D042130464D
:1071500016F0AAFC002840F0A4800321304616F067
:10716000A3FC10B16FF00F04E6E73946304616F085
:107170009BFC0028F6D12846FFF714FCD5F8F03028
:1071800007469B7A032B40D030D8013B012B46D9D0
:107190000F21201D16F088FC0028CBD1D4F8A400C4
:1071A00090B904F170073A462020217A00F0C0FA25
:1071B000C4F8A40040B93A460420217A00F0B8FA95
:1071C000C4F8A4000028B5D0438A13F0240FB1D02E
:1071D000A27A022A23D9417CC907ABD5032A1ED043
:1071E0009B06A7D5037C102BA4D118E0042BCFD18C
:1071F0002846FFF7EDFB032804D1002FC8D0FB6819
:10720000002BC5D0284B1B7807E02846FFF7E0FB92
:10721000032804D1002FBBD0FB68002BB8D0D4F8D2
:10722000A4303BB12846FFF725FC044670B16FF04F
:10723000680481E7207A04F1700100F039FAC4F89B
:10724000A4000028EED16FF00B0475E70B2128464F
:10725000FFF72CFC07460028E9D001210C3014F080
:1072600099F8092180462846FFF73CFE234622462E
:1072700088F80000394605F1F00015F071F9044670
:1072800018B13846FAF736FE56E730460F2116F0A9
:1072900053FC0121284616F04FFC4DE76FF07F04A8
:1072A0004AE76FF0040447E726370020F8B5D0F826
:1072B000F0400546D4F8A430061D002B6ED049BB23
:1072C0000D21304616F0F0FB374B07461B6823B103
:1072D00053F80C6906B10C3E73B9284616F09EFDB2
:1072E000637B072B5ED1627AA37A9A425AD02046FA
:1072F000BDE8F840FFF718BF1B6813B139462046B8
:1073000098472EB1F26802B10C3A33461646E3E7CD
:107310003246FAE70139C9B20E2998BF234A1B7CCD
:107320008CBF0927575C002B31D1D4F8A40016F08C
:10733000B5FF0023C4F8A4300221304616F0B4FB98
:1073400048B9072F94BF1A4B1F213A46204698BFD1
:10735000D95DFDF755F80321304616F0A5FB00284E
:10736000BBD0114B1B68002BB7D053F80C6906B18A
:107370000C3E002BB1D05B6813B1394620469847CC
:1073800076B1F26802B10C3A33461646F1E70221B3
:10739000304616F089FB0028C7D1CDE70927CBE797
:1073A0003246F1E7F8BD00BF78170020402F0200F9
:1073B0002F2F0200104B10B5044618604FF0FF321B
:1073C0004FF0FF330D4810F0FBFB0D4810F09CFF11
:1073D0000A4810F067FC04B910BD0A4CD4E8AF3F6E
:1073E0005B06F9D5201FFFF769FC0028F4D00821BF
:1073F000201F16F0C2FDEFE74018002028040020EF
:107400003C040020AC0D00202DE9F0410B8A04461D
:107410000E46B3B3012106F10C0013F0F7FFA4F1FF
:10742000F005EC3C07460421204616F03DFB40BB2E
:1074300039780E2925D8DFF8508058F8313023B933
:107440000721284616F099FD1BE0284616F0D3FCCC
:1074500030B90321204616F027FB90B10821F0E750
:107460003B78318A08EBC3021279914201D00A219C
:10747000E7E73146284658F8333098470146002858
:10748000DFD10020BDE8F081081802002DE9FF419E
:1074900090F8E930CF6823F0020380F8E9303B78B8
:1074A0000446D0F8F06023B1BB7903F0C003C02BD1
:1074B00072D106F1700807223946404619F0B5F935
:1074C00088B13946307A00F08BF9054658B101464B
:1074D000204616F0EFFA18B9082004B0BDE8F08194
:1074E000284616F0DBFE0D21201D16F0DDFA0028DF
:1074F0003ED042460220317A16F0BCFE05460028F6
:10750000EAD0F378002B40D106F17E0318780128E9
:1075100027D19A7902F0C002402A22D1D3F8012063
:10752000C5F83E20B3F80530A5F8423096F8703023
:10753000BBB196F8763003F0C003C02B11D01849C8
:1075400001AACDE901870395FCF7C8FC3B683046EA
:10755000C5F80130BB88A5F80530BB79EB71FCF7A5
:107560001FFF2846FBF77CFCC0B92846FBF788FCC8
:1075700094F8E9305B0703D50A21204616F0DCFABF
:10758000B4F8E81021B10020A7E706F17703BDE7C2
:107590002046FFF78BFEF6E70A209EE703209CE7D4
:1075A00053DE01002DE9F0410546A0F1EC0604464A
:1075B0000F463046012155F8F08916F01CFC0028D2
:1075C0005BD0DFB10321304616F06EFA002854D0AC
:1075D0003846FBF7ADF80138C0B208288CBF00244C
:1075E0002B4B4FF0020198BF1C5C304616F0A4FAFA
:1075F00021462846BDE8F041FFF758BE98F80B3009
:10760000002B3AD00321304616F04EFA20B9284616
:10761000BDE8F04116F002BC0521304616F044FAF0
:10762000B8B114F8083C1F0707D514F8073C180731
:1076300003D51121304616F07FFA14F8083C23F0E8
:10764000080304F8083C14F8073C23F0080304F886
:10765000073C14F8073CD90711D50621284616F037
:107660006BFA0221304616F067FA2368D3F8A4308B
:107670001BB134F8081C0029BBD0BDE8F0819A0783
:1076800001D50821EAE75B07EBD50A21E6E700BF51
:10769000372F0200012208B5034B04481A70FCF78B
:1076A0009DF9002008BD00BF2637002044040020BB
:1076B00070B5054611480C4603780126AB4204D14B
:1076C0000722304419F0B1F8A0B12EB107220C49BD
:1076D0000C4819F0AAF878B9084A134603F8015B78
:1076E0002168C2F80110A1889980A179997140F2AE
:1076F0001123D360014870BD0020FCE7441800202E
:107700007E2E020045180020F8B5164604460D46A8
:107710000022064F7B8A234002B1F8BD002BFCD02B
:1077200031463846A8470122F4E700BF441800203C
:1077300070B50B4C0D46638A114603404FF00006AE
:10774000227808D0954204D10722601C19F06DF808
:1077500018B1304600E0184670BD2046FCE700BF77
:1077600044180020F8B50B780646012B0C4601D0D2
:107770000020F8BD8B7903F0C003402BF8D1154DE4
:10778000002329466F8A11F83E2BBF0704F1010040
:1077900006D5B24204D1062219F047F8B8B1002349
:1077A000002BE5D16B8A9B07E2D52B78B342DFD162
:1077B000661C3146084813F05EFE0028D8D0D4F885
:1077C0000130C5F83E30B4F80520044B9A800148DA
:1077D000CFE700BF44180020721800208218002054
:1077E00010B5074C2378834208D10722601C19F09A
:1077F0001CF800280CBF2046002010BD0020FCE72C
:10780000441800202DE9F0438446894616462F4C43
:107810009BB01D46DDE923870CAB04F1300E1A4600
:1078200020686168083403C274451346F7D12068A4
:1078300061461060227904A81A71202216F03CFDDE
:107840006B462022224804A900F072F80446C0BB0F
:10785000102249460DF1350016F02EFD102231465A
:107860000DF1450016F028FD294611F8013B0622CE
:107870000DF156008DF8553016F01EFD22990622A6
:1078800011F8013B0DF15D008DF85C3016F014FD30
:107890004346352268460CA900F04AF8044680B9F0
:1078A000404616F013FD012335228DF8303068462E
:1078B0003B460CA900F03CF8044610B9384616F0D7
:1078C00005FD20461BB0BDE8F08300BF2A1402006E
:1078D000682F020070B50E461D46144698B001464A
:1078E000202204A816F0E8FC202231460CA816F04D
:1078F000E3FC1022294614A816F0DEFC10222146D3
:10790000684616F0D9FC6B465022684604A900F080
:107910000FF840B9039B054A1BBAB3FBF2F102FB17
:1079200011331C9A136018B070BD00BF40420F00A5
:107930002DE9F0418CB007460C4615460021142273
:1079400007A81E4618F069FF4FF41053ADF8183021
:107950008023ADF81A304FF44063DFF844801022E2
:10796000CDE90838394604AB06A817F0D9FF20B195
:107970006FF004000CB0BDE8F08105AB029310235A
:1079800022464146CDE9006304982B4618F009F9D8
:107990000446049817F0FAFE2043EBD0E8E700BF56
:1079A0000002C00310B54FF0000E00F1070C541E8A
:1079B0002CF0030C1860A4B2ACF80020023A93B289
:1079C00001FB04F240F802E074B14FF6FF7C03FBC8
:1079D000011403FB01F22044121B013B9BB26345DF
:1079E0008050A0EB0100F8D110BD00BF0346006835
:1079F00010B102680AB91A607047C11D21F0030175
:107A0000B1F800C0D11D21F003010CF1FF3CA1F839
:107A100000C0F0E70B687BB1073323F003031A883B
:107A2000013292B20346D1F800C043F807CB23F0ED
:107A300003031A80086070470122F3E702FB01008C
:107A4000704700BF401A90FBF2F080B2704700BF51
:107A5000531E11449BB242B1DB430138CA1811F8DE
:107A6000013D914200F8013FF9D17047014402E025
:107A700010F8013B1BB98842FAD100207047012061
:107A8000704700BF10600860704700BF0A68034677
:107A90000068904209BF002200200A601A60704707
:107AA000D2F800C0CCF80000D2F800C0CCF8041026
:107AB00010607047884203D01AB143681360704762
:107AC000002070470B68834209D02AB158681060C3
:107AD0001A680A6018467047002BF9D1FAE70023AC
:107AE000F8E700BF2DE9F8434FF090080C270D4E42
:107AF000DFF8349006F1200409EB080529462046FA
:107B00002A1D083CFFF7BEFFB442A5F10C05F5D1D4
:107B1000043F3B1DA8F13008A4F12006EAD1BDE8DE
:107B2000F88300BFE41800203019002003468C467B
:107B300010B49AB101EB4101144803EB430409016D
:107B400001EB84010144487A0C7AA04204BF013061
:107B5000087210BC614618460DF0EEBF01EB410201
:107B60000A4C120100EB400302EB830323449C7A8E
:107B7000DA7AA24201D010BC704701329A72012217
:107B8000034B5A5410BC0EF007B800BF0C1900206C
:107B900088180020F8B506461C460D4602B3227828
:107BA0006378D21A12F0030229D1294F71004FEAEB
:107BB000450C3144AC44890001EB0C110133043114
:107BC000DBB27A18606821462370FFF769FF012253
:107BD000204B294630465A550DF0DEFF0020F8BDF7
:107BE0000DF0C4FF0028DAD0294630460DF0B0FF72
:107BF000637860B92278D21A12F00302D5D0012A34
:107C000003D00133DBB22370E1E71046F8BD05EB8A
:107C1000450206EB46010E4F120102EB81023A4487
:107C2000907AD27A710090424FEA450C05D02078C4
:107C3000C01A10F00302E2D1BBE72278D21A9207F1
:107C400002D00233DBB22370D4E902039847C5E7C0
:107C50000C190020881800202DE9F04FDFF86891FA
:107C600089B019F80030002B5BD000210324834633
:107C7000DFF858A1C0EB0013CDE9041100EB400779
:107C80009B000AEB0717039309F800100294B8460B
:107C9000002358F8240FB96A07AA0793FFF70AFFD1
:107CA00044460546CDB1079E96F800807278A8EB51
:107CB000020808F00308B8F1010F35D031788A1AAC
:107CC00002F00302012ACBB23DD1D7E9090107AA8C
:107CD000FFF7F0FE0546002DE5D197F82E3097F816
:107CE0002F209A4203D087F82F300123049397F86E
:107CF0002C3097F82D209A4203D087F82D3001239D
:107D00000593029B0C3F5D1EEBB2FF2B0293BED18D
:107D1000D846DDF810B00599BBF1000F01D000295D
:107D200047D009B0BDE8F08F013A7270079AD2E9E6
:107D300002018847079E32787178D3B2521A02F056
:107D40000302012A23D000222146B86A0193FFF7DB
:107D5000B9FE7560019B717873703278521A02F027
:107D60000302012A0AD0D7E9090107AAFFF7A2FEF8
:107D7000B8F1010F054695D104460EE0039B7170E2
:107D80001A1D314628465244FFF78AFEEBE707AA40
:107D9000D7E90901FFF78EFE0446029B8BB1012350
:107DA0005946584609F80B300DF0F6FE09B0BDE80B
:107DB000F08F0A464046414609B0BDE8F04F0DF04D
:107DC000BBBE002C89D0EAE7881800200C190020DF
:107DD0004B1E8446DBB271B100200CF1FF319C4494
:107DE00011F8013F23B15A1E01301340C0B2FAD13D
:107DF0006145F5D170470846704700BF70B5057EF4
:107E00000468FF2D2AD02A464FF0000C07E09E6838
:107E100014F80E301546FF2BB4441FD01A4602EB5F
:107E2000420391424FEA031E04EB0313EFD18D424C
:107E300002D114F80E20027614F80E2005EB450549
:107E40002D01FF2A9868625506D002EB420204EB2E
:107E50000212936803449360604470BD002070BDBB
:107E60002DE9F8432C248E46214DBDF8288004FBD3
:107E70000055696801EBCE0611F83E70F178707814
:107E800001F1010C5FFA8CFC674598BF4FF0000CC4
:107E900060452AD004274FF0020904FB01F0716805
:107EA0000C180F546360089B6270A360099BA4F8D0
:107EB0001080E3600B9B84F802906361109B236247
:107EC0000C9BA3610D9BE3610E9B63620F9BA362FE
:107ED00086F803C0D5E90836704698472B4600223D
:107EE0003946B047A078BDE8F8830120BDE8F883A3
:107EF000CC1900202DE9F04F0368427A87B046681C
:107F00000193002A00F0F6808B468246531EDBB2B6
:107F100006EBC30302930596029B5A6893F80190FF
:107F20000492CDF80C90BBF1FF0F5CD000260BEB58
:107F30004B04019B2201DE4613F802B003EB04144C
:107F4000FF272770DAF800509AF8183005EB02087E
:107F5000BB42D8F8081018BF00960DD1C6E0091A28
:107F600005D1B8F81E90F68BB14500F28280AA5C6C
:107F70001F46FF2A72D0134603EB430205EB02169D
:107F8000B0684FEA430C81424FEA0212E7D2009EEA
:107F9000FF2F18BF07EB470788F8003018BF3F01D5
:107FA0006344C8F8081005EB03130CBF8AF818E007
:107FB00005F807E09A68521A9A60A3780133637053
:107FC000002EB0D00020736A3070B0700BB1B16A6F
:107FD00098476368002BA6D1736ABBF1FF0F236239
:107FE000B36A6362A2D1DDE90395029B98784845A4
:107FF00009F1010229D02C2303FB09F302995FFA4E
:1080000082F90978EA5C494508BF4FF00009042A63
:1080100005EB0306EBD196F801E001990EEB4E0259
:1080200001EB02146078A1781201884224D000226A
:108030000120EA54736AB0700BB1B16A9847029B91
:1080400009F1010298784845D5D1029A05995070F6
:108050009142A2F108034DD002935DE79C444FEAA0
:108060000C1CC8F8081088F80020009E05F80CE0E9
:10807000A3E70146009E8BE74FF6FE70338ADAF8DD
:1080800014108342CDF80C9007D04FF6FF701B1AE6
:10809000B3FA83F35B0984F82C304FF6FD70336A32
:1080A000A362F3686360338A834288BF00230020A1
:1080B000A3837369A361B369E360F3692361B5685E
:1080C0006061A56073685F1A0AD400233D44636150
:1080D0000023E383E378A56043F00103E3702FE717
:1080E000CB1A9D42F1D85B1B0546F0E7AB548AF8EA
:1080F00018E062E707B0BDE8F08F00BF01232DE96B
:10810000F04F447E8FB08376002C40F0B580037E24
:108110008146FF2B00F0AF800CF0FCFDD9F8142055
:10812000D9F81C30A0EB020B5B4594BF0023012360
:1081300099F81880A246B8F1FF0FD9F800600393B0
:1081400078D0049408EB480806EB0814A3684FEABB
:1081500008185B456DD8A278ABEB030B9A446378A3
:1081600016F808809B1ADDB2012D5FD1A369A06AC1
:108170000293002800F01681016800297FD0002BAF
:1081800000F02981039B002B00F04981037A5A07F4
:1081900000F03A81037A23F007030372E78BE27859
:1081A0007B1C22F00102E27094F82C209BB2E38346
:1081B000002A00F0DE80A28B9A4280F0DA80A06A6A
:1081C000002800F06481037A03F00703012B00F01C
:1081D000D080002741684760A36A1A7A67F30202D9
:1081E0001A72A278E768013AA270FFB16069D9F803
:1081F0001430E278AAEB0000184402F0010223696F
:10820000002D40F0E180B4F81EC0CDE900236346A4
:108210002A46B847DDE90223002A18BF43F00103CC
:108220000393E378E58365F30003E370B8F1FF0F90
:1082300088D1049C99F80B3099F80A209A4208D109
:108240000132D2B2022A16BF14460023234689F80F
:108250000B4009EB8303C3F80CA0D9F82440002598
:108260004B46012204210320A44689F81A500FB07E
:10827000BDE8F04F604784760FB0BDE8F08F029BF9
:10828000002B00F08D80039B002B83D1D9F81C308C
:108290009A45FFF47FAFB8F1FF0F7ED0029BE78BCA
:1082A0009C460993A38BCDF82880BB428EBF3946EC
:1082B000FB1A99B26368CDE907A801FB03319A461E
:1082C000DDE90983CDF818B0CDF824C04FF0000ED9
:1082D000A346844605910B920C950D97CDF82890F6
:1082E00003EB430306EB031291681B018E44F04538
:1082F00048D3906A946900283FD0006800283CD099
:10830000D58B978B5068AF4240F29480002840F0A4
:108310009880BCF1000F32D08146DCF8000028B113
:10832000029919B97444A04280F0BE80AF4226D8A9
:10833000D0789BF8032000F0010402F00105A5426B
:1083400005D34240D1071AD4B9F1000F17D06046C7
:108350005C46DDE906BADDF820800C9DDDF824C01E
:108360000D9FDDF82890002840F09780CDF808C0D8
:1083700015E7A378013BA37058E7002CC0D1F35C4C
:10838000FF2BADD10B9ADDF828906046DDE9088C13
:10839000CDF808C05C46DDE906BA002800F09180FF
:1083A000002516E7029B63B3039B002B7FF4F6AE18
:1083B000D9F81C309A45FFF4F1AEB8F1FF0F7FF405
:1083C0006DAF03990D460DE7CDE900234FF6FF731E
:1083D0000022B8472AE7039B63B9D9F81C309A45B5
:1083E00008D3B8F1FF0F54D04FF0960CE78BCDF8BF
:1083F00024C057E796230293037A5A077FF4CAAE44
:1084000002E0029D0021EDE6A18BE28B91423FF656
:10841000C1AE012262F302030372E78BBFE6D9F813
:108420001C309A45FFF4B2AEB8F1FF0F7FF436AFBF
:10843000039DCEE668B9BCF1000F7FF46DAFE14655
:1084400076E7BAF1000F20D1BCF1000F97D0D146EA
:1084500063E7BAF1000F12D0A5EB07091FFA89F9FB
:10846000411A00FB0911059888422CBF4FF0000902
:108470004FF00109BCF1000F7FF44FAF56E7D14632
:10848000BCF1000F7FF449AF50E7A946E8E7A278B6
:10849000B8E79623039D02939BE60168CDF808C0D8
:1084A00000293FF477AE71E65C46DDE906BA014685
:1084B000DDF8208060460C9DDDF82890DDF824C0B2
:1084C000ECE7054601468DE6837E002B40F00883ED
:1084D0002DE9F04F437E8BB083460793002B77D175
:1084E0000121837AC27A40699A4206908BF819106A
:1084F00000F0F7820B44DBB2022B0ABF079A1A4640
:10850000134601248BF80A300BEB8203DA68069BD2
:1085100003921344CBF814309BF818900CF0FAFB3C
:10852000B9F1FF0F049002D1CBF814000690DBF8EC
:1085300000309BF809200093531EDBF80470DBB277
:10854000002A00F0D68307EBC306FF23CDE90849D4
:108550004FF02C0AD94602930597D6F804B0F1786B
:10856000B5786B1CA942DBB262D032780AFB05F702
:108570009A4208BF0023B3701BF807200BEB0704D7
:10858000042A3BD9082A2DD86178009801EB4103D1
:1085900000EB03181B0198F80200019398F80130D2
:1085A0001B1A13F0FF032BD1062A1BD199F81B309D
:1085B0008B424ED04FF000030BF80730A370636A74
:1085C000002BCCD0A16A00209847F178B578C8E795
:1085D0000421446A034601220846A4460BB0BDE8C4
:1085E000F04F60474FF0000301200BF80730636A3B
:1085F000A070002BB3D0A16A9847B0E71D46B0E742
:10860000052A1DD162684AB9A2683AB9E2682AB956
:1086100022691AB9626932F07F42E3D0012B25D07A
:1086200004214B4601220846D9F82440A047B570E2
:10863000059AA6F10803964200F0DF801E468CE7FB
:10864000012B00F09480062AEAD199F81B308B4266
:10865000B0D16168D9F814208B1A40F1B080521A59
:108660000399914294BF00235B18AAE04846FFF7A4
:10867000C5FBC8F80800049BD9F814E0A3EB0E0C66
:10868000039B03EB0C01884240F2A280421AD8F807
:10869000043013B3A38A03B3013B99B2A182D8F883
:1086A0000400B8F81E30824207D80AE0ABB2121AB2
:1086B000A8F81E308242A18A03D98B4203F1FF350C
:1086C000F4D8994207D901339BB2A8F81E30A18A89
:1086D00002448B42F7D3A8F81C106168D8F8143014
:1086E0001144C8F80810A268D8F828001344C8F844
:1086F000143048B102683AB1D4E901329B1A4360A0
:10870000D8F80810D8F81430BCF1000F68DB8C449E
:108710009C456FD9ACEB03020023C8F81430C8F8AD
:108720000820E268D8F818301344C8F818302269D5
:10873000934294BF00239B1AC8F81830A37D2BB135
:1087400098F8032063F3000288F80320E37D13B157
:10875000013B88F82C30029BDDE90021535498F846
:10876000013062780133029288F8013022E7062A4C
:108770003FF41CAF4846FFF741FB98F80230C8F8B9
:10878000080088F8013099F81B2063789A427FF43A
:1087900011AF1BF80730062B3FF45BAFFF2389F8BE
:1087A0001B301BF80730062B3FF453AF082B3FF468
:1087B00050AF0499D9F814208B1A3FF550AF039AA3
:1087C0001344D9F81C209A4288BFC9F81C30F1E63E
:1087D000D8F8143000221944091AC8F8141056E7C2
:1087E000049AAEEB020E8E4591D39E44AEEB01038C
:1087F000002292E7A3EB0C03FAE7CB46089CDDF8D6
:1088000024909BF81850002C00F00F81049B069ACE
:10881000DBF800809F1AB5EB090318BF0123FF2D79
:1088200008BF1F4600935AD00026CDF80490B146E9
:10883000039E05EB450308EB0314A2684FEA031EF1
:10884000B24200F23482A3786178B4F81EC0C91A2B
:10885000DBF81C30B61A9A4223BF4FF0FF338BF877
:108860001B3000239B1ACBF81C30BF1A9144A26A1C
:10887000A069C9B2002A00F0B0801368002B00F094
:108880009780002840F09780022900F00A82002398
:10889000A36018F80E308BF818306368A26A002BBA
:1088A00072D122B1137A03F00703012B4BD049B1E7
:1088B000012902D0BCF1000F04D0236A13B10120BA
:1088C000616A9847A37863709BF81850FF2DB0D168
:1088D000DDE90079B9F1FF0F18BF47F00107002665
:1088E00058460299FFF706FBCDE90197DBF80050E7
:1088F000CDF800B0009B187EFF2800F0FD810446F3
:108900004FF0FF0900E01C4604EB440305EB03179E
:10891000B96A1B018E4629B10A7A02F00702012AC0
:1089200000F0E680EB5CA146FF2BECD1DDF800B057
:10893000DDE90197002E40F09780814540F094805A
:10894000002F7CD094E03246A378A660637006992D
:10895000DBF814C04944B1EB0C0A606947D45146B6
:10896000114488424CD2081A0021029A0133DBB22A
:10897000A060616108F80E20637002959BF81850A2
:10898000FF2D7FF456AFA3E722B1127A02F007025F
:10899000012AD8D0E08BA8BBA08B94F82C100246FB
:1089A00002FB0332002936D06378E083A260CEE771
:1089B00000283FF46CAF02297FF469AFBCF1000FCF
:1089C0007FF465AF137A03F00703012B3FF45FAF29
:1089D000CBF81C008BF81B5059E700283FF457AF29
:1089E00002297FF454AFBCF1000FF1D04FE7ACEB9C
:1089F000010C9445B3D300EB0C01891A0020B4E7B5
:108A0000411AFBE70022A17802FB0332617094F85F
:108A10002C100029C8D19742C6D91A440131974277
:108A200089B2FAD8014488B2BEE758460299FFF7E6
:108A300061FA9BF81800814513D14D4511D10023EF
:108A40008BF819309BF81A30002B46D0DBF8244005
:108A50005B46012203210420A4460BB0BDE8F04F81
:108A60006047FF2800F05281B9F1FF0F00F0358117
:108A7000DBF8003000EB400003EB00139F68002F91
:108A800033D00CF047F90A260446DBF81450013EB7
:108A9000621B974202F1060115D9B9422CBF6D182D
:108AA000ED19DBF82830284698470CF033F9C4F16B
:108AB00001022B1B02449A4207D90EB10446E4E797
:108AC00000DE0446E1E70123079300238BF8193009
:108AD0009BF81A30079A1A43B8D10BB0BDE8F08F53
:108AE0007047079B1C46039316E58BF81970ADE79A
:108AF000BA68002A40F01D81D7F818B0BBF1000F0A
:108B000006D10A68002A00F020818E464FF0960BAD
:108B1000DEE9002A924580F0D680A2EB0A08EA5CE2
:108B2000FF2A00F0D08000210098CDE904A4C0699C
:108B30009A4600F19606A8EB0B0003908C46084677
:108B400034461346CDF818900BEB0C09C8453FD3BB
:108B500003EB430305EB031296681B013044962890
:108B600077D9A0F196066644464528BF46460BEBEA
:108B7000040188450DD3B1450BD8B969002900F02F
:108B800081809EF8081009077CD4B6EB0B0140F0F9
:108B9000A980916A21B1097A01F00701012968D001
:108BA0009169002965D05268002A62D0BA6984446C
:108BB000963101EB0C04002A59D09EF80820A8EB4E
:108BC0000B01120700F192800020EB5CFF2BBBD160
:108BD0005346DDE90549DDF810A08A44CEF804A02B
:108BE00015F803B0BBF1FF0F5A4618BF4FF0FF084E
:108BF00001D1B0E0024602EB420005EB001CDCF8BC
:108C000008604FEA420A8E424FEA001080F0A580C9
:108C1000285C9046FF28A1EB0601EBD1B960B9F1C1
:108C2000FF0F00F0828009EB4901090105F801B04E
:108C300052441201A95CE954AC540222FB8B012678
:108C4000013BFB839EF8083062F302038EF8083084
:108C500050E6BE6986B19EF8086016F0080686D018
:108C6000946984449634039A64449442ACD821466F
:108C7000AAE70021EB5CA9E791698444963161443D
:108C80000C46A1E7002C84D0A6EB0B06A64280D3AD
:108C90002246DDE905495346DDF810A0114692440D
:108CA0009CE7BCF1000F7FF4F2AD96208AE6921BA0
:108CB000A260DDF804909BF81830009F4B4518BF68
:108CC00047F001070BE6CEF804A0EB5CFF2B08BFD2
:108CD000002140D00023BB60AFE70CF001F89BF807
:108CE0001800C5E6A142FFF454AF71E70A4600211F
:108CF000BBE7FF23029384E59B46DDE901972EB98C
:108D0000B9F1FF0F02D1002F3FF499AE0BF0F2FF43
:108D100000287FF494AECBF81C008BF819009BF868
:108D20001A30002B3FF4D9AE90E6009981F818B0C4
:108D30007EE700DEB96AD7F818B08E46BBF1000FA7
:108D40007FF4E6AE00297FF4DCAE00DE4FF0960B38
:108D5000D7F828E0DCE6B9606FE7761AB8F1FF0FC4
:108D6000CCF80860B9603FF468AF424615F803B02C
:108D70004FEA480A53E700BFF0B4049E9DF8144040
:108D8000069D28BB144F3A605A1E39727B727E6072
:108D9000D2B26BB12C2006EBC20319465D6013F80A
:108DA00008298E42A4EB020400FB0255E4B2F4D180
:108DB00074B9FF23079A7C613A62089A7C817A62CF
:108DC000099AFC61BA623B76FB762046F0BC70479C
:108DD0000120F0BC704700BFCC19002040B9064A02
:108DE000117EFF2901D1107270476FF00F0070479C
:108DF0006FF01500704700BFCC1900202C22074BE4
:108E000010B402FB00335C6A2CB1A446012203219A
:108E1000022010BC604710BC704700BFCC19002076
:108E200010B4BDF81040DDF814C003940024CDF850
:108E300010C0DDF818C0CDF814C0DDF81CC0CDF8A6
:108E400018C0DDF820C0CDF81CC0DDF824C0CDE985
:108E500008C410BCFFF704B810B4BDF81040039468
:108E6000059C0494069C0594079C0694089C079412
:108E7000099C08940A9C099410BCFEF7F1BF00BF3E
:108E80002DE9F0472C24244DBDF82C8004FB00551F
:108E9000084669689DF8307001EBC00E11F830A0EB
:108EA0009EF803109EF8019001F1010C5FFA8CFC12
:108EB000E24598BF4FF0000CE1459DF83C6028D09A
:108EC0004FF0050A4FF0020904FB01F1DEF80440FF
:108ED00004F801A00C446360089B6270A360099BC6
:108EE000A4F81480E3600A9BA77523610D9BE675C7
:108EF00063620E9B84F80290A3628EF803C0D5E9EA
:108F0000083698472B4600220421B047A078BDE8D8
:108F1000F0870120BDE8F087CC19002010B588B09B
:108F20000A9CDDF82CC0009400240794BDF834405E
:108F3000CDF804C003949DF83840DDF830C00494A7
:108F40000F9CCDF808C00594109C0694FFF798FF7D
:108F500008B010BDF8B52C27174E07FB0066084671
:108F6000746804EBC10191F803E014F830500EF17D
:108F7000010C5FFA8CFC654598BF4FF0000C4C78F3
:108F8000644517D007FB0EFE072702254C6804F83E
:108F90000E7074446362069B6270A570A36281F8D0
:108FA00003C0D6E908359847334600220421A84774
:108FB000A078F8BD0120F8BDCC190020F8B52C2709
:108FC000184E07FB00660846746804EBC10114F8EC
:108FD00030E0CC784D7804F1010C5FFA8CFCE6456A
:108FE00098BF4FF0000C65451AD04FF0080E07FBF4
:108FF00004F402274D6805F804E02C446360069BE6
:1090000062706362079BA770A36281F803C0D6E910
:1090100008359847334600220421A847A078F8BDB8
:109020000120F8BDCC1900200BF074BE401A704727
:1090300000210148704700BF7F410100022801D094
:109040000120704738B5044608461D4603F066FA0D
:1090500018B100232B70184638BD204638BD00BF1C
:10906000002303700B70704738B5054600200C468E
:1090700002F0B8FD70B93DB9074B44B120681860E3
:10908000A2889A80002038BD044B002CF6D11C60C9
:109090009C80F7E70C2038BD001A0020F81900204A
:1090A000012804D808B903487047034870470020D6
:1090B000704700BF001A0020F8190020012809D8C5
:1090C00030B9064B186808609A8818468A8070473D
:1090D000034BF7E700231846704700BF001A002033
:1090E000F819002010B504460AF0D4F850B90AF077
:1090F00039FC60B90BF052F870B92046BDE8104059
:109100000EF056BE00DE0AF02DFC0028F2D000DE84
:109110000BF044F80028F0D000DE2046BDE81040F7
:109120000EF046BE086001480EF042BE50200020FE
:109130000EF03EBE2DE9F84F0B788946072B88BF0D
:109140002B4B834688BF93F8403092469A424DD0CD
:10915000274D5C1C35F83320E4B2082C08BF0024EE
:10916000002601274FF01208028005EBC30319E027
:10917000012838D0C3F80480072C89F8004088BF44
:1091800095F84040A24523D023B2013435F833107E
:10919000E4B2BBF80020082C08BF0024914205EB84
:1091A000C30315D15868B0B1FF28E1D9027902F0A4
:1091B0000302013A012A12D912225A6003F0C6F9B9
:1091C000072C89F8004088BF95F84040A245DBD1C4
:1091D0003046BDE8F88F01365F60F6B2CCE7013665
:1091E0000122F6B2E9E70136F6B2C5E70026EFE75D
:1091F0002C1A00202DE9F041324F3B88984253D978
:1092000013F0FF0524D0DFF8C08098F81540013432
:10921000E4B2052C08BF002498F81430A34219D0FA
:109220002A48FEF7E3FB064690B12948FEF7DEFB2D
:1092300000283BD0066098F8153048F823003B889A
:10924000013D013B15F0FF0588F815403B80DED15C
:10925000BDE8F0813B88002BFAD00026DFF874804F
:1092600098F80D400134E4B2032C08BF002498F8AC
:109270000C30A342ECD01548FEF7B8FB0546002899
:10928000E6D01348FEF7B2FBB0B16E60056098F807
:109290000D3048F823003B8888F80D40013B9BB215
:1092A0003B80002BDED1D3E70546ACE73046BDE876
:1092B000F0410649FEF7AEBB2846BDE8F041034940
:1092C000FEF7A8BB941A0020101E0020981A002058
:1092D000EC1A0020741A00202DE9F8434FF0000822
:1092E00005262E4B2E4F181D05222421A7F8188085
:1092F000FEF758FB2B4B05220821181DFEF752FBE9
:1093000097F818907C7E0134E4B2062C08BF002444
:10931000A14514D02348FEF769FB054678B11F48E4
:10932000FEF764FB002834D0C5F8048005607B7E1E
:1093300047F82300013E16F0FF067C76E3D11A4B76
:109340000822181D6421FEF72DFB184B0A22181D58
:109350000821FEF727FB1548FEF748FBA8B1144A81
:10936000111FFEF78FFB1148FEF740FB78B1114A41
:10937000111FFEF787FB06220F4BFF201A80FFF715
:1093800039FFBDE8F84308F0E3BC00DEE7E700DEA4
:10939000EDE728460349FEF73DFBD0E7541E0020C9
:1093A0000C1F0020281E0020EC1A0020981A002014
:1093B000901A0020881A0020941A00202DE9F0410C
:1093C0007C4D7D4E86B004AA02A90DF1070003F082
:1093D00081FE0446D5E9000103AAFEF76BFB0746B0
:1093E00050B3039B002B6AD0187804AA02A903F09B
:1093F00089FE039B0446002840D0049ABDF808105B
:109400001F78ADF80A10059203F08EFE2146059AEA
:10941000BDF80A0003F0BCFE204603F04FFE3846BC
:1094200005AA0DF10A0103F06DFE04460028EBD1F8
:1094300030680EF0BDFCC6E7002C3DD0049B9DF8C3
:1094400007700593BDF80830ADF80A3003F06CFEE4
:109450002146059ABDF80A0003F09AFE204603F063
:109460002DFE384605AA0DF10A0103F04BFE044615
:109470000028EBD130680EF09BFCA4E705931B7924
:10948000013B2C2B1ED8DFE803F01F32741D1D1D7D
:109490001D1D1D1D1D1D1D1D1D1D1D1D1D1D1D1DFC
:1094A0006A1F1D1D1D1D1D1D1D1D1D1D1D1D1D1D9D
:1094B0001D1D1D1D1D1D1F0006B0BDE8F08100DE35
:1094C000039B91E700DE7EE700223A496868FEF7D9
:1094D000F9FA3846394B059993F84130384A0B7000
:1094E000FEF7DEFA344B18680EF062FC6BE70022E0
:1094F00030496868FEF7E6FADDF81480D8F80840CD
:1095000034B12378002B52D02378013BDBB2237097
:1095100098F80C3013B1012B43D000DE0023294A08
:1095200088F80C30537E117E0133DBB2062B08BF66
:109530000023994239D0C8F80070517E42F821804A
:109540005376002C3FF43FAF2378002B7FF43BAFE2
:10955000A368002B3FF437AFE068984733E7002259
:1095600014496868FEF7AEFA3846059903F086FAA2
:1095700029E7384605A903F09BFA0E4900226868DE
:10958000FEF7A0FA059900293FF41DAF0B792E2BA9
:109590003FF419AF094B384693F84130084A0B7035
:1095A0009EE7404603F08EFBB8E700DEC9E700DE29
:1095B000AAE700BF8C1A00204C2000202C1A0020A3
:1095C000881A00200C1F002010B5274B274C86B0AE
:1095D00018600BF079FB2378002B3DD0244B0C2135
:1095E0000593244B02240493234B24480393244BD8
:1095F0000090029304230191224A037003720474C1
:10960000047619460020FFF7B7FB50BB012200216A
:109610001D4815F077FC09F0C9FD044610B120463D
:1096200006B010BDFFF758FE0AF084F90446002882
:10963000F5D102F095FA04460028F0D10AF0A2FD17
:1096400004460028EBD103F0C1F904460028E6D116
:10965000012009F007F8E2E7FEF744FA012323703E
:10966000BCE700DED2E700BF4C20002029370020F5
:10967000895C0100E95B0100C95B010070220020E8
:1096800060200020902200205020002030B585B0BE
:1096900002F06CFA98BB03F09FF9002834D1002443
:1096A0001C4B2046A3F8404008F0DCFF1A491B4A37
:1096B0001B4BA1F8204194829C81012221466846DF
:1096C00015F020FC174B0320224621466D46C3F8B7
:1096D00008D0FEF75FFAC8B94FF0FF324FF0FF3302
:1096E00028460EF099FB02F047FA88B9FFF7F4FD1F
:1096F0000021012005B0BDE83040FFF7B5BC00DE19
:1097000003F06AF90028CAD000DEC8E700DEE3E70C
:1097100000DEEBE72C1A0020281F0020101E00207E
:10972000741A00207C04002008B5FFF7AFFF09F091
:1097300073FD00B108BDBDE80840FFF74FBB00BF97
:109740002DE9F043804689462C4D2D4F83B00023F0
:10975000C8F8003095F8414001AAD7E90001FEF7AA
:10976000A9F90646002834D0019B48461A782549B5
:10977000FFF7E0FC034690BB95F840208DF80120F0
:1097800095F841200DF101010DF102001C46FFF793
:10979000D1FC44EA000212F0FF020346F0D1019925
:1097A0000B79012B22D139467868FEF78BF93046C8
:1097B0001549FEF72FF9154A1388052B13D8019880
:1097C000013313491380FEF725F90120FFF712FD3D
:1097D000BDE7224648460B49FFF7ACFC0346184656
:1097E00003B0BDE8F08300DE1388E8E713461846AF
:1097F000C8F8001003B0BDE8F08300BF2C1A0020A9
:10980000841A00206C1A0020981A0020941A002054
:10981000EC1A0020002330B5354983B0486801AA0E
:109820000193FEF74FF900285AD03249FEF7F2F8BB
:10983000019A13792D2B19D8DFE803F017181817A0
:109840001818181818181818181818181818181898
:109850001818181B1717171717171818181818188B
:109860001818181818181818181703B900DE03B0BC
:1098700030BD137F3C2B1CD0537FC3B193681C6851
:10988000A06D20B100231C49A365FEF7C3F894F82E
:109890005E3023F0010384F85E30002002F0A2F96C
:1098A00010F0FF00E3D108F063FF03B030BD00DE2D
:1098B000F3E79368D3E90045A5B100225A60D5F8D3
:1098C000AC309BB905F1A00105F19C00FEF7DEF874
:1098D000034648B12868C5F8AC3002F005FED6E76B
:1098E00000DEA2E700DEE8E700DEF3E700DEE9E7FE
:1098F000841A0020981A0020EC1A0020F8B5046899
:1099000006460CB3324D2046037924682D2B18D817
:10991000DFE803F027171727171717171717171759
:109920001717171717171717171717213327272771
:109930002727171717171717171717171717171797
:10994000172700DE002CDED100233360FF20BDE8A6
:10995000F840FFF74FBC037F3C2B27D013B100DE4C
:10996000037963B32B88052B26D8013319492B8043
:10997000FEF750F8002CC6D1E6E7C0880028E1D1F8
:1099800002F0C0FD0746E0B1D7F8BC30DBB907F103
:10999000B00107F1AC00FEF779F8B0B1C7F8BC0030
:1099A000384602F0A1FD002CADD1CDE70949FEF704
:1099B00031F8002CA7D1C7E700DE2B88D5E700DE01
:1099C000D0E700DEE0E700DEE1E700DEE6E700BF2B
:1099D000941A0020EC1A00200148FEF707B800BFD7
:1099E000981A00200149FEF715B800BF981A002008
:1099F0000148FDF7FBBF00BFEC1A00200149FEF74C
:109A000009B800BFEC1A0020034B044A93F8413018
:109A10000B70FEF745B800BF2C1A0020881A0020F2
:109A200008B5064B064A93F841300B70FEF738F83C
:109A3000044B1868BDE808400EF0BAB92C1A002093
:109A4000881A00204C2000200B490A7B4B7B9A424D
:109A50000AD8A3EB020C5FFA8CFC604509D89A4245
:109A600007D051F82200704703339B1ADBB29842AB
:109A7000F7D90020704700BF741A0020074A117BF5
:109A8000537B8B4208D04B1CDBB2032B08BF002357
:109A900052F821001373704700207047741A002099
:109AA00000B50D4A92F841C092F840E00CF1010374
:109AB000DBB2082B08BF00239E4509D022F83C00EA
:109AC00002EBCC0CCCF8041082F841305DF804FBBA
:109AD00000DE00231B80FFDE2C1A0020022810B5B8
:109AE0000C4602D00B68022B07D04FF0FF324FF02C
:109AF000FF3302480EF090F9206810BD502000207E
:109B000004490A680AB110467047024608601046C8
:109B1000704700BF281A0020044A136823B19842F6
:109B20000ABF00210023116018467047281A002040
:109B3000014B1868704700BF281A002004490A68C2
:109B40000AB110467047024608601046704700BFD1
:109B5000701A0020044A136823B198420ABF0021FA
:109B60000023116018467047701A0020014B1868D6
:109B7000704700BF701A002070B5056884B02B785C
:109B8000EBB104466E4601220021684615F0BAF991
:109B90000C4BC5E902362B788BB100220A4B03200F
:109BA00011469C60FDF7F6FF38B947F612220023F4
:109BB00030460EF031F904B070BD00DEF5E76FF00D
:109BC0007700F8E7319100006C040020F0B5244ED6
:109BD0000C463368174685B0002B36D0994215D114
:109BE000022503AB02460093032100201D4B039581
:109BF000FFF7B0F9022805460CD0039B022B09D1D0
:109C000095B133680BB19C4221D014B36FF02D0095
:109C100005B0F0BD4FF0FF324FF0FF3312480EF0A9
:109C2000FBF8039D002DECD13846FFF7A5FF336804
:109C30000BB19C4210D0002CE8D10028E8D010F1E4
:109C4000780F08BF002005B0F0BD3160C8E70023E1
:109C500033606FF07700DBE735600028D8D0EEE79F
:109C6000281A002025910000502000200B490A7D71
:109C70004B7D9A420AD8A3EB020C5FFA8CFC60453C
:109C800009D89A4207D051F82200704705339B1A31
:109C9000DBB29842F7D90020704700BF101E0020A9
:109CA000074A117D537D8B4208D04B1CDBB2052B3C
:109CB00008BF002352F82100137570470020704739
:109CC000101E002038B50C46054603F0FDF903468A
:109CD000237021462846BDE83840014AFDF7E0BE22
:109CE000901A0020012200201146014BFDF752BFBF
:109CF0005C04002070B50C46054603F0E5F9034608
:109D0000214623702846054AFDF7CAFEBDE870408B
:109D1000012200201146024BFDF73CBF901A0020A3
:109D20005C0400202DE9F0471A4E9DF8209096F82B
:109D300021C196F820510CF1010E5FFA8EFEBEF1A2
:109D4000090F08BF4FF0000E75451ED0144606EBF4
:109D50004C1C654680460F469A4610685168E36879
:109D6000926809F001090FC59CF81C30CCE904A8E1
:109D700023F0030343EA0903CCF818708CF81C3075
:109D800086F821E16046BDE8F0874FF0000C6046A0
:109D9000BDE8F087281F0020054890F8203190F892
:109DA00021219A4214BF00EB43100020704700BFEE
:109DB000281F002010B402780B4C082A94F8213197
:109DC00088BF94F82021014688BF0270934209D0D1
:109DD000531CDBB2092B08BF002304EB42100B70AD
:109DE00010BC70470020FBE7281F00202DE9F04F32
:109DF0003D4E87B096F8203196F8212102909A4284
:109E00003ED04FF000080B24C346C246CDE904887B
:109E100006EB4313CDF80C801D7FD3F80090C5F3FB
:109E20004002DF6805F00105002C4DD0013CE4B292
:109E30004AB396F8211196F82031994220D0013387
:109E4000DBB2092B08BF0023994286F8203117D0D6
:109E5000590106EB4313002ADED1D86805BBBAF1DD
:109E6000000F33D0BBF1000F36D01A7F9707D3D144
:109E70005045725834D05845CED105998A42CBD13D
:109E800007B0BDE8F08F194902988B601146174B57
:109E90000192FDF77FFE019A0028CAD000DEC8E7D4
:109EA000039ABAB1B8F1000F08BFB8461A7F9507F8
:109EB000B2D4D207DCD5BBF1000FADD1039A8242F8
:109EC000DED08045A8D1DBE700DEAFE7BA46CDF8AB
:109ED0001090EBE70397E9E7BB46CDF81490E5E770
:109EE00004998A42C7D1CBE7281F00204C040020E8
:109EF000054B1A7E597E914204D053F8220010B1CE
:109F00000C307047002070470C1F002070B5134ABA
:109F1000117E537E8B421FD04B1CDBB2062B08BF39
:109F2000002352F821401376A4B1022300252668AD
:109F30002371A060256003F0C7F803462146084A54
:109F400023703046FDF7ACFD012228461146054B33
:109F5000FDF720FE204670BD0024FBE70C1F00200B
:109F6000901A00205C04002030B48569D0E90743D2
:109F7000E018113085428ABF2C46431B11330C6018
:109F8000136030BC704700BF10B5002482B0049B42
:109F900093F80AC02CF0020C83F80AC0CDE9004403
:109FA00009F0AAFA02B010BD012210B582B00192E8
:109FB000047F034614400269D0E90501009409F0CA
:109FC0009BFA08B902B010BD7730FBD000DEF9E78C
:109FD00010B4CB6804691A78042A02D0236810BC34
:109FE00018475B78052BF9D1002010BC704700BFE3
:109FF0000B8A002B38D030B5054683B001F10C0038
:10A000000C4611F00BFA012810D0022802D06FF094
:10A01000150009E001A9204600F006FF019911B1E1
:10A020002846FFF7D5FFC8B103B030BD002301A912
:10A030002046019300F080FA014678B12846FFF7E8
:10A04000C7FF0028F0D1019D45B1284601F05EFA16
:10A0500003466B710648019914F02DFF2046F7F76F
:10A0600049FF002003B030BD6FF01500704700BFFE
:10A070005423002010B50469FFF756FB40B905488A
:10A08000F7F778FB0448F7F775FB0020206010BD58
:10A0900000DEF4E7980F0020181000202DE9F041B1
:10A0A0004FF000080646076982B04FF0FF324FF0CC
:10A0B000FF3334480DF046FE0028F6D04379019076
:10A0C000042B31D8002B46D0022B4CD04FF0FF335D
:10A0D0004FF0FF320220F8F757F80446019B002C9E
:10A0E0004BD01846214600F04FFF019B01A8C3F852
:10A0F0000080FFF703FC204611F00BF905462146CE
:10A10000002011F030F92B8A0446012B08D929468A
:10A1100030463B6898470EF067FB002CEBD1C4E754
:10A120002846F7F7E7FEF6E7052B14D14FF0FF338B
:10A130004FF0FF320820F8F727F80446019821462F
:10A1400000F0F8FE019B01A8C3F80080FFF7D6FBE2
:10A15000002CD0D1A9E700DE019B01A8C3F8008044
:10A16000FFF7CCFBA1E70023002201210020F8F734
:10A1700023F80446019B002CB3D101A81C60FFF713
:10A18000BDFB92E754230020F0B5054683B014E0F0
:10A190004FF0FF324FF0FF3300211320F8F70CF897
:10A1A00022460446BDF8021001F098F921462846DF
:10A1B000FFF70EFF40BB0EF017FB0DF1020101A8E7
:10A1C000FFF7BEFA04460028E2D1019BA3B1FFF7D6
:10A1D00021FB019F384601F099F9019E787173794E
:10A1E000032B02D13379182B10D03146174814F0C5
:10A1F00062FE019B002BE0D14FF0FF324FF0FF33A6
:10A2000013480DF009FED8E700DED4E721464FF0F1
:10A21000FF324FF0FF330520F788F7F7CDFF0446F4
:10A22000394606F11C00224600F05EFE384600F07A
:10A2300079FE3CB121462846FFF7CAFE20B92046E8
:10A24000F7F758FE019ED0E700DEF8E75423002020
:10A2500064230020F0B505460E46076989B0204802
:10A2600014F0FBFD4FF0FF3200211E4814F04AFEAF
:10A270001C48FFF7A9F9044600282ED13E6001F0E2
:10A280005BF9002600276FF0090C4FF4E072CDE96E
:10A290000667CDE90144144B144904940095CDF8A8
:10A2A0000CC013480EF0A6F81249114814F05CFFD8
:10A2B0006FF0070C4FF46072CDE90667CDE90144F9
:10A2C0000D4B0E4904940095CDF80CC00C480EF0CF
:10A2D00091F80C490A4814F047FF204609B0F0BD38
:10A2E000542300206423002089A10000904E002008
:10A2F000980F0020801802009DA000005050002000
:10A30000181000209018020008B50EF027FA054832
:10A3100014F0ABFD034814F0A0FDBDE808400EF0BA
:10A3200031BA00BF542300202DE9F041194C646874
:10A33000A40004D59046184A1268120701D4BDE85B
:10A34000F08103F10C0405460E462046022111F06F
:10A3500021F840F63E4301210380204611F01AF80F
:10A3600004230B210370204611F014F80570A0F8A7
:10A3700001803DB97268B368C0F80320C0F80730A7
:10A38000BDE8F0810027C0F80370C0F80770BDE891
:10A39000F08100BF5801002050010020F0B50138C5
:10A3A000144687B011280AD8DFE800F0233F55098A
:10A3B000096709799AAD090909090909090D6FF0B9
:10A3C000150007B0F0BDCB68DA789978188807F0E7
:10A3D000ABFC564B06460121188811F03DFC0121CB
:10A3E00005460C3010F0D6FF06702560002007B03F
:10A3F000F0BD4E4B0D21188811F02EFC0D21206070
:10A400000C3010F0C7FF4FF48064002304210222B7
:10A41000474D0370C0F80150A0F80540C1710372A8
:10A4200042728372C3720373E0E7404B4121188884
:10A4300011F012FC412120600C3010F0ABFF002124
:10A4400004463E2200F8031B16F0E7F940F2A7335A
:10A45000A4F80130CAE7354B0921188811F0FCFB3C
:10A46000092120600C3010F095FF0022034603F80C
:10A47000012BC0F801205A60B8E7C9680020FEF738
:10A48000F3FD2A4B0121188811F0E6FB0121054656
:10A490000C3010F07FFF002303702560A6E7254EE7
:10A4A00001AD0FCE0FC5214F3368122138882B70B4
:10A4B00011F0D2FB122120600C3010F06BFF002352
:10A4C0000446064695F800C004F8013B01AD0FCDE7
:10A4D000C6F801006160A260E36084F810C085E7FF
:10A4E000124B1821188811F0B7FB182120600C308E
:10A4F00010F050FF00230446012100F8023B0AF04F
:10A5000067FB607072E7094B2121188811F0A4FBEA
:10A51000212120600C3010F03DFF00230146013066
:10A5200001F8113B0AF0A4FB60E700BF7836002079
:10A5300002000500B018020000232DE9F0418CB0A4
:10A540000793038A022B35D9044603210C3010F0FF
:10A550005DFF228A83789A422CD30088D94EC0F3BB
:10A560008523082B30801FFA80FCC0F309050DD825
:10A57000CBB1013B072B16D8DFE813F0FD00150027
:10A58000DE00C40015001500150021003F2B0AD184
:10A590002146284607AAFFF701FF163018BF079C7F
:10A5A00009D1B6F800C0012160460CB0BDE8F04109
:10A5B00011F064BB002420460CB0BDE8F081681E99
:10A5C0004D28F0D801A353F820F000BF21AD0000C2
:10A5D000FFAC0000B5AC0000A7A50000ABAC0000CC
:10A5E0008FAC000075AC000069AC00005DAC0000F1
:10A5F00053AC0000A7A50000A7A50000A7A5000078
:10A60000A7A5000033AC00002DAC000025AC000075
:10A610001DAC0000FBAB0000A7A50000D1AB000003
:10A62000C3AB000089AB000069AB0000A7A5000028
:10A630005FAB00004FAB00002FAB0000A7A50000F0
:10A64000A7A50000A7A500000FAB0000F5AA000019
:10A65000E5AA0000B1AA0000A5AA0000A7A5000075
:10A66000A7A5000097AA00008FAA000089AA0000F1
:10A6700011AA0000DDA90000A9A900009FA90000FF
:10A6800091A9000047A9000031AA000025A90000F7
:10A69000D9A80000A7A50000A7A50000A7A5000055
:10A6A000A7A50000A7A50000A7A50000A7A500007A
:10A6B000A7A50000A7A50000A7A50000A7A500006A
:10A6C000A7A50000A7A50000A7A50000A7A500005A
:10A6D000A7A50000A7A50000A7A50000A7A500004A
:10A6E000A7A50000A7A50000A7A50000A7A500003A
:10A6F000A7A50000A1A80000A7A50000A7A500002D
:10A7000081A80000681E08283FF64DAF01A353F84A
:10A7100020F000BF57A800000BA80000E5A700002C
:10A72000A7A50000A7A50000A7A50000A7A50000F9
:10A73000A7A50000C5A70000632D00F0018327D85E
:10A74000032D00F031832D2D00F01583012D7FF4B2
:10A750002AAFE2685C4B116860461960294652686E
:10A760005A6011F079FA012104460C3010F012FE03
:10A77000002303701FE7062D00F0DA821D2D7FF401
:10A7800012AFE368188801F0F1FF014630880CE74A
:10A790007B2D00F0D8827C2D7FF405AFE3681F8805
:10A7A0005988B8B202F0E2F805460321308811F06A
:10A7B00053FA032104460C3010F0ECFD0570A0F8AC
:10A7C0000170F8E66046072111F046FA07210446B9
:10A7D0000C3010F0DFFD0146002001F8010BFEF700
:10A7E0006DFCE8E60921604611F036FA09210446BD
:10A7F0000C3010F0CFFD00220346602103F8012B3E
:10A80000C0F801205A604171D5E66046412111F03F
:10A8100023FA412104460C3010F0BCFD002105460E
:10A820003F2200F8021B15F0F8FF4FF40A720423D0
:10A83000C0212020A5F80F204FF49062A971EB727F
:10A840002249EB75224B6870C5F81A10C5F8213003
:10A85000A5F82720AFE60921604611F0FDF909218E
:10A8600004460C3010F096FD00234FF450610D2289
:10A87000184D0180C0F805508370C37002719AE6CC
:10A88000E068C17907F0AAFE05460121308811F081
:10A89000E3F9012104460C3010F07CFD05708AE6D6
:10A8A0006046032111F0D8F9032104460C3010F062
:10A8B00071FD00230146013001F8023BFEF7D0FB99
:10A8C00079E600BF7836002058010020F7C3F70E64
:10A8D00030F0F97FF105FFFFE2689578D178EF0756
:10A8E00044BF41F00301D170AD071088B2F80540B4
:10A8F000137940F17D8243F00303137143EA0102AF
:10A90000032A40F081824F0700F07B8214F003029B
:10A910001CBF04F1FF3404F0010201F0C7FF01463F
:10A92000308842E6E3681A78D10749BF0721587892
:10A9300008465970920749BF0722997811469A70C4
:10A9400001F0A8FFA0E76046092111F085F909216F
:10A9500004460C3010F01EFD054608AB0DF11A023E
:10A9600006A90DF1160001F067FF0022BDF81630B0
:10A97000A5F80130BDF81830A5F80330BDF81A303D
:10A98000A5F80530BDF820302A70A5F8073012E68A
:10A99000E368188807F018FE01213088E1E6E368D3
:10A9A000187807F0FDFD6FE7E3680721186808AE27
:10A9B00008909A889B796046ADF824208DF826305F
:10A9C00011F04AF9072104460C3010F0E3FC05466B
:10A9D0003046691C07F0B2FD2870ECE5E3680721FA
:10A9E000186808AE08909A889B796046ADF82420D4
:10A9F0008DF8263011F030F9072104460C3010F0A4
:10AA0000C9FC05463046691C07F05CFD2870D2E59C
:10AA10006046022111F020F9022104460C3010F0AA
:10AA2000B9FC054607F01EFC002368702B70C2E5D8
:10AA3000E368604605211E8811F00EF905210446E1
:10AA40000C3010F0A7FC0546B7B22A1DE91C3846A9
:10AA500001F000FFEB782979002B93FAA3F391FA28
:10AA6000A1F2B3FA83F308BF4FF0FF330029B2FA23
:10AA700082F208BF4FF0FF32013301322870A5F88F
:10AA80000160EB702A7196E507F0EEFBFCE6E068EA
:10AA900007F02AFCF8E6E06800F11702C11D08F093
:10AAA0000DF8F1E6E3685988188801F0B9FEEBE685
:10AAB0006046052111F0D0F8052104460C3010F055
:10AAC00069FC054608A90DF11A0001F09DFE00225F
:10AAD000BDF81A30A5F80130BDF820302A70A5F86D
:10AAE000033068E5E3681F889A885988B8B201F096
:10AAF0005FFE59E60023E268022117889278B8B217
:10AB0000CDE90233CDE9003301F070FD4CE60022BF
:10AB1000E46802212788638803922589B8B20295E8
:10AB2000E5880195A488009401F060FD3CE60921C8
:10AB3000604611F091F8092104460C3010F02AFC0F
:10AB40000023B349B34A01604260037233E5002237
:10AB50000621E3681F88B8B207F0D4F824E6E2685B
:10AB6000002132F8027BF6E76046092111F074F803
:10AB7000092104460C3010F00DFC0023082100F8D8
:10AB8000013B08F059FB16E5E068002308AA00F134
:10AB900010010BF021F91121308811F05DF811211D
:10ABA00004460C3010F0F6FB00230646074606F874
:10ABB000013B08AD0FCDC7F801007160B260F360D2
:10ABC000F9E4E368188801F0AFFD01463088ECE451
:10ABD000E368604608211E8811F03EF8082104460B
:10ABE0000C3010F0D7FB0546B7B23846E91C01F02F
:10ABF00041FDA5F801602870DDE40022E1684B8882
:10AC0000088803920C890294CC8801948988009169
:10AC1000114601F0EBFC01463088C6E4E06807F01D
:10AC2000B5FA31E6E06807F0FDF92DE607F0D4F952
:10AC30002AE66046022111F00FF8022104460C308A
:10AC400010F0A8FB00230370054607F0C3F96870F5
:10AC5000B1E4E368187801F011F815E6E16811F83D
:10AC6000010B01F0BDFA0FE6E16811F8010B01F0EC
:10AC700049FA09E60221604610F0EEFF022104467F
:10AC80000C3010F087FB00230370437093E4E468FA
:10AC9000A57BA3796279217920880295657B0734A9
:10ACA0000195009400F07EFEEEE5E1680120FEF7DC
:10ACB000DBF9E9E56046092110F0CEFF09210446E1
:10ACC0000C3010F067FB0025034603F8015BC0F869
:10ACD00001505D600646FEF7ABF92B46C1F3072233
:10ACE00061F3070362F30F23090C61F31743090AA9
:10ACF00061F31F63C6F80100C6F805305BE4042168
:10AD0000604610F0A9FF042104460C3010F042FB0D
:10AD100000231B210322037041708370C2704AE438
:10AD2000E2683D4B1168604652681960012117E5E1
:10AD3000E3689978188801F0C1FC0146308834E452
:10AD4000E268364BEEE7E36808A91F88B8B201F065
:10AD5000E1FD05210546308810F07EFF05210446FF
:10AD60000C3010F017FB0570A0F80170BDF8203012
:10AD7000A0F803301FE4E368604604211E8893F8BE
:10AD8000028010F069FF042104460C3010F002FB31
:10AD90000546B7B2022042463946EB1CFEF74EF993
:10ADA000A5F80160287006E4002000211B4A4FF03E
:10ADB000FF3441F6FF75C2E900011F200021184B46
:10ADC000C3E90045144BC3E90001FEF75FFC012114
:10ADD000308810F041FF012104460C3010F0DAFAFF
:10ADE0000023104A03701360FFF78EFAFFF7E3BBEE
:10ADF00041EA0302032A07D84D0702D05A077FF41D
:10AE000085AD1221FFF7D0BB1121FFF7CDBB00BFED
:10AE1000008FCC30ECC001005001002098100020C1
:10AE2000580100207423002000230B60038A032BA9
:10AE300055D92DE9F047054688460C30042110F01D
:10AE4000E5FA2B8A4688B0F80090B34225D31B2E32
:10AE500023D801F075FB4FEA1937BA460446F8B11A
:10AE60005FEA9A0A19D19FB1012F16D12379667131
:10AE700067F301032371E9683246E01D15F0A7FC72
:10AE80002146C9F30B0001F067FB18B9BDE8F08754
:10AE90000227EBE7204601F059FB6FF01500F5E7BC
:10AEA000104B1B689B0117D54FF0FF324FF0FF335B
:10AEB0000220F7F769F90221C8F800000C3010F001
:10AEC00069FA4FF48D730380D8F8000001210C302B
:10AED00010F060FA012303706FF06800D6E76FF09E
:10AEE0001500704758010020F8B50D4B1B68DB06B4
:10AEF00000D4F8BD02F10C0407460D46204602219D
:10AF000010F048FA40F2054304210380204610F077
:10AF100041FA0026A0F8015006703A78C270F8BDD8
:10AF200058010020024A1368013B1360704700BFBC
:10AF300074230020037F03F00303013B012B01D99D
:10AF400000DE704770B5044601F10C052846042167
:10AF5000E68810F01FFA0346227F02F00302022A5D
:10AF60000CBF46F4005646F480560680627F2846A1
:10AF70005A80617F10F00EFA627F04F11F01BDE874
:10AF8000704015F024BC00BF2DE9F04190F804C0DA
:10AF90000446BCF1030F0D46C68884B000F11C07BF
:10AFA0000ED0ACF1170CBCF1060F00F22981DFE8DE
:10AFB0001CF02A0087008F002100BA00CE00EF00AD
:10AFC000C37F033B122B00F21B81DFE813F0040266
:10AFD000190119018E01AF011901BD0119011901F2
:10AFE0001901C2011901DF01190119001901190123
:10AFF0001B011B01C94B00245B68180400F1298167
:10B0000004B0BDE8F081F80700F15E82277F002FD1
:10B0100000F00982C14B5B689900F1D5C04B1B68F9
:10B0200003F4007813F0010340F0248158EA03038D
:10B03000E6D0002F40F02D82BA4A0C351368013358
:10B0400013600221284610F0A5F941F63E73012154
:10B050000380284610F09EF90A2203461E211A702A
:10B06000284610F097F90023A0F801600370637F71
:10B07000C370A37F0371D4F81F30C0F80530B4F853
:10B080002330A0F80930D4F82B30C0F80B30B4F8D6
:10B090002F30A0F80F30D4F82530C0F81130B4F8B4
:10B0A0002930A0F81530638EA0F81730A38EA0F8D1
:10B0B0001930E38EA0F81B3094F8383043779FE7BF
:10B0C0000A463846314604B0BDE8F041FFF70CBFF0
:10B0D000924B5B689A0093D5914B1B685B078FD5A9
:10B0E0000C350221284610F055F940F63E23012187
:10B0F0000380284610F04EF90323092103702846E7
:10B1000010F048F9FD0700F1E181237FA0F801600C
:10B110000370E38BA0F80330238CA0F80530638C18
:10B12000A0F807306CE7804B1B6819027FF568AF09
:10B130000C350221284610F02DF940F25722034623
:10B14000022128461A8010F025F9068058E7734B33
:10B150005B689A007FF554AF714B1B681B037FF54A
:10B160004FAF0C350221284610F014F940F23E434F
:10B1700001210380284610F00DF914220346032113
:10B180001A70284610F006F90680237F837037E78F
:10B19000624B5B689F007FF533AF614B1B681805FE
:10B1A0007FF52EAF0C350221284610F0F3F840F25F
:10B1B0003E6301210380284610F0ECF80C22034680
:10B1C00005211A70284610F0E5F8237FA0F80160E9
:10B1D0000370627F92FAA2F3002AB3FA83F308BFE6
:10B1E0004FF0FF330133C370A27F92FAA2F3002A1B
:10B1F000B3FA83F308BF4FF0FF3301330371FFE667
:10B2000000DEFDE6454B5B689A007FF5F9AE444BE6
:10B210001B685B067FF5F4AE0C350221284610F062
:10B22000B9F840F63E3301210380284610F0B2F809
:10B23000072203460A211A70284610F0ABF8068050
:10B24000A38C4380E38C8380238CC380638C038135
:10B25000D6E60C350221284610F09CF84FF44C72CB
:10B260000346032128461A8010F094F80470A0F8D1
:10B270000160C5E6002F40F0EA802A4A13680133D6
:10B280001360B8F1000F40F023810C3502212846ED
:10B2900010F080F841F23E3301210380284610F07F
:10B2A00079F8012312210370284610F073F8077013
:10B2B000A0F80160637FC370A37F03F001030371F3
:10B2C000D4F81F30C0F80530B4F82330A0F80930A6
:10B2D000638EA0F80B30A38EA0F80D30E38EA0F89B
:10B2E0000F3094F8383043748AE60C4B00241B6806
:10B2F0001B067FF585AE0C350221284610F04AF872
:10B300004FF48162034604211A80284610F042F867
:10B3100001230470A0F80160C37071E65801002099
:10B3200050010020742300209810002090F8203055
:10B330000E2B7FF465AE0B46324600211A2004B076
:10B34000BDE8F041FEF7F0BF0B463246394600201B
:10B35000F5E7604B1B681F067FF552AE0C350221E6
:10B36000284694F8204010F015F84FF48162034607
:10B3700004211A80284610F00DF800239C4208BFD3
:10B380001F24A0F801600470C37039E6514B5B685C
:10B39000980051D5504B1B6899064DD50C350221AC
:10B3A00028460FF0F7FF40F63E3301210380284680
:10B3B0000FF0F0FF062203460A211A7028460FF00C
:10B3C000E9FF0680238C4380638C8380A38CC38039
:10B3D000E38C038114E63F4B5B6899007FF510AE68
:10B3E0003D4B1B68DA067FF50BAE0C350221284673
:10B3F0000FF0D0FF40F63E530121038028460FF0A6
:10B40000C9FF052203460C211A7028460FF0C2FF1F
:10B41000034623F8026B216A626AC0F802105A6080
:10B42000238D4381ECE5FF22A07F04F1250304F185
:10B430001F0107F005F8EDE500231A22022130462E
:10B44000CDE90233CDE9003301F0D0F8D8E5B8F109
:10B45000000F1ED10C35022128460FF09BFF41F250
:10B460003E330121038028460FF094FF012203465A
:10B47000122128461A700FF08DFFC0F80180C0F825
:10B480000580C0F80980C0F80D8080F81180077031
:10B49000B6E50C35022128460FF07CFF41F63E73DD
:10B4A0000121038028460FF075FF0A2203461E2162
:10B4B0001A7028460FF06EFF04461D220021601C02
:10B4C00015F0ABF927709BE500DE9FE500DE1CE67A
:10B4D0000C35B6E5580100205001002070B500F190
:10B4E0000C040E462046022115460FF053FF40F291
:10B4F0001352034605211A8020460FF04BFF01230B
:10B50000A0F801600370A0F8035070BD0379032B0D
:10B5100009D0172B05D0183B052B8CBF002003202A
:10B52000704701207047037F03F00303032B14BF10
:10B5300005200420704700BFF0B44FF0FF3441F6FF
:10B54000FF750021084A0026C2E900450027074A86
:10B550001F2011600021064BC3E90067054BC3E9BA
:10B560000001F0BCFEF7D0BE58010020742300207B
:10B57000981000205001002010B582B0059C0C4AA4
:10B580000C4BA21AA3FB0232C2F3471262B9023279
:10B5900001210020084B0094D2B2FDF7DBFC10F033
:10B5A000FD0F03D102B010BD00DEF0E700DEF9E7C9
:10B5B0009C2300204FECC44E59B6000070B50368C0
:10B5C00005465E6DDEB100229C6D5A65F4B1002126
:10B5D0004FF0170E4FF6FF7C996504F11C0084F8BC
:10B5E00004E0A4F806C01E2215F017F93C23A5605C
:10B5F000237721463046BDE87040FEF711BA00DEE1
:10B6000000229C6D5E6D5A65002CE0D100DE9C6DC1
:10B61000DDE700BF0E4A0F4B12781A7000B9704771
:10B6200010B54B7F82B001EB83031B6A01911C783C
:10B63000FEF77EFA0199814201D102B010BD14F0EB
:10B640000E0F02D14B69002BF7D000DEF5E700BFEB
:10B650002B3700202A370020024600B170470846E9
:10B6600008B5054B012198600220FCF793FA00B958
:10B6700008BD00DE08BD00BFAC04002003788BB11C
:10B6800010B50C4B00F11001996082687AB9002264
:10B69000094C084BC0E9024101201146FCF77AFA37
:10B6A00018B910BD1030FFF789BF00DE10BD00DEF5
:10B6B0009968ECE79C040020BDB5000038B5144C37
:10B6C0006569D5F8AC30BBB905F1A00105F19C0066
:10B6D000FCF7DCF90346C8B1C5F8AC302868002592
:10B6E00000F002FFA06D6561FEF788F9606DA56549
:10B6F000FEF778F9656538BD00DE05F1A00105F1BA
:10B700009C00FCF7C3F903460028E5D100DEE3E71F
:10B710009C23002070B5314C84B094F85E30D9077A
:10B7200038D5636953B193F82C2042F0020283F8B4
:10B730002C20636993F82C30DA0742D42748FEF7AF
:10B74000DFF9844240D1237EDB0726D403AD0222F9
:10B7500003210020224B00950392FDF7FBFB2946B5
:10B76000FEF7BCF940BB1F48FEF706FA00282FD1B0
:10B770001A48FEF7D1F9844228D163690BB1FFF76B
:10B780009DFF94F85E30002023F0010384F85E30C2
:10B7900006F0EEFF002004B070BD022603AD0321C9
:10B7A000012200200E4B00950396FDF7D3FB29469E
:10B7B000FEF794F90028CAD00848FEF7ADF9844294
:10B7C0000AD10C2004B070BD00DEBCE700DED4E777
:10B7D0007830CDD000DECBE700DEF2E79C230020FE
:10B7E00025910000AC23002000B54B78511E10338A
:10B7F0004FEAC30C037889B203F00F03062B14D869
:10B80000DFE803F0042918131313040043781033FE
:10B81000DB0003F21B320CEB020003F5B37313FBE6
:10B8200001F3184480B25DF804FB40F253204FF45A
:10B83000F373F4E790F801C001EB8103C3EB03104D
:10B8400040000CF11003DB0000F23B1003FB02028E
:10B8500090B25DF804FB40F2E33040F21623DEE7DD
:10B860004FF6FF7130B58B428BB09DF838C00F9CFE
:10B870001AD0217815460131C9B22170002949D06A
:10B88000002226490B818B7AC1E900056CF3000385
:10B890008B72234B04F11000C8609960012011469F
:10B8A000FCF778F9002837D1207E10F0010505D18A
:10B8B0001C4A1D4B11781B788B4201D00BB030BD58
:10B8C0000133042109A8137007F0D2FC42F2107C66
:10B8D000164B174A174805931749099BA21AA0FB54
:10B8E0000202A1FB0301490B0CFB11335209023286
:10B8F000013328460121CDE90255069404950195AE
:10B900000095D2B20993FDF709FB10F0FD0FD5D0D9
:10B9100000DED3E700DEB3E700DEC5E7A0100020BD
:10B920008C0400202B3700202A37002015B6000099
:10B930009C2300204FECC44E5917B7D170B5184C5A
:10B940000226204608F026F804F10C0008F022F840
:10B950004FF4006506224FF0000E4FF0040C34F84F
:10B96000043C94F8421023F4437323F0020343F0A1
:10B970000E0324F8043C637866F3420104EB83036E
:10B980005B6884F84210A4F8405083F800E05A70D5
:10B99000637B04EB8300036983F800C05A7070BDB9
:10B9A000B82300202DE9F04F694C8E4694F85E6074
:10B9B000684983B016F00106054603C9DDF83080FA
:10B9C0009DF834C09DF8389000908DF8041040F038
:10B9D0008B807146012928460DEB0E0108BF00201F
:10B9E0001F460B78154603F00E02B2FA82F2218B45
:10B9F0000CF0070C09F003094FEA4C0C21F44371D9
:10BA00004CEA092C21F002014CEA010C617FA4F8F8
:10BA10005C0004EB8101D1F82090A4F818C099F8DB
:10BA200000A003F00F032AF01F0152090B4362F339
:10BA3000451389F8003003F00F03012B0AF00F0AB9
:10BA400049D094F85E3065F3420384F85E30DAB290
:10BA50005B070CD5134667F3C30384F85E30D8F850
:10BA600000303D4AC4F85F30B8F80430938099F84C
:10BA7000003005F0010B03F00F02012A39D099F8CC
:10BA80000120F2B1BAF1010F51D099F800306BF3F7
:10BA9000861323F0800389F8003094F8293024615C
:10BAA00004EB8304E36AAD0105F040055A7845F0E4
:10BAB00004051D700AB906225A70304603B0BDE86D
:10BAC000F08F6BF3861362F3C71389F800300623F7
:10BAD00089F80130E1E7BAF1010FB2D099F80120FD
:10BAE000CAB984F83460ACE70C26304603B0BDE830
:10BAF000F08F4A466BF3861367F3C71302F8083BCF
:10BB00000C23D8F80010C9F80810B8F80410918078
:10BB100089F80130C1E7052A16D9063AD2B209F1EF
:10BB200008010E4884F8342014F051FE89E794F897
:10BB300034200A4909F1080014F049FE94F8343021
:10BB4000063389F80130A0E700DE99F80120E4E728
:10BB50009C23002004140200FB230020D12300209A
:10BB600008B5FFF7EBFE002008BD00BF08B5FFF7E2
:10BB7000D1FD002008BD00BF08B5064807F01AFF38
:10BB8000044B03F10C0007F015FFFFF7D7FE002070
:10BB900008BD00BFB8230020034A044B801AA3FB52
:10BBA0000030C0F34F1070479C2300204FECC44E70
:10BBB000044A0068044B801AA3FB0030C0F34F1006
:10BBC000704700BF9C2300204FECC44E30B904489E
:10BBD00090F85E3013F0010300D0704700207047EA
:10BBE0009C23002028B9044B93F85E0000F001006C
:10BBF00070470020704700BF9C23002048B9064BC7
:10BC000093F85E0010F0010004D0587E00F00300AD
:10BC100070470020704700BF9C23002070B5054688
:10BC2000807E0C4606F0CAFE10B3237843F0400332
:10BC3000237002682378C4F80220828803F00F037F
:10BC4000012BE28004F1020601D0304670BDA87ECF
:10BC500006F0CCFE0028F8D02346227842F080027D
:10BC600003F8082B0268A260828830469A8070BD73
:10BC70002078C0F38010FDF713FADAE7002800F00F
:10BC800045812DE9F04FC14C8DB094F85E2012F043
:10BC9000010540F02881FF23607EA37600F00300B9
:10BCA00006F084FD94F85E00420700F12081627F77
:10BCB00094F8293004EB8202166A04EB8303D3F86C
:10BCC0002C8086B13146B148FFF7A8FF33785B0678
:10BCD00005D50621FBF7CAFE002800F03F8141464A
:10BCE000AA48FFF79BFF337813F00E0F40F09180C6
:10BCF00063691BB10C200DB0BDE8F08FFDF76CFE41
:10BD00008146002800F03381FDF772FE824600284C
:10BD100000F02A8100F0E2FB0546002800F02E81A9
:10BD20004FF6FF738384D0F8BC0005F1100B002898
:10BD300000F01F8105F1B00205F1AC01FBF7A2FE96
:10BD40004FF4C0230027C5F8BE31B5F8A830284607
:10BD500023F4EF6323F0070343F48C7343F00103F0
:10BD6000A5F8A83095F83730C5E9127703F03F03FE
:10BD700063F07F0385F8373095F8C230C5F8BC70A2
:10BD800023F0070385F8C23095F83C30A5F8C07061
:10BD900023F00F0385F83C3085F839706F85C5F8BE
:10BDA0002E702F65A5F89071A5F8C471A5F8BA7129
:10BDB00002F056FF85F89471C5F8989100F052FE94
:10BDC00095F8CC3160F3020385F8CC3100F050FED9
:10BDD00095F8CC31012160F3C50385F8CC3195F895
:10BDE0009231284667F3410385F8923101F0AEFCA9
:10BDF00005F58A7002F042FDC4E9159AC4F814B042
:10BE0000C5E902772F702D6107F0A0FC002840F0F3
:10BE1000A780237E0121C3F342030DF12B008DF88F
:10BE20002B30FBF7D5FF0246002871D04146304643
:10BE3000FFF7DAFC0025B4F85C80C4E902556060C5
:10BE40002570FDF7F1F800F21317B8F1000F07D1D4
:10BE5000357805F00F05A5F10105B5FA85F56D09F1
:10BE6000207E616865F30000207610F0010056D056
:10BE700000200226464A0491099201910694DFF8B7
:10BE800014811060444A0BAD032105923B463246B3
:10BE9000CDE902000090CDF81C8008950B96FCF7C8
:10BEA000DBFF2946FDF71AFE90BB3C4A3C49009255
:10BEB00005913B4601220321CDE90300CDE90100B4
:10BEC000CDF81C80089506940B96FCF7A9FF29462F
:10BED000FDF704FEE0B9012094F85E30034384F8D6
:10BEE0005E3006F045FC00200DB0BDE8F08F2A461C
:10BEF00004F15F01C0F3C00006F08AFDFF28A076C0
:10BF00003FF4D5AE284606F06BFCD0E6FFF702BC46
:10BF10006369002B3FF4EEAEFFF7D0FBEAE640F298
:10BF20007122A8FB02254FF6FF75019202220491AF
:10BF3000039501F51C51164D1031069402900090A6
:10BF4000296014490995079113490BAD05913B46AA
:10BF5000032108950B92FCF77FFFB8E71220CAE691
:10BF6000FFF7ACFB0320C6E64846FDF73BFD072084
:10BF7000C1E605F1B400C5F8BC00DBE65046FDF7AC
:10BF80003DFD4846FDF72EFDF1E700BF9C23002054
:10BF9000902300202591000061B80000728E1300EC
:10BFA00079B5000070B50446237E8AB0C3F342031E
:10BFB0000D460DF12300012116468DF82330FBF7C5
:10BFC00007FF314602462846FFF70EFC6368054628
:10BFD000834221D90022191A0192134A134B02916C
:10BFE0000221A21AA3FB0232002352090A4409913A
:10BFF0000F4909AE059118460321CDE90333069692
:10C00000D2B20093FCF78AFF3146FDF767FD38B9DD
:10C01000656000200AB070BDFBD20021C21ADBE7C8
:10C020000C200AB070BD00BF9C2300204FECC44E12
:10C03000259100001F295BD82DE9F041437F0E4672
:10C0400000EB83031F6A05463B78904603F00F031D
:10C05000012B82B04ED00DF107011C3007F0F6FC29
:10C060003946044697F800C003780CF00F0C23F013
:10C070001F0343EA0C0303703B7890F800C0C3F33E
:10C08000401363F3451C80F800C03B785FFA8CF7DF
:10C09000C3F3801363F38617077011F8023BFFB2F6
:10C0A000DB0963F3C717062200F8027B14F09CFB40
:10C0B0003246414604F10800063614F088FB6670EB
:10C0C00095F85E30DB0706D49DF807306B770020CB
:10C0D00002B0BDE8F08195F82930214605EB8303D5
:10C0E0002846DA6AFFF75EFF0028EDD00C20EFE764
:10C0F000122070470A4680F834604146353014F00B
:10C1000066FBE4E703460A4601481946FFF792BF7B
:10C110009C2300201F295FD82DE9F04190F8293099
:10C120000F4600EB8303DE6A0446904682B000F1BE
:10C130002805002E41D028460DF1070107F086FCA6
:10C140003146062205460378BE1823F03F0343F02C
:10C150000403037011F8020BDBB2C0F3801003F08C
:10C160003F0343EA80132B706E70A81C14F03CFB55
:10C170003A46414605F1080014F029FB94F85E3078
:10C18000DA0707D400209DF8073084F8293002B080
:10C19000BDE8F0814123627F04EB8202116A0A78D4
:10C1A00002F00F02D340DB07ECD52A462046FFF70A
:10C1B000F9FE0028E6D00C20E9E7284607F0EAFB64
:10C1C000C0B258B994F8293004EB8303DE6A042323
:10C1D000337006237370AEE7122070470720D6E74E
:10C1E00003460A4601481946FFF794BF9C230020E6
:10C1F0000146002208B5054B012099601146FBF766
:10C20000C9FC00B908BD00DE08BD00BFBC040020A9
:10C21000836801465A6892F82730DB0901D100DEB5
:10C220007047083105F06ABB2DE9F0410546076803
:10C2300082B04FF4EC7224493846FBF703FC05F159
:10C240009C06294607F0ACFF3146D5F8A00001AAAC
:10C25000FBF738FC10B34FF6FF781C4C94F84120E4
:10C2600094F84010531CDBB2082B08BF00239942FE
:10C2700025D0019904EBC20C24F83280CCF80410CC
:10C280000A680260019A10603146D5F8A00001AA40
:10C2900084F84130FBF716FC0028DFD1D7F898016D
:10C2A00007F5CC7138B10023C7F89831FDF722FDAE
:10C2B00002B0BDE8F08100DED7F89801F3E700DEB8
:10C2C00000231B80FFDE00BFB0100020D42400201C
:10C2D00010B50C4630B92046FDF73CFC844200D036
:10C2E00000DE10BD00DEF6E710B50C4630B9204682
:10C2F000FDF724FC844200D000DE10BD00DEF6E72E
:10C3000010B50C4640B9074B0246012102209C6043
:10C31000FBF740FC20B910BDFDF70AFC8442FAD0BF
:10C3200000DE10BDDC04002000B9704700B583B00A
:10C330000191FDF71BFC0199814202D103B05DF828
:10C3400004FBFDF7F5FB01998142F7D000DEF5E72C
:10C350002DE9F04304468BB08846012002211E4699
:10C36000914609F0F5FB0022022107460120FBF768
:10C37000DDFB4FF4EC721D492046FBF763FB1C4BC1
:10C38000C51CEDB200932A463346012100200194DA
:10C39000FCF714FE10F0FD0F26D108940694CDF89A
:10C3A0000490616800204FF6FE742A46114D0491F6
:10C3B0000795114D33460121CDE90204CDF80080E7
:10C3C0000595FCF72DFD10F0FD0F0BD117B90BB043
:10C3D000BDE8F0830122022110460BB0BDE8F04316
:10C3E000FBF7A4BB00DEF1E700DED6E7B0100020CB
:10C3F000E9C20000D1C200005118010010B5194B6C
:10C4000001224FF4EC711848FBF7CCFA00224FF4EC
:10C41000EC711548FBF712FB4FF6FF7C0446134BFB
:10C42000A4F824C0181D03222421FBF7BBFA104BEB
:10C430000722181D0821FBF7B5FA02F0F5FB4FF0B3
:10C440001B0C4FF4A471032300240A4A0A48A2F8E3
:10C4500000C00A4A0460118009490A4A0B7013702F
:10C4600010BD00BF24240020B01000206424002050
:10C47000282400207C3600203C2500207A3600202D
:10C480002D3700202C37002010B5037883B1104BD6
:10C4900000F1100199608268BAB900220D4C0C4B72
:10C4A000C0E9024101201146FBF774FB58B910BDE9
:10C4B00003F0FF02084B1030986011460120FBF793
:10C4C00069FB0028F3D000DE10BD00DE9968E4E7C8
:10C4D000CC040020F1C10000BC0400200148FBF79F
:10C4E00085BA00BF242400200149FBF793BA00BF9E
:10C4F000242400204FF4EC720149FBF7A3BA00BFDB
:10C50000B0100020024620B94FF4EC710248FBF74E
:10C5100095BA0020704700BFB010002060B90246F5
:10C5200008B54FF4EC710548FBF788FA10B1838C1D
:10C5300003B908BD002008BD00207047B0100020DE
:10C540000148FBF753BA00BF642400200149FBF700
:10C5500061BA00BF6424002000283DD138B50246EE
:10C560000D461F484FF4EC71FBF768FA0446F0B132
:10C57000828CE2B91B4890F821C090F820100CF191
:10C580000103DBB2042B08BF0023994221D020F81D
:10C590003C2000EBCC0CCCF8045080F82130237800
:10C5A00043B994F93730002B0EDB002038BD6FF013
:10C5B000150038BD0C4B012103209C60FBF7EAFA03
:10C5C00094F93730002BF0DA0021204605F074FB97
:10C5D000EBE76FF0680038BD6FF01500704700BFE3
:10C5E000B010002018250020EC0400202DE9F047B1
:10C5F00082B0BDF82870BDF82C80BDF8309098B995
:10C600000C4615464FF4EC71024619481E46FBF7DE
:10C6100015FA824640B1838C33B96CB1022C07D035
:10C62000012002B0BDE8F087022002B0BDE8F0872B
:10C63000ADB902F045FD0EE00D9C43463A46314649
:10C64000CDF80090019402F0C5FC0028EDD19AF9D4
:10C650003730002B07DB002002B0BDE8F087294609
:10C6600002F03EFDF7E70146504605F025FBF2E7F4
:10C67000B0100020E8B938B502460C460E484FF419
:10C68000EC71FBF7DBF9054650B1838C43B902F03E
:10C6900033FC38B10368236003792371002038BD6F
:10C6A000022038BDD5F83230236095F8363023713A
:10C6B000F4E70220704700BFB010002038B510B179
:10C6C0000224204638BD02460C4615484FF4EC7152
:10C6D000FBF7B4F9054600B3838CF3B91A2C15D8CF
:10C6E000042C17D90F4BE340DB0713D5214628460E
:10C6F00002F0E8FB04460028E3D195F93730002B1F
:10C70000DFDA0146284605F0D7FADAE7292CEDD022
:10C710003B2CEBD01224204638BD0C24204638BDDB
:10C72000B01000202000380438B5A0B902464FF4FC
:10C73000EC710D48FBF782F9054660B1838C53B963
:10C74000012102F06DFB044618B995F93730002B32
:10C7500004DB204638BD0224204638BD0146284669
:10C7600005F0AAFA204638BDB010002038B598B9B7
:10C7700002464FF4EC710D48FBF760F9054658B1DD
:10C78000838C4BB902F064FB044618B995F9373035
:10C79000002B04DB204638BD0224204638BD01466C
:10C7A000284605F089FA204638BD00BFB0100020A9
:10C7B00070B5D8B90D4616464FF4EC7102461148D3
:10C7C000FBF73CF9044688B1838C7BB9D0F8703113
:10C7D0009B060ED52946324602F0A0FB054618B945
:10C7E00094F93730002B07DB284670BD0225284618
:10C7F00070BD1A25284670BD0146204605F05CFA3A
:10C80000F2E700BFB0100020034A044B12881B88D7
:10C8100002800B80704700BF7C3600207A360020F3
:10C820008446034A034B0020A2F800C019807047D9
:10C830007C3600207A36002030B54FF4267C1B254C
:10C8400045244FF4A47E05801480A1F800E0A3F8ED
:10C8500000C030BDC8B938B50D4614464FF4EC7170
:10C8600002460B48FBF7EAF8034660B1808C50B9EA
:10C8700093F8A820C2F302022A7093F8A930C3F3F8
:10C880000203237038BD022038BD0220704700BF6C
:10C89000B01000208446034A034B002082F800C0F9
:10C8A000197070472D3700202C370020F0B583B069
:10C8B00000BB0F4616464FF4EC71024614481D4665
:10C8C000FBF7BCF80446A8B1838C9BB9D0F8703153
:10C8D000DB0513D52B46012532460095394602F07B
:10C8E000C9FA054618B994F93730002B0ADB2846F7
:10C8F00003B0F0BD0225284603B0F0BD1A25284636
:10C9000003B0F0BD0146204605F0D6F9EFE700BFC1
:10C91000B010002018BB10B502460C4611484FF469
:10C92000EC71FBF78BF8C0B1838CB3B9C28CB0F853
:10C93000BC31052A0CD84FF4FA7102FB033301FB1A
:10C9400003F3094A0020A2FB03235B0B238010BDE5
:10C9500040F2E24102FB03F3F1E7022010BD0220A6
:10C96000704700BFB01000205917B7D148BB10B5B1
:10C9700002460C4614484FF4EC71FBF75FF8F0B137
:10C98000838CE3B942F2107202FB04F1C38C0139CB
:10C99000052B0AD84FF4FA7203FB02231944B1FBAA
:10C9A000F3F1A0F8BC11002010BD40F2E24202FBFE
:10C9B00003F31944B1FBF3F1A0F8BC11F3E7022033
:10C9C00010BD0220704700BFB010002008B5FFF76F
:10C9D00015FD002008BD00BF38B500224FF4EC71F2
:10C9E0001948FBF72BF8044658B32146032004F1FD
:10C9F0001002FDF7EBF8054610B110F1780F0BD1DE
:10CA00000025124A124BC4F8BC501584A3F84050BC
:10CA1000FFF7F4FC284638BD40F24D730D4A0E492D
:10CA20000E480EF06EFA2A4600210D480EF069FA03
:10CA3000002383F31188BFF36F8F0323184602DFAF
:10CA4000DEE700DED1E700BFB0100020182500208F
:10CA5000D4240020C4180200041902001C1902008A
:10CA60003C190200014B1878704700BF2D37002099
:10CA7000014B1878704700BF2C3700208A68086087
:10CA80001368187828B19A6852B9084AC3E9022194
:10CA90007047526892F82730DB0903D100DE7047F7
:10CAA00000DEF2E70846083104F028BF11C200009A
:10CAB0000B68DA88002A37D170B50C4606464FF469
:10CAC000EC711B48FAF7BAFF0546F0B1838CE3B965
:10CAD00002F042FB2268137F03F00303032B08D10B
:10CAE00001231371314628462268BDE8704002F0E8
:10CAF00047BB73B195F892319A0705D53D230122C2
:10CB000085F8943123681A7170BD012223681A7167
:10CB100070BD95F892319B0703D53D2385F894317C
:10CB200022680123137170BD01221A71704700BF82
:10CB3000B01000204FF6FF7C10B50446808C604595
:10CB40000CD02046A4F85431C4E9531202F0FAF88C
:10CB500094F8923113F0010002D110BD00DEF0E72D
:10CB600023F0010384F892316FF08B0010BD00BFF9
:10CB700070B51C4C064694F821201EE04FF4EC7171
:10CB80001948FAF75BFF696810B3838C00F58A7067
:10CB9000F3B901F097FE94F8201094F821204B1C73
:10CBA0008A42DBB206F1FF3604D0042B08BF002313
:10CBB00084F8203016F0FF0613D094F8203093420A
:10CBC0000FD034F8332004EBC305002AD6D06968AF
:10CBD0000B794FF6FF7023F003030B71FCF760FF36
:10CBE000D9E770BD18250020B0100020F0B5324AFA
:10CBF0000B46146883B0A04208BF0021054608BF59
:10CC000011601822808C012185F8B43185F89C21AF
:10CC1000A5F89E01284602F09FF805F58A76284679
:10CC200002F0AEF8304601F035FE304601F06AFE03
:10CC3000044628B3037905F1B00703F00303032B7F
:10CC40000CBF0346002303601C48FAF7CFFEA8B1CF
:10CC500021463A46FAF724FF304601F053FE0446D7
:10CC600070B1037903F00303032B0CBF03460023C9
:10CC700003601248FAF7BAFE0028E9D100DEE7E7C0
:10CC8000AA8C0121033200200D4B0095D2B2FCF793
:10CC900061F910F0FD0F08D14FF6FF73FF20AB8450
:10CCA00003B0BDE8F040FFF763BFFCF741FF8542EA
:10CCB000F2D000DEF0E700BF3C2500202824002051
:10CCC00001C300004FF6FF732DE9F04184688CB07A
:10CCD000A28C9A4200F0B3800546204602F03CFA4E
:10CCE0002B7D012B00F0DA80022B00F0AB8033B9F2
:10CCF00094F8C23003F01803182B00F0108194F858
:10CD00009481B8F1000F40F0A1802B8ACDE90A8808
:10CD1000E68D94F93720002B00F09F80002AC0F2A6
:10CD200014810023A4F8C031AB7CA78D03F003036A
:10CD30000137012BBFB200F0AD80B4F8C431002B35
:10CD400000F0B280BB4240F22B81DB1B9BB2062B72
:10CD5000A4F8C4318CBF0023012300229846E28549
:10CD600094F83C20394663F3820284F83C20204644
:10CD70000DF1270201F0B0FF743000F00B81B4F820
:10CD8000BE312BB1BB4240F2B380DB1BA4F8BE31F5
:10CD9000B4F8BA312BB1BB4240F2BA80DB1BA4F825
:10CDA000BA31E58DB8F1000F02D1AE4200F09E809D
:10CDB0000135ADB294F8053113F0010608D1DDE973
:10CDC0000A733BBB002F00F0DC801E46194622E0B0
:10CDD00094F9372023F00103002A84F805317DDB24
:10CDE00094F8A800C0F3C00100F0070006F004FBAF
:10CDF000B4F86E20B4F86C3061681344E28B03F22F
:10CE00003F13134418448142DDE90A7380F0B38074
:10CE1000461A60600021A28C804824690332029186
:10CE2000059001210020CDE9035806940196009752
:10CE3000D2B2FCF773F810F0FD0F40F0B6800CB0E2
:10CE4000BDE8F0813D23984684F894314146204660
:10CE50000CB0BDE8F041FFF7C9BE002AB8BF84F8A6
:10CE60000981AB7CA78D03F003030137012BBFB20F
:10CE700010D0B4F8C031002B3FF45FAFBB4240F29A
:10CE80009B80DB1BA4F8C031B4F8C431002B7FF4C5
:10CE900059AF65E70023A4F8C43161E70023A4F883
:10CEA000BE31A4F8BA312AE7E38C42F21071052BA7
:10CEB0008BBF40F2E2424FF4FA725A4303FB022264
:10CEC000B4F8C23101FB0323013BB3FBF2F39BB285
:10CED000A4F8C431002B7FF435AF41E794F8A900E2
:10CEE000012100F0070006F089FA81E7454661E775
:10CEF000FCF7C4FD0146002865D00023A4F8BE312C
:10CF00001B23A28C0371C2800068FCF789FD3FE7F8
:10CF100000232046A4F8BA3101F070FF41E7218DCB
:10CF2000B4F8BC218B1D9A42D2BF1346931F5B1AE3
:10CF3000B4F8B811C8BF9BB2994257D0A4F8B83121
:10CF4000A4F8BA31A4F8BE21D9E694F80931002B2F
:10CF50003DD0013B84F8093104F58A77384601F069
:10CF6000CFFC002856D0384601F0CAFC002843D038
:10CF70000023E385D5E6091A6060ABBB51EA0702DE
:10CF80001FD11DB9B8F1000F3FF459AF002631464B
:10CF9000334640E720469DF82710FFF727FE4EE76F
:10CFA00008212046FFF722FE49E7FCF7C1FD844235
:10CFB0003FF445AF00DE42E73E212046FFF716FE74
:10CFC0003DE71E4627E70123A4F8BE31E0E60AAAA2
:10CFD00028460BA9FCF7C8FFDDE90A231343BBD0A1
:10CFE000237884F80931B7E7002614E7B4F8BE11B6
:10CFF00000297FF484AEA3E70246D4E92B01FAF7B7
:10D0000059FD0028B4D194F83C301B0744BF238D50
:10D01000E38586E6FF20FFF7ABFDA4E729C3000008
:10D0200038B505460120FFF7A3FD05F58A7001F02C
:10D0300069FCA8B1044603790A4803F00303032BF3
:10D040000CBF234600232360FAF7D0FC30B1214601
:10D0500005F1B002BDE83840FAF722BD00DEF6E780
:10D0600038BD00BF2824002021B3F8B54D1EEDB215
:10D0700000F58A7700F1B00613E023790E4803F03B
:10D080000303032B0CBF234600232360FAF7AEFCF7
:10D0900070B1013D32462146EDB2FAF701FDFF2D98
:10D0A00005D0384601F02EFC04460028E5D1F8BD35
:10D0B00000DEEEE7704700BF282400200149FAF7A0
:10D0C000A9BC00BF28240020014B93F84100704701
:10D0D000D424002000B50A4B93F840C093F841E0F7
:10D0E000F4450BD080F800E033F83C0003EBCC03B0
:10D0F00008805B68136018685DF804FB0020FBE79C
:10D10000D4240020074B93F840C0844508D003EB9B
:10D11000CC0033F83C300B804368136018687047CC
:10D1200000207047D4240020094A92F8401092F859
:10D1300041308B4209D04B1CDBB2082B08BF0023C7
:10D1400052F8310082F8403070470020704700BF2D
:10D15000D424002000B50D4A92F841C092F840E076
:10D160000CF10103DBB2082B08BF00239E4509D058
:10D1700022F83C0002EBCC0CCCF8041082F84130D1
:10D180005DF804FB00DE00231B80FFDED4240020BA
:10D1900070B55379144605460E46002B39D02379D5
:10D1A00003F00302032A0CD04FF6FF72954204BF2E
:10D1B00023F00303237121462846BDE87040FCF7A5
:10D1C0006FBC4FF6FF739D4206D13368A3421AD05D
:10D1D000002BF0D000DEEEE7EDB92A464FF4EC71FB
:10D1E0001148FAF72BFCE0B1214601F097FF3368B4
:10D1F000A342EDD100224FF4EC710B48FAF71EFC6C
:10D2000008B1838C03B100202146BDE8704001F0D5
:10D210005DBD00DEC3E700DE0020214601F07EFF99
:10D22000D3E700DEE0E700BFB010002090F89820C0
:10D23000B0F85C30C2F30212022A14BFDB089B086C
:10D2400090F8B22014BF0A3B0B3B9BB2D20648BFFA
:10D25000043BB0F8580048BF9BB2984228BF18461C
:10D26000704700BF704700BF90F8923143F002034F
:10D2700080F89231704700BF90F8923123F002039A
:10D2800080F89231704700BFB0F89031B0F8542167
:10D29000981880B2704700BF0278038E12B1581EF2
:10D2A00080B27047418DB0F854215818104480B2B4
:10D2B000704700BF2DE9F04F85B0BDF84040CDE983
:10D2C000022301940446B0F89051B0F8543190F81C
:10D2D000A8000091C0F3C00100F00700BDF844A011
:10D2E0001D44BDF83880BDF83C90D4F84C6106F080
:10D2F00083F8E28CADB2A5EB0A07052ABFB240F273
:10D30000AE8040F2E24312FB07F292B2B8F1050F91
:10D310007FD94FF0960C07214FF00B0BA4F820C0DB
:10D3200084F88210A4F888C0A4F890C084F88A1009
:10D33000B4F86EC084F89210B4F86C104FF0961EDA
:10D34000614401F2D51101446648A4F894B0C4F8D0
:10D350008400C4F88C00C34640F2E240C4F81CE0EC
:10D36000C4F87EE003FB02F200FB0BFBB61A013AA5
:10D370005A44B2FBFBF2B4F85401B4F82AC0AAEB49
:10D3800005056160B4F8901194F837301544ADB2DA
:10D390000144844429441FFA82FA6544DB090AFBEC
:10D3A0000B66A4F89011658560D100DE00255F460C
:10D3B000019B59462046A4F8C231A4F82680A4F85F
:10D3C000289001F0B5FC484B218D5B44B3FBFBF387
:10D3D000881D9AB29042A4F8BC2104D2C1F57F41C5
:10D3E000FA310A4492B2009BA4F8B82113B1002389
:10D3F000A4F8C43133463A4629462046FEF7A8FF32
:10D4000094F8923143F0010384F8923105B0BDE8FD
:10D41000F08F4FF0961C962007214FF00B0EC4F8AA
:10D420001CC0C4F87EC008F1010BACF18B0C208449
:10D4300084F88210A4F88800A4F8900084F88A1078
:10D4400084F892104FF4FA7040F21311A4F894E0AB
:10D45000C4F884C0C4F88CC01FFA8BFB82E7013289
:10D4600012FB07F24FF4FA7392B24FE70023226CDB
:10D47000C4F81031A36C02FB003302FB1733A36422
:10D4800006F0AAF9074694F80801C0F3420006F036
:10D49000A5F907440BFB07F7144B07F5742707F2B0
:10D4A0003F27A3FB0737BF0C0AFB07F2A36CB61A92
:10D4B0001A444FEA5B03963B9A4228BF1A4640F251
:10D4C000E241C4E91132029B039A01FB03F3236595
:10D4D000074B2764A3FB0235AD0A01FB05F5ABEB57
:10D4E000070765E70B0096007FC3C90183DE1B4376
:10D4F0005917B7D10B4610B504461A683230C4F834
:10D5000032201B7905210371FAF762FC94F8373059
:10D5100060F3050384F8373010BD00BF4FF4267068
:10D520004FF4A47308801380704700BF30B5B0F883
:10D530006020B0F85A1003468A4228BF0A4690F885
:10D54000A900B3F8641000F00700B3F85EC01B2A0E
:10D5500038BF1B22042814BF4FF4A4704FF4296075
:10D56000614528BF6146814238BF0146B3F86E501D
:10D57000B3F86A408D4244D0A242A3F86E1001D0A5
:10D58000A3F86A20012093F8052142F0020283F8F3
:10D590000521B3F86220B3F8581093F8A8C08A4266
:10D5A00028BF0A460CF0070CB3F86610B3F85C50BD
:10D5B0001B2A38BF1B22BCF1040F14BF4FF4A47CFC
:10D5C0004FF4296CA94228BF2946614538BF6146FE
:10D5D000B3F86C40B3F868E08C4216D07245A3F8FB
:10D5E0006C1001D0A3F8682093F8052122F0020204
:10D5F00083F80521012093F80521024383F80521D2
:10D6000030BDA242BCD10020C3E77245EAD193F8F5
:10D61000051141EA510202F0010221F003010A431F
:10D6200083F805210028E5D130BD00BF10B5B0F862
:10D630006020B0F85A1003468A4228BF0A4690F884
:10D64000A900B3F8641000F00700B3F85E401B2A8D
:10D6500038BF1B22042814BF4FF4A4704FF4296074
:10D66000A14228BF2146814238BF0146B3F86EE08F
:10D67000B3F86AC08E450DD09445A3F86E1001D062
:10D68000A3F86A2093F80521012042F0020283F8F2
:10D69000052110BD9445F3D1002010BD10B5B0F8A0
:10D6A0006220B0F8581003468A4228BF0A4690F814
:10D6B000A800B3F8661000F00700B3F85C401B2A1E
:10D6C00038BF1B22042814BF4FF4A4704FF4296004
:10D6D000A14228BF2146814238BF0146B3F86CE021
:10D6E000B3F868C08E4514D06245A3F86C1001D021
:10D6F000A3F868204FF0010C604693F80511C1F3C0
:10D70000400242EA0C0221F003010A4383F805219A
:10D7100010BD6245ECD193F80511002001F0010C19
:10D72000EDE700BF1B2928BF1B21B2F5A47F28BF4E
:10D730004FF4A472044BA0F87210C365A0F87020D7
:10D74000A0F85810704700BF480198022DE9F04139
:10D75000344B00261A88344B1B2A1D8828BF1B22F5
:10D76000B5F5A47F28BF4FF4A4751B274FF4A47808
:10D7700001F003038666C666A0F87460A0F87050D6
:10D78000A0F87220A0F8582003F1280690F8A920EC
:10D7900003F15205C1F34001F600ED0002F007026B
:10D7A000CE40CD40042AADB2A0F86A70B7B214BF23
:10D7B00042464FF42962AF423B4628BF2B46934274
:10D7C00038BF13464FF0450E4FF01B1C0446A0F81F
:10D7D0006E3090F80531A0F85C8043F0020380F8C9
:10D7E0000531A0F85AE0C0F860C0A0F85E50A0F87B
:10D7F0006470A0F86670FFF751FF94F80531AF42EE
:10D8000043F0010384F8053104D0012384F8743017
:10D81000BDE8F0814645F8D1A36DB3F11B1FF4D1EB
:10D82000F6E700BF7C3600207A36002070B500266F
:10D83000B0F876200346B0F87800962A38BF9622D2
:10D84000B446962838BF962093F8A81062F30F0CC0
:10D8500001F0070593F87A4093F8A91062F30F06D8
:10D8600060F31F4C01F0070EC3F89EC0B3F87C10A4
:10D87000A3F8780062F31F46A3F8762004B951B3E9
:10D8800011F0080083F8A240A3F8A41025D0588C0A
:10D890005A84801A18BF012011F0010F17D093F994
:10D8A00037C001F00201BCF1000F26DB14EA0E0FB5
:10D8B00031D171B12C420CD0998B914253D09A83C3
:10D8C000002283F87A20A3F87C20012070BD89070C
:10D8D0002CD40028F4D1002070BD11F0010FDED14E
:10D8E0008907F8D593F93710002933DB2C42F2D0A1
:10D8F000998B9142E3D19A83EDE72C4225D09D8B01
:10D900009A83954221D00029DAD014EA0E0FD7D09D
:10D91000C3F81E60D4E7B3F81EC0C3F81E60944578
:10D92000C7D00029CCD02C42CAD0C8E793F9371011
:10D930000029BFDA14EA0E0FCBD0D98B9142E7D180
:10D94000C3F81E600028C6D0BAE70029F2D100282B
:10D95000C1D0B5E714EA0E0FBDD0D98B9142D7D113
:10D96000C3F81E60B7E79A830028B4D0A8E700BFC9
:10D9700070B5034607224FF0961496214FF0030E20
:10D980004FF00B0C0F4D104EA3F8A4E0A3F894C079
:10D99000DC615984C3F87660C3F89E40C3F87E40CA
:10D9A00083F8A22083F88220C3F88450A3F888105B
:10D9B00083F88A20C3F88C50A3F8901083F8922043
:10D9C000002070BD0B0096009600980008B500225C
:10D9D000D0E92B01FAF76EF8B0FA80F0400908BDE3
:10D9E000F8B506460C4601F07BF8054688B32F1DB6
:10D9F000384602F015FCEB7929466373304601F096
:10DA000085F8304603F0D4FC0023EA68A968C4F81E
:10DA10004720C4F843102A69C6F8E020A569A3612D
:10DA2000ADB103232F792B71B38C204605F11C0176
:10DA3000EB8002F0DFFB2E2F02D00423A372F8BD8F
:10DA400029462868FBF7ECFF0423A372F8BD00DE2B
:10DA5000E7E700DECBE700BF70B504460D4601F0F6
:10DA600037F810B90623AB7270BD04F1C306334614
:10DA7000002205F13B0105F12B0008F0ADF9002271
:10DA8000D4F8CB30D4F8CF10C4F8EC30C4F8F01090
:10DA9000D4F8DC30D4F8E010C4F8FD30C4F801113B
:10DAA00094F8DB3094F8FC10D4F8C700D4F8C3C065
:10DAB00062F3000143F00103C4F8E80084F8FC10AD
:10DAC00020462946C4E93D22C4F8E4C084F8D320A6
:10DAD00084F8D42084F8D52084F8D62084F8D72080
:10DAE00084F8D82084F8D92084F8DA2084F8DB3050
:10DAF00000F0F6FF0646A8B1301D02F0A9FBF3794D
:10DB000031466B73204601F001F8204603F050FCCB
:10DB10004FF4C1636B8194F8C23043F0080384F87A
:10DB2000C23070BD00DEE7E770B50C46897A054665
:10DB300082B00D2900F23481DFE801F060686B9D4E
:10DB4000AC07070C1836393E5154002A00F0B48057
:10DB500002B070BD002AFBD12146284600F0B8FF74
:10DB6000002840F0F7800723A372F1E7022AEFD1E3
:10DB70000023A069A361002800F02F810323037113
:10DB8000AB8CC380237A052B00F00F81062B00F0AD
:10DB9000098100DE2146284600F09AFF002840F067
:10DBA00092800923A372D3E7002AD1D1F2E7002A99
:10DBB000CED10B23A372CBE7072AC9D12846012176
:10DBC00000F0A8FF2846FFF74FFB2146284600F04B
:10DBD0007FFF002840F0A1800C23A372B8E7002A41
:10DBE000B6D1F2E7082AB3D140F20233638195F847
:10DBF000C23023F0100385F8C230A9E7002AA7D16C
:10DC0000237A062BD5D00223A372A1E7002AFAD0EB
:10DC10009EE7012A9CD111462846019300F07AFF25
:10DC20002846FFF721FB284602F05AF8019B2846B8
:10DC300059689A68C4F82110C4F825201A7B84F822
:10DC400029205A7B84F82A20D3F80E10D3F812200A
:10DC5000C4F83B10C4F83F20D3F816302146C5F86D
:10DC6000DC3000F035FF78B12146284602B0BDE82F
:10DC70007040FFF7B5BE002A7FF46AAF2146284600
:10DC800000F026FF0028EFD1204600F063FF0323B9
:10DC9000A3725DE7032A0CD0042A7FF459AF062152
:10DCA00040F20362072384F82010A4F84D20A372E9
:10DCB0004EE70523A3724BE72146284602B0BDE894
:10DCC0007040FFF7C9BE2146284600F009FF06460E
:10DCD000002800F08680301D02F0C4FAF379314646
:10DCE0006373284600F012FF284603F061FB2846C4
:10DCF00003F0D2FC00230121A372284600F01EFF8E
:10DD00002846FFF7B9FA284601F0EEFF95F8C23031
:10DD100043F0100385F8C2301AE72146284600F088
:10DD2000DFFE064600285AD0301D02F0A5FAF3792E
:10DD300031466373284600F0E9FE284603F038FBBD
:10DD400040F60D33638195F8C23023F0080385F85F
:10DD5000C230FDE62146284600F0C2FE06460028F5
:10DD600041D095F8603194F84E10301D1BB1D5F8B4
:10DD700070315B071DD402F089FAF3793146637381
:10DD8000284600F0C3FE284603F012FB284603F0A5
:10DD900083FC94F82030062B11D0242B3FF4D8AE0E
:10DDA00000DED5E61A230371F4E61C3002F05AFABD
:10DDB000F0E60A4694F84D1002F074FADDE701210E
:10DDC0002846A17200F0BAFE2846FFF755FA284609
:10DDD00002B0BDE8704001F087BF00DECEE600DE95
:10DDE000A2E700DE77E700DEBBE700BF92F81FC0C6
:10DDF00002F11C03ACF10302082A06D8DFE802F0A6
:10DE00001205050F0505050C09003D2380F8943126
:10DE100070470822FFF788BE0722FFF785BE02225F
:10DE2000FFF782BE0122FFF77FBE00BF8B7A042B73
:10DE300006D002D9053B082B00D8704700DEFCE76E
:10DE400005238B72704700BF8B7A042B06D002D952
:10DE5000053B082B00D8704700DEFCE7062040F2A7
:10DE60000362072381F82000A1F84D208B727047D0
:10DE7000887AA0F10400B0FA80F04009704700BF32
:10DE800013460022FFF750BE70B591F82C300C46B7
:10DE9000042B0ED991F82D201121012584F828108A
:10DEA000134313F0070312D1012584F828302846C4
:10DEB00070BD032B07D091F82D20042AECD8032A3B
:10DEC00001D00025ECE71123012584F82830668D68
:10DED000FFF7E2F9801B0304E9D42823E4E700BF3D
:10DEE000F0B50E4683B00DF1060201A90446B0F864
:10DEF0006C50B0F86E70FFF711FB96F82D2012BB36
:10DF000096F82C30002B5BD1B4F86C30AB420ED3BA
:10DF1000BDF806209A420AD3B4F86E30BB4206D34D
:10DF2000BDF804209A4202D3002003B0F0BD0120C6
:10DF300094F80531A4F86C500343A4F86E7084F88B
:10DF4000053103B0F0BD94F93700002802DB96F8E4
:10DF50002C30EBB194F8A81094F8685001F003034A
:10DF60002B440D33DB00C1F34001CB409BB2B3F532
:10DF7000A47F38BF4FF4A473BDF806509D4228BF5C
:10DF80001D4612B3002803DA96F82C30002BBBD0C4
:10DF900094F8A92094F86A1002F003030B440D339F
:10DFA000DB00C2F34002D3409BB2B3F5A47F38BF7D
:10DFB0004FF4A473BDF804709F4228BF1F46A3E727
:10DFC00094F937000028C5DAE2E796F82C30002BE8
:10DFD0009AD0002898DADBE710B500230C4689694F
:10DFE000A36131B394F82130DB071DD50B792E2BBB
:10DFF0001DD11D230B71838CCB8094F828300B77B7
:10E0000090F8A930C3F302038B7790F8A830C3F3DC
:10E0100002034B770868FBF703FD94F8213023F0E7
:10E02000010384F8213010BD01230B71F2E700DEFB
:10E03000DFE700DED6E700BF38B591F821300C46A7
:10E040009B074D6A03D4BDB101232B7108E0A5B134
:10E0500003232B71838C05F11C01EB8002F07AFA0B
:10E0600029462868FBF7DCFC002294F82130626224
:10E0700023F0020384F8213038BD00DEE8E700BF5A
:10E0800070B50C46054600F03FFD6062C0B100224D
:10E09000637BE669172B6661E26109D000DE2846E2
:10E0A000314600F033FD2846BDE8704003F080B9EA
:10E0B0002846311D02F034F941F603036381EEE78F
:10E0C00000DEE4E770B5CB690C460646002B4CD069
:10E0D000637B162B2ED196F93730002B2ADB0023D9
:10E0E000E569E361656194F8203096F8CC21C3F3CB
:10E0F000C20363F3C50286F8CC2194F8202096F879
:10E10000CC31204662F3020386F8CC3194F82030FB
:10E1100096F8A820C3F3801363F3C30286F8A820FF
:10E12000291D02F0D9F80221304600F0F3FC022349
:10E13000A37211E000F0E0FC10B90723A37270BDD8
:10E1400000F0E2FC606290B10022637BE569162B6F
:10E150006561E261C7D000DE3046294600F0D6FC9A
:10E160003046BDE8704001F0C3BD00DEB0E700DE20
:10E17000EAE700BF38B505460C4601F0A9FD10B12D
:10E180000123A37238BD284603F000F90028F7D117
:10E190002146284600F09CFC0028F1D0284603F0D8
:10E1A000F3F80728ECD02846012103F0E7F82846C9
:10E1B0000D2103F0E7F8162321466373284600F08B
:10E1C0008FFC0346E36121462846BDE83840FFF74F
:10E1D00079BF00BF90F8A83010B403F00702042AFA
:10E1E0000CBF0222C3F3020290F8A93018BF02F15B
:10E1F000FF3203F0070118BFD2B200EBC2020429BC
:10E2000018BFC3F30203B2F8841016BF03F1FF3343
:10E210000223DBB201F00204C9071DD590F93710C3
:10E22000002914DB002C39D0B2F87E200F33A0F87F
:10E230009E20828300EBC3029289D10719D49107F3
:10E2400003D590F93720002A13DB10BC7047B2F8D1
:10E250007E10A0F89E1081839CB190F937100029A0
:10E26000E2DA0F3300EBC3029289D107E7D59207B8
:10E27000EBD500EBC303DB8810BCA0F89E30C38352
:10E2800070470F3300EBC3029289D407D7D590F9BA
:10E2900037100029EDDA9207EBD4D6E70F3300EB05
:10E2A000C3029289D407E4D4C9E700BF38B5054654
:10E2B0000C4603F075F810B10223A37238BD214655
:10E2C000284600F005FC0028F6D0284603F05CF84C
:10E2D0000728F1D00D21284603F054F817232146D2
:10E2E0002846637300F0FCFBE06158B100F004FCC9
:10E2F00010B90723A37238BD21462846BDE838402F
:10E30000FFF7BEBE00DEF1E770B50C46897A06461F
:10E31000154682B0092906D8DFE801F0080D454806
:10E3200005056C8C98B900DE02B070BD002DFBD1E4
:10E330000123A372F8E71946204601F0E3FF94F8A1
:10E34000202096F8CC31C2F3C200C3F3C2010140D1
:10E35000C2F30200034043EAC10322F03F02134329
:10E3600084F8203096F93730002B0BDB94F82030FE
:10E3700013F0380F40F09F8094F8203023F03F03D3
:10E3800084F820300221304600F0C4FB012DCBD1AF
:10E3900096F83730DB09C6D02146304602B0BDE8DA
:10E3A0007040FFF783BF002DBED1F5E7022DBBD132
:10E3B00090F93730002B80F2C880664B94F82050DB
:10E3C00093E8030002AB03E9030096F8A8300221AA
:10E3D0001A462B4303F007036B441D78304606238F
:10E3E00065F3061286F8A820A37202B0BDE870405B
:10E3F00000F0A4BB032D97D11946204601F0A6FFDB
:10E4000021463046FFF740FD0546204600F0A2FBBE
:10E41000002D5BD094F8283096F8A820282B08BF50
:10E4200086F894311346092162F3061386F8A83062
:10E43000A17279E7002D7FF477AFE369002B78D0E4
:10E4400000F05AFBD8BB0723A3726DE7002D7FF4C1
:10E450006BAFFEF719FF638DC01A03043FF564AF7D
:10E4600084F8285096F93730002B35DB002294F8D9
:10E470002130092162F3000384F8213096F8A820A6
:10E48000134662F3061386F8A830A1724CE7042DF8
:10E490007FF44AAF2146FFF79FFD21463046FFF744
:10E4A000CBFD304603F0F8F80021304602F06AFF59
:10E4B0000023A37238E75A077FF464AF5CE7214674
:10E4C000304602B0BDE87040FFF7DABD304602F0DA
:10E4D00075FF0823A37227E794F82D1096F8A9205A
:10E4E00011F0030194F82C3002F0070523D096F8C0
:10E4F000A80013F00303844661F3020C00F0070048
:10E5000086F8A8C023D063F30202884286F8A920C7
:10E5100018D021463046FFF7E3FC024694F821303C
:10E52000304662F3410384F82130FFF753FE0122A5
:10E530009DE700DE84E713F0030397D063F3020244
:10E5400086F8A9209D42E4D190E700DE35E78842B5
:10E55000DFD18BE70C14020070B5D37F0546112B79
:10E560000C4602F11C0625D0182B09D0072B10D021
:10E57000242380F8943101F065FC0023A37270BD60
:10E580008B7A062B3DD088BF073B022BF7D900DEE4
:10E5900070BD8B7A062BF6D1002102F0EFFE1A2215
:10E5A000D5F87031204623F48073C5F8703184F8B3
:10E5B00028200FE08B7A062BE5D13146204601F06A
:10E5C00083FE94F84E302846002184F8283002F06B
:10E5D000D5FE204600F0BEFA94F82130092643F01B
:10E5E000010384F8213095F8A8202846134662F3E9
:10E5F000061385F8A830A6720221BDE8704000F02D
:10E600009DBA90F93730002B3FDA0221284602F0FC
:10E61000B5FE3146204601F099FE21462846FFF717
:10E6200033FC0646204600F095FA9EB994F82D304A
:10E630002BB195F8A82063F3061285F8A820284688
:10E6400001F060FB0823A3722846BDE87040022158
:10E6500000F074BA0021284602F090FE94F82830A9
:10E660000BB185F8943194F8203094F82120DB091F
:10E6700063F3000284F8212095F8A81009230A46C4
:10E6800061F3061285F8A820DDE700DEBDE700BFD4
:10E6900038B58B7A0C460546092B06D8DFE803F01F
:10E6A000070706050505060B0F0600DE38BDBDE8A9
:10E6B0003840FFF75FBDBDE83840FFF703BDFEF708
:10E6C000E3FD638DC01A0304F0D495F93730002BB5
:10E6D00019DB0021284602F051FE002294F8203078
:10E6E00084F82820DB0994F82120092163F3000233
:10E6F00084F8212095F8A820134662F3061385F8C4
:10E70000A830A17238BD94F82D1095F8A92011F009
:10E71000030194F82C3002F0070C27D095F8A800DC
:10E7200013F00303864661F3020E00F0070085F83C
:10E73000A8E025D063F30202884285F8A9201CD006
:10E7400021462846FFF7CCFB024694F821302846A4
:10E7500062F3410384F82130FFF73CFD002102F011
:10E760000DFE0022012384F82820BCE713F00303E8
:10E77000AFD063F3020285F8A9206345E0D1A8E792
:10E780008842DDD1A5E700BF8A7A022A06D000D8E8
:10E790007047063A032AFBD900DE70470B4690F813
:10E7A00037108446C909F7D070B50F4982B002AE60
:10E7B00090F8A84041F6060503C906E90300114692
:10E7C000604693F820E044EA0E0E0EF0070EEE4489
:10E7D0009EF8002062F306148CF8A8405D8102B018
:10E7E000BDE8704000F0AAB90C14020038B58B7A6D
:10E7F000082B04D8033B022B00D800DE38BD092BC0
:10E80000FBD105460C46FFF7E7FB21462846FFF7FC
:10E8100013FC284601F016FB0021284602F0B2FD49
:10E820000023A37238BD00BF10B592F81FE002F1BB
:10E830001C03BEF1160F10D0BEF1180F08D0242310
:10E8400080F894310C4602F027FF0023A37210BD1C
:10E850000322BDE81040FFF757BD0122BDE810407C
:10E86000FFF752BD13460022FFF74EBD13460222AA
:10E87000FFF74ABD00230422FFF746BD0023C0E98D
:10E880000133C0E903330370704700BF03780133DD
:10E890000370704703785BB9C3687BB102691AB132
:10E8A000816861B10B6082600023C0E90333704767
:10E8B000013BDBB20370002BEED070477047436022
:10E8C000F1E700BF03783BB100230C300B604368D5
:10E8D00043B1196041607047002304300B60436806
:10E8E000002BF6D1C0E90011704700BF00230B6078
:10E8F000836813B1196081607047C0E901117047E6
:10E90000406870470346406828B1996802688842A9
:10E910005A6008BF9A6070474078A0F10C00B0FAC6
:10E9200080F04009704700BF4078A0F10800B0FABD
:10E9300080F04009704700BF4078A0F10200B0FAB3
:10E9400080F04009704700BF4078A0F11700B0FA8E
:10E9500080F04009704700BF4078A0F10100B0FA94
:10E9600080F04009704700BF4078A0F10900B0FA7C
:10E9700080F04009704700BF4078A0F10600B0FA6F
:10E9800080F04009704700BF4078A0F11800B0FA4D
:10E9900080F04009704700BF4078A0F10300B0FA52
:10E9A00080F04009704700BF4078A0F10500B0FA40
:10E9B00080F04009704700BFF8B5064608460D468E
:10E9C000F9F714F8044680B10027456006722C223E
:10E9D0003946C4E90577203011F01FFF4FF47F431B
:10E9E000FF22A77363816272A3812046F8BD00BF36
:10E9F0004078A0F10800B0FA80F04009704700BFED
:10EA00004078A0F10200B0FA80F04009704700BFE2
:10EA10004078A0F10200B0FA80F04009704700BFD2
:10EA20004078A0F10200B0FA80F04009704700BFC2
:10EA30004078A0F10100B0FA80F04009704700BFB3
:10EA40004078A0F10100B0FA80F04009704700BFA3
:10EA50004078A0F10100B0FA80F04009704700BF93
:10EA60004078A0F10900B0FA80F04009704700BF7B
:10EA70004078A0F10900B0FA80F04009704700BF6B
:10EA80004078A0F10600B0FA80F04009704700BF5E
:10EA90004078A0F11800B0FA80F04009704700BF3C
:10EAA0004078A0F10300B0FA80F04009704700BF41
:10EAB0004078A0F10300B0FA80F04009704700BF31
:10EAC000416809B1F8F7A6BF00DE4168F8F7A2BFB8
:10EAD000024B1868003818BF012070470C05002051
:10EAE00010B50448F8F782FF04460430FEF7BAFB7D
:10EAF000204610BD0C05002008B50120FAF7A4FF40
:10EB0000003818BF012008BDFAF7B8BF00F58A70B9
:10EB1000FFF7ECBE38B590F8863105460C461BB1C0
:10EB20001C4385F8864138BD00F58A70FFF7AEFEBC
:10EB300095F886311C4385F8864138BD90F88631BA
:10EB400023EA010180F8861101B1704700F58A704F
:10EB5000FFF7A0BE836943B11A792E2A04D02E2272
:10EB60001A71836902691A60704700DE8369F3E7EE
:10EB700083694BB11A792E2A00D0704701221A718D
:10EB800081690868FAF74CBF00DE8369F2E700BFCD
:10EB90008B6913B11A792E2A0BD00B7A072B16D05A
:10EBA000CB692BB1D0F88C211A60CB69C0F88C31BD
:10EBB000704701221B68D0F888C1C3F804C08B6974
:10EBC0001A718B69C0F888310B7A072BE8D14B6A30
:10EBD000002BE5D001221B68D0F888C1C3F804C01F
:10EBE0004B6A1A714B6AC0F88831D9E770B505468F
:10EBF0000C48F8F7FBFE044688B10026094B057265
:10EC000043602C223146C4E90566203011F005FE30
:10EC10004FF47F43FF22A67363816272A381204673
:10EC200070BD00BFFC04002010B50A4B06225868D6
:10EC30005021F8F7B7FE084B012258685021F8F729
:10EC4000B1FEBDE81040054B04222C215868F8F7AE
:10EC5000A9BE00BF04050020FC0400200C05002014
:10EC600038B50446002501F0C1F82046C4E94A55EC
:10EC700084F8345102F0F2FCC4F85851C4E94E55FE
:10EC800084F84651A4F84451A4F84851C4F85B51A3
:10EC9000A4F87851C4F86051C4F86451C4F86851BC
:10ECA000C4F86C51C4F87051C4F87451FAF7C0F943
:10ECB00094F8C230C4E95C01C4E9625523F018033A
:10ECC00084F8C23084F88651258638BD084601494B
:10ECD000F8F7A0BE0C05002010B5B0F8324103468D
:10ECE00082B024B1A1420FD2641AA0F83241B3F825
:10ECF000420120B1814210D2401AA3F84201002300
:10ED00001846137002B010BD019200F091FF019AF5
:10ED1000034658B1197A0A2903D022236FF07300F1
:10ED2000EFE76FF0730093F82030EAE700DEF1E7D9
:10ED3000034B0B44B3FBF1F3A0F84831704700BF1D
:10ED4000FF59620210B5044602F090FC2046BDE86F
:10ED5000104001F053B800BF10B5044649B1012975
:10ED600000D010BD02F0CCFC2046BDE8104001F000
:10ED70009BB802F0B1FC2046BDE8104001F086B817
:10ED800038B5D0F88841054634B12068214644683A
:10ED9000FAF73AFE002CF8D10023D5F88C41C5F8DB
:10EDA000883134B1204624680449F8F733FE002C3A
:10EDB000F8D10023C5F88C3138BD00BF0C05002008
:10EDC00090F93730002B14DA70B504460E46032054
:10EDD00009491546FFF7F0FD014640B1204681F88C
:10EDE000206081F8215000F0F3FE002070BD0C205F
:10EDF00070BD0C20704700BF0405002010B5074906
:10EE000004460120FFF7D8FD28B10146204600F056
:10EE1000DFFE002010BD0C2010BD00BF0405002047
:10EE200038B504460D4602200849FFF7C5FD58B124
:10EE3000014690F82030204665F3000381F8203029
:10EE400000F0C6FE002038BD0C2038BD04050020AF
:10EE500010B5074904460420FFF7AEFD28B101466E
:10EE6000204600F0B5FE002010BD0C2010BD00BFF4
:10EE7000040500202DE9F041054688460720104989
:10EE800017461C469DF81860FFF796FDA8B101468D
:10EE9000E30008F0070803F03803BF0143EA080362
:10EEA00007F040073B4343EAC613284681F8203069
:10EEB00000F08EFE0020BDE8F0810C20BDE8F0815E
:10EEC0000405002038B504460D4601F031F820460F
:10EED00002F09EFC0A200749FFF76EFD38B101469B
:10EEE000204681F8205000F073FE002038BD0C2031
:10EEF00038BD00BF0405002008B590F93730002B5D
:10EF000008DB00F095FE20B1037A0B2B14BF002024
:10EF1000223008BD02F040FAF5E700BFF8B5D0F89E
:10EF200070319B0601D40020F8BD04460D460C202C
:10EF300008491646FFF740FD074648B129462046D6
:10EF40003246FEF7EFFB3946204600F041FEEAE785
:10EF50000C20F8BD0405002070B506460D4602F0F1
:10EF60001BFA20B1037A0446053B012B01D90C2082
:10EF700070BD01463046FEF77BFF0028F7D0696878
:10EF8000D5F800C0AA68EB683046C4F82F10C4F862
:10EF90002BC02146C4F83320C4F83730FEF746FFB3
:10EFA000002070BD38B5054602F0F6F920B1037AAD
:10EFB0000446053B012B01D90C2038BD01462846EB
:10EFC000FEF756FF0028F7D028462146FEF73CFF03
:10EFD000002038BD2DE9F8430546D0F870011E46E3
:10EFE000830788469146BDF8207017D495F93730CD
:10EFF000002B1EDB08202A49FFF7DEFC0446002C0C
:10F0000041D0237A082B0FD0092B15D000DE2846DB
:10F01000214600F0DDFD0020BDE8F88309202049ED
:10F02000FFF7CAFC0446EAE7A4F828906685A7859E
:10F03000EDE71A20BDE8F883099BA4F82680A4F820
:10F0400028906685A78503B31B882387099B5B8867
:10F050006387099B9B88A387099BDB88E387099BC0
:10F060001B89A4F84030099B5B89A4F8423095F9CC
:10F070003730002BCBDA2846FDF73CFA014628460C
:10F0800002F01AFEC3E70C20C6E74FF0FF32054935
:10F090004FF6FF73C4E90E12A4F84020E5E700BF65
:10F0A000040500200000FFFF08B502F075F928B143
:10F0B000007AA0F10C00B0FA80F0400908BD00BF52
:10F0C00010B5044602F068F910B1037A092B00D09C
:10F0D00010BD01462046BDE8104002F023B800BF35
:10F0E00038B505460C4602F057F918B1027A0146C8
:10F0F000092A00D038BD81F820402846BDE83840B4
:10F1000002F014B808B502F047F928B1007AA0F16E
:10F110000900B0FA80F0400908BD00BF38B50546C7
:10F120000C4600F085FD10B14369A3420ED028467D
:10F1300002F032F910B14369A34200D038BD224633
:10F1400001462846BDE8384002F050BA0146224642
:10F15000284600F015FEEAE710B5044600F068FD09
:10F1600018B10146204600F02FFE204602F014F9A7
:10F17000014620B12046BDE8104002F05DBA10BD46
:10F180002DE9F041537F144606460D46002B3AD038
:10F19000D37F3C2B24D9304600F04AFD0746304649
:10F1A00002F0FAF80146002F68D0FA7AE37F0028CF
:10F1B00043D09342C07A52D03A7B002A4FD1072BDA
:10F1C00065D0112B74D00D2B40F086800D2802D015
:10F1D0000B7B002B3BD01F2386F89431BDE8F081D8
:10F1E000474A52F8232022B104F11C00904760B135
:10F1F000E37F022BCFD10123224629463046BDE8CA
:10F20000F04102F099BAFF23D377304600F010FDA9
:10F2100030B1E27FC37A9A42E0D0037B002BDDD18C
:10F22000304602F0B9F8002840D0E27FC37A9A4213
:10F23000D4D0037B002BD1D1DEE7934207D03A7BB9
:10F240002AB9072B3CD0112B3AD00D2BD3D1234612
:10F250002A4639463046BDE8F04100F057BD8342AA
:10F26000B9D00A7B002AB6D1072B2FD0112BEED1B3
:10F270004B7B94F820209A42E9D1ACE70028BAD021
:10F2800023462A463046BDE8F04102F039B994F8E9
:10F2900020307A7B9A4225D00728F1D00A7B002AB9
:10F2A000EED14A7B9A42EBD0242395E70346A3E7AD
:10F2B00094F820307A7B9A421FD01128EED1DFE7F4
:10F2C0007A7B94F820309A4295D1C0E74A7B94F833
:10F2D00020309A42BBD17EE78342D1D00B7B002BFA
:10F2E000CED1E1E707283FF476AF0B7B002B7FF40C
:10F2F00072AF4B7B9342AAD16DE71128F5D16AE733
:10F30000241A0200002310B58C698B612CB3237979
:10F310002E2B20D13AB90123237121462068BDE864
:10F320001040FAF77DBB03232371838CE3800B7AB3
:10F330000C2B06D000DE21462068BDE81040FAF70D
:10F340006FBB04F11C0101F005F921462068BDE8FE
:10F350001040FAF765BB00DEDCE700DED7E700BF50
:10F36000F8B500278D690C4606468F61002D37D011
:10F37000012703232B71B38C05F11C01EB80237A49
:10F38000023B102B0DD8DFE803F01A0C090C0C0C13
:10F390000C0C0C0C230C0C0C0C0C0F00637A0C2BBB
:10F3A00026D000DE2FB1F8BD304601F069F9002FFC
:10F3B000F9D129462868BDE8F840FAF731BB637AED
:10F3C000072B09D0092BECD1304600F04BFEE9E7C2
:10F3D000304601F0BFF8E5E7204600F0EDFDE1E73B
:10F3E000FFF792FB05460028C3D100DE0071FFDE67
:10F3F000304600F0D9FED5E770B506460C46FFF75B
:10F400006FFB054600285ED0237A291D013B112B96
:10F410000AD8DFE803F018373D1E09090909092455
:10F42000092B09090909093100DEEB7929466373C3
:10F430003046FFF76BFB237A0A2B30D03046BDE80D
:10F44000704000F055BC084600F090FD1323E372B5
:10F45000EBE7084600F096FE0C23E372E5E7204652
:10F4600000F080FEFF236561E372DEE7304601F0C5
:10F4700041F81523E372D8E7304601F0D3F83C2376
:10F48000E372D2E7304600F0A5FD0923E372CCE732
:10F49000204600F055FEFF236561E372C5E740F2A8
:10F4A000E24442F21072F38CB6F8C21104FB03F38B
:10F4B00002FB01310139B1FBF3F13046BDE8704088
:10F4C00089B200F01BBC00DE9EE700BF2DE9F041D1
:10F4D00007460C46164601F063FF28B103230025BA
:10F4E000A3722846BDE8F08121463846FFF7F0FABE
:10F4F00005460028F2D021463846FFF7F1FA80464B
:10F50000002856D0237A08F10400013B112B0AD8B9
:10F51000DFE803F01E23092A090909090909092F4F
:10F5200009090909093800DE98F807304146637374
:10F530003846FFF7EBFA384601F03AFF0423A3728E
:10F54000002ECED0384602F0A7F80023A372C8E7F9
:10F5500000F016FDFF23E372E6E70146384600F0AF
:10F560005FFDFF23E372DFE700F00CFEFF23E37291
:10F57000DAE70146384600F0D5FFFF23C4F81480CF
:10F58000E372D1E797F87A305B070DD4B7F87C3097
:10F5900003F0180343B90146384601F05BF8FF2336
:10F5A000C4F81480E372BFE711223B2100F07AFE19
:10F5B000F5E700DEA6E700BF20B50B7A0546013B64
:10F5C00082B0112B18D8DFE803F01010171A1717A4
:10F5D0001717172617091717171717090022284694
:10F5E00002B0BDE82040FFF771BF0122284602B0FB
:10F5F000BDE82040FFF76ABF00DE02B020BD90F8F2
:10F600005831A3B90122FFF761FF0028F5D001238B
:10F6100085F85831F1E7019102F03EF80022019996
:10F6200091F820308A7285F8943102B020BD0191A2
:10F6300002F032F8002301998B72DEE738B50B7ABD
:10F640000C46013B0546112B1AD8DFE803F01B21BD
:10F65000130919191919192B1941191919191933DC
:10F660004B7A0C2B2BD18B69002B4BD02146284693
:10F67000FFF776FE284600F0E5FB0023A37238BDB5
:10F6800000DE38BD4B7A072BF4D0132BF2D016E0F6
:10F690004B7A072B01D0092B11D194F82030DB07CE
:10F6A000E8D5E3E700F0CEFB00221623A27285F82E
:10F6B000943138BD4B7A3C2B35D0072BDAD024233C
:10F6C000284685F8943100F0BDFB0023A37238BDB5
:10F6D0004B7A152B20D0072BF1D1D0F8703123F0C5
:10F6E0002003C0F8703100F0ADFB00232846A37260
:10F6F000FFF7DAFC0028C2D12846BDE838400421D3
:10F70000FFF71CBAFFF7F8F90028AFD1284600F040
:10F71000EFFA0423A37238BDFDF708FF40B928466D
:10F7200000F090FBE1E7FEF781F80028A2D09DE70A
:10F7300021462846FFF714FEF1E700BF70B50E7AA8
:10F740000C46731E0546112B18D8DFE803F019206C
:10F7500034481717171717631709171717171711B3
:10F76000D0F870319B0603D5FFF79EFC002867D0C8
:10F77000284600F067FB0023A37270BD00DE70BD59
:10F7800000F0A6FA002871D00123A37270BD00F02A
:10F790009FFA0028F8D121462846FFF799F900285A
:10F7A000F2D021462846FFF727FE6369002B08BFE9
:10F7B0000326A67270BD00F08BFA0028E4D1214622
:10F7C0002846FFF785F90028DED021462846FFF7B6
:10F7D00013FE6369002B18BF0226A67270BD90F855
:10F7E00058312BBB00F074FA0028CDD121462846B1
:10F7F000FFF76EF90028C7D021462846FFF7FCFD29
:10F8000062690123002A0CBF03220222A27285F83A
:10F81000583170BDFFF75CF90028B5D02146284665
:10F82000FFF7EAFD1622022384F82020A37270BDA0
:10F830000C2200234A728B61BDE87040FFF7FEBEC8
:10F84000284600F045FA00289ED121462846FFF7B9
:10F850003FF9002898D004212846FFF75BF921469C
:10F860002846FFF7C9FD0323A37270BD2146284631
:10F87000FFF72EF9002887D021462846FFF7BCFD68
:10F880006369002B0CBF03230223A37270BD00BF6A
:10F890008B7A022B06D002D9033B012B00D870478C
:10F8A00000DE70470B7A032B01D00A2BF7D1FFF74C
:10F8B000C5BE00BF38B58B7A032B05D001D9042B08
:10F8C00000D138BD00DE38BD0C460546D07F02F1C0
:10F8D0001C01831E60723A2B1FD8DFE803F01E1E46
:10F8E0001E1E1E351E311E1E2D1F1E1E1E291E1FF2
:10F8F0001E251E1E1E1F1E1E1E1E1E1E1E1E1E1E20
:10F900001E1E1E1E1E1E1E1E1E1E1E1E1E1E1E1E17
:10F910001E1E1E1E1E1E1E1E390000DE214628460B
:10F92000BDE83840FFF78ABE284600F053FEF5E7F1
:10F93000204600F0C9FCF1E7284600F04BFCEDE75B
:10F94000284600F0D7FBE9E7204600F031FBE5E769
:10F95000284600F0DFFEE1E738B58B7A032B05D8A7
:10F96000012B0AD8BDE83840FFF7E8BE042B03D1CD
:10F970000B7A0C46042B01D000DE38BD0546FFF79C
:10F98000BBF80028F9D021462846FFF7E9FC2846B5
:10F9900000F058FA0023A37238BD00BF38B58B7A47
:10F9A000012B06D002D9023B022B00D838BD00DE65
:10F9B00038BD0C46D37F0546142B02F11C0163723F
:10F9C00010D8012B21D9023B122B1ED8DFE803F0FF
:10F9D000351D1D1D1D1D321D1D1D2F1D1D1D1D1D18
:10F9E000171D1F003B2B10D100F060FE2846FDF7CD
:10F9F0001DFF0346204684F82030FFF7ABF8214670
:10FA00002846BDE83840FFF7D7BD00DEF7E700F035
:10FA1000B9FD04212846FFF77DF82846FDF706FECC
:10FA20000346204684F82030FFF794F8E7E700F01B
:10FA3000D1FBE4E700F034FBE1E7204600F09EFB59
:10FA400008212846FFF766F8D9E700BF70B58D7A20
:10FA5000032D00D870BD042D17D10B7A0C460C2B4A
:10FA6000064614D0122BF5D1FDF7E0FE214694F89E
:10FA7000203040EA0302D2B23046FFF743FC304662
:10FA800001F00AFE0023A37270BD00DE70BDFDF719
:10FA900005FE94F82030294640EA0305EDB23046D1
:10FAA000FFF74CF82A462146E6E700BF10B58B7AEF
:10FAB0000C4682B0042B1ED8DFE803F017100312A7
:10FAC00010000B7A0A2B14D1019001F0E5FD002201
:10FAD00094F820300198A27280F8943102B010BDE1
:10FAE00002B0BDE81040FFF767BD01238B7202B082
:10FAF00010BD00DEE8E700DEF0E700BF70B50446A9
:10FB000006F05EF858B1D4F8285135B1D4F82C215C
:10FB10002B68AA42C4F8283121D0284670BD05467A
:10FB20000121032006F014F82A460646012103208D
:10FB3000F7F7FCFFD4F8285145B1D4F82C212B68F5
:10FB40009542C4F8283108BFC4F82C31002EE4D007
:10FB5000012203201146F7F7E9FF284670BDC4F8DB
:10FB60002C31284670BD00BFF8B506460C4606F09D
:10FB700027F868B1D6F82851AC421FD1A3690BBB56
:10FB80003046FFF7BBFF2046BDE8F840FEF798BFC0
:10FB900005460121032005F0DBFF07462A46012127
:10FBA0000320F7F7C3FFD6F82851002FE4D0012235
:10FBB00003201146F7F7BAFFAC42DFD000DEA3699D
:10FBC000002BDDD01B792E2BDAD100DED8E700BF69
:10FBD000F8B505460C4605F0F3FF40B1002323605D
:10FBE000D5F82C31F3B11C60C5F82C41F8BD0646A0
:10FBF0000121032005F0ACFF012107463246032016
:10FC0000F7F794FF2660D5F82C3173B11C60C5F866
:10FC10002C41002FEAD0BDE8F84001220320114614
:10FC2000F7F784BFC5E94A44F8BDC5E94A44F0E79F
:10FC300070B5054605F0C4FF18B1D5F82841204637
:10FC400070BD04460121032005F082FF06462246CE
:10FC500001210320F7F76AFFD5F82841002EEED0E6
:10FC6000012203201146F7F761FF204670BD00BF57
:10FC700038B50546FFF7DCFF017A0446122922D881
:10FC80000123124A8B401A400DD00146002228461B
:10FC9000FFF762FEA37B03B938BD21462846BDE8C5
:10FCA0003840FFF761BF13F4407307D107290AD129
:10FCB00001461A462846FEF7EBFCEBE701462846CC
:10FCC00001F002FAE6E700DEE4E700BF1E140400DC
:10FCD00090F83401A0F10100B0FA80F040097047BB
:10FCE000012380F834317047002380F834317047A5
:10FCF000B0F84831A0F83231704700BFA0F8321197
:10FD0000704700BF0023A0F83231704738B50C4669
:10FD100011461A46A3690546DBB1217A12292AD871
:10FD2000012316488B40034216D021462846FFF790
:10FD3000C1FDA36923B11B792E2B1CBF0023A36136
:10FD4000A37B03B938BD21462846BDE83840FFF7FC
:10FD50000BBFA2612161E0E713F4407F06D10729C0
:10FD600009D121462846FEF7F7FBE2E7214628465F
:10FD700001F05EF9DDE700DEDBE700BF1E140400E2
:10FD800070B591F808C00C46BCF1120F054607D8B3
:10FD900001230C4E03FA0CF333420CD0FFF778FD2D
:10FDA0000022A37B626103B970BD21462846BDE8ED
:10FDB0007040FFF7D9BEBCF1070FF1D1FEF7E4FCAC
:10FDC000EEE700BF0814040038B50B7A0C46072B89
:10FDD000054608D0A37B03B938BD21462846BDE8B7
:10FDE0003840FFF7C1BEFEF701FDF3E70222002312
:10FDF00080F83021A0F83231704700BF38B590F854
:10FE000030310446032B1BD8DFE803F00211101138
:10FE1000FFF70EFF034648B11D7A2046FFF728FF83
:10FE20000A2D14BF0123032384F8303138BDFFF7B6
:10FE3000FFFE0028FAD02046BDE83840FFF718BF83
:10FE400000DE38BD10B590F830310446032B1BD8C6
:10FE5000DFE803F00D020C02FFF7EAFE90B1002389
:10FE60000122A4F83231827384F8303110BDFFF7DB
:10FE7000DFFE28B100220123A4F83221837310BDD4
:10FE800000DEF7E700DEEAE700DE10BD90F8303173
:10FE9000022B05D000D87047032BFCD000DE704742
:10FEA000002380F83031704738B590F8303104467F
:10FEB000032B3AD8DFE803F009261213204629461F
:10FEC000FEF766FE2846FEF7FBFD2046FFF716FE0E
:10FED00005460028F2D1022384F8303138BDFFF7FF
:10FEE0000DFE05460028F6D029462046FEF750FEB6
:10FEF0002846FEF7E5FD2046FFF700FE05460028F0
:10FF0000F2D1E8E7FFF7FAFD05460028E3D02946DD
:10FF10002046FEF73DFE2846FEF7D2FD2046FFF7BD
:10FF2000EDFD05460028F2D1D5E700DE38BD00BF63
:10FF300038B50546FFF7E2FD68B10446214628467C
:10FF4000FEF726FE2046FEF7BBFD2846FFF7D6FD4E
:10FF500004460028F2D1002428462146A5F8324163
:10FF600001F00CFA85F8304138BD00BF01211222A2
:10FF70000378417043F003030370C270704700BF01
:10FF8000012113220378417043F003030370C27010
:10FF9000704700BF4FF0020C07220B7881F801C0B8
:10FFA00043F003030B70CA7090F84C300B7170472C
:10FFB0000B7980F84C3070474FF0020C07220B7819
:10FFC00081F801C043F003030B70CA7090F84C3005
:10FFD0000B71704709224FF0080C10B50B7881F8AF
:10FFE00003C043F003034A700B7090F937300C469E
:10FFF000002BACBF63460E23CB70F9F719F8002233
:020000021000EC
:10000000606061F30702C1F307200B0C60F30F225D
:1000100063F317421B0A63F31F62A26010BD00BFA7
:1000200038B50C460546F9F703F8092223786270C3
:1000300043F00303E2702370D5F87031217263F04E
:10004000FF031840030C1A0AA3710B0CC0F3072519
:100050002071E271C1F307201A0A65716072A37200
:10006000E27238BD09220B784A7043F003030B702B
:10007000CA70D0E95A23100CC2F3072C0A711A0C6B
:1000800081F805C088714FEA102C0B72C3F307206A
:10009000130A81F807C048728A72CB72704700BF9A
:1000A0002DE9F0414FF0405405464868104E430F8B
:1000B00083EA107303F00103A3FB04348A6806404B
:1000C00002F0EF0886EA0304F8F7B2FF04400120CB
:1000D00008EA010164F0FF02C5E95C413240C5F85D
:1000E0006C81C5F8682185F86001BDE8F08100BF2A
:1000F0002FCF87F74FF040522DE9F0410546486871
:100100000E4E430F83EA107303F00103A3FB023288
:100110008968064001F0EF0786EA0304F8F788FFD4
:10012000B846012304400F40C5E95C47C5F8686143
:10013000C5F86C8185F86031BDE8F0812FCF87F775
:100140004FF0030C19220B7881F801C043EA0C032D
:100150000B70CA7090F820300B7190F821304B7101
:10016000704700BF02220B784A7043F003030B7004
:10017000CA7090F820300B71704700BF0B7980F87F
:10018000203070474FF0060C40F60C510378054ABA
:1001900043F0030380F801C00370A0F80310C0F817
:1001A00005207047F105FFFF4FF0060C0C220B787D
:1001B00081F801C043F003030B70CA7090F85A3104
:1001C0000B71B0F85B31A1F80530B0F85D31A1F8E2
:1001D00007307047012380F859310B7980F85A3184
:1001E000B1F80530A0F85B31B1F80730A0F85D3107
:1001F000704700BF03224FF0170C0B7881F801C045
:1002000013430B70CA70D0F82530D0F821208B60D2
:100210004A6090F829300B7390F82A304B7370477E
:100220000D21042210B50378417043F003030370DD
:10023000C270841805F0C4FC0C2120B12046BDE832
:10024000104003F003B82046BDE8104002F0F4BFB0
:10025000012105220378417043F003030370C2704B
:10026000704700BF012106220378417043F0030369
:100270000370C270704700BF01210B2203784170E8
:1002800043F003030370C270704700BF4FF0020CCD
:100290000D22037880F801C043F003030370C2709D
:1002A0000171704700B54FF0030E4FF0110C037849
:1002B00080F801E043EA0E03037080F803C0017187
:1002C00042715DF804FB00BF0B7980F84D304B792B
:1002D00080F84E30704700BF4FF0030C16220B78A9
:1002E00081F801C043EA0C030B70CA7090F820300B
:1002F000C3F3C2034B7190F82030C3F302030B71B8
:10030000704700BF0A7990F8203062F3C5031A469F
:1003100080F820304B7963F3020280F82020704788
:100320004FF0030C17220B7881F801C043EA0C034D
:100330000B70CA7090F8CC31C3F3C2034B7190F8C4
:10034000CC31C3F302030B71704700BFCB884385E8
:100350000B7980F82C304B7980F82D30704700BF36
:100360004FF0180C0F220B7881F801C043F0030303
:100370000B70CA70C38C8B80038DCB80438D0B8137
:10038000838D4B8190F834300B73C38EA1F80D3000
:10039000038FA1F80F30438FA1F81130838FA1F89C
:1003A0001330C38FA1F81530B0F84030A1F81730E2
:1003B000B0F84230A1F81930704700BF4FF0180C68
:1003C00010220B7881F801C043F003030B70CA7050
:1003D000C38C8B80038DCB80438D0B81838D4B81B0
:1003E00090F834300B73C38EA1F80D30038FA1F851
:1003F0000F30438FA1F81130838FA1F81330C38FD2
:10040000A1F81530B0F84030A1F81730B0F84230FC
:10041000A1F81930704700BF8B88C384CB8803854F
:100420000B8943854B8983850B7B80F83430B1F889
:100430000D30C386B1F80F300387B1F81130438710
:10044000B1F813308387B1F81530C387B1F817308E
:10045000A0F84030B1F81930A0F84230704700BF22
:1004600000B54FF0000C4FF00C0E0B7881F801E056
:1004700043F003030B7081F803C090F823300B4A5C
:100480000B71036BA2FB03239B0AA1F80530438D7C
:10049000A1F80930038DA1F80730838DA1F80B3046
:1004A000838CA1F80D305DF804FB00BF5917B7D15C
:1004B00040F2E2420B7980F82330B1F8053002FBBC
:1004C00003F30363B1F809304385B1F807300385BE
:1004D000B1F80B308385B1F80D308384704700BFCD
:1004E000B1F8093003844B68C0F822300B7A80F8E9
:1004F000263070474FF0090C14220B7881F801C0A8
:1005000043F003030B70CA70B0F85A308B80B0F818
:1005100058300B81B0F85E30CB80B0F85C304B8146
:10052000704700BF4FF0090C15220B7881F801C00D
:1005300043F003030B70CA70B0F85A308B80B0F8E8
:1005400058300B81B0F85E30CB80B0F85C304B8116
:10055000704700BF4FF0090C15220B7881F801C0DD
:1005600043F003030B70CA70B0F86A308B80B0F8A8
:1005700068300B81B0F86E30CB80B0F86C304B81B6
:10058000704700BF8A88A2F11B03E02B21D8B1F885
:1005900008C0ACF11B03E02B1BD870B544F2481E19
:1005A000CC88A4F5A4739BB2734511D800234E895F
:1005B0001946A6F5A475ADB26CF30F0366F30F01EF
:1005C00062F31F4364F31F41754598BFC0E91831BA
:1005D00070BD70478A88A2F11B03E02B21D8B1F8C7
:1005E00008C0ACF11B03E02B1BD870B544F2481EC9
:1005F000CC88A4F5A4739BB2734511D800234E890F
:100600001946A6F5A475ADB26CF30F0366F30F019E
:1006100062F31F4364F31F41754598BFC0E9183169
:1006200070BD70474FF0080C3B220B7881F801C079
:1006300043F003030B70CA70B0F876308B80B0F8CB
:100640007830CB8090F87A300B72B0F87C30A1F81B
:10065000093070474FF0060C3C220B7881F801C03E
:1006600043F003030B70CA70B0F89E308B8090F893
:10067000A2308B71B0F8A430A1F80730704700BFEA
:100680004FF0060C3C220B7881F801C043F00303C5
:100690000B70CA70B0F89E308B8090F8A2308B71CE
:1006A000B0F8A430A1F80730704700BF002203461D
:1006B000B1F804C0A0F876C0B1F806C0A0F878C0C0
:1006C00091F808C00CF0070C80F87AC0B1F809C0A6
:1006D0000CF01F0CA0F87CC0087AD04010F0010F7D
:1006E00002F1010210D08888A3F87E00C888A3F820
:1006F0008000087A00F0070083F88200B1F8090052
:1007000000F01F00A3F88400032A03F10803E3D1DB
:10071000704700BF00220346B1F804C0A0F876C0BD
:10072000B1F804C0A0F878C091F806C00CF0070C2E
:1007300080F87AC0B1F807C00CF01F0CA0F87CC09C
:100740008879D04010F0010F02F1010210D08888A2
:10075000A3F87E008888A3F88000887900F007005D
:1007600083F88200B1F8070000F01F00A3F88400AE
:10077000032A03F10803E3D1704700BF00228B690D
:100780008A610BB3192293F804C01A71828CDA8043
:1007900091F820201A774AB90A8DBCF12E0FDA831E
:1007A0004A8D1A848A8D5A840AD07047C28CBCF153
:1007B0002E0FDA83028D1A84B0F8C2215A84F4D144
:1007C00019461868F9F72CB900DEDBE730B5C38CA1
:1007D0000A8D4C8D93428D8D85B002D1038DA3423D
:1007E00014D0012381F8223002950B6BCDE900244F
:1007F0000C7A91F82320898C0391A4F10801B1FAB5
:1008000081F14909FCF756FD05B030BDB0F8C231A1
:100810005B1B18BF0123E5E7F8B50023CD690C4643
:1008200007461646CB618DB3291D112E0AD8DFE885
:1008300006F0200909090909091C0909090909091A
:100840000909241400DEEB79294663733846FEF764
:100850005DF9237A092B14D0F8BD084694F82020BE
:1008600094F82110FFF71EFDEDE72046FFF792FBFD
:10087000E9E72046FFF7F4FDE5E72046FFF79EFD98
:10088000E1E73846BDE8F84000F092BDFEF728F9F0
:1008900005460028C8D100DEC6E700BF38B58B6921
:1008A0000C46054683BBFEF72FF92E2100220123BB
:1008B000A0610171226394F83420218D84F82330E3
:1008C0004AB1B1FBF2F313FB02F3E08C9BB2984206
:1008D0009CBF19462385238F994204D340F2E242FC
:1008E00002FB03F323632846FCF7D6FC0346298D5D
:1008F000002206310B44A38428462146FFF78CFFD3
:100900004FF60B73638138BD00DECCE738B5044683
:100910000D4600F045FD20B929462046FEF7D8F8DF
:1009200030B910212046FEF7F5F80923AB7238BD27
:1009300004F58A70FDF7E4FF0028F2D12046FDF7A8
:1009400045F80028EDD029462046FEF7C9F8E861B1
:10095000FEF7D2F810B90C23AB7238BD29462046F9
:10096000FFF79CFF2046BDE838401021FEF7E6B8AF
:1009700070B50C460646FFF729FF237A092B1DD0D8
:1009800094F82250ADB100232146304684F820303F
:10099000FFF7F4FE304600F07FFE237A092B05D1E5
:1009A0000C4B1A68964204BF00221A600023A372FF
:1009B00070BD2046FEF7DCF8A561EBE7304600F09D
:1009C000FDFC237A092BDBD194F82030002BDAD1FF
:1009D000D6E700BF3C25002070B506460C4600F067
:1009E000DFFC10B10623A37270BD054621463046D8
:1009F000FEF76EF80028F5D0112221463046FFF7A9
:100A00000BFF304600F048FE237A092B04D1044B3B
:100A10001A68964208BF1D600023A37270BD00BF14
:100A20003C250020F8B5294A064613680C468BB1D0
:100A300083420FD002238B7200F0B2FC054620B92E
:100A400021463046FEF744F868BB2046BDE8F84032
:100A5000FEF780B8218DF38C1660994212D00023E6
:100A6000A569A36185B303232F792B71B38C20462D
:100A700005F11C01EB80FFF773FC2E2F1FD0042320
:100A8000A372F8BD628D338D9A42E8D1A28DB6F87B
:100A9000C2319A42E3D12046FEF76AF800220523CC
:100AA000A261A372F8BD4FF47263214630462384DD
:100AB000FFF792FF2046FEF75BF8A561F8BD2946D7
:100AC0002868F8F7ADFFDAE700DECCE73C25002028
:100AD000F0B50C46897A054683B00C2900F2E08017
:100AE000DFE811F012001E00490052005E006800AD
:100AF0007C00DE0081008B009400CC000D00002AF9
:100B000000F0D38003B0F0BD002AFBD1237A082B7C
:100B100000F0DF80092B40F0C3800123A372F1E7CE
:100B2000012AEFD119462046FFF776FCE38C052B0E
:100B30001BD9228DB2F5486F17D8934215D8638D13
:100B4000B3F5FA7F11D240F67646A08DA0F10A01E6
:100B500089B2B14209D8013313FB02F3B3EB800F22
:100B600003D294F83430934207D940F61E732146DD
:100B7000284623842DE0012AC4D82146284603B004
:100B8000BDE8F040FFF74EBF002ABBD10192FDF750
:100B9000B3FF019A002840F0B7800323A372B1E7A6
:100BA000032A7FD0042AADD10F22062384F8212006
:100BB000A372A7E7002AA5D195F93730002B80F260
:100BC000848094F8203083B10F232146284684F88E
:100BD000213003B0BDE8F040FFF7FEBE002A91D1FE
:100BE00021462846F5E7002A8CD1284600F0D8FB9C
:100BF000002871D00823A37284E7002A82D12146FD
:100C0000284603B0BDE8F040FFF780BE022A7FF41B
:100C100079AF95F83720C2F3C011D2096AD01946CE
:100C20002046FFF745FC40F67A41228D931F9BB288
:100C30008B427CD8638DB3F5FA7F78D240F6764646
:100C4000A08DA0F10A0189B2B14270D803FB022243
:100C5000B2EB800F6BD22846FCF71EFB47F6FE7204
:100C6000A38C1B1A9BB293427FD92823284685F870
:100C7000943100F011FD0023A37243E7002A7FF4B2
:100C800041AF2846FCF700FBA38CC01A03043FF5D4
:100C900039AF2146284603B0BDE8F040FFF768BEF3
:100CA00000DE2FE70523A3722CE7FDF725FF0028C0
:100CB0003FF428AF21462846FFF7F0FD10212846D3
:100CC00003B0BDE8F040FDF739BF21462846A261D8
:100CD00097E70A23A37215E721462846FDF7F8FE99
:100CE000002887D0102221462846FFF795FD0A23C9
:100CF000638107E7284684F84C1000F051FB064654
:100D0000B8B10D23A372FDE6A669A261002E3AD008
:100D1000032337793371AB8C204606F11C01F38035
:100D2000FFF71EFB2E2F1BD00423A372EAE61E231F
:100D30009CE721462846FDF7CBFE0028E1D007229C
:100D400021462846FFF768FD284600F0A5FC237AD7
:100D5000092B90D10D4B1A6895428CD11E608AE701
:100D600031463068F8F75CFEDEE72046FDF7F2FE1C
:100D70000B232846A372FCF78FFAA38CC31A1A041C
:100D80003FF5C0AE85E700DEC2E700BF3C2500208E
:100D90002DE9F0412C4E044633680D462BB18342B9
:100DA00003D00123AB72BDE8F0812046FEF790FF2F
:100DB0000028F6D1204600F0E9FA07460028F0D1D5
:100DC00029462046FDF784FE0028EAD02046FCF79D
:100DD00063FA80460121204600F0D0FAA5F836805B
:100DE000D5F81C8085F834703460EF61B8F1000FDD
:100DF0001BD0284608F10401FFF7B2FA98F8073033
:100E000041466B732046FDF781FE2B7A092B08D0F3
:100E100094F83730DB0901D100DEC4E704236B818D
:100E2000C1E72046FEF764FFF2E729462046FDF7BA
:100E300057FE80460028DCD100DE04212846FFF75B
:100E40008FFA98F80730FFDE3C250020F8B51546EC
:100E50008A7A0C460646062A09D8DFE802F00430F2
:100E6000080838640A001DB9237A092B29D000DE4E
:100E7000F8BD002DFCD1FCF707FAA38CC01A0304BF
:100E8000F6D42946304600F079FA21463046FFF77D
:100E90009DFC237A092B00F09F8094F82250002DAE
:100EA00040F0A6802046FDF763FE3046A561FEF7C0
:100EB000C9FF237A092B62D00023A372F8BD002D4D
:100EC000D6D121463046BDE8F840FFF761BF032D7B
:100ED0006DD0042D5ED0022DCAD119462046FFF7F1
:100EE000E7FA40F67A41228D931F9BB28B4264D879
:100EF000638DB3F5FA7F60D240F67647A08DA0F1FE
:100F00000A0189B2B94258D803FB0222B2EB800F22
:100F100053D22946304600F031FA2046FDF71AFE3A
:100F20000623A372F8BD002DA2D1FEF7D1FE10B1A9
:100F30000523A372F8BD21463046FDF7C9FD002800
:100F4000F6D02946304600F019FAE769E561002F2E
:100F50005AD094F8202094F82110381DFFF7A2F9F8
:100F6000FB79394663733046FDF7D0FD237A092BB0
:100F700046D03046FEF766FF237A092B9CD196F9BE
:100F80003730002B36DB294B1A68964294D1002269
:100F90001A6091E71A222146D0F8703123F002033B
:100FA000C0F8703184F82020FFF7E8FBE1E75B79B7
:100FB0002146304684F82030F6E70021304600F024
:100FC000DDF91E23304686F89431FEF73BFF237A85
:100FD000092B7FF471AFD2E73046FEF793FE237AF8
:100FE000092B7FF45AAF94F82030002B3FF455AF13
:100FF0000023DDE73046FEF785F80028C3D05BE725
:101000003046FEF775FEB4E721463046FDF768FD31
:10101000074600289DD100DE042094F8202094F893
:101020002110FFF73FF9EB79FFDE00BF3C250020E0
:1010300070B50C46D17F054602F11C0311290AD870
:10104000DFE801F028090909090909220909090944
:10105000090909091A14242380F89431FEF7F2FED5
:10106000237A092B1CD00023A37270BD2146BDE852
:1010700070400322FFF7EABEA37A012BF5D9043BA7
:10108000022BF2D900DE70BD2146BDE8704004227B
:10109000FFF7DCBE2146BDE870400222FFF7D6BE56
:1010A00095F93730002B06DB064B1A689542DAD1EA
:1010B00000221A60D7E72846FEF724F80028F3D06C
:1010C000D1E700BF3C25002013460022FFF7BEBE3B
:1010D00070B5D57F02F11C03CDB10F2D12D02423A2
:1010E0000E4680F89431044600F0D6FA337A092B84
:1010F00005D1094B1A68944204BF00221A600023EC
:10110000B37270BD0122BDE87040FFF7E1BC02225E
:10111000BDE87040FFF7DCBC3C25002013460022F0
:10112000FFF7D6BC00230322FFF7D2BC0023042222
:10113000FFF7CEBCD37F70B5012B05460C4607D018
:10114000242380F8943100F0A7FA0023A37270BD25
:101150008B7A012B04D013F0FD0FF8D000DE70BDA8
:10116000084602F11C01FFF7BBF92846268CFCF764
:1011700093F847F6FE73361AB6B29E4202D802239F
:10118000A37270BD2823284685F8943100F084FAB4
:101190000023A37270BD00BF38B58B7A012B05D038
:1011A000022B0C4603D0A3B901238B7238BD054630
:1011B000FCF76AF8238CC01A0304F7D4284604F11C
:1011C0002201FCF797F9284600F066FA0023A37283
:1011D00038BD00DE38BD00BF0346D3F838210846CD
:1011E0008A420DD18A69A2B90A46D3F83CC1116876
:1011F0006245C3F8381108BFC3F83C11FDF760BC65
:1012000000DE8A692AB9D3F83821002AEDD1FDF72A
:1012100057BC12792E2AF6D100DEF4E738B5D0F8A3
:10122000385104462B7A013B112B17D8DFE803F025
:10123000090909091818221D1D092709161616166D
:10124000160900222946FEF731FCAB7B2BB129465B
:101250002046BDE83840FFF7BFBF38BD00DEF4E7E9
:1012600000222946FCF70CFEEFE700222946FFF793
:1012700055FFEAE700222946FDF7F4FAE5E70022E8
:101280002946FFF789FFE0E770B5D0F838510446EA
:101290001DB394F84431012B03D1022384F840316B
:1012A00070BD29462046FDF713FC0028F5D02946DD
:1012B0002046FDF715FC064688B12846311DFEF78D
:1012C00069FEF37931466B732046FDF71FFC01225E
:1012D0000023AA7384F8403170BD00DED9E700DE38
:1012E000EBE700BFF8B5D0F838510446A5B394F841
:1012F0004431012B03D1012384F84031F8BD294644
:101300002046FDF7E5FB0028F5D029462046FDF7ED
:10131000E7FB064680B32046FEF78AFC2A7A037A6A
:10132000371D93421AD0082B1AD02A2194F8603125
:101330001BB1D4F870315B0717D43846FEF7A6FF0F
:10134000F37931466B732046FDF7E0FB0122002361
:10135000AA7384F84031F8BD00DEC8E72321E5E731
:10136000092A0CBF23212A21E0E70A46384694F8CF
:101370004711FEF797FFE3E700DECCE780F8461160
:10138000704700BF704700BF0020704790F84501CC
:10139000003818BF01207047D0F83801704700BFEF
:1013A00090F84401A0F10100B0FA80F040097047C4
:1013B000B0F84831A0F84231704700BF0023A0F8D0
:1013C0004231704738B5D0F83841F4B1D0F83C21FB
:1013D000236894420546C0F8383108BFC0F83C3154
:1013E0009CB121462846FDF7D3FB2046FDF768FB5C
:1013F000D5F838414CB1D5F83C2123689442C5F862
:101400003831EED1C5F83C31EBE738BD70B5054653
:101410000C4639B1042900D070BDFFF7D3FF85F821
:10142000404170BDD0F83861002EF5D0337A122BD0
:1014300011D84FF0010C31490CFA03F0014061B9A9
:1014400010F4386F07D00A2B13D0CBB195F8463182
:10145000F3B9644604E000DE337A0A2B09D07BB18D
:10146000284685F84541FFF7D9FE032385F840312A
:1014700070BD2846FFF7D2FE052385F8403170BDC8
:10148000D37F284686F84C30BDE87040FFF7FCBE9D
:1014900095F93710002910DB012B20D0022BBBD18E
:1014A0002846FEF7C5FB327A037A934221D0082BF7
:1014B0001DD02A2385F8943170BD012BEED128462A
:1014C000FEF7B6FB08B1FF23C3720123284685F857
:1014D0004531FFF7A3FE032385F8403170BDD37F6C
:1014E000284685F84731BDE87040FFF7FBBE092A62
:1014F000DFD1232385F8943170BD00BF7FF407004E
:1015000038B50C468969054610461A46237A09B350
:10151000122B4DD8DFE803F0100A0A0A0A55555B72
:101520004F4F0A610A4C4C4C4C4C0A00214628464D
:10153000FEF734FAA16921B10B792E2B1CBF0023D1
:10154000A361A37B2BB121462846BDE83840FFF7B5
:1015500043BE38BDA2612061122B29D801A151F8E8
:1015600023F000BFE71501002D1501002D15010026
:101570002D1501002D150100C3150100C315010033
:10158000CF150100B7150100B71501002D15010099
:10159000DB1501002D150100B1150100B115010089
:1015A000B1150100B1150100B11501002D150100A3
:1015B00000DEA169BFE721462846FFF789FDA16942
:1015C000B9E721462846FCF711FCA169B3E721469B
:1015D0002846FDF729F9A169ADE721462846FFF71E
:1015E000A9FDA169A7E71146A5E700BF38B591F8A5
:1015F00008C00C46BCF10C0F054613460CD0BCF1DC
:10160000120F09D0BCF1070F0BD1FDF72FF9002203
:10161000A37B626153B938BD1A4621462846FEF7BE
:1016200015FA0022A37B6261002BF4D021462846E4
:10163000BDE83840FFF7D0BD38B50B7A0C46072B14
:10164000054608D0A37B2BB121462846BDE838408B
:10165000FFF7C2BD38BDFDF70DF9F3E70422002303
:1016600080F84021A0F84231704700BF90F8403127
:10167000052B0ED8DFE803F0060907030603D0F8B0
:10168000383123B97047FFF7FFBDFFF72BBEFFF7D7
:10169000C5BD00DEF6E700BF90F84031052B04D849
:1016A000DFE803F004151305040500DE704700238E
:1016B000D0F8382180F845315AB100230121A0F833
:1016C0004231917380F840317047FFF7DDBDFFF77D
:1016D00009BE00DEF1E700BF90F84031052B04D8C9
:1016E000DFE803F004090B04050400DE7047002363
:1016F00080F840317047FFF7F5BDFFF7C5BD00BF6B
:1017000090F8403110B50446052B12D8DFE803F0FD
:10171000030D09030803FFF755FE042384F8403145
:1017200010BDBDE81040FFF7AFBDBDE81040FFF7AA
:10173000D9BD00DE10BD00BFF0B504460E4615460B
:1017400083B06BB1D27F3C2A36D8012390F8371092
:101750002E4FC9098B4007EB420149780B4040D11D
:101760001846FDF743FA074620B300230360D4F878
:101770003C311BB31860C4F83C0194F84031052B90
:1017800042D8DFE803F01E27030606062046FFF7CF
:101790007BFDBB7B1BB139462046FFF71DFDD4F80E
:1017A000381139B12B463246204603B0BDE8F0402F
:1017B000FFF7A6BE03B0F0BD0023D1E7C4E94E0099
:1017C000DBE72A4600212046FFF720FEBB7B002BEB
:1017D000E5D0E0E72046FFF785FDBB7B002BDED0A0
:1017E000D9E717F812300A2BBAD10193FFF7EAFDB7
:1017F00000222046A4F8422184F8452184F84021A3
:10180000FEF796FB019BABE700DEC2E7181B020068
:1018100010B50446FFF7D6FD0023A4F8423184F842
:10182000453184F8403110BD00B9704700DE704783
:1018300030B991F8083123F0010381F8083170477D
:1018400000DE91F8083123F0010381F80831704778
:101850004FF6FF712DE9F041079D9DF81870B5F81E
:1018600024C08C452FD006460146284690461C468B
:10187000FBF760F938BB2B780133DBB22B7033B345
:101880000022144BB5F890111C8101340C44997A54
:1018900005F1100067F3000199720F49D8608B6061
:1018A000C3E9006801200B46A5F890411146F6F700
:1018B00071F950B9FF20FBF75BF92846BDE8F0410C
:1018C000FF21FBF7D1BBBDE8F08100DEF2E700DECF
:1018D000D6E700BF8812002014050020012800D0A0
:1018E000704700B583B00191F8F722F90199814260
:1018F00002D103B05DF804FB00DEFAE72DE9F04FFA
:10190000044693460A6893B0D2F80080227F4F7C49
:10191000C2F38012D0F81E008DF83720628CFF2FA2
:101920000D46DBF800601090ADF8442060D110AB9C
:1019300093E803000E90ADF83C10224652F82E9B1F
:10194000B4F82EA09278ABF808A08BF80A20D4F84F
:101950002A20DFF840E3D04BCEF80020CBF804205B
:101960001A680BF1220001321A60D4F83A200521DE
:10197000CBF8222094F83E200271F6F729FA9BF862
:10198000272000F03F0060F305028BF8272094F831
:101990003F200128C2F304018BF82810A18E02F029
:1019A0001F02ABF8161089B20AD91B3202F01F02CF
:1019B0000B2A05D840F67A42063989B2914223D9DA
:1019C00000260125C8F808609BF82C20214666F304
:1019D00000028BF82C202571E4684846F8F714F8CB
:1019E000214620682571F8F71BF813B0BDE8F08F89
:1019F0000EAA38460DF1370100F010FC9DF8372093
:101A000002328DF8372098E7002140F2E2432A683D
:101A100030465160E28EBBF816A0ABF8182003FBED
:101A20000AFA638E0B93FDF797F994F83F2096F826
:101A30000811520962F3430186F8081101F0CCFE47
:101A40000A9096F80801C0F3420001F0C7FE40F288
:101A5000E2430A9A514610440AFB00F08F4A00F50F
:101A6000742000F23F20A2FB00204FEA5A02800CB3
:101A7000963ACBF83000CBF8342094F83120304639
:101A800003FB02F2CBF84420228FA6F8C221FDF717
:101A90004FF9834A83495244B2FBFAF290B2C6F836
:101AA000C811A6F8BC01BBF8181001F1060C60457E
:101AB00004DDC1F57F41FA31014488B22246A6F81F
:101AC000B80112F81C3FC3F34013D2070A9300F188
:101AD000D8804FF48072A28398F81A0001F0CCF8F5
:101AE000002800F0AD80626AC4F82B20228DA4F893
:101AF0002F20FF2F00F0BF80BDF844201098A4F8DD
:101B00002920C4F825009DF837200E98A277BDF84B
:101B10003C20C4F81F00A4F82320BBF81620304650
:101B20006286BBF81820A286B6F8C221E28696F833
:101B30000821C2F3420284F83820FAF7DBFC02469F
:101B40002146ABF814204846E2806C68F7F75CFF4A
:101B50001C21BBF814200A9B27682171E280002B0E
:101B60007BD10A9B237721463846F7F759FF304649
:101B7000BBF85C70BBF85E40FBF7FAFE9BF899007F
:101B8000012100F0070001F039FC3C444FF09617AA
:101B9000844640F2E249CBE9037704F2D514644469
:101BA0007460DDF82CE0EC68DBF8303009FB0E44A3
:101BB00004F2D144E41A002202210120A4EB0C0417
:101BC000AAEB0307F5F7B2FF4046F9F7E5FF364BFE
:101BD000CDF804800093AB68821CA3F285730121C9
:101BE0000020D2B22344F7F7E9F901284BD098F846
:101BF0001830DB0729D43046FAF77CFC4FF4FB732E
:101C0000C21C0020294908930696AB680791284911
:101C1000A3F2857305917168D2B20491CDE90200F7
:101C2000012101970094F7F7FBF810F0FD0F41D167
:101C3000012202211046F5F779FF13B0BDE8F08FBD
:101C4000C4F82B00A4F82F0053E700230122184604
:101C500011460093F7F77EF9CDE79BF827200BF1AB
:101C6000040042F040028BF8272000F0C1F8012365
:101C7000ABF8280076E70021C4F82510A4F8291055
:101C800041E700DE25E7F7F753FF8045AFD000DEE0
:101C9000ADE700BF842A0020882A002083DE1B4392
:101CA0007FC3C901404B4C00DD1801002918010019
:101CB0005118010000DEBBE7C38D23B190F8082165
:101CC00012F0010300D0704730B501240C4D89B0EB
:101CD00042EA040CCA1C0595032180F808C1D2B25F
:101CE0000690CDE901331846049300930394F7F767
:101CF00015F910F0FD0F01D109B030BD00DEFBE792
:101D00003118010038B50C461546FAF707FC48B102
:101D10001CB1BDE83840FDF745B92946BDE838405B
:101D2000FDF71AB9022038BD38B50C461546FAF74A
:101D3000F5FB58B190F93730002B05DA2A462146D9
:101D4000BDE83840FDF73CB80C2038BD022038BD56
:101D500010B41F204FF0FF342521034B034A1C60B1
:101D60001871117010BC7047282800202E370020F1
:101D700010B5864602FB011102781C4C114484FB0D
:101D800001020A44521102EBC20002EB80028A1ADD
:101D9000D0B28EF80000C108595C02F0070241FA87
:101DA00002F212F001029DF808C01DD1B0FBFCF157
:101DB0000CFB110110465C1EC9B2043300F1080E81
:101DC00014F8012F5FFA8EFE12F0010F00F1010CE2
:101DD0004FEA520202D039B10139C9B25FFA8CF030
:101DE0008645F1D19C42E9D110BD00BFA7C867DD8F
:101DF00042880088504070474FF0030CF0B52F4DDB
:101E00002F4C4840060A5FFA80FE0EEB8E2E06EB42
:101E1000862004EA401705EA400605EA4E0004EA77
:101E20004E1E3E4340EA0E0000EB002706EB062E56
:101E300006EB0E2600EB0720C6F30746C0F307406B
:101E400040EA062000EB00100CF1FF3C08441CF0B7
:101E5000FF0C80B2D6D141401A48A0FB01400C1AB9
:101E600000EB5400400900EBC00400EB8400081AAA
:101E7000C0F3C404145D00F007052C41E407C0B2B0
:101E80001AD4604601FB03F3561EC3F30743043222
:101E900000F1080516F8011FEDB211F0010F00F175
:101EA00001044FEA510102D033B1013BDBB2E0B291
:101EB000A842F2D19642EBD1F0BD00BF1021020042
:101EC000408408004D91CFBA1B491C482DE9F043CE
:101ED00000230126451EA1F1020C06E00133082B68
:101EE00001F1060100F1280024D003EB830215F86C
:101EF0003220D407F2D59CF800409CF801E0C2F3F0
:101F000080120768B0F8048006FA03F99A4001339A
:101F100044EA09044EEA0202082BA1F804808CF876
:101F200000408CF8012001F1060141F8067C00F127
:101F30002800DAD1BDE8F08336280020D112002035
:101F40002DE9F047002301271E481F4ADFF87C8057
:101F5000DFF87C90951EA0F1020C15F8331007FAFB
:101F600003F6C90724D598F8001059B112F8011CDE
:101F7000072901EB810405D819F834104C0701D565
:101F8000C90615D515F833109CF801E0C1F34001DE
:101F90009CF8004099404EEA010ED2F800A09188CA
:101FA00034438CF800408CF801E08180C0F800A038
:101FB0000133082B00F1060002F10802CDD1BDE883
:101FC000F08700BF6229002022290020303700203E
:101FD000D01200200820704738B50020F9F70EFE17
:101FE000C8B90E4C0E4D621E14F83030072B07D8BE
:101FF00003EB830315F8331021F0200105F83310AB
:1020000012F8303023F0010302F830300130082894
:10201000EAD1002038BD0C2038BD00BF21290020A6
:10202000D01200202DE9F04F804683B00020F9F750
:10203000E5FD002840F0988098F800300546FF2B19
:1020400026D0504E4FF0FF09044608F1010BB71E91
:1020500003F0010A09E0B9F1FF0F04F101021BD0FE
:102060000134082C06F1080638D017F83420D207BE
:10207000F1D517F83420C2F340025245F0D10622C0
:102080005946304601930EF0D0FB019B0028E7D162
:10209000002003B0BDE8F08F072C5FFA84F904F14B
:1020A00002046BD017F83210C8070ED4082C06F1C2
:1020B000100613D017F83420D107D1D517F83420E3
:1020C000C2F340025245CBD1D9E7144617F8342069
:1020D0000836C2F340025245C2D1D0E7B9F1070F2A
:1020E00048D817F839204FEAC90A63F3410207F8C4
:1020F0003920D8F801200AF10203FA50BBF8042075
:102100003B449A8098F800301F4E03F0010306F11B
:10211000FF3804E00135082D06F1280628D005EB2C
:10212000850418F83420E400C2F38011D207F1D5F9
:102130009942EFD106225946304601930EF075FBC5
:10214000019B0028E6D118F80430EDB243F02003DB
:1021500008F8043017F83930BA4443F001038AF81C
:10216000015007F8393093E70C2003B0BDE8F08F39
:10217000FF25EFE7072003B0BDE8F08F4FF0070918
:10218000AFE700BF22290020D11200202DE9F04145
:1021900006460020F9F732FDC0BB37780446FF2F12
:1021A0002FD01C4D06F1010807F00107AE1E04E018
:1021B0000134082C05F1080525D016F83430C3F396
:1021C0004002DB07F4D5BA42F2D106224146284646
:1021D0000EF02BFB0028EBD106EBC4035B78072B3A
:1021E00008D80D4A03EB830312F8331060F345114E
:1021F00002F83310002016F8343023F0010306F8FB
:102200003430BDE8F0810220BDE8F0810C20BDE84B
:10221000F08100BF22290020D0120020072800B53D
:102220001AD80F4B00EB800E13F83EE04FEA800CFB
:102230001EF0010F12D084444FEACC0013F83CC0CA
:102240000130CCF3801C81F800C0195803441160A0
:102250009B8893805DF804FB00DEE2E700DEEAE79E
:10226000D01200200820704710B50020F9F7BAFC02
:1022700098BB02461A4B1B4C187893F8281062F34F
:10228000000062F30001187083F8281093F85000E2
:1022900093F8781062F3000062F3000183F85000B5
:1022A00083F8781093F8A00093F8C81062F3000048
:1022B00062F3000183F8A00083F8C81093F8F000DF
:1022C00093F8181162F3000062F3000183F8F00044
:1022D00083F818112270104610BD0C2010BD00BFED
:1022E000D01200202F3700202DE9F04F834683B015
:1022F0000020CDF800B0F9F775FC002855D11BF887
:10230000012BDFF8248102F0010304461F4608F187
:10231000FF39019204E00134082C08F1280840D06C
:1023200004EB840219F832604FEA840AF007C6F31E
:10233000801109EBC205EED5B942ECD1062259460F
:1023400040460EF072FA0028E5D173070746019A5D
:102350002FD4364D02F00108AE1E04E00137082FDD
:1023600005F1080512D016F83730D907C3F340023B
:10237000F4D54245F2D10622594628460EF055FAC8
:102380000028EBD1FF2306EBC706737000205444EE
:1023900019F8343023F0010309F8343003B0BDE8F4
:1023A000F08F022003B0BDE8F08F0C2003B0BDE831
:1023B000F08FDFF87CE09EF800305E1E023B062BBB
:1023C000F6B203D895F817C0B44502D18EF8006074
:1023D000BFE7184B3D4603EB0C12904603EB061388
:1023E0000FCB88E80F00DFF8508005EB850309EB81
:1023F000C30219F83330D90705D5580703D598F823
:102400001730B34207D00135082D08F12808ECD168
:10241000009B1A78DAE7009B82F817C01A78074BFE
:1024200003F80C50D2E700BFD1120020222900206F
:102430002F370020A0280020D0120020982800204C
:102440002DE9F8431D465B7903F0C003402B01D012
:10245000BDE8F8830E46F9B1DFF86090002400F083
:10246000010809F1FF3704E00134082C09F12809BB
:10247000EED004EB840317F83330D907C3F380128E
:10248000F2D54245F0D10622314648460EF0CDF94C
:102490000028E9D1E2B202E0072AD9D8084F02EBBE
:1024A000820217F83230D200DB07D1D52868183203
:1024B000B850AB883A449380CAE700BFD1120020DD
:1024C000D01200202DE9F84F82461B4E1AF8019BCE
:1024D00000240F4606F1FF3809F0010904E0013439
:1024E000082C06F128061AD004EB840218F83230C2
:1024F000D500C3F38012DB07F1D54A45EFD10622A0
:10250000514630460EF091F983460028E7D1183540
:1025100008EB050406212046F5F7A8FA20B94FF08C
:10252000020B5846BDE8F88F58F805003860A388BC
:102530005846BB80BDE8F88FD11200202DE9F04746
:102540008246164E1AF8019B00248846771E09F031
:10255000010904E00134082C06F128061BD004EB25
:10256000840217F8323007EBC205C3F38012DB0791
:10257000F0D54A45EED10622514630460EF055F9C7
:102580000028E7D16B6A1A68C8F800209B88A8F871
:102590000430BDE8F0870220BDE8F087D1120020AA
:1025A00010B504460020F9F71DFB40B91CB1012C01
:1025B00001D0122010BD034B00201C7010BD0C2058
:1025C00010BD00BF303700204FF47A7202FB00F0DC
:1025D000014B1860704700BF302800202DE9F047FC
:1025E000824600208846F9F7FDFA70BB1C4E1AF8A7
:1025F000019B0446771E09F0010904E00134082C10
:1026000006F128061ED004EB840217F83230D500FC
:10261000C3F38012DB07F1D54A45EFD106225146BC
:1026200030460EF002F90028E8D1B8F1000F12D0C0
:10263000B8F1010F0CD17B5D43F010037B550020F6
:10264000BDE8F0870220BDE8F0870C20BDE8F087E8
:102650001220BDE8F0877B5D68F304137B55EEE73D
:10266000D112002000232DE9F04F334C334904F1FF
:10267000FF3C14F83320072A07D802EB820211F836
:1026800032E02EF0200E01F832E01CF8332022F068
:1026900001020CF833200133082BEAD1002391F812
:1026A000F040274D63F300042B7081F8F0404FF0A9
:1026B000FF354FF0FF3491F8182191F800A063F333
:1026C000000291F8289091F8508091F8787091F874
:1026D000A0E091F8C8C081F818211A4A63F3000AF3
:1026E00063F3000963F3000863F3000763F3000E6C
:1026F00063F3000C144EDFF854B01370144BC6F89B
:1027000000B0C3E9004581F800A081F8289081F865
:10271000508081F8787081F8A0E081F8C8C028B1B5
:10272000BDE8F04F0B490C480CF0C1BC0A48BDE8AD
:10273000F04F0CF0C8BC00BF21290020D0120020AF
:10274000303700202F37002030280020A0BB0D009C
:10275000C8120020812901009812002008B90248FF
:1027600070470248704700BF3428002060290020CD
:10277000A8B147F6122240F2E730002110B5094B0C
:102780001B68E3FB02014FF47A720023EDF778FE39
:10279000BDE8104002460B46034805F07BBD0248E9
:1027A0000CF091BC3028002098120020002208B5BF
:1027B000084B1A8030B90021074B084A1B7811805A
:1027C0001BB908BDFFF7BCFBF5E7BDE80840FFF704
:1027D0007BBB00BF60290020303700203428002058
:1027E0002DE9F04F804687B00CF003FE44014B0109
:1027F000241A43EAD06363EB0103A2009B00101884
:1028000043EA947341EB0301C90041EA507147F672
:1028100012220023C000EDF733FE81460191B8F18A
:10282000000F18D1514B0846D3E90013B3F1FF3F15
:1028300008BFB1F1FF3F0ED0B9EB01024C4960EB8C
:10284000030309688A4273F10003ACBF4FF0010A29
:102850004FF0000A01E04FF0010A0024454EDFF876
:1028600018B1F71F04EB840217F83220A500D30734
:1028700015D5BAF1000F01D1900710D42A1917F815
:102880003220510759D42A1917F83220120745D49B
:10289000254417F8352042F0020207F835200134AC
:1028A000082C0BF1060B06F12806DBD1BAF1000F5C
:1028B00004D02E4B019AC3F800905A60B8F1000F73
:1028C00008D00020F9F782F9044618B194F85E3078
:1028D0005B0702D407B0BDE8F08FA37E072BF9D8C1
:1028E000FF238DF80830637F02A904EB830304F112
:1028F0001C001D6A01F0AAF829466A7805460232D2
:102900000DF065FF29462046F9F788F99DF8083053
:10291000FF2BDFD0637707B0BDE8F08F02A9304608
:1029200008F0BCFD02A9F8B98A880298ABF8042027
:10293000C6F81DB0CBF80000AAE7327C0F490DF1B4
:10294000170C01EB02110DF1070211F8010902F851
:10295000010F6245F9D106F1170102A808F09EFDAA
:10296000002890D000DE8EE700DEDDE7C8120020F0
:1029700030280020D712002068280020AF2800202F
:1029800010B50120FFF72CFF47F6122240F2E73086
:102990000021084B1B68E3FB02014FF47A7200230D
:1029A000EDF76EFDBDE8104002460B46024805F00B
:1029B00071BC00BF302800209812002007280FD8D3
:1029C000094A00EB800312F833104FEA800C0B0722
:1029D00006D58B0706D5844402EBCC02506A7047BB
:1029E0000020704700DEF6E7D012002007280AD842
:1029F000064900EB800011F83020C000530702D5D3
:102A00001E30084470470020704700BFD0120020DD
:102A10002DE9F047894617460AB1FF2313700024B9
:102A2000254D00F0010A6E1E04EB840316F83320D6
:102A30005FFA84F8D2074FEA840313D4CFB13A780F
:102A4000FF2A04F1010426D0082C04EB840105F1CF
:102A500028055FFA84F84FEA84030FD016F8311086
:102A6000C907EDD5234416F83330C3F3801353451B
:102A700009D00134082C05F12805D5D14FF0FF0805
:102A80004046BDE8F0870622494628460DF0CDFEB7
:102A90000028EED1F4E7082C87F8008005F128051E
:102AA0005FFA84F8EAD004EB840316F83320A3001D
:102AB000D007D7D4C3E700BFD11200202DE9F04FD3
:102AC000074685B000200E469046F9F78BF800289F
:102AD00075D1B946044619F8010B0DF10F024946AC
:102AE000FFF796FF072840F2B8809DF80FA0BAF1D3
:102AF000070F7CD80AEB8A024FEAC20B594DD7F870
:102B000001000BF101016850B9F8040029448880E4
:102B1000387815F80B104FEA8A0360F3861105F830
:102B20000B100093102105EB0B0330460193F4F7D3
:102B30009DFF15F80BC0102160F3820C404605F88C
:102B40000BC0F4F793FF15F80B1000F0010060F3D1
:102B5000C3014B0705F80B104DD4002864D10021A8
:102B60000BF11802009BA818A950818003EB0A0101
:102B700015F831203C4E22F0120205F8312097F86A
:102B80000080B71E08F0010804E00134082C06F1AB
:102B9000080618D017F8342012F0010BC2F34001D8
:102BA000F3D04145F1D10622494630460DF03DFEB5
:102BB0000028EAD107EBC40787F801A005E00C2044
:102BC00005B0BDE8F08F4FF0000B009B0020534490
:102BD0009A4615F833304FEA4B1223F0210342F0A6
:102BE00001021A4305F83A2005B0BDE8F08F07202E
:102BF00005B0BDE8F08F1D4B1D4A197805EB0B0C95
:102C000002F801A01B4A8CF8171002EB011C0131DD
:102C1000197006F10F01013E11F801E9B1420CF8FB
:102C200001EFF9D100289AD00020D8F800300BF13C
:102C30000701D8F804E0D8F808C0D8F80C606B5049
:102C4000009B2944C1F804E0C1F808C0CE6003EB42
:102C50000A0105EBC101486281E7122005B0BDE819
:102C6000F08F00BFD0120020222900202F37002033
:102C7000982800209F280020072807D8044B00EB45
:102C8000800013F83000C0F3C00070470020704788
:102C9000D01200200346024A024812781A70704788
:102CA0002F370020A02800200C4B1B7883420BD923
:102CB0000B4B185C07280CD80A4B00EB800213F86A
:102CC0003230DB0707D5704700DE054B185C07285C
:102CD000F2D900DEF0E700DE704700BF2F3700209A
:102CE00098280020D012002007280DD8084A00EBB1
:102CF000800312F833108300C90707D5034412F884
:102D00003300C0F3401070470020704700DEF5E745
:102D1000D01200201378FF2B19D12DE9F047194D5F
:102D20000446AE46002303EB830C15F83CC09E001E
:102D30001CF0010003D0CCF3801CA44509D0013362
:102D4000082B0EF1280EEED10120BDE8F0870120FE
:102D50007047F0464FF0000C4F1E18F801AF17F8FF
:102D6000019F0CF1010CCA45E9D1BCF1060FF4D169
:102D700013701E4415F836305A07E6D5C3F3001019
:102D8000E3E700BFD0120020024B1878003818BFCC
:102D9000012070473037002000F04EBA08B50023FC
:102DA00003F01AF8002008BD684620F007018D46A0
:102DB00001B502F067F9EEF7CDFCBDE801408546AC
:102DC000704700BF08B5094BD3F828213AB9012054
:102DD000F4F742FFBDE808400220F4F73DBF0020B1
:102DE000C3F82801F6F70AF8F1E700BF00200E50FB
:102DF0000020F4F731BF00BF90B90E4B0E4A19788E
:102E00001078CBB288420DD10C480D49013390F8AF
:102E100000C013700B78634507D003780B707047C0
:102E200000DEEAE700DE1378EEE700DE03780B70E1
:102E3000704700BF3137002032370020363700207E
:102E4000353700200B4A0C4B117893F800C08C45A5
:102E50000DD012781A70094A094B18B911781878F0
:102E6000884202D012781A70704700DEFAE700DE5E
:102E7000EFE700BF34370020333700203137002020
:102E80003237002002F04ABA08B50B490B4A91F8D4
:102E900000C0137803989C450BD000220B70084BA0
:102EA000114698600120F4F775FE00B908BD00DEF8
:102EB00008BD00DE1378F0E73137002032370020FC
:102EC000240500202DE9F0412D4A2E4D12782B7853
:102ED0000C469A428AB005D12B4B2C4A1B781278AB
:102EE0009A4244D026682A4F06F2726840463968F2
:102EF000F6F79CF8002803DB00200AB0BDE8F0815B
:102F0000244A254B11781A78914213D11E4A1F4941
:102F10001278097891420DD00022197810460131BB
:102F2000C9B2197011461D4B0092F6F713F810F054
:102F3000FD0F22D11A48E168C7F8008000220790EF
:102F400040F27260174C3346CDE9054129780131D2
:102F5000C9B22970009011461046CDE90322CDE98F
:102F600001220892F5F75CFF0AB0BDE8F08106681F
:102F70000446074F06F27268DCE700DE00DED9E7A0
:102F80003537002036370020313700203237002017
:102F90009C2900203337002034370020452E0100C3
:102FA000F92D0100892E01007F4A9368002B00F063
:102FB00090801368002B00F08B802DE9F04F814644
:102FC00089B04FF0FF338DF80A300DF10A00F6F7A3
:102FD000F1FE0446002839D0037F9907F5D1857AA0
:102FE00015F00205F1D1C3684B4556D0A8462F46CF
:102FF00006680DF10A00F6F7DDFE8346E0B1027FB8
:103000009207F6D1827A9307F3D4C268B8F1000F21
:103010001FD04A4521D0DBF800A031465046F6F7D4
:1030200005F800280DF10A00BCBF5F465646F6F7CA
:10303000C1FE83460028E2D1002F08BF274639464B
:103040003846FFF73FFF30F002033FD109B0BDE83B
:10305000F08F914545D08046DDE7227F204642F043
:1030600002022277E168A2699047D845A9D1FF23DF
:103070008DF80A300DF10A00F6F79CFE0446002890
:10308000E4D0037F9F07F5D1837A9E07F2D4C3680B
:103090004B4502D000DED0F80C90434A4846137BE3
:1030A00043F001031373D2E9001303AA98470646BD
:1030B00000B310F1100F5ED03B4A002093681168F6
:1030C000984716F10B0F1ED08C36BFD000DEBDE73F
:1030D0007047354918460A7B42F001020A73F6F739
:1030E00085BE237F204643F002032377E168A3696E
:1030F0009847BCE7237F204643F00203A269E168BA
:1031000023779047A2E700230226FF27264AD2F81A
:103110000890D2E9004813608DF80B700DF10B0098
:10312000F6F748FE90B1037F9A07F7D40DB9DB0795
:10313000F4D4C368A342F1D1037F214643F00203D4
:103140008269037790478DF80B70E7E70125AE425F
:1031500001D02E46E0E70794002449464046039BF1
:10316000009604AACDE904440694F6F7DBFD002896
:103170007FF46CAFAAE7A37A43F00203A3720DF1C8
:103180000A00F6F717FE014600283FF45FAF037F01
:103190009D07F4D1837A9C07F1D4FFF793FE30F0BA
:1031A00002033FF453AF91E71014002010B5174805
:1031B0000BF039FD38B30024154B9C6000F0A4FAE5
:1031C00000281FDB224621468A20EEF741FA2246DC
:1031D0000121E320EEF73CFA214622461E20EEF7BD
:1031E00037FA4FF480720B4B8A20C3F88824EEF72D
:1031F000FFF9E320EEF7FCF91E20EEF7F9F901F0F4
:103200005BFF204610BD6FF0120010BD180A0200CF
:103210001014002000A0085008B500F087FA00281C
:1032200009DB8A20EEF7F2F9E320EEF7EFF91E2032
:10323000EEF7ECF9002008BD0A460146024892B2BA
:1032400083681B68184700BF180A020030B4074D96
:10325000AB685C6834B1A4468AB2002301462846B4
:1032600030BC60476FF0570030BC7047180A02004E
:1032700030B4074DAB685C6834B1A4468AB2002311
:103280000146284630BC60476FF0570030BC70479D
:10329000180A02000020704730B5044683B078B3A6
:1032A0001D4B1A68824225D0FF250DF107008DF8CD
:1032B0000750F6F77FFD38B91AE0A1420AD00DF1A8
:1032C0000700F6F777FD98B1037F9B07F7D4C16835
:1032D000002CF2D1037F826943F002030377904709
:1032E0000DF107008DF80750F6F764FD0028EBD1CB
:1032F00003B030BD9B686BB1014600209847D3E70F
:10330000054A9368002BCFD011680029CCD000204B
:103310009847C9E700DEC7E7101400200020704777
:1033200010B50446F6F738FD8CB90D4B9A68AAB172
:1033300000221C689A601A6004B124680020F6F725
:1033400055FD2046F6F7E2FD28B1002010BD00280B
:10335000F3D100DEF1E700DE002010BD00DEE7E77C
:103360001014002040F27260704700BF10B5144680
:10337000F5F75AFE2146F5F759FE002805DB5130D6
:10338000B0F58A7F38BF002010BD002010BD00BFFF
:10339000262810B5044613D0272809D0252817D190
:1033A000022001F001FF2046BDE8104001F002BFFD
:1033B000502001F0F9FE2046BDE8104001F0FABEB1
:1033C0001A2001F0F1FE2046BDE8104001F0F2BEE7
:1033D0000A2807D927280AD900DE2046BDE8104070
:1033E00001F0E8BE0230400001F0DEFEDBE7033012
:1033F000400001F0D9FED6E701F03CBF01F042BF2A
:1034000008B501F08BFFBDE8084002F033B900BFFA
:1034100008B501F083FF02F02DF9BDE8084002F085
:10342000E1B800BF08B501F079FF02F023F902F01E
:1034300007F902F03FFBBDE8084002F0D3B800BF37
:10344000014608B5114801F02DFE01F0BBFF60B147
:1034500002F0F6F901F064FE00F0A6F900280EDB98
:10346000BDE808400020FFF75BBF01F02DFF02F030
:10347000E7F901F055FE00F097F90028F0DA00DED8
:10348000BDE808400020FFF74BBF00BF852E0100BC
:1034900010B5044601F042FF02F0ECF802F0D0F85B
:1034A00002F008FB02F09EF82046BDE81040FFF74E
:1034B000C7BF00BF10B5044601F030FF21460D48DC
:1034C00001F0F0FD01F07EFF40B100F06DF9002841
:1034D0000ADBBDE810400020FFF722BF01F0F4FE38
:1034E00000F062F90028F4DA00DEBDE810400020A8
:1034F000FFF716BF852E01002DE9F04FFF2480460F
:10350000894692461F4689B09DF848B08DF81F4005
:103510000DF11F00F6F74EFC002864D0037F9D07D5
:10352000F6D1837A9C07F3D405683E689DF81F3076
:103530000446294630460593F5F778FDBBF1000FA8
:103540007DD0BC4208BF002426460DF11F00F6F7CF
:1035500031FCC0B1027F9107F7D1827A9207F4D48F
:1035600002682946049010460392F5F75FFD039A1E
:10357000049B00280DF11F00BCBF15461E46F6F740
:1035800019FC0028E6D1059B8DF81F30464B9A6840
:10359000002A74D1002E72D14CB3BBF1000F61D15F
:1035A0001A7BB97A02F0010201F002010A434ED1FE
:1035B0004946534640463A460096F6F7B3FB014665
:1035C000002848D0BB7A9B070AD4002C14BF26469B
:1035D0000E463046FFF776FC30F0020300D000DEE6
:1035E0006FF0760427E0304B9A68002A45D11A7BA9
:1035F000B97A02F0010201F002010A433DD01A7BC0
:10360000384622F001021A73FA68C3E901891A6088
:10361000D04704460DF11F00F6F7CCFB014650B130
:10362000037F9D07F6D1837A9A07F3D4FFF74AFC0C
:1036300030F0020331D1204609B0BDE8F08F0028F8
:10364000BFF67FAFFF2335465C4605937CE7BC425F
:10365000D5D000DED3E700DEBB7A9F07C0D4002EB2
:10366000B7D1B2E753463A4649464046CDF800B096
:10367000F6F758FB0028B3D1B1E7002426464946A7
:10368000534640463A46CDF800B0F6F74BFB0146AC
:1036900028B1BBF1000FA3D1DEE700DECBE700DEEF
:1036A000BBF1000F9CD1D7E71014002001F11000EE
:1036B00004F07EBB70B505460C4688B0012200219F
:1036C00004A80BF01FFC0323002602930D4B694650
:1036D00028460396019307F09EFC002810DB314634
:1036E00047F6122340F2E7304FF47A72E4FB03010D
:1036F0000023ECF7C5FE02460B4604A804F08CFB41
:1037000008B070BDAD36010038B5012002F09AFC5A
:1037100001240023044D6B60AC60EB602946BDE8DA
:10372000384007F078BC00BFA429002010B5012064
:1037300002F088FC0446044907F0DCFC2046BDE8A2
:10374000104007F0B3BC00BFA42900200C4B1A782E
:103750000AB100207047012010B5187002F072FC09
:103760004FF47A710446FFF7A5FF38B9204607F0F9
:103770009DFC02280CBF00206FF0040010BD00BFAC
:103780003737002008B5074BD3E8EF2F511CC3E8AB
:10379000E01F0028F8D1002A01DC02F05BFC0020C9
:1037A00008BD00BFA029002008B50A4BD3E8AF2F01
:1037B000002A0CDDD3E8EF2F511EC3E8E01F0028DC
:1037C000F8D1012A01DC02F057FC002008BD6FF09F
:1037D000770008BDA029002032207047014B33F844
:1037E00010007047941B020010B50446FFF71AFE44
:1037F00001F01CFF2046BDE81040FFF721BE00BFCE
:1038000030B583B0044601F0C9FDFFF7F9FD9620FD
:1038100001F046FF002318461A46194601F0B6FE8D
:103820000120F6F723FA78B31C3001F017FD01F000
:1038300097FD38BB2146154801F034FCFFF7A4FA88
:10384000A8B902F065F800210446084601F01CFD05
:1038500000210546084601F013FD2C44CB34201A04
:1038600001F0F8FF03B0BDE8304002F049B80DF1B7
:103870000700FFF70FFA002201469DF8070002F04B
:103880008DF8DEE700DED5E700DECDE7153F01006D
:1038900010B50446FFF7C6FD01F0C8FE2046FFF74D
:1038A000CFFD0021044B012208469C60F4F772F919
:1038B00000B910BD00DE10BD34050020814208B5FE
:1038C0000ED00B7ADB0702D46FF08B0008BD0C4BD7
:1038D0001360FFF757FF00280FDB6FF00A0008BDE9
:1038E0000B7B01EB83010B691B7803F00F03012BAA
:1038F0000CBF00206FF08B0008BD00DEEDE700BFBD
:10390000613D010010B548B10C46FFF74DFF00289E
:103910000BDB2046BDE81040FFF702BD044801F074
:10392000C1FBBDE8104001F0CFBC00DEF1E700BFF5
:10393000E9370100042210B50024074B282198180C
:10394000F4F730F8054B9C810222214604480BF025
:10395000D9FA204610BD00BFDC290020CC29002068
:10396000BC290020042210B50024074B28219818F8
:10397000F4F718F8054B9C810222214604480BF00D
:10398000C1FA204610BD00BFDC290020CC29002050
:10399000BC29002010B504460548F4F727F820B1EB
:1039A000034600205870636010BD6FF00B0010BD1F
:1039B000DC2900200022034610461A705A709A60D3
:1039C000704700BF38B51D4D2B7B6A7B9A4202D0F1
:1039D00055F8234034B91A48F4F708F8044680B182
:1039E000204638BD174804F03DFA2B7B6A7B9A428B
:1039F000F6D00133DBB2032B08BF00232B73204624
:103A000038BD0023104A0F4804F006FAA0B90D484B
:103A100004F028FA2A7B6B7B93420BD0531CDBB259
:103A2000032B08BF002355F822202B7312B1144634
:103A3000204638BD00DED3E700DEE8E7CC290020D1
:103A4000DC290020BC2900205A62020010B502784F
:103A500043789A4214D0D4B244700278944204D08D
:103A60005A1C4370D3B2022B0ED01A460B7000EBD7
:103A70008204606800B110BDFFF7A4FF606010BD54
:103A80000133DBB2022BF0D100221346EEE700BF78
:103A9000F8B5027843780446934226D0D5B2154A49
:103AA00004EB8507507B92F80CC0431CDBB2032B60
:103AB00008BF00239C450E46796806D042F82010C6
:103AC00053730D4804F074F900216B1CDBB2022B18
:103AD00008BF0022796014BF1A46134601212370E3
:103AE000317004EB82046068F8BD1A4604EB82046E
:103AF0006068F8BDCC290020BC29002030B5037ACD
:103B00000446C3F3021393FAA3F0002BB0FA80F03B
:103B100008BF4FF0FF3083B000F1010044D0217A9C
:103B20005A1E134063F3061121722430FFF730FC54
:103B300000230DF1070104F10C008DF80730FFF7A9
:103B4000A7FF054670B3284601F08EFB2B7803F0E3
:103B50000F03022B1DD00DF1070104F11800FFF730
:103B600097FF30B39DF8073063B92146124801F042
:103B700099FA962001F094FD002003B0BDE8304092
:103B800001F0EEBCD5F80230C0F80230EB88C380FB
:103B9000EBE72146094801F085FA03B0BDE8304063
:103BA00001F00EBD00DECEE700DE237AC3F3021380
:103BB000B5E700DED6E700BF01380100153C010083
:103BC00010B50446FFF72EFC237A03F07102012A98
:103BD00006D11A46C3F3420363F306122272D3B22C
:103BE00013F0700F05D0636853B193F82C309B0726
:103BF00006D501F01BFD2046BDE81040FFF720BCB4
:103C00002046FFF77BFF01F045FBBDE8104001F0C7
:103C100077BE00BF10B5044601F0C0FB2046BDE8EA
:103C20001040FFF7CDBF00BFF0B5C468054663681C
:103C300083B0002B57D101F041FA002001F07CFA4B
:103C40000021084601F06EFA00222521082001F02B
:103C5000DBFA3A4B01A8019301F0C2FA384940F26D
:103C60005B6001F0B9FB237A20461A46C3F3420396
:103C700063F306122272FFF741FFFFF785F8637ABC
:103C800003F0030358BB03BB27682E683846FFF7D1
:103C900069FB03461E446A6806F21311012001F015
:103CA0000DFD01F02DFE2046F7F782FF811C324604
:103CB0003846C9B2FFF75AFB054608BB2046FFF756
:103CC0002DFBD8B9002003B0F0BD0120FEF746FD62
:103CD000024641780232007801F088FCD4E7181ED1
:103CE00018BF0120F2E793F82C309B07A3D02146A0
:103CF000144801F0D7F901F0E7FAE3E700DEE1E765
:103D000040F21143104A1149114807F0FAF82A46C7
:103D10001049114807F0F5F8002383F31188BFF329
:103D20006F8F0323184602DF0C48214601F0BAF9D1
:103D300001F0CAFA6FF08B00C5E700BFD6BE898ECE
:103D400055555500B534010054190200A019020060
:103D50001C190200A41B0200A4190200E93701008B
:103D600070B5C36804461E68F5F75EF9054630462F
:103D7000FFF7F8FA02460023AD1AC4E90053238185
:103D80002046BDE87040FFF74FBF00BF10B582B0BE
:103D90000446FFF7F7FC002809DB0023074A08491F
:103DA00008480094F6F7F0F818B902B010BD00DE2C
:103DB000F3E77730F9D000DEF7E700BF293C0100D8
:103DC00005390100BD3801002DE9F0410D46417A69
:103DD0001746CA071E469DF8188009D5B8F1000F8E
:103DE00017D02B78B7EBD31F1AD00020BDE8F08195
:103DF0002946044611F8020B079AC0F38010FEF71B
:103E000089FF0028EDD1637ADB07EED5B8F1000F0A
:103E1000E7D1079B1878FEF767FF0028E1D1E4E7B8
:103E20000622304605F108010CF0FFFCB0FA80F0E4
:103E30004009BDE8F08100BF2DE9F84F1F460B9BFC
:103E400006460C4692469DF828909DF830506BB976
:103E5000437A03F00303012B2CD9002D3AD02378A9
:103E6000BAEBD31F4AD00020BDE8F88F884618F877
:103E7000020B0D9A4146C0F38010FEF74BFF00285D
:103E8000F2D094F800B0BAEBDB1FECD13846062232
:103E900004F108010CF0C9FC0028E4D10D9B1B784B
:103EA000FF2B1ED0B27AFF2A1BD0981AB0FA80F0EE
:103EB0004009D9E711F8020B0D9AC0F38010FEF704
:103EC00029FF0028CBD1737A03F00303012BCAD951
:103ED000002DC4D10D9B1878FEF706FF0028BED137
:103EE000C1E7CBF3801BCB45BDD1062241460B98E1
:103EF0000CF09BFCB0FA80F04009B5E7062238468A
:103F000004F108010CF091FCB0FA80F04009BDE822
:103F1000F88F00BF2DE9F0438BB0044601F02AFA78
:103F2000C0B2002800F0998001F062FA054601F065
:103F300091FB814601F098FB01F0D2FD064601F0AD
:103F4000B3FDEDB2804601F04FFBFFF76BFA45B9C8
:103F50002146604801F0A6F80BB0BDE8F04301F03F
:103F6000B3B916F0FF067BD1FF2301208DF827306F
:103F7000F5F77CFE0546002800F09580237B05F1CF
:103F80001C0104EB83031F695FFA89F93B4613F8B0
:103F9000020B00F00F0CBCF1010F08BF07F108087D
:103FA000C0F380124FEAD017287F18BF4FF00008E7
:103FB00000F00F0003285BD00528C9D1687F2228B4
:103FC000C6D160680028C3D090F82C008007BFD409
:103FD0000DF127000390CDE9018920460097FFF7F6
:103FE0002BFF0028B4D00420F5F740FE0028AFD006
:103FF0002146394801F056F801F066F901F0B0F9B0
:10400000002852D1626892F82C3043F0010382F804
:104010002C30F5F745FE17224FF6FF730271C3806F
:104020008460054601F004FC286101F06BFC00216E
:104030000446084601F028F9241A6C61B6B19DF8CF
:1040400027306B76F5F72CFE034629462868EB608F
:10405000F5F750FE0BB0BDE8F083FFF7E3F977E723
:104060005FFA88F0FEF720FE03467EE7FF23E8E7CD
:10407000687F0C287FF46CAFB8F1000F7FF468AF55
:104080000DF127000190CDF800902046CDE90623E0
:104090000591FFF799FE50B9DDE90512287F079BCE
:1040A00000F00F0088E700DE68E700DEAAE721469F
:1040B0000A4800F0F7FF01F083FA237E04EB830344
:1040C000D86901F0D1F801F04BF90028C2D000DE28
:1040D000C0E700BFC13B010091380100153C010061
:1040E000F8B50546FFF79EF9F5F702FF04460028EC
:1040F0003ED001201F4B204A1B781278834002409B
:1041000003F002031343A2791C4922F00302134374
:104110001B4A0988A3711378A1802070237219B1FA
:1041200095F92730002B04DB2846BDE8F840FFF75F
:1041300087B995F82C30C3F30213022B16D0042B49
:104140000CBF4FF4BC77282701F0CEFB064601F0E8
:10415000D1FB0023361AE660EA6B2846C4E904273F
:10416000EB636B64BDE8F840FFF76AB91827EBE72B
:1041700000DEBEE73A3700203B3700207E360020C5
:104180003837002008B501F03DF9034601211A78BF
:10419000002061F301021A7008BD00BF00207047C3
:1041A000704700BF002330B40749084A0B801380D2
:1041B000074C084D08480949094A2B7023700370C1
:1041C0000B70137030BC7047803600207E360020A4
:1041D0003B3700203A3700203C3700203937002099
:1041E00038370020814207D091F82C305B0716D574
:1041F0000E4B188898B970470C4A0D4B12881978E5
:1042000072B939B10B4A13680133136000DE6FF0E5
:104210008B00704701226FF00F001A707047044B3B
:104220001B78002BEED16FF08B007047803600209A
:1042300039370020802A002038B50D4680B3044667
:10424000FFF7B2FA002848DBE36821894A1C99830A
:10425000598B0A4493F927105A83002914DBF5F788
:1042600047FE0346002836D0002101249A79998020
:1042700022F0030242F002029A711C701972284661
:10428000BDE83840FFF74CB820891A6B996B00FBEA
:1042900002220A44596B8A4228BF0A469A63DEE723
:1042A00091F92730002B0ADB29460D4800F0FAFE71
:1042B00001F00AF895F8B2301B0708D438BD094B55
:1042C0001B88002BF0D10122074B1A70ECE7BDE8E8
:1042D000384001F059BB00DEC6E700DEB4E700BF9E
:1042E000E1400100803600203A370020F8B504464E
:1042F0000120F5F7BBFC58B30021417794F89950A1
:1043000000F11C0705F007052846B4F85A6000F0D4
:1043100009FF94F8B230AA001B07F1B242F0010283
:104320000ED504310820C9B200F06EFF3A46294686
:1043300004F1B30001F0EEFABDE8F84000F08EBFE2
:10434000082000F061FF3846BDE8F84000F086BF65
:1043500000DED1E738B50446FFF752F82A4A2B4968
:104360001388087801332728138007D80B78284949
:10437000DBB251F82320013241F82320A08901F05B
:104380008FF994F8982094F89900C2F3C0030021A3
:1043900002F0070200F0070001F0F8F82046FFF7EE
:1043A000A5FF00F0DDFF60BB01F0B2FA0346258AED
:1043B00094F8990001210D3500F007001D4400F02C
:1043C00063FF94F89930054403F00703022B16D0DD
:1043D000042B0CBF4FF4BC73282394F898001D44A1
:1043E000C0F3C00100F0070000F04AFF281A01F0F6
:1043F00031FA2146BDE83840064800F053BE182384
:10440000EBE700DED0E700BF80360020D2050020B9
:104410008C2A00202D450100F8B505460F4690F87E
:104420009810B0F8586001F007042046C1F3C001AD
:1044300000F078FE95F8B230A200DB0642F00102EF
:10444000F1B20DD504310820C9B200F0DDFE3946C5
:1044500005F1D40001F062FABDE8F84000F004BFB5
:10446000082000F0D1FE3846BDE8F84000F0FCBE60
:10447000F0B5054683B001AA0F46D0E92701F3F74E
:1044800019FB95F8B23006465A0738D448B3019C58
:1044900095F8B13095F8B02004341C4412B9627814
:1044A00085F8B02033B10122237862F30103237031
:1044B00095F8B13095F8B0202846D31A6370F8F714
:1044C000B5FE637883422AD90122607000212378E7
:1044D000A17003F00F0343EA021323703C6003B0A2
:1044E000F0BD43F0040385F8B23000F08BFF0446C2
:1044F000237823F0100323703C6003B0F0BD43F039
:10450000040385F8B23000F07DFF0446002EEFD0A2
:10451000037843F0100303703C6003B0F0BD3268D1
:10452000D5F8A030D21A18BF0122CFE72DE9F0410B
:1045300082B0044600F01EFFC0B2002800F0958053
:1045400000F056FFC5B201F04FF8FEF761FFB34A25
:1045500013880133138094F92730002B21DB0120CD
:10456000F5F784FB0646002800F0368185BBAC4B8E
:104570001F78002F40F084800122204601A91A7084
:10458000FFF776FF94F92730002B80F22281676CC9
:10459000B846002F00F0F3804FF000084746019D19
:1045A0007AE0002D00F0C3809E4B1A78272A00F293
:1045B00003811B789C49DBB251F823200120013292
:1045C00041F82320F5F752FB0646002800F0FB8057
:1045D00094F8B230327F03F00101C2F380008842C8
:1045E00006F11C0700F0AC8081F0010161F30003CB
:1045F00084F8B23094F92730002B05DA94F82C3087
:1046000043F0080384F82C3094F8B2305A0700F1D4
:10461000CC80D4E9270101AAF3F74CFA8046F0B127
:1046200094F8B120019B1344597971B194F8B230D8
:10463000D8060AD5D4F8E4300133C4F8E430D4F80D
:10464000E83043F10003C4F8E83094F8B0300A448D
:10465000D2B29A42C0F0C78000F0F08000DE4FF086
:10466000000894F8B230327F6CE0FEF7D1FE2146AC
:104670006E4800F017FD02B0BDE8F04100F024BE26
:10468000013FFFB2204601A91F70FFF7F1FE002F86
:104690007FF478AFB846019D2146644800F002FDE2
:1046A00000F08EFF94F8B2202B78294662F3C30302
:1046B0002B7094F8B2302A78C3F3400363F382027C
:1046C00020462A70FFF7A8FE00F04AFE00287ED19F
:1046D00001F00AF988B1B8F1000F15D04FF6FF7359
:1046E000A08A984200F096804146F8F733FD7FB9E2
:1046F00002B0BDE8F041F5F7F5BA01F0E9F801F0D4
:10470000EDF8B8F1000FE9D117B902B0BDE8F081BA
:10471000F5F7C6FA03233371A38A31463068F38074
:10472000F5F7D0FA02B0BDE8F041F5F7DBBA0120A9
:10473000F5F79CFA064600287FF419AF00DE16E76D
:104740004FF00008C2F3C002C3F340039A424DD0B9
:10475000002700210122324B20461970344B01A959
:104760001A70FFF785FE94F92730002BC0F2E28023
:10477000337FDA0603D4019D2B78DB062ED52D4B33
:104780001B78002B7FF40BAFE08900F089FF94F8D1
:10479000990000F0070000F0E3FE2146264800F0F3
:1047A00081FC01F0ADF8019D7CE723F0040384F85F
:1047B000B23000F027FE52E70120F5F757FA06461F
:1047C00000287FF405AF00DE00231B7FFFDE00DE44
:1047D0007EE70027B846D2E700DEC7E66B78002BFD
:1047E0003FF45AAFCBE784F8B12038E70320F5F760
:1047F0003DFA0028ACD094F8B23083F0020384F87C
:10480000B230737F002BA3D094F8B23019072BD4A9
:1048100001279EE700DEA08A66E700BF7E36002003
:104820003C370020D20500208C2A0020E140010006
:104830003B37002039370020554301000022D4F8CF
:10484000A000A4F8B02004F19C01F3F73BF9019B10
:104850001B68C8F80030019BC3F80080DDF80480B5
:1048600094F8B230327F6DE701F05CF800285FD039
:1048700001F080F800284BD1D4F8C330D4F8C72019
:10488000134304D1337F03F00303032B2BD0022205
:104890002C4B21462C481A7000F004FC00F014FD4B
:1048A00000F05EFDB8B901F01FF860B1B8F1000F7B
:1048B0003FF42BAF4FF6FF73A08A98420DD04146CC
:1048C000F8F748FC14E701F003F801F007F8B8F135
:1048D000000FEFD119E700DEE5E700DE4146A08AD0
:1048E000F8F738FC04E700F091FD42780146272AEA
:1048F000CDD8384603320BF06AFFD4F8C330013B01
:10490000C4F8C330D4F8C73043F1FF33C4F8C7301C
:104910000122D4F8C33004F1C3019B18C4F8C3309A
:10492000D4F8C73043F100034B60064B1A706FE7B1
:1049300000DE9DE7636C002B7FF431AE002D7FF429
:1049400017AF1CE738370020E14001004FF6FF7336
:104950002DE9F043C46883B0A28A9A4200F0FC803B
:104960000646FFF71FFC00213389628B208C1A4416
:1049700092B21044618380B294F82710A383431C41
:10498000238401F03F034906E28300F1AF8094F8ED
:10499000281004F12900009304F12203FDF7E8F93F
:1049A0000546D4E90C31A26BA08BA36303FB002264
:1049B000E36B00208A4294BF9B185B18D4E9107205
:1049C0008B4228BF0B463A44C4E9100294F8991070
:1049D00094F82C20E36361F3061284F82C2094F8F9
:1049E000B22012F0040200F0938000F067FB002078
:1049F00000F0A2FB201D00F0F3FB2389A17A40F216
:104A00005B6043EA014100F0E7FC584B272D1D7025
:104A100005D8574A52F82530013342F82530284648
:104A2000FEF7B6FC2146534800F03CFBA08900F09D
:104A300037FE94F8982094F89900C2F3C00300213F
:104A400002F0070200F0070000F0A0FD2046FFF78B
:104A50004DFCD4F8008037684046FEF783FC0346DF
:104A60001F44726807F21311002000F027FE8146F0
:104A700000F010FF002000F031FFE36B94F8990084
:104A800003F11102636C012100F0070003EB420502
:104A900000F0F8FB4D44054494F8990000F007003D
:104AA000022833D004280CBF4FF4BC732823012103
:104AB0001D4400F0E9FB284400F0CCFEA18A3A46F0
:104AC00003314046C9B2FEF751FC0546A8B1B37A9E
:104AD00013F002062AD000252146274800F0E2FA0A
:104AE00000F0F2FB284603B0BDE8F083218D04F10D
:104AF0002202FDF781F9054653E72046FEF70EFC3A
:104B000088BB0025284603B0BDE8F0831823CEE714
:104B1000D4E92701F2F7CEFF00287FF466AF94F8BE
:104B2000B23043F0040384F8B2305EE740F267131A
:104B3000124A1349134806F0E4F92A461249134869
:104B400006F0DFF986F31188BFF36F8F0323184651
:104B500002DF6FF08B05BFE721460D4800F0A2FA97
:104B600000F0B2FBCDE700DECBE700BFD2050020AE
:104B70002C2B00202D45010091340100D01902009A
:104B8000A01902001C190200B01B0200A4190200A7
:104B9000B534010010B582B00446FEF7F3FD0028DD
:104BA00009DB0023074A084908480094F5F7ECF9A7
:104BB00018B902B010BD00DEF3E77730F9D000DE9F
:104BC000F7E700BF4D49010039420100E54101000E
:104BD000264B0246D3F8A413013106D02349D1F85D
:104BE000A00310F0010009D170474FF6FF71D3F810
:104BF000A8339BB28B42F1D100207047D1F8A43387
:104C00001360D1F8A803C0F3072363F03F031071CA
:104C10005371D1F8903301331CD0D1F89433013360
:104C200018D0D1F89833013314D0D1F89C33013324
:104C300010D0D1F89033C2F80630D1F89433C2F8CE
:104C40000A30D1F89833C2F80E30D1F89C33C2F84C
:104C5000123008E00023C2F80630C2F80A30C2F869
:104C60000E30C2F812300120704700BF00C0FF00B4
:104C70000023144A036043608360C360D2F880332A
:104C8000013318D0D2F88433013314D0D2F88833EA
:104C9000013310D0D2F88C3301330CD0D2F88033EA
:104CA0000B60D2F884334B60D2F888338B60D2F833
:104CB0008C33CB60704700230B604B608B60CB6004
:104CC000704700BF00C0FF0000214FF48062034B1B
:104CD000C3F82811C3F81423704700BF00200E50FA
:104CE000034B1878421C003818BF01201A70704717
:104CF0003D370020064B187830B10138C0B218702B
:104D0000003818BF0120704700DE1878F5E700BFB3
:104D10003D370020054BD3F84427D3F84007520015
:104D2000D3F84417F7D40029F5DB704700200E5064
:104D300030B484460C461D4AD2F84437D2F84017A6
:104D400013F08043D2F84407F6D10028F4DB0125A4
:104D500002EB0C12C2F82C354FEA8C02D2B24FEAA9
:104D60000C1C0CF1A04002F1A042013900F56220B8
:104D700002F56222C0F820151560D0F82025914276
:104D8000FBD0A2424FF00102D0F824150CF1A04351
:104D900088BF0131C1F3130103F56223C0F8204538
:104DA000C0F82415C3F82C2530BC704700200E50E5
:104DB0002DE9F0430025594C5949C4F80055022506
:104DC000C4F800558025574E022AC6F81413C4F8BB
:104DD0008010554CC4F89C1104F58024C4F89C1034
:104DE0005249A4F58224C4F80455C1F80455504C26
:104DF0004A49C1F8044500F08D80032A40F08680BE
:104E0000A322C1F848250268444912BAC1F81C25FA
:104E10004268012612BAC1F8182582684FF00E0EBA
:104E200012BAC1F81425C268424F12BAC1F810254F
:104E3000027CC1F82C25B0F81340027E64BA02F05F
:104E40000102A4B244EAC214B0F8112052BA44EAF2
:104E50000244C1F82845D0F81940374A24BA926074
:104E6000C1F82445D0F81D002E4C00BAC1F8200529
:104E7000D4F8280E1546002405F8044FD2F82C80EB
:104E80005FFA80FC2D480CF1020910619561013830
:104E90002B4D69F317081680C2F82C8006F1506676
:104EA00000F103085561D5611062D7605662C2F8FF
:104EB000288082F82FE0C2E913535564D56DACF118
:104EC000040C6CF31705D565C2E90C44C2E918441B
:104ED00002F10805D763566582F85FE0C1F83055E6
:104EE00002F13805C1F83855C1F80441D1F8045130
:104EF000C1F80841D1F80811591C941D03331164FD
:104F0000511D946391649365BDE8F083E322C1F879
:104F1000482578E7C322C1F8482574E700600450AB
:104F20000700008000A00850003004500020085006
:104F3000020000010200000B302C00209D2C0020FC
:104F40000100000CF0B402240025464B0229C3F8EE
:104F50000055C3F80045444CC3F804457ED00329EE
:104F600078D1A321C3F8481503683E491BBAC1F89C
:104F70001C35436801251BBAC1F8183583684FF00A
:104F80000E0C1BBAC1F81435C3681BBAC1F8103532
:104F9000037CC1F82C35B0F81340037E64BA03F0EB
:104FA0000103A4B244EAC314B0F811305BBA44EA76
:104FB00003442E4BC1F828451E460024D0F8197032
:104FC0009B603FBAC1F82475D0F81D00284F00BA85
:104FD000C1F820051D80DF6050789A6126F8020F25
:104FE00003321A625A6A1E6160F317025A62214E36
:104FF000021D21489C62D8615E6183F827C0DC6293
:105000005865DE6D1D48C3E91844186462F317063D
:10501000013803F10802DE65DF63186583F85FC0BD
:10502000C1F8302503F13802C1F83825C1F8044130
:10503000D1F80421C1F80841D1F80821C21C9A65B1
:105040000F4A0D60591DC3E91121DA649A1D9A6354
:10505000F0BC7047E321C3F8481585E7C321C3F8C6
:10506000481581E70060045000000501302C002045
:105070000200000B0200000C0100000D9D2C00201E
:105080000100000C044BD3F8203223B1034A044B37
:1050900010681B681847704700A00850A82E002011
:1050A000AC2E0020024B034A19601060704700BF0D
:1050B000A82E0020AC2E0020704700BF0022012146
:1050C00030B4144B1448154DC0F8282EC3F8A02056
:1050D000C3F8A420C3F8A820C3F8AC205962D96251
:1050E000C3F81028D3F8104844F48044C3F810489B
:1050F000C3F81428D3F8144844F40044C3F81448FF
:10510000C0F80021C0F80421C0F80417296330BC9E
:10511000704700BF0020085000A0085000E0105069
:10512000704700BF02280CBF04220322014BC3F8C2
:105130000025704700A00850072821DC00F10A0371
:10514000DBB2112B15D910F10C0F20DA10F10E0F74
:105150001FDA10F1100F18DA10F1140F1DDA10F128
:105160001C0F18DA2930CCBF4FF498724FF48872B4
:1051700002E00B4A52F823200A4BC3F8102770476D
:105180003F22084BC3F8102770470422F4E7062299
:10519000F2E70522F0E70122EEE70222ECE700BF8A
:1051A000BC1B020000A00850014BC3F80807704761
:1051B00000A00850094B40F4090040F04000C3F83B
:1051C0004005D3F8282E22F00072C3F8282ED3F819
:1051D000282E42F00072C3F8282E704700A0085015
:1051E00000210123074AC2F83C1EC2F8403EC378A2
:1051F000C2F8343E8178038843EA01431B02C2F8B7
:105200002C3E704700A0085002F01C03A3F10803D5
:10521000B3FA83F302F00302013A5B091B06022A88
:1052200098BF43F4801300F00F000A4A184340F47B
:105230008070C2F8200ED2F8280E074B0340C2F847
:10524000283ED2F8283E194341F44031C2F8281EC6
:10525000704700BF00A008500000F8FE014BC3F8E3
:10526000D00E704700A00850014BC3F8D00E704715
:1052700000A0085002280CBF28202920704700BF3A
:10528000012070472920704702280CBF05200A2002
:10529000704700BF4FF40050012110B4064A074B7D
:1052A000074CC3F81823C4F88C20064AC2F804053A
:1052B000196010BC704700BF0D00008000A00850AE
:1052C000005008500020085000234FF400500121E6
:1052D00030B44FF47E540E4A0E4DC5F88C30C2F8EF
:1052E000A030C2F8A830C2F808050B485162D1625C
:1052F000C0F8DC35A0F51C20C0F8803000F588200F
:10530000C2F80845C0F80034016130BC704700BFE6
:10531000002008500050085000200E5000220F4B73
:10532000C3F80022D3F80012C3F80C22D3F80C12F1
:10533000C3F81822D3F81812C3F81C22D3F81C1291
:10534000C3F85C22D3F85C12C3F83822D3F83812C1
:10535000C3F82022D3F82032704700BF00A00850C5
:10536000034BD3F80002003818BF0120704700BF7C
:1053700000A00850064BD3F8180238B10120054AA6
:1053800005491368D1F848150B441360704700BFF6
:1053900000A00850A02E002000500850064BD3F863
:1053A000180238B10120054A05491368D1F848159B
:1053B0000B441360704700BF00A00850A02E0020CF
:1053C00000500850034BD3F82005B0FA80F0400994
:1053D000704700BF00A0085040F20312034BC3F80F
:1053E000442EC3F8480EC3F84C1E704700A0085066
:1053F000034BD3F80C0E003818BF0120704700BFD4
:1054000000A0085000487047A02D002000487047B9
:105410009C2C00202DE9F0474FF00008484F494EE2
:1054200097F800C082460CF10403DBB20CF1010EC8
:105430000CF10E044FEAC30C5FFA8CFC6644424840
:10544000DFF808C1424D0EF0010E9DF82090C0F823
:1054500018C3C6F800C04FEACE06E4B235440129AD
:1054600044F00044C5F800803AD0BAF1000F2ED1C4
:10547000022A0CBF32223622364D0EF10E0141F0C7
:10548000004103F1700645F82640C0F804119B0066
:1054900003F1502303F50023D3F840154FF40054D3
:1054A000914294BF0122D3F840152B4888BF8A1A35
:1054B000C3F840252449254B264AC0F80445C1F8C5
:1054C0001833C2F8C83087F800E0BDE8F087214AF9
:1054D00003F1700142F821402D22C0F80441D6E7C3
:1054E000BAF1010F1BD04AF2B81149F6346542F205
:1054F000B846B9F1020F18BF0D4641F28831022AB1
:1055000018BF31464A19154903F17005A1FB021273
:105510001049920941F82540C0F80041B7E70D490C
:105520000EF10E0242F00042B9F1020F03F17005D4
:1055300041F82540C0F800210CBF29222A22A6E705
:105540003E3700208020085000A008500D00008049
:10555000A02008500050085000200850D34D621081
:1055600010B5084B084A84B00446C3F80024002351
:1055700001201A461946CDE901330094FFF74AFF8E
:1055800004B010BD00A008500100080070B58C46A2
:1055900016461D460024084B084A84B00121C3F872
:1055A0000024024663462046CDE900650294FFF7D9
:1055B00031FF04B070BD00BF00A00850010008001A
:1055C0000022054B05490648C1F80004C3F8A02095
:1055D000C3F8A820704700BF0020085000A0085062
:1055E00001000800704700BF012070474FF0000C19
:1055F00010B44FEA8C03146803F1A04303F50A23A7
:10560000C3F8504E94880CF1010CBCF1080FC3F89C
:10561000704E02F10602ECD1034B40EA0120C3F8C0
:10562000900E10BC704700BF00A00850034AD2F88B
:10563000903E23F0FF03C2F8903E704700A0085050
:105640000022034BC3F82422D3F82432704700BF52
:1056500000A00850034BD3F82402003818BF0120E3
:10566000704700BF00A00850014BD3F8180E7047D8
:1056700000A0085000234FF47E5110B40548064C9A
:10568000064AC4F8DC35C0F88030C2F8081510BCF2
:10569000704700BF0060045000200E5000200850EA
:1056A000044B054A1B780433DBB203F5A87342F8B8
:1056B000230070473E37002000500850F0B4A2F598
:1056C00074234E4CA3F51073A342074604D902F588
:1056D0007422013902F51072494B0125A3FB022304
:1056E0009B0C502B184638BF5020002402264FF048
:1056F000050C444A1944D560C51A434BC2F8044509
:10570000C2F810C5C2F80865C2F840050E1AC3F801
:10571000DC45D3F84427D3F840175200D3F8444768
:10572000F7D4002CF5DB01220139C3F8D015DA6279
:10573000354AD2F8D0359942FBD04FF0000C012108
:105740004FF48074D2F8D4259E4238BF01322E4BDC
:10575000C2F31302C3F82CC1C3F8D065C3F8D42533
:105760002A4AC3F8DC15C3F8AC21A3F5BC23C3F85F
:10577000A02103F58023C3F8A0202249A3F50053FC
:10578000C3F80445A3F58023C1F88020C3F804457D
:105790004FB30132C1F8C02101F5A041C1F8002189
:1057A0004FF40072C3F804254FF0000C4FF400577B
:1057B000174B144A1D60174D174EC5F800C0174B04
:1057C000174C1849184DC5F81863C2F88C60C3F817
:1057D0000475C2F8D041C3F8A440C2F8D411C3F88C
:1057E000AC10F0BC7047114AC1F8C0210E49C1F895
:1057F00004214FF40072C3F80425D5E7BFBDF07F44
:1058000083DE1B430050085000200E50080000802B
:10581000A42E0020A02E00200D00008000200850A3
:105820000E0000800F00008000A0085009000080DA
:10583000024BD3F8D425D3F8D005704700200E5082
:1058400001230249024A4B605363704700500850DD
:1058500000E0105070B44FF4C056094B094C0A4A8E
:105860000A490B4DC3F84405C2F80C43C3F8C440C1
:10587000C3F8C411C2F81011C5F8046570BC7047B4
:10588000005008500B00008000A008500C00008061
:105890000020085009490A480A4B0B4A10B4C1F8C5
:1058A0000003C3F8C000C1F80C234FF44061074C5B
:1058B000C3F8C420C4F8041510BC704700A00850F9
:1058C0000A000080005008500B00008000200850A3
:1058D000014BD3F84405704700500850014B186045
:1058E000704700BF982C0020014B1868704700BF1C
:1058F000982C0020014BD3F8400570470050085009
:10590000704700BF014B1868704700BFA02E0020F1
:105910000020704713460122FFF74ABA0A460121C8
:10592000FFF710BB38B50223104CC4F80433D4F889
:10593000043163B92025EFF3118085F31288BFF39A
:105940006F8F05F073FCD4F80431002BF3D00220E4
:105950004021064B064AC3F80803C2F88811D3F861
:105960000801B0FA80F0400938BD00BF0060045063
:1059700000E100E0034BD3F80004003818BF012019
:10598000704700BF0060045001210022024B5960A3
:10599000C3F80025704700BF006004502DE9F04FA8
:1059A0000325354B354ED3F8D02E354B354C9E6004
:1059B00006F180761E61961C05325E60DA60C4F8DE
:1059C0000055002855D002242F4E0219181D40F80A
:1059D000341003EBC40501349442AE6001F11001B0
:1059E000F5D100254FF0FF3A4FF001084FF0400E7F
:1059F0002449DFF89890DFF898B003EBC202956075
:105A00005560C3F860B0C3F800A0C1F83005C1F814
:105A10003895C1F80885DB65C1F80051D1F800312F
:105A2000154CC1F80451D1F80431C1F80851D1F82E
:105A30000831C4F894EED4F80034DFF858C043EAD3
:105A40000E03C4F80034C4F83852D4F83832124F78
:105A5000124E134B134AC4F838C3C1F880C0C7F8BC
:105A600004E5C6F898C0C2F898C1C3F804E5BDE8DB
:105A7000F08F0222181DB4E700A008500300000BAD
:105A8000CC2B0020006004501000000D282C0020BA
:105A90000400000B06000080002004500030085075
:105AA0000020085000300450014B1868704700BFB8
:105AB000CC2B00200023402010B4064A064C074996
:105AC000C2F83832D2F83822C4F80035C1F80805D7
:105AD00010BC704700A0085000600450002008501F
:105AE000124BD3F83832FBB101231149C1F804330A
:105AF000D1F800313BB9C82301E0013B03D0D1F814
:105B00000021002AF9D001204021094B094AC3F89D
:105B10000803C2F88811D3F804212AB1D3F8080188
:105B2000B0FA80F0400970470020704700A008508C
:105B30000060045000E100E00139012905D8E320AC
:105B40000AB1EBF755BDEBF761BD00DE704700BF52
:105B500029B10139012905D8E320EBF76BBD1E20DF
:105B6000EBF768BD00DE0020704700BF88420BD015
:105B7000012803D0022809D000207047A1F10200BB
:105B8000B0FA80F04009704701207047A1F1010090
:105B9000B0FA80F040097047012908D0022906D0E8
:105BA00051B94FF08042054BC3F8002170470822DD
:105BB000024BC3F81C21704700DE704700E100E093
:105BC00008B509F0CBFA08BD032803D8054B185CCB
:105BD00028B1704700DE034B185C0028F9D100DEC5
:105BE000704700BF041C0200013810B41C46042892
:105BF00006D8DFE800F008111A23030004292FD08B
:105C000000DE10BC70470429FAD1194B02219C60B8
:105C1000002010BCF1F7BEBF0329F1D10121154BC3
:105C200008469C6010BCF1F7B5BF0429E8D1124BBF
:105C300002219C60012010BCF1F7ACBF032908D001
:105C40000429DDD102210D4B08469C6010BCF1F700
:105C5000A1BF0B4B01219C60022010BCF1F79ABF41
:105C6000084B02219C60032010BCF1F793BF00BFDA
:105C700094050020840500207405002054050020B0
:105C8000640500204405002001460A20FFF750B8B3
:105C90002DE9F0434FF0100E012400224FF0070CC5
:105CA000374B00EB0E0800F1200700F1300600F141
:105CB00040055C60016809BAC3F81C15416809BA5F
:105CC000C3F81815816809BAC3F81415C16809BA70
:105CD000C3F81015C0F8308080F834E080F8352023
:105CE00080F8362080F837C080F8382080F83920D6
:105CF00080F83A2080F83B2080F83C2080F83D2056
:105D000080F83E2080F83F20076480F844E080F867
:105D1000452080F8462080F847C080F8482080F869
:105D2000492080F84A2080F84B2080F84C2080F8E9
:105D30004D2080F84E2080F84F20C3F83065C3F81E
:105D40003855C3F80021C3F804211C6005E0D3F8DE
:105D5000041131B9D3F8301519B1D3F80011002965
:105D6000F5D05C60D3F804110029A2D1D3F83095A6
:105D7000B9F1000F9DD0C3F83015BDE8F08300BF26
:105D8000007004502DE9F0410126124C4720D4F850
:105D900030756660EBF73AFCD4F80401A7F14005D2
:105DA00040B10021C4F804113046D5E90E32BDE8F7
:105DB000F0411847D4F8003143B1C4F80001A7F10D
:105DC0002001D5E90E32BDE8F041184700DEBDE8FC
:105DD000F08100BF0070045070B5044694B00E46C8
:105DE00015462146102268461C46F1F731FE102266
:105DF00031460DEB0200F1F72BFE6846FFF748FF36
:105E000025B11022284608A9F1F722FE2CB108ADD1
:105E10000FCD20606160A260E36014B070BD00BF70
:105E20000122024BC3F80424704700BF002008E0A1
:105E3000084B70B5C31A0D4607499B1004465943D9
:105E40004022064808F0CEFA2B4601462046BDE81F
:105E500070401847F42E0020B76DDBB6A809020089
:105E6000402373B50B4C0093041B0B460D460A49A7
:105E7000A41061430646094A094808F0DEFA0146C3
:105E800028B130462B4602B0BDE87040184702B03A
:105E900070BD00BFF42E0020B76DDBB6A9E4010091
:105EA000A8090200F8B500220121054640F20510BC
:105EB000EBF7CEFB0F4800F0E9FD0446B8B900F05F
:105EC00005FE2F690C49384605F092F8031E09DBE0
:105ED00001263E642D69084905F11C0005F088F88B
:105EE000031E02DA1C462046F8BDEE64FBE76FF0A5
:105EF0000404F8E725600100081C02001FB5002219
:105F000001236C46CDE902236B46074ACDE90044E4
:105F100008F0C3FA28B943F609520023684601F095
:105F20007BFF04B010BD00BFBBE4010010B5EFF370
:105F30001184202383F31288BFF36F8F074A1368FD
:105F400023F00201DB07116002D4012008F007FCF6
:105F500084F31188BFF36F8F10BD00BF442F002062
:105F60000C22104B014602FB0033002030B4D3E971
:105F70000E529863EFF31180202484F31288BFF34C
:105F80006F8F1C6C04F0C00444F002041C6480F3A6
:105F90001188BFF36F8F1DB12B4630BC02481847E4
:105FA00030BC7047F42E0020A809020010B4EFF3B3
:105FB0001180202282F31288BFF36F8F16490B687D
:105FC00043F0020413F001030C6017D0134BD3F815
:105FD0000C3413F4803311D0EFF3118182F3128863
:105FE000BFF36F8F0E4A136C03F0C00343F002033C
:105FF000136481F31188BFF36F8F012380F311883D
:10600000BFF36F8F1BB1002010BCFFF7A9BF0120A9
:1060100010BC08F09CBB00BF442F002000E01050D3
:10602000F42E0020022808D0042808D1044B186C54
:1060300010F0070003D1FFF793BF0120FBE7704783
:10604000F42E0020C3B21C20014A00FB032070473D
:10605000F42E0020074BD3E8EF2F42F00101C3E8F4
:10606000E01F0028F7D1930702D4012008F06FBB8E
:10607000704700BF442F002010B5EFF31184202398
:1060800083F31288BFF36F8F074A136823F001016F
:106090009B07116002D4012008F061FB84F3118892
:1060A000BFF36F8F10BD00BF442F00202DE9F041DA
:1060B000012280463549D1E8EF3FC1E8E02F0028B2
:1060C000F9D133B9324933484B60CB608A6004F070
:1060D000A2FF08F1FF33012B4BD8B8F1010F06D115
:1060E0002D4BD3F8503403F00303012B41D009F0BA
:1060F00035F8054650B1EFF31186202383F312885B
:10610000BFF36F8F0125244C244F20E0244B1B78D4
:10611000002BF0D00422204B0646C3F80823F2E7F8
:106120004DB3304605F082F8D4F8403413F0FF0345
:106130000DD1D4F8082152B1C4F80831D4F808318F
:1061400020220123C4F84034C7F8A0212361D4F8E9
:106150004C24D4F84C34D203E2D503F00303012BD2
:1061600002D0B8F1010FDBD155B186F31188BFF32E
:106170006F8FBDE8F0810021202009F08CF8D3E773
:106180000422054BC3F80423F3E700BFF02E0020E0
:10619000E02E0020102F002000E0105000E100E071
:1061A0004137002008B5074808F03DFD38B10648E2
:1061B000EBF76CFD0448EAF72DFE002008BD6FF0F8
:1061C0001200FBE7340A0200CD6101000A2838B54D
:1061D0000446074D04D1AB680D2128465B689847FB
:1061E000AB6803485B68E1B29847204638BD00BF02
:1061F000340A02002DE9F04340F206354768D00624
:1062000048BF4FF0030C3B7C02EA050558BFC2F3C0
:10621000401C87B001F01F06B5F5837F144646EA9F
:1062200043168DF803C045D00DD8062D44D005D8AF
:10623000A5B1022D12D06FF0150038E0B5F5807FC2
:10624000F9D101250AE040F20222954236D0B5F597
:10625000407F35D0B5F5007FEDD10425220331D53F
:1062600001237A688B405360B86890BB5F2E06F0BC
:106270001F034FEA561175D83C4A52F82120C4F347
:10628000004102EB8302D2F8803081F00101C4F3B7
:10629000404423F4706344EA410423F00F031C4399
:1062A00044EA8C0444EA0524C2F88040002007B088
:1062B000BDE8F0830925D1E70825CFE70625CDE71E
:1062C0000525CBE7630341BF01237A688B409360C8
:1062D000CAE731460DF1020208F014FC14F4403F05
:1062E00080460CD13146B86808F025FCB8F1000FA3
:1062F000DCD19DF80210B86800F0F0FFD6E74FF04F
:10630000000901ABCDE90199CDE90439CDF80C9034
:106310003146B86803AA08F03EFB4845C6DB14F4D2
:10632000003314D09DF80330C4F3004484F001041A
:106330008DF80E308DF80C508DF80D404B463146DF
:10634000B86803AA00F01CFF0028CFDAAEE7CDE959
:1063500004330DF1030303933146B86803AA08F030
:106360001AFBF1E7203350F82330FFDE241C020033
:106370004209022A034670B503D0012A18D0CAB1D7
:1063800070BD0E4E326951680029F9D0012503F025
:106390001F030C689D400029F2D08A682A4002D071
:1063A00030464B6898473CB1236821461C46F2E7CB
:1063B000034EE7E7034EE5E72346F6E7FC09020054
:1063C000E0090200C409020038B54568A868C0B1F8
:1063D00008F0ABFB0146A0B9A86800F047FF0446EF
:1063E00088B902460949A86808F089FB22460121BC
:1063F000DB20EBF72DF92246012140F20D10EBF7DF
:1064000027F9002038BD6FF00400FBE7716301003D
:10641000F0B545681646A8682A7C01F01F0487B0CD
:1064200044EA4214002868D0B6F5001F04D1214682
:1064300008F0D3FB002051E00020B6F5800F01AA40
:106440000190506039D1B3F1007F14BF05230423BC
:106450008DF804300023CDE904230393EB680DF19C
:10646000030723FA01F111F0010139D1B6F1A07F40
:1064700036D104F01F035F2C4FEA541003F12003C0
:106480003ED8214A52F8202052F82330DB0727D487
:106490003A462146A86808F035FB163018D0029716
:1064A0002146A86803AA08F076FA002816DB012224
:1064B0002146A86808F041FBBCE7B3F1C06F05D0E6
:1064C000B3F1007F14BF01230223C1E70323BFE719
:1064D0003946A86800F00CFF0028E0DA07B0F0BDEC
:1064E0003A462146A86808F00DFB0028D8D19DF84F
:1064F0000310A86800F0F2FED2E76FF08500EDE728
:1065000051F82330FFDE00BF241C0200036803F0B3
:106510001F025F2B02604FEA53129ABF024B53F8DF
:1065200022000020704700BF6C1C02002DE9F74FCD
:10653000154606464FF0010800EB8101B14203D138
:10654000002003B0BDE8F08F3268C2F3C323082BEC
:10655000C2F3080400F2A0805148C75C40F2FF1368
:106560009C4208BF4FF0FF34B2F1D05F4FEA126394
:1065700010D2192B12D8DFE803F014233734282F58
:1065800034111111111111111111111111111111D8
:106590003A717477382B6AD04E2B25D06FF0850076
:1065A000CFE7C5F80446621C56D001A80194FFF756
:1065B000ADFF019B4FF0010908FA03F3436029E0A6
:1065C000C5F80C464FF0000A62E04FF00009C5F82C
:1065D0000046601C16D13FE04FF00109C5F80446A3
:1065E000F7E7C5F80846EDE7C5F81046DBE7C5F85C
:1065F00060457388621C03F001032DD0002BD4D1B9
:106600004FF0010901A80194FFF780FF019B08FAF0
:1066100003F383604FF0010AD6F800B001A81BF421
:10662000004F1CBF4FF001094FF0000A0194FFF723
:106630006DFF019B1B4C00EB8300D0F88020CBF357
:10664000412B3B0243EA8B0343EA0A0314402343F2
:1066500043EA4903C0F8803004366FE7C5F8644563
:10666000C7E7C5F86845C4E7C5F86C45C1E701A8A8
:106670000194FFF74BFF4FF0010A019B00EB8300F1
:10668000D0F8803023F0E04343F08043C0F88030FE
:10669000631CE1D0D146BFE76FF0150051E700BFA2
:1066A000782F0200F0F0FCFF2DE9F04104460D4682
:1066B000476808F053FD88B12021EFF311831A4693
:1066C00081F31288BFF36F8F60680068D0F83001E3
:1066D000D0B983F31188BFF36F8FEEE71E4B1B78A1
:1066E000002BE9D04FF02008642663681B68D3F8BC
:1066F0003031FBB9012007F0F3FF013EF5D1002155
:10670000202008F0C8FDEFE77B6A00201D70636859
:10671000796A1B68C3F83C170121C3F84017C3F816
:106720003001D3F83001196582F31188BFF36F8F00
:10673000BDE8F081EFF311831A4688F31288BFF3A6
:106740006F8F61680968D1F830110029DCD183F3BB
:106750001188BFF36F8FD2E74137002070B40F4C20
:10676000D4E90015501A63EB0506400940EAC660FB
:106770002026E0FB0615C4E9001500240025084981
:10678000C1E90023074BC3E90045EFF3118186F30C
:106790001288BFF36F8F70BC02F098BA40140020CB
:1067A000281400203814002008B500220121E4201C
:1067B000EAF74EFF164A0020D2F8183723F4403388
:1067C000C2F8183700F0DCFE002820DB0120114958
:1067D00000F062FF00281ADB00F0ACFE0E4B20F048
:1067E0001F00C3E900010D4B0022C3E900014FF077
:1067F000FF304FF0FF310A4BC3E90001094B0A4952
:10680000187A00F0A7FE67220020084B1A6008BD26
:1068100000200E50AC050020401400202014002061
:1068200028140020A40500205D670100742F0020BB
:1068300008B500F07FFE064AD2E90032C01A054BC7
:1068400061EB0201C3E90001400940EAC16008BDF3
:106850004014002038140020F7B5224B0146224F87
:10686000187A224BD7E90056D3E900239E4208BF8D
:10687000954211D1B1F1806F0ED24901012938BF83
:10688000012101224D1946F10006C7E9005603B067
:10689000BDE8F04000F086BF154BDFF858C0D3E9E3
:1068A0000043DCE9002CA41843EB0C0C4FF0200E45
:1068B00022466346C1FB0E23954276EB0301C7E9EE
:1068C00000230DD2291B66EB0C04C82974F10004C7
:1068D000B4BF01210021009100F02EFF03B0F0BDF4
:1068E0000021F8E7A405002030140020281400201F
:1068F0004014002038140020064BD3F840231C2AF3
:1069000005D1D3F84403431E584258417047002034
:10691000704700BF00C0FF0003689A070CD50368EA
:10692000DB070DD50922074BC3F80C250F22C3F84E
:10693000042501221A60FEE7034B0360EF3B03606E
:10694000704700BF00801050F000FA5008B50123D6
:10695000404A4148C2F80038404AD2F840231C2A35
:1069600004BF3F4AC2F80C34FFF7D6FF0830FFF7E8
:10697000D3FF0830FFF7D0FF0830FFF7CDFF00F559
:10698000F470FFF7C9FF374AD2F88C3043F4406304
:10699000C2F88C300022D30003F57F0303F5404397
:1069A000D3F8001401310AD0D3F8001439B1D3F868
:1069B00000140132D3F80434402A0B60EBD1254B8C
:1069C000D3F84024002A41D0FFF796FF48B1234B6B
:1069D000D3F83423244B9A429EBF1E4B234AC3F85C
:1069E0004026FFF789FF18B1214B224AC3F8AC2794
:1069F000FFF782FF48B13422164BC3F82426D3F8A0
:106A00003C2622F40022C3F83C261B4B1549D3F840
:106A10000026D20744BF6FF00102C3F80026174BCF
:106A2000D3F8182522F00302C3F81825D3F8182547
:106A300042F00302C3F81825D1F88C2042F44062DA
:106A4000C1F88C200022C3F8A02508BDC822C3F8D5
:106A50004024B9E70000125000C50D5000C0FF00EF
:106A60000030055000ED00E0001D0A1840E0A91EAE
:106A700000A0085078000A0400E0105000B0045054
:106A8000014B1B68184700BF782F002010B50C4C35
:106A9000237993B9012323710A4B0028206018BF82
:106AA000184600F0F3F850B923680748002B08BFD8
:106AB0001846BDE8104000F035B86FF0770010BD03
:106AC000782F0020816A01004BE7010008B5074BD1
:106AD0001B6853B140F20510EAF7ACFD28B9BDE8D8
:106AE000084040F20510EAF783BD08BD782F00206A
:106AF00038B504230A4C42F21075C4F80833012358
:106B000063610023C4F80831D4F80831D4F84C3458
:106B1000DB0304D5012007F0E3FD013DF6D138BDCC
:106B200000E01050064A13793BB901211060117141
:106B3000044A1846C2F8403470476FF07700704737
:106B4000802F002000E0105010B51D4B1D4CD3F8D5
:106B50004C14D3F84C2411F4803F19D002F00302F6
:106B6000012A01D08AB90022154BC3F84024002223
:106B7000C3F80821D3F8082101221A6122688AB9D2
:106B8000D3F80821002AFBD014E0FFF7B1FFEAE7B1
:106B9000D3F84824D107E6D5D3F850249207F4D48B
:106BA00022681AB10422C3F8042310BDD3F80821C7
:106BB000002AFBD00022C3F80821D3F80831F4E7FB
:106BC00000E01050802F0020F8B50125184C194E18
:106BD000D4F80C3303F00C0303B9F8BDB3FA83F314
:106BE0000027C3F11F039A0002F5807292B202F1EE
:106BF000A04202F58712176005FA03F1022B126812
:106C0000D8B2C4F8081310D1D4F84C34D4F84C34AA
:106C10009B070AD10423C4F84054C4F80433256107
:106C2000D4F80C3303F00C03D6E733689847F7E742
:106C300000E01050802F0020712238B5104B002149
:106C4000C3F80823012242F210745A60C3F80011FD
:106C5000D3F800110B490A4DD1F840131C2908BF85
:106C6000DA60D5F80C3413F4803305D0012007F036
:106C700037FD013CF5D138BD034A5371FBE700BF36
:106C800000E0105000C0FF00882F0020054B024696
:106C9000187918B91A6001221A7170476FF07700DD
:106CA000704700BF882F00200022164BC3F8102128
:106CB000D3F81011C3F81821D3F81811C3F8142110
:106CC000D3F814111049D1F840131C2904BF012135
:106CD0009960C3F80021D3F8002101221A600B4A01
:106CE000126852B9074BD3F80021002AFBD00022CA
:106CF000C3F80021D3F8003170477122C3F8042390
:106D0000704700BF00E0105000C0FF00882F002037
:106D1000F8B50126194C1A4DD4F80C3303F0710361
:106D200003B9F8BDB3FA83F30021C3F11F039A003E
:106D300002F5807292B202F1A04202F58712116050
:106D400006FA03F7042B1268D8B2C4F8087308D007
:106D5000062B10D02B689847D4F80C3303F071033E
:106D6000DEE702236B71C4F81411D4F81431202328
:106D7000C4F80433EEE76971ECE700BF00E010509F
:106D8000882F00201022054911F8013D013A0133F6
:106D90000B701B0A01D0002AF6D17047781400202E
:106DA000254B90B004931123244A2549CDE90623AD
:106DB00008AB059340F61102224BCDE90A12089365
:106DC00020330C9321230CAA09921F4A0090CDE98D
:106DD0000E230123CDE901320D9320231B4A039397
:106DE000D2F8003443F00103C2F800344FF0A3435B
:106DF00004AA1A600322C3F810D05A63BFF35F8F4E
:106E00009A639A6A12F0240F12D1D86B10F0230003
:106E1000F7D14FF0A34310225A6300225A630B4A62
:106E2000D2F8003423F00103C2F8003410B07047E8
:106E30004FF0FF30EDE700BFC81C02000400002047
:106E40002000002048140020100000200080045082
:106E50002DE9F04104464FF000088CB06F4608EB76
:106E60000700FFF78FFFFFF79BFF6D46064608BB45
:106E700008F11008B8F1300FF0D11CB104F1300264
:106E8000944210D10FCD0D4C0FC495E80F0084E84B
:106E90000F0010340CAB13E90F0084E80F003046EC
:106EA0000CB0BDE8F081396854F8043B4B4047F81A
:106EB000043BE5E74FF0FF36F1E700BF4814002040
:106EC0002DE9F04119B1002855D0402956D80024A9
:106ED0004FF48076A6464FF400772A4ADFF8A8C020
:106EE000D2F8003443F00203C2F80034274A284B9A
:106EF00082F839E01E601C645C645F63C3F800C004
:106F00001D6B15F00E0FC5F34208F9D0B8F1050F4F
:106F1000EED092F839508DB95D68032DF0D9D3F8D1
:106F200080501D61D3F880505D61D3F880509D6121
:106F3000D3F88050DD61012582F839505D68B1EBEE
:106F4000850FDDD8124A61B1D2F88030041D00F8F7
:106F5000013B84424FEA132301F1FF31F3D00029B2
:106F6000F5D10020074AD2F8003423F00203C2F81A
:106F70000034BDE8F0816FF01500FAE76FF006000D
:106F8000F7E700BF0080045001000400481400200F
:106F90000010805130B58DB030216846FFF790FF6A
:106FA00018B14FF0FF300DB030BD6846FFF750FF0D
:106FB0000028F6D101240025014BC3E90C45F2E776
:106FC0004814002010B50B4C94F83830012B0BD02E
:106FD00040220021204609F020FCFFF7DBFF30B9FA
:106FE000012384F8383010BD6FF07700FBE76FF0B5
:106FF0008B00F8E748140020F0B505460C4685B034
:1070000021B1002835D0B1F5803F32D81A4E736BCC
:10701000B3F5803F18D3FFF7BDFFA8B16FF08B0029
:1070200005B0F0BD102C6846274628BF1027FFF793
:10703000A9FEFFF7B5FE0028F0D128463A4669467A
:1070400009F0C5FBE41B3D44002CEBD12046FFF7C3
:10705000FFFE0028E2D1D6E90C32013342F10002F2
:1070600021462846C6E90C32FFF72AFF0028D7D070
:10707000D4E76FF01500D3E748140020036803F04D
:107080001F025F2B02604FEA53129ABF024B53F864
:1070900022000020704700BFCC1C0200034A4309B5
:1070A000D35C00F01F001844C0B27047812F02006B
:1070B000F0B50646002487B0114F019117F8012B57
:1070C00006AB03EBD20313F8143C02F00702D340E3
:1070D00013F0010306D10134032CEFD1002318462D
:1070E00007B0F0BD074A03AD07CA85E8070055F8A9
:1070F00024100A6A46F824200A62002AEBD0EEE740
:10710000912F020014140200F7B504460846FFF759
:10711000C5FF04EB4006B38A0D46DB072AD520469F
:1071200007F017FC2946204607F084FB50B12046A3
:1071300007F096FB0023276807EB8000C0F81035A6
:10714000C0F810352946204607F0B3FB002101A8FE
:10715000B1820195FFF792FF019B00EB8300D0F80D
:107160008020064B134043F00203C0F880300846ED
:1071700003B0F0BD6FF01500FAE700BFF0F0FCFFC0
:107180002DE9F043044685B0084615461F46FFF733
:1071900085FF0E46804625B3204607F056FB18B9FA
:1071A000204607F047FB18BB04EB4809B9F8143038
:1071B00003F01C0313B16B78012B19D001238DF858
:1071C0000F3000233046CDE900536A1CAB1C0DF193
:1071D0000F0107F0D7FAB9F8143043F00303A9F808
:1071E0001430002F3ED03146204607F02EFB20B948
:1071F0006FF0150005B0BDE8F083002239782368F0
:107200004FEA810C03EB8103C3F81025C3F8102566
:1072100004EB4802938A23F4604323F02003938213
:107220007D78FDB12468B8786444D4F810750E4BAD
:107230002D043B40C4F8103541F6F07305F4403599
:1072400003EA06130005D4F810752B4300F48010F0
:1072500003433B43C4F81035938A43EA413343F078
:10726000200393820020C5E70FE0ECFF70B590F893
:107270007440054690F8756044BB462221461430A0
:1072800009F0CBFA2146134A2B6852F836608E4239
:1072900012D1002440F20D10C3F84441D3F8442128
:1072A0000D4A934208BFDB20EAF7A2F901232046EA
:1072B00085F874302B6670BDCAB2920002F58070FA
:1072C000442A04BF1C501A580131E0E76FF07700E0
:1072D000F1E700BFD81C020000A00D5090F8750027
:1072E000024B03EB800007F017BA00BFB405002083
:1072F00010B5064B90F875000C4603EB800007F0C4
:10730000F1F90028A4BF2070002010BDB4050020B2
:107310002DE9F04F804658F804BB90F87540DBF833
:1073200014136A4BC9B253F8342007468BB0584641
:1073300041F4003107F0E6FA8203054639D500230F
:10734000CDE907330993614BE60003EBC40463689E
:1073500007A819460093FFF7ABFE331D03934FF0C8
:10736000000A5B4B0DF11C090293029A574912F86F
:10737000013B0292039A02EBD3028A5C03F00703FB
:1073800022FA03F3DB071AD40AF1010ABAF1030F58
:1073900009F10409E9D14FF400310022584607F001
:1073A000B1FA009907A8FFF783FE0028D7D125F48A
:1073B00000350124002D73D10BB0BDE8F08F454B93
:1073C00053440493D9F80060002EDDD096FAA6F657
:1073D000B6FA86F6049B1C7846EA44142046FFF76A
:1073E0005DFE07EB4000818AF208C1F3820305933A
:1073F0000193012319F8020006F0070603FA06F6C6
:1074000020EA060009F8020006A80694FFF736FEF7
:10741000069A11F0100F02F1200250F82260059B2D
:10742000C6F3014623D04046019A214607F022FACE
:1074300006A80694FFF722FE069BF6B2203350F80A
:107440002330C3F301439E4207D10021204607F0B9
:10745000E2F93146204607F0DEF906A80694FFF768
:107460000DFE0122069B02FA03F30362AAE7022E35
:1074700014BF022103212046059307F0CCF9059B98
:10748000032B03D0022E07D1012BE6D12146404623
:10749000019A07F0EFF9E0E7032EDED1022BF4E7C3
:1074A00095FAA5F3B3FA83F304FA03F225EA020589
:1074B00003F5A2725BF8222007EB43034046B3F8C2
:1074C0006410C2F3014207F0D5F973E7D81C02003B
:1074D000912F0200912F02000123034A03FA00F0CA
:1074E00093680343936070476001002073B50446BE
:1074F0000191EFF31186202383F31288BFF36F8F7E
:107500000B4D019B6A6801A81340019307F0EAF84C
:10751000002807DB01226B68824023EA02036B60CC
:107520002070002086F31188BFF36F8F02B070BD0A
:10753000600100204FF0FF326FF0404330B5044C43
:10754000D4E90001824273EB0105F9D330BD00BFDD
:1075500040270E5030B50C25074B1C1894F85440AA
:1075600005FB0433C3E9031218750123034A834062
:10757000C2F8243330BD00BF6001002000200E504F
:10758000F8B53E4C2278002A72D13D4BD3F8101545
:1075900021F00201C3F81015D3F8101541F00101D4
:1075A000C3F810150521C3F8A4160421C3F8AC16BE
:1075B0000723672101F001000244013BD2B24FEAE8
:1075C0005101F7D1052A56D119464FF0010C2B4E27
:1075D00000256720CFB204E00CFA02F220EA020094
:1075E000013590FAA0F25FFA85FEBE45B2FA82F24A
:1075F000F2D3013132750529224482F8547006F124
:107600000C06E5D1012100251E489A0801FA02F274
:1076100012F0670F18BF1D500433302BF5D1E42052
:10762000E9F7E6FF164B1849D3F8102503F5C073A8
:1076300022F00202C3F8902340F6FF72C3F8A8219B
:1076400000221A60A3F5807004338B420260F8D1E7
:1076500001250B4B0D4A1D660D4B5D201B68B3FBCE
:10766000F2F358430B4B2B43984700202570F8BD8D
:107670006FF07700FBE76FF08B00F8E76001002008
:1076800000200E5000210E50B0210E5040420F003D
:10769000B00500207014020038B5244B0D46D3F815
:1076A000102594073CD4D3F8102542F00202C3F809
:1076B0001025C0B1D3F8482712F0010202BFD3F859
:1076C000481741F00101C3F84817184BD3F8401789
:1076D000D3F844174800F9D42AB9D3F8482722F040
:1076E0000102C3F84827124B124A1B68B3FBF2F39E
:1076F0000E4A03EB4313B3B1D2F84017D2F8441744
:1077000049000BD44FF0FF312846FFF7EFFE044647
:1077100010B92878FFF7E0FE204638BD013BEAE7C4
:107720006FF07704F8E76FF07304F5E700200E5070
:10773000B005002040420F0070B51E461546174A9E
:107740009DF81010131893F854300C3302EBC30457
:1077500042F833506660C6F313020401A1B104F18C
:10776000A04404F56224C4F82055C4F824250C4C28
:1077700080000444236833B1FFF7DCFEA842B14126
:1077800001D20023236070BD04F1A04303F56223FE
:10779000C3F82055C3F82425F5E700BF6001002099
:1077A00000210E50F0B50E4D2B1893F85430000107
:1077B0000C3355F8334005EBC3077E68641800F1BD
:1077C000A04021F0004146F1000641EAC27100F5F7
:1077D000622045F833407E60C0F82815F0BD00BF38
:1077E00060010020F7B5284B284CD3F82C6304F136
:1077F00088070EB903B0F0BD96FAA6F00123B0FADF
:1078000080F08340DA43224926EA0306231893F8DE
:107810005450830019440C2303FB0543DB6873B306
:10782000D7E8EF3F03EA020CC7E8EECFBEF1000F46
:10783000F6D1C340DB0719D5020102F1A04202F5DF
:107840006222D2F82435D2F82025D1F800C0BCF14C
:10785000000FCED04FF0000CC1F800C00C2101FB8E
:10786000054529690091E9688847C2E705F10C03DD
:1078700004EBC30C54F83320DCF80430E5E70A6865
:10788000002AB6D00B60B4E700200E506001002043
:1078900000210E50F8B50F4614461D46084E3046DE
:1078A00007F0C1F910B96FF08300F8BDB36839462D
:1078B00030461B68A2B298470028F4D12C60F4E748
:1078C000180A020038B5EFF31185202383F31288DC
:1078D000BFF36F8F064B9C6807F0B8F985F31188EA
:1078E000BFF36F8F2046BDE83840E9F743BF00BFC4
:1078F000902F002038B50A4B53F82040013053F840
:107900002050A54200D838BD606830B1037EDB0747
:1079100001D407F070F90834F3E723689847FAE7D1
:10792000E81C0200012270B5294B86B003201A70B2
:10793000FFF7E0FF01F06CFA0420FFF7DBFF254CB6
:10794000254D2646AE4204F130040FD300F006FF69
:10795000204CAC4226D300F015FFE9F739FA1F4A54
:10796000938923F00103938106B070BD54F80C3C59
:10797000059354F8103C049354F8143C039354F8C2
:10798000183C029354F81C3C019354F8203C00939B
:1079900054E90A2354E90C0100F0EEFC54F8303CA1
:1079A0005E65CEE7D4E90A23B3F1FF3F08BFB2F129
:1079B000FF3F05D052EA0301206803D107F087FC9E
:1079C0003034C6E70649183001F0F0F8F8E700BF98
:1079D00041370020E8120200481302000815002079
:1079E00025F201000023012270B586B0CDE9042301
:1079F0000F220193CDE9023214234FF4A0720E4DF1
:107A00000E4E03FB00550E4906EBC016044602FB62
:107A100000110C4B3046009500F0AEFC337C2C740A
:107A200023F004033374084B013403EBC423EE60EA
:107A30006B6006B070BD00BF902F0020881400203E
:107A4000D05B00204DED0100D05300207FB5002019
:107A5000FFF750FF284B03F5006282F3088883F399
:107A60000A880024E023254D85F82230EC772C7617
:107A70006C76AC7685F820406B6A43F4E0236B6249
:107A800085F82340E9F76CFDE9F75EFE4FF0FF3320
:107A9000AB62EB62EAF740F8E9F7DAFE184800F06B
:107AA000D5FC0120FFF726FF0220164DFFF722FF2D
:107AB00000F092FE144B4FF480625D61134B144949
:107AC000059301232846CDE90343CDE90144114B39
:107AD000009400F051FC06462B7C284623F004035A
:107AE0002B7407F07CFB2046FFF77CFF31462846CD
:107AF000084AE9F709FE00BFD053002000ED00E07E
:107B00002816002008150020902F0020E92D0200E3
:107B1000105D00202579010038B5064C064DAC42B9
:107B200001D3002038BD2046D4E9011207F091F8B6
:107B30001434F4E7380600203806002038B5074C26
:107B4000074DAC4201D3002038BD204607F0A5F810
:107B500008B91C34F5E76FF01500F5E7E4050020DF
:107B60003806002073B50C46EFF31181202585F30C
:107B70001288BFF36F8FC5685DB125602B68C36045
:107B8000836901338361002081F31188BFF36F8F14
:107B900011E052EA030603D16FF00B002560F3E712
:107BA000CDE900230246083000F036FD18B9034B3A
:107BB0009B685B69236002B070BD00BF902F0020FE
:107BC0002DE9F341044617461E46EFF311882023A2
:107BD00083F31288BFF36F8F304BC2689B6872B11A
:107BE0008068984217D057EA060216D188F31188A8
:107BF000BFF36F8F6FF00F0002B0BDE8F08193F913
:107C00000E1001322161C4E9023288F31188BFF3FA
:107C10006F8F0020F0E72169F3E793F90E1090F9D8
:107C20000E30994230DA9942A8BF194607F099F808
:107C3000054622464146CDE90076194800F0ECFCA5
:107C40000028E6D0EFF31186202383F31288BFF3D8
:107C50006F8FA068D0B1236821699C420AD04BB1D4
:107C600093F90E309942A8BF19466FF07F039942ED
:107C7000B8BF194607F075F840B13146084807F01B
:107C8000E1FA6FF00A00B7E70025D2E7002DF4D142
:107C900086F31188BFF36F8FF3E700BF902F0020AA
:107CA00042370020F8B583680546002B3FD0234AB1
:107CB000926893423ED1C368012B03D9013BC36054
:107CC0000020F8BDEFF31187202383F31288BFF360
:107CD0006F8F0169806807F044F82C68A54207D1CE
:107CE0000023C5E9023387F31188BFF36F8FE7E7FD
:107CF000002CF5D0D4E90032002613605A60237CB2
:107D0000C4E9006623F002032374A66004F118009E
:107D100007F036FBAC6094F90E3020462B61A66765
:107D200007F05DFA3946064807F08CFAC8E76FF0AD
:107D30001500C6E74FF0FF30C3E700BF902F0020CB
:107D40004237002073B51546EFF31186202282F3E7
:107D50001288BFF36F8F0468B4B12368426823F0C0
:107D60000303944208BF4360036023689B0704D069
:107D70006568204607F085FB2C4686F31188BFF323
:107D80006F8F204602B070BD55EA0302F5D000F1B6
:107D9000080231461046CDE9005300F03DFC0028B2
:107DA000EFD1024B9B685C69EBE700BF902F00208E
:107DB00070B5EFF31186202383F31288BFF36F8F22
:107DC0000468A0421AD0CCB1D4E900320025136077
:107DD0005A60237CC4E9005523F002032374A56094
:107DE00004F1180007F0CCFA2046A56707F0F7F970
:107DF0003146BDE87040074807F024BAD0E90232A6
:107E00009A4218BF0133836086F31188BFF36F8FE6
:107E100070BD00BF4237002013B5EFF3118120245D
:107E200084F31288BFF36F8F846844B1013C84608F
:107E300081F31188BFF36F8F002002B010BD52EAAA
:107E4000030406D181F31188BFF36F8F6FF00F0029
:107E5000F3E7CDE900230246014800F0DDFBECE743
:107E60004237002070B50546EFF31186202383F3D7
:107E70001288BFF36F8F00232C68A54218D0BCB1C5
:107E8000D4E9003213605A600023227CC4E9003335
:107E900022F002022274A36004F1180007F070FAC5
:107EA0006FF00A032046A36707F099F90123E3E77F
:107EB0000022AA6023B986F31188BFF36F8F70BDCB
:107EC0003146BDE87040014807F0BCB94237002098
:107ED00007B5074B4FF48062009306494FF0FF331C
:107EE000054800F06DF9002003B05DF804FB00BF09
:107EF000001D020010610020881500202DE9FF41BF
:107F000004462027534EEFF3118887F31288BFF3FE
:107F10006F8FD4F88450F5B9022104F19C0006F06B
:107F2000FDFF002870D004F19405002201212846AD
:107F300007F0EDF90028F8D100234FF0FF3202934B
:107F40004FF0FF334146CDE90023434804F18C0252
:107F500000F06CFDD7E7D4F888202B689542C4F870
:107F6000843008BFC4F88830D4F89C3043F0020352
:107F7000C4F89C30EB6823F0040343F00103EB608A
:107F80006B6888F31188BFF36F8F28469847EFF32B
:107F9000118887F31288BFF36F8FEB68D80623F040
:107FA00001023ED4EA60EB689A0717D5306823F0E7
:107FB0000203EB6090B10021036878B142689542FA
:107FC0003DD10368002934D172683360904200D1FA
:107FD0007360002340F8083BFFF7EAFED4F89C30BA
:107FE00023F00203C4F89C30DB0530D4D4F884308D
:107FF000003B18BF012388F31188BFF36F8F002B5C
:1080000081D000F0F1FB7EE7D4F89C30D90693D5FF
:10801000C4F89C0088F31188BFF36F8F04B0BDE8EB
:10802000F08123F01103EB6005F11000FFF7C0FEB3
:10803000B9E70B607368984208BF7160C9E70146F1
:108040001BB11A6818461346B7E71A46FAE7002329
:10805000D1E700BFB02F00204237002070B5C368C1
:108060000546C3F340069B070C460DD501220021AF
:1080700004F1080006F046FF00232360054B65600D
:108080005A681AB9C3E90044304670BD14605C6098
:10809000FAE700BFB02F0020F8B5C36804469A077E
:1080A0000E46C3F3400542D45F0742D40B680BB9B8
:1080B00083680B60E368D80742BFA368022533607A
:1080C000376858BF012557B31B4B9A68D7F88030E3
:1080D0009A421ED107F042F880F00100C0B2D7F8F2
:1080E0009C30D907C3F380021CD5F2B1F8B100234C
:1080F0002360D7F8883073B9C7E92144384606F0C1
:1081000028FFE36843F00403E3603368A360284674
:10811000F8BD0020E3E71C60C7F88840EEE76FF089
:10812000150506E06FF0120503E01B07DFD56FF0C1
:108130000F0500233360EAE7902F0020F8B5C368ED
:10814000064603F00503002B0C4614BF0127002749
:108150001CD085680122002104F1100006F0D2FE37
:108160002046134906F056FFE36843F01003E3602E
:10817000F3685B0712D5336823606BB9D5F8883094
:1081800033B9C5E92144284606F0E3FE3846F8BD78
:108190001C60C5F88840F6E73460F4E7D5F8843011
:1081A0002360D5F88830C5F88440002BEBD1F0E788
:1081B00033EF01000146014806F048BF8815002052
:1081C000F0B50446002089B00E9DC4E9210004F1F9
:1081D0008C00C4E9230004F19400C4E9250055B3E0
:1081E0002879002840F2011008BF0120C4F89C0043
:1081F00000204FF0FF364FF0FF37CDE90330CDE9D7
:108200000100CDE9066720460C4B009400F0F2F81F
:1082100055B1296811B1204606F0A6FF6B791BB154
:10822000A38943F00103A381204607F050F8C4F866
:10823000804009B0F0BD0120D8E700BFFD7E0100FD
:1082400037B501900846EFF31184202181F312889D
:10825000BFF36F8FC16811F01E0F16D153EA0205EC
:1082600008D101A9FFF718FF84F31188BFF36F8FBE
:1082700003B030BD41F00801C16001991030816147
:10828000034900F093FC0120EEE70020ECE700BF7B
:10829000C7EF010001460148FFF7D2BF8815002053
:1082A000F7B50C4616461D460190EFF311872023C3
:1082B00083F31288BFF36F8F084606F03BFE55EA42
:1082C000060309D1204601A9FFF7E6FE87F31188CE
:1082D000BFF36F8F03B0F0BDE368324643F008038D
:1082E000E360019B0449A36204F110002B4600F0F7
:1082F0005DFC0120EAE700BFC7EF0100014601482D
:10830000FFF7CEBF881500202DE9F0410546EFF3B9
:108310001187202383F31288BFF36F8F0468A04274
:108320001BD0D4B10026204606F00BFF04F1180044
:1083300007F026F8B0462046C4F8788006F04FFFD4
:108340002C680136A54210D07CB1204606F0F9FE1B
:1083500004F1180007F014F8EDE787F31188BFF374
:108360006F8F00263046BDE8F0813946014806F09F
:1083700069FFF7E7423700202DE9F043984685B0C2
:1083800000F15803C0E91633109B002683810423B3
:10839000073222F0070503740F9B01EB05090F4616
:1083A00083734946C0E906668660C6730446E8F7EB
:1083B000D5FE0E9B073020F00700A066C4E91875B3
:1083C00002930D9BA9EB000901930C9B4A46009375
:1083D000394643462046E9F77BF9054B66659B68BD
:1083E00003B1DB6E4846E36605B0BDE8F08300BF2D
:1083F000902F0020F0B5002587B00595109DDDE990
:10840000127604950F9D044603950E9D02950D9DD1
:1084100001950C9D0095FFF7AFFFB6F1FF3F08BF38
:10842000B7F1FF3F05D056EA070305D1204606F015
:108430004EFF204607B0F0BD3A46334604F118001F
:10844000014900F0B3FBF4E725F2010001230374B6
:1084500083810023C0E91833C366014B98607047DD
:10846000902F00206FF00A01084A93689967084925
:1084700058674B6843F080534B60002383F31188A7
:10848000BFF36F8F9368986F704700BF902F0020E5
:1084900000ED00E070B590F91020037C002A2FDB7E
:1084A000D9062DD11A4C63F07F032246037452F88B
:1084B000183FE169934207D1C0E900210860E061FB
:1084C0000FE09942F8D01B68002BF5D093F90E60AD
:1084D00090F90E50AE42F4DD5968C0E900310860F1
:1084E0005860A569954200D005B9E568A3681A7C73
:1084F000D20606D1DA897F2A03D9AA690AB963614B
:1085000070BDAB4202D0284600F0D2FA6561F7E7B1
:10851000902F002038B590F910200146002A037CE6
:1085200004DA03F07F03037406F021FE0D4D2A46A2
:1085300052F8184FAB68944200D004B9EC688B42F3
:1085400007D01A7CD20604D1DA897F2A01D9A26920
:108550002AB1A34202D0204600F0AAFA23466B615A
:1085600038BD00BF902F0020B3F1FF3F08BFB2F12C
:10857000FF3F03D00249183000F018BB704700BF1E
:1085800025F20100034648B9EFF3058232B9064AE5
:1085900051699268914201D0FFF764BF83F311885B
:1085A000BFF36F8F704700BF902F002038B5184C75
:1085B000A168E0690B68814214BF1A46002249682D
:1085C0000B605960A368E1692AB9124AC3E9002126
:1085D0000B60E3610AE092F90E5093F90E008542B8
:1085E00012DD5168C3E900210B605360A569094B96
:1085F0009D4200D005B9E568A3689D4202D0284697
:1086000000F056FA656138BD8A42DED01268DBE7B9
:10861000902F0020A82F0020F8B5DDE906670D4B4C
:108620000C46986811460C4A1060EFF31182202224
:1086300082F31288BFF36F8F9D68284606F0A9FD6C
:10864000284632463B46FFF78FFF2046BDE8F840FC
:10865000FFF708BF902F0020B82F0020F8B5044680
:10866000EFF31187202383F31288BFF36F8F037C0E
:1086700049B203F01F02002A0CBF0126002635D1A3
:1086800003F07F032A4D037406F071FD2A46037C34
:10869000817363F07F03037452F8183FE8699342D3
:1086A00007D1C4E900200460EC610DE09842F8D0E5
:1086B0001B68002BF5D093F90EC08C45F6DD596888
:1086C000C4E900310C605C60AC69944200D004B92C
:1086D000EC68AB689C4202D0204600F0E9F96C617E
:1086E00087F31188BFF36F8F3046F8BD9B071CD509
:1086F000856806F03CFD81732B689D4209D16B684B
:10870000C4E900531C606C60EAE76A689A42F6D0DC
:108710001B68002BF3D093F90E208A42F5DD5A68CE
:10872000C4E9003214605C60DAE78173D8E700BF07
:10873000902F0020034648B9EFF3058232B9064A6C
:1087400051699268914201D0FFF78CBE83F3118882
:10875000BFF36F8F704700BF902F0020EFF31181A0
:10876000202383F31288BFF36F8F054B9A68D37B66
:10877000013BD37381F31188BFF36F8F704700BF44
:10878000902F002070B5EFF31186202383F3128819
:10879000BFF36F8F0F4DAB68DA7B0132DA732A4675
:1087A00052F8184F944200D004B9EC681A7CD206F3
:1087B00004D1DA897F2A01D9A2692AB19C4202D068
:1087C000204600F075F923466B613046BDE87040E5
:1087D000FFF7D8BE902F0020024B03F11802C3E927
:1087E00006227047902F002070B5EFF311862023EA
:1087F00083F31288BFF36F8F1A4CA168E0690B688E
:10880000814214BF1A46002249680B605960A36870
:10881000E1692AB9144AC3E900210B60E3610AE067
:1088200092F90E5093F90E00854216DD5168C3E9A6
:1088300000210B605360A5690B4B9D4200D005B928
:10884000E568A3689D4202D0284600F031F96561D1
:108850003046BDE87040FFF705BE8A42DAD01268A4
:10886000D7E700BF902F0020A82F0020F8B550EACE
:10887000010306460C4603D1FFF7B6FF0020F8BD02
:10888000EFF31187202383F31288BFF36F8F124D0C
:10889000124BA8681860FFF73DFEA86823463246D1
:1088A0000F49183000F082F9AA680446137C384654
:1088B00043F004031374FFF7D5FDAB68D3E90A2333
:1088C000B3F1004F08BF002AD8D106F08EFD201A60
:1088D00020EAE070D3E700BF902F0020B82F0020DF
:1088E00025F20100014B9868704700BF902F0020CF
:1088F0002DE9F84304468789EFF31186202383F39B
:108900001288BFF36F8F037C190705D586F3118892
:10891000BFF36F8FBDE8F883D90943F008026FD128
:108920000274A36813B1204606F029FC04F1180074
:1089300006F026FDA56D04F15808A84511D04FF0AA
:10894000000975B1284606F01AFC05F1180006F07A
:1089500017FD2846C5F87890FFF79CFDA56DA84542
:10896000EFD1DFF8BC80D8F808309C4250D1EFF34B
:108970000589B9F1000918BF4FF00109D8F818505E
:10898000284A954200D00DB9D8F80C50AB4202D01D
:10899000284600F08DF82046C8F8145002F02FFC4D
:1089A000B9F1000F02D02048FFF750FDD8F8083089
:1089B0009C4230D1EFF305836BBBA289D20711D55E
:1089C00086F31188BFF36F8F83F31188BFF36F8F26
:1089D0000423184602DFEFF31186202383F3128865
:1089E000BFF36F8F3046FFF73DFDFB0792D50023A5
:1089F00083F31188BFF36F8F0423184602DF89E7E2
:108A000003F07F0343F00803037406F0B0FB88E72C
:108A10004FF00009B2E786F31188BFF36F8FE4E7E8
:108A2000902F0020A82F002028160020D3B5DDE9C4
:108A30000667089CCDE90067FFF7EEFD1CB1034B0C
:108A40009B685B69236002B0D0BD00BF902F0020FF
:108A5000027C034612F01F0210D10A4988420DD051
:108A60000949086868B1D9897F2909D893F90E2086
:108A7000064B1B689A42B8BF002070470020704721
:108A80001046704788140020BC050020BC2F002031
:108A90000122044BC01A044BC0105843034B1A5414
:108AA000704700BFA8160020ABAAAAAA4237002030
:108AB00070B50C4B0C4D1E7CFFF7CAFF182303FB4F
:108AC00006550446284606F05BFC0022074B9A55E3
:108AD0003CB1621E2846BDE870400549D31700F03E
:108AE00065B870BD902F0020A816002042370020E6
:108AF000918A010038B5EFF31185202383F31288A2
:108B0000BFF36F8F0F4B104A9C681068A04206D1CC
:108B1000FFF7CEFF85F31188BFF36F8F38BD0021BB
:108B20001B7C1160094AD35C002BF3D02046FFF771
:108B30008FFF0028EED0237CDB0601D1FFF736FD46
:108B40002046E5E7902F0020B82F00204237002074
:108B5000024B1868984208BF00207047C0050020EB
:108B6000034B1B680BB9FDF763BE0020704700BFC5
:108B7000C02F002030B570B10B4B5B6898420AD013
:108B8000036843B1D3E90421D0E90445121941EB4C
:108B90000501C3E90421D0E9003213605A600023C3
:108BA000C0E9003330BD00BFC0050020B3F1FF3F76
:108BB00008BFB2F1FF3F2DE9F84F0446994615462C
:108BC0001F467AD08160EFF31188202383F3128847
:108BD000BFF36F8FB9F1000FDFF8E4A020DBFFF7E0
:108BE000BFFFDAE90027013549F100092D1849EBEB
:108BF000E07306464FF00109C4E90453AD1843EB96
:108C00000707FFF7A5FF0346DFF8B8E0DEF804A08A
:108C1000EBB9C4E900EACAF80040CEF8044028E005
:108C20006FF00103DAE900125B1A4FF0FF3161EBDC
:108C300002025B1B62EB0902012B72F10001BCBF57
:108C4000012300224FF00009C0E90432D9E7D3E93B
:108C5000041CD4E904208A4270EB0C0B24DA891A34
:108C60005A686CEB0000C3E90410C4E900321460D8
:108C70005C60FFF76DFF84420ED1134B1B685BB93C
:108C8000B9F1000F02D1FFF76BFF0646304606F040
:108C900060FB0021FDF7E0FD88F31188BFF36F8FC3
:108CA00028463946BDE8F88F521A60EB0C00534550
:108CB000C4E90420ADD01B68AAE700252F46EFE7E2
:108CC000C0160020C0050020C02F00202DE9F0476D
:108CD000DFF8A8900246C9F800000D46FFF738FFFC
:108CE00000260027DFF898804FEAE27ED8E90013DB
:108CF00050B1D0E9044CA2427EEB0C0A1ADAA41A55
:108D00006CEB0E06C0E904460024521843EB0E0338
:108D10002046C8E90023C9F8004006F01AFB2146A6
:108D2000FDF79AFD85F31188BFF36F8FBDE8F0471B
:108D3000FFF7E0BE611843EBE473C0E90467C8E9DC
:108D40000013FFF717FF01224FF00043C0E904238F
:108D500085F31188BFF36F8F83689847EFF3118510
:108D6000202383F31288BFF36F8FD9F80020121BE2
:108D7000C9F80020FFF7ECFEB6E700BFC02F0020C7
:108D8000C016002010B5EFF31184202383F312885E
:108D9000BFF36F8FFFF7E4FE0346054AD2E90001F7
:108DA000181841EBE37184F31188BFF36F8F10BD86
:108DB000C0160020F8B507460C46164606F0CEF958
:108DC00008B10020F8BD0D4B9B68DD6E002DF8D07A
:108DD000221DF6D2EFF31184202383F31288BFF310
:108DE0006F8F284647F00401B04784F31188BFF322
:108DF0006F8F0028E5D040F8045BE3E7902F002058
:108E00000146024A0020FFF7D5BF00BF7BAD01003D
:108E1000014802F069B800BFF72D0200054B5A78EF
:108E2000022A04D11878C31F5842584170470020C5
:108E3000704700BFC42F00200E4B0340B3F1607F8A
:108E400006D1B1F5885F0CBF00206FF08600704737
:108E5000B3F1707F0BD101F4E043B3F5005F06D1AD
:108E600011F4E06F14BF00206FF0860070476FF0C0
:108E7000860070470000C07F8A42F8B506460D465E
:108E800000F0D2806C4B22F4FF7121F00101994275
:108E900022F0FF070FD003F588539F420BD022F436
:108EA0007F7121F00301A3F57063994203D003F5AC
:108EB000A0639F4227D1604B25F4FF7121F001018F
:108EC000994210D05D4925F0FF038B420BD025F469
:108ED0007F7020F00300A1F57061884203D001F596
:108EE000A0618B420FD115F0FF000BD0544B40F026
:108EF0000070984240F09A8082EA0500FF288CBFFB
:108F000000200120F8BD05F0FE43B3F1A06F11D1A0
:108F100002F0FE43B3F1A06F71D182EA050333F48E
:108F20007E136CD12C046AD5C5F30540C2F305420B
:108F30009042E4E7B3F1407F61D102F0FE43B3F128
:108F4000407F5CD182EA050030F47E1457D131466F
:108F50002846FFF771FF002868D13A4912F47C10C7
:108F600001EA020116D0B1F1607FC2F3054335D1A9
:108F7000D1B241F0007101F17E410339102901D8CD
:108F8000314C645C15F47C1F2ED19C4214BF002030
:108F90000120B7E7B1F1607F0AD1D3B243F000738B
:108FA00003F17E43033B102B44D82849CB5CDFE719
:108FB000B1F1707F16D106F4E043B3F5005F37D10D
:108FC0000123C6F302218B4006F4E041B1F5005FB6
:108FD000D8D10124C6F30226B440D3E7B1F1707FA3
:108FE000D0D1F1E70346CDE718B9C5F30541A14259
:108FF0001AD0290403D5C5F3054098427FE725F42C
:109000007F03B3F1106F0AD102F0FE43B3F1106F8A
:109010000CD10F48104040F01060A842B6E70D4B4D
:109020009D4203D1AF42B1E701206BE7002069E721
:109030000346C9E703469BE700020006001300064B
:10904000FF0000020000C07F942F0200942F020056
:109050000000FFF60001000A37B505460C46FFF791
:10906000DDFE78B100230A4601932946074801AB8B
:10907000FEF710FC20B9019BA34218BF6FF09300CC
:1090800003B030BD6FF08800FAE700BFC82F0020A2
:10909000F0B50446084624F47F01B1F1106F87B0A3
:1090A00026D1456800F120012D0A21D1068806F459
:1090B0004F45B5F5824F1BD10F4D104F254045F060
:1090C0001065BD4214D1F6B2122E11D14588B5F506
:1090D000807F0DD10E9D009204950D9D03950C9DF2
:1090E000CDE901352346426E06F0B3FF07B0F0BD6F
:1090F0006FF08500FAE700BF0000FFF600000209EC
:109100002DE9F843884617461C4600F0D5F9054678
:10911000002844D1D8F80060B6F8009009F4E04384
:10912000B3F5804FB36808BF27F0010737EA0303A0
:109130002DD1A4B3244B24F4FF7222F001029A42F1
:1091400010D0224A24F0FF0393420BD024F47F7105
:1091500021F00301A2F57062914203D002F5A062F2
:1091600093421FD114F0FF0304D0194A43F0007357
:1091700093421ED022464846F168FFF77DFE07461F
:1091800068B9224648463169FFF776FED0B96FF0DC
:10919000840500233046C8F8003006F054FE284607
:1091A000BDE8F88304F0FE43B3F1407F04D123040B
:1091B000E0D56FF08605ECE7B3F1A06FF7D0044B74
:1091C0009C42D6E73D46EAE700020006001300068F
:1091D000FF00000238B500F0FE43B3F1407F0446C3
:1091E0000D4602D06FF0860038BDFFF725FE00283F
:1091F000F8D114F47C1F18D0C4F30543032B13706B
:1092000022D9224A2240B2F1607F31D1E4B244F047
:10921000007404F17E44033C102CE3D81C4A125D18
:109220009342DFD8202BDFD90EE0184B2340B3F157
:10923000607F0FD1E3B243F0007303F17E43033B41
:10924000102B04D9002313706FF08500CCE711496F
:10925000CB5CD3E7B3F1707FF4D101F4E043B3F515
:10926000005FEFD10123C1F302218B40DBB2C5E7E0
:10927000B2F1707FB6D105F4E042B2F5005FB1D132
:109280000122C5F30225AA40CAE700BF0000C07F43
:10929000942F0200942F0200002307B51A46009174
:1092A000024906F0F1FC03B05DF804FB0C1D02005E
:1092B00010B5114C2378580744BF03F0FB0323700B
:1092C000990705D500F096F8237823F00203237060
:1092D00063781BB10023094A6360536000230821AF
:1092E0000648637000F0F8FB2378DA0744BF23F0E8
:1092F0000103237010BD00BFC42F0020C82F002021
:1093000038B5FFF78BFDD8B9124C2378DA075CBF6C
:1093100043F0010323709D0707D400F063F823781E
:10932000054643F00203237088B9627832B9D90741
:1093300004D5094962604A6002226270580702D56A
:109340000025284638BD43F004032370F8E7FFF7F3
:10935000AFFFF6E7C42F0020C82F002000F14042E5
:109360000F2A30B50CD868241D4B04FB02331A7E3B
:10937000022A02D15A69824226D06FF08B001CE08B
:109380006FF04043421E9A420ED2154A0024134603
:10939000157E022D02D15569854212D00134102C60
:1093A00002F16802F4D1E8E700F1004303F58033ED
:1093B000B3F5704FE9D36FF0870030BD6FF09600C2
:1093C000FBE7682202FB04331A7E022AF6D1DA692F
:1093D000501CF3D00132DA6100200B60EDE700BFD2
:1093E000D02F00200122024B002083F880267047F6
:1093F000D02F00202DE9F0410A4C002526464FF0E1
:10940000010803272046C4F81C802776013506F0A2
:109410009CF9102D04F16804F4D1002386F88036FD
:10942000BDE8F081D02F0020F8B5214D064695F813
:1094300080360F46002B34D000242B462246197E5E
:10944000F9B13CB9022905D1D96919B919790029AD
:1094500018BF1C460132102A03F16803EFD114B97A
:109460006FF08C000BE0237E022B04D1E3695A1CC1
:109470001CBF0133E361204606F067F910B10024F8
:109480000DE01C46237E7BB90123237636B1094BC0
:10949000651BED105D4305F18045356000203C60A3
:1094A000F8BD6FF08800EAE76FF09600E7E700BFCD
:1094B000D02F0020C54EECC438B50025084B0D60F8
:1094C00093F8803643B1FFF749FF10F18C0F02D1BA
:1094D0006FF087000D6038BD6FF08800FBE700BFBC
:1094E000D02F002010B500F0FE44B4F1A06F07D0DB
:1094F000B4F1806F01D0094C00E0094CA04202D0C9
:109500006FF0850010BD0120B1F5105F1070F7D12C
:109510000BB90020F6E702221A70FAE70002C00336
:10952000004440047FB5036816460E4A23F47E13B8
:1095300093420D4613D16946043007F067F804469C
:1095400020B932466946284607F041F9684610219D
:1095500000F0C2FA204606F056F804B070BD6FF075
:109560008800FAE70002C00310B5036804464BB157
:10957000094A23F47E13934206D1043000F0D6FA50
:1095800000232360002010BD4022002107F045F990
:109590006FF08800F7E700BF0002C0032DE9F84331
:1095A000D0F8009005460E461746B9F1000F30D1AD
:1095B00023F47E140360184B9C420FD100F1040881
:1095C000404606F059FF31884B462046728806F027
:1095D0006AFC014658B96FF0850416E040224946FE
:1095E00007F01BF96FF085042046BDE8F88340467C
:1095F00000F0B8FA20B939464046728806F05BFFA1
:1096000006F001F804460028EED02846FFF7ACFF2C
:10961000EAE76FF08804E7E70002C00310B50368CB
:109620005BB1074C23F47E13A34206D1043006F04D
:1096300068FFBDE8104005F0E6BF6FF0880010BD80
:109640000002C003043004289ABF034B33F9100012
:109650006FF08300704700BFD4260200014B06F074
:10966000D8BD00BFB41D020070B5144606460D46B5
:1096700088B0214620460C4A06F029FE22462146A3
:109680006846FFF7EBFF6A4631463046FFF7E6FFD4
:10969000224669466846FFF7E1FF6A4629462846A2
:1096A000FFF7DCFF08B070BDB41D020030B5044602
:1096B00089B006F06EFD0C4A2146684606F001FDB1
:1096C00005460121684606F0E0FC6A4621466846E8
:1096D00006F0F7FC2DB1003818BF0120404209B058
:1096E00030BD4FF0FF30FAE7701D020030B589B091
:1096F000044606F0E6FC054621466846044A06F0A4
:10970000CAFC2A466946204606F0F2FC09B030BD84
:10971000B41D020070B5044690B00D4611461646C1
:1097200006F037FD2146234A08A806F0CAFC0128A6
:1097300003D04FF0FF3010B070BD1146204606F048
:10974000A5FD284606F1200106F023FD2946194A09
:1097500008A806F0B6FC0128EBD11146284606F011
:1097600095FD2A4629466846FFF778FF224621469E
:1097700008A8FFF773FF08A922460846FFF76EFF07
:1097800008A922460846FFF7B1FF08A92246084665
:10979000FFF7ACFF08A922460846FFF7A7FF08A974
:1097A0000846044B044A06F01FFD684608A906F067
:1097B000B0FCC0E7B41D0200501D020070B50446A5
:1097C0000D46164698B0114608A8FFF747FF344BE0
:1097D0002146684608AA06F007FD214608AA10A8F7
:1097E000FFF784FF694610AA08A8FFF737FF08AA09
:1097F000114668462A4B06F0F7FC69466846284B36
:1098000008AA06F0F1FC2A46294610A8FFF726FF11
:1098100010AA11461046224B06F0E6FC214610AA7B
:1098200008A8FFF71BFF08AA114610461C4B06F0BC
:10983000DBFC10AA11461046FFF710FF10AA184BC8
:109840001146104606F0D0FC6A4669462046FFF7EE
:1098500005FF2146204608AAFFF748FF214620467B
:1098600008AAFFF743FF324629463046FFF7F6FEC7
:109870000B4B32463146304606F0B6FC22462846AF
:1098800008A9FFF733FF6A4629462846FFF7E6FE98
:109890002946284610AAFFF729FF18B070BD00BF5F
:1098A000B41D02002DE9F04F9946054692460C463C
:1098B000A3B02C9E2F49324602A806F002FCD6F82F
:1098C00000B031460BF0010202A80DF1480806F085
:1098D0000FFC0021404606F0D8FB4A4641460AA844
:1098E000FFF704FF01225146284606F001FC012241
:1098F0004946204606F0FCFB01211F4A1AA806F043
:10990000DBFC6FEA0B02204602F001020AA906F016
:10991000EFFBFF277B0922AA02EB830353F8806C3D
:1099200007F01F02D64086EA0B06F243494640463E
:1099300002F0010206F0DCFB404606F001020AA933
:1099400006F0D6FB214628461AAAFFF737FF5346F2
:1099500021462846CDF800801AAA06F0FAFC013FFD
:10996000D8D1214628461AAAFFF77EFE23B0BDE8CB
:10997000F08F00BF701D0200B41D02002DE9F743F7
:1099800006460D46174698464FF0040920213046FA
:1099900006F040FD80B931462846FFF787FE0446B1
:1099A00038B941463846074B074A0095FFF77AFF1A
:1099B00004E0B9F10109E9D14FF0FF34204603B0CA
:1099C000BDE8F083101D0200301D020030B599B0D3
:1099D0000D4610AB694608AAFFF7D0FF04462021C8
:1099E000684600F079F86CB92846084A08A906F0DC
:1099F0009EFC064A10A905F1200006F098FC2046BE
:109A000019B030BD4FF0FF34F9E700BFB41D0200BC
:109A100070B5AAB002AD064628461446FFF746FECA
:109A2000C8B9224612A90AA8FFF774FE0446A8B9CD
:109A30000AAA22A91AA8009512ABFFF733FF3046F5
:109A4000084A1AA906F073FC2846202100F044F8C1
:109A500020462AB070BD6FF00204F5E76FF00104F4
:109A6000F2E700BFB41D020070B59AB002AE054621
:109A70003046FFF71BFE0446C0B90E4B0E4A12A932
:109A80000AA80096FFF70EFF2021304600F024F8C8
:109A900028460A4A0AA906F04AFC084A12A905F112
:109AA000200006F044FC20461AB070BD6FF002049E
:109AB000F9E700BF101D0200301D0200B41D0200B6
:109AC000014B1B68184700BFCC050020014B1B68E9
:109AD000184700BFC805002010B50A46044619B152
:109AE000024B00211B68984710BD00BFF81D020003
:109AF000F0B504460B4B0C4E586800B9F0BDC57963
:109B0000C5F3840556F825502D78A54208D145792E
:109B100005F00F07B1EB871F02D1B2EB151FEDD097
:109B20000833E9E7001E0200FC1D020010B50446E0
:109B3000A8B1806B10B1242106F094FC606B40B199
:109B40002368074ADB79C3F3840352F823305B6947
:109B500098472046BDE810403C21FFF7BDBF10BD2F
:109B6000FC1D020038B505460C46A9B13C22002177
:109B700006F053FEE3790A4AC3F3840352F8233014
:109B80001B6913B900202C6038BD98476863002812
:109B9000F8D16FF08C00F7E76FF08600F4E700BFB4
:109BA000FC1D020070B4DCB2012C25D804681CB383
:109BB000E57905F00305012D05D8657905F00F0558
:109BC000B2EB851F18D142600372E5790C4EC5F3E4
:109BD0008405012B406B56F8255008D0637903F0BB
:109BE000F004302C03D003F0E003402B02D1AB682B
:109BF00070BC1847EB68FBE76FF0860070BC7047DD
:109C0000FC1D0200F0B40468049F1CB96FF08600CC
:109C1000F0BC704700243C6006683EB3347914F011
:109C20001F0423D0767906F0F006102E11D1A2423F
:109C30001ED13A6002680F4CD279C2F3840254F804
:109C4000222054680A46A446F0BC90F90810406BE4
:109C50006047994208D1C369002BD7D1B2FBF4F316
:109C600004FB1322002AD1D10348D1E70348CFE7F0
:109C70000348CDE7FC1D0200809FFFFF809CFFFF93
:109C8000809DFFFF70B50C2300242246CD582EBACC
:109C900042EA460212BAC250043B1A1DC5F3C01470
:109CA000F3D1084B1A680B7882EAD31253085B424F
:109CB00052421343DB17C27B03F087035340C37345
:109CC000002070BD54360020C02AF0B544D0B2F553
:109CD000807F43D0802A40F0BA800A2303600024AA
:109CE0000346520943F8044F01EB820251F8044B3A
:109CF0008A4243F8044FF9D103680C2B30D00E2B65
:109D00005ED00A2B26D1534D534900F1A00642697B
:109D100055F8044B8768C2F30723CB5C7C40634053
:109D2000140E0C5D103083EA0443D4B20C5D83EA58
:109D30000463C2F307440C5D83EA042350F8044C27
:109D4000836063400468C36063405A4003614261BA
:109D50008642DCD10020F0BD0C23BFE70E23BDE717
:109D60003C4C3D4900F1C005C26954F8046B87685A
:109D7000C2F30723CB5C7E407340160E8E5D183015
:109D800083EA0643D6B28E5D83EA0663C2F30746D2
:109D90008E5D83EA062350F80C6C8360734050F8A4
:109DA000086CC360734050F8046C0361734006682C
:109DB000436173405A408361C2618542D4D1C9E78F
:109DC000244D254900F1E006446A55F8042B8768C4
:109DD000C4F30723CB5C7A405340220E8A5C876928
:109DE00083EA0243E2B28A5C203083EA0263C4F36E
:109DF00007428A5C83EA022350F8142C83605340A4
:109E000050F8102CC360534050F80C2C03615340A1
:109E1000DAB28A5C43617A401F0ECF5D82EA076244
:109E2000C3F30727CF5DC3F30743CB5C82EA072266
:109E300082EA034350F8042C836153400268C361F3
:109E400053405C40036244628642BDD182E76FF0BA
:109E50001F0080E7501E0200A53002002DE9F04FE0
:109E6000C9B002AD044628460E46174606F0A4FCCB
:109E7000002331463A4628466360FFF725FF064631
:109E8000002833D1029F039B04A903EB870301EB56
:109E9000830251F8233004F1180EA3605368103A7E
:109EA000E360936971462361D369914663617B1EC8
:109EB00098462948DFF8A4C02760B8F1000F1EDCDF
:109EC000002F4FEA0313C8BF1C46C3F10003DCBFD9
:109ED00000230024D018D3580EEB04014EF80430B0
:109EE00043684B6083688B60C368CB6002A84FF403
:109EF0008C71FFF7F1FD304649B0BDE8F08F01F1FC
:109F00001004A9F1040B01945BF8044F250E1CF812
:109F1000055050F825A0E5B21CF8055050F8255022
:109F200085EA3A2AC4F307251CF80550C4F3074410
:109F30001CF8044050F8255050F824408AEA356552
:109F400085EA3445019C41F8045BA142DCD108F16B
:109F5000FF38A9F11009B0E7781E0200A530020011
:109F60002DE9F04F01298C469E4693B000F2738391
:109F70004368176856689568D46850F8082B9900AC
:109F80004FEA620808F1FF38BCF1000F40F0BC81D5
:109F900050F82330421887EA030A5368303273407E
:109FA000029352F8283C6B405546039352F8243CE8
:109FB00063401E46DDE902040493D14B52E9069B3F
:109FC000CDF814B052F810BC52E90817CDF818B00B
:109FD00052F80CBC2032CDF81CB052F828BCB8F1B5
:109FE000000FCDF820B052F824BCCDF824B000F317
:109FF000CA80BCF1000F03D1DDE902045546049E7E
:10A000005FFA85FC53F82CC0020E53F8222081EA37
:10A010000C0181EA3221C6F3072253F822205FFAAD
:10A0200080FC81EA3261C4F3074253F8222053F8DE
:10A030002CC081EA3241220E53F8222087EA0C0715
:10A0400087EA3227C5F3072253F822205FFA84FCFF
:10A0500087EA3267C6F3074253F8222053F82CC030
:10A0600087EA3247320E53F8222089EA0C0989EA3E
:10A070003229C0F3072253F82220F6B289EA326966
:10A08000C5F3074253F8222053F8266089EA324884
:10A090002D0E059A53F82550C4F3072453F8244095
:10A0A0007240C0F3074053F8200082EA3525954BF3
:10A0B00085EA346484EA30403C0E1D5DCCB21C5D00
:10A0C000069A0E91544084EA0564C0F307255D5D4D
:10A0D000079A84EA0524C8F307455D5D0F9784EA73
:10A0E00005444FEA18655E5DFDB25D5D1190554017
:10A0F00085EA0665C1F307269E5DCDF8408085EAB6
:10A100000625C0F307469E5D0A9485EA0645060EBD
:10A110000B9513F806C05FFA88F69E5D089AC0B2E8
:10A12000564086EA0C66C7F3072C13F80CC0099A50
:10A1300086EA0C26C1F3074C13F80CC0090E86EA18
:10A140000C4613F801C0195CC7F307475140C8F328
:10A1500007229A5C81EA0C61DB5D81EA022282EAD5
:10A1600003430C960D93CEF800400AA82021CEF8A8
:10A170000450CEF80860CEF80C30FFF7ADFC00209C
:10A1800013B0BDE8F08F4FEA106C53F82CB05FFAB3
:10A1900085FC53F82CC008F1FF3881EA0C0CC6F39B
:10A1A000072153F821108CEA3B2C8CEA316CC4F364
:10A1B000074153F821108CEA314C210E53F821B09D
:10A1C000C1B253F821107940C5F3072753F827701F
:10A1D00081EA3B2181EA3761C6F3074753F82770CC
:10A1E00081EA3741370E53F827B0E7B253F82770AA
:10A1F000F6B289EA0707C0F3072953F8299087EADE
:10A200003B27019153F8266087EA39690599C5F320
:10A2100007472D0E53F82550C4F3072453F8244064
:10A220007140C0F3074053F8200081EA35260199B8
:10A2300086EA34665FFA8CF486EA304653F8245096
:10A24000080E069953F82000694081EA302553F83A
:10A250002770C6F3072053F8200089EA374785EABC
:10A260003065C7F3074053F82000079985EA304569
:10A27000380E53F820409DF8040053F82000414068
:10A2800081EA3420CCF3072453F8244080EA346078
:10A29000C6F3074453F8244080EA3440340E53F8A0
:10A2A0002490FCB253F824400899F6B2614081EA48
:10A2B0003924019953F82660C1F3072953F82990EE
:10A2C000099984EA3964CCF307494FEA1C6C53F8C6
:10A2D0002CC0714081EA3C260199C7F3072753F847
:10A2E0002770C1F3074153F8299053F8211086EAEB
:10A2F00037664FF0010C84EA394486EA31465DE660
:10A30000781E0200A52F020050F8233001447B4044
:10A3100002934B684FF0000C734003938B68CF4A55
:10A320006B400493CB68303163401E46DDE9030582
:10A33000029C059351F810BC51E90837CDF818B0CC
:10A3400051F80CBC51E906A9CDF81CB051F808BC75
:10A350002031CDF820B051F824BCB8F1000FCDF871
:10A3600024B000F3BA80BCF1000F03D1DDE903058E
:10A37000059E029C5FFA84FC52F82CC0310E52F804
:10A38000211083EA0C0383EA3123C0F3072152F83A
:10A3900021105FFA80FC83EA3163C5F3074152F86C
:10A3A000211052F82CC083EA3143210E52F82110BB
:10A3B00087EA0C0787EA3127C5F3072152F82110F5
:10A3C0000E9387EA3167C6F3074152F8211087EAF6
:10A3D0003147E9B252F821102D0E8AEA010C010E24
:10A3E00052F8211052F825508CEA312CC6F307217F
:10A3F00052F82110F6B252F826608CEA316CC4F3A0
:10A400000741C4F3072452F8244089EA0606C0F342
:10A41000074052F8200086EA352585EA346484EA4C
:10A42000304052F821108E4A040E155DDCB2145DE6
:10A43000069E8CEA3141744084EA0564C7F307251F
:10A44000555D0F9784EA0524C1F30745555D1091CA
:10A4500084EA05481D0E565DFDB2555D079C1190BE
:10A46000654085EA0665C1F30726965DCDF828802C
:10A4700085EA0625C0F30746965D85EA06453E0E49
:10A480000B9512F806C0CEB2965D089C090E664088
:10A4900086EA0C66C0F3072C12F80CC0C0B286EA3C
:10A4A0000C26C3F3074C12F80CC0C3F3072386EA4B
:10A4B0000C4612F801C0115C0998D35C4140C7F307
:10A4C0000747D25D81EA0C6181EA032383EA0243F4
:10A4D0000C960D93CEF8008047E64FEA166C52F8C2
:10A4E0002CB05FFA84FC52F82CC008F1FF3883EAE4
:10A4F0000C0CC0F3072352F823308CEA3B2C8CEA77
:10A50000336CC5F3074352F823308CEA334CC3B2A3
:10A5100052F823305F40230E52F8233087EA332766
:10A52000C5F3072352F8233087EA3367C6F307439E
:10A5300052F8233087EA33430193030E52F823B0D5
:10A54000EBB252F823302D0E8AEA0303C6F3072A32
:10A5500052F82AA0F6B252F8266083EA3B2352F85A
:10A56000255083EA3A6AC4F30743C4F3072452F838
:10A57000244089EA0606C0F3074052F8200086EA24
:10A58000352686EA346686EA30465FFA8CF052F861
:10A590002040069852F8233060400446300E52F8AE
:10A5A00020008AEA334384EA30240198079FC0F3ED
:10A5B000072052F8200084EA3064C3F3074052F8C1
:10A5C000200084EA30444FEA1C6052F820509DF885
:10A5D000040052F82000474087EA3520C3F30725DE
:10A5E00052F8255080EA3560C6F3074552F82550E9
:10A5F00080EA3540019D2D0E52F82590DDB252F8CB
:10A600002550089F1B0E6F4087EA3925C6F307299E
:10A61000F6B252F8299052F82660099F52F823307A
:10A6200085EA39657740CCF30749CCF3072C87EAF4
:10A63000332652F82C3052F8299086EA3366019B73
:10A640004FF0010CC3F3074752F8273085EA39452C
:10A6500086EA33466EE66FF0860091E578220200C6
:10A66000A53002002DE9F04F43688BB0804692463A
:10A67000009383789C0740F1F98000250878002832
:10A6800000F0F68025280AD04B1C01930135414685
:10A69000009B98470028C0F2E3800199EEE74E78CE
:10A6A0008B1C252E0193F1D000270A22B9463C4687
:10A6B0001F2C22D8A6F12003102B20D8DFE803F0AE
:10A6C000141F1F1A1F1F1F0B1F1F1F121F171F1FD3
:10A6D000090044F00104019B13F8016B0193002E63
:10A6E000E6D13AE044F0020444F00404F3E744F015
:10A6F0000804F0E744F01004EDE77F2C24D8A6F11D
:10A700003003092B08D860064EBF02FB073744F020
:10A71000200402FB0939DEE72A2E0DD161065AF822
:10A72000043B53D4002BA7BF44F020049946C3F147
:10A73000000944F02804CEE72E2E05D1630600F16F
:10A74000978044F04004C6E76C2E2ED028D8682E9F
:10A7500032D06A2E37D04C2E35D0002F46F0200351
:10A76000B8BF24F04004A3F16502BCBF0027A4B227
:10A77000022A01D9612B2BD10AF1070A07279D4E26
:10A780002AF0070A0AF1080A210760D506EB070B31
:10A7900034465C455DD1AE1BA9EB0709A21959E10E
:10A7A000742E98D07A2E96D0D7E7260648BF44F468
:10A7B000007444F080048EE7E00548BF44F4007460
:10A7C00044F4807487E744F4207484E71F4682E7EA
:10A7D000A6F16302122A00F2D880DFE812F013001B
:10A7E0004D00D600D600D600D6004D00D600D600CB
:10A7F000D600D600D600E800D100D600D6001A0058
:10A80000D600A0005AF8043B012704AE8DF81030A2
:10A81000BAE75AF8046B784B002E08BF1E4614F0B6
:10A82000400F304614BF39464FF0FF3106F00DF8A7
:10A830000746A9E741462020009B984700280FDBE8
:10A84000013CA742F6D34D44A1462D1B9EE74C4642
:10A85000F7E7414614F8010B009B9847002898DA67
:10A8600098F8023043F0040388F802304FF0FF35C7
:10A8700028460BB0BDE8F08F220630D5A3052AD5B7
:10A880000AF1070A2AF007039A4659685AF8080B92
:10A8900024F0100B00291FFA8BFB2FDA40424BF4F7
:10A8A000806B61EB410104AC0A23224605F0D9FF1D
:10A8B0001BF0400FA0EB040200F08E802BF001048F
:10A8C0009742A4B240F38F80002E40F08E802BF090
:10A8D0001104A4B21DE05AF8040BC117D8E7E00533
:10A8E0005AF8041B01D40846F7E7A20547BF48B24F
:10A8F00041F3C01108B241F3C031C9E750EA010386
:10A90000D1D16306CFD5002FCDD124F011043A4622
:10A91000A4B23B4640F206410C4262D124E024F04E
:10A9200010040A23A4B214F0800243D014F400717E
:10A9300017BF0AF1070A5AF8040B2AF007029246D9
:10A940001CBF51685AF8080B50EA01023ED124F0AE
:10A95000160B62061FFA8BFB3CD5002F3AD124F070
:10A9600017043A463B46A4B221075AD4E10705D55D
:10A97000994572DDA9EB03039F184B469B464AE0BD
:10A9800044F0100410237826CDE7782B04D1C6F1CB
:10A99000780343F01003C6E741462520009B984703
:10A9A0000028FFF65DAF02354146304670E60823C9
:10A9B0000026B8E714F480715AF8040BC4D014F4DC
:10A9C00000711ABFC0B2114680B2BDE724F0060480
:10A9D0001FFA84FB04AC68E713465C46E10699D590
:10A9E0002EB90133C0E71346F8E73B46F6E70233DA
:10A9F000BAE700BF5B2E0200542E0200CDE90232FE
:10AA000041462020009B98470028FFF629AF0BF114
:10AA1000010BDDE90232D945F0DCEB1A03EB0B0543
:10AA20005B46E10627D541463020CDE90232009B46
:10AA300098470028FFF614AFDDE902327EB90135F0
:10AA40002F44791B8A4229DB144604AE94BB2A4466
:10AA5000A9EB03091546914440E017468EE70235FD
:10AA600041463046CDE90232009B98470028DDE997
:10AA70000232E5DAF4E640F206410C42E0D014F08E
:10AA8000020F05F10105414614BF2B20202014F4CC
:10AA9000806FCDE9023218BF2D20E5E7CDE9023203
:10AAA0004146009B3020013598470028DDE90232FD
:10AAB000C7DAD5E6013C4146CDE90232305D009B64
:10AAC00098470028DDE90232C0DAC9E64146202075
:10AAD000009B013598470028FFF6C2AEA9EB05039D
:10AAE000002BF3DCD9E500BF704700207047E6F784
:10AAF0008BB800EBC100408840087047F8B50346AA
:10AB0000FFF7F7FFB0FA80F0C0F11F0003EB800CF5
:10AB1000DCF81060CA00171D0C4606328DB256B91B
:10AB2000012101FA00F0D9680143D960CCF8104046
:10AB3000DD539D52F8BDF1000431585AD85303EB50
:10AB4000C0009E52C5805D52F4E710B500EBC10411
:10AB5000E388994202F104010AD1012303FA02F2C7
:10AB6000C36823EA0203C360002340F8213010BD0C
:10AB7000A28840F8213000EBC20100EBC300CB807B
:10AB80008280F4E708B50346FFF7B3FFB0FA80F21E
:10AB90001846BDE80840C2F11F02FFF7D6BF2DE9F5
:10ABA000F843B1FA81F3C3F11F0200EB8209D9F82F
:10ABB000107006460D4687B94FF0FF34C3F12003ED
:10ABC0009C40F3681C4014D094FAA4F2B2FA82F2CA
:10ABD000131D56F82340214608E03C464FF0030879
:10ABE00021463046FFF785FFA84205D33046FFF7E0
:10ABF000ACFF2046BDE8F88306EBC404E488B8F156
:10AC00000108C9F81040D7D0A742E9D1D4E738B538
:10AC10000446FFF76EFF0D46034611462046FFF738
:10AC200068FF03449BB204EBC5055A0020466A80C6
:10AC3000FFF75FFF014424F8313038BD70B50B4693
:10AC40000446FFF756FF04EBC305511A9B1A89B25D
:10AC500003444E009BB26E8004EBC2005D00458051
:10AC600024F8321020461146FFF743FF014424F830
:10AC7000313070BDF8B5002951D004680D1F2D1B6F
:10AC8000EE0825F007056219538813F0010306D179
:10AC900083F31188BFF36F8F0423184602DF314618
:10ACA0002046FFF726FF304434F83030C01A864281
:10ACB00007D0002383F31188BFF36F8F0423184656
:10ACC00002DF5388314623F0010353802046FFF70B
:10ACD00010FF371804EBC7035B88DA0708D439463E
:10ACE0002046FFF74FFF3A4631462046FFF78FFFD9
:10ACF000655B751B04EBC5035B88DB0709D429463C
:10AD00002046FFF73FFF324629462046FFF77FFFE8
:10AD10002E4631462046BDE8F840FFF7EFBEF8BDAD
:10AD200070B509B9002070BD056801F007030B3349
:10AD3000CC0804EBD304AB6828469C4228BF1C46D1
:10AD40002146FFF72CFF06460028EBD00146284697
:10AD5000FFF7CFFEA04207D928463219FFF76EFF52
:10AD600011462846FFF7CAFE05EBC6021046538877
:10AD7000043043F001035380D5E71146FFF7D0BFFD
:10AD80002DE9F84314464A4202EA010931EA020277
:10AD900003460BD04A46042A28BF04224F46A1EBA3
:10ADA00009096CB900252846BDE8F883042904D8B0
:10ADB0002146BDE8F843FFF7B3BF00270422F0E7C0
:10ADC0001E68A9EB020204F0070302F007010B332F
:10ADD0000B44E10801EBD20101EBD301B36830462B
:10ADE000994228BF1946FFF7DAFE80460028D9D0DD
:10ADF0003D1D05EBC00509F1FF3335441D44B5FB8E
:10AE0000F9F509FB05F5ED1B2C442B1F07349B1BA3
:10AE100024F00704A41BB0EBD30F4FEAD3074FEA8B
:10AE2000E40408D201463A463046FFF707FF4146A0
:10AE30003046FFF763FE39463046FFF75AFE384486
:10AE4000844207D230462246FFF7F8FE21463046BC
:10AE5000FFF754FE06EBC706738843F001037380C7
:10AE6000A1E7043A2DE9F843CC1D114424F007046E
:10AE700021F00706A6EB04084FEAD807B7FA87F2D5
:10AE80004FF00009C2F12405AD000735C2F12002E0
:10AE9000ED0804604946A760C4F80C90920004F1E4
:10AEA000100005F0BAFCAAB2530043F0010363801E
:10AEB0007B1B9BB204EBC5015800A4F800904880AE
:10AEC00024F83520A6F8029024F8083004EBC703D4
:10AED0005A88294642F001025A802046BDE8F843CC
:10AEE000FFF70CBE002070470FB407B504A951F856
:10AEF000040B0191E5F794FF03B05DF804EB04B097
:10AF000070470FB407B504A951F8040B0191E5F798
:10AF100087FF03B05DF804EB04B0704700220368BC
:10AF20000BB9184670478B4210D10B6842B9426882
:10AF30000360914200D14360002301200B60704701
:10AF400013604368994208BF4260F5E71A461B68E0
:10AF5000E6E7038B13F0070306D10368002B18BF45
:10AF6000032008BF00207047022B05D1408BB0FAA8
:10AF700080F0400980007047012B04D10368002B4A
:10AF800018BF0520EDE70020704710B50C4600B152
:10AF900011B96FF0150010BD081D00F0C6F80028AB
:10AFA000F9D1A368032BF6D9F3E72DE9F0410D465B
:10AFB00007461946281D90461E4600F0C7F804466D
:10AFC00038B13346424629463846A446BDE8F041EA
:10AFD0006047BDE8F08110B4EFF31182202484F3C0
:10AFE0001288BFF36F8F416110BC0121E5F74ABFA2
:10AFF00038B50C46054658B151B10B6843B14B68A2
:10B0000033B11C22002105F008FC00202C6138BD62
:10B010006FF01500FBE7F8B504460E46FFF7B5FFE5
:10B02000051E3BDBEFF31182202383F31288BFF36D
:10B030006F8F4FF6FF71638B278B8B4207F00707EB
:10B040002ED0062F2FD8DFE807F0182E082E180470
:10B0500018006FF08505002303E0013363830225A8
:10B06000012382F31188BFF36F8FBBB100233A46EF
:10B0700031462046FFF799FF10E0002333606368F4
:10B0800023B9C4E9006627B13D46E4E71E60666067
:10B09000F9E702212046E5F7F5FE3D462846F8BDD2
:10B0A0006FF00A05D7E76FF00405D4E710B5EFF3AA
:10B0B0001182202383F31288BFF36F8F048B04F077
:10B0C0000704022C0AD0012C0CBF6FF004006FF0B3
:10B0D000850082F31188BFF36F8F08E0438B013B3B
:10B0E0009BB2438323B92146E5F7CCFE204610BD31
:10B0F0002046EEE738B5A8B1A1B1EFF311852022C3
:10B1000082F31288BFF36F8F048BFFF707FF30B114
:10B1100004F0070085F31188BFF36F8F38BD6FF01F
:10B120007700F7E76FF01500F8E7034658B142687B
:10B1300002F00302012A03D0032A04D1026812B1EB
:10B140000020986070476FF0150070474268034612
:10B1500002F00302032A4FF00002816014BF104680
:10B1600000685A6070477047F0B587B01F460446C4
:10B170000D46164600F032FC022302930DF1160331
:10B180000193BDF83030ADF81600009332463B46CF
:10B190002946204602F0A1FA07B0F0BD2DE9FF4193
:10B1A0001F460D4616460446E7F7DAFA8046E5F7ED
:10B1B00081F9BDF8283080B2CDE901800093324694
:10B1C0003B462946204602F088FA04B0BDE8F081EB
:10B1D00005F023BB05F0FBBA01460068E5F78ABF1E
:10B1E00008B5E5F7B7FFBDE80840E6F7B3BA0021B8
:10B1F0000120E5F77FBF036E83F30B8870476FF084
:10B200008500704761B662B680F31188BFF36F8F17
:10B21000704772B6002383F31188BFF36F8FBFF3BB
:10B220004F8F30BF62B6BFF36F8F704772B6002387
:10B2300083F31188BFF36F8FBFF34F8F20BF80F36D
:10B240001188BFF36F8F62B6704740E800F313F4C4
:10B25000803FD8B208BF6FF01500704730B50C685A
:10B260004B6885B00A894D890094013B24F01F0486
:10B27000234402F01F0242EA451223F01F036946ED
:10B280008DF808200393E6F719FB05B030BD08B52B
:10B29000E6F7F4FC002008BD7047D0E8EF3F01332B
:10B2A000C0E8E23F002AF8D17047002303824369D7
:10B2B000C3607047C1698968E6F79EBDEFF31182EC
:10B2C000202383F31288BFF36F8F00230B60436842
:10B2D00033B9C0E9001182F31188BFF36F8F704753
:10B2E00019604160F7E7034610B5EFF311812022A2
:10B2F00082F31288BFF36F8F006828B15C68026820
:10B30000A0421A6008BF5A6081F31188BFF36F8FA3
:10B3100010BD014608B50830FFF7BFFF084608BD5D
:10B32000034618465B68002BFBD17047426810B596
:10B330002AB10B461C465B68002BFBD16260416062
:10B3400010BD10B5044628B901F10800FFF7A5FFAC
:10B35000084610BD034618465B68002BFBD1FFF77B
:10B36000E5FF2046F5E710B508B14B6843600023C0
:10B370004C6808464B60E6F7BDFD204610BD83686B
:10B380000B440360704703680B6043684B6083683D
:10B390008B6070478388026819448180D018704799
:10B3A00030B484880568A3188380281930BC05F060
:10B3B0000EBA10B5838802685C1C8480D154D01802
:10B3C00010BD034600689A88401A1144186099809D
:10B3D000704703689A1E026082880232828003F8F6
:10B3E000021C090A03F8011C70470268531E03601F
:10B3F00083880133838002F8011C704703468288EA
:10B40000521A82800068084418607047034600683A
:10B410009A88521A01449A801960704710B50368DF
:10B4200001211C78FFF7EAFF204610BD10B5036824
:10B4300002211C88FFF7E2FF204610BD7FB50646BB
:10B4400014460A888B78ADF8002000210D220DF1FA
:10B4500003008DF8023005F0E0F96A46694630468F
:10B46000F7F79CFC28B9BDF800209DF80230228037
:10B47000A37004B070BD13B50C4601AA0331FFF7E9
:10B48000DDFF48B90322204601A905F0CEF9B0FA44
:10B4900080F0400902B010BD0020FBE770B5CE1C63
:10B4A00005460C4630460321F7F776FC60B9637910
:10B4B000224603F03F0343F04003637131462846C0
:10B4C000BDE87040FFF7BABF70BD10B50C460178FB
:10B4D000227888B08A420ED06946E6F709FE2046F7
:10B4E00004A9E6F705FE102268460DEB020105F0FF
:10B4F0009CF908B010BD012A06D0022A07D072B903
:10B5000040886388C01AF4E740686368FAE710224D
:10B51000611C013008B0BDE8104005F086B96FF03D
:10B520001500E6E7042A0AD0102A0DD0022A4FF0AF
:10B53000000315D103700B8843800120704701235D
:10B5400003700B684360F8E7022300F8013B01F148
:10B55000100351F8042B994240F8042BF9D1ECE781
:10B5600018467047012310B50621044600F8013B38
:10B57000F7F712FC18B9A37963F03F03A37110BD6C
:10B580000B6803608B8883808B798371037823F049
:10B590000203037070470078C0F34000704738B56D
:10B5A0000446807AE6F7FEFB6169054649B1637A95
:10B5B000DB0704D4C36920461B689B6898470023B7
:10B5C000636121462846BDE8384003F07FBC2DE981
:10B5D000F0410C461746054601F10C0800F10C013C
:10B5E00040461E46FFF7CFFE6269E36839469B1A64
:10B5F00013FA87F36B82012340466B722F82FFF7A9
:10B60000FDFEE368284673600023628AE36072816E
:10B6100063823460BDE8F08138B50C46D1E9003270
:10B620000546DA600B684A895A820868E6F762FCC8
:10B6300020461022002105F0F0F82846BDE83840E9
:10B64000FFF7ADBF438A23B9C068B0FA80F0400964
:10B650007047002070477047D0F8A43083B15A7CFF
:10B66000D1070DD5D2060DD51B7C102B0CBF0423A2
:10B6700003234372807A98428CBF002001207047D8
:10B680000223F6E70323F4E70F2806D80D280BD88A
:10B69000052814BF022003207047132804D01A285D
:10B6A00014BF0220012070470120704738B5C368DD
:10B6B0001D7875B90F21B3F80100E8F72FFC044697
:10B6C00038B12946E8F790FB2046BDE83840E8F756
:10B6D0003FBB38BD08B5C3680121B3F80100E8F7E6
:10B6E0001DFC18B1BDE80840E8F732BB08BD08B53D
:10B6F000C36801211888E8F711FC18B1BDE80840BB
:10B70000E8F726BB08BD034610B5D3E8EF0F40EAC3
:10B710000102C3E8E42F002CF7D110BD01210C3049
:10B72000FFF774BE38B5C5680121B5F80100E8F728
:10B73000F5FB044698B12B783BB9D5F80330C0F837
:10B740009930D5F80730C0F89D30201D4FF4803176
:10B75000FFF7D9FF2046BDE83840E8F7F9BA38BD11
:10B7600030B40446084602EBC3039A4201D130BC10
:10B770007047114611F8085BA54206D1018A53783B
:10B780009942F4D330BC536818470A46EDE7D0E835
:10B79000EF3F0B40C0E8E23F002AF8D1704710B5F8
:10B7A000E7F7FCFD04466FF480711030FFF7EFFF00
:10B7B0002046BDE8104000F0ECBBC368DB78012BED
:10B7C00001D1FFF7ECBF70472DE9F047D0F80C80AE
:10B7D000028A98F800309B00013393423DD9BDE8BE
:10B7E000F08708EB86030F21B3F80100B3F803706C
:10B7F000E8F794FB044628B100F1C00947B9204698
:10B80000E8F7A6FA013698F800309E42E9DBE6E751
:10B810006569002DF3D0A2692B68954220466361CB
:10B8200008BFA361E8F736FAFCF7C2FAC5F800A032
:10B83000236A7BB9C4E90755D9E8EF3F013BC9E862
:10B84000E23F002AF8D100212046013FE8F72EFA16
:10B85000BFB2D3E71D602562EEE70026B246D2E70D
:10B86000C0F30723537000231070000ED070C1F393
:10B870000720090E9370137150719371D171704745
:10B88000C368DB78012B01D1FFF789BF704710B582
:10B89000E7F784FD6FF480711030FFF778FF002028
:10B8A000E6F7E6FC044648B13C2300210373E8F7C1
:10B8B0009BFA2046BDE81040E8F74ABA10BD0120C7
:10B8C000704710B5028843889A4218D8052A16D9BD
:10B8D000B3F5486F13D88488B4F5FA7F0FD2C188C6
:10B8E00040F67640A1F10A0292B2824207D804FBE8
:10B8F0000333B3EB810F34BF0120002010BD0020C3
:10B90000FCE738B5C3680F21B3F801001D78E8F7EC
:10B9100005FB044638B365B12846E6F709FF29461A
:10B9200002462046E8F76CFD2046BDE83840E8F7BF
:10B930000FBA8378012B07D102F013FC2046FFF7E2
:10B940008BFE002808BF05252846E6F7F1FE2946AC
:10B9500002462046E8F754FD002DE5D0052120469B
:10B9600000F0D7FBE0E738BD70B5C6680F21B6F828
:10B9700001003578E8F7D2FA044670B34DB1284695
:10B98000E6F7D6FE294602462046E8F739FD20466E
:10B9900003E0F378C27A9A4203D1BDE87040E8F739
:10B9A000D7B98278C372012A08D10BB102F0D9FB52
:10B9B0002046FFF751FE002808BF05252846E6F778
:10B9C000B7FE294602462046E8F71AFD002DDED0D4
:10B9D0000521204600F09DFBD9E770BD002070478F
:10B9E00008B5EBF7FDFE18B1408A003818BF0120FA
:10B9F00008BD73B506460D4642F22F00002101AA8C
:10BA0000E6F702FF044648B90198C368B3F801207D
:10BA10003280B3F803302B80E6F76CFA204602B090
:10BA200070BD70B506460D464FF0FF304FF0FF3148
:10BA3000E6F756FE044668B103210C30FFF7AAFC76
:10BA4000068085702146BDE87040002240F2064025
:10BA5000E6F7DABE6FF0680070BDC06803781BB10E
:10BA60003C2B03D1FFF713BFE6F756BF704738B53D
:10BA70004FF0FF3105464FF0FF30E6F731FE044648
:10BA800068B102210C30FFF785FC2B88214603802A
:10BA90000022BDE8384042F21600E6F7B5BE6FF06E
:10BAA000680038BDF8B507460E464FF0FF304FF03E
:10BAB000FF311546E6F714FE044678B106210C3036
:10BAC000FFF768FC3B884680038085802146BDE8FF
:10BAD000F840002242F22200E6F796BE6FF06800BE
:10BAE000F8BDF0B5C56801212F8887B0B8B2E8F776
:10BAF00015FA064660B302ACD5F80220D5F8063038
:10BB000001946989009102F0C8F918B34FF0FF3031
:10BB10004FF0FF31E6F7E4FD0546B0B112210C30DD
:10BB2000FFF738FC0346224623F8027B144603CC79
:10BB3000596006A98C421860224603F10803F5D12A
:10BB4000294642F21A00E6F717FE3046E8F700F9F8
:10BB500007B0F0BD4FF0FF304FF0FF31E6F7C0FD0A
:10BB600004460028F1D002210C30FFF713FC2146D7
:10BB7000078042F21B00E6E770B506460D464FF01F
:10BB8000FF304FF0FF31E6F7ABFD044660B1032113
:10BB90000C30FFF7FFFB068085702146BDE8704042
:10BBA00042F22100E6F7E8BD70BD73B5C368D978ED
:10BBB0009A781E8842EA0122ADF8002059791A7954
:10BBC000B4B242EA0122ADF80220D9799A7920462E
:10BBD00042EA0122ADF804201A7A5B7A012142EA96
:10BBE0000323ADF80630E8F799F9054628B9022194
:10BBF0002046FFF7C1FF02B070BD6946E8F794FB2D
:10BC000038B91E212046FFF7B7FF2846E8F7A0F80D
:10BC1000F1E74FF0FF304FF0FF31E6F761FD0446EA
:10BC20000028F2D00E210C30FFF7B4FB0023068071
:10BC3000C0F80A30BDF8003021464380BDF802301C
:10BC40008380BDF80430C380BDF80630038142F222
:10BC50002000E6F791FDD8E7033138B5C9B20546B3
:10BC60000E20E7F73DF8032104460C30FFF792FB66
:10BC70000123A0F801500370204638BD70B5054679
:10BC80000E460F200421E7F72BF8042104460C3060
:10BC9000FFF780FB0122067042704580204670BD90
:10BCA000072208B504F0C1FDB0FA80F0400908BDD4
:10BCB0000B6803608B8883808B7983717047F8B53C
:10BCC0000F46144638BB4FF0FF304FF0FF31E6F718
:10BCD00007FD054610B327210C30FFF75BFB22461A
:10BCE00006463946FFF7E4FFC31D04F1100152F880
:10BCF000040B8A4243F8040BF9D11022002106F10B
:10BD0000170004F08AFD2946BDE8F840002242F2FF
:10BD10002700E6F779BD6FF01500F8BD6FF06800F9
:10BD2000FBE7037A02465B0705D501462E3211F880
:10BD3000010BFFF7C4BF704738B54FF0FF31054620
:10BD40004FF0FF30E6F7CCFC044658B129460C30E2
:10BD5000FFF72FFB2146BDE83840002242F22D00BC
:10BD6000E6F752BD6FF0680038BD10B400F1100363
:10BD7000D3E8EF2F22F40051C3E8E41F002CF7D1E1
:10BD8000930403D5012110BC00F001B910BC704729
:10BD90002DE9F041D1F8048004460D4686B0B8F193
:10BDA000000F1DD1037A5B071AD50E68411C701C69
:10BDB000FFF776FF2E36162241460746684604F006
:10BDC0002CFD10226946304604F02FFD58B137B9DA
:10BDD0001022304604F12E0104F027FD00B96C60FA
:10BDE00006B0BDE8F081002FF9D1F9E700F11003AA
:10BDF000D3E8AF2FD2050AD5D3E8EF1F41F40051A5
:10BE0000C3E8E21F002AF7D1002100F0C0B8704754
:10BE100010B50C4630B919B1EBF7A4FC00B1441CC5
:10BE2000204610BD0024FBE718B111B10846E6F723
:10BE3000C5BF6FF01500704713B5044680B10621E9
:10BE40006846F6F7A9FF48B99DF80530694603F042
:10BE50003F0320468DF80530FFF7E6FF02B010BD26
:10BE60006FF01500FAE7003818BF01207047037A19
:10BE7000D90704D523F001030372E7F701B8990746
:10BE800004D523F002030372E7F784B870472DE965
:10BE9000F74F884601904FF0FF314FF0FF30E6F743
:10BEA0001FFC0446002849D020210C30FFF772FA0D
:10BEB000002706460021202204F0AFFC3946D8F8BE
:10BEC000005006F1010BD8F804309F4208D33170BE
:10BED00000222146019803B0BDE8F04FE6F794BC7C
:10BEE0006A78881C13181F2B95F800C05FFA80F938
:10BEF00008D9BCF1090FC9F11F0217D1002A15DDBD
:10BF00004FF0080C5FFA82FA0AF1010E0BF801E01B
:10BF10000131C9B20BF801C069685844D14404F03A
:10BF200056FC01375FFA89F10835CCE72046E5F782
:10BF3000E1FF6FF0150003B0BDE8F08F6FF068000F
:10BF4000F9E770B506460D464FF0FF304FF0FF3170
:10BF500086B0E6F7C5FB0446B0B10C3095B10121BF
:10BF6000FFF727FA204606F1100203A908230095DF
:10BF7000E6F7A4FB0022214642F20A00E6F744FC61
:10BF800006B070BD2946EBE76FF06800F8E7FFF7F1
:10BF9000D8BF183003F097B8E7F7B6BB01F120031C
:10BFA000013813F8012D8B4200F8012FF9D17047A9
:10BFB00000230B60436813B9C0E900117047196092
:10BFC00041607047D0F8B400003818BF01207047B6
:10BFD0000846896918301160426800211A6010F81B
:10BFE0000D2C04F01ABC034610B5D3E8EF0F40EA5D
:10BFF0000102C3E8E42F002CF7D110BD2438E7F785
:10C000001DBE002203680BB9184670478B4210D141
:10C010000B6842B942680360914200D1436000233B
:10C0200001200B60704713604368994208BF42606B
:10C03000F5E71A461B68E6E710B50446006918B133
:10C04000E5F758FF0023236110BD70B516460D4675
:10C0500001210446E7F72AFE012E17D0022E17D140
:10C06000236913B12046FFF7E7FF256121690A8A9A
:10C07000012A39D9CB681B8804339BB29A4233D347
:10C080002AD92046BDE87040FFF7D6BF206918B90D
:10C090002046FFF7D1FF01E02A8A22B92846BDE8F1
:10C0A0007040E5F727BF018A438A46695B1AC16879
:10C0B000891B5B1A9A4207D901460022204600F0EC
:10C0C000FEFB00232361E9E7E9680C30FFF768F91C
:10C0D0002846E5F70FFFC9E7002323612046BDE8A6
:10C0E0007040012200F0EBBB70BD10B500F1C8023A
:10C0F000D2E8AF3F5BB1591CD2E8EF4F9C4204D16C
:10C10000C2E8EC1FBCF1000FF6D1F1D110BD18460A
:10C11000FCE710B5437B0446023B062B16D8DFE84C
:10C1200003F009041515150B0900017300212046C1
:10C13000E7F75AFE002010BD0088FFF772FC0028C8
:10C14000F9D1637B072BF5D10821F0E76FF07F0071
:10C15000F1E710B50446D0F8A40028B9207A04F11C
:10C160007001EBF73DFB38B1E278438A2AB903F05E
:10C170002100003818BF012010BD03F02400F8E7AB
:10C1800038B583780446012B23D1437B072B23D179
:10C190000B0601F07F050CD54FF400410430FFF78A
:10C1A00022FF2046A572EAF7BFFF08B1637AA372A7
:10C1B00038BD437AAB4212D2837AAB420FD2031D11
:10C1C000D3E8EF1F21F40041C3E8E21F002AE8D0C2
:10C1D000F6E76FF01500EBE76FF07F00E8E700206F
:10C1E000E6E78378012B0CBF407A0020704738B512
:10C1F000037A04468B42154615D100F170010722DF
:10C20000284604F012FB80B1E378072243B904F119
:10C210007E01284604F009FBB0FA80F0400938BDE1
:10C2200004F17701F5E70020F9E70120F7E708B509
:10C23000E8F73AF910B1E7F78BFD012008BDF8B532
:10C2400007460D464FF0FF304FF0FF31E6F748FA52
:10C250000646D0B10E210C30FFF79CF804460E22A2
:10C26000002104F0DAFA3B88314623802B88002233
:10C2700063806B8842F21300A380AB88E380EB8875
:10C280002381BDE8F840E6F7BFBA6FF06800F8BD5B
:10C2900000230B60436813B9C0E9001170471960AF
:10C2A00041607047136839B9416803608A4200D120
:10C2B00043600023136070470B6043689A4208BFD5
:10C2C0004160F6E770B5446B0D4694B10021083C1F
:10C2D00094F86C60AE420ED194F86D60964202D034
:10C2E000B2F5807F07D123B104F108023430FFF7A3
:10C2F000D9FF204670BD04F10801A468002CF8D0D5
:10C30000083CE5E70A4640393F29034610B517D8EF
:10C31000406B60B10021A0F10804A08A904207D1CF
:10C3200003F1340004F10802FFF7BCFF204610BD02
:10C33000A0680028FBD004F10801A0F10804ECE794
:10C340000020F4E7536810461B69184770474B6894
:10C3500008469B6903B118477047D0E8AF0F704794
:10C36000703002F0B0BE10B50446FCF7F7F9214674
:10C3700051F8C00BD0F8B4304BB9B430FFF788FF98
:10C38000FCF700FA2068BDE81040E7F709BD9942C4
:10C39000F6D01B68F0E7D0F8B43043B1D0F8B8104D
:10C3A0001A688B42C0F8B42008BFC0F8B8207047A4
:10C3B00038B5044600F12C03D3E8EF5F0D44C3E821
:10C3C000E25F002AF8D104F11001D1E8EF3F43F019
:10C3D0000102C1E8E52F002DF7D1DB070AD463681D
:10C3E000DB6903B19847236B23B12046BDE8384091
:10C3F000FFF7B9BF38BD002310B58382C38A0BB9DC
:10C400003F23C3823F2B194628BF3F218A1C446823
:10C4100092B2028324691CB901339342A8BFC1823E
:10C4200001231C30D0E8EF2FC0E8E13F0029F9D10B
:10C4300010BD002310B400F12C0243628362C3627A
:10C44000D2E8EF1FC2E8E43F002CF9D110BC303035
:10C4500002F003BD2DE9F0410446D0E90056F5B1E4
:10C46000FCF77CF90021D5F8B43004F1C0022BB1FF
:10C470009A4223D105F1B400FFF714FFFCF782F9CB
:10C4800004F13007002200233846FBF75BFC054629
:10C49000B8B973680BB12046984700232360002386
:10C4A00084F86830A4F86A30E3680BB120469847F6
:10C4B000336A8BB12046BDE8F041184719461B6826
:10C4C000D5E7AB6923B16FF06D02E9692068984741
:10C4D0002846E5F70FFDD5E7BDE8F08110B4436BC2
:10C4E0000A467BB10021083B9A4204D110BC0832B5
:10C4F0003430FFF7D7BE9C6824B103F10801A4F1E2
:10C500000803F1E710BC704738B550F8705CA0F133
:10C51000700421462846FFF7E1FF2046FFF79AFF07
:10C5200094F86D2094F86C1001232846FFF7CAFE9A
:10C5300004460028F2D138BD10B5406B20B150F848
:10C54000084904B1083C00B910BDFFF783FF2CB1C6
:10C55000A36803B1083B20461C46F4E72346FAE7EC
:10C5600038B50546006898B1407B072810D1087A95
:10C57000012810D1C87A07280DD98A61CB6105F14D
:10C58000300002F098FC2846FFF7EDFE002038BD91
:10C590006FF07F00FBE76FF01500F8E7406B28B104
:10C5A000838B08388B4201D08068F8E7704738B534
:10C5B0000D460521FFF7F2FF002329461A46FFF733
:10C5C000CFFF044610B12846E5F794FC204638BD5D
:10C5D00070B50446E8F76CF80E46042201461620B2
:10C5E000E8F7C8F8054670BB04F11006D6E8EF3F3F
:10C5F00043F00203C6E8E23F002AF7D1206C20B1E5
:10C60000E5F778FC2564A4F8445004F130050022D5
:10C6100000232846FBF796FB78B904F15805002261
:10C6200000232846FBF78EFB50B96368DB6903B330
:10C6300031462046BDE870401847E5F75BFCE6E769
:10C64000E5F758FCEBE704F11C03D3E8EF2FC3E850
:10C65000E16F0029F9D1042105F10C00FEF79AFEE3
:10C66000A38A4680038029462068BDE87040FFF712
:10C670009EBF70BD70B5446B0E4624B154F8085986
:10C6800005B1083D04B970BD04F11003D3E8EF2FE4
:10C6900022F00401C3E8E01F0028F7D1530707D5B3
:10C6A0009EB120682146FFF719FF2046FFF7D2FE12
:10C6B00063689B6813B13146204698475DB1AB680B
:10C6C00003B1083B2C461D46DCE72046E4F75CFA44
:10C6D0000028EDD0E5E72B46F4E710B54AB989B25A
:10C6E000FFF75CFF28B143689B6913B1BDE81040B8
:10C6F000184710BD406B28B1838908388B4201D0A0
:10C700008068F8E7704770B50646E7F7D1FF0C463A
:10C71000082201461220E8F72DF8054688B10821C5
:10C720000C30FEF737FE228829460280628842805C
:10C73000A2888280E288C2803046BDE87040FFF760
:10C7400036BF6FF00B0070BD704770B503680446CC
:10C750003BB3E7F7ADFF0422014606460620E8F7A3
:10C7600009F8054600B30623042184F86D3084F8E7
:10C770006C600C30FEF70EFEA38C29460380A38A62
:10C7800043802068FFF713FF30B94FF224420023A3
:10C7900004F17000FBF7B2FD0423002084F8683038
:10C7A00070BD6FF07F00FBE76FF00B00F8E7F8B5A6
:10C7B00004460D4600F11C031846FFF7CEFD68B392
:10C7C000421ED3E8EF1F814203D1C3E8E62F002EBB
:10C7D000F7D1F1D12B8A228B9A421FD3276C2FB12C
:10C7E00029462046BDE8F840E8F74AB9012B15D99B
:10C7F00005F10C00FEF71AFEE38A064683420DD3CC
:10C8000063681B694BB3204698470346206428B1F0
:10C81000C27A012A07D8E5F76DFB27642046BDE8F8
:10C82000F840FFF792BFA4F84460198A5A8A208B17
:10C83000521AD9685B69CB1AD21A2B8AF61A431E90
:10C84000B24294BF9B189B19B3FBF0F399B2002935
:10C85000C6D02046FFF7BCFEC2E72846FEF759FDCA
:10C860006368014606465B692046984710F1770FDA
:10C8700005460ED03046E5F73DFB002DCEDB94F8A3
:10C880006830032B05D12046BDE8F8400121FFF7B1
:10C890009FBEF8BD70B5A0F1480600F1100400225B
:10C8A00000232046FBF74EFA054600B970BD30461E
:10C8B0002946FFF77CFF2846E5F71CFBEFE770B53C
:10C8C0000B8A0546032B0C46164604D82046BDE8C5
:10C8D0007040E5F70FBB042104F10C00FEF796FD54
:10C8E00041882846FFF706FF05460028EED0838AD8
:10C8F000403B9BB23F2B21D8EEB190F86830042B1F
:10C90000E4D01030FFF729FD8307DFD4B5F86A3093
:10C910002146803B9BB27F2B03D92846FFF747FF78
:10C92000D4E705F1580002F0C6FA05F14800BDE869
:10C930007040FBF73FBCFFF708FFC7E7436821469D
:10C940005B699847C2E70346006828B159680268E6
:10C9500088421A6008BF5A6070470346002003B936
:10C9600070471A8A5B681044F9E710B5D468023141
:10C97000237813B92170012010BD8B42FBD0038AAC
:10C98000023B038200201061F6E72DE9F0410446E6
:10C990008868FFF7E2FFE38BE28D0D46934228BFE4
:10C9A000134683421FD30027C4F8D410D1F808805F
:10C9B0008F60FBF7D3FE41462046E8F767FB06464B
:10C9C00040B1C5F80880C4F8D470FBF7DBFE3046F0
:10C9D000BDE8F081E18DE38B2846994228BF1946D6
:10C9E00001F03FF8F1E76FF07906F0E72DE9F0414B
:10C9F000C369064653B11D68A3F58C770DB1A5F543
:10CA00008C750022144606F104080FB9BDE8F081C8
:10CA1000D7F8D4309BB904B98AB94046FFF793FFE1
:10CA2000044658B101463846FFF7AFFF0028EDD065
:10CA300073682360B368746003B9B4603A463DB16B
:10CA4000D5F818310BB1A3F58C732F461D46DCE7E2
:10CA50002B46FAE773B51446014605464FF4957226
:10CA6000206800F0BDFE207530B92946206800F02E
:10CA7000FBFF20B908232375002002B070BD237A84
:10CA8000B3B1A3F11802534253419B000193638A4F
:10CA900029460093AE68238AE2682068B0470028E0
:10CAA00008DB238A83420CD1002301202375E4E7AD
:10CAB0000223EBE710F1FF0F03D34042C0B2207511
:10CAC000DAE70E20FBE738B504460D46E8F7DEFA54
:10CAD00030B1294604F1D800BDE8384002F0EBB986
:10CAE00038BDF8B5936805460F461446166863B915
:10CAF000506801210C30FEF74DFCA0602B681B78BC
:10CB0000002B14BF022301230370A3681B78012BA1
:10CB100003D0022B1FD000201CE02B681B78002BB9
:10CB2000F9D1606804210C30FEF734FCE060078026
:10CB30002A68E36852885A806168F28DF38B088A0C
:10CB40009A4294BFC0EB0200C0EB0300042894BFDC
:10CB500000200120F8BD2B681B78022BDBD1606818
:10CB600012210C30FEF716FCE06007802B68E268AB
:10CB7000591C0232113351F8040B994242F8040B4C
:10CB8000F9D16168F28DF38B088A9A4294BFC0EBA9
:10CB90000200C0EB03001228D9E770B40668F269FE
:10CBA0006AB31368A2F58C740BB1A3F58C730022E1
:10CBB00011467CB9C38DC08B8B4201D8904220D9DD
:10CBC000824238BF02469942306838BF194670BC6D
:10CBD000E9F750BE844207D0E58DE48BA94238BF07
:10CBE0002946A24238BF22463BB1D3F818510DB1B5
:10CBF000A5F58C751C462B46DBE71D46FAE711466A
:10CC0000D8E770BC70472DE9F041CB6805461F8816
:10CC1000BBB2162B1BD90321E8F7F6FA0646C0B1C2
:10CC200002210C30FEF7B6FB00244FF041083146DC
:10CC300080F8008044702846FFF745FF2846A5F895
:10CC40001E80EF85FFF7A9FF2046BDE8F081042094
:10CC5000FBE70E20F9E7D0680431037813B90170BF
:10CC6000012070478B42FBD0002091680B8A043B67
:10CC70000B82106170472DE9F0418846174601216B
:10CC8000042205461E46E8F759FA044670B104210D
:10CC90000C30FEF77FFB80F80080A0F80170C670B2
:10CCA00021462846BDE8F041FFF70DBFBDE8F08101
:10CCB0001FB5CDE9012300231A460093E9F7BEFA18
:10CCC00005B05DF804FB0022036803B970478B428E
:10CCD0000FD10B683AB942680360914200D14360BA
:10CCE00000230B60704713604368994208BF42609D
:10CCF000F6E71A461B68E8E7D0E8EF3F43F0080282
:10CD0000C0E8E12F0029F7D1C3F3C000704707B591
:10CD1000CA680C211388528800920D22E8F714FB90
:10CD200003B05DF804FB07B50022CB680A211B881D
:10CD300000920B22E8F708FB03B05DF804FB70B526
:10CD400004460E46002200230846FAF7FBFF05467C
:10CD500058B101462046E8F799F9044618B129462A
:10CD6000304602F0B3F8204670BD6FF00104FAE7D8
:10CD700037B50C46054601F10C00FEF757FB228A39
:10CD800003460192E2681221009228461322E8F736
:10CD900019FD03B030BD37B50C46054601F10C0056
:10CDA000FEF744FB228A03460192E268284600927D
:10CDB00000221146E8F706FD03B030BD2DE9F0432F
:10CDC00042F60103002591B0D2F8008007460E46D6
:10CDD00000680BA9D8F8089014468DF82C50ADF8CF
:10CDE0002E30FEF772FB002800F082804FF42053B3
:10CDF00038680BA98DF82C50ADF82E30FEF765FB86
:10CE000038B1A3681BB15A88B24200D25E800120BB
:10CE100010E061680846FFF7A0FDB8F82E20B8F8CA
:10CE20001E309A4294BFC0EB0200C0EB03000328FF
:10CE300003D8002011B0BDE8F0830846FEF770FA71
:10CE4000054661680846FFF788FD6B8A2A8AA3EBCE
:10CE5000020C6B69EA68D21AACEB0203B8F81EC088
:10CE6000B8F82E20944594BFC0EB0C00C0EB020034
:10CE7000834228BF03466BB9887AE4F793FF002208
:10CE80000023FEF717FA05460028D2D00146606855
:10CE9000FEF757FA002300933946D7F80480102391
:10CEA000484602AAC047071E22DB227CE068BA423D
:10CEB0001AD001460BA8FEF735FBC8B1FAB202A999
:10CEC00006A8FEF72FFB98B106A90BA8FEF7FDFAFE
:10CED00070B900230421637405F10C00FEF75AFABF
:10CEE000A0600680A36891E702A903F09EFCEFE72B
:10CEF0000023A3608BE72DE9F04F064685B010466E
:10CF000090469946FFF729FDF38BF28D8B469342AD
:10CF100028BF1346834275D9B36840460393FEF792
:10CF2000FFF94FF0000A04464046FFF716FDE1689E
:10CF3000228A658A6369AD1ACB1AED1AF78BF38DD5
:10CF40009F4294BFC0EB0700C0EB0300854228BF9F
:10CF5000054625BB98F80A00E4F724FF00220023C9
:10CF6000FEF7A8F9044608B9574627E001464046AF
:10CF7000FEF7E7F94046FFF7F0FCE168228A658A90
:10CF80006369AD1ACB1AED1AF78DF38B9F4294BFEC
:10CF9000C0EB0700C0EB0300854228BF0546CDF873
:10CFA0000090DBF804700A4403985946ABB2B847C6
:10CFB000071E07DABAF1000F18BF5746384605B00A
:10CFC000BDE8F08F0E9BABB9394604F10C00FEF7BB
:10CFD000E1F94046FFF7C1FCF38DF28BB94493426F
:10CFE00028BF13468342BA441FFA89F9BCD9AF421D
:10CFF0009AD0B9E7394620460F9A0E9B98470028E9
:10D00000E2D1B1E70027D9E700232DE9F341176802
:10D010001446D7F808800146137306469522404609
:10D0200000F0DEFB0546207330B93146404600F083
:10D0300019FD28B908232373002002B0BDE8F08150
:10D04000A068F98BFA8D038A914294BFC3EB010368
:10D05000C3EB0203012BEFDD02210C30FEF79AF93E
:10D06000CDE900558046A38831463846A268FFF7CF
:10D0700042FF031E06DA13F1FF0F2ABF5B420E23A5
:10D08000DBB2D8E70120A8F80030D6E700232DE96D
:10D09000F34117681446D7F8088001461373064613
:10D0A0009522404600F09CFB0546207330B931467E
:10D0B000404600F0D7FC28B908232373002002B0B3
:10D0C000BDE8F081CDE9005531463846A388A26815
:10D0D000FFF711FF002807DA10F1FF0F32BF0E2013
:10D0E0004042C0B22073E9E70120E8E7F8B5054601
:10D0F00050F8084CA0F1080700F1C803D3E8EF1F6F
:10D1000021F00401C3E8E21F002AF7D104B3D5F8E7
:10D11000CC3083B9636873B1201DFFF714FC064659
:10D1200001463846FFF731FC90B163683360A3686D
:10D13000666003B9A660384605F1D001FFF7FFFD30
:10D1400030B1384604F10C01BDE8F840FFF7F7BDF7
:10D15000F8BD08B5437B072B01D0002008BD042192
:10D16000FFF7C8FA0028F8D000F1C803D3E8AF3FB2
:10D17000DB07F2D550F8080CF0E738B50546D1E8E2
:10D18000AF3FDB0718D550F8080CA8B1D5F8CC3064
:10D1900093B90430FFF7D7FB044668B10146A5F107
:10D1A0000800FFF7F2FB38B155F8083C5A682260D6
:10D1B0009A685C6002B99C6038BD70B50E46154631
:10D1C000FFF7C7FF80B1C36973B1A3F58C701B680B
:10D1D0000BB1A3F58C73691CC28DC48BA24228BF0E
:10D1E0002246914202D93BB9002070BD2A46314601
:10D1F000BDE87040E7F7A2BFD3F818410CB1A4F521
:10D200008C7418462346E7E7E8F7ACBF10B5044630
:10D21000E038E8F7A9FD54F8E00C1321BDE8104010
:10D22000FEF777BF70B550F8083C0446A0F1080639
:10D23000002B36D041B1D0F8CC30002B31D01B7C44
:10D24000DA072ED505231FE005682846E9F732FBEB
:10D250006B7A012B25D0D4F8CC4014B3237CDB07A8
:10D260001FD5E368002BEDD030466269617CE7F79B
:10D2700065FF054638B1D4E90512E368984750B117
:10D280002846E4F737FE0E2300223046BDE8704002
:10D290001146E8F72FBD29463046E7F7F7FE00288C
:10D2A000EED170BD08B500230A8AC968E8F722FDEF
:10D2B000002008BD70B50D46FFF74BFF044628B9A6
:10D2C0002846E4F717FE6FF07F0070BD00F10C06F2
:10D2D0002946304601F0EFFDE369DBB11C68A3F598
:10D2E0008C750CB1A4F58C740022104608E02A4617
:10D2F00084B1D4F818310BB1A3F58C7325461C46C4
:10D30000831C01D1002AF3D131462846FFF717FDCF
:10D310000028ECD10020D8E738B505460C46FBF7CD
:10D320001DFA2846FFF715FF20B9FBF72BFA6FF01F
:10D330007F0038BD0023236083683BB9C0E9014406
:10D34000FFF754FBFBF71EFA0020F2E71C60846035
:10D35000F6E70120704708B5FFF7FBFE80B1C3690F
:10D3600073B1A3F58C7303F1D002D2E8EF0F20F074
:10D370000800C2E8E10F0029F7D1D3F81831EFE730
:10D3800008BD08B50421FFF7B5F920B1C830D0E8D1
:10D39000AF0FC0F3C00008BD10600020704710B58B
:10D3A000029CA36833B1B1F5807F28BF0E21CAB2B9
:10D3B00021469847A37DE268013BDBB2A37522B109
:10D3C0001BB92046BDE81040104710BD1060918089
:10D3D00000207047072208B503F027FAB0FA80F062
:10D3E000400908BD034610B5D3E8EF0F40EA01023B
:10D3F000C3E8E42F002CF7D110BD0B6803608B88C5
:10D4000083808B798371704770B50D46064611F89D
:10D41000010BE7F749F8044610B12C89E6F798FCB0
:10D42000A87A05F10B01E7F73FF828B16B8A9C4217
:10D4300038BF1C46E6F78CFCAB8AA34207D0AB6929
:10D44000AC8223B121463046BDE87040184770BD1C
:10D4500038B5BDF810401546A2420CD84CB16BB19E
:10D46000A41A8C42A8BF0C46A4B22246591903F054
:10D47000AEF9204638BD6FF00604FAE76FF00D04F0
:10D48000F7E730B585B0C96814461D46E8F734FDA6
:10D4900000B100890223ADF80E0000932946204612
:10D4A000BDF820200DF10E03FFF7D2FF05B030BD0F
:10D4B0001FB50C461946E36810461C78BDF81820C5
:10D4C0003CB110240133069404B0BDE81040FFF7CE
:10D4D000BFBF5B88ADF80E30022300930DF10E0341
:10D4E000FFF7B6FF04B010BD30B51D46002385B070
:10D4F00014468DF80C30E8F7ABFC10B1037A8DF8C8
:10D500000C300123294600932046BDF8202003ABB0
:10D51000FFF79EFF05B030BD08B5E8F7CBFC18B1AA
:10D52000002303604360836008BD70B500F170069E
:10D5300005463146007AFEF753FA04463146287A0A
:10D540001CB1BDE87040FFF7E7BFE8F7B3FC10B1CE
:10D5500004604460846070BD022A10B508D10023C5
:10D5600000F170011A46007AE8F7FEFC022010BDB7
:10D57000FFF7DBFFFAE7F0B5076806463D7814468B
:10D5800089B02DBB7B88B3F5245F04D01AD8A3F5EE
:10D590002053032B1CD8ADF80A10022220460DF1AF
:10D5A0000A0102F0AFFA48B97B88022220460DF149
:10D5B0000A01ADF80A3002F0A5FA68B16FF0150360
:10D5C000E36406E003F55643FF339BB2042B14D902
:10D5D0000125284609B0F0BD009003AA1323314667
:10D5E0007768B847021E01DAE264F2E703A9204631
:10D5F00002F088FA0028EBD0E0E7ADF80A1002222A
:10D6000020460DF10A0102F07DFA0028D6D17B8870
:10D610000222ADF80A300DF10A01E8E701210C30D1
:10D62000FFF7E0BE2DE9F0419846BDF818300646F8
:10D63000012B17462DD84344012B45462CDCE8F737
:10D6400007FC044618B9E8F703FC044638B3B8F100
:10D65000000F11D00023217A21FA03F2D00703D55D
:10D660003A78DA40D2071DD50133032BF4D13B7849
:10D6700003F0070319432172601C06F17001FFF7E4
:10D68000BCFE337A20462370FFF7C8FF2846BDE86A
:10D69000F0816FF00605F9E76FF00C05F6E76FF023
:10D6A0001005F3E76FF01205F0E738B504461546AC
:10D6B000FFF74FFE40B12046E8F7CAFB20B1037ADE
:10D6C000DB0701D5FFF7AAFF35B9207A04F1700115
:10D6D000E8F7F0FB00B1856038BD38B5BDF8101033
:10D6E000BDF818401046A142059D0CD84CB16DB153
:10D6F000641A9C42A8BF1C46A4B22246294403F0E7
:10D7000066F8204638BD6FF00604FAE76FF00D04A6
:10D71000F7E713B5044610B9002002B010BD00238E
:10D720008DF8043042F60303006801A9ADF8063015
:10D73000FDF7CBFE0028EFD1E36898880028ECD1F4
:10D740002046E8F74BFD013080B2E6E770B5CC68C3
:10D750001E46A37988B008468DF80C301546FFF7B1
:10D76000D8FFADF80D00246823786BB96388ADF855
:10D770000F300523009331462846BDF8302003AB17
:10D78000FFF766FE08B070BD631C0DF10F02113487
:10D7900053F8041BA34242F8041BF9D11323E9E711
:10D7A0001FB5CDE9012300231A460093E8F746FD93
:10D7B00005B05DF804FB002313B58DF8043042F684
:10D7C0000303044601A90068ADF80630FDF77DFEAD
:10D7D00018B92046E8F720FE0446204602B010BDE6
:10D7E00038B54C8AD3070546C4F30E0404D514F0AB
:10D7F000950F2AD04B6843B3900704D514F4957F56
:10D8000025D08B681BB3144014F4DE7F0DD0EB7A67
:10D810002BB92846FEF79DFCD8B9052038BD14F079
:10D82000300F04D114F4C07F07D10020F6E728465A
:10D83000FEF7D7FC0228F5D8EFE7D5F8A430002B87
:10D84000EBD05B7CDB06E8D5EFE70220E6E70320C0
:10D85000E4E70F20E2E72DE9F041437B0646072B82
:10D860000C46154686B040F0858000238DF81430B4
:10D8700042F60303206805A9ADF81630FDF725FE32
:10D8800090B96768002F75D001232146009004AA43
:10D89000B84701286ED19DF8103013F0300F69D0D1
:10D8A0002046E8F7B9FD0446002320688DF81430BF
:10D8B00042F6021305A9ADF81630FDF706FE18B1C1
:10D8C0002046E8F7A9FD0446002742F60218206822
:10D8D00002A98DF80870ADF80A80FDF7F6FDF8B9D9
:10D8E000002320688DF8143042F6021305A9ADF824
:10D8F0001630FDF7EAFD00283CD16768002F39D0CB
:10D90000009002232146304605AAB847022831D1AB
:10D91000BDF8143005EA0300003818BF01202AE0E2
:10D9200042F60303206803A98DF80C70ADF80E30A1
:10D93000FDF7CBFD0028D3D04FF42053206804A975
:10D940008DF81070ADF81230FDF7BFFD0028C7D07C
:10D9500042F60103206805A98DF81470ADF8163061
:10D96000FDF7B3FD0028BBD02046E8F755FD04467F
:10D970000028ACD1002006B0BDE8F081F8B514460F
:10D980000F46942261680646FFF72AFF20BB01225A
:10D9900030466168FFF75FFF08B3A2891B2130465C
:10D9A0000232FFF70AFC0546E0B1A1890C300231D2
:10D9B000FDF7F0FC20F8027BA289A16802F007FFC6
:10D9C000D4E9041228460123E8F730FA2946304604
:10D9D000BDE8F840FFF76EBC4FF0FF30F8BD6FF0C8
:10D9E0001500FBE76FF00B00F8E72DE9F041054665
:10D9F0008846E8F72DFA0446E0B1037ADA0719D52C
:10DA000000F10C06D6E8AF7F17F0010712D1B8F18C
:10DA1000000F10D0D6E8EF3F23F00202C6E8E12F56
:10DA20000029F7D19B07284608D5FFF794FC20462C
:10DA3000FFF7F4FD01273846BDE8F081FFF789FCC8
:10DA40000028F8D02846FFF79CFC0028F3D0D6E841
:10DA5000EF3F23F00203C6E8E23F002AF7D1284651
:10DA6000E3E77047012070470120704713B5C06895
:10DA7000144668B100238DF804304FF4C05301A957
:10DA8000ADF80630FDF721FD10B92368013323609E
:10DA9000012002B010BD0720704708B50621FEF72F
:10DAA00029FE00B1F03808BDD0E8AF0F084100F002
:10DAB0000100704738B50A46034609B9012038BD50
:10DAC000488A10F0240FF9D0197D5D7B147CA9429F
:10DAD00028BF29468C4201D90020F0E7800607D4F0
:10DAE000517CC9070BD4187A003818BF0120E6E72B
:10DAF0000521181DFFF7D8FF0028F1D1ECE7197AAE
:10DB00000029E9D00521181DFFF7CEFF18B9197AB1
:10DB100001390129E0D9527CD207CFD4E3E70123B0
:10DB20008B40DB43D0E8EF2F1A40C0E8E12F0029FB
:10DB3000F8D170470720704701238B40D0E8EF2FC2
:10DB40001A43C0E8E12F0029F8D1704708B50E212B
:10DB5000FFF7F2FF002008BD38B505460B4604303C
:10DB60000D21FFF7A1FFA0B1DC68D5F8F03002204D
:10DB7000197A03F1700200F07DFB80B1224600F1BA
:10DB80002E0304F1100152F8040B8A4243F8040BEF
:10DB9000F9D128460921FFF7CFFF002038BD082022
:10DBA000FCE738B504210446E8F780FF054698B144
:10DBB00010210C30FDF7EEFB04F1270304F13702CE
:10DBC00053F8041B934240F8041BF9D12046294620
:10DBD000E8F722FF002038BD0820FCE72DE9F047D8
:10DBE000044690B00CAD10220021284602F015FE2C
:10DBF000237A052B1ED8DFE803F0060303061D2158
:10DC0000D4F8D8300C93D4F8F03004F1470204F182
:10DC1000C707CDE9017204F1370803F17E0204F170
:10DC20002709009241464A46773304F19700E9F705
:10DC3000E9FD98B1082010B0BDE8F087D4F8E430D1
:10DC4000002BE0D02E4603F11007324618685968C1
:10DC5000083303C2BB421646F7D1D4E7D4F8F030FC
:10DC600008AE03F177027E33019304F111030292AF
:10DC7000009342462B4649463846039600F059FB2E
:10DC80000028D7D1237A052B0FD1D4F8E010002932
:10DC900048D00B46AC4601F1100E62461868596830
:10DCA000083303C273459446F7D1D4F8F0300DF130
:10DCB000100A03F17E027733019304F10A03029202
:10DCC00000934A462B4641463846CDF80CA000F05A
:10DCD00030FB0028AED11022514604F1B70002F00B
:10DCE000A4FD20BB0D212046E8F7E0FE07460028F2
:10DCF000A0D010210C30FDF74DFB324603461646EE
:10DD000003CEAE4218605960324603F10803F6D1E3
:10DD100039462046E8F780FE201D0121FFF70CFF61
:10DD2000002088E71022284602F077FDBDE70B208F
:10DD300081E770B5D0F8F0300446DB78012B19D1BB
:10DD4000CD68061D10213046FFF7E9FE2B4604F191
:10DD5000B70205F1100153F8040B8B4242F8040B93
:10DD6000F9D107213046FFF79FFE28B1092130463F
:10DD7000FFF7E2FE002070BD0A213046FFF794FE57
:10DD80000028F3D12046BDE87040FFF727BF70B5EB
:10DD9000061DCD6804460B213046FFF7C0FE2B461A
:10DDA00004F1170205F1100153F8040B8B4242F8FD
:10DDB000040BF9D1237A012B09D0022B13D1204671
:10DDC0000421FFF7B9FEBDE87040E8F73BBF0A2128
:10DDD0003046FFF769FE0028F1D030460021FFF7FA
:10DDE000ABFE002070BD0820FCE70720704707202D
:10DDF000704707207047012303FA01F1CA4330B589
:10DE0000D0E8EF3F03EA0204C0E8E54F002DF7D168
:10DE100001EA0300003818BF012030BD38B50446C0
:10DE20000025031DD3E8EF2FC3E8E15F0029F9D1F6
:10DE300004F5DC7001F047F92572D4E8EF3FC4E83F
:10DE4000E25F002AF9D12046BDE838400121FFF702
:10DE500073BE70B500F1700605460C4607223046C9
:10DE6000096802F0E2FCB8B963681A682A679A8800
:10DE7000A5F874209B7985F87630D5F8A4305BB18D
:10DE8000A268934208D062681168C3F801109188B3
:10DE9000A3F805109279DA7170BD2DE9F84FDDF81D
:10DEA0002C80044692461F46BDF82890FFF7F5FDEA
:10DEB000054600285CD0061DB9F1000F27D15AEAAB
:10DEC000070324D103213046FFF7EEFDF8B101210D
:10DED0003046FFF7E9FDD0B12C7D6B7B05F14701A2
:10DEE0009C4228BF1C462246404602F070FC0F2C84
:10DEF00006D84946C4F1100208EB040002F08DFC7C
:10DF000030460121FFF718FE0120BDE8F88FD4F854
:10DF1000A43083B904F1700B5A462020217AE9F726
:10DF200007FCC4F8A40030B95A460120217AE9F769
:10DF3000FFFBC4F8A400B9F1000F0CD15AEA07079F
:10DF400009D1D4F8A41031B14B8A9B0603D50C7CBF
:10DF50001E312246C8E70F213046FFF7A5FD20B14C
:10DF6000022206212046E6F74BFA2846FFF756FF25
:10DF70000020CAE76FF085007047F8B5031D06461C
:10DF80000F4618460221FFF78FFD044620B1B6F870
:10DF9000E840B4FA84F4640903211846FFF784FDCD
:10DFA00058B139463046E9F781F9052194B1D6F8E0
:10DFB000F000FEF7AEF80020F8BD01211846FFF78B
:10DFC00073FD0028EDD10F211846FFF76DFD0028E5
:10DFD000E7D1EAE73046E8F769FD054688B1012157
:10DFE0000C30FDF7D7F9234607702246294606F183
:10DFF000F000FEF7B5FA0028DDD02846E3F77AFFF7
:10E00000D9E76FF06800D7E770B504460820E8F755
:10E01000B9FC0546E0B1061D08213046FFF77FFD3B
:10E02000BCB30721FFF77BFD234605F1970204F1FE
:10E03000200153F8040B8B4242F8040BF9D10A215A
:10E040003046FFF731FD70B109213046FFF774FD0E
:10E050000720E8F797FC0446E8B1E8F7F5FCD0B1F3
:10E060000821204612E010213046FFF71DFD09214E
:10E070000028EAD13046FFF717FD0028E8D02846EF
:10E08000FFF7ACFD01460028E2D02846FFF775FFF8
:10E09000DEE70B21F9E770BD2DE9F0410E4604469D
:10E0A000D0F8F080E8F77EFCF768261D05460A21C7
:10E0B0003046FFF7A0FE38B16DB920463978E9F750
:10E0C000F5F80020BDE8F0810B213046FFF793FE04
:10E0D0000028F1D1F1E72B69002BEED0404698479C
:10E0E000EBE770B50446A0F1F00650F8C83BEC3CF5
:10E0F000D3F8A45000F0E7FF03212046FFF7D4FC3B
:10E10000A0B108213046E9F7D1F83DB16B8A13B1CF
:10E110006B7C9B0702D5284600F0C0F83046BDE86E
:10E1200070404FF4F872002102F077BB01212046C5
:10E13000FFF7BAFC0028E4D10F212046FFF7B4FC1A
:10E140000028DED1E1E710B504460821A0F5DC7017
:10E15000E9F7ACF8A4F5DA700421BDE81040FFF748
:10E16000EBBC70B50446FFF798FC0546002875D057
:10E17000061D03213046FFF797FC00286ED0D4F827
:10E18000A40008B100F08AF8207A04F17001E9F7E0
:10E190008FFAC4F8A40028B92846BDE870400821C9
:10E1A000FFF7EBBE0E213046FFF77EFC28B1D4F816
:10E1B000A420537C43F0020353742B7A032B0DD815
:10E1C000002B4CD1D4F8A420537C23F020035374AB
:10E1D000D4F8A420537C23F001030DE0053B012B70
:10E1E000F0D8D4F8A420537C43F020035374D4F81F
:10E1F000A420537C43F0010353742B7D697BD4F836
:10E20000A4208B4228BF0B46304613740521FFF72C
:10E210004BFCD4F8A420537C40B343F010030D21F1
:10E2200030465374FFF740FCC0B12021D4F8A4005D
:10E2300000F030F8D4F8A43005F147021E3357350A
:10E2400052F8041BAA4243F8041BF9D10023D4F866
:10E25000A42053619361D4F8A420938370BD052159
:10E260003046FFF721FC0028ACD0C0E723F01003B4
:10E270005374F3E770B504460D461646E9F758FAAD
:10E2800038B931462846E9F713FA10B1438A1C43DE
:10E29000448270BD438A19434182704710B5037AA6
:10E2A00004465B0701D5E4F775FE2046BDE8104043
:10E2B0004422002102F0B1BA531E1944024411F85D
:10E2C000013900F8013B9042F9D1704710B5431E67
:10E2D00000F11002073013F8011F12F8014D8342BC
:10E2E0001C701170F7D110BDF0B50E4614461D46D6
:10E2F00097B00146202205A81C9FFFF7DDFF2022D2
:10E3000031460DA8FFF7D8FF2146102201A88DF84D
:10E310005450FFF7D1FF3B46412205A901A8E9F778
:10E3200007FB044610B93846FFF7D0FF204617B068
:10E33000F0BD2DE9F04316461D4697B00446DDE9D1
:10E340001F98102205A8219FFFF7B6FF1022314623
:10E3500009A8FFF7B1FF102229460DA8FFF7ACFF6F
:10E3600003221E9911A8FFF7A7FF494611F8013BA8
:10E37000D9F801008DF847308B880622129012A838
:10E38000ADF84C30FFF798FF414611F8013B0622EB
:10E390008DF84E30D8F801300DF14F00CDF84F30E8
:10E3A0008B88ADF85330FFF787FF2146102201A874
:10E3B000FFF782FF3B46412205A901A8E9F7B8FA19
:10E3C000044610B93846FFF781FF204617B0BDE874
:10E3D000F0830C220369C9B202FB0133186C00F010
:10E3E0000700704770B50346C9B20069EFF31186A4
:10E3F000202484F31288BFF36F8F0C2505FB0104E2
:10E40000246C14F0C00401D0A24210D1012205FBFB
:10E4100001000264002086F31188BFF36F8F28B9D2
:10E420005B6803EBC1035B689847002070BD4FF049
:10E43000FF30F0E78022FFF7D5BFF8B5069F05460D
:10E440000469C9B2EFF3118C202080F31288BFF366
:10E450006F8F0C2606FB0146306C00F0070EBEF1F4
:10E46000010F11D1376400268CF31188BFF36F8F31
:10E4700046B90C2000FB0144C4E90E236B6853F835
:10E48000313098473046F8BD00F0C00087420CBFDD
:10E490006FF077064FF0FF36E6E713B5802400945F
:10E4A000FFF7CBFF02B010BD10B41C240069CBB243
:10E4B00004FB0300002110BC10471046F9F778BC9C
:10E4C00000F05CB9F8F740BB38B508461446EFF3E6
:10E4D0001185202383F31288BFF36F8F1146F8F75D
:10E4E0008BFD85F31188BFF36F8F002808BF20468E
:10E4F00038BD08B50023FFF7E7FF00EAE07008BD6C
:10E50000F8F760BD436800205B68DB680B6070470C
:10E51000436802EA01005B6821EA020158600020BA
:10E5200099607047436800205B6859607047436892
:10E5300000205B689960704743685B681A6821EA4D
:10E5400002001140586000209960704730B503699F
:10E55000586800B30024884219D108688CB99C68B7
:10E560005860A14200D19860002008602AB15A6822
:10E570000A609A68596002B9996000200FE0284645
:10E58000E9E720609868814208BF9C60ECE7056875
:10E590000446002DF3D1002AE9D16FF0150030BDFB
:10E5A000F8F7B6BE30B543681360057A446804EBEB
:10E5B000C504A34202D36FF0010030BD5C7908337B
:10E5C0008C42F1D10020F8E743681B68D3F8303162
:10E5D000704743681B68D3F88004C3F88004704711
:10E5E00042681368D3F84C0150B10020926A127847
:10E5F0000A70C3F84C01D3F84C2101229A6270478B
:10E600004FF0FF30704713B501AA0446FFF7CAFF69
:10E61000002805DB019B226819791868F7F786FF47
:10E6200002B010BD38B5054600220121C620E3F72F
:10E630000FF8C620E2F7DCFF6C680121E068FFF705
:10E64000E2FF6B6819686369C1F82435E28BA38B1C
:10E65000A07E1343228C1343628C1343627E9BB2D1
:10E660000243207E02431343C1F86C3569680B688E
:10E67000D3F8002242F48022C3F800220822C3F813
:10E6800000254A6A0121C3F83C270022C3F840272D
:10E690001965D3F830110029FBD0C3F800256D6847
:10E6A0000021E8682C68FFF7AEFF0823C4F80035A6
:10E6B0002A7A52B9AB6AC4F804370123C4F8083780
:10E6C000C4F84C21D4F84C21A362002038BD08B511
:10E6D0000220F7F7EBFC002008BD03460020184796
:10E6E00000F085BA024610B5116891B1B1FA81F314
:10E6F000C3F11F000123834021EA0303D2E8EF4F57
:10E700008C4204D1C2E8EC3FBCF1000FF6D1EBD152
:10E7100010BD6FF00B00FBE710B50368CB40DB07C3
:10E7200010D401238B40026843EA0201D0E8EF4F86
:10E73000944204D1C0E8EC1FBCF1000FF6D1F2D135
:10E74000002010BD6FF01500FBE7F8F799B910B184
:10E75000012802D07047F8F7F7B9F8F7A5BA18B151
:10E76000012803D100F00CB800F008B8704708B5D4
:10E77000F8F7CEFABDE80840F8F726BAF8F7B8B9C6
:10E78000F8F75ABAF7B51646DDE90847019001A82F
:10E790001D46F8F773FC019BB6F1000C18BF4FF053
:10E7A000010C00EB83000B1E18BF0123002D43EA70
:10E7B0004C030CBF4FF0000C4FF00C0C002C43EA44
:10E7C0000C030CBF4FF0000C4FF4706C002F43EAA9
:10E7D0000C030CBF4FF0000C4FF4403CD0F88020ED
:10E7E00043EA0C0322EA030301B109780EB136783B
:10E7F000760019430DB12D78AD0031430CB124786A
:10E80000240229430FB13F783F040C433C43C0F836
:10E81000804003B0F0BD1FB50DF10F03019300233D
:10E820008DF80F101A4619460093FFF7ABFF05B09D
:10E830005DF804FB10B504460846F8F72FFC04EB1E
:10E840004004207DC0F3401010BD10B504460846BA
:10E85000F8F724FC04EB4004207DC0F3400010BD19
:10E8600010B504460846F8F719FC04EB4004A08AEA
:10E87000400B10BD70B5044608461646F8F70EFC6E
:10E88000083034F810300D46DA0509D5C3F34323B8
:10E8900004EBC3023146284654F833305268984797
:10E8A000A3682BB131462846E268BDE8704018479E
:10E8B00070BD10B504460846F8F7F0FB04EB4000C5
:10E8C000838ADA051DD5C3F3432123F4F8538382E9
:10E8D00004F1120204F1580032F8023F13F4807F71
:10E8E00003D0C3F3432399420BD08242F4D10022D8
:10E8F00004EBC1035A6004F16000BDE81040FFF76B
:10E900000BBF10BDF0B50446002001270546844624
:10E9100095420AD1D4F8443133B10023C4F84431CC
:10E92000D4F8443140F40030F0BDEBB29B0003F565
:10E9300080769B0807FA03F3194208D054F806E0E2
:10E94000BEF1000F03D044F806C0A65918430135A4
:10E95000DEE738B504460D46FFF76CFFA8B1204648
:10E96000FFF773FF88B92046FFF77AFF012322687B
:10E970008340C2F81833236803EB8000D0F81035C9
:10E9800023F00303C0F8103538BD2846BDE83840F1
:10E990000021FFF740BF2DE9F0431746044685B03C
:10E9A0000846F8F77BFBD7F800800E460546B8F11D
:10E9B000000F1ED02046FFF748FF18B12046FFF792
:10E9C00039FF20BB00230DF10F02CDE900338DF894
:10E9D0000E308DF80F30304643460DF10E01FFF733
:10E9E000D1FE04EB4502938A23F0020343F00103B6
:10E9F00093827B689BB33146204693F80080D3F81E
:10EA00000490FFF722FF28B1B9F1000F1FD06FF07B
:10EA1000150027E004EB4500838A23F4604323F0CC
:10EA200020038382B9F1000F11D0B8F1030FEED8A3
:10EA30007B6821685B6893F800C04FEA8C03194437
:10EA4000B8F1000F11D1C1F81085C1F8108504EBA1
:10EA50004502938A23F01C0343EA88039382BB6830
:10EA60004BBB002005B0BDE8F083D1F8102522F0A3
:10EA70000302C1F8102522681344D3F8102522F4AC
:10EA8000473222F47C72C3F8102541F6F072D3F8B5
:10EA9000101502EA061242EA08420A43C3F810259A
:10EAA00004EB4C03A3F86460838A43EA4C3343F0DD
:10EAB00020038382CBE73146D3E900782046FFF775
:10EAC000F8FE002FCDD063689F4206D004F16000AD
:10EAD000FFF708FE002804DAC4E7A3689845F5D1DB
:10EAE000002004EBC003C3E9017804EB4505AB8AC1
:10EAF000C0B243EA402343F48073AB82B1E7C0E97C
:10EB00000312704770B504461546FFF793FE48B1EF
:10EB10000846F8F7C3FA04EB40040020A38A5B0B15
:10EB20002B7070BD6FF01500FBE790F87400003893
:10EB300018BF01207047F8F7E7BA2DE9F341044602
:10EB40001746FFF777FE0D462668F0B12046FFF71F
:10EB50007CFE8046C8B92046FFF782FE820002F59F
:10EB6000807346F80380F35823681344D3F81025C4
:10EB700042F00102C3F8102527B101232268834027
:10EB8000C2F8143302B0BDE8F081D6F81433284639
:10EB90009B035CBF4FF40033C6F81433F8F77EFADA
:10EBA00004EB4004A38AC3F38203042B11D0052B8A
:10EBB00011D001A80195F8F761FA019BC168D9400D
:10EBC00001F001010231284602B0BDE8F041FFF733
:10EBD00022BE0321F7E70221F5E7FFF7BABE08B529
:10EBE000FAF78EFB002818BF6FF0040008BD08B1CB
:10EBF000E3F744BA704710B5436904463BB90020B7
:10EC0000E2684042537843F00103537010BD9847C7
:10EC10000028F4D00028B8BF4042FF28A8BFFF203A
:10EC2000E3681870ECE740B1C368587810F0010051
:10EC30001EBF1878B0FA80F040097047EFF31183D7
:10EC4000202383F31288BFF36F8FFEE708B5FFF729
:10EC5000F5FF10B400F10C04C0E9034410BCFCF74C
:10EC600000B938B50446EFF31185202383F31288E9
:10EC7000BFF36F8FFBF7FEFF04F10C0000F0FCFA0E
:10EC800030B1294604F11400BDE8384000F0DABA8A
:10EC900085F31188BFF36F8F38BD10B542696AB133
:10ECA000836842EA0301890708D10169A2FB0114C4
:10ECB00024B95B182CBF0121002102D36FF015008D
:10ECC00005E0C1609B1A02698A4201D8002010BD8C
:10ECD000C26801311A604269C3609B1AF3E72DE9EB
:10ECE000F04105460F46EFF31188202383F3128885
:10ECF000BFF36F8FC668F6B90468A0421BD0D4B1C9
:10ED0000D4E9003213605A60237CC4E9006623F022
:10ED100002032374A66004F1180000F031FB2046C2
:10ED2000A667676100F05BFA414605F10800BDE89F
:10ED3000F04100F087BA3E60AB69EF60013BAB6128
:10ED400088F31188BFF36F8FBDE8F081202408B5E8
:10ED5000EFF3118384F31288BFF36F8FFCF759FA36
:10ED6000F6E790F90E308B4201D0F9F777BC00201E
:10ED70007047D0E9003213605A600023027CC0E97A
:10ED8000003322F002020274836070472DE9F843D9
:10ED9000904604460D469DF82020EFF31187202170
:10EDA00081F31288BFF36F8F02B14568A66804F142
:10EDB0000809B14515D0A6B100243046FFF7D9FFA8
:10EDC00006F1180000F0DCFA3046B467C6F814808B
:10EDD00000F005FA4846394600F034FA2046BDE80E
:10EDE000F883A3B10820FAF70BF8002832D00122EB
:10EDF000C0F804800260016801F003015DB9226877
:10EE00000A430260626820606AB960600BE04046B5
:10EE1000C8F80030EFE72A68032A10D8016061685B
:10EE200039B9C4E90000002087F31188BFF36F8F60
:10EE3000D5E70A6802F0030202430A60E5E722F020
:10EE400003020A4302602A6802F0030240EA020356
:10EE50002B60E8E76FF00B00E6E70023C0E9003322
:10EE600000F10803C0E90233704770B5EFF3118574
:10EE7000202383F31288BFF36F8F846800F10806A4
:10EE8000A64213D094B12046FFF773FF04F1180097
:10EE900000F076FA00232046A367636100F09FF933
:10EEA00029463046BDE8704000F0CCB985F31188A2
:10EEB000BFF36F8F70BD012307B5009300230A468F
:10EEC0001946FFF763FF03B05DF804FB002307B5A5
:10EED0000A4600931946FFF759FF03B05DF804FB9B
:10EEE000EFF31183202282F31288BFF36F8F006843
:10EEF00018B10268920718BF406883F31188BFF306
:10EF00006F8F70473AB18A4205D3C0E90212C0E957
:10EF10000000002070476FF0150070470123026861
:10EF20008B4022EA0303036022FA01F000F00100A3
:10EF30007047704710B5032104460C30FFF7EEFF11
:10EF400030B104F1100000F01BFAB0FA80F0400973
:10EF500010BD20B100228C30114600F0D8B97047A6
:10EF600070B5C3680446C3F340069B0716D4856892
:10EF700002210C30FFF7D2FF80B1D5F884206AB1AE
:10EF800094421DD122689EB9D5F88830C5F88420F6
:10EF90009C4201D1C5F8882000232360E36813F068
:10EFA0001F001EBF43F00203E36040F0020070BD8B
:10EFB0003260D5F88820944208BFC5F88860EBE736
:10EFC00016461268DBE773B50446EFF3118520237C
:10EFD00083F31288BFF36F8F00230193D0E90423DA
:10EFE000B3F1004F08BF012A05D085F31188BFF3A4
:10EFF0006F8F02B070BDA0F1100603210438FFF737
:10F000008DFF0028F1D0A369304601A90193F9F7DB
:10F0100043F8EAE738B504460D461022002101F016
:10F02000FCFB656038BD13B501900846EFF3118411
:10F03000202383F31288BFF36F8F01A9F9F72CF80F
:10F0400084F31188BFF36F8F02B010BD10B5FFF7C6
:10F05000EAFF041E08DDEFF31180202383F31288FA
:10F06000BFF36F8FF9F766FB204610BD70B50D46F4
:10F07000EFF31186202383F31288BFF36F8FF9F724
:10F080005DF8044686F31188BFF36F8F38B14FF0F7
:10F09000FF324FF0FF3305F11000F8F7BDFE2046B8
:10F0A00070BD08B5A022002101F0B7FB08BD38B53E
:10F0B00030220D460021044601F0AFFB4FF480736F
:10F0C0006560E36038BD38B50446EFF31185202351
:10F0D00083F31288BFF36F8FFFF72CFF2046FFF7F3
:10F0E0003FFF85F31188BFF36F8F38BDF8B5044635
:10F0F0000D46EFF31187202383F31288BFF36F8F40
:10F10000C36803F01F03002B14BF0126002609D09B
:10F11000FFF710FF2046FFF723FF29462046F8F7A8
:10F120009DFF034687F31188BFF36F8F3BB14FF00C
:10F13000FF324FF0FF3305F10800F8F76DFE30465F
:10F14000F8BDD0E9003213605A600023027CC0E9A8
:10F15000003322F00202027483607047EFF30580EF
:10F16000003818BF012070476FF057007047D0E992
:10F17000003213605A600023C0E90033704708B5BD
:10F18000FFF7F5FF037C23F0020303740023836081
:10F1900008BD38B504460D46F9F7BCF9237C43F0A9
:10F1A00002032374D5B1A5602B689D4209D16B6819
:10F1B000C4E900531C606C6010E06A689A42F6D0A3
:10F1C0001B68002BF3D093F90E1094F90E20914296
:10F1D000F3DD5A68C4E9003214605C6038BD10B5D4
:10F1E000EFF31184202383F31288BFF36F8FF9F7B5
:10F1F00051F984F31188BFF36F8F10BD08B5037CFC
:10F20000014613F0280F0CD183680BB1FFF7B7FF4D
:10F210000B7C084623F004030B74BDE80840F9F7A3
:10F2200039B908BD10B5EFF31184202383F3128898
:10F23000BFF36F8F1838FFF7E1FF84F31188BFF336
:10F240006F8F10BD0846F9F79DB938B505460468BB
:10F250000020AC4200D138BD002CFCD02046FFF786
:10F260008EFF04F1180000F08BF82046F9F712F930
:10F270002C680120A542EDE710B5EFF3118420239F
:10F2800083F31288BFF36F8FFFF7DFFF84F31188DA
:10F29000BFF36F8F10BD70B506460D46F9F7E6FA5D
:10F2A000B5F1FF3F08BFB6F1FF3F04460CD047F66B
:10F2B000112000214FF47A7547F612220023E4FB57
:10F2C0000501E1F7DDF870BD4FF0FF30FBE738B521
:10F2D0000446EFF31185202383F31288BFF36F8F69
:10F2E000037C5B070ED5183000F04AF8237C2046DB
:10F2F00023F004032374F9F7CDF82846BDE838401D
:10F30000F9F740B985F31188BFF36F8F38BD38B571
:10F31000EFF31185202383F31288BFF36F8F046806
:10F32000A04212D09CB1A16762612046FFF727FF7F
:10F3300004F1180000F024F82046F9F7ABF801209A
:10F3400085F31188BFF36F8F38BD0020F8E72046A2
:10F35000F6E708B50246F9F7FBFB70B1D0E90431D6
:10F360009B1A61EBE272B3F1004F72F1000104DA13
:10F37000002AACBF1846002008BD6FF00040FBE734
:10F38000024638B5EFF31185202383F31288BFF3CB
:10F390006F8F0368D3B1F9F7DBFB04461046F9F72A
:10F3A000E9FB00224FF000438442C0E9042305D06A
:10F3B000002085F31188BFF36F8F38BDF9F7D0FBBC
:10F3C000FFF7C7FF0021F7F747FAF1E7D0E9041389
:10F3D000B3F1004F08BF012904D100204FF00041D4
:10F3E000C2E904016FF01500E3E708B5F9F7CAFCBC
:10F3F00008BDF9F7C7BCB3F1FF3F08BFB2F1FF3F4B
:10F4000070B506461D46144614D01A4316D0002B7C
:10F4100008DBF9F7B7FC041941EB0501C6E9004127
:10F42000304670BD6FF001031C1B4FF0FF3363EBE0
:10F430000501F3E74FF0FF342146EFE70024FBE737
:10F44000B3F1FF3F08BFB2F1FF3FF8B507461646DC
:10F450001C4610D054EA020311D0F9F793FCB042D5
:10F460000A46A14103460AD2F31A64EB0204C7E933
:10F4700000343846F8BD4FF0FF331C46F7E7002351
:10F48000FBE720B1011F50F8040CFFF7EABB7047FF
:10F4900000F4E040B0F5805F04D0A0F5005358427E
:10F4A00058417047012070473AB1002918BF002326
:10F4B0002121D21A184401F0B0B9704738B513466B
:10F4C0004FF480420D46F9F71BFE044640B9286808
:10F4D00043681B0A04D000F0B6FC2C606FF0850472
:10F4E000204638BD2DE9F04F9B46002389B08DF8AA
:10F4F0001B30159B9146DDE912A7002B0E460B46EB
:10F500000CBF4FF400624FF4806207A9DDF8508011
:10F51000F9F7F6FD0446F0B9079D304629880DF14C
:10F520001B02F9F757FE0446A8B99DF81B30BB42F1
:10F5300023D868686A6E000A05F1200120D1CDE960
:10F54000033828463346CDE901BACDF8009000F0E3
:10F55000D9FC044608B1C8F800703A462146504626
:10F56000D8F80030FFF7A0FF079800F06CFC002CE3
:10F5700018BF204609B0BDE8F08F6FF08904EAE7B4
:10F580006FF08604E7E72DE9F341D0F8048047697E
:10F59000044640460E4600F058FC054660BB5FFA44
:10F5A00088F31BB93FB16FF0860525E06FF040434B
:10F5B000013F9F42F7D2A06820F47F4020F0030073
:10F5C0000028F0D14FF6F87362889A4218D827794C
:10F5D00007B901A83146F9F727FF054660B90FCCF6
:10F5E000D6F800C066460FC694E8030086E803001C
:10F5F00017B9019BCCF81430284602B0BDE8F08161
:10F600006FF08505F8E740F67E7300F6FF729A42C8
:10F6100043D9434213F07F0306D0202BC3F10000EF
:10F6200015D16FF08500704710F1920F0FDA10F5C9
:10F63000994F2AD02CDC10F5C54F26D010F5C14FBC
:10F64000EFD010F5C74F23D16FF09600704710F13F
:10F650001F0F15DA10F13D0F1DD010F13C0F07DA26
:10F6600010F1400F14BF6FF083006FF093007047EC
:10F6700010F1220F14BF6FF083006FF08500704708
:10F68000002818BF6FF0830070476FF08600704746
:10F690006FF0830070476FF09300704741F20523CD
:10F6A00098421AD8B0F5905F09D241F2010398420E
:10F6B0000CD0B0F5885F09D06FF085007047292322
:10F6C000A0F5905080B2C340DB07F5D511F0070FCD
:10F6D00014BF6FF0860000207047B0F5105FEBD1CB
:10F6E00021F04003802B06D0B1F5807F14BF6FF06E
:10F6F00086000020704700207047F8B504460F468A
:10F700001E461546008892B1FFF7C2FE78B1089BED
:10F71000D10019602088FFF7C1FF044628B9394697
:10F72000304601F054F8079B1D602046F8BD6FF08D
:10F730008504FAE710B5436E04461BB14121203021
:10F74000FAF7CAF90020606610BD38B50446FFF725
:10F75000F1FF237E012B0FD0023B012B0FD8E36971
:10F76000012B14BF6FF0960500256822002120466A
:10F7700001F053F8284638BDE369002BF1E76FF03C
:10F780009605F2E708B1FFF7E0BF704713B5A0B1E7
:10F7900001A9F9F791FE80B90198037E022B0ED1E1
:10F7A000032303760379FF2B0CBF6FF0840400243E
:10F7B00000F034FB002808BF204602B010BD6FF0F7
:10F7C0009604F5E770B5144602881D461046049E5F
:10F7D000FFF75EFE68B944F2010322F440509842FC
:10F7E00007D002F44F42B2F5824F02D0B2F5844FF7
:10F7F0000ED1B4420FD82246284600F0E8FF00217F
:10F80000321B281901F009F80020059B1C6070BD0F
:10F810006FF08500FBE76FF08900F8E72DE9FF4105
:10F8200088461F46164612B3002301223B6003A9F7
:10F83000F9F766FC044698B9039D6B686A6E1B0A6B
:10F8400005F1200110D143462846CDE90067FFF7B6
:10F85000B9FF0446284600F0F6FA002C08BF04461B
:10F86000204604B0BDE8F0816FF08604F2E76FF047
:10F870008904F5E770B514460288049D02F4E0405F
:10F88000B0F5804F1CD144F2010022F4405686426C
:10F8900007D002F44F42B2F5824F02D0B2F5844F46
:10F8A0000ED1AC420FD81846224600F090FF00213E
:10F8B0002A1B204400F0B1FF0020059B1C6070BD96
:10F8C0006FF08500FBE76FF08900F8E7F0B50F46B1
:10F8D0001E46154685B002B3002303A91A463360BD
:10F8E000F9F70EFC044690B9039803885B0411D520
:10F8F000CDE900563B46426E00F1200100F0B1FA1E
:10F900000446039800F09FFA002C08BF04462046E6
:10F9100005B0F0BD6FF08604F3E76FF08904F6E7F9
:10F920002DE9F04F9846002389B0064689461546D2
:10F930000693C8F80030002A6DD0B2F1005F6DD296
:10F9400006A9FFF720FE044650B9069FD7F864A029
:10F95000BAF1000F0FD173681B0A05D06FF086044F
:10F960000698FFF70FFF52E0412D02D96FF0850492
:10F97000F6E7AA467D6672687B88120A079307F14C
:10F98000200307F16407E9D10DF11C0B2A46494613
:10F990003046CDE9017BCDF800A0059300F0E5FAF3
:10F9A00010F1860F0446059B09D12A464946304688
:10F9B000CDE9017BCDF800A0FFF79FFE0446002CA7
:10F9C000CED10699079B4A88E2B94B804FF6F8736F
:10F9D000079A9A42CAD83388069A13B11188994275
:10F9E000BCD1738813B151889942B7D15369C8F813
:10F9F0000030137E012B08D000236FF09604C8F866
:10FA00000030ADE79A42A9D1E0E702231376204601
:10FA100009B0BDE8F08F6FF08604F8E76FF0850459
:10FA2000F5E710B50446006858B101280AD104F181
:10FA30000800F9F799FD00232360A3886FF30803FA
:10FA4000A38010BD6FF08600F5E72DE9F0439846DE
:10FA500000230C46016885B005461746039300292C
:10FA600041D100F108094022484600F0D6FEB8F125
:10FA7000000F20463B460CBF4FF400624FF48062FB
:10FA800003A9F9F73DFB044678BB039C384621885F
:10FA90002A1DF9F79FFB064660BB6B7904F1200233
:10FAA00068F300036B716168636E090AB8F1000FB7
:10FAB00012D009BB21464846009700F010FA0446D0
:10FAC00098B901232B60039800F0BDF9002E18BFF0
:10FAD000304605B0BDE8F08371B92146484600972D
:10FAE00000F000FAEBE76FF088042846FFF799FF73
:10FAF0002646E8E70446F8E76FF08604F5E70123B9
:10FB0000FFF7A3BF38B50546006898B112B90024C5
:10FB1000204638BD01280AD105F10800F9F77EFD1D
:10FB200004460028F3D02846FFF77BFFF0E76FF08C
:10FB30008604F8E76FF08804EAE72DE9F04105460E
:10FB400000680F461646984610B36A79D2071FD54B
:10FB50002A79EAB1B2421ED801281FD105F1080066
:10FB600000F0C3F9044618B10023C8F800602B71F7
:10FB700037B1324621463846D8F80030FFF794FCBA
:10FB80002846FFF74EFF002C18BF2046BDE8F08145
:10FB90006FF08804E8E76FF08904E5E76FF086040A
:10FBA000E2E71FB501240394089C0294079C01948A
:10FBB000069C0094FFF796FC04B010BD036819433F
:10FBC000B1FA81F0400970472DE9F04705469A46A1
:10FBD000002386B0059305F0FE43B3F1106F08468D
:10FBE000DDE90E679146DDF8408034D12A4605A94B
:10FBF000FFF764FC044680BB0599088820F0FF00ED
:10FC0000B0F5E24F02D0B0F5E44F04D14B88073392
:10FC1000B7EBD30F24D353464A462846CDE90178A3
:10FC20000096F9F735FA044666B90023C8F80030A3
:10FC3000059800F008F9002C08BF0446204606B0DD
:10FC4000BDE8F0870028F3D039463046F9F704FACA
:10FC5000C8F80070ECE76FF08604002EE5D0F3E7FB
:10FC60006FF08904F9E7F9F7F7B908B50088DDE91D
:10FC70000221FFF70DFC20B1BDE808401046F9F75E
:10FC8000EBB96FF0850008BD2DE9F04F1F4600234A
:10FC900089B0DDF848900693C9F8003043880546DE
:10FCA0000E469046002B00F0B280038803F4E04338
:10FCB000B3F5804F00F0AB8039463046FFF77EFF4A
:10FCC000002800F0A480284606A9FFF75CFC044643
:10FCD000002851D1069BD3F864A0BAF1000F21D1BE
:10FCE0006B681B0A66D12A8869881046FFF7D0FB2B
:10FCF00000283AD01046FFF7D1FC044600283BD13B
:10FD000047F201039A424ED14C080134E40804EB57
:10FD1000C4043B340794DDE9063ABAF1410F29D80F
:10FD2000C3F864A06A6803F1200B120A03F16403AC
:10FD300067D12A88510445D4CDE901A342463B4608
:10FD400031462846CDF800B0FFF78FFF0446002C5F
:10FD500059D1069B5A69C9F800201A7E012A4AD057
:10FD6000C9F800406FF0960406E002F44F43B3F583
:10FD7000824F05D06FF085040698FFF703FD3CE045
:10FD800002F4E043B3F5E04FF4D147F201039A42A5
:10FD9000BAD0CC1D22F0FF02E408B2F5824F04BFB6
:10FDA00064000134B6E744F201039A42F1D1CC0871
:10FDB0001034AFE7284607A900F04EF804460028A3
:10FDC000A9D0D9E702F44F41B1F5824FB4D147F23F
:10FDD00012118A42B0D16A88B2F5807FACD1524606
:10FDE00059462846059300F01FF910F1860F044686
:10FDF000059BACD1A0E702221A76204609B0BDE8E7
:10FE0000F08F6FF086040698FFF794FCB4E76FF06C
:10FE10008604F2E71822002100F0FFBC034668B117
:10FE2000017E8A1E012A0BD80329C26903D1012A47
:10FE300001D1FFF78ABC1AB1013ADA61002070479C
:10FE40006FF096007047FFF7E9BFC0B2002814BFFB
:10FE50006FF085000020704700236FF086000B6074
:10FE600070472DE9F34747680446DDE90A9A3F0ADF
:10FE70000D461646984611D1CDE9009A00F0ADF82E
:10FE800010F1860F0CD14346324629462046CDE973
:10FE90000A9A02B0BDE8F047FFF7ECBC6FF08600AD
:10FEA00002B0BDE8F08773B5002615461C460DF17B
:10FEB00006020DF107038DF80760F9F713FB58B937
:10FEC0009DF8070004B1207029469DF8062002B075
:10FED000BDE87040F9F70CBE304602B070BD009B23
:10FEE000F9F75CBB009BF9F759BB38B51C460368B2
:10FEF000154623B1F9F716FB00B9256038BD6FF040
:10FF00008800FBE72DE9F04104460D461E4690B0FF
:10FF1000402200216846DDF85C80199F00F07DFCDE
:10FF2000214633462A466846F9F738FB044648B965
:10FF3000B8F1000F0DD13A4668461899F9F7F2FA70
:10FF4000044678B16846F9F70FFB204610B0BDE8CB
:10FF5000F081424668461699F9F760FB044600288E
:10FF6000E9D0EFE71A9B1F60ECE7F8B5089F1E4643
:10FF70003B68144633F480720D462BD144F21211C3
:10FF800002888A4213D1412C03D01BB36FF0860044
:10FF9000F8BD681C00F046FA0028F7D14FF48073D2
:10FFA0003B60069B9C420CD96FF08900F0E747F25A
:10FFB00012118A420ED1202CE7D1284600F040FAD7
:10FFC000EAE722462946304600F001FC079B002064
:10FFD0001C60DDE76FF08500DAE770B5044626881F
:10FFE00064881846DDE90435B4F5807F13D147F203
:10FFF0001214A6420FD1202A10D1402B11D904236C
:020000022000DC
:1000000000F8013BF9F730FD08B941232B60BDE84A
:100010007040F9F717BB6FF0850070BD6FF0860078
:10002000FBE76FF08900F8E730B5202A0846144650
:100030001D4691B009D16946F9F7C8FC00B92C609A
:1000400011B0BDE83040F9F7FDBA6FF0890011B08A
:1000500030BD70B51446DDE90603DDE90426202C29
:10006000089D0CD1412E0AD11F2B0BD90132F9F773
:10007000CFFC00B92C60BDE87040F9F7E3BA6FF02F
:10008000860070BD6FF08900FBE740F8041B1C225E
:10009000002100F0C2BBF0B50024054626462046EC
:1000A00052F8247051F82430DB1946EB06071B1870
:1000B00045F8243004F1010447F10000082CEFD189
:1000C000F0BD002370B50646184652F8235051F88B
:1000D0002340641B65EB0505241A46F8234003F111
:1000E000010365F10005082BC5F10000EDD170BDDD
:1000F00070B504395642041F013A1C3054F8043FCD
:1001000051F8045F134035402B4384422360F5D1FE
:1001100070BD002330B50446184654F8232051F82A
:10012000235001336A40082B40EA0200F5D130BD6C
:1001300070B504460568002016680346E1FB665367
:10014000256056686568E1FB665365609668A5683A
:10015000E1FB6653A560D668E568E1FB6653E560A0
:1001600016692569E1FB6653256156696569E1FBFE
:10017000665365619669A569E1FB6653A561D5691A
:10018000E269E1FB6523E261226A9B182362404138
:1001900070BD10B50438A1F120024B7F0C7F1B0409
:1001A00043EA0463CC7F0439234391F822408A4216
:1001B00043EA042340F8043FEFD110BD0B1F1C316C
:1001C00053F8042F0438120E80F820205A888B42EE
:1001D00080F821201A684FEA122280F822201A683B
:1001E00080F82320ECD1704770B588B01E460446D5
:1001F000FFF751FF3246054621466846FFF761FF8B
:10020000C0F10102694620462A43FFF771FF08B09A
:1002100070BD2DE9F04F8BB00D460646914600218A
:10022000242201A81F46D3F840A000F0F6FAA5F159
:10023000040B1C355BF8041FD9F80020019B01A8B2
:1002400002FB01334A460AFB03F8FFF771FF3A4607
:100250000446414601A8FFF76BFF2022044402A98F
:1002600001A800F0C1FA5D450994E3D13A4601A91D
:100270003046FFF726FFC0F1010222433046C2F1AB
:100280000102FFF735FF0BB0BDE8F08F0B4601F11F
:1002900020020146FFF7BDBF30B504460D4689B0C8
:1002A00068460121FFF7F1FE2B466A4621462046AB
:1002B000FFF7AFFF09B030BD38B504461546FFF76C
:1002C000E4FE29462046BDE83840FFF7DFBF2DE9B0
:1002D000F04314460646274689B001226846FFF7D8
:1002E00007FF224601213046FFF7E6FF256804F1AB
:1002F0001C09023D4FF02008EB0705D523466A464E
:1003000031463046FFF785FF23466A466946684610
:10031000FFF77FFFB8F101084FEA5505ECD14F45D3
:1003200002D057F8045FE5E709B0BDE8F08330B5C7
:100330001546044689B001226846FFF7D9FE2946D2
:100340006846FFF7A9FF69462046FFF737FF09B067
:1003500030BDF0B516461F4604460D4699B011460D
:100360006846F9F77BF93246694608A8F9F776F945
:100370003A4669466846F9F771F908A908461E9A8F
:10038000F9F76CF9224669466846F9F7AFF908A90A
:100390002A460846F9F7AAF96A4631463046F9F77F
:1003A0005DF96A46694610A8F9F758F96A46684641
:1003B00010A9F9F753F910A922460846F9F74EF9A2
:1003C00008AA11462046F9F749F92146204610AA05
:1003D000F9F78CF92146204610AAF9F787F96A4601
:1003E00021462046F9F782F910A922460846F9F776
:1003F0007DF910A9084608AAF9F730F92A46694696
:100400006846F9F72BF96A46284610A9F9F76EF9FC
:1004100019B0F0BD08B5FFF726FC003818BF012061
:10042000404208BD00B591B0024608A96846F9F7F8
:1004300071F9002818BF6FF0010011B05DF804FBDE
:1004400010B588B001466846F9F730F90446202116
:100450006846F9F741FB002C0CBF20466FF0020004
:1004600008B010BD10B5044608B1F9F735FB2046B9
:10047000BDE81040F9F72ABB3C22002100F0CDB9BD
:1004800010B5044600F09DF92046BDE81040F9F78C
:100490001DBB10B54FF48C710120F9F711FB044618
:1004A00008B100F089F9204610BDF9F7D7BCF9F77B
:1004B0000BBCF9F755BD38B5054618B96FF0860481
:1004C000204638BD0468002CF8D00029F6D001235E
:1004D000F9F768FB04460028F2D12B68002BEDD019
:1004E0009B79023B022BE9D824210120F9F7E8FA95
:1004F00020B11021A863F9F7EFFAE1E76FF08C045F
:10050000DEE72DE9F04F0F461646804685B00028FD
:1005100079D00368002B76D0002974D0846B002C2E
:1005200071D01D79206A05F01F05F8B12A1AB24270
:100530001CD21030204400F04AF9002304F11002CC
:10054000191DA9422CD923441A1B954231D803AB5B
:1005500000932A46234621464046F9F753FBE0B96B
:10056000236A2062EA1A334417445E1B05F1FF39FF
:10057000B144B9FBF5F94FF0010A0DF10C0BCA4576
:1005800038D34EB1206A324610303946204400F04C
:100590001EF9236A33442362002005B0BDE8F08FC2
:1005A00052F8100C13680432434042F8143C0B46D6
:1005B000C6E71A7C19784A4003F8012BC4E7FA58B9
:1005C000E0584240E2500B46191D8D4204EB0302F5
:1005D000F5D2AB4210D323462A4621464046CDF8F9
:1005E00000B0F9F70FFB0028D7D1761B2F440AF192
:1005F000010AC4E70023E7E7F85C117801334140C2
:1006000002F8011BE5E76FF08600C6E72DE9F04F21
:1006100093B006460391002800F0CB800368002BBE
:1006200000F0C780856B002D00F0C380002900F02A
:10063000C08006AF102138460DF128081C790DF155
:100640003809F9F749FA10214046F9F745FA10211F
:100650004846F9F741FA326804F01F0492B392F861
:1006600004A00AF01F0A0DF1140B4B4652464946EE
:100670003046CDF800B0F9F7C5FA50B9BAF1100F0D
:1006800007D149463846F9F7FDFA39464046F9F7A9
:10069000F9FA10214846F9F71FFA2B6A05F1100AFA
:1006A000A34211D33846CC460022111DA14265D980
:1006B000A2421ED21AF80210B85C414009F802109A
:1006C0000132F5E79246CEE74846CC4600229342F7
:1006D0003ED91AF80210013294420CF8011BF6D8E8
:1006E000C4460022111DA14237D909EB0201A242E2
:1006F0003BD348460022A5F1040C111DA14246D966
:10070000A918A2424CD330462B4622462946CDF8A2
:1007100000B0F9F777FA064620B922462946039831
:1007200000F055F810213846F9F7D6F91021404667
:10073000F9F7D2F90023102150462B62F9F7CCF9D2
:1007400010212846F9F7C8F9304613B0BDE8F08FFC
:100750000CBF01210021C901BDE702685CF8043B20
:100760005A4040F8042B0A46BCE7087818F802C043
:10077000013280EA0C0001F8010BB8E76A1850F862
:10078000043BD2685A404CF8042B0A468DE75CF8CB
:10079000012050F8043B5A404CF801200A46ACE7CF
:1007A00019F802C00878013280EA0C0001F8010B48
:1007B000A7E76FF08606C7E74FF48C72002100F0C0
:1007C0002CB818B14FF48C71F9F786B970470A4408
:1007D000431E914200D1704710B511F8014B914270
:1007E00003F8014FF9D110BD884210B501EB0204A6
:1007F00002D98442234607D8431EA14207D011F8EC
:10080000012B03F8012FF8E70244824200D110BD0A
:1008100013F8011D02F8011DF7E702440346934255
:1008200000D1704703F8011BF9E70139024410B504
:10083000904201D1002005E0037811F8014FA34256
:1008400001D0181B10BD0130F2E70246014410B57B
:100850008A42134603D01C780132002CF8D1181AB2
:1008600010BDF0B5C3F13707044603F01F0310466F
:10087000FFB2082BE6B232D0102B3DD06508A40899
:1008800045EAC17544EA81748A082D1942EB510288
:10089000290941EA02716D1842EB1212290A41EA54
:1008A00002616D1842EB1222290C41EA02416D18D7
:1008B00042EB1242AD1842F10002EC0844EA4274E5
:1008C000D10804EB8402A6EB4205EDB2092D0CD948
:1008D0000134A5F10A0541F10001EDB212E0E4088E
:1008E00006F0070544EA4174C908303554EA0102AC
:1008F00000F8015BBDD1F0BD240906F00F0544EA04
:1009000001740909092D84BFED19EDB2EDE700006E
:08091000B4FBFD7F01000000B3
:10091800D51F000000000000A967010000000000CA
:1009280000000000A8090200197B01000000000077
:100938003D7B01000000000000000000E00902000B
:1009480000000000C409020000000000FC090200C9
:1009580000000000180A020000000000340A02002B
:10096800A561010000000000CFE6010000000000C2
:10097800A51C000000000000DFEB010000000000E3
:10098800D17E01000000000000000000500A0200B3
:10099800A12000000000000041220000000000002B
:1009A800AB2D0200141C020080130200D6050020A3
:1009B800F42E0020A55E010000000000BC2D0200FE
:1009C800301C020050130200DA050020482F0020D6
:1009D800C963010000000000C82D0200441C020089
:1009E80050130200DC050020542F0020C9630100C9
:1009F80000000000D32D0200581C02005013020012
:100A0800DE050020602F0020C963010000000000FF
:100A1800B82D02000000000048130200D80500208D
:100A28000000000001E5010000000000DE2D0200CA
:100A3800781C02009C130200E00500206C2F0020A7
:100A480025E60100000000009C18020000000000DC
:100A580074130200D4050020502300200000000079
:040A6800000000008A
:100A6C0000000000EFB1010000000000EFB1010038
:100A7C0000000000EFB1010000000000EFB1010028
:100A8C0000000000EFB1010000000000EFB1010018
:100A9C0000000000EFB1010000000000EFB1010008
:100AAC0000000000EFB1010000000000EFB10100F8
:100ABC0000000000EFB1010000000000EFB10100E8
:100ACC0000000000EFB1010000000000EFB10100D8
:100ADC0000000000EFB1010000000000EFB10100C8
:100AEC0000000000EFB1010000000000EFB10100B8
:100AFC0000000000EFB1010000000000EFB10100A8
:100B0C0000000000EFB1010000000000EFB1010097
:100B1C0000000000EFB1010000000000EFB1010087
:100B2C0000000000EFB1010000000000EFB1010077
:100B3C0000000000EFB1010000000000EFB1010067
:100B4C0000000000EFB1010000000000EFB1010057
:100B5C0000000000F12D010000000000EFB10100C9
:100B6C0000000000EFB1010000000000EFB1010037
:100B7C0000000000EFB1010000000000EFB1010027
:100B8C0000000000EFB1010000000000EFB1010017
:100B9C0000000000EFB1010000000000EFB1010007
:100BAC0000000000EFB1010000000000EFB10100F7
:100BBC0000000000EFB1010000000000EFB10100E7
:100BCC0000000000EFB1010000000000EFB10100D7
:100BDC0000000000EFB1010000000000EFB10100C7
:100BEC0000000000EFB1010000000000EFB10100B7
:100BFC0000000000EFB1010000000000EFB10100A7
:100C0C0000000000EFB1010000000000EFB1010096
:100C1C0000000000EFB1010000000000EFB1010086
:100C2C0000000000EFB1010000000000EFB1010076
:100C3C0000000000EFB1010000000000EFB1010066
:100C4C0000000000EFB1010000000000EFB1010056
:100C5C0000000000EFB1010000000000EFB1010046
:100C6C0000000000EFB1010000000000EFB1010036
:100C7C0000000000EFB1010000000000EFB1010026
:100C8C0000000000EFB1010000000000EFB1010016
:100C9C0000000000EFB1010000000000855D0100C4
:100CAC0000000000EFB1010000000000EFB10100F6
:100CBC0000000000EFB1010000000000EFB10100E6
:100CCC0000000000EFB1010000000000EFB10100D6
:100CDC0000000000EFB1010000000000EFB10100C6
:100CEC0000000000EFB1010000000000EFB10100B6
:100CFC0000000000EFB1010000000000EFB10100A6
:100D0C0000000000EFB1010000000000EFB1010095
:100D1C0000000000EFB1010000000000EFB1010085
:100D2C0000000000EFB1010000000000EFB1010075
:100D3C0000000000EFB1010000000000EFB1010065
:100D4C0000000000EFB1010000000000EFB1010055
:100D5C0000000000EFB1010000000000EFB1010045
:100D6C0000000000EFB1010000000000EFB1010035
:100D7C0000000000EFB1010000000000EFB1010025
:100D8C0000000000EFB1010000000000EFB1010015
:100D9C0000000000EFB1010000000000EFB1010005
:100DAC0000000000EFB1010000000000EFB10100F5
:100DBC0000000000EFB1010000000000EFB10100E5
:100DCC0000000000EFB1010000000000EFB10100D5
:100DDC0000000000EFB1010000000000EFB10100C5
:100DEC0000000000EFB1010000000000EFB10100B5
:100DFC0000000000EFB1010000000000EFB10100A5
:100E0C0000000000EFB1010000000000EFB1010094
:100E1C0000000000EFB1010000000000EFB1010084
:100E2C0000000000EFB1010000000000EFB1010074
:100E3C0000000000EFB1010000000000EFB1010064
:100E4C0000000000EFB1010000000000EFB1010054
:100E5C0000000000EFB1010000000000EFB1010044
:100E6C0000000000EFB1010000000000EFB1010034
:100E7C0000000000EFB1010000000000EFB1010024
:100E8C0000000000EFB1010000000000EFB1010014
:100E9C0000000000EFB1010000000000EFB1010004
:100EAC0000000000EFB1010000000000EFB10100F4
:100EBC0000000000EFB1010000000000EFB10100E4
:100ECC0000000000EFB1010000000000EFB10100D4
:100EDC0000000000EFB1010000000000EFB10100C4
:100EEC0000000000EFB1010000000000EFB10100B4
:100EFC0000000000EFB1010000000000EFB10100A4
:100F0C0000000000EFB1010000000000EFB1010093
:100F1C0000000000EFB1010000000000EFB1010083
:100F2C0000000000EFB1010000000000EFB1010073
:100F3C0000000000EFB1010000000000EFB1010063
:100F4C0000000000EFB1010000000000EFB1010053
:100F5C0000000000EFB1010000000000EFB1010043
:100F6C0000000000EFB1010000000000EFB1010033
:100F7C0000000000EFB1010000000000EFB1010023
:100F8C0000000000EFB1010000000000EFB1010013
:100F9C0000000000EFB1010000000000EFB1010003
:100FAC0000000000EFB1010000000000EFB10100F3
:100FBC0000000000EFB1010000000000EFB10100E3
:100FCC0000000000EFB1010000000000EFB10100D3
:100FDC0000000000EFB1010000000000EFB10100C3
:100FEC0000000000EFB1010000000000EFB10100B3
:100FFC0000000000EFB1010000000000EFB10100A3
:10100C0000000000EFB1010000000000EFB1010092
:10101C0000000000EFB1010000000000EFB1010082
:10102C0000000000EFB1010000000000EFB1010072
:10103C0000000000EFB1010000000000EFB1010062
:10104C0000000000EFB1010000000000EFB1010052
:10105C0000000000EFB1010000000000EFB1010042
:10106C0000000000EFB1010000000000EFB1010032
:10107C0000000000EFB1010000000000EFB1010022
:10108C0000000000EFB1010000000000EFB1010012
:10109C00340A0200C9E5010000000000EFB10100B4
:1010AC0000000000EFB1010000000000EFB10100F2
:1010BC0000000000EFB1010000000000EFB10100E2
:1010CC0000000000EFB1010000000000EFB10100D2
:1010DC0000000000EFB1010000000000EFB10100C2
:1010EC0000000000EFB1010000000000EFB10100B2
:1010FC0000000000EFB1010000000000EFB10100A2
:10110C0000000000EFB1010000000000EFB1010091
:10111C0000000000EFB1010000000000EFB1010081
:10112C0000000000EFB1010000000000EFB1010071
:10113C0000000000EFB10100DC020020A1E501007D
:10114C0000000000EFB1010000000000EFB1010051
:10115C0000000000EFB1010000000000EFB1010041
:10116C0000000000EFB1010000000000EFB1010031
:10117C0000000000EFB1010000000000C52D0100CF
:10118C00E5770100DBE6010000000000EFB1010093
:10119C0000000000EFB1010000000000EFB1010001
:1011AC0000000000EFB1010000000000EFB10100F1
:1011BC0000000000EFB1010000000000EFB10100E1
:1011CC0000000000EFB1010000000000EFB10100D1
:1011DC0000000000EFB1010000000000EFB10100C1
:1011EC0000000000EFB1010000000000EFB10100B1
:1011FC0000000000EFB1010000000000EFB10100A1
:10120C0000000000EFB1010000000000EFB1010090
:10121C0000000000EFB1010000000000EFB1010080
:10122C0000000000EFB1010000000000EFB1010070
:10123C0000000000EFB1010000000000EFB1010060
:10124C0000000000EFB1010000000000EFB1010050
:10125C0000000000EFB1010000000000EFB1010040
:10126C0000000000EFB1010000000000EFB1010030
:10127C0000000000EFB1010000000000EFB1010020
:10128C0000000000EFB101006FE70100DBE6010098
:10129C0000000000EFB1010000000000EFB1010000
:1012AC0000000000EFB1010000000000EFB10100F0
:1012BC0000000000EFB1010000000000EFB10100E0
:1012CC0000000000EFB1010064020020A1E5010064
:0812DC0000000000EFB1010069
:1012E800B00700204837002000040000E50C00008B
:1012F80000000000000000000000000007000000DF
:101308000000000014280200000000000000000097
:1013180030080020483B002000040000390D000080
:1013280000000000000000000000000007000000AE
:10133800000000001F28020000000000000000005C
:08134800F3E40100C9E4010017
:10135000F561010005E5010011E5010025E5010049
:101360002FE5010039E50100116401004DE50100A0
:041370000000000079
:0C13740055A2000075A00000F19F0000D1
:10138000FD5E010035E401009BE401000000000067
:0C139000D3E3010000000000000000009A
:0C139C00E1E50100A9660100D3E50100B5
:1013A80005000000CD460000060000006569000049
:0813B80004000000915A00003E
:1013C00000000000490C0000EFAA0100000000002E
:1013D000000000000000000000000000000000000D
:1013E00040170200080000009C14020007000000E3
:1013F000000000000300000030000000600000005A
:1014000000000000000106020100000000010201CE
:101410000404040400A0105000820D500004055084
:101420001800280000002A0001030062746C6500A7
:1014300000000000000000000000000000000000AC
:10144000000000000000000000000000000000009C
:10145000000000000000000000000000000100008B
:101460000338FDD8704700000000000000000000B5
:101470000338FDD87047000001010000D0050020AE
:1014800009090000282802005C15020098140200D7
:101490001F0000000000000010650020A0260200D0
:1014A000B1D40100000000009C26020000000100F1
:1014B000982602004DD701000000000038020020ED
:1014C00000000100902602009DB101000000000014
:1014D00000000000000001008C2602004DD7010032
:1014E00000000000300200200000010084260200FD
:1014F00069B10100000000000000000000000100D0
:10150000802602004DD701000000000028020020C4
:1015100000000100782602007910000000000000A1
:10152000000000000000010000000020000000009A
:1015300006000100020000003C150200000000004F
:101540006A2C020006000000E0CF17000000002017
:10155000722C020021000000E0FF0320D51D0000D6
:101560000000000099B201005C150200781502002D
:101570004A000000000000000C6600205C1502001C
:101580008C1502002E00000000000000D46A00202C
:101590005C150200A015020002010000000000001E
:1015A000A86B00200E030000B52B00000F04000004
:1015B000B12C00001A01000057B60100050400001C
:1015C000F521000013010000C9B701003E01000031
:1015D000C523000001120000BBB701000A1E000075
:1015E00081B80100FF0100009D2200003E010000C3
:1015F000BD22000005040000ADB601000804000093
:1016000069B901003003000003B9010010010000B6
:101610001DB70100011200006D2A00000A1E000023
:101620005BBA010003090000E9250000040B00007B
:1016300025B70100060A0000ABBB0100070A000045
:10164000EFB601000C050000D5B60100050C000046
:10165000E3BA01005C1502006416020047000000B6
:1016600000000000C46C00205C1502007816020027
:101670000000000000000000E46D00205C15020086
:101680008C16020000010000000000000C6E00201B
:101690004DC3010061C30100000000000000000014
:1016A000000000003D4B00000000000000000000B2
:1016B00000000000000000005C150200C8160200D7
:1016C00011000000000000008471002002020100EF
:1016D00007CC010004040100A55200000606010029
:1016E0000155000008040100C15500000A02010074
:1016F00027CD01000C0401000FCD01000E040100F4
:10170000D9530000200401006D54000010040100B2
:10171000D55600001202010071CD01001E00040028
:10172000A5D201005202000097CD01005C15020015
:101730003C1702004C00000000000000C0710020B7
:10174000D0260200B1D4010000000000CC26020027
:1017500000000100C82602004DD701000000000073
:10176000FC03002000000100C02602000000000071
:10177000000000000000000000000000BC26020085
:1017800083D4010071600000040400200000030005
:10179000B82602004DD7010000000000F40300202D
:1017A00000000100B0260200E9D4010025D60100A6
:1017B0000000000000000300AC2602004DD701002D
:1017C00000000000EC03002000000100A42602003D
:1017D000A163000000000000000000000000010004
:1017E000A16E0000E3E00100A5750000000000000C
:1017F000000000000974000000000000000000006C
:1018000000000000000000000000000000000000D8
:101810003D6F000006000000EFDD01000600000043
:101820008FDD010010000000ED6A000010000000D4
:1018300099E001000100000097DA010010000000AB
:10184000EBDD01000A00000059DB01001000000080
:101850008D74000007000000F3DD0100100000009F
:1018600035DB010001000000F96D000040000000C0
:1018700033DD0100100000004DDB0100010000001D
:1018800042542043544C5220525820707269000038
:1018900042542043544C52205258000062745F68F6
:1018A00063695F636F6E74726F6C6C6572000000C9
:1018B0005A6570687972204F532076342E342E3258
:1018C00000000000574553545F544F504449522F75
:1018D0007A65706879722F7375627379732F626C91
:1018E0007565746F6F74682F636F6E74726F6C6C54
:1018F00065722F6C6C5F73772F756C6C5F636F6EA6
:101900006E2E6300657272203D3D2030207C7C206D
:10191000657272203D3D202D3132300041535345D8
:101920005254494F4E204641494C205B25735D205F
:10193000402025733A25640A000000000970617296
:10194000616D313A20257520706172616D323A20E7
:1019500025750A00574553545F544F504449522F40
:101960007A65706879722F7375627379732F626C00
:101970007565746F6F74682F636F6E74726F6C6CC3
:1019800065722F6C6C5F73772F6E6F726469632F53
:101990006C6C6C2F6C6C6C5F6164762E6300000065
:1019A000300000000925733A2041637475616C2092
:1019B0004556454E545F4F564552484541445F5346
:1019C000544152545F5553203D2025750A000000B4
:1019D000574553545F544F504449522F7A657068AD
:1019E00079722F7375627379732F626C7565746F7A
:1019F0006F74682F636F6E74726F6C6C65722F6C8E
:101A00006C5F73772F6E6F726469632F6C6C6C2FD1
:101A10006C6C6C5F7065726970686572616C2E6366
:101A20000000000019E9000029E9000039E9000080
:101A300049E90000000000000000000059E9000032
:101A400001EA000069E900000000000031EA00003E
:101A50000000000079E9000011EA00000000000029
:101A600089E9000091EA000099E9000041EA0000DC
:101A700051EA000061EA000071EA0000A1EA0000FA
:101A8000B1EA0000A9E90000000000000000000029
:101A900000000000000000000000000021EA00003B
:101AA0000000000000000000000000000000000036
:101AB0000000000000000000000000000000000026
:101AC0000000000000000000000000000000000016
:101AD0000000000000000000000000000000000006
:101AE00000000000000000000000000000000000F6
:101AF00000000000000000000000000000000000E6
:101B000000000000000000000000000000000000D5
:101B1000F1E9000081EA000008020B020A03050255
:101B200000000000000000000202000006020000A9
:101B3000040300000000090300000000010300008E
:101B40000C0300000703000000000000000000007C
:101B50000000000000000000000000000000000085
:101B60000000000000000000000000000000000075
:101B70000000000000000000000000000000000065
:101B80000000000000000000000000000000120340
:101B900012030000F401FA00960064004B003200CA
:101BA0001E001400707265706172655F63620000F0
:101BB000707265706172655F63620000070000000B
:101BC00008000000090000000A0000000B000000EF
:101BD0000D0000000F0000001100000013000000C5
:101BE00015000000180000001B0000001F0000008E
:101BF00023000000280000002D000000330000003A
:101C00003900000001030405615E0100315E01003E
:101C100000000000AD5F01002D5F0100C5E4010080
:101C2000C1E4010000A0105000820D5000040550D6
:101C30007F00000000A0105064020020000000009F
:101C400000000000FFFF010000820D50DC020020B8
:101C50000000000001000000FF0700000004055024
:101C600000000000000000000200000000A0105072
:101C700000820D500004055000600C500000000070
:101C800000000000A41C020000C201000000D601F8
:101C9000000000000000004000000000403700206D
:101CA0003F37002000600C50B01C02000100000013
:101CB000B81C0200040000002400000026000002FE
:101CC00025060001270600030001000000A01050B7
:101CD00000820D50000405500800000002000000C2
:101CE0000400000001000000180902002809020099
:101CF0007009020078090200A8090200A809020080
:101D0000EE2D0200000100000000000000000000B5
:101D10000A5695CE5753F2DD5CE419BAE4B84A8B03
:101D200025F321DD8886E8D2855D882518FF718539
:101D30003C14A918D430E77901B6ED5FFC95BA756B
:101D4000102562772B73FB79C65537A5765F9018FF
:101D5000DFBDC42962DF9CD890308478CD05F0AC1B
:101D6000D62E21F7AB20A2E5344887041D0630DCCF
:101D7000512563FCC2CAB9F3849E17A7ADFAE6BC2D
:101D8000FFFFFFFFFFFFFFFF00000000FFFFFFFF5F
:101D9000A2EE79BE954C2483A66FBD499C799946E5
:101DA00059EC6B2B39B245282056D9F3942DE166B6
:101DB0004FBC00EEFFFFFFFFFFFFFFFFFFFFFFFF36
:101DC0000000000000000000000000000100000012
:101DD000FFFFFFFF0300000000000000FFFFFFFF08
:101DE000FBFFFFFFFEFFFFFFFFFFFFFFFDFFFFFF0A
:101DF00004000000010000001B080200381E020061
:101E000002000000301E020003000000281E020035
:101E100004000000201E020000000000000000007E
:101E2000302E0200101404003C2E02001013030098
:101E3000482E02001012020002000000B30402004B
:101E4000AF040200AB04020093040200810402000C
:101E50000100000002000000040000000800000073
:101E60001000000020000000400000008000000082
:101E70001B0000003600000051F4A7507E4165535E
:101E80001A17A4C33A275E963BAB6BCB1F9D45F157
:101E9000ACFA58AB4BE303932030FA55AD766DF6B0
:101EA00088CC7691F5024C254FE5D7FCC52ACBD7D7
:101EB00026354480B562A38FDEB15A4925BA1B6727
:101EC00045EA0E985DFEC0E1C32F7502814CF01209
:101ED0008D4697A36BD3F9C6038F5FE715929C9548
:101EE000BF6D7AEB955259DAD4BE832D587421D345
:101EF00049E069298EC9C84475C2896AF48E797827
:101F000099583E6B27B971DDBEE14FB6F088AD1729
:101F1000C920AC667DCE3AB463DF4A18E51A318237
:101F20009751336062537F45B16477E0BB6BAE84F9
:101F3000FE81A01CF9082B94704868588F45FD1944
:101F400094DE6C87527BF8B7AB73D323724B02E2FB
:101F5000E31F8F576655AB2AB2EB28072FB5C20394
:101F600086C57B9AD33708A5302887F223BFA5B250
:101F700002036ABAED16825C8ACF1C2BA779B49251
:101F8000F307F2F04E69E2A165DAF4CD0605BED59D
:101F9000D134621FC4A6FE8A342E539DA2F355A0ED
:101FA000058AE132A4F6EB750B83EC394060EFAAA9
:101FB0005E719F06BD6E10513E218AF996DD063D89
:101FC000DD3E05AE4DE6BD4691548DB571C45D054F
:101FD0000406D46F605015FF1998FB24D6BDE9970D
:101FE000894043CC67D99E77B0E842BD07898B888A
:101FF000E7195B3879C8EEDBA17C0A477C420FE920
:10200000F8841EC90000000009808683322BED4849
:102010001E1170AC6C5A724EFD0EFFFB0F853856C8
:102020003DAED51E362D39270A0FD964685CA6212E
:102030009B5B54D124362E3A0C0A67B19357E70FB5
:10204000B4EE96D21B9B919E80C0C54F61DC20A24E
:102050005A774B691C121A16E293BA0AC0A02AE5F5
:102060003C22E043121B171D0E090D0BF28BC7AD6E
:102070002DB6A8B9141EA9C857F11985AF75074C1C
:10208000EE99DDBBA37F60FDF701269F5C72F5BC76
:1020900044663BC55BFB7E348B432976CB23C6DC91
:1020A000B6EDFC68B8E4F163D731DCCA4263851051
:1020B0001397224084C61120854A247DD2BB3DF867
:1020C000AEF93211C729A16D1D9E2F4BDCB230F342
:1020D0000D8652EC77C1E3D02BB3166CA970B99979
:1020E000119448FA47E96422A8FC8CC4A0F03F1A76
:1020F000567D2CD8223390EF87494EC7D938D1C1AD
:102100008CCAA2FE98D40B36A6F581CFA57ADE281C
:10211000DAB78E263FADBFA42C3A9DE45078920DDD
:102120006A5FCC9B547E4662F68D13C290D8B8E8A5
:102130002E39F75E82C3AFF59F5D80BE69D0937C78
:102140006FD52DA9CF2512B3C8AC993B10187DA728
:10215000E89C636EDB3BBB7BCD2678096E5918F497
:10216000EC9AB701834F9AA8E6956E65AAFFE67EC2
:1021700021BCCF08EF15E8E6BAE79BD94A6F36CE07
:10218000EA9F09D429B07CD631A4B2AF2A3F2331CB
:10219000C6A5943035A266C0744EBC37FC82CAA670
:1021A000E090D0B033A7D815F104984A41ECDAF7A3
:1021B0007FCD500E1791F62F764DD68D43EFB04D53
:1021C000CCAA4D54E49604DF9ED1B5E34C6A881B3B
:1021D000C12C1FB84665517F9D5EEA04018C355DB8
:1021E000FA877473FB0B412EB3671D5A92DBD252F0
:1021F000E91056336DD647139AD7618C37A10C7A04
:1022000059F8148EEB133C89CEA927EEB761C93576
:10221000E11CE5ED7A47B13C9CD2DF5955F2733FA2
:102220001814CE7973C737BF53F7CDEA5FFDAA5BA9
:10223000DF3D6F147844DB86CAAFF381B968C43ED2
:102240003824342CC2A3405F161DC372BCE2250C97
:10225000283C498BFF0D954139A80171080CB3DE6C
:10226000D8B4E49C6456C1907BCB8461D532B670FF
:10227000486C5C74D0B85742C66363A5F87C7C8414
:10228000EE777799F67B7B8DFFF2F20DD66B6BBD07
:10229000DE6F6FB191C5C55460303050020101034B
:1022A000CE6767A9562B2B7DE7FEFE19B5D7D762FF
:1022B0004DABABE6EC76769A8FCACA451F82829DFB
:1022C00089C9C940FA7D7D87EFFAFA15B25959EBF1
:1022D0008E4747C9FBF0F00B41ADADECB3D4D467EA
:1022E0005FA2A2FD45AFAFEA239C9CBF53A4A4F715
:1022F000E47272969BC0C05B75B7B7C2E1FDFD1C6E
:102300003D9393AE4C26266A6C36365A7E3F3F414B
:10231000F5F7F70283CCCC4F6834345C51A5A5F4B3
:10232000D1E5E534F9F1F108E2717193ABD8D873D6
:10233000623131532A15153F0804040C95C7C75262
:10234000462323659DC3C35E30181828379696A18F
:102350000A05050F2F9A9AB50E070709241212369F
:102360001B80809BDFE2E23DCDEBEB264E27276909
:102370007FB2B2CDEA75759F1209091B1D83839E3A
:10238000582C2C74341A1A2E361B1B2DDC6E6EB290
:10239000B45A5AEE5BA0A0FBA45252F6763B3B4DDA
:1023A000B7D6D6617DB3B3CE5229297BDDE3E33EB8
:1023B0005E2F2F7113848497A65353F5B9D1D1683A
:1023C00000000000C1EDED2C40202060E3FCFC1F6C
:1023D00079B1B1C8B65B5BEDD46A6ABE8DCBCB4632
:1023E00067BEBED97239394B944A4ADE984C4CD4F8
:1023F000B05858E885CFCF4ABBD0D06BC5EFEF2A95
:102400004FAAAAE5EDFBFB16864343C59A4D4DD76F
:1024100066333355118585948A4545CFE9F9F9101E
:1024200004020206FE7F7F81A05050F0783C3C44BD
:10243000259F9FBA4BA8A8E3A25151F35DA3A3FE29
:10244000804040C0058F8F8A3F9292AD219D9DBCF8
:1024500070383848F1F5F50463BCBCDF77B6B6C117
:10246000AFDADA754221216320101030E5FFFF1A40
:10247000FDF3F30EBFD2D26D81CDCD4C180C0C14F0
:1024800026131335C3ECEC2FBE5F5FE1359797A29F
:10249000884444CC2E17173993C4C45755A7A7F2C4
:1024A000FC7E7E827A3D3D47C86464ACBA5D5DE7E0
:1024B0003219192BE6737395C06060A01981819859
:1024C0009E4F4FD1A3DCDC7F44222266542A2A7E11
:1024D0003B9090AB0B8888838C4646CAC7EEEE29AA
:1024E0006BB8B8D32814143CA7DEDE79BC5E5EE27C
:1024F000160B0B1DADDBDB76DBE0E03B64323256C6
:10250000743A3A4E140A0A1E924949DB0C06060A2E
:102510004824246CB85C5CE49FC2C25DBDD3D36E1A
:1025200043ACACEFC46262A6399191A8319595A4F1
:10253000D3E4E437F279798BD5E7E7328BC8C84327
:102540006E373759DA6D6DB7018D8D8CB1D5D56485
:102550009C4E4ED249A9A9E0D86C6CB4AC5656FA40
:10256000F3F4F407CFEAEA25CA6565AFF47A7A8E08
:1025700047AEAEE9100808186FBABAD5F078788877
:102580004A25256F5C2E2E72381C1C2457A6A6F1F6
:1025900073B4B4C797C6C651CBE8E823A1DDDD7C90
:1025A000E874749C3E1F1F21964B4BDD61BDBDDC62
:1025B0000D8B8B860F8A8A85E07070907C3E3E4240
:1025C00071B5B5C4CC6666AA904848D80603030521
:1025D000F7F6F6011C0E0E12C26161A36A35355F73
:1025E000AE5757F969B9B9D01786869199C1C158C4
:1025F0003A1D1D27279E9EB9D9E1E138EBF8F81363
:102600002B9898B322111133D26969BBA9D9D9701B
:10261000078E8E89339494A72D9B9BB63C1E1E2259
:1026200015878792C9E9E92087CECE49AA5555FF7B
:1026300050282878A5DFDF7A038C8C8F59A1A1F868
:10264000098989801A0D0D1765BFBFDAD7E6E63113
:10265000844242C6D06868B8824141C3299999B082
:102660005A2D2D771E0F0F117BB0B0CBA85454FC00
:102670006DBBBBD62C16163A0000042A0000042AB3
:10268000000003280000012A0000012A000003289E
:102690000000002A0000002A0000032800000018A3
:1026A0000000002800002A2B00002A2B000003282D
:1026B0000000292B0000292B00000328000002291C
:1026C0000000052A0000052A000003280000011868
:1026D000000000286BFF79FF79FF7CFF0000616438
:1026E00076207374617274206661696C656420255C
:1026F000640A006164766572746973696E670A00C2
:1027000047415020646973636F6E6E6563746564DE
:1027100020283078253032782920E2809420726594
:102720002D6164766572746973696E67206F6E637C
:10273000652074686520636F6E6E656374696F6E83
:102740002069732066726565640A004C324341500B
:10275000206368616E6E656C20646973636F6E6E72
:1027600065637465640A004C3243415020636861BC
:102770006E6E656C20636F6E6E65637465640A00CF
:102780003C2D2D205458205745444745442028636C
:102790006F6D706C6574696F6E73207374616C6CAF
:1027A0006564290073656E743D257520646F6E65E0
:1027B0003D257520616C6C6F632D6661696C3D25EC
:1027C00075202025730A0073656E6420657272207F
:1027D00025640A0062745F656E61626C6520256421
:1027E0000A000A3D3D3D204D494E494D414C205285
:1027F0004550524F206163636570746F722B73652F
:102800006E6465722C2050534D2030782578203D21
:102810003D3D0A007265706F72745F746964007385
:10282000656E645F746964007A34342D7265707209
:102830006F0072302F61313A20203078253038789F
:10284000202072312F61323A2020307825303878BC
:10285000202072322F61333A2020307825303878AA
:102860000A0072332F61343A2020307825303878CE
:10287000207231322F69703A202030782530387834
:10288000207231342F6C723A20203078253038781D
:102890000A0020787073723A20203078253038781A
:1028A0000A004661756C74696E6720696E73747294
:1028B000756374696F6E2061646472657373202838
:1028C0007231352F7063293A203078253038780AF4
:1028D00000556E68616E646C6564204952516E3AB1
:1028E0002025640A002A2A2A2A2A205553414745CE
:1028F000204641554C54202A2A2A2A2A0A00202000
:102900004469766973696F6E206279207A65726FA7
:102910000A002020556E616C69676E6564206D65E4
:102920006D6F7279206163636573730A00202053B1
:102930007461636B206F766572666C6F77202863B5
:102940006F6E746578742061726561206E6F74209B
:1029500076616C6964290A0020204E6F20636F70D5
:10296000726F636573736F7220696E7374727563CF
:1029700074696F6E730A002020496C6C6567616C26
:10298000206C6F6164206F66204558435F52455448
:1029900055524E20696E746F2050430A0020204922
:1029A0006C6C6567616C20757365206F6620746858
:1029B0006520455053520A002020417474656D70A3
:1029C0007420746F206578656375746520756E6416
:1029D0006566696E656420696E7374727563746987
:1029E0006F6E0A002A2A2A2A2A204255532046417D
:1029F000554C54202A2A2A2A2A0A0020205374617E
:102A0000636B696E67206572726F720A00202055D1
:102A10006E737461636B696E67206572726F720AA0
:102A200000202050726563697365206461746120C1
:102A3000627573206572726F720A002020424641EF
:102A40005220416464726573733A20307825780AA5
:102A5000002020496D70726563697365206461743C
:102A60006120627573206572726F720A00202049BE
:102A70006E737472756374696F6E2062757320650E
:102A800072726F720A002020466C6F6174696E6703
:102A90002D706F696E74206C617A79207374617423
:102AA0006520707265736572766174696F6E2065FA
:102AB00072726F720A002A2A2A2A2A204D50552043
:102AC0004641554C54202A2A2A2A2A0A00202053FB
:102AD0007461636B696E67206572726F7220286320
:102AE0006F6E746578742061726561206D696768C6
:102AF00074206265206E6F742076616C6964290AA7
:102B00000020204461746120416363657373205623
:102B1000696F6C6174696F6E0A0020204D4D4641EB
:102B20005220416464726573733A20307825780AC4
:102B3000002020496E737472756374696F6E204152
:102B400063636573732056696F6C6174696F6E0A95
:102B500000526573657276656420457863657074AC
:102B6000696F6E20280053707572696F75732069E4
:102B70006E7465727275707420284952512000532A
:102B80005053454C20696E20746872656164206DF5
:102B90006F646520646F6573206E6F7420696E6466
:102BA0006963617465205053500A002A2A2A2A2A30
:102BB0002048415244204641554C54202A2A2A2A72
:102BC0002A0A002020427573206661756C74206F9C
:102BD0006E20766563746F72207461626C6520721A
:102BE0006561640A0020204465627567206576652A
:102BF0006E740A0020204661756C742065736361F1
:102C00006C6174696F6E20287365652062656C6FF6
:102C100077290A00415243485F45584345505420A4
:102C20007769746820726561736F6E2025780A0A6F
:102C3000002A2A2A2A2A204465627567206D6F6E51
:102C400069746F7220657863657074696F6E202A8D
:102C50002A2A2A2A0A002A2A2A2A2A2025732025F3
:102C60006429202A2A2A2A2A0A00464C4153485F0E
:102C700030005352414D5F30004254204C57205792
:102C80005100574553545F544F504449522F7A6571
:102C9000706879722F7375627379732F626C7565C2
:102CA000746F6F74682F686F73742F6863695F63E4
:102CB0006F72652E630062745F6863695F65767426
:102CC0005F6765745F666C616773286864722D3E28
:102CD000657674292026202831554C203C3C20283C
:102CE00031292900415353455254494F4E20464102
:102CF000494C205B25735D20402025733A25640AEA
:102D0000006576745F666C616773202620283155F4
:102D10004C203C3C202830292900657272203D3D22
:102D200020300009436F6E74726F6C6C6572207591
:102D30006E726573706F6E736976652C20636F6D4C
:102D40006D616E64206F70636F646520307825302C
:102D500034782074696D656F7574207769746820A4
:102D60006572722025640A0042542052582057513F
:102D70000062756600574553545F544F50444952A2
:102D80002F7A65706879722F7375627379732F6209
:102D90006C7565746F6F74682F686F73742F6863D8
:102DA000695F636F6D6D6F6E2E6300636C6F636B35
:102DB0004031306530303000726E67006770696F87
:102DC00040313061303030006770696F40643832B4
:102DD0003030006770696F403530343030007561D5
:102DE0007274406336303030006D61696E00737903
:102DF00073776F726B71002A2A2A20426F6F746991
:102E00006E67205A6570687972204F532062756929
:102E10006C642076342E342E322D31362D67666563
:102E200065396662633632303935202A2A2A0A002B
:102E30004145532D3235362D454342004145532DF2
:102E40003139322D454342004145532D3132382D21
:102E500045434200286E756C6C29002A666C6F61D0
:102E6000742A0000000000000000000000000000C4
:102E70000000000000000000FFFFFFFFFFFF000058
:102E80000000000000FFFFFFFFFFFF000000000048
:102E9000000000000000001000800000805F9B34F4
:102EA000FB0104000200000002000000000000001E
:102EB000050000000000000000000000000000000D
:102EC000050009090909010209090909090909098E
:102ED0000909090709090909090609090909090967
:102EE0000909090909090909090905E69D350E4875
:102EF0000103CCDBFDF4AC1191F4EFB9A5F9E9A71E
:102F0000832C5E2CBE97F2D203B0208BD28915D0D1
:102F10008E1C742430ED8FC24563765C15525ABF07
:102F20009A32636DEB2A65499C80DC02020304003F
:102F300005061F1F2918120308020305080A0008C6
:102F4000010304010504050906070101060608003E
:102F50000001000100030100030202010002000061
:102F600000000002030100036C888391AAF5A538D4
:102F700060370BDB5A6083BE0001040502060809B6
:102F80000F0007182323232323232323232323236F
:102F90002300010210141400001C2030401C2000EB
:102FA000001C20304052096AD53036A538BF40A3F6
:102FB0009E81F3D7FB7CE339829B2FFF87348E43BE
:102FC00044C4DEE9CB547B9432A6C2233DEE4C953B
:102FD0000B42FAC34E082EA16628D924B2765BA212
:102FE000496D8BD12572F8F66486689816D4A45C76
:102FF000CC5D65B6926C704850FDEDB9DA5E154651
:1030000057A78D9D8490D8AB008CBCD30AF7E458A9
:1030100005B8B34506D02C1E8FCA3F0F02C1AFBD05
:103020000301138A6B3A9111414F67DCEA97F2CFA3
:10303000CEF0B4E67396AC7422E7AD3585E2F9378D
:10304000E81C75DF6E47F11A711D29C5896FB762DB
:103050000EAA18BE1BFC563E4BC6D279209ADBC086
:10306000FE78CD5AF41FDDA8338807C731B112109E
:10307000592780EC5F60517FA919B54A0D2DE57A7B
:103080009F93C99CEFA0E03B4DAE2AF5B0C8EBBBC7
:103090003C83539961172B047EBA77D626E16914D5
:1030A0006355210C7D637C777BF26B6FC5300167C4
:1030B0002BFED7AB76CA82C97DFA5947F0ADD4A2B0
:1030C000AF9CA472C0B7FD9326363FF7CC34A5E57C
:1030D000F171D8311504C723C31896059A071280D9
:1030E000E2EB27B27509832C1A1B6E5AA0523BD60D
:1030F000B329E32F8453D100ED20FCB15B6ACBBE32
:10310000394A4C58CFD0EFAAFB434D338545F902DD
:103110007F503C9FA851A3408F929D38F5BCB6DAF2
:103120002110FFF3D2CD0C13EC5F974417C4A77E98
:103130003D645D197360814FDC222A908846EEB8A9
:1031400014DE5E0BDBE0323A0A4906245CC2D3ACE3
:10315000629195E479E7C8376D8DD54EA96C56F428
:10316000EA657AAE08BA78252E1CA6B4C6E8DD74E6
:103170001F4BBD8B8A703EB5664803F60E6135570E
:10318000B986C11D9EE1F8981169D98E949B1E875E
:10319000E9CE5528DF8CA1890DBFE6426841992D03
:0831A0000FB054BB1600000043
:1031A8000000000000000000000000000000000017
:1031B8000000000000000000000000000000000007
:1031C80000000000000000000000000000000000F7
:1031D80000000000000000000000000000000000E7
:1031E80000000000000000000000000000000000D7
:1031F80000000000000000000000000000000000C7
:1032080000000000000000000000000000000000B6
:1032180000000000000000000000000000000000A6
:103228000000000000000000000000000000000096
:103238000000000000000000000000000000000086
:103248000000000000000000000000000000000076
:103258000000000000000000000000000000000066
:103268000000000000000000ED2A0000000000003F
:103278000000000000000000000000000000000046
:103288000000000000000000000000000000000036
:103298000000000000000000000000000000000026
:1032A8000000000000000000000000000000000016
:1032B8000000000000000000000000000000000006
:1032C80000000000000000000000000000000000F6
:1032D80000000000000000000000000000000000E6
:1032E800000000000000000000000000500A02007A
:1032F8001F00000000000000FFFFFFFFFF1F00008D
:10330800000000006700000000000000000000004E
:1033180000000000000000000000000000000000A5
:103328000000000000000000000000000000000095
:103338000000000000000000000000000000000085
:103348000000000000000000000000000000000075
:103358000000000000000000000000000000000065
:103368000000000000000000000000000000000055
:103378000000000000000000000000000000000045
:103388000000000000000000000000000000000035
:10339800290001006D0C0000000000009D0C0000D9
:1033A800550C0000000000000000000000000000B4
:1033B800EBAA0100F90B000000000000000000006B
:1033C80000000000E5AE01007C26020000000200BB
:1033D8008826020000000200942602000000020075
:1033E800000000008FB20100000000000000000093
:1033F80050020020500200200000000000000000E1
:103408000E00000000C01050000000000000000086
:1034180000000000000000000000000000000000A4
:103428000000000000000000000000000000000094
:103438000000000000000000000000000000000084
:103448000000000000000000000000000000000074
:103458000000000000000000000000000000000064
:103468000000000000000000000000000000000054
:1034780000000000000000000001000000A00D5046
:103488000000000000000000000000000000000034
:103498000000000000000000000000000000000024
:1034A8000000000000000000000000000000000014
:1034B8000000000000000000000000000000000004
:1034C80000000000000000000000000000000000F4
:1034D80000000000000000000000000000000000E4
:1034E80000000000000000000000000000000000D4
:1034F8000000000000000000F12B000000000000A8
:103508000000000000000000DD22000000000000B4
:1035180000000000000000008138000000000000EA
:1035280000000000000000007D37000000000000DF
:1035380000000000000000000D3F00000000000037
:103548000000000000000000E93B0000000000004F
:103558000000000011530000695D000025D2010041
:10356800000000000000000085580000EDD00100B8
:103578007BD10100D55100000000000000000000D0
:10358800555B00000000000000000000A8260200B3
:1035980000000200B426020000000A00C42602004F
:1035A80000002000000000000000000000000000F3
:1035B8000000000000000000000000000000000003
:1035C80059D501000000000028040020280400202C
:1035D80000000000000000000E0000003C04002075
:1035E8003C040020B573000000000000000000004B
:1035F800081A002000000000A99F00000000000039
:10360800101A002000000000BD9300000000000018
:10361800181A002000000000993201000000000084
:10362800201A002000000000E590000000000000C3
:1036380078230020000000008D3D010000000000FC
:1036480080230020000000009932010000000000E3
:1036580088230020000000007DB600000000000064
:10366800042400200000000029C20000000000001F
:103678000C24002000000000993201000000000026
:10368800142400200000000089C40000000000008D
:103698001C2400200000000021D0000000000000D1
:1036A80040250020000000009025002000000000B8
:1036B80070270020000000002028002000000000E3
:1036C800954B010000000000942900200000000034
:1036D800A92F010000000000B4290020000000000C
:1036E8009932010000000000D82E002000000000E0
:1036F800C984000000000000D02E00200000000057
:10370800C984000000000000C82E0020000000004E
:10371800FD80000000000000C02E00200000000016
:10372800C984000000000000B82E0020000000003E
:10373800FD80000000000000B02E00200000000006
:10374800C98400005D67010000000000FF00000060
:103758000090D003FF0000000F000000710200007D
:10376800C0050020C00500201D1D0000391D0000F7
:033778000601FF48
:10377B00000000000000000000000000000000003E
:01378B00003D
:10378C00E4050020E40500201C730020000000006C
:10379C0001000000240000000000000000060020D2
:1037AC0000060020704D0020000000000100000009
:1037BC0020010000000000001C0600201C06002058
:1037CC004073002000000000030000001C000000FB
:0437DC0000000000E9
:1037E000380600203806002000000000010000001C
:1037F000480600204806002000000000FFFFFFFFF1
:1038000000000000000000006006002060060020AC
:10381000000000000000000070060020700600207C
:103820000300030010000000000000007C160200EE
:103830000C71002000000000000000009406002031
:103840009406002003000300100000005552000001
:103850002C170200A47200200000000000000000ED
:10386000B8060020B806002004000400080000008C
:1038700000000000881402008C6500200000000099
:1038800000000000DC060020DC0600200100010032
:103890001000000000000000B8160200987100201F
:1038A00000000000000000000007002000070020CA
:1038B0000300030000000000000000007C1502006F
:1038C000606B0020000000000000000024070020C2
:1038D0002407002001000100100000003D3B000013
:1038E00068160200E46D00200000000000000000E7
:1038F00048070020480700200300030000000000E4
:1039000000000000541602009C6D00200000000022
:10391000000000006C0700206C0700200C000C0069
:10392000040000005921000068150200846900208D
:103930000000000000000000900700209007002019
:1039400001000100000000000000000090150200CE
:04395000AC6C00203B
:0439540015E015E085
:04000003000015954F
:00000001FF
