:10000000D05F0020452B0000ED020200312B0000E4
:10001000312B0000312B0000312B0000312B000070
:100020000000000000000000000000007D2B000028
:10003000312B000000000000512D0000312B00008A
:10004000D12D0000D12D0000D12D0000D12D0000B8
:10005000D12D0000D12D0000D12D0000D12D0000A8
:10006000D12D0000D12D0000D12D0000D12D000098
:10007000D12D0000D12D0000D12D0000D12D000088
:10008000D12D0000D12D0000D12D0000D12D000078
:10009000D12D0000D12D0000D12D0000D12D000068
:1000A000D12D0000D12D0000D12D0000D12D000058
:1000B000D12D0000D12D0000D12D0000D12D000048
:1000C000D12D0000D12D0000D12D0000D12D000038
:1000D000D12D0000D12D0000D12D0000D12D000028
:1000E000D12D0000D12D0000D12D0000D12D000018
:1000F000D12D0000D12D0000D12D0000D12D000008
:10010000D12D0000D12D0000D12D0000D12D0000F7
:10011000D12D0000D12D0000D12D0000D12D0000E7
:10012000D12D0000D12D0000D12D0000D12D0000D7
:10013000D12D0000D12D0000D12D0000D12D0000C7
:10014000D12D0000D12D0000D12D0000D12D0000B7
:10015000D12D0000D12D0000D12D0000D12D0000A7
:10016000D12D0000D12D0000D12D0000D12D000097
:10017000D12D0000D12D0000D12D0000D12D000087
:10018000D12D0000D12D0000D12D0000D12D000077
:10019000D12D0000D12D0000D12D0000D12D000067
:1001A000D12D0000D12D0000D12D0000D12D000057
:1001B000D12D0000D12D0000D12D0000D12D000047
:1001C000D12D0000D12D0000D12D0000D12D000037
:1001D000D12D0000D12D0000D12D0000D12D000027
:1001E000D12D0000D12D0000D12D0000D12D000017
:1001F000D12D0000D12D0000D12D0000D12D000007
:10020000D12D0000D12D0000D12D0000D12D0000F6
:10021000D12D0000D12D0000D12D0000D12D0000E6
:10022000D12D0000D12D0000D12D0000D12D0000D6
:10023000D12D0000D12D0000D12D0000D12D0000C6
:10024000D12D0000D12D0000D12D0000D12D0000B6
:10025000D12D0000D12D0000D12D0000D12D0000A6
:10026000D12D0000D12D0000856F0100D12D00009F
:10027000D12D0000D12D0000D12D0000D12D000086
:10028000D12D0000D12D0000D12D0000D12D000076
:10029000D12D0000D12D0000D12D0000D12D000066
:1002A000D12D0000D12D0000D12D0000D12D000056
:1002B000D12D0000D12D0000D12D0000D12D000046
:1002C000D12D0000D12D0000D12D0000D12D000036
:1002D000D12D0000D12D0000D12D0000D12D000026
:1002E000D12D0000D12D0000D12D0000D12D000016
:1002F000D12D0000D12D0000D12D0000D12D000006
:10030000D12D0000D12D0000D12D0000D12D0000F5
:10031000D12D0000D12D0000D12D0000D12D0000E5
:10032000D12D0000D12D0000D12D0000D12D0000D5
:10033000D12D0000D12D0000D12D0000D12D0000C5
:10034000D12D0000D12D0000D12D0000D12D0000B5
:10035000D12D0000D12D0000D12D0000D12D0000A5
:10036000D12D0000D12D0000D12D0000D12D000095
:10037000D12D0000D12D0000D12D0000D12D000085
:10038000D12D0000D12D0000D12D0000D12D000075
:10039000D12D0000D12D0000D12D0000D12D000065
:1003A000D12D0000D12D0000D12D0000D12D000055
:1003B000D12D0000D12D0000D12D0000D12D000045
:1003C000D12D0000D12D0000D12D0000D12D000035
:1003D000D12D0000D12D0000D12D0000D12D000025
:1003E000D12D0000D12D0000D12D0000D12D000015
:1003F000D12D0000D12D0000D12D0000D12D000005
:10040000D12D0000D12D0000D12D0000D12D0000F4
:10041000D12D0000D12D0000D12D0000D12D0000E4
:10042000D12D0000D12D0000D12D0000D12D0000D4
:10043000D12D0000D12D0000D12D0000D12D0000C4
:10044000D12D0000D12D0000D12D0000D12D0000B4
:10045000D12D0000D12D0000D12D0000D12D0000A4
:10046000D12D0000D12D0000D12D0000D12D000094
:0C047000D12D0000D12D0000D12D000086
:1004800053B94AB9002908BF00281CBF4FF0FF31FB
:100490004FF0FF3000F00CB8ADF1080C6DE904CE60
:1004A00000F018F8DDF804E0DDE9022304B070473D
:1004B000704700BF034611F8012B03F8012B002AF7
:1004C000F9D17047034613F8012B002AFBD1181A03
:1004D000013870472DE9F0478C468E46089E154638
:1004E00004461946002B40F0D080724547D9B2FA35
:1004F00082F74FB1C7F120030EFA07FCBD40BC40A4
:1005000020FA03F343EA0C0C4FEA154EA8B2230C71
:10051000BCFBFEF80EFB18CC08FB00F943EA0C43C9
:10052000994528D9EB1808F1FF3204D2994502D930
:10053000A8F102022B44A3EB0903A4B2B3FBFEFC17
:100540000EFB1C330CFB00F044EA0344A04214D918
:100550002C190CF1FF3304D2A04202D9ACF10203F2
:100560002C44241A43EA02401EB1FC4000233460AC
:100570007360BDE8F0874246DDE76346F1E7002A95
:1005800079D0B2FA82F3002B3FD01946C1F1200393
:1005900002FA01F500FA01F42EFA03F20EFA01FE56
:1005A00020FA03F3AFB243EA0E034FEA154EB2FB53
:1005B000FEFC0EFB1C201A0C0CFB07F842EA004262
:1005C00090455AD9AA180CF1FF3004D2904502D9AF
:1005D000ACF102002A44A2EB08029BB2B2FBFEFC83
:1005E0000EFB1C220CFB07F743EA02439F4246D94D
:1005F000EB180CF1FF3204D29F4202D9ACF1020297
:100600002B44DB1B42EA004202E0AEEB0203012274
:100610004FEA154EAFB2200CB3FBFEFC0EFB1C33B1
:100620000CFB07F840EA034398452AD9EB180CF174
:10063000FF3004D2984502D9ACF102002B44A3EB61
:100640000803A4B2B3FBFEFC0EFB1C330CFB07F744
:1006500044EA0344A74216D92C190CF1FF3304D203
:10066000A74202D9ACF102032C44E41B43EA004048
:100670000F46114678E71F2188E76046ABE76246E0
:10068000BFE76046DBE76346EFE7734506D916B977
:10069000002108466DE7C6E9000EF9E7B3FA83F7D3
:1006A00087B9734501D3824207D8841A6EEB0303DE
:1006B00001209C461EB900215BE73846FAE7C6E9EF
:1006C000004CF8E7C7F1200CBB4000FA07F422FA0F
:1006D0000CF520FA0CF1BA401D432EFA0CF30EFA79
:1006E00007FE4FEA154941EA0E011FFA85FEB3FBEA
:1006F000F9F809FB18300B0C08FB0EFA43EA00432B
:100700009A4540D9EB1808F1FF3004D29A4502D936
:10071000A8F102002B44A3EB0A0389B2B3FBF9F85A
:1007200009FB183308FB0EFE41EA03418E452CD924
:10073000691808F1FF3304D28E4502D9A8F10203EB
:10074000294443EA0040A1EB0E01A0FB0298414579
:10075000CE46434602D306D14C4504D20138B9EB0C
:10076000020E68EB0503002EA5D0B4EB0E0261EB80
:10077000030101FA0CFC22FA07F3F9404CEA0303E7
:10078000C6E9003197E74046C5E74346D9E7000090
:100790000022F0B585B0114640F6034002AF03F0E9
:1007A00069FF044600285BD103F040FD214641F279
:1007B00003003A1D03F05EFF0446002850D17A681A
:1007C000294DD16805F17803D1F80100D1F8051061
:1007D00003C3104602F09AFE214641F201003A1D81
:1007E00003F048FF044600283AD17868C3685A7875
:1007F00085F870205A88A5F872201A7985F871203A
:10080000B3F80720A5F87420B3F80530A5F87630C2
:1008100002F07CFE214641F202003A1D03F02AFF5D
:100820000446E8B9D7F804C005F18006DCF80C20CE
:10083000531C4132344618685968083303C4934244
:100840002646F7D1604602F061FE95F87C305A06E4
:1008500010D40121054A06481FF0ACFF6FF01204C6
:1008600020460C37BD46F0BDC8000020597E02006E
:10087000B4570200002142F203003A1D03F0FAFED1
:1008800004460028ECD17A68A74BD168D1F8010062
:10089000D1F8051003C3104602F038FE214642F29B
:1008A00002003A1D03F0E6FE04460028D8D17E6817
:1008B000F468B4F801309AB292B1E27882B1A5F846
:1008C000FC30E378032B06D00322022100929748E4
:1008D000974A1FF014FCE2789648114622F0B5FCC6
:1008E000304602F013FE95F87C6016F0200619D110
:1008F0004FF0FF304FF0FF3103F0BCFC04460028FE
:1009000000F0BD8102210C301FF0D4FD01232146EF
:1009100003704670324640F66D4003F0ABFE04466D
:1009200000289DD195F89C301B0712D5002142F27A
:100930001C003A1D03F09EFE0446002890D1786802
:10094000C368D3F80120D3F80530C5E9382302F095
:10095000DDFD95F8D8309E0623D53846B91C03F046
:1009600031FF044600287FF47BAF4FF0FF304FF09B
:10097000FF3103F07FFC0646002800F0808104214F
:100980000C301FF097FD3B88224603807B88314660
:10099000438042F2240003F06DFE044600287FF4F9
:1009A0005FAF95F8D8305C0610D5002142F22A00DE
:1009B0003A1D03F05FFE044600287FF451AF7868CB
:1009C000C3685B7885F8103102F0A0FD4FF0FF306E
:1009D0004FF0FF3103F04EFC0646002800F04F8137
:1009E00008210C301FF066FD95F8D84040F2022334
:1009F00014F0400F08BF03230246A0074CBF43F08A
:100A00002C0343F00C03A10695F8D91048BF43F01E
:100A1000400311F0090F18BF43F4006304F0010410
:100A200043EA041000211FF0E7FE0022314642F2A3
:100A3000010003F01FFE044600287FF411AF95F873
:100A40007C30B5F8FC1098065CD4C9B941F20500B9
:100A50003A1D03F00FFE044600287FF401AFB5F8FD
:100A6000FC307C684BB9E368B3F80120A5F8FC20A2
:100A70009A883048114622F0E8FB204602F046FDF5
:100A80004FF0FF304FF0FF3103F0F4FB0446002835
:100A900000F0F58008210C301FF00CFD95F8D830DF
:100AA0000246D90738D44FF0005123481FF0A4FE66
:100AB0002146002240F6014003F0DCFD04460028F8
:100AC0007FF4CEAE01463A1D4FF6014003F0D2FD51
:100AD000002837D0194A022114481FF06BFEEB7929
:100AE000002B40F0BC8004F017FE044600287FF481
:100AF000B7AE06F05BFB044600287FF4B1AE03F00E
:100B0000A5FCADE60029BBD101210D4A07481FF025
:100B100051FE6FF00404A3E601A1D1E90001C5E78D
:100B20009088000200800020A0010020B45702003D
:100B30007D7E0200C801002010880002E67E0200CF
:100B4000C37E02007B686E46DC688AB0B4F8013070
:100B5000042B96BF574A584952F8231002AAD36172
:100B60004FF4007355481384554BC2E9050142F810
:100B7000103F4FF4135153481FF032FEB4F80120D8
:100B8000B546022AB4F8033049D1052B47D84E4A5E
:100B900052F823106E468AB002AAD3614FF4007354
:100BA0004A481384464BC2E9050142F8103F4FF40E
:100BB000135144481FF014FEB546637994F806C0FB
:100BC000032B98BF424AB4F80760D4F809006C467A
:100BD0008CB094BF52F82310374902AAC2E9073CEF
:100BE0004FF40073DFF8ECE093853B4BC2E905E17D
:100BF000C2E909604FF4735142F8103F31481FF0C9
:100C0000EFFDA546786802F081FC00214FF6024016
:100C10003A1D03F02FFD044618B1304A5BE7264920
:100C2000B8E77868C368B3F80130A5F8C13002F0BE
:100C30006DFC95F8C1305A077FF551AF21464FF64C
:100C400003403A1D03F016FD08B1254A43E77868D2
:100C5000C3685B7885F8C03002F058FC3FE72E7817
:100C6000002E7FF440AF95F8C1309B061FD54FF0A2
:100C7000FF304FF0FF3103F0FDFA044610B96FF07A
:100C80006804EDE506210C301FF014FCD5F80130A6
:100C900021460360134B32469B8883804FF6064003
:100CA00003F0E8FC044600283FF41DAFD8E56FF0E0
:100CB0008504D5E5E05A0200157C02000A7F020097
:100CC00004000001B4570200C85A0200237F02004A
:100CD000B85A02003B7F020007000001687F020053
:100CE000917F0200C900002070B5044606F098FA12
:100CF0000A2201460646142006F084FB054608B386
:100D000014230A2184F86D3084F86C600C301FF0D5
:100D1000D1FBB4F86A3029460380A38A4380E38A72
:100D20008380238BC380E3690381206820F044FA29
:100D300030B907A3D3E9002304F170001BF07EFE55
:100D4000002070BD6FF00B00FBE700BFAFF3008029
:100D5000D0121300000000002DE9F047044640F2D5
:100D6000712690F84C0094F83830C0F3400060F3DE
:100D700086138CB004F13B0184F838300CF0F6FA9D
:100D80000021B4F84230404D404AA3FB0663651B86
:100D900094F83830A2FB0525A26C03F0790384F89F
:100DA000383002F21313B34232BF184630460A46B7
:100DB000C4E9021121702461626460600CF08AFA57
:100DC0006369C5F3871500F21317002B48D00DF1A6
:100DD0002C0991214FF0000A4FF00208CDF8209025
:100DE0000694B4F842302A4A2A480792A3FB00022C
:100DF00001FB0321284BCDF80CA005936368CDF8C7
:100E00002C8004931EA3D3E90023FFF739FB10467F
:100E100019464FF47A720023FFF732FB0235EDB228
:100E20002A463B460321CDE90160CDF800A050469B
:100E30000CF026F949460CF069FF054660B994F8B4
:100E40004C30404643F0010384F84C3015F070FDFF
:100E500028460CB0BDE8F0870C200CB0BDE8F08748
:100E60000DF12C09CDE90A3303204B4661680AAA2B
:100E700014F000FF0028ACD1DDE90A371F44A8E7D1
:100E800000CA9A3B00000000D0140020CDCCCCCC8E
:100E9000D5D30000002AE784B1FB000001481EF012
:100EA000CFBC00BFC66E0200034A9B8811680B448A
:100EB0000121136006F0A8BC101B002010B50748E4
:100EC0001EF0BEFC064819211EF0BAFCBDE8104019
:100ED0000023044A04481BF0B1BD00BFE26E0200CB
:100EE000FB6E0200C2EB0B00B008002008B5044BFB
:100EF000044819681EF0A4FC012000F019FD00BF91
:100F0000101B0020106F02001FB53023094A0A4948
:100F1000CDE90123002301A8039304F0C3FE074B8E
:100F2000011E074818BF18461EF08AFC05B05DF880
:100F300004FB00BF010060006D0F0000406F020065
:100F4000566F020010B5074C07481EF079FC206868
:100F500018B105F0E5FA00232360BDE81040FFF763
:100F6000D3BF00BF141B0020606F020070B5144E89
:100F700005461846336888B0FBB912490DF10702DF
:100F80008DF8073002F0B4FC9DF80730ABB104F0E7
:100F9000D9FE90B90C4B02AA18685968083303C2ED
:100FA00014460FCB84E80F0033462146284602AA98
:100FB00005F0C4FF08B1FFF7A7FF08B070BD00BF80
:100FC000141B0020411000007058020038B50C4678
:100FD000164D59B116481EF033FC286805F0A0FAEA
:100FE00000232B60BDE83840FFF78EBF11481EF08C
:100FF00027FCF723104AD382138302F11C03D3E8A2
:10100000EF2FC3E8E14F0029F9D1A3F11C0014210F
:1010100006F0FAFB08492868292206F0B5FCBDE86D
:101020003840014605481EF00BBC00BF141B0020D1
:101030007A6F0200966F020000000020A16F02008C
:1010400010B503780C46083B012B0CD84278092ACE
:1010500009D10649406823F0D1FD034601200BB9B0
:101060002070184610BD0120FCE700BFB66F0200DB
:1010700010B5002003F0EAFD044628B101460948F6
:101080001EF0DEFB204610BD292107481EF0D8FBCC
:101090000649074822F0BDF9064805F06FFEFFF744
:1010A00033FFEFE7C06F0200CE6F0200ED0E0000CD
:1010B000B0080020B80200202DE9F84F8A4600AFA2
:1010C000002974D004680E1F361BF50826F00706A9
:1010D00004EB0608B8F802B01BF0010B16D1E94684
:1010E00088B06A46334BCDE90531032342F8103FFF
:1010F0004FF4C2515B46304800F0BAFFCD468BF347
:101100001188BFF36F8F0423184602DF294620465B
:101110001EF0A1F9284434F83030C01A854217D0A7
:10112000E94688B06A46254BCDE9053A032342F8E3
:10113000103F00234FF4C2511F4800F099FF0023D5
:10114000CD4683F31188BFF36F8F0423184602DF67
:10115000B8F80230294623F00103A8F802302046EF
:101160001EF079F905EB000804EBC8035B88DA0789
:1011700008D4414620461EF0B7F94246294620468B
:101180001EF0F7F9A65BAE1B04EBC6035B88DB071A
:1011900009D4314620461EF0A7F92A46314620469A
:1011A0001EF0E7F93546294620461EF059F9BD469E
:1011B000BDE8F88F5F7002003C58020036700200F4
:1011C0002DE9F04F91B0009302F004030293C2F3B3
:1011D000C2030133840705460E46DDF868A003927A
:1011E000059340F09C81041D002849D101F00706B9
:1011F000341DC6F10806009B00274FF004085A1E54
:101200004FF0FF33B9460193BB46434604970DB1F7
:10121000009921600598002800F3D6808F48009936
:10122000814203D38E488142C0F0CE800399601B77
:1012300011F0020C40F0D680B9F10F0F00F2CF8010
:10124000002D00F0D68009F140010DEB010E01994F
:10125000C0F387000EF8200C0EF8101CBCF1000F34
:1012600000F0C38060F07F000EF8200C013709F118
:101270000109C5F108014FF6DA7E043406918CE0CD
:101280000729B8D86FF01B0011B0BDE8F08F7A289D
:101290005BD84B280FD8472857D829282ED825287F
:1012A00050D052D8202818BF23280CBF4FF0010B74
:1012B0004FF0000B71E04C382E2846D8DFE800F0E4
:1012C0006D454545454545454545454548454545A3
:1012D0004545454545564548485656566D486A4524
:1012E0006D4518481845457F7C48454548457C0074
:1012F00000204FF0000B4FF0040835E001212A38A0
:10130000C0B201FA00F010EA0E0F46D110F0625C94
:101310002CD110EA010B40D06046013C4444B4FBA0
:10132000F8F408FB04F425B1A3EB050CA444B44580
:10133000A8D8002870D00599013905915AF8041BE6
:10134000009164E70199013901914FF0000B24E00D
:1013500012F8010C6C2834D1002012F8023C8346AC
:101360006C2BC8D14FF008084346D6E70AF1070AAC
:101370002AF0070A073424F00704FAE802BC35B162
:1013800006982044B0423FF67DAFC4E900BC4FF060
:10139000000B08344FF00808434612F8010F0028EC
:1013A00053D0BBF1000F7FF472AF2528F5D14FF079
:1013B000010B019B013301934FF00408ECE7584601
:1013C00097E700208346A8E7039988077FF551AF88
:1013D0004FF0010C601BB0F5007FFFF42DAF6FF0F4
:1013E000150051E74FF0000CF5E704980130049028
:1013F0003DE7BCF1000F01D0013638E70298023614
:1014000000287FF434AF0098CDE90632FFF75AF890
:10141000DDE9063206442AE7042B08D10AF104006C
:1014200015B1DAF80010216082460434B5E70AF1FC
:10143000070323F0070303F1080A1DB1D3E90001F4
:10144000C4E9000108230834A7E7631BB3F5806FE4
:10145000C5D23DB9A6F10804E01815E7F84C020022
:10146000E49C0200029A9B0828602B709DF81030C3
:10147000AAB1EB70AF702FB1002208A8C5F1010C22
:1014800091450ED14FF0000AC5F101030DF120087E
:1014900001930DF1300BD14512D1601BF4E66B7056
:1014A000E8E710F8013B190608D50CEB040EB64529
:1014B00003F07F033FF6E6AE04F8013B0132DFE7BD
:1014C0001FB198F90020002A17DB029BD3B11AF84C
:1014D0000B2004F8012B0022019B18191044B04284
:1014E0003FF6D0AE98F80000009904F8010B2046B2
:1014F000039223F055FB039A14440AF1010A08F100
:101500000108C8E798F8002055F822300093029BA4
:10151000009845F82230FEF7D5FF421CDCE76FF05B
:101520000D00B1E62DE9F04F97B000AF05468A46B1
:10153000C7E90A3249B903784678807800EB83001E
:101540002844564524D8A0EB050AD7F8803095F8F2
:10155000028003F00103D7F88040FB61EB78B8F11B
:10156000000F0CBF002404F001047B621BB1D7F80C
:1015700080309A0715D4A4B9FB6A1BB1514628469E
:10158000BA6A9847564630465C37BD46BDE8F08F8C
:10159000441C2046FEF796FF013020440AF1010A60
:1015A000CFE7D7F88030C3F3C0033B622B78BB6131
:1015B0009B003B616B687B61BB6905EB830BFB6A3E
:1015C000002B77D15646D844BCB11C461BF8013BD2
:1015D00055F82300FEF776FFD7F88430013043B189
:1015E000D7F88830A34282BFD7F8843023F814009C
:1015F0000134C3450644E9D1D846D7F880304FF0CE
:10160000000913F0050F0CBF4FF0020B4FF0010B58
:101610007B6A9945B7D298F8013008F1020855F86D
:1016200023A0AE4B9A45C0F04C81AD4B3A6A9A4527
:101630002CBF002301230AB318F8021C7869FB624F
:101640001EF0DDF8FB6AC8B1EA468AB06A46A54BCF
:1016500005937B69CDE906314FF40073ADF8203076
:10166000A14B42F8103F00234FF412519F4800F065
:10167000FFFCD546023E09F10109C9E723B1FB6928
:1016800033B9A6EB0B06F6E7D7F880309B07F2D507
:101690005046FEF717FFD7F884304BB1D7F88830A3
:1016A0009C423FBFD7F88420431C22F814300134F9
:1016B0000644E0E7002C6AD1B8F1000F6DD0D7F8EE
:1016C000803058076CD5C14607F14800424659465C
:1016D00023F066FA00220BEB0803FB600233796A01
:1016E0008A425FD3D7F8802095F801B0F969920754
:1016F00004EB0B0348BF0022DBB258BF4FEA59028C
:10170000002940F0A680D7F8801011F0040F14BF14
:10171000494600216B70A970EA702846BA6A396997
:10172000FB6A9847061EFFF62EAFBB6949462B7031
:101730007B6ABA6AEB7085F801B0FB6A85F80280B3
:1017400007F148009847B0F10009C0F2B6803B6944
:101750007A6A786A03EB4201FB68414403EB40007C
:10176000BA6AFB6AAAEB010198470028C0F2A78079
:101770004FF0000BB14409EB000607F1380AA3450E
:1017800069D30021BA6A0846FB6A9847FBE64446DB
:101790004FF0000907F1380098E74446C14699E741
:1017A000A14697E713F8016CDFF830C155F8260021
:1017B00013F8021C6045C0F08A80DFF824C1604540
:1017C000386A2CBF4FF0000B4FF0010B38B178692D
:1017D000C7E901321EF013F8D7E90132F0B9BBF1C5
:1017E000000F1ED0F96949B1611C04F1280007F10E
:1017F0003004041904F8206CCCB20FE0D7F8801044
:1018000049070BD509F1280007F1300C09F1010156
:1018100000EB0C0909F8106C5FFA81F90132023310
:101820005DE7D7F880008007DED409F1280C07F1C6
:10183000300EF44409F101000CF8101C07F15801B6
:1018400009F1020951FA80F05FFA89F900F8106C89
:10185000E4E700215EE71BF80A3055F8239087F88B
:101860003730D7F884302BB3D7F888309B4521D256
:10187000D7F8843033F81B800121BA6AFB6A07F17C
:101880003700984700281ADB0644B8F1000F06D14C
:101890004846FEF717FE00F101081FFA88F8414696
:1018A0004846BA6AFB6A9847002808DB06440BF1F1
:1018B000010B64E74FF00008DEE74E4663E606469C
:1018C00061E63B6A002B3FF4DFAE0023B4E6386AE2
:1018D0000028A6D04FF0000B79E700BFF84C0200BB
:1018E000E49C02008C70020004000001F457020026
:1018F000014B1860704700BF0403002080B5054607
:101900000E46174698461BF08DFB034601F072FA0F
:101910000446DFF81890424649F800303946304610
:10192000A84754F8090001F0FDF900BF08000000C5
:10193000044608B5EFF31183202383F31288BFF325
:101940006F8F19F071FA204601F0B6FE02481DF0C3
:1019500077FF1EF0E8FCFCE7407102002DE9F0473C
:10196000058B0446280717460CD501290CBF45F006
:10197000100545F02005258387F31188BFF36F8F8D
:10198000BDE8F087022905F0070540F09480204665
:101990001EF0F7F9052864D801A353F820F000BF22
:1019A00079190000B71A0000631A0000251A000018
:1019B0003F1A0000511A000001F007035A1F012AC4
:1019C0001FD8002221F00701062BD4F8008089B22D
:1019D000C4E9002209D1434603E0628B01326283ED
:1019E0001B68002BF9D141F00201204621831EF033
:1019F000C8F94FF0000900286DD041F02001218383
:101A000069E0042B0AD121F0070189B22046218325
:101A10001EF0B7F910B141F0200121834FF000080A
:101A2000C14658E02369D3F80090238B23F00703C5
:101A300043F006034FF00008238346464BE023693A
:101A4000D3F80490238B23F0070343F00403F1E75A
:101A50002369D3F80890238B23F0070343F0050391
:101A6000E8E74FF00008C146E7E7012243F008032A
:101A7000238387F31188BFF36F8F002A3BD1B8F11E
:101A8000000F4AD1B9F1000F02D020462C49C847B7
:101A9000EFF31187202383F31288BFF36F8F238B1B
:101AA00023F008039BB22383D9063FD523F010020D
:101AB000228303F007056669218B002EBFF67CAFF9
:101AC00000239946D4F8008021F00701C4E90033CF
:101AD00041F001012183238B03F0070AAA4502D0BC
:101AE000A268002AC1D1B8F1000F02D1B9F1000FEC
:101AF000DAD00022BAE7A1680029C0D00D68002919
:101B0000BDD03346524620464F68B8471DB12B68BA
:101B100029461D46F3E72B46FAE74146334652462F
:101B20002046D8F800801EF058F9A8E79A067FF5FD
:101B300023AF23F02002228303F0070527E700BF2D
:101B400007FE01002DE9F047044607464FF0010962
:101B5000DFF84C8094FAA4F5B5FA85F509FA05F397
:101B60002E0108EB05156FEA030A24EA03042B7B18
:101B700063B158F806301B696BB946447368042298
:101B80002846196807EA0A071EF036FA002CE1D148
:101B90003846BDE8F087284698470028F6D1ECE79C
:101BA0005C58020010B5002288B00E490E4821F0A2
:101BB00045FE002200230024CDE906230E234FF426
:101BC0004072CDE90334CDE90144084B0849009443
:101BD00008481AF0AFFF0849064821F079FC204672
:101BE00008B010BDFD1B0000680D0020191F00008B
:101BF000083B0020E00800207471020001481AF040
:101C0000ADBC00BF5C0700202DE9F04780462148AD
:101C10000F461EF0D5F90646002833D00025284689
:101C2000BDE8F087237B83B12368DB680BB12046D6
:101C30009847636883F8069023681B69D3B9636883
:101C40000422204619681EF0D7F901361034544595
:101C5000E8D3B8F1000FE2D0002DDFD02846FFF71F
:101C600071FF0546002FF7D0002140F2391021F016
:101C7000EFFCF1E7204698470028E0D009FA06F388
:101C80001D43E2E705464FF00109034CDFF80CA0C5
:101C9000DDE700BF281B00205C5802006C580200E2
:101CA000014B53F8200070476C59020008B50346F9
:101CB00008462BB1044A136000F03AFC002008BD2E
:101CC0006FF01500FBE700BF0803002010B5044CBF
:101CD000237813B903481AF041FC0123237010BD87
:101CE000A63900205C07002010B5044609481EF004
:101CF00067F93CB1084BD3E8EF1F0139C3E8E21F95
:101D0000002AF8D105481BF0B1FCBDE8104004489A
:101D10001AF024BC201B0020241B0020680D00208A
:101D20005C0700200022044BD3E8EF0FC3E8E12F4B
:101D30000029F9D1704700BF201B002070B5FFF7C4
:101D4000F1FF0546074C084EB44200D370BD6368EE
:101D50005B792BB123685B6813B12946204698470D
:101D60001034F1E75C5802006C58020010B5044CC6
:101D7000044920461DF07FFE034B1C6010BD00BFD0
:101D8000CC06002058590200181B002000230D4AE1
:101D900010B513700C4A0D4913600D4A0D481360BD
:101DA000FFF784FFFFF7E2FF0B4B0C4918468B420D
:101DB00000D310BD1A1A5C6812110132227110335F
:101DC000F5E700BFA7390020201B002040420F008C
:101DD000241B0020BDFF01005C5802006C5802006B
:101DE00001460022002301481DF066BECC060020FB
:101DF00001481DF0FDBE00BFCC060020024B01468D
:101E000018681DF050BF00BF181B002001481DF0CE
:101E100085BF00BFCC060020F8B5284B1B78002BEF
:101E20004AD0FFF7E5FF0446002842D1244B254D58
:101E30001B68002B19DD21F0B9FC4FF47A76A0FB6A
:101E4000060747F61222002306FB0171FEF718FB76
:101E5000D5E90032C01A40F2E93361EB0201984241
:101E600071F1000101D3FFF769FFD5E9003213F5E5
:101E70007A7342F10002C5E90032ECB1BDE8F840E6
:101E8000FFF7C4BF6B685B7923B12B6821462846F6
:101E90001B6898471035B542F4D32046FFF7AEFFD4
:101EA000094BD3E8EF1F0139C3E8E21F002ABDD078
:101EB000F7E7064D064EEEE70020F8BDA6390020F4
:101EC000201B0020600D0020241B00205C58020015
:101ED0006C58020070B50D4D297861B90120FFF7EB
:101EE00093FE0B4C0B4EB44206D3FFF795FF002830
:101EF000FBD101232B7070BD63685B791BB1236834
:101F000020469B6898471034EDE700BFA7390020B2
:101F10005C5802006C58020000212DE9F843084685
:101F2000FFF772FE044648B340F21B684FF0000909
:101F300000F060FF1A4B1B4A1B58136033B11A4B59
:101F40001B68092B02DD19481AF008FB0025184F01
:101F500044B12046FFF7F6FD044618B94FF0FF38AC
:101F60004FF0FF39FFF758FF064628B9B5B90F48BB
:101F700042464B461AF026FB3546E9E74FF0FF385C
:101F80004FF0FF39D4E72B689B691BB1002228462C
:101F9000114698471035BD42F5D3E8E7054DFAE7FD
:101FA000080000001C1B0020241B00205C070020F0
:101FB0006C5802005C58020013B518481EF000F877
:101FC000174B1B7873B1EFF31184202383F312882E
:101FD000BFF36F8FFFF720FF84F31188BFF36F8F7C
:101FE00002B010BD0F4B1B68002BF9D050B9002276
:101FF00000230D48CDE9002347F6122200231BF0F1
:10200000FDFAEDE70928EBD107481BF02FFB074845
:1020100002B0BDE810401AF0A1BA00BF241B002096
:10202000A73900201C1B0020680D00205C07002041
:1020300010B5064B04461B6898472146A06004482B
:102040001DF0B7FDBDE81040FFF7B6BF0803002044
:10205000CC060020044A054B9B1AB1EBD30F34BFCA
:1020600052F8310000207047545702005C580200BB
:102070002DE9F04F8FB0C1F34A2604AF0D469046CC
:10208000B8607B600C0D002E61D04FF000090A2370
:102090004FF0040B07F1140AFE60C7E90799C7F86F
:1020A00024900093CDF808B0CDF804A007F11C03EC
:1020B0004A464046F968FFF735FAB0F5006F034627
:1020C0001CD36C468AB0D8F8041004AB24481A46D6
:1020D000C3E9050140F2FF71D9614FF40071198421
:1020E000204B42F8103F4FF412514B461E48FFF769
:1020F000BFFFA5462C37BD46BDE8F08FC0F30A06EA
:1021000004F11700184420F0070080083B60FFF737
:1021100067FE66F35325044680B13B6800F1100169
:10212000C7E908390A23F961CDE901AB00934046BC
:102130000E4AF96807F11C03FFF7F4F966F353251B
:102140002A4620467B68B9681DF076FFD2E704F185
:10215000170020F007008008FFF742FE0446EDE775
:102160008971020004000001045802000B00020003
:102170002DE9F04F87B00546DDE9106BDDE9127AF5
:10218000884614469946BFB110213B465A46002066
:10219000CDF800A0CDF814A0FFF712F8B0F5006F4D
:1021A00001460BD340F2FF730221184A184807B0CA
:1021B000BDE8F04F1DF099BF3946384604F00703DB
:1021C00005F00704E40044EA831444EA402444EAA6
:1021D000065406F11700084420F007008008039118
:1021E000FFF7FEFD054640B13FB13B465A46039915
:1021F000CDF800A01030FEF7E3FF4B4622464146E3
:10220000284607B0BDE8F04F1DF016BFC8710200A8
:1022100004580200406820B1034BC01A40F3CF00BD
:1022200070474FF0FF307047545702000EB403B5AB
:1022300003AB53F8042B01460448019301F00EF858
:1022400002B05DF804EB03B0704700BF4D0102001F
:10225000CA0605D48B064CBF02490349FFF7E6BF07
:10226000704700BF01720200007202002DE9F04FBA
:1022700089B098469DF85090159B044606930D46EC
:10228000DDE916A3189F05920493B9F1000F00F041
:10229000B08007F4807307931DF0ACFE07F0020BCB
:1022A0000246002874D020467749FFF7BFFF064654
:1022B000BBF1000F08D017F0440F6BD12A4620461F
:1022C0007249FFF7B3FF064407F0010353B1704BA7
:1022D000204653F829206F4B6F49002A08BF1A4641
:1022E000FFF7A4FF07F48073002B07F0080318BF63
:1022F0004FF00008002B79D0684B204653F8292076
:102300006749FFF793FF0546059B2BB11A46204608
:102310006449FFF78BFF0544B8F1000F05D0424632
:1023200020466149FFF782FF054460483544069B1B
:102330001BB122465E491DF031FA049B002B00F0D0
:102340008E80DDF810803946B8F1100F204628BF86
:102350004FF010080026FFF77BFFB54250DC002647
:10236000334620461AF803205249FFF75FFF013633
:10237000102E4BD0710703D120464F49FFF756FF6F
:1023800046453346EDD320464C49FFF74FFFEEE775
:1023900006468DE74A4B1868002894D0494B4FF405
:1023A0007A7B1B684FF03C0CB5FBF3F5B5FBF0F105
:1023B0004FF4616300FB11550BFB05F5B1FBF3F224
:1023C000B5FBF0FE03FB121100FB1E55B1FBFCF345
:1023D0000BFB05F5B5FBF0F50CFB13112046009146
:1023E000CDE901E53849FFF721FF6CE707F0080563
:1023F0008AE7B8F1010F4D460CBF2C48334896E7E9
:1024000020462D49FFF712FF0136A6E70026204699
:102410002F49FFF70BFF33461AF803202046A2F19D
:1024200020035F2B28BF2E222A49FFF7FFFE01362B
:10243000102E0DD0720703D120461F49FFF7F6FE7C
:10244000B0453346E8D820461B49FFF7EFFEEEE7DC
:10245000049BC244B3EB080304937FF472AFB9F159
:10246000000F0AD0FB0704D520460A4A0A49FFF7A5
:10247000DDFE39462046FFF7EBFE204609B0BDE8F9
:10248000F04F1DF056BE00BF087202000C72020031
:102490007C590200037202005B7C0200905902002A
:1024A00031720200377202003B7202004D010200DD
:1024B0005D32000040720200487202004672020063
:1024C000301B00202C1B0020157202007B01020033
:1024D0004A7202004C72020042F20F7373B58B42D3
:1024E00028BF0B4605680446052168460D4A1CF0C6
:1024F00045FD0646636828460B225B680A491DF0C5
:102500000AFE63683246694628465B681DF003FE92
:1025100063681B2228465B6804491DF0FCFD02B07D
:1025200070BD00BF7A7802006399020047990200EB
:1025300000210123064A904206D8064A01B9012328
:102540001360054B18607047012140085B00F2E7FB
:1025500040420F002C1B0020301B0020F8B50D4618
:102560000446064F4618B44201D12846F8BD14F877
:10257000011BBB6801485B689847F4E71C4E0200EA
:10258000014B036000207047D859020008B503488A
:10259000034A0021121A1DF0A1FE08BDB008002058
:1025A000083B0020074808B5074A0849121A1DF0E1
:1025B00097FEBDE808400648064A0749121A1DF072
:1025C0008FBE00BF00000020AC080020E49C020089
:1025D0000000002000000020E49C02002DE9F047EC
:1025E00006460C4600AF002936D0D1E90012E94674
:1025F0008AB06D46A3684FF0050AE8461F48CDE94A
:102600000723CDE9050148F810AF002342464FF4F7
:1026100021511B48FFF72CFDD4E90312CD46636915
:10262000AD461848C5E90723C5E90501C5F810A05E
:10263000002342464FF421511148FFF719FDCD46C2
:10264000E3690121104A0E481DF04FFDA3690121E5
:102650000E4A0B481DF049FD012E07D1EFF305830B
:102660000B4A31460648103B1DF03FFD21463046DF
:1026700019F09EFCBD46BDE8F08700BF89720200DC
:1026800034580200B8720200E7720200F6720200CB
:102690002473020030BFFFF7FDBF00BF2DE9F041FA
:1026A00005460B4EDFF82C80324606EB0807CC1BA4
:1026B0002046094922F074FAA01942460021083C3C
:1026C00022F094FA2C6707F10800BDE8F08100BF02
:1026D00000000000080000006C58020010B5244CF7
:1026E000244925481DF009FEA36A99013ED52248D8
:1026F00022491DF002FE1E20A36ADA0104D51E48FD
:102700001F491DF0FAFD1F20194CA36ADB0204D5F6
:1027100019481C491DF0F1FD0220A36A1C0304D5D1
:10272000154819491DF0E9FD2120114CA36A5903F0
:1027300004D5114815491DF0E0FD2220A36A9A0333
:1027400004D50D4812491DF0D8FD2320084CA36A7A
:10275000DB0304D508480F491DF0CFFD2420A36AF0
:102760006FEA03436FEA1343A36210BD1D20C3E762
:1027700000ED00E037730200345802004F7302008E
:10278000627302007C730200A6730200C47302002D
:10279000E97302000374020070B506460D46294C29
:1027A00029492A481DF0A9FDA36ADB0647D5274819
:1027B00027491DF0A2FD1120A36A1C0704D5234858
:1027C00024491DF09AFD12201E4CA36A990712D5C8
:1027D00021491E481DF091FD636BA26A120609D5BE
:1027E00001211E4A19481DF080FC1EB1A36A23F086
:1027F0008003A3621320134CA36ADE0704D5134899
:1028000017491DF07AFD1420A36A9C0604D50F48D1
:1028100014491DF072FD15200A4B9A6AD10658BF63
:102820009A6A9A6A920642BF5A6A22F400525A621F
:102830009A6A42F0FF029A6200232B7070BD10204A
:10284000BAE700BF00ED00E02E7402003458020029
:1028500044740200777402008A740200A2740200B9
:10286000B8740200D774020070B506460D46284CB5
:10287000284929481DF041FDA36AD9043CD52648C2
:1028800026491DF03AFD1720A36A1A0504D52248EF
:1028900023491DF032FD18201D4CA36A9B0512D55B
:1028A0001D4820491DF029FDA36BA26A100409D51B
:1028B00001211D4A18481DF018FC1EB1A36A23F41B
:1028C0000043A3621920124CA36A590504D512488B
:1028D00016491DF012FD1A20A36ADA050ED50E481E
:1028E00013491DF00AFD1B20094A936A43F47F43F4
:1028F000936200232B7070BD1620C5E7A36A9B046A
:10290000F2D505480B491DF0F8FC1C20ECE700BF90
:1029100000ED00E006750200345802001C7502004C
:10292000777402002D750200467502005B75020087
:1029300076750200D77402002DE9F0418AB0674B2A
:102940000446D3F80480002500AFC8F3080685F3D9
:102950001188BFF36F8F02F07F43B3F17F4F07D130
:1029600002F00C03082B12D15D495E481DF0C5FC36
:1029700000252C460023FB71F31E092B00F28E80EC
:10298000DFE803F00A8487808C8C8C8C8C8A10079B
:102990004CBF0C460125EDE7534952481DF0ADFCF4
:1029A00000234E4EFB71F36A9A0705D54F494D48F7
:1029B0001DF0A3FC00232DE0F36A002B01DA4C4943
:1029C000F5E7F36A5B00F5D54A4946481DF095FCEA
:1029D0007369A26943F480737361BFF34F8FBFF3D0
:1029E0006F8F32F8023C726922F480727261BFF319
:1029F0004F8FBFF36F8F03F47F42B2F55F4F2BD140
:102A0000DBB2022B28D1236801213B4A35481DF057
:102A10006CFB2368FA79DAB907F1080604F1200C97
:102A2000324620686168083403C264451646F7D10F
:102A30007A6A002D4FD0C2F3080121B96FEA522201
:102A40006FEA42227A62184607F10801FFF7C6FDD5
:102A50002837BD46BDE8F081204B9A6AD2B222B138
:102A60000120F91DFFF798FE0EE09A6A12F47F4FDD
:102A700004D00120F91DFFF7F7FE05E09B6AB3F5CE
:102A8000803F97D3FFF72AFE0346C3E70020F91DD6
:102A9000E8E70020F91DEEE7184988E7184A18F41E
:102AA000F87FE8468AB0174B08BF13466A461649B6
:102AB000103ECDE905134FF40073ADF82030134BF1
:102AC000079642F8103F00234FF411510548FFF7D5
:102AD000CFFAC5466EE76FF30802B3E700ED00E0FA
:102AE000BC75020034580200E7750200FE75020052
:102AF0001F7602002D7602004C76020068760200F6
:102B00008E750200A37502008C760200040000019D
:102B1000064B5A6942F010025A615A6942F48062C7
:102B20005A615A6922F008025A61704700ED00E0CC
:102B3000EFF30880EFF3098101B57246FFF7FCFE61
:102B400001BD00BF0B4880F3088818F003FA20206D
:102B500080F3118808484FF40061401880F3098819
:102B6000EFF314800221084380F31488BFF36F8FC2
:102B700000F06AF8D05F0020905200201EF0040F91
:102B80000CBFEFF30880EFF30980816911F8021C94
:102B90000229FFD001B572461DF0A4FB01BD00BFA4
:102BA00000B2002807DB01234109034A00F01F009F
:102BB000834042F82130704700E100E000B2002875
:102BC0000CDB01220649430900F01F00824020333C
:102BD00041F82320BFF34F8FBFF36F8F704700BFC3
:102BE00000E100E0054B420953F82220012300F0E8
:102BF0001F0003FA00F01040704700BF00E100E042
:102C000000B2002801F10101ACBF00F16040064BA9
:102C10004FEA4111C9B2ABBF00F5614000F00F00AF
:102C200080F800131954704714ED00E0044B054A76
:102C300023F07F039360BFF34F8FBFF36F8F704715
:102C40000000000000ED00E008B5FFF7EFFF0B4AC1
:102C5000D2F8883023F47003C2F88830EFF314837D
:102C600023F0040383F31488BFF36F8FFFF78EFC08
:102C7000FFF798FC00F09CF819F0BCFA00ED00E0BA
:102C800042F8203C009B0B4942F81C3C019B21F080
:102C9000010142F8183C029B42F8081C42F8143C1F
:102CA0004FF0807342F8043C0023203A02654367EA
:102CB000704700BFFD18000000B50D4B1546986029
:102CC000026F0C4B0E461A60036E83F30B882C4682
:102CD00086F309880020044B9847204600210022F3
:102CE0000023024C2047000019030200FD180000D9
:102CF000B4320020581B00201022014B1A6170478B
:102D000000ED00E0054B5A699B689A421FBF044AD8
:102D1000536843F080535360704700BFB4320020C3
:102D200000ED00E0084B9B6883420BD1EFF3058375
:102D300043B1064B5A6842F080525A605A6A22F4F4
:102D400000425A621AF074B9B432002000ED00E07B
:102D500014498A684FF030001044EFF3098C80E882
:102D6000F01F202080F31288BFF36F8F0E4F4FF0BB
:102D700000664A698A603E60106F0C4C2060506F9C
:102D80000023536780F3118802F1300090E8F01FB0
:102D90008CF3098802F1000004B51DF0B6FABDE815
:102DA00004407047B432002004ED00E0581B0020BE
:102DB0000023202040F20F1210B5044CE11801331B
:102DC000934281F80003F9D110BD00BF00E100E09B
:102DD00008B5EFF30583064A103B02EBC30152F836
:102DE000330049688847BDE80840FFF78BBF00BF44
:102DF000544E02000148006870470000581B002034
:102E00001FB50121094B0A4A0A4800F00FF90023B7
:102E1000064A0393084B0121019301A8D31A029398
:102E200000F00EF905B05DF804FB00BF00000420BF
:102E3000000000203C5A0200B00800200A7A0B680B
:102E400010B562F304031C46CB68520923F01F033C
:102E500043EA4203044A43F00103C2F89800C2F86F
:102E60009C40C2F8A03010BD00ED00E010B50A4B48
:102E7000D3F89030C3F30723013B984208D90121CE
:102E80000346064A06481DF030F96FF0150010BDE4
:102E9000FFF7D4FFFBE700BF00ED00E0A3760200E0
:102EA0001C5802002DE9F04F8946144606464FF0A3
:102EB00000084F4D85B0C84527DAD6F804A0BAF10E
:102EC000000F44D0BAF11F0F17D91AF01F0F14D1F9
:102ED000D6F800B01BF01F0F0FD158461DF03FFA77
:102EE00007460AEB0B0001381DF039FA874210D073
:102EF0006FF015073F4A3B4601E043463E4A012139
:102F00003E481DF0F2F86FF01504204605B0BDE80C
:102F1000F08F17F1160FEDD0BC42EBDDC5F89870BD
:102F2000D5F89C10C5F89870D5F8A03021F01F0195
:102F300043F01F0BD6E900321A44994202F1FF3ADE
:102F40001AD1D34507D13146F8B21DF011FA08F174
:102F500001080C36AFE73146C5F89870D5F89C30BB
:102F6000E0B263F30402C5F89C201DF001FA10F1F1
:102F7000160FC8D0441CEAE7C5F89870D5F8A02011
:102F8000013B23F01F0302F01F021343D3453146D8
:102F9000E0B2C5F8A030E8D01DF0EAF910F1160F44
:102FA000B1D0C5F89870D5F89C209DF808300BF189
:102FB000FF3B62F304038DF80830D5F8A0309DF88C
:102FC00008205B0863F347128DF80820D6E9003229
:102FD0001344009323F01F035B44A3EB0A03013067
:102FE00023F01F036946C0B20393FFF73FFFBEE71C
:102FF00000ED00E0EF760200C97602001C580200E6
:103000000522044BC3F89420BFF34F8FBFF36F8F9B
:10301000704700BF00ED00E0BFF35F8F0022024B5E
:10302000C3F89420704700BF00ED00E010B5034CDA
:103030002278FFF737FF207010BD00BFA9390020AC
:103040002DE9F74F294D8A4606464FF00008AB465A
:10305000274FD0451BDAD6F80490B9F1000F3FD0C6
:103060003168084601911DF07AF90199044609EB8F
:10307000010001381DF073F984424FF014021D4B1A
:1030800008D002FB08F36FF015024BF8032003B0E1
:10309000BDE8F08F14F1160F2C60F8D01978A1421A
:1030A000F5DD02FB08B0C7F89840C7F89840D7F89C
:1030B0009C4000F10801007B64F304000871D7F81C
:1030C000A0000C79400860F347140C71D7F89C10ED
:1030D00021F01F016960D7F8A01021F01F012961BC
:1030E00008F1010814350C36B3E700BF5C1B002063
:1030F00000ED00E0A9390020F0B55349534DD1F857
:1031000090302C68C3F307239C4287B000F299806B
:103110000020FFF781FF4E4BC1F8C030844216D12A
:103120004C4D01A82C70FFF72BFA002607464A4C9D
:10313000B74213D100202B784349D1F89020C2F335
:103140000722934277DBFFF75BFF002046E06968C8
:1031500001EB0011FFF772FE0130DFE7019930014A
:1031600001EB0613DA682240B2F1807F52D00AD810
:10317000B2F5001F34D0B2F5800F3ED0B2F5801FFB
:1031800012D00136D4E7B2F1006F43D0B2F1805FC4
:10319000F7D15A689B680958013B22F01F0003448D
:1031A00023F01F03012032E05A689B680958013B55
:1031B00022F01F0003440120844623F01F0340EA4D
:1031C0004C10CDE902218DF8100002A92878059352
:1031D000FFF74CFE00282ADA6FF0150007B0F0BDAB
:1031E0005A689B680958013B22F01F0003444FF0C6
:1031F000020C012023F01F03E1E75A689B6809587D
:10320000013B22F01F000344062023F01F034FF070
:10321000000CD4E75A689B680958013B22F01F0054
:1032200003444FF0030C012023F01F03C7E72B7862
:1032300001332B70A5E7C1F89830C1F8A000013325
:103240007BE74FF0FF30C9E700ED00E0485A02008D
:10325000AAFF4400A93900200000F0FFF0B587B0B4
:1032600007460E4614460021102268461D4621F0EE
:10327000BDFC02238DF80230054B2A4621466846E4
:10328000CDE9047601931BF0A3FE07B0F0BD00BFAB
:10329000A303020008B5024B1B689847002008BD35
:1032A000701B0020034B044A1860937843F002031C
:1032B00093707047701B00202403002008B5064956
:1032C000064821F00701C1F1005202F580221CF0EE
:1032D00024FA002008BD00BF5F710020741B00208D
:1032E0004FF0FF324FF0FF33014819F03FB800BFF5
:1032F00034030020014819F0ABB800BF34030020AC
:1033000038B50546FFF7ECFF2A46082107481CF0B0
:1033100093F9044628B925B1FFF76CFD0C22044B44
:103320001A50FFF7E7FF204638BD00BF741B00208E
:103330000C00000010B50446FFF7D2FF21460348F9
:10334000FDF7BAFEBDE81040FFF7D4BF741B0020A4
:1033500070B5A0FB015434B92846FFF7D1FF0646EB
:1033600040B9304670BDFFF745FD0C22044B0026E6
:103370001A50F6E72A46214621F038FCF1E700BF53
:103380000C00000070B541690446867A0A4D59B1B7
:10339000437ADB0706D4242303FB0653DB691B684F
:1033A0009B689847002363612420214600FB065058
:1033B000BDE870401FF02DBF8C0700202422024B77
:1033C00002FB0030704700BF8C0700202421827A66
:1033D000054B01FB02331A6A1B7D801A1B3323F055
:1033E0000303B0FBF3F070478C07002038B52424AA
:1033F000827A064B04FB0233DB69D3E901240C60BB
:103400001568FFF7E3FF04FB005038BD8C07002070
:103410002DE9F04385B00546684690461C46039169
:1034200020F0C6F9DDE90067EFF31189202383F36B
:103430001288BFF36F8F6B8A002B41D02A8A9A4281
:1034400025D900220023284619F052F80446F0B18D
:1034500089F31188BFF36F8F039B002B41D0324655
:103460003B46684620F0C9F92421A27A254B204624
:1034700001FB0233DB6903A91B681D68DDE900233A
:10348000A847606170BB2046FFF77CFF24E0698A93
:103490004B1E6B8289F31188BFF36F8F2B7D2A8AB5
:1034A0002C6A1B3323F00303521A02FB0344154B0F
:1034B000154AEB1A9B105343A3722B7DE372CBE7A3
:1034C00089F31188BFF36F8F23464246284619F0CF
:1034D0000FF804460028BFD10024204605B0BDE8FF
:1034E000F0836361012300252381039B29466382C6
:1034F000E27A656004F1180021F078FB63692582A7
:10350000E360EAE78C070020398EE338F8B5002441
:1035100024260F4D00B9F8BD476800F10802D2E833
:10352000EF3F591EC2E8EC1FBCF1000FF7D1DBB230
:10353000012BF0D1837AC46006FB035344609B697E
:1035400013B198473846E5E7FFF71CFFFAE700BFDD
:103550008C0700202DE9F84F06460D461746044615
:10356000A3466468002CFBD14FF02409DFF878A053
:10357000BBF81030BBF81220DBF81410D21ADBF8BD
:103580000C300BF10C005B1AD21AAA4228BF2A4653
:103590001FFA82F8394642461CF092FFB5EB080547
:1035A000444447441DD00C9B53B1DDE90A010D9AF8
:1035B00098478346A8B1014630461CF052FFD7E732
:1035C000B07A09FB00A0C3699B6843B1AB4228BF36
:1035D0002B461946DDE90A23FFF71AFFE9E72946DA
:1035E000F8E72046BDE8F88F8C07002008B5244A8C
:1035F000244B1A6016F0FCFE4FF47A612248D0F892
:103600002436C3F30802C3F309434B4382F48072A8
:103610001E49883201FB02334FF4FA215B00B3FBF1
:10362000F1F201FB12331A49B3F57A3F28BF013298
:10363000C1F80429D0F820364FF47A60C3F30802A9
:10364000C3F30943434342F21C5082F4807202F2F6
:10365000172200FB02334FF47A701B0AB3FBF0F21F
:1036600000FB12330020B3F5FA7F4FF0010328BFAF
:103670000132C1F81C27C1F80009C1F8003608BDA5
:103680000020A1079806002000C0FF00F82A008053
:103690000000125048B1054B054A1B68B3FBF2F31A
:1036A0005843044B43F00103184770479806002025
:1036B00040420F0030590200BFF34F8F0549064BBF
:1036C000CA6802F4E0621343CB60BFF34F8F00BFC0
:1036D000FDE700BF00ED00E00400FA050E4B4029B5
:1036E00028BF402170B51D460C4C4618B04203F16E
:1036F000020304D1002305F81130074870BD027899
:103700001209A25C03F8022C10F8012B02F00F0240
:10371000A25C03F8012CE9E7C83900208299020075
:1037200030B503788BB0044607AD032B21D8DFE812
:1037300003F0021A1C1E12492846FCF7BBFE059531
:1037400063781E210493A3780E4A0393E3780E480E
:1037500002932379019363790093A3791BF00EFC04
:1037600009480BB030BD0949E6E70949E4E70949D2
:10377000E2E70A212846084A1BF000FCDFE700BF09
:103780003C7702005E770200AA39002043770200EE
:103790004A770200547702007F96020010B5002499
:1037A000094B86B009480393CDE904441FF02BFE72
:1037B00003AB00934FF4AF620A230549034819F0A5
:1037C0009FF8204606B010BD88770200A00D0020AB
:1037D000083E00200146014819F0D2B8A00D002093
:1037E000014601481FF0E4BDA00D002030B503786C
:1037F000012B11D0022B21D06BB90A46144B03F1D7
:10380000100453F8045BA34242F8045BF9D14388E7
:103810001A0A8A70CB7030BD0A460D4B03F11004B2
:1038200053F8045BA34242F8045BF9D143681A0CD5
:10383000180E4A700870C3F30722EAE700F110037C
:10384000013913F80129984201F8012FF9D1E2E773
:103850009399020010B51CF026FF1FF033FE0446BA
:1038600008B919F01BFB064BD3E8AF3F0BB10A2098
:1038700098471CB9BDE8104019F024BB10BD00BF2B
:10388000801B002038B5044608481CF0A3FD0546FF
:1038900048B1631EDBB21F2B96BF054A0021D15CE5
:1038A0000C301CF016FE284638BD00BF640800200E
:1038B000A39902000F2810B50CD80D280CD90A487E
:1038C0001CF088FD044618B104210C301CF001FEE8
:1038D000204610BD1328F2D009B10448F0E70220B9
:1038E000BDE81040FFF7CEBF88080020F807002091
:1038F000F0B505460E46174685B0AB88012B0ED9AC
:1039000028461CF00FFE044648B1AB88984208D9FF
:10391000022100930D4A03460D481CF0F0FB05B050
:10392000F0BD28461CF0FEFD2B688DF80800013C18
:10393000394602A88DF809400393B0470028EED01D
:10394000214628461CF0DEFDD7E700BF987702002D
:103950009C570200C3681B780221024A02481CF0EF
:1039600032BF00BFC3770200B457020038B5C56844
:103970002B7893B9B5F801400F21204602F022FFC1
:10398000EB78054650B90A4A118831B96FEA0450FC
:103990006FEA10501080074A137038BD037301217D
:1039A00002F00AFE2846BDE8384002F0B9BD00BF6B
:1039B0007C390020493A002070B5C3681D787DBB72
:1039C000B3F801600F21304602F0FCFE044638B91E
:1039D00001213346BDE87040124A13481CF0F3BE83
:1039E000294602F0E9FDA378012B04D02046BDE86A
:1039F000704002F095BD231DD3E8AF3FDB07F5D53E
:103A00000321204602F0D8FD03201DF0E2F8034612
:103A10000028EBD00221054A03481CF0D4FEE5E75C
:103A200070BD00BFEB770200B457020011780200AE
:103A300010B5C3680121B3F80140204602F0C2FE70
:103A400038B901212346BDE81040044A04481CF05F
:103A5000BABEBDE8104002F063BD00BF3778020077
:103A6000B457020010B5C36801211C88204602F03B
:103A7000A9FE38B901212346BDE81040034A044895
:103A80001CF0A1BEBDE8104002F04ABD377802002C
:103A9000B457020010B501210C301CF03BFD037837
:103AA0000121BDE81040024A02481CF08CBE00BF54
:103AB0005B780200B4570200014610B508481CF0BC
:103AC0008DFC084908481FF073FC031E06DABDE8A8
:103AD00010400121054A06481CF075BE10BD00BF0C
:103AE000FC01002048040020E00E00207D78020048
:103AF000B457020073B5C5680121B5F801603046BE
:103B000002F060FE044640B9012133462D4A2E489A
:103B100002B0BDE870401CF056BE2B781A2B19D1AC
:103B2000C378012B4AD14FF4804104301CF04DFE84
:103B300043040FD4D4F88C3069460093D4F8943001
:103B4000204601931DF0B6FB204602B0BDE8704050
:103B500002F0E6BC2B788BBB40F2E242B5F80330B2
:103B60001A495343C4F88830B5F80520A4F89020CA
:103B7000B5F80720A4F89220A3F5EA520C3A8A423D
:103B800004D90221124A10481CF01DFEB4F89030EE
:103B9000B3F5FA7F04D302210E4A0B481CF013FE42
:103BA00040F67641B4F89230A3F10A0292B28A420A
:103BB00004D90221084A04481CF005FE204602F000
:103BC000FDFFC1E737780200B457020095F03C00D2
:103BD0009A780200C1780200E878020010B500244B
:103BE00086B003AB00934FF480624FF0FF3305497A
:103BF0000548CDE90344059418F082FE204606B03E
:103C000010BD00BF80430020400E00200121024A69
:103C100002481CF0CFBD00BF14790200B457020067
:103C20000B46B0B50D8A00AF04462946D868FFF7A9
:103C300055FD8AB06A46094BCDE90750CDE90534F8
:103C400040F20243ADF82430054B4FF432510548A1
:103C500042F8103F1CF0C4FDBD46B0BD2E790200F5
:103C600005000001B457020070B5C5680121B5F820
:103C70000160304602F0A6FD044638B90121334602
:103C8000BDE870400B4A0C481CF09DBD2B783BB939
:103C9000D5F80330C0F89830D5F80730C0F89C301C
:103CA000201D4FF480311CF090FD2046BDE870408F
:103CB00002F036BC37780200B45702002DE9F84F05
:103CC000D0F80C90018A99F8004000AFA3000133AE
:103CD0008B425FD96D468AB06A46CDE9073105232C
:103CE0002E484FF42151CDE905042D4842F8103FEC
:103CF0001CF076FDAD46BD46BDE8F88F01212B4690
:103D0000284A27481CF05FFD013699F800309E4292
:103D1000F1DA09EB8603B3F801500F212846B3F816
:103D2000038002F04FFD04460028E7D000F1BC0AF2
:103D3000B8F1000F06D0656945B901211A4A184843
:103D40001CF038FD204602F0EBFBDDE7A2692B6892
:103D500095422046636108BFA36102F007FB18F09B
:103D6000FDFBC5F800B0236A8BB9C4E90755DAE852
:103D7000EF3F013BCAE8E23F002AF8D1002120468C
:103D800008F1FF3802F0FEFA1FFA88F8D0E71D604C
:103D90002562ECE70026B346B7E700BF5079020082
:103DA000B45702007B7902009779020037B50446C8
:103DB000084602EBC3039A4202D16FF05E0010E0A6
:103DC000114611F8085BA54211D1038A5178994236
:103DD00009D908480121084A00941CF090F96FF0B5
:103DE000150003B030BD536898470020F9E70A4634
:103DF000E1E700BFB4570200AE7902002DE9F047B9
:103E00000C4619F04BF8E5682B78022B75D0042B83
:103E10000AD001213D4A3E481CF0D5FC2046FFF760
:103E200075FB6FF015040EE0B4F81080B8F1020FC6
:103E30000ED84346374A364801211CF0C4FC2046C0
:103E4000FFF764FB002419F03DF82046BDE8F08739
:103E500068783E280CD1B8F1030F02D12E4A4346B0
:103E6000E9E7EB78012B01D00A2B46D1032704E0C8
:103E70001CF08DFC0746F8073FD504F10C06012124
:103E80003046D4F814A01CF03DFB022130461CF053
:103E900041FB814600783E2807D1E3681B78012B5F
:103EA00001D00A2B06D1032614E01CF070FCC107D8
:103EB00006460FD441F26813184A194919481BF0F5
:103EC000CCFC002383F31188BFF36F8F03231846C4
:103ED00002DF0226144A0623214699F800001CF04E
:103EE0009BFCB2070DD56369A5EB0A0513FA85F5AE
:103EF000E560A4F81080BB07A4D52046FFF7DCFDE1
:103F0000A0E72046FFF702FBF5E700BF767A020044
:103F1000B4570200D0790200EC7902000C7A02005A
:103F2000407A0200597A0200F45A020010B50121C9
:103F300004460C301CF0EEFA2146BDE81040022386
:103F4000014A00781CF068BC245B020073B53E484F
:103F50001CF059FA0446002873D000F10C052846DD
:103F60001CF0E0FA0228034603D0042847D0374A61
:103F700003E0238A032B05D8354A012135481CF07C
:103F800022FC13E0042128461CF0C4FAFF234288D7
:103F900006882376238AC6F30B009A42608309D0F1
:103FA000012100922B482C4A1CF0A9F82046FFF76B
:103FB000ADFA12E00F2102F005FC054610B9638B43
:103FC000264ADAE702F024FC21462076320B284606
:103FD00002F02AFA284602F0A3FA214BD3F8343132
:103FE0007BB3204920481FF0E3F9031E29DA0121A1
:103FF0001E4A184802B0BDE870401CF0E4BB2846D9
:1040000002211CF087FA054600783E2812D01CF0E9
:10401000BEFB10F002060DD140F69A43144A154932
:1040200015481BF01AFC86F31188BFF36F8F03232A
:10403000184602DF06232146104A28781CF0ECFBC4
:10404000B4E702B070BD00BFFC0100201F7B02007E
:104050008A7A0200B4570200AB7A0200CF7A0200DB
:10406000C800002048040020E00E00207D780200F7
:104070000C7A0200F17A0200597A0200345B0200E5
:1040800010B5012104460C301CF044FA2146BDE86D
:1040900010400923014A00781CF0BEBB645B02009B
:1040A000F8B50121044600AF0C301CF033FA067855
:1040B000002321463046104AFFF778FE5F3019D1C1
:1040C000258AE0682946FFF709FB6C468AB06A46F4
:1040D0000A4BCDE90750CDE9053640F20243ADF871
:1040E0002430074B4FF43251064842F8103F1CF081
:1040F00077FBA546BD46F8BDAC5B0200337B0200F2
:1041000005000001B45702002DE9F74F0023804657
:1041100089461746DFF800A1DAE8EF4FCAE8E23F28
:10412000002AF9D1264644B9012143463B4A3C487E
:1041300003B0BDE8F04F1CF046BB2046FFF746F940
:104140004FF00C0B374D0BFB0050438843451BD001
:104150002046FFF73BF90BFB0050438801210093F9
:10416000314A43462E481BF0CAFFDAE8EF3FCAE85F
:10417000E26F002AF9D1002B4BD01E46304603B027
:10418000BDE8F04FFFF7C2B9A74208D020461CF0A7
:104190001CF93A8AF96804F10C001CF091F92046E8
:1041A000FFF714F90C2707FB00504368ABB1B9F1D6
:1041B000000F12D12046FFF709F9012107FB00503B
:1041C0004268536803F01F00814010685B0900EBF0
:1041D0008300137ACBB11CF0F8FA2046FFF7F6F80B
:1041E0000C2707FB00508368002BC7D02046FFF741
:1041F000EDF8784305F800902046FFF7E7F807FB55
:104200000055A86818F0AAF9B8E7C9431CF0EBFA02
:10421000E3E703B0BDE8F08FF8010020657B020002
:10422000B4570200841B00208D7B020008B501F00A
:10423000C7FB064BD3E8AF2F02F00B02D3E8EF1F0A
:10424000C3E8E02F0028F9D108BD00BF9C01002081
:1042500010B5C1E900239DF808300C460B72FFF73A
:10426000B5F80C22024B02FB00335C6010BD00BFAE
:10427000841B0020F8B502460B4610481CF0AAF833
:104280000446C0B104210C301CF009F92046FFF7A8
:104290009DF80C2700260A4D07FB0050468020465B
:1042A000FFF794F807FB005086602046FFF78EF872
:1042B00007FB00556E602046F8BD00BF4008002097
:1042C000841B002029289ABF014B185C09207047E5
:1042D000C399020070B5C3680F21B3F801601D785F
:1042E000304602F06FFA044638B901213346BDE882
:1042F0007040184A18481CF066BA65B12846FFF7A6
:10430000E1FF29460246204602F010FD2046BDE8A6
:10431000704002F005B98378012B07D107F0DCFA71
:1043200020461CF01CFA002808BF05252846FFF788
:10433000C9FF29460246204602F0F8FC002DE5D0D0
:104340000121064A04481CF035FA052120461CF0DC
:10435000B7FCDBE7EB770200B4570200C07B02003A
:104360002DE9F041C6680F21B6F80170357838465E
:1043700002F028FA044638B901213B46BDE8F04175
:104380001E4A1F481CF01FBA65B12846FFF79AFF66
:1043900029460246204602F0C9FC2046BDE8F0410D
:1043A00002F0BEB8F278C37A934205D10221154AD1
:1043B00013481CF008FAF0E78378C272012B08D189
:1043C0000AB107F089FA20461CF0C9F9002808BF95
:1043D00005252846FFF776FF29460246204602F0CB
:1043E000A5FC002DD9D00121074A05481CF0E2F9AF
:1043F000052120461CF064FCCFE700BFEB770200EC
:10440000B4570200E67B0200C07B020010B50446F0
:1044100092B04422064901A820F0C2FB102C9DBF97
:1044200012AB03EB840454F8440C024812B010BDE4
:1044300088580200157C0200034B0146D3F84C015A
:1044400082689268104700BFC80000202DE9F0473D
:10445000042100AF47481CF0B8F96D4601F0B0FAEE
:1044600088B06A46444B4FF4E6510593434B4448A9
:1044700006934FF40073ADF81C30424B424C42F8A7
:10448000103F1CF0ADF9AD46E179404B404E20465F
:10449000012998BF1E46FFF743F98AB06A463D4B93
:1044A0000790CDE905363C4B4FF4235108933B4B25
:1044B000334842F8103F1CF093F9A246AD4601255F
:1044C000374EDFF8E080E3790AF1070A9D423ADBD4
:1044D00094F870506E462846FFF798FF8CB06A46F5
:1044E000B4F87210B4F87630CDE907514FF4007586
:1044F000DFF8B4C009932D4BCDE905C0ADF82850C5
:104500004FF4535142F8103F1D481CF069F9B5466D
:1045100094F871603046FFF779FF8AB06A46B4F8C4
:1045200074302349CDE90763224BCDE90510ADF87E
:1045300024504FF43351124842F8103F1CF050F908
:10454000BD46BDE8F0875046FFF7EAF8E9468AB075
:104550006A4640F20133CDE905650790ADF8203099
:104560004FF41351064842F8108F1CF039F9013509
:10457000CD46A8E79C010020217C0200337C02008C
:10458000B457020003000001C800002002720200BC
:104590001D7C02003E7C02000002010304000002B8
:1045A0004D7C0200040000015E7C02000600000158
:1045B0009C7C02000500000100487047C37C02009B
:1045C000014902481EF0F4BE38040020400E0020CD
:1045D00070B505460C4639B1CB684A699B1A032B66
:1045E0000ED86FF0150509E04FF0FF304FF0FF31A6
:1045F000FFF740FE044618B96FF06805284670BD05
:104600002046FEF7E3FE0C22164BA61802FB0033F1
:10461000032130465D801BF064FF0580238A012161
:10462000033B837030461BF064FF40F635439D42E8
:104630000FD12046FFF700FF05460028DED00121FC
:104640000346094A09481CF0BEF82046FEF75EFF03
:10465000D4E7214606481EF0D1FD0025FFF7B0FF44
:10466000CCE700BF841B0020CA7C0200B4570200C4
:10467000040200202DE9F04784B0804691460C46A4
:1046800000AF71B94FF0FF304FF0FF31FFF7F2FD8F
:10469000044660B96FF0680528461037BD46BDE88E
:1046A000F087887AFEF78AFE3B4B83426ED1012267
:1046B000002138461EF0C9FD2046FEF787FE0C2378
:1046C000DFF8D8A003FB00A0876020461BF0B1FEF6
:1046D00001464046FFF77CFF054618B12046FEF72D
:1046E00015FFD9E7002338462D4A17F06BFF064621
:1046F00090B14FF4F1732B4A2B492C481BF0ADF8C5
:10470000324641462A481BF0A8F885F31188BFF3CA
:104710006F8F0323184602DF2046FEF757FE0C2357
:1047200058431AF800605EB36D468AB06A46214B62
:104730000796CDE90538204B4FF43251089340F2EB
:104740000243ADF824301D4B1D4842F8103F1CF0C9
:1047500047F82046AD46093EFEF7D8FE092E0CD894
:10476000DFE806F0050B0B08170B0B0B0B146FF0B3
:104770006E0591E76FF00C058EE76FF004058BE78F
:10478000B9F1000FAAD0C9F8004085E76FF0150510
:1047900082E76FF00B057FE740080020841B0020B4
:1047A000B4C404000C7A0200EC7C0200597A0200C6
:1047B000F57C02003A7D0200027202000500000151
:1047C000B457020073B506460D4642F22F00002191
:1047D00001AAFFF74FFF044638B10121144A1548DA
:1047E0001BF0E8FF204602B070BD0198C368B3F823
:1047F00001203280B3F803302B80FEF787FE338828
:10480000A3F11B02E02A04D902210B4A09481BF03C
:10481000DAFF44F248112B88A3F5A47292B28A42BF
:10482000E0D90221054A03481BF0CDFFDAE700BFBB
:10483000597D0200B4570200797D02009E7D02007E
:10484000F0B585B006460DF10301002000F04EFFE3
:10485000054600284DD14FF0FF304FF0FF31FFF7F4
:1048600009FD0746002847D019210C301BF022FE15
:1048700004462946192220F0B9F99DF80330204A50
:10488000237392F8111192F81031601D994294BF70
:1048900006F1700106F17E011BF08EFF9389384608
:1048A0002380D3896380B6F88C30A4F80D30B6F835
:1048B0008E30A4F80F30B6F89030A4F81130B6F866
:1048C0009230A4F813300F4B019307230293012376
:1048D0008DF80C30FEF77AFD0C220B4B394602FBAB
:1048E000003301AA5A6042F20D000022FFF7C2FE17
:1048F0000546284605B0F0BD6FF06805F9E700BF32
:10490000C80000209C010020841B0020F8B502286C
:10491000054600AF3DD100210246084602F0ECFA00
:10492000044680B90121264A26481BF043FF032094
:104930001CF04FF9034620B10221234A21481BF005
:1049400042FFBD46F8BD031DD3E8AF3FDB0706D5E8
:10495000032101F031FE204601F0E2FDE7E740309F
:104960001EF063FD10F00C0608D116482946174AC0
:104970001BF020FF314620462573EAE72046FFF76B
:104980005FFF0028E7D00121114A0E481BF012FFFB
:10499000E1E76C468AB06A460E4B4FF41251CDE9FE
:1049A00005300D4B0748079340F20133ADF8203036
:1049B0000A4B42F8103F1BF013FFA546C1E700BFAA
:1049C000C17D0200B457020011780200DF7D0200B1
:1049D000057E0200217E0200027202000400000136
:1049E00030B54FF0FF304FF0FF3185B0FFF742FC9C
:1049F0000446B0B10C4B0025019307238DF80C50F1
:104A00000293FEF7E3FC0C22084B214602FB003325
:104A100001AA5A6042F20E002A46FFF72BFE05B0AB
:104A200030BD6FF06800FAE79C010020841B002075
:104A30002DE9F04385B000260546594BB0F80190AA
:104A4000198849F47042914204BF1E80554B00AF53
:104A500008BF1E7800F0D6FCEB7805F10408012BA6
:104A600008BF514B404614BF002493F86F401BF021
:104A700016FE4146B0B307F108001BF005FED5F85D
:104A80001130C7F80130B5F81530A7F8053001230B
:104A90003B70E87840B9022207F1080102F02CFAD5
:104AA000EB7804465BB384BB4046FEF739FE6C46A8
:104AB00088B06A463D4B4FF4E251CDE905304FF4E2
:104AC0000073ADF81C303A4B3A4842F8103F1BF0E7
:104AD00087FE1321A54648461BF0DBFE1437BD4672
:104AE000BDE8F08320461CF030F8014607F10800CD
:104AF0001BF062FE414638461BF05EFEC9E76FF0D0
:104B000080012D481BF06FFECDE7204640F2E242C7
:104B1000B5F8013007F1080120F8703B1BF04CFE9E
:104B2000B5F8173053430022C4F88830B5F819306F
:104B3000A4F89030B5F81B30A4F89230EB782273CB
:104B4000E3706BB9394604F17E001BF035FE217A23
:104B5000154BC1EBC101194404F177001BF02CFE89
:104B60000721204601F028FD26B1012120462673A9
:104B700001F022FD204601F087FE204601F0D0FC26
:104B8000E378002BAAD103201CF023F80346002869
:104B9000A4D00221094A07481BF015FE9EE700BF7A
:104BA0007C390020493A0020C80000203D7E0200E8
:104BB00003000001B45702009C010020117802009C
:104BC00000B5C16889B0087820B109B05DF804EB80
:104BD000FFF79CBEB1F801308DF80000ADF8013050
:104BE000CB7801A88DF80330B1F80B300431ADF863
:104BF0001730B1F80930ADF81930B1F80B30ADF815
:104C00001B304B7B8DF81D301BF0D6FD084B6846E2
:104C10001A689B88CDF80B20ADF80F30CDF8112025
:104C2000ADF81530FFF704FF09B05DF804FB00BFD5
:104C30007C99020010B5FBF7ABFD034B1B6813B169
:104C4000BDE81040184710BDA81B002073B52A4DC1
:104C50000646D5F84C011EF085F948B90121274ACE
:104C600027481BF0A7FD6FF01204204602B070BD6C
:104C70006FF0020105F1D4001BF0B5FD01211BF01E
:104C8000A4FD10EA010434D11E4B1E600A4605F54E
:104C900090701EF0DAFA05F59E701EF081FA1A483F
:104CA0001EF0B1FB6FF007034FF4966217491648E8
:104CB000009417F025FE164913481EF009FCD5F89C
:104CC0004C01144983681B689847044630B10121A0
:104CD0000346114A0A481BF076FDC6E726B902B022
:104CE000BDE87040FBF754BD05F1C40017F002FEAB
:104CF000BBE76FF07704B8E7C8000020BA7F020076
:104D0000B4570200A81B0020E00E002080470020BE
:104D1000D27F0200FD3D0000DB7F0200F0B5C568D8
:104D200001212F8887B0BCB2204601F04BFD06461A
:104D300040B901212346274A274807B0BDE8F04083
:104D40001BF041BD02ACD5F80220D5F80630019425
:104D5000698900911DF0CFFA48B34FF0FF304FF052
:104D6000FF31FFF787FA054648B901211B4A1A4867
:104D70001BF020FD304601F0D3FB07B0F0BD12213F
:104D80000C301BF097FB0346224623F8027B1446A7
:104D900003CC596006A98C421860224603F108032F
:104DA000F5D1294642F21A00FFF712FCE2E74FF074
:104DB000FF304FF0FF31FFF75DFA04460028D4D0F2
:104DC00002210C301BF076FB2146078042F21B00CB
:104DD000EAE700BF37780200B4570200F77F02000D
:104DE00073B5C368D9789A781E8842EA0122ADF873
:104DF000002059791A79B4B242EA0122ADF80220B2
:104E0000D9799A79204642EA0122ADF804201A7A2B
:104E10005B7A012142EA0323ADF8063001F0D2FCAF
:104E2000054658B901211D4823461D4A1BF0CBFCFD
:104E3000022120461BF0B4FD02B070BD694601F0AE
:104E400009FF38B91E2120461BF0AAFD284601F0B3
:104E500067FBF1E74FF0FF304FF0FF31FFF70AFA41
:104E600004460028F2D00E210C301BF023FB002357
:104E70000680C0F80A30BDF8003021464380BDF8F6
:104E800002308380BDF80430C380BDF80630038152
:104E900042F22000FFF79CFBD8E700BFB4570200A6
:104EA0003778020038B5042104460C301BF032FB81
:104EB000034640885D7818B122461978FFF724F937
:104EC00035B1044817F04AFBBDE83840FFF778BB1E
:104ED00038BD00BFE8010020B0B50446032100AF93
:104EE0000C301BF017FBE2680346117840F63542A0
:104EF000B0F80100904216D16C468AB06A46104B59
:104F00001048CDE90531104B4FF41251079340F290
:104F10000133ADF820300D4B42F8103F1BF060FC20
:104F2000A546BD46B0BD1D7810B12246FFF7ECF88E
:104F3000002DF6D0064817F011FBFFF741FBF0E714
:104F40000E800200B4570200027202000400000149
:104F5000E801002038B517F0A1FF2F4DD5F83C31FE
:104F6000002B56D00022002305F5907017F02AFB85
:104F700000284ED10022002305F59E7017F0B8FAE4
:104F8000044668B940F6AA43244A254925481AF040
:104F900064FC84F31188BFF36F8F0323184602DF8C
:104FA000D5F830315BB101211F4A20481BF002FCCB
:104FB000D5F83001FEF7AAFA0023C5F830312046B3
:104FC0001BF037FAC5F830012046FFF735FA0346E3
:104FD000C8B10121164A15481BF0F5FB154817F01A
:104FE000BDFA2046FEF7F2F90C22134B02FB003308
:104FF000588818B122461F21FFF786F82046FEF791
:1050000085FAFFF7DDFAFFF7DBFABDE8384017F065
:1050100059BF01F049FCF8E7C80000200C7A0200F3
:1050200094770200597A020046800200B4570200C9
:10503000CA7C0200E8010020841B002070B54FF0FC
:10504000FF320D464FF0FF3300210646FEF732FCDB
:10505000044660B91A230A4A0A490B481AF0FDFBB4
:1050600084F31188BFF36F8F0323184602DF0221F8
:1050700004F10C001BF01EFA06704570204670BD4E
:105080008281020094770200597A0200F8B5064640
:105090000024094DEF79E3B29F4202D86FF001007E
:1050A00007E0294630461BF0BBFC0735631C08B1FE
:1050B0002046F8BD1C46EEE7C800002037B5044680
:1050C0000D4671B1284612491BF0AAFC48B9294681
:1050D0001048C4EBC40420441BF0ACFC002003B017
:1050E00030BD68461BF0C2FA0028F8D16846FFF7C9
:1050F000CDFF0028F5DA074BC4EBC400694618441D
:105100001BF098FC002DE9D001462846E4E700BFDB
:105110006F990200C8000020014BD3E8AF0F704721
:105120009C01002070B51A4E0622314605461FF03C
:1051300065FD38B34FF0FF304FF0FF31FFF79AF8BD
:10514000044608B3062229460C301BF0B9F9214663
:10515000002242F20500FFF78DFA044648B110F133
:105160000D0F04D102210B4A0B481BF061FC2046B5
:1051700070BD33462A6843F86929AA88B2800122A3
:1051800083F868200024F2E76FF06804EFE700BFBF
:1051900031010020B8810200BC570200064BD3E861
:1051A000EFCF4CF4806CC3E8E2CF002AF7D1037A4A
:1051B00019430172704700BF9C0100202DE9F341A3
:1051C000002104460222084601F096FE054648B139
:1051D00020460121FFF7E2FF284602B0BDE8F0417A
:1051E00001F09EB9FFF798FF8206C0F3401702D581
:1051F000284600F0FDFB3C4D95F8113183B10020AD
:105200001BF05CFC60B10221384A39481BF010FCED
:10521000002F65D0012002B0BDE8F04100F0E8BBEE
:1052200095F8112195F810319A4218D10221314A8E
:105230002F481BF0FDFB002242F229001146FFF728
:1052400019FA10B101212C4ADFE795F81131013329
:1052500085F81131237A43F004032372D8E72246FC
:1052600004F10108414612F82E0B1BF0EAFB06463A
:1052700010B1224A01210EE095F81131013385F871
:105280001131237A43F00403237295F8A7305B07AA
:1052900008D402211A4A16481BF0CAFB01201BF051
:1052A0000DFCB5E7414668461BF0C4FB01234FF0F7
:1052B000FF304FF0FF318DF80730FEF7DBFF04467B
:1052C00060B1082269460C301BF0FAF832462146DC
:1052D00042F24E00FFF7CEF90028DFD0094AC9E7B5
:1052E00002B0BDE8F08100BFC8000020C781020005
:1052F000BC570200EC8102001D8202003D820200C8
:105300005D8202008782020000212DE9F84302221B
:105310000446084601F0F0FD054640B12046022152
:10532000FFF73CFF2846BDE8F84301F0F9B8FFF766
:10533000F3FE8306C0F3401802D5284600F058FB60
:1053400000201BF0BBFB2A4D064698B10121034605
:10535000284A29481AF0C9FE95F8113113B10120E5
:105360001BF0ACFBB8F1000F3FD0BDE8F8430120C3
:1053700000F03EBB95F8113195F810219A420CD2FD
:10538000013B85F81131237A024623F00403022001
:105390001A49237206F084FBDEE74FF0FF304FF02E
:1053A000FF31FEF767FF04F10109074668B10721E5
:1053B0000C301BF07FF849461BF03CFB3246394667
:1053C00042F22800FFF756F928B101210C4A0A4899
:1053D0001BF02EFBC0E795F81131013B85F8113128
:1053E000237A23F004032372B6E7BDE8F88300BFF5
:1053F000C8000020A2820200BC570200A70A0200D7
:10540000CF820200084BD3E8EF2F22F48061C3E87B
:10541000E01F0028F7D1530504D5002202200349DC
:1054200006F03EBB704700BF9C010020930B0200BA
:10543000002307B50549CDE900036A46022006F0BE
:105440002FFB019803B05DF804FB00BFEF0A0200D8
:10545000034610B470B10A4991F8104191F8112136
:105460000CB1944208D2013281F811211A7A42F02B
:1054700004021A7210BC704710BCFFF79FBE00BF39
:10548000C8000020034610B498B10B4C94F81011DA
:1054900094F8112129B101318A4203DC10BCFFF7D5
:1054A00033BF12B1013A84F811211A7A22F00402B2
:1054B0001A7210BC704700BFC800002070B50446C7
:1054C00011BB20B324491BF0ABFA00BB2046FFF709
:1054D000DDFD002839DA237853B92048C279002A43
:1054E00033D121461BF0A6FA0123C371104670BDCB
:1054F000012B04D1A37903F0C003C02B07D00121F5
:10550000174A18481BF094FA6FF01500EFE7134D97
:10551000EB79012B1CD0FFF7FFFDC30707D4002C4C
:10552000F2D020460C491BF07BFA0028ECD1EE7932
:105530002146731C3046EB71FFF7C0FD08B93046B9
:10554000D5E7EB79013BEB71D1E76FF07700CEE760
:105550006FF00B00CBE700BF6F990200C80000207E
:10556000F4820200BC5702002DE9F341044640B921
:105570001A4A02211A481BF05BFA002002B0BDE86B
:10558000F081002141F2090001AAFFF773F80546F6
:1055900008B1144AEDE7019E0622D6F80C801249A4
:1055A00008F1010738461FF029FB28B106223846CA
:1055B0000E491FF023FB18B93046FDF7A7FFDCE7C3
:1055C000D8F801303046C4F80130BB882570A4F803
:1055D0000530FDF79BFF0120D0E700BF22830200CA
:1055E000BC5702003B8302007C99020076990200BE
:1055F00007B56846FFF7B8FF044BD87118B1694684
:105600000020FFF75BFD03B05DF804FBC80000203D
:105610002DE9F041304E88B0F179002954D196F847
:10562000C24014F0010411D12C4A02212C481BF075
:10563000FFF90024F471162500240127F379E0B264
:1056400083422BD8002B3FD000203AE06A464FF629
:105650000940FFF70FF808B1224AE6E7DDF800C07D
:10566000DCF80C5095F80180B8F1000F0ED0AB1C9F
:1056700002AA1235174618685968083303C7AB42A7
:105680003A46F7D1186838609B88BB806046FDF7C2
:105690003DFFB8F1000FCDD1134AC6E708AB05FBBB
:1056A000003353F8182C33F8143C6946CDF8012028
:1056B000ADF805308DF80070FFF700FD01340028CB
:1056C000BCD008B0BDE8F0810021084608B0BDE8B4
:1056D000F041FFF7F3BE00BFC8000020598302006D
:1056E000BC57020085830200A583020038B50C4632
:1056F00061B108480578012D05D10130FFF712FD91
:1057000000B9257038BD00200870FBE76FF0150068
:10571000F8E700BFC800002038B5104DEB7913B191
:105720000024204638BDFFF763FF044628B10C4A29
:1057300001210C481BF07CF9F3E7EB79002BEFD14A
:10574000FFF766FF04460028F1D1681CFFF7EAFC6A
:1057500004460028E5D0044AEAE700BFC80000205C
:10576000CE830200BC570200ED83020070B50546EF
:105770000E464FF0FF304FF0FF3186B0FEF77AFD56
:105780000446A0B102210C301AF094FE094A46707A
:10579000057003A9204605230095FEF759FD002258
:1057A000214642F20C00FEF765FF06B070BD6FF0B7
:1057B0006800FAE79C01002008B50C4B024640093E
:1057C00003EB80001BF002FA02F01F0340FA03F320
:1057D00013F0010006D122B905481BF0F7F940F398
:1057E000C01008BD6FF07700FBE700BFAC1B0020C6
:1057F0009C010020084A430902EB8302012300F0C8
:105800001F008340DB43D2E8EF0F1840C2E8E10FEE
:105810000029F8D1704700BFAC1B002030B587B01D
:1058200000220023604816F0A1FD0446002840F045
:1058300098805E481BF0CAF910F001035B4D4DD013
:105840002B1D93E8070006AB03E9070058481BF03F
:10585000BDF9C0F3401355481BF0B8F904460028C1
:1058600072D07BB10C2253490DEB02001FF0C6F938
:105870000446002872D000210846FFF777FF04464F
:1058800000286BD14A481BF0A1F9420501D5FFF76A
:10589000B9FD0023ADF80930BDF80E309DF80C00BD
:1058A000ADF80530BDF810308DF80400ADF80730C4
:1058B000431E58420DF1090158411BF07AF9044684
:1058C00000284BD14FF0FF304FF0FF31FEF7D2FCF4
:1058D0000546002848D16FF068043FE034481BF0CB
:1058E00075F910F0800F344A0ED04FF4807490890F
:1058F000D1891269ADF80C40ADF80E00ADF810106A
:10590000ADF812300592A1E72C4C03AB206861681A
:1059100003C3A068186092F8D93024481C0744BF1C
:1059200005238DF80D301BF051F9800706D5302383
:10593000ADF810306023ADF80E3087E71B481BF040
:1059400045F94107F3D481E743B10146FFF70EFF64
:10595000044618B9174B2861C3E90100124816F034
:1059600077FD204607B030BD072201A90C301AF0A0
:10597000A7FD2246294642F20B00FEF77BFE0446B5
:105980000028EBD19DF80D10012001F00101FFF777
:10599000EDFE04460028E1D1064B06AA12E90700F5
:1059A00083E80700DAE700BFC81B0020AC1B00201B
:1059B0009C010020BC1B0020C8000020E058020011
:1059C0004422002110B508481FF010F9064B03F1DE
:1059D0001C001C461DF069FB04F130001DF065FB46
:1059E0000022024B1A6010BDAC1B0020F81B0020E7
:1059F000044B0038597C18BF012001F00101FFF76A
:105A0000B5BE00BFAC1B0020032838B5054603D146
:105A1000BDE83840FFF702BFFFF7CEFE0446A8B945
:105A20000B4B6A0903EB8203012205F01F018A4038
:105A3000D3E8EF0F1043C3E8E10F0029F8D1FFF7D7
:105A4000EDFE044610B12846FFF7D4FE204638BDCF
:105A5000AC1B00202DE9F04F00F10C088BB0044680
:105A600040461AF05FFD064686481BF0AFF800F08E
:105A70000103844803931BF0A9F8C0F38003029349
:105A800016B90BB0BDE8F08F039B13B9029B002B36
:105A9000F7D0238A082B07D801217B4A7B480BB01B
:105AA000BDE8F04F1AF018BB092140461AF032FD4C
:105AB000037A228A01339A420546EDD30123ADF8D9
:105AC00024307F238DF81E30037A471C03445B7A11
:105AD0008DF81D30FF238DF81C300023ADF82230E7
:105AE0000278042A98BF6A4B8DF81F2098BF9B5CF0
:105AF000ADF82030037A634801931BF067F800F09B
:105B0000010960481BF062F88246B9F1000F0BD022
:105B1000BDF820305A0707D5297A40460131013EA9
:105B20001AF0F0FCF6B2ABE738461AF0B8FD0DF10A
:105B3000100B00284FD0394658461AF0A5FDB9F190
:105B4000000F02D11AF0040F59D1524BD3F800A024
:105B5000BAF1000F14D0E2686369B4F810B0A2EB98
:105B60000309019B9DF81F2023829DF91D104346C8
:105B700004A8D0476369A4F810B013FA89F3E3606E
:105B800004AB0693444B1B68002B36D053F808999E
:105B9000B9F1000F01D0A9F108091A688AB1E168CA
:105BA0006269B4F810B0A1EB020A019A4146228260
:105BB0001B6806A898476369A4F810B013FA8AF323
:105BC000E360B9F1000F18D0D9F8082002B1083A03
:105BD0004B469146E1E76B78FF2B09D12F4B1868B4
:105BE00004909A889B79ABF804208BF80630A6E7DE
:105BF00039461AF0AAFF0346F1E70023069321482D
:105C0000BDF820301AF0E2FF10F0010984D1DB0763
:105C100082D50322484604A901F06EF98246002885
:105C20003FF47AAF02201AF0D4FFD5F80130504685
:105C3000CAF87E30BB88AAF88230BB798AF88430F3
:105C40001AF025FEA8B11F2349468AF80C305046A9
:105C500000F0B2FC504600F063FCFFF7DFFD0346A6
:105C600000283FF459AF02210D4A08481AF03DFAC6
:105C700052E75046022100F09FFC504600F050FCD5
:105C80004AE700BFAC1B002010840200DC57020072
:105C9000ED990200F81B0020F01B00206F99020014
:105CA00011780200F8B5054622481AF08FFF430725
:105CB0000F463CD52A78012A03D96FF015042046F7
:105CC000F8BD6B780F2BF8D843F6FC746888031F77
:105CD0009BB2A342F1D8A9880B1F9BB2A342ECD878
:105CE0008842EAD37AB900220023134816F03EFB1B
:105CF00004460028E3D1FFF75FFD044640B10E489B
:105D000016F0A6FBDBE71AF042FF0028EBD1D4E740
:105D100028686968094E0A4B03C6A8681F6030608E
:105D20002046FFF771FE044606F12400E8E76FF015
:105D30000A04C4E79C010020DC1B0020B01B0020EB
:105D4000F81B00200020024B18601AF042BF00BF71
:105D5000F81B002008B503481AF038FF00F00100D6
:105D600008BD00BFAC1B002070B59AB01422002102
:105D700004A81EF03BFF47F21213ADF80C304FF4AD
:105D8000807344F20102ADF80E30364B01A903A82E
:105D9000CDE9052317F00CFF034618B3324A012161
:105DA00032481AF0A2F91F25314BD3E8EF1F21F03A
:105DB0000101C3E8E21F002AF7D12E4E17F06EF85A
:105DC000346804B1043C002D2B4D18BF0025002C75
:105DD00041D023680BB1284698476468002C3AD01C
:105DE000043CF6E702AB4122019809A91DF057FFD8
:105DF000034608B1214AD2E7214A0DF125030DF1EE
:105E0000650153F8040B8B4242F8040BF9D102AB45
:105E100020221C4901981DF0EAFE034608B11A4AE7
:105E2000BDE701981DF09BFE054610B1174A0346D9
:105E3000B5E7134910481AF0D5FE154820311AF07D
:105E4000D1FE144BD3E8EF1F41F01001C3E8E21F6D
:105E5000002AA9D0F6E70023C6E9003317F032F88C
:105E60001AB070BD0000020931840200A45702007C
:105E7000FC1B0020041C0020AA3A00204F840200D2
:105E80006A3A00204A3A0020728402009684020096
:105E9000CA3A00209C01002030B5A7B0142200218E
:105EA00008A81EF0A3FE04233D22002116A8159386
:105EB0001EF09CFE47F21213ADF81C304FF48073B5
:105EC00044F20102ADF81E30284B2949CDE90923DF
:105ED00007A805AB20221DF00CFF0346E0B1254AC0
:105EE000012125481AF001F96FF0040416F0D6FFDD
:105EF000224B1D6865B100201860214BD3E8EF1FCD
:105F000021F00201C3E8E21F002AF7D144B3A847F9
:105F100016F0D8FF27B030BD1A4B0DF155021946C7
:105F200003F1400053F8044B834242F8044BF9D18B
:105F300006AB029320230D48CDE9001315AA412397
:105F400005991EF02AF8034608B10F4AC8E70598DC
:105F50001DF005FE04460028C8D00C4A0346BFE7E2
:105F60000DA808491AF03EFE0DA8D0E7000002096E
:105F70004A3A0020B6840200A4570200001C002008
:105F8000FC1B00206A3A0020EC8402000885020015
:105F9000402208B503491EF031FEB0FA80F04009F6
:105FA00008BD00BFF299020010B598B00446142253
:105FB000002102A81EF01AFE44F21213ADF80430BC
:105FC0004FF480734FF48042ADF80630144B2146F5
:105FD000CDE9032304230DF11D008DF81C301AF0C8
:105FE00001FE04F120010DF13D001AF0FBFD6B46AE
:105FF000412207A901A81DF07CFE044601A81EF05D
:10600000F2F82CB900981DF0AAFD012018B010BDBF
:10601000044823460121044A1AF067F80020F5E7F6
:1060200000000209A45702002585020010B50028CF
:1060300034D01D4A136823B1043B984231D05B68C9
:10604000F9E71A4BD3E8AF1F890707D51848022193
:10605000184A1AF041F86FF00F0010BD1468011DC6
:1060600044605068116000B95160D3E8EF2F42F0EE
:106070000101C3E8E01F0028F7D1D30701D50020B4
:10608000EBE70D4BD3E8EF1F21F01001C3E8E21F4F
:10609000002AF7D10948FDF7A3FBF0E76FF01500E0
:1060A000DBE76FF07700D8E7041C0020FC1B002022
:1060B000A4570200498502009C01002068040020CA
:1060C000044BD3E8AF3F13F0100F034808BF002084
:1060D000704700BF9C010020AA3A002070B5054619
:1060E000194803688B4228D0184BD3E8AF3FDA0633
:1060F00026D5036813B16FF00F0070BD144AD2E8C3
:10610000AF3FDB07F7D4D2E8EF3F43F00204C2E829
:10611000E64F002EF7D113F00204ECD101602946BE
:106120000C481AF05FFD0C4805F120011AF05AFDE9
:106130000A48FDF755FB2046DFE76FF07700DCE704
:106140006FF07C00D9E700BF001C00209C010020FC
:10615000FC1B00206A3A00208A3A002058040020E4
:1061600070B505460B4B1C6844B154F81C3C1C3CF4
:1061700013B12846297B9847E469F5E7064C074E9A
:10618000B44200D370BD236813B12846297B9847D9
:106190002034F5E7401C0020445702004457020019
:1061A00010B50446FDF712F9044901EB0011204631
:1061B0001AF0B6FABDE81040FEF702BA0C1C002037
:1061C000002270B50446D1E901560748C1E9012211
:1061D0001DF014F83DB1314620462B46BDE8704015
:1061E0006FF06D02184770BD7C07002070B5054642
:1061F000002200230E4816F0E5F9B8B90D4B1C68D3
:1062000034B154F8143C1C3C03B19847E469F7E7F7
:10621000094C0A4EB44204D32846BDE8704016F03B
:1062200069BBA36803B198472034F3E770BD00BF92
:106230006C070020401C0020445702004457020015
:106240002DE9F041044620270025EFF3118287F362
:106250001288BFF36F8FE16929B1206A0B68814210
:10626000E36108BF236282F31188BFF36F8F71B1BE
:10627000D1E901680748C1E901551CF0BFFF1EB113
:10628000002241462046B047FEF79AF9DDE7BDE817
:10629000F08100BF7C0700201FB504460430D0E821
:1062A000EF3F43F48062C0E8E12F0029F7D15B059E
:1062B00034D41AF0BCFCC10323D5E17881B30129A1
:1062C0003AD0637B072B29D1224B93F8D8309B0619
:1062D00024D51AF0AFFA08B30DF10E0103A8FEF7AA
:1062E00071FAD8B92046BDF80E20BDF80C101AF08E
:1062F0000FFB034690B10121174A18481AF09AFC87
:106300000CE020461AF0E9FA034620B10121144AB4
:1063100012481AF08FFC637B072BCED004B010BD5F
:106320000C4B93F8D930DA0708D4022302210D4A26
:106330000A481AF07FFCC4E70023F7E7022320464F
:106340001A4600911AF003FB03460028B9D0012138
:10635000054AEDE7C8000020C88502006457020026
:106360007785020098850200B18502000448B0F8E4
:10637000FC3000F58070002B08BF0020704700BF84
:10638000C800002030B50446FCF734FD0D460D4A28
:106390000D4989B00858D2F88010884205D12046AE
:1063A00009B0BDE83040FFF74BBF2434214610460A
:1063B0001CF0FEFF1DB1694620461DF009F809B02A
:1063C00030BD00BFD01900200800000038B5002201
:1063D00004468A4202D10024204638BD012004F13F
:1063E000C403D3E8EF5F002D04D1C3E8EC0FBCF188
:1063F000000FF6D102D0C8340244EAE7002CEAD0FC
:10640000C422002120461EF0F1FB04F140000449A3
:106410001CF0FFFF034904F124001CF09EFFDBE7A2
:10642000B5700000390C0200F7B516460D46012183
:106430000446FFF7A7FF012E23D0022E52D1236975
:106440003BB131480121314A19F046FE20461AF08D
:1064500017FC256121690B8A012B53D9CA68128860
:10646000043292B293424DD343D90121009226487F
:10647000274A19F044FE204603B0BDE8F0401AF068
:10648000FFBB206940B9234A31461F4819F024FE5A
:1064900020461AF0F5FB01E02A8A2AB9284603B003
:1064A000BDE8F040FDF732B8018A438A47695B1ABC
:1064B000C168C91B5B1A9A420CD9174A3146124867
:1064C00019F00AFE00222046216901F005FC002394
:1064D0002361E3E7E9680C3019F0F2FF2846FDF785
:1064E00015F8B7E7012133460C4A07481AF0A2FB1A
:1064F000CEE7002301222046236103B0BDE8F0402F
:1065000001F0EABB03B0F0BD64570200E48502006D
:1065100064860200018602001F8602004686020091
:1065200008B500F1C403D3E8EF2F013AC3E8E12F27
:106530000029F8D1AAB90B4B984212D303F1C80233
:1065400090420ED2C01AC823B0FBF3F203FB120034
:1065500038B9054816F002F8BDE80840034816F0BF
:10656000C9B908BD800F00206C07002088040020F6
:1065700010B504461AF08DFB16F090FC0C4B04F19C
:10658000B801D3F8143143B90A481AF035FB16F0B4
:1065900099FCBDE81040FEF713B8994201D01B6882
:1065A000F1E716F08FFC2046FFF7BAFFF1E700BFD6
:1065B000C8000020DC010020F8B5457B04468D4270
:1065C0000E4600AF1CD1082D98BF644B6C4688B0B6
:1065D00094BF53F82530624B6A466249CDE90513F2
:1065E0004FF40073ADF81C305F4B42F8103F0023AE
:1065F0004FF4E4515D48FBF73BFDA546BD46F8BDB1
:106600004173DDB1022D1CD0637B082B00F2A28008
:1066100001A252F823F000BF59660000FB6600009B
:10662000C3660000FD650000FD650000FD6500001B
:10663000FD65000051660000FD6500001AF029FBB1
:10664000E2E78378012BDFD140301CF0F0FEDBE77E
:106650000023C4E90D33D1E7082DCFD8DFE805F0DA
:106660002A0521172626212A2A0004F1400528465A
:106670001CF0DDFE01212046FFF784FE20461AF0C3
:10668000FFFA00220023284616F0D8F9B6E70220C8
:106690001AF09FFA034620B10221354A33481AF016
:1066A000C9FA237B13B12046FFF75AFD2046FFF7B6
:1066B00037FFA3E733462F4A02212C481AF0BAFAD3
:1066C0009CE7A378012B99D12B4B9D8A002D95D067
:1066D0000A2347F6122640F2E73000215D434FF4CB
:1066E0007A720023E5FB0601F9F7CAFE02460B4663
:1066F00004F1400016F06EF980E7237B3E2B0FD1AA
:106700006D4688B06A461D4BCDE90534032342F837
:10671000103F00234FF4C4511448FBF7A9FCAD46C9
:10672000154D05F58076616911B9FDF749FF65E7FB
:10673000A2690B68914208BFA36120466361FFF71D
:106740003FFDB5F8FC30002B14BF3046002015F09B
:1067500005FFE8E70A4A3346AEE700BFC05B020028
:106760007F86020089860200030000016457020050
:106770009A860200CB860200C8000020E286020052
:1067800009870200F8B5074609480D4616461AF073
:1067900080FA044650B183781F4203D1BDE8F84027
:1067A000FFF7BEBE3146A8472046F7E7F8BD00BF59
:1067B000800F0020002201200149FFF7E3BF00BF46
:1067C000750C020070B505460E480E461AF061FAC7
:1067D0000446A0B1437B012B02D0073B012B0CD810
:1067E0002388AB4208D1A3781E4209D102212B464F
:1067F000054A06481AF01EFA2046FFF791FE0024CB
:10680000204670BD800F00202587020064570200DB
:10681000034BC01A034BC0105843C0B2704700BFAF
:10682000800F0020295C8FC270B51C4614430546BA
:106830000E460DD0FCF7DEFA0E49D1F880400E4925
:1068400009588C4206D102210C4A0D4819F044FC2B
:10685000002213460B49002D14BF2846084619F0A4
:10686000B9FD044618B1711D0C3019F018FE204610
:1068700070BD00BFD0190020080000003C87020056
:10688000645702008C07002010B50446054816F036
:1068900031F8204600F06CFF2046BDE81040FFF7BD
:1068A0005FBC00BF780400202DE9F04F002387B0C3
:1068B00000AFFB607B61B94B5A8A3AB1B84DD5F84D
:1068C00014413CB91C37BD46BDE8F08F1B68002B56
:1068D000F4D1F7E754F8B83903B1B83B0026B14911
:1068E00001E01C461346B5F8FC20002A00F0548154
:1068F000D5F808214AB904F1B806002BE2D0D3F844
:10690000B820002AEDD0B83AEBE70A68002AF2D0A6
:10691000D4F8A420002AEED0D4F8A820002AEAD087
:10692000D4F8AC20002AE6D0637B072B6AD120463E
:106930009047002866D004F1BC001AF078F90228CC
:1069400060DC20461AF0A5F904460028BAD0637B23
:10695000072B40F01E812046D4F8A430B5F8FC1077
:1069600007F1100298478146002800F00581B5F82C
:10697000FC203B699A4208D30146D4F8A86020461F
:1069800007F1140307F10C02B0477B69D7F80C80BC
:106990003B60B9F81030002B00F0F5804846D7F87E
:1069A00010A019F0D3FE7860002840F0EF80B5F811
:1069B000FC30DFF8F4B1002B14BF58460020002251
:1069C000002315F0FFFD78B900220023754815F06B
:1069D0008FFD064600283BD1B5F8FC30002B18BFD0
:1069E0005E46304615F0BAFD6FF00B054846FCF7E1
:1069F0008DFDB8F1000F00F0AA802A4620463968C4
:106A0000C047A4E0D4F8B83004F1B802C6B9D5F84C
:106A10001811C5F814318A4201D1C5F81831002384
:106A20002046C4F8B830D4F8AC30984700288ED04F
:106A3000637B072B40F0AD802046FFF799FD86E78A
:106A40003360D5F818319A4208BFC5F81861E6E7F7
:106A50003B68C0F804808360B5F8FCB00022DA45DA
:106A60004FF000034FF000014C4898BF1FFA8AFB1B
:106A7000FCF7CEFC804650B1FCF7A8FC4B4B5A46C5
:106A800003EB00134946404619F025FE8046B5F851
:106A9000FC3094F8C0909A4584BF01237B607B68EA
:106AA0009CBF09F102095FFA89F984F8C03004F14A
:106AB000BC0ADAE8EF3F0133CAE8E23F002AF8D126
:106AC00004F1140B314658461AF096F8A378012BBE
:106AD00056D108F10C03042118467B6019F001FD22
:106AE000228809F0FD0942EA09320280B8F8102034
:106AF0007B68043A42800221184619F0FAFC4046AD
:106B0000FDF79AFC8146002843D0DAE8EF3F013BCD
:106B1000CAE8E23F002AF8D1314658461AF08FF809
:106B2000234A4B46012123481AF084F84046FCF7DB
:106B3000EDFC20463146FFF743FBB5F8FC301A4820
:106B4000002B08BF002015F009FD6FF004056E460C
:106B500088B0194A0423CDE905256A46079442F80E
:106B6000103F4FF4015113480023FBF781FA132122
:106B7000B54620461AF0A4F82046FFF7D1FCA1E65E
:106B80006FF01509C1E76FF079052FE76FF0040585
:106B90002CE7FDF715FDEFE79368FFDE1C080020EA
:106BA000C80000207C070020C80100200C1C002029
:106BB000CA7C0200645702006587020040F2E2438B
:106BC0002DE9F041D0F888600446B6FBF3F6031DCA
:106BD00018461AF02CF88204B6B213D5B4F88C20FB
:106BE000B2420FD8B4F88E20B2420BD3D4E92412AB
:106BF000914207D1D3E8EF1F21F40051C3E8E21F0F
:106C0000002AF7D1104B1D6865B155F80C7C1C3D6E
:106C100037B131462046B4F89230B4F89020B847E6
:106C2000ED69F1E7094DDFF82880454501D3BDE85E
:106C3000F0812F6937B131462046B4F89230B4F86C
:106C40009020B8472035F0E7401C00204457020050
:106C5000445702002DE9F041074608460D4619F059
:106C6000EBFD064618B900263046BDE8F081144B0E
:106C70001C6884B154F8103C1C3C0BB9E469F8E77B
:106C80002946384698470028EDD0284619F0D4FD0B
:106C90000028F3D1E7E70B4CDFF82C804445E3D222
:106CA000E3680BB92034F9E72946384698470028AD
:106CB000D9D0284619F0C0FD0028F3D1D3E700BF92
:106CC000401C002044570200445702002DE9F041C7
:106CD000C37804468BB900F17E06114B1D687DB167
:106CE0001C3D04F170076B691BB13A4631462046E2
:106CF0009847ED6925B11C3DF5E700F17706ECE713
:106D0000084D094F04F17008BD4201D3BDE8F08180
:106D10006B691BB142463146204698472035F3E760
:106D2000401C00204457020044570200F8B5437A43
:106D30000546837216461AF050FA0D4B1C684CB18A
:106D400054F8043C1C3C1BB132462846697A9847EB
:106D5000E469F4E7074C084FBC4200D3F8BDA369CF
:106D60001BB132462846697A98472034F4E700BFC1
:106D7000401C0020445702004457020008B5084B4D
:106D800000F11C011A6822B9054819F035FF1046B8
:106D900005E0914201D01268F5E76FF0100008BDE0
:106DA000401C002038B505460C460F480121FFF76E
:106DB0000DFBC0B1057223680367A388A0F8743087
:106DC000A37980F876300123437283728370074B76
:106DD000C0F8A430064BC0F8A830064BC0F8AC3061
:106DE000054BC0F88C3038BD800F00209574000032
:106DF000190C02000D0C02001800280070B50546A1
:106E00000A480E4619F045FF044620B18378012B4D
:106E100004D0FFF785FB0024204670BD324629468A
:106E20001AF039F80028F7D12046F2E7800F002049
:106E3000B0B500AF0D46FFF7E1FF044610B328469A
:106E4000FCF76EFC637B6D46082B98BF0E4A8AB038
:106E500094BF52F823300D4B6A46CDE907030C4B23
:106E60000C4909930C4BCDE9051442F8103F00235F
:106E70004FF442510948FBF7FBF82046AD46FFF7B7
:106E80004FFB0120BD46B0BDC05B02007F86020003
:106E90000103020488870200050000026457020013
:106EA00038B50446134819F0C2FE420702D46FF009
:106EB0000A0038BD084619F0BFFC10B96FF0150084
:106EC000F7E7FEF747FF0028F1D10A4819F0AFFEB7
:106ED0000306C0F3C0150AD419F059FE0028EDD0FE
:106EE00021462846FFF7A4FF0028E2D0E6E76FF02E
:106EF0007700DEE79C010020F8B505460E480E46F7
:106F0000174619F0C6FE044620B18378012B03D042
:106F1000FFF706FB00240DE036B13246294619F092
:106F2000BAFF08B92046F3E7637BBB42FAD1237A64
:106F3000AB42F7D12046F8BD800F00202DE9F0418B
:106F400004460F4615469846002B6ED01B6823B1A9
:106F50000221394A394819F0BFF829462046FFF77F
:106F60009FFF064600283FD12046294619F069FFB9
:106F7000044600285CD097E80F00314D05F1080C5D
:106F80008CE80F00AB8A002B08BF4FF49673AB82DE
:106F90002B8A03B9AB892B826B8A03B9EB89294809
:106FA0006B8219F044FE430501D5FEF72BFA95F8E4
:106FB000112195F810319A4219D903212046FFF783
:106FC000FBFA0220FEF720FD054658B1022019F019
:106FD00000FE20460021FFF7EFFA2046FFF7A0FA57
:106FE0002E4601E0C8F800403046BDE8F08102219D
:106FF0002046FFF7E1FA204619F049FC0546002833
:10700000F0D0002120462173FFF7D6FA2046FFF783
:1070100087FA0320FEF7F8FC03460028E0D002219F
:10702000094A064819F006FEDAE76FF01506DBE7B5
:107030006FF00B06D8E700BFC1870200645702005B
:10704000C80000209C0100201178020038B50446D9
:1070500008460D4619F0F0FB38B3154B93F8D830BD
:10706000990707D4E37873B129462046BDE8384034
:107070001AF020B994F898309A07F3D5201D19F02A
:10708000D6FD4304EED42946204619F02AFF58B90C
:107090002B88A4F88C306B88A4F88E30AB88A4F8C9
:1070A0009430EB88A4F8963038BD6FF01500FBE7FC
:1070B000C8000020F7B510F8333C0446A0F14006A4
:1070C0000BBB30461AF05BF8324B1D684DB155F8DA
:1070D000183C1C3D1BB1304614F8341C9847ED6930
:1070E000F4E72D4D2D4FBD4205D3304603B0BDE82A
:1070F000F040FFF715BA6B681BB1304614F8341C2A
:1071000098472035EFE710F83E3C012B3AD110F8B4
:107110003D3C8BB9FDF764FC693033D10221204A34
:10712000204818F0D9FF40F239120023204603B05E
:10713000BDE8F04015F082BCA0F13C05D5E8EF3F7A
:1071400023F40052C5E8E12F0029F7D19B0411D5A3
:10715000E36C69460093636D30460193FFF776FF59
:10716000034688B9D5E8EF3F23F48053C5E8E23FF2
:10717000002AF7D1D5E8EF3F43F40063C5E8E23FCA
:10718000002AF7D103B0F0BD0221074A054819F0E3
:1071900051FDEFE7401C0020445702004457020015
:1071A000F6870200645702002988020038B51748A4
:1071B0001BF0F6FF164915481CF020F81549134836
:1071C0001CF01CF8144911481CF018F81AF06AFC5D
:1071D00003F04CF90446B8B904F028FC044698B909
:1071E0001AF089F80D4819F054FD054660B10430D5
:1071F00019F01DFDC30704D5032128462C72FFF7A3
:10720000DBF92846FFF78CF9204638BD7C070020C3
:107210001C1C0020281C0020341C0020800F002093
:10722000054A1078013010F0FF000ABF0123034621
:1072300018461370704700BFEA3A00200346012148
:10724000014A024819F0DEBEC9880200CC5702008C
:1072500080B500AF88B06A46074B4FF4C251CDE904
:1072600005300323054842F8103F19F0D2FE6FF0B5
:107270000B00BD4680BD00BFF1880200CC57020064
:1072800008B5064A136823B90548506018460A60D5
:1072900008BDFFF7DDFF6FF00B00F9E74810002095
:1072A0000C5C0200002310B5416883828B6A04469F
:1072B00063B1038B412B06D90121154A154819F0FA
:1072C000A3FE412323830023636410BDC38A0BB94B
:1072D0003F23C3823F2B1A4628BF3F22023292B27D
:1072E0002283096951B90133934207DB02210A4A1B
:1072F000084819F089FE238B023BE38201231C34EA
:10730000D4E8EF2FC4E8E13F0029DED0F8E700BF62
:1073100018890200CC5702003E89020070B5D0F8EF
:107320009820044600F170032AB1FBF763FD104971
:107330000958914215D0184604F1A0011CF08AF8B2
:1073400004F1580600220023304615F0D1F8054616
:1073500058B9206C20B1FCF7D9F82564A4F8445042
:1073600070BD18461CF063F8EAE7FCF7CFF8E9E7D0
:1073700008000000F8B56E4600AF88B0A0F17004B8
:1073800050F8705C6A46104B4FF4C251CDE9053499
:1073900003230E4842F8103F19F03BFE2846B5463D
:1073A000214619F0D6FE204619F08FFE94F86D2084
:1073B00094F86C100123284619F0D6FD04460028E5
:1073C000F2D1BD46F8BD00BF72890200CC57020061
:1073D00070B5044652EA030008D0FBF70BFD074DD9
:1073E000074ED5F880503058854201D1002213460F
:1073F0002046BDE870400431FFF716BAD0190020CE
:1074000008000000F8B50F4600210628054616467C
:107410000B484FF224424FF0000318BF0846FFF715
:10742000D7FF044620B92846FFF708FF2046F8BDDD
:1074300004210C3019F03EF8057047704680F5E7DE
:10744000D407002038B5054618462B68DBB15B7BB6
:10745000072B18D10B7A012B07D001210B4A0C48BE
:1074600019F0D0FD6FF0150038BDCB7A072BF9D994
:10747000C8618A6105F130001BF0C0FE284619F092
:10748000CBFD0020F0E76FF07F00EDE7828902007E
:10749000CC5702002DE9F84F0E469146D0F8B04087
:1074A00000AF44B1C03C236B63B9206819F0CCFD38
:1074B000D4F8C040F5E7FDF783F800252846BD461F
:1074C000BDE8F88F04F1300A50461BF0ACFE0546CB
:1074D0000028F0D019F03AF978B16C4688B06A46C5
:1074E0004B4B4FF4C251CDE905350323494842F8CF
:1074F000103F19F08EFDA546DFE7D4F8C43073B90C
:10750000A38C403B9BB23F2B09D804F12C0019F00F
:1075100070FD002803DC206819F096FDCDE72846B1
:1075200018F087FFD4F8C4300546002B36D1A38C61
:10753000B0F81080403B9BB23F2B03D8238D984579
:1075400028BF9846042105F10C0018F0CAFFA0F8E6
:107550000080A38C438008F10403C4F8C430A38CDA
:10756000403B9BB23F2B19D804F12C03184619F06D
:1075700040FD002840D1184619F03BFD70B904F1D8
:107580001001D1E8EF3F23F00103C1E8E23F002AF8
:10759000F7D16368DB690BB120469847D4F8C48003
:1075A000B0451ED8B5F810B0D84506D1002200234A
:1075B000504614F09DFFFBF7A9FFA38CA3F14002F6
:1075C0003F2A06D8D8451ABF00221346124AEB615B
:1075D000AA61206819F038FD236B13B1204619F019
:1075E0001BFDD4F8C4309E422CBF00269E1BC9F858
:1075F0000030C4F8C46061E7421ED3E8EF1F814247
:1076000004D1C3E8EC2FBCF1000FF6D1B3D0ADE745
:107610009A890200CC5702008912020070B5044614
:10762000FFF7FEFD0E46042201461620FFF7EAFE94
:10763000054698BB0121254A254819F0E5FC04F1CF
:107640001006D6E8EF3F43F00203C6E8E23F002A07
:10765000F7D1206C20B1FBF759FF2564A4F8445002
:1076600004F1300500220023284614F041FF78B9C8
:1076700004F1580500220023284614F039FF50B9C0
:107680006368DB6903B331462046BDE870401847A4
:10769000FBF73CFFE6E7FBF739FFEBE704F11C03E0
:1076A000D3E8EF2FC3E8E16F0029F9D1042105F1F8
:1076B0000C0018F0FFFEA38A46800380294620684C
:1076C000BDE8704019F078BD70BD00BFB2890200FE
:1076D000CC57020070B58B8A05460C462BB9402169
:1076E000284619F0DEFD18BBA182002304F1100129
:1076F000D1E8EF0FC1E8E63F002EF9D1C4E910331D
:10770000C4F8C030C4F8C43004F1080105F13400F5
:1077100019F010FC12492560E26004F170001BF0C2
:1077200078FEA38A403B9BB23F2B0CD9012009E095
:10773000013189B28029D3D10A4801210A4A19F0BE
:1077400063FC002070BD094904F148001BF005FEF0
:1077500004F158001BF024FD012384F86830E5E7AC
:1077600075730000CC570200D08902005D1302003F
:10777000F7B505461B4C1C4FBC4201D303B0F0BD0E
:107780002188284619F00FFD6368019001A9284659
:107790009847002824DB019E238800223146284692
:1077A000B382B384FFF796FF0028E7D006F13000DC
:1077B0001BF0F6FC019843681B6803B19847019BD6
:1077C0001033D3E8EF1F41F00101C3E8E21F002AA4
:1077D000F7D101984368DB6913B100F110019847B4
:1077E0000834C9E72C57020044570200054A0346F3
:1077F000106830B130F8082C08389A4201D08068FF
:10780000F7E77047541C00202DE9F04103460C4671
:1078100000AF08B14268C2B96C4688B06A46504BA6
:107820005361504B4FF4E25193614FF400739383D3
:107830004D4B4E4842F8103F19F0EBFBA5466FF058
:1078400015042046BD46BDE8F081926A22B96C4617
:1078500088B06A46464BE3E721B96C4688B06A4671
:10786000444BDDE790F86820012A16D16C4688B0B9
:107870006A46414B4FF4E25105933A4B3B4806931D
:107880004FF40073ADF81C30374B42F8103F19F03D
:10789000C0FBA5466FF00F04D3E700F11C021046B1
:1078A00019F0A7FB14FA80F5A9B28D4241D180B23C
:1078B000D2E8EF5F854203D1C2E8E61F002EF7D180
:1078C000EDD193F86820032A2ED11E68B3F81480F6
:1078D000FFF7A6FC042201461620FFF793FD05469C
:1078E00020B304210C3018F0E5FD29464480A0F8AF
:1078F0000080304619F060FC0446A8B16D468AB09D
:107900006A461E4B4FF411510593164B1748CDE9AB
:1079100006344FF40073ADF82030194B42F8103F95
:1079200019F077FBAD468CE700248AE76FF0680416
:10793000E4E76C4688B06A46124B4FF4E251059377
:10794000084B0A4806934FF40073ADF81C30064B01
:1079500042F8103F19F05DFBA5466FF08A0470E70E
:10796000F4890200369A020003000001CC5702009D
:107970000D8A02002F8A0200478A0200718A0200E3
:1079800004000001848A020070B50C4615460646C4
:10799000002844D0437B072B41D119B96FF015055E
:1079A000284670BD91F86E30042BF7D813B9012327
:1079B00081F86E306B1EFE2BF0D8204619F074FB58
:1079C0002046FFF76FFC21463046184AFFF782FE3B
:1079D00040B3A4F86A5094F86E10737A8B420FD2B9
:1079E000304619F0F3F9054688B91034D4E8EF3F72
:1079F00043F00403C4E8E23F002AF7D10025CFE7B3
:107A00002046F9F771F90028F8D06FF00B053046E1
:107A1000214619F09EFB204619F057FBC0E76FF096
:107A20007F05BDE76FF00B05BAE700BF1D730000CF
:107A300030B5026C0446108A0D4685B088B1138BB0
:107A4000298A0144B4F8440081420CDD2C4A01210A
:107A50002C4819F0D9FA204605B0BDE8304019F09D
:107A60004BBC0346ECE701331383274B0022029300
:107A70000023CDE900230394EA68298A206CFBF7F0
:107A800069FD2B8A80B2834201D0204ADFE7256C52
:107A9000B4F844302A8A9A420BD204F11C0019F03F
:107AA000A8FA58BB0121204605B0BDE83040FFF7D9
:107AB000B5BD00232364A4F84430636829465B699C
:107AC00020469847031E10DA13F1770F16D00D48A1
:107AD00001210F4A19F096FA204619F00DFC2846AC
:107AE00005B0BDE83040FBF711BD94F86830032BBA
:107AF000F5D101212046FFF791FDF0E705B030BD3B
:107B0000928A0200CC570200E90F0200A68A020006
:107B1000BA8A0200F7B504460D4600F11C03184668
:107B200019F067FA002800F0BC80421ED3E8EF1F6E
:107B3000814203D1C3E8E62F002EF7D1EFD12B8A83
:107B4000228B93420BD9022100925848584A19F0CF
:107B500053FA204603B0BDE8F04019F0CDBB62688F
:107B6000926A82B3B4F84620B4F844108A4216D11F
:107B7000012B05D84F4A02214C4819F045FAE8E795
:107B800005F10C0018F0D6FC0022E38A014683427E
:107B9000A4F84400A4F8462001D2474AEBE72B8A18
:107BA000881A80B2984201D2444AE4E71344A4F808
:107BB0004630636820469E6A05F10C03B44603B064
:107BC000BDE8F0406047226C32B12946204603B040
:107BD000BDE8F040FFF72CBF012B01D8384ACAE7B7
:107BE00005F10C0018F0A6FCE38A0646834202D297
:107BF000344A0121C0E763681B69002B2DD0204661
:107C00009847206408B9304AF3E7C37A012B0AD8B1
:107C100001212E4A254819F0F5F9206CFBF776FC76
:107C20000023236495E7A4F84460028A438A4169EB
:107C30009B1AC268278B521A9B1A2A8A791EB61A77
:107C4000B34294BFC9188919B1FBF7F189B2002971
:107C5000BBD02046FFF7E2FCB7E7284618F0E9FB67
:107C60006368014606465B692046984710F1770F26
:107C7000054618D03046FBF749FC002D06DA0121F5
:107C80002B46134A094819F0BDF962E794F86830A9
:107C9000032B08D10121204603B0BDE8F040FFF7D7
:107CA000BDBC0C4AA5E703B0F0BD00BFCC57020035
:107CB000C18A0200DA8A0200ED8A0200FD8A02000F
:107CC0001C8B0200328B0200458B0200678B020086
:107CD000BA8A0200918B020070B50B8A0546032B0D
:107CE0000C46164605D80121254A264819F08CF97C
:107CF00010E0042104F10C0018F00CFC4188284627
:107D000019F0CFFA054650B91F4A0B461D4802210B
:107D100019F078F92046BDE87040FBF7F7BB838A7D
:107D2000403B9BB23F2B26D816B390F86830042B0B
:107D300002D1164A0221D8E7103019F05AF9830708
:107D400001D5134AF6E7B5F86A302146803B9BB26D
:107D50007F2B03D92846FFF7DDFEDBE705F158004E
:107D60001BF04CFA05F14800BDE8704014F0C2BDAC
:107D700019F0C2FACEE7436821465B699847C9E724
:107D8000AE8B0200CC570200CB8B0200F78B0200B7
:107D9000228C02002DE9F04F884689B00546042167
:107DA00002AF08F10C0018F0B5FBB8F810B042882B
:107DB00006465A450AD05B460092A14A0121A148D5
:107DC00019F01AF91C37BD46BDE8F08F447814B994
:107DD0009D4A01213EE20278511E152900F2AB8234
:107DE000DFE811F05602A902A902A902A902B9010D
:107DF000F501A902A902A902A902A902A902A902E0
:107E0000A902A902A902640216001E00F9001502C7
:107E1000BBF1020FD6D002225B4600928B4ACDE71F
:107E2000BBF10A0F04D00A2200925B46884AC5E7DC
:107E3000D8F80C202146138815207B60B2F802A0E8
:107E40002E681FFA8AF3FB609388BB603B89FB6056
:107E50001389B2F806905A463B60FFF7D3FA1FFA2F
:107E600089F580460028ADD059460C3018F022FB29
:107E70000022FB680446162B02604260028106D98C
:107E80004FF6E671A5F1170292B28A421AD900950F
:107E90000121FB686F4A6B4819F0AEF84FF00B0BED
:107EA00041463046A4F808B019F086F9002889D177
:107EB000BBF1000F86D1386943681B68002B81D065
:107EC00098477FE77868FFF791FC054610B94FF0B7
:107ED000020BE5E7727A8178914208D81FFA8AF39B
:107EE000A3F140023F2A0CD94FF0090BD8E7012A31
:107EF00004D8304618F013FF002869D14FF0050B65
:107F0000CEE730461FFA8AF119F04DF938610028A2
:107F1000C6D1294630466B6807F110029847002801
:107F200015DA10F10C0F0FD010F10B0F07DA10F16A
:107F3000860FCCD00D30B1D14FF0060BB0E7013039
:107F4000ACD14FF0070BABE74FF0040BA8E7D7F825
:107F500010B0DBF804305A699B6A003AB3FA83F335
:107F600018BF01225B099A4205D001213A4A3548DF
:107F700019F04AF892E7AB7858468BF86E3019F052
:107F800093F83B895846ABF824A0ABF82890ABF89F
:107F90002630FFF787F93046304A3969FFF79AFBF8
:107FA0000028D1D05846396819F05BF803222B8895
:107FB000ABF86A303B694FF0000B83F868209A8A6F
:107FC00022801A8BA280DA8A6280DB69E38067E70D
:107FD0004FF0080B64E7BBF10A0F04D00A225B469E
:107FE00000921F4AEAE6D8F80C302E68B3F80080F9
:107FF0001FFA88F2FA60B3F802B01FFA8BF2BA6087
:10800000B3F804A01FFA8AF27A60DA883A601D8910
:10801000082D13D840F22113EB40DA070ED50023C8
:1080200014222146304618F09FFF8146E0B92346CE
:108030000C4A0121034818F0E5FFC3E60123EFE7EE
:10804000548C0200CC570200758C0200968C020002
:10805000C18C0200ED8C0200178D02001D73000020
:10806000478D0200738D020070301BF0E0F9002292
:10807000052DA9F86C2043D0082D41D0002D66D1E4
:108080001FFA88F3A3F140023F2A0CD81FFA8BF3A2
:10809000162B08D94FF6E6711FFA8AF3A3F11702DF
:1080A00092B28A4218D96C468AB002AAA84B4FF401
:1080B00022515361FB68A7489361BB68D3617B6819
:1080C0001362052342F8103F18F0A3FF3B21A54699
:1080D000304618F0F5FD75E6032289F86820D9F8D6
:1080E0000420A9F82480A9F826B0A9F828A01268CD
:1080F0000AB1484690474846396818F0B2FF61E631
:108100004C4654F8102B204618F073FF43071AD43E
:10811000052D527A12D0012A15D80221D9F8000073
:1081200018F054FE00280EDBD4E8EF3F43F00403C0
:10813000C4E8E23F002A3FF445AEF5E7032A02D83F
:108140008549895CEAE74946304619F002F8484615
:1081500018F0BBFF36E6BBF1040F01D0042263E642
:108160002E68D8F80C803046B8F8001018F01CFFC4
:10817000054698B998F8031098F80220304642EA6C
:1081800001223A82B8F8002021467A820222CDF8F4
:1081900000B007F1100319F053F813E621465A46D0
:1081A0000720FFF72FF9044600283FF40BAE59468D
:1081B0000C3018F07FF9AB8A0380AB8C43802846E3
:1081C00018F083FF2146304618F0F6FFFAE5BBF1C0
:1081D000040F04D004225B460092604AEEE52D684D
:1081E0000023062221462846D8F80C6018F0BCFE71
:1081F00000283FF41CAF7388818A994201D0584A05
:1082000017E7284618F0D0FE0028A1D1DAE5BBF127
:10821000040F04D004225B460092524ACEE5D8F8FF
:108220000C201188A1F140003F280FD96C4688B07E
:1082300002AA4D48D161C2E905054FF402514548F3
:1082400042F810BF18F0E5FEA546BBE552882AB9F2
:10825000464A02213F4818F0D7FEB3E5286818F0D7
:10826000A2FF044608B9424AB3E52C3018F0C1FE1B
:108270001044B0F5803F08DB01213E4A354818F034
:10828000C3FE204619F038F89CE51146204634E735
:108290002D6801234FF480722146284618F064FEB1
:1082A00000283FF48FAD18F010FFF2E7BBF1080F84
:1082B00004D008225B4600922F4A7FE52D686B7B35
:1082C000072B01D02D4AC4E7EB782BB100232146C0
:1082D0001A46284600935EE7D8F80C3021461A88E3
:1082E00013203A825A887A829A88BA82DB880222DC
:1082F000FB82FFF787F8044600283FF463AD07F1DF
:1083000010012846FEF7A6FC0646022104F10C00E7
:1083100018F0D0F886F00103DBB20380214628462E
:1083200018F04AFF002E3FF44DAD284607F110012A
:1083300018F0D7FD46E5022113460648104A18F00A
:1083400061FE0023717800931A46286823E700BF76
:10835000948D0200CC570200329A0200D78D0200A1
:10836000068E02001A8E0200458E02007E8E0200EA
:108370009A8E0200C68E0200D78E0200098F02007C
:10838000178F020008B50B8A032B06D80121044A77
:10839000044818F039FE002008BDFFF7FBFCFAE79F
:1083A0003F8F0200CC57020023281FD81A2804D878
:1083B000431E182B0ED906207047A0F11B03082B73
:1083C0001ED8DFE803F0051D1B231D19251D050020
:1083D0000320704701230F4A83401A40C2B90E4A56
:1083E0001A40002A0CBF06200120704700F07F03CE
:1083F000522B05D10020704701207047052070479F
:1084000010F0400F14BF0020062070470420704772
:1084100002207047AAAA8A02545545012DE9F74F58
:10842000064608460C46FAF7D1FF182343432D4F62
:108430000546FA1891680191E16806F1D000D0E88C
:10844000AF0FC0070AD40121274A284818F0BDFF02
:108450006FF01509484603B0BDE8F08FE06800787A
:1084600010710022FA500B78D22B0FD133682146BD
:10847000186819F0ADFF814640B101211C4A1B4824
:1084800018F0A3FF2046FBF741F8E3E7182303FBAE
:108490000573D4F80C80D4F814B0B4F810A09E6022
:1084A000002321461A4606F10800FEF7CBFF81465D
:1084B0000028CFD010F1690F04D101210D4A0B48DB
:1084C00018F083FF6269A8EB0B0812FA88F2E260E9
:1084D00018225543019B7A19A4F810A0936047F81D
:1084E0000590B7E7641C00206D8F0200545702000E
:1084F000878F02009A8F020008B5EFF311812023C5
:1085000083F31288BFF36F8F002303600F4B5A6809
:10851000C2B9C3E9000081F31188BFF36F8F0C4823
:1085200014F0E8F9031E0CDA01210A4A0A4817F090
:10853000DCFD002383F31188BFF36F8F03231846FC
:1085400002DF08BD10605860E5E700BF5C1C00203A
:10855000C4040020BD8F0200545702000A4BA0F152
:1085600008019A680948914204BF00229A601A6A79
:10857000914204BF00221A629A6B914204BF00220A
:108580009A631AF048BD00BF641C00202407002035
:108590000121024A024818F018BF00BFE68F02000E
:1085A0005457020010B5044600F1C803D3E8EF1F8A
:1085B00041F00101C3E8E21F002AF7D1A4F108004D
:1085C00018F0D9FF04F1E00003491AF022FF2068F7
:1085D000BDE8104001F0CCBEA195000073B50E4679
:1085E000C38DC18B01328B4228BF0B469A42054690
:1085F00009D9022100921D481D4A17F080FD002470
:10860000204602B070BD3046FFF7CEFE6FF0140377
:10861000034113F0010310D0FAF7ECFB154B195886
:10862000154BD3F8803099421DD0144B1B685A1A51
:1086300018BF4FF0FF32134600E0114A00211148E5
:10864000FEF7C6FE04460028DAD0FAF7BFFE18226D
:108650000D4B012102FB003304F10C009D6017F06B
:1086600029FF0670CCE70022E5E700BF545702005F
:108670000390020008000000D0190020AC1C00206C
:108680001C4E0E00B0070020641C0020F0B51D46F3
:1086900003680E460039044618BF012187B01868E8
:1086A000174619F0CFFC40B904F1D00018F0CDFF07
:1086B000002846D0002007B0F0BD002D43D018227E
:1086C000002168461CF092FA6FB100221321204667
:1086D000FFF784FF019030B91C4801211C4A18F0B3
:1086E00074FE1120E7E7236829461B68284600939B
:1086F0000023ADF812300C9B164A0393BDF83430BA
:108700008DF80860ADF8103001238DF814306B46F9
:1087100018F077FF9DF8143063B1002FCAD001988C
:10872000FAF7F4FE2A46314620469DF8143018F038
:1087300097FFBFE701990029BCD0204618F0B1FE91
:10874000B8E71220B7E70120B5E700BF5457020091
:1087500028900200311402002DE9F3410B8A0446EF
:108760000D4643B90121294A294818F02EFE002060
:1087700002B0BDE8F0810768012105F10C0017F097
:10878000C9FE7B7B0646072BF1D154F8083C002B31
:10879000EDD0002203781F4F083C17F832004FEA53
:1087A000C208984207EBC20114D12A8A4878904245
:1087B00026D90121009316481346174A17F09FFC4B
:1087C00004234744BA78012AD1D1002BCFD000220C
:1087D000317811E001320C2ADFD1104A02210C4815
:1087E00017F083FC31780846FFF7DEFD2122C240F6
:1087F00012F00102BBD10623204618F031FFB6E784
:108800004B682046294698470346DAE74190020024
:10881000545702004C5C0200769002005C9002000B
:10882000F8B5124A0746002311480D4617F0D2FD4D
:10883000044638B901212B460E4A0F4817F055FC63
:108840002046F8BD00F10C060921304617F027FE3E
:108850002046FAF7BBFD1822084B012102FB00332A
:1088600030469F6017F026FE0570E9E71C4E0E00AB
:10887000B0070020C988020054570200641C002081
:108880002DE9F0410E8A0446043EF6B2022E084657
:108890008CB001D0102E64D104210C3017F03AFEB8
:1088A0000DF1080805884788011D3246404617F03B
:1088B000BDFE002857D0A5B300268FB3AF4230D3FA
:1088C0004FF42053404601A98DF80460ADF80630FE
:1088D00017F07FFE48BB1422002107A81CF086F980
:1088E00011212046FFF79CFF0990002837D0012175
:1088F0000C30CDE9074817F0DDFD00230A9039461A
:1089000003701A4A0B93284607AB18F07AFEDDE98C
:1089100009131B78FBB90846FAF7F8FD0A2301E0B2
:108920003D4601232A4610210EE042F6010340464F
:1089300007A98DF81C60ADF81E3017F04AFE00281C
:10894000C9D010232A461946204618F089FE002077
:108950000CB0BDE8F081204618F0A3FDF7E7112028
:10896000F6E70420F4E70E20F2E700BFC58E000012
:108970002DE9FF41036804460D461868012119F0EE
:1089800061FB40B904F1D00018F05FFEA0BB1220DB
:1089900004B0BDE8F0811022002168461CF026F9E1
:1089A00021212046FFF73CFF029038B34FF0010829
:1089B000009405F10C072B8A012B04D8204602995C
:1089C00018F06FFD18E0384617F0B4FD6B4601460D
:1089D0000B4A06468DF80C8018F013FE9DF80C30FB
:1089E000002BE8D00298FAF791FD3246202120466C
:1089F0009DF80C3018F034FE0020C9E71120C7E7BD
:108A0000B31802002DE9FF41036804460D461868BB
:108A1000012119F017FB40B904F1D00018F015FE40
:108A2000A0BB122004B0BDE8F081102200216846EE
:108A30001CF0DCF80F212046FFF7F2FE029038B35D
:108A40004FF00108009405F10C072B8A012B04D884
:108A50002046029918F025FD18E0384617F06AFD07
:108A60006B4601460B4A06468DF80C8018F0C9FD8E
:108A70009DF80C30002BE8D00298FAF747FD3246FB
:108A80000E2120469DF80C3018F0EAFD0020C9E7C1
:108A90001120C7E737190200F0B51D4603680446E8
:108AA0000E4685B001211868174619F0CBFA38B97F
:108AB00004F1D00018F0C9FD50BB122005B0F0BD84
:108AC00065B31022002168461CF090F83946204614
:108AD000FFF7A6FE029018B3BDF828302946ADF87E
:108AE0000430012328468DF80C300E4A6B46009462
:108AF00018F087FD9DF80C3002995BB10846FAF733
:108B000005FD2A46314620469DF80C3018F0A8FD98
:108B10000020D3E7204618F0C4FCF9E70120CDE798
:108B20001120CBE7371902002DE9F0410E8A0446E7
:108B3000043EF6B2022E08468CB001D0102E76D13B
:108B400004210C3017F0E6FC0DF104080588478875
:108B5000011D3246404617F069FD002869D085B3F3
:108B600077B3BD422DD80121A06819F06BFA0646F3
:108B700078BB42F602038DF8000069464046ADF826
:108B8000023017F026FD20B342F60303404606A943
:108B90008DF81860ADF81A3017F01BFDC8B1012D23
:108BA00003D14FF6FF739F4213D004F1D00018F0A9
:108BB0004CFD002814BF002012200CB0BDE8F0814D
:108BC0003D4601232A460821204618F049FD002091
:108BD000F3E7182200210DEB02001CF007F8092131
:108BE0002046FFF71DFE0890F8B101210C30CDE9B9
:108BF000064817F05FFC0023099003700A233946EA
:108C00008DF82C30284606AB0B4A18F0FAFC9DF87C
:108C10002C3008992BB10846FAF778FC9DF82C30D7
:108C2000D0E7204618F03DFCD1E71120C5E704202D
:108C3000C3E70E20C1E700BF7D8F00002DE9F043A0
:108C40000F460446062187B007F10C0017F062FCBE
:108C50000588EDB1B0F80280B8F1000F17D0454596
:108C600016D8002382888DF800308DF804304FF438
:108C70002053684601A9D7F80C90ADF80220ADF852
:108C8000063017F0A6FC064660B10A2301E045460F
:108C900001232A460621204618F0E2FC002007B0F6
:108CA000BDE8F0830146142201A83F7C1BF09EFF23
:108CB00007212046FFF7B4FD0290D8B10A234146B0
:108CC0008DF81530284601AB0B4ACDE903690194B4
:108CD0008DF8147018F095FC9DF8153002992BB1A1
:108CE0000846FAF713FC9DF81530D2E7204618F035
:108CF000D8FBD3E71120D2E7698D00007FB5CB68A0
:108D000004461D888DB15E8876B1B5420DD810221B
:108D1000002168461BF06AFF05212046FFF780FD11
:108D2000019058B9112007E0354601232A46042155
:108D3000204618F095FC002004B070BD6B4631460B
:108D40002846084A009418F05CFCDDE9011323B9B9
:108D50000846FAF7DBFB0A23E8E7204618F0A1FBF8
:108D6000E9E700BFBF1402002DE9F04342F601031A
:108D7000002591B0D2F8008006460F4600680BA986
:108D8000D8F8089014468DF82C50ADF82E3017F016
:108D900020FC00286DD04FF4205330680BA98DF8CB
:108DA0002C50ADF82E3017F014FC38B1A3681BB16D
:108DB0005A88BA4200D25F80012010E061680846FC
:108DC00018F0EBFAB8F82E20B8F81E309A4294BF8B
:108DD000C0EB0200C0EB0300032803D8002011B051
:108DE000BDE8F083084617F02BFB0546616808468E
:108DF00018F0D3FA6B8A2A8AA3EB020C6B69EA6833
:108E0000D21AACEB0203B8F82EC0B8F81E20944575
:108E100094BFC0EB0C00C0EB0200834228BF0346A6
:108E20006BB9887AFAF7CAFA0022002317F0D2FA4F
:108E300005460028D2D00146606817F012FB0023D7
:108E400000933146D6F804801023484602AAC04752
:108E5000061E0EDB227CE068964227D001460BA856
:108E600017F0E4FB40B9237C134A0221134817F0A2
:108E70003CF90023A3609FE7F2B202A906A817F00D
:108E8000D5FB10B90E4A3346EFE706A90BA817F039
:108E9000A0FB0028EDD100230421637405F10C0030
:108EA00017F008FBA0600780A36884E7324602A998
:108EB0001BF0A4FEEDE700BF95900200545702009E
:108EC000B49002002DE9FF414FF000084FF4205309
:108ED00005460E46006802A9144617688DF80880FA
:108EE000ADF80A3017F075FBA0B142F6010328680F
:108EF00003A98DF80C80ADF80E3017F06AFB48B16D
:108F000023691BB15A88B24200D25E80012004B0AE
:108F1000BDE8F0816168286817F05BFB10B10023A1
:108F20002361F3E7E368A0681A786AB1B7F81EC056
:108F3000F98D038A8C4594BFC3EB0C03C3EB01038B
:108F4000934201DA0020E2E704210C3017F0B2FA74
:108F500020610680236929465E80074B01940093B7
:108F600038460023A26818F01BFC0028EADB2069C1
:108F7000003818BF0120CAE7E31502002DE9F347C6
:108F8000176805468946006851681446D7F808A056
:108F900017F01FFB804600284BD1952229465046EA
:108FA00018F0DEFF0646207540B1E3681B780BB170
:108FB00084F81480002002B0BDE8F08729465046AE
:108FC00019F07DF810B908232375F3E7A06826751A
:108FD00017F036FA02210C3017F06CFA164B2061AC
:108FE000A0F8009000930194334629463846A268C1
:108FF00018F0D6FB002807DA10F1FF0F32BF0E2061
:109000004042C0B22075D5E72369002BD2D0A068BA
:1090100018F0C3F9FB8DFA8B9A4294BFC0EB0200A3
:10902000C0EB0300E3681B78984294BF0020012046
:10903000C1E70120BFE700BFAB1302002DE9F041FB
:1090400082B000AF044688460022002339463B48E0
:1090500013F05EF90546B0B16D4688B06A46384BEC
:10906000CDE90534032342F8103F00234FF4C251E9
:109070003448F8F7FDFFAD466FF00B063046083771
:10908000BD46BDE8F081F9F7B5FE2F4B29461A58C9
:109090002E4B38681A6024221BF0A8FD3B68002282
:1090A0001C603C680023C4E90155C4E90755284801
:1090B000391D7D6013F02CF9064688B123686C4693
:1090C00088B06A462349CDE90513032342F8103FCF
:1090D0004FF4C4512B461B48F8F7CAFFA546CBE70F
:1090E00001464FF4907278681BF080FD78681A4B47
:1090F000C360D8301AF054F87B68D033D3E8EF2F30
:10910000C3E8E16F0029F9D17B681C60E3697D68E1
:109110001BB904F10C001AF043F8E26905F58C73F1
:10912000C5F81821226AE36102B9236217227B681D
:10913000DA85DA830833C8F800309FE70807002093
:10914000D39002005457020008000000AC1C00201D
:1091500024070020F89002009804002008B5437B03
:10916000072B06D002210C4A0C4818F02EF90020DB
:1091700008BD042118F095F810B9094A0121F3E758
:1091800000F1C803D3E8AF3FDB0701D4054AF5E798
:1091900050F8080CECE700BF098F0200545702009A
:1091A0001D9102006D8F02002DE9F04F85B000AFD8
:1091B000B860EFF31188202383F31288BFF36F8F19
:1091C000594C204618F0DFF82668054688F31188C8
:1091D000BFF36F8F00285FD0FAF7F8F8182202FB70
:1091E00000F35249C81851F803A003690021D0E9DF
:1091F0000248FB6090F80490B0F806B01BF0F6FC53
:10920000A87AFAF7DBF86969034659B16A7AD00798
:1092100006D4DA69284612687B60926890477B68BA
:1092200000226A612946184619F0F3FFB9F1000FD0
:109230000DD064B1236853B11B6843B1BAF1000F7C
:109240002ED0012153463A4A3A4816F04EFF1EB33B
:109250000020B9681AF0ACF800281DDA6C468AB014
:109260006A46354B0593354BCDE906304FF4007314
:10927000ADF82030324B42F8103F00234FF411512B
:109280002C48F8F7F5FE0023A54683F31188BFF3B9
:109290006F8F0323184602DF1437BD46BDE8F08FF9
:1092A00004F1080018F077FB4846FFF77DF8052821
:1092B000CDD801A353F820F0FF920000D192000016
:1092C0004F920000FF9200004F920000D1920000E8
:1092D00004F1D003D3E8AF3FDA0705D40121194ADE
:1092E000144818F072F8B2E7D4F8D430002BAED09E
:1092F0000023154A04F1E80013F0A0FBA7E754F897
:10930000D03B1D68D4E8AF3FDB07E7D5B8F1000FCD
:109310009DD0002403E02846F968C0470134A3B279
:109320009B45F8D893E700BF5C1C0020641C00201C
:10933000389102005457020057910200519A0200DE
:10934000040000016D8F02001C4E0E00F8B50F46A0
:109350001646FFF703FFB8B1C469BCB1A4F58C7021
:1093600024680CB1A4F58C74731C194638B1C28BF7
:10937000C58DAA4228BF2A469A4209D274B9022151
:109380000B4A0C4816F0B1FE0020F8BD2046EBE772
:1093900032463946BDE8F840FFF720B9D4F81851F5
:1093A0000DB1A5F58C7520460B462C46DFE700BFB6
:1093B000729102005457020007B50B460021024685
:1093C000F9F718FD01910E4909580E4800688842C6
:1093D00004D00D48D0F88000884201D10022134605
:1093E00001A90A4812F094FF014638B91C220198DD
:1093F0001BF0FCFB019803B05DF804FB0020FAE7CA
:1094000008000000AC1C0020D019002040070020FC
:1094100010B50446806818B1FAF778F80023A36005
:109420002146BDE81040014819F0F5BD4007002075
:109430002DE9F7430446E8300F4690461E4619F0E2
:10944000F6FFD4F8D40050B90221154A154817F098
:10945000BCFF204603B0BDE8F04300F089B8124BD2
:1094600098424FF0000319D045684360D4F8D40007
:10947000D0F81890FFF7CCFF00232068C4F8D43050
:1094800018F0BCFA3DB12068CDF8009043463A464A
:1094900031460068A84703B0BDE8F0831D46EBE7FE
:1094A0008D91020054570200B01C0020F7B550F80F
:1094B000084C0546002C57D000F5887104F11C00BB
:1094C00018F0AAF8A5F1080605F1D007002200233C
:1094D000384613F00DF8024660BBD5F8CC302BB1FE
:1094E00001466FF067033046FFF7A2FF002345F8FF
:1094F000083C05F1C803D3E8EF1F21F00101C3E8E0
:10950000E21F002AF7D1E36973BB04F10C060022C5
:109510000023304612F0ECFF78B9666886B9214620
:109520001248266019F077FD286803B0BDE8F040C6
:1095300000F078BFF9F7EAFFC8E7F9F7E7FFE6E7D9
:10954000A26833689642636008BFA36077683FB142
:10955000B3696FF067010093002320681A46B8478B
:109560003046FFF755FFD8E703B0F0BD08070020ED
:1095700010B504460830FFF799FF1321A06817F0D3
:109580009FFB034630B1BDE810400121024A034869
:1095900016F0ABBD10BD00BFA491020054570200ED
:1095A000B0B5044654F8E83D00AF186817F093FCD6
:1095B000FAF7B6F86D4688B06A460B4BCDE9053030
:1095C0004FF40073ADF81C30084B42F8103F0023F5
:1095D0004FF4E2510648F8F74BFD2046AD46FFF741
:1095E000C7FFBD46B0BD00BFC2910200030000012D
:1095F0005457020070B550F8083C0446A0F1080624
:10960000002B3DD041B1D0F8CC30002B38D01B7CA2
:10961000DA0735D505231DE00568284600F0EEFE83
:109620006B7A012B2CD0D4F8CC404CB3237CDB07D5
:1096300026D5E368002BEDD030466269617CFEF7E9
:10964000CDFF054668B9637C01210E4A0E4816F02D
:109650004CFD0E2300223046BDE870401146FFF756
:10966000E7BEE368D4E90512984718B12846F9F730
:109670004DFFEEE729463046FEF7D0FE0028F5D133
:1096800070BD00BFEE91020054570200F8B51D46B0
:109690000F461646F9F79AFE1823044C03FB0040C8
:1096A0000123C0E90376C3800575F8BD641C002062
:1096B00008B51AF010FC38B101210346034A0448EA
:1096C00016F013FD6FF0040008BD00BF15920200F4
:1096D000AC57020038B5054648B1154B1A4613F889
:1096E000011C5C1E17F0D7FB58B1204606E011495B
:1096F0000F4818F0C5FA78B10D4B581E38BD002040
:10970000FCE72846217C04F1110217F0C4FB002875
:10971000F5D004F11000F1E7054B064903F1100004
:1097200018F0AEFA0028EAD0014B03F10F00E5E78C
:10973000E51C00206F99020070B50E4C0546237899
:109740000E46834203D1601C18F09AFA68B9237B55
:10975000AB420CD13146084818F092FA20B10120F2
:10976000404200F00C00204470BD0020F8E70020CB
:10977000FAE700BF823900208F39002070B54A1CFB
:109780000C46054688B910460D4918F079FAA8B973
:1097900004F10A0604F10B025DB12846A17A17F024
:1097A0007AFB00B90026304670BD097817F073FBCC
:1097B000EDE71046024918F063FAF2E72646F2E7B1
:1097C0006F990200024608B50749013018F06BFA9C
:1097D00000230C3202F8043CD2E8EF1FC2E8E03F5D
:1097E0000028F9D108BD00BF6F9902002DE9F041B2
:1097F00080460F4616461D46FFF79EFF044680B979
:109800001249FFF799FF044630B9BDE8F041012144
:109810000F4A104816F060BC394600F8018B18F06A
:1098200042FA23892BB962892AB926816581BDE86C
:10983000F0819E4204D36289AA42F8D29E42F5D2B8
:1098400063892681AB42F2D2F0E700BF6F99020034
:109850002B920200AC5702002DE9F047284B164628
:10986000826807469A422BD1C568AB8A43B34FF052
:1098700000086C1C05F11509B4F807309BB12246AD
:10988000304614F8011C17F006FBE0B9214614F825
:10989000010CFDF7B3FA30B1437B072B08BF48F04A
:1098A0000108FCF73DFE0A344C45E5D1B8F1000F44
:1098B00006D1AB69A5F8148013B1414638469847E4
:1098C0000120BDE8F08706F1700A5146307A16F0A3
:1098D000D5FF78B90B4B9D4202D1304618F07BFA88
:1098E0002046094918F0DFF9002304F8013CA4F8E8
:1098F0000730D8E75146204618F0D5F9D3E700BF26
:109900000D990000EC0400206F9902002DE9F84346
:109910001E46BDF8203081460F46D1F80C80002B42
:1099200045D1731E012B45D8012E41460CBF157839
:109930001588FFF723FF0446C0B915B93046BDE8C6
:10994000F8834146FFF71AFF044638B91B48022145
:109950001B4A16F0C1FB6FF01000F0E709F170012F
:10996000013018F0A0F999F808302370D8F81C30AD
:109970008BB92581B8F81430AB4203D04146384644
:1099800018F098F9002DD9D10E49601C18F08BF908
:1099900025702581D2E72A4639464846984700284F
:1099A000CDDB01380128E4D96FF00D00C7E76FF077
:1099B0000600C4E76FF00C00C1E700BFAC5702001F
:1099C0004A9202006F9902002DE9F0419846BDF8D5
:1099D00018300646012B174635D84344012B45461F
:1099E00034DCFFF777FE044668B9FFF773FE0446E0
:1099F00048B90221184A194816F06EFB6FF010059D
:109A00002846BDE8F081B8F1000F11D00023217A7B
:109A100021FA03F2D00703D53A78DA40D20718D5F5
:109A20000133032BF4D13B7803F007031943217270
:109A3000601C06F1700118F036F9337A2046237065
:109A400018F0EFF9DCE76FF00605D9E76FF00C05C9
:109A5000D6E76FF01205D3E764920200AC5702001C
:109A600010B504461048D0E8EF3F23F00203C0E8E9
:109A7000E23F002AF7D1D0E8AF3FDA0704D5002251
:109A80000023303812F0DAFF204618F064F850B1A5
:109A90002046FFF71FFE30B1037ADB0703D5BDE890
:109AA000104018F0BEB910BDC0110020012110B542
:109AB000144818F0EDF8C30723D40221114818F018
:109AC000E7F8084007D11049104A0B88104CA24211
:109AD00011D300B10B800F490F4819F09AFC40F2E6
:109AE000391200230C48F9F775FEBDE810400B4908
:109AF0000B4819F08EBC5068083203449BB2012019
:109B0000E5E710BD041D00209A39002044570200EB
:109B100054570200799D000020110020D9A00000B8
:109B20009011002003462DE9F04148B1008A38B970
:109B300001244FF0140C1149DFF844E0714501D3C2
:109B4000BDE8F081D1E90076BB4204D30CFB06727C
:109B5000143A93420ED93444A2B214460831EDE7C8
:109B60000CFB0578434507D001356219AE4292B22D
:109B7000F6D1F2E70025F8E71046E1E74457020086
:109B8000545702002DE9F74F99464FF6FF73BDF881
:109B900030500746002D08BF1D46244B90461B88B9
:109BA000009183423CD203B0BDE8F08F7368234438
:109BB000BB4232D29CB208361D4B9E42F6D3F2E72E
:109BC00040468958019316F004FD019B90B1013481
:109BD0000AF1010AA4B273685345ECD9009B9C4278
:109BE000E1D8BC42F3D30BFB0AF231688B18B8F111
:109BF000000FE5D1B9F1000F0BD1013D1846ADB210
:109C000021460E9A0D9B9847002DCCD00028DED11E
:109C1000C9E7DA689145DAD1EFE74FF0000ADAE7F1
:109C200001244FF0140B034EC6E700BF9A39002001
:109C3000545702004457020010B59EB01022002174
:109C400068461AF0D3FF142200210DEB02001AF02F
:109C5000CDFF4FF41053ADF8103080231022ADF833
:109C600012304FF48063234C6946CDE906340DEB86
:109C700002001CAB1AF03DF8034630B11E4A012128
:109C80001E4816F032FA1EB010BD014648220AA83E
:109C90001AF0ACFF22461C990AA81AF019F90346DB
:109CA00008B1174AEBE74FF6FF710120154A0AABDE
:109CB00018F036F91022144904AB0AA81AF026F954
:109CC00004461C9819F04BFF14B1104A2346D6E7FE
:109CD00021460D4B03F11002187812F8014D0131A5
:109CE000082903F8014B1070F6D1094817F0D0FF8E
:109CF000C9E700BF0002C00390920200AC57020007
:109D0000B9920200D91B020010110020D792020064
:109D1000C01100202DE9F04114490646A1F13000A0
:109D200014461D46BDF8187019F094FB104BD3E88B
:109D3000AF3F190701D4FFF77FFF3046FFF7CAFC9A
:109D400050B1037ADA0707D50C30D0E8AF3FDB0714
:109D500002D4022117F09CFF10233A4606932946AD
:109D60002046BDE8F041034B17F0C8BF501100205A
:109D7000C011002010110020034BD3E8AF3F1B0798
:109D800001D4FFF759BF7047C0110020002307B569
:109D90000193FFF7C7FE411C89B20846034A01AB95
:109DA00018F0BEF8019803B05DF804FB9D1B02009B
:109DB0002DE9F04387B0437B8046072B0C461546C0
:109DC00002AF40F0A68000233B7342F603032068F5
:109DD00007F10C01FB8116F0FCFB0646002834D18C
:109DE000D4F80490B9F1000F05D101214B4A4C4839
:109DF00016F072F98DE001232146009007F1080268
:109E0000C847031E11DA6D4688B002AAD361042345
:109E10004449C2E9051442F8103F4FF4015133465A
:109E20003F48F8F725F9AD4673E0012B05D0012135
:109E30003D4A3B4816F059F96BE03B7A13F0300F7E
:109E400067D02046FFF7A2FF0446002320683B733B
:109E500042F6021307F10C01FB8116F0BAFB18B1B0
:109E60002046FFF793FF0446002642F602192068B9
:109E700039463E70A7F8029016F0ABFB18BB0023E2
:109E800020683B7342F6021307F10C01FB8116F0C8
:109E9000A0FB064600283CD1D4F80490B9F1000F8D
:109EA000A3D0022300902146404607F10C02C84788
:109EB000031EA8DB022BBAD1BB8905EA03000038D8
:109EC00018BF012026E042F603032068391D3E71C9
:109ED000FB8016F07EFB0028D1D04FF42053206881
:109EE00007F108013E727B8116F073FB0028C6D093
:109EF00042F60103206807F10C013E73FB8116F066
:109F000068FB0028BBD02046FFF740FF044600282E
:109F1000ADD100201437BD46BDE8F083ED920200BC
:109F2000AC57020001930200279302002DE9F84389
:109F30001546894694226968064618F011F880464D
:109F4000002841D1022230466968FFF731FF00281E
:109F50003DD000211F48AF8AFFF72EFA0237044692
:109F600080B11D211C4B47613A464174C0F80C80FA
:109F7000436085613046FFF7E9F9074638B9204666
:109F8000FFF746FA6FF00B052846BDE8F88301237A
:109F900042464146FFF77AFBA98A07F10C000231DD
:109FA00016F088FA20F8029BAA8A29691AF0F8FDAF
:109FB00021463046A76017F0B1FD05460028E3D0E2
:109FC0002046FFF725FADFE74FF0FF35DCE76FF0BB
:109FD0001505D9E71C4E0E00A31B020070B50546FF
:109FE0000C468AB0394BD3E8AF3F5A0767D510B15A
:109FF000437B072B66D1666830460596FFF792FDD6
:10A000002268ADF81800002A2FD005A90291304926
:10A0100000230191012100914FF6FF710593FFF795
:10A02000B1FD059E1EB96FF001000AB070BD6660FB
:10A03000002330688DF8103042F6030304A9ADF810
:10A04000123016F0C6FA40B90598C3689B799B0692
:10A0500008D517F01EFFADF81800059817F06BFF34
:10A06000606028B96FF01500DFE70028E0D1DAE77B
:10A07000BDF818003DB10123014622462846A375CC
:10A08000FFF754FFD1E76FF07F0307930223ADF88A
:10A09000203042F60213ADF8123005ABA5750293DD
:10A0A0000C4B4FF6FF710193012304AA00932B463A
:10A0B00009948DF81050FFF765FD0798B5E76FF02C
:10A0C0000A00B2E76FF07F00AFE700BF9C010020FD
:10A0D000D11B020059A20000034613B550F8082C0A
:10A0E000A0F12001019200F13004D4E8EF2F22F01A
:10A0F0000102C4E8E02F0028F7D10D4A002043F800
:10A100001C2C0C4A23F8080C43F8182C01AA43F81D
:10A11000102C042223F8060C23F80C2CFFF75EFF0A
:10A1200018B90221204617F0B3FD02B010BD00BFE0
:10A13000E85C0200619A00002DE9F84F90463D4B23
:10A14000826805469A4200AF70D1D0F80C90D8F8DA
:10A15000004009F1010609F1150AB6F80730F3B11C
:10A160003246204616F8011C16F095FEB8B14FF4A1
:10A1700095722946204617F0F3FE30B3032812D11A
:10A18000EB4688B06A462C4BCDE9053542F8100FF6
:10A1900000234FF4C4512948F7F76AFFDD460A3619
:10A1A000564543D0D9E7052820460CBF4FF0030B96
:10A1B0004FF0020B16F03FFE834506D998F80430A5
:10A1C0005B45ECD288F804B0E9E74946284617F029
:10A1D00071FD1B4B994529D1207A04F17001FFF7DD
:10A1E000ABFA054610B303890BB94389F3B1204696
:10A1F000FCF70EFB2A89134B134923F820206A89A8
:10A2000003EB80035A80182202FB00110B61042328
:10A210000E4A20464A600E4A8B828A60FFF7DEFEB5
:10A2200020B101210B4A054815F056FF0120BD461B
:10A23000BDE8F88F0D99000040930200AC57020072
:10A24000EC0400207E390020CC1C0020E85C0200D9
:10A250002B1E0200549302002DE9F84F1446404B88
:10A26000826880469A423AD1D0F80C903D4B99458D
:10A270001DD100263C4D28463C4917F001FD78B918
:10A280000722294615F8010CFCF736FE50BB23695E
:10A2900029461A6915F8010C53881288FFF7A6FAA7
:10A2A000731C022B4FF0010605F10C05E3D109F1F7
:10A2B000010709F1150AB7F80720A3899A420BD1C3
:10A2C000394617F8010CFCF799FD064620B1437B8F
:10A2D000072B0AD0FCF724F90A375745EBD14FF08A
:10A2E000010B2AE0FCF71CF9DAE7D9F8203023B19A
:10A2F0004146984708B93046ECE79422414630463B
:10A3000017F02EFE83460028F5D1A389022B17D122
:10A31000B7F807309A0720D530462269A188FFF7A1
:10A3200005FE054618B92269937D013393753046C1
:10A33000FCF7F6F8002DA560CEDA5846BDE8F88F98
:10A34000012B0AD1B7F80730DB0706D53046226962
:10A35000A18817F040FE0546E9E75D46E7E700BF44
:10A360000D990000EC040020833900206F99020051
:10A3700013B50446009001204FF6FF716B460C4A5E
:10A380008DF8040017F0CCFD204616F054FD9DF822
:10A390000410884209D2204616F018FD034620B169
:10A3A0000221044A044815F0A0FE02B010BD00BF0F
:10A3B00039A1000071930200AC5702002DE9F04171
:10A3C0000D4B06461B680F46904623B153F80449CF
:10A3D00004B1043C0BB9BDE8F0811B681BB14246D7
:10A3E0003946304698472CB1656805B1043D23468F
:10A3F0002C46EFE72546FAE7081D002013B5044672
:10A40000009001206B46064A4FF6FF718DF804005C
:10A4100017F086FD0021204617F014FE02B010BD93
:10A4200039A1000070B5044603464FF6FF710120C4
:10A430000D4A17F075FD2046FFF74CF9054688B127
:10A4400004F170063146207A16F018FA20B9284631
:10A45000BDE87040FFF7B6B93146681CBDE87040F2
:10A4600017F021BC70BD00BF599800007FB54FF4B4
:10A4700020520023ADF8162004AA02920A4A0120B5
:10A48000CDE900324FF6FF7105AA04938DF8143020
:10A49000FFF778FB049B012B14BF6FF01500002021
:10A4A00007B05DF804FB00BFC7200200014608B5F5
:10A4B000054817F021FE044B0028A3F1040314BF44
:10A4C0001846002008BD00BFCC110020084B00F545
:10A4D000F4701A68074BD0E8EF1F994204D1C0E826
:10A4E000EC2FBCF1000FF6D1D0E8AF0F704700BFE2
:10A4F000501C0020C811002008B5FFF7E7FFB8B1D5
:10A50000036843B1426832B1826812B90B4A1278CB
:10A510003AB904200BE0094A127812B10BB18268F3
:10A5200042B9426842B9002B14BF0020032008BD85
:10A530000320FCE70120FAE70220F8E7EB3A0020CD
:10A5400008B50121024A034817F0D4FD002008BDD8
:10A55000A5930200E45702000023024A00F5DC70D4
:10A5600012F06CBA1C4E0E0038B5002304461A4691
:10A57000F0300D46FCF766FF58B1693004D1012177
:10A58000064A074817F0B6FD2846BDE83840F8F7F8
:10A59000BDBF2046BDE83840FFF7DEBF9A8F0200FE
:10A5A000E45702002DE9F041D0F8F0600446F57858
:10A5B00090B0002D6AD1CF68102229460CA81AF05D
:10A5C00015FB237A052B50D8DFE803F006030306BA
:10A5D0004F3ED4F8D8300C9306F177030DF12008E4
:10A5E00002937E3604F111030093CDF80C8001969E
:10A5F0000CAB04F1270204F1370104F1C70018F095
:10A6000033F8002836D11022394640461AF0F6FABF
:10A61000002839D1627B237D06A9069048609A42C2
:10A6200094BF00920093ADF8140004F14703D4F8EE
:10A63000F00005AA16F08AFB002820DA0121144A4E
:10A64000144817F057FD15E0D4F8E030002BC3D0C4
:10A650000DF1300C03F1100E62461868596808338A
:10A6600003C273459446F7D1B6E701210A4A094867
:10A6700017F088FD0825284610B0BDE8F0810121BB
:10A68000201D17F0A7FDF6E70B25F4E70025F2E7FC
:10A69000DC930200E4570200C093020038B5044680
:10A6A000051D0821284617F095FD084904F15700BB
:10A6B000FBF714FD48B10821284617F058FD04485F
:10A6C0000121044A17F016FD082038BDAB24020012
:10A6D000E4570200F793020070B5051D0E462846A8
:10A6E000042117F009FD68B100220021002308466B
:10A6F000FCF76EFE044638B90421284617F06AFDBF
:10A70000204670BD034AF0E701210C3015F0D2FE5F
:10A710000670F5E71C4E0E0070B50C210546FFF7DC
:10A72000DBFF0446F0B140210C3015F0C3FE0E4BA8
:10A7300002461B68014603F1200053F8046B834274
:10A7400041F8046BF9D1203203F1200153F8040BD6
:10A750008B4242F8040BF9D128462146FFF704FF4B
:10A76000002070BD0820FCE7101D002070B5CD68EA
:10A770000446EB78102B01D0062070BD2A7990F8A2
:10A78000E830D0F8F060134080F8E8306A7990F84B
:10A79000E930134080F8E930022303742B68C0F8D5
:10A7A0001130AB88A0F81530AB781A0706D5037BBB
:10A7B0001B0703D50521043017F00CFDAB78980674
:10A7C00006D5237B990603D51421201D17F002FD21
:10A7D000AB78DA0729D5237BDB0726D50D21201D91
:10A7E00017F0F8FC237BE17C2D7803EA01021007C7
:10A7F00004D5E27AA07C0243D2071AD4042D1AD8D9
:10A800000B4313F0040307D02046FFF775FE314BCE
:10A8100005EB85052B441B5C23722046D6F8A0105F
:10A8200017F070FC48B90320A7E70023A4F8E8302C
:10A83000D8E70523F0E70023EEE7D4F8F0309B7A61
:10A84000032B14D004D8013B012B1CD9082094E71A
:10A85000042BFBD1237D627B934228BF1346102B30
:10A860008AD10521201D17F047FC0028DBD0237A70
:10A87000002BD8D00521201D17F03EFC18B9237AF3
:10A88000013B012BCFD9261D0521304617F034FCA2
:10A890000028C8D02046FFF719FE002384F8E830CE
:10A8A00094F8E93003F0020384F8E9300A4B1D689C
:10A8B0002DB93046062117F08DFC28465DE720466D
:10A8C0000C2117F087FC0B2117F051FCBDE87040FC
:10A8D000FFF722BF8D9A0200101D00202DE9F043E2
:10A8E00004468DB008AE1022002130461AF07EF9E1
:10A8F000237A052B34D8DFE803F00603030633235D
:10A90000D4F8D8300893D4F8F03004F1470204F1B9
:10A91000C707CDE9017204F1270803F17E0204F1B3
:10A920003709009241464A46773304F1970001F017
:10A9300035F9F0B1294A0121294817F0DBFB14E071
:10A94000D4F8E430002BDED0354603F110072A4658
:10A9500018685968083303C2BB421546F7D1D2E7DD
:10A960000121204A1E4817F00DFC08200DB0BDE85B
:10A97000F083D4F8F03004AD03F17E027733019315
:10A9800004F10A03029200934A4633464146384690
:10A99000039517F069FE08B1134ACCE70D21204654
:10A9A00017F018FC0D21FFF797FE07460028DCD0B2
:10A9B00010210C3015F07EFD2A460346154603CDC6
:10A9C000B542186059602A4603F10803F6D12046C3
:10A9D0003946FFF7C9FD0020C8E700BF1094020008
:10A9E000E4570200C09302002594020073B5047A74
:10A9F0000546022C23D844B190F8DC30D0F8D8407A
:10AA0000DC4004F0010444F0800403212846FFF7F1
:10AA100063FE0646D8B110210C3015F04BFD0090B6
:10AA200012482346006805F1270205F1570117F087
:10AA3000F6FD044680B13046F8F768FD07E0032CC8
:10AA400008D0012123460A4A0A4817F09BFB082038
:10AA500002B070BD0024D8E731462846FFF784FDD8
:10AA6000281D214617F083FB2046F1E7101D00202A
:10AA7000C0930200E4570200F7B504460E46FFF704
:10AA800025FD04F1570705463A46F36803F1200116
:10AA900053F8040B8B4242F8040BF9D104F177020E
:10AAA00003F1200153F8040B8B4242F8040BF9D157
:10AAB0003846FBF76DFAF8B103216A4A6A4817F085
:10AAC00019FB201D0E2117F085FBD4F8F060D6F895
:10AAD000A00038B9307A06F1700100F0B5FFC6F871
:10AAE000A000A0B1438A03F0240383B1437C9807FC
:10AAF0000DD4032003B0F0BD3846FBF755FA30B94A
:10AB000059480221594A17F0F5FA0B20F2E7D4F818
:10AB1000F030DB780BB10020ECE7261D0E2130462B
:10AB200017F0EAFA68B9524B2022384619681AF031
:10AB300065F830B902214F4A4B4817F0DBFA08207C
:10AB4000D8E7237A052B00F28580DFE803F003497C
:10AB5000080383530321204617F03CFB31E02046D5
:10AB6000D4F8F070FFF7B2FC04214FF0FF33054634
:10AB70000DEB010001930CF0FDF90028DFD1019BE2
:10AB80003D4A84F8DC00B3FBF2F102FB1133019380
:10AB9000C4F8D83055B12B6843B10B21304617F0BB
:10ABA00019FB38462B68D4F8D81098470321204663
:10ABB00017F010FB0E2117F00DFBFFF717FF002811
:10ABC000BDD13046072117F005FB0820FFF76EFCCA
:10ABD0000028A0D1204603B0BDE8F040FFF75EBDDD
:10ABE0000A21304617F0F6FA6B68D4F8F00098475F
:10ABF0000E21B0E7102104F127000CF0BBF900286A
:10AC00009DD16DB3EB685BB31C4B1B88ADF8043072
:10AC1000D4F8F030DB78DBB9E37AA27C13F0010FD3
:10AC20000CBF03230123D10703D55A1E53425341BE
:10AC30005B008DF8053000233046C4E938330C2121
:10AC400017F0C8FAEB68D4F8F00001A99847B8E704
:10AC50000323EEE701210A4A034817F093FA6EE74F
:10AC6000022047E748940200E4570200699402007A
:10AC7000101D00208594020040420F00EC58020095
:10AC8000C09302002DE9F041044686B00D46FFF75F
:10AC90001DFC04F1370706463A46EB6803F1100144
:10ACA00053F8040B8B4242F8040BF9D1D4F8F0307E
:10ACB000DD78002D40F08380237A052B68D8DFE80B
:10ACC00003F022030322672D94F8DC20D4F8D83057
:10ACD000D34003F0010343F080033A490DF1080823
:10ACE000CDF800803A46096804F1570017F097FC48
:10ACF00058B10121344A354817F0FCF90825284697
:10AD000006B0BDE8F0810023E7E71022414604F1D8
:10AD1000170019F073FF08B10425F0E7237A052B1B
:10AD200036D8DFE803F03B1D1D03353B02AB254859
:10AD3000009300683B4604F1270204F1570100F03C
:10AD400095FF0028DAD1201D0A2117F043FA0921C6
:10AD500017F040FAB3680299D4F8F0009847CEE7AC
:10AD600094F8DC300133DBB2142B84F8DC3015D0DE
:10AD7000102104F127000CF0FDF80028BED10321BA
:10AD8000204617F027FA06B0BDE8F041FFF72EBEC7
:10AD900001210F4A0D4817F0F5F9AFE7231D0721F0
:10ADA000184617F0A9F920B10921184617F012FA30
:10ADB000A5E7204606B0BDE8F041FFF78FBD0525A9
:10ADC0009DE700BF101D0020A0940200E457020080
:10ADD000C093020038B504460D49A0F1F005C83013
:10ADE00018F017FB284617F042FA0A4A04F1F80354
:10ADF000D3E8EF1FC3E8E02F0028F9D14FF0FF336D
:10AE0000FC34D4E8EF2FC4E8E13F0029F9D138BD84
:10AE10009DB80000C8110020B0B5D0F8A04000AF28
:10AE2000CCB97030F8F77CFC6D4688B06A460B4BA5
:10AE3000CDE905304FF40073ADF81C30084B42F8F3
:10AE4000103F084823464FF4E251F7F711F9082064
:10AE5000AD46BD46B0BD0020FBE700BFB99402007F
:10AE600003000001E457020080B500AF88B06A46D5
:10AE7000074BCDE90530032342F8103F00234FF480
:10AE8000C2510448F7F7F4F86FF00B00BD4680BDDF
:10AE9000CE940200E457020008B5074AD2F8F03019
:10AEA0002BB90648F032506018460A6008BDFFF71B
:10AEB000DBFF6FF00B00F9E7C8110020605D0200B6
:10AEC0002DE9F0410B46064600AF0D21043017F086
:10AED00013F980B3DD68D6F8F030022003F1700872
:10AEE0004246197A17F061FB0446D0B94046F8F79C
:10AEF00017FC6D4688B06A46124BCDE905304FF419
:10AF00000073ADF81C30104B42F8103F0F48234639
:10AF10004FF4E251F7F7ACF80820AD46BD46BDE866
:10AF2000F0812B462E3405F1100253F8041B934296
:10AF300044F8041BF9D13046092117F04BF90020E1
:10AF4000ECE700BFF394020003000001E4570200A5
:10AF50002DE9F041054617F017F90446002800F0E6
:10AF6000CD80071D0421384617F0C6F8002840F0B0
:10AF7000C8800221384617F0BFF8002840F0B7809B
:10AF80000321384617F0B8F818B16FF00F00BDE88C
:10AF9000F0810121384617F0AFF80028F5D120469E
:10AFA000FFF794FAD4F8F03006469B7A032B15D0BD
:10AFB00005D8013B012B1BD96FF01500E7E7042BE7
:10AFC000FAD12046FFF798FA032804D1002EF3D0D7
:10AFD000F368002BF0D04C4B1B7807E02046FFF7BE
:10AFE0008BFA032804D1002EE6D0F368002BE3D0BF
:10AFF000D5F8A0306BB10021F022204619F0F6FD03
:10B00000102104F127000BF0B5FF70B16FF068005C
:10B01000BDE7287A05F1700100F016FDC5F8A00023
:10B020000028E8D16FF00B00B1E70521204617F0AA
:10B03000D1F8FBF745F8354B012118602046FFF7A2
:10B040004BFB80460028E1D006210C3015F032FA87
:10B050002D4B05461B782046002B14BF09260126E0
:10B06000FFF74AFA2A4A0328127818BF46F0040666
:10B0700004F5F673D3E8EF1F013103D1C3E8E02FE5
:10B080000028F7D1D3E8AF3F9BB346F00106204636
:10B09000AE70FFF731FA1F4B28701B7863BB1E4B55
:10B0A0001B786B701023EB70AB78414613F00103F3
:10B0B00014BF032200222B716A7184F8E8306B7987
:10B0C000204684F8E930012363722B68C4F80A3003
:10B0D000AB88E381FFF748FA2046022117F07AF89F
:10B0E0000B2117F077F80321384617F073F800208A
:10B0F0004DE706F00C06CAE70123D2E76FF07F00A8
:10B1000045E76FF0040042E7EB3A0020101D0020F5
:10B11000B8060020EC3A0020ED3A00202DE9F3417A
:10B12000051D0646D0F8F040CB682846022116F0EF
:10B13000E3FF00286AD10321284616F0DDFF00282E
:10B1400064D10121284616F0D7FF00285ED1314A8C
:10B150001278002A5CD093F8008018F0080F57D0BE
:10B16000D4F8A00050B1438A03F02403CBB92046A1
:10B17000FFF7EEFE002841D10F2144E004F17007F3
:10B180003A462020217A00F09FFCC4F8A00040B984
:10B190003A460420217A00F097FCC4F8A000002869
:10B1A000E5D018F0040F08F00F0712D0437CDA073F
:10B1B0000FD43046FFF7A0F9032803D003213B4604
:10B1C000154A02E002213B46144A154816F0DAFF00
:10B1D000CDE7438A9B06F1D5037C00F11C02009366
:10B1E00000F1140100F11E03204615F0AFFD002808
:10B1F00008DA01210B4A0A4816F07CFF082002B049
:10B20000BDE8F0810121284616F0E4FF0020F6E7B2
:10B210000320F4E7EB3A00200D950200349502007C
:10B22000E4570200DC930200F8B5D0F8F040054680
:10B23000D4F8A030061D002B3DD102213B4A3C48EA
:10B2400016F058FF07213B4B5F5CD4F8A0304BB1A0
:10B250001B7C002B60D1D4F8A00017F0BAF90023B2
:10B26000C4F8A0300221304616F046FF48B9072F37
:10B2700094BF314B1F213A46204698BFD95DFBF75A
:10B2800055FD0321304616F037FF10B32B4B1B68DA
:10B29000FBB153F80C6906B10C3ED3B15B6813B136
:10B2A000394620469847002E3DD0F26802B10C3A4C
:10B2B00033461646F1E749BB0D21304616F01CFF18
:10B2C0001E4B07461B6823B153F80C6906B10C3EB0
:10B2D00073B9284616F0CBFF637B072B25D1627A22
:10B2E000A37A9A4221D02046BDE8F84017F073B8FF
:10B2F0001B6813B13946204698472EB1F26802B157
:10B300000C3A33461646E3E73246FAE70139C9B24A
:10B310000E2998D9092798E70221304616F0ECFE4D
:10B32000002898D19EE73246C2E7F8BD6395020037
:10B33000E45702007E9A02006D9A0200481C002029
:10B34000F8B5031D06460F461846022116F0D4FE36
:10B35000044620B1B6F8E840B4FA84F46409032145
:10B36000184616F0C9FE80B139463046FFF75CFF3B
:10B37000C4B1022119481A4A16F0BCFE0521D6F8BC
:10B38000F00015F09DFC0020F8BD0121184616F0D4
:10B39000B3FE0028E8D10F21184616F0ADFE0028B4
:10B3A000E2D1E5E705213046FFF796F9054688B179
:10B3B00001210C3015F07EF82346077022462946FD
:10B3C00006F1F000FCF73EF80028DCD02846F8F73C
:10B3D0009DF8D8E76FF06800D6E700BFE457020099
:10B3E0008D95020010B50D4CD4E8AF3F5B0614D527
:10B3F000D4F8EC30043CDB787BB92046FFF78CF9BD
:10B4000018B108212046FFF79BFFD4E8EF3F43F433
:10B410008053C4E8E23F002AF7D110BDCC110020D0
:10B420000E4B10B5044618604FF0FF324FF0FF335B
:10B430000B4810F09BFF0B4811F006FB084811F079
:10B4400007F834B90221BDE81040074A074816F052
:10B4500051BEBDE81040FFF7C5BF00BF101D002062
:10B460001005002024050020E5950200E4570200A5
:10B470002DE9F3410B8A04460E4643B901212D4ABA
:10B480002D4816F037FE002002B0BDE8F081012102
:10B4900006F10C0015F03EF8A4F1F005EC3C07466F
:10B4A0000421204616F028FE3B7828B1234A0221C9
:10B4B000214816F067FEE6E70E2B01D9204AF6E791
:10B4C000DFF8808058F833204AB902211E4A1A4812
:10B4D00016F058FE07212846FFF732FFD3E719463A
:10B4E000284616F064FE3B7860B902211248174ADC
:10B4F00016F048FE0321204616F0FEFD0028C2D0BB
:10B500000821E8E708EBC301328A0979914208D0A3
:10B5100001210093084813460D4A14F0F0FD0A215A
:10B52000D9E73146284658F8333098470146002875
:10B53000A9D0D0E7FE950200E45702001996020058
:10B540004A9602008C5D02006C960200869602000C
:10B55000769002002DE9F04784B090F8E930D1F8F8
:10B560000C8023F0020380F8E930D0F8F06098F8FE
:10B570000030044600AF06F17009BBB398F80630FE
:10B5800003F0C003C02B31D04046F8F7C9F86E462F
:10B5900088B06C464FF4007A6D46624BDFF88881C4
:10B5A000CDE90530ADF81CA045F8108F00232A46E0
:10B5B0004FF4E2515D48F6F75BFD4846B546F8F7B3
:10B5C000AFF8A5465A4BA4F81CA0C4E90530C4F84E
:10B5D0001080564800232A464FF4E251F6F748FD02
:10B5E0000A20B5461037BD46BDE8F0870722414620
:10B5F000484619F003FB68B14146307A00F0BCFAC6
:10B60000054638B10146204616F07CFD30B3284689
:10B6100016F0DFFF0D21201D16F06EFD002863D00F
:10B620004A460220317A16F0C0FF0546C0B94846A6
:10B63000F8F776F86C4688B06A463E4BCDE905309F
:10B640004FF40073ADF81C30374B42F8103F4FF405
:10B65000E2512B463548F6F70BFDA5460820C1E719
:10B66000F378002B3AD106F17E03187801282AD10D
:10B670009A7902F0C002402A25D1D3F80120C5F8FA
:10B680003E20B3F80530A5F8423096F87030D3B1BB
:10B6900096F8763003F0C003C02B14D026493A1D2B
:10B6A000C7E90198FD60FBF76DF8D8F80030304627
:10B6B000C5F80130B8F80430A5F8053098F8063020
:10B6C000EB71FBF703FB2846F9F7B2FE48B11748C8
:10B6D00002211A4A16F00EFD032083E706F17703D4
:10B6E000C3E72846F9F7B4FE94F8E9305B0703D5C1
:10B6F0000A21204616F06EFDF37823B1B4F8E81065
:10B7000061B100206EE794F8E930002BF6D1D4F84F
:10B71000F000FFF781FB0028F0D09FE72046FFF7FD
:10B7200083FDEEE7A196020003000001E45702004A
:10B73000C6940200F3940200AF220200B596020004
:10B740002DE9F0410E460446D0F8F080FEF7BEFE2B
:10B75000F6680546337801210F48104A271D16F078
:10B7600011FD0A21384616F022FD38B16DB9204688
:10B770003178FFF759FD0020BDE8F0810B213846F4
:10B7800016F015FD0028F1D1F1E72B69002BEED062
:10B7900040469847EBE700BFE4570200F0960200EE
:10B7A0002DE9F0410546A0F1EC0604460F4630466F
:10B7B000012155F8F08916F0FAFC002861D0DFB1BC
:10B7C0000321304616F098FC00285AD03846F8F786
:10B7D00079FD0138C0B208288CBF00242E4B4FF0F1
:10B7E000020198BF1C5C304616F0F4FC2146284646
:10B7F000BDE8F041FFF718BD98F80B30002B40D0A2
:10B800000321304616F078FC20B92846BDE8F04107
:10B8100016F02DBD0521304616F06EFCB8B114F8B7
:10B82000083C1F0707D514F8073C180703D511215A
:10B83000304616F0CFFC14F8083C23F0080304F857
:10B84000083C14F8073C23F0080304F8073C14F8FC
:10B85000073CD90717D50621284616F0BBFC022164
:10B86000304616F0B7FC98F8033013B914F8073CCB
:10B870003BB92068FFF7D0FA18B934F8081C002942
:10B88000B5D0BDE8F0819A0701D50821E4E75B0750
:10B89000E5D50A21E0E700BF759A020037B5A0F5AB
:10B8A000DC75A0F5DA74D4E8AF3FD5E8AF2F0121FD
:10B8B00000920748074A14F022FC28460821FFF7A7
:10B8C000B3FC0421204603B0BDE8304016F082BC32
:10B8D000E4570200129702002DE9F84300AF044636
:10B8E00016F052FC054678B3061D0321304616F0CB
:10B8F00003FC48B3D4F8A00008B116F06AFE04F1C6
:10B9000070094946207A00F09FF88046C4F8A000EC
:10B91000E8B94846F7F704FF6C4688B06A46404BE2
:10B92000CDE905304FF40073ADF81C303D4B42F8C3
:10B93000103F4FF4E2513C484346F6F799FB08218B
:10B94000A5462846FFF7FCFCBD46BDE8F8830E215E
:10B95000304616F0D1FB28B1D4F8A020537C43F038
:10B96000020353742B7A032B0DD8002B4DD1D4F83E
:10B97000A020537C23F020035374D4F8A020537CE0
:10B9800023F001030DE0053B012BF0D8D4F8A020F3
:10B99000537C43F020035374D4F8A020537C43F02D
:10B9A000010353742B7D697BD4F8A0208B4228BF00
:10B9B0000B4630461374052116F09EFBD4F8A020E8
:10B9C000537C48B343F010030D213046537416F0F6
:10B9D00093FB0028B8D02021D4F8A00016F0F5FD84
:10B9E000D4F8A03005F147021E33573552F8041B36
:10B9F000AA4243F8041BF9D10023D4F8A0205361D4
:10BA00009361D4F8A02093839EE70521304616F079
:10BA100073FB0028ABD0BFE723F01003537493E708
:10BA2000F394020003000001E4570200012208B56C
:10BA3000034B04481A70FAF7F9FA002008BD00BF5A
:10BA4000EB3A00202C05002070B5054611480C4645
:10BA500003780126AB4204D10722304419F0CEF816
:10BA6000A0B12EB107220C490C4819F0C7F878B9DB
:10BA7000084A134603F8015B2168C2F80110A18847
:10BA80009980A179997140F21123D360014870BD6A
:10BA90000020FCE7141D00206F990200151D0020F6
:10BAA000F8B5164604460D460022064F7B8A234011
:10BAB00002B1F8BD002BFCD031463846A847012220
:10BAC000F4E700BF141D002070B50B4C0D46638ACF
:10BAD000114603404FF00006227808D0954204D169
:10BAE0000722601C19F08AF818B1304600E01846A9
:10BAF00070BD2046FCE700BF141D0020F8B50B7890
:10BB00000646012B0C4601D00020F8BD8B7903F0CE
:10BB1000C003402BF8D1154D002329466F8A11F838
:10BB20003E2BBF0704F1010006D5B24204D1062224
:10BB300019F064F8B8B10023002BE5D16B8A9B079C
:10BB4000E2D52B78B342DFD1661C3146084814F0A9
:10BB500016FD0028D8D0D4F80130C5F83E30B4F82E
:10BB60000520044B9A800148CFE700BF141D002038
:10BB7000421D0020521D002010B5074C237883423F
:10BB800008D10722601C19F039F800280CBF2046A4
:10BB9000002010BD0020FCE7141D00202DE9F0431B
:10BBA0008446894616462F4C9BB01D46DDE9238707
:10BBB0000CAB04F1300E1A4620686168083403C2E9
:10BBC00074451346F7D1206861461060227904A8B5
:10BBD0001A71202216F00BFD6B462022224804A980
:10BBE00000F072F80446C0BB102249460DF1350042
:10BBF00016F0FDFC102231460DF1450016F0F7FC61
:10BC0000294611F8013B06220DF156008DF85530FA
:10BC100016F0EDFC2299062211F8013B0DF15D00B2
:10BC20008DF85C3016F0E3FC4346352268460CA9DB
:10BC300000F04AF8044680B9404616F0E2FC0123C1
:10BC400035228DF8303068463B460CA900F03CF8B0
:10BC5000044610B9384616F0D4FC20461BB0BDE8A7
:10BC6000F08300BFEE580200A69A020070B50E469F
:10BC70001D46144698B00146202204A816F0B7FCD1
:10BC8000202231460CA816F0B2FC1022294614A836
:10BC900016F0ADFC10222146684616F0A8FC6B4653
:10BCA0005022684604A900F00FF840B9039B054AEA
:10BCB0001BBAB3FBF2F102FB11331C9A136018B0EC
:10BCC00070BD00BF40420F002DE9F0418CB0074627
:10BCD0000C4615460021142207A81E4618F086FFC0
:10BCE0004FF41053ADF818308023ADF81A304FF4EC
:10BCF0004063DFF854801022CDE90838394604ABA0
:10BD000006A817F0F6FF034648B1104A1048012173
:10BD100014F0EBF96FF004000CB0BDE8F08105AB56
:10BD20000293102322464146CDE9006304982B4636
:10BD300018F020F90446049817F011FF2043EBD0C7
:10BD4000044A2346E2E700BF0002C0035A970200FC
:10BD50006C5702007697020010B54FF0000E00F10C
:10BD6000070C541E2CF0030C1860A4B2ACF8002091
:10BD7000023A93B201FB04F240F802E074B14FF6CC
:10BD8000FF7C03FB011403FB01F22044121B013B67
:10BD90009BB263458050A0EB0100F8D110BD00BFFD
:10BDA0000346006810B102680AB91A607047C11DE5
:10BDB00021F00301B1F800C0D11D21F003010CF105
:10BDC000FF3CA1F800C0F0E70B687BB1073323F01C
:10BDD00003031A88013292B20346D1F800C043F837
:10BDE00007CB23F003031A80086070470122F3E7B2
:10BDF00002FB0100704700BF401A90FBF2F080B2D6
:10BE0000704700BF531E11449BB242B1DB4301385F
:10BE1000CA1811F8013D914200F8013FF9D170476D
:10BE2000014402E010F8013B1BB98842FAD100201E
:10BE300070470120704700BF10600860704700BF66
:10BE40000A6803460068904209BF002200200A6089
:10BE50001A607047D2F800C0CCF80000D2F800C0D9
:10BE6000CCF8041010607047884203D01AB14368C0
:10BE700013607047002070470B68834209D02AB1D5
:10BE8000586810601A680A6018467047002BF9D18C
:10BE9000FAE70023F8E700BF2DE9F8434FF09008D8
:10BEA0000C270D4EDFF8349006F1200409EB08054D
:10BEB000294620462A1D083CFFF7BEFFB442A5F1E3
:10BEC0000C05F5D1043F3B1DA8F13008A4F1200674
:10BED000EAD1BDE8F88300BFB41D0020001E002099
:10BEE00003468C4610B49AB101EB4101144803EBB0
:10BEF0004304090101EB84010144487A0C7AA04211
:10BF000004BF0130087210BC614618460EF0FCB840
:10BF100001EB41020A4C120100EB400302EB8303E8
:10BF200023449C7ADA7AA24201D010BC70470132D5
:10BF30009A720122034B5A5410BC0EF015B900BF7F
:10BF4000DC1D0020581D0020F8B506461C460D4695
:10BF500002B322786378D21A12F0030229D1294F52
:10BF600071004FEA450C3144AC44890001EB0C11DF
:10BF700001330431DBB27A18606821462370FFF781
:10BF800069FF0122204B294630465A550EF0ECF845
:10BF90000020F8BD0EF0D2F80028DAD0294630464D
:10BFA0000EF0BEF8637860B92278D21A12F003025C
:10BFB000D5D0012A03D00133DBB22370E1E710466C
:10BFC000F8BD05EB450206EB46010E4F120102EBF0
:10BFD00081023A44907AD27A710090424FEA450C3D
:10BFE00005D02078C01A10F00302E2D1BBE7227816
:10BFF000D21A920702D00233DBB22370D4E90203D3
:10C000009847C5E7DC1D0020581D00202DE9F04FA2
:10C01000DFF8689189B019F80030002B5BD000215F
:10C0200003248346DFF858A1C0EB0013CDE90411C7
:10C0300000EB40079B000AEB0717039309F8001079
:10C040000294B846002358F8240FB96A07AA079348
:10C05000FFF70AFF44460546CDB1079E96F80080DB
:10C060007278A8EB020808F00308B8F1010F35D088
:10C0700031788A1A02F00302012ACBB23DD1D7E906
:10C08000090107AAFFF7F0FE0546002DE5D197F854
:10C090002E3097F82F209A4203D087F82F300123B3
:10C0A000049397F82C3097F82D209A4203D087F804
:10C0B0002D3001230593029B0C3F5D1EEBB2FF2B3D
:10C0C0000293BED1D846DDF810B00599BBF1000F40
:10C0D00001D0002947D009B0BDE8F08F013A727055
:10C0E000079AD2E902018847079E32787178D3B265
:10C0F000521A02F00302012A23D000222146B86A14
:10C100000193FFF7B9FE7560019B71787370327807
:10C11000521A02F00302012A0AD0D7E9090107AA3C
:10C12000FFF7A2FEB8F1010F054695D104460EE0D7
:10C13000039B71701A1D314628465244FFF78AFE50
:10C14000EBE707AAD7E90901FFF78EFE0446029B39
:10C150008BB101235946584609F80B300EF004F80C
:10C1600009B0BDE8F08F0A464046414609B0BDE837
:10C17000F04F0DF0C9BF002C89D0EAE7581D002010
:10C18000DC1D00204B1E8446DBB271B100200CF197
:10C19000FF319C4411F8013F23B15A1E0130134076
:10C1A000C0B2FAD16145F5D170470846704700BF6B
:10C1B0002DE9F04F0325012706466F4C83B004217B
:10C1C00030460BF027F94FF001081E230021D6F866
:10C1D00000C04FEADC722CFA03F000F0010090423C
:10C1E0009E461ED0DAB201311B2AC9B240F28880C5
:10C1F000013B2CFA03F2192902F0010201F10109B5
:10C200005FFA83FA4CD082429E464FF002084FF00C
:10C21000010B63D0BAF11B0F5FFA89F16DD910469B
:10C22000E6E708F101095FFA89F9B9F1060F48D983
:10C2300007FA03F07AB300222CEA000C0131C9B2EC
:10C2400019292CD04FF00108013BC4D200228CEAFE
:10C25000040301A8019310F8013B23B1591E0132D8
:10C260000B40D2B2FAD102AB9842F4D1012A09D9DB
:10C270001FFA8CF3B3EB1C4F2AD15FFA8CF3B3EBAC
:10C280001C6F25D1013D15F0FF0598D16FF00D0011
:10C2900003B0BDE8F08F01224CEA000CCEE7104657
:10C2A0000EF1010307FA03F318B15B420CEA030C29
:10C2B000CCE7013B4CEA030CC8E708F101095FFA3F
:10C2C00089F9B9F1060FC346C84607D10246BBE754
:10C2D0000020C6F800C003B0BDE8F08F5FFA83F914
:10C2E000B9F11C0F10D9013B2CFA03F202F0010244
:10C2F00090429E46E1D0104674E74FF01B0E9FE738
:10C30000012910D002469BE7C9B900204FF001086F
:10C3100008FA0EFE7AB100222CEA0E0C814205D0FA
:10C320000146D84690E7C3460246EEE701314FF09A
:10C330000108C9B288E742464CEA0E0CEEE7B9F1B3
:10C340001C0F03D00129C1D10846DFE7CCF3C0623E
:10C35000824203F1FF3308D0D8B201311B28C9B2A1
:10C36000CBD910464FF01B0E42E708F101094FF000
:10C370001B0E5FFA89F9A4E7D6BE898EF0B5067E5A
:10C380000468FF2E26D033464FF0000C2C2707E020
:10C39000A25CDEF80850FF2A1E46AC441AD01346B1
:10C3A00007FB03F2994204EB020EF1D18E4201D158
:10C3B000A35C0376A35C2C2202FB06F6FF2BDEF8BF
:10C3C0000800A35504D002FB03439A6802449A6014
:10C3D0006044F0BD0020F0BD2DE9F04F0368427AC3
:10C3E00087B045680193002A00F0E88089464FF045
:10C3F0002C0B0446531EDBB205EBC30302930595D9
:10C40000029B5A6893F801A00492CDF80CA0B9F1F0
:10C41000FF0F55D000260BFB09F2019B484613F88D
:10C4200002909D184FF0FF0C85F800C02768217E10
:10C4300007EB02086145D8F8083018BF00960DD107
:10C44000B9E09B1A05D1B8F81EA0BEF81EE0F2456F
:10C450006DD8BA5D8C46FF2A60D011460BFB01F601
:10C4600007EB060EDEF808209342EAD2009EBCF1EC
:10C47000FF0F18BF0BFB0CFCC8F8083088F8001041
:10C4800018BF07F80C000BFB017708BF2076BA68CD
:10C49000D21ABA60AB7801336B70002EB7D000208F
:10C4A000336A3070B0700BB1716A98476B68002BBB
:10C4B000ADD1336AB9F1FF0F2B62736A6B62A9D1F8
:10C4C000DDE903A7029B98780AEB8A030AF10102CF
:10C4D000504507EBC3065FFA82FA029A5DD01178E5
:10C4E00017F83320514508BF4FF0000A042AEBD15A
:10C4F000707801990BFB00F28D1895F801C0A978AE
:10C500008C4517D00022012007F83320336AB07021
:10C510000BB1716A9847029B9878D5E70BFB01F144
:10C52000C8F8083088F80020009E7854B2E7134617
:10C53000009E9CE74FF6FE77338A6169BB42CDF8D7
:10C540000CA007D04FF6FF77DB1BB3FA83F35B0930
:10C5500085F828304FF6FD77F3686B60338ABB426D
:10C5600088BF00230027AB837369AB61B369EB60BD
:10C57000F3692B61B3686F61AB60D6F804C0BCEBA4
:10C58000010E11D400217344AB600023EB83EB78E0
:10C59000696143F00103EB7044E70599A2F10803D8
:10C5A00091420BD002932BE7A1EB0C018B42E9D80F
:10C5B000C91A3B46E8E7B95420766BE707B0BDE8F7
:10C5C000F08F00BF01232DE9F04F447E8DB08376BC
:10C5D000002C40F0A980037E8046FF2B00F0A38052
:10C5E0000CF016FED8F81420D8F81C30861AB34286
:10C5F00094BF0023012398F81870A246FF2FD8F8A3
:10C60000009003936ED04FF02C0B04942BE0039B0F
:10C6100023B9D8F81C30534540F28B80E278E38B85
:10C6200022F001020133E27094F828209BB2E383E8
:10C63000002A7CD0A28B9A4279D2A570E56885B198
:10C64000D4E9041300220191E178AAEB030301F07D
:10C6500001010091D8F81400114618444FF6FF73F9
:10C66000A847FF2F3DD00BFB07F709EB0704A36892
:10C67000B34236D8A278F61A9A44637819F807704C
:10C680009B1ADBB2012BECD1A369013AD5B202931C
:10C69000002BBCD1A570E568002DE2D0B4F81EC017
:10C6A0006069D8F81430AAEB000018440022216910
:10C6B00063460191E17801F0010100911146A8471C
:10C6C000DDE90223002A18BF43F0010303934FF072
:10C6D00000030022E383E378FF2F62F30003E3709B
:10C6E000C1D1049C98F80B3098F80A209A4208D1DE
:10C6F0000132D2B2022A16BF14460023234688F81C
:10C700000B4008EB8303C3F80CA0D8F824400025A5
:10C710004346012204210320A44688F81A500DB094
:10C72000BDE8F04F604784760DB0BDE8F08FA5708E
:10C7300097E7FF2F64D0B4F81EC0A28B60689445C1
:10C7400032BF6146ACEB020189B201FB00013B46FE
:10C75000CDE907A7CDE90AC24FF0000E8446CDE926
:10C760000516029F099523E0002D39D0BCF1000F7A
:10C7700038D0A0EB060A1FFA8AFA864214D8691A42
:10C7800005FB0A11059888422CBF00200120D278B1
:10C79000E17802F0010601F00105AE423ED84A40C0
:10C7A000D20701D4002839D119F80330FF2B1BD050
:10C7B0002C2202FB03F309EB030291688E44BE4571
:10C7C00012D890690028EFD0D08B968B556886429E
:10C7D000CAD9002DE8D0BCF1000FE5D08246CCE7E5
:10C7E0002846D4E76046D2E7DDE90875A570E5681C
:10C7F000DDF828C0DDE9066A002D3FF434AF4FE7CD
:10C80000A570E568002D3FF46CAF6369D8F814207B
:10C81000AAEB0303B4F81EC0981847E7E178DDE9F6
:10C820000AC221F001010CF10103E17094F8281013
:10C830009BB2E383DDE9066ADDE9087500297FF430
:10C84000FAAEA5700FE700BF2DE9F04F837E8DB0E3
:10C850000190002B40F07281437E0A93002B7AD125
:10C8600001210198837AC27A44699A4208944176F8
:10C8700000F02C830B44DBB2022B0ABF0A9A1A4643
:10C880001346012401998B7201EB8203DA68089B3D
:10C89000049213444B61019B1D7E07950CF0B8FC7C
:10C8A000FF2D059002D1019A08905061019A1368FA
:10C8B00092F80980029308F1FF335668DBB2B8F1B1
:10C8C000000F00F022834FF0000806EBC30BFF239C
:10C8D000C24603930B94CDF824800696DBF80490AF
:10C8E0009BF803109BF80240631C04EB8406A142F2
:10C8F000DBB209EBC60560D09BF800209A4208BF66
:10C9000000238BF8023019F83620042A39D9082A76
:10C910002BD82C23697803FB01F8029B03EB080753
:10C920007B78B8781B1A13F0FF032CD1062A1CD190
:10C93000019BDB7E8B4250D009F836A02B6A85F82C
:10C9400002A0002BCCD0696A002098479BF8031006
:10C950009BF80240C8E70421446A034601220846C6
:10C96000A4460DB0BDE8F04F60474FF0010309F851
:10C9700036A0AB702B6A002BB2D00120696A9847B1
:10C98000AEE71C46B0E7052A1FD16A684AB9AA6813
:10C990003AB9EA682AB92A691AB96A6932F07F4253
:10C9A000E3D0012B26D00421019B01225D6A0846B9
:10C9B000A84701238BF802400993069AABF10803BC
:10C9C000934500F0BE809B4688E7012B6DD0062A78
:10C9D000E9D1019BDB7E8B42AED1019B69685A692C
:10C9E0008B1A40F18680521A0499914294BF002319
:10C9F0005B1880E0019C2046FFF7C0FCB860059BF7
:10CA0000D4F814E0A3EB0E0C049B03EB0C0188425A
:10CA100077D9421A7B68EBB1AB8ADBB1013B99B2A3
:10CA2000A9827868FB8B824206D809E0A3B2121A69
:10CA3000FB838242A98A03D98B4203F1FF34F5D8E4
:10CA40008B4206D201339BB2FB83A98A02448B42FC
:10CA5000F8D3B9836B6879691A44BA60AB68BCF1E2
:10CA6000000F0B4453DB944463455AD2ACEB0302F2
:10CA700000237B61BA60EA68BB691344BB612A6921
:10CA8000934294BF00239B1ABB61AB7D1BB1FA7824
:10CA900063F30002FA70DDE9022302F808307B78C4
:10CAA0006A78013303927B7046E7062A3FF440AF71
:10CAB000019C2046FFF762FCBB78B8607B70E27E89
:10CAC0006B789A427FF438AF19F83630062B84D051
:10CAD000FF23019AD37619F83630062B3FF47DAF49
:10CAE000082B3FF47AAF019B05995A698B1A3FF5E1
:10CAF0007AAF049A13440199CA699A4288BFCB61FC
:10CB00001AE77B6900221944091A796182E70599BD
:10CB1000AEEB010E7245A6D89E44AEEB0203002296
:10CB2000A7E7A3EB0C03FAE701230A930023019A7A
:10CB30005376937E0A9A1A4340F0BE810DB0BDE849
:10CB4000F08F0B9CDDF82480019F079A3B7E981A9A
:10CB500018BF01200546002C00F09780059A08991F
:10CB6000FF2BA2EB01063A463F6800F08E800025BD
:10CB7000CDE90580AB46B84602954FF02C09154625
:10CB8000049F04E0A37863702B7EFF2B75D009FB14
:10CB900003F008EB0004A168B94200F29D81029AFB
:10CBA00094F802C00A44029262787F1AA2EB0C0247
:10CBB000D5F81CC0761A614528BF4FF0FF31B4F894
:10CBC0001EE026BFE9760021ACEB0101E961A16915
:10CBD000D2B209B1022A14D0C4F808B018F8001073
:10CBE00029766168C9B9002ACCD0012A02D0BEF1E9
:10CBF000000FC7D0236A002BC4D00120616A984778
:10CC0000C0E7BEF1000F00F0A6800022A26018F875
:10CC100000202A7661680029ECD0B4F81EE0BEF14D
:10CC2000000F74D1B4F81CE094F828C0724602FBDF
:10CC30000112BCF1000F76D0DDF820C0A4F81EE090
:10CC4000A260DDF808E06969E644BEEB010AD4F8A9
:10CC500014C075D45244944579D3ACEB0201002240
:10CC6000A260039A616108F800200393637801339E
:10CC7000DBB263702B7EFF2B89D1079BDDE905803A
:10CC8000FF2B0CBF054640F0010503990198FFF703
:10CC9000A3FB019B079A1B7E934200F00281B8F12F
:10CCA000000F67D0FF2B00F03A81079AFF2A00F0AF
:10CCB0002F812C21DDF80480D8F8002001FB03220D
:10CCC0009768002F00F015810CF0A2FA0A2604469E
:10CCD000D8F81450013E621B974202F106027FF61B
:10CCE00023AFBA422CBFAD18ED19D8F8283028462A
:10CCF00098470CF08DFAC4F101022B1B02449A42B2
:10CD00007FF614AF002E00F0BB800446E0E700225F
:10CD100094F802C002FB011284F801C094F828C004
:10CD2000BCF1000F88D1964286D90A440CF1010C5F
:10CD300096421FFA8CFCF8D8F4441FFA8CFE7BE76D
:10CD4000A1EB0E018A4212D95244944585D20021AA
:10CD5000A2EB0C0284E7E961EB76C4F808E018F86E
:10CD600000202A76616800293FF40CAF55E7614442
:10CD7000891A74E7019A0125517A56684A1ED2B27F
:10CD800000298FD006EBC207CDE908654FF02C0AC9
:10CD90003E4696F801B0F27873685A4569D0DC4691
:10CDA0001F46B3460CEB8C0C17F83C3007EBCC0C51
:10CDB000012B40D0022B4BD1DCE90120DCE903E957
:10CDC00014780199FF2CDCF81430D1F800804D69FB
:10CDD00002D00168A9425DD0002601990C7E056051
:10CDE000FF2C25D0CDE902B7CDE904C29B46CDF892
:10CDF00018E00BE0AA685B4620463244C84778B981
:10CE000018F80740AB68FF2C1E443CD00AFB04F71F
:10CE100008EB0705A969B9F1000FEBD10029EFD0A4
:10CE2000AB68DDF818E01E44DDE902B7DDE904C2B5
:10CE30001470CEF800604FF00002DCF820308CF85F
:10CE400002201BB10020DCF8241098479BF8032037
:10CE50009BF801C09BF800300CF1010C5FFA8CFCD0
:10CE6000634508BF4FF0000C62458BF801C099D1B3
:10CE70005E46089AA6F1080396422BD01E4688E724
:10CE800000DE044624E7DDF818E0DDE902B7DDE95D
:10CE900004C2CDE70AFB04F4DEF8006018F8044091
:10CEA0009EE7B8F1000F27D0019B002D35D15D76AC
:10CEB0009B7E002B3FF442AE019B01225C6A032162
:10CEC0000420A4460DB0BDE8F04F60470A9B1C4605
:10CED0000493E0E4099DE7E7019BC91BA1601B7E69
:10CEE000079ADDE9058093420CBF054640F0010535
:10CEF000CBE6019B5F76DFE7019B5E685B7A5A1E9B
:10CF0000D2B2002B7FF43EAFCEE7FF2303931BE6A4
:10CF10000CF064F9019B1B7ECBE61B7EC2E60CF095
:10CF200067F938B9019BD86158769B7E002B3FF496
:10CF300005AEC1E70023019A5376937E002BBBD147
:10CF4000FCE500BFF0B4049E9DF81450069C30BB75
:10CF5000144F3A605A1E39727B727E60D2B273B13E
:10CF600006EBC2021146546012F808398E4203EBF8
:10CF70008300A5EB030304EBC004DDB2F2D175B965
:10CF8000FF23079A7D613A62089A7D817A62099A45
:10CF9000FD61BA623B76FB762846F0BC7047012003
:10CFA000F0BC70479C1E002040B9064A117EFF2944
:10CFB00001D1107270476FF00F0070476FF01500CD
:10CFC000704700BF9C1E00202C22074B10B402FBB0
:10CFD00000335C6A2CB1A44601220321022010BC5C
:10CFE000604710BC704700BF9C1E00202DE9F8432D
:10CFF0002C240E46214DBDF8308004FB0055696895
:10D0000001EBC600C47811F8367004F1010C5FFA28
:10D010008CFC674598BF4FF0000C417861452AD0E1
:10D0200004274FF00209416804EB840E01EBCE04A3
:10D0300001F83E706360089B6270A3600A9BA4F8CD
:10D040001080E3600D9B84F8029063610E9BA361E6
:10D050000F9BE361109B2362119B636280F803C006
:10D060003046D5E9083698472B4600223946B04766
:10D07000A078BDE8F8830120BDE8F8839C1E00205D
:10D0800030B58BB00E9C0F9D009400240194139C2E
:10D0900002950694109D149C03950794BDF8445086
:10D0A000159C04950894129D169C05950994FFF70C
:10D0B0009DFF0BB030BD00BF2DE9F8432C24224F5B
:10D0C0001D4604FB007708467C68BDF82C8004EB05
:10D0D000C10114F83060CC784B7804F1010C5FFA90
:10D0E0008CFC664598BF4FF0000C63459DF830E01E
:10D0F00026D04FF0050902234E6804EB840406F89D
:10D10000349006EBC404A370089B6270A360099B73
:10D110006560E3600A9BA4F8148023610D9B84F88A
:10D1200016E023620E9B636281F803C0D7E90835DD
:10D1300098473B4600220421A847A078BDE8F88321
:10D140000120BDE8F88300BF9C1E0020F8B52C2408
:10D15000194E04FB00667468084604EBC10E14F80F
:10D1600031509EF803409EF8011004F1010C5FFA63
:10D170008CFC654598BF4FF0000C614519D007271E
:10D180000221DEF8045004EB840405F8347005EB4A
:10D19000C4042362069B6270A17063628EF803C0B0
:10D1A000D6E908359847334600220421A847A078DD
:10D1B000F8BD0120F8BD00BF9C1E0020F8B52C244E
:10D1C0001A4E04FB00667468084604EBC10E14F89E
:10D1D00031509EF803409EF8011004F1010C5FFAF3
:10D1E0008CFC654598BF4FF0000C61451BD00827AB
:10D1F0000221DEF8045004EB840405F8347005EBDA
:10D20000C4046360069B62702362079BA170636223
:10D210008EF803C0D6E9083598473346002204212A
:10D22000A847A078F8BD0120F8BD00BF9C1E0020D3
:10D23000F8B52C241D4E04FB00667468084604EB08
:10D24000C10E14F831509EF803409EF8011004F10D
:10D25000010C5FFA8CFC654598BF4FF0000C6145EE
:10D2600022D04FF602770221DEF8045004EB84044A
:10D2700025F8347005EBC404C4E90123069BA170B2
:10D28000E360099B23610A9B63610B9B23620C9BF8
:10D2900063628EF803C0D6E908359847334600220A
:10D2A0000421A847A078F8BD0120F8BD9C1E0020ED
:10D2B0002C2370B5064C03FB00440846D4E908351E
:10D2C00098472346AC46BDE87040002204216047E1
:10D2D0009C1E00200BF09CBF401A704700210148A3
:10D2E000704700BFFF410100022801D001207047B4
:10D2F00038B5044608461D4602F00CFF18B100235D
:10D300002B70184638BD204638BD00BF002303707F
:10D310000B70704738B5054600200C4602F090FDB2
:10D3200010F0060F0ED13DB9074B44B120681860CC
:10D33000A2889A80002038BD044B002CF6D11C60D6
:10D340009C80F7E70C2038BDD01E0020C81E0020AE
:10D35000012804D808B903487047034870470020E3
:10D36000704700BFD01E0020C81E0020012809D829
:10D3700030B9064B186808609A8818468A8070474A
:10D38000034BF7E700231846704700BFD01E00206C
:10D39000C81E002010B504460AF058F850B90AF02B
:10D3A000EBFD60B90BF086F970B92046BDE810407E
:10D3B0000FF0D4B800DE0AF0DFFD0028F2D000DE66
:10D3C0000BF078F90028F0D000DE2046BDE81040D0
:10D3D0000FF0C4B8086001480FF0C0B86424002002
:10D3E0000FF0BCB82DE9F84F0B788946072B88BFA2
:10D3F0002B4B834688BF93F8403092469A424DD0DB
:10D40000274D5C1C35F83320E4B2082C08BF0024FB
:10D41000002601274FF01208028005EBC30319E034
:10D42000012838D0C3F80480072C89F8004088BF51
:10D4300095F84040A24523D023B2013435F833108B
:10D44000E4B2BBF80020082C08BF0024914205EB91
:10D45000C30315D15868B0B1FF28E1D9027902F0B1
:10D460000302013A012A12D912225A6002F06AFE1E
:10D47000072C89F8004088BF95F84040A245DBD1D1
:10D480003046BDE8F88F01365F60F6B2CCE7013672
:10D490000122F6B2E9E70136F6B2C5E70026EFE76A
:10D4A000FC1E00202DE9F041324F3B88984253D9B1
:10D4B00013F0FF0524D0DFF8C08098F81540013440
:10D4C000E4B2052C08BF002498F81430A34219D008
:10D4D0002A48FEF765FC064690B12948FEF760FC35
:10D4E00000283BD0066098F8153048F823003B88A8
:10D4F000013D013B15F0FF0588F815403B80DED16A
:10D50000BDE8F0813B88002BFAD00026DFF874805C
:10D5100098F80D400134E4B2032C08BF002498F8B9
:10D520000C30A342ECD01548FEF73AFC0546002823
:10D53000E6D01348FEF734FCB0B16E60056098F891
:10D540000D3048F823003B8888F80D40013B9BB222
:10D550003B80002BDED1D3E70546ACE73046BDE883
:10D56000F0410649FEF730BC2846BDE8F0410349CA
:10D57000FEF72ABC641F002074220020681F0020D0
:10D58000B41F0020441F00202DE9F8434FF000088D
:10D5900005262E4B2E4F181D05221421A7F81880A2
:10D5A000FEF7DAFB2B4B05220821181DFEF7D4FBF2
:10D5B00097F818907C7E0134E4B2062C08BF002452
:10D5C000A14514D02348FEF7EBFB054678B11F4870
:10D5D000FEF7E6FB002834D0C5F8048005607B7EAA
:10D5E00047F82300013E16F0FF067C76E3D11A4B84
:10D5F0000722181D6421FEF7AFFB184B0922181DE6
:10D600000821FEF7A9FB1548FEF7CAFBA8B1144A8A
:10D61000111FFEF711FC1148FEF7C2FB78B1114A49
:10D62000111FFEF709FC06220F4BFF201A80FFF79F
:10D6300039FFBDE8F84308F04FBC00DEE7E700DE45
:10D64000EDE728460349FEF7BFFBD0E7B8220020EC
:10D65000202300208C220020B41F0020681F0020FF
:10D66000601F0020581F0020641F00202DE9F0419A
:10D670007C4D7D4E86B004AA02A90DF1070003F08F
:10D680008FFA0446D5E9000103AAFEF7EDFB074631
:10D6900050B3039B002B6AD0187804AA02A903F0A8
:10D6A00097FA039B0446002840D0049ABDF808105E
:10D6B0001F78ADF80A10059203F09CFA2146059AEE
:10D6C000BDF80A0003F0CAFA204603F05DFA3846B6
:10D6D00005AA0DF10A0103F07BFA04460028EBD1FC
:10D6E00030680EF03BFFC6E7002C3DD0049B9DF850
:10D6F00007700593BDF80830ADF80A3003F07AFAE8
:10D700002146059ABDF80A0003F0A8FA204603F066
:10D710003BFA384605AA0DF10A0103F059FA04460E
:10D720000028EBD130680EF019FFA4E705931B79B0
:10D73000013B2C2B1ED8DFE803F01F32741D1F1D88
:10D740001D1D1D1D1D1D1D1D1D1D1D1D1D1D1D1D09
:10D750006A1F1D1D1D1D1D1D1D1D1D1D1D1D1D1DAA
:10D760001D1D1D1D1D1D1F0006B0BDE8F08100DE42
:10D77000039B91E700DE7EE700223A496868FEF7E6
:10D780007BFB3846394B059993F84130384A0B708A
:10D79000FEF760FB344B18680EF0E0FE6BE70022EA
:10D7A00030496868FEF768FBDDF81480D8F8084057
:10D7B00034B12378002B52D02378013BDBB22370A5
:10D7C00098F80C3013B1012B43D000DE0023294A16
:10D7D00088F80C30537E117E0133DBB2062B08BF74
:10D7E0000023994239D0C8F80070517E42F8218058
:10D7F0005376002C3FF43FAF2378002B7FF43BAFF0
:10D80000A368002B3FF437AFE068984733E7002266
:10D8100014496868FEF730FB3846059902F0D4FEDB
:10D8200029E7384605A902F0E9FE0E49002268689A
:10D83000FEF722FB059900293FF41DAF0B792E2B33
:10D840003FF419AF094B384693F84130084A0B7042
:10D850009EE7404602F0DCFFB8E700DEC9E700DEE5
:10D86000AAE700BF5C1F002060240020FC1E0020EF
:10D87000581F00202023002010B5274B274C86B0CE
:10D8800018600BF09FFC2378002B3DD0244B0C211B
:10D890000593244B02240493234B24480393244BE5
:10D8A0000090029304230191224A037003720474CE
:10D8B000047619460020FFF745FB50BB01220021EA
:10D8C0001D4815F0C2FC09F05FFD044610B120466A
:10D8D00006B010BDFFF758FE0AF04CFB04460028C6
:10D8E000F5D102F0B7F904460028F0D10AF0D6FECF
:10D8F00004460028EBD102F00DFE04460028E6D1D4
:10D90000012008F08FFFE2E7FEF7C6FA012323703B
:10D91000BCE700DED2E700BF60240020EE3A002022
:10D9200059A20100B9A1010099A1010054260020CB
:10D9300074240020742600206424002030B585B0B3
:10D9400002F02EFA78BB02F0EBFD88BB00241A4BE4
:10D950002046A3F8404008F065FF1849184A194BC3
:10D96000A1F8204194829C8101222146684615F04D
:10D970006CFC154B0320224621466D46C3F808D0A7
:10D98000FEF7E2FAB0B94FF0FF324FF0FF3328460E
:10D990000EF018FEFFF7F8FD0021012005B0BDE8EC
:10D9A0003040FFF7B7BC00DE02F0BAFD0028CDD052
:10D9B00000DECBE700DEE6E7FC1E00203C23002073
:10D9C00074220020441F00206405002008B5FFF7E2
:10D9D000B5FF09F00FFD00B108BDBDE80840FFF735
:10D9E000E3BA00BF2DE9F043804689462C4D2D4F08
:10D9F00083B00023C8F8003095F8414001AAD7E968
:10DA00000001FEF731FA0646002834D0019B484653
:10DA10001A782549FFF7E6FC034690BB95F84020AD
:10DA20008DF8012095F841200DF101010DF1020062
:10DA30001C46FFF7D7FC44EA000212F0FF0203463F
:10DA4000F0D101990B79012B22D139467868FEF784
:10DA500013FA30461549FEF7B7F9154A1388052B16
:10DA600013D80198013313491380FEF7ADF9012053
:10DA7000FFF718FDBDE7224648460B49FFF7B2FC09
:10DA80000346184603B0BDE8F08300DE1388E8E7DC
:10DA900013461846C8F8001003B0BDE8F08300BF75
:10DAA000FC1E0020541F00203C1F0020681F002087
:10DAB000641F0020B41F0020002300B51C4983B060
:10DAC000486801AA0193FEF7D7F970B31949FEF728
:10DAD0007BF9019A1379172B12D009D8052B0BD893
:10DAE0002922DA40D20707D533B103B05DF804FB31
:10DAF0001D2BFAD92D2BF8D000DE03B05DF804FB06
:10DB0000002093681B6893F84C20586160F3000272
:10DB100083F84C2002F094F9400010F0FF00E4D1AB
:10DB200008F006FF03B05DF804FB00DECEE700BF9F
:10DB3000541F0020681F00202DE9F04104680646AC
:10DB40000CB32927344D204603792468052B13D9BB
:10DB5000173BDAB2162A13D8162B11D8DFE803F0D8
:10DB60001A291E1E1E1E1E1010101010101010104C
:10DB70001010101010101E0027FA03F2D20734D430
:10DB800000DE002CDFD100233360FF20BDE8F04130
:10DB9000FFF788BC037F022B30D023BB2B88052BDB
:10DBA00029D801331D492B80FEF70EF9002CCAD16C
:10DBB000E9E7C0880028E4D102F0A0FA80460028F6
:10DBC00028D0D8F8A0300BBB08F1940108F19000E0
:10DBD000FEF736F9E0B1C8F8A000404602F080FA3E
:10DBE000002CB0D1CFE700DE0379002BD6D100DEC8
:10DBF0002B88052BD5D900DE2B88D2E707F008FF4C
:10DC0000002008F095FE002C9DD1BCE700DEDBE78C
:10DC100000DEE0E700DED4E7641F0020B41F002030
:10DC20000148FEF7BDB800BF681F00200149FEF79C
:10DC3000CBB800BF681F0020034B044A93F8413063
:10DC40000B70FEF707B900BFFC1E0020581F002014
:10DC500008B5064B064A93F841300B70FEF7FAF808
:10DC6000044B1868BDE808400EF078BCFC1E00208C
:10DC7000581F0020602400200B490A7B4B7B9A42EE
:10DC80000AD8A3EB020C5FFA8CFC604509D89A42D3
:10DC900007D051F82200704703339B1ADBB2984239
:10DCA000F7D90020704700BF441F0020074A117BAE
:10DCB000537B8B4208D04B1CDBB2032B08BF0023E5
:10DCC00052F821001373704700207047441F002052
:10DCD00000B50D4A92F841C092F840E00CF1010302
:10DCE000DBB2082B08BF00239E4509D022F83C0078
:10DCF00002EBCC0CCCF8041082F841305DF804FB48
:10DD000000DE00231B80FFDEFC1E0020022810B571
:10DD10000C4602D00B68022B07D04FF0FF324FF0B9
:10DD2000FF3302480EF04EFC206810BD6424002032
:10DD3000014B1868704700BFF81E002004490A68AC
:10DD40000AB110467047024608601046704700BF8F
:10DD5000401F0020044A136823B198420ABF0021E3
:10DD60000023116018467047401F0020014B1868BF
:10DD7000704700BF401F002070B5056884B02B7845
:10DD8000EBB104466E4601220021684615F05DFAAB
:10DD90000C4BC5E902362B788BB100220A4B0320CD
:10DDA00011469C60FEF7D0F838B947F612220023DE
:10DDB00030460EF007FC04B070BD00DEF5E76FF0F2
:10DDC0007700F8E7E1D3000054050020F0B5244EB9
:10DDD0000C463368174685B0002B36D0994215D1D2
:10DDE000022503AB02460093032100201D4B03953F
:10DDF000FFF7ACF9022805460CD0039B022B09D192
:10DE000095B133680BB19C4221D014B36FF02D0053
:10DE100005B0F0BD4FF0FF324FF0FF3312480EF067
:10DE2000D1FB039D002DECD13846FFF7A5FF3368E9
:10DE30000BB19C4210D0002CE8D10028E8D010F1A2
:10DE4000780F08BF002005B0F0BD3160C8E700239F
:10DE500033606FF07700DBE735600028D8D0EEE75D
:10DE6000F81E0020D5D30000642400200B490A7D51
:10DE70004B7D9A420AD8A3EB020C5FFA8CFC6045FA
:10DE800009D89A4207D051F82200704705339B1AEF
:10DE9000DBB29842F7D90020704700BF74220020FF
:10DEA000074A117D537D8B4208D04B1CDBB2052BFA
:10DEB00008BF002352F821001375704700207047F7
:10DEC0007422002038B50C46054602F063FE034676
:10DED000237021462846BDE83840014AFDF7BABF05
:10DEE000601F0020012200201146014BFEF72CB8D4
:10DEF0004405002070B50C46054602F04BFE034673
:10DF0000214623702846054AFDF7A4FFBDE870406E
:10DF1000012200201146024BFEF716B8601F0020B8
:10DF2000440500202DE9F0471A4E9DF8209096F800
:10DF300021C196F820510CF1010E5FFA8EFEBEF160
:10DF4000090F08BF4FF0000E75451ED0144606EBB2
:10DF50004C1C654680460F469A4610685168E36837
:10DF6000926809F001090FC59CF81C30CCE904A89F
:10DF700023F0030343EA0903CCF818708CF81C3033
:10DF800086F821E16046BDE8F0874FF0000C60465E
:10DF9000BDE8F0873C230020054890F8203190F838
:10DFA00021219A4214BF00EB43100020704700BFAC
:10DFB0003C23002010B402780B4C082A94F821313D
:10DFC00088BF94F82021014688BF0270934209D08F
:10DFD000531CDBB2092B08BF002304EB42100B706B
:10DFE00010BC70470020FBE73C2300202DE9F04FD8
:10DFF0003D4E87B096F8203196F8212102909A4242
:10E000003ED04FF000080B24C346C246CDE9048839
:10E0100006EB4313CDF80C801D7FD3F80090C5F3B9
:10E020004002DF6805F00105002C4DD0013CE4B250
:10E030004AB396F8211196F82031994220D0013345
:10E04000DBB2092B08BF0023994286F8203117D094
:10E05000590106EB4313002ADED1D86805BBBAF19B
:10E06000000F33D0BBF1000F36D01A7F9707D3D102
:10E070005045725834D05845CED105998A42CBD1FB
:10E0800007B0BDE8F08F194902988B601146174B15
:10E090000192FDF759FF019A0028CAD000DEC8E7B7
:10E0A000039ABAB1B8F1000F08BFB8461A7F9507B6
:10E0B000B2D4D207DCD5BBF1000FADD1039A8242B6
:10E0C000DED08045A8D1DBE700DEAFE7BA46CDF869
:10E0D0001090EBE70397E9E7BB46CDF81490E5E72E
:10E0E00004998A42C7D1CBE73C23002034050020A5
:10E0F000054B1A7E597E914204D053F8220010B18C
:10E100000C307047002070472023002070B5134A60
:10E11000117E537E8B421FD04B1CDBB2062B08BFF7
:10E12000002352F821401376A4B10223002526686B
:10E130002371A060256002F02DFD03462146084AA8
:10E1400023703046FDF786FE012228461146054B16
:10E15000FDF7FAFE204670BD0024FBE720230020D7
:10E16000601F00204405002010B5002482B0049BED
:10E1700093F80AC02CF0020C83F80AC0CDE90044E1
:10E1800009F0A6FA02B010BD012210B582B00192CA
:10E19000047F034614400269D0E90501009409F0A8
:10E1A00097FA08B902B010BD7730FBD000DEF9E76E
:10E1B00010B4CB6804691A78042A02D0236810BC12
:10E1C00018475B78052BF9D1002010BC704700BFC1
:10E1D00030B50B8A83B0002B3CD0054601F10C0012
:10E1E0000C4612F09FF9012816D0022808D0012110
:10E1F00003461B4A1B4811F078FF6FF0150009E039
:10E2000001A9204600F0B4FF019911B12846FFF79B
:10E21000CFFFC8B103B030BD002301A92046019350
:10E2200000F0F2FA014678B12846FFF7C1FF002856
:10E23000F0D1019D45B1284601F07EFC03466B718B
:10E240000948019914F0DAFF2046F5F75FF900203C
:10E2500003B030BD0121054A024811F03DFFCCE773
:10E26000185E02008457020028270020045E020086
:10E2700010B50469FFF7AAFB40B90548F4F752FD51
:10E280000448F4F74FFD0020206010BD00DEF4E7E5
:10E29000B8130020381400202DE9F0414FF0000899
:10E2A0000646076982B04FF0FF324FF0FF33344823
:10E2B0000EF01EF90028F6D043790190042B31D8D6
:10E2C000002B46D0022B4CD04FF0FF334FF0FF32E3
:10E2D0000220F5F7D7FA0446019B002C4BD01846D4
:10E2E000214601F01DF8019B01A8C3F80080FFF74B
:10E2F00023FC204612F09DF805462146002012F02E
:10E30000C2F82B8A0446012B08D9294630463B68BF
:10E3100098470EF009FE002CEBD1C4E72846F5F72C
:10E32000F5F8F6E7052B14D14FF0FF334FF0FF322D
:10E330000820F5F7A7FA04460198214600F0C6FF29
:10E34000019B01A8C3F80080FFF7F6FB002CD0D199
:10E35000A9E700DE019B01A8C3F80080FFF7ECFBF2
:10E36000A1E70023002201210020F5F7A3FA0446CB
:10E37000019B002CB3D101A81C60FFF7DDFB92E7E5
:10E3800028270020F0B5054683B014E04FF0FF3297
:10E390004FF0FF3300211320F5F78CFA2246044694
:10E3A000BDF8021001F0B0FB21462846FFF700FF40
:10E3B00040BB0EF0B9FD0DF1020101A8FFF712FB01
:10E3C00004460028E2D1019BA3B1FFF775FB019F32
:10E3D000384601F0B1FB019E78717379032B02D1AD
:10E3E0003379182B10D03146174814F007FF019BE2
:10E3F000002BE0D14FF0FF324FF0FF3313480EF007
:10E40000E1F8D8E700DED4E721464FF0FF324FF0C5
:10E41000FF330520F788F5F74DFA0446394606F133
:10E420001C00224600F02CFF384600F047FF3CB1AC
:10E4300021462846FFF7BCFE20B92046F5F766F8CE
:10E44000019ED0E700DEF8E72827002038270020CB
:10E45000F0B505460E46076989B0254814F0A0FEC0
:10E460004FF0FF320021234814F0EFFE2148FFF760
:10E4700003FA0446002831D13E6001F073FB002608
:10E4800000276FF0090C4FF4E072CDE90667CDE983
:10E490000144194B194904940095CDF80CC0184853
:10E4A0000EF048FB1749164815F012F86FF0070CEC
:10E4B0004FF46072CDE90667CDE90144124B134970
:10E4C00004940095CDF80CC011480EF033FB1149AF
:10E4D0000F4814F0FDFF204609B0F0BD01210346AE
:10E4E0000D4A0E4811F001FE204609B0F0BD00BFF4
:10E4F000282700203827002085E30000504D002009
:10E50000B81300204C5E020099E20000104F00207A
:10E51000381400205C5E02002C5E0200845702006A
:10E5200008B50EF0BBFC054814F042FE034814F099
:10E5300037FEBDE808400EF0C5BC00BF282700200C
:10E540002DE9F047DFF8D0A0DAF80090B9F1000F1C
:10E5500033DB80460F46164646D000252F4C062258
:10E560002146304616F04AFB18B914F8013CBB426C
:10E5700026D00135A94504F10804F0D10121284C29
:10E58000D6F800C02068274BC5006A1C43F802C0BB
:10E59000B6881A44B9F10F0F968001FA08F103F812
:10E5A00030702B44D971DBBF09F1010318460130EB
:10E5B000CAF80030102814D020600020BDE8F08791
:10E5C000184B03EBC503DA7922FA08F1C90702D523
:10E5D0000120BDE8F087012101FA08F10A43DA7150
:10E5E000EBE700232360E8E701200D4C0D4B256885
:10E5F000D2F800C0E9000A1843F802C0B6881A44ED
:10E60000968000FA08F803F835700B44CAF8000049
:10E6100083F80780D0E700BF50270020552700204F
:10E620004C270020542700202DE9F041194C646844
:10E63000A40004D59046184A1268120701D4BDE818
:10E64000F08103F10C0405460E462046022111F02C
:10E6500031FF40F63E4301210380204611F02AFF9E
:10E6600004230B210370204611F024FF0570A0F84D
:10E6700001803DB97268B368C0F80320C0F8073064
:10E68000BDE8F0810027C0F80370C0F80770BDE84E
:10E69000F08100BF2002002018020020F0B50138F0
:10E6A000144687B0092806D8DFE800F009273D05A1
:10E6B000054F056182956FF0150007B0F0BD4F4B17
:10E6C0000D21188812F088F90D2120600C3011F00E
:10E6D000F1FE4FF48064002304210222484D0370B0
:10E6E000C0F80150A0F80540C171037242728372F4
:10E6F000C3720373002007B0F0BD404B412118885E
:10E7000012F06AF9412120600C3011F0D3FE002193
:10E7100004463E2200F8031B16F068FA40F2A733C5
:10E72000A4F80130E6E7354B0921188812F054F9B6
:10E73000092120600C3011F0BDFE0022034603F8D1
:10E74000012BC0F801205A60D4E7C9680020FEF709
:10E75000E1FD2A4B0121188812F03EF901210546FE
:10E760000C3011F0A7FE002303702560C2E7254E90
:10E7700001AD0FCE0FC5214F3368122138882B70A1
:10E7800012F02AF9122120600C3011F093FE0023C0
:10E790000446064695F800C004F8013B01AD0FCDD4
:10E7A000C6F801006160A260E36084F810C0A1E7D0
:10E7B000124B1821188812F00FF9182120600C3024
:10E7C00011F078FE00230446012100F8023B0AF014
:10E7D0007DFC60708EE7094B2121188812F0FCF84F
:10E7E000212120600C3011F065FE0023014601302C
:10E7F00001F8113B0AF0BAFC7CE700BF9C3900200D
:10E8000002000500905E020000232DE9F0418EB069
:10E810000993038A022B40F2258105460E460C30EF
:10E82000032111F077FE2A8A83789A42C0F024816E
:10E830000288D74FC2F38523082B1FFA82FC3A8047
:10E84000C2F309040DD8D3B1013B072B17D8DFE879
:10E8500013F0FC001600D900BF00160016001600C9
:10E860001D003F2B0BD12046294609AAFFF716FFB2
:10E87000163018BF099C40F0E480B7F800C00121B1
:10E8800060460EB0BDE8F04112F0B8B8621E4D2AE5
:10E89000F5D801A353F822F0C1EB00000FEE000001
:10E8A000C5ED00007FE80000BBED00007FE8000040
:10E8B0007FE800007FE800007FE800007FE80000BC
:10E8C000A3ED0000C5EE000091EE000089EE00000F
:10E8D00069EE000063EE00005BEE000053EE000006
:10E8E00031EE00001BF00000F1EF0000E3EF00004C
:10E8F000A9EF000089EF000071EF00007FE8000041
:10E900007FE8000051EF00007FE800007FE8000092
:10E910007FE8000017EF000073F0000063F00000D4
:10E920002FF0000023F000007FE800007FE80000E7
:10E9300091F0000089F000009FF00000F7EE000069
:10E9400043ED00000FED000005ED0000F7EC0000C6
:10E95000ADEC000055EC00001DEC0000D1EB000018
:10E960007FE800007FE800007FE800007FE800000B
:10E970007FE800007FE800007FE800007FE80000FB
:10E980007FE800007FE800007FE800007FE80000EB
:10E990007FE800007FE800007FE800007FE80000DB
:10E9A0007FE800007FE800007FE800007FE80000CB
:10E9B0007FE800007FE800007FE800007FE80000BB
:10E9C00081ED00007FE800007FE8000077ED0000A7
:10E9D000621E082A3FF653AF01A353F822F000BF8E
:10E9E00017EB0000CBEA0000A5EA00007FE800007A
:10E9F0007FE800007FE800007FE800007FE800007B
:10EA000085EA0000632C00F0628300F24B83032C44
:10EA100000F096802D2C00F05D83012C7FF42FAF49
:10EA2000EA685C4B116860461960214652685A607A
:10EA300011F0D2FF012104460C3011F03BFD002300
:10EA4000037020460EB0BDE8F081062C00F036833E
:10EA50001D2C7FF414AFEB68188801F051FC0146BF
:10EA600038880EE701214C4A4C4811F035FB002450
:10EA700020460EB0BDE8F0810121494A474811F017
:10EA80002BFBF4E76046072111F0A6FF072104469F
:10EA90000C3011F00FFD0146002001F8010BFEF7CC
:10EAA00065FCCEE70921604611F096FF0921044676
:10EAB0000C3011F0FFFC00220346602103F8012B0B
:10EAC000C0F801205A604171BBE76046412111F056
:10EAD00083FF412104460C3011F0ECFC0021054677
:10EAE0003F2200F8021B16F081F84FF40A7204234B
:10EAF000C0212020A5F80F204FF49062A971EB727D
:10EB00002849EB75284B6870C5F81A10C5F82130F4
:10EB1000A5F8272095E70921604611F05DFF09213E
:10EB200004460C3011F0C6FC00234FF450610D2256
:10EB30001E4D0180C0F805508370C370027180E7DC
:10EB40004FF0FF311A4A1F2011600021194A4FF07F
:10EB5000FF3441F6FF75C2E90001002000210D4B92
:10EB6000C3E90045144BC3E90001FEF7E7FE0121AC
:10EB7000388811F031FF012104460C3011F09AFC65
:10EB800000230E4A03701360FFF7CAFC59E700BF69
:10EB90009C39002020020020A45E02007C57020065
:10EBA000BC5E020017FCFF0930F0F97FF105FFFFA2
:10EBB0005027002018020020B81400204827002009
:10EBC000EA68BF4B116860465268196001212EE760
:10EBD000EA689478D178E60744BF41F00301D17028
:10EBE000A4071088B2F80550137940F1A78243F0CA
:10EBF0000303137143EA0102032A40F0AB824E077C
:10EC000000F0A58215F003021CBF05F1FF3505F0E9
:10EC1000010201F0FDFB0146388832E6EB681A7804
:10EC2000D10749BF0721587808465970920749BF54
:10EC30000722997811469A7001F0DEFB0121054602
:10EC4000388811F0C9FE012104460C3011F032FC65
:10EC50000570F6E6EB68604605211E8811F0BCFEE3
:10EC6000052104460C3011F025FC0546B7B22A1DDB
:10EC7000E91C384601F0A0FBEB782979002B93FAC8
:10EC8000A3F391FAA1F2B3FA83F308BF4FF0FF3375
:10EC90000029B2FA82F208BF4FF0FF32013301328D
:10ECA0002870A5F80160EB702A71CAE66046092158
:10ECB00011F092FE092104460C3011F0FBFB0546D1
:10ECC0000AAB0DF1220208A90DF11E0001F066FB4E
:10ECD0000022BDF81E30A5F80130BDF82030A5F89F
:10ECE0000330BDF82230A5F80530BDF828302A7071
:10ECF000A5F80730A5E6EB68188807F043FD012169
:10ED0000388895E6EB68187807F028FD96E7EB68F9
:10ED1000072118680AAE0A909A889B796046ADF878
:10ED20002C208DF82E3011F057FE072104460C30B0
:10ED300011F0C0FB05463046691C07F0DDFC287069
:10ED40007FE6EB68072118680AAE0A909A889B79DB
:10ED50006046ADF82C208DF82E3011F03DFE0721D5
:10ED600004460C3011F0A6FB05463046691C07F03E
:10ED700087FC287065E6E868C17907F00DFD5DE75E
:10ED80006046032111F028FE032104460C3011F0E7
:10ED900091FB00230146013001F8023BFEF7B6FA71
:10EDA0004FE6EC686379B4F80320B4F801102078DA
:10EDB000A479009400F022FF40E7E9680120FEF703
:10EDC000A9FA3BE76046092111F006FE0921044635
:10EDD0000C3011F06FFB0025034603F8015BC0F80F
:10EDE00001505D600646FEF779FA2B46C1F3072213
:10EDF00061F3070362F30F23090C61F31743090A58
:10EE000061F31F63C6F80100C6F8053019E6042156
:10EE1000604611F0E1FD042104460C3011F04AFB7C
:10EE200000231B210322037041708370C27008E627
:10EE30000022E9684B88088803920C890294CC88E8
:10EE4000019489880091114601F0BEF90146388885
:10EE500017E5E86807F06EFAF0E6E86807F0B6F93B
:10EE6000ECE607F08BF9E9E66046022111F0B4FD0B
:10EE7000022104460C3011F01DFB002303700546EF
:10EE800007F07AF96870DCE5304606F04DFDD5E60E
:10EE9000EC68B4F81350618863792279208804956E
:10EEA000B4F8115006340395B4F809500295A579C9
:10EEB0000094019506F04AFB01463888E1E400BF62
:10EEC00018020020EB681878002800F034815B7885
:10EED000002B00F0308100231A46A0490B60A04BA4
:10EEE0001A6000F007FF05460C2D4FF0010108BF26
:10EEF00000253888A5E66046022111F06DFD02214B
:10EF000004460C3011F0D6FA054607F083FA0023C8
:10EF100068702B7095E500220221EC6826886388D2
:10EF200003922589B0B20295E5880195A4880094E2
:10EF300001F04AF905460321388811F04DFD0321FF
:10EF400004460C3011F0B6FA0570A0F8016078E5BF
:10EF50000921604611F040FD092104460C3011F0F2
:10EF6000A9FA00237F49804A01604260037268E584
:10EF7000E96801F10C0301F10A0231F8020B06F015
:10EF80000BFD014638887CE46046092111F024FD20
:10EF9000092104460C3011F08DFA0023082100F8F5
:10EFA000013B08F037FA4CE5E86800230AAA00F1B3
:10EFB00010010BF0F9F91121388811F00DFD112124
:10EFC00004460C3011F076FA00230646074606F890
:10EFD000013B0AAD0FCDC7F801007160B260F3606C
:10EFE0002FE5EB68188801F075F90146388848E488
:10EFF000EB68604608211E8811F0EEFC08210446EB
:10F000000C3011F057FA0546B7B23846E91C01F04A
:10F0100015F9A5F80160287013E5E86806F046FFC9
:10F020000CE6EB685988188801F0ACF906E66046F2
:10F03000052111F0D1FC052104460C3011F03AFAFB
:10F0400005460AA90DF1220001F090F90022BDF851
:10F050002230A5F80130BDF828302A70A5F8033019
:10F06000EFE4EB681E889A885988B0B201F05EF927
:10F0700060E70023EA68022116889278B0B2CDE9F1
:10F080000233CDE9003353E7E86807F007FAD5E526
:10F09000E86800F11702C11D07F09AFDCEE507F000
:10F0A000BBF9CBE57B2C2ED07C2C7FF4E8ABEB6856
:10F0B0001E885988B0B201F0FDF93BE7EB689978FA
:10F0C000188801F0DFF801463888FFF7DABBEA68F4
:10F0D000264B77E5EB68604604211E8893F8028092
:10F0E00011F07AFC042104460C3011F0E3F90546D6
:10F0F000B7B2022042463946EB1CFEF7F5F8A5F8F8
:10F10000016028709DE4EB680AA91E88B0B201F086
:10F11000A5F905210546388811F05EFC0521044655
:10F120000C3011F0C7F90570A0F80160BDF8283067
:10F13000A0F8033085E44FF0FF32D0E641EA030245
:10F14000032A07D84C0702D05A077FF45BAD12217F
:10F15000FFF796BB1121FFF793BB00BF4C270020A0
:10F16000502700200070330F133F0200B814002016
:10F1700000232DE9F0470B60038A032B2DD90546A8
:10F1800088460C30042111F0C5F92B8A4688B0F866
:10F190000090B34232D31B2E2AD800F0CDFF4FEAA5
:10F1A0001937BA460446002837D05FEA9A0A19D1BF
:10F1B000E7B1012F16D12379667167F3010323713B
:10F1C000E9683246E01D15F0EBFC2146C9F30B005F
:10F1D00000F0BEFFC0B9BDE8F0870121214A2248F6
:10F1E00010F07AFF6FF01500BDE8F0870227E2E724
:10F1F00001211E4A1C4810F06FFFF3E701211C4A51
:10F20000194810F069FFEDE701211A4A164810F07D
:10F2100063FF204600F096FFE4E70121164A1248FA
:10F2200010F05AFF154B1B689B0117D54FF0FF32AA
:10F230004FF0FF330220F4F725FB0221C8F800004D
:10F240000C3011F037F94FF48D730380D8F80000BB
:10F2500001210C3011F02EF9012303706FF06800CA
:10F26000B9E700BFDC5E02007C570200105F0200BD
:10F27000F05E0200405F02002C5F020020020020CE
:10F28000F8B50D4B1B68DB0600D4F8BD02F10C0489
:10F2900007460D462046022111F00CF940F20543C5
:10F2A00004210380204611F005F90026A0F8015042
:10F2B00006703A78C270F8BD20020020024A136836
:10F2C000013B1360704700BF48270020037F03F015
:10F2D0000303013B012B01D900DE704770B50446E2
:10F2E00001F10C0528460421E68811F0E3F80346F5
:10F2F000227F02F00302022A0CBF46F4005646F4B5
:10F3000080560680627F28465A80617F11F0D2F8CD
:10F31000627F04F11F01BDE8704015F041BC00BFE1
:10F320002DE9F04F89B003790446032B0D4604AF55
:10F3300000F11C061FD0053BB0F80680182B35D80D
:10F34000DFE813F0390034003400340034003400B6
:10F35000340034003400340034003400340034000D
:10F360003400340034003400AF000E0114014201B7
:10F3700059016E019001C37FB0F80680033B122B48
:10F3800014D8DFE813F007021300130083029C0275
:10F3900013002F0213001300130036021300530250
:10F3A00013007B0213001300B101B10100DE14371A
:10F3B000BD46BDE8F08FC54B067E027F90F81A80EF
:10F3C00093E80300B981090C7642B973510694F8A9
:10F3D0001990B86076B2C8F3400800F18482BC4B43
:10F3E0005B6803F00053B8F1000F40F0CB82002BB4
:10F3F000DDD0B84B1B689B07D9D5207F04F11E0BCD
:10F40000C0F380115A4600F00F00FFF799F800286A
:10F41000CDD1237F03F00F03012B00F05A83627FCD
:10F42000A2F1060A5FFA8AFAD046931D0532D2B2DB
:10F43000DBB27A600C35022128463B6011F03AF8C5
:10F440003E223B68027043700121284611F032F8D9
:10F45000022379680370284611F02CF80123037009
:10F46000237F054603F00F033B441B7A437006F0ED
:10F47000D1FF814580F020834846EA1CA91C06F094
:10F48000A5FFAB780233AB7005F10A03424618467C
:10F4900085F809A004F1240115F082FB00F808604A
:10F4A00085E7F00700F10683267F002E00F0128228
:10F4B000874B5B6899007FF57AAF864B1B6803F436
:10F4C000007913F0010340F0168259EA03033FF478
:10F4D0006EAF002E40F0D28202217F4A0C351368B5
:10F4E00001331360284610F0E5FF41F63E73012119
:10F4F0000380284610F0DEFF0A2203461E211A7000
:10F50000284610F0D7FF0023A0F801800370637F26
:10F51000C370A37F0371D4F81F30C0F80530B4F86E
:10F520002330A0F80930D4F82B30C0F80B30B4F8F1
:10F530002F30A0F80F30D4F82530C0F81130B4F8CF
:10F540002930A0F81530638EA0F81730A38EA0F8EC
:10F550001930E38EA0F81B3094F83830437726E753
:10F560000A4630464146FFF78BFE20E7584B5B6862
:10F570009A007FF51CAF574B1B685B077FF517AFF1
:10F580000C350221284610F095FF40F63E2301215C
:10F590000380284610F08EFF0322034609212846E7
:10F5A0001A7010F087FFF50700F19882237FA0F80A
:10F5B00001800370E38BA0F80330238CA0F80530A2
:10F5C000638CA0F80730F2E6414B00245B68180416
:10F5D0007FF5EDAE0C350221284610F06BFF4FF49D
:10F5E0004C720346032128461A8010F063FF047012
:10F5F000A0F80180DBE6394B1B6819027FF5D7AE16
:10F600000C350221284610F055FF40F257220346E0
:10F61000022128461A8010F04DFFA0F80080C6E6AF
:10F620002B4B5B689A007FF5C2AE2A4B1B681B030D
:10F630007FF5BDAE0C350221284610F03BFF40F2AD
:10F640003E4301210380284610F034FF1422034674
:10F6500003211A70284610F02DFFA0F80080237FA8
:10F660008370A4E61A4B5B689E0003D5194B1B6898
:10F67000180561D4637FA07F93FAA3F190FAA0F2FA
:10F68000002BB1FA81F108BF4FF0FF310028B2FA28
:10F6900082F208BF4FF0FF32267F6C468AB0481CCA
:10F6A00004AB511C06251A4659620D49C3E907608F
:10F6B000C3F81880596142F8105F00234FF442519B
:10F6C0000848F2F7D5FCA54671E600BFCC58020009
:10F6D000200200201802002048270020B814002033
:10F6E000545F02007C570200CD4B5B689A007FF5A7
:10F6F0005EAECC4B1B685B067FF559AE0C35022124
:10F70000284610F0D7FE40F63E33012103802846FC
:10F7100010F0D0FE072203460A211A70284610F086
:10F72000C9FEA0F80080A38C4380E38C8380238CE7
:10F73000C380638C03813AE60C350221284610F021
:10F74000B9FE40F23E6301210380284610F0B2FE6C
:10F750000C22034605211A70284610F0ABFE237FC9
:10F76000A0F801800370627F92FAA2F3002AB3FA34
:10F7700083F308BF4FF0FF330133C370A27F92FAC7
:10F78000A2F3002AB3FA83F308BF4FF0FF3301332B
:10F7900003710CE6A24B5B6899007FF508AEA14BA4
:10F7A0001B68DA067FF503AE0C350221284610F0FF
:10F7B00081FE40F63E5301210380284610F07AFE78
:10F7C000052203460C211A70284610F073FE0346EA
:10F7D00023F8028B216A626AC0F802105A60238DF6
:10F7E0004381E4E50B46424631460020FEF71CFF0C
:10F7F000DDE58B4B1B681E067FF5D9AD0C3502216C
:10F80000284694F8204010F055FE4FF481620346DC
:10F8100004211A80284610F04DFE00239C4208BFA8
:10F820001F24A0F801800470C370C0E57C4B5B68A6
:10F83000980040F19C807B4B1B68990640F19780B3
:10F840000C350221284610F035FE40F63E330121EA
:10F850000380284610F02EFE062203460A211A7065
:10F86000284610F027FEA0F80080238C4380638C8C
:10F870008380A38CC380E38C038198E590F82030CB
:10F880000221694A694810F030FC90E5644B00247D
:10F890001B681B067FF58BAD0C350221284610F046
:10F8A00009FE4FF48162034604211A80284610F0B5
:10F8B00001FE01230470A0F80180C37077E590F881
:10F8C00020300E2B00F0A5800221594A574810F035
:10F8D0000CFC6CE5FF22A07F04F1250304F11F015D
:10F8E00006F08CFEE4E500214A46084604F11E03BA
:10F8F00006F084FE73E5002E40F09E804D4A1368AA
:10F9000001331360B9F1000F40F0EA800C35022199
:10F91000284610F0CFFD41F23E33012103802846F6
:10F9200010F0C8FD0122034612211A70284610F07B
:10F93000C1FD0670A0F80180637FC370A37F03F050
:10F9400001030371D4F81F30C0F80530B4F8233038
:10F95000A0F80930638EA0F80B30A38EA0F80D300C
:10F96000E38EA0F80F3094F8383043741FE500237D
:10F970001A2202214046CDE90233CDE9003300F0DE
:10F9800023FC14E5002B3FF412AD264B1B685A05EF
:10F990007FF50DAD207F00F00F03012B40F0B0800C
:10F9A00004F11E08C0F38011424600F00F00FEF77C
:10F9B000C7FD00287FF4FBAC0C350221284610F06F
:10F9C00079FD41F23E2301210380284610F072FDAB
:10F9D0000B2311210370284610F06CFD40F2011337
:10F9E0000380054606F016FD81457CD24846EA1C98
:10F9F000A91C06F0EBFCAB780233AB70237FC3F39A
:10FA0000C0136B72636AC5F80A30238D2E74EB81C4
:10FA1000CDE40B46424600211A20FEF705FEC6E45F
:10FA20002002002018020020905F02007C57020094
:10FA3000805F020048270020B9F1000F1ED10C356D
:10FA40000221284610F036FD41F23E3301210380A9
:10FA5000284610F02FFD01220346122128461A7075
:10FA600010F028FDC0F80190C0F80590C0F809908A
:10FA7000C0F80D9080F81190067098E40C350221C2
:10FA8000284610F017FD41F63E72034601211A8008
:10FA9000284610F00FFD0A2203461E211A70284640
:10FAA00010F008FD04461D220021601C15F09EF890
:10FAB00026707CE400DEF7E4237FC3F38013AB7091
:10FAC000D4F81E30C5F80330BBF80430A5F8073071
:10FAD000DAE40B23C2467B600C23ABE400DE65E571
:10FAE00002210C35FEE4237FC3F38013AB70D4F8FE
:10FAF0001E30C5F80330B8F80430A5F807307DE7AC
:10FB000000DE207F4CE700BF70B500F10C040E460C
:10FB100020460221154610F0CDFC40F21352034658
:10FB200005211A80204610F0C5FC0123A0F80160D1
:10FB30000370A0F8035070BD0379032B08D0053B78
:10FB4000DBB2182B01D900207047054AD05C704702
:10FB5000037F03F00303032B14BF05200420704729
:10FB6000E86102004FF0FF3230B44FF0FF3441F64D
:10FB7000FF750A4B00211A600020094B0022C3E9DF
:10FB800000451F240025074BC3E900010649074B28
:10FB9000C1E900451A6030BCFEF7C2BC5027002006
:10FBA00020020020B814002018020020482700205E
:10FBB00070B5059E1546344614F8101B9DF810C00C
:10FBC0000131C9B2317099B100220A490B818B7A97
:10FBD000C1E900056CF300038B72074BCC609960A0
:10FBE00001201146FCF7B0F900B970BD00DE70BD10
:10FBF00000DEE9E7C01400207405002030B5144C85
:10FC0000844694F84CE09DF80C501EF001001DD184
:10FC100063F3420E40F27123A2FB0323A4F84210C7
:10FC20004FEA4C1C94F83810ED0005F018050CF064
:10FC3000200C4CEA050C21F03801C4E911224CEAF1
:10FC4000010C84F84CE084F838C030BD0C2030BD85
:10FC5000D01400200020704740F2712C03FB0CF3FD
:10FC6000844600B59DF804E049014FEACE0E0EF03F
:10FC7000180E01F0200141EA0E019CF828E0ACF8D2
:10FC800032202EF0380E41EA0E018CF82810CCF804
:10FC9000343018465DF804FB38B50546023001F1F2
:10FCA0001002C0B2FEF792F8044600B938BD10F158
:10FCB000780F01D10C2038BD40F29123094A0A493E
:10FCC0000A480FF0CAFD2246294609480FF0C5FD33
:10FCD000002383F31188BFF36F8F0323184602DFDD
:10FCE0000C20E8E7B45F0200F45F02000C60020041
:10FCF0002C60020038B5294C94F84C3003F0010216
:10FD000060B362BB9A07C3F341050BD50120FDF731
:10FD10001FFB0621FCF784F800283DD094F84C50D6
:10FD2000C5F3410594F83800C0F3C10006F01EFE8B
:10FD3000FF2194F8393094F8382023F0020384F836
:10FD40003930930684F83A1002D5023D012D19D9B5
:10FD50001248F1F701F810B9002038BD0AB90C209B
:10FD600038BD6369002BFAD12146FFF795FF0028C3
:10FD7000F5D194F84C2060F3000284F84C2006F092
:10FD8000D7FDE9E7002006F00BFE94F8393043F088
:10FD9000020384F83930DBE7122038BDD01400208C
:10FDA00038B500240C4D34B995F84C4014F00104DA
:10FDB00001D0686908B1002038BD2946FFF76CFF03
:10FDC0000028EFD195F84C2060F3000285F84C2014
:10FDD00006F0AEFDE6E700BFD0140020034A044B56
:10FDE000801AA3FB0030C0F387107047D0140020A6
:10FDF000CDCCCCCC044A0068044B801AA3FB003065
:10FE0000C0F38710704700BFD0140020CDCCCCCCFD
:10FE100030B9044890F84C3013F0010300D070471B
:10FE200000207047D0140020044B93F84C2002F0BF
:10FE3000010210430CBF184600207047D014002068
:10FE400098B90B4A92F84C3013F001000ED050696B
:10FE500092F83820003818BF0120C2F3401203F096
:10FE60000103934043EA800070470020704700BFC1
:10FE7000D014002050B9064B93F84C0010F001004C
:10FE800005D093F83800C0F3C100704700207047D8
:10FE9000D01400200146002208B5054B01209960CE
:10FEA0001146FCF751F800B908BD00DE08BD00BFDF
:10FEB00084050020836801465A6892F82730DB09E0
:10FEC00001D000DE7047083105F0D4BD2DE9F041C6
:10FED0000546076882B04FF4D87224493846FBF7CC
:10FEE0008BFF05F18006294608F0E6FB3146D5F880
:10FEF000840001AAFBF7C0FF10B34FF6FF781C4C3B
:10FF000094F8412094F84010531CDBB2082B08BF32
:10FF10000023994225D0019904EBC20C24F83280C9
:10FF2000CCF804100A680260019A10603146D5F8D6
:10FF3000840001AA84F84130FBF79EFF0028DFD13E
:10FF4000D7F8700107F5B87138B10023C7F87031E0
:10FF5000FDF7D0FF02B0BDE8F08100DED7F87001F8
:10FF6000F3E700DE00231B80FFDE00BF201500202A
:10FF7000AC28002010B50C4630B92046FDF7EAFE4B
:10FF8000844200D000DE10BD00DEF6E710B50C465E
:10FF900030B92046FDF7D2FE844200D000DE10BD0D
:10FFA00000DEF6E710B50C4640B9074B02460121CA
:10FFB00002209C60FBF7C8FF20B910BDFDF7B8FE1A
:10FFC0008442FAD000DE10BDA405002000B97047BD
:10FFD00000B583B00191FDF7C9FE0199814202D1BC
:10FFE00003B05DF804FBFDF7A3FE01998142F7D051
:10FFF00000DEF5E710B5194B01224FF4D87118480F
:020000021000EC
:10000000FBF7AAFE00224FF4D8711548FBF7F0FE6B
:100010004FF6FF7C0446134BA4F824C0181D03229E
:100020002421FBF799FE104B0722181D0821FBF72E
:1000300093FE02F053FB4FF01B0C4FF4A47103230B
:1000400000240A4A0A48A2F800C00A4A0460118043
:1000500009490A4A0B70137010BD00BFFC2700202D
:10006000201500203C28002000280020A039002076
:10007000142900209E390020F03A0020EF3A002099
:1000800010B5037883B1104B00F1100199608268BC
:10009000BAB900220D4C0C4BC0E9024101201146B7
:1000A000FBF752FF58B910BD03F0FF02084B1030A8
:1000B000986011460120FBF747FF0028F3D000DECF
:1000C00010BD00DE9968E4E79405002095FE00006D
:1000D000840500200148FBF763BE00BFFC27002019
:1000E0000149FBF771BE00BFFC2700204FF4D87216
:1000F0000149FBF781BE00BF20150020024620B950
:100100004FF4D8710248FBF773BE0020704700BF60
:100110002015002060B9024608B54FF4D871054893
:10012000FBF766FE10B1838C03B908BD002008BD43
:1001300000207047201500200148FBF731BE00BFAA
:100140003C2800200149FBF73FBE00BF3C280020AF
:1001500080BB38B502460D4618484FF4D871FBF7FE
:1001600047FED0B1828CC2B9154C94F821C094F8E6
:1001700020100CF10103DBB2042B08BF00239942CD
:1001800015D024F83C2004EBCC0CCCF8045084F8B7
:100190002130037823B9002038BD6FF0150038BD39
:1001A000084B012198600320FBF7CEFEF3E76FF0C8
:1001B000680038BD6FF01500704700BF20150020A3
:1001C000F0280020B40500202DE9F047DDF82C9040
:1001D000BDF82070BDF82480BDF82860A0B98A461B
:1001E00014464FF4D871024613481D46FBF700FE33
:1001F00050B1838C43B9BAF1000F0FD0BAF1020F9E
:1002000005D00120BDE8F0870220BDE8F0877CB171
:10021000214602F0D1FC0020BDE8F08743463A4673
:100220002946CDF824900896BDE8F04702F04CBC72
:1002300002F0B2FCEFE700BF20150020E8B938B5A6
:1002400002460C460E484FF4D871FBF7D1FD054627
:1002500050B1838C43B902F007FC38B103682360C6
:1002600003792371002038BD022038BDD5F8323023
:10027000236095F836302371F4E70220704700BF01
:100280002015002008B10220704710B502460C4628
:100290000E484FF4D871FBF7ABFDA0B1838C93B936
:1002A0001A2C0AD8042C0CD9094BE340DB0708D5DB
:1002B0002146BDE8104002F0A1BB292CF8D03B2C10
:1002C000F6D0122010BD0C2010BD00BF201500205C
:1002D0002000380480B9024608B54FF4D8710748A9
:1002E000FBF786FD30B1838C23B9BDE808400121BE
:1002F00002F0D2BA022008BD02207047201500206B
:1003000078B9024608B54FF4D8710748FBF770FD7D
:1003100028B1838C1BB9BDE8084002F0D5BA022091
:1003200008BD0220704700BF20150020C8B938B5AD
:100330000C4615464FF4D87102460B48FBF758FDA2
:1003400058B1828C4AB9D0F848319B0607D52A4665
:100350002146BDE8384002F099BB022038BD1A2082
:1003600038BD0220704700BF20150020034A044B0F
:1003700012881B8802800B80704700BFA0390020C4
:100380009E3900208446034A034B0020A2F800C097
:1003900019807047A03900209E39002030B54FF4F5
:1003A000267C1B2545244FF4A47E05801480A1F8EB
:1003B00000E0A3F800C030BDC8B938B50D461446FA
:1003C0004FF4D87102460B48FBF712FD034660B1AB
:1003D000808C50B993F88C20C2F302022A7093F8F3
:1003E0008D30C3F30203237038BD022038BD0220D4
:1003F000704700BF201500208446034A034B0020AD
:1004000082F800C019707047F03A0020EF3A0020DF
:1004100000BBF0B50E46154683B002464FF4D871C6
:100420000D481C46FBF7E4FC70B1838C63B9D0F82F
:100430004831DB050BD5012723462A463146009774
:1004400002F0B4FA03B0F0BD022003B0F0BD1A20F0
:1004500003B0F0BD022070472015002018BB10B576
:1004600002460C4611484FF4D871FBF7C1FCC0B1ED
:10047000838CB3B9C28CB0F89431052A0CD84FF4F0
:10048000FA7102FB033301FB03F3094A0020A2FBCC
:1004900003235B0B238010BD40F2E24102FB03F318
:1004A000F1E7022010BD0220704700BF2015002098
:1004B0005917B7D148BB10B502460C4614484FF443
:1004C000D871FBF795FCF0B1838CE3B942F210725E
:1004D00002FB04F1C38C0139052B0AD84FF4FA72E0
:1004E00003FB02231944B1FBF3F1A0F8941100209F
:1004F00010BD40F2E24202FB03F31944B1FBF3F1F9
:10050000A0F89411F3E7022010BD0220704700BF4D
:100510002015002008B5FFF76DFD002008BD00BFC5
:1005200038B505F05BFA00224FF4D8711948FBF793
:100530005FFC044658B32146032004F11002FDF786
:1005400045FC054610B110F1780F0BD10025124A79
:10055000124BC4F8A0501584A3F84050FFF74AFD91
:10056000284638BD40F24D730D4A0E490E480FF033
:1005700074F92A4600210D480FF06FF9002383F328
:100580001188BFF36F8F0323184602DFDEE700DE1A
:10059000D1E700BF20150020F0280020AC28002063
:1005A00044600200F45F02000C6002002C60020054
:1005B000014B1878704700BFF03A0020014B1878C3
:1005C000704700BFEF3A00208A6808601368187807
:1005D00028B19A6872B9084AC3E902217047526883
:1005E00092F82730DB0901D000DE70470846083159
:1005F00005F040BA00DEEEE7B5FE00000B68DA88D1
:10060000002A37D170B50C4606464FF4D8711B4806
:10061000FBF7EEFB0546F0B1838CE3B902F008FB73
:100620002268137F03F00303032B08D10123137106
:10063000314628462268BDE8704002F00DBB73B118
:1006400095F86A319A0705D53D23012285F86C316A
:1006500023681A7170BD012223681A7170BD95F864
:100660006A319B0703D53D2385F86C31226801234D
:10067000137170BD01221A71704700BF2015002050
:100680004FF6FF7C10B50446808C60450CD02046A8
:10069000A4F82C31C4E9491202F0AEF894F86A319A
:1006A00013F0010002D110BD00DEF0E723F00103DA
:1006B00084F86A316FF08B0010BD00BF70B51C4C20
:1006C000064694F821201DE04FF4D8711948FBF735
:1006D0008FFB696808B3838CEC30F3B901F04CFEF2
:1006E00094F8201094F821204B1C8A42DBB206F1CA
:1006F000FF3604D0042B08BF002384F8203016F006
:10070000FF0613D094F8203093420FD034F83320F2
:1007100004EBC305002AD7D069680B794FF6FF7048
:1007200023F003030B71FDF7D3FAD9E770BD00BFC7
:10073000F028002020150020F0B5324A0B4614683E
:1007400083B0A04208BF0021054608BF11601822EF
:10075000808C012185F88C3185F87421A5F876010B
:10076000284602F053F805F1EC06284602F062F83C
:10077000304601F0E9FD304601F01EFE044628B384
:10078000037905F1940703F00303032B0CBF034621
:10079000002303601C48FBF703FBA8B121463A463F
:1007A000FBF758FB304601F007FE044670B10379B1
:1007B00003F00303032B0CBF03460023036012481E
:1007C000FBF7EEFA0028E9D100DEE7E7AA8C012169
:1007D000033200200D4B0095D2B2FCF7B7FC10F0AD
:1007E000FD0F08D14FF6FF73FF20AB8403B0BDE8C7
:1007F000F040FFF763BFFDF79BFA8542F2D000DEC1
:10080000F0E700BF1429002000280020A5FF000009
:100810004FF6FF732DE9F04184688AB0A28C9A42AA
:1008200000F0BA800546204602F002FAAB7C012BAC
:1008300000F0DA80022B00F0B28033B994F8A630D1
:1008400003F01803182B00F0128194F86C81B8F1B2
:10085000000F40F0A880A68DEB890136E78DB6B277
:10086000002B00F0A780A4F898812B7C03F00303F1
:10087000012B00F0B480B4F89C31002B00F0BA805A
:10088000B34240F215819B1B9BB2062BA4F89C310E
:100890008CBF0023012300229846E28594F83A2079
:1008A000314663F3820284F83A2020460DF1270294
:1008B00001F06CFF743000F0F580B4F896312BB184
:1008C000B34240F2C4809B1BA4F89631B4F8923135
:1008D0002BB1B34240F2B4809B1BA4F8923194F840
:1008E000E930E58D03F00103B8F1000F0AD1AF4202
:1008F00000F0A2800135ADB23BB9002D4CD043468B
:10090000414634E00135ADB283B394F8E93094F94F
:10091000372023F00103002A84F8E930C0F28480F4
:1009200094F88C00C0F3C00100F0070006F050FE00
:1009300094F88C2094F88D1002F003030933C2F36D
:100940004002DB00D340E28B02F23F12134401F07D
:1009500003020932C1F34001D200CA401344616866
:100960001844814280F09980431A60600021A28C73
:10097000246901935C4B03320593002302911846CE
:100980000121CDE903580694D2B20093FCF794FB01
:1009900010F0FD0F40F090800AB0BDE8F0813D23DB
:1009A000984684F86C31414620460AB0BDE8F041D3
:1009B000FFF7C2BE2B7C03F00303012B0FD0B4F86A
:1009C0009831002B3FF457AFB34273D99B1BA4F867
:1009D0009831B4F89C31002B7FF452AF02E0002331
:1009E000A4F89C31002359E70023A4F89631A4F819
:1009F00092312AE7E38C42F21071052B8BBF40F253
:100A0000E2424FF4FA725A4303FB0222B4F89A31DD
:100A100001FB0323013BB3FBF2F39BB2A4F89C312F
:100A2000002B7FF42DAFDDE794F88D00012100F05D
:100A3000070006F0CFFD7BE7002BADD0454664E70D
:100A400000232046A4F8923101F014FF47E7FDF798
:100A50002DF90146002836D00023A4F896311B2337
:100A6000A28C0371C2800068FDF7F2F82EE7218D99
:100A7000B4F894218B1D9A42D2BF1346931F5B1A80
:100A8000B4F89011C8BF9BB2994220D0A4F890311D
:100A9000A4F89231A4F89621D7E6091A60601CD018
:100AA000002364E720469DF82710FFF745FE73E713
:100AB000082179E73E2177E7FDF73AF984423FF4D0
:100AC0006BAF00DE68E70123A4F89631FEE6B4F8C8
:100AD000961100297FF4B9AEDAE70DB10B4646E76F
:100AE000B8F1000FDCD157E7CDFF000038B505465F
:100AF0000120FFF7E3FD05F1EC0001F05DFCA8B17A
:100B0000044603790A4803F00303032B0CBF234672
:100B100000232360FBF744F930B1214605F194022C
:100B2000BDE83840FBF796B900DEF6E738BD00BFF8
:100B30000028002021B3F8B54D1EEDB200F1EC07FE
:100B400000F1940613E023790E4803F00303032B0E
:100B50000CBF234600232360FBF722F970B1013D4F
:100B600032462146EDB2FBF775F9FF2D05D0384628
:100B700001F022FC04460028E5D1F8BD00DEEEE7D6
:100B8000704700BF002800200149FBF71DB900BFD6
:100B900000280020014B93F841007047AC2800204A
:100BA00000B50A4B93F840C093F841E0F4450BD0F0
:100BB00080F800E033F83C0003EBCC0308805B686E
:100BC000136018685DF804FB0020FBE7AC280020E8
:100BD000074B93F840C0844508D003EBCC0033F8B2
:100BE0003C300B80436813601868704700207047E2
:100BF000AC280020094A92F8401092F841308B420C
:100C000009D04B1CDBB2082B08BF002352F831007F
:100C100082F8403070470020704700BFAC280020A9
:100C200000B50D4A92F841C092F840E00CF1010382
:100C3000DBB2082B08BF00239E4509D022F83C00F8
:100C400002EBCC0CCCF8041082F841305DF804FBC8
:100C500000DE00231B80FFDEAC28002070B5537936
:100C6000144605460E46002B39D0237903F00302C3
:100C7000032A0CD04FF6FF72954204BF23F0030302
:100C8000237121462846BDE87040FDF721B84FF694
:100C9000FF739D4206D13368A3421AD0002BF0D0D7
:100CA00000DEEEE7EDB92A464FF4D8711148FBF7A4
:100CB0009FF8E0B1214601F09DFF3368A342EDD1DA
:100CC00000224FF4D8710B48FBF792F808B1838CDF
:100CD00003B100202146BDE8704001F051BD00DEA7
:100CE000C3E700DE0020214601F084FFD3E700DEE9
:100CF000E0E700BF2015002090F87C20B0F84030DD
:100D0000C2F30212022A14BFDB089B0890F8962057
:100D100014BF0A3B0B3B9BB2D20648BF043B808FFB
:100D200048BF9BB2984228BF18467047704700BF23
:100D300090F86A3143F0020380F86A31704700BFCF
:100D400090F86A3123F0020380F86A31704700BFDF
:100D5000B0F86831B0F82C21981880B2704700BF05
:100D60000278038E12B1581E80B27047418DB0F8E0
:100D70002C215818104480B2704700BF2DE9F04F65
:100D800004468DB0CDE90A13B0F86851B0F82C31A3
:100D900090F88C00BDF864A0C0F3C00100F007001B
:100DA0001D44BDF85890BDF85C80BDF860B0D4F823
:100DB000247106F00DFCE28CADB2A5EB0A06052A03
:100DC0008646B6B240F2C28040F2E24312FB06F21F
:100DD00092B2962007214FF096164FF00B0CB9F106
:100DE000050FA4F878C0E661C4F86260208484F836
:100DF0006610A4F86C00A4F8740084F86E1084F8EF
:100E0000761040F29880B4F85200B4F850104E4674
:100E10000144574801F2D511A066206740F2E24034
:100E2000714403FB02F200FB06F6BF1A013A32449A
:100E3000B2FBF6F2608DB4F868316160B4F82C1141
:100E4000AAEB05050B441544014494F83700ADB2F4
:100E50002B4492B20D44C00906FB0277A4F8683116
:100E6000658565D10B9D013531462046A4F8269055
:100E7000A4F82880A4F89AB101F0B4FC3D4B218D70
:100E80003344B3FBF6F3881D9AB29042A4F8942140
:100E900004D2C1F57F41FA310A4492B20A9BA4F808
:100EA000902113B10023A4F89C310221012009F004
:100EB00037F90022022181460120FBF711F84FF497
:100EC000D8722D492046FAF797FF2C4B00F1030802
:100ED0005FFA88F8009342463B46012100200194C6
:100EE000FCF76CF910F0FD0F3FD1009500204FF694
:100EF000FE75CDE90205224D01960795214D089416
:100F00000694059565683B46424601210495FCF729
:100F1000B7F810F0FD0F26D1B9F1000F1DD194F8EC
:100F20006A3143F0010384F86A310DB0BDE8F08FF7
:100F300000DE002598E78B3EA666266709F10106CC
:100F400040F213114FF4FA70B6B26AE7013212FBA5
:100F500006F24FF4FA7392B23BE7012202211046E7
:100F6000FAF7BEFFDBE700DED6E700DEBDE700BF35
:100F70000B0096007FC3C901201500208DFF0000E3
:100F800075FF0000B95401000B4610B504461A68FD
:100F90003230C4F832201B7905210371FBF7F2F8D7
:100FA00094F8373060F3050384F8373010BD00BF84
:100FB0004FF426704FF4A47308801380704700BF6D
:100FC00030B5B0F84420C18F03468A4228BF0A4694
:100FD00090F88D00B3F8481000F00700B3F842C055
:100FE0001B2A38BF1B22042814BF4FF4A4704FF4EF
:100FF0002960614528BF6146814238BF0146B3F888
:101000005250B3F84E408D4243D0A242A3F8521042
:1010100001D0A3F84E20012093F8E92042F002020B
:1010200083F8E920B3F84620998F93F88CC08A4260
:1010300028BF0A460CF0070CB3F84A10B3F840502A
:101040001B2A38BF1B22BCF1040F14BF4FF4A47C31
:101050004FF4296CA94228BF2946614538BF614633
:10106000B3F85040B3F84CE08C4216D07245A3F868
:10107000501001D0A3F84C2093F8E92022F002028E
:1010800083F8E920012093F8E920024383F8E9205E
:1010900030BDA242BDD10020C4E77245EAD193F829
:1010A000E91041EA510202F0010221F003010A4372
:1010B00083F8E9200028E5D130BD00BF10B5B0F8B5
:1010C0004420C18F03468A4228BF0A4690F88D000B
:1010D000B3F8481000F00700B3F842401B2A38BFAD
:1010E0001B22042814BF4FF4A4704FF42960A142BE
:1010F00028BF2146814238BF0146B3F852E0B3F819
:101100004EC08E450DD09445A3F8521001D0A3F8DF
:101110004E2093F8E920012042F0020283F8E920F2
:1011200010BD9445F3D1002010BD00BF10B5B0F83C
:101130004620818F03468A4228BF0A4690F88C00D9
:10114000B3F84A1000F00700B3F840401B2A38BF3C
:101150001B22042814BF4FF4A4704FF42960A1424D
:1011600028BF2146814238BF0146B3F850E0B3F8AA
:101170004CC08E4514D06245A3F8501001D0A3F89E
:101180004C204FF0010C604693F8E910C1F3400287
:1011900042EA0C0221F003010A4383F8E92010BD62
:1011A0006245ECD193F8E910002001F0010CEDE765
:1011B0001B2928BF1B21B2F5A47F28BF4FF4A472BE
:1011C000034BA0F856100364A0F8542081877047A1
:1011D000480198022DE9F041334B00261A88334B21
:1011E0001B2A1D8828BF1B22B5F5A47F28BF4FF4FA
:1011F000A4751B274FF4A47801F00303C6640665A9
:10120000A0F85860A0F85450A0F85620828703F147
:10121000280690F88D2003F15205C1F34001F60035
:10122000ED0002F00702CE40CD40042AADB2A0F896
:101230004E70B7B214BF42464FF42962AF423B46EC
:1012400028BF2B46934238BF13464FF0450E4FF050
:101250001B1C0446A0F8523090F8E930A0F84080FA
:1012600043F0020380F8E930A0F83EE0C0F844C043
:10127000A0F84250A0F84870A0F84A70FFF756FF57
:1012800094F8E930AF4243F0010384F8E93004D028
:10129000012384F85830BDE8F0814645F8D1E36B6E
:1012A000B3F11B1FF4D1F6E7A03900209E390020CE
:1012B00070B50026B0F85A200346B0F85C00962AB4
:1012C00038BF9622B446962838BF962093F88C10E3
:1012D00062F30F0C01F0070593F85E4093F88D1050
:1012E00062F30F0660F31F4C01F0070EC3F882C0D3
:1012F000B3F86010A3F85C0062F31F46A3F85A200D
:1013000004B951B311F0080083F88640A3F888109F
:1013100025D0588C5A84801A18BF012011F0010F73
:1013200017D093F937C001F00201BCF1000F26DBA2
:1013300014EA0E0F31D171B12C420CD0998B91422D
:1013400053D09A83002283F85E20A3F86020012006
:1013500070BD89072CD40028F4D1002070BD11F095
:10136000010FDED18907F8D593F93710002933DB57
:101370002C42F2D0998B9142E3D19A83EDE72C4233
:1013800025D09D8B9A83954221D00029DAD014EA8A
:101390000E0FD7D0C3F81E60D4E7B3F81EC0C3F851
:1013A0001E609445C7D00029CCD02C42CAD0C8E7D3
:1013B00093F937100029BFDA14EA0E0FCBD0D98B7E
:1013C0009142E7D1C3F81E600028C6D0BAE70029D1
:1013D000F2D10028C1D0B5E714EA0E0FBDD0D98BE9
:1013E0009142D7D1C3F81E60B7E79A830028B4D0E2
:1013F000A8E700BF70B5034607224FF09614962168
:101400004FF0030E4FF00B0C0E4D0F4EA3F888E07B
:10141000A3F878C0DC615984C3F85A60C3F88240ED
:10142000C3F8624083F8862083F866209D66A3F89F
:101430006C1083F86E201D67A3F8741083F8762073
:10144000002070BD0B0096009600980008B50022A1
:10145000D0E92401FAF708FDB0FA80F0400908BD90
:1014600010B400248A690B468C61E2B1032111712A
:10147000818C02F11C04D18093F8201039B91B7AB9
:10148000052B0CD0062B06D000DE10BC7047204682
:1014900010BC02F047BC1A23137110BC70472046E1
:1014A00010BC02F021BC00DEE0E700BFF8B50D463D
:1014B000044600F1A706334600223B3105F12B001C
:1014C00008F072FFD4F8A77000220026C4F8C87094
:1014D0000027D4F8B330D4F8AF10C4F8D430D4F81F
:1014E000C430D4F8AB00C4F8E53094F8E030C4F868
:1014F000D01043F0010384F8E03094F8BF30D4F802
:10150000C01062F30003C4E93667C4F8CC00C4F825
:10151000E1102046294684F8B72084F8B82084F8E2
:10152000B92084F8BA2084F8BB2084F8BC2084F861
:10153000BD2084F8BE2084F8BF3001F02BF80646A9
:10154000B8B1301D02F0D0FBF37931466B73204601
:1015500001F036F8204602F02BF940F206636B8169
:1015600094F8A63023F0180343F0180384F8A6304B
:10157000F8BD00DEE5E700BF70B50C46897A054688
:1015800082B00A2900F23F81DFE801F00A1D22251E
:10159000799F4858676A0600002A66D002B070BD7D
:1015A000002AFBD1237A0121062B28464AD001F0DC
:1015B0000BF82146284600F0E5FF002840F0C480E3
:1015C0000223A372EAE7002AE8D101212846EEE7C8
:1015D000002AE3D1EDE7012A00F0A180042ADDD141
:1015E00001212846009301F003F8009BDA780D2AC8
:1015F00000F0F780112A00F0FE8000DE1F2384F83F
:101600002030284603F01EFD21462846FFF728FF1C
:10161000284602F081F90023A372BFE7032ABDD157
:1016200000260121284600F0E3FF2846FFF788FB4B
:10163000284684F8206003F005FD3CE0002AADD187
:101640000121284600F0C0FF2146284600F09AFFFD
:10165000002845D10823A372A0E7002A9ED1F3E712
:10166000062A9BD12846FFF763FB2146284600F057
:1016700089FF002840F091800A23A3728EE7022A96
:1016800026D0042A8AD101212846009300F0B0FF19
:101690002846FFF755FB009BDA780D2A00F0998069
:1016A000112A00F0A68000DE1F23284684F820308F
:1016B00003F0C8FC0026214628462673FFF7D0FE1B
:1016C000284602F029F9A67268E7002A7FF466AF7F
:1016D0002146284600F056FFD0B90523A3725DE7E6
:1016E0002146284600F056FF0646002800F0878075
:1016F000301D02F003FBF37931466373284600F096
:101700005FFF284602F054F840F60933638145E74D
:101710002146284602B0BDE87040FFF7C7BE284604
:10172000CDE90023FFF704FB40F20451019B009A2E
:101730005E689868C4F84360C4F84700DB68C5F881
:10174000C4302273618129E72146284600F022FF38
:101750000646002851D02046311D02F0A1FAF37947
:1017600031466373284600F02BFF284602F020F82C
:1017700040F203432846D6F81620D6F81210C4F8D3
:101780003F20C4F83B10D6F81A20C5F8C02063816A
:1017900002B0BDE8704003F051BC2146284600F07D
:1017A000F9FE064668B3301D02F0B2FAF37931460D
:1017B0006373284600F004FF284601F0F9FF4FF656
:1017C0000173638195F8A63023F0180385F8A630DD
:1017D000E4E61B79062B3FF468AF1A2B3FF465AFA4
:1017E00062E71B79062B3FF40AAF1A2B3FF407AFD1
:1017F00004E75B79EEE75B79F4E700DEABE700DE58
:1018000076E700DECFE700DEC8E600BF92F81FC033
:1018100002F11C03ACF104020D2A08D8DFE802F043
:101820000E14170707070711070B0707070B3D23C0
:1018300080F86C3170470422FFF79EBE0122FFF74B
:101840009BBE0622FFF798BE0222FFF795BE032239
:10185000FFF792BE13460022FFF78EBEF0B50E468C
:1018600083B00DF1060201A90446B0F85050B0F85B
:101870005270FFF79DFB96F82D2012BB96F82C3086
:10188000002B5BD1B4F85030AB420ED3BDF806202C
:101890009A420AD3B4F85230BB4206D3BDF80420B2
:1018A0009A4202D3002003B0F0BD012094F8E93041
:1018B000A4F850500343A4F8527084F8E93003B000
:1018C000F0BD94F93700002802DB96F82C30EBB11C
:1018D00094F88C1094F84C5001F003032B440D3312
:1018E000DB00C1F34001CB409BB2B3F5A47F38BF0E
:1018F0004FF4A473BDF806509D4228BF1D4612B395
:10190000002803DA96F82C30002BBBD094F88D20F9
:1019100094F84E1002F003030B440D33DB00C2F3C6
:101920004002D3409BB2B3F5A47F38BF4FF4A473F9
:10193000BDF804709F4228BF1F46A3E794F9370003
:101940000028C5DAE2E796F82C30002B9AD0002860
:1019500098DADBE710B500230C468969A36131B33F
:1019600094F82130DB071DD50B792E2B1DD11D23BB
:101970000B71838CCB8094F828300B7790F88D30E6
:10198000C3F302038B7790F88C30C3F302034B77D9
:101990000868FCF75DF994F8213023F0010384F81E
:1019A000213010BD01230B71F2E700DEDFE700DE1E
:1019B000D6E700BF38B591F821300C469B074D6A39
:1019C00003D4BDB101232B7108E0A5B103232B7112
:1019D000838C05F11C01EB8002F034FB294628685A
:1019E000FCF736F9002294F82130626223F00203FA
:1019F00084F8213038BD00DEE8E700BF91F82020F0
:101A000030B5940742D402F0070313F0010537D133
:101A1000A3F10403B3FA83F35B094FEA830E75461F
:101A200091F8203065F3020381F82030C3F3C2023D
:101A3000DB062ED412F0010425D1A2F10402B2FA81
:101A400082F252094FEA820C644691F8203064F326
:101A5000C50381F8203090F88C3003F00703AB42C7
:101A600008BF4FF0000E81F82CE090F88D3003F0A5
:101A70000703A34208BF4FF0000C81F82DC030BD12
:101A80004FF0010ECCE74FF0010CDEE70225AE4629
:101A9000C6E70224A446D8E7F8B5CB690C4606464B
:101AA000002B67D0637B162B2FD196F93730002B94
:101AB0002BDB0023E569E36165612F1D94F820307D
:101AC00096F8A421C3F3C20363F3C50286F8A421E8
:101AD00094F8202096F8A431394662F3020386F880
:101AE000A43194F8203096F88C20C3F3801363F36C
:101AF000C302204686F88C2002F03AF902213046D3
:101B000000F062FD0223A37215E000F04FFD10B952
:101B10000723A372F8BD00F051FD606260B300229C
:101B2000637BE569162B656105F10407E261C5D0A9
:101B3000182B09D000DE3046294600F041FD304622
:101B4000BDE8F84001F034BE21463046FFF756FFAD
:101B5000A38D43B963853946204602F02DF94FF62F
:101B600005736381E7E7FFF7FBF8338D0633034422
:101B70009BB2EFE700DE95E700DED0E738B505461B
:101B80000C4601F00DFE10B10423A37238BD2146AE
:101B9000284600F0F7FC0028F6D005F1EC0000F034
:101BA00009FC0028F0D12846FFF750FC0028EBD0B4
:101BB000182321466373284600F0ECFC0346E361DA
:101BC00021462846BDE83840FFF766BF38B50546D0
:101BD0000C4601F0E5FD10B10123A37238BD284683
:101BE00003F01AFA0028F7D12146284600F0CAFC73
:101BF0000028F1D0284603F00DFA0728ECD028463B
:101C0000012103F001FA28460D2103F001FA162301
:101C100021466373284600F0BDFC0346E36121467C
:101C20002846BDE83840FFF737BF00BF90F88C303A
:101C300010B403F00702042A0CBF0222C3F302020D
:101C400090F88D3018BF02F1FF3203F0070118BF82
:101C5000D2B200EBC202042918BFC3F30203B2F8E8
:101C6000681016BF03F1FF330223DBB201F0020458
:101C7000C9071DD590F93710002914DB002C39D085
:101C8000B2F862200C33A0F88220828300EBC302FA
:101C90001289D10719D4910703D590F93720002A6A
:101CA00013DB10BC7047B2F86210A0F88210818379
:101CB0009CB190F937100029E2DA0C3300EBC30233
:101CC0001289D107E7D59207EBD500EBC3035B88F8
:101CD00010BCA0F88230C38370470C3300EBC30202
:101CE0001289D407D7D590F937100029EDDA920779
:101CF000EBD4D6E70C3300EBC3021289D407E4D44B
:101D0000C9E700BFF0B50C46897A054683B00929BA
:101D100000F2DD80DFE801F005051E295059DB796E
:101D2000820A002A00F0CC8003B0F0BD042AFBD167
:101D300021462846FFF70EFE21462846FFF73AFEC9
:101D4000284601F0E9FD0021284603F061F900234F
:101D5000A372E9E7032AE7D195F83730DB0940F0B1
:101D6000B68041F203736381DEE7012A00F0B2809E
:101D7000062AD9D10021284603F046F9D5F8483182
:101D8000204623F48073C5F8483100F03DFC1A2248
:101D900094F8213084F8282043F0010384F821309E
:101DA00095F88C200926134662F3061385F88C30CB
:101DB00002212846A67223E0002AB5D121462846F2
:101DC00003B0BDE8F040FFF7D9BE032AACD195F9C6
:101DD0003730002BC0F2E380A68D002E00F0B280D9
:101DE00094F82C302BB195F88C2063F3061285F80B
:101DF0008C20284601F0E6FC082302212846A37225
:101E000003B0BDE8F04000F0F3BB002A8CD12146BE
:101E1000284603B0BDE8F040FFF73EBE002A83D15C
:101E20002846FEF795FF638DC01A03043FF57CAF8B
:101E300095F93730002BC0F2A78094F82D2095F843
:101E40008D0012F0030294F82C3095F88C1000F0FD
:101E500007061CBF62F3020085F88D0013F0030330
:101E600001F0070140F0868095F88D3003F00703FC
:101E70009E4200F0898021462846FFF7EFFC02468B
:101E800094F82130284662F3410384F82130FFF7AB
:101E9000CDFE002103F0B8F80022012384F82820A9
:101EA00094F82120092163F3000284F8212095F899
:101EB0008C20134662F3061385F88C30A17233E749
:101EC0002146284603B0BDE8F040FFF77FBE00DEA4
:101ED00003B0F0BD02212846019303F095F8019B61
:101EE00094F820201946204602F00707C2F3C206E4
:101EF00001F076FF0221284600F066FB94F82030BE
:101F00001946C3F3C20306EA030262F3C5010B4696
:101F10000F4067F3020384F8203095F93730002B27
:101F20000CDB94F8203013F0380F01D05A0705D19C
:101F300094F8203023F03F0384F82030204600F04E
:101F400063FB3BE73146284603F05EF894F8202017
:101F500094F82110D20962F3000184F8286084F813
:101F6000211095F88C1009230A4661F3061285F8B2
:101F70008C2042E795F88C20994263F3020285F8A1
:101F80008C207FF478AF6FE70021284603F03CF8FF
:101F9000002294F8203084F82820DB0980E700DE56
:101FA0001AE700BF70B5CB690C460546D3B100F007
:101FB000FDFA10B90723A37270BD00F0FFFA60624A
:101FC00008B30022637BE669182B6661E2610BD0DF
:101FD00000DE2846314600F0F3FA2846BDE870409E
:101FE00003F034B800DEE2E721462846FFF706FD9D
:101FF000A38D53B963852046311D01F0DDFE4FF6F8
:1020000005736381E5E700DEDBE7FEF7A9FE2B8DB4
:10201000063303449BB2EDE738B505460C4603F0A2
:1020200005F810B10423A37238BD2146284600F0FC
:10203000A9FA0028F6D0284602F0ECFF0728F1D0D4
:1020400005F1EC0000F0B6F90028EBD12846FFF7C7
:10205000FDF90028E6D028460D2102F0D9FF18230B
:1020600021466373284600F095FA0346E361214652
:102070002846BDE83840FFF795BF00BF70B50C4655
:10208000897A06461546092906D8DFE801F0070CCB
:102090000505464D056970B900DE70BD002DFCD107
:1020A0000123A37270BD1946204601F077FE94F813
:1020B000202096F8A431C2F3C200C3F3C20101404C
:1020C000C2F30200034043EAC10322F03F0213437C
:1020D00084F8203096F93730002B0BDB94F8203051
:1020E00013F0380F40F0A08094F8203023F03F0325
:1020F00084F820300221304600F066FA012DCCD160
:1021000096F83730DB09C7D1204600F07DFA21462A
:102110003046BDE87040FFF77FBF002DBDD121469E
:10212000BDE87040FFF778BF022DB6D190F9373087
:10213000002BC0F29180A38D002B00F0828094F8D8
:102140002C302BB196F88C2063F3061286F88C2085
:102150000823A3723046BDE87040022100F048BA5F
:10216000002D9AD12146BDE87040FFF71BBF002D1E
:1021700093D1FEF7EDFD638DC01A03048DD484F86E
:10218000285096F93730002B64DB94F82D2096F810
:102190008D0012F0030294F82C3096F88C1000F0A9
:1021A00007051CBF62F3020086F88D0013F00303DD
:1021B00001F007013CD196F88D3003F007039D42F2
:1021C00048D021463046FFF749FB024694F82130BB
:1021D000304662F3410384F82130FFF727FD0122E6
:1021E00094F82130092162F3000384F8213096F835
:1021F0008C20134662F3061386F88C30A17270BDF2
:10220000042D7FF44AAF2146FFF7A4FB2146304658
:10221000FFF7D0FB304603F081F80021304602F092
:10222000F7FE0023A37270BD5A077FF463AF5BE72C
:1022300096F88C20994263F3020286F88C20C0D174
:10224000B9E796F88C1009230A4661F3061286F85E
:102250008C207EE70022C3E700DE6CE710B592F821
:102260001FE002F11C03BEF1110F13D0BEF1170FD6
:102270000BD0BEF1070F12D0242380F86C310C462E
:1022800001F04AFB0023A37210BD0122BDE81040FB
:10229000FFF738BD0522BDE81040FFF733BD062229
:1022A000BDE81040FFF72EBD13460022FFF72ABD00
:1022B00013460322FFF726BD38B58B7A082B03D8C7
:1022C000062B00D100DE38BD092BFBD105460C469C
:1022D000FFF740FB21462846FFF76CFB284601F03C
:1022E0001BFB0021284602F093FE0023A37238BD99
:1022F00092F81FC01346BCF1160F09D0242310B565
:1023000080F86C310C4603F009F80023A37210BD6D
:1023100001221C33FFF7B2BE13460022FFF7AEBE08
:1023200013460222FFF7AABE00230422FFF7A6BE2F
:102330000023C0E90133C0E903330370704700BFD5
:10234000037801330370704703785BB9C3687BB1CE
:1023500002691AB1816861B10B6082600023C0E933
:1023600003337047013BDBB20370002BEED07047A4
:1023700070474360F1E700BF03783BB100230C30A6
:102380000B60436843B1196041607047002304301B
:102390000B604368002BF6D1C0E90011704700BF05
:1023A00000230B60836813B1196081607047C0E936
:1023B00001117047406870470346406828B199682A
:1023C000026888425A6008BF9A6070474078A0F15E
:1023D0000200B0FA80F04009704700BF4078A0F1D9
:1023E0000D00B0FA80F04009704700BF4078A0F1BE
:1023F0000100B0FA80F04009704700BF4078A0F1BA
:102400000900B0FA80F04009704700BF4078A0F1A1
:102410000600B0FA80F04009704700BF4078A0F194
:102420001800B0FA80F04009704700BF4078A0F172
:102430000300B0FA80F04009704700BF4078A0F177
:102440000800B0FA80F04009704700BF4078A0F162
:102450000500B0FA80F04009704700BFF8B50646A5
:1024600008460D46F9F79CFC044680B100274560FC
:1024700006722C223946C4E90577203012F0B6FBEB
:102480004FF47F43FF22A77363816272A3812046CA
:10249000F8BD00BF4078A0F10200B0FA80F040091A
:1024A000704700BF4078A0F10200B0FA80F0400908
:1024B000704700BF4078A0F10200B0FA80F04009F8
:1024C000704700BF4078A0F10100B0FA80F04009E9
:1024D000704700BF4078A0F10100B0FA80F04009D9
:1024E000704700BF4078A0F10100B0FA80F04009C9
:1024F000704700BF4078A0F10900B0FA80F04009B1
:10250000704700BF4078A0F10900B0FA80F04009A0
:10251000704700BF4078A0F10900B0FA80F0400990
:10252000704700BF4078A0F10600B0FA80F0400983
:10253000704700BF4078A0F11800B0FA80F0400961
:10254000704700BF4078A0F10300B0FA80F0400966
:10255000704700BF4078A0F10300B0FA80F0400956
:10256000704700BF4078A0F10300B0FA80F0400946
:10257000704700BF416809B1F9F726BC00DE416829
:10258000F9F722BC024B1868003818BF01207047C9
:10259000D405002010B50448F9F702FC04460430C5
:1025A000FEF7C4FB204610BDD405002008B501206D
:1025B000FBF762FB003818BF012008BDFBF776BBB4
:1025C000EC30FFF7EDBE00BF38B590F85E31054640
:1025D0000C461BB11C4385F85E4138BDEC30FFF75B
:1025E000AFFE95F85E311C4385F85E4138BD00BFF3
:1025F00090F85E3123EA010180F85E1101B1704765
:10260000EC30FFF7A1BE00BF836943B11A792E2ACF
:1026100004D02E221A71836902691A60704700DEA5
:102620008369F3E783694BB11A792E2A00D070478A
:1026300001221A7181690868FBF70ABB00DE836911
:10264000F2E700BF8B6913B11A792E2A0BD00B7AEF
:10265000072B16D0CB692BB1D0F864211A60CB6957
:10266000C0F86431704701221B68D0F860C1C3F81C
:1026700004C08B691A718B69C0F860310B7A072B23
:10268000E8D14B6A002BE5D001221B68D0F860C16D
:10269000C3F804C04B6A1A714B6AC0F86031D9E7BD
:1026A00070B505460C48F9F77BFB044688B1002657
:1026B000094B057243602C223146C4E9056620307F
:1026C00012F094FA4FF47F43FF22A6736381627283
:1026D000A381204670BD00BFC405002010B50A4B81
:1026E000062258685021F9F737FB084B0122586839
:1026F0005021F9F731FBBDE81040054B04222C2195
:102700005868F9F729BB00BFCC050020C40500209C
:10271000D405002038B50446002501F0D1F8204644
:10272000C4E9405584F80C5102F0DAFDC4F8305188
:10273000C4E9445584F81E51A4F81C51A4F8205152
:10274000C4F83351A4F85051C4F83851C4F83C517E
:10275000C4F84051C4F84451C4F84851C4F84C512D
:10276000FAF7BCFD94F8A630C4E95201C4E9585503
:1027700023F0180384F8A63084F85E51258638BD0E
:1027800008460149F9F720BBD405002010B5B0F880
:102790000A41034682B024B1A1420FD2641AA0F8C4
:1027A0000A41B3F81A0120B1814210D2401AA3F8AD
:1027B0001A0100231846137002B010BD019200F0F8
:1027C00093FF019A034658B1197A0A2903D02223AC
:1027D0006FF07300EFE76FF0730093F82030EAE7D3
:1027E00000DEF1E7034B0B44B3FBF1F3A0F820311B
:1027F000704700BFFF59620210B5044602F078FD31
:102800002046BDE8104001F063B800BF10B5044693
:1028100049B1012900D010BD02F0B4FD2046BDE849
:10282000104001F0ABB802F099FD2046BDE8104021
:1028300001F096B838B5D0F86041054634B120684B
:1028400021464468FBF7F8F9002CF8D10023D5F8AD
:102850006441C5F8603134B1204624680449F9F771
:10286000B3FA002CF8D10023C5F8643138BD00BF9D
:10287000D405002010B5074904460120FFF7EEFDFE
:1028800028B10146204600F0FFFE002010BD0C20BC
:1028900010BD00BFCC05002038B504460D4602200F
:1028A0000849FFF7DBFD58B1014690F8203020467B
:1028B00065F3000381F8203000F0E6FE002038BD0B
:1028C0000C2038BDCC05002010B507490446042073
:1028D000FFF7C4FD28B10146204600F0D5FE0020D8
:1028E00010BD0C2010BD00BFCC050020F8B51C4663
:1028F00090F93730002B25DB05460F46052012499D
:102900001646FFF7ABFD0146E0B13A687B68C1F8B7
:102910002120C1F825303378284681F82930737892
:1029200081F82A3026686568A268E368C1F82B60E0
:10293000C1F82F50C1F83320C1F8373000F0A4FEA1
:102940000020F8BD0C20F8BDCC050020F8B51C46D1
:1029500090F93730002B25DB05460F46062012493B
:102960001646FFF77BFD0146E0B13A687B68C1F887
:102970002120C1F825303378284681F82930737832
:1029800081F82A3026686568A268E368C1F82B6080
:10299000C1F82F50C1F83320C1F8373000F074FE71
:1029A0000020F8BD0C20F8BDCC0500202DE9F04139
:1029B000054688460720104917461C469DF81860B2
:1029C000FFF74CFDA8B10146E30008F0070803F04B
:1029D0003803BF0143EA080307F040073B4343EADB
:1029E000C613284681F8203000F04EFE0020BDE8D6
:1029F000F0810C20BDE8F081CC05002038B50446FC
:102A00000D4600F0FFFF204602F044FD0A20074972
:102A1000FFF724FD38B10146204681F8205000F030
:102A200033FE002038BD0C2038BD00BFCC0500208F
:102A300038B590F93730002B12DB04460D460B20D9
:102A40000849FFF70BFD014650B12B68C0F8223052
:102A50002B79204681F8263000F016FE002038BD84
:102A60000C2038BDCC05002008B590F93730002B7C
:102A700008DB00F039FE20B1037A0B2B14BF0020D5
:102A8000223008BD02F0CEFAF5E700BFF8B5D0F865
:102A900048319B0601D40020F8BD04460D460C20A9
:102AA00008491646FFF7DAFC074648B12946204692
:102AB0003246FEF77DFB3946204600F0E5FDEAE7A9
:102AC0000C20F8BDCC0500202DE9F0410446D0F8DB
:102AD00048011D4683070F469046BDF8186016D47E
:102AE00094F93730002B1DDB23490820FFF7B6FC93
:102AF0000146002934D00B7A082B0ED0092B14D0B4
:102B000000DE204600F0C0FD0020BDE8F0811A493B
:102B10000920FFF7A3FC0146EBE7A1F828804D85CB
:102B20008E85EEE71A20BDE8F081079BCF84A1F8DF
:102B300028804D858E85ABB11B880B87079B5B88F2
:102B40004B87079B9B888B87079BDB88CB87079BE3
:102B50001B89A1F84030079B5B89A1F84230D0E780
:102B60000C20D2E74FF0FF3204484FF6FF73C1E963
:102B70000E02A1F84020F0E7CC0500200000FFFF86
:102B800008B502F04FFA28B1007AA0F10C00B0FAB3
:102B900080F0400908BD00BF10B5044602F042FABB
:102BA00010B1037A092B00D010BD01462046BDE8C4
:102BB000104002F0FDB800BF38B505460C4602F0E3
:102BC00031FA18B1027A0146092A00D038BD81F8DD
:102BD00020402846BDE8384002F0EEB808B502F0C3
:102BE00021FA28B1007AA0F10900B0FA80F040097A
:102BF00008BD00BF38B505460C4600F075FD10B1A4
:102C00004369A3420ED0284602F00CFA10B1436982
:102C1000A34200D038BD224601462846BDE83840D0
:102C200002F026BB01462246284600F013FEEAE7E2
:102C300010B5044600F058FD18B10146204600F0DA
:102C40002DFE204602F0EEF9014620B12046BDE8F7
:102C5000104002F033BB10BD2DE9F041537F144604
:102C600006460D46002B3AD0D37F3C2B24D9304664
:102C700000F03AFD0746304602F0D4F90146002F35
:102C800068D0FA7AE37F002843D09342C07A52D0CA
:102C90003A7B002A4FD1072B65D0112B74D00D2B16
:102CA00040F086800D2802D00B7B002B3BD01F23E9
:102CB00086F86C31BDE8F081474A52F8232022B1F2
:102CC00004F11C00904760B1E37F022BCFD10123B8
:102CD000224629463046BDE8F04102F06FBBFF2393
:102CE000D377304600F000FD30B1E27FC37A9A42DC
:102CF000E0D0037B002BDDD1304602F093F90028B1
:102D000040D0E27FC37A9A42D4D0037B002BD1D14A
:102D1000DEE7934207D03A7B2AB9072B3CD0112B30
:102D20003AD00D2BD3D123462A4639463046BDE84A
:102D3000F04100F04BBD8342B9D00A7B002AB6D1E6
:102D4000072B2FD0112BEED14B7B94F820209A42E9
:102D5000E9D1ACE70028BAD023462A463046BDE880
:102D6000F04102F01BBA94F820307A7B9A4225D0C9
:102D70000728F1D00A7B002AEED14A7B9A42EBD099
:102D8000242395E70346A3E794F820307A7B9A4200
:102D90001FD01128EED1DFE77A7B94F820309A42D9
:102DA00095D1C0E74A7B94F820309A42BBD17EE7A8
:102DB0008342D1D00B7B002BCED1E1E707283FF433
:102DC00076AF0B7B002B7FF472AF4B7B9342AAD183
:102DD0006DE71128F5D16AE704620200002310B5FF
:102DE0008C698B612CB323792E2B20D13AB9012326
:102DF000237121462068BDE81040FAF729BF03235C
:102E00002371838CE3800B7A0C2B06D000DE2146E5
:102E10002068BDE81040FAF71BBF04F11C0101F067
:102E200011F921462068BDE81040FAF711BF00DE15
:102E3000DCE700DED7E700BFF8B500278D690C4658
:102E400006468F61002D37D0012703232B71B38CE9
:102E500005F11C01EB80237A023B102B0DD8DFE833
:102E600003F01A0C090C0C0C0C0C0C0C230C0C0CA5
:102E70000C0C0F00637A0C2B26D000DE2FB1F8BDAE
:102E8000304601F075F9002FF9D129462868BDE8D0
:102E9000F840FAF7DDBE637A072B09D0092BECD195
:102EA000304600F03FFEE9E7304601F0CBF8E5E7B9
:102EB000204600F0EBFDE1E7FFF780FB0546002828
:102EC000C3D100DE0071FFDE304600F0C3FED5E75F
:102ED00070B505460E46FFF75DFB0446002857D047
:102EE000337A211D013B112B0AD8DFE803F0181EAD
:102EF000092409090909092A0931090909090937B0
:102F000000DEE379214673732846FFF759FB337AD5
:102F10000A2B29D02846BDE8704000F049BC08467D
:102F200000F08EFD1323F372EBE7284600F0BCFDA2
:102F30000923F372E5E7084600F07AFE0C23F372EA
:102F4000DFE7304600F064FEFF237461F372D8E7D8
:102F5000284601F04BF81523F372D2E7284601F01A
:102F6000D9F83C23F372CCE740F2E24442F210720B
:102F7000EB8CB5F89A1104FB03F302FB0131013924
:102F8000B1FBF3F12846BDE8704089B200F016BCF1
:102F900000DEA5E72DE9F04107460C46164602F093
:102FA00045F828B103230025A3722846BDE8F08127
:102FB00021463846FFF7E6FA05460028F2D02146BA
:102FC0003846FFF7E7FA8046002856D0237A08F102
:102FD0000400013B112B0AD8DFE803F01E23092A65
:102FE000090909090909092F09090909093800DE30
:102FF00098F80730414663733846FFF7E1FA3846E0
:1030000002F024F80423A372002ECED0384602F03A
:1030100085F90023A372C8E700F01CFDFF23E372CB
:10302000E6E70146384600F05BFDFF23E372DFE789
:1030300000F0FEFDFF23E372DAE70146384600F0B8
:10304000EBFFFF23C4F81480E372D1E797F85E30FA
:103050005B070DD4B7F8603003F0180343B901469D
:10306000384601F06FF8FF23C4F81480E372BFE71D
:1030700011223B2100F062FEF5E700DEA6E700BF6B
:1030800020B50B7A0546013B82B0112B18D8DFE83A
:1030900003F010101A2317171717173017091717EF
:1030A000171717090022284602B0BDE82040FFF795
:1030B00071BF0122284602B0BDE82040FFF76ABF79
:1030C00000DE02B020BD2846019102F027F900235E
:1030D00001998B7202B020BD90F83031002BF2D1F3
:1030E0000122FFF757FF0028EBD0012385F830318C
:1030F000E7E790F93730002BE3DB02238B72E0E740
:1031000038B50B7A0C46013B0546112B0AD8DFE88F
:1031100003F00B190923090909090953093309099E
:103120000909094D00DE38BD4B7A072B1ED0132B41
:103130001CD02423284685F86C3100F0EDFB0023D9
:10314000A37238BD4B7A072B01D0092BF1D194F82B
:103150002030DB070AD505E04B7A0C2BE9D18B69CF
:10316000002B3DD021462846FFF766FE284600F09A
:10317000D3FB0023A37238BD4B7A152B24D0072B29
:10318000D7D1D0F8483123F02003C0F8483100F0FF
:10319000C3FB00232846A372FFF7F2FC0028C2D12C
:1031A0002846BDE838400421FFF722BA4B7A3C2B71
:1031B00011D0072BBDD1D9E700F0AEFB00221623BA
:1031C000A27285F86C3138BDFDF7FAFE90B9284639
:1031D00000F0A2FBDDE7FEF76BF80028C6D0C1E7E0
:1031E000FFF7E4F90028BDD1284600F0E1FA0423F6
:1031F000A37238BD21462846FFF71EFEE7E700BF51
:1032000070B50E7A0C46731E0546112B18D8DFE8F0
:1032100003F01920173417171717174F1709171727
:1032200017171711D0F848319B0603D5FFF7A8FCF4
:10323000002853D0284600F06FFB0023A37270BD16
:1032400000DE70BD00F0ACFA00285DD00123A3724F
:1032500070BD00F0A5FA0028F8D121462846FFF7F6
:1032600091F90028F2D021462846FFF731FE636924
:10327000002B08BF0326A67270BD90F830312BBB1F
:1032800000F08EFA0028E1D121462846FFF77AF9AE
:103290000028DBD021462846FFF71AFE6269012389
:1032A000002A0CBF03220222A27285F8303170BDC1
:1032B000FFF768F90028C9D021462846FFF708FE25
:1032C0001622022384F82020A37270BD0C22002352
:1032D0004A728B61BDE87040FFF712BF284600F0CC
:1032E0005FFA0028B2D121462846FFF74BF90028A3
:1032F000ACD004212846FFF767F921462846FFF79E
:10330000E7FD0323A37270BD21462846FFF73AF973
:1033100000289BD021462846FFF7DAFD6369002B81
:103320000CBF03230223A37270BD00BF8A7A022A56
:1033300006D002D9033A012A00D8704700DE704750
:103340000B7A0A2BF9D1FFF7DBBE00BF38B58B7AB9
:10335000032B05D001D9042B00D138BD00DE38BDC8
:103360000C460546D07F02F11C01831E60723A2B89
:103370001FD8DFE803F01E1E1E1E1E351E311E1E46
:103380002D1F1E1E1E291E1F1E251E1E1E1F1E1E39
:103390001E1E1E1E1E1E1E1E1E1E1E1E1E1E1E1E4D
:1033A0001E1E1E1E1E1E1E1E1E1E1E1E1E1E1E1E3D
:1033B000390000DE21462846BDE83840FFF7A0BEB0
:1033C000284600F07FFEF5E7204600F0C9FCF1E753
:1033D000284600F055FCEDE7284600F0EBFBE9E756
:1033E000204600F04FFBE5E7284600F00BFFE1E741
:1033F00038B58B7A032B05D8012B0AD8BDE83840A5
:10340000FFF7FEBE042B03D10B7A0C46042B01D030
:1034100000DE38BD0546FFF7C9F80028F9D021467F
:103420002846FFF709FD284600F076FA0023A3722C
:1034300038BD00BF38B58B7A012B06D002D9023BCC
:10344000022B00D838BD00DE38BD0C46D37F0546C0
:10345000022B02F11C0163724BD00C3BDAB22F2A13
:103460002CD82F2B2AD8DFE803F041293E2929291F
:1034700023292E292929292B2929292929292929BB
:1034800029292929292929292929292929292929AC
:103490002929292929292929291800F07FFE2846C8
:1034A000FDF706FF0346204684F82030FFF7ACF80E
:1034B00021462846BDE83840FFF7E2BD00DEF7E7C9
:1034C00000F09EFBF4E700F0D5FD04212846FFF74D
:1034D0007BF82846FDF7F2FD0346204684F82030AD
:1034E000FFF792F8E4E700F03BFBE1E700F0C8FBF0
:1034F000DEE7204600F098FB08212846FFF764F835
:10350000D6E700BF70B58D7A032D00D870BD042DAD
:1035100017D10B7A0C460C2B064614D0122BF5D182
:10352000FDF7C6FE214694F8203040EA0302D2B2ED
:103530003046FFF753FC304601F0F0FE0023A37243
:1035400070BD00DE70BDFDF7F1FD94F82030294616
:1035500040EA0305EDB23046FFF74AF82A46214615
:10356000E6E700BF10B58B7A0C4682B0042B1ED85C
:10357000DFE803F01710031210000B7A0A2B14D1A6
:10358000019001F0CBFE002294F820300198A27245
:1035900080F86C3102B010BD02B0BDE81040FFF7FA
:1035A0006FBD01238B7202B010BD00DEE8E700DEC4
:1035B000F0E700BF70B5044606F0EAFD58B1D4F854
:1035C000005135B1D4F804212B68AA42C4F8003167
:1035D00021D0284670BD05460121032006F0A0FD3C
:1035E0002A46064601210320F8F77AFCD4F8005158
:1035F00045B1D4F804212B689542C4F8003108BFC6
:10360000C4F80431002EE4D0012203201146F8F75B
:1036100067FC284670BDC4F80431284670BD00BF61
:10362000F8B506460C4606F0B3FD68B1D6F8005171
:10363000AC421FD1A3690BBB3046FFF7BBFF20464E
:10364000BDE8F840FEF796BF05460121032006F0CD
:1036500067FD07462A4601210320F8F741FCD6F80A
:103660000051002FE4D0012203201146F8F738FC66
:10367000AC42DFD000DEA369002BDDD01B792E2BFE
:10368000DAD100DED8E700BFF8B505460C4606F0F3
:103690007FFD40B100232360D5F80431F3B11C60F5
:1036A000C5F80441F8BD06460121032006F038FDA7
:1036B0000121074632460320F8F712FC2660D5F8B0
:1036C000043173B11C60C5F80441002FEAD0BDE895
:1036D000F840012203201146F8F702BCC5E9404436
:1036E000F8BDC5E94044F0E770B5054606F050FD69
:1036F00018B1D5F80041204670BD044601210320D1
:1037000006F00EFD0646224601210320F8F7E8FBED
:10371000D5F80041002EEED0012203201146F8F723
:10372000DFFB204670BD00BF38B50546FFF7DCFF64
:10373000037A0446013B112B18D8DFE803F009098E
:10374000090919192B1F1F09250917171717170919
:10375000014600222846FFF74BFEA37B03B938BD84
:1037600021462846BDE83840FFF75ABF00DEF4E79F
:10377000014600222846FEF76DF8EEE701460022DA
:10378000284601F0E7FAE8E701460022284601F062
:1037900021FBE2E7014600222846FEF785FDDCE733
:1037A00090F80C01A0F10100B0FA80F040097047D8
:1037B000B0F82031A0F80A31704700BFA0F80A1114
:1037C000704700BF0023A0F80A31704738B50C4697
:1037D00011461A46A369054613B3217A0139112906
:1037E00021D8DFE801F00909090922222C2727093D
:1037F000310920202020200921462846FFF7A6FD78
:10380000A36923B11B792E2B1CBF0023A361A37BCB
:1038100003B938BD21462846BDE83840FFF700BF50
:10382000A2612161D9E700DEEAE721462846FDF7DB
:10383000EDFFE5E72146284601F040FAE0E72146A2
:103840002846FEF70BFDDBE72146284601F0B8FAD3
:10385000D6E700BF70B591F808C00C46BCF1120F56
:10386000054607D801230C4E03FA0CF333420CD063
:10387000FFF75CFD0022A37B626103B970BD2146A6
:103880002846BDE87040FFF7CBBEBCF1070FF1D171
:10389000FEF70EFDEEE700BF0814040038B50B7A02
:1038A0000C46072B054608D0A37B03B938BD21463B
:1038B0002846BDE83840FFF7B3BEFEF7FDFCF3E74E
:1038C0000222002380F80821A0F80A31704700BFC7
:1038D00038B590F808310446032B1BD8DFE803F015
:1038E00002111011FFF700FF034648B11D7A204670
:1038F000FFF71AFF0A2D14BF0123032384F80831B0
:1039000038BDFFF7F1FE0028FAD02046BDE8384068
:10391000FFF70ABF00DE38BD10B590F80831044645
:10392000032B1BD8DFE803F00D020C02FFF7DCFECF
:1039300090B100230122A4F80A31827384F808317F
:1039400010BDFFF7D1FE28B100220123A4F80A21FF
:10395000837310BD00DEF7E700DEEAE700DE10BD8E
:1039600090F80831022B05D000D87047032BFCD00B
:1039700000DE7047002380F80831704738B590F8B2
:1039800008310446032B3AD8DFE803F00926121366
:1039900020462946FEF756FE2846FEF7EBFD204658
:1039A000FFF708FE05460028F2D1022384F808310B
:1039B00038BDFFF7FFFD05460028F6D02946204612
:1039C000FEF740FE2846FEF7D5FD2046FFF7F2FD44
:1039D00005460028F2D1E8E7FFF7ECFD0546002890
:1039E000E3D029462046FEF72DFE2846FEF7C2FD0D
:1039F0002046FFF7DFFD05460028F2D1D5E700DEBF
:103A000038BD00BF38B50546FFF7D4FD68B10446A0
:103A100021462846FEF716FE2046FEF7ABFD284657
:103A2000FFF7C8FD04460028F2D1002428462146AD
:103A3000A5F80A4101F0E8FA85F8084138BD00BF51
:103A4000012112220378417043F003030370C27016
:103A5000704700BF012113220378417043F0030334
:103A60000370C270704700BF4FF0020C07220B7842
:103A700081F801C043F003030B70CA7090F84C301A
:103A80000B7170470B7980F84C3070474FF0020C87
:103A900007220B7881F801C043F003030B70CA7052
:103AA00090F84C300B7170470822092010B50B7844
:103AB000CA7043F003030B7048700C46F9F70EFC14
:103AC0000022606061F30702C1F307200B0C60F372
:103AD0000F2263F317421B0A63F31F62A26010BD3B
:103AE00038B50C460546F9F7F9FB092223786270D0
:103AF00043F00303E2702370D5F84831217263F07C
:103B0000FF031840030C1A0AA3710B0CC0F307251E
:103B10002071E271C1F307201A0A65716072A37205
:103B2000E27238BD09220B784A7043F003030B7030
:103B3000CA70D0E95023100CC2F3072C0A711A0C7A
:103B400081F805C088714FEA102C0B72C3F307206F
:103B5000130A81F807C048728A72CB72704700BF9F
:103B60002DE9F0414FF0405405464868104E430F90
:103B700083EA107303F00103A3FB04348A68064050
:103B800002F0EF0886EA0304F9F7A8FB04400120DD
:103B900008EA010164F0FF02C5E952413240C5F86C
:103BA0004481C5F8402185F83801BDE8F08100BFA7
:103BB0002FCF87F74FF040522DE9F0410546486876
:103BC0000E4E430F83EA107303F00103A3FB02328E
:103BD0008968064001F0EF0786EA0304F9F77EFBE7
:103BE000B846012304400F40C5E95247C5F840617B
:103BF000C5F8448185F83831BDE8F0812FCF87F7CB
:103C00000B7980F850314B7980F85131704700BF03
:103C100002220B784A7043F003030B70CA7090F8CD
:103C200020300B71704700BF0B7980F8203070474F
:103C30004FF0060C40F60C510378054A43F003039D
:103C400080F801C00370A0F80310C0F80520704789
:103C5000F105FFFF4FF0060C0C220B7881F801C034
:103C600043F003030B70CA7090F832310B71B0F857
:103C70003331A1F80530B0F83531A1F8073070477D
:103C8000012380F831310B7980F83231B1F80530F9
:103C9000A0F83331B1F80730A0F83531704700BFD4
:103CA000032210B517240B784C7013430B70CA70A5
:103CB000D0F82530D0F821208B604A6090F8293068
:103CC00001F10E040B7390F82A304B7306F060FA82
:103CD0000C2120B12046BDE8104003F0A5BB2046D2
:103CE000BDE8104003F096BB012106220378417025
:103CF00043F003030370C270704700BF01210A2222
:103D00000378417043F003030370C270704700BF33
:103D100001210B220378417043F003030370C2704A
:103D2000704700BF4FF0020C0D22037880F801C0ED
:103D300043F003030370C2700171704700B54FF088
:103D4000030E4FF0110C037880F801E043EA0E03F4
:103D5000037080F803C0017142715DF804FB00BF7D
:103D60000B7980F84D304B7980F84E30704700BFAA
:103D70004FF0030C16220B7881F801C043EA0C03C4
:103D80000B70CA7090F82030C3F3C2034B7190F8E7
:103D90002030C3F302030B71704700BF0A7990F81B
:103DA000203062F3C5031A4680F820304B7963F364
:103DB000020280F8202070474FF0050C18220B7883
:103DC00081F801C043F003030B70CA70438DCB80B0
:103DD00090F82C300B7190F82D304B71704700BF6C
:103DE0000A7990F8203062F3C5031A4680F8203033
:103DF0004B7963F3020280F8202070474FF0180CD3
:103E00000F220B7881F801C043F003030B70CA70D6
:103E1000C38C8B80038DCB80438D0B81838D4B8135
:103E200090F834300B73C38EA1F80D30038FA1F8D6
:103E30000F30438FA1F81130838FA1F81330C38F57
:103E4000A1F81530B0F84030A1F81730B0F8423082
:103E5000A1F81930704700BF4FF0180C10220B78F2
:103E600081F801C043F003030B70CA70C38C8B80D0
:103E7000038DCB80438D0B81838D4B8190F8343043
:103E80000B73C38EA1F80D30038FA1F80F30438F51
:103E9000A1F81130838FA1F81330C38FA1F815302A
:103EA000B0F84030A1F81730B0F84230A1F819301E
:103EB000704700BF8B88C384CB8803850B894385FB
:103EC0004B8983850B7B80F83430B1F80D30C38685
:103ED000B1F80F300387B1F811304387B1F81330D0
:103EE0008387B1F81530C387B1F81730A0F8403098
:103EF000B1F81930A0F84230704700BF8B88C384F6
:103F0000CB8803850B8943854B8983850B7B80F8A0
:103F10003430B1F80D30C386B1F80F300387B1F8F3
:103F200011304387B1F813308387B1F81530C38758
:103F3000B1F81730A0F84030B1F81930A0F842308D
:103F4000704700BF00B54FF0000C4FF00C0E0B781F
:103F500081F801E043F003030B7081F803C090F88F
:103F600023300B4A0B71036BA2FB03239B0AA1F8BE
:103F70000530438DA1F80930038DA1F80730838DFA
:103F8000A1F80B30838CA1F80D305DF804FB00BF65
:103F90005917B7D140F2E2420B7980F82330B1F8DB
:103FA000053002FB03F30363B1F809304385B1F830
:103FB00007300385B1F80B308385B1F80D30838469
:103FC000704700BF4FF0080C01220B7881F801C048
:103FD00043F003030B70CA70038CA1F80930D0F8CA
:103FE00022304B6090F826300B7270474FF0090C6E
:103FF00014220B7881F801C043F003030B70CA70E0
:10400000C38F8B80838F0B81B0F84230CB80B0F8A8
:1040100040304B81704700BF4FF0090C15220B78E0
:1040200081F801C043F003030B70CA70C38F8B800B
:10403000838F0B81B0F84230CB80B0F840304B8199
:10404000704700BF4FF0090C15220B7881F801C0B2
:1040500043F003030B70CA70B0F84E308B80B0F899
:104060004C300B81B0F85230CB80B0F850304B81DF
:10407000704700BF8A88A2F11B03E02B21D8B1F85A
:1040800008C0ACF11B03E02B1BD870B544F2481EEE
:10409000CC88A4F5A4739BB2734511D800234E8934
:1040A0001946A6F5A475ADB26CF30F0366F30F01C4
:1040B00062F31F4364F31F41754598BFC0E9113196
:1040C00070BD70478A88A2F11B03E02B21D8B1F89C
:1040D00008C0ACF11B03E02B1BD870B544F2481E9E
:1040E000CC88A4F5A4739BB2734511D800234E89E4
:1040F0001946A6F5A475ADB26CF30F0366F30F0174
:1041000062F31F4364F31F41754598BFC0E9113145
:1041100070BD70474FF0080C3B220B7881F801C04E
:1041200043F003030B70CA70B0F85A308B80B0F8BC
:104130005C30CB8090F85E300B72B0F86030A1F844
:10414000093070474FF0060C3C220B7881F801C013
:1041500043F003030B70CA70B0F882308B8090F884
:1041600086308B71B0F88830A1F80730704700BFF7
:104170004FF0060C3C220B7881F801C043F003039A
:104180000B70CA70B0F882308B8090F886308B71DB
:10419000B0F88830A1F80730704700BF002203460E
:1041A000B1F804C0A0F85AC0B1F806C0A0F85CC0CD
:1041B00091F808C00CF0070C80F85EC0B1F809C097
:1041C0000CF01F0CA0F860C0087AD04010F0010F6E
:1041D00002F1010210D08888A3F86200C888A3F811
:1041E0006400087A00F0070083F86600B1F809005F
:1041F00000F01F00A3F86800032A03F10803E3D1CD
:10420000704700BF00220346B1F804C0A0F85AC0AE
:10421000B1F804C0A0F85CC091F806C00CF0070C1F
:1042200080F85EC0B1F807C00CF01F0CA0F860C0A9
:104230008879D04010F0010F02F1010210D0888877
:10424000A3F862008888A3F86400887900F007006A
:1042500083F86600B1F8070000F01F00A3F86800BB
:10426000032A03F10803E3D1704700BFF8B5002328
:10427000CD690C4607461646CB611DB30F2E05F1DE
:10428000040116D0112E0CD02046FFF75BFEEB790F
:10429000294663733846FEF793F9237A092B0CD02D
:1042A000F8BD084694F8202094F82110FFF746FD49
:1042B000EDE72046FFF7A2FDE9E73846BDE8F84004
:1042C000FFF776BAFEF766F905460028D6D100DE7C
:1042D000D4E700BF00228B698A610BB3192293F8DF
:1042E00004C01A71828CDA8091F820201A774AB9BA
:1042F0000A8DBCF12E0FDA834A8D1A848A8D5A8476
:104300000AD07047C28CBCF12E0FDA83028D1A845A
:10431000B0F89A215A84F4D119461868F9F798BC74
:1043200000DEDBE730B5C38C0A8D4C8D93428D8D5A
:1043300085B002D1038DA34214D0012381F822302D
:1043400002950B6BCDE900240C7A91F82320898C1F
:104350000391A4F10801B1FA81F14909FCF70EFDBE
:1043600005B030BDB0F89A315B1B18BF0123E5E7FB
:10437000F8B50023CD690C4607461646CB618DB3D0
:10438000291D112E0AD8DFE806F0200909090909BC
:10439000091C0909090909090909241400DEEB7936
:1043A000294663733846FEF70BF9237A092B14D09C
:1043B000F8BD084694F8202094F82110FFF7BEFCC1
:1043C000EDE72046FFF750FBE9E72046FFF7BAFD8F
:1043D000E5E72046FFF740FDE1E73846BDE8F84055
:1043E00000F034BEFEF7D6F805460028C8D100DE3E
:1043F000C6E700BF2DE9F0411B4E044633680D4669
:104400002BB1834203D00123AB72BDE8F08120467B
:10441000FFF7C6F90028F6D1204600F0FDFD07465B
:104420000028F0D129462046FEF7ACF80028EAD053
:104430002046FCF795FC80460121204600F0E4FD73
:104440000F2229462046A5F8368085F8347034605E
:10445000FFF70CFF94F83730DB0903D141F2020378
:104460006B81D2E700DED0E714290020C38C052B36
:1044700003D9028DB2F5486F01D9002070479342ED
:10448000FBD8438DB3F5FA7FF7D200B540F6764EF0
:10449000B0F82CC0ACF10A0189B2714502D90020F4
:1044A0005DF804FB013313FB02F3B3EB8C0FF6D280
:1044B00090F8340090428CBF00200120F0E700BF4C
:1044C00038B504460D4600F0B1FD20B92946204616
:1044D000FEF758F830B910212046FEF775F8092389
:1044E000AB7238BD04F1EC00FDF764FF0028F2D197
:1044F0002046FCF7ABFF0028EDD029462046FEF70A
:1045000049F8E861FEF752F810B90C23AB7238BDD8
:10451000AB695BBBFEF752F82E2100220123A86194
:1045200001712A6395F8342085F823304AB12B8D28
:10453000E98CB3FBF2F313FB02F39BB2994298BFF1
:104540002B852046FCF70CFC238D294606330344BB
:10455000AB8420460022FFF70BFF4FF60B736B81F5
:104560002046BDE838401021FEF742B800DED1E712
:1045700038B504460D46FFF713F920B92946204601
:10458000FEF700F830B910212046FEF71DF803238E
:10459000AB7238BD04F1EC00FDF70CFF0028F2D13E
:1045A0002046FCF753FF0028EDD029462046FDF7B2
:1045B000F1FFAB69E86143B32E200022012118719D
:1045C0002A6395F8342085F823104AB12B8DE98CA5
:1045D000B3FBF2F313FB02F39BB2994298BF2B8516
:1045E0002046FCF7BDFB238D294606330344AB84EC
:1045F00020460022FFF73AFE4FF606736B812046F5
:10460000BDE838401021FDF7F3BFFDF7CFFF10B92B
:104610000723AB7238BDAB69002BCDD1FDF7CEFFC0
:104620000346A861C8E700BF70B50C460646FFF711
:1046300079FE237A092B1DD094F82250ADB10023C6
:104640002146304684F82030FFF744FE304600F023
:1046500065FE237A092B05D10C4B1A68964204BFDC
:1046600000221A600023A37270BD2046FDF7DAFF16
:10467000A561EBE7304600F0EFFC237A092BDBD194
:1046800094F82030002BDAD1D6E700BF142900209F
:1046900070B506460C4600F0C9FC10B10623A372A3
:1046A00070BD054621463046FDF76CFF0028F5D069
:1046B000112221463046FFF75BFE304600F02EFE09
:1046C000237A092B04D1044B1A68964208BF1D6057
:1046D0000023A37270BD00BF14290020F8B5294A39
:1046E000064613680C468BB183420FD002238B72AF
:1046F00000F09CFC054620B921463046FDF742FFFC
:1047000068BB2046BDE8F840FDF77EBF218DF38CE5
:104710001660994212D00023A569A36185B30323D3
:104720002F792B71B38C204605F11C01EB80FFF72C
:1047300065FB2E2F1FD00423A372F8BD628D338D2D
:104740009A42E8D1A28DB6F89A319A42E3D1204636
:10475000FDF768FF00220523A261A372F8BD4FF4A4
:104760007263214630462384FFF792FF2046FDF70F
:1047700059FFA561F8BD29462868F9F769FADAE713
:1047800000DECCE714290020F0B50C46897A0546F6
:1047900083B00C2900F2C680DFE801F00C18283144
:1047A0003D485CC4616C75B20700002A00F0BF8010
:1047B00003B0F0BD002AFBD1237A082B00F0F18072
:1047C000092B40F0AF800123A372F1E7012AEFD15A
:1047D00020461946FFF76EFB2046FFF747FE38B923
:1047E00040F61E732146284623842EE0012ADFD896
:1047F0002146284603B0BDE8F040FFF76FBF002A0E
:10480000D6D10192FDF7D2FE019A002840F0E58052
:104810000323A372CCE7032A00F08680042AC7D1C1
:104820000F22062384F82120A372C1E7002ABFD1FA
:1048300095F93730002B80F2B08094F8203083B1A6
:104840000F232146284684F8213003B0BDE8F0400C
:10485000FFF71EBF002AABD121462846F5E7002A04
:10486000A6D1284600F0E2FB002800F09D80082336
:10487000A3729DE7002A9BD12146284603B0BDE8DC
:10488000F040FFF71DBE022A92D195F83720C2F3FF
:10489000C011D20900F0978019462046FFF77AFB35
:1048A00040F67A41228D931F9BB28B4200F2A88082
:1048B000638DB3F5FA7F80F0A38040F67646A08D35
:1048C000A0F10A0189B2B14200F29A8003FB0222F0
:1048D000B2EB800F80F094802846FCF741FA47F64F
:1048E000FE72A38C1B1A9BB2934240F2A98028232C
:1048F000284685F86C3100F011FD0023A37257E7BC
:10490000002A7FF455AF2846FCF722FAA38CC01A80
:1049100003043FF54DAF2146284603B0BDE8F04003
:10492000FFF782BE00DE43E70523A37240E7FDF7F1
:104930003DFE00283FF43CAFA369002B40F090807F
:10494000FDF73CFE2E2100220123A06101712263AC
:1049500094F8342084F823304AB1238DE18CB3FBE2
:10496000F2F313FB02F39BB2994298BF23852846CA
:10497000FCF7F6F92B8D214606330344A384284621
:104980000022FFF7F5FC4FF60B73102128466381D8
:1049900003B0BDE8F040FDF72BBE21462846A261DA
:1049A0006CE70A23A37203E721462846FDF7EAFDD8
:1049B00000283FF45CAF102221462846FFF7D8FCC0
:1049C0000A236381F4E6284684F84C1000F02EFB9D
:1049D0000646B8B10D23A372EAE6A669A261002ECD
:1049E0003CD0032337793371AB8C204606F11C0190
:1049F000F380FFF703FA2E2F1DD00423A372D7E60E
:104A00001E2375E721462846FDF7BCFD0028E1D0AE
:104A1000072221462846FFF7ABFC284600F07EFC23
:104A2000237A092B7FF469AF0E4B1A6895427FF405
:104A300064AF1E6061E731463068F9F709F9DCE7D9
:104A40002046FDF7E1FD0B232846A372FCF788F909
:104A5000A38CC31A1A043FF5ABAE5CE700DEC0E7D7
:104A600000DE6DE71429002070B506460C46FEF7FF
:104A700097FE10B10523A37270BD0546214630464E
:104A8000FDF780FD0028F5D02946304600F0BCFA3D
:104A9000112221463046FFF7E9FB3046FEF73CFF86
:104AA000237A092B02D00023A37270BD96F9373008
:104AB000002B06DB064B1A689642F4D100221A60DE
:104AC000F1E73046FEF78AF80028F3D0EBE700BFA5
:104AD0001429002070B515468A7A0C46064682B025
:104AE000072A10D8DFE802F008121B630F363E04D5
:104AF000002D76D002B070BD002DFBD1237A082B9B
:104B00005ED0092B04D000DE02B070BD002DF1D1C3
:104B10002146304602B0BDE87040FFF76BBC032D64
:104B200000F09080042D4ED0012DE3D1194620468F
:104B3000FFF7E4F93046022100F066FA2046FFF75D
:104B400095FC002840F09E8041F21E03214630462D
:104B5000238402E0002DCDD1214602B0BDE8704093
:104B6000FFF782BF002DC5D1FCF7F2F8A38CC01A65
:104B70000304BFD42946304600F046FA21463046A9
:104B8000FFF7D0FB237A092B7ED094F82250002D1A
:104B900040F086802046FDF745FD3046A561FEF7D2
:104BA000BBFE237A092B62D00023A372A2E7002D5B
:104BB000A0D12146304602B0BDE87040FFF7D8BC16
:104BC0002146A561F7E73046022100F01DFA204694
:104BD000D6F8483123F00203C6F84831FDF714FD3A
:104BE000E7E7FDF7E3FC002884D0A06900285FD048
:104BF0002E21002201230171226394F8342084F8CD
:104C000023304AB1238DE18CB3FBF2F313FB02F3A3
:104C10009BB2994298BF23853046FCF7A1F8338DAB
:104C2000214606330344A38430460022FFF71EFBCF
:104C30004FF6067310213046638102B0BDE8704024
:104C4000FDF7D6BC5A791A2ABDD00021019300F095
:104C5000DBF9019B5B7984F8203021463046FFF771
:104C600039FB3046FEF758FE237A092B9CD196F982
:104C70003730002B16DB104B1A68964294D1002275
:104C80001A6091E72046A9E73046FEF79BFD237A9C
:104C9000092B7FF47AAF94F82030002B3FF475AFE6
:104CA0000023D8E73046FDF799FF0028E3D07BE7E3
:104CB000FDF784FCA0619BE71429002070B50C4629
:104CC000D17F054602F11C0311290AD8DFE801F063
:104CD0002609090909090920090909090909090910
:104CE0001A14242380F86C31FEF716FE237A092B60
:104CF0001CD00023A37270BD2146BDE87040032282
:104D0000FFF7E8BE2146BDE870400122FFF7E2BE92
:104D10002146BDE870400422FFF7DCBEA37A032BD6
:104D2000E9D9053B022BE6D900DE70BD95F9373095
:104D3000002B06DB064B1A689542DAD100221A6076
:104D4000D7E72846FDF74AFF0028F3D0D1E700BF98
:104D50001429002013460022FFF7BCBE70B5D57F92
:104D600002F11C03CDB10F2D12D024230E4680F882
:104D70006C31044600F0D2FA337A092B05D1094B85
:104D80001A68944204BF00221A600023B37270BDF7
:104D90000122BDE87040FFF7F7BC0222BDE8704079
:104DA000FFF7F2BC1429002013460022FFF7ECBCE9
:104DB00000230322FFF7E8BC00230422FFF7E4BC32
:104DC000242310B580F86C310C46FEF7A5FD0023B6
:104DD000A37210BD70B58B7A0C46012B05460AD91B
:104DE000022B06D1FBF7B4FF238CC01A030408D5AD
:104DF00070BD00DE70BDFEF7D3FC88B10123A37245
:104E000070BD0021284600F0FFF8284604F1220179
:104E1000FCF7BAF82846FEF77FFD0023A37270BDA9
:104E2000284600F0F9F80028E8D121462846FDF789
:104E3000A9FB0028E2D00121284600F0E5F8284629
:104E4000FBF78EFF2B8D214606330344238428462F
:104E5000FDF7A0FB064660B12046311DFFF7B2F812
:104E6000F379314663732846FDF7AAFB0223A37248
:104E700070BD00DEF0E700BF0346D3F810210846FE
:104E80008A420DD18A69A2B90A46D3F814C11168C1
:104E90006245C3F8101108BFC3F81411FDF76ABBCF
:104EA00000DE8A692AB9D3F81021002AEDD1FDF776
:104EB00061BB12792E2AF6D100DEF4E738B5D0F8BE
:104EC00010510446297A12291FD80123104A8B4019
:104ED0001A400CD000222946FEF744FBAB7B2BB1D5
:104EE00029462046BDE83840FFF7C6BF38BD13F459
:104EF000407306D1072908D11A462946FDF70CFA56
:104F0000ECE72946FFF750FFE8E700DEE6E700BFE1
:104F10001E14040070B5D0F8105104461DB394F867
:104F20001C31012B03D1022384F8183170BD2946AE
:104F30002046FDF727FB0028F5D029462046FDF73F
:104F400029FB064688B12846311DFEF78DFDF37911
:104F500031466B732046FDF733FB01220023AA7311
:104F600084F8183170BD00DED9E700DEEBE700BF42
:104F7000F8B5D0F810510446A5B394F81C31012BB4
:104F800003D1012384F81831F8BD29462046FDF7E6
:104F9000F9FA0028F5D029462046FDF7FBFA064627
:104FA00080B32046FEF7A0FB2A7A037A371D93428E
:104FB0001AD0082B1AD02A2194F838311BB1D4F812
:104FC00048315B0717D43846FEF7ACFEF37931461B
:104FD0006B732046FDF7F4FA01220023AA7384F8CC
:104FE0001831F8BD00DEC8E72321E5E7092A0CBF28
:104FF00023212A21E0E70A46384694F81F11FEF7DC
:105000009DFEE3E700DECCE780F81E11704700BF8D
:10501000704700BF0020704790F81D01003818BF8E
:1050200001207047D0F81001704700BF90F81C01B4
:10503000A0F10100B0FA80F040097047012380F828
:105040001C317047002380F81C317047B0F82031C4
:10505000A0F81A31704700BF0023A0F81A3170473A
:1050600038B5D0F81041F4B1D0F814212368944237
:105070000546C0F8103108BFC0F814319CB1214674
:105080002846FDF7DFFA2046FDF774FAD5F81041FF
:105090004CB1D5F8142123689442C5F81031EED1F3
:1050A000C5F81431EBE738BD70B505460C4639B18B
:1050B000042900D070BDFFF7D3FF85F8184170BDFB
:1050C000D0F81061002EF5D0337A122B11D84FF0A2
:1050D000010C31490CFA03F0014061B910F4386F4A
:1050E00007D00A2B13D0CBB195F81E31F3B9644623
:1050F00004E000DE337A0A2B09D07BB1284685F81C
:105100001D41FFF7DBFE032385F8183170BD2846EB
:10511000FFF7D4FE052385F8183170BDD37F2846EC
:1051200086F84C30BDE87040FFF7F4BE95F93710B3
:10513000002910DB012B20D0022BBBD12846FEF723
:10514000D3FA327A037A934221D0082B1DD02A2336
:1051500085F86C3170BD012BEED12846FEF7C4FAFC
:1051600008B1FF23C3720123284685F81D31FFF7DC
:10517000A5FE032385F8183170BDD37F284685F836
:105180001F31BDE87040FFF7F3BE092ADFD12323AA
:1051900085F86C3170BD00BF7FF4070038B50C4650
:1051A0008969054610461A46237A09B3122B4DD851
:1051B000DFE803F0100A0A0A0A4C4C554F4F0A4C1C
:1051C0000A4C4C4C4C4C0A0021462846FEF732F95A
:1051D000A16921B10B792E2B1CBF0023A361A37BF6
:1051E0002BB121462846BDE83840FFF745BE38BD03
:1051F000A2612061122B29D801A151F823F000BF30
:105200006B520100C9510100C9510100C95101008F
:10521000C95101004D5201004D5201005F52010081
:105220005352010053520100C95101004D52010077
:10523000C95101004D5201004D5201004D52010073
:105240004D5201004D520100C951010000DEA1691B
:10525000BFE721462846FFF781FDA169B9E721464E
:105260002846FDF745F8A169B3E71146B1E700BF4D
:1052700038B591F808C00C46BCF10C0F0546134632
:105280000CD0BCF1120F09D0BCF1070F0BD1FDF708
:1052900047F80022A37B626153B938BD1A46214604
:1052A0002846FEF72FF90022A37B6261002BF4D081
:1052B00021462846BDE83840FFF7DEBD38B50B7AF9
:1052C0000C46072B054608D0A37B2BB12146284668
:1052D000BDE83840FFF7D0BD38BDFDF725F8F3E74E
:1052E0000422002380F81821A0F81A31704700BF6B
:1052F00090F81831052B0ED8DFE803F006090703F4
:105300000603D0F8103123B97047FFF703BEFFF74B
:105310002FBEFFF7D3BD00DEF6E700BF90F81831CF
:10532000052B04D8DFE803F004151305040500DE9F
:1053300070470023D0F8102180F81D315AB10023A6
:105340000121A0F81A31917380F818317047FFF7E6
:10535000E1BDFFF70DBE00DEF1E700BF90F81831A8
:10536000052B04D8DFE803F004090B04050400DE74
:105370007047002380F818317047FFF7F9BDFFF739
:10538000C9BD00BF90F8183110B50446052B12D8DE
:10539000DFE803F0030D09030803FFF761FE0423B0
:1053A00084F8183110BDBDE81040FFF7B3BDBDE86B
:1053B0001040FFF7DDBD00DE10BD00BFF0B50446B4
:1053C0000E46154683B06BB1D27F3C2A36D80123F6
:1053D00090F837102E4FC9098B4007EB42014978EE
:1053E0000B4040D11846FDF75BF9074620B3002378
:1053F0000360D4F814311BB31860C4F8140194F896
:105400001831052B42D8DFE803F01E2703060606F5
:105410002046FFF77FFDBB7B1BB139462046FFF7D7
:105420002BFDD4F8101139B12B463246204603B07B
:10543000BDE8F040FFF7B2BE03B0F0BD0023D1E7F6
:10544000C4E94400DBE72A4600212046FFF72CFE92
:10545000BB7B002BE5D0E0E72046FFF789FDBB7B57
:10546000002BDED0D9E717F812300A2BBAD10193FE
:10547000FFF7F6FD00222046A4F81A2184F81D212A
:1054800084F81821FEF7BEFA019BABE700DEC2E705
:10549000F862020010B50446FFF7E2FD0023A4F80D
:1054A0001A3184F81D3184F8183110BD704700BFDF
:1054B00000B9704700DE70474FF6FF712DE9F843E1
:1054C000099C9DF82090A58C8D4235D0064601465A
:1054D000204690461F46FBF7D3F868BB237801337C
:1054E000DBB2237063B3B4F868217B1C1344A4F8C7
:1054F00068310220FBF7E2F802212046FBF71AFB95
:105500000022104D04F11001AB7AE96069F3000349
:10551000AB720D4B11460120C5E900682F819D60DB
:10552000F6F712FD50B9FF20FBF7C8F82046BDE89A
:10553000F843FF21FBF7FEBABDE8F88300DEF2E78F
:1055400000DED0E7D0160020DC0500202DE9F04F6A
:10555000044697B0BDF8885000201646CDE90E41AC
:105560009DF88480BDF88CA0BDF890B010950D9387
:10557000FAF75AFC002800F08F8108F00109044670
:105580004846F7F7E5FEB9F1000F61D1636904F110
:1055900010021192002B62D067693D6897F87C0079
:1055A000C0F3C00100F0070002F012F8B7F8423073
:1055B000B7F8402000F23F101A44FB89034413441B
:1055C0006B60304601F0D2F9FF2384F83A3094F84A
:1055D000393023F0020384F839306EB3A8F10203A6
:1055E000012B40F25D81DDE90E2394F84C100D9DF6
:1055F00068F3420184F84C1094F8391004F110005B
:1056000065F3000184F8391020990968A161209997
:105610008988A4F824B0A18300210096FAF71CFB26
:10562000A06402F07FF9002840F045812046EBF7A6
:1056300093FB17B0BDE8F08F01F094FC0028CDD0AB
:10564000324620990D9801F06DFA84F83A00C5E7CA
:105650000621F6F7E5FB002898D11220E9E7F8F7D4
:10566000DFFA1190002800F04581FAF733FD054676
:10567000002800F03C81143005F11007F6F798FD82
:10568000002840F03E81032105F1180001F0C2FE20
:10569000109BD5F8A000EB844FF6FF73A5F828A067
:1056A000AB84002800F0288105F1940205F19001F7
:1056B000F6F7C2FB01214FF0000AB5F88C302846FE
:1056C00023F4EF6323F0070343F48C730B43A5F833
:1056D0008C3095F8A630C5F8A0A023F0070385F814
:1056E000A630A5F8A4A0FBF775FD2846FBF782FEBF
:1056F000A5F82AA0C5F82EA005F1320000F0FCFBA9
:1057000095F83730012160F3050385F837300DF146
:10571000570001F07FFE9DF857C07E4B95F836E0AC
:10572000A3FB0C13DB0803EB4303ACEB830C95F8F2
:105730003730CDF84CE095F814E06AF3861385F81D
:105740003730754A6B69CDF848E00CF1050CDDF88F
:105750004CE05FFA8CFC1360E97D6B7DAA7D85F8D7
:1057600038C085F839A0CDF828E095F835E06B48C9
:10577000CDF824E095F834E0CDF820E095F833E05A
:10578000CDF81CE095F832E0CDF818E095F837E058
:10579000CDF810C00EF03F0ECDF814E095F818C00B
:1057A000DFF87CE1CDF80CC095F819C0CDF808C041
:1057B000DEF800C00CF1010CCEF800C095F81AC05C
:1057C000DDF848E0CDF804C0CDF800E00AF038F884
:1057D00040F2E241109B534A01FB03F31A44B2FB2F
:1057E000F3F219460623A5F8983195F83730288D3D
:1057F0006AF3C71385F8373095F83A3000F1060C94
:1058000023F0070385F83A3093B26345A5F868A101
:10581000A5F89CA1A5F89AB1A5F896A1A5F892A122
:10582000A5F8943102DD063B1B1A9BB24FF0000A2B
:10583000A5F8903128461091FCF76CFF1099284686
:10584000FCF7D0FF119B85F86CA1C5F87031FAF711
:10585000AFFE95F8A43160F3020385F8A431FAF79E
:10586000ADFE95F8A43160F3C50385F8A43195F831
:105870006A3105F1EC006AF3410385F86A31FCF7FF
:1058800057FD4FF09613C5E907336761C5E902AAD2
:1058900085F800A02D6181E60C2017B0BDE8F08FDF
:1058A000002001F07DF894F83930C84643F0020337
:1058B00084F8393097E66569D5F890303BBB05F13F
:1058C000840105F18000F6F7BBFAF0B12E68C5F847
:1058D0009000D6F87001B0B1F8F7A8F93046FAF7A1
:1058E000FFFB00230320636117B0BDE8F08F119820
:1058F000F8F79CF907209CE605F19800C5F8A00090
:10590000D2E600DEBFE600DEE6E700DEDEE700DE30
:10591000D5E700BFABAAAAAAA82D00209860020074
:10592000AC2D00207FC3C9012DE9F04106460020BF
:10593000FAF76EFA50B3436904463BB393F82A2052
:1059400042F0020283F82A204769FFB10146002095
:10595000FAF7A2F90546B0B93F68D7F8700107F524
:10596000B878B8B1F8F762F91723022287F87431D2
:105970004FF6FF731034C7F8784187F88C21A7F8E9
:105980007631C6F800802846BDE8F0810C2528460F
:10599000BDE8F08100DEE5E770B50C4615461E4611
:1059A000FAF7B8FBB8B190F8A6C01CF0180C04D0F8
:1059B000BCF1180F08D00C2070BD33462A46214692
:1059C000BDE87040FCF792BF33462A462146BDE849
:1059D0007040FCF7BBBF022070BD00BF10B582B0A5
:1059E00001A8FFF7A1FF044610B1204602B010BD88
:1059F000FAF70EFA50B1002290F84C30426123F0D1
:105A0000010380F84C30204602B010BD00DEF2E702
:105A100038B583681D686C69C4B100236B61D4F824
:105A20009030D3B904F1840104F18000F6F708FA4C
:105A30000346E0B1C4F890302068FAF751FB95F8BE
:105A40004C3023F0010385F84C3038BD00DE0023D4
:105A50006B61D4F89030002BE4D000DE04F18401B7
:105A600004F18000F6F7ECF903460028E2D100DEED
:105A7000E0E700BF2DE9F0470446238D077F8CB097
:105A8000406AADF82C30E30715460E46C7F3C01246
:105A90000DF128080A90C7F3401700F1C1800023D8
:105AA000A383B37C707C13F0010317BFD4F81E30BE
:105AB000C4F82B30C4F82B30638CFF28A4F82F30A7
:105AC00000F0948004F11F0204F11E0100F07EFC3E
:105AD000B8F804300A98A4F82930A37FC4F8250048
:105AE0000233A3773368D3F80090EB8A63862B8B5D
:105AF000A386B9F82430E38601F05AFF84F8380011
:105B0000D5F800804046FAF7F1FA03460021AB824F
:105B10004046E380FCF77AFE214620687468F8F777
:105B20008BF81C22AB8AD4F800A02271E380002FEE
:105B30006AD1214650462777F8F78AF840F2E243C7
:105B400095F87C00EF8AC0F3C00100F0070003FB6A
:105B500007F7F56801F03CFD002202212D1A012013
:105B6000F6F7BEF94846FAF739F9CDF80490B3686C
:105B70002E49821CA3F28573009100200121D2B22C
:105B80002B44F7F71BFB10F0FD0F4DD10024012231
:105B90002346114620460094F7F7D8FA4046FAF714
:105BA000A5FA40F2853322490993CDF81C80B368E9
:105BB00008912049C21C0691D8F80410204605918E
:105BC000CDE903440121A3F28573D2B20297019477
:105BD0000095F7F70BFA10F0FD0F23D101220221F7
:105BE00010460CB0BDE8F047F6F77AB90021B8F8D6
:105BF00004C00A98C4F82510A4F82910A277C4F8A4
:105C00001F00A4F823C06DE795F82730281D43F046
:105C1000400385F8273000F0BDF90127288588E783
:105C200000DE3CE700DED9E700DEAFE7AD5401005F
:105C3000B1540100B954010010B5002082B0FAF748
:105C400069FA60B190F937300446002B07DB6846EB
:105C500000F052F969462046FCF7EAFE00B9002040
:105C600002B010BD08607047A0F10300B0FA80F0E8
:105C7000400970472DE9F04F002593B00D930B1D9F
:105C8000FF270C932B46CDE90F550A954FF0020ADA
:105C9000044616463D46984699460DF13C0B8DF854
:105CA0003B700993002011AB0693524B214605939C
:105CB000514B0DF13B02039310ABCDE900B30490BF
:105CC00033460290CDF844A0F7F7B2FA02283ED04E
:105CD000119A002A48D1FF2D0CD03268424509D0D4
:105CE000002F76D04FF0FF33013FFF25FFB28DF834
:105CF0003B30D7E79DF83B20FF2A4DD0032AD1D176
:105D00000020FAF7FBF90028CCD090F93720002AC0
:105D100036DA43680B939DF83B20032A26D0FF2DEB
:105D2000DDF83C8008D040460999F7F7D5FA0C9B7E
:105D300003EB0902904231D8109BCDF82480DDF8A6
:105D40002C90D6F800809DF83B500A93AAE7119A50
:105D5000022ABDD121460020F7F7AAFA119B022B97
:105D6000F8D0119A002AB6D000DEB4E70020FAF786
:105D7000C5F90028D3D090F93720002ACFDA91E76F
:105D800090F88C00C0F3C00100F0070001F020FC87
:105D900000F2B5530B93BEE7FF2D1CD0B9F1000FF5
:105DA00001D009F102090A9B144AA3F57423A3F553
:105DB0001073934214D800200A99114A099BA2FB40
:105DC00001124B4403EB92430D9A136013B0BDE8EC
:105DD000F08F00DE86E76FF0090013B0BDE8F08FAA
:105DE0000A9B099A03F57423013A03F5107309928B
:105DF0000A93E0E7655C0100695C0100BFBDF07FCC
:105E000083DE1B432DE9F041C46826496368D0E96D
:105E100000761A68A6F57423A3F510738B42054625
:105E200082B004D906F57426013F06F51076636842
:105E30005168B3F81680022004F1100301AA0197FB
:105E4000FFF718FF40BB0198C31B002B1DDB394631
:105E5000F7F742FA23690344002B236109DB40F280
:105E6000E24202FB08F29A4217D29B1A9A42FCD3F2
:105E700023610D492A68A1FB0616D21BA2EB9642AC
:105E80001344236102B0BDE8F08101463846F7F7BC
:105E900023FA23691B1ADFE72369002BE9D102B03B
:105EA000BDE8F081BFBDF07F83DE1B4308B503462C
:105EB000074A0068052110601B7910461371F6F738
:105EC00061F9044B1870FFF7B7FE002008BD00BF52
:105ED000002C0020F13A002010B41F204FF0FF34B6
:105EE0002521034B034A1C601871117010BC7047C8
:105EF000002C0020F13A00200346044A04491068AF
:105F00001860127908781A71704700BF002C0020C1
:105F1000F13A002010B5864602FB011102781C4CB4
:105F2000114484FB01020A44521102EBC20002EB4D
:105F300080028A1AD0B28EF80000C108595C02F0C3
:105F4000070241FA02F212F001029DF808C01DD1C9
:105F5000B0FBFCF10CFB110110465C1EC9B204330E
:105F600000F1080E14F8012F5FFA8EFE12F0010FF7
:105F700000F1010C4FEA520202D039B10139C9B225
:105F80005FFA8CF08645F1D19C42E9D110BD00BF8B
:105F9000A7C867DD42880088504070474FF0030C67
:105FA000F0B52F4D2F4C4840060A5FFA80FE0EEBED
:105FB0008E2E06EB862004EA401705EA400605EA25
:105FC0004E0004EA4E1E3E4340EA0E0000EB00275E
:105FD00006EB062E06EB0E2600EB0720C6F307465F
:105FE000C0F3074040EA062000EB00100CF1FF3C34
:105FF00008441CF0FF0C80B2D6D141401A48A0FBE7
:1060000001400C1A00EB5400400900EBC00400EB07
:106010008400081AC0F3C404145D00F007052C4185
:10602000E407C0B21AD4604601FB03F3561EC3F363
:106030000743043200F1080516F8011FEDB211F014
:10604000010F00F101044FEA510102D033B1013BCD
:10605000DBB2E0B2A842F2D19642EBD1F0BD00BF74
:1060600010210200408408004D91CFBA1B491C4802
:106070002DE9F04300230126451EA1F1020C06E0A4
:106080000133082B01F1060100F1280024D003EBB5
:10609000830215F83220D407F2D59CF800409CF812
:1060A00001E0C2F380120768B0F8048006FA03F931
:1060B0009A40013344EA09044EEA0202082BA1F88F
:1060C00004808CF800408CF8012001F1060141F8B1
:1060D000067C00F12800DAD1BDE8F0830E2C002008
:1060E000191700202DE9F047002301271E481F4AF9
:1060F000DFF87C80DFF87C90951EA0F1020C15F88B
:10610000331007FA03F6C90724D598F8001059B1DF
:1061100012F8011C072901EB810405D819F8341085
:106120004C0701D5C90615D515F833109CF801E0C8
:10613000C1F340019CF8004099404EEA010ED2F8AC
:1061400000A0918834438CF800408CF801E08180F5
:10615000C0F800A00133082B00F1060002F108028C
:10616000CDD1BDE8F08700BF3A2D0020FA2C0020E9
:10617000F33A00201817002008207047002038B597
:10618000F9F778FE10F0010019D10E4C0E4D621E89
:1061900014F83030072B07D803EB830315F83310BE
:1061A00021F0200105F8331012F8303023F00103FC
:1061B00002F8303001300828EAD1002038BD0C2028
:1061C00038BD00BFF92C0020181700202DE9F04F32
:1061D000804683B00020F9F74DFE10F0010540F035
:1061E000978098F80030FF2B26D0504E4FF0FF09D3
:1061F0002C4608F1010BB71E03F0010A09E0B9F1C2
:10620000FF0F04F101021BD00134082C06F108062F
:1062100038D017F83420D207F1D517F83420C2F35C
:1062200040025245F0D106225946304601930EF005
:10623000E5FC019B0028E7D1002003B0BDE8F08F0A
:10624000072C5FFA84F904F102046BD017F83210BE
:10625000C8070ED4082C06F1100613D017F8342006
:10626000D107D1D517F83420C2F340025245CBD123
:10627000D9E7144617F834200836C2F340025245D5
:10628000C2D1D0E7B9F1070F48D817F839204FEA43
:10629000C90A63F3410207F83920D8F801200AF14E
:1062A0000203FA50BBF804203B449A8098F800306F
:1062B0001F4E03F0010306F1FF3804E00135082DFD
:1062C00006F1280628D005EB850418F83420E400F0
:1062D000C2F38011D207F1D59942EFD10622594677
:1062E000304601930EF08AFC019B0028E6D118F895
:1062F0000430EDB243F0200308F8043017F83930C9
:10630000BA4443F001038AF8015007F8393093E7A3
:106310000C2003B0BDE8F08FFF25EFE7072003B0A6
:10632000BDE8F08F4FF00709AFE700BFFA2C00205F
:10633000191700202DE9F04106460020F9F79AFDD3
:1063400010F0010431D13778FF2F2BD01D4D06F10D
:10635000010807F00107AE1E04E00134082C05F126
:1063600008051CD016F83430C3F34002DB07F4D51F
:10637000BA42F2D10622414628460EF03FFC0028E0
:10638000EBD106EBC4035B78072B11D916F8343038
:10639000002023F0010306F83430BDE8F08102202C
:1063A000BDE8F0812046BDE8F0810C20BDE8F08119
:1063B000054A03EB830312F8331060F3451102F82A
:1063C0003310E3E7FA2C002018170020072800B547
:1063D0001AD80F4B00EB800E13F83EE04FEA800C0A
:1063E0001EF0010F12D084444FEACC0013F83CC0D9
:1063F0000130CCF3801C81F800C0195803441160AF
:106400009B8893805DF804FB00DEE2E700DEEAE7AC
:106410001817002008207047002010B5F9F710FD6C
:10642000012835D84FF0000C1A4B1B4C197893F803
:10643000282021F0010122F00102197083F82820A0
:1064400093F8501093F8782021F0010122F0010216
:1064500083F8501083F8782093F8A01093F8C820A0
:1064600021F0010122F0010283F8A01083F8C82076
:1064700093F8F01093F8182121F0010122F00102A5
:1064800083F8F01083F8182184F800C0604610BD2E
:106490000C2010BD18170020F23A00202DE9F04F13
:1064A000834683B00020F9F7CBFC01285DD8DC4699
:1064B0001CF8012BDFF82C8102F00103CDF804B0A9
:1064C000002467469B4608F1FF39009204E001343E
:1064D000082C08F1280844D004EB840519F835602D
:1064E0004FEA840AF007C6F3801209EBC505EED522
:1064F0005A45ECD10622394640460EF07FFB002873
:10650000E5D17307BC46009A0746DDF804B030D4E5
:10651000354DE34602F00108AE1E04E00137082FB6
:1065200005F1080512D016F83730D907C3F3400239
:10653000F4D54245F2D10622594628460EF05EFBBC
:106540000028EBD1FF2306EBC706737000205444EC
:1065500019F8343023F0010309F8343003B0BDE8F2
:10656000F08F022003B0BDE8F08F0C2003B0BDE82F
:10657000F08FDFF878E09EF800305E1E023B062BBD
:10658000F6B203D8E97DB142009102D18EF80060E5
:10659000BEE7174B3D4603EB0112904603EB061393
:1065A0000FCB88E80F00DFF84C8005EB850309EB83
:1065B000C30219F83330D90705D5580703D598F821
:1065C0001730B34207D00135082D08F12808ECD167
:1065D0009BF80020DAE70099074BD1759BF8002063
:1065E0005D54D3E719170020FA2C0020F23A00205E
:1065F000782C002018170020702C00202DE9F8437B
:106600001D465B7903F0C003402B01D0BDE8F88341
:106610000E46F9B1DFF86090002400F0010809F19E
:10662000FF3704E00134082C09F12809EED004EB0F
:10663000840317F83330D907C3F38012F2D54245EB
:10664000F0D10622314648460EF0D8FA0028E9D1AA
:10665000E2B202E0072AD9D8084F02EB820217F80B
:106660003230D200DB07D1D528681832B850AB8859
:106670003A449380CAE700BF19170020181700207A
:106680002DE9F84F82461B4E1AF8019B00240F4655
:1066900006F1FF3809F0010904E00134082C06F185
:1066A00028061AD004EB840218F83230D500C3F360
:1066B0008012DB07F1D54A45EFD10622514630461C
:1066C0000EF09CFA83460028E7D1183508EB050444
:1066D00006212046F5F7A4FB20B94FF0020B5846DF
:1066E000BDE8F88F58F805003860A3885846BB808D
:1066F000BDE8F88F191700202DE9F0478246164EA5
:106700001AF8019B00248846771E09F0010904E06D
:106710000134082C06F128061BD004EB840217F87C
:10672000323007EBC205C3F38012DB07F0D54A45D0
:10673000EED10622514630460EF060FA0028E7D12D
:106740006B6A1A68C8F800209B88A8F80430BDE876
:10675000F0870220BDE8F0871917002010B5044625
:106760000020F9F76DFB012808D81CB1012C01D0DD
:10677000122010BD024B00201C7010BD0C2010BD5B
:10678000F33A00204FF47A7202FB00F0014B1860DC
:10679000704700BF082C00202DE9F04782460020FA
:1067A0008846F9F74DFB01282ED81D4E1AF8019B9B
:1067B0000024771E09F0010904E00134082C06F1D9
:1067C00028061ED004EB840217F83230D500C3F33C
:1067D0008012DB07F1D54A45EFD1062251463046FB
:1067E0000EF00CFA0028E8D1B8F1000F12D0B8F181
:1067F000010F0CD17B5D43F010037B550020BDE8F9
:10680000F0870220BDE8F0870C20BDE8F087122059
:10681000BDE8F0877B5D68F304137B55EEE700BFAE
:106820001917002000232DE9F04F334C334904F1B0
:10683000FF3C14F83320072A07D802EB820211F834
:1068400032E02EF0200E01F832E01CF8332022F066
:1068500001020CF833200133082BEAD1002391F810
:10686000F040274D63F300042B7081F8F0404FF0A7
:10687000FF354FF0FF3491F8182191F800A063F331
:10688000000291F8289091F8508091F8787091F872
:10689000A0E091F8C8C081F818211A4A63F3000AF1
:1068A00063F3000963F3000863F3000763F3000E6A
:1068B00063F3000C144EDFF854B01370144BC6F899
:1068C00000B0C3E9004581F800A081F8289081F864
:1068D000508081F8787081F8A0E081F8C8C028B1B4
:1068E000BDE8F04F0B490C480CF093BD0A48BDE8D9
:1068F000F04F0CF09CBD00BFF92C002018170020B1
:10690000F33A0020F23A0020082C0020A0BB0D0032
:1069100010170020E96A0100E016002008B90248BB
:1069200070470248704700BF0C2C0020382D002013
:10693000A8B147F6122240F2E730002110B5094B0A
:106940001B68E3FB02014FF47A720023E9F798FD1C
:10695000BDE8104002460B46034806F03BB802482B
:106960000CF065BD082C0020E0160020002208B5C0
:10697000084B1A80C30706D40021074B074A1B782F
:1069800011801BB908BDFFF7ADFBF5E7BDE8084076
:10699000FFF76CBB382D0020F33A00200C2C0020B0
:1069A0002DE9F04F044687B00CF000FF45014B0184
:1069B0002D1A43EAD06363EB0103AA009B00101871
:1069C00043EA957341EB0301C90041EA507147F670
:1069D00012220023C000E9F753FD80460191C4B99B
:1069E0003C4A0846D2E90012B2F1FF3F08BFB1F1BC
:1069F000FF3F0ED0B8EB0103374960EB0202096894
:106A00008B4272F10002ACBF4FF0010B4FF0000B54
:106A100001E04FF0010B0024304EDFF8C4A0F71F57
:106A200004EB840317F83330A500D80715D5BBF164
:106A3000000F01D1990710D42B1917F833305A07DA
:106A40002ED42B1917F833301B0718D4254417F808
:106A5000353043F0020307F835300134082C0AF1D1
:106A6000060A06F12806DBD1BBF1000F04D0194B52
:106A7000019AC3F800805A6007B0BDE8F08F0DF1AD
:106A800008094946304609F08DFD00BBB9F80430CD
:106A90000298AAF80430C6F81DA0CAF80000D5E78D
:106AA000337C104A0DF1170002EB03120DF10703BE
:106AB00012F8011903F8011F8342F9D106F11701F9
:106AC00002A809F06FFD0028BBD000DEB9E700DEA8
:106AD000DCE700BF10170020082C00201F17002043
:106AE000402C0020872C002010B50120FFF758FF14
:106AF00047F6122240F2E7300021084B1B68E3FB07
:106B000002014FF47A720023E9F7BAFCBDE81040A5
:106B100002460B46024805F05DBF00BF082C00206E
:106B2000E01600202DE9F047894617460AB1FF23F9
:106B300013700024254D00F0010A6E1E04EB84033F
:106B400016F833205FFA84F8D2074FEA840313D48F
:106B5000CFB13A78FF2A04F1010426D0082C04EBC7
:106B6000840105F128055FFA84F84FEA84030FD009
:106B700016F83110C907EDD5234416F83330C3F3A6
:106B80008013534509D00134082C05F12805D5D1CF
:106B90004FF0FF084046BDE8F087062249462846E8
:106BA0000EF02CF80028EED1F4E7082C87F80080CE
:106BB00005F128055FFA84F8EAD004EB840316F89F
:106BC0003320A300D007D7D4C3E700BF1917002094
:106BD0002DE9F04F054685B000200C469046F9F7A8
:106BE0002FF9012800F28D802F4617F8010B0DF1C7
:106BF0000F023946FFF796FF072840F296809DF86E
:106C00000F90B9F1070F00F2AC8009EB8903574EE2
:106C10004FEAC30BD5F801100BF10102B150B9884E
:106C200032449180297816F80B2006EB0B0361F3B0
:106C3000861220461021019306F80B20F5F7F0F894
:106C400016F80B20102160F38202404606F80B2054
:106C5000F5F7E6F816F80B2000F0010060F3C30228
:106C600053074FEA890A06F80B2016D5404B4149D5
:106C70001A7806EB0B0C01F802903F498CF81720AC
:106C800001EB021101321A7004F10F02013C12F8FB
:106C900001C9A24201F801CFF9D1002849D100244D
:106CA0000BF11803F218F45094800AEB090216F85D
:106CB000323023F0120306F8323095F800B02F4D31
:106CC0000BF0010BA5F1020804E00134082C05F1DA
:106CD00008051AD018F83430C3F3400213F001034A
:106CE000F3D05A45F1D106223946284601930DF0DA
:106CF00085FF019B0028E8D108EBC40888F80190C3
:106D000004E00C2005B0BDE8F08F00230020CA4449
:106D100016F83A205B0122F0210243F001031343ED
:106D200006F83A3005B0BDE8F08F122005B0BDE896
:106D3000F08F0021D8F800E0D8F804C0D8F8084057
:106D4000D8F80C000BF1070246F802E03244C2F812
:106D500004C09460D0600AEB090206EBC2025162E3
:106D60009DE7072005B0BDE8F08F00BF1817002091
:106D7000F23A0020702C0020772C0020FA2C002002
:106D800007280CD8074900EB800011F83030C0000C
:106D90001A0704D59B0702D50144486A70470020B2
:106DA000704700BF181700200346024A02481278B5
:106DB0001A707047F23A0020782C002050B1072951
:106DC00015D80E4B13F83120D20712D503EBC103AF
:106DD0005878704707290ED8094B01EB810213F848
:106DE0003230DB0701D50846704700DEFBE700DEE6
:106DF000E7E700DEEAE700DEEEE700BFF82C002060
:106E0000181700200C4B1B7883420BD90B4B185CD6
:106E100007280CD80A4B00EB800213F83230DB074E
:106E200007D5704700DE054B185C0728F2D900DE55
:106E3000F0E700DE704700BFF23A0020702C00201F
:106E40001817002007280DD8084A00EB800312F815
:106E500033108300C90707D5034412F83300C0F389
:106E6000401070470020704700DEF5E7181700203B
:106E70000C4B1B787BB107290DD860B90A4A01EB8E
:106E8000810312F833008B00C00709D50B4412F8B8
:106E90003300430701D401207047C0F3001070474E
:106EA00000DEF3E7F33A0020181700201378FF2BD9
:106EB00019D12DE9F047194D0446AE46002303EBE6
:106EC000830C15F83CC09E001CF0010003D0CCF3ED
:106ED000801CA44509D00133082B0EF1280EEED1F9
:106EE0000120BDE8F08701207047F0464FF0000C0C
:106EF0004F1E18F801AF17F8019F0CF1010CCA459D
:106F0000E9D1BCF1060FF4D113701E4415F83630E8
:106F10005A07E6D5C3F30010E3E700BF18170020B7
:106F200010B40E4B1C7884B1072A0ED80C4C02EB1F
:106F3000820214F832C0D2001CF0080F05D020B134
:106F40004B7903F0C003402B02D0002010BC7047E7
:106F50000732A01810BC09F012BB00BFF33A0020A2
:106F600018170020024B1878003818BF012070470E
:106F7000F33A002000F04EBA08B5002303F014FAEB
:106F8000002008BD684620F007018D4601B502F0DB
:106F9000F7FAEBF7B7FEBDE801408546704700BF42
:106FA00008B5094BD3F828213AB90120F5F72EF896
:106FB000BDE808400220F5F729B80020C3F82801F1
:106FC000F6F702F8F1E700BF00200E500020F5F7B9
:106FD0001DB800BF90B90E4B0E4A19781078CBB28D
:106FE00088420DD10C480D49013390F800C0137050
:106FF0000B78634507D003780B70704700DEEAE733
:1070000000DE1378EEE700DE03780B70704700BFF8
:10701000F43A0020F53A0020F93A0020F83A00202E
:107020000B4A0C4B117893F800C08C450DD01278A8
:107030001A70094A094B18B911781878884202D099
:1070400012781A70704700DEFAE700DEEFE700BF43
:10705000F73A0020F63A0020F43A0020F53A0020F2
:1070600002F0DABB08B50B490B4A91F800C013785F
:1070700003989C450BD000220B70084B114698607A
:107080000120F4F761FF00B908BD00DE08BD00DE95
:107090001378F0E7F43A0020F53A0020EC050020E0
:1070A0002DE9F0412D4A2E4D12782B780C469A424C
:1070B0008AB005D12B4B2C4A1B7812789A4244D0C7
:1070C00026682A4F06F2726840463968F6F704F9D6
:1070D000002803DB00200AB0BDE8F081244A254BDC
:1070E00011781A78914213D11E4A1F4912780978F3
:1070F00091420DD00022197810460131C9B21970A1
:1071000011461D4B0092F6F721F810F0FD0F22D129
:107110001A48E168C7F800800022079040F27260C8
:10712000174C3346CDE9054129780131C9B22970A0
:10713000009011461046CDE90322CDE901220892C4
:10714000F5F79EFF0AB0BDE8F08106680446074FD8
:1071500006F27268DCE700DE00DED9E7F83A0020CC
:10716000F93A0020F43A0020F53A0020742D00206E
:10717000F63A0020F73A002021700100D56F010097
:10718000657001007F4A9368002B00F090801368BF
:10719000002B00F08B802DE9F04F814689B04FF035
:1071A000FF338DF80A300DF10A00F6F703FF0446AD
:1071B000002839D0037F9907F5D1857A15F00205AB
:1071C000F1D1C3684B4556D0A8462F4606680DF14D
:1071D0000A00F6F7EFFE8346E0B1027F9207F6D190
:1071E000827A9307F3D4C268B8F1000F1FD04A45E2
:1071F00021D0DBF800A031465046F6F76DF80028A4
:107200000DF10A00BCBF5F465646F6F7D3FE834633
:107210000028E2D1002F08BF274639463846FFF73D
:107220003FFF30F002033FD109B0BDE8F08F914538
:1072300045D08046DDE7227F204642F002022277D9
:10724000E168A2699047D845A9D1FF238DF80A309B
:107250000DF10A00F6F7AEFE04460028E4D0037FE5
:107260009F07F5D1837A9E07F2D4C3684B4502D0BD
:1072700000DED0F80C90434A4846137B43F00103EC
:107280001373D2E9001303AA9847064600B310F11E
:10729000100F5ED03B4A002093681168984716F1A2
:1072A0000B0F1ED08C36BFD000DEBDE770473549CE
:1072B00018460A7B42F001020A73F6F797BE237F55
:1072C000204643F002032377E168A3699847BCE7AF
:1072D000237F204643F00203A269E16823779047A9
:1072E000A2E700230226FF27264AD2F80890D2E917
:1072F000004813608DF80B700DF10B00F6F75AFE85
:1073000090B1037F9A07F7D40DB9DB07F4D4C368B3
:10731000A342F1D1037F214643F002038269037740
:1073200090478DF80B70E7E70125AE4201D02E465D
:10733000E0E70794002449464046039B009604AAD0
:10734000CDE904440694F6F7EDFD00287FF46CAF18
:10735000AAE7A37A43F00203A3720DF10A00F6F73D
:1073600029FE014600283FF45FAF037F9D07F4D15B
:10737000837A9C07F1D4FFF793FE30F002033FF4C9
:1073800053AF91E75818002010B517480BF0EAFDED
:1073900038B30024154B9C6000F0A2FA00281FDBD4
:1073A000224621468A20EBF72BFC22460121E320CE
:1073B000EBF726FC214622461E20EBF721FC4FF47A
:1073C00080720B4B8A20C3F88824EBF7E9FBE3209B
:1073D000EBF7E6FB1E20EBF7E3FB02F0EBF82046B1
:1073E00010BD6FF0120010BD004E020058180020B2
:1073F00000A0085008B500F085FA002809DB8A20B3
:10740000EBF7DCFBE320EBF7D9FB1E20EBF7D6FB19
:10741000002008BD0A460146024892B283681B68F4
:10742000184700BF004E020030B4074DAB685C68DF
:1074300034B1A4468AB200230146284630BC6047D6
:107440006FF0570030BC7047004E020000207047BC
:1074500030B5044683B078B31D4B1A68824225D0FC
:10746000FF250DF107008DF80750F6F7A3FD38B999
:107470001AE0A1420AD00DF10700F6F79BFD98B182
:10748000037F9B07F7D4C168002CF2D1037F826988
:1074900043F00203037790470DF107008DF8075082
:1074A000F6F788FD0028EBD103B030BD9B686BB1C7
:1074B000014600209847D3E7054A9368002BCFD0B8
:1074C00011680029CCD000209847C9E700DEC7E743
:1074D000581800200020704710B50446F6F75CFDF0
:1074E0008CB90D4B9A68AAB100221C689A601A6088
:1074F00004B124680020F6F779FD2046F6F706FE71
:1075000028B1002010BD0028F3D100DEF1E700DE35
:10751000002010BD00DEE7E7581800208446064A28
:1075200013689068B3EB0C0318BF0123B0FA80F026
:107530000B704009704700BF5818002040F272607D
:10754000704700BF10B51446F5F7C4FE2146F5F7A5
:10755000C3FE002805DB5130B0F58A7F38BF00201C
:1075600010BD002010BD00BF262810B5044613D062
:10757000272809D0252817D1022002F093F82046A9
:10758000BDE8104002F094B8502002F08BF820467D
:10759000BDE8104002F08CB81A2002F083F82046B3
:1075A000BDE8104002F084B80A2807D927280AD974
:1075B00000DE2046BDE8104002F07AB802304000FC
:1075C00002F070F8DBE70330400002F06BF8D6E71A
:1075D00002F0CEB802F0D4B808B502F01DF9BDE84B
:1075E000084002F0C3BA00BF08B502F015F902F076
:1075F000BDFABDE8084002F071BA00BF08B502F05C
:107600000BF902F0B3FA02F097FA02F03BFDBDE885
:10761000084002F063BA00BF014608B5114801F006
:10762000BFFF02F039F960B102F016FC01F0F6FF7D
:1076300000F0A6F900280EDBBDE808400020FFF7A7
:107640004BBF02F0BFF802F007FC01F0E7FF00F0CB
:1076500097F90028F0DA00DEBDE808400020FFF7C7
:107660003BBF00BF6170010010B5044602F0D4F8C2
:1076700002F07CFA02F060FA02F004FD02F02EFA49
:107680002046BDE81040FFF7C7BF00BF10B5044655
:1076900002F0C2F821460D4801F082FF02F0FCF82A
:1076A00040B100F06DF900280ADBBDE81040002071
:1076B000FFF712BF02F086F800F062F90028F4DA52
:1076C00000DEBDE810400020FFF706BF617001003A
:1076D0002DE9F04FFF248046894692461F4689B027
:1076E0009DF848B08DF81F400DF11F00F6F762FCC1
:1076F000002864D0037F9D07F6D1837A9C07F3D4DA
:1077000005683E689DF81F300446294630460593BB
:10771000F5F7E2FDBBF1000F7DD0BC4208BF0024AD
:1077200026460DF11F00F6F745FCC0B1027F910718
:10773000F7D1827A9207F4D4026829460490104661
:107740000392F5F7C9FD039A049B00280DF11F0071
:10775000BCBF15461E46F6F72DFC0028E6D1059B5A
:107760008DF81F30464B9A68002A74D1002E72D1D2
:107770004CB3BBF1000F61D11A7BB97A02F0010260
:1077800001F002010A434ED14946534640463A466B
:107790000096F6F7C7FB0146002848D0BB7A9B0746
:1077A0000AD4002C14BF26460E463046FFF778FC5C
:1077B00030F0020300D000DE6FF0760427E0304B9B
:1077C0009A68002A45D11A7BB97A02F0010201F0C9
:1077D00002010A433DD01A7B384622F001021A7397
:1077E000FA68C3E901891A60D04704460DF11F0009
:1077F000F6F7E0FB014650B1037F9D07F6D1837A8F
:107800009A07F3D4FFF74CFC30F0020331D1204645
:1078100009B0BDE8F08F0028BFF67FAFFF233546E3
:107820005C4605937CE7BC42D5D000DED3E700DEA2
:10783000BB7A9F07C0D4002EB7D1B2E753463A4671
:1078400049464046CDF800B0F6F76CFB0028B3D1AE
:10785000B1E7002426464946534640463A46CDF80D
:1078600000B0F6F75FFB014628B1BBF1000FA3D1D2
:10787000DEE700DECBE700DEBBF1000F9CD1D7E7EF
:107880005818002001F1100004F068BE70B50546DC
:107890000C4688B00122002104A80BF0D6FC03237B
:1078A000002602930D4B694628460396019308F083
:1078B000CAFA002810DB314647F6122340F2E730BF
:1078C0004FF47A72E4FB03010023E8F7D9FD024686
:1078D0000B4604A804F076FE08B070BD8578010060
:1078E00038B5012002F096FE01240023044D6B60A0
:1078F000AC60EB602946BDE8384008F0A4BA00BF90
:107900007C2D002010B5012002F084FE04460449BD
:1079100008F008FB2046BDE8104008F0DFBA00BFC1
:107920007C2D00200C4B1A780AB1002070470120F2
:1079300010B5187002F06EFE4FF47A710446FFF72E
:10794000A5FF38B9204608F0C9FA02280CBF00206C
:107950006FF0040010BD00BFFA3A002008B5074BD5
:10796000D3E8EF2F511CC3E8E01F0028F8D1002A0C
:1079700001DC02F057FE002008BD00BF782D00207A
:1079800008B50A4BD3E8AF2F002A0CDDD3E8EF2F60
:10799000511EC3E8E01F0028F8D1012A01DC02F0E3
:1079A00053FE002008BD6FF0770008BD782D002041
:1079B0000520704700B9704700DE7047002208B507
:1079C0000399054B012099601146F4F7BDFA00B9FF
:1079D00008BD00DE08BD00BF0C0600202DE9F04107
:1079E000C4688CB094F92830002BC0F2D58063684D
:1079F00005460E46002B40F0C48094F8283023F052
:107A0000010384F8283001F0D7FD002001F012FEB8
:107A10000021084601F004FE08200022252101F083
:107A200071FE0120F6F722FA002800F0BC801C301D
:107A300001F092FE6D4B0BA80B9301F04FFE6C49C9
:107A400040F25B6001F032FF94F82800C0F341007F
:107A50002530FFF789FD2146664801F0A1FD94F825
:107A600028309B0603D46368002B00F087809620A3
:107A700002F092F800231A461946184601F0F0FF6A
:107A8000FFF770FA002841D194F8283013F0180F4E
:107A900054D1D4F800802F684046FFF74FFD0744CB
:107AA0006A6807F21311002002F084F802F010FA5D
:107AB00002F004F82046F8F79DF9014602314046ED
:107AC0003A46C9B2FFF73EFD8046002871D116B98B
:107AD000636B002B3BD163687BB12B6804F1180208
:107AE000A3616968444BE1619A6002210122002090
:107AF0006462F4F729FA002859D12046FFF7EAFC1E
:107B0000002852D100200CB0BDE8F08194F8280084
:107B1000C0F3C000FEF702FF07460DF12B00FFF790
:107B200043F9804679783878BA1C01F0DBFF0022EF
:107B300041469DF82B0002F019FAAAE70120FEF752
:107B4000EDFE4178821C007801F0CCFFA1E740F205
:107B5000F3120892294A00930792294A3B4605925C
:107B600031460122CDE90366CDE901660694F5F7B9
:107B700087FA10F0FD0FAED000DEACE701F08AFF0F
:107B80007EE7636893F82A30D90705D4636893F8D1
:107B90002A309A077FF531AF21461A4801F000FDDF
:107BA00001F010FEAEE700DE41E700DEAAE700DEEE
:107BB000A3E740F2E513144A1449154807F04DFEB7
:107BC00042461449144807F048FE002383F3118805
:107BD000BFF36F8F0323184602DF1048214601F0E0
:107BE000DFFC01F0EFFD6FF08B008CE7D6BE898ED5
:107BF00055555500318101001C060020B579010062
:107C0000BD7901008D7601001C61020068610200EF
:107C10000C600200746302006C610200AD7C010024
:107C20000021FFF7DBBE00BF10B5044682B0FFF7AE
:107C3000E5FC94F8283023F0010384F828309B06F3
:107C400001D4636833B3962001F0A6FF00231846E1
:107C50001A46194601F004FF0120F6F707F900B3B0
:107C60001C3001F079FDFFF77DF940B901F026FFE6
:107C700021460D4802B0BDE8104001F091BC0DF165
:107C80000700FFF791F8002201469DF8070002F077
:107C90006DF9EBE701F0FEFE0120F6F7E7F80028AA
:107CA000DED100DEDCE700BF3181010010B5044603
:107CB000FFF7A4FC01F036FF2046BDE81040FFF7B7
:107CC000ABBC00BF08B5FFF7AFFF01F061FDBDE839
:107CD000084002F0FDB800BF70B582B00546FFF75E
:107CE0007BFC01F0D7FE0120F6F7C0F878B31C301A
:107CF00001F032FD01F0B2FD38BBFFF733F9C8B92E
:107D000002F0EEF800210446084601F03BFD002198
:107D10000646084601F032FD3444CB34201A02F006
:107D2000A5F801F0CBFE29460A4802B0BDE8704034
:107D300001F036BC0DF10700FFF736F800220146CE
:107D40009DF8070002F012F9DAE700DED5E700DE61
:107D5000CDE700BF3181010070B5C36804461E68DD
:107D6000F5F7B8FA05463046FFF7E8FB00232D1A71
:107D70002560636023812046BDE870400121FFF744
:107D80002DBE00BF38B50446FFF74EFF94F82830EB
:107D900094F82820C3F34103013303F00303032BBA
:107DA00008BF002363F3420214BF03F1250025201E
:107DB00084F82820FFF7D8FB63680BB1236953B917
:107DC000F5F788FA01460020563101F0ADFFBDE815
:107DD000384002F07DB802F031F80546F5F77AFA3E
:107DE00001460020563101F09FFF02F071F802F0C9
:107DF00025F82946F5F770FA23691B1A236138BD67
:107E000008B54B6823B14B6893F82A30DB070BD4D5
:107E1000814204D04B6B4BB16FF08B0008BD094819
:107E200001F0BEFB01F0CEFC002008BD064B136044
:107E3000FFF794FD002802DB6FF00A0008BD00DEAA
:107E4000FAE700BF857D0100597D010030B5044689
:107E500085B0FFF7D3FB20460DF10F01FFF75EFB66
:107E600008B105B030BD054601F05CFE012294F872
:107E700028102846C1F34103134403F00303032BE6
:107E800008BF002363F3420100952B4684F82810B5
:107E90002946F5F75BF994F92830002B04DB2046DE
:107EA000FFF7BAFB05B030BD054B01222946284635
:107EB0009C60F4F749F80028F1D000DEEFE700BF3E
:107EC000FC0500202DE9F84316469DF820908046D9
:107ED0004A460D46304619461F46FFF721F804462C
:107EE000A0B91DB198F829309B071ED498F82850E6
:107EF000C5F38013B3420CD0C5F3C105012D05D9DC
:107F000026B17B7903F0C003402B14D02046BDE896
:107F1000F8830622394608F12B000CF06FFE00288A
:107F2000EAD101242046BDE8F8834846FEF728FF41
:107F30000028EBD1DAE7099B002BF2D00123099A44
:107F40001370EEE710B548B10C46FFF719FD002895
:107F50000BDB2046BDE81040FFF7BEBA044801F035
:107F60001FFBBDE8104001F02DBC00DEF1E700BFB3
:107F70004D7E0100002070470020704710B582B090
:107F80000446FFF7EBFC002809DB0023074A0849F9
:107F900008480094F6F7E8F818B902B010BD00DE02
:107FA000F3E77730F9D000DEF7E700BF217C01006E
:107FB000457F0100017E010010B50446084694F893
:107FC0002810090702D442B9012010BD002AFBD1B4
:107FD000BDE810401846FEF735BF1946FEF748FFCA
:107FE0000028F1D194F82800C0F3C00010BD00BFF4
:107FF0002DE9F04F83B09DF838609DF83040B60110
:1080000006F0400646F0250646EAC4160C464FF038
:10801000220C0127984623780F9903F0100333436D
:108020004668237084F801C00B681546C4F8023016
:108030008B880D9AE38013688246A3609388A3819E
:108040007368C4F80E303289B37A6775628223751B
:10805000B6F8169001F03EFF0746002D3DD005F022
:10806000030B0BF12B0B4FEACB0BC5F340032BFAA1
:1080700003FB4146284601F085FB07F5AF67DAF8B8
:1080800010305F448046A7EB000B4BBB109AC2F840
:1080900000B0A375E375F28A94F823302283328B03
:1080A0006283BAF81420A283D6F82220C4F81E20D6
:1080B00096F8262084F8222096F8282062F30403FC
:1080C00084F82330FFF774FC94F8233060F34713EF
:1080D00084F8233003B0BDE8F08F4FF4B07BC8E7DD
:1080E00040F2E24303FB09F901F0B0FE0346DAF87F
:1080F0001020284601211D46019201F041FB019A02
:108100002B181344002B01DB5B4501D24B44F9E7EC
:10811000109AA8EB070813609844044BA3FB0823AC
:10812000627D9B0A0132E3826275B4E75917B7D1C9
:108130002DE9F0478AB0044601F09AFBC0B200284E
:1081400000F0FE8001F0BEFB054601F0FFFC074693
:1081500001F006FD814601F0ABFF064601F08CFF01
:10816000824601F0BDFCEDB2804601F0A5FCFFF7B0
:1081700045FA45B92146C04801F012FA0AB0BDE8F7
:10818000F04701F01FBB0120F5F770FE05460028FF
:1081900000F0A18117F0FF07F6B240F0DA80002E60
:1081A00040F0D1804FF0FF093A464B463146204619
:1081B000FFF702FF0028DDD000232A7F61688DF8D9
:1081C00023305FFA88F702F00F03002900F0E48003
:1081D000616891F82A10880700F1DE80072BC9D06A
:1081E00094F82810090740F11681002B40F0BB805D
:1081F0006B7F063B1F2BBDD80420F5F737FE002808
:10820000B8D001F067FE636B43B940F27122638E10
:1082100002FB03F3B0FBF3F203FB120023685B687D
:10822000A3F20A338342A5D301F034FC48466368C5
:10823000FEF7A6FD94F829308246990740F1D781D0
:10824000002800F0D4818046012701F049FBCDE9E8
:108250000278804609AB049305F11E0301932B7F3E
:108260000022C3F380132046414600930123FFF709
:10827000BFFE404601F076FA01F0F0FA002840F027
:10828000D38121467D4801F08BF9626892F82A304B
:1082900043F0010382F82A3094F8283043F0800339
:1082A00084F82830F5F7FCFD17214FF6FF720746DA
:1082B00043460171C2802A7F08F12001C2F34010B9
:1082C00007F11C02D3F80080D3F804E0D3F808C00B
:1082D000DD6810338B42C2F80080C2F804E0C2F8B7
:1082E00008C0D56002F11002ECD11B6813603B7F1F
:1082F000BC6060F345133B7701F0A0FD002E08BF82
:108300004FF0FF093861099B87F819907B6194F859
:108310002930BA7EC3F34003BAF1000F0CBF00232B
:1083200003F0010363F30002BA76F5F7B9FD3946AD
:1083300003463868FB600AB0BDE8F047F5F7DABDE0
:10834000FFF75CF916E75FFA8AF0FEF75BFD8146FE
:108350002AE794F828005FFA89F1C0F3C000FEF71D
:108360002DFD814620E7012B40F08A806A7F0C2A90
:108370007FF400AF194600232A7F20460193CDF8F1
:108380000090D20905F12403FFF79CFD00287FF43B
:1083900033AF2B7F03F00F03002B4DD16B7F9A1F60
:1083A0001F2A3FF6E7AE94F8282002F02102202A87
:1083B00007D16268002A00F0AE80063B1F2B3FF613
:1083C000D9AE63682BB12B7F03F00F03072B7FF42B
:1083D000D1AE03209DF82380F5F748FD054600281F
:1083E0003FF4C8AEF5F75CFD4FF6FF73EB80052355
:1083F0002B71EFB97F20002E08BF4FF0FF09AB7E35
:10840000287668F3410329462868AB7685F81990E9
:10841000F5F770FDAEE6B9F1FF0F8DF82490C2F3C9
:1084200080185AD094F82A2091453FF4DEAEB3E785
:1084300001F04EFBC0B2DEE7062BAFD04521D9409C
:1084400011F0010140F0F480012B20D16B7F0C2B47
:108450007FF490AE2A7F0DF1230301932046CDF8DF
:108460000090D20905F12403FFF72CFD78B16B7F52
:10847000002BA6D17EE600BFC57C01004D7E010029
:10848000062B8BD04522DA40D00700F1D1802B7F1C
:1084900003F00F03042B7FF46DAE6B7F063B1F2BA5
:1084A0003FF668AE94F82830DB077FF563AE01F045
:1084B00017FA2B7F0278C3F38013B3EBD21F7FF43C
:1084C00059AE0622083005F11E010CF097FB00287A
:1084D0007FF450AECBE700DE5CE605F11E0A5146A4
:1084E000404609AAFEF7E2FC00283FF452AF94F898
:1084F000293003F0010343457FF44BAF5146062278
:1085000004F108000CF07AFB00287FF442AF2B7FC7
:1085100003F00F0369E69620079201F03DFB079AEE
:10852000104601F087FA0320F5F7A0FC80460028EA
:108530003FF420AEF5F7B4FC4FF6FF73A8F8063011
:10854000052388F80430002F6AD17F23002E14BF42
:108550004A46FF2288F8183098F81A30414623F02E
:10856000020388F81A3088F81920D8F80000F5F7C7
:10857000C1FC01F0B5F9064603210C2233784846C8
:1085800061F3030333702B7F72703278C3F380136F
:1085900063F3C7123270FEF7F3FB94F829209207B9
:1085A0002CD558B33246317841F0400102F8021B15
:1085B0000168C6F8021083889380D5F81E303046D3
:1085C000B3606B8CB38101F0CDF801F047F968BB63
:1085D00001F07EFC214694F82830164843F0010350
:1085E00084F828300AB0BDE8F04700F0D9BF94F80D
:1085F000287004F12B08C7F3801726E694F828307A
:108600003278C3F3801363F38612334603F8022BE8
:10861000D4F82B20C6F80220B4F82F209A80CCE79B
:1086200001F056FAC3B291E700DE2AE600DECFE79A
:108630006B7FC2E6D97C010010B50446FEF7DEFF71
:10864000F5F756FD0246F0B14FF0010C0F4B104903
:108650001B7809780F4803FA0CF301EA0C0103F0C8
:1086600002030B430188204651800B4C117924787A
:1086700021F003010B4382F800C013719471BDE82F
:108680001040FEF7C9BF00DEDEE700BFFD3A002064
:10869000FE3A0020A2390020FB3A002008B501F084
:1086A0001BF9034601211A78002061F301021A70B8
:1086B00008BD00BF00207047704700BF002330B4E2
:1086C0000749084A0B801380074C084D08480949A0
:1086D000094A2B70237003700B70137030BC704705
:1086E000A4390020A2390020FE3A0020FD3A0020E3
:1086F000FF3A0020FC3A0020FB3A0020814207D0DC
:1087000091F82A305B0716D50E4B188898B9704738
:108710000C4A0D4B1288197872B939B10B4A13689B
:108720000133136000DE6FF08B00704701226FF0A1
:108730000F001A707047044B1B78002BEED16FF0BE
:108740008B007047A2390020FC3A0020A42D0020A5
:1087500038B50D46F8B10446FFF712F9002835DBAD
:10876000E3682189588B4A1C024499835A83F5F7A0
:10877000BFFC034660B3002101241A79598022F01E
:10878000030242F002021A711C7099712846BDE87A
:108790003840FEF7A1BE91F92730002B0ADB2946AD
:1087A0000C4800F0FDFE01F00DF895F896301B071F
:1087B00008D438BD084B1B88002BF0D10122074B91
:1087C0001A70ECE7BDE8384001F0C6BB00DEC7E731
:1087D00000DED0E739860100A4390020FD3A0020F0
:1087E000F8B504460120F5F741FB50B3002141776D
:1087F00094F87D5000F11C0705F007052846E68F28
:1088000000F00EFF94F89630AA001B07F1B242F078
:1088100001020ED504310820C9B200F073FF3A46B8
:10882000294604F1970001F05DFBBDE8F84000F037
:1088300093BF082000F066FF3846BDE8F84000F01E
:108840008BBF00DED2E700BF38B50446FEF7C4FE9A
:108850002A4A2B491388087801332728138007D820
:108860000B782849DBB251F82320013241F823204C
:10887000A08901F091F994F87C2094F87D00C2F36E
:10888000C003002102F0070200F0070001F0E8F841
:108890002046FFF7A5FF00F0E1FF60BB01F020FBE1
:1088A0000346258A94F87D0001210D3500F007006C
:1088B0001D4400F067FF94F87D30054403F0070382
:1088C000022B16D0042B0CBF4FF4BC73282394F852
:1088D0007C001D44C0F3C00100F0070000F04EFF13
:1088E000281A01F0C3FA2146BDE83840064800F0D6
:1088F00057BE1823EBE700DED0E700BFA439002005
:10890000B9060020B02D0020218A0100F8B50546E7
:108910000F4690F87C10868F01F007042046C1F3C3
:10892000C00100F07DFE95F89630A200DB0642F013
:108930000102F1B20DD504310820C9B200F0E2FE07
:10894000394605F1B80001F0D1FABDE8F84000F071
:1089500009BF082000F0D6FE3846BDE8F84000F018
:1089600001BF00BFF0B5054683B001AA0F46D0E9AC
:108970002001F3F779FA95F8963006465A0738D46D
:1089800048B3019C95F8953095F8942004341C4424
:1089900012B9627885F8942033B10122237862F30A
:1089A0000103237095F8953095F894202846D31A42
:1089B0006370F8F7A1F9637883422AD901226070C5
:1089C00000212378A17003F00F0343EA0213237000
:1089D0003C6003B0F0BD43F0040385F8963000F02E
:1089E0007BFF0446237823F0100323703C6003B020
:1089F000F0BD43F0040385F8963000F06DFF0446A7
:108A0000002EEFD0037843F0100303703C6003B0F6
:108A1000F0BD3268D5F88430D21A18BF0122CFE7F2
:108A20002DE9F04782B0044600F022FFC0B20028D2
:108A300000F0EC8000F046FFC5B201F051F8FEF7FF
:108A4000D3FDC24A13880133138094F92730002BD9
:108A500056DB0120F5F70AFA0646002800F0888167
:108A6000002D64D1BA4B94F896901D78C9F3800913
:108A7000002D40F0D6800122204601A91A70FFF790
:108A800071FF00252F46B34B1B78002B00F0AE8002
:108A90002146B14800F084FD94F92730002B80F284
:108AA0000681019994F896200B78204662F3C3035F
:108AB0000B7094F896300A78C3F3400363F3820294
:108AC0000A70FFF723FF00F0C9FE002840F04E8136
:108AD00001F0F8F900287ED0002F00F083804FF6D7
:108AE000FF73A08A984200F048813946F8F798F859
:108AF000002D40F0A28002B0BDE8F047F5F7F2B9D2
:108B0000002D00F0A980954B1A78272A00F21281D7
:108B100001201B789249DBB251F82320024441F82E
:108B20002320F5F7A3F90646002800F00A8194F8FF
:108B30009630317F03F00102C1F38000904206F1CC
:108B40001C0A00F0928082F0010262F3000313F02D
:108B5000040884F89630DAB240F0B780D4E92001F6
:108B600001AAF3F781F90746002800F0C580019DAE
:108B700094F89590043505EB09035B7873B194F88C
:108B80009620D2060AD5D4F8C8200132C4F8C820ED
:108B9000D4F8CC2042F10002C4F8CC2094F8942000
:108BA0004B44DBB29342C0F0E58000F00F8100DE61
:108BB000002794F92730327F002BC0F2A180D00625
:108BC00000F19E8015F80930C3F3001383F0010310
:108BD0005FFA83F894E001F069F901F06DF9002F74
:108BE0007FF47DAF4DBB02B0BDE8F087E08900F0B7
:108BF000D3FF94F87D0000F0070000F01BFF214632
:108C0000584800F0CDFC01F063F94AE7FEF7ECFCB0
:108C10002146514800F0C4FC02B0BDE8F04700F026
:108C2000D1BD013DEDB2204601A91D702F46FFF7D1
:108C300099FE002D3FF42CAF23E7F5F731F903231C
:108C40003371A38A31463068F380F5F73BF902B0FF
:108C5000BDE8F047F5F746B90120F5F707F90646F4
:108C600000287FF4FFAE00DEFCE6C1F3C001C3F3D1
:108C700040028A4200F09A8001210025C3F3800956
:108C8000394B334A1970204601A915702F46FFF75A
:108C900069FE337FD9063FF5F6AE019B1A78D206FE
:108CA0003FF5F1AE5B78002B3FF4F2AEEBE600F05F
:108CB00089FD00F0D3FD002840F0868094F89630BE
:108CC00069F3820384F8963002E7134623F0040325
:108CD00084F8963000F000FE94F92730002B0BDB6F
:108CE000327F12F0100708D10378C3F3001383F02A
:108CF00001035FFA83F803E0327F4FF00008474634
:108D000094F89690C2F3C002C9F340039A4237D058
:108D10000025002101220E4B20461970124B01A99B
:108D2000C9F380091A70FFF71DFEB8F1000F7FF438
:108D3000AFAEAEE70120F5F799F8064600287FF4BC
:108D4000F6AE00DE00231B7FFFDE00BFA23900204D
:108D5000FF3A0020FC3A002039860100B9060020C5
:108D6000B02D002049880100FE3A002000DEAFE669
:108D700000DE75E684F895301AE700DEA08AB4E6D6
:108D80000320F5F773F8D8B194F8963083F0020316
:108D900084F89630757F15B95FFA83F9B9E794F8CE
:108DA000969019F0080F21D10125B2E70320F5F7BD
:108DB0005DF8074600284ED04FF000084746E3E72D
:108DC000054694F89690A4E700DE77E70022D4F8F1
:108DD000840004F18001A4F89420F3F74DF8019B7E
:108DE0001B683B60019B1F60019FE2E601F082F877
:108DF00000286ED001F0A6F8002858D1D4F8A7308A
:108E0000D4F8AB20134304D1337F03F00303032BC7
:108E100038D00222304B214630481A7000F0C0FB97
:108E200000F0D0FC00F01AFD20BB01F04BF858B167
:108E3000002F3FF4D8AE4FF6FF73A08A98421BD0A4
:108E40003946F7F7EDFE56E601F030F801F034F858
:108E5000002FF0D1C7E60122214B94F896901F70A5
:108E6000204B204601A91A703D46FFF77BFDC9F350
:108E700080090EE700DED8E700DE3946A08AF7F762
:108E8000CFFE38E600F02CFD42780146272AC0D8F4
:108E9000504603320BF084FED4F8A730013BC4F8EF
:108EA000A730D4F8AB3043F1FF33C4F8AB30012224
:108EB000D4F8A73004F1A7019B18C4F8A730D4F860
:108EC000AB3043F100034B60034B94F896901A705B
:108ED0006AE700DE8EE700BFFB3A0020398601001A
:108EE000FF3A0020FE3A00204FF6FF73F0B5C46849
:108EF00085B0A28A9A4200F0AD800546FFF7DEFBFE
:108F000000212B89628B208C1A4492B21044618319
:108F100080B294F82710A383431C238401F03F03FD
:108F20004906E28371D494F8281004F129000093D3
:108F300004F12203FCF7EEFF0646204603A9FFF7E3
:108F400011FD039B94F896101A7861F3C3021A700E
:108F5000039A94F896301178C3F3400363F38201C7
:108F6000117000F029FB002000F064FB201D00F0D0
:108F7000B5FB2389A17A40F25B6043EA014100F02E
:108F800095FC394B272E1E7005D8384A52F82630EA
:108F9000013342F826303046FEF7E6FA20460399C0
:108FA000FFF7B4FC2146324800F0FAFAE08900F0FD
:108FB000F3FD94F87D0000F0070000F03BFD27680A
:108FC0002E683846FEF7BAFA03461E4406F213111D
:108FD0006A68012000F0EEFD00F07AFFA18A3246B7
:108FE00003313846C9B2FEF7ADFA0646A0B1AB7AF6
:108FF00013F0020518D0002521461E4800F0D0FAD3
:1090000000F0E0FB284605B0F0BD218D04F12202FE
:10901000FCF7C4FF064690E72046FEF75BFA00BB6C
:109020000025284605B0F0BD4FF48273124A13495B
:10903000134806F012FC32461249134806F00DFCA4
:1090400085F31188BFF36F8F0323184602DF6FF09B
:109050008B05D1E721460D4800F0A2FA00F0B2FBE3
:10906000DEE700DEDCE700BFB9060020502E00205E
:109070004988010069760100986102006861020078
:109080000C600200886302006C6102008D760100B2
:1090900010B582B00446FEF761FC002809DB00230E
:1090A000074A084908480094F5F75EF818B902B075
:1090B00010BD00DEF3E77730F9D000DEF7E700BF40
:1090C000E98E010051870100FD860100264B024612
:1090D000D3F8A413013106D02349D1F8A00310F02E
:1090E000010009D170474FF6FF71D3F8A8339BB246
:1090F0008B42F1D100207047D1F8A4331360D1F82E
:10910000A803C0F3072363F03F0310715371D1F834
:10911000903301331CD0D1F89433013318D0D1F8F7
:109120009833013314D0D1F89C33013310D0D1F8E7
:109130009033C2F80630D1F89433C2F80A30D1F82F
:109140009833C2F80E30D1F89C33C2F8123008E0E0
:109150000023C2F80630C2F80A30C2F80E30C2F856
:1091600012300120704700BF00C0FF000023144AE6
:10917000036043608360C360D2F88033013318D04A
:10918000D2F88433013314D0D2F88833013310D0AD
:10919000D2F88C3301330CD0D2F880330B60D2F884
:1091A00084334B60D2F888338B60D2F88C33CB6039
:1091B000704700230B604B608B60CB60704700BF33
:1091C00000C0FF0000214FF48062034BC3F8281158
:1091D000C3F81423704700BF00200E50034B1878CB
:1091E000421C003818BF01201A707047003B002055
:1091F000064B187830B10138C0B21870003818BF6B
:109200000120704700DE1878F5E700BF003B002022
:10921000054BD3F84427D3F840075200D3F844173E
:10922000F7D40029F5DB704700200E5030B4844697
:109230000C461D4AD2F84437D2F8401713F0804349
:10924000D2F84407F6D10028F4DB012502EB0C121A
:10925000C2F82C354FEA8C02D2B24FEA0C1C0CF14A
:10926000A04002F1A042013900F5622002F562221D
:10927000C0F820151560D0F820259142FBD0A242FD
:109280004FF00102D0F824150CF1A04388BF013142
:10929000C1F3130103F56223C0F82045C0F824157B
:1092A000C3F82C2530BC704700200E502DE9F04348
:1092B0000025594C5949C4F800550225C4F80055F9
:1092C0008025574E022AC6F81413C4F88010554C56
:1092D000C4F89C1104F58024C4F89C105249A4F5EC
:1092E0008224C4F80455C1F80455504C4A49C1F8C9
:1092F000044500F08D80032A40F08680A322C1F847
:1093000048250268444912BAC1F81C254268012662
:1093100012BAC1F8182582684FF00E0E12BAC1F8C1
:109320001425C268424F12BAC1F81025027CC1F858
:109330002C25B0F81340027E64BA02F00102A4B2F8
:1093400044EAC214B0F8112052BA44EA0244C1F807
:109350002845D0F81940374A24BA9260C1F824450C
:10936000D0F81D002E4C00BAC1F82005D4F8280E04
:109370001546002405F8044FD2F82C805FFA80FCD3
:109380002D480CF102091061956101382B4D69F3EC
:1093900017081680C2F82C8006F1506600F1030809
:1093A0005561D5611062D7605662C2F8288082F894
:1093B0002FE0C2E913535564D56DACF1040C6CF386
:1093C0001705D565C2E90C44C2E9184402F1080545
:1093D000D763566582F85FE0C1F8305502F1380571
:1093E000C1F83855C1F80441D1F80451C1F8084119
:1093F000D1F80811591C941D03331164511D946355
:1094000091649365BDE8F083E322C1F8482578E7CD
:10941000C322C1F8482574E70060045007000080AB
:1094200000A0085000300450002008500200000145
:109430000200000B542F0020C12F00200100000C5F
:10944000F0B402240025464B0229C3F80055C3F8A6
:109450000045444CC3F804457ED0032978D1A321AC
:10946000C3F8481503683E491BBAC1F81C35436868
:1094700001251BBAC1F8183583684FF00E0C1BBAD2
:10948000C1F81435C3681BBAC1F81035037CC1F8A4
:109490002C35B0F81340037E64BA03F00103A4B284
:1094A00044EAC314B0F811305BBA44EA03442E4BCB
:1094B000C1F828451E460024D0F819709B603FBAB9
:1094C000C1F82475D0F81D00284F00BAC1F8200556
:1094D0001D80DF6050789A6126F8020F03321A620D
:1094E0005A6A1E6160F317025A62214E021D21481A
:1094F0009C62D8615E6183F827C0DC625865DE6DCE
:109500001D48C3E91844186462F31706013803F1D3
:109510000802DE65DF63186583F85FC0C1F8302597
:1095200003F13802C1F83825C1F80441D1F804210B
:10953000C1F80841D1F80821C21C9A650F4A0D6094
:10954000591DC3E91121DA649A1D9A63F0BC704772
:10955000E321C3F8481585E7C321C3F8481581E71F
:109560000060045000000501542F00200200000B91
:109570000200000C0100000DC12F00200100000CB2
:10958000044BD3F8203223B1034A044B10681B6804
:109590001847704700A00850CC310020D03100207F
:1095A000024B034A19601060704700BFCC310020A5
:1095B000D0310020704700BF0022012130B4144B8D
:1095C0001448154DC0F8282EC3F8A020C3F8A420D5
:1095D000C3F8A820C3F8AC205962D962C3F8102898
:1095E000D3F8104844F48044C3F81048C3F8142852
:1095F000D3F8144844F40044C3F81448C0F80021D8
:10960000C0F80421C0F80417296330BC704700BFBC
:109610000020085000A0085000E01050704700BF24
:1096200002280CBF04220322014BC3F80025704717
:1096300000A00850072821DC00F10A03DBB2112B3F
:1096400015D910F10C0F20DA10F10E0F1FDA10F1FE
:10965000100F18DA10F1140F1DDA10F11C0F18DAC0
:109660002930CCBF4FF498724FF4887202E00B4A55
:1096700052F823200A4BC3F8102770473F22084BAB
:10968000C3F8102770470422F4E70622F2E7052208
:10969000F0E70122EEE70222ECE700BF946302004C
:1096A00000A00850014BC3F80807704700A00850FD
:1096B000094B40F4090040F04000C3F84005D3F8DE
:1096C000282E22F00072C3F8282ED3F8282E42F05C
:1096D0000072C3F8282E704700A008500021012313
:1096E000074AC2F83C1EC2F8403EC378C2F8343E76
:1096F0008178038843EA01431B02C2F82C3E70477D
:1097000000A0085002F01C03A3F10803B3FA83F38E
:1097100002F00302013A5B091B06022A98BF43F4D8
:10972000801300F00F000A4A184340F48070C2F81A
:10973000200ED2F8280E074B0340C2F8283ED2F87C
:10974000283E194341F44031C2F8281E704700BF3B
:1097500000A008500000F8FE014BC3F8D00E70477F
:1097600000A00850014BC3F8D00E704700A008506D
:1097700002280CBF28202920704700BF0120704715
:109780002920704702280CBF05200A20704700BF1F
:109790004FF40050012110B4064A074B074CC3F8A0
:1097A0001823C4F88C20064AC2F80405596010BC7E
:1097B000704700BF0D00008000A008500050085006
:1097C0000020085000234FF40050012130B44FF422
:1097D0007E540E4A0E4DC5F88C30C2F8A030C2F847
:1097E000A830C2F808050B485162D162C0F8DC35D8
:1097F000A0F51C20C0F8803000F58820C2F808458C
:10980000C0F80034016130BC704700BF0020085030
:109810000050085000200E5000220F4BC3F80022C9
:10982000D3F80012C3F80C22D3F80C12C3F8182294
:10983000D3F81812C3F81C22D3F81C12C3F85C2208
:10984000D3F85C12C3F83822D3F83812C3F82022B8
:10985000D3F82032704700BF00A00850034BD3F864
:109860000002003818BF0120704700BF00A0085058
:10987000064BD3F8180238B10120054A0549136890
:10988000D1F848150B441360704700BF00A0085082
:10989000C431002000500850034BD3F82005B0FA23
:1098A00080F04009704700BF00A0085040F203124A
:1098B000034BC3F8442EC3F8480EC3F84C1E704740
:1098C00000A00850034BD3F80C0E003818BF01203D
:1098D000704700BF00A0085000487047C430002007
:1098E00000487047C02F00202DE9F0474FF00008D6
:1098F000484F494E97F800C082460CF10403DBB292
:109900000CF1010E0CF10E044FEAC30C5FFA8CFC53
:1099100066444248DFF808C1424D0EF0010E9DF842
:109920002090C0F818C3C6F800C04FEACE06E4B2D3
:109930003544012944F00044C5F800803AD0BAF11A
:10994000000F2ED1022A0CBF32223622364D0EF1E4
:109950000E0141F0004103F1700645F82640C0F8C1
:1099600004119B0003F1502303F50023D3F84015A5
:109970004FF40054914294BF0122D3F840152B4874
:1099800088BF8A1AC3F840252449254B264AC0F8C7
:109990000445C1F81833C2F8C83087F800E0BDE8C4
:1099A000F087214A03F1700142F821402D22C0F8CE
:1099B0000441D6E7BAF1010F1BD04AF2B81149F6BB
:1099C000346542F2B846B9F1020F18BF0D4641F2B4
:1099D0008831022A18BF31464A19154903F170052A
:1099E000A1FB02121049920941F82540C0F800413C
:1099F000B7E70D490EF10E0242F00042B9F1020F35
:109A000003F1700541F82540C0F800210CBF292260
:109A10002A22A6E7013B00208020085000A0085021
:109A20000D000080A0200850005008500020085071
:109A3000D34D621010B5084B084A84B00446C3F8F1
:109A40000024002301201A461946CDE90133009471
:109A5000FFF74AFF04B010BD00A008500100080045
:109A600070B58C4616461D460024084B084A84B043
:109A70000121C3F80024024663462046CDE9006573
:109A80000294FFF731FF04B070BD00BF00A0085082
:109A9000010008000022054B05490648C1F80004F2
:109AA000C3F8A020C3F8A820704700BF00200850CA
:109AB00000A008500100080000207047034AD2F8B7
:109AC000003443F01003C2F80034704700A008507F
:109AD000014BD3F81807704700A00850704700BF2B
:109AE000012070474FF0000C10B44FEA8C0314684B
:109AF00003F1A04303F50A23C3F8504E94880CF1F8
:109B0000010CBCF1080FC3F8704E02F10602ECD153
:109B1000034B40EA0120C3F8900E10BC704700BF11
:109B200000A00850034AD2F8903E23F0FF03C2F889
:109B3000903E704700A008500022034BC3F8242237
:109B4000D3F82432704700BF00A00850034BD3F86D
:109B50002402003818BF0120704700BF00A0085041
:109B6000014BD3F8180E704700A0085000234FF4A3
:109B70007E5110B40548064C064AC4F8DC35C0F8DE
:109B80008030C2F8081510BC704700BF0060045058
:109B900000200E5000200850044B054A1B78043367
:109BA000DBB203F5A87342F823007047013B0020A5
:109BB00000500850F0B4A2F574234E4CA3F5107376
:109BC000A342074604D902F57422013902F5107246
:109BD000494B0125A3FB02239B0C502B184638BF91
:109BE0005020002402264FF0050C444A1944D56049
:109BF000C51A434BC2F80445C2F810C5C2F808653F
:109C0000C2F840050E1AC3F8DC45D3F84427D3F850
:109C100040175200D3F84447F7D4002CF5DB01225B
:109C20000139C3F8D015DA62354AD2F8D0359942F5
:109C3000FBD04FF0000C01214FF48074D2F8D425F2
:109C40009E4238BF01322E4BC2F31302C3F82CC11F
:109C5000C3F8D065C3F8D4252A4AC3F8DC15C3F885
:109C6000AC21A3F5BC23C3F8A02103F58023C3F8DE
:109C7000A0202249A3F50053C3F80445A3F580238F
:109C8000C1F88020C3F804454FB30132C1F8C021A8
:109C900001F5A041C1F800214FF40072C3F804257A
:109CA0004FF0000C4FF40057174B144A1D60174D2E
:109CB000174EC5F800C0174B174C1849184DC5F87A
:109CC0001863C2F88C60C3F80475C2F8D041C3F8B9
:109CD000A440C2F8D411C3F8AC10F0BC7047114ACC
:109CE000C1F8C0210E49C1F804214FF40072C3F835
:109CF0000425D5E7BFBDF07F83DE1B43005008502D
:109D000000200E5008000080C8310020C43100201F
:109D10000D000080002008500E0000800F00008021
:109D200000A0085009000080F0B40124502700264C
:109D30000546394A394B5460D460C2F84075A1F1E8
:109D40004F04C3F8DC65D3F84427D3F8401752001A
:109D5000D3F84407F7D40028F5DB012001392F4A56
:109D6000C3F8D015D862D2F8D0359942FBD000267E
:109D700001214FF48070D2F8D4259C4238BF0132C3
:109D8000264BC2F31302C3F82C61C3F8D045C3F8C5
:109D9000D425234AC3F8DC152249C3F8AC21A3F526
:109DA000F033C1F8A021C3F8A020A3F50053C3F8F5
:109DB000040501F58051A3F58023C1F88020C3F884
:109DC00004054FF40070EDB1174C0132C1F8C02109
:109DD000C4F80021C3F8040500254F244FF40051B6
:109DE000124A13481560134B0F4A04600A48C2F820
:109DF0001833A2F50042C0F88C30C2F80415502088
:109E0000F0BC70470C4A084CC1F8C021C4F80421CA
:109E1000C3F80405E0E700BF0050085000200E50D2
:109E2000080000800040085000A00850C431002005
:109E3000C83100200D00008009000080024BD3F8DB
:109E4000D425D3F8D005704700200E50014B186878
:109E5000704700BFC831002001230249024A4B600D
:109E6000536370470050085000E0105070B44FF436
:109E7000C056094B094C0A4A0A490B4DC3F8440520
:109E8000C2F80C43C3F8C440C3F8C411C2F810119F
:109E9000C5F8046570BC7047005008500B00008086
:109EA00000A008500C00008000200850014BD3F89F
:109EB0004405704700500850014B1860704700BFC0
:109EC000BC2F0020014B1868704700BFBC2F00203A
:109ED000704700BF014B1868704700BFC4310020B5
:109EE0000020704713460122FFF7E0B90A4601211E
:109EF000FFF7A6BA38B50223104CC4F80433D4F8DF
:109F0000043163B92025EFF3118085F31288BFF384
:109F10006F8F06F015FAD4F80431002BF3D002202D
:109F20004021064B064AC3F80803C2F88811D3F84B
:109F30000801B0FA80F0400938BD00BF006004504D
:109F400000E100E0034BD3F80004003818BF012003
:109F5000704700BF0060045001210022024B59608D
:109F6000C3F80025704700BF006004502DE9F04F92
:109F70000325354B354ED3F8D02E354B354C9E60EE
:109F800006F180761E61961C05325E60DA60C4F8C8
:109F90000055002855D002242F4E0219181D40F8F4
:109FA000341003EBC40501349442AE6001F110019A
:109FB000F5D100254FF0FF3A4FF001084FF0400E69
:109FC0002449DFF89890DFF898B003EBC20295605F
:109FD0005560C3F860B0C3F800A0C1F83005C1F8FF
:109FE0003895C1F80885DB65C1F80051D1F800311A
:109FF000154CC1F80451D1F80431C1F80851D1F819
:10A000000831C4F894EED4F80034DFF858C043EABD
:10A010000E03C4F80034C4F83852D4F83832124F62
:10A02000124E134B134AC4F838C3C1F880C0C7F8A6
:10A0300004E5C6F898C0C2F898C1C3F804E5BDE8C5
:10A04000F08F0222181DB4E700A008500300000B97
:10A05000F02E0020006004501000000D4C2F002056
:10A060000400000B0600008000200450003008505F
:10A070000020085000300450014B1868704700BFA2
:10A08000F02E00200023402010B4064A064C074959
:10A09000C2F83832D2F83822C4F80035C1F80805C1
:10A0A00010BC704700A00850006004500020085009
:10A0B000124BD3F83832FBB101231149C1F80433F4
:10A0C000D1F800313BB9C82301E0013B03D0D1F8FE
:10A0D0000021002AF9D001204021094B094AC3F888
:10A0E0000803C2F88811D3F804212AB1D3F8080173
:10A0F000B0FA80F0400970470020704700A0085077
:10A100000060045000E100E00139012905D8E32096
:10A110000AB1E8F745BDE8F751BD00DE704700BF62
:10A1200029B10139012905D8E320E8F75BBD1E20DC
:10A13000E8F758BD00DE0020704700BF88420BD012
:10A14000012803D0022809D000207047A1F10200A5
:10A15000B0FA80F04009704701207047A1F101007A
:10A16000B0FA80F040097047012908D0022906D0D2
:10A1700051B94FF08042054BC3F8002170470822C7
:10A18000024BC3F81C21704700DE704700E100E07D
:10A1900008B509F097F908BD032803D8054B185CEA
:10A1A00028B1704700DE034B185C0028F9D100DEAF
:10A1B000704700BFDC630200013810B41C4604285D
:10A1C00006D8DFE800F008111A23030004292FD075
:10A1D00000DE10BC70470429FAD1194B02219C60A3
:10A1E000002010BCF1F7B0BE0329F1D10121154BBD
:10A1F00008469C6010BCF1F7A7BE0429E8D1124BB9
:10A2000002219C60012010BCF1F79EBE032908D0FA
:10A210000429DDD102210D4B08469C6010BCF1F7EA
:10A2200093BE0B4B01219C60022010BCF1F78CBE49
:10A23000084B02219C60032010BCF1F785BE00BFD3
:10A240007C0600206C0600205C0600203C060020F6
:10A250004C0600202C06002001460A20FEF7E6BF2F
:10A260002DE9F0434FF0100E012400224FF0070CAF
:10A27000374B00EB0E0800F1200700F1300600F12B
:10A2800040055C60016809BAC3F81C15416809BA49
:10A29000C3F81815816809BAC3F81415C16809BA5A
:10A2A000C3F81015C0F8308080F834E080F835200D
:10A2B00080F8362080F837C080F8382080F83920C0
:10A2C00080F83A2080F83B2080F83C2080F83D2040
:10A2D00080F83E2080F83F20076480F844E080F852
:10A2E000452080F8462080F847C080F8482080F854
:10A2F000492080F84A2080F84B2080F84C2080F8D4
:10A300004D2080F84E2080F84F20C3F83065C3F808
:10A310003855C3F80021C3F804211C6005E0D3F8C8
:10A32000041131B9D3F8301519B1D3F8001100294F
:10A33000F5D05C60D3F804110029A2D1D3F8309590
:10A34000B9F1000F9DD0C3F83015BDE8F08300BF10
:10A35000007004502DE9F0410126124C4720D4F83A
:10A3600030756660E8F72AFCD4F80401A7F14005CF
:10A3700040B10021C4F804113046D5E90E32BDE8E1
:10A38000F0411847D4F8003143B1C4F80001A7F1F7
:10A390002001D5E90E32BDE8F041184700DEBDE8E6
:10A3A000F08100BF0070045070B5044694B00E46B2
:10A3B00015462146102268461C46F1F723FD10225F
:10A3C00031460DEB0200F1F71DFD6846FFF748FF2F
:10A3D00025B11022284608A9F1F714FD2CB108ADCB
:10A3E0000FCD20606160A260E36014B070BD00BF5B
:10A3F0000122024BC3F80424704700BF002008E08C
:10A40000084B70B5C31A0D4607499B1004465943C3
:10A410004022064808F081F92B4601462046BDE857
:10A420007040184718320020B76DDBB6904D02001F
:10A43000402373B50B4C0093041B0B460D460A4991
:10A44000A41061430646094A094808F092F90146FA
:10A4500028B130462B4602B0BDE87040184702B024
:10A4600070BD00BF18320020B76DDBB6DF270200D9
:10A47000904D0200F8B500220121054640F205107A
:10A48000E8F7BEFB0F4800F005FE0446B8B900F03F
:10A4900021FE2F690C49384605F0C2FC031E09DB7A
:10A4A00001263E642D69084905F11C0005F0B8FC41
:10A4B000031E02DA1C462046F8BDEE64FBE76FF08F
:10A4C0000404F8E7F5A50100E06302001FB50022CF
:10A4D00001236C46CDE902236B46074ACDE90044CF
:10A4E00008F076F928B943F609520023684602F0CD
:10A4F00069F804B010BD00BFF127020010B5EFF3FA
:10A500001184202383F31288BFF36F8F074A1368E7
:10A5100023F00201DB07116002D4012008F0BEFA2B
:10A5200084F31188BFF36F8F10BD00BF6832002025
:10A530000C22104B014602FB0033002030B4D3E95B
:10A540000E529863EFF31180202484F31288BFF336
:10A550006F8F1C6C04F0C00444F002041C6480F390
:10A560001188BFF36F8F1DB12B4630BC02481847CE
:10A5700030BC704718320020904D020010B4EFF349
:10A580001180202282F31288BFF36F8F16490B6867
:10A5900043F0020413F001030C6017D0134BD3F8FF
:10A5A0000C3413F4803311D0EFF3118182F312884D
:10A5B000BFF36F8F0E4A136C03F0C00343F0020326
:10A5C000136481F31188BFF36F8F012380F3118827
:10A5D000BFF36F8F1BB1002010BCFFF7A9BF012094
:10A5E00010BC08F053BA00BF6832002000E01050E1
:10A5F00018320020022808D0042808D1044B186C17
:10A6000010F0070003D1FFF793BF0120FBE770476D
:10A6100018320020C3B21C20014A00FB03207047FF
:10A6200018320020074BD3E8EF2F42F00101C3E8B6
:10A63000E01F0028F7D1930702D4012008F026BAC2
:10A64000704700BF6832002010B5EFF3118420235B
:10A6500083F31288BFF36F8F074A136823F0010159
:10A660009B07116002D4012008F018FA84F31188C6
:10A67000BFF36F8F10BD00BF683200202DE9F0419D
:10A68000012280463549D1E8EF3FC1E8E02F00289C
:10A69000F9D133B9324933484B60CB608A6005F059
:10A6A000D2FB08F1FF33012B4BD8B8F1010F06D1D3
:10A6B0002D4BD3F8503403F00303012B41D008F0A5
:10A6C00001FF054650B1EFF31186202383F3128872
:10A6D000BFF36F8F0125244C244F20E0244B1B78BF
:10A6E000002BF0D00422204B0646C3F80823F2E7E3
:10A6F0004DB3304605F024FED4F8403413F0FF0388
:10A700000DD1D4F8082152B1C4F80831D4F8083179
:10A7100020220123C4F84034C7F8A0212361D4F8D3
:10A720004C24D4F84C34D203E2D503F00303012BBC
:10A7300002D0B8F1010FDBD155B186F31188BFF318
:10A740006F8FBDE8F0810021202008F081FFD3E762
:10A750000422054BC3F80423F3E700BF14320020A2
:10A76000043200203432002000E0105000E100E00C
:10A77000043B002008B5074808F0F4FB38B1064850
:10A78000E8F790FD0448E7F7B3F8002008BD6FF044
:10A790001200FBE71C4E02009DA701000A2838B5F5
:10A7A0000446074D04D1AB680D2128465B689847E5
:10A7B000AB6803485B68E1B29847204638BD00BFEC
:10A7C0001C4E02002DE9F04340F206354768D006E2
:10A7D00048BF4FF0030C3B7C02EA050558BFC2F3AB
:10A7E000401C87B001F01F06B5F5837F144646EA8A
:10A7F00043168DF803C045D00DD8062D44D005D89A
:10A80000A5B1022D12D06FF0150038E0B5F5807FAC
:10A81000F9D101250AE040F20222954236D0B5F581
:10A82000407F35D0B5F5007FEDD10425220331D529
:10A8300001237A688B405360B86890BB5F2E06F0A6
:10A840001F034FEA561175D83C4A52F82120C4F331
:10A85000004102EB8302D2F8803081F00101C4F3A1
:10A86000404423F4706344EA410423F00F031C4383
:10A8700044EA8C0444EA0524C2F88040002007B072
:10A88000BDE8F0830925D1E70825CFE70625CDE708
:10A890000525CBE7630341BF01237A688B409360B2
:10A8A000CAE731460DF1020208F0CBFA14F4403F3A
:10A8B00080460CD13146B86808F0DCFAB8F1000FD8
:10A8C000DCD19DF80210B86801F00CF8D6E74FF023
:10A8D000000901ABCDE90199CDE90439CDF80C901F
:10A8E0003146B86803AA08F0F5F94845C6DB14F408
:10A8F000003314D09DF80330C4F3004484F0010405
:10A900008DF80E308DF80C508DF80D404B463146C9
:10A91000B86803AA00F038FF0028CFDAAEE7CDE927
:10A9200004330DF1030303933146B86803AA08F01A
:10A93000D1F9F1E7203350F82330FFDE0464020040
:10A940004209022A034670B503D0012A18D0CAB1C1
:10A9500070BD0E4E326951680029F9D0012503F00F
:10A960001F030C689D400029F2D08A682A4002D05B
:10A9700030464B6898473CB1236821461C46F2E7B5
:10A98000034EE7E7034EE5E72346F6E7E44D020012
:10A99000C84D0200AC4D020038B54568A868C0B18A
:10A9A00008F062FA0146A0B9A86800F063FF044607
:10A9B00088B902460949A86808F040FA22460121F0
:10A9C000DB20E8F71DF92246012140F20D10E8F7DF
:10A9D00017F9002038BD6FF00400FBE741A9010022
:10A9E000F0B545681646A8682A7C01F01F0487B0B8
:10A9F00044EA4214002868D0B6F5001F04D121466D
:10AA000008F08AFA002051E00020B6F5800F01AA74
:10AA10000190506039D1B3F1007F14BF05230423A6
:10AA20008DF804300023CDE904230393EB680DF186
:10AA3000030723FA01F111F0010139D1B6F1A07F2A
:10AA400036D104F01F035F2C4FEA541003F12003AA
:10AA50003ED8214A52F8202052F82330DB0727D471
:10AA60003A462146A86808F0ECF9163018D002974B
:10AA70002146A86803AA08F02DF9002816DB012258
:10AA80002146A86808F0F8F9BCE7B3F1C06F05D01B
:10AA9000B3F1007F14BF01230223C1E70323BFE703
:10AAA0003946A86800F028FF0028E0DA07B0F0BDBA
:10AAB0003A462146A86808F0C4F90028D8D19DF884
:10AAC0000310A86800F00EFFD2E76FF08500EDE7F5
:10AAD00051F82330FFDE00BF04640200036803F076
:10AAE0001F025F2B02604FEA53129ABF024B53F8CA
:10AAF00022000020704700BF4C6402002DE9F74F90
:10AB0000154606464FF0010800EB8101B14203D122
:10AB1000002003B0BDE8F08F3268C2F3C323082BD6
:10AB2000C2F3080400F2A0805148C75C40F2FF1352
:10AB30009C4208BF4FF0FF34B2F1D05F4FEA12637E
:10AB400010D2192B12D8DFE803F014233734282F42
:10AB500034111111111111111111111111111111C2
:10AB60003A717477382B6AD04E2B25D06FF0850060
:10AB7000CFE7C5F80446621C56D001A80194FFF740
:10AB8000ADFF019B4FF0010908FA03F3436029E090
:10AB9000C5F80C464FF0000A62E04FF00009C5F816
:10ABA0000046601C16D13FE04FF00109C5F804468D
:10ABB000F7E7C5F80846EDE7C5F81046DBE7C5F846
:10ABC00060457388621C03F001032DD0002BD4D1A3
:10ABD0004FF0010901A80194FFF780FF019B08FADB
:10ABE00003F383604FF0010AD6F800B001A81BF40C
:10ABF000004F1CBF4FF001094FF0000A0194FFF70E
:10AC00006DFF019B1B4C00EB8300D0F88020CBF341
:10AC1000412B3B0243EA8B0343EA0A0314402343DC
:10AC200043EA4903C0F8803004366FE7C5F864454D
:10AC3000C7E7C5F86845C4E7C5F86C45C1E701A892
:10AC40000194FFF74BFF4FF0010A019B00EB8300DB
:10AC5000D0F8803023F0E04343F08043C0F88030E8
:10AC6000631CE1D0D146BFE76FF0150051E700BF8C
:10AC7000B69A0200F0F0FCFF2DE9F04104460D46C3
:10AC8000476808F01FFC88B12021EFF311831A46B2
:10AC900081F31288BFF36F8F60680068D0F83001CD
:10ACA000D0B983F31188BFF36F8FEEE71E4B1B788B
:10ACB000002BE9D04FF02008642663681B68D3F8A6
:10ACC0003031FBB9012007F0AAFE013EF5D1002189
:10ACD000202008F0BDFCEFE77B6A00201D70636850
:10ACE000796A1B68C3F83C170121C3F84017C3F801
:10ACF0003001D3F83001196582F31188BFF36F8FEB
:10AD0000BDE8F081EFF311831A4688F31288BFF390
:10AD10006F8F61680968D1F830110029DCD183F3A5
:10AD20001188BFF36F8FD2E7043B002070B40F4C43
:10AD3000D4E90015501A63EB0506400940EAC660E5
:10AD40002026E0FB0615C4E900150024002508496B
:10AD5000C1E90023074BC3E90045EFF3118186F3F6
:10AD60001288BFF36F8F70BC02F050BB88180020B0
:10AD7000701800208018002008B500220121E4206E
:10AD8000E7F73EFF164A0020D2F8183723F4403385
:10AD9000C2F8183700F004FF002820DB0120114919
:10ADA00000F08AFF00281ADB00F0D4FE0E4B20F0E2
:10ADB0001F00C3E900010D4B0022C3E900014FF061
:10ADC000FF304FF0FF310A4BC3E90001094B0A493C
:10ADD000187A00F0CFFE67220020084B1A6008BDE9
:10ADE00000200E50940600208818002068180020CB
:10ADF000701800208C0600202DAD01009832002034
:10AE000008B500F0A7FE064AD2E90032C01A054B89
:10AE100061EB0201C3E90001400940EAC16008BDDD
:10AE2000881800208018002010B500F095FF012040
:10AE3000FFF7F0FB05F052F8BDE81040054B064A5D
:10AE40001B684FF47A70B3FBF2F35843034B43F0A3
:10AE5000010318479806002040420F0040590200A5
:10AE6000F7B5224B0146224F187A224BD7E90056FC
:10AE7000D3E900239E4208BF954211D1B1F1806F02
:10AE80000ED24901012938BF012101224D1946F195
:10AE90000006C7E9005603B0BDE8F04000F0E8BF87
:10AEA000154BDFF858C0D3E90043DCE9002CA418A7
:10AEB00043EB0C0C4FF0200E22466346C1FB0E23E1
:10AEC000954276EB0301C7E900230DD2291B66EBFF
:10AED0000C04C82974F10004B4BF012100210091C1
:10AEE00000F090FF03B0F0BD0021F8E78C060020D1
:10AEF0007818002070180020881800208018002082
:10AF0000064BD3F840231C2A05D1D3F84403431E33
:10AF10005842584170470020704700BF00C0FF00F2
:10AF200003689A070CD50368DB070DD50922074B88
:10AF3000C3F80C250F22C3F8042501221A60FEE78E
:10AF4000034B0360EF3B0360704700BF008010506D
:10AF5000F000FA5008B50123404A4148C2F80038D1
:10AF6000404AD2F840231C2A04BF3F4AC2F80C349E
:10AF7000FFF7D6FF0830FFF7D3FF0830FFF7D0FF09
:10AF80000830FFF7CDFF00F5F470FFF7C9FF374A2F
:10AF9000D2F88C3043F44063C2F88C300022D300E6
:10AFA00003F57F0303F54043D3F8001401310AD0C1
:10AFB000D3F8001439B1D3F800140132D3F80434B3
:10AFC000402A0B60EBD1254BD3F84024002A41D016
:10AFD000FFF796FF48B1234BD3F83423244B9A4212
:10AFE0009EBF1E4B234AC3F84026FFF789FF18B1C6
:10AFF000214B224AC3F8AC27FFF782FF48B1342225
:10B00000164BC3F82426D3F83C2622F40022C3F8BA
:10B010003C261B4B1549D3F80026D20744BF6FF0DE
:10B020000102C3F80026174BD3F8182522F00302BB
:10B03000C3F81825D3F8182542F00302C3F81825E1
:10B04000D1F88C2042F44062C1F88C200022C3F871
:10B05000A02508BDC822C3F84024B9E7000012505B
:10B0600000C50D5000C0FF000030055000ED00E0AD
:10B07000001D0A1840E0A91E00A0085078000A042C
:10B0800000E0105000B00450014B1B68184700BF8F
:10B090009C32002010B50C4C237993B90123237105
:10B0A0000A4B0028206018BF184600F0F3F850B98A
:10B0B00023680748002B08BF1846BDE8104000F081
:10B0C00035B86FF0770010BD9C32002089B00100C8
:10B0D000892A020008B5074B1B6853B140F20510DE
:10B0E000E7F780FD28B9BDE8084040F20510E7F712
:10B0F00057BD08BD9C32002038B504230A4C42F2EB
:10B100001075C4F80833012363610023C4F80831C3
:10B11000D4F80831D4F84C34DB0304D5012007F00F
:10B120007EFC013DF6D138BD00E01050064A13798F
:10B130003BB9012110601171044A1846C2F840342D
:10B1400070476FF077007047A432002000E0105085
:10B1500010B51D4B1D4CD3F84C14D3F84C2411F4EE
:10B16000803F19D002F00302012A01D08AB90022DF
:10B17000154BC3F840240022C3F80821D3F8082156
:10B1800001221A6122688AB9D3F80821002AFBD06B
:10B1900014E0FFF7B1FFEAE7D3F84824D107E6D57A
:10B1A000D3F850249207F4D422681AB10422C3F8C9
:10B1B000042310BDD3F80821002AFBD00022C3F8D5
:10B1C0000821D3F80831F4E700E01050A432002041
:10B1D000F8B50125184C194ED4F80C3303F00C03C4
:10B1E00003B9F8BDB3FA83F30027C3F11F039A0034
:10B1F00002F5807292B202F1A04202F58712176046
:10B2000005FA03F1022B1268D8B2C4F8081310D162
:10B21000D4F84C34D4F84C349B070AD10423C4F836
:10B220004054C4F804332561D4F80C3303F00C0304
:10B23000D6E733689847F7E700E01050A4320020C3
:10B24000712238B5104B0021C3F80823012242F2C5
:10B2500010745A60C3F80011D3F800110B490A4D5D
:10B26000D1F840131C2908BFDA60D5F80C3413F468
:10B27000803305D0012007F0D2FB013CF5D138BD69
:10B28000034A5371FBE700BF00E0105000C0FF000D
:10B29000AC320020054B0246187918B91A60012219
:10B2A0001A7170476FF07700704700BFAC32002012
:10B2B0000022164BC3F81021D3F81011C3F818213F
:10B2C000D3F81811C3F81421D3F814111049D1F888
:10B2D00040131C2904BF01219960C3F80021D3F851
:10B2E000002101221A600B4A126852B9074BD3F8A9
:10B2F0000021002AFBD00022C3F80021D3F800313E
:10B3000070477122C3F80423704700BF00E010505B
:10B3100000C0FF00AC320020F8B50126194C1A4DD0
:10B32000D4F80C3303F0710303B9F8BDB3FA83F317
:10B330000021C3F11F039A0002F5807292B202F15C
:10B34000A04202F58712116006FA03F7042B126877
:10B35000D8B2C4F8087308D0062B10D02B689847D1
:10B36000D4F80C3303F07103DEE702236B71C4F8E9
:10B370001411D4F814312023C4F80433EEE76971B2
:10B38000ECE700BF00E01050AC320020102205496D
:10B3900011F8013D013A01330B701B0A01D0002A5C
:10B3A000F6D17047C0180020254B90B004931123AC
:10B3B000244A2549CDE9062308AB059340F611023E
:10B3C000224BCDE90A12089320330C9321230CAAB7
:10B3D00009921F4A0090CDE90E230123CDE90132E5
:10B3E0000D9320231B4A0393D2F8003443F001034A
:10B3F000C2F800344FF0A34304AA1A600322C3F832
:10B4000010D05A63BFF35F8F9A639A6A12F0240FC9
:10B4100012D1D86B10F02300F7D14FF0A3431022C4
:10B420005A6300225A630B4AD2F8003423F0010316
:10B43000C2F8003410B070474FF0FF30EDE700BFA6
:10B44000A8640200040000202000002090180020C2
:10B4500010000020008004502DE9F04104464FF018
:10B4600000088CB06F4608EB0700FFF78FFFFFF76F
:10B470009BFF6D46064608BB08F11008B8F1300F77
:10B48000F0D11CB104F13002944210D10FCD0D4C1B
:10B490000FC495E80F0084E80F0010340CAB13E9DB
:10B4A0000F0084E80F0030460CB0BDE8F081396829
:10B4B00054F8043B4B4047F8043BE5E74FF0FF36B8
:10B4C000F1E700BF901800202DE9F04119B10028E4
:10B4D00055D0402956D800244FF48076A6464FF424
:10B4E00000772A4ADFF8A8C0D2F8003443F00203FC
:10B4F000C2F80034274A284B82F839E01E601C64E9
:10B500005C645F63C3F800C01D6B15F00E0FC5F3DC
:10B510004208F9D0B8F1050FEED092F839508DB944
:10B520005D68032DF0D9D3F880501D61D3F88050A9
:10B530005D61D3F880509D61D3F88050DD610125B5
:10B5400082F839505D68B1EB850FDDD8124A61B1E0
:10B55000D2F88030041D00F8013B84424FEA1323E7
:10B5600001F1FF31F3D00029F5D10020074AD2F8CC
:10B57000003423F00203C2F80034BDE8F0816FF01C
:10B580001500FAE76FF00600F7E700BF00800450EF
:10B5900001000400901800200010805130B58DB0DB
:10B5A00030216846FFF790FF18B14FF0FF300DB023
:10B5B00030BD6846FFF750FF0028F6D10124002572
:10B5C000014BC3E90C45F2E79018002010B50B4C75
:10B5D00094F83830012B0BD040220021204609F08E
:10B5E00005FBFFF7DBFF30B9012384F8383010BDCD
:10B5F0006FF07700FBE76FF08B00F8E79018002002
:10B60000F0B505460C4685B021B1002835D0B1F51E
:10B61000803F32D81A4E736BB3F5803F18D3FFF7D3
:10B62000BDFFA8B16FF08B0005B0F0BD102C6846CF
:10B63000274628BF1027FFF7A9FEFFF7B5FE002811
:10B64000F0D128463A46694609F0AAFAE41B3D447F
:10B65000002CEBD12046FFF7FFFE0028E2D1D6E90F
:10B660000C32013342F1000221462846C6E90C3271
:10B67000FFF72AFF0028D7D0D4E76FF01500D3E7F3
:10B6800090180020036803F01F025F2B02604FEA4E
:10B6900053129ABF024B53F822000020704700BF9C
:10B6A000AC640200034A4309D35C00F01F00184455
:10B6B000C0B27047BF9A0200F0B50646002487B0BA
:10B6C000114F019117F8012B06AB03EBD20313F8CE
:10B6D000143C02F00702D34013F0010306D10134F9
:10B6E000032CEFD10023184607B0F0BD074A03AD85
:10B6F00007CA85E8070055F824100A6A46F824208E
:10B700000A62002AEBD0EEE7CF9A0200D45802007A
:10B71000F7B504460846FFF7C5FF04EB4006B38AB9
:10B720000D46DB072AD5204607F0B2FA2946204607
:10B7300007F01FFA50B1204607F031FA00232768BE
:10B7400007EB8000C0F81035C0F8103529462046B8
:10B7500007F04EFA002101A8B1820195FFF792FF90
:10B76000019B00EB8300D0F88020064B134043F090
:10B770000203C0F88030084603B0F0BD6FF015003A
:10B78000FAE700BFF0F0FCFF2DE9F043044685B076
:10B79000084615461F46FFF785FF0E46804625B32F
:10B7A000204607F0F1F918B9204607F0E2F918BB76
:10B7B00004EB4809B9F8143003F01C0313B16B789B
:10B7C000012B19D001238DF80F3000233046CDE92D
:10B7D00000536A1CAB1C0DF10F0107F072F9B9F8A8
:10B7E000143043F00303A9F81430002F3ED0314643
:10B7F000204607F0C9F920B96FF0150005B0BDE883
:10B80000F0830022397823684FEA810C03EB81032F
:10B81000C3F81025C3F8102504EB4802938A23F4DB
:10B82000604323F0200393827D78FDB12468B878CB
:10B830006444D4F810750E4B2D043B40C4F8103509
:10B8400041F6F07305F4403503EA06130005D4F819
:10B8500010752B4300F4801003433B43C4F81035AC
:10B86000938A43EA413343F0200393820020C5E7E3
:10B870000FE0ECFF70B590F87440054690F87560E5
:10B8800044BB46222146143009F0B0F92146134A40
:10B890002B6852F836608E4212D1002440F20D100F
:10B8A000C3F84441D3F844210D4A934208BFDB203A
:10B8B000E7F776F90123204685F874302B6670BDD2
:10B8C000CAB2920002F58070442A04BF1C501A5874
:10B8D0000131E0E76FF07700F1E700BFB8640200E4
:10B8E00000A00D5090F87500024B03EB800007F0AC
:10B8F000B2B800BF9C06002010B5064B90F875004A
:10B900000C4603EB800007F08CF80028A4BF2070E1
:10B91000002010BD9C0600202DE9F04F804658F80D
:10B9200004BB90F87540DBF814136A4BC9B253F8A6
:10B93000342007468BB0584641F4003107F081F9B6
:10B940008203054639D50023CDE907330993614BBE
:10B95000E60003EBC404636807A819460093FFF7E9
:10B96000ABFE331D03934FF0000A5B4B0DF11C0936
:10B970000293029A574912F8013B0292039A02EB92
:10B98000D3028A5C03F0070322FA03F3DB071AD41D
:10B990000AF1010ABAF1030F09F10409E9D14FF4E0
:10B9A00000310022584607F04CF9009907A8FFF72C
:10B9B00083FE0028D7D125F400350124002D73D152
:10B9C0000BB0BDE8F08F454B53440493D9F80060A9
:10B9D000002EDDD096FAA6F6B6FA86F6049B1C7801
:10B9E00046EA44142046FFF75DFE07EB4000818ADB
:10B9F000F208C1F3820305930193012319F80200B1
:10BA000006F0070603FA06F620EA060009F8020027
:10BA100006A80694FFF736FE069A11F0100F02F101
:10BA2000200250F82260059BC6F3014623D0404611
:10BA3000019A214607F0BDF806A80694FFF722FEFA
:10BA4000069BF6B2203350F82330C3F301439E42E5
:10BA500007D10021204607F07DF83146204607F047
:10BA600079F806A80694FFF70DFE0122069B02FA5C
:10BA700003F30362AAE7022E14BF0221032120462A
:10BA8000059307F067F8059B032B03D0022E07D11F
:10BA9000012BE6D121464046019A07F08AF8E0E7FB
:10BAA000032EDED1022BF4E795FAA5F3B3FA83F364
:10BAB00004FA03F225EA020503F5A2725BF82220DC
:10BAC00007EB43034046B3F86410C2F3014207F0AA
:10BAD00070F873E7B8640200CF9A0200CF9A0200B0
:10BAE0000123034A03FA00F093680343936070470D
:10BAF000280200200123044A03FA00F0936823EA95
:10BB000000039360704700BF2802002073B504460D
:10BB10000191EFF31186202383F31288BFF36F8F17
:10BB20000B4D019B6A6801A81340019306F079FF51
:10BB3000002807DB01226B68824023EA02036B6066
:10BB40002070002086F31188BFF36F8F02B070BDA4
:10BB5000280200204FF0FF326FF0404330B5044C14
:10BB6000D4E90001824273EB0105F9D330BD00BF77
:10BB700040270E5030B50C25074B1C1894F8544044
:10BB800005FB0433C3E9031218750123034A8340FC
:10BB9000C2F8243330BD00BF2802002000200E5020
:10BBA000F8B53E4C2278002A72D13D4BD3F81015DF
:10BBB00021F00201C3F81015D3F8101541F001016E
:10BBC000C3F810150521C3F8A4160421C3F8AC1658
:10BBD0000723672101F001000244013BD2B24FEA82
:10BBE0005101F7D1052A56D119464FF0010C2B4EC1
:10BBF00000256720CFB204E00CFA02F220EA02002E
:10BC0000013590FAA0F25FFA85FEBE45B2FA82F2E3
:10BC1000F2D3013132750529224482F8547006F1BD
:10BC20000C06E5D1012100251E489A0801FA02F20E
:10BC300012F0670F18BF1D500433302BF5D1E420EC
:10BC4000E6F7AEFF164B1849D3F8102503F5C0737D
:10BC500022F00202C3F8902340F6FF72C3F8A82135
:10BC600000221A60A3F5807004338B420260F8D181
:10BC700001250B4B0D4A1D660D4B5D201B68B3FB68
:10BC8000F2F358430B4B2B43984700202570F8BD27
:10BC90006FF07700FBE76FF08B00F8E728020020D9
:10BCA00000200E5000210E50B0210E5040420F00D7
:10BCB000980600205059020038B5244B0D46D3F8A1
:10BCC000102594073CD4D3F8102542F00202C3F8A3
:10BCD0001025C0B1D3F8482712F0010202BFD3F8F3
:10BCE000481741F00101C3F84817184BD3F8401723
:10BCF000D3F844174800F9D42AB9D3F8482722F0DA
:10BD00000102C3F84827124B124A1B68B3FBF2F337
:10BD10000E4A03EB4313B3B1D2F84017D2F84417DD
:10BD200049000BD44FF0FF312846FFF7EFFE0446E1
:10BD300010B92878FFF7D4FE204638BD013BEAE76A
:10BD40006FF07704F8E76FF07304F5E700200E500A
:10BD50009806002040420F002DE9F047DFF89C9044
:10BD600067234E4656F8044F0025E4434FF0010880
:10BD7000234F04F06704C7F82833E9B2E4B9E4209C
:10BD8000E6F71CFF1E4BD3F8482722F00102C3F848
:10BD90004827D3F8102522F00102C3F81025D3F864
:10BDA000102522F00202C3F8102501225A669A6675
:10BDB00089F80040BDE8F087D9F8083008FA05FA9C
:10BDC0000AEA030313F0670F02D00846FFF792FE5A
:10BDD000D9F80430DB4303F0670313EA0A0F09D0F4
:10BDE000002207EB0513C3F82C25E30702D53046E4
:10BDF00006F031FE64080135BFE700BF28020020CD
:10BE000000200E5070B51E461546174A9DF81010BA
:10BE1000131893F854300C3302EBC30442F8335038
:10BE20006660C6F313020401A1B104F1A04404F555
:10BE30006224C4F82055C4F824250C4C8000044426
:10BE4000236833B1FFF786FEA842B14101D2002337
:10BE5000236070BD04F1A04303F56223C3F82055AD
:10BE6000C3F82425F5E700BF2802002000210E506A
:10BE7000F0B50E4D2B1893F8543000010C3355F8E3
:10BE8000334005EBC3077E68641800F1A04021F041
:10BE9000004146F1000641EAC27100F5622045F812
:10BEA00033407E60C0F82815F0BD00BF2802002096
:10BEB000F7B5284B284CD3F82C6304F188070EB94A
:10BEC00003B0F0BD96FAA6F00123B0FA80F08340EB
:10BED000DA43224926EA0306231893F854508300D4
:10BEE00019440C2303FB0543DB6873B3D7E8EF3F2A
:10BEF00003EA020CC7E8EECFBEF1000FF6D1C34053
:10BF0000DB0719D5020102F1A04202F56222D2F844
:10BF10002435D2F82025D1F800C0BCF1000FCED0D6
:10BF20004FF0000CC1F800C00C2101FB0545296948
:10BF30000091E9688847C2E705F10C0304EBC30CE4
:10BF400054F83320DCF80430E5E70A68002AB6D05C
:10BF50000B60B4E700200E502802002000210E5094
:10BF6000F8B50F4614461D46084E304606F0FAFF57
:10BF700010B96FF08300F8BDB368394630461B68CE
:10BF8000A2B298470028F4D12C60F4E7004E0200DA
:10BF900010B50446E5F79EFF03480121034A04F06B
:10BFA0009BF8204606F0E9FF345802000298020090
:10BFB0002DE9F84304460D4600AFEFF31188202326
:10BFC00083F31288BFF36F8F04282A4A98BF2A4B45
:10BFD000E9468AB09668117C98BF53F820306A46CB
:10BFE00088BF264BCDE9073140F201332448ADF834
:10BFF0002430244BCDE9050442F8103F00234FF4D0
:10C0000031512148E6F734F8CD4645B1EB69C3F329
:10C01000080323B101211D4A1B4804F05DF82EB12D
:10C02000304607F058FA08B1037803B91848E946D2
:10C030008AB06A46174B0790CDE9053640F20133C6
:10C04000ADF82030144B42F8103F00234FF411514B
:10C050000D48E6F70DF82946CD462046FFF798FF34
:10C0600088F31188BFF36F8F3046E6F75BFEBD465D
:10C07000BDE8F883B4320020C864020011980200C1
:10C080001F98020005000001345802004798020082
:10C09000157C0200689802000400000138B50A4BC4
:10C0A00053F82040013053F82050A54200D838BD45
:10C0B000606830B1037EDB0701D406F03BFF083433
:10C0C000F3E723689847FAE7DC640200012270B5C1
:10C0D000294B86B003201A70FFF7E0FF01F024FB24
:10C0E0000420FFF7DBFF254C254D2646AE4204F128
:10C0F00030040FD300F0D2FE204CAC4226D300F027
:10C10000E1FEE4F7B5FF1F4A938923F00103938111
:10C1100006B070BD54F80C3C059354F8103C0493E1
:10C1200054F8143C039354F8183C029354F81C3C04
:10C13000019354F8203C009354E90A2354E90C017C
:10C1400000F0BAFC54F8303C5E65CEE7D4E90A232F
:10C15000B3F1FF3F08BFB2F1FF3F05D052EA030140
:10C16000206803D107F090FA3034C6E7064918304A
:10C1700001F0BCF8F8E700BF043B0020CC560200F9
:10C18000CC56020050190020B335020000230122D2
:10C1900070B586B0CDE904230F220193CDE90232B8
:10C1A00014234FF4A0720E4D0E4E03FB00550E49A2
:10C1B00006EBC016044602FB00110C4B30460095FE
:10C1C00000F07AFC337C2C7423F004033374084BA6
:10C1D000013403EBC423EE606B6006B070BD00BF9A
:10C1E000B4320020D0180020905A00208530020080
:10C1F000905200207FB50020FFF750FF294B03F538
:10C20000006282F3088883F30A880024E023264D25
:10C2100085F82230EC772C766C76AC7685F8204069
:10C220006B6A43F4E0236B6285F82340E6F770FC09
:10C23000E6F762FD4FF0FF33AB62EB62E6F75CFFBF
:10C24000E6F7DEFDE5F7A2FD184800F09FFC0120AF
:10C25000FFF724FF0220164DFFF720FF00F05CFEE1
:10C26000144B4FF480625D61134B14490593012315
:10C270002846CDE90343CDE90144114B009400F079
:10C280001BFC06462B7C284623F004032B7407F086
:10C290005CF92046FFF77AFF31462846084AE6F760
:10C2A0000BFD00BF9052002000ED00E0701A00204E
:10C2B00050190020B4320020CA980200D05B002040
:10C2C000CDC0010038B5064C064DAC4201D300206C
:10C2D00038BD2046D4E9011206F057FE1434F4E7C5
:10C2E0005C0700205C07002038B5074C074DAC42C6
:10C2F00001D3002038BD204606F06BFE08B91C347F
:10C30000F5E76FF01500F5E7080700205C0700204F
:10C3100073B50C46EFF31181202585F31288BFF326
:10C320006F8FC5685DB125602B68C3608369013379
:10C330008361002081F31188BFF36F8F11E052EA0F
:10C34000030603D16FF00B002560F3E7CDE900236E
:10C350000246083000F000FD18B9034B9B685B698A
:10C36000236002B070BD00BFB43200202DE9F3415C
:10C37000044617461E46EFF31188202383F31288E4
:10C38000BFF36F8F304BC2689B6872B18068984270
:10C3900017D057EA060216D188F31188BFF36F8FC2
:10C3A0006FF00F0002B0BDE8F08193F90E1001327A
:10C3B0002161C4E9023288F31188BFF36F8F002036
:10C3C000F0E72169F3E793F90E1090F90E309942E6
:10C3D00030DA9942A8BF194606F05FFE05462246AC
:10C3E0004146CDE90076194800F0B6FC0028E6D0B9
:10C3F000EFF31186202383F31288BFF36F8FA068B9
:10C40000D0B1236821699C420AD04BB193F90E3018
:10C410009942A8BF19466FF07F039942B8BF1946E9
:10C4200006F03BFE40B13146084807F0E8F86FF0EF
:10C430000A00B7E70025D2E7002DF4D186F3118872
:10C44000BFF36F8FF3E700BFB4320020053B00203D
:10C45000F8B583680546002B3FD0234A9268934283
:10C460003ED1C368012B03D9013BC3600020F8BD56
:10C47000EFF31187202383F31288BFF36F8F0169D5
:10C48000806806F00AFE2C68A54207D10023C5E9A2
:10C49000023387F31188BFF36F8FE7E7002CF5D0E5
:10C4A000D4E90032002613605A60237CC4E9006698
:10C4B00023F002032374A66004F1180007F03DF98D
:10C4C000AC6094F90E3020462B61A66707F03DF86A
:10C4D0003946064807F093F8C8E76FF01500C6E73D
:10C4E0004FF0FF30C3E700BFB4320020053B00200F
:10C4F00073B51546EFF31186202282F31288BFF33D
:10C500006F8F0468B4B12368426823F00303944238
:10C5100008BF4360036023689B0704D0656820461A
:10C5200007F098F92C4686F31188BFF36F8F2046E9
:10C5300002B070BD55EA0302F5D000F108023146A1
:10C540001046CDE9005300F007FC0028EFD1024B64
:10C550009B685C69EBE700BFB432002070B5EFF375
:10C560001186202383F31288BFF36F8F0468A042E3
:10C570001AD0CCB1D4E90032002513605A60237C74
:10C58000C4E9005523F002032374A56004F11800E8
:10C5900007F0D3F82046A56706F0D7FF3146BDE87F
:10C5A0007040074807F02BB8D0E902329A4218BF12
:10C5B0000133836086F31188BFF36F8F70BD00BFB6
:10C5C000053B002013B5EFF31181202484F312887A
:10C5D000BFF36F8F846844B1013C846081F311889C
:10C5E000BFF36F8F002002B010BD52EA030406D1E2
:10C5F00081F31188BFF36F8F6FF00F00F3E7CDE980
:10C6000000230246014800F0A7FBECE7053B0020B1
:10C6100007B5074B4FF48062009306494FF0FF3394
:10C62000054800F06DF9002003B05DF804FB00BF81
:10C63000F4640200D05F0020D01900202DE9FF41F2
:10C6400004462027534EEFF3118887F31288BFF377
:10C650006F8FD4F88450F5B9022104F19C0006F0E4
:10C6600000FE002870D004F1940500220121284624
:10C6700007F02AF80028F8D100234FF0FF32029388
:10C680004FF0FF334146CDE90023434804F18C02CB
:10C6900000F06CFDD7E7D4F888202B689542C4F8E9
:10C6A000843008BFC4F88830D4F89C3043F00203CB
:10C6B000C4F89C30EB6823F0040343F00103EB6003
:10C6C0006B6888F31188BFF36F8F28469847EFF3A4
:10C6D000118887F31288BFF36F8FEB68D80623F0B9
:10C6E00001023ED4EA60EB689A0717D5306823F060
:10C6F0000203EB6090B10021036878B14268954273
:10C700003DD10368002934D172683360904200D172
:10C710007360002340F8083BFFF720FFD4F89C30FB
:10C7200023F00203C4F89C30DB0530D4D4F8843005
:10C73000003B18BF012388F31188BFF36F8F002BD4
:10C7400081D000F0F1FB7EE7D4F89C30D90693D578
:10C75000C4F89C0088F31188BFF36F8F04B0BDE864
:10C76000F08123F01103EB6005F11000FFF7F6FEF6
:10C77000B9E70B607368984208BF7160C9E701466A
:10C780001BB11A6818461346B7E71A46FAE70023A2
:10C79000D1E700BFD4320020053B002070B5C3684C
:10C7A0000546C3F340069B070C460DD50122002128
:10C7B00004F1080006F049FD00232360054B656085
:10C7C0005A681AB9C3E90044304670BD14605C6011
:10C7D000FAE700BFD4320020F8B5C36804469A07D0
:10C7E0000E46C3F3400542D45F0742D40B680BB931
:10C7F00083680B60E368D80742BFA36802253360F3
:10C80000376858BF012557B31B4B9A68D7F880305B
:10C810009A421ED106F056FE80F00100C0B2D7F851
:10C820009C30D907C3F380021CD5F2B1F8B10023C4
:10C830002360D7F8883073B9C7E92144384606F039
:10C840002BFDE36843F00403E3603368A3602846EC
:10C85000F8BD0020E3E71C60C7F88840EEE76FF002
:10C86000150506E06FF0120503E01B07DFD56FF03A
:10C870000F0500233360EAE7B4320020F8B5C3683F
:10C88000064603F00503002B0C4614BF01270027C2
:10C890001CD085680122002104F1100006F0D5FCAF
:10C8A0002046134906F059FDE36843F01003E360A6
:10C8B000F3685B0712D5336823606BB9D5F888300D
:10C8C00033B9C5E92144284606F0E6FC3846F8BDF0
:10C8D0001C60C5F88840F6E73460F4E7D5F884308A
:10C8E0002360D5F88830C5F88440002BEBD1F0E701
:10C8F000793202000146014806F05ABDD0190020E5
:10C90000F0B50446002089B00E9DC4E9210004F171
:10C910008C00C4E9230004F19400C4E9250055B358
:10C920002879002840F2011008BF0120C4F89C00BB
:10C9300000204FF0FF364FF0FF37CDE90330CDE94F
:10C940000100CDE9066720460C4B009400F0F2F898
:10C9500055B1296811B1204606F0BAFD6B791BB1BB
:10C96000A38943F00103A381204606F08DFEC4F89D
:10C97000804009B0F0BD0120D8E700BF3DC60100EE
:10C9800037B501900846EFF31184202181F3128816
:10C99000BFF36F8FC16811F01E0F16D153EA020565
:10C9A00008D101A9FFF718FF84F31188BFF36F8F37
:10C9B00003B030BD41F00801C160019910308161C0
:10C9C000034900F093FC0120EEE70020ECE700BFF4
:10C9D0000D33020001460148FFF7D2BFD0190020F5
:10C9E000F7B50C4616461D460190EFF3118720233C
:10C9F00083F31288BFF36F8F084606F03EFC55EABA
:10CA0000060309D1204601A9FFF7E6FE87F3118846
:10CA1000BFF36F8F03B0F0BDE368324643F0080305
:10CA2000E360019B0449A36204F110002B4600F06F
:10CA30005DFC0120EAE700BF0D330200014601481A
:10CA4000FFF7CEBFD01900202DE9F0410546EFF3E6
:10CA50001187202383F31288BFF36F8F0468A042ED
:10CA60001BD0D4B10026204606F01FFD04F11800AB
:10CA700006F063FEB0462046C4F8788006F065FDF7
:10CA80002C680136A54210D07CB1204606F00DFD81
:10CA900004F1180006F051FEEDE787F31188BFF3AB
:10CAA0006F8F00263046BDE8F0813946014806F018
:10CAB000A6FDF7E7053B00202DE9F043984685B039
:10CAC00000F15803C0E91633109B0026838104232C
:10CAD000073222F0070503740F9B01EB05090F468F
:10CAE00083734946C0E906668660C6730446E5F767
:10CAF000D5FD0E9B073020F00700A066C4E918752D
:10CB000002930D9BA9EB000901930C9B4A460093ED
:10CB1000394643462046E6F7B3F8054B66659B6801
:10CB200003B1DB6E4846E36605B0BDE8F08300BFA5
:10CB3000B4320020F0B5002587B00595109DDDE9E1
:10CB4000127604950F9D044603950E9D02950D9D4A
:10CB500001950C9D0095FFF7AFFFB6F1FF3F08BFB1
:10CB6000B7F1FF3F05D056EA070305D1204606F08E
:10CB70008BFD204607B0F0BD3A46334604F118005D
:10CB8000014900F0B3FBF4E7B3350200012303745D
:10CB900083810023C0E91833C366014B9860704756
:10CBA000B43200206FF00A01084A93689967084977
:10CBB00058674B6843F080534B60002383F3118820
:10CBC000BFF36F8F9368986F704700BFB432002037
:10CBD00000ED00E070B590F91020037C002A2FDBF7
:10CBE000D9062DD11A4C63F07F032246037452F804
:10CBF000183FE169934207D1C0E900210860E06174
:10CC00000FE09942F8D01B68002BF5D093F90E6025
:10CC100090F90E50AE42F4DD5968C0E90031086069
:10CC20005860A569954200D005B9E568A3681A7CEB
:10CC3000D20606D1DA897F2A03D9AA690AB96361C3
:10CC400070BDAB4202D0284600F0D2FA6561F7E72A
:10CC5000B432002038B590F910200146002A037C38
:10CC600004DA03F07F03037406F037FC0D4D2A4607
:10CC700052F8184FAB68944200D004B9EC688B426C
:10CC800007D01A7CD20604D1DA897F2A01D9A26999
:10CC90002AB1A34202D0204600F0AAFA23466B61D3
:10CCA00038BD00BFB4320020B3F1FF3F08BFB2F17E
:10CCB000FF3F03D00249183000F018BB704700BF97
:10CCC000B3350200034648B9EFF3058232B9064A8C
:10CCD00051699268914201D0FFF764BF83F31188D4
:10CCE000BFF36F8F704700BFB432002038B5184CC7
:10CCF000A168E0690B68814214BF1A4600224968A6
:10CD00000B605960A368E1692AB9124AC3E900219E
:10CD10000B60E3610AE092F90E5093F90E00854230
:10CD200012DD5168C3E900210B605360A569094B0E
:10CD30009D4200D005B9E568A3689D4202D028460F
:10CD400000F056FA656138BD8A42DED01268DBE732
:10CD5000B4320020CC320020F8B5DDE906670D4B77
:10CD60000C46986811460C4A1060EFF3118220229D
:10CD700082F31288BFF36F8F9D68284606F0BFFBD1
:10CD8000284632463B46FFF78FFF2046BDE8F84075
:10CD9000FFF708BFB4320020DC320020F8B50446AB
:10CDA000EFF31187202383F31288BFF36F8F037C87
:10CDB00049B203F01F02002A0CBF0126002635D11C
:10CDC00003F07F032A4D037406F087FB2A46037C99
:10CDD000817363F07F03037452F8183FE86993424C
:10CDE00007D1C4E900200460EC610DE09842F8D05E
:10CDF0001B68002BF5D093F90EC08C45F6DD596801
:10CE0000C4E900310C605C60AC69944200D004B9A4
:10CE1000EC68AB689C4202D0204600F0E9F96C61F6
:10CE200087F31188BFF36F8F3046F8BD9B071CD581
:10CE3000856806F052FB81732B689D4209D16B68AF
:10CE4000C4E900531C606C60EAE76A689A42F6D055
:10CE50001B68002BF3D093F90E208A42F5DD5A6847
:10CE6000C4E9003214605C60DAE78173D8E700BF80
:10CE7000B4320020034648B9EFF3058232B9064ABE
:10CE800051699268914201D0FFF78CBE83F31188FB
:10CE9000BFF36F8F704700BFB4320020EFF31181F2
:10CEA000202383F31288BFF36F8F054B9A68D37BDF
:10CEB000013BD37381F31188BFF36F8F704700BFBD
:10CEC000B432002070B5EFF31186202383F312886B
:10CED000BFF36F8F0F4DAB68DA7B0132DA732A46EE
:10CEE00052F8184F944200D004B9EC681A7CD2066C
:10CEF00004D1DA897F2A01D9A2692AB19C4202D0E1
:10CF0000204600F075F923466B613046BDE870405D
:10CF1000FFF7D8BEB4320020024B03F11802C3E978
:10CF200006227047B432002070B5EFF3118620233B
:10CF300083F31288BFF36F8F1A4CA168E0690B6806
:10CF4000814214BF1A46002249680B605960A368E9
:10CF5000E1692AB9144AC3E900210B60E3610AE0E0
:10CF600092F90E5093F90E00854216DD5168C3E91F
:10CF700000210B605360A5690B4B9D4200D005B9A1
:10CF8000E568A3689D4202D0284600F031F965614A
:10CF90003046BDE87040FFF705BE8A42DAD012681D
:10CFA000D7E700BFB4320020CC320020F8B550EAF9
:10CFB000010306460C4603D1FFF7B6FF0020F8BD7B
:10CFC000EFF31187202383F31288BFF36F8F124D85
:10CFD000124BA8681860FFF73DFEA868234632464A
:10CFE0000F49183000F082F9AA680446137C3846CD
:10CFF00043F004031374FFF7D5FDAB68D3E90A23AC
:10D00000B3F1004F08BF002AD8D106F0CBFB201A9D
:10D0100020EAE070D3E700BFB4320020DC32002009
:10D02000B3350200014B9868704700BFB43200204E
:10D030002DE9F84304468789EFF31186202383F313
:10D040001288BFF36F8F037C190705D586F311880B
:10D05000BFF36F8FBDE8F883D90943F008026FD1A1
:10D060000274A36813B1204606F03FFA04F11800D9
:10D0700006F063FBA56D04F15808A84511D04FF0E8
:10D08000000975B1284606F030FA05F1180006F0DF
:10D0900054FB2846C5F87890FFF79CFDA56DA84580
:10D0A000EFD1DFF8BC80D8F808309C4250D1EFF3C4
:10D0B0000589B9F1000918BF4FF00109D8F81850D7
:10D0C000284A954200D00DB9D8F80C50AB4202D096
:10D0D000284600F08DF82046C8F8145003F019F9DE
:10D0E000B9F1000F02D02048FFF750FDD8F8083002
:10D0F0009C4230D1EFF305836BBBA289D20711D5D7
:10D1000086F31188BFF36F8F83F31188BFF36F8F9E
:10D110000423184602DFEFF31186202383F31288DD
:10D12000BFF36F8F3046FFF73DFDFB0792D500231D
:10D1300083F31188BFF36F8F0423184602DF89E75A
:10D1400003F07F0343F00803037406F0C6F988E791
:10D150004FF00009B2E786F31188BFF36F8FE4E761
:10D16000B4320020CC320020701A0020D3B5DDE9A3
:10D170000667089CCDE90067FFF7EEFD1CB1034B85
:10D180009B685B69236002B0D0BD00BFB432002051
:10D19000027C034612F01F0210D10A4988420DD0CA
:10D1A0000949086868B1D9897F2909D893F90E20FF
:10D1B000064B1B689A42B8BF00207047002070479A
:10D1C00010467047D0180020A4060020E03200204E
:10D1D0000122044BC01A044BC0105843034B1A548D
:10D1E000704700BFF01A0020ABAAAAAA053B002096
:10D1F00070B50C4B0C4D1E7CFFF7CAFF182303FBC8
:10D2000006550446284606F098FA0022074B9A5520
:10D210003CB1621E2846BDE870400549D31700F0B6
:10D2200065B870BDB4320020F01A0020053B002024
:10D23000D1D1010038B5EFF31185202383F3128893
:10D24000BFF36F8F0F4B104A9C681068A04206D145
:10D25000FFF7CEFF85F31188BFF36F8F38BD002134
:10D260001B7C1160094AD35C002BF3D02046FFF7EA
:10D270008FFF0028EED0237CDB0601D1FFF736FDBF
:10D280002046E5E7B4320020DC320020053B0020D8
:10D29000024B1868984208BF00207047A80600207B
:10D2A000034B1B680BB9FDF7ABBD0020704700BFF7
:10D2B000E432002030B570B10B4B5B6898420AD065
:10D2C000036843B1D3E90421D0E90445121941EBC5
:10D2D0000501C3E90421D0E9003213605A6000233C
:10D2E000C0E9003330BD00BFA8060020B3F1FF3F06
:10D2F00008BFB2F1FF3F2DE9F84F044699461546A5
:10D300001F467AD08160EFF31188202383F31288BF
:10D31000BFF36F8FB9F1000FDFF8E4A020DBFFF758
:10D32000BFFFDAE90027013549F100092D1849EB63
:10D33000E07306464FF00109C4E90453AD1843EB0E
:10D340000707FFF7A5FF0346DFF8B8E0DEF804A003
:10D35000EBB9C4E900EACAF80040CEF8044028E07E
:10D360006FF00103DAE900125B1A4FF0FF3161EB55
:10D3700002025B1B62EB0902012B72F10001BCBFD0
:10D38000012300224FF00009C0E90432D9E7D3E9B4
:10D39000041CD4E904208A4270EB0C0B24DA891AAD
:10D3A0005A686CEB0000C3E90410C4E90032146051
:10D3B0005C60FFF76DFF84420ED1134B1B685BB9B5
:10D3C000B9F1000F02D1FFF76BFF0646304606F0B9
:10D3D0009DF90021FDF744FD88F31188BFF36F8F9D
:10D3E00028463946BDE8F88F521A60EB0C005345C9
:10D3F000C4E90420ADD01B68AAE700252F46EFE75B
:10D40000081B0020A8060020E43200202DE9F04788
:10D41000DFF8A8900246C9F800000D46FFF738FF74
:10D4200000260027DFF898804FEAE27ED8E9001353
:10D4300050B1D0E9044CA2427EEB0C0A1ADAA41ACD
:10D440006CEB0E06C0E904460024521843EB0E03B1
:10D450002046C8E90023C9F8004006F057F92146E4
:10D46000FDF7FEFC85F31188BFF36F8FBDE8F04731
:10D47000FFF7E0BE611843EBE473C0E90467C8E955
:10D480000013FFF717FF01224FF00043C0E9042308
:10D4900085F31188BFF36F8F83689847EFF3118589
:10D4A000202383F31288BFF36F8FD9F80020121B5B
:10D4B000C9F80020FFF7ECFEB6E700BFE432002019
:10D4C000081B002010B5EFF31184202383F312888A
:10D4D000BFF36F8FFFF7E4FE0346054AD2E9000170
:10D4E000181841EBE37184F31188BFF36F8F10BDFF
:10D4F000081B0020F8B50446EFF31187202383F3BF
:10D500001288BFF36F8FD0E90423B3F1004F08BF37
:10D51000012A04D087F31188BFF36F8FF8BDD0E9DB
:10D520000A566A1C46F10003022A73F1000334D341
:10D53000013D46F1FF36002EBCBF00252E4606F009
:10D5400035F9013041F10001401946EB0101012894
:10D5500071F1000147DB06F029F96FF00203013099
:10D5600041F10001401946EB010183426FF0004395
:10D570008B413DDB06F01AF9013041F100016FF0FB
:10D580000102401946EB01034FF0FF31121A61EB23
:10D59000030320461849FFF7A9FE236B01332363D9
:10D5A000236A63B187F31188BFF36F8F20469847D2
:10D5B000EFF31187202383F31288BFF36F8F54F8A2
:10D5C000185FA542A6D0002DA4D0284605F0CCFFB8
:10D5D0000023AB6787F31188BFF36F8F2846BDE840
:10D5E000F84005F0B2BF6FF001024FF0FF33D0E713
:10D5F00000224FF00043CCE7F5D401002DE9F041C3
:10D6000005461C4690461F46EFF31186202383F300
:10D610001288BFF36F8FB4F1FF3F08BFB2F1FF3F35
:10D6200005D186F31188BFF36F8FBDE8F081002C20
:10D6300009DB012A74F10003BCBF0122002412F1AE
:10D64000FF3844F1FF37284606F077F8DDE9060198
:10D650000023C5E90A012B6342463B46284602499E
:10D66000FFF744FEDDE700BFF5D4010070B50546C5
:10D67000EFF31184202686F31288BFF36F8F06F034
:10D680005CF820B184F31188BFF36F8F70BD6B6AB3
:10D6900063B184F31188BFF36F8F28466B6A984794
:10D6A000EFF3118486F31288BFF36F8F05F1180032
:10D6B00005F08FFF0028E5D005F047FF2146BDE8C3
:10D6C0007040014805F09BBF063B0020F8B50746B7
:10D6D0000C46164605F0F6FE08B10020F8BD0D4BCD
:10D6E0009B68DD6E002DF8D0221DF6D2EFF3118479
:10D6F000202383F31288BFF36F8F284647F004017D
:10D70000B04784F31188BFF36F8F0028E5D040F84D
:10D71000045BE3E7B43200200146024A0020FFF731
:10D72000D5BF00BF33F60100014802F089B800BF41
:10D73000DB980200054B5A78022A04D11878C31FDF
:10D740005842584170470020704700BFE83200201F
:10D750000E4B0340B3F1607F06D1B1F5885F0CBF7B
:10D7600000206FF086007047B3F1707F0BD101F499
:10D77000E043B3F5005F06D111F4E06F14BF002061
:10D780006FF0860070476FF0860070470000C07F22
:10D790008A42F8B506460D4600F0D2806C4B22F462
:10D7A000FF7121F00101994222F0FF070FD003F52C
:10D7B00088539F420BD022F47F7121F00301A3F51F
:10D7C0007063994203D003F5A0639F4227D1604B59
:10D7D00025F4FF7121F00101994210D05D4925F037
:10D7E000FF038B420BD025F47F7020F00300A1F5DE
:10D7F0007061884203D001F5A0618B420FD115F012
:10D80000FF000BD0544B40F00070984240F09A80DB
:10D8100082EA0500FF288CBF00200120F8BD05F03A
:10D82000FE43B3F1A06F11D102F0FE43B3F1A06F3C
:10D8300071D182EA050333F47E136CD12C046AD5CE
:10D84000C5F30540C2F305429042E4E7B3F1407FDF
:10D8500061D102F0FE43B3F1407F5CD182EA050062
:10D8600030F47E1457D131462846FFF771FF002867
:10D8700068D13A4912F47C1001EA020116D0B1F1E4
:10D88000607FC2F3054335D1D1B241F0007101F19F
:10D890007E410339102901D8314C645C15F47C1F9A
:10D8A0002ED19C4214BF00200120B7E7B1F1607F68
:10D8B0000AD1D3B243F0007303F17E43033B102B34
:10D8C00044D82849CB5CDFE7B1F1707F16D106F46C
:10D8D000E043B3F5005F37D10123C6F302218B404B
:10D8E00006F4E041B1F5005FD8D10124C6F3022669
:10D8F000B440D3E7B1F1707FD0D1F1E70346CDE773
:10D9000018B9C5F30541A1421AD0290403D5C5F3BE
:10D91000054098427FE725F47F03B3F1106F0AD1E9
:10D9200002F0FE43B3F1106F0CD10F48104040F0ED
:10D930001060A842B6E70D4B9D4203D1AF42B1E75C
:10D9400001206BE7002069E70346C9E703469BE730
:10D950000002000600130006FF0000020000C07F66
:10D96000D29A0200D29A02000000FFF60001000ADB
:10D9700037B505460C46FFF7DDFE78B100230A46B1
:10D9800001932946074801ABFEF7EAFA20B9019B4B
:10D99000A34218BF6FF0930003B030BD6FF0880052
:10D9A000FAE700BFEC320020F0B50446084624F444
:10D9B0007F01B1F1106F87B026D1456800F12001D9
:10D9C0002D0A21D1068806F44F45B5F5824F1BD1AB
:10D9D0000F4D104F254045F01065BD4214D1F6B2F1
:10D9E000122E11D14588B5F5807F0DD10E9D009284
:10D9F00004950D9D03950C9DCDE901352346426E9E
:10DA000006F010FD07B0F0BD6FF08500FAE700BF2B
:10DA10000000FFF6000002092DE9F843884617468A
:10DA20001C4600F0D5F90546002844D1D8F800601E
:10DA3000B6F8009009F4E043B3F5804FB36808BF2F
:10DA400027F0010737EA03032DD1A4B3244B24F4B4
:10DA5000FF7222F001029A4210D0224A24F0FF0302
:10DA600093420BD024F47F7121F00301A2F5706280
:10DA7000914203D002F5A06293421FD114F0FF033C
:10DA800004D0194A43F0007393421ED02246484600
:10DA9000F168FFF77DFE074668B9224648463169BE
:10DAA000FFF776FED0B96FF0840500233046C8F842
:10DAB000003006F0B1FB2846BDE8F88304F0FE43D1
:10DAC000B3F1407F04D12304E0D56FF08605ECE785
:10DAD000B3F1A06FF7D0044B9C42D6E73D46EAE78E
:10DAE0000002000600130006FF00000238B500F037
:10DAF000FE43B3F1407F04460D4602D06FF086002E
:10DB000038BDFFF725FE0028F8D114F47C1F18D08B
:10DB1000C4F30543032B137022D9224A2240B2F1E9
:10DB2000607F31D1E4B244F0007404F17E44033CE0
:10DB3000102CE3D81C4A125D9342DFD8202BDFD98A
:10DB40000EE0184B2340B3F1607F0FD1E3B243F0F6
:10DB5000007303F17E43033B102B04D900231370A1
:10DB60006FF08500CCE71149CB5CD3E7B3F1707F50
:10DB7000F4D101F4E043B3F5005FEFD10123C1F329
:10DB800002218B40DBB2C5E7B2F1707FB6D105F45C
:10DB9000E042B2F5005FB1D10122C5F30225AA40EF
:10DBA000CAE700BF0000C07FD29A0200D29A0200EA
:10DBB000002307B51A460091024906F04EFA03B059
:10DBC0005DF804FB0065020010B5114C237858077E
:10DBD00044BF03F0FB032370990705D500F096F8C6
:10DBE000237823F00203237063781BB10023094AD2
:10DBF00063605360002308210648637000F0F8FB5F
:10DC00002378DA0744BF23F00103237010BD00BF5F
:10DC1000E8320020EC32002038B5FFF78BFDD8B990
:10DC2000124C2378DA075CBF43F0010323709D0791
:10DC300007D400F063F82378054643F0020323700D
:10DC400088B9627832B9D90704D5094962604A6057
:10DC500002226270580702D50025284638BD43F0DD
:10DC600004032370F8E7FFF7AFFFF6E7E832002080
:10DC7000EC32002000F140420F2A30B50CD8682465
:10DC80001D4B04FB02331A7E022A02D15A698242DA
:10DC900026D06FF08B001CE06FF04043421E9A428A
:10DCA0000ED2154A00241346157E022D02D1556965
:10DCB000854212D00134102C02F16802F4D1E8E759
:10DCC00000F1004303F58033B3F5704FE9D36FF0F3
:10DCD000870030BD6FF09600FBE7682202FB04333B
:10DCE0001A7E022AF6D1DA69501CF3D00132DA61C9
:10DCF00000200B60EDE700BFF43200200122024B50
:10DD0000002083F880267047F43200202DE9F0418E
:10DD10000A4C002526464FF0010803272046C4F888
:10DD20001C802776013505F0F9FE102D04F16804FA
:10DD3000F4D1002386F88036BDE8F081F43200206B
:10DD4000F8B5214D064695F880360F46002B34D0A5
:10DD500000242B462246197EF9B13CB9022905D18F
:10DD6000D96919B91979002918BF1C460132102A3E
:10DD700003F16803EFD114B96FF08C000BE0237E40
:10DD8000022B04D1E3695A1C1CBF0133E361204616
:10DD900005F0C4FE10B100240DE01C46237E7BB9C3
:10DDA0000123237636B1094B651BED105D4305F168
:10DDB0008045356000203C60F8BD6FF08800EAE7E0
:10DDC0006FF09600E7E700BFF4320020C54EECC4C8
:10DDD00038B50025084B0D6093F8803643B1FFF746
:10DDE00049FF10F18C0F02D16FF087000D6038BD34
:10DDF0006FF08800FBE700BFF432002010B500F0A0
:10DE0000FE44B4F1A06F07D0B4F1806F01D0094C8B
:10DE100000E0094CA04202D06FF0850010BD012047
:10DE2000B1F5105F1070F7D10BB90020F6E70222B0
:10DE30001A70FAE70002C003004440047FB503688B
:10DE400016460E4A23F47E1393420D4613D16946BB
:10DE5000043006F0C4FD044620B93246694628461F
:10DE600006F09EFE6846102100F0C2FA204605F03A
:10DE7000B3FD04B070BD6FF08800FAE70002C00384
:10DE800010B5036804464BB1094A23F47E1393424C
:10DE900006D1043000F0D6FA00232360002010BD24
:10DEA0004022002106F0A2FE6FF08800F7E700BFD5
:10DEB0000002C0032DE9F843D0F8009005460E4655
:10DEC0001746B9F1000F30D123F47E140360184BCC
:10DED0009C420FD100F10408404606F0B6FC3188A0
:10DEE0004B462046728806F0C7F9014658B96FF0D4
:10DEF000850416E04022494606F078FE6FF085045E
:10DF00002046BDE8F883404600F0B8FA20B939460B
:10DF10004046728806F0B8FC05F05EFD0446002815
:10DF2000EED02846FFF7ACFFEAE76FF08804E7E79A
:10DF30000002C00310B503685BB1074C23F47E13E5
:10DF4000A34206D1043006F0C5FCBDE8104005F040
:10DF500043BD6FF0880010BD0002C00304300428E8
:10DF60009ABF034B33F910006FF08300704700BF76
:10DF7000BC6E0200014B06F035BB00BFA865020075
:10DF800070B5144606460D4688B0214620460C4A18
:10DF900006F086FB224621466846FFF7EBFF6A46FD
:10DFA00031463046FFF7E6FF224669466846FFF7EE
:10DFB000E1FF6A4629462846FFF7DCFF08B070BD3E
:10DFC000A865020030B5044689B006F0CBFA0C4AC9
:10DFD0002146684606F05EFA05460121684606F0CD
:10DFE0003DFA6A462146684606F054FA2DB10038DB
:10DFF00018BF0120404209B030BD4FF0FF30FAE7B2
:10E000006465020030B589B0044606F043FA05465F
:10E0100021466846044A06F027FA2A466946204601
:10E0200006F04FFA09B030BDA865020070B504468D
:10E0300090B00D461146164606F094FA2146234A42
:10E0400008A806F027FA012803D04FF0FF3010B0DF
:10E0500070BD1146204606F002FB284606F120015D
:10E0600006F080FA2946194A08A806F013FA012892
:10E07000EBD11146284606F0F2FA2A4629466846B0
:10E08000FFF778FF2246214608A8FFF773FF08A98B
:10E0900022460846FFF76EFF08A922460846FFF70A
:10E0A000B1FF08A922460846FFF7ACFF08A922469F
:10E0B0000846FFF7A7FF08A90846044B044A06F0E4
:10E0C0007CFA684608A906F00DFAC0E7A8650200C8
:10E0D0004465020070B504460D46164698B01146D8
:10E0E00008A8FFF747FF344B2146684608AA06F008
:10E0F00064FA214608AA10A8FFF784FF694610AA0F
:10E1000008A8FFF737FF08AA114668462A4B06F011
:10E1100054FA69466846284B08AA06F04EFA2A4681
:10E12000294610A8FFF726FF10AA11461046224BD9
:10E1300006F043FA214610AA08A8FFF71BFF08AA19
:10E14000114610461C4B06F038FA10AA114610462C
:10E15000FFF710FF10AA184B1146104606F02DFAD3
:10E160006A4669462046FFF705FF2146204608AA71
:10E17000FFF748FF2146204608AAFFF743FF324633
:10E1800029463046FFF7F6FE0B4B32463146304605
:10E1900006F013FA2246284608A9FFF733FF6A461D
:10E1A00029462846FFF7E6FE2946284610AAFFF72B
:10E1B00029FF18B070BD00BFA86502002DE9F04F1F
:10E1C0009946054692460C46A3B02C9E2F493246EE
:10E1D00002A806F05FF9D6F800B031460BF0010254
:10E1E00002A80DF1480806F06CF90021404606F03F
:10E1F00035F94A4641460AA8FFF704FF0122514675
:10E20000284606F05EF901224946204606F059F9F3
:10E2100001211F4A1AA806F038FA6FEA0B022046BD
:10E2200002F001020AA906F04CF9FF277B0922AA95
:10E2300002EB830353F8806C07F01F02D64086EA96
:10E240000B06F2434946404602F0010206F039F956
:10E25000404606F001020AA906F033F92146284695
:10E260001AAAFFF737FF534621462846CDF800800B
:10E270001AAA06F057FA013FD8D1214628461AAA11
:10E28000FFF77EFE23B0BDE8F08F00BF646502009B
:10E29000A86502002DE9F74306460D461746984645
:10E2A0004FF004092021304606F09DFA80B931462E
:10E2B0002846FFF787FE044638B941463846074BE3
:10E2C000074A0095FFF77AFF04E0B9F10109E9D1A7
:10E2D0004FF0FF34204603B0BDE8F0830465020030
:10E2E0002465020030B599B00D4610AB694608AA06
:10E2F000FFF7D0FF04462021684600F079F86CB99A
:10E300002846084A08A906F0FBF9064A10A905F1B3
:10E31000200006F0F5F9204619B030BD4FF0FF346B
:10E32000F9E700BFA865020070B5AAB002AD0646C5
:10E3300028461446FFF746FEC8B9224612A90AA885
:10E34000FFF774FE0446A8B90AAA22A91AA80095E4
:10E3500012ABFFF733FF3046084A1AA906F0D0F98E
:10E360002846202100F044F820462AB070BD6FF006
:10E370000204F5E76FF00104F2E700BFA8650200B0
:10E3800070B59AB002AE05463046FFF71BFE044654
:10E39000C0B90E4B0E4A12A90AA80096FFF70EFF4D
:10E3A0002021304600F024F828460A4A0AA906F03F
:10E3B000A7F9084A12A905F1200006F0A1F92046A4
:10E3C0001AB070BD6FF00204F9E700BF04650200E7
:10E3D00024650200A8650200014B1B68184700BFB6
:10E3E000B4060020014B1B68184700BFB006002090
:10E3F00010B50A46044619B1024B00211B68984724
:10E4000010BD00BFEC650200F0B504460B4B0C4E8E
:10E41000586800B9F0BDC579C5F3840556F8255094
:10E420002D78A54208D1457905F00F07B1EB871F7C
:10E4300002D1B2EB151FEDD00833E9E7F465020015
:10E44000F065020010B50446A8B1806B10B124211C
:10E4500006F0F1F9606B40B12368074ADB79C3F33A
:10E46000840352F823305B6998472046BDE810408A
:10E470003C21FFF7BDBF10BDF065020038B5054671
:10E480000C46A9B13C22002106F0B0FBE3790A4A10
:10E49000C3F3840352F823301B6913B900202C60A6
:10E4A00038BD984768630028F8D16FF08C00F7E713
:10E4B0006FF08600F4E700BFF065020070B4DCB2D4
:10E4C000012C25D804681CB3E57905F00305012D5E
:10E4D00005D8657905F00F05B2EB851F18D14260AC
:10E4E0000372E5790C4EC5F38405012B406B56F899
:10E4F000255008D0637903F0F004302C03D003F0EA
:10E50000E003402B02D1AB6870BC1847EB68FBE717
:10E510006FF0860070BC7047F0650200F0B40468CC
:10E52000049F1CB96FF08600F0BC704700243C606B
:10E5300006683EB3347914F01F0423D0767906F0D0
:10E54000F006102E11D1A2421ED13A6002680F4C83
:10E55000D279C2F3840254F8222054680A46A446B1
:10E56000F0BC90F90810406B6047994208D1C3692C
:10E57000002BD7D1B2FBF4F304FB1322002AD1D134
:10E580000348D1E70348CFE70348CDE7F065020031
:10E59000809FFFFF809CFFFF809DFFFF70B50C23D5
:10E5A00000242246CD582EBA42EA460212BAC25080
:10E5B000043B1A1DC5F3C014F3D1084B1A680B783D
:10E5C00082EAD31253085B4252421343DB17C27BE9
:10E5D00003F087035340C373002070BD78390020D7
:10E5E000C02AF0B544D0B2F5807F43D0802A40F0F5
:10E5F000BA800A23036000240346520943F8044FFB
:10E6000001EB820251F8044B8A4243F8044FF9D1DE
:10E6100003680C2B30D00E2B5ED00A2B26D1534D25
:10E62000534900F1A006426955F8044B8768C2F3CC
:10E630000723CB5C7C406340140E0C5D103083EAF2
:10E640000443D4B20C5D83EA0463C2F307440C5D57
:10E6500083EA042350F8044C836063400468C36079
:10E6600063405A40036142618642DCD10020F0BD24
:10E670000C23BFE70E23BDE73C4C3D4900F1C0052C
:10E68000C26954F8046B8768C2F30723CB5C7E40F1
:10E690007340160E8E5D183083EA0643D6B28E5D47
:10E6A00083EA0663C2F307468E5D83EA062350F8C9
:10E6B0000C6C8360734050F8086CC360734050F872
:10E6C000046C036173400668436173405A40836180
:10E6D000C2618542D4D1C9E7244D254900F1E00645
:10E6E000446A55F8042B8768C4F30723CB5C7A404F
:10E6F0005340220E8A5C876983EA0243E2B28A5C55
:10E70000203083EA0263C4F307428A5C83EA02236F
:10E7100050F8142C8360534050F8102CC3605340C1
:10E7200050F80C2C03615340DAB28A5C43617A40A2
:10E730001F0ECF5D82EA0762C3F30727CF5DC3F3E5
:10E740000743CB5C82EA072282EA034350F8042C99
:10E75000836153400268C36153405C40036244627A
:10E760008642BDD182E76FF01F0080E74466020059
:10E77000E39B02002DE9F04FC9B002AD04462846E4
:10E780000E46174606F001FA002331463A4628465F
:10E790006360FFF725FF0646002833D1029F039BE5
:10E7A00004A903EB870301EB830251F8233004F142
:10E7B000180EA3605368103AE360936971462361B1
:10E7C000D369914663617B1E98462948DFF8A4C04F
:10E7D0002760B8F1000F1EDC002F4FEA0313C8BFFB
:10E7E0001C46C3F10003DCBF00230024D018D3581B
:10E7F0000EEB04014EF8043043684B6083688B6075
:10E80000C368CB6002A84FF48C71FFF7F1FD30466E
:10E8100049B0BDE8F08F01F11004A9F1040B019497
:10E820005BF8044F250E1CF8055050F825A0E5B202
:10E830001CF8055050F8255085EA3A2AC4F30725FC
:10E840001CF80550C4F307441CF8044050F8255048
:10E8500050F824408AEA356585EA3445019C41F840
:10E86000045BA142DCD108F1FF38A9F11009B0E73F
:10E870006C660200E39B02002DE9F04F01298C46F3
:10E880009E4693B000F27383436817685668956894
:10E89000D46850F8082B99004FEA620808F1FF3855
:10E8A000BCF1000F40F0BC8150F82330421887EAD9
:10E8B000030A536830327340029352F8283C6B408D
:10E8C0005546039352F8243C63401E46DDE902049A
:10E8D0000493D14B52E9069BCDF814B052F810BC0A
:10E8E00052E90817CDF818B052F80CBC2032CDF818
:10E8F0001CB052F828BCB8F1000FCDF820B052F887
:10E9000024BCCDF824B000F3CA80BCF1000F03D1C1
:10E91000DDE902045546049E5FFA85FC53F82CC0DD
:10E92000020E53F8222081EA0C0181EA3221C6F35B
:10E93000072253F822205FFA80FC81EA3261C4F397
:10E94000074253F8222053F82CC081EA3241220EAC
:10E9500053F8222087EA0C0787EA3227C5F30722FB
:10E9600053F822205FFA84FC87EA3267C6F3074235
:10E9700053F8222053F82CC087EA3247320E53F85E
:10E98000222089EA0C0989EA3229C0F3072253F8C8
:10E990002220F6B289EA3269C5F3074253F82220F1
:10E9A00053F8266089EA32482D0E059A53F825500F
:10E9B000C4F3072453F824407240C0F3074053F8CF
:10E9C000200082EA3525954B85EA346484EA30409C
:10E9D0003C0E1D5DCCB21C5D069A0E91544084EA3B
:10E9E0000564C0F307255D5D079A84EA0524C8F332
:10E9F00007455D5D0F9784EA05444FEA18655E5D43
:10EA0000FDB25D5D1190554085EA0665C1F30726AC
:10EA10009E5DCDF8408085EA0625C0F307469E5DE1
:10EA20000A9485EA0645060E0B9513F806C05FFAB0
:10EA300088F69E5D089AC0B2564086EA0C66C7F317
:10EA4000072C13F80CC0099A86EA0C26C1F3074C70
:10EA500013F80CC0090E86EA0C4613F801C0195CC5
:10EA6000C7F307475140C8F307229A5C81EA0C615B
:10EA7000DB5D81EA022282EA03430C960D93CEF815
:10EA800000400AA82021CEF80450CEF80860CEF845
:10EA90000C30FFF7ADFC002013B0BDE8F08F4FEA5B
:10EAA000106C53F82CB05FFA85FC53F82CC008F1B9
:10EAB000FF3881EA0C0CC6F3072153F821108CEAC9
:10EAC0003B2C8CEA316CC4F3074153F821108CEADB
:10EAD000314C210E53F821B0C1B253F821107940C6
:10EAE000C5F3072753F8277081EA3B2181EA376194
:10EAF000C6F3074753F8277081EA3741370E53F8BA
:10EB000027B0E7B253F82770F6B289EA0707C0F3D7
:10EB1000072953F8299087EA3B27019153F826608B
:10EB200087EA39690599C5F307472D0E53F8255033
:10EB3000C4F3072453F824407140C0F3074053F84E
:10EB4000200081EA3526019986EA34665FFA8CF462
:10EB500086EA304653F82450080E069953F82000F0
:10EB6000694081EA302553F82770C6F3072053F82F
:10EB7000200089EA374785EA3065C7F3074053F834
:10EB80002000079985EA3045380E53F820409DF85B
:10EB9000040053F82000414081EA3420CCF30724DC
:10EBA00053F8244080EA3460C6F3074453F8244005
:10EBB00080EA3440340E53F82490FCB253F82440D9
:10EBC0000899F6B2614081EA3924019953F8266028
:10EBD000C1F3072953F82990099984EA3964CCF3E1
:10EBE00007494FEA1C6C53F82CC0714081EA3C265F
:10EBF0000199C7F3072753F82770C1F3074153F86A
:10EC0000299053F8211086EA37664FF0010C84EA08
:10EC1000394486EA31465DE66C660200E39A0200FA
:10EC200050F8233001447B4002934B684FF0000CB6
:10EC3000734003938B68CF4A6B400493CB683031A9
:10EC400063401E46DDE90305029C059351F810BCA4
:10EC500051E90837CDF818B051F80CBC51E906A9B4
:10EC6000CDF81CB051F808BC2031CDF820B051F8D7
:10EC700024BCB8F1000FCDF824B000F3BA80BCF189
:10EC8000000F03D1DDE90305059E029C5FFA84FCB9
:10EC900052F82CC0310E52F8211083EA0C0383EA9B
:10ECA0003123C0F3072152F821105FFA80FC83EA78
:10ECB0003163C5F3074152F8211052F82CC083EAA2
:10ECC0003143210E52F8211087EA0C0787EA3127D9
:10ECD000C5F3072152F821100E9387EA3167C6F376
:10ECE000074152F8211087EA3147E9B252F8211062
:10ECF0002D0E8AEA010C010E52F8211052F825500F
:10ED00008CEA312CC6F3072152F82110F6B252F8E2
:10ED100026608CEA316CC4F30741C4F3072452F82F
:10ED2000244089EA0606C0F3074052F8200086EA2C
:10ED3000352585EA346484EA304052F821108E4A41
:10ED4000040E155DDCB2145D069E8CEA3141744000
:10ED500084EA0564C7F30725555D0F9784EA052407
:10ED6000C1F30745555D109184EA05481D0E565DB7
:10ED7000FDB2555D079C1190654085EA0665C1F3BB
:10ED80000726965DCDF8288085EA0625C0F307465C
:10ED9000965D85EA06453E0E0B9512F806C0CEB28A
:10EDA000965D089C090E664086EA0C66C0F3072C47
:10EDB00012F80CC0C0B286EA0C26C3F3074C12F856
:10EDC0000CC0C3F3072386EA0C4612F801C0115C9D
:10EDD0000998D35C4140C7F30747D25D81EA0C61D3
:10EDE00081EA032383EA02430C960D93CEF8008058
:10EDF00047E64FEA166C52F82CB05FFA84FC52F8E2
:10EE00002CC008F1FF3883EA0C0CC0F3072352F83A
:10EE100023308CEA3B2C8CEA336CC5F3074352F861
:10EE200023308CEA334CC3B252F823305F40230EB8
:10EE300052F8233087EA3327C5F3072352F82330EB
:10EE400087EA3367C6F3074352F8233087EA334330
:10EE50000193030E52F823B0EBB252F823302D0E7B
:10EE60008AEA0303C6F3072A52F82AA0F6B252F838
:10EE7000266083EA3B2352F8255083EA3A6AC4F3BA
:10EE80000743C4F3072452F8244089EA0606C0F376
:10EE9000074052F8200086EA352686EA346686EA7C
:10EEA00030465FFA8CF052F82040069852F8233032
:10EEB00060400446300E52F820008AEA334384EA68
:10EEC00030240198079FC0F3072052F8200084EAFD
:10EED0003064C3F3074052F8200084EA30444FEA1C
:10EEE0001C6052F820509DF8040052F82000474062
:10EEF00087EA3520C3F3072552F8255080EA3560AC
:10EF0000C6F3074552F8255080EA3540019D2D0E85
:10EF100052F82590DDB252F82550089F1B0E6F4025
:10EF200087EA3925C6F30729F6B252F8299052F834
:10EF30002660099F52F8233085EA39657740CCF383
:10EF40000749CCF3072C87EA332652F82C3052F8C5
:10EF5000299086EA3366019B4FF0010CC3F3074703
:10EF600052F8273085EA394586EA33466EE66FF077
:10EF7000860091E56C6A0200E39B02000CB430B598
:10EF80008BB004460D462022002102A805F02EFE7B
:10EF90000223002D06948DF80A300C4B039312DBEC
:10EFA00001D06B1E1C440FAA0E9902A8079401926F
:10EFB00000F00EF815B1069B00221A700BB0BDE8E8
:10EFC000304002B070470024EDE700BFE14C020082
:10EFD0002DE9F04F43688BB08046924600938378CA
:10EFE0009C0740F1F98000250878002800F0F680A1
:10EFF00025280AD04B1C019301354146009B9847B8
:10F000000028C0F2E3800199EEE74E788B1C252E94
:10F010000193F1D000270A22B9463C461F2C22D882
:10F02000A6F12003102B20D8DFE803F0141F1F1ACD
:10F030001F1F1F0B1F1F1F121F171F1F090044F048
:10F040000104019B13F8016B0193002EE6D13AE015
:10F0500044F0020444F00404F3E744F00804F0E749
:10F0600044F01004EDE77F2C24D8A6F13003092BDF
:10F0700008D860064EBF02FB073744F0200402FBAD
:10F080000939DEE72A2E0DD161065AF8043B53D424
:10F09000002BA7BF44F020049946C3F1000944F0B7
:10F0A0002804CEE72E2E05D1630600F1978044F0A8
:10F0B0004004C6E76C2E2ED028D8682E32D06A2E97
:10F0C00037D04C2E35D0002F46F02003B8BF24F0A7
:10F0D0004004A3F16502BCBF0027A4B2022A01D9F3
:10F0E000612B2BD10AF1070A07279D4E2AF0070A48
:10F0F0000AF1080A210760D506EB070B34465C4588
:10F100005DD1AE1BA9EB0709A21959E1742E98D065
:10F110007A2E96D0D7E7260648BF44F4007444F010
:10F1200080048EE7E00548BF44F4007444F4807422
:10F1300087E744F4207484E71F4682E7A6F1630260
:10F14000122A00F2D880DFE812F013004D00D6003A
:10F15000D600D600D6004D00D600D600D600D60088
:10F16000D600E800D100D600D6001A00D600A000D4
:10F170005AF8043B012704AE8DF81030BAE75AF86C
:10F18000046B784B002E08BF1E4614F0400F30462B
:10F1900014BF39464FF0FF3105F040FD0746A9E79F
:10F1A00041462020009B984700280FDB013CA742E6
:10F1B000F6D34D44A1462D1B9EE74C46F7E741464A
:10F1C00014F8010B009B9847002898DA98F8023051
:10F1D00043F0040388F802304FF0FF3528460BB0A7
:10F1E000BDE8F08F220630D5A3052AD50AF1070A1B
:10F1F0002AF007039A4659685AF8080B24F0100BB6
:10F2000000291FFA8BFB2FDA40424BF4806B61EB35
:10F21000410104AC0A23224605F00CFD1BF0400F0F
:10F22000A0EB040200F08E802BF001049742A4B200
:10F2300040F38F80002E40F08E802BF01104A4B29A
:10F240001DE05AF8040BC117D8E7E0055AF8041B73
:10F2500001D40846F7E7A20547BF48B241F3C01101
:10F2600008B241F3C031C9E750EA0103D1D16306C6
:10F27000CFD5002FCDD124F011043A46A4B23B469D
:10F2800040F206410C4262D124E024F010040A232B
:10F29000A4B214F0800243D014F4007117BF0AF135
:10F2A000070A5AF8040B2AF0070292461CBF51685D
:10F2B0005AF8080B50EA01023ED124F0160B620600
:10F2C0001FFA8BFB3CD5002F3AD124F017043A46A5
:10F2D0003B46A4B221075AD4E10705D5994572DD12
:10F2E000A9EB03039F184B469B464AE044F01004E9
:10F2F00010237826CDE7782B04D1C6F1780343F0AC
:10F300001003C6E741462520009B98470028FFF6DA
:10F310005DAF02354146304670E608230026B8E767
:10F3200014F480715AF8040BC4D014F400711ABF9D
:10F33000C0B2114680B2BDE724F006041FFA84FB78
:10F3400004AC68E713465C46E10699D52EB9013353
:10F35000C0E71346F8E73B46F6E70233BAE700BFDB
:10F360003F99020038990200CDE90232414620203F
:10F37000009B98470028FFF629AF0BF1010BDDE950
:10F380000232D945F0DCEB1A03EB0B055B46E106D4
:10F3900027D541463020CDE90232009B984700280E
:10F3A000FFF614AFDDE902327EB901352F44791B37
:10F3B0008A4229DB144604AE94BB2A44A9EB030914
:10F3C0001546914440E017468EE7023541463046E7
:10F3D000CDE90232009B98470028DDE90232E5DAE8
:10F3E000F4E640F206410C42E0D014F0020F05F1C1
:10F3F0000105414614BF2B20202014F4806FCDE975
:10F40000023218BF2D20E5E7CDE902324146009BCC
:10F410003020013598470028DDE90232C7DAD5E609
:10F42000013C4146CDE90232305D009B98470028FF
:10F43000DDE90232C0DAC9E641462020009B0135F1
:10F4400098470028FFF6C2AEA9EB0503002BF3DCBA
:10F45000D9E500BF704700EBC10040884008704705
:10F46000F8B50346FFF7F7FFB0FA80F0C0F11F00D0
:10F4700003EB800CDCF81060CA00171D0C46063246
:10F480008DB256B9012101FA00F0D9680143D96063
:10F49000CCF81040DD539D52F8BDF1000431585AAC
:10F4A000D85303EBC0009E52C5805D52F4E710B5FF
:10F4B00000EBC104E3888B4202F104010AD101236D
:10F4C00003FA02F2C36823EA0203C360002340F890
:10F4D000213010BDA28840F8213000EBC20100EBC2
:10F4E000C300CB808280F4E708B50346FFF7B3FF83
:10F4F000B0FA80F21846BDE80840C2F11F02FFF7DB
:10F50000D6BF2DE9F843B1FA81F3C3F11F0200EB36
:10F510008209D9F8107006460D4687B94FF0FF34BE
:10F52000C3F120039C40F3681C4014D094FAA4F269
:10F53000B2FA82F2131D56F82340214608E03C46F9
:10F540004FF0030821463046FFF785FF854205D876
:10F550003046FFF7ACFF2046BDE8F88306EBC40455
:10F56000E488B8F10108C9F81040D7D0BC42E9D10D
:10F57000D4E738B50446FFF76EFF0D460346114643
:10F580002046FFF768FF03449BB204EBC5055A0011
:10F5900020466A80FFF75FFF014424F8313038BD10
:10F5A00070B50B460446FFF756FF04EBC305511A2E
:10F5B0009B1A89B203444E009BB26E8004EBC200DA
:10F5C0005D00458024F8321020461146FFF743FFC6
:10F5D000014424F8313070BD70B509B9002070BD08
:10F5E000056801F007030B33CC0804EBD304AB68C8
:10F5F00028469C4228BF1C462146FFF782FF06464C
:10F600000028EBD001462846FFF725FFA04207D986
:10F6100028463219FFF7C4FF11462846FFF720FF9E
:10F6200005EBC60210465388043043F001035380B3
:10F63000D5E71146FFF7D0BF2DE9F84314464A42FB
:10F6400002EA010931EA020203460BD04A46042AC3
:10F6500028BF04224F46A1EB09096CB900252846B2
:10F66000BDE8F883042904D82146BDE8F843FFF734
:10F67000B3BF00270422F0E71E68A9EB020204F0E2
:10F68000070302F007010B330B44E10801EBD20141
:10F6900001EBD301B3683046994228BF1946FFF702
:10F6A00030FF80460028D9D03D1D05EBC00509F18B
:10F6B000FF3335441D44B5FBF9F509FB05F5ED1B9A
:10F6C0002C442B1F07349B1B24F00704A41BB0EB16
:10F6D000D30F4FEAD3074FEAE40408D201463A4673
:10F6E0003046FFF75DFF41463046FFF7B9FE394629
:10F6F0003046FFF7B0FE3844844207D230462246F7
:10F70000FFF74EFF21463046FFF7AAFE06EBC7067D
:10F71000738843F001037380A1E7043A2DE9F843AD
:10F72000CC1D114424F0070421F00706A6EB0408C1
:10F730004FEAD807B7FA87F24FF00009C2F1240563
:10F74000AD000735C2F12002ED0804604946A7600C
:10F75000C4F80C90920004F1100005F047FAAAB228
:10F76000530043F0010363807B1B9BB204EBC50194
:10F770005800A4F80090488024F83520A6F802909C
:10F7800024F8083004EBC7035A88294642F00102E6
:10F790005A802046BDE8F843FFF762BE2DE9F047E6
:10F7A00006460D46174698462BB34FF0000A98F8C8
:10F7B000004093F80190DB78A40004EB430498F830
:10F7C00002301C444444CA4509D339463046AC464D
:10F7D000D8F8042008F10803BDE8F047604714F8A2
:10F7E000013B0AF1010A204648F82340E0F76AFE8F
:10F7F00001300444E7E76FF01500BDE8F08730B54D
:10F8000002460024002012F8013B43B178B18C423B
:10F8100007D1702B04D0A3F140053A2D07D8002062
:10F8200030BDA3F140053A2D01D80134EAE7252B7C
:10F8300008BF80F00100E6E70020704700F0C9BB78
:10F840000FB407B504A951F8040B019100F0C1FBF6
:10F8500003B05DF804EB04B070470FB407B504A91A
:10F8600051F8040B0191FFF7E9FF03B05DF804EBD9
:10F8700004B0704710B50369024613F0080009D1BF
:10F880001368D4689C429BBF0120126AE31AD31A02
:10F890000B6010BD00231846FAE713B501A9044612
:10F8A000FFF7E8FF20B1019BE268013B134401939D
:10F8B000206A019BC01A013802B010BD10B5044681
:10F8C00050182269236AD20702D5013B184010BDA7
:10F8D000984228BFC01AFAE710B504460A46C16824
:10F8E000FFF7ECFF2369E06023F00803236110BDFC
:10F8F00038B50D46C2698B00016843F00203044627
:10F9000042F8213001682A46FFF7D8FFE3686168B2
:10F91000984208BF2369206008BF43F008032A46C5
:10F92000204608BF2361FFF7C9FF606038BD2DE99D
:10F93000F74F0F460021D0F80CB0C669009216F8B8
:10F940002B209A4602F00302022A14BF894656F879
:10F950002B2006EB8B030193009B08BFC2F39D098C
:10F9600019600446CAF80010B9F1000F07D04946E3
:10F97000FFF7B2FFE368A3604FF0010804E00169FC
:10F980008A0705D44FF00008404603B0BDE8F08F69
:10F99000816906EB8B00884716F82B10054611F09D
:10F9A0000108EFD08B071DD51FB139462046FFF760
:10F9B0009FFF61682A462046FFF780FFD4E90213C3
:10F9C0008B42606007D12A462046FFF777FF4FF051
:10F9D00000080146A0602369216043F00803E1604C
:10F9E0002361D1E701462046FFF776FFE168A16079
:10F9F0001FB12068E16941F82090EA19CAF8002097
:10FA000021682046FFF75AFF2269206042F0080271
:10FA1000226116F82B2022F0010206F82B20DDE9E6
:10FA200000321A60A8E770B504461546FFF746FF96
:10FA30002368834205D12369216023F008032361F1
:10FA400070BDE269AB0043F0020342F82130616807
:10FA50002A462046FFF732FF6060F1E738B50369B8
:10FA600004465B0706D5456AFFF717FF85422CBFA2
:10FA70006562606238BD38B50D4604461C2200211F
:10FA800005F0B4F80022EB68A361AB6863612B68F2
:10FA9000E3616B68626223622A6923B1591E1942CD
:10FAA00008BF42F001022261012204F12800002176
:10FAB000BDE8384003F0C9BB2DE9F04F002598465A
:10FAC000036A87B08B4204460E469346AA460395C6
:10FAD000059538D3EFF31189202383F31288BFF300
:10FAE0006F8F059A2AB129462046FFF79CFF002315
:10FAF000059304A92046FFF7BDFE04990746B142CD
:10FB00002AD32268E369204613F8221003EB820A05
:10FB100021F0030103F8221021683246FFF7CEFEE0
:10FB2000E3682060984212D0002789F31188BFF360
:10FB30006F8F039929B162690AB12046904700236B
:10FB40000393002FC6D1504607B0BDE8F08F23695C
:10FB500043F008032361E7E718B12046FFF7C8FE2A
:10FB6000E3E75BEA08031CD0019103F0ABFC0199C9
:10FB7000B8B9B9F1000F14D189F31188BFF36F8FB1
:10FB80005A46434604F12800FCF71CFDEFF31189A7
:10FB9000202383F31288BFF36F8FB0FA80F77F09B9
:10FBA000C3E7204605AB03AA2568FFF7C0FE07465A
:10FBB000BBE770B50446836908460D469847024680
:10FBC000EFF31186202383F31288BFF36F8F2B7816
:10FBD000204643F001032B706168FFF76FFE606001
:10FBE0002046FFF73BFF86F31188BFF36F8F70BD90
:10FBF0002DE9F843044600272026EFF3118586F30C
:10FC00001288BFF36F8F2369A268190702D4636853
:10FC1000934200D2236A9B1A002B42D0E06910F86D
:10FC2000221000EB820911F003033AD0022B04D119
:10FC300050F822305FEA930805D1CB0720D448461C
:10FC4000A36998478046A16842462046FFF736FEE2
:10FC50000127A06041462046FFF73EFE3B4685F364
:10FC60001188BFF36F8F002BC7D137B1B9F1000FE7
:10FC700003D104F12800FCF771FC4846BDE8F88385
:10FC800041F0020100F82210A3694846D4F8088028
:10FC90009847414602462046FFF710FE0023A06029
:10FCA000DDE79946DBE7F8B50446836908460D466B
:10FCB00098470646EFF31187202383F31288BFF39A
:10FCC0006F8F2B7823F001032B7023699B0705D5D9
:10FCD000E268E36903EB82039D421AD12B7823F09B
:10FCE00002032B70D4E90231994204D132462046F6
:10FCF000FFF7E4FDA06031462046FFF7EDFD87F3F6
:10FD00001188BFF36F8F04F12800BDE8F840FCF7BD
:10FD100025BC2B6860F39F032B60F0E7EFF31181A4
:10FD2000202383F31288BFF36F8F02698368120761
:10FD300002D442689A4200D2026AD31A81F311882F
:10FD4000BFF36F8F181E18BF012070470022036891
:10FD50000BB9184670478B4210D10B6842B9426804
:10FD60000360914200D14360002301200B60704783
:10FD700013604368994208BF4260F5E71A461B6862
:10FD8000E6E7038B13F0070306D10368002B18BFC7
:10FD9000032008BF00207047022B05D1408BB0FA2A
:10FDA00080F0400980007047012B04D10368002BCC
:10FDB00018BF0520EDE70020704710B50C4600B1D4
:10FDC00011B96FF0150010BD081D00F0C6F800282D
:10FDD000F9D1A368032BF6D9F3E72DE9F0410D46DD
:10FDE00007461946281D90461E4600F0C7F80446EF
:10FDF00038B13346424629463846A446BDE8F0416C
:10FE00006047BDE8F08110B4EFF31182202484F341
:10FE10001288BFF36F8F416110BC0121E1F79EBDD5
:10FE200038B50C46054658B151B10B6843B14B6823
:10FE300033B11C22002104F0D9FE00202C6138BD12
:10FE40006FF01500FBE7F8B504460E46FFF7B5FF67
:10FE5000051E3BDBEFF31182202383F31288BFF3EF
:10FE60006F8F4FF6FF71638B278B8B4207F007076D
:10FE70002ED0062F2FD8DFE807F0182E082E1804F2
:10FE800018006FF08505002303E00133638302252A
:10FE9000012382F31188BFF36F8FBBB100233A4671
:10FEA00031462046FFF799FF10E000233360636876
:10FEB00023B9C4E9006627B13D46E4E71E606660E9
:10FEC000F9E702212046E1F749FD3D462846F8BD05
:10FED0006FF00A05D7E76FF00405D4E710B5EFF32C
:10FEE0001182202383F31288BFF36F8F048B04F0F9
:10FEF0000704022C0AD0012C0CBF6FF004006FF035
:10FF0000850082F31188BFF36F8F08E0438B013BBC
:10FF10009BB2438323B92146E1F720FD204610BD63
:10FF20002046EEE738B5A8B1A1B1EFF31185202244
:10FF300082F31288BFF36F8F048BFFF707FF30B196
:10FF400004F0070085F31188BFF36F8F38BD6FF0A1
:10FF50007700F7E76FF01500F8E7034658B14268FD
:10FF600002F00302012A03D0032A04D1026812B16D
:10FF70000020986070476FF0150070474268034694
:10FF800002F00302032A4FF00002816014BF104602
:10FF900000685A607047704703785B075FBF03686B
:10FFA0004288C3F34A2303EB12105DBF173020F0E1
:10FFB00007008008002070470020704702F028BD2D
:10FFC0000346D3E8EF0F421CC3E8E12F0029F8D124
:10FFD00070471FB50023CDE902011A46194618469D
:10FFE000CDE90033E2F7C4F805B05DF804FB012069
:10FFF000E1F77ABE002070474368DA710122436856
:020000022000DC
:10000000196043685A71E1F761BE70B515460C4638
:1000100069B1D2E901369B1B99420AD813680A4696
:100020000146981904F0BCFDAB682344AB60204640
:1000300070BD6FF01B00FBE770B50E461546194604
:10004000044618B9BDE87040E1F74EBE33B1C2F3C3
:100050004A231030120D184404F0A2FDC4E90056E2
:100060002046BDE87040E1F7E3BF2DE9F3415F1C96
:100070004FEA8708064608F1170020F007008008BD
:100080000C461546E1F7ACFE00238DF80470ADF880
:1000900005308DF8073068B10346019AA8F10401D4
:1000A00043F8102F2A46294452F8045B8A4243F849
:1000B000045FF9D100233146A20102F4E07242EA62
:1000C000482222F07F4222F4700222F03F0202B066
:1000D000BDE8F041FFF7B0BF07B50123019201AAC7
:1000E000FFF7C3FF03B05DF804FB07B5CDE90023BC
:1000F00002236A46FFF7B9FF03B05DF804FB1FB5A2
:10010000CDE90123069B01AA03930323FFF7ADFF6B
:1001100005B05DF804FBF8B506460D4614461F46CB
:1001200004B9F8BD214628463A46B047241A05448A
:10013000F6E710B542680446D2E9002381680068FA
:10014000FFF7E9FF002263681A6010BD38B54B68FD
:1001500005461A68CB680C469A4202D10846FFF75A
:10016000E8FF6368D3E8EF2F511CC3E8E01F0028C5
:10017000F8D1A36800209D5438BD0A2838B504463C
:100180000D4602D10D20FFF7E1FF29462046FFF77B
:10019000DDFF002038BD2DE9F043054689B0084653
:1001A0000E8891F800900C46D1F808801746E2F7C7
:1001B00031F8011EC6F38216C9F3C2091FDB484697
:1001C000E1F748FF0346214651F8102B6088C2F33F
:1001D0004A22002A01EB020408BF00210022C0F3DA
:1001E0000B10CDE90507CDE9031428464146CDE9BA
:1001F00000220296E2F73AF809B0BDE8F083002346
:10020000E1E7436800201B685B6819617047436839
:100210001B681A6852685360704701212DE9F0414C
:1002200043681B685A6811751D682F68D5E9013647
:10023000D3E900481CB96B681C60BDE8F081214619
:1002400030464246B847241A0644F3E743681B6821
:100250001868E2F741B970B543680C461D686B68D1
:100260001869E1F71DFD214603460F222868BDE805
:1002700070401847F0B587B01F4604460D46164635
:1002800000F0FAFA022302930DF116030193BDF870
:100290003030ADF81600009332463B4629462046E2
:1002A00001F0DBFD07B0F0BD2DE9FF411F460D4613
:1002B00016460446E4F780F98046E0F703F9BDF8F6
:1002C000283080B2CDE90180009332463B46294672
:1002D000204601F0C2FD04B0BDE8F08104F086BC08
:1002E00004F05EBC01460068E2F778B908B5E2F7B1
:1002F000D1F9BDE80840E2F705BD0A460121FFF744
:10030000EBBE00210120E2F769B9036E83F30B888D
:1003100070476FF08500704761B662B680F3118850
:10032000BFF36F8F704772B6002383F31188BFF35A
:100330006F8FBFF34F8F30BF62B6BFF36F8F7047C1
:1003400072B6002383F31188BFF36F8FBFF34F8F13
:1003500020BF80F31188BFF36F8F62B6704740E80B
:1003600000F313F4803FD8B208BF6FF01500704758
:1003700030B50C684B6885B00A894D890094013B03
:1003800024F01F04234402F01F0242EA451223F026
:100390001F0369468DF808200393E2F767FD05B057
:1003A00030BD08B5D1E904319847002008BD08B533
:1003B000E2F770FF002008BD7047D0E8EF3F01333F
:1003C000C0E8E23F002AF8D1704700230382436966
:1003D000C3607047C1698968E3F71AB8EFF3118207
:1003E000202383F31288BFF36F8F00230B604368D1
:1003F00033B9C0E9001182F31188BFF36F8F7047E2
:1004000019604160F7E7034610B5EFF31181202230
:1004100082F31288BFF36F8F006828B15C680268AE
:10042000A0421A6008BF5A6081F31188BFF36F8F32
:1004300010BD014608B50830FFF7BFFF084608BDEC
:10044000034618465B68002BFBD17047426810B525
:100450002AB10B461C465B68002BFBD162604160F1
:1004600010BD10B5044628B901F10800FFF7A5FF3B
:10047000084610BD034618465B68002BFBD1FFF70A
:10048000E5FF2046F5E710B508B14B68436000234F
:100490004C6808464B60E3F739F8204610BD836886
:1004A0000B440360704703680B6043684B608368CC
:1004B0008B6070478388026819448180D018704728
:1004C00030B484880568A3188380281930BC04F0F0
:1004D00067BB10B5838802685C1C8480D154D01837
:1004E00010BD034600689A88401A1144186099802C
:1004F00070470268531E036083880133838002F8CB
:10050000011C704703468288521A828000680844A2
:1005100018607047034600689A88521A01449A800E
:100520001960704710B5036801211C78FFF7EAFFD6
:10053000204610BD10B5036802211C88FFF7E2FFBA
:10054000204610BD7FB5064614460A888B78ADF864
:10055000002000210D220DF103008DF8023004F07F
:1005600045FB6A4669463046F6F706FD28B9BDF8F0
:1005700000209DF802302280A37004B070BD13B536
:100580000C4601AA0331FFF7DDFF48B903222046DC
:1005900001A904F033FBB0FA80F0400902B010BDAD
:1005A0000020FBE770B5CE1C05460C463046032103
:1005B000F6F7E0FC60B96379224603F03F0343F0AD
:1005C0004003637131462846BDE87040FFF7BABF6B
:1005D00070BD10B50C460178227888B08A420ED0E2
:1005E0006946E3F703F9204604A9E3F7FFF8102270
:1005F00068460DEB020104F001FB08B010BD012AB2
:1006000006D0022A07D072B940886388C01AF4E77E
:1006100040686368FAE71022611C013008B0BDE849
:10062000104004F0EBBA6FF01500E6E7042A0AD098
:10063000102A0DD0022A4FF0000315D103700B8849
:10064000438001207047012303700B684360F8E783
:10065000022300F8013B01F1100351F8042B9942E9
:1006600040F8042BF9D1ECE718467047012310B588
:100670000621044600F8013BF6F77CFC18B9A37983
:1006800063F03F03A37110BD0B6803608B88838008
:100690008B798371037823F002030370704700782D
:1006A000C0F34000704738B50446807AE2F786FE12
:1006B0006169054649B1637ADB0704D4C369204602
:1006C0001B689B6898470023636121462846BDE864
:1006D000384002F09EBD2DE9F0410C461746054614
:1006E00001F10C0800F10C0140461E46FFF7DBFE4D
:1006F0006269E36839469B1A13FA87F36B82012318
:1007000040466B722F82FFF7FDFEE3682846736058
:100710000023628AE360728163823460BDE8F08105
:1007200038B50C46D1E900320546DA600B684A89D3
:100730005A820868E2F7EAFE20461022002104F0FF
:1007400055FA2846BDE83840FFF7ADBF438A23B9C4
:10075000C068B0FA80F04009704700207047D0F8B8
:10076000A03083B15A7CD1070DD5D2060DD51B7CA4
:10077000102B0CBF042303234372807A98428CBF52
:100780000020012070470223F6E70323F4E70F2837
:1007900006D80D280BD8052814BF02200320704767
:1007A000132804D01A2814BF02200120704701200A
:1007B00070477047FFF790BC0B6803608B8883809D
:1007C0008B7983717047FFF790BC034610B5D3E86F
:1007D000EF0F40EA0102C3E8E42F002CF7D110BD6F
:1007E0000023E1F745BCD0E8EF3F0B40C0E8E23F13
:1007F000002AF8D170477047C0F3072353700023D5
:100800001070000ED070C1F30720090E93701371A1
:1008100050719371D171704738B504460D46E3F7B6
:10082000C5FA5F3005D129462046BDE83840E3F7D8
:10083000F7B938BD0120704710B5028843889A4245
:1008400018D8052A16D9B3F5486F13D88488B4F59B
:10085000FA7F0FD2C18840F67640A1F10A0292B227
:10086000824207D804FB0333B3EB810F34BF01206E
:10087000002010BD0020FCE70020704708B5EBF712
:100880007BF918B1408A003818BF012008BDE3F792
:10089000D7BF70B506460D464FF0FF304FF0FF3121
:1008A000E3F7E8FC044668B103210C30FFF702FED1
:1008B000068085702146BDE87040002240F2064067
:1008C000E3F7D8BE6FF0680070BDC368187808B150
:1008D000E4F71CB81846E4F7ABB838B54FF0FF3171
:1008E00005464FF0FF30E3F7C5FC044668B102212E
:1008F0000C30FFF7DFFD2B88214603800022BDE886
:10090000384042F21600E3F7B5BE6FF0680038BD1C
:10091000F8B507460E464FF0FF304FF0FF31154651
:10092000E3F7A8FC044678B106210C30FFF7C2FDBE
:100930003B884680038085802146BDE8F840002240
:1009400042F22200E3F796BE6FF06800F8BD2DE991
:10095000F047814688464FF0FF304FF0FF31174691
:100960001E469DF820A0E3F785FC0546A0B10721AF
:100970000C30FFF79FFDB9F8003080F8028003804B
:10098000C7700671A0F805A02946BDE8F04700220F
:1009900042F23200E3F76EBE6FF06800BDE8F08708
:1009A00070B506460D464FF0FF304FF0FF31E3F7CC
:1009B00061FC044618B9BDE87040E3F727B903218C
:1009C0000C30FFF777FD068085702146BDE870404A
:1009D00042F22100E3F7FCBD033138B5C9B2054648
:1009E0000E20E4F72BFB032104460C30FFF762FDD9
:1009F0000123A0F801500370204638BD70B50546AC
:100A00000E460F200421E4F719FB042104460C30A4
:100A1000FFF750FD0122067042704580204670BDF0
:100A2000072208B504F0EAF8B0FA80F0400908BDE2
:100A3000FFF752BB0B6803608B8883808B798371CF
:100A40007047F8B50F46144638BB4FF0FF304FF0F3
:100A5000FF31E3F70FFC054610B327210C30FFF7F9
:100A600029FD224606463946FFF7E4FFC31D04F17F
:100A7000100152F8040B8A4243F8040BF9D11022FA
:100A8000002106F1170004F0B1F82946BDE8F8404E
:100A9000002242F22700E3F7EDBD6FF01500F8BD2C
:100AA0006FF06800FBE7037A02465B0705D5014655
:100AB0002E3211F8010BFFF7C4BF704738B54FF065
:100AC000FF3105464FF0FF30E3F7D4FB044658B141
:100AD00029460C30FFF7FDFC2146BDE838400022D6
:100AE00042F22D00E3F7C6BD6FF0680038BD2DE976
:100AF000F041D1F8048004460D4686B0B8F1000FED
:100B00001DD1037A5B071AD50E68411C701CFFF7D4
:100B100087FF2E36162241460746684604F066F8DF
:100B200010226946304604F069F858B137B91022EE
:100B3000304604F12E0104F061F800B96C6006B093
:100B4000BDE8F081002FF9D1F9E710B50C4630B9B6
:100B500019B1EAF7D3FF00B1441C204610BD0024B0
:100B6000FBE707B580B906216846F6F703FA40B9F6
:100B70009DF80530684603F03F038DF80530E4F733
:100B8000D1FA03B05DF804FB6FF01500F9E701201E
:100B90007047037AD90704D523F001030372E4F701
:100BA00057BC990704D523F002030372E4F76ABC2B
:100BB000704710B50C4631B10020FFF7D2FF08B9DD
:100BC0000123237010BD6FF01500FBE7D0E8AF0FD5
:100BD0007047032808B501D0E4F70CFEBDE80840D3
:100BE000E4F71CBE01F12003013813F8012D8B42FC
:100BF00000F8012FF9D1704700230B60436813B947
:100C0000C0E900117047196041607047D0F8B0002A
:100C1000003818BF012070470846896918301160F4
:100C2000426800211A6010F80D2C03F0DFBFD0E8F5
:100C3000AF0F7047FFF759BA2438E5F701BB002220
:100C400003680BB9184670478B4210D10B6842B944
:100C500042680360914200D14360002301200B6091
:100C6000704713604368994208BF4260F5E71A462F
:100C70001B68E6E7437B072B01D1E5F70DBB704707
:100C800010B50446006918B1E2F740FC0023236167
:100C900010BD034610B500F1C4021046FFF7C7FFB0
:100CA00060B1411CD2E8EF4F844204D1C2E8EC1F8E
:100CB000BCF1000FF6D1F0D1184610BD0346FBE79A
:100CC00010B5437B0446023B062B25D8DFE803F032
:100CD0000D0424242417220001730021E5F76CFC85
:100CE000BDE810400220E4F78FBE8378012B11D1BC
:100CF000403002F09CFBBDE81040E3F771BE008875
:100D0000FFF7C7FD38B9637B072B03D108212046C5
:100D1000E5F752FC002010BD6FF07F00FBE710B537
:100D20000446D0F8A00028B9207A04F17001EAF74F
:100D300023FF38B1E278438A2AB903F02100003852
:100D400018BF012010BD03F02400F8E72DE9F84397
:100D5000089E8146102E0C4690461F462FD84FF015
:100D6000FF304FF0FF31E3F785FA054658B31C21F9
:100D70000C30FFF79FFB0346B9F80020394623F8F3
:100D8000022B2268C0F80220626800F10C045A604D
:100D9000B8F8003032464381204603F001FF102EA0
:100DA00005D00021C6F11002A01903F01FFF29464B
:100DB000BDE8F843002242F21900E3F75BBC6FF094
:100DC0001500BDE8F8836FF06800FAE710B5837886
:100DD0000446012B27D1437B072B27D10A0601F0BC
:100DE0007F0310D5021DD2E8EF0F40F40040C2E8A7
:100DF000E10F0029F7D12046A37201F0ECFA08B107
:100E0000637AA37210BD427A9A4212D2827A9A42CF
:100E10000FD2021DD2E8EF0F20F40040C2E8E10F2C
:100E20000029E8D0F6E76FF01500EBE76FF07F00E0
:100E3000E8E70020E6E78378012B0CBF407A00202A
:100E4000704773B506460C46FFF729FC6D463146E0
:100E5000A8B16846FFF718FC29460020E5F7A2FF75
:100E600058B12388A0F88C306388A0F88E30A3880E
:100E7000A0F89030E388A0F8923002B070BDFFF780
:100E800064FE0346006800909A889B79ADF80420C0
:100E90008DF80630E0E738B5037A04468B421546F4
:100EA00015D100F170010722284603F0A7FE80B19A
:100EB000E378072243B904F17E01284603F09EFE41
:100EC000B0FA80F0400938BD04F17701F5E7002061
:100ED000F9E70120F7E78378012B0CBF7030002081
:100EE0007047F8B507460D464FF0FF304FF0FF3121
:100EF000E3F7C0F90646D0B10E210C30FFF7DAFA5D
:100F000004460E22002103F071FE3B883146238007
:100F10002B88002263806B8842F21300A380AB8889
:100F2000E380EB882381BDE8F840E3F7A3BB6FF0D3
:100F30006800F8BD00230B60436813B9C0E90011D5
:100F40007047196041607047136839B941680360A0
:100F50008A4200D143600023136070470B604368EE
:100F60009A4208BF4160F6E770B5446B0D4694B1F4
:100F70000021083C94F86C60AE420ED194F86D608C
:100F8000964202D0B2F5807F07D123B104F1080266
:100F90003430FFF7D9FF204670BD04F10801A46882
:100FA000002CF8D0083CE5E70A4640393F290346C3
:100FB00010B517D8406B60B10021A0F10804A08AD9
:100FC000904207D103F1340004F10802FFF7BCFF9F
:100FD000204610BDA0680028FBD004F10801A0F154
:100FE0000804ECE70020F4E7536810461B69184733
:100FF0007047D0E8AF0F704710B4019C019410BC4B
:10100000FFF77DB8FFF771B8FFF766B8703002F0F0
:101010000EBA0023E1F72CB810B50446FBF73EFFEB
:10102000214651F8C00BD0F8B0304BB9B030FFF7C3
:1010300081FFFBF747FF2068BDE81040E5F798BA4D
:101040009942F6D01B68F0E7D0F8B03043B1D0F841
:10105000B4101A688B42C0F8B02008BFC0F8B420A2
:10106000704738B5044600F12C03D3E8EF5F0D4418
:10107000C3E8E25F002AF8D104F11001D1E8EF3FA4
:1010800043F00102C1E8E52F002DF7D1DB070AD4B8
:101090006368DB6903B19847236B23B12046BDE841
:1010A0003840FFF7B9BF38BD002310B400F12C025F
:1010B00043628362C362D2E8EF1FC2E8E43F002CC0
:1010C000F9D110BC303002F06BB82DE9F041044684
:1010D000D0E90056F5B1FBF7E1FE0021D5F8B030BC
:1010E00004F1C0022BB19A4223D105F1B000FFF701
:1010F0002BFFFBF7E7FE04F1300700220023384600
:10110000FBF7F6F90546B8B973680BB12046984766
:1011100000232360002384F86830A4F86A30E36871
:101120000BB120469847336A8BB12046BDE8F041A9
:10113000184719461B68D5E7AB6923B16FF06D02FC
:10114000E969206898472846E2F7E0F9D5E7BDE865
:10115000F08110B4436B0A467BB10021083B9A42F0
:1011600004D110BC08323430FFF7EEBE9C6824B1C5
:1011700003F10801A4F10803F1E710BC704710B5B2
:10118000406B20B150F8084904B1083C00B910BDCB
:10119000FFF79BFF2CB1A36803B1083B20461C4618
:1011A000F4E72346FAE7406B28B1838B08388B427B
:1011B00001D08068F8E7704738B50D460521FFF784
:1011C000F2FF002329461A46E6F73CF9044610B11F
:1011D0002846E2F79BF9204638BD70B5446B0E46B1
:1011E00024B154F8085905B1083D04B970BD04F1A3
:1011F0001003D3E8EF2F22F00401C3E8E01F00281A
:10120000F7D1530707D59EB120682146FFF7A1FF0C
:101210002046FFF75AFF63689B6813B131462046AA
:1012200098475DB1AB6803B1083B2C461D46DCE72F
:101230002046DFF759FD0028EDD0E5E72B46F4E71F
:101240002DE9F8439DF82090174609F10202064661
:10125000D2B201201D46E6F7D5F8044690B100F160
:101260000C0802214046FFF725F9078025B14A46C0
:1012700029464046FFF724F921463046BDE8F843A9
:10128000FFF79ABFBDE8F88310B54AB989B2FFF7F6
:101290008AFF28B143689B6913B1BDE81040184725
:1012A00010BD406B28B1838908388B4201D080681B
:1012B000F8E7704770B50646E5F7B2FF0C4608221E
:1012C00001461220E6F79EF8054688B108210C3049
:1012D000FFF7F0F822882946028062884280A288BF
:1012E0008280E288C2803046BDE87040FFF764BF6C
:1012F0006FF00B0070BD704770B5036804463BB3D8
:10130000E5F78EFF0422014606460620E6F77AF846
:10131000054600B30623042184F86D3084F86C6020
:101320000C30FFF7C7F8A38C29460380A38A4380BB
:101330002068FFF741FF30B94FF22442002304F147
:101340007000FBF77BFB0423002084F8683070BD3D
:101350006FF07F00FBE76FF00B00F8E770B5A0F1CE
:10136000480600F11004002200232046FBF7C0F8D5
:10137000054600B970BD30462946E6F7CBFB284646
:10138000E2F7C4F8EFE70346006828B1596802683D
:1013900088421A6008BF5A6070470346002003B9AC
:1013A00070471A8A5B681044F9E710B5D4680231B7
:1013B000237813B92170012010BD8B42FBD0038A22
:1013C000023B038200201061F6E7FEF785BE2DE99F
:1013D000F04104468868FFF7E0FFE38DE28B0D469D
:1013E000934228BF134683421FD30027C4F8D4106A
:1013F000D1F808808F60FBF751FD41462046E7F7A2
:101400000DF8064640B1C5F80880C4F8D470FBF763
:1014100059FD3046BDE8F081E18DE38B28469942C5
:1014200028BF194600F04AFEF1E76FF07906F0E7B1
:1014300073B51446014605464FF49572206800F0D6
:101440008FFD207530B92946206800F03AFE20B99A
:1014500008232375002002B070BD237AB3B1A3F135
:101460001802534253419B000193638A294600931B
:10147000AE68238AE2682068B047002808DB238A28
:1014800098420CD1002301202375E4E70223EBE707
:1014900010F1FF0F03D34042C0B22075DAE70E20EF
:1014A000FBE738B504460D46E6F7B8FF30B12946EC
:1014B00004F1D800BDE8384001F0A0BE38BDF8B551
:1014C000936805460F461446166863B950680121B3
:1014D0000C30FEF7EFFFA0602B681B78002B14BFC9
:1014E000022301230370A3681B78012B03D0022B76
:1014F0001FD000201CE02B681B78002BF9D16068FE
:1015000004210C30FEF7D6FFE06007802A68E3680C
:1015100052885A806168F28DF38B088A9A4294BF90
:10152000C0EB0200C0EB0300042894BF00200120A0
:10153000F8BD2B681B78022BDBD1606812210C30C0
:10154000FEF7B8FFE06007802B68E268591C0232A2
:10155000113351F8040B994242F8040BF9D1616838
:10156000F28DF38B088A9A4294BFC0EB0200C0EB65
:1015700003001228D9E770B40668F2696AB31368E9
:10158000A2F58C740BB1A3F58C73002211467CB9C3
:10159000C38DC08B8B4201D8904220D9824238BF84
:1015A00002469942306838BF194670BCE8F706BF5A
:1015B000844207D0E58DE48BA94238BF2946A24278
:1015C00038BF22463BB1D3F818510DB1A5F58C7543
:1015D0001C462B46DBE71D46FAE71146D8E770BCF0
:1015E0007047D0680431037813B901700120704747
:1015F0008B42FBD0002091680B8A043B0B82106168
:1016000070471FB5CDE9012300231A460093E8F780
:10161000B9FA05B05DF804FB0022036803B970470E
:101620008B420FD10B683AB942680360914200D1F6
:10163000436000230B60704713604368994208BF02
:101640004260F6E71A461B68E8E7D0E8EF3F43F050
:101650000802C0E8E12F0029F7D1C3F3C0007047AA
:101660002DE9F041064690461F460D46B9B10422C9
:101670000121E6F7B3FF044618B9BDE8F041E6F7EB
:1016800087BF04210C30FEF715FF0570A0F801801C
:10169000C77021463046BDE8F041FFF702BFBDE804
:1016A000F08137B50C46054601F10C00FEF742FF0C
:1016B000228A03460192E2681221009228461322F0
:1016C000E6F7E4FF03B030BD37B50C46054601F13F
:1016D0000C00FEF72FFF228A03460192E26828469B
:1016E000009200221146E6F7D1FF03B030BD70B57D
:1016F00004460E46002200230846FAF7F9FE054686
:1017000058B101462046E6F789FE044618B129463D
:10171000304601F07EFD204670BD6FF00104FAE70F
:1017200007B5CA680C211388528800920D22E7F78A
:10173000B3F903B05DF804FB07B50022CB680A21BA
:101740001B8800920B22E7F7A7F903B05DF804FBB2
:101750002DE9F041CB6805461F88BBB2162B1BD97B
:101760000321E7F75DF80646C0B102210C30FEF711
:10177000A1FE00244FF04108314680F800804470FB
:101780002846FFF78EFE2846A5F81E80EF85FFF756
:10179000F2FE2046BDE8F0810420FBE70E20F9E7C9
:1017A0002DE9F04F064685B0104690469946FFF762
:1017B000F4FDF38BF28D8B46934228BF1346834290
:1017C00075D9B36840460393FEF73AFE4FF0000A1E
:1017D00004464046FFF7E1FDE168228A658A6369B5
:1017E000AD1ACB1AED1AF78BF38D9F4294BFC0EB65
:1017F0000700C0EB0300854228BF054625BB98F8CB
:101800000A00E1F7DBFD00220023FEF7E3FD0446BA
:1018100008B9574627E001464046FEF722FE4046FB
:10182000FFF7BBFDE168228A658A6369AD1ACB1AAE
:10183000ED1AF78DF38B9F4294BFC0EB0700C0EB0E
:101840000300854228BF0546CDF80090DBF8047000
:101850000A4403985946ABB2B847071E07DABAF1F3
:10186000000F18BF5746384605B0BDE8F08F0E9BF5
:10187000ABB9394604F10C00FEF71CFE4046FFF7F9
:101880008CFDF38DF28BB944934228BF13468342FB
:10189000BA441FFA89F9BCD9AF429AD0B9E73946A0
:1018A00020460F9A0E9B98470028E2D1B1E7002707
:1018B000D9E700232DE9F34117681446D7F80880CB
:1018C0000146137306469522404600F049FB054643
:1018D000207330B93146404600F0F1FB28B90823A7
:1018E0002373002002B0BDE8F081A068F98DFA8B67
:1018F000038A914294BFC3EB0103C3EB0203012BA4
:10190000EFDD02210C30FEF7D5FDCDE90055804614
:10191000A38831463846A268FFF742FF031E06DA65
:1019200013F1FF0F2ABF5B420E23DBB2D8E7012081
:10193000A8F80030D6E700232DE9F34117681446D4
:10194000D7F808800146137306469522404600F0FA
:1019500007FB0546207330B93146404600F0AFFB27
:1019600028B908232373002002B0BDE8F081CDE937
:10197000005531463846A388A268FFF711FF0028BA
:1019800007DA10F1FF0F32BF0E204042C0B22073C1
:10199000E9E70120E8E7F8B5054650F8084CA0F162
:1019A000080700F1C803D3E8EF1F21F00401C3E8E2
:1019B000E21F002AF7D104B3D5F8CC3083B96368AD
:1019C00073B1201DFFF7DFFC064601463846FFF7DE
:1019D000FEFC90B163683360A368666003B9A660DB
:1019E000384605F1D001FFF782FE30B1384604F1E8
:1019F0000C01BDE8F840FFF77ABEF8BD2DE9F041D3
:101A0000C369064653B11D68A3F58C770DB1A5F5E2
:101A10008C750022144606F104080FB9BDE8F08168
:101A2000D7F8D4309BB904B98AB94046FFF7ABFC6C
:101A3000044658B101463846FFF7C9FC0028EDD0EE
:101A400073682360B368746003B9B4603A463DB10B
:101A5000D5F818310BB1A3F58C732F461D46DCE782
:101A60002B46FAE738B50546D1E8AF3FDB0718D576
:101A700050F8080CA8B1D5F8CC3093B90430FFF772
:101A800082FC044668B10146A5F10800FFF79FFCFF
:101A900038B155F8083C5A6822609A685C6002B90F
:101AA0009C6038BDE8F702B808B500230A8AC96807
:101AB000E7F7BEFC002008BD70B50D46E7F74EFB0A
:101AC000044628B92846E1F721FD6FF07F0070BD7C
:101AD00000F10C062946304601F090FBE369DBB1CA
:101AE0001C68A3F58C750CB1A4F58C74002210460B
:101AF00008E02A4684B1D4F818310BB1A3F58C73F1
:101B000025461C46831C01D1002AF3D131462846C4
:101B1000FFF7EDFD0028ECD10020D8E738B50546E9
:101B20000C46FBF7BBF92846E7F718FB20B9FBF793
:101B3000C9F96FF07F0038BD0023236083683BB98B
:101B4000C0E90144FFF75AFFFBF7BCF90020F2E7B8
:101B50001C608460F6E70120704708B5E7F7FEFADD
:101B600080B1C36973B1A3F58C7303F1D002D2E8DD
:101B7000EF0F20F00800C2E8E10F0029F7D1D3F8F9
:101B80001831EFE708BD08B50421FFF78AFB20B143
:101B9000C830D0E8AF0FC0F3C00008BD106000200F
:101BA000704710B5029CA36833B1B1F5807F28BFA0
:101BB0000E21CAB221469847A37DE268013BDBB201
:101BC000A37522B11BB92046BDE81040104710BDD7
:101BD0001060918000207047F0B5076806463D7898
:101BE000144689B0DDB97B88B3F5245F04D010D8E2
:101BF000A3F52053032B12D8ADF80A100222204679
:101C00000DF10A01E7F754FD68B16FF01503E364C5
:101C100006E003F55643FF339BB2042B1FD9012581
:101C2000284609B0F0BD7B88022220460DF10A014A
:101C3000ADF80A30E7F73CFD0028E6D1009003AA92
:101C4000132331467768B847021E01DAE264E7E7FA
:101C500003A92046E7F72CFD0028E0D0D5E7ADF832
:101C60000A10022220460DF10A01E7F721FD0028A3
:101C7000CBD17B880222ADF80A300DF10A01E8E7EA
:101C8000072208B502F0BAFFB0FA80F0400908BD9B
:101C9000034610B5D3E8EF0F40EA0102C3E8E42F92
:101CA000002CF7D110BD0B6803608B8883808B7983
:101CB0008371704770B50D46064611F8010BE5F7C4
:101CC0009DF8044610B12C89E4F72AFCA87A05F1A6
:101CD0000B01E5F793F828B16B8A9C4238BF1C468C
:101CE000E4F71EFCAB8AA34207D0AB69AC8223B1F8
:101CF00021463046BDE87040184770BD38B5BDF884
:101D000010401546A2420CD84CB16BB1A41A8C42BB
:101D1000A8BF0C46A4B22246591902F041FF204642
:101D200038BD6FF00604FAE76FF00D04F7E730B541
:101D300085B0C96814461D46E7F720FD00B100894B
:101D40000223ADF80E00009329462046BDF820205E
:101D50000DF10E03FFF7D2FF05B030BD1FB50C46E5
:101D60001946E36810461C78BDF818203CB11024D1
:101D70000133069404B0BDE81040FFF7BFBF5B8895
:101D8000ADF80E30022300930DF10E03FFF7B6FFFE
:101D900004B010BD30B51D46002385B014468DF843
:101DA0000C30E7F797FC10B1037A8DF80C30012363
:101DB000294600932046BDF8202003ABFFF79EFF85
:101DC00005B030BD08B5E7F7B7FC18B100230360D4
:101DD0004360836008BD70B500F17006054631466A
:101DE000007AFEF74BFD04463146287A1CB1BDE867
:101DF0007040FFF7E7BFE7F79FFC10B10460446055
:101E0000846070BD022A10B508D1002300F1700172
:101E10001A46007AE7F7EAFC022010BDFFF7DBFF65
:101E2000FAE701210C30FFF733BF38B504461546F9
:101E3000FFF791FE40B12046E7F74CFC20B1037A52
:101E4000DB0701D5FFF7EDFF35B9207A04F170010A
:101E5000E7F772FC00B1856038BD38B5BDF81010E9
:101E6000BDF818401046A142059D0CD84CB16DB18B
:101E7000641A9C42A8BF1C46A4B22246294402F020
:101E80008FFE204638BD6FF00604FAE76FF00D04B0
:101E9000F7E713B5044610B9002002B010BD0023C7
:101EA0008DF8043042F60303006801A9ADF806304E
:101EB000FEF78FFB0028EFD1E36898880028ECD16B
:101EC0002046E7F72FFE013080B2E6E770B5CC6818
:101ED0001E46A37988B008468DF80C301546FFF7EA
:101EE000D8FFADF80D00246823786BB96388ADF88E
:101EF0000F300523009331462846BDF8302003AB50
:101F0000FFF7FCFE08B070BD631C0DF10F02113429
:101F100053F8041BA34242F8041BF9D11323E9E749
:101F20001FB5CDE9012300231A460093E7F72AFEE7
:101F300005B05DF804FB002313B58DF8043042F6BC
:101F40000303044601A90068ADF80630FEF741FB23
:101F500018B92046E7F71AFF0446204602B010BD24
:101F600038B54C8AD3070546C4F30E0404D514F0E3
:101F7000950F2AD04B6843B3900704D514F4957F8E
:101F800025D08B681BB3144014F4DE7F0DD0EB7AA0
:101F90002BB92846FEF7C3FED8B9052038BD14F08A
:101FA000300F04D114F4C07F07D10020F6E7284693
:101FB000FEF741FF0228F5D8EFE7D5F8A030002B57
:101FC000EBD05B7CDB06E8D5EFE70220E6E70320F9
:101FD000E4E70F20E2E7F8B514460F469422616863
:101FE0000646FFF7BDFF20BB012230466168E7F7D8
:101FF000DFFE08B3A2891B2130460232E7F7A6F9BB
:102000000546E0B1A1890C300231FEF753FA20F801
:10201000027BA289A16802F0C3FDD4E9041228461C
:102020000123E7F733FB29463046BDE8F840FFF7C8
:1020300043BD4FF0FF30F8BD6FF01500FBE76FF0C8
:102040000B00F8E72DE9F04105468846E7F742FB2B
:102050000446E0B1037ADA0719D500F10C06D6E898
:10206000AF7F17F0010712D1B8F1000F10D0D6E8FA
:10207000EF3F23F00202C6E8E12F0029F7D19B07CA
:10208000284608D5FFF769FD2046FFF7CAFE01275D
:102090003846BDE8F081FFF75EFD0028F8D02846FD
:1020A000FFF771FD0028F3D0D6E8EF3F23F00203DD
:1020B000C6E8E23F002AF7D12846E3E7704701204F
:1020C00070470120704713B5C068144668B10023FB
:1020D0008DF804304FF4C05301A9ADF80630FEF777
:1020E00078FA10B9236801332360012002B010BDD3
:1020F00007207047FDF7F0BFD0E8AF0F084100F0B0
:102100000100704738B50A46034609B9012038BDB9
:10211000488A10F0240FF9D0197D5D7B147CA94208
:1021200028BF29468C4201D90020F0E7800607D459
:10213000517CC9070BD4187A003818BF0120E6E794
:102140000521181DFFF7D8FF0028F1D1ECE7197A17
:102150000029E9D00521181DFFF7CEFF18B9197A1B
:1021600001390129E0D9527CD207CFD4E3E701231A
:102170008B40DB43D0E8EF2F1A40C0E8E12F002965
:10218000F8D17047FDF7B1BF10B50621FFF789F808
:10219000044618B9E8F7D4F9204610BDA0F1F004C0
:1021A000FAE7072070470720704707207047012390
:1021B00003FA01F1CA4330B5D0E8EF3F03EA020465
:1021C000C0E8E54F002DF7D101EA0300003818BF41
:1021D000012030BD01238B40D0E8EF2F1A43C0E827
:1021E000E12F0029F8D1704708B50E21FFF7F2FF63
:1021F000002008BD38B504210446E8F76DFA05460D
:1022000098B110210C30FEF755F904F1270304F1C1
:10221000370253F8041B934240F8041BF9D12046BF
:102220002946E8F7A1F9002038BD0820FCE738B5B9
:10223000CD6804460B210430FFF799FF2B4604F1CB
:10224000170205F1100153F8040B8B4242F8040BFE
:10225000F9D1D4F8F030DB783BB920460421FFF700
:10226000B9FFBDE83840FFF7C5BF002038BD70B5E5
:1022700004460025D0F8F060031DD3E8EF2FC3E833
:10228000E15F0029F9D104F5DC7001F0D0F8257286
:10229000D4E8EF3FC4E8E25F002AF9D1F3782BB924
:1022A0002046BDE870400B21FFF794BF70BD70B5AC
:1022B00000F1700605460C4607223046096802F018
:1022C0009DFCB8B963681A682A679A88A5F87420D3
:1022D0009B7985F87630D5F8A0305BB1A26893423F
:1022E00008D062681168C3F801109188A3F805103E
:1022F0009279DA7170BD2DE9F84FDDF82C80044633
:1023000092461F46BDF82890FFF73EFF054600287D
:102310005CD0061DB9F1000F27D15AEA070324D17A
:1023200003213046FFF7E8FEF8B101213046FFF700
:10233000E3FED0B12C7D6B7B05F147019C4228BFA9
:102340001C462246404602F02BFC0F2C06D849467C
:10235000C4F1100208EB040002F048FC30460121F1
:10236000FFF738FF0120BDE8F88FD4F8A03083B91B
:1023700004F1700B5A462020217AE9F7A5FBC4F836
:10238000A00030B95A460120217AE9F79DFBC4F834
:10239000A000B9F1000F0CD15AEA070709D1D4F80F
:1023A000A01031B14B8A9B0603D50C7C1E3122460E
:1023B000C8E70F213046FFF79FFE20B10222062119
:1023C0002046E4F7B3FC2846FFF751FF0020CAE798
:1023D0006FF085007047F7B5C3780446002B5ED1D7
:1023E000FFF7D2FE054600285CD0061D03213046CB
:1023F000FFF782FE20B16FF00F04204603B0F0BD5E
:1024000001213046FFF778FE0028F4D10F21201D6E
:10241000FFF772FE28B1204603B0BDE8F040E8F7B0
:1024200097BDD4F8A00090B904F170073A46202077
:10243000217AE9F749FBC4F8A00040B93A460420E4
:10244000217AE9F741FBC4F8A0000028E3D0438AD1
:1024500013F0240FDFD0A27A022A09D9417CC907E0
:10246000D9D5032A04D09B06D5D5037C102BD2D115
:10247000037C00F11C02009300F1140100F11E0323
:102480002046FEF763FC04460028B6D128460B21FF
:10249000FFF7A0FE01213046FFF79CFEADE76FF08D
:1024A0001504AAE76FF07F04A7E770B5044608207B
:1024B000E7F7FCFF0546E8B1061D08213046FFF7A7
:1024C00056FE002C3CD00721FFF751FE234605F1B4
:1024D000970204F1200153F8040B8B4242F8040BDD
:1024E000F9D10A213046FFF707FE70B109213046C5
:1024F000FFF770FE0720E7F7D9FF044610B3E8F7AF
:10250000CDF8F8B10821204617E010213046FFF73A
:10251000F3FD09210028EAD13046FFF7EDFD002840
:10252000E8D0D5F8F030DB78002BE3D12846E8F787
:10253000D5F90028DED008212846E8F701FFD9E7C1
:102540000B21F9E770BD70B50446A0F1F00650F814
:10255000C83BEC3CD3F8A05000F069FF03212046B3
:10256000FFF7CAFDA0B108213046E8F75DFE3DB196
:102570006B8A13B16B7C9B0702D5284600F029F8C3
:102580003046BDE870404FF4F872002102F02EBBD7
:1025900001212046FFF7B0FD0028E4D10F2120469D
:1025A000FFF7AAFD0028DED1E1E770B504460D462D
:1025B0001646E9F789FA38B931462846E9F744FA68
:1025C00010B1438A1C43448270BD438A194341823F
:1025D000704710B5037A04465B0701D5E2F752FF56
:1025E0002046BDE810404422002102F0FFBA531EED
:1025F0001944024411F8013900F8013B9042F9D125
:10260000704710B5431E00F11002073013F8011F88
:1026100012F8014D83421C701170F7D110BDF0B556
:102620000E4614461D4697B00146202205A81C9F61
:10263000FFF7DDFF202231460DA8FFF7D8FF214626
:10264000102201A88DF85450FFF7D1FF3B464122DC
:1026500005A901A8E9F738FB044610B93846FFF789
:10266000D0FF204617B0F0BD2DE9F04316461D46B9
:1026700097B00446DDE91F98102205A8219FFFF7B7
:10268000B6FF1022314609A8FFF7B1FF10222946F4
:102690000DA8FFF7ACFF03221E9911A8FFF7A7FFB3
:1026A000494611F8013BD9F801008DF847308B8875
:1026B0000622129012A8ADF84C30FFF798FF414661
:1026C00011F8013B06228DF84E30D8F801300DF19B
:1026D0004F00CDF84F308B88ADF85330FFF787FFB0
:1026E0002146102201A8FFF782FF3B46412205A99F
:1026F00001A8E9F7E9FA044610B93846FFF781FF67
:10270000204617B0BDE8F0830C220369C9B202FB72
:102710000133186C00F00700704770B50346C9B26A
:102720000069EFF31186202484F31288BFF36F8FC2
:102730000C2505FB0104246C14F0C00401D0A24256
:1027400011D1012205FB01000264002086F31188EB
:10275000BFF36F8F30B90C225B6802FB01335B68FB
:102760009847002070BD4FF0FF30EFE78022FFF761
:10277000D4BFF8B5069F05460469C9B2EFF3118CC2
:10278000202080F31288BFF36F8F0C2606FB0146D2
:10279000306C00F0070EBEF1010F10D13764002637
:1027A0008CF31188BFF36F8F3EB90C2041430C446A
:1027B000C4E90E236B685B5898473046F8BD00F0BB
:1027C000C00087420CBF6FF077064FF0FF36E7E797
:1027D00013B580240094FFF7CCFF02B010BD10B4F5
:1027E0001C240069CBB204FB0300002110BC10477D
:1027F0001046F9F7B3BE00F060B9F8F7A9BC38B5D8
:1028000008461446EFF31185202383F31288BFF3A3
:102810006F8F1146F8F7F4FE85F31188BFF36F8FC1
:10282000002808BF204638BD08B50023FFF7E7FFA2
:1028300000EAE07008BDF8F7C9BE436800205B6895
:10284000DB680B607047436802EA01005B6821EABD
:1028500002015860002099607047436800205B685F
:1028600059607047436800205B689960704743680F
:102870005B681A6821EA02001140586000209960E4
:10288000704730B50369586800B30024884219D1F5
:1028900008688CB99C685860A14200D198600020FB
:1028A00008602AB15A680A609A68596002B999604A
:1028B00000200FE02846E9E720609868814208BFC1
:1028C0009C60ECE705680446002DF3D1002AE9D1AD
:1028D0006FF0150030BDF9F71FB830B543681360CD
:1028E000057A446804EBC504A34202D36FF00100EB
:1028F00030BD5C7908338C42F1D10020F8E74368A1
:102900001B68D3F83031704743681B68D3F88004E4
:10291000C3F88004704742681368D3F84C0150B183
:102920000020926A12780A70C3F84C01D3F84C2147
:1029300001229A6270474FF0FF30704713B501AA29
:102940000446FFF7CAFF002805DB019B22681979BE
:102950001868F8F7D3F802B010BD38B50546002264
:102960000121C620E0F74CF9C620E0F719F96C68A0
:102970000121E068FFF7E2FF6B6819686369C1F83D
:102980002435E28BA38BA07E1343228C1343628CED
:102990001343627E9BB20243207E02431343C1F87D
:1029A0006C3569680B68D3F8002242F48022C3F8C2
:1029B00000220822C3F800254A6A0121C3F83C27F7
:1029C0000022C3F840271965D3F830110029FBD045
:1029D000C3F800256D680021E8682C68FFF7AEFF9A
:1029E0000823C4F800352A7A52B9AB6AC4F8043710
:1029F0000123C4F80837C4F84C21D4F84C21A36251
:102A0000002038BD08B50220F7F738FE002008BDC9
:102A100008B5F9F79FF808BD03460020184700F0F5
:102A200085BA024610B5116891B1B1FA81F3C3F1CC
:102A30001F000123834021EA0303D2E8EF4F8C42B9
:102A400004D1C2E8EC3FBCF1000FF6D1EBD110BDD0
:102A50006FF00B00FBE710B50368CB40DB0710D429
:102A600001238B40026843EA0201D0E8EF4F944211
:102A700004D1C0E8EC1FBCF1000FF6D1F2D1002068
:102A800010BD6FF01500FBE7F8F7FEBA10B1012892
:102A900002D07047F8F75CBBF8F70ABC18B1012800
:102AA00003D100F00CB800F008B8704708B5F8F78B
:102AB00033FCBDE80840F8F78BBBF8F71DBBF8F70F
:102AC000BFBBF7B51646DDE90847019001A81D46D2
:102AD000F8F7D8FD019BB6F1000C18BF4FF0010CC0
:102AE00000EB83000B1E18BF0123002D43EA4C03AB
:102AF0000CBF4FF0000C4FF00C0C002C43EA0C0301
:102B00000CBF4FF0000C4FF4706C002F43EA0C0325
:102B10000CBF4FF0000C4FF4403CD0F8802043EA4B
:102B20000C0322EA030301B109780EB1367876006E
:102B300019430DB12D78AD0031430CB12478240236
:102B400029430FB13F783F040C433C43C0F8804019
:102B500003B0F0BD1FB50DF10F03019300238DF8F5
:102B60000F101A4619460093FFF7ABFF05B05DF84A
:102B700004FB10B504460846F8F794FD04EB400446
:102B8000207DC0F3401010BD10B504460846F8F78C
:102B900089FD04EB4004207DC0F3400010BD10B55A
:102BA00004460846F8F77EFD04EB4004A08A400B7B
:102BB00010BD70B5044608461646F8F773FD083098
:102BC00034F810300D46DA0509D5C3F3432304EB7E
:102BD000C3023146284654F8333052689847A368F8
:102BE0002BB131462846E268BDE87040184770BDF9
:102BF00010B504460846F8F755FD04EB4000838AFB
:102C0000DA051DD5C3F3432123F4F853838204F17D
:102C1000120204F1580032F8023F13F4807F03D00F
:102C2000C3F3432399420BD08242F4D1002204EB38
:102C3000C1035A6004F16000BDE81040FFF70BBF0C
:102C400010BDF0B504460020012705468446954294
:102C50000AD1D4F8443133B10023C4F84431D4F854
:102C6000443140F40030F0BDEBB29B0003F58076B8
:102C70009B0807FA03F3194208D054F806E0BEF1A6
:102C8000000F03D044F806C0A65918430135DEE70B
:102C900038B504460D46FFF76CFFA8B12046FFF794
:102CA00073FF88B92046FFF77AFF0123226883402B
:102CB000C2F81833236803EB8000D0F8103523F0F6
:102CC0000303C0F8103538BD2846BDE83840002160
:102CD000FFF740BF2DE9F0431746044685B008468C
:102CE000F8F7E0FCD7F800800E460546B8F1000F73
:102CF0001ED02046FFF748FF18B12046FFF739FFE6
:102D000020BB00230DF10F02CDE900338DF80E300A
:102D10008DF80F30304643460DF10E01FFF7D1FE1E
:102D200004EB4502938A23F0020343F001039382EC
:102D30007B689BB33146204693F80080D3F804901B
:102D4000FFF722FF28B1B9F1000F1FD06FF0150077
:102D500027E004EB4500838A23F4604323F020033B
:102D60008382B9F1000F11D0B8F1030FEED87B6860
:102D700021685B6893F800C04FEA8C031944B8F1EE
:102D8000000F11D1C1F81085C1F8108504EB450280
:102D9000938A23F01C0343EA88039382BB684BBBEE
:102DA000002005B0BDE8F083D1F8102522F0030221
:102DB000C1F8102522681344D3F8102522F44732B5
:102DC00022F47C72C3F8102541F6F072D3F8101586
:102DD00002EA061242EA08420A43C3F8102504EB4D
:102DE0004C03A3F86460838A43EA4C3343F0200326
:102DF0008382CBE73146D3E900782046FFF7F8FE1F
:102E0000002FCDD063689F4206D004F16000FFF729
:102E100008FE002804DAC4E7A3689845F5D100202D
:102E200004EBC003C3E9017804EB4505AB8AC0B2EB
:102E300043EA402343F48073AB82B1E7C0E9031255
:102E4000704770B504461546FFF793FE48B1084633
:102E5000F8F728FC04EB40040020A38A5B0B2B70DE
:102E600070BD6FF01500FBE790F87400003818BFD4
:102E700001207047F8F74CBC2DE9F3410446174692
:102E8000FFF777FE0D462668F0B12046FFF77CFE7F
:102E90008046C8B92046FFF782FE820002F58073A3
:102EA00046F80380F35823681344D3F8102542F002
:102EB0000102C3F8102527B1012322688340C2F81C
:102EC000143302B0BDE8F081D6F8143328469B03D2
:102ED0005CBF4FF40033C6F81433F8F7E3FB04EBA0
:102EE0004004A38AC3F38203042B11D0052B11D015
:102EF00001A80195F8F7C6FB019BC168D94001F014
:102F000001010231284602B0BDE8F041FFF722BEC0
:102F10000321F7E70221F5E7FFF7BABE08B5FAF794
:102F20007BFE002818BF6FF0040008BD08B1E0F771
:102F3000B1BB704710B5436904463BB90020E26855
:102F40004042537843F00103537010BD9847002866
:102F5000F4D00028B8BF4042FF28A8BFFF20E36894
:102F60001870ECE740B1C368587810F001001EBF3C
:102F70001878B0FA80F040097047EFF311832023EE
:102F800083F31288BFF36F8FFEE710B400F10C04D7
:102F9000C0E9034410BCFCF7C0BB38B50446EFF3EE
:102FA0001185202383F31288BFF36F8FDEF784F837
:102FB00004F10C0000F03DFB30B1294604F114008F
:102FC000BDE8384000F01BBB85F31188BFF36F8F5D
:102FD00038BD10B542696AB1836842EA03018907C6
:102FE00008D10169A2FB011424B95B182CBF01218F
:102FF000002102D36FF0150005E0C1609B1A026941
:103000008A4201D8002010BDC26801311A604269AD
:10301000C3609B1AF3E72DE9F04105460F46EFF335
:103020001188202383F31288BFF36F8FC668F6B927
:103030000468A0421BD0D4B1D4E9003213605A60B6
:10304000237CC4E9006623F002032374A66004F124
:10305000180000F072FB2046A667676100F075FA61
:10306000414605F10800BDE8F04100F0C8BA3E60F5
:10307000AB69EF60013BAB6188F31188BFF36F8FE1
:10308000BDE8F081202408B5EFF3118384F31288A2
:10309000BFF36F8FFDF747F9F6E790F90E308B42DB
:1030A00001D0F9F77BBE0020704703460020C3E93A
:1030B0000033C3E902007047D0E9003213605A6060
:1030C0000023027CC0E9003322F002020274836014
:1030D00070472DE9F843904604460D469DF82020A0
:1030E000EFF31187202181F31288BFF36F8F02B1B4
:1030F0004568A66804F10809B14515D0A6B10024B9
:103100003046FFF7D9FF06F1180000F016FB3046F5
:10311000B467C6F8148000F018FA4846394600F043
:103120006EFA2046BDE8F883A3B10820FAF7F4FA56
:10313000002832D00122C0F804800260016801F04A
:1031400003015DB922680A430260626820606AB9BF
:1031500060600BE04046C8F80030EFE72A68032AB9
:1031600010D80160616839B9C4E90000002087F314
:103170001188BFF36F8FD5E70A6802F0030202439C
:103180000A60E5E722F003020A4302602A6802F0BF
:10319000030240EA02032B60E8E76FF00B00E6E76A
:1031A0000023C0E9003300F10803C0E9023370478F
:1031B00070B5EFF31185202383F31288BFF36F8F6F
:1031C000846800F10806A64213D094B12046FFF7A8
:1031D00073FF04F1180000F0B0FA00232046A36743
:1031E000636100F0B2F929463046BDE8704000F056
:1031F00006BA85F31188BFF36F8F70BD012307B541
:10320000009300230A461946FFF763FF03B05DF8F9
:1032100004FB002307B50A4600931946FFF759FF40
:1032200003B05DF804FBEFF31183202282F31288D0
:10323000BFF36F8F006818B10268920718BF40682B
:1032400083F31188BFF36F8F70473AB18A4205D379
:10325000C0E90212C0E90000002070476FF01500BD
:103260007047012302688B4022EA0303036022FABD
:1032700001F000F001007047704710B503210446CB
:103280000C30FFF7EEFF30B104F1100000F055FAFA
:10329000B0FA80F0400910BD20B100228C301146F8
:1032A00000F012BA704770B5C3680446C3F3400615
:1032B0009B0716D4856802210C30FFF7D2FF80B13E
:1032C000D5F884206AB194421DD122689EB9D5F800
:1032D0008830C5F884209C4201D1C5F8882000239D
:1032E0002360E36813F01F001EBF43F00203E36096
:1032F00040F0020070BD3260D5F88820944208BFCB
:10330000C5F88860EBE716461268DBE773B504463C
:10331000EFF31185202383F31288BFF36F8F00230F
:103320000193D0E90423B3F1004F08BF012A05D06F
:1033300085F31188BFF36F8F02B070BDA0F1100646
:1033400003210438FFF78DFF0028F1D0A369304630
:1033500001A90193F9F740FAEAE738B504460D46AA
:103360001022002101F042FC656038BDEFF31183AB
:10337000202282F31288BFF36F8FC06800F01F0015
:1033800083F31188BFF36F8F704713B50190084620
:10339000EFF31184202383F31288BFF36F8F01A909
:1033A000F9F71AFA84F31188BFF36F8F02B010BDDA
:1033B00010B5FFF7EAFF041E08DDEFF311802023AC
:1033C00083F31288BFF36F8FF9F754FD204610BDC9
:1033D00070B50D46EFF31186202383F31288BFF3F7
:1033E0006F8FF9F74BFA044686F31188BFF36F8F9E
:1033F00038B14FF0FF324FF0FF3305F11000F9F70D
:10340000E1F8204670BD08B5A022002101F0EEFBD6
:1034100008BD38B530220D460021044601F0E6FB18
:103420004FF480736560E36038BDFFF79FBF38B528
:103430000446EFF31185202383F31288BFF36F8FC7
:10344000FFF71BFF2046FFF72EFF85F31188BFF320
:103450006F8F38BDF8B504460D46EFF31187202372
:1034600083F31288BFF36F8FC36803F01F03002B31
:1034700014BF0126002609D0FFF7FFFE2046FFF704
:1034800012FF29462046F9F789F9034687F3118888
:10349000BFF36F8F3BB14FF0FF324FF0FF3305F1B9
:1034A0000800F9F78FF83046F8BDD0E90032136014
:1034B0005A600023027CC0E9003322F00202027449
:1034C00083607047EFF30580003818BF0120704714
:1034D0006FF05700704700207047D0E9003213604A
:1034E0005A600023C0E90033704708B5FFF7F5FFC5
:1034F000037C23F0020303740023836008BD38B506
:1035000004460D46F9F7A6FB237C43F0020323741F
:10351000D5B1A5602B689D4209D16B68C4E9005301
:103520001C606C6010E06A689A42F6D01B68002B41
:10353000F3D093F90E1094F90E209142F3DD5A68FE
:10354000C4E9003214605C6038BD10B5EFF311843B
:10355000202383F31288BFF36F8FF9F73BFB84F3CB
:103560001188BFF36F8F10BD08B5EFF311812022D2
:1035700082F31288BFF36F8F83680BB1FFF7B5FF3B
:1035800081F31188BFF36F8F08BD08B5037C014636
:1035900013F0280F0CD183680BB1FFF7A6FF0B7C4B
:1035A000084623F004030B74BDE80840F9F712BB8A
:1035B00008BD10B5EFF31184202383F31288BFF305
:1035C0006F8F1838FFF7E1FF84F31188BFF36F8F17
:1035D00010BD08B50346EFF31181202282F3128853
:1035E000BFF36F8F0068834207D008B1FFF77DFFFC
:1035F00081F31188BFF36F8F08BD0020F8E70846FC
:10360000F9F760BB38B5054604680020AC4200D12C
:1036100038BD002CFCD02046FFF767FF04F11800EE
:1036200000F08BF82046F9F7D5FA2C680120A54266
:10363000EDE710B5EFF31184202383F31288BFF375
:103640006F8FFFF7DFFF84F31188BFF36F8F10BD1B
:1036500070B506460D46F9F7A9FCB5F1FF3F08BF66
:10366000B6F1FF3F04460CD047F6112000214FF47D
:103670007A7547F612220023E4FB0501DCF700FF10
:1036800070BD4FF0FF30FBE738B50446EFF311850E
:10369000202383F31288BFF36F8F037C5B070ED563
:1036A000183000F04AF8237C204623F004032374EA
:1036B000F9F790FA2846BDE83840F9F703BB85F3DF
:1036C0001188BFF36F8F38BD38B5EFF31185202314
:1036D00083F31288BFF36F8F0468A04212D09CB1AD
:1036E000A16762612046FFF700FF04F1180000F0B7
:1036F00024F82046F9F76EFA012085F31188BFF30C
:103700006F8F38BD0020F8E72046F6E708B502467F
:10371000F9F7BEFD70B1D0E904319B1A61EBE2729A
:10372000B3F1004F72F1000104DA002AACBF184671
:10373000002008BD6FF00040FBE7024638B5EFF30C
:103740001185202383F31288BFF36F8F0368D3B1F1
:10375000F9F79EFD04461046F9F7ACFD00224FF044
:1037600000438442C0E9042305D0002085F311887A
:10377000BFF36F8F38BDF9F793FDFFF7C7FF002147
:10378000F7F76EFBF1E7D0E90413B3F1004F08BF80
:10379000012904D100204FF00041C2E904016FF07B
:1037A0001500E3E708B5F9F78DFE08BDF9F78ABE05
:1037B000B3F1FF3F08BFB2F1FF3F70B506461D46AB
:1037C000144614D01A4316D0002B08DBF9F77AFE02
:1037D000041941EB0501C6E90041304670BD6FF0A8
:1037E00001031C1B4FF0FF3363EB0501F3E74FF0C0
:1037F000FF342146EFE70024FBE7B3F1FF3F08BFAA
:10380000B2F1FF3FF8B5074616461C4610D054EA01
:10381000020311D0F9F756FEB0420A46A141034611
:103820000AD2F31A64EB0204C7E900343846F8BD43
:103830004FF0FF331C46F7E70023FBE70023C0E906
:10384000081200F11802C0E90622C0E90033036340
:103850004363704720B1011F50F8040CFFF79DBB74
:10386000704700F4E040B0F5805F04D0A0F500534D
:10387000584258417047012070473AB1002918BF9B
:1038800000232121D21A184401F0B0B9704738B58D
:1038900013464FF480420D46FAF7BEF8044640B98D
:1038A000286843681B0A04D000F0B6FC2C606FF057
:1038B0008504204638BD2DE9F04F9B46002389B092
:1038C0008DF81B30159B9146DDE912A7002B0E46A3
:1038D0000B460CBF4FF400624FF4806207A9DDF87D
:1038E0005080FAF799F80446F0B9079D30462988C8
:1038F0000DF11B02FAF7FAF80446A8B99DF81B303F
:10390000BB4223D868686A6E000A05F1200120D105
:10391000CDE9033828463346CDE901BACDF8009009
:1039200000F0D9FC044608B1C8F800703A462146B8
:103930005046D8F80030FFF7A0FF079800F06CFC65
:10394000002C18BF204609B0BDE8F08F6FF0890445
:10395000EAE76FF08604E7E72DE9F341D0F8048049
:103960004769044640460E4600F058FC054660BBD9
:103970005FFA88F31BB93FB16FF0860525E06FF061
:103980004043013F9F42F7D2A06820F47F4020F0DF
:1039900003000028F0D14FF6F87362889A4218D8D5
:1039A000277907B901A83146FAF7CAF9054660B97F
:1039B0000FCCD6F800C066460FC694E8030086E830
:1039C000030017B9019BCCF81430284602B0BDE8BB
:1039D000F0816FF08505F8E740F67E7300F6FF7220
:1039E0009A4243D9434213F07F0306D0202BC3F100
:1039F000000015D16FF08500704710F1920F0FDABB
:103A000010F5994F2AD02CDC10F5C54F26D010F5B3
:103A1000C14FEFD010F5C74F23D16FF0960070471C
:103A200010F11F0F15DA10F13D0F1DD010F13C0FF2
:103A300007DA10F1400F14BF6FF083006FF09300AE
:103A4000704710F1220F14BF6FF083006FF08500F4
:103A50007047002818BF6FF0830070476FF0860032
:103A600070476FF0830070476FF09300704741F22A
:103A7000052398421AD8B0F5905F09D241F20103AC
:103A800098420CD0B0F5885F09D06FF08500704780
:103A90002923A0F5905080B2C340DB07F5D511F083
:103AA000070F14BF6FF0860000207047B0F5105F5D
:103AB000EBD121F04003802B06D0B1F5807F14BFFD
:103AC0006FF086000020704700207047F8B504466C
:103AD0000F461E461546008892B1FFF7C2FE78B128
:103AE000089BD10019602088FFF7C1FF044628B960
:103AF0003946304601F054F8079B1D602046F8BD5A
:103B00006FF08504FAE710B5436E04461BB14121FE
:103B10002030FAF76DFC0020606610BD38B5044611
:103B2000FFF7F1FF237E012B0FD0023B012B0FD8B3
:103B3000E369012B14BF6FF0960500256822002170
:103B4000204601F053F8284638BDE369002BF1E721
:103B50006FF09605F2E708B1FFF7E0BF704713B5C5
:103B6000A0B101A9FAF734F980B90198037E022BBC
:103B70000ED1032303760379FF2B0CBF6FF084046F
:103B8000002400F034FB002808BF204602B010BD1E
:103B90006FF09604F5E770B5144602881D4610468E
:103BA000049EFFF75EFE68B944F2010322F4405020
:103BB000984207D002F44F42B2F5824F02D0B2F5DC
:103BC000844F0ED1B4420FD82246284600F0E8FFB9
:103BD0000021321B281901F009F80020059B1C6008
:103BE00070BD6FF08500FBE76FF08900F8E72DE905
:103BF000FF4188461F46164612B3002301223B6050
:103C000003A9F9F709FF044698B9039D6B686A6E2A
:103C10001B0A05F1200110D143462846CDE9006773
:103C2000FFF7B9FF0446284600F0F6FA002C08BF5B
:103C30000446204604B0BDE8F0816FF08604F2E748
:103C40006FF08904F5E770B514460288049D02F40C
:103C5000E040B0F5804F1CD144F2010022F4405600
:103C6000864207D002F44F42B2F5824F02D0B2F53D
:103C7000844F0ED1AC420FD81846224600F090FF78
:103C800000212A1B204400F0B1FF0020059B1C608E
:103C900070BD6FF08500FBE76FF08900F8E7F0B5C5
:103CA0000F461E46154685B002B3002303A91A46E7
:103CB0003360F9F7B1FE044690B9039803885B04BA
:103CC00011D5CDE900563B46426E00F1200100F0CF
:103CD000B1FA0446039800F09FFA002C08BF04468E
:103CE000204605B0F0BD6FF08604F3E76FF089045D
:103CF000F6E72DE9F04F9846002389B0064689463D
:103D000015460693C8F80030002A6DD0B2F1005F66
:103D10006DD206A9FFF720FE044650B9069FD7F8DA
:103D200064A0BAF1000F0FD173681B0A05D06FF0C1
:103D300086040698FFF70FFF52E0412D02D96FF07D
:103D40008504F6E7AA467D6672687B88120A0793A7
:103D500007F1200307F16407E9D10DF11C0B2A4696
:103D600049463046CDE9017BCDF800A0059300F02F
:103D7000E5FA10F1860F0446059B09D12A4649460B
:103D80003046CDE9017BCDF800A0FFF79FFE044649
:103D9000002CCED10699079B4A88E2B94B804FF69A
:103DA000F873079A9A42CAD83388069A13B11188D1
:103DB0009942BCD1738813B151889942B7D15369E4
:103DC000C8F80030137E012B08D000236FF0960452
:103DD000C8F80030ADE79A42A9D1E0E70223137694
:103DE000204609B0BDE8F08F6FF08604F8E76FF069
:103DF0008504F5E710B50446006858B101280AD1DA
:103E000004F10800FAF73CF800232360A3886FF35D
:103E10000803A38010BD6FF08600F5E72DE9F0439D
:103E2000984600230C46016885B005461746039363
:103E3000002941D100F108094022484600F0D6FE91
:103E4000B8F1000F20463B460CBF4FF400624FF420
:103E5000806203A9F9F7E0FD044678BB039C38466D
:103E600021882A1DF9F742FE064660BB6B7904F1F2
:103E7000200268F300036B716168636E090AB8F190
:103E8000000F12D009BB21464846009700F010FAF7
:103E9000044698B901232B60039800F0BDF9002E69
:103EA00018BF304605B0BDE8F08371B921464846D9
:103EB000009700F000FAEBE76FF088042846FFF760
:103EC00099FF2646E8E70446F8E76FF08604F5E731
:103ED0000123FFF7A3BF38B50546006898B112B9B2
:103EE0000024204638BD01280AD105F10800FAF760
:103EF00021F804460028F3D02846FFF77BFFF0E7BF
:103F00006FF08604F8E76FF08804EAE72DE9F041E6
:103F1000054600680F461646984610B36A79D207E0
:103F20001FD52A79EAB1B2421ED801281FD105F166
:103F3000080000F0C3F9044618B10023C8F8006077
:103F40002B7137B1324621463846D8F80030FFF79A
:103F500094FC2846FFF74EFF002C18BF2046BDE812
:103F6000F0816FF08804E8E76FF08904E5E76FF00F
:103F70008604E2E71FB501240394089C0294079C81
:103F80000194069C0094FFF796FC04B010BD0368F2
:103F90001943B1FA81F0400970472DE9F047054611
:103FA0009A46002386B0059305F0FE43B3F1106FE7
:103FB0000846DDE90E679146DDF8408034D12A4697
:103FC00005A9FFF764FC044680BB0599088820F02A
:103FD000FF00B0F5E24F02D0B0F5E44F04D14B88BA
:103FE0000733B7EBD30F24D353464A462846CDE9CF
:103FF00001780096F9F7D8FC044666B90023C8F8A2
:104000000030059800F008F9002C08BF044620464F
:1040100006B0BDE8F0870028F3D039463046F9F7FE
:10402000A7FCC8F80070ECE76FF08604002EE5D01E
:10403000F3E76FF08904F9E7F9F79ABC08B500884F
:10404000DDE90221FFF70DFC20B1BDE80840104674
:10405000F9F78EBC6FF0850008BD2DE9F04F1F46C3
:10406000002389B0DDF848900693C9F800304388F2
:1040700005460E469046002B00F0B280038803F4FC
:10408000E043B3F5804F00F0AB8039463046FFF790
:104090007EFF002800F0A480284606A9FFF75CFCFC
:1040A0000446002851D1069BD3F864A0BAF1000F52
:1040B00021D16B681B0A66D12A8869881046FFF7F0
:1040C000D0FB00283AD01046FFF7D1FC0446002868
:1040D0003BD147F201039A424ED14C080134E40827
:1040E00004EBC4043B340794DDE9063ABAF1410F0E
:1040F00029D8C3F864A06A6803F1200B120A03F1FF
:10410000640367D12A88510445D4CDE901A342460E
:104110003B4631462846CDF800B0FFF78FFF0446F6
:10412000002C59D1069B5A69C9F800201A7E012A31
:104130004AD0C9F800406FF0960406E002F44F43FD
:10414000B3F5824F05D06FF085040698FFF703FDA5
:104150003CE002F4E043B3F5E04FF4D147F2010351
:104160009A42BAD0CC1D22F0FF02E408B2F5824F89
:1041700004BF64000134B6E744F201039A42F1D16E
:10418000CC081034AFE7284607A900F04EF80446E3
:104190000028A9D0D9E702F44F41B1F5824FB4D13C
:1041A00047F212118A42B0D16A88B2F5807FACD151
:1041B000524659462846059300F01FF910F1860F24
:1041C0000446059BACD1A0E702221A76204609B02E
:1041D000BDE8F08F6FF086040698FFF794FCB4E713
:1041E0006FF08604F2E71822002100F0FFBC0346BE
:1041F00068B1017E8A1E012A0BD80329C26903D146
:10420000012A01D1FFF78ABC1AB1013ADA61002014
:1042100070476FF096007047FFF7E9BFC0B2002803
:1042200014BF6FF085000020704700236FF08600F8
:104230000B6070472DE9F34747680446DDE90A9AA9
:104240003F0A0D461646984611D1CDE9009A00F076
:10425000ADF810F1860F0CD1434632462946204670
:10426000CDE90A9A02B0BDE8F047FFF7ECBC6FF069
:10427000860002B0BDE8F08773B5002615461C46DF
:104280000DF106020DF107038DF80760F9F7B6FD91
:1042900058B99DF8070004B1207029469DF8062002
:1042A00002B0BDE87040FAF7AFB8304602B070BD5A
:1042B000009BF9F7FFBD009BF9F7FCBD38B51C4624
:1042C0000368154623B1F9F7B9FD00B9256038BD7B
:1042D0006FF08800FBE72DE9F04104460D461E46CD
:1042E00090B0402200216846DDF85C80199F00F004
:1042F0007DFC214633462A466846F9F7DBFD044635
:1043000048B9B8F1000F0DD13A4668461899F9F747
:1043100095FD044678B16846F9F7B2FD204610B025
:10432000BDE8F081424668461699F9F703FE044657
:104330000028E9D0EFE71A9B1F60ECE7F8B5089F6B
:104340001E463B68144633F480720D462BD144F26E
:10435000121102888A4213D1412C03D01BB36FF093
:104360008600F8BD681C00F046FA0028F7D14FF42B
:1043700080733B60069B9C420CD96FF08900F0E78C
:1043800047F212118A420ED1202CE7D1284600F0C4
:1043900040FAEAE722462946304600F001FC079B36
:1043A00000201C60DDE76FF08500DAE770B5044699
:1043B000268864881846DDE90435B4F5807F13D17A
:1043C00047F21214A6420FD1202A10D1402B11D946
:1043D000042300F8013BF9F7D3FF08B941232B6010
:1043E000BDE87040F9F7BABD6FF0850070BD6FF0A1
:1043F0008600FBE76FF08900F8E730B5202A084611
:1044000014461D4691B009D16946F9F76BFF00B912
:104410002C6011B0BDE83040F9F7A0BD6FF0890005
:1044200011B030BD70B51446DDE90603DDE90426A0
:10443000202C089D0CD1412E0AD11F2B0BD9013203
:10444000F9F772FF00B92C60BDE87040F9F786BD3E
:104450006FF0860070BD6FF08900FBE740F8041B29
:104460001C22002100F0C2BBF0B500240546264600
:10447000204652F8247051F82430DB1946EB060729
:104480001B1845F8243004F1010447F10000082C02
:10449000EFD1F0BD002370B50646184652F8235000
:1044A00051F82340641B65EB0505241A46F82340A8
:1044B00003F1010365F10005082BC5F10000EDD102
:1044C00070BD70B504395642041F013A1C3054F8CF
:1044D000043F51F8045F134035402B43844223606E
:1044E000F5D170BD002330B50446184654F823209A
:1044F00051F8235001336A40082B40EA0200F5D1FD
:1045000030BD70B504460568002016680346E1FB1F
:104510006653256056686568E1FB6653656096687A
:10452000A568E1FB6653A560D668E568E1FB6653C4
:10453000E56016692569E1FB665325615669656981
:10454000E1FB665365619669A569E1FB6653A56168
:10455000D569E269E1FB6523E261226A9B18236267
:10456000404170BD10B50438A1F120024B7F0C7F93
:104570001B0443EA0463CC7F0439234391F82240AF
:104580008A4243EA042340F8043FEFD110BD0B1FD9
:104590001C3153F8042F0438120E80F820205A885A
:1045A0008B4280F821201A684FEA122280F82220DC
:1045B0001A6880F82320ECD1704770B588B01E4689
:1045C0000446FFF751FF3246054621466846FFF78D
:1045D00061FFC0F10102694620462A43FFF771FFDF
:1045E00008B070BD2DE9F04F8BB00D4606469146E0
:1045F0000021242201A81F46D3F840A000F0F6FABB
:10460000A5F1040B1C355BF8041FD9F80020019BB1
:1046100001A802FB01334A460AFB03F8FFF771FFCA
:104620003A460446414601A8FFF76BFF20220444A6
:1046300002A901A800F0C1FA5D450994E3D13A4608
:1046400001A93046FFF726FFC0F1010222433046A0
:10465000C2F10102FFF735FF0BB0BDE8F08F0B464A
:1046600001F120020146FFF7BDBF30B504460D46FB
:1046700089B068460121FFF7F1FE2B466A462146C4
:104680002046FFF7AFFF09B030BD38B504461546E8
:10469000FFF7E4FE29462046BDE83840FFF7DFBFBC
:1046A0002DE9F04314460646274689B001226846A4
:1046B000FFF707FF224601213046FFF7E6FF256896
:1046C00004F11C09023D4FF02008EB0705D52346F5
:1046D0006A4631463046FFF785FF23466A466946FB
:1046E0006846FFF77FFFB8F101084FEA5505ECD1A6
:1046F0004F4502D057F8045FE5E709B0BDE8F08305
:1047000030B51546044689B001226846FFF7D9FE48
:1047100029466846FFF7A9FF69462046FFF737FF9D
:1047200009B030BDF0B516461F4604460D4699B097
:1047300011466846F9F71EFC3246694608A8F9F7A3
:1047400019FC3A4669466846F9F714FC08A9084678
:104750001E9AF9F70FFC224669466846F9F752FCA3
:1047600008A92A460846F9F74DFC6A463146304604
:10477000F9F700FC6A46694610A8F9F7FBFB6A46A0
:10478000684610A9F9F7F6FB10A922460846F9F782
:10479000F1FB08AA11462046F9F7ECFB214620461A
:1047A00010AAF9F72FFC2146204610AAF9F72AFC97
:1047B0006A4621462046F9F725FC10A922460846FC
:1047C000F9F720FC10A9084608AAF9F7D3FB2A46F6
:1047D00069466846F9F7CEFB6A46284610A9F9F7FC
:1047E00011FC19B0F0BD08B5FFF726FC003818BF62
:1047F0000120404208BD00B591B0024608A96846B4
:10480000F9F714FC002818BF6FF0010011B05DF833
:1048100004FB10B588B001466846F9F7D3FB04469F
:1048200020216846F9F7E4FD002C0CBF20466FF00C
:10483000020008B010BD10B5044608B1F9F7D8FD64
:104840002046BDE81040F9F7CDBD3C22002100F024
:10485000CDB910B5044600F09DF92046BDE81040E2
:10486000F9F7C0BD10B54FF48C710120F9F7B4FD14
:10487000044608B100F089F9204610BDF9F77ABF67
:10488000F9F7AEBEF9F7F8BF38B5054618B96FF0BD
:104890008604204638BD0468002CF8D00029F6D0E4
:1048A0000123F9F70BFE04460028F2D12B68002BF8
:1048B000EDD09B79023B022BE9D824210120F9F7A6
:1048C0008BFD20B11021A863F9F792FDE1E76FF0AD
:1048D0008C04DEE72DE9F04F0F461646804685B082
:1048E000002879D00368002B76D0002974D0846B1F
:1048F000002C71D01D79206A05F01F05F8B12A1A25
:10490000B2421CD21030204400F04AF9002304F1D6
:104910001002191DA9422CD923441A1B954231D8E3
:1049200003AB00932A46234621464046F9F7F6FD9D
:10493000E0B9236A2062EA1A334417445E1B05F18A
:10494000FF39B144B9FBF5F94FF0010A0DF10C0B39
:10495000CA4538D34EB1206A324610303946204419
:1049600000F01EF9236A33442362002005B0BDE83D
:10497000F08F52F8100C13680432434042F8143C94
:104980000B46C6E71A7C19784A4003F8012BC4E7A6
:10499000FA58E0584240E2500B46191D8D4204EB94
:1049A0000302F5D2AB4210D323462A4621464046A5
:1049B000CDF800B0F9F7B2FD0028D7D1761B2F440F
:1049C0000AF1010AC4E70023E7E7F85C1178013334
:1049D000414002F8011BE5E76FF08600C6E72DE9CC
:1049E000F04F93B006460391002800F0CB80036897
:1049F000002B00F0C780856B002D00F0C3800029DC
:104A000000F0C08006AF102138460DF128081C794F
:104A10000DF13809F9F7ECFC10214046F9F7E8FCF4
:104A200010214846F9F7E4FC326804F01F0492B301
:104A300092F804A00AF01F0A0DF1140B4B465246DF
:104A400049463046CDF800B0F9F768FD50B9BAF1E3
:104A5000100F07D149463846F9F7A0FD39464046C0
:104A6000F9F79CFD10214846F9F7C2FC2B6A05F1C5
:104A7000100AA34211D33846CC460022111DA14290
:104A800065D9A2421ED21AF80210B85C414009F85A
:104A900002100132F5E79246CEE74846CC460022A6
:104AA00093423ED91AF80210013294420CF8011BCD
:104AB000F6D8C4460022111DA14237D909EB0201E4
:104AC000A2423BD348460022A5F1040C111DA1428D
:104AD00046D9A918A2424CD330462B462246294635
:104AE000CDF800B0F9F71AFD064620B9224629464E
:104AF000039800F055F810213846F9F779FC102199
:104B00004046F9F775FC0023102150462B62F9F757
:104B10006FFC10212846F9F76BFC304613B0BDE856
:104B2000F08F0CBF01210021C901BDE702685CF8CC
:104B3000043B5A4040F8042B0A46BCE7087818F8B2
:104B400002C0013280EA0C0001F8010BB8E76A18D4
:104B500050F8043BD2685A404CF8042B0A468DE7C3
:104B60005CF8012050F8043B5A404CF801200A46FA
:104B7000ACE719F802C00878013280EA0C0001F8AD
:104B8000010BA7E76FF08606C7E74FF48C72002190
:104B900000F02CB818B14FF48C71F9F729BC7047AC
:104BA0000A44431E914200D1704710B511F8014BE1
:104BB000914203F8014FF9D110BD884210B501EBC5
:104BC000020402D98442234607D8431EA14207D0DB
:104BD00011F8012B03F8012FF8E70244824200D1BB
:104BE00010BD13F8011D02F8011DF7E7024403464A
:104BF000934200D1704703F8011BF9E701390244E1
:104C000010B5904201D1002005E0037811F8014F62
:104C1000A34201D0181B10BD0130F2E70246014447
:104C200010B58A42134603D01C780132002CF8D10B
:104C3000181A10BDF0B5C3F13707044603F01F037F
:104C40001046FFB2082BE6B232D0102B3DD06508DB
:104C5000A40845EAC17544EA81748A082D1942EB1B
:104C60005102290941EA02716D1842EB1212290A18
:104C700041EA02616D1842EB1222290C41EA02411D
:104C80006D1842EB1242AD1842F10002EC0844EA02
:104C90004274D10804EB8402A6EB4205EDB2092D63
:104CA0000CD90134A5F10A0541F10001EDB212E081
:104CB000E40806F0070544EA4174C908303554EAAF
:104CC000010200F8015BBDD1F0BD240906F00F051B
:104CD00044EA01740909092D84BFED19EDB2EDE72D
:104CE000D1E9043293421EBF5A1C0A611870704702
:084CF000E4B7FD7F01000000A4
:104CF800ED3500000000000079AD01000000000063
:104D080000000000904D0200C5C201000000000034
:104D1800E9C201000000000000000000C84D0200C8
:104D280000000000AC4D020000000000E44D02004D
:104D380000000000004E0200000000001C4E0200AF
:104D480075A7010000000000052A0200000000000D
:104D5800A51B000000000000BD320000000000009C
:104D68001D2F02000000000011C601000000000015
:104D780000000000384E02009D37000000000000CF
:084D8800DD3B0000000000000B
:104D90009A970200EC63020004570200BE0600204E
:104DA0001832002075A4010000000000C597020021
:104DB00010640200D4560200C20600206C320020AB
:104DC00099A9010000000000D197020024640200AC
:104DD000D4560200C40600207832002099A90100B0
:104DE00000000000DC97020038640200D456020084
:104DF000C60600208432002099A9010000000000AE
:104E0000C197020000000000CC560200C00600203E
:104E1000000000003728020000000000E7970200B1
:104E20005864020020570200C8060020903200207B
:104E30005B29020000000000685E02000000000024
:104E4000F8560200BC0600202427002000000000C5
:044E5000000000005E
:104E5400000000000303020000000000030302003E
:104E6400000000000303020000000000030302002E
:104E7400000000000303020000000000030302001E
:104E8400000000000303020000000000030302000E
:104E940000000000030302000000000003030200FE
:104EA40000000000030302000000000003030200EE
:104EB40000000000030302000000000003030200DE
:104EC40000000000030302000000000003030200CE
:104ED40000000000030302000000000003030200BE
:104EE40000000000030302000000000003030200AE
:104EF400000000000303020000000000030302009E
:104F0400000000000303020000000000030302008D
:104F1400000000000303020000000000030302007D
:104F2400000000000303020000000000030302006D
:104F3400000000000303020000000000030302005D
:104F440000000000CD6F0100000000000303020018
:104F5400000000000303020000000000030302003D
:104F6400000000000303020000000000030302002D
:104F7400000000000303020000000000030302001D
:104F8400000000000303020000000000030302000D
:104F940000000000030302000000000003030200FD
:104FA40000000000030302000000000003030200ED
:104FB40000000000030302000000000003030200DD
:104FC40000000000030302000000000003030200CD
:104FD40000000000030302000000000003030200BD
:104FE40000000000030302000000000003030200AD
:104FF400000000000303020000000000030302009D
:10500400000000000303020000000000030302008C
:10501400000000000303020000000000030302007C
:10502400000000000303020000000000030302006C
:10503400000000000303020000000000030302005C
:10504400000000000303020000000000030302004C
:10505400000000000303020000000000030302003C
:10506400000000000303020000000000030302002C
:10507400000000000303020000000000030302001C
:1050840000000000030302000000000055A301001B
:1050940000000000030302000000000003030200FC
:1050A40000000000030302000000000003030200EC
:1050B40000000000030302000000000003030200DC
:1050C40000000000030302000000000003030200CC
:1050D40000000000030302000000000003030200BC
:1050E40000000000030302000000000003030200AC
:1050F400000000000303020000000000030302009C
:10510400000000000303020000000000030302008B
:10511400000000000303020000000000030302007B
:10512400000000000303020000000000030302006B
:10513400000000000303020000000000030302005B
:10514400000000000303020000000000030302004B
:10515400000000000303020000000000030302003B
:10516400000000000303020000000000030302002B
:10517400000000000303020000000000030302001B
:10518400000000000303020000000000030302000B
:1051940000000000030302000000000003030200FB
:1051A40000000000030302000000000003030200EB
:1051B40000000000030302000000000003030200DB
:1051C40000000000030302000000000003030200CB
:1051D40000000000030302000000000003030200BB
:1051E40000000000030302000000000003030200AB
:1051F400000000000303020000000000030302009B
:10520400000000000303020000000000030302008A
:10521400000000000303020000000000030302007A
:10522400000000000303020000000000030302006A
:10523400000000000303020000000000030302005A
:10524400000000000303020000000000030302004A
:10525400000000000303020000000000030302003A
:10526400000000000303020000000000030302002A
:10527400000000000303020000000000030302001A
:10528400000000000303020000000000030302000A
:1052940000000000030302000000000003030200FA
:1052A40000000000030302000000000003030200EA
:1052B40000000000030302000000000003030200DA
:1052C40000000000030302000000000003030200CA
:1052D40000000000030302000000000003030200BA
:1052E40000000000030302000000000003030200AA
:1052F400000000000303020000000000030302009A
:105304000000000003030200000000000303020089
:105314000000000003030200000000000303020079
:105324000000000003030200000000000303020069
:105334000000000003030200000000000303020059
:105344000000000003030200000000000303020049
:105354000000000003030200000000000303020039
:105364000000000003030200000000000303020029
:105374000000000003030200000000000303020019
:105384000000000003030200000000000303020009
:1053940000000000030302000000000003030200F9
:1053A40000000000030302000000000003030200E9
:1053B40000000000030302000000000003030200D9
:1053C40000000000030302000000000003030200C9
:1053D40000000000030302000000000003030200B9
:1053E40000000000030302000000000003030200A9
:1053F4000000000003030200000000000303020099
:105404000000000003030200000000000303020088
:105414000000000003030200000000000303020078
:105424000000000003030200000000000303020068
:105434000000000003030200000000000303020058
:105444000000000003030200000000000303020048
:105454000000000003030200000000000303020038
:105464000000000003030200000000000303020028
:105474000000000003030200000000000303020018
:105484001C4E0200FF28020000000000030302007B
:1054940000000000030302000000000003030200F8
:1054A40000000000030302000000000003030200E8
:1054B40000000000030302000000000003030200D8
:1054C40000000000030302000000000003030200C8
:1054D40000000000030302000000000003030200B8
:1054E40000000000030302000000000003030200A8
:1054F4000000000003030200000000000303020098
:105504000000000003030200000000000303020087
:105514000000000003030200000000000303020077
:105524000000000003030200C0030020D72802008B
:105534000000000003030200000000000303020057
:105544000000000003030200000000000303020047
:105554000000000003030200000000000303020037
:10556400000000000303020000000000A16F01001E
:10557400B1BE0100192A020000000000030302006A
:105584000000000003030200000000000303020007
:1055940000000000030302000000000003030200F7
:1055A40000000000030302000000000003030200E7
:1055B40000000000030302000000000003030200D7
:1055C40000000000030302000000000003030200C7
:1055D40000000000030302000000000003030200B7
:1055E40000000000030302000000000003030200A7
:1055F4000000000003030200000000000303020097
:105604000000000003030200000000000303020086
:105614000000000003030200000000000303020076
:105624000000000003030200000000000303020066
:105634000000000003030200000000000303020056
:105644000000000003030200000000000303020046
:105654000000000003030200000000000303020036
:105664000000000003030200000000000303020026
:105674000000000003030200AD2A0200192A020000
:105684000000000003030200000000000303020006
:1056940000000000030302000000000003030200F6
:1056A40000000000030302000000000003030200E6
:1056B400000000000303020048030020D728020072
:0856C4000000000003030200D6
:0856CC0029280200FF2702005B
:1056D400C5A701003B280200472802005B280200FE
:1056E400652802006F280200E1A901008328020056
:0456F40000000000B2
:0C56F80051E4000071E20000D1E100006C
:10570400CDA401006D270200D12702000000000093
:0C57140009270200000000000000000057
:0C5720001729020079AC010009290200E1
:10572C0005000000817200000600000099AE000028
:08573C00040000003D90000094
:10574400C05C020008000000D859020005000000F7
:105754000E92020003000000917702000300000093
:10576400C1880200030000005097020003000000FB
:105774000C61020003000000A85F020003000000A7
:105784007C5E02000300000084600200030000004D
:10579400F860020003000000BB7702000300000071
:1057A40070850200030000009D93020003000000C6
:1057B40076810200030000000A8402000300000056
:1057C4004897020003000000648F020003000000F9
:1057D4008177020003000000298402000300000016
:1057E40041970200030000008F97020003000000AD
:1057F4002F71020003000000B397020003000000B1
:105804007C710200030000008071020003000000AC
:1058140080720200030000009F7602000300000073
:105824002177020003000000297702000300000032
:10583400CF980200030000008470020003000000FF
:1058440038770200030000006971020003000000C1
:08585400F297020003000000BE
:10585C00BC5902000C0300206F7202000100000012
:105870001800280000009001000000006000600097
:10588000000000000000000061800200668002004D
:105890006A8002006E800200728002007680020040
:1058A0007A8002007E8002008280020086800200F0
:1058B0008A8002008E8002009280020096800200A0
:1058C0009A8002009E800200A2800200000103FF75
:1058D00004FF020000A0105000820D50000405508B
:1058E0000001000812000000000000000103006237
:1058F000746C650000000000000000000000000063
:105900000000000000000000000000000000000097
:105910000000000000000000000000000000000087
:105920000001000000000000000000000000000076
:105930000338FDD8704700000000000000000000A0
:105940000338FDD870470000000000000000000090
:105950000338FDD8704700006009002000010000F6
:10596000EFFF010099FF0100020000009701020013
:105970000000000000000000000000000000000027
:105980004F72020057720200000000000000000089
:10599000000000005F720200637202006772020082
:1059A0006B720200AC590200341B00205D25000020
:1059B0004C1B0020A8390020010000005702020003
:1059C0004D0202001B0202000F0202000000000054
:1059D0000302020000000000886E02005D1D02004C
:1059E00000000000846E020000000100806E0200D2
:1059F000CD1E0200000000001C030020000001007A
:105A0000786E0200A9020200000000000000000001
:105A100000000100746E0200CD1E020000000000B4
:105A200014030020000001006C6E020075020200E9
:105A30000000000000000000000001000000002045
:105A4000000000000600010002000000505A0200A1
:105A5000000000001277020006000000E0CF1700EF
:105A6000000000201A77020021000000E0FF032060
:105A7000ED33000000000000B9030200705A02007C
:105A80008C5A02004A00000000000000D063002091
:105A9000705A0200A05A02002E0000000000000010
:105AA00098680020705A0200B45A020002010000F7
:105AB000000000006C690020A6800200C480020083
:105AC000DF800200EF800200FC80020005810200FE
:105AD0000C810200138102001A810200228102005F
:105AE000FC8002002A8102003C81020051810200F8
:105AF000648102000E030000D94E00000F04000074
:105B0000A54E00001A0100005539000005040000F0
:105B10006D39000013010000BD3C00003E01000093
:105B20002D3F000001120000B30702000A1E000012
:105B3000F7070200FF010000A14000003E01000045
:105B40008140000005040000B9390000080400008D
:105B50006143000030030000D54200001001000046
:105B6000953A000002010000555A000001120000A1
:105B7000C14B00000A1E0000CB0802000309000010
:105B8000F53A0000040B0000693C0000060A000022
:105B9000E14D0000070A0000653A00000C05000016
:105BA000313A0000050C00001D4D0000705A020043
:105BB000BC5B02004700000000000000886A002073
:105BC0004E8802005B8802007B8802006F8802001A
:105BD000868802009D880200AD8802000D8F0200B9
:105BE000148C0200705A0200F45B020000000000F6
:105BF00000000000A86B0020705A0200085C020040
:105C00000001000000000000D06B0020F10F020036
:105C10000D10020000000000000000000000000065
:105C2000858300000000000000000000000000006C
:105C30000000000000000000705A0200485C0200F2
:105C40001100000000000000486F00200202010067
:105C50005117020004040100FD8C0000060601003B
:105C60003D8C000008040100298B00000A0201009D
:105C7000391702000C040100211702000E04010074
:105C8000058A000020040100718900001004010051
:105C90008188000012020100A31602001E00040009
:105CA000A91A020052020000C9160200705A02002E
:105CB000BC5C02004C00000000000000846F00206B
:105CC000B86E02005D1D020000000000B46E02000C
:105CD00000000100B06E0200CD1E020000000000B6
:105CE000E404002000000100A86E02000000000093
:105CF000000000000000000000000000A46E020090
:105D00002F1D02000D990000EC040020000003008C
:105D1000A06E0200CD1E020000000000DC04002086
:105D200000000100986E0200951D0200C999000054
:105D30000000000000000300946E0200CD1E02006F
:105D400000000000D4040020000001008C6E02005E
:105D5000159D000000000000000000000000010090
:105D6000D5AD000047250200A1B7000000000000EB
:105D70000000000071B400000000000000000000FE
:105D80000000000000000000000000000000000013
:105D900000000000AB210200060000006DA700001B
:105DA000060000002F2202001000000085AC000059
:105DB0001000000041B7000001000000F1200200C7
:105DC00010000000A72102000A000000C1AE000080
:105DD0001000000055B5000007000000A3210200DC
:105DE000100000001DB100000100000079AA0000B1
:105DF00040000000A5A5000010000000E9210200FD
:105E000001000000456D707479204843492070619D
:105E1000636B657400000000556E6B6E6F776E20CB
:105E20004843492074797065202575004C4C2069E1
:105E30006E697469616C697A6174696F6E206661FC
:105E4000696C65643A2025640000000042542043D8
:105E5000544C522052582070726900004254204322
:105E6000544C52205258000062745F6863695F634B
:105E70006F6E74726F6C6C657200000062745F63A9
:105E8000746C725F6863695F647269766572000042
:105E90005A6570687972204F532076342E342E3232
:105EA000000000004E6F2048434920436F6D6D6134
:105EB0006E6420686561646572000000496E7661F9
:105EC0006C69642048434920434D44207061636BF2
:105ED0006574206C656E6774680000004E6F204822
:105EE00043492041434C20686561646572000000AD
:105EF000496E76616C6964204843492041434C20D7
:105F00007061636B6574206C656E67746800000077
:105F1000496E76616C6964204843492041434C20B6
:105F200044617461206C656E677468005478204227
:105F30007566666572204F766572666C6F770000D5
:105F4000496E76616C696420547820456E71756580
:105F50007565000068616E646C653A2030782530A4
:105F600034782C207374617475733A2025782C2052
:105F700074783A2025782C2072783A2025782E00E3
:105F8000747970653A20307825303278000000004E
:105F900072656A656374206F70636F64653A203060
:105FA000782530327800000062745F63746C725F31
:105FB00068636900574553545F544F504449522F0A
:105FC0007A65706879722F7375627379732F626C5A
:105FD0007565746F6F74682F636F6E74726F6C6C1D
:105FE00065722F6C6C5F73772F756C6C5F73636178
:105FF0006E2E6300657272203D3D2030207C7C2037
:10600000657272203D3D202D3132300041535345A1
:106010005254494F4E204641494C205B25735D2028
:10602000402025733A25640A00000000097061725F
:10603000616D313A20257520706172616D323A20B0
:1060400025750A00574553545F544F504449522F09
:106050007A65706879722F7375627379732F626CC9
:106060007565746F6F74682F636F6E74726F6C6C8C
:1060700065722F6C6C5F73772F756C6C5F636F6EDE
:106080006E2E630062745F63746C725F756C6C5F1C
:10609000636F6E6E000000005132434F4E4E204140
:1060A000413D253032782530327825303278253020
:1060B000327820435243494E49543D2530327825A9
:1060C0003032782530327820686F703D2575206336
:1060D00068616E5F636F756E743D2575206D6170CC
:1060E0003D253032782530327825303278253032EF
:1060F00078253032780A000062745F63746C725FD6
:10610000756C6C5F66696C746572000062745F63C5
:10611000746C725F63727970746F000057455354EA
:106120005F544F504449522F7A65706879722F73CB
:1061300075627379732F626C7565746F6F74682FF5
:10614000636F6E74726F6C6C65722F6C6C5F7377BB
:106150002F6E6F726469632F6C6C6C2F6C6C6C5F4C
:106160007363616E2E630000300000000925733AEE
:106170002041637475616C204556454E545F4F56FF
:106180004552484541445F53544152545F55532052
:106190003D2025750A000000574553545F544F5069
:1061A0004449522F7A65706879722F7375627379DA
:1061B000732F626C7565746F6F74682F636F6E7484
:1061C000726F6C6C65722F6C6C5F73772F6E6F7271
:1061D0006469632F6C6C6C2F6C6C6C5F63656E74A0
:1061E00072616C2E630000000200000000000000DD
:1061F000000000000000000000000103030303038F
:10620000030000000000000000000000CD2301009A
:1062100000000000DD230100ED230100000000006C
:106220009524010000000000FD2301000000000093
:10623000C52401000D240100A5240100F52401005E
:106240001D240100352501002D240100D524010065
:10625000E524010005250100152501004525010063
:10626000552501004D2401006525010000000000B6
:10627000000000000000000000000000B524010044
:10628000000000000000000000000000000000000E
:1062900000000000000000000000000000000000FE
:1062A00000000000000000000000000000000000EE
:1062B00000000000000000000000000000000000DE
:1062C00000000000000000000000000000000000CE
:1062D00000000000000000000000000000000000BE
:1062E00000000000000000000000000000000000AE
:1062F0003D24010025250100000000000A030000E4
:106300000000000000000000020200000000000089
:106310000403000002010903000000000103000063
:106320000C03000007030000000003010000000050
:10633000000000000000000000000000000000005D
:10634000000000000000000000000000000000004D
:10635000000000000000000000000000000000003D
:106360000000000000000000000000000000120318
:1063700012030000636F6D6D6F6E5F707265706108
:1063800072655F6362000000707265706172655FC4
:106390006362000007000000080000000900000020
:1063A0000A0000000B0000000D0000000F000000BC
:1063B000110000001300000015000000180000008C
:1063C0001B0000001F000000230000002800000048
:1063D0002D00000033000000390000000103040517
:1063E00031A4010001A40100000000007DA501000E
:1063F000FDA40100A7970200FB270200F727020077
:10640000AD97020000A0105000820D50000405500E
:106410007F00000000A01050480300200000000092
:1064200000000000FFFF010000820D50C0030020AB
:106430000000000001000000FF07000000040550FC
:1064400000000000000000000200000000A010504A
:1064500000820D500004055000600C500000000048
:10646000000000008464020000C201000000D601A8
:10647000000000000000004000000000033B00207E
:10648000023B002000600C509064020001000000FC
:1064900098640200040000002400000026000002AE
:1064A00025060001270600030001000000A010508F
:1064B00000820D500004055008000000020000009A
:1064C0000400000001000000809802008E98020085
:1064D000A2980200B1980200BD980200F84C020098
:1064E000084D0200504D0200584D0200904D020030
:1064F000904D0200D2980200000100000000000050
:10650000000000000A5695CE5753F2DD5CE419BA3C
:10651000E4B84A8B25F321DD8886E8D2855D88259D
:1065200018FF71853C14A918D430E77901B6ED5FE6
:10653000FC95BA75102562772B73FB79C65537A584
:10654000765F9018DFBDC42962DF9CD890308478D4
:10655000CD05F0ACD62E21F7AB20A2E53448870458
:106560001D0630DC512563FCC2CAB9F3849E17A70F
:10657000ADFAE6BCFFFFFFFFFFFFFFFF00000000DA
:10658000FFFFFFFFA2EE79BE954C2483A66FBD49A5
:106590009C79994659EC6B2B39B245282056D9F392
:1065A000942DE1664FBC00EEFFFFFFFFFFFFFFFFF2
:1065B000FFFFFFFF000000000000000000000000DF
:1065C00001000000FFFFFFFF0300000000000000CB
:1065D000FFFFFFFFFBFFFFFFFEFFFFFFFFFFFFFFD0
:1065E000FDFFFFFF0400000001000000ED4B020072
:1065F0002C66020002000000246602000300000076
:106600001C66020004000000146602000000000086
:1066100000000000149902001014040020990200E8
:10662000101303002C990200101202000200000057
:1066300085480200814802007D480200654802004A
:1066400053480200010000000200000004000000A6
:1066500008000000100000002000000040000000C2
:10666000800000001B0000003600000051F4A7501D
:106670007E4165531A17A4C33A275E963BAB6BCB9A
:106680001F9D45F1ACFA58AB4BE303932030FA550C
:10669000AD766DF688CC7691F5024C254FE5D7FCAA
:1066A000C52ACBD726354480B562A38FDEB15A49BF
:1066B00025BA1B6745EA0E985DFEC0E1C32F75023F
:1066C000814CF0128D4697A36BD3F9C6038F5FE719
:1066D00015929C95BF6D7AEB955259DAD4BE832DF5
:1066E000587421D349E069298EC9C84475C2896AA2
:1066F000F48E797899583E6B27B971DDBEE14FB6BB
:10670000F088AD17C920AC667DCE3AB463DF4A1875
:10671000E51A31829751336062537F45B16477E067
:10672000BB6BAE84FE81A01CF9082B94704868589E
:106730008F45FD1994DE6C87527BF8B7AB73D3237A
:10674000724B02E2E31F8F576655AB2AB2EB280764
:106750002FB5C20386C57B9AD33708A5302887F2A8
:1067600023BFA5B202036ABAED16825C8ACF1C2B46
:10677000A779B492F307F2F04E69E2A165DAF4CD9D
:106780000605BED5D134621FC4A6FE8A342E539DA1
:10679000A2F355A0058AE132A4F6EB750B83EC3920
:1067A0004060EFAA5E719F06BD6E10513E218AF9CE
:1067B00096DD063DDD3E05AE4DE6BD4691548DB5F8
:1067C00071C45D050406D46F605015FF1998FB2451
:1067D000D6BDE997894043CC67D99E77B0E842BDE2
:1067E00007898B88E7195B3879C8EEDBA17C0A47FB
:1067F0007C420FE9F8841EC90000000009808683EE
:10680000322BED481E1170AC6C5A724EFD0EFFFB20
:106810000F8538563DAED51E362D39270A0FD9645F
:10682000685CA6219B5B54D124362E3A0C0A67B1D2
:106830009357E70FB4EE96D21B9B919E80C0C54F35
:1068400061DC20A25A774B691C121A16E293BA0A2D
:10685000C0A02AE53C22E043121B171D0E090D0BB8
:10686000F28BC7AD2DB6A8B9141EA9C857F119856A
:10687000AF75074CEE99DDBBA37F60FDF701269F46
:106880005C72F5BC44663BC55BFB7E348B4329766A
:10689000CB23C6DCB6EDFC68B8E4F163D731DCCAC3
:1068A000426385101397224084C61120854A247DB7
:1068B000D2BB3DF8AEF93211C729A16D1D9E2F4BF9
:1068C000DCB230F30D8652EC77C1E3D02BB3166CFB
:1068D000A970B999119448FA47E96422A8FC8CC4BC
:1068E000A0F03F1A567D2CD8223390EF87494EC72F
:1068F000D938D1C18CCAA2FE98D40B36A6F581CF67
:10690000A57ADE28DAB78E263FADBFA42C3A9DE4E7
:106910005078920D6A5FCC9B547E4662F68D13C20E
:1069200090D8B8E82E39F75E82C3AFF59F5D80BE80
:1069300069D0937C6FD52DA9CF2512B3C8AC993BF4
:1069400010187DA7E89C636EDB3BBB7BCD267809E6
:106950006E5918F4EC9AB701834F9AA8E6956E65C4
:10696000AAFFE67E21BCCF08EF15E8E6BAE79BD97F
:106970004A6F36CEEA9F09D429B07CD631A4B2AF93
:106980002A3F2331C6A5943035A266C0744EBC3769
:10699000FC82CAA6E090D0B033A7D815F104984A7B
:1069A00041ECDAF77FCD500E1791F62F764DD68D4C
:1069B00043EFB04DCCAA4D54E49604DF9ED1B5E32D
:1069C0004C6A881BC12C1FB84665517F9D5EEA0446
:1069D000018C355DFA877473FB0B412EB3671D5A2A
:1069E00092DBD252E91056336DD647139AD7618C99
:1069F00037A10C7A59F8148EEB133C89CEA927EEF7
:106A0000B761C935E11CE5ED7A47B13C9CD2DF594D
:106A100055F2733F1814CE7973C737BF53F7CDEAD9
:106A20005FFDAA5BDF3D6F147844DB86CAAFF3815C
:106A3000B968C43E3824342CC2A3405F161DC3720B
:106A4000BCE2250C283C498BFF0D954139A801710A
:106A5000080CB3DED8B4E49C6456C1907BCB84614F
:106A6000D532B670486C5C74D0B85742C66363A523
:106A7000F87C7C84EE777799F67B7B8DFFF2F20DC4
:106A8000D66B6BBDDE6F6FB191C5C55460303050B1
:106A900002010103CE6767A9562B2B7DE7FEFE1985
:106AA000B5D7D7624DABABE6EC76769A8FCACA45BE
:106AB0001F82829D89C9C940FA7D7D87EFFAFA1548
:106AC000B25959EB8E4747C9FBF0F00B41ADADEC25
:106AD000B3D4D4675FA2A2FD45AFAFEA239C9CBFAD
:106AE00053A4A4F7E47272969BC0C05B75B7B7C29B
:106AF000E1FDFD1C3D9393AE4C26266A6C36365A5A
:106B00007E3F3F41F5F7F70283CCCC4F6834345CCD
:106B100051A5A5F4D1E5E534F9F1F108E2717193DD
:106B2000ABD8D873623131532A15153F0804040CD1
:106B300095C7C752462323659DC3C35E30181828E6
:106B4000379696A10A05050F2F9A9AB50E070709E1
:106B5000241212361B80809BDFE2E23DCDEBEB2658
:106B60004E2727697FB2B2CDEA75759F1209091BBE
:106B70001D83839E582C2C74341A1A2E361B1B2D01
:106B8000DC6E6EB2B45A5AEE5BA0A0FBA45252F671
:106B9000763B3B4DB7D6D6617DB3B3CE5229297B28
:106BA000DDE3E33E5E2F2F7113848497A65353F5E4
:106BB000B9D1D16800000000C1EDED2C402020606B
:106BC000E3FCFC1F79B1B1C8B65B5BEDD46A6ABE69
:106BD0008DCBCB4667BEBED97239394B944A4ADE5B
:106BE000984C4CD4B05858E885CFCF4ABBD0D06B26
:106BF000C5EFEF2A4FAAAAE5EDFBFB16864343C576
:106C00009A4D4DD766333355118585948A4545CFC6
:106C1000E9F9F91004020206FE7F7F81A05050F0CE
:106C2000783C3C44259F9FBA4BA8A8E3A25151F35E
:106C30005DA3A3FE804040C0058F8F8A3F9292AD36
:106C4000219D9DBC70383848F1F5F50463BCBCDF6C
:106C500077B6B6C1AFDADA75422121632010103061
:106C6000E5FFFF1AFDF3F30EBFD2D26D81CDCD4CFF
:106C7000180C0C1426131335C3ECEC2FBE5F5FE128
:106C8000359797A2884444CC2E17173993C4C4571C
:106C900055A7A7F2FC7E7E827A3D3D47C86464AC6E
:106CA000BA5D5DE73219192BE6737395C06060A079
:106CB000198181989E4F4FD1A3DCDC7F442222664C
:106CC000542A2A7E3B9090AB0B8888838C4646CA18
:106CD000C7EEEE296BB8B8D32814143CA7DEDE79D2
:106CE000BC5E5EE2160B0B1DADDBDB76DBE0E03B52
:106CF00064323256743A3A4E140A0A1E924949DBFB
:106D00000C06060A4824246CB85C5CE49FC2C25D91
:106D1000BDD3D36E43ACACEFC46262A6399191A8E7
:106D2000319595A4D3E4E437F279798BD5E7E7324E
:106D30008BC8C8436E373759DA6D6DB7018D8D8CAE
:106D4000B1D5D5649C4E4ED249A9A9E0D86C6CB49B
:106D5000AC5656FAF3F4F407CFEAEA25CA6565AFF4
:106D6000F47A7A8E47AEAEE9100808186FBABAD531
:106D7000F07878884A25256F5C2E2E72381C1C24EA
:106D800057A6A6F173B4B4C797C6C651CBE8E8239B
:106D9000A1DDDD7CE874749C3E1F1F21964B4BDD0A
:106DA00061BDBDDC0D8B8B860F8A8A85E07070908B
:106DB0007C3E3E4271B5B5C4CC6666AA904848D8C0
:106DC00006030305F7F6F6011C0E0E12C26161A35D
:106DD0006A35355FAE5757F969B9B9D017868691CC
:106DE00099C1C1583A1D1D27279E9EB9D9E1E138A6
:106DF000EBF8F8132B9898B322111133D26969BBC1
:106E0000A9D9D970078E8E89339494A72D9B9BB6F0
:106E10003C1E1E2215878792C9E9E92087CECE49FC
:106E2000AA5555FF50282878A5DFDF7A038C8C8F70
:106E300059A1A1F8098989801A0D0D1765BFBFDA1C
:106E4000D7E6E631844242C6D06868B8824141C381
:106E5000299999B05A2D2D771E0F0F117BB0B0CB09
:106E6000A85454FC6DBBBBD62C16163A0000012A60
:106E70000000012A000003280000002A0000002A68
:106E800000000328000000180000002800002A2B42
:106E900000002A2B000003280000292B0000292BCA
:106EA00000000328000002290000052A0000052A2E
:106EB0000000032800000118000000286BFF79FF84
:106EC00079FF7CFF00004C32434150206368616EC3
:106ED0006E656C20646973636F6E6E656374656460
:106EE0000A004C32434150206368616E6E656C202D
:106EF000636F6E6E65637465640A0077696C6C20FD
:106F00007265626F6F7420696E20256420730A00B9
:106F10003E3E3E2063656E7472616C2073656C66E4
:106F20002D7265626F6F742028726563656976657E
:106F300064202575205344557329203C3C3C0A00AD
:106F40007363616E207374617274206661696C652D
:106F5000642025640A007363616E6E696E670A00BF
:106F6000446973636F6E6E6563746564202872652F
:106F700061736F6E202575290A00436F6E6E65631D
:106F800074696F6E206661696C6564202865727231
:106F9000202575290A00436F6E6E65637465640A67
:106FA000006C3263617020636F6E6E656374207273
:106FB000633D25640A007A34342D726570726F0067
:106FC00062745F656E61626C652025640A000A3D2B
:106FD0003D3D204D494E494D414C20524550524F68
:106FE00020696E69746961746F722B72656365697B
:106FF000766572202873656C662D7265626F6F749A
:1070000073292C2050534D2030782578203D3D3D6C
:107010000A006865617020636F7272757074696FC1
:107020006E20286E6F7420696E207573653F29206D
:107030006174202570006865617020636F727275DD
:107040007074696F6E2028627566666572206F764F
:107050006572666C6F773F29206174202570006827
:1070600065617020636F7272757074696F6E20282D
:10707000646F75626C6520667265653F2920617476
:10708000202570006F735F686561700028756E73EE
:1070900069676E6564292063686172202A207573B0
:1070A000656420666F722025257020617267756D9A
:1070B000656E742E2049742773207265636F6D6D41
:1070C000656E64656420746F2063617374206974F5
:1070D00020746F20766F6964202A20626563617571
:1070E0007365206974206D61792063617573652013
:1070F0006D69736265686176696F7220696E20637D
:1071000065727461696E20636F6E6669677572611E
:1071100074696F6E732E20537472696E673A2225FC
:10712000732220617267756D656E743A2564006321
:10713000627072696E74665F7061636B616765002F
:107140004661696C656420746F207265626F6F744C
:107150003A207370696E6E696E6720656E646C6547
:1071600073736C792E2E2E0A007379735F676574C2
:107170006F7074006C6F6767696E67006C6F670093
:107180006C6F675F6D676D74004D657373616765E4
:10719000202822257322292064726F707065642074
:1071A00062656361757365206974206578636565E0
:1071B00064732073697A65206C696D6974617469A0
:1071C0006F6E2028257529004D65737361676520F2
:1071D00064726F70706564206265636175736520A9
:1071E000697420657863656564732073697A6520C6
:1071F0006C696D69746174696F6E2028257529004A
:107200000D0A001B5B306D00257320005B253038B4
:107210006C755D20005B253032753A253032753A49
:10722000253032752E253033752C253033755D2091
:10723000003C25733E200025732F0025733A200063
:10724000253032782000202020007C002563001BA0
:107250005B313B33316D001B5B313B33336D00657C
:1072600072720077726E00696E6600646267006C0D
:107270006F675F6261636B656E645F7561727400F6
:107280006C6F675F756172740072302F61313A20E4
:1072900020307825303878202072312F61323A2022
:1072A00020307825303878202072322F61333A2010
:1072B000203078253038780072332F61343A20201E
:1072C000307825303878207231322F69703A20209A
:1072D000307825303878207231342F6C723A202083
:1072E0003078253038780020787073723A2020305A
:1072F0007825303878004661756C74696E6720694E
:107300006E737472756374696F6E20616464726504
:10731000737320287231352F7063293A2030782515
:1073200030387800556E68616E646C65642049522F
:10733000516E3A202564002A2A2A2A2A20555341D0
:107340004745204641554C54202A2A2A2A2A002003
:10735000204469766973696F6E206279207A65725C
:107360006F002020556E616C69676E6564206D65E5
:107370006D6F7279206163636573730020205374AD
:1073800061636B206F766572666C6F772028636F20
:107390006E746578742061726561206E6F742076FA
:1073A000616C6964290020204E6F20636F70726FDA
:1073B000636573736F7220696E7374727563746939
:1073C0006F6E73002020496C6C6567616C206C6F78
:1073D0006164206F66204558435F52455455524EB4
:1073E00020696E746F205043002020496C6C6567E3
:1073F000616C20757365206F662074686520455048
:107400005352002020417474656D707420746F2095
:107410006578656375746520756E646566696E650B
:107420006420696E737472756374696F6E002A2AC2
:107430002A2A2A204D5055204641554C54202A2AAC
:107440002A2A2A002020537461636B696E672065C5
:1074500072726F722028636F6E7465787420617227
:107460006561206D69676874206265206E6F7420A5
:1074700076616C696429002020556E737461636BBA
:10748000696E67206572726F7200202044617461BA
:10749000204163636573732056696F6C6174696F13
:1074A0006E0020204D4D4641522041646472657348
:1074B000733A2030782578002020496E73747275F5
:1074C0006374696F6E204163636573732056696FDF
:1074D0006C6174696F6E002020466C6F6174696E18
:1074E000672D706F696E74206C617A792073746196
:1074F000746520707265736572766174696F6E2051
:107500006572726F72002A2A2A2A2A204255532055
:107510004641554C54202A2A2A2A2A0020205374F6
:1075200061636B696E67206572726F720020205014
:10753000726563697365206461746120627573208C
:107540006572726F7200202042464152204164648D
:10755000726573733A2030782578002020496D7069
:10756000726563697365206461746120627573205C
:107570006572726F72002020496E73747275637445
:10758000696F6E20627573206572726F720052654A
:1075900073657276656420457863657074696F6E93
:1075A00020280053707572696F757320696E746559
:1075B00072727570742028495251200053505345FF
:1075C0004C20696E20746872656164206D6F64651B
:1075D00020646F6573206E6F7420696E64696361E7
:1075E000746520505350002A2A2A2A2A20484152E2
:1075F00044204641554C54202A2A2A2A2A00202079
:10760000427573206661756C74206F6E20766563B9
:10761000746F72207461626C652072656164002011
:10762000204465627567206576656E74002020468B
:1076300061756C7420657363616C6174696F6E2031
:10764000287365652062656C6F7729004152434855
:107650005F455843455054207769746820726561CE
:10766000736F6E2025780A002A2A2A2A2A20446568
:10767000627567206D6F6E69746F722065786365DF
:107680007074696F6E202A2A2A2A2A002A2A2A2A36
:107690002A20257320256429202A2A2A2A2A006DD7
:1076A0007075004661696C656420746F20616C6C54
:1076B0006F63617465206E6577204D50552072654B
:1076C00067696F6E2025750A00506172746974696C
:1076D0006F6E2025753A20636F686572656E63650D
:1076E00020636865636B206661696C65642E004980
:1076F0006E76616C696420756E6465726C79696E12
:107700006720726567696F6E20696E6465782025F1
:107710007500464C4153485F30005352414D5F3035
:10772000006E65745F627566006E65745F62756693
:107730005F73696D706C6500736F63007075626C68
:1077400069630072616E646F6D007075626C69636D
:107750002D69640072616E646F6D2D69640025305F
:1077600032583A253032583A253032583A2530329C
:10777000583A253032583A25303258202825732976
:107780000062745F727061004254204C5720575160
:107790000062745F627566006D616C666F726D6524
:1077A00064206164766572746973696E67206461D0
:1077B0007461202575202F2025750062745F646137
:1077C0007461004461746120627566666572206F41
:1077D000766572666C6F7720286C696E6B207479A1
:1077E0007065203078253032782900556E61626CE2
:1077F0006520746F206C6F6F6B20757020636F6EE7
:107800006E20776974682068616E646C65202575E8
:10781000004572726F72207768696C6520757064BC
:107820006174696E6720746865207363616E6E654C
:1078300072202825642900556E61626C6520746F82
:10784000206C6F6F6B757020636F6E6E20666F7249
:107850002068616E646C65202575004861726477EC
:10786000617265206572726F722C20686172647734
:1078700061726520636F64653A20256400436F750B
:107880006C64206E6F74207375626D6974207278F9
:107890005F776F726B3A20256400696E746572764B
:1078A000616C206578636565647320746865207613
:1078B000616C69642072616E67652025752075733F
:1078C000006C6174656E63792065786365656473C7
:1078D000207468652076616C69642072616E6765EA
:1078E0002030782530347800737570765F74696D58
:1078F000656F757420657863656564732074686569
:107900002076616C69642072616E6765203078252D
:1079100030347800556E61626C6520746F20616C44
:107920006C6F636174652062756666657200556E82
:1079300068616E646C6564206576656E742030786D
:1079400025303278206C656E2025753A202573002D
:10795000657674206E756D5F68616E646C6573200A
:10796000283D25752920746F6F206C617267652032
:1079700028257A75203E20257529004E6F20636FDB
:107980006E6E656374696F6E20666F722068616EDB
:10799000646C65202575007061636B65747320638A
:1079A0006F756E74206D69736D6174636800546FD8
:1079B0006F20736D616C6C20282575206279746569
:1079C0007329206576656E74203078253032780012
:1079D000496E76616C696420484349206576656E1E
:1079E000742073697A65202825752900496E7661AF
:1079F0006C6964204C45206D657461206576656E08
:107A0000742073697A6520282575290057455354D9
:107A10005F544F504449522F7A65706879722F73C2
:107A200075627379732F626C7565746F6F74682FEC
:107A3000686F73742F6863695F636F72652E63008C
:107A40006576745F666C6167732026202831554C1B
:107A5000203C3C20283029290041535345525449A9
:107A60004F4E204641494C205B25735D2040202528
:107A7000733A25640A00496E76616C696420627508
:107A800066207479706520257500496E76616C6991
:107A900064204843492041434C207061636B657406
:107AA0002073697A6520282575290041434C20649C
:107AB000617461206C656E677468206D69736D61B7
:107AC0007463682028257520213D202575290055DF
:107AD0006E61626C6520746F2066696E6420636FEE
:107AE0006E6E20666F722068616E646C652025750D
:107AF0000062745F6863695F6576745F6765745F71
:107B0000666C616773286864722D3E6576742920FF
:107B100026202831554C203C3C202831292900556D
:107B20006E6B6E6F776E206275662074797065205B
:107B3000257500556E68616E646C65642076656EAF
:107B4000646F722D7370656369666963206576651D
:107B50006E7420307825303278206C656E20257563
:107B60003A202573004E6F20636F6D6D616E642047
:107B700073656E7420666F7220636D6420636F6D31
:107B8000706C65746520307825303478004F704310
:107B90006F64652030782530347820636F6D706CA9
:107BA0006574656420696E7374656164206F662016
:107BB00065787065637465642030782530347800AA
:107BC0004661696C656420746F207365742072650A
:107BD0007175697265642073656375726974792063
:107BE0006C6576656C004E6F206368616E6765201A
:107BF000746F20656E6372797074696F6E20737430
:107C00006174652028656E63727970742030782500
:107C10003032782900756E6B6E6F776E005B305D69
:107C200000484349207472616E73706F72743A2019
:107C3000257300436F6E74726F6C6C6572004964DB
:107C4000656E7469747925733A20257300496465FB
:107C50006E746974795B25645D3A2025730048432E
:107C6000493A2076657273696F6E2025732028303B
:107C7000782530327829207265766973696F6E20B5
:107C80003078253034782C206D616E7566616374B0
:107C90007572657220307825303478004C4D503A3A
:107CA0002076657273696F6E2025732028307825E1
:107CB00030327829207375627665722030782530ED
:107CC0003478005A657068797200556E61626C652F
:107CD00020746F2073656E6420746F2064726976FF
:107CE00065722028657272202564290065727220F1
:107CF0003D3D20300009436F6E74726F6C6C65728D
:107D000020756E726573706F6E736976652C206373
:107D10006F6D6D616E64206F70636F646520307885
:107D2000253034782074696D656F757420776974B7
:107D300068206572722025640A006F70636F646545
:107D40002030782530347820737461747573203056
:107D50007825303278202573004661696C6564208F
:107D6000746F207265616420444C45206D617820F9
:107D700064617461206C656E0074785F6F63746514
:107D80007473206578636565647320746865207614
:107D9000616C69642072616E676520257500747876
:107DA0005F74696D652065786365656473207468C8
:107DB000652076616C69642072616E676520257547
:107DC000004E6F2070656E64696E672063656E7427
:107DD00072616C20636F6E6E656374696F6E0043D1
:107DE0006F6E6E656374696F6E206372656174692E
:107DF0006F6E2074696D656F757420747269676742
:107E000065726564004661696C656420746F2072F8
:107E100065737461727420696E69746961746F72DC
:107E200000556E6578706563746564207374617461
:107E3000757320307825303278202573004E6F20FE
:107E400070656E64696E6720636F6E6E20666F7218
:107E50002070656572202573004E6F6E2D4C452095
:107E600063617061626C6520636F6E74726F6C6CBD
:107E7000657220646574656374656421004E756D78
:107E8000206F6620436F6E74726F6C6C657227731F
:107E90002041434C207061636B65747320213D2049
:107EA00041434C2062745F636F6E6E5F7478206331
:107EB0006F6E74657874732028257520213D202508
:107EC00075290041434C2042522F4544522062758F
:107ED0006666657273206E6F7420696E697469617D
:107EE0006C697A65640056656E646F722048434918
:107EF00020657874656E73696F6E73206E6F742081
:107F0000617661696C61626C6500485720506C61F4
:107F100074666F726D3A20257320283078253034CE
:107F200078290048572056617269616E743A20259D
:107F300073202830782530347829004669726D77AF
:107F40006172653A202573202830782530327829EF
:107F50002056657273696F6E2025752E2575204237
:107F600075696C64202575004661696C65642074D0
:107F70006F207265616420737570706F72746564D0
:107F80002076656E646F7220636F6D6D616E6473D1
:107F9000004661696C656420746F207265616420BD
:107FA000737570706F727465642076656E646F723D
:107FB0002066656174757265730048434920647278
:107FC00069766572206973206E6F742072656164D2
:107FD00079004254205258205751004843492064A8
:107FE0007269766572206F70656E206661696C6576
:107FF000642028256429004F7574206F6620636F04
:108000006D6D616E64206275666665727300556E93
:10801000657870656374656420484F53545F4E55AE
:108020004D5F434F4D504C455445445F5041434B89
:108030004554532C20737461747573203078253047
:10804000327820257300556E636C6561726564201B
:1080500070656E64696E672073656E745F636D64CE
:1080600000312E306200312E3100312E3200322E9E
:108070003000322E3100332E3000342E3000342EBA
:108080003100342E3200352E3000352E3100352EA1
:108090003200352E3300352E3400362E3000362E89
:1080A0003100362E32005374616E64617264204276
:1080B0006C7565746F6F746820636F6E74726F6C2B
:1080C0006C65720056656E646F72207370656369CB
:1080D00066696320636F6E74726F6C6C65720046C4
:1080E00069726D77617265206C6F616465720052B0
:1080F000657363756520696D616765007265736599
:1081000072766564006E5246353178006E5246359F
:108110003278006E5246353378006E524635344818
:1081200078006E524635344C7800496E74656C2088
:10813000436F72706F726174696F6E004E6F72641C
:1081400069632053656D69636F6E647563746F72E4
:10815000004E58502053656D69636F6E647563748B
:108160006F7273004573707265737369662053791B
:108170007374656D730062745F6863695F636F72C7
:108180006500574553545F544F504449522F7A6508
:10819000706879722F7375627379732F626C75656D
:1081A000746F6F74682F686F73742F6863695F638F
:1081B0006F6D6D6F6E2E6300636D64206469736113
:1081C0006C6C6F776564004661696C656420746FE0
:1081D0002064697361626C652061646472657373A5
:1081E000207265736F6C7574696F6E005265736F82
:1081F0006C76696E67206C6973742073697A652088
:1082000065786365656465642E2053776974636877
:10821000696E6720746F20686F73742E0046616901
:108220006C656420746F20636C6561722072657385
:108230006F6C7574696F6E206C6973740046616948
:108240006C656420746F206164642049524B207413
:108250006F20636F6E74726F6C6C6572005365741F
:108260002070726976616379206D6F646520636F39
:108270006D6D616E64206973206E6F74207375700C
:10828000706F72746564004661696C656420746F18
:10829000207365742070726976616379206D6F64F4
:1082A000650044697361626C696E67206164647221
:1082B000657373207265736F6C7574696F6E206679
:1082C00061696C6564202865727220256429004606
:1082D00061696C656420746F2072656D6F766520CE
:1082E00049524B2066726F6D20636F6E74726F6CB3
:1082F0006C6572004F6E6C792072616E646F6D20D8
:10830000737461746963206964656E74697479203B
:108310006164647265737320737570706F727465D5
:108320006400496E76616C696420696E70757420B2
:10833000706172616D6574657273004661696C6528
:108340006420746F2072656164207075626C69636B
:1083500020616464726573730052656164205374B4
:10836000617469632041646472657373657320632B
:108370006F6D6D616E64206E6F7420617661696CE3
:1083800061626C65004661696C656420746F20727F
:1083900065616420737461746963206164647265EB
:1083A00073736573004E6F20737461746963206129
:1083B00064647265737365732073746F726564208F
:1083C000696E20636F6E74726F6C6C657200556EAF
:1083D00061626C6520746F20736574206964656EDA
:1083E00074697479206164647265737300556E6199
:1083F000626C6520746F207365742072616E646FA7
:108400006D20616464726573730062745F696400F7
:10841000556E657870656374656420656E64206F61
:1084200066206275666665720062745F7363616E72
:10843000004661696C656420746F2067656E6572C3
:1084400061746520454343206B65792025640046AF
:1084500061696C656420746F206578706F72742038
:10846000454343207075626C6963206B65792025F4
:1084700064004661696C656420746F206578706F74
:108480007274204543432070726976617465206B75
:108490006579202564004661696C656420746F20ED
:1084A00064657374726F7920454343206B6579204E
:1084B0004944202564004661696C656420746F201E
:1084C000696D706F7274207468652070726976616E
:1084D0007465206B657920666F72206B6579206109
:1084E000677265656D656E74202564005261772042
:1084F0006B65792061677265656D656E7420666174
:10850000696C6564202564004661696C656420744B
:108510006F2064657374726F7920746865206B6571
:1085200079202564007073615F696D706F72745F8C
:108530006B657928292072657475726E6564207385
:1085400074617475732025640042757379207065B9
:1085500072666F726D696E6720616E6F74686572A6
:108560002045434448206F7065726174696F6E00E6
:1085700062745F656363004661696C65642072655F
:1085800061642072656D6F746520666561747572D3
:1085900065732028256429005048592030782530FB
:1085A0003278206E6F7420737570706F72746564AA
:1085B000004661696C6564204C4520536574205009
:1085C00048592028256429004661696C6564207437
:1085D0006F207365742064617461206C656E20285F
:1085E00025642900556E657870656374656420663E
:1085F00069727374204C32434150206672616D651C
:1086000000556E6578706563746564204C32434133
:108610005020636F6E74696E756174696F6E004E81
:108620006F7420656E6F7567682062756666657227
:1086300020737061636520666F72204C3243415035
:10864000206461746100556E65787065637465645B
:108650002041434C20666C616773202830782530B8
:108660003278290041434C206C656E206D69736D32
:108670006174636820282575203E2025752900280F
:10868000756E6B6E6F776E29006E6F207472616EFF
:10869000736974696F6E202573004572726F722062
:1086A0007768696C652072656D6F76696E672063A7
:1086B0006F6E6E20757365722066726F6D207363C6
:1086C000616E6E6572202825642900496E76616CA2
:1086D00069642028257529206F6C64207374617487
:1086E0006500636F6E6E202570206661696C65643D
:1086F00020746F2065737461626C6973682E2052F8
:1087000046206E6F6973653F006E6F2076616C69FD
:10871000642028257529207374617465207761733E
:108720002073657400696E636F6D70617469626C4B
:10873000652068616E646C652025750054696D65FF
:108740006F7574206469736361726465642E204E72
:108750006F20626C6F636B696E6720696E2073793E
:108760007377712E00466174616C206572726F724E
:1087700020282564292E20446973636F6E6E65631B
:1087800074696E6720257000466F756E642076618F
:108790006C696420636F6E6E656374696F6E202808
:1087A0002570292077697468206164647265737329
:1087B00020257320696E20257320737461746520F1
:1087C000002A636F6E6E2073686F756C642062653B
:1087D00020756E7265666572656E63656420616E94
:1087E0006420696E697469616C697A656420746F6C
:1087F000204E554C4C004E6F206275666665727354
:1088000020746F2063616E63656C20636F6E6E65AC
:108810006374696F6E2C207265747279696E67205B
:10882000696E203130206D730053656E64204C45B5
:1088300020706172616D207570646174652066617D
:10884000696C65642028657272202564290064695A
:1088500073636F6E6E656374656400646973636FE0
:108860006E6E6563742D636F6D706C6574650073F7
:1088700063616E2D6265666F72652D696E697469DC
:108880006174696E6700696E6974696174696E67A5
:108890002D66696C7465722D6C6973740061647601
:1088A0002D636F6E6E65637461626C6500616476E2
:1088B0002D6469722D636F6E6E65637461626C65A1
:1088C0000062745F636F6E6E00556E61626C65204E
:1088D000746F20616C6C6F6361746520627566668D
:1088E000657220666F72206F702030782530327884
:1088F000004E6F20617661696C61626C65204C325C
:1089000043415020636F6E7465787420666F7220E7
:10891000636F6E6E202570004C696D6974696E67B7
:10892000205258204D505320627920737461636B3C
:10893000206275666665722073697A652E005365DC
:10894000676D656E746174696F6E206469736162CE
:108950006C656420627574204D5455203E204D5046
:10896000532C207472756E636174696E67204D5468
:1089700055006368616E2025702074696D656F75A0
:108980007400457870656374696E67203120726584
:10899000662C20676F7420256400616C72656164C9
:1089A0007920686176652076696577206F6E20256D
:1089B0007000556E61626C6520746F2073656E6423
:1089C00020637265646974732075706461746500F6
:1089D000556E61626C6520746F20616C6C6F6361B1
:1089E0007465204C32434150206368616E6E656C43
:1089F0002049440025733A20496E76616C696420F1
:108A00006368616E206F626A6563742E0025733A35
:108A100020417661696C61626C65206F6E6C7920B3
:108A200077697468207365675F726563762E0025C9
:108A3000733A205265667573696E6720746F20679C
:108A400069766520302E0025733A2043616E6E6F83
:108A50007420676976652063726564697473207732
:108A600068696C6520636F6E6E656374696E672EEE
:108A70000025733A20504455206661696C65642076
:108A800025642E0025733A204F766572666C6F77E9
:108A90002E00534455206C656E677468206D6973B1
:108AA0006D6174636800556E61626C6520746F203F
:108AB00073746F726520534455006572722025648B
:108AC000005044552073697A65203E204D50532054
:108AD000282575203E20257529004D697373696E20
:108AE000672053445520686561646572005344559E
:108AF0002065786365656473204D5455004C32439E
:108B000041502052582050445520746F74616C209D
:108B1000657863656564732053445500546F6F2016
:108B200073686F72742064617461207061636B6537
:108B30007400496E76616C696420534455206C65FD
:108B40006E67746800556E61626C6520746F206199
:108B50006C6C6F6361746520627566666572206611
:108B60006F72205344550053445520627566666504
:108B70007220757365725F646174615F73697A6591
:108B800020257520697320746F6F20736D616C6C84
:108B9000004E6F206372656469747320746F207275
:108BA000656365697665207061636B657400546FF9
:108BB0006F20736D616C6C204C32434150205044E7
:108BC000552072656365697665640049676E6F72EA
:108BD000696E67206461746120666F7220756E6BC8
:108BE0006E6F776E206368616E6E656C20494420FD
:108BF0003078253034780049676E6F72696E67206F
:108C00006461746120726563656976656420776864
:108C1000696C6520646973636F6E6E656374696EF9
:108C2000670049676E6F72696E67206461746120C6
:108C30007265636569766564207768696C65206331
:108C400068616E6E656C206861732073687574640A
:108C50006F776E004C32434150206C656E677468CC
:108C6000206D69736D617463682028257520213D2E
:108C70002025752900496E76616C696420696465F8
:108C80006E742076616C756520696E204C324341AC
:108C9000502050445500496E76616C6964204C4503
:108CA00020636F6E6E20706172616D207273702030
:108CB00073697A652028257520213D20257A75293C
:108CC00000496E76616C6964204C4520636F6E6E5E
:108CD00020726571207061636B65742073697A65B9
:108CE0002028257520213D20257A752900496E769A
:108CF000616C6964206C6520636F6E6E20726571B3
:108D000020706172616D733A206D74752025752035
:108D10006D70732025750045786163746C79206FE0
:108D20006E65206F6620277265637627206F72203C
:108D3000277365675F7265637627206D757374208E
:108D400062652073657400496E76616C6964204CBD
:108D50004520636F6E6E20727370207061636B6567
:108D6000742073697A652028257520213D20257A95
:108D700075290043616E6E6F742066696E642063AE
:108D800068616E6E656C20666F72206964656E74D2
:108D900020257500496E76616C696420636F6E6E84
:108DA0002072737020706172616D733A2064636920
:108DB0006420307825303478206D74752025752036
:108DC0006D70732025752E20446973636F6E6E6518
:108DD0006374696E672E00496E76616C6964204C1D
:108DE0004520646973636F6E6E20727370207061CA
:108DF000636B65742073697A652028257520213D91
:108E000020257A752900496E76616C696420736348
:108E100069642030782530347800496E76616C6959
:108E200064204C45204372656469747320706163EB
:108E30006B65742073697A652028257520213D2093
:108E4000257A75290043616E27742061646420636C
:108E500072656469747320746F206E6F6E2D64790F
:108E60006E616D6963206368616E6E656C2025704C
:108E700020286369642030782530347829004967D8
:108E80006E6F72696E67207A65726F2063726564B7
:108E90006974207061636B657400556E61626C6506
:108EA00020746F2066696E64206368616E6E656C05
:108EB000206F66204C45204372656469747320708E
:108EC00061636B65740043726564697473206F76C7
:108ED0006572666C6F7700496E76616C6964204CD0
:108EE0004520636F6E6E20757064617465207061DB
:108EF00072616D207265712073697A65202825750D
:108F000020213D20257A7529004E6F7420636F6EF5
:108F10006E65637465640052656A656374696E6743
:108F200020756E6B6E6F776E204C3243415020502F
:108F3000445520636F6465203078253032780054C2
:108F40006F6F20736D616C6C204C32434150207305
:108F500069676E616C696E672050445500636F6E7F
:108F60006669670062745F6C3263617000415454DB
:108F7000206368616E6E656C206E6F7420636F6E27
:108F80006E6563746564004572726F722073696701
:108F90006E696E6720646174610052616E206F7546
:108FA00074206F662054582062756666657273205F
:108FB0006F7220636F6E74657874732E00466169FA
:108FC0006C656420746F207375626D6974206174C0
:108FD000745F74785F64657374726F795F776F72B2
:108FE0006B3A20256400556E61626C6520746F20B9
:108FF00063726561746520657272207273702050AF
:10900000445500415454204D54552065786365659E
:109010006465642C206D61782025752C2077616E45
:1090200074656420257A7500556E61626C652074E4
:109030006F206372656174652072737020504455AF
:1090400000546F6F20736D616C6C2041545420503C
:10905000445520726563656976656400556E686184
:109060006E646C65642041545420636F64652030E5
:10907000782530327800496E76616C6964206C65C1
:109080006E20257520666F7220636F6465203078CE
:109090002530327800556E61626C6520746F2063F4
:1090A000726561746520555549443A2073697A6543
:1090B00020257500556E61626C6520746F206372A7
:1090C0006561746520555549443A2073697A652075
:1090D0002564004E6F20617661696C61626C652069
:1090E00041545420636F6E7465787420666F7220EB
:1090F000636F6E6E202570004E6F20617661696C23
:1091000061626C6520415454206368616E6E656CC9
:1091100020666F7220636F6E6E20257000556E6141
:10912000626C6520746F2066696E6420415454201F
:109130006368616E6E656C00476F742065727220A3
:1091400025642C206E6F742063616C6C696E6720DF
:10915000415454206362004661696C656420746FF9
:109160002072652D7375626D69742025733A202510
:1091700064004E6F20415454206368616E6E656CCC
:1091800020666F72204D545520257A75004E6F2051
:1091900070656E64696E6720415454207265717504
:1091A00065737400446973636F6E6E656374696E92
:1091B00067206661696C6564202865727220256489
:1091C00029004154542054696D656F757420666F91
:1091D00072206465766963652025732E2044697367
:1091E000636F6E6E656374696E672E2E2E00556E0A
:1091F00061626C6520746F206372656174652072B2
:1092000065747279205044552028257529006274B0
:109210005F61747400434D414320757064617465EF
:10922000206661696C656420256400756E61626CFE
:109230006520746F20736176652053433A206E6F0A
:1092400020636667206C656674004E6F20737061E2
:10925000636520746F2073746F72652043434320ED
:10926000636667004E6F20737061636520746F20C2
:1092700073746F726520436C69656E7420537570EA
:10928000706F7274656420466561747572657300F1
:10929000556E61626C6520746F20696D706F7274B9
:1092A00020746865206B657920666F722041455394
:1092B00020434D414320256400434D4143206F70BE
:1092C00065726174696F6E20696E69742066616988
:1092D0006C656420256400434D41432066696E69D6
:1092E0007368206661696C6564202564005265615D
:1092F00064206D6574686F64206E6F74207365748C
:10930000004661696C656420746F20726561642039
:1093100061747472696275746520257020286572A5
:109320007220257A642900496E76616C6964207226
:10933000656164206C656E6774683A20257A640004
:10934000434343202570206E6F74207772697461E7
:10935000626C6500534320726573746F7265206997
:109360006E6469636174696F6E206661696C6564BF
:10937000004661696C656420746F207365742073A6
:109380006563757269747920666F7220626F6E64AE
:109390006564207065657220282564290062745F09
:1093A0006761747400556E61626C6520746F20662D
:1093B000696E6420534D50206368616E6E656C0069
:1093C000556E6B6E6F776E2070616972696E672083
:1093D0006D6574686F642028257529004661696C85
:1093E000656420746F20737461727420656E63729B
:1093F000797074696F6E004661696C656420746F82
:109400002067656E65726174652044484B6579001C
:1094100043616C63756C617465204C544B206661CC
:10942000696C65640043616C63756C617465206C84
:109430006F63616C2044484B657920636865636B9A
:10944000206661696C65640052656D6F74652069A2
:1094500073207573696E6720446562756720507567
:10946000626C6963206B6579005265636569766536
:109470006420696E76616C6964207075626C6963E2
:10948000206B65790052656D6F7465207075626C34
:109490006963206B65792072656A65637465640031
:1094A00043616C63756C61746520636F6E6669728D
:1094B0006D206661696C6564004E6F206B65797321
:1094C00020737061636520666F72202573004E6F94
:1094D00020617661696C61626C6520534D50206338
:1094E0006F6E7465787420666F7220636F6E6E2085
:1094F000257000556E61626C6520746F206765741D
:10950000206B65797320666F72202573004E657736
:10951000206175746820726571756972656D656E1C
:1095200074733A20307825782C20726570616972E6
:10953000696E6700556E737570706F727465642024
:109540006175746820726571756972656D656E7498
:10955000733A20307825782C2072657061697269C1
:109560006E670054686520696E2D70726F67726552
:1095700073732070616972696E672068617320621D
:1095800065656E2064656C657465642100534D509B
:1095900020646F6573206E6F7420616C6C6F772030
:1095A000612070616972696E67206661696C7572AD
:1095B00065206174207468697320706F696E742E01
:1095C000204B6E6F776E2069737375652E2044692A
:1095D00073636F6E6E656374696E6720696E737412
:1095E0006561642E005075626C6963206B6579203B
:1095F0006E6F7420617661696C61626C6500546F96
:109600006F20736D616C6C20534D50205044552079
:10961000726563656976656400534D5020636F6DB4
:109620006D616E642028636F646520307825303268
:109630007829207265636569766564206166746562
:10964000722074696D656F75740052656365697623
:10965000656420726573657276656420534D502091
:10966000636F64652030782530327800556E68610C
:109670006E646C656420534D5020636F64652030C8
:10968000782530327800556E65787065637465644E
:1096900020534D5020636F64652030782530327838
:1096A00000496E76616C6964206964656E746974E2
:1096B00079202573005265667573696E67206E6543
:1096C000772070616972696E672E20546865206F1B
:1096D0006C6420626F6E64206D7573742062652007
:1096E000756E7061697265642066697273742E00AC
:1096F00070616972696E67206661696C65642028B3
:109700007065657220726561736F6E2030782578A0
:109710002900534D502054696D656F75742028667B
:109720006C6167733A30782530387820616C6C6FE3
:109730007765645F636D64733A30782530387829D3
:109740000062745F736D700062745F6B65797300A3
:1097500062745F63727970746F004661696C6564EE
:1097600020746F20696D706F727420414553206BB7
:109770006579202564004661696C656420746F20FA
:10978000636F6D70757465204D41432025640063DF
:10979000616368655F6E72667800636C6F636B40CF
:1097A000313065303030006866636C6B006C666326
:1097B0006C6B00636C6F636B5F636F6E74726F6C66
:1097C00000726E67006770696F4031306130303011
:1097D000006770696F406438323030006770696FBD
:1097E000403530343030007561727440633630304B
:1097F0003000756172745F6E7266785F7561727445
:10980000650048616C74696E672073797374656D67
:1098100000556E6B6E6F776E206572726F72003ED0
:109820003E3E205A455048595220464154414C2012
:109830004552524F522025643A202573206F6E20E6
:10984000435055202564004661756C742064757220
:10985000696E6720696E74657272757074206861D4
:109860006E646C696E670A0043757272656E74206F
:109870007468726561643A20257020282573290078
:1098800043505520657863657074696F6E00556E3E
:1098900068616E646C656420696E7465727275705F
:1098A0007400537461636B206F766572666C6F77BA
:1098B000004B65726E656C206F6F7073004B657244
:1098C0006E656C2070616E6963006D61696E006F1A
:1098D0007300737973776F726B71002A2A2A2042A2
:1098E0006F6F74696E67205A6570687972204F5384
:1098F000206275696C642076342E342E322D313618
:109900002D67666565396662633632303935202ADF
:109910002A2A0A004145532D3235362D454342004F
:109920004145532D3139322D454342004145532D98
:109930003132382D45434200286E756C6C29002A5F
:10994000666C6F61742A00206D657373616765735F
:109950002064726F70706564202D2D2D0D0A1B5BC5
:10996000306D001B5B313B33316D2D2D2D20000000
:10997000000000000000FFFFFFFFFFFF00000000ED
:109980000000303132333435363738396162636440
:109990006566000000000000001000800000805F8D
:1099A0009B34FB01040002000000020000000000E4
:1099B00000000500000000000000000000000000A2
:1099C0000000050009090909010209090909090935
:1099D00009090909090709090909090609090909FC
:1099E00009090909090909090909090905030502FC
:1099F000000AE69D350E480103CCDBFDF4AC119165
:109A0000F4EFB9A5F9E9A7832C5E2CBE97F2D20337
:109A1000B0208BD28915D08E1C742430ED8FC245B6
:109A200063765C15525ABF9A32636DEB2A65499C86
:109A300080DC0202030462745F6C326361705F63F6
:109A400068616E5F676976655F6372656469747388
:109A5000006174745F74785F64657374726F795FAA
:109A6000776F726B5F68616E646C657200000506EB
:109A70001F1F2918120308020305080A0008010322
:109A80000401050405090607010106060800000196
:109A900000010003010003020201000200000000B7
:109AA0000002030100036C888391AAF5A538603792
:109AB0000BDB5A6083BE00010405020608090F0093
:109AC00007182323232323232323232323232300B0
:109AD000010210141400001C2030401C2000001C47
:109AE00020304052096AD53036A538BF40A39E8148
:109AF000F3D7FB7CE339829B2FFF87348E4344C42A
:109B0000DEE9CB547B9432A6C2233DEE4C950B424A
:109B1000FAC34E082EA16628D924B2765BA2496DFD
:109B20008BD12572F8F66486689816D4A45CCC5D57
:109B300065B6926C704850FDEDB9DA5E154657A7D0
:109B40008D9D8490D8AB008CBCD30AF7E45805B83F
:109B5000B34506D02C1E8FCA3F0F02C1AFBD030113
:109B6000138A6B3A9111414F67DCEA97F2CFCEF03E
:109B7000B4E67396AC7422E7AD3585E2F937E81C9C
:109B800075DF6E47F11A711D29C5896FB7620EAA7C
:109B900018BE1BFC563E4BC6D279209ADBC0FE781D
:109BA000CD5AF41FDDA8338807C731B112105927E9
:109BB00080EC5F60517FA919B54A0D2DE57A9F931E
:109BC000C99CEFA0E03B4DAE2AF5B0C8EBBB3C838F
:109BD000539961172B047EBA77D626E16914635531
:109BE000210C7D637C777BF26B6FC53001672BFEA8
:109BF000D7AB76CA82C97DFA5947F0ADD4A2AF9CE3
:109C0000A472C0B7FD9326363FF7CC34A5E5F171B9
:109C1000D8311504C723C31896059A071280E2EBC2
:109C200027B27509832C1A1B6E5AA0523BD6B32952
:109C3000E32F8453D100ED20FCB15B6ACBBE394ADF
:109C40004C58CFD0EFAAFB434D338545F9027F50E6
:109C50003C9FA851A3408F929D38F5BCB6DA2110E5
:109C6000FFF3D2CD0C13EC5F974417C4A77E3D647D
:109C70005D197360814FDC222A908846EEB814DEAD
:109C80005E0BDBE0323A0A4906245CC2D3AC629137
:109C900095E479E7C8376D8DD54EA96C56F4EA6521
:109CA0007AAE08BA78252E1CA6B4C6E8DD741F4B20
:109CB000BD8B8A703EB5664803F60E613557B9868E
:109CC000C11D9EE1F8981169D98E949B1E87E9CE3B
:109CD0005528DF8CA1890DBFE6426841992D0FB050
:049CE00054BB16005B
:109CE40000000000D8020020000000000000000076
:109CF4000000000000000000000000000000000060
:109D0400000000000000000000000000000000004F
:109D1400000000000000000000000000000000003F
:109D2400000000000000000000000000000000002F
:109D3400000000000000000000000000000000001F
:109D4400000000000000000000000000000000000F
:109D540000000000000000000000000000000000FF
:109D640000000000000000000000000000000000EF
:109D740000000000000000000000000000000000DF
:109D840000000000000000000000000000000000CF
:109D940000000000000000000000000000000000BF
:109DA40000000000000000000000000000000000AF
:109DB400000000000000000000000000000000009F
:109DC400000000000000000000000000000000008F
:109DD400000000000000000000000000000000007F
:109DE400000000000000000000000000000000006F
:109DF400000000000000000000000000000000005F
:109E0400000000000000000000000000000000004E
:109E1400000000000000000000000000000000003E
:109E2400000000000000000000000000000000002E
:109E3400000000000000000000000000000000001E
:109E4400000000000000000000000000000000000E
:109E540000000000000000000000000000000000FE
:109E640000000000000000000000000000000000EE
:109E7400354C00000000000000000000000000005D
:109E840000000000000000000000000000000000CE
:109E940000000000000000000000000000000000BE
:109EA40000000000000000000000000000000000AE
:109EB400000000000000000000000000000000009E
:109EC400000000000000000000000000000000008E
:109ED400000000000000000000000000000000007E
:109EE400000000000000000000000000000000006E
:109EF40000000000384E02001F00000000000000B7
:109F0400FFFFFFFFFF1F00000000000067000000CC
:109F1400000000000000000000000000000000003D
:109F2400000000000000000000000000000000002D
:109F3400000000000000000000000000000000001D
:109F4400000000000000000000000000000000000D
:109F540000000000000000000000000000000000FD
:109F640000000000000000000000000000000000ED
:109F740000000000000000000000000000000000DD
:109F840000000000000000000000000000000000CD
:109F94000000000000000000CD0F0000450F00008D
:109FA40000000000000000000000000000000000AD
:109FB4000000000000000000BD0E00009D0E000027
:109FC400000000000000000000000000000000008D
:109FD400000000000000000000000000000000007D
:109FE400A90E000039F80100B9FF0100A4590200CC
:109FF40000000000706E0200000002007C6E02008F
:10A004000000020000000000AF0302000000000096
:10A01400000000003403002034030020000000008E
:10A02400000000000E00000000C0105000000000FE
:10A03400000000000000000000000000000000001C
:10A04400000000000000000000000000000000000C
:10A0540000000000000000000000000000000000FC
:10A0640000000000000000000000000000000000EC
:10A0740000000000000000000000000000000000DC
:10A0840000000000000000000000000000000000CC
:10A0940000000000000000000000000000010000BB
:10A0A40000A00D50000000000000000000000000AF
:10A0B400000000000000000000000000000000009C
:10A0C400000000000000000000000000000000008C
:10A0D400000000000000000000000000000000007C
:10A0E400000000000000000000000000000000006C
:10A0F400000000000000000000000000000000005C
:10A10400000000000000000000000000000000004B
:10A11400000000000000000000000000554F000097
:10A124000000000000000000000000004D3F00009F
:10A13400000000000000000000000000995E000024
:10A14400000000000000000000000000695D000045
:10A15400000000000000000000000000B5670000DF
:10A16400000000000000000000000000ED6100009D
:10A174000000000000000000A5850000AD94000070
:10A18400F595000000000000000000005987000061
:10A1940097190200651A02005D85000000000000A6
:10A1A4000000000000000000A99100000000000071
:10A1B40000000000906E0200000002009C6E02008D
:10A1C40000000A00AC6E0200000020000000000045
:10A1D400000000000000000000000000000000007B
:10A1E4000000000000000000051E02000000000046
:10A1F40010050020100500200000000000000000F1
:10A204000E000000240500202405002021B40000D5
:10A214000000000000000000D81E00200000000024
:10A2240089E1000000000000E01E002000000000A2
:10A234006DD6000000000000E81E002000000000B1
:10A244005174010000000000F01E00200000000016
:10A2540095D3000000000000D42700200000000077
:10A264007D7F010000000000DC27002000000000CA
:10A27400CDFE000000000000E427002000000000E4
:10A284005174010000000000EC27002000000000D1
:10A294008100010000000000F427002000000000FD
:10A2A400ED0A010000000000182900200000000051
:10A2B4006829002000000000482B00200000000056
:10A2C400F82B002000000000919001000000000025
:10A2D4006C2D0020000000008571010000000000CA
:10A2E4008C2D0020000000005174010000000000CB
:10A2F400942D0020000000005174010000000000B3
:10A304009C2D002000000000055E010000000000FC
:10A31400FC3100200000000049C8000000000000DB
:10A32400F43100200000000049C8000000000000D3
:10A33400EC31002000000000C5C500000000000052
:10A34400E43100200000000049C8000000000000C3
:10A35400DC31002000000000C5C500000000000042
:10A36400D43100200000000049C800002DAD0100D8
:10A3740000000000FF0000000090D003FF00000078
:10A384000F00000071020000A8060020A8060020AB
:0AA39400353300005133000001FFD3
:10A39E0000000000000000000000000000000000AF
:02A3AE000000AD
:10A3B000000000000000000000000000000000009D
:10A3C000000000000000000000000000000000008D
:10A3D000000000000000000000000000000000007D
:08A3E000000000000000000075
:04A3E8000000000071
:10A3EC000807002008070020E07000200000000093
:10A3FC0001000000240000000000000024070020E1
:10A40C0024070020304C0020000000000100000058
:10A41C002001000000000000400700204007002041
:10A42C000471002000000000030000001C0000006C
:04A43C00000000001C
:10A440005C0700205C070020000000000100000005
:10A450006C0700206C07002000000000FFFFFFFFDA
:10A460000000000000000000840700208407002096
:10A470000000000000000000940700209407002066
:10A48000030003001000000000000000F85B020061
:10A49000D06E00200000000000000000B80700207F
:10A4A000B80700200300030010000000F98400003A
:10A4B000AC5C02006870002000000000000000009A
:10A4C000DC070020DC070020010001001000000074
:10A4D00000000000385C02005C6F002000000000FB
:10A4E0000000000000080020000800200300030016
:10A4F0000000000000000000905A020024690020C3
:10A5000000000000000000002408002024080020B3
:10A510000100010010000000A1610000E45B0200E6
:10A52000A86B002000000000000000004808002088
:10A5300048080020030003000000000000000000A5
:10A54000AC5B0200606B0020000000000000000017
:10A550006C0800206C0800200C000C0004000000B7
:10A56000553800007C5A02004867002000000000B7
:10A570000000000090080020900800200100010069
:10A580000000000000000000A45A0200706A0020D1
:04A5900015E015E0DD
:0400000300002B4589
:00000001FF
