*** Booting Zephyr OS build v4.4.2-16-gfee9fbc62095 ***

== PCA10040 raw-RADIO observer (Q0) ==
FICR PART=0x00052832 VARIANT=0x41414731
timer=16MHz(62.5ns) ring=2048
HFXO started
CONFIG-READY Q2
CONFIG-ECHO aa=0xd1ed09f5 crc=0x34efe9 ch=10 phy=2M
mode=Q2 phy=2M AA=0xd1ed09f5 crcinit=0x34efe9 ch=10 whiten=1 cap=30000ms
ARMED Q2 ch10
CAPTURE-START Q2 ch10 cap=30000ms tick=153384834
CAPTURE-END Q2 tick=633465896
FROZEN: records=1109 ring_full_drops=0 max_isr_ticks=59 (3687 ns)
LOSS: addr_irq=1109 end_irq=1109 records=1109 ring_full_drops=0 addr_minus_end=0 end_minus_recorded=0 reversal=0 stale_addr=0
crc_ok=685/1109 (qualitative: ambient traffic, NOT a coherence gate)
REC oseq=0 s0=0x95 len=213 crc=0 rssi=-92 pairid=51580 txtag=0 st=0x00 addr=153990793 end=154004746 air_us=872 gap_us=0
REC oseq=1 s0=0x25 len=55 crc=0 rssi=-92 pairid=38992 txtag=64 st=0x00 addr=156441642 end=156445483 air_us=240 gap_us=152306
REC oseq=2 s0=0x29 len=163 crc=0 rssi=-91 pairid=38988 txtag=64 st=0x00 addr=156554973 end=156565726 air_us=672 gap_us=6843
REC oseq=3 s0=0x25 len=55 crc=0 rssi=-92 pairid=38992 txtag=72 st=0x00 addr=156593261 end=156597102 air_us=240 gap_us=1720
REC oseq=4 s0=0x29 len=35 crc=0 rssi=-91 pairid=38988 txtag=72 st=0x00 addr=156630782 end=156633343 air_us=160 gap_us=2105
REC oseq=5 s0=0x29 len=183 crc=0 rssi=-93 pairid=55376 txtag=72 st=0x00 addr=156669072 end=156681105 air_us=752 gap_us=2233
REC oseq=6 s0=0xe2 len=253 crc=0 rssi=-92 pairid=30879 txtag=163 st=0x00 addr=160041625 end=160058138 air_us=1032 gap_us=210032
REC oseq=7 s0=0x7e len=237 crc=0 rssi=-92 pairid=23392 txtag=171 st=0x00 addr=160079147 end=160094636 air_us=968 gap_us=1313
REC oseq=8 s0=0x09 len=0 crc=1 rssi=-32 pairid=23392 txtag=171 st=0x00 addr=166281598 end=166281919 air_us=20 gap_us=386685
REC oseq=9 s0=0x12 len=250 crc=1 rssi=-52 pairid=246 txtag=64 st=0x00 addr=166284715 end=166301036 air_us=1020 gap_us=174
REC oseq=10 s0=0x05 len=0 crc=1 rssi=-33 pairid=246 txtag=64 st=0x00 addr=166303823 end=166304144 air_us=20 gap_us=174
REC oseq=11 s0=0x1e len=250 crc=1 rssi=-52 pairid=246 txtag=64 st=0x00 addr=166306940 end=166323261 air_us=1020 gap_us=174
REC oseq=12 s0=0x09 len=0 crc=1 rssi=-32 pairid=246 txtag=64 st=0x00 addr=166326047 end=166326368 air_us=20 gap_us=174
REC oseq=13 s0=0x12 len=250 crc=1 rssi=-52 pairid=246 txtag=64 st=0x00 addr=166329164 end=166345485 air_us=1020 gap_us=174
REC oseq=14 s0=0x05 len=0 crc=1 rssi=-33 pairid=246 txtag=64 st=0x00 addr=166348271 end=166348592 air_us=20 gap_us=174
REC oseq=15 s0=0x1e len=250 crc=1 rssi=-52 pairid=246 txtag=64 st=0x00 addr=166351388 end=166367709 air_us=1020 gap_us=174
REC oseq=16 s0=0x09 len=0 crc=1 rssi=-32 pairid=246 txtag=64 st=0x00 addr=166370495 end=166370816 air_us=20 gap_us=174
REC oseq=17 s0=0x12 len=250 crc=1 rssi=-52 pairid=246 txtag=64 st=0x00 addr=166373612 end=166389933 air_us=1020 gap_us=174
REC oseq=18 s0=0x05 len=0 crc=1 rssi=-33 pairid=246 txtag=64 st=0x00 addr=166392720 end=166393041 air_us=20 gap_us=174
REC oseq=19 s0=0x1e len=250 crc=1 rssi=-52 pairid=246 txtag=64 st=0x00 addr=166395836 end=166412157 air_us=1020 gap_us=174
REC oseq=20 s0=0x09 len=0 crc=1 rssi=-32 pairid=246 txtag=64 st=0x00 addr=166414944 end=166415265 air_us=20 gap_us=174
REC oseq=21 s0=0x12 len=250 crc=1 rssi=-52 pairid=246 txtag=64 st=0x00 addr=166418060 end=166434381 air_us=1020 gap_us=174
REC oseq=22 s0=0x05 len=0 crc=1 rssi=-33 pairid=246 txtag=64 st=0x00 addr=166437168 end=166437489 air_us=20 gap_us=174
REC oseq=23 s0=0x1e len=250 crc=1 rssi=-52 pairid=246 txtag=64 st=0x00 addr=166440285 end=166456606 air_us=1020 gap_us=174
REC oseq=24 s0=0x09 len=0 crc=1 rssi=-32 pairid=246 txtag=64 st=0x00 addr=166459393 end=166459714 air_us=20 gap_us=174
REC oseq=25 s0=0x12 len=250 crc=0 rssi=-52 pairid=246 txtag=64 st=0x00 addr=166462509 end=166478830 air_us=1020 gap_us=174
REC oseq=26 s0=0x05 len=0 crc=1 rssi=-33 pairid=246 txtag=64 st=0x00 addr=166481617 end=166481938 air_us=20 gap_us=174
REC oseq=27 s0=0x1e len=250 crc=1 rssi=-52 pairid=246 txtag=64 st=0x00 addr=166484733 end=166501054 air_us=1020 gap_us=174
REC oseq=28 s0=0x09 len=0 crc=1 rssi=-32 pairid=246 txtag=64 st=0x00 addr=166503841 end=166504162 air_us=20 gap_us=174
REC oseq=29 s0=0x12 len=250 crc=0 rssi=-52 pairid=246 txtag=64 st=0x00 addr=166506957 end=166523278 air_us=1020 gap_us=174
REC oseq=30 s0=0x36 len=216 crc=0 rssi=-91 pairid=30951 txtag=33 st=0x00 addr=168441589 end=168455734 air_us=884 gap_us=119894
REC oseq=31 s0=0x3a len=219 crc=0 rssi=-90 pairid=62354 txtag=45 st=0x00 addr=168463812 end=168478149 air_us=896 gap_us=504
REC oseq=32 s0=0x36 len=216 crc=0 rssi=-91 pairid=63719 txtag=97 st=0x00 addr=168486037 end=168500182 air_us=884 gap_us=493
REC oseq=33 s0=0x3a len=216 crc=0 rssi=-91 pairid=29587 txtag=1 st=0x00 addr=168508262 end=168522407 air_us=884 gap_us=505
REC oseq=34 s0=0x26 len=216 crc=0 rssi=-91 pairid=30950 txtag=32 st=0x00 addr=168530488 end=168544633 air_us=884 gap_us=505
REC oseq=35 s0=0x3a len=216 crc=0 rssi=-91 pairid=62354 txtag=33 st=0x00 addr=168597160 end=168611305 air_us=884 gap_us=3282
REC oseq=36 s0=0x36 len=216 crc=0 rssi=-90 pairid=30950 txtag=46 st=0x00 addr=168619385 end=168633530 air_us=884 gap_us=505
REC oseq=37 s0=0x36 len=216 crc=0 rssi=-91 pairid=30950 txtag=32 st=0x00 addr=168663834 end=168677979 air_us=884 gap_us=1894
REC oseq=38 s0=0x53 len=121 crc=0 rssi=-91 pairid=63580 txtag=163 st=0x00 addr=169439873 end=169447938 air_us=504 gap_us=47618
REC oseq=39 s0=0x5e len=94 crc=0 rssi=-91 pairid=19584 txtag=163 st=0x00 addr=169553202 end=169559539 air_us=396 gap_us=6579
REC oseq=40 s0=0x3a len=216 crc=0 rssi=-91 pairid=62355 txtag=47 st=0x00 addr=176601551 end=176615696 air_us=884 gap_us=440125
REC oseq=41 s0=0x36 len=216 crc=0 rssi=-91 pairid=63718 txtag=33 st=0x00 addr=176623775 end=176637920 air_us=884 gap_us=504
REC oseq=42 s0=0x35 len=212 crc=0 rssi=-91 pairid=39091 txtag=13 st=0x00 addr=176668224 end=176682113 air_us=868 gap_us=1894
REC oseq=43 s0=0x3a len=216 crc=0 rssi=-90 pairid=62355 txtag=33 st=0x00 addr=176713441 end=176727586 air_us=884 gap_us=1958
REC oseq=44 s0=0x5e len=121 crc=0 rssi=-92 pairid=31740 txtag=51 st=0x00 addr=178357353 end=178365418 air_us=504 gap_us=101860
REC oseq=45 s0=0x8a len=173 crc=0 rssi=-91 pairid=21154 txtag=73 st=0x00 addr=179481539 end=179492932 air_us=712 gap_us=69757
REC oseq=46 s0=0x86 len=173 crc=0 rssi=-90 pairid=59868 txtag=105 st=0x00 addr=180005988 end=180017382 air_us=712 gap_us=32066
REC oseq=47 s0=0x8a len=45 crc=0 rssi=-90 pairid=51133 txtag=105 st=0x00 addr=180117108 end=180120309 air_us=200 gap_us=6232
REC oseq=48 s0=0x29 len=55 crc=0 rssi=-91 pairid=38992 txtag=72 st=0x00 addr=181641530 end=181645371 air_us=240 gap_us=95076
REC oseq=49 s0=0x29 len=55 crc=0 rssi=-90 pairid=55376 txtag=72 st=0x00 addr=181717338 end=181721179 air_us=240 gap_us=4497
REC oseq=50 s0=0x29 len=55 crc=0 rssi=-91 pairid=55376 txtag=72 st=0x00 addr=181793147 end=181796988 air_us=240 gap_us=4498
REC oseq=51 s0=0x25 len=163 crc=0 rssi=-92 pairid=38989 txtag=72 st=0x00 addr=181830668 end=181841421 air_us=672 gap_us=2105
REC oseq=52 s0=0x39 len=212 crc=0 rssi=-91 pairid=39091 txtag=21 st=0x00 addr=181868957 end=181882846 air_us=868 gap_us=1721
REC oseq=53 s0=0x37 len=216 crc=0 rssi=-91 pairid=63718 txtag=33 st=0x00 addr=181904521 end=181918666 air_us=884 gap_us=1354
REC oseq=54 s0=0x3a len=216 crc=0 rssi=-91 pairid=62355 txtag=33 st=0x00 addr=181926746 end=181940891 air_us=884 gap_us=505
REC oseq=55 s0=0x3a len=216 crc=0 rssi=-89 pairid=62354 txtag=33 st=0x00 addr=182060092 end=182074237 air_us=884 gap_us=7450
REC oseq=56 s0=0x3a len=216 crc=0 rssi=-91 pairid=29587 txtag=32 st=0x00 addr=182105308 end=182119453 air_us=884 gap_us=1941
REC oseq=57 s0=0x09 len=0 crc=1 rssi=-32 pairid=29587 txtag=32 st=0x00 addr=182601524 end=182601845 air_us=20 gap_us=30129
REC oseq=58 s0=0x12 len=250 crc=1 rssi=-52 pairid=246 txtag=64 st=0x00 addr=182604632 end=182620953 air_us=1020 gap_us=174
REC oseq=59 s0=0x05 len=0 crc=1 rssi=-33 pairid=246 txtag=64 st=0x00 addr=182623748 end=182624069 air_us=20 gap_us=174
REC oseq=60 s0=0x1e len=250 crc=1 rssi=-52 pairid=246 txtag=64 st=0x00 addr=182626856 end=182643177 air_us=1020 gap_us=174
REC oseq=61 s0=0x09 len=0 crc=1 rssi=-32 pairid=246 txtag=64 st=0x00 addr=182645972 end=182646293 air_us=20 gap_us=174
REC oseq=62 s0=0x12 len=250 crc=1 rssi=-52 pairid=246 txtag=64 st=0x00 addr=182649080 end=182665401 air_us=1020 gap_us=174
REC oseq=63 s0=0x05 len=0 crc=1 rssi=-33 pairid=246 txtag=64 st=0x00 addr=182668196 end=182668517 air_us=20 gap_us=174
REC oseq=64 s0=0x1e len=250 crc=1 rssi=-52 pairid=246 txtag=64 st=0x00 addr=182671304 end=182687625 air_us=1020 gap_us=174
REC oseq=65 s0=0x09 len=0 crc=1 rssi=-32 pairid=246 txtag=64 st=0x00 addr=182690421 end=182690742 air_us=20 gap_us=174
REC oseq=66 s0=0x12 len=250 crc=1 rssi=-52 pairid=246 txtag=64 st=0x00 addr=182693529 end=182709850 air_us=1020 gap_us=174
REC oseq=67 s0=0x05 len=0 crc=1 rssi=-33 pairid=246 txtag=64 st=0x00 addr=182712645 end=182712966 air_us=20 gap_us=174
REC oseq=68 s0=0x1e len=250 crc=1 rssi=-52 pairid=246 txtag=64 st=0x00 addr=182715753 end=182732074 air_us=1020 gap_us=174
REC oseq=69 s0=0x09 len=0 crc=1 rssi=-32 pairid=246 txtag=64 st=0x00 addr=182734870 end=182735191 air_us=20 gap_us=174
REC oseq=70 s0=0x12 len=250 crc=1 rssi=-52 pairid=246 txtag=64 st=0x00 addr=182737977 end=182754298 air_us=1020 gap_us=174
REC oseq=71 s0=0x05 len=0 crc=1 rssi=-33 pairid=246 txtag=64 st=0x00 addr=182757094 end=182757415 air_us=20 gap_us=174
REC oseq=72 s0=0x1e len=250 crc=1 rssi=-52 pairid=246 txtag=64 st=0x00 addr=182760201 end=182776522 air_us=1020 gap_us=174
REC oseq=73 s0=0x09 len=0 crc=1 rssi=-32 pairid=246 txtag=64 st=0x00 addr=182779318 end=182779639 air_us=20 gap_us=174
REC oseq=74 s0=0x12 len=250 crc=1 rssi=-52 pairid=246 txtag=64 st=0x00 addr=182782426 end=182798747 air_us=1020 gap_us=174
REC oseq=75 s0=0x05 len=0 crc=1 rssi=-33 pairid=246 txtag=64 st=0x00 addr=182801542 end=182801863 air_us=20 gap_us=174
REC oseq=76 s0=0x1e len=250 crc=1 rssi=-52 pairid=246 txtag=64 st=0x00 addr=182804650 end=182820971 air_us=1020 gap_us=174
REC oseq=77 s0=0x09 len=0 crc=1 rssi=-32 pairid=246 txtag=64 st=0x00 addr=182823767 end=182824088 air_us=20 gap_us=174
REC oseq=78 s0=0x12 len=250 crc=0 rssi=-52 pairid=246 txtag=64 st=0x00 addr=182826874 end=182843195 air_us=1020 gap_us=174
REC oseq=79 s0=0x15 len=71 crc=0 rssi=-93 pairid=33020 txtag=0 st=0x00 addr=186074841 end=186079706 air_us=304 gap_us=201977
REC oseq=80 s0=0x5a len=101 crc=0 rssi=-92 pairid=39040 txtag=163 st=0x00 addr=186959026 end=186965811 air_us=424 gap_us=54957
REC oseq=81 s0=0x52 len=121 crc=0 rssi=-93 pairid=30876 txtag=163 st=0x00 addr=187148932 end=187156997 air_us=504 gap_us=11445
REC oseq=82 s0=0xe5 len=55 crc=0 rssi=-91 pairid=55376 txtag=72 st=0x00 addr=189271401 end=189275242 air_us=240 gap_us=132150
REC oseq=83 s0=0x29 len=55 crc=0 rssi=-91 pairid=55376 txtag=72 st=0x00 addr=191481486 end=191485327 air_us=240 gap_us=137890
REC oseq=84 s0=0x29 len=55 crc=0 rssi=-91 pairid=55376 txtag=72 st=0x00 addr=191557294 end=191561135 air_us=240 gap_us=4497
REC oseq=85 s0=0x25 len=35 crc=0 rssi=-92 pairid=55372 txtag=64 st=0x00 addr=191594815 end=191597376 air_us=160 gap_us=2105
REC oseq=86 s0=0x29 len=55 crc=0 rssi=-92 pairid=38992 txtag=72 st=0x00 addr=191633103 end=191636944 air_us=240 gap_us=2232
REC oseq=87 s0=0x29 len=55 crc=0 rssi=-90 pairid=55376 txtag=72 st=0x00 addr=191708913 end=191712754 air_us=240 gap_us=4498
REC oseq=88 s0=0x29 len=63 crc=0 rssi=-91 pairid=38993 txtag=72 st=0x00 addr=192277293 end=192281647 air_us=272 gap_us=35283
REC oseq=89 s0=0x25 len=35 crc=0 rssi=-92 pairid=38989 txtag=72 st=0x00 addr=192314812 end=192317373 air_us=160 gap_us=2072
REC oseq=90 s0=0x29 len=55 crc=0 rssi=-91 pairid=38992 txtag=72 st=0x00 addr=192353100 end=192356941 air_us=240 gap_us=2232
REC oseq=91 s0=0x25 len=35 crc=0 rssi=-91 pairid=38988 txtag=72 st=0x00 addr=192390621 end=192393182 air_us=160 gap_us=2105
REC oseq=92 s0=0x29 len=55 crc=0 rssi=-91 pairid=38992 txtag=72 st=0x00 addr=192428910 end=192432751 air_us=240 gap_us=2233
REC oseq=93 s0=0x25 len=35 crc=0 rssi=-92 pairid=55372 txtag=80 st=0x00 addr=197241459 end=197244020 air_us=160 gap_us=300544
REC oseq=94 s0=0x29 len=183 crc=0 rssi=-90 pairid=38992 txtag=72 st=0x00 addr=197279748 end=197291781 air_us=752 gap_us=2233
REC oseq=95 s0=0x25 len=35 crc=0 rssi=-92 pairid=38988 txtag=72 st=0x00 addr=197317269 end=197319830 air_us=160 gap_us=1593
REC oseq=96 s0=0x25 len=35 crc=0 rssi=-92 pairid=38988 txtag=72 st=0x00 addr=197355558 end=197358119 air_us=160 gap_us=2233
REC oseq=97 s0=0x29 len=55 crc=0 rssi=-90 pairid=38992 txtag=72 st=0x00 addr=197393846 end=197397687 air_us=240 gap_us=2232
REC oseq=98 s0=0x29 len=55 crc=0 rssi=-92 pairid=38992 txtag=72 st=0x00 addr=197469654 end=197473495 air_us=240 gap_us=4497
REC oseq=99 s0=0x36 len=192 crc=0 rssi=-91 pairid=63719 txtag=1 st=0x00 addr=198441454 end=198454063 air_us=788 gap_us=60497
REC oseq=100 s0=0x3a len=216 crc=0 rssi=-91 pairid=62354 txtag=33 st=0x00 addr=198463679 end=198477824 air_us=884 gap_us=601
REC oseq=101 s0=0x06 len=216 crc=0 rssi=-91 pairid=30950 txtag=32 st=0x00 addr=198485903 end=198500048 air_us=884 gap_us=504
REC oseq=102 s0=0x3a len=218 crc=0 rssi=-90 pairid=29587 txtag=34 st=0x00 addr=198508128 end=198522401 air_us=892 gap_us=505
REC oseq=103 s0=0x36 len=216 crc=0 rssi=-90 pairid=30950 txtag=32 st=0x00 addr=198530352 end=198544497 air_us=884 gap_us=496
REC oseq=104 s0=0x1a len=251 crc=1 rssi=-32 pairid=247 txtag=64 st=0x00 addr=200361446 end=200377831 air_us=1024 gap_us=113559
REC oseq=105 s0=0x12 len=250 crc=1 rssi=-52 pairid=246 txtag=64 st=0x00 addr=200380621 end=200396942 air_us=1020 gap_us=174
REC oseq=106 s0=0x16 len=239 crc=1 rssi=-32 pairid=235 txtag=64 st=0x00 addr=200399734 end=200415351 air_us=976 gap_us=174
REC oseq=107 s0=0x1e len=250 crc=1 rssi=-52 pairid=246 txtag=64 st=0x00 addr=200418141 end=200434462 air_us=1020 gap_us=174
REC oseq=108 s0=0x1a len=251 crc=1 rssi=-32 pairid=247 txtag=64 st=0x00 addr=200437255 end=200453640 air_us=1024 gap_us=174
REC oseq=109 s0=0x12 len=250 crc=1 rssi=-52 pairid=246 txtag=64 st=0x00 addr=200456429 end=200472750 air_us=1020 gap_us=174
REC oseq=110 s0=0x16 len=239 crc=1 rssi=-32 pairid=235 txtag=64 st=0x00 addr=200475543 end=200491160 air_us=976 gap_us=174
REC oseq=111 s0=0x1e len=250 crc=1 rssi=-52 pairid=246 txtag=64 st=0x00 addr=200493950 end=200510271 air_us=1020 gap_us=174
REC oseq=112 s0=0x1a len=251 crc=1 rssi=-32 pairid=247 txtag=64 st=0x00 addr=200513064 end=200529449 air_us=1024 gap_us=174
REC oseq=113 s0=0x12 len=250 crc=1 rssi=-52 pairid=246 txtag=64 st=0x00 addr=200532238 end=200548559 air_us=1020 gap_us=174
REC oseq=114 s0=0x16 len=239 crc=1 rssi=-32 pairid=235 txtag=64 st=0x00 addr=200551352 end=200566969 air_us=976 gap_us=174
REC oseq=115 s0=0x1e len=250 crc=1 rssi=-52 pairid=246 txtag=64 st=0x00 addr=200569759 end=200586080 air_us=1020 gap_us=174
REC oseq=116 s0=0x1a len=251 crc=0 rssi=-32 pairid=247 txtag=64 st=0x00 addr=200588873 end=200605258 air_us=1024 gap_us=174
REC oseq=117 s0=0x41 len=150 crc=0 rssi=-91 pairid=53087 txtag=138 st=0x00 addr=204201427 end=204211348 air_us=620 gap_us=224760
REC oseq=118 s0=0x16 len=239 crc=1 rssi=-32 pairid=235 txtag=64 st=0x00 addr=210441402 end=210457019 air_us=976 gap_us=389378
REC oseq=119 s0=0x1e len=250 crc=1 rssi=-52 pairid=246 txtag=64 st=0x00 addr=210459813 end=210476134 air_us=1020 gap_us=174
REC oseq=120 s0=0x1a len=251 crc=1 rssi=-32 pairid=247 txtag=64 st=0x00 addr=210478922 end=210495307 air_us=1024 gap_us=174
REC oseq=121 s0=0x12 len=250 crc=1 rssi=-52 pairid=246 txtag=64 st=0x00 addr=210498101 end=210514422 air_us=1020 gap_us=174
REC oseq=122 s0=0x16 len=239 crc=1 rssi=-32 pairid=235 txtag=64 st=0x00 addr=210517211 end=210532828 air_us=976 gap_us=174
REC oseq=123 s0=0x1e len=250 crc=1 rssi=-52 pairid=246 txtag=64 st=0x00 addr=210535622 end=210551943 air_us=1020 gap_us=174
REC oseq=124 s0=0x1a len=251 crc=1 rssi=-32 pairid=247 txtag=64 st=0x00 addr=210554732 end=210571117 air_us=1024 gap_us=174
REC oseq=125 s0=0x12 len=250 crc=1 rssi=-53 pairid=246 txtag=64 st=0x00 addr=210573910 end=210590231 air_us=1020 gap_us=174
REC oseq=126 s0=0x16 len=239 crc=1 rssi=-32 pairid=235 txtag=64 st=0x00 addr=210593020 end=210608637 air_us=976 gap_us=174
REC oseq=127 s0=0x1e len=250 crc=1 rssi=-52 pairid=246 txtag=64 st=0x00 addr=210611430 end=210627751 air_us=1020 gap_us=174
REC oseq=128 s0=0x1a len=251 crc=1 rssi=-32 pairid=247 txtag=64 st=0x00 addr=210630540 end=210646925 air_us=1024 gap_us=174
REC oseq=129 s0=0x12 len=250 crc=1 rssi=-52 pairid=246 txtag=64 st=0x00 addr=210649719 end=210666040 air_us=1020 gap_us=174
REC oseq=130 s0=0x16 len=239 crc=0 rssi=-32 pairid=235 txtag=64 st=0x00 addr=210668829 end=210684446 air_us=976 gap_us=174
REC oseq=131 s0=0x29 len=55 crc=0 rssi=-91 pairid=38992 txtag=72 st=0x00 addr=213801384 end=213805225 air_us=240 gap_us=194808
REC oseq=132 s0=0x25 len=35 crc=0 rssi=-92 pairid=38988 txtag=72 st=0x00 addr=213838905 end=213841466 air_us=160 gap_us=2105
REC oseq=133 s0=0x95 len=34 crc=0 rssi=-92 pairid=38988 txtag=72 st=0x00 addr=213914713 end=213917210 air_us=156 gap_us=4577
REC oseq=134 s0=0x29 len=183 crc=0 rssi=-92 pairid=38992 txtag=72 st=0x00 addr=213953002 end=213965035 air_us=752 gap_us=2237
REC oseq=135 s0=0x25 len=35 crc=0 rssi=-92 pairid=38988 txtag=72 st=0x00 addr=213990523 end=213993084 air_us=160 gap_us=1593
REC oseq=136 s0=0x29 len=55 crc=0 rssi=-91 pairid=38992 txtag=72 st=0x00 addr=214028812 end=214032653 air_us=240 gap_us=2233
REC oseq=137 s0=0x36 len=216 crc=0 rssi=-90 pairid=63719 txtag=45 st=0x00 addr=215001380 end=215015525 air_us=884 gap_us=60545
REC oseq=138 s0=0x3a len=216 crc=0 rssi=-91 pairid=62355 txtag=33 st=0x00 addr=215023589 end=215037734 air_us=884 gap_us=504
REC oseq=139 s0=0x36 len=216 crc=0 rssi=-91 pairid=63718 txtag=33 st=0x00 addr=215045813 end=215059958 air_us=884 gap_us=504
REC oseq=140 s0=0x3a len=216 crc=0 rssi=-91 pairid=29586 txtag=32 st=0x00 addr=215068037 end=215082182 air_us=884 gap_us=504
REC oseq=141 s0=0x36 len=216 crc=0 rssi=-91 pairid=63718 txtag=33 st=0x00 addr=215090262 end=215104407 air_us=884 gap_us=505
REC oseq=142 s0=0x36 len=216 crc=0 rssi=-90 pairid=63718 txtag=32 st=0x00 addr=215156935 end=215171080 air_us=884 gap_us=3283
REC oseq=143 s0=0x3a len=216 crc=0 rssi=-90 pairid=62354 txtag=41 st=0x00 addr=215179157 end=215193302 air_us=884 gap_us=504
REC oseq=144 s0=0x3a len=216 crc=0 rssi=-91 pairid=62355 txtag=33 st=0x00 addr=215223607 end=215237752 air_us=884 gap_us=1894
REC oseq=145 s0=0x8e len=165 crc=0 rssi=-92 pairid=4598 txtag=105 st=0x00 addr=220722066 end=220732948 air_us=680 gap_us=342769
REC oseq=146 s0=0x71 len=150 crc=0 rssi=-89 pairid=7099 txtag=210 st=0x00 addr=222641368 end=222651290 air_us=620 gap_us=119276
REC oseq=147 s0=0x1a len=239 crc=1 rssi=-32 pairid=235 txtag=64 st=0x00 addr=224361338 end=224376955 air_us=976 gap_us=106878
REC oseq=148 s0=0x12 len=250 crc=1 rssi=-52 pairid=246 txtag=64 st=0x00 addr=224379747 end=224396068 air_us=1020 gap_us=174
REC oseq=149 s0=0x16 len=251 crc=1 rssi=-32 pairid=247 txtag=64 st=0x00 addr=224398858 end=224415243 air_us=1024 gap_us=174
REC oseq=150 s0=0x1e len=250 crc=1 rssi=-52 pairid=246 txtag=64 st=0x00 addr=224418036 end=224434357 air_us=1020 gap_us=174
REC oseq=151 s0=0x1a len=239 crc=1 rssi=-32 pairid=235 txtag=64 st=0x00 addr=224437147 end=224452764 air_us=976 gap_us=174
REC oseq=152 s0=0x12 len=250 crc=1 rssi=-52 pairid=246 txtag=64 st=0x00 addr=224455555 end=224471876 air_us=1020 gap_us=174
REC oseq=153 s0=0x16 len=251 crc=1 rssi=-32 pairid=247 txtag=64 st=0x00 addr=224474667 end=224491052 air_us=1024 gap_us=174
REC oseq=154 s0=0x1e len=250 crc=1 rssi=-52 pairid=246 txtag=64 st=0x00 addr=224493844 end=224510165 air_us=1020 gap_us=174
REC oseq=155 s0=0x1a len=239 crc=1 rssi=-32 pairid=235 txtag=64 st=0x00 addr=224512956 end=224528573 air_us=976 gap_us=174
REC oseq=156 s0=0x12 len=250 crc=1 rssi=-52 pairid=246 txtag=64 st=0x00 addr=224531364 end=224547685 air_us=1020 gap_us=174
REC oseq=157 s0=0x16 len=251 crc=1 rssi=-32 pairid=247 txtag=64 st=0x00 addr=224550476 end=224566861 air_us=1024 gap_us=174
REC oseq=158 s0=0x1e len=250 crc=1 rssi=-52 pairid=246 txtag=64 st=0x00 addr=224569653 end=224585974 air_us=1020 gap_us=174
REC oseq=159 s0=0x1a len=239 crc=0 rssi=-32 pairid=235 txtag=64 st=0x00 addr=224588765 end=224604382 air_us=976 gap_us=174
REC oseq=160 s0=0x1a len=239 crc=1 rssi=-32 pairid=235 txtag=64 st=0x00 addr=224841335 end=224856952 air_us=976 gap_us=14809
REC oseq=161 s0=0x12 len=250 crc=1 rssi=-52 pairid=246 txtag=64 st=0x00 addr=224859743 end=224876064 air_us=1020 gap_us=174
REC oseq=162 s0=0x16 len=251 crc=1 rssi=-32 pairid=247 txtag=64 st=0x00 addr=224878856 end=224895241 air_us=1024 gap_us=174
REC oseq=163 s0=0x1e len=250 crc=1 rssi=-52 pairid=246 txtag=64 st=0x00 addr=224898032 end=224914353 air_us=1020 gap_us=174
REC oseq=164 s0=0x1a len=239 crc=1 rssi=-32 pairid=235 txtag=64 st=0x00 addr=224917144 end=224932761 air_us=976 gap_us=174
REC oseq=165 s0=0x12 len=250 crc=1 rssi=-52 pairid=246 txtag=64 st=0x00 addr=224935552 end=224951873 air_us=1020 gap_us=174
REC oseq=166 s0=0x16 len=251 crc=1 rssi=-32 pairid=247 txtag=64 st=0x00 addr=224954665 end=224971050 air_us=1024 gap_us=174
REC oseq=167 s0=0x1e len=250 crc=1 rssi=-52 pairid=246 txtag=64 st=0x00 addr=224973841 end=224990162 air_us=1020 gap_us=174
REC oseq=168 s0=0x1a len=239 crc=1 rssi=-32 pairid=235 txtag=64 st=0x00 addr=224992953 end=225008570 air_us=976 gap_us=174
REC oseq=169 s0=0x12 len=250 crc=1 rssi=-52 pairid=246 txtag=64 st=0x00 addr=225011361 end=225027682 air_us=1020 gap_us=174
REC oseq=170 s0=0x16 len=251 crc=1 rssi=-32 pairid=247 txtag=64 st=0x00 addr=225030474 end=225046859 air_us=1024 gap_us=174
REC oseq=171 s0=0x1e len=250 crc=1 rssi=-52 pairid=246 txtag=64 st=0x00 addr=225049649 end=225065970 air_us=1020 gap_us=174
REC oseq=172 s0=0x0a len=12 crc=1 rssi=-32 pairid=8 txtag=5 st=0x00 addr=225068762 end=225069851 air_us=68 gap_us=174
REC oseq=173 s0=0x05 len=0 crc=1 rssi=-33 pairid=8 txtag=5 st=0x00 addr=228681318 end=228681639 air_us=20 gap_us=225716
REC oseq=174 s0=0x1e len=250 crc=1 rssi=-52 pairid=246 txtag=64 st=0x00 addr=228684436 end=228700757 air_us=1020 gap_us=174
REC oseq=175 s0=0x09 len=0 crc=1 rssi=-32 pairid=246 txtag=64 st=0x00 addr=228703543 end=228703864 air_us=20 gap_us=174
REC oseq=176 s0=0x12 len=250 crc=1 rssi=-52 pairid=246 txtag=64 st=0x00 addr=228706660 end=228722981 air_us=1020 gap_us=174
REC oseq=177 s0=0x05 len=0 crc=1 rssi=-33 pairid=246 txtag=64 st=0x00 addr=228725767 end=228726088 air_us=20 gap_us=174
REC oseq=178 s0=0x1e len=250 crc=1 rssi=-52 pairid=246 txtag=64 st=0x00 addr=228728884 end=228745205 air_us=1020 gap_us=174
REC oseq=179 s0=0x09 len=0 crc=1 rssi=-32 pairid=246 txtag=64 st=0x00 addr=228747991 end=228748312 air_us=20 gap_us=174
REC oseq=180 s0=0x12 len=250 crc=1 rssi=-52 pairid=246 txtag=64 st=0x00 addr=228751109 end=228767430 air_us=1020 gap_us=174
REC oseq=181 s0=0x05 len=0 crc=1 rssi=-33 pairid=246 txtag=64 st=0x00 addr=228770215 end=228770536 air_us=20 gap_us=174
REC oseq=182 s0=0x1e len=250 crc=1 rssi=-52 pairid=246 txtag=64 st=0x00 addr=228773333 end=228789654 air_us=1020 gap_us=174
REC oseq=183 s0=0x3a len=216 crc=0 rssi=-90 pairid=62355 txtag=111 st=0x00 addr=241925708 end=241939853 air_us=884 gap_us=821003
REC oseq=184 s0=0x36 len=216 crc=0 rssi=-90 pairid=63718 txtag=33 st=0x00 addr=241947932 end=241962077 air_us=884 gap_us=504
REC oseq=185 s0=0x3a len=216 crc=0 rssi=-91 pairid=62355 txtag=17 st=0x00 addr=241970156 end=241984301 air_us=884 gap_us=504
REC oseq=186 s0=0x53 len=110 crc=0 rssi=-92 pairid=30860 txtag=163 st=0x00 addr=242878775 end=242886136 air_us=460 gap_us=55904
REC oseq=187 s0=0x25 len=55 crc=0 rssi=-92 pairid=38992 txtag=72 st=0x00 addr=244041250 end=244045091 air_us=240 gap_us=72194
REC oseq=188 s0=0x29 len=35 crc=0 rssi=-91 pairid=38988 txtag=72 st=0x00 addr=244078770 end=244081331 air_us=160 gap_us=2104
REC oseq=189 s0=0x23 len=55 crc=0 rssi=-91 pairid=38992 txtag=72 st=0x00 addr=244117059 end=244120900 air_us=240 gap_us=2233
REC oseq=190 s0=0x25 len=55 crc=0 rssi=-91 pairid=38992 txtag=72 st=0x00 addr=244192867 end=244196708 air_us=240 gap_us=4497
REC oseq=191 s0=0x29 len=35 crc=0 rssi=-91 pairid=55372 txtag=64 st=0x00 addr=244230387 end=244232948 air_us=160 gap_us=2104
REC oseq=192 s0=0x25 len=55 crc=0 rssi=-91 pairid=38992 txtag=72 st=0x00 addr=244268676 end=244272517 air_us=240 gap_us=2233
REC oseq=193 s0=0x29 len=55 crc=0 rssi=-91 pairid=38992 txtag=80 st=0x00 addr=246441238 end=246445079 air_us=240 gap_us=135545
REC oseq=194 s0=0x25 len=35 crc=0 rssi=-92 pairid=38989 txtag=72 st=0x00 addr=246478759 end=246481320 air_us=160 gap_us=2105
REC oseq=195 s0=0x29 len=55 crc=0 rssi=-92 pairid=38992 txtag=80 st=0x00 addr=246517047 end=246520888 air_us=240 gap_us=2232
REC oseq=196 s0=0x25 len=35 crc=0 rssi=-92 pairid=38988 txtag=72 st=0x00 addr=246554568 end=246557129 air_us=160 gap_us=2105
REC oseq=197 s0=0x29 len=55 crc=0 rssi=-91 pairid=38992 txtag=72 st=0x00 addr=246668665 end=246672506 air_us=240 gap_us=6971
REC oseq=198 s0=0x16 len=251 crc=1 rssi=-32 pairid=247 txtag=64 st=0x00 addr=252441211 end=252457596 air_us=1024 gap_us=360544
REC oseq=199 s0=0x1e len=250 crc=1 rssi=-52 pairid=246 txtag=64 st=0x00 addr=252460381 end=252476702 air_us=1020 gap_us=174
REC oseq=200 s0=0x1a len=239 crc=1 rssi=-32 pairid=235 txtag=64 st=0x00 addr=252479500 end=252495117 air_us=976 gap_us=174
REC oseq=201 s0=0x12 len=250 crc=1 rssi=-52 pairid=246 txtag=64 st=0x00 addr=252497901 end=252514222 air_us=1020 gap_us=174
REC oseq=202 s0=0x16 len=251 crc=1 rssi=-32 pairid=247 txtag=64 st=0x00 addr=252517004 end=252533389 air_us=1024 gap_us=173
REC oseq=203 s0=0x1e len=250 crc=1 rssi=-52 pairid=246 txtag=64 st=0x00 addr=252536173 end=252552494 air_us=1020 gap_us=174
REC oseq=204 s0=0x1a len=239 crc=1 rssi=-32 pairid=235 txtag=64 st=0x00 addr=252555277 end=252570894 air_us=976 gap_us=173
REC oseq=205 s0=0x12 len=250 crc=1 rssi=-52 pairid=246 txtag=64 st=0x00 addr=252573678 end=252589999 air_us=1020 gap_us=174
REC oseq=206 s0=0x16 len=251 crc=1 rssi=-32 pairid=247 txtag=64 st=0x00 addr=252592782 end=252609167 air_us=1024 gap_us=173
REC oseq=207 s0=0x1e len=250 crc=1 rssi=-52 pairid=246 txtag=64 st=0x00 addr=252611950 end=252628271 air_us=1020 gap_us=173
REC oseq=208 s0=0x1a len=239 crc=1 rssi=-32 pairid=235 txtag=64 st=0x00 addr=252631054 end=252646671 air_us=976 gap_us=173
REC oseq=209 s0=0x12 len=250 crc=1 rssi=-52 pairid=246 txtag=64 st=0x00 addr=252649454 end=252665775 air_us=1020 gap_us=173
REC oseq=210 s0=0x16 len=251 crc=0 rssi=-32 pairid=247 txtag=64 st=0x00 addr=252668558 end=252684943 air_us=1024 gap_us=173
REC oseq=211 s0=0x09 len=0 crc=1 rssi=-32 pairid=247 txtag=64 st=0x00 addr=253161208 end=253161529 air_us=20 gap_us=29766
REC oseq=212 s0=0x12 len=250 crc=1 rssi=-52 pairid=246 txtag=64 st=0x00 addr=253164327 end=253180648 air_us=1020 gap_us=174
REC oseq=213 s0=0x05 len=0 crc=1 rssi=-33 pairid=246 txtag=64 st=0x00 addr=253183432 end=253183753 air_us=20 gap_us=174
REC oseq=214 s0=0x1e len=250 crc=1 rssi=-52 pairid=246 txtag=64 st=0x00 addr=253186551 end=253202872 air_us=1020 gap_us=174
REC oseq=215 s0=0x09 len=0 crc=1 rssi=-32 pairid=246 txtag=64 st=0x00 addr=253205657 end=253205978 air_us=20 gap_us=174
REC oseq=216 s0=0x12 len=250 crc=1 rssi=-52 pairid=246 txtag=64 st=0x00 addr=253208776 end=253225097 air_us=1020 gap_us=174
REC oseq=217 s0=0x05 len=0 crc=1 rssi=-33 pairid=246 txtag=64 st=0x00 addr=253227881 end=253228202 air_us=20 gap_us=174
REC oseq=218 s0=0x1e len=250 crc=1 rssi=-52 pairid=246 txtag=64 st=0x00 addr=253231000 end=253247321 air_us=1020 gap_us=174
REC oseq=219 s0=0x09 len=0 crc=1 rssi=-32 pairid=246 txtag=64 st=0x00 addr=253250105 end=253250426 air_us=20 gap_us=174
REC oseq=220 s0=0x12 len=250 crc=1 rssi=-52 pairid=246 txtag=64 st=0x00 addr=253253224 end=253269545 air_us=1020 gap_us=174
REC oseq=221 s0=0x05 len=0 crc=1 rssi=-33 pairid=246 txtag=64 st=0x00 addr=253272330 end=253272651 air_us=20 gap_us=174
REC oseq=222 s0=0x1e len=250 crc=1 rssi=-52 pairid=246 txtag=64 st=0x00 addr=253275448 end=253291769 air_us=1020 gap_us=174
REC oseq=223 s0=0x0a len=12 crc=1 rssi=-32 pairid=8 txtag=5 st=0x00 addr=253294554 end=253295643 air_us=68 gap_us=174
REC oseq=224 s0=0x12 len=250 crc=1 rssi=-52 pairid=246 txtag=64 st=0x00 addr=253298440 end=253314761 air_us=1020 gap_us=174
REC oseq=225 s0=0x05 len=0 crc=1 rssi=-33 pairid=246 txtag=64 st=0x00 addr=253317546 end=253317867 air_us=20 gap_us=174
REC oseq=226 s0=0x1e len=250 crc=1 rssi=-52 pairid=246 txtag=64 st=0x00 addr=253320665 end=253336986 air_us=1020 gap_us=174
REC oseq=227 s0=0x09 len=0 crc=1 rssi=-32 pairid=246 txtag=64 st=0x00 addr=253339771 end=253340092 air_us=20 gap_us=174
REC oseq=228 s0=0x12 len=250 crc=1 rssi=-52 pairid=246 txtag=64 st=0x00 addr=253342889 end=253359210 air_us=1020 gap_us=174
REC oseq=229 s0=0x05 len=0 crc=1 rssi=-33 pairid=246 txtag=64 st=0x00 addr=253361995 end=253362316 air_us=20 gap_us=174
REC oseq=230 s0=0x1e len=250 crc=1 rssi=-52 pairid=246 txtag=64 st=0x00 addr=253365113 end=253381434 air_us=1020 gap_us=174
REC oseq=231 s0=0x09 len=0 crc=1 rssi=-32 pairid=246 txtag=64 st=0x00 addr=253384219 end=253384540 air_us=20 gap_us=174
REC oseq=232 s0=0x12 len=250 crc=0 rssi=-52 pairid=246 txtag=64 st=0x00 addr=253387337 end=253403658 air_us=1020 gap_us=174
REC oseq=233 s0=0x36 len=216 crc=0 rssi=-91 pairid=63718 txtag=33 st=0x00 addr=256281197 end=256295342 air_us=884 gap_us=179846
REC oseq=234 s0=0x3a len=216 crc=0 rssi=-91 pairid=29587 txtag=38 st=0x00 addr=256303420 end=256317565 air_us=884 gap_us=504
REC oseq=235 s0=0x36 len=216 crc=0 rssi=-91 pairid=30950 txtag=34 st=0x00 addr=256325645 end=256339790 air_us=884 gap_us=505
REC oseq=236 s0=0x3a len=216 crc=0 rssi=-90 pairid=29587 txtag=32 st=0x00 addr=256347870 end=256362015 air_us=884 gap_us=505
REC oseq=237 s0=0x36 len=216 crc=0 rssi=-91 pairid=63719 txtag=34 st=0x00 addr=256370093 end=256384238 air_us=884 gap_us=504
REC oseq=238 s0=0x25 len=35 crc=0 rssi=-93 pairid=55372 txtag=72 st=0x00 addr=256399309 end=256401870 air_us=160 gap_us=941
REC oseq=239 s0=0x25 len=35 crc=0 rssi=-91 pairid=38988 txtag=72 st=0x00 addr=256475118 end=256477679 air_us=160 gap_us=4578
REC oseq=240 s0=0x05 len=0 crc=1 rssi=-33 pairid=38988 txtag=72 st=0x00 addr=258201186 end=258201507 air_us=20 gap_us=107719
REC oseq=241 s0=0x1e len=250 crc=1 rssi=-52 pairid=246 txtag=64 st=0x00 addr=258204293 end=258220614 air_us=1020 gap_us=174
REC oseq=242 s0=0x09 len=0 crc=1 rssi=-32 pairid=246 txtag=64 st=0x00 addr=258223410 end=258223731 air_us=20 gap_us=174
REC oseq=243 s0=0x12 len=250 crc=1 rssi=-52 pairid=246 txtag=64 st=0x00 addr=258226517 end=258242838 air_us=1020 gap_us=174
REC oseq=244 s0=0x05 len=0 crc=1 rssi=-33 pairid=246 txtag=64 st=0x00 addr=258245635 end=258245956 air_us=20 gap_us=174
REC oseq=245 s0=0x1e len=250 crc=1 rssi=-52 pairid=246 txtag=64 st=0x00 addr=258248741 end=258265062 air_us=1020 gap_us=174
REC oseq=246 s0=0x09 len=0 crc=1 rssi=-32 pairid=246 txtag=64 st=0x00 addr=258267859 end=258268180 air_us=20 gap_us=174
REC oseq=247 s0=0x12 len=250 crc=1 rssi=-52 pairid=246 txtag=64 st=0x00 addr=258270965 end=258287286 air_us=1020 gap_us=174
REC oseq=248 s0=0x05 len=0 crc=1 rssi=-33 pairid=246 txtag=64 st=0x00 addr=258290083 end=258290404 air_us=20 gap_us=174
REC oseq=249 s0=0x1e len=250 crc=1 rssi=-52 pairid=246 txtag=64 st=0x00 addr=258293189 end=258309510 air_us=1020 gap_us=174
REC oseq=250 s0=0x09 len=0 crc=1 rssi=-32 pairid=246 txtag=64 st=0x00 addr=258312308 end=258312629 air_us=20 gap_us=174
REC oseq=251 s0=0x12 len=250 crc=1 rssi=-52 pairid=246 txtag=64 st=0x00 addr=258315414 end=258331735 air_us=1020 gap_us=174
REC oseq=252 s0=0x05 len=0 crc=1 rssi=-33 pairid=246 txtag=64 st=0x00 addr=258334532 end=258334853 air_us=20 gap_us=174
REC oseq=253 s0=0x1e len=250 crc=1 rssi=-52 pairid=246 txtag=64 st=0x00 addr=258337638 end=258353959 air_us=1020 gap_us=174
REC oseq=254 s0=0x09 len=0 crc=1 rssi=-32 pairid=246 txtag=64 st=0x00 addr=258356756 end=258357077 air_us=20 gap_us=174
REC oseq=255 s0=0x12 len=250 crc=1 rssi=-52 pairid=246 txtag=64 st=0x00 addr=258359862 end=258376183 air_us=1020 gap_us=174
REC oseq=256 s0=0x05 len=0 crc=1 rssi=-33 pairid=246 txtag=64 st=0x00 addr=258378981 end=258379302 air_us=20 gap_us=174
REC oseq=257 s0=0x1e len=250 crc=1 rssi=-52 pairid=246 txtag=64 st=0x00 addr=258382086 end=258398407 air_us=1020 gap_us=174
REC oseq=258 s0=0x09 len=0 crc=1 rssi=-32 pairid=246 txtag=64 st=0x00 addr=258401205 end=258401526 air_us=20 gap_us=174
REC oseq=259 s0=0x12 len=250 crc=1 rssi=-52 pairid=246 txtag=64 st=0x00 addr=258404310 end=258420631 air_us=1020 gap_us=174
REC oseq=260 s0=0x05 len=0 crc=1 rssi=-33 pairid=246 txtag=64 st=0x00 addr=258423429 end=258423750 air_us=20 gap_us=174
REC oseq=261 s0=0x1e len=250 crc=0 rssi=-52 pairid=246 txtag=64 st=0x00 addr=258426535 end=258442856 air_us=1020 gap_us=174
REC oseq=262 s0=0x36 len=216 crc=0 rssi=-91 pairid=30950 txtag=40 st=0x00 addr=258485634 end=258499779 air_us=884 gap_us=2673
REC oseq=263 s0=0x3a len=216 crc=0 rssi=-91 pairid=62355 txtag=33 st=0x00 addr=258507858 end=258522003 air_us=884 gap_us=504
REC oseq=264 s0=0x36 len=216 crc=0 rssi=-91 pairid=30951 txtag=33 st=0x00 addr=258530083 end=258544228 air_us=884 gap_us=505
REC oseq=265 s0=0x3a len=212 crc=0 rssi=-92 pairid=38911 txtag=84 st=0x00 addr=258552307 end=258566196 air_us=868 gap_us=504
REC oseq=266 s0=0x3a len=216 crc=0 rssi=-91 pairid=62355 txtag=33 st=0x00 addr=258597524 end=258611669 air_us=884 gap_us=1958
REC oseq=267 s0=0x36 len=216 crc=0 rssi=-91 pairid=63718 txtag=41 st=0x00 addr=258619733 end=258633878 air_us=884 gap_us=504
REC oseq=268 s0=0x3a len=216 crc=0 rssi=-90 pairid=29587 txtag=33 st=0x00 addr=258641959 end=258656105 air_us=884 gap_us=505
REC oseq=269 s0=0x1a len=251 crc=1 rssi=-32 pairid=247 txtag=64 st=0x00 addr=260121177 end=260137562 air_us=1024 gap_us=91567
REC oseq=270 s0=0x12 len=250 crc=1 rssi=-52 pairid=246 txtag=64 st=0x00 addr=260140359 end=260156680 air_us=1020 gap_us=174
REC oseq=271 s0=0x16 len=239 crc=1 rssi=-32 pairid=235 txtag=64 st=0x00 addr=260159465 end=260175082 air_us=976 gap_us=174
REC oseq=272 s0=0x1e len=250 crc=1 rssi=-52 pairid=246 txtag=64 st=0x00 addr=260177879 end=260194200 air_us=1020 gap_us=174
REC oseq=273 s0=0x1a len=251 crc=1 rssi=-32 pairid=247 txtag=64 st=0x00 addr=260196986 end=260213371 air_us=1024 gap_us=174
REC oseq=274 s0=0x12 len=250 crc=1 rssi=-52 pairid=246 txtag=64 st=0x00 addr=260216167 end=260232488 air_us=1020 gap_us=174
REC oseq=275 s0=0x16 len=239 crc=1 rssi=-32 pairid=235 txtag=64 st=0x00 addr=260235275 end=260250892 air_us=976 gap_us=174
REC oseq=276 s0=0x1e len=250 crc=1 rssi=-52 pairid=246 txtag=64 st=0x00 addr=260253688 end=260270009 air_us=1020 gap_us=174
REC oseq=277 s0=0x1a len=251 crc=1 rssi=-32 pairid=247 txtag=64 st=0x00 addr=260272795 end=260289180 air_us=1024 gap_us=174
REC oseq=278 s0=0x12 len=250 crc=1 rssi=-52 pairid=246 txtag=64 st=0x00 addr=260291976 end=260308297 air_us=1020 gap_us=174
REC oseq=279 s0=0x16 len=239 crc=1 rssi=-32 pairid=235 txtag=64 st=0x00 addr=260311084 end=260326701 air_us=976 gap_us=174
REC oseq=280 s0=0x1e len=250 crc=1 rssi=-52 pairid=246 txtag=64 st=0x00 addr=260329496 end=260345817 air_us=1020 gap_us=174
REC oseq=281 s0=0x1a len=251 crc=0 rssi=-32 pairid=247 txtag=64 st=0x00 addr=260348604 end=260364989 air_us=1024 gap_us=174
REC oseq=282 s0=0x4d len=150 crc=0 rssi=-90 pairid=6586 txtag=234 st=0x00 addr=268983383 end=268993305 air_us=620 gap_us=538649
REC oseq=283 s0=0x99 len=86 crc=0 rssi=-91 pairid=3344 txtag=0 st=0x00 addr=269796942 end=269802767 air_us=364 gap_us=50227
REC oseq=284 s0=0x1a len=239 crc=1 rssi=-32 pairid=235 txtag=64 st=0x00 addr=272361121 end=272376738 air_us=976 gap_us=159897
REC oseq=285 s0=0x12 len=250 crc=1 rssi=-52 pairid=246 txtag=64 st=0x00 addr=272379521 end=272395842 air_us=1020 gap_us=173
REC oseq=286 s0=0x16 len=251 crc=1 rssi=-32 pairid=247 txtag=64 st=0x00 addr=272398626 end=272415011 air_us=1024 gap_us=174
REC oseq=287 s0=0x1e len=250 crc=1 rssi=-52 pairid=246 txtag=64 st=0x00 addr=272417794 end=272434115 air_us=1020 gap_us=173
REC oseq=288 s0=0x1a len=239 crc=1 rssi=-32 pairid=235 txtag=64 st=0x00 addr=272436898 end=272452515 air_us=976 gap_us=173
REC oseq=289 s0=0x12 len=250 crc=1 rssi=-52 pairid=246 txtag=64 st=0x00 addr=272455298 end=272471619 air_us=1020 gap_us=173
REC oseq=290 s0=0x16 len=251 crc=1 rssi=-32 pairid=247 txtag=64 st=0x00 addr=272474403 end=272490788 air_us=1024 gap_us=174
REC oseq=291 s0=0x1e len=250 crc=1 rssi=-52 pairid=246 txtag=64 st=0x00 addr=272493586 end=272509907 air_us=1020 gap_us=174
REC oseq=292 s0=0x1a len=239 crc=1 rssi=-32 pairid=235 txtag=64 st=0x00 addr=272512691 end=272528308 air_us=976 gap_us=174
REC oseq=293 s0=0x12 len=250 crc=1 rssi=-52 pairid=246 txtag=64 st=0x00 addr=272531107 end=272547428 air_us=1020 gap_us=174
REC oseq=294 s0=0x16 len=251 crc=1 rssi=-32 pairid=247 txtag=64 st=0x00 addr=272550212 end=272566597 air_us=1024 gap_us=174
REC oseq=295 s0=0x1e len=250 crc=1 rssi=-52 pairid=246 txtag=64 st=0x00 addr=272569395 end=272585716 air_us=1020 gap_us=174
REC oseq=296 s0=0x1a len=239 crc=0 rssi=-32 pairid=235 txtag=64 st=0x00 addr=272588500 end=272604117 air_us=976 gap_us=174
REC oseq=297 s0=0x16 len=239 crc=1 rssi=-32 pairid=235 txtag=64 st=0x00 addr=275241108 end=275256725 air_us=976 gap_us=164811
REC oseq=298 s0=0x1e len=250 crc=1 rssi=-52 pairid=246 txtag=64 st=0x00 addr=275259516 end=275275837 air_us=1020 gap_us=174
REC oseq=299 s0=0x1a len=251 crc=1 rssi=-32 pairid=247 txtag=64 st=0x00 addr=275278629 end=275295014 air_us=1024 gap_us=174
REC oseq=300 s0=0x12 len=250 crc=1 rssi=-52 pairid=246 txtag=64 st=0x00 addr=275297804 end=275314125 air_us=1020 gap_us=174
REC oseq=301 s0=0x16 len=239 crc=1 rssi=-32 pairid=235 txtag=64 st=0x00 addr=275316918 end=275332535 air_us=976 gap_us=174
REC oseq=302 s0=0x1e len=250 crc=1 rssi=-52 pairid=246 txtag=64 st=0x00 addr=275335324 end=275351645 air_us=1020 gap_us=174
REC oseq=303 s0=0x1a len=251 crc=1 rssi=-32 pairid=247 txtag=64 st=0x00 addr=275354438 end=275370823 air_us=1024 gap_us=174
REC oseq=304 s0=0x12 len=250 crc=1 rssi=-52 pairid=246 txtag=64 st=0x00 addr=275373613 end=275389934 air_us=1020 gap_us=174
REC oseq=305 s0=0x16 len=239 crc=1 rssi=-32 pairid=235 txtag=64 st=0x00 addr=275392727 end=275408344 air_us=976 gap_us=174
REC oseq=306 s0=0x1e len=250 crc=1 rssi=-52 pairid=246 txtag=64 st=0x00 addr=275411133 end=275427454 air_us=1020 gap_us=174
REC oseq=307 s0=0x1a len=251 crc=1 rssi=-32 pairid=247 txtag=64 st=0x00 addr=275430247 end=275446632 air_us=1024 gap_us=174
REC oseq=308 s0=0x12 len=250 crc=1 rssi=-52 pairid=246 txtag=64 st=0x00 addr=275449421 end=275465742 air_us=1020 gap_us=174
REC oseq=309 s0=0x16 len=239 crc=0 rssi=-34 pairid=235 txtag=64 st=0x00 addr=275468535 end=275484152 air_us=976 gap_us=174
REC oseq=310 s0=0x16 len=239 crc=1 rssi=-32 pairid=235 txtag=64 st=0x00 addr=276201105 end=276216722 air_us=976 gap_us=44809
REC oseq=311 s0=0x1e len=250 crc=1 rssi=-52 pairid=246 txtag=64 st=0x00 addr=276219509 end=276235830 air_us=1020 gap_us=174
REC oseq=312 s0=0x1a len=251 crc=1 rssi=-32 pairid=247 txtag=64 st=0x00 addr=276238625 end=276255010 air_us=1024 gap_us=174
REC oseq=313 s0=0x12 len=250 crc=0 rssi=-52 pairid=246 txtag=64 st=0x00 addr=276257797 end=276274118 air_us=1020 gap_us=174
REC oseq=314 s0=0x16 len=239 crc=1 rssi=-32 pairid=235 txtag=64 st=0x00 addr=276276914 end=276292531 air_us=976 gap_us=174
REC oseq=315 s0=0x1e len=250 crc=1 rssi=-52 pairid=246 txtag=64 st=0x00 addr=276295317 end=276311638 air_us=1020 gap_us=174
REC oseq=316 s0=0x1a len=251 crc=1 rssi=-32 pairid=247 txtag=64 st=0x00 addr=276314434 end=276330819 air_us=1024 gap_us=174
REC oseq=317 s0=0x12 len=250 crc=1 rssi=-52 pairid=246 txtag=64 st=0x00 addr=276333605 end=276349926 air_us=1020 gap_us=174
REC oseq=318 s0=0x16 len=239 crc=1 rssi=-32 pairid=235 txtag=64 st=0x00 addr=276352723 end=276368340 air_us=976 gap_us=174
REC oseq=319 s0=0x1e len=250 crc=1 rssi=-52 pairid=246 txtag=64 st=0x00 addr=276371126 end=276387447 air_us=1020 gap_us=174
REC oseq=320 s0=0x1a len=251 crc=1 rssi=-32 pairid=247 txtag=64 st=0x00 addr=276390243 end=276406628 air_us=1024 gap_us=174
REC oseq=321 s0=0x12 len=250 crc=1 rssi=-52 pairid=246 txtag=64 st=0x00 addr=276409414 end=276425735 air_us=1020 gap_us=174
REC oseq=322 s0=0x16 len=239 crc=0 rssi=-32 pairid=235 txtag=64 st=0x00 addr=276428532 end=276444149 air_us=976 gap_us=174
REC oseq=323 s0=0x41 len=170 crc=0 rssi=-91 pairid=4830 txtag=202 st=0x00 addr=277055120 end=277066321 air_us=700 gap_us=38185
REC oseq=324 s0=0x4d len=142 crc=0 rssi=-91 pairid=37727 txtag=74 st=0x00 addr=277099536 end=277108945 air_us=588 gap_us=2075
REC oseq=325 s0=0x4d len=22 crc=0 rssi=-91 pairid=38955 txtag=234 st=0x00 addr=277121744 end=277123473 air_us=108 gap_us=799
REC oseq=326 s0=0x3a len=216 crc=0 rssi=-90 pairid=62355 txtag=34 st=0x00 addr=279561088 end=279575233 air_us=884 gap_us=152350
REC oseq=327 s0=0x36 len=216 crc=0 rssi=-90 pairid=63718 txtag=33 st=0x00 addr=279583314 end=279597459 air_us=884 gap_us=505
REC oseq=328 s0=0x39 len=215 crc=0 rssi=-92 pairid=39091 txtag=12 st=0x00 addr=279605540 end=279619621 air_us=880 gap_us=505
REC oseq=329 s0=0x36 len=216 crc=0 rssi=-91 pairid=63718 txtag=33 st=0x00 addr=279628530 end=279642675 air_us=884 gap_us=556
REC oseq=330 s0=0x3a len=216 crc=0 rssi=-91 pairid=29586 txtag=16 st=0x00 addr=279650755 end=279664900 air_us=884 gap_us=505
REC oseq=331 s0=0x3a len=216 crc=0 rssi=-91 pairid=29587 txtag=32 st=0x00 addr=279695203 end=279709348 air_us=884 gap_us=1893
REC oseq=332 s0=0x3a len=216 crc=0 rssi=-90 pairid=62355 txtag=33 st=0x00 addr=279784101 end=279798246 air_us=884 gap_us=4672
REC oseq=333 s0=0x3e len=123 crc=0 rssi=-92 pairid=61596 txtag=163 st=0x00 addr=280521086 end=280529279 air_us=512 gap_us=45177
REC oseq=334 s0=0x4a len=59 crc=0 rssi=-94 pairid=57476 txtag=163 st=0x00 addr=280672703 end=280676800 air_us=256 gap_us=8964
REC oseq=335 s0=0x15 len=35 crc=0 rssi=-92 pairid=55372 txtag=72 st=0x00 addr=283641073 end=283643634 air_us=160 gap_us=185267
REC oseq=336 s0=0x29 len=183 crc=0 rssi=-91 pairid=55377 txtag=72 st=0x00 addr=283679360 end=283691393 air_us=752 gap_us=2232
REC oseq=337 s0=0x25 len=35 crc=0 rssi=-92 pairid=38988 txtag=72 st=0x00 addr=283716880 end=283719441 air_us=160 gap_us=1592
REC oseq=338 s0=0x29 len=55 crc=0 rssi=-91 pairid=55376 txtag=72 st=0x00 addr=283755154 end=283758995 air_us=240 gap_us=2232
REC oseq=339 s0=0x26 len=35 crc=0 rssi=-92 pairid=38988 txtag=72 st=0x00 addr=283792658 end=283795219 air_us=160 gap_us=2103
REC oseq=340 s0=0xda len=216 crc=0 rssi=-90 pairid=29587 txtag=33 st=0x00 addr=285561062 end=285575207 air_us=884 gap_us=110365
REC oseq=341 s0=0x36 len=88 crc=0 rssi=-91 pairid=30951 txtag=34 st=0x00 addr=285583287 end=285589240 air_us=372 gap_us=505
REC oseq=342 s0=0x3a len=216 crc=0 rssi=-91 pairid=29587 txtag=33 st=0x00 addr=285605511 end=285619656 air_us=884 gap_us=1016
REC oseq=343 s0=0x3b len=216 crc=0 rssi=-91 pairid=62355 txtag=225 st=0x00 addr=285649962 end=285664108 air_us=884 gap_us=1894
REC oseq=344 s0=0x36 len=216 crc=0 rssi=-91 pairid=63718 txtag=33 st=0x00 addr=285672185 end=285686330 air_us=884 gap_us=504
REC oseq=345 s0=0x29 len=35 crc=0 rssi=-91 pairid=38988 txtag=72 st=0x00 addr=285738921 end=285741482 air_us=160 gap_us=3286
REC oseq=346 s0=0x16 len=239 crc=1 rssi=-32 pairid=235 txtag=64 st=0x00 addr=297561008 end=297576625 air_us=976 gap_us=738720
REC oseq=347 s0=0x1e len=250 crc=1 rssi=-52 pairid=246 txtag=64 st=0x00 addr=297579423 end=297595744 air_us=1020 gap_us=174
REC oseq=348 s0=0x1a len=251 crc=1 rssi=-32 pairid=247 txtag=64 st=0x00 addr=297598528 end=297614913 air_us=1024 gap_us=174
REC oseq=349 s0=0x12 len=250 crc=1 rssi=-52 pairid=246 txtag=64 st=0x00 addr=297617711 end=297634032 air_us=1020 gap_us=174
REC oseq=350 s0=0x16 len=239 crc=1 rssi=-32 pairid=235 txtag=64 st=0x00 addr=297636817 end=297652434 air_us=976 gap_us=174
REC oseq=351 s0=0x1e len=250 crc=1 rssi=-52 pairid=246 txtag=64 st=0x00 addr=297655232 end=297671553 air_us=1020 gap_us=174
REC oseq=352 s0=0x1a len=251 crc=1 rssi=-32 pairid=247 txtag=64 st=0x00 addr=297674337 end=297690722 air_us=1024 gap_us=174
REC oseq=353 s0=0x12 len=250 crc=1 rssi=-52 pairid=246 txtag=64 st=0x00 addr=297693520 end=297709841 air_us=1020 gap_us=174
REC oseq=354 s0=0x16 len=239 crc=1 rssi=-32 pairid=235 txtag=64 st=0x00 addr=297712626 end=297728243 air_us=976 gap_us=174
REC oseq=355 s0=0x1e len=250 crc=1 rssi=-52 pairid=246 txtag=64 st=0x00 addr=297731040 end=297747361 air_us=1020 gap_us=174
REC oseq=356 s0=0x1a len=251 crc=1 rssi=-32 pairid=247 txtag=64 st=0x00 addr=297750146 end=297766531 air_us=1024 gap_us=174
REC oseq=357 s0=0x12 len=250 crc=1 rssi=-52 pairid=246 txtag=64 st=0x00 addr=297769329 end=297785650 air_us=1020 gap_us=174
REC oseq=358 s0=0x16 len=239 crc=0 rssi=-32 pairid=235 txtag=64 st=0x00 addr=297788435 end=297804052 air_us=976 gap_us=174
REC oseq=359 s0=0x1e len=250 crc=1 rssi=-52 pairid=246 txtag=64 st=0x00 addr=297819421 end=297835742 air_us=1020 gap_us=960
REC oseq=360 s0=0x1a len=251 crc=1 rssi=-32 pairid=247 txtag=64 st=0x00 addr=297838527 end=297854912 air_us=1024 gap_us=174
REC oseq=361 s0=0x12 len=250 crc=1 rssi=-52 pairid=246 txtag=64 st=0x00 addr=297857710 end=297874031 air_us=1020 gap_us=174
REC oseq=362 s0=0x16 len=239 crc=1 rssi=-32 pairid=235 txtag=64 st=0x00 addr=297876816 end=297892433 air_us=976 gap_us=174
REC oseq=363 s0=0x1e len=250 crc=1 rssi=-52 pairid=246 txtag=64 st=0x00 addr=297895230 end=297911551 air_us=1020 gap_us=174
REC oseq=364 s0=0x1a len=251 crc=1 rssi=-32 pairid=247 txtag=64 st=0x00 addr=297914336 end=297930721 air_us=1024 gap_us=174
REC oseq=365 s0=0x12 len=250 crc=1 rssi=-52 pairid=246 txtag=64 st=0x00 addr=297933518 end=297949839 air_us=1020 gap_us=174
REC oseq=366 s0=0x16 len=239 crc=1 rssi=-32 pairid=235 txtag=64 st=0x00 addr=297952625 end=297968242 air_us=976 gap_us=174
REC oseq=367 s0=0x1e len=250 crc=1 rssi=-52 pairid=246 txtag=64 st=0x00 addr=297971038 end=297987359 air_us=1020 gap_us=174
REC oseq=368 s0=0x1a len=251 crc=1 rssi=-32 pairid=247 txtag=64 st=0x00 addr=297990146 end=298006531 air_us=1024 gap_us=174
REC oseq=369 s0=0x12 len=250 crc=1 rssi=-52 pairid=246 txtag=64 st=0x00 addr=298009327 end=298025648 air_us=1020 gap_us=174
REC oseq=370 s0=0x16 len=239 crc=0 rssi=-32 pairid=235 txtag=64 st=0x00 addr=298028434 end=298044051 air_us=976 gap_us=174
REC oseq=371 s0=0x1a len=251 crc=1 rssi=-31 pairid=247 txtag=64 st=0x00 addr=302120988 end=302137373 air_us=1024 gap_us=254808
REC oseq=372 s0=0x12 len=250 crc=1 rssi=-52 pairid=246 txtag=64 st=0x00 addr=302140159 end=302156480 air_us=1020 gap_us=174
REC oseq=373 s0=0x16 len=239 crc=1 rssi=-32 pairid=235 txtag=64 st=0x00 addr=302159277 end=302174894 air_us=976 gap_us=174
REC oseq=374 s0=0x1e len=250 crc=1 rssi=-52 pairid=246 txtag=64 st=0x00 addr=302177680 end=302194001 air_us=1020 gap_us=174
REC oseq=375 s0=0x1a len=251 crc=1 rssi=-32 pairid=247 txtag=64 st=0x00 addr=302196798 end=302213183 air_us=1024 gap_us=174
REC oseq=376 s0=0x12 len=250 crc=1 rssi=-52 pairid=246 txtag=64 st=0x00 addr=302215968 end=302232289 air_us=1020 gap_us=174
REC oseq=377 s0=0x16 len=239 crc=1 rssi=-32 pairid=235 txtag=64 st=0x00 addr=302235086 end=302250703 air_us=976 gap_us=174
REC oseq=378 s0=0x1e len=250 crc=1 rssi=-52 pairid=246 txtag=64 st=0x00 addr=302253488 end=302269809 air_us=1020 gap_us=174
REC oseq=379 s0=0x1a len=251 crc=1 rssi=-32 pairid=247 txtag=64 st=0x00 addr=302272606 end=302288991 air_us=1024 gap_us=174
REC oseq=380 s0=0x12 len=250 crc=1 rssi=-52 pairid=246 txtag=64 st=0x00 addr=302291776 end=302308097 air_us=1020 gap_us=174
REC oseq=381 s0=0x16 len=239 crc=1 rssi=-32 pairid=235 txtag=64 st=0x00 addr=302310895 end=302326512 air_us=976 gap_us=174
REC oseq=382 s0=0x1e len=250 crc=1 rssi=-52 pairid=246 txtag=64 st=0x00 addr=302329297 end=302345618 air_us=1020 gap_us=174
REC oseq=383 s0=0x1a len=251 crc=0 rssi=-32 pairid=247 txtag=64 st=0x00 addr=302348416 end=302364801 air_us=1024 gap_us=174
REC oseq=384 s0=0x25 len=163 crc=0 rssi=-91 pairid=38988 txtag=80 st=0x00 addr=305000976 end=305011729 air_us=672 gap_us=164760
REC oseq=385 s0=0x25 len=35 crc=0 rssi=-92 pairid=38988 txtag=80 st=0x00 addr=305076786 end=305079347 air_us=160 gap_us=4066
REC oseq=386 s0=0x29 len=55 crc=0 rssi=-92 pairid=38992 txtag=72 st=0x00 addr=305115074 end=305118915 air_us=240 gap_us=2232
REC oseq=387 s0=0x86 len=173 crc=0 rssi=-92 pairid=58838 txtag=104 st=0x00 addr=312005393 end=312016786 air_us=712 gap_us=430404
REC oseq=388 s0=0x3a len=129 crc=0 rssi=-77 pairid=40599 txtag=100 st=0x00 addr=313755036 end=313763614 air_us=536 gap_us=108640
REC oseq=389 s0=0x29 len=35 crc=0 rssi=-91 pairid=38988 txtag=72 st=0x00 addr=319400909 end=319403470 air_us=160 gap_us=352330
REC oseq=390 s0=0x25 len=55 crc=0 rssi=-92 pairid=38992 txtag=72 st=0x00 addr=319439199 end=319443040 air_us=240 gap_us=2233
REC oseq=391 s0=0x29 len=35 crc=0 rssi=-91 pairid=38989 txtag=72 st=0x00 addr=319476718 end=319479279 air_us=160 gap_us=2104
REC oseq=392 s0=0x26 len=55 crc=0 rssi=-91 pairid=38992 txtag=72 st=0x00 addr=319590816 end=319594657 air_us=240 gap_us=6971
REC oseq=393 s0=0x29 len=35 crc=0 rssi=-92 pairid=38988 txtag=64 st=0x00 addr=319628337 end=319630898 air_us=160 gap_us=2105
REC oseq=394 s0=0x1a len=239 crc=1 rssi=-32 pairid=235 txtag=64 st=0x00 addr=321320902 end=321336519 air_us=976 gap_us=105625
REC oseq=395 s0=0x12 len=250 crc=1 rssi=-52 pairid=246 txtag=64 st=0x00 addr=321339303 end=321355624 air_us=1020 gap_us=174
REC oseq=396 s0=0x16 len=251 crc=1 rssi=-32 pairid=247 txtag=64 st=0x00 addr=321358422 end=321374807 air_us=1024 gap_us=174
REC oseq=397 s0=0x1e len=250 crc=1 rssi=-52 pairid=246 txtag=64 st=0x00 addr=321377592 end=321393913 air_us=1020 gap_us=174
REC oseq=398 s0=0x1a len=239 crc=1 rssi=-32 pairid=235 txtag=64 st=0x00 addr=321396695 end=321412312 air_us=976 gap_us=173
REC oseq=399 s0=0x12 len=250 crc=1 rssi=-52 pairid=246 txtag=64 st=0x00 addr=321415096 end=321431417 air_us=1020 gap_us=174
REC oseq=400 s0=0x16 len=251 crc=1 rssi=-32 pairid=247 txtag=64 st=0x00 addr=321434200 end=321450585 air_us=1024 gap_us=173
REC oseq=401 s0=0x1e len=250 crc=1 rssi=-52 pairid=246 txtag=64 st=0x00 addr=321453368 end=321469689 air_us=1020 gap_us=173
REC oseq=402 s0=0x1a len=239 crc=1 rssi=-32 pairid=235 txtag=64 st=0x00 addr=321472472 end=321488089 air_us=976 gap_us=173
REC oseq=403 s0=0x12 len=250 crc=1 rssi=-52 pairid=246 txtag=64 st=0x00 addr=321490872 end=321507193 air_us=1020 gap_us=173
REC oseq=404 s0=0x16 len=251 crc=1 rssi=-32 pairid=247 txtag=64 st=0x00 addr=321509977 end=321526362 air_us=1024 gap_us=174
REC oseq=405 s0=0x1e len=250 crc=1 rssi=-52 pairid=246 txtag=64 st=0x00 addr=321529145 end=321545466 air_us=1020 gap_us=173
REC oseq=406 s0=0x1a len=239 crc=0 rssi=-32 pairid=235 txtag=64 st=0x00 addr=321548249 end=321563866 air_us=976 gap_us=173
REC oseq=407 s0=0x09 len=0 crc=1 rssi=-32 pairid=235 txtag=64 st=0x00 addr=336680832 end=336681153 air_us=20 gap_us=944810
REC oseq=408 s0=0x12 len=250 crc=1 rssi=-52 pairid=246 txtag=64 st=0x00 addr=336683946 end=336700267 air_us=1020 gap_us=174
REC oseq=409 s0=0x05 len=0 crc=1 rssi=-33 pairid=246 txtag=64 st=0x00 addr=336703056 end=336703377 air_us=20 gap_us=174
REC oseq=410 s0=0x1e len=250 crc=1 rssi=-52 pairid=246 txtag=64 st=0x00 addr=336706170 end=336722491 air_us=1020 gap_us=174
REC oseq=411 s0=0x09 len=0 crc=1 rssi=-32 pairid=246 txtag=64 st=0x00 addr=336725280 end=336725601 air_us=20 gap_us=174
REC oseq=412 s0=0x12 len=250 crc=1 rssi=-52 pairid=246 txtag=64 st=0x00 addr=336728394 end=336744715 air_us=1020 gap_us=174
REC oseq=413 s0=0x05 len=0 crc=1 rssi=-33 pairid=246 txtag=64 st=0x00 addr=336747505 end=336747826 air_us=20 gap_us=174
REC oseq=414 s0=0x1e len=250 crc=1 rssi=-52 pairid=246 txtag=64 st=0x00 addr=336750618 end=336766939 air_us=1020 gap_us=174
REC oseq=415 s0=0x09 len=0 crc=1 rssi=-32 pairid=246 txtag=64 st=0x00 addr=336769729 end=336770050 air_us=20 gap_us=174
REC oseq=416 s0=0x12 len=250 crc=1 rssi=-52 pairid=246 txtag=64 st=0x00 addr=336772842 end=336789163 air_us=1020 gap_us=174
REC oseq=417 s0=0x05 len=0 crc=1 rssi=-33 pairid=246 txtag=64 st=0x00 addr=336791953 end=336792274 air_us=20 gap_us=174
REC oseq=418 s0=0x1e len=250 crc=1 rssi=-52 pairid=246 txtag=64 st=0x00 addr=336795067 end=336811388 air_us=1020 gap_us=174
REC oseq=419 s0=0x09 len=0 crc=1 rssi=-32 pairid=246 txtag=64 st=0x00 addr=336814178 end=336814499 air_us=20 gap_us=174
REC oseq=420 s0=0x12 len=250 crc=1 rssi=-52 pairid=246 txtag=64 st=0x00 addr=336817291 end=336833612 air_us=1020 gap_us=174
REC oseq=421 s0=0x05 len=0 crc=1 rssi=-33 pairid=246 txtag=64 st=0x00 addr=336836402 end=336836723 air_us=20 gap_us=174
REC oseq=422 s0=0x1e len=250 crc=1 rssi=-52 pairid=246 txtag=64 st=0x00 addr=336839515 end=336855836 air_us=1020 gap_us=174
REC oseq=423 s0=0x09 len=0 crc=1 rssi=-32 pairid=246 txtag=64 st=0x00 addr=336858626 end=336858947 air_us=20 gap_us=174
REC oseq=424 s0=0x12 len=250 crc=1 rssi=-52 pairid=246 txtag=64 st=0x00 addr=336861739 end=336878060 air_us=1020 gap_us=174
REC oseq=425 s0=0x05 len=0 crc=1 rssi=-33 pairid=246 txtag=64 st=0x00 addr=336880850 end=336881171 air_us=20 gap_us=174
REC oseq=426 s0=0x1e len=250 crc=1 rssi=-52 pairid=246 txtag=64 st=0x00 addr=336883964 end=336900285 air_us=1020 gap_us=174
REC oseq=427 s0=0x09 len=0 crc=1 rssi=-32 pairid=246 txtag=64 st=0x00 addr=336903075 end=336903396 air_us=20 gap_us=174
REC oseq=428 s0=0x12 len=250 crc=0 rssi=-52 pairid=246 txtag=64 st=0x00 addr=336906188 end=336922509 air_us=1020 gap_us=174
REC oseq=429 s0=0x3e len=216 crc=0 rssi=-91 pairid=63718 txtag=33 st=0x00 addr=339320822 end=339334967 air_us=884 gap_us=149894
REC oseq=430 s0=0x7a len=216 crc=0 rssi=-90 pairid=62355 txtag=33 st=0x00 addr=339343046 end=339357191 air_us=884 gap_us=504
REC oseq=431 s0=0x36 len=216 crc=0 rssi=-90 pairid=63719 txtag=33 st=0x00 addr=339365270 end=339379415 air_us=884 gap_us=504
REC oseq=432 s0=0x3a len=216 crc=0 rssi=-90 pairid=29587 txtag=46 st=0x00 addr=339387494 end=339401639 air_us=884 gap_us=504
REC oseq=433 s0=0x3a len=216 crc=0 rssi=-90 pairid=62355 txtag=34 st=0x00 addr=339431943 end=339446088 air_us=884 gap_us=1894
REC oseq=434 s0=0x36 len=216 crc=0 rssi=-91 pairid=63718 txtag=33 st=0x00 addr=339454167 end=339468312 air_us=884 gap_us=504
REC oseq=435 s0=0x3a len=216 crc=0 rssi=-90 pairid=29587 txtag=33 st=0x00 addr=339476392 end=339490537 air_us=884 gap_us=505
REC oseq=436 s0=0x3a len=216 crc=0 rssi=-91 pairid=62355 txtag=33 st=0x00 addr=339520841 end=339534986 air_us=884 gap_us=1894
REC oseq=437 s0=0x36 len=216 crc=0 rssi=-91 pairid=63718 txtag=33 st=0x00 addr=339543066 end=339557211 air_us=884 gap_us=505
REC oseq=438 s0=0x1a len=251 crc=1 rssi=-32 pairid=247 txtag=64 st=0x00 addr=340040816 end=340057201 air_us=1024 gap_us=30225
REC oseq=439 s0=0x12 len=250 crc=1 rssi=-52 pairid=246 txtag=64 st=0x00 addr=340059987 end=340076308 air_us=1020 gap_us=174
REC oseq=440 s0=0x16 len=239 crc=1 rssi=-32 pairid=235 txtag=64 st=0x00 addr=340079105 end=340094722 air_us=976 gap_us=174
REC oseq=441 s0=0x1e len=250 crc=1 rssi=-52 pairid=246 txtag=64 st=0x00 addr=340097508 end=340113829 air_us=1020 gap_us=174
REC oseq=442 s0=0x1a len=251 crc=1 rssi=-32 pairid=247 txtag=64 st=0x00 addr=340116626 end=340133011 air_us=1024 gap_us=174
REC oseq=443 s0=0x12 len=250 crc=1 rssi=-52 pairid=246 txtag=64 st=0x00 addr=340135796 end=340152117 air_us=1020 gap_us=174
REC oseq=444 s0=0x16 len=239 crc=1 rssi=-32 pairid=235 txtag=64 st=0x00 addr=340154914 end=340170531 air_us=976 gap_us=174
REC oseq=445 s0=0x1e len=250 crc=1 rssi=-52 pairid=246 txtag=64 st=0x00 addr=340173316 end=340189637 air_us=1020 gap_us=174
REC oseq=446 s0=0x1a len=251 crc=1 rssi=-32 pairid=247 txtag=64 st=0x00 addr=340192434 end=340208819 air_us=1024 gap_us=174
REC oseq=447 s0=0x12 len=250 crc=1 rssi=-52 pairid=246 txtag=64 st=0x00 addr=340211605 end=340227926 air_us=1020 gap_us=174
REC oseq=448 s0=0x16 len=239 crc=1 rssi=-32 pairid=235 txtag=64 st=0x00 addr=340230723 end=340246340 air_us=976 gap_us=174
REC oseq=449 s0=0x1e len=250 crc=1 rssi=-52 pairid=246 txtag=64 st=0x00 addr=340249125 end=340265446 air_us=1020 gap_us=174
REC oseq=450 s0=0x1a len=251 crc=0 rssi=-32 pairid=247 txtag=64 st=0x00 addr=340268243 end=340284628 air_us=1024 gap_us=174
REC oseq=451 s0=0x05 len=0 crc=1 rssi=-33 pairid=247 txtag=64 st=0x00 addr=344600796 end=344601117 air_us=20 gap_us=269760
REC oseq=452 s0=0x1e len=250 crc=1 rssi=-52 pairid=246 txtag=64 st=0x00 addr=344603906 end=344620227 air_us=1020 gap_us=174
REC oseq=453 s0=0x09 len=0 crc=1 rssi=-32 pairid=246 txtag=64 st=0x00 addr=344623021 end=344623342 air_us=20 gap_us=174
REC oseq=454 s0=0x12 len=250 crc=1 rssi=-52 pairid=246 txtag=64 st=0x00 addr=344626130 end=344642451 air_us=1020 gap_us=174
REC oseq=455 s0=0x05 len=0 crc=1 rssi=-33 pairid=246 txtag=64 st=0x00 addr=344645245 end=344645566 air_us=20 gap_us=174
REC oseq=456 s0=0x1e len=250 crc=1 rssi=-52 pairid=246 txtag=64 st=0x00 addr=344648354 end=344664675 air_us=1020 gap_us=174
REC oseq=457 s0=0x09 len=0 crc=1 rssi=-32 pairid=246 txtag=64 st=0x00 addr=344667469 end=344667790 air_us=20 gap_us=174
REC oseq=458 s0=0x12 len=250 crc=1 rssi=-52 pairid=246 txtag=64 st=0x00 addr=344670579 end=344686900 air_us=1020 gap_us=174
REC oseq=459 s0=0x05 len=0 crc=1 rssi=-33 pairid=246 txtag=64 st=0x00 addr=344689694 end=344690015 air_us=20 gap_us=174
REC oseq=460 s0=0x1e len=250 crc=1 rssi=-52 pairid=246 txtag=64 st=0x00 addr=344692803 end=344709124 air_us=1020 gap_us=174
REC oseq=461 s0=0x09 len=0 crc=1 rssi=-32 pairid=246 txtag=64 st=0x00 addr=344711918 end=344712239 air_us=20 gap_us=174
REC oseq=462 s0=0x12 len=250 crc=1 rssi=-53 pairid=246 txtag=64 st=0x00 addr=344715027 end=344731348 air_us=1020 gap_us=174
REC oseq=463 s0=0x05 len=0 crc=1 rssi=-33 pairid=246 txtag=64 st=0x00 addr=344734142 end=344734463 air_us=20 gap_us=174
REC oseq=464 s0=0x1e len=250 crc=1 rssi=-52 pairid=246 txtag=64 st=0x00 addr=344737251 end=344753572 air_us=1020 gap_us=174
REC oseq=465 s0=0x09 len=0 crc=1 rssi=-32 pairid=246 txtag=64 st=0x00 addr=344756367 end=344756688 air_us=20 gap_us=174
REC oseq=466 s0=0x12 len=250 crc=1 rssi=-52 pairid=246 txtag=64 st=0x00 addr=344759475 end=344775796 air_us=1020 gap_us=174
REC oseq=467 s0=0x05 len=0 crc=1 rssi=-33 pairid=246 txtag=64 st=0x00 addr=344778591 end=344778912 air_us=20 gap_us=174
REC oseq=468 s0=0x1e len=250 crc=1 rssi=-52 pairid=246 txtag=64 st=0x00 addr=344781700 end=344798021 air_us=1020 gap_us=174
REC oseq=469 s0=0x09 len=0 crc=1 rssi=-34 pairid=246 txtag=64 st=0x00 addr=344800815 end=344801136 air_us=20 gap_us=174
REC oseq=470 s0=0x12 len=250 crc=1 rssi=-52 pairid=246 txtag=64 st=0x00 addr=344803924 end=344820245 air_us=1020 gap_us=174
REC oseq=471 s0=0x05 len=0 crc=1 rssi=-33 pairid=246 txtag=64 st=0x00 addr=344823040 end=344823361 air_us=20 gap_us=174
REC oseq=472 s0=0x1e len=250 crc=0 rssi=-52 pairid=246 txtag=64 st=0x00 addr=344826148 end=344842469 air_us=1020 gap_us=174
REC oseq=473 s0=0x3a len=216 crc=0 rssi=-90 pairid=62355 txtag=33 st=0x00 addr=344863020 end=344877165 air_us=884 gap_us=1284
REC oseq=474 s0=0x36 len=216 crc=0 rssi=-91 pairid=63718 txtag=33 st=0x00 addr=344885245 end=344899390 air_us=884 gap_us=505
REC oseq=475 s0=0x3a len=216 crc=0 rssi=-90 pairid=62355 txtag=33 st=0x00 addr=344907469 end=344921614 air_us=884 gap_us=504
REC oseq=476 s0=0x36 len=216 crc=0 rssi=-91 pairid=63718 txtag=33 st=0x00 addr=344974143 end=344988288 air_us=884 gap_us=3283
REC oseq=477 s0=0x3a len=216 crc=0 rssi=-90 pairid=62355 txtag=33 st=0x00 addr=344996366 end=345010511 air_us=884 gap_us=504
REC oseq=478 s0=0x33 len=212 crc=0 rssi=-91 pairid=39091 txtag=12 st=0x00 addr=345018591 end=345032480 air_us=868 gap_us=505
REC oseq=479 s0=0x25 len=55 crc=0 rssi=-92 pairid=38992 txtag=72 st=0x00 addr=346280789 end=346284630 air_us=240 gap_us=78019
REC oseq=480 s0=0x29 len=35 crc=0 rssi=-91 pairid=38988 txtag=72 st=0x00 addr=346318309 end=346320870 air_us=160 gap_us=2104
REC oseq=481 s0=0x29 len=35 crc=0 rssi=-91 pairid=38988 txtag=80 st=0x00 addr=346394121 end=346396683 air_us=160 gap_us=4578
REC oseq=482 s0=0x25 len=55 crc=0 rssi=-91 pairid=38992 txtag=72 st=0x00 addr=346432406 end=346436247 air_us=240 gap_us=2232
REC oseq=483 s0=0x29 len=35 crc=0 rssi=-92 pairid=38988 txtag=72 st=0x00 addr=346469912 end=346472473 air_us=160 gap_us=2104
REC oseq=484 s0=0x52 len=121 crc=0 rssi=-92 pairid=30874 txtag=163 st=0x00 addr=354239041 end=354247106 air_us=504 gap_us=485410
REC oseq=485 s0=0x3e len=109 crc=0 rssi=-93 pairid=63718 txtag=167 st=0x00 addr=354352374 end=354359672 air_us=456 gap_us=6579
REC oseq=486 s0=0x4d len=150 crc=0 rssi=-91 pairid=15146 txtag=202 st=0x00 addr=355796317 end=355806238 air_us=620 gap_us=89790
REC oseq=487 s0=0x16 len=251 crc=1 rssi=-32 pairid=247 txtag=64 st=0x00 addr=360680724 end=360697109 air_us=1024 gap_us=304655
REC oseq=488 s0=0x1e len=250 crc=1 rssi=-52 pairid=246 txtag=64 st=0x00 addr=360699905 end=360716226 air_us=1020 gap_us=174
REC oseq=489 s0=0x0a len=12 crc=1 rssi=-32 pairid=8 txtag=5 st=0x00 addr=360719013 end=360720102 air_us=68 gap_us=174
REC oseq=490 s0=0x12 len=250 crc=1 rssi=-52 pairid=246 txtag=64 st=0x00 addr=360722897 end=360739218 air_us=1020 gap_us=174
REC oseq=491 s0=0x05 len=0 crc=1 rssi=-33 pairid=246 txtag=64 st=0x00 addr=360742005 end=360742326 air_us=20 gap_us=174
REC oseq=492 s0=0x1e len=250 crc=1 rssi=-52 pairid=246 txtag=64 st=0x00 addr=360745121 end=360761442 air_us=1020 gap_us=174
REC oseq=493 s0=0x09 len=0 crc=1 rssi=-32 pairid=246 txtag=64 st=0x00 addr=360764229 end=360764550 air_us=20 gap_us=174
REC oseq=494 s0=0x12 len=250 crc=1 rssi=-52 pairid=246 txtag=64 st=0x00 addr=360767345 end=360783666 air_us=1020 gap_us=174
REC oseq=495 s0=0x05 len=0 crc=1 rssi=-33 pairid=246 txtag=64 st=0x00 addr=360786453 end=360786774 air_us=20 gap_us=174
REC oseq=496 s0=0x1e len=250 crc=1 rssi=-52 pairid=246 txtag=64 st=0x00 addr=360789569 end=360805890 air_us=1020 gap_us=174
REC oseq=497 s0=0x09 len=0 crc=1 rssi=-32 pairid=246 txtag=64 st=0x00 addr=360808678 end=360808999 air_us=20 gap_us=174
REC oseq=498 s0=0x12 len=250 crc=0 rssi=-52 pairid=246 txtag=64 st=0x00 addr=360811794 end=360828115 air_us=1020 gap_us=174
REC oseq=499 s0=0x09 len=0 crc=1 rssi=-32 pairid=246 txtag=64 st=0x00 addr=360830902 end=360831223 air_us=20 gap_us=174
REC oseq=500 s0=0x12 len=250 crc=1 rssi=-52 pairid=246 txtag=64 st=0x00 addr=360834018 end=360850339 air_us=1020 gap_us=174
REC oseq=501 s0=0x05 len=0 crc=1 rssi=-33 pairid=246 txtag=64 st=0x00 addr=360853126 end=360853447 air_us=20 gap_us=174
REC oseq=502 s0=0x1e len=250 crc=1 rssi=-52 pairid=246 txtag=64 st=0x00 addr=360856242 end=360872563 air_us=1020 gap_us=174
REC oseq=503 s0=0x09 len=0 crc=1 rssi=-32 pairid=246 txtag=64 st=0x00 addr=360875350 end=360875671 air_us=20 gap_us=174
REC oseq=504 s0=0x12 len=250 crc=1 rssi=-52 pairid=246 txtag=64 st=0x00 addr=360878466 end=360894787 air_us=1020 gap_us=174
REC oseq=505 s0=0x05 len=0 crc=1 rssi=-33 pairid=246 txtag=64 st=0x00 addr=360897575 end=360897896 air_us=20 gap_us=174
REC oseq=506 s0=0x1e len=250 crc=0 rssi=-52 pairid=246 txtag=64 st=0x00 addr=360900690 end=360917011 air_us=1020 gap_us=174
REC oseq=507 s0=0x1a len=251 crc=1 rssi=-32 pairid=247 txtag=64 st=0x00 addr=361880718 end=361897103 air_us=1024 gap_us=60231
REC oseq=508 s0=0x12 len=250 crc=1 rssi=-52 pairid=246 txtag=64 st=0x00 addr=361899898 end=361916219 air_us=1020 gap_us=174
REC oseq=509 s0=0x16 len=239 crc=1 rssi=-32 pairid=235 txtag=64 st=0x00 addr=361919007 end=361934624 air_us=976 gap_us=174
REC oseq=510 s0=0x1e len=250 crc=1 rssi=-52 pairid=246 txtag=64 st=0x00 addr=361937418 end=361953739 air_us=1020 gap_us=174
REC oseq=511 s0=0x1a len=251 crc=1 rssi=-32 pairid=247 txtag=64 st=0x00 addr=361956527 end=361972912 air_us=1024 gap_us=174
REC oseq=512 s0=0x12 len=250 crc=1 rssi=-52 pairid=246 txtag=64 st=0x00 addr=361975706 end=361992027 air_us=1020 gap_us=174
REC oseq=513 s0=0x16 len=239 crc=1 rssi=-32 pairid=235 txtag=64 st=0x00 addr=361994816 end=362010433 air_us=976 gap_us=174
REC oseq=514 s0=0x1e len=250 crc=1 rssi=-52 pairid=246 txtag=64 st=0x00 addr=362013227 end=362029548 air_us=1020 gap_us=174
REC oseq=515 s0=0x1a len=251 crc=1 rssi=-32 pairid=247 txtag=64 st=0x00 addr=362032336 end=362048721 air_us=1024 gap_us=174
REC oseq=516 s0=0x12 len=250 crc=1 rssi=-52 pairid=246 txtag=64 st=0x00 addr=362051515 end=362067836 air_us=1020 gap_us=174
REC oseq=517 s0=0x16 len=239 crc=1 rssi=-32 pairid=235 txtag=64 st=0x00 addr=362070625 end=362086242 air_us=976 gap_us=174
REC oseq=518 s0=0x1e len=250 crc=1 rssi=-52 pairid=246 txtag=64 st=0x00 addr=362089036 end=362105357 air_us=1020 gap_us=174
REC oseq=519 s0=0x1a len=251 crc=0 rssi=-32 pairid=247 txtag=64 st=0x00 addr=362108145 end=362124530 air_us=1024 gap_us=174
REC oseq=520 s0=0x7e len=251 crc=0 rssi=-92 pairid=6300 txtag=163 st=0x00 addr=362399006 end=362415391 air_us=1024 gap_us=17154
REC oseq=521 s0=0x6a len=109 crc=0 rssi=-92 pairid=30592 txtag=163 st=0x00 addr=362512334 end=362519631 air_us=456 gap_us=6058
REC oseq=522 s0=0x25 len=35 crc=0 rssi=-92 pairid=55372 txtag=72 st=0x00 addr=365000705 end=365003266 air_us=160 gap_us=155067
REC oseq=523 s0=0x29 len=55 crc=0 rssi=-91 pairid=38992 txtag=64 st=0x00 addr=365038993 end=365042834 air_us=240 gap_us=2232
REC oseq=524 s0=0x29 len=55 crc=0 rssi=-91 pairid=38992 txtag=72 st=0x00 addr=365114803 end=365118644 air_us=240 gap_us=4498
REC oseq=525 s0=0x25 len=35 crc=0 rssi=-91 pairid=38988 txtag=72 st=0x00 addr=365152324 end=365154885 air_us=160 gap_us=2105
REC oseq=526 s0=0x29 len=87 crc=0 rssi=-91 pairid=38992 txtag=72 st=0x00 addr=365190611 end=365196500 air_us=368 gap_us=2232
REC oseq=527 s0=0x25 len=163 crc=0 rssi=-92 pairid=55372 txtag=72 st=0x00 addr=365228133 end=365238886 air_us=672 gap_us=1977
REC oseq=528 s0=0x25 len=55 crc=0 rssi=-92 pairid=38992 txtag=72 st=0x00 addr=368512309 end=368516150 air_us=240 gap_us=204588
REC oseq=529 s0=0x29 len=35 crc=0 rssi=-92 pairid=38988 txtag=72 st=0x00 addr=368549829 end=368552390 air_us=160 gap_us=2104
REC oseq=530 s0=0x25 len=55 crc=0 rssi=-92 pairid=38992 txtag=72 st=0x00 addr=368588117 end=368591958 air_us=240 gap_us=2232
REC oseq=531 s0=0x1a len=239 crc=1 rssi=-32 pairid=235 txtag=64 st=0x00 addr=370520680 end=370536297 air_us=976 gap_us=120545
REC oseq=532 s0=0x12 len=250 crc=1 rssi=-52 pairid=246 txtag=64 st=0x00 addr=370539084 end=370555405 air_us=1020 gap_us=174
REC oseq=533 s0=0x16 len=251 crc=1 rssi=-32 pairid=247 txtag=64 st=0x00 addr=370558201 end=370574586 air_us=1024 gap_us=174
REC oseq=534 s0=0x1e len=250 crc=1 rssi=-52 pairid=246 txtag=64 st=0x00 addr=370577372 end=370593693 air_us=1020 gap_us=174
REC oseq=535 s0=0x1a len=239 crc=1 rssi=-32 pairid=235 txtag=64 st=0x00 addr=370596489 end=370612106 air_us=976 gap_us=174
REC oseq=536 s0=0x12 len=250 crc=1 rssi=-52 pairid=246 txtag=64 st=0x00 addr=370614893 end=370631214 air_us=1020 gap_us=174
REC oseq=537 s0=0x16 len=251 crc=1 rssi=-32 pairid=247 txtag=64 st=0x00 addr=370634010 end=370650395 air_us=1024 gap_us=174
REC oseq=538 s0=0x1e len=250 crc=1 rssi=-52 pairid=246 txtag=64 st=0x00 addr=370653181 end=370669502 air_us=1020 gap_us=174
REC oseq=539 s0=0x1a len=239 crc=1 rssi=-32 pairid=235 txtag=64 st=0x00 addr=370672299 end=370687916 air_us=976 gap_us=174
REC oseq=540 s0=0x12 len=250 crc=1 rssi=-53 pairid=246 txtag=64 st=0x00 addr=370690701 end=370707022 air_us=1020 gap_us=174
REC oseq=541 s0=0x16 len=251 crc=1 rssi=-32 pairid=247 txtag=64 st=0x00 addr=370709819 end=370726204 air_us=1024 gap_us=174
REC oseq=542 s0=0x1e len=250 crc=1 rssi=-52 pairid=246 txtag=64 st=0x00 addr=370728989 end=370745310 air_us=1020 gap_us=174
REC oseq=543 s0=0x1a len=239 crc=0 rssi=-32 pairid=235 txtag=64 st=0x00 addr=370748107 end=370763724 air_us=976 gap_us=174
REC oseq=544 s0=0x1a len=251 crc=1 rssi=-32 pairid=247 txtag=64 st=0x00 addr=373400667 end=373417052 air_us=1024 gap_us=164808
REC oseq=545 s0=0x12 len=250 crc=1 rssi=-52 pairid=246 txtag=64 st=0x00 addr=373419847 end=373436168 air_us=1020 gap_us=174
REC oseq=546 s0=0x16 len=239 crc=1 rssi=-32 pairid=235 txtag=64 st=0x00 addr=373438955 end=373454572 air_us=976 gap_us=174
REC oseq=547 s0=0x1e len=250 crc=1 rssi=-52 pairid=246 txtag=64 st=0x00 addr=373457367 end=373473688 air_us=1020 gap_us=174
REC oseq=548 s0=0x1a len=251 crc=1 rssi=-32 pairid=247 txtag=64 st=0x00 addr=373476476 end=373492861 air_us=1024 gap_us=174
REC oseq=549 s0=0x12 len=250 crc=1 rssi=-52 pairid=246 txtag=64 st=0x00 addr=373495655 end=373511976 air_us=1020 gap_us=174
REC oseq=550 s0=0x16 len=239 crc=1 rssi=-32 pairid=235 txtag=64 st=0x00 addr=373514764 end=373530381 air_us=976 gap_us=174
REC oseq=551 s0=0x1e len=250 crc=1 rssi=-52 pairid=246 txtag=64 st=0x00 addr=373533176 end=373549497 air_us=1020 gap_us=174
REC oseq=552 s0=0x1a len=251 crc=1 rssi=-32 pairid=247 txtag=64 st=0x00 addr=373552285 end=373568670 air_us=1024 gap_us=174
REC oseq=553 s0=0x12 len=250 crc=1 rssi=-52 pairid=246 txtag=64 st=0x00 addr=373571464 end=373587785 air_us=1020 gap_us=174
REC oseq=554 s0=0x16 len=239 crc=1 rssi=-32 pairid=235 txtag=64 st=0x00 addr=373590573 end=373606190 air_us=976 gap_us=174
REC oseq=555 s0=0x1e len=250 crc=1 rssi=-52 pairid=246 txtag=64 st=0x00 addr=373608985 end=373625306 air_us=1020 gap_us=174
REC oseq=556 s0=0x1a len=251 crc=0 rssi=-32 pairid=247 txtag=64 st=0x00 addr=373628094 end=373644479 air_us=1024 gap_us=174
REC oseq=557 s0=0xb6 len=175 crc=0 rssi=-92 pairid=60894 txtag=105 st=0x00 addr=374929560 end=374941082 air_us=720 gap_us=80317
REC oseq=558 s0=0x99 len=86 crc=0 rssi=-90 pairid=26852 txtag=0 st=0x00 addr=379438160 end=379443985 air_us=364 gap_us=281067
REC oseq=559 s0=0x52 len=122 crc=0 rssi=-92 pairid=34672 txtag=163 st=0x00 addr=380954731 end=380962860 air_us=508 gap_us=94421
REC oseq=560 s0=0x5a len=117 crc=0 rssi=-91 pairid=30848 txtag=35 st=0x00 addr=380992252 end=381000061 air_us=488 gap_us=1837
REC oseq=561 s0=0x3a len=216 crc=0 rssi=-91 pairid=62355 txtag=33 st=0x00 addr=384965047 end=384979192 air_us=884 gap_us=247811
REC oseq=562 s0=0x36 len=216 crc=0 rssi=-90 pairid=63718 txtag=17 st=0x00 addr=384987271 end=385001416 air_us=884 gap_us=504
REC oseq=563 s0=0x3a len=216 crc=0 rssi=-91 pairid=29587 txtag=32 st=0x00 addr=385009496 end=385023641 air_us=884 gap_us=505
REC oseq=564 s0=0x36 len=216 crc=0 rssi=-90 pairid=30951 txtag=33 st=0x00 addr=385031720 end=385045865 air_us=884 gap_us=504
REC oseq=565 s0=0x3a len=216 crc=0 rssi=-89 pairid=29587 txtag=34 st=0x00 addr=385053946 end=385068091 air_us=884 gap_us=505
REC oseq=566 s0=0x36 len=216 crc=0 rssi=-91 pairid=63718 txtag=33 st=0x00 addr=385076169 end=385090314 air_us=884 gap_us=504
REC oseq=567 s0=0x3a len=216 crc=0 rssi=-90 pairid=62355 txtag=33 st=0x00 addr=385098394 end=385112539 air_us=884 gap_us=505
REC oseq=568 s0=0x32 len=216 crc=0 rssi=-90 pairid=30950 txtag=38 st=0x00 addr=385120618 end=385134763 air_us=884 gap_us=504
REC oseq=569 s0=0x3a len=216 crc=0 rssi=-90 pairid=29587 txtag=33 st=0x00 addr=385142843 end=385156988 air_us=884 gap_us=505
REC oseq=570 s0=0x99 len=67 crc=0 rssi=-92 pairid=16789 txtag=0 st=0x00 addr=387068034 end=387072643 air_us=288 gap_us=119440
REC oseq=571 s0=0x05 len=0 crc=1 rssi=-33 pairid=16789 txtag=0 st=0x00 addr=390920587 end=390920908 air_us=20 gap_us=240496
REC oseq=572 s0=0x1e len=250 crc=1 rssi=-52 pairid=246 txtag=64 st=0x00 addr=390923693 end=390940014 air_us=1020 gap_us=174
REC oseq=573 s0=0x09 len=0 crc=1 rssi=-32 pairid=246 txtag=64 st=0x00 addr=390942811 end=390943132 air_us=20 gap_us=174
REC oseq=574 s0=0x12 len=250 crc=1 rssi=-52 pairid=246 txtag=64 st=0x00 addr=390945917 end=390962238 air_us=1020 gap_us=174
REC oseq=575 s0=0x05 len=0 crc=1 rssi=-33 pairid=246 txtag=64 st=0x00 addr=390965036 end=390965357 air_us=20 gap_us=174
REC oseq=576 s0=0x1e len=250 crc=1 rssi=-52 pairid=246 txtag=64 st=0x00 addr=390968141 end=390984462 air_us=1020 gap_us=174
REC oseq=577 s0=0x09 len=0 crc=1 rssi=-32 pairid=246 txtag=64 st=0x00 addr=390987260 end=390987581 air_us=20 gap_us=174
REC oseq=578 s0=0x12 len=250 crc=1 rssi=-52 pairid=246 txtag=64 st=0x00 addr=390990365 end=391006686 air_us=1020 gap_us=174
REC oseq=579 s0=0x05 len=0 crc=1 rssi=-33 pairid=246 txtag=64 st=0x00 addr=391009485 end=391009806 air_us=20 gap_us=174
REC oseq=580 s0=0x1e len=250 crc=1 rssi=-52 pairid=246 txtag=64 st=0x00 addr=391012590 end=391028911 air_us=1020 gap_us=174
REC oseq=581 s0=0x09 len=0 crc=1 rssi=-32 pairid=246 txtag=64 st=0x00 addr=391031709 end=391032030 air_us=20 gap_us=174
REC oseq=582 s0=0x12 len=250 crc=1 rssi=-52 pairid=246 txtag=64 st=0x00 addr=391034814 end=391051135 air_us=1020 gap_us=174
REC oseq=583 s0=0x05 len=0 crc=1 rssi=-33 pairid=246 txtag=64 st=0x00 addr=391053933 end=391054254 air_us=20 gap_us=174
REC oseq=584 s0=0x1e len=250 crc=1 rssi=-52 pairid=246 txtag=64 st=0x00 addr=391057038 end=391073359 air_us=1020 gap_us=174
REC oseq=585 s0=0x09 len=0 crc=1 rssi=-32 pairid=246 txtag=64 st=0x00 addr=391076158 end=391076479 air_us=20 gap_us=174
REC oseq=586 s0=0x12 len=250 crc=1 rssi=-52 pairid=246 txtag=64 st=0x00 addr=391079262 end=391095583 air_us=1020 gap_us=173
REC oseq=587 s0=0x05 len=0 crc=1 rssi=-33 pairid=246 txtag=64 st=0x00 addr=391098366 end=391098687 air_us=20 gap_us=173
REC oseq=588 s0=0x1e len=250 crc=1 rssi=-52 pairid=246 txtag=64 st=0x00 addr=391101470 end=391117791 air_us=1020 gap_us=173
REC oseq=589 s0=0x09 len=0 crc=1 rssi=-32 pairid=246 txtag=64 st=0x00 addr=391120574 end=391120895 air_us=20 gap_us=173
REC oseq=590 s0=0x12 len=250 crc=1 rssi=-52 pairid=246 txtag=64 st=0x00 addr=391123679 end=391140000 air_us=1020 gap_us=174
REC oseq=591 s0=0x05 len=0 crc=1 rssi=-33 pairid=246 txtag=64 st=0x00 addr=391142782 end=391143103 air_us=20 gap_us=173
REC oseq=592 s0=0x1e len=250 crc=0 rssi=-52 pairid=246 txtag=64 st=0x00 addr=391145887 end=391162208 air_us=1020 gap_us=174
REC oseq=593 s0=0x16 len=239 crc=1 rssi=-32 pairid=235 txtag=64 st=0x00 addr=394280573 end=394296190 air_us=976 gap_us=194897
REC oseq=594 s0=0x1e len=250 crc=1 rssi=-52 pairid=246 txtag=64 st=0x00 addr=394298980 end=394315301 air_us=1020 gap_us=174
REC oseq=595 s0=0x1a len=251 crc=1 rssi=-32 pairid=247 txtag=64 st=0x00 addr=394318094 end=394334479 air_us=1024 gap_us=174
REC oseq=596 s0=0x12 len=250 crc=1 rssi=-52 pairid=246 txtag=64 st=0x00 addr=394337269 end=394353590 air_us=1020 gap_us=174
REC oseq=597 s0=0x16 len=239 crc=1 rssi=-32 pairid=235 txtag=64 st=0x00 addr=394356382 end=394371999 air_us=976 gap_us=174
REC oseq=598 s0=0x1e len=250 crc=1 rssi=-52 pairid=246 txtag=64 st=0x00 addr=394374789 end=394391110 air_us=1020 gap_us=174
REC oseq=599 s0=0x1a len=251 crc=1 rssi=-32 pairid=247 txtag=64 st=0x00 addr=394393903 end=394410288 air_us=1024 gap_us=174
REC oseq=600 s0=0x12 len=250 crc=1 rssi=-52 pairid=246 txtag=64 st=0x00 addr=394413077 end=394429398 air_us=1020 gap_us=174
REC oseq=601 s0=0x16 len=239 crc=1 rssi=-32 pairid=235 txtag=64 st=0x00 addr=394432191 end=394447808 air_us=976 gap_us=174
REC oseq=602 s0=0x1e len=250 crc=1 rssi=-52 pairid=246 txtag=64 st=0x00 addr=394450598 end=394466919 air_us=1020 gap_us=174
REC oseq=603 s0=0x1a len=251 crc=1 rssi=-32 pairid=247 txtag=64 st=0x00 addr=394469712 end=394486097 air_us=1024 gap_us=174
REC oseq=604 s0=0x12 len=250 crc=1 rssi=-52 pairid=246 txtag=64 st=0x00 addr=394488886 end=394505207 air_us=1020 gap_us=174
REC oseq=605 s0=0x16 len=239 crc=0 rssi=-32 pairid=235 txtag=64 st=0x00 addr=394508000 end=394523617 air_us=976 gap_us=174
REC oseq=606 s0=0x16 len=251 crc=1 rssi=-32 pairid=247 txtag=64 st=0x00 addr=397400559 end=397416944 air_us=1024 gap_us=179808
REC oseq=607 s0=0x1e len=250 crc=1 rssi=-52 pairid=246 txtag=64 st=0x00 addr=397419742 end=397436063 air_us=1020 gap_us=174
REC oseq=608 s0=0x1a len=239 crc=1 rssi=-32 pairid=235 txtag=64 st=0x00 addr=397438847 end=397454464 air_us=976 gap_us=174
REC oseq=609 s0=0x12 len=250 crc=1 rssi=-52 pairid=246 txtag=64 st=0x00 addr=397457262 end=397473583 air_us=1020 gap_us=174
REC oseq=610 s0=0x16 len=251 crc=1 rssi=-32 pairid=247 txtag=64 st=0x00 addr=397476368 end=397492753 air_us=1024 gap_us=174
REC oseq=611 s0=0x1e len=250 crc=1 rssi=-52 pairid=246 txtag=64 st=0x00 addr=397495550 end=397511871 air_us=1020 gap_us=174
REC oseq=612 s0=0x1a len=239 crc=1 rssi=-32 pairid=235 txtag=64 st=0x00 addr=397514656 end=397530273 air_us=976 gap_us=174
REC oseq=613 s0=0x12 len=250 crc=1 rssi=-52 pairid=246 txtag=64 st=0x00 addr=397533071 end=397549392 air_us=1020 gap_us=174
REC oseq=614 s0=0x16 len=251 crc=1 rssi=-32 pairid=247 txtag=64 st=0x00 addr=397552177 end=397568562 air_us=1024 gap_us=174
REC oseq=615 s0=0x1e len=250 crc=1 rssi=-52 pairid=246 txtag=64 st=0x00 addr=397571359 end=397587680 air_us=1020 gap_us=174
REC oseq=616 s0=0x1a len=239 crc=1 rssi=-32 pairid=235 txtag=64 st=0x00 addr=397590465 end=397606082 air_us=976 gap_us=174
REC oseq=617 s0=0x12 len=250 crc=1 rssi=-52 pairid=246 txtag=64 st=0x00 addr=397608879 end=397625200 air_us=1020 gap_us=174
REC oseq=618 s0=0x16 len=251 crc=0 rssi=-32 pairid=247 txtag=64 st=0x00 addr=397627986 end=397644371 air_us=1024 gap_us=174
REC oseq=619 s0=0x36 len=216 crc=0 rssi=-90 pairid=63719 txtag=33 st=0x00 addr=410120501 end=410134646 air_us=884 gap_us=779758
REC oseq=620 s0=0x36 len=216 crc=0 rssi=-91 pairid=30950 txtag=33 st=0x00 addr=410164918 end=410179063 air_us=884 gap_us=1892
REC oseq=621 s0=0x3a len=218 crc=0 rssi=-90 pairid=62355 txtag=97 st=0x00 addr=410187126 end=410201399 air_us=892 gap_us=503
REC oseq=622 s0=0x36 len=216 crc=0 rssi=-90 pairid=30950 txtag=34 st=0x00 addr=410209335 end=410223480 air_us=884 gap_us=496
REC oseq=623 s0=0x3a len=216 crc=0 rssi=-89 pairid=29587 txtag=18 st=0x00 addr=410231559 end=410245704 air_us=884 gap_us=504
REC oseq=624 s0=0x36 len=216 crc=0 rssi=-92 pairid=30950 txtag=32 st=0x00 addr=410342680 end=410356825 air_us=884 gap_us=6061
REC oseq=625 s0=0x53 len=175 crc=0 rssi=-91 pairid=63616 txtag=34 st=0x00 addr=411509634 end=411521155 air_us=720 gap_us=72050
REC oseq=626 s0=0x4d len=151 crc=0 rssi=-91 pairid=6954 txtag=202 st=0x00 addr=412782714 end=412792699 air_us=624 gap_us=78847
REC oseq=627 s0=0x86 len=165 crc=0 rssi=-92 pairid=30678 txtag=9 st=0x00 addr=418219028 end=418229909 air_us=680 gap_us=339145
REC oseq=628 s0=0x86 len=173 crc=0 rssi=-91 pairid=59863 txtag=109 st=0x00 addr=418760463 end=418771856 air_us=712 gap_us=33159
REC oseq=629 s0=0x8a len=169 crc=0 rssi=-91 pairid=50623 txtag=41 st=0x00 addr=418827134 end=418838271 air_us=696 gap_us=3454
REC oseq=630 s0=0x86 len=175 crc=0 rssi=-92 pairid=50646 txtag=106 st=0x00 addr=418938256 end=418949777 air_us=720 gap_us=6249
REC oseq=631 s0=0x16 len=251 crc=1 rssi=-32 pairid=247 txtag=64 st=0x00 addr=419720458 end=419736843 air_us=1024 gap_us=48167
REC oseq=632 s0=0x1e len=250 crc=1 rssi=-52 pairid=246 txtag=64 st=0x00 addr=419739633 end=419755954 air_us=1020 gap_us=174
REC oseq=633 s0=0x1a len=239 crc=1 rssi=-32 pairid=235 txtag=64 st=0x00 addr=419758747 end=419774364 air_us=976 gap_us=174
REC oseq=634 s0=0x12 len=250 crc=1 rssi=-52 pairid=246 txtag=64 st=0x00 addr=419777153 end=419793474 air_us=1020 gap_us=174
REC oseq=635 s0=0x16 len=251 crc=1 rssi=-32 pairid=247 txtag=64 st=0x00 addr=419796267 end=419812652 air_us=1024 gap_us=174
REC oseq=636 s0=0x1e len=250 crc=1 rssi=-52 pairid=246 txtag=64 st=0x00 addr=419815441 end=419831762 air_us=1020 gap_us=174
REC oseq=637 s0=0x1a len=239 crc=0 rssi=-32 pairid=235 txtag=64 st=0x00 addr=419834556 end=419850173 air_us=976 gap_us=174
REC oseq=638 s0=0x1e len=250 crc=1 rssi=-52 pairid=246 txtag=64 st=0x00 addr=419852962 end=419869283 air_us=1020 gap_us=174
REC oseq=639 s0=0x1a len=239 crc=1 rssi=-32 pairid=235 txtag=64 st=0x00 addr=419872076 end=419887693 air_us=976 gap_us=174
REC oseq=640 s0=0x12 len=250 crc=1 rssi=-52 pairid=246 txtag=64 st=0x00 addr=419890482 end=419906803 air_us=1020 gap_us=174
REC oseq=641 s0=0x16 len=251 crc=1 rssi=-32 pairid=247 txtag=64 st=0x00 addr=419909597 end=419925982 air_us=1024 gap_us=174
REC oseq=642 s0=0x1e len=250 crc=1 rssi=-52 pairid=246 txtag=64 st=0x00 addr=419928771 end=419945092 air_us=1020 gap_us=174
REC oseq=643 s0=0x1a len=239 crc=0 rssi=-32 pairid=235 txtag=64 st=0x00 addr=419947885 end=419963502 air_us=976 gap_us=174
REC oseq=644 s0=0x4d len=211 crc=0 rssi=-92 pairid=6954 txtag=139 st=0x00 addr=421422676 end=421436501 air_us=864 gap_us=91198
REC oseq=645 s0=0x1a len=251 crc=1 rssi=-32 pairid=247 txtag=64 st=0x00 addr=423080442 end=423096827 air_us=1024 gap_us=102746
REC oseq=646 s0=0x12 len=250 crc=1 rssi=-52 pairid=246 txtag=64 st=0x00 addr=423099625 end=423115946 air_us=1020 gap_us=174
REC oseq=647 s0=0x16 len=239 crc=1 rssi=-32 pairid=235 txtag=64 st=0x00 addr=423118731 end=423134348 air_us=976 gap_us=174
REC oseq=648 s0=0x1e len=250 crc=1 rssi=-52 pairid=246 txtag=64 st=0x00 addr=423137146 end=423153467 air_us=1020 gap_us=174
REC oseq=649 s0=0x1a len=251 crc=1 rssi=-32 pairid=247 txtag=64 st=0x00 addr=423156251 end=423172636 air_us=1024 gap_us=174
REC oseq=650 s0=0x12 len=250 crc=1 rssi=-52 pairid=246 txtag=64 st=0x00 addr=423175434 end=423191755 air_us=1020 gap_us=174
REC oseq=651 s0=0x16 len=239 crc=1 rssi=-32 pairid=235 txtag=64 st=0x00 addr=423194540 end=423210157 air_us=976 gap_us=174
REC oseq=652 s0=0x1e len=250 crc=1 rssi=-52 pairid=246 txtag=64 st=0x00 addr=423212954 end=423229275 air_us=1020 gap_us=174
REC oseq=653 s0=0x1a len=251 crc=1 rssi=-31 pairid=247 txtag=64 st=0x00 addr=423232060 end=423248445 air_us=1024 gap_us=174
REC oseq=654 s0=0x12 len=250 crc=1 rssi=-52 pairid=246 txtag=64 st=0x00 addr=423251242 end=423267563 air_us=1020 gap_us=174
REC oseq=655 s0=0x16 len=239 crc=1 rssi=-32 pairid=235 txtag=64 st=0x00 addr=423270349 end=423285966 air_us=976 gap_us=174
REC oseq=656 s0=0x1e len=250 crc=1 rssi=-52 pairid=246 txtag=64 st=0x00 addr=423288763 end=423305084 air_us=1020 gap_us=174
REC oseq=657 s0=0x1a len=251 crc=0 rssi=-32 pairid=247 txtag=64 st=0x00 addr=423307869 end=423324254 air_us=1024 gap_us=174
REC oseq=658 s0=0x92 len=121 crc=0 rssi=-93 pairid=63868 txtag=163 st=0x00 addr=424512649 end=424520714 air_us=504 gap_us=74274
REC oseq=659 s0=0x4d len=150 crc=0 rssi=-92 pairid=6954 txtag=202 st=0x00 addr=426484876 end=426494797 air_us=620 gap_us=122760
REC oseq=660 s0=0x4d len=19 crc=0 rssi=-93 pairid=11087 txtag=202 st=0x00 addr=426573776 end=426575313 air_us=96 gap_us=4936
REC oseq=661 s0=0x4d len=149 crc=0 rssi=-91 pairid=6698 txtag=170 st=0x00 addr=426680426 end=426690283 air_us=616 gap_us=6569
REC oseq=662 s0=0x41 len=150 crc=0 rssi=-91 pairid=4690 txtag=203 st=0x00 addr=426880446 end=426890367 air_us=620 gap_us=11885
REC oseq=663 s0=0x1a len=251 crc=1 rssi=-32 pairid=247 txtag=64 st=0x00 addr=428120420 end=428136805 air_us=1024 gap_us=76878
REC oseq=664 s0=0x12 len=250 crc=1 rssi=-52 pairid=246 txtag=64 st=0x00 addr=428139590 end=428155911 air_us=1020 gap_us=174
REC oseq=665 s0=0x16 len=239 crc=1 rssi=-32 pairid=235 txtag=64 st=0x00 addr=428158708 end=428174325 air_us=976 gap_us=174
REC oseq=666 s0=0x1e len=250 crc=1 rssi=-52 pairid=246 txtag=64 st=0x00 addr=428177111 end=428193432 air_us=1020 gap_us=174
REC oseq=667 s0=0x1a len=251 crc=1 rssi=-32 pairid=247 txtag=64 st=0x00 addr=428196229 end=428212614 air_us=1024 gap_us=174
REC oseq=668 s0=0x12 len=250 crc=1 rssi=-52 pairid=246 txtag=64 st=0x00 addr=428215399 end=428231720 air_us=1020 gap_us=174
REC oseq=669 s0=0x16 len=239 crc=1 rssi=-32 pairid=235 txtag=64 st=0x00 addr=428234517 end=428250134 air_us=976 gap_us=174
REC oseq=670 s0=0x1e len=250 crc=1 rssi=-52 pairid=246 txtag=64 st=0x00 addr=428252919 end=428269240 air_us=1020 gap_us=174
REC oseq=671 s0=0x1a len=251 crc=1 rssi=-32 pairid=247 txtag=64 st=0x00 addr=428272038 end=428288423 air_us=1024 gap_us=174
REC oseq=672 s0=0x12 len=250 crc=1 rssi=-52 pairid=246 txtag=64 st=0x00 addr=428291208 end=428307529 air_us=1020 gap_us=174
REC oseq=673 s0=0x16 len=239 crc=1 rssi=-32 pairid=235 txtag=64 st=0x00 addr=428310326 end=428325943 air_us=976 gap_us=174
REC oseq=674 s0=0x1e len=250 crc=1 rssi=-52 pairid=246 txtag=64 st=0x00 addr=428328728 end=428345049 air_us=1020 gap_us=174
REC oseq=675 s0=0x1a len=251 crc=0 rssi=-32 pairid=247 txtag=64 st=0x00 addr=428347847 end=428364232 air_us=1024 gap_us=174
REC oseq=676 s0=0x19 len=0 crc=1 rssi=-32 pairid=247 txtag=64 st=0x00 addr=432440401 end=432440722 air_us=20 gap_us=254760
REC oseq=677 s0=0x12 len=250 crc=1 rssi=-52 pairid=246 txtag=64 st=0x00 addr=432443511 end=432459832 air_us=1020 gap_us=174
REC oseq=678 s0=0x16 len=239 crc=1 rssi=-32 pairid=235 txtag=64 st=0x00 addr=432462625 end=432478242 air_us=976 gap_us=174
REC oseq=679 s0=0x1e len=250 crc=1 rssi=-52 pairid=246 txtag=64 st=0x00 addr=432481031 end=432497352 air_us=1020 gap_us=174
REC oseq=680 s0=0x1a len=251 crc=1 rssi=-32 pairid=247 txtag=64 st=0x00 addr=432500145 end=432516530 air_us=1024 gap_us=174
REC oseq=681 s0=0x12 len=250 crc=1 rssi=-52 pairid=246 txtag=64 st=0x00 addr=432519319 end=432535640 air_us=1020 gap_us=174
REC oseq=682 s0=0x16 len=239 crc=1 rssi=-32 pairid=235 txtag=64 st=0x00 addr=432538434 end=432554051 air_us=976 gap_us=174
REC oseq=683 s0=0x1e len=250 crc=1 rssi=-52 pairid=246 txtag=64 st=0x00 addr=432556840 end=432573161 air_us=1020 gap_us=174
REC oseq=684 s0=0x1a len=251 crc=1 rssi=-32 pairid=247 txtag=64 st=0x00 addr=432575954 end=432592339 air_us=1024 gap_us=174
REC oseq=685 s0=0x12 len=250 crc=1 rssi=-52 pairid=246 txtag=64 st=0x00 addr=432595128 end=432611449 air_us=1020 gap_us=174
REC oseq=686 s0=0x16 len=239 crc=1 rssi=-32 pairid=235 txtag=64 st=0x00 addr=432614243 end=432629860 air_us=976 gap_us=174
REC oseq=687 s0=0x1e len=250 crc=1 rssi=-52 pairid=246 txtag=64 st=0x00 addr=432632648 end=432648969 air_us=1020 gap_us=174
REC oseq=688 s0=0x1a len=251 crc=1 rssi=-32 pairid=247 txtag=64 st=0x00 addr=432651763 end=432668148 air_us=1024 gap_us=174
REC oseq=689 s0=0x12 len=250 crc=0 rssi=-52 pairid=246 txtag=64 st=0x00 addr=432670937 end=432687258 air_us=1020 gap_us=174
REC oseq=690 s0=0x16 len=239 crc=1 rssi=-32 pairid=235 txtag=64 st=0x00 addr=433880393 end=433896010 air_us=976 gap_us=74570
REC oseq=691 s0=0x1e len=250 crc=1 rssi=-52 pairid=246 txtag=64 st=0x00 addr=433898796 end=433915117 air_us=1020 gap_us=174
REC oseq=692 s0=0x1a len=251 crc=1 rssi=-32 pairid=247 txtag=64 st=0x00 addr=433917914 end=433934299 air_us=1024 gap_us=174
REC oseq=693 s0=0x12 len=250 crc=1 rssi=-52 pairid=246 txtag=64 st=0x00 addr=433937085 end=433953406 air_us=1020 gap_us=174
REC oseq=694 s0=0x16 len=239 crc=1 rssi=-32 pairid=235 txtag=64 st=0x00 addr=433956202 end=433971819 air_us=976 gap_us=174
REC oseq=695 s0=0x1e len=250 crc=1 rssi=-52 pairid=246 txtag=64 st=0x00 addr=433974605 end=433990926 air_us=1020 gap_us=174
REC oseq=696 s0=0x1a len=251 crc=1 rssi=-32 pairid=247 txtag=64 st=0x00 addr=433993723 end=434010108 air_us=1024 gap_us=174
REC oseq=697 s0=0x12 len=250 crc=1 rssi=-52 pairid=246 txtag=64 st=0x00 addr=434012893 end=434029214 air_us=1020 gap_us=174
REC oseq=698 s0=0x16 len=239 crc=1 rssi=-32 pairid=235 txtag=64 st=0x00 addr=434032011 end=434047628 air_us=976 gap_us=174
REC oseq=699 s0=0x1e len=250 crc=1 rssi=-52 pairid=246 txtag=64 st=0x00 addr=434050414 end=434066735 air_us=1020 gap_us=174
REC oseq=700 s0=0x1a len=251 crc=1 rssi=-32 pairid=247 txtag=64 st=0x00 addr=434069532 end=434085917 air_us=1024 gap_us=174
REC oseq=701 s0=0x12 len=250 crc=1 rssi=-52 pairid=246 txtag=64 st=0x00 addr=434088702 end=434105023 air_us=1020 gap_us=174
REC oseq=702 s0=0x16 len=239 crc=0 rssi=-32 pairid=235 txtag=64 st=0x00 addr=434107820 end=434123437 air_us=976 gap_us=174
REC oseq=703 s0=0x25 len=55 crc=0 rssi=-92 pairid=38992 txtag=72 st=0x00 addr=444440346 end=444444187 air_us=240 gap_us=644806
REC oseq=704 s0=0x29 len=35 crc=0 rssi=-92 pairid=38988 txtag=72 st=0x00 addr=444477867 end=444480428 air_us=160 gap_us=2105
REC oseq=705 s0=0x25 len=183 crc=0 rssi=-92 pairid=38992 txtag=64 st=0x00 addr=444516155 end=444528188 air_us=752 gap_us=2232
REC oseq=706 s0=0x25 len=55 crc=0 rssi=-93 pairid=38992 txtag=72 st=0x00 addr=444667772 end=444671613 air_us=240 gap_us=8724
REC oseq=707 s0=0x86 len=173 crc=0 rssi=-91 pairid=60886 txtag=105 st=0x00 addr=447621581 end=447632974 air_us=712 gap_us=184373
REC oseq=708 s0=0x0a len=12 crc=1 rssi=-32 pairid=8 txtag=5 st=0x00 addr=453800304 end=453801393 air_us=68 gap_us=385458
REC oseq=709 s0=0x12 len=250 crc=1 rssi=-52 pairid=246 txtag=64 st=0x00 addr=453804176 end=453820497 air_us=1020 gap_us=173
REC oseq=710 s0=0x05 len=0 crc=1 rssi=-33 pairid=246 txtag=64 st=0x00 addr=453823296 end=453823617 air_us=20 gap_us=174
REC oseq=711 s0=0x1e len=250 crc=1 rssi=-52 pairid=246 txtag=64 st=0x00 addr=453826400 end=453842721 air_us=1020 gap_us=173
REC oseq=712 s0=0x09 len=0 crc=1 rssi=-32 pairid=246 txtag=64 st=0x00 addr=453845504 end=453845825 air_us=20 gap_us=173
REC oseq=713 s0=0x12 len=250 crc=1 rssi=-52 pairid=246 txtag=64 st=0x00 addr=453848609 end=453864930 air_us=1020 gap_us=174
REC oseq=714 s0=0x05 len=0 crc=1 rssi=-33 pairid=246 txtag=64 st=0x00 addr=453867713 end=453868034 air_us=20 gap_us=173
REC oseq=715 s0=0x1e len=250 crc=1 rssi=-52 pairid=246 txtag=64 st=0x00 addr=453870817 end=453887138 air_us=1020 gap_us=173
REC oseq=716 s0=0x09 len=0 crc=1 rssi=-32 pairid=246 txtag=64 st=0x00 addr=453889921 end=453890242 air_us=20 gap_us=173
REC oseq=717 s0=0x12 len=250 crc=1 rssi=-52 pairid=246 txtag=64 st=0x00 addr=453893025 end=453909346 air_us=1020 gap_us=173
REC oseq=718 s0=0x05 len=0 crc=1 rssi=-33 pairid=246 txtag=64 st=0x00 addr=453912129 end=453912450 air_us=20 gap_us=173
REC oseq=719 s0=0x1e len=250 crc=1 rssi=-52 pairid=246 txtag=64 st=0x00 addr=453915234 end=453931555 air_us=1020 gap_us=174
REC oseq=720 s0=0x09 len=0 crc=1 rssi=-32 pairid=246 txtag=64 st=0x00 addr=453934337 end=453934658 air_us=20 gap_us=173
REC oseq=721 s0=0x12 len=250 crc=1 rssi=-52 pairid=246 txtag=64 st=0x00 addr=453937442 end=453953763 air_us=1020 gap_us=174
REC oseq=722 s0=0x05 len=0 crc=1 rssi=-33 pairid=246 txtag=64 st=0x00 addr=453956546 end=453956867 air_us=20 gap_us=173
REC oseq=723 s0=0x1e len=250 crc=1 rssi=-52 pairid=246 txtag=64 st=0x00 addr=453959650 end=453975971 air_us=1020 gap_us=173
REC oseq=724 s0=0x09 len=0 crc=1 rssi=-32 pairid=246 txtag=64 st=0x00 addr=453978754 end=453979075 air_us=20 gap_us=173
REC oseq=725 s0=0x12 len=250 crc=1 rssi=-53 pairid=246 txtag=64 st=0x00 addr=453981858 end=453998179 air_us=1020 gap_us=173
REC oseq=726 s0=0x05 len=0 crc=1 rssi=-33 pairid=246 txtag=64 st=0x00 addr=454000962 end=454001283 air_us=20 gap_us=173
REC oseq=727 s0=0x1e len=12 crc=1 rssi=-52 pairid=8 txtag=5 st=0x00 addr=454004066 end=454005155 air_us=68 gap_us=173
REC oseq=728 s0=0x09 len=0 crc=1 rssi=-32 pairid=8 txtag=5 st=0x00 addr=454007939 end=454008260 air_us=20 gap_us=174
REC oseq=729 s0=0x12 len=250 crc=1 rssi=-52 pairid=246 txtag=64 st=0x00 addr=454011042 end=454027363 air_us=1020 gap_us=173
REC oseq=730 s0=0x16 len=239 crc=0 rssi=-32 pairid=235 txtag=64 st=0x00 addr=454030147 end=454045764 air_us=976 gap_us=174
REC oseq=731 s0=0xdc len=123 crc=0 rssi=-91 pairid=63646 txtag=163 st=0x00 addr=454116111 end=454124304 air_us=512 gap_us=4396
REC oseq=732 s0=0x3a len=216 crc=0 rssi=-90 pairid=62355 txtag=33 st=0x00 addr=455960294 end=455974439 air_us=884 gap_us=114749
REC oseq=733 s0=0x36 len=216 crc=0 rssi=-91 pairid=63718 txtag=32 st=0x00 addr=455982518 end=455996663 air_us=884 gap_us=504
REC oseq=734 s0=0x36 len=216 crc=0 rssi=-91 pairid=30950 txtag=33 st=0x00 addr=456026968 end=456041113 air_us=884 gap_us=1894
REC oseq=735 s0=0x3a len=216 crc=0 rssi=-91 pairid=29587 txtag=32 st=0x00 addr=456049192 end=456063337 air_us=884 gap_us=504
REC oseq=736 s0=0x3a len=216 crc=0 rssi=-90 pairid=29587 txtag=41 st=0x00 addr=456093640 end=456107785 air_us=884 gap_us=1893
REC oseq=737 s0=0x36 len=216 crc=0 rssi=-91 pairid=63718 txtag=33 st=0x00 addr=456160314 end=456174459 air_us=884 gap_us=3283
REC oseq=738 s0=0x45 len=55 crc=0 rssi=-92 pairid=38992 txtag=72 st=0x00 addr=459598567 end=459602408 air_us=240 gap_us=214006
REC oseq=739 s0=0x25 len=55 crc=0 rssi=-92 pairid=38992 txtag=72 st=0x00 addr=459674376 end=459678217 air_us=240 gap_us=4498
REC oseq=740 s0=0x25 len=55 crc=0 rssi=-93 pairid=38992 txtag=72 st=0x00 addr=459750186 end=459754027 air_us=240 gap_us=4498
REC oseq=741 s0=0x28 len=35 crc=0 rssi=-92 pairid=38988 txtag=72 st=0x00 addr=459787707 end=459790268 air_us=160 gap_us=2105
REC oseq=742 s0=0x99 len=215 crc=0 rssi=-91 pairid=2428 txtag=0 st=0x00 addr=470473560 end=470487641 air_us=880 gap_us=667705
REC oseq=743 s0=0x16 len=239 crc=1 rssi=-32 pairid=235 txtag=64 st=0x00 addr=470600228 end=470615845 air_us=976 gap_us=7036
REC oseq=744 s0=0x1e len=250 crc=1 rssi=-52 pairid=246 txtag=64 st=0x00 addr=470618634 end=470634955 air_us=1020 gap_us=174
REC oseq=745 s0=0x1a len=251 crc=1 rssi=-32 pairid=247 txtag=64 st=0x00 addr=470637749 end=470654134 air_us=1024 gap_us=174
REC oseq=746 s0=0x12 len=250 crc=1 rssi=-52 pairid=246 txtag=64 st=0x00 addr=470656922 end=470673243 air_us=1020 gap_us=174
REC oseq=747 s0=0x16 len=239 crc=1 rssi=-32 pairid=235 txtag=64 st=0x00 addr=470676037 end=470691654 air_us=976 gap_us=174
REC oseq=748 s0=0x1e len=250 crc=1 rssi=-52 pairid=246 txtag=64 st=0x00 addr=470694443 end=470710764 air_us=1020 gap_us=174
REC oseq=749 s0=0x1a len=251 crc=1 rssi=-32 pairid=247 txtag=64 st=0x00 addr=470713558 end=470729943 air_us=1024 gap_us=174
REC oseq=750 s0=0x12 len=250 crc=1 rssi=-52 pairid=246 txtag=64 st=0x00 addr=470732731 end=470749052 air_us=1020 gap_us=174
REC oseq=751 s0=0x16 len=239 crc=1 rssi=-32 pairid=235 txtag=64 st=0x00 addr=470751846 end=470767463 air_us=976 gap_us=174
REC oseq=752 s0=0x1e len=250 crc=1 rssi=-52 pairid=246 txtag=64 st=0x00 addr=470770252 end=470786573 air_us=1020 gap_us=174
REC oseq=753 s0=0x1a len=251 crc=1 rssi=-32 pairid=247 txtag=64 st=0x00 addr=470789367 end=470805752 air_us=1024 gap_us=174
REC oseq=754 s0=0x12 len=250 crc=1 rssi=-52 pairid=246 txtag=64 st=0x00 addr=470808540 end=470824861 air_us=1020 gap_us=174
REC oseq=755 s0=0x16 len=239 crc=0 rssi=-32 pairid=235 txtag=64 st=0x00 addr=470827655 end=470843272 air_us=976 gap_us=174
REC oseq=756 s0=0x16 len=251 crc=1 rssi=-32 pairid=247 txtag=64 st=0x00 addr=474200212 end=474216597 air_us=1024 gap_us=209808
REC oseq=757 s0=0x1e len=250 crc=1 rssi=-52 pairid=246 txtag=64 st=0x00 addr=474219392 end=474235713 air_us=1020 gap_us=174
REC oseq=758 s0=0x1a len=239 crc=1 rssi=-32 pairid=235 txtag=64 st=0x00 addr=474238501 end=474254118 air_us=976 gap_us=174
REC oseq=759 s0=0x12 len=250 crc=1 rssi=-52 pairid=246 txtag=64 st=0x00 addr=474256912 end=474273233 air_us=1020 gap_us=174
REC oseq=760 s0=0x16 len=251 crc=1 rssi=-32 pairid=247 txtag=64 st=0x00 addr=474276021 end=474292406 air_us=1024 gap_us=174
REC oseq=761 s0=0x1e len=250 crc=1 rssi=-52 pairid=246 txtag=64 st=0x00 addr=474295200 end=474311521 air_us=1020 gap_us=174
REC oseq=762 s0=0x1a len=239 crc=1 rssi=-32 pairid=235 txtag=64 st=0x00 addr=474314310 end=474329927 air_us=976 gap_us=174
REC oseq=763 s0=0x12 len=250 crc=1 rssi=-52 pairid=246 txtag=64 st=0x00 addr=474332721 end=474349042 air_us=1020 gap_us=174
REC oseq=764 s0=0x16 len=251 crc=1 rssi=-32 pairid=247 txtag=64 st=0x00 addr=474351830 end=474368215 air_us=1024 gap_us=174
REC oseq=765 s0=0x1e len=250 crc=1 rssi=-52 pairid=246 txtag=64 st=0x00 addr=474371009 end=474387330 air_us=1020 gap_us=174
REC oseq=766 s0=0x1a len=239 crc=1 rssi=-32 pairid=235 txtag=64 st=0x00 addr=474390119 end=474405736 air_us=976 gap_us=174
REC oseq=767 s0=0x12 len=250 crc=1 rssi=-52 pairid=246 txtag=64 st=0x00 addr=474408530 end=474424851 air_us=1020 gap_us=174
REC oseq=768 s0=0x16 len=251 crc=0 rssi=-32 pairid=247 txtag=64 st=0x00 addr=474427639 end=474444024 air_us=1024 gap_us=174
REC oseq=769 s0=0x25 len=55 crc=0 rssi=-92 pairid=38992 txtag=72 st=0x00 addr=476840200 end=476844041 air_us=240 gap_us=149761
REC oseq=770 s0=0x29 len=35 crc=0 rssi=-90 pairid=38988 txtag=64 st=0x00 addr=476877722 end=476880283 air_us=160 gap_us=2105
REC oseq=771 s0=0x25 len=183 crc=0 rssi=-92 pairid=38992 txtag=72 st=0x00 addr=476916009 end=476928042 air_us=752 gap_us=2232
REC oseq=772 s0=0x29 len=35 crc=0 rssi=-90 pairid=38988 txtag=72 st=0x00 addr=476953531 end=476956092 air_us=160 gap_us=1593
REC oseq=773 s0=0x25 len=183 crc=0 rssi=-92 pairid=38992 txtag=64 st=0x00 addr=476991818 end=477003851 air_us=752 gap_us=2232
REC oseq=774 s0=0x29 len=35 crc=0 rssi=-92 pairid=38988 txtag=72 st=0x00 addr=477029340 end=477031901 air_us=160 gap_us=1593
REC oseq=775 s0=0x25 len=55 crc=0 rssi=-92 pairid=38992 txtag=72 st=0x00 addr=477067627 end=477071468 air_us=240 gap_us=2232
REC oseq=776 s0=0x3a len=216 crc=0 rssi=-90 pairid=29586 txtag=97 st=0x00 addr=480200187 end=480214332 air_us=884 gap_us=195544
REC oseq=777 s0=0x36 len=216 crc=0 rssi=-91 pairid=30950 txtag=32 st=0x00 addr=480222410 end=480236555 air_us=884 gap_us=504
REC oseq=778 s0=0x3a len=216 crc=0 rssi=-90 pairid=62355 txtag=33 st=0x00 addr=480244635 end=480258780 air_us=884 gap_us=505
REC oseq=779 s0=0x36 len=216 crc=0 rssi=-91 pairid=30950 txtag=32 st=0x00 addr=480266859 end=480281004 air_us=884 gap_us=504
REC oseq=780 s0=0x3a len=216 crc=0 rssi=-90 pairid=29587 txtag=32 st=0x00 addr=480289083 end=480303228 air_us=884 gap_us=504
REC oseq=781 s0=0x3a len=216 crc=0 rssi=-92 pairid=29587 txtag=40 st=0x00 addr=480333531 end=480347676 air_us=884 gap_us=1893
REC oseq=782 s0=0x36 len=216 crc=0 rssi=-90 pairid=63718 txtag=47 st=0x00 addr=480355755 end=480369900 air_us=884 gap_us=504
REC oseq=783 s0=0x3a len=216 crc=0 rssi=-91 pairid=29587 txtag=32 st=0x00 addr=480377980 end=480392125 air_us=884 gap_us=505
REC oseq=784 s0=0x36 len=216 crc=0 rssi=-91 pairid=63719 txtag=17 st=0x00 addr=480400204 end=480414349 air_us=884 gap_us=504
REC oseq=785 s0=0x25 len=35 crc=0 rssi=-93 pairid=55372 txtag=72 st=0x00 addr=483837690 end=483840251 air_us=160 gap_us=213958
REC oseq=786 s0=0x25 len=35 crc=0 rssi=-91 pairid=55372 txtag=72 st=0x00 addr=483913499 end=483916060 air_us=160 gap_us=4578
REC oseq=787 s0=0x25 len=35 crc=0 rssi=-92 pairid=38988 txtag=72 st=0x00 addr=483989308 end=483991869 air_us=160 gap_us=4578
REC oseq=788 s0=0x29 len=55 crc=0 rssi=-90 pairid=38992 txtag=72 st=0x00 addr=484027598 end=484031439 air_us=240 gap_us=2233
REC oseq=789 s0=0x25 len=35 crc=0 rssi=-92 pairid=38988 txtag=80 st=0x00 addr=485277668 end=485280229 air_us=160 gap_us=77889
REC oseq=790 s0=0x29 len=55 crc=0 rssi=-91 pairid=38992 txtag=112 st=0x00 addr=485315955 end=485319796 air_us=240 gap_us=2232
REC oseq=791 s0=0x25 len=35 crc=0 rssi=-92 pairid=38988 txtag=72 st=0x00 addr=485391764 end=485394325 air_us=160 gap_us=4498
REC oseq=792 s0=0x29 len=55 crc=0 rssi=-90 pairid=38992 txtag=72 st=0x00 addr=485430053 end=485433894 air_us=240 gap_us=2233
REC oseq=793 s0=0x25 len=163 crc=0 rssi=-93 pairid=38989 txtag=72 st=0x00 addr=485467575 end=485478328 air_us=672 gap_us=2105
REC oseq=794 s0=0x9a len=225 crc=0 rssi=-74 pairid=51191 txtag=104 st=0x00 addr=489800146 end=489814868 air_us=920 gap_us=270113
REC oseq=795 s0=0x36 len=216 crc=0 rssi=-91 pairid=63718 txtag=33 st=0x00 addr=491502344 end=491516489 air_us=884 gap_us=105467
REC oseq=796 s0=0x3a len=216 crc=0 rssi=-91 pairid=62355 txtag=33 st=0x00 addr=491524552 end=491538697 air_us=884 gap_us=503
REC oseq=797 s0=0x36 len=216 crc=0 rssi=-90 pairid=63718 txtag=46 st=0x00 addr=491546760 end=491560905 air_us=884 gap_us=503
REC oseq=798 s0=0x3a len=216 crc=0 rssi=-90 pairid=62355 txtag=45 st=0x00 addr=491568968 end=491583113 air_us=884 gap_us=503
REC oseq=799 s0=0x36 len=216 crc=0 rssi=-90 pairid=63718 txtag=109 st=0x00 addr=491591177 end=491605322 air_us=884 gap_us=504
REC oseq=800 s0=0x36 len=216 crc=0 rssi=-90 pairid=30950 txtag=0 st=0x00 addr=491635609 end=491649754 air_us=884 gap_us=1892
REC oseq=801 s0=0x2e len=216 crc=0 rssi=-90 pairid=30951 txtag=34 st=0x00 addr=491680058 end=491694203 air_us=884 gap_us=1894
REC oseq=802 s0=0x1a len=218 crc=0 rssi=-90 pairid=29586 txtag=34 st=0x00 addr=491702281 end=491716554 air_us=892 gap_us=504
REC oseq=803 s0=0x1a len=251 crc=1 rssi=-32 pairid=247 txtag=64 st=0x00 addr=492920127 end=492936512 air_us=1024 gap_us=75223
REC oseq=804 s0=0x12 len=250 crc=0 rssi=-52 pairid=246 txtag=64 st=0x00 addr=492939309 end=492955630 air_us=1020 gap_us=174
REC oseq=805 s0=0x16 len=239 crc=1 rssi=-32 pairid=235 txtag=64 st=0x00 addr=492958416 end=492974033 air_us=976 gap_us=174
REC oseq=806 s0=0x3e len=250 crc=0 rssi=-46 pairid=32982 txtag=64 st=0x00 addr=492976829 end=492993150 air_us=1020 gap_us=174
REC oseq=807 s0=0x1a len=251 crc=1 rssi=-32 pairid=247 txtag=64 st=0x00 addr=492995936 end=493012321 air_us=1024 gap_us=174
REC oseq=808 s0=0x12 len=250 crc=1 rssi=-52 pairid=246 txtag=64 st=0x00 addr=493015118 end=493031439 air_us=1020 gap_us=174
REC oseq=809 s0=0x16 len=239 crc=1 rssi=-32 pairid=235 txtag=64 st=0x00 addr=493034225 end=493049842 air_us=976 gap_us=174
REC oseq=810 s0=0x1e len=250 crc=1 rssi=-52 pairid=246 txtag=64 st=0x00 addr=493052638 end=493068959 air_us=1020 gap_us=174
REC oseq=811 s0=0x1a len=251 crc=1 rssi=-32 pairid=247 txtag=64 st=0x00 addr=493071745 end=493088130 air_us=1024 gap_us=174
REC oseq=812 s0=0x12 len=250 crc=1 rssi=-52 pairid=246 txtag=64 st=0x00 addr=493090926 end=493107247 air_us=1020 gap_us=174
REC oseq=813 s0=0x16 len=239 crc=1 rssi=-32 pairid=235 txtag=64 st=0x00 addr=493110034 end=493125651 air_us=976 gap_us=174
REC oseq=814 s0=0x1e len=250 crc=1 rssi=-52 pairid=246 txtag=64 st=0x00 addr=493128446 end=493144767 air_us=1020 gap_us=174
REC oseq=815 s0=0x1a len=251 crc=0 rssi=-32 pairid=247 txtag=64 st=0x00 addr=493147554 end=493163939 air_us=1024 gap_us=174
REC oseq=816 s0=0x5e len=29 crc=0 rssi=-92 pairid=64128 txtag=163 st=0x00 addr=494915927 end=494918104 air_us=136 gap_us=109499
REC oseq=817 s0=0x5e len=13 crc=0 rssi=-91 pairid=31490 txtag=163 st=0x00 addr=495067545 end=495068698 air_us=72 gap_us=9340
REC oseq=818 s0=0x36 len=216 crc=0 rssi=-91 pairid=30950 txtag=113 st=0x00 addr=496564564 end=496578710 air_us=884 gap_us=93491
REC oseq=819 s0=0x3a len=216 crc=0 rssi=-91 pairid=62355 txtag=33 st=0x00 addr=496586784 end=496600929 air_us=884 gap_us=504
REC oseq=820 s0=0x36 len=217 crc=0 rssi=-90 pairid=30951 txtag=33 st=0x00 addr=496609011 end=496623220 air_us=888 gap_us=505
REC oseq=821 s0=0x3a len=216 crc=0 rssi=-91 pairid=62355 txtag=33 st=0x00 addr=496631234 end=496645379 air_us=884 gap_us=500
REC oseq=822 s0=0x3a len=216 crc=0 rssi=-91 pairid=30950 txtag=48 st=0x00 addr=496697908 end=496712053 air_us=884 gap_us=3283
REC oseq=823 s0=0x59 len=212 crc=0 rssi=-92 pairid=39091 txtag=12 st=0x00 addr=496720131 end=496734020 air_us=868 gap_us=504
REC oseq=824 s0=0x36 len=200 crc=0 rssi=-90 pairid=30951 txtag=33 st=0x00 addr=496743124 end=496756245 air_us=820 gap_us=569
REC oseq=825 s0=0x12 len=125 crc=0 rssi=-91 pairid=39244 txtag=163 st=0x00 addr=497909246 end=497917567 air_us=520 gap_us=72062
REC oseq=826 s0=0x29 len=55 crc=0 rssi=-92 pairid=38992 txtag=72 st=0x00 addr=501358379 end=501362220 air_us=240 gap_us=215050
REC oseq=827 s0=0x25 len=195 crc=0 rssi=-93 pairid=38988 txtag=72 st=0x00 addr=501395899 end=501408700 air_us=800 gap_us=2104
REC oseq=828 s0=0x29 len=55 crc=0 rssi=-91 pairid=55376 txtag=72 st=0x00 addr=501434187 end=501438028 air_us=240 gap_us=1592
REC oseq=829 s0=0x25 len=35 crc=0 rssi=-92 pairid=38988 txtag=80 st=0x00 addr=501471708 end=501474269 air_us=160 gap_us=2105
REC oseq=830 s0=0x36 len=216 crc=0 rssi=-91 pairid=30950 txtag=32 st=0x00 addr=501822312 end=501836457 air_us=884 gap_us=21752
REC oseq=831 s0=0x3a len=216 crc=0 rssi=-91 pairid=62354 txtag=45 st=0x00 addr=501844535 end=501858680 air_us=884 gap_us=504
REC oseq=832 s0=0x3a len=216 crc=0 rssi=-90 pairid=62355 txtag=33 st=0x00 addr=501888984 end=501903129 air_us=884 gap_us=1894
REC oseq=833 s0=0x2e len=216 crc=0 rssi=-90 pairid=30951 txtag=193 st=0x00 addr=501911212 end=501925358 air_us=884 gap_us=505
REC oseq=834 s0=0x2a len=216 crc=0 rssi=-92 pairid=29587 txtag=45 st=0x00 addr=501933434 end=501947579 air_us=884 gap_us=504
REC oseq=835 s0=0x3a len=216 crc=0 rssi=-90 pairid=29587 txtag=33 st=0x00 addr=501955659 end=501969804 air_us=884 gap_us=505
REC oseq=836 s0=0x36 len=216 crc=0 rssi=-90 pairid=63718 txtag=32 st=0x00 addr=501977882 end=501992027 air_us=884 gap_us=504
REC oseq=837 s0=0x3a len=216 crc=0 rssi=-90 pairid=29587 txtag=32 st=0x00 addr=502000107 end=502014252 air_us=884 gap_us=505
REC oseq=838 s0=0x36 len=216 crc=0 rssi=-91 pairid=63718 txtag=33 st=0x00 addr=502022331 end=502036476 air_us=884 gap_us=504
REC oseq=839 s0=0x86 len=11 crc=0 rssi=-92 pairid=44511 txtag=37 st=0x00 addr=502457882 end=502458907 air_us=64 gap_us=26337
REC oseq=840 s0=0x75 len=234 crc=0 rssi=-91 pairid=59688 txtag=202 st=0x00 addr=510880068 end=510895365 air_us=956 gap_us=526322
REC oseq=841 s0=0xd2 len=108 crc=0 rssi=-92 pairid=63616 txtag=187 st=0x00 addr=514747458 end=514754691 air_us=452 gap_us=240755
REC oseq=842 s0=0x25 len=55 crc=0 rssi=-93 pairid=55376 txtag=72 st=0x00 addr=515391615 end=515395456 air_us=240 gap_us=39807
REC oseq=843 s0=0x29 len=35 crc=0 rssi=-91 pairid=38988 txtag=72 st=0x00 addr=515429119 end=515431680 air_us=160 gap_us=2103
REC oseq=844 s0=0x1a len=239 crc=1 rssi=-32 pairid=235 txtag=64 st=0x00 addr=517640017 end=517655634 air_us=976 gap_us=138021
REC oseq=845 s0=0x12 len=250 crc=1 rssi=-52 pairid=246 txtag=64 st=0x00 addr=517658431 end=517674752 air_us=1020 gap_us=174
REC oseq=846 s0=0x16 len=251 crc=1 rssi=-32 pairid=247 txtag=64 st=0x00 addr=517677537 end=517693922 air_us=1024 gap_us=174
REC oseq=847 s0=0x1e len=250 crc=1 rssi=-52 pairid=246 txtag=64 st=0x00 addr=517696719 end=517713040 air_us=1020 gap_us=174
REC oseq=848 s0=0x1a len=239 crc=1 rssi=-32 pairid=235 txtag=64 st=0x00 addr=517715826 end=517731443 air_us=976 gap_us=174
REC oseq=849 s0=0x12 len=250 crc=1 rssi=-52 pairid=246 txtag=64 st=0x00 addr=517734239 end=517750560 air_us=1020 gap_us=174
REC oseq=850 s0=0x16 len=251 crc=1 rssi=-32 pairid=247 txtag=64 st=0x00 addr=517753346 end=517769731 air_us=1024 gap_us=174
REC oseq=851 s0=0x1e len=250 crc=0 rssi=-52 pairid=246 txtag=64 st=0x00 addr=517772528 end=517788849 air_us=1020 gap_us=174
REC oseq=852 s0=0x16 len=251 crc=1 rssi=-32 pairid=247 txtag=64 st=0x00 addr=517791635 end=517808020 air_us=1024 gap_us=174
REC oseq=853 s0=0x1e len=250 crc=1 rssi=-52 pairid=246 txtag=64 st=0x00 addr=517810816 end=517827137 air_us=1020 gap_us=174
REC oseq=854 s0=0x1a len=239 crc=1 rssi=-32 pairid=235 txtag=64 st=0x00 addr=517829923 end=517845540 air_us=976 gap_us=174
REC oseq=855 s0=0x12 len=250 crc=1 rssi=-52 pairid=246 txtag=64 st=0x00 addr=517848337 end=517864658 air_us=1020 gap_us=174
REC oseq=856 s0=0x16 len=251 crc=0 rssi=-32 pairid=247 txtag=64 st=0x00 addr=517867444 end=517883829 air_us=1024 gap_us=174
REC oseq=857 s0=0x1a len=251 crc=1 rssi=-32 pairid=247 txtag=64 st=0x00 addr=520520004 end=520536389 air_us=1024 gap_us=164760
REC oseq=858 s0=0x12 len=250 crc=1 rssi=-52 pairid=246 txtag=64 st=0x00 addr=520539178 end=520555499 air_us=1020 gap_us=174
REC oseq=859 s0=0x16 len=239 crc=1 rssi=-32 pairid=235 txtag=64 st=0x00 addr=520558293 end=520573910 air_us=976 gap_us=174
REC oseq=860 s0=0x1e len=250 crc=1 rssi=-52 pairid=246 txtag=64 st=0x00 addr=520576698 end=520593019 air_us=1020 gap_us=174
REC oseq=861 s0=0x1a len=251 crc=1 rssi=-31 pairid=247 txtag=64 st=0x00 addr=520595813 end=520612198 air_us=1024 gap_us=174
REC oseq=862 s0=0x12 len=250 crc=1 rssi=-52 pairid=246 txtag=64 st=0x00 addr=520614986 end=520631307 air_us=1020 gap_us=174
REC oseq=863 s0=0x16 len=239 crc=0 rssi=-32 pairid=235 txtag=64 st=0x00 addr=520634102 end=520649719 air_us=976 gap_us=174
REC oseq=864 s0=0x12 len=250 crc=1 rssi=-52 pairid=246 txtag=64 st=0x00 addr=520652507 end=520668828 air_us=1020 gap_us=174
REC oseq=865 s0=0x16 len=239 crc=1 rssi=-32 pairid=235 txtag=64 st=0x00 addr=520671622 end=520687239 air_us=976 gap_us=174
REC oseq=866 s0=0x1e len=250 crc=1 rssi=-52 pairid=246 txtag=64 st=0x00 addr=520690027 end=520706348 air_us=1020 gap_us=174
REC oseq=867 s0=0x1a len=251 crc=1 rssi=-32 pairid=247 txtag=64 st=0x00 addr=520709143 end=520725528 air_us=1024 gap_us=174
REC oseq=868 s0=0x12 len=250 crc=1 rssi=-52 pairid=246 txtag=64 st=0x00 addr=520728316 end=520744637 air_us=1020 gap_us=174
REC oseq=869 s0=0x16 len=239 crc=0 rssi=-32 pairid=235 txtag=64 st=0x00 addr=520747431 end=520763048 air_us=976 gap_us=174
REC oseq=870 s0=0xe6 len=158 crc=0 rssi=-69 pairid=62536 txtag=21 st=0x00 addr=523879991 end=523890425 air_us=652 gap_us=194808
REC oseq=871 s0=0x41 len=150 crc=0 rssi=-90 pairid=4958 txtag=202 st=0x00 addr=532982191 end=532992112 air_us=620 gap_us=568235
REC oseq=872 s0=0x16 len=251 crc=1 rssi=-32 pairid=247 txtag=64 st=0x00 addr=533719945 end=533736330 air_us=1024 gap_us=45489
REC oseq=873 s0=0x1e len=250 crc=1 rssi=-52 pairid=246 txtag=64 st=0x00 addr=533739117 end=533755438 air_us=1020 gap_us=174
REC oseq=874 s0=0x1a len=239 crc=1 rssi=-32 pairid=235 txtag=64 st=0x00 addr=533758233 end=533773850 air_us=976 gap_us=174
REC oseq=875 s0=0x12 len=250 crc=1 rssi=-52 pairid=246 txtag=64 st=0x00 addr=533776638 end=533792959 air_us=1020 gap_us=174
REC oseq=876 s0=0x16 len=251 crc=1 rssi=-32 pairid=247 txtag=64 st=0x00 addr=533795754 end=533812139 air_us=1024 gap_us=174
REC oseq=877 s0=0x1e len=250 crc=1 rssi=-52 pairid=246 txtag=64 st=0x00 addr=533814926 end=533831247 air_us=1020 gap_us=174
REC oseq=878 s0=0x1a len=239 crc=1 rssi=-32 pairid=235 txtag=64 st=0x00 addr=533834042 end=533849659 air_us=976 gap_us=174
REC oseq=879 s0=0x12 len=250 crc=1 rssi=-52 pairid=246 txtag=64 st=0x00 addr=533852446 end=533868767 air_us=1020 gap_us=174
REC oseq=880 s0=0x16 len=251 crc=1 rssi=-32 pairid=247 txtag=64 st=0x00 addr=533871563 end=533887948 air_us=1024 gap_us=174
REC oseq=881 s0=0x1e len=250 crc=1 rssi=-52 pairid=246 txtag=64 st=0x00 addr=533890735 end=533907056 air_us=1020 gap_us=174
REC oseq=882 s0=0x1a len=239 crc=1 rssi=-32 pairid=235 txtag=64 st=0x00 addr=533909851 end=533925468 air_us=976 gap_us=174
REC oseq=883 s0=0x12 len=250 crc=1 rssi=-52 pairid=246 txtag=64 st=0x00 addr=533928255 end=533944576 air_us=1020 gap_us=174
REC oseq=884 s0=0x16 len=251 crc=0 rssi=-32 pairid=247 txtag=64 st=0x00 addr=533947372 end=533963757 air_us=1024 gap_us=174
REC oseq=885 s0=0x29 len=55 crc=0 rssi=-91 pairid=38992 txtag=72 st=0x00 addr=535034036 end=535037877 air_us=240 gap_us=66892
REC oseq=886 s0=0x3a len=212 crc=0 rssi=-90 pairid=39091 txtag=12 st=0x00 addr=535109845 end=535123734 air_us=868 gap_us=4498
REC oseq=887 s0=0x36 len=216 crc=0 rssi=-90 pairid=30950 txtag=1 st=0x00 addr=535132837 end=535146982 air_us=884 gap_us=568
REC oseq=888 s0=0x52 len=108 crc=0 rssi=-92 pairid=30848 txtag=163 st=0x00 addr=536587359 end=536594592 air_us=452 gap_us=90023
REC oseq=889 s0=0x2d len=239 crc=0 rssi=-89 pairid=37425 txtag=203 st=0x00 addr=537079931 end=537095548 air_us=976 gap_us=30333
REC oseq=890 s0=0x7d len=149 crc=0 rssi=-92 pairid=6954 txtag=202 st=0x00 addr=539022145 end=539032002 air_us=616 gap_us=120412
REC oseq=891 s0=0x95 len=245 crc=0 rssi=-92 pairid=5566 txtag=96 st=0x00 addr=539719919 end=539735920 air_us=1000 gap_us=42994
REC oseq=892 s0=0x41 len=143 crc=0 rssi=-90 pairid=39210 txtag=194 st=0x00 addr=544084347 end=544093820 air_us=592 gap_us=271776
REC oseq=893 s0=0x71 len=214 crc=0 rssi=-92 pairid=4954 txtag=210 st=0x00 addr=544151018 end=544165035 air_us=876 gap_us=3574
REC oseq=894 s0=0x25 len=35 crc=0 rssi=-92 pairid=12876 txtag=146 st=0x00 addr=545479892 end=545482453 air_us=160 gap_us=82178
REC oseq=895 s0=0x28 len=55 crc=0 rssi=-91 pairid=55376 txtag=72 st=0x00 addr=545518182 end=545522023 air_us=240 gap_us=2233
REC oseq=896 s0=0x29 len=7 crc=0 rssi=-92 pairid=38992 txtag=72 st=0x00 addr=545593990 end=545594759 air_us=48 gap_us=4497
REC oseq=897 s0=0x29 len=55 crc=0 rssi=-91 pairid=55376 txtag=72 st=0x00 addr=545631510 end=545635351 air_us=240 gap_us=2296
REC oseq=898 s0=0x25 len=35 crc=0 rssi=-92 pairid=38988 txtag=72 st=0x00 addr=545669030 end=545671591 air_us=160 gap_us=2104
REC oseq=899 s0=0x29 len=55 crc=0 rssi=-92 pairid=38992 txtag=80 st=0x00 addr=545707319 end=545711160 air_us=240 gap_us=2233
REC oseq=900 s0=0x3a len=216 crc=0 rssi=-92 pairid=29587 txtag=64 st=0x00 addr=547159885 end=547174030 air_us=884 gap_us=90545
REC oseq=901 s0=0x36 len=216 crc=0 rssi=-91 pairid=30950 txtag=45 st=0x00 addr=547182109 end=547196254 air_us=884 gap_us=504
REC oseq=902 s0=0x25 len=55 crc=0 rssi=-92 pairid=38992 txtag=72 st=0x00 addr=547211295 end=547215136 air_us=240 gap_us=940
REC oseq=903 s0=0x29 len=35 crc=0 rssi=-92 pairid=55372 txtag=72 st=0x00 addr=547248799 end=547251360 air_us=160 gap_us=2103
REC oseq=904 s0=0x25 len=247 crc=0 rssi=-91 pairid=38992 txtag=72 st=0x00 addr=547287071 end=547303200 air_us=1008 gap_us=2231
REC oseq=905 s0=0x29 len=35 crc=0 rssi=-91 pairid=38988 txtag=72 st=0x00 addr=547324575 end=547327136 air_us=160 gap_us=1335
REC oseq=906 s0=0x3d len=55 crc=0 rssi=-92 pairid=38992 txtag=72 st=0x00 addr=547475691 end=547479532 air_us=240 gap_us=9284
REC oseq=907 s0=0x29 len=35 crc=0 rssi=-91 pairid=38988 txtag=72 st=0x00 addr=547513212 end=547515773 air_us=160 gap_us=2105
REC oseq=908 s0=0x3d len=55 crc=0 rssi=-91 pairid=38992 txtag=72 st=0x00 addr=547551500 end=547555341 air_us=240 gap_us=2232
REC oseq=909 s0=0x07 len=119 crc=0 rssi=-91 pairid=38992 txtag=72 st=0x00 addr=547627297 end=547635235 air_us=496 gap_us=4497
REC oseq=910 s0=0x09 len=0 crc=1 rssi=-32 pairid=38992 txtag=72 st=0x00 addr=549079875 end=549080196 air_us=20 gap_us=90290
REC oseq=911 s0=0x12 len=250 crc=1 rssi=-52 pairid=246 txtag=64 st=0x00 addr=549082992 end=549099313 air_us=1020 gap_us=174
REC oseq=912 s0=0x05 len=0 crc=1 rssi=-33 pairid=246 txtag=64 st=0x00 addr=549102099 end=549102420 air_us=20 gap_us=174
REC oseq=913 s0=0x1e len=250 crc=1 rssi=-52 pairid=246 txtag=64 st=0x00 addr=549105216 end=549121537 air_us=1020 gap_us=174
REC oseq=914 s0=0x09 len=0 crc=1 rssi=-32 pairid=246 txtag=64 st=0x00 addr=549124324 end=549124645 air_us=20 gap_us=174
REC oseq=915 s0=0x12 len=250 crc=1 rssi=-52 pairid=246 txtag=64 st=0x00 addr=549127440 end=549143761 air_us=1020 gap_us=174
REC oseq=916 s0=0x05 len=0 crc=1 rssi=-33 pairid=246 txtag=64 st=0x00 addr=549146548 end=549146869 air_us=20 gap_us=174
REC oseq=917 s0=0x1e len=250 crc=1 rssi=-52 pairid=246 txtag=64 st=0x00 addr=549149664 end=549165985 air_us=1020 gap_us=174
REC oseq=918 s0=0x09 len=0 crc=1 rssi=-32 pairid=246 txtag=64 st=0x00 addr=549168772 end=549169093 air_us=20 gap_us=174
REC oseq=919 s0=0x12 len=250 crc=1 rssi=-52 pairid=246 txtag=64 st=0x00 addr=549171889 end=549188210 air_us=1020 gap_us=174
REC oseq=920 s0=0x05 len=0 crc=1 rssi=-33 pairid=246 txtag=64 st=0x00 addr=549190996 end=549191317 air_us=20 gap_us=174
REC oseq=921 s0=0x1e len=250 crc=1 rssi=-52 pairid=246 txtag=64 st=0x00 addr=549194113 end=549210434 air_us=1020 gap_us=174
REC oseq=922 s0=0x09 len=0 crc=1 rssi=-32 pairid=246 txtag=64 st=0x00 addr=549213221 end=549213542 air_us=20 gap_us=174
REC oseq=923 s0=0x12 len=250 crc=1 rssi=-52 pairid=246 txtag=64 st=0x00 addr=549216337 end=549232658 air_us=1020 gap_us=174
REC oseq=924 s0=0x05 len=0 crc=1 rssi=-33 pairid=246 txtag=64 st=0x00 addr=549235445 end=549235766 air_us=20 gap_us=174
REC oseq=925 s0=0x1e len=250 crc=1 rssi=-52 pairid=246 txtag=64 st=0x00 addr=549238561 end=549254882 air_us=1020 gap_us=174
REC oseq=926 s0=0x09 len=0 crc=1 rssi=-32 pairid=246 txtag=64 st=0x00 addr=549257670 end=549257991 air_us=20 gap_us=174
REC oseq=927 s0=0x12 len=250 crc=1 rssi=-52 pairid=246 txtag=64 st=0x00 addr=549260786 end=549277107 air_us=1020 gap_us=174
REC oseq=928 s0=0x05 len=0 crc=1 rssi=-33 pairid=246 txtag=64 st=0x00 addr=549279894 end=549280215 air_us=20 gap_us=174
REC oseq=929 s0=0x1e len=250 crc=1 rssi=-52 pairid=246 txtag=64 st=0x00 addr=549283010 end=549299331 air_us=1020 gap_us=174
REC oseq=930 s0=0x09 len=0 crc=1 rssi=-32 pairid=246 txtag=64 st=0x00 addr=549302118 end=549302439 air_us=20 gap_us=174
REC oseq=931 s0=0x12 len=250 crc=0 rssi=-52 pairid=246 txtag=64 st=0x00 addr=549305234 end=549321555 air_us=1020 gap_us=174
REC oseq=932 s0=0x25 len=35 crc=0 rssi=-92 pairid=38988 txtag=72 st=0x00 addr=550797389 end=550799950 air_us=160 gap_us=92239
REC oseq=933 s0=0x25 len=35 crc=0 rssi=-92 pairid=55372 txtag=72 st=0x00 addr=550911486 end=550914047 air_us=160 gap_us=6971
REC oseq=934 s0=0x1a len=239 crc=1 rssi=-32 pairid=235 txtag=64 st=0x00 addr=551479866 end=551495483 air_us=976 gap_us=35363
REC oseq=935 s0=0x12 len=250 crc=1 rssi=-52 pairid=246 txtag=64 st=0x00 addr=551498271 end=551514592 air_us=1020 gap_us=174
REC oseq=936 s0=0x16 len=251 crc=1 rssi=-32 pairid=247 txtag=64 st=0x00 addr=551517386 end=551533771 air_us=1024 gap_us=174
REC oseq=937 s0=0x1e len=250 crc=1 rssi=-52 pairid=246 txtag=64 st=0x00 addr=551536559 end=551552880 air_us=1020 gap_us=174
REC oseq=938 s0=0x1a len=239 crc=1 rssi=-32 pairid=235 txtag=64 st=0x00 addr=551555675 end=551571292 air_us=976 gap_us=174
REC oseq=939 s0=0x12 len=250 crc=1 rssi=-52 pairid=246 txtag=64 st=0x00 addr=551574079 end=551590400 air_us=1020 gap_us=174
REC oseq=940 s0=0x16 len=251 crc=1 rssi=-32 pairid=247 txtag=64 st=0x00 addr=551593196 end=551609581 air_us=1024 gap_us=174
REC oseq=941 s0=0x1e len=250 crc=1 rssi=-52 pairid=246 txtag=64 st=0x00 addr=551612368 end=551628689 air_us=1020 gap_us=174
REC oseq=942 s0=0x0a len=12 crc=1 rssi=-32 pairid=8 txtag=5 st=0x00 addr=551631484 end=551632573 air_us=68 gap_us=174
REC oseq=943 s0=0x12 len=250 crc=1 rssi=-52 pairid=246 txtag=64 st=0x00 addr=551635360 end=551651681 air_us=1020 gap_us=174
REC oseq=944 s0=0x05 len=0 crc=1 rssi=-33 pairid=246 txtag=64 st=0x00 addr=551654476 end=551654797 air_us=20 gap_us=174
REC oseq=945 s0=0x1e len=250 crc=1 rssi=-52 pairid=246 txtag=64 st=0x00 addr=551657584 end=551673905 air_us=1020 gap_us=174
REC oseq=946 s0=0x09 len=0 crc=1 rssi=-32 pairid=246 txtag=64 st=0x00 addr=551676701 end=551677022 air_us=20 gap_us=174
REC oseq=947 s0=0x12 len=250 crc=1 rssi=-52 pairid=246 txtag=64 st=0x00 addr=551679808 end=551696129 air_us=1020 gap_us=174
REC oseq=948 s0=0x05 len=0 crc=1 rssi=-33 pairid=246 txtag=64 st=0x00 addr=551698925 end=551699246 air_us=20 gap_us=174
REC oseq=949 s0=0x1e len=250 crc=0 rssi=-52 pairid=246 txtag=64 st=0x00 addr=551702033 end=551718354 air_us=1020 gap_us=174
REC oseq=950 s0=0x25 len=55 crc=0 rssi=-91 pairid=38992 txtag=78 st=0x00 addr=559159830 end=559163671 air_us=240 gap_us=465092
REC oseq=951 s0=0x29 len=35 crc=0 rssi=-91 pairid=38988 txtag=72 st=0x00 addr=559197351 end=559199912 air_us=160 gap_us=2105
REC oseq=952 s0=0x25 len=55 crc=0 rssi=-92 pairid=55376 txtag=72 st=0x00 addr=559235641 end=559239482 air_us=240 gap_us=2233
REC oseq=953 s0=0x23 len=119 crc=0 rssi=-91 pairid=38992 txtag=72 st=0x00 addr=559311451 end=559319389 air_us=496 gap_us=4498
REC oseq=954 s0=0x25 len=55 crc=0 rssi=-91 pairid=38992 txtag=72 st=0x00 addr=559387258 end=559391099 air_us=240 gap_us=4241
REC oseq=955 s0=0x1a len=239 crc=1 rssi=-32 pairid=235 txtag=64 st=0x00 addr=561559818 end=561575435 air_us=976 gap_us=135544
REC oseq=956 s0=0x12 len=250 crc=1 rssi=-52 pairid=246 txtag=64 st=0x00 addr=561578233 end=561594554 air_us=1020 gap_us=174
REC oseq=957 s0=0x16 len=251 crc=1 rssi=-32 pairid=247 txtag=64 st=0x00 addr=561597339 end=561613724 air_us=1024 gap_us=174
REC oseq=958 s0=0x1e len=250 crc=1 rssi=-52 pairid=246 txtag=64 st=0x00 addr=561616521 end=561632842 air_us=1020 gap_us=174
REC oseq=959 s0=0x1a len=239 crc=1 rssi=-32 pairid=235 txtag=64 st=0x00 addr=561635628 end=561651245 air_us=976 gap_us=174
REC oseq=960 s0=0x12 len=250 crc=1 rssi=-52 pairid=246 txtag=64 st=0x00 addr=561654041 end=561670362 air_us=1020 gap_us=174
REC oseq=961 s0=0x16 len=251 crc=1 rssi=-32 pairid=247 txtag=64 st=0x00 addr=561673148 end=561689533 air_us=1024 gap_us=174
REC oseq=962 s0=0x1e len=250 crc=1 rssi=-52 pairid=246 txtag=64 st=0x00 addr=561692330 end=561708651 air_us=1020 gap_us=174
REC oseq=963 s0=0x1a len=239 crc=1 rssi=-32 pairid=235 txtag=64 st=0x00 addr=561711437 end=561727054 air_us=976 gap_us=174
REC oseq=964 s0=0x12 len=250 crc=1 rssi=-52 pairid=246 txtag=64 st=0x00 addr=561729850 end=561746171 air_us=1020 gap_us=174
REC oseq=965 s0=0x16 len=251 crc=1 rssi=-32 pairid=247 txtag=64 st=0x00 addr=561748957 end=561765342 air_us=1024 gap_us=174
REC oseq=966 s0=0x1e len=250 crc=1 rssi=-52 pairid=246 txtag=64 st=0x00 addr=561768138 end=561784459 air_us=1020 gap_us=174
REC oseq=967 s0=0x1a len=239 crc=0 rssi=-31 pairid=235 txtag=64 st=0x00 addr=561787246 end=561802863 air_us=976 gap_us=174
REC oseq=968 s0=0x05 len=0 crc=1 rssi=-33 pairid=235 txtag=64 st=0x00 addr=566119800 end=566120121 air_us=20 gap_us=269808
REC oseq=969 s0=0x1e len=250 crc=1 rssi=-52 pairid=246 txtag=64 st=0x00 addr=566122919 end=566139240 air_us=1020 gap_us=174
REC oseq=970 s0=0x09 len=0 crc=1 rssi=-32 pairid=246 txtag=64 st=0x00 addr=566142024 end=566142345 air_us=20 gap_us=174
REC oseq=971 s0=0x05 len=0 crc=1 rssi=-33 pairid=246 txtag=64 st=0x00 addr=566164248 end=566164569 air_us=20 gap_us=1368
REC oseq=972 s0=0x1e len=250 crc=1 rssi=-52 pairid=246 txtag=64 st=0x00 addr=566167367 end=566183688 air_us=1020 gap_us=174
REC oseq=973 s0=0x09 len=0 crc=1 rssi=-32 pairid=246 txtag=64 st=0x00 addr=566186473 end=566186794 air_us=20 gap_us=174
REC oseq=974 s0=0x12 len=250 crc=1 rssi=-52 pairid=246 txtag=64 st=0x00 addr=566189592 end=566205913 air_us=1020 gap_us=174
REC oseq=975 s0=0x05 len=0 crc=1 rssi=-33 pairid=246 txtag=64 st=0x00 addr=566208697 end=566209018 air_us=20 gap_us=174
REC oseq=976 s0=0x1e len=250 crc=1 rssi=-52 pairid=246 txtag=64 st=0x00 addr=566211816 end=566228137 air_us=1020 gap_us=174
REC oseq=977 s0=0x09 len=0 crc=1 rssi=-32 pairid=246 txtag=64 st=0x00 addr=566230921 end=566231242 air_us=20 gap_us=174
REC oseq=978 s0=0x12 len=250 crc=1 rssi=-52 pairid=246 txtag=64 st=0x00 addr=566234040 end=566250361 air_us=1020 gap_us=174
REC oseq=979 s0=0x05 len=0 crc=1 rssi=-33 pairid=246 txtag=64 st=0x00 addr=566253145 end=566253466 air_us=20 gap_us=174
REC oseq=980 s0=0x1e len=12 crc=1 rssi=-52 pairid=8 txtag=5 st=0x00 addr=566256264 end=566257353 air_us=68 gap_us=174
REC oseq=981 s0=0x09 len=0 crc=1 rssi=-32 pairid=8 txtag=5 st=0x00 addr=566260138 end=566260459 air_us=20 gap_us=174
REC oseq=982 s0=0x12 len=250 crc=1 rssi=-52 pairid=246 txtag=64 st=0x00 addr=566263256 end=566279577 air_us=1020 gap_us=174
REC oseq=983 s0=0x16 len=251 crc=1 rssi=-32 pairid=247 txtag=64 st=0x00 addr=566282362 end=566298747 air_us=1024 gap_us=174
REC oseq=984 s0=0x1e len=250 crc=1 rssi=-52 pairid=246 txtag=64 st=0x00 addr=566301545 end=566317866 air_us=1020 gap_us=174
REC oseq=985 s0=0x1a len=239 crc=1 rssi=-32 pairid=235 txtag=64 st=0x00 addr=566320650 end=566336267 air_us=976 gap_us=174
REC oseq=986 s0=0x12 len=250 crc=0 rssi=-52 pairid=246 txtag=64 st=0x00 addr=566339065 end=566355386 air_us=1020 gap_us=174
REC oseq=987 s0=0x3a len=217 crc=0 rssi=-91 pairid=62355 txtag=3 st=0x00 addr=570679777 end=570693986 air_us=888 gap_us=270274
REC oseq=988 s0=0x36 len=216 crc=0 rssi=-91 pairid=30950 txtag=33 st=0x00 addr=570702003 end=570716148 air_us=884 gap_us=501
REC oseq=989 s0=0x3a len=216 crc=0 rssi=-90 pairid=29587 txtag=32 st=0x00 addr=570724228 end=570738373 air_us=884 gap_us=505
REC oseq=990 s0=0x36 len=216 crc=0 rssi=-90 pairid=63718 txtag=33 st=0x00 addr=570746452 end=570760597 air_us=884 gap_us=504
REC oseq=991 s0=0x3a len=216 crc=0 rssi=-90 pairid=62355 txtag=33 st=0x00 addr=570768675 end=570782820 air_us=884 gap_us=504
REC oseq=992 s0=0x36 len=216 crc=0 rssi=-92 pairid=63719 txtag=33 st=0x00 addr=570790899 end=570805044 air_us=884 gap_us=504
REC oseq=993 s0=0x3a len=216 crc=0 rssi=-89 pairid=29587 txtag=32 st=0x00 addr=570813125 end=570827270 air_us=884 gap_us=505
REC oseq=994 s0=0x36 len=217 crc=0 rssi=-90 pairid=30950 txtag=46 st=0x00 addr=570835349 end=570849558 air_us=888 gap_us=504
REC oseq=995 s0=0xba len=217 crc=0 rssi=-90 pairid=29587 txtag=33 st=0x00 addr=570857573 end=570871782 air_us=888 gap_us=500
REC oseq=996 s0=0x36 len=216 crc=0 rssi=-91 pairid=63718 txtag=33 st=0x00 addr=570879797 end=570893942 air_us=884 gap_us=500
REC oseq=997 s0=0x3a len=216 crc=0 rssi=-91 pairid=29587 txtag=32 st=0x00 addr=570902021 end=570916166 air_us=884 gap_us=504
REC oseq=998 s0=0x16 len=251 crc=1 rssi=-32 pairid=247 txtag=64 st=0x00 addr=572359772 end=572376157 air_us=1024 gap_us=90225
REC oseq=999 s0=0x1e len=250 crc=1 rssi=-52 pairid=246 txtag=64 st=0x00 addr=572378940 end=572395261 air_us=1020 gap_us=173
REC oseq=1000 s0=0x1a len=239 crc=1 rssi=-32 pairid=235 txtag=64 st=0x00 addr=572398044 end=572413661 air_us=976 gap_us=173
REC oseq=1001 s0=0x12 len=250 crc=1 rssi=-52 pairid=246 txtag=64 st=0x00 addr=572416460 end=572432781 air_us=1020 gap_us=174
REC oseq=1002 s0=0x16 len=251 crc=1 rssi=-32 pairid=247 txtag=64 st=0x00 addr=572435565 end=572451950 air_us=1024 gap_us=174
REC oseq=1003 s0=0x1e len=250 crc=1 rssi=-52 pairid=246 txtag=64 st=0x00 addr=572454748 end=572471069 air_us=1020 gap_us=174
REC oseq=1004 s0=0x1a len=239 crc=1 rssi=-32 pairid=235 txtag=64 st=0x00 addr=572473853 end=572489470 air_us=976 gap_us=174
REC oseq=1005 s0=0x12 len=250 crc=1 rssi=-52 pairid=246 txtag=64 st=0x00 addr=572492269 end=572508590 air_us=1020 gap_us=174
REC oseq=1006 s0=0x16 len=251 crc=1 rssi=-32 pairid=247 txtag=64 st=0x00 addr=572511374 end=572527759 air_us=1024 gap_us=174
REC oseq=1007 s0=0x1e len=250 crc=1 rssi=-52 pairid=246 txtag=64 st=0x00 addr=572530557 end=572546878 air_us=1020 gap_us=174
REC oseq=1008 s0=0x1a len=239 crc=1 rssi=-32 pairid=235 txtag=64 st=0x00 addr=572549662 end=572565279 air_us=976 gap_us=174
REC oseq=1009 s0=0x12 len=250 crc=1 rssi=-52 pairid=246 txtag=64 st=0x00 addr=572568077 end=572584398 air_us=1020 gap_us=174
REC oseq=1010 s0=0x16 len=251 crc=0 rssi=-32 pairid=247 txtag=64 st=0x00 addr=572587183 end=572603568 air_us=1024 gap_us=174
REC oseq=1011 s0=0x1a len=239 crc=1 rssi=-31 pairid=235 txtag=64 st=0x00 addr=578119744 end=578135361 air_us=976 gap_us=344761
REC oseq=1012 s0=0x12 len=250 crc=1 rssi=-52 pairid=246 txtag=64 st=0x00 addr=578138148 end=578154469 air_us=1020 gap_us=174
REC oseq=1013 s0=0x16 len=251 crc=1 rssi=-32 pairid=247 txtag=64 st=0x00 addr=578157265 end=578173650 air_us=1024 gap_us=174
REC oseq=1014 s0=0x1e len=250 crc=1 rssi=-52 pairid=246 txtag=64 st=0x00 addr=578176436 end=578192757 air_us=1020 gap_us=174
REC oseq=1015 s0=0x1a len=239 crc=1 rssi=-32 pairid=235 txtag=64 st=0x00 addr=578195553 end=578211170 air_us=976 gap_us=174
REC oseq=1016 s0=0x12 len=250 crc=1 rssi=-52 pairid=246 txtag=64 st=0x00 addr=578213956 end=578230277 air_us=1020 gap_us=174
REC oseq=1017 s0=0x16 len=251 crc=1 rssi=-32 pairid=247 txtag=64 st=0x00 addr=578233074 end=578249459 air_us=1024 gap_us=174
REC oseq=1018 s0=0x1e len=250 crc=1 rssi=-52 pairid=246 txtag=64 st=0x00 addr=578252245 end=578268566 air_us=1020 gap_us=174
REC oseq=1019 s0=0x1a len=239 crc=1 rssi=-32 pairid=235 txtag=64 st=0x00 addr=578271362 end=578286979 air_us=976 gap_us=174
REC oseq=1020 s0=0x12 len=250 crc=1 rssi=-52 pairid=246 txtag=64 st=0x00 addr=578289765 end=578306086 air_us=1020 gap_us=174
REC oseq=1021 s0=0x16 len=251 crc=1 rssi=-32 pairid=247 txtag=64 st=0x00 addr=578308883 end=578325268 air_us=1024 gap_us=174
REC oseq=1022 s0=0x1e len=250 crc=1 rssi=-52 pairid=246 txtag=64 st=0x00 addr=578328053 end=578344374 air_us=1020 gap_us=174
REC oseq=1023 s0=0x1a len=239 crc=0 rssi=-32 pairid=235 txtag=64 st=0x00 addr=578347171 end=578362788 air_us=976 gap_us=174
REC oseq=1024 s0=0x29 len=35 crc=0 rssi=-91 pairid=38988 txtag=72 st=0x00 addr=581479730 end=581482291 air_us=160 gap_us=194808
REC oseq=1025 s0=0x29 len=35 crc=0 rssi=-91 pairid=38988 txtag=72 st=0x00 addr=581555539 end=581558100 air_us=160 gap_us=4578
REC oseq=1026 s0=0x25 len=87 crc=0 rssi=-92 pairid=38993 txtag=72 st=0x00 addr=581593828 end=581599717 air_us=368 gap_us=2233
REC oseq=1027 s0=0x25 len=55 crc=0 rssi=-91 pairid=38992 txtag=72 st=0x00 addr=581631348 end=581635189 air_us=240 gap_us=1976
REC oseq=1028 s0=0x39 len=212 crc=0 rssi=-91 pairid=39091 txtag=12 st=0x00 addr=581668868 end=581682757 air_us=868 gap_us=2104
REC oseq=1029 s0=0x36 len=216 crc=0 rssi=-91 pairid=30951 txtag=32 st=0x00 addr=581691861 end=581706006 air_us=884 gap_us=569
REC oseq=1030 s0=0x3a len=216 crc=0 rssi=-90 pairid=29587 txtag=33 st=0x00 addr=581714086 end=581728231 air_us=884 gap_us=505
REC oseq=1031 s0=0x05 len=0 crc=1 rssi=-33 pairid=29587 txtag=33 st=0x00 addr=587239705 end=587240026 air_us=20 gap_us=344467
REC oseq=1032 s0=0x1e len=250 crc=1 rssi=-52 pairid=246 txtag=64 st=0x00 addr=587242818 end=587259139 air_us=1020 gap_us=174
REC oseq=1033 s0=0x09 len=0 crc=1 rssi=-32 pairid=246 txtag=64 st=0x00 addr=587261929 end=587262250 air_us=20 gap_us=174
REC oseq=1034 s0=0x12 len=250 crc=1 rssi=-52 pairid=246 txtag=64 st=0x00 addr=587265043 end=587281364 air_us=1020 gap_us=174
REC oseq=1035 s0=0x05 len=0 crc=1 rssi=-33 pairid=246 txtag=64 st=0x00 addr=587284154 end=587284475 air_us=20 gap_us=174
REC oseq=1036 s0=0x1e len=250 crc=1 rssi=-52 pairid=246 txtag=64 st=0x00 addr=587287267 end=587303588 air_us=1020 gap_us=174
REC oseq=1037 s0=0x09 len=0 crc=1 rssi=-32 pairid=246 txtag=64 st=0x00 addr=587306378 end=587306699 air_us=20 gap_us=174
REC oseq=1038 s0=0x12 len=250 crc=1 rssi=-52 pairid=246 txtag=64 st=0x00 addr=587309491 end=587325812 air_us=1020 gap_us=174
REC oseq=1039 s0=0x05 len=0 crc=1 rssi=-33 pairid=246 txtag=64 st=0x00 addr=587328602 end=587328923 air_us=20 gap_us=174
REC oseq=1040 s0=0x1e len=250 crc=1 rssi=-52 pairid=246 txtag=64 st=0x00 addr=587331715 end=587348036 air_us=1020 gap_us=174
REC oseq=1041 s0=0x09 len=0 crc=1 rssi=-32 pairid=246 txtag=64 st=0x00 addr=587350826 end=587351147 air_us=20 gap_us=174
REC oseq=1042 s0=0x12 len=250 crc=1 rssi=-52 pairid=246 txtag=64 st=0x00 addr=587353939 end=587370260 air_us=1020 gap_us=174
REC oseq=1043 s0=0x05 len=0 crc=1 rssi=-33 pairid=246 txtag=64 st=0x00 addr=587373051 end=587373372 air_us=20 gap_us=174
REC oseq=1044 s0=0x1e len=250 crc=1 rssi=-52 pairid=246 txtag=64 st=0x00 addr=587376164 end=587392485 air_us=1020 gap_us=174
REC oseq=1045 s0=0x09 len=0 crc=1 rssi=-34 pairid=246 txtag=64 st=0x00 addr=587395275 end=587395596 air_us=20 gap_us=174
REC oseq=1046 s0=0x12 len=250 crc=1 rssi=-52 pairid=246 txtag=64 st=0x00 addr=587398388 end=587414709 air_us=1020 gap_us=174
REC oseq=1047 s0=0x05 len=0 crc=1 rssi=-33 pairid=246 txtag=64 st=0x00 addr=587417499 end=587417820 air_us=20 gap_us=174
REC oseq=1048 s0=0x1e len=250 crc=1 rssi=-52 pairid=246 txtag=64 st=0x00 addr=587420612 end=587436933 air_us=1020 gap_us=174
REC oseq=1049 s0=0x09 len=0 crc=1 rssi=-32 pairid=246 txtag=64 st=0x00 addr=587439724 end=587440045 air_us=20 gap_us=174
REC oseq=1050 s0=0x12 len=250 crc=1 rssi=-52 pairid=246 txtag=64 st=0x00 addr=587442836 end=587459157 air_us=1020 gap_us=174
REC oseq=1051 s0=0x05 len=0 crc=1 rssi=-33 pairid=246 txtag=64 st=0x00 addr=587461948 end=587462269 air_us=20 gap_us=174
REC oseq=1052 s0=0x1e len=250 crc=0 rssi=-52 pairid=246 txtag=64 st=0x00 addr=587465061 end=587481382 air_us=1020 gap_us=174
REC oseq=1053 s0=0x25 len=35 crc=0 rssi=-92 pairid=38988 txtag=72 st=0x00 addr=589159694 end=589162255 air_us=160 gap_us=104894
REC oseq=1054 s0=0x29 len=55 crc=0 rssi=-92 pairid=38993 txtag=80 st=0x00 addr=589197983 end=589201824 air_us=240 gap_us=2233
REC oseq=1055 s0=0x25 len=35 crc=0 rssi=-93 pairid=38988 txtag=64 st=0x00 addr=589235503 end=589238064 air_us=160 gap_us=2104
REC oseq=1056 s0=0x29 len=55 crc=0 rssi=-91 pairid=38993 txtag=72 st=0x00 addr=589273792 end=589277633 air_us=240 gap_us=2233
REC oseq=1057 s0=0x29 len=183 crc=0 rssi=-91 pairid=38992 txtag=72 st=0x00 addr=589311313 end=589323346 air_us=752 gap_us=2105
REC oseq=1058 s0=0x29 len=183 crc=0 rssi=-92 pairid=55377 txtag=72 st=0x00 addr=589387122 end=589399155 air_us=752 gap_us=3986
REC oseq=1059 s0=0x25 len=35 crc=0 rssi=-91 pairid=55372 txtag=72 st=0x00 addr=594237194 end=594239755 air_us=160 gap_us=302377
REC oseq=1060 s0=0x29 len=55 crc=0 rssi=-91 pairid=38992 txtag=72 st=0x00 addr=594275483 end=594279324 air_us=240 gap_us=2233
REC oseq=1061 s0=0x29 len=55 crc=0 rssi=-90 pairid=38992 txtag=72 st=0x00 addr=594389579 end=594393420 air_us=240 gap_us=6890
REC oseq=1062 s0=0x25 len=35 crc=0 rssi=-92 pairid=38988 txtag=72 st=0x00 addr=594427099 end=594429660 air_us=160 gap_us=2104
REC oseq=1063 s0=0x25 len=55 crc=0 rssi=-92 pairid=38992 txtag=72 st=0x00 addr=596839661 end=596843502 air_us=240 gap_us=150625
REC oseq=1064 s0=0x25 len=55 crc=0 rssi=-93 pairid=38992 txtag=72 st=0x00 addr=596915469 end=596919310 air_us=240 gap_us=4497
REC oseq=1065 s0=0x29 len=35 crc=0 rssi=-91 pairid=55372 txtag=72 st=0x00 addr=596952990 end=596955551 air_us=160 gap_us=2105
REC oseq=1066 s0=0x25 len=55 crc=0 rssi=-92 pairid=38992 txtag=72 st=0x00 addr=596991277 end=596995118 air_us=240 gap_us=2232
REC oseq=1067 s0=0xe9 len=163 crc=0 rssi=-91 pairid=38988 txtag=72 st=0x00 addr=597028799 end=597039552 air_us=672 gap_us=2105
REC oseq=1068 s0=0x25 len=55 crc=0 rssi=-91 pairid=38992 txtag=72 st=0x00 addr=597067088 end=597070929 air_us=240 gap_us=1721
REC oseq=1069 s0=0x41 len=22 crc=0 rssi=-90 pairid=12114 txtag=186 st=0x00 addr=598937446 end=598939175 air_us=108 gap_us=116657
REC oseq=1070 s0=0x1a len=239 crc=0 rssi=-32 pairid=235 txtag=64 st=0x00 addr=599719649 end=599735266 air_us=976 gap_us=48779
REC oseq=1071 s0=0x1e len=250 crc=1 rssi=-52 pairid=246 txtag=64 st=0x00 addr=599738060 end=599754381 air_us=1020 gap_us=174
REC oseq=1072 s0=0x1a len=239 crc=1 rssi=-32 pairid=235 txtag=64 st=0x00 addr=599757170 end=599772787 air_us=976 gap_us=174
REC oseq=1073 s0=0x12 len=250 crc=1 rssi=-52 pairid=246 txtag=64 st=0x00 addr=599775580 end=599791901 air_us=1020 gap_us=174
REC oseq=1074 s0=0x16 len=251 crc=1 rssi=-32 pairid=247 txtag=64 st=0x00 addr=599794690 end=599811075 air_us=1024 gap_us=174
REC oseq=1075 s0=0x1e len=250 crc=1 rssi=-52 pairid=246 txtag=64 st=0x00 addr=599813868 end=599830189 air_us=1020 gap_us=174
REC oseq=1076 s0=0x1a len=239 crc=1 rssi=-32 pairid=235 txtag=64 st=0x00 addr=599832979 end=599848596 air_us=976 gap_us=174
REC oseq=1077 s0=0x12 len=250 crc=1 rssi=-52 pairid=246 txtag=64 st=0x00 addr=599851388 end=599867709 air_us=1020 gap_us=174
REC oseq=1078 s0=0x16 len=251 crc=1 rssi=-32 pairid=247 txtag=64 st=0x00 addr=599870499 end=599886884 air_us=1024 gap_us=174
REC oseq=1079 s0=0x1e len=250 crc=1 rssi=-52 pairid=246 txtag=64 st=0x00 addr=599889677 end=599905998 air_us=1020 gap_us=174
REC oseq=1080 s0=0x1a len=239 crc=1 rssi=-32 pairid=235 txtag=64 st=0x00 addr=599908787 end=599924404 air_us=976 gap_us=174
REC oseq=1081 s0=0x12 len=250 crc=1 rssi=-52 pairid=246 txtag=64 st=0x00 addr=599927197 end=599943518 air_us=1020 gap_us=174
REC oseq=1082 s0=0x16 len=251 crc=0 rssi=-32 pairid=247 txtag=64 st=0x00 addr=599946308 end=599962693 air_us=1024 gap_us=174
REC oseq=1083 s0=0x5f len=25 crc=0 rssi=-91 pairid=22684 txtag=171 st=0x00 addr=608309517 end=608311438 air_us=120 gap_us=521676
REC oseq=1084 s0=0x2f len=108 crc=0 rssi=-69 pairid=35654 txtag=201 st=0x00 addr=611037888 end=611045122 air_us=452 gap_us=170403
REC oseq=1085 s0=0x95 len=66 crc=0 rssi=-92 pairid=1474 txtag=0 st=0x00 addr=613677874 end=613682419 air_us=284 gap_us=164547
REC oseq=1086 s0=0x9a len=209 crc=0 rssi=-92 pairid=51708 txtag=64 st=0x00 addr=613791202 end=613804899 air_us=856 gap_us=6798
REC oseq=1087 s0=0x29 len=35 crc=0 rssi=-90 pairid=38988 txtag=72 st=0x00 addr=614359581 end=614362142 air_us=160 gap_us=34667
REC oseq=1088 s0=0x2d len=55 crc=0 rssi=-92 pairid=38992 txtag=80 st=0x00 addr=614397870 end=614401711 air_us=240 gap_us=2233
REC oseq=1089 s0=0x29 len=35 crc=0 rssi=-92 pairid=38988 txtag=72 st=0x00 addr=614435391 end=614437952 air_us=160 gap_us=2105
REC oseq=1090 s0=0x3a len=216 crc=0 rssi=-90 pairid=62355 txtag=33 st=0x00 addr=614593936 end=614608081 air_us=884 gap_us=9749
REC oseq=1091 s0=0x36 len=216 crc=0 rssi=-91 pairid=63718 txtag=38 st=0x00 addr=620359555 end=620373700 air_us=884 gap_us=359467
REC oseq=1092 s0=0x1a len=251 crc=1 rssi=-32 pairid=247 txtag=64 st=0x00 addr=624919534 end=624935919 air_us=1024 gap_us=284114
REC oseq=1093 s0=0x12 len=250 crc=1 rssi=-52 pairid=246 txtag=64 st=0x00 addr=624938712 end=624955033 air_us=1020 gap_us=174
REC oseq=1094 s0=0x16 len=239 crc=1 rssi=-32 pairid=235 txtag=64 st=0x00 addr=624957822 end=624973439 air_us=976 gap_us=174
REC oseq=1095 s0=0x1e len=250 crc=1 rssi=-52 pairid=246 txtag=64 st=0x00 addr=624976232 end=624992553 air_us=1020 gap_us=174
REC oseq=1096 s0=0x1a len=251 crc=1 rssi=-32 pairid=247 txtag=64 st=0x00 addr=624995343 end=625011728 air_us=1024 gap_us=174
REC oseq=1097 s0=0x12 len=250 crc=1 rssi=-52 pairid=246 txtag=64 st=0x00 addr=625014521 end=625030842 air_us=1020 gap_us=174
REC oseq=1098 s0=0x16 len=239 crc=1 rssi=-32 pairid=235 txtag=64 st=0x00 addr=625033631 end=625049248 air_us=976 gap_us=174
REC oseq=1099 s0=0x1e len=250 crc=1 rssi=-52 pairid=246 txtag=64 st=0x00 addr=625052041 end=625068362 air_us=1020 gap_us=174
REC oseq=1100 s0=0x1a len=251 crc=1 rssi=-32 pairid=247 txtag=64 st=0x00 addr=625071152 end=625087537 air_us=1024 gap_us=174
REC oseq=1101 s0=0x12 len=250 crc=1 rssi=-52 pairid=246 txtag=64 st=0x00 addr=625090329 end=625106650 air_us=1020 gap_us=174
REC oseq=1102 s0=0x16 len=239 crc=1 rssi=-32 pairid=235 txtag=64 st=0x00 addr=625109440 end=625125057 air_us=976 gap_us=174
REC oseq=1103 s0=0x1e len=250 crc=1 rssi=-52 pairid=246 txtag=64 st=0x00 addr=625127849 end=625144170 air_us=1020 gap_us=174
REC oseq=1104 s0=0x1a len=251 crc=0 rssi=-32 pairid=247 txtag=64 st=0x00 addr=625146961 end=625163346 air_us=1024 gap_us=174
REC oseq=1105 s0=0x4a len=120 crc=0 rssi=-91 pairid=63622 txtag=163 st=0x00 addr=625235341 end=625243342 air_us=500 gap_us=4499
REC oseq=1106 s0=0x11 len=150 crc=0 rssi=-92 pairid=4946 txtag=201 st=0x00 addr=626381753 end=626391675 air_us=620 gap_us=71150
REC oseq=1107 s0=0x29 len=55 crc=0 rssi=-92 pairid=38992 txtag=72 st=0x00 addr=633319496 end=633323337 air_us=240 gap_us=432988
REC oseq=1108 s0=0x25 len=35 crc=0 rssi=-91 pairid=55372 txtag=84 st=0x00 addr=633357016 end=633359577 air_us=160 gap_us=2104
Q2-DONE
