*** Booting Zephyr OS build v4.4.2-16-gfee9fbc62095 ***

== PCA10040 raw-RADIO observer (Q0) ==
FICR PART=0x00052832 VARIANT=0x41414731
timer=16MHz(62.5ns) ring=2048
HFXO started
CONFIG-READY Q2
CONFIG-ECHO aa=0x5b9fbc70 crc=0x103cf7 ch=10 phy=2M
mode=Q2 phy=2M AA=0x5b9fbc70 crcinit=0x103cf7 ch=10 whiten=1 cap=30000ms
ARMED Q2 ch10
CAPTURE-START Q2 ch10 cap=30000ms tick=152205986
CAPTURE-END Q2 tick=632287052
FROZEN: records=1400 ring_full_drops=0 max_isr_ticks=59 (3687 ns)
LOSS: addr_irq=1400 end_irq=1400 records=1400 ring_full_drops=0 addr_minus_end=0 end_minus_recorded=0 reversal=0 stale_addr=0
crc_ok=806/1400 (qualitative: ambient traffic, NOT a coherence gate)
REC oseq=0 s0=0x25 len=35 crc=0 rssi=-92 pairid=6220 txtag=72 st=0x00 addr=156185930 end=156188491 air_us=160 gap_us=0
REC oseq=1 s0=0x29 len=55 crc=0 rssi=-91 pairid=38992 txtag=72 st=0x00 addr=156290621 end=156294462 air_us=240 gap_us=6383
REC oseq=2 s0=0x09 len=0 crc=1 rssi=-32 pairid=38992 txtag=72 st=0x00 addr=158105922 end=158106243 air_us=20 gap_us=113216
REC oseq=3 s0=0x12 len=250 crc=1 rssi=-52 pairid=246 txtag=64 st=0x00 addr=158107462 end=158123783 air_us=1020 gap_us=76
REC oseq=4 s0=0x05 len=0 crc=1 rssi=-33 pairid=246 txtag=64 st=0x00 addr=158125010 end=158125331 air_us=20 gap_us=76
REC oseq=5 s0=0x1e len=250 crc=1 rssi=-53 pairid=246 txtag=64 st=0x00 addr=158126550 end=158142871 air_us=1020 gap_us=76
REC oseq=6 s0=0x09 len=0 crc=1 rssi=-32 pairid=246 txtag=64 st=0x00 addr=158144098 end=158144419 air_us=20 gap_us=76
REC oseq=7 s0=0x12 len=250 crc=1 rssi=-52 pairid=246 txtag=64 st=0x00 addr=158145639 end=158161960 air_us=1020 gap_us=76
REC oseq=8 s0=0x05 len=0 crc=1 rssi=-33 pairid=246 txtag=64 st=0x00 addr=158163187 end=158163508 air_us=20 gap_us=76
REC oseq=9 s0=0x1e len=250 crc=1 rssi=-52 pairid=246 txtag=64 st=0x00 addr=158164727 end=158181048 air_us=1020 gap_us=76
REC oseq=10 s0=0x09 len=0 crc=1 rssi=-32 pairid=246 txtag=64 st=0x00 addr=158182275 end=158182596 air_us=20 gap_us=76
REC oseq=11 s0=0x12 len=250 crc=1 rssi=-52 pairid=246 txtag=64 st=0x00 addr=158183815 end=158200136 air_us=1020 gap_us=76
REC oseq=12 s0=0x05 len=0 crc=1 rssi=-33 pairid=246 txtag=64 st=0x00 addr=158201363 end=158201684 air_us=20 gap_us=76
REC oseq=13 s0=0x1e len=250 crc=0 rssi=-52 pairid=246 txtag=64 st=0x00 addr=158202903 end=158219224 air_us=1020 gap_us=76
REC oseq=14 s0=0x05 len=0 crc=1 rssi=-33 pairid=246 txtag=64 st=0x00 addr=158220451 end=158220772 air_us=20 gap_us=76
REC oseq=15 s0=0x1a len=251 crc=1 rssi=-32 pairid=247 txtag=64 st=0x00 addr=160025915 end=160042300 air_us=1024 gap_us=112821
REC oseq=16 s0=0x12 len=250 crc=1 rssi=-53 pairid=246 txtag=64 st=0x00 addr=160043530 end=160059851 air_us=1020 gap_us=76
REC oseq=17 s0=0x16 len=239 crc=1 rssi=-32 pairid=235 txtag=64 st=0x00 addr=160061067 end=160076684 air_us=976 gap_us=76
REC oseq=18 s0=0x1e len=250 crc=1 rssi=-52 pairid=246 txtag=64 st=0x00 addr=160077915 end=160094236 air_us=1020 gap_us=76
REC oseq=19 s0=0x1a len=251 crc=1 rssi=-32 pairid=247 txtag=64 st=0x00 addr=160095452 end=160111837 air_us=1024 gap_us=76
REC oseq=20 s0=0x12 len=250 crc=1 rssi=-52 pairid=246 txtag=64 st=0x00 addr=160113067 end=160129388 air_us=1020 gap_us=76
REC oseq=21 s0=0x16 len=239 crc=0 rssi=-32 pairid=235 txtag=64 st=0x00 addr=160130604 end=160146221 air_us=976 gap_us=76
REC oseq=22 s0=0x16 len=251 crc=1 rssi=-32 pairid=247 txtag=64 st=0x00 addr=162665902 end=162682287 air_us=1024 gap_us=157480
REC oseq=23 s0=0x1e len=250 crc=1 rssi=-53 pairid=246 txtag=64 st=0x00 addr=162683511 end=162699832 air_us=1020 gap_us=76
REC oseq=24 s0=0x1a len=239 crc=1 rssi=-32 pairid=235 txtag=64 st=0x00 addr=162701055 end=162716672 air_us=976 gap_us=76
REC oseq=25 s0=0x12 len=250 crc=1 rssi=-52 pairid=246 txtag=64 st=0x00 addr=162717895 end=162734216 air_us=1020 gap_us=76
REC oseq=26 s0=0x16 len=251 crc=1 rssi=-32 pairid=247 txtag=64 st=0x00 addr=162735439 end=162751824 air_us=1024 gap_us=76
REC oseq=27 s0=0x1e len=250 crc=1 rssi=-52 pairid=246 txtag=64 st=0x00 addr=162753048 end=162769369 air_us=1020 gap_us=76
REC oseq=28 s0=0x0a len=12 crc=1 rssi=-32 pairid=8 txtag=5 st=0x00 addr=162770591 end=162771680 air_us=68 gap_us=76
REC oseq=29 s0=0x12 len=250 crc=0 rssi=-52 pairid=246 txtag=64 st=0x00 addr=162772904 end=162789225 air_us=1020 gap_us=76
REC oseq=30 s0=0x95 len=66 crc=0 rssi=-93 pairid=2276 txtag=0 st=0x00 addr=164535431 end=164539976 air_us=284 gap_us=109137
REC oseq=31 s0=0x0a len=12 crc=1 rssi=-32 pairid=8 txtag=5 st=0x00 addr=165305890 end=165306979 air_us=68 gap_us=47869
REC oseq=32 s0=0x12 len=250 crc=1 rssi=-52 pairid=246 txtag=64 st=0x00 addr=165308196 end=165324517 air_us=1020 gap_us=76
REC oseq=33 s0=0x05 len=0 crc=1 rssi=-33 pairid=246 txtag=64 st=0x00 addr=165325746 end=165326067 air_us=20 gap_us=76
REC oseq=34 s0=0x1e len=250 crc=1 rssi=-52 pairid=246 txtag=64 st=0x00 addr=165327284 end=165343605 air_us=1020 gap_us=76
REC oseq=35 s0=0x09 len=0 crc=1 rssi=-32 pairid=246 txtag=64 st=0x00 addr=165344835 end=165345156 air_us=20 gap_us=76
REC oseq=36 s0=0x12 len=250 crc=1 rssi=-52 pairid=246 txtag=64 st=0x00 addr=165346372 end=165362693 air_us=1020 gap_us=76
REC oseq=37 s0=0x05 len=0 crc=1 rssi=-33 pairid=246 txtag=64 st=0x00 addr=165363923 end=165364244 air_us=20 gap_us=76
REC oseq=38 s0=0x1e len=250 crc=1 rssi=-52 pairid=246 txtag=64 st=0x00 addr=165365460 end=165381781 air_us=1020 gap_us=76
REC oseq=39 s0=0x09 len=0 crc=1 rssi=-32 pairid=246 txtag=64 st=0x00 addr=165383011 end=165383332 air_us=20 gap_us=76
REC oseq=40 s0=0x12 len=250 crc=1 rssi=-52 pairid=246 txtag=64 st=0x00 addr=165384549 end=165400870 air_us=1020 gap_us=76
REC oseq=41 s0=0x05 len=0 crc=1 rssi=-33 pairid=246 txtag=64 st=0x00 addr=165402099 end=165402420 air_us=20 gap_us=76
REC oseq=42 s0=0x1e len=250 crc=1 rssi=-52 pairid=246 txtag=64 st=0x00 addr=165403637 end=165419958 air_us=1020 gap_us=76
REC oseq=43 s0=0x16 len=239 crc=1 rssi=-32 pairid=235 txtag=64 st=0x00 addr=170345867 end=170361484 air_us=976 gap_us=307869
REC oseq=44 s0=0x1e len=250 crc=1 rssi=-52 pairid=246 txtag=64 st=0x00 addr=170362705 end=170379026 air_us=1020 gap_us=76
REC oseq=45 s0=0x0a len=12 crc=1 rssi=-32 pairid=8 txtag=5 st=0x00 addr=170380251 end=170381340 air_us=68 gap_us=76
REC oseq=46 s0=0x12 len=250 crc=1 rssi=-52 pairid=246 txtag=64 st=0x00 addr=170382561 end=170398882 air_us=1020 gap_us=76
REC oseq=47 s0=0x05 len=0 crc=1 rssi=-33 pairid=246 txtag=64 st=0x00 addr=170400108 end=170400429 air_us=20 gap_us=76
REC oseq=48 s0=0x1e len=250 crc=1 rssi=-52 pairid=246 txtag=64 st=0x00 addr=170401650 end=170417971 air_us=1020 gap_us=76
REC oseq=49 s0=0x09 len=0 crc=1 rssi=-32 pairid=246 txtag=64 st=0x00 addr=170419196 end=170419517 air_us=20 gap_us=76
REC oseq=50 s0=0x12 len=250 crc=1 rssi=-52 pairid=246 txtag=64 st=0x00 addr=170420738 end=170437059 air_us=1020 gap_us=76
REC oseq=51 s0=0x05 len=0 crc=1 rssi=-33 pairid=246 txtag=64 st=0x00 addr=170438284 end=170438605 air_us=20 gap_us=76
REC oseq=52 s0=0x1e len=250 crc=1 rssi=-52 pairid=246 txtag=64 st=0x00 addr=170439826 end=170456147 air_us=1020 gap_us=76
REC oseq=53 s0=0x09 len=0 crc=1 rssi=-32 pairid=246 txtag=64 st=0x00 addr=170457372 end=170457693 air_us=20 gap_us=76
REC oseq=54 s0=0x12 len=250 crc=0 rssi=-52 pairid=246 txtag=64 st=0x00 addr=170458914 end=170475235 air_us=1020 gap_us=76
REC oseq=55 s0=0x4d len=146 crc=0 rssi=-91 pairid=473 txtag=114 st=0x00 addr=170724954 end=170734619 air_us=604 gap_us=15607
REC oseq=56 s0=0x41 len=214 crc=0 rssi=-92 pairid=51759 txtag=114 st=0x00 addr=175784020 end=175798037 air_us=876 gap_us=315587
REC oseq=57 s0=0x86 len=45 crc=0 rssi=-92 pairid=60116 txtag=145 st=0x00 addr=178543976 end=178547177 air_us=200 gap_us=171621
REC oseq=58 s0=0x96 len=173 crc=0 rssi=-93 pairid=37558 txtag=210 st=0x00 addr=178582121 end=178593514 air_us=712 gap_us=2184
REC oseq=59 s0=0x29 len=35 crc=0 rssi=-91 pairid=38988 txtag=72 st=0x00 addr=179585826 end=179588387 air_us=160 gap_us=62019
REC oseq=60 s0=0x25 len=55 crc=0 rssi=-92 pairid=38992 txtag=80 st=0x00 addr=179620979 end=179624820 air_us=240 gap_us=2037
REC oseq=61 s0=0x29 len=35 crc=0 rssi=-90 pairid=38988 txtag=72 st=0x00 addr=179655363 end=179657924 air_us=160 gap_us=1908
REC oseq=62 s0=0x25 len=55 crc=0 rssi=-92 pairid=38992 txtag=72 st=0x00 addr=179690515 end=179694356 air_us=240 gap_us=2036
REC oseq=63 s0=0x16 len=239 crc=1 rssi=-32 pairid=235 txtag=64 st=0x00 addr=180185823 end=180201440 air_us=976 gap_us=30716
REC oseq=64 s0=0x1e len=250 crc=1 rssi=-52 pairid=246 txtag=64 st=0x00 addr=180202667 end=180218988 air_us=1020 gap_us=76
REC oseq=65 s0=0x1a len=251 crc=1 rssi=-32 pairid=247 txtag=64 st=0x00 addr=180220207 end=180236592 air_us=1024 gap_us=76
REC oseq=66 s0=0x12 len=250 crc=1 rssi=-52 pairid=246 txtag=64 st=0x00 addr=180237819 end=180254140 air_us=1020 gap_us=76
REC oseq=67 s0=0x16 len=239 crc=1 rssi=-32 pairid=235 txtag=64 st=0x00 addr=180255360 end=180270977 air_us=976 gap_us=76
REC oseq=68 s0=0x1e len=250 crc=1 rssi=-52 pairid=246 txtag=64 st=0x00 addr=180272204 end=180288525 air_us=1020 gap_us=76
REC oseq=69 s0=0x1a len=251 crc=0 rssi=-32 pairid=247 txtag=64 st=0x00 addr=180289744 end=180306129 air_us=1024 gap_us=76
REC oseq=70 s0=0x09 len=0 crc=1 rssi=-32 pairid=247 txtag=64 st=0x00 addr=180665821 end=180666142 air_us=20 gap_us=22480
REC oseq=71 s0=0x12 len=250 crc=1 rssi=-53 pairid=246 txtag=64 st=0x00 addr=180667367 end=180683688 air_us=1020 gap_us=76
REC oseq=72 s0=0x05 len=0 crc=1 rssi=-33 pairid=246 txtag=64 st=0x00 addr=180684910 end=180685231 air_us=20 gap_us=76
REC oseq=73 s0=0x1e len=250 crc=1 rssi=-52 pairid=246 txtag=64 st=0x00 addr=180686456 end=180702777 air_us=1020 gap_us=76
REC oseq=74 s0=0x09 len=0 crc=1 rssi=-32 pairid=246 txtag=64 st=0x00 addr=180703998 end=180704319 air_us=20 gap_us=76
REC oseq=75 s0=0x12 len=250 crc=1 rssi=-52 pairid=246 txtag=64 st=0x00 addr=180705544 end=180721865 air_us=1020 gap_us=76
REC oseq=76 s0=0x05 len=0 crc=1 rssi=-33 pairid=246 txtag=64 st=0x00 addr=180723086 end=180723407 air_us=20 gap_us=76
REC oseq=77 s0=0x1e len=250 crc=1 rssi=-52 pairid=246 txtag=64 st=0x00 addr=180724632 end=180740953 air_us=1020 gap_us=76
REC oseq=78 s0=0x0a len=12 crc=1 rssi=-32 pairid=8 txtag=5 st=0x00 addr=180742174 end=180743263 air_us=68 gap_us=76
REC oseq=79 s0=0x12 len=250 crc=1 rssi=-52 pairid=246 txtag=64 st=0x00 addr=180744488 end=180760809 air_us=1020 gap_us=76
REC oseq=80 s0=0x05 len=0 crc=1 rssi=-33 pairid=246 txtag=64 st=0x00 addr=180762031 end=180762352 air_us=20 gap_us=76
REC oseq=81 s0=0x1e len=250 crc=0 rssi=-52 pairid=246 txtag=64 st=0x00 addr=180763576 end=180779897 air_us=1020 gap_us=76
REC oseq=82 s0=0x05 len=0 crc=1 rssi=-33 pairid=246 txtag=64 st=0x00 addr=181025819 end=181026140 air_us=20 gap_us=15370
REC oseq=83 s0=0x09 len=0 crc=1 rssi=-32 pairid=246 txtag=64 st=0x00 addr=181505817 end=181506138 air_us=20 gap_us=29979
REC oseq=84 s0=0x12 len=250 crc=1 rssi=-52 pairid=246 txtag=64 st=0x00 addr=181507362 end=181523683 air_us=1020 gap_us=76
REC oseq=85 s0=0x05 len=0 crc=1 rssi=-33 pairid=246 txtag=64 st=0x00 addr=181524905 end=181525226 air_us=20 gap_us=76
REC oseq=86 s0=0x1e len=250 crc=1 rssi=-52 pairid=246 txtag=64 st=0x00 addr=181526450 end=181542771 air_us=1020 gap_us=76
REC oseq=87 s0=0x09 len=0 crc=1 rssi=-32 pairid=246 txtag=64 st=0x00 addr=181543993 end=181544314 air_us=20 gap_us=76
REC oseq=88 s0=0x12 len=250 crc=1 rssi=-52 pairid=246 txtag=64 st=0x00 addr=181545538 end=181561859 air_us=1020 gap_us=76
REC oseq=89 s0=0x05 len=0 crc=1 rssi=-33 pairid=246 txtag=64 st=0x00 addr=181563081 end=181563402 air_us=20 gap_us=76
REC oseq=90 s0=0x1e len=250 crc=1 rssi=-52 pairid=246 txtag=64 st=0x00 addr=181564626 end=181580947 air_us=1020 gap_us=76
REC oseq=91 s0=0x09 len=0 crc=1 rssi=-32 pairid=246 txtag=64 st=0x00 addr=181582170 end=181582491 air_us=20 gap_us=76
REC oseq=92 s0=0x12 len=250 crc=1 rssi=-52 pairid=246 txtag=64 st=0x00 addr=181583715 end=181600036 air_us=1020 gap_us=76
REC oseq=93 s0=0x05 len=0 crc=1 rssi=-33 pairid=246 txtag=64 st=0x00 addr=181601258 end=181601579 air_us=20 gap_us=76
REC oseq=94 s0=0x1e len=12 crc=1 rssi=-52 pairid=8 txtag=5 st=0x00 addr=181602803 end=181603892 air_us=68 gap_us=76
REC oseq=95 s0=0x09 len=0 crc=1 rssi=-32 pairid=8 txtag=5 st=0x00 addr=181605114 end=181605435 air_us=20 gap_us=76
REC oseq=96 s0=0x12 len=122 crc=0 rssi=-52 pairid=13262 txtag=81 st=0x00 addr=181606659 end=181614788 air_us=508 gap_us=76
REC oseq=97 s0=0x16 len=251 crc=1 rssi=-32 pairid=247 txtag=64 st=0x00 addr=182465813 end=182482198 air_us=1024 gap_us=53189
REC oseq=98 s0=0x1e len=250 crc=1 rssi=-52 pairid=246 txtag=64 st=0x00 addr=182483419 end=182499740 air_us=1020 gap_us=76
REC oseq=99 s0=0x1a len=239 crc=1 rssi=-32 pairid=235 txtag=64 st=0x00 addr=182500965 end=182516582 air_us=976 gap_us=76
REC oseq=100 s0=0x12 len=250 crc=1 rssi=-52 pairid=246 txtag=64 st=0x00 addr=182517803 end=182534124 air_us=1020 gap_us=76
REC oseq=101 s0=0x16 len=251 crc=1 rssi=-32 pairid=247 txtag=64 st=0x00 addr=182535350 end=182551735 air_us=1024 gap_us=76
REC oseq=102 s0=0x1e len=250 crc=1 rssi=-52 pairid=246 txtag=64 st=0x00 addr=182552956 end=182569277 air_us=1020 gap_us=76
REC oseq=103 s0=0x1a len=239 crc=0 rssi=-32 pairid=235 txtag=64 st=0x00 addr=182570502 end=182586119 air_us=976 gap_us=76
REC oseq=104 s0=0x39 len=210 crc=0 rssi=-91 pairid=55475 txtag=13 st=0x00 addr=185825798 end=185839559 air_us=860 gap_us=202479
REC oseq=105 s0=0x36 len=216 crc=0 rssi=-91 pairid=58261 txtag=25 st=0x00 addr=185883830 end=185897975 air_us=884 gap_us=2766
REC oseq=106 s0=0x36 len=216 crc=0 rssi=-91 pairid=58260 txtag=129 st=0x00 addr=185922775 end=185936920 air_us=884 gap_us=1550
REC oseq=107 s0=0x09 len=0 crc=1 rssi=-32 pairid=58260 txtag=129 st=0x00 addr=186305795 end=186306116 air_us=20 gap_us=23054
REC oseq=108 s0=0x12 len=250 crc=1 rssi=-52 pairid=246 txtag=64 st=0x00 addr=186307345 end=186323666 air_us=1020 gap_us=76
REC oseq=109 s0=0x05 len=0 crc=1 rssi=-33 pairid=246 txtag=64 st=0x00 addr=186324883 end=186325204 air_us=20 gap_us=76
REC oseq=110 s0=0x1e len=250 crc=1 rssi=-52 pairid=246 txtag=64 st=0x00 addr=186326433 end=186342754 air_us=1020 gap_us=76
REC oseq=111 s0=0x09 len=0 crc=1 rssi=-32 pairid=246 txtag=64 st=0x00 addr=186343972 end=186344293 air_us=20 gap_us=76
REC oseq=112 s0=0x12 len=250 crc=1 rssi=-52 pairid=246 txtag=64 st=0x00 addr=186345522 end=186361843 air_us=1020 gap_us=76
REC oseq=113 s0=0x05 len=0 crc=1 rssi=-33 pairid=246 txtag=64 st=0x00 addr=186363060 end=186363381 air_us=20 gap_us=76
REC oseq=114 s0=0x1e len=250 crc=1 rssi=-52 pairid=246 txtag=64 st=0x00 addr=186364610 end=186380931 air_us=1020 gap_us=76
REC oseq=115 s0=0x09 len=0 crc=1 rssi=-32 pairid=246 txtag=64 st=0x00 addr=186382148 end=186382469 air_us=20 gap_us=76
REC oseq=116 s0=0x12 len=250 crc=1 rssi=-52 pairid=246 txtag=64 st=0x00 addr=186383698 end=186400019 air_us=1020 gap_us=76
REC oseq=117 s0=0x05 len=0 crc=1 rssi=-33 pairid=246 txtag=64 st=0x00 addr=186401236 end=186401557 air_us=20 gap_us=76
REC oseq=118 s0=0x1e len=250 crc=1 rssi=-52 pairid=246 txtag=64 st=0x00 addr=186402786 end=186419107 air_us=1020 gap_us=76
REC oseq=119 s0=0x09 len=0 crc=0 rssi=-32 pairid=246 txtag=64 st=0x00 addr=186420325 end=186420646 air_us=20 gap_us=76
REC oseq=120 s0=0x3a len=216 crc=0 rssi=-91 pairid=59616 txtag=185 st=0x00 addr=188465786 end=188479931 air_us=884 gap_us=127821
REC oseq=121 s0=0x36 len=216 crc=0 rssi=-91 pairid=25493 txtag=145 st=0x00 addr=188484874 end=188499019 air_us=884 gap_us=308
REC oseq=122 s0=0x3a len=216 crc=0 rssi=-91 pairid=59616 txtag=153 st=0x00 addr=188503963 end=188518108 air_us=884 gap_us=309
REC oseq=123 s0=0x36 len=216 crc=0 rssi=-92 pairid=58261 txtag=129 st=0x00 addr=188523051 end=188537196 air_us=884 gap_us=308
REC oseq=124 s0=0x3a len=216 crc=0 rssi=-91 pairid=26848 txtag=232 st=0x00 addr=188542139 end=188556284 air_us=884 gap_us=308
REC oseq=125 s0=0x3a len=216 crc=0 rssi=-91 pairid=59616 txtag=68 st=0x00 addr=188580315 end=188594460 air_us=884 gap_us=1501
REC oseq=126 s0=0x09 len=0 crc=1 rssi=-32 pairid=59616 txtag=68 st=0x00 addr=188825784 end=188826105 air_us=20 gap_us=14457
REC oseq=127 s0=0x12 len=250 crc=1 rssi=-52 pairid=246 txtag=64 st=0x00 addr=188827327 end=188843648 air_us=1020 gap_us=76
REC oseq=128 s0=0x05 len=0 crc=1 rssi=-33 pairid=246 txtag=64 st=0x00 addr=188844873 end=188845194 air_us=20 gap_us=76
REC oseq=129 s0=0x1e len=250 crc=1 rssi=-52 pairid=246 txtag=64 st=0x00 addr=188846415 end=188862736 air_us=1020 gap_us=76
REC oseq=130 s0=0x09 len=0 crc=1 rssi=-32 pairid=246 txtag=64 st=0x00 addr=188863961 end=188864282 air_us=20 gap_us=76
REC oseq=131 s0=0x12 len=250 crc=1 rssi=-53 pairid=246 txtag=64 st=0x00 addr=188865503 end=188881824 air_us=1020 gap_us=76
REC oseq=132 s0=0x05 len=0 crc=1 rssi=-33 pairid=246 txtag=64 st=0x00 addr=188883049 end=188883370 air_us=20 gap_us=76
REC oseq=133 s0=0x1e len=250 crc=1 rssi=-52 pairid=246 txtag=64 st=0x00 addr=188884591 end=188900912 air_us=1020 gap_us=76
REC oseq=134 s0=0x09 len=0 crc=1 rssi=-32 pairid=246 txtag=64 st=0x00 addr=188902137 end=188902458 air_us=20 gap_us=76
REC oseq=135 s0=0x12 len=250 crc=1 rssi=-52 pairid=246 txtag=64 st=0x00 addr=188903679 end=188920000 air_us=1020 gap_us=76
REC oseq=136 s0=0x05 len=0 crc=1 rssi=-33 pairid=246 txtag=64 st=0x00 addr=188921226 end=188921547 air_us=20 gap_us=76
REC oseq=137 s0=0x1e len=250 crc=0 rssi=-53 pairid=246 txtag=64 st=0x00 addr=188922767 end=188939088 air_us=1020 gap_us=76
REC oseq=138 s0=0x09 len=0 crc=0 rssi=-32 pairid=246 txtag=64 st=0x00 addr=188940314 end=188940635 air_us=20 gap_us=76
REC oseq=139 s0=0x16 len=239 crc=1 rssi=-32 pairid=235 txtag=64 st=0x00 addr=194825758 end=194841375 air_us=976 gap_us=367820
REC oseq=140 s0=0x1e len=250 crc=1 rssi=-52 pairid=246 txtag=64 st=0x00 addr=194842597 end=194858918 air_us=1020 gap_us=76
REC oseq=141 s0=0x1a len=251 crc=1 rssi=-32 pairid=247 txtag=64 st=0x00 addr=194860143 end=194876528 air_us=1024 gap_us=76
REC oseq=142 s0=0x12 len=250 crc=1 rssi=-52 pairid=246 txtag=64 st=0x00 addr=194877750 end=194894071 air_us=1020 gap_us=76
REC oseq=143 s0=0x16 len=239 crc=1 rssi=-32 pairid=235 txtag=64 st=0x00 addr=194895295 end=194910912 air_us=976 gap_us=76
REC oseq=144 s0=0x1e len=250 crc=1 rssi=-52 pairid=246 txtag=64 st=0x00 addr=194912134 end=194928455 air_us=1020 gap_us=76
REC oseq=145 s0=0x1a len=251 crc=0 rssi=-32 pairid=247 txtag=64 st=0x00 addr=194929680 end=194946065 air_us=1024 gap_us=76
REC oseq=146 s0=0x09 len=0 crc=1 rssi=-32 pairid=247 txtag=64 st=0x00 addr=196025752 end=196026073 air_us=20 gap_us=67480
REC oseq=147 s0=0x12 len=250 crc=1 rssi=-52 pairid=246 txtag=64 st=0x00 addr=196027292 end=196043613 air_us=1020 gap_us=76
REC oseq=148 s0=0x05 len=0 crc=1 rssi=-33 pairid=246 txtag=64 st=0x00 addr=196044840 end=196045161 air_us=20 gap_us=76
REC oseq=149 s0=0x1e len=250 crc=1 rssi=-52 pairid=246 txtag=64 st=0x00 addr=196046380 end=196062701 air_us=1020 gap_us=76
REC oseq=150 s0=0x09 len=0 crc=1 rssi=-32 pairid=246 txtag=64 st=0x00 addr=196063928 end=196064249 air_us=20 gap_us=76
REC oseq=151 s0=0x12 len=250 crc=1 rssi=-52 pairid=246 txtag=64 st=0x00 addr=196065469 end=196081790 air_us=1020 gap_us=76
REC oseq=152 s0=0x05 len=0 crc=1 rssi=-33 pairid=246 txtag=64 st=0x00 addr=196083016 end=196083337 air_us=20 gap_us=76
REC oseq=153 s0=0x1e len=250 crc=1 rssi=-52 pairid=246 txtag=64 st=0x00 addr=196084557 end=196100878 air_us=1020 gap_us=76
REC oseq=154 s0=0x09 len=0 crc=1 rssi=-32 pairid=246 txtag=64 st=0x00 addr=196102105 end=196102426 air_us=20 gap_us=76
REC oseq=155 s0=0x12 len=250 crc=1 rssi=-52 pairid=246 txtag=64 st=0x00 addr=196103645 end=196119966 air_us=1020 gap_us=76
REC oseq=156 s0=0x05 len=0 crc=1 rssi=-33 pairid=246 txtag=64 st=0x00 addr=196121193 end=196121514 air_us=20 gap_us=76
REC oseq=157 s0=0x1e len=250 crc=1 rssi=-52 pairid=246 txtag=64 st=0x00 addr=196122733 end=196139054 air_us=1020 gap_us=76
REC oseq=158 s0=0x09 len=0 crc=0 rssi=-32 pairid=246 txtag=64 st=0x00 addr=196140281 end=196140602 air_us=20 gap_us=76
REC oseq=159 s0=0x1a len=239 crc=1 rssi=-32 pairid=235 txtag=64 st=0x00 addr=198185741 end=198201358 air_us=976 gap_us=127821
REC oseq=160 s0=0x12 len=250 crc=1 rssi=-52 pairid=246 txtag=64 st=0x00 addr=198202589 end=198218910 air_us=1020 gap_us=76
REC oseq=161 s0=0x16 len=251 crc=1 rssi=-32 pairid=247 txtag=64 st=0x00 addr=198220126 end=198236511 air_us=1024 gap_us=76
REC oseq=162 s0=0x1e len=250 crc=1 rssi=-52 pairid=246 txtag=64 st=0x00 addr=198237741 end=198254062 air_us=1020 gap_us=76
REC oseq=163 s0=0x1a len=239 crc=1 rssi=-32 pairid=235 txtag=64 st=0x00 addr=198255278 end=198270895 air_us=976 gap_us=76
REC oseq=164 s0=0x12 len=250 crc=1 rssi=-52 pairid=246 txtag=64 st=0x00 addr=198272126 end=198288447 air_us=1020 gap_us=76
REC oseq=165 s0=0x16 len=251 crc=0 rssi=-32 pairid=247 txtag=64 st=0x00 addr=198289663 end=198306048 air_us=1024 gap_us=76
REC oseq=166 s0=0x36 len=216 crc=0 rssi=-91 pairid=25493 txtag=128 st=0x00 addr=198445597 end=198459742 air_us=884 gap_us=8721
REC oseq=167 s0=0x3a len=216 crc=0 rssi=-90 pairid=26848 txtag=129 st=0x00 addr=198464686 end=198478831 air_us=884 gap_us=309
REC oseq=168 s0=0x3a len=216 crc=0 rssi=-90 pairid=59617 txtag=153 st=0x00 addr=198502861 end=198517006 air_us=884 gap_us=1501
REC oseq=169 s0=0x36 len=216 crc=0 rssi=-91 pairid=25493 txtag=154 st=0x00 addr=198521950 end=198536095 air_us=884 gap_us=309
REC oseq=170 s0=0x05 len=0 crc=1 rssi=-33 pairid=25493 txtag=154 st=0x00 addr=198545740 end=198546061 air_us=20 gap_us=602
REC oseq=171 s0=0x1e len=250 crc=1 rssi=-52 pairid=246 txtag=64 st=0x00 addr=198547290 end=198563611 air_us=1020 gap_us=76
REC oseq=172 s0=0x09 len=0 crc=1 rssi=-32 pairid=246 txtag=64 st=0x00 addr=198564828 end=198565149 air_us=20 gap_us=76
REC oseq=173 s0=0x12 len=250 crc=1 rssi=-52 pairid=246 txtag=64 st=0x00 addr=198566378 end=198582699 air_us=1020 gap_us=76
REC oseq=174 s0=0x05 len=0 crc=1 rssi=-33 pairid=246 txtag=64 st=0x00 addr=198583917 end=198584238 air_us=20 gap_us=76
REC oseq=175 s0=0x1e len=250 crc=1 rssi=-52 pairid=246 txtag=64 st=0x00 addr=198585466 end=198601787 air_us=1020 gap_us=76
REC oseq=176 s0=0x09 len=0 crc=1 rssi=-32 pairid=246 txtag=64 st=0x00 addr=198603005 end=198603326 air_us=20 gap_us=76
REC oseq=177 s0=0x12 len=250 crc=1 rssi=-52 pairid=246 txtag=64 st=0x00 addr=198604555 end=198620876 air_us=1020 gap_us=76
REC oseq=178 s0=0x05 len=0 crc=1 rssi=-33 pairid=246 txtag=64 st=0x00 addr=198622093 end=198622414 air_us=20 gap_us=76
REC oseq=179 s0=0x1e len=250 crc=1 rssi=-52 pairid=246 txtag=64 st=0x00 addr=198623643 end=198639964 air_us=1020 gap_us=76
REC oseq=180 s0=0x09 len=0 crc=1 rssi=-32 pairid=246 txtag=64 st=0x00 addr=198641181 end=198641502 air_us=20 gap_us=76
REC oseq=181 s0=0x12 len=250 crc=1 rssi=-52 pairid=246 txtag=64 st=0x00 addr=198642731 end=198659052 air_us=1020 gap_us=76
REC oseq=182 s0=0x05 len=0 crc=0 rssi=-33 pairid=246 txtag=64 st=0x00 addr=198660270 end=198660591 air_us=20 gap_us=76
REC oseq=183 s0=0xb6 len=216 crc=0 rssi=-91 pairid=25493 txtag=152 st=0x00 addr=198785740 end=198799885 air_us=884 gap_us=7821
REC oseq=184 s0=0x3a len=216 crc=0 rssi=-91 pairid=59616 txtag=153 st=0x00 addr=198804829 end=198818974 air_us=884 gap_us=309
REC oseq=185 s0=0x36 len=216 crc=0 rssi=-91 pairid=58261 txtag=129 st=0x00 addr=198823916 end=198838061 air_us=884 gap_us=308
REC oseq=186 s0=0x3a len=216 crc=0 rssi=-91 pairid=26848 txtag=152 st=0x00 addr=198843004 end=198857149 air_us=884 gap_us=308
REC oseq=187 s0=0x36 len=216 crc=0 rssi=-91 pairid=58261 txtag=129 st=0x00 addr=198862093 end=198876238 air_us=884 gap_us=309
REC oseq=188 s0=0x3a len=216 crc=0 rssi=-91 pairid=59617 txtag=129 st=0x00 addr=198881181 end=198895326 air_us=884 gap_us=308
REC oseq=189 s0=0x36 len=217 crc=0 rssi=-90 pairid=58261 txtag=184 st=0x00 addr=198900270 end=198914479 air_us=888 gap_us=309
REC oseq=190 s0=0x99 len=85 crc=0 rssi=-91 pairid=59806 txtag=0 st=0x00 addr=199660122 end=199665883 air_us=360 gap_us=46602
REC oseq=191 s0=0x36 len=216 crc=0 rssi=-92 pairid=58261 txtag=129 st=0x00 addr=201324817 end=201338962 air_us=884 gap_us=103683
REC oseq=192 s0=0x3a len=216 crc=0 rssi=-91 pairid=26849 txtag=152 st=0x00 addr=201343905 end=201358050 air_us=884 gap_us=308
REC oseq=193 s0=0x36 len=216 crc=0 rssi=-91 pairid=25493 txtag=152 st=0x00 addr=201362993 end=201377138 air_us=884 gap_us=308
REC oseq=194 s0=0x3a len=216 crc=0 rssi=-90 pairid=26848 txtag=129 st=0x00 addr=201382081 end=201396226 air_us=884 gap_us=308
REC oseq=195 s0=0x36 len=216 crc=0 rssi=-91 pairid=25493 txtag=128 st=0x00 addr=201401170 end=201415315 air_us=884 gap_us=309
REC oseq=196 s0=0x3a len=216 crc=0 rssi=-90 pairid=59616 txtag=8 st=0x00 addr=201420257 end=201434402 air_us=884 gap_us=308
REC oseq=197 s0=0x36 len=216 crc=0 rssi=-91 pairid=25493 txtag=129 st=0x00 addr=201684816 end=201698961 air_us=884 gap_us=15650
REC oseq=198 s0=0x3a len=216 crc=0 rssi=-90 pairid=59616 txtag=153 st=0x00 addr=201703904 end=201718049 air_us=884 gap_us=308
REC oseq=199 s0=0x35 len=212 crc=0 rssi=-91 pairid=39091 txtag=13 st=0x00 addr=201722993 end=201736882 air_us=868 gap_us=309
REC oseq=200 s0=0x3a len=216 crc=0 rssi=-91 pairid=59616 txtag=153 st=0x00 addr=201742849 end=201756994 air_us=884 gap_us=372
REC oseq=201 s0=0x26 len=216 crc=0 rssi=-91 pairid=58261 txtag=145 st=0x00 addr=201761938 end=201776083 air_us=884 gap_us=309
REC oseq=202 s0=0x52 len=90 crc=0 rssi=-92 pairid=22682 txtag=163 st=0x00 addr=202010415 end=202016496 air_us=380 gap_us=14645
REC oseq=203 s0=0x16 len=251 crc=1 rssi=-32 pairid=247 txtag=64 st=0x00 addr=203105719 end=203122104 air_us=1024 gap_us=68076
REC oseq=204 s0=0x1e len=250 crc=1 rssi=-52 pairid=246 txtag=64 st=0x00 addr=203123323 end=203139644 air_us=1020 gap_us=76
REC oseq=205 s0=0x1a len=239 crc=1 rssi=-32 pairid=235 txtag=64 st=0x00 addr=203140872 end=203156489 air_us=976 gap_us=76
REC oseq=206 s0=0x12 len=250 crc=1 rssi=-52 pairid=246 txtag=64 st=0x00 addr=203157707 end=203174028 air_us=1020 gap_us=76
REC oseq=207 s0=0x16 len=251 crc=1 rssi=-32 pairid=247 txtag=64 st=0x00 addr=203175256 end=203191641 air_us=1024 gap_us=76
REC oseq=208 s0=0x1e len=250 crc=1 rssi=-52 pairid=246 txtag=64 st=0x00 addr=203192860 end=203209181 air_us=1020 gap_us=76
REC oseq=209 s0=0x1a len=239 crc=0 rssi=-32 pairid=235 txtag=64 st=0x00 addr=203210409 end=203226026 air_us=976 gap_us=76
REC oseq=210 s0=0x29 len=55 crc=0 rssi=-92 pairid=38992 txtag=72 st=0x00 addr=203295256 end=203299097 air_us=240 gap_us=4326
REC oseq=211 s0=0x25 len=163 crc=0 rssi=-92 pairid=38988 txtag=72 st=0x00 addr=203329640 end=203340393 air_us=672 gap_us=1908
REC oseq=212 s0=0x09 len=0 crc=1 rssi=-32 pairid=38988 txtag=72 st=0x00 addr=206345705 end=206346026 air_us=20 gap_us=187832
REC oseq=213 s0=0x12 len=250 crc=1 rssi=-52 pairid=246 txtag=64 st=0x00 addr=206347251 end=206363572 air_us=1020 gap_us=76
REC oseq=214 s0=0x05 len=0 crc=1 rssi=-33 pairid=246 txtag=64 st=0x00 addr=206364793 end=206365114 air_us=20 gap_us=76
REC oseq=215 s0=0x1e len=250 crc=1 rssi=-52 pairid=246 txtag=64 st=0x00 addr=206366339 end=206382660 air_us=1020 gap_us=76
REC oseq=216 s0=0x09 len=0 crc=1 rssi=-32 pairid=246 txtag=64 st=0x00 addr=206383881 end=206384202 air_us=20 gap_us=76
REC oseq=217 s0=0x12 len=250 crc=1 rssi=-52 pairid=246 txtag=64 st=0x00 addr=206385427 end=206401748 air_us=1020 gap_us=76
REC oseq=218 s0=0x05 len=0 crc=1 rssi=-33 pairid=246 txtag=64 st=0x00 addr=206402969 end=206403290 air_us=20 gap_us=76
REC oseq=219 s0=0x1e len=250 crc=1 rssi=-52 pairid=246 txtag=64 st=0x00 addr=206404515 end=206420836 air_us=1020 gap_us=76
REC oseq=220 s0=0x09 len=0 crc=1 rssi=-32 pairid=246 txtag=64 st=0x00 addr=206422057 end=206422378 air_us=20 gap_us=76
REC oseq=221 s0=0x12 len=250 crc=1 rssi=-52 pairid=246 txtag=64 st=0x00 addr=206423604 end=206439925 air_us=1020 gap_us=76
REC oseq=222 s0=0x05 len=0 crc=1 rssi=-33 pairid=246 txtag=64 st=0x00 addr=206441145 end=206441466 air_us=20 gap_us=76
REC oseq=223 s0=0x1e len=250 crc=1 rssi=-52 pairid=246 txtag=64 st=0x00 addr=206442692 end=206459013 air_us=1020 gap_us=76
REC oseq=224 s0=0x09 len=0 crc=0 rssi=-32 pairid=246 txtag=64 st=0x00 addr=206460234 end=206460555 air_us=20 gap_us=76
REC oseq=225 s0=0x41 len=150 crc=0 rssi=-90 pairid=51258 txtag=114 st=0x00 addr=206945703 end=206955624 air_us=620 gap_us=30321
REC oseq=226 s0=0x52 len=123 crc=0 rssi=-90 pairid=39836 txtag=163 st=0x00 addr=207022887 end=207031080 air_us=512 gap_us=4203
REC oseq=227 s0=0x16 len=251 crc=1 rssi=-32 pairid=247 txtag=64 st=0x00 addr=207545700 end=207562085 air_us=1024 gap_us=32163
REC oseq=228 s0=0x1e len=250 crc=0 rssi=-52 pairid=246 txtag=64 st=0x00 addr=207563306 end=207579627 air_us=1020 gap_us=76
REC oseq=229 s0=0x1a len=239 crc=1 rssi=-32 pairid=235 txtag=64 st=0x00 addr=207580852 end=207596469 air_us=976 gap_us=76
REC oseq=230 s0=0x12 len=250 crc=0 rssi=-52 pairid=246 txtag=64 st=0x00 addr=207597691 end=207614012 air_us=1020 gap_us=76
REC oseq=231 s0=0x16 len=251 crc=1 rssi=-33 pairid=247 txtag=64 st=0x00 addr=207615237 end=207631622 air_us=1024 gap_us=76
REC oseq=232 s0=0x1e len=250 crc=1 rssi=-52 pairid=246 txtag=64 st=0x00 addr=207632843 end=207649164 air_us=1020 gap_us=76
REC oseq=233 s0=0x1a len=239 crc=0 rssi=-32 pairid=235 txtag=64 st=0x00 addr=207650389 end=207666006 air_us=976 gap_us=76
REC oseq=234 s0=0x1a len=239 crc=1 rssi=-32 pairid=235 txtag=64 st=0x00 addr=208505695 end=208521312 air_us=976 gap_us=52480
REC oseq=235 s0=0x12 len=250 crc=1 rssi=-52 pairid=246 txtag=64 st=0x00 addr=208522533 end=208538854 air_us=1020 gap_us=76
REC oseq=236 s0=0x16 len=251 crc=1 rssi=-32 pairid=247 txtag=64 st=0x00 addr=208540079 end=208556464 air_us=1024 gap_us=76
REC oseq=237 s0=0x1e len=250 crc=1 rssi=-52 pairid=246 txtag=64 st=0x00 addr=208557686 end=208574007 air_us=1020 gap_us=76
REC oseq=238 s0=0x1a len=239 crc=1 rssi=-32 pairid=235 txtag=64 st=0x00 addr=208575232 end=208590849 air_us=976 gap_us=76
REC oseq=239 s0=0x12 len=250 crc=1 rssi=-52 pairid=246 txtag=64 st=0x00 addr=208592070 end=208608391 air_us=1020 gap_us=76
REC oseq=240 s0=0x16 len=251 crc=0 rssi=-32 pairid=247 txtag=64 st=0x00 addr=208609616 end=208626001 air_us=1024 gap_us=76
REC oseq=241 s0=0x1a len=239 crc=1 rssi=-32 pairid=235 txtag=64 st=0x00 addr=213185674 end=213201291 air_us=976 gap_us=284979
REC oseq=242 s0=0x12 len=250 crc=1 rssi=-53 pairid=246 txtag=64 st=0x00 addr=213202515 end=213218836 air_us=1020 gap_us=76
REC oseq=243 s0=0x16 len=251 crc=1 rssi=-32 pairid=247 txtag=64 st=0x00 addr=213220058 end=213236443 air_us=1024 gap_us=76
REC oseq=244 s0=0x1e len=250 crc=1 rssi=-52 pairid=246 txtag=64 st=0x00 addr=213237668 end=213253989 air_us=1020 gap_us=76
REC oseq=245 s0=0x1a len=239 crc=1 rssi=-32 pairid=235 txtag=64 st=0x00 addr=213255211 end=213270828 air_us=976 gap_us=76
REC oseq=246 s0=0x12 len=250 crc=0 rssi=-52 pairid=246 txtag=64 st=0x00 addr=213272052 end=213288373 air_us=1020 gap_us=76
REC oseq=247 s0=0x1a len=239 crc=0 rssi=-32 pairid=235 txtag=64 st=0x00 addr=213289595 end=213305212 air_us=976 gap_us=76
REC oseq=248 s0=0x3a len=216 crc=0 rssi=-91 pairid=59616 txtag=129 st=0x00 addr=214385668 end=214399813 air_us=884 gap_us=67528
REC oseq=249 s0=0x36 len=216 crc=0 rssi=-91 pairid=25493 txtag=128 st=0x00 addr=214404758 end=214418903 air_us=884 gap_us=309
REC oseq=250 s0=0x39 len=212 crc=0 rssi=-91 pairid=39091 txtag=12 st=0x00 addr=214423845 end=214437734 air_us=868 gap_us=308
REC oseq=251 s0=0x36 len=216 crc=0 rssi=-91 pairid=25493 txtag=153 st=0x00 addr=214443701 end=214457846 air_us=884 gap_us=372
REC oseq=252 s0=0x3a len=216 crc=0 rssi=-91 pairid=59617 txtag=153 st=0x00 addr=214462789 end=214476934 air_us=884 gap_us=308
REC oseq=253 s0=0x29 len=35 crc=0 rssi=-90 pairid=38988 txtag=72 st=0x00 addr=215105665 end=215108226 air_us=160 gap_us=39295
REC oseq=254 s0=0x25 len=55 crc=0 rssi=-93 pairid=55376 txtag=72 st=0x00 addr=215140818 end=215144659 air_us=240 gap_us=2037
REC oseq=255 s0=0x29 len=35 crc=0 rssi=-90 pairid=38988 txtag=72 st=0x00 addr=215175202 end=215177763 air_us=160 gap_us=1908
REC oseq=256 s0=0x25 len=55 crc=0 rssi=-92 pairid=38992 txtag=80 st=0x00 addr=215210355 end=215214196 air_us=240 gap_us=2037
REC oseq=257 s0=0x8a len=161 crc=0 rssi=-91 pairid=39382 txtag=69 st=0x00 addr=217020189 end=217030814 air_us=664 gap_us=112874
REC oseq=258 s0=0x41 len=238 crc=0 rssi=-92 pairid=51228 txtag=114 st=0x00 addr=217048570 end=217064123 air_us=972 gap_us=1109
REC oseq=259 s0=0xdf len=239 crc=0 rssi=-93 pairid=39070 txtag=163 st=0x00 addr=217067642 end=217083259 air_us=976 gap_us=219
REC oseq=260 s0=0x25 len=35 crc=0 rssi=-92 pairid=38988 txtag=72 st=0x00 addr=218465650 end=218468211 air_us=160 gap_us=86399
REC oseq=261 s0=0x75 len=150 crc=0 rssi=-92 pairid=49948 txtag=118 st=0x00 addr=218825649 end=218835570 air_us=620 gap_us=22339
REC oseq=262 s0=0x25 len=55 crc=0 rssi=-92 pairid=55376 txtag=72 st=0x00 addr=220060797 end=220064638 air_us=240 gap_us=76576
REC oseq=263 s0=0x29 len=35 crc=0 rssi=-91 pairid=55372 txtag=72 st=0x00 addr=220095182 end=220097743 air_us=160 gap_us=1909
REC oseq=264 s0=0x25 len=243 crc=0 rssi=-91 pairid=38992 txtag=72 st=0x00 addr=220130334 end=220146207 air_us=992 gap_us=2036
REC oseq=265 s0=0x8a len=173 crc=0 rssi=-90 pairid=63950 txtag=208 st=0x00 addr=221383816 end=221395209 air_us=712 gap_us=77350
REC oseq=266 s0=0x25 len=35 crc=0 rssi=-92 pairid=38988 txtag=72 st=0x00 addr=222185633 end=222188194 air_us=160 gap_us=49401
REC oseq=267 s0=0x29 len=55 crc=0 rssi=-91 pairid=38992 txtag=64 st=0x00 addr=222220786 end=222224627 air_us=240 gap_us=2037
REC oseq=268 s0=0x29 len=55 crc=0 rssi=-90 pairid=38992 txtag=72 st=0x00 addr=222290322 end=222294163 air_us=240 gap_us=4105
REC oseq=269 s0=0x2d len=55 crc=0 rssi=-92 pairid=38992 txtag=80 st=0x00 addr=222305634 end=222309475 air_us=240 gap_us=716
REC oseq=270 s0=0x25 len=35 crc=0 rssi=-92 pairid=38988 txtag=72 st=0x00 addr=222340002 end=222342563 air_us=160 gap_us=1907
REC oseq=271 s0=0x29 len=55 crc=0 rssi=-91 pairid=38992 txtag=80 st=0x00 addr=222375139 end=222378980 air_us=240 gap_us=2036
REC oseq=272 s0=0x36 len=216 crc=0 rssi=-91 pairid=25492 txtag=152 st=0x00 addr=224124697 end=224138842 air_us=884 gap_us=109107
REC oseq=273 s0=0x3a len=216 crc=0 rssi=-91 pairid=26848 txtag=134 st=0x00 addr=224143784 end=224157929 air_us=884 gap_us=308
REC oseq=274 s0=0x36 len=216 crc=0 rssi=-90 pairid=25493 txtag=128 st=0x00 addr=224162873 end=224177018 air_us=884 gap_us=309
REC oseq=275 s0=0x0a len=216 crc=0 rssi=-91 pairid=26848 txtag=129 st=0x00 addr=224181962 end=224196107 air_us=884 gap_us=309
REC oseq=276 s0=0x36 len=216 crc=0 rssi=-90 pairid=58260 txtag=129 st=0x00 addr=224201049 end=224215194 air_us=884 gap_us=308
REC oseq=277 s0=0x3a len=88 crc=0 rssi=-90 pairid=26849 txtag=36 st=0x00 addr=224220138 end=224226091 air_us=372 gap_us=309
REC oseq=278 s0=0x29 len=35 crc=0 rssi=-91 pairid=38988 txtag=64 st=0x00 addr=225065621 end=225068182 air_us=160 gap_us=52470
REC oseq=279 s0=0x25 len=55 crc=0 rssi=-92 pairid=38992 txtag=80 st=0x00 addr=225100773 end=225104614 air_us=240 gap_us=2036
REC oseq=280 s0=0x29 len=35 crc=0 rssi=-92 pairid=38988 txtag=72 st=0x00 addr=225135157 end=225137718 air_us=160 gap_us=1908
REC oseq=281 s0=0x25 len=55 crc=0 rssi=-92 pairid=38992 txtag=72 st=0x00 addr=225170310 end=225174151 air_us=240 gap_us=2037
REC oseq=282 s0=0xde len=251 crc=0 rssi=-92 pairid=31092 txtag=47 st=0x00 addr=225650308 end=225666693 air_us=1024 gap_us=29759
REC oseq=283 s0=0x94 len=86 crc=0 rssi=-91 pairid=1468 txtag=0 st=0x00 addr=227619994 end=227625819 air_us=364 gap_us=122081
REC oseq=284 s0=0x1a len=239 crc=1 rssi=-32 pairid=235 txtag=64 st=0x00 addr=228305605 end=228321222 air_us=976 gap_us=42486
REC oseq=285 s0=0x12 len=250 crc=1 rssi=-52 pairid=246 txtag=64 st=0x00 addr=228322441 end=228338762 air_us=1020 gap_us=76
REC oseq=286 s0=0x16 len=251 crc=1 rssi=-32 pairid=247 txtag=64 st=0x00 addr=228339990 end=228356375 air_us=1024 gap_us=76
REC oseq=287 s0=0x1e len=250 crc=1 rssi=-52 pairid=246 txtag=64 st=0x00 addr=228357594 end=228373915 air_us=1020 gap_us=76
REC oseq=288 s0=0x1a len=239 crc=1 rssi=-32 pairid=235 txtag=64 st=0x00 addr=228375142 end=228390759 air_us=976 gap_us=76
REC oseq=289 s0=0x12 len=250 crc=1 rssi=-52 pairid=246 txtag=64 st=0x00 addr=228391978 end=228408299 air_us=1020 gap_us=76
REC oseq=290 s0=0x16 len=251 crc=0 rssi=-32 pairid=247 txtag=64 st=0x00 addr=228409527 end=228425912 air_us=1024 gap_us=76
REC oseq=291 s0=0x09 len=0 crc=1 rssi=-32 pairid=247 txtag=64 st=0x00 addr=228905603 end=228905924 air_us=20 gap_us=29980
REC oseq=292 s0=0x12 len=250 crc=1 rssi=-52 pairid=246 txtag=64 st=0x00 addr=228907141 end=228923462 air_us=1020 gap_us=76
REC oseq=293 s0=0x05 len=0 crc=1 rssi=-33 pairid=246 txtag=64 st=0x00 addr=228924691 end=228925012 air_us=20 gap_us=76
REC oseq=294 s0=0x1e len=250 crc=1 rssi=-52 pairid=246 txtag=64 st=0x00 addr=228926229 end=228942550 air_us=1020 gap_us=76
REC oseq=295 s0=0x09 len=0 crc=1 rssi=-32 pairid=246 txtag=64 st=0x00 addr=228943780 end=228944101 air_us=20 gap_us=76
REC oseq=296 s0=0x12 len=250 crc=1 rssi=-52 pairid=246 txtag=64 st=0x00 addr=228945317 end=228961638 air_us=1020 gap_us=76
REC oseq=297 s0=0x05 len=0 crc=1 rssi=-33 pairid=246 txtag=64 st=0x00 addr=228962868 end=228963189 air_us=20 gap_us=76
REC oseq=298 s0=0x1e len=250 crc=1 rssi=-52 pairid=246 txtag=64 st=0x00 addr=228964405 end=228980726 air_us=1020 gap_us=76
REC oseq=299 s0=0x09 len=0 crc=1 rssi=-32 pairid=246 txtag=64 st=0x00 addr=228981956 end=228982277 air_us=20 gap_us=76
REC oseq=300 s0=0x12 len=250 crc=1 rssi=-52 pairid=246 txtag=64 st=0x00 addr=228983493 end=228999814 air_us=1020 gap_us=76
REC oseq=301 s0=0x05 len=0 crc=1 rssi=-33 pairid=246 txtag=64 st=0x00 addr=229001045 end=229001366 air_us=20 gap_us=76
REC oseq=302 s0=0x1e len=250 crc=1 rssi=-52 pairid=246 txtag=64 st=0x00 addr=229002582 end=229018903 air_us=1020 gap_us=76
REC oseq=303 s0=0x09 len=0 crc=0 rssi=-32 pairid=246 txtag=64 st=0x00 addr=229020133 end=229020454 air_us=20 gap_us=76
REC oseq=304 s0=0x41 len=218 crc=0 rssi=-91 pairid=3882 txtag=114 st=0x00 addr=234583755 end=234598028 air_us=892 gap_us=347706
REC oseq=305 s0=0x4d len=150 crc=0 rssi=-91 pairid=857 txtag=114 st=0x00 addr=234602842 end=234612763 air_us=620 gap_us=300
REC oseq=306 s0=0x29 len=35 crc=0 rssi=-91 pairid=38988 txtag=72 st=0x00 addr=235625572 end=235628133 air_us=160 gap_us=63300
REC oseq=307 s0=0x25 len=55 crc=0 rssi=-92 pairid=55376 txtag=72 st=0x00 addr=235660726 end=235664567 air_us=240 gap_us=2037
REC oseq=308 s0=0x29 len=35 crc=0 rssi=-91 pairid=38988 txtag=72 st=0x00 addr=235695109 end=235697670 air_us=160 gap_us=1908
REC oseq=309 s0=0x1a len=239 crc=1 rssi=-32 pairid=235 txtag=64 st=0x00 addr=238625560 end=238641177 air_us=976 gap_us=182993
REC oseq=310 s0=0x12 len=250 crc=1 rssi=-52 pairid=246 txtag=64 st=0x00 addr=238642401 end=238658722 air_us=1020 gap_us=76
REC oseq=311 s0=0x16 len=251 crc=1 rssi=-32 pairid=247 txtag=64 st=0x00 addr=238659945 end=238676330 air_us=1024 gap_us=76
REC oseq=312 s0=0x1e len=250 crc=1 rssi=-52 pairid=246 txtag=64 st=0x00 addr=238677553 end=238693874 air_us=1020 gap_us=76
REC oseq=313 s0=0x1a len=239 crc=1 rssi=-32 pairid=235 txtag=64 st=0x00 addr=238695097 end=238710714 air_us=976 gap_us=76
REC oseq=314 s0=0x12 len=250 crc=1 rssi=-52 pairid=246 txtag=64 st=0x00 addr=238711937 end=238728258 air_us=1020 gap_us=76
REC oseq=315 s0=0x16 len=251 crc=0 rssi=-32 pairid=247 txtag=64 st=0x00 addr=238729482 end=238745867 air_us=1024 gap_us=76
REC oseq=316 s0=0x09 len=0 crc=1 rssi=-33 pairid=247 txtag=64 st=0x00 addr=241505546 end=241505867 air_us=20 gap_us=172479
REC oseq=317 s0=0x12 len=250 crc=1 rssi=-52 pairid=246 txtag=64 st=0x00 addr=241507084 end=241523405 air_us=1020 gap_us=76
REC oseq=318 s0=0x05 len=0 crc=1 rssi=-33 pairid=246 txtag=64 st=0x00 addr=241524634 end=241524955 air_us=20 gap_us=76
REC oseq=319 s0=0x1e len=250 crc=1 rssi=-53 pairid=246 txtag=64 st=0x00 addr=241526171 end=241542492 air_us=1020 gap_us=76
REC oseq=320 s0=0x09 len=0 crc=1 rssi=-32 pairid=246 txtag=64 st=0x00 addr=241543722 end=241544043 air_us=20 gap_us=76
REC oseq=321 s0=0x12 len=250 crc=1 rssi=-53 pairid=246 txtag=64 st=0x00 addr=241545260 end=241561581 air_us=1020 gap_us=76
REC oseq=322 s0=0x05 len=0 crc=1 rssi=-33 pairid=246 txtag=64 st=0x00 addr=241562810 end=241563131 air_us=20 gap_us=76
REC oseq=323 s0=0x1e len=250 crc=1 rssi=-52 pairid=246 txtag=64 st=0x00 addr=241564348 end=241580669 air_us=1020 gap_us=76
REC oseq=324 s0=0x09 len=0 crc=1 rssi=-32 pairid=246 txtag=64 st=0x00 addr=241581899 end=241582220 air_us=20 gap_us=76
REC oseq=325 s0=0x12 len=250 crc=1 rssi=-52 pairid=246 txtag=64 st=0x00 addr=241583436 end=241599757 air_us=1020 gap_us=76
REC oseq=326 s0=0x05 len=0 crc=1 rssi=-33 pairid=246 txtag=64 st=0x00 addr=241600987 end=241601308 air_us=20 gap_us=76
REC oseq=327 s0=0x1e len=250 crc=0 rssi=-52 pairid=246 txtag=64 st=0x00 addr=241602524 end=241618845 air_us=1020 gap_us=76
REC oseq=328 s0=0x09 len=0 crc=0 rssi=-32 pairid=246 txtag=64 st=0x00 addr=241620075 end=241620396 air_us=20 gap_us=76
REC oseq=329 s0=0x05 len=0 crc=1 rssi=-33 pairid=246 txtag=64 st=0x00 addr=242225543 end=242225864 air_us=20 gap_us=37821
REC oseq=330 s0=0x1e len=12 crc=1 rssi=-52 pairid=8 txtag=5 st=0x00 addr=242227094 end=242228183 air_us=68 gap_us=76
REC oseq=331 s0=0x09 len=0 crc=1 rssi=-33 pairid=8 txtag=5 st=0x00 addr=242229398 end=242229719 air_us=20 gap_us=75
REC oseq=332 s0=0x12 len=250 crc=1 rssi=-53 pairid=246 txtag=64 st=0x00 addr=242230950 end=242247271 air_us=1020 gap_us=76
REC oseq=333 s0=0x16 len=251 crc=1 rssi=-32 pairid=247 txtag=64 st=0x00 addr=242248487 end=242264872 air_us=1024 gap_us=76
REC oseq=334 s0=0x1e len=250 crc=1 rssi=-52 pairid=246 txtag=64 st=0x00 addr=242266103 end=242282424 air_us=1020 gap_us=76
REC oseq=335 s0=0x1a len=239 crc=1 rssi=-32 pairid=235 txtag=64 st=0x00 addr=242283639 end=242299256 air_us=976 gap_us=75
REC oseq=336 s0=0x12 len=250 crc=1 rssi=-53 pairid=246 txtag=64 st=0x00 addr=242300487 end=242316808 air_us=1020 gap_us=76
REC oseq=337 s0=0x16 len=251 crc=1 rssi=-32 pairid=247 txtag=64 st=0x00 addr=242318024 end=242334409 air_us=1024 gap_us=76
REC oseq=338 s0=0x1e len=250 crc=0 rssi=-52 pairid=246 txtag=64 st=0x00 addr=242335639 end=242351960 air_us=1020 gap_us=76
REC oseq=339 s0=0x29 len=55 crc=0 rssi=-91 pairid=38992 txtag=72 st=0x00 addr=242499928 end=242503769 air_us=240 gap_us=9248
REC oseq=340 s0=0x25 len=35 crc=0 rssi=-92 pairid=38988 txtag=72 st=0x00 addr=242534312 end=242536873 air_us=160 gap_us=1908
REC oseq=341 s0=0x16 len=251 crc=1 rssi=-32 pairid=247 txtag=64 st=0x00 addr=242705541 end=242721926 air_us=1024 gap_us=10541
REC oseq=342 s0=0x1e len=250 crc=1 rssi=-52 pairid=246 txtag=64 st=0x00 addr=242723157 end=242739478 air_us=1020 gap_us=76
REC oseq=343 s0=0x1a len=239 crc=1 rssi=-32 pairid=235 txtag=64 st=0x00 addr=242740693 end=242756310 air_us=976 gap_us=75
REC oseq=344 s0=0x12 len=250 crc=1 rssi=-52 pairid=246 txtag=64 st=0x00 addr=242757541 end=242773862 air_us=1020 gap_us=76
REC oseq=345 s0=0x16 len=251 crc=1 rssi=-32 pairid=247 txtag=64 st=0x00 addr=242775078 end=242791463 air_us=1024 gap_us=76
REC oseq=346 s0=0x1e len=250 crc=1 rssi=-52 pairid=246 txtag=64 st=0x00 addr=242792694 end=242809015 air_us=1020 gap_us=76
REC oseq=347 s0=0x1a len=239 crc=0 rssi=-32 pairid=235 txtag=64 st=0x00 addr=242810230 end=242825847 air_us=976 gap_us=75
REC oseq=348 s0=0x25 len=35 crc=0 rssi=-92 pairid=38988 txtag=72 st=0x00 addr=243785536 end=243788097 air_us=160 gap_us=59980
REC oseq=349 s0=0xe9 len=55 crc=0 rssi=-91 pairid=38992 txtag=72 st=0x00 addr=243820689 end=243824530 air_us=240 gap_us=2037
REC oseq=350 s0=0x25 len=35 crc=0 rssi=-92 pairid=38988 txtag=72 st=0x00 addr=243855073 end=243857634 air_us=160 gap_us=1908
REC oseq=351 s0=0x1a len=251 crc=1 rssi=-32 pairid=247 txtag=64 st=0x00 addr=245345528 end=245361913 air_us=1024 gap_us=92993
REC oseq=352 s0=0x12 len=250 crc=1 rssi=-52 pairid=246 txtag=64 st=0x00 addr=245363138 end=245379459 air_us=1020 gap_us=76
REC oseq=353 s0=0x16 len=239 crc=1 rssi=-32 pairid=235 txtag=64 st=0x00 addr=245380680 end=245396297 air_us=976 gap_us=76
REC oseq=354 s0=0x1e len=250 crc=1 rssi=-53 pairid=246 txtag=64 st=0x00 addr=245397522 end=245413843 air_us=1020 gap_us=76
REC oseq=355 s0=0x1a len=251 crc=1 rssi=-32 pairid=247 txtag=64 st=0x00 addr=245415065 end=245431450 air_us=1024 gap_us=76
REC oseq=356 s0=0x12 len=250 crc=1 rssi=-53 pairid=246 txtag=64 st=0x00 addr=245432674 end=245448995 air_us=1020 gap_us=76
REC oseq=357 s0=0x16 len=239 crc=0 rssi=-32 pairid=235 txtag=64 st=0x00 addr=245450217 end=245465834 air_us=976 gap_us=76
REC oseq=358 s0=0x29 len=55 crc=0 rssi=-91 pairid=38992 txtag=72 st=0x00 addr=248345514 end=248349355 air_us=240 gap_us=179980
REC oseq=359 s0=0x25 len=35 crc=0 rssi=-92 pairid=38988 txtag=72 st=0x00 addr=248379899 end=248382460 air_us=160 gap_us=1909
REC oseq=360 s0=0x1a len=239 crc=1 rssi=-32 pairid=235 txtag=64 st=0x00 addr=248585515 end=248601132 air_us=976 gap_us=12690
REC oseq=361 s0=0x12 len=250 crc=1 rssi=-52 pairid=246 txtag=64 st=0x00 addr=248602362 end=248618683 air_us=1020 gap_us=76
REC oseq=362 s0=0x16 len=251 crc=1 rssi=-32 pairid=247 txtag=64 st=0x00 addr=248619899 end=248636284 air_us=1024 gap_us=76
REC oseq=363 s0=0x1e len=250 crc=1 rssi=-52 pairid=246 txtag=64 st=0x00 addr=248637514 end=248653835 air_us=1020 gap_us=76
REC oseq=364 s0=0x1a len=239 crc=1 rssi=-32 pairid=235 txtag=64 st=0x00 addr=248655052 end=248670669 air_us=976 gap_us=76
REC oseq=365 s0=0x12 len=250 crc=1 rssi=-52 pairid=246 txtag=64 st=0x00 addr=248671899 end=248688220 air_us=1020 gap_us=76
REC oseq=366 s0=0x16 len=251 crc=0 rssi=-32 pairid=247 txtag=64 st=0x00 addr=248689437 end=248705822 air_us=1024 gap_us=76
REC oseq=367 s0=0x1a len=251 crc=1 rssi=-32 pairid=247 txtag=64 st=0x00 addr=250625505 end=250641890 air_us=1024 gap_us=119980
REC oseq=368 s0=0x12 len=250 crc=1 rssi=-52 pairid=246 txtag=64 st=0x00 addr=250643117 end=250659438 air_us=1020 gap_us=76
REC oseq=369 s0=0x16 len=239 crc=1 rssi=-32 pairid=235 txtag=64 st=0x00 addr=250660658 end=250676275 air_us=976 gap_us=76
REC oseq=370 s0=0x1e len=250 crc=1 rssi=-53 pairid=246 txtag=64 st=0x00 addr=250677502 end=250693823 air_us=1020 gap_us=76
REC oseq=371 s0=0x1a len=251 crc=1 rssi=-32 pairid=247 txtag=64 st=0x00 addr=250695042 end=250711427 air_us=1024 gap_us=76
REC oseq=372 s0=0x12 len=250 crc=1 rssi=-52 pairid=246 txtag=64 st=0x00 addr=250712654 end=250728975 air_us=1020 gap_us=76
REC oseq=373 s0=0x16 len=239 crc=0 rssi=-32 pairid=235 txtag=64 st=0x00 addr=250730194 end=250745811 air_us=976 gap_us=76
REC oseq=374 s0=0x29 len=35 crc=0 rssi=-91 pairid=38988 txtag=72 st=0x00 addr=250865503 end=250868064 air_us=160 gap_us=7480
REC oseq=375 s0=0x25 len=55 crc=0 rssi=-92 pairid=38992 txtag=72 st=0x00 addr=250900656 end=250904497 air_us=240 gap_us=2037
REC oseq=376 s0=0x29 len=35 crc=0 rssi=-92 pairid=38988 txtag=72 st=0x00 addr=250935040 end=250937601 air_us=160 gap_us=1908
REC oseq=377 s0=0x41 len=150 crc=0 rssi=-91 pairid=34860 txtag=114 st=0x00 addr=252204587 end=252214509 air_us=620 gap_us=79186
REC oseq=378 s0=0x3a len=216 crc=0 rssi=-90 pairid=59616 txtag=154 st=0x00 addr=256745477 end=256759622 air_us=884 gap_us=283185
REC oseq=379 s0=0x36 len=216 crc=0 rssi=-91 pairid=25493 txtag=225 st=0x00 addr=256764565 end=256778710 air_us=884 gap_us=308
REC oseq=380 s0=0x3a len=216 crc=0 rssi=-90 pairid=26848 txtag=229 st=0x00 addr=256783653 end=256797798 air_us=884 gap_us=308
REC oseq=381 s0=0x36 len=216 crc=0 rssi=-91 pairid=25493 txtag=152 st=0x00 addr=256802741 end=256816886 air_us=884 gap_us=308
REC oseq=382 s0=0x05 len=0 crc=1 rssi=-33 pairid=25493 txtag=152 st=0x00 addr=257465473 end=257465794 air_us=20 gap_us=40536
REC oseq=383 s0=0x1e len=250 crc=1 rssi=-52 pairid=246 txtag=64 st=0x00 addr=257467020 end=257483341 air_us=1020 gap_us=76
REC oseq=384 s0=0x09 len=0 crc=1 rssi=-32 pairid=246 txtag=64 st=0x00 addr=257484562 end=257484883 air_us=20 gap_us=76
REC oseq=385 s0=0x12 len=250 crc=1 rssi=-52 pairid=246 txtag=64 st=0x00 addr=257486108 end=257502429 air_us=1020 gap_us=76
REC oseq=386 s0=0x05 len=0 crc=1 rssi=-33 pairid=246 txtag=64 st=0x00 addr=257503650 end=257503971 air_us=20 gap_us=76
REC oseq=387 s0=0x1e len=12 crc=1 rssi=-52 pairid=8 txtag=5 st=0x00 addr=257505196 end=257506285 air_us=68 gap_us=76
REC oseq=388 s0=0x09 len=0 crc=1 rssi=-32 pairid=8 txtag=5 st=0x00 addr=257507506 end=257507827 air_us=20 gap_us=76
REC oseq=389 s0=0x12 len=250 crc=1 rssi=-52 pairid=246 txtag=64 st=0x00 addr=257509052 end=257525373 air_us=1020 gap_us=76
REC oseq=390 s0=0x16 len=251 crc=1 rssi=-32 pairid=247 txtag=64 st=0x00 addr=257526594 end=257542979 air_us=1024 gap_us=76
REC oseq=391 s0=0x1e len=250 crc=1 rssi=-52 pairid=246 txtag=64 st=0x00 addr=257544205 end=257560526 air_us=1020 gap_us=76
REC oseq=392 s0=0x1a len=239 crc=1 rssi=-32 pairid=235 txtag=64 st=0x00 addr=257561746 end=257577363 air_us=976 gap_us=76
REC oseq=393 s0=0x12 len=250 crc=0 rssi=-52 pairid=246 txtag=64 st=0x00 addr=257578589 end=257594910 air_us=1020 gap_us=76
REC oseq=394 s0=0x3a len=216 crc=0 rssi=-90 pairid=59616 txtag=129 st=0x00 addr=259385465 end=259399610 air_us=884 gap_us=111909
REC oseq=395 s0=0x36 len=216 crc=0 rssi=-91 pairid=25493 txtag=224 st=0x00 addr=259404552 end=259418697 air_us=884 gap_us=308
REC oseq=396 s0=0x5a len=216 crc=0 rssi=-90 pairid=59616 txtag=153 st=0x00 addr=259423641 end=259437786 air_us=884 gap_us=309
REC oseq=397 s0=0x36 len=212 crc=0 rssi=-91 pairid=25492 txtag=184 st=0x00 addr=259442729 end=259456618 air_us=868 gap_us=308
REC oseq=398 s0=0x3a len=217 crc=0 rssi=-91 pairid=26848 txtag=152 st=0x00 addr=259461819 end=259476028 air_us=888 gap_us=325
REC oseq=399 s0=0x36 len=216 crc=0 rssi=-91 pairid=25493 txtag=153 st=0x00 addr=259480906 end=259495051 air_us=884 gap_us=304
REC oseq=400 s0=0x26 len=216 crc=0 rssi=-92 pairid=63705 txtag=153 st=0x00 addr=259499994 end=259514139 air_us=884 gap_us=308
REC oseq=401 s0=0x41 len=150 crc=0 rssi=-91 pairid=52014 txtag=106 st=0x00 addr=267223605 end=267233526 air_us=620 gap_us=481841
REC oseq=402 s0=0x71 len=231 crc=0 rssi=-93 pairid=2098 txtag=114 st=0x00 addr=267583605 end=267598710 air_us=944 gap_us=21879
REC oseq=403 s0=0xc1 len=143 crc=0 rssi=-91 pairid=2604 txtag=114 st=0x00 addr=267621781 end=267631254 air_us=592 gap_us=1441
REC oseq=404 s0=0x16 len=251 crc=1 rssi=-32 pairid=247 txtag=64 st=0x00 addr=268505423 end=268521808 air_us=1024 gap_us=54635
REC oseq=405 s0=0x1e len=250 crc=1 rssi=-53 pairid=246 txtag=64 st=0x00 addr=268523039 end=268539360 air_us=1020 gap_us=76
REC oseq=406 s0=0x1a len=239 crc=1 rssi=-32 pairid=235 txtag=64 st=0x00 addr=268540576 end=268556193 air_us=976 gap_us=76
REC oseq=407 s0=0x12 len=250 crc=1 rssi=-52 pairid=246 txtag=64 st=0x00 addr=268557423 end=268573744 air_us=1020 gap_us=76
REC oseq=408 s0=0x16 len=251 crc=1 rssi=-32 pairid=247 txtag=64 st=0x00 addr=268574960 end=268591345 air_us=1024 gap_us=76
REC oseq=409 s0=0x1e len=250 crc=1 rssi=-52 pairid=246 txtag=64 st=0x00 addr=268592575 end=268608896 air_us=1020 gap_us=76
REC oseq=410 s0=0x1a len=239 crc=0 rssi=-32 pairid=235 txtag=64 st=0x00 addr=268610113 end=268625730 air_us=976 gap_us=76
REC oseq=411 s0=0xda len=83 crc=0 rssi=-93 pairid=30908 txtag=163 st=0x00 addr=268745423 end=268751056 air_us=352 gap_us=7480
REC oseq=412 s0=0x8a len=205 crc=0 rssi=-91 pairid=65254 txtag=192 st=0x00 addr=269465421 end=269478862 air_us=840 gap_us=44647
REC oseq=413 s0=0x16 len=239 crc=1 rssi=-32 pairid=235 txtag=64 st=0x00 addr=271025413 end=271041030 air_us=976 gap_us=96659
REC oseq=414 s0=0x1e len=250 crc=1 rssi=-52 pairid=246 txtag=64 st=0x00 addr=271042252 end=271058573 air_us=1020 gap_us=76
REC oseq=415 s0=0x1a len=251 crc=1 rssi=-32 pairid=247 txtag=64 st=0x00 addr=271059797 end=271076182 air_us=1024 gap_us=76
REC oseq=416 s0=0x12 len=250 crc=1 rssi=-52 pairid=246 txtag=64 st=0x00 addr=271077405 end=271093726 air_us=1020 gap_us=76
REC oseq=417 s0=0x16 len=239 crc=1 rssi=-32 pairid=235 txtag=64 st=0x00 addr=271094950 end=271110567 air_us=976 gap_us=76
REC oseq=418 s0=0x1e len=250 crc=1 rssi=-52 pairid=246 txtag=64 st=0x00 addr=271111789 end=271128110 air_us=1020 gap_us=76
REC oseq=419 s0=0x1a len=251 crc=0 rssi=-32 pairid=247 txtag=64 st=0x00 addr=271129334 end=271145719 air_us=1024 gap_us=76
REC oseq=420 s0=0x09 len=0 crc=1 rssi=-32 pairid=247 txtag=64 st=0x00 addr=275105393 end=275105714 air_us=20 gap_us=247479
REC oseq=421 s0=0x12 len=250 crc=1 rssi=-52 pairid=246 txtag=64 st=0x00 addr=275106944 end=275123265 air_us=1020 gap_us=76
REC oseq=422 s0=0x05 len=0 crc=1 rssi=-33 pairid=246 txtag=64 st=0x00 addr=275124481 end=275124802 air_us=20 gap_us=76
REC oseq=423 s0=0x1e len=250 crc=1 rssi=-52 pairid=246 txtag=64 st=0x00 addr=275126032 end=275142353 air_us=1020 gap_us=76
REC oseq=424 s0=0x09 len=0 crc=1 rssi=-32 pairid=246 txtag=64 st=0x00 addr=275143570 end=275143891 air_us=20 gap_us=76
REC oseq=425 s0=0x12 len=250 crc=1 rssi=-52 pairid=246 txtag=64 st=0x00 addr=275145120 end=275161441 air_us=1020 gap_us=76
REC oseq=426 s0=0x05 len=0 crc=1 rssi=-33 pairid=246 txtag=64 st=0x00 addr=275162658 end=275162979 air_us=20 gap_us=76
REC oseq=427 s0=0x1e len=250 crc=1 rssi=-52 pairid=246 txtag=64 st=0x00 addr=275164209 end=275180530 air_us=1020 gap_us=76
REC oseq=428 s0=0x09 len=0 crc=1 rssi=-32 pairid=246 txtag=64 st=0x00 addr=275181747 end=275182068 air_us=20 gap_us=76
REC oseq=429 s0=0x12 len=250 crc=1 rssi=-52 pairid=246 txtag=64 st=0x00 addr=275183297 end=275199618 air_us=1020 gap_us=76
REC oseq=430 s0=0x05 len=0 crc=1 rssi=-33 pairid=246 txtag=64 st=0x00 addr=275200835 end=275201156 air_us=20 gap_us=76
REC oseq=431 s0=0x1e len=250 crc=1 rssi=-52 pairid=246 txtag=64 st=0x00 addr=275202385 end=275218706 air_us=1020 gap_us=76
REC oseq=432 s0=0x09 len=0 crc=0 rssi=-32 pairid=246 txtag=64 st=0x00 addr=275219923 end=275220244 air_us=20 gap_us=76
REC oseq=433 s0=0x25 len=55 crc=0 rssi=-92 pairid=38992 txtag=72 st=0x00 addr=276185388 end=276189229 air_us=240 gap_us=60321
REC oseq=434 s0=0x25 len=55 crc=0 rssi=-92 pairid=38992 txtag=72 st=0x00 addr=276254925 end=276258766 air_us=240 gap_us=4106
REC oseq=435 s0=0x29 len=35 crc=0 rssi=-92 pairid=38988 txtag=72 st=0x00 addr=276289310 end=276291871 air_us=160 gap_us=1909
REC oseq=436 s0=0x09 len=0 crc=1 rssi=-32 pairid=38988 txtag=72 st=0x00 addr=277025386 end=277025707 air_us=20 gap_us=45844
REC oseq=437 s0=0x12 len=250 crc=1 rssi=-52 pairid=246 txtag=64 st=0x00 addr=277026930 end=277043251 air_us=1020 gap_us=76
REC oseq=438 s0=0x05 len=0 crc=1 rssi=-33 pairid=246 txtag=64 st=0x00 addr=277044474 end=277044795 air_us=20 gap_us=76
REC oseq=439 s0=0x1e len=250 crc=1 rssi=-52 pairid=246 txtag=64 st=0x00 addr=277046018 end=277062339 air_us=1020 gap_us=76
REC oseq=440 s0=0x09 len=0 crc=1 rssi=-32 pairid=246 txtag=64 st=0x00 addr=277063562 end=277063883 air_us=20 gap_us=76
REC oseq=441 s0=0x12 len=250 crc=1 rssi=-52 pairid=246 txtag=64 st=0x00 addr=277065106 end=277081427 air_us=1020 gap_us=76
REC oseq=442 s0=0x05 len=0 crc=1 rssi=-33 pairid=246 txtag=64 st=0x00 addr=277082650 end=277082971 air_us=20 gap_us=76
REC oseq=443 s0=0x1e len=250 crc=1 rssi=-52 pairid=246 txtag=64 st=0x00 addr=277084195 end=277100516 air_us=1020 gap_us=76
REC oseq=444 s0=0x09 len=0 crc=1 rssi=-32 pairid=246 txtag=64 st=0x00 addr=277101738 end=277102059 air_us=20 gap_us=76
REC oseq=445 s0=0x12 len=250 crc=1 rssi=-53 pairid=246 txtag=64 st=0x00 addr=277103283 end=277119604 air_us=1020 gap_us=76
REC oseq=446 s0=0x06 len=12 crc=1 rssi=-32 pairid=8 txtag=5 st=0x00 addr=277120827 end=277121916 air_us=68 gap_us=76
REC oseq=447 s0=0x1e len=250 crc=0 rssi=-52 pairid=246 txtag=64 st=0x00 addr=277123139 end=277139460 air_us=1020 gap_us=76
REC oseq=448 s0=0x5e len=110 crc=0 rssi=-93 pairid=30848 txtag=163 st=0x00 addr=277985379 end=277992740 air_us=460 gap_us=52869
REC oseq=449 s0=0x29 len=55 crc=0 rssi=-92 pairid=38992 txtag=72 st=0x00 addr=278585379 end=278589220 air_us=240 gap_us=37039
REC oseq=450 s0=0x25 len=35 crc=0 rssi=-92 pairid=55372 txtag=72 st=0x00 addr=278619763 end=278622324 air_us=160 gap_us=1908
REC oseq=451 s0=0x15 len=35 crc=0 rssi=-92 pairid=38988 txtag=72 st=0x00 addr=278689299 end=278691860 air_us=160 gap_us=4185
REC oseq=452 s0=0x16 len=251 crc=0 rssi=-32 pairid=247 txtag=64 st=0x00 addr=278945377 end=278961762 air_us=1024 gap_us=15844
REC oseq=453 s0=0x1e len=250 crc=1 rssi=-53 pairid=246 txtag=64 st=0x00 addr=278962980 end=278979301 air_us=1020 gap_us=76
REC oseq=454 s0=0x1a len=239 crc=1 rssi=-32 pairid=235 txtag=64 st=0x00 addr=278980529 end=278996146 air_us=976 gap_us=76
REC oseq=455 s0=0x12 len=250 crc=1 rssi=-52 pairid=246 txtag=64 st=0x00 addr=278997364 end=279013685 air_us=1020 gap_us=76
REC oseq=456 s0=0x16 len=251 crc=1 rssi=-32 pairid=247 txtag=64 st=0x00 addr=279014914 end=279031299 air_us=1024 gap_us=76
REC oseq=457 s0=0x1e len=250 crc=1 rssi=-52 pairid=246 txtag=64 st=0x00 addr=279032517 end=279048838 air_us=1020 gap_us=76
REC oseq=458 s0=0x1a len=239 crc=0 rssi=-32 pairid=235 txtag=64 st=0x00 addr=279050066 end=279065683 air_us=976 gap_us=76
REC oseq=459 s0=0x09 len=0 crc=1 rssi=-32 pairid=235 txtag=64 st=0x00 addr=279665373 end=279665694 air_us=20 gap_us=37480
REC oseq=460 s0=0x12 len=250 crc=1 rssi=-52 pairid=246 txtag=64 st=0x00 addr=279666911 end=279683232 air_us=1020 gap_us=76
REC oseq=461 s0=0x05 len=0 crc=1 rssi=-33 pairid=246 txtag=64 st=0x00 addr=279684462 end=279684783 air_us=20 gap_us=76
REC oseq=462 s0=0x1e len=250 crc=1 rssi=-52 pairid=246 txtag=64 st=0x00 addr=279685999 end=279702320 air_us=1020 gap_us=76
REC oseq=463 s0=0x09 len=0 crc=1 rssi=-32 pairid=246 txtag=64 st=0x00 addr=279703550 end=279703871 air_us=20 gap_us=76
REC oseq=464 s0=0x12 len=250 crc=1 rssi=-52 pairid=246 txtag=64 st=0x00 addr=279705087 end=279721408 air_us=1020 gap_us=76
REC oseq=465 s0=0x05 len=0 crc=1 rssi=-33 pairid=246 txtag=64 st=0x00 addr=279722638 end=279722959 air_us=20 gap_us=76
REC oseq=466 s0=0x1e len=250 crc=1 rssi=-52 pairid=246 txtag=64 st=0x00 addr=279724175 end=279740496 air_us=1020 gap_us=76
REC oseq=467 s0=0x09 len=0 crc=1 rssi=-32 pairid=246 txtag=64 st=0x00 addr=279741727 end=279742048 air_us=20 gap_us=76
REC oseq=468 s0=0x12 len=250 crc=1 rssi=-52 pairid=246 txtag=64 st=0x00 addr=279743263 end=279759584 air_us=1020 gap_us=75
REC oseq=469 s0=0x05 len=0 crc=1 rssi=-33 pairid=246 txtag=64 st=0x00 addr=279760815 end=279761136 air_us=20 gap_us=76
REC oseq=470 s0=0x1e len=250 crc=1 rssi=-53 pairid=246 txtag=64 st=0x00 addr=279762352 end=279778673 air_us=1020 gap_us=76
REC oseq=471 s0=0x09 len=0 crc=0 rssi=-32 pairid=246 txtag=64 st=0x00 addr=279779903 end=279780224 air_us=20 gap_us=76
REC oseq=472 s0=0x36 len=216 crc=0 rssi=-91 pairid=58261 txtag=145 st=0x00 addr=279842637 end=279856782 air_us=884 gap_us=3900
REC oseq=473 s0=0x3a len=216 crc=0 rssi=-91 pairid=59616 txtag=145 st=0x00 addr=279861726 end=279875871 air_us=884 gap_us=309
REC oseq=474 s0=0x76 len=216 crc=0 rssi=-92 pairid=25493 txtag=153 st=0x00 addr=279880815 end=279894960 air_us=884 gap_us=309
REC oseq=475 s0=0x3a len=216 crc=0 rssi=-90 pairid=26848 txtag=86 st=0x00 addr=279899903 end=279914048 air_us=884 gap_us=308
REC oseq=476 s0=0x3a len=216 crc=0 rssi=-91 pairid=26848 txtag=152 st=0x00 addr=279943548 end=279957693 air_us=884 gap_us=1843
REC oseq=477 s0=0x36 len=216 crc=0 rssi=-91 pairid=58261 txtag=129 st=0x00 addr=279962637 end=279976782 air_us=884 gap_us=309
REC oseq=478 s0=0x3a len=216 crc=0 rssi=-91 pairid=26848 txtag=128 st=0x00 addr=279981726 end=279995871 air_us=884 gap_us=309
REC oseq=479 s0=0x36 len=216 crc=0 rssi=-91 pairid=58261 txtag=129 st=0x00 addr=280000813 end=280014958 air_us=884 gap_us=308
REC oseq=480 s0=0x3a len=216 crc=0 rssi=-91 pairid=59617 txtag=64 st=0x00 addr=280019901 end=280034046 air_us=884 gap_us=308
REC oseq=481 s0=0x25 len=55 crc=0 rssi=-93 pairid=55376 txtag=72 st=0x00 addr=280385370 end=280389211 air_us=240 gap_us=21957
REC oseq=482 s0=0x25 len=49 crc=0 rssi=-92 pairid=38992 txtag=72 st=0x00 addr=280454874 end=280458331 air_us=216 gap_us=4103
REC oseq=483 s0=0x25 len=35 crc=0 rssi=-92 pairid=38988 txtag=72 st=0x00 addr=283145358 end=283147919 air_us=160 gap_us=167939
REC oseq=484 s0=0x25 len=35 crc=0 rssi=-91 pairid=55372 txtag=72 st=0x00 addr=283214895 end=283217456 air_us=160 gap_us=4186
REC oseq=485 s0=0x16 len=251 crc=1 rssi=-32 pairid=247 txtag=64 st=0x00 addr=283625355 end=283641740 air_us=1024 gap_us=25493
REC oseq=486 s0=0x1e len=250 crc=1 rssi=-52 pairid=246 txtag=64 st=0x00 addr=283642964 end=283659285 air_us=1020 gap_us=76
REC oseq=487 s0=0x1a len=239 crc=1 rssi=-32 pairid=235 txtag=64 st=0x00 addr=283660508 end=283676125 air_us=976 gap_us=76
REC oseq=488 s0=0x12 len=250 crc=1 rssi=-52 pairid=246 txtag=64 st=0x00 addr=283677348 end=283693669 air_us=1020 gap_us=76
REC oseq=489 s0=0x16 len=251 crc=1 rssi=-32 pairid=247 txtag=64 st=0x00 addr=283694893 end=283711278 air_us=1024 gap_us=76
REC oseq=490 s0=0x1e len=250 crc=1 rssi=-52 pairid=246 txtag=64 st=0x00 addr=283712501 end=283728822 air_us=1020 gap_us=76
REC oseq=491 s0=0x1a len=239 crc=0 rssi=-32 pairid=235 txtag=64 st=0x00 addr=283730045 end=283745662 air_us=976 gap_us=76
REC oseq=492 s0=0x25 len=35 crc=0 rssi=-92 pairid=38988 txtag=72 st=0x00 addr=283779740 end=283782301 air_us=160 gap_us=2129
REC oseq=493 s0=0x29 len=49 crc=0 rssi=-92 pairid=38992 txtag=80 st=0x00 addr=283814892 end=283818349 air_us=216 gap_us=2036
REC oseq=494 s0=0x25 len=35 crc=0 rssi=-91 pairid=38988 txtag=72 st=0x00 addr=283849277 end=283851838 air_us=160 gap_us=1933
REC oseq=495 s0=0x3a len=216 crc=0 rssi=-90 pairid=59616 txtag=129 st=0x00 addr=284585351 end=284599496 air_us=884 gap_us=45844
REC oseq=496 s0=0x36 len=216 crc=0 rssi=-91 pairid=58261 txtag=129 st=0x00 addr=284604440 end=284618585 air_us=884 gap_us=309
REC oseq=497 s0=0x36 len=216 crc=0 rssi=-91 pairid=58261 txtag=1 st=0x00 addr=284643384 end=284657529 air_us=884 gap_us=1549
REC oseq=498 s0=0x3a len=216 crc=0 rssi=-90 pairid=26848 txtag=145 st=0x00 addr=284662472 end=284676617 air_us=884 gap_us=308
REC oseq=499 s0=0x36 len=218 crc=0 rssi=-91 pairid=58261 txtag=153 st=0x00 addr=284681560 end=284695833 air_us=892 gap_us=308
REC oseq=500 s0=0x25 len=55 crc=0 rssi=-92 pairid=38992 txtag=72 st=0x00 addr=285905345 end=285909186 air_us=240 gap_us=75594
REC oseq=501 s0=0x29 len=99 crc=0 rssi=-91 pairid=38988 txtag=72 st=0x00 addr=285939733 end=285946391 air_us=416 gap_us=1909
REC oseq=502 s0=0x26 len=49 crc=0 rssi=-92 pairid=38992 txtag=72 st=0x00 addr=285974882 end=285978339 air_us=216 gap_us=1780
REC oseq=503 s0=0x29 len=35 crc=0 rssi=-91 pairid=38988 txtag=80 st=0x00 addr=286009267 end=286011828 air_us=160 gap_us=1933
REC oseq=504 s0=0x1a len=251 crc=1 rssi=-32 pairid=247 txtag=64 st=0x00 addr=286025344 end=286041729 air_us=1024 gap_us=844
REC oseq=505 s0=0x12 len=250 crc=1 rssi=-52 pairid=246 txtag=64 st=0x00 addr=286042947 end=286059268 air_us=1020 gap_us=76
REC oseq=506 s0=0x16 len=239 crc=1 rssi=-32 pairid=235 txtag=64 st=0x00 addr=286060497 end=286076114 air_us=976 gap_us=76
REC oseq=507 s0=0x1e len=250 crc=1 rssi=-52 pairid=246 txtag=64 st=0x00 addr=286077331 end=286093652 air_us=1020 gap_us=76
REC oseq=508 s0=0x1a len=251 crc=1 rssi=-32 pairid=247 txtag=64 st=0x00 addr=286094881 end=286111266 air_us=1024 gap_us=76
REC oseq=509 s0=0x12 len=250 crc=1 rssi=-52 pairid=246 txtag=64 st=0x00 addr=286112483 end=286128804 air_us=1020 gap_us=76
REC oseq=510 s0=0x16 len=239 crc=0 rssi=-32 pairid=235 txtag=64 st=0x00 addr=286130034 end=286145651 air_us=976 gap_us=76
REC oseq=511 s0=0x29 len=35 crc=0 rssi=-92 pairid=38988 txtag=80 st=0x00 addr=290499709 end=290502270 air_us=160 gap_us=272128
REC oseq=512 s0=0x25 len=55 crc=0 rssi=-91 pairid=38992 txtag=72 st=0x00 addr=290534861 end=290538702 air_us=240 gap_us=2036
REC oseq=513 s0=0x29 len=35 crc=0 rssi=-91 pairid=38988 txtag=72 st=0x00 addr=290569245 end=290571806 air_us=160 gap_us=1908
REC oseq=514 s0=0x25 len=55 crc=0 rssi=-92 pairid=38992 txtag=72 st=0x00 addr=290774860 end=290778701 air_us=240 gap_us=12690
REC oseq=515 s0=0x2a len=35 crc=0 rssi=-91 pairid=38988 txtag=80 st=0x00 addr=290809245 end=290811806 air_us=160 gap_us=1909
REC oseq=516 s0=0x95 len=66 crc=0 rssi=-93 pairid=17762 txtag=0 st=0x00 addr=291734857 end=291739402 air_us=284 gap_us=57690
REC oseq=517 s0=0x4e len=44 crc=0 rssi=-93 pairid=30852 txtag=163 st=0x00 addr=294185306 end=294188443 air_us=196 gap_us=152869
REC oseq=518 s0=0x1a len=251 crc=1 rssi=-32 pairid=247 txtag=64 st=0x00 addr=295865299 end=295881684 air_us=1024 gap_us=104803
REC oseq=519 s0=0x12 len=250 crc=1 rssi=-52 pairid=246 txtag=64 st=0x00 addr=295882909 end=295899230 air_us=1020 gap_us=76
REC oseq=520 s0=0x16 len=239 crc=1 rssi=-32 pairid=235 txtag=64 st=0x00 addr=295900452 end=295916069 air_us=976 gap_us=76
REC oseq=521 s0=0x1e len=250 crc=1 rssi=-52 pairid=246 txtag=64 st=0x00 addr=295917293 end=295933614 air_us=1020 gap_us=76
REC oseq=522 s0=0x1a len=251 crc=1 rssi=-32 pairid=247 txtag=64 st=0x00 addr=295934836 end=295951221 air_us=1024 gap_us=76
REC oseq=523 s0=0x12 len=250 crc=1 rssi=-52 pairid=246 txtag=64 st=0x00 addr=295952446 end=295968767 air_us=1020 gap_us=76
REC oseq=524 s0=0x16 len=239 crc=0 rssi=-32 pairid=235 txtag=64 st=0x00 addr=295969989 end=295985606 air_us=976 gap_us=76
REC oseq=525 s0=0x09 len=0 crc=1 rssi=-32 pairid=235 txtag=64 st=0x00 addr=300065281 end=300065602 air_us=20 gap_us=254979
REC oseq=526 s0=0x12 len=250 crc=1 rssi=-52 pairid=246 txtag=64 st=0x00 addr=300066832 end=300083153 air_us=1020 gap_us=76
REC oseq=527 s0=0x05 len=0 crc=1 rssi=-33 pairid=246 txtag=64 st=0x00 addr=300084369 end=300084690 air_us=20 gap_us=76
REC oseq=528 s0=0x1e len=250 crc=1 rssi=-52 pairid=246 txtag=64 st=0x00 addr=300085921 end=300102242 air_us=1020 gap_us=76
REC oseq=529 s0=0x09 len=0 crc=1 rssi=-32 pairid=246 txtag=64 st=0x00 addr=300103457 end=300103778 air_us=20 gap_us=75
REC oseq=530 s0=0x12 len=250 crc=1 rssi=-52 pairid=246 txtag=64 st=0x00 addr=300105009 end=300121330 air_us=1020 gap_us=76
REC oseq=531 s0=0x05 len=0 crc=1 rssi=-33 pairid=246 txtag=64 st=0x00 addr=300122545 end=300122866 air_us=20 gap_us=75
REC oseq=532 s0=0x1e len=250 crc=1 rssi=-52 pairid=246 txtag=64 st=0x00 addr=300124097 end=300140418 air_us=1020 gap_us=76
REC oseq=533 s0=0x09 len=0 crc=1 rssi=-32 pairid=246 txtag=64 st=0x00 addr=300141634 end=300141955 air_us=20 gap_us=76
REC oseq=534 s0=0x12 len=250 crc=1 rssi=-52 pairid=246 txtag=64 st=0x00 addr=300143185 end=300159506 air_us=1020 gap_us=76
REC oseq=535 s0=0x05 len=0 crc=1 rssi=-33 pairid=246 txtag=64 st=0x00 addr=300160722 end=300161043 air_us=20 gap_us=76
REC oseq=536 s0=0x1e len=250 crc=1 rssi=-52 pairid=246 txtag=64 st=0x00 addr=300162273 end=300178594 air_us=1020 gap_us=76
REC oseq=537 s0=0x09 len=0 crc=0 rssi=-33 pairid=246 txtag=64 st=0x00 addr=300179810 end=300180131 air_us=20 gap_us=76
REC oseq=538 s0=0xa6 len=251 crc=0 rssi=-94 pairid=31388 txtag=163 st=0x00 addr=301985272 end=302001657 air_us=1024 gap_us=112821
REC oseq=539 s0=0x41 len=214 crc=0 rssi=-91 pairid=34860 txtag=114 st=0x00 addr=302225269 end=302239286 air_us=876 gap_us=13975
REC oseq=540 s0=0x0d len=245 crc=0 rssi=-92 pairid=3729 txtag=242 st=0x00 addr=302282538 end=302298540 air_us=1000 gap_us=2703
REC oseq=541 s0=0x99 len=65 crc=0 rssi=-91 pairid=35219 txtag=0 st=0x00 addr=303425266 end=303429747 air_us=280 gap_us=70420
REC oseq=542 s0=0x16 len=251 crc=1 rssi=-32 pairid=247 txtag=64 st=0x00 addr=304505260 end=304521645 air_us=1024 gap_us=67219
REC oseq=543 s0=0x1e len=250 crc=1 rssi=-52 pairid=246 txtag=64 st=0x00 addr=304522864 end=304539185 air_us=1020 gap_us=76
REC oseq=544 s0=0x1a len=239 crc=1 rssi=-32 pairid=235 txtag=64 st=0x00 addr=304540413 end=304556030 air_us=976 gap_us=76
REC oseq=545 s0=0x12 len=250 crc=1 rssi=-52 pairid=246 txtag=64 st=0x00 addr=304557249 end=304573570 air_us=1020 gap_us=76
REC oseq=546 s0=0x16 len=251 crc=1 rssi=-32 pairid=247 txtag=64 st=0x00 addr=304574797 end=304591182 air_us=1024 gap_us=76
REC oseq=547 s0=0x1e len=250 crc=1 rssi=-52 pairid=246 txtag=64 st=0x00 addr=304592401 end=304608722 air_us=1020 gap_us=76
REC oseq=548 s0=0x0a len=12 crc=1 rssi=-32 pairid=8 txtag=5 st=0x00 addr=304609950 end=304611039 air_us=68 gap_us=76
REC oseq=549 s0=0x12 len=250 crc=0 rssi=-52 pairid=246 txtag=64 st=0x00 addr=304612257 end=304628578 air_us=1020 gap_us=76
REC oseq=550 s0=0x3a len=216 crc=0 rssi=-91 pairid=26848 txtag=153 st=0x00 addr=304865260 end=304879405 air_us=884 gap_us=14792
REC oseq=551 s0=0x3a len=216 crc=0 rssi=-91 pairid=26848 txtag=152 st=0x00 addr=304884348 end=304898493 air_us=884 gap_us=308
REC oseq=552 s0=0x36 len=216 crc=0 rssi=-90 pairid=25493 txtag=152 st=0x00 addr=304903436 end=304917581 air_us=884 gap_us=308
REC oseq=553 s0=0x3a len=216 crc=0 rssi=-90 pairid=59617 txtag=161 st=0x00 addr=304922524 end=304936669 air_us=884 gap_us=308
REC oseq=554 s0=0x36 len=216 crc=0 rssi=-91 pairid=25493 txtag=128 st=0x00 addr=304941612 end=304955757 air_us=884 gap_us=308
REC oseq=555 s0=0x3a len=88 crc=0 rssi=-91 pairid=59617 txtag=129 st=0x00 addr=304960701 end=304966654 air_us=372 gap_us=309
REC oseq=556 s0=0x25 len=55 crc=0 rssi=-91 pairid=38992 txtag=72 st=0x00 addr=305654776 end=305658617 air_us=240 gap_us=43007
REC oseq=557 s0=0x29 len=35 crc=0 rssi=-92 pairid=38988 txtag=72 st=0x00 addr=305689144 end=305691705 air_us=160 gap_us=1907
REC oseq=558 s0=0x29 len=35 crc=0 rssi=-92 pairid=38988 txtag=80 st=0x00 addr=305705255 end=305707816 air_us=160 gap_us=846
REC oseq=559 s0=0x25 len=55 crc=0 rssi=-92 pairid=38992 txtag=72 st=0x00 addr=305740407 end=305744248 air_us=240 gap_us=2036
REC oseq=560 s0=0x29 len=35 crc=0 rssi=-91 pairid=38988 txtag=72 st=0x00 addr=305774791 end=305777352 air_us=160 gap_us=1908
REC oseq=561 s0=0x29 len=55 crc=0 rssi=-92 pairid=38992 txtag=72 st=0x00 addr=305809945 end=305813786 air_us=240 gap_us=2037
REC oseq=562 s0=0x16 len=239 crc=1 rssi=-32 pairid=235 txtag=64 st=0x00 addr=307025250 end=307040867 air_us=976 gap_us=75716
REC oseq=563 s0=0x1e len=250 crc=1 rssi=-52 pairid=246 txtag=64 st=0x00 addr=307042094 end=307058415 air_us=1020 gap_us=76
REC oseq=564 s0=0x1a len=251 crc=1 rssi=-32 pairid=247 txtag=64 st=0x00 addr=307059634 end=307076019 air_us=1024 gap_us=76
REC oseq=565 s0=0x12 len=250 crc=1 rssi=-52 pairid=246 txtag=64 st=0x00 addr=307077246 end=307093567 air_us=1020 gap_us=76
REC oseq=566 s0=0x16 len=239 crc=1 rssi=-32 pairid=235 txtag=64 st=0x00 addr=307094787 end=307110404 air_us=976 gap_us=76
REC oseq=567 s0=0x1e len=250 crc=1 rssi=-52 pairid=246 txtag=64 st=0x00 addr=307111631 end=307127952 air_us=1020 gap_us=76
REC oseq=568 s0=0x0a len=12 crc=1 rssi=-32 pairid=8 txtag=5 st=0x00 addr=307129171 end=307130260 air_us=68 gap_us=76
REC oseq=569 s0=0x1a len=239 crc=1 rssi=-32 pairid=235 txtag=64 st=0x00 addr=309185239 end=309200856 air_us=976 gap_us=128436
REC oseq=570 s0=0x12 len=250 crc=1 rssi=-52 pairid=246 txtag=64 st=0x00 addr=309202080 end=309218401 air_us=1020 gap_us=76
REC oseq=571 s0=0x16 len=251 crc=1 rssi=-32 pairid=247 txtag=64 st=0x00 addr=309219624 end=309236009 air_us=1024 gap_us=76
REC oseq=572 s0=0x1e len=250 crc=1 rssi=-52 pairid=246 txtag=64 st=0x00 addr=309237232 end=309253553 air_us=1020 gap_us=76
REC oseq=573 s0=0x1a len=239 crc=1 rssi=-32 pairid=235 txtag=64 st=0x00 addr=309254776 end=309270393 air_us=976 gap_us=76
REC oseq=574 s0=0x12 len=250 crc=1 rssi=-52 pairid=246 txtag=64 st=0x00 addr=309271616 end=309287937 air_us=1020 gap_us=76
REC oseq=575 s0=0x16 len=251 crc=0 rssi=-32 pairid=247 txtag=64 st=0x00 addr=309289161 end=309305546 air_us=1024 gap_us=76
REC oseq=576 s0=0x8a len=173 crc=0 rssi=-90 pairid=26066 txtag=209 st=0x00 addr=309905237 end=309916630 air_us=712 gap_us=37480
REC oseq=577 s0=0x29 len=35 crc=0 rssi=-91 pairid=38988 txtag=72 st=0x00 addr=311945227 end=311947788 air_us=160 gap_us=126787
REC oseq=578 s0=0x25 len=49 crc=0 rssi=-93 pairid=38992 txtag=72 st=0x00 addr=311980380 end=311983837 air_us=216 gap_us=2037
REC oseq=579 s0=0xe7 len=183 crc=0 rssi=-92 pairid=38992 txtag=72 st=0x00 addr=312049885 end=312061918 air_us=752 gap_us=4128
REC oseq=580 s0=0x1a len=239 crc=1 rssi=-32 pairid=235 txtag=64 st=0x00 addr=313985218 end=314000835 air_us=976 gap_us=120206
REC oseq=581 s0=0x12 len=250 crc=1 rssi=-52 pairid=246 txtag=64 st=0x00 addr=314002061 end=314018382 air_us=1020 gap_us=76
REC oseq=582 s0=0x16 len=251 crc=1 rssi=-32 pairid=247 txtag=64 st=0x00 addr=314019602 end=314035987 air_us=1024 gap_us=76
REC oseq=583 s0=0x1e len=250 crc=1 rssi=-52 pairid=246 txtag=64 st=0x00 addr=314037213 end=314053534 air_us=1020 gap_us=76
REC oseq=584 s0=0x1a len=239 crc=1 rssi=-32 pairid=235 txtag=64 st=0x00 addr=314054755 end=314070372 air_us=976 gap_us=76
REC oseq=585 s0=0x12 len=250 crc=1 rssi=-52 pairid=246 txtag=64 st=0x00 addr=314071598 end=314087919 air_us=1020 gap_us=76
REC oseq=586 s0=0x16 len=251 crc=0 rssi=-32 pairid=247 txtag=64 st=0x00 addr=314089139 end=314105524 air_us=1024 gap_us=76
REC oseq=587 s0=0x8a len=173 crc=0 rssi=-90 pairid=51686 txtag=73 st=0x00 addr=315425211 end=315436604 air_us=712 gap_us=82480
REC oseq=588 s0=0x99 len=66 crc=0 rssi=-91 pairid=5356 txtag=0 st=0x00 addr=318769838 end=318774383 air_us=284 gap_us=208327
REC oseq=589 s0=0x1a len=239 crc=1 rssi=-32 pairid=235 txtag=64 st=0x00 addr=319265193 end=319280810 air_us=976 gap_us=30675
REC oseq=590 s0=0x12 len=250 crc=1 rssi=-52 pairid=246 txtag=64 st=0x00 addr=319282040 end=319298361 air_us=1020 gap_us=76
REC oseq=591 s0=0x16 len=251 crc=1 rssi=-32 pairid=247 txtag=64 st=0x00 addr=319299578 end=319315963 air_us=1024 gap_us=76
REC oseq=592 s0=0x1e len=250 crc=1 rssi=-52 pairid=246 txtag=64 st=0x00 addr=319317193 end=319333514 air_us=1020 gap_us=76
REC oseq=593 s0=0x1a len=239 crc=1 rssi=-32 pairid=235 txtag=64 st=0x00 addr=319334730 end=319350347 air_us=976 gap_us=76
REC oseq=594 s0=0x12 len=250 crc=1 rssi=-52 pairid=246 txtag=64 st=0x00 addr=319351577 end=319367898 air_us=1020 gap_us=76
REC oseq=595 s0=0x16 len=251 crc=0 rssi=-32 pairid=247 txtag=64 st=0x00 addr=319369115 end=319385500 air_us=1024 gap_us=76
REC oseq=596 s0=0x15 len=35 crc=0 rssi=-92 pairid=55372 txtag=72 st=0x00 addr=323225176 end=323227737 air_us=160 gap_us=239979
REC oseq=597 s0=0xe9 len=247 crc=0 rssi=-91 pairid=38992 txtag=72 st=0x00 addr=323260328 end=323276457 air_us=1008 gap_us=2036
REC oseq=598 s0=0x25 len=35 crc=0 rssi=-92 pairid=38988 txtag=72 st=0x00 addr=323294713 end=323297274 air_us=160 gap_us=1141
REC oseq=599 s0=0x29 len=55 crc=0 rssi=-91 pairid=38992 txtag=72 st=0x00 addr=323329865 end=323333706 air_us=240 gap_us=2036
REC oseq=600 s0=0xde len=239 crc=0 rssi=-90 pairid=30590 txtag=163 st=0x00 addr=323379559 end=323395176 air_us=976 gap_us=2865
REC oseq=601 s0=0x16 len=251 crc=1 rssi=-32 pairid=247 txtag=64 st=0x00 addr=323465175 end=323481560 air_us=1024 gap_us=4374
REC oseq=602 s0=0x1e len=250 crc=1 rssi=-52 pairid=246 txtag=64 st=0x00 addr=323482780 end=323499101 air_us=1020 gap_us=76
REC oseq=603 s0=0x1a len=239 crc=1 rssi=-32 pairid=235 txtag=64 st=0x00 addr=323500327 end=323515944 air_us=976 gap_us=76
REC oseq=604 s0=0x12 len=250 crc=1 rssi=-52 pairid=246 txtag=64 st=0x00 addr=323517164 end=323533485 air_us=1020 gap_us=76
REC oseq=605 s0=0x16 len=251 crc=1 rssi=-32 pairid=247 txtag=64 st=0x00 addr=323534711 end=323551096 air_us=1024 gap_us=76
REC oseq=606 s0=0x1e len=250 crc=1 rssi=-52 pairid=246 txtag=64 st=0x00 addr=323552317 end=323568638 air_us=1020 gap_us=76
REC oseq=607 s0=0x1a len=239 crc=0 rssi=-32 pairid=235 txtag=64 st=0x00 addr=323569864 end=323585481 air_us=976 gap_us=76
REC oseq=608 s0=0x4d len=150 crc=0 rssi=-91 pairid=721 txtag=114 st=0x00 addr=325322432 end=325332353 air_us=620 gap_us=108559
REC oseq=609 s0=0x1a len=251 crc=1 rssi=-32 pairid=247 txtag=64 st=0x00 addr=326105162 end=326121547 air_us=1024 gap_us=48300
REC oseq=610 s0=0x12 len=250 crc=1 rssi=-52 pairid=246 txtag=64 st=0x00 addr=326122777 end=326139098 air_us=1020 gap_us=76
REC oseq=611 s0=0x16 len=239 crc=1 rssi=-32 pairid=235 txtag=64 st=0x00 addr=326140314 end=326155931 air_us=976 gap_us=76
REC oseq=612 s0=0x1e len=250 crc=1 rssi=-52 pairid=246 txtag=64 st=0x00 addr=326157161 end=326173482 air_us=1020 gap_us=76
REC oseq=613 s0=0x1a len=251 crc=1 rssi=-32 pairid=247 txtag=64 st=0x00 addr=326174699 end=326191084 air_us=1024 gap_us=76
REC oseq=614 s0=0x12 len=250 crc=1 rssi=-52 pairid=246 txtag=64 st=0x00 addr=326192313 end=326208634 air_us=1020 gap_us=76
REC oseq=615 s0=0x16 len=239 crc=0 rssi=-32 pairid=235 txtag=64 st=0x00 addr=326209851 end=326225468 air_us=976 gap_us=76
REC oseq=616 s0=0x1e len=250 crc=1 rssi=-52 pairid=246 txtag=64 st=0x00 addr=326242008 end=326258329 air_us=1020 gap_us=1033
REC oseq=617 s0=0x1a len=251 crc=1 rssi=-32 pairid=247 txtag=64 st=0x00 addr=326259547 end=326275932 air_us=1024 gap_us=76
REC oseq=618 s0=0x12 len=250 crc=1 rssi=-52 pairid=246 txtag=64 st=0x00 addr=326277160 end=326293481 air_us=1020 gap_us=76
REC oseq=619 s0=0x16 len=239 crc=1 rssi=-32 pairid=235 txtag=64 st=0x00 addr=326294699 end=326310316 air_us=976 gap_us=76
REC oseq=620 s0=0x1e len=250 crc=1 rssi=-52 pairid=246 txtag=64 st=0x00 addr=326311544 end=326327865 air_us=1020 gap_us=76
REC oseq=621 s0=0x1a len=251 crc=0 rssi=-32 pairid=247 txtag=64 st=0x00 addr=326329084 end=326345469 air_us=1024 gap_us=76
REC oseq=622 s0=0x5a len=109 crc=0 rssi=-91 pairid=63872 txtag=179 st=0x00 addr=326739544 end=326746841 air_us=456 gap_us=24629
REC oseq=623 s0=0x3c len=131 crc=0 rssi=-68 pairid=31734 txtag=24 st=0x00 addr=327621513 end=327630219 air_us=544 gap_us=54667
REC oseq=624 s0=0x3a len=216 crc=0 rssi=-90 pairid=59616 txtag=153 st=0x00 addr=327785156 end=327799301 air_us=884 gap_us=9683
REC oseq=625 s0=0x36 len=216 crc=0 rssi=-91 pairid=25493 txtag=128 st=0x00 addr=327804244 end=327818389 air_us=884 gap_us=308
REC oseq=626 s0=0x3a len=216 crc=0 rssi=-91 pairid=59617 txtag=145 st=0x00 addr=327823333 end=327837478 air_us=884 gap_us=309
REC oseq=627 s0=0x36 len=216 crc=0 rssi=-91 pairid=25493 txtag=152 st=0x00 addr=327842421 end=327856566 air_us=884 gap_us=308
REC oseq=628 s0=0x3a len=216 crc=0 rssi=-90 pairid=26848 txtag=160 st=0x00 addr=327861509 end=327875654 air_us=884 gap_us=308
REC oseq=629 s0=0x36 len=216 crc=0 rssi=-91 pairid=25493 txtag=160 st=0x00 addr=327880597 end=327894742 air_us=884 gap_us=308
REC oseq=630 s0=0x39 len=212 crc=0 rssi=-91 pairid=22707 txtag=86 st=0x00 addr=327899685 end=327913574 air_us=868 gap_us=308
REC oseq=631 s0=0x05 len=0 crc=1 rssi=-33 pairid=22707 txtag=86 st=0x00 addr=327925011 end=327925332 air_us=20 gap_us=714
REC oseq=632 s0=0x1e len=250 crc=1 rssi=-52 pairid=246 txtag=64 st=0x00 addr=327926556 end=327942877 air_us=1020 gap_us=76
REC oseq=633 s0=0x09 len=0 crc=1 rssi=-32 pairid=246 txtag=64 st=0x00 addr=327944099 end=327944420 air_us=20 gap_us=76
REC oseq=634 s0=0x12 len=250 crc=1 rssi=-52 pairid=246 txtag=64 st=0x00 addr=327945644 end=327961965 air_us=1020 gap_us=76
REC oseq=635 s0=0x05 len=0 crc=1 rssi=-33 pairid=246 txtag=64 st=0x00 addr=327963187 end=327963508 air_us=20 gap_us=76
REC oseq=636 s0=0x1e len=250 crc=1 rssi=-52 pairid=246 txtag=64 st=0x00 addr=327964732 end=327981053 air_us=1020 gap_us=76
REC oseq=637 s0=0x09 len=0 crc=1 rssi=-32 pairid=246 txtag=64 st=0x00 addr=327982275 end=327982596 air_us=20 gap_us=76
REC oseq=638 s0=0x12 len=250 crc=1 rssi=-52 pairid=246 txtag=64 st=0x00 addr=327983820 end=328000141 air_us=1020 gap_us=76
REC oseq=639 s0=0x05 len=0 crc=1 rssi=-33 pairid=246 txtag=64 st=0x00 addr=328001363 end=328001684 air_us=20 gap_us=76
REC oseq=640 s0=0x1e len=250 crc=0 rssi=-52 pairid=246 txtag=64 st=0x00 addr=328002908 end=328019229 air_us=1020 gap_us=76
REC oseq=641 s0=0x15 len=51 crc=0 rssi=-91 pairid=38992 txtag=72 st=0x00 addr=331265139 end=331268724 air_us=224 gap_us=202869
REC oseq=642 s0=0x25 len=55 crc=0 rssi=-92 pairid=38993 txtag=72 st=0x00 addr=331299524 end=331303365 air_us=240 gap_us=1925
REC oseq=643 s0=0x29 len=55 crc=0 rssi=-92 pairid=38992 txtag=72 st=0x00 addr=331369061 end=331372902 air_us=240 gap_us=4106
REC oseq=644 s0=0x2d len=55 crc=0 rssi=-91 pairid=55376 txtag=72 st=0x00 addr=331865137 end=331868978 air_us=240 gap_us=30764
REC oseq=645 s0=0x29 len=35 crc=0 rssi=-91 pairid=38988 txtag=72 st=0x00 addr=331899521 end=331902082 air_us=160 gap_us=1908
REC oseq=646 s0=0x29 len=35 crc=0 rssi=-90 pairid=38988 txtag=72 st=0x00 addr=331969058 end=331971619 air_us=160 gap_us=4186
REC oseq=647 s0=0x39 len=220 crc=0 rssi=-91 pairid=39091 txtag=13 st=0x00 addr=332945133 end=332959534 air_us=900 gap_us=60844
REC oseq=648 s0=0x36 len=216 crc=0 rssi=-91 pairid=58261 txtag=161 st=0x00 addr=332964990 end=332979135 air_us=884 gap_us=341
REC oseq=649 s0=0x3a len=216 crc=0 rssi=-90 pairid=59616 txtag=133 st=0x00 addr=332984077 end=332998222 air_us=884 gap_us=308
REC oseq=650 s0=0x36 len=216 crc=0 rssi=-91 pairid=25493 txtag=128 st=0x00 addr=333003166 end=333017311 air_us=884 gap_us=309
REC oseq=651 s0=0x7a len=217 crc=0 rssi=-90 pairid=26849 txtag=152 st=0x00 addr=333022254 end=333036463 air_us=888 gap_us=308
REC oseq=652 s0=0x36 len=216 crc=0 rssi=-91 pairid=58261 txtag=129 st=0x00 addr=333041343 end=333055488 air_us=884 gap_us=305
REC oseq=653 s0=0x09 len=0 crc=1 rssi=-32 pairid=58261 txtag=129 st=0x00 addr=335105122 end=335105443 air_us=20 gap_us=128102
REC oseq=654 s0=0x12 len=250 crc=1 rssi=-52 pairid=246 txtag=64 st=0x00 addr=335106665 end=335122986 air_us=1020 gap_us=76
REC oseq=655 s0=0x05 len=0 crc=1 rssi=-33 pairid=246 txtag=64 st=0x00 addr=335124210 end=335124531 air_us=20 gap_us=76
REC oseq=656 s0=0x1e len=250 crc=1 rssi=-52 pairid=246 txtag=64 st=0x00 addr=335125753 end=335142074 air_us=1020 gap_us=76
REC oseq=657 s0=0x09 len=0 crc=1 rssi=-32 pairid=246 txtag=64 st=0x00 addr=335143298 end=335143619 air_us=20 gap_us=76
REC oseq=658 s0=0x12 len=250 crc=1 rssi=-52 pairid=246 txtag=64 st=0x00 addr=335144841 end=335161162 air_us=1020 gap_us=76
REC oseq=659 s0=0x05 len=0 crc=1 rssi=-33 pairid=246 txtag=64 st=0x00 addr=335162386 end=335162707 air_us=20 gap_us=76
REC oseq=660 s0=0x1e len=250 crc=1 rssi=-52 pairid=246 txtag=64 st=0x00 addr=335163929 end=335180250 air_us=1020 gap_us=76
REC oseq=661 s0=0x09 len=0 crc=1 rssi=-32 pairid=246 txtag=64 st=0x00 addr=335181474 end=335181795 air_us=20 gap_us=76
REC oseq=662 s0=0x12 len=250 crc=1 rssi=-52 pairid=246 txtag=64 st=0x00 addr=335183018 end=335199339 air_us=1020 gap_us=76
REC oseq=663 s0=0x05 len=0 crc=1 rssi=-32 pairid=246 txtag=64 st=0x00 addr=335200563 end=335200884 air_us=20 gap_us=76
REC oseq=664 s0=0x1e len=250 crc=0 rssi=-52 pairid=246 txtag=64 st=0x00 addr=335202106 end=335218427 air_us=1020 gap_us=76
REC oseq=665 s0=0x05 len=0 crc=1 rssi=-33 pairid=246 txtag=64 st=0x00 addr=335219651 end=335219972 air_us=20 gap_us=76
REC oseq=666 s0=0x3a len=216 crc=0 rssi=-91 pairid=25493 txtag=128 st=0x00 addr=335345120 end=335359265 air_us=884 gap_us=7821
REC oseq=667 s0=0x3a len=216 crc=0 rssi=-90 pairid=59616 txtag=129 st=0x00 addr=335402384 end=335416529 air_us=884 gap_us=2694
REC oseq=668 s0=0x33 len=212 crc=0 rssi=-93 pairid=39091 txtag=12 st=0x00 addr=335421473 end=335435362 air_us=868 gap_us=309
REC oseq=669 s0=0x29 len=35 crc=0 rssi=-91 pairid=38988 txtag=72 st=0x00 addr=336819499 end=336822060 air_us=160 gap_us=86508
REC oseq=670 s0=0x29 len=35 crc=0 rssi=-90 pairid=38988 txtag=72 st=0x00 addr=336889035 end=336891596 air_us=160 gap_us=4185
REC oseq=671 s0=0xb9 len=73 crc=0 rssi=-93 pairid=35199 txtag=0 st=0x00 addr=340985096 end=340990089 air_us=312 gap_us=255843
REC oseq=672 s0=0x1a len=239 crc=1 rssi=-32 pairid=235 txtag=64 st=0x00 addr=343745083 end=343760700 air_us=976 gap_us=172187
REC oseq=673 s0=0x12 len=250 crc=1 rssi=-52 pairid=246 txtag=64 st=0x00 addr=343761916 end=343778237 air_us=1020 gap_us=76
REC oseq=674 s0=0x16 len=251 crc=1 rssi=-32 pairid=247 txtag=64 st=0x00 addr=343779452 end=343795837 air_us=1024 gap_us=75
REC oseq=675 s0=0x1e len=250 crc=1 rssi=-52 pairid=246 txtag=64 st=0x00 addr=343797052 end=343813373 air_us=1020 gap_us=75
REC oseq=676 s0=0x1a len=239 crc=1 rssi=-32 pairid=235 txtag=64 st=0x00 addr=343814588 end=343830205 air_us=976 gap_us=75
REC oseq=677 s0=0x12 len=250 crc=1 rssi=-52 pairid=246 txtag=64 st=0x00 addr=343831421 end=343847742 air_us=1020 gap_us=76
REC oseq=678 s0=0x16 len=251 crc=0 rssi=-32 pairid=247 txtag=64 st=0x00 addr=343848956 end=343865341 air_us=1024 gap_us=75
REC oseq=679 s0=0x23 len=120 crc=0 rssi=-69 pairid=35674 txtag=201 st=0x00 addr=344979465 end=344987467 air_us=500 gap_us=69632
REC oseq=680 s0=0x25 len=55 crc=0 rssi=-92 pairid=55376 txtag=72 st=0x00 addr=345905074 end=345908915 air_us=240 gap_us=57350
REC oseq=681 s0=0x2a len=35 crc=0 rssi=-92 pairid=38988 txtag=72 st=0x00 addr=345939458 end=345942019 air_us=160 gap_us=1908
REC oseq=682 s0=0x25 len=55 crc=0 rssi=-92 pairid=38992 txtag=72 st=0x00 addr=345974611 end=345978452 air_us=240 gap_us=2037
REC oseq=683 s0=0x29 len=163 crc=0 rssi=-91 pairid=38988 txtag=72 st=0x00 addr=346008995 end=346019748 air_us=672 gap_us=1908
REC oseq=684 s0=0x99 len=70 crc=0 rssi=-92 pairid=35218 txtag=0 st=0x00 addr=346094609 end=346099410 air_us=300 gap_us=4678
REC oseq=685 s0=0x5e len=120 crc=0 rssi=-91 pairid=30878 txtag=163 st=0x00 addr=346145070 end=346153071 air_us=500 gap_us=2853
REC oseq=686 s0=0x5a len=159 crc=0 rssi=-92 pairid=24732 txtag=163 st=0x00 addr=346214607 end=346225104 air_us=656 gap_us=3846
REC oseq=687 s0=0x52 len=110 crc=0 rssi=-91 pairid=49280 txtag=163 st=0x00 addr=346248992 end=346256353 air_us=460 gap_us=1493
REC oseq=688 s0=0x29 len=35 crc=0 rssi=-91 pairid=38988 txtag=64 st=0x00 addr=347345066 end=347347627 air_us=160 gap_us=68044
REC oseq=689 s0=0x25 len=55 crc=0 rssi=-91 pairid=38992 txtag=72 st=0x00 addr=347380219 end=347384060 air_us=240 gap_us=2037
REC oseq=690 s0=0x25 len=55 crc=0 rssi=-93 pairid=38992 txtag=80 st=0x00 addr=347449755 end=347453596 air_us=240 gap_us=4105
REC oseq=691 s0=0x16 len=239 crc=1 rssi=-32 pairid=235 txtag=64 st=0x00 addr=347465066 end=347480683 air_us=976 gap_us=716
REC oseq=692 s0=0x1e len=250 crc=1 rssi=-52 pairid=246 txtag=64 st=0x00 addr=347481906 end=347498227 air_us=1020 gap_us=76
REC oseq=693 s0=0x1a len=251 crc=1 rssi=-32 pairid=247 txtag=64 st=0x00 addr=347499450 end=347515835 air_us=1024 gap_us=76
REC oseq=694 s0=0x12 len=250 crc=1 rssi=-52 pairid=246 txtag=64 st=0x00 addr=347517059 end=347533380 air_us=1020 gap_us=76
REC oseq=695 s0=0x16 len=239 crc=1 rssi=-32 pairid=235 txtag=64 st=0x00 addr=347534603 end=347550220 air_us=976 gap_us=76
REC oseq=696 s0=0x1e len=250 crc=1 rssi=-52 pairid=246 txtag=64 st=0x00 addr=347551443 end=347567764 air_us=1020 gap_us=76
REC oseq=697 s0=0x0a len=12 crc=1 rssi=-32 pairid=8 txtag=5 st=0x00 addr=347568987 end=347570076 air_us=68 gap_us=76
REC oseq=698 s0=0x12 len=250 crc=0 rssi=-52 pairid=246 txtag=64 st=0x00 addr=347571299 end=347587620 air_us=1020 gap_us=76
REC oseq=699 s0=0x4d len=102 crc=0 rssi=-90 pairid=9040 txtag=115 st=0x00 addr=347643100 end=347649949 air_us=428 gap_us=3467
REC oseq=700 s0=0x30 len=131 crc=0 rssi=-68 pairid=28803 txtag=24 st=0x00 addr=348002332 end=348011038 air_us=544 gap_us=22023
REC oseq=701 s0=0x2a len=216 crc=0 rssi=-92 pairid=29612 txtag=129 st=0x00 addr=351065050 end=351079195 air_us=884 gap_us=190875
REC oseq=702 s0=0x25 len=55 crc=0 rssi=-92 pairid=55376 txtag=80 st=0x00 addr=351084138 end=351087979 air_us=240 gap_us=308
REC oseq=703 s0=0x29 len=35 crc=0 rssi=-92 pairid=38988 txtag=72 st=0x00 addr=351118523 end=351121084 air_us=160 gap_us=1909
REC oseq=704 s0=0x25 len=55 crc=0 rssi=-92 pairid=38992 txtag=72 st=0x00 addr=351153675 end=351157516 air_us=240 gap_us=2036
REC oseq=705 s0=0x40 len=125 crc=0 rssi=-92 pairid=59476 txtag=163 st=0x00 addr=352609733 end=352618054 air_us=520 gap_us=90763
REC oseq=706 s0=0x16 len=239 crc=1 rssi=-32 pairid=235 txtag=64 st=0x00 addr=356225026 end=356240643 air_us=976 gap_us=225435
REC oseq=707 s0=0x1e len=250 crc=1 rssi=-52 pairid=246 txtag=64 st=0x00 addr=356241860 end=356258181 air_us=1020 gap_us=76
REC oseq=708 s0=0x1a len=251 crc=1 rssi=-31 pairid=247 txtag=64 st=0x00 addr=356259411 end=356275796 air_us=1024 gap_us=76
REC oseq=709 s0=0x12 len=250 crc=1 rssi=-52 pairid=246 txtag=64 st=0x00 addr=356277012 end=356293333 air_us=1020 gap_us=76
REC oseq=710 s0=0x16 len=239 crc=1 rssi=-32 pairid=235 txtag=64 st=0x00 addr=356294563 end=356310180 air_us=976 gap_us=76
REC oseq=711 s0=0x1e len=250 crc=1 rssi=-52 pairid=246 txtag=64 st=0x00 addr=356311397 end=356327718 air_us=1020 gap_us=76
REC oseq=712 s0=0x1a len=251 crc=0 rssi=-32 pairid=247 txtag=64 st=0x00 addr=356328947 end=356345332 air_us=1024 gap_us=76
REC oseq=713 s0=0x41 len=150 crc=0 rssi=-90 pairid=2348 txtag=82 st=0x00 addr=357943196 end=357953117 air_us=620 gap_us=99866
REC oseq=714 s0=0x41 len=150 crc=0 rssi=-90 pairid=10794 txtag=114 st=0x00 addr=357981372 end=357991293 air_us=620 gap_us=1765
REC oseq=715 s0=0x4d len=151 crc=0 rssi=-91 pairid=857 txtag=114 st=0x00 addr=358480456 end=358490441 air_us=624 gap_us=30572
REC oseq=716 s0=0x25 len=55 crc=0 rssi=-91 pairid=38992 txtag=72 st=0x00 addr=361780155 end=361783996 air_us=240 gap_us=205607
REC oseq=717 s0=0x29 len=163 crc=0 rssi=-91 pairid=38989 txtag=80 st=0x00 addr=361814539 end=361825292 air_us=672 gap_us=1908
REC oseq=718 s0=0x4d len=117 crc=0 rssi=-91 pairid=1881 txtag=126 st=0x00 addr=363602258 end=363610067 air_us=488 gap_us=111060
REC oseq=719 s0=0x4f len=150 crc=0 rssi=-91 pairid=81 txtag=114 st=0x00 addr=363640433 end=363650354 air_us=620 gap_us=1897
REC oseq=720 s0=0x09 len=0 crc=1 rssi=-32 pairid=81 txtag=114 st=0x00 addr=365464984 end=365465305 air_us=20 gap_us=113414
REC oseq=721 s0=0x12 len=250 crc=1 rssi=-52 pairid=246 txtag=64 st=0x00 addr=365466530 end=365482851 air_us=1020 gap_us=76
REC oseq=722 s0=0x05 len=0 crc=1 rssi=-33 pairid=246 txtag=64 st=0x00 addr=365484072 end=365484393 air_us=20 gap_us=76
REC oseq=723 s0=0x1e len=250 crc=1 rssi=-53 pairid=246 txtag=64 st=0x00 addr=365485618 end=365501939 air_us=1020 gap_us=76
REC oseq=724 s0=0x09 len=0 crc=1 rssi=-32 pairid=246 txtag=64 st=0x00 addr=365503161 end=365503482 air_us=20 gap_us=76
REC oseq=725 s0=0x12 len=250 crc=1 rssi=-52 pairid=246 txtag=64 st=0x00 addr=365504707 end=365521028 air_us=1020 gap_us=76
REC oseq=726 s0=0x05 len=0 crc=1 rssi=-33 pairid=246 txtag=64 st=0x00 addr=365522249 end=365522570 air_us=20 gap_us=76
REC oseq=727 s0=0x1e len=250 crc=1 rssi=-52 pairid=246 txtag=64 st=0x00 addr=365523795 end=365540116 air_us=1020 gap_us=76
REC oseq=728 s0=0x09 len=0 crc=1 rssi=-32 pairid=246 txtag=64 st=0x00 addr=365541337 end=365541658 air_us=20 gap_us=76
REC oseq=729 s0=0x12 len=250 crc=1 rssi=-53 pairid=246 txtag=64 st=0x00 addr=365542883 end=365559204 air_us=1020 gap_us=76
REC oseq=730 s0=0x05 len=0 crc=1 rssi=-33 pairid=246 txtag=64 st=0x00 addr=365560425 end=365560746 air_us=20 gap_us=76
REC oseq=731 s0=0x1e len=250 crc=1 rssi=-53 pairid=246 txtag=64 st=0x00 addr=365561971 end=365578292 air_us=1020 gap_us=76
REC oseq=732 s0=0x09 len=0 crc=0 rssi=-32 pairid=246 txtag=64 st=0x00 addr=365579514 end=365579835 air_us=20 gap_us=76
REC oseq=733 s0=0x09 len=0 crc=1 rssi=-32 pairid=246 txtag=64 st=0x00 addr=365824982 end=365825303 air_us=20 gap_us=15321
REC oseq=734 s0=0x12 len=250 crc=0 rssi=-52 pairid=246 txtag=64 st=0x00 addr=365826528 end=365842849 air_us=1020 gap_us=76
REC oseq=735 s0=0x09 len=0 crc=1 rssi=-32 pairid=246 txtag=64 st=0x00 addr=365844070 end=365844391 air_us=20 gap_us=76
REC oseq=736 s0=0x12 len=250 crc=1 rssi=-53 pairid=246 txtag=64 st=0x00 addr=365845616 end=365861937 air_us=1020 gap_us=76
REC oseq=737 s0=0x05 len=0 crc=1 rssi=-33 pairid=246 txtag=64 st=0x00 addr=365863158 end=365863479 air_us=20 gap_us=76
REC oseq=738 s0=0x1e len=250 crc=1 rssi=-52 pairid=246 txtag=64 st=0x00 addr=365864704 end=365881025 air_us=1020 gap_us=76
REC oseq=739 s0=0x09 len=0 crc=1 rssi=-32 pairid=246 txtag=64 st=0x00 addr=365882247 end=365882568 air_us=20 gap_us=76
REC oseq=740 s0=0x12 len=250 crc=1 rssi=-53 pairid=246 txtag=64 st=0x00 addr=365883792 end=365900113 air_us=1020 gap_us=76
REC oseq=741 s0=0x05 len=0 crc=1 rssi=-33 pairid=246 txtag=64 st=0x00 addr=365901335 end=365901656 air_us=20 gap_us=76
REC oseq=742 s0=0x1e len=250 crc=1 rssi=-52 pairid=246 txtag=64 st=0x00 addr=365902881 end=365919202 air_us=1020 gap_us=76
REC oseq=743 s0=0x09 len=0 crc=1 rssi=-32 pairid=246 txtag=64 st=0x00 addr=365920423 end=365920744 air_us=20 gap_us=76
REC oseq=744 s0=0x12 len=250 crc=0 rssi=-52 pairid=246 txtag=64 st=0x00 addr=365921969 end=365938290 air_us=1020 gap_us=76
REC oseq=745 s0=0x09 len=0 crc=1 rssi=-32 pairid=246 txtag=64 st=0x00 addr=365939512 end=365939833 air_us=20 gap_us=76
REC oseq=746 s0=0x30 len=131 crc=0 rssi=-67 pairid=28803 txtag=24 st=0x00 addr=366002249 end=366010955 air_us=544 gap_us=3901
REC oseq=747 s0=0x95 len=66 crc=0 rssi=-91 pairid=18886 txtag=0 st=0x00 addr=367744977 end=367749523 air_us=284 gap_us=108376
REC oseq=748 s0=0x25 len=35 crc=0 rssi=-91 pairid=38988 txtag=72 st=0x00 addr=369304967 end=369307528 air_us=160 gap_us=97215
REC oseq=749 s0=0x25 len=35 crc=0 rssi=-91 pairid=38988 txtag=72 st=0x00 addr=369374504 end=369377065 air_us=160 gap_us=4186
REC oseq=750 s0=0x29 len=55 crc=0 rssi=-91 pairid=55376 txtag=72 st=0x00 addr=369409655 end=369413496 air_us=240 gap_us=2036
REC oseq=751 s0=0x1a len=239 crc=1 rssi=-32 pairid=235 txtag=64 st=0x00 addr=369424966 end=369440583 air_us=976 gap_us=716
REC oseq=752 s0=0x12 len=250 crc=1 rssi=-52 pairid=246 txtag=64 st=0x00 addr=369441800 end=369458121 air_us=1020 gap_us=76
REC oseq=753 s0=0x16 len=251 crc=1 rssi=-32 pairid=247 txtag=64 st=0x00 addr=369459350 end=369475735 air_us=1024 gap_us=76
REC oseq=754 s0=0x1e len=250 crc=1 rssi=-52 pairid=246 txtag=64 st=0x00 addr=369476952 end=369493273 air_us=1020 gap_us=76
REC oseq=755 s0=0x1a len=239 crc=1 rssi=-32 pairid=235 txtag=64 st=0x00 addr=369494503 end=369510120 air_us=976 gap_us=76
REC oseq=756 s0=0x12 len=250 crc=1 rssi=-52 pairid=246 txtag=64 st=0x00 addr=369511337 end=369527658 air_us=1020 gap_us=76
REC oseq=757 s0=0x16 len=251 crc=0 rssi=-32 pairid=247 txtag=64 st=0x00 addr=369528887 end=369545272 air_us=1024 gap_us=76
REC oseq=758 s0=0x05 len=0 crc=1 rssi=-33 pairid=247 txtag=64 st=0x00 addr=370864960 end=370865281 air_us=20 gap_us=82480
REC oseq=759 s0=0x1e len=250 crc=1 rssi=-52 pairid=246 txtag=64 st=0x00 addr=370866509 end=370882830 air_us=1020 gap_us=76
REC oseq=760 s0=0x09 len=0 crc=1 rssi=-32 pairid=246 txtag=64 st=0x00 addr=370884048 end=370884369 air_us=20 gap_us=76
REC oseq=761 s0=0x12 len=250 crc=1 rssi=-52 pairid=246 txtag=64 st=0x00 addr=370885597 end=370901918 air_us=1020 gap_us=76
REC oseq=762 s0=0x05 len=0 crc=1 rssi=-33 pairid=246 txtag=64 st=0x00 addr=370903136 end=370903457 air_us=20 gap_us=76
REC oseq=763 s0=0x1e len=250 crc=1 rssi=-52 pairid=246 txtag=64 st=0x00 addr=370904685 end=370921006 air_us=1020 gap_us=76
REC oseq=764 s0=0x09 len=0 crc=1 rssi=-32 pairid=246 txtag=64 st=0x00 addr=370922224 end=370922545 air_us=20 gap_us=76
REC oseq=765 s0=0x12 len=250 crc=1 rssi=-52 pairid=246 txtag=64 st=0x00 addr=370923774 end=370940095 air_us=1020 gap_us=76
REC oseq=766 s0=0x05 len=0 crc=1 rssi=-33 pairid=246 txtag=64 st=0x00 addr=370941313 end=370941634 air_us=20 gap_us=76
REC oseq=767 s0=0x1e len=250 crc=1 rssi=-52 pairid=246 txtag=64 st=0x00 addr=370942862 end=370959183 air_us=1020 gap_us=76
REC oseq=768 s0=0x09 len=0 crc=1 rssi=-32 pairid=246 txtag=64 st=0x00 addr=370960401 end=370960722 air_us=20 gap_us=76
REC oseq=769 s0=0x12 len=250 crc=1 rssi=-52 pairid=246 txtag=64 st=0x00 addr=370961950 end=370978271 air_us=1020 gap_us=76
REC oseq=770 s0=0x05 len=0 crc=0 rssi=-33 pairid=246 txtag=64 st=0x00 addr=370979489 end=370979810 air_us=20 gap_us=76
REC oseq=771 s0=0x36 len=216 crc=0 rssi=-91 pairid=25493 txtag=128 st=0x00 addr=371224958 end=371239103 air_us=884 gap_us=15321
REC oseq=772 s0=0x25 len=183 crc=0 rssi=-91 pairid=38992 txtag=72 st=0x00 addr=371247902 end=371259935 air_us=752 gap_us=549
REC oseq=773 s0=0x29 len=35 crc=0 rssi=-91 pairid=38988 txtag=72 st=0x00 addr=371282286 end=371284847 air_us=160 gap_us=1396
REC oseq=774 s0=0xa5 len=54 crc=0 rssi=-91 pairid=55376 txtag=72 st=0x00 addr=371317439 end=371321216 air_us=236 gap_us=2037
REC oseq=775 s0=0x43 len=157 crc=0 rssi=-91 pairid=30847 txtag=230 st=0x00 addr=378141279 end=378151648 air_us=648 gap_us=426253
REC oseq=776 s0=0x45 len=118 crc=0 rssi=-92 pairid=51245 txtag=80 st=0x00 addr=378659455 end=378667328 air_us=492 gap_us=31737
REC oseq=777 s0=0x3a len=216 crc=0 rssi=-91 pairid=59616 txtag=134 st=0x00 addr=383704903 end=383719048 air_us=884 gap_us=314848
REC oseq=778 s0=0x3a len=216 crc=0 rssi=-91 pairid=26848 txtag=152 st=0x00 addr=383804201 end=383818346 air_us=884 gap_us=5322
REC oseq=779 s0=0x25 len=35 crc=0 rssi=-91 pairid=38988 txtag=72 st=0x00 addr=385384893 end=385387454 air_us=160 gap_us=97909
REC oseq=780 s0=0x29 len=55 crc=0 rssi=-90 pairid=38992 txtag=72 st=0x00 addr=385420046 end=385423887 air_us=240 gap_us=2037
REC oseq=781 s0=0x25 len=163 crc=0 rssi=-92 pairid=38989 txtag=72 st=0x00 addr=385454429 end=385465182 air_us=672 gap_us=1908
REC oseq=782 s0=0x29 len=55 crc=0 rssi=-91 pairid=38992 txtag=72 st=0x00 addr=385489582 end=385493423 air_us=240 gap_us=1525
REC oseq=783 s0=0x25 len=55 crc=0 rssi=-92 pairid=38992 txtag=64 st=0x00 addr=386584888 end=386588729 air_us=240 gap_us=68216
REC oseq=784 s0=0x29 len=35 crc=0 rssi=-91 pairid=55372 txtag=72 st=0x00 addr=386619274 end=386621835 air_us=160 gap_us=1909
REC oseq=785 s0=0x25 len=55 crc=0 rssi=-92 pairid=38992 txtag=72 st=0x00 addr=386654425 end=386658266 air_us=240 gap_us=2036
REC oseq=786 s0=0x25 len=55 crc=0 rssi=-92 pairid=38992 txtag=72 st=0x00 addr=388024882 end=388028723 air_us=240 gap_us=85413
REC oseq=787 s0=0x39 len=212 crc=0 rssi=-91 pairid=39091 txtag=12 st=0x00 addr=388059266 end=388073155 air_us=868 gap_us=1908
REC oseq=788 s0=0x36 len=216 crc=0 rssi=-91 pairid=25493 txtag=160 st=0x00 addr=388079123 end=388093268 air_us=884 gap_us=373
REC oseq=789 s0=0x3a len=216 crc=0 rssi=-90 pairid=26848 txtag=153 st=0x00 addr=388098211 end=388112356 air_us=884 gap_us=308
REC oseq=790 s0=0x36 len=216 crc=0 rssi=-91 pairid=25492 txtag=128 st=0x00 addr=388117298 end=388131443 air_us=884 gap_us=308
REC oseq=791 s0=0x3a len=216 crc=0 rssi=-91 pairid=26849 txtag=160 st=0x00 addr=388136387 end=388150532 air_us=884 gap_us=309
REC oseq=792 s0=0x16 len=251 crc=1 rssi=-32 pairid=247 txtag=64 st=0x00 addr=389584874 end=389601259 air_us=1024 gap_us=89646
REC oseq=793 s0=0x1e len=250 crc=1 rssi=-52 pairid=246 txtag=64 st=0x00 addr=389602488 end=389618809 air_us=1020 gap_us=76
REC oseq=794 s0=0x1a len=239 crc=1 rssi=-32 pairid=235 txtag=64 st=0x00 addr=389620026 end=389635643 air_us=976 gap_us=76
REC oseq=795 s0=0x12 len=250 crc=1 rssi=-52 pairid=246 txtag=64 st=0x00 addr=389636873 end=389653194 air_us=1020 gap_us=76
REC oseq=796 s0=0x16 len=251 crc=1 rssi=-32 pairid=247 txtag=64 st=0x00 addr=389654411 end=389670796 air_us=1024 gap_us=76
REC oseq=797 s0=0x1e len=250 crc=1 rssi=-52 pairid=246 txtag=64 st=0x00 addr=389672025 end=389688346 air_us=1020 gap_us=76
REC oseq=798 s0=0x1a len=239 crc=0 rssi=-32 pairid=235 txtag=64 st=0x00 addr=389689564 end=389705181 air_us=976 gap_us=76
REC oseq=799 s0=0x16 len=251 crc=1 rssi=-32 pairid=247 txtag=64 st=0x00 addr=389824873 end=389841258 air_us=1024 gap_us=7480
REC oseq=800 s0=0x1e len=250 crc=1 rssi=-53 pairid=246 txtag=64 st=0x00 addr=389842487 end=389858808 air_us=1020 gap_us=76
REC oseq=801 s0=0x1a len=239 crc=1 rssi=-32 pairid=235 txtag=64 st=0x00 addr=389860026 end=389875643 air_us=976 gap_us=76
REC oseq=802 s0=0x12 len=250 crc=1 rssi=-52 pairid=246 txtag=64 st=0x00 addr=389876871 end=389893192 air_us=1020 gap_us=76
REC oseq=803 s0=0x16 len=251 crc=1 rssi=-32 pairid=247 txtag=64 st=0x00 addr=389894410 end=389910795 air_us=1024 gap_us=76
REC oseq=804 s0=0x1e len=250 crc=1 rssi=-52 pairid=246 txtag=64 st=0x00 addr=389912023 end=389928344 air_us=1020 gap_us=76
REC oseq=805 s0=0x1a len=239 crc=0 rssi=-32 pairid=235 txtag=64 st=0x00 addr=389929563 end=389945180 air_us=976 gap_us=76
REC oseq=806 s0=0x1a len=239 crc=1 rssi=-32 pairid=235 txtag=64 st=0x00 addr=390424870 end=390440487 air_us=976 gap_us=29980
REC oseq=807 s0=0x12 len=250 crc=1 rssi=-53 pairid=246 txtag=64 st=0x00 addr=390441714 end=390458035 air_us=1020 gap_us=76
REC oseq=808 s0=0x16 len=251 crc=1 rssi=-32 pairid=247 txtag=64 st=0x00 addr=390459255 end=390475640 air_us=1024 gap_us=76
REC oseq=809 s0=0x1e len=250 crc=1 rssi=-52 pairid=246 txtag=64 st=0x00 addr=390476867 end=390493188 air_us=1020 gap_us=76
REC oseq=810 s0=0x1a len=239 crc=1 rssi=-32 pairid=235 txtag=64 st=0x00 addr=390494408 end=390510025 air_us=976 gap_us=76
REC oseq=811 s0=0x12 len=250 crc=1 rssi=-53 pairid=246 txtag=64 st=0x00 addr=390511251 end=390527572 air_us=1020 gap_us=76
REC oseq=812 s0=0x16 len=251 crc=0 rssi=-32 pairid=247 txtag=64 st=0x00 addr=390528792 end=390545177 air_us=1024 gap_us=76
REC oseq=813 s0=0x2a len=84 crc=0 rssi=-91 pairid=62381 txtag=129 st=0x00 addr=390664869 end=390670566 air_us=356 gap_us=7480
REC oseq=814 s0=0x35 len=212 crc=0 rssi=-91 pairid=39091 txtag=4 st=0x00 addr=390683958 end=390697847 air_us=868 gap_us=837
REC oseq=815 s0=0x3a len=216 crc=0 rssi=-90 pairid=59616 txtag=153 st=0x00 addr=390703814 end=390717959 air_us=884 gap_us=372
REC oseq=816 s0=0x36 len=216 crc=0 rssi=-91 pairid=25493 txtag=130 st=0x00 addr=390722903 end=390737048 air_us=884 gap_us=309
REC oseq=817 s0=0x3a len=216 crc=0 rssi=-90 pairid=59616 txtag=153 st=0x00 addr=390741991 end=390756136 air_us=884 gap_us=308
REC oseq=818 s0=0x36 len=216 crc=0 rssi=-90 pairid=58261 txtag=193 st=0x00 addr=390761078 end=390775223 air_us=884 gap_us=308
REC oseq=819 s0=0x19 len=0 crc=1 rssi=-32 pairid=58261 txtag=193 st=0x00 addr=393904855 end=393905176 air_us=20 gap_us=195602
REC oseq=820 s0=0x12 len=250 crc=1 rssi=-52 pairid=246 txtag=64 st=0x00 addr=393906395 end=393922716 air_us=1020 gap_us=76
REC oseq=821 s0=0x16 len=251 crc=1 rssi=-32 pairid=247 txtag=64 st=0x00 addr=393923943 end=393940328 air_us=1024 gap_us=76
REC oseq=822 s0=0x1e len=250 crc=1 rssi=-52 pairid=246 txtag=64 st=0x00 addr=393941547 end=393957868 air_us=1020 gap_us=76
REC oseq=823 s0=0x1a len=239 crc=1 rssi=-32 pairid=235 txtag=64 st=0x00 addr=393959096 end=393974713 air_us=976 gap_us=76
REC oseq=824 s0=0x12 len=250 crc=1 rssi=-52 pairid=246 txtag=64 st=0x00 addr=393975931 end=393992252 air_us=1020 gap_us=76
REC oseq=825 s0=0x16 len=251 crc=1 rssi=-32 pairid=247 txtag=64 st=0x00 addr=393993480 end=394009865 air_us=1024 gap_us=76
REC oseq=826 s0=0x1e len=250 crc=0 rssi=-52 pairid=246 txtag=64 st=0x00 addr=394011084 end=394027405 air_us=1020 gap_us=76
REC oseq=827 s0=0x25 len=35 crc=0 rssi=-92 pairid=38988 txtag=72 st=0x00 addr=394984852 end=394987413 air_us=160 gap_us=59840
REC oseq=828 s0=0x29 len=55 crc=0 rssi=-91 pairid=38992 txtag=80 st=0x00 addr=395019987 end=395023828 air_us=240 gap_us=2035
REC oseq=829 s0=0x05 len=0 crc=1 rssi=-33 pairid=38992 txtag=80 st=0x00 addr=398944832 end=398945153 air_us=20 gap_us=245062
REC oseq=830 s0=0x1e len=12 crc=1 rssi=-52 pairid=8 txtag=5 st=0x00 addr=398946376 end=398947465 air_us=68 gap_us=76
REC oseq=831 s0=0x09 len=0 crc=1 rssi=-32 pairid=8 txtag=5 st=0x00 addr=398948688 end=398949009 air_us=20 gap_us=76
REC oseq=832 s0=0x12 len=250 crc=1 rssi=-52 pairid=246 txtag=64 st=0x00 addr=398950232 end=398966553 air_us=1020 gap_us=76
REC oseq=833 s0=0x16 len=251 crc=1 rssi=-32 pairid=247 txtag=64 st=0x00 addr=398967776 end=398984161 air_us=1024 gap_us=76
REC oseq=834 s0=0x1e len=250 crc=1 rssi=-52 pairid=246 txtag=64 st=0x00 addr=398985385 end=399001706 air_us=1020 gap_us=76
REC oseq=835 s0=0x1a len=239 crc=1 rssi=-32 pairid=235 txtag=64 st=0x00 addr=399002928 end=399018545 air_us=976 gap_us=76
REC oseq=836 s0=0x12 len=250 crc=1 rssi=-52 pairid=246 txtag=64 st=0x00 addr=399019769 end=399036090 air_us=1020 gap_us=76
REC oseq=837 s0=0x16 len=251 crc=1 rssi=-32 pairid=247 txtag=64 st=0x00 addr=399037313 end=399053698 air_us=1024 gap_us=76
REC oseq=838 s0=0x1e len=250 crc=0 rssi=-52 pairid=246 txtag=64 st=0x00 addr=399054921 end=399071242 air_us=1020 gap_us=76
REC oseq=839 s0=0x1a len=239 crc=0 rssi=-32 pairid=235 txtag=64 st=0x00 addr=399184831 end=399200448 air_us=976 gap_us=7099
REC oseq=840 s0=0x1e len=250 crc=1 rssi=-52 pairid=246 txtag=64 st=0x00 addr=399201670 end=399217991 air_us=1020 gap_us=76
REC oseq=841 s0=0x1a len=239 crc=1 rssi=-32 pairid=235 txtag=64 st=0x00 addr=399219215 end=399234832 air_us=976 gap_us=76
REC oseq=842 s0=0x12 len=250 crc=1 rssi=-52 pairid=246 txtag=64 st=0x00 addr=399236055 end=399252376 air_us=1020 gap_us=76
REC oseq=843 s0=0x16 len=251 crc=1 rssi=-32 pairid=247 txtag=64 st=0x00 addr=399253600 end=399269985 air_us=1024 gap_us=76
REC oseq=844 s0=0x1e len=250 crc=1 rssi=-52 pairid=246 txtag=64 st=0x00 addr=399271207 end=399287528 air_us=1020 gap_us=76
REC oseq=845 s0=0x1a len=239 crc=0 rssi=-32 pairid=235 txtag=64 st=0x00 addr=399288752 end=399304369 air_us=976 gap_us=76
REC oseq=846 s0=0x4d len=151 crc=0 rssi=-90 pairid=18257 txtag=114 st=0x00 addr=401104822 end=401114807 air_us=624 gap_us=112528
REC oseq=847 s0=0x41 len=149 crc=0 rssi=-90 pairid=2090 txtag=66 st=0x00 addr=401162087 end=401171944 air_us=616 gap_us=2955
REC oseq=848 s0=0x05 len=0 crc=1 rssi=-33 pairid=2090 txtag=66 st=0x00 addr=401224823 end=401225144 air_us=20 gap_us=3304
REC oseq=849 s0=0x1e len=250 crc=1 rssi=-52 pairid=246 txtag=64 st=0x00 addr=401226360 end=401242681 air_us=1020 gap_us=76
REC oseq=850 s0=0x09 len=0 crc=1 rssi=-32 pairid=246 txtag=64 st=0x00 addr=401243911 end=401244232 air_us=20 gap_us=76
REC oseq=851 s0=0x12 len=250 crc=1 rssi=-52 pairid=246 txtag=64 st=0x00 addr=401245448 end=401261769 air_us=1020 gap_us=76
REC oseq=852 s0=0x05 len=0 crc=1 rssi=-33 pairid=246 txtag=64 st=0x00 addr=401262983 end=401263304 air_us=20 gap_us=75
REC oseq=853 s0=0x1e len=250 crc=1 rssi=-52 pairid=246 txtag=64 st=0x00 addr=401264520 end=401280841 air_us=1020 gap_us=76
REC oseq=854 s0=0x09 len=0 crc=1 rssi=-32 pairid=246 txtag=64 st=0x00 addr=401282056 end=401282377 air_us=20 gap_us=75
REC oseq=855 s0=0x12 len=250 crc=1 rssi=-53 pairid=246 txtag=64 st=0x00 addr=401283592 end=401299913 air_us=1020 gap_us=75
REC oseq=856 s0=0x05 len=0 crc=1 rssi=-33 pairid=246 txtag=64 st=0x00 addr=401301128 end=401301449 air_us=20 gap_us=75
REC oseq=857 s0=0x1e len=250 crc=1 rssi=-52 pairid=246 txtag=64 st=0x00 addr=401302664 end=401318985 air_us=1020 gap_us=75
REC oseq=858 s0=0x09 len=0 crc=1 rssi=-32 pairid=246 txtag=64 st=0x00 addr=401320200 end=401320521 air_us=20 gap_us=75
REC oseq=859 s0=0x12 len=250 crc=1 rssi=-52 pairid=246 txtag=64 st=0x00 addr=401321736 end=401338057 air_us=1020 gap_us=75
REC oseq=860 s0=0x05 len=0 crc=1 rssi=-33 pairid=246 txtag=64 st=0x00 addr=401339272 end=401339593 air_us=20 gap_us=75
REC oseq=861 s0=0x3a len=216 crc=0 rssi=-91 pairid=26848 txtag=128 st=0x00 addr=403384811 end=403398956 air_us=884 gap_us=127826
REC oseq=862 s0=0x36 len=216 crc=0 rssi=-91 pairid=58261 txtag=161 st=0x00 addr=403403900 end=403418045 air_us=884 gap_us=309
REC oseq=863 s0=0x3a len=216 crc=0 rssi=-91 pairid=26848 txtag=154 st=0x00 addr=403422987 end=403437132 air_us=884 gap_us=308
REC oseq=864 s0=0x36 len=216 crc=0 rssi=-91 pairid=58261 txtag=129 st=0x00 addr=403442077 end=403456222 air_us=884 gap_us=309
REC oseq=865 s0=0x3a len=216 crc=0 rssi=-90 pairid=59616 txtag=129 st=0x00 addr=403461165 end=403475310 air_us=884 gap_us=308
REC oseq=866 s0=0x36 len=216 crc=0 rssi=-90 pairid=25493 txtag=154 st=0x00 addr=403480253 end=403494398 air_us=884 gap_us=308
REC oseq=867 s0=0x3a len=216 crc=0 rssi=-91 pairid=26848 txtag=144 st=0x00 addr=403499341 end=403513486 air_us=884 gap_us=308
REC oseq=868 s0=0x41 len=218 crc=0 rssi=-90 pairid=35620 txtag=114 st=0x00 addr=403542988 end=403557261 air_us=892 gap_us=1843
REC oseq=869 s0=0x41 len=150 crc=0 rssi=-91 pairid=2284 txtag=114 st=0x00 addr=403581163 end=403591084 air_us=620 gap_us=1493
REC oseq=870 s0=0x5e len=120 crc=0 rssi=-92 pairid=31380 txtag=163 st=0x00 addr=407534331 end=407542332 air_us=500 gap_us=246452
REC oseq=871 s0=0x5b len=109 crc=0 rssi=-93 pairid=63616 txtag=163 st=0x00 addr=408064792 end=408072090 air_us=456 gap_us=32653
REC oseq=872 s0=0x09 len=0 crc=1 rssi=-32 pairid=63616 txtag=163 st=0x00 addr=408544788 end=408545109 air_us=20 gap_us=29543
REC oseq=873 s0=0x12 len=250 crc=0 rssi=-52 pairid=246 txtag=64 st=0x00 addr=408546340 end=408562661 air_us=1020 gap_us=76
REC oseq=874 s0=0x09 len=0 crc=1 rssi=-32 pairid=246 txtag=64 st=0x00 addr=408563877 end=408564198 air_us=20 gap_us=76
REC oseq=875 s0=0x12 len=250 crc=1 rssi=-52 pairid=246 txtag=64 st=0x00 addr=408565428 end=408581749 air_us=1020 gap_us=76
REC oseq=876 s0=0x05 len=0 crc=1 rssi=-33 pairid=246 txtag=64 st=0x00 addr=408582965 end=408583286 air_us=20 gap_us=76
REC oseq=877 s0=0x1e len=250 crc=1 rssi=-52 pairid=246 txtag=64 st=0x00 addr=408584516 end=408600837 air_us=1020 gap_us=76
REC oseq=878 s0=0x09 len=0 crc=1 rssi=-32 pairid=246 txtag=64 st=0x00 addr=408602053 end=408602374 air_us=20 gap_us=76
REC oseq=879 s0=0x12 len=250 crc=1 rssi=-53 pairid=246 txtag=64 st=0x00 addr=408603605 end=408619926 air_us=1020 gap_us=76
REC oseq=880 s0=0x05 len=0 crc=1 rssi=-33 pairid=246 txtag=64 st=0x00 addr=408621141 end=408621462 air_us=20 gap_us=75
REC oseq=881 s0=0x1e len=250 crc=1 rssi=-52 pairid=246 txtag=64 st=0x00 addr=408622693 end=408639014 air_us=1020 gap_us=76
REC oseq=882 s0=0x09 len=0 crc=1 rssi=-32 pairid=246 txtag=64 st=0x00 addr=408640230 end=408640551 air_us=20 gap_us=76
REC oseq=883 s0=0x12 len=250 crc=1 rssi=-52 pairid=246 txtag=64 st=0x00 addr=408641781 end=408658102 air_us=1020 gap_us=76
REC oseq=884 s0=0x05 len=0 crc=0 rssi=-33 pairid=246 txtag=64 st=0x00 addr=408659318 end=408659639 air_us=20 gap_us=76
REC oseq=885 s0=0x25 len=55 crc=0 rssi=-91 pairid=55376 txtag=72 st=0x00 addr=411664775 end=411668616 air_us=240 gap_us=187821
REC oseq=886 s0=0x29 len=35 crc=0 rssi=-92 pairid=38988 txtag=72 st=0x00 addr=411699159 end=411701720 air_us=160 gap_us=1908
REC oseq=887 s0=0x29 len=35 crc=0 rssi=-91 pairid=38988 txtag=72 st=0x00 addr=411768697 end=411771258 air_us=160 gap_us=4186
REC oseq=888 s0=0xd2 len=109 crc=0 rssi=-90 pairid=63644 txtag=131 st=0x00 addr=412179156 end=412186453 air_us=456 gap_us=25493
REC oseq=889 s0=0xd0 len=119 crc=0 rssi=-92 pairid=40140 txtag=195 st=0x00 addr=412248695 end=412256633 air_us=496 gap_us=3890
REC oseq=890 s0=0x16 len=239 crc=1 rssi=-32 pairid=235 txtag=64 st=0x00 addr=412864769 end=412880386 air_us=976 gap_us=38008
REC oseq=891 s0=0x1e len=250 crc=1 rssi=-52 pairid=246 txtag=64 st=0x00 addr=412881605 end=412897926 air_us=1020 gap_us=76
REC oseq=892 s0=0x1a len=251 crc=1 rssi=-32 pairid=247 txtag=64 st=0x00 addr=412899154 end=412915539 air_us=1024 gap_us=76
REC oseq=893 s0=0x12 len=250 crc=1 rssi=-52 pairid=246 txtag=64 st=0x00 addr=412916758 end=412933079 air_us=1020 gap_us=76
REC oseq=894 s0=0x16 len=239 crc=1 rssi=-32 pairid=235 txtag=64 st=0x00 addr=412934306 end=412949923 air_us=976 gap_us=76
REC oseq=895 s0=0x1e len=250 crc=1 rssi=-52 pairid=246 txtag=64 st=0x00 addr=412951142 end=412967463 air_us=1020 gap_us=76
REC oseq=896 s0=0x1a len=251 crc=0 rssi=-32 pairid=247 txtag=64 st=0x00 addr=412968690 end=412985075 air_us=1024 gap_us=76
REC oseq=897 s0=0x09 len=0 crc=1 rssi=-32 pairid=247 txtag=64 st=0x00 addr=415984755 end=415985076 air_us=20 gap_us=187480
REC oseq=898 s0=0x12 len=250 crc=1 rssi=-52 pairid=246 txtag=64 st=0x00 addr=415986303 end=416002624 air_us=1020 gap_us=76
REC oseq=899 s0=0x05 len=0 crc=1 rssi=-33 pairid=246 txtag=64 st=0x00 addr=416003843 end=416004164 air_us=20 gap_us=76
REC oseq=900 s0=0x1e len=250 crc=1 rssi=-52 pairid=246 txtag=64 st=0x00 addr=416005391 end=416021712 air_us=1020 gap_us=76
REC oseq=901 s0=0x09 len=0 crc=1 rssi=-32 pairid=246 txtag=64 st=0x00 addr=416022931 end=416023252 air_us=20 gap_us=76
REC oseq=902 s0=0x12 len=250 crc=1 rssi=-52 pairid=246 txtag=64 st=0x00 addr=416024479 end=416040800 air_us=1020 gap_us=76
REC oseq=903 s0=0x05 len=0 crc=1 rssi=-33 pairid=246 txtag=64 st=0x00 addr=416042020 end=416042341 air_us=20 gap_us=76
REC oseq=904 s0=0x1e len=250 crc=1 rssi=-53 pairid=246 txtag=64 st=0x00 addr=416043567 end=416059888 air_us=1020 gap_us=76
REC oseq=905 s0=0x09 len=0 crc=1 rssi=-32 pairid=246 txtag=64 st=0x00 addr=416061108 end=416061429 air_us=20 gap_us=76
REC oseq=906 s0=0x12 len=250 crc=1 rssi=-52 pairid=246 txtag=64 st=0x00 addr=416062655 end=416078976 air_us=1020 gap_us=76
REC oseq=907 s0=0x05 len=0 crc=1 rssi=-33 pairid=246 txtag=64 st=0x00 addr=416080196 end=416080517 air_us=20 gap_us=76
REC oseq=908 s0=0x1e len=250 crc=1 rssi=-52 pairid=246 txtag=64 st=0x00 addr=416081743 end=416098064 air_us=1020 gap_us=76
REC oseq=909 s0=0x09 len=0 crc=0 rssi=-32 pairid=246 txtag=64 st=0x00 addr=416099284 end=416099605 air_us=20 gap_us=76
REC oseq=910 s0=0x52 len=249 crc=0 rssi=-91 pairid=31903 txtag=35 st=0x00 addr=420184735 end=420200992 air_us=1016 gap_us=255320
REC oseq=911 s0=0x5e len=111 crc=0 rssi=-92 pairid=31552 txtag=163 st=0x00 addr=420219119 end=420226544 air_us=464 gap_us=1132
REC oseq=912 s0=0x99 len=65 crc=0 rssi=-90 pairid=59746 txtag=0 st=0x00 addr=420664735 end=420669216 air_us=280 gap_us=27386
REC oseq=913 s0=0x98 len=65 crc=0 rssi=-90 pairid=55132 txtag=32 st=0x00 addr=420734240 end=420738721 air_us=280 gap_us=4064
REC oseq=914 s0=0x52 len=109 crc=0 rssi=-90 pairid=30976 txtag=35 st=0x00 addr=422808646 end=422815943 air_us=456 gap_us=129370
REC oseq=915 s0=0x23 len=35 crc=0 rssi=-92 pairid=38988 txtag=72 st=0x00 addr=424504716 end=424507277 air_us=160 gap_us=105548
REC oseq=916 s0=0x29 len=55 crc=0 rssi=-93 pairid=38992 txtag=72 st=0x00 addr=424539869 end=424543710 air_us=240 gap_us=2037
REC oseq=917 s0=0x29 len=55 crc=0 rssi=-90 pairid=38992 txtag=72 st=0x00 addr=424609406 end=424613247 air_us=240 gap_us=4106
REC oseq=918 s0=0x16 len=239 crc=1 rssi=-32 pairid=235 txtag=64 st=0x00 addr=427024705 end=427040322 air_us=976 gap_us=150716
REC oseq=919 s0=0x1e len=250 crc=1 rssi=-52 pairid=246 txtag=64 st=0x00 addr=427041538 end=427057859 air_us=1020 gap_us=76
REC oseq=920 s0=0x1a len=251 crc=1 rssi=-32 pairid=247 txtag=64 st=0x00 addr=427059074 end=427075459 air_us=1024 gap_us=75
REC oseq=921 s0=0x12 len=250 crc=1 rssi=-52 pairid=246 txtag=64 st=0x00 addr=427076674 end=427092995 air_us=1020 gap_us=75
REC oseq=922 s0=0x16 len=239 crc=1 rssi=-32 pairid=235 txtag=64 st=0x00 addr=427094210 end=427109827 air_us=976 gap_us=75
REC oseq=923 s0=0x1e len=250 crc=1 rssi=-53 pairid=246 txtag=64 st=0x00 addr=427111042 end=427127363 air_us=1020 gap_us=75
REC oseq=924 s0=0x1a len=251 crc=0 rssi=-32 pairid=247 txtag=64 st=0x00 addr=427128579 end=427144964 air_us=1024 gap_us=76
REC oseq=925 s0=0x95 len=214 crc=0 rssi=-93 pairid=18654 txtag=0 st=0x00 addr=430368613 end=430382630 air_us=876 gap_us=201478
REC oseq=926 s0=0x9b len=66 crc=0 rssi=-91 pairid=2434 txtag=64 st=0x00 addr=430744692 end=430749238 air_us=284 gap_us=22628
REC oseq=927 s0=0x29 len=35 crc=0 rssi=-91 pairid=38988 txtag=72 st=0x00 addr=432544682 end=432547244 air_us=160 gap_us=112215
REC oseq=928 s0=0x29 len=35 crc=0 rssi=-91 pairid=38988 txtag=72 st=0x00 addr=432614186 end=432616747 air_us=160 gap_us=4183
REC oseq=929 s0=0x25 len=55 crc=0 rssi=-92 pairid=38992 txtag=72 st=0x00 addr=432649323 end=432653164 air_us=240 gap_us=2036
REC oseq=930 s0=0x95 len=130 crc=0 rssi=-91 pairid=5488 txtag=0 st=0x00 addr=437944657 end=437953298 air_us=540 gap_us=330718
REC oseq=931 s0=0x99 len=85 crc=0 rssi=-92 pairid=2418 txtag=0 st=0x00 addr=437979041 end=437984802 air_us=360 gap_us=1608
REC oseq=932 s0=0x1a len=239 crc=1 rssi=-32 pairid=235 txtag=64 st=0x00 addr=439864648 end=439880265 air_us=976 gap_us=117490
REC oseq=933 s0=0x16 len=251 crc=1 rssi=-32 pairid=247 txtag=64 st=0x00 addr=439899033 end=439915418 air_us=1024 gap_us=1173
REC oseq=934 s0=0x1e len=250 crc=1 rssi=-52 pairid=246 txtag=64 st=0x00 addr=439916647 end=439932968 air_us=1020 gap_us=76
REC oseq=935 s0=0x1a len=239 crc=1 rssi=-32 pairid=235 txtag=64 st=0x00 addr=439934185 end=439949802 air_us=976 gap_us=76
REC oseq=936 s0=0x12 len=250 crc=1 rssi=-52 pairid=246 txtag=64 st=0x00 addr=439951032 end=439967353 air_us=1020 gap_us=76
REC oseq=937 s0=0x16 len=251 crc=0 rssi=-32 pairid=247 txtag=64 st=0x00 addr=439968569 end=439984954 air_us=1024 gap_us=76
REC oseq=938 s0=0x8a len=173 crc=0 rssi=-93 pairid=7666 txtag=201 st=0x00 addr=444563713 end=444575106 air_us=712 gap_us=286172
REC oseq=939 s0=0x86 len=171 crc=0 rssi=-93 pairid=11402 txtag=208 st=0x00 addr=444582802 end=444594067 air_us=704 gap_us=481
REC oseq=940 s0=0x16 len=251 crc=1 rssi=-32 pairid=247 txtag=64 st=0x00 addr=445744621 end=445761006 air_us=1024 gap_us=71909
REC oseq=941 s0=0x1e len=250 crc=1 rssi=-52 pairid=246 txtag=64 st=0x00 addr=445762236 end=445778557 air_us=1020 gap_us=76
REC oseq=942 s0=0x1a len=239 crc=1 rssi=-32 pairid=235 txtag=64 st=0x00 addr=445779773 end=445795390 air_us=976 gap_us=76
REC oseq=943 s0=0x12 len=250 crc=1 rssi=-52 pairid=246 txtag=64 st=0x00 addr=445796620 end=445812941 air_us=1020 gap_us=76
REC oseq=944 s0=0x16 len=251 crc=1 rssi=-32 pairid=247 txtag=64 st=0x00 addr=445814158 end=445830543 air_us=1024 gap_us=76
REC oseq=945 s0=0x1e len=250 crc=1 rssi=-52 pairid=246 txtag=64 st=0x00 addr=445831773 end=445848094 air_us=1020 gap_us=76
REC oseq=946 s0=0x1a len=239 crc=0 rssi=-32 pairid=235 txtag=64 st=0x00 addr=445849310 end=445864927 air_us=976 gap_us=76
REC oseq=947 s0=0x2a len=216 crc=0 rssi=-91 pairid=59616 txtag=137 st=0x00 addr=446824619 end=446838765 air_us=884 gap_us=59980
REC oseq=948 s0=0x36 len=216 crc=0 rssi=-91 pairid=58261 txtag=153 st=0x00 addr=446843704 end=446857849 air_us=884 gap_us=308
REC oseq=949 s0=0x3a len=216 crc=0 rssi=-90 pairid=59617 txtag=129 st=0x00 addr=446862792 end=446876937 air_us=884 gap_us=308
REC oseq=950 s0=0x36 len=216 crc=0 rssi=-90 pairid=58260 txtag=185 st=0x00 addr=446881879 end=446896024 air_us=884 gap_us=308
REC oseq=951 s0=0x0e len=121 crc=0 rssi=-92 pairid=7004 txtag=163 st=0x00 addr=448144609 end=448152674 air_us=504 gap_us=78036
REC oseq=952 s0=0x3a len=216 crc=0 rssi=-90 pairid=59616 txtag=129 st=0x00 addr=449104604 end=449118749 air_us=884 gap_us=59495
REC oseq=953 s0=0x3a len=216 crc=0 rssi=-92 pairid=26848 txtag=128 st=0x00 addr=449123692 end=449137837 air_us=884 gap_us=308
REC oseq=954 s0=0x36 len=218 crc=0 rssi=-92 pairid=25493 txtag=152 st=0x00 addr=449142780 end=449157053 air_us=892 gap_us=308
REC oseq=955 s0=0x3a len=217 crc=0 rssi=-91 pairid=59616 txtag=154 st=0x00 addr=449161868 end=449176077 air_us=888 gap_us=300
REC oseq=956 s0=0x36 len=216 crc=0 rssi=-90 pairid=25493 txtag=128 st=0x00 addr=449180957 end=449195102 air_us=884 gap_us=305
REC oseq=957 s0=0x25 len=35 crc=0 rssi=-91 pairid=38988 txtag=72 st=0x00 addr=450424597 end=450427158 air_us=160 gap_us=76843
REC oseq=958 s0=0x29 len=55 crc=0 rssi=-91 pairid=38992 txtag=72 st=0x00 addr=450459751 end=450463592 air_us=240 gap_us=2037
REC oseq=959 s0=0x25 len=35 crc=0 rssi=-92 pairid=38988 txtag=72 st=0x00 addr=450494135 end=450496696 air_us=160 gap_us=1908
REC oseq=960 s0=0x29 len=55 crc=0 rssi=-92 pairid=38993 txtag=72 st=0x00 addr=450529288 end=450533129 air_us=240 gap_us=2037
REC oseq=961 s0=0x3a len=216 crc=0 rssi=-91 pairid=26848 txtag=128 st=0x00 addr=451984593 end=451998738 air_us=884 gap_us=90716
REC oseq=962 s0=0x26 len=219 crc=0 rssi=-91 pairid=58261 txtag=153 st=0x00 addr=452003664 end=452018001 air_us=896 gap_us=307
REC oseq=963 s0=0x36 len=216 crc=0 rssi=-90 pairid=58261 txtag=129 st=0x00 addr=452041809 end=452055954 air_us=884 gap_us=1488
REC oseq=964 s0=0x36 len=216 crc=0 rssi=-91 pairid=25493 txtag=129 st=0x00 addr=452079953 end=452094098 air_us=884 gap_us=1499
REC oseq=965 s0=0x5e len=121 crc=0 rssi=-91 pairid=22684 txtag=179 st=0x00 addr=452464589 end=452472654 air_us=504 gap_us=23155
REC oseq=966 s0=0x4b len=246 crc=0 rssi=-92 pairid=17536 txtag=163 st=0x00 addr=452568462 end=452584527 air_us=1004 gap_us=5988
REC oseq=967 s0=0x8a len=173 crc=0 rssi=-90 pairid=63966 txtag=209 st=0x00 addr=459304559 end=459315952 air_us=712 gap_us=420002
REC oseq=968 s0=0x05 len=0 crc=1 rssi=-33 pairid=63966 txtag=209 st=0x00 addr=461944546 end=461944867 air_us=20 gap_us=164287
REC oseq=969 s0=0x1e len=250 crc=1 rssi=-52 pairid=246 txtag=64 st=0x00 addr=461946092 end=461962413 air_us=1020 gap_us=76
REC oseq=970 s0=0x0a len=12 crc=1 rssi=-33 pairid=8 txtag=5 st=0x00 addr=461963634 end=461964723 air_us=68 gap_us=76
REC oseq=971 s0=0x12 len=250 crc=1 rssi=-53 pairid=246 txtag=64 st=0x00 addr=461965948 end=461982269 air_us=1020 gap_us=76
REC oseq=972 s0=0x05 len=0 crc=1 rssi=-33 pairid=246 txtag=64 st=0x00 addr=461983490 end=461983811 air_us=20 gap_us=76
REC oseq=973 s0=0x1e len=250 crc=1 rssi=-52 pairid=246 txtag=64 st=0x00 addr=461985036 end=462001357 air_us=1020 gap_us=76
REC oseq=974 s0=0x09 len=0 crc=1 rssi=-32 pairid=246 txtag=64 st=0x00 addr=462002579 end=462002900 air_us=20 gap_us=76
REC oseq=975 s0=0x12 len=250 crc=1 rssi=-52 pairid=246 txtag=64 st=0x00 addr=462004124 end=462020445 air_us=1020 gap_us=76
REC oseq=976 s0=0x05 len=0 crc=1 rssi=-33 pairid=246 txtag=64 st=0x00 addr=462021667 end=462021988 air_us=20 gap_us=76
REC oseq=977 s0=0x1e len=250 crc=1 rssi=-52 pairid=246 txtag=64 st=0x00 addr=462023212 end=462039533 air_us=1020 gap_us=76
REC oseq=978 s0=0x09 len=0 crc=1 rssi=-32 pairid=246 txtag=64 st=0x00 addr=462040755 end=462041076 air_us=20 gap_us=76
REC oseq=979 s0=0x12 len=250 crc=1 rssi=-52 pairid=246 txtag=64 st=0x00 addr=462042300 end=462058621 air_us=1020 gap_us=76
REC oseq=980 s0=0x3a len=216 crc=0 rssi=-91 pairid=26849 txtag=152 st=0x00 addr=462083634 end=462097779 air_us=884 gap_us=1563
REC oseq=981 s0=0x36 len=216 crc=0 rssi=-91 pairid=58261 txtag=129 st=0x00 addr=462102722 end=462116867 air_us=884 gap_us=308
REC oseq=982 s0=0x3a len=216 crc=0 rssi=-91 pairid=26848 txtag=128 st=0x00 addr=462121811 end=462135956 air_us=884 gap_us=309
REC oseq=983 s0=0x36 len=216 crc=0 rssi=-91 pairid=58261 txtag=145 st=0x00 addr=462140898 end=462155043 air_us=884 gap_us=308
REC oseq=984 s0=0x3a len=216 crc=0 rssi=-90 pairid=59617 txtag=153 st=0x00 addr=462159986 end=462174131 air_us=884 gap_us=308
REC oseq=985 s0=0x3a len=216 crc=0 rssi=-90 pairid=59616 txtag=129 st=0x00 addr=462179075 end=462193220 air_us=884 gap_us=309
REC oseq=986 s0=0x25 len=35 crc=0 rssi=-92 pairid=55372 txtag=72 st=0x00 addr=465664530 end=465667091 air_us=160 gap_us=216956
REC oseq=987 s0=0x29 len=55 crc=0 rssi=-90 pairid=38992 txtag=80 st=0x00 addr=465699682 end=465703523 air_us=240 gap_us=2036
REC oseq=988 s0=0x29 len=55 crc=0 rssi=-91 pairid=38992 txtag=72 st=0x00 addr=465769220 end=465773061 air_us=240 gap_us=4106
REC oseq=989 s0=0x1a len=239 crc=0 rssi=-32 pairid=235 txtag=64 st=0x00 addr=466144526 end=466160143 air_us=976 gap_us=23216
REC oseq=990 s0=0x1e len=250 crc=1 rssi=-52 pairid=246 txtag=64 st=0x00 addr=466161373 end=466177694 air_us=1020 gap_us=76
REC oseq=991 s0=0x1a len=239 crc=1 rssi=-32 pairid=235 txtag=64 st=0x00 addr=466178910 end=466194527 air_us=976 gap_us=76
REC oseq=992 s0=0x12 len=250 crc=1 rssi=-52 pairid=246 txtag=64 st=0x00 addr=466195758 end=466212079 air_us=1020 gap_us=76
REC oseq=993 s0=0x16 len=251 crc=1 rssi=-32 pairid=247 txtag=64 st=0x00 addr=466213295 end=466229680 air_us=1024 gap_us=76
REC oseq=994 s0=0x1e len=250 crc=1 rssi=-52 pairid=246 txtag=64 st=0x00 addr=466230910 end=466247231 air_us=1020 gap_us=76
REC oseq=995 s0=0x1a len=239 crc=0 rssi=-32 pairid=235 txtag=64 st=0x00 addr=466248448 end=466264065 air_us=976 gap_us=76
REC oseq=996 s0=0x09 len=0 crc=1 rssi=-32 pairid=235 txtag=64 st=0x00 addr=467104522 end=467104843 air_us=20 gap_us=52528
REC oseq=997 s0=0x12 len=250 crc=1 rssi=-52 pairid=246 txtag=64 st=0x00 addr=467106070 end=467122391 air_us=1020 gap_us=76
REC oseq=998 s0=0x05 len=0 crc=1 rssi=-33 pairid=246 txtag=64 st=0x00 addr=467123610 end=467123931 air_us=20 gap_us=76
REC oseq=999 s0=0x1e len=250 crc=1 rssi=-52 pairid=246 txtag=64 st=0x00 addr=467125158 end=467141479 air_us=1020 gap_us=76
REC oseq=1000 s0=0x0a len=12 crc=1 rssi=-32 pairid=8 txtag=5 st=0x00 addr=467142699 end=467143788 air_us=68 gap_us=76
REC oseq=1001 s0=0x12 len=250 crc=1 rssi=-52 pairid=246 txtag=64 st=0x00 addr=467145014 end=467161335 air_us=1020 gap_us=76
REC oseq=1002 s0=0x05 len=0 crc=1 rssi=-33 pairid=246 txtag=64 st=0x00 addr=467162555 end=467162876 air_us=20 gap_us=76
REC oseq=1003 s0=0x1e len=250 crc=1 rssi=-52 pairid=246 txtag=64 st=0x00 addr=467164103 end=467180424 air_us=1020 gap_us=76
REC oseq=1004 s0=0x09 len=0 crc=1 rssi=-32 pairid=246 txtag=64 st=0x00 addr=467181643 end=467181964 air_us=20 gap_us=76
REC oseq=1005 s0=0x12 len=250 crc=1 rssi=-52 pairid=246 txtag=64 st=0x00 addr=467183191 end=467199512 air_us=1020 gap_us=76
REC oseq=1006 s0=0x05 len=0 crc=1 rssi=-33 pairid=246 txtag=64 st=0x00 addr=467200731 end=467201052 air_us=20 gap_us=76
REC oseq=1007 s0=0x1e len=250 crc=1 rssi=-52 pairid=246 txtag=64 st=0x00 addr=467202279 end=467218600 air_us=1020 gap_us=76
REC oseq=1008 s0=0x16 len=239 crc=0 rssi=-32 pairid=235 txtag=64 st=0x00 addr=467824520 end=467840137 air_us=976 gap_us=37870
REC oseq=1009 s0=0x12 len=250 crc=1 rssi=-52 pairid=246 txtag=64 st=0x00 addr=467841361 end=467857682 air_us=1020 gap_us=76
REC oseq=1010 s0=0x16 len=239 crc=1 rssi=-32 pairid=235 txtag=64 st=0x00 addr=467858904 end=467874521 air_us=976 gap_us=76
REC oseq=1011 s0=0x1e len=250 crc=1 rssi=-52 pairid=246 txtag=64 st=0x00 addr=467875745 end=467892066 air_us=1020 gap_us=76
REC oseq=1012 s0=0x1a len=251 crc=1 rssi=-32 pairid=247 txtag=64 st=0x00 addr=467893289 end=467909674 air_us=1024 gap_us=76
REC oseq=1013 s0=0x12 len=250 crc=1 rssi=-52 pairid=246 txtag=64 st=0x00 addr=467910897 end=467927218 air_us=1020 gap_us=76
REC oseq=1014 s0=0x16 len=239 crc=0 rssi=-32 pairid=235 txtag=64 st=0x00 addr=467928441 end=467944058 air_us=976 gap_us=76
REC oseq=1015 s0=0x86 len=173 crc=0 rssi=-92 pairid=58966 txtag=215 st=0x00 addr=469353905 end=469365298 air_us=712 gap_us=88115
REC oseq=1016 s0=0x36 len=216 crc=0 rssi=-91 pairid=58261 txtag=161 st=0x00 addr=469624511 end=469638656 air_us=884 gap_us=16200
REC oseq=1017 s0=0x3a len=216 crc=0 rssi=-90 pairid=26849 txtag=153 st=0x00 addr=469643600 end=469657745 air_us=884 gap_us=309
REC oseq=1018 s0=0x36 len=216 crc=0 rssi=-91 pairid=58261 txtag=153 st=0x00 addr=469700864 end=469715009 air_us=884 gap_us=2694
REC oseq=1019 s0=0x3a len=216 crc=0 rssi=-91 pairid=26848 txtag=248 st=0x00 addr=469719953 end=469734098 air_us=884 gap_us=309
REC oseq=1020 s0=0x35 len=212 crc=0 rssi=-91 pairid=39091 txtag=253 st=0x00 addr=469739041 end=469752930 air_us=868 gap_us=308
REC oseq=1021 s0=0x30 len=131 crc=0 rssi=-68 pairid=28803 txtag=24 st=0x00 addr=469783458 end=469792164 air_us=544 gap_us=1908
REC oseq=1022 s0=0x29 len=55 crc=0 rssi=-92 pairid=38992 txtag=72 st=0x00 addr=471544503 end=471548344 air_us=240 gap_us=109521
REC oseq=1023 s0=0x41 len=150 crc=0 rssi=-91 pairid=2092 txtag=115 st=0x00 addr=472221621 end=472231542 air_us=620 gap_us=42079
REC oseq=1024 s0=0x09 len=0 crc=1 rssi=-32 pairid=2092 txtag=115 st=0x00 addr=472384499 end=472384820 air_us=20 gap_us=9559
REC oseq=1025 s0=0x12 len=250 crc=1 rssi=-52 pairid=246 txtag=64 st=0x00 addr=472386048 end=472402369 air_us=1020 gap_us=76
REC oseq=1026 s0=0x05 len=0 crc=1 rssi=-33 pairid=246 txtag=64 st=0x00 addr=472403588 end=472403909 air_us=20 gap_us=76
REC oseq=1027 s0=0x1e len=250 crc=1 rssi=-52 pairid=246 txtag=64 st=0x00 addr=472405136 end=472421457 air_us=1020 gap_us=76
REC oseq=1028 s0=0x0a len=12 crc=1 rssi=-32 pairid=8 txtag=5 st=0x00 addr=472422676 end=472423765 air_us=68 gap_us=76
REC oseq=1029 s0=0x12 len=250 crc=1 rssi=-52 pairid=246 txtag=64 st=0x00 addr=472424993 end=472441314 air_us=1020 gap_us=76
REC oseq=1030 s0=0x05 len=0 crc=1 rssi=-33 pairid=246 txtag=64 st=0x00 addr=472442532 end=472442853 air_us=20 gap_us=76
REC oseq=1031 s0=0x1e len=250 crc=1 rssi=-52 pairid=246 txtag=64 st=0x00 addr=472444081 end=472460402 air_us=1020 gap_us=76
REC oseq=1032 s0=0x09 len=0 crc=1 rssi=-32 pairid=246 txtag=64 st=0x00 addr=472461620 end=472461941 air_us=20 gap_us=76
REC oseq=1033 s0=0x12 len=250 crc=1 rssi=-52 pairid=246 txtag=64 st=0x00 addr=472463169 end=472479490 air_us=1020 gap_us=76
REC oseq=1034 s0=0x05 len=0 crc=1 rssi=-33 pairid=246 txtag=64 st=0x00 addr=472480709 end=472481030 air_us=20 gap_us=76
REC oseq=1035 s0=0x1e len=250 crc=0 rssi=-52 pairid=246 txtag=64 st=0x00 addr=472482257 end=472498578 air_us=1020 gap_us=76
REC oseq=1036 s0=0x16 len=239 crc=0 rssi=-32 pairid=235 txtag=64 st=0x00 addr=473344494 end=473360111 air_us=976 gap_us=52869
REC oseq=1037 s0=0x12 len=250 crc=1 rssi=-52 pairid=246 txtag=64 st=0x00 addr=473361340 end=473377661 air_us=1020 gap_us=76
REC oseq=1038 s0=0x16 len=239 crc=1 rssi=-32 pairid=235 txtag=64 st=0x00 addr=473378878 end=473394495 air_us=976 gap_us=76
REC oseq=1039 s0=0x1a len=251 crc=1 rssi=-32 pairid=247 txtag=64 st=0x00 addr=473413262 end=473429647 air_us=1024 gap_us=1172
REC oseq=1040 s0=0x12 len=250 crc=1 rssi=-52 pairid=246 txtag=64 st=0x00 addr=473430876 end=473447197 air_us=1020 gap_us=76
REC oseq=1041 s0=0x16 len=239 crc=0 rssi=-32 pairid=235 txtag=64 st=0x00 addr=473448415 end=473464032 air_us=976 gap_us=76
REC oseq=1042 s0=0x29 len=35 crc=0 rssi=-92 pairid=55372 txtag=64 st=0x00 addr=478384471 end=478387032 air_us=160 gap_us=307527
REC oseq=1043 s0=0x25 len=55 crc=0 rssi=-92 pairid=38992 txtag=76 st=0x00 addr=478419608 end=478423449 air_us=240 gap_us=2036
REC oseq=1044 s0=0x29 len=35 crc=0 rssi=-91 pairid=38988 txtag=72 st=0x00 addr=478453975 end=478456536 air_us=160 gap_us=1907
REC oseq=1045 s0=0x25 len=55 crc=0 rssi=-93 pairid=38992 txtag=72 st=0x00 addr=478489112 end=478492953 air_us=240 gap_us=2036
REC oseq=1046 s0=0x1a len=251 crc=0 rssi=-32 pairid=247 txtag=64 st=0x00 addr=478624470 end=478640855 air_us=1024 gap_us=8219
REC oseq=1047 s0=0x12 len=250 crc=1 rssi=-52 pairid=246 txtag=64 st=0x00 addr=478642085 end=478658406 air_us=1020 gap_us=76
REC oseq=1048 s0=0x16 len=239 crc=1 rssi=-32 pairid=235 txtag=64 st=0x00 addr=478659623 end=478675240 air_us=976 gap_us=76
REC oseq=1049 s0=0x1e len=250 crc=1 rssi=-52 pairid=246 txtag=64 st=0x00 addr=478676469 end=478692790 air_us=1020 gap_us=76
REC oseq=1050 s0=0x1a len=251 crc=1 rssi=-32 pairid=247 txtag=64 st=0x00 addr=478694008 end=478710393 air_us=1024 gap_us=76
REC oseq=1051 s0=0x12 len=250 crc=1 rssi=-52 pairid=246 txtag=64 st=0x00 addr=478711622 end=478727943 air_us=1020 gap_us=76
REC oseq=1052 s0=0x16 len=239 crc=0 rssi=-32 pairid=235 txtag=64 st=0x00 addr=478729160 end=478744777 air_us=976 gap_us=76
REC oseq=1053 s0=0x95 len=193 crc=0 rssi=-92 pairid=52128 txtag=0 st=0x00 addr=479449157 end=479461830 air_us=792 gap_us=44023
REC oseq=1054 s0=0x25 len=35 crc=0 rssi=-92 pairid=55372 txtag=72 st=0x00 addr=481144458 end=481147019 air_us=160 gap_us=105164
REC oseq=1055 s0=0x29 len=55 crc=0 rssi=-92 pairid=38992 txtag=72 st=0x00 addr=481179611 end=481183452 air_us=240 gap_us=2037
REC oseq=1056 s0=0x25 len=35 crc=0 rssi=-92 pairid=38988 txtag=72 st=0x00 addr=481213995 end=481216556 air_us=160 gap_us=1908
REC oseq=1057 s0=0x82 len=173 crc=0 rssi=-92 pairid=25187 txtag=208 st=0x00 addr=482502628 end=482514021 air_us=712 gap_us=80379
REC oseq=1058 s0=0x13 len=121 crc=0 rssi=-93 pairid=23324 txtag=171 st=0x00 addr=486424434 end=486432499 air_us=504 gap_us=244400
REC oseq=1059 s0=0x99 len=85 crc=0 rssi=-92 pairid=2276 txtag=4 st=0x00 addr=487024432 end=487030193 air_us=360 gap_us=36995
REC oseq=1060 s0=0x86 len=45 crc=0 rssi=-92 pairid=50338 txtag=208 st=0x00 addr=488161692 end=488164893 air_us=200 gap_us=70718
REC oseq=1061 s0=0x96 len=239 crc=0 rssi=-91 pairid=52931 txtag=145 st=0x00 addr=488199872 end=488215490 air_us=976 gap_us=2186
REC oseq=1062 s0=0x29 len=35 crc=0 rssi=-91 pairid=38988 txtag=72 st=0x00 addr=489544421 end=489546982 air_us=160 gap_us=83058
REC oseq=1063 s0=0x25 len=55 crc=0 rssi=-92 pairid=38992 txtag=72 st=0x00 addr=489579573 end=489583414 air_us=240 gap_us=2036
REC oseq=1064 s0=0x29 len=35 crc=0 rssi=-92 pairid=38988 txtag=72 st=0x00 addr=489613958 end=489616519 air_us=160 gap_us=1909
REC oseq=1065 s0=0x99 len=144 crc=0 rssi=-92 pairid=892 txtag=0 st=0x00 addr=490933920 end=490943457 air_us=596 gap_us=82337
REC oseq=1066 s0=0x99 len=65 crc=0 rssi=-91 pairid=51552 txtag=0 st=0x00 addr=496264390 end=496268871 air_us=280 gap_us=332558
REC oseq=1067 s0=0x53 len=121 crc=0 rssi=-91 pairid=38044 txtag=163 st=0x00 addr=497379539 end=497387605 air_us=504 gap_us=69416
REC oseq=1068 s0=0x41 len=150 crc=0 rssi=-92 pairid=4908 txtag=114 st=0x00 addr=498102559 end=498112480 air_us=620 gap_us=44684
REC oseq=1069 s0=0x95 len=67 crc=0 rssi=-92 pairid=22950 txtag=64 st=0x00 addr=499813911 end=499818520 air_us=288 gap_us=106339
REC oseq=1070 s0=0x3a len=216 crc=0 rssi=-90 pairid=59616 txtag=153 st=0x00 addr=500104372 end=500118517 air_us=884 gap_us=17865
REC oseq=1071 s0=0x3a len=216 crc=0 rssi=-91 pairid=26849 txtag=161 st=0x00 addr=500142548 end=500156693 air_us=884 gap_us=1501
REC oseq=1072 s0=0x36 len=216 crc=0 rssi=-91 pairid=58261 txtag=161 st=0x00 addr=500161637 end=500175782 air_us=884 gap_us=309
REC oseq=1073 s0=0x36 len=216 crc=0 rssi=-91 pairid=58261 txtag=129 st=0x00 addr=500199813 end=500213958 air_us=884 gap_us=1501
REC oseq=1074 s0=0x25 len=35 crc=0 rssi=-92 pairid=38988 txtag=72 st=0x00 addr=501938749 end=501941310 air_us=160 gap_us=107799
REC oseq=1075 s0=0x29 len=55 crc=0 rssi=-91 pairid=38992 txtag=64 st=0x00 addr=501973901 end=501977742 air_us=240 gap_us=2036
REC oseq=1076 s0=0x25 len=35 crc=0 rssi=-92 pairid=38988 txtag=72 st=0x00 addr=502008286 end=502010847 air_us=160 gap_us=1909
REC oseq=1077 s0=0x41 len=22 crc=0 rssi=-90 pairid=2093 txtag=118 st=0x00 addr=502940713 end=502942442 air_us=108 gap_us=58116
REC oseq=1078 s0=0x23 len=87 crc=0 rssi=-92 pairid=6224 txtag=74 st=0x00 addr=504769044 end=504774933 air_us=368 gap_us=114162
REC oseq=1079 s0=0x4d len=102 crc=0 rssi=-91 pairid=5905 txtag=18 st=0x00 addr=505700702 end=505707551 air_us=428 gap_us=57860
REC oseq=1080 s0=0x29 len=49 crc=0 rssi=-91 pairid=38992 txtag=80 st=0x00 addr=506584342 end=506587799 air_us=216 gap_us=54799
REC oseq=1081 s0=0x29 len=55 crc=0 rssi=-92 pairid=55376 txtag=72 st=0x00 addr=506653879 end=506657720 air_us=240 gap_us=4130
REC oseq=1082 s0=0x25 len=35 crc=0 rssi=-91 pairid=55372 txtag=72 st=0x00 addr=506688264 end=506690825 air_us=160 gap_us=1909
REC oseq=1083 s0=0x95 len=66 crc=0 rssi=-92 pairid=2402 txtag=4 st=0x00 addr=508969023 end=508973568 air_us=284 gap_us=142387
REC oseq=1084 s0=0x16 len=239 crc=1 rssi=-32 pairid=235 txtag=64 st=0x00 addr=509464330 end=509479947 air_us=976 gap_us=30672
REC oseq=1085 s0=0x1e len=250 crc=1 rssi=-52 pairid=246 txtag=64 st=0x00 addr=509481164 end=509497485 air_us=1020 gap_us=76
REC oseq=1086 s0=0x1a len=251 crc=1 rssi=-32 pairid=247 txtag=64 st=0x00 addr=509498714 end=509515099 air_us=1024 gap_us=76
REC oseq=1087 s0=0x12 len=250 crc=1 rssi=-52 pairid=246 txtag=64 st=0x00 addr=509516316 end=509532637 air_us=1020 gap_us=76
REC oseq=1088 s0=0x16 len=239 crc=1 rssi=-32 pairid=235 txtag=64 st=0x00 addr=509533867 end=509549484 air_us=976 gap_us=76
REC oseq=1089 s0=0x1e len=250 crc=1 rssi=-52 pairid=246 txtag=64 st=0x00 addr=509550701 end=509567022 air_us=1020 gap_us=76
REC oseq=1090 s0=0x1a len=251 crc=0 rssi=-32 pairid=247 txtag=64 st=0x00 addr=509568251 end=509584636 air_us=1024 gap_us=76
REC oseq=1091 s0=0x25 len=55 crc=0 rssi=-93 pairid=38992 txtag=72 st=0x00 addr=509704329 end=509708170 air_us=240 gap_us=7480
REC oseq=1092 s0=0x29 len=35 crc=0 rssi=-91 pairid=38988 txtag=72 st=0x00 addr=509738713 end=509741274 air_us=160 gap_us=1908
REC oseq=1093 s0=0x25 len=55 crc=0 rssi=-92 pairid=38992 txtag=72 st=0x00 addr=509773867 end=509777708 air_us=240 gap_us=2037
REC oseq=1094 s0=0x3a len=216 crc=0 rssi=-90 pairid=59616 txtag=153 st=0x00 addr=510904324 end=510918469 air_us=884 gap_us=70413
REC oseq=1095 s0=0x36 len=216 crc=0 rssi=-90 pairid=25493 txtag=153 st=0x00 addr=510923411 end=510937556 air_us=884 gap_us=308
REC oseq=1096 s0=0x3a len=216 crc=0 rssi=-91 pairid=59616 txtag=225 st=0x00 addr=510942500 end=510956645 air_us=884 gap_us=309
REC oseq=1097 s0=0x36 len=216 crc=0 rssi=-91 pairid=25493 txtag=153 st=0x00 addr=510961588 end=510975733 air_us=884 gap_us=308
REC oseq=1098 s0=0x3a len=216 crc=0 rssi=-90 pairid=59616 txtag=129 st=0x00 addr=510980677 end=510994822 air_us=884 gap_us=309
REC oseq=1099 s0=0x36 len=216 crc=0 rssi=-91 pairid=58261 txtag=129 st=0x00 addr=510999765 end=511013910 air_us=884 gap_us=308
REC oseq=1100 s0=0x16 len=251 crc=1 rssi=-32 pairid=247 txtag=64 st=0x00 addr=512704315 end=512720700 air_us=1024 gap_us=105650
REC oseq=1101 s0=0x1e len=250 crc=1 rssi=-52 pairid=246 txtag=64 st=0x00 addr=512721925 end=512738246 air_us=1020 gap_us=76
REC oseq=1102 s0=0x1a len=239 crc=1 rssi=-32 pairid=235 txtag=64 st=0x00 addr=512739468 end=512755085 air_us=976 gap_us=76
REC oseq=1103 s0=0x12 len=250 crc=1 rssi=-52 pairid=246 txtag=64 st=0x00 addr=512756309 end=512772630 air_us=1020 gap_us=76
REC oseq=1104 s0=0x16 len=251 crc=1 rssi=-32 pairid=247 txtag=64 st=0x00 addr=512773852 end=512790237 air_us=1024 gap_us=76
REC oseq=1105 s0=0x1e len=250 crc=1 rssi=-52 pairid=246 txtag=64 st=0x00 addr=512791461 end=512807782 air_us=1020 gap_us=76
REC oseq=1106 s0=0x0a len=12 crc=1 rssi=-32 pairid=8 txtag=5 st=0x00 addr=512809005 end=512810094 air_us=68 gap_us=76
REC oseq=1107 s0=0x12 len=250 crc=0 rssi=-52 pairid=246 txtag=64 st=0x00 addr=512811317 end=512827638 air_us=1020 gap_us=76
REC oseq=1108 s0=0x16 len=239 crc=1 rssi=-32 pairid=235 txtag=64 st=0x00 addr=514024310 end=514039927 air_us=976 gap_us=74792
REC oseq=1109 s0=0x1e len=250 crc=1 rssi=-52 pairid=246 txtag=64 st=0x00 addr=514041149 end=514057470 air_us=1020 gap_us=76
REC oseq=1110 s0=0x1a len=251 crc=1 rssi=-32 pairid=247 txtag=64 st=0x00 addr=514058694 end=514075079 air_us=1024 gap_us=76
REC oseq=1111 s0=0x12 len=250 crc=1 rssi=-52 pairid=246 txtag=64 st=0x00 addr=514076301 end=514092622 air_us=1020 gap_us=76
REC oseq=1112 s0=0x16 len=239 crc=1 rssi=-32 pairid=235 txtag=64 st=0x00 addr=514093847 end=514109464 air_us=976 gap_us=76
REC oseq=1113 s0=0x1e len=250 crc=1 rssi=-52 pairid=246 txtag=64 st=0x00 addr=514110686 end=514127007 air_us=1020 gap_us=76
REC oseq=1114 s0=0x1a len=251 crc=0 rssi=-32 pairid=247 txtag=64 st=0x00 addr=514128232 end=514144617 air_us=1024 gap_us=76
REC oseq=1115 s0=0x16 len=239 crc=1 rssi=-32 pairid=235 txtag=64 st=0x00 addr=515224303 end=515239920 air_us=976 gap_us=67480
REC oseq=1116 s0=0x1e len=250 crc=1 rssi=-52 pairid=246 txtag=64 st=0x00 addr=515241140 end=515257461 air_us=1020 gap_us=76
REC oseq=1117 s0=0x1a len=251 crc=1 rssi=-32 pairid=247 txtag=64 st=0x00 addr=515258688 end=515275073 air_us=1024 gap_us=76
REC oseq=1118 s0=0x12 len=250 crc=1 rssi=-52 pairid=246 txtag=64 st=0x00 addr=515276292 end=515292613 air_us=1020 gap_us=76
REC oseq=1119 s0=0x16 len=239 crc=1 rssi=-32 pairid=235 txtag=64 st=0x00 addr=515293840 end=515309457 air_us=976 gap_us=76
REC oseq=1120 s0=0x1e len=250 crc=1 rssi=-52 pairid=246 txtag=64 st=0x00 addr=515310677 end=515326998 air_us=1020 gap_us=76
REC oseq=1121 s0=0x0a len=12 crc=1 rssi=-32 pairid=8 txtag=5 st=0x00 addr=515328225 end=515329314 air_us=68 gap_us=76
REC oseq=1122 s0=0x12 len=250 crc=0 rssi=-52 pairid=246 txtag=64 st=0x00 addr=515330533 end=515346854 air_us=1020 gap_us=76
REC oseq=1123 s0=0x95 len=85 crc=0 rssi=-92 pairid=14846 txtag=0 st=0x00 addr=517178680 end=517184441 air_us=360 gap_us=114489
REC oseq=1124 s0=0x9b len=66 crc=0 rssi=-91 pairid=49654 txtag=4 st=0x00 addr=517213833 end=517218378 air_us=284 gap_us=1837
REC oseq=1125 s0=0x5e len=56 crc=0 rssi=-92 pairid=64666 txtag=163 st=0x00 addr=519939434 end=519943339 air_us=244 gap_us=170066
REC oseq=1126 s0=0x7e len=106 crc=0 rssi=-89 pairid=40108 txtag=194 st=0x00 addr=521405399 end=521412505 air_us=444 gap_us=91378
REC oseq=1127 s0=0x25 len=35 crc=0 rssi=-93 pairid=38988 txtag=72 st=0x00 addr=521824274 end=521826835 air_us=160 gap_us=25735
REC oseq=1128 s0=0x29 len=55 crc=0 rssi=-91 pairid=38992 txtag=72 st=0x00 addr=521859426 end=521863267 air_us=240 gap_us=2036
REC oseq=1129 s0=0xa5 len=163 crc=0 rssi=-91 pairid=38988 txtag=72 st=0x00 addr=521893811 end=521904564 air_us=672 gap_us=1909
REC oseq=1130 s0=0x29 len=55 crc=0 rssi=-91 pairid=38992 txtag=72 st=0x00 addr=521928963 end=521932804 air_us=240 gap_us=1524
REC oseq=1131 s0=0xde len=85 crc=0 rssi=-92 pairid=14492 txtag=163 st=0x00 addr=527704248 end=527710009 air_us=360 gap_us=360715
REC oseq=1132 s0=0x5e len=109 crc=0 rssi=-93 pairid=40140 txtag=163 st=0x00 addr=532418611 end=532425908 air_us=456 gap_us=294287
REC oseq=1133 s0=0xd6 len=31 crc=0 rssi=-93 pairid=64332 txtag=163 st=0x00 addr=532488147 end=532490452 air_us=144 gap_us=3889
REC oseq=1134 s0=0x16 len=251 crc=1 rssi=-32 pairid=247 txtag=64 st=0x00 addr=532504226 end=532520611 air_us=1024 gap_us=860
REC oseq=1135 s0=0x1e len=250 crc=1 rssi=-52 pairid=246 txtag=64 st=0x00 addr=532521833 end=532538154 air_us=1020 gap_us=76
REC oseq=1136 s0=0x1a len=239 crc=1 rssi=-32 pairid=235 txtag=64 st=0x00 addr=532539378 end=532554995 air_us=976 gap_us=76
REC oseq=1137 s0=0x12 len=250 crc=1 rssi=-52 pairid=246 txtag=64 st=0x00 addr=532556218 end=532572539 air_us=1020 gap_us=76
REC oseq=1138 s0=0x16 len=251 crc=1 rssi=-32 pairid=247 txtag=64 st=0x00 addr=532573763 end=532590148 air_us=1024 gap_us=76
REC oseq=1139 s0=0x1e len=250 crc=1 rssi=-52 pairid=246 txtag=64 st=0x00 addr=532591370 end=532607691 air_us=1020 gap_us=76
REC oseq=1140 s0=0x1a len=239 crc=0 rssi=-32 pairid=235 txtag=64 st=0x00 addr=532608915 end=532624532 air_us=976 gap_us=76
REC oseq=1141 s0=0x25 len=55 crc=0 rssi=-92 pairid=38992 txtag=72 st=0x00 addr=534032845 end=534036686 air_us=240 gap_us=88019
REC oseq=1142 s0=0x49 len=35 crc=0 rssi=-92 pairid=38989 txtag=72 st=0x00 addr=534664218 end=534666780 air_us=160 gap_us=39220
REC oseq=1143 s0=0x25 len=55 crc=0 rssi=-92 pairid=38992 txtag=72 st=0x00 addr=534699368 end=534703209 air_us=240 gap_us=2036
REC oseq=1144 s0=0x29 len=35 crc=0 rssi=-91 pairid=38988 txtag=80 st=0x00 addr=534733752 end=534736313 air_us=160 gap_us=1908
REC oseq=1145 s0=0x39 len=212 crc=0 rssi=-91 pairid=39091 txtag=13 st=0x00 addr=535624211 end=535638100 air_us=868 gap_us=55493
REC oseq=1146 s0=0x3a len=216 crc=0 rssi=-91 pairid=59616 txtag=129 st=0x00 addr=535663125 end=535677270 air_us=884 gap_us=1564
REC oseq=1147 s0=0x36 len=216 crc=0 rssi=-91 pairid=58261 txtag=185 st=0x00 addr=535682195 end=535696340 air_us=884 gap_us=307
REC oseq=1148 s0=0x16 len=251 crc=0 rssi=-32 pairid=247 txtag=64 st=0x00 addr=538144199 end=538160584 air_us=1024 gap_us=152991
REC oseq=1149 s0=0x12 len=250 crc=1 rssi=-52 pairid=246 txtag=64 st=0x00 addr=538161810 end=538178131 air_us=1020 gap_us=76
REC oseq=1150 s0=0x16 len=251 crc=1 rssi=-32 pairid=247 txtag=64 st=0x00 addr=538179351 end=538195736 air_us=1024 gap_us=76
REC oseq=1151 s0=0x1e len=250 crc=1 rssi=-52 pairid=246 txtag=64 st=0x00 addr=538196963 end=538213284 air_us=1020 gap_us=76
REC oseq=1152 s0=0x0a len=12 crc=1 rssi=-32 pairid=8 txtag=5 st=0x00 addr=538214504 end=538215593 air_us=68 gap_us=76
REC oseq=1153 s0=0x12 len=250 crc=1 rssi=-52 pairid=246 txtag=64 st=0x00 addr=538216819 end=538233140 air_us=1020 gap_us=76
REC oseq=1154 s0=0x05 len=0 crc=1 rssi=-33 pairid=246 txtag=64 st=0x00 addr=538234360 end=538234681 air_us=20 gap_us=76
REC oseq=1155 s0=0x1e len=250 crc=1 rssi=-52 pairid=246 txtag=64 st=0x00 addr=538235907 end=538252228 air_us=1020 gap_us=76
REC oseq=1156 s0=0x09 len=0 crc=1 rssi=-32 pairid=246 txtag=64 st=0x00 addr=538253448 end=538253769 air_us=20 gap_us=76
REC oseq=1157 s0=0x12 len=250 crc=0 rssi=-52 pairid=246 txtag=64 st=0x00 addr=538254995 end=538271316 air_us=1020 gap_us=76
REC oseq=1158 s0=0x25 len=163 crc=0 rssi=-92 pairid=55372 txtag=72 st=0x00 addr=542944178 end=542954931 air_us=672 gap_us=292053
REC oseq=1159 s0=0x29 len=55 crc=0 rssi=-91 pairid=38992 txtag=72 st=0x00 addr=542979331 end=542983172 air_us=240 gap_us=1525
REC oseq=1160 s0=0x25 len=163 crc=0 rssi=-91 pairid=38988 txtag=72 st=0x00 addr=543013715 end=543024468 air_us=672 gap_us=1908
REC oseq=1161 s0=0x29 len=55 crc=0 rssi=-91 pairid=38992 txtag=72 st=0x00 addr=543048867 end=543052708 air_us=240 gap_us=1524
REC oseq=1162 s0=0x09 len=0 crc=1 rssi=-32 pairid=38992 txtag=72 st=0x00 addr=544024173 end=544024494 air_us=20 gap_us=60716
REC oseq=1163 s0=0x12 len=250 crc=1 rssi=-52 pairid=246 txtag=64 st=0x00 addr=544025720 end=544042041 air_us=1020 gap_us=76
REC oseq=1164 s0=0x06 len=12 crc=1 rssi=-32 pairid=8 txtag=5 st=0x00 addr=544043261 end=544044350 air_us=68 gap_us=76
REC oseq=1165 s0=0x1e len=250 crc=1 rssi=-52 pairid=246 txtag=64 st=0x00 addr=544045576 end=544061897 air_us=1020 gap_us=76
REC oseq=1166 s0=0x09 len=0 crc=1 rssi=-32 pairid=246 txtag=64 st=0x00 addr=544063117 end=544063438 air_us=20 gap_us=76
REC oseq=1167 s0=0x12 len=250 crc=1 rssi=-52 pairid=246 txtag=64 st=0x00 addr=544064664 end=544080985 air_us=1020 gap_us=76
REC oseq=1168 s0=0x05 len=0 crc=1 rssi=-33 pairid=246 txtag=64 st=0x00 addr=544082205 end=544082526 air_us=20 gap_us=76
REC oseq=1169 s0=0x1e len=250 crc=1 rssi=-52 pairid=246 txtag=64 st=0x00 addr=544083752 end=544100073 air_us=1020 gap_us=76
REC oseq=1170 s0=0x09 len=0 crc=1 rssi=-32 pairid=246 txtag=64 st=0x00 addr=544101294 end=544101615 air_us=20 gap_us=76
REC oseq=1171 s0=0x12 len=250 crc=1 rssi=-52 pairid=246 txtag=64 st=0x00 addr=544102841 end=544119162 air_us=1020 gap_us=76
REC oseq=1172 s0=0x05 len=0 crc=1 rssi=-33 pairid=246 txtag=64 st=0x00 addr=544120382 end=544120703 air_us=20 gap_us=76
REC oseq=1173 s0=0x1e len=250 crc=1 rssi=-52 pairid=246 txtag=64 st=0x00 addr=544121929 end=544138250 air_us=1020 gap_us=76
REC oseq=1174 s0=0x3a len=216 crc=0 rssi=-90 pairid=59616 txtag=129 st=0x00 addr=546424162 end=546438307 air_us=884 gap_us=142869
REC oseq=1175 s0=0x3e len=216 crc=0 rssi=-91 pairid=58261 txtag=153 st=0x00 addr=546481426 end=546495571 air_us=884 gap_us=2694
REC oseq=1176 s0=0xb6 len=216 crc=0 rssi=-91 pairid=58261 txtag=153 st=0x00 addr=546520372 end=546534517 air_us=884 gap_us=1550
REC oseq=1177 s0=0x09 len=0 crc=1 rssi=-32 pairid=58261 txtag=153 st=0x00 addr=546544161 end=546544482 air_us=20 gap_us=602
REC oseq=1178 s0=0x12 len=250 crc=0 rssi=-52 pairid=246 txtag=64 st=0x00 addr=546545703 end=546562024 air_us=1020 gap_us=76
REC oseq=1179 s0=0x09 len=0 crc=1 rssi=-32 pairid=246 txtag=64 st=0x00 addr=546563249 end=546563570 air_us=20 gap_us=76
REC oseq=1180 s0=0x12 len=250 crc=1 rssi=-52 pairid=246 txtag=64 st=0x00 addr=546564792 end=546581113 air_us=1020 gap_us=76
REC oseq=1181 s0=0x05 len=0 crc=1 rssi=-33 pairid=246 txtag=64 st=0x00 addr=546582338 end=546582659 air_us=20 gap_us=76
REC oseq=1182 s0=0x1e len=250 crc=1 rssi=-52 pairid=246 txtag=64 st=0x00 addr=546583880 end=546600201 air_us=1020 gap_us=76
REC oseq=1183 s0=0x09 len=0 crc=1 rssi=-32 pairid=246 txtag=64 st=0x00 addr=546601426 end=546601747 air_us=20 gap_us=76
REC oseq=1184 s0=0x12 len=250 crc=1 rssi=-52 pairid=246 txtag=64 st=0x00 addr=546602968 end=546619289 air_us=1020 gap_us=76
REC oseq=1185 s0=0x05 len=0 crc=1 rssi=-33 pairid=246 txtag=64 st=0x00 addr=546620514 end=546620835 air_us=20 gap_us=76
REC oseq=1186 s0=0x1e len=250 crc=1 rssi=-52 pairid=246 txtag=64 st=0x00 addr=546622056 end=546638377 air_us=1020 gap_us=76
REC oseq=1187 s0=0x09 len=0 crc=1 rssi=-32 pairid=246 txtag=64 st=0x00 addr=546639602 end=546639923 air_us=20 gap_us=76
REC oseq=1188 s0=0x12 len=250 crc=1 rssi=-52 pairid=246 txtag=64 st=0x00 addr=546641144 end=546657465 air_us=1020 gap_us=76
REC oseq=1189 s0=0x05 len=0 crc=0 rssi=-33 pairid=246 txtag=64 st=0x00 addr=546658691 end=546659012 air_us=20 gap_us=76
REC oseq=1190 s0=0x16 len=251 crc=0 rssi=-32 pairid=247 txtag=64 st=0x00 addr=548224153 end=548240538 air_us=1024 gap_us=97821
REC oseq=1191 s0=0x12 len=250 crc=1 rssi=-53 pairid=246 txtag=64 st=0x00 addr=548241755 end=548258076 air_us=1020 gap_us=76
REC oseq=1192 s0=0x16 len=251 crc=1 rssi=-32 pairid=247 txtag=64 st=0x00 addr=548259305 end=548275690 air_us=1024 gap_us=76
REC oseq=1193 s0=0x1e len=250 crc=1 rssi=-52 pairid=246 txtag=64 st=0x00 addr=548276908 end=548293229 air_us=1020 gap_us=76
REC oseq=1194 s0=0x1a len=239 crc=1 rssi=-32 pairid=235 txtag=64 st=0x00 addr=548294458 end=548310075 air_us=976 gap_us=76
REC oseq=1195 s0=0x12 len=250 crc=1 rssi=-52 pairid=246 txtag=64 st=0x00 addr=548311292 end=548327613 air_us=1020 gap_us=76
REC oseq=1196 s0=0x16 len=251 crc=0 rssi=-32 pairid=247 txtag=64 st=0x00 addr=548328842 end=548345227 air_us=1024 gap_us=76
REC oseq=1197 s0=0x09 len=0 crc=1 rssi=-32 pairid=247 txtag=64 st=0x00 addr=548704152 end=548704473 air_us=20 gap_us=22432
REC oseq=1198 s0=0x12 len=250 crc=1 rssi=-52 pairid=246 txtag=64 st=0x00 addr=548705688 end=548722009 air_us=1020 gap_us=75
REC oseq=1199 s0=0x05 len=0 crc=1 rssi=-32 pairid=246 txtag=64 st=0x00 addr=548723224 end=548723545 air_us=20 gap_us=75
REC oseq=1200 s0=0x1e len=250 crc=1 rssi=-52 pairid=246 txtag=64 st=0x00 addr=548724760 end=548741081 air_us=1020 gap_us=75
REC oseq=1201 s0=0x09 len=0 crc=1 rssi=-32 pairid=246 txtag=64 st=0x00 addr=548742296 end=548742617 air_us=20 gap_us=75
REC oseq=1202 s0=0x12 len=250 crc=1 rssi=-53 pairid=246 txtag=64 st=0x00 addr=548743848 end=548760169 air_us=1020 gap_us=76
REC oseq=1203 s0=0x05 len=0 crc=1 rssi=-33 pairid=246 txtag=64 st=0x00 addr=548761384 end=548761705 air_us=20 gap_us=75
REC oseq=1204 s0=0x1e len=250 crc=1 rssi=-52 pairid=246 txtag=64 st=0x00 addr=548762936 end=548779257 air_us=1020 gap_us=76
REC oseq=1205 s0=0x09 len=0 crc=1 rssi=-32 pairid=246 txtag=64 st=0x00 addr=548780473 end=548780794 air_us=20 gap_us=76
REC oseq=1206 s0=0x12 len=250 crc=1 rssi=-52 pairid=246 txtag=64 st=0x00 addr=548782024 end=548798345 air_us=1020 gap_us=76
REC oseq=1207 s0=0x05 len=0 crc=1 rssi=-33 pairid=246 txtag=64 st=0x00 addr=548799561 end=548799882 air_us=20 gap_us=76
REC oseq=1208 s0=0x1e len=250 crc=1 rssi=-52 pairid=246 txtag=64 st=0x00 addr=548801113 end=548817434 air_us=1020 gap_us=76
REC oseq=1209 s0=0x09 len=0 crc=0 rssi=-32 pairid=246 txtag=64 st=0x00 addr=548818649 end=548818970 air_us=20 gap_us=75
REC oseq=1210 s0=0xd7 len=120 crc=0 rssi=-91 pairid=31644 txtag=163 st=0x00 addr=552168825 end=552176826 air_us=500 gap_us=209365
REC oseq=1211 s0=0x4d len=150 crc=0 rssi=-91 pairid=3929 txtag=114 st=0x00 addr=553921392 end=553931313 air_us=620 gap_us=109035
REC oseq=1212 s0=0x41 len=150 crc=0 rssi=-91 pairid=59436 txtag=115 st=0x00 addr=553940481 end=553950402 air_us=620 gap_us=573
REC oseq=1213 s0=0x2a len=216 crc=0 rssi=-90 pairid=62380 txtag=129 st=0x00 addr=564544080 end=564558225 air_us=884 gap_us=662104
REC oseq=1214 s0=0x29 len=55 crc=0 rssi=-93 pairid=38992 txtag=72 st=0x00 addr=564563168 end=564567009 air_us=240 gap_us=308
REC oseq=1215 s0=0x26 len=55 crc=0 rssi=-91 pairid=38992 txtag=72 st=0x00 addr=564632705 end=564636546 air_us=240 gap_us=4106
REC oseq=1216 s0=0x4d len=150 crc=0 rssi=-90 pairid=42705 txtag=119 st=0x00 addr=566320282 end=566330203 air_us=620 gap_us=105233
REC oseq=1217 s0=0x1a len=239 crc=1 rssi=-32 pairid=235 txtag=64 st=0x00 addr=573544038 end=573559655 air_us=976 gap_us=450864
REC oseq=1218 s0=0x12 len=250 crc=1 rssi=-52 pairid=246 txtag=64 st=0x00 addr=573560872 end=573577193 air_us=1020 gap_us=76
REC oseq=1219 s0=0x16 len=251 crc=1 rssi=-32 pairid=247 txtag=64 st=0x00 addr=573578423 end=573594808 air_us=1024 gap_us=76
REC oseq=1220 s0=0x1e len=250 crc=1 rssi=-52 pairid=246 txtag=64 st=0x00 addr=573596024 end=573612345 air_us=1020 gap_us=76
REC oseq=1221 s0=0x1a len=239 crc=1 rssi=-32 pairid=235 txtag=64 st=0x00 addr=573613575 end=573629192 air_us=976 gap_us=76
REC oseq=1222 s0=0x12 len=250 crc=1 rssi=-52 pairid=246 txtag=64 st=0x00 addr=573630408 end=573646729 air_us=1020 gap_us=76
REC oseq=1223 s0=0x16 len=251 crc=0 rssi=-32 pairid=247 txtag=64 st=0x00 addr=573647960 end=573664345 air_us=1024 gap_us=76
REC oseq=1224 s0=0x1a len=251 crc=1 rssi=-32 pairid=247 txtag=64 st=0x00 addr=575824028 end=575840413 air_us=1024 gap_us=134980
REC oseq=1225 s0=0x12 len=250 crc=1 rssi=-52 pairid=246 txtag=64 st=0x00 addr=575841640 end=575857961 air_us=1020 gap_us=76
REC oseq=1226 s0=0x16 len=239 crc=1 rssi=-32 pairid=235 txtag=64 st=0x00 addr=575859180 end=575874797 air_us=976 gap_us=76
REC oseq=1227 s0=0x1e len=250 crc=1 rssi=-52 pairid=246 txtag=64 st=0x00 addr=575876025 end=575892346 air_us=1020 gap_us=76
REC oseq=1228 s0=0x1a len=251 crc=1 rssi=-32 pairid=247 txtag=64 st=0x00 addr=575893565 end=575909950 air_us=1024 gap_us=76
REC oseq=1229 s0=0x12 len=250 crc=1 rssi=-52 pairid=246 txtag=64 st=0x00 addr=575911177 end=575927498 air_us=1020 gap_us=76
REC oseq=1230 s0=0x16 len=239 crc=0 rssi=-32 pairid=235 txtag=64 st=0x00 addr=575928717 end=575944334 air_us=976 gap_us=76
REC oseq=1231 s0=0x29 len=35 crc=0 rssi=-93 pairid=55372 txtag=72 st=0x00 addr=576424026 end=576426587 air_us=160 gap_us=29980
REC oseq=1232 s0=0x25 len=247 crc=0 rssi=-92 pairid=38992 txtag=72 st=0x00 addr=576459177 end=576475306 air_us=1008 gap_us=2036
REC oseq=1233 s0=0x36 len=216 crc=0 rssi=-91 pairid=25493 txtag=153 st=0x00 addr=576513419 end=576527564 air_us=884 gap_us=2382
REC oseq=1234 s0=0x3a len=216 crc=0 rssi=-91 pairid=26848 txtag=152 st=0x00 addr=576532507 end=576546652 air_us=884 gap_us=308
REC oseq=1235 s0=0x16 len=251 crc=1 rssi=-32 pairid=247 txtag=64 st=0x00 addr=577384022 end=577400407 air_us=1024 gap_us=52335
REC oseq=1236 s0=0x1e len=250 crc=1 rssi=-52 pairid=246 txtag=64 st=0x00 addr=577401629 end=577417950 air_us=1020 gap_us=76
REC oseq=1237 s0=0x1a len=239 crc=1 rssi=-32 pairid=235 txtag=64 st=0x00 addr=577419175 end=577434792 air_us=976 gap_us=76
REC oseq=1238 s0=0x12 len=250 crc=1 rssi=-53 pairid=246 txtag=64 st=0x00 addr=577436014 end=577452335 air_us=1020 gap_us=76
REC oseq=1239 s0=0x16 len=251 crc=1 rssi=-32 pairid=247 txtag=64 st=0x00 addr=577453559 end=577469944 air_us=1024 gap_us=76
REC oseq=1240 s0=0x1e len=250 crc=1 rssi=-52 pairid=246 txtag=64 st=0x00 addr=577471166 end=577487487 air_us=1020 gap_us=76
REC oseq=1241 s0=0x1a len=239 crc=0 rssi=-32 pairid=235 txtag=64 st=0x00 addr=577488712 end=577504329 air_us=976 gap_us=76
REC oseq=1242 s0=0x1a len=251 crc=1 rssi=-32 pairid=247 txtag=64 st=0x00 addr=581464003 end=581480388 air_us=1024 gap_us=247479
REC oseq=1243 s0=0x12 len=250 crc=1 rssi=-53 pairid=246 txtag=64 st=0x00 addr=581481617 end=581497938 air_us=1020 gap_us=76
REC oseq=1244 s0=0x16 len=239 crc=1 rssi=-32 pairid=235 txtag=64 st=0x00 addr=581499155 end=581514772 air_us=976 gap_us=76
REC oseq=1245 s0=0x1e len=250 crc=1 rssi=-52 pairid=246 txtag=64 st=0x00 addr=581516002 end=581532323 air_us=1020 gap_us=76
REC oseq=1246 s0=0x1a len=251 crc=1 rssi=-32 pairid=247 txtag=64 st=0x00 addr=581533540 end=581549925 air_us=1024 gap_us=76
REC oseq=1247 s0=0x12 len=250 crc=1 rssi=-52 pairid=246 txtag=64 st=0x00 addr=581551154 end=581567475 air_us=1020 gap_us=76
REC oseq=1248 s0=0x16 len=239 crc=0 rssi=-32 pairid=235 txtag=64 st=0x00 addr=581568692 end=581584309 air_us=976 gap_us=76
REC oseq=1249 s0=0x29 len=35 crc=0 rssi=-90 pairid=38988 txtag=72 st=0x00 addr=585423984 end=585426545 air_us=160 gap_us=239979
REC oseq=1250 s0=0x29 len=35 crc=0 rssi=-91 pairid=38988 txtag=72 st=0x00 addr=585459136 end=585461697 air_us=160 gap_us=2036
REC oseq=1251 s0=0x25 len=55 crc=0 rssi=-91 pairid=38992 txtag=72 st=0x00 addr=585494289 end=585498130 air_us=240 gap_us=2037
REC oseq=1252 s0=0x29 len=35 crc=0 rssi=-91 pairid=38988 txtag=72 st=0x00 addr=585528674 end=585531235 air_us=160 gap_us=1909
REC oseq=1253 s0=0x25 len=55 crc=0 rssi=-93 pairid=38992 txtag=72 st=0x00 addr=586213517 end=586217358 air_us=240 gap_us=42642
REC oseq=1254 s0=0x29 len=163 crc=0 rssi=-92 pairid=55373 txtag=72 st=0x00 addr=586247903 end=586258656 air_us=672 gap_us=1909
REC oseq=1255 s0=0x09 len=0 crc=1 rssi=-32 pairid=55373 txtag=72 st=0x00 addr=587103977 end=587104298 air_us=20 gap_us=52832
REC oseq=1256 s0=0x12 len=250 crc=1 rssi=-52 pairid=246 txtag=64 st=0x00 addr=587105528 end=587121849 air_us=1020 gap_us=76
REC oseq=1257 s0=0x05 len=0 crc=1 rssi=-33 pairid=246 txtag=64 st=0x00 addr=587123065 end=587123386 air_us=20 gap_us=76
REC oseq=1258 s0=0x1e len=250 crc=0 rssi=-52 pairid=246 txtag=64 st=0x00 addr=587124616 end=587140937 air_us=1020 gap_us=76
REC oseq=1259 s0=0x09 len=0 crc=1 rssi=-32 pairid=246 txtag=64 st=0x00 addr=587142153 end=587142474 air_us=20 gap_us=76
REC oseq=1260 s0=0x12 len=250 crc=1 rssi=-52 pairid=246 txtag=64 st=0x00 addr=587143704 end=587160025 air_us=1020 gap_us=76
REC oseq=1261 s0=0x05 len=0 crc=1 rssi=-33 pairid=246 txtag=64 st=0x00 addr=587161241 end=587161562 air_us=20 gap_us=76
REC oseq=1262 s0=0x1e len=250 crc=1 rssi=-52 pairid=246 txtag=64 st=0x00 addr=587162792 end=587179113 air_us=1020 gap_us=76
REC oseq=1263 s0=0x09 len=0 crc=1 rssi=-32 pairid=246 txtag=64 st=0x00 addr=587180330 end=587180651 air_us=20 gap_us=76
REC oseq=1264 s0=0x12 len=250 crc=1 rssi=-52 pairid=246 txtag=64 st=0x00 addr=587181881 end=587198202 air_us=1020 gap_us=76
REC oseq=1265 s0=0x05 len=0 crc=1 rssi=-33 pairid=246 txtag=64 st=0x00 addr=587199418 end=587199739 air_us=20 gap_us=76
REC oseq=1266 s0=0x1e len=250 crc=1 rssi=-52 pairid=246 txtag=64 st=0x00 addr=587200969 end=587217290 air_us=1020 gap_us=76
REC oseq=1267 s0=0x09 len=0 crc=0 rssi=-32 pairid=246 txtag=64 st=0x00 addr=587218506 end=587218827 air_us=20 gap_us=76
REC oseq=1268 s0=0x36 len=216 crc=0 rssi=-91 pairid=25493 txtag=128 st=0x00 addr=587483063 end=587497208 air_us=884 gap_us=16514
REC oseq=1269 s0=0xe5 len=35 crc=0 rssi=-92 pairid=38988 txtag=72 st=0x00 addr=587506008 end=587508569 air_us=160 gap_us=550
REC oseq=1270 s0=0x2f len=55 crc=0 rssi=-92 pairid=38992 txtag=72 st=0x00 addr=587541160 end=587545001 air_us=240 gap_us=2036
REC oseq=1271 s0=0x25 len=163 crc=0 rssi=-91 pairid=55372 txtag=72 st=0x00 addr=587575544 end=587586297 air_us=672 gap_us=1908
REC oseq=1272 s0=0x0a len=12 crc=1 rssi=-32 pairid=8 txtag=5 st=0x00 addr=589143967 end=589145056 air_us=68 gap_us=97354
REC oseq=1273 s0=0x12 len=250 crc=1 rssi=-52 pairid=246 txtag=64 st=0x00 addr=589146283 end=589162604 air_us=1020 gap_us=76
REC oseq=1274 s0=0x05 len=0 crc=1 rssi=-33 pairid=246 txtag=64 st=0x00 addr=589163824 end=589164145 air_us=20 gap_us=76
REC oseq=1275 s0=0x1e len=250 crc=1 rssi=-53 pairid=246 txtag=64 st=0x00 addr=589165371 end=589181692 air_us=1020 gap_us=76
REC oseq=1276 s0=0x09 len=0 crc=1 rssi=-32 pairid=246 txtag=64 st=0x00 addr=589182912 end=589183233 air_us=20 gap_us=76
REC oseq=1277 s0=0x12 len=250 crc=1 rssi=-52 pairid=246 txtag=64 st=0x00 addr=589184459 end=589200780 air_us=1020 gap_us=76
REC oseq=1278 s0=0x05 len=0 crc=1 rssi=-33 pairid=246 txtag=64 st=0x00 addr=589202000 end=589202321 air_us=20 gap_us=76
REC oseq=1279 s0=0x1e len=250 crc=1 rssi=-52 pairid=246 txtag=64 st=0x00 addr=589203548 end=589219869 air_us=1020 gap_us=76
REC oseq=1280 s0=0x09 len=0 crc=1 rssi=-32 pairid=246 txtag=64 st=0x00 addr=589221089 end=589221410 air_us=20 gap_us=76
REC oseq=1281 s0=0x12 len=250 crc=1 rssi=-52 pairid=246 txtag=64 st=0x00 addr=589222636 end=589238957 air_us=1020 gap_us=76
REC oseq=1282 s0=0x05 len=0 crc=1 rssi=-33 pairid=246 txtag=64 st=0x00 addr=589240177 end=589240498 air_us=20 gap_us=76
REC oseq=1283 s0=0x1e len=250 crc=1 rssi=-52 pairid=246 txtag=64 st=0x00 addr=589241724 end=589258045 air_us=1020 gap_us=76
REC oseq=1284 s0=0x4d len=150 crc=0 rssi=-91 pairid=34585 txtag=119 st=0x00 addr=589599408 end=589609329 air_us=620 gap_us=21335
REC oseq=1285 s0=0x1a len=251 crc=1 rssi=-32 pairid=247 txtag=64 st=0x00 addr=590943961 end=590960346 air_us=1024 gap_us=83414
REC oseq=1286 s0=0x12 len=250 crc=1 rssi=-52 pairid=246 txtag=64 st=0x00 addr=590961566 end=590977887 air_us=1020 gap_us=76
REC oseq=1287 s0=0x16 len=239 crc=1 rssi=-32 pairid=235 txtag=64 st=0x00 addr=590979113 end=590994730 air_us=976 gap_us=76
REC oseq=1288 s0=0x1e len=250 crc=1 rssi=-52 pairid=246 txtag=64 st=0x00 addr=590995950 end=591012271 air_us=1020 gap_us=76
REC oseq=1289 s0=0x1a len=251 crc=1 rssi=-32 pairid=247 txtag=64 st=0x00 addr=591013498 end=591029883 air_us=1024 gap_us=76
REC oseq=1290 s0=0x12 len=250 crc=1 rssi=-52 pairid=246 txtag=64 st=0x00 addr=591031103 end=591047424 air_us=1020 gap_us=76
REC oseq=1291 s0=0x16 len=239 crc=0 rssi=-32 pairid=235 txtag=64 st=0x00 addr=591048650 end=591064267 air_us=976 gap_us=76
REC oseq=1292 s0=0x29 len=55 crc=0 rssi=-92 pairid=38992 txtag=80 st=0x00 addr=591133497 end=591137338 air_us=240 gap_us=4326
REC oseq=1293 s0=0x29 len=19 crc=0 rssi=-91 pairid=38988 txtag=72 st=0x00 addr=591167881 end=591169418 air_us=96 gap_us=1908
REC oseq=1294 s0=0x25 len=183 crc=0 rssi=-91 pairid=38992 txtag=72 st=0x00 addr=591288648 end=591300681 air_us=752 gap_us=7451
REC oseq=1295 s0=0x16 len=239 crc=1 rssi=-32 pairid=235 txtag=64 st=0x00 addr=591303958 end=591319575 air_us=976 gap_us=204
REC oseq=1296 s0=0x1e len=250 crc=1 rssi=-52 pairid=246 txtag=64 st=0x00 addr=591320795 end=591337116 air_us=1020 gap_us=76
REC oseq=1297 s0=0x1a len=251 crc=1 rssi=-32 pairid=247 txtag=64 st=0x00 addr=591338342 end=591354727 air_us=1024 gap_us=76
REC oseq=1298 s0=0x12 len=250 crc=1 rssi=-52 pairid=246 txtag=64 st=0x00 addr=591355948 end=591372269 air_us=1020 gap_us=76
REC oseq=1299 s0=0x16 len=239 crc=1 rssi=-32 pairid=235 txtag=64 st=0x00 addr=591373495 end=591389112 air_us=976 gap_us=76
REC oseq=1300 s0=0x1e len=250 crc=1 rssi=-52 pairid=246 txtag=64 st=0x00 addr=591390332 end=591406653 air_us=1020 gap_us=76
REC oseq=1301 s0=0x1a len=251 crc=0 rssi=-32 pairid=247 txtag=64 st=0x00 addr=591407879 end=591424264 air_us=1024 gap_us=76
REC oseq=1302 s0=0x09 len=0 crc=1 rssi=-32 pairid=247 txtag=64 st=0x00 addr=594423943 end=594424264 air_us=20 gap_us=187479
REC oseq=1303 s0=0x12 len=250 crc=1 rssi=-52 pairid=246 txtag=64 st=0x00 addr=594425492 end=594441813 air_us=1020 gap_us=76
REC oseq=1304 s0=0x05 len=0 crc=1 rssi=-33 pairid=246 txtag=64 st=0x00 addr=594443032 end=594443353 air_us=20 gap_us=76
REC oseq=1305 s0=0x1e len=250 crc=1 rssi=-52 pairid=246 txtag=64 st=0x00 addr=594444581 end=594460902 air_us=1020 gap_us=76
REC oseq=1306 s0=0x09 len=0 crc=1 rssi=-32 pairid=246 txtag=64 st=0x00 addr=594462120 end=594462441 air_us=20 gap_us=76
REC oseq=1307 s0=0x12 len=250 crc=1 rssi=-52 pairid=246 txtag=64 st=0x00 addr=594463669 end=594479990 air_us=1020 gap_us=76
REC oseq=1308 s0=0x05 len=0 crc=1 rssi=-33 pairid=246 txtag=64 st=0x00 addr=594481208 end=594481529 air_us=20 gap_us=76
REC oseq=1309 s0=0x1e len=250 crc=1 rssi=-52 pairid=246 txtag=64 st=0x00 addr=594482757 end=594499078 air_us=1020 gap_us=76
REC oseq=1310 s0=0x09 len=0 crc=1 rssi=-32 pairid=246 txtag=64 st=0x00 addr=594500297 end=594500618 air_us=20 gap_us=76
REC oseq=1311 s0=0x12 len=250 crc=1 rssi=-52 pairid=246 txtag=64 st=0x00 addr=594501845 end=594518166 air_us=1020 gap_us=76
REC oseq=1312 s0=0x05 len=0 crc=1 rssi=-33 pairid=246 txtag=64 st=0x00 addr=594519384 end=594519705 air_us=20 gap_us=76
REC oseq=1313 s0=0x1e len=250 crc=1 rssi=-52 pairid=246 txtag=64 st=0x00 addr=594520933 end=594537254 air_us=1020 gap_us=76
REC oseq=1314 s0=0x09 len=0 crc=0 rssi=-32 pairid=246 txtag=64 st=0x00 addr=594538473 end=594538794 air_us=20 gap_us=76
REC oseq=1315 s0=0x36 len=216 crc=0 rssi=-91 pairid=58260 txtag=153 st=0x00 addr=594563031 end=594577176 air_us=884 gap_us=1514
REC oseq=1316 s0=0x3a len=216 crc=0 rssi=-91 pairid=26848 txtag=152 st=0x00 addr=594582119 end=594596264 air_us=884 gap_us=308
REC oseq=1317 s0=0x3a len=216 crc=0 rssi=-90 pairid=59616 txtag=153 st=0x00 addr=594620296 end=594634441 air_us=884 gap_us=1502
REC oseq=1318 s0=0x36 len=217 crc=0 rssi=-91 pairid=25493 txtag=152 st=0x00 addr=594639386 end=594653595 air_us=888 gap_us=309
REC oseq=1319 s0=0xba len=217 crc=0 rssi=-90 pairid=59617 txtag=4 st=0x00 addr=594658473 end=594672682 air_us=888 gap_us=304
REC oseq=1320 s0=0x52 len=238 crc=0 rssi=-91 pairid=30843 txtag=179 st=0x00 addr=595418324 end=595433877 air_us=972 gap_us=46602
REC oseq=1321 s0=0x0a len=12 crc=1 rssi=-32 pairid=8 txtag=5 st=0x00 addr=596823933 end=596825022 air_us=68 gap_us=86878
REC oseq=1322 s0=0x12 len=250 crc=1 rssi=-52 pairid=246 txtag=64 st=0x00 addr=596826245 end=596842566 air_us=1020 gap_us=76
REC oseq=1323 s0=0x05 len=0 crc=1 rssi=-33 pairid=246 txtag=64 st=0x00 addr=596843789 end=596844110 air_us=20 gap_us=76
REC oseq=1324 s0=0x1e len=250 crc=1 rssi=-52 pairid=246 txtag=64 st=0x00 addr=596845333 end=596861654 air_us=1020 gap_us=76
REC oseq=1325 s0=0x09 len=0 crc=1 rssi=-32 pairid=246 txtag=64 st=0x00 addr=596862878 end=596863199 air_us=20 gap_us=76
REC oseq=1326 s0=0x12 len=250 crc=1 rssi=-52 pairid=246 txtag=64 st=0x00 addr=596864421 end=596880742 air_us=1020 gap_us=76
REC oseq=1327 s0=0x05 len=0 crc=1 rssi=-33 pairid=246 txtag=64 st=0x00 addr=596881966 end=596882287 air_us=20 gap_us=76
REC oseq=1328 s0=0x1e len=250 crc=1 rssi=-52 pairid=246 txtag=64 st=0x00 addr=596883510 end=596899831 air_us=1020 gap_us=76
REC oseq=1329 s0=0x09 len=0 crc=1 rssi=-32 pairid=246 txtag=64 st=0x00 addr=596901054 end=596901375 air_us=20 gap_us=76
REC oseq=1330 s0=0x12 len=250 crc=1 rssi=-52 pairid=246 txtag=64 st=0x00 addr=596902598 end=596918919 air_us=1020 gap_us=76
REC oseq=1331 s0=0x05 len=0 crc=1 rssi=-33 pairid=246 txtag=64 st=0x00 addr=596920142 end=596920463 air_us=20 gap_us=76
REC oseq=1332 s0=0x1e len=250 crc=1 rssi=-52 pairid=246 txtag=64 st=0x00 addr=596921686 end=596938007 air_us=1020 gap_us=76
REC oseq=1333 s0=0x25 len=55 crc=0 rssi=-92 pairid=38992 txtag=72 st=0x00 addr=606183890 end=606187731 air_us=240 gap_us=577867
REC oseq=1334 s0=0x29 len=35 crc=0 rssi=-92 pairid=38988 txtag=72 st=0x00 addr=606218274 end=606220835 air_us=160 gap_us=1908
REC oseq=1335 s0=0x29 len=35 crc=0 rssi=-91 pairid=38988 txtag=76 st=0x00 addr=606287811 end=606290372 air_us=160 gap_us=4186
REC oseq=1336 s0=0x36 len=216 crc=0 rssi=-90 pairid=58261 txtag=129 st=0x00 addr=607023887 end=607038032 air_us=884 gap_us=45844
REC oseq=1337 s0=0x36 len=216 crc=0 rssi=-90 pairid=58261 txtag=153 st=0x00 addr=607042976 end=607057121 air_us=884 gap_us=309
REC oseq=1338 s0=0x3a len=216 crc=0 rssi=-90 pairid=26848 txtag=130 st=0x00 addr=607062065 end=607076210 air_us=884 gap_us=309
REC oseq=1339 s0=0x36 len=216 crc=0 rssi=-91 pairid=58261 txtag=129 st=0x00 addr=607081152 end=607095297 air_us=884 gap_us=308
REC oseq=1340 s0=0x3a len=216 crc=0 rssi=-91 pairid=26849 txtag=153 st=0x00 addr=607100240 end=607114385 air_us=884 gap_us=308
REC oseq=1341 s0=0x3a len=216 crc=0 rssi=-90 pairid=26848 txtag=78 st=0x00 addr=607138416 end=607152561 air_us=884 gap_us=1501
REC oseq=1342 s0=0x09 len=0 crc=1 rssi=-32 pairid=26848 txtag=78 st=0x00 addr=614463852 end=614464173 air_us=20 gap_us=456955
REC oseq=1343 s0=0x12 len=250 crc=1 rssi=-52 pairid=246 txtag=64 st=0x00 addr=614465400 end=614481721 air_us=1020 gap_us=76
REC oseq=1344 s0=0x05 len=0 crc=1 rssi=-33 pairid=246 txtag=64 st=0x00 addr=614482940 end=614483261 air_us=20 gap_us=76
REC oseq=1345 s0=0x1e len=250 crc=1 rssi=-52 pairid=246 txtag=64 st=0x00 addr=614484488 end=614500809 air_us=1020 gap_us=76
REC oseq=1346 s0=0x09 len=0 crc=1 rssi=-32 pairid=246 txtag=64 st=0x00 addr=614502029 end=614502350 air_us=20 gap_us=76
REC oseq=1347 s0=0x12 len=250 crc=1 rssi=-52 pairid=246 txtag=64 st=0x00 addr=614503576 end=614519897 air_us=1020 gap_us=76
REC oseq=1348 s0=0x05 len=0 crc=1 rssi=-33 pairid=246 txtag=64 st=0x00 addr=614521117 end=614521438 air_us=20 gap_us=76
REC oseq=1349 s0=0x1e len=250 crc=1 rssi=-52 pairid=246 txtag=64 st=0x00 addr=614522665 end=614538986 air_us=1020 gap_us=76
REC oseq=1350 s0=0x09 len=0 crc=1 rssi=-32 pairid=246 txtag=64 st=0x00 addr=614540205 end=614540526 air_us=20 gap_us=76
REC oseq=1351 s0=0x12 len=250 crc=1 rssi=-52 pairid=246 txtag=64 st=0x00 addr=614541753 end=614558074 air_us=1020 gap_us=76
REC oseq=1352 s0=0x05 len=0 crc=1 rssi=-33 pairid=246 txtag=64 st=0x00 addr=614559293 end=614559614 air_us=20 gap_us=76
REC oseq=1353 s0=0x1e len=250 crc=1 rssi=-52 pairid=246 txtag=64 st=0x00 addr=614560841 end=614577162 air_us=1020 gap_us=76
REC oseq=1354 s0=0x09 len=0 crc=0 rssi=-32 pairid=246 txtag=64 st=0x00 addr=614578381 end=614578702 air_us=20 gap_us=76
REC oseq=1355 s0=0x29 len=35 crc=0 rssi=-91 pairid=55372 txtag=72 st=0x00 addr=616383844 end=616386405 air_us=160 gap_us=112821
REC oseq=1356 s0=0x25 len=55 crc=0 rssi=-92 pairid=38992 txtag=72 st=0x00 addr=616418996 end=616422837 air_us=240 gap_us=2036
REC oseq=1357 s0=0x29 len=35 crc=0 rssi=-91 pairid=38988 txtag=72 st=0x00 addr=616453382 end=616455943 air_us=160 gap_us=1909
REC oseq=1358 s0=0x25 len=55 crc=0 rssi=-92 pairid=38992 txtag=72 st=0x00 addr=616488533 end=616492374 air_us=240 gap_us=2036
REC oseq=1359 s0=0x16 len=251 crc=0 rssi=-32 pairid=247 txtag=64 st=0x00 addr=618303834 end=618320219 air_us=1024 gap_us=113216
REC oseq=1360 s0=0x1e len=250 crc=1 rssi=-52 pairid=246 txtag=64 st=0x00 addr=618321436 end=618337757 air_us=1020 gap_us=76
REC oseq=1361 s0=0x1a len=239 crc=1 rssi=-32 pairid=235 txtag=64 st=0x00 addr=618338987 end=618354604 air_us=976 gap_us=76
REC oseq=1362 s0=0x12 len=250 crc=1 rssi=-52 pairid=246 txtag=64 st=0x00 addr=618355821 end=618372142 air_us=1020 gap_us=76
REC oseq=1363 s0=0x16 len=251 crc=1 rssi=-32 pairid=247 txtag=64 st=0x00 addr=618373371 end=618389756 air_us=1024 gap_us=76
REC oseq=1364 s0=0x1e len=250 crc=1 rssi=-52 pairid=246 txtag=64 st=0x00 addr=618390973 end=618407294 air_us=1020 gap_us=76
REC oseq=1365 s0=0x1a len=239 crc=0 rssi=-32 pairid=235 txtag=64 st=0x00 addr=618408524 end=618424141 air_us=976 gap_us=76
REC oseq=1366 s0=0x8a len=237 crc=0 rssi=-90 pairid=63937 txtag=16 st=0x00 addr=619541974 end=619557463 air_us=968 gap_us=69864
REC oseq=1367 s0=0x25 len=35 crc=0 rssi=-91 pairid=38988 txtag=72 st=0x00 addr=623103813 end=623106374 air_us=160 gap_us=221646
REC oseq=1368 s0=0x29 len=55 crc=0 rssi=-91 pairid=38992 txtag=80 st=0x00 addr=623138965 end=623142806 air_us=240 gap_us=2036
REC oseq=1369 s0=0x25 len=35 crc=0 rssi=-92 pairid=38988 txtag=72 st=0x00 addr=623173350 end=623175911 air_us=160 gap_us=1909
REC oseq=1370 s0=0x29 len=55 crc=0 rssi=-91 pairid=38992 txtag=72 st=0x00 addr=623208503 end=623212344 air_us=240 gap_us=2037
REC oseq=1371 s0=0x86 len=189 crc=0 rssi=-92 pairid=13061 txtag=209 st=0x00 addr=625042893 end=625055310 air_us=776 gap_us=114409
REC oseq=1372 s0=0xba len=53 crc=0 rssi=-92 pairid=65014 txtag=209 st=0x00 addr=625061981 end=625065694 air_us=232 gap_us=416
REC oseq=1373 s0=0x3a len=216 crc=0 rssi=-89 pairid=59616 txtag=153 st=0x00 addr=627063795 end=627077940 air_us=884 gap_us=124881
REC oseq=1374 s0=0x3a len=216 crc=0 rssi=-90 pairid=26848 txtag=145 st=0x00 addr=627101971 end=627116116 air_us=884 gap_us=1501
REC oseq=1375 s0=0xf2 len=248 crc=0 rssi=-92 pairid=36956 txtag=35 st=0x00 addr=628178943 end=628195136 air_us=1012 gap_us=66426
REC oseq=1376 s0=0x29 len=55 crc=0 rssi=-90 pairid=38992 txtag=72 st=0x00 addr=628623788 end=628627629 air_us=240 gap_us=26790
REC oseq=1377 s0=0x25 len=35 crc=0 rssi=-92 pairid=38988 txtag=72 st=0x00 addr=628658172 end=628660733 air_us=160 gap_us=1908
REC oseq=1378 s0=0x29 len=183 crc=0 rssi=-91 pairid=55376 txtag=72 st=0x00 addr=628693325 end=628705358 air_us=752 gap_us=2037
REC oseq=1379 s0=0x25 len=35 crc=0 rssi=-92 pairid=38988 txtag=72 st=0x00 addr=628727709 end=628730270 air_us=160 gap_us=1396
REC oseq=1380 s0=0x3a len=216 crc=0 rssi=-91 pairid=26848 txtag=153 st=0x00 addr=629703783 end=629717928 air_us=884 gap_us=60844
REC oseq=1381 s0=0x36 len=216 crc=0 rssi=-90 pairid=25493 txtag=129 st=0x00 addr=629722871 end=629737016 air_us=884 gap_us=308
REC oseq=1382 s0=0x3a len=216 crc=0 rssi=-90 pairid=26848 txtag=128 st=0x00 addr=629741959 end=629756104 air_us=884 gap_us=308
REC oseq=1383 s0=0x36 len=218 crc=0 rssi=-90 pairid=25493 txtag=129 st=0x00 addr=629761047 end=629775320 air_us=892 gap_us=308
REC oseq=1384 s0=0x36 len=216 crc=0 rssi=-91 pairid=25493 txtag=160 st=0x00 addr=629799224 end=629813369 air_us=884 gap_us=1494
REC oseq=1385 s0=0x3a len=216 crc=0 rssi=-90 pairid=59616 txtag=121 st=0x00 addr=629818312 end=629832457 air_us=884 gap_us=308
REC oseq=1386 s0=0x3a len=216 crc=0 rssi=-90 pairid=59616 txtag=129 st=0x00 addr=630063782 end=630077927 air_us=884 gap_us=14457
REC oseq=1387 s0=0x3a len=216 crc=0 rssi=-90 pairid=26848 txtag=153 st=0x00 addr=630082870 end=630097015 air_us=884 gap_us=308
REC oseq=1388 s0=0x36 len=216 crc=0 rssi=-91 pairid=25493 txtag=153 st=0x00 addr=630101958 end=630116103 air_us=884 gap_us=308
REC oseq=1389 s0=0x3a len=218 crc=0 rssi=-89 pairid=26848 txtag=129 st=0x00 addr=630121046 end=630135319 air_us=892 gap_us=308
REC oseq=1390 s0=0x36 len=216 crc=0 rssi=-92 pairid=58261 txtag=129 st=0x00 addr=630140135 end=630154280 air_us=884 gap_us=301
REC oseq=1391 s0=0x3a len=216 crc=0 rssi=-91 pairid=26848 txtag=130 st=0x00 addr=630159223 end=630173368 air_us=884 gap_us=308
REC oseq=1392 s0=0x36 len=216 crc=0 rssi=-91 pairid=58261 txtag=150 st=0x00 addr=630178311 end=630192456 air_us=884 gap_us=308
REC oseq=1393 s0=0x16 len=239 crc=1 rssi=-32 pairid=235 txtag=64 st=0x00 addr=631143776 end=631159393 air_us=976 gap_us=59457
REC oseq=1394 s0=0x1e len=250 crc=1 rssi=-52 pairid=246 txtag=64 st=0x00 addr=631160610 end=631176931 air_us=1020 gap_us=76
REC oseq=1395 s0=0x1a len=251 crc=1 rssi=-32 pairid=247 txtag=64 st=0x00 addr=631178161 end=631194546 air_us=1024 gap_us=76
REC oseq=1396 s0=0x12 len=250 crc=1 rssi=-52 pairid=246 txtag=64 st=0x00 addr=631195762 end=631212083 air_us=1020 gap_us=76
REC oseq=1397 s0=0x16 len=239 crc=1 rssi=-32 pairid=235 txtag=64 st=0x00 addr=631213313 end=631228930 air_us=976 gap_us=76
REC oseq=1398 s0=0x1e len=250 crc=1 rssi=-52 pairid=246 txtag=64 st=0x00 addr=631230146 end=631246467 air_us=1020 gap_us=76
REC oseq=1399 s0=0x1a len=251 crc=0 rssi=-32 pairid=247 txtag=64 st=0x00 addr=631247698 end=631264083 air_us=1024 gap_us=76
Q2-DONE
