*** Booting Zephyr OS build v4.4.2-16-gfee9fbc62095 ***

== PCA10040 raw-RADIO observer (Q0) ==
FICR PART=0x00052832 VARIANT=0x41414731
timer=16MHz(62.5ns) ring=2048
HFXO started
CONFIG-READY Q2
CONFIG-ECHO aa=0x122d1d08 crc=0x1dce7b ch=10 phy=2M
mode=Q2 phy=2M AA=0x122d1d08 crcinit=0x1dce7b ch=10 whiten=1 cap=30000ms
ARMED Q2 ch10
CAPTURE-START Q2 ch10 cap=30000ms tick=152812329
CAPTURE-END Q2 tick=632893398
FROZEN: records=1494 ring_full_drops=0 max_isr_ticks=59 (3687 ns)
LOSS: addr_irq=1494 end_irq=1494 records=1494 ring_full_drops=0 addr_minus_end=0 end_minus_recorded=0 reversal=0 stale_addr=0
crc_ok=813/1494 (qualitative: ambient traffic, NOT a coherence gate)
REC oseq=0 s0=0x9d len=65 crc=0 rssi=-90 pairid=390 txtag=0 st=0x00 addr=153083148 end=153087629 air_us=280 gap_us=0
REC oseq=1 s0=0x3e len=216 crc=0 rssi=-90 pairid=502 txtag=228 st=0x00 addr=153951269 end=153965414 air_us=884 gap_us=53977
REC oseq=2 s0=0x3e len=216 crc=0 rssi=-90 pairid=503 txtag=245 st=0x00 addr=154040165 end=154054310 air_us=884 gap_us=4671
REC oseq=3 s0=0x91 len=65 crc=0 rssi=-91 pairid=35144 txtag=0 st=0x00 addr=155723134 end=155727615 air_us=280 gap_us=104301
REC oseq=4 s0=0x82 len=169 crc=0 rssi=-89 pairid=56594 txtag=69 st=0x00 addr=156112026 end=156123163 air_us=696 gap_us=24025
REC oseq=5 s0=0x82 len=141 crc=0 rssi=-91 pairid=51112 txtag=181 st=0x00 addr=158991247 end=159000592 air_us=584 gap_us=179255
REC oseq=6 s0=0x88 len=161 crc=0 rssi=-90 pairid=18631 txtag=172 st=0x00 addr=159057921 end=159068546 air_us=664 gap_us=3583
REC oseq=7 s0=0x1e len=251 crc=1 rssi=-31 pairid=247 txtag=64 st=0x00 addr=160769013 end=160785398 air_us=1024 gap_us=106279
REC oseq=8 s0=0x1a len=250 crc=1 rssi=-51 pairid=246 txtag=64 st=0x00 addr=160788191 end=160804512 air_us=1020 gap_us=174
REC oseq=9 s0=0x12 len=239 crc=1 rssi=-31 pairid=235 txtag=64 st=0x00 addr=160807301 end=160822918 air_us=976 gap_us=174
REC oseq=10 s0=0x16 len=250 crc=1 rssi=-52 pairid=246 txtag=64 st=0x00 addr=160825711 end=160842032 air_us=1020 gap_us=174
REC oseq=11 s0=0x1e len=251 crc=1 rssi=-31 pairid=247 txtag=64 st=0x00 addr=160844822 end=160861207 air_us=1024 gap_us=174
REC oseq=12 s0=0x1a len=250 crc=1 rssi=-51 pairid=246 txtag=64 st=0x00 addr=160864000 end=160880321 air_us=1020 gap_us=174
REC oseq=13 s0=0x12 len=239 crc=0 rssi=-32 pairid=235 txtag=64 st=0x00 addr=160883110 end=160898727 air_us=976 gap_us=174
REC oseq=14 s0=0x11 len=55 crc=0 rssi=-91 pairid=38992 txtag=72 st=0x00 addr=161129011 end=161132852 air_us=240 gap_us=14392
REC oseq=15 s0=0x2d len=35 crc=0 rssi=-90 pairid=38988 txtag=72 st=0x00 addr=161166531 end=161169092 air_us=160 gap_us=2104
REC oseq=16 s0=0x21 len=55 crc=0 rssi=-91 pairid=55376 txtag=80 st=0x00 addr=161204819 end=161208660 air_us=240 gap_us=2232
REC oseq=17 s0=0x0e len=12 crc=1 rssi=-31 pairid=8 txtag=5 st=0x00 addr=161489011 end=161490100 air_us=68 gap_us=17521
REC oseq=18 s0=0x1a len=250 crc=1 rssi=-51 pairid=246 txtag=64 st=0x00 addr=161492890 end=161509211 air_us=1020 gap_us=174
REC oseq=19 s0=0x01 len=0 crc=1 rssi=-32 pairid=246 txtag=64 st=0x00 addr=161512003 end=161512324 air_us=20 gap_us=174
REC oseq=20 s0=0x16 len=250 crc=1 rssi=-52 pairid=246 txtag=64 st=0x00 addr=161515114 end=161531435 air_us=1020 gap_us=174
REC oseq=21 s0=0x0d len=0 crc=1 rssi=-32 pairid=246 txtag=64 st=0x00 addr=161534227 end=161534548 air_us=20 gap_us=174
REC oseq=22 s0=0x1a len=250 crc=1 rssi=-51 pairid=246 txtag=64 st=0x00 addr=161537338 end=161553659 air_us=1020 gap_us=174
REC oseq=23 s0=0x01 len=0 crc=1 rssi=-32 pairid=246 txtag=64 st=0x00 addr=161556451 end=161556772 air_us=20 gap_us=174
REC oseq=24 s0=0x16 len=250 crc=1 rssi=-52 pairid=246 txtag=64 st=0x00 addr=161559562 end=161575883 air_us=1020 gap_us=174
REC oseq=25 s0=0x0d len=0 crc=1 rssi=-32 pairid=246 txtag=64 st=0x00 addr=161578676 end=161578997 air_us=20 gap_us=174
REC oseq=26 s0=0x1a len=250 crc=1 rssi=-51 pairid=246 txtag=64 st=0x00 addr=161581786 end=161598107 air_us=1020 gap_us=174
REC oseq=27 s0=0x01 len=0 crc=1 rssi=-32 pairid=246 txtag=64 st=0x00 addr=161600900 end=161601221 air_us=20 gap_us=174
REC oseq=28 s0=0x8e len=163 crc=0 rssi=-90 pairid=8166 txtag=181 st=0x00 addr=162013456 end=162024209 air_us=672 gap_us=25764
REC oseq=29 s0=0x8e len=191 crc=0 rssi=-90 pairid=53446 txtag=229 st=0x00 addr=162057905 end=162070450 air_us=784 gap_us=2106
REC oseq=30 s0=0x0d len=0 crc=1 rssi=-32 pairid=53446 txtag=229 st=0x00 addr=162209006 end=162209327 air_us=20 gap_us=8659
REC oseq=31 s0=0x1a len=250 crc=1 rssi=-51 pairid=246 txtag=64 st=0x00 addr=162212117 end=162228438 air_us=1020 gap_us=174
REC oseq=32 s0=0x01 len=0 crc=1 rssi=-32 pairid=246 txtag=64 st=0x00 addr=162231231 end=162231552 air_us=20 gap_us=174
REC oseq=33 s0=0x16 len=250 crc=1 rssi=-52 pairid=246 txtag=64 st=0x00 addr=162234341 end=162250662 air_us=1020 gap_us=174
REC oseq=34 s0=0x0d len=0 crc=1 rssi=-32 pairid=246 txtag=64 st=0x00 addr=162253455 end=162253776 air_us=20 gap_us=174
REC oseq=35 s0=0x1a len=250 crc=1 rssi=-51 pairid=246 txtag=64 st=0x00 addr=162256565 end=162272886 air_us=1020 gap_us=174
REC oseq=36 s0=0x01 len=0 crc=1 rssi=-32 pairid=246 txtag=64 st=0x00 addr=162275679 end=162276000 air_us=20 gap_us=174
REC oseq=37 s0=0x16 len=250 crc=1 rssi=-52 pairid=246 txtag=64 st=0x00 addr=162278789 end=162295110 air_us=1020 gap_us=174
REC oseq=38 s0=0x0d len=0 crc=1 rssi=-32 pairid=246 txtag=64 st=0x00 addr=162297904 end=162298225 air_us=20 gap_us=174
REC oseq=39 s0=0x1a len=250 crc=1 rssi=-51 pairid=246 txtag=64 st=0x00 addr=162301013 end=162317334 air_us=1020 gap_us=174
REC oseq=40 s0=0x01 len=0 crc=1 rssi=-32 pairid=246 txtag=64 st=0x00 addr=162320128 end=162320449 air_us=20 gap_us=174
REC oseq=41 s0=0x16 len=250 crc=0 rssi=-52 pairid=246 txtag=64 st=0x00 addr=162323237 end=162339558 air_us=1020 gap_us=174
REC oseq=42 s0=0x91 len=214 crc=0 rssi=-90 pairid=36108 txtag=0 st=0x00 addr=164129000 end=164143017 air_us=876 gap_us=111840
REC oseq=43 s0=0xaa len=173 crc=0 rssi=-91 pairid=34226 txtag=213 st=0x00 addr=164190263 end=164201656 air_us=712 gap_us=2952
REC oseq=44 s0=0x01 len=0 crc=1 rssi=-32 pairid=34226 txtag=213 st=0x00 addr=164728994 end=164729315 air_us=20 gap_us=32958
REC oseq=45 s0=0x16 len=250 crc=1 rssi=-53 pairid=246 txtag=64 st=0x00 addr=164732098 end=164748419 air_us=1020 gap_us=173
REC oseq=46 s0=0x0d len=0 crc=1 rssi=-34 pairid=246 txtag=64 st=0x00 addr=164751202 end=164751523 air_us=20 gap_us=173
REC oseq=47 s0=0x1a len=250 crc=1 rssi=-52 pairid=246 txtag=64 st=0x00 addr=164754306 end=164770627 air_us=1020 gap_us=173
REC oseq=48 s0=0x01 len=0 crc=1 rssi=-32 pairid=246 txtag=64 st=0x00 addr=164773410 end=164773731 air_us=20 gap_us=173
REC oseq=49 s0=0x16 len=250 crc=1 rssi=-52 pairid=246 txtag=64 st=0x00 addr=164776514 end=164792835 air_us=1020 gap_us=173
REC oseq=50 s0=0x0d len=0 crc=1 rssi=-32 pairid=246 txtag=64 st=0x00 addr=164795619 end=164795940 air_us=20 gap_us=174
REC oseq=51 s0=0x1a len=250 crc=1 rssi=-51 pairid=246 txtag=64 st=0x00 addr=164798738 end=164815059 air_us=1020 gap_us=174
REC oseq=52 s0=0x01 len=0 crc=1 rssi=-32 pairid=246 txtag=64 st=0x00 addr=164817843 end=164818164 air_us=20 gap_us=174
REC oseq=53 s0=0x16 len=250 crc=1 rssi=-52 pairid=246 txtag=64 st=0x00 addr=164820963 end=164837284 air_us=1020 gap_us=174
REC oseq=54 s0=0x0d len=0 crc=1 rssi=-32 pairid=246 txtag=64 st=0x00 addr=164840068 end=164840389 air_us=20 gap_us=174
REC oseq=55 s0=0x1a len=250 crc=0 rssi=-52 pairid=246 txtag=64 st=0x00 addr=164843187 end=164859508 air_us=1020 gap_us=174
REC oseq=56 s0=0x32 len=216 crc=0 rssi=-90 pairid=35458 txtag=205 st=0x00 addr=169648974 end=169663119 air_us=884 gap_us=299341
REC oseq=57 s0=0x32 len=216 crc=0 rssi=-90 pairid=2691 txtag=229 st=0x00 addr=169671183 end=169685328 air_us=884 gap_us=504
REC oseq=58 s0=0x3e len=216 crc=0 rssi=-90 pairid=33270 txtag=253 st=0x00 addr=169693390 end=169707535 air_us=884 gap_us=503
REC oseq=59 s0=0x32 len=216 crc=0 rssi=-90 pairid=2691 txtag=229 st=0x00 addr=169715601 end=169729746 air_us=884 gap_us=504
REC oseq=60 s0=0x3e len=216 crc=0 rssi=-90 pairid=503 txtag=125 st=0x00 addr=169737823 end=169751968 air_us=884 gap_us=504
REC oseq=61 s0=0x32 len=216 crc=0 rssi=-90 pairid=2691 txtag=253 st=0x00 addr=169760032 end=169774177 air_us=884 gap_us=504
REC oseq=62 s0=0x92 len=173 crc=0 rssi=-91 pairid=64434 txtag=109 st=0x00 addr=170293420 end=170304813 air_us=712 gap_us=32452
REC oseq=63 s0=0x2e len=35 crc=0 rssi=-91 pairid=38988 txtag=72 st=0x00 addr=171568963 end=171571524 air_us=160 gap_us=79009
REC oseq=64 s0=0x2d len=35 crc=0 rssi=-90 pairid=38988 txtag=72 st=0x00 addr=171607252 end=171609813 air_us=160 gap_us=2233
REC oseq=65 s0=0x21 len=55 crc=0 rssi=-91 pairid=38992 txtag=72 st=0x00 addr=171645541 end=171649382 air_us=240 gap_us=2233
REC oseq=66 s0=0x2d len=63 crc=0 rssi=-90 pairid=38992 txtag=72 st=0x00 addr=174127244 end=174131598 air_us=272 gap_us=154866
REC oseq=67 s0=0x82 len=173 crc=0 rssi=-92 pairid=39859 txtag=53 st=0x00 addr=178671159 end=178682552 air_us=712 gap_us=283722
REC oseq=68 s0=0x9d len=65 crc=0 rssi=-91 pairid=20981 txtag=0 st=0x00 addr=178738664 end=178743145 air_us=280 gap_us=3507
REC oseq=69 s0=0x2d len=55 crc=0 rssi=-90 pairid=38992 txtag=72 st=0x00 addr=178768932 end=178772773 air_us=240 gap_us=1611
REC oseq=70 s0=0x2d len=55 crc=0 rssi=-91 pairid=38992 txtag=72 st=0x00 addr=178844739 end=178848580 air_us=240 gap_us=4497
REC oseq=71 s0=0x21 len=35 crc=0 rssi=-91 pairid=38988 txtag=72 st=0x00 addr=178888931 end=178891492 air_us=160 gap_us=2521
REC oseq=72 s0=0x2d len=55 crc=0 rssi=-90 pairid=38992 txtag=72 st=0x00 addr=178927220 end=178931061 air_us=240 gap_us=2233
REC oseq=73 s0=0x21 len=35 crc=0 rssi=-91 pairid=38988 txtag=72 st=0x00 addr=178964741 end=178967302 air_us=160 gap_us=2105
REC oseq=74 s0=0xe2 len=158 crc=0 rssi=-68 pairid=62536 txtag=149 st=0x00 addr=180203026 end=180213460 air_us=652 gap_us=77232
REC oseq=75 s0=0x01 len=0 crc=1 rssi=-32 pairid=62536 txtag=149 st=0x00 addr=180928922 end=180929243 air_us=20 gap_us=44716
REC oseq=76 s0=0x16 len=250 crc=1 rssi=-52 pairid=246 txtag=64 st=0x00 addr=180932032 end=180948353 air_us=1020 gap_us=174
REC oseq=77 s0=0x0d len=0 crc=1 rssi=-32 pairid=246 txtag=64 st=0x00 addr=180951146 end=180951467 air_us=20 gap_us=174
REC oseq=78 s0=0x1a len=250 crc=1 rssi=-51 pairid=246 txtag=64 st=0x00 addr=180954256 end=180970577 air_us=1020 gap_us=174
REC oseq=79 s0=0x01 len=0 crc=1 rssi=-32 pairid=246 txtag=64 st=0x00 addr=180973370 end=180973691 air_us=20 gap_us=174
REC oseq=80 s0=0x16 len=250 crc=1 rssi=-52 pairid=246 txtag=64 st=0x00 addr=180976480 end=180992801 air_us=1020 gap_us=174
REC oseq=81 s0=0x0d len=0 crc=1 rssi=-32 pairid=246 txtag=64 st=0x00 addr=180995595 end=180995916 air_us=20 gap_us=174
REC oseq=82 s0=0x1a len=250 crc=1 rssi=-51 pairid=246 txtag=64 st=0x00 addr=180998704 end=181015025 air_us=1020 gap_us=174
REC oseq=83 s0=0x01 len=0 crc=1 rssi=-32 pairid=246 txtag=64 st=0x00 addr=181017819 end=181018140 air_us=20 gap_us=174
REC oseq=84 s0=0x16 len=250 crc=1 rssi=-52 pairid=246 txtag=64 st=0x00 addr=181020929 end=181037250 air_us=1020 gap_us=174
REC oseq=85 s0=0x0d len=0 crc=1 rssi=-32 pairid=246 txtag=64 st=0x00 addr=181040043 end=181040364 air_us=20 gap_us=174
REC oseq=86 s0=0x32 len=216 crc=0 rssi=-90 pairid=35459 txtag=205 st=0x00 addr=181071145 end=181085290 air_us=884 gap_us=1923
REC oseq=87 s0=0x3e len=216 crc=0 rssi=-90 pairid=33271 txtag=205 st=0x00 addr=181093368 end=181107513 air_us=884 gap_us=504
REC oseq=88 s0=0x32 len=216 crc=0 rssi=-90 pairid=35458 txtag=253 st=0x00 addr=181115593 end=181129738 air_us=884 gap_us=505
REC oseq=89 s0=0x3e len=216 crc=0 rssi=-90 pairid=33270 txtag=245 st=0x00 addr=181137818 end=181151963 air_us=884 gap_us=505
REC oseq=90 s0=0x32 len=216 crc=0 rssi=-90 pairid=35459 txtag=205 st=0x00 addr=181160042 end=181174187 air_us=884 gap_us=504
REC oseq=91 s0=0x21 len=55 crc=0 rssi=-91 pairid=38992 txtag=80 st=0x00 addr=182924722 end=182928563 air_us=240 gap_us=109408
REC oseq=92 s0=0x82 len=173 crc=0 rssi=-90 pairid=49998 txtag=181 st=0x00 addr=183088913 end=183100306 air_us=712 gap_us=10021
REC oseq=93 s0=0xb4 len=119 crc=0 rssi=-91 pairid=12052 txtag=164 st=0x00 addr=183155546 end=183163484 air_us=496 gap_us=3452
REC oseq=94 s0=0x8e len=161 crc=0 rssi=-91 pairid=882 txtag=180 st=0x00 addr=183177762 end=183188387 air_us=664 gap_us=892
REC oseq=95 s0=0x8e len=173 crc=0 rssi=-90 pairid=33994 txtag=180 st=0x00 addr=183199987 end=183211380 air_us=712 gap_us=725
REC oseq=96 s0=0x1e len=239 crc=1 rssi=-32 pairid=235 txtag=64 st=0x00 addr=184288906 end=184304523 air_us=976 gap_us=67345
REC oseq=97 s0=0x1a len=250 crc=1 rssi=-51 pairid=246 txtag=64 st=0x00 addr=184307319 end=184323640 air_us=1020 gap_us=174
REC oseq=98 s0=0x12 len=251 crc=1 rssi=-31 pairid=247 txtag=64 st=0x00 addr=184326427 end=184342812 air_us=1024 gap_us=174
REC oseq=99 s0=0x16 len=250 crc=1 rssi=-52 pairid=246 txtag=64 st=0x00 addr=184345608 end=184361929 air_us=1020 gap_us=174
REC oseq=100 s0=0x1e len=239 crc=1 rssi=-31 pairid=235 txtag=64 st=0x00 addr=184364715 end=184380332 air_us=976 gap_us=174
REC oseq=101 s0=0x1a len=250 crc=1 rssi=-52 pairid=246 txtag=64 st=0x00 addr=184383128 end=184399449 air_us=1020 gap_us=174
REC oseq=102 s0=0x12 len=251 crc=0 rssi=-31 pairid=247 txtag=64 st=0x00 addr=184402236 end=184418621 air_us=1024 gap_us=174
REC oseq=103 s0=0x21 len=55 crc=0 rssi=-90 pairid=38992 txtag=73 st=0x00 addr=188368888 end=188372729 air_us=240 gap_us=246891
REC oseq=104 s0=0x32 len=216 crc=0 rssi=-90 pairid=2691 txtag=253 st=0x00 addr=189208884 end=189223029 air_us=884 gap_us=52259
REC oseq=105 s0=0x3e len=216 crc=0 rssi=-90 pairid=33271 txtag=253 st=0x00 addr=189231108 end=189245253 air_us=884 gap_us=504
REC oseq=106 s0=0x32 len=216 crc=0 rssi=-89 pairid=35459 txtag=253 st=0x00 addr=189253332 end=189267477 air_us=884 gap_us=504
REC oseq=107 s0=0x3e len=88 crc=0 rssi=-90 pairid=33271 txtag=253 st=0x00 addr=189275557 end=189281510 air_us=372 gap_us=505
REC oseq=108 s0=0x32 len=216 crc=0 rssi=-90 pairid=35459 txtag=229 st=0x00 addr=189297782 end=189311927 air_us=884 gap_us=1017
REC oseq=109 s0=0x3e len=216 crc=0 rssi=-90 pairid=502 txtag=205 st=0x00 addr=189320005 end=189334150 air_us=884 gap_us=504
REC oseq=110 s0=0x0e len=12 crc=1 rssi=-31 pairid=8 txtag=5 st=0x00 addr=191128876 end=191129965 air_us=68 gap_us=112170
REC oseq=111 s0=0x1a len=250 crc=1 rssi=-51 pairid=246 txtag=64 st=0x00 addr=191132760 end=191149081 air_us=1020 gap_us=174
REC oseq=112 s0=0x01 len=0 crc=1 rssi=-32 pairid=246 txtag=64 st=0x00 addr=191151868 end=191152189 air_us=20 gap_us=174
REC oseq=113 s0=0x16 len=250 crc=1 rssi=-52 pairid=246 txtag=64 st=0x00 addr=191154984 end=191171305 air_us=1020 gap_us=174
REC oseq=114 s0=0x0d len=0 crc=1 rssi=-32 pairid=246 txtag=64 st=0x00 addr=191174092 end=191174413 air_us=20 gap_us=174
REC oseq=115 s0=0x1a len=250 crc=1 rssi=-51 pairid=246 txtag=64 st=0x00 addr=191177208 end=191193529 air_us=1020 gap_us=174
REC oseq=116 s0=0x01 len=0 crc=1 rssi=-32 pairid=246 txtag=64 st=0x00 addr=191196316 end=191196637 air_us=20 gap_us=174
REC oseq=117 s0=0x16 len=250 crc=1 rssi=-52 pairid=246 txtag=64 st=0x00 addr=191199432 end=191215753 air_us=1020 gap_us=174
REC oseq=118 s0=0x0d len=0 crc=1 rssi=-32 pairid=246 txtag=64 st=0x00 addr=191218541 end=191218862 air_us=20 gap_us=174
REC oseq=119 s0=0x1a len=250 crc=1 rssi=-51 pairid=246 txtag=64 st=0x00 addr=191221656 end=191237977 air_us=1020 gap_us=174
REC oseq=120 s0=0x02 len=12 crc=1 rssi=-31 pairid=8 txtag=5 st=0x00 addr=191240765 end=191241854 air_us=68 gap_us=174
REC oseq=121 s0=0x01 len=0 crc=1 rssi=-32 pairid=8 txtag=5 st=0x00 addr=191728872 end=191729193 air_us=20 gap_us=30438
REC oseq=122 s0=0x16 len=250 crc=1 rssi=-52 pairid=246 txtag=64 st=0x00 addr=191731987 end=191748308 air_us=1020 gap_us=174
REC oseq=123 s0=0x0d len=0 crc=1 rssi=-32 pairid=246 txtag=64 st=0x00 addr=191751096 end=191751417 air_us=20 gap_us=174
REC oseq=124 s0=0x1a len=250 crc=1 rssi=-52 pairid=246 txtag=64 st=0x00 addr=191754211 end=191770532 air_us=1020 gap_us=174
REC oseq=125 s0=0x01 len=0 crc=1 rssi=-32 pairid=246 txtag=64 st=0x00 addr=191773321 end=191773642 air_us=20 gap_us=174
REC oseq=126 s0=0x16 len=250 crc=1 rssi=-52 pairid=246 txtag=64 st=0x00 addr=191776435 end=191792756 air_us=1020 gap_us=174
REC oseq=127 s0=0x0d len=0 crc=1 rssi=-32 pairid=246 txtag=64 st=0x00 addr=191795545 end=191795866 air_us=20 gap_us=174
REC oseq=128 s0=0x1a len=250 crc=1 rssi=-51 pairid=246 txtag=64 st=0x00 addr=191798660 end=191814981 air_us=1020 gap_us=174
REC oseq=129 s0=0x01 len=0 crc=1 rssi=-32 pairid=246 txtag=64 st=0x00 addr=191817769 end=191818090 air_us=20 gap_us=174
REC oseq=130 s0=0x16 len=250 crc=1 rssi=-52 pairid=246 txtag=64 st=0x00 addr=191820884 end=191837205 air_us=1020 gap_us=174
REC oseq=131 s0=0x0d len=0 crc=1 rssi=-32 pairid=246 txtag=64 st=0x00 addr=191839993 end=191840314 air_us=20 gap_us=174
REC oseq=132 s0=0x2d len=35 crc=0 rssi=-90 pairid=55372 txtag=72 st=0x00 addr=193408867 end=193411428 air_us=160 gap_us=98034
REC oseq=133 s0=0x21 len=55 crc=0 rssi=-90 pairid=38992 txtag=72 st=0x00 addr=193447154 end=193450995 air_us=240 gap_us=2232
REC oseq=134 s0=0x2d len=35 crc=0 rssi=-91 pairid=55372 txtag=72 st=0x00 addr=193484675 end=193487236 air_us=160 gap_us=2105
REC oseq=135 s0=0x2d len=35 crc=0 rssi=-91 pairid=38988 txtag=72 st=0x00 addr=193648864 end=193651425 air_us=160 gap_us=10101
REC oseq=136 s0=0x2d len=35 crc=0 rssi=-91 pairid=55372 txtag=80 st=0x00 addr=193687152 end=193689713 air_us=160 gap_us=2232
REC oseq=137 s0=0x21 len=35 crc=0 rssi=-91 pairid=38988 txtag=72 st=0x00 addr=195208856 end=195211417 air_us=160 gap_us=94946
REC oseq=138 s0=0x21 len=35 crc=0 rssi=-91 pairid=38988 txtag=80 st=0x00 addr=195284666 end=195287227 air_us=160 gap_us=4578
REC oseq=139 s0=0x01 len=0 crc=1 rssi=-32 pairid=38988 txtag=80 st=0x00 addr=199648837 end=199649158 air_us=20 gap_us=272600
REC oseq=140 s0=0x16 len=250 crc=1 rssi=-52 pairid=246 txtag=64 st=0x00 addr=199651947 end=199668268 air_us=1020 gap_us=174
REC oseq=141 s0=0x0d len=0 crc=1 rssi=-32 pairid=246 txtag=64 st=0x00 addr=199671061 end=199671382 air_us=20 gap_us=174
REC oseq=142 s0=0x1a len=250 crc=1 rssi=-51 pairid=246 txtag=64 st=0x00 addr=199674171 end=199690492 air_us=1020 gap_us=174
REC oseq=143 s0=0x01 len=0 crc=1 rssi=-32 pairid=246 txtag=64 st=0x00 addr=199693285 end=199693606 air_us=20 gap_us=174
REC oseq=144 s0=0x16 len=250 crc=1 rssi=-52 pairid=246 txtag=64 st=0x00 addr=199696396 end=199712717 air_us=1020 gap_us=174
REC oseq=145 s0=0x0d len=0 crc=1 rssi=-32 pairid=246 txtag=64 st=0x00 addr=199715510 end=199715831 air_us=20 gap_us=174
REC oseq=146 s0=0x1a len=250 crc=1 rssi=-51 pairid=246 txtag=64 st=0x00 addr=199718620 end=199734941 air_us=1020 gap_us=174
REC oseq=147 s0=0x01 len=0 crc=1 rssi=-32 pairid=246 txtag=64 st=0x00 addr=199737734 end=199738055 air_us=20 gap_us=174
REC oseq=148 s0=0x16 len=250 crc=1 rssi=-52 pairid=246 txtag=64 st=0x00 addr=199740844 end=199757165 air_us=1020 gap_us=174
REC oseq=149 s0=0x0d len=0 crc=1 rssi=-32 pairid=246 txtag=64 st=0x00 addr=199759959 end=199760280 air_us=20 gap_us=174
REC oseq=150 s0=0x1a len=250 crc=0 rssi=-52 pairid=246 txtag=64 st=0x00 addr=199763068 end=199779389 air_us=1020 gap_us=174
REC oseq=151 s0=0x59 len=249 crc=0 rssi=-91 pairid=30868 txtag=171 st=0x00 addr=201764620 end=201780877 air_us=1016 gap_us=124076
REC oseq=152 s0=0x2d len=35 crc=0 rssi=-91 pairid=55372 txtag=72 st=0x00 addr=203248822 end=203251383 air_us=160 gap_us=91746
REC oseq=153 s0=0x75 len=35 crc=0 rssi=-91 pairid=38988 txtag=72 st=0x00 addr=203324631 end=203327192 air_us=160 gap_us=4578
REC oseq=154 s0=0x9b len=85 crc=0 rssi=-90 pairid=18788 txtag=0 st=0x00 addr=203968817 end=203974578 air_us=360 gap_us=40101
REC oseq=155 s0=0x32 len=216 crc=0 rssi=-90 pairid=35459 txtag=197 st=0x00 addr=205648811 end=205662956 air_us=884 gap_us=104639
REC oseq=156 s0=0x3e len=216 crc=0 rssi=-89 pairid=33270 txtag=253 st=0x00 addr=205671035 end=205685180 air_us=884 gap_us=504
REC oseq=157 s0=0x31 len=212 crc=0 rssi=-90 pairid=39091 txtag=12 st=0x00 addr=205693259 end=205707148 air_us=868 gap_us=504
REC oseq=158 s0=0x27 len=35 crc=0 rssi=-90 pairid=38988 txtag=72 st=0x00 addr=205723244 end=205725805 air_us=160 gap_us=1006
REC oseq=159 s0=0x2d len=55 crc=0 rssi=-91 pairid=38992 txtag=72 st=0x00 addr=205761533 end=205765374 air_us=240 gap_us=2233
REC oseq=160 s0=0x1e len=239 crc=1 rssi=-31 pairid=235 txtag=64 st=0x00 addr=205768809 end=205784426 air_us=976 gap_us=214
REC oseq=161 s0=0x1a len=250 crc=1 rssi=-51 pairid=246 txtag=64 st=0x00 addr=205787217 end=205803538 air_us=1020 gap_us=174
REC oseq=162 s0=0x12 len=251 crc=1 rssi=-31 pairid=247 txtag=64 st=0x00 addr=205806329 end=205822714 air_us=1024 gap_us=174
REC oseq=163 s0=0x16 len=250 crc=1 rssi=-52 pairid=246 txtag=64 st=0x00 addr=205825505 end=205841826 air_us=1020 gap_us=174
REC oseq=164 s0=0x1e len=239 crc=1 rssi=-31 pairid=235 txtag=64 st=0x00 addr=205844618 end=205860235 air_us=976 gap_us=174
REC oseq=165 s0=0x1a len=250 crc=1 rssi=-51 pairid=246 txtag=64 st=0x00 addr=205863026 end=205879347 air_us=1020 gap_us=174
REC oseq=166 s0=0x12 len=251 crc=0 rssi=-32 pairid=247 txtag=64 st=0x00 addr=205882139 end=205898524 air_us=1024 gap_us=174
REC oseq=167 s0=0x1e len=251 crc=1 rssi=-31 pairid=247 txtag=64 st=0x00 addr=208768795 end=208785180 air_us=1024 gap_us=179391
REC oseq=168 s0=0x1a len=250 crc=1 rssi=-51 pairid=246 txtag=64 st=0x00 addr=208787979 end=208804300 air_us=1020 gap_us=174
REC oseq=169 s0=0x12 len=239 crc=1 rssi=-31 pairid=235 txtag=64 st=0x00 addr=208807084 end=208822701 air_us=976 gap_us=174
REC oseq=170 s0=0x16 len=250 crc=1 rssi=-52 pairid=246 txtag=64 st=0x00 addr=208825500 end=208841821 air_us=1020 gap_us=174
REC oseq=171 s0=0x1e len=251 crc=1 rssi=-32 pairid=247 txtag=64 st=0x00 addr=208844604 end=208860989 air_us=1024 gap_us=173
REC oseq=172 s0=0x1a len=250 crc=1 rssi=-52 pairid=246 txtag=64 st=0x00 addr=208863788 end=208880109 air_us=1020 gap_us=174
REC oseq=173 s0=0x12 len=239 crc=0 rssi=-31 pairid=235 txtag=64 st=0x00 addr=208882893 end=208898510 air_us=976 gap_us=174
REC oseq=174 s0=0x1e len=251 crc=1 rssi=-32 pairid=247 txtag=64 st=0x00 addr=209488792 end=209505177 air_us=1024 gap_us=36892
REC oseq=175 s0=0x1a len=250 crc=1 rssi=-51 pairid=246 txtag=64 st=0x00 addr=209507974 end=209524295 air_us=1020 gap_us=174
REC oseq=176 s0=0x12 len=239 crc=1 rssi=-32 pairid=235 txtag=64 st=0x00 addr=209527081 end=209542698 air_us=976 gap_us=174
REC oseq=177 s0=0x16 len=250 crc=1 rssi=-52 pairid=246 txtag=64 st=0x00 addr=209545494 end=209561815 air_us=1020 gap_us=174
REC oseq=178 s0=0x1e len=251 crc=1 rssi=-31 pairid=247 txtag=64 st=0x00 addr=209564601 end=209580986 air_us=1024 gap_us=174
REC oseq=179 s0=0x1a len=250 crc=1 rssi=-51 pairid=246 txtag=64 st=0x00 addr=209583782 end=209600103 air_us=1020 gap_us=174
REC oseq=180 s0=0x12 len=239 crc=0 rssi=-31 pairid=235 txtag=64 st=0x00 addr=209602890 end=209618507 air_us=976 gap_us=174
REC oseq=181 s0=0x1e len=251 crc=1 rssi=-31 pairid=247 txtag=64 st=0x00 addr=209728790 end=209745175 air_us=1024 gap_us=6892
REC oseq=182 s0=0x1a len=250 crc=1 rssi=-51 pairid=246 txtag=64 st=0x00 addr=209747972 end=209764293 air_us=1020 gap_us=174
REC oseq=183 s0=0x12 len=239 crc=1 rssi=-32 pairid=235 txtag=64 st=0x00 addr=209767079 end=209782696 air_us=976 gap_us=174
REC oseq=184 s0=0x16 len=250 crc=1 rssi=-52 pairid=246 txtag=64 st=0x00 addr=209785492 end=209801813 air_us=1020 gap_us=174
REC oseq=185 s0=0x1e len=251 crc=1 rssi=-31 pairid=247 txtag=64 st=0x00 addr=209804599 end=209820984 air_us=1024 gap_us=174
REC oseq=186 s0=0x1a len=250 crc=1 rssi=-51 pairid=246 txtag=64 st=0x00 addr=209823781 end=209840102 air_us=1020 gap_us=174
REC oseq=187 s0=0x12 len=239 crc=0 rssi=-31 pairid=235 txtag=64 st=0x00 addr=209842888 end=209858505 air_us=976 gap_us=174
REC oseq=188 s0=0x21 len=55 crc=0 rssi=-91 pairid=38992 txtag=72 st=0x00 addr=210007079 end=210010920 air_us=240 gap_us=9285
REC oseq=189 s0=0x3d len=212 crc=0 rssi=-91 pairid=55475 txtag=13 st=0x00 addr=210044600 end=210058489 air_us=868 gap_us=2105
REC oseq=190 s0=0x32 len=216 crc=0 rssi=-90 pairid=35459 txtag=253 st=0x00 addr=210067590 end=210081735 air_us=884 gap_us=568
REC oseq=191 s0=0x32 len=216 crc=0 rssi=-90 pairid=35459 txtag=253 st=0x00 addr=210328789 end=210342934 air_us=884 gap_us=15440
REC oseq=192 s0=0x3e len=216 crc=0 rssi=-89 pairid=503 txtag=229 st=0x00 addr=210351013 end=210365158 air_us=884 gap_us=504
REC oseq=193 s0=0x32 len=216 crc=0 rssi=-89 pairid=35459 txtag=229 st=0x00 addr=210373237 end=210387382 air_us=884 gap_us=504
REC oseq=194 s0=0x3e len=88 crc=0 rssi=-90 pairid=503 txtag=252 st=0x00 addr=210395461 end=210401414 air_us=372 gap_us=504
REC oseq=195 s0=0x32 len=216 crc=0 rssi=-90 pairid=35458 txtag=229 st=0x00 addr=210417687 end=210431832 air_us=884 gap_us=1017
REC oseq=196 s0=0x3e len=216 crc=0 rssi=-90 pairid=33270 txtag=253 st=0x00 addr=210439910 end=210454055 air_us=884 gap_us=504
REC oseq=197 s0=0x82 len=173 crc=0 rssi=-91 pairid=7069 txtag=229 st=0x00 addr=210559909 end=210571302 air_us=712 gap_us=6615
REC oseq=198 s0=0x0d len=0 crc=1 rssi=-34 pairid=7069 txtag=229 st=0x00 addr=213448774 end=213449095 air_us=20 gap_us=179842
REC oseq=199 s0=0x1a len=250 crc=1 rssi=-51 pairid=246 txtag=64 st=0x00 addr=213451883 end=213468204 air_us=1020 gap_us=174
REC oseq=200 s0=0x01 len=0 crc=1 rssi=-32 pairid=246 txtag=64 st=0x00 addr=213470998 end=213471319 air_us=20 gap_us=174
REC oseq=201 s0=0x16 len=250 crc=1 rssi=-52 pairid=246 txtag=64 st=0x00 addr=213474107 end=213490428 air_us=1020 gap_us=174
REC oseq=202 s0=0x0d len=0 crc=1 rssi=-32 pairid=246 txtag=64 st=0x00 addr=213493222 end=213493543 air_us=20 gap_us=174
REC oseq=203 s0=0x1a len=250 crc=1 rssi=-52 pairid=246 txtag=64 st=0x00 addr=213496331 end=213512652 air_us=1020 gap_us=174
REC oseq=204 s0=0x01 len=0 crc=1 rssi=-32 pairid=246 txtag=64 st=0x00 addr=213515447 end=213515768 air_us=20 gap_us=174
REC oseq=205 s0=0x16 len=250 crc=1 rssi=-52 pairid=246 txtag=64 st=0x00 addr=213518555 end=213534876 air_us=1020 gap_us=174
REC oseq=206 s0=0x0d len=0 crc=1 rssi=-32 pairid=246 txtag=64 st=0x00 addr=213537671 end=213537992 air_us=20 gap_us=174
REC oseq=207 s0=0x1a len=250 crc=1 rssi=-51 pairid=246 txtag=64 st=0x00 addr=213540780 end=213557101 air_us=1020 gap_us=174
REC oseq=208 s0=0x01 len=0 crc=1 rssi=-32 pairid=246 txtag=64 st=0x00 addr=213559895 end=213560216 air_us=20 gap_us=174
REC oseq=209 s0=0x16 len=250 crc=0 rssi=-52 pairid=246 txtag=64 st=0x00 addr=213563004 end=213579325 air_us=1020 gap_us=174
REC oseq=210 s0=0x12 len=239 crc=1 rssi=-31 pairid=235 txtag=64 st=0x00 addr=214288770 end=214304387 air_us=976 gap_us=44340
REC oseq=211 s0=0x16 len=250 crc=1 rssi=-52 pairid=246 txtag=64 st=0x00 addr=214307173 end=214323494 air_us=1020 gap_us=174
REC oseq=212 s0=0x1e len=251 crc=1 rssi=-31 pairid=247 txtag=64 st=0x00 addr=214326291 end=214342676 air_us=1024 gap_us=174
REC oseq=213 s0=0x1a len=250 crc=1 rssi=-52 pairid=246 txtag=64 st=0x00 addr=214345462 end=214361783 air_us=1020 gap_us=174
REC oseq=214 s0=0x12 len=239 crc=1 rssi=-32 pairid=235 txtag=64 st=0x00 addr=214364579 end=214380196 air_us=976 gap_us=174
REC oseq=215 s0=0x16 len=250 crc=1 rssi=-52 pairid=246 txtag=64 st=0x00 addr=214382982 end=214399303 air_us=1020 gap_us=174
REC oseq=216 s0=0x1e len=251 crc=0 rssi=-31 pairid=247 txtag=64 st=0x00 addr=214402099 end=214418484 air_us=1024 gap_us=174
REC oseq=217 s0=0x21 len=55 crc=0 rssi=-91 pairid=55376 txtag=72 st=0x00 addr=214687058 end=214690899 air_us=240 gap_us=16785
REC oseq=218 s0=0x2d len=35 crc=0 rssi=-90 pairid=38988 txtag=72 st=0x00 addr=214724578 end=214727139 air_us=160 gap_us=2104
REC oseq=219 s0=0x3e len=216 crc=0 rssi=-91 pairid=33270 txtag=253 st=0x00 addr=216208762 end=216222907 air_us=884 gap_us=92601
REC oseq=220 s0=0x32 len=216 crc=0 rssi=-91 pairid=35458 txtag=205 st=0x00 addr=216230986 end=216245131 air_us=884 gap_us=504
REC oseq=221 s0=0x3e len=216 crc=0 rssi=-90 pairid=502 txtag=204 st=0x00 addr=216297658 end=216311803 air_us=884 gap_us=3282
REC oseq=222 s0=0x32 len=216 crc=0 rssi=-90 pairid=2690 txtag=221 st=0x00 addr=216319883 end=216334028 air_us=884 gap_us=505
REC oseq=223 s0=0x0d len=0 crc=1 rssi=-32 pairid=2690 txtag=221 st=0x00 addr=218608751 end=218609072 air_us=20 gap_us=142170
REC oseq=224 s0=0x1a len=250 crc=1 rssi=-51 pairid=246 txtag=64 st=0x00 addr=218611861 end=218628182 air_us=1020 gap_us=174
REC oseq=225 s0=0x01 len=0 crc=1 rssi=-32 pairid=246 txtag=64 st=0x00 addr=218630975 end=218631296 air_us=20 gap_us=174
REC oseq=226 s0=0x16 len=250 crc=1 rssi=-52 pairid=246 txtag=64 st=0x00 addr=218634086 end=218650407 air_us=1020 gap_us=174
REC oseq=227 s0=0x0d len=0 crc=1 rssi=-32 pairid=246 txtag=64 st=0x00 addr=218653199 end=218653520 air_us=20 gap_us=174
REC oseq=228 s0=0x1a len=250 crc=1 rssi=-51 pairid=246 txtag=64 st=0x00 addr=218656310 end=218672631 air_us=1020 gap_us=174
REC oseq=229 s0=0x01 len=0 crc=1 rssi=-32 pairid=246 txtag=64 st=0x00 addr=218675424 end=218675745 air_us=20 gap_us=174
REC oseq=230 s0=0x16 len=250 crc=1 rssi=-52 pairid=246 txtag=64 st=0x00 addr=218678534 end=218694855 air_us=1020 gap_us=174
REC oseq=231 s0=0x0d len=0 crc=1 rssi=-32 pairid=246 txtag=64 st=0x00 addr=218697648 end=218697969 air_us=20 gap_us=174
REC oseq=232 s0=0x1a len=250 crc=1 rssi=-51 pairid=246 txtag=64 st=0x00 addr=218700758 end=218717079 air_us=1020 gap_us=174
REC oseq=233 s0=0x01 len=0 crc=1 rssi=-32 pairid=246 txtag=64 st=0x00 addr=218719872 end=218720193 air_us=20 gap_us=174
REC oseq=234 s0=0x16 len=250 crc=0 rssi=-52 pairid=246 txtag=64 st=0x00 addr=218722982 end=218739303 air_us=1020 gap_us=174
REC oseq=235 s0=0x0d len=0 crc=1 rssi=-32 pairid=246 txtag=64 st=0x00 addr=221128739 end=221129060 air_us=20 gap_us=149339
REC oseq=236 s0=0x1a len=250 crc=1 rssi=-51 pairid=246 txtag=64 st=0x00 addr=221131845 end=221148166 air_us=1020 gap_us=174
REC oseq=237 s0=0x01 len=0 crc=1 rssi=-32 pairid=246 txtag=64 st=0x00 addr=221150964 end=221151285 air_us=20 gap_us=174
REC oseq=238 s0=0x16 len=250 crc=1 rssi=-52 pairid=246 txtag=64 st=0x00 addr=221154069 end=221170390 air_us=1020 gap_us=174
REC oseq=239 s0=0x0d len=0 crc=1 rssi=-32 pairid=246 txtag=64 st=0x00 addr=221173188 end=221173509 air_us=20 gap_us=174
REC oseq=240 s0=0x1a len=250 crc=1 rssi=-51 pairid=246 txtag=64 st=0x00 addr=221176293 end=221192614 air_us=1020 gap_us=174
REC oseq=241 s0=0x01 len=0 crc=1 rssi=-32 pairid=246 txtag=64 st=0x00 addr=221195412 end=221195733 air_us=20 gap_us=174
REC oseq=242 s0=0x16 len=250 crc=1 rssi=-52 pairid=246 txtag=64 st=0x00 addr=221198518 end=221214839 air_us=1020 gap_us=174
REC oseq=243 s0=0x0d len=0 crc=1 rssi=-32 pairid=246 txtag=64 st=0x00 addr=221217636 end=221217957 air_us=20 gap_us=174
REC oseq=244 s0=0x1a len=250 crc=1 rssi=-51 pairid=246 txtag=64 st=0x00 addr=221220742 end=221237063 air_us=1020 gap_us=174
REC oseq=245 s0=0x01 len=0 crc=1 rssi=-32 pairid=246 txtag=64 st=0x00 addr=221239860 end=221240181 air_us=20 gap_us=174
REC oseq=246 s0=0x0d len=0 crc=1 rssi=-32 pairid=246 txtag=64 st=0x00 addr=221368738 end=221369059 air_us=20 gap_us=8034
REC oseq=247 s0=0x1a len=250 crc=1 rssi=-51 pairid=246 txtag=64 st=0x00 addr=221371843 end=221388164 air_us=1020 gap_us=174
REC oseq=248 s0=0x01 len=0 crc=1 rssi=-32 pairid=246 txtag=64 st=0x00 addr=221390963 end=221391284 air_us=20 gap_us=174
REC oseq=249 s0=0x16 len=250 crc=1 rssi=-52 pairid=246 txtag=64 st=0x00 addr=221394067 end=221410388 air_us=1020 gap_us=173
REC oseq=250 s0=0x0d len=0 crc=1 rssi=-32 pairid=246 txtag=64 st=0x00 addr=221413171 end=221413492 air_us=20 gap_us=173
REC oseq=251 s0=0x1a len=250 crc=1 rssi=-51 pairid=246 txtag=64 st=0x00 addr=221416275 end=221432596 air_us=1020 gap_us=173
REC oseq=252 s0=0x01 len=0 crc=1 rssi=-32 pairid=246 txtag=64 st=0x00 addr=221435379 end=221435700 air_us=20 gap_us=173
REC oseq=253 s0=0x16 len=250 crc=1 rssi=-52 pairid=246 txtag=64 st=0x00 addr=221438484 end=221454805 air_us=1020 gap_us=174
REC oseq=254 s0=0x0d len=0 crc=1 rssi=-32 pairid=246 txtag=64 st=0x00 addr=221457588 end=221457909 air_us=20 gap_us=173
REC oseq=255 s0=0x1a len=250 crc=1 rssi=-51 pairid=246 txtag=64 st=0x00 addr=221460692 end=221477013 air_us=1020 gap_us=173
REC oseq=256 s0=0x01 len=0 crc=1 rssi=-32 pairid=246 txtag=64 st=0x00 addr=221479796 end=221480117 air_us=20 gap_us=173
REC oseq=257 s0=0x16 len=250 crc=0 rssi=-52 pairid=246 txtag=64 st=0x00 addr=221482900 end=221499221 air_us=1020 gap_us=173
REC oseq=258 s0=0x12 len=239 crc=1 rssi=-31 pairid=235 txtag=64 st=0x00 addr=225088722 end=225104339 air_us=976 gap_us=224343
REC oseq=259 s0=0x16 len=250 crc=1 rssi=-52 pairid=246 txtag=64 st=0x00 addr=225107128 end=225123449 air_us=1020 gap_us=174
REC oseq=260 s0=0x1e len=251 crc=1 rssi=-31 pairid=247 txtag=64 st=0x00 addr=225126243 end=225142628 air_us=1024 gap_us=174
REC oseq=261 s0=0x1a len=250 crc=1 rssi=-51 pairid=246 txtag=64 st=0x00 addr=225145417 end=225161738 air_us=1020 gap_us=174
REC oseq=262 s0=0x12 len=239 crc=1 rssi=-32 pairid=235 txtag=64 st=0x00 addr=225164531 end=225180148 air_us=976 gap_us=174
REC oseq=263 s0=0x16 len=250 crc=1 rssi=-52 pairid=246 txtag=64 st=0x00 addr=225182937 end=225199258 air_us=1020 gap_us=174
REC oseq=264 s0=0x1e len=251 crc=0 rssi=-31 pairid=247 txtag=64 st=0x00 addr=225202052 end=225218437 air_us=1024 gap_us=174
REC oseq=265 s0=0x9d len=85 crc=0 rssi=-90 pairid=51486 txtag=0 st=0x00 addr=226004528 end=226010289 air_us=360 gap_us=49130
REC oseq=266 s0=0x01 len=0 crc=1 rssi=-32 pairid=51486 txtag=0 st=0x00 addr=226888713 end=226889034 air_us=20 gap_us=54901
REC oseq=267 s0=0x16 len=250 crc=1 rssi=-52 pairid=246 txtag=64 st=0x00 addr=226891819 end=226908140 air_us=1020 gap_us=174
REC oseq=268 s0=0x0d len=0 crc=1 rssi=-34 pairid=246 txtag=64 st=0x00 addr=226910937 end=226911258 air_us=20 gap_us=174
REC oseq=269 s0=0x1a len=250 crc=1 rssi=-51 pairid=246 txtag=64 st=0x00 addr=226914043 end=226930364 air_us=1020 gap_us=174
REC oseq=270 s0=0x01 len=0 crc=1 rssi=-34 pairid=246 txtag=64 st=0x00 addr=226933161 end=226933482 air_us=20 gap_us=174
REC oseq=271 s0=0x16 len=250 crc=1 rssi=-52 pairid=246 txtag=64 st=0x00 addr=226936267 end=226952588 air_us=1020 gap_us=174
REC oseq=272 s0=0x0d len=0 crc=1 rssi=-32 pairid=246 txtag=64 st=0x00 addr=226955386 end=226955707 air_us=20 gap_us=174
REC oseq=273 s0=0x1a len=250 crc=1 rssi=-51 pairid=246 txtag=64 st=0x00 addr=226958492 end=226974813 air_us=1020 gap_us=174
REC oseq=274 s0=0x01 len=0 crc=1 rssi=-32 pairid=246 txtag=64 st=0x00 addr=226977610 end=226977931 air_us=20 gap_us=174
REC oseq=275 s0=0x16 len=250 crc=1 rssi=-52 pairid=246 txtag=64 st=0x00 addr=226980716 end=226997037 air_us=1020 gap_us=174
REC oseq=276 s0=0x0d len=0 crc=1 rssi=-32 pairid=246 txtag=64 st=0x00 addr=226999834 end=227000155 air_us=20 gap_us=174
REC oseq=277 s0=0x1a len=250 crc=0 rssi=-51 pairid=246 txtag=64 st=0x00 addr=227002940 end=227019261 air_us=1020 gap_us=174
REC oseq=278 s0=0x21 len=35 crc=0 rssi=-92 pairid=38988 txtag=72 st=0x00 addr=228088708 end=228091269 air_us=160 gap_us=66840
REC oseq=279 s0=0x21 len=35 crc=0 rssi=-91 pairid=38988 txtag=72 st=0x00 addr=228164485 end=228167046 air_us=160 gap_us=4576
REC oseq=280 s0=0x2d len=55 crc=0 rssi=-91 pairid=38992 txtag=72 st=0x00 addr=228202758 end=228206599 air_us=240 gap_us=2232
REC oseq=281 s0=0x01 len=0 crc=1 rssi=-32 pairid=38992 txtag=72 st=0x00 addr=229528702 end=229529023 air_us=20 gap_us=82631
REC oseq=282 s0=0x16 len=250 crc=1 rssi=-52 pairid=246 txtag=64 st=0x00 addr=229531818 end=229548139 air_us=1020 gap_us=174
REC oseq=283 s0=0x0d len=0 crc=1 rssi=-34 pairid=246 txtag=64 st=0x00 addr=229550926 end=229551247 air_us=20 gap_us=174
REC oseq=284 s0=0x1a len=250 crc=1 rssi=-51 pairid=246 txtag=64 st=0x00 addr=229554042 end=229570363 air_us=1020 gap_us=174
REC oseq=285 s0=0x01 len=0 crc=1 rssi=-32 pairid=246 txtag=64 st=0x00 addr=229573150 end=229573471 air_us=20 gap_us=174
REC oseq=286 s0=0x16 len=250 crc=1 rssi=-52 pairid=246 txtag=64 st=0x00 addr=229576266 end=229592587 air_us=1020 gap_us=174
REC oseq=287 s0=0x0d len=0 crc=1 rssi=-32 pairid=246 txtag=64 st=0x00 addr=229595374 end=229595695 air_us=20 gap_us=174
REC oseq=288 s0=0x1a len=250 crc=1 rssi=-51 pairid=246 txtag=64 st=0x00 addr=229598490 end=229614811 air_us=1020 gap_us=174
REC oseq=289 s0=0x01 len=0 crc=1 rssi=-32 pairid=246 txtag=64 st=0x00 addr=229617599 end=229617920 air_us=20 gap_us=174
REC oseq=290 s0=0x16 len=250 crc=1 rssi=-52 pairid=246 txtag=64 st=0x00 addr=229620714 end=229637035 air_us=1020 gap_us=174
REC oseq=291 s0=0x0d len=0 crc=1 rssi=-32 pairid=246 txtag=64 st=0x00 addr=229639823 end=229640144 air_us=20 gap_us=174
REC oseq=292 s0=0x1a len=250 crc=0 rssi=-51 pairid=246 txtag=64 st=0x00 addr=229642939 end=229659260 air_us=1020 gap_us=174
REC oseq=293 s0=0x32 len=216 crc=0 rssi=-91 pairid=35459 txtag=197 st=0x00 addr=230008699 end=230022844 air_us=884 gap_us=21839
REC oseq=294 s0=0x2d len=3 crc=0 rssi=-90 pairid=38988 txtag=64 st=0x00 addr=230075434 end=230075947 air_us=32 gap_us=3286
REC oseq=295 s0=0x21 len=55 crc=0 rssi=-91 pairid=55376 txtag=72 st=0x00 addr=230113724 end=230117565 air_us=240 gap_us=2361
REC oseq=296 s0=0x3e len=216 crc=0 rssi=-91 pairid=33270 txtag=253 st=0x00 addr=232288688 end=232302833 air_us=884 gap_us=135695
REC oseq=297 s0=0x32 len=216 crc=0 rssi=-90 pairid=2691 txtag=229 st=0x00 addr=232310912 end=232325057 air_us=884 gap_us=504
REC oseq=298 s0=0x3e len=216 crc=0 rssi=-89 pairid=33270 txtag=253 st=0x00 addr=232333138 end=232347283 air_us=884 gap_us=505
REC oseq=299 s0=0x32 len=220 crc=0 rssi=-90 pairid=2691 txtag=229 st=0x00 addr=232355361 end=232369762 air_us=900 gap_us=504
REC oseq=300 s0=0x3e len=216 crc=0 rssi=-91 pairid=502 txtag=229 st=0x00 addr=232377586 end=232391731 air_us=884 gap_us=489
REC oseq=301 s0=0x32 len=216 crc=0 rssi=-90 pairid=35459 txtag=229 st=0x00 addr=232399810 end=232413955 air_us=884 gap_us=504
REC oseq=302 s0=0x1e len=239 crc=0 rssi=-31 pairid=235 txtag=64 st=0x00 addr=233008685 end=233024302 air_us=976 gap_us=37170
REC oseq=303 s0=0x16 len=250 crc=1 rssi=-52 pairid=246 txtag=64 st=0x00 addr=233027089 end=233043410 air_us=1020 gap_us=174
REC oseq=304 s0=0x1e len=239 crc=1 rssi=-31 pairid=235 txtag=64 st=0x00 addr=233046206 end=233061823 air_us=976 gap_us=174
REC oseq=305 s0=0x1a len=250 crc=1 rssi=-51 pairid=246 txtag=64 st=0x00 addr=233064610 end=233080931 air_us=1020 gap_us=174
REC oseq=306 s0=0x12 len=251 crc=1 rssi=-32 pairid=247 txtag=64 st=0x00 addr=233083726 end=233100111 air_us=1024 gap_us=174
REC oseq=307 s0=0x16 len=250 crc=1 rssi=-52 pairid=246 txtag=64 st=0x00 addr=233102898 end=233119219 air_us=1020 gap_us=174
REC oseq=308 s0=0x1e len=239 crc=0 rssi=-31 pairid=235 txtag=64 st=0x00 addr=233122015 end=233137632 air_us=976 gap_us=174
REC oseq=309 s0=0x12 len=251 crc=1 rssi=-31 pairid=247 txtag=64 st=0x00 addr=233488684 end=233505069 air_us=1024 gap_us=21940
REC oseq=310 s0=0x16 len=250 crc=1 rssi=-52 pairid=246 txtag=64 st=0x00 addr=233507854 end=233524175 air_us=1020 gap_us=174
REC oseq=311 s0=0x1e len=239 crc=1 rssi=-31 pairid=235 txtag=64 st=0x00 addr=233526973 end=233542590 air_us=976 gap_us=174
REC oseq=312 s0=0x1a len=250 crc=1 rssi=-51 pairid=246 txtag=64 st=0x00 addr=233545374 end=233561695 air_us=1020 gap_us=174
REC oseq=313 s0=0x12 len=251 crc=1 rssi=-31 pairid=247 txtag=64 st=0x00 addr=233564493 end=233580878 air_us=1024 gap_us=174
REC oseq=314 s0=0x16 len=250 crc=1 rssi=-52 pairid=246 txtag=64 st=0x00 addr=233583662 end=233599983 air_us=1020 gap_us=174
REC oseq=315 s0=0x1e len=239 crc=0 rssi=-31 pairid=235 txtag=64 st=0x00 addr=233602781 end=233618398 air_us=976 gap_us=174
REC oseq=316 s0=0x12 len=239 crc=1 rssi=-32 pairid=235 txtag=64 st=0x00 addr=237088666 end=237104283 air_us=976 gap_us=216891
REC oseq=317 s0=0x16 len=250 crc=1 rssi=-52 pairid=246 txtag=64 st=0x00 addr=237107075 end=237123396 air_us=1020 gap_us=174
REC oseq=318 s0=0x1e len=251 crc=1 rssi=-31 pairid=247 txtag=64 st=0x00 addr=237126187 end=237142572 air_us=1024 gap_us=174
REC oseq=319 s0=0x1a len=250 crc=1 rssi=-52 pairid=246 txtag=64 st=0x00 addr=237145364 end=237161685 air_us=1020 gap_us=174
REC oseq=320 s0=0x12 len=239 crc=1 rssi=-31 pairid=235 txtag=64 st=0x00 addr=237164475 end=237180092 air_us=976 gap_us=174
REC oseq=321 s0=0x16 len=250 crc=1 rssi=-52 pairid=246 txtag=64 st=0x00 addr=237182884 end=237199205 air_us=1020 gap_us=174
REC oseq=322 s0=0x1e len=251 crc=0 rssi=-32 pairid=247 txtag=64 st=0x00 addr=237201995 end=237218380 air_us=1024 gap_us=174
REC oseq=323 s0=0x59 len=173 crc=0 rssi=-92 pairid=63616 txtag=163 st=0x00 addr=239128657 end=239140050 air_us=712 gap_us=119392
REC oseq=324 s0=0x9d len=194 crc=0 rssi=-90 pairid=4032 txtag=128 st=0x00 addr=239488656 end=239501393 air_us=796 gap_us=21787
REC oseq=325 s0=0x91 len=21 crc=0 rssi=-90 pairid=457 txtag=0 st=0x00 addr=239526177 end=239527842 air_us=104 gap_us=1549
REC oseq=326 s0=0x9d len=226 crc=0 rssi=-91 pairid=57954 txtag=0 st=0x00 addr=239564466 end=239579251 air_us=924 gap_us=2289
REC oseq=327 s0=0x12 len=251 crc=1 rssi=-32 pairid=247 txtag=64 st=0x00 addr=244768632 end=244785017 air_us=1024 gap_us=324336
REC oseq=328 s0=0x16 len=250 crc=1 rssi=-52 pairid=246 txtag=64 st=0x00 addr=244787806 end=244804127 air_us=1020 gap_us=174
REC oseq=329 s0=0x1e len=239 crc=1 rssi=-31 pairid=235 txtag=64 st=0x00 addr=244806921 end=244822538 air_us=976 gap_us=174
REC oseq=330 s0=0x1a len=250 crc=1 rssi=-51 pairid=246 txtag=64 st=0x00 addr=244825326 end=244841647 air_us=1020 gap_us=174
REC oseq=331 s0=0x12 len=251 crc=1 rssi=-31 pairid=247 txtag=64 st=0x00 addr=244844441 end=244860826 air_us=1024 gap_us=174
REC oseq=332 s0=0x16 len=250 crc=1 rssi=-52 pairid=246 txtag=64 st=0x00 addr=244863615 end=244879936 air_us=1020 gap_us=174
REC oseq=333 s0=0x1e len=239 crc=0 rssi=-31 pairid=235 txtag=64 st=0x00 addr=244882730 end=244898347 air_us=976 gap_us=174
REC oseq=334 s0=0x8e len=173 crc=0 rssi=-91 pairid=18134 txtag=134 st=0x00 addr=249088612 end=249100005 air_us=712 gap_us=261891
REC oseq=335 s0=0x02 len=176 crc=0 rssi=-90 pairid=7316 txtag=132 st=0x00 addr=249110838 end=249122423 air_us=724 gap_us=677
REC oseq=336 s0=0x8a len=173 crc=0 rssi=-90 pairid=61780 txtag=245 st=0x00 addr=249133062 end=249144455 air_us=712 gap_us=664
REC oseq=337 s0=0x12 len=251 crc=0 rssi=-31 pairid=247 txtag=64 st=0x00 addr=250528606 end=250544991 air_us=1024 gap_us=86509
REC oseq=338 s0=0x16 len=250 crc=1 rssi=-52 pairid=246 txtag=64 st=0x00 addr=250547780 end=250564101 air_us=1020 gap_us=174
REC oseq=339 s0=0x1e len=239 crc=1 rssi=-31 pairid=235 txtag=64 st=0x00 addr=250566894 end=250582511 air_us=976 gap_us=174
REC oseq=340 s0=0x1a len=250 crc=1 rssi=-51 pairid=246 txtag=64 st=0x00 addr=250585300 end=250601621 air_us=1020 gap_us=174
REC oseq=341 s0=0x12 len=251 crc=1 rssi=-32 pairid=247 txtag=64 st=0x00 addr=250604415 end=250620800 air_us=1024 gap_us=174
REC oseq=342 s0=0x16 len=250 crc=1 rssi=-52 pairid=246 txtag=64 st=0x00 addr=250623589 end=250639910 air_us=1020 gap_us=174
REC oseq=343 s0=0x1e len=239 crc=0 rssi=-32 pairid=235 txtag=64 st=0x00 addr=250642703 end=250658320 air_us=976 gap_us=174
REC oseq=344 s0=0x8e len=175 crc=0 rssi=-90 pairid=7415 txtag=173 st=0x00 addr=251119728 end=251131249 air_us=720 gap_us=28838
REC oseq=345 s0=0x0d len=0 crc=1 rssi=-32 pairid=7415 txtag=173 st=0x00 addr=251368602 end=251368923 air_us=20 gap_us=14834
REC oseq=346 s0=0x1a len=250 crc=1 rssi=-51 pairid=246 txtag=64 st=0x00 addr=251371712 end=251388033 air_us=1020 gap_us=174
REC oseq=347 s0=0x01 len=0 crc=1 rssi=-32 pairid=246 txtag=64 st=0x00 addr=251390826 end=251391147 air_us=20 gap_us=174
REC oseq=348 s0=0x16 len=250 crc=1 rssi=-52 pairid=246 txtag=64 st=0x00 addr=251393936 end=251410257 air_us=1020 gap_us=174
REC oseq=349 s0=0x0d len=0 crc=1 rssi=-32 pairid=246 txtag=64 st=0x00 addr=251413051 end=251413372 air_us=20 gap_us=174
REC oseq=350 s0=0x1a len=250 crc=1 rssi=-52 pairid=246 txtag=64 st=0x00 addr=251416160 end=251432481 air_us=1020 gap_us=174
REC oseq=351 s0=0x01 len=0 crc=1 rssi=-32 pairid=246 txtag=64 st=0x00 addr=251435275 end=251435596 air_us=20 gap_us=174
REC oseq=352 s0=0x16 len=250 crc=1 rssi=-52 pairid=246 txtag=64 st=0x00 addr=251438385 end=251454706 air_us=1020 gap_us=174
REC oseq=353 s0=0x0e len=12 crc=1 rssi=-31 pairid=8 txtag=5 st=0x00 addr=251457499 end=251458588 air_us=68 gap_us=174
REC oseq=354 s0=0x1a len=250 crc=1 rssi=-52 pairid=246 txtag=64 st=0x00 addr=251461376 end=251477697 air_us=1020 gap_us=174
REC oseq=355 s0=0x01 len=0 crc=1 rssi=-32 pairid=246 txtag=64 st=0x00 addr=251480491 end=251480812 air_us=20 gap_us=174
REC oseq=356 s0=0x3e len=216 crc=0 rssi=-90 pairid=33270 txtag=253 st=0x00 addr=251608602 end=251622747 air_us=884 gap_us=7986
REC oseq=357 s0=0x32 len=192 crc=0 rssi=-90 pairid=35458 txtag=253 st=0x00 addr=251630825 end=251643434 air_us=788 gap_us=504
REC oseq=358 s0=0x3e len=216 crc=0 rssi=-90 pairid=33270 txtag=205 st=0x00 addr=251653050 end=251667195 air_us=884 gap_us=601
REC oseq=359 s0=0x32 len=216 crc=0 rssi=-89 pairid=35459 txtag=253 st=0x00 addr=251675273 end=251689418 air_us=884 gap_us=504
REC oseq=360 s0=0x3e len=216 crc=0 rssi=-89 pairid=502 txtag=253 st=0x00 addr=251697498 end=251711643 air_us=884 gap_us=505
REC oseq=361 s0=0x32 len=216 crc=0 rssi=-91 pairid=35458 txtag=253 st=0x00 addr=251719722 end=251733867 air_us=884 gap_us=504
REC oseq=362 s0=0x12 len=239 crc=1 rssi=-31 pairid=235 txtag=64 st=0x00 addr=253528593 end=253544210 air_us=976 gap_us=112170
REC oseq=363 s0=0x16 len=250 crc=1 rssi=-52 pairid=246 txtag=64 st=0x00 addr=253547008 end=253563329 air_us=1020 gap_us=174
REC oseq=364 s0=0x0e len=12 crc=1 rssi=-31 pairid=8 txtag=5 st=0x00 addr=253566114 end=253567203 air_us=68 gap_us=174
REC oseq=365 s0=0x1a len=250 crc=1 rssi=-51 pairid=246 txtag=64 st=0x00 addr=253570000 end=253586321 air_us=1020 gap_us=174
REC oseq=366 s0=0x01 len=0 crc=1 rssi=-31 pairid=246 txtag=64 st=0x00 addr=253589106 end=253589427 air_us=20 gap_us=174
REC oseq=367 s0=0x16 len=250 crc=1 rssi=-52 pairid=246 txtag=64 st=0x00 addr=253592224 end=253608545 air_us=1020 gap_us=174
REC oseq=368 s0=0x0d len=0 crc=1 rssi=-32 pairid=246 txtag=64 st=0x00 addr=253611330 end=253611651 air_us=20 gap_us=174
REC oseq=369 s0=0x1a len=250 crc=1 rssi=-52 pairid=246 txtag=64 st=0x00 addr=253614449 end=253630770 air_us=1020 gap_us=174
REC oseq=370 s0=0x01 len=0 crc=1 rssi=-32 pairid=246 txtag=64 st=0x00 addr=253633555 end=253633876 air_us=20 gap_us=174
REC oseq=371 s0=0x16 len=250 crc=0 rssi=-52 pairid=246 txtag=64 st=0x00 addr=253636673 end=253652994 air_us=1020 gap_us=174
REC oseq=372 s0=0x12 len=251 crc=1 rssi=-31 pairid=247 txtag=64 st=0x00 addr=254848587 end=254864972 air_us=1024 gap_us=74724
REC oseq=373 s0=0x16 len=250 crc=1 rssi=-52 pairid=246 txtag=64 st=0x00 addr=254867766 end=254884087 air_us=1020 gap_us=174
REC oseq=374 s0=0x1e len=239 crc=1 rssi=-31 pairid=235 txtag=64 st=0x00 addr=254886875 end=254902492 air_us=976 gap_us=174
REC oseq=375 s0=0x1a len=250 crc=1 rssi=-51 pairid=246 txtag=64 st=0x00 addr=254905287 end=254921608 air_us=1020 gap_us=174
REC oseq=376 s0=0x12 len=251 crc=1 rssi=-31 pairid=247 txtag=64 st=0x00 addr=254924396 end=254940781 air_us=1024 gap_us=174
REC oseq=377 s0=0x16 len=250 crc=1 rssi=-52 pairid=246 txtag=64 st=0x00 addr=254943575 end=254959896 air_us=1020 gap_us=174
REC oseq=378 s0=0x1e len=239 crc=0 rssi=-31 pairid=235 txtag=64 st=0x00 addr=254962684 end=254978301 air_us=976 gap_us=174
REC oseq=379 s0=0x9d len=215 crc=0 rssi=-90 pairid=470 txtag=0 st=0x00 addr=258486090 end=258500171 air_us=880 gap_us=219236
REC oseq=380 s0=0x91 len=193 crc=0 rssi=-91 pairid=2304 txtag=0 st=0x00 addr=258524379 end=258537052 air_us=792 gap_us=1513
REC oseq=381 s0=0x12 len=251 crc=1 rssi=-31 pairid=247 txtag=64 st=0x00 addr=260008564 end=260024949 air_us=1024 gap_us=91969
REC oseq=382 s0=0x16 len=250 crc=1 rssi=-52 pairid=246 txtag=64 st=0x00 addr=260027747 end=260044068 air_us=1020 gap_us=174
REC oseq=383 s0=0x1e len=239 crc=1 rssi=-32 pairid=235 txtag=64 st=0x00 addr=260046852 end=260062469 air_us=976 gap_us=174
REC oseq=384 s0=0x1a len=250 crc=1 rssi=-52 pairid=246 txtag=64 st=0x00 addr=260065267 end=260081588 air_us=1020 gap_us=174
REC oseq=385 s0=0x12 len=251 crc=1 rssi=-31 pairid=247 txtag=64 st=0x00 addr=260084373 end=260100758 air_us=1024 gap_us=174
REC oseq=386 s0=0x16 len=250 crc=1 rssi=-52 pairid=246 txtag=64 st=0x00 addr=260103555 end=260119876 air_us=1020 gap_us=174
REC oseq=387 s0=0x1e len=239 crc=0 rssi=-31 pairid=235 txtag=64 st=0x00 addr=260122661 end=260138278 air_us=976 gap_us=174
REC oseq=388 s0=0x21 len=35 crc=0 rssi=-91 pairid=38988 txtag=64 st=0x00 addr=260488560 end=260491121 air_us=160 gap_us=21892
REC oseq=389 s0=0x21 len=35 crc=0 rssi=-91 pairid=55372 txtag=80 st=0x00 addr=260564370 end=260566931 air_us=160 gap_us=4578
REC oseq=390 s0=0x2d len=55 crc=0 rssi=-91 pairid=38992 txtag=72 st=0x00 addr=260602658 end=260606499 air_us=240 gap_us=2232
REC oseq=391 s0=0x9d len=86 crc=0 rssi=-92 pairid=28438 txtag=0 st=0x00 addr=263286070 end=263291895 air_us=364 gap_us=167473
REC oseq=392 s0=0x8e len=173 crc=0 rssi=-90 pairid=22214 txtag=69 st=0x00 addr=265039661 end=265051054 air_us=712 gap_us=109235
REC oseq=393 s0=0x01 len=0 crc=1 rssi=-32 pairid=22214 txtag=69 st=0x00 addr=269728518 end=269728839 air_us=20 gap_us=292341
REC oseq=394 s0=0x16 len=250 crc=1 rssi=-52 pairid=246 txtag=64 st=0x00 addr=269731630 end=269747951 air_us=1020 gap_us=174
REC oseq=395 s0=0x0d len=0 crc=1 rssi=-32 pairid=246 txtag=64 st=0x00 addr=269750742 end=269751063 air_us=20 gap_us=174
REC oseq=396 s0=0x1a len=250 crc=1 rssi=-51 pairid=246 txtag=64 st=0x00 addr=269753854 end=269770175 air_us=1020 gap_us=174
REC oseq=397 s0=0x01 len=0 crc=1 rssi=-32 pairid=246 txtag=64 st=0x00 addr=269772967 end=269773288 air_us=20 gap_us=174
REC oseq=398 s0=0x16 len=250 crc=1 rssi=-52 pairid=246 txtag=64 st=0x00 addr=269776078 end=269792399 air_us=1020 gap_us=174
REC oseq=399 s0=0x0d len=0 crc=1 rssi=-32 pairid=246 txtag=64 st=0x00 addr=269795191 end=269795512 air_us=20 gap_us=174
REC oseq=400 s0=0x1a len=250 crc=1 rssi=-51 pairid=246 txtag=64 st=0x00 addr=269798302 end=269814623 air_us=1020 gap_us=174
REC oseq=401 s0=0x01 len=0 crc=1 rssi=-32 pairid=246 txtag=64 st=0x00 addr=269817415 end=269817736 air_us=20 gap_us=174
REC oseq=402 s0=0x16 len=250 crc=1 rssi=-52 pairid=246 txtag=64 st=0x00 addr=269820526 end=269836847 air_us=1020 gap_us=174
REC oseq=403 s0=0x0d len=0 crc=1 rssi=-32 pairid=246 txtag=64 st=0x00 addr=269839640 end=269839961 air_us=20 gap_us=174
REC oseq=404 s0=0x1a len=250 crc=0 rssi=-51 pairid=246 txtag=64 st=0x00 addr=269842751 end=269859072 air_us=1020 gap_us=174
REC oseq=405 s0=0x2d len=55 crc=0 rssi=-91 pairid=38992 txtag=80 st=0x00 addr=270928513 end=270932354 air_us=240 gap_us=66840
REC oseq=406 s0=0x21 len=35 crc=0 rssi=-90 pairid=38988 txtag=72 st=0x00 addr=270966033 end=270968594 air_us=160 gap_us=2104
REC oseq=407 s0=0x2d len=55 crc=0 rssi=-91 pairid=38992 txtag=72 st=0x00 addr=271004322 end=271008163 air_us=240 gap_us=2233
REC oseq=408 s0=0x21 len=35 crc=0 rssi=-90 pairid=55372 txtag=72 st=0x00 addr=271041843 end=271044404 air_us=160 gap_us=2105
REC oseq=409 s0=0x2d len=55 crc=0 rssi=-91 pairid=55376 txtag=72 st=0x00 addr=271168512 end=271172353 air_us=240 gap_us=7756
REC oseq=410 s0=0x21 len=35 crc=0 rssi=-91 pairid=38988 txtag=72 st=0x00 addr=271206032 end=271208593 air_us=160 gap_us=2104
REC oseq=411 s0=0x2d len=55 crc=0 rssi=-91 pairid=38992 txtag=72 st=0x00 addr=271244322 end=271248163 air_us=240 gap_us=2233
REC oseq=412 s0=0x21 len=35 crc=0 rssi=-91 pairid=38988 txtag=72 st=0x00 addr=271281842 end=271284403 air_us=160 gap_us=2104
REC oseq=413 s0=0x56 len=109 crc=0 rssi=-93 pairid=22908 txtag=99 st=0x00 addr=273448501 end=273455798 air_us=456 gap_us=135256
REC oseq=414 s0=0x91 len=66 crc=0 rssi=-92 pairid=60723 txtag=0 st=0x00 addr=274048498 end=274053043 air_us=284 gap_us=37043
REC oseq=415 s0=0x2d len=55 crc=0 rssi=-91 pairid=38992 txtag=72 st=0x00 addr=276208488 end=276212329 air_us=240 gap_us=134715
REC oseq=416 s0=0x21 len=35 crc=0 rssi=-90 pairid=38988 txtag=73 st=0x00 addr=276246009 end=276248570 air_us=160 gap_us=2105
REC oseq=417 s0=0x21 len=35 crc=0 rssi=-90 pairid=38988 txtag=72 st=0x00 addr=276321819 end=276324380 air_us=160 gap_us=4578
REC oseq=418 s0=0x2d len=35 crc=0 rssi=-90 pairid=38988 txtag=72 st=0x00 addr=279328474 end=279331035 air_us=160 gap_us=187755
REC oseq=419 s0=0x21 len=55 crc=0 rssi=-90 pairid=38992 txtag=72 st=0x00 addr=279366761 end=279370602 air_us=240 gap_us=2232
REC oseq=420 s0=0x2d len=35 crc=0 rssi=-91 pairid=38988 txtag=72 st=0x00 addr=279404283 end=279406844 air_us=160 gap_us=2105
REC oseq=421 s0=0x21 len=55 crc=0 rssi=-91 pairid=55376 txtag=72 st=0x00 addr=279442572 end=279446413 air_us=240 gap_us=2233
REC oseq=422 s0=0x21 len=35 crc=0 rssi=-91 pairid=38988 txtag=72 st=0x00 addr=281488465 end=281491026 air_us=160 gap_us=127628
REC oseq=423 s0=0x21 len=35 crc=0 rssi=-90 pairid=38988 txtag=64 st=0x00 addr=281564274 end=281566835 air_us=160 gap_us=4578
REC oseq=424 s0=0x2d len=55 crc=0 rssi=-91 pairid=38992 txtag=72 st=0x00 addr=281602563 end=281606404 air_us=240 gap_us=2233
REC oseq=425 s0=0x1e len=239 crc=1 rssi=-31 pairid=235 txtag=64 st=0x00 addr=282568460 end=282584077 air_us=976 gap_us=60128
REC oseq=426 s0=0x1a len=250 crc=1 rssi=-51 pairid=246 txtag=64 st=0x00 addr=282586866 end=282603187 air_us=1020 gap_us=174
REC oseq=427 s0=0x12 len=251 crc=1 rssi=-31 pairid=247 txtag=64 st=0x00 addr=282605980 end=282622365 air_us=1024 gap_us=174
REC oseq=428 s0=0x16 len=250 crc=1 rssi=-52 pairid=246 txtag=64 st=0x00 addr=282625154 end=282641475 air_us=1020 gap_us=174
REC oseq=429 s0=0x1e len=239 crc=1 rssi=-31 pairid=235 txtag=64 st=0x00 addr=282644269 end=282659886 air_us=976 gap_us=174
REC oseq=430 s0=0x1a len=250 crc=1 rssi=-51 pairid=246 txtag=64 st=0x00 addr=282662675 end=282678996 air_us=1020 gap_us=174
REC oseq=431 s0=0x12 len=251 crc=0 rssi=-31 pairid=247 txtag=64 st=0x00 addr=282681789 end=282698174 air_us=1024 gap_us=174
REC oseq=432 s0=0x21 len=55 crc=0 rssi=-91 pairid=55376 txtag=80 st=0x00 addr=284157638 end=284161479 air_us=240 gap_us=91216
REC oseq=433 s0=0x2d len=37 crc=0 rssi=-90 pairid=38988 txtag=72 st=0x00 addr=284195143 end=284197832 air_us=168 gap_us=2104
REC oseq=434 s0=0x21 len=55 crc=0 rssi=-90 pairid=55376 txtag=72 st=0x00 addr=284233417 end=284237258 air_us=240 gap_us=2224
REC oseq=435 s0=0x01 len=0 crc=1 rssi=-32 pairid=55376 txtag=72 st=0x00 addr=286648443 end=286648764 air_us=20 gap_us=150699
REC oseq=436 s0=0x16 len=250 crc=1 rssi=-52 pairid=246 txtag=64 st=0x00 addr=286651558 end=286667879 air_us=1020 gap_us=174
REC oseq=437 s0=0x0d len=0 crc=1 rssi=-32 pairid=246 txtag=64 st=0x00 addr=286670667 end=286670988 air_us=20 gap_us=174
REC oseq=438 s0=0x1a len=250 crc=1 rssi=-52 pairid=246 txtag=64 st=0x00 addr=286673782 end=286690103 air_us=1020 gap_us=174
REC oseq=439 s0=0x01 len=0 crc=1 rssi=-32 pairid=246 txtag=64 st=0x00 addr=286692891 end=286693212 air_us=20 gap_us=174
REC oseq=440 s0=0x16 len=250 crc=1 rssi=-52 pairid=246 txtag=64 st=0x00 addr=286696006 end=286712327 air_us=1020 gap_us=174
REC oseq=441 s0=0x0d len=0 crc=1 rssi=-32 pairid=246 txtag=64 st=0x00 addr=286715115 end=286715436 air_us=20 gap_us=174
REC oseq=442 s0=0x1a len=250 crc=1 rssi=-51 pairid=246 txtag=64 st=0x00 addr=286718230 end=286734551 air_us=1020 gap_us=174
REC oseq=443 s0=0x01 len=0 crc=1 rssi=-32 pairid=246 txtag=64 st=0x00 addr=286737339 end=286737660 air_us=20 gap_us=174
REC oseq=444 s0=0x16 len=250 crc=1 rssi=-52 pairid=246 txtag=64 st=0x00 addr=286740455 end=286756776 air_us=1020 gap_us=174
REC oseq=445 s0=0x0d len=0 crc=1 rssi=-32 pairid=246 txtag=64 st=0x00 addr=286759564 end=286759885 air_us=20 gap_us=174
REC oseq=446 s0=0x1a len=250 crc=0 rssi=-51 pairid=246 txtag=64 st=0x00 addr=286762679 end=286779000 air_us=1020 gap_us=174
REC oseq=447 s0=0x12 len=251 crc=1 rssi=-31 pairid=247 txtag=64 st=0x00 addr=287968435 end=287984820 air_us=1024 gap_us=74339
REC oseq=448 s0=0x16 len=250 crc=1 rssi=-52 pairid=246 txtag=64 st=0x00 addr=287987613 end=288003934 air_us=1020 gap_us=174
REC oseq=449 s0=0x1e len=239 crc=1 rssi=-31 pairid=235 txtag=64 st=0x00 addr=288006724 end=288022341 air_us=976 gap_us=174
REC oseq=450 s0=0x1a len=250 crc=1 rssi=-51 pairid=246 txtag=64 st=0x00 addr=288025133 end=288041454 air_us=1020 gap_us=174
REC oseq=451 s0=0x12 len=251 crc=1 rssi=-31 pairid=247 txtag=64 st=0x00 addr=288044244 end=288060629 air_us=1024 gap_us=174
REC oseq=452 s0=0x16 len=250 crc=1 rssi=-52 pairid=246 txtag=64 st=0x00 addr=288063421 end=288079742 air_us=1020 gap_us=174
REC oseq=453 s0=0x1e len=239 crc=0 rssi=-31 pairid=235 txtag=64 st=0x00 addr=288082533 end=288098150 air_us=976 gap_us=174
REC oseq=454 s0=0x01 len=0 crc=1 rssi=-32 pairid=235 txtag=64 st=0x00 addr=288688432 end=288688753 air_us=20 gap_us=36892
REC oseq=455 s0=0x16 len=250 crc=0 rssi=-52 pairid=246 txtag=64 st=0x00 addr=288691543 end=288707864 air_us=1020 gap_us=174
REC oseq=456 s0=0x01 len=0 crc=1 rssi=-32 pairid=246 txtag=64 st=0x00 addr=288710656 end=288710977 air_us=20 gap_us=174
REC oseq=457 s0=0x16 len=250 crc=0 rssi=-52 pairid=246 txtag=64 st=0x00 addr=288713767 end=288730088 air_us=1020 gap_us=174
REC oseq=458 s0=0x0d len=0 crc=1 rssi=-32 pairid=246 txtag=64 st=0x00 addr=288732881 end=288733202 air_us=20 gap_us=174
REC oseq=459 s0=0x1a len=250 crc=1 rssi=-51 pairid=246 txtag=64 st=0x00 addr=288735991 end=288752312 air_us=1020 gap_us=174
REC oseq=460 s0=0x01 len=0 crc=1 rssi=-32 pairid=246 txtag=64 st=0x00 addr=288755105 end=288755426 air_us=20 gap_us=174
REC oseq=461 s0=0x16 len=250 crc=1 rssi=-52 pairid=246 txtag=64 st=0x00 addr=288758216 end=288774537 air_us=1020 gap_us=174
REC oseq=462 s0=0x0d len=0 crc=1 rssi=-32 pairid=246 txtag=64 st=0x00 addr=288777329 end=288777650 air_us=20 gap_us=174
REC oseq=463 s0=0x1a len=250 crc=1 rssi=-52 pairid=246 txtag=64 st=0x00 addr=288780440 end=288796761 air_us=1020 gap_us=174
REC oseq=464 s0=0x01 len=0 crc=1 rssi=-32 pairid=246 txtag=64 st=0x00 addr=288799553 end=288799874 air_us=20 gap_us=174
REC oseq=465 s0=0x16 len=250 crc=0 rssi=-52 pairid=246 txtag=64 st=0x00 addr=288802664 end=288818985 air_us=1020 gap_us=174
REC oseq=466 s0=0x82 len=157 crc=0 rssi=-91 pairid=63410 txtag=213 st=0x00 addr=289092880 end=289103249 air_us=648 gap_us=17118
REC oseq=467 s0=0x8e len=165 crc=0 rssi=-91 pairid=38086 txtag=181 st=0x00 addr=289115105 end=289125986 air_us=680 gap_us=741
REC oseq=468 s0=0x82 len=191 crc=0 rssi=-92 pairid=64434 txtag=133 st=0x00 addr=289288431 end=289300976 air_us=784 gap_us=10152
REC oseq=469 s0=0x59 len=237 crc=0 rssi=-93 pairid=39699 txtag=163 st=0x00 addr=292408416 end=292423905 air_us=968 gap_us=194215
REC oseq=470 s0=0x9d len=66 crc=0 rssi=-90 pairid=17570 txtag=0 st=0x00 addr=292686704 end=292691249 air_us=284 gap_us=16424
REC oseq=471 s0=0x9b len=65 crc=0 rssi=-90 pairid=19794 txtag=0 st=0x00 addr=292762514 end=292766995 air_us=280 gap_us=4454
REC oseq=472 s0=0x2d len=55 crc=0 rssi=-90 pairid=38993 txtag=72 st=0x00 addr=292768415 end=292772256 air_us=240 gap_us=88
REC oseq=473 s0=0x2d len=55 crc=0 rssi=-90 pairid=38992 txtag=72 st=0x00 addr=292844223 end=292848064 air_us=240 gap_us=4497
REC oseq=474 s0=0x11 len=35 crc=0 rssi=-90 pairid=38988 txtag=80 st=0x00 addr=292881744 end=292884305 air_us=160 gap_us=2105
REC oseq=475 s0=0x12 len=251 crc=1 rssi=-31 pairid=247 txtag=64 st=0x00 addr=292888413 end=292904798 air_us=1024 gap_us=256
REC oseq=476 s0=0x16 len=250 crc=1 rssi=-52 pairid=246 txtag=64 st=0x00 addr=292907594 end=292923915 air_us=1020 gap_us=174
REC oseq=477 s0=0x1e len=239 crc=1 rssi=-31 pairid=235 txtag=64 st=0x00 addr=292926701 end=292942318 air_us=976 gap_us=174
REC oseq=478 s0=0x1a len=250 crc=1 rssi=-51 pairid=246 txtag=64 st=0x00 addr=292945115 end=292961436 air_us=1020 gap_us=174
REC oseq=479 s0=0x12 len=251 crc=1 rssi=-31 pairid=247 txtag=64 st=0x00 addr=292964222 end=292980607 air_us=1024 gap_us=174
REC oseq=480 s0=0x16 len=250 crc=1 rssi=-52 pairid=246 txtag=64 st=0x00 addr=292983403 end=292999724 air_us=1020 gap_us=174
REC oseq=481 s0=0x1e len=239 crc=0 rssi=-32 pairid=235 txtag=64 st=0x00 addr=293002511 end=293018128 air_us=976 gap_us=174
REC oseq=482 s0=0x2d len=55 crc=0 rssi=-91 pairid=38992 txtag=72 st=0x00 addr=293248411 end=293252252 air_us=240 gap_us=14392
REC oseq=483 s0=0x2d len=55 crc=0 rssi=-91 pairid=38992 txtag=68 st=0x00 addr=293324221 end=293328062 air_us=240 gap_us=4498
REC oseq=484 s0=0x21 len=35 crc=0 rssi=-91 pairid=38988 txtag=64 st=0x00 addr=293361741 end=293364302 air_us=160 gap_us=2104
REC oseq=485 s0=0x2d len=35 crc=0 rssi=-91 pairid=38988 txtag=72 st=0x00 addr=296128399 end=296130960 air_us=160 gap_us=172756
REC oseq=486 s0=0x21 len=55 crc=0 rssi=-91 pairid=38992 txtag=72 st=0x00 addr=296166687 end=296170528 air_us=240 gap_us=2232
REC oseq=487 s0=0x2d len=35 crc=0 rssi=-91 pairid=38988 txtag=72 st=0x00 addr=296204208 end=296206769 air_us=160 gap_us=2105
REC oseq=488 s0=0x01 len=183 crc=0 rssi=-90 pairid=38992 txtag=88 st=0x00 addr=296242497 end=296254530 air_us=752 gap_us=2233
REC oseq=489 s0=0x66 len=109 crc=0 rssi=-92 pairid=19328 txtag=167 st=0x00 addr=296444208 end=296451506 air_us=456 gap_us=11854
REC oseq=490 s0=0x2d len=35 crc=0 rssi=-90 pairid=38989 txtag=72 st=0x00 addr=296608397 end=296610958 air_us=160 gap_us=9805
REC oseq=491 s0=0x21 len=55 crc=0 rssi=-90 pairid=55376 txtag=64 st=0x00 addr=296646685 end=296650526 air_us=240 gap_us=2232
REC oseq=492 s0=0x2d len=35 crc=0 rssi=-90 pairid=55372 txtag=72 st=0x00 addr=296684206 end=296686767 air_us=160 gap_us=2105
REC oseq=493 s0=0x21 len=55 crc=0 rssi=-90 pairid=38992 txtag=72 st=0x00 addr=296722494 end=296726335 air_us=240 gap_us=2232
REC oseq=494 s0=0x9d len=213 crc=0 rssi=-91 pairid=37220 txtag=0 st=0x00 addr=301205897 end=301219850 air_us=872 gap_us=279972
REC oseq=495 s0=0x9d len=81 crc=0 rssi=-91 pairid=51356 txtag=0 st=0x00 addr=301281705 end=301287210 air_us=344 gap_us=3865
REC oseq=496 s0=0x21 len=55 crc=0 rssi=-91 pairid=38992 txtag=72 st=0x00 addr=302128370 end=302132211 air_us=240 gap_us=52572
REC oseq=497 s0=0x32 len=216 crc=0 rssi=-90 pairid=35459 txtag=253 st=0x00 addr=302188884 end=302203029 air_us=884 gap_us=3542
REC oseq=498 s0=0x3e len=216 crc=0 rssi=-90 pairid=502 txtag=204 st=0x00 addr=302211108 end=302225253 air_us=884 gap_us=504
REC oseq=499 s0=0x32 len=216 crc=0 rssi=-89 pairid=35459 txtag=253 st=0x00 addr=302233331 end=302247476 air_us=884 gap_us=504
REC oseq=500 s0=0x21 len=227 crc=0 rssi=-91 pairid=38988 txtag=72 st=0x00 addr=304288361 end=304303210 air_us=928 gap_us=127555
REC oseq=501 s0=0x2d len=55 crc=0 rssi=-92 pairid=38992 txtag=72 st=0x00 addr=304326635 end=304330476 air_us=240 gap_us=1464
REC oseq=502 s0=0x21 len=35 crc=0 rssi=-90 pairid=38988 txtag=72 st=0x00 addr=304364140 end=304366702 air_us=160 gap_us=2104
REC oseq=503 s0=0x2c len=55 crc=0 rssi=-91 pairid=38992 txtag=64 st=0x00 addr=304402425 end=304406266 air_us=240 gap_us=2232
REC oseq=504 s0=0xad len=65 crc=0 rssi=-91 pairid=35130 txtag=0 st=0x00 addr=304408361 end=304412842 air_us=280 gap_us=130
REC oseq=505 s0=0x81 len=85 crc=0 rssi=-92 pairid=1310 txtag=96 st=0x00 addr=304445882 end=304451643 air_us=360 gap_us=2065
REC oseq=506 s0=0x32 len=216 crc=0 rssi=-90 pairid=35459 txtag=245 st=0x00 addr=305008360 end=305022505 air_us=884 gap_us=34794
REC oseq=507 s0=0x3e len=216 crc=0 rssi=-91 pairid=33270 txtag=253 st=0x00 addr=305030584 end=305044729 air_us=884 gap_us=504
REC oseq=508 s0=0x32 len=216 crc=0 rssi=-90 pairid=2691 txtag=252 st=0x00 addr=305052809 end=305066954 air_us=884 gap_us=505
REC oseq=509 s0=0x3d len=212 crc=0 rssi=-90 pairid=39090 txtag=76 st=0x00 addr=305075033 end=305088922 air_us=868 gap_us=504
REC oseq=510 s0=0x3e len=216 crc=0 rssi=-90 pairid=33270 txtag=197 st=0x00 addr=305120249 end=305134394 air_us=884 gap_us=1957
REC oseq=511 s0=0x01 len=0 crc=1 rssi=-32 pairid=33270 txtag=197 st=0x00 addr=305150582 end=305150903 air_us=20 gap_us=1011
REC oseq=512 s0=0x16 len=250 crc=1 rssi=-52 pairid=246 txtag=64 st=0x00 addr=305153699 end=305170020 air_us=1020 gap_us=174
REC oseq=513 s0=0x0d len=0 crc=1 rssi=-32 pairid=246 txtag=64 st=0x00 addr=305172807 end=305173128 air_us=20 gap_us=174
REC oseq=514 s0=0x1a len=250 crc=1 rssi=-52 pairid=246 txtag=64 st=0x00 addr=305175923 end=305192244 air_us=1020 gap_us=174
REC oseq=515 s0=0x01 len=0 crc=1 rssi=-32 pairid=246 txtag=64 st=0x00 addr=305195031 end=305195352 air_us=20 gap_us=174
REC oseq=516 s0=0x16 len=250 crc=1 rssi=-52 pairid=246 txtag=64 st=0x00 addr=305198147 end=305214468 air_us=1020 gap_us=174
REC oseq=517 s0=0x0d len=0 crc=1 rssi=-32 pairid=246 txtag=64 st=0x00 addr=305217255 end=305217576 air_us=20 gap_us=174
REC oseq=518 s0=0x1a len=250 crc=1 rssi=-51 pairid=246 txtag=64 st=0x00 addr=305220371 end=305236692 air_us=1020 gap_us=174
REC oseq=519 s0=0x01 len=0 crc=1 rssi=-32 pairid=246 txtag=64 st=0x00 addr=305239480 end=305239801 air_us=20 gap_us=174
REC oseq=520 s0=0x16 len=250 crc=0 rssi=-52 pairid=246 txtag=64 st=0x00 addr=305242596 end=305258917 air_us=1020 gap_us=174
REC oseq=521 s0=0x1e len=251 crc=1 rssi=-31 pairid=247 txtag=64 st=0x00 addr=306448352 end=306464737 air_us=1024 gap_us=74339
REC oseq=522 s0=0x1a len=250 crc=1 rssi=-51 pairid=246 txtag=64 st=0x00 addr=306467529 end=306483850 air_us=1020 gap_us=174
REC oseq=523 s0=0x12 len=239 crc=1 rssi=-31 pairid=235 txtag=64 st=0x00 addr=306486640 end=306502257 air_us=976 gap_us=174
REC oseq=524 s0=0x16 len=250 crc=1 rssi=-52 pairid=246 txtag=64 st=0x00 addr=306505049 end=306521370 air_us=1020 gap_us=174
REC oseq=525 s0=0x1e len=251 crc=1 rssi=-31 pairid=247 txtag=64 st=0x00 addr=306524161 end=306540546 air_us=1024 gap_us=174
REC oseq=526 s0=0x1a len=250 crc=1 rssi=-51 pairid=246 txtag=64 st=0x00 addr=306543338 end=306559659 air_us=1020 gap_us=174
REC oseq=527 s0=0x12 len=239 crc=0 rssi=-31 pairid=235 txtag=64 st=0x00 addr=306562450 end=306578067 air_us=976 gap_us=174
REC oseq=528 s0=0x21 len=55 crc=0 rssi=-91 pairid=38992 txtag=72 st=0x00 addr=307048348 end=307052189 air_us=240 gap_us=29392
REC oseq=529 s0=0x2d len=35 crc=0 rssi=-90 pairid=38988 txtag=72 st=0x00 addr=307085869 end=307088430 air_us=160 gap_us=2105
REC oseq=530 s0=0xed len=35 crc=0 rssi=-91 pairid=38988 txtag=72 st=0x00 addr=307161679 end=307164240 air_us=160 gap_us=4578
REC oseq=531 s0=0x12 len=251 crc=1 rssi=-31 pairid=247 txtag=64 st=0x00 addr=309088339 end=309104724 air_us=1024 gap_us=120256
REC oseq=532 s0=0x16 len=250 crc=1 rssi=-52 pairid=246 txtag=64 st=0x00 addr=309107510 end=309123831 air_us=1020 gap_us=174
REC oseq=533 s0=0x1e len=239 crc=1 rssi=-31 pairid=235 txtag=64 st=0x00 addr=309126628 end=309142245 air_us=976 gap_us=174
REC oseq=534 s0=0x1a len=250 crc=1 rssi=-51 pairid=246 txtag=64 st=0x00 addr=309145030 end=309161351 air_us=1020 gap_us=174
REC oseq=535 s0=0x12 len=251 crc=1 rssi=-32 pairid=247 txtag=64 st=0x00 addr=309164148 end=309180533 air_us=1024 gap_us=174
REC oseq=536 s0=0x16 len=250 crc=1 rssi=-52 pairid=246 txtag=64 st=0x00 addr=309183318 end=309199639 air_us=1020 gap_us=174
REC oseq=537 s0=0x1e len=239 crc=0 rssi=-31 pairid=235 txtag=64 st=0x00 addr=309202437 end=309218054 air_us=976 gap_us=174
REC oseq=538 s0=0x2d len=55 crc=0 rssi=-90 pairid=38992 txtag=72 st=0x00 addr=309448339 end=309452180 air_us=240 gap_us=14392
REC oseq=539 s0=0x2d len=55 crc=0 rssi=-90 pairid=38992 txtag=64 st=0x00 addr=309524148 end=309527989 air_us=240 gap_us=4498
REC oseq=540 s0=0x21 len=35 crc=0 rssi=-91 pairid=38988 txtag=72 st=0x00 addr=309561668 end=309564229 air_us=160 gap_us=2104
REC oseq=541 s0=0x91 len=193 crc=0 rssi=-91 pairid=30304 txtag=0 st=0x00 addr=311848328 end=311861001 air_us=792 gap_us=142756
REC oseq=542 s0=0x12 len=251 crc=1 rssi=-31 pairid=247 txtag=64 st=0x00 addr=314128317 end=314144702 air_us=1024 gap_us=141707
REC oseq=543 s0=0x16 len=250 crc=0 rssi=-52 pairid=246 txtag=64 st=0x00 addr=314147491 end=314163812 air_us=1020 gap_us=174
REC oseq=544 s0=0x12 len=251 crc=1 rssi=-31 pairid=247 txtag=64 st=0x00 addr=314166605 end=314182990 air_us=1024 gap_us=174
REC oseq=545 s0=0x16 len=250 crc=1 rssi=-52 pairid=246 txtag=64 st=0x00 addr=314185779 end=314202100 air_us=1020 gap_us=174
REC oseq=546 s0=0x1e len=239 crc=1 rssi=-31 pairid=235 txtag=64 st=0x00 addr=314204894 end=314220511 air_us=976 gap_us=174
REC oseq=547 s0=0x1a len=250 crc=1 rssi=-52 pairid=246 txtag=64 st=0x00 addr=314223300 end=314239621 air_us=1020 gap_us=174
REC oseq=548 s0=0x12 len=251 crc=0 rssi=-32 pairid=247 txtag=64 st=0x00 addr=314242414 end=314258799 air_us=1024 gap_us=174
REC oseq=549 s0=0x91 len=85 crc=0 rssi=-91 pairid=6012 txtag=0 st=0x00 addr=314488315 end=314494076 air_us=360 gap_us=14344
REC oseq=550 s0=0x1e len=239 crc=1 rssi=-31 pairid=235 txtag=64 st=0x00 addr=314848315 end=314863932 air_us=976 gap_us=22139
REC oseq=551 s0=0x21 len=35 crc=0 rssi=-90 pairid=38988 txtag=72 st=0x00 addr=315328312 end=315330873 air_us=160 gap_us=29023
REC oseq=552 s0=0x29 len=55 crc=0 rssi=-91 pairid=38992 txtag=68 st=0x00 addr=315366600 end=315370441 air_us=240 gap_us=2232
REC oseq=553 s0=0x21 len=35 crc=0 rssi=-91 pairid=38988 txtag=72 st=0x00 addr=315404120 end=315406681 air_us=160 gap_us=2104
REC oseq=554 s0=0x2d len=55 crc=0 rssi=-90 pairid=38992 txtag=80 st=0x00 addr=315442409 end=315446250 air_us=240 gap_us=2233
REC oseq=555 s0=0x12 len=239 crc=1 rssi=-31 pairid=235 txtag=64 st=0x00 addr=317128302 end=317143919 air_us=976 gap_us=105128
REC oseq=556 s0=0x16 len=250 crc=1 rssi=-52 pairid=246 txtag=64 st=0x00 addr=317146717 end=317163038 air_us=1020 gap_us=174
REC oseq=557 s0=0x1e len=251 crc=1 rssi=-31 pairid=247 txtag=64 st=0x00 addr=317165823 end=317182208 air_us=1024 gap_us=174
REC oseq=558 s0=0x1a len=250 crc=1 rssi=-51 pairid=246 txtag=64 st=0x00 addr=317185006 end=317201327 air_us=1020 gap_us=174
REC oseq=559 s0=0x12 len=239 crc=1 rssi=-31 pairid=235 txtag=64 st=0x00 addr=317204111 end=317219728 air_us=976 gap_us=174
REC oseq=560 s0=0x16 len=250 crc=1 rssi=-52 pairid=246 txtag=64 st=0x00 addr=317222526 end=317238847 air_us=1020 gap_us=174
REC oseq=561 s0=0x1e len=251 crc=0 rssi=-31 pairid=247 txtag=64 st=0x00 addr=317241632 end=317258017 air_us=1024 gap_us=174
REC oseq=562 s0=0x45 len=150 crc=0 rssi=-92 pairid=49443 txtag=18 st=0x00 addr=319070518 end=319080439 air_us=620 gap_us=113281
REC oseq=563 s0=0x92 len=203 crc=0 rssi=-90 pairid=34438 txtag=165 st=0x00 addr=321568282 end=321581595 air_us=832 gap_us=155490
REC oseq=564 s0=0x82 len=161 crc=0 rssi=-89 pairid=31666 txtag=180 st=0x00 addr=321612731 end=321623356 air_us=664 gap_us=1946
REC oseq=565 s0=0x96 len=213 crc=0 rssi=-90 pairid=52742 txtag=69 st=0x00 addr=321679405 end=321693358 air_us=872 gap_us=3503
REC oseq=566 s0=0x3e len=216 crc=0 rssi=-91 pairid=33270 txtag=253 st=0x00 addr=322168280 end=322182425 air_us=884 gap_us=29682
REC oseq=567 s0=0x32 len=216 crc=0 rssi=-89 pairid=2691 txtag=245 st=0x00 addr=322190506 end=322204651 air_us=884 gap_us=505
REC oseq=568 s0=0x21 len=247 crc=0 rssi=-91 pairid=38993 txtag=72 st=0x00 addr=322219722 end=322235851 air_us=1008 gap_us=941
REC oseq=569 s0=0x2d len=195 crc=0 rssi=-91 pairid=38988 txtag=72 st=0x00 addr=322257241 end=322270042 air_us=800 gap_us=1336
REC oseq=570 s0=0x1e len=251 crc=1 rssi=-31 pairid=247 txtag=64 st=0x00 addr=322528278 end=322544663 air_us=1024 gap_us=16139
REC oseq=571 s0=0x1a len=250 crc=1 rssi=-51 pairid=246 txtag=64 st=0x00 addr=322547448 end=322563769 air_us=1020 gap_us=174
REC oseq=572 s0=0x12 len=239 crc=1 rssi=-31 pairid=235 txtag=64 st=0x00 addr=322566567 end=322582184 air_us=976 gap_us=174
REC oseq=573 s0=0x16 len=250 crc=1 rssi=-52 pairid=246 txtag=64 st=0x00 addr=322584968 end=322601289 air_us=1020 gap_us=174
REC oseq=574 s0=0x1e len=251 crc=1 rssi=-32 pairid=247 txtag=64 st=0x00 addr=322604087 end=322620472 air_us=1024 gap_us=174
REC oseq=575 s0=0x1a len=250 crc=1 rssi=-52 pairid=246 txtag=64 st=0x00 addr=322623257 end=322639578 air_us=1020 gap_us=174
REC oseq=576 s0=0x12 len=239 crc=0 rssi=-31 pairid=235 txtag=64 st=0x00 addr=322642376 end=322657993 air_us=976 gap_us=174
REC oseq=577 s0=0x16 len=250 crc=1 rssi=-52 pairid=246 txtag=64 st=0x00 addr=322666679 end=322683000 air_us=1020 gap_us=542
REC oseq=578 s0=0x1e len=251 crc=1 rssi=-31 pairid=247 txtag=64 st=0x00 addr=322685798 end=322702183 air_us=1024 gap_us=174
REC oseq=579 s0=0x1a len=250 crc=1 rssi=-51 pairid=246 txtag=64 st=0x00 addr=322704968 end=322721289 air_us=1020 gap_us=174
REC oseq=580 s0=0x12 len=239 crc=1 rssi=-31 pairid=235 txtag=64 st=0x00 addr=322724086 end=322739703 air_us=976 gap_us=174
REC oseq=581 s0=0x16 len=250 crc=1 rssi=-52 pairid=246 txtag=64 st=0x00 addr=322742488 end=322758809 air_us=1020 gap_us=174
REC oseq=582 s0=0x1e len=251 crc=0 rssi=-31 pairid=247 txtag=64 st=0x00 addr=322761607 end=322777992 air_us=1024 gap_us=174
REC oseq=583 s0=0x01 len=0 crc=1 rssi=-32 pairid=247 txtag=64 st=0x00 addr=326848259 end=326848580 air_us=20 gap_us=254391
REC oseq=584 s0=0x16 len=250 crc=1 rssi=-52 pairid=246 txtag=64 st=0x00 addr=326851368 end=326867689 air_us=1020 gap_us=174
REC oseq=585 s0=0x0d len=0 crc=1 rssi=-32 pairid=246 txtag=64 st=0x00 addr=326870483 end=326870804 air_us=20 gap_us=174
REC oseq=586 s0=0x1a len=250 crc=1 rssi=-51 pairid=246 txtag=64 st=0x00 addr=326873592 end=326889913 air_us=1020 gap_us=174
REC oseq=587 s0=0x01 len=0 crc=1 rssi=-32 pairid=246 txtag=64 st=0x00 addr=326892708 end=326893029 air_us=20 gap_us=174
REC oseq=588 s0=0x16 len=250 crc=1 rssi=-52 pairid=246 txtag=64 st=0x00 addr=326895817 end=326912138 air_us=1020 gap_us=174
REC oseq=589 s0=0x0d len=0 crc=1 rssi=-32 pairid=246 txtag=64 st=0x00 addr=326914932 end=326915253 air_us=20 gap_us=174
REC oseq=590 s0=0x1a len=250 crc=1 rssi=-52 pairid=246 txtag=64 st=0x00 addr=326918041 end=326934362 air_us=1020 gap_us=174
REC oseq=591 s0=0x01 len=0 crc=1 rssi=-32 pairid=246 txtag=64 st=0x00 addr=326937156 end=326937477 air_us=20 gap_us=174
REC oseq=592 s0=0x16 len=250 crc=1 rssi=-52 pairid=246 txtag=64 st=0x00 addr=326940265 end=326956586 air_us=1020 gap_us=174
REC oseq=593 s0=0x0d len=0 crc=1 rssi=-32 pairid=246 txtag=64 st=0x00 addr=326959380 end=326959701 air_us=20 gap_us=174
REC oseq=594 s0=0x1a len=250 crc=0 rssi=-51 pairid=246 txtag=64 st=0x00 addr=326962490 end=326978811 air_us=1020 gap_us=174
REC oseq=595 s0=0x1e len=251 crc=1 rssi=-31 pairid=247 txtag=64 st=0x00 addr=327688254 end=327704639 air_us=1024 gap_us=44340
REC oseq=596 s0=0x1a len=250 crc=1 rssi=-52 pairid=246 txtag=64 st=0x00 addr=327707426 end=327723747 air_us=1020 gap_us=174
REC oseq=597 s0=0x12 len=239 crc=1 rssi=-31 pairid=235 txtag=64 st=0x00 addr=327726543 end=327742160 air_us=976 gap_us=174
REC oseq=598 s0=0x16 len=250 crc=1 rssi=-52 pairid=246 txtag=64 st=0x00 addr=327744947 end=327761268 air_us=1020 gap_us=174
REC oseq=599 s0=0x1e len=251 crc=1 rssi=-32 pairid=247 txtag=64 st=0x00 addr=327764063 end=327780448 air_us=1024 gap_us=174
REC oseq=600 s0=0x1a len=250 crc=1 rssi=-51 pairid=246 txtag=64 st=0x00 addr=327783235 end=327799556 air_us=1020 gap_us=174
REC oseq=601 s0=0x12 len=239 crc=0 rssi=-31 pairid=235 txtag=64 st=0x00 addr=327802352 end=327817969 air_us=976 gap_us=174
REC oseq=602 s0=0x38 len=131 crc=0 rssi=-67 pairid=4832 txtag=124 st=0x00 addr=329937080 end=329945786 air_us=544 gap_us=132444
REC oseq=603 s0=0x59 len=133 crc=0 rssi=-91 pairid=2622 txtag=39 st=0x00 addr=329968245 end=329977078 air_us=552 gap_us=1403
REC oseq=604 s0=0x9a len=87 crc=0 rssi=-91 pairid=27103 txtag=0 st=0x00 addr=334484034 end=334489923 air_us=368 gap_us=281684
REC oseq=605 s0=0x91 len=193 crc=0 rssi=-90 pairid=2407 txtag=16 st=0x00 addr=334522323 end=334534996 air_us=792 gap_us=2025
REC oseq=606 s0=0x32 len=216 crc=0 rssi=-90 pairid=35459 txtag=255 st=0x00 addr=337910432 end=337924577 air_us=884 gap_us=210964
REC oseq=607 s0=0x3e len=216 crc=0 rssi=-91 pairid=33271 txtag=245 st=0x00 addr=337932657 end=337946802 air_us=884 gap_us=505
REC oseq=608 s0=0x32 len=216 crc=0 rssi=-89 pairid=35459 txtag=205 st=0x00 addr=337954881 end=337969026 air_us=884 gap_us=504
REC oseq=609 s0=0x32 len=216 crc=0 rssi=-89 pairid=2691 txtag=205 st=0x00 addr=337999331 end=338013476 air_us=884 gap_us=1894
REC oseq=610 s0=0x91 len=65 crc=0 rssi=-90 pairid=51574 txtag=8 st=0x00 addr=339928198 end=339932679 air_us=280 gap_us=119670
REC oseq=611 s0=0x91 len=66 crc=0 rssi=-90 pairid=50516 txtag=0 st=0x00 addr=340004009 end=340008554 air_us=284 gap_us=4458
REC oseq=612 s0=0x86 len=173 crc=0 rssi=-90 pairid=39858 txtag=69 st=0x00 addr=340408197 end=340419590 air_us=712 gap_us=24977
REC oseq=613 s0=0x8e len=173 crc=0 rssi=-89 pairid=61639 txtag=100 st=0x00 addr=341240084 end=341251477 air_us=712 gap_us=51280
REC oseq=614 s0=0x21 len=55 crc=0 rssi=-91 pairid=38992 txtag=72 st=0x00 addr=345808173 end=345812014 air_us=240 gap_us=284793
REC oseq=615 s0=0x3d len=212 crc=0 rssi=-90 pairid=39091 txtag=12 st=0x00 addr=345845693 end=345859582 air_us=868 gap_us=2104
REC oseq=616 s0=0x32 len=216 crc=0 rssi=-91 pairid=35459 txtag=205 st=0x00 addr=345868685 end=345882830 air_us=884 gap_us=568
REC oseq=617 s0=0x3e len=216 crc=0 rssi=-90 pairid=33271 txtag=253 st=0x00 addr=345890910 end=345905055 air_us=884 gap_us=505
REC oseq=618 s0=0x32 len=216 crc=0 rssi=-90 pairid=35459 txtag=101 st=0x00 addr=345913135 end=345927280 air_us=884 gap_us=505
REC oseq=619 s0=0x81 len=161 crc=0 rssi=-91 pairid=53644 txtag=69 st=0x00 addr=349257054 end=349267679 air_us=664 gap_us=208110
REC oseq=620 s0=0x8e len=173 crc=0 rssi=-91 pairid=54470 txtag=173 st=0x00 addr=349280046 end=349291439 air_us=712 gap_us=772
REC oseq=621 s0=0x82 len=77 crc=0 rssi=-90 pairid=22450 txtag=117 st=0x00 addr=349452605 end=349457854 air_us=328 gap_us=10072
REC oseq=622 s0=0x39 len=55 crc=0 rssi=-90 pairid=38992 txtag=72 st=0x00 addr=350286442 end=350290283 air_us=240 gap_us=51786
REC oseq=623 s0=0x2d len=35 crc=0 rssi=-90 pairid=38988 txtag=72 st=0x00 addr=350323961 end=350326522 air_us=160 gap_us=2104
REC oseq=624 s0=0x21 len=55 crc=0 rssi=-90 pairid=38992 txtag=72 st=0x00 addr=350362251 end=350366092 air_us=240 gap_us=2233
REC oseq=625 s0=0x21 len=55 crc=0 rssi=-90 pairid=38992 txtag=72 st=0x00 addr=350766439 end=350770280 air_us=240 gap_us=25021
REC oseq=626 s0=0x2d len=35 crc=0 rssi=-91 pairid=38988 txtag=72 st=0x00 addr=350803959 end=350806520 air_us=160 gap_us=2104
REC oseq=627 s0=0x21 len=55 crc=0 rssi=-90 pairid=38992 txtag=72 st=0x00 addr=350842247 end=350846088 air_us=240 gap_us=2232
REC oseq=628 s0=0x2d len=55 crc=0 rssi=-91 pairid=38992 txtag=80 st=0x00 addr=353046428 end=353050269 air_us=240 gap_us=137521
REC oseq=629 s0=0x21 len=35 crc=0 rssi=-90 pairid=38988 txtag=72 st=0x00 addr=353083949 end=353086510 air_us=160 gap_us=2105
REC oseq=630 s0=0x2b len=87 crc=0 rssi=-90 pairid=38992 txtag=80 st=0x00 addr=353122237 end=353128126 air_us=368 gap_us=2232
REC oseq=631 s0=0x0d len=0 crc=1 rssi=-32 pairid=38992 txtag=80 st=0x00 addr=357088121 end=357088442 air_us=20 gap_us=247499
REC oseq=632 s0=0x1a len=250 crc=1 rssi=-52 pairid=246 txtag=64 st=0x00 addr=357091236 end=357107557 air_us=1020 gap_us=174
REC oseq=633 s0=0x01 len=0 crc=1 rssi=-32 pairid=246 txtag=64 st=0x00 addr=357110345 end=357110666 air_us=20 gap_us=174
REC oseq=634 s0=0x16 len=250 crc=1 rssi=-52 pairid=246 txtag=64 st=0x00 addr=357113460 end=357129781 air_us=1020 gap_us=174
REC oseq=635 s0=0x0d len=0 crc=1 rssi=-32 pairid=246 txtag=64 st=0x00 addr=357132569 end=357132890 air_us=20 gap_us=174
REC oseq=636 s0=0x1a len=250 crc=1 rssi=-52 pairid=246 txtag=64 st=0x00 addr=357135684 end=357152005 air_us=1020 gap_us=174
REC oseq=637 s0=0x01 len=0 crc=1 rssi=-32 pairid=246 txtag=64 st=0x00 addr=357154793 end=357155114 air_us=20 gap_us=174
REC oseq=638 s0=0x16 len=250 crc=1 rssi=-52 pairid=246 txtag=64 st=0x00 addr=357157908 end=357174229 air_us=1020 gap_us=174
REC oseq=639 s0=0x0d len=0 crc=1 rssi=-32 pairid=246 txtag=64 st=0x00 addr=357177018 end=357177339 air_us=20 gap_us=174
REC oseq=640 s0=0x1a len=250 crc=1 rssi=-51 pairid=246 txtag=64 st=0x00 addr=357180132 end=357196453 air_us=1020 gap_us=174
REC oseq=641 s0=0x01 len=0 crc=1 rssi=-32 pairid=246 txtag=64 st=0x00 addr=357199242 end=357199563 air_us=20 gap_us=174
REC oseq=642 s0=0x16 len=250 crc=0 rssi=-52 pairid=246 txtag=64 st=0x00 addr=357202356 end=357218677 air_us=1020 gap_us=174
REC oseq=643 s0=0x91 len=86 crc=0 rssi=-90 pairid=52476 txtag=64 st=0x00 addr=358325637 end=358331462 air_us=364 gap_us=69185
REC oseq=644 s0=0xee len=196 crc=0 rssi=-67 pairid=41284 txtag=228 st=0x00 addr=360928105 end=360940971 air_us=804 gap_us=162290
REC oseq=645 s0=0x2d len=35 crc=0 rssi=-90 pairid=38988 txtag=72 st=0x00 addr=361685621 end=361688182 air_us=160 gap_us=46540
REC oseq=646 s0=0x21 len=55 crc=0 rssi=-90 pairid=55376 txtag=72 st=0x00 addr=361723909 end=361727750 air_us=240 gap_us=2232
REC oseq=647 s0=0x2d len=3 crc=0 rssi=-91 pairid=38988 txtag=72 st=0x00 addr=361761431 end=361761944 air_us=32 gap_us=2105
REC oseq=648 s0=0x12 len=251 crc=1 rssi=-32 pairid=247 txtag=64 st=0x00 addr=363808090 end=363824475 air_us=1024 gap_us=127884
REC oseq=649 s0=0x16 len=250 crc=1 rssi=-52 pairid=246 txtag=64 st=0x00 addr=363827267 end=363843588 air_us=1020 gap_us=174
REC oseq=650 s0=0x1e len=239 crc=1 rssi=-31 pairid=235 txtag=64 st=0x00 addr=363846378 end=363861995 air_us=976 gap_us=174
REC oseq=651 s0=0x1a len=250 crc=1 rssi=-51 pairid=246 txtag=64 st=0x00 addr=363864788 end=363881109 air_us=1020 gap_us=174
REC oseq=652 s0=0x12 len=251 crc=1 rssi=-31 pairid=247 txtag=64 st=0x00 addr=363883899 end=363900284 air_us=1024 gap_us=174
REC oseq=653 s0=0x16 len=250 crc=1 rssi=-52 pairid=246 txtag=64 st=0x00 addr=363903076 end=363919397 air_us=1020 gap_us=174
REC oseq=654 s0=0x1e len=239 crc=0 rssi=-31 pairid=235 txtag=64 st=0x00 addr=363922187 end=363937804 air_us=976 gap_us=174
REC oseq=655 s0=0x91 len=85 crc=0 rssi=-91 pairid=34938 txtag=0 st=0x00 addr=364041420 end=364047181 air_us=360 gap_us=6476
REC oseq=656 s0=0x01 len=0 crc=1 rssi=-32 pairid=34938 txtag=0 st=0x00 addr=365368083 end=365368404 air_us=20 gap_us=82556
REC oseq=657 s0=0x16 len=250 crc=1 rssi=-52 pairid=246 txtag=64 st=0x00 addr=365371192 end=365387513 air_us=1020 gap_us=174
REC oseq=658 s0=0x0d len=0 crc=1 rssi=-32 pairid=246 txtag=64 st=0x00 addr=365390307 end=365390628 air_us=20 gap_us=174
REC oseq=659 s0=0x1a len=250 crc=1 rssi=-52 pairid=246 txtag=64 st=0x00 addr=365393416 end=365409737 air_us=1020 gap_us=174
REC oseq=660 s0=0x01 len=0 crc=1 rssi=-32 pairid=246 txtag=64 st=0x00 addr=365412531 end=365412852 air_us=20 gap_us=174
REC oseq=661 s0=0x16 len=250 crc=1 rssi=-52 pairid=246 txtag=64 st=0x00 addr=365415640 end=365431961 air_us=1020 gap_us=174
REC oseq=662 s0=0x0d len=0 crc=1 rssi=-32 pairid=246 txtag=64 st=0x00 addr=365434756 end=365435077 air_us=20 gap_us=174
REC oseq=663 s0=0x1a len=250 crc=1 rssi=-51 pairid=246 txtag=64 st=0x00 addr=365437865 end=365454186 air_us=1020 gap_us=174
REC oseq=664 s0=0x01 len=0 crc=1 rssi=-32 pairid=246 txtag=64 st=0x00 addr=365456980 end=365457301 air_us=20 gap_us=174
REC oseq=665 s0=0x16 len=250 crc=1 rssi=-52 pairid=246 txtag=64 st=0x00 addr=365460089 end=365476410 air_us=1020 gap_us=174
REC oseq=666 s0=0x0d len=0 crc=1 rssi=-32 pairid=246 txtag=64 st=0x00 addr=365479204 end=365479525 air_us=20 gap_us=174
REC oseq=667 s0=0x1a len=250 crc=0 rssi=-51 pairid=246 txtag=64 st=0x00 addr=365482313 end=365498634 air_us=1020 gap_us=174
REC oseq=668 s0=0x91 len=67 crc=0 rssi=-91 pairid=31072 txtag=0 st=0x00 addr=366802175 end=366806784 air_us=288 gap_us=81471
REC oseq=669 s0=0x1e len=251 crc=1 rssi=-31 pairid=247 txtag=64 st=0x00 addr=367408074 end=367424459 air_us=1024 gap_us=37580
REC oseq=670 s0=0x12 len=251 crc=1 rssi=-31 pairid=247 txtag=64 st=0x00 addr=369448065 end=369464450 air_us=1024 gap_us=126475
REC oseq=671 s0=0x16 len=250 crc=1 rssi=-52 pairid=246 txtag=64 st=0x00 addr=369467243 end=369483564 air_us=1020 gap_us=174
REC oseq=672 s0=0x1e len=239 crc=1 rssi=-31 pairid=235 txtag=64 st=0x00 addr=369486353 end=369501970 air_us=976 gap_us=174
REC oseq=673 s0=0x1a len=250 crc=1 rssi=-51 pairid=246 txtag=64 st=0x00 addr=369504763 end=369521084 air_us=1020 gap_us=174
REC oseq=674 s0=0x12 len=251 crc=1 rssi=-31 pairid=247 txtag=64 st=0x00 addr=369523874 end=369540259 air_us=1024 gap_us=174
REC oseq=675 s0=0x16 len=250 crc=1 rssi=-52 pairid=246 txtag=64 st=0x00 addr=369543052 end=369559373 air_us=1020 gap_us=174
REC oseq=676 s0=0x1e len=239 crc=0 rssi=-32 pairid=235 txtag=64 st=0x00 addr=369562162 end=369577779 air_us=976 gap_us=174
REC oseq=677 s0=0x91 len=110 crc=0 rssi=-90 pairid=1402 txtag=0 st=0x00 addr=370003871 end=370011232 air_us=460 gap_us=26630
REC oseq=678 s0=0x32 len=216 crc=0 rssi=-90 pairid=2691 txtag=253 st=0x00 addr=370551052 end=370565197 air_us=884 gap_us=33738
REC oseq=679 s0=0x3e len=216 crc=0 rssi=-89 pairid=33270 txtag=253 st=0x00 addr=370573276 end=370587421 air_us=884 gap_us=504
REC oseq=680 s0=0x32 len=216 crc=0 rssi=-91 pairid=19075 txtag=253 st=0x00 addr=370595500 end=370609645 air_us=884 gap_us=504
REC oseq=681 s0=0x3e len=216 crc=0 rssi=-92 pairid=33270 txtag=253 st=0x00 addr=370617725 end=370631870 air_us=884 gap_us=505
REC oseq=682 s0=0x32 len=216 crc=0 rssi=-90 pairid=35459 txtag=253 st=0x00 addr=370639948 end=370654093 air_us=884 gap_us=504
REC oseq=683 s0=0x1d len=0 crc=1 rssi=-32 pairid=35459 txtag=253 st=0x00 addr=371008057 end=371008378 air_us=20 gap_us=22122
REC oseq=684 s0=0x1a len=250 crc=1 rssi=-52 pairid=246 txtag=64 st=0x00 addr=371011169 end=371027490 air_us=1020 gap_us=174
REC oseq=685 s0=0x02 len=12 crc=1 rssi=-32 pairid=8 txtag=5 st=0x00 addr=371030281 end=371031370 air_us=68 gap_us=174
REC oseq=686 s0=0x16 len=250 crc=1 rssi=-52 pairid=246 txtag=64 st=0x00 addr=371034162 end=371050483 air_us=1020 gap_us=174
REC oseq=687 s0=0x0d len=0 crc=1 rssi=-32 pairid=246 txtag=64 st=0x00 addr=371053273 end=371053594 air_us=20 gap_us=174
REC oseq=688 s0=0x1a len=250 crc=1 rssi=-51 pairid=246 txtag=64 st=0x00 addr=371056386 end=371072707 air_us=1020 gap_us=174
REC oseq=689 s0=0x01 len=0 crc=1 rssi=-32 pairid=246 txtag=64 st=0x00 addr=371075498 end=371075819 air_us=20 gap_us=174
REC oseq=690 s0=0x16 len=250 crc=1 rssi=-52 pairid=246 txtag=64 st=0x00 addr=371078610 end=371094931 air_us=1020 gap_us=174
REC oseq=691 s0=0x0d len=0 crc=1 rssi=-32 pairid=246 txtag=64 st=0x00 addr=371097722 end=371098043 air_us=20 gap_us=174
REC oseq=692 s0=0x1a len=250 crc=1 rssi=-51 pairid=246 txtag=64 st=0x00 addr=371100834 end=371117155 air_us=1020 gap_us=174
REC oseq=693 s0=0x01 len=0 crc=1 rssi=-32 pairid=246 txtag=64 st=0x00 addr=371119946 end=371120267 air_us=20 gap_us=174
REC oseq=694 s0=0x25 len=165 crc=0 rssi=-74 pairid=34228 txtag=182 st=0x00 addr=372328053 end=372338935 air_us=680 gap_us=75486
REC oseq=695 s0=0xb5 len=157 crc=0 rssi=-66 pairid=5447 txtag=113 st=0x00 addr=374608044 end=374618414 air_us=648 gap_us=141819
REC oseq=696 s0=0x2d len=55 crc=0 rssi=-91 pairid=38992 txtag=88 st=0x00 addr=375126328 end=375130169 air_us=240 gap_us=31744
REC oseq=697 s0=0x21 len=35 crc=0 rssi=-91 pairid=55372 txtag=72 st=0x00 addr=375163849 end=375166410 air_us=160 gap_us=2105
REC oseq=698 s0=0xbb len=157 crc=0 rssi=-69 pairid=21831 txtag=113 st=0x00 addr=377608030 end=377618400 air_us=648 gap_us=152601
REC oseq=699 s0=0xee len=158 crc=0 rssi=-66 pairid=62536 txtag=21 st=0x00 addr=378208026 end=378218460 air_us=652 gap_us=36851
REC oseq=700 s0=0xee len=158 crc=0 rssi=-66 pairid=62536 txtag=21 st=0x00 addr=378688025 end=378698459 air_us=652 gap_us=29347
REC oseq=701 s0=0x2d len=35 crc=0 rssi=-91 pairid=55372 txtag=72 st=0x00 addr=383165522 end=383168083 air_us=160 gap_us=279191
REC oseq=702 s0=0x2d len=35 crc=0 rssi=-91 pairid=38988 txtag=72 st=0x00 addr=383241330 end=383243891 air_us=160 gap_us=4577
REC oseq=703 s0=0x0d len=0 crc=1 rssi=-34 pairid=38988 txtag=72 st=0x00 addr=385047993 end=385048314 air_us=20 gap_us=112756
REC oseq=704 s0=0x1a len=250 crc=1 rssi=-52 pairid=246 txtag=64 st=0x00 addr=385051101 end=385067422 air_us=1020 gap_us=174
REC oseq=705 s0=0x01 len=0 crc=1 rssi=-32 pairid=246 txtag=64 st=0x00 addr=385070217 end=385070538 air_us=20 gap_us=174
REC oseq=706 s0=0x16 len=250 crc=1 rssi=-52 pairid=246 txtag=64 st=0x00 addr=385073325 end=385089646 air_us=1020 gap_us=174
REC oseq=707 s0=0x0d len=0 crc=1 rssi=-32 pairid=246 txtag=64 st=0x00 addr=385092442 end=385092763 air_us=20 gap_us=174
REC oseq=708 s0=0x1a len=250 crc=1 rssi=-52 pairid=246 txtag=64 st=0x00 addr=385095549 end=385111870 air_us=1020 gap_us=174
REC oseq=709 s0=0x01 len=0 crc=1 rssi=-32 pairid=246 txtag=64 st=0x00 addr=385114666 end=385114987 air_us=20 gap_us=174
REC oseq=710 s0=0x16 len=250 crc=1 rssi=-52 pairid=246 txtag=64 st=0x00 addr=385117773 end=385134094 air_us=1020 gap_us=174
REC oseq=711 s0=0x0d len=0 crc=1 rssi=-32 pairid=246 txtag=64 st=0x00 addr=385136891 end=385137212 air_us=20 gap_us=174
REC oseq=712 s0=0x1a len=250 crc=1 rssi=-51 pairid=246 txtag=64 st=0x00 addr=385139998 end=385156319 air_us=1020 gap_us=174
REC oseq=713 s0=0x01 len=0 crc=1 rssi=-32 pairid=246 txtag=64 st=0x00 addr=385159115 end=385159436 air_us=20 gap_us=174
REC oseq=714 s0=0x16 len=250 crc=0 rssi=-52 pairid=246 txtag=64 st=0x00 addr=385162222 end=385178543 air_us=1020 gap_us=174
REC oseq=715 s0=0xee len=138 crc=0 rssi=-68 pairid=62548 txtag=21 st=0x00 addr=385527994 end=385537148 air_us=572 gap_us=21840
REC oseq=716 s0=0x1e len=239 crc=1 rssi=-31 pairid=235 txtag=64 st=0x00 addr=386607986 end=386623603 air_us=976 gap_us=66927
REC oseq=717 s0=0x1a len=250 crc=1 rssi=-51 pairid=246 txtag=64 st=0x00 addr=386626401 end=386642722 air_us=1020 gap_us=174
REC oseq=718 s0=0x12 len=251 crc=1 rssi=-32 pairid=247 txtag=64 st=0x00 addr=386645507 end=386661892 air_us=1024 gap_us=174
REC oseq=719 s0=0x16 len=250 crc=1 rssi=-52 pairid=246 txtag=64 st=0x00 addr=386664689 end=386681010 air_us=1020 gap_us=174
REC oseq=720 s0=0x1e len=239 crc=1 rssi=-31 pairid=235 txtag=64 st=0x00 addr=386683795 end=386699412 air_us=976 gap_us=174
REC oseq=721 s0=0x1a len=250 crc=1 rssi=-52 pairid=246 txtag=64 st=0x00 addr=386702210 end=386718531 air_us=1020 gap_us=174
REC oseq=722 s0=0x12 len=251 crc=0 rssi=-31 pairid=247 txtag=64 st=0x00 addr=386721316 end=386737701 air_us=1024 gap_us=174
REC oseq=723 s0=0x8e len=173 crc=0 rssi=-89 pairid=65478 txtag=85 st=0x00 addr=387133202 end=387144595 air_us=712 gap_us=24718
REC oseq=724 s0=0x8a len=189 crc=0 rssi=-89 pairid=36870 txtag=52 st=0x00 addr=387177648 end=387190065 air_us=776 gap_us=2065
REC oseq=725 s0=0x1d len=87 crc=0 rssi=-91 pairid=3230 txtag=0 st=0x00 addr=388925498 end=388931387 air_us=368 gap_us=108464
REC oseq=726 s0=0x3a len=48 crc=0 rssi=-68 pairid=64716 txtag=49 st=0x00 addr=389847976 end=389851370 air_us=212 gap_us=57286
REC oseq=727 s0=0x36 len=74 crc=0 rssi=-72 pairid=5991 txtag=3 st=0x00 addr=390687971 end=390693029 air_us=316 gap_us=52287
REC oseq=728 s0=0x21 len=35 crc=0 rssi=-91 pairid=38988 txtag=72 st=0x00 addr=391805483 end=391808044 air_us=160 gap_us=69528
REC oseq=729 s0=0x2b len=55 crc=0 rssi=-92 pairid=38992 txtag=72 st=0x00 addr=391843772 end=391847613 air_us=240 gap_us=2233
REC oseq=730 s0=0x21 len=35 crc=0 rssi=-90 pairid=38988 txtag=72 st=0x00 addr=391881293 end=391883854 air_us=160 gap_us=2105
REC oseq=731 s0=0x31 len=212 crc=0 rssi=-90 pairid=39091 txtag=14 st=0x00 addr=393252406 end=393266295 air_us=868 gap_us=85534
REC oseq=732 s0=0xfe len=218 crc=0 rssi=-89 pairid=33270 txtag=253 st=0x00 addr=393275396 end=393289669 air_us=892 gap_us=568
REC oseq=733 s0=0x32 len=216 crc=0 rssi=-90 pairid=35459 txtag=245 st=0x00 addr=393297622 end=393311767 air_us=884 gap_us=497
REC oseq=734 s0=0x1e len=251 crc=1 rssi=-31 pairid=247 txtag=64 st=0x00 addr=394407951 end=394424336 air_us=1024 gap_us=68511
REC oseq=735 s0=0x1a len=250 crc=1 rssi=-52 pairid=246 txtag=64 st=0x00 addr=394427131 end=394443452 air_us=1020 gap_us=174
REC oseq=736 s0=0x12 len=239 crc=1 rssi=-32 pairid=235 txtag=64 st=0x00 addr=394446240 end=394461857 air_us=976 gap_us=174
REC oseq=737 s0=0x16 len=250 crc=1 rssi=-52 pairid=246 txtag=64 st=0x00 addr=394464651 end=394480972 air_us=1020 gap_us=174
REC oseq=738 s0=0x1e len=251 crc=1 rssi=-31 pairid=247 txtag=64 st=0x00 addr=394483760 end=394500145 air_us=1024 gap_us=174
REC oseq=739 s0=0x1a len=250 crc=1 rssi=-51 pairid=246 txtag=64 st=0x00 addr=394502940 end=394519261 air_us=1020 gap_us=174
REC oseq=740 s0=0x12 len=239 crc=0 rssi=-31 pairid=235 txtag=64 st=0x00 addr=394522048 end=394537665 air_us=976 gap_us=174
REC oseq=741 s0=0x29 len=177 crc=0 rssi=-73 pairid=34216 txtag=182 st=0x00 addr=395487947 end=395499597 air_us=728 gap_us=59392
REC oseq=742 s0=0x01 len=0 crc=1 rssi=-31 pairid=34216 txtag=182 st=0x00 addr=396807939 end=396808260 air_us=20 gap_us=81771
REC oseq=743 s0=0x16 len=12 crc=1 rssi=-52 pairid=8 txtag=5 st=0x00 addr=396811049 end=396812138 air_us=68 gap_us=174
REC oseq=744 s0=0x0d len=0 crc=1 rssi=-32 pairid=8 txtag=5 st=0x00 addr=396814931 end=396815252 air_us=20 gap_us=174
REC oseq=745 s0=0x1a len=250 crc=1 rssi=-52 pairid=246 txtag=64 st=0x00 addr=396818041 end=396834362 air_us=1020 gap_us=174
REC oseq=746 s0=0x12 len=251 crc=1 rssi=-32 pairid=247 txtag=64 st=0x00 addr=396837155 end=396853540 air_us=1024 gap_us=174
REC oseq=747 s0=0x16 len=250 crc=1 rssi=-52 pairid=246 txtag=64 st=0x00 addr=396856330 end=396872651 air_us=1020 gap_us=174
REC oseq=748 s0=0x1e len=239 crc=1 rssi=-31 pairid=235 txtag=64 st=0x00 addr=396875444 end=396891061 air_us=976 gap_us=174
REC oseq=749 s0=0x1a len=250 crc=1 rssi=-52 pairid=246 txtag=64 st=0x00 addr=396893850 end=396910171 air_us=1020 gap_us=174
REC oseq=750 s0=0x12 len=251 crc=0 rssi=-32 pairid=247 txtag=64 st=0x00 addr=396912964 end=396929349 air_us=1024 gap_us=174
REC oseq=751 s0=0x82 len=45 crc=0 rssi=-92 pairid=23986 txtag=180 st=0x00 addr=399319049 end=399322250 air_us=200 gap_us=149356
REC oseq=752 s0=0x2d len=35 crc=0 rssi=-92 pairid=38988 txtag=72 st=0x00 addr=400205446 end=400208007 air_us=160 gap_us=55199
REC oseq=753 s0=0x21 len=55 crc=0 rssi=-91 pairid=38992 txtag=72 st=0x00 addr=400243734 end=400247575 air_us=240 gap_us=2232
REC oseq=754 s0=0x2d len=35 crc=0 rssi=-92 pairid=38988 txtag=72 st=0x00 addr=400281255 end=400283816 air_us=160 gap_us=2105
REC oseq=755 s0=0x5b len=109 crc=0 rssi=-93 pairid=39040 txtag=163 st=0x00 addr=402605435 end=402612732 air_us=456 gap_us=145101
REC oseq=756 s0=0x21 len=23 crc=0 rssi=-87 pairid=34897 txtag=72 st=0x00 addr=406167899 end=406169692 air_us=112 gap_us=222197
REC oseq=757 s0=0x2d len=35 crc=0 rssi=-91 pairid=55372 txtag=72 st=0x00 addr=406205419 end=406207980 air_us=160 gap_us=2232
REC oseq=758 s0=0x21 len=55 crc=0 rssi=-90 pairid=38992 txtag=72 st=0x00 addr=406243706 end=406247547 air_us=240 gap_us=2232
REC oseq=759 s0=0x2d len=35 crc=0 rssi=-91 pairid=38988 txtag=72 st=0x00 addr=406281227 end=406283788 air_us=160 gap_us=2105
REC oseq=760 s0=0x01 len=0 crc=1 rssi=-32 pairid=38988 txtag=72 st=0x00 addr=406647895 end=406648216 air_us=20 gap_us=22756
REC oseq=761 s0=0x16 len=250 crc=1 rssi=-52 pairid=246 txtag=64 st=0x00 addr=406651012 end=406667333 air_us=1020 gap_us=174
REC oseq=762 s0=0x0d len=0 crc=1 rssi=-32 pairid=246 txtag=64 st=0x00 addr=406670119 end=406670440 air_us=20 gap_us=174
REC oseq=763 s0=0x1a len=250 crc=1 rssi=-52 pairid=246 txtag=64 st=0x00 addr=406673235 end=406689556 air_us=1020 gap_us=174
REC oseq=764 s0=0x01 len=0 crc=1 rssi=-32 pairid=246 txtag=64 st=0x00 addr=406692343 end=406692664 air_us=20 gap_us=174
REC oseq=765 s0=0x16 len=250 crc=1 rssi=-52 pairid=246 txtag=64 st=0x00 addr=406695460 end=406711781 air_us=1020 gap_us=174
REC oseq=766 s0=0x0e len=12 crc=1 rssi=-31 pairid=8 txtag=5 st=0x00 addr=406714568 end=406715657 air_us=68 gap_us=174
REC oseq=767 s0=0x1a len=250 crc=1 rssi=-51 pairid=246 txtag=64 st=0x00 addr=406718452 end=406734773 air_us=1020 gap_us=174
REC oseq=768 s0=0x01 len=0 crc=1 rssi=-32 pairid=246 txtag=64 st=0x00 addr=406737560 end=406737881 air_us=20 gap_us=174
REC oseq=769 s0=0x16 len=250 crc=1 rssi=-52 pairid=246 txtag=64 st=0x00 addr=406740676 end=406756997 air_us=1020 gap_us=174
REC oseq=770 s0=0x0d len=0 crc=1 rssi=-32 pairid=246 txtag=64 st=0x00 addr=406759784 end=406760105 air_us=20 gap_us=174
REC oseq=771 s0=0x0d len=0 crc=1 rssi=-32 pairid=246 txtag=64 st=0x00 addr=409647882 end=409648203 air_us=20 gap_us=180486
REC oseq=772 s0=0x1a len=250 crc=1 rssi=-52 pairid=246 txtag=64 st=0x00 addr=409650991 end=409667312 air_us=1020 gap_us=174
REC oseq=773 s0=0x01 len=0 crc=1 rssi=-32 pairid=246 txtag=64 st=0x00 addr=409670106 end=409670427 air_us=20 gap_us=174
REC oseq=774 s0=0x16 len=250 crc=1 rssi=-52 pairid=246 txtag=64 st=0x00 addr=409673215 end=409689536 air_us=1020 gap_us=174
REC oseq=775 s0=0x0d len=0 crc=1 rssi=-32 pairid=246 txtag=64 st=0x00 addr=409692330 end=409692651 air_us=20 gap_us=174
REC oseq=776 s0=0x1a len=250 crc=0 rssi=-51 pairid=246 txtag=64 st=0x00 addr=409695440 end=409711761 air_us=1020 gap_us=174
REC oseq=777 s0=0x01 len=0 crc=1 rssi=-32 pairid=246 txtag=64 st=0x00 addr=409714554 end=409714875 air_us=20 gap_us=174
REC oseq=778 s0=0x16 len=250 crc=1 rssi=-52 pairid=246 txtag=64 st=0x00 addr=409717664 end=409733985 air_us=1020 gap_us=174
REC oseq=779 s0=0x0d len=0 crc=1 rssi=-34 pairid=246 txtag=64 st=0x00 addr=409736779 end=409737100 air_us=20 gap_us=174
REC oseq=780 s0=0x1a len=250 crc=1 rssi=-51 pairid=246 txtag=64 st=0x00 addr=409739888 end=409756209 air_us=1020 gap_us=174
REC oseq=781 s0=0x01 len=0 crc=1 rssi=-32 pairid=246 txtag=64 st=0x00 addr=409759003 end=409759324 air_us=20 gap_us=174
REC oseq=782 s0=0x16 len=250 crc=0 rssi=-52 pairid=246 txtag=64 st=0x00 addr=409762113 end=409778434 air_us=1020 gap_us=174
REC oseq=783 s0=0x12 len=239 crc=1 rssi=-32 pairid=235 txtag=64 st=0x00 addr=410727876 end=410743493 air_us=976 gap_us=59340
REC oseq=784 s0=0x16 len=250 crc=1 rssi=-52 pairid=246 txtag=64 st=0x00 addr=410746280 end=410762601 air_us=1020 gap_us=174
REC oseq=785 s0=0x1e len=251 crc=1 rssi=-31 pairid=247 txtag=64 st=0x00 addr=410765397 end=410781782 air_us=1024 gap_us=174
REC oseq=786 s0=0x1a len=250 crc=1 rssi=-52 pairid=246 txtag=64 st=0x00 addr=410784568 end=410800889 air_us=1020 gap_us=174
REC oseq=787 s0=0x12 len=239 crc=1 rssi=-32 pairid=235 txtag=64 st=0x00 addr=410803685 end=410819302 air_us=976 gap_us=174
REC oseq=788 s0=0x16 len=250 crc=1 rssi=-52 pairid=246 txtag=64 st=0x00 addr=410822088 end=410838409 air_us=1020 gap_us=174
REC oseq=789 s0=0x1e len=251 crc=0 rssi=-31 pairid=247 txtag=64 st=0x00 addr=410841206 end=410857591 air_us=1024 gap_us=174
REC oseq=790 s0=0x3d len=212 crc=0 rssi=-90 pairid=26447 txtag=33 st=0x00 addr=412047870 end=412061759 air_us=868 gap_us=74392
REC oseq=791 s0=0x32 len=216 crc=0 rssi=-90 pairid=35459 txtag=253 st=0x00 addr=412070862 end=412085007 air_us=884 gap_us=568
REC oseq=792 s0=0x3e len=88 crc=0 rssi=-91 pairid=503 txtag=228 st=0x00 addr=412093087 end=412099040 air_us=372 gap_us=505
REC oseq=793 s0=0x32 len=216 crc=0 rssi=-91 pairid=2691 txtag=228 st=0x00 addr=412115312 end=412129457 air_us=884 gap_us=1017
REC oseq=794 s0=0x3e len=216 crc=0 rssi=-89 pairid=33270 txtag=253 st=0x00 addr=412137536 end=412151681 air_us=884 gap_us=504
REC oseq=795 s0=0x32 len=216 crc=0 rssi=-89 pairid=35459 txtag=229 st=0x00 addr=412159760 end=412173905 air_us=884 gap_us=504
REC oseq=796 s0=0x12 len=251 crc=1 rssi=-31 pairid=247 txtag=64 st=0x00 addr=413487864 end=413504249 air_us=1024 gap_us=82122
REC oseq=797 s0=0x16 len=250 crc=1 rssi=-52 pairid=246 txtag=64 st=0x00 addr=413507044 end=413523365 air_us=1020 gap_us=174
REC oseq=798 s0=0x1e len=239 crc=1 rssi=-31 pairid=235 txtag=64 st=0x00 addr=413526152 end=413541769 air_us=976 gap_us=174
REC oseq=799 s0=0x1a len=250 crc=1 rssi=-51 pairid=246 txtag=64 st=0x00 addr=413544564 end=413560885 air_us=1020 gap_us=174
REC oseq=800 s0=0x12 len=251 crc=1 rssi=-31 pairid=247 txtag=64 st=0x00 addr=413563673 end=413580058 air_us=1024 gap_us=174
REC oseq=801 s0=0x16 len=250 crc=1 rssi=-52 pairid=246 txtag=64 st=0x00 addr=413582852 end=413599173 air_us=1020 gap_us=174
REC oseq=802 s0=0x1e len=239 crc=0 rssi=-31 pairid=235 txtag=64 st=0x00 addr=413601961 end=413617578 air_us=976 gap_us=174
REC oseq=803 s0=0x9d len=64 crc=0 rssi=-91 pairid=2930 txtag=0 st=0x00 addr=413766152 end=413770569 air_us=276 gap_us=9285
REC oseq=804 s0=0x02 len=12 crc=1 rssi=-31 pairid=8 txtag=5 st=0x00 addr=414687858 end=414688947 air_us=68 gap_us=57330
REC oseq=805 s0=0x16 len=250 crc=1 rssi=-52 pairid=246 txtag=64 st=0x00 addr=414691739 end=414708060 air_us=1020 gap_us=174
REC oseq=806 s0=0x0d len=0 crc=1 rssi=-32 pairid=246 txtag=64 st=0x00 addr=414710850 end=414711171 air_us=20 gap_us=174
REC oseq=807 s0=0x1a len=250 crc=1 rssi=-51 pairid=246 txtag=64 st=0x00 addr=414713963 end=414730284 air_us=1020 gap_us=174
REC oseq=808 s0=0x01 len=0 crc=1 rssi=-32 pairid=246 txtag=64 st=0x00 addr=414733074 end=414733395 air_us=20 gap_us=174
REC oseq=809 s0=0x16 len=250 crc=1 rssi=-52 pairid=246 txtag=64 st=0x00 addr=414736187 end=414752508 air_us=1020 gap_us=174
REC oseq=810 s0=0x0d len=0 crc=1 rssi=-32 pairid=246 txtag=64 st=0x00 addr=414755299 end=414755620 air_us=20 gap_us=174
REC oseq=811 s0=0x1a len=250 crc=1 rssi=-52 pairid=246 txtag=64 st=0x00 addr=414758411 end=414774732 air_us=1020 gap_us=174
REC oseq=812 s0=0x01 len=0 crc=1 rssi=-32 pairid=246 txtag=64 st=0x00 addr=414777523 end=414777844 air_us=20 gap_us=174
REC oseq=813 s0=0x16 len=250 crc=1 rssi=-52 pairid=246 txtag=64 st=0x00 addr=414780636 end=414796957 air_us=1020 gap_us=174
REC oseq=814 s0=0x0d len=0 crc=1 rssi=-32 pairid=246 txtag=64 st=0x00 addr=414799748 end=414800069 air_us=20 gap_us=174
REC oseq=815 s0=0x21 len=55 crc=0 rssi=-91 pairid=38992 txtag=72 st=0x00 addr=416007853 end=416011694 air_us=240 gap_us=75486
REC oseq=816 s0=0x2d len=35 crc=0 rssi=-91 pairid=55372 txtag=72 st=0x00 addr=416045372 end=416047933 air_us=160 gap_us=2104
REC oseq=817 s0=0x21 len=55 crc=0 rssi=-91 pairid=55376 txtag=72 st=0x00 addr=416083662 end=416087503 air_us=240 gap_us=2233
REC oseq=818 s0=0x2d len=35 crc=0 rssi=-91 pairid=38988 txtag=72 st=0x00 addr=416121181 end=416123742 air_us=160 gap_us=2104
REC oseq=819 s0=0x2d len=35 crc=0 rssi=-91 pairid=55374 txtag=72 st=0x00 addr=417207848 end=417210409 air_us=160 gap_us=67756
REC oseq=820 s0=0x3d len=212 crc=0 rssi=-90 pairid=39091 txtag=76 st=0x00 addr=417283657 end=417297546 air_us=868 gap_us=4578
REC oseq=821 s0=0x32 len=216 crc=0 rssi=-90 pairid=35459 txtag=245 st=0x00 addr=417306648 end=417320793 air_us=884 gap_us=568
REC oseq=822 s0=0x12 len=251 crc=1 rssi=-31 pairid=247 txtag=64 st=0x00 addr=419847836 end=419864221 air_us=1024 gap_us=157940
REC oseq=823 s0=0x16 len=250 crc=1 rssi=-52 pairid=246 txtag=64 st=0x00 addr=419867015 end=419883336 air_us=1020 gap_us=174
REC oseq=824 s0=0x1e len=239 crc=1 rssi=-31 pairid=235 txtag=64 st=0x00 addr=419886124 end=419901741 air_us=976 gap_us=174
REC oseq=825 s0=0x1a len=250 crc=1 rssi=-52 pairid=246 txtag=64 st=0x00 addr=419904535 end=419920856 air_us=1020 gap_us=174
REC oseq=826 s0=0x12 len=251 crc=1 rssi=-31 pairid=247 txtag=64 st=0x00 addr=419923644 end=419940029 air_us=1024 gap_us=174
REC oseq=827 s0=0x16 len=250 crc=1 rssi=-52 pairid=246 txtag=64 st=0x00 addr=419942824 end=419959145 air_us=1020 gap_us=174
REC oseq=828 s0=0x0e len=12 crc=0 rssi=-31 pairid=8 txtag=5 st=0x00 addr=419961933 end=419963022 air_us=68 gap_us=174
REC oseq=829 s0=0x12 len=239 crc=1 rssi=-32 pairid=235 txtag=64 st=0x00 addr=421407827 end=421423444 air_us=976 gap_us=90300
REC oseq=830 s0=0x16 len=250 crc=1 rssi=-52 pairid=246 txtag=64 st=0x00 addr=421426235 end=421442556 air_us=1020 gap_us=174
REC oseq=831 s0=0x1e len=251 crc=1 rssi=-31 pairid=247 txtag=64 st=0x00 addr=421445348 end=421461733 air_us=1024 gap_us=174
REC oseq=832 s0=0x1a len=250 crc=1 rssi=-51 pairid=246 txtag=64 st=0x00 addr=421464524 end=421480845 air_us=1020 gap_us=174
REC oseq=833 s0=0x12 len=239 crc=1 rssi=-31 pairid=235 txtag=64 st=0x00 addr=421483636 end=421499253 air_us=976 gap_us=174
REC oseq=834 s0=0x16 len=250 crc=1 rssi=-52 pairid=246 txtag=64 st=0x00 addr=421502044 end=421518365 air_us=1020 gap_us=174
REC oseq=835 s0=0x1e len=251 crc=0 rssi=-32 pairid=247 txtag=64 st=0x00 addr=421521157 end=421537542 air_us=1024 gap_us=174
REC oseq=836 s0=0x92 len=65 crc=0 rssi=-91 pairid=51296 txtag=6 st=0x00 addr=421641926 end=421646407 air_us=280 gap_us=6524
REC oseq=837 s0=0x12 len=239 crc=1 rssi=-31 pairid=235 txtag=64 st=0x00 addr=422127824 end=422143441 air_us=976 gap_us=30088
REC oseq=838 s0=0x16 len=250 crc=0 rssi=-52 pairid=246 txtag=64 st=0x00 addr=422146230 end=422162551 air_us=1020 gap_us=174
REC oseq=839 s0=0x12 len=239 crc=1 rssi=-31 pairid=235 txtag=64 st=0x00 addr=422165345 end=422180962 air_us=976 gap_us=174
REC oseq=840 s0=0x16 len=250 crc=1 rssi=-52 pairid=246 txtag=64 st=0x00 addr=422183751 end=422200072 air_us=1020 gap_us=174
REC oseq=841 s0=0x1e len=251 crc=1 rssi=-32 pairid=247 txtag=64 st=0x00 addr=422202865 end=422219250 air_us=1024 gap_us=174
REC oseq=842 s0=0x1a len=250 crc=1 rssi=-51 pairid=246 txtag=64 st=0x00 addr=422222039 end=422238360 air_us=1020 gap_us=174
REC oseq=843 s0=0x12 len=239 crc=0 rssi=-32 pairid=235 txtag=64 st=0x00 addr=422241154 end=422256771 air_us=976 gap_us=174
REC oseq=844 s0=0x32 len=216 crc=0 rssi=-90 pairid=2691 txtag=228 st=0x00 addr=422967821 end=422981966 air_us=884 gap_us=44440
REC oseq=845 s0=0x3e len=216 crc=0 rssi=-90 pairid=33270 txtag=253 st=0x00 addr=422990046 end=423004191 air_us=884 gap_us=505
REC oseq=846 s0=0x32 len=216 crc=0 rssi=-89 pairid=35459 txtag=205 st=0x00 addr=423012269 end=423026414 air_us=884 gap_us=504
REC oseq=847 s0=0x3e len=216 crc=0 rssi=-90 pairid=33270 txtag=253 st=0x00 addr=423034493 end=423048638 air_us=884 gap_us=504
REC oseq=848 s0=0x32 len=216 crc=0 rssi=-90 pairid=35459 txtag=229 st=0x00 addr=423056718 end=423070863 air_us=884 gap_us=505
REC oseq=849 s0=0x3e len=216 crc=0 rssi=-91 pairid=33271 txtag=229 st=0x00 addr=423078942 end=423093087 air_us=884 gap_us=504
REC oseq=850 s0=0x32 len=216 crc=0 rssi=-90 pairid=2690 txtag=253 st=0x00 addr=423207819 end=423221964 air_us=884 gap_us=7170
REC oseq=851 s0=0x3e len=216 crc=0 rssi=-90 pairid=502 txtag=253 st=0x00 addr=423230044 end=423244189 air_us=884 gap_us=505
REC oseq=852 s0=0x32 len=216 crc=0 rssi=-91 pairid=35459 txtag=253 st=0x00 addr=423252268 end=423266413 air_us=884 gap_us=504
REC oseq=853 s0=0x3e len=216 crc=0 rssi=-90 pairid=502 txtag=253 st=0x00 addr=423274493 end=423288638 air_us=884 gap_us=505
REC oseq=854 s0=0x32 len=216 crc=0 rssi=-90 pairid=35459 txtag=253 st=0x00 addr=423296717 end=423310862 air_us=884 gap_us=504
REC oseq=855 s0=0x3e len=216 crc=0 rssi=-90 pairid=33270 txtag=253 st=0x00 addr=423318941 end=423333086 air_us=884 gap_us=504
REC oseq=856 s0=0x21 len=35 crc=0 rssi=-90 pairid=38988 txtag=72 st=0x00 addr=424287814 end=424290375 air_us=160 gap_us=59670
REC oseq=857 s0=0x2d len=55 crc=0 rssi=-91 pairid=38992 txtag=72 st=0x00 addr=424326087 end=424329928 air_us=240 gap_us=2232
REC oseq=858 s0=0x2d len=55 crc=0 rssi=-91 pairid=55376 txtag=72 st=0x00 addr=424401864 end=424405705 air_us=240 gap_us=4496
REC oseq=859 s0=0x1e len=239 crc=1 rssi=-32 pairid=235 txtag=64 st=0x00 addr=424407814 end=424423431 air_us=976 gap_us=131
REC oseq=860 s0=0x1a len=250 crc=1 rssi=-51 pairid=246 txtag=64 st=0x00 addr=424426230 end=424442551 air_us=1020 gap_us=174
REC oseq=861 s0=0x12 len=251 crc=1 rssi=-31 pairid=247 txtag=64 st=0x00 addr=424445335 end=424461720 air_us=1024 gap_us=174
REC oseq=862 s0=0x16 len=250 crc=1 rssi=-52 pairid=246 txtag=64 st=0x00 addr=424464518 end=424480839 air_us=1020 gap_us=174
REC oseq=863 s0=0x1e len=239 crc=1 rssi=-31 pairid=235 txtag=64 st=0x00 addr=424483623 end=424499240 air_us=976 gap_us=174
REC oseq=864 s0=0x1a len=250 crc=1 rssi=-52 pairid=246 txtag=64 st=0x00 addr=424502038 end=424518359 air_us=1020 gap_us=174
REC oseq=865 s0=0x12 len=251 crc=0 rssi=-31 pairid=247 txtag=64 st=0x00 addr=424521144 end=424537529 air_us=1024 gap_us=174
REC oseq=866 s0=0x3e len=216 crc=0 rssi=-89 pairid=33270 txtag=205 st=0x00 addr=425727807 end=425741952 air_us=884 gap_us=74392
REC oseq=867 s0=0x32 len=216 crc=0 rssi=-89 pairid=2691 txtag=204 st=0x00 addr=425750031 end=425764176 air_us=884 gap_us=504
REC oseq=868 s0=0x32 len=216 crc=0 rssi=-89 pairid=2691 txtag=253 st=0x00 addr=425794480 end=425808625 air_us=884 gap_us=1894
REC oseq=869 s0=0x2a len=216 crc=0 rssi=-89 pairid=35459 txtag=245 st=0x00 addr=425838930 end=425853075 air_us=884 gap_us=1894
REC oseq=870 s0=0x0d len=0 crc=1 rssi=-32 pairid=35459 txtag=245 st=0x00 addr=425870031 end=425870352 air_us=20 gap_us=1059
REC oseq=871 s0=0x1a len=250 crc=1 rssi=-51 pairid=246 txtag=64 st=0x00 addr=425873149 end=425889470 air_us=1020 gap_us=174
REC oseq=872 s0=0x01 len=0 crc=1 rssi=-32 pairid=246 txtag=64 st=0x00 addr=425892256 end=425892577 air_us=20 gap_us=174
REC oseq=873 s0=0x16 len=250 crc=1 rssi=-52 pairid=246 txtag=64 st=0x00 addr=425895374 end=425911695 air_us=1020 gap_us=174
REC oseq=874 s0=0x0d len=0 crc=1 rssi=-32 pairid=246 txtag=64 st=0x00 addr=425914480 end=425914801 air_us=20 gap_us=174
REC oseq=875 s0=0x1a len=250 crc=1 rssi=-51 pairid=246 txtag=64 st=0x00 addr=425917598 end=425933919 air_us=1020 gap_us=174
REC oseq=876 s0=0x01 len=0 crc=1 rssi=-32 pairid=246 txtag=64 st=0x00 addr=425936705 end=425937026 air_us=20 gap_us=174
REC oseq=877 s0=0x16 len=250 crc=1 rssi=-52 pairid=246 txtag=64 st=0x00 addr=425939822 end=425956143 air_us=1020 gap_us=174
REC oseq=878 s0=0x0d len=0 crc=1 rssi=-32 pairid=246 txtag=64 st=0x00 addr=425958928 end=425959249 air_us=20 gap_us=174
REC oseq=879 s0=0x1a len=250 crc=0 rssi=-51 pairid=246 txtag=64 st=0x00 addr=425962046 end=425978367 air_us=1020 gap_us=174
REC oseq=880 s0=0x12 len=239 crc=1 rssi=-32 pairid=235 txtag=64 st=0x00 addr=426807803 end=426823420 air_us=976 gap_us=51839
REC oseq=881 s0=0x16 len=250 crc=1 rssi=-52 pairid=246 txtag=64 st=0x00 addr=426826214 end=426842535 air_us=1020 gap_us=174
REC oseq=882 s0=0x1e len=251 crc=1 rssi=-31 pairid=247 txtag=64 st=0x00 addr=426845323 end=426861708 air_us=1024 gap_us=174
REC oseq=883 s0=0x1a len=250 crc=1 rssi=-52 pairid=246 txtag=64 st=0x00 addr=426864502 end=426880823 air_us=1020 gap_us=174
REC oseq=884 s0=0x12 len=239 crc=1 rssi=-31 pairid=235 txtag=64 st=0x00 addr=426883612 end=426899229 air_us=976 gap_us=174
REC oseq=885 s0=0x16 len=250 crc=1 rssi=-52 pairid=246 txtag=64 st=0x00 addr=426902023 end=426918344 air_us=1020 gap_us=174
REC oseq=886 s0=0x1e len=251 crc=0 rssi=-31 pairid=247 txtag=64 st=0x00 addr=426921133 end=426937518 air_us=1024 gap_us=174
REC oseq=887 s0=0x32 len=216 crc=0 rssi=-90 pairid=35459 txtag=255 st=0x00 addr=428367795 end=428381940 air_us=884 gap_us=89392
REC oseq=888 s0=0x32 len=194 crc=0 rssi=-90 pairid=35459 txtag=253 st=0x00 addr=428412244 end=428424981 air_us=796 gap_us=1894
REC oseq=889 s0=0x3e len=216 crc=0 rssi=-89 pairid=33270 txtag=205 st=0x00 addr=428434470 end=428448615 air_us=884 gap_us=593
REC oseq=890 s0=0x32 len=216 crc=0 rssi=-90 pairid=35459 txtag=253 st=0x00 addr=428456693 end=428470838 air_us=884 gap_us=504
REC oseq=891 s0=0x3e len=216 crc=0 rssi=-89 pairid=33270 txtag=253 st=0x00 addr=428478919 end=428493064 air_us=884 gap_us=505
REC oseq=892 s0=0x82 len=173 crc=0 rssi=-91 pairid=22443 txtag=85 st=0x00 addr=428750020 end=428761413 air_us=712 gap_us=16059
REC oseq=893 s0=0x82 len=173 crc=0 rssi=-90 pairid=49377 txtag=181 st=0x00 addr=428838918 end=428850311 air_us=712 gap_us=4844
REC oseq=894 s0=0x3e len=216 crc=0 rssi=-89 pairid=503 txtag=252 st=0x00 addr=428870019 end=428884164 air_us=884 gap_us=1231
REC oseq=895 s0=0x32 len=216 crc=0 rssi=-91 pairid=2691 txtag=245 st=0x00 addr=428892243 end=428906388 air_us=884 gap_us=504
REC oseq=896 s0=0x3e len=88 crc=0 rssi=-90 pairid=503 txtag=228 st=0x00 addr=428914467 end=428920420 air_us=372 gap_us=504
REC oseq=897 s0=0x32 len=216 crc=0 rssi=-90 pairid=35459 txtag=197 st=0x00 addr=428936691 end=428950836 air_us=884 gap_us=1016
REC oseq=898 s0=0x5e len=216 crc=0 rssi=-90 pairid=33270 txtag=205 st=0x00 addr=428958915 end=428973060 air_us=884 gap_us=504
REC oseq=899 s0=0x12 len=239 crc=1 rssi=-31 pairid=235 txtag=64 st=0x00 addr=433167775 end=433183392 air_us=976 gap_us=262169
REC oseq=900 s0=0x16 len=250 crc=1 rssi=-52 pairid=246 txtag=64 st=0x00 addr=433186184 end=433202505 air_us=1020 gap_us=174
REC oseq=901 s0=0x1e len=251 crc=1 rssi=-31 pairid=247 txtag=64 st=0x00 addr=433205296 end=433221681 air_us=1024 gap_us=174
REC oseq=902 s0=0x1a len=250 crc=1 rssi=-51 pairid=246 txtag=64 st=0x00 addr=433224473 end=433240794 air_us=1020 gap_us=174
REC oseq=903 s0=0x12 len=239 crc=1 rssi=-32 pairid=235 txtag=64 st=0x00 addr=433243585 end=433259202 air_us=976 gap_us=174
REC oseq=904 s0=0x16 len=250 crc=1 rssi=-52 pairid=246 txtag=64 st=0x00 addr=433261993 end=433278314 air_us=1020 gap_us=174
REC oseq=905 s0=0x1e len=251 crc=0 rssi=-31 pairid=247 txtag=64 st=0x00 addr=433281105 end=433297490 air_us=1024 gap_us=174
REC oseq=906 s0=0x8e len=173 crc=0 rssi=-91 pairid=53442 txtag=181 st=0x00 addr=433998895 end=434010288 air_us=712 gap_us=43837
REC oseq=907 s0=0x1e len=239 crc=1 rssi=-31 pairid=235 txtag=64 st=0x00 addr=435327765 end=435343382 air_us=976 gap_us=82342
REC oseq=908 s0=0x1a len=250 crc=1 rssi=-51 pairid=246 txtag=64 st=0x00 addr=435346169 end=435362490 air_us=1020 gap_us=174
REC oseq=909 s0=0x12 len=251 crc=1 rssi=-31 pairid=247 txtag=64 st=0x00 addr=435365285 end=435381670 air_us=1024 gap_us=174
REC oseq=910 s0=0x16 len=250 crc=1 rssi=-52 pairid=246 txtag=64 st=0x00 addr=435384457 end=435400778 air_us=1020 gap_us=174
REC oseq=911 s0=0x1e len=239 crc=1 rssi=-31 pairid=235 txtag=64 st=0x00 addr=435403574 end=435419191 air_us=976 gap_us=174
REC oseq=912 s0=0x1a len=250 crc=1 rssi=-51 pairid=246 txtag=64 st=0x00 addr=435421977 end=435438298 air_us=1020 gap_us=174
REC oseq=913 s0=0x12 len=251 crc=0 rssi=-31 pairid=247 txtag=64 st=0x00 addr=435441095 end=435457480 air_us=1024 gap_us=174
REC oseq=914 s0=0x9e len=171 crc=0 rssi=-90 pairid=37063 txtag=69 st=0x00 addr=436474417 end=436485682 air_us=704 gap_us=63558
REC oseq=915 s0=0x82 len=173 crc=0 rssi=-91 pairid=18386 txtag=125 st=0x00 addr=436496626 end=436508019 air_us=712 gap_us=684
REC oseq=916 s0=0x86 len=173 crc=0 rssi=-90 pairid=33750 txtag=132 st=0x00 addr=437029982 end=437041375 air_us=712 gap_us=32622
REC oseq=917 s0=0x3e len=216 crc=0 rssi=-90 pairid=33270 txtag=253 st=0x00 addr=440014735 end=440028880 air_us=884 gap_us=185835
REC oseq=918 s0=0x21 len=35 crc=0 rssi=-91 pairid=38988 txtag=72 st=0x00 addr=440036960 end=440039521 air_us=160 gap_us=505
REC oseq=919 s0=0x2d len=55 crc=0 rssi=-90 pairid=38992 txtag=72 st=0x00 addr=440075249 end=440079090 air_us=240 gap_us=2233
REC oseq=920 s0=0x21 len=35 crc=0 rssi=-90 pairid=38988 txtag=72 st=0x00 addr=440112768 end=440115329 air_us=160 gap_us=2104
REC oseq=921 s0=0x21 len=35 crc=0 rssi=-90 pairid=55372 txtag=72 st=0x00 addr=441567736 end=441570297 air_us=160 gap_us=90775
REC oseq=922 s0=0x21 len=35 crc=0 rssi=-90 pairid=38988 txtag=72 st=0x00 addr=441606024 end=441608585 air_us=160 gap_us=2232
REC oseq=923 s0=0x2d len=55 crc=0 rssi=-91 pairid=38992 txtag=72 st=0x00 addr=441644312 end=441648153 air_us=240 gap_us=2232
REC oseq=924 s0=0x21 len=35 crc=0 rssi=-91 pairid=38988 txtag=72 st=0x00 addr=441681833 end=441684394 air_us=160 gap_us=2105
REC oseq=925 s0=0x12 len=239 crc=1 rssi=-31 pairid=235 txtag=64 st=0x00 addr=444447722 end=444463339 air_us=976 gap_us=172708
REC oseq=926 s0=0x16 len=250 crc=1 rssi=-52 pairid=246 txtag=64 st=0x00 addr=444466136 end=444482457 air_us=1020 gap_us=174
REC oseq=927 s0=0x0e len=12 crc=1 rssi=-32 pairid=8 txtag=5 st=0x00 addr=444485243 end=444486332 air_us=68 gap_us=174
REC oseq=928 s0=0x1a len=250 crc=1 rssi=-51 pairid=246 txtag=64 st=0x00 addr=444489128 end=444505449 air_us=1020 gap_us=174
REC oseq=929 s0=0x01 len=0 crc=1 rssi=-32 pairid=246 txtag=64 st=0x00 addr=444508235 end=444508556 air_us=20 gap_us=174
REC oseq=930 s0=0x16 len=250 crc=1 rssi=-52 pairid=246 txtag=64 st=0x00 addr=444511353 end=444527674 air_us=1020 gap_us=174
REC oseq=931 s0=0x0d len=0 crc=1 rssi=-32 pairid=246 txtag=64 st=0x00 addr=444530460 end=444530781 air_us=20 gap_us=174
REC oseq=932 s0=0x1a len=250 crc=1 rssi=-52 pairid=246 txtag=64 st=0x00 addr=444533577 end=444549898 air_us=1020 gap_us=174
REC oseq=933 s0=0x01 len=0 crc=1 rssi=-32 pairid=246 txtag=64 st=0x00 addr=444552684 end=444553005 air_us=20 gap_us=174
REC oseq=934 s0=0x16 len=250 crc=0 rssi=-52 pairid=246 txtag=64 st=0x00 addr=444555801 end=444572122 air_us=1020 gap_us=174
REC oseq=935 s0=0x0d len=0 crc=1 rssi=-32 pairid=246 txtag=64 st=0x00 addr=444589946 end=444590267 air_us=20 gap_us=1114
REC oseq=936 s0=0x1a len=250 crc=1 rssi=-51 pairid=246 txtag=64 st=0x00 addr=444593064 end=444609385 air_us=1020 gap_us=174
REC oseq=937 s0=0x01 len=0 crc=1 rssi=-32 pairid=246 txtag=64 st=0x00 addr=444612171 end=444612492 air_us=20 gap_us=174
REC oseq=938 s0=0x16 len=250 crc=1 rssi=-52 pairid=246 txtag=64 st=0x00 addr=444615288 end=444631609 air_us=1020 gap_us=174
REC oseq=939 s0=0x0d len=0 crc=1 rssi=-32 pairid=246 txtag=64 st=0x00 addr=444634395 end=444634716 air_us=20 gap_us=174
REC oseq=940 s0=0x1a len=250 crc=1 rssi=-51 pairid=246 txtag=64 st=0x00 addr=444637512 end=444653833 air_us=1020 gap_us=174
REC oseq=941 s0=0x01 len=0 crc=1 rssi=-32 pairid=246 txtag=64 st=0x00 addr=444656619 end=444656940 air_us=20 gap_us=174
REC oseq=942 s0=0x16 len=250 crc=1 rssi=-52 pairid=246 txtag=64 st=0x00 addr=444659736 end=444676057 air_us=1020 gap_us=174
REC oseq=943 s0=0x0d len=0 crc=1 rssi=-32 pairid=246 txtag=64 st=0x00 addr=444678843 end=444679164 air_us=20 gap_us=174
REC oseq=944 s0=0x1a len=250 crc=0 rssi=-51 pairid=246 txtag=64 st=0x00 addr=444681961 end=444698282 air_us=1020 gap_us=174
REC oseq=945 s0=0x11 len=86 crc=0 rssi=-89 pairid=25978 txtag=0 st=0x00 addr=446001048 end=446006873 air_us=364 gap_us=81422
REC oseq=946 s0=0x9b len=66 crc=0 rssi=-90 pairid=18870 txtag=0 st=0x00 addr=446127716 end=446132261 air_us=284 gap_us=7552
REC oseq=947 s0=0x93 len=86 crc=0 rssi=-91 pairid=39030 txtag=0 st=0x00 addr=446241046 end=446246871 air_us=364 gap_us=6799
REC oseq=948 s0=0x01 len=0 crc=1 rssi=-32 pairid=39030 txtag=0 st=0x00 addr=447567708 end=447568029 air_us=20 gap_us=82552
REC oseq=949 s0=0x16 len=250 crc=1 rssi=-52 pairid=246 txtag=64 st=0x00 addr=447570818 end=447587139 air_us=1020 gap_us=174
REC oseq=950 s0=0x0d len=0 crc=1 rssi=-32 pairid=246 txtag=64 st=0x00 addr=447589933 end=447590254 air_us=20 gap_us=174
REC oseq=951 s0=0x1a len=250 crc=1 rssi=-52 pairid=246 txtag=64 st=0x00 addr=447593042 end=447609363 air_us=1020 gap_us=174
REC oseq=952 s0=0x01 len=0 crc=1 rssi=-32 pairid=246 txtag=64 st=0x00 addr=447612157 end=447612478 air_us=20 gap_us=174
REC oseq=953 s0=0x16 len=250 crc=1 rssi=-52 pairid=246 txtag=64 st=0x00 addr=447615266 end=447631587 air_us=1020 gap_us=174
REC oseq=954 s0=0x0d len=0 crc=1 rssi=-32 pairid=246 txtag=64 st=0x00 addr=447634381 end=447634702 air_us=20 gap_us=174
REC oseq=955 s0=0x1a len=250 crc=1 rssi=-51 pairid=246 txtag=64 st=0x00 addr=447637490 end=447653811 air_us=1020 gap_us=174
REC oseq=956 s0=0x01 len=0 crc=1 rssi=-32 pairid=246 txtag=64 st=0x00 addr=447656605 end=447656926 air_us=20 gap_us=174
REC oseq=957 s0=0x16 len=250 crc=1 rssi=-52 pairid=246 txtag=64 st=0x00 addr=447659715 end=447676036 air_us=1020 gap_us=174
REC oseq=958 s0=0x0d len=0 crc=1 rssi=-32 pairid=246 txtag=64 st=0x00 addr=447678830 end=447679151 air_us=20 gap_us=174
REC oseq=959 s0=0x1a len=250 crc=0 rssi=-51 pairid=246 txtag=64 st=0x00 addr=447681939 end=447698260 air_us=1020 gap_us=174
REC oseq=960 s0=0x1b len=193 crc=0 rssi=-91 pairid=51692 txtag=0 st=0x00 addr=451047694 end=451060367 air_us=792 gap_us=209339
REC oseq=961 s0=0x91 len=82 crc=0 rssi=-91 pairid=2182 txtag=0 st=0x00 addr=451161022 end=451166591 air_us=348 gap_us=6290
REC oseq=962 s0=0x8a len=173 crc=0 rssi=-91 pairid=11187 txtag=189 st=0x00 addr=455607674 end=455619067 air_us=712 gap_us=277567
REC oseq=963 s0=0x8e len=109 crc=0 rssi=-91 pairid=4348 txtag=181 st=0x00 addr=455629882 end=455637179 air_us=456 gap_us=675
REC oseq=964 s0=0x8e len=175 crc=0 rssi=-90 pairid=53445 txtag=109 st=0x00 addr=455674299 end=455685820 air_us=720 gap_us=2320
REC oseq=965 s0=0x3e len=216 crc=0 rssi=-91 pairid=33271 txtag=253 st=0x00 addr=458727657 end=458741802 air_us=884 gap_us=190114
REC oseq=966 s0=0x3e len=216 crc=0 rssi=-90 pairid=33270 txtag=253 st=0x00 addr=458817324 end=458831469 air_us=884 gap_us=4720
REC oseq=967 s0=0x32 len=216 crc=0 rssi=-90 pairid=35459 txtag=253 st=0x00 addr=458839547 end=458853692 air_us=884 gap_us=504
REC oseq=968 s0=0x12 len=239 crc=1 rssi=-31 pairid=235 txtag=64 st=0x00 addr=460167651 end=460183268 air_us=976 gap_us=82122
REC oseq=969 s0=0x16 len=250 crc=1 rssi=-52 pairid=246 txtag=64 st=0x00 addr=460186057 end=460202378 air_us=1020 gap_us=174
REC oseq=970 s0=0x1e len=251 crc=1 rssi=-32 pairid=247 txtag=64 st=0x00 addr=460205171 end=460221556 air_us=1024 gap_us=174
REC oseq=971 s0=0x1a len=250 crc=1 rssi=-52 pairid=246 txtag=64 st=0x00 addr=460224346 end=460240667 air_us=1020 gap_us=174
REC oseq=972 s0=0x12 len=239 crc=1 rssi=-31 pairid=235 txtag=64 st=0x00 addr=460243460 end=460259077 air_us=976 gap_us=174
REC oseq=973 s0=0x16 len=250 crc=1 rssi=-52 pairid=246 txtag=64 st=0x00 addr=460261866 end=460278187 air_us=1020 gap_us=174
REC oseq=974 s0=0x1e len=251 crc=0 rssi=-31 pairid=247 txtag=64 st=0x00 addr=460280980 end=460297365 air_us=1024 gap_us=174
REC oseq=975 s0=0x21 len=35 crc=0 rssi=-90 pairid=38988 txtag=72 st=0x00 addr=461847644 end=461850205 air_us=160 gap_us=96892
REC oseq=976 s0=0x2d len=55 crc=0 rssi=-91 pairid=38992 txtag=72 st=0x00 addr=461885917 end=461889758 air_us=240 gap_us=2232
REC oseq=977 s0=0x21 len=35 crc=0 rssi=-90 pairid=55372 txtag=80 st=0x00 addr=461923422 end=461925983 air_us=160 gap_us=2104
REC oseq=978 s0=0x2d len=87 crc=0 rssi=-91 pairid=38992 txtag=80 st=0x00 addr=461961694 end=461967583 air_us=368 gap_us=2231
REC oseq=979 s0=0x12 len=251 crc=1 rssi=-31 pairid=247 txtag=64 st=0x00 addr=462927639 end=462944024 air_us=1024 gap_us=60003
REC oseq=980 s0=0x16 len=250 crc=1 rssi=-52 pairid=246 txtag=64 st=0x00 addr=462946822 end=462963143 air_us=1020 gap_us=174
REC oseq=981 s0=0x1e len=239 crc=1 rssi=-31 pairid=235 txtag=64 st=0x00 addr=462965928 end=462981545 air_us=976 gap_us=174
REC oseq=982 s0=0x1a len=250 crc=1 rssi=-52 pairid=246 txtag=64 st=0x00 addr=462984342 end=463000663 air_us=1020 gap_us=174
REC oseq=983 s0=0x12 len=251 crc=1 rssi=-31 pairid=247 txtag=64 st=0x00 addr=463003448 end=463019833 air_us=1024 gap_us=174
REC oseq=984 s0=0x16 len=250 crc=1 rssi=-52 pairid=246 txtag=64 st=0x00 addr=463022630 end=463038951 air_us=1020 gap_us=174
REC oseq=985 s0=0x1e len=239 crc=0 rssi=-31 pairid=235 txtag=64 st=0x00 addr=463041737 end=463057354 air_us=976 gap_us=174
REC oseq=986 s0=0x3e len=216 crc=0 rssi=-90 pairid=502 txtag=204 st=0x00 addr=464247633 end=464261778 air_us=884 gap_us=74392
REC oseq=987 s0=0x32 len=216 crc=0 rssi=-91 pairid=35459 txtag=229 st=0x00 addr=464269857 end=464284002 air_us=884 gap_us=504
REC oseq=988 s0=0x3e len=216 crc=0 rssi=-91 pairid=33271 txtag=253 st=0x00 addr=464292081 end=464306226 air_us=884 gap_us=504
REC oseq=989 s0=0x32 len=216 crc=0 rssi=-91 pairid=35458 txtag=197 st=0x00 addr=464314306 end=464328451 air_us=884 gap_us=505
REC oseq=990 s0=0x3e len=216 crc=0 rssi=-90 pairid=33271 txtag=229 st=0x00 addr=464336529 end=464350674 air_us=884 gap_us=504
REC oseq=991 s0=0x32 len=216 crc=0 rssi=-91 pairid=2691 txtag=245 st=0x00 addr=464358755 end=464372900 air_us=884 gap_us=505
REC oseq=992 s0=0x2e len=216 crc=0 rssi=-91 pairid=39611 txtag=229 st=0x00 addr=467487618 end=467501763 air_us=884 gap_us=194669
REC oseq=993 s0=0x21 len=149 crc=0 rssi=-91 pairid=36995 txtag=1 st=0x00 addr=467509844 end=467519701 air_us=616 gap_us=505
REC oseq=994 s0=0x2d len=55 crc=0 rssi=-91 pairid=38992 txtag=72 st=0x00 addr=467548131 end=467551972 air_us=240 gap_us=1776
REC oseq=995 s0=0x21 len=99 crc=0 rssi=-90 pairid=38989 txtag=72 st=0x00 addr=467585651 end=467592308 air_us=416 gap_us=2104
REC oseq=996 s0=0x21 len=55 crc=0 rssi=-91 pairid=38993 txtag=72 st=0x00 addr=470967602 end=470971443 air_us=240 gap_us=210955
REC oseq=997 s0=0x2d len=35 crc=0 rssi=-91 pairid=55372 txtag=64 st=0x00 addr=471005122 end=471007683 air_us=160 gap_us=2104
REC oseq=998 s0=0x3a len=183 crc=0 rssi=-92 pairid=38992 txtag=72 st=0x00 addr=471043412 end=471055445 air_us=752 gap_us=2233
REC oseq=999 s0=0x2d len=35 crc=0 rssi=-91 pairid=38988 txtag=72 st=0x00 addr=471080931 end=471083492 air_us=160 gap_us=1592
REC oseq=1000 s0=0x9d len=193 crc=0 rssi=-90 pairid=3360 txtag=0 st=0x00 addr=474441685 end=474454358 air_us=792 gap_us=209887
REC oseq=1001 s0=0x32 len=216 crc=0 rssi=-90 pairid=35459 txtag=221 st=0x00 addr=475309807 end=475323952 air_us=884 gap_us=53465
REC oseq=1002 s0=0x3e len=216 crc=0 rssi=-90 pairid=33270 txtag=253 st=0x00 addr=475332031 end=475346176 air_us=884 gap_us=504
REC oseq=1003 s0=0x32 len=216 crc=0 rssi=-89 pairid=2691 txtag=229 st=0x00 addr=475354255 end=475368400 air_us=884 gap_us=504
REC oseq=1004 s0=0x3e len=216 crc=0 rssi=-90 pairid=502 txtag=253 st=0x00 addr=475376479 end=475390624 air_us=884 gap_us=504
REC oseq=1005 s0=0x32 len=216 crc=0 rssi=-90 pairid=35458 txtag=245 st=0x00 addr=475398704 end=475412849 air_us=884 gap_us=505
REC oseq=1006 s0=0x3e len=216 crc=0 rssi=-90 pairid=33270 txtag=206 st=0x00 addr=475474255 end=475488400 air_us=884 gap_us=3837
REC oseq=1007 s0=0x32 len=216 crc=0 rssi=-89 pairid=35459 txtag=205 st=0x00 addr=475496479 end=475510624 air_us=884 gap_us=504
REC oseq=1008 s0=0x3e len=216 crc=0 rssi=-89 pairid=502 txtag=229 st=0x00 addr=475518704 end=475532849 air_us=884 gap_us=505
REC oseq=1009 s0=0x1e len=251 crc=1 rssi=-31 pairid=247 txtag=64 st=0x00 addr=475887579 end=475903964 air_us=1024 gap_us=22170
REC oseq=1010 s0=0x1a len=250 crc=1 rssi=-51 pairid=246 txtag=64 st=0x00 addr=475906761 end=475923082 air_us=1020 gap_us=174
REC oseq=1011 s0=0x12 len=239 crc=1 rssi=-31 pairid=235 txtag=64 st=0x00 addr=475925868 end=475941485 air_us=976 gap_us=174
REC oseq=1012 s0=0x16 len=250 crc=1 rssi=-52 pairid=246 txtag=64 st=0x00 addr=475944282 end=475960603 air_us=1020 gap_us=174
REC oseq=1013 s0=0x1e len=251 crc=1 rssi=-31 pairid=247 txtag=64 st=0x00 addr=475963388 end=475979773 air_us=1024 gap_us=174
REC oseq=1014 s0=0x1a len=250 crc=1 rssi=-52 pairid=246 txtag=64 st=0x00 addr=475982570 end=475998891 air_us=1020 gap_us=174
REC oseq=1015 s0=0x12 len=239 crc=0 rssi=-31 pairid=235 txtag=64 st=0x00 addr=476001677 end=476017294 air_us=976 gap_us=174
REC oseq=1016 s0=0x16 len=250 crc=1 rssi=-52 pairid=246 txtag=64 st=0x00 addr=476025992 end=476042313 air_us=1020 gap_us=543
REC oseq=1017 s0=0x1e len=251 crc=1 rssi=-31 pairid=247 txtag=64 st=0x00 addr=476045100 end=476061485 air_us=1024 gap_us=174
REC oseq=1018 s0=0x1a len=250 crc=1 rssi=-52 pairid=246 txtag=64 st=0x00 addr=476064280 end=476080601 air_us=1020 gap_us=174
REC oseq=1019 s0=0x12 len=239 crc=1 rssi=-31 pairid=235 txtag=64 st=0x00 addr=476083389 end=476099006 air_us=976 gap_us=174
REC oseq=1020 s0=0x16 len=250 crc=1 rssi=-52 pairid=246 txtag=64 st=0x00 addr=476101801 end=476118122 air_us=1020 gap_us=174
REC oseq=1021 s0=0x1e len=251 crc=0 rssi=-31 pairid=247 txtag=64 st=0x00 addr=476120910 end=476137295 air_us=1024 gap_us=174
REC oseq=1022 s0=0x82 len=191 crc=0 rssi=-91 pairid=39314 txtag=181 st=0x00 addr=480994231 end=481006776 air_us=784 gap_us=303558
REC oseq=1023 s0=0x3e len=216 crc=0 rssi=-90 pairid=503 txtag=205 st=0x00 addr=481167555 end=481181700 air_us=884 gap_us=10048
REC oseq=1024 s0=0x12 len=239 crc=1 rssi=-32 pairid=235 txtag=64 st=0x00 addr=482367550 end=482383167 air_us=976 gap_us=74115
REC oseq=1025 s0=0x16 len=250 crc=1 rssi=-52 pairid=246 txtag=64 st=0x00 addr=482385963 end=482402284 air_us=1020 gap_us=174
REC oseq=1026 s0=0x1e len=251 crc=1 rssi=-31 pairid=247 txtag=64 st=0x00 addr=482405071 end=482421456 air_us=1024 gap_us=174
REC oseq=1027 s0=0x1a len=250 crc=1 rssi=-51 pairid=246 txtag=64 st=0x00 addr=482424252 end=482440573 air_us=1020 gap_us=174
REC oseq=1028 s0=0x12 len=239 crc=1 rssi=-31 pairid=235 txtag=64 st=0x00 addr=482443360 end=482458977 air_us=976 gap_us=174
REC oseq=1029 s0=0x16 len=250 crc=1 rssi=-52 pairid=246 txtag=64 st=0x00 addr=482461772 end=482478093 air_us=1020 gap_us=174
REC oseq=1030 s0=0x1e len=251 crc=0 rssi=-32 pairid=247 txtag=64 st=0x00 addr=482480880 end=482497265 air_us=1024 gap_us=174
REC oseq=1031 s0=0x91 len=66 crc=0 rssi=-90 pairid=20846 txtag=32 st=0x00 addr=482607552 end=482612097 air_us=284 gap_us=6892
REC oseq=1032 s0=0x21 len=55 crc=0 rssi=-91 pairid=38992 txtag=72 st=0x00 addr=482847548 end=482851389 air_us=240 gap_us=14715
REC oseq=1033 s0=0x2d len=35 crc=0 rssi=-91 pairid=38988 txtag=72 st=0x00 addr=482885069 end=482887630 air_us=160 gap_us=2105
REC oseq=1034 s0=0x2d len=35 crc=0 rssi=-90 pairid=38988 txtag=80 st=0x00 addr=482960878 end=482963439 air_us=160 gap_us=4578
REC oseq=1035 s0=0x21 len=35 crc=0 rssi=-91 pairid=55372 txtag=72 st=0x00 addr=484167543 end=484170104 air_us=160 gap_us=75256
REC oseq=1036 s0=0x2d len=55 crc=0 rssi=-91 pairid=38992 txtag=72 st=0x00 addr=484205830 end=484209671 air_us=240 gap_us=2232
REC oseq=1037 s0=0x21 len=35 crc=0 rssi=-90 pairid=38988 txtag=72 st=0x00 addr=484243351 end=484245912 air_us=160 gap_us=2105
REC oseq=1038 s0=0x2d len=183 crc=0 rssi=-90 pairid=38992 txtag=72 st=0x00 addr=484281639 end=484293672 air_us=752 gap_us=2232
REC oseq=1039 s0=0x12 len=251 crc=1 rssi=-32 pairid=247 txtag=64 st=0x00 addr=484887538 end=484903923 air_us=1024 gap_us=37116
REC oseq=1040 s0=0x16 len=250 crc=1 rssi=-52 pairid=246 txtag=64 st=0x00 addr=484906715 end=484923036 air_us=1020 gap_us=174
REC oseq=1041 s0=0x1e len=239 crc=1 rssi=-31 pairid=235 txtag=64 st=0x00 addr=484925827 end=484941444 air_us=976 gap_us=174
REC oseq=1042 s0=0x1a len=250 crc=1 rssi=-52 pairid=246 txtag=64 st=0x00 addr=484944235 end=484960556 air_us=1020 gap_us=174
REC oseq=1043 s0=0x12 len=251 crc=1 rssi=-31 pairid=247 txtag=64 st=0x00 addr=484963348 end=484979733 air_us=1024 gap_us=174
REC oseq=1044 s0=0x16 len=250 crc=1 rssi=-52 pairid=246 txtag=64 st=0x00 addr=484982523 end=484998844 air_us=1020 gap_us=174
REC oseq=1045 s0=0x1e len=239 crc=0 rssi=-32 pairid=235 txtag=64 st=0x00 addr=485001636 end=485017253 air_us=976 gap_us=174
REC oseq=1046 s0=0x3e len=216 crc=0 rssi=-91 pairid=502 txtag=229 st=0x00 addr=486207534 end=486221679 air_us=884 gap_us=74392
REC oseq=1047 s0=0x32 len=216 crc=0 rssi=-90 pairid=35459 txtag=253 st=0x00 addr=486229757 end=486243902 air_us=884 gap_us=504
REC oseq=1048 s0=0x0e len=192 crc=0 rssi=-90 pairid=33270 txtag=205 st=0x00 addr=486251981 end=486264590 air_us=788 gap_us=504
REC oseq=1049 s0=0x32 len=216 crc=0 rssi=-90 pairid=35459 txtag=229 st=0x00 addr=486274206 end=486288351 air_us=884 gap_us=601
REC oseq=1050 s0=0x35 len=212 crc=0 rssi=-92 pairid=39091 txtag=20 st=0x00 addr=486296430 end=486310319 air_us=868 gap_us=504
REC oseq=1051 s0=0x32 len=216 crc=0 rssi=-90 pairid=35459 txtag=205 st=0x00 addr=486319424 end=486333569 air_us=884 gap_us=569
REC oseq=1052 s0=0x21 len=55 crc=0 rssi=-91 pairid=38992 txtag=72 st=0x00 addr=488487523 end=488491364 air_us=240 gap_us=134622
REC oseq=1053 s0=0x3d len=212 crc=0 rssi=-90 pairid=39090 txtag=20 st=0x00 addr=488525043 end=488538932 air_us=868 gap_us=2104
REC oseq=1054 s0=0x32 len=192 crc=0 rssi=-92 pairid=35459 txtag=253 st=0x00 addr=488548036 end=488560645 air_us=788 gap_us=569
REC oseq=1055 s0=0x3e len=216 crc=0 rssi=-90 pairid=33270 txtag=229 st=0x00 addr=488570260 end=488584405 air_us=884 gap_us=600
REC oseq=1056 s0=0x2a len=216 crc=0 rssi=-90 pairid=35459 txtag=253 st=0x00 addr=488592485 end=488606630 air_us=884 gap_us=505
REC oseq=1057 s0=0x2d len=35 crc=0 rssi=-91 pairid=55372 txtag=72 st=0x00 addr=493205790 end=493208351 air_us=160 gap_us=287447
REC oseq=1058 s0=0x21 len=49 crc=0 rssi=-91 pairid=55376 txtag=72 st=0x00 addr=493244079 end=493247536 air_us=216 gap_us=2233
REC oseq=1059 s0=0x2d len=35 crc=0 rssi=-90 pairid=38988 txtag=72 st=0x00 addr=493281598 end=493284159 air_us=160 gap_us=2128
REC oseq=1060 s0=0x8e len=165 crc=0 rssi=-91 pairid=37062 txtag=181 st=0x00 addr=494727495 end=494738376 air_us=680 gap_us=90208
REC oseq=1061 s0=0x12 len=251 crc=1 rssi=-31 pairid=247 txtag=64 st=0x00 addr=496407487 end=496423872 air_us=1024 gap_us=104319
REC oseq=1062 s0=0x16 len=250 crc=1 rssi=-52 pairid=246 txtag=64 st=0x00 addr=496426665 end=496442986 air_us=1020 gap_us=174
REC oseq=1063 s0=0x1e len=239 crc=1 rssi=-31 pairid=235 txtag=64 st=0x00 addr=496445775 end=496461392 air_us=976 gap_us=174
REC oseq=1064 s0=0x1a len=250 crc=1 rssi=-51 pairid=246 txtag=64 st=0x00 addr=496464185 end=496480506 air_us=1020 gap_us=174
REC oseq=1065 s0=0x12 len=251 crc=1 rssi=-31 pairid=247 txtag=64 st=0x00 addr=496483296 end=496499681 air_us=1024 gap_us=174
REC oseq=1066 s0=0x16 len=250 crc=1 rssi=-52 pairid=246 txtag=64 st=0x00 addr=496502473 end=496518794 air_us=1020 gap_us=174
REC oseq=1067 s0=0x1e len=239 crc=0 rssi=-31 pairid=235 txtag=64 st=0x00 addr=496521584 end=496537201 air_us=976 gap_us=174
REC oseq=1068 s0=0x21 len=55 crc=0 rssi=-90 pairid=55376 txtag=64 st=0x00 addr=498921573 end=498925414 air_us=240 gap_us=149023
REC oseq=1069 s0=0x1e len=251 crc=1 rssi=-31 pairid=247 txtag=64 st=0x00 addr=499527471 end=499543856 air_us=1024 gap_us=37628
REC oseq=1070 s0=0x1a len=250 crc=1 rssi=-51 pairid=246 txtag=64 st=0x00 addr=499546642 end=499562963 air_us=1020 gap_us=174
REC oseq=1071 s0=0x12 len=239 crc=1 rssi=-31 pairid=235 txtag=64 st=0x00 addr=499565760 end=499581377 air_us=976 gap_us=174
REC oseq=1072 s0=0x16 len=250 crc=1 rssi=-52 pairid=246 txtag=64 st=0x00 addr=499584162 end=499600483 air_us=1020 gap_us=174
REC oseq=1073 s0=0x1e len=251 crc=1 rssi=-31 pairid=247 txtag=64 st=0x00 addr=499603280 end=499619665 air_us=1024 gap_us=174
REC oseq=1074 s0=0x1a len=250 crc=1 rssi=-51 pairid=246 txtag=64 st=0x00 addr=499622451 end=499638772 air_us=1020 gap_us=174
REC oseq=1075 s0=0x12 len=239 crc=0 rssi=-31 pairid=235 txtag=64 st=0x00 addr=499641569 end=499657186 air_us=976 gap_us=174
REC oseq=1076 s0=0x40 len=109 crc=0 rssi=-93 pairid=47232 txtag=163 st=0x00 addr=501920791 end=501928088 air_us=456 gap_us=141475
REC oseq=1077 s0=0x01 len=0 crc=1 rssi=-32 pairid=47232 txtag=163 st=0x00 addr=502527458 end=502527779 air_us=20 gap_us=37460
REC oseq=1078 s0=0x16 len=250 crc=1 rssi=-52 pairid=246 txtag=64 st=0x00 addr=502530574 end=502546895 air_us=1020 gap_us=174
REC oseq=1079 s0=0x0d len=0 crc=1 rssi=-32 pairid=246 txtag=64 st=0x00 addr=502549682 end=502550003 air_us=20 gap_us=174
REC oseq=1080 s0=0x1a len=250 crc=1 rssi=-52 pairid=246 txtag=64 st=0x00 addr=502552798 end=502569119 air_us=1020 gap_us=174
REC oseq=1081 s0=0x01 len=0 crc=1 rssi=-32 pairid=246 txtag=64 st=0x00 addr=502571907 end=502572228 air_us=20 gap_us=174
REC oseq=1082 s0=0x16 len=250 crc=1 rssi=-52 pairid=246 txtag=64 st=0x00 addr=502575022 end=502591343 air_us=1020 gap_us=174
REC oseq=1083 s0=0x0d len=0 crc=1 rssi=-32 pairid=246 txtag=64 st=0x00 addr=502594131 end=502594452 air_us=20 gap_us=174
REC oseq=1084 s0=0x1a len=250 crc=1 rssi=-52 pairid=246 txtag=64 st=0x00 addr=502597246 end=502613567 air_us=1020 gap_us=174
REC oseq=1085 s0=0x01 len=0 crc=1 rssi=-32 pairid=246 txtag=64 st=0x00 addr=502616355 end=502616676 air_us=20 gap_us=174
REC oseq=1086 s0=0x16 len=250 crc=1 rssi=-52 pairid=246 txtag=64 st=0x00 addr=502619471 end=502635792 air_us=1020 gap_us=174
REC oseq=1087 s0=0x0d len=0 crc=1 rssi=-32 pairid=246 txtag=64 st=0x00 addr=502638580 end=502638901 air_us=20 gap_us=174
REC oseq=1088 s0=0x1a len=250 crc=0 rssi=-52 pairid=246 txtag=64 st=0x00 addr=502641695 end=502658016 air_us=1020 gap_us=174
REC oseq=1089 s0=0x91 len=66 crc=0 rssi=-90 pairid=51664 txtag=0 st=0x00 addr=504327451 end=504331996 air_us=284 gap_us=104339
REC oseq=1090 s0=0x9e len=22 crc=0 rssi=-90 pairid=53756 txtag=0 st=0x00 addr=504440784 end=504442514 air_us=108 gap_us=6799
REC oseq=1091 s0=0x3e len=216 crc=0 rssi=-90 pairid=33270 txtag=245 st=0x00 addr=505549669 end=505563814 air_us=884 gap_us=69197
REC oseq=1092 s0=0x32 len=218 crc=0 rssi=-90 pairid=35459 txtag=253 st=0x00 addr=505571894 end=505586167 air_us=892 gap_us=505
REC oseq=1093 s0=0x3e len=88 crc=0 rssi=-89 pairid=33271 txtag=205 st=0x00 addr=505594118 end=505600071 air_us=372 gap_us=496
REC oseq=1094 s0=0x32 len=216 crc=0 rssi=-90 pairid=35458 txtag=229 st=0x00 addr=505616343 end=505630488 air_us=884 gap_us=1017
REC oseq=1095 s0=0x3e len=216 crc=0 rssi=-90 pairid=33271 txtag=229 st=0x00 addr=505638567 end=505652712 air_us=884 gap_us=504
REC oseq=1096 s0=0x01 len=35 crc=0 rssi=-90 pairid=38988 txtag=72 st=0x00 addr=506367440 end=506370001 air_us=160 gap_us=44670
REC oseq=1097 s0=0x21 len=227 crc=0 rssi=-89 pairid=38988 txtag=72 st=0x00 addr=506405730 end=506420579 air_us=928 gap_us=2233
REC oseq=1098 s0=0xad len=54 crc=0 rssi=-90 pairid=55376 txtag=72 st=0x00 addr=507327439 end=507331216 air_us=236 gap_us=56678
REC oseq=1099 s0=0x2d len=55 crc=0 rssi=-90 pairid=38992 txtag=72 st=0x00 addr=507364958 end=507368799 air_us=240 gap_us=2108
REC oseq=1100 s0=0x21 len=35 crc=0 rssi=-90 pairid=38988 txtag=72 st=0x00 addr=507402478 end=507405039 air_us=160 gap_us=2104
REC oseq=1101 s0=0x2d len=55 crc=0 rssi=-90 pairid=38992 txtag=72 st=0x00 addr=507440769 end=507444611 air_us=240 gap_us=2233
REC oseq=1102 s0=0x01 len=0 crc=1 rssi=-32 pairid=38992 txtag=72 st=0x00 addr=510807420 end=510807741 air_us=20 gap_us=210175
REC oseq=1103 s0=0x16 len=250 crc=1 rssi=-52 pairid=246 txtag=64 st=0x00 addr=510810531 end=510826852 air_us=1020 gap_us=174
REC oseq=1104 s0=0x0d len=0 crc=1 rssi=-32 pairid=246 txtag=64 st=0x00 addr=510829644 end=510829965 air_us=20 gap_us=174
REC oseq=1105 s0=0x1a len=250 crc=1 rssi=-52 pairid=246 txtag=64 st=0x00 addr=510832755 end=510849076 air_us=1020 gap_us=174
REC oseq=1106 s0=0x01 len=0 crc=1 rssi=-32 pairid=246 txtag=64 st=0x00 addr=510851868 end=510852189 air_us=20 gap_us=174
REC oseq=1107 s0=0x16 len=250 crc=1 rssi=-52 pairid=246 txtag=64 st=0x00 addr=510854979 end=510871300 air_us=1020 gap_us=174
REC oseq=1108 s0=0x0d len=0 crc=1 rssi=-32 pairid=246 txtag=64 st=0x00 addr=510874093 end=510874414 air_us=20 gap_us=174
REC oseq=1109 s0=0x1a len=250 crc=1 rssi=-52 pairid=246 txtag=64 st=0x00 addr=510877204 end=510893525 air_us=1020 gap_us=174
REC oseq=1110 s0=0x02 len=12 crc=1 rssi=-32 pairid=8 txtag=5 st=0x00 addr=510896317 end=510897406 air_us=68 gap_us=174
REC oseq=1111 s0=0x16 len=250 crc=1 rssi=-52 pairid=246 txtag=64 st=0x00 addr=510900196 end=510916517 air_us=1020 gap_us=174
REC oseq=1112 s0=0x0d len=0 crc=1 rssi=-32 pairid=246 txtag=64 st=0x00 addr=510919309 end=510919630 air_us=20 gap_us=174
REC oseq=1113 s0=0x38 len=131 crc=0 rssi=-66 pairid=4832 txtag=124 st=0x00 addr=511354094 end=511362800 air_us=544 gap_us=27154
REC oseq=1114 s0=0x8e len=181 crc=0 rssi=-89 pairid=37062 txtag=52 st=0x00 addr=511527419 end=511539324 air_us=744 gap_us=10288
REC oseq=1115 s0=0x88 len=205 crc=0 rssi=-91 pairid=4288 txtag=52 st=0x00 addr=511616317 end=511629758 air_us=840 gap_us=4812
REC oseq=1116 s0=0x21 len=35 crc=0 rssi=-91 pairid=38988 txtag=72 st=0x00 addr=511767416 end=511769977 air_us=160 gap_us=8603
REC oseq=1117 s0=0x2d len=55 crc=0 rssi=-91 pairid=55376 txtag=72 st=0x00 addr=511805705 end=511809546 air_us=240 gap_us=2233
REC oseq=1118 s0=0x21 len=35 crc=0 rssi=-91 pairid=38988 txtag=72 st=0x00 addr=511843225 end=511845786 air_us=160 gap_us=2104
REC oseq=1119 s0=0x2d len=55 crc=0 rssi=-91 pairid=38992 txtag=68 st=0x00 addr=511881514 end=511885355 air_us=240 gap_us=2233
REC oseq=1120 s0=0x8e len=173 crc=0 rssi=-91 pairid=21398 txtag=165 st=0x00 addr=513469616 end=513481009 air_us=712 gap_us=99016
REC oseq=1121 s0=0x8e len=173 crc=0 rssi=-91 pairid=16214 txtag=165 st=0x00 addr=513558465 end=513569858 air_us=712 gap_us=4841
REC oseq=1122 s0=0x1e len=216 crc=0 rssi=-90 pairid=33271 txtag=253 st=0x00 addr=514287404 end=514301549 air_us=884 gap_us=44846
REC oseq=1123 s0=0x32 len=216 crc=0 rssi=-89 pairid=35458 txtag=229 st=0x00 addr=514309629 end=514323774 air_us=884 gap_us=505
REC oseq=1124 s0=0x32 len=216 crc=0 rssi=-90 pairid=35459 txtag=253 st=0x00 addr=514354079 end=514368224 air_us=884 gap_us=1894
REC oseq=1125 s0=0x21 len=55 crc=0 rssi=-92 pairid=38992 txtag=72 st=0x00 addr=514383295 end=514387136 air_us=240 gap_us=941
REC oseq=1126 s0=0x12 len=239 crc=1 rssi=-31 pairid=235 txtag=64 st=0x00 addr=514647403 end=514663020 air_us=976 gap_us=16266
REC oseq=1127 s0=0x16 len=250 crc=1 rssi=-52 pairid=246 txtag=64 st=0x00 addr=514665815 end=514682136 air_us=1020 gap_us=174
REC oseq=1128 s0=0x1e len=251 crc=1 rssi=-31 pairid=247 txtag=64 st=0x00 addr=514684923 end=514701308 air_us=1024 gap_us=174
REC oseq=1129 s0=0x1a len=250 crc=1 rssi=-52 pairid=246 txtag=64 st=0x00 addr=514704103 end=514720424 air_us=1020 gap_us=174
REC oseq=1130 s0=0x12 len=239 crc=1 rssi=-31 pairid=235 txtag=64 st=0x00 addr=514723212 end=514738829 air_us=976 gap_us=174
REC oseq=1131 s0=0x16 len=250 crc=1 rssi=-52 pairid=246 txtag=64 st=0x00 addr=514741624 end=514757945 air_us=1020 gap_us=174
REC oseq=1132 s0=0x1e len=251 crc=0 rssi=-31 pairid=247 txtag=64 st=0x00 addr=514760733 end=514777118 air_us=1024 gap_us=174
REC oseq=1133 s0=0x2d len=227 crc=0 rssi=-90 pairid=38988 txtag=80 st=0x00 addr=515127401 end=515142250 air_us=928 gap_us=21892
REC oseq=1134 s0=0x21 len=87 crc=0 rssi=-92 pairid=38992 txtag=80 st=0x00 addr=515165690 end=515171579 air_us=368 gap_us=1465
REC oseq=1135 s0=0x2d len=35 crc=0 rssi=-91 pairid=38988 txtag=72 st=0x00 addr=515203209 end=515205770 air_us=160 gap_us=1976
REC oseq=1136 s0=0x21 len=55 crc=0 rssi=-90 pairid=55376 txtag=80 st=0x00 addr=515241499 end=515245340 air_us=240 gap_us=2233
REC oseq=1137 s0=0x2d len=35 crc=0 rssi=-90 pairid=38988 txtag=72 st=0x00 addr=515524920 end=515527481 air_us=160 gap_us=17473
REC oseq=1138 s0=0x21 len=55 crc=0 rssi=-91 pairid=38992 txtag=72 st=0x00 addr=515563209 end=515567050 air_us=240 gap_us=2233
REC oseq=1139 s0=0x2d len=35 crc=0 rssi=-91 pairid=38988 txtag=72 st=0x00 addr=515600729 end=515603290 air_us=160 gap_us=2104
REC oseq=1140 s0=0x3e len=88 crc=0 rssi=-90 pairid=503 txtag=253 st=0x00 addr=516132614 end=516138567 air_us=372 gap_us=33082
REC oseq=1141 s0=0x32 len=216 crc=0 rssi=-90 pairid=35459 txtag=253 st=0x00 addr=516154838 end=516168983 air_us=884 gap_us=1016
REC oseq=1142 s0=0x3e len=88 crc=0 rssi=-91 pairid=503 txtag=245 st=0x00 addr=516177063 end=516183016 air_us=372 gap_us=505
REC oseq=1143 s0=0x32 len=216 crc=0 rssi=-90 pairid=35459 txtag=229 st=0x00 addr=516199287 end=516213432 air_us=884 gap_us=1016
REC oseq=1144 s0=0x8a len=161 crc=0 rssi=-90 pairid=45878 txtag=181 st=0x00 addr=516874066 end=516884691 air_us=664 gap_us=41289
REC oseq=1145 s0=0x12 len=239 crc=1 rssi=-31 pairid=235 txtag=64 st=0x00 addr=520287377 end=520302994 air_us=976 gap_us=212667
REC oseq=1146 s0=0x16 len=250 crc=1 rssi=-52 pairid=246 txtag=64 st=0x00 addr=520305792 end=520322113 air_us=1020 gap_us=174
REC oseq=1147 s0=0x1e len=251 crc=1 rssi=-31 pairid=247 txtag=64 st=0x00 addr=520324897 end=520341282 air_us=1024 gap_us=174
REC oseq=1148 s0=0x1a len=250 crc=1 rssi=-52 pairid=246 txtag=64 st=0x00 addr=520344080 end=520360401 air_us=1020 gap_us=174
REC oseq=1149 s0=0x12 len=239 crc=1 rssi=-32 pairid=235 txtag=64 st=0x00 addr=520363186 end=520378803 air_us=976 gap_us=174
REC oseq=1150 s0=0x16 len=250 crc=1 rssi=-52 pairid=246 txtag=64 st=0x00 addr=520381601 end=520397922 air_us=1020 gap_us=174
REC oseq=1151 s0=0x1e len=251 crc=0 rssi=-31 pairid=247 txtag=64 st=0x00 addr=520400706 end=520417091 air_us=1024 gap_us=174
REC oseq=1152 s0=0x95 len=77 crc=0 rssi=-92 pairid=20324 txtag=192 st=0x00 addr=520887375 end=520892624 air_us=328 gap_us=29392
REC oseq=1153 s0=0x9d len=66 crc=0 rssi=-90 pairid=2432 txtag=128 st=0x00 addr=523041462 end=523046007 air_us=284 gap_us=134302
REC oseq=1154 s0=0x7e len=236 crc=0 rssi=-92 pairid=23280 txtag=35 st=0x00 addr=523723173 end=523738598 air_us=964 gap_us=42322
REC oseq=1155 s0=0x3c len=216 crc=0 rssi=-90 pairid=33270 txtag=253 st=0x00 addr=524487358 end=524501503 air_us=884 gap_us=46797
REC oseq=1156 s0=0x32 len=216 crc=0 rssi=-89 pairid=35459 txtag=205 st=0x00 addr=524509582 end=524523727 air_us=884 gap_us=504
REC oseq=1157 s0=0x3e len=216 crc=0 rssi=-89 pairid=33270 txtag=253 st=0x00 addr=524531807 end=524545952 air_us=884 gap_us=505
REC oseq=1158 s0=0x32 len=216 crc=0 rssi=-90 pairid=35458 txtag=205 st=0x00 addr=524554031 end=524568176 air_us=884 gap_us=504
REC oseq=1159 s0=0x3e len=216 crc=0 rssi=-89 pairid=33270 txtag=253 st=0x00 addr=524576256 end=524590401 air_us=884 gap_us=505
REC oseq=1160 s0=0x32 len=216 crc=0 rssi=-90 pairid=2691 txtag=253 st=0x00 addr=524598480 end=524612625 air_us=884 gap_us=504
REC oseq=1161 s0=0x82 len=175 crc=0 rssi=-91 pairid=52563 txtag=173 st=0x00 addr=527367347 end=527378868 air_us=720 gap_us=172170
REC oseq=1162 s0=0x8e len=173 crc=0 rssi=-90 pairid=53590 txtag=69 st=0x00 addr=527434021 end=527445414 air_us=712 gap_us=3447
REC oseq=1163 s0=0x2d len=55 crc=0 rssi=-91 pairid=38992 txtag=72 st=0x00 addr=528207340 end=528211181 air_us=240 gap_us=47620
REC oseq=1164 s0=0x21 len=35 crc=0 rssi=-90 pairid=38988 txtag=64 st=0x00 addr=528244860 end=528247421 air_us=160 gap_us=2104
REC oseq=1165 s0=0x2b len=55 crc=0 rssi=-89 pairid=38992 txtag=76 st=0x00 addr=528283150 end=528286991 air_us=240 gap_us=2233
REC oseq=1166 s0=0x21 len=35 crc=0 rssi=-92 pairid=38988 txtag=72 st=0x00 addr=528320670 end=528323231 air_us=160 gap_us=2104
REC oseq=1167 s0=0x2d len=183 crc=0 rssi=-91 pairid=55376 txtag=72 st=0x00 addr=528927338 end=528939371 air_us=752 gap_us=37756
REC oseq=1168 s0=0x21 len=163 crc=0 rssi=-90 pairid=38988 txtag=72 st=0x00 addr=528964857 end=528975610 air_us=672 gap_us=1592
REC oseq=1169 s0=0x2d len=55 crc=0 rssi=-91 pairid=38992 txtag=72 st=0x00 addr=529003147 end=529006988 air_us=240 gap_us=1721
REC oseq=1170 s0=0x21 len=35 crc=0 rssi=-91 pairid=38988 txtag=72 st=0x00 addr=529040666 end=529043227 air_us=160 gap_us=2104
REC oseq=1171 s0=0x91 len=86 crc=0 rssi=-91 pairid=2332 txtag=0 st=0x00 addr=529280667 end=529286492 air_us=364 gap_us=14840
REC oseq=1172 s0=0x3e len=216 crc=0 rssi=-91 pairid=502 txtag=253 st=0x00 addr=530127332 end=530141477 air_us=884 gap_us=52552
REC oseq=1173 s0=0x32 len=216 crc=0 rssi=-90 pairid=35459 txtag=253 st=0x00 addr=530238454 end=530252599 air_us=884 gap_us=6061
REC oseq=1174 s0=0x1e len=239 crc=1 rssi=-31 pairid=235 txtag=64 st=0x00 addr=534207314 end=534222931 air_us=976 gap_us=247169
REC oseq=1175 s0=0x1a len=250 crc=1 rssi=-51 pairid=246 txtag=64 st=0x00 addr=534225726 end=534242047 air_us=1020 gap_us=174
REC oseq=1176 s0=0x12 len=251 crc=1 rssi=-31 pairid=247 txtag=64 st=0x00 addr=534244834 end=534261219 air_us=1024 gap_us=174
REC oseq=1177 s0=0x16 len=250 crc=1 rssi=-52 pairid=246 txtag=64 st=0x00 addr=534264014 end=534280335 air_us=1020 gap_us=174
REC oseq=1178 s0=0x1e len=239 crc=1 rssi=-31 pairid=235 txtag=64 st=0x00 addr=534283123 end=534298740 air_us=976 gap_us=174
REC oseq=1179 s0=0x1a len=250 crc=1 rssi=-52 pairid=246 txtag=64 st=0x00 addr=534301534 end=534317855 air_us=1020 gap_us=174
REC oseq=1180 s0=0x12 len=251 crc=0 rssi=-31 pairid=247 txtag=64 st=0x00 addr=534320643 end=534337028 air_us=1024 gap_us=174
REC oseq=1181 s0=0x21 len=35 crc=0 rssi=-91 pairid=38989 txtag=80 st=0x00 addr=534447312 end=534449873 air_us=160 gap_us=6892
REC oseq=1182 s0=0x2d len=55 crc=0 rssi=-90 pairid=38992 txtag=64 st=0x00 addr=534485601 end=534489442 air_us=240 gap_us=2233
REC oseq=1183 s0=0x21 len=35 crc=0 rssi=-90 pairid=38988 txtag=72 st=0x00 addr=534523121 end=534525682 air_us=160 gap_us=2104
REC oseq=1184 s0=0x12 len=251 crc=0 rssi=-32 pairid=247 txtag=64 st=0x00 addr=534687312 end=534703697 air_us=1024 gap_us=10101
REC oseq=1185 s0=0x1a len=250 crc=1 rssi=-52 pairid=246 txtag=64 st=0x00 addr=534706490 end=534722811 air_us=1020 gap_us=174
REC oseq=1186 s0=0x12 len=251 crc=1 rssi=-31 pairid=247 txtag=64 st=0x00 addr=534725601 end=534741986 air_us=1024 gap_us=174
REC oseq=1187 s0=0x16 len=250 crc=1 rssi=-52 pairid=246 txtag=64 st=0x00 addr=534744779 end=534761100 air_us=1020 gap_us=174
REC oseq=1188 s0=0x1e len=239 crc=1 rssi=-31 pairid=235 txtag=64 st=0x00 addr=534763889 end=534779506 air_us=976 gap_us=174
REC oseq=1189 s0=0x1a len=250 crc=1 rssi=-52 pairid=246 txtag=64 st=0x00 addr=534782299 end=534798620 air_us=1020 gap_us=174
REC oseq=1190 s0=0x12 len=251 crc=0 rssi=-31 pairid=247 txtag=64 st=0x00 addr=534801410 end=534817795 air_us=1024 gap_us=174
REC oseq=1191 s0=0x21 len=35 crc=0 rssi=-91 pairid=55372 txtag=72 st=0x00 addr=537687298 end=537689859 air_us=160 gap_us=179343
REC oseq=1192 s0=0x21 len=35 crc=0 rssi=-90 pairid=38988 txtag=72 st=0x00 addr=537725586 end=537728147 air_us=160 gap_us=2232
REC oseq=1193 s0=0x2d len=247 crc=0 rssi=-90 pairid=38992 txtag=80 st=0x00 addr=537763874 end=537780003 air_us=1008 gap_us=2232
REC oseq=1194 s0=0x22 len=163 crc=0 rssi=-91 pairid=38988 txtag=64 st=0x00 addr=537801394 end=537812147 air_us=672 gap_us=1336
REC oseq=1195 s0=0x0d len=0 crc=1 rssi=-32 pairid=38988 txtag=64 st=0x00 addr=539007291 end=539007612 air_us=20 gap_us=74696
REC oseq=1196 s0=0x1a len=250 crc=1 rssi=-51 pairid=246 txtag=64 st=0x00 addr=539010395 end=539026716 air_us=1020 gap_us=173
REC oseq=1197 s0=0x01 len=0 crc=1 rssi=-32 pairid=246 txtag=64 st=0x00 addr=539029499 end=539029820 air_us=20 gap_us=173
REC oseq=1198 s0=0x16 len=250 crc=1 rssi=-51 pairid=246 txtag=64 st=0x00 addr=539032603 end=539048924 air_us=1020 gap_us=173
REC oseq=1199 s0=0x0d len=0 crc=1 rssi=-32 pairid=246 txtag=64 st=0x00 addr=539051708 end=539052029 air_us=20 gap_us=174
REC oseq=1200 s0=0x1a len=250 crc=1 rssi=-51 pairid=246 txtag=64 st=0x00 addr=539054827 end=539071148 air_us=1020 gap_us=174
REC oseq=1201 s0=0x01 len=0 crc=1 rssi=-32 pairid=246 txtag=64 st=0x00 addr=539073932 end=539074253 air_us=20 gap_us=174
REC oseq=1202 s0=0x16 len=250 crc=1 rssi=-52 pairid=246 txtag=64 st=0x00 addr=539077052 end=539093373 air_us=1020 gap_us=174
REC oseq=1203 s0=0x0d len=0 crc=1 rssi=-32 pairid=246 txtag=64 st=0x00 addr=539096156 end=539096477 air_us=20 gap_us=173
REC oseq=1204 s0=0x1a len=250 crc=1 rssi=-51 pairid=246 txtag=64 st=0x00 addr=539099276 end=539115597 air_us=1020 gap_us=174
REC oseq=1205 s0=0x01 len=0 crc=1 rssi=-32 pairid=246 txtag=64 st=0x00 addr=539118381 end=539118702 air_us=20 gap_us=174
REC oseq=1206 s0=0x16 len=250 crc=0 rssi=-52 pairid=246 txtag=64 st=0x00 addr=539121500 end=539137821 air_us=1020 gap_us=174
REC oseq=1207 s0=0x21 len=35 crc=0 rssi=-90 pairid=38988 txtag=72 st=0x00 addr=539607288 end=539609849 air_us=160 gap_us=29341
REC oseq=1208 s0=0x2d len=55 crc=0 rssi=-90 pairid=38992 txtag=72 st=0x00 addr=539645577 end=539649418 air_us=240 gap_us=2233
REC oseq=1209 s0=0x2d len=179 crc=0 rssi=-91 pairid=38992 txtag=72 st=0x00 addr=539721385 end=539733162 air_us=736 gap_us=4497
REC oseq=1210 s0=0x89 len=86 crc=0 rssi=-92 pairid=51582 txtag=0 st=0x00 addr=544760564 end=544766389 air_us=364 gap_us=314212
REC oseq=1211 s0=0x2d len=55 crc=0 rssi=-91 pairid=38992 txtag=72 st=0x00 addr=545127264 end=545131105 air_us=240 gap_us=22554
REC oseq=1212 s0=0x21 len=35 crc=0 rssi=-91 pairid=38988 txtag=72 st=0x00 addr=545164784 end=545167345 air_us=160 gap_us=2104
REC oseq=1213 s0=0x2d len=55 crc=0 rssi=-90 pairid=38992 txtag=72 st=0x00 addr=545203057 end=545206898 air_us=240 gap_us=2232
REC oseq=1214 s0=0x21 len=227 crc=0 rssi=-91 pairid=38988 txtag=72 st=0x00 addr=545240561 end=545255410 air_us=928 gap_us=2103
REC oseq=1215 s0=0x1e len=239 crc=1 rssi=-31 pairid=235 txtag=64 st=0x00 addr=545607262 end=545622879 air_us=976 gap_us=21990
REC oseq=1216 s0=0x1a len=250 crc=1 rssi=-51 pairid=246 txtag=64 st=0x00 addr=545625677 end=545641998 air_us=1020 gap_us=174
REC oseq=1217 s0=0x12 len=251 crc=1 rssi=-31 pairid=247 txtag=64 st=0x00 addr=545644782 end=545661167 air_us=1024 gap_us=174
REC oseq=1218 s0=0x16 len=250 crc=1 rssi=-52 pairid=246 txtag=64 st=0x00 addr=545663965 end=545680286 air_us=1020 gap_us=174
REC oseq=1219 s0=0x1e len=239 crc=1 rssi=-31 pairid=235 txtag=64 st=0x00 addr=545683071 end=545698688 air_us=976 gap_us=174
REC oseq=1220 s0=0x1a len=250 crc=1 rssi=-51 pairid=246 txtag=64 st=0x00 addr=545701486 end=545717807 air_us=1020 gap_us=174
REC oseq=1221 s0=0x12 len=251 crc=0 rssi=-32 pairid=247 txtag=64 st=0x00 addr=545720591 end=545736976 air_us=1024 gap_us=174
REC oseq=1222 s0=0x3e len=216 crc=0 rssi=-90 pairid=503 txtag=253 st=0x00 addr=549687243 end=549701388 air_us=884 gap_us=246891
REC oseq=1223 s0=0x3e len=216 crc=0 rssi=-90 pairid=33270 txtag=205 st=0x00 addr=549731692 end=549745837 air_us=884 gap_us=1894
REC oseq=1224 s0=0x3e len=216 crc=0 rssi=-91 pairid=502 txtag=253 st=0x00 addr=549776141 end=549790286 air_us=884 gap_us=1894
REC oseq=1225 s0=0x32 len=216 crc=0 rssi=-91 pairid=35459 txtag=205 st=0x00 addr=549798365 end=549812510 air_us=884 gap_us=504
REC oseq=1226 s0=0x01 len=0 crc=1 rssi=-32 pairid=35459 txtag=205 st=0x00 addr=551727234 end=551727555 air_us=20 gap_us=119670
REC oseq=1227 s0=0x16 len=250 crc=1 rssi=-52 pairid=246 txtag=64 st=0x00 addr=551730352 end=551746673 air_us=1020 gap_us=174
REC oseq=1228 s0=0x0d len=0 crc=1 rssi=-32 pairid=246 txtag=64 st=0x00 addr=551749459 end=551749780 air_us=20 gap_us=174
REC oseq=1229 s0=0x1a len=250 crc=1 rssi=-51 pairid=246 txtag=64 st=0x00 addr=551752576 end=551768897 air_us=1020 gap_us=174
REC oseq=1230 s0=0x01 len=0 crc=1 rssi=-32 pairid=246 txtag=64 st=0x00 addr=551771683 end=551772004 air_us=20 gap_us=174
REC oseq=1231 s0=0x16 len=250 crc=1 rssi=-52 pairid=246 txtag=64 st=0x00 addr=551774800 end=551791121 air_us=1020 gap_us=174
REC oseq=1232 s0=0x0d len=0 crc=1 rssi=-34 pairid=246 txtag=64 st=0x00 addr=551793907 end=551794228 air_us=20 gap_us=174
REC oseq=1233 s0=0x1a len=250 crc=1 rssi=-52 pairid=246 txtag=64 st=0x00 addr=551797025 end=551813346 air_us=1020 gap_us=174
REC oseq=1234 s0=0x01 len=0 crc=1 rssi=-32 pairid=246 txtag=64 st=0x00 addr=551816131 end=551816452 air_us=20 gap_us=174
REC oseq=1235 s0=0x16 len=250 crc=1 rssi=-52 pairid=246 txtag=64 st=0x00 addr=551819249 end=551835570 air_us=1020 gap_us=174
REC oseq=1236 s0=0x0d len=0 crc=1 rssi=-32 pairid=246 txtag=64 st=0x00 addr=551838356 end=551838677 air_us=20 gap_us=174
REC oseq=1237 s0=0x1a len=250 crc=0 rssi=-51 pairid=246 txtag=64 st=0x00 addr=551841473 end=551857794 air_us=1020 gap_us=174
REC oseq=1238 s0=0x32 len=216 crc=0 rssi=-90 pairid=2691 txtag=253 st=0x00 addr=551869457 end=551883602 air_us=884 gap_us=728
REC oseq=1239 s0=0x3e len=216 crc=0 rssi=-90 pairid=33270 txtag=229 st=0x00 addr=551891682 end=551905827 air_us=884 gap_us=505
REC oseq=1240 s0=0x32 len=216 crc=0 rssi=-90 pairid=35459 txtag=229 st=0x00 addr=551913906 end=551928051 air_us=884 gap_us=504
REC oseq=1241 s0=0x3e len=216 crc=0 rssi=-91 pairid=33270 txtag=253 st=0x00 addr=551936131 end=551950276 air_us=884 gap_us=505
REC oseq=1242 s0=0x32 len=216 crc=0 rssi=-89 pairid=35459 txtag=205 st=0x00 addr=551958354 end=551972499 air_us=884 gap_us=504
REC oseq=1243 s0=0x21 len=55 crc=0 rssi=-90 pairid=55376 txtag=80 st=0x00 addr=553887226 end=553891067 air_us=240 gap_us=119670
REC oseq=1244 s0=0x2d len=35 crc=0 rssi=-90 pairid=38988 txtag=72 st=0x00 addr=553924746 end=553927307 air_us=160 gap_us=2104
REC oseq=1245 s0=0x21 len=55 crc=0 rssi=-91 pairid=38992 txtag=72 st=0x00 addr=553963033 end=553966874 air_us=240 gap_us=2232
REC oseq=1246 s0=0x2d len=163 crc=0 rssi=-91 pairid=38989 txtag=72 st=0x00 addr=554000556 end=554011309 air_us=672 gap_us=2105
REC oseq=1247 s0=0x3e len=216 crc=0 rssi=-90 pairid=33270 txtag=245 st=0x00 addr=554487222 end=554501367 air_us=884 gap_us=29744
REC oseq=1248 s0=0x32 len=216 crc=0 rssi=-91 pairid=35459 txtag=205 st=0x00 addr=554509445 end=554523590 air_us=884 gap_us=504
REC oseq=1249 s0=0x3e len=216 crc=0 rssi=-90 pairid=33270 txtag=253 st=0x00 addr=554531671 end=554545816 air_us=884 gap_us=505
REC oseq=1250 s0=0x32 len=216 crc=0 rssi=-90 pairid=35459 txtag=253 st=0x00 addr=554598344 end=554612489 air_us=884 gap_us=3283
REC oseq=1251 s0=0x9d len=194 crc=0 rssi=-90 pairid=35168 txtag=0 st=0x00 addr=556205503 end=556218240 air_us=796 gap_us=99563
REC oseq=1252 s0=0x91 len=85 crc=0 rssi=-90 pairid=35196 txtag=2 st=0x00 addr=556243024 end=556248785 air_us=360 gap_us=1549
REC oseq=1253 s0=0x9d len=65 crc=0 rssi=-90 pairid=3378 txtag=192 st=0x00 addr=556281311 end=556285792 air_us=280 gap_us=2032
REC oseq=1254 s0=0x01 len=35 crc=0 rssi=-90 pairid=38988 txtag=82 st=0x00 addr=556407213 end=556409774 air_us=160 gap_us=7588
REC oseq=1255 s0=0x22 len=227 crc=0 rssi=-91 pairid=38988 txtag=72 st=0x00 addr=556483022 end=556497871 air_us=928 gap_us=4578
REC oseq=1256 s0=0x12 len=251 crc=1 rssi=-31 pairid=247 txtag=64 st=0x00 addr=556647211 end=556663596 air_us=1024 gap_us=9333
REC oseq=1257 s0=0x16 len=250 crc=1 rssi=-52 pairid=246 txtag=64 st=0x00 addr=556666382 end=556682703 air_us=1020 gap_us=174
REC oseq=1258 s0=0x1e len=239 crc=1 rssi=-31 pairid=235 txtag=64 st=0x00 addr=556685499 end=556701116 air_us=976 gap_us=174
REC oseq=1259 s0=0x1a len=250 crc=1 rssi=-52 pairid=246 txtag=64 st=0x00 addr=556703902 end=556720223 air_us=1020 gap_us=174
REC oseq=1260 s0=0x12 len=251 crc=1 rssi=-32 pairid=247 txtag=64 st=0x00 addr=556723020 end=556739405 air_us=1024 gap_us=174
REC oseq=1261 s0=0x16 len=250 crc=1 rssi=-52 pairid=246 txtag=64 st=0x00 addr=556742191 end=556758512 air_us=1020 gap_us=174
REC oseq=1262 s0=0x1e len=239 crc=0 rssi=-31 pairid=235 txtag=64 st=0x00 addr=556761309 end=556776926 air_us=976 gap_us=174
REC oseq=1263 s0=0x2d len=35 crc=0 rssi=-91 pairid=38988 txtag=72 st=0x00 addr=558567202 end=558569763 air_us=160 gap_us=111892
REC oseq=1264 s0=0x20 len=55 crc=0 rssi=-91 pairid=55376 txtag=72 st=0x00 addr=558605491 end=558609332 air_us=240 gap_us=2233
REC oseq=1265 s0=0x2f len=35 crc=0 rssi=-90 pairid=38988 txtag=72 st=0x00 addr=558643013 end=558645575 air_us=160 gap_us=2105
REC oseq=1266 s0=0x3e len=88 crc=0 rssi=-90 pairid=33271 txtag=221 st=0x00 addr=560727194 end=560733147 air_us=372 gap_us=130101
REC oseq=1267 s0=0x02 len=216 crc=0 rssi=-91 pairid=2690 txtag=253 st=0x00 addr=560749417 end=560763562 air_us=884 gap_us=1016
REC oseq=1268 s0=0x3e len=88 crc=0 rssi=-89 pairid=33271 txtag=205 st=0x00 addr=560771641 end=560777594 air_us=372 gap_us=504
REC oseq=1269 s0=0x32 len=216 crc=0 rssi=-90 pairid=2691 txtag=253 st=0x00 addr=560793865 end=560808010 air_us=884 gap_us=1016
REC oseq=1270 s0=0x21 len=35 crc=0 rssi=-91 pairid=38988 txtag=72 st=0x00 addr=560823082 end=560825643 air_us=160 gap_us=942
REC oseq=1271 s0=0x12 len=251 crc=1 rssi=-31 pairid=247 txtag=64 st=0x00 addr=562047187 end=562063572 air_us=1024 gap_us=76346
REC oseq=1272 s0=0x16 len=250 crc=1 rssi=-52 pairid=246 txtag=64 st=0x00 addr=562066361 end=562082682 air_us=1020 gap_us=174
REC oseq=1273 s0=0x1e len=239 crc=1 rssi=-31 pairid=235 txtag=64 st=0x00 addr=562085475 end=562101092 air_us=976 gap_us=174
REC oseq=1274 s0=0x1a len=250 crc=1 rssi=-51 pairid=246 txtag=64 st=0x00 addr=562103881 end=562120202 air_us=1020 gap_us=174
REC oseq=1275 s0=0x12 len=251 crc=1 rssi=-31 pairid=247 txtag=64 st=0x00 addr=562122996 end=562139381 air_us=1024 gap_us=174
REC oseq=1276 s0=0x16 len=250 crc=1 rssi=-52 pairid=246 txtag=64 st=0x00 addr=562142170 end=562158491 air_us=1020 gap_us=174
REC oseq=1277 s0=0x1e len=239 crc=0 rssi=-31 pairid=235 txtag=64 st=0x00 addr=562161284 end=562176901 air_us=976 gap_us=174
REC oseq=1278 s0=0x0d len=0 crc=1 rssi=-32 pairid=235 txtag=64 st=0x00 addr=563367180 end=563367501 air_us=20 gap_us=74392
REC oseq=1279 s0=0x1a len=250 crc=1 rssi=-52 pairid=246 txtag=64 st=0x00 addr=563370287 end=563386608 air_us=1020 gap_us=174
REC oseq=1280 s0=0x01 len=0 crc=1 rssi=-32 pairid=246 txtag=64 st=0x00 addr=563389405 end=563389726 air_us=20 gap_us=174
REC oseq=1281 s0=0x16 len=250 crc=1 rssi=-52 pairid=246 txtag=64 st=0x00 addr=563392511 end=563408832 air_us=1020 gap_us=174
REC oseq=1282 s0=0x0d len=0 crc=1 rssi=-32 pairid=246 txtag=64 st=0x00 addr=563411629 end=563411950 air_us=20 gap_us=174
REC oseq=1283 s0=0x1a len=250 crc=1 rssi=-52 pairid=246 txtag=64 st=0x00 addr=563414735 end=563431056 air_us=1020 gap_us=174
REC oseq=1284 s0=0x01 len=0 crc=1 rssi=-32 pairid=246 txtag=64 st=0x00 addr=563433853 end=563434174 air_us=20 gap_us=174
REC oseq=1285 s0=0x16 len=250 crc=1 rssi=-52 pairid=246 txtag=64 st=0x00 addr=563436960 end=563453281 air_us=1020 gap_us=174
REC oseq=1286 s0=0x0d len=0 crc=1 rssi=-32 pairid=246 txtag=64 st=0x00 addr=563456078 end=563456399 air_us=20 gap_us=174
REC oseq=1287 s0=0x1a len=250 crc=1 rssi=-52 pairid=246 txtag=64 st=0x00 addr=563459184 end=563475505 air_us=1020 gap_us=174
REC oseq=1288 s0=0x01 len=0 crc=1 rssi=-32 pairid=246 txtag=64 st=0x00 addr=563478302 end=563478623 air_us=20 gap_us=174
REC oseq=1289 s0=0x16 len=12 crc=0 rssi=-52 pairid=8 txtag=5 st=0x00 addr=563481408 end=563482497 air_us=68 gap_us=174
REC oseq=1290 s0=0x9b len=85 crc=0 rssi=-91 pairid=16711 txtag=0 st=0x00 addr=565084693 end=565090454 air_us=360 gap_us=100137
REC oseq=1291 s0=0x9d len=65 crc=0 rssi=-90 pairid=6564 txtag=4 st=0x00 addr=566601264 end=566605745 air_us=280 gap_us=94425
REC oseq=1292 s0=0x8a len=171 crc=0 rssi=-92 pairid=54782 txtag=196 st=0x00 addr=568647158 end=568658424 air_us=704 gap_us=127588
REC oseq=1293 s0=0x82 len=173 crc=0 rssi=-90 pairid=51120 txtag=165 st=0x00 addr=568669382 end=568680775 air_us=712 gap_us=684
REC oseq=1294 s0=0x8e len=172 crc=0 rssi=-90 pairid=60358 txtag=117 st=0x00 addr=568691606 end=568702935 air_us=708 gap_us=676
REC oseq=1295 s0=0x01 len=0 crc=1 rssi=-32 pairid=60358 txtag=117 st=0x00 addr=568767156 end=568767477 air_us=20 gap_us=4013
REC oseq=1296 s0=0x16 len=250 crc=1 rssi=-52 pairid=246 txtag=64 st=0x00 addr=568770263 end=568786584 air_us=1020 gap_us=174
REC oseq=1297 s0=0x0d len=0 crc=1 rssi=-32 pairid=246 txtag=64 st=0x00 addr=568789380 end=568789701 air_us=20 gap_us=174
REC oseq=1298 s0=0x1a len=250 crc=1 rssi=-51 pairid=246 txtag=64 st=0x00 addr=568792487 end=568808808 air_us=1020 gap_us=174
REC oseq=1299 s0=0x01 len=0 crc=1 rssi=-32 pairid=246 txtag=64 st=0x00 addr=568811604 end=568811925 air_us=20 gap_us=174
REC oseq=1300 s0=0x16 len=250 crc=1 rssi=-52 pairid=246 txtag=64 st=0x00 addr=568814712 end=568831033 air_us=1020 gap_us=174
REC oseq=1301 s0=0x0d len=0 crc=1 rssi=-32 pairid=246 txtag=64 st=0x00 addr=568833829 end=568834150 air_us=20 gap_us=174
REC oseq=1302 s0=0x1a len=250 crc=1 rssi=-52 pairid=246 txtag=64 st=0x00 addr=568836936 end=568853257 air_us=1020 gap_us=174
REC oseq=1303 s0=0x01 len=0 crc=1 rssi=-32 pairid=246 txtag=64 st=0x00 addr=568856053 end=568856374 air_us=20 gap_us=174
REC oseq=1304 s0=0x16 len=250 crc=1 rssi=-52 pairid=246 txtag=64 st=0x00 addr=568859160 end=568875481 air_us=1020 gap_us=174
REC oseq=1305 s0=0x0d len=0 crc=1 rssi=-32 pairid=246 txtag=64 st=0x00 addr=568878278 end=568878599 air_us=20 gap_us=174
REC oseq=1306 s0=0x1a len=250 crc=0 rssi=-51 pairid=246 txtag=64 st=0x00 addr=568881385 end=568897706 air_us=1020 gap_us=174
REC oseq=1307 s0=0x32 len=216 crc=0 rssi=-89 pairid=2690 txtag=229 st=0x00 addr=570710123 end=570724268 air_us=884 gap_us=113276
REC oseq=1308 s0=0x3e len=216 crc=0 rssi=-90 pairid=503 txtag=253 st=0x00 addr=570732331 end=570746476 air_us=884 gap_us=503
REC oseq=1309 s0=0x32 len=216 crc=0 rssi=-90 pairid=35459 txtag=253 st=0x00 addr=570754541 end=570768686 air_us=884 gap_us=504
REC oseq=1310 s0=0x3e len=216 crc=0 rssi=-91 pairid=33271 txtag=253 st=0x00 addr=570776747 end=570790892 air_us=884 gap_us=503
REC oseq=1311 s0=0x32 len=216 crc=0 rssi=-90 pairid=35459 txtag=205 st=0x00 addr=570798956 end=570813101 air_us=884 gap_us=504
REC oseq=1312 s0=0x21 len=35 crc=0 rssi=-91 pairid=38988 txtag=72 st=0x00 addr=571887143 end=571889704 air_us=160 gap_us=67127
REC oseq=1313 s0=0x91 len=73 crc=0 rssi=-91 pairid=43470 txtag=0 st=0x00 addr=572524660 end=572529653 air_us=312 gap_us=39684
REC oseq=1314 s0=0x1e len=239 crc=0 rssi=-31 pairid=235 txtag=64 st=0x00 addr=572727137 end=572742754 air_us=976 gap_us=12342
REC oseq=1315 s0=0x16 len=250 crc=1 rssi=-52 pairid=246 txtag=64 st=0x00 addr=572745547 end=572761868 air_us=1020 gap_us=174
REC oseq=1316 s0=0x1e len=239 crc=1 rssi=-31 pairid=235 txtag=64 st=0x00 addr=572764658 end=572780275 air_us=976 gap_us=174
REC oseq=1317 s0=0x1a len=250 crc=1 rssi=-51 pairid=246 txtag=64 st=0x00 addr=572783068 end=572799389 air_us=1020 gap_us=174
REC oseq=1318 s0=0x12 len=251 crc=1 rssi=-31 pairid=247 txtag=64 st=0x00 addr=572802179 end=572818564 air_us=1024 gap_us=174
REC oseq=1319 s0=0x16 len=250 crc=1 rssi=-52 pairid=246 txtag=64 st=0x00 addr=572821356 end=572837677 air_us=1020 gap_us=174
REC oseq=1320 s0=0x1e len=239 crc=0 rssi=-31 pairid=235 txtag=64 st=0x00 addr=572840467 end=572856084 air_us=976 gap_us=174
REC oseq=1321 s0=0x9d len=65 crc=0 rssi=-90 pairid=24170 txtag=0 st=0x00 addr=573087137 end=573091618 air_us=280 gap_us=14440
REC oseq=1322 s0=0x97 len=209 crc=0 rssi=-91 pairid=57778 txtag=0 st=0x00 addr=573124656 end=573138353 air_us=856 gap_us=2064
REC oseq=1323 s0=0x3d len=212 crc=0 rssi=-90 pairid=39091 txtag=77 st=0x00 addr=573485424 end=573499313 air_us=868 gap_us=21691
REC oseq=1324 s0=0x32 len=216 crc=0 rssi=-90 pairid=35459 txtag=253 st=0x00 addr=573508416 end=573522561 air_us=884 gap_us=568
REC oseq=1325 s0=0x32 len=216 crc=0 rssi=-90 pairid=35459 txtag=253 st=0x00 addr=573552865 end=573567010 air_us=884 gap_us=1894
REC oseq=1326 s0=0x0d len=0 crc=1 rssi=-32 pairid=35459 txtag=253 st=0x00 addr=573687134 end=573687455 air_us=20 gap_us=7507
REC oseq=1327 s0=0x1a len=250 crc=1 rssi=-51 pairid=246 txtag=64 st=0x00 addr=573690246 end=573706567 air_us=1020 gap_us=174
REC oseq=1328 s0=0x01 len=0 crc=1 rssi=-32 pairid=246 txtag=64 st=0x00 addr=573709358 end=573709679 air_us=20 gap_us=174
REC oseq=1329 s0=0x16 len=250 crc=0 rssi=-52 pairid=246 txtag=64 st=0x00 addr=573712471 end=573728792 air_us=1020 gap_us=174
REC oseq=1330 s0=0x0d len=0 crc=1 rssi=-32 pairid=246 txtag=64 st=0x00 addr=573731583 end=573731904 air_us=20 gap_us=174
REC oseq=1331 s0=0x1a len=250 crc=0 rssi=-52 pairid=246 txtag=64 st=0x00 addr=573734695 end=573751016 air_us=1020 gap_us=174
REC oseq=1332 s0=0x01 len=0 crc=1 rssi=-32 pairid=246 txtag=64 st=0x00 addr=573753807 end=573754128 air_us=20 gap_us=174
REC oseq=1333 s0=0x16 len=250 crc=1 rssi=-52 pairid=246 txtag=64 st=0x00 addr=573756919 end=573773240 air_us=1020 gap_us=174
REC oseq=1334 s0=0x0d len=0 crc=1 rssi=-32 pairid=246 txtag=64 st=0x00 addr=573776031 end=573776352 air_us=20 gap_us=174
REC oseq=1335 s0=0x1a len=250 crc=1 rssi=-51 pairid=246 txtag=64 st=0x00 addr=573779143 end=573795464 air_us=1020 gap_us=174
REC oseq=1336 s0=0x01 len=0 crc=1 rssi=-32 pairid=246 txtag=64 st=0x00 addr=573798255 end=573798576 air_us=20 gap_us=174
REC oseq=1337 s0=0x16 len=250 crc=0 rssi=-52 pairid=246 txtag=64 st=0x00 addr=573801367 end=573817688 air_us=1020 gap_us=174
REC oseq=1338 s0=0x86 len=173 crc=0 rssi=-91 pairid=37491 txtag=149 st=0x00 addr=577167120 end=577178514 air_us=712 gap_us=209339
REC oseq=1339 s0=0x82 len=109 crc=0 rssi=-91 pairid=23474 txtag=197 st=0x00 addr=579109334 end=579116631 air_us=456 gap_us=120676
REC oseq=1340 s0=0x96 len=173 crc=0 rssi=-91 pairid=37062 txtag=181 st=0x00 addr=579131558 end=579142951 air_us=712 gap_us=932
REC oseq=1341 s0=0x8e len=175 crc=0 rssi=-90 pairid=38855 txtag=182 st=0x00 addr=579176006 end=579187527 air_us=720 gap_us=2065
REC oseq=1342 s0=0x9a len=157 crc=0 rssi=-90 pairid=51122 txtag=189 st=0x00 addr=579198231 end=579208600 air_us=648 gap_us=669
REC oseq=1343 s0=0x0d len=0 crc=1 rssi=-32 pairid=51122 txtag=189 st=0x00 addr=579327107 end=579327428 air_us=20 gap_us=7406
REC oseq=1344 s0=0x1a len=250 crc=1 rssi=-51 pairid=246 txtag=64 st=0x00 addr=579330221 end=579346542 air_us=1020 gap_us=174
REC oseq=1345 s0=0x01 len=0 crc=1 rssi=-32 pairid=246 txtag=64 st=0x00 addr=579349332 end=579349653 air_us=20 gap_us=174
REC oseq=1346 s0=0x16 len=250 crc=1 rssi=-52 pairid=246 txtag=64 st=0x00 addr=579352445 end=579368766 air_us=1020 gap_us=174
REC oseq=1347 s0=0x0d len=0 crc=1 rssi=-32 pairid=246 txtag=64 st=0x00 addr=579371556 end=579371877 air_us=20 gap_us=174
REC oseq=1348 s0=0x1a len=250 crc=1 rssi=-51 pairid=246 txtag=64 st=0x00 addr=579374669 end=579390990 air_us=1020 gap_us=174
REC oseq=1349 s0=0x01 len=0 crc=1 rssi=-32 pairid=246 txtag=64 st=0x00 addr=579393781 end=579394102 air_us=20 gap_us=174
REC oseq=1350 s0=0x16 len=250 crc=1 rssi=-52 pairid=246 txtag=64 st=0x00 addr=579396894 end=579413215 air_us=1020 gap_us=174
REC oseq=1351 s0=0x0d len=0 crc=1 rssi=-32 pairid=246 txtag=64 st=0x00 addr=579416005 end=579416326 air_us=20 gap_us=174
REC oseq=1352 s0=0x1a len=250 crc=1 rssi=-51 pairid=246 txtag=64 st=0x00 addr=579419118 end=579435439 air_us=1020 gap_us=174
REC oseq=1353 s0=0x01 len=0 crc=1 rssi=-32 pairid=246 txtag=64 st=0x00 addr=579438229 end=579438550 air_us=20 gap_us=174
REC oseq=1354 s0=0x16 len=250 crc=0 rssi=-52 pairid=246 txtag=64 st=0x00 addr=579441342 end=579457663 air_us=1020 gap_us=174
REC oseq=1355 s0=0x01 len=0 crc=1 rssi=-32 pairid=246 txtag=64 st=0x00 addr=585207080 end=585207401 air_us=20 gap_us=359338
REC oseq=1356 s0=0x16 len=250 crc=1 rssi=-52 pairid=246 txtag=64 st=0x00 addr=585210196 end=585226517 air_us=1020 gap_us=174
REC oseq=1357 s0=0x0d len=0 crc=1 rssi=-34 pairid=246 txtag=64 st=0x00 addr=585229305 end=585229626 air_us=20 gap_us=174
REC oseq=1358 s0=0x1a len=250 crc=1 rssi=-52 pairid=246 txtag=64 st=0x00 addr=585232420 end=585248741 air_us=1020 gap_us=174
REC oseq=1359 s0=0x01 len=0 crc=1 rssi=-32 pairid=246 txtag=64 st=0x00 addr=585251529 end=585251850 air_us=20 gap_us=174
REC oseq=1360 s0=0x16 len=250 crc=1 rssi=-52 pairid=246 txtag=64 st=0x00 addr=585254644 end=585270965 air_us=1020 gap_us=174
REC oseq=1361 s0=0x0d len=0 crc=1 rssi=-34 pairid=246 txtag=64 st=0x00 addr=585273753 end=585274074 air_us=20 gap_us=174
REC oseq=1362 s0=0x1a len=250 crc=1 rssi=-51 pairid=246 txtag=64 st=0x00 addr=585276868 end=585293189 air_us=1020 gap_us=174
REC oseq=1363 s0=0x01 len=0 crc=1 rssi=-32 pairid=246 txtag=64 st=0x00 addr=585295978 end=585296299 air_us=20 gap_us=174
REC oseq=1364 s0=0x16 len=250 crc=1 rssi=-52 pairid=246 txtag=64 st=0x00 addr=585299093 end=585315414 air_us=1020 gap_us=174
REC oseq=1365 s0=0x0d len=0 crc=1 rssi=-32 pairid=246 txtag=64 st=0x00 addr=585318202 end=585318523 air_us=20 gap_us=174
REC oseq=1366 s0=0x1a len=250 crc=0 rssi=-51 pairid=246 txtag=64 st=0x00 addr=585321317 end=585337638 air_us=1020 gap_us=174
REC oseq=1367 s0=0x32 len=216 crc=0 rssi=-90 pairid=35459 txtag=253 st=0x00 addr=587607070 end=587621215 air_us=884 gap_us=141839
REC oseq=1368 s0=0x32 len=216 crc=0 rssi=-89 pairid=33271 txtag=253 st=0x00 addr=587629293 end=587643438 air_us=884 gap_us=504
REC oseq=1369 s0=0x3e len=216 crc=0 rssi=-89 pairid=33270 txtag=229 st=0x00 addr=587673743 end=587687888 air_us=884 gap_us=1894
REC oseq=1370 s0=0x32 len=216 crc=0 rssi=-90 pairid=2691 txtag=253 st=0x00 addr=587695967 end=587710112 air_us=884 gap_us=504
REC oseq=1371 s0=0x3d len=214 crc=0 rssi=-91 pairid=39090 txtag=12 st=0x00 addr=587718192 end=587732209 air_us=876 gap_us=505
REC oseq=1372 s0=0x21 len=35 crc=0 rssi=-90 pairid=38988 txtag=64 st=0x00 addr=588320397 end=588322958 air_us=160 gap_us=36761
REC oseq=1373 s0=0x91 len=84 crc=0 rssi=-90 pairid=2374 txtag=6 st=0x00 addr=589362844 end=589368542 air_us=356 gap_us=64992
REC oseq=1374 s0=0x2d len=55 crc=0 rssi=-91 pairid=38992 txtag=68 st=0x00 addr=589647061 end=589650902 air_us=240 gap_us=17407
REC oseq=1375 s0=0x21 len=35 crc=0 rssi=-90 pairid=38988 txtag=64 st=0x00 addr=589722103 end=589724664 air_us=160 gap_us=4450
REC oseq=1376 s0=0x2d len=163 crc=0 rssi=-91 pairid=38988 txtag=72 st=0x00 addr=591207054 end=591217807 air_us=672 gap_us=92649
REC oseq=1377 s0=0x21 len=55 crc=0 rssi=-90 pairid=38992 txtag=72 st=0x00 addr=591245343 end=591249184 air_us=240 gap_us=1721
REC oseq=1378 s0=0x2d len=227 crc=0 rssi=-90 pairid=38988 txtag=72 st=0x00 addr=591282862 end=591297711 air_us=928 gap_us=2104
REC oseq=1379 s0=0x21 len=55 crc=0 rssi=-90 pairid=38992 txtag=72 st=0x00 addr=591321152 end=591324993 air_us=240 gap_us=1465
REC oseq=1380 s0=0x3e len=216 crc=0 rssi=-90 pairid=33270 txtag=229 st=0x00 addr=592767047 end=592781192 air_us=884 gap_us=90128
REC oseq=1381 s0=0x4a len=216 crc=0 rssi=-91 pairid=35459 txtag=253 st=0x00 addr=592789272 end=592803417 air_us=884 gap_us=505
REC oseq=1382 s0=0xbe len=217 crc=0 rssi=-90 pairid=33270 txtag=253 st=0x00 addr=592811495 end=592825704 air_us=888 gap_us=504
REC oseq=1383 s0=0x32 len=216 crc=0 rssi=-89 pairid=35459 txtag=253 st=0x00 addr=592833720 end=592847865 air_us=884 gap_us=501
REC oseq=1384 s0=0x3e len=216 crc=0 rssi=-90 pairid=502 txtag=196 st=0x00 addr=592855943 end=592870088 air_us=884 gap_us=504
REC oseq=1385 s0=0x32 len=219 crc=0 rssi=-90 pairid=35459 txtag=253 st=0x00 addr=592878167 end=592892504 air_us=896 gap_us=504
REC oseq=1386 s0=0x21 len=35 crc=0 rssi=-91 pairid=38988 txtag=72 st=0x00 addr=593847042 end=593849603 air_us=160 gap_us=59658
REC oseq=1387 s0=0x2d len=55 crc=0 rssi=-90 pairid=38992 txtag=72 st=0x00 addr=593885331 end=593889172 air_us=240 gap_us=2233
REC oseq=1388 s0=0x21 len=163 crc=0 rssi=-90 pairid=38988 txtag=72 st=0x00 addr=593922851 end=593933604 air_us=672 gap_us=2104
REC oseq=1389 s0=0x12 len=251 crc=1 rssi=-32 pairid=247 txtag=64 st=0x00 addr=594567037 end=594583422 air_us=1024 gap_us=39589
REC oseq=1390 s0=0x16 len=250 crc=1 rssi=-52 pairid=246 txtag=64 st=0x00 addr=594586209 end=594602530 air_us=1020 gap_us=174
REC oseq=1391 s0=0x1e len=239 crc=1 rssi=-31 pairid=235 txtag=64 st=0x00 addr=594605326 end=594620943 air_us=976 gap_us=174
REC oseq=1392 s0=0x1a len=250 crc=1 rssi=-51 pairid=246 txtag=64 st=0x00 addr=594623729 end=594640050 air_us=1020 gap_us=174
REC oseq=1393 s0=0x12 len=251 crc=1 rssi=-31 pairid=247 txtag=64 st=0x00 addr=594642846 end=594659231 air_us=1024 gap_us=174
REC oseq=1394 s0=0x16 len=250 crc=1 rssi=-52 pairid=246 txtag=64 st=0x00 addr=594662017 end=594678338 air_us=1020 gap_us=174
REC oseq=1395 s0=0x1e len=239 crc=0 rssi=-31 pairid=235 txtag=64 st=0x00 addr=594681135 end=594696752 air_us=976 gap_us=174
REC oseq=1396 s0=0x21 len=35 crc=0 rssi=-90 pairid=38988 txtag=72 st=0x00 addr=595047037 end=595049598 air_us=160 gap_us=21892
REC oseq=1397 s0=0x21 len=163 crc=0 rssi=-91 pairid=38988 txtag=72 st=0x00 addr=595122845 end=595133598 air_us=672 gap_us=4577
REC oseq=1398 s0=0x29 len=55 crc=0 rssi=-92 pairid=38992 txtag=72 st=0x00 addr=599487017 end=599490858 air_us=240 gap_us=272088
REC oseq=1399 s0=0x2d len=55 crc=0 rssi=-91 pairid=38992 txtag=72 st=0x00 addr=599524536 end=599528377 air_us=240 gap_us=2104
REC oseq=1400 s0=0x21 len=35 crc=0 rssi=-91 pairid=38988 txtag=72 st=0x00 addr=599562057 end=599564618 air_us=160 gap_us=2105
REC oseq=1401 s0=0x2d len=55 crc=0 rssi=-91 pairid=38992 txtag=72 st=0x00 addr=599600345 end=599604186 air_us=240 gap_us=2232
REC oseq=1402 s0=0x1e len=239 crc=1 rssi=-31 pairid=235 txtag=64 st=0x00 addr=599607014 end=599622631 air_us=976 gap_us=176
REC oseq=1403 s0=0x1a len=250 crc=1 rssi=-51 pairid=246 txtag=64 st=0x00 addr=599625422 end=599641743 air_us=1020 gap_us=174
REC oseq=1404 s0=0x12 len=251 crc=1 rssi=-32 pairid=247 txtag=64 st=0x00 addr=599644535 end=599660920 air_us=1024 gap_us=174
REC oseq=1405 s0=0x16 len=250 crc=1 rssi=-52 pairid=246 txtag=64 st=0x00 addr=599663710 end=599680031 air_us=1020 gap_us=174
REC oseq=1406 s0=0x1e len=239 crc=1 rssi=-31 pairid=235 txtag=64 st=0x00 addr=599682824 end=599698441 air_us=976 gap_us=174
REC oseq=1407 s0=0x1a len=250 crc=1 rssi=-51 pairid=246 txtag=64 st=0x00 addr=599701230 end=599717551 air_us=1020 gap_us=174
REC oseq=1408 s0=0x12 len=251 crc=0 rssi=-31 pairid=247 txtag=64 st=0x00 addr=599720345 end=599736730 air_us=1024 gap_us=174
REC oseq=1409 s0=0x2d len=55 crc=0 rssi=-91 pairid=55376 txtag=72 st=0x00 addr=600567010 end=600570851 air_us=240 gap_us=51892
REC oseq=1410 s0=0x21 len=35 crc=0 rssi=-90 pairid=38988 txtag=72 st=0x00 addr=600604531 end=600607092 air_us=160 gap_us=2105
REC oseq=1411 s0=0x2d len=255 crc=0 rssi=-91 pairid=38992 txtag=72 st=0x00 addr=600642820 end=600659461 air_us=1040 gap_us=2233
REC oseq=1412 s0=0x21 len=51 crc=0 rssi=-90 pairid=38989 txtag=72 st=0x00 addr=600680341 end=600683926 air_us=224 gap_us=1305
REC oseq=1413 s0=0x1d len=0 crc=1 rssi=-32 pairid=38989 txtag=72 st=0x00 addr=601167008 end=601167329 air_us=20 gap_us=30192
REC oseq=1414 s0=0x1a len=250 crc=1 rssi=-51 pairid=246 txtag=64 st=0x00 addr=601170114 end=601186435 air_us=1020 gap_us=174
REC oseq=1415 s0=0x02 len=12 crc=1 rssi=-31 pairid=8 txtag=5 st=0x00 addr=601189233 end=601190322 air_us=68 gap_us=174
REC oseq=1416 s0=0x16 len=250 crc=1 rssi=-52 pairid=246 txtag=64 st=0x00 addr=601193106 end=601209427 air_us=1020 gap_us=174
REC oseq=1417 s0=0x0d len=0 crc=1 rssi=-32 pairid=246 txtag=64 st=0x00 addr=601212225 end=601212546 air_us=20 gap_us=174
REC oseq=1418 s0=0x1a len=250 crc=1 rssi=-51 pairid=246 txtag=64 st=0x00 addr=601215331 end=601231652 air_us=1020 gap_us=174
REC oseq=1419 s0=0x01 len=0 crc=1 rssi=-32 pairid=246 txtag=64 st=0x00 addr=601234449 end=601234770 air_us=20 gap_us=174
REC oseq=1420 s0=0x16 len=250 crc=1 rssi=-52 pairid=246 txtag=64 st=0x00 addr=601237554 end=601253875 air_us=1020 gap_us=174
REC oseq=1421 s0=0x0d len=0 crc=1 rssi=-34 pairid=246 txtag=64 st=0x00 addr=601256673 end=601256994 air_us=20 gap_us=174
REC oseq=1422 s0=0x1a len=250 crc=1 rssi=-51 pairid=246 txtag=64 st=0x00 addr=601259779 end=601276100 air_us=1020 gap_us=174
REC oseq=1423 s0=0x01 len=0 crc=1 rssi=-32 pairid=246 txtag=64 st=0x00 addr=601278897 end=601279218 air_us=20 gap_us=174
REC oseq=1424 s0=0x1e len=251 crc=1 rssi=-31 pairid=247 txtag=64 st=0x00 addr=602607001 end=602623386 air_us=1024 gap_us=82986
REC oseq=1425 s0=0x1a len=250 crc=1 rssi=-51 pairid=246 txtag=64 st=0x00 addr=602626183 end=602642504 air_us=1020 gap_us=174
REC oseq=1426 s0=0x12 len=239 crc=1 rssi=-32 pairid=235 txtag=64 st=0x00 addr=602645290 end=602660907 air_us=976 gap_us=174
REC oseq=1427 s0=0x16 len=250 crc=1 rssi=-52 pairid=246 txtag=64 st=0x00 addr=602663704 end=602680025 air_us=1020 gap_us=174
REC oseq=1428 s0=0x1e len=251 crc=1 rssi=-31 pairid=247 txtag=64 st=0x00 addr=602682810 end=602699195 air_us=1024 gap_us=174
REC oseq=1429 s0=0x1a len=250 crc=1 rssi=-51 pairid=246 txtag=64 st=0x00 addr=602701993 end=602718314 air_us=1020 gap_us=174
REC oseq=1430 s0=0x12 len=239 crc=0 rssi=-31 pairid=235 txtag=64 st=0x00 addr=602721098 end=602736715 air_us=976 gap_us=174
REC oseq=1431 s0=0x12 len=251 crc=1 rssi=-31 pairid=247 txtag=64 st=0x00 addr=604766991 end=604783376 air_us=1024 gap_us=126892
REC oseq=1432 s0=0x16 len=250 crc=1 rssi=-52 pairid=246 txtag=64 st=0x00 addr=604786170 end=604802491 air_us=1020 gap_us=174
REC oseq=1433 s0=0x1e len=239 crc=1 rssi=-31 pairid=235 txtag=64 st=0x00 addr=604805280 end=604820897 air_us=976 gap_us=174
REC oseq=1434 s0=0x1a len=250 crc=1 rssi=-51 pairid=246 txtag=64 st=0x00 addr=604823690 end=604840011 air_us=1020 gap_us=174
REC oseq=1435 s0=0x12 len=251 crc=1 rssi=-31 pairid=247 txtag=64 st=0x00 addr=604842800 end=604859185 air_us=1024 gap_us=174
REC oseq=1436 s0=0x16 len=250 crc=1 rssi=-52 pairid=246 txtag=64 st=0x00 addr=604861979 end=604878300 air_us=1020 gap_us=174
REC oseq=1437 s0=0x1e len=239 crc=0 rssi=-31 pairid=235 txtag=64 st=0x00 addr=604881089 end=604896706 air_us=976 gap_us=174
REC oseq=1438 s0=0xe1 len=63 crc=0 rssi=-91 pairid=38992 txtag=72 st=0x00 addr=607886979 end=607891332 air_us=272 gap_us=186892
REC oseq=1439 s0=0x2d len=35 crc=0 rssi=-90 pairid=38988 txtag=72 st=0x00 addr=607924499 end=607927060 air_us=160 gap_us=2072
REC oseq=1440 s0=0x21 len=55 crc=0 rssi=-90 pairid=55376 txtag=72 st=0x00 addr=607962789 end=607966630 air_us=240 gap_us=2233
REC oseq=1441 s0=0x2d len=35 crc=0 rssi=-91 pairid=38988 txtag=72 st=0x00 addr=608000292 end=608002853 air_us=160 gap_us=2103
REC oseq=1442 s0=0x12 len=239 crc=1 rssi=-31 pairid=235 txtag=64 st=0x00 addr=608126976 end=608142593 air_us=976 gap_us=7757
REC oseq=1443 s0=0x16 len=250 crc=1 rssi=-52 pairid=246 txtag=64 st=0x00 addr=608145377 end=608161698 air_us=1020 gap_us=174
REC oseq=1444 s0=0x1e len=251 crc=1 rssi=-31 pairid=247 txtag=64 st=0x00 addr=608164497 end=608180882 air_us=1024 gap_us=174
REC oseq=1445 s0=0x1a len=250 crc=1 rssi=-51 pairid=246 txtag=64 st=0x00 addr=608183666 end=608199987 air_us=1020 gap_us=174
REC oseq=1446 s0=0x12 len=239 crc=1 rssi=-31 pairid=235 txtag=64 st=0x00 addr=608202785 end=608218402 air_us=976 gap_us=174
REC oseq=1447 s0=0x16 len=250 crc=1 rssi=-52 pairid=246 txtag=64 st=0x00 addr=608221186 end=608237507 air_us=1020 gap_us=174
REC oseq=1448 s0=0x1e len=251 crc=0 rssi=-31 pairid=247 txtag=64 st=0x00 addr=608240290 end=608256675 air_us=1024 gap_us=173
REC oseq=1449 s0=0x01 len=0 crc=1 rssi=-32 pairid=247 txtag=64 st=0x00 addr=611846959 end=611847280 air_us=20 gap_us=224392
REC oseq=1450 s0=0x16 len=250 crc=1 rssi=-52 pairid=246 txtag=64 st=0x00 addr=611850072 end=611866393 air_us=1020 gap_us=174
REC oseq=1451 s0=0x0d len=0 crc=1 rssi=-32 pairid=246 txtag=64 st=0x00 addr=611869184 end=611869505 air_us=20 gap_us=174
REC oseq=1452 s0=0x1a len=250 crc=1 rssi=-52 pairid=246 txtag=64 st=0x00 addr=611872296 end=611888617 air_us=1020 gap_us=174
REC oseq=1453 s0=0x01 len=0 crc=1 rssi=-32 pairid=246 txtag=64 st=0x00 addr=611891408 end=611891729 air_us=20 gap_us=174
REC oseq=1454 s0=0x16 len=250 crc=1 rssi=-52 pairid=246 txtag=64 st=0x00 addr=611894520 end=611910841 air_us=1020 gap_us=174
REC oseq=1455 s0=0x0d len=0 crc=1 rssi=-32 pairid=246 txtag=64 st=0x00 addr=611913632 end=611913953 air_us=20 gap_us=174
REC oseq=1456 s0=0x1a len=250 crc=1 rssi=-52 pairid=246 txtag=64 st=0x00 addr=611916744 end=611933065 air_us=1020 gap_us=174
REC oseq=1457 s0=0x01 len=0 crc=1 rssi=-32 pairid=246 txtag=64 st=0x00 addr=611935857 end=611936178 air_us=20 gap_us=174
REC oseq=1458 s0=0x16 len=250 crc=1 rssi=-52 pairid=246 txtag=64 st=0x00 addr=611938969 end=611955290 air_us=1020 gap_us=174
REC oseq=1459 s0=0x0d len=0 crc=1 rssi=-32 pairid=246 txtag=64 st=0x00 addr=611958081 end=611958402 air_us=20 gap_us=174
REC oseq=1460 s0=0x1a len=250 crc=0 rssi=-52 pairid=246 txtag=64 st=0x00 addr=611961193 end=611977514 air_us=1020 gap_us=174
REC oseq=1461 s0=0x9b len=213 crc=0 rssi=-91 pairid=1023 txtag=0 st=0x00 addr=613444472 end=613458425 air_us=872 gap_us=91684
REC oseq=1462 s0=0x32 len=216 crc=0 rssi=-90 pairid=2691 txtag=229 st=0x00 addr=617246935 end=617261080 air_us=884 gap_us=236781
REC oseq=1463 s0=0x3e len=216 crc=0 rssi=-90 pairid=33271 txtag=253 st=0x00 addr=617291382 end=617305527 air_us=884 gap_us=1893
REC oseq=1464 s0=0x32 len=216 crc=0 rssi=-90 pairid=2691 txtag=228 st=0x00 addr=617313608 end=617327753 air_us=884 gap_us=505
REC oseq=1465 s0=0x3e len=216 crc=0 rssi=-90 pairid=33270 txtag=229 st=0x00 addr=617335832 end=617349977 air_us=884 gap_us=504
REC oseq=1466 s0=0x32 len=217 crc=0 rssi=-90 pairid=2691 txtag=228 st=0x00 addr=617358056 end=617372265 air_us=888 gap_us=504
REC oseq=1467 s0=0x0d len=0 crc=1 rssi=-32 pairid=2691 txtag=228 st=0x00 addr=617486933 end=617487254 air_us=20 gap_us=7166
REC oseq=1468 s0=0x1a len=250 crc=1 rssi=-51 pairid=246 txtag=64 st=0x00 addr=617490047 end=617506368 air_us=1020 gap_us=174
REC oseq=1469 s0=0x01 len=0 crc=1 rssi=-32 pairid=246 txtag=64 st=0x00 addr=617509158 end=617509479 air_us=20 gap_us=174
REC oseq=1470 s0=0x16 len=250 crc=0 rssi=-52 pairid=246 txtag=64 st=0x00 addr=617512271 end=617528592 air_us=1020 gap_us=174
REC oseq=1471 s0=0x01 len=0 crc=1 rssi=-32 pairid=246 txtag=64 st=0x00 addr=617531382 end=617531703 air_us=20 gap_us=174
REC oseq=1472 s0=0x16 len=250 crc=1 rssi=-52 pairid=246 txtag=64 st=0x00 addr=617534495 end=617550816 air_us=1020 gap_us=174
REC oseq=1473 s0=0x0d len=0 crc=1 rssi=-32 pairid=246 txtag=64 st=0x00 addr=617553606 end=617553927 air_us=20 gap_us=174
REC oseq=1474 s0=0x1a len=250 crc=1 rssi=-51 pairid=246 txtag=64 st=0x00 addr=617556719 end=617573040 air_us=1020 gap_us=174
REC oseq=1475 s0=0x01 len=0 crc=1 rssi=-32 pairid=246 txtag=64 st=0x00 addr=617575831 end=617576152 air_us=20 gap_us=174
REC oseq=1476 s0=0x16 len=250 crc=1 rssi=-52 pairid=246 txtag=64 st=0x00 addr=617578943 end=617595264 air_us=1020 gap_us=174
REC oseq=1477 s0=0x0d len=0 crc=1 rssi=-32 pairid=246 txtag=64 st=0x00 addr=617598055 end=617598376 air_us=20 gap_us=174
REC oseq=1478 s0=0x1a len=250 crc=0 rssi=-51 pairid=246 txtag=64 st=0x00 addr=617601168 end=617617489 air_us=1020 gap_us=174
REC oseq=1479 s0=0x9d len=78 crc=0 rssi=-92 pairid=2384 txtag=0 st=0x00 addr=622406911 end=622412224 air_us=332 gap_us=299338
REC oseq=1480 s0=0x5a len=250 crc=0 rssi=-91 pairid=31566 txtag=163 st=0x00 addr=624125192 end=624141513 air_us=1020 gap_us=107060
REC oseq=1481 s0=0x91 len=70 crc=0 rssi=-91 pairid=4090 txtag=0 st=0x00 addr=627364394 end=627369195 air_us=300 gap_us=201430
REC oseq=1482 s0=0x91 len=85 crc=0 rssi=-91 pairid=62799 txtag=12 st=0x00 addr=627686888 end=627692649 air_us=360 gap_us=19855
REC oseq=1483 s0=0x9d len=193 crc=0 rssi=-91 pairid=28064 txtag=0 st=0x00 addr=627725178 end=627737851 air_us=792 gap_us=2033
REC oseq=1484 s0=0x91 len=86 crc=0 rssi=-91 pairid=35199 txtag=0 st=0x00 addr=627762698 end=627768523 air_us=364 gap_us=1552
REC oseq=1485 s0=0x8e len=173 crc=0 rssi=-90 pairid=25823 txtag=181 st=0x00 addr=628909107 end=628920500 air_us=712 gap_us=71286
REC oseq=1486 s0=0x82 len=189 crc=0 rssi=-90 pairid=23474 txtag=53 st=0x00 addr=628931330 end=628943747 air_us=776 gap_us=676
REC oseq=1487 s0=0x82 len=173 crc=0 rssi=-91 pairid=60091 txtag=53 st=0x00 addr=628975782 end=628987176 air_us=712 gap_us=2002
REC oseq=1488 s0=0x2d len=35 crc=0 rssi=-90 pairid=38988 txtag=72 st=0x00 addr=629726878 end=629729439 air_us=160 gap_us=46231
REC oseq=1489 s0=0x2d len=35 crc=0 rssi=-91 pairid=38988 txtag=72 st=0x00 addr=629765167 end=629767728 air_us=160 gap_us=2233
REC oseq=1490 s0=0x2d len=55 crc=0 rssi=-90 pairid=38992 txtag=72 st=0x00 addr=629803454 end=629807295 air_us=240 gap_us=2232
REC oseq=1491 s0=0x25 len=35 crc=0 rssi=-92 pairid=38988 txtag=64 st=0x00 addr=629840976 end=629843537 air_us=160 gap_us=2105
REC oseq=1492 s0=0x91 len=66 crc=0 rssi=-90 pairid=50548 txtag=0 st=0x00 addr=629966875 end=629971420 air_us=284 gap_us=7708
REC oseq=1493 s0=0x9b len=86 crc=0 rssi=-90 pairid=50644 txtag=4 st=0x00 addr=630004398 end=630010223 air_us=364 gap_us=2061
Q2-DONE
