*** Booting Zephyr OS build v4.4.2-16-gfee9fbc62095 ***

== PCA10040 raw-RADIO observer (Q0) ==
FICR PART=0x00052832 VARIANT=0x41414731
timer=16MHz(62.5ns) ring=2048
HFXO started
CONFIG-READY Q2
CONFIG-ECHO aa=0x742fa141 crc=0x0ae2f3 ch=10 phy=2M
mode=Q2 phy=2M AA=0x742fa141 crcinit=0x0ae2f3 ch=10 whiten=1 cap=30000ms
ARMED Q2 ch10
CAPTURE-START Q2 ch10 cap=30000ms tick=153385205
CAPTURE-END Q2 tick=633466272
FROZEN: records=1421 ring_full_drops=0 max_isr_ticks=59 (3687 ns)
LOSS: addr_irq=1421 end_irq=1421 records=1421 ring_full_drops=0 addr_minus_end=0 end_minus_recorded=0 reversal=0 stale_addr=0
crc_ok=867/1421 (qualitative: ambient traffic, NOT a coherence gate)
REC oseq=0 s0=0x1d len=87 crc=0 rssi=-91 pairid=9594 txtag=0 st=0x00 addr=155174234 end=155180124 air_us=368 gap_us=0
REC oseq=1 s0=0x91 len=66 crc=0 rssi=-90 pairid=53582 txtag=192 st=0x00 addr=155209380 end=155213925 air_us=284 gap_us=1828
REC oseq=2 s0=0x1d len=87 crc=0 rssi=-92 pairid=36848 txtag=0 st=0x00 addr=155313304 end=155319193 air_us=368 gap_us=6211
REC oseq=3 s0=0x1e len=251 crc=1 rssi=-32 pairid=247 txtag=64 st=0x00 addr=159974207 end=159990592 air_us=1024 gap_us=290938
REC oseq=4 s0=0x1a len=250 crc=1 rssi=-52 pairid=246 txtag=64 st=0x00 addr=159991812 end=160008133 air_us=1020 gap_us=76
REC oseq=5 s0=0x12 len=239 crc=1 rssi=-32 pairid=235 txtag=64 st=0x00 addr=160009359 end=160024976 air_us=976 gap_us=76
REC oseq=6 s0=0x16 len=250 crc=1 rssi=-52 pairid=246 txtag=64 st=0x00 addr=160026197 end=160042518 air_us=1020 gap_us=76
REC oseq=7 s0=0x1e len=251 crc=1 rssi=-32 pairid=247 txtag=64 st=0x00 addr=160043744 end=160060129 air_us=1024 gap_us=76
REC oseq=8 s0=0x1a len=250 crc=1 rssi=-53 pairid=246 txtag=64 st=0x00 addr=160061349 end=160077670 air_us=1020 gap_us=76
REC oseq=9 s0=0x12 len=239 crc=1 rssi=-32 pairid=235 txtag=64 st=0x00 addr=160078896 end=160094513 air_us=976 gap_us=76
REC oseq=10 s0=0x16 len=250 crc=1 rssi=-52 pairid=246 txtag=64 st=0x00 addr=160095733 end=160112054 air_us=1020 gap_us=76
REC oseq=11 s0=0x1e len=251 crc=1 rssi=-32 pairid=247 txtag=64 st=0x00 addr=160113281 end=160129666 air_us=1024 gap_us=76
REC oseq=12 s0=0x1a len=250 crc=1 rssi=-52 pairid=246 txtag=64 st=0x00 addr=160130885 end=160147206 air_us=1020 gap_us=76
REC oseq=13 s0=0x12 len=239 crc=1 rssi=-32 pairid=235 txtag=64 st=0x00 addr=160148433 end=160164050 air_us=976 gap_us=76
REC oseq=14 s0=0x16 len=250 crc=1 rssi=-52 pairid=246 txtag=64 st=0x00 addr=160165270 end=160181591 air_us=1020 gap_us=76
REC oseq=15 s0=0x1e len=251 crc=1 rssi=-32 pairid=247 txtag=64 st=0x00 addr=160182818 end=160199203 air_us=1024 gap_us=76
REC oseq=16 s0=0x1a len=250 crc=0 rssi=-52 pairid=246 txtag=64 st=0x00 addr=160200422 end=160216743 air_us=1020 gap_us=76
REC oseq=17 s0=0x2d len=35 crc=0 rssi=-91 pairid=38988 txtag=72 st=0x00 addr=160454204 end=160456765 air_us=160 gap_us=14841
REC oseq=18 s0=0x21 len=55 crc=0 rssi=-92 pairid=38992 txtag=80 st=0x00 addr=160489357 end=160493198 air_us=240 gap_us=2037
REC oseq=19 s0=0x25 len=35 crc=0 rssi=-91 pairid=38988 txtag=64 st=0x00 addr=160523742 end=160526303 air_us=160 gap_us=1909
REC oseq=20 s0=0x2d len=163 crc=0 rssi=-91 pairid=38988 txtag=72 st=0x00 addr=160593279 end=160604032 air_us=672 gap_us=4186
REC oseq=21 s0=0x21 len=55 crc=0 rssi=-91 pairid=38992 txtag=72 st=0x00 addr=160628431 end=160632272 air_us=240 gap_us=1524
REC oseq=22 s0=0x2d len=35 crc=0 rssi=-91 pairid=38988 txtag=72 st=0x00 addr=160662816 end=160665377 air_us=160 gap_us=1909
REC oseq=23 s0=0x9b len=67 crc=0 rssi=-92 pairid=64463 txtag=0 st=0x00 addr=163129347 end=163133956 air_us=288 gap_us=153998
REC oseq=24 s0=0x2d len=163 crc=0 rssi=-91 pairid=55372 txtag=72 st=0x00 addr=165768566 end=165779319 air_us=672 gap_us=164663
REC oseq=25 s0=0x31 len=212 crc=0 rssi=-90 pairid=39091 txtag=12 st=0x00 addr=165803718 end=165817607 air_us=868 gap_us=1524
REC oseq=26 s0=0x3e len=216 crc=0 rssi=-89 pairid=35465 txtag=206 st=0x00 addr=165823575 end=165837720 air_us=884 gap_us=373
REC oseq=27 s0=0x32 len=216 crc=0 rssi=-91 pairid=33276 txtag=214 st=0x00 addr=165842662 end=165856807 air_us=884 gap_us=308
REC oseq=28 s0=0x32 len=216 crc=0 rssi=-90 pairid=33276 txtag=214 st=0x00 addr=165880838 end=165894983 air_us=884 gap_us=1501
REC oseq=29 s0=0x3e len=216 crc=0 rssi=-90 pairid=35465 txtag=214 st=0x00 addr=165899927 end=165914072 air_us=884 gap_us=309
REC oseq=30 s0=0x32 len=216 crc=0 rssi=-90 pairid=33276 txtag=206 st=0x00 addr=165919016 end=165933161 air_us=884 gap_us=309
REC oseq=31 s0=0x3e len=216 crc=0 rssi=-90 pairid=35465 txtag=214 st=0x00 addr=165938104 end=165952249 air_us=884 gap_us=308
REC oseq=32 s0=0x32 len=216 crc=0 rssi=-90 pairid=33276 txtag=206 st=0x00 addr=165957192 end=165971337 air_us=884 gap_us=308
REC oseq=33 s0=0x2d len=55 crc=0 rssi=-92 pairid=38992 txtag=72 st=0x00 addr=168169307 end=168173148 air_us=240 gap_us=137373
REC oseq=34 s0=0x21 len=35 crc=0 rssi=-91 pairid=38988 txtag=72 st=0x00 addr=168203676 end=168206237 air_us=160 gap_us=1908
REC oseq=35 s0=0x2d len=55 crc=0 rssi=-91 pairid=38992 txtag=80 st=0x00 addr=168238813 end=168242654 air_us=240 gap_us=2036
REC oseq=36 s0=0x3e len=216 crc=0 rssi=-90 pairid=35465 txtag=206 st=0x00 addr=168293038 end=168307183 air_us=884 gap_us=3149
REC oseq=37 s0=0x32 len=216 crc=0 rssi=-91 pairid=33276 txtag=214 st=0x00 addr=168312125 end=168326270 air_us=884 gap_us=308
REC oseq=38 s0=0x3e len=216 crc=0 rssi=-91 pairid=35465 txtag=214 st=0x00 addr=168331213 end=168345358 air_us=884 gap_us=308
REC oseq=39 s0=0x32 len=216 crc=0 rssi=-90 pairid=33276 txtag=214 st=0x00 addr=168350302 end=168364447 air_us=884 gap_us=309
REC oseq=40 s0=0x3e len=216 crc=0 rssi=-90 pairid=35465 txtag=214 st=0x00 addr=168374171 end=168388316 air_us=884 gap_us=607
REC oseq=41 s0=0x32 len=216 crc=0 rssi=-90 pairid=33276 txtag=206 st=0x00 addr=168412348 end=168426493 air_us=884 gap_us=1502
REC oseq=42 s0=0x3e len=216 crc=0 rssi=-90 pairid=35465 txtag=214 st=0x00 addr=168431436 end=168445581 air_us=884 gap_us=308
REC oseq=43 s0=0x3e len=248 crc=0 rssi=-90 pairid=35465 txtag=206 st=0x00 addr=168469612 end=168485805 air_us=1012 gap_us=1501
REC oseq=44 s0=0x32 len=216 crc=0 rssi=-91 pairid=33276 txtag=214 st=0x00 addr=168488700 end=168502845 air_us=884 gap_us=180
REC oseq=45 s0=0x3e len=216 crc=0 rssi=-91 pairid=35465 txtag=214 st=0x00 addr=168507788 end=168521933 air_us=884 gap_us=308
REC oseq=46 s0=0x32 len=216 crc=0 rssi=-91 pairid=33276 txtag=214 st=0x00 addr=168526877 end=168541022 air_us=884 gap_us=309
REC oseq=47 s0=0x1e len=216 crc=0 rssi=-90 pairid=35465 txtag=214 st=0x00 addr=168545965 end=168560110 air_us=884 gap_us=308
REC oseq=48 s0=0x32 len=216 crc=0 rssi=-89 pairid=33276 txtag=206 st=0x00 addr=168565053 end=168579198 air_us=884 gap_us=308
REC oseq=49 s0=0x3e len=216 crc=0 rssi=-91 pairid=35465 txtag=200 st=0x00 addr=168584142 end=168598287 air_us=884 gap_us=309
REC oseq=50 s0=0x32 len=216 crc=0 rssi=-91 pairid=33276 txtag=214 st=0x00 addr=168603230 end=168617375 air_us=884 gap_us=308
REC oseq=51 s0=0x21 len=55 crc=0 rssi=-91 pairid=38992 txtag=80 st=0x00 addr=170054161 end=170058002 air_us=240 gap_us=89799
REC oseq=52 s0=0x2d len=35 crc=0 rssi=-91 pairid=38988 txtag=72 st=0x00 addr=170088546 end=170091107 air_us=160 gap_us=1909
REC oseq=53 s0=0x21 len=55 crc=0 rssi=-91 pairid=38992 txtag=72 st=0x00 addr=170123699 end=170127540 air_us=240 gap_us=2037
REC oseq=54 s0=0x2d len=35 crc=0 rssi=-92 pairid=38989 txtag=80 st=0x00 addr=170158082 end=170160643 air_us=160 gap_us=1908
REC oseq=55 s0=0x21 len=55 crc=0 rssi=-90 pairid=55376 txtag=64 st=0x00 addr=170193235 end=170197076 air_us=240 gap_us=2037
REC oseq=56 s0=0x29 len=35 crc=0 rssi=-91 pairid=38988 txtag=80 st=0x00 addr=170227621 end=170230182 air_us=160 gap_us=1909
REC oseq=57 s0=0x21 len=55 crc=0 rssi=-91 pairid=55376 txtag=72 st=0x00 addr=170262773 end=170266614 air_us=240 gap_us=2036
REC oseq=58 s0=0x0d len=0 crc=1 rssi=-32 pairid=55376 txtag=72 st=0x00 addr=171254156 end=171254477 air_us=20 gap_us=61721
REC oseq=59 s0=0x1a len=250 crc=1 rssi=-52 pairid=246 txtag=64 st=0x00 addr=171255702 end=171272023 air_us=1020 gap_us=76
REC oseq=60 s0=0x01 len=0 crc=1 rssi=-32 pairid=246 txtag=64 st=0x00 addr=171273244 end=171273565 air_us=20 gap_us=76
REC oseq=61 s0=0x16 len=250 crc=1 rssi=-51 pairid=246 txtag=64 st=0x00 addr=171274790 end=171291111 air_us=1020 gap_us=76
REC oseq=62 s0=0x0d len=0 crc=1 rssi=-32 pairid=246 txtag=64 st=0x00 addr=171292332 end=171292653 air_us=20 gap_us=76
REC oseq=63 s0=0x1a len=250 crc=1 rssi=-52 pairid=246 txtag=64 st=0x00 addr=171293878 end=171310199 air_us=1020 gap_us=76
REC oseq=64 s0=0x01 len=0 crc=1 rssi=-32 pairid=246 txtag=64 st=0x00 addr=171311420 end=171311741 air_us=20 gap_us=76
REC oseq=65 s0=0x16 len=250 crc=1 rssi=-52 pairid=246 txtag=64 st=0x00 addr=171312967 end=171329288 air_us=1020 gap_us=76
REC oseq=66 s0=0x0d len=0 crc=1 rssi=-32 pairid=246 txtag=64 st=0x00 addr=171330509 end=171330830 air_us=20 gap_us=76
REC oseq=67 s0=0x1a len=250 crc=1 rssi=-52 pairid=246 txtag=64 st=0x00 addr=171332055 end=171348376 air_us=1020 gap_us=76
REC oseq=68 s0=0x01 len=0 crc=1 rssi=-32 pairid=246 txtag=64 st=0x00 addr=171349597 end=171349918 air_us=20 gap_us=76
REC oseq=69 s0=0x16 len=250 crc=1 rssi=-52 pairid=246 txtag=64 st=0x00 addr=171351143 end=171367464 air_us=1020 gap_us=76
REC oseq=70 s0=0x0d len=0 crc=1 rssi=-32 pairid=246 txtag=64 st=0x00 addr=171368685 end=171369006 air_us=20 gap_us=76
REC oseq=71 s0=0x1a len=250 crc=1 rssi=-52 pairid=246 txtag=64 st=0x00 addr=171370231 end=171386552 air_us=1020 gap_us=76
REC oseq=72 s0=0x01 len=0 crc=1 rssi=-32 pairid=246 txtag=64 st=0x00 addr=171387773 end=171388094 air_us=20 gap_us=76
REC oseq=73 s0=0x16 len=250 crc=1 rssi=-52 pairid=246 txtag=64 st=0x00 addr=171389319 end=171405640 air_us=1020 gap_us=76
REC oseq=74 s0=0x0e len=12 crc=1 rssi=-30 pairid=8 txtag=5 st=0x00 addr=171406862 end=171407951 air_us=68 gap_us=76
REC oseq=75 s0=0x1a len=250 crc=1 rssi=-52 pairid=246 txtag=64 st=0x00 addr=171409175 end=171425496 air_us=1020 gap_us=76
REC oseq=76 s0=0x01 len=0 crc=1 rssi=-32 pairid=246 txtag=64 st=0x00 addr=171426718 end=171427039 air_us=20 gap_us=76
REC oseq=77 s0=0x16 len=250 crc=1 rssi=-53 pairid=246 txtag=64 st=0x00 addr=171428263 end=171444584 air_us=1020 gap_us=76
REC oseq=78 s0=0x0d len=0 crc=1 rssi=-32 pairid=246 txtag=64 st=0x00 addr=171445806 end=171446127 air_us=20 gap_us=76
REC oseq=79 s0=0x1a len=250 crc=1 rssi=-52 pairid=246 txtag=64 st=0x00 addr=171447352 end=171463673 air_us=1020 gap_us=76
REC oseq=80 s0=0x01 len=0 crc=1 rssi=-32 pairid=246 txtag=64 st=0x00 addr=171464894 end=171465215 air_us=20 gap_us=76
REC oseq=81 s0=0x16 len=250 crc=1 rssi=-52 pairid=246 txtag=64 st=0x00 addr=171466440 end=171482761 air_us=1020 gap_us=76
REC oseq=82 s0=0x0d len=0 crc=1 rssi=-32 pairid=246 txtag=64 st=0x00 addr=171483983 end=171484304 air_us=20 gap_us=76
REC oseq=83 s0=0x1a len=250 crc=0 rssi=-52 pairid=246 txtag=64 st=0x00 addr=171485528 end=171501849 air_us=1020 gap_us=76
REC oseq=84 s0=0x12 len=251 crc=1 rssi=-32 pairid=247 txtag=64 st=0x00 addr=173654144 end=173670529 air_us=1024 gap_us=134518
REC oseq=85 s0=0x32 len=216 crc=0 rssi=-90 pairid=49660 txtag=214 st=0x00 addr=176774131 end=176788276 air_us=884 gap_us=193975
REC oseq=86 s0=0x3e len=216 crc=0 rssi=-90 pairid=51849 txtag=214 st=0x00 addr=176793219 end=176807364 air_us=884 gap_us=308
REC oseq=87 s0=0x32 len=88 crc=0 rssi=-92 pairid=33277 txtag=214 st=0x00 addr=176812307 end=176818260 air_us=372 gap_us=308
REC oseq=88 s0=0x3e len=216 crc=0 rssi=-90 pairid=35465 txtag=214 st=0x00 addr=176831396 end=176845541 air_us=884 gap_us=821
REC oseq=89 s0=0x32 len=88 crc=0 rssi=-91 pairid=33277 txtag=214 st=0x00 addr=176850484 end=176856437 air_us=372 gap_us=308
REC oseq=90 s0=0x3e len=216 crc=0 rssi=-90 pairid=35465 txtag=214 st=0x00 addr=176869572 end=176883717 air_us=884 gap_us=820
REC oseq=91 s0=0x32 len=216 crc=0 rssi=-90 pairid=33276 txtag=214 st=0x00 addr=176888661 end=176902806 air_us=884 gap_us=309
REC oseq=92 s0=0x3e len=216 crc=0 rssi=-90 pairid=35465 txtag=214 st=0x00 addr=176907748 end=176921893 air_us=884 gap_us=308
REC oseq=93 s0=0x3e len=216 crc=0 rssi=-91 pairid=35465 txtag=214 st=0x00 addr=176945925 end=176960070 air_us=884 gap_us=1502
REC oseq=94 s0=0x32 len=88 crc=0 rssi=-91 pairid=33277 txtag=214 st=0x00 addr=176965013 end=176970966 air_us=372 gap_us=308
REC oseq=95 s0=0x3e len=216 crc=0 rssi=-91 pairid=35465 txtag=214 st=0x00 addr=176984101 end=176998246 air_us=884 gap_us=820
REC oseq=96 s0=0x32 len=216 crc=0 rssi=-90 pairid=33276 txtag=214 st=0x00 addr=177003190 end=177017335 air_us=884 gap_us=309
REC oseq=97 s0=0x0d len=0 crc=1 rssi=-32 pairid=33276 txtag=214 st=0x00 addr=179654117 end=179654438 air_us=20 gap_us=164798
REC oseq=98 s0=0x1a len=250 crc=1 rssi=-52 pairid=246 txtag=64 st=0x00 addr=179655657 end=179671978 air_us=1020 gap_us=76
REC oseq=99 s0=0x01 len=0 crc=1 rssi=-32 pairid=246 txtag=64 st=0x00 addr=179673206 end=179673527 air_us=20 gap_us=76
REC oseq=100 s0=0x16 len=250 crc=1 rssi=-53 pairid=246 txtag=64 st=0x00 addr=179674745 end=179691066 air_us=1020 gap_us=76
REC oseq=101 s0=0x0d len=0 crc=1 rssi=-32 pairid=246 txtag=64 st=0x00 addr=179692294 end=179692615 air_us=20 gap_us=76
REC oseq=102 s0=0x1a len=250 crc=1 rssi=-52 pairid=246 txtag=64 st=0x00 addr=179693834 end=179710155 air_us=1020 gap_us=76
REC oseq=103 s0=0x01 len=0 crc=1 rssi=-32 pairid=246 txtag=64 st=0x00 addr=179711382 end=179711703 air_us=20 gap_us=76
REC oseq=104 s0=0x16 len=250 crc=1 rssi=-53 pairid=246 txtag=64 st=0x00 addr=179712922 end=179729243 air_us=1020 gap_us=76
REC oseq=105 s0=0x0d len=0 crc=1 rssi=-32 pairid=246 txtag=64 st=0x00 addr=179730470 end=179730791 air_us=20 gap_us=76
REC oseq=106 s0=0x1a len=250 crc=1 rssi=-52 pairid=246 txtag=64 st=0x00 addr=179732010 end=179748331 air_us=1020 gap_us=76
REC oseq=107 s0=0x01 len=0 crc=1 rssi=-32 pairid=246 txtag=64 st=0x00 addr=179749559 end=179749880 air_us=20 gap_us=76
REC oseq=108 s0=0x16 len=250 crc=1 rssi=-52 pairid=246 txtag=64 st=0x00 addr=179751098 end=179767419 air_us=1020 gap_us=76
REC oseq=109 s0=0x0d len=0 crc=1 rssi=-32 pairid=246 txtag=64 st=0x00 addr=179768647 end=179768968 air_us=20 gap_us=76
REC oseq=110 s0=0x1a len=250 crc=1 rssi=-53 pairid=246 txtag=64 st=0x00 addr=179770186 end=179786507 air_us=1020 gap_us=76
REC oseq=111 s0=0x01 len=0 crc=1 rssi=-32 pairid=246 txtag=64 st=0x00 addr=179787735 end=179788056 air_us=20 gap_us=76
REC oseq=112 s0=0x16 len=250 crc=1 rssi=-52 pairid=246 txtag=64 st=0x00 addr=179789275 end=179805596 air_us=1020 gap_us=76
REC oseq=113 s0=0x0d len=0 crc=1 rssi=-32 pairid=246 txtag=64 st=0x00 addr=179806823 end=179807144 air_us=20 gap_us=76
REC oseq=114 s0=0x1a len=250 crc=1 rssi=-52 pairid=246 txtag=64 st=0x00 addr=179808363 end=179824684 air_us=1020 gap_us=76
REC oseq=115 s0=0x01 len=0 crc=1 rssi=-32 pairid=246 txtag=64 st=0x00 addr=179825912 end=179826233 air_us=20 gap_us=76
REC oseq=116 s0=0x16 len=250 crc=1 rssi=-52 pairid=246 txtag=64 st=0x00 addr=179827451 end=179843772 air_us=1020 gap_us=76
REC oseq=117 s0=0x0d len=0 crc=1 rssi=-32 pairid=246 txtag=64 st=0x00 addr=179845000 end=179845321 air_us=20 gap_us=76
REC oseq=118 s0=0x1a len=250 crc=1 rssi=-53 pairid=246 txtag=64 st=0x00 addr=179846539 end=179862860 air_us=1020 gap_us=76
REC oseq=119 s0=0x01 len=0 crc=1 rssi=-32 pairid=246 txtag=64 st=0x00 addr=179864088 end=179864409 air_us=20 gap_us=76
REC oseq=120 s0=0x16 len=250 crc=1 rssi=-52 pairid=246 txtag=64 st=0x00 addr=179865627 end=179881948 air_us=1020 gap_us=76
REC oseq=121 s0=0x0d len=0 crc=1 rssi=-32 pairid=246 txtag=64 st=0x00 addr=179883177 end=179883498 air_us=20 gap_us=76
REC oseq=122 s0=0x1a len=250 crc=0 rssi=-52 pairid=246 txtag=64 st=0x00 addr=179884715 end=179901036 air_us=1020 gap_us=76
REC oseq=123 s0=0x01 len=0 crc=1 rssi=-32 pairid=246 txtag=64 st=0x00 addr=180134116 end=180134437 air_us=20 gap_us=14567
REC oseq=124 s0=0x16 len=250 crc=1 rssi=-53 pairid=246 txtag=64 st=0x00 addr=180135654 end=180151975 air_us=1020 gap_us=76
REC oseq=125 s0=0x1e len=251 crc=1 rssi=-32 pairid=247 txtag=64 st=0x00 addr=180153204 end=180169589 air_us=1024 gap_us=76
REC oseq=126 s0=0x1a len=250 crc=1 rssi=-52 pairid=246 txtag=64 st=0x00 addr=180170806 end=180187127 air_us=1020 gap_us=76
REC oseq=127 s0=0x12 len=239 crc=1 rssi=-31 pairid=235 txtag=64 st=0x00 addr=180188357 end=180203974 air_us=976 gap_us=76
REC oseq=128 s0=0x16 len=250 crc=1 rssi=-51 pairid=246 txtag=64 st=0x00 addr=180205191 end=180221512 air_us=1020 gap_us=76
REC oseq=129 s0=0x1e len=251 crc=1 rssi=-32 pairid=247 txtag=64 st=0x00 addr=180222741 end=180239126 air_us=1024 gap_us=76
REC oseq=130 s0=0x1a len=250 crc=1 rssi=-52 pairid=246 txtag=64 st=0x00 addr=180240343 end=180256664 air_us=1020 gap_us=76
REC oseq=131 s0=0x12 len=239 crc=1 rssi=-32 pairid=235 txtag=64 st=0x00 addr=180257894 end=180273511 air_us=976 gap_us=76
REC oseq=132 s0=0x16 len=250 crc=1 rssi=-52 pairid=246 txtag=64 st=0x00 addr=180274727 end=180291048 air_us=1020 gap_us=76
REC oseq=133 s0=0x1e len=251 crc=1 rssi=-32 pairid=247 txtag=64 st=0x00 addr=180292278 end=180308663 air_us=1024 gap_us=76
REC oseq=134 s0=0x1a len=250 crc=1 rssi=-52 pairid=246 txtag=64 st=0x00 addr=180309879 end=180326200 air_us=1020 gap_us=76
REC oseq=135 s0=0x12 len=239 crc=1 rssi=-32 pairid=235 txtag=64 st=0x00 addr=180327431 end=180343048 air_us=976 gap_us=76
REC oseq=136 s0=0x16 len=250 crc=1 rssi=-52 pairid=246 txtag=64 st=0x00 addr=180344264 end=180360585 air_us=1020 gap_us=76
REC oseq=137 s0=0x1e len=251 crc=0 rssi=-31 pairid=247 txtag=64 st=0x00 addr=180361815 end=180378200 air_us=1024 gap_us=76
REC oseq=138 s0=0x82 len=175 crc=0 rssi=-91 pairid=4318 txtag=30 st=0x00 addr=182073195 end=182084716 air_us=720 gap_us=105937
REC oseq=139 s0=0x8e len=161 crc=0 rssi=-91 pairid=6007 txtag=158 st=0x00 addr=182168638 end=182179263 air_us=664 gap_us=5245
REC oseq=140 s0=0x82 len=118 crc=0 rssi=-91 pairid=4110 txtag=158 st=0x00 addr=182264079 end=182271952 air_us=492 gap_us=5301
REC oseq=141 s0=0x21 len=163 crc=0 rssi=-92 pairid=38988 txtag=72 st=0x00 addr=183734100 end=183744853 air_us=672 gap_us=91384
REC oseq=142 s0=0x25 len=55 crc=0 rssi=-92 pairid=38992 txtag=80 st=0x00 addr=183769252 end=183773093 air_us=240 gap_us=1524
REC oseq=143 s0=0x21 len=35 crc=0 rssi=-91 pairid=38988 txtag=72 st=0x00 addr=183803636 end=183806197 air_us=160 gap_us=1908
REC oseq=144 s0=0x21 len=163 crc=0 rssi=-92 pairid=38988 txtag=72 st=0x00 addr=183873173 end=183883926 air_us=672 gap_us=4186
REC oseq=145 s0=0x2e len=55 crc=0 rssi=-91 pairid=38992 txtag=72 st=0x00 addr=183908326 end=183912167 air_us=240 gap_us=1525
REC oseq=146 s0=0x2d len=55 crc=0 rssi=-91 pairid=38992 txtag=72 st=0x00 addr=188774078 end=188777919 air_us=240 gap_us=303869
REC oseq=147 s0=0x21 len=35 crc=0 rssi=-91 pairid=38988 txtag=72 st=0x00 addr=188808462 end=188811023 air_us=160 gap_us=1908
REC oseq=148 s0=0x3d len=55 crc=0 rssi=-92 pairid=38992 txtag=80 st=0x00 addr=188843613 end=188847454 air_us=240 gap_us=2036
REC oseq=149 s0=0x2d len=55 crc=0 rssi=-90 pairid=38992 txtag=72 st=0x00 addr=188948303 end=188952144 air_us=240 gap_us=6303
REC oseq=150 s0=0x21 len=35 crc=0 rssi=-91 pairid=55372 txtag=72 st=0x00 addr=188982688 end=188985249 air_us=160 gap_us=1909
REC oseq=151 s0=0x21 len=55 crc=0 rssi=-91 pairid=38992 txtag=72 st=0x00 addr=191174067 end=191177908 air_us=240 gap_us=136801
REC oseq=152 s0=0x2d len=163 crc=0 rssi=-91 pairid=38989 txtag=72 st=0x00 addr=191208451 end=191219204 air_us=672 gap_us=1908
REC oseq=153 s0=0x21 len=55 crc=0 rssi=-91 pairid=38992 txtag=72 st=0x00 addr=191243604 end=191247445 air_us=240 gap_us=1525
REC oseq=154 s0=0x2d len=163 crc=0 rssi=-91 pairid=38988 txtag=72 st=0x00 addr=191277988 end=191288741 air_us=672 gap_us=1908
REC oseq=155 s0=0x2d len=35 crc=0 rssi=-91 pairid=38988 txtag=72 st=0x00 addr=191347525 end=191350086 air_us=160 gap_us=3674
REC oseq=156 s0=0x27 len=55 crc=0 rssi=-92 pairid=38992 txtag=72 st=0x00 addr=191382678 end=191386519 air_us=240 gap_us=2037
REC oseq=157 s0=0x9f len=203 crc=0 rssi=-90 pairid=27060 txtag=0 st=0x00 addr=194158746 end=194172060 air_us=832 gap_us=173264
REC oseq=158 s0=0x91 len=86 crc=0 rssi=-91 pairid=22884 txtag=192 st=0x00 addr=194193127 end=194198952 air_us=364 gap_us=1316
REC oseq=159 s0=0xe1 len=35 crc=0 rssi=-92 pairid=38988 txtag=72 st=0x00 addr=194294051 end=194296612 air_us=160 gap_us=5943
REC oseq=160 s0=0x2d len=55 crc=0 rssi=-91 pairid=38992 txtag=72 st=0x00 addr=194329205 end=194333046 air_us=240 gap_us=2037
REC oseq=161 s0=0x21 len=35 crc=0 rssi=-91 pairid=38988 txtag=68 st=0x00 addr=194363588 end=194366149 air_us=160 gap_us=1908
REC oseq=162 s0=0x2d len=55 crc=0 rssi=-91 pairid=38992 txtag=64 st=0x00 addr=194398741 end=194402582 air_us=240 gap_us=2037
REC oseq=163 s0=0x22 len=35 crc=0 rssi=-91 pairid=55373 txtag=72 st=0x00 addr=194433127 end=194435688 air_us=160 gap_us=1909
REC oseq=164 s0=0x2d len=55 crc=0 rssi=-92 pairid=38992 txtag=72 st=0x00 addr=194468279 end=194472120 air_us=240 gap_us=2036
REC oseq=165 s0=0xa1 len=35 crc=0 rssi=-90 pairid=55372 txtag=72 st=0x00 addr=194502663 end=194505224 air_us=160 gap_us=1908
REC oseq=166 s0=0x0d len=0 crc=1 rssi=-32 pairid=55372 txtag=72 st=0x00 addr=195494046 end=195494367 air_us=20 gap_us=61801
REC oseq=167 s0=0x1a len=250 crc=1 rssi=-52 pairid=246 txtag=64 st=0x00 addr=195495594 end=195511915 air_us=1020 gap_us=76
REC oseq=168 s0=0x01 len=0 crc=1 rssi=-32 pairid=246 txtag=64 st=0x00 addr=195513134 end=195513455 air_us=20 gap_us=76
REC oseq=169 s0=0x16 len=250 crc=1 rssi=-52 pairid=246 txtag=64 st=0x00 addr=195514682 end=195531003 air_us=1020 gap_us=76
REC oseq=170 s0=0x0d len=0 crc=1 rssi=-32 pairid=246 txtag=64 st=0x00 addr=195532223 end=195532544 air_us=20 gap_us=76
REC oseq=171 s0=0x1a len=250 crc=1 rssi=-52 pairid=246 txtag=64 st=0x00 addr=195533770 end=195550091 air_us=1020 gap_us=76
REC oseq=172 s0=0x01 len=0 crc=1 rssi=-32 pairid=246 txtag=64 st=0x00 addr=195551311 end=195551632 air_us=20 gap_us=76
REC oseq=173 s0=0x16 len=250 crc=1 rssi=-52 pairid=246 txtag=64 st=0x00 addr=195552858 end=195569179 air_us=1020 gap_us=76
REC oseq=174 s0=0x0d len=0 crc=1 rssi=-32 pairid=246 txtag=64 st=0x00 addr=195570399 end=195570720 air_us=20 gap_us=76
REC oseq=175 s0=0x1a len=250 crc=1 rssi=-52 pairid=246 txtag=64 st=0x00 addr=195571947 end=195588268 air_us=1020 gap_us=76
REC oseq=176 s0=0x02 len=12 crc=1 rssi=-32 pairid=8 txtag=5 st=0x00 addr=195589487 end=195590576 air_us=68 gap_us=76
REC oseq=177 s0=0x16 len=250 crc=1 rssi=-52 pairid=246 txtag=64 st=0x00 addr=195591802 end=195608123 air_us=1020 gap_us=76
REC oseq=178 s0=0x0d len=0 crc=1 rssi=-32 pairid=246 txtag=64 st=0x00 addr=195609344 end=195609665 air_us=20 gap_us=76
REC oseq=179 s0=0x1a len=250 crc=1 rssi=-52 pairid=246 txtag=64 st=0x00 addr=195610891 end=195627212 air_us=1020 gap_us=76
REC oseq=180 s0=0x01 len=0 crc=1 rssi=-32 pairid=246 txtag=64 st=0x00 addr=195628432 end=195628753 air_us=20 gap_us=76
REC oseq=181 s0=0x16 len=250 crc=1 rssi=-52 pairid=246 txtag=64 st=0x00 addr=195629979 end=195646300 air_us=1020 gap_us=76
REC oseq=182 s0=0x0d len=0 crc=1 rssi=-32 pairid=246 txtag=64 st=0x00 addr=195647520 end=195647841 air_us=20 gap_us=76
REC oseq=183 s0=0x1a len=250 crc=1 rssi=-52 pairid=246 txtag=64 st=0x00 addr=195649068 end=195665389 air_us=1020 gap_us=76
REC oseq=184 s0=0x01 len=0 crc=1 rssi=-32 pairid=246 txtag=64 st=0x00 addr=195666609 end=195666930 air_us=20 gap_us=76
REC oseq=185 s0=0x16 len=250 crc=1 rssi=-52 pairid=246 txtag=64 st=0x00 addr=195668155 end=195684476 air_us=1020 gap_us=76
REC oseq=186 s0=0x0d len=0 crc=1 rssi=-32 pairid=246 txtag=64 st=0x00 addr=195685697 end=195686018 air_us=20 gap_us=76
REC oseq=187 s0=0x1a len=250 crc=1 rssi=-52 pairid=246 txtag=64 st=0x00 addr=195687243 end=195703564 air_us=1020 gap_us=76
REC oseq=188 s0=0x01 len=0 crc=1 rssi=-32 pairid=246 txtag=64 st=0x00 addr=195704785 end=195705106 air_us=20 gap_us=76
REC oseq=189 s0=0x16 len=250 crc=1 rssi=-52 pairid=246 txtag=64 st=0x00 addr=195706332 end=195722653 air_us=1020 gap_us=76
REC oseq=190 s0=0x0d len=0 crc=1 rssi=-32 pairid=246 txtag=64 st=0x00 addr=195723873 end=195724194 air_us=20 gap_us=76
REC oseq=191 s0=0x1a len=250 crc=0 rssi=-52 pairid=246 txtag=64 st=0x00 addr=195725420 end=195741741 air_us=1020 gap_us=76
REC oseq=192 s0=0x59 len=121 crc=0 rssi=-92 pairid=49052 txtag=163 st=0x00 addr=201323557 end=201331622 air_us=504 gap_us=348863
REC oseq=193 s0=0x3e len=216 crc=0 rssi=-90 pairid=35465 txtag=206 st=0x00 addr=202934014 end=202948159 air_us=884 gap_us=100149
REC oseq=194 s0=0x32 len=216 crc=0 rssi=-91 pairid=33276 txtag=214 st=0x00 addr=202953102 end=202967247 air_us=884 gap_us=308
REC oseq=195 s0=0x3e len=216 crc=0 rssi=-90 pairid=51848 txtag=198 st=0x00 addr=202972189 end=202986334 air_us=884 gap_us=308
REC oseq=196 s0=0x32 len=216 crc=0 rssi=-90 pairid=33277 txtag=214 st=0x00 addr=202991277 end=203005422 air_us=884 gap_us=308
REC oseq=197 s0=0x3e len=216 crc=0 rssi=-90 pairid=35465 txtag=222 st=0x00 addr=203010365 end=203024510 air_us=884 gap_us=308
REC oseq=198 s0=0x3d len=212 crc=0 rssi=-91 pairid=39091 txtag=13 st=0x00 addr=203048543 end=203062432 air_us=868 gap_us=1502
REC oseq=199 s0=0x3e len=216 crc=0 rssi=-90 pairid=51849 txtag=214 st=0x00 addr=203087486 end=203101631 air_us=884 gap_us=1565
REC oseq=200 s0=0x32 len=216 crc=0 rssi=-90 pairid=49661 txtag=214 st=0x00 addr=203106575 end=203120720 air_us=884 gap_us=309
REC oseq=201 s0=0x3e len=216 crc=0 rssi=-90 pairid=35465 txtag=214 st=0x00 addr=203125663 end=203139808 air_us=884 gap_us=308
REC oseq=202 s0=0x32 len=216 crc=0 rssi=-90 pairid=33277 txtag=214 st=0x00 addr=203144751 end=203158896 air_us=884 gap_us=308
REC oseq=203 s0=0x3a len=216 crc=0 rssi=-90 pairid=35465 txtag=214 st=0x00 addr=203163840 end=203177985 air_us=884 gap_us=309
REC oseq=204 s0=0x2d len=55 crc=0 rssi=-91 pairid=38993 txtag=72 st=0x00 addr=203894010 end=203897851 air_us=240 gap_us=44751
REC oseq=205 s0=0x27 len=163 crc=0 rssi=-92 pairid=38988 txtag=72 st=0x00 addr=203962778 end=203973531 air_us=672 gap_us=4057
REC oseq=206 s0=0x21 len=35 crc=0 rssi=-91 pairid=38988 txtag=72 st=0x00 addr=204032314 end=204034875 air_us=160 gap_us=3673
REC oseq=207 s0=0x2d len=55 crc=0 rssi=-92 pairid=38992 txtag=72 st=0x00 addr=204067467 end=204071308 air_us=240 gap_us=2037
REC oseq=208 s0=0x21 len=163 crc=0 rssi=-92 pairid=38988 txtag=72 st=0x00 addr=204101852 end=204112605 air_us=672 gap_us=1909
REC oseq=209 s0=0x25 len=35 crc=0 rssi=-92 pairid=38988 txtag=64 st=0x00 addr=206773994 end=206776555 air_us=160 gap_us=166336
REC oseq=210 s0=0x21 len=55 crc=0 rssi=-91 pairid=38992 txtag=72 st=0x00 addr=206809148 end=206812989 air_us=240 gap_us=2037
REC oseq=211 s0=0x2d len=35 crc=0 rssi=-91 pairid=38988 txtag=72 st=0x00 addr=206843533 end=206846094 air_us=160 gap_us=1909
REC oseq=212 s0=0x21 len=55 crc=0 rssi=-91 pairid=38992 txtag=72 st=0x00 addr=206878684 end=206882525 air_us=240 gap_us=2036
REC oseq=213 s0=0x2d len=35 crc=0 rssi=-91 pairid=38988 txtag=64 st=0x00 addr=206913068 end=206915629 air_us=160 gap_us=1908
REC oseq=214 s0=0x21 len=55 crc=0 rssi=-92 pairid=38992 txtag=64 st=0x00 addr=206948221 end=206952062 air_us=240 gap_us=2037
REC oseq=215 s0=0x12 len=251 crc=1 rssi=-32 pairid=247 txtag=64 st=0x00 addr=209413984 end=209430369 air_us=1024 gap_us=153870
REC oseq=216 s0=0x16 len=250 crc=1 rssi=-52 pairid=246 txtag=64 st=0x00 addr=209431593 end=209447914 air_us=1020 gap_us=76
REC oseq=217 s0=0x1e len=239 crc=1 rssi=-32 pairid=235 txtag=64 st=0x00 addr=209449136 end=209464753 air_us=976 gap_us=76
REC oseq=218 s0=0x1a len=250 crc=0 rssi=-51 pairid=246 txtag=64 st=0x00 addr=209465977 end=209482298 air_us=1020 gap_us=76
REC oseq=219 s0=0x12 len=251 crc=1 rssi=-32 pairid=247 txtag=64 st=0x00 addr=209483521 end=209499906 air_us=1024 gap_us=76
REC oseq=220 s0=0x16 len=250 crc=1 rssi=-52 pairid=246 txtag=64 st=0x00 addr=209501129 end=209517450 air_us=1020 gap_us=76
REC oseq=221 s0=0x1e len=239 crc=1 rssi=-32 pairid=235 txtag=64 st=0x00 addr=209518673 end=209534290 air_us=976 gap_us=76
REC oseq=222 s0=0x1a len=250 crc=1 rssi=-52 pairid=246 txtag=64 st=0x00 addr=209535514 end=209551835 air_us=1020 gap_us=76
REC oseq=223 s0=0x12 len=251 crc=1 rssi=-31 pairid=247 txtag=64 st=0x00 addr=209553058 end=209569443 air_us=1024 gap_us=76
REC oseq=224 s0=0x16 len=250 crc=1 rssi=-52 pairid=246 txtag=64 st=0x00 addr=209570666 end=209586987 air_us=1020 gap_us=76
REC oseq=225 s0=0x1e len=239 crc=1 rssi=-32 pairid=235 txtag=64 st=0x00 addr=209588210 end=209603827 air_us=976 gap_us=76
REC oseq=226 s0=0x1a len=250 crc=1 rssi=-52 pairid=246 txtag=64 st=0x00 addr=209605050 end=209621371 air_us=1020 gap_us=76
REC oseq=227 s0=0x12 len=251 crc=1 rssi=-32 pairid=247 txtag=64 st=0x00 addr=209622595 end=209638980 air_us=1024 gap_us=76
REC oseq=228 s0=0x16 len=250 crc=0 rssi=-52 pairid=246 txtag=64 st=0x00 addr=209640202 end=209656523 air_us=1020 gap_us=76
REC oseq=229 s0=0x16 len=250 crc=1 rssi=-52 pairid=246 txtag=64 st=0x00 addr=209671590 end=209687911 air_us=1020 gap_us=941
REC oseq=230 s0=0x1e len=239 crc=1 rssi=-32 pairid=235 txtag=64 st=0x00 addr=209689135 end=209704752 air_us=976 gap_us=76
REC oseq=231 s0=0x1a len=250 crc=1 rssi=-52 pairid=246 txtag=64 st=0x00 addr=209705976 end=209722297 air_us=1020 gap_us=76
REC oseq=232 s0=0x12 len=251 crc=1 rssi=-32 pairid=247 txtag=64 st=0x00 addr=209723519 end=209739904 air_us=1024 gap_us=76
REC oseq=233 s0=0x16 len=250 crc=1 rssi=-52 pairid=246 txtag=64 st=0x00 addr=209741128 end=209757449 air_us=1020 gap_us=76
REC oseq=234 s0=0x1e len=239 crc=1 rssi=-32 pairid=235 txtag=64 st=0x00 addr=209758672 end=209774289 air_us=976 gap_us=76
REC oseq=235 s0=0x1a len=250 crc=0 rssi=-52 pairid=246 txtag=64 st=0x00 addr=209775512 end=209791833 air_us=1020 gap_us=76
REC oseq=236 s0=0x12 len=251 crc=1 rssi=-32 pairid=247 txtag=64 st=0x00 addr=209793056 end=209809441 air_us=1024 gap_us=76
REC oseq=237 s0=0x16 len=250 crc=1 rssi=-53 pairid=246 txtag=64 st=0x00 addr=209810664 end=209826985 air_us=1020 gap_us=76
REC oseq=238 s0=0x1e len=239 crc=1 rssi=-32 pairid=235 txtag=64 st=0x00 addr=209828208 end=209843825 air_us=976 gap_us=76
REC oseq=239 s0=0x1a len=250 crc=1 rssi=-52 pairid=246 txtag=64 st=0x00 addr=209845049 end=209861370 air_us=1020 gap_us=76
REC oseq=240 s0=0x12 len=251 crc=1 rssi=-32 pairid=247 txtag=64 st=0x00 addr=209862593 end=209878978 air_us=1024 gap_us=76
REC oseq=241 s0=0x16 len=250 crc=0 rssi=-52 pairid=246 txtag=64 st=0x00 addr=209880201 end=209896522 air_us=1020 gap_us=76
REC oseq=242 s0=0x21 len=49 crc=0 rssi=-92 pairid=38992 txtag=72 st=0x00 addr=211849127 end=211852584 air_us=216 gap_us=122037
REC oseq=243 s0=0x2d len=35 crc=0 rssi=-91 pairid=38988 txtag=72 st=0x00 addr=211883511 end=211886072 air_us=160 gap_us=1932
REC oseq=244 s0=0x21 len=55 crc=0 rssi=-91 pairid=38992 txtag=72 st=0x00 addr=211918662 end=211922503 air_us=240 gap_us=2036
REC oseq=245 s0=0x2d len=35 crc=0 rssi=-90 pairid=38988 txtag=72 st=0x00 addr=211953048 end=211955609 air_us=160 gap_us=1909
REC oseq=246 s0=0x82 len=161 crc=0 rssi=-91 pairid=29450 txtag=144 st=0x00 addr=213052110 end=213062735 air_us=664 gap_us=68531
REC oseq=247 s0=0x82 len=173 crc=0 rssi=-92 pairid=4434 txtag=156 st=0x00 addr=213128433 end=213139826 air_us=712 gap_us=4106
REC oseq=248 s0=0x8d len=161 crc=0 rssi=-91 pairid=20606 txtag=69 st=0x00 addr=213223875 end=213234500 air_us=664 gap_us=5253
REC oseq=249 s0=0x82 len=173 crc=0 rssi=-91 pairid=7622 txtag=158 st=0x00 addr=213243730 end=213255123 air_us=712 gap_us=576
REC oseq=250 s0=0x16 len=250 crc=1 rssi=-53 pairid=246 txtag=64 st=0x00 addr=213255517 end=213271838 air_us=1020 gap_us=24
REC oseq=251 s0=0x0d len=0 crc=1 rssi=-32 pairid=246 txtag=64 st=0x00 addr=213273054 end=213273375 air_us=20 gap_us=76
REC oseq=252 s0=0x1a len=250 crc=1 rssi=-52 pairid=246 txtag=64 st=0x00 addr=213274605 end=213290926 air_us=1020 gap_us=76
REC oseq=253 s0=0x01 len=0 crc=1 rssi=-32 pairid=246 txtag=64 st=0x00 addr=213292143 end=213292464 air_us=20 gap_us=76
REC oseq=254 s0=0x16 len=250 crc=1 rssi=-53 pairid=246 txtag=64 st=0x00 addr=213293694 end=213310015 air_us=1020 gap_us=76
REC oseq=255 s0=0x0d len=0 crc=1 rssi=-32 pairid=246 txtag=64 st=0x00 addr=213311231 end=213311552 air_us=20 gap_us=76
REC oseq=256 s0=0x1a len=250 crc=1 rssi=-52 pairid=246 txtag=64 st=0x00 addr=213312782 end=213329103 air_us=1020 gap_us=76
REC oseq=257 s0=0x01 len=0 crc=1 rssi=-32 pairid=246 txtag=64 st=0x00 addr=213330319 end=213330640 air_us=20 gap_us=76
REC oseq=258 s0=0x16 len=250 crc=1 rssi=-52 pairid=246 txtag=64 st=0x00 addr=213331870 end=213348191 air_us=1020 gap_us=76
REC oseq=259 s0=0x0d len=0 crc=1 rssi=-32 pairid=246 txtag=64 st=0x00 addr=213349407 end=213349728 air_us=20 gap_us=76
REC oseq=260 s0=0x1a len=250 crc=1 rssi=-52 pairid=246 txtag=64 st=0x00 addr=213350958 end=213367279 air_us=1020 gap_us=76
REC oseq=261 s0=0x01 len=0 crc=1 rssi=-32 pairid=246 txtag=64 st=0x00 addr=213368495 end=213368816 air_us=20 gap_us=76
REC oseq=262 s0=0x16 len=250 crc=0 rssi=-53 pairid=246 txtag=64 st=0x00 addr=213370046 end=213386367 air_us=1020 gap_us=76
REC oseq=263 s0=0x01 len=0 crc=1 rssi=-32 pairid=246 txtag=64 st=0x00 addr=213387583 end=213387904 air_us=20 gap_us=76
REC oseq=264 s0=0x16 len=250 crc=1 rssi=-53 pairid=246 txtag=64 st=0x00 addr=213389134 end=213405455 air_us=1020 gap_us=76
REC oseq=265 s0=0x0d len=0 crc=1 rssi=-32 pairid=246 txtag=64 st=0x00 addr=213406672 end=213406993 air_us=20 gap_us=76
REC oseq=266 s0=0x1a len=250 crc=1 rssi=-53 pairid=246 txtag=64 st=0x00 addr=213408223 end=213424544 air_us=1020 gap_us=76
REC oseq=267 s0=0x01 len=0 crc=1 rssi=-32 pairid=246 txtag=64 st=0x00 addr=213425760 end=213426081 air_us=20 gap_us=76
REC oseq=268 s0=0x16 len=250 crc=1 rssi=-52 pairid=246 txtag=64 st=0x00 addr=213427310 end=213443631 air_us=1020 gap_us=76
REC oseq=269 s0=0x0d len=0 crc=1 rssi=-32 pairid=246 txtag=64 st=0x00 addr=213444848 end=213445169 air_us=20 gap_us=76
REC oseq=270 s0=0x1a len=250 crc=1 rssi=-52 pairid=246 txtag=64 st=0x00 addr=213446399 end=213462720 air_us=1020 gap_us=76
REC oseq=271 s0=0x01 len=0 crc=1 rssi=-32 pairid=246 txtag=64 st=0x00 addr=213463937 end=213464258 air_us=20 gap_us=76
REC oseq=272 s0=0x16 len=250 crc=1 rssi=-52 pairid=246 txtag=64 st=0x00 addr=213465487 end=213481808 air_us=1020 gap_us=76
REC oseq=273 s0=0x0d len=0 crc=1 rssi=-32 pairid=246 txtag=64 st=0x00 addr=213483025 end=213483346 air_us=20 gap_us=76
REC oseq=274 s0=0x1a len=250 crc=0 rssi=-52 pairid=246 txtag=64 st=0x00 addr=213484575 end=213500896 air_us=1020 gap_us=76
REC oseq=275 s0=0x8e len=161 crc=0 rssi=-91 pairid=19384 txtag=150 st=0x00 addr=215951221 end=215961846 air_us=664 gap_us=153145
REC oseq=276 s0=0x82 len=169 crc=0 rssi=-92 pairid=57500 txtag=158 st=0x00 addr=216008484 end=216019621 air_us=696 gap_us=2914
REC oseq=277 s0=0x9d len=82 crc=0 rssi=-91 pairid=39263 txtag=0 st=0x00 addr=221928312 end=221933881 air_us=348 gap_us=369293
REC oseq=278 s0=0x92 len=66 crc=0 rssi=-90 pairid=57582 txtag=0 st=0x00 addr=221963465 end=221968010 air_us=284 gap_us=1849
REC oseq=279 s0=0x12 len=251 crc=1 rssi=-32 pairid=247 txtag=64 st=0x00 addr=224053917 end=224070302 air_us=1024 gap_us=130369
REC oseq=280 s0=0x16 len=250 crc=1 rssi=-52 pairid=246 txtag=64 st=0x00 addr=224071520 end=224087841 air_us=1020 gap_us=76
REC oseq=281 s0=0x1e len=239 crc=1 rssi=-32 pairid=235 txtag=64 st=0x00 addr=224089070 end=224104687 air_us=976 gap_us=76
REC oseq=282 s0=0x1a len=250 crc=1 rssi=-52 pairid=246 txtag=64 st=0x00 addr=224105904 end=224122225 air_us=1020 gap_us=76
REC oseq=283 s0=0x12 len=251 crc=1 rssi=-32 pairid=247 txtag=64 st=0x00 addr=224123454 end=224139839 air_us=1024 gap_us=76
REC oseq=284 s0=0x16 len=250 crc=1 rssi=-52 pairid=246 txtag=64 st=0x00 addr=224141057 end=224157378 air_us=1020 gap_us=76
REC oseq=285 s0=0x1e len=239 crc=1 rssi=-32 pairid=235 txtag=64 st=0x00 addr=224158606 end=224174223 air_us=976 gap_us=76
REC oseq=286 s0=0x1a len=250 crc=1 rssi=-52 pairid=246 txtag=64 st=0x00 addr=224175441 end=224191762 air_us=1020 gap_us=76
REC oseq=287 s0=0x12 len=251 crc=1 rssi=-32 pairid=247 txtag=64 st=0x00 addr=224192991 end=224209376 air_us=1024 gap_us=76
REC oseq=288 s0=0x16 len=250 crc=1 rssi=-53 pairid=246 txtag=64 st=0x00 addr=224210593 end=224226914 air_us=1020 gap_us=76
REC oseq=289 s0=0x1e len=239 crc=1 rssi=-32 pairid=235 txtag=64 st=0x00 addr=224228144 end=224243761 air_us=976 gap_us=76
REC oseq=290 s0=0x1a len=250 crc=1 rssi=-52 pairid=246 txtag=64 st=0x00 addr=224244978 end=224261299 air_us=1020 gap_us=76
REC oseq=291 s0=0x12 len=251 crc=1 rssi=-32 pairid=247 txtag=64 st=0x00 addr=224262528 end=224278913 air_us=1024 gap_us=76
REC oseq=292 s0=0x16 len=250 crc=0 rssi=-52 pairid=246 txtag=64 st=0x00 addr=224280130 end=224296451 air_us=1020 gap_us=76
REC oseq=293 s0=0x21 len=183 crc=0 rssi=-91 pairid=38993 txtag=72 st=0x00 addr=227963437 end=227975470 air_us=752 gap_us=229186
REC oseq=294 s0=0x0d len=35 crc=0 rssi=-91 pairid=38988 txtag=72 st=0x00 addr=227997821 end=228000382 air_us=160 gap_us=1396
REC oseq=295 s0=0x31 len=212 crc=0 rssi=-92 pairid=39091 txtag=12 st=0x00 addr=228032975 end=228046864 air_us=868 gap_us=2037
REC oseq=296 s0=0x3e len=216 crc=0 rssi=-90 pairid=51849 txtag=214 st=0x00 addr=228052832 end=228066977 air_us=884 gap_us=373
REC oseq=297 s0=0x32 len=216 crc=0 rssi=-91 pairid=33276 txtag=214 st=0x00 addr=228071918 end=228086063 air_us=884 gap_us=308
REC oseq=298 s0=0x3e len=216 crc=0 rssi=-90 pairid=35465 txtag=214 st=0x00 addr=228091006 end=228105151 air_us=884 gap_us=308
REC oseq=299 s0=0xb2 len=217 crc=0 rssi=-91 pairid=33276 txtag=214 st=0x00 addr=228110095 end=228124304 air_us=888 gap_us=309
REC oseq=300 s0=0x8e len=161 crc=0 rssi=-91 pairid=7095 txtag=150 st=0x00 addr=231292062 end=231302687 air_us=664 gap_us=197984
REC oseq=301 s0=0x9a len=80 crc=0 rssi=-91 pairid=37238 txtag=192 st=0x00 addr=231353134 end=231358575 air_us=340 gap_us=3152
REC oseq=302 s0=0x8e len=13 crc=0 rssi=-91 pairid=6976 txtag=30 st=0x00 addr=235947482 end=235948635 air_us=72 gap_us=286806
REC oseq=303 s0=0xce len=201 crc=0 rssi=-90 pairid=468 txtag=158 st=0x00 addr=235985659 end=235998845 air_us=824 gap_us=2314
REC oseq=304 s0=0x82 len=173 crc=0 rssi=-92 pairid=12525 txtag=158 st=0x00 addr=236004746 end=236016139 air_us=712 gap_us=368
REC oseq=305 s0=0x9a len=175 crc=0 rssi=-91 pairid=2268 txtag=30 st=0x00 addr=236042924 end=236054445 air_us=720 gap_us=1674
REC oseq=306 s0=0x1a len=108 crc=0 rssi=-92 pairid=30848 txtag=163 st=0x00 addr=239827304 end=239834537 air_us=452 gap_us=235803
REC oseq=307 s0=0x31 len=212 crc=0 rssi=-91 pairid=39091 txtag=20 st=0x00 addr=243083354 end=243097243 air_us=868 gap_us=203051
REC oseq=308 s0=0x3e len=218 crc=0 rssi=-90 pairid=35465 txtag=214 st=0x00 addr=243103194 end=243117467 air_us=892 gap_us=371
REC oseq=309 s0=0x3d len=212 crc=0 rssi=-91 pairid=39091 txtag=12 st=0x00 addr=243179484 end=243193373 air_us=868 gap_us=3876
REC oseq=310 s0=0x32 len=216 crc=0 rssi=-90 pairid=33276 txtag=214 st=0x00 addr=243199324 end=243213469 air_us=884 gap_us=371
REC oseq=311 s0=0x3e len=216 crc=0 rssi=-90 pairid=35465 txtag=214 st=0x00 addr=243218396 end=243232541 air_us=884 gap_us=307
REC oseq=312 s0=0x32 len=88 crc=0 rssi=-90 pairid=33277 txtag=214 st=0x00 addr=243237468 end=243243421 air_us=372 gap_us=307
REC oseq=313 s0=0x1e len=239 crc=1 rssi=-32 pairid=235 txtag=64 st=0x00 addr=245173823 end=245189440 air_us=976 gap_us=120650
REC oseq=314 s0=0x1a len=250 crc=0 rssi=-52 pairid=246 txtag=64 st=0x00 addr=245190668 end=245206989 air_us=1020 gap_us=76
REC oseq=315 s0=0x1e len=239 crc=1 rssi=-30 pairid=235 txtag=64 st=0x00 addr=245208208 end=245223825 air_us=976 gap_us=76
REC oseq=316 s0=0x1a len=250 crc=1 rssi=-52 pairid=246 txtag=64 st=0x00 addr=245225053 end=245241374 air_us=1020 gap_us=76
REC oseq=317 s0=0x12 len=251 crc=1 rssi=-31 pairid=247 txtag=64 st=0x00 addr=245242592 end=245258977 air_us=1024 gap_us=76
REC oseq=318 s0=0x16 len=250 crc=1 rssi=-53 pairid=246 txtag=64 st=0x00 addr=245260205 end=245276526 air_us=1020 gap_us=76
REC oseq=319 s0=0x1e len=239 crc=1 rssi=-32 pairid=235 txtag=64 st=0x00 addr=245277744 end=245293361 air_us=976 gap_us=76
REC oseq=320 s0=0x1a len=250 crc=1 rssi=-52 pairid=246 txtag=64 st=0x00 addr=245294589 end=245310910 air_us=1020 gap_us=76
REC oseq=321 s0=0x12 len=251 crc=1 rssi=-32 pairid=247 txtag=64 st=0x00 addr=245312129 end=245328514 air_us=1024 gap_us=76
REC oseq=322 s0=0x16 len=250 crc=1 rssi=-52 pairid=246 txtag=64 st=0x00 addr=245329741 end=245346062 air_us=1020 gap_us=76
REC oseq=323 s0=0x1e len=239 crc=1 rssi=-32 pairid=235 txtag=64 st=0x00 addr=245347281 end=245362898 air_us=976 gap_us=76
REC oseq=324 s0=0x1a len=250 crc=1 rssi=-53 pairid=246 txtag=64 st=0x00 addr=245364126 end=245380447 air_us=1020 gap_us=76
REC oseq=325 s0=0x12 len=251 crc=1 rssi=-32 pairid=247 txtag=64 st=0x00 addr=245381666 end=245398051 air_us=1024 gap_us=76
REC oseq=326 s0=0x16 len=250 crc=0 rssi=-52 pairid=246 txtag=64 st=0x00 addr=245399278 end=245415599 air_us=1020 gap_us=76
REC oseq=327 s0=0x32 len=26 crc=0 rssi=-89 pairid=33278 txtag=86 st=0x00 addr=245672908 end=245674893 air_us=124 gap_us=16081
REC oseq=328 s0=0x3e len=216 crc=0 rssi=-91 pairid=35465 txtag=214 st=0x00 addr=245691996 end=245706141 air_us=884 gap_us=1068
REC oseq=329 s0=0x31 len=212 crc=0 rssi=-91 pairid=39091 txtag=13 st=0x00 addr=245711086 end=245724975 air_us=868 gap_us=309
REC oseq=330 s0=0x3e len=216 crc=0 rssi=-91 pairid=35465 txtag=214 st=0x00 addr=245730942 end=245745087 air_us=884 gap_us=372
REC oseq=331 s0=0x32 len=216 crc=0 rssi=-91 pairid=33276 txtag=206 st=0x00 addr=245750030 end=245764175 air_us=884 gap_us=308
REC oseq=332 s0=0xb2 len=201 crc=0 rssi=-89 pairid=49660 txtag=214 st=0x00 addr=245788207 end=245801392 air_us=824 gap_us=1502
REC oseq=333 s0=0x3e len=216 crc=0 rssi=-90 pairid=35465 txtag=214 st=0x00 addr=245883647 end=245897792 air_us=884 gap_us=5140
REC oseq=334 s0=0x8e len=173 crc=0 rssi=-91 pairid=6708 txtag=30 st=0x00 addr=248869247 end=248880640 air_us=712 gap_us=185715
REC oseq=335 s0=0x96 len=237 crc=0 rssi=-89 pairid=4600 txtag=158 st=0x00 addr=248907425 end=248922914 air_us=968 gap_us=1674
REC oseq=336 s0=0x82 len=173 crc=0 rssi=-93 pairid=59596 txtag=6 st=0x00 addr=248964688 end=248976081 air_us=712 gap_us=2610
REC oseq=337 s0=0x96 len=13 crc=0 rssi=-92 pairid=7092 txtag=94 st=0x00 addr=248983778 end=248984931 air_us=72 gap_us=481
REC oseq=338 s0=0x9d len=194 crc=0 rssi=-91 pairid=19811 txtag=0 st=0x00 addr=249006720 end=249019457 air_us=796 gap_us=1361
REC oseq=339 s0=0x3e len=216 crc=0 rssi=-90 pairid=51849 txtag=214 st=0x00 addr=251010149 end=251024294 air_us=884 gap_us=124418
REC oseq=340 s0=0x32 len=216 crc=0 rssi=-90 pairid=33276 txtag=214 st=0x00 addr=251029238 end=251043383 air_us=884 gap_us=309
REC oseq=341 s0=0x52 len=212 crc=0 rssi=-90 pairid=33276 txtag=70 st=0x00 addr=251105589 end=251119478 air_us=868 gap_us=3887
REC oseq=342 s0=0x3e len=216 crc=0 rssi=-90 pairid=35465 txtag=206 st=0x00 addr=251162855 end=251177000 air_us=884 gap_us=2711
REC oseq=343 s0=0x01 len=0 crc=1 rssi=-32 pairid=35465 txtag=206 st=0x00 addr=251192883 end=251193204 air_us=20 gap_us=992
REC oseq=344 s0=0x16 len=250 crc=1 rssi=-52 pairid=246 txtag=64 st=0x00 addr=251194432 end=251210753 air_us=1020 gap_us=76
REC oseq=345 s0=0x0d len=0 crc=1 rssi=-32 pairid=246 txtag=64 st=0x00 addr=251211971 end=251212292 air_us=20 gap_us=76
REC oseq=346 s0=0x1a len=250 crc=1 rssi=-52 pairid=246 txtag=64 st=0x00 addr=251213520 end=251229841 air_us=1020 gap_us=76
REC oseq=347 s0=0x01 len=0 crc=1 rssi=-32 pairid=246 txtag=64 st=0x00 addr=251231060 end=251231381 air_us=20 gap_us=76
REC oseq=348 s0=0x16 len=250 crc=1 rssi=-52 pairid=246 txtag=64 st=0x00 addr=251232609 end=251248930 air_us=1020 gap_us=76
REC oseq=349 s0=0x0d len=0 crc=1 rssi=-32 pairid=246 txtag=64 st=0x00 addr=251250148 end=251250469 air_us=20 gap_us=76
REC oseq=350 s0=0x1a len=250 crc=1 rssi=-52 pairid=246 txtag=64 st=0x00 addr=251251697 end=251268018 air_us=1020 gap_us=76
REC oseq=351 s0=0x01 len=0 crc=1 rssi=-32 pairid=246 txtag=64 st=0x00 addr=251269236 end=251269557 air_us=20 gap_us=76
REC oseq=352 s0=0x16 len=250 crc=1 rssi=-52 pairid=246 txtag=64 st=0x00 addr=251270785 end=251287106 air_us=1020 gap_us=76
REC oseq=353 s0=0x0d len=0 crc=1 rssi=-32 pairid=246 txtag=64 st=0x00 addr=251288324 end=251288645 air_us=20 gap_us=76
REC oseq=354 s0=0x1a len=250 crc=1 rssi=-52 pairid=246 txtag=64 st=0x00 addr=251289873 end=251306194 air_us=1020 gap_us=76
REC oseq=355 s0=0x01 len=0 crc=1 rssi=-32 pairid=246 txtag=64 st=0x00 addr=251307413 end=251307734 air_us=20 gap_us=76
REC oseq=356 s0=0x16 len=250 crc=1 rssi=-52 pairid=246 txtag=64 st=0x00 addr=251308961 end=251325282 air_us=1020 gap_us=76
REC oseq=357 s0=0x0d len=0 crc=1 rssi=-32 pairid=246 txtag=64 st=0x00 addr=251326501 end=251326822 air_us=20 gap_us=76
REC oseq=358 s0=0x1a len=250 crc=1 rssi=-52 pairid=246 txtag=64 st=0x00 addr=251328050 end=251344371 air_us=1020 gap_us=76
REC oseq=359 s0=0x01 len=0 crc=1 rssi=-32 pairid=246 txtag=64 st=0x00 addr=251345589 end=251345910 air_us=20 gap_us=76
REC oseq=360 s0=0x16 len=250 crc=1 rssi=-52 pairid=246 txtag=64 st=0x00 addr=251347138 end=251363459 air_us=1020 gap_us=76
REC oseq=361 s0=0x0d len=0 crc=1 rssi=-32 pairid=246 txtag=64 st=0x00 addr=251364677 end=251364998 air_us=20 gap_us=76
REC oseq=362 s0=0x1a len=250 crc=1 rssi=-52 pairid=246 txtag=64 st=0x00 addr=251366226 end=251382547 air_us=1020 gap_us=76
REC oseq=363 s0=0x01 len=0 crc=1 rssi=-32 pairid=246 txtag=64 st=0x00 addr=251383766 end=251384087 air_us=20 gap_us=76
REC oseq=364 s0=0x16 len=250 crc=1 rssi=-52 pairid=246 txtag=64 st=0x00 addr=251385314 end=251401635 air_us=1020 gap_us=76
REC oseq=365 s0=0x0d len=0 crc=1 rssi=-32 pairid=246 txtag=64 st=0x00 addr=251402854 end=251403175 air_us=20 gap_us=76
REC oseq=366 s0=0x1a len=250 crc=0 rssi=-53 pairid=246 txtag=64 st=0x00 addr=251404402 end=251420723 air_us=1020 gap_us=76
REC oseq=367 s0=0x49 len=171 crc=0 rssi=-90 pairid=26512 txtag=61 st=0x00 addr=258872849 end=258884114 air_us=704 gap_us=465757
REC oseq=368 s0=0x1e len=239 crc=1 rssi=-32 pairid=235 txtag=64 st=0x00 addr=265093731 end=265109348 air_us=976 gap_us=388101
REC oseq=369 s0=0x1a len=250 crc=1 rssi=-52 pairid=246 txtag=64 st=0x00 addr=265110574 end=265126895 air_us=1020 gap_us=76
REC oseq=370 s0=0x12 len=251 crc=1 rssi=-32 pairid=247 txtag=64 st=0x00 addr=265128115 end=265144500 air_us=1024 gap_us=76
REC oseq=371 s0=0x16 len=250 crc=1 rssi=-52 pairid=246 txtag=64 st=0x00 addr=265145726 end=265162047 air_us=1020 gap_us=76
REC oseq=372 s0=0x1e len=239 crc=1 rssi=-32 pairid=235 txtag=64 st=0x00 addr=265163268 end=265178885 air_us=976 gap_us=76
REC oseq=373 s0=0x1a len=250 crc=1 rssi=-52 pairid=246 txtag=64 st=0x00 addr=265180111 end=265196432 air_us=1020 gap_us=76
REC oseq=374 s0=0x12 len=251 crc=1 rssi=-31 pairid=247 txtag=64 st=0x00 addr=265197653 end=265214038 air_us=1024 gap_us=76
REC oseq=375 s0=0x16 len=250 crc=1 rssi=-52 pairid=246 txtag=64 st=0x00 addr=265215263 end=265231584 air_us=1020 gap_us=76
REC oseq=376 s0=0x1e len=239 crc=1 rssi=-32 pairid=235 txtag=64 st=0x00 addr=265232805 end=265248422 air_us=976 gap_us=76
REC oseq=377 s0=0x1a len=250 crc=1 rssi=-52 pairid=246 txtag=64 st=0x00 addr=265249648 end=265265969 air_us=1020 gap_us=76
REC oseq=378 s0=0x12 len=251 crc=1 rssi=-32 pairid=247 txtag=64 st=0x00 addr=265267190 end=265283575 air_us=1024 gap_us=76
REC oseq=379 s0=0x16 len=250 crc=1 rssi=-52 pairid=246 txtag=64 st=0x00 addr=265284799 end=265301120 air_us=1020 gap_us=76
REC oseq=380 s0=0x1e len=239 crc=1 rssi=-32 pairid=235 txtag=64 st=0x00 addr=265302342 end=265317959 air_us=976 gap_us=76
REC oseq=381 s0=0x1a len=250 crc=0 rssi=-52 pairid=246 txtag=64 st=0x00 addr=265319184 end=265335505 air_us=1020 gap_us=76
REC oseq=382 s0=0x82 len=61 crc=0 rssi=-92 pairid=50388 txtag=7 st=0x00 addr=274933687 end=274937912 air_us=264 gap_us=599886
REC oseq=383 s0=0x12 len=239 crc=1 rssi=-32 pairid=235 txtag=64 st=0x00 addr=277813675 end=277829292 air_us=976 gap_us=179735
REC oseq=384 s0=0x16 len=250 crc=1 rssi=-52 pairid=246 txtag=64 st=0x00 addr=277830516 end=277846837 air_us=1020 gap_us=76
REC oseq=385 s0=0x1e len=251 crc=1 rssi=-32 pairid=247 txtag=64 st=0x00 addr=277848059 end=277864444 air_us=1024 gap_us=76
REC oseq=386 s0=0x1a len=250 crc=1 rssi=-52 pairid=246 txtag=64 st=0x00 addr=277865668 end=277881989 air_us=1020 gap_us=76
REC oseq=387 s0=0x12 len=239 crc=1 rssi=-32 pairid=235 txtag=64 st=0x00 addr=277883212 end=277898829 air_us=976 gap_us=76
REC oseq=388 s0=0x16 len=250 crc=1 rssi=-52 pairid=246 txtag=64 st=0x00 addr=277900052 end=277916373 air_us=1020 gap_us=76
REC oseq=389 s0=0x1e len=251 crc=1 rssi=-32 pairid=247 txtag=64 st=0x00 addr=277917596 end=277933981 air_us=1024 gap_us=76
REC oseq=390 s0=0x1a len=250 crc=1 rssi=-52 pairid=246 txtag=64 st=0x00 addr=277935205 end=277951526 air_us=1020 gap_us=76
REC oseq=391 s0=0x12 len=239 crc=1 rssi=-32 pairid=235 txtag=64 st=0x00 addr=277952749 end=277968366 air_us=976 gap_us=76
REC oseq=392 s0=0x16 len=250 crc=1 rssi=-52 pairid=246 txtag=64 st=0x00 addr=277969589 end=277985910 air_us=1020 gap_us=76
REC oseq=393 s0=0x1e len=251 crc=1 rssi=-32 pairid=247 txtag=64 st=0x00 addr=277987134 end=278003519 air_us=1024 gap_us=76
REC oseq=394 s0=0x1a len=250 crc=1 rssi=-52 pairid=246 txtag=64 st=0x00 addr=278004741 end=278021062 air_us=1020 gap_us=76
REC oseq=395 s0=0x12 len=239 crc=1 rssi=-32 pairid=235 txtag=64 st=0x00 addr=278022286 end=278037903 air_us=976 gap_us=76
REC oseq=396 s0=0x16 len=250 crc=0 rssi=-53 pairid=246 txtag=64 st=0x00 addr=278039125 end=278055446 air_us=1020 gap_us=76
REC oseq=397 s0=0x0d len=0 crc=1 rssi=-32 pairid=246 txtag=64 st=0x00 addr=279013669 end=279013990 air_us=20 gap_us=59888
REC oseq=398 s0=0x1a len=250 crc=1 rssi=-52 pairid=246 txtag=64 st=0x00 addr=279015211 end=279031532 air_us=1020 gap_us=76
REC oseq=399 s0=0x01 len=0 crc=1 rssi=-32 pairid=246 txtag=64 st=0x00 addr=279032757 end=279033078 air_us=20 gap_us=76
REC oseq=400 s0=0x16 len=250 crc=1 rssi=-53 pairid=246 txtag=64 st=0x00 addr=279034299 end=279050620 air_us=1020 gap_us=76
REC oseq=401 s0=0x0d len=0 crc=1 rssi=-32 pairid=246 txtag=64 st=0x00 addr=279051845 end=279052166 air_us=20 gap_us=76
REC oseq=402 s0=0x1a len=250 crc=1 rssi=-52 pairid=246 txtag=64 st=0x00 addr=279053387 end=279069708 air_us=1020 gap_us=76
REC oseq=403 s0=0x01 len=0 crc=1 rssi=-32 pairid=246 txtag=64 st=0x00 addr=279070933 end=279071254 air_us=20 gap_us=76
REC oseq=404 s0=0x16 len=250 crc=1 rssi=-52 pairid=246 txtag=64 st=0x00 addr=279072475 end=279088796 air_us=1020 gap_us=76
REC oseq=405 s0=0x0d len=0 crc=1 rssi=-32 pairid=246 txtag=64 st=0x00 addr=279090022 end=279090343 air_us=20 gap_us=76
REC oseq=406 s0=0x1a len=250 crc=1 rssi=-52 pairid=246 txtag=64 st=0x00 addr=279091564 end=279107885 air_us=1020 gap_us=76
REC oseq=407 s0=0x01 len=0 crc=1 rssi=-32 pairid=246 txtag=64 st=0x00 addr=279109110 end=279109431 air_us=20 gap_us=76
REC oseq=408 s0=0x16 len=250 crc=1 rssi=-52 pairid=246 txtag=64 st=0x00 addr=279110651 end=279126972 air_us=1020 gap_us=76
REC oseq=409 s0=0x0d len=0 crc=1 rssi=-34 pairid=246 txtag=64 st=0x00 addr=279128198 end=279128519 air_us=20 gap_us=76
REC oseq=410 s0=0x1a len=250 crc=1 rssi=-52 pairid=246 txtag=64 st=0x00 addr=279129740 end=279146061 air_us=1020 gap_us=76
REC oseq=411 s0=0x01 len=0 crc=1 rssi=-32 pairid=246 txtag=64 st=0x00 addr=279147286 end=279147607 air_us=20 gap_us=76
REC oseq=412 s0=0x16 len=250 crc=1 rssi=-52 pairid=246 txtag=64 st=0x00 addr=279148828 end=279165149 air_us=1020 gap_us=76
REC oseq=413 s0=0x0d len=0 crc=1 rssi=-32 pairid=246 txtag=64 st=0x00 addr=279166375 end=279166696 air_us=20 gap_us=76
REC oseq=414 s0=0x1a len=250 crc=1 rssi=-52 pairid=246 txtag=64 st=0x00 addr=279167916 end=279184237 air_us=1020 gap_us=76
REC oseq=415 s0=0x01 len=0 crc=1 rssi=-32 pairid=246 txtag=64 st=0x00 addr=279185463 end=279185784 air_us=20 gap_us=76
REC oseq=416 s0=0x16 len=250 crc=1 rssi=-52 pairid=246 txtag=64 st=0x00 addr=279187005 end=279203326 air_us=1020 gap_us=76
REC oseq=417 s0=0x0d len=0 crc=1 rssi=-32 pairid=246 txtag=64 st=0x00 addr=279204551 end=279204872 air_us=20 gap_us=76
REC oseq=418 s0=0x1a len=250 crc=1 rssi=-52 pairid=246 txtag=64 st=0x00 addr=279206093 end=279222414 air_us=1020 gap_us=76
REC oseq=419 s0=0x01 len=0 crc=1 rssi=-32 pairid=246 txtag=64 st=0x00 addr=279223640 end=279223961 air_us=20 gap_us=76
REC oseq=420 s0=0x16 len=250 crc=1 rssi=-52 pairid=246 txtag=64 st=0x00 addr=279225181 end=279241502 air_us=1020 gap_us=76
REC oseq=421 s0=0x0d len=0 crc=1 rssi=-32 pairid=246 txtag=64 st=0x00 addr=279242728 end=279243049 air_us=20 gap_us=76
REC oseq=422 s0=0x1a len=250 crc=0 rssi=-52 pairid=246 txtag=64 st=0x00 addr=279244269 end=279260590 air_us=1020 gap_us=76
REC oseq=423 s0=0x8e len=173 crc=0 rssi=-92 pairid=58517 txtag=70 st=0x00 addr=279733666 end=279745059 air_us=712 gap_us=29567
REC oseq=424 s0=0x9e len=69 crc=0 rssi=-91 pairid=53520 txtag=0 st=0x00 addr=279832962 end=279837699 air_us=296 gap_us=5493
REC oseq=425 s0=0x8a len=173 crc=0 rssi=-90 pairid=21450 txtag=190 st=0x00 addr=284571821 end=284583214 air_us=712 gap_us=295882
REC oseq=426 s0=0x82 len=141 crc=0 rssi=-91 pairid=3534 txtag=132 st=0x00 addr=284609996 end=284619341 air_us=584 gap_us=1673
REC oseq=427 s0=0x8e len=173 crc=0 rssi=-91 pairid=1940 txtag=158 st=0x00 addr=284629084 end=284640477 air_us=712 gap_us=608
REC oseq=428 s0=0x82 len=157 crc=0 rssi=-91 pairid=4573 txtag=254 st=0x00 addr=284648172 end=284658541 air_us=648 gap_us=480
REC oseq=429 s0=0x8e len=173 crc=0 rssi=-91 pairid=27562 txtag=158 st=0x00 addr=284667261 end=284678654 air_us=712 gap_us=545
REC oseq=430 s0=0x82 len=175 crc=0 rssi=-93 pairid=37069 txtag=150 st=0x00 addr=284686350 end=284697871 air_us=720 gap_us=481
REC oseq=431 s0=0x02 len=206 crc=0 rssi=-91 pairid=56534 txtag=30 st=0x00 addr=284773643 end=284787148 air_us=844 gap_us=4735
REC oseq=432 s0=0x01 len=0 crc=1 rssi=-32 pairid=56534 txtag=30 st=0x00 addr=287893629 end=287893950 air_us=20 gap_us=194155
REC oseq=433 s0=0x16 len=250 crc=1 rssi=-54 pairid=246 txtag=64 st=0x00 addr=287895165 end=287911486 air_us=1020 gap_us=75
REC oseq=434 s0=0x0d len=0 crc=1 rssi=-34 pairid=246 txtag=64 st=0x00 addr=287912701 end=287913022 air_us=20 gap_us=75
REC oseq=435 s0=0x1a len=250 crc=1 rssi=-52 pairid=246 txtag=64 st=0x00 addr=287914237 end=287930558 air_us=1020 gap_us=75
REC oseq=436 s0=0x01 len=0 crc=1 rssi=-32 pairid=246 txtag=64 st=0x00 addr=287931773 end=287932094 air_us=20 gap_us=75
REC oseq=437 s0=0x16 len=250 crc=1 rssi=-52 pairid=246 txtag=64 st=0x00 addr=287933309 end=287949630 air_us=1020 gap_us=75
REC oseq=438 s0=0x0d len=0 crc=1 rssi=-32 pairid=246 txtag=64 st=0x00 addr=287950845 end=287951166 air_us=20 gap_us=75
REC oseq=439 s0=0x1a len=250 crc=1 rssi=-52 pairid=246 txtag=64 st=0x00 addr=287952381 end=287968702 air_us=1020 gap_us=75
REC oseq=440 s0=0x01 len=0 crc=1 rssi=-32 pairid=246 txtag=64 st=0x00 addr=287969918 end=287970239 air_us=20 gap_us=76
REC oseq=441 s0=0x16 len=250 crc=1 rssi=-52 pairid=246 txtag=64 st=0x00 addr=287971454 end=287987775 air_us=1020 gap_us=75
REC oseq=442 s0=0x0d len=0 crc=1 rssi=-32 pairid=246 txtag=64 st=0x00 addr=287988990 end=287989311 air_us=20 gap_us=75
REC oseq=443 s0=0x1a len=250 crc=1 rssi=-52 pairid=246 txtag=64 st=0x00 addr=287990526 end=288006847 air_us=1020 gap_us=75
REC oseq=444 s0=0x01 len=0 crc=1 rssi=-32 pairid=246 txtag=64 st=0x00 addr=288008062 end=288008383 air_us=20 gap_us=75
REC oseq=445 s0=0x16 len=250 crc=1 rssi=-52 pairid=246 txtag=64 st=0x00 addr=288009598 end=288025919 air_us=1020 gap_us=75
REC oseq=446 s0=0x0d len=0 crc=1 rssi=-32 pairid=246 txtag=64 st=0x00 addr=288027134 end=288027455 air_us=20 gap_us=75
REC oseq=447 s0=0x1a len=250 crc=1 rssi=-52 pairid=246 txtag=64 st=0x00 addr=288028671 end=288044992 air_us=1020 gap_us=76
REC oseq=448 s0=0x01 len=0 crc=1 rssi=-32 pairid=246 txtag=64 st=0x00 addr=288046207 end=288046528 air_us=20 gap_us=75
REC oseq=449 s0=0x16 len=250 crc=1 rssi=-52 pairid=246 txtag=64 st=0x00 addr=288047759 end=288064080 air_us=1020 gap_us=76
REC oseq=450 s0=0x0d len=0 crc=1 rssi=-32 pairid=246 txtag=64 st=0x00 addr=288065295 end=288065616 air_us=20 gap_us=75
REC oseq=451 s0=0x1a len=12 crc=1 rssi=-52 pairid=8 txtag=5 st=0x00 addr=288066847 end=288067936 air_us=68 gap_us=76
REC oseq=452 s0=0x01 len=0 crc=1 rssi=-32 pairid=8 txtag=5 st=0x00 addr=288069151 end=288069472 air_us=20 gap_us=75
REC oseq=453 s0=0x16 len=250 crc=1 rssi=-52 pairid=246 txtag=64 st=0x00 addr=288070703 end=288087024 air_us=1020 gap_us=76
REC oseq=454 s0=0x1e len=251 crc=1 rssi=-32 pairid=247 txtag=64 st=0x00 addr=288088239 end=288104624 air_us=1024 gap_us=75
REC oseq=455 s0=0x12 len=239 crc=0 rssi=-32 pairid=235 txtag=64 st=0x00 addr=288123392 end=288139009 air_us=976 gap_us=1173
REC oseq=456 s0=0x0d len=0 crc=1 rssi=-32 pairid=235 txtag=64 st=0x00 addr=289813619 end=289813940 air_us=20 gap_us=104663
REC oseq=457 s0=0x1a len=250 crc=1 rssi=-52 pairid=246 txtag=64 st=0x00 addr=289815167 end=289831488 air_us=1020 gap_us=76
REC oseq=458 s0=0x01 len=0 crc=1 rssi=-32 pairid=246 txtag=64 st=0x00 addr=289832707 end=289833028 air_us=20 gap_us=76
REC oseq=459 s0=0x32 len=216 crc=0 rssi=-89 pairid=33276 txtag=214 st=0x00 addr=290053618 end=290067763 air_us=884 gap_us=13786
REC oseq=460 s0=0x22 len=216 crc=0 rssi=-91 pairid=55985 txtag=214 st=0x00 addr=299173578 end=299187723 air_us=884 gap_us=569113
REC oseq=461 s0=0x2d len=35 crc=0 rssi=-91 pairid=38988 txtag=72 st=0x00 addr=299192667 end=299195228 air_us=160 gap_us=309
REC oseq=462 s0=0x21 len=55 crc=0 rssi=-91 pairid=38992 txtag=72 st=0x00 addr=299227818 end=299231659 air_us=240 gap_us=2036
REC oseq=463 s0=0x2d len=3 crc=0 rssi=-91 pairid=38988 txtag=72 st=0x00 addr=299262203 end=299262716 air_us=32 gap_us=1909
REC oseq=464 s0=0x21 len=183 crc=0 rssi=-90 pairid=38992 txtag=72 st=0x00 addr=299297356 end=299309389 air_us=752 gap_us=2165
REC oseq=465 s0=0x21 len=183 crc=0 rssi=-91 pairid=38992 txtag=72 st=0x00 addr=299366893 end=299378926 air_us=752 gap_us=3594
REC oseq=466 s0=0x1e len=251 crc=1 rssi=-32 pairid=247 txtag=64 st=0x00 addr=299413576 end=299429961 air_us=1024 gap_us=2165
REC oseq=467 s0=0x1a len=250 crc=0 rssi=-52 pairid=246 txtag=64 st=0x00 addr=299431180 end=299447501 air_us=1020 gap_us=76
REC oseq=468 s0=0x1e len=251 crc=1 rssi=-31 pairid=247 txtag=64 st=0x00 addr=299448729 end=299465114 air_us=1024 gap_us=76
REC oseq=469 s0=0x1a len=250 crc=1 rssi=-52 pairid=246 txtag=64 st=0x00 addr=299466332 end=299482653 air_us=1020 gap_us=76
REC oseq=470 s0=0x12 len=239 crc=1 rssi=-32 pairid=235 txtag=64 st=0x00 addr=299483881 end=299499498 air_us=976 gap_us=76
REC oseq=471 s0=0x16 len=250 crc=1 rssi=-53 pairid=246 txtag=64 st=0x00 addr=299500717 end=299517038 air_us=1020 gap_us=76
REC oseq=472 s0=0x1e len=251 crc=0 rssi=-32 pairid=247 txtag=64 st=0x00 addr=299518266 end=299534651 air_us=1024 gap_us=76
REC oseq=473 s0=0x01 len=0 crc=1 rssi=-32 pairid=247 txtag=64 st=0x00 addr=301573567 end=301573888 air_us=20 gap_us=127432
REC oseq=474 s0=0x16 len=250 crc=1 rssi=-53 pairid=246 txtag=64 st=0x00 addr=301575116 end=301591437 air_us=1020 gap_us=76
REC oseq=475 s0=0x0d len=0 crc=1 rssi=-32 pairid=246 txtag=64 st=0x00 addr=301592655 end=301592976 air_us=20 gap_us=76
REC oseq=476 s0=0x1a len=250 crc=1 rssi=-52 pairid=246 txtag=64 st=0x00 addr=301594205 end=301610526 air_us=1020 gap_us=76
REC oseq=477 s0=0x01 len=0 crc=1 rssi=-32 pairid=246 txtag=64 st=0x00 addr=301611743 end=301612064 air_us=20 gap_us=76
REC oseq=478 s0=0x16 len=250 crc=1 rssi=-53 pairid=246 txtag=64 st=0x00 addr=301613293 end=301629614 air_us=1020 gap_us=76
REC oseq=479 s0=0x0d len=0 crc=1 rssi=-32 pairid=246 txtag=64 st=0x00 addr=301630832 end=301631153 air_us=20 gap_us=76
REC oseq=480 s0=0x1a len=250 crc=1 rssi=-52 pairid=246 txtag=64 st=0x00 addr=301632381 end=301648702 air_us=1020 gap_us=76
REC oseq=481 s0=0x01 len=0 crc=1 rssi=-32 pairid=246 txtag=64 st=0x00 addr=301649920 end=301650241 air_us=20 gap_us=76
REC oseq=482 s0=0x16 len=250 crc=1 rssi=-52 pairid=246 txtag=64 st=0x00 addr=301651469 end=301667790 air_us=1020 gap_us=76
REC oseq=483 s0=0x0d len=0 crc=1 rssi=-32 pairid=246 txtag=64 st=0x00 addr=301669008 end=301669329 air_us=20 gap_us=76
REC oseq=484 s0=0x1a len=250 crc=1 rssi=-52 pairid=246 txtag=64 st=0x00 addr=301670557 end=301686878 air_us=1020 gap_us=76
REC oseq=485 s0=0x01 len=0 crc=1 rssi=-32 pairid=246 txtag=64 st=0x00 addr=301688097 end=301688418 air_us=20 gap_us=76
REC oseq=486 s0=0x16 len=250 crc=0 rssi=-52 pairid=246 txtag=64 st=0x00 addr=301689645 end=301705966 air_us=1020 gap_us=76
REC oseq=487 s0=0x01 len=0 crc=1 rssi=-32 pairid=246 txtag=64 st=0x00 addr=301707185 end=301707506 air_us=20 gap_us=76
REC oseq=488 s0=0x16 len=250 crc=1 rssi=-52 pairid=246 txtag=64 st=0x00 addr=301708734 end=301725055 air_us=1020 gap_us=76
REC oseq=489 s0=0x0d len=0 crc=1 rssi=-32 pairid=246 txtag=64 st=0x00 addr=301726273 end=301726594 air_us=20 gap_us=76
REC oseq=490 s0=0x1a len=250 crc=1 rssi=-52 pairid=246 txtag=64 st=0x00 addr=301727821 end=301744142 air_us=1020 gap_us=76
REC oseq=491 s0=0x01 len=0 crc=1 rssi=-32 pairid=246 txtag=64 st=0x00 addr=301745361 end=301745682 air_us=20 gap_us=76
REC oseq=492 s0=0x16 len=250 crc=1 rssi=-52 pairid=246 txtag=64 st=0x00 addr=301746910 end=301763231 air_us=1020 gap_us=76
REC oseq=493 s0=0x0d len=0 crc=1 rssi=-32 pairid=246 txtag=64 st=0x00 addr=301764450 end=301764771 air_us=20 gap_us=76
REC oseq=494 s0=0x1a len=250 crc=1 rssi=-53 pairid=246 txtag=64 st=0x00 addr=301765998 end=301782319 air_us=1020 gap_us=76
REC oseq=495 s0=0x01 len=0 crc=1 rssi=-32 pairid=246 txtag=64 st=0x00 addr=301783538 end=301783859 air_us=20 gap_us=76
REC oseq=496 s0=0x16 len=250 crc=1 rssi=-52 pairid=246 txtag=64 st=0x00 addr=301785086 end=301801407 air_us=1020 gap_us=76
REC oseq=497 s0=0x0d len=0 crc=1 rssi=-32 pairid=246 txtag=64 st=0x00 addr=301802626 end=301802947 air_us=20 gap_us=76
REC oseq=498 s0=0x1a len=12 crc=1 rssi=-52 pairid=8 txtag=5 st=0x00 addr=301804174 end=301805263 air_us=68 gap_us=76
REC oseq=499 s0=0x01 len=0 crc=1 rssi=-32 pairid=8 txtag=5 st=0x00 addr=301806482 end=301806803 air_us=20 gap_us=76
REC oseq=500 s0=0x16 len=85 crc=0 rssi=-52 pairid=26383 txtag=46 st=0x00 addr=301808030 end=301813791 air_us=360 gap_us=76
REC oseq=501 s0=0x1e len=239 crc=1 rssi=-32 pairid=235 txtag=64 st=0x00 addr=303253560 end=303269177 air_us=976 gap_us=89985
REC oseq=502 s0=0x1a len=250 crc=1 rssi=-52 pairid=246 txtag=64 st=0x00 addr=303270400 end=303286721 air_us=1020 gap_us=76
REC oseq=503 s0=0x12 len=251 crc=1 rssi=-32 pairid=247 txtag=64 st=0x00 addr=303287944 end=303304329 air_us=1024 gap_us=76
REC oseq=504 s0=0x16 len=250 crc=1 rssi=-52 pairid=246 txtag=64 st=0x00 addr=303305552 end=303321873 air_us=1020 gap_us=76
REC oseq=505 s0=0x1e len=239 crc=1 rssi=-31 pairid=235 txtag=64 st=0x00 addr=303323097 end=303338714 air_us=976 gap_us=76
REC oseq=506 s0=0x1a len=250 crc=1 rssi=-52 pairid=246 txtag=64 st=0x00 addr=303339937 end=303356258 air_us=1020 gap_us=76
REC oseq=507 s0=0x12 len=251 crc=1 rssi=-32 pairid=247 txtag=64 st=0x00 addr=303357481 end=303373866 air_us=1024 gap_us=76
REC oseq=508 s0=0x16 len=250 crc=1 rssi=-53 pairid=246 txtag=64 st=0x00 addr=303375089 end=303391410 air_us=1020 gap_us=76
REC oseq=509 s0=0x1e len=239 crc=1 rssi=-31 pairid=235 txtag=64 st=0x00 addr=303392634 end=303408251 air_us=976 gap_us=76
REC oseq=510 s0=0x1a len=250 crc=1 rssi=-53 pairid=246 txtag=64 st=0x00 addr=303409473 end=303425794 air_us=1020 gap_us=76
REC oseq=511 s0=0x02 len=12 crc=1 rssi=-32 pairid=8 txtag=5 st=0x00 addr=303427018 end=303428107 air_us=68 gap_us=76
REC oseq=512 s0=0x16 len=250 crc=1 rssi=-52 pairid=246 txtag=64 st=0x00 addr=303429330 end=303445651 air_us=1020 gap_us=76
REC oseq=513 s0=0x0d len=0 crc=1 rssi=-32 pairid=246 txtag=64 st=0x00 addr=303446874 end=303447195 air_us=20 gap_us=76
REC oseq=514 s0=0x1a len=250 crc=1 rssi=-52 pairid=246 txtag=64 st=0x00 addr=303448418 end=303464739 air_us=1020 gap_us=76
REC oseq=515 s0=0x01 len=0 crc=1 rssi=-32 pairid=246 txtag=64 st=0x00 addr=303465963 end=303466284 air_us=20 gap_us=76
REC oseq=516 s0=0x16 len=250 crc=1 rssi=-52 pairid=246 txtag=64 st=0x00 addr=303467506 end=303483827 air_us=1020 gap_us=76
REC oseq=517 s0=0x0d len=0 crc=1 rssi=-32 pairid=246 txtag=64 st=0x00 addr=303485051 end=303485372 air_us=20 gap_us=76
REC oseq=518 s0=0x1a len=250 crc=0 rssi=-53 pairid=246 txtag=64 st=0x00 addr=303486594 end=303502915 air_us=1020 gap_us=76
REC oseq=519 s0=0x8e len=45 crc=0 rssi=-90 pairid=11219 txtag=126 st=0x00 addr=309032623 end=309035824 air_us=200 gap_us=345606
REC oseq=520 s0=0x8e len=173 crc=0 rssi=-90 pairid=7069 txtag=142 st=0x00 addr=309108975 end=309120368 air_us=712 gap_us=4571
REC oseq=521 s0=0x82 len=173 crc=0 rssi=-93 pairid=53454 txtag=158 st=0x00 addr=309166240 end=309177633 air_us=712 gap_us=2867
REC oseq=522 s0=0x9d len=213 crc=0 rssi=-91 pairid=948 txtag=0 st=0x00 addr=309208272 end=309222225 air_us=872 gap_us=1914
REC oseq=523 s0=0x21 len=55 crc=0 rssi=-91 pairid=38992 txtag=72 st=0x00 addr=309493532 end=309497373 air_us=240 gap_us=16956
REC oseq=524 s0=0x21 len=55 crc=0 rssi=-90 pairid=38992 txtag=80 st=0x00 addr=309527915 end=309531756 air_us=240 gap_us=1908
REC oseq=525 s0=0xad len=35 crc=0 rssi=-92 pairid=38988 txtag=72 st=0x00 addr=309562299 end=309564860 air_us=160 gap_us=1908
REC oseq=526 s0=0x11 len=55 crc=0 rssi=-92 pairid=38992 txtag=72 st=0x00 addr=309597453 end=309601294 air_us=240 gap_us=2037
REC oseq=527 s0=0x2d len=35 crc=0 rssi=-91 pairid=38988 txtag=72 st=0x00 addr=309666221 end=309668782 air_us=160 gap_us=4057
REC oseq=528 s0=0x21 len=55 crc=0 rssi=-90 pairid=38992 txtag=72 st=0x00 addr=309701374 end=309705215 air_us=240 gap_us=2037
REC oseq=529 s0=0x1e len=251 crc=1 rssi=-32 pairid=247 txtag=64 st=0x00 addr=310693525 end=310709910 air_us=1024 gap_us=61769
REC oseq=530 s0=0x1a len=250 crc=1 rssi=-53 pairid=246 txtag=64 st=0x00 addr=310711133 end=310727454 air_us=1020 gap_us=76
REC oseq=531 s0=0x12 len=239 crc=1 rssi=-32 pairid=235 txtag=64 st=0x00 addr=310728678 end=310744295 air_us=976 gap_us=76
REC oseq=532 s0=0x16 len=250 crc=1 rssi=-52 pairid=246 txtag=64 st=0x00 addr=310745517 end=310761838 air_us=1020 gap_us=76
REC oseq=533 s0=0x1e len=251 crc=1 rssi=-32 pairid=247 txtag=64 st=0x00 addr=310763062 end=310779447 air_us=1024 gap_us=76
REC oseq=534 s0=0x1a len=250 crc=1 rssi=-52 pairid=246 txtag=64 st=0x00 addr=310780669 end=310796990 air_us=1020 gap_us=76
REC oseq=535 s0=0x12 len=239 crc=1 rssi=-32 pairid=235 txtag=64 st=0x00 addr=310798215 end=310813832 air_us=976 gap_us=76
REC oseq=536 s0=0x16 len=250 crc=1 rssi=-53 pairid=246 txtag=64 st=0x00 addr=310815054 end=310831375 air_us=1020 gap_us=76
REC oseq=537 s0=0x1e len=251 crc=1 rssi=-31 pairid=247 txtag=64 st=0x00 addr=310832600 end=310848985 air_us=1024 gap_us=76
REC oseq=538 s0=0x1a len=250 crc=1 rssi=-52 pairid=246 txtag=64 st=0x00 addr=310850206 end=310866527 air_us=1020 gap_us=76
REC oseq=539 s0=0x12 len=239 crc=1 rssi=-32 pairid=235 txtag=64 st=0x00 addr=310867752 end=310883369 air_us=976 gap_us=76
REC oseq=540 s0=0x16 len=250 crc=1 rssi=-52 pairid=246 txtag=64 st=0x00 addr=310884590 end=310900911 air_us=1020 gap_us=76
REC oseq=541 s0=0x1e len=251 crc=1 rssi=-32 pairid=247 txtag=64 st=0x00 addr=310902136 end=310918521 air_us=1024 gap_us=76
REC oseq=542 s0=0x1a len=250 crc=0 rssi=-52 pairid=246 txtag=64 st=0x00 addr=310919743 end=310936064 air_us=1020 gap_us=76
REC oseq=543 s0=0x45 len=150 crc=0 rssi=-91 pairid=57951 txtag=61 st=0x00 addr=311624262 end=311634183 air_us=620 gap_us=43012
REC oseq=544 s0=0x12 len=251 crc=1 rssi=-32 pairid=247 txtag=64 st=0x00 addr=318613489 end=318629874 air_us=1024 gap_us=436206
REC oseq=545 s0=0x16 len=250 crc=1 rssi=-52 pairid=246 txtag=64 st=0x00 addr=318631092 end=318647413 air_us=1020 gap_us=76
REC oseq=546 s0=0x1e len=239 crc=1 rssi=-32 pairid=235 txtag=64 st=0x00 addr=318648641 end=318664258 air_us=976 gap_us=76
REC oseq=547 s0=0x1a len=250 crc=1 rssi=-53 pairid=246 txtag=64 st=0x00 addr=318665477 end=318681798 air_us=1020 gap_us=76
REC oseq=548 s0=0x12 len=251 crc=1 rssi=-32 pairid=247 txtag=64 st=0x00 addr=318683026 end=318699411 air_us=1024 gap_us=76
REC oseq=549 s0=0x16 len=250 crc=1 rssi=-52 pairid=246 txtag=64 st=0x00 addr=318700629 end=318716950 air_us=1020 gap_us=76
REC oseq=550 s0=0x1e len=239 crc=1 rssi=-31 pairid=235 txtag=64 st=0x00 addr=318718179 end=318733796 air_us=976 gap_us=76
REC oseq=551 s0=0x1a len=250 crc=1 rssi=-52 pairid=246 txtag=64 st=0x00 addr=318735014 end=318751335 air_us=1020 gap_us=76
REC oseq=552 s0=0x02 len=12 crc=1 rssi=-32 pairid=8 txtag=5 st=0x00 addr=318752563 end=318753652 air_us=68 gap_us=76
REC oseq=553 s0=0x16 len=250 crc=1 rssi=-52 pairid=246 txtag=64 st=0x00 addr=318754870 end=318771191 air_us=1020 gap_us=76
REC oseq=554 s0=0x0d len=0 crc=1 rssi=-32 pairid=246 txtag=64 st=0x00 addr=318772419 end=318772740 air_us=20 gap_us=76
REC oseq=555 s0=0x1a len=250 crc=1 rssi=-52 pairid=246 txtag=64 st=0x00 addr=318773958 end=318790279 air_us=1020 gap_us=76
REC oseq=556 s0=0x01 len=0 crc=1 rssi=-32 pairid=246 txtag=64 st=0x00 addr=318791508 end=318791829 air_us=20 gap_us=76
REC oseq=557 s0=0x16 len=250 crc=1 rssi=-52 pairid=246 txtag=64 st=0x00 addr=318793046 end=318809367 air_us=1020 gap_us=76
REC oseq=558 s0=0x0d len=0 crc=1 rssi=-32 pairid=246 txtag=64 st=0x00 addr=318810595 end=318810916 air_us=20 gap_us=76
REC oseq=559 s0=0x1a len=250 crc=1 rssi=-52 pairid=246 txtag=64 st=0x00 addr=318812134 end=318828455 air_us=1020 gap_us=76
REC oseq=560 s0=0x01 len=0 crc=1 rssi=-32 pairid=246 txtag=64 st=0x00 addr=318829684 end=318830005 air_us=20 gap_us=76
REC oseq=561 s0=0x16 len=250 crc=1 rssi=-52 pairid=246 txtag=64 st=0x00 addr=318831222 end=318847543 air_us=1020 gap_us=76
REC oseq=562 s0=0xad len=195 crc=0 rssi=-91 pairid=17230 txtag=226 st=0x00 addr=320123022 end=320135823 air_us=800 gap_us=79717
REC oseq=563 s0=0x21 len=183 crc=0 rssi=-91 pairid=38992 txtag=73 st=0x00 addr=320192558 end=320204591 air_us=752 gap_us=3545
REC oseq=564 s0=0x2d len=35 crc=0 rssi=-91 pairid=38988 txtag=72 st=0x00 addr=320226943 end=320229504 air_us=160 gap_us=1397
REC oseq=565 s0=0x25 len=55 crc=0 rssi=-91 pairid=38992 txtag=80 st=0x00 addr=320262094 end=320265935 air_us=240 gap_us=2036
REC oseq=566 s0=0x0d len=0 crc=1 rssi=-32 pairid=38992 txtag=80 st=0x00 addr=321253478 end=321253799 air_us=20 gap_us=61721
REC oseq=567 s0=0x1a len=250 crc=1 rssi=-52 pairid=246 txtag=64 st=0x00 addr=321255025 end=321271346 air_us=1020 gap_us=76
REC oseq=568 s0=0x01 len=0 crc=1 rssi=-32 pairid=246 txtag=64 st=0x00 addr=321272566 end=321272887 air_us=20 gap_us=76
REC oseq=569 s0=0x16 len=250 crc=1 rssi=-52 pairid=246 txtag=64 st=0x00 addr=321274113 end=321290434 air_us=1020 gap_us=76
REC oseq=570 s0=0x0d len=0 crc=1 rssi=-32 pairid=246 txtag=64 st=0x00 addr=321291655 end=321291976 air_us=20 gap_us=76
REC oseq=571 s0=0x1a len=250 crc=1 rssi=-52 pairid=246 txtag=64 st=0x00 addr=321293201 end=321309522 air_us=1020 gap_us=76
REC oseq=572 s0=0x01 len=0 crc=1 rssi=-32 pairid=246 txtag=64 st=0x00 addr=321310743 end=321311064 air_us=20 gap_us=76
REC oseq=573 s0=0x16 len=250 crc=1 rssi=-53 pairid=246 txtag=64 st=0x00 addr=321312290 end=321328611 air_us=1020 gap_us=76
REC oseq=574 s0=0x0d len=0 crc=1 rssi=-32 pairid=246 txtag=64 st=0x00 addr=321329831 end=321330152 air_us=20 gap_us=76
REC oseq=575 s0=0x1a len=250 crc=1 rssi=-52 pairid=246 txtag=64 st=0x00 addr=321331378 end=321347699 air_us=1020 gap_us=76
REC oseq=576 s0=0x01 len=0 crc=1 rssi=-32 pairid=246 txtag=64 st=0x00 addr=321348919 end=321349240 air_us=20 gap_us=76
REC oseq=577 s0=0x16 len=250 crc=1 rssi=-52 pairid=246 txtag=64 st=0x00 addr=321350466 end=321366787 air_us=1020 gap_us=76
REC oseq=578 s0=0x0d len=0 crc=1 rssi=-32 pairid=246 txtag=64 st=0x00 addr=321368008 end=321368329 air_us=20 gap_us=76
REC oseq=579 s0=0x1a len=250 crc=1 rssi=-52 pairid=246 txtag=64 st=0x00 addr=321369554 end=321385875 air_us=1020 gap_us=76
REC oseq=580 s0=0x01 len=0 crc=1 rssi=-32 pairid=246 txtag=64 st=0x00 addr=321387096 end=321387417 air_us=20 gap_us=76
REC oseq=581 s0=0x16 len=250 crc=1 rssi=-53 pairid=246 txtag=64 st=0x00 addr=321388642 end=321404963 air_us=1020 gap_us=76
REC oseq=582 s0=0x0d len=0 crc=1 rssi=-32 pairid=246 txtag=64 st=0x00 addr=321406184 end=321406505 air_us=20 gap_us=76
REC oseq=583 s0=0x1a len=250 crc=1 rssi=-52 pairid=246 txtag=64 st=0x00 addr=321407730 end=321424051 air_us=1020 gap_us=76
REC oseq=584 s0=0x01 len=0 crc=1 rssi=-32 pairid=246 txtag=64 st=0x00 addr=321425273 end=321425594 air_us=20 gap_us=76
REC oseq=585 s0=0x16 len=250 crc=1 rssi=-52 pairid=246 txtag=64 st=0x00 addr=321426819 end=321443140 air_us=1020 gap_us=76
REC oseq=586 s0=0x0d len=0 crc=1 rssi=-32 pairid=246 txtag=64 st=0x00 addr=321444361 end=321444682 air_us=20 gap_us=76
REC oseq=587 s0=0x1a len=250 crc=1 rssi=-52 pairid=246 txtag=64 st=0x00 addr=321445907 end=321462228 air_us=1020 gap_us=76
REC oseq=588 s0=0x01 len=0 crc=1 rssi=-32 pairid=246 txtag=64 st=0x00 addr=321463449 end=321463770 air_us=20 gap_us=76
REC oseq=589 s0=0x16 len=250 crc=1 rssi=-52 pairid=246 txtag=64 st=0x00 addr=321464995 end=321481316 air_us=1020 gap_us=76
REC oseq=590 s0=0x0d len=0 crc=1 rssi=-32 pairid=246 txtag=64 st=0x00 addr=321482537 end=321482858 air_us=20 gap_us=76
REC oseq=591 s0=0x1a len=250 crc=0 rssi=-52 pairid=246 txtag=64 st=0x00 addr=321484083 end=321500404 air_us=1020 gap_us=76
REC oseq=592 s0=0x9d len=85 crc=0 rssi=-91 pairid=1311 txtag=0 st=0x00 addr=326053457 end=326059218 air_us=360 gap_us=284565
REC oseq=593 s0=0x82 len=161 crc=0 rssi=-92 pairid=6687 txtag=69 st=0x00 addr=326227682 end=326238307 air_us=664 gap_us=10529
REC oseq=594 s0=0x2d len=183 crc=0 rssi=-92 pairid=38992 txtag=72 st=0x00 addr=327973449 end=327985482 air_us=752 gap_us=108446
REC oseq=595 s0=0x21 len=35 crc=0 rssi=-92 pairid=38988 txtag=72 st=0x00 addr=328007833 end=328010394 air_us=160 gap_us=1396
REC oseq=596 s0=0x2d len=55 crc=0 rssi=-91 pairid=38992 txtag=72 st=0x00 addr=328042986 end=328046827 air_us=240 gap_us=2037
REC oseq=597 s0=0x2d len=55 crc=0 rssi=-91 pairid=55376 txtag=72 st=0x00 addr=328112522 end=328116363 air_us=240 gap_us=4105
REC oseq=598 s0=0x21 len=163 crc=0 rssi=-91 pairid=38988 txtag=80 st=0x00 addr=328146909 end=328157662 air_us=672 gap_us=1909
REC oseq=599 s0=0x25 len=55 crc=0 rssi=-92 pairid=38992 txtag=72 st=0x00 addr=328182059 end=328185900 air_us=240 gap_us=1524
REC oseq=600 s0=0x32 len=216 crc=0 rssi=-90 pairid=33276 txtag=212 st=0x00 addr=328933444 end=328947589 air_us=884 gap_us=46721
REC oseq=601 s0=0x3e len=216 crc=0 rssi=-90 pairid=35465 txtag=214 st=0x00 addr=328952531 end=328966676 air_us=884 gap_us=308
REC oseq=602 s0=0x32 len=216 crc=0 rssi=-90 pairid=33276 txtag=214 st=0x00 addr=328971620 end=328985765 air_us=884 gap_us=309
REC oseq=603 s0=0x3b len=212 crc=0 rssi=-91 pairid=39091 txtag=12 st=0x00 addr=328990708 end=329004597 air_us=868 gap_us=308
REC oseq=604 s0=0x32 len=216 crc=0 rssi=-91 pairid=33276 txtag=206 st=0x00 addr=329010564 end=329024709 air_us=884 gap_us=372
REC oseq=605 s0=0x3e len=216 crc=0 rssi=-91 pairid=35465 txtag=214 st=0x00 addr=329106005 end=329120150 air_us=884 gap_us=5081
REC oseq=606 s0=0x32 len=216 crc=0 rssi=-90 pairid=49660 txtag=214 st=0x00 addr=329125094 end=329139239 air_us=884 gap_us=309
REC oseq=607 s0=0x32 len=216 crc=0 rssi=-90 pairid=33277 txtag=212 st=0x00 addr=329163269 end=329177414 air_us=884 gap_us=1501
REC oseq=608 s0=0x21 len=35 crc=0 rssi=-91 pairid=55372 txtag=72 st=0x00 addr=333493422 end=333495983 air_us=160 gap_us=269750
REC oseq=609 s0=0x21 len=227 crc=0 rssi=-90 pairid=38988 txtag=72 st=0x00 addr=333562960 end=333577809 air_us=928 gap_us=4186
REC oseq=610 s0=0x25 len=183 crc=0 rssi=-91 pairid=38992 txtag=72 st=0x00 addr=333598112 end=333610145 air_us=752 gap_us=1268
REC oseq=611 s0=0x21 len=35 crc=0 rssi=-91 pairid=38988 txtag=72 st=0x00 addr=333632496 end=333635057 air_us=160 gap_us=1396
REC oseq=612 s0=0x2d len=55 crc=0 rssi=-91 pairid=38992 txtag=72 st=0x00 addr=333667649 end=333671490 air_us=240 gap_us=2037
REC oseq=613 s0=0x31 len=212 crc=0 rssi=-90 pairid=39091 txtag=140 st=0x00 addr=333702033 end=333715922 air_us=868 gap_us=1908
REC oseq=614 s0=0x3e len=216 crc=0 rssi=-90 pairid=35465 txtag=214 st=0x00 addr=333721888 end=333736033 air_us=884 gap_us=372
REC oseq=615 s0=0x82 len=165 crc=0 rssi=-91 pairid=196 txtag=158 st=0x00 addr=334030685 end=334041566 air_us=680 gap_us=18415
REC oseq=616 s0=0x8e len=173 crc=0 rssi=-91 pairid=50625 txtag=158 st=0x00 addr=334164303 end=334175696 air_us=712 gap_us=7671
REC oseq=617 s0=0x8e len=175 crc=0 rssi=-92 pairid=39012 txtag=158 st=0x00 addr=334202481 end=334214002 air_us=720 gap_us=1674
REC oseq=618 s0=0x12 len=239 crc=1 rssi=-32 pairid=235 txtag=64 st=0x00 addr=335893411 end=335909028 air_us=976 gap_us=104963
REC oseq=619 s0=0x16 len=250 crc=1 rssi=-52 pairid=246 txtag=64 st=0x00 addr=335910251 end=335926572 air_us=1020 gap_us=76
REC oseq=620 s0=0x1e len=251 crc=1 rssi=-32 pairid=247 txtag=64 st=0x00 addr=335927796 end=335944181 air_us=1024 gap_us=76
REC oseq=621 s0=0x1a len=250 crc=1 rssi=-52 pairid=246 txtag=64 st=0x00 addr=335945403 end=335961724 air_us=1020 gap_us=76
REC oseq=622 s0=0x12 len=239 crc=1 rssi=-32 pairid=235 txtag=64 st=0x00 addr=335962948 end=335978565 air_us=976 gap_us=76
REC oseq=623 s0=0x16 len=250 crc=1 rssi=-52 pairid=246 txtag=64 st=0x00 addr=335979787 end=335996108 air_us=1020 gap_us=76
REC oseq=624 s0=0x1e len=251 crc=1 rssi=-32 pairid=247 txtag=64 st=0x00 addr=335997333 end=336013718 air_us=1024 gap_us=76
REC oseq=625 s0=0x1a len=250 crc=1 rssi=-52 pairid=246 txtag=64 st=0x00 addr=336014939 end=336031260 air_us=1020 gap_us=76
REC oseq=626 s0=0x12 len=239 crc=1 rssi=-32 pairid=235 txtag=64 st=0x00 addr=336032485 end=336048102 air_us=976 gap_us=76
REC oseq=627 s0=0x16 len=250 crc=1 rssi=-52 pairid=246 txtag=64 st=0x00 addr=336049324 end=336065645 air_us=1020 gap_us=76
REC oseq=628 s0=0x1e len=251 crc=1 rssi=-32 pairid=247 txtag=64 st=0x00 addr=336066870 end=336083255 air_us=1024 gap_us=76
REC oseq=629 s0=0x1a len=250 crc=1 rssi=-52 pairid=246 txtag=64 st=0x00 addr=336084476 end=336100797 air_us=1020 gap_us=76
REC oseq=630 s0=0x12 len=239 crc=1 rssi=-32 pairid=235 txtag=64 st=0x00 addr=336102022 end=336117639 air_us=976 gap_us=76
REC oseq=631 s0=0x16 len=250 crc=0 rssi=-53 pairid=246 txtag=64 st=0x00 addr=336118860 end=336135181 air_us=1020 gap_us=76
REC oseq=632 s0=0x8e len=45 crc=0 rssi=-91 pairid=43955 txtag=158 st=0x00 addr=336613409 end=336616610 air_us=200 gap_us=29889
REC oseq=633 s0=0x82 len=173 crc=0 rssi=-91 pairid=5791 txtag=134 st=0x00 addr=336708850 end=336720243 air_us=712 gap_us=5765
REC oseq=634 s0=0x8e len=173 crc=0 rssi=-91 pairid=42935 txtag=158 st=0x00 addr=336727939 end=336739332 air_us=712 gap_us=481
REC oseq=635 s0=0x2d len=35 crc=0 rssi=-91 pairid=38988 txtag=72 st=0x00 addr=345973366 end=345975927 air_us=160 gap_us=577127
REC oseq=636 s0=0x21 len=55 crc=0 rssi=-92 pairid=38992 txtag=72 st=0x00 addr=346008519 end=346012360 air_us=240 gap_us=2037
REC oseq=637 s0=0x21 len=55 crc=0 rssi=-93 pairid=55376 txtag=72 st=0x00 addr=346078055 end=346081896 air_us=240 gap_us=4105
REC oseq=638 s0=0x21 len=55 crc=0 rssi=-91 pairid=38992 txtag=64 st=0x00 addr=346112441 end=346116282 air_us=240 gap_us=1909
REC oseq=639 s0=0x2d len=35 crc=0 rssi=-92 pairid=38988 txtag=80 st=0x00 addr=346146825 end=346149386 air_us=160 gap_us=1908
REC oseq=640 s0=0x21 len=55 crc=0 rssi=-91 pairid=38992 txtag=72 st=0x00 addr=346181976 end=346185817 air_us=240 gap_us=2036
REC oseq=641 s0=0x45 len=151 crc=0 rssi=-92 pairid=21107 txtag=61 st=0x00 addr=346441833 end=346451818 air_us=624 gap_us=16001
REC oseq=642 s0=0xd6 len=123 crc=0 rssi=-91 pairid=64142 txtag=163 st=0x00 addr=348307582 end=348315775 air_us=512 gap_us=115985
REC oseq=643 s0=0x66 len=124 crc=0 rssi=-91 pairid=63644 txtag=171 st=0x00 addr=349162888 end=349171145 air_us=516 gap_us=52944
REC oseq=644 s0=0x12 len=251 crc=1 rssi=-32 pairid=247 txtag=64 st=0x00 addr=352693335 end=352709720 air_us=1024 gap_us=220136
REC oseq=645 s0=0x16 len=250 crc=0 rssi=-52 pairid=246 txtag=64 st=0x00 addr=352710947 end=352727268 air_us=1020 gap_us=76
REC oseq=646 s0=0x12 len=251 crc=1 rssi=-32 pairid=247 txtag=64 st=0x00 addr=352728488 end=352744873 air_us=1024 gap_us=76
REC oseq=647 s0=0x16 len=250 crc=1 rssi=-52 pairid=246 txtag=64 st=0x00 addr=352746100 end=352762421 air_us=1020 gap_us=76
REC oseq=648 s0=0x1e len=239 crc=1 rssi=-32 pairid=235 txtag=64 st=0x00 addr=352763640 end=352779257 air_us=976 gap_us=76
REC oseq=649 s0=0x1a len=250 crc=1 rssi=-52 pairid=246 txtag=64 st=0x00 addr=352780484 end=352796805 air_us=1020 gap_us=76
REC oseq=650 s0=0x12 len=251 crc=1 rssi=-32 pairid=247 txtag=64 st=0x00 addr=352798024 end=352814409 air_us=1024 gap_us=76
REC oseq=651 s0=0x16 len=250 crc=1 rssi=-52 pairid=246 txtag=64 st=0x00 addr=352815636 end=352831957 air_us=1020 gap_us=76
REC oseq=652 s0=0x1e len=239 crc=1 rssi=-31 pairid=235 txtag=64 st=0x00 addr=352833177 end=352848794 air_us=976 gap_us=76
REC oseq=653 s0=0x1a len=250 crc=1 rssi=-52 pairid=246 txtag=64 st=0x00 addr=352850020 end=352866341 air_us=1020 gap_us=76
REC oseq=654 s0=0x12 len=251 crc=1 rssi=-32 pairid=247 txtag=64 st=0x00 addr=352867561 end=352883946 air_us=1024 gap_us=76
REC oseq=655 s0=0x16 len=250 crc=1 rssi=-52 pairid=246 txtag=64 st=0x00 addr=352885173 end=352901494 air_us=1020 gap_us=76
REC oseq=656 s0=0x1e len=239 crc=1 rssi=-32 pairid=235 txtag=64 st=0x00 addr=352902714 end=352918331 air_us=976 gap_us=76
REC oseq=657 s0=0x1a len=250 crc=0 rssi=-52 pairid=246 txtag=64 st=0x00 addr=352919557 end=352935878 air_us=1020 gap_us=76
REC oseq=658 s0=0x3e len=216 crc=0 rssi=-92 pairid=35465 txtag=198 st=0x00 addr=354392417 end=354406562 air_us=884 gap_us=91033
REC oseq=659 s0=0x3e len=216 crc=0 rssi=-91 pairid=35464 txtag=214 st=0x00 addr=354411504 end=354425649 air_us=884 gap_us=308
REC oseq=660 s0=0x32 len=212 crc=0 rssi=-89 pairid=33276 txtag=214 st=0x00 addr=354430593 end=354444482 air_us=868 gap_us=309
REC oseq=661 s0=0x3e len=216 crc=0 rssi=-91 pairid=35465 txtag=206 st=0x00 addr=354449682 end=354463827 air_us=884 gap_us=325
REC oseq=662 s0=0x32 len=216 crc=0 rssi=-90 pairid=33277 txtag=214 st=0x00 addr=354468769 end=354482914 air_us=884 gap_us=308
REC oseq=663 s0=0x3e len=216 crc=0 rssi=-90 pairid=35465 txtag=214 st=0x00 addr=354487858 end=354502003 air_us=884 gap_us=309
REC oseq=664 s0=0x3e len=216 crc=0 rssi=-91 pairid=51849 txtag=214 st=0x00 addr=354506945 end=354521090 air_us=884 gap_us=308
REC oseq=665 s0=0x32 len=216 crc=0 rssi=-91 pairid=33276 txtag=206 st=0x00 addr=354526035 end=354540180 air_us=884 gap_us=309
REC oseq=666 s0=0x3e len=216 crc=0 rssi=-90 pairid=35464 txtag=214 st=0x00 addr=354583299 end=354597444 air_us=884 gap_us=2694
REC oseq=667 s0=0x2a len=216 crc=0 rssi=-90 pairid=33277 txtag=214 st=0x00 addr=354613327 end=354627472 air_us=884 gap_us=992
REC oseq=668 s0=0x32 len=216 crc=0 rssi=-90 pairid=49660 txtag=214 st=0x00 addr=354632417 end=354646562 air_us=884 gap_us=309
REC oseq=669 s0=0x1e len=251 crc=1 rssi=-32 pairid=247 txtag=64 st=0x00 addr=356293319 end=356309704 air_us=1024 gap_us=102922
REC oseq=670 s0=0x1a len=250 crc=1 rssi=-52 pairid=246 txtag=64 st=0x00 addr=356310921 end=356327242 air_us=1020 gap_us=76
REC oseq=671 s0=0x12 len=239 crc=1 rssi=-32 pairid=235 txtag=64 st=0x00 addr=356328472 end=356344089 air_us=976 gap_us=76
REC oseq=672 s0=0x16 len=250 crc=1 rssi=-52 pairid=246 txtag=64 st=0x00 addr=356345305 end=356361626 air_us=1020 gap_us=76
REC oseq=673 s0=0x1e len=251 crc=1 rssi=-32 pairid=247 txtag=64 st=0x00 addr=356362856 end=356379241 air_us=1024 gap_us=76
REC oseq=674 s0=0x1a len=250 crc=1 rssi=-52 pairid=246 txtag=64 st=0x00 addr=356380458 end=356396779 air_us=1020 gap_us=76
REC oseq=675 s0=0x12 len=239 crc=1 rssi=-32 pairid=235 txtag=64 st=0x00 addr=356398008 end=356413625 air_us=976 gap_us=76
REC oseq=676 s0=0x16 len=250 crc=1 rssi=-52 pairid=246 txtag=64 st=0x00 addr=356414842 end=356431163 air_us=1020 gap_us=76
REC oseq=677 s0=0x1e len=251 crc=1 rssi=-32 pairid=247 txtag=64 st=0x00 addr=356432393 end=356448778 air_us=1024 gap_us=76
REC oseq=678 s0=0x1a len=250 crc=1 rssi=-52 pairid=246 txtag=64 st=0x00 addr=356449995 end=356466316 air_us=1020 gap_us=76
REC oseq=679 s0=0x12 len=239 crc=1 rssi=-32 pairid=235 txtag=64 st=0x00 addr=356467545 end=356483162 air_us=976 gap_us=76
REC oseq=680 s0=0x16 len=250 crc=1 rssi=-52 pairid=246 txtag=64 st=0x00 addr=356484379 end=356500700 air_us=1020 gap_us=76
REC oseq=681 s0=0x1e len=251 crc=1 rssi=-32 pairid=247 txtag=64 st=0x00 addr=356501930 end=356518315 air_us=1024 gap_us=76
REC oseq=682 s0=0x1a len=250 crc=0 rssi=-52 pairid=246 txtag=64 st=0x00 addr=356519531 end=356535852 air_us=1020 gap_us=76
REC oseq=683 s0=0x01 len=0 crc=1 rssi=-32 pairid=246 txtag=64 st=0x00 addr=357493313 end=357493634 air_us=20 gap_us=59841
REC oseq=684 s0=0x16 len=250 crc=1 rssi=-52 pairid=246 txtag=64 st=0x00 addr=357494864 end=357511185 air_us=1020 gap_us=76
REC oseq=685 s0=0x0d len=0 crc=1 rssi=-32 pairid=246 txtag=64 st=0x00 addr=357512402 end=357512723 air_us=20 gap_us=76
REC oseq=686 s0=0x1a len=250 crc=1 rssi=-52 pairid=246 txtag=64 st=0x00 addr=357513952 end=357530273 air_us=1020 gap_us=76
REC oseq=687 s0=0x01 len=0 crc=1 rssi=-32 pairid=246 txtag=64 st=0x00 addr=357531490 end=357531811 air_us=20 gap_us=76
REC oseq=688 s0=0x16 len=250 crc=1 rssi=-52 pairid=246 txtag=64 st=0x00 addr=357533041 end=357549362 air_us=1020 gap_us=76
REC oseq=689 s0=0x0d len=0 crc=1 rssi=-32 pairid=246 txtag=64 st=0x00 addr=357550578 end=357550899 air_us=20 gap_us=76
REC oseq=690 s0=0x1a len=250 crc=1 rssi=-52 pairid=246 txtag=64 st=0x00 addr=357552129 end=357568450 air_us=1020 gap_us=76
REC oseq=691 s0=0x01 len=0 crc=1 rssi=-32 pairid=246 txtag=64 st=0x00 addr=357569666 end=357569987 air_us=20 gap_us=76
REC oseq=692 s0=0x16 len=250 crc=1 rssi=-53 pairid=246 txtag=64 st=0x00 addr=357571217 end=357587538 air_us=1020 gap_us=76
REC oseq=693 s0=0x0d len=0 crc=1 rssi=-32 pairid=246 txtag=64 st=0x00 addr=357588755 end=357589076 air_us=20 gap_us=76
REC oseq=694 s0=0x1a len=250 crc=1 rssi=-52 pairid=246 txtag=64 st=0x00 addr=357590305 end=357606626 air_us=1020 gap_us=76
REC oseq=695 s0=0x01 len=0 crc=1 rssi=-32 pairid=246 txtag=64 st=0x00 addr=357607843 end=357608164 air_us=20 gap_us=76
REC oseq=696 s0=0x16 len=250 crc=1 rssi=-52 pairid=246 txtag=64 st=0x00 addr=357609393 end=357625714 air_us=1020 gap_us=76
REC oseq=697 s0=0x0d len=0 crc=1 rssi=-32 pairid=246 txtag=64 st=0x00 addr=357626931 end=357627252 air_us=20 gap_us=76
REC oseq=698 s0=0x1a len=250 crc=1 rssi=-52 pairid=246 txtag=64 st=0x00 addr=357628481 end=357644802 air_us=1020 gap_us=76
REC oseq=699 s0=0x01 len=0 crc=1 rssi=-32 pairid=246 txtag=64 st=0x00 addr=357646019 end=357646340 air_us=20 gap_us=76
REC oseq=700 s0=0x16 len=250 crc=1 rssi=-52 pairid=246 txtag=64 st=0x00 addr=357647570 end=357663891 air_us=1020 gap_us=76
REC oseq=701 s0=0x0d len=0 crc=1 rssi=-32 pairid=246 txtag=64 st=0x00 addr=357665107 end=357665428 air_us=20 gap_us=76
REC oseq=702 s0=0x1a len=250 crc=1 rssi=-52 pairid=246 txtag=64 st=0x00 addr=357666658 end=357682979 air_us=1020 gap_us=76
REC oseq=703 s0=0x01 len=0 crc=1 rssi=-32 pairid=246 txtag=64 st=0x00 addr=357684196 end=357684517 air_us=20 gap_us=76
REC oseq=704 s0=0x16 len=250 crc=1 rssi=-52 pairid=246 txtag=64 st=0x00 addr=357685746 end=357702067 air_us=1020 gap_us=76
REC oseq=705 s0=0x0d len=0 crc=1 rssi=-32 pairid=246 txtag=64 st=0x00 addr=357703284 end=357703605 air_us=20 gap_us=76
REC oseq=706 s0=0x1a len=250 crc=1 rssi=-52 pairid=246 txtag=64 st=0x00 addr=357704834 end=357721155 air_us=1020 gap_us=76
REC oseq=707 s0=0x01 len=0 crc=1 rssi=-32 pairid=246 txtag=64 st=0x00 addr=357722373 end=357722694 air_us=20 gap_us=76
REC oseq=708 s0=0x16 len=250 crc=0 rssi=-52 pairid=246 txtag=64 st=0x00 addr=357723922 end=357740243 air_us=1020 gap_us=76
REC oseq=709 s0=0x91 len=66 crc=0 rssi=-91 pairid=52674 txtag=0 st=0x00 addr=359413307 end=359417852 air_us=284 gap_us=104566
REC oseq=710 s0=0x9d len=86 crc=0 rssi=-90 pairid=51580 txtag=0 st=0x00 addr=360821909 end=360827734 air_us=364 gap_us=87753
REC oseq=711 s0=0x1e len=251 crc=1 rssi=-32 pairid=247 txtag=64 st=0x00 addr=361093297 end=361109682 air_us=1024 gap_us=16597
REC oseq=712 s0=0x1a len=250 crc=1 rssi=-52 pairid=246 txtag=64 st=0x00 addr=361110904 end=361127225 air_us=1020 gap_us=76
REC oseq=713 s0=0x12 len=239 crc=1 rssi=-32 pairid=235 txtag=64 st=0x00 addr=361128450 end=361144067 air_us=976 gap_us=76
REC oseq=714 s0=0x16 len=250 crc=1 rssi=-52 pairid=246 txtag=64 st=0x00 addr=361145289 end=361161610 air_us=1020 gap_us=76
REC oseq=715 s0=0x1e len=251 crc=1 rssi=-32 pairid=247 txtag=64 st=0x00 addr=361162834 end=361179219 air_us=1024 gap_us=76
REC oseq=716 s0=0x1a len=250 crc=1 rssi=-52 pairid=246 txtag=64 st=0x00 addr=361180441 end=361196762 air_us=1020 gap_us=76
REC oseq=717 s0=0x12 len=239 crc=1 rssi=-32 pairid=235 txtag=64 st=0x00 addr=361197987 end=361213604 air_us=976 gap_us=76
REC oseq=718 s0=0x16 len=250 crc=1 rssi=-53 pairid=246 txtag=64 st=0x00 addr=361214825 end=361231146 air_us=1020 gap_us=76
REC oseq=719 s0=0x1e len=251 crc=1 rssi=-31 pairid=247 txtag=64 st=0x00 addr=361232371 end=361248756 air_us=1024 gap_us=76
REC oseq=720 s0=0x1a len=250 crc=1 rssi=-52 pairid=246 txtag=64 st=0x00 addr=361249977 end=361266298 air_us=1020 gap_us=76
REC oseq=721 s0=0x12 len=239 crc=1 rssi=-32 pairid=235 txtag=64 st=0x00 addr=361267523 end=361283140 air_us=976 gap_us=76
REC oseq=722 s0=0x16 len=250 crc=1 rssi=-52 pairid=246 txtag=64 st=0x00 addr=361284362 end=361300683 air_us=1020 gap_us=76
REC oseq=723 s0=0x1e len=251 crc=1 rssi=-32 pairid=247 txtag=64 st=0x00 addr=361301908 end=361318293 air_us=1024 gap_us=76
REC oseq=724 s0=0x1a len=250 crc=0 rssi=-52 pairid=246 txtag=64 st=0x00 addr=361319514 end=361335835 air_us=1020 gap_us=76
REC oseq=725 s0=0x9d len=67 crc=0 rssi=-92 pairid=50614 txtag=0 st=0x00 addr=363013289 end=363017898 air_us=288 gap_us=104840
REC oseq=726 s0=0x91 len=207 crc=0 rssi=-92 pairid=4062 txtag=0 st=0x00 addr=363047658 end=363061227 air_us=848 gap_us=1860
REC oseq=727 s0=0x9d len=194 crc=0 rssi=-92 pairid=35426 txtag=12 st=0x00 addr=363082795 end=363095532 air_us=796 gap_us=1348
REC oseq=728 s0=0x92 len=81 crc=0 rssi=-92 pairid=65358 txtag=0 st=0x00 addr=363186667 end=363192172 air_us=344 gap_us=5695
REC oseq=729 s0=0x9e len=173 crc=0 rssi=-92 pairid=206 txtag=158 st=0x00 addr=364952368 end=364963761 air_us=712 gap_us=110012
REC oseq=730 s0=0x8e len=45 crc=0 rssi=-91 pairid=50154 txtag=158 st=0x00 addr=365028723 end=365031924 air_us=200 gap_us=4060
REC oseq=731 s0=0x8e len=173 crc=0 rssi=-91 pairid=37857 txtag=158 st=0x00 addr=365066899 end=365078292 air_us=712 gap_us=2185
REC oseq=732 s0=0x82 len=141 crc=0 rssi=-91 pairid=204 txtag=22 st=0x00 addr=365085986 end=365095331 air_us=584 gap_us=480
REC oseq=733 s0=0x82 len=173 crc=0 rssi=-92 pairid=37068 txtag=94 st=0x00 addr=365162339 end=365173732 air_us=712 gap_us=4188
REC oseq=734 s0=0x45 len=150 crc=0 rssi=-92 pairid=53863 txtag=61 st=0x00 addr=365192368 end=365202289 air_us=620 gap_us=1164
REC oseq=735 s0=0x9f len=214 crc=0 rssi=-92 pairid=51957 txtag=0 st=0x00 addr=365893276 end=365907293 air_us=876 gap_us=43186
REC oseq=736 s0=0x9c len=85 crc=0 rssi=-91 pairid=43348 txtag=0 st=0x00 addr=365962813 end=365968574 air_us=360 gap_us=3470
REC oseq=737 s0=0x0d len=0 crc=1 rssi=-32 pairid=43348 txtag=0 st=0x00 addr=367333269 end=367333590 air_us=20 gap_us=85293
REC oseq=738 s0=0x1a len=250 crc=0 rssi=-52 pairid=246 txtag=64 st=0x00 addr=367334810 end=367351131 air_us=1020 gap_us=76
REC oseq=739 s0=0x0d len=0 crc=1 rssi=-32 pairid=246 txtag=64 st=0x00 addr=367352357 end=367352678 air_us=20 gap_us=76
REC oseq=740 s0=0x1a len=250 crc=0 rssi=-52 pairid=246 txtag=64 st=0x00 addr=367353899 end=367370220 air_us=1020 gap_us=76
REC oseq=741 s0=0x1e len=239 crc=1 rssi=-32 pairid=235 txtag=64 st=0x00 addr=368773262 end=368788879 air_us=976 gap_us=87690
REC oseq=742 s0=0x1a len=250 crc=1 rssi=-52 pairid=246 txtag=64 st=0x00 addr=368790097 end=368806418 air_us=1020 gap_us=76
REC oseq=743 s0=0x12 len=251 crc=1 rssi=-32 pairid=247 txtag=64 st=0x00 addr=368807646 end=368824031 air_us=1024 gap_us=76
REC oseq=744 s0=0x16 len=250 crc=1 rssi=-52 pairid=246 txtag=64 st=0x00 addr=368825250 end=368841571 air_us=1020 gap_us=76
REC oseq=745 s0=0x1e len=239 crc=1 rssi=-32 pairid=235 txtag=64 st=0x00 addr=368842799 end=368858416 air_us=976 gap_us=76
REC oseq=746 s0=0x1a len=250 crc=1 rssi=-52 pairid=246 txtag=64 st=0x00 addr=368859634 end=368875955 air_us=1020 gap_us=76
REC oseq=747 s0=0x12 len=251 crc=1 rssi=-32 pairid=247 txtag=64 st=0x00 addr=368877183 end=368893568 air_us=1024 gap_us=76
REC oseq=748 s0=0x16 len=250 crc=1 rssi=-52 pairid=246 txtag=64 st=0x00 addr=368894786 end=368911107 air_us=1020 gap_us=76
REC oseq=749 s0=0x1e len=239 crc=1 rssi=-31 pairid=235 txtag=64 st=0x00 addr=368912336 end=368927953 air_us=976 gap_us=76
REC oseq=750 s0=0x1a len=250 crc=1 rssi=-52 pairid=246 txtag=64 st=0x00 addr=368929170 end=368945491 air_us=1020 gap_us=76
REC oseq=751 s0=0x12 len=251 crc=1 rssi=-32 pairid=247 txtag=64 st=0x00 addr=368946721 end=368963106 air_us=1024 gap_us=76
REC oseq=752 s0=0x16 len=250 crc=1 rssi=-52 pairid=246 txtag=64 st=0x00 addr=368964323 end=368980644 air_us=1020 gap_us=76
REC oseq=753 s0=0x1e len=239 crc=1 rssi=-32 pairid=235 txtag=64 st=0x00 addr=368981873 end=368997490 air_us=976 gap_us=76
REC oseq=754 s0=0x1a len=250 crc=0 rssi=-52 pairid=246 txtag=64 st=0x00 addr=368998707 end=369015028 air_us=1020 gap_us=76
REC oseq=755 s0=0x1e len=251 crc=1 rssi=-32 pairid=247 txtag=64 st=0x00 addr=370693253 end=370709638 air_us=1024 gap_us=104889
REC oseq=756 s0=0x1a len=250 crc=1 rssi=-52 pairid=246 txtag=64 st=0x00 addr=370710867 end=370727188 air_us=1020 gap_us=76
REC oseq=757 s0=0x12 len=239 crc=1 rssi=-32 pairid=235 txtag=64 st=0x00 addr=370728406 end=370744023 air_us=976 gap_us=76
REC oseq=758 s0=0x16 len=250 crc=1 rssi=-52 pairid=246 txtag=64 st=0x00 addr=370745252 end=370761573 air_us=1020 gap_us=76
REC oseq=759 s0=0x1e len=251 crc=1 rssi=-31 pairid=247 txtag=64 st=0x00 addr=370762790 end=370779175 air_us=1024 gap_us=76
REC oseq=760 s0=0x1a len=250 crc=1 rssi=-52 pairid=246 txtag=64 st=0x00 addr=370780404 end=370796725 air_us=1020 gap_us=76
REC oseq=761 s0=0x12 len=239 crc=1 rssi=-32 pairid=235 txtag=64 st=0x00 addr=370797943 end=370813560 air_us=976 gap_us=76
REC oseq=762 s0=0x16 len=250 crc=1 rssi=-52 pairid=246 txtag=64 st=0x00 addr=370814788 end=370831109 air_us=1020 gap_us=76
REC oseq=763 s0=0x1e len=251 crc=1 rssi=-32 pairid=247 txtag=64 st=0x00 addr=370832327 end=370848712 air_us=1024 gap_us=76
REC oseq=764 s0=0x1a len=250 crc=1 rssi=-53 pairid=246 txtag=64 st=0x00 addr=370849941 end=370866262 air_us=1020 gap_us=76
REC oseq=765 s0=0x12 len=239 crc=1 rssi=-32 pairid=235 txtag=64 st=0x00 addr=370867479 end=370883096 air_us=976 gap_us=76
REC oseq=766 s0=0x16 len=250 crc=1 rssi=-52 pairid=246 txtag=64 st=0x00 addr=370884325 end=370900646 air_us=1020 gap_us=76
REC oseq=767 s0=0x1e len=251 crc=1 rssi=-31 pairid=247 txtag=64 st=0x00 addr=370901864 end=370918249 air_us=1024 gap_us=76
REC oseq=768 s0=0x1a len=250 crc=0 rssi=-52 pairid=246 txtag=64 st=0x00 addr=370919477 end=370935798 air_us=1020 gap_us=76
REC oseq=769 s0=0x2a len=35 crc=0 rssi=-91 pairid=38988 txtag=80 st=0x00 addr=376213229 end=376215790 air_us=160 gap_us=329839
REC oseq=770 s0=0x21 len=55 crc=0 rssi=-91 pairid=38992 txtag=72 st=0x00 addr=376248366 end=376252207 air_us=240 gap_us=2036
REC oseq=771 s0=0x2d len=35 crc=0 rssi=-92 pairid=55372 txtag=72 st=0x00 addr=376282750 end=376285311 air_us=160 gap_us=1908
REC oseq=772 s0=0x21 len=183 crc=0 rssi=-91 pairid=38992 txtag=72 st=0x00 addr=376317903 end=376329936 air_us=752 gap_us=2037
REC oseq=773 s0=0x2d len=35 crc=0 rssi=-91 pairid=38988 txtag=80 st=0x00 addr=376352287 end=376354848 air_us=160 gap_us=1396
REC oseq=774 s0=0x2d len=55 crc=0 rssi=-91 pairid=38992 txtag=72 st=0x00 addr=376387439 end=376391280 air_us=240 gap_us=2036
REC oseq=775 s0=0x2d len=35 crc=0 rssi=-93 pairid=38988 txtag=72 st=0x00 addr=376421824 end=376424385 air_us=160 gap_us=1909
REC oseq=776 s0=0x91 len=86 crc=0 rssi=-91 pairid=33794 txtag=0 st=0x00 addr=388693171 end=388698996 air_us=364 gap_us=766799
REC oseq=777 s0=0x12 len=239 crc=1 rssi=-32 pairid=235 txtag=64 st=0x00 addr=391093161 end=391108778 air_us=976 gap_us=149635
REC oseq=778 s0=0x16 len=250 crc=1 rssi=-52 pairid=246 txtag=64 st=0x00 addr=391110002 end=391126323 air_us=1020 gap_us=76
REC oseq=779 s0=0x1e len=251 crc=1 rssi=-32 pairid=247 txtag=64 st=0x00 addr=391127546 end=391143931 air_us=1024 gap_us=76
REC oseq=780 s0=0x1a len=250 crc=1 rssi=-52 pairid=246 txtag=64 st=0x00 addr=391145155 end=391161476 air_us=1020 gap_us=76
REC oseq=781 s0=0x12 len=239 crc=1 rssi=-32 pairid=235 txtag=64 st=0x00 addr=391162698 end=391178315 air_us=976 gap_us=76
REC oseq=782 s0=0x16 len=250 crc=1 rssi=-52 pairid=246 txtag=64 st=0x00 addr=391179539 end=391195860 air_us=1020 gap_us=76
REC oseq=783 s0=0x1e len=251 crc=1 rssi=-32 pairid=247 txtag=64 st=0x00 addr=391197083 end=391213468 air_us=1024 gap_us=76
REC oseq=784 s0=0x1a len=250 crc=1 rssi=-52 pairid=246 txtag=64 st=0x00 addr=391214691 end=391231012 air_us=1020 gap_us=76
REC oseq=785 s0=0x12 len=239 crc=1 rssi=-32 pairid=235 txtag=64 st=0x00 addr=391232235 end=391247852 air_us=976 gap_us=76
REC oseq=786 s0=0x16 len=250 crc=1 rssi=-52 pairid=246 txtag=64 st=0x00 addr=391249076 end=391265397 air_us=1020 gap_us=76
REC oseq=787 s0=0x1e len=251 crc=1 rssi=-32 pairid=247 txtag=64 st=0x00 addr=391266620 end=391283005 air_us=1024 gap_us=76
REC oseq=788 s0=0x1a len=250 crc=1 rssi=-52 pairid=246 txtag=64 st=0x00 addr=391284228 end=391300549 air_us=1020 gap_us=76
REC oseq=789 s0=0x12 len=239 crc=1 rssi=-31 pairid=235 txtag=64 st=0x00 addr=391301772 end=391317389 air_us=976 gap_us=76
REC oseq=790 s0=0x16 len=250 crc=0 rssi=-52 pairid=246 txtag=64 st=0x00 addr=391318612 end=391334933 air_us=1020 gap_us=76
REC oseq=791 s0=0x32 len=216 crc=0 rssi=-91 pairid=33276 txtag=214 st=0x00 addr=393013151 end=393027296 air_us=884 gap_us=104888
REC oseq=792 s0=0x3e len=216 crc=0 rssi=-91 pairid=35465 txtag=214 st=0x00 addr=393032239 end=393046384 air_us=884 gap_us=308
REC oseq=793 s0=0x32 len=216 crc=0 rssi=-90 pairid=33276 txtag=214 st=0x00 addr=393089505 end=393103650 air_us=884 gap_us=2695
REC oseq=794 s0=0x3e len=216 crc=0 rssi=-90 pairid=51849 txtag=214 st=0x00 addr=393108595 end=393122740 air_us=884 gap_us=309
REC oseq=795 s0=0x32 len=232 crc=0 rssi=-91 pairid=33277 txtag=214 st=0x00 addr=393127681 end=393142850 air_us=948 gap_us=308
REC oseq=796 s0=0x3e len=216 crc=0 rssi=-91 pairid=35465 txtag=86 st=0x00 addr=393146769 end=393160914 air_us=884 gap_us=244
REC oseq=797 s0=0x2d len=55 crc=0 rssi=-91 pairid=38992 txtag=72 st=0x00 addr=393169714 end=393173555 air_us=240 gap_us=550
REC oseq=798 s0=0x21 len=35 crc=0 rssi=-91 pairid=38988 txtag=68 st=0x00 addr=393204098 end=393206659 air_us=160 gap_us=1908
REC oseq=799 s0=0x4d len=55 crc=0 rssi=-91 pairid=38992 txtag=72 st=0x00 addr=393239251 end=393243092 air_us=240 gap_us=2037
REC oseq=800 s0=0x91 len=85 crc=0 rssi=-91 pairid=13822 txtag=64 st=0x00 addr=398293131 end=398298892 air_us=360 gap_us=315627
REC oseq=801 s0=0x99 len=85 crc=0 rssi=-91 pairid=23934 txtag=0 st=0x00 addr=398362667 end=398368428 air_us=360 gap_us=3985
REC oseq=802 s0=0x82 len=205 crc=0 rssi=-91 pairid=2258 txtag=174 st=0x00 addr=399992212 end=400005653 air_us=840 gap_us=101486
REC oseq=803 s0=0x8e len=173 crc=0 rssi=-91 pairid=35704 txtag=30 st=0x00 addr=400049475 end=400060868 air_us=712 gap_us=2738
REC oseq=804 s0=0x9a len=173 crc=0 rssi=-91 pairid=54122 txtag=130 st=0x00 addr=400068565 end=400079958 air_us=712 gap_us=481
REC oseq=805 s0=0x8e len=173 crc=0 rssi=-91 pairid=56247 txtag=158 st=0x00 addr=400125829 end=400137222 air_us=712 gap_us=2866
REC oseq=806 s0=0x8e len=173 crc=0 rssi=-91 pairid=54240 txtag=28 st=0x00 addr=400202182 end=400213575 air_us=712 gap_us=4060
REC oseq=807 s0=0x1a len=250 crc=1 rssi=-53 pairid=246 txtag=64 st=0x00 addr=400214658 end=400230979 air_us=1020 gap_us=67
REC oseq=808 s0=0x02 len=12 crc=1 rssi=-32 pairid=8 txtag=5 st=0x00 addr=400232208 end=400233297 air_us=68 gap_us=76
REC oseq=809 s0=0x16 len=250 crc=1 rssi=-53 pairid=246 txtag=64 st=0x00 addr=400234514 end=400250835 air_us=1020 gap_us=76
REC oseq=810 s0=0x0d len=0 crc=1 rssi=-32 pairid=246 txtag=64 st=0x00 addr=400252064 end=400252385 air_us=20 gap_us=76
REC oseq=811 s0=0x1a len=250 crc=1 rssi=-52 pairid=246 txtag=64 st=0x00 addr=400253602 end=400269923 air_us=1020 gap_us=76
REC oseq=812 s0=0x01 len=0 crc=1 rssi=-32 pairid=246 txtag=64 st=0x00 addr=400271152 end=400271473 air_us=20 gap_us=76
REC oseq=813 s0=0x16 len=250 crc=1 rssi=-53 pairid=246 txtag=64 st=0x00 addr=400272691 end=400289012 air_us=1020 gap_us=76
REC oseq=814 s0=0x0d len=0 crc=1 rssi=-32 pairid=246 txtag=64 st=0x00 addr=400290241 end=400290562 air_us=20 gap_us=76
REC oseq=815 s0=0x1a len=250 crc=1 rssi=-52 pairid=246 txtag=64 st=0x00 addr=400291779 end=400308100 air_us=1020 gap_us=76
REC oseq=816 s0=0x01 len=0 crc=1 rssi=-32 pairid=246 txtag=64 st=0x00 addr=400309329 end=400309650 air_us=20 gap_us=76
REC oseq=817 s0=0x16 len=250 crc=1 rssi=-52 pairid=246 txtag=64 st=0x00 addr=400310867 end=400327188 air_us=1020 gap_us=76
REC oseq=818 s0=0x0d len=0 crc=1 rssi=-32 pairid=246 txtag=64 st=0x00 addr=400328417 end=400328738 air_us=20 gap_us=76
REC oseq=819 s0=0x1a len=250 crc=1 rssi=-53 pairid=246 txtag=64 st=0x00 addr=400329955 end=400346276 air_us=1020 gap_us=76
REC oseq=820 s0=0x01 len=0 crc=1 rssi=-32 pairid=246 txtag=64 st=0x00 addr=400347505 end=400347826 air_us=20 gap_us=76
REC oseq=821 s0=0x16 len=250 crc=1 rssi=-52 pairid=246 txtag=64 st=0x00 addr=400349043 end=400365364 air_us=1020 gap_us=76
REC oseq=822 s0=0x0d len=0 crc=1 rssi=-32 pairid=246 txtag=64 st=0x00 addr=400366594 end=400366915 air_us=20 gap_us=76
REC oseq=823 s0=0x1a len=250 crc=1 rssi=-52 pairid=246 txtag=64 st=0x00 addr=400368131 end=400384452 air_us=1020 gap_us=76
REC oseq=824 s0=0x01 len=0 crc=1 rssi=-32 pairid=246 txtag=64 st=0x00 addr=400385682 end=400386003 air_us=20 gap_us=76
REC oseq=825 s0=0x16 len=250 crc=1 rssi=-52 pairid=246 txtag=64 st=0x00 addr=400387220 end=400403541 air_us=1020 gap_us=76
REC oseq=826 s0=0x0d len=0 crc=1 rssi=-32 pairid=246 txtag=64 st=0x00 addr=400404770 end=400405091 air_us=20 gap_us=76
REC oseq=827 s0=0x1a len=250 crc=1 rssi=-52 pairid=246 txtag=64 st=0x00 addr=400406308 end=400422629 air_us=1020 gap_us=76
REC oseq=828 s0=0x01 len=0 crc=1 rssi=-32 pairid=246 txtag=64 st=0x00 addr=400423859 end=400424180 air_us=20 gap_us=76
REC oseq=829 s0=0x16 len=250 crc=1 rssi=-52 pairid=246 txtag=64 st=0x00 addr=400425396 end=400441717 air_us=1020 gap_us=76
REC oseq=830 s0=0x0d len=0 crc=1 rssi=-32 pairid=246 txtag=64 st=0x00 addr=400442947 end=400443268 air_us=20 gap_us=76
REC oseq=831 s0=0x1a len=250 crc=0 rssi=-52 pairid=246 txtag=64 st=0x00 addr=400444484 end=400460805 air_us=1020 gap_us=76
REC oseq=832 s0=0x12 len=239 crc=1 rssi=-32 pairid=235 txtag=64 st=0x00 addr=406453091 end=406468708 air_us=976 gap_us=374517
REC oseq=833 s0=0x16 len=250 crc=1 rssi=-53 pairid=246 txtag=64 st=0x00 addr=406469926 end=406486247 air_us=1020 gap_us=76
REC oseq=834 s0=0x1e len=251 crc=1 rssi=-32 pairid=247 txtag=64 st=0x00 addr=406487476 end=406503861 air_us=1024 gap_us=76
REC oseq=835 s0=0x1a len=250 crc=1 rssi=-52 pairid=246 txtag=64 st=0x00 addr=406505079 end=406521400 air_us=1020 gap_us=76
REC oseq=836 s0=0x12 len=239 crc=1 rssi=-32 pairid=235 txtag=64 st=0x00 addr=406522628 end=406538245 air_us=976 gap_us=76
REC oseq=837 s0=0x16 len=250 crc=1 rssi=-52 pairid=246 txtag=64 st=0x00 addr=406539463 end=406555784 air_us=1020 gap_us=76
REC oseq=838 s0=0x1e len=251 crc=1 rssi=-32 pairid=247 txtag=64 st=0x00 addr=406557013 end=406573398 air_us=1024 gap_us=76
REC oseq=839 s0=0x1a len=250 crc=1 rssi=-52 pairid=246 txtag=64 st=0x00 addr=406574615 end=406590936 air_us=1020 gap_us=76
REC oseq=840 s0=0x12 len=239 crc=1 rssi=-32 pairid=235 txtag=64 st=0x00 addr=406592165 end=406607782 air_us=976 gap_us=76
REC oseq=841 s0=0x16 len=250 crc=1 rssi=-52 pairid=246 txtag=64 st=0x00 addr=406609000 end=406625321 air_us=1020 gap_us=76
REC oseq=842 s0=0x1e len=251 crc=1 rssi=-32 pairid=247 txtag=64 st=0x00 addr=406626550 end=406642935 air_us=1024 gap_us=76
REC oseq=843 s0=0x1a len=250 crc=1 rssi=-52 pairid=246 txtag=64 st=0x00 addr=406644152 end=406660473 air_us=1020 gap_us=76
REC oseq=844 s0=0x12 len=239 crc=1 rssi=-32 pairid=235 txtag=64 st=0x00 addr=406661702 end=406677319 air_us=976 gap_us=76
REC oseq=845 s0=0x16 len=250 crc=0 rssi=-52 pairid=246 txtag=64 st=0x00 addr=406678536 end=406694857 air_us=1020 gap_us=76
REC oseq=846 s0=0x82 len=173 crc=0 rssi=-92 pairid=17792 txtag=158 st=0x00 addr=410187461 end=410198854 air_us=712 gap_us=218287
REC oseq=847 s0=0x3e len=216 crc=0 rssi=-91 pairid=35464 txtag=214 st=0x00 addr=412453064 end=412467209 air_us=884 gap_us=140888
REC oseq=848 s0=0x3e len=216 crc=0 rssi=-90 pairid=35465 txtag=214 st=0x00 addr=412472153 end=412486298 air_us=884 gap_us=309
REC oseq=849 s0=0x32 len=216 crc=0 rssi=-90 pairid=49660 txtag=214 st=0x00 addr=412491241 end=412505386 air_us=884 gap_us=308
REC oseq=850 s0=0x3e len=216 crc=0 rssi=-91 pairid=35465 txtag=214 st=0x00 addr=412510329 end=412524474 air_us=884 gap_us=308
REC oseq=851 s0=0x0a len=216 crc=0 rssi=-90 pairid=33276 txtag=214 st=0x00 addr=412529418 end=412543563 air_us=884 gap_us=309
REC oseq=852 s0=0x3e len=216 crc=0 rssi=-90 pairid=35465 txtag=214 st=0x00 addr=412548506 end=412562651 air_us=884 gap_us=308
REC oseq=853 s0=0x32 len=216 crc=0 rssi=-91 pairid=33276 txtag=214 st=0x00 addr=412567595 end=412581740 air_us=884 gap_us=309
REC oseq=854 s0=0x3d len=212 crc=0 rssi=-92 pairid=39091 txtag=13 st=0x00 addr=412586683 end=412600572 air_us=868 gap_us=308
REC oseq=855 s0=0x3e len=216 crc=0 rssi=-90 pairid=35465 txtag=214 st=0x00 addr=412625626 end=412639771 air_us=884 gap_us=1565
REC oseq=856 s0=0x32 len=216 crc=0 rssi=-90 pairid=33277 txtag=206 st=0x00 addr=412644714 end=412658859 air_us=884 gap_us=308
REC oseq=857 s0=0x3e len=216 crc=0 rssi=-90 pairid=35465 txtag=206 st=0x00 addr=412663804 end=412677949 air_us=884 gap_us=309
REC oseq=858 s0=0x32 len=92 crc=0 rssi=-90 pairid=49661 txtag=206 st=0x00 addr=412682894 end=412689103 air_us=388 gap_us=309
REC oseq=859 s0=0x9d len=66 crc=0 rssi=-91 pairid=51575 txtag=0 st=0x00 addr=414613055 end=414617600 air_us=284 gap_us=120247
REC oseq=860 s0=0x32 len=216 crc=0 rssi=-91 pairid=33276 txtag=214 st=0x00 addr=415333052 end=415347197 air_us=884 gap_us=44715
REC oseq=861 s0=0x3e len=216 crc=0 rssi=-90 pairid=35465 txtag=214 st=0x00 addr=415352140 end=415366285 air_us=884 gap_us=308
REC oseq=862 s0=0x32 len=216 crc=0 rssi=-90 pairid=33276 txtag=214 st=0x00 addr=415371227 end=415385372 air_us=884 gap_us=308
REC oseq=863 s0=0x3e len=216 crc=0 rssi=-90 pairid=35465 txtag=214 st=0x00 addr=415390315 end=415404460 air_us=884 gap_us=308
REC oseq=864 s0=0x3e len=216 crc=0 rssi=-91 pairid=33276 txtag=206 st=0x00 addr=415409406 end=415423551 air_us=884 gap_us=309
REC oseq=865 s0=0x3e len=216 crc=0 rssi=-90 pairid=35465 txtag=214 st=0x00 addr=415428492 end=415442637 air_us=884 gap_us=308
REC oseq=866 s0=0x32 len=216 crc=0 rssi=-91 pairid=33276 txtag=214 st=0x00 addr=415447581 end=415461726 air_us=884 gap_us=309
REC oseq=867 s0=0x3e len=216 crc=0 rssi=-90 pairid=35465 txtag=214 st=0x00 addr=415466670 end=415480815 air_us=884 gap_us=309
REC oseq=868 s0=0x2d len=35 crc=0 rssi=-92 pairid=38988 txtag=72 st=0x00 addr=415489614 end=415492175 air_us=160 gap_us=549
REC oseq=869 s0=0x21 len=55 crc=0 rssi=-91 pairid=55376 txtag=80 st=0x00 addr=415524767 end=415528608 air_us=240 gap_us=2037
REC oseq=870 s0=0x2d len=35 crc=0 rssi=-91 pairid=38988 txtag=72 st=0x00 addr=415559151 end=415561712 air_us=160 gap_us=1908
REC oseq=871 s0=0x91 len=85 crc=0 rssi=-91 pairid=2076 txtag=0 st=0x00 addr=418316960 end=418322721 air_us=360 gap_us=172203
REC oseq=872 s0=0x9d len=66 crc=0 rssi=-92 pairid=51574 txtag=0 st=0x00 addr=418352113 end=418356658 air_us=284 gap_us=1837
REC oseq=873 s0=0x90 len=214 crc=0 rssi=-92 pairid=34994 txtag=0 st=0x00 addr=418626497 end=418640514 air_us=876 gap_us=16864
REC oseq=874 s0=0x1e len=239 crc=1 rssi=-32 pairid=235 txtag=64 st=0x00 addr=418933035 end=418948652 air_us=976 gap_us=18282
REC oseq=875 s0=0x1a len=250 crc=1 rssi=-52 pairid=246 txtag=64 st=0x00 addr=418949869 end=418966190 air_us=1020 gap_us=76
REC oseq=876 s0=0x12 len=251 crc=1 rssi=-32 pairid=247 txtag=64 st=0x00 addr=418967419 end=418983804 air_us=1024 gap_us=76
REC oseq=877 s0=0x16 len=250 crc=1 rssi=-52 pairid=246 txtag=64 st=0x00 addr=418985021 end=419001342 air_us=1020 gap_us=76
REC oseq=878 s0=0x1e len=239 crc=1 rssi=-32 pairid=235 txtag=64 st=0x00 addr=419002571 end=419018188 air_us=976 gap_us=76
REC oseq=879 s0=0x1a len=250 crc=1 rssi=-52 pairid=246 txtag=64 st=0x00 addr=419019406 end=419035727 air_us=1020 gap_us=76
REC oseq=880 s0=0x12 len=251 crc=1 rssi=-32 pairid=247 txtag=64 st=0x00 addr=419036956 end=419053341 air_us=1024 gap_us=76
REC oseq=881 s0=0x16 len=250 crc=1 rssi=-52 pairid=246 txtag=64 st=0x00 addr=419054558 end=419070879 air_us=1020 gap_us=76
REC oseq=882 s0=0x1e len=239 crc=1 rssi=-31 pairid=235 txtag=64 st=0x00 addr=419072108 end=419087725 air_us=976 gap_us=76
REC oseq=883 s0=0x1a len=250 crc=1 rssi=-52 pairid=246 txtag=64 st=0x00 addr=419088942 end=419105263 air_us=1020 gap_us=76
REC oseq=884 s0=0x12 len=251 crc=1 rssi=-32 pairid=247 txtag=64 st=0x00 addr=419106493 end=419122878 air_us=1024 gap_us=76
REC oseq=885 s0=0x16 len=250 crc=1 rssi=-52 pairid=246 txtag=64 st=0x00 addr=419124095 end=419140416 air_us=1020 gap_us=76
REC oseq=886 s0=0x1e len=239 crc=1 rssi=-32 pairid=235 txtag=64 st=0x00 addr=419141645 end=419157262 air_us=976 gap_us=76
REC oseq=887 s0=0x1a len=250 crc=0 rssi=-52 pairid=246 txtag=64 st=0x00 addr=419158479 end=419174800 air_us=1020 gap_us=76
REC oseq=888 s0=0x12 len=239 crc=1 rssi=-32 pairid=235 txtag=64 st=0x00 addr=430692982 end=430708599 air_us=976 gap_us=719886
REC oseq=889 s0=0x16 len=250 crc=1 rssi=-52 pairid=246 txtag=64 st=0x00 addr=430709819 end=430726140 air_us=1020 gap_us=76
REC oseq=890 s0=0x1e len=251 crc=1 rssi=-32 pairid=247 txtag=64 st=0x00 addr=430727366 end=430743751 air_us=1024 gap_us=76
REC oseq=891 s0=0x1a len=250 crc=1 rssi=-52 pairid=246 txtag=64 st=0x00 addr=430744972 end=430761293 air_us=1020 gap_us=76
REC oseq=892 s0=0x12 len=239 crc=1 rssi=-32 pairid=235 txtag=64 st=0x00 addr=430762519 end=430778136 air_us=976 gap_us=76
REC oseq=893 s0=0x16 len=250 crc=1 rssi=-52 pairid=246 txtag=64 st=0x00 addr=430779356 end=430795677 air_us=1020 gap_us=76
REC oseq=894 s0=0x1e len=251 crc=1 rssi=-32 pairid=247 txtag=64 st=0x00 addr=430796903 end=430813288 air_us=1024 gap_us=76
REC oseq=895 s0=0x1a len=250 crc=1 rssi=-52 pairid=246 txtag=64 st=0x00 addr=430814509 end=430830830 air_us=1020 gap_us=76
REC oseq=896 s0=0x12 len=239 crc=1 rssi=-32 pairid=235 txtag=64 st=0x00 addr=430832056 end=430847673 air_us=976 gap_us=76
REC oseq=897 s0=0x16 len=250 crc=1 rssi=-53 pairid=246 txtag=64 st=0x00 addr=430848892 end=430865213 air_us=1020 gap_us=76
REC oseq=898 s0=0x1e len=251 crc=1 rssi=-32 pairid=247 txtag=64 st=0x00 addr=430866440 end=430882825 air_us=1024 gap_us=76
REC oseq=899 s0=0x1a len=250 crc=1 rssi=-52 pairid=246 txtag=64 st=0x00 addr=430884045 end=430900366 air_us=1020 gap_us=76
REC oseq=900 s0=0x12 len=239 crc=1 rssi=-32 pairid=235 txtag=64 st=0x00 addr=430901593 end=430917210 air_us=976 gap_us=76
REC oseq=901 s0=0x16 len=250 crc=0 rssi=-52 pairid=246 txtag=64 st=0x00 addr=430918429 end=430934750 air_us=1020 gap_us=76
REC oseq=902 s0=0x12 len=251 crc=1 rssi=-31 pairid=247 txtag=64 st=0x00 addr=433332971 end=433349356 air_us=1024 gap_us=149888
REC oseq=903 s0=0x16 len=250 crc=1 rssi=-52 pairid=246 txtag=64 st=0x00 addr=433350584 end=433366905 air_us=1020 gap_us=76
REC oseq=904 s0=0x1e len=239 crc=1 rssi=-32 pairid=235 txtag=64 st=0x00 addr=433368123 end=433383740 air_us=976 gap_us=76
REC oseq=905 s0=0x1a len=250 crc=1 rssi=-52 pairid=246 txtag=64 st=0x00 addr=433384968 end=433401289 air_us=1020 gap_us=76
REC oseq=906 s0=0x12 len=251 crc=1 rssi=-32 pairid=247 txtag=64 st=0x00 addr=433402508 end=433418893 air_us=1024 gap_us=76
REC oseq=907 s0=0x16 len=250 crc=1 rssi=-53 pairid=246 txtag=64 st=0x00 addr=433420121 end=433436442 air_us=1020 gap_us=76
REC oseq=908 s0=0x1e len=239 crc=1 rssi=-31 pairid=235 txtag=64 st=0x00 addr=433437660 end=433453277 air_us=976 gap_us=76
REC oseq=909 s0=0x1a len=250 crc=1 rssi=-52 pairid=246 txtag=64 st=0x00 addr=433454505 end=433470826 air_us=1020 gap_us=76
REC oseq=910 s0=0x12 len=251 crc=1 rssi=-31 pairid=247 txtag=64 st=0x00 addr=433472044 end=433488429 air_us=1024 gap_us=76
REC oseq=911 s0=0x16 len=250 crc=1 rssi=-52 pairid=246 txtag=64 st=0x00 addr=433489657 end=433505978 air_us=1020 gap_us=76
REC oseq=912 s0=0x1e len=239 crc=1 rssi=-31 pairid=235 txtag=64 st=0x00 addr=433507197 end=433522814 air_us=976 gap_us=76
REC oseq=913 s0=0x1a len=250 crc=1 rssi=-53 pairid=246 txtag=64 st=0x00 addr=433524042 end=433540363 air_us=1020 gap_us=76
REC oseq=914 s0=0x12 len=251 crc=1 rssi=-32 pairid=247 txtag=64 st=0x00 addr=433541581 end=433557966 air_us=1024 gap_us=76
REC oseq=915 s0=0x16 len=250 crc=0 rssi=-52 pairid=246 txtag=64 st=0x00 addr=433559194 end=433575515 air_us=1020 gap_us=76
REC oseq=916 s0=0x9d len=193 crc=0 rssi=-91 pairid=39356 txtag=97 st=0x00 addr=434088120 end=434100793 air_us=792 gap_us=32037
REC oseq=917 s0=0x9d len=83 crc=0 rssi=-91 pairid=28028 txtag=0 st=0x00 addr=434122506 end=434128140 air_us=352 gap_us=1357
REC oseq=918 s0=0x9d len=65 crc=0 rssi=-91 pairid=374 txtag=4 st=0x00 addr=434227194 end=434231675 air_us=280 gap_us=6190
REC oseq=919 s0=0x91 len=85 crc=0 rssi=-91 pairid=39294 txtag=6 st=0x00 addr=434261578 end=434267339 air_us=360 gap_us=1868
REC oseq=920 s0=0x2d len=87 crc=0 rssi=-92 pairid=38992 txtag=72 st=0x00 addr=439572942 end=439578831 air_us=368 gap_us=331600
REC oseq=921 s0=0x27 len=35 crc=0 rssi=-91 pairid=38988 txtag=72 st=0x00 addr=439607326 end=439609887 air_us=160 gap_us=1780
REC oseq=922 s0=0x2d len=87 crc=0 rssi=-91 pairid=38992 txtag=72 st=0x00 addr=439642478 end=439648367 air_us=368 gap_us=2036
REC oseq=923 s0=0x3e len=216 crc=0 rssi=-90 pairid=35465 txtag=214 st=0x00 addr=439696718 end=439710863 air_us=884 gap_us=3021
REC oseq=924 s0=0x3e len=216 crc=0 rssi=-91 pairid=51849 txtag=206 st=0x00 addr=439773072 end=439787217 air_us=884 gap_us=3888
REC oseq=925 s0=0x32 len=216 crc=0 rssi=-90 pairid=33276 txtag=214 st=0x00 addr=439792160 end=439806305 air_us=884 gap_us=308
REC oseq=926 s0=0x2d len=55 crc=0 rssi=-91 pairid=38992 txtag=72 st=0x00 addr=448932898 end=448936739 air_us=240 gap_us=570412
REC oseq=927 s0=0x21 len=35 crc=0 rssi=-91 pairid=38988 txtag=72 st=0x00 addr=448967284 end=448969845 air_us=160 gap_us=1909
REC oseq=928 s0=0x2d len=55 crc=0 rssi=-91 pairid=38992 txtag=72 st=0x00 addr=449002438 end=449006279 air_us=240 gap_us=2037
REC oseq=929 s0=0x2d len=55 crc=0 rssi=-90 pairid=38992 txtag=72 st=0x00 addr=449071974 end=449075815 air_us=240 gap_us=4105
REC oseq=930 s0=0x21 len=35 crc=0 rssi=-91 pairid=55373 txtag=72 st=0x00 addr=449106358 end=449108919 air_us=160 gap_us=1908
REC oseq=931 s0=0x2d len=55 crc=0 rssi=-91 pairid=38992 txtag=72 st=0x00 addr=449141510 end=449145351 air_us=240 gap_us=2036
REC oseq=932 s0=0x21 len=55 crc=0 rssi=-91 pairid=55376 txtag=72 st=0x00 addr=450852889 end=450856730 air_us=240 gap_us=106721
REC oseq=933 s0=0x2d len=35 crc=0 rssi=-91 pairid=38988 txtag=72 st=0x00 addr=450887275 end=450889836 air_us=160 gap_us=1909
REC oseq=934 s0=0x2d len=35 crc=0 rssi=-92 pairid=55372 txtag=80 st=0x00 addr=450956811 end=450959372 air_us=160 gap_us=4185
REC oseq=935 s0=0x21 len=55 crc=0 rssi=-91 pairid=38992 txtag=64 st=0x00 addr=450991963 end=450995804 air_us=240 gap_us=2036
REC oseq=936 s0=0x2d len=35 crc=0 rssi=-91 pairid=55372 txtag=72 st=0x00 addr=451026349 end=451028910 air_us=160 gap_us=1909
REC oseq=937 s0=0x21 len=183 crc=0 rssi=-91 pairid=55377 txtag=72 st=0x00 addr=451061501 end=451073534 air_us=752 gap_us=2036
REC oseq=938 s0=0x91 len=86 crc=0 rssi=-91 pairid=1372 txtag=96 st=0x00 addr=453047266 end=453053091 air_us=364 gap_us=123358
REC oseq=939 s0=0x0d len=0 crc=1 rssi=-32 pairid=1372 txtag=96 st=0x00 addr=460452847 end=460453168 air_us=20 gap_us=462484
REC oseq=940 s0=0x1a len=250 crc=1 rssi=-52 pairid=246 txtag=64 st=0x00 addr=460454391 end=460470712 air_us=1020 gap_us=76
REC oseq=941 s0=0x01 len=0 crc=1 rssi=-32 pairid=246 txtag=64 st=0x00 addr=460471935 end=460472256 air_us=20 gap_us=76
REC oseq=942 s0=0x16 len=250 crc=1 rssi=-52 pairid=246 txtag=64 st=0x00 addr=460473480 end=460489801 air_us=1020 gap_us=76
REC oseq=943 s0=0x0d len=0 crc=1 rssi=-32 pairid=246 txtag=64 st=0x00 addr=460491023 end=460491344 air_us=20 gap_us=76
REC oseq=944 s0=0x1a len=12 crc=1 rssi=-52 pairid=8 txtag=5 st=0x00 addr=460492568 end=460493657 air_us=68 gap_us=76
REC oseq=945 s0=0x01 len=0 crc=1 rssi=-32 pairid=8 txtag=5 st=0x00 addr=460494879 end=460495200 air_us=20 gap_us=76
REC oseq=946 s0=0x16 len=250 crc=1 rssi=-52 pairid=246 txtag=64 st=0x00 addr=460496424 end=460512745 air_us=1020 gap_us=76
REC oseq=947 s0=0x1e len=251 crc=1 rssi=-32 pairid=247 txtag=64 st=0x00 addr=460513967 end=460530352 air_us=1024 gap_us=76
REC oseq=948 s0=0x1a len=250 crc=1 rssi=-52 pairid=246 txtag=64 st=0x00 addr=460531576 end=460547897 air_us=1020 gap_us=76
REC oseq=949 s0=0x12 len=239 crc=1 rssi=-32 pairid=235 txtag=64 st=0x00 addr=460549120 end=460564737 air_us=976 gap_us=76
REC oseq=950 s0=0x16 len=250 crc=0 rssi=-52 pairid=246 txtag=64 st=0x00 addr=460565961 end=460582282 air_us=1020 gap_us=76
REC oseq=951 s0=0x12 len=239 crc=1 rssi=-32 pairid=235 txtag=64 st=0x00 addr=460583505 end=460599122 air_us=976 gap_us=76
REC oseq=952 s0=0x16 len=250 crc=1 rssi=-52 pairid=246 txtag=64 st=0x00 addr=460600345 end=460616666 air_us=1020 gap_us=76
REC oseq=953 s0=0x1e len=251 crc=1 rssi=-32 pairid=247 txtag=64 st=0x00 addr=460617889 end=460634274 air_us=1024 gap_us=76
REC oseq=954 s0=0x1a len=250 crc=1 rssi=-53 pairid=246 txtag=64 st=0x00 addr=460635498 end=460651819 air_us=1020 gap_us=76
REC oseq=955 s0=0x12 len=239 crc=1 rssi=-32 pairid=235 txtag=64 st=0x00 addr=460653042 end=460668659 air_us=976 gap_us=76
REC oseq=956 s0=0x16 len=250 crc=1 rssi=-52 pairid=246 txtag=64 st=0x00 addr=460669882 end=460686203 air_us=1020 gap_us=76
REC oseq=957 s0=0x1e len=251 crc=0 rssi=-32 pairid=57591 txtag=72 st=0x00 addr=460687426 end=460703811 air_us=1024 gap_us=76
REC oseq=958 s0=0x2d len=55 crc=0 rssi=-91 pairid=38992 txtag=72 st=0x00 addr=464052829 end=464056670 air_us=240 gap_us=209313
REC oseq=959 s0=0x2d len=55 crc=0 rssi=-92 pairid=38992 txtag=72 st=0x00 addr=464087215 end=464091056 air_us=240 gap_us=1909
REC oseq=960 s0=0x21 len=37 crc=0 rssi=-91 pairid=38988 txtag=72 st=0x00 addr=464121599 end=464124288 air_us=168 gap_us=1908
REC oseq=961 s0=0x6d len=55 crc=0 rssi=-90 pairid=38992 txtag=72 st=0x00 addr=464156751 end=464160592 air_us=240 gap_us=2028
REC oseq=962 s0=0x21 len=35 crc=0 rssi=-92 pairid=38988 txtag=64 st=0x00 addr=464191136 end=464193697 air_us=160 gap_us=1909
REC oseq=963 s0=0x2d len=55 crc=0 rssi=-91 pairid=38992 txtag=72 st=0x00 addr=464226289 end=464230130 air_us=240 gap_us=2037
REC oseq=964 s0=0x3c len=55 crc=0 rssi=-91 pairid=38992 txtag=72 st=0x00 addr=464637473 end=464641315 air_us=240 gap_us=25458
REC oseq=965 s0=0x31 len=212 crc=0 rssi=-90 pairid=39091 txtag=76 st=0x00 addr=464671853 end=464685742 air_us=868 gap_us=1908
REC oseq=966 s0=0x3e len=216 crc=0 rssi=-90 pairid=35465 txtag=214 st=0x00 addr=464691710 end=464705855 air_us=884 gap_us=373
REC oseq=967 s0=0x32 len=216 crc=0 rssi=-91 pairid=49660 txtag=212 st=0x00 addr=464710798 end=464724943 air_us=884 gap_us=308
REC oseq=968 s0=0x19 len=214 crc=0 rssi=-91 pairid=24926 txtag=61 st=0x00 addr=469850981 end=469864999 air_us=876 gap_us=320377
REC oseq=969 s0=0x45 len=150 crc=0 rssi=-91 pairid=44484 txtag=61 st=0x00 addr=470022775 end=470032696 air_us=620 gap_us=9861
REC oseq=970 s0=0x01 len=0 crc=1 rssi=-32 pairid=44484 txtag=61 st=0x00 addr=470052803 end=470053124 air_us=20 gap_us=1256
REC oseq=971 s0=0x16 len=250 crc=1 rssi=-52 pairid=246 txtag=64 st=0x00 addr=470054340 end=470070661 air_us=1020 gap_us=76
REC oseq=972 s0=0x0d len=0 crc=1 rssi=-32 pairid=246 txtag=64 st=0x00 addr=470071876 end=470072197 air_us=20 gap_us=75
REC oseq=973 s0=0x1a len=250 crc=1 rssi=-52 pairid=246 txtag=64 st=0x00 addr=470073427 end=470089748 air_us=1020 gap_us=76
REC oseq=974 s0=0x01 len=0 crc=1 rssi=-32 pairid=246 txtag=64 st=0x00 addr=470090964 end=470091285 air_us=20 gap_us=76
REC oseq=975 s0=0x16 len=250 crc=1 rssi=-52 pairid=246 txtag=64 st=0x00 addr=470092500 end=470108821 air_us=1020 gap_us=75
REC oseq=976 s0=0x0d len=0 crc=1 rssi=-32 pairid=246 txtag=64 st=0x00 addr=470110036 end=470110357 air_us=20 gap_us=75
REC oseq=977 s0=0x1a len=250 crc=1 rssi=-52 pairid=246 txtag=64 st=0x00 addr=470111572 end=470127893 air_us=1020 gap_us=75
REC oseq=978 s0=0x01 len=0 crc=1 rssi=-32 pairid=246 txtag=64 st=0x00 addr=470129108 end=470129429 air_us=20 gap_us=75
REC oseq=979 s0=0x16 len=250 crc=1 rssi=-52 pairid=246 txtag=64 st=0x00 addr=470130660 end=470146981 air_us=1020 gap_us=76
REC oseq=980 s0=0x0d len=0 crc=1 rssi=-32 pairid=246 txtag=64 st=0x00 addr=470148197 end=470148518 air_us=20 gap_us=76
REC oseq=981 s0=0x1a len=250 crc=1 rssi=-52 pairid=246 txtag=64 st=0x00 addr=470149748 end=470166069 air_us=1020 gap_us=76
REC oseq=982 s0=0x01 len=0 crc=1 rssi=-32 pairid=246 txtag=64 st=0x00 addr=470167285 end=470167606 air_us=20 gap_us=76
REC oseq=983 s0=0x16 len=250 crc=1 rssi=-53 pairid=246 txtag=64 st=0x00 addr=470168836 end=470185157 air_us=1020 gap_us=76
REC oseq=984 s0=0x0d len=0 crc=1 rssi=-32 pairid=246 txtag=64 st=0x00 addr=470186373 end=470186694 air_us=20 gap_us=76
REC oseq=985 s0=0x1a len=250 crc=1 rssi=-52 pairid=246 txtag=64 st=0x00 addr=470187925 end=470204246 air_us=1020 gap_us=76
REC oseq=986 s0=0x01 len=0 crc=1 rssi=-32 pairid=246 txtag=64 st=0x00 addr=470205461 end=470205782 air_us=20 gap_us=75
REC oseq=987 s0=0x16 len=250 crc=1 rssi=-52 pairid=246 txtag=64 st=0x00 addr=470207013 end=470223334 air_us=1020 gap_us=76
REC oseq=988 s0=0x0d len=0 crc=1 rssi=-32 pairid=246 txtag=64 st=0x00 addr=470224550 end=470224871 air_us=20 gap_us=76
REC oseq=989 s0=0x1a len=250 crc=1 rssi=-52 pairid=246 txtag=64 st=0x00 addr=470226101 end=470242422 air_us=1020 gap_us=76
REC oseq=990 s0=0x01 len=0 crc=1 rssi=-32 pairid=246 txtag=64 st=0x00 addr=470243638 end=470243959 air_us=20 gap_us=76
REC oseq=991 s0=0x16 len=250 crc=1 rssi=-52 pairid=246 txtag=64 st=0x00 addr=470245189 end=470261510 air_us=1020 gap_us=76
REC oseq=992 s0=0x0d len=0 crc=1 rssi=-32 pairid=246 txtag=64 st=0x00 addr=470262726 end=470263047 air_us=20 gap_us=76
REC oseq=993 s0=0x1a len=250 crc=1 rssi=-52 pairid=246 txtag=64 st=0x00 addr=470264278 end=470280599 air_us=1020 gap_us=76
REC oseq=994 s0=0x01 len=0 crc=1 rssi=-32 pairid=246 txtag=64 st=0x00 addr=470281815 end=470282136 air_us=20 gap_us=76
REC oseq=995 s0=0x16 len=250 crc=0 rssi=-52 pairid=246 txtag=64 st=0x00 addr=470283366 end=470299687 air_us=1020 gap_us=76
REC oseq=996 s0=0x3e len=216 crc=0 rssi=-90 pairid=35465 txtag=214 st=0x00 addr=472932790 end=472946935 air_us=884 gap_us=164568
REC oseq=997 s0=0x32 len=216 crc=0 rssi=-91 pairid=33276 txtag=214 st=0x00 addr=472951878 end=472966023 air_us=884 gap_us=308
REC oseq=998 s0=0x32 len=216 crc=0 rssi=-90 pairid=33276 txtag=214 st=0x00 addr=472970966 end=472985111 air_us=884 gap_us=308
REC oseq=999 s0=0x5e len=216 crc=0 rssi=-90 pairid=35465 txtag=214 st=0x00 addr=472990055 end=473004200 air_us=884 gap_us=309
REC oseq=1000 s0=0x29 len=55 crc=0 rssi=-91 pairid=38992 txtag=72 st=0x00 addr=473013000 end=473016842 air_us=240 gap_us=550
REC oseq=1001 s0=0x21 len=35 crc=0 rssi=-91 pairid=38988 txtag=72 st=0x00 addr=473047384 end=473049945 air_us=160 gap_us=1908
REC oseq=1002 s0=0x2d len=55 crc=0 rssi=-91 pairid=38992 txtag=72 st=0x00 addr=473082536 end=473086377 air_us=240 gap_us=2036
REC oseq=1003 s0=0x2d len=55 crc=0 rssi=-91 pairid=38992 txtag=72 st=0x00 addr=473152073 end=473155914 air_us=240 gap_us=4106
REC oseq=1004 s0=0x1e len=239 crc=1 rssi=-32 pairid=235 txtag=64 st=0x00 addr=474372784 end=474388401 air_us=976 gap_us=76054
REC oseq=1005 s0=0x1a len=250 crc=1 rssi=-52 pairid=246 txtag=64 st=0x00 addr=474389622 end=474405943 air_us=1020 gap_us=76
REC oseq=1006 s0=0x12 len=251 crc=1 rssi=-31 pairid=247 txtag=64 st=0x00 addr=474407169 end=474423554 air_us=1024 gap_us=76
REC oseq=1007 s0=0x16 len=250 crc=1 rssi=-52 pairid=246 txtag=64 st=0x00 addr=474424774 end=474441095 air_us=1020 gap_us=76
REC oseq=1008 s0=0x1e len=239 crc=1 rssi=-32 pairid=235 txtag=64 st=0x00 addr=474442321 end=474457938 air_us=976 gap_us=76
REC oseq=1009 s0=0x1a len=250 crc=1 rssi=-52 pairid=246 txtag=64 st=0x00 addr=474459159 end=474475480 air_us=1020 gap_us=76
REC oseq=1010 s0=0x12 len=251 crc=1 rssi=-32 pairid=247 txtag=64 st=0x00 addr=474476706 end=474493091 air_us=1024 gap_us=76
REC oseq=1011 s0=0x16 len=250 crc=0 rssi=-52 pairid=246 txtag=64 st=0x00 addr=474494311 end=474510632 air_us=1020 gap_us=76
REC oseq=1012 s0=0x12 len=251 crc=1 rssi=-32 pairid=247 txtag=64 st=0x00 addr=474511858 end=474528243 air_us=1024 gap_us=76
REC oseq=1013 s0=0x16 len=250 crc=1 rssi=-52 pairid=246 txtag=64 st=0x00 addr=474529463 end=474545784 air_us=1020 gap_us=76
REC oseq=1014 s0=0x1e len=239 crc=1 rssi=-32 pairid=235 txtag=64 st=0x00 addr=474547010 end=474562627 air_us=976 gap_us=76
REC oseq=1015 s0=0x1a len=250 crc=1 rssi=-52 pairid=246 txtag=64 st=0x00 addr=474563848 end=474580169 air_us=1020 gap_us=76
REC oseq=1016 s0=0x12 len=251 crc=1 rssi=-32 pairid=247 txtag=64 st=0x00 addr=474581395 end=474597780 air_us=1024 gap_us=76
REC oseq=1017 s0=0x16 len=250 crc=0 rssi=-53 pairid=246 txtag=64 st=0x00 addr=474599000 end=474615321 air_us=1020 gap_us=76
REC oseq=1018 s0=0x01 len=0 crc=1 rssi=-32 pairid=246 txtag=64 st=0x00 addr=475092781 end=475093102 air_us=20 gap_us=29841
REC oseq=1019 s0=0x16 len=250 crc=1 rssi=-52 pairid=246 txtag=64 st=0x00 addr=475094321 end=475110642 air_us=1020 gap_us=76
REC oseq=1020 s0=0x0d len=0 crc=1 rssi=-32 pairid=246 txtag=64 st=0x00 addr=475111870 end=475112191 air_us=20 gap_us=76
REC oseq=1021 s0=0x1a len=250 crc=0 rssi=-52 pairid=246 txtag=64 st=0x00 addr=475113409 end=475129730 air_us=1020 gap_us=76
REC oseq=1022 s0=0x0d len=0 crc=1 rssi=-32 pairid=246 txtag=64 st=0x00 addr=475130957 end=475131278 air_us=20 gap_us=76
REC oseq=1023 s0=0x1a len=250 crc=1 rssi=-52 pairid=246 txtag=64 st=0x00 addr=475132497 end=475148818 air_us=1020 gap_us=76
REC oseq=1024 s0=0x01 len=0 crc=1 rssi=-32 pairid=246 txtag=64 st=0x00 addr=475150046 end=475150367 air_us=20 gap_us=76
REC oseq=1025 s0=0x16 len=250 crc=1 rssi=-53 pairid=246 txtag=64 st=0x00 addr=475151585 end=475167906 air_us=1020 gap_us=76
REC oseq=1026 s0=0x0d len=0 crc=1 rssi=-32 pairid=246 txtag=64 st=0x00 addr=475169134 end=475169455 air_us=20 gap_us=76
REC oseq=1027 s0=0x1a len=250 crc=1 rssi=-52 pairid=246 txtag=64 st=0x00 addr=475170673 end=475186994 air_us=1020 gap_us=76
REC oseq=1028 s0=0x01 len=0 crc=1 rssi=-32 pairid=246 txtag=64 st=0x00 addr=475188222 end=475188543 air_us=20 gap_us=76
REC oseq=1029 s0=0x16 len=250 crc=1 rssi=-52 pairid=246 txtag=64 st=0x00 addr=475189761 end=475206082 air_us=1020 gap_us=76
REC oseq=1030 s0=0x0d len=0 crc=1 rssi=-32 pairid=246 txtag=64 st=0x00 addr=475207310 end=475207631 air_us=20 gap_us=76
REC oseq=1031 s0=0x1a len=250 crc=1 rssi=-53 pairid=246 txtag=64 st=0x00 addr=475208849 end=475225170 air_us=1020 gap_us=76
REC oseq=1032 s0=0x01 len=0 crc=1 rssi=-32 pairid=246 txtag=64 st=0x00 addr=475226399 end=475226720 air_us=20 gap_us=76
REC oseq=1033 s0=0x16 len=250 crc=0 rssi=-52 pairid=246 txtag=64 st=0x00 addr=475227938 end=475244259 air_us=1020 gap_us=76
REC oseq=1034 s0=0x0d len=0 crc=1 rssi=-32 pairid=246 txtag=64 st=0x00 addr=475245487 end=475245808 air_us=20 gap_us=76
REC oseq=1035 s0=0x1a len=250 crc=1 rssi=-52 pairid=246 txtag=64 st=0x00 addr=475247026 end=475263347 air_us=1020 gap_us=76
REC oseq=1036 s0=0x01 len=0 crc=1 rssi=-32 pairid=246 txtag=64 st=0x00 addr=475264575 end=475264896 air_us=20 gap_us=76
REC oseq=1037 s0=0x16 len=250 crc=0 rssi=-52 pairid=246 txtag=64 st=0x00 addr=475266114 end=475282435 air_us=1020 gap_us=76
REC oseq=1038 s0=0x0d len=0 crc=1 rssi=-32 pairid=246 txtag=64 st=0x00 addr=475283664 end=475283985 air_us=20 gap_us=76
REC oseq=1039 s0=0x1a len=250 crc=1 rssi=-52 pairid=246 txtag=64 st=0x00 addr=475285202 end=475301523 air_us=1020 gap_us=76
REC oseq=1040 s0=0x01 len=0 crc=1 rssi=-32 pairid=246 txtag=64 st=0x00 addr=475302752 end=475303073 air_us=20 gap_us=76
REC oseq=1041 s0=0x16 len=250 crc=0 rssi=-52 pairid=246 txtag=64 st=0x00 addr=475304291 end=475320612 air_us=1020 gap_us=76
REC oseq=1042 s0=0x0d len=0 crc=1 rssi=-32 pairid=246 txtag=64 st=0x00 addr=475321841 end=475322162 air_us=20 gap_us=76
REC oseq=1043 s0=0x1a len=250 crc=0 rssi=-52 pairid=246 txtag=64 st=0x00 addr=475323379 end=475339700 air_us=1020 gap_us=76
REC oseq=1044 s0=0x1e len=251 crc=1 rssi=-32 pairid=247 txtag=64 st=0x00 addr=476292775 end=476309160 air_us=1024 gap_us=59567
REC oseq=1045 s0=0x1a len=250 crc=1 rssi=-52 pairid=246 txtag=64 st=0x00 addr=476310376 end=476326697 air_us=1020 gap_us=76
REC oseq=1046 s0=0x12 len=239 crc=1 rssi=-32 pairid=235 txtag=64 st=0x00 addr=476327912 end=476343529 air_us=976 gap_us=75
REC oseq=1047 s0=0x16 len=250 crc=1 rssi=-52 pairid=246 txtag=64 st=0x00 addr=476344744 end=476361065 air_us=1020 gap_us=75
REC oseq=1048 s0=0x1e len=251 crc=1 rssi=-32 pairid=247 txtag=64 st=0x00 addr=476362280 end=476378665 air_us=1024 gap_us=75
REC oseq=1049 s0=0x1a len=250 crc=1 rssi=-53 pairid=246 txtag=64 st=0x00 addr=476379881 end=476396202 air_us=1020 gap_us=76
REC oseq=1050 s0=0x12 len=239 crc=1 rssi=-31 pairid=235 txtag=64 st=0x00 addr=476397417 end=476413034 air_us=976 gap_us=75
REC oseq=1051 s0=0x16 len=250 crc=1 rssi=-52 pairid=246 txtag=64 st=0x00 addr=476414249 end=476430570 air_us=1020 gap_us=75
REC oseq=1052 s0=0x1e len=251 crc=1 rssi=-32 pairid=247 txtag=64 st=0x00 addr=476431785 end=476448170 air_us=1024 gap_us=75
REC oseq=1053 s0=0x1a len=250 crc=1 rssi=-52 pairid=246 txtag=64 st=0x00 addr=476449401 end=476465722 air_us=1020 gap_us=76
REC oseq=1054 s0=0x12 len=239 crc=1 rssi=-32 pairid=235 txtag=64 st=0x00 addr=476466938 end=476482555 air_us=976 gap_us=76
REC oseq=1055 s0=0x16 len=250 crc=1 rssi=-52 pairid=246 txtag=64 st=0x00 addr=476483785 end=476500106 air_us=1020 gap_us=76
REC oseq=1056 s0=0x1e len=251 crc=1 rssi=-32 pairid=247 txtag=64 st=0x00 addr=476501322 end=476517707 air_us=1024 gap_us=76
REC oseq=1057 s0=0x1a len=250 crc=0 rssi=-52 pairid=246 txtag=64 st=0x00 addr=476518938 end=476535259 air_us=1020 gap_us=76
REC oseq=1058 s0=0x1e len=251 crc=1 rssi=-32 pairid=247 txtag=64 st=0x00 addr=476772773 end=476789158 air_us=1024 gap_us=14844
REC oseq=1059 s0=0x1a len=250 crc=1 rssi=-53 pairid=246 txtag=64 st=0x00 addr=476790388 end=476806709 air_us=1020 gap_us=76
REC oseq=1060 s0=0x12 len=239 crc=1 rssi=-32 pairid=235 txtag=64 st=0x00 addr=476807925 end=476823542 air_us=976 gap_us=76
REC oseq=1061 s0=0x16 len=250 crc=1 rssi=-52 pairid=246 txtag=64 st=0x00 addr=476824773 end=476841094 air_us=1020 gap_us=76
REC oseq=1062 s0=0x1e len=251 crc=1 rssi=-31 pairid=247 txtag=64 st=0x00 addr=476842310 end=476858695 air_us=1024 gap_us=76
REC oseq=1063 s0=0x1a len=250 crc=1 rssi=-52 pairid=246 txtag=64 st=0x00 addr=476859925 end=476876246 air_us=1020 gap_us=76
REC oseq=1064 s0=0x12 len=239 crc=1 rssi=-31 pairid=235 txtag=64 st=0x00 addr=476877462 end=476893079 air_us=976 gap_us=76
REC oseq=1065 s0=0x16 len=250 crc=0 rssi=-52 pairid=246 txtag=64 st=0x00 addr=476894309 end=476910630 air_us=1020 gap_us=76
REC oseq=1066 s0=0x12 len=239 crc=1 rssi=-32 pairid=235 txtag=64 st=0x00 addr=476911847 end=476927464 air_us=976 gap_us=76
REC oseq=1067 s0=0x16 len=250 crc=1 rssi=-53 pairid=246 txtag=64 st=0x00 addr=476928693 end=476945014 air_us=1020 gap_us=76
REC oseq=1068 s0=0x1e len=251 crc=1 rssi=-31 pairid=247 txtag=64 st=0x00 addr=476946231 end=476962616 air_us=1024 gap_us=76
REC oseq=1069 s0=0x1a len=250 crc=1 rssi=-52 pairid=246 txtag=64 st=0x00 addr=476963846 end=476980167 air_us=1020 gap_us=76
REC oseq=1070 s0=0x12 len=239 crc=1 rssi=-32 pairid=235 txtag=64 st=0x00 addr=476981384 end=476997001 air_us=976 gap_us=76
REC oseq=1071 s0=0x16 len=250 crc=0 rssi=-52 pairid=246 txtag=64 st=0x00 addr=476998230 end=477014551 air_us=1020 gap_us=76
REC oseq=1072 s0=0x0d len=0 crc=1 rssi=-32 pairid=246 txtag=64 st=0x00 addr=482292748 end=482293069 air_us=20 gap_us=329887
REC oseq=1073 s0=0x1a len=250 crc=1 rssi=-52 pairid=246 txtag=64 st=0x00 addr=482294286 end=482310607 air_us=1020 gap_us=76
REC oseq=1074 s0=0x01 len=0 crc=1 rssi=-32 pairid=246 txtag=64 st=0x00 addr=482311836 end=482312157 air_us=20 gap_us=76
REC oseq=1075 s0=0x16 len=250 crc=1 rssi=-52 pairid=246 txtag=64 st=0x00 addr=482313374 end=482329695 air_us=1020 gap_us=76
REC oseq=1076 s0=0x0d len=0 crc=1 rssi=-32 pairid=246 txtag=64 st=0x00 addr=482330925 end=482331246 air_us=20 gap_us=76
REC oseq=1077 s0=0x1a len=250 crc=1 rssi=-52 pairid=246 txtag=64 st=0x00 addr=482332462 end=482348783 air_us=1020 gap_us=76
REC oseq=1078 s0=0x01 len=0 crc=1 rssi=-32 pairid=246 txtag=64 st=0x00 addr=482350013 end=482350334 air_us=20 gap_us=76
REC oseq=1079 s0=0x16 len=250 crc=1 rssi=-52 pairid=246 txtag=64 st=0x00 addr=482351551 end=482367872 air_us=1020 gap_us=76
REC oseq=1080 s0=0x0d len=0 crc=1 rssi=-32 pairid=246 txtag=64 st=0x00 addr=482369101 end=482369422 air_us=20 gap_us=76
REC oseq=1081 s0=0x1a len=250 crc=1 rssi=-52 pairid=246 txtag=64 st=0x00 addr=482370638 end=482386959 air_us=1020 gap_us=76
REC oseq=1082 s0=0x01 len=0 crc=1 rssi=-32 pairid=246 txtag=64 st=0x00 addr=482388189 end=482388510 air_us=20 gap_us=76
REC oseq=1083 s0=0x16 len=250 crc=1 rssi=-52 pairid=246 txtag=64 st=0x00 addr=482389727 end=482406048 air_us=1020 gap_us=76
REC oseq=1084 s0=0x0d len=0 crc=1 rssi=-32 pairid=246 txtag=64 st=0x00 addr=482407278 end=482407599 air_us=20 gap_us=76
REC oseq=1085 s0=0x1a len=250 crc=0 rssi=-52 pairid=246 txtag=64 st=0x00 addr=482408815 end=482425136 air_us=1020 gap_us=76
REC oseq=1086 s0=0x0d len=0 crc=1 rssi=-32 pairid=246 txtag=64 st=0x00 addr=482426366 end=482426687 air_us=20 gap_us=76
REC oseq=1087 s0=0x1a len=250 crc=1 rssi=-52 pairid=246 txtag=64 st=0x00 addr=482427903 end=482444224 air_us=1020 gap_us=76
REC oseq=1088 s0=0x01 len=0 crc=1 rssi=-32 pairid=246 txtag=64 st=0x00 addr=482445454 end=482445775 air_us=20 gap_us=76
REC oseq=1089 s0=0x16 len=250 crc=1 rssi=-52 pairid=246 txtag=64 st=0x00 addr=482446992 end=482463313 air_us=1020 gap_us=76
REC oseq=1090 s0=0x0d len=0 crc=1 rssi=-32 pairid=246 txtag=64 st=0x00 addr=482464542 end=482464863 air_us=20 gap_us=76
REC oseq=1091 s0=0x1a len=250 crc=1 rssi=-52 pairid=246 txtag=64 st=0x00 addr=482466079 end=482482400 air_us=1020 gap_us=76
REC oseq=1092 s0=0x01 len=0 crc=1 rssi=-34 pairid=246 txtag=64 st=0x00 addr=482483631 end=482483952 air_us=20 gap_us=76
REC oseq=1093 s0=0x16 len=250 crc=1 rssi=-52 pairid=246 txtag=64 st=0x00 addr=482485168 end=482501489 air_us=1020 gap_us=76
REC oseq=1094 s0=0x0d len=0 crc=1 rssi=-32 pairid=246 txtag=64 st=0x00 addr=482502719 end=482503040 air_us=20 gap_us=76
REC oseq=1095 s0=0x1a len=250 crc=1 rssi=-52 pairid=246 txtag=64 st=0x00 addr=482504256 end=482520577 air_us=1020 gap_us=76
REC oseq=1096 s0=0x01 len=0 crc=1 rssi=-32 pairid=246 txtag=64 st=0x00 addr=482521807 end=482522128 air_us=20 gap_us=76
REC oseq=1097 s0=0x16 len=250 crc=0 rssi=-52 pairid=246 txtag=64 st=0x00 addr=482523344 end=482539665 air_us=1020 gap_us=76
REC oseq=1098 s0=0x56 len=121 crc=0 rssi=-91 pairid=30972 txtag=163 st=0x00 addr=483193835 end=483201900 air_us=504 gap_us=40885
REC oseq=1099 s0=0x1e len=251 crc=1 rssi=-32 pairid=247 txtag=64 st=0x00 addr=486372729 end=486389114 air_us=1024 gap_us=198176
REC oseq=1100 s0=0x1a len=250 crc=1 rssi=-52 pairid=246 txtag=64 st=0x00 addr=486390336 end=486406657 air_us=1020 gap_us=76
REC oseq=1101 s0=0x12 len=239 crc=1 rssi=-32 pairid=235 txtag=64 st=0x00 addr=486407882 end=486423499 air_us=976 gap_us=76
REC oseq=1102 s0=0x16 len=250 crc=1 rssi=-52 pairid=246 txtag=64 st=0x00 addr=486424721 end=486441042 air_us=1020 gap_us=76
REC oseq=1103 s0=0x1e len=251 crc=1 rssi=-32 pairid=247 txtag=64 st=0x00 addr=486442266 end=486458651 air_us=1024 gap_us=76
REC oseq=1104 s0=0x1a len=250 crc=1 rssi=-52 pairid=246 txtag=64 st=0x00 addr=486459873 end=486476194 air_us=1020 gap_us=76
REC oseq=1105 s0=0x12 len=239 crc=1 rssi=-32 pairid=235 txtag=64 st=0x00 addr=486477419 end=486493036 air_us=976 gap_us=76
REC oseq=1106 s0=0x16 len=250 crc=1 rssi=-52 pairid=246 txtag=64 st=0x00 addr=486494257 end=486510578 air_us=1020 gap_us=76
REC oseq=1107 s0=0x1e len=251 crc=1 rssi=-32 pairid=247 txtag=64 st=0x00 addr=486511803 end=486528188 air_us=1024 gap_us=76
REC oseq=1108 s0=0x1a len=250 crc=1 rssi=-53 pairid=246 txtag=64 st=0x00 addr=486529409 end=486545730 air_us=1020 gap_us=76
REC oseq=1109 s0=0x12 len=239 crc=1 rssi=-32 pairid=235 txtag=64 st=0x00 addr=486546956 end=486562573 air_us=976 gap_us=76
REC oseq=1110 s0=0x16 len=250 crc=1 rssi=-52 pairid=246 txtag=64 st=0x00 addr=486563794 end=486580115 air_us=1020 gap_us=76
REC oseq=1111 s0=0x1e len=251 crc=1 rssi=-32 pairid=247 txtag=64 st=0x00 addr=486581340 end=486597725 air_us=1024 gap_us=76
REC oseq=1112 s0=0x1a len=250 crc=0 rssi=-52 pairid=246 txtag=64 st=0x00 addr=486598946 end=486615267 air_us=1020 gap_us=76
REC oseq=1113 s0=0x1e len=251 crc=1 rssi=-32 pairid=247 txtag=64 st=0x00 addr=487092726 end=487109111 air_us=1024 gap_us=29841
REC oseq=1114 s0=0x1a len=250 crc=0 rssi=-52 pairid=246 txtag=64 st=0x00 addr=487110331 end=487126652 air_us=1020 gap_us=76
REC oseq=1115 s0=0x1e len=251 crc=1 rssi=-32 pairid=247 txtag=64 st=0x00 addr=487127879 end=487144264 air_us=1024 gap_us=76
REC oseq=1116 s0=0x1a len=250 crc=1 rssi=-52 pairid=246 txtag=64 st=0x00 addr=487145483 end=487161804 air_us=1020 gap_us=76
REC oseq=1117 s0=0x12 len=239 crc=1 rssi=-32 pairid=235 txtag=64 st=0x00 addr=487163031 end=487178648 air_us=976 gap_us=76
REC oseq=1118 s0=0x16 len=250 crc=1 rssi=-52 pairid=246 txtag=64 st=0x00 addr=487179868 end=487196189 air_us=1020 gap_us=76
REC oseq=1119 s0=0x1e len=251 crc=1 rssi=-32 pairid=247 txtag=64 st=0x00 addr=487197416 end=487213801 air_us=1024 gap_us=76
REC oseq=1120 s0=0x1a len=250 crc=1 rssi=-52 pairid=246 txtag=64 st=0x00 addr=487215020 end=487231341 air_us=1020 gap_us=76
REC oseq=1121 s0=0x12 len=239 crc=1 rssi=-32 pairid=235 txtag=64 st=0x00 addr=487232568 end=487248185 air_us=976 gap_us=76
REC oseq=1122 s0=0x16 len=250 crc=1 rssi=-52 pairid=246 txtag=64 st=0x00 addr=487249404 end=487265725 air_us=1020 gap_us=76
REC oseq=1123 s0=0x1e len=251 crc=1 rssi=-32 pairid=247 txtag=64 st=0x00 addr=487266952 end=487283337 air_us=1024 gap_us=76
REC oseq=1124 s0=0x1a len=250 crc=1 rssi=-53 pairid=246 txtag=64 st=0x00 addr=487284557 end=487300878 air_us=1020 gap_us=76
REC oseq=1125 s0=0x12 len=239 crc=1 rssi=-32 pairid=235 txtag=64 st=0x00 addr=487302105 end=487317722 air_us=976 gap_us=76
REC oseq=1126 s0=0x16 len=250 crc=0 rssi=-52 pairid=246 txtag=64 st=0x00 addr=487318941 end=487335262 air_us=1020 gap_us=76
REC oseq=1127 s0=0x12 len=251 crc=1 rssi=-32 pairid=247 txtag=64 st=0x00 addr=489252718 end=489269103 air_us=1024 gap_us=119841
REC oseq=1128 s0=0x16 len=250 crc=1 rssi=-52 pairid=246 txtag=64 st=0x00 addr=489270333 end=489286654 air_us=1020 gap_us=76
REC oseq=1129 s0=0x1e len=239 crc=1 rssi=-32 pairid=235 txtag=64 st=0x00 addr=489287870 end=489303487 air_us=976 gap_us=76
REC oseq=1130 s0=0x1a len=250 crc=1 rssi=-52 pairid=246 txtag=64 st=0x00 addr=489304717 end=489321038 air_us=1020 gap_us=76
REC oseq=1131 s0=0x12 len=251 crc=1 rssi=-32 pairid=247 txtag=64 st=0x00 addr=489322254 end=489338639 air_us=1024 gap_us=76
REC oseq=1132 s0=0x16 len=250 crc=1 rssi=-52 pairid=246 txtag=64 st=0x00 addr=489339870 end=489356191 air_us=1020 gap_us=76
REC oseq=1133 s0=0x1e len=239 crc=1 rssi=-32 pairid=235 txtag=64 st=0x00 addr=489357407 end=489373024 air_us=976 gap_us=76
REC oseq=1134 s0=0x1a len=250 crc=1 rssi=-52 pairid=246 txtag=64 st=0x00 addr=489374254 end=489390575 air_us=1020 gap_us=76
REC oseq=1135 s0=0x12 len=251 crc=1 rssi=-32 pairid=247 txtag=64 st=0x00 addr=489391792 end=489408177 air_us=1024 gap_us=76
REC oseq=1136 s0=0x16 len=250 crc=1 rssi=-52 pairid=246 txtag=64 st=0x00 addr=489409407 end=489425728 air_us=1020 gap_us=76
REC oseq=1137 s0=0x1e len=239 crc=1 rssi=-32 pairid=235 txtag=64 st=0x00 addr=489426944 end=489442561 air_us=976 gap_us=76
REC oseq=1138 s0=0x1a len=250 crc=1 rssi=-52 pairid=246 txtag=64 st=0x00 addr=489443791 end=489460112 air_us=1020 gap_us=76
REC oseq=1139 s0=0x12 len=251 crc=1 rssi=-32 pairid=247 txtag=64 st=0x00 addr=489461329 end=489477714 air_us=1024 gap_us=76
REC oseq=1140 s0=0x16 len=250 crc=0 rssi=-52 pairid=246 txtag=64 st=0x00 addr=489478943 end=489495264 air_us=1020 gap_us=76
REC oseq=1141 s0=0x45 len=85 crc=0 rssi=-92 pairid=29252 txtag=61 st=0x00 addr=496068126 end=496073887 air_us=360 gap_us=410803
REC oseq=1142 s0=0x1e len=251 crc=1 rssi=-32 pairid=247 txtag=64 st=0x00 addr=497172681 end=497189066 air_us=1024 gap_us=68674
REC oseq=1143 s0=0x1a len=250 crc=1 rssi=-52 pairid=246 txtag=64 st=0x00 addr=497190292 end=497206613 air_us=1020 gap_us=76
REC oseq=1144 s0=0x12 len=239 crc=1 rssi=-32 pairid=235 txtag=64 st=0x00 addr=497207834 end=497223451 air_us=976 gap_us=76
REC oseq=1145 s0=0x16 len=250 crc=1 rssi=-52 pairid=246 txtag=64 st=0x00 addr=497224676 end=497240997 air_us=1020 gap_us=76
REC oseq=1146 s0=0x1e len=251 crc=1 rssi=-32 pairid=247 txtag=64 st=0x00 addr=497242218 end=497258603 air_us=1024 gap_us=76
REC oseq=1147 s0=0x1a len=250 crc=1 rssi=-52 pairid=246 txtag=64 st=0x00 addr=497259828 end=497276149 air_us=1020 gap_us=76
REC oseq=1148 s0=0x12 len=239 crc=1 rssi=-32 pairid=235 txtag=64 st=0x00 addr=497277370 end=497292987 air_us=976 gap_us=76
REC oseq=1149 s0=0x16 len=250 crc=1 rssi=-52 pairid=246 txtag=64 st=0x00 addr=497294213 end=497310534 air_us=1020 gap_us=76
REC oseq=1150 s0=0x1e len=251 crc=1 rssi=-32 pairid=247 txtag=64 st=0x00 addr=497311755 end=497328140 air_us=1024 gap_us=76
REC oseq=1151 s0=0x1a len=250 crc=1 rssi=-52 pairid=246 txtag=64 st=0x00 addr=497329365 end=497345686 air_us=1020 gap_us=76
REC oseq=1152 s0=0x12 len=239 crc=1 rssi=-32 pairid=235 txtag=64 st=0x00 addr=497346907 end=497362524 air_us=976 gap_us=76
REC oseq=1153 s0=0x16 len=250 crc=1 rssi=-52 pairid=246 txtag=64 st=0x00 addr=497363749 end=497380070 air_us=1020 gap_us=76
REC oseq=1154 s0=0x1e len=251 crc=1 rssi=-32 pairid=247 txtag=64 st=0x00 addr=497381292 end=497397677 air_us=1024 gap_us=76
REC oseq=1155 s0=0x1a len=250 crc=0 rssi=-53 pairid=246 txtag=64 st=0x00 addr=497398901 end=497415222 air_us=1020 gap_us=76
REC oseq=1156 s0=0x0d len=0 crc=1 rssi=-32 pairid=246 txtag=64 st=0x00 addr=501252661 end=501252982 air_us=20 gap_us=239839
REC oseq=1157 s0=0x1a len=250 crc=1 rssi=-52 pairid=246 txtag=64 st=0x00 addr=501254199 end=501270520 air_us=1020 gap_us=76
REC oseq=1158 s0=0x01 len=0 crc=1 rssi=-32 pairid=246 txtag=64 st=0x00 addr=501271750 end=501272071 air_us=20 gap_us=76
REC oseq=1159 s0=0x16 len=250 crc=1 rssi=-52 pairid=246 txtag=64 st=0x00 addr=501273287 end=501289608 air_us=1020 gap_us=76
REC oseq=1160 s0=0x0d len=0 crc=1 rssi=-32 pairid=246 txtag=64 st=0x00 addr=501290838 end=501291159 air_us=20 gap_us=76
REC oseq=1161 s0=0x1a len=250 crc=1 rssi=-52 pairid=246 txtag=64 st=0x00 addr=501292375 end=501308696 air_us=1020 gap_us=76
REC oseq=1162 s0=0x01 len=0 crc=1 rssi=-32 pairid=246 txtag=64 st=0x00 addr=501309927 end=501310248 air_us=20 gap_us=76
REC oseq=1163 s0=0x16 len=250 crc=1 rssi=-52 pairid=246 txtag=64 st=0x00 addr=501311464 end=501327785 air_us=1020 gap_us=76
REC oseq=1164 s0=0x0d len=0 crc=1 rssi=-32 pairid=246 txtag=64 st=0x00 addr=501329015 end=501329336 air_us=20 gap_us=76
REC oseq=1165 s0=0x1a len=12 crc=1 rssi=-52 pairid=8 txtag=5 st=0x00 addr=501330552 end=501331641 air_us=68 gap_us=76
REC oseq=1166 s0=0x01 len=0 crc=1 rssi=-32 pairid=8 txtag=5 st=0x00 addr=501332871 end=501333192 air_us=20 gap_us=76
REC oseq=1167 s0=0x16 len=250 crc=1 rssi=-52 pairid=246 txtag=64 st=0x00 addr=501334408 end=501350729 air_us=1020 gap_us=76
REC oseq=1168 s0=0x1e len=251 crc=1 rssi=-32 pairid=247 txtag=64 st=0x00 addr=501351959 end=501368344 air_us=1024 gap_us=76
REC oseq=1169 s0=0x1a len=250 crc=1 rssi=-52 pairid=246 txtag=64 st=0x00 addr=501369560 end=501385881 air_us=1020 gap_us=76
REC oseq=1170 s0=0x12 len=239 crc=1 rssi=-30 pairid=235 txtag=64 st=0x00 addr=501387111 end=501402728 air_us=976 gap_us=76
REC oseq=1171 s0=0x16 len=250 crc=1 rssi=-52 pairid=246 txtag=64 st=0x00 addr=501403944 end=501420265 air_us=1020 gap_us=76
REC oseq=1172 s0=0x1e len=251 crc=1 rssi=-30 pairid=247 txtag=64 st=0x00 addr=501421480 end=501437865 air_us=1024 gap_us=75
REC oseq=1173 s0=0x1a len=250 crc=1 rssi=-52 pairid=246 txtag=64 st=0x00 addr=501439081 end=501455402 air_us=1020 gap_us=76
REC oseq=1174 s0=0x12 len=239 crc=1 rssi=-30 pairid=235 txtag=64 st=0x00 addr=501456617 end=501472234 air_us=976 gap_us=75
REC oseq=1175 s0=0x16 len=250 crc=0 rssi=-52 pairid=246 txtag=64 st=0x00 addr=501473449 end=501489770 air_us=1020 gap_us=75
REC oseq=1176 s0=0x2d len=35 crc=0 rssi=-92 pairid=55372 txtag=72 st=0x00 addr=502452657 end=502455218 air_us=160 gap_us=60180
REC oseq=1177 s0=0x2d len=35 crc=0 rssi=-90 pairid=38988 txtag=80 st=0x00 addr=502487810 end=502490371 air_us=160 gap_us=2037
REC oseq=1178 s0=0x21 len=55 crc=0 rssi=-91 pairid=38992 txtag=72 st=0x00 addr=502522963 end=502526804 air_us=240 gap_us=2037
REC oseq=1179 s0=0x2d len=35 crc=0 rssi=-90 pairid=55373 txtag=72 st=0x00 addr=502557348 end=502559909 air_us=160 gap_us=1909
REC oseq=1180 s0=0x21 len=55 crc=0 rssi=-91 pairid=38992 txtag=72 st=0x00 addr=502592498 end=502596339 air_us=240 gap_us=2036
REC oseq=1181 s0=0x2d len=163 crc=0 rssi=-91 pairid=38989 txtag=72 st=0x00 addr=502626883 end=502637636 air_us=672 gap_us=1909
REC oseq=1182 s0=0x21 len=55 crc=0 rssi=-91 pairid=38992 txtag=72 st=0x00 addr=502662037 end=502665878 air_us=240 gap_us=1525
REC oseq=1183 s0=0x9d len=65 crc=0 rssi=-92 pairid=10687 txtag=192 st=0x00 addr=504957333 end=504961814 air_us=280 gap_us=143215
REC oseq=1184 s0=0x9d len=65 crc=0 rssi=-92 pairid=34952 txtag=0 st=0x00 addr=505026872 end=505031353 air_us=280 gap_us=4066
REC oseq=1185 s0=0x9d len=213 crc=0 rssi=-90 pairid=59772 txtag=0 st=0x00 addr=507116559 end=507130512 air_us=872 gap_us=130325
REC oseq=1186 s0=0x91 len=65 crc=0 rssi=-90 pairid=35314 txtag=96 st=0x00 addr=507941243 end=507945724 air_us=280 gap_us=50670
REC oseq=1187 s0=0x32 len=216 crc=0 rssi=-89 pairid=49660 txtag=214 st=0x00 addr=508932627 end=508946772 air_us=884 gap_us=61681
REC oseq=1188 s0=0x3e len=216 crc=0 rssi=-90 pairid=35465 txtag=214 st=0x00 addr=508951715 end=508965860 air_us=884 gap_us=308
REC oseq=1189 s0=0x32 len=216 crc=0 rssi=-91 pairid=33276 txtag=206 st=0x00 addr=508970804 end=508984949 air_us=884 gap_us=309
REC oseq=1190 s0=0x3e len=216 crc=0 rssi=-91 pairid=35465 txtag=214 st=0x00 addr=508989892 end=509004037 air_us=884 gap_us=308
REC oseq=1191 s0=0x2d len=55 crc=0 rssi=-91 pairid=38992 txtag=72 st=0x00 addr=509012837 end=509016678 air_us=240 gap_us=550
REC oseq=1192 s0=0x21 len=227 crc=0 rssi=-91 pairid=38988 txtag=72 st=0x00 addr=509047221 end=509062070 air_us=928 gap_us=1908
REC oseq=1193 s0=0x2d len=55 crc=0 rssi=-91 pairid=38992 txtag=72 st=0x00 addr=509082374 end=509086215 air_us=240 gap_us=1269
REC oseq=1194 s0=0x21 len=35 crc=0 rssi=-91 pairid=38988 txtag=72 st=0x00 addr=509116759 end=509119320 air_us=160 gap_us=1909
REC oseq=1195 s0=0x6d len=55 crc=0 rssi=-91 pairid=38992 txtag=80 st=0x00 addr=509151911 end=509155752 air_us=240 gap_us=2036
REC oseq=1196 s0=0x82 len=207 crc=0 rssi=-91 pairid=7094 txtag=158 st=0x00 addr=516285302 end=516298871 air_us=848 gap_us=445596
REC oseq=1197 s0=0x8e len=173 crc=0 rssi=-91 pairid=7117 txtag=158 st=0x00 addr=516323478 end=516334871 air_us=712 gap_us=1537
REC oseq=1198 s0=0x8e len=173 crc=0 rssi=-91 pairid=55232 txtag=158 st=0x00 addr=516361654 end=516373047 air_us=712 gap_us=1673
REC oseq=1199 s0=0x91 len=65 crc=0 rssi=-91 pairid=52656 txtag=0 st=0x00 addr=517402127 end=517406608 air_us=280 gap_us=64317
REC oseq=1200 s0=0x9e len=85 crc=0 rssi=-91 pairid=254 txtag=0 st=0x00 addr=517506049 end=517511810 air_us=360 gap_us=6215
REC oseq=1201 s0=0x91 len=66 crc=0 rssi=-91 pairid=27079 txtag=0 st=0x00 addr=517541200 end=517545745 air_us=284 gap_us=1836
REC oseq=1202 s0=0x0d len=0 crc=1 rssi=-32 pairid=27079 txtag=0 st=0x00 addr=520932573 end=520932894 air_us=20 gap_us=211676
REC oseq=1203 s0=0x1a len=250 crc=1 rssi=-52 pairid=246 txtag=64 st=0x00 addr=520934123 end=520950444 air_us=1020 gap_us=76
REC oseq=1204 s0=0x01 len=0 crc=1 rssi=-32 pairid=246 txtag=64 st=0x00 addr=520951661 end=520951982 air_us=20 gap_us=76
REC oseq=1205 s0=0x16 len=250 crc=1 rssi=-52 pairid=246 txtag=64 st=0x00 addr=520953211 end=520969532 air_us=1020 gap_us=76
REC oseq=1206 s0=0x0e len=12 crc=1 rssi=-32 pairid=8 txtag=5 st=0x00 addr=520970749 end=520971838 air_us=68 gap_us=76
REC oseq=1207 s0=0x1a len=250 crc=1 rssi=-52 pairid=246 txtag=64 st=0x00 addr=520973067 end=520989388 air_us=1020 gap_us=76
REC oseq=1208 s0=0x01 len=0 crc=1 rssi=-32 pairid=246 txtag=64 st=0x00 addr=520990605 end=520990926 air_us=20 gap_us=76
REC oseq=1209 s0=0x16 len=250 crc=1 rssi=-52 pairid=246 txtag=64 st=0x00 addr=520992156 end=521008477 air_us=1020 gap_us=76
REC oseq=1210 s0=0x0d len=0 crc=1 rssi=-32 pairid=246 txtag=64 st=0x00 addr=521009694 end=521010015 air_us=20 gap_us=76
REC oseq=1211 s0=0x1a len=250 crc=1 rssi=-52 pairid=246 txtag=64 st=0x00 addr=521011244 end=521027565 air_us=1020 gap_us=76
REC oseq=1212 s0=0x01 len=0 crc=1 rssi=-32 pairid=246 txtag=64 st=0x00 addr=521028782 end=521029103 air_us=20 gap_us=76
REC oseq=1213 s0=0x16 len=250 crc=1 rssi=-52 pairid=246 txtag=64 st=0x00 addr=521030332 end=521046653 air_us=1020 gap_us=76
REC oseq=1214 s0=0x0d len=0 crc=1 rssi=-32 pairid=246 txtag=64 st=0x00 addr=521047870 end=521048191 air_us=20 gap_us=76
REC oseq=1215 s0=0x1a len=250 crc=1 rssi=-52 pairid=246 txtag=64 st=0x00 addr=521049420 end=521065741 air_us=1020 gap_us=76
REC oseq=1216 s0=0x01 len=0 crc=1 rssi=-32 pairid=246 txtag=64 st=0x00 addr=521066958 end=521067279 air_us=20 gap_us=76
REC oseq=1217 s0=0x16 len=250 crc=1 rssi=-52 pairid=246 txtag=64 st=0x00 addr=521068508 end=521084829 air_us=1020 gap_us=76
REC oseq=1218 s0=0x0d len=0 crc=1 rssi=-32 pairid=246 txtag=64 st=0x00 addr=521086046 end=521086367 air_us=20 gap_us=76
REC oseq=1219 s0=0x1a len=250 crc=1 rssi=-52 pairid=246 txtag=64 st=0x00 addr=521087597 end=521103918 air_us=1020 gap_us=76
REC oseq=1220 s0=0x01 len=0 crc=1 rssi=-32 pairid=246 txtag=64 st=0x00 addr=521105135 end=521105456 air_us=20 gap_us=76
REC oseq=1221 s0=0x16 len=250 crc=1 rssi=-52 pairid=246 txtag=64 st=0x00 addr=521106685 end=521123006 air_us=1020 gap_us=76
REC oseq=1222 s0=0x0d len=0 crc=1 rssi=-32 pairid=246 txtag=64 st=0x00 addr=521124223 end=521124544 air_us=20 gap_us=76
REC oseq=1223 s0=0x1a len=250 crc=1 rssi=-52 pairid=246 txtag=64 st=0x00 addr=521125773 end=521142094 air_us=1020 gap_us=76
REC oseq=1224 s0=0x01 len=0 crc=1 rssi=-32 pairid=246 txtag=64 st=0x00 addr=521143311 end=521143632 air_us=20 gap_us=76
REC oseq=1225 s0=0x16 len=250 crc=1 rssi=-52 pairid=246 txtag=64 st=0x00 addr=521144861 end=521161182 air_us=1020 gap_us=76
REC oseq=1226 s0=0x0d len=0 crc=1 rssi=-32 pairid=246 txtag=64 st=0x00 addr=521162400 end=521162721 air_us=20 gap_us=76
REC oseq=1227 s0=0x1a len=250 crc=0 rssi=-53 pairid=246 txtag=64 st=0x00 addr=521163949 end=521180270 air_us=1020 gap_us=76
REC oseq=1228 s0=0x91 len=65 crc=0 rssi=-91 pairid=3286 txtag=0 st=0x00 addr=522407719 end=522412200 air_us=280 gap_us=76715
REC oseq=1229 s0=0x8e len=43 crc=0 rssi=-91 pairid=7028 txtag=30 st=0x00 addr=525991637 end=525994710 air_us=192 gap_us=223714
REC oseq=1230 s0=0x82 len=171 crc=0 rssi=-91 pairid=7298 txtag=94 st=0x00 addr=526010726 end=526021991 air_us=704 gap_us=1001
REC oseq=1231 s0=0xae len=172 crc=0 rssi=-90 pairid=13721 txtag=62 st=0x00 addr=526182521 end=526193850 air_us=708 gap_us=10033
REC oseq=1232 s0=0x1e len=251 crc=1 rssi=-32 pairid=247 txtag=64 st=0x00 addr=527892540 end=527908925 air_us=1024 gap_us=106168
REC oseq=1233 s0=0x1a len=250 crc=1 rssi=-52 pairid=246 txtag=64 st=0x00 addr=527910154 end=527926475 air_us=1020 gap_us=76
REC oseq=1234 s0=0x12 len=239 crc=1 rssi=-32 pairid=235 txtag=64 st=0x00 addr=527927693 end=527943310 air_us=976 gap_us=76
REC oseq=1235 s0=0x16 len=250 crc=1 rssi=-52 pairid=246 txtag=64 st=0x00 addr=527944539 end=527960860 air_us=1020 gap_us=76
REC oseq=1236 s0=0x1e len=251 crc=1 rssi=-32 pairid=247 txtag=64 st=0x00 addr=527962077 end=527978462 air_us=1024 gap_us=76
REC oseq=1237 s0=0x1a len=250 crc=1 rssi=-52 pairid=246 txtag=64 st=0x00 addr=527979691 end=527996012 air_us=1020 gap_us=76
REC oseq=1238 s0=0x12 len=239 crc=1 rssi=-32 pairid=235 txtag=64 st=0x00 addr=527997230 end=528012847 air_us=976 gap_us=76
REC oseq=1239 s0=0x16 len=250 crc=1 rssi=-52 pairid=246 txtag=64 st=0x00 addr=528014075 end=528030396 air_us=1020 gap_us=76
REC oseq=1240 s0=0x1e len=251 crc=1 rssi=-32 pairid=247 txtag=64 st=0x00 addr=528031614 end=528047999 air_us=1024 gap_us=76
REC oseq=1241 s0=0x1a len=250 crc=1 rssi=-52 pairid=246 txtag=64 st=0x00 addr=528049228 end=528065549 air_us=1020 gap_us=76
REC oseq=1242 s0=0x02 len=12 crc=1 rssi=-32 pairid=8 txtag=5 st=0x00 addr=528066766 end=528067855 air_us=68 gap_us=76
REC oseq=1243 s0=0x16 len=250 crc=0 rssi=-52 pairid=246 txtag=64 st=0x00 addr=528069084 end=528085405 air_us=1020 gap_us=76
REC oseq=1244 s0=0x0d len=0 crc=1 rssi=-32 pairid=246 txtag=64 st=0x00 addr=528086623 end=528086944 air_us=20 gap_us=76
REC oseq=1245 s0=0x1a len=250 crc=1 rssi=-52 pairid=246 txtag=64 st=0x00 addr=528088172 end=528104493 air_us=1020 gap_us=76
REC oseq=1246 s0=0x01 len=0 crc=1 rssi=-32 pairid=246 txtag=64 st=0x00 addr=528105711 end=528106032 air_us=20 gap_us=76
REC oseq=1247 s0=0x16 len=250 crc=1 rssi=-52 pairid=246 txtag=64 st=0x00 addr=528107260 end=528123581 air_us=1020 gap_us=76
REC oseq=1248 s0=0x0d len=0 crc=1 rssi=-32 pairid=246 txtag=64 st=0x00 addr=528124800 end=528125121 air_us=20 gap_us=76
REC oseq=1249 s0=0x1a len=250 crc=0 rssi=-52 pairid=246 txtag=64 st=0x00 addr=528126349 end=528142670 air_us=1020 gap_us=76
REC oseq=1250 s0=0x32 len=216 crc=0 rssi=-90 pairid=33276 txtag=214 st=0x00 addr=528151629 end=528165774 air_us=884 gap_us=559
REC oseq=1251 s0=0x3e len=212 crc=0 rssi=-90 pairid=35465 txtag=214 st=0x00 addr=528170717 end=528184606 air_us=868 gap_us=308
REC oseq=1252 s0=0x32 len=88 crc=0 rssi=-90 pairid=33277 txtag=214 st=0x00 addr=528189805 end=528195758 air_us=372 gap_us=324
REC oseq=1253 s0=0x3e len=216 crc=0 rssi=-91 pairid=35465 txtag=222 st=0x00 addr=528247069 end=528261214 air_us=884 gap_us=3206
REC oseq=1254 s0=0x32 len=216 crc=0 rssi=-90 pairid=33276 txtag=214 st=0x00 addr=528266158 end=528280303 air_us=884 gap_us=309
REC oseq=1255 s0=0x3e len=216 crc=0 rssi=-91 pairid=35465 txtag=214 st=0x00 addr=528285246 end=528299391 air_us=884 gap_us=308
REC oseq=1256 s0=0x3e len=216 crc=0 rssi=-89 pairid=35465 txtag=222 st=0x00 addr=528361598 end=528375743 air_us=884 gap_us=3887
REC oseq=1257 s0=0x8e len=167 crc=0 rssi=-91 pairid=55573 txtag=134 st=0x00 addr=538768845 end=538779854 air_us=688 gap_us=649568
REC oseq=1258 s0=0x02 len=45 crc=0 rssi=-91 pairid=9418 txtag=144 st=0x00 addr=538826111 end=538829313 air_us=200 gap_us=2891
REC oseq=1259 s0=0x8e len=175 crc=0 rssi=-90 pairid=922 txtag=94 st=0x00 addr=538883374 end=538894895 air_us=720 gap_us=3378
REC oseq=1260 s0=0x21 len=55 crc=0 rssi=-91 pairid=55376 txtag=72 st=0x00 addr=542532474 end=542536315 air_us=240 gap_us=227348
REC oseq=1261 s0=0x25 len=35 crc=0 rssi=-91 pairid=38988 txtag=80 st=0x00 addr=542566858 end=542569419 air_us=160 gap_us=1908
REC oseq=1262 s0=0xed len=35 crc=0 rssi=-90 pairid=55372 txtag=64 st=0x00 addr=542636395 end=542638956 air_us=160 gap_us=4186
REC oseq=1263 s0=0x21 len=55 crc=0 rssi=-91 pairid=38992 txtag=80 st=0x00 addr=542671547 end=542675388 air_us=240 gap_us=2036
REC oseq=1264 s0=0x1e len=251 crc=1 rssi=-32 pairid=247 txtag=64 st=0x00 addr=547092453 end=547108838 air_us=1024 gap_us=276066
REC oseq=1265 s0=0x1a len=250 crc=1 rssi=-52 pairid=246 txtag=64 st=0x00 addr=547110066 end=547126387 air_us=1020 gap_us=76
REC oseq=1266 s0=0x12 len=239 crc=1 rssi=-32 pairid=235 txtag=64 st=0x00 addr=547127606 end=547143223 air_us=976 gap_us=76
REC oseq=1267 s0=0x16 len=250 crc=1 rssi=-52 pairid=246 txtag=64 st=0x00 addr=547144450 end=547160771 air_us=1020 gap_us=76
REC oseq=1268 s0=0x1e len=251 crc=1 rssi=-32 pairid=247 txtag=64 st=0x00 addr=547161990 end=547178375 air_us=1024 gap_us=76
REC oseq=1269 s0=0x1a len=250 crc=1 rssi=-52 pairid=246 txtag=64 st=0x00 addr=547179603 end=547195924 air_us=1020 gap_us=76
REC oseq=1270 s0=0x12 len=239 crc=1 rssi=-32 pairid=235 txtag=64 st=0x00 addr=547197143 end=547212760 air_us=976 gap_us=76
REC oseq=1271 s0=0x16 len=250 crc=1 rssi=-52 pairid=246 txtag=64 st=0x00 addr=547213987 end=547230308 air_us=1020 gap_us=76
REC oseq=1272 s0=0x1e len=251 crc=1 rssi=-32 pairid=247 txtag=64 st=0x00 addr=547231528 end=547247913 air_us=1024 gap_us=76
REC oseq=1273 s0=0x1a len=250 crc=1 rssi=-51 pairid=246 txtag=64 st=0x00 addr=547249139 end=547265460 air_us=1020 gap_us=76
REC oseq=1274 s0=0x12 len=239 crc=1 rssi=-32 pairid=235 txtag=64 st=0x00 addr=547266680 end=547282297 air_us=976 gap_us=76
REC oseq=1275 s0=0x1e len=251 crc=1 rssi=-32 pairid=247 txtag=64 st=0x00 addr=547301064 end=547317449 air_us=1024 gap_us=1172
REC oseq=1276 s0=0x1a len=250 crc=0 rssi=-52 pairid=246 txtag=64 st=0x00 addr=547318676 end=547334997 air_us=1020 gap_us=76
REC oseq=1277 s0=0x49 len=214 crc=0 rssi=-91 pairid=25596 txtag=57 st=0x00 addr=548532447 end=548546464 air_us=876 gap_us=74840
REC oseq=1278 s0=0x49 len=149 crc=0 rssi=-91 pairid=26556 txtag=45 st=0x00 addr=548723331 end=548733188 air_us=616 gap_us=11054
REC oseq=1279 s0=0x82 len=161 crc=0 rssi=-90 pairid=53442 txtag=174 st=0x00 addr=548810624 end=548821249 air_us=664 gap_us=4839
REC oseq=1280 s0=0x8e len=173 crc=0 rssi=-91 pairid=6971 txtag=158 st=0x00 addr=548829712 end=548841105 air_us=712 gap_us=528
REC oseq=1281 s0=0x3e len=216 crc=0 rssi=-89 pairid=35465 txtag=214 st=0x00 addr=550692437 end=550706582 air_us=884 gap_us=115708
REC oseq=1282 s0=0x32 len=218 crc=0 rssi=-90 pairid=33276 txtag=214 st=0x00 addr=550711526 end=550725799 air_us=892 gap_us=309
REC oseq=1283 s0=0x0e len=216 crc=0 rssi=-90 pairid=35465 txtag=214 st=0x00 addr=550730615 end=550744760 air_us=884 gap_us=301
REC oseq=1284 s0=0x02 len=88 crc=0 rssi=-90 pairid=33277 txtag=214 st=0x00 addr=550749702 end=550755655 air_us=372 gap_us=308
REC oseq=1285 s0=0x32 len=216 crc=0 rssi=-90 pairid=33277 txtag=214 st=0x00 addr=550788647 end=550802792 air_us=884 gap_us=2062
REC oseq=1286 s0=0x3e len=216 crc=0 rssi=-90 pairid=35465 txtag=206 st=0x00 addr=550807736 end=550821881 air_us=884 gap_us=309
REC oseq=1287 s0=0x3e len=216 crc=0 rssi=-90 pairid=35465 txtag=214 st=0x00 addr=550845913 end=550860058 air_us=884 gap_us=1502
REC oseq=1288 s0=0x32 len=216 crc=0 rssi=-90 pairid=33276 txtag=214 st=0x00 addr=550903177 end=550917322 air_us=884 gap_us=2694
REC oseq=1289 s0=0x3e len=216 crc=0 rssi=-90 pairid=35465 txtag=214 st=0x00 addr=550922266 end=550936411 air_us=884 gap_us=309
REC oseq=1290 s0=0x21 len=87 crc=0 rssi=-91 pairid=38992 txtag=72 st=0x00 addr=551652433 end=551658322 air_us=368 gap_us=44751
REC oseq=1291 s0=0x21 len=55 crc=0 rssi=-92 pairid=38992 txtag=72 st=0x00 addr=551721969 end=551725810 air_us=240 gap_us=3977
REC oseq=1292 s0=0x1d len=35 crc=0 rssi=-91 pairid=38988 txtag=72 st=0x00 addr=551756354 end=551758915 air_us=160 gap_us=1909
REC oseq=1293 s0=0x41 len=55 crc=0 rssi=-91 pairid=38992 txtag=72 st=0x00 addr=551791507 end=551795348 air_us=240 gap_us=2037
REC oseq=1294 s0=0x2d len=35 crc=0 rssi=-92 pairid=38988 txtag=72 st=0x00 addr=551825891 end=551828452 air_us=160 gap_us=1908
REC oseq=1295 s0=0x21 len=55 crc=0 rssi=-91 pairid=38992 txtag=72 st=0x00 addr=551861044 end=551864885 air_us=240 gap_us=2037
REC oseq=1296 s0=0x2d len=55 crc=0 rssi=-91 pairid=38992 txtag=72 st=0x00 addr=554532420 end=554536261 air_us=240 gap_us=166720
REC oseq=1297 s0=0x21 len=163 crc=0 rssi=-91 pairid=38988 txtag=80 st=0x00 addr=554566804 end=554577557 air_us=672 gap_us=1908
REC oseq=1298 s0=0x2d len=55 crc=0 rssi=-92 pairid=38992 txtag=64 st=0x00 addr=554601956 end=554605797 air_us=240 gap_us=1524
REC oseq=1299 s0=0x21 len=35 crc=0 rssi=-91 pairid=38988 txtag=72 st=0x00 addr=554636343 end=554638904 air_us=160 gap_us=1909
REC oseq=1300 s0=0x21 len=35 crc=0 rssi=-92 pairid=38988 txtag=80 st=0x00 addr=554671494 end=554674055 air_us=160 gap_us=2036
REC oseq=1301 s0=0x2d len=55 crc=0 rssi=-91 pairid=38992 txtag=72 st=0x00 addr=554706646 end=554710487 air_us=240 gap_us=2036
REC oseq=1302 s0=0x21 len=35 crc=0 rssi=-91 pairid=38988 txtag=72 st=0x00 addr=554741031 end=554743592 air_us=160 gap_us=1909
REC oseq=1303 s0=0x91 len=214 crc=0 rssi=-91 pairid=3464 txtag=0 st=0x00 addr=559541010 end=559555027 air_us=876 gap_us=299838
REC oseq=1304 s0=0x1e len=251 crc=1 rssi=-32 pairid=247 txtag=64 st=0x00 addr=562212385 end=562228770 air_us=1024 gap_us=166084
REC oseq=1305 s0=0x1a len=250 crc=1 rssi=-52 pairid=246 txtag=64 st=0x00 addr=562229991 end=562246312 air_us=1020 gap_us=76
REC oseq=1306 s0=0x12 len=239 crc=1 rssi=-32 pairid=235 txtag=64 st=0x00 addr=562247538 end=562263155 air_us=976 gap_us=76
REC oseq=1307 s0=0x16 len=250 crc=1 rssi=-52 pairid=246 txtag=64 st=0x00 addr=562264375 end=562280696 air_us=1020 gap_us=76
REC oseq=1308 s0=0x1e len=251 crc=1 rssi=-32 pairid=247 txtag=64 st=0x00 addr=562281922 end=562298307 air_us=1024 gap_us=76
REC oseq=1309 s0=0x1a len=250 crc=1 rssi=-52 pairid=246 txtag=64 st=0x00 addr=562299528 end=562315849 air_us=1020 gap_us=76
REC oseq=1310 s0=0x12 len=239 crc=1 rssi=-32 pairid=235 txtag=64 st=0x00 addr=562317075 end=562332692 air_us=976 gap_us=76
REC oseq=1311 s0=0x16 len=250 crc=1 rssi=-52 pairid=246 txtag=64 st=0x00 addr=562333912 end=562350233 air_us=1020 gap_us=76
REC oseq=1312 s0=0x1e len=251 crc=1 rssi=-32 pairid=247 txtag=64 st=0x00 addr=562351459 end=562367844 air_us=1024 gap_us=76
REC oseq=1313 s0=0x1a len=250 crc=1 rssi=-52 pairid=246 txtag=64 st=0x00 addr=562369065 end=562385386 air_us=1020 gap_us=76
REC oseq=1314 s0=0x12 len=239 crc=1 rssi=-32 pairid=235 txtag=64 st=0x00 addr=562386611 end=562402228 air_us=976 gap_us=76
REC oseq=1315 s0=0x16 len=250 crc=1 rssi=-52 pairid=246 txtag=64 st=0x00 addr=562403449 end=562419770 air_us=1020 gap_us=76
REC oseq=1316 s0=0x1e len=251 crc=1 rssi=-32 pairid=247 txtag=64 st=0x00 addr=562420996 end=562437381 air_us=1024 gap_us=76
REC oseq=1317 s0=0x1a len=250 crc=0 rssi=-52 pairid=246 txtag=64 st=0x00 addr=562438601 end=562454922 air_us=1020 gap_us=76
REC oseq=1318 s0=0x69 len=174 crc=0 rssi=-92 pairid=57648 txtag=61 st=0x00 addr=563344174 end=563355631 air_us=716 gap_us=55578
REC oseq=1319 s0=0x45 len=86 crc=0 rssi=-91 pairid=59973 txtag=61 st=0x00 addr=563401440 end=563407265 air_us=364 gap_us=2863
REC oseq=1320 s0=0x91 len=193 crc=0 rssi=-91 pairid=800 txtag=0 st=0x00 addr=565092374 end=565105047 air_us=792 gap_us=105319
REC oseq=1321 s0=0x9d len=67 crc=0 rssi=-91 pairid=33094 txtag=4 st=0x00 addr=569721890 end=569726500 air_us=288 gap_us=288552
REC oseq=1322 s0=0x5d len=129 crc=0 rssi=-93 pairid=35194 txtag=0 st=0x00 addr=569791425 end=569800002 air_us=536 gap_us=4057
REC oseq=1323 s0=0x21 len=55 crc=0 rssi=-91 pairid=38993 txtag=72 st=0x00 addr=577092319 end=577096160 air_us=240 gap_us=455769
REC oseq=1324 s0=0x2d len=67 crc=0 rssi=-91 pairid=38988 txtag=72 st=0x00 addr=577126685 end=577131294 air_us=288 gap_us=1907
REC oseq=1325 s0=0x21 len=55 crc=0 rssi=-92 pairid=38992 txtag=72 st=0x00 addr=577161839 end=577165680 air_us=240 gap_us=1909
REC oseq=1326 s0=0x2d len=35 crc=0 rssi=-92 pairid=38988 txtag=72 st=0x00 addr=577196206 end=577198767 air_us=160 gap_us=1907
REC oseq=1327 s0=0x21 len=55 crc=0 rssi=-92 pairid=38992 txtag=72 st=0x00 addr=577231344 end=577235185 air_us=240 gap_us=2036
REC oseq=1328 s0=0x2d len=35 crc=0 rssi=-90 pairid=38988 txtag=72 st=0x00 addr=577265712 end=577268273 air_us=160 gap_us=1907
REC oseq=1329 s0=0x21 len=53 crc=0 rssi=-91 pairid=38992 txtag=72 st=0x00 addr=577300865 end=577304578 air_us=232 gap_us=2037
REC oseq=1330 s0=0x49 len=150 crc=0 rssi=-91 pairid=57648 txtag=61 st=0x00 addr=578425929 end=578435850 air_us=620 gap_us=70084
REC oseq=1331 s0=0x72 len=109 crc=0 rssi=-92 pairid=47232 txtag=163 st=0x00 addr=584740893 end=584748190 air_us=456 gap_us=394065
REC oseq=1332 s0=0x21 len=55 crc=0 rssi=-91 pairid=38992 txtag=80 st=0x00 addr=592692247 end=592696088 air_us=240 gap_us=496503
REC oseq=1333 s0=0x2d len=35 crc=0 rssi=-91 pairid=38988 txtag=72 st=0x00 addr=592796168 end=592798729 air_us=160 gap_us=6255
REC oseq=1334 s0=0x2d len=35 crc=0 rssi=-91 pairid=38988 txtag=72 st=0x00 addr=592831320 end=592833881 air_us=160 gap_us=2036
REC oseq=1335 s0=0x21 len=55 crc=0 rssi=-90 pairid=38992 txtag=72 st=0x00 addr=592866473 end=592870314 air_us=240 gap_us=2037
REC oseq=1336 s0=0x2d len=35 crc=0 rssi=-91 pairid=38988 txtag=72 st=0x00 addr=592900857 end=592903418 air_us=160 gap_us=1908
REC oseq=1337 s0=0x25 len=35 crc=0 rssi=-91 pairid=55372 txtag=72 st=0x00 addr=594372241 end=594374802 air_us=160 gap_us=91801
REC oseq=1338 s0=0x2d len=55 crc=0 rssi=-90 pairid=38992 txtag=72 st=0x00 addr=594407393 end=594411234 air_us=240 gap_us=2036
REC oseq=1339 s0=0x21 len=35 crc=0 rssi=-91 pairid=38988 txtag=72 st=0x00 addr=594441776 end=594444337 air_us=160 gap_us=1908
REC oseq=1340 s0=0x2d len=55 crc=0 rssi=-91 pairid=38992 txtag=72 st=0x00 addr=594476929 end=594480770 air_us=240 gap_us=2037
REC oseq=1341 s0=0x2d len=55 crc=0 rssi=-91 pairid=55376 txtag=72 st=0x00 addr=594511315 end=594515156 air_us=240 gap_us=1909
REC oseq=1342 s0=0x21 len=35 crc=0 rssi=-91 pairid=55372 txtag=72 st=0x00 addr=594545698 end=594548259 air_us=160 gap_us=1908
REC oseq=1343 s0=0x2d len=53 crc=0 rssi=-91 pairid=38992 txtag=72 st=0x00 addr=594580850 end=594584563 air_us=232 gap_us=2036
REC oseq=1344 s0=0x9d len=73 crc=0 rssi=-92 pairid=50050 txtag=0 st=0x00 addr=595676157 end=595681150 air_us=312 gap_us=68224
REC oseq=1345 s0=0x9b len=66 crc=0 rssi=-93 pairid=2412 txtag=0 st=0x00 addr=595711308 end=595715853 air_us=284 gap_us=1884
REC oseq=1346 s0=0x99 len=209 crc=0 rssi=-91 pairid=2514 txtag=69 st=0x00 addr=595745692 end=595759389 air_us=856 gap_us=1864
REC oseq=1347 s0=0x9d len=83 crc=0 rssi=-93 pairid=33150 txtag=0 st=0x00 addr=597526609 end=597532242 air_us=352 gap_us=110451
REC oseq=1348 s0=0x91 len=65 crc=0 rssi=-91 pairid=20828 txtag=0 st=0x00 addr=597631299 end=597635780 air_us=280 gap_us=6191
REC oseq=1349 s0=0x56 len=109 crc=0 rssi=-91 pairid=39040 txtag=163 st=0x00 addr=607606561 end=607613858 air_us=456 gap_us=623173
REC oseq=1350 s0=0x82 len=189 crc=0 rssi=-92 pairid=41134 txtag=158 st=0x00 addr=608311264 end=608323681 air_us=776 gap_us=43587
REC oseq=1351 s0=0x82 len=175 crc=0 rssi=-91 pairid=53454 txtag=78 st=0x00 addr=608349444 end=608360966 air_us=720 gap_us=1610
REC oseq=1352 s0=0xde len=216 crc=0 rssi=-90 pairid=35465 txtag=214 st=0x00 addr=608532174 end=608546319 air_us=884 gap_us=10700
REC oseq=1353 s0=0x32 len=216 crc=0 rssi=-90 pairid=33276 txtag=214 st=0x00 addr=608551263 end=608565408 air_us=884 gap_us=309
REC oseq=1354 s0=0x32 len=216 crc=0 rssi=-90 pairid=33276 txtag=214 st=0x00 addr=608570351 end=608584496 air_us=884 gap_us=308
REC oseq=1355 s0=0x3e len=216 crc=0 rssi=-90 pairid=51849 txtag=206 st=0x00 addr=608589440 end=608603585 air_us=884 gap_us=309
REC oseq=1356 s0=0x32 len=216 crc=0 rssi=-90 pairid=33277 txtag=214 st=0x00 addr=608608526 end=608622671 air_us=884 gap_us=308
REC oseq=1357 s0=0xbe len=216 crc=0 rssi=-90 pairid=35465 txtag=214 st=0x00 addr=608627615 end=608641760 air_us=884 gap_us=309
REC oseq=1358 s0=0x32 len=216 crc=0 rssi=-90 pairid=33276 txtag=214 st=0x00 addr=608646705 end=608660850 air_us=884 gap_us=309
REC oseq=1359 s0=0x3e len=216 crc=0 rssi=-92 pairid=35465 txtag=214 st=0x00 addr=608665793 end=608679938 air_us=884 gap_us=308
REC oseq=1360 s0=0x32 len=216 crc=0 rssi=-90 pairid=33276 txtag=206 st=0x00 addr=608684881 end=608699026 air_us=884 gap_us=308
REC oseq=1361 s0=0x3e len=216 crc=0 rssi=-91 pairid=51849 txtag=214 st=0x00 addr=608703969 end=608718114 air_us=884 gap_us=308
REC oseq=1362 s0=0x32 len=216 crc=0 rssi=-90 pairid=33276 txtag=214 st=0x00 addr=608723056 end=608737201 air_us=884 gap_us=308
REC oseq=1363 s0=0x3e len=216 crc=0 rssi=-90 pairid=35465 txtag=214 st=0x00 addr=608742145 end=608756290 air_us=884 gap_us=309
REC oseq=1364 s0=0x9d len=66 crc=0 rssi=-91 pairid=1388 txtag=0 st=0x00 addr=610180779 end=610185324 air_us=284 gap_us=89030
REC oseq=1365 s0=0x31 len=35 crc=0 rssi=-92 pairid=38988 txtag=72 st=0x00 addr=610486552 end=610489113 air_us=160 gap_us=18826
REC oseq=1366 s0=0x2d len=55 crc=0 rssi=-91 pairid=38992 txtag=72 st=0x00 addr=610521705 end=610525546 air_us=240 gap_us=2037
REC oseq=1367 s0=0x21 len=35 crc=0 rssi=-91 pairid=38988 txtag=64 st=0x00 addr=610556091 end=610558653 air_us=160 gap_us=1909
REC oseq=1368 s0=0x2d len=55 crc=0 rssi=-91 pairid=55376 txtag=72 st=0x00 addr=610591243 end=610595084 air_us=240 gap_us=2036
REC oseq=1369 s0=0x21 len=35 crc=0 rssi=-91 pairid=38988 txtag=72 st=0x00 addr=610625627 end=610628188 air_us=160 gap_us=1908
REC oseq=1370 s0=0x2d len=55 crc=0 rssi=-92 pairid=38992 txtag=72 st=0x00 addr=610660779 end=610664620 air_us=240 gap_us=2036
REC oseq=1371 s0=0x1e len=251 crc=0 rssi=-32 pairid=247 txtag=64 st=0x00 addr=611652160 end=611668545 air_us=1024 gap_us=61721
REC oseq=1372 s0=0x16 len=250 crc=1 rssi=-52 pairid=246 txtag=64 st=0x00 addr=611669770 end=611686091 air_us=1020 gap_us=76
REC oseq=1373 s0=0x1e len=251 crc=1 rssi=-32 pairid=247 txtag=64 st=0x00 addr=611687313 end=611703698 air_us=1024 gap_us=76
REC oseq=1374 s0=0x1a len=250 crc=1 rssi=-53 pairid=246 txtag=64 st=0x00 addr=611704922 end=611721243 air_us=1020 gap_us=76
REC oseq=1375 s0=0x12 len=239 crc=1 rssi=-32 pairid=235 txtag=64 st=0x00 addr=611722465 end=611738082 air_us=976 gap_us=76
REC oseq=1376 s0=0x16 len=250 crc=1 rssi=-52 pairid=246 txtag=64 st=0x00 addr=611739307 end=611755628 air_us=1020 gap_us=76
REC oseq=1377 s0=0x1e len=251 crc=1 rssi=-32 pairid=247 txtag=64 st=0x00 addr=611756850 end=611773235 air_us=1024 gap_us=76
REC oseq=1378 s0=0x1a len=250 crc=0 rssi=-52 pairid=246 txtag=64 st=0x00 addr=611774459 end=611790780 air_us=1020 gap_us=76
REC oseq=1379 s0=0x1e len=251 crc=1 rssi=-31 pairid=247 txtag=64 st=0x00 addr=611792002 end=611808387 air_us=1024 gap_us=76
REC oseq=1380 s0=0x1a len=250 crc=1 rssi=-52 pairid=246 txtag=64 st=0x00 addr=611809611 end=611825932 air_us=1020 gap_us=76
REC oseq=1381 s0=0x12 len=239 crc=1 rssi=-32 pairid=235 txtag=64 st=0x00 addr=611827155 end=611842772 air_us=976 gap_us=76
REC oseq=1382 s0=0x16 len=250 crc=1 rssi=-52 pairid=246 txtag=64 st=0x00 addr=611843995 end=611860316 air_us=1020 gap_us=76
REC oseq=1383 s0=0x1e len=251 crc=1 rssi=-32 pairid=247 txtag=64 st=0x00 addr=611861540 end=611877925 air_us=1024 gap_us=76
REC oseq=1384 s0=0x1a len=250 crc=0 rssi=-52 pairid=246 txtag=64 st=0x00 addr=611879148 end=611895469 air_us=1020 gap_us=76
REC oseq=1385 s0=0x1d len=85 crc=0 rssi=-91 pairid=36740 txtag=6 st=0x00 addr=612612157 end=612617918 air_us=360 gap_us=44793
REC oseq=1386 s0=0x9b len=214 crc=0 rssi=-91 pairid=2372 txtag=0 st=0x00 addr=612681693 end=612695710 air_us=876 gap_us=3985
REC oseq=1387 s0=0x9d len=85 crc=0 rssi=-92 pairid=51574 txtag=0 st=0x00 addr=612751231 end=612756992 air_us=360 gap_us=3470
REC oseq=1388 s0=0x1e len=239 crc=1 rssi=-32 pairid=235 txtag=64 st=0x00 addr=619332126 end=619347743 air_us=976 gap_us=410945
REC oseq=1389 s0=0x1a len=250 crc=1 rssi=-52 pairid=246 txtag=64 st=0x00 addr=619348964 end=619365285 air_us=1020 gap_us=76
REC oseq=1390 s0=0x12 len=251 crc=1 rssi=-32 pairid=247 txtag=64 st=0x00 addr=619366510 end=619382895 air_us=1024 gap_us=76
REC oseq=1391 s0=0x16 len=250 crc=1 rssi=-52 pairid=246 txtag=64 st=0x00 addr=619384116 end=619400437 air_us=1020 gap_us=76
REC oseq=1392 s0=0x1e len=239 crc=1 rssi=-32 pairid=235 txtag=64 st=0x00 addr=619401663 end=619417280 air_us=976 gap_us=76
REC oseq=1393 s0=0x1a len=250 crc=1 rssi=-52 pairid=246 txtag=64 st=0x00 addr=619418501 end=619434822 air_us=1020 gap_us=76
REC oseq=1394 s0=0x12 len=251 crc=1 rssi=-32 pairid=247 txtag=64 st=0x00 addr=619436047 end=619452432 air_us=1024 gap_us=76
REC oseq=1395 s0=0x16 len=250 crc=0 rssi=-52 pairid=246 txtag=64 st=0x00 addr=619453653 end=619469974 air_us=1020 gap_us=76
REC oseq=1396 s0=0x12 len=251 crc=1 rssi=-32 pairid=247 txtag=64 st=0x00 addr=619471200 end=619487585 air_us=1024 gap_us=76
REC oseq=1397 s0=0x16 len=250 crc=1 rssi=-52 pairid=246 txtag=64 st=0x00 addr=619488805 end=619505126 air_us=1020 gap_us=76
REC oseq=1398 s0=0x1e len=239 crc=1 rssi=-32 pairid=235 txtag=64 st=0x00 addr=619506353 end=619521970 air_us=976 gap_us=76
REC oseq=1399 s0=0x1a len=250 crc=1 rssi=-52 pairid=246 txtag=64 st=0x00 addr=619523189 end=619539510 air_us=1020 gap_us=76
REC oseq=1400 s0=0x12 len=251 crc=1 rssi=-32 pairid=247 txtag=64 st=0x00 addr=619540737 end=619557122 air_us=1024 gap_us=76
REC oseq=1401 s0=0x16 len=250 crc=0 rssi=-52 pairid=246 txtag=64 st=0x00 addr=619558341 end=619574662 air_us=1020 gap_us=76
REC oseq=1402 s0=0x9d len=64 crc=0 rssi=-91 pairid=33024 txtag=4 st=0x00 addr=624852103 end=624856520 air_us=276 gap_us=329840
REC oseq=1403 s0=0x9b len=193 crc=0 rssi=-91 pairid=26576 txtag=4 st=0x00 addr=624991175 end=625003848 air_us=792 gap_us=8415
REC oseq=1404 s0=0x49 len=86 crc=0 rssi=-93 pairid=24881 txtag=189 st=0x00 addr=626646621 end=626652446 air_us=364 gap_us=102673
REC oseq=1405 s0=0x36 len=237 crc=0 rssi=-91 pairid=23420 txtag=55 st=0x00 addr=626758194 end=626773683 air_us=968 gap_us=6609
REC oseq=1406 s0=0x91 len=67 crc=0 rssi=-91 pairid=1186 txtag=0 st=0x00 addr=632876754 end=632881363 air_us=288 gap_us=381441
REC oseq=1407 s0=0x1e len=251 crc=1 rssi=-32 pairid=247 txtag=64 st=0x00 addr=633012063 end=633028448 air_us=1024 gap_us=8168
REC oseq=1408 s0=0x1a len=250 crc=1 rssi=-52 pairid=246 txtag=64 st=0x00 addr=633029667 end=633045988 air_us=1020 gap_us=76
REC oseq=1409 s0=0x12 len=239 crc=1 rssi=-32 pairid=235 txtag=64 st=0x00 addr=633047215 end=633062832 air_us=976 gap_us=76
REC oseq=1410 s0=0x16 len=250 crc=1 rssi=-52 pairid=246 txtag=64 st=0x00 addr=633064051 end=633080372 air_us=1020 gap_us=76
REC oseq=1411 s0=0x1e len=251 crc=1 rssi=-32 pairid=247 txtag=64 st=0x00 addr=633081599 end=633097984 air_us=1024 gap_us=76
REC oseq=1412 s0=0x1a len=250 crc=1 rssi=-52 pairid=246 txtag=64 st=0x00 addr=633099203 end=633115524 air_us=1020 gap_us=76
REC oseq=1413 s0=0x12 len=239 crc=1 rssi=-32 pairid=235 txtag=64 st=0x00 addr=633116752 end=633132369 air_us=976 gap_us=76
REC oseq=1414 s0=0x16 len=250 crc=1 rssi=-52 pairid=246 txtag=64 st=0x00 addr=633133587 end=633149908 air_us=1020 gap_us=76
REC oseq=1415 s0=0x1e len=251 crc=1 rssi=-32 pairid=247 txtag=64 st=0x00 addr=633151136 end=633167521 air_us=1024 gap_us=76
REC oseq=1416 s0=0x1a len=250 crc=1 rssi=-52 pairid=246 txtag=64 st=0x00 addr=633168740 end=633185061 air_us=1020 gap_us=76
REC oseq=1417 s0=0x12 len=239 crc=1 rssi=-32 pairid=235 txtag=64 st=0x00 addr=633186289 end=633201906 air_us=976 gap_us=76
REC oseq=1418 s0=0x16 len=250 crc=1 rssi=-52 pairid=246 txtag=64 st=0x00 addr=633203124 end=633219445 air_us=1020 gap_us=76
REC oseq=1419 s0=0x1e len=251 crc=1 rssi=-32 pairid=247 txtag=64 st=0x00 addr=633220673 end=633237058 air_us=1024 gap_us=76
REC oseq=1420 s0=0x1a len=250 crc=0 rssi=-52 pairid=246 txtag=64 st=0x00 addr=633238276 end=633254597 air_us=1020 gap_us=76
Q2-DONE
