*** Booting Zephyr OS build v4.4.2-16-gfee9fbc62095 ***

== PCA10040 raw-RADIO observer (Q0) ==
FICR PART=0x00052832 VARIANT=0x41414731
timer=16MHz(62.5ns) ring=2048
HFXO started
CONFIG-READY Q2
CONFIG-ECHO aa=0x230445da crc=0x59f924 ch=10 phy=2M
mode=Q2 phy=2M AA=0x230445da crcinit=0x59f924 ch=10 whiten=1 cap=30000ms
ARMED Q2 ch10
CAPTURE-START Q2 ch10 cap=30000ms tick=155338650
CAPTURE-END Q2 tick=635420208
FROZEN: records=1480 ring_full_drops=0 max_isr_ticks=59 (3687 ns)
LOSS: addr_irq=1480 end_irq=1480 records=1480 ring_full_drops=0 addr_minus_end=0 end_minus_recorded=0 reversal=0 stale_addr=0
crc_ok=874/1480 (qualitative: ambient traffic, NOT a coherence gate)
REC oseq=0 s0=0x99 len=130 crc=0 rssi=-91 pairid=1327 txtag=0 st=0x00 addr=162648612 end=162657253 air_us=540 gap_us=0
REC oseq=1 s0=0x86 len=173 crc=0 rssi=-91 pairid=30117 txtag=229 st=0x00 addr=167056974 end=167068367 air_us=712 gap_us=274982
REC oseq=2 s0=0x8a len=173 crc=0 rssi=-90 pairid=38469 txtag=229 st=0x00 addr=167123648 end=167135041 air_us=712 gap_us=3455
REC oseq=3 s0=0x80 len=173 crc=0 rssi=-92 pairid=46590 txtag=229 st=0x00 addr=167190322 end=167201715 air_us=712 gap_us=3455
REC oseq=4 s0=0x8a len=175 crc=0 rssi=-91 pairid=32286 txtag=101 st=0x00 addr=167212544 end=167224065 air_us=720 gap_us=676
REC oseq=5 s0=0x86 len=173 crc=0 rssi=-92 pairid=30568 txtag=229 st=0x00 addr=167234769 end=167246162 air_us=712 gap_us=669
REC oseq=6 s0=0x86 len=172 crc=0 rssi=-91 pairid=5492 txtag=213 st=0x00 addr=167279218 end=167290547 air_us=708 gap_us=2066
REC oseq=7 s0=0x16 len=251 crc=1 rssi=-31 pairid=247 txtag=64 st=0x00 addr=168016967 end=168033352 air_us=1024 gap_us=45401
REC oseq=8 s0=0x1e len=250 crc=1 rssi=-52 pairid=246 txtag=64 st=0x00 addr=168036141 end=168052462 air_us=1020 gap_us=174
REC oseq=9 s0=0x1a len=239 crc=1 rssi=-31 pairid=235 txtag=64 st=0x00 addr=168055256 end=168070873 air_us=976 gap_us=174
REC oseq=10 s0=0x12 len=250 crc=1 rssi=-52 pairid=246 txtag=64 st=0x00 addr=168073661 end=168089982 air_us=1020 gap_us=174
REC oseq=11 s0=0x16 len=251 crc=1 rssi=-32 pairid=247 txtag=64 st=0x00 addr=168092777 end=168109162 air_us=1024 gap_us=174
REC oseq=12 s0=0x1e len=250 crc=1 rssi=-52 pairid=246 txtag=64 st=0x00 addr=168111949 end=168128270 air_us=1020 gap_us=174
REC oseq=13 s0=0x1a len=239 crc=1 rssi=-31 pairid=235 txtag=64 st=0x00 addr=168131065 end=168146682 air_us=976 gap_us=174
REC oseq=14 s0=0x12 len=250 crc=1 rssi=-52 pairid=246 txtag=64 st=0x00 addr=168149470 end=168165791 air_us=1020 gap_us=174
REC oseq=15 s0=0x16 len=251 crc=1 rssi=-32 pairid=247 txtag=64 st=0x00 addr=168168586 end=168184971 air_us=1024 gap_us=174
REC oseq=16 s0=0x1e len=250 crc=1 rssi=-52 pairid=246 txtag=64 st=0x00 addr=168187758 end=168204079 air_us=1020 gap_us=174
REC oseq=17 s0=0x1a len=239 crc=1 rssi=-31 pairid=235 txtag=64 st=0x00 addr=168206874 end=168222491 air_us=976 gap_us=174
REC oseq=18 s0=0x12 len=250 crc=1 rssi=-51 pairid=246 txtag=64 st=0x00 addr=168225278 end=168241599 air_us=1020 gap_us=174
REC oseq=19 s0=0x16 len=251 crc=0 rssi=-31 pairid=247 txtag=64 st=0x00 addr=168244394 end=168260779 air_us=1024 gap_us=174
REC oseq=20 s0=0x25 len=35 crc=0 rssi=-91 pairid=38988 txtag=72 st=0x00 addr=169216963 end=169219524 air_us=160 gap_us=59761
REC oseq=21 s0=0x29 len=55 crc=0 rssi=-91 pairid=38992 txtag=72 st=0x00 addr=169331061 end=169334902 air_us=240 gap_us=6971
REC oseq=22 s0=0x25 len=35 crc=0 rssi=-90 pairid=38988 txtag=72 st=0x00 addr=169368582 end=169371143 air_us=160 gap_us=2105
REC oseq=23 s0=0x1a len=251 crc=1 rssi=-31 pairid=247 txtag=64 st=0x00 addr=171376952 end=171393337 air_us=1024 gap_us=125363
REC oseq=24 s0=0x12 len=250 crc=1 rssi=-52 pairid=246 txtag=64 st=0x00 addr=171396134 end=171412455 air_us=1020 gap_us=174
REC oseq=25 s0=0x16 len=239 crc=1 rssi=-31 pairid=235 txtag=64 st=0x00 addr=171415241 end=171430858 air_us=976 gap_us=174
REC oseq=26 s0=0x1e len=250 crc=1 rssi=-51 pairid=246 txtag=64 st=0x00 addr=171433654 end=171449975 air_us=1020 gap_us=174
REC oseq=27 s0=0x1a len=251 crc=1 rssi=-31 pairid=247 txtag=64 st=0x00 addr=171452761 end=171469146 air_us=1024 gap_us=174
REC oseq=28 s0=0x12 len=250 crc=1 rssi=-52 pairid=246 txtag=64 st=0x00 addr=171471943 end=171488264 air_us=1020 gap_us=174
REC oseq=29 s0=0x16 len=239 crc=1 rssi=-31 pairid=235 txtag=64 st=0x00 addr=171491050 end=171506667 air_us=976 gap_us=174
REC oseq=30 s0=0x1e len=250 crc=1 rssi=-52 pairid=246 txtag=64 st=0x00 addr=171509463 end=171525784 air_us=1020 gap_us=174
REC oseq=31 s0=0x1a len=251 crc=1 rssi=-31 pairid=247 txtag=64 st=0x00 addr=171528570 end=171544955 air_us=1024 gap_us=174
REC oseq=32 s0=0x12 len=250 crc=1 rssi=-51 pairid=246 txtag=64 st=0x00 addr=171547752 end=171564073 air_us=1020 gap_us=174
REC oseq=33 s0=0x16 len=239 crc=1 rssi=-31 pairid=235 txtag=64 st=0x00 addr=171566858 end=171582475 air_us=976 gap_us=174
REC oseq=34 s0=0x1e len=250 crc=1 rssi=-52 pairid=246 txtag=64 st=0x00 addr=171585272 end=171601593 air_us=1020 gap_us=174
REC oseq=35 s0=0x1a len=251 crc=0 rssi=-32 pairid=247 txtag=64 st=0x00 addr=171604379 end=171620764 air_us=1024 gap_us=174
REC oseq=36 s0=0x05 len=0 crc=1 rssi=-32 pairid=247 txtag=64 st=0x00 addr=172336948 end=172337269 air_us=20 gap_us=44761
REC oseq=37 s0=0x1e len=250 crc=1 rssi=-51 pairid=246 txtag=64 st=0x00 addr=172340063 end=172356384 air_us=1020 gap_us=174
REC oseq=38 s0=0x09 len=0 crc=1 rssi=-31 pairid=246 txtag=64 st=0x00 addr=172359172 end=172359493 air_us=20 gap_us=174
REC oseq=39 s0=0x12 len=250 crc=0 rssi=-51 pairid=246 txtag=64 st=0x00 addr=172362287 end=172378608 air_us=1020 gap_us=174
REC oseq=40 s0=0x05 len=0 crc=1 rssi=-32 pairid=246 txtag=64 st=0x00 addr=172381397 end=172381718 air_us=20 gap_us=174
REC oseq=41 s0=0x1e len=250 crc=1 rssi=-51 pairid=246 txtag=64 st=0x00 addr=172384512 end=172400833 air_us=1020 gap_us=174
REC oseq=42 s0=0x09 len=0 crc=1 rssi=-32 pairid=246 txtag=64 st=0x00 addr=172403621 end=172403942 air_us=20 gap_us=174
REC oseq=43 s0=0x12 len=250 crc=0 rssi=-51 pairid=246 txtag=64 st=0x00 addr=172406736 end=172423057 air_us=1020 gap_us=174
REC oseq=44 s0=0x05 len=0 crc=1 rssi=-32 pairid=246 txtag=64 st=0x00 addr=172425845 end=172426166 air_us=20 gap_us=174
REC oseq=45 s0=0x1e len=250 crc=1 rssi=-51 pairid=246 txtag=64 st=0x00 addr=172428960 end=172445281 air_us=1020 gap_us=174
REC oseq=46 s0=0x09 len=0 crc=1 rssi=-31 pairid=246 txtag=64 st=0x00 addr=172448070 end=172448391 air_us=20 gap_us=174
REC oseq=47 s0=0x12 len=250 crc=1 rssi=-52 pairid=246 txtag=64 st=0x00 addr=172451184 end=172467505 air_us=1020 gap_us=174
REC oseq=48 s0=0x05 len=0 crc=1 rssi=-32 pairid=246 txtag=64 st=0x00 addr=172470294 end=172470615 air_us=20 gap_us=174
REC oseq=49 s0=0x1e len=250 crc=1 rssi=-51 pairid=246 txtag=64 st=0x00 addr=172473408 end=172489729 air_us=1020 gap_us=174
REC oseq=50 s0=0x09 len=0 crc=1 rssi=-32 pairid=246 txtag=64 st=0x00 addr=172492518 end=172492839 air_us=20 gap_us=174
REC oseq=51 s0=0x12 len=250 crc=1 rssi=-52 pairid=246 txtag=64 st=0x00 addr=172495632 end=172511953 air_us=1020 gap_us=174
REC oseq=52 s0=0x05 len=0 crc=1 rssi=-32 pairid=246 txtag=64 st=0x00 addr=172514743 end=172515064 air_us=20 gap_us=174
REC oseq=53 s0=0x1e len=250 crc=1 rssi=-52 pairid=246 txtag=64 st=0x00 addr=172517857 end=172534178 air_us=1020 gap_us=174
REC oseq=54 s0=0x09 len=0 crc=1 rssi=-32 pairid=246 txtag=64 st=0x00 addr=172536967 end=172537288 air_us=20 gap_us=174
REC oseq=55 s0=0x12 len=250 crc=1 rssi=-52 pairid=246 txtag=64 st=0x00 addr=172540081 end=172556402 air_us=1020 gap_us=174
REC oseq=56 s0=0x05 len=0 crc=1 rssi=-32 pairid=246 txtag=64 st=0x00 addr=172559191 end=172559512 air_us=20 gap_us=174
REC oseq=57 s0=0x1e len=250 crc=0 rssi=-52 pairid=246 txtag=64 st=0x00 addr=172562305 end=172578626 air_us=1020 gap_us=174
REC oseq=58 s0=0x25 len=35 crc=0 rssi=-91 pairid=55372 txtag=64 st=0x00 addr=174016941 end=174019502 air_us=160 gap_us=89894
REC oseq=59 s0=0x29 len=55 crc=0 rssi=-90 pairid=38992 txtag=80 st=0x00 addr=174055229 end=174059070 air_us=240 gap_us=2232
REC oseq=60 s0=0x25 len=227 crc=0 rssi=-92 pairid=38988 txtag=72 st=0x00 addr=174092749 end=174107598 air_us=928 gap_us=2104
REC oseq=61 s0=0x28 len=55 crc=0 rssi=-90 pairid=38992 txtag=72 st=0x00 addr=174131038 end=174134879 air_us=240 gap_us=1465
REC oseq=62 s0=0x29 len=55 crc=0 rssi=-91 pairid=38992 txtag=72 st=0x00 addr=174168558 end=174172399 air_us=240 gap_us=2104
REC oseq=63 s0=0x25 len=35 crc=0 rssi=-92 pairid=38988 txtag=72 st=0x00 addr=174206079 end=174208640 air_us=160 gap_us=2105
REC oseq=64 s0=0x49 len=55 crc=0 rssi=-91 pairid=38992 txtag=72 st=0x00 addr=174244368 end=174248209 air_us=240 gap_us=2233
REC oseq=65 s0=0x1a len=239 crc=1 rssi=-31 pairid=235 txtag=64 st=0x00 addr=174256939 end=174272556 air_us=976 gap_us=545
REC oseq=66 s0=0x12 len=250 crc=1 rssi=-52 pairid=246 txtag=64 st=0x00 addr=174275345 end=174291666 air_us=1020 gap_us=174
REC oseq=67 s0=0x16 len=251 crc=1 rssi=-31 pairid=247 txtag=64 st=0x00 addr=174294460 end=174310845 air_us=1024 gap_us=174
REC oseq=68 s0=0x1e len=250 crc=1 rssi=-51 pairid=246 txtag=64 st=0x00 addr=174313633 end=174329954 air_us=1020 gap_us=174
REC oseq=69 s0=0x1a len=239 crc=1 rssi=-31 pairid=235 txtag=64 st=0x00 addr=174332748 end=174348365 air_us=976 gap_us=174
REC oseq=70 s0=0x12 len=250 crc=1 rssi=-52 pairid=246 txtag=64 st=0x00 addr=174351154 end=174367475 air_us=1020 gap_us=174
REC oseq=71 s0=0x16 len=251 crc=1 rssi=-32 pairid=247 txtag=64 st=0x00 addr=174370269 end=174386654 air_us=1024 gap_us=174
REC oseq=72 s0=0x1e len=250 crc=1 rssi=-52 pairid=246 txtag=64 st=0x00 addr=174389442 end=174405763 air_us=1020 gap_us=174
REC oseq=73 s0=0x1a len=239 crc=1 rssi=-31 pairid=235 txtag=64 st=0x00 addr=174408557 end=174424174 air_us=976 gap_us=174
REC oseq=74 s0=0x12 len=250 crc=1 rssi=-52 pairid=246 txtag=64 st=0x00 addr=174426963 end=174443284 air_us=1020 gap_us=174
REC oseq=75 s0=0x16 len=251 crc=1 rssi=-31 pairid=247 txtag=64 st=0x00 addr=174446078 end=174462463 air_us=1024 gap_us=174
REC oseq=76 s0=0x1e len=250 crc=1 rssi=-51 pairid=246 txtag=64 st=0x00 addr=174465251 end=174481572 air_us=1020 gap_us=174
REC oseq=77 s0=0x1a len=239 crc=0 rssi=-31 pairid=235 txtag=64 st=0x00 addr=174484366 end=174499983 air_us=976 gap_us=174
REC oseq=78 s0=0x36 len=216 crc=0 rssi=-90 pairid=58459 txtag=173 st=0x00 addr=174976936 end=174991081 air_us=884 gap_us=29809
REC oseq=79 s0=0x36 len=216 crc=0 rssi=-90 pairid=58459 txtag=172 st=0x00 addr=175021384 end=175035529 air_us=884 gap_us=1893
REC oseq=80 s0=0x3a len=200 crc=0 rssi=-90 pairid=61230 txtag=173 st=0x00 addr=175043608 end=175056729 air_us=820 gap_us=504
REC oseq=81 s0=0x56 len=216 crc=0 rssi=-90 pairid=58459 txtag=172 st=0x00 addr=175065832 end=175079977 air_us=884 gap_us=568
REC oseq=82 s0=0x3a len=216 crc=0 rssi=-89 pairid=61231 txtag=172 st=0x00 addr=175088057 end=175102202 air_us=884 gap_us=505
REC oseq=83 s0=0x36 len=216 crc=0 rssi=-91 pairid=58459 txtag=173 st=0x00 addr=175110281 end=175124426 air_us=884 gap_us=504
REC oseq=84 s0=0x3a len=219 crc=0 rssi=-90 pairid=61230 txtag=172 st=0x00 addr=175132505 end=175146842 air_us=896 gap_us=504
REC oseq=85 s0=0x3a len=216 crc=0 rssi=-90 pairid=61230 txtag=172 st=0x00 addr=175176954 end=175191099 air_us=884 gap_us=1882
REC oseq=86 s0=0x86 len=163 crc=0 rssi=-90 pairid=42865 txtag=229 st=0x00 addr=177639149 end=177649902 air_us=672 gap_us=153003
REC oseq=87 s0=0x8a len=161 crc=0 rssi=-92 pairid=1630 txtag=228 st=0x00 addr=177661373 end=177671998 air_us=664 gap_us=716
REC oseq=88 s0=0x8a len=177 crc=0 rssi=-90 pairid=44678 txtag=21 st=0x00 addr=177705823 end=177717473 air_us=728 gap_us=2114
REC oseq=89 s0=0x86 len=173 crc=0 rssi=-92 pairid=62314 txtag=101 st=0x00 addr=177728047 end=177739440 air_us=712 gap_us=660
REC oseq=90 s0=0x8a len=169 crc=0 rssi=-90 pairid=24978 txtag=229 st=0x00 addr=177750270 end=177761407 air_us=696 gap_us=676
REC oseq=91 s0=0x8a len=175 crc=0 rssi=-90 pairid=16287 txtag=229 st=0x00 addr=177794719 end=177806240 air_us=720 gap_us=2082
REC oseq=92 s0=0x86 len=161 crc=0 rssi=-91 pairid=38195 txtag=229 st=0x00 addr=177816944 end=177827569 air_us=664 gap_us=669
REC oseq=93 s0=0x16 len=251 crc=1 rssi=-31 pairid=247 txtag=64 st=0x00 addr=178816918 end=178833303 air_us=1024 gap_us=61834
REC oseq=94 s0=0x1e len=250 crc=1 rssi=-52 pairid=246 txtag=64 st=0x00 addr=178836098 end=178852419 air_us=1020 gap_us=174
REC oseq=95 s0=0x1a len=239 crc=1 rssi=-31 pairid=235 txtag=64 st=0x00 addr=178855206 end=178870823 air_us=976 gap_us=174
REC oseq=96 s0=0x12 len=250 crc=1 rssi=-52 pairid=246 txtag=64 st=0x00 addr=178873618 end=178889939 air_us=1020 gap_us=174
REC oseq=97 s0=0x16 len=251 crc=1 rssi=-31 pairid=247 txtag=64 st=0x00 addr=178892727 end=178909112 air_us=1024 gap_us=174
REC oseq=98 s0=0x1e len=250 crc=1 rssi=-51 pairid=246 txtag=64 st=0x00 addr=178911907 end=178928228 air_us=1020 gap_us=174
REC oseq=99 s0=0x1a len=239 crc=1 rssi=-31 pairid=235 txtag=64 st=0x00 addr=178931015 end=178946632 air_us=976 gap_us=174
REC oseq=100 s0=0x12 len=250 crc=1 rssi=-52 pairid=246 txtag=64 st=0x00 addr=178949427 end=178965748 air_us=1020 gap_us=174
REC oseq=101 s0=0x16 len=251 crc=1 rssi=-32 pairid=247 txtag=64 st=0x00 addr=178968536 end=178984921 air_us=1024 gap_us=174
REC oseq=102 s0=0x1e len=250 crc=1 rssi=-52 pairid=246 txtag=64 st=0x00 addr=178987715 end=179004036 air_us=1020 gap_us=174
REC oseq=103 s0=0x1a len=239 crc=1 rssi=-31 pairid=235 txtag=64 st=0x00 addr=179006824 end=179022441 air_us=976 gap_us=174
REC oseq=104 s0=0x12 len=250 crc=1 rssi=-52 pairid=246 txtag=64 st=0x00 addr=179025236 end=179041557 air_us=1020 gap_us=174
REC oseq=105 s0=0x16 len=251 crc=0 rssi=-31 pairid=247 txtag=64 st=0x00 addr=179044344 end=179060729 air_us=1024 gap_us=174
REC oseq=106 s0=0x99 len=66 crc=0 rssi=-90 pairid=51619 txtag=0 st=0x00 addr=179486823 end=179491368 air_us=284 gap_us=26630
REC oseq=107 s0=0x16 len=239 crc=1 rssi=-32 pairid=235 txtag=64 st=0x00 addr=182176902 end=182192519 air_us=976 gap_us=167845
REC oseq=108 s0=0x1e len=250 crc=1 rssi=-51 pairid=246 txtag=64 st=0x00 addr=182195305 end=182211626 air_us=1020 gap_us=174
REC oseq=109 s0=0x1a len=251 crc=1 rssi=-31 pairid=247 txtag=64 st=0x00 addr=182214423 end=182230808 air_us=1024 gap_us=174
REC oseq=110 s0=0x12 len=250 crc=1 rssi=-52 pairid=246 txtag=64 st=0x00 addr=182233594 end=182249915 air_us=1020 gap_us=174
REC oseq=111 s0=0x16 len=239 crc=1 rssi=-31 pairid=235 txtag=64 st=0x00 addr=182252711 end=182268328 air_us=976 gap_us=174
REC oseq=112 s0=0x1e len=250 crc=1 rssi=-52 pairid=246 txtag=64 st=0x00 addr=182271114 end=182287435 air_us=1020 gap_us=174
REC oseq=113 s0=0x1a len=251 crc=1 rssi=-31 pairid=247 txtag=64 st=0x00 addr=182290232 end=182306617 air_us=1024 gap_us=174
REC oseq=114 s0=0x12 len=250 crc=1 rssi=-52 pairid=246 txtag=64 st=0x00 addr=182309402 end=182325723 air_us=1020 gap_us=174
REC oseq=115 s0=0x16 len=239 crc=1 rssi=-31 pairid=235 txtag=64 st=0x00 addr=182328520 end=182344137 air_us=976 gap_us=174
REC oseq=116 s0=0x1e len=250 crc=1 rssi=-52 pairid=246 txtag=64 st=0x00 addr=182346923 end=182363244 air_us=1020 gap_us=174
REC oseq=117 s0=0x1a len=251 crc=1 rssi=-31 pairid=247 txtag=64 st=0x00 addr=182366041 end=182382426 air_us=1024 gap_us=174
REC oseq=118 s0=0x12 len=250 crc=1 rssi=-52 pairid=246 txtag=64 st=0x00 addr=182385211 end=182401532 air_us=1020 gap_us=174
REC oseq=119 s0=0x16 len=239 crc=0 rssi=-31 pairid=235 txtag=64 st=0x00 addr=182404329 end=182419946 air_us=976 gap_us=174
REC oseq=120 s0=0x3a len=216 crc=0 rssi=-90 pairid=61230 txtag=173 st=0x00 addr=182896901 end=182911046 air_us=884 gap_us=29809
REC oseq=121 s0=0x22 len=216 crc=0 rssi=-91 pairid=58459 txtag=172 st=0x00 addr=182919126 end=182933271 air_us=884 gap_us=505
REC oseq=122 s0=0x3a len=216 crc=0 rssi=-89 pairid=61231 txtag=172 st=0x00 addr=182941349 end=182955494 air_us=884 gap_us=504
REC oseq=123 s0=0x36 len=216 crc=0 rssi=-91 pairid=58459 txtag=172 st=0x00 addr=182963573 end=182977718 air_us=884 gap_us=504
REC oseq=124 s0=0x3a len=88 crc=0 rssi=-89 pairid=61231 txtag=172 st=0x00 addr=182985797 end=182991750 air_us=372 gap_us=504
REC oseq=125 s0=0x36 len=216 crc=0 rssi=-90 pairid=58459 txtag=45 st=0x00 addr=183008022 end=183022167 air_us=884 gap_us=1017
REC oseq=126 s0=0x3a len=216 crc=0 rssi=-90 pairid=61231 txtag=173 st=0x00 addr=183030247 end=183044392 air_us=884 gap_us=505
REC oseq=127 s0=0x36 len=216 crc=0 rssi=-90 pairid=58458 txtag=172 st=0x00 addr=183052471 end=183066616 air_us=884 gap_us=504
REC oseq=128 s0=0x3a len=216 crc=0 rssi=-90 pairid=61230 txtag=172 st=0x00 addr=183074695 end=183088840 air_us=884 gap_us=504
REC oseq=129 s0=0x36 len=216 crc=0 rssi=-91 pairid=58459 txtag=173 st=0x00 addr=183096919 end=183111064 air_us=884 gap_us=504
REC oseq=130 s0=0x3a len=216 crc=0 rssi=-90 pairid=61230 txtag=140 st=0x00 addr=183119143 end=183133288 air_us=884 gap_us=504
REC oseq=131 s0=0x2d len=85 crc=0 rssi=-92 pairid=50326 txtag=70 st=0x00 addr=183683569 end=183689330 air_us=360 gap_us=34392
REC oseq=132 s0=0x41 len=150 crc=0 rssi=-92 pairid=4066 txtag=70 st=0x00 addr=183823907 end=183833828 air_us=620 gap_us=8411
REC oseq=133 s0=0x8a len=181 crc=0 rssi=-91 pairid=42398 txtag=229 st=0x00 addr=186412458 end=186424364 air_us=744 gap_us=161164
REC oseq=134 s0=0x86 len=182 crc=0 rssi=-92 pairid=29983 txtag=229 st=0x00 addr=186434680 end=186446649 air_us=748 gap_us=644
REC oseq=135 s0=0x8a len=205 crc=0 rssi=-90 pairid=44054 txtag=229 st=0x00 addr=191559085 end=191572526 air_us=840 gap_us=319527
REC oseq=136 s0=0x8a len=175 crc=0 rssi=-90 pairid=32670 txtag=229 st=0x00 addr=191647984 end=191659505 air_us=720 gap_us=4716
REC oseq=137 s0=0x8a len=173 crc=0 rssi=-91 pairid=50108 txtag=229 st=0x00 addr=191692431 end=191703824 air_us=712 gap_us=2057
REC oseq=138 s0=0x1a len=239 crc=1 rssi=-31 pairid=235 txtag=64 st=0x00 addr=195376843 end=195392460 air_us=976 gap_us=229563
REC oseq=139 s0=0x12 len=250 crc=1 rssi=-52 pairid=246 txtag=64 st=0x00 addr=195395246 end=195411567 air_us=1020 gap_us=174
REC oseq=140 s0=0x16 len=251 crc=1 rssi=-31 pairid=247 txtag=64 st=0x00 addr=195414364 end=195430749 air_us=1024 gap_us=174
REC oseq=141 s0=0x1e len=250 crc=1 rssi=-52 pairid=246 txtag=64 st=0x00 addr=195433534 end=195449855 air_us=1020 gap_us=174
REC oseq=142 s0=0x1a len=239 crc=1 rssi=-31 pairid=235 txtag=64 st=0x00 addr=195452652 end=195468269 air_us=976 gap_us=174
REC oseq=143 s0=0x12 len=250 crc=1 rssi=-52 pairid=246 txtag=64 st=0x00 addr=195471054 end=195487375 air_us=1020 gap_us=174
REC oseq=144 s0=0x16 len=251 crc=1 rssi=-32 pairid=247 txtag=64 st=0x00 addr=195490173 end=195506558 air_us=1024 gap_us=174
REC oseq=145 s0=0x1e len=250 crc=1 rssi=-51 pairid=246 txtag=64 st=0x00 addr=195509342 end=195525663 air_us=1020 gap_us=174
REC oseq=146 s0=0x1a len=239 crc=1 rssi=-31 pairid=235 txtag=64 st=0x00 addr=195528461 end=195544078 air_us=976 gap_us=174
REC oseq=147 s0=0x12 len=250 crc=1 rssi=-52 pairid=246 txtag=64 st=0x00 addr=195546863 end=195563184 air_us=1020 gap_us=174
REC oseq=148 s0=0x16 len=251 crc=1 rssi=-31 pairid=247 txtag=64 st=0x00 addr=195565982 end=195582367 air_us=1024 gap_us=174
REC oseq=149 s0=0x1e len=250 crc=1 rssi=-51 pairid=246 txtag=64 st=0x00 addr=195585151 end=195601472 air_us=1020 gap_us=174
REC oseq=150 s0=0x1a len=239 crc=0 rssi=-31 pairid=235 txtag=64 st=0x00 addr=195604270 end=195619887 air_us=976 gap_us=174
REC oseq=151 s0=0x12 len=250 crc=1 rssi=-51 pairid=246 txtag=64 st=0x00 addr=195635243 end=195651564 air_us=1020 gap_us=959
REC oseq=152 s0=0x16 len=251 crc=1 rssi=-31 pairid=247 txtag=64 st=0x00 addr=195654362 end=195670747 air_us=1024 gap_us=174
REC oseq=153 s0=0x1e len=250 crc=1 rssi=-52 pairid=246 txtag=64 st=0x00 addr=195673532 end=195689853 air_us=1020 gap_us=174
REC oseq=154 s0=0x1a len=239 crc=1 rssi=-31 pairid=235 txtag=64 st=0x00 addr=195692650 end=195708267 air_us=976 gap_us=174
REC oseq=155 s0=0x12 len=250 crc=1 rssi=-52 pairid=246 txtag=64 st=0x00 addr=195711052 end=195727373 air_us=1020 gap_us=174
REC oseq=156 s0=0x16 len=251 crc=1 rssi=-32 pairid=247 txtag=64 st=0x00 addr=195730171 end=195746556 air_us=1024 gap_us=174
REC oseq=157 s0=0x1e len=250 crc=1 rssi=-52 pairid=246 txtag=64 st=0x00 addr=195749340 end=195765661 air_us=1020 gap_us=174
REC oseq=158 s0=0x1a len=239 crc=1 rssi=-31 pairid=235 txtag=64 st=0x00 addr=195768460 end=195784077 air_us=976 gap_us=174
REC oseq=159 s0=0x12 len=250 crc=1 rssi=-52 pairid=246 txtag=64 st=0x00 addr=195786861 end=195803182 air_us=1020 gap_us=174
REC oseq=160 s0=0x16 len=251 crc=1 rssi=-32 pairid=247 txtag=64 st=0x00 addr=195805980 end=195822365 air_us=1024 gap_us=174
REC oseq=161 s0=0x1e len=250 crc=1 rssi=-52 pairid=246 txtag=64 st=0x00 addr=195825149 end=195841470 air_us=1020 gap_us=174
REC oseq=162 s0=0x1a len=239 crc=0 rssi=-31 pairid=235 txtag=64 st=0x00 addr=195844252 end=195859869 air_us=976 gap_us=173
REC oseq=163 s0=0x05 len=0 crc=1 rssi=-32 pairid=235 txtag=64 st=0x00 addr=197056836 end=197057157 air_us=20 gap_us=74810
REC oseq=164 s0=0x1e len=250 crc=1 rssi=-52 pairid=246 txtag=64 st=0x00 addr=197059953 end=197076274 air_us=1020 gap_us=174
REC oseq=165 s0=0x09 len=0 crc=1 rssi=-32 pairid=246 txtag=64 st=0x00 addr=197079060 end=197079381 air_us=20 gap_us=174
REC oseq=166 s0=0x12 len=250 crc=1 rssi=-52 pairid=246 txtag=64 st=0x00 addr=197082177 end=197098498 air_us=1020 gap_us=174
REC oseq=167 s0=0x05 len=0 crc=1 rssi=-32 pairid=246 txtag=64 st=0x00 addr=197101285 end=197101606 air_us=20 gap_us=174
REC oseq=168 s0=0x1e len=250 crc=1 rssi=-52 pairid=246 txtag=64 st=0x00 addr=197104401 end=197120722 air_us=1020 gap_us=174
REC oseq=169 s0=0x09 len=0 crc=1 rssi=-31 pairid=246 txtag=64 st=0x00 addr=197123509 end=197123830 air_us=20 gap_us=174
REC oseq=170 s0=0x12 len=250 crc=1 rssi=-52 pairid=246 txtag=64 st=0x00 addr=197126625 end=197142946 air_us=1020 gap_us=174
REC oseq=171 s0=0x05 len=0 crc=1 rssi=-32 pairid=246 txtag=64 st=0x00 addr=197145733 end=197146054 air_us=20 gap_us=174
REC oseq=172 s0=0x1e len=250 crc=1 rssi=-51 pairid=246 txtag=64 st=0x00 addr=197148849 end=197165170 air_us=1020 gap_us=174
REC oseq=173 s0=0x09 len=0 crc=1 rssi=-33 pairid=246 txtag=64 st=0x00 addr=197167958 end=197168279 air_us=20 gap_us=174
REC oseq=174 s0=0x12 len=250 crc=1 rssi=-51 pairid=246 txtag=64 st=0x00 addr=197171074 end=197187395 air_us=1020 gap_us=174
REC oseq=175 s0=0x05 len=0 crc=1 rssi=-32 pairid=246 txtag=64 st=0x00 addr=197190182 end=197190503 air_us=20 gap_us=174
REC oseq=176 s0=0x1e len=250 crc=1 rssi=-51 pairid=246 txtag=64 st=0x00 addr=197193298 end=197209619 air_us=1020 gap_us=174
REC oseq=177 s0=0x09 len=0 crc=1 rssi=-32 pairid=246 txtag=64 st=0x00 addr=197212406 end=197212727 air_us=20 gap_us=174
REC oseq=178 s0=0x12 len=250 crc=1 rssi=-52 pairid=246 txtag=64 st=0x00 addr=197215522 end=197231843 air_us=1020 gap_us=174
REC oseq=179 s0=0x05 len=0 crc=1 rssi=-32 pairid=246 txtag=64 st=0x00 addr=197234630 end=197234951 air_us=20 gap_us=174
REC oseq=180 s0=0x1e len=12 crc=1 rssi=-52 pairid=8 txtag=5 st=0x00 addr=197237747 end=197238836 air_us=68 gap_us=174
REC oseq=181 s0=0x09 len=0 crc=1 rssi=-31 pairid=8 txtag=5 st=0x00 addr=197241623 end=197241944 air_us=20 gap_us=174
REC oseq=182 s0=0x12 len=250 crc=1 rssi=-52 pairid=246 txtag=64 st=0x00 addr=197244739 end=197261060 air_us=1020 gap_us=174
REC oseq=183 s0=0x16 len=239 crc=1 rssi=-31 pairid=235 txtag=64 st=0x00 addr=197263846 end=197279463 air_us=976 gap_us=174
REC oseq=184 s0=0x1e len=250 crc=0 rssi=-51 pairid=246 txtag=64 st=0x00 addr=197282259 end=197298580 air_us=1020 gap_us=174
REC oseq=185 s0=0x52 len=109 crc=0 rssi=-93 pairid=63640 txtag=163 st=0x00 addr=197334353 end=197341650 air_us=456 gap_us=2235
REC oseq=186 s0=0x09 len=0 crc=1 rssi=-31 pairid=63640 txtag=163 st=0x00 addr=199696822 end=199697143 air_us=20 gap_us=147198
REC oseq=187 s0=0x12 len=250 crc=1 rssi=-52 pairid=246 txtag=64 st=0x00 addr=199699934 end=199716255 air_us=1020 gap_us=174
REC oseq=188 s0=0x05 len=0 crc=1 rssi=-32 pairid=246 txtag=64 st=0x00 addr=199719046 end=199719367 air_us=20 gap_us=174
REC oseq=189 s0=0x1e len=250 crc=1 rssi=-52 pairid=246 txtag=64 st=0x00 addr=199722158 end=199738479 air_us=1020 gap_us=174
REC oseq=190 s0=0x09 len=0 crc=1 rssi=-31 pairid=246 txtag=64 st=0x00 addr=199741270 end=199741591 air_us=20 gap_us=174
REC oseq=191 s0=0x12 len=250 crc=1 rssi=-52 pairid=246 txtag=64 st=0x00 addr=199744382 end=199760703 air_us=1020 gap_us=174
REC oseq=192 s0=0x05 len=0 crc=1 rssi=-32 pairid=246 txtag=64 st=0x00 addr=199763495 end=199763816 air_us=20 gap_us=174
REC oseq=193 s0=0x1e len=250 crc=1 rssi=-52 pairid=246 txtag=64 st=0x00 addr=199766606 end=199782927 air_us=1020 gap_us=174
REC oseq=194 s0=0x09 len=0 crc=1 rssi=-31 pairid=246 txtag=64 st=0x00 addr=199785719 end=199786040 air_us=20 gap_us=174
REC oseq=195 s0=0x12 len=250 crc=1 rssi=-52 pairid=246 txtag=64 st=0x00 addr=199788830 end=199805151 air_us=1020 gap_us=174
REC oseq=196 s0=0x05 len=0 crc=1 rssi=-32 pairid=246 txtag=64 st=0x00 addr=199807944 end=199808265 air_us=20 gap_us=174
REC oseq=197 s0=0x1e len=250 crc=1 rssi=-52 pairid=246 txtag=64 st=0x00 addr=199811054 end=199827375 air_us=1020 gap_us=174
REC oseq=198 s0=0x09 len=0 crc=1 rssi=-31 pairid=246 txtag=64 st=0x00 addr=199830168 end=199830489 air_us=20 gap_us=174
REC oseq=199 s0=0x12 len=250 crc=1 rssi=-51 pairid=246 txtag=64 st=0x00 addr=199833279 end=199849600 air_us=1020 gap_us=174
REC oseq=200 s0=0x05 len=0 crc=1 rssi=-32 pairid=246 txtag=64 st=0x00 addr=199852392 end=199852713 air_us=20 gap_us=174
REC oseq=201 s0=0x1e len=250 crc=1 rssi=-52 pairid=246 txtag=64 st=0x00 addr=199855503 end=199871824 air_us=1020 gap_us=174
REC oseq=202 s0=0x09 len=0 crc=1 rssi=-32 pairid=246 txtag=64 st=0x00 addr=199874616 end=199874937 air_us=20 gap_us=174
REC oseq=203 s0=0x12 len=250 crc=1 rssi=-52 pairid=246 txtag=64 st=0x00 addr=199877727 end=199894048 air_us=1020 gap_us=174
REC oseq=204 s0=0x05 len=0 crc=1 rssi=-32 pairid=246 txtag=64 st=0x00 addr=199896840 end=199897161 air_us=20 gap_us=174
REC oseq=205 s0=0x1e len=12 crc=1 rssi=-52 pairid=8 txtag=5 st=0x00 addr=199899951 end=199901040 air_us=68 gap_us=174
REC oseq=206 s0=0x09 len=0 crc=1 rssi=-31 pairid=8 txtag=5 st=0x00 addr=199903833 end=199904154 air_us=20 gap_us=174
REC oseq=207 s0=0x12 len=250 crc=1 rssi=-52 pairid=246 txtag=64 st=0x00 addr=199906944 end=199923265 air_us=1020 gap_us=174
REC oseq=208 s0=0x16 len=251 crc=0 rssi=-31 pairid=247 txtag=64 st=0x00 addr=199926057 end=199942442 air_us=1024 gap_us=174
REC oseq=209 s0=0x99 len=65 crc=0 rssi=-91 pairid=50518 txtag=96 st=0x00 addr=203612615 end=203617096 air_us=280 gap_us=229385
REC oseq=210 s0=0x95 len=65 crc=0 rssi=-90 pairid=35032 txtag=0 st=0x00 addr=203688425 end=203692906 air_us=280 gap_us=4458
REC oseq=211 s0=0x16 len=239 crc=1 rssi=-31 pairid=235 txtag=64 st=0x00 addr=203776804 end=203792421 air_us=976 gap_us=5243
REC oseq=212 s0=0x1e len=250 crc=1 rssi=-52 pairid=246 txtag=64 st=0x00 addr=203795216 end=203811537 air_us=1020 gap_us=174
REC oseq=213 s0=0x1a len=251 crc=1 rssi=-31 pairid=247 txtag=64 st=0x00 addr=203814325 end=203830710 air_us=1024 gap_us=174
REC oseq=214 s0=0x12 len=250 crc=1 rssi=-52 pairid=246 txtag=64 st=0x00 addr=203833504 end=203849825 air_us=1020 gap_us=174
REC oseq=215 s0=0x16 len=239 crc=1 rssi=-31 pairid=235 txtag=64 st=0x00 addr=203852613 end=203868230 air_us=976 gap_us=174
REC oseq=216 s0=0x1e len=250 crc=1 rssi=-52 pairid=246 txtag=64 st=0x00 addr=203871025 end=203887346 air_us=1020 gap_us=174
REC oseq=217 s0=0x1a len=251 crc=1 rssi=-31 pairid=247 txtag=64 st=0x00 addr=203890133 end=203906518 air_us=1024 gap_us=174
REC oseq=218 s0=0x12 len=250 crc=1 rssi=-52 pairid=246 txtag=64 st=0x00 addr=203909313 end=203925634 air_us=1020 gap_us=174
REC oseq=219 s0=0x16 len=239 crc=1 rssi=-33 pairid=235 txtag=64 st=0x00 addr=203928422 end=203944039 air_us=976 gap_us=174
REC oseq=220 s0=0x1e len=250 crc=1 rssi=-52 pairid=246 txtag=64 st=0x00 addr=203946833 end=203963154 air_us=1020 gap_us=174
REC oseq=221 s0=0x1a len=251 crc=1 rssi=-31 pairid=247 txtag=64 st=0x00 addr=203965942 end=203982327 air_us=1024 gap_us=174
REC oseq=222 s0=0x12 len=250 crc=1 rssi=-52 pairid=246 txtag=64 st=0x00 addr=203985122 end=204001443 air_us=1020 gap_us=174
REC oseq=223 s0=0x16 len=239 crc=0 rssi=-31 pairid=235 txtag=64 st=0x00 addr=204004231 end=204019848 air_us=976 gap_us=174
REC oseq=224 s0=0x1a len=239 crc=1 rssi=-31 pairid=235 txtag=64 st=0x00 addr=207136789 end=207152406 air_us=976 gap_us=194808
REC oseq=225 s0=0x12 len=250 crc=1 rssi=-52 pairid=246 txtag=64 st=0x00 addr=207155193 end=207171514 air_us=1020 gap_us=174
REC oseq=226 s0=0x16 len=251 crc=1 rssi=-31 pairid=247 txtag=64 st=0x00 addr=207174310 end=207190695 air_us=1024 gap_us=174
REC oseq=227 s0=0x1e len=250 crc=1 rssi=-52 pairid=246 txtag=64 st=0x00 addr=207193481 end=207209802 air_us=1020 gap_us=174
REC oseq=228 s0=0x1a len=239 crc=1 rssi=-31 pairid=235 txtag=64 st=0x00 addr=207212598 end=207228215 air_us=976 gap_us=174
REC oseq=229 s0=0x12 len=250 crc=1 rssi=-52 pairid=246 txtag=64 st=0x00 addr=207231002 end=207247323 air_us=1020 gap_us=174
REC oseq=230 s0=0x16 len=251 crc=1 rssi=-31 pairid=247 txtag=64 st=0x00 addr=207250119 end=207266504 air_us=1024 gap_us=174
REC oseq=231 s0=0x1e len=250 crc=1 rssi=-52 pairid=246 txtag=64 st=0x00 addr=207269290 end=207285611 air_us=1020 gap_us=174
REC oseq=232 s0=0x1a len=239 crc=1 rssi=-32 pairid=235 txtag=64 st=0x00 addr=207288407 end=207304024 air_us=976 gap_us=174
REC oseq=233 s0=0x12 len=250 crc=1 rssi=-52 pairid=246 txtag=64 st=0x00 addr=207306810 end=207323131 air_us=1020 gap_us=174
REC oseq=234 s0=0x16 len=251 crc=1 rssi=-31 pairid=247 txtag=64 st=0x00 addr=207325928 end=207342313 air_us=1024 gap_us=174
REC oseq=235 s0=0x1e len=250 crc=1 rssi=-52 pairid=246 txtag=64 st=0x00 addr=207345099 end=207361420 air_us=1020 gap_us=174
REC oseq=236 s0=0x1a len=239 crc=0 rssi=-31 pairid=235 txtag=64 st=0x00 addr=207364216 end=207379833 air_us=976 gap_us=174
REC oseq=237 s0=0x29 len=35 crc=0 rssi=-91 pairid=38988 txtag=72 st=0x00 addr=210016777 end=210019338 air_us=160 gap_us=164809
REC oseq=238 s0=0x25 len=55 crc=0 rssi=-91 pairid=38992 txtag=72 st=0x00 addr=210055064 end=210058905 air_us=240 gap_us=2232
REC oseq=239 s0=0x25 len=55 crc=0 rssi=-90 pairid=38992 txtag=72 st=0x00 addr=210130875 end=210134716 air_us=240 gap_us=4498
REC oseq=240 s0=0x29 len=35 crc=0 rssi=-90 pairid=38988 txtag=72 st=0x00 addr=210168395 end=210170956 air_us=160 gap_us=2104
REC oseq=241 s0=0x25 len=55 crc=0 rssi=-91 pairid=38992 txtag=72 st=0x00 addr=210206683 end=210210524 air_us=240 gap_us=2232
REC oseq=242 s0=0x29 len=35 crc=0 rssi=-91 pairid=38988 txtag=72 st=0x00 addr=210244203 end=210246764 air_us=160 gap_us=2104
REC oseq=243 s0=0x99 len=66 crc=0 rssi=-91 pairid=5490 txtag=0 st=0x00 addr=212492575 end=212497120 air_us=284 gap_us=140363
REC oseq=244 s0=0x95 len=85 crc=0 rssi=-90 pairid=51578 txtag=0 st=0x00 addr=212530095 end=212535856 air_us=360 gap_us=2060
REC oseq=245 s0=0x9a len=66 crc=0 rssi=-91 pairid=53561 txtag=0 st=0x00 addr=212568384 end=212572929 air_us=284 gap_us=2033
REC oseq=246 s0=0x09 len=0 crc=1 rssi=-32 pairid=53561 txtag=0 st=0x00 addr=213856758 end=213857079 air_us=20 gap_us=80239
REC oseq=247 s0=0x12 len=250 crc=1 rssi=-52 pairid=246 txtag=64 st=0x00 addr=213859866 end=213876187 air_us=1020 gap_us=174
REC oseq=248 s0=0x05 len=0 crc=1 rssi=-33 pairid=246 txtag=64 st=0x00 addr=213878982 end=213879303 air_us=20 gap_us=174
REC oseq=249 s0=0x1e len=250 crc=1 rssi=-52 pairid=246 txtag=64 st=0x00 addr=213882090 end=213898411 air_us=1020 gap_us=174
REC oseq=250 s0=0x09 len=0 crc=1 rssi=-32 pairid=246 txtag=64 st=0x00 addr=213901207 end=213901528 air_us=20 gap_us=174
REC oseq=251 s0=0x12 len=250 crc=1 rssi=-52 pairid=246 txtag=64 st=0x00 addr=213904314 end=213920635 air_us=1020 gap_us=174
REC oseq=252 s0=0x05 len=0 crc=1 rssi=-32 pairid=246 txtag=64 st=0x00 addr=213923431 end=213923752 air_us=20 gap_us=174
REC oseq=253 s0=0x1e len=250 crc=1 rssi=-52 pairid=246 txtag=64 st=0x00 addr=213926538 end=213942859 air_us=1020 gap_us=174
REC oseq=254 s0=0x09 len=0 crc=1 rssi=-31 pairid=246 txtag=64 st=0x00 addr=213945655 end=213945976 air_us=20 gap_us=174
REC oseq=255 s0=0x12 len=250 crc=1 rssi=-52 pairid=246 txtag=64 st=0x00 addr=213948763 end=213965084 air_us=1020 gap_us=174
REC oseq=256 s0=0x05 len=0 crc=1 rssi=-32 pairid=246 txtag=64 st=0x00 addr=213967880 end=213968201 air_us=20 gap_us=174
REC oseq=257 s0=0x1e len=250 crc=1 rssi=-52 pairid=246 txtag=64 st=0x00 addr=213970987 end=213987308 air_us=1020 gap_us=174
REC oseq=258 s0=0x09 len=0 crc=1 rssi=-32 pairid=246 txtag=64 st=0x00 addr=213990104 end=213990425 air_us=20 gap_us=174
REC oseq=259 s0=0x12 len=250 crc=1 rssi=-52 pairid=246 txtag=64 st=0x00 addr=213993212 end=214009533 air_us=1020 gap_us=174
REC oseq=260 s0=0x05 len=0 crc=1 rssi=-32 pairid=246 txtag=64 st=0x00 addr=214012328 end=214012649 air_us=20 gap_us=174
REC oseq=261 s0=0x1e len=250 crc=1 rssi=-51 pairid=246 txtag=64 st=0x00 addr=214015435 end=214031756 air_us=1020 gap_us=174
REC oseq=262 s0=0x09 len=0 crc=1 rssi=-31 pairid=246 txtag=64 st=0x00 addr=214034552 end=214034873 air_us=20 gap_us=174
REC oseq=263 s0=0x12 len=250 crc=1 rssi=-52 pairid=246 txtag=64 st=0x00 addr=214037660 end=214053981 air_us=1020 gap_us=174
REC oseq=264 s0=0x05 len=0 crc=1 rssi=-32 pairid=246 txtag=64 st=0x00 addr=214056777 end=214057098 air_us=20 gap_us=174
REC oseq=265 s0=0x1e len=250 crc=1 rssi=-51 pairid=246 txtag=64 st=0x00 addr=214059884 end=214076205 air_us=1020 gap_us=174
REC oseq=266 s0=0x09 len=0 crc=1 rssi=-32 pairid=246 txtag=64 st=0x00 addr=214079001 end=214079322 air_us=20 gap_us=174
REC oseq=267 s0=0x12 len=250 crc=0 rssi=-51 pairid=246 txtag=64 st=0x00 addr=214082108 end=214098429 air_us=1020 gap_us=174
REC oseq=268 s0=0x16 len=239 crc=1 rssi=-31 pairid=235 txtag=64 st=0x00 addr=214816754 end=214832371 air_us=976 gap_us=44895
REC oseq=269 s0=0x1e len=250 crc=1 rssi=-51 pairid=246 txtag=64 st=0x00 addr=214835155 end=214851476 air_us=1020 gap_us=174
REC oseq=270 s0=0x1a len=251 crc=1 rssi=-31 pairid=247 txtag=64 st=0x00 addr=214854275 end=214870660 air_us=1024 gap_us=174
REC oseq=271 s0=0x12 len=250 crc=1 rssi=-52 pairid=246 txtag=64 st=0x00 addr=214873443 end=214889764 air_us=1020 gap_us=173
REC oseq=272 s0=0x16 len=239 crc=1 rssi=-32 pairid=235 txtag=64 st=0x00 addr=214892547 end=214908164 air_us=976 gap_us=173
REC oseq=273 s0=0x1e len=250 crc=1 rssi=-52 pairid=246 txtag=64 st=0x00 addr=214910948 end=214927269 air_us=1020 gap_us=174
REC oseq=274 s0=0x1a len=251 crc=1 rssi=-31 pairid=247 txtag=64 st=0x00 addr=214930052 end=214946437 air_us=1024 gap_us=173
REC oseq=275 s0=0x12 len=250 crc=1 rssi=-52 pairid=246 txtag=64 st=0x00 addr=214949220 end=214965541 air_us=1020 gap_us=173
REC oseq=276 s0=0x16 len=239 crc=1 rssi=-31 pairid=235 txtag=64 st=0x00 addr=214968324 end=214983941 air_us=976 gap_us=173
REC oseq=277 s0=0x1e len=250 crc=1 rssi=-52 pairid=246 txtag=64 st=0x00 addr=214986724 end=215003045 air_us=1020 gap_us=173
REC oseq=278 s0=0x1a len=251 crc=1 rssi=-31 pairid=247 txtag=64 st=0x00 addr=215005829 end=215022214 air_us=1024 gap_us=174
REC oseq=279 s0=0x12 len=250 crc=1 rssi=-52 pairid=246 txtag=64 st=0x00 addr=215024997 end=215041318 air_us=1020 gap_us=173
REC oseq=280 s0=0x16 len=239 crc=0 rssi=-32 pairid=235 txtag=64 st=0x00 addr=215044101 end=215059718 air_us=976 gap_us=173
REC oseq=281 s0=0x25 len=35 crc=0 rssi=-91 pairid=55372 txtag=72 st=0x00 addr=222976717 end=222979278 air_us=160 gap_us=494812
REC oseq=282 s0=0x29 len=55 crc=0 rssi=-90 pairid=38992 txtag=72 st=0x00 addr=223015005 end=223018846 air_us=240 gap_us=2232
REC oseq=283 s0=0x3d len=35 crc=0 rssi=-91 pairid=55372 txtag=72 st=0x00 addr=223052527 end=223055088 air_us=160 gap_us=2105
REC oseq=284 s0=0x29 len=55 crc=0 rssi=-90 pairid=38992 txtag=72 st=0x00 addr=223090815 end=223094656 air_us=240 gap_us=2232
REC oseq=285 s0=0x25 len=35 crc=0 rssi=-91 pairid=38988 txtag=64 st=0x00 addr=223128333 end=223130894 air_us=160 gap_us=2104
REC oseq=286 s0=0x29 len=55 crc=0 rssi=-91 pairid=55377 txtag=72 st=0x00 addr=223166624 end=223170465 air_us=240 gap_us=2233
REC oseq=287 s0=0x25 len=35 crc=0 rssi=-91 pairid=38988 txtag=72 st=0x00 addr=223204144 end=223206705 air_us=160 gap_us=2104
REC oseq=288 s0=0x09 len=0 crc=1 rssi=-32 pairid=38988 txtag=72 st=0x00 addr=224896708 end=224897029 air_us=20 gap_us=105625
REC oseq=289 s0=0x12 len=250 crc=1 rssi=-52 pairid=246 txtag=64 st=0x00 addr=224899819 end=224916140 air_us=1020 gap_us=174
REC oseq=290 s0=0x05 len=0 crc=1 rssi=-32 pairid=246 txtag=64 st=0x00 addr=224918932 end=224919253 air_us=20 gap_us=174
REC oseq=291 s0=0x1e len=250 crc=1 rssi=-52 pairid=246 txtag=64 st=0x00 addr=224922043 end=224938364 air_us=1020 gap_us=174
REC oseq=292 s0=0x09 len=0 crc=1 rssi=-32 pairid=246 txtag=64 st=0x00 addr=224941156 end=224941477 air_us=20 gap_us=174
REC oseq=293 s0=0x12 len=250 crc=1 rssi=-52 pairid=246 txtag=64 st=0x00 addr=224944268 end=224960589 air_us=1020 gap_us=174
REC oseq=294 s0=0x05 len=0 crc=1 rssi=-32 pairid=246 txtag=64 st=0x00 addr=224963381 end=224963702 air_us=20 gap_us=174
REC oseq=295 s0=0x1e len=250 crc=1 rssi=-52 pairid=246 txtag=64 st=0x00 addr=224966492 end=224982813 air_us=1020 gap_us=174
REC oseq=296 s0=0x09 len=0 crc=1 rssi=-32 pairid=246 txtag=64 st=0x00 addr=224985605 end=224985926 air_us=20 gap_us=174
REC oseq=297 s0=0x12 len=250 crc=1 rssi=-52 pairid=246 txtag=64 st=0x00 addr=224988716 end=225005037 air_us=1020 gap_us=174
REC oseq=298 s0=0x05 len=0 crc=1 rssi=-32 pairid=246 txtag=64 st=0x00 addr=225007830 end=225008151 air_us=20 gap_us=174
REC oseq=299 s0=0x1e len=250 crc=1 rssi=-52 pairid=246 txtag=64 st=0x00 addr=225010940 end=225027261 air_us=1020 gap_us=174
REC oseq=300 s0=0x0a len=12 crc=1 rssi=-31 pairid=8 txtag=5 st=0x00 addr=225030054 end=225031143 air_us=68 gap_us=174
REC oseq=301 s0=0x12 len=250 crc=1 rssi=-52 pairid=246 txtag=64 st=0x00 addr=225033932 end=225050253 air_us=1020 gap_us=174
REC oseq=302 s0=0x05 len=0 crc=1 rssi=-32 pairid=246 txtag=64 st=0x00 addr=225053046 end=225053367 air_us=20 gap_us=174
REC oseq=303 s0=0x1e len=250 crc=1 rssi=-52 pairid=246 txtag=64 st=0x00 addr=225056157 end=225072478 air_us=1020 gap_us=174
REC oseq=304 s0=0x09 len=0 crc=1 rssi=-32 pairid=246 txtag=64 st=0x00 addr=225075271 end=225075592 air_us=20 gap_us=174
REC oseq=305 s0=0x12 len=250 crc=1 rssi=-52 pairid=246 txtag=64 st=0x00 addr=225078381 end=225094702 air_us=1020 gap_us=174
REC oseq=306 s0=0x05 len=0 crc=1 rssi=-32 pairid=246 txtag=64 st=0x00 addr=225097495 end=225097816 air_us=20 gap_us=174
REC oseq=307 s0=0x1e len=250 crc=1 rssi=-52 pairid=246 txtag=64 st=0x00 addr=225100605 end=225116926 air_us=1020 gap_us=174
REC oseq=308 s0=0x09 len=0 crc=1 rssi=-32 pairid=246 txtag=64 st=0x00 addr=225119719 end=225120040 air_us=20 gap_us=174
REC oseq=309 s0=0x36 len=216 crc=0 rssi=-90 pairid=58459 txtag=173 st=0x00 addr=234016667 end=234030812 air_us=884 gap_us=556039
REC oseq=310 s0=0x3a len=216 crc=0 rssi=-90 pairid=61231 txtag=181 st=0x00 addr=234038875 end=234053020 air_us=884 gap_us=503
REC oseq=311 s0=0x36 len=216 crc=0 rssi=-91 pairid=58459 txtag=109 st=0x00 addr=234061100 end=234075245 air_us=884 gap_us=505
REC oseq=312 s0=0x3a len=88 crc=0 rssi=-90 pairid=61231 txtag=172 st=0x00 addr=234083309 end=234089262 air_us=372 gap_us=504
REC oseq=313 s0=0x36 len=216 crc=0 rssi=-90 pairid=58459 txtag=45 st=0x00 addr=234105532 end=234119677 air_us=884 gap_us=1016
REC oseq=314 s0=0x3a len=216 crc=0 rssi=-91 pairid=61230 txtag=172 st=0x00 addr=234127757 end=234141902 air_us=884 gap_us=505
REC oseq=315 s0=0x36 len=216 crc=0 rssi=-90 pairid=58459 txtag=173 st=0x00 addr=234149981 end=234164126 air_us=884 gap_us=504
REC oseq=316 s0=0x3a len=216 crc=0 rssi=-89 pairid=61230 txtag=168 st=0x00 addr=234172206 end=234186351 air_us=884 gap_us=505
REC oseq=317 s0=0x39 len=212 crc=0 rssi=-90 pairid=39091 txtag=14 st=0x00 addr=235936658 end=235950547 air_us=868 gap_us=109394
REC oseq=318 s0=0x39 len=212 crc=0 rssi=-89 pairid=39091 txtag=13 st=0x00 addr=235959651 end=235973540 air_us=868 gap_us=569
REC oseq=319 s0=0x36 len=216 crc=0 rssi=-90 pairid=58459 txtag=173 st=0x00 addr=235982642 end=235996787 air_us=884 gap_us=568
REC oseq=320 s0=0x3a len=216 crc=0 rssi=-90 pairid=61230 txtag=172 st=0x00 addr=236004867 end=236019012 air_us=884 gap_us=505
REC oseq=321 s0=0x36 len=216 crc=0 rssi=-91 pairid=58459 txtag=173 st=0x00 addr=236027092 end=236041237 air_us=884 gap_us=505
REC oseq=322 s0=0x3a len=216 crc=0 rssi=-90 pairid=61231 txtag=45 st=0x00 addr=236049315 end=236063460 air_us=884 gap_us=504
REC oseq=323 s0=0x36 len=216 crc=0 rssi=-90 pairid=58459 txtag=140 st=0x00 addr=236071541 end=236085686 air_us=884 gap_us=505
REC oseq=324 s0=0x3a len=216 crc=0 rssi=-90 pairid=61230 txtag=172 st=0x00 addr=236093765 end=236107910 air_us=884 gap_us=504
REC oseq=325 s0=0x36 len=216 crc=0 rssi=-91 pairid=58459 txtag=12 st=0x00 addr=236115988 end=236130133 air_us=884 gap_us=504
REC oseq=326 s0=0x3a len=216 crc=0 rssi=-90 pairid=61230 txtag=172 st=0x00 addr=236138213 end=236152358 air_us=884 gap_us=505
REC oseq=327 s0=0x36 len=216 crc=0 rssi=-90 pairid=58458 txtag=172 st=0x00 addr=236160437 end=236174582 air_us=884 gap_us=504
REC oseq=328 s0=0xc2 len=123 crc=0 rssi=-92 pairid=31614 txtag=163 st=0x00 addr=240206530 end=240214723 air_us=512 gap_us=251996
REC oseq=329 s0=0x96 len=86 crc=0 rssi=-91 pairid=3103 txtag=0 st=0x00 addr=240774157 end=240779982 air_us=364 gap_us=34964
REC oseq=330 s0=0x95 len=85 crc=0 rssi=-92 pairid=4093 txtag=0 st=0x00 addr=240925774 end=240931535 air_us=360 gap_us=9112
REC oseq=331 s0=0x09 len=0 crc=1 rssi=-32 pairid=4093 txtag=0 st=0x00 addr=250576591 end=250576912 air_us=20 gap_us=602816
REC oseq=332 s0=0x12 len=250 crc=1 rssi=-52 pairid=246 txtag=64 st=0x00 addr=250579700 end=250596021 air_us=1020 gap_us=174
REC oseq=333 s0=0x05 len=0 crc=1 rssi=-32 pairid=246 txtag=64 st=0x00 addr=250598815 end=250599136 air_us=20 gap_us=174
REC oseq=334 s0=0x1e len=250 crc=1 rssi=-52 pairid=246 txtag=64 st=0x00 addr=250601925 end=250618246 air_us=1020 gap_us=174
REC oseq=335 s0=0x09 len=0 crc=1 rssi=-31 pairid=246 txtag=64 st=0x00 addr=250621040 end=250621361 air_us=20 gap_us=174
REC oseq=336 s0=0x12 len=250 crc=1 rssi=-52 pairid=246 txtag=64 st=0x00 addr=250624149 end=250640470 air_us=1020 gap_us=174
REC oseq=337 s0=0x05 len=0 crc=1 rssi=-32 pairid=246 txtag=64 st=0x00 addr=250643264 end=250643585 air_us=20 gap_us=174
REC oseq=338 s0=0x1e len=250 crc=1 rssi=-52 pairid=246 txtag=64 st=0x00 addr=250646373 end=250662694 air_us=1020 gap_us=174
REC oseq=339 s0=0x09 len=0 crc=1 rssi=-32 pairid=246 txtag=64 st=0x00 addr=250665489 end=250665810 air_us=20 gap_us=174
REC oseq=340 s0=0x12 len=250 crc=1 rssi=-52 pairid=246 txtag=64 st=0x00 addr=250668598 end=250684919 air_us=1020 gap_us=174
REC oseq=341 s0=0x05 len=0 crc=1 rssi=-32 pairid=246 txtag=64 st=0x00 addr=250687713 end=250688034 air_us=20 gap_us=174
REC oseq=342 s0=0x1e len=250 crc=1 rssi=-52 pairid=246 txtag=64 st=0x00 addr=250690822 end=250707143 air_us=1020 gap_us=174
REC oseq=343 s0=0x09 len=0 crc=1 rssi=-32 pairid=246 txtag=64 st=0x00 addr=250709937 end=250710258 air_us=20 gap_us=174
REC oseq=344 s0=0x12 len=250 crc=1 rssi=-52 pairid=246 txtag=64 st=0x00 addr=250713046 end=250729367 air_us=1020 gap_us=174
REC oseq=345 s0=0x05 len=0 crc=1 rssi=-38 pairid=246 txtag=64 st=0x00 addr=250732162 end=250732483 air_us=20 gap_us=174
REC oseq=346 s0=0x1e len=250 crc=1 rssi=-51 pairid=246 txtag=64 st=0x00 addr=250735270 end=250751591 air_us=1020 gap_us=174
REC oseq=347 s0=0x09 len=0 crc=1 rssi=-31 pairid=246 txtag=64 st=0x00 addr=250754386 end=250754707 air_us=20 gap_us=174
REC oseq=348 s0=0x12 len=250 crc=1 rssi=-52 pairid=246 txtag=64 st=0x00 addr=250757494 end=250773815 air_us=1020 gap_us=174
REC oseq=349 s0=0x05 len=0 crc=1 rssi=-32 pairid=246 txtag=64 st=0x00 addr=250776610 end=250776931 air_us=20 gap_us=174
REC oseq=350 s0=0x1e len=12 crc=1 rssi=-52 pairid=8 txtag=5 st=0x00 addr=250779719 end=250780808 air_us=68 gap_us=174
REC oseq=351 s0=0x09 len=0 crc=1 rssi=-32 pairid=8 txtag=5 st=0x00 addr=250783602 end=250783923 air_us=20 gap_us=174
REC oseq=352 s0=0x12 len=250 crc=1 rssi=-52 pairid=246 txtag=64 st=0x00 addr=250786710 end=250803031 air_us=1020 gap_us=174
REC oseq=353 s0=0x16 len=251 crc=0 rssi=-32 pairid=247 txtag=64 st=0x00 addr=250805826 end=250822211 air_us=1024 gap_us=174
REC oseq=354 s0=0x29 len=55 crc=0 rssi=-91 pairid=38992 txtag=64 st=0x00 addr=251776586 end=251780427 air_us=240 gap_us=59648
REC oseq=355 s0=0x25 len=167 crc=0 rssi=-91 pairid=38988 txtag=72 st=0x00 addr=251814106 end=251825115 air_us=688 gap_us=2104
REC oseq=356 s0=0x25 len=163 crc=0 rssi=-91 pairid=38988 txtag=72 st=0x00 addr=251889916 end=251900669 air_us=672 gap_us=4050
REC oseq=357 s0=0x29 len=55 crc=0 rssi=-90 pairid=38992 txtag=72 st=0x00 addr=251928204 end=251932045 air_us=240 gap_us=1720
REC oseq=358 s0=0x25 len=35 crc=0 rssi=-91 pairid=38988 txtag=64 st=0x00 addr=251965724 end=251968285 air_us=160 gap_us=2104
REC oseq=359 s0=0x29 len=55 crc=0 rssi=-90 pairid=38992 txtag=72 st=0x00 addr=252004013 end=252007854 air_us=240 gap_us=2233
REC oseq=360 s0=0x3a len=216 crc=0 rssi=-90 pairid=61230 txtag=172 st=0x00 addr=253456578 end=253470723 air_us=884 gap_us=90545
REC oseq=361 s0=0x36 len=216 crc=0 rssi=-90 pairid=58459 txtag=173 st=0x00 addr=253478803 end=253492948 air_us=884 gap_us=505
REC oseq=362 s0=0x3a len=216 crc=0 rssi=-90 pairid=61230 txtag=172 st=0x00 addr=253501027 end=253515172 air_us=884 gap_us=504
REC oseq=363 s0=0x3e len=216 crc=0 rssi=-90 pairid=58459 txtag=173 st=0x00 addr=253523251 end=253537396 air_us=884 gap_us=504
REC oseq=364 s0=0x3a len=88 crc=0 rssi=-90 pairid=61231 txtag=45 st=0x00 addr=253545476 end=253551429 air_us=372 gap_us=505
REC oseq=365 s0=0x36 len=216 crc=0 rssi=-90 pairid=58459 txtag=172 st=0x00 addr=253567700 end=253581845 air_us=884 gap_us=1016
REC oseq=366 s0=0x3a len=216 crc=0 rssi=-89 pairid=61230 txtag=173 st=0x00 addr=253589924 end=253604069 air_us=884 gap_us=504
REC oseq=367 s0=0x36 len=216 crc=0 rssi=-91 pairid=58459 txtag=172 st=0x00 addr=253612148 end=253626293 air_us=884 gap_us=504
REC oseq=368 s0=0xba len=92 crc=0 rssi=-90 pairid=61231 txtag=172 st=0x00 addr=253634373 end=253640582 air_us=388 gap_us=505
REC oseq=369 s0=0x36 len=216 crc=0 rssi=-91 pairid=58459 txtag=173 st=0x00 addr=253656598 end=253670743 air_us=884 gap_us=1001
REC oseq=370 s0=0x25 len=55 crc=0 rssi=-92 pairid=38992 txtag=72 st=0x00 addr=253685814 end=253689655 air_us=240 gap_us=941
REC oseq=371 s0=0x29 len=55 crc=0 rssi=-91 pairid=38992 txtag=72 st=0x00 addr=256892372 end=256896213 air_us=240 gap_us=200169
REC oseq=372 s0=0x25 len=163 crc=0 rssi=-90 pairid=38988 txtag=72 st=0x00 addr=256929892 end=256940645 air_us=672 gap_us=2104
REC oseq=373 s0=0x29 len=55 crc=0 rssi=-91 pairid=38992 txtag=72 st=0x00 addr=256968180 end=256972021 air_us=240 gap_us=1720
REC oseq=374 s0=0x29 len=55 crc=0 rssi=-91 pairid=38992 txtag=72 st=0x00 addr=257043990 end=257047831 air_us=240 gap_us=4498
REC oseq=375 s0=0x9a len=70 crc=0 rssi=-91 pairid=51430 txtag=200 st=0x00 addr=262690633 end=262695434 air_us=300 gap_us=352675
REC oseq=376 s0=0x9b len=193 crc=0 rssi=-91 pairid=18770 txtag=0 st=0x00 addr=262766443 end=262779116 air_us=792 gap_us=4438
REC oseq=377 s0=0x86 len=173 crc=0 rssi=-90 pairid=30126 txtag=229 st=0x00 addr=267203190 end=267214583 air_us=712 gap_us=276504
REC oseq=378 s0=0x8a len=173 crc=0 rssi=-91 pairid=30751 txtag=228 st=0x00 addr=267225416 end=267236809 air_us=712 gap_us=677
REC oseq=379 s0=0x86 len=13 crc=0 rssi=-91 pairid=46924 txtag=213 st=0x00 addr=267247638 end=267248791 air_us=72 gap_us=676
REC oseq=380 s0=0x29 len=35 crc=0 rssi=-91 pairid=55372 txtag=80 st=0x00 addr=270976499 end=270979060 air_us=160 gap_us=232981
REC oseq=381 s0=0x29 len=35 crc=0 rssi=-91 pairid=38988 txtag=72 st=0x00 addr=271052308 end=271054869 air_us=160 gap_us=4578
REC oseq=382 s0=0x25 len=55 crc=0 rssi=-92 pairid=38992 txtag=72 st=0x00 addr=271090597 end=271094438 air_us=240 gap_us=2233
REC oseq=383 s0=0x29 len=35 crc=0 rssi=-90 pairid=38988 txtag=64 st=0x00 addr=271128118 end=271130679 air_us=160 gap_us=2105
REC oseq=384 s0=0x25 len=55 crc=0 rssi=-91 pairid=38992 txtag=72 st=0x00 addr=271166405 end=271170246 air_us=240 gap_us=2232
REC oseq=385 s0=0x29 len=131 crc=0 rssi=-91 pairid=38988 txtag=72 st=0x00 addr=271203926 end=271212631 air_us=544 gap_us=2105
REC oseq=386 s0=0x3a len=216 crc=0 rssi=-90 pairid=61230 txtag=172 st=0x00 addr=272176493 end=272190638 air_us=884 gap_us=60241
REC oseq=387 s0=0x36 len=216 crc=0 rssi=-90 pairid=58459 txtag=172 st=0x00 addr=272198700 end=272212845 air_us=884 gap_us=503
REC oseq=388 s0=0x3a len=216 crc=0 rssi=-90 pairid=61230 txtag=172 st=0x00 addr=272220926 end=272235071 air_us=884 gap_us=505
REC oseq=389 s0=0x36 len=216 crc=0 rssi=-90 pairid=58459 txtag=172 st=0x00 addr=272243150 end=272257295 air_us=884 gap_us=504
REC oseq=390 s0=0x3a len=217 crc=0 rssi=-89 pairid=61230 txtag=173 st=0x00 addr=272265375 end=272279584 air_us=888 gap_us=505
REC oseq=391 s0=0x36 len=216 crc=0 rssi=-91 pairid=58459 txtag=172 st=0x00 addr=272287597 end=272301742 air_us=884 gap_us=500
REC oseq=392 s0=0x3a len=216 crc=0 rssi=-90 pairid=61230 txtag=173 st=0x00 addr=272309822 end=272323967 air_us=884 gap_us=505
REC oseq=393 s0=0x36 len=216 crc=0 rssi=-89 pairid=58459 txtag=164 st=0x00 addr=272332047 end=272346192 air_us=884 gap_us=505
REC oseq=394 s0=0x3a len=216 crc=0 rssi=-89 pairid=61231 txtag=172 st=0x00 addr=272354270 end=272368415 air_us=884 gap_us=504
REC oseq=395 s0=0x36 len=216 crc=0 rssi=-89 pairid=58459 txtag=181 st=0x00 addr=272376497 end=272390642 air_us=884 gap_us=505
REC oseq=396 s0=0x3a len=216 crc=0 rssi=-89 pairid=61230 txtag=173 st=0x00 addr=272398720 end=272412865 air_us=884 gap_us=504
REC oseq=397 s0=0x36 len=216 crc=0 rssi=-90 pairid=58458 txtag=172 st=0x00 addr=272678715 end=272692860 air_us=884 gap_us=16615
REC oseq=398 s0=0x3a len=216 crc=0 rssi=-91 pairid=61231 txtag=164 st=0x00 addr=272700939 end=272715084 air_us=884 gap_us=504
REC oseq=399 s0=0x36 len=216 crc=0 rssi=-90 pairid=58459 txtag=172 st=0x00 addr=272723164 end=272737309 air_us=884 gap_us=505
REC oseq=400 s0=0x3a len=216 crc=0 rssi=-90 pairid=61230 txtag=172 st=0x00 addr=272745389 end=272759534 air_us=884 gap_us=505
REC oseq=401 s0=0x36 len=216 crc=0 rssi=-90 pairid=58458 txtag=172 st=0x00 addr=272767612 end=272781757 air_us=884 gap_us=504
REC oseq=402 s0=0x39 len=212 crc=0 rssi=-91 pairid=39091 txtag=12 st=0x00 addr=272789837 end=272803726 air_us=868 gap_us=505
REC oseq=403 s0=0x36 len=216 crc=0 rssi=-90 pairid=58459 txtag=172 st=0x00 addr=272812829 end=272826974 air_us=884 gap_us=568
REC oseq=404 s0=0x3a len=216 crc=0 rssi=-90 pairid=61231 txtag=173 st=0x00 addr=272835054 end=272849199 air_us=884 gap_us=505
REC oseq=405 s0=0x36 len=217 crc=0 rssi=-90 pairid=58459 txtag=172 st=0x00 addr=272857278 end=272871487 air_us=888 gap_us=504
REC oseq=406 s0=0x25 len=35 crc=0 rssi=-91 pairid=38988 txtag=72 st=0x00 addr=272886495 end=272889056 air_us=160 gap_us=938
REC oseq=407 s0=0x16 len=251 crc=1 rssi=-32 pairid=247 txtag=64 st=0x00 addr=272896490 end=272912875 air_us=1024 gap_us=464
REC oseq=408 s0=0x1e len=250 crc=1 rssi=-52 pairid=246 txtag=64 st=0x00 addr=272915671 end=272931992 air_us=1020 gap_us=174
REC oseq=409 s0=0x1a len=239 crc=1 rssi=-31 pairid=235 txtag=64 st=0x00 addr=272934778 end=272950395 air_us=976 gap_us=174
REC oseq=410 s0=0x12 len=250 crc=1 rssi=-52 pairid=246 txtag=64 st=0x00 addr=272953191 end=272969512 air_us=1020 gap_us=174
REC oseq=411 s0=0x16 len=251 crc=1 rssi=-32 pairid=247 txtag=64 st=0x00 addr=272972298 end=272988683 air_us=1024 gap_us=174
REC oseq=412 s0=0x1e len=250 crc=1 rssi=-52 pairid=246 txtag=64 st=0x00 addr=272991480 end=273007801 air_us=1020 gap_us=174
REC oseq=413 s0=0x1a len=239 crc=1 rssi=-31 pairid=235 txtag=64 st=0x00 addr=273010587 end=273026204 air_us=976 gap_us=174
REC oseq=414 s0=0x12 len=250 crc=1 rssi=-52 pairid=246 txtag=64 st=0x00 addr=273029001 end=273045322 air_us=1020 gap_us=174
REC oseq=415 s0=0x16 len=251 crc=1 rssi=-31 pairid=247 txtag=64 st=0x00 addr=273048108 end=273064493 air_us=1024 gap_us=174
REC oseq=416 s0=0x1e len=250 crc=1 rssi=-52 pairid=246 txtag=64 st=0x00 addr=273067289 end=273083610 air_us=1020 gap_us=174
REC oseq=417 s0=0x1a len=239 crc=1 rssi=-31 pairid=235 txtag=64 st=0x00 addr=273086396 end=273102013 air_us=976 gap_us=174
REC oseq=418 s0=0x12 len=250 crc=1 rssi=-52 pairid=246 txtag=64 st=0x00 addr=273104809 end=273121130 air_us=1020 gap_us=174
REC oseq=419 s0=0x16 len=251 crc=0 rssi=-31 pairid=247 txtag=64 st=0x00 addr=273123916 end=273140301 air_us=1024 gap_us=174
REC oseq=420 s0=0x25 len=55 crc=0 rssi=-92 pairid=38992 txtag=72 st=0x00 addr=276496475 end=276500316 air_us=240 gap_us=209760
REC oseq=421 s0=0x29 len=67 crc=0 rssi=-91 pairid=38988 txtag=72 st=0x00 addr=276533996 end=276538605 air_us=288 gap_us=2105
REC oseq=422 s0=0x23 len=55 crc=0 rssi=-92 pairid=38992 txtag=72 st=0x00 addr=276572284 end=276576125 air_us=240 gap_us=2104
REC oseq=423 s0=0x29 len=35 crc=0 rssi=-92 pairid=38988 txtag=72 st=0x00 addr=276609804 end=276612365 air_us=160 gap_us=2104
REC oseq=424 s0=0x25 len=55 crc=0 rssi=-92 pairid=38992 txtag=72 st=0x00 addr=276648094 end=276651935 air_us=240 gap_us=2233
REC oseq=425 s0=0x25 len=23 crc=0 rssi=-91 pairid=38992 txtag=72 st=0x00 addr=276723905 end=276725699 air_us=112 gap_us=4498
REC oseq=426 s0=0x25 len=35 crc=0 rssi=-92 pairid=38988 txtag=72 st=0x00 addr=278176466 end=278179027 air_us=160 gap_us=90672
REC oseq=427 s0=0x25 len=35 crc=0 rssi=-92 pairid=38988 txtag=72 st=0x00 addr=278214753 end=278217314 air_us=160 gap_us=2232
REC oseq=428 s0=0x29 len=55 crc=0 rssi=-90 pairid=38992 txtag=72 st=0x00 addr=278253043 end=278256884 air_us=240 gap_us=2233
REC oseq=429 s0=0x25 len=35 crc=0 rssi=-91 pairid=38988 txtag=72 st=0x00 addr=278290563 end=278293124 air_us=160 gap_us=2104
REC oseq=430 s0=0x29 len=55 crc=0 rssi=-92 pairid=55376 txtag=72 st=0x00 addr=278328853 end=278332694 air_us=240 gap_us=2233
REC oseq=431 s0=0x25 len=35 crc=0 rssi=-91 pairid=38988 txtag=72 st=0x00 addr=278366356 end=278368917 air_us=160 gap_us=2103
REC oseq=432 s0=0x29 len=55 crc=0 rssi=-90 pairid=38992 txtag=72 st=0x00 addr=278404629 end=278408470 air_us=240 gap_us=2232
REC oseq=433 s0=0x1a len=251 crc=1 rssi=-31 pairid=247 txtag=64 st=0x00 addr=282016447 end=282032832 air_us=1024 gap_us=225498
REC oseq=434 s0=0x12 len=250 crc=1 rssi=-52 pairid=246 txtag=64 st=0x00 addr=282035624 end=282051945 air_us=1020 gap_us=174
REC oseq=435 s0=0x16 len=239 crc=1 rssi=-31 pairid=235 txtag=64 st=0x00 addr=282054735 end=282070352 air_us=976 gap_us=174
REC oseq=436 s0=0x1e len=250 crc=1 rssi=-52 pairid=246 txtag=64 st=0x00 addr=282073144 end=282089465 air_us=1020 gap_us=174
REC oseq=437 s0=0x1a len=251 crc=1 rssi=-31 pairid=247 txtag=64 st=0x00 addr=282092256 end=282108641 air_us=1024 gap_us=174
REC oseq=438 s0=0x12 len=250 crc=1 rssi=-52 pairid=246 txtag=64 st=0x00 addr=282111432 end=282127753 air_us=1020 gap_us=174
REC oseq=439 s0=0x16 len=239 crc=1 rssi=-31 pairid=235 txtag=64 st=0x00 addr=282130544 end=282146161 air_us=976 gap_us=174
REC oseq=440 s0=0x1e len=250 crc=1 rssi=-52 pairid=246 txtag=64 st=0x00 addr=282148953 end=282165274 air_us=1020 gap_us=174
REC oseq=441 s0=0x1a len=251 crc=1 rssi=-31 pairid=247 txtag=64 st=0x00 addr=282168065 end=282184450 air_us=1024 gap_us=174
REC oseq=442 s0=0x12 len=250 crc=1 rssi=-52 pairid=246 txtag=64 st=0x00 addr=282187241 end=282203562 air_us=1020 gap_us=174
REC oseq=443 s0=0x16 len=239 crc=1 rssi=-31 pairid=235 txtag=64 st=0x00 addr=282206354 end=282221971 air_us=976 gap_us=174
REC oseq=444 s0=0x1e len=250 crc=1 rssi=-52 pairid=246 txtag=64 st=0x00 addr=282224762 end=282241083 air_us=1020 gap_us=174
REC oseq=445 s0=0x1a len=251 crc=0 rssi=-31 pairid=247 txtag=64 st=0x00 addr=282243874 end=282260259 air_us=1024 gap_us=174
REC oseq=446 s0=0x36 len=216 crc=0 rssi=-91 pairid=58459 txtag=172 st=0x00 addr=285856429 end=285870574 air_us=884 gap_us=224760
REC oseq=447 s0=0x3a len=216 crc=0 rssi=-91 pairid=61230 txtag=172 st=0x00 addr=285878654 end=285892799 air_us=884 gap_us=505
REC oseq=448 s0=0x36 len=216 crc=0 rssi=-90 pairid=58459 txtag=173 st=0x00 addr=285900878 end=285915023 air_us=884 gap_us=504
REC oseq=449 s0=0x3a len=88 crc=0 rssi=-90 pairid=61231 txtag=172 st=0x00 addr=285923103 end=285929056 air_us=372 gap_us=505
REC oseq=450 s0=0x36 len=216 crc=0 rssi=-90 pairid=58459 txtag=172 st=0x00 addr=285945327 end=285959472 air_us=884 gap_us=1016
REC oseq=451 s0=0x3a len=219 crc=0 rssi=-89 pairid=61231 txtag=172 st=0x00 addr=285967550 end=285981887 air_us=896 gap_us=504
REC oseq=452 s0=0x36 len=216 crc=0 rssi=-90 pairid=58459 txtag=172 st=0x00 addr=285989774 end=286003919 air_us=884 gap_us=492
REC oseq=453 s0=0x3a len=216 crc=0 rssi=-89 pairid=61231 txtag=173 st=0x00 addr=286012000 end=286026145 air_us=884 gap_us=505
REC oseq=454 s0=0x3a len=216 crc=0 rssi=-90 pairid=61230 txtag=172 st=0x00 addr=286034223 end=286048368 air_us=884 gap_us=504
REC oseq=455 s0=0x36 len=216 crc=0 rssi=-90 pairid=58459 txtag=172 st=0x00 addr=286056449 end=286070594 air_us=884 gap_us=505
REC oseq=456 s0=0x3a len=88 crc=0 rssi=-89 pairid=61231 txtag=172 st=0x00 addr=286078673 end=286084626 air_us=372 gap_us=504
REC oseq=457 s0=0x16 len=239 crc=1 rssi=-31 pairid=235 txtag=64 st=0x00 addr=288016420 end=288032037 air_us=976 gap_us=120737
REC oseq=458 s0=0x1e len=250 crc=1 rssi=-52 pairid=246 txtag=64 st=0x00 addr=288034828 end=288051149 air_us=1020 gap_us=174
REC oseq=459 s0=0x1a len=251 crc=1 rssi=-31 pairid=247 txtag=64 st=0x00 addr=288053941 end=288070326 air_us=1024 gap_us=174
REC oseq=460 s0=0x12 len=250 crc=1 rssi=-51 pairid=246 txtag=64 st=0x00 addr=288073116 end=288089437 air_us=1020 gap_us=174
REC oseq=461 s0=0x16 len=239 crc=1 rssi=-31 pairid=235 txtag=64 st=0x00 addr=288092230 end=288107847 air_us=976 gap_us=174
REC oseq=462 s0=0x1e len=250 crc=1 rssi=-51 pairid=246 txtag=64 st=0x00 addr=288110636 end=288126957 air_us=1020 gap_us=174
REC oseq=463 s0=0x0a len=12 crc=1 rssi=-31 pairid=8 txtag=5 st=0x00 addr=288129750 end=288130839 air_us=68 gap_us=174
REC oseq=464 s0=0x12 len=250 crc=1 rssi=-51 pairid=246 txtag=64 st=0x00 addr=288133629 end=288149950 air_us=1020 gap_us=174
REC oseq=465 s0=0x05 len=0 crc=1 rssi=-32 pairid=246 txtag=64 st=0x00 addr=288152742 end=288153063 air_us=20 gap_us=174
REC oseq=466 s0=0x1e len=250 crc=1 rssi=-51 pairid=246 txtag=64 st=0x00 addr=288155853 end=288172174 air_us=1020 gap_us=174
REC oseq=467 s0=0x09 len=0 crc=1 rssi=-32 pairid=246 txtag=64 st=0x00 addr=288174967 end=288175288 air_us=20 gap_us=174
REC oseq=468 s0=0x12 len=250 crc=1 rssi=-51 pairid=246 txtag=64 st=0x00 addr=288178077 end=288194398 air_us=1020 gap_us=174
REC oseq=469 s0=0x05 len=0 crc=1 rssi=-32 pairid=246 txtag=64 st=0x00 addr=288197191 end=288197512 air_us=20 gap_us=174
REC oseq=470 s0=0x1e len=250 crc=1 rssi=-52 pairid=246 txtag=64 st=0x00 addr=288200301 end=288216622 air_us=1020 gap_us=174
REC oseq=471 s0=0x09 len=0 crc=1 rssi=-32 pairid=246 txtag=64 st=0x00 addr=288219415 end=288219736 air_us=20 gap_us=174
REC oseq=472 s0=0x12 len=250 crc=1 rssi=-52 pairid=246 txtag=64 st=0x00 addr=288222525 end=288238846 air_us=1020 gap_us=174
REC oseq=473 s0=0x05 len=0 crc=1 rssi=-32 pairid=246 txtag=64 st=0x00 addr=288241640 end=288241961 air_us=20 gap_us=174
REC oseq=474 s0=0x1e len=250 crc=0 rssi=-51 pairid=246 txtag=64 st=0x00 addr=288244750 end=288261071 air_us=1020 gap_us=174
REC oseq=475 s0=0x8a len=173 crc=0 rssi=-90 pairid=3125 txtag=36 st=0x00 addr=288323094 end=288334487 air_us=712 gap_us=3876
REC oseq=476 s0=0xba len=173 crc=0 rssi=-91 pairid=65149 txtag=101 st=0x00 addr=288367541 end=288378934 air_us=712 gap_us=2065
REC oseq=477 s0=0x99 len=65 crc=0 rssi=-91 pairid=47266 txtag=32 st=0x00 addr=289254703 end=289259184 air_us=280 gap_us=54735
REC oseq=478 s0=0x9d len=85 crc=0 rssi=-90 pairid=53492 txtag=4 st=0x00 addr=289292226 end=289297987 air_us=360 gap_us=2065
REC oseq=479 s0=0x99 len=65 crc=0 rssi=-91 pairid=40400 txtag=0 st=0x00 addr=289406321 end=289410802 air_us=280 gap_us=6770
REC oseq=480 s0=0x95 len=85 crc=0 rssi=-91 pairid=1284 txtag=4 st=0x00 addr=289443843 end=289449604 air_us=360 gap_us=2065
REC oseq=481 s0=0x5e len=121 crc=0 rssi=-92 pairid=31580 txtag=175 st=0x00 addr=293448017 end=293456082 air_us=504 gap_us=249900
REC oseq=482 s0=0x54 len=109 crc=0 rssi=-94 pairid=30908 txtag=163 st=0x00 addr=298210471 end=298217768 air_us=456 gap_us=297149
REC oseq=483 s0=0x0a len=12 crc=1 rssi=-31 pairid=8 txtag=5 st=0x00 addr=299056370 end=299057459 air_us=68 gap_us=52412
REC oseq=484 s0=0x12 len=250 crc=1 rssi=-52 pairid=246 txtag=64 st=0x00 addr=299060254 end=299076575 air_us=1020 gap_us=174
REC oseq=485 s0=0x05 len=0 crc=1 rssi=-32 pairid=246 txtag=64 st=0x00 addr=299079362 end=299079683 air_us=20 gap_us=174
REC oseq=486 s0=0x1e len=250 crc=1 rssi=-51 pairid=246 txtag=64 st=0x00 addr=299082478 end=299098799 air_us=1020 gap_us=174
REC oseq=487 s0=0x09 len=0 crc=1 rssi=-31 pairid=246 txtag=64 st=0x00 addr=299101586 end=299101907 air_us=20 gap_us=174
REC oseq=488 s0=0x12 len=250 crc=1 rssi=-51 pairid=246 txtag=64 st=0x00 addr=299104702 end=299121023 air_us=1020 gap_us=174
REC oseq=489 s0=0x05 len=0 crc=1 rssi=-32 pairid=246 txtag=64 st=0x00 addr=299123811 end=299124132 air_us=20 gap_us=174
REC oseq=490 s0=0x1e len=250 crc=1 rssi=-52 pairid=246 txtag=64 st=0x00 addr=299126927 end=299143248 air_us=1020 gap_us=174
REC oseq=491 s0=0x09 len=0 crc=1 rssi=-31 pairid=246 txtag=64 st=0x00 addr=299146035 end=299146356 air_us=20 gap_us=174
REC oseq=492 s0=0x12 len=250 crc=1 rssi=-52 pairid=246 txtag=64 st=0x00 addr=299149151 end=299165472 air_us=1020 gap_us=174
REC oseq=493 s0=0x05 len=0 crc=1 rssi=-32 pairid=246 txtag=64 st=0x00 addr=299168259 end=299168580 air_us=20 gap_us=174
REC oseq=494 s0=0x1e len=250 crc=1 rssi=-51 pairid=246 txtag=64 st=0x00 addr=299171375 end=299187696 air_us=1020 gap_us=174
REC oseq=495 s0=0x09 len=0 crc=1 rssi=-32 pairid=246 txtag=64 st=0x00 addr=299190484 end=299190805 air_us=20 gap_us=174
REC oseq=496 s0=0x12 len=250 crc=1 rssi=-52 pairid=246 txtag=64 st=0x00 addr=299193599 end=299209920 air_us=1020 gap_us=174
REC oseq=497 s0=0x05 len=0 crc=1 rssi=-32 pairid=246 txtag=64 st=0x00 addr=299212708 end=299213029 air_us=20 gap_us=174
REC oseq=498 s0=0x1e len=250 crc=1 rssi=-51 pairid=246 txtag=64 st=0x00 addr=299215823 end=299232144 air_us=1020 gap_us=174
REC oseq=499 s0=0x09 len=0 crc=1 rssi=-32 pairid=246 txtag=64 st=0x00 addr=299234932 end=299235253 air_us=20 gap_us=174
REC oseq=500 s0=0x12 len=250 crc=1 rssi=-52 pairid=246 txtag=64 st=0x00 addr=299238047 end=299254368 air_us=1020 gap_us=174
REC oseq=501 s0=0x05 len=0 crc=1 rssi=-32 pairid=246 txtag=64 st=0x00 addr=299257157 end=299257478 air_us=20 gap_us=174
REC oseq=502 s0=0x1e len=250 crc=1 rssi=-51 pairid=246 txtag=64 st=0x00 addr=299260272 end=299276593 air_us=1020 gap_us=174
REC oseq=503 s0=0x09 len=0 crc=1 rssi=-32 pairid=246 txtag=64 st=0x00 addr=299279381 end=299279702 air_us=20 gap_us=174
REC oseq=504 s0=0x12 len=250 crc=0 rssi=-52 pairid=246 txtag=64 st=0x00 addr=299282496 end=299298817 air_us=1020 gap_us=174
REC oseq=505 s0=0x25 len=35 crc=0 rssi=-92 pairid=38988 txtag=72 st=0x00 addr=300256364 end=300258925 air_us=160 gap_us=59846
REC oseq=506 s0=0x29 len=55 crc=0 rssi=-90 pairid=38992 txtag=72 st=0x00 addr=300294654 end=300298495 air_us=240 gap_us=2233
REC oseq=507 s0=0x25 len=35 crc=0 rssi=-91 pairid=38988 txtag=64 st=0x00 addr=300332173 end=300334734 air_us=160 gap_us=2104
REC oseq=508 s0=0x29 len=55 crc=0 rssi=-91 pairid=38992 txtag=72 st=0x00 addr=300370462 end=300374303 air_us=240 gap_us=2233
REC oseq=509 s0=0x25 len=35 crc=0 rssi=-91 pairid=38988 txtag=64 st=0x00 addr=300407982 end=300410543 air_us=160 gap_us=2104
REC oseq=510 s0=0x5e len=238 crc=0 rssi=-93 pairid=22656 txtag=183 st=0x00 addr=300976361 end=300991914 air_us=972 gap_us=35363
REC oseq=511 s0=0x29 len=55 crc=0 rssi=-91 pairid=38993 txtag=72 st=0x00 addr=306256337 end=306260178 air_us=240 gap_us=329026
REC oseq=512 s0=0x25 len=35 crc=0 rssi=-91 pairid=38988 txtag=72 st=0x00 addr=306293857 end=306296418 air_us=160 gap_us=2104
REC oseq=513 s0=0x29 len=49 crc=0 rssi=-90 pairid=38992 txtag=72 st=0x00 addr=306332147 end=306335604 air_us=216 gap_us=2233
REC oseq=514 s0=0x65 len=3 crc=0 rssi=-91 pairid=38988 txtag=72 st=0x00 addr=306369666 end=306370179 air_us=32 gap_us=2128
REC oseq=515 s0=0x29 len=55 crc=0 rssi=-90 pairid=55376 txtag=72 st=0x00 addr=306407956 end=306411797 air_us=240 gap_us=2361
REC oseq=516 s0=0x25 len=35 crc=0 rssi=-92 pairid=38988 txtag=72 st=0x00 addr=306445475 end=306448036 air_us=160 gap_us=2104
REC oseq=517 s0=0x29 len=55 crc=0 rssi=-90 pairid=38992 txtag=72 st=0x00 addr=306483765 end=306487606 air_us=240 gap_us=2233
REC oseq=518 s0=0x8a len=173 crc=0 rssi=-90 pairid=40957 txtag=229 st=0x00 addr=307141809 end=307153202 air_us=712 gap_us=40887
REC oseq=519 s0=0x98 len=173 crc=0 rssi=-92 pairid=45419 txtag=36 st=0x00 addr=307164034 end=307175427 air_us=712 gap_us=677
REC oseq=520 s0=0x86 len=175 crc=0 rssi=-92 pairid=60762 txtag=229 st=0x00 addr=309922978 end=309934499 air_us=720 gap_us=171721
REC oseq=521 s0=0x86 len=189 crc=0 rssi=-91 pairid=42347 txtag=101 st=0x00 addr=310011827 end=310024244 air_us=776 gap_us=4833
REC oseq=522 s0=0x16 len=239 crc=1 rssi=-31 pairid=235 txtag=64 st=0x00 addr=314176301 end=314191918 air_us=976 gap_us=259503
REC oseq=523 s0=0x1e len=250 crc=1 rssi=-52 pairid=246 txtag=64 st=0x00 addr=314194707 end=314211028 air_us=1020 gap_us=174
REC oseq=524 s0=0x1a len=251 crc=1 rssi=-32 pairid=247 txtag=64 st=0x00 addr=314213821 end=314230206 air_us=1024 gap_us=174
REC oseq=525 s0=0x12 len=250 crc=1 rssi=-52 pairid=246 txtag=64 st=0x00 addr=314232996 end=314249317 air_us=1020 gap_us=174
REC oseq=526 s0=0x16 len=239 crc=1 rssi=-32 pairid=235 txtag=64 st=0x00 addr=314252110 end=314267727 air_us=976 gap_us=174
REC oseq=527 s0=0x1e len=250 crc=1 rssi=-52 pairid=246 txtag=64 st=0x00 addr=314270516 end=314286837 air_us=1020 gap_us=174
REC oseq=528 s0=0x1a len=251 crc=1 rssi=-31 pairid=247 txtag=64 st=0x00 addr=314289630 end=314306015 air_us=1024 gap_us=174
REC oseq=529 s0=0x12 len=250 crc=1 rssi=-52 pairid=246 txtag=64 st=0x00 addr=314308805 end=314325126 air_us=1020 gap_us=174
REC oseq=530 s0=0x16 len=239 crc=1 rssi=-31 pairid=235 txtag=64 st=0x00 addr=314327919 end=314343536 air_us=976 gap_us=174
REC oseq=531 s0=0x1e len=250 crc=1 rssi=-52 pairid=246 txtag=64 st=0x00 addr=314346325 end=314362646 air_us=1020 gap_us=174
REC oseq=532 s0=0x1a len=251 crc=1 rssi=-32 pairid=247 txtag=64 st=0x00 addr=314365439 end=314381824 air_us=1024 gap_us=174
REC oseq=533 s0=0x12 len=250 crc=1 rssi=-52 pairid=246 txtag=64 st=0x00 addr=314384614 end=314400935 air_us=1020 gap_us=174
REC oseq=534 s0=0x16 len=239 crc=0 rssi=-32 pairid=235 txtag=64 st=0x00 addr=314403728 end=314419345 air_us=976 gap_us=174
REC oseq=535 s0=0x86 len=175 crc=0 rssi=-92 pairid=29931 txtag=205 st=0x00 addr=318149631 end=318161152 air_us=720 gap_us=233142
REC oseq=536 s0=0x29 len=163 crc=0 rssi=-90 pairid=38989 txtag=72 st=0x00 addr=318976279 end=318987032 air_us=672 gap_us=50945
REC oseq=537 s0=0x29 len=163 crc=0 rssi=-90 pairid=38989 txtag=64 st=0x00 addr=319052087 end=319062840 air_us=672 gap_us=4065
REC oseq=538 s0=0x25 len=55 crc=0 rssi=-90 pairid=38993 txtag=72 st=0x00 addr=319090376 end=319094217 air_us=240 gap_us=1721
REC oseq=539 s0=0x29 len=35 crc=0 rssi=-90 pairid=38988 txtag=72 st=0x00 addr=319127897 end=319130458 air_us=160 gap_us=2105
REC oseq=540 s0=0x25 len=55 crc=0 rssi=-91 pairid=38992 txtag=72 st=0x00 addr=319166185 end=319170026 air_us=240 gap_us=2232
REC oseq=541 s0=0x29 len=35 crc=0 rssi=-90 pairid=38988 txtag=80 st=0x00 addr=319203706 end=319206267 air_us=160 gap_us=2105
REC oseq=542 s0=0x39 len=212 crc=0 rssi=-91 pairid=39091 txtag=13 st=0x00 addr=320656270 end=320670159 air_us=868 gap_us=90625
REC oseq=543 s0=0x3a len=216 crc=0 rssi=-90 pairid=61230 txtag=173 st=0x00 addr=320701487 end=320715632 air_us=884 gap_us=1958
REC oseq=544 s0=0x36 len=216 crc=0 rssi=-90 pairid=58459 txtag=164 st=0x00 addr=320723711 end=320737856 air_us=884 gap_us=504
REC oseq=545 s0=0x3a len=216 crc=0 rssi=-89 pairid=61230 txtag=173 st=0x00 addr=320745936 end=320760081 air_us=884 gap_us=505
REC oseq=546 s0=0x36 len=218 crc=0 rssi=-90 pairid=58459 txtag=172 st=0x00 addr=320768159 end=320782432 air_us=892 gap_us=504
REC oseq=547 s0=0x3a len=216 crc=0 rssi=-90 pairid=61231 txtag=172 st=0x00 addr=320790385 end=320804530 air_us=884 gap_us=497
REC oseq=548 s0=0x3a len=216 crc=0 rssi=-91 pairid=61230 txtag=172 st=0x00 addr=320834833 end=320848978 air_us=884 gap_us=1893
REC oseq=549 s0=0x36 len=216 crc=0 rssi=-90 pairid=58459 txtag=140 st=0x00 addr=320857058 end=320871203 air_us=884 gap_us=505
REC oseq=550 s0=0x3a len=216 crc=0 rssi=-90 pairid=61230 txtag=172 st=0x00 addr=320879281 end=320893426 air_us=884 gap_us=504
REC oseq=551 s0=0x3a len=216 crc=0 rssi=-91 pairid=61230 txtag=141 st=0x00 addr=320940718 end=320954863 air_us=884 gap_us=2955
REC oseq=552 s0=0x36 len=216 crc=0 rssi=-89 pairid=58459 txtag=172 st=0x00 addr=320962942 end=320977087 air_us=884 gap_us=504
REC oseq=553 s0=0x3a len=216 crc=0 rssi=-90 pairid=61230 txtag=172 st=0x00 addr=320985167 end=320999312 air_us=884 gap_us=505
REC oseq=554 s0=0x3a len=216 crc=0 rssi=-89 pairid=61230 txtag=173 st=0x00 addr=321029616 end=321043761 air_us=884 gap_us=1894
REC oseq=555 s0=0x36 len=216 crc=0 rssi=-91 pairid=58459 txtag=172 st=0x00 addr=321051841 end=321065986 air_us=884 gap_us=505
REC oseq=556 s0=0x3a len=216 crc=0 rssi=-90 pairid=61231 txtag=172 st=0x00 addr=321074064 end=321088209 air_us=884 gap_us=504
REC oseq=557 s0=0x36 len=216 crc=0 rssi=-90 pairid=58459 txtag=173 st=0x00 addr=321096289 end=321110434 air_us=884 gap_us=505
REC oseq=558 s0=0x16 len=251 crc=1 rssi=-31 pairid=247 txtag=64 st=0x00 addr=323056260 end=323072645 air_us=1024 gap_us=121614
REC oseq=559 s0=0x1e len=250 crc=1 rssi=-52 pairid=246 txtag=64 st=0x00 addr=323075442 end=323091763 air_us=1020 gap_us=174
REC oseq=560 s0=0x1a len=239 crc=1 rssi=-31 pairid=235 txtag=64 st=0x00 addr=323094548 end=323110165 air_us=976 gap_us=174
REC oseq=561 s0=0x12 len=250 crc=1 rssi=-52 pairid=246 txtag=64 st=0x00 addr=323112963 end=323129284 air_us=1020 gap_us=174
REC oseq=562 s0=0x16 len=251 crc=1 rssi=-31 pairid=247 txtag=64 st=0x00 addr=323132069 end=323148454 air_us=1024 gap_us=174
REC oseq=563 s0=0x1e len=250 crc=1 rssi=-52 pairid=246 txtag=64 st=0x00 addr=323151252 end=323167573 air_us=1020 gap_us=174
REC oseq=564 s0=0x1a len=239 crc=1 rssi=-31 pairid=235 txtag=64 st=0x00 addr=323170357 end=323185974 air_us=976 gap_us=174
REC oseq=565 s0=0x12 len=250 crc=1 rssi=-52 pairid=246 txtag=64 st=0x00 addr=323188771 end=323205092 air_us=1020 gap_us=174
REC oseq=566 s0=0x16 len=251 crc=1 rssi=-31 pairid=247 txtag=64 st=0x00 addr=323207878 end=323224263 air_us=1024 gap_us=174
REC oseq=567 s0=0x1e len=250 crc=1 rssi=-52 pairid=246 txtag=64 st=0x00 addr=323227060 end=323243381 air_us=1020 gap_us=174
REC oseq=568 s0=0x1a len=239 crc=1 rssi=-31 pairid=235 txtag=64 st=0x00 addr=323246166 end=323261783 air_us=976 gap_us=174
REC oseq=569 s0=0x12 len=250 crc=1 rssi=-52 pairid=246 txtag=64 st=0x00 addr=323264580 end=323280901 air_us=1020 gap_us=174
REC oseq=570 s0=0x16 len=251 crc=0 rssi=-31 pairid=247 txtag=64 st=0x00 addr=323283686 end=323300071 air_us=1024 gap_us=174
REC oseq=571 s0=0x36 len=216 crc=0 rssi=-91 pairid=58459 txtag=172 st=0x00 addr=326176247 end=326190392 air_us=884 gap_us=179761
REC oseq=572 s0=0x36 len=216 crc=0 rssi=-91 pairid=58459 txtag=173 st=0x00 addr=326220695 end=326234840 air_us=884 gap_us=1893
REC oseq=573 s0=0x3a len=216 crc=0 rssi=-89 pairid=61231 txtag=173 st=0x00 addr=326242920 end=326257065 air_us=884 gap_us=505
REC oseq=574 s0=0x36 len=216 crc=0 rssi=-90 pairid=58459 txtag=173 st=0x00 addr=326265145 end=326279290 air_us=884 gap_us=505
REC oseq=575 s0=0x3a len=216 crc=0 rssi=-89 pairid=61230 txtag=172 st=0x00 addr=326287370 end=326301515 air_us=884 gap_us=505
REC oseq=576 s0=0x36 len=216 crc=0 rssi=-91 pairid=58459 txtag=172 st=0x00 addr=326309594 end=326323739 air_us=884 gap_us=504
REC oseq=577 s0=0x3a len=216 crc=0 rssi=-89 pairid=61230 txtag=172 st=0x00 addr=326331818 end=326345963 air_us=884 gap_us=504
REC oseq=578 s0=0x36 len=216 crc=0 rssi=-90 pairid=58459 txtag=172 st=0x00 addr=326354043 end=326368188 air_us=884 gap_us=505
REC oseq=579 s0=0x3a len=216 crc=0 rssi=-91 pairid=61231 txtag=172 st=0x00 addr=326376268 end=326390413 air_us=884 gap_us=505
REC oseq=580 s0=0x36 len=216 crc=0 rssi=-91 pairid=58459 txtag=172 st=0x00 addr=326398491 end=326412636 air_us=884 gap_us=504
REC oseq=581 s0=0x58 len=111 crc=0 rssi=-92 pairid=18560 txtag=163 st=0x00 addr=331405362 end=331412787 air_us=464 gap_us=312045
REC oseq=582 s0=0x9f len=193 crc=0 rssi=-80 pairid=54614 txtag=184 st=0x00 addr=335518451 end=335531125 air_us=792 gap_us=256604
REC oseq=583 s0=0xf5 len=113 crc=0 rssi=-70 pairid=33590 txtag=240 st=0x00 addr=335558431 end=335565985 air_us=472 gap_us=1706
REC oseq=584 s0=0x29 len=35 crc=0 rssi=-91 pairid=38988 txtag=64 st=0x00 addr=336256200 end=336258761 air_us=160 gap_us=43138
REC oseq=585 s0=0x25 len=63 crc=0 rssi=-91 pairid=38992 txtag=72 st=0x00 addr=336294490 end=336298843 air_us=272 gap_us=2233
REC oseq=586 s0=0x29 len=35 crc=0 rssi=-90 pairid=38988 txtag=72 st=0x00 addr=336332010 end=336334571 air_us=160 gap_us=2072
REC oseq=587 s0=0x25 len=55 crc=0 rssi=-92 pairid=38992 txtag=72 st=0x00 addr=336370298 end=336374139 air_us=240 gap_us=2232
REC oseq=588 s0=0x29 len=35 crc=0 rssi=-91 pairid=38988 txtag=72 st=0x00 addr=336407818 end=336410379 air_us=160 gap_us=2104
REC oseq=589 s0=0x85 len=55 crc=0 rssi=-92 pairid=38992 txtag=72 st=0x00 addr=336446105 end=336449946 air_us=240 gap_us=2232
REC oseq=590 s0=0x29 len=163 crc=0 rssi=-90 pairid=38989 txtag=72 st=0x00 addr=336483628 end=336494381 air_us=672 gap_us=2105
REC oseq=591 s0=0x1a len=239 crc=1 rssi=-31 pairid=235 txtag=64 st=0x00 addr=339376185 end=339391802 air_us=976 gap_us=180112
REC oseq=592 s0=0x12 len=250 crc=1 rssi=-52 pairid=246 txtag=64 st=0x00 addr=339394591 end=339410912 air_us=1020 gap_us=174
REC oseq=593 s0=0x16 len=251 crc=1 rssi=-31 pairid=247 txtag=64 st=0x00 addr=339413706 end=339430091 air_us=1024 gap_us=174
REC oseq=594 s0=0x1e len=250 crc=1 rssi=-52 pairid=246 txtag=64 st=0x00 addr=339432879 end=339449200 air_us=1020 gap_us=174
REC oseq=595 s0=0x1a len=239 crc=1 rssi=-31 pairid=235 txtag=64 st=0x00 addr=339451994 end=339467611 air_us=976 gap_us=174
REC oseq=596 s0=0x12 len=250 crc=1 rssi=-51 pairid=246 txtag=64 st=0x00 addr=339470399 end=339486720 air_us=1020 gap_us=174
REC oseq=597 s0=0x16 len=251 crc=1 rssi=-31 pairid=247 txtag=64 st=0x00 addr=339489515 end=339505900 air_us=1024 gap_us=174
REC oseq=598 s0=0x1e len=250 crc=1 rssi=-52 pairid=246 txtag=64 st=0x00 addr=339508688 end=339525009 air_us=1020 gap_us=174
REC oseq=599 s0=0x1a len=239 crc=1 rssi=-31 pairid=235 txtag=64 st=0x00 addr=339527803 end=339543420 air_us=976 gap_us=174
REC oseq=600 s0=0x12 len=250 crc=1 rssi=-51 pairid=246 txtag=64 st=0x00 addr=339546208 end=339562529 air_us=1020 gap_us=174
REC oseq=601 s0=0x16 len=251 crc=1 rssi=-31 pairid=247 txtag=64 st=0x00 addr=339565324 end=339581709 air_us=1024 gap_us=174
REC oseq=602 s0=0x1e len=250 crc=1 rssi=-52 pairid=246 txtag=64 st=0x00 addr=339584497 end=339600818 air_us=1020 gap_us=174
REC oseq=603 s0=0x1a len=239 crc=0 rssi=-31 pairid=235 txtag=64 st=0x00 addr=339603612 end=339619229 air_us=976 gap_us=174
REC oseq=604 s0=0x43 len=174 crc=0 rssi=-91 pairid=35046 txtag=6 st=0x00 addr=340162857 end=340174315 air_us=716 gap_us=33976
REC oseq=605 s0=0x41 len=150 crc=0 rssi=-91 pairid=19426 txtag=102 st=0x00 addr=340207303 end=340217224 air_us=620 gap_us=2061
REC oseq=606 s0=0x25 len=55 crc=0 rssi=-92 pairid=38992 txtag=72 st=0x00 addr=341536175 end=341540016 air_us=240 gap_us=82434
REC oseq=607 s0=0x29 len=35 crc=0 rssi=-90 pairid=55372 txtag=72 st=0x00 addr=341573696 end=341576257 air_us=160 gap_us=2105
REC oseq=608 s0=0x25 len=55 crc=0 rssi=-92 pairid=38992 txtag=72 st=0x00 addr=341611985 end=341615826 air_us=240 gap_us=2233
REC oseq=609 s0=0x29 len=35 crc=0 rssi=-90 pairid=38988 txtag=72 st=0x00 addr=341649505 end=341652066 air_us=160 gap_us=2104
REC oseq=610 s0=0x25 len=55 crc=0 rssi=-91 pairid=38992 txtag=72 st=0x00 addr=341687793 end=341691634 air_us=240 gap_us=2232
REC oseq=611 s0=0x29 len=35 crc=0 rssi=-90 pairid=38988 txtag=72 st=0x00 addr=341725298 end=341727859 air_us=160 gap_us=2104
REC oseq=612 s0=0x25 len=55 crc=0 rssi=-91 pairid=38992 txtag=72 st=0x00 addr=341763571 end=341767412 air_us=240 gap_us=2232
REC oseq=613 s0=0x29 len=35 crc=0 rssi=-90 pairid=38988 txtag=72 st=0x00 addr=342053678 end=342056239 air_us=160 gap_us=17891
REC oseq=614 s0=0x25 len=55 crc=0 rssi=-92 pairid=55376 txtag=72 st=0x00 addr=342091951 end=342095792 air_us=240 gap_us=2232
REC oseq=615 s0=0x29 len=35 crc=0 rssi=-91 pairid=38988 txtag=72 st=0x00 addr=342129455 end=342132016 air_us=160 gap_us=2103
REC oseq=616 s0=0x25 len=55 crc=0 rssi=-91 pairid=38992 txtag=72 st=0x00 addr=342167743 end=342171584 air_us=240 gap_us=2232
REC oseq=617 s0=0x25 len=55 crc=0 rssi=-91 pairid=55376 txtag=72 st=0x00 addr=342243553 end=342247394 air_us=240 gap_us=4498
REC oseq=618 s0=0x41 len=150 crc=0 rssi=-92 pairid=3554 txtag=70 st=0x00 addr=342736170 end=342746091 air_us=620 gap_us=30548
REC oseq=619 s0=0x41 len=150 crc=0 rssi=-91 pairid=36802 txtag=86 st=0x00 addr=342825067 end=342834988 air_us=620 gap_us=4936
REC oseq=620 s0=0x95 len=82 crc=0 rssi=-90 pairid=35131 txtag=0 st=0x00 addr=344416164 end=344421733 air_us=348 gap_us=98823
REC oseq=621 s0=0x96 len=86 crc=0 rssi=-91 pairid=24814 txtag=0 st=0x00 addr=344567781 end=344573606 air_us=364 gap_us=9128
REC oseq=622 s0=0x19 len=67 crc=0 rssi=-92 pairid=2401 txtag=0 st=0x00 addr=344606070 end=344610679 air_us=288 gap_us=2029
REC oseq=623 s0=0x5a len=121 crc=0 rssi=-91 pairid=31582 txtag=163 st=0x00 addr=344934449 end=344942514 air_us=504 gap_us=20235
REC oseq=624 s0=0x4d len=150 crc=0 rssi=-92 pairid=34206 txtag=79 st=0x00 addr=345616159 end=345626081 air_us=620 gap_us=42102
REC oseq=625 s0=0x05 len=0 crc=1 rssi=-32 pairid=34206 txtag=79 st=0x00 addr=345856155 end=345856476 air_us=20 gap_us=14379
REC oseq=626 s0=0x1e len=250 crc=1 rssi=-52 pairid=246 txtag=64 st=0x00 addr=345859266 end=345875587 air_us=1020 gap_us=174
REC oseq=627 s0=0x09 len=0 crc=1 rssi=-32 pairid=246 txtag=64 st=0x00 addr=345878380 end=345878701 air_us=20 gap_us=174
REC oseq=628 s0=0x12 len=250 crc=1 rssi=-52 pairid=246 txtag=64 st=0x00 addr=345881490 end=345897811 air_us=1020 gap_us=174
REC oseq=629 s0=0x05 len=0 crc=1 rssi=-32 pairid=246 txtag=64 st=0x00 addr=345900604 end=345900925 air_us=20 gap_us=174
REC oseq=630 s0=0x1e len=250 crc=1 rssi=-52 pairid=246 txtag=64 st=0x00 addr=345903714 end=345920035 air_us=1020 gap_us=174
REC oseq=631 s0=0x09 len=0 crc=1 rssi=-31 pairid=246 txtag=64 st=0x00 addr=345922828 end=345923149 air_us=20 gap_us=174
REC oseq=632 s0=0x12 len=250 crc=1 rssi=-52 pairid=246 txtag=64 st=0x00 addr=345925938 end=345942259 air_us=1020 gap_us=174
REC oseq=633 s0=0x05 len=0 crc=1 rssi=-32 pairid=246 txtag=64 st=0x00 addr=345945053 end=345945374 air_us=20 gap_us=174
REC oseq=634 s0=0x1e len=250 crc=1 rssi=-52 pairid=246 txtag=64 st=0x00 addr=345948162 end=345964483 air_us=1020 gap_us=174
REC oseq=635 s0=0x09 len=0 crc=1 rssi=-31 pairid=246 txtag=64 st=0x00 addr=345967277 end=345967598 air_us=20 gap_us=174
REC oseq=636 s0=0x12 len=250 crc=1 rssi=-52 pairid=246 txtag=64 st=0x00 addr=345970386 end=345986707 air_us=1020 gap_us=174
REC oseq=637 s0=0x05 len=0 crc=1 rssi=-32 pairid=246 txtag=64 st=0x00 addr=345989501 end=345989822 air_us=20 gap_us=174
REC oseq=638 s0=0x1e len=250 crc=1 rssi=-52 pairid=246 txtag=64 st=0x00 addr=345992611 end=346008932 air_us=1020 gap_us=174
REC oseq=639 s0=0x09 len=0 crc=1 rssi=-32 pairid=246 txtag=64 st=0x00 addr=346011725 end=346012046 air_us=20 gap_us=174
REC oseq=640 s0=0x12 len=250 crc=1 rssi=-52 pairid=246 txtag=64 st=0x00 addr=346014835 end=346031156 air_us=1020 gap_us=174
REC oseq=641 s0=0x05 len=0 crc=1 rssi=-32 pairid=246 txtag=64 st=0x00 addr=346033950 end=346034271 air_us=20 gap_us=174
REC oseq=642 s0=0x1e len=250 crc=1 rssi=-52 pairid=246 txtag=64 st=0x00 addr=346037059 end=346053380 air_us=1020 gap_us=174
REC oseq=643 s0=0x09 len=0 crc=1 rssi=-32 pairid=246 txtag=64 st=0x00 addr=346056174 end=346056495 air_us=20 gap_us=174
REC oseq=644 s0=0x12 len=250 crc=1 rssi=-52 pairid=246 txtag=64 st=0x00 addr=346059283 end=346075604 air_us=1020 gap_us=174
REC oseq=645 s0=0x05 len=0 crc=1 rssi=-32 pairid=246 txtag=64 st=0x00 addr=346078398 end=346078719 air_us=20 gap_us=174
REC oseq=646 s0=0x1e len=250 crc=0 rssi=-51 pairid=246 txtag=64 st=0x00 addr=346081508 end=346097829 air_us=1020 gap_us=174
REC oseq=647 s0=0x25 len=183 crc=0 rssi=-91 pairid=38993 txtag=72 st=0x00 addr=346614442 end=346626475 air_us=752 gap_us=32288
REC oseq=648 s0=0x29 len=163 crc=0 rssi=-90 pairid=38988 txtag=72 st=0x00 addr=346651962 end=346662715 air_us=672 gap_us=1592
REC oseq=649 s0=0x25 len=53 crc=0 rssi=-91 pairid=38992 txtag=72 st=0x00 addr=346690252 end=346693965 air_us=232 gap_us=1721
REC oseq=650 s0=0x29 len=35 crc=0 rssi=-90 pairid=38988 txtag=64 st=0x00 addr=346727772 end=346730333 air_us=160 gap_us=2112
REC oseq=651 s0=0x29 len=35 crc=0 rssi=-91 pairid=38988 txtag=72 st=0x00 addr=346766059 end=346768620 air_us=160 gap_us=2232
REC oseq=652 s0=0xe5 len=55 crc=0 rssi=-91 pairid=38992 txtag=72 st=0x00 addr=346804349 end=346808190 air_us=240 gap_us=2233
REC oseq=653 s0=0xc4 len=152 crc=0 rssi=-80 pairid=1693 txtag=27 st=0x00 addr=349973660 end=349983710 air_us=628 gap_us=197841
REC oseq=654 s0=0x29 len=55 crc=0 rssi=-91 pairid=38992 txtag=64 st=0x00 addr=350176137 end=350179978 air_us=240 gap_us=12026
REC oseq=655 s0=0x25 len=35 crc=0 rssi=-92 pairid=38988 txtag=72 st=0x00 addr=350213657 end=350216218 air_us=160 gap_us=2104
REC oseq=656 s0=0x29 len=55 crc=0 rssi=-90 pairid=38993 txtag=72 st=0x00 addr=350251945 end=350255786 air_us=240 gap_us=2232
REC oseq=657 s0=0x25 len=35 crc=0 rssi=-91 pairid=38988 txtag=72 st=0x00 addr=350289465 end=350292026 air_us=160 gap_us=2104
REC oseq=658 s0=0x29 len=55 crc=0 rssi=-90 pairid=38992 txtag=72 st=0x00 addr=350327755 end=350331596 air_us=240 gap_us=2233
REC oseq=659 s0=0x25 len=35 crc=0 rssi=-91 pairid=38988 txtag=72 st=0x00 addr=350365276 end=350367837 air_us=160 gap_us=2105
REC oseq=660 s0=0x29 len=55 crc=0 rssi=-90 pairid=38992 txtag=72 st=0x00 addr=350403563 end=350407404 air_us=240 gap_us=2232
REC oseq=661 s0=0x3a len=216 crc=0 rssi=-89 pairid=61230 txtag=108 st=0x00 addr=351136132 end=351150277 air_us=884 gap_us=45545
REC oseq=662 s0=0x3a len=216 crc=0 rssi=-90 pairid=61230 txtag=141 st=0x00 addr=351180580 end=351194725 air_us=884 gap_us=1893
REC oseq=663 s0=0x36 len=216 crc=0 rssi=-90 pairid=58459 txtag=172 st=0x00 addr=351202804 end=351216949 air_us=884 gap_us=504
REC oseq=664 s0=0x3a len=88 crc=0 rssi=-90 pairid=61231 txtag=172 st=0x00 addr=351225030 end=351230983 air_us=372 gap_us=505
REC oseq=665 s0=0x36 len=216 crc=0 rssi=-90 pairid=58459 txtag=172 st=0x00 addr=351247253 end=351261398 air_us=884 gap_us=1016
REC oseq=666 s0=0x3a len=216 crc=0 rssi=-89 pairid=61230 txtag=172 st=0x00 addr=351313928 end=351328073 air_us=884 gap_us=3283
REC oseq=667 s0=0x36 len=216 crc=0 rssi=-90 pairid=58459 txtag=172 st=0x00 addr=351336152 end=351350297 air_us=884 gap_us=504
REC oseq=668 s0=0x3a len=216 crc=0 rssi=-90 pairid=61231 txtag=172 st=0x00 addr=351358376 end=351372521 air_us=884 gap_us=504
REC oseq=669 s0=0x52 len=92 crc=0 rssi=-91 pairid=48000 txtag=163 st=0x00 addr=353409452 end=353415661 air_us=388 gap_us=127308
REC oseq=670 s0=0x8a len=173 crc=0 rssi=-90 pairid=31901 txtag=229 st=0x00 addr=356985004 end=356996397 air_us=712 gap_us=223083
REC oseq=671 s0=0x8e len=169 crc=0 rssi=-91 pairid=42351 txtag=68 st=0x00 addr=357051678 end=357062816 air_us=696 gap_us=3455
REC oseq=672 s0=0x71 len=21 crc=0 rssi=-91 pairid=42304 txtag=78 st=0x00 addr=359798319 end=359799984 air_us=104 gap_us=170968
REC oseq=673 s0=0x95 len=151 crc=0 rssi=-92 pairid=45506 txtag=0 st=0x00 addr=360723453 end=360733438 air_us=624 gap_us=57716
REC oseq=674 s0=0x15 len=65 crc=0 rssi=-91 pairid=2702 txtag=96 st=0x00 addr=363931886 end=363936368 air_us=280 gap_us=199903
REC oseq=675 s0=0x3a len=216 crc=0 rssi=-90 pairid=61231 txtag=173 st=0x00 addr=370576043 end=370590188 air_us=884 gap_us=414979
REC oseq=676 s0=0x36 len=216 crc=0 rssi=-90 pairid=58459 txtag=36 st=0x00 addr=370598268 end=370612413 air_us=884 gap_us=505
REC oseq=677 s0=0x3a len=216 crc=0 rssi=-90 pairid=61230 txtag=172 st=0x00 addr=370620492 end=370634637 air_us=884 gap_us=504
REC oseq=678 s0=0x36 len=216 crc=0 rssi=-90 pairid=58459 txtag=172 st=0x00 addr=370642718 end=370656863 air_us=884 gap_us=505
REC oseq=679 s0=0x3a len=216 crc=0 rssi=-91 pairid=61230 txtag=172 st=0x00 addr=370664942 end=370679087 air_us=884 gap_us=504
REC oseq=680 s0=0x36 len=216 crc=0 rssi=-91 pairid=58459 txtag=172 st=0x00 addr=370687166 end=370701311 air_us=884 gap_us=504
REC oseq=681 s0=0x3a len=216 crc=0 rssi=-89 pairid=61230 txtag=172 st=0x00 addr=370709390 end=370723535 air_us=884 gap_us=504
REC oseq=682 s0=0x36 len=216 crc=0 rssi=-90 pairid=58459 txtag=44 st=0x00 addr=370731613 end=370745758 air_us=884 gap_us=504
REC oseq=683 s0=0x3a len=216 crc=0 rssi=-90 pairid=61230 txtag=173 st=0x00 addr=370753839 end=370767984 air_us=884 gap_us=505
REC oseq=684 s0=0x36 len=216 crc=0 rssi=-90 pairid=58459 txtag=173 st=0x00 addr=370776063 end=370790208 air_us=884 gap_us=504
REC oseq=685 s0=0x3a len=216 crc=0 rssi=-90 pairid=61231 txtag=173 st=0x00 addr=370798287 end=370812432 air_us=884 gap_us=504
REC oseq=686 s0=0x82 len=121 crc=0 rssi=-92 pairid=39570 txtag=171 st=0x00 addr=383485893 end=383493958 air_us=504 gap_us=792091
REC oseq=687 s0=0x36 len=216 crc=0 rssi=-90 pairid=58459 txtag=172 st=0x00 addr=383775984 end=383790129 air_us=884 gap_us=17626
REC oseq=688 s0=0x3a len=216 crc=0 rssi=-90 pairid=61230 txtag=172 st=0x00 addr=383798207 end=383812352 air_us=884 gap_us=504
REC oseq=689 s0=0x36 len=216 crc=0 rssi=-89 pairid=58459 txtag=173 st=0x00 addr=383820432 end=383834577 air_us=884 gap_us=505
REC oseq=690 s0=0x3a len=216 crc=0 rssi=-89 pairid=61231 txtag=172 st=0x00 addr=383842656 end=383856801 air_us=884 gap_us=504
REC oseq=691 s0=0x36 len=216 crc=0 rssi=-91 pairid=58459 txtag=173 st=0x00 addr=383864880 end=383879025 air_us=884 gap_us=504
REC oseq=692 s0=0x3a len=88 crc=0 rssi=-90 pairid=61231 txtag=173 st=0x00 addr=383887105 end=383893058 air_us=372 gap_us=505
REC oseq=693 s0=0x36 len=216 crc=0 rssi=-91 pairid=58459 txtag=173 st=0x00 addr=383909329 end=383923474 air_us=884 gap_us=1016
REC oseq=694 s0=0x3a len=216 crc=0 rssi=-89 pairid=61230 txtag=172 st=0x00 addr=383931552 end=383945697 air_us=884 gap_us=504
REC oseq=695 s0=0x3a len=216 crc=0 rssi=-90 pairid=61230 txtag=173 st=0x00 addr=383953778 end=383967923 air_us=884 gap_us=505
REC oseq=696 s0=0x3a len=216 crc=0 rssi=-91 pairid=61231 txtag=173 st=0x00 addr=383998226 end=384012371 air_us=884 gap_us=1893
REC oseq=697 s0=0x16 len=239 crc=1 rssi=-32 pairid=235 txtag=64 st=0x00 addr=384975977 end=384991594 air_us=976 gap_us=60225
REC oseq=698 s0=0x1e len=250 crc=1 rssi=-52 pairid=246 txtag=64 st=0x00 addr=384994380 end=385010701 air_us=1020 gap_us=174
REC oseq=699 s0=0x1a len=251 crc=1 rssi=-31 pairid=247 txtag=64 st=0x00 addr=385013498 end=385029883 air_us=1024 gap_us=174
REC oseq=700 s0=0x12 len=250 crc=1 rssi=-52 pairid=246 txtag=64 st=0x00 addr=385032668 end=385048989 air_us=1020 gap_us=174
REC oseq=701 s0=0x16 len=239 crc=1 rssi=-31 pairid=235 txtag=64 st=0x00 addr=385051786 end=385067403 air_us=976 gap_us=174
REC oseq=702 s0=0x1e len=250 crc=1 rssi=-52 pairid=246 txtag=64 st=0x00 addr=385070189 end=385086510 air_us=1020 gap_us=174
REC oseq=703 s0=0x1a len=251 crc=1 rssi=-31 pairid=247 txtag=64 st=0x00 addr=385089307 end=385105692 air_us=1024 gap_us=174
REC oseq=704 s0=0x12 len=250 crc=1 rssi=-52 pairid=246 txtag=64 st=0x00 addr=385108477 end=385124798 air_us=1020 gap_us=174
REC oseq=705 s0=0x16 len=239 crc=1 rssi=-31 pairid=235 txtag=64 st=0x00 addr=385127595 end=385143212 air_us=976 gap_us=174
REC oseq=706 s0=0x1e len=250 crc=1 rssi=-52 pairid=246 txtag=64 st=0x00 addr=385145998 end=385162319 air_us=1020 gap_us=174
REC oseq=707 s0=0x1a len=251 crc=1 rssi=-31 pairid=247 txtag=64 st=0x00 addr=385165115 end=385181500 air_us=1024 gap_us=174
REC oseq=708 s0=0x12 len=250 crc=1 rssi=-52 pairid=246 txtag=64 st=0x00 addr=385184286 end=385200607 air_us=1020 gap_us=174
REC oseq=709 s0=0x16 len=239 crc=0 rssi=-31 pairid=235 txtag=64 st=0x00 addr=385203404 end=385219021 air_us=976 gap_us=174
REC oseq=710 s0=0x25 len=55 crc=0 rssi=-91 pairid=38992 txtag=72 st=0x00 addr=391734235 end=391738076 air_us=240 gap_us=407200
REC oseq=711 s0=0x39 len=212 crc=0 rssi=-90 pairid=39091 txtag=12 st=0x00 addr=391771755 end=391785644 air_us=868 gap_us=2104
REC oseq=712 s0=0x3e len=216 crc=0 rssi=-91 pairid=58459 txtag=172 st=0x00 addr=391794749 end=391808894 air_us=884 gap_us=569
REC oseq=713 s0=0x3a len=218 crc=0 rssi=-90 pairid=61231 txtag=164 st=0x00 addr=391816972 end=391831245 air_us=892 gap_us=504
REC oseq=714 s0=0x3a len=216 crc=0 rssi=-90 pairid=61231 txtag=180 st=0x00 addr=394815932 end=394830077 air_us=884 gap_us=186542
REC oseq=715 s0=0x36 len=216 crc=0 rssi=-90 pairid=58459 txtag=172 st=0x00 addr=394838156 end=394852301 air_us=884 gap_us=504
REC oseq=716 s0=0x3a len=216 crc=0 rssi=-91 pairid=61230 txtag=168 st=0x00 addr=394860382 end=394874527 air_us=884 gap_us=505
REC oseq=717 s0=0x36 len=216 crc=0 rssi=-90 pairid=58459 txtag=173 st=0x00 addr=394882605 end=394896750 air_us=884 gap_us=504
REC oseq=718 s0=0x3a len=216 crc=0 rssi=-89 pairid=61230 txtag=172 st=0x00 addr=394904830 end=394918975 air_us=884 gap_us=505
REC oseq=719 s0=0x36 len=216 crc=0 rssi=-90 pairid=58459 txtag=188 st=0x00 addr=394927055 end=394941200 air_us=884 gap_us=505
REC oseq=720 s0=0x36 len=216 crc=0 rssi=-90 pairid=58459 txtag=45 st=0x00 addr=394971503 end=394985648 air_us=884 gap_us=1893
REC oseq=721 s0=0x3a len=216 crc=0 rssi=-91 pairid=61231 txtag=172 st=0x00 addr=394993728 end=395007873 air_us=884 gap_us=505
REC oseq=722 s0=0x36 len=216 crc=0 rssi=-89 pairid=58459 txtag=172 st=0x00 addr=395015951 end=395030096 air_us=884 gap_us=504
REC oseq=723 s0=0x3a len=216 crc=0 rssi=-89 pairid=61231 txtag=172 st=0x00 addr=395038175 end=395052320 air_us=884 gap_us=504
REC oseq=724 s0=0x09 len=0 crc=1 rssi=-31 pairid=61231 txtag=172 st=0x00 addr=398175917 end=398176238 air_us=20 gap_us=195224
REC oseq=725 s0=0x12 len=250 crc=1 rssi=-52 pairid=246 txtag=64 st=0x00 addr=398179024 end=398195345 air_us=1020 gap_us=174
REC oseq=726 s0=0x05 len=0 crc=1 rssi=-32 pairid=246 txtag=64 st=0x00 addr=398198141 end=398198462 air_us=20 gap_us=174
REC oseq=727 s0=0x1e len=250 crc=1 rssi=-52 pairid=246 txtag=64 st=0x00 addr=398201248 end=398217569 air_us=1020 gap_us=174
REC oseq=728 s0=0x09 len=0 crc=1 rssi=-31 pairid=246 txtag=64 st=0x00 addr=398220365 end=398220686 air_us=20 gap_us=174
REC oseq=729 s0=0x12 len=250 crc=1 rssi=-52 pairid=246 txtag=64 st=0x00 addr=398223472 end=398239793 air_us=1020 gap_us=174
REC oseq=730 s0=0x05 len=0 crc=1 rssi=-32 pairid=246 txtag=64 st=0x00 addr=398242590 end=398242911 air_us=20 gap_us=174
REC oseq=731 s0=0x1e len=250 crc=1 rssi=-51 pairid=246 txtag=64 st=0x00 addr=398245697 end=398262018 air_us=1020 gap_us=174
REC oseq=732 s0=0x09 len=0 crc=1 rssi=-32 pairid=246 txtag=64 st=0x00 addr=398264814 end=398265135 air_us=20 gap_us=174
REC oseq=733 s0=0x12 len=250 crc=1 rssi=-52 pairid=246 txtag=64 st=0x00 addr=398267921 end=398284242 air_us=1020 gap_us=174
REC oseq=734 s0=0x05 len=0 crc=1 rssi=-32 pairid=246 txtag=64 st=0x00 addr=398287038 end=398287359 air_us=20 gap_us=174
REC oseq=735 s0=0x1e len=12 crc=1 rssi=-52 pairid=8 txtag=5 st=0x00 addr=398290145 end=398291234 air_us=68 gap_us=174
REC oseq=736 s0=0x09 len=0 crc=1 rssi=-31 pairid=8 txtag=5 st=0x00 addr=398294031 end=398294352 air_us=20 gap_us=174
REC oseq=737 s0=0x12 len=250 crc=1 rssi=-52 pairid=246 txtag=64 st=0x00 addr=398297137 end=398313458 air_us=1020 gap_us=174
REC oseq=738 s0=0x16 len=251 crc=1 rssi=-31 pairid=247 txtag=64 st=0x00 addr=398316255 end=398332640 air_us=1024 gap_us=174
REC oseq=739 s0=0x1e len=250 crc=1 rssi=-51 pairid=246 txtag=64 st=0x00 addr=398335425 end=398351746 air_us=1020 gap_us=174
REC oseq=740 s0=0x1a len=239 crc=1 rssi=-32 pairid=235 txtag=64 st=0x00 addr=398354543 end=398370160 air_us=976 gap_us=174
REC oseq=741 s0=0x12 len=250 crc=1 rssi=-52 pairid=246 txtag=64 st=0x00 addr=398372945 end=398389266 air_us=1020 gap_us=174
REC oseq=742 s0=0x16 len=251 crc=1 rssi=-32 pairid=247 txtag=64 st=0x00 addr=398392064 end=398408449 air_us=1024 gap_us=174
REC oseq=743 s0=0x52 len=168 crc=0 rssi=-93 pairid=55456 txtag=163 st=0x00 addr=398655916 end=398666989 air_us=692 gap_us=15466
REC oseq=744 s0=0x58 len=117 crc=0 rssi=-93 pairid=63616 txtag=163 st=0x00 addr=398694203 end=398702012 air_us=488 gap_us=1700
REC oseq=745 s0=0x52 len=111 crc=0 rssi=-92 pairid=63616 txtag=163 st=0x00 addr=412133373 end=412140798 air_us=464 gap_us=839460
REC oseq=746 s0=0x52 len=97 crc=0 rssi=-93 pairid=20632 txtag=163 st=0x00 addr=412284994 end=412291524 air_us=408 gap_us=9012
REC oseq=747 s0=0x16 len=239 crc=1 rssi=-31 pairid=235 txtag=64 st=0x00 addr=412575852 end=412591469 air_us=976 gap_us=17770
REC oseq=748 s0=0x1e len=250 crc=1 rssi=-52 pairid=246 txtag=64 st=0x00 addr=412594264 end=412610585 air_us=1020 gap_us=174
REC oseq=749 s0=0x1a len=251 crc=1 rssi=-31 pairid=247 txtag=64 st=0x00 addr=412613373 end=412629758 air_us=1024 gap_us=174
REC oseq=750 s0=0x12 len=250 crc=1 rssi=-52 pairid=246 txtag=64 st=0x00 addr=412632552 end=412648873 air_us=1020 gap_us=174
REC oseq=751 s0=0x16 len=239 crc=1 rssi=-31 pairid=235 txtag=64 st=0x00 addr=412651661 end=412667278 air_us=976 gap_us=174
REC oseq=752 s0=0x1e len=250 crc=1 rssi=-51 pairid=246 txtag=64 st=0x00 addr=412670073 end=412686394 air_us=1020 gap_us=174
REC oseq=753 s0=0x1a len=251 crc=1 rssi=-31 pairid=247 txtag=64 st=0x00 addr=412689181 end=412705566 air_us=1024 gap_us=174
REC oseq=754 s0=0x12 len=250 crc=1 rssi=-52 pairid=246 txtag=64 st=0x00 addr=412708361 end=412724682 air_us=1020 gap_us=174
REC oseq=755 s0=0x16 len=239 crc=1 rssi=-31 pairid=235 txtag=64 st=0x00 addr=412727470 end=412743087 air_us=976 gap_us=174
REC oseq=756 s0=0x1e len=250 crc=1 rssi=-51 pairid=246 txtag=64 st=0x00 addr=412745881 end=412762202 air_us=1020 gap_us=174
REC oseq=757 s0=0x1a len=251 crc=1 rssi=-31 pairid=247 txtag=64 st=0x00 addr=412764991 end=412781376 air_us=1024 gap_us=174
REC oseq=758 s0=0x12 len=250 crc=1 rssi=-52 pairid=246 txtag=64 st=0x00 addr=412784170 end=412800491 air_us=1020 gap_us=174
REC oseq=759 s0=0x16 len=239 crc=0 rssi=-31 pairid=235 txtag=64 st=0x00 addr=412803279 end=412818896 air_us=976 gap_us=174
REC oseq=760 s0=0x2c len=163 crc=0 rssi=-90 pairid=38988 txtag=72 st=0x00 addr=417413350 end=417424103 air_us=672 gap_us=287153
REC oseq=761 s0=0x25 len=55 crc=0 rssi=-90 pairid=38992 txtag=72 st=0x00 addr=417451640 end=417455481 air_us=240 gap_us=1721
REC oseq=762 s0=0x29 len=35 crc=0 rssi=-91 pairid=38988 txtag=72 st=0x00 addr=417489160 end=417491721 air_us=160 gap_us=2104
REC oseq=763 s0=0x25 len=55 crc=0 rssi=-91 pairid=38992 txtag=72 st=0x00 addr=417527432 end=417531273 air_us=240 gap_us=2231
REC oseq=764 s0=0x1a len=35 crc=0 rssi=-90 pairid=38988 txtag=64 st=0x00 addr=417564936 end=417567497 air_us=160 gap_us=2103
REC oseq=765 s0=0x25 len=55 crc=0 rssi=-92 pairid=38992 txtag=80 st=0x00 addr=417603211 end=417607053 air_us=240 gap_us=2232
REC oseq=766 s0=0x36 len=216 crc=0 rssi=-90 pairid=58459 txtag=172 st=0x00 addr=419055823 end=419069968 air_us=884 gap_us=90548
REC oseq=767 s0=0x3a len=200 crc=0 rssi=-90 pairid=61231 txtag=45 st=0x00 addr=419078049 end=419091170 air_us=820 gap_us=505
REC oseq=768 s0=0x36 len=216 crc=0 rssi=-91 pairid=58459 txtag=172 st=0x00 addr=419100271 end=419114416 air_us=884 gap_us=568
REC oseq=769 s0=0x3a len=216 crc=0 rssi=-90 pairid=61230 txtag=173 st=0x00 addr=419122497 end=419136642 air_us=884 gap_us=505
REC oseq=770 s0=0x36 len=216 crc=0 rssi=-90 pairid=58459 txtag=172 st=0x00 addr=419144722 end=419158867 air_us=884 gap_us=505
REC oseq=771 s0=0x3a len=216 crc=0 rssi=-89 pairid=61230 txtag=172 st=0x00 addr=419166945 end=419181090 air_us=884 gap_us=504
REC oseq=772 s0=0x36 len=216 crc=0 rssi=-89 pairid=58459 txtag=172 st=0x00 addr=419189170 end=419203315 air_us=884 gap_us=505
REC oseq=773 s0=0x3a len=216 crc=0 rssi=-91 pairid=61230 txtag=173 st=0x00 addr=419211394 end=419225539 air_us=884 gap_us=504
REC oseq=774 s0=0x36 len=216 crc=0 rssi=-90 pairid=58459 txtag=172 st=0x00 addr=419255843 end=419269988 air_us=884 gap_us=1894
REC oseq=775 s0=0x3a len=216 crc=0 rssi=-90 pairid=61230 txtag=172 st=0x00 addr=419278066 end=419292211 air_us=884 gap_us=504
REC oseq=776 s0=0x09 len=0 crc=1 rssi=-32 pairid=61230 txtag=172 st=0x00 addr=421695809 end=421696130 air_us=20 gap_us=150224
REC oseq=777 s0=0x12 len=250 crc=1 rssi=-52 pairid=246 txtag=64 st=0x00 addr=421698919 end=421715240 air_us=1020 gap_us=174
REC oseq=778 s0=0x05 len=0 crc=1 rssi=-32 pairid=246 txtag=64 st=0x00 addr=421718033 end=421718354 air_us=20 gap_us=174
REC oseq=779 s0=0x1e len=250 crc=1 rssi=-52 pairid=246 txtag=64 st=0x00 addr=421721144 end=421737465 air_us=1020 gap_us=174
REC oseq=780 s0=0x09 len=0 crc=1 rssi=-32 pairid=246 txtag=64 st=0x00 addr=421740258 end=421740579 air_us=20 gap_us=174
REC oseq=781 s0=0x12 len=250 crc=1 rssi=-52 pairid=246 txtag=64 st=0x00 addr=421743367 end=421759688 air_us=1020 gap_us=174
REC oseq=782 s0=0x05 len=0 crc=1 rssi=-32 pairid=246 txtag=64 st=0x00 addr=421762482 end=421762803 air_us=20 gap_us=174
REC oseq=783 s0=0x1e len=250 crc=1 rssi=-52 pairid=246 txtag=64 st=0x00 addr=421765591 end=421781912 air_us=1020 gap_us=174
REC oseq=784 s0=0x09 len=0 crc=1 rssi=-32 pairid=246 txtag=64 st=0x00 addr=421784706 end=421785027 air_us=20 gap_us=174
REC oseq=785 s0=0x12 len=250 crc=1 rssi=-52 pairid=246 txtag=64 st=0x00 addr=421787816 end=421804137 air_us=1020 gap_us=174
REC oseq=786 s0=0x05 len=0 crc=1 rssi=-32 pairid=246 txtag=64 st=0x00 addr=421806931 end=421807252 air_us=20 gap_us=174
REC oseq=787 s0=0x1e len=250 crc=1 rssi=-52 pairid=246 txtag=64 st=0x00 addr=421810040 end=421826361 air_us=1020 gap_us=174
REC oseq=788 s0=0x09 len=0 crc=1 rssi=-32 pairid=246 txtag=64 st=0x00 addr=421829155 end=421829476 air_us=20 gap_us=174
REC oseq=789 s0=0x12 len=250 crc=1 rssi=-52 pairid=246 txtag=64 st=0x00 addr=421832264 end=421848585 air_us=1020 gap_us=174
REC oseq=790 s0=0x05 len=0 crc=1 rssi=-32 pairid=246 txtag=64 st=0x00 addr=421851379 end=421851700 air_us=20 gap_us=174
REC oseq=791 s0=0x1e len=250 crc=1 rssi=-52 pairid=246 txtag=64 st=0x00 addr=421854489 end=421870810 air_us=1020 gap_us=174
REC oseq=792 s0=0x09 len=0 crc=1 rssi=-32 pairid=246 txtag=64 st=0x00 addr=421873604 end=421873925 air_us=20 gap_us=174
REC oseq=793 s0=0x12 len=250 crc=1 rssi=-52 pairid=246 txtag=64 st=0x00 addr=421876713 end=421893034 air_us=1020 gap_us=174
REC oseq=794 s0=0x05 len=0 crc=1 rssi=-32 pairid=246 txtag=64 st=0x00 addr=421895828 end=421896149 air_us=20 gap_us=174
REC oseq=795 s0=0x1e len=250 crc=1 rssi=-52 pairid=246 txtag=64 st=0x00 addr=421898937 end=421915258 air_us=1020 gap_us=174
REC oseq=796 s0=0x09 len=0 crc=1 rssi=-32 pairid=246 txtag=64 st=0x00 addr=421918052 end=421918373 air_us=20 gap_us=174
REC oseq=797 s0=0x12 len=250 crc=0 rssi=-52 pairid=246 txtag=64 st=0x00 addr=421921161 end=421937482 air_us=1020 gap_us=174
REC oseq=798 s0=0x1a len=251 crc=1 rssi=-31 pairid=247 txtag=64 st=0x00 addr=423375802 end=423392187 air_us=1024 gap_us=89895
REC oseq=799 s0=0x12 len=250 crc=1 rssi=-52 pairid=246 txtag=64 st=0x00 addr=423394973 end=423411294 air_us=1020 gap_us=174
REC oseq=800 s0=0x16 len=239 crc=1 rssi=-32 pairid=235 txtag=64 st=0x00 addr=423414090 end=423429707 air_us=976 gap_us=174
REC oseq=801 s0=0x1e len=250 crc=1 rssi=-52 pairid=246 txtag=64 st=0x00 addr=423432494 end=423448815 air_us=1020 gap_us=174
REC oseq=802 s0=0x1a len=251 crc=1 rssi=-31 pairid=247 txtag=64 st=0x00 addr=423451611 end=423467996 air_us=1024 gap_us=174
REC oseq=803 s0=0x12 len=250 crc=1 rssi=-52 pairid=246 txtag=64 st=0x00 addr=423470781 end=423487102 air_us=1020 gap_us=174
REC oseq=804 s0=0x16 len=239 crc=1 rssi=-31 pairid=235 txtag=64 st=0x00 addr=423489900 end=423505517 air_us=976 gap_us=174
REC oseq=805 s0=0x1e len=250 crc=1 rssi=-52 pairid=246 txtag=64 st=0x00 addr=423508302 end=423524623 air_us=1020 gap_us=174
REC oseq=806 s0=0x1a len=251 crc=1 rssi=-31 pairid=247 txtag=64 st=0x00 addr=423527420 end=423543805 air_us=1024 gap_us=174
REC oseq=807 s0=0x12 len=250 crc=1 rssi=-52 pairid=246 txtag=64 st=0x00 addr=423546590 end=423562911 air_us=1020 gap_us=174
REC oseq=808 s0=0x16 len=239 crc=1 rssi=-31 pairid=235 txtag=64 st=0x00 addr=423565708 end=423581325 air_us=976 gap_us=174
REC oseq=809 s0=0x1e len=250 crc=1 rssi=-52 pairid=246 txtag=64 st=0x00 addr=423584111 end=423600432 air_us=1020 gap_us=174
REC oseq=810 s0=0x1a len=251 crc=0 rssi=-31 pairid=247 txtag=64 st=0x00 addr=423603229 end=423619614 air_us=1024 gap_us=174
REC oseq=811 s0=0x8a len=83 crc=0 rssi=-92 pairid=54648 txtag=229 st=0x00 addr=424434602 end=424440236 air_us=352 gap_us=50936
REC oseq=812 s0=0x86 len=173 crc=0 rssi=-91 pairid=11499 txtag=229 st=0x00 addr=424523497 end=424534890 air_us=712 gap_us=5203
REC oseq=813 s0=0x8a len=237 crc=0 rssi=-91 pairid=63902 txtag=229 st=0x00 addr=424545722 end=424561211 air_us=968 gap_us=677
REC oseq=814 s0=0x86 len=171 crc=0 rssi=-92 pairid=28010 txtag=229 st=0x00 addr=424567947 end=424579212 air_us=704 gap_us=421
REC oseq=815 s0=0x29 len=35 crc=0 rssi=-90 pairid=55372 txtag=72 st=0x00 addr=429135776 end=429138337 air_us=160 gap_us=284785
REC oseq=816 s0=0x29 len=35 crc=0 rssi=-90 pairid=38988 txtag=72 st=0x00 addr=429211584 end=429214145 air_us=160 gap_us=4577
REC oseq=817 s0=0x25 len=183 crc=0 rssi=-90 pairid=55382 txtag=80 st=0x00 addr=429249873 end=429261906 air_us=752 gap_us=2233
REC oseq=818 s0=0x29 len=35 crc=0 rssi=-91 pairid=38988 txtag=72 st=0x00 addr=429287394 end=429289955 air_us=160 gap_us=1593
REC oseq=819 s0=0x25 len=55 crc=0 rssi=-90 pairid=38992 txtag=80 st=0x00 addr=429325682 end=429329523 air_us=240 gap_us=2232
REC oseq=820 s0=0x29 len=35 crc=0 rssi=-91 pairid=55373 txtag=72 st=0x00 addr=429363204 end=429365765 air_us=160 gap_us=2105
REC oseq=821 s0=0x29 len=35 crc=0 rssi=-91 pairid=38988 txtag=72 st=0x00 addr=429375774 end=429378335 air_us=160 gap_us=625
REC oseq=822 s0=0x25 len=55 crc=0 rssi=-91 pairid=38992 txtag=72 st=0x00 addr=429414063 end=429417904 air_us=240 gap_us=2233
REC oseq=823 s0=0x29 len=35 crc=0 rssi=-90 pairid=38988 txtag=72 st=0x00 addr=429451583 end=429454144 air_us=160 gap_us=2104
REC oseq=824 s0=0x25 len=55 crc=0 rssi=-91 pairid=38992 txtag=72 st=0x00 addr=429489873 end=429493714 air_us=240 gap_us=2233
REC oseq=825 s0=0x29 len=163 crc=0 rssi=-90 pairid=38988 txtag=72 st=0x00 addr=429527393 end=429538146 air_us=672 gap_us=2104
REC oseq=826 s0=0x25 len=53 crc=0 rssi=-91 pairid=38992 txtag=72 st=0x00 addr=429565682 end=429569395 air_us=232 gap_us=1721
REC oseq=827 s0=0x29 len=35 crc=0 rssi=-90 pairid=55372 txtag=72 st=0x00 addr=429603203 end=429605764 air_us=160 gap_us=2113
REC oseq=828 s0=0x41 len=150 crc=0 rssi=-92 pairid=36834 txtag=102 st=0x00 addr=430184668 end=430194589 air_us=620 gap_us=36181
REC oseq=829 s0=0x8a len=237 crc=0 rssi=-92 pairid=30760 txtag=229 st=0x00 addr=436095747 end=436111236 air_us=968 gap_us=368822
REC oseq=830 s0=0x8a len=173 crc=0 rssi=-90 pairid=54550 txtag=230 st=0x00 addr=436162401 end=436173794 air_us=712 gap_us=3197
REC oseq=831 s0=0x9e len=175 crc=0 rssi=-89 pairid=62830 txtag=229 st=0x00 addr=436206835 end=436218356 air_us=720 gap_us=2065
REC oseq=832 s0=0x8a len=173 crc=0 rssi=-89 pairid=64799 txtag=253 st=0x00 addr=436229044 end=436240437 air_us=712 gap_us=668
REC oseq=833 s0=0x8a len=173 crc=0 rssi=-90 pairid=65046 txtag=101 st=0x00 addr=436273474 end=436284867 air_us=712 gap_us=2064
REC oseq=834 s0=0x36 len=216 crc=0 rssi=-90 pairid=58459 txtag=172 st=0x00 addr=444495706 end=444509851 air_us=884 gap_us=513177
REC oseq=835 s0=0x3a len=216 crc=0 rssi=-90 pairid=61231 txtag=156 st=0x00 addr=444517930 end=444532075 air_us=884 gap_us=504
REC oseq=836 s0=0x36 len=216 crc=0 rssi=-91 pairid=58459 txtag=172 st=0x00 addr=444540155 end=444554300 air_us=884 gap_us=505
REC oseq=837 s0=0x3a len=216 crc=0 rssi=-89 pairid=61231 txtag=173 st=0x00 addr=444562378 end=444576523 air_us=884 gap_us=504
REC oseq=838 s0=0x36 len=216 crc=0 rssi=-91 pairid=58459 txtag=172 st=0x00 addr=444584604 end=444598749 air_us=884 gap_us=505
REC oseq=839 s0=0x3a len=216 crc=0 rssi=-90 pairid=61230 txtag=173 st=0x00 addr=444606828 end=444620973 air_us=884 gap_us=504
REC oseq=840 s0=0x36 len=216 crc=0 rssi=-89 pairid=58459 txtag=172 st=0x00 addr=444629052 end=444643197 air_us=884 gap_us=504
REC oseq=841 s0=0x36 len=216 crc=0 rssi=-91 pairid=58459 txtag=174 st=0x00 addr=447135693 end=447149838 air_us=884 gap_us=155781
REC oseq=842 s0=0x3a len=88 crc=0 rssi=-89 pairid=61231 txtag=172 st=0x00 addr=447157919 end=447163872 air_us=372 gap_us=505
REC oseq=843 s0=0x36 len=216 crc=0 rssi=-90 pairid=58458 txtag=172 st=0x00 addr=447180142 end=447194287 air_us=884 gap_us=1016
REC oseq=844 s0=0x3a len=90 crc=0 rssi=-89 pairid=61231 txtag=172 st=0x00 addr=447202366 end=447208447 air_us=380 gap_us=504
REC oseq=845 s0=0x3a len=216 crc=0 rssi=-91 pairid=61230 txtag=172 st=0x00 addr=447246816 end=447260961 air_us=884 gap_us=2398
REC oseq=846 s0=0x36 len=216 crc=0 rssi=-90 pairid=58459 txtag=173 st=0x00 addr=447269040 end=447283185 air_us=884 gap_us=504
REC oseq=847 s0=0x3a len=216 crc=0 rssi=-90 pairid=61230 txtag=173 st=0x00 addr=447291265 end=447305410 air_us=884 gap_us=505
REC oseq=848 s0=0x36 len=216 crc=0 rssi=-91 pairid=58459 txtag=172 st=0x00 addr=447313488 end=447327633 air_us=884 gap_us=504
REC oseq=849 s0=0x25 len=35 crc=0 rssi=-92 pairid=38988 txtag=80 st=0x00 addr=447342704 end=447345265 air_us=160 gap_us=941
REC oseq=850 s0=0x05 len=0 crc=1 rssi=-32 pairid=38988 txtag=80 st=0x00 addr=450015681 end=450016002 air_us=20 gap_us=166901
REC oseq=851 s0=0x1e len=250 crc=1 rssi=-52 pairid=246 txtag=64 st=0x00 addr=450018799 end=450035120 air_us=1020 gap_us=174
REC oseq=852 s0=0x09 len=0 crc=1 rssi=-31 pairid=246 txtag=64 st=0x00 addr=450037905 end=450038226 air_us=20 gap_us=174
REC oseq=853 s0=0x12 len=250 crc=1 rssi=-52 pairid=246 txtag=64 st=0x00 addr=450041023 end=450057344 air_us=1020 gap_us=174
REC oseq=854 s0=0x05 len=0 crc=1 rssi=-32 pairid=246 txtag=64 st=0x00 addr=450060129 end=450060450 air_us=20 gap_us=174
REC oseq=855 s0=0x1e len=250 crc=1 rssi=-52 pairid=246 txtag=64 st=0x00 addr=450063248 end=450079569 air_us=1020 gap_us=174
REC oseq=856 s0=0x09 len=0 crc=1 rssi=-31 pairid=246 txtag=64 st=0x00 addr=450082353 end=450082674 air_us=20 gap_us=174
REC oseq=857 s0=0x12 len=250 crc=1 rssi=-52 pairid=246 txtag=64 st=0x00 addr=450085472 end=450101793 air_us=1020 gap_us=174
REC oseq=858 s0=0x05 len=0 crc=1 rssi=-32 pairid=246 txtag=64 st=0x00 addr=450104578 end=450104899 air_us=20 gap_us=174
REC oseq=859 s0=0x1e len=250 crc=1 rssi=-52 pairid=246 txtag=64 st=0x00 addr=450107696 end=450124017 air_us=1020 gap_us=174
REC oseq=860 s0=0x09 len=0 crc=1 rssi=-31 pairid=246 txtag=64 st=0x00 addr=450126802 end=450127123 air_us=20 gap_us=174
REC oseq=861 s0=0x12 len=250 crc=1 rssi=-52 pairid=246 txtag=64 st=0x00 addr=450129920 end=450146241 air_us=1020 gap_us=174
REC oseq=862 s0=0x05 len=0 crc=1 rssi=-32 pairid=246 txtag=64 st=0x00 addr=450149026 end=450149347 air_us=20 gap_us=174
REC oseq=863 s0=0x1e len=250 crc=1 rssi=-52 pairid=246 txtag=64 st=0x00 addr=450152144 end=450168465 air_us=1020 gap_us=174
REC oseq=864 s0=0x09 len=0 crc=1 rssi=-31 pairid=246 txtag=64 st=0x00 addr=450171251 end=450171572 air_us=20 gap_us=174
REC oseq=865 s0=0x12 len=250 crc=1 rssi=-52 pairid=246 txtag=64 st=0x00 addr=450174369 end=450190690 air_us=1020 gap_us=174
REC oseq=866 s0=0x05 len=0 crc=1 rssi=-32 pairid=246 txtag=64 st=0x00 addr=450193475 end=450193796 air_us=20 gap_us=174
REC oseq=867 s0=0x1e len=250 crc=1 rssi=-52 pairid=246 txtag=64 st=0x00 addr=450196592 end=450212913 air_us=1020 gap_us=174
REC oseq=868 s0=0x09 len=0 crc=1 rssi=-32 pairid=246 txtag=64 st=0x00 addr=450215699 end=450216020 air_us=20 gap_us=174
REC oseq=869 s0=0x12 len=250 crc=1 rssi=-52 pairid=246 txtag=64 st=0x00 addr=450218817 end=450235138 air_us=1020 gap_us=174
REC oseq=870 s0=0x05 len=0 crc=1 rssi=-32 pairid=246 txtag=64 st=0x00 addr=450237924 end=450238245 air_us=20 gap_us=174
REC oseq=871 s0=0x1e len=12 crc=1 rssi=-52 pairid=8 txtag=5 st=0x00 addr=450241041 end=450242130 air_us=68 gap_us=174
REC oseq=872 s0=0x09 len=0 crc=1 rssi=-32 pairid=8 txtag=5 st=0x00 addr=450244916 end=450245237 air_us=20 gap_us=174
REC oseq=873 s0=0x12 len=250 crc=0 rssi=-52 pairid=246 txtag=64 st=0x00 addr=450248033 end=450264354 air_us=1020 gap_us=174
REC oseq=874 s0=0x16 len=251 crc=1 rssi=-31 pairid=247 txtag=64 st=0x00 addr=453375666 end=453392051 air_us=1024 gap_us=194457
REC oseq=875 s0=0x1e len=250 crc=1 rssi=-52 pairid=246 txtag=64 st=0x00 addr=453394839 end=453411160 air_us=1020 gap_us=174
REC oseq=876 s0=0x1a len=239 crc=1 rssi=-31 pairid=235 txtag=64 st=0x00 addr=453413954 end=453429571 air_us=976 gap_us=174
REC oseq=877 s0=0x12 len=250 crc=1 rssi=-52 pairid=246 txtag=64 st=0x00 addr=453432359 end=453448680 air_us=1020 gap_us=174
REC oseq=878 s0=0x16 len=251 crc=1 rssi=-31 pairid=247 txtag=64 st=0x00 addr=453451474 end=453467859 air_us=1024 gap_us=174
REC oseq=879 s0=0x1e len=250 crc=1 rssi=-52 pairid=246 txtag=64 st=0x00 addr=453470648 end=453486969 air_us=1020 gap_us=174
REC oseq=880 s0=0x1a len=239 crc=1 rssi=-31 pairid=235 txtag=64 st=0x00 addr=453489763 end=453505380 air_us=976 gap_us=174
REC oseq=881 s0=0x12 len=250 crc=1 rssi=-52 pairid=246 txtag=64 st=0x00 addr=453508168 end=453524489 air_us=1020 gap_us=174
REC oseq=882 s0=0x16 len=251 crc=1 rssi=-31 pairid=247 txtag=64 st=0x00 addr=453527283 end=453543668 air_us=1024 gap_us=174
REC oseq=883 s0=0x1e len=250 crc=1 rssi=-52 pairid=246 txtag=64 st=0x00 addr=453546456 end=453562777 air_us=1020 gap_us=174
REC oseq=884 s0=0x1a len=239 crc=1 rssi=-31 pairid=235 txtag=64 st=0x00 addr=453565572 end=453581189 air_us=976 gap_us=174
REC oseq=885 s0=0x12 len=250 crc=1 rssi=-51 pairid=246 txtag=64 st=0x00 addr=453583976 end=453600297 air_us=1020 gap_us=174
REC oseq=886 s0=0x16 len=251 crc=0 rssi=-32 pairid=247 txtag=64 st=0x00 addr=453603093 end=453619478 air_us=1024 gap_us=174
REC oseq=887 s0=0x16 len=251 crc=1 rssi=-31 pairid=247 txtag=64 st=0x00 addr=454095662 end=454112047 air_us=1024 gap_us=29761
REC oseq=888 s0=0x1e len=250 crc=1 rssi=-52 pairid=246 txtag=64 st=0x00 addr=454114833 end=454131154 air_us=1020 gap_us=174
REC oseq=889 s0=0x1a len=239 crc=1 rssi=-31 pairid=235 txtag=64 st=0x00 addr=454133951 end=454149568 air_us=976 gap_us=174
REC oseq=890 s0=0x12 len=250 crc=1 rssi=-52 pairid=246 txtag=64 st=0x00 addr=454152353 end=454168674 air_us=1020 gap_us=174
REC oseq=891 s0=0x16 len=251 crc=1 rssi=-31 pairid=247 txtag=64 st=0x00 addr=454171471 end=454187856 air_us=1024 gap_us=174
REC oseq=892 s0=0x1e len=250 crc=1 rssi=-52 pairid=246 txtag=64 st=0x00 addr=454190642 end=454206963 air_us=1020 gap_us=174
REC oseq=893 s0=0x1a len=239 crc=1 rssi=-31 pairid=235 txtag=64 st=0x00 addr=454209760 end=454225377 air_us=976 gap_us=174
REC oseq=894 s0=0x12 len=250 crc=1 rssi=-51 pairid=246 txtag=64 st=0x00 addr=454228163 end=454244484 air_us=1020 gap_us=174
REC oseq=895 s0=0x16 len=251 crc=1 rssi=-31 pairid=247 txtag=64 st=0x00 addr=454247280 end=454263665 air_us=1024 gap_us=174
REC oseq=896 s0=0x1e len=250 crc=1 rssi=-51 pairid=246 txtag=64 st=0x00 addr=454266451 end=454282772 air_us=1020 gap_us=174
REC oseq=897 s0=0x1a len=239 crc=1 rssi=-31 pairid=235 txtag=64 st=0x00 addr=454285569 end=454301186 air_us=976 gap_us=174
REC oseq=898 s0=0x12 len=250 crc=1 rssi=-52 pairid=246 txtag=64 st=0x00 addr=454303971 end=454320292 air_us=1020 gap_us=174
REC oseq=899 s0=0x16 len=251 crc=0 rssi=-31 pairid=247 txtag=64 st=0x00 addr=454323089 end=454339474 air_us=1024 gap_us=174
REC oseq=900 s0=0x8a len=173 crc=0 rssi=-91 pairid=32324 txtag=229 st=0x00 addr=463215622 end=463227015 air_us=712 gap_us=554759
REC oseq=901 s0=0x06 len=158 crc=0 rssi=-91 pairid=1394 txtag=229 st=0x00 addr=463282296 end=463292729 air_us=652 gap_us=3455
REC oseq=902 s0=0x8a len=237 crc=0 rssi=-90 pairid=57044 txtag=165 st=0x00 addr=463304518 end=463320007 air_us=968 gap_us=736
REC oseq=903 s0=0x8a len=229 crc=0 rssi=-90 pairid=27792 txtag=229 st=0x00 addr=463348967 end=463363944 air_us=936 gap_us=1810
REC oseq=904 s0=0x3a len=216 crc=0 rssi=-90 pairid=61230 txtag=172 st=0x00 addr=466117834 end=466131979 air_us=884 gap_us=172118
REC oseq=905 s0=0x36 len=216 crc=0 rssi=-91 pairid=58459 txtag=172 st=0x00 addr=466140057 end=466154202 air_us=884 gap_us=504
REC oseq=906 s0=0x36 len=216 crc=0 rssi=-90 pairid=58459 txtag=180 st=0x00 addr=466184505 end=466198650 air_us=884 gap_us=1893
REC oseq=907 s0=0x3a len=216 crc=0 rssi=-89 pairid=61230 txtag=172 st=0x00 addr=466206731 end=466220876 air_us=884 gap_us=505
REC oseq=908 s0=0x36 len=216 crc=0 rssi=-90 pairid=58459 txtag=172 st=0x00 addr=466228954 end=466243099 air_us=884 gap_us=504
REC oseq=909 s0=0x3a len=216 crc=0 rssi=-90 pairid=61230 txtag=172 st=0x00 addr=466251179 end=466265324 air_us=884 gap_us=505
REC oseq=910 s0=0x36 len=216 crc=0 rssi=-90 pairid=58459 txtag=172 st=0x00 addr=466273403 end=466287548 air_us=884 gap_us=504
REC oseq=911 s0=0x3a len=200 crc=0 rssi=-90 pairid=61231 txtag=172 st=0x00 addr=466295629 end=466308750 air_us=820 gap_us=505
REC oseq=912 s0=0x36 len=216 crc=0 rssi=-90 pairid=58459 txtag=172 st=0x00 addr=466317852 end=466331997 air_us=884 gap_us=568
REC oseq=913 s0=0x29 len=35 crc=0 rssi=-91 pairid=38988 txtag=64 st=0x00 addr=466575605 end=466578166 air_us=160 gap_us=15225
REC oseq=914 s0=0x25 len=55 crc=0 rssi=-92 pairid=38992 txtag=72 st=0x00 addr=466613895 end=466617736 air_us=240 gap_us=2233
REC oseq=915 s0=0x29 len=55 crc=0 rssi=-91 pairid=38992 txtag=72 st=0x00 addr=466689703 end=466693544 air_us=240 gap_us=4497
REC oseq=916 s0=0x29 len=35 crc=0 rssi=-90 pairid=38988 txtag=72 st=0x00 addr=466727223 end=466729784 air_us=160 gap_us=2104
REC oseq=917 s0=0x25 len=55 crc=0 rssi=-92 pairid=55376 txtag=72 st=0x00 addr=466765513 end=466769354 air_us=240 gap_us=2233
REC oseq=918 s0=0x29 len=35 crc=0 rssi=-91 pairid=38988 txtag=72 st=0x00 addr=466803032 end=466805593 air_us=160 gap_us=2104
REC oseq=919 s0=0x65 len=163 crc=0 rssi=-92 pairid=38988 txtag=72 st=0x00 addr=469455593 end=469466346 air_us=672 gap_us=165625
REC oseq=920 s0=0x29 len=183 crc=0 rssi=-90 pairid=38992 txtag=72 st=0x00 addr=469493881 end=469505914 air_us=752 gap_us=1720
REC oseq=921 s0=0x25 len=35 crc=0 rssi=-91 pairid=38988 txtag=72 st=0x00 addr=469531401 end=469533962 air_us=160 gap_us=1592
REC oseq=922 s0=0x29 len=55 crc=0 rssi=-90 pairid=38992 txtag=72 st=0x00 addr=469569690 end=469573531 air_us=240 gap_us=2233
REC oseq=923 s0=0x25 len=35 crc=0 rssi=-90 pairid=38988 txtag=72 st=0x00 addr=469607211 end=469609772 air_us=160 gap_us=2105
REC oseq=924 s0=0x29 len=55 crc=0 rssi=-91 pairid=38992 txtag=72 st=0x00 addr=469645498 end=469649339 air_us=240 gap_us=2232
REC oseq=925 s0=0xfe len=158 crc=0 rssi=-92 pairid=23468 txtag=35 st=0x00 addr=470087209 end=470097643 air_us=652 gap_us=27366
REC oseq=926 s0=0x25 len=35 crc=0 rssi=-91 pairid=38988 txtag=72 st=0x00 addr=470415587 end=470418148 air_us=160 gap_us=19871
REC oseq=927 s0=0x29 len=55 crc=0 rssi=-90 pairid=38992 txtag=72 st=0x00 addr=470453876 end=470457717 air_us=240 gap_us=2233
REC oseq=928 s0=0x29 len=55 crc=0 rssi=-91 pairid=38992 txtag=72 st=0x00 addr=470529684 end=470533525 air_us=240 gap_us=4497
REC oseq=929 s0=0x25 len=35 crc=0 rssi=-91 pairid=38988 txtag=72 st=0x00 addr=470567206 end=470569767 air_us=160 gap_us=2105
REC oseq=930 s0=0x29 len=55 crc=0 rssi=-90 pairid=38992 txtag=72 st=0x00 addr=470605494 end=470609335 air_us=240 gap_us=2232
REC oseq=931 s0=0x29 len=35 crc=0 rssi=-90 pairid=38988 txtag=72 st=0x00 addr=473055576 end=473058137 air_us=160 gap_us=152890
REC oseq=932 s0=0x29 len=35 crc=0 rssi=-91 pairid=38988 txtag=72 st=0x00 addr=473131385 end=473133946 air_us=160 gap_us=4578
REC oseq=933 s0=0x15 len=55 crc=0 rssi=-91 pairid=38992 txtag=64 st=0x00 addr=473169673 end=473173514 air_us=240 gap_us=2232
REC oseq=934 s0=0x29 len=35 crc=0 rssi=-91 pairid=38988 txtag=72 st=0x00 addr=473207194 end=473209755 air_us=160 gap_us=2105
REC oseq=935 s0=0x25 len=55 crc=0 rssi=-91 pairid=38993 txtag=72 st=0x00 addr=473245482 end=473249323 air_us=240 gap_us=2232
REC oseq=936 s0=0x29 len=35 crc=0 rssi=-91 pairid=55372 txtag=72 st=0x00 addr=473283002 end=473285563 air_us=160 gap_us=2104
REC oseq=937 s0=0x3a len=216 crc=0 rssi=-89 pairid=61230 txtag=172 st=0x00 addr=474015570 end=474029715 air_us=884 gap_us=45625
REC oseq=938 s0=0x36 len=216 crc=0 rssi=-91 pairid=58459 txtag=189 st=0x00 addr=474037796 end=474051941 air_us=884 gap_us=505
REC oseq=939 s0=0x3a len=216 crc=0 rssi=-89 pairid=61230 txtag=181 st=0x00 addr=474060019 end=474074164 air_us=884 gap_us=504
REC oseq=940 s0=0x36 len=216 crc=0 rssi=-91 pairid=58459 txtag=172 st=0x00 addr=474082243 end=474096388 air_us=884 gap_us=504
REC oseq=941 s0=0x3a len=216 crc=0 rssi=-90 pairid=61231 txtag=172 st=0x00 addr=474104467 end=474118612 air_us=884 gap_us=504
REC oseq=942 s0=0x36 len=216 crc=0 rssi=-90 pairid=58459 txtag=172 st=0x00 addr=474126694 end=474140839 air_us=884 gap_us=505
REC oseq=943 s0=0x3a len=88 crc=0 rssi=-90 pairid=61231 txtag=173 st=0x00 addr=474193365 end=474199318 air_us=372 gap_us=3282
REC oseq=944 s0=0x36 len=216 crc=0 rssi=-90 pairid=58459 txtag=172 st=0x00 addr=474215589 end=474229734 air_us=884 gap_us=1016
REC oseq=945 s0=0x3a len=88 crc=0 rssi=-90 pairid=61231 txtag=172 st=0x00 addr=474237813 end=474243766 air_us=372 gap_us=504
REC oseq=946 s0=0x30 len=131 crc=0 rssi=-67 pairid=63309 txtag=44 st=0x00 addr=479535550 end=479544256 air_us=544 gap_us=330736
REC oseq=947 s0=0x16 len=251 crc=1 rssi=-31 pairid=247 txtag=64 st=0x00 addr=480975539 end=480991924 air_us=1024 gap_us=89455
REC oseq=948 s0=0x1e len=250 crc=1 rssi=-52 pairid=246 txtag=64 st=0x00 addr=480994708 end=481011029 air_us=1020 gap_us=174
REC oseq=949 s0=0x1a len=239 crc=1 rssi=-31 pairid=235 txtag=64 st=0x00 addr=481013827 end=481029444 air_us=976 gap_us=174
REC oseq=950 s0=0x12 len=250 crc=1 rssi=-52 pairid=246 txtag=64 st=0x00 addr=481032228 end=481048549 air_us=1020 gap_us=174
REC oseq=951 s0=0x16 len=251 crc=1 rssi=-31 pairid=247 txtag=64 st=0x00 addr=481051332 end=481067717 air_us=1024 gap_us=173
REC oseq=952 s0=0x1e len=250 crc=1 rssi=-52 pairid=246 txtag=64 st=0x00 addr=481070501 end=481086822 air_us=1020 gap_us=174
REC oseq=953 s0=0x1a len=239 crc=1 rssi=-31 pairid=235 txtag=64 st=0x00 addr=481089604 end=481105221 air_us=976 gap_us=173
REC oseq=954 s0=0x12 len=250 crc=1 rssi=-52 pairid=246 txtag=64 st=0x00 addr=481108005 end=481124326 air_us=1020 gap_us=174
REC oseq=955 s0=0x16 len=251 crc=1 rssi=-31 pairid=247 txtag=64 st=0x00 addr=481127109 end=481143494 air_us=1024 gap_us=173
REC oseq=956 s0=0x1e len=250 crc=1 rssi=-52 pairid=246 txtag=64 st=0x00 addr=481146277 end=481162598 air_us=1020 gap_us=173
REC oseq=957 s0=0x1a len=239 crc=1 rssi=-31 pairid=235 txtag=64 st=0x00 addr=481165381 end=481180998 air_us=976 gap_us=173
REC oseq=958 s0=0x12 len=250 crc=1 rssi=-52 pairid=246 txtag=64 st=0x00 addr=481183782 end=481200103 air_us=1020 gap_us=174
REC oseq=959 s0=0x16 len=251 crc=0 rssi=-32 pairid=247 txtag=64 st=0x00 addr=481202886 end=481219271 air_us=1024 gap_us=173
REC oseq=960 s0=0x9a len=173 crc=0 rssi=-91 pairid=27918 txtag=229 st=0x00 addr=488175508 end=488186901 air_us=712 gap_us=434764
REC oseq=961 s0=0x1a len=251 crc=1 rssi=-31 pairid=247 txtag=64 st=0x00 addr=489855499 end=489871884 air_us=1024 gap_us=104287
REC oseq=962 s0=0x12 len=250 crc=1 rssi=-52 pairid=246 txtag=64 st=0x00 addr=489874677 end=489890998 air_us=1020 gap_us=174
REC oseq=963 s0=0x16 len=239 crc=1 rssi=-31 pairid=235 txtag=64 st=0x00 addr=489893787 end=489909404 air_us=976 gap_us=174
REC oseq=964 s0=0x1e len=250 crc=1 rssi=-52 pairid=246 txtag=64 st=0x00 addr=489912197 end=489928518 air_us=1020 gap_us=174
REC oseq=965 s0=0x0a len=12 crc=1 rssi=-31 pairid=8 txtag=5 st=0x00 addr=489931307 end=489932396 air_us=68 gap_us=174
REC oseq=966 s0=0x12 len=250 crc=1 rssi=-52 pairid=246 txtag=64 st=0x00 addr=489935189 end=489951510 air_us=1020 gap_us=174
REC oseq=967 s0=0x05 len=0 crc=1 rssi=-32 pairid=246 txtag=64 st=0x00 addr=489954300 end=489954621 air_us=20 gap_us=174
REC oseq=968 s0=0x1e len=250 crc=1 rssi=-52 pairid=246 txtag=64 st=0x00 addr=489957414 end=489973735 air_us=1020 gap_us=174
REC oseq=969 s0=0x09 len=0 crc=1 rssi=-31 pairid=246 txtag=64 st=0x00 addr=489976524 end=489976845 air_us=20 gap_us=174
REC oseq=970 s0=0x12 len=250 crc=1 rssi=-52 pairid=246 txtag=64 st=0x00 addr=489979638 end=489995959 air_us=1020 gap_us=174
REC oseq=971 s0=0x05 len=0 crc=1 rssi=-32 pairid=246 txtag=64 st=0x00 addr=489998748 end=489999069 air_us=20 gap_us=174
REC oseq=972 s0=0x1e len=250 crc=1 rssi=-52 pairid=246 txtag=64 st=0x00 addr=490001862 end=490018183 air_us=1020 gap_us=174
REC oseq=973 s0=0x09 len=0 crc=1 rssi=-31 pairid=246 txtag=64 st=0x00 addr=490020973 end=490021294 air_us=20 gap_us=174
REC oseq=974 s0=0x12 len=250 crc=1 rssi=-52 pairid=246 txtag=64 st=0x00 addr=490024086 end=490040407 air_us=1020 gap_us=174
REC oseq=975 s0=0x05 len=0 crc=1 rssi=-32 pairid=246 txtag=64 st=0x00 addr=490043197 end=490043518 air_us=20 gap_us=174
REC oseq=976 s0=0x1e len=250 crc=1 rssi=-52 pairid=246 txtag=64 st=0x00 addr=490046310 end=490062631 air_us=1020 gap_us=174
REC oseq=977 s0=0x09 len=0 crc=1 rssi=-31 pairid=246 txtag=64 st=0x00 addr=490065421 end=490065742 air_us=20 gap_us=174
REC oseq=978 s0=0x12 len=250 crc=1 rssi=-52 pairid=246 txtag=64 st=0x00 addr=490068535 end=490084856 air_us=1020 gap_us=174
REC oseq=979 s0=0x05 len=0 crc=1 rssi=-38 pairid=246 txtag=64 st=0x00 addr=490087646 end=490087967 air_us=20 gap_us=174
REC oseq=980 s0=0x05 len=0 crc=1 rssi=-32 pairid=246 txtag=64 st=0x00 addr=492735485 end=492735806 air_us=20 gap_us=165469
REC oseq=981 s0=0x1e len=250 crc=1 rssi=-52 pairid=246 txtag=64 st=0x00 addr=492738591 end=492754912 air_us=1020 gap_us=174
REC oseq=982 s0=0x09 len=0 crc=1 rssi=-31 pairid=246 txtag=64 st=0x00 addr=492757709 end=492758030 air_us=20 gap_us=174
REC oseq=983 s0=0x12 len=250 crc=1 rssi=-52 pairid=246 txtag=64 st=0x00 addr=492760816 end=492777137 air_us=1020 gap_us=174
REC oseq=984 s0=0x05 len=0 crc=1 rssi=-32 pairid=246 txtag=64 st=0x00 addr=492779933 end=492780254 air_us=20 gap_us=174
REC oseq=985 s0=0x1e len=250 crc=1 rssi=-52 pairid=246 txtag=64 st=0x00 addr=492783040 end=492799361 air_us=1020 gap_us=174
REC oseq=986 s0=0x09 len=0 crc=1 rssi=-31 pairid=246 txtag=64 st=0x00 addr=492802158 end=492802479 air_us=20 gap_us=174
REC oseq=987 s0=0x12 len=250 crc=1 rssi=-52 pairid=246 txtag=64 st=0x00 addr=492805264 end=492821585 air_us=1020 gap_us=174
REC oseq=988 s0=0x05 len=0 crc=1 rssi=-32 pairid=246 txtag=64 st=0x00 addr=492824382 end=492824703 air_us=20 gap_us=174
REC oseq=989 s0=0x1e len=250 crc=1 rssi=-52 pairid=246 txtag=64 st=0x00 addr=492827489 end=492843810 air_us=1020 gap_us=174
REC oseq=990 s0=0x09 len=0 crc=1 rssi=-32 pairid=246 txtag=64 st=0x00 addr=492846606 end=492846927 air_us=20 gap_us=174
REC oseq=991 s0=0x12 len=250 crc=1 rssi=-52 pairid=246 txtag=64 st=0x00 addr=492849713 end=492866034 air_us=1020 gap_us=174
REC oseq=992 s0=0x05 len=0 crc=1 rssi=-32 pairid=246 txtag=64 st=0x00 addr=492868831 end=492869152 air_us=20 gap_us=174
REC oseq=993 s0=0x1e len=250 crc=1 rssi=-52 pairid=246 txtag=64 st=0x00 addr=492871937 end=492888258 air_us=1020 gap_us=174
REC oseq=994 s0=0x09 len=0 crc=1 rssi=-32 pairid=246 txtag=64 st=0x00 addr=492891055 end=492891376 air_us=20 gap_us=174
REC oseq=995 s0=0x12 len=250 crc=1 rssi=-52 pairid=246 txtag=64 st=0x00 addr=492894161 end=492910482 air_us=1020 gap_us=174
REC oseq=996 s0=0x05 len=0 crc=1 rssi=-32 pairid=246 txtag=64 st=0x00 addr=492913279 end=492913600 air_us=20 gap_us=174
REC oseq=997 s0=0x1e len=250 crc=1 rssi=-52 pairid=246 txtag=64 st=0x00 addr=492916385 end=492932706 air_us=1020 gap_us=174
REC oseq=998 s0=0x09 len=0 crc=1 rssi=-32 pairid=246 txtag=64 st=0x00 addr=492935504 end=492935825 air_us=20 gap_us=174
REC oseq=999 s0=0x12 len=250 crc=1 rssi=-52 pairid=246 txtag=64 st=0x00 addr=492938610 end=492954931 air_us=1020 gap_us=174
REC oseq=1000 s0=0x05 len=0 crc=1 rssi=-32 pairid=246 txtag=64 st=0x00 addr=492957728 end=492958049 air_us=20 gap_us=174
REC oseq=1001 s0=0x1e len=250 crc=0 rssi=-52 pairid=246 txtag=64 st=0x00 addr=492960834 end=492977155 air_us=1020 gap_us=174
REC oseq=1002 s0=0x06 len=12 crc=1 rssi=-33 pairid=8 txtag=5 st=0x00 addr=498975457 end=498976546 air_us=68 gap_us=374893
REC oseq=1003 s0=0x1e len=250 crc=1 rssi=-51 pairid=246 txtag=64 st=0x00 addr=498979332 end=498995653 air_us=1020 gap_us=174
REC oseq=1004 s0=0x09 len=0 crc=1 rssi=-31 pairid=246 txtag=64 st=0x00 addr=498998449 end=498998770 air_us=20 gap_us=174
REC oseq=1005 s0=0x12 len=250 crc=1 rssi=-52 pairid=246 txtag=64 st=0x00 addr=499001556 end=499017877 air_us=1020 gap_us=174
REC oseq=1006 s0=0x05 len=0 crc=1 rssi=-32 pairid=246 txtag=64 st=0x00 addr=499020673 end=499020994 air_us=20 gap_us=174
REC oseq=1007 s0=0x1e len=250 crc=1 rssi=-52 pairid=246 txtag=64 st=0x00 addr=499023780 end=499040101 air_us=1020 gap_us=174
REC oseq=1008 s0=0x09 len=0 crc=1 rssi=-31 pairid=246 txtag=64 st=0x00 addr=499042897 end=499043218 air_us=20 gap_us=174
REC oseq=1009 s0=0x12 len=250 crc=1 rssi=-52 pairid=246 txtag=64 st=0x00 addr=499046005 end=499062326 air_us=1020 gap_us=174
REC oseq=1010 s0=0x05 len=0 crc=1 rssi=-32 pairid=246 txtag=64 st=0x00 addr=499065122 end=499065443 air_us=20 gap_us=174
REC oseq=1011 s0=0x1e len=12 crc=1 rssi=-52 pairid=8 txtag=5 st=0x00 addr=499068229 end=499069318 air_us=68 gap_us=174
REC oseq=1012 s0=0x09 len=0 crc=1 rssi=-31 pairid=8 txtag=5 st=0x00 addr=499072114 end=499072435 air_us=20 gap_us=174
REC oseq=1013 s0=0x12 len=250 crc=1 rssi=-52 pairid=246 txtag=64 st=0x00 addr=499075221 end=499091542 air_us=1020 gap_us=174
REC oseq=1014 s0=0x16 len=239 crc=1 rssi=-31 pairid=235 txtag=64 st=0x00 addr=499094338 end=499109955 air_us=976 gap_us=174
REC oseq=1015 s0=0x1e len=250 crc=1 rssi=-52 pairid=246 txtag=64 st=0x00 addr=499112741 end=499129062 air_us=1020 gap_us=174
REC oseq=1016 s0=0x1a len=251 crc=1 rssi=-31 pairid=247 txtag=64 st=0x00 addr=499131859 end=499148244 air_us=1024 gap_us=174
REC oseq=1017 s0=0x12 len=250 crc=0 rssi=-52 pairid=246 txtag=64 st=0x00 addr=499151030 end=499167351 air_us=1020 gap_us=174
REC oseq=1018 s0=0x16 len=239 crc=1 rssi=-32 pairid=235 txtag=64 st=0x00 addr=499170147 end=499185764 air_us=976 gap_us=174
REC oseq=1019 s0=0x1e len=250 crc=1 rssi=-52 pairid=246 txtag=64 st=0x00 addr=499188550 end=499204871 air_us=1020 gap_us=174
REC oseq=1020 s0=0x1a len=251 crc=0 rssi=-32 pairid=247 txtag=64 st=0x00 addr=499207668 end=499224053 air_us=1024 gap_us=174
REC oseq=1021 s0=0x1a len=251 crc=1 rssi=-31 pairid=247 txtag=64 st=0x00 addr=499935452 end=499951837 air_us=1024 gap_us=44462
REC oseq=1022 s0=0x12 len=250 crc=1 rssi=-52 pairid=246 txtag=64 st=0x00 addr=499954621 end=499970942 air_us=1020 gap_us=174
REC oseq=1023 s0=0x16 len=239 crc=1 rssi=-31 pairid=235 txtag=64 st=0x00 addr=499973740 end=499989357 air_us=976 gap_us=174
REC oseq=1024 s0=0x1e len=250 crc=1 rssi=-52 pairid=246 txtag=64 st=0x00 addr=499992141 end=500008462 air_us=1020 gap_us=174
REC oseq=1025 s0=0x1a len=251 crc=1 rssi=-31 pairid=247 txtag=64 st=0x00 addr=500011261 end=500027646 air_us=1024 gap_us=174
REC oseq=1026 s0=0x12 len=250 crc=1 rssi=-52 pairid=246 txtag=64 st=0x00 addr=500030430 end=500046751 air_us=1020 gap_us=174
REC oseq=1027 s0=0x16 len=239 crc=1 rssi=-31 pairid=235 txtag=64 st=0x00 addr=500049533 end=500065150 air_us=976 gap_us=173
REC oseq=1028 s0=0x1e len=250 crc=1 rssi=-52 pairid=246 txtag=64 st=0x00 addr=500067934 end=500084255 air_us=1020 gap_us=174
REC oseq=1029 s0=0x1a len=251 crc=1 rssi=-31 pairid=247 txtag=64 st=0x00 addr=500087038 end=500103423 air_us=1024 gap_us=173
REC oseq=1030 s0=0x12 len=250 crc=1 rssi=-52 pairid=246 txtag=64 st=0x00 addr=500106206 end=500122527 air_us=1020 gap_us=173
REC oseq=1031 s0=0x16 len=239 crc=1 rssi=-31 pairid=235 txtag=64 st=0x00 addr=500125310 end=500140927 air_us=976 gap_us=173
REC oseq=1032 s0=0x1e len=250 crc=1 rssi=-52 pairid=246 txtag=64 st=0x00 addr=500143711 end=500160032 air_us=1020 gap_us=174
REC oseq=1033 s0=0x1a len=251 crc=0 rssi=-31 pairid=247 txtag=64 st=0x00 addr=500162815 end=500179200 air_us=1024 gap_us=173
REC oseq=1034 s0=0x09 len=0 crc=1 rssi=-31 pairid=247 txtag=64 st=0x00 addr=512415397 end=512415718 air_us=20 gap_us=764762
REC oseq=1035 s0=0x12 len=250 crc=1 rssi=-52 pairid=246 txtag=64 st=0x00 addr=512418516 end=512434837 air_us=1020 gap_us=174
REC oseq=1036 s0=0x05 len=0 crc=1 rssi=-32 pairid=246 txtag=64 st=0x00 addr=512437621 end=512437942 air_us=20 gap_us=174
REC oseq=1037 s0=0x1e len=250 crc=1 rssi=-52 pairid=246 txtag=64 st=0x00 addr=512440741 end=512457062 air_us=1020 gap_us=174
REC oseq=1038 s0=0x09 len=0 crc=1 rssi=-32 pairid=246 txtag=64 st=0x00 addr=512459846 end=512460167 air_us=20 gap_us=174
REC oseq=1039 s0=0x12 len=250 crc=1 rssi=-52 pairid=246 txtag=64 st=0x00 addr=512462965 end=512479286 air_us=1020 gap_us=174
REC oseq=1040 s0=0x05 len=0 crc=1 rssi=-32 pairid=246 txtag=64 st=0x00 addr=512482070 end=512482391 air_us=20 gap_us=174
REC oseq=1041 s0=0x1e len=250 crc=1 rssi=-52 pairid=246 txtag=64 st=0x00 addr=512485189 end=512501510 air_us=1020 gap_us=174
REC oseq=1042 s0=0x09 len=0 crc=1 rssi=-32 pairid=246 txtag=64 st=0x00 addr=512504294 end=512504615 air_us=20 gap_us=174
REC oseq=1043 s0=0x12 len=250 crc=1 rssi=-52 pairid=246 txtag=64 st=0x00 addr=512507413 end=512523734 air_us=1020 gap_us=174
REC oseq=1044 s0=0x05 len=0 crc=1 rssi=-32 pairid=246 txtag=64 st=0x00 addr=512526518 end=512526839 air_us=20 gap_us=174
REC oseq=1045 s0=0x1e len=12 crc=1 rssi=-52 pairid=8 txtag=5 st=0x00 addr=512529637 end=512530726 air_us=68 gap_us=174
REC oseq=1046 s0=0x09 len=0 crc=1 rssi=-32 pairid=8 txtag=5 st=0x00 addr=512533511 end=512533832 air_us=20 gap_us=174
REC oseq=1047 s0=0x12 len=250 crc=1 rssi=-52 pairid=246 txtag=64 st=0x00 addr=512536629 end=512552950 air_us=1020 gap_us=174
REC oseq=1048 s0=0x16 len=251 crc=1 rssi=-31 pairid=247 txtag=64 st=0x00 addr=512555735 end=512572120 air_us=1024 gap_us=174
REC oseq=1049 s0=0x1e len=250 crc=1 rssi=-52 pairid=246 txtag=64 st=0x00 addr=512574917 end=512591238 air_us=1020 gap_us=174
REC oseq=1050 s0=0x1a len=239 crc=1 rssi=-31 pairid=235 txtag=64 st=0x00 addr=512594023 end=512609640 air_us=976 gap_us=174
REC oseq=1051 s0=0x12 len=250 crc=1 rssi=-52 pairid=246 txtag=64 st=0x00 addr=512612438 end=512628759 air_us=1020 gap_us=174
REC oseq=1052 s0=0x16 len=251 crc=1 rssi=-31 pairid=247 txtag=64 st=0x00 addr=512631544 end=512647929 air_us=1024 gap_us=174
REC oseq=1053 s0=0x1a len=239 crc=1 rssi=-31 pairid=235 txtag=64 st=0x00 addr=514095388 end=514111005 air_us=976 gap_us=90466
REC oseq=1054 s0=0x12 len=250 crc=1 rssi=-52 pairid=246 txtag=64 st=0x00 addr=514113800 end=514130121 air_us=1020 gap_us=174
REC oseq=1055 s0=0x16 len=251 crc=1 rssi=-31 pairid=247 txtag=64 st=0x00 addr=514132908 end=514149293 air_us=1024 gap_us=174
REC oseq=1056 s0=0x1e len=250 crc=1 rssi=-52 pairid=246 txtag=64 st=0x00 addr=514152088 end=514168409 air_us=1020 gap_us=174
REC oseq=1057 s0=0x1a len=239 crc=1 rssi=-31 pairid=235 txtag=64 st=0x00 addr=514171197 end=514186814 air_us=976 gap_us=174
REC oseq=1058 s0=0x12 len=250 crc=1 rssi=-52 pairid=246 txtag=64 st=0x00 addr=514189609 end=514205930 air_us=1020 gap_us=174
REC oseq=1059 s0=0x16 len=251 crc=1 rssi=-31 pairid=247 txtag=64 st=0x00 addr=514208717 end=514225102 air_us=1024 gap_us=174
REC oseq=1060 s0=0x1e len=250 crc=1 rssi=-52 pairid=246 txtag=64 st=0x00 addr=514227897 end=514244218 air_us=1020 gap_us=174
REC oseq=1061 s0=0x0a len=12 crc=1 rssi=-31 pairid=8 txtag=5 st=0x00 addr=514247006 end=514248095 air_us=68 gap_us=174
REC oseq=1062 s0=0x12 len=250 crc=1 rssi=-52 pairid=246 txtag=64 st=0x00 addr=514250890 end=514267211 air_us=1020 gap_us=174
REC oseq=1063 s0=0x05 len=0 crc=1 rssi=-32 pairid=246 txtag=64 st=0x00 addr=514269998 end=514270319 air_us=20 gap_us=174
REC oseq=1064 s0=0x1e len=250 crc=1 rssi=-52 pairid=246 txtag=64 st=0x00 addr=514273113 end=514289434 air_us=1020 gap_us=174
REC oseq=1065 s0=0x09 len=0 crc=1 rssi=-32 pairid=246 txtag=64 st=0x00 addr=514292222 end=514292543 air_us=20 gap_us=174
REC oseq=1066 s0=0x12 len=250 crc=1 rssi=-52 pairid=246 txtag=64 st=0x00 addr=514295338 end=514311659 air_us=1020 gap_us=174
REC oseq=1067 s0=0x05 len=0 crc=1 rssi=-32 pairid=246 txtag=64 st=0x00 addr=514314447 end=514314768 air_us=20 gap_us=174
REC oseq=1068 s0=0x1e len=250 crc=0 rssi=-52 pairid=246 txtag=64 st=0x00 addr=514317562 end=514333883 air_us=1020 gap_us=174
REC oseq=1069 s0=0x05 len=0 crc=1 rssi=-32 pairid=246 txtag=64 st=0x00 addr=517215374 end=517215695 air_us=20 gap_us=180093
REC oseq=1070 s0=0x1e len=250 crc=1 rssi=-52 pairid=246 txtag=64 st=0x00 addr=517218481 end=517234802 air_us=1020 gap_us=174
REC oseq=1071 s0=0x09 len=0 crc=1 rssi=-31 pairid=246 txtag=64 st=0x00 addr=517237598 end=517237919 air_us=20 gap_us=174
REC oseq=1072 s0=0x12 len=250 crc=1 rssi=-52 pairid=246 txtag=64 st=0x00 addr=517240706 end=517257027 air_us=1020 gap_us=174
REC oseq=1073 s0=0x05 len=0 crc=1 rssi=-32 pairid=246 txtag=64 st=0x00 addr=517259823 end=517260144 air_us=20 gap_us=174
REC oseq=1074 s0=0x1e len=250 crc=1 rssi=-52 pairid=246 txtag=64 st=0x00 addr=517262929 end=517279250 air_us=1020 gap_us=174
REC oseq=1075 s0=0x09 len=0 crc=1 rssi=-31 pairid=246 txtag=64 st=0x00 addr=517282047 end=517282368 air_us=20 gap_us=174
REC oseq=1076 s0=0x12 len=250 crc=1 rssi=-52 pairid=246 txtag=64 st=0x00 addr=517285154 end=517301475 air_us=1020 gap_us=174
REC oseq=1077 s0=0x05 len=0 crc=1 rssi=-32 pairid=246 txtag=64 st=0x00 addr=517304271 end=517304592 air_us=20 gap_us=174
REC oseq=1078 s0=0x1e len=250 crc=1 rssi=-52 pairid=246 txtag=64 st=0x00 addr=517307378 end=517323699 air_us=1020 gap_us=174
REC oseq=1079 s0=0x09 len=0 crc=1 rssi=-32 pairid=246 txtag=64 st=0x00 addr=517326496 end=517326817 air_us=20 gap_us=174
REC oseq=1080 s0=0x12 len=250 crc=1 rssi=-52 pairid=246 txtag=64 st=0x00 addr=517329602 end=517345923 air_us=1020 gap_us=174
REC oseq=1081 s0=0x05 len=0 crc=1 rssi=-32 pairid=246 txtag=64 st=0x00 addr=517348720 end=517349041 air_us=20 gap_us=174
REC oseq=1082 s0=0x1e len=250 crc=1 rssi=-52 pairid=246 txtag=64 st=0x00 addr=517351826 end=517368147 air_us=1020 gap_us=174
REC oseq=1083 s0=0x09 len=0 crc=1 rssi=-31 pairid=246 txtag=64 st=0x00 addr=517370944 end=517371265 air_us=20 gap_us=174
REC oseq=1084 s0=0x12 len=250 crc=1 rssi=-52 pairid=246 txtag=64 st=0x00 addr=517374050 end=517390371 air_us=1020 gap_us=174
REC oseq=1085 s0=0x05 len=0 crc=1 rssi=-32 pairid=246 txtag=64 st=0x00 addr=517393169 end=517393490 air_us=20 gap_us=174
REC oseq=1086 s0=0x1e len=250 crc=1 rssi=-52 pairid=246 txtag=64 st=0x00 addr=517396275 end=517412596 air_us=1020 gap_us=174
REC oseq=1087 s0=0x09 len=0 crc=1 rssi=-31 pairid=246 txtag=64 st=0x00 addr=517415393 end=517415714 air_us=20 gap_us=174
REC oseq=1088 s0=0x12 len=250 crc=1 rssi=-52 pairid=246 txtag=64 st=0x00 addr=517418499 end=517434820 air_us=1020 gap_us=174
REC oseq=1089 s0=0x05 len=0 crc=1 rssi=-32 pairid=246 txtag=64 st=0x00 addr=517437617 end=517437938 air_us=20 gap_us=174
REC oseq=1090 s0=0x1e len=250 crc=0 rssi=-52 pairid=246 txtag=64 st=0x00 addr=517440723 end=517457044 air_us=1020 gap_us=174
REC oseq=1091 s0=0x29 len=55 crc=0 rssi=-90 pairid=38992 txtag=72 st=0x00 addr=518895366 end=518899207 air_us=240 gap_us=89895
REC oseq=1092 s0=0x25 len=35 crc=0 rssi=-91 pairid=55372 txtag=72 st=0x00 addr=518932886 end=518935447 air_us=160 gap_us=2104
REC oseq=1093 s0=0x29 len=55 crc=0 rssi=-91 pairid=38992 txtag=72 st=0x00 addr=518971174 end=518975015 air_us=240 gap_us=2232
REC oseq=1094 s0=0x23 len=35 crc=0 rssi=-92 pairid=55372 txtag=72 st=0x00 addr=519008696 end=519011257 air_us=160 gap_us=2105
REC oseq=1095 s0=0x29 len=55 crc=0 rssi=-90 pairid=55376 txtag=72 st=0x00 addr=519046983 end=519050824 air_us=240 gap_us=2232
REC oseq=1096 s0=0x25 len=35 crc=0 rssi=-91 pairid=38988 txtag=72 st=0x00 addr=519084504 end=519087065 air_us=160 gap_us=2105
REC oseq=1097 s0=0x29 len=183 crc=0 rssi=-90 pairid=38992 txtag=72 st=0x00 addr=519122792 end=519134825 air_us=752 gap_us=2232
REC oseq=1098 s0=0x09 len=0 crc=1 rssi=-31 pairid=38992 txtag=72 st=0x00 addr=520095362 end=520095683 air_us=20 gap_us=60033
REC oseq=1099 s0=0x12 len=250 crc=1 rssi=-51 pairid=246 txtag=64 st=0x00 addr=520098478 end=520114799 air_us=1020 gap_us=174
REC oseq=1100 s0=0x05 len=0 crc=1 rssi=-32 pairid=246 txtag=64 st=0x00 addr=520117585 end=520117906 air_us=20 gap_us=174
REC oseq=1101 s0=0x1e len=250 crc=1 rssi=-51 pairid=246 txtag=64 st=0x00 addr=520120702 end=520137023 air_us=1020 gap_us=174
REC oseq=1102 s0=0x09 len=0 crc=1 rssi=-31 pairid=246 txtag=64 st=0x00 addr=520139810 end=520140131 air_us=20 gap_us=174
REC oseq=1103 s0=0x12 len=250 crc=1 rssi=-52 pairid=246 txtag=64 st=0x00 addr=520142926 end=520159247 air_us=1020 gap_us=174
REC oseq=1104 s0=0x05 len=0 crc=1 rssi=-32 pairid=246 txtag=64 st=0x00 addr=520162034 end=520162355 air_us=20 gap_us=174
REC oseq=1105 s0=0x1e len=250 crc=1 rssi=-52 pairid=246 txtag=64 st=0x00 addr=520165151 end=520181472 air_us=1020 gap_us=174
REC oseq=1106 s0=0x09 len=0 crc=1 rssi=-32 pairid=246 txtag=64 st=0x00 addr=520184259 end=520184580 air_us=20 gap_us=174
REC oseq=1107 s0=0x12 len=250 crc=1 rssi=-52 pairid=246 txtag=64 st=0x00 addr=520187375 end=520203696 air_us=1020 gap_us=174
REC oseq=1108 s0=0x05 len=0 crc=1 rssi=-32 pairid=246 txtag=64 st=0x00 addr=520206483 end=520206804 air_us=20 gap_us=174
REC oseq=1109 s0=0x1e len=250 crc=1 rssi=-52 pairid=246 txtag=64 st=0x00 addr=520209599 end=520225920 air_us=1020 gap_us=174
REC oseq=1110 s0=0x09 len=0 crc=1 rssi=-31 pairid=246 txtag=64 st=0x00 addr=520228707 end=520229028 air_us=20 gap_us=174
REC oseq=1111 s0=0x12 len=250 crc=1 rssi=-51 pairid=246 txtag=64 st=0x00 addr=520231823 end=520248144 air_us=1020 gap_us=174
REC oseq=1112 s0=0x05 len=0 crc=1 rssi=-32 pairid=246 txtag=64 st=0x00 addr=520250932 end=520251253 air_us=20 gap_us=174
REC oseq=1113 s0=0x1e len=250 crc=1 rssi=-52 pairid=246 txtag=64 st=0x00 addr=520254047 end=520270368 air_us=1020 gap_us=174
REC oseq=1114 s0=0x09 len=0 crc=1 rssi=-31 pairid=246 txtag=64 st=0x00 addr=520273156 end=520273477 air_us=20 gap_us=174
REC oseq=1115 s0=0x12 len=250 crc=1 rssi=-52 pairid=246 txtag=64 st=0x00 addr=520276272 end=520292593 air_us=1020 gap_us=174
REC oseq=1116 s0=0x06 len=12 crc=1 rssi=-32 pairid=8 txtag=5 st=0x00 addr=520295380 end=520296469 air_us=68 gap_us=174
REC oseq=1117 s0=0x1e len=250 crc=1 rssi=-52 pairid=246 txtag=64 st=0x00 addr=520299264 end=520315585 air_us=1020 gap_us=174
REC oseq=1118 s0=0x09 len=0 crc=1 rssi=-32 pairid=246 txtag=64 st=0x00 addr=520318373 end=520318694 air_us=20 gap_us=174
REC oseq=1119 s0=0x12 len=250 crc=0 rssi=-52 pairid=246 txtag=64 st=0x00 addr=520321488 end=520337809 air_us=1020 gap_us=174
REC oseq=1120 s0=0x16 len=239 crc=1 rssi=-32 pairid=235 txtag=64 st=0x00 addr=521055355 end=521070972 air_us=976 gap_us=44846
REC oseq=1121 s0=0x1e len=250 crc=1 rssi=-51 pairid=246 txtag=64 st=0x00 addr=521073767 end=521090088 air_us=1020 gap_us=174
REC oseq=1122 s0=0x1a len=251 crc=1 rssi=-31 pairid=247 txtag=64 st=0x00 addr=521092876 end=521109261 air_us=1024 gap_us=174
REC oseq=1123 s0=0x12 len=250 crc=1 rssi=-52 pairid=246 txtag=64 st=0x00 addr=521112056 end=521128377 air_us=1020 gap_us=174
REC oseq=1124 s0=0x16 len=239 crc=1 rssi=-31 pairid=235 txtag=64 st=0x00 addr=521131164 end=521146781 air_us=976 gap_us=174
REC oseq=1125 s0=0x1e len=250 crc=1 rssi=-52 pairid=246 txtag=64 st=0x00 addr=521149576 end=521165897 air_us=1020 gap_us=174
REC oseq=1126 s0=0x1a len=251 crc=1 rssi=-31 pairid=247 txtag=64 st=0x00 addr=521168685 end=521185070 air_us=1024 gap_us=174
REC oseq=1127 s0=0x12 len=250 crc=1 rssi=-52 pairid=246 txtag=64 st=0x00 addr=521187864 end=521204185 air_us=1020 gap_us=174
REC oseq=1128 s0=0x16 len=239 crc=1 rssi=-31 pairid=235 txtag=64 st=0x00 addr=521206973 end=521222590 air_us=976 gap_us=174
REC oseq=1129 s0=0x1e len=250 crc=1 rssi=-52 pairid=246 txtag=64 st=0x00 addr=521225385 end=521241706 air_us=1020 gap_us=174
REC oseq=1130 s0=0x1a len=251 crc=1 rssi=-32 pairid=247 txtag=64 st=0x00 addr=521244494 end=521260879 air_us=1024 gap_us=174
REC oseq=1131 s0=0x12 len=250 crc=1 rssi=-52 pairid=246 txtag=64 st=0x00 addr=521263673 end=521279994 air_us=1020 gap_us=174
REC oseq=1132 s0=0x16 len=239 crc=0 rssi=-31 pairid=235 txtag=64 st=0x00 addr=521282782 end=521298399 air_us=976 gap_us=174
REC oseq=1133 s0=0x16 len=251 crc=1 rssi=-32 pairid=247 txtag=64 st=0x00 addr=523455345 end=523471730 air_us=1024 gap_us=134809
REC oseq=1134 s0=0x1e len=250 crc=1 rssi=-52 pairid=246 txtag=64 st=0x00 addr=523474518 end=523490839 air_us=1020 gap_us=174
REC oseq=1135 s0=0x1a len=239 crc=1 rssi=-31 pairid=235 txtag=64 st=0x00 addr=523493634 end=523509251 air_us=976 gap_us=174
REC oseq=1136 s0=0x12 len=250 crc=1 rssi=-52 pairid=246 txtag=64 st=0x00 addr=523512038 end=523528359 air_us=1020 gap_us=174
REC oseq=1137 s0=0x16 len=251 crc=1 rssi=-31 pairid=247 txtag=64 st=0x00 addr=523531154 end=523547539 air_us=1024 gap_us=174
REC oseq=1138 s0=0x1e len=250 crc=1 rssi=-52 pairid=246 txtag=64 st=0x00 addr=523550326 end=523566647 air_us=1020 gap_us=174
REC oseq=1139 s0=0x1a len=239 crc=1 rssi=-31 pairid=235 txtag=64 st=0x00 addr=523569442 end=523585059 air_us=976 gap_us=174
REC oseq=1140 s0=0x12 len=250 crc=1 rssi=-52 pairid=246 txtag=64 st=0x00 addr=523587847 end=523604168 air_us=1020 gap_us=174
REC oseq=1141 s0=0x16 len=251 crc=1 rssi=-32 pairid=247 txtag=64 st=0x00 addr=523606963 end=523623348 air_us=1024 gap_us=174
REC oseq=1142 s0=0x1e len=250 crc=1 rssi=-52 pairid=246 txtag=64 st=0x00 addr=523626135 end=523642456 air_us=1020 gap_us=174
REC oseq=1143 s0=0x1a len=239 crc=1 rssi=-31 pairid=235 txtag=64 st=0x00 addr=523645252 end=523660869 air_us=976 gap_us=174
REC oseq=1144 s0=0x12 len=250 crc=1 rssi=-52 pairid=246 txtag=64 st=0x00 addr=523663655 end=523679976 air_us=1020 gap_us=174
REC oseq=1145 s0=0x16 len=251 crc=0 rssi=-31 pairid=247 txtag=64 st=0x00 addr=523682772 end=523699157 air_us=1024 gap_us=174
REC oseq=1146 s0=0x86 len=205 crc=0 rssi=-91 pairid=62774 txtag=101 st=0x00 addr=528517547 end=528530988 air_us=840 gap_us=301149
REC oseq=1147 s0=0x8a len=171 crc=0 rssi=-90 pairid=48886 txtag=229 st=0x00 addr=528539771 end=528551036 air_us=704 gap_us=548
REC oseq=1148 s0=0x8a len=189 crc=0 rssi=-90 pairid=65054 txtag=197 st=0x00 addr=528628669 end=528641086 air_us=776 gap_us=4852
REC oseq=1149 s0=0x8a len=173 crc=0 rssi=-91 pairid=42678 txtag=228 st=0x00 addr=528702334 end=528713727 air_us=712 gap_us=3828
REC oseq=1150 s0=0x25 len=35 crc=0 rssi=-90 pairid=38988 txtag=72 st=0x00 addr=528735322 end=528737883 air_us=160 gap_us=1349
REC oseq=1151 s0=0x29 len=55 crc=0 rssi=-90 pairid=38992 txtag=64 st=0x00 addr=528773610 end=528777451 air_us=240 gap_us=2232
REC oseq=1152 s0=0x25 len=35 crc=0 rssi=-91 pairid=38988 txtag=72 st=0x00 addr=528811131 end=528813692 air_us=160 gap_us=2105
REC oseq=1153 s0=0x29 len=55 crc=0 rssi=-91 pairid=38992 txtag=72 st=0x00 addr=528849420 end=528853261 air_us=240 gap_us=2233
REC oseq=1154 s0=0x29 len=55 crc=0 rssi=-90 pairid=38992 txtag=80 st=0x00 addr=528886939 end=528890780 air_us=240 gap_us=2104
REC oseq=1155 s0=0x25 len=35 crc=0 rssi=-91 pairid=38988 txtag=72 st=0x00 addr=528924461 end=528927022 air_us=160 gap_us=2105
REC oseq=1156 s0=0x25 len=35 crc=0 rssi=-92 pairid=38988 txtag=72 st=0x00 addr=529215319 end=529217880 air_us=160 gap_us=18018
REC oseq=1157 s0=0x29 len=55 crc=0 rssi=-91 pairid=55376 txtag=72 st=0x00 addr=529253609 end=529257450 air_us=240 gap_us=2233
REC oseq=1158 s0=0x3d len=35 crc=0 rssi=-91 pairid=38988 txtag=72 st=0x00 addr=529291128 end=529293689 air_us=160 gap_us=2104
REC oseq=1159 s0=0x25 len=35 crc=0 rssi=-91 pairid=38988 txtag=72 st=0x00 addr=529366938 end=529369499 air_us=160 gap_us=4578
REC oseq=1160 s0=0x29 len=55 crc=0 rssi=-90 pairid=38992 txtag=72 st=0x00 addr=529405227 end=529409068 air_us=240 gap_us=2233
REC oseq=1161 s0=0x25 len=35 crc=0 rssi=-91 pairid=38988 txtag=64 st=0x00 addr=529442746 end=529445307 air_us=160 gap_us=2104
REC oseq=1162 s0=0x29 len=55 crc=0 rssi=-90 pairid=38992 txtag=72 st=0x00 addr=530415314 end=530419155 air_us=240 gap_us=60625
REC oseq=1163 s0=0x39 len=212 crc=0 rssi=-90 pairid=39091 txtag=204 st=0x00 addr=530491122 end=530505011 air_us=868 gap_us=4497
REC oseq=1164 s0=0x36 len=216 crc=0 rssi=-90 pairid=58459 txtag=172 st=0x00 addr=530514115 end=530528260 air_us=884 gap_us=569
REC oseq=1165 s0=0x3a len=216 crc=0 rssi=-90 pairid=61230 txtag=173 st=0x00 addr=530536340 end=530550485 air_us=884 gap_us=505
REC oseq=1166 s0=0x36 len=216 crc=0 rssi=-90 pairid=58459 txtag=173 st=0x00 addr=530558563 end=530572708 air_us=884 gap_us=504
REC oseq=1167 s0=0x3a len=216 crc=0 rssi=-90 pairid=61230 txtag=140 st=0x00 addr=530580789 end=530594934 air_us=884 gap_us=505
REC oseq=1168 s0=0x36 len=216 crc=0 rssi=-90 pairid=58459 txtag=172 st=0x00 addr=530603012 end=530617157 air_us=884 gap_us=504
REC oseq=1169 s0=0x36 len=216 crc=0 rssi=-90 pairid=58459 txtag=172 st=0x00 addr=530647461 end=530661606 air_us=884 gap_us=1894
REC oseq=1170 s0=0x09 len=0 crc=1 rssi=-31 pairid=58459 txtag=172 st=0x00 addr=530677536 end=530677857 air_us=20 gap_us=995
REC oseq=1171 s0=0x12 len=250 crc=1 rssi=-52 pairid=246 txtag=64 st=0x00 addr=530680643 end=530696964 air_us=1020 gap_us=174
REC oseq=1172 s0=0x05 len=0 crc=1 rssi=-33 pairid=246 txtag=64 st=0x00 addr=530699760 end=530700081 air_us=20 gap_us=174
REC oseq=1173 s0=0x1e len=250 crc=1 rssi=-52 pairid=246 txtag=64 st=0x00 addr=530702867 end=530719188 air_us=1020 gap_us=174
REC oseq=1174 s0=0x09 len=0 crc=1 rssi=-32 pairid=246 txtag=64 st=0x00 addr=530721984 end=530722305 air_us=20 gap_us=174
REC oseq=1175 s0=0x12 len=250 crc=1 rssi=-52 pairid=246 txtag=64 st=0x00 addr=530725091 end=530741412 air_us=1020 gap_us=174
REC oseq=1176 s0=0x05 len=0 crc=1 rssi=-32 pairid=246 txtag=64 st=0x00 addr=530744209 end=530744530 air_us=20 gap_us=174
REC oseq=1177 s0=0x1e len=250 crc=1 rssi=-52 pairid=246 txtag=64 st=0x00 addr=530747316 end=530763637 air_us=1020 gap_us=174
REC oseq=1178 s0=0x09 len=0 crc=1 rssi=-31 pairid=246 txtag=64 st=0x00 addr=530766433 end=530766754 air_us=20 gap_us=174
REC oseq=1179 s0=0x12 len=250 crc=1 rssi=-51 pairid=246 txtag=64 st=0x00 addr=530769540 end=530785861 air_us=1020 gap_us=174
REC oseq=1180 s0=0x05 len=0 crc=1 rssi=-32 pairid=246 txtag=64 st=0x00 addr=530788657 end=530788978 air_us=20 gap_us=174
REC oseq=1181 s0=0x1e len=250 crc=1 rssi=-52 pairid=246 txtag=64 st=0x00 addr=530791764 end=530808085 air_us=1020 gap_us=174
REC oseq=1182 s0=0x09 len=0 crc=1 rssi=-31 pairid=246 txtag=64 st=0x00 addr=530810882 end=530811203 air_us=20 gap_us=174
REC oseq=1183 s0=0x12 len=250 crc=1 rssi=-52 pairid=246 txtag=64 st=0x00 addr=530813988 end=530830309 air_us=1020 gap_us=174
REC oseq=1184 s0=0x05 len=0 crc=1 rssi=-32 pairid=246 txtag=64 st=0x00 addr=530833106 end=530833427 air_us=20 gap_us=174
REC oseq=1185 s0=0x1e len=250 crc=0 rssi=-52 pairid=246 txtag=64 st=0x00 addr=530836212 end=530852533 air_us=1020 gap_us=174
REC oseq=1186 s0=0x09 len=0 crc=1 rssi=-31 pairid=246 txtag=64 st=0x00 addr=530855330 end=530855651 air_us=20 gap_us=174
REC oseq=1187 s0=0x12 len=250 crc=1 rssi=-52 pairid=246 txtag=64 st=0x00 addr=530858436 end=530874757 air_us=1020 gap_us=174
REC oseq=1188 s0=0x05 len=0 crc=1 rssi=-32 pairid=246 txtag=64 st=0x00 addr=530877555 end=530877876 air_us=20 gap_us=174
REC oseq=1189 s0=0x1e len=250 crc=0 rssi=-52 pairid=246 txtag=64 st=0x00 addr=530880661 end=530896982 air_us=1020 gap_us=174
REC oseq=1190 s0=0x25 len=247 crc=0 rssi=-91 pairid=38992 txtag=72 st=0x00 addr=537375282 end=537391411 air_us=1008 gap_us=404893
REC oseq=1191 s0=0xab len=34 crc=0 rssi=-91 pairid=38988 txtag=80 st=0x00 addr=537412805 end=537415303 air_us=156 gap_us=1337
REC oseq=1192 s0=0x25 len=55 crc=0 rssi=-91 pairid=38992 txtag=72 st=0x00 addr=537451090 end=537454931 air_us=240 gap_us=2236
REC oseq=1193 s0=0x29 len=35 crc=0 rssi=-91 pairid=55372 txtag=64 st=0x00 addr=537488612 end=537491173 air_us=160 gap_us=2105
REC oseq=1194 s0=0x29 len=35 crc=0 rssi=-90 pairid=38988 txtag=72 st=0x00 addr=537564421 end=537566982 air_us=160 gap_us=4578
REC oseq=1195 s0=0x25 len=55 crc=0 rssi=-92 pairid=38992 txtag=72 st=0x00 addr=537602709 end=537606550 air_us=240 gap_us=2232
REC oseq=1196 s0=0x3e len=74 crc=0 rssi=-72 pairid=62154 txtag=90 st=0x00 addr=539564491 end=539569549 air_us=316 gap_us=122371
REC oseq=1197 s0=0x93 len=197 crc=0 rssi=-91 pairid=2426 txtag=0 st=0x00 addr=542933545 end=542946474 air_us=808 gap_us=210249
REC oseq=1198 s0=0x94 len=65 crc=0 rssi=-90 pairid=6480 txtag=0 st=0x00 addr=543249352 end=543253833 air_us=280 gap_us=18929
REC oseq=1199 s0=0x16 len=251 crc=1 rssi=-31 pairid=247 txtag=64 st=0x00 addr=546255241 end=546271626 air_us=1024 gap_us=187588
REC oseq=1200 s0=0x1e len=250 crc=1 rssi=-52 pairid=246 txtag=64 st=0x00 addr=546274421 end=546290742 air_us=1020 gap_us=174
REC oseq=1201 s0=0x1a len=239 crc=1 rssi=-31 pairid=235 txtag=64 st=0x00 addr=546293529 end=546309146 air_us=976 gap_us=174
REC oseq=1202 s0=0x12 len=250 crc=1 rssi=-52 pairid=246 txtag=64 st=0x00 addr=546311941 end=546328262 air_us=1020 gap_us=174
REC oseq=1203 s0=0x16 len=251 crc=1 rssi=-31 pairid=247 txtag=64 st=0x00 addr=546331050 end=546347435 air_us=1024 gap_us=174
REC oseq=1204 s0=0x1e len=250 crc=0 rssi=-52 pairid=246 txtag=64 st=0x00 addr=546350229 end=546366550 air_us=1020 gap_us=174
REC oseq=1205 s0=0x1a len=239 crc=1 rssi=-31 pairid=235 txtag=64 st=0x00 addr=546369338 end=546384955 air_us=976 gap_us=174
REC oseq=1206 s0=0x12 len=250 crc=1 rssi=-52 pairid=246 txtag=64 st=0x00 addr=546387750 end=546404071 air_us=1020 gap_us=174
REC oseq=1207 s0=0x16 len=251 crc=1 rssi=-32 pairid=247 txtag=64 st=0x00 addr=546406859 end=546423244 air_us=1024 gap_us=174
REC oseq=1208 s0=0x1e len=250 crc=1 rssi=-52 pairid=246 txtag=64 st=0x00 addr=546426038 end=546442359 air_us=1020 gap_us=174
REC oseq=1209 s0=0x1a len=239 crc=1 rssi=-31 pairid=235 txtag=64 st=0x00 addr=546445147 end=546460764 air_us=976 gap_us=174
REC oseq=1210 s0=0x12 len=250 crc=1 rssi=-52 pairid=246 txtag=64 st=0x00 addr=546463558 end=546479879 air_us=1020 gap_us=174
REC oseq=1211 s0=0x16 len=251 crc=0 rssi=-31 pairid=247 txtag=64 st=0x00 addr=546482668 end=546499053 air_us=1024 gap_us=174
REC oseq=1212 s0=0x29 len=163 crc=0 rssi=-91 pairid=55372 txtag=72 st=0x00 addr=553695206 end=553705959 air_us=672 gap_us=449759
REC oseq=1213 s0=0x29 len=35 crc=0 rssi=-90 pairid=38988 txtag=72 st=0x00 addr=553733495 end=553736056 air_us=160 gap_us=1721
REC oseq=1214 s0=0x29 len=35 crc=0 rssi=-90 pairid=38988 txtag=64 st=0x00 addr=553809303 end=553811864 air_us=160 gap_us=4577
REC oseq=1215 s0=0x25 len=55 crc=0 rssi=-92 pairid=38992 txtag=72 st=0x00 addr=553847593 end=553851434 air_us=240 gap_us=2233
REC oseq=1216 s0=0x29 len=35 crc=0 rssi=-91 pairid=38988 txtag=78 st=0x00 addr=553885114 end=553887675 air_us=160 gap_us=2105
REC oseq=1217 s0=0x71 len=150 crc=0 rssi=-92 pairid=50518 txtag=70 st=0x00 addr=558237430 end=558247351 air_us=620 gap_us=271859
REC oseq=1218 s0=0x2d len=55 crc=0 rssi=-91 pairid=38992 txtag=72 st=0x00 addr=558735184 end=558739025 air_us=240 gap_us=30489
REC oseq=1219 s0=0x29 len=51 crc=0 rssi=-91 pairid=38988 txtag=72 st=0x00 addr=558772706 end=558776291 air_us=224 gap_us=2105
REC oseq=1220 s0=0x25 len=247 crc=0 rssi=-92 pairid=55376 txtag=72 st=0x00 addr=558810994 end=558827123 air_us=1008 gap_us=2168
REC oseq=1221 s0=0x29 len=35 crc=0 rssi=-91 pairid=38988 txtag=73 st=0x00 addr=558848514 end=558851075 air_us=160 gap_us=1336
REC oseq=1222 s0=0x15 len=55 crc=0 rssi=-92 pairid=38992 txtag=64 st=0x00 addr=558886803 end=558890644 air_us=240 gap_us=2233
REC oseq=1223 s0=0x29 len=35 crc=0 rssi=-91 pairid=38988 txtag=72 st=0x00 addr=558924323 end=558926884 air_us=160 gap_us=2104
REC oseq=1224 s0=0x16 len=251 crc=1 rssi=-31 pairid=247 txtag=64 st=0x00 addr=561375172 end=561391557 air_us=1024 gap_us=153018
REC oseq=1225 s0=0x1e len=250 crc=1 rssi=-52 pairid=246 txtag=64 st=0x00 addr=561394344 end=561410665 air_us=1020 gap_us=174
REC oseq=1226 s0=0x1a len=239 crc=1 rssi=-31 pairid=235 txtag=64 st=0x00 addr=561413460 end=561429077 air_us=976 gap_us=174
REC oseq=1227 s0=0x12 len=250 crc=1 rssi=-51 pairid=246 txtag=64 st=0x00 addr=561431865 end=561448186 air_us=1020 gap_us=174
REC oseq=1228 s0=0x16 len=251 crc=1 rssi=-31 pairid=247 txtag=64 st=0x00 addr=561450981 end=561467366 air_us=1024 gap_us=174
REC oseq=1229 s0=0x1e len=250 crc=1 rssi=-52 pairid=246 txtag=64 st=0x00 addr=561470152 end=561486473 air_us=1020 gap_us=174
REC oseq=1230 s0=0x1a len=239 crc=1 rssi=-31 pairid=235 txtag=64 st=0x00 addr=561489270 end=561504887 air_us=976 gap_us=174
REC oseq=1231 s0=0x12 len=250 crc=1 rssi=-52 pairid=246 txtag=64 st=0x00 addr=561507673 end=561523994 air_us=1020 gap_us=174
REC oseq=1232 s0=0x16 len=251 crc=1 rssi=-32 pairid=247 txtag=64 st=0x00 addr=561526790 end=561543175 air_us=1024 gap_us=174
REC oseq=1233 s0=0x1e len=250 crc=1 rssi=-52 pairid=246 txtag=64 st=0x00 addr=561545962 end=561562283 air_us=1020 gap_us=174
REC oseq=1234 s0=0x1a len=239 crc=1 rssi=-31 pairid=235 txtag=64 st=0x00 addr=561565079 end=561580696 air_us=976 gap_us=174
REC oseq=1235 s0=0x12 len=250 crc=1 rssi=-52 pairid=246 txtag=64 st=0x00 addr=561583482 end=561599803 air_us=1020 gap_us=174
REC oseq=1236 s0=0x16 len=251 crc=0 rssi=-32 pairid=247 txtag=64 st=0x00 addr=561602599 end=561618984 air_us=1024 gap_us=174
REC oseq=1237 s0=0x1a len=251 crc=1 rssi=-31 pairid=247 txtag=64 st=0x00 addr=564255158 end=564271543 air_us=1024 gap_us=164760
REC oseq=1238 s0=0x12 len=250 crc=1 rssi=-52 pairid=246 txtag=64 st=0x00 addr=564274341 end=564290662 air_us=1020 gap_us=174
REC oseq=1239 s0=0x16 len=239 crc=1 rssi=-31 pairid=235 txtag=64 st=0x00 addr=564293447 end=564309064 air_us=976 gap_us=174
REC oseq=1240 s0=0x1e len=250 crc=1 rssi=-52 pairid=246 txtag=64 st=0x00 addr=564311861 end=564328182 air_us=1020 gap_us=174
REC oseq=1241 s0=0x1a len=251 crc=1 rssi=-31 pairid=247 txtag=64 st=0x00 addr=564330967 end=564347352 air_us=1024 gap_us=174
REC oseq=1242 s0=0x12 len=250 crc=1 rssi=-52 pairid=246 txtag=64 st=0x00 addr=564350150 end=564366471 air_us=1020 gap_us=174
REC oseq=1243 s0=0x16 len=239 crc=1 rssi=-31 pairid=235 txtag=64 st=0x00 addr=564369255 end=564384872 air_us=976 gap_us=174
REC oseq=1244 s0=0x1e len=250 crc=1 rssi=-52 pairid=246 txtag=64 st=0x00 addr=564387670 end=564403991 air_us=1020 gap_us=174
REC oseq=1245 s0=0x1a len=251 crc=1 rssi=-31 pairid=247 txtag=64 st=0x00 addr=564406776 end=564423161 air_us=1024 gap_us=174
REC oseq=1246 s0=0x12 len=250 crc=1 rssi=-52 pairid=246 txtag=64 st=0x00 addr=564425958 end=564442279 air_us=1020 gap_us=174
REC oseq=1247 s0=0x16 len=239 crc=1 rssi=-32 pairid=235 txtag=64 st=0x00 addr=564445065 end=564460682 air_us=976 gap_us=174
REC oseq=1248 s0=0x1e len=250 crc=1 rssi=-52 pairid=246 txtag=64 st=0x00 addr=564463479 end=564479800 air_us=1020 gap_us=174
REC oseq=1249 s0=0x1a len=251 crc=0 rssi=-31 pairid=247 txtag=64 st=0x00 addr=564482585 end=564498970 air_us=1024 gap_us=174
REC oseq=1250 s0=0x09 len=0 crc=1 rssi=-31 pairid=247 txtag=64 st=0x00 addr=565695152 end=565695473 air_us=20 gap_us=74761
REC oseq=1251 s0=0x12 len=250 crc=1 rssi=-51 pairid=246 txtag=64 st=0x00 addr=565698266 end=565714587 air_us=1020 gap_us=174
REC oseq=1252 s0=0x05 len=0 crc=1 rssi=-32 pairid=246 txtag=64 st=0x00 addr=565717376 end=565717697 air_us=20 gap_us=174
REC oseq=1253 s0=0x1e len=250 crc=1 rssi=-51 pairid=246 txtag=64 st=0x00 addr=565720490 end=565736811 air_us=1020 gap_us=174
REC oseq=1254 s0=0x09 len=0 crc=1 rssi=-32 pairid=246 txtag=64 st=0x00 addr=565739601 end=565739922 air_us=20 gap_us=174
REC oseq=1255 s0=0x12 len=250 crc=1 rssi=-52 pairid=246 txtag=64 st=0x00 addr=565742715 end=565759036 air_us=1020 gap_us=174
REC oseq=1256 s0=0x05 len=0 crc=1 rssi=-38 pairid=246 txtag=64 st=0x00 addr=565761825 end=565762146 air_us=20 gap_us=174
REC oseq=1257 s0=0x1e len=250 crc=1 rssi=-51 pairid=246 txtag=64 st=0x00 addr=565764939 end=565781260 air_us=1020 gap_us=174
REC oseq=1258 s0=0x0a len=12 crc=1 rssi=-31 pairid=8 txtag=5 st=0x00 addr=565784049 end=565785138 air_us=68 gap_us=174
REC oseq=1259 s0=0x12 len=250 crc=1 rssi=-52 pairid=246 txtag=64 st=0x00 addr=565787931 end=565804252 air_us=1020 gap_us=174
REC oseq=1260 s0=0x05 len=0 crc=1 rssi=-32 pairid=246 txtag=64 st=0x00 addr=565807041 end=565807362 air_us=20 gap_us=174
REC oseq=1261 s0=0x1e len=250 crc=1 rssi=-52 pairid=246 txtag=64 st=0x00 addr=565810155 end=565826476 air_us=1020 gap_us=174
REC oseq=1262 s0=0x09 len=0 crc=1 rssi=-32 pairid=246 txtag=64 st=0x00 addr=565829266 end=565829587 air_us=20 gap_us=174
REC oseq=1263 s0=0x12 len=250 crc=1 rssi=-52 pairid=246 txtag=64 st=0x00 addr=565832379 end=565848700 air_us=1020 gap_us=174
REC oseq=1264 s0=0x05 len=0 crc=1 rssi=-32 pairid=246 txtag=64 st=0x00 addr=565851490 end=565851811 air_us=20 gap_us=174
REC oseq=1265 s0=0x1e len=250 crc=1 rssi=-52 pairid=246 txtag=64 st=0x00 addr=565854604 end=565870925 air_us=1020 gap_us=174
REC oseq=1266 s0=0x09 len=0 crc=1 rssi=-31 pairid=246 txtag=64 st=0x00 addr=565873714 end=565874035 air_us=20 gap_us=174
REC oseq=1267 s0=0x12 len=250 crc=1 rssi=-52 pairid=246 txtag=64 st=0x00 addr=565876828 end=565893149 air_us=1020 gap_us=174
REC oseq=1268 s0=0x05 len=0 crc=1 rssi=-38 pairid=246 txtag=64 st=0x00 addr=565895938 end=565896259 air_us=20 gap_us=174
REC oseq=1269 s0=0x1e len=250 crc=1 rssi=-51 pairid=246 txtag=64 st=0x00 addr=565899052 end=565915373 air_us=1020 gap_us=174
REC oseq=1270 s0=0x09 len=0 crc=1 rssi=-31 pairid=246 txtag=64 st=0x00 addr=565918163 end=565918484 air_us=20 gap_us=174
REC oseq=1271 s0=0x12 len=250 crc=0 rssi=-51 pairid=246 txtag=64 st=0x00 addr=565921276 end=565937597 air_us=1020 gap_us=174
REC oseq=1272 s0=0x95 len=85 crc=0 rssi=-90 pairid=3964 txtag=0 st=0x00 addr=573690925 end=573696686 air_us=360 gap_us=484583
REC oseq=1273 s0=0x41 len=150 crc=0 rssi=-92 pairid=42978 txtag=70 st=0x00 addr=574708458 end=574718379 air_us=620 gap_us=63235
REC oseq=1274 s0=0x16 len=251 crc=1 rssi=-31 pairid=247 txtag=64 st=0x00 addr=583215072 end=583231457 air_us=1024 gap_us=531043
REC oseq=1275 s0=0x1e len=250 crc=1 rssi=-51 pairid=246 txtag=64 st=0x00 addr=583234254 end=583250575 air_us=1020 gap_us=174
REC oseq=1276 s0=0x1a len=239 crc=1 rssi=-31 pairid=235 txtag=64 st=0x00 addr=583253360 end=583268977 air_us=976 gap_us=174
REC oseq=1277 s0=0x12 len=250 crc=1 rssi=-52 pairid=246 txtag=64 st=0x00 addr=583271775 end=583288096 air_us=1020 gap_us=174
REC oseq=1278 s0=0x16 len=251 crc=1 rssi=-31 pairid=247 txtag=64 st=0x00 addr=583290880 end=583307265 air_us=1024 gap_us=174
REC oseq=1279 s0=0x1e len=250 crc=1 rssi=-51 pairid=246 txtag=64 st=0x00 addr=583310063 end=583326384 air_us=1020 gap_us=174
REC oseq=1280 s0=0x1a len=239 crc=1 rssi=-31 pairid=235 txtag=64 st=0x00 addr=583329169 end=583344786 air_us=976 gap_us=174
REC oseq=1281 s0=0x12 len=250 crc=1 rssi=-51 pairid=246 txtag=64 st=0x00 addr=583347583 end=583363904 air_us=1020 gap_us=174
REC oseq=1282 s0=0x16 len=251 crc=1 rssi=-32 pairid=247 txtag=64 st=0x00 addr=583366690 end=583383075 air_us=1024 gap_us=174
REC oseq=1283 s0=0x1e len=250 crc=1 rssi=-51 pairid=246 txtag=64 st=0x00 addr=583385872 end=583402193 air_us=1020 gap_us=174
REC oseq=1284 s0=0x1a len=239 crc=1 rssi=-31 pairid=235 txtag=64 st=0x00 addr=583404978 end=583420595 air_us=976 gap_us=174
REC oseq=1285 s0=0x12 len=250 crc=1 rssi=-52 pairid=246 txtag=64 st=0x00 addr=583423392 end=583439713 air_us=1020 gap_us=174
REC oseq=1286 s0=0x16 len=251 crc=0 rssi=-31 pairid=247 txtag=64 st=0x00 addr=583442499 end=583458884 air_us=1024 gap_us=174
REC oseq=1287 s0=0x1a len=251 crc=1 rssi=-31 pairid=247 txtag=64 st=0x00 addr=585615060 end=585631445 air_us=1024 gap_us=134761
REC oseq=1288 s0=0x12 len=250 crc=1 rssi=-52 pairid=246 txtag=64 st=0x00 addr=585634237 end=585650558 air_us=1020 gap_us=174
REC oseq=1289 s0=0x16 len=239 crc=1 rssi=-31 pairid=235 txtag=64 st=0x00 addr=585653349 end=585668966 air_us=976 gap_us=174
REC oseq=1290 s0=0x1e len=250 crc=1 rssi=-52 pairid=246 txtag=64 st=0x00 addr=585671757 end=585688078 air_us=1020 gap_us=174
REC oseq=1291 s0=0x1a len=251 crc=1 rssi=-31 pairid=247 txtag=64 st=0x00 addr=585690870 end=585707255 air_us=1024 gap_us=174
REC oseq=1292 s0=0x12 len=250 crc=1 rssi=-52 pairid=246 txtag=64 st=0x00 addr=585710045 end=585726366 air_us=1020 gap_us=174
REC oseq=1293 s0=0x16 len=239 crc=1 rssi=-31 pairid=235 txtag=64 st=0x00 addr=585729158 end=585744775 air_us=976 gap_us=174
REC oseq=1294 s0=0x1e len=250 crc=1 rssi=-52 pairid=246 txtag=64 st=0x00 addr=585747565 end=585763886 air_us=1020 gap_us=174
REC oseq=1295 s0=0x1a len=251 crc=1 rssi=-31 pairid=247 txtag=64 st=0x00 addr=585766678 end=585783063 air_us=1024 gap_us=174
REC oseq=1296 s0=0x12 len=250 crc=1 rssi=-51 pairid=246 txtag=64 st=0x00 addr=585785854 end=585802175 air_us=1020 gap_us=174
REC oseq=1297 s0=0x16 len=239 crc=1 rssi=-32 pairid=235 txtag=64 st=0x00 addr=585804967 end=585820584 air_us=976 gap_us=174
REC oseq=1298 s0=0x1e len=250 crc=1 rssi=-52 pairid=246 txtag=64 st=0x00 addr=585823375 end=585839696 air_us=1020 gap_us=174
REC oseq=1299 s0=0x1a len=251 crc=0 rssi=-31 pairid=247 txtag=64 st=0x00 addr=585842487 end=585858872 air_us=1024 gap_us=174
REC oseq=1300 s0=0x25 len=35 crc=0 rssi=-91 pairid=38988 txtag=72 st=0x00 addr=588255050 end=588257611 air_us=160 gap_us=149761
REC oseq=1301 s0=0x29 len=55 crc=0 rssi=-91 pairid=38992 txtag=80 st=0x00 addr=588293338 end=588297179 air_us=240 gap_us=2232
REC oseq=1302 s0=0x25 len=35 crc=0 rssi=-91 pairid=38988 txtag=72 st=0x00 addr=588330842 end=588333403 air_us=160 gap_us=2103
REC oseq=1303 s0=0x29 len=55 crc=0 rssi=-90 pairid=38992 txtag=72 st=0x00 addr=588369115 end=588372956 air_us=240 gap_us=2232
REC oseq=1304 s0=0x95 len=213 crc=0 rssi=-92 pairid=51484 txtag=0 st=0x00 addr=588495049 end=588509002 air_us=872 gap_us=7630
REC oseq=1305 s0=0x9a len=66 crc=0 rssi=-91 pairid=34915 txtag=12 st=0x00 addr=588533337 end=588537882 air_us=284 gap_us=1520
REC oseq=1306 s0=0x99 len=65 crc=0 rssi=-89 pairid=51436 txtag=0 st=0x00 addr=588684954 end=588689435 air_us=280 gap_us=9192
REC oseq=1307 s0=0x8a len=173 crc=0 rssi=-90 pairid=7696 txtag=229 st=0x00 addr=590917262 end=590928655 air_us=712 gap_us=139239
REC oseq=1308 s0=0x86 len=173 crc=0 rssi=-91 pairid=54514 txtag=229 st=0x00 addr=590939487 end=590950880 air_us=712 gap_us=677
REC oseq=1309 s0=0x8a len=189 crc=0 rssi=-92 pairid=64967 txtag=213 st=0x00 addr=591006158 end=591018575 air_us=776 gap_us=3454
REC oseq=1310 s0=0x8a len=237 crc=0 rssi=-90 pairid=6193 txtag=100 st=0x00 addr=593221269 end=593236758 air_us=968 gap_us=137668
REC oseq=1311 s0=0x8a len=173 crc=0 rssi=-89 pairid=24086 txtag=101 st=0x00 addr=593265721 end=593277115 air_us=712 gap_us=1810
REC oseq=1312 s0=0x86 len=173 crc=0 rssi=-91 pairid=40290 txtag=229 st=0x00 addr=593579475 end=593590868 air_us=712 gap_us=18897
REC oseq=1313 s0=0xc2 len=55 crc=0 rssi=-90 pairid=27418 txtag=175 st=0x00 addr=593646151 end=593649993 air_us=240 gap_us=3455
REC oseq=1314 s0=0x29 len=55 crc=0 rssi=-90 pairid=38993 txtag=72 st=0x00 addr=595215018 end=595218859 air_us=240 gap_us=97814
REC oseq=1315 s0=0x25 len=211 crc=0 rssi=-91 pairid=39091 txtag=13 st=0x00 addr=595252537 end=595266362 air_us=864 gap_us=2104
REC oseq=1316 s0=0x29 len=35 crc=0 rssi=-89 pairid=38988 txtag=72 st=0x00 addr=595275529 end=595278090 air_us=160 gap_us=572
REC oseq=1317 s0=0x25 len=55 crc=0 rssi=-91 pairid=38992 txtag=72 st=0x00 addr=595313818 end=595317659 air_us=240 gap_us=2233
REC oseq=1318 s0=0x29 len=35 crc=0 rssi=-90 pairid=38989 txtag=72 st=0x00 addr=595351339 end=595353900 air_us=160 gap_us=2105
REC oseq=1319 s0=0x41 len=22 crc=0 rssi=-91 pairid=36475 txtag=70 st=0x00 addr=599339447 end=599341176 air_us=108 gap_us=249096
REC oseq=1320 s0=0xea len=138 crc=0 rssi=-67 pairid=8692 txtag=237 st=0x00 addr=600646614 end=600655768 air_us=572 gap_us=81589
REC oseq=1321 s0=0x05 len=0 crc=1 rssi=-32 pairid=8692 txtag=237 st=0x00 addr=601694987 end=601695308 air_us=20 gap_us=64951
REC oseq=1322 s0=0x1e len=250 crc=1 rssi=-52 pairid=246 txtag=64 st=0x00 addr=601698106 end=601714427 air_us=1020 gap_us=174
REC oseq=1323 s0=0x09 len=0 crc=1 rssi=-31 pairid=246 txtag=64 st=0x00 addr=601717211 end=601717532 air_us=20 gap_us=174
REC oseq=1324 s0=0x12 len=250 crc=1 rssi=-52 pairid=246 txtag=64 st=0x00 addr=601720330 end=601736651 air_us=1020 gap_us=174
REC oseq=1325 s0=0x05 len=0 crc=1 rssi=-32 pairid=246 txtag=64 st=0x00 addr=601739436 end=601739757 air_us=20 gap_us=174
REC oseq=1326 s0=0x1e len=250 crc=1 rssi=-51 pairid=246 txtag=64 st=0x00 addr=601742554 end=601758875 air_us=1020 gap_us=174
REC oseq=1327 s0=0x09 len=0 crc=1 rssi=-31 pairid=246 txtag=64 st=0x00 addr=601761660 end=601761981 air_us=20 gap_us=174
REC oseq=1328 s0=0x12 len=250 crc=1 rssi=-52 pairid=246 txtag=64 st=0x00 addr=601764779 end=601781100 air_us=1020 gap_us=174
REC oseq=1329 s0=0x05 len=0 crc=1 rssi=-32 pairid=246 txtag=64 st=0x00 addr=601783884 end=601784205 air_us=20 gap_us=174
REC oseq=1330 s0=0x1e len=250 crc=1 rssi=-51 pairid=246 txtag=64 st=0x00 addr=601787003 end=601803324 air_us=1020 gap_us=174
REC oseq=1331 s0=0x09 len=0 crc=1 rssi=-31 pairid=246 txtag=64 st=0x00 addr=601806109 end=601806430 air_us=20 gap_us=174
REC oseq=1332 s0=0x12 len=250 crc=1 rssi=-51 pairid=246 txtag=64 st=0x00 addr=601809227 end=601825548 air_us=1020 gap_us=174
REC oseq=1333 s0=0x05 len=0 crc=1 rssi=-32 pairid=246 txtag=64 st=0x00 addr=601828333 end=601828654 air_us=20 gap_us=174
REC oseq=1334 s0=0x1e len=250 crc=1 rssi=-51 pairid=246 txtag=64 st=0x00 addr=601831451 end=601847772 air_us=1020 gap_us=174
REC oseq=1335 s0=0x09 len=0 crc=1 rssi=-32 pairid=246 txtag=64 st=0x00 addr=601850557 end=601850878 air_us=20 gap_us=174
REC oseq=1336 s0=0x12 len=250 crc=1 rssi=-52 pairid=246 txtag=64 st=0x00 addr=601853676 end=601869997 air_us=1020 gap_us=174
REC oseq=1337 s0=0x05 len=0 crc=1 rssi=-32 pairid=246 txtag=64 st=0x00 addr=601872782 end=601873103 air_us=20 gap_us=174
REC oseq=1338 s0=0x1e len=250 crc=1 rssi=-52 pairid=246 txtag=64 st=0x00 addr=601875899 end=601892220 air_us=1020 gap_us=174
REC oseq=1339 s0=0x09 len=0 crc=1 rssi=-31 pairid=246 txtag=64 st=0x00 addr=601895006 end=601895327 air_us=20 gap_us=174
REC oseq=1340 s0=0x12 len=250 crc=1 rssi=-52 pairid=246 txtag=64 st=0x00 addr=601898124 end=601914445 air_us=1020 gap_us=174
REC oseq=1341 s0=0x05 len=0 crc=1 rssi=-32 pairid=246 txtag=64 st=0x00 addr=601917230 end=601917551 air_us=20 gap_us=174
REC oseq=1342 s0=0x1e len=250 crc=0 rssi=-52 pairid=246 txtag=64 st=0x00 addr=601920348 end=601936669 air_us=1020 gap_us=174
REC oseq=1343 s0=0x94 len=65 crc=0 rssi=-92 pairid=4526 txtag=0 st=0x00 addr=602654985 end=602659466 air_us=280 gap_us=44894
REC oseq=1344 s0=0x29 len=3 crc=0 rssi=-91 pairid=55372 txtag=72 st=0x00 addr=608894955 end=608895468 air_us=32 gap_us=389718
REC oseq=1345 s0=0x25 len=55 crc=0 rssi=-91 pairid=38992 txtag=72 st=0x00 addr=608933244 end=608937085 air_us=240 gap_us=2361
REC oseq=1346 s0=0x29 len=35 crc=0 rssi=-92 pairid=38989 txtag=72 st=0x00 addr=608970764 end=608973325 air_us=160 gap_us=2104
REC oseq=1347 s0=0x25 len=55 crc=0 rssi=-92 pairid=38992 txtag=72 st=0x00 addr=609084861 end=609088702 air_us=240 gap_us=6971
REC oseq=1348 s0=0x8a len=173 crc=0 rssi=-90 pairid=29882 txtag=101 st=0x00 addr=615397150 end=615408543 air_us=712 gap_us=394278
REC oseq=1349 s0=0x86 len=173 crc=0 rssi=-91 pairid=15850 txtag=101 st=0x00 addr=615508270 end=615519663 air_us=712 gap_us=6232
REC oseq=1350 s0=0x86 len=169 crc=0 rssi=-89 pairid=1386 txtag=229 st=0x00 addr=615597169 end=615608306 air_us=696 gap_us=4844
REC oseq=1351 s0=0xbf len=64 crc=0 rssi=-65 pairid=31657 txtag=14 st=0x00 addr=616966540 end=616970958 air_us=276 gap_us=84889
REC oseq=1352 s0=0x36 len=216 crc=0 rssi=-89 pairid=58459 txtag=173 st=0x00 addr=620654900 end=620669045 air_us=884 gap_us=230246
REC oseq=1353 s0=0x3a len=216 crc=0 rssi=-89 pairid=61231 txtag=45 st=0x00 addr=620677124 end=620691269 air_us=884 gap_us=504
REC oseq=1354 s0=0x36 len=216 crc=0 rssi=-91 pairid=25691 txtag=173 st=0x00 addr=620699350 end=620713495 air_us=884 gap_us=505
REC oseq=1355 s0=0x3a len=216 crc=0 rssi=-90 pairid=61230 txtag=172 st=0x00 addr=620721573 end=620735718 air_us=884 gap_us=504
REC oseq=1356 s0=0x36 len=216 crc=0 rssi=-91 pairid=58459 txtag=172 st=0x00 addr=620743798 end=620757943 air_us=884 gap_us=505
REC oseq=1357 s0=0x3a len=216 crc=0 rssi=-90 pairid=61231 txtag=174 st=0x00 addr=620766022 end=620780167 air_us=884 gap_us=504
REC oseq=1358 s0=0x36 len=216 crc=0 rssi=-90 pairid=58459 txtag=172 st=0x00 addr=620788246 end=620802391 air_us=884 gap_us=504
REC oseq=1359 s0=0x1a len=218 crc=0 rssi=-91 pairid=61231 txtag=173 st=0x00 addr=620810470 end=620824743 air_us=892 gap_us=504
REC oseq=1360 s0=0x36 len=216 crc=0 rssi=-91 pairid=58459 txtag=156 st=0x00 addr=620832695 end=620846840 air_us=884 gap_us=497
REC oseq=1361 s0=0x3a len=216 crc=0 rssi=-89 pairid=61230 txtag=172 st=0x00 addr=620854919 end=620869064 air_us=884 gap_us=504
REC oseq=1362 s0=0x36 len=216 crc=0 rssi=-90 pairid=58459 txtag=172 st=0x00 addr=620877144 end=620891289 air_us=884 gap_us=505
REC oseq=1363 s0=0x05 len=0 crc=1 rssi=-33 pairid=58459 txtag=172 st=0x00 addr=621134898 end=621135219 air_us=20 gap_us=15225
REC oseq=1364 s0=0x1e len=250 crc=1 rssi=-51 pairid=246 txtag=64 st=0x00 addr=621138016 end=621154337 air_us=1020 gap_us=174
REC oseq=1365 s0=0x09 len=0 crc=1 rssi=-32 pairid=246 txtag=64 st=0x00 addr=621157122 end=621157443 air_us=20 gap_us=174
REC oseq=1366 s0=0x12 len=250 crc=1 rssi=-52 pairid=246 txtag=64 st=0x00 addr=621160241 end=621176562 air_us=1020 gap_us=174
REC oseq=1367 s0=0x05 len=0 crc=1 rssi=-32 pairid=246 txtag=64 st=0x00 addr=621179346 end=621179667 air_us=20 gap_us=174
REC oseq=1368 s0=0x1e len=250 crc=1 rssi=-52 pairid=246 txtag=64 st=0x00 addr=621182465 end=621198786 air_us=1020 gap_us=174
REC oseq=1369 s0=0x09 len=0 crc=1 rssi=-32 pairid=246 txtag=64 st=0x00 addr=621201571 end=621201892 air_us=20 gap_us=174
REC oseq=1370 s0=0x12 len=250 crc=1 rssi=-52 pairid=246 txtag=64 st=0x00 addr=621204689 end=621221010 air_us=1020 gap_us=174
REC oseq=1371 s0=0x05 len=0 crc=1 rssi=-32 pairid=246 txtag=64 st=0x00 addr=621223795 end=621224116 air_us=20 gap_us=174
REC oseq=1372 s0=0x1e len=250 crc=1 rssi=-52 pairid=246 txtag=64 st=0x00 addr=621226913 end=621243234 air_us=1020 gap_us=174
REC oseq=1373 s0=0x09 len=0 crc=1 rssi=-32 pairid=246 txtag=64 st=0x00 addr=621246020 end=621246341 air_us=20 gap_us=174
REC oseq=1374 s0=0x12 len=250 crc=1 rssi=-52 pairid=246 txtag=64 st=0x00 addr=621249137 end=621265458 air_us=1020 gap_us=174
REC oseq=1375 s0=0x05 len=0 crc=1 rssi=-32 pairid=246 txtag=64 st=0x00 addr=621268244 end=621268565 air_us=20 gap_us=174
REC oseq=1376 s0=0x1e len=250 crc=1 rssi=-52 pairid=246 txtag=64 st=0x00 addr=621271362 end=621287683 air_us=1020 gap_us=174
REC oseq=1377 s0=0x09 len=0 crc=1 rssi=-32 pairid=246 txtag=64 st=0x00 addr=621290468 end=621290789 air_us=20 gap_us=174
REC oseq=1378 s0=0x12 len=250 crc=1 rssi=-52 pairid=246 txtag=64 st=0x00 addr=621293586 end=621309907 air_us=1020 gap_us=174
REC oseq=1379 s0=0x05 len=0 crc=1 rssi=-32 pairid=246 txtag=64 st=0x00 addr=621312693 end=621313014 air_us=20 gap_us=174
REC oseq=1380 s0=0x1e len=250 crc=1 rssi=-52 pairid=246 txtag=64 st=0x00 addr=621315810 end=621332131 air_us=1020 gap_us=174
REC oseq=1381 s0=0x09 len=0 crc=1 rssi=-31 pairid=246 txtag=64 st=0x00 addr=621334917 end=621335238 air_us=20 gap_us=174
REC oseq=1382 s0=0x12 len=250 crc=1 rssi=-52 pairid=246 txtag=64 st=0x00 addr=621338034 end=621354355 air_us=1020 gap_us=174
REC oseq=1383 s0=0x06 len=12 crc=1 rssi=-32 pairid=8 txtag=5 st=0x00 addr=621357141 end=621358230 air_us=68 gap_us=174
REC oseq=1384 s0=0x1e len=250 crc=0 rssi=-52 pairid=246 txtag=64 st=0x00 addr=621361026 end=621377347 air_us=1020 gap_us=174
REC oseq=1385 s0=0x29 len=55 crc=0 rssi=-90 pairid=38992 txtag=72 st=0x00 addr=621653185 end=621657026 air_us=240 gap_us=17239
REC oseq=1386 s0=0x25 len=35 crc=0 rssi=-91 pairid=38988 txtag=72 st=0x00 addr=621690705 end=621693266 air_us=160 gap_us=2104
REC oseq=1387 s0=0x29 len=55 crc=0 rssi=-91 pairid=38992 txtag=80 st=0x00 addr=621728993 end=621732834 air_us=240 gap_us=2232
REC oseq=1388 s0=0x29 len=55 crc=0 rssi=-89 pairid=38992 txtag=72 st=0x00 addr=621804803 end=621808644 air_us=240 gap_us=4498
REC oseq=1389 s0=0x25 len=35 crc=0 rssi=-91 pairid=38988 txtag=72 st=0x00 addr=621842322 end=621844883 air_us=160 gap_us=2104
REC oseq=1390 s0=0x16 len=251 crc=1 rssi=-31 pairid=247 txtag=64 st=0x00 addr=622094894 end=622111279 air_us=1024 gap_us=15625
REC oseq=1391 s0=0x1e len=250 crc=1 rssi=-51 pairid=246 txtag=64 st=0x00 addr=622114073 end=622130394 air_us=1020 gap_us=174
REC oseq=1392 s0=0x1a len=239 crc=1 rssi=-31 pairid=235 txtag=64 st=0x00 addr=622133182 end=622148799 air_us=976 gap_us=174
REC oseq=1393 s0=0x12 len=250 crc=1 rssi=-51 pairid=246 txtag=64 st=0x00 addr=622151594 end=622167915 air_us=1020 gap_us=174
REC oseq=1394 s0=0x16 len=251 crc=1 rssi=-31 pairid=247 txtag=64 st=0x00 addr=622170703 end=622187088 air_us=1024 gap_us=174
REC oseq=1395 s0=0x1e len=250 crc=1 rssi=-52 pairid=246 txtag=64 st=0x00 addr=622189882 end=622206203 air_us=1020 gap_us=174
REC oseq=1396 s0=0x1a len=239 crc=1 rssi=-31 pairid=235 txtag=64 st=0x00 addr=622208992 end=622224609 air_us=976 gap_us=174
REC oseq=1397 s0=0x12 len=250 crc=1 rssi=-52 pairid=246 txtag=64 st=0x00 addr=622227402 end=622243723 air_us=1020 gap_us=174
REC oseq=1398 s0=0x16 len=251 crc=1 rssi=-31 pairid=247 txtag=64 st=0x00 addr=622246512 end=622262897 air_us=1024 gap_us=174
REC oseq=1399 s0=0x1e len=250 crc=1 rssi=-51 pairid=246 txtag=64 st=0x00 addr=622265691 end=622282012 air_us=1020 gap_us=174
REC oseq=1400 s0=0x1a len=239 crc=1 rssi=-31 pairid=235 txtag=64 st=0x00 addr=622284801 end=622300418 air_us=976 gap_us=174
REC oseq=1401 s0=0x12 len=250 crc=1 rssi=-51 pairid=246 txtag=64 st=0x00 addr=622303211 end=622319532 air_us=1020 gap_us=174
REC oseq=1402 s0=0x16 len=251 crc=0 rssi=-31 pairid=247 txtag=64 st=0x00 addr=622322321 end=622338706 air_us=1024 gap_us=174
REC oseq=1403 s0=0x09 len=0 crc=1 rssi=-32 pairid=247 txtag=64 st=0x00 addr=623294889 end=623295210 air_us=20 gap_us=59761
REC oseq=1404 s0=0x12 len=250 crc=1 rssi=-52 pairid=246 txtag=64 st=0x00 addr=623298001 end=623314322 air_us=1020 gap_us=174
REC oseq=1405 s0=0x05 len=0 crc=1 rssi=-38 pairid=246 txtag=64 st=0x00 addr=623317113 end=623317434 air_us=20 gap_us=174
REC oseq=1406 s0=0x1e len=250 crc=1 rssi=-52 pairid=246 txtag=64 st=0x00 addr=623320225 end=623336546 air_us=1020 gap_us=174
REC oseq=1407 s0=0x09 len=0 crc=1 rssi=-32 pairid=246 txtag=64 st=0x00 addr=623339337 end=623339658 air_us=20 gap_us=174
REC oseq=1408 s0=0x12 len=250 crc=1 rssi=-52 pairid=246 txtag=64 st=0x00 addr=623342449 end=623358770 air_us=1020 gap_us=174
REC oseq=1409 s0=0x05 len=0 crc=1 rssi=-32 pairid=246 txtag=64 st=0x00 addr=623361561 end=623361882 air_us=20 gap_us=174
REC oseq=1410 s0=0x1e len=250 crc=1 rssi=-52 pairid=246 txtag=64 st=0x00 addr=623364673 end=623380994 air_us=1020 gap_us=174
REC oseq=1411 s0=0x09 len=0 crc=1 rssi=-31 pairid=246 txtag=64 st=0x00 addr=623383785 end=623384106 air_us=20 gap_us=174
REC oseq=1412 s0=0x12 len=250 crc=1 rssi=-52 pairid=246 txtag=64 st=0x00 addr=623386897 end=623403218 air_us=1020 gap_us=174
REC oseq=1413 s0=0x05 len=0 crc=1 rssi=-32 pairid=246 txtag=64 st=0x00 addr=623406010 end=623406331 air_us=20 gap_us=174
REC oseq=1414 s0=0x1e len=250 crc=1 rssi=-52 pairid=246 txtag=64 st=0x00 addr=623409122 end=623425443 air_us=1020 gap_us=174
REC oseq=1415 s0=0x09 len=0 crc=1 rssi=-31 pairid=246 txtag=64 st=0x00 addr=623428234 end=623428555 air_us=20 gap_us=174
REC oseq=1416 s0=0x12 len=250 crc=1 rssi=-52 pairid=246 txtag=64 st=0x00 addr=623431346 end=623447667 air_us=1020 gap_us=174
REC oseq=1417 s0=0x05 len=0 crc=1 rssi=-32 pairid=246 txtag=64 st=0x00 addr=623450458 end=623450779 air_us=20 gap_us=174
REC oseq=1418 s0=0x1e len=250 crc=1 rssi=-52 pairid=246 txtag=64 st=0x00 addr=623453570 end=623469891 air_us=1020 gap_us=174
REC oseq=1419 s0=0x09 len=0 crc=1 rssi=-31 pairid=246 txtag=64 st=0x00 addr=623472683 end=623473004 air_us=20 gap_us=174
REC oseq=1420 s0=0x12 len=250 crc=1 rssi=-52 pairid=246 txtag=64 st=0x00 addr=623475794 end=623492115 air_us=1020 gap_us=174
REC oseq=1421 s0=0x05 len=0 crc=1 rssi=-33 pairid=246 txtag=64 st=0x00 addr=623494907 end=623495228 air_us=20 gap_us=174
REC oseq=1422 s0=0x1e len=250 crc=1 rssi=-52 pairid=246 txtag=64 st=0x00 addr=623498019 end=623514340 air_us=1020 gap_us=174
REC oseq=1423 s0=0x09 len=0 crc=1 rssi=-31 pairid=246 txtag=64 st=0x00 addr=623517131 end=623517452 air_us=20 gap_us=174
REC oseq=1424 s0=0x12 len=250 crc=0 rssi=-52 pairid=246 txtag=64 st=0x00 addr=623520243 end=623536564 air_us=1020 gap_us=174
REC oseq=1425 s0=0x5e len=125 crc=0 rssi=-93 pairid=63644 txtag=163 st=0x00 addr=625884016 end=625892337 air_us=520 gap_us=146715
REC oseq=1426 s0=0x9d len=84 crc=0 rssi=-91 pairid=19956 txtag=0 st=0x00 addr=628322298 end=628327996 air_us=356 gap_us=151872
REC oseq=1427 s0=0x5e len=109 crc=0 rssi=-93 pairid=64248 txtag=171 st=0x00 addr=628650672 end=628657969 air_us=456 gap_us=20167
REC oseq=1428 s0=0x16 len=239 crc=1 rssi=-31 pairid=235 txtag=64 st=0x00 addr=630254857 end=630270474 air_us=976 gap_us=99805
REC oseq=1429 s0=0x1e len=250 crc=1 rssi=-51 pairid=246 txtag=64 st=0x00 addr=630273264 end=630289585 air_us=1020 gap_us=174
REC oseq=1430 s0=0x1a len=251 crc=1 rssi=-31 pairid=247 txtag=64 st=0x00 addr=630292377 end=630308762 air_us=1024 gap_us=174
REC oseq=1431 s0=0x12 len=250 crc=1 rssi=-52 pairid=246 txtag=64 st=0x00 addr=630311552 end=630327873 air_us=1020 gap_us=174
REC oseq=1432 s0=0x16 len=239 crc=1 rssi=-31 pairid=235 txtag=64 st=0x00 addr=630330665 end=630346282 air_us=976 gap_us=174
REC oseq=1433 s0=0x1e len=250 crc=1 rssi=-52 pairid=246 txtag=64 st=0x00 addr=630349072 end=630365393 air_us=1020 gap_us=174
REC oseq=1434 s0=0x1a len=251 crc=1 rssi=-31 pairid=247 txtag=64 st=0x00 addr=630368186 end=630384571 air_us=1024 gap_us=174
REC oseq=1435 s0=0x12 len=250 crc=1 rssi=-52 pairid=246 txtag=64 st=0x00 addr=630387360 end=630403681 air_us=1020 gap_us=174
REC oseq=1436 s0=0x16 len=239 crc=1 rssi=-31 pairid=235 txtag=64 st=0x00 addr=630406474 end=630422091 air_us=976 gap_us=174
REC oseq=1437 s0=0x1e len=250 crc=1 rssi=-52 pairid=246 txtag=64 st=0x00 addr=630424881 end=630441202 air_us=1020 gap_us=174
REC oseq=1438 s0=0x1a len=251 crc=1 rssi=-31 pairid=247 txtag=64 st=0x00 addr=630443995 end=630460380 air_us=1024 gap_us=174
REC oseq=1439 s0=0x12 len=250 crc=1 rssi=-52 pairid=246 txtag=64 st=0x00 addr=630463169 end=630479490 air_us=1020 gap_us=174
REC oseq=1440 s0=0x16 len=239 crc=0 rssi=-31 pairid=235 txtag=64 st=0x00 addr=630482284 end=630497901 air_us=976 gap_us=174
REC oseq=1441 s0=0x3a len=216 crc=0 rssi=-90 pairid=61230 txtag=172 st=0x00 addr=631694850 end=631708995 air_us=884 gap_us=74809
REC oseq=1442 s0=0x36 len=216 crc=0 rssi=-90 pairid=58459 txtag=164 st=0x00 addr=631717076 end=631731221 air_us=884 gap_us=505
REC oseq=1443 s0=0x3a len=216 crc=0 rssi=-90 pairid=61231 txtag=172 st=0x00 addr=631739300 end=631753445 air_us=884 gap_us=504
REC oseq=1444 s0=0x36 len=216 crc=0 rssi=-90 pairid=58459 txtag=172 st=0x00 addr=631761525 end=631775670 air_us=884 gap_us=505
REC oseq=1445 s0=0x3a len=216 crc=0 rssi=-90 pairid=61231 txtag=172 st=0x00 addr=631783749 end=631797894 air_us=884 gap_us=504
REC oseq=1446 s0=0x36 len=216 crc=0 rssi=-89 pairid=58459 txtag=173 st=0x00 addr=631805973 end=631820118 air_us=884 gap_us=504
REC oseq=1447 s0=0x3a len=216 crc=0 rssi=-90 pairid=61231 txtag=172 st=0x00 addr=631828197 end=631842342 air_us=884 gap_us=504
REC oseq=1448 s0=0x36 len=216 crc=0 rssi=-90 pairid=58459 txtag=172 st=0x00 addr=631850422 end=631864567 air_us=884 gap_us=505
REC oseq=1449 s0=0x3a len=216 crc=0 rssi=-90 pairid=61230 txtag=173 st=0x00 addr=631872647 end=631886792 air_us=884 gap_us=505
REC oseq=1450 s0=0x36 len=216 crc=0 rssi=-91 pairid=58459 txtag=172 st=0x00 addr=631894870 end=631909015 air_us=884 gap_us=504
REC oseq=1451 s0=0x3a len=216 crc=0 rssi=-89 pairid=61231 txtag=172 st=0x00 addr=631917079 end=631931224 air_us=884 gap_us=504
REC oseq=1452 s0=0x09 len=0 crc=1 rssi=-31 pairid=61231 txtag=172 st=0x00 addr=631934848 end=631935169 air_us=20 gap_us=226
REC oseq=1453 s0=0x12 len=250 crc=1 rssi=-51 pairid=246 txtag=64 st=0x00 addr=631937955 end=631954276 air_us=1020 gap_us=174
REC oseq=1454 s0=0x05 len=0 crc=1 rssi=-32 pairid=246 txtag=64 st=0x00 addr=631957073 end=631957394 air_us=20 gap_us=174
REC oseq=1455 s0=0x1e len=250 crc=1 rssi=-52 pairid=246 txtag=64 st=0x00 addr=631960179 end=631976500 air_us=1020 gap_us=174
REC oseq=1456 s0=0x09 len=0 crc=1 rssi=-31 pairid=246 txtag=64 st=0x00 addr=631979297 end=631979618 air_us=20 gap_us=174
REC oseq=1457 s0=0x12 len=250 crc=1 rssi=-52 pairid=246 txtag=64 st=0x00 addr=631982404 end=631998725 air_us=1020 gap_us=174
REC oseq=1458 s0=0x05 len=0 crc=1 rssi=-32 pairid=246 txtag=64 st=0x00 addr=632001521 end=632001842 air_us=20 gap_us=174
REC oseq=1459 s0=0x1e len=250 crc=1 rssi=-52 pairid=246 txtag=64 st=0x00 addr=632004627 end=632020948 air_us=1020 gap_us=174
REC oseq=1460 s0=0x09 len=0 crc=1 rssi=-32 pairid=246 txtag=64 st=0x00 addr=632023746 end=632024067 air_us=20 gap_us=174
REC oseq=1461 s0=0x12 len=250 crc=1 rssi=-52 pairid=246 txtag=64 st=0x00 addr=632026852 end=632043173 air_us=1020 gap_us=174
REC oseq=1462 s0=0x05 len=0 crc=1 rssi=-32 pairid=246 txtag=64 st=0x00 addr=632045970 end=632046291 air_us=20 gap_us=174
REC oseq=1463 s0=0x1e len=250 crc=1 rssi=-52 pairid=246 txtag=64 st=0x00 addr=632049076 end=632065397 air_us=1020 gap_us=174
REC oseq=1464 s0=0x09 len=0 crc=1 rssi=-31 pairid=246 txtag=64 st=0x00 addr=632068194 end=632068515 air_us=20 gap_us=174
REC oseq=1465 s0=0x12 len=250 crc=1 rssi=-52 pairid=246 txtag=64 st=0x00 addr=632071300 end=632087621 air_us=1020 gap_us=174
REC oseq=1466 s0=0x05 len=0 crc=1 rssi=-32 pairid=246 txtag=64 st=0x00 addr=632090419 end=632090740 air_us=20 gap_us=174
REC oseq=1467 s0=0x1e len=250 crc=1 rssi=-52 pairid=246 txtag=64 st=0x00 addr=632093524 end=632109845 air_us=1020 gap_us=174
REC oseq=1468 s0=0x09 len=0 crc=1 rssi=-32 pairid=246 txtag=64 st=0x00 addr=632112643 end=632112964 air_us=20 gap_us=174
REC oseq=1469 s0=0x12 len=250 crc=1 rssi=-52 pairid=246 txtag=64 st=0x00 addr=632115749 end=632132070 air_us=1020 gap_us=174
REC oseq=1470 s0=0x05 len=0 crc=1 rssi=-32 pairid=246 txtag=64 st=0x00 addr=632134867 end=632135188 air_us=20 gap_us=174
REC oseq=1471 s0=0x1e len=250 crc=1 rssi=-52 pairid=246 txtag=64 st=0x00 addr=632137973 end=632154294 air_us=1020 gap_us=174
REC oseq=1472 s0=0x09 len=0 crc=1 rssi=-32 pairid=246 txtag=64 st=0x00 addr=632157092 end=632157413 air_us=20 gap_us=174
REC oseq=1473 s0=0x12 len=250 crc=0 rssi=-52 pairid=246 txtag=64 st=0x00 addr=632160197 end=632176518 air_us=1020 gap_us=174
REC oseq=1474 s0=0x8a len=173 crc=0 rssi=-89 pairid=35615 txtag=229 st=0x00 addr=632488513 end=632499906 air_us=712 gap_us=19499
REC oseq=1475 s0=0x36 len=216 crc=0 rssi=-90 pairid=58459 txtag=173 st=0x00 addr=634597063 end=634611208 air_us=884 gap_us=131072
REC oseq=1476 s0=0x3a len=216 crc=0 rssi=-90 pairid=3887 txtag=86 st=0x00 addr=634663736 end=634677881 air_us=884 gap_us=3283
REC oseq=1477 s0=0x3a len=216 crc=0 rssi=-91 pairid=61230 txtag=172 st=0x00 addr=634752633 end=634766778 air_us=884 gap_us=4672
REC oseq=1478 s0=0x36 len=217 crc=0 rssi=-90 pairid=58458 txtag=173 st=0x00 addr=634774859 end=634789068 air_us=888 gap_us=505
REC oseq=1479 s0=0x3a len=216 crc=0 rssi=-90 pairid=61230 txtag=172 st=0x00 addr=634797081 end=634811226 air_us=884 gap_us=500
Q2-DONE
