   2.038  *** Booting Zephyr OS build v4.4.2-16-gfee9fbc62095 ***
   2.038  [00:02:28.442,167] [0m<inf> bt_hci_core: HW Platform: Nordic Semiconductor (0x0002)[0m
   2.038  [00:02:28.442,179] [0m<inf> bt_hci_core: HW Variant: nRF54Lx (0x0005)[0m
   2.038  [00:02:28.442,190] [0m<inf> bt_hci_core: Firmware: Standard Bluetooth controller (0x00) Version 4.4 Build 2[0m
   2.038  [00:02:28.442,536] [0m<inf> bt_hci_core: HCI transport: Controller[0m
   2.038  [00:02:28.442,584] [0m<inf> bt_hci_core: Identity: FC:BE:FF:FA:E6:8B (random)[0m
   2.093  [00:02:28.442,600] [0m<inf> bt_hci_core: HCI: version 5.4 (0x0d) revision 0x0000, manufacturer 0x05f1[0m
   2.093  [00:02:28.442,615] [0m<inf> bt_hci_core: LMP: version 5.4 (0x0d) subver 0xffff[0m
   2.093  
   2.093  === nRF54L15 RTT ping-pong CENTRAL ===
   2.093  scan rc=0
   4.044  t=1s RTT mean=0 min=0 max=0 n=0 to=0 | cancels=0(+0/s) seqbad=0 len_bad=0 disc=0(0x00) | tot_n=0 tot_to=0 maxever=0 >2ms=0 >5ms=0 >15ms=0 >20ms=0 >30ms=0 | probes=0 wrfail=0 down=1s maxout=1s
   4.044  t=2s RTT mean=0 min=0 max=0 n=0 to=0 | cancels=0(+0/s) seqbad=0 len_bad=0 disc=0(0x00) | tot_n=0 tot_to=0 maxever=0 >2ms=0 >5ms=0 >15ms=0 >20ms=0 >30ms=0 | probes=0 wrfail=0 down=2s maxout=2s
   6.002  RPT pe: events=0 mean=0.00 mode=0 max=0 |
   6.058  t=3s RTT mean=0 min=0 max=0 n=0 to=0 | cancels=0(+0/s) seqbad=0 len_bad=0 disc=0(0x00) | tot_n=0 tot_to=0 maxever=0 >2ms=0 >5ms=0 >15ms=0 >20ms=0 >30ms=0 | probes=0 wrfail=0 down=3s maxout=3s
   6.058  Q2CONN AA=22c62526 CRCINIT=effff0 hop=5 chan_count=37 map=ffffffff1f
   6.058  GAP connected interval=7500
   6.058  MTU err=0 mtu=247
   6.058  t=4s RTT mean=0 min=0 max=0 n=0 to=0 | cancels=0(+0/s) seqbad=0 len_bad=0 disc=0(0x00) | tot_n=0 tot_to=0 maxever=0 >2ms=0 >5ms=0 >15ms=0 >20ms=0 >30ms=0 | probes=0 wrfail=0 down=4s maxout=4s
   6.058  PHY tx=2 rx=2
   7.024  discovery start (post-PHY +500ms) interval=7500 phy2m=1
   7.024  SUBSCRIBED, vh=14
   7.024  LOADRAMP: bulk char handle=17
   7.024  LOADRAMP: target=0 KBps for 60s
   7.024  RPT pe: events=140 mean=0.92 mode=1 max=2 | 0:15 1:120 2:5
   7.079  t=5s RTT mean=13344 min=11469 max=22297 n=23 to=0 | cancels=0(+0/s) seqbad=0 len_bad=0 disc=0(0x00) | tot_n=23 tot_to=0 maxever=22297 >2ms=23 >5ms=23 >15ms=4 >20ms=1 >30ms=0 | probes=24 wrfail=0 down=4s maxout=4s
   9.028  t=6s RTT mean=12734 min=11911 max=19414 n=64 to=0 | cancels=0(+0/s) seqbad=0 len_bad=0 disc=0(0x00) | tot_n=87 tot_to=0 maxever=22297 >2ms=87 >5ms=87 >15ms=11 >20ms=1 >30ms=0 | probes=88 wrfail=0 down=4s maxout=4s
   9.028  RPT pe: events=266 mean=0.94 mode=1 max=2 | 0:15 1:250 2:1
   9.084  t=7s RTT mean=13003 min=11911 max=19422 n=62 to=0 | cancels=0(+0/s) seqbad=0 len_bad=0 disc=0(0x00) | tot_n=149 tot_to=0 maxever=22297 >2ms=149 >5ms=149 >15ms=20 >20ms=1 >30ms=0 | probes=150 wrfail=0 down=4s maxout=4s
  10.589  FSU: request [52..52] us (ACL both dirs, 1M+2M) rc=0
  10.589  FSU: updated status=0x00 spacing=52 us phys=0x3 types=0x3 initiator=0
  10.644  t=8s RTT mean=12746 min=11465 max=19868 n=63 to=0 | cancels=0(+0/s) seqbad=0 len_bad=0 disc=0(0x00) | tot_n=212 tot_to=0 maxever=22297 >2ms=212 >5ms=212 >15ms=27 >20ms=1 >30ms=0 | probes=213 wrfail=0 down=4s maxout=4s
  12.051  RPT pe: events=267 mean=0.95 mode=1 max=2 | 0:14 1:250 2:3
  12.051  t=9s RTT mean=12500 min=11662 max=19414 n=64 to=0 | cancels=0(+0/s) seqbad=0 len_bad=0 disc=0(0x00) | tot_n=276 tot_to=0 maxever=22297 >2ms=276 >5ms=276 >15ms=32 >20ms=1 >30ms=0 | probes=277 wrfail=0 down=4s maxout=4s
  12.051  t=10s RTT mean=12985 min=11665 max=19415 n=63 to=0 | cancels=0(+0/s) seqbad=0 len_bad=0 disc=0(0x00) | tot_n=339 tot_to=0 maxever=22297 >2ms=339 >5ms=339 >15ms=41 >20ms=1 >30ms=0 | probes=339 wrfail=0 down=4s maxout=4s
  14.000  RPT pe: events=267 mean=0.94 mode=1 max=2 | 0:18 1:247 2:2
  14.056  t=11s RTT mean=12882 min=11665 max=26910 n=62 to=0 | cancels=0(+0/s) seqbad=0 len_bad=0 disc=0(0x00) | tot_n=401 tot_to=0 maxever=26910 >2ms=401 >5ms=401 >15ms=48 >20ms=2 >30ms=0 | probes=402 wrfail=0 down=4s maxout=4s
  14.056  t=12s RTT mean=12866 min=11665 max=26913 n=63 to=0 | cancels=0(+0/s) seqbad=0 len_bad=0 disc=0(0x00) | tot_n=464 tot_to=0 maxever=26913 >2ms=464 >5ms=464 >15ms=54 >20ms=4 >30ms=0 | probes=465 wrfail=0 down=4s maxout=4s
  16.015  RPT pe: events=266 mean=0.95 mode=1 max=2 | 0:13 1:251 2:2
  16.070  t=13s RTT mean=12500 min=11911 max=19422 n=64 to=0 | cancels=0(+0/s) seqbad=0 len_bad=0 disc=0(0x00) | tot_n=528 tot_to=0 maxever=26913 >2ms=528 >5ms=528 >15ms=59 >20ms=4 >30ms=0 | probes=529 wrfail=0 down=4s maxout=4s
  16.070  t=14s RTT mean=12617 min=11665 max=19422 n=64 to=0 | cancels=0(+0/s) seqbad=0 len_bad=0 disc=0(0x00) | tot_n=592 tot_to=0 maxever=26913 >2ms=592 >5ms=592 >15ms=65 >20ms=4 >30ms=0 | probes=593 wrfail=0 down=4s maxout=4s
  18.016  RPT pe: events=267 mean=0.96 mode=1 max=2 | 0:13 1:251 2:3
  18.071  t=15s RTT mean=12748 min=11910 max=26921 n=63 to=0 | cancels=0(+0/s) seqbad=0 len_bad=0 disc=0(0x00) | tot_n=655 tot_to=0 maxever=26921 >2ms=655 >5ms=655 >15ms=71 >20ms=5 >30ms=0 | probes=656 wrfail=0 down=4s maxout=4s
  18.071  t=16s RTT mean=12747 min=11665 max=26914 n=63 to=0 | cancels=0(+0/s) seqbad=0 len_bad=0 disc=0(0x00) | tot_n=718 tot_to=0 maxever=26921 >2ms=718 >5ms=718 >15ms=77 >20ms=6 >30ms=0 | probes=719 wrfail=0 down=4s maxout=4s
  20.036  RPT pe: events=267 mean=0.95 mode=1 max=2 | 0:16 1:246 2:5
  20.036  t=17s RTT mean=12747 min=11660 max=19429 n=63 to=0 | cancels=0(+0/s) seqbad=0 len_bad=0 disc=0(0x00) | tot_n=781 tot_to=0 maxever=26921 >2ms=781 >5ms=781 >15ms=84 >20ms=6 >30ms=0 | probes=782 wrfail=0 down=4s maxout=4s
  20.092  t=18s RTT mean=13664 min=11662 max=26918 n=60 to=0 | cancels=0(+0/s) seqbad=0 len_bad=0 disc=0(0x00) | tot_n=841 tot_to=0 maxever=26921 >2ms=841 >5ms=841 >15ms=96 >20ms=8 >30ms=0 | probes=842 wrfail=0 down=4s maxout=4s
  22.038  RPT pe: events=266 mean=0.91 mode=1 max=2 | 0:24 1:241 2:1
  22.038  t=19s RTT mean=13003 min=11911 max=26914 n=62 to=0 | cancels=0(+0/s) seqbad=0 len_bad=0 disc=0(0x00) | tot_n=903 tot_to=0 maxever=26921 >2ms=903 >5ms=903 >15ms=103 >20ms=10 >30ms=0 | probes=904 wrfail=0 down=4s maxout=4s
  22.093  t=20s RTT mean=12500 min=11664 max=19664 n=64 to=0 | cancels=0(+0/s) seqbad=0 len_bad=0 disc=0(0x00) | tot_n=967 tot_to=0 maxever=26921 >2ms=967 >5ms=967 >15ms=108 >20ms=10 >30ms=0 | probes=968 wrfail=0 down=4s maxout=4s
  24.040  RPT pe: events=267 mean=0.97 mode=1 max=2 | 0:9 1:255 2:3
  24.040  t=21s RTT mean=12376 min=11911 max=19422 n=65 to=0 | cancels=0(+0/s) seqbad=0 len_bad=0 disc=0(0x00) | tot_n=1032 tot_to=0 maxever=26921 >2ms=1032 >5ms=1032 >15ms=112 >20ms=10 >30ms=0 | probes=1033 wrfail=0 down=4s maxout=4s
  24.040  t=22s RTT mean=12500 min=11666 max=19415 n=64 to=0 | cancels=0(+0/s) seqbad=0 len_bad=0 disc=0(0x00) | tot_n=1096 tot_to=0 maxever=26921 >2ms=1096 >5ms=1096 >15ms=117 >20ms=10 >30ms=0 | probes=1097 wrfail=0 down=4s maxout=4s
  26.037  RPT pe: events=267 mean=0.95 mode=1 max=2 | 0:15 1:250 2:2
  26.037  t=23s RTT mean=13390 min=11911 max=26913 n=61 to=0 | cancels=0(+0/s) seqbad=0 len_bad=0 disc=0(0x00) | tot_n=1157 tot_to=0 maxever=26921 >2ms=1157 >5ms=1157 >15ms=128 >20ms=11 >30ms=0 | probes=1158 wrfail=0 down=4s maxout=4s
  26.092  t=24s RTT mean=13390 min=11665 max=26921 n=61 to=0 | cancels=0(+0/s) seqbad=0 len_bad=0 disc=0(0x00) | tot_n=1218 tot_to=0 maxever=26921 >2ms=1218 >5ms=1218 >15ms=139 >20ms=12 >30ms=0 | probes=1218 wrfail=0 down=4s maxout=4s
  28.055  RPT pe: events=267 mean=0.93 mode=1 max=2 | 0:20 1:244 2:3
  28.055  t=25s RTT mean=12501 min=11662 max=19414 n=64 to=0 | cancels=0(+0/s) seqbad=0 len_bad=0 disc=0(0x00) | tot_n=1282 tot_to=0 maxever=26921 >2ms=1282 >5ms=1282 >15ms=144 >20ms=12 >30ms=0 | probes=1283 wrfail=0 down=4s maxout=4s
  28.055  t=26s RTT mean=13267 min=11911 max=26913 n=61 to=0 | cancels=0(+0/s) seqbad=0 len_bad=0 disc=0(0x00) | tot_n=1343 tot_to=0 maxever=26921 >2ms=1343 >5ms=1343 >15ms=154 >20ms=13 >30ms=0 | probes=1344 wrfail=0 down=4s maxout=4s
  30.007  RPT pe: events=266 mean=0.92 mode=1 max=2 | 0:24 1:237 2:5
  30.062  t=27s RTT mean=13125 min=11664 max=26914 n=62 to=0 | cancels=0(+0/s) seqbad=0 len_bad=0 disc=0(0x00) | tot_n=1405 tot_to=0 maxever=26921 >2ms=1405 >5ms=1405 >15ms=163 >20ms=14 >30ms=0 | probes=1405 wrfail=0 down=4s maxout=4s
  30.062  t=28s RTT mean=12747 min=11664 max=26911 n=63 to=0 | cancels=0(+0/s) seqbad=0 len_bad=0 disc=0(0x00) | tot_n=1468 tot_to=0 maxever=26921 >2ms=1468 >5ms=1468 >15ms=169 >20ms=15 >30ms=0 | probes=1469 wrfail=0 down=4s maxout=4s
  32.029  RPT pe: events=267 mean=0.95 mode=1 max=2 | 0:14 1:251 2:2
  32.029  t=29s RTT mean=12629 min=11665 max=19682 n=63 to=0 | cancels=0(+0/s) seqbad=0 len_bad=0 disc=0(0x00) | tot_n=1531 tot_to=0 maxever=26921 >2ms=1531 >5ms=1531 >15ms=175 >20ms=15 >30ms=0 | probes=1532 wrfail=0 down=4s maxout=4s
  32.081  t=30s RTT mean=13664 min=11911 max=41922 n=60 to=0 | cancels=0(+0/s) seqbad=0 len_bad=0 disc=0(0x00) | tot_n=1591 tot_to=0 maxever=41922 >2ms=1591 >5ms=1591 >15ms=184 >20ms=18 >30ms=1 | probes=1592 wrfail=0 down=4s maxout=4s
  34.039  RPT pe: events=267 mean=0.88 mode=1 max=2 | 0:35 1:229 2:3
  34.039  t=31s RTT mean=14861 min=11665 max=34411 n=56 to=0 | cancels=0(+0/s) seqbad=0 len_bad=0 disc=0(0x00) | tot_n=1647 tot_to=0 maxever=41922 >2ms=1647 >5ms=1647 >15ms=199 >20ms=23 >30ms=3 | probes=1648 wrfail=0 down=4s maxout=4s
  34.095  t=32s RTT mean=12747 min=11665 max=19415 n=63 to=0 | cancels=0(+0/s) seqbad=0 len_bad=0 disc=0(0x00) | tot_n=1710 tot_to=0 maxever=41922 >2ms=1710 >5ms=1710 >15ms=206 >20ms=23 >30ms=3 | probes=1711 wrfail=0 down=4s maxout=4s
  36.044  RPT pe: events=266 mean=0.95 mode=1 max=2 | 0:17 1:245 2:4
  36.044  t=33s RTT mean=12748 min=11665 max=26922 n=63 to=0 | cancels=0(+0/s) seqbad=0 len_bad=0 disc=0(0x00) | tot_n=1773 tot_to=0 maxever=41922 >2ms=1773 >5ms=1773 >15ms=212 >20ms=24 >30ms=3 | probes=1774 wrfail=0 down=4s maxout=4s
  36.044  t=34s RTT mean=12617 min=11723 max=26913 n=64 to=0 | cancels=0(+0/s) seqbad=0 len_bad=0 disc=0(0x00) | tot_n=1837 tot_to=0 maxever=41922 >2ms=1837 >5ms=1837 >15ms=216 >20ms=26 >30ms=3 | probes=1838 wrfail=0 down=4s maxout=4s
  38.037  RPT pe: events=267 mean=0.95 mode=1 max=2 | 0:14 1:252 2:1
  38.038  t=35s RTT mean=13003 min=11911 max=26915 n=62 to=0 | cancels=0(+0/s) seqbad=0 len_bad=0 disc=0(0x00) | tot_n=1899 tot_to=0 maxever=41922 >2ms=1899 >5ms=1899 >15ms=224 >20ms=27 >30ms=3 | probes=1900 wrfail=0 down=4s maxout=4s
  38.093  t=36s RTT mean=13003 min=11911 max=19415 n=62 to=0 | cancels=0(+0/s) seqbad=0 len_bad=0 disc=0(0x00) | tot_n=1961 tot_to=0 maxever=41922 >2ms=1961 >5ms=1961 >15ms=233 >20ms=27 >30ms=3 | probes=1962 wrfail=0 down=4s maxout=4s
  40.034  RPT pe: events=267 mean=0.89 mode=1 max=2 | 0:35 1:226 2:6
  40.034  t=37s RTT mean=15530 min=11663 max=49447 n=54 to=0 | cancels=0(+0/s) seqbad=0 len_bad=0 disc=0(0x00) | tot_n=2015 tot_to=0 maxever=49447 >2ms=2015 >5ms=2015 >15ms=248 >20ms=32 >30ms=6 | probes=2016 wrfail=0 down=4s maxout=4s
  40.086  t=38s RTT mean=13386 min=11905 max=26913 n=61 to=0 | cancels=0(+0/s) seqbad=0 len_bad=0 disc=0(0x00) | tot_n=2076 tot_to=0 maxever=49447 >2ms=2076 >5ms=2076 >15ms=257 >20ms=35 >30ms=6 | probes=2076 wrfail=0 down=4s maxout=4s
  42.040  RPT pe: events=266 mean=0.92 mode=1 max=2 | 0:21 1:244 2:1
  42.040  t=39s RTT mean=12882 min=11910 max=19423 n=62 to=0 | cancels=0(+0/s) seqbad=0 len_bad=0 disc=0(0x00) | tot_n=2138 tot_to=0 maxever=49447 >2ms=2138 >5ms=2138 >15ms=265 >20ms=35 >30ms=6 | probes=2139 wrfail=0 down=4s maxout=4s
  42.095  t=40s RTT mean=12618 min=11911 max=19422 n=64 to=0 | cancels=0(+0/s) seqbad=0 len_bad=0 disc=0(0x00) | tot_n=2202 tot_to=0 maxever=49447 >2ms=2202 >5ms=2202 >15ms=271 >20ms=35 >30ms=6 | probes=2203 wrfail=0 down=4s maxout=4s
  44.048  RPT pe: events=267 mean=0.94 mode=1 max=2 | 0:15 1:251 2:1
  44.048  t=41s RTT mean=12867 min=11668 max=19422 n=63 to=0 | cancels=0(+0/s) seqbad=0 len_bad=0 disc=0(0x00) | tot_n=2265 tot_to=0 maxever=49447 >2ms=2265 >5ms=2265 >15ms=279 >20ms=35 >30ms=6 | probes=2265 wrfail=0 down=4s maxout=4s
  44.048  t=42s RTT mean=13414 min=11662 max=26914 n=60 to=0 | cancels=0(+0/s) seqbad=0 len_bad=0 disc=0(0x00) | tot_n=2325 tot_to=0 maxever=49447 >2ms=2325 >5ms=2325 >15ms=289 >20ms=37 >30ms=6 | probes=2326 wrfail=0 down=4s maxout=4s
  46.046  RPT pe: events=267 mean=0.93 mode=1 max=2 | 0:19 1:247 2:1
  46.046  t=43s RTT mean=12748 min=11911 max=19422 n=63 to=0 | cancels=0(+0/s) seqbad=0 len_bad=0 disc=0(0x00) | tot_n=2388 tot_to=0 maxever=49447 >2ms=2388 >5ms=2388 >15ms=296 >20ms=37 >30ms=6 | probes=2389 wrfail=0 down=4s maxout=4s
  46.046  t=44s RTT mean=13125 min=11911 max=19415 n=62 to=0 | cancels=0(+0/s) seqbad=0 len_bad=0 disc=0(0x00) | tot_n=2450 tot_to=0 maxever=49447 >2ms=2450 >5ms=2450 >15ms=306 >20ms=37 >30ms=6 | probes=2451 wrfail=0 down=4s maxout=4s
  48.040  RPT pe: events=266 mean=0.92 mode=1 max=2 | 0:20 1:245 2:1
  48.040  t=45s RTT mean=13004 min=11665 max=26914 n=62 to=0 | cancels=0(+0/s) seqbad=0 len_bad=0 disc=0(0x00) | tot_n=2512 tot_to=0 maxever=49447 >2ms=2512 >5ms=2512 >15ms=313 >20ms=39 >30ms=6 | probes=2513 wrfail=0 down=4s maxout=4s
  48.091  t=46s RTT mean=13003 min=11911 max=19421 n=62 to=0 | cancels=0(+0/s) seqbad=0 len_bad=0 disc=0(0x00) | tot_n=2574 tot_to=0 maxever=49447 >2ms=2574 >5ms=2574 >15ms=322 >20ms=39 >30ms=6 | probes=2575 wrfail=0 down=4s maxout=4s
  50.020  RPT pe: events=267 mean=0.94 mode=1 max=2 | 0:16 1:250 2:1
  50.076  t=47s RTT mean=12735 min=11665 max=26914 n=64 to=0 | cancels=0(+0/s) seqbad=0 len_bad=0 disc=0(0x00) | tot_n=2638 tot_to=0 maxever=49447 >2ms=2638 >5ms=2638 >15ms=328 >20ms=40 >30ms=6 | probes=2638 wrfail=0 down=4s maxout=4s
  50.076  t=48s RTT mean=12747 min=11903 max=19426 n=63 to=0 | cancels=0(+0/s) seqbad=0 len_bad=0 disc=0(0x00) | tot_n=2701 tot_to=0 maxever=49447 >2ms=2701 >5ms=2701 >15ms=335 >20ms=40 >30ms=6 | probes=2702 wrfail=0 down=4s maxout=4s
  52.015  RPT pe: events=267 mean=0.94 mode=1 max=2 | 0:17 1:248 2:2
  52.070  t=49s RTT mean=13695 min=11910 max=26911 n=59 to=0 | cancels=0(+0/s) seqbad=0 len_bad=0 disc=0(0x00) | tot_n=2760 tot_to=0 maxever=49447 >2ms=2760 >5ms=2760 >15ms=347 >20ms=42 >30ms=6 | probes=2761 wrfail=0 down=4s maxout=4s
  52.070  t=50s RTT mean=12867 min=11910 max=19421 n=63 to=0 | cancels=0(+0/s) seqbad=0 len_bad=0 disc=0(0x00) | tot_n=2823 tot_to=0 maxever=49447 >2ms=2823 >5ms=2823 >15ms=355 >20ms=42 >30ms=6 | probes=2824 wrfail=0 down=4s maxout=4s
  54.019  RPT pe: events=266 mean=0.95 mode=1 max=2 | 0:11 1:255
  54.073  t=51s RTT mean=12376 min=11911 max=19415 n=65 to=0 | cancels=0(+0/s) seqbad=0 len_bad=0 disc=0(0x00) | tot_n=2888 tot_to=0 maxever=49447 >2ms=2888 >5ms=2888 >15ms=359 >20ms=42 >30ms=6 | probes=2889 wrfail=0 down=4s maxout=4s
  54.073  t=52s RTT mean=13539 min=11665 max=26915 n=60 to=0 | cancels=0(+0/s) seqbad=0 len_bad=0 disc=0(0x00) | tot_n=2948 tot_to=0 maxever=49447 >2ms=2948 >5ms=2948 >15ms=369 >20ms=45 >30ms=6 | probes=2949 wrfail=0 down=4s maxout=4s
  56.035  RPT pe: events=267 mean=0.93 mode=1 max=2 | 0:19 1:246 2:2
  56.035  t=53s RTT mean=12617 min=11911 max=19414 n=64 to=0 | cancels=0(+0/s) seqbad=0 len_bad=0 disc=0(0x00) | tot_n=3012 tot_to=0 maxever=49447 >2ms=3012 >5ms=3012 >15ms=375 >20ms=45 >30ms=6 | probes=3012 wrfail=0 down=4s maxout=4s
  56.090  t=54s RTT mean=14413 min=11904 max=49161 n=57 to=0 | cancels=0(+0/s) seqbad=0 len_bad=0 disc=0(0x00) | tot_n=3069 tot_to=0 maxever=49447 >2ms=3069 >5ms=3069 >15ms=387 >20ms=48 >30ms=8 | probes=3070 wrfail=0 down=4s maxout=4s
  58.029  RPT pe: events=267 mean=0.89 mode=1 max=2 | 0:30 1:235 2:2
  58.030  t=55s RTT mean=13003 min=11910 max=19422 n=62 to=0 | cancels=0(+0/s) seqbad=0 len_bad=0 disc=0(0x00) | tot_n=3131 tot_to=0 maxever=49447 >2ms=3131 >5ms=3131 >15ms=396 >20ms=48 >30ms=8 | probes=3132 wrfail=0 down=4s maxout=4s
  58.082  t=56s RTT mean=12747 min=11665 max=19414 n=63 to=0 | cancels=0(+0/s) seqbad=0 len_bad=0 disc=0(0x00) | tot_n=3194 tot_to=0 maxever=49447 >2ms=3194 >5ms=3194 >15ms=403 >20ms=48 >30ms=8 | probes=3195 wrfail=0 down=4s maxout=4s
  60.033  RPT pe: events=267 mean=0.96 mode=1 max=3 | 0:15 1:248 2:3 3:1
  60.033  t=57s RTT mean=12747 min=11474 max=19424 n=63 to=0 | cancels=0(+0/s) seqbad=0 len_bad=0 disc=0(0x00) | tot_n=3257 tot_to=0 maxever=49447 >2ms=3257 >5ms=3257 >15ms=410 >20ms=48 >30ms=8 | probes=3258 wrfail=0 down=4s maxout=4s
  60.084  t=58s RTT mean=12866 min=11662 max=19423 n=63 to=0 | cancels=0(+0/s) seqbad=0 len_bad=0 disc=0(0x00) | tot_n=3320 tot_to=0 maxever=49447 >2ms=3320 >5ms=3320 >15ms=418 >20ms=48 >30ms=8 | probes=3321 wrfail=0 down=4s maxout=4s
  62.039  RPT pe: events=266 mean=0.95 mode=1 max=3 | 0:14 1:250 2:2
  62.039  t=59s RTT mean=12500 min=11911 max=19419 n=64 to=0 | cancels=0(+0/s) seqbad=0 len_bad=0 disc=0(0x00) | tot_n=3384 tot_to=0 maxever=49447 >2ms=3384 >5ms=3384 >15ms=423 >20ms=48 >30ms=8 | probes=3385 wrfail=0 down=4s maxout=4s
  62.090  t=60s RTT mean=12747 min=11665 max=26914 n=63 to=0 | cancels=0(+0/s) seqbad=0 len_bad=0 disc=0(0x00) | tot_n=3447 tot_to=0 maxever=49447 >2ms=3447 >5ms=3447 >15ms=429 >20ms=49 >30ms=8 | probes=3448 wrfail=0 down=4s maxout=4s
  64.039  RPT pe: events=267 mean=0.98 mode=1 max=3 | 0:9 1:254 2:4
  64.039  t=61s RTT mean=12255 min=11665 max=26913 n=66 to=0 | cancels=0(+0/s) seqbad=0 len_bad=0 disc=0(0x00) | tot_n=3513 tot_to=0 maxever=49447 >2ms=3513 >5ms=3513 >15ms=431 >20ms=50 >30ms=8 | probes=3513 wrfail=0 down=4s maxout=4s
  64.092  t=62s RTT mean=12628 min=11911 max=26922 n=63 to=0 | cancels=0(+0/s) seqbad=0 len_bad=0 disc=0(0x00) | tot_n=3576 tot_to=0 maxever=49447 >2ms=3576 >5ms=3576 >15ms=436 >20ms=51 >30ms=8 | probes=3577 wrfail=0 down=4s maxout=4s
  66.042  RPT pe: events=267 mean=0.93 mode=1 max=3 | 0:20 1:244 2:3
  66.042  t=63s RTT mean=13664 min=11662 max=27171 n=60 to=0 | cancels=0(+0/s) seqbad=0 len_bad=0 disc=0(0x00) | tot_n=3636 tot_to=0 maxever=49447 >2ms=3636 >5ms=3636 >15ms=447 >20ms=54 >30ms=8 | probes=3637 wrfail=0 down=4s maxout=4s
  66.095  t=64s RTT mean=12500 min=11911 max=26914 n=64 to=0 | cancels=0(+0/s) seqbad=0 len_bad=0 disc=0(0x00) | tot_n=3700 tot_to=0 maxever=49447 >2ms=3700 >5ms=3700 >15ms=451 >20ms=55 >30ms=8 | probes=3701 wrfail=0 down=4s maxout=4s
  67.010  PCTL target=0 tot=3740 to=0 p50=11 p90=19 p99=26 p99.9=34 max=49 g30=8 g100=0 (ms/counts)
  67.010  LOADRAMP: target=25 KBps for 60s
  67.063  RPT pe: events=266 mean=1.31 mode=1 max=6 | 0:15 1:228 2:3 3:1 4:1 6:18
  67.064  t=65s RTT mean=14414 min=11665 max=40455 n=57 to=0 | cancels=0(+0/s) seqbad=0 len_bad=0 disc=0(0x00) | tot_n=3757 tot_to=0 maxever=49447 >2ms=3757 >5ms=3757 >15ms=463 >20ms=60 >30ms=9 | probes=3758 wrfail=0 down=4s maxout=4s
  69.019  t=66s RTT mean=15048 min=11912 max=44559 n=55 to=0 | cancels=0(+0/s) seqbad=0 len_bad=0 disc=0(0x00) | tot_n=3812 tot_to=0 maxever=49447 >2ms=3812 >5ms=3812 >15ms=474 >20ms=64 >30ms=13 | probes=3813 wrfail=0 down=4s maxout=4s
  69.072  RPT pe: events=267 mean=1.65 mode=1 max=6 | 0:14 1:210 2:4 3:2 4:1 5:2 6:34
  69.072  t=67s RTT mean=14239 min=5777 max=33208 n=58 to=0 | cancels=0(+0/s) seqbad=0 len_bad=0 disc=0(0x00) | tot_n=3870 tot_to=0 maxever=49447 >2ms=3870 >5ms=3870 >15ms=485 >20ms=70 >30ms=16 | probes=3871 wrfail=0 down=4s maxout=4s
  71.071  t=68s RTT mean=14411 min=11665 max=43355 n=57 to=0 | cancels=0(+0/s) seqbad=0 len_bad=0 disc=0(0x00) | tot_n=3927 tot_to=0 maxever=49447 >2ms=3927 >5ms=3927 >15ms=496 >20ms=75 >30ms=18 | probes=3928 wrfail=0 down=4s maxout=4s
  71.071  RPT pe: events=267 mean=1.64 mode=1 max=6 | 0:16 1:210 2:3 3:2 6:36
  71.071  t=69s RTT mean=14239 min=11665 max=44468 n=58 to=0 | cancels=0(+0/s) seqbad=0 len_bad=0 disc=0(0x00) | tot_n=3985 tot_to=0 maxever=49447 >2ms=3985 >5ms=3985 >15ms=505 >20ms=80 >30ms=20 | probes=3986 wrfail=0 down=4s maxout=4s
  73.027  t=70s RTT mean=14726 min=5777 max=35608 n=56 to=0 | cancels=0(+0/s) seqbad=0 len_bad=0 disc=0(0x00) | tot_n=4041 tot_to=0 maxever=49447 >2ms=4041 >5ms=4041 >15ms=519 >20ms=85 >30ms=24 | probes=4042 wrfail=0 down=4s maxout=4s
  73.027  RPT pe: events=266 mean=1.63 mode=1 max=6 | 0:17 1:208 2:2 3:1 4:3 5:1 6:34
  73.082  t=71s RTT mean=14112 min=11665 max=34410 n=58 to=0 | cancels=0(+0/s) seqbad=0 len_bad=0 disc=0(0x00) | tot_n=4099 tot_to=0 maxever=49447 >2ms=4099 >5ms=4099 >15ms=528 >20ms=90 >30ms=27 | probes=4100 wrfail=0 down=4s maxout=4s
  75.036  t=72s RTT mean=14731 min=11665 max=58030 n=56 to=0 | cancels=0(+0/s) seqbad=0 len_bad=0 disc=0(0x00) | tot_n=4155 tot_to=0 maxever=58030 >2ms=4155 >5ms=4155 >15ms=539 >20ms=96 >30ms=29 | probes=4156 wrfail=0 down=4s maxout=4s
  75.037  RPT pe: events=267 mean=1.59 mode=1 max=6 | 0:35 1:190 2:3 3:1 4:1 6:37
  75.087  t=73s RTT mean=17998 min=11911 max=71649 n=48 to=0 | cancels=0(+0/s) seqbad=0 len_bad=0 disc=0(0x00) | tot_n=4203 tot_to=0 maxever=71649 >2ms=4203 >5ms=4203 >15ms=555 >20ms=104 >30ms=34 | probes=4204 wrfail=0 down=4s maxout=4s
  77.032  t=74s RTT mean=14726 min=11665 max=41906 n=56 to=0 | cancels=0(+0/s) seqbad=0 len_bad=0 disc=0(0x00) | tot_n=4259 tot_to=0 maxever=71649 >2ms=4259 >5ms=4259 >15ms=567 >20ms=109 >30ms=36 | probes=4260 wrfail=0 down=4s maxout=4s
  77.032  RPT pe: events=267 mean=1.65 mode=1 max=6 | 0:19 1:202 2:6 3:3 5:3 6:34
  77.085  t=75s RTT mean=14241 min=11667 max=39196 n=58 to=0 | cancels=0(+0/s) seqbad=0 len_bad=0 disc=0(0x00) | tot_n=4317 tot_to=0 maxever=71649 >2ms=4317 >5ms=4317 >15ms=577 >20ms=114 >30ms=39 | probes=4317 wrfail=0 down=4s maxout=4s
  79.071  t=76s RTT mean=14282 min=11665 max=34410 n=57 to=0 | cancels=0(+0/s) seqbad=0 len_bad=0 disc=0(0x00) | tot_n=4374 tot_to=0 maxever=71649 >2ms=4374 >5ms=4374 >15ms=588 >20ms=118 >30ms=43 | probes=4375 wrfail=0 down=4s maxout=4s
  79.071  RPT pe: events=266 mean=1.66 mode=1 max=6 | 0:14 1:210 2:2 3:3 5:2 6:35
  79.071  t=77s RTT mean=13946 min=5777 max=34404 n=59 to=0 | cancels=0(+0/s) seqbad=0 len_bad=0 disc=0(0x00) | tot_n=4433 tot_to=0 maxever=71649 >2ms=4433 >5ms=4433 >15ms=598 >20ms=122 >30ms=47 | probes=4434 wrfail=0 down=4s maxout=4s
  81.028  t=78s RTT mean=14724 min=11911 max=66804 n=56 to=0 | cancels=0(+0/s) seqbad=0 len_bad=0 disc=0(0x00) | tot_n=4489 tot_to=0 maxever=71649 >2ms=4489 >5ms=4489 >15ms=608 >20ms=127 >30ms=49 | probes=4490 wrfail=0 down=4s maxout=4s
  81.082  RPT pe: events=267 mean=1.68 mode=1 max=6 | 0:8 1:213 2:5 3:6 4:1 6:34
  81.082  t=79s RTT mean=14112 min=11911 max=45499 n=58 to=0 | cancels=0(+0/s) seqbad=0 len_bad=0 disc=0(0x00) | tot_n=4547 tot_to=0 maxever=71649 >2ms=4547 >5ms=4547 >15ms=614 >20ms=132 >30ms=52 | probes=4548 wrfail=0 down=4s maxout=4s
  83.029  t=80s RTT mean=15186 min=11911 max=50861 n=55 to=0 | cancels=0(+0/s) seqbad=0 len_bad=0 disc=0(0x00) | tot_n=4602 tot_to=0 maxever=71649 >2ms=4602 >5ms=4602 >15ms=625 >20ms=138 >30ms=56 | probes=4603 wrfail=0 down=4s maxout=4s
  83.029  RPT pe: events=267 mean=1.63 mode=1 max=6 | 0:19 1:204 2:3 3:4 4:1 5:5 6:31
  83.084  t=81s RTT mean=15050 min=11911 max=50604 n=55 to=0 | cancels=0(+0/s) seqbad=0 len_bad=0 disc=0(0x00) | tot_n=4657 tot_to=0 maxever=71649 >2ms=4657 >5ms=4657 >15ms=636 >20ms=143 >30ms=60 | probes=4658 wrfail=0 down=4s maxout=4s
  85.073  t=82s RTT mean=14912 min=11911 max=39161 n=55 to=0 | cancels=0(+0/s) seqbad=0 len_bad=0 disc=0(0x00) | tot_n=4712 tot_to=0 maxever=71649 >2ms=4712 >5ms=4712 >15ms=649 >20ms=148 >30ms=64 | probes=4713 wrfail=0 down=4s maxout=4s
  85.073  RPT pe: events=266 mean=1.63 mode=1 max=6 | 0:21 1:201 2:4 3:3 4:1 5:2 6:34
  85.073  t=83s RTT mean=14412 min=5777 max=34416 n=57 to=0 | cancels=0(+0/s) seqbad=0 len_bad=0 disc=0(0x00) | tot_n=4769 tot_to=0 maxever=71649 >2ms=4769 >5ms=4769 >15ms=660 >20ms=154 >30ms=68 | probes=4770 wrfail=0 down=4s maxout=4s
  87.069  t=84s RTT mean=15457 min=11666 max=46699 n=55 to=0 | cancels=0(+0/s) seqbad=0 len_bad=0 disc=0(0x00) | tot_n=4824 tot_to=0 maxever=71649 >2ms=4824 >5ms=4824 >15ms=674 >20ms=159 >30ms=72 | probes=4824 wrfail=0 down=4s maxout=4s
  87.069  RPT pe: events=267 mean=1.62 mode=1 max=6 | 0:20 1:203 2:6 4:3 5:2 6:33
  87.069  t=85s RTT mean=13982 min=5777 max=35600 n=58 to=0 | cancels=0(+0/s) seqbad=0 len_bad=0 disc=0(0x00) | tot_n=4882 tot_to=0 maxever=71649 >2ms=4882 >5ms=4882 >15ms=683 >20ms=164 >30ms=76 | probes=4883 wrfail=0 down=4s maxout=4s
  89.020  t=86s RTT mean=15187 min=11912 max=42164 n=55 to=0 | cancels=0(+0/s) seqbad=0 len_bad=0 disc=0(0x00) | tot_n=4937 tot_to=0 maxever=71649 >2ms=4937 >5ms=4937 >15ms=697 >20ms=169 >30ms=80 | probes=4938 wrfail=0 down=4s maxout=4s
  89.075  RPT pe: events=267 mean=1.59 mode=1 max=6 | 0:30 1:196 2:2 3:1 4:2 5:2 6:34
  89.076  t=87s RTT mean=15523 min=11662 max=44467 n=54 to=0 | cancels=0(+0/s) seqbad=0 len_bad=0 disc=0(0x00) | tot_n=4991 tot_to=0 maxever=71649 >2ms=4991 >5ms=4991 >15ms=711 >20ms=174 >30ms=84 | probes=4991 wrfail=0 down=4s maxout=4s
  91.080  t=88s RTT mean=15050 min=11666 max=49402 n=55 to=0 | cancels=0(+0/s) seqbad=0 len_bad=0 disc=0(0x00) | tot_n=5046 tot_to=0 maxever=71649 >2ms=5046 >5ms=5046 >15ms=724 >20ms=180 >30ms=87 | probes=5047 wrfail=0 down=4s maxout=4s
  91.080  RPT pe: events=267 mean=1.61 mode=1 max=6 | 0:27 1:196 2:4 3:3 4:2 6:35
  91.080  t=89s RTT mean=15386 min=11911 max=38314 n=54 to=0 | cancels=0(+0/s) seqbad=0 len_bad=0 disc=0(0x00) | tot_n=5100 tot_to=0 maxever=71649 >2ms=5100 >5ms=5100 >15ms=740 >20ms=186 >30ms=90 | probes=5101 wrfail=0 down=4s maxout=4s
  93.030  t=90s RTT mean=14545 min=11665 max=45815 n=57 to=0 | cancels=0(+0/s) seqbad=0 len_bad=0 disc=0(0x00) | tot_n=5157 tot_to=0 maxever=71649 >2ms=5157 >5ms=5157 >15ms=752 >20ms=190 >30ms=93 | probes=5158 wrfail=0 down=4s maxout=4s
  93.030  RPT pe: events=266 mean=1.66 mode=1 max=6 | 0:11 1:211 2:3 3:4 4:3 5:2 6:32
  93.085  t=91s RTT mean=14913 min=11910 max=40808 n=55 to=0 | cancels=0(+0/s) seqbad=0 len_bad=0 disc=0(0x00) | tot_n=5212 tot_to=0 maxever=71649 >2ms=5212 >5ms=5212 >15ms=761 >20ms=197 >30ms=98 | probes=5213 wrfail=0 down=4s maxout=4s
  95.039  t=92s RTT mean=15323 min=5776 max=54198 n=55 to=0 | cancels=0(+0/s) seqbad=0 len_bad=0 disc=0(0x00) | tot_n=5267 tot_to=0 maxever=71649 >2ms=5267 >5ms=5267 >15ms=774 >20ms=202 >30ms=102 | probes=5267 wrfail=0 down=4s maxout=4s
  95.040  RPT pe: events=267 mean=1.61 mode=1 max=6 | 0:22 1:196 2:8 3:8 4:1 5:2 6:30
  95.092  t=93s RTT mean=15247 min=11911 max=54450 n=54 to=0 | cancels=0(+0/s) seqbad=0 len_bad=0 disc=0(0x00) | tot_n=5321 tot_to=0 maxever=71649 >2ms=5321 >5ms=5321 >15ms=782 >20ms=207 >30ms=107 | probes=5322 wrfail=0 down=4s maxout=4s
  97.067  t=94s RTT mean=15387 min=5776 max=41905 n=54 to=0 | cancels=0(+0/s) seqbad=0 len_bad=0 disc=0(0x00) | tot_n=5375 tot_to=0 maxever=71649 >2ms=5375 >5ms=5375 >15ms=796 >20ms=213 >30ms=111 | probes=5376 wrfail=0 down=4s maxout=4s
  97.067  RPT pe: events=267 mean=1.60 mode=1 max=6 | 0:25 1:198 2:4 3:2 4:5 5:1 6:32
  97.067  t=95s RTT mean=14858 min=11911 max=64411 n=56 to=0 | cancels=0(+0/s) seqbad=0 len_bad=0 disc=0(0x00) | tot_n=5431 tot_to=0 maxever=71649 >2ms=5431 >5ms=5431 >15ms=807 >20ms=218 >30ms=113 | probes=5432 wrfail=0 down=4s maxout=4s
  99.044  t=96s RTT mean=13819 min=11665 max=32260 n=59 to=0 | cancels=0(+0/s) seqbad=0 len_bad=0 disc=0(0x00) | tot_n=5490 tot_to=0 maxever=71649 >2ms=5490 >5ms=5490 >15ms=815 >20ms=223 >30ms=116 | probes=5491 wrfail=0 down=4s maxout=4s
  99.044  RPT pe: events=266 mean=1.69 mode=1 max=7 | 0:7 1:216 2:3 3:1 4:3 5:2 6:33 7:1
  99.100  t=97s RTT mean=13820 min=11911 max=30814 n=59 to=0 | cancels=0(+0/s) seqbad=0 len_bad=0 disc=0(0x00) | tot_n=5549 tot_to=0 maxever=71649 >2ms=5549 >5ms=5549 >15ms=824 >20ms=228 >30ms=119 | probes=5550 wrfail=0 down=4s maxout=4s
 101.075  t=98s RTT mean=13507 min=11665 max=34310 n=61 to=0 | cancels=0(+0/s) seqbad=0 len_bad=0 disc=0(0x00) | tot_n=5610 tot_to=0 maxever=71649 >2ms=5610 >5ms=5610 >15ms=831 >20ms=233 >30ms=120 | probes=5610 wrfail=0 down=4s maxout=4s
 101.075  RPT pe: events=267 mean=1.68 mode=1 max=7 | 0:8 1:217 2:4 5:2 6:36
 101.075  t=99s RTT mean=13981 min=11911 max=47956 n=58 to=0 | cancels=0(+0/s) seqbad=0 len_bad=0 disc=0(0x00) | tot_n=5668 tot_to=0 maxever=71649 >2ms=5668 >5ms=5668 >15ms=837 >20ms=238 >30ms=123 | probes=5669 wrfail=0 down=4s maxout=4s
 103.047  t=100s RTT mean=13946 min=11665 max=39420 n=59 to=0 | cancels=0(+0/s) seqbad=0 len_bad=0 disc=0(0x00) | tot_n=5727 tot_to=0 maxever=71649 >2ms=5727 >5ms=5727 >15ms=846 >20ms=242 >30ms=125 | probes=5728 wrfail=0 down=4s maxout=4s
 103.047  RPT pe: events=267 mean=1.65 mode=1 max=7 | 0:14 1:207 2:6 3:3 4:3 5:1 6:33
 103.102  t=101s RTT mean=15050 min=11911 max=45754 n=55 to=0 | cancels=0(+0/s) seqbad=0 len_bad=0 disc=0(0x00) | tot_n=5782 tot_to=0 maxever=71649 >2ms=5782 >5ms=5782 >15ms=858 >20ms=249 >30ms=128 | probes=5783 wrfail=0 down=4s maxout=4s
 105.081  t=102s RTT mean=15050 min=11674 max=42164 n=55 to=0 | cancels=0(+0/s) seqbad=0 len_bad=0 disc=0(0x00) | tot_n=5837 tot_to=0 maxever=71649 >2ms=5837 >5ms=5837 >15ms=869 >20ms=254 >30ms=133 | probes=5838 wrfail=0 down=4s maxout=4s
 105.081  RPT pe: events=266 mean=1.65 mode=1 max=7 | 0:19 1:202 2:7 3:1 4:1 6:36
 105.081  t=103s RTT mean=14371 min=11665 max=41910 n=58 to=0 | cancels=0(+0/s) seqbad=0 len_bad=0 disc=0(0x00) | tot_n=5895 tot_to=0 maxever=71649 >2ms=5895 >5ms=5895 >15ms=879 >20ms=259 >30ms=135 | probes=5895 wrfail=0 down=4s maxout=4s
 107.050  t=104s RTT mean=14591 min=11723 max=35609 n=56 to=0 | cancels=0(+0/s) seqbad=0 len_bad=0 disc=0(0x00) | tot_n=5951 tot_to=0 maxever=71649 >2ms=5951 >5ms=5951 >15ms=892 >20ms=265 >30ms=137 | probes=5952 wrfail=0 down=4s maxout=4s
 107.050  RPT pe: events=267 mean=1.65 mode=1 max=7 | 0:16 1:209 2:2 3:2 4:2 5:1 6:35
 107.050  t=105s RTT mean=14412 min=11665 max=40620 n=57 to=0 | cancels=0(+0/s) seqbad=0 len_bad=0 disc=0(0x00) | tot_n=6008 tot_to=0 maxever=71649 >2ms=6008 >5ms=6008 >15ms=902 >20ms=270 >30ms=140 | probes=6009 wrfail=0 down=4s maxout=4s
 109.031  t=106s RTT mean=14073 min=5777 max=41657 n=59 to=0 | cancels=0(+0/s) seqbad=0 len_bad=0 disc=0(0x00) | tot_n=6067 tot_to=0 maxever=71649 >2ms=6067 >5ms=6067 >15ms=913 >20ms=274 >30ms=142 | probes=6067 wrfail=0 down=4s maxout=4s
 109.031  RPT pe: events=267 mean=1.68 mode=1 max=7 | 0:11 1:213 2:4 3:1 4:1 5:1 6:36
 109.086  t=107s RTT mean=13690 min=11665 max=44616 n=59 to=0 | cancels=0(+0/s) seqbad=0 len_bad=0 disc=0(0x00) | tot_n=6126 tot_to=0 maxever=71649 >2ms=6126 >5ms=6126 >15ms=920 >20ms=278 >30ms=143 | probes=6127 wrfail=0 down=4s maxout=4s
 111.061  t=108s RTT mean=14242 min=11665 max=41911 n=58 to=0 | cancels=0(+0/s) seqbad=0 len_bad=0 disc=0(0x00) | tot_n=6184 tot_to=0 maxever=71649 >2ms=6184 >5ms=6184 >15ms=929 >20ms=283 >30ms=146 | probes=6185 wrfail=0 down=4s maxout=4s
 111.061  RPT pe: events=266 mean=1.65 mode=1 max=7 | 0:17 1:204 2:6 3:1 4:2 5:3 6:33
 111.061  t=109s RTT mean=14413 min=11665 max=38060 n=57 to=0 | cancels=0(+0/s) seqbad=0 len_bad=0 disc=0(0x00) | tot_n=6241 tot_to=0 maxever=71649 >2ms=6241 >5ms=6241 >15ms=940 >20ms=287 >30ms=149 | probes=6242 wrfail=0 down=4s maxout=4s
 113.038  t=110s RTT mean=13414 min=11911 max=30494 n=60 to=0 | cancels=0(+0/s) seqbad=0 len_bad=0 disc=0(0x00) | tot_n=6301 tot_to=0 maxever=71649 >2ms=6301 >5ms=6301 >15ms=947 >20ms=292 >30ms=150 | probes=6302 wrfail=0 down=4s maxout=4s
 113.038  RPT pe: events=267 mean=1.66 mode=1 max=7 | 0:8 1:220 3:1 4:3 5:1 6:34
 113.092  t=111s RTT mean=13787 min=11911 max=40452 n=60 to=0 | cancels=0(+0/s) seqbad=0 len_bad=0 disc=0(0x00) | tot_n=6361 tot_to=0 maxever=71649 >2ms=6361 >5ms=6361 >15ms=956 >20ms=296 >30ms=151 | probes=6362 wrfail=0 down=4s maxout=4s
 115.067  t=112s RTT mean=13948 min=5777 max=45809 n=59 to=0 | cancels=0(+0/s) seqbad=0 len_bad=0 disc=0(0x00) | tot_n=6420 tot_to=0 maxever=71649 >2ms=6420 >5ms=6420 >15ms=963 >20ms=301 >30ms=154 | probes=6420 wrfail=0 down=4s maxout=4s
 115.067  RPT pe: events=267 mean=1.65 mode=1 max=7 | 0:11 1:216 2:1 3:1 4:3 5:2 6:33
 115.067  t=113s RTT mean=13819 min=5776 max=34156 n=59 to=0 | cancels=0(+0/s) seqbad=0 len_bad=0 disc=0(0x00) | tot_n=6479 tot_to=0 maxever=71649 >2ms=6479 >5ms=6479 >15ms=972 >20ms=307 >30ms=155 | probes=6480 wrfail=0 down=4s maxout=4s
 117.041  t=114s RTT mean=14407 min=11911 max=49304 n=57 to=0 | cancels=0(+0/s) seqbad=0 len_bad=0 disc=0(0x00) | tot_n=6536 tot_to=0 maxever=71649 >2ms=6536 >5ms=6536 >15ms=983 >20ms=312 >30ms=156 | probes=6537 wrfail=0 down=4s maxout=4s
 117.042  RPT pe: events=267 mean=1.65 mode=1 max=7 | 0:14 1:210 2:4 3:1 4:3 5:1 6:34
 117.097  t=115s RTT mean=14726 min=5772 max=56911 n=56 to=0 | cancels=0(+0/s) seqbad=0 len_bad=0 disc=0(0x00) | tot_n=6592 tot_to=0 maxever=71649 >2ms=6592 >5ms=6592 >15ms=992 >20ms=317 >30ms=159 | probes=6593 wrfail=0 down=4s maxout=4s
 119.064  t=116s RTT mean=14412 min=5777 max=34414 n=57 to=0 | cancels=0(+0/s) seqbad=0 len_bad=0 disc=0(0x00) | tot_n=6649 tot_to=0 maxever=71649 >2ms=6649 >5ms=6649 >15ms=1005 >20ms=322 >30ms=161 | probes=6650 wrfail=0 down=4s maxout=4s
 119.064  RPT pe: events=266 mean=1.63 mode=1 max=7 | 0:21 1:204 2:1 3:2 4:2 6:36
 119.064  t=117s RTT mean=14860 min=11912 max=49404 n=56 to=0 | cancels=0(+0/s) seqbad=0 len_bad=0 disc=0(0x00) | tot_n=6705 tot_to=0 maxever=71649 >2ms=6705 >5ms=6705 >15ms=1013 >20ms=329 >30ms=167 | probes=6706 wrfail=0 down=4s maxout=4s
 121.036  t=118s RTT mean=15189 min=11665 max=64410 n=55 to=0 | cancels=0(+0/s) seqbad=0 len_bad=0 disc=0(0x00) | tot_n=6760 tot_to=0 maxever=71649 >2ms=6760 >5ms=6760 >15ms=1024 >20ms=334 >30ms=171 | probes=6760 wrfail=0 down=4s maxout=4s
 121.037  RPT pe: events=267 mean=1.61 mode=1 max=7 | 0:23 1:200 2:5 3:1 4:4 5:2 6:32
 121.092  t=119s RTT mean=15237 min=11692 max=56813 n=54 to=0 | cancels=0(+0/s) seqbad=0 len_bad=0 disc=0(0x00) | tot_n=6814 tot_to=0 maxever=71649 >2ms=6814 >5ms=6814 >15ms=1037 >20ms=339 >30ms=174 | probes=6815 wrfail=0 down=4s maxout=4s
 123.087  t=120s RTT mean=14857 min=11665 max=40616 n=56 to=0 | cancels=0(+0/s) seqbad=0 len_bad=0 disc=0(0x00) | tot_n=6870 tot_to=0 maxever=71649 >2ms=6870 >5ms=6870 >15ms=1051 >20ms=344 >30ms=177 | probes=6871 wrfail=0 down=4s maxout=4s
 123.088  RPT pe: events=267 mean=1.64 mode=1 max=7 | 0:17 1:208 2:4 3:1 5:1 6:36
 123.088  t=121s RTT mean=14239 min=5777 max=39512 n=58 to=0 | cancels=0(+0/s) seqbad=0 len_bad=0 disc=0(0x00) | tot_n=6928 tot_to=0 maxever=71649 >2ms=6928 >5ms=6928 >15ms=1061 >20ms=349 >30ms=179 | probes=6928 wrfail=0 down=4s maxout=4s
 125.040  t=122s RTT mean=13982 min=5778 max=39516 n=58 to=0 | cancels=0(+0/s) seqbad=0 len_bad=0 disc=0(0x00) | tot_n=6986 tot_to=0 maxever=71649 >2ms=6986 >5ms=6986 >15ms=1069 >20ms=355 >30ms=182 | probes=6987 wrfail=0 down=4s maxout=4s
 125.040  RPT pe: events=266 mean=1.65 mode=1 max=7 | 0:11 1:215 2:2 3:1 4:1 5:1 6:35
 125.094  t=123s RTT mean=14110 min=11911 max=39362 n=58 to=0 | cancels=0(+0/s) seqbad=0 len_bad=0 disc=0(0x00) | tot_n=7044 tot_to=0 maxever=71649 >2ms=7044 >5ms=7044 >15ms=1078 >20ms=360 >30ms=185 | probes=7045 wrfail=0 down=4s maxout=4s
 127.036  t=124s RTT mean=14994 min=11911 max=46953 n=56 to=0 | cancels=0(+0/s) seqbad=0 len_bad=0 disc=0(0x00) | tot_n=7100 tot_to=0 maxever=71649 >2ms=7100 >5ms=7100 >15ms=1091 >20ms=366 >30ms=187 | probes=7101 wrfail=0 down=4s maxout=4s
 127.091  PCTL target=25 tot=3399 to=0 p50=11 p90=19 p99=42 p99.9=58 max=71 g30=179 g100=0 (ms/counts)
 127.091  LOADRAMP: target=50 KBps for 60s
 127.091  RPT pe: events=266 mean=1.75 mode=1 max=7 | 0:20 1:193 2:6 3:4 4:4 5:1 6:38
 127.091  t=125s RTT mean=16056 min=11912 max=60817 n=51 to=0 | cancels=0(+0/s) seqbad=0 len_bad=0 disc=0(0x00) | tot_n=7151 tot_to=0 maxever=71649 >2ms=7151 >5ms=7151 >15ms=1102 >20ms=372 >30ms=192 | probes=7152 wrfail=0 down=4s maxout=4s
 129.039  t=126s RTT mean=15496 min=10636 max=45494 n=53 to=0 | cancels=0(+0/s) seqbad=0 len_bad=0 disc=0(0x00) | tot_n=7204 tot_to=0 maxever=71649 >2ms=7204 >5ms=7204 >15ms=1113 >20ms=382 >30ms=196 | probes=7205 wrfail=0 down=4s maxout=4s
 129.039  RPT pe: events=267 mean=2.42 mode=1 max=7 | 0:12 1:168 2:3 3:3 4:10 5:1 6:70
 129.095  t=127s RTT mean=16382 min=9437 max=47012 n=52 to=0 | cancels=0(+0/s) seqbad=0 len_bad=0 disc=0(0x00) | tot_n=7256 tot_to=0 maxever=71649 >2ms=7256 >5ms=7256 >15ms=1126 >20ms=391 >30ms=201 | probes=7257 wrfail=0 down=4s maxout=4s
 131.054  t=128s RTT mean=16151 min=7042 max=42920 n=53 to=0 | cancels=0(+0/s) seqbad=0 len_bad=0 disc=0(0x00) | tot_n=7309 tot_to=0 maxever=71649 >2ms=7309 >5ms=7309 >15ms=1139 >20ms=401 >30ms=207 | probes=7310 wrfail=0 down=4s maxout=4s
 131.054  RPT pe: events=266 mean=2.28 mode=1 max=7 | 0:24 1:160 2:7 3:1 4:3 5:8 6:63
 131.109  t=129s RTT mean=18107 min=10886 max=50605 n=47 to=0 | cancels=0(+0/s) seqbad=0 len_bad=0 disc=0(0x00) | tot_n=7356 tot_to=0 maxever=71649 >2ms=7356 >5ms=7356 >15ms=1159 >20ms=409 >30ms=212 | probes=7357 wrfail=0 down=4s maxout=4s
 133.044  t=130s RTT mean=16561 min=11667 max=47956 n=50 to=0 | cancels=0(+0/s) seqbad=0 len_bad=0 disc=0(0x00) | tot_n=7406 tot_to=0 maxever=71649 >2ms=7406 >5ms=7406 >15ms=1172 >20ms=419 >30ms=219 | probes=7407 wrfail=0 down=4s maxout=4s
 133.044  RPT pe: events=268 mean=2.41 mode=1 max=7 | 0:12 1:164 2:11 3:3 4:3 5:9 6:66
 133.099  t=131s RTT mean=15330 min=5528 max=36706 n=53 to=0 | cancels=0(+0/s) seqbad=0 len_bad=0 disc=0(0x00) | tot_n=7459 tot_to=0 maxever=71649 >2ms=7459 >5ms=7459 >15ms=1184 >20ms=428 >30ms=223 | probes=7460 wrfail=0 down=4s maxout=4s
 135.052  t=132s RTT mean=16909 min=11910 max=54162 n=52 to=0 | cancels=0(+0/s) seqbad=0 len_bad=0 disc=0(0x00) | tot_n=7511 tot_to=0 maxever=71649 >2ms=7511 >5ms=7511 >15ms=1198 >20ms=439 >30ms=230 | probes=7512 wrfail=0 down=4s maxout=4s
 135.052  RPT pe: events=267 mean=2.19 mode=1 max=7 | 0:29 1:164 2:2 3:3 4:1 5:2 6:66
 135.108  t=133s RTT mean=17313 min=10886 max=57163 n=49 to=0 | cancels=0(+0/s) seqbad=0 len_bad=0 disc=0(0x00) | tot_n=7560 tot_to=0 maxever=71649 >2ms=7560 >5ms=7560 >15ms=1214 >20ms=447 >30ms=236 | probes=7561 wrfail=0 down=4s maxout=4s
 137.052  t=134s RTT mean=19293 min=9432 max=40616 n=44 to=0 | cancels=0(+0/s) seqbad=0 len_bad=0 disc=0(0x00) | tot_n=7604 tot_to=0 maxever=71649 >2ms=7604 >5ms=7604 >15ms=1236 >20ms=460 >30ms=243 | probes=7605 wrfail=0 down=4s maxout=4s
 137.052  RPT pe: events=266 mean=2.44 mode=1 max=7 | 0:27 1:143 2:13 3:2 4:4 5:2 6:75
 137.107  t=135s RTT mean=15781 min=11665 max=44623 n=53 to=0 | cancels=0(+0/s) seqbad=0 len_bad=0 disc=0(0x00) | tot_n=7657 tot_to=0 maxever=71649 >2ms=7657 >5ms=7657 >15ms=1247 >20ms=469 >30ms=248 | probes=7658 wrfail=0 down=4s maxout=4s
 139.045  t=136s RTT mean=17463 min=3380 max=52119 n=50 to=0 | cancels=0(+0/s) seqbad=0 len_bad=0 disc=0(0x00) | tot_n=7707 tot_to=0 maxever=71649 >2ms=7707 >5ms=7706 >15ms=1263 >20ms=479 >30ms=255 | probes=7708 wrfail=0 down=4s maxout=4s
 139.045  RPT pe: events=266 mean=2.28 mode=1 max=7 | 0:26 1:158 2:6 3:4 4:2 5:3 6:67
 139.098  t=137s RTT mean=17541 min=11911 max=45754 n=47 to=0 | cancels=0(+0/s) seqbad=0 len_bad=0 disc=0(0x00) | tot_n=7754 tot_to=0 maxever=71649 >2ms=7754 >5ms=7753 >15ms=1280 >20ms=488 >30ms=261 | probes=7755 wrfail=0 down=4s maxout=4s
 141.063  t=138s RTT mean=17332 min=10886 max=47017 n=50 to=0 | cancels=0(+0/s) seqbad=0 len_bad=0 disc=0(0x00) | tot_n=7804 tot_to=0 maxever=71649 >2ms=7804 >5ms=7803 >15ms=1296 >20ms=497 >30ms=268 | probes=7805 wrfail=0 down=4s maxout=4s
 141.063  RPT pe: events=267 mean=2.35 mode=1 max=7 | 0:19 1:161 2:8 3:3 4:6 6:70
 141.118  t=139s RTT mean=16442 min=5778 max=41905 n=51 to=0 | cancels=0(+0/s) seqbad=0 len_bad=0 disc=0(0x00) | tot_n=7855 tot_to=0 maxever=71649 >2ms=7855 >5ms=7854 >15ms=1309 >20ms=506 >30ms=275 | probes=7856 wrfail=0 down=4s maxout=4s
 143.074  t=140s RTT mean=16858 min=5777 max=79412 n=50 to=0 | cancels=0(+0/s) seqbad=0 len_bad=0 disc=0(0x00) | tot_n=7905 tot_to=0 maxever=79412 >2ms=7905 >5ms=7904 >15ms=1322 >20ms=514 >30ms=281 | probes=7906 wrfail=0 down=4s maxout=4s
 143.074  RPT pe: events=267 mean=2.41 mode=1 max=7 | 0:17 1:159 2:9 3:6 4:1 5:5 6:70
 143.074  t=141s RTT mean=17242 min=8240 max=44622 n=49 to=0 | cancels=0(+0/s) seqbad=0 len_bad=0 disc=0(0x00) | tot_n=7954 tot_to=0 maxever=79412 >2ms=7954 >5ms=7953 >15ms=1336 >20ms=524 >30ms=289 | probes=7955 wrfail=0 down=4s maxout=4s
 145.069  t=142s RTT mean=15929 min=8240 max=56911 n=52 to=0 | cancels=0(+0/s) seqbad=0 len_bad=0 disc=0(0x00) | tot_n=8006 tot_to=0 maxever=79412 >2ms=8006 >5ms=8005 >15ms=1346 >20ms=534 >30ms=294 | probes=8007 wrfail=0 down=4s maxout=4s
 145.069  RPT pe: events=266 mean=2.44 mode=1 max=7 | 0:19 1:152 2:13 3:4 4:3 5:1 6:74
 145.069  t=143s RTT mean=16373 min=5778 max=36805 n=52 to=0 | cancels=0(+0/s) seqbad=0 len_bad=0 disc=0(0x00) | tot_n=8058 tot_to=0 maxever=79412 >2ms=8058 >5ms=8057 >15ms=1362 >20ms=544 >30ms=300 | probes=8059 wrfail=0 down=4s maxout=4s
 147.072  t=144s RTT mean=16321 min=3391 max=49338 n=51 to=0 | cancels=0(+0/s) seqbad=0 len_bad=0 disc=0(0x00) | tot_n=8109 tot_to=0 maxever=79412 >2ms=8109 >5ms=8107 >15ms=1377 >20ms=553 >30ms=303 | probes=8110 wrfail=0 down=4s maxout=4s
 147.072  RPT pe: events=267 mean=2.34 mode=1 max=7 | 0:17 1:168 2:6 3:2 4:1 5:2 6:71
 147.072  t=145s RTT mean=16289 min=11666 max=35603 n=52 to=0 | cancels=0(+0/s) seqbad=0 len_bad=0 disc=0(0x00) | tot_n=8161 tot_to=0 maxever=79412 >2ms=8161 >5ms=8159 >15ms=1393 >20ms=564 >30ms=308 | probes=8162 wrfail=0 down=4s maxout=4s
 149.080  t=146s RTT mean=15472 min=5777 max=40457 n=53 to=0 | cancels=0(+0/s) seqbad=0 len_bad=0 disc=0(0x00) | tot_n=8214 tot_to=0 maxever=79412 >2ms=8214 >5ms=8212 >15ms=1406 >20ms=572 >30ms=313 | probes=8215 wrfail=0 down=4s maxout=4s
 149.080  RPT pe: events=267 mean=2.27 mode=1 max=7 | 0:16 1:174 2:3 3:4 4:1 5:2 6:67
 149.080  t=147s RTT mean=16496 min=11912 max=50599 n=52 to=0 | cancels=0(+0/s) seqbad=0 len_bad=0 disc=0(0x00) | tot_n=8266 tot_to=0 maxever=79412 >2ms=8266 >5ms=8264 >15ms=1419 >20ms=581 >30ms=317 | probes=8267 wrfail=0 down=4s maxout=4s
 151.042  t=148s RTT mean=16503 min=7043 max=49406 n=50 to=0 | cancels=0(+0/s) seqbad=0 len_bad=0 disc=0(0x00) | tot_n=8316 tot_to=0 maxever=79412 >2ms=8316 >5ms=8314 >15ms=1429 >20ms=589 >30ms=323 | probes=8317 wrfail=0 down=4s maxout=4s
 151.042  RPT pe: events=266 mean=2.40 mode=1 max=7 | 0:18 1:162 2:6 3:1 4:5 5:2 6:72
 151.097  t=149s RTT mean=18061 min=7040 max=56915 n=49 to=0 | cancels=0(+0/s) seqbad=0 len_bad=0 disc=0(0x00) | tot_n=8365 tot_to=0 maxever=79412 >2ms=8365 >5ms=8363 >15ms=1444 >20ms=601 >30ms=330 | probes=8366 wrfail=0 down=4s maxout=4s
 153.050  t=150s RTT mean=15774 min=9440 max=38255 n=53 to=0 | cancels=0(+0/s) seqbad=0 len_bad=0 disc=0(0x00) | tot_n=8418 tot_to=0 maxever=79412 >2ms=8418 >5ms=8416 >15ms=1457 >20ms=610 >30ms=335 | probes=8419 wrfail=0 down=4s maxout=4s
 153.050  RPT pe: events=268 mean=2.35 mode=1 max=7 | 0:15 1:173 2:4 4:2 5:1 6:73
 153.105  t=151s RTT mean=15518 min=5760 max=39512 n=52 to=0 | cancels=0(+0/s) seqbad=0 len_bad=0 disc=0(0x00) | tot_n=8470 tot_to=0 maxever=79412 >2ms=8470 >5ms=8468 >15ms=1469 >20ms=618 >30ms=340 | probes=8471 wrfail=0 down=4s maxout=4s
 155.052  t=152s RTT mean=17236 min=5778 max=49408 n=50 to=0 | cancels=0(+0/s) seqbad=0 len_bad=0 disc=0(0x00) | tot_n=8520 tot_to=0 maxever=79412 >2ms=8520 >5ms=8518 >15ms=1483 >20ms=628 >30ms=349 | probes=8521 wrfail=0 down=4s maxout=4s
 155.052  RPT pe: events=266 mean=2.37 mode=1 max=7 | 0:20 1:161 2:7 3:2 4:2 6:74
 155.107  t=153s RTT mean=16554 min=10886 max=49081 n=52 to=0 | cancels=0(+0/s) seqbad=0 len_bad=0 disc=0(0x00) | tot_n=8572 tot_to=0 maxever=79412 >2ms=8572 >5ms=8570 >15ms=1495 >20ms=638 >30ms=357 | probes=8573 wrfail=0 down=4s maxout=4s
 157.072  t=154s RTT mean=15328 min=5847 max=46663 n=53 to=0 | cancels=0(+0/s) seqbad=0 len_bad=0 disc=0(0x00) | tot_n=8625 tot_to=0 maxever=79412 >2ms=8625 >5ms=8623 >15ms=1504 >20ms=646 >30ms=364 | probes=8626 wrfail=0 down=4s maxout=4s
 157.072  RPT pe: events=267 mean=2.38 mode=1 max=7 | 0:8 1:174 2:8 3:3 4:2 5:2 6:70
 157.072  t=155s RTT mean=15935 min=9437 max=41910 n=54 to=0 | cancels=0(+0/s) seqbad=0 len_bad=0 disc=0(0x00) | tot_n=8679 tot_to=0 maxever=79412 >2ms=8679 >5ms=8677 >15ms=1515 >20ms=656 >30ms=370 | probes=8679 wrfail=0 down=4s maxout=4s
 159.082  t=156s RTT mean=15612 min=9449 max=41909 n=52 to=0 | cancels=0(+0/s) seqbad=0 len_bad=0 disc=0(0x00) | tot_n=8731 tot_to=0 maxever=79412 >2ms=8731 >5ms=8729 >15ms=1527 >20ms=665 >30ms=375 | probes=8732 wrfail=0 down=4s maxout=4s
 159.082  RPT pe: events=266 mean=2.37 mode=1 max=7 | 0:14 1:170 2:3 3:3 4:4 5:2 6:70
 159.082  t=157s RTT mean=16299 min=8240 max=43107 n=53 to=0 | cancels=0(+0/s) seqbad=0 len_bad=0 disc=0(0x00) | tot_n=8784 tot_to=0 maxever=79412 >2ms=8784 >5ms=8782 >15ms=1540 >20ms=676 >30ms=379 | probes=8784 wrfail=0 down=4s maxout=4s
 161.042  t=158s RTT mean=15714 min=5777 max=44490 n=50 to=0 | cancels=0(+0/s) seqbad=0 len_bad=0 disc=0(0x00) | tot_n=8834 tot_to=0 maxever=79412 >2ms=8834 >5ms=8832 >15ms=1550 >20ms=683 >30ms=385 | probes=8835 wrfail=0 down=4s maxout=4s
 161.042  RPT pe: events=267 mean=2.32 mode=1 max=7 | 0:23 1:163 2:3 3:3 4:3 5:3 6:68 7:1
 161.098  t=159s RTT mean=18158 min=11911 max=71815 n=49 to=0 | cancels=0(+0/s) seqbad=0 len_bad=0 disc=0(0x00) | tot_n=8883 tot_to=0 maxever=79412 >2ms=8883 >5ms=8881 >15ms=1564 >20ms=693 >30ms=392 | probes=8884 wrfail=0 down=4s maxout=4s
 163.049  t=160s RTT mean=16733 min=9436 max=45557 n=51 to=0 | cancels=0(+0/s) seqbad=0 len_bad=0 disc=0(0x00) | tot_n=8934 tot_to=0 maxever=79412 >2ms=8934 >5ms=8932 >15ms=1577 >20ms=704 >30ms=399 | probes=8935 wrfail=0 down=4s maxout=4s
 163.049  RPT pe: events=267 mean=2.45 mode=1 max=7 | 0:14 1:167 2:3 3:2 4:3 5:3 6:75
 163.104  t=161s RTT mean=15999 min=5778 max=46897 n=52 to=0 | cancels=0(+0/s) seqbad=0 len_bad=0 disc=0(0x00) | tot_n=8986 tot_to=0 maxever=79412 >2ms=8986 >5ms=8984 >15ms=1589 >20ms=713 >30ms=405 | probes=8987 wrfail=0 down=4s maxout=4s
 165.048  t=162s RTT mean=16036 min=9452 max=41813 n=52 to=0 | cancels=0(+0/s) seqbad=0 len_bad=0 disc=0(0x00) | tot_n=9038 tot_to=0 maxever=79412 >2ms=9038 >5ms=9036 >15ms=1600 >20ms=721 >30ms=412 | probes=9039 wrfail=0 down=4s maxout=4s
 165.048  RPT pe: events=266 mean=2.33 mode=1 max=7 | 0:14 1:170 2:5 3:3 4:4 5:5 6:65
 165.103  t=163s RTT mean=16543 min=10886 max=41906 n=51 to=0 | cancels=0(+0/s) seqbad=0 len_bad=0 disc=0(0x00) | tot_n=9089 tot_to=0 maxever=79412 >2ms=9089 >5ms=9087 >15ms=1615 >20ms=731 >30ms=416 | probes=9090 wrfail=0 down=4s maxout=4s
 167.059  t=164s RTT mean=15800 min=10891 max=48116 n=54 to=0 | cancels=0(+0/s) seqbad=0 len_bad=0 disc=0(0x00) | tot_n=9143 tot_to=0 maxever=79412 >2ms=9143 >5ms=9141 >15ms=1626 >20ms=740 >30ms=421 | probes=9143 wrfail=0 down=4s maxout=4s
 167.059  RPT pe: events=267 mean=2.24 mode=1 max=7 | 0:21 1:167 2:7 3:1 4:4 5:2 6:65
 167.113  t=165s RTT mean=17899 min=9436 max=54169 n=47 to=0 | cancels=0(+0/s) seqbad=0 len_bad=0 disc=0(0x00) | tot_n=9190 tot_to=0 maxever=79412 >2ms=9190 >5ms=9188 >15ms=1642 >20ms=750 >30ms=427 | probes=9191 wrfail=0 down=4s maxout=4s
 169.061  t=166s RTT mean=15876 min=8240 max=47955 n=53 to=0 | cancels=0(+0/s) seqbad=0 len_bad=0 disc=0(0x00) | tot_n=9243 tot_to=0 maxever=79412 >2ms=9243 >5ms=9241 >15ms=1653 >20ms=760 >30ms=431 | probes=9244 wrfail=0 down=4s maxout=4s
 169.061  RPT pe: events=267 mean=2.43 mode=1 max=7 | 0:6 1:178 2:1 3:5 4:2 5:2 6:73
 169.061  t=167s RTT mean=15333 min=5778 max=39517 n=54 to=0 | cancels=0(+0/s) seqbad=0 len_bad=0 disc=0(0x00) | tot_n=9297 tot_to=0 maxever=79412 >2ms=9297 >5ms=9295 >15ms=1664 >20ms=769 >30ms=436 | probes=9298 wrfail=0 down=4s maxout=4s
 171.059  t=168s RTT mean=16510 min=11911 max=56813 n=50 to=0 | cancels=0(+0/s) seqbad=0 len_bad=0 disc=0(0x00) | tot_n=9347 tot_to=0 maxever=79412 >2ms=9347 >5ms=9345 >15ms=1679 >20ms=778 >30ms=440 | probes=9348 wrfail=0 down=4s maxout=4s
 171.059  RPT pe: events=266 mean=2.26 mode=1 max=7 | 0:19 1:170 2:5 3:1 4:3 5:1 6:67
 171.114  t=169s RTT mean=16497 min=6925 max=49316 n=52 to=0 | cancels=0(+0/s) seqbad=0 len_bad=0 disc=0(0x00) | tot_n=9399 tot_to=0 maxever=79412 >2ms=9399 >5ms=9397 >15ms=1690 >20ms=787 >30ms=448 | probes=9400 wrfail=0 down=4s maxout=4s
 173.059  t=170s RTT mean=16661 min=10887 max=37122 n=51 to=0 | cancels=0(+0/s) seqbad=0 len_bad=0 disc=0(0x00) | tot_n=9450 tot_to=0 maxever=79412 >2ms=9450 >5ms=9448 >15ms=1704 >20ms=797 >30ms=455 | probes=9451 wrfail=0 down=4s maxout=4s
 173.059  RPT pe: events=267 mean=2.39 mode=1 max=7 | 0:13 1:172 2:3 3:1 4:2 5:6 6:70
 173.111  t=171s RTT mean=15617 min=8241 max=58107 n=52 to=0 | cancels=0(+0/s) seqbad=0 len_bad=0 disc=0(0x00) | tot_n=9502 tot_to=0 maxever=79412 >2ms=9502 >5ms=9500 >15ms=1715 >20ms=805 >30ms=459 | probes=9503 wrfail=0 down=4s maxout=4s
 175.059  t=172s RTT mean=18638 min=10885 max=67058 n=47 to=0 | cancels=0(+0/s) seqbad=0 len_bad=0 disc=0(0x00) | tot_n=9549 tot_to=0 maxever=79412 >2ms=9549 >5ms=9547 >15ms=1731 >20ms=815 >30ms=467 | probes=9550 wrfail=0 down=4s maxout=4s
 175.059  RPT pe: events=267 mean=2.21 mode=1 max=7 | 0:37 1:142 2:15 3:5 4:1 5:2 6:64 7:1
 175.115  t=173s RTT mean=19803 min=3134 max=79151 n=44 to=0 | cancels=0(+0/s) seqbad=0 len_bad=0 disc=0(0x00) | tot_n=9593 tot_to=0 maxever=79412 >2ms=9593 >5ms=9590 >15ms=1747 >20ms=826 >30ms=473 | probes=9594 wrfail=0 down=4s maxout=4s
 177.050  t=174s RTT mean=19467 min=10637 max=68253 n=44 to=0 | cancels=0(+0/s) seqbad=0 len_bad=0 disc=0(0x00) | tot_n=9637 tot_to=0 maxever=79412 >2ms=9637 >5ms=9634 >15ms=1763 >20ms=837 >30ms=479 | probes=9638 wrfail=0 down=4s maxout=4s
 177.050  RPT pe: events=266 mean=2.38 mode=1 max=7 | 0:28 1:142 2:15 3:5 4:3 5:2 6:71
 177.105  t=175s RTT mean=17822 min=5776 max=45498 n=47 to=0 | cancels=0(+0/s) seqbad=0 len_bad=0 disc=0(0x00) | tot_n=9684 tot_to=0 maxever=79412 >2ms=9684 >5ms=9681 >15ms=1781 >20ms=847 >30ms=486 | probes=9685 wrfail=0 down=4s maxout=4s
 179.061  t=176s RTT mean=16789 min=3382 max=40708 n=51 to=0 | cancels=0(+0/s) seqbad=0 len_bad=0 disc=0(0x00) | tot_n=9735 tot_to=0 maxever=79412 >2ms=9735 >5ms=9731 >15ms=1799 >20ms=858 >30ms=492 | probes=9736 wrfail=0 down=4s maxout=4s
 179.061  RPT pe: events=267 mean=2.38 mode=1 max=7 | 0:15 1:166 2:6 3:6 5:4 6:70
 179.116  t=177s RTT mean=16261 min=11912 max=41911 n=52 to=0 | cancels=0(+0/s) seqbad=0 len_bad=0 disc=0(0x00) | tot_n=9787 tot_to=0 maxever=79412 >2ms=9787 >5ms=9783 >15ms=1813 >20ms=868 >30ms=498 | probes=9788 wrfail=0 down=4s maxout=4s
 181.068  t=178s RTT mean=18271 min=5778 max=58107 n=47 to=0 | cancels=0(+0/s) seqbad=0 len_bad=0 disc=0(0x00) | tot_n=9834 tot_to=0 maxever=79412 >2ms=9834 >5ms=9830 >15ms=1830 >20ms=876 >30ms=504 | probes=9835 wrfail=0 down=4s maxout=4s
 181.068  RPT pe: events=267 mean=2.31 mode=1 max=7 | 0:36 1:134 2:20 3:3 4:3 5:4 6:67
 181.069  t=179s RTT mean=16988 min=5777 max=43103 n=49 to=0 | cancels=0(+0/s) seqbad=0 len_bad=0 disc=0(0x00) | tot_n=9883 tot_to=0 maxever=79412 >2ms=9883 >5ms=9879 >15ms=1842 >20ms=886 >30ms=513 | probes=9884 wrfail=0 down=4s maxout=4s
 183.086  t=180s RTT mean=16709 min=8488 max=41906 n=50 to=0 | cancels=0(+0/s) seqbad=0 len_bad=0 disc=0(0x00) | tot_n=9933 tot_to=0 maxever=79412 >2ms=9933 >5ms=9929 >15ms=1858 >20ms=895 >30ms=519 | probes=9934 wrfail=0 down=4s maxout=4s
 183.086  RPT pe: events=267 mean=2.29 mode=1 max=7 | 0:19 1:166 2:8 3:2 4:3 5:1 6:68
 183.086  t=181s RTT mean=17203 min=9437 max=52058 n=51 to=0 | cancels=0(+0/s) seqbad=0 len_bad=0 disc=0(0x00) | tot_n=9984 tot_to=0 maxever=79412 >2ms=9984 >5ms=9980 >15ms=1872 >20ms=904 >30ms=526 | probes=9984 wrfail=0 down=4s maxout=4s
 185.085  t=182s RTT mean=17354 min=11911 max=41911 n=48 to=0 | cancels=0(+0/s) seqbad=0 len_bad=0 disc=0(0x00) | tot_n=10032 tot_to=0 maxever=79412 >2ms=10032 >5ms=10028 >15ms=1887 >20ms=915 >30ms=533 | probes=10033 wrfail=0 down=4s maxout=4s
 185.085  RPT pe: events=266 mean=2.49 mode=1 max=7 | 0:16 1:164 2:1 3:2 4:3 5:1 6:79
 185.085  t=183s RTT mean=15798 min=8240 max=41909 n=53 to=0 | cancels=0(+0/s) seqbad=0 len_bad=0 disc=0(0x00) | tot_n=10085 tot_to=0 maxever=79412 >2ms=10085 >5ms=10081 >15ms=1898 >20ms=925 >30ms=537 | probes=10086 wrfail=0 down=4s maxout=4s
 187.081  t=184s RTT mean=15595 min=5777 max=49406 n=54 to=0 | cancels=0(+0/s) seqbad=0 len_bad=0 disc=0(0x00) | tot_n=10139 tot_to=0 maxever=79412 >2ms=10139 >5ms=10135 >15ms=1910 >20ms=935 >30ms=541 | probes=10140 wrfail=0 down=4s maxout=4s
 187.081  PCTL target=50 tot=3039 to=0 p50=11 p90=31 p99=49 p99.9=68 max=79 g30=355 g100=0 (ms/counts)
 187.081  LOADRAMP: target=75 KBps for 60s
 187.081  RPT pe: events=267 mean=2.37 mode=1 max=7 | 0:11 1:174 2:4 3:2 4:4 5:1 6:71
 187.081  t=185s RTT mean=15732 min=5777 max=38002 n=53 to=0 | cancels=0(+0/s) seqbad=0 len_bad=0 disc=0(0x00) | tot_n=10192 tot_to=0 maxever=79412 >2ms=10192 >5ms=10188 >15ms=1922 >20ms=944 >30ms=548 | probes=10193 wrfail=0 down=4s maxout=4s
 189.040  t=186s RTT mean=18261 min=11665 max=37058 n=46 to=0 | cancels=0(+0/s) seqbad=0 len_bad=0 disc=0(0x00) | tot_n=10238 tot_to=0 maxever=79412 >2ms=10238 >5ms=10234 >15ms=1942 >20ms=958 >30ms=554 | probes=10239 wrfail=0 down=4s maxout=4s
 189.095  RPT pe: events=267 mean=3.07 mode=1 max=7 | 0:14 1:132 2:6 3:2 4:3 5:1 6:109
 189.095  t=187s RTT mean=17910 min=11911 max=41910 n=48 to=0 | cancels=0(+0/s) seqbad=0 len_bad=0 disc=0(0x00) | tot_n=10286 tot_to=0 maxever=79412 >2ms=10286 >5ms=10282 >15ms=1960 >20ms=972 >30ms=559 | probes=10287 wrfail=0 down=4s maxout=4s
 191.040  t=188s RTT mean=18266 min=5777 max=43103 n=47 to=0 | cancels=0(+0/s) seqbad=0 len_bad=0 disc=0(0x00) | tot_n=10333 tot_to=0 maxever=79412 >2ms=10333 >5ms=10329 >15ms=1974 >20ms=985 >30ms=569 | probes=10334 wrfail=0 down=4s maxout=4s
 191.040  RPT pe: events=266 mean=3.00 mode=1 max=7 | 0:15 1:132 2:6 3:3 4:5 5:4 6:101
 191.090  t=189s RTT mean=19021 min=11911 max=44622 n=45 to=0 | cancels=0(+0/s) seqbad=0 len_bad=0 disc=0(0x00) | tot_n=10378 tot_to=0 maxever=79412 >2ms=10378 >5ms=10374 >15ms=1990 >20ms=999 >30ms=578 | probes=10379 wrfail=0 down=4s maxout=4s
 193.046  t=190s RTT mean=19459 min=5777 max=51705 n=45 to=0 | cancels=0(+0/s) seqbad=0 len_bad=0 disc=0(0x00) | tot_n=10423 tot_to=0 maxever=79412 >2ms=10423 >5ms=10419 >15ms=2006 >20ms=1014 >30ms=586 | probes=10424 wrfail=0 down=4s maxout=4s
 193.046  RPT pe: events=267 mean=3.10 mode=1 max=7 | 0:12 1:130 2:8 3:3 4:4 5:1 6:109
 193.100  t=191s RTT mean=18257 min=11911 max=49406 n=47 to=0 | cancels=0(+0/s) seqbad=0 len_bad=0 disc=0(0x00) | tot_n=10470 tot_to=0 maxever=79412 >2ms=10470 >5ms=10466 >15ms=2022 >20ms=1028 >30ms=594 | probes=10471 wrfail=0 down=4s maxout=4s
 195.061  t=192s RTT mean=19242 min=11663 max=65350 n=45 to=0 | cancels=0(+0/s) seqbad=0 len_bad=0 disc=0(0x00) | tot_n=10515 tot_to=0 maxever=79412 >2ms=10515 >5ms=10511 >15ms=2040 >20ms=1043 >30ms=601 | probes=10515 wrfail=0 down=4s maxout=4s
 195.061  RPT pe: events=267 mean=3.08 mode=1 max=7 | 0:11 1:131 2:9 3:4 4:3 5:3 6:105 7:1
 195.116  t=193s RTT mean=18127 min=10634 max=48206 n=47 to=0 | cancels=0(+0/s) seqbad=0 len_bad=0 disc=0(0x00) | tot_n=10562 tot_to=0 maxever=79412 >2ms=10562 >5ms=10558 >15ms=2054 >20ms=1056 >30ms=610 | probes=10563 wrfail=0 down=4s maxout=4s
 197.077  t=194s RTT mean=20324 min=11665 max=48077 n=42 to=0 | cancels=0(+0/s) seqbad=0 len_bad=0 disc=0(0x00) | tot_n=10604 tot_to=0 maxever=79412 >2ms=10604 >5ms=10600 >15ms=2074 >20ms=1069 >30ms=620 | probes=10605 wrfail=0 down=4s maxout=4s
 197.077  RPT pe: events=266 mean=3.12 mode=1 max=7 | 0:14 1:127 2:4 3:5 4:5 5:5 6:106
 197.077  t=195s RTT mean=18699 min=11911 max=41911 n=46 to=0 | cancels=0(+0/s) seqbad=0 len_bad=0 disc=0(0x00) | tot_n=10650 tot_to=0 maxever=79412 >2ms=10650 >5ms=10646 >15ms=2091 >20ms=1084 >30ms=628 | probes=10651 wrfail=0 down=4s maxout=4s
 199.075  t=196s RTT mean=17596 min=5777 max=42165 n=49 to=0 | cancels=0(+0/s) seqbad=0 len_bad=0 disc=0(0x00) | tot_n=10699 tot_to=0 maxever=79412 >2ms=10699 >5ms=10695 >15ms=2107 >20ms=1098 >30ms=635 | probes=10700 wrfail=0 down=4s maxout=4s
 199.075  RPT pe: events=267 mean=3.10 mode=1 max=7 | 0:13 1:135 2:3 4:3 5:3 6:110
 199.130  t=197s RTT mean=18931 min=5778 max=45560 n=45 to=0 | cancels=0(+0/s) seqbad=0 len_bad=0 disc=0(0x00) | tot_n=10744 tot_to=0 maxever=79412 >2ms=10744 >5ms=10740 >15ms=2123 >20ms=1113 >30ms=642 | probes=10745 wrfail=0 down=4s maxout=4s
 201.064  t=198s RTT mean=19214 min=11666 max=45596 n=45 to=0 | cancels=0(+0/s) seqbad=0 len_bad=0 disc=0(0x00) | tot_n=10789 tot_to=0 maxever=79412 >2ms=10789 >5ms=10785 >15ms=2142 >20ms=1127 >30ms=649 | probes=10790 wrfail=0 down=4s maxout=4s
 201.064  RPT pe: events=267 mean=3.11 mode=1 max=7 | 0:18 1:124 2:6 3:3 4:2 5:5 6:109
 201.120  t=199s RTT mean=18739 min=11911 max=48208 n=45 to=0 | cancels=0(+0/s) seqbad=0 len_bad=0 disc=0(0x00) | tot_n=10834 tot_to=0 maxever=79412 >2ms=10834 >5ms=10830 >15ms=2159 >20ms=1141 >30ms=657 | probes=10835 wrfail=0 down=4s maxout=4s
 203.083  t=200s RTT mean=20632 min=11664 max=70571 n=42 to=0 | cancels=0(+0/s) seqbad=0 len_bad=0 disc=0(0x00) | tot_n=10876 tot_to=0 maxever=79412 >2ms=10876 >5ms=10872 >15ms=2177 >20ms=1154 >30ms=666 | probes=10877 wrfail=0 down=4s maxout=4s
 203.083  RPT pe: events=267 mean=3.00 mode=1 max=7 | 0:24 1:121 2:6 3:6 4:4 5:1 6:105
 203.083  t=201s RTT mean=20681 min=11911 max=49410 n=43 to=0 | cancels=0(+0/s) seqbad=0 len_bad=0 disc=0(0x00) | tot_n=10919 tot_to=0 maxever=79412 >2ms=10919 >5ms=10915 >15ms=2195 >20ms=1170 >30ms=676 | probes=10920 wrfail=0 down=4s maxout=4s
 205.042  t=202s RTT mean=19175 min=6970 max=43108 n=45 to=0 | cancels=0(+0/s) seqbad=0 len_bad=0 disc=0(0x00) | tot_n=10964 tot_to=0 maxever=79412 >2ms=10964 >5ms=10960 >15ms=2215 >20ms=1184 >30ms=686 | probes=10965 wrfail=0 down=4s maxout=4s
 205.093  RPT pe: events=267 mean=3.10 mode=1 max=7 | 0:14 1:131 2:3 3:4 4:3 5:3 6:109
 205.093  t=203s RTT mean=18654 min=11912 max=44207 n=45 to=0 | cancels=0(+0/s) seqbad=0 len_bad=0 disc=0(0x00) | tot_n=11009 tot_to=0 maxever=79412 >2ms=11009 >5ms=11005 >15ms=2232 >20ms=1198 >30ms=693 | probes=11010 wrfail=0 down=4s maxout=4s
 207.053  t=204s RTT mean=18532 min=11665 max=48113 n=47 to=0 | cancels=0(+0/s) seqbad=0 len_bad=0 disc=0(0x00) | tot_n=11056 tot_to=0 maxever=79412 >2ms=11056 >5ms=11052 >15ms=2249 >20ms=1212 >30ms=702 | probes=11057 wrfail=0 down=4s maxout=4s
 207.053  RPT pe: events=266 mean=2.99 mode=1 max=7 | 0:11 1:132 2:10 3:9 4:1 5:4 6:99
 207.108  t=205s RTT mean=19270 min=11912 max=44305 n=45 to=0 | cancels=0(+0/s) seqbad=0 len_bad=0 disc=0(0x00) | tot_n=11101 tot_to=0 maxever=79412 >2ms=11101 >5ms=11097 >15ms=2265 >20ms=1227 >30ms=712 | probes=11102 wrfail=0 down=4s maxout=4s
 209.089  t=206s RTT mean=22004 min=11665 max=59298 n=40 to=0 | cancels=0(+0/s) seqbad=0 len_bad=0 disc=0(0x00) | tot_n=11141 tot_to=0 maxever=79412 >2ms=11141 >5ms=11137 >15ms=2284 >20ms=1241 >30ms=724 | probes=11141 wrfail=0 down=4s maxout=4s
 209.089  RPT pe: events=267 mean=3.02 mode=1 max=7 | 0:31 1:103 2:17 3:2 4:6 5:6 6:102
 209.089  t=207s RTT mean=22282 min=11912 max=59301 n=39 to=0 | cancels=0(+0/s) seqbad=0 len_bad=0 disc=0(0x00) | tot_n=11180 tot_to=0 maxever=79412 >2ms=11180 >5ms=11176 >15ms=2303 >20ms=1256 >30ms=734 | probes=11181 wrfail=0 down=4s maxout=4s
 211.038  t=208s RTT mean=18950 min=5777 max=53002 n=44 to=0 | cancels=0(+0/s) seqbad=0 len_bad=0 disc=0(0x00) | tot_n=11224 tot_to=0 maxever=79412 >2ms=11224 >5ms=11220 >15ms=2319 >20ms=1268 >30ms=742 | probes=11225 wrfail=0 down=4s maxout=4s
 211.093  RPT pe: events=266 mean=2.96 mode=1 max=7 | 0:19 1:121 2:16 3:2 4:7 5:3 6:98
 211.094  t=209s RTT mean=20633 min=11722 max=55457 n=43 to=0 | cancels=0(+0/s) seqbad=0 len_bad=0 disc=0(0x00) | tot_n=11267 tot_to=0 maxever=79412 >2ms=11267 >5ms=11263 >15ms=2337 >20ms=1284 >30ms=753 | probes=11268 wrfail=0 down=4s maxout=4s
 213.061  t=210s RTT mean=19495 min=11911 max=43358 n=45 to=0 | cancels=0(+0/s) seqbad=0 len_bad=0 disc=0(0x00) | tot_n=11312 tot_to=0 maxever=79412 >2ms=11312 >5ms=11308 >15ms=2356 >20ms=1299 >30ms=764 | probes=11313 wrfail=0 down=4s maxout=4s
 213.061  RPT pe: events=268 mean=2.94 mode=1 max=7 | 0:20 1:130 2:10 3:1 5:7 6:100
 213.116  t=211s RTT mean=20297 min=5777 max=64150 n=42 to=0 | cancels=0(+0/s) seqbad=0 len_bad=0 disc=0(0x00) | tot_n=11354 tot_to=0 maxever=79412 >2ms=11354 >5ms=11350 >15ms=2374 >20ms=1311 >30ms=772 | probes=11355 wrfail=0 down=4s maxout=4s
 215.055  t=212s RTT mean=23685 min=5776 max=54454 n=38 to=0 | cancels=0(+0/s) seqbad=0 len_bad=0 disc=0(0x00) | tot_n=11392 tot_to=0 maxever=79412 >2ms=11392 >5ms=11388 >15ms=2393 >20ms=1330 >30ms=785 | probes=11393 wrfail=0 down=4s maxout=4s
 215.056  RPT pe: events=266 mean=3.00 mode=6 max=7 | 0:37 1:105 2:7 3:4 4:4 5:3 6:106
 215.109  t=213s RTT mean=20248 min=10635 max=62010 n=42 to=0 | cancels=0(+0/s) seqbad=0 len_bad=0 disc=0(0x00) | tot_n=11434 tot_to=0 maxever=79412 >2ms=11434 >5ms=11430 >15ms=2411 >20ms=1341 >30ms=794 | probes=11435 wrfail=0 down=4s maxout=4s
 217.058  t=214s RTT mean=22607 min=5778 max=64156 n=39 to=0 | cancels=0(+0/s) seqbad=0 len_bad=0 disc=0(0x00) | tot_n=11473 tot_to=0 maxever=79412 >2ms=11473 >5ms=11469 >15ms=2429 >20ms=1355 >30ms=807 | probes=11474 wrfail=0 down=4s maxout=4s
 217.058  RPT pe: events=267 mean=3.07 mode=1 max=7 | 0:25 1:109 2:15 3:4 4:4 5:6 6:104
 217.112  t=215s RTT mean=22440 min=11911 max=50846 n=40 to=0 | cancels=0(+0/s) seqbad=0 len_bad=0 disc=0(0x00) | tot_n=11513 tot_to=0 maxever=79412 >2ms=11513 >5ms=11509 >15ms=2449 >20ms=1372 >30ms=817 | probes=11514 wrfail=0 down=4s maxout=4s
 219.061  t=216s RTT mean=19573 min=11911 max=41942 n=43 to=0 | cancels=0(+0/s) seqbad=0 len_bad=0 disc=0(0x00) | tot_n=11556 tot_to=0 maxever=79412 >2ms=11556 >5ms=11552 >15ms=2466 >20ms=1387 >30ms=826 | probes=11557 wrfail=0 down=4s maxout=4s
 219.062  RPT pe: events=266 mean=3.16 mode=1 max=7 | 0:14 1:127 2:6 4:4 5:2 6:113
 219.117  t=217s RTT mean=18205 min=11665 max=54162 n=48 to=0 | cancels=0(+0/s) seqbad=0 len_bad=0 disc=0(0x00) | tot_n=11604 tot_to=0 maxever=79412 >2ms=11604 >5ms=11600 >15ms=2481 >20ms=1401 >30ms=832 | probes=11605 wrfail=0 down=4s maxout=4s
 221.060  t=218s RTT mean=19212 min=6970 max=47012 n=44 to=0 | cancels=0(+0/s) seqbad=0 len_bad=0 disc=0(0x00) | tot_n=11648 tot_to=0 maxever=79412 >2ms=11648 >5ms=11644 >15ms=2498 >20ms=1415 >30ms=841 | probes=11649 wrfail=0 down=4s maxout=4s
 221.060  RPT pe: events=267 mean=3.06 mode=1 max=7 | 0:17 1:127 2:7 3:3 4:2 5:5 6:106
 221.115  t=219s RTT mean=18946 min=11911 max=53314 n=46 to=0 | cancels=0(+0/s) seqbad=0 len_bad=0 disc=0(0x00) | tot_n=11694 tot_to=0 maxever=79412 >2ms=11694 >5ms=11690 >15ms=2513 >20ms=1429 >30ms=850 | probes=11695 wrfail=0 down=4s maxout=4s
 223.065  t=220s RTT mean=17776 min=5777 max=46699 n=48 to=0 | cancels=0(+0/s) seqbad=0 len_bad=0 disc=0(0x00) | tot_n=11742 tot_to=0 maxever=79412 >2ms=11742 >5ms=11738 >15ms=2530 >20ms=1443 >30ms=855 | probes=11743 wrfail=0 down=4s maxout=4s
 223.066  RPT pe: events=266 mean=3.10 mode=1 max=7 | 0:10 1:131 2:9 3:5 4:2 5:1 6:108
 223.121  t=221s RTT mean=18623 min=11663 max=58095 n=45 to=0 | cancels=0(+0/s) seqbad=0 len_bad=0 disc=0(0x00) | tot_n=11787 tot_to=0 maxever=79412 >2ms=11787 >5ms=11783 >15ms=2545 >20ms=1456 >30ms=862 | probes=11788 wrfail=0 down=4s maxout=4s
 225.080  t=222s RTT mean=19793 min=11666 max=40709 n=45 to=0 | cancels=0(+0/s) seqbad=0 len_bad=0 disc=0(0x00) | tot_n=11832 tot_to=0 maxever=79412 >2ms=11832 >5ms=11828 >15ms=2564 >20ms=1472 >30ms=873 | probes=11833 wrfail=0 down=4s maxout=4s
 225.080  RPT pe: events=267 mean=3.14 mode=1 max=7 | 0:13 1:124 2:9 3:5 4:3 5:8 6:105
 225.080  t=223s RTT mean=18737 min=11663 max=43362 n=45 to=0 | cancels=0(+0/s) seqbad=0 len_bad=0 disc=0(0x00) | tot_n=11877 tot_to=0 maxever=79412 >2ms=11877 >5ms=11873 >15ms=2581 >20ms=1487 >30ms=881 | probes=11878 wrfail=0 down=4s maxout=4s
 227.075  t=224s RTT mean=19376 min=5777 max=38002 n=44 to=0 | cancels=0(+0/s) seqbad=0 len_bad=0 disc=0(0x00) | tot_n=11921 tot_to=0 maxever=79412 >2ms=11921 >5ms=11917 >15ms=2601 >20ms=1501 >30ms=892 | probes=11922 wrfail=0 down=4s maxout=4s
 227.076  RPT pe: events=267 mean=3.09 mode=1 max=7 | 0:11 1:130 2:6 3:6 4:6 5:6 6:102
 227.076  t=225s RTT mean=17850 min=11912 max=39362 n=48 to=0 | cancels=0(+0/s) seqbad=0 len_bad=0 disc=0(0x00) | tot_n=11969 tot_to=0 maxever=79412 >2ms=11969 >5ms=11965 >15ms=2616 >20ms=1515 >30ms=901 | probes=11970 wrfail=0 down=4s maxout=4s
 229.074  t=226s RTT mean=19320 min=11911 max=41907 n=45 to=0 | cancels=0(+0/s) seqbad=0 len_bad=0 disc=0(0x00) | tot_n=12014 tot_to=0 maxever=79412 >2ms=12014 >5ms=12010 >15ms=2635 >20ms=1530 >30ms=910 | probes=12015 wrfail=0 down=4s maxout=4s
 229.074  RPT pe: events=267 mean=2.98 mode=1 max=7 | 0:24 1:124 2:7 3:4 4:1 6:107
 229.125  t=227s RTT mean=19840 min=11662 max=43006 n=43 to=0 | cancels=0(+0/s) seqbad=0 len_bad=0 disc=0(0x00) | tot_n=12057 tot_to=0 maxever=79412 >2ms=12057 >5ms=12053 >15ms=2654 >20ms=1543 >30ms=919 | probes=12058 wrfail=0 down=4s maxout=4s
 231.079  t=228s RTT mean=21730 min=11665 max=41658 n=41 to=0 | cancels=0(+0/s) seqbad=0 len_bad=0 disc=0(0x00) | tot_n=12098 tot_to=0 maxever=79412 >2ms=12098 >5ms=12094 >15ms=2679 >20ms=1559 >30ms=929 | probes=12099 wrfail=0 down=4s maxout=4s
 231.079  RPT pe: events=266 mean=3.01 mode=6 max=7 | 0:44 1:100 2:2 3:5 4:3 5:2 6:110
 231.079  t=229s RTT mean=23825 min=11912 max=50614 n=37 to=0 | cancels=0(+0/s) seqbad=0 len_bad=0 disc=0(0x00) | tot_n=12135 tot_to=0 maxever=79412 >2ms=12135 >5ms=12131 >15ms=2702 >20ms=1576 >30ms=940 | probes=12136 wrfail=0 down=4s maxout=4s
 233.086  t=230s RTT mean=17722 min=11665 max=42163 n=48 to=0 | cancels=0(+0/s) seqbad=0 len_bad=0 disc=0(0x00) | tot_n=12183 tot_to=0 maxever=79412 >2ms=12183 >5ms=12179 >15ms=2719 >20ms=1590 >30ms=944 | probes=12184 wrfail=0 down=4s maxout=4s
 233.086  RPT pe: events=267 mean=3.14 mode=1 max=7 | 0:12 1:133 2:3 3:2 4:2 5:4 6:111
 233.086  t=231s RTT mean=17594 min=11665 max=42165 n=49 to=0 | cancels=0(+0/s) seqbad=0 len_bad=0 disc=0(0x00) | tot_n=12232 tot_to=0 maxever=79412 >2ms=12232 >5ms=12228 >15ms=2734 >20ms=1605 >30ms=949 | probes=12233 wrfail=0 down=4s maxout=4s
 235.040  t=232s RTT mean=16956 min=11911 max=39418 n=50 to=0 | cancels=0(+0/s) seqbad=0 len_bad=0 disc=0(0x00) | tot_n=12282 tot_to=0 maxever=79412 >2ms=12282 >5ms=12278 >15ms=2750 >20ms=1619 >30ms=952 | probes=12283 wrfail=0 down=4s maxout=4s
 235.095  RPT pe: events=267 mean=3.08 mode=1 max=7 | 0:7 1:138 2:6 3:4 4:3 5:3 6:106
 235.096  t=233s RTT mean=18464 min=11913 max=41656 n=45 to=0 | cancels=0(+0/s) seqbad=0 len_bad=0 disc=0(0x00) | tot_n=12327 tot_to=0 maxever=79412 >2ms=12327 >5ms=12323 >15ms=2766 >20ms=1632 >30ms=959 | probes=12328 wrfail=0 down=4s maxout=4s
 237.105  t=234s RTT mean=19573 min=11911 max=60495 n=45 to=0 | cancels=0(+0/s) seqbad=0 len_bad=0 disc=0(0x00) | tot_n=12372 tot_to=0 maxever=79412 >2ms=12372 >5ms=12368 >15ms=2782 >20ms=1645 >30ms=967 | probes=12373 wrfail=0 down=4s maxout=4s
 237.105  RPT pe: events=267 mean=2.71 mode=1 max=7 | 0:47 1:113 2:5 3:3 4:1 6:98
 237.105  t=235s RTT mean=25292 min=11912 max=64411 n=34 to=0 | cancels=0(+0/s) seqbad=0 len_bad=0 disc=0(0x00) | tot_n=12406 tot_to=0 maxever=79412 >2ms=12406 >5ms=12402 >15ms=2801 >20ms=1659 >30ms=979 | probes=12407 wrfail=0 down=4s maxout=4s
 239.057  t=236s RTT mean=19961 min=5778 max=49154 n=45 to=0 | cancels=0(+0/s) seqbad=0 len_bad=0 disc=0(0x00) | tot_n=12451 tot_to=0 maxever=79412 >2ms=12451 >5ms=12447 >15ms=2820 >20ms=1677 >30ms=987 | probes=12452 wrfail=0 down=4s maxout=4s
 239.057  RPT pe: events=267 mean=3.22 mode=1 max=7 | 0:11 1:127 2:4 3:4 4:4 5:3 6:114
 239.109  t=237s RTT mean=17529 min=11912 max=44468 n=48 to=0 | cancels=0(+0/s) seqbad=0 len_bad=0 disc=0(0x00) | tot_n=12499 tot_to=0 maxever=79412 >2ms=12499 >5ms=12495 >15ms=2835 >20ms=1690 >30ms=993 | probes=12500 wrfail=0 down=4s maxout=4s
 241.058  t=238s RTT mean=18559 min=11666 max=39355 n=46 to=0 | cancels=0(+0/s) seqbad=0 len_bad=0 disc=0(0x00) | tot_n=12545 tot_to=0 maxever=79412 >2ms=12545 >5ms=12541 >15ms=2853 >20ms=1704 >30ms=1000 | probes=12546 wrfail=0 down=4s maxout=4s
 241.058  RPT pe: events=266 mean=3.14 mode=1 max=7 | 0:10 1:128 2:9 3:4 4:4 5:4 6:107
 241.113  t=239s RTT mean=17741 min=11665 max=39163 n=49 to=0 | cancels=0(+0/s) seqbad=0 len_bad=0 disc=0(0x00) | tot_n=12594 tot_to=0 maxever=79412 >2ms=12594 >5ms=12590 >15ms=2869 >20ms=1719 >30ms=1006 | probes=12595 wrfail=0 down=4s maxout=4s
 243.061  t=240s RTT mean=18405 min=11911 max=52055 n=46 to=0 | cancels=0(+0/s) seqbad=0 len_bad=0 disc=0(0x00) | tot_n=12640 tot_to=0 maxever=79412 >2ms=12640 >5ms=12636 >15ms=2883 >20ms=1732 >30ms=1014 | probes=12641 wrfail=0 down=4s maxout=4s
 243.061  RPT pe: events=266 mean=2.96 mode=1 max=7 | 0:21 1:129 2:4 3:4 4:3 5:2 6:103
 243.116  t=241s RTT mean=20303 min=5777 max=59616 n=43 to=0 | cancels=0(+0/s) seqbad=0 len_bad=0 disc=0(0x00) | tot_n=12683 tot_to=0 maxever=79412 >2ms=12683 >5ms=12679 >15ms=2901 >20ms=1748 >30ms=1025 | probes=12684 wrfail=0 down=4s maxout=4s
 245.072  t=242s RTT mean=18938 min=11665 max=49410 n=45 to=0 | cancels=0(+0/s) seqbad=0 len_bad=0 disc=0(0x00) | tot_n=12728 tot_to=0 maxever=79412 >2ms=12728 >5ms=12724 >15ms=2917 >20ms=1762 >30ms=1033 | probes=12729 wrfail=0 down=4s maxout=4s
 245.072  RPT pe: events=267 mean=3.05 mode=1 max=7 | 0:15 1:126 2:11 3:3 4:5 5:3 6:104
 245.072  t=243s RTT mean=19537 min=11665 max=45496 n=45 to=0 | cancels=0(+0/s) seqbad=0 len_bad=0 disc=0(0x00) | tot_n=12773 tot_to=0 maxever=79412 >2ms=12773 >5ms=12769 >15ms=2934 >20ms=1778 >30ms=1042 | probes=12773 wrfail=0 down=4s maxout=4s
 247.076  t=244s RTT mean=18577 min=5777 max=43146 n=45 to=0 | cancels=0(+0/s) seqbad=0 len_bad=0 disc=0(0x00) | tot_n=12818 tot_to=0 maxever=79412 >2ms=12818 >5ms=12814 >15ms=2953 >20ms=1794 >30ms=1048 | probes=12819 wrfail=0 down=4s maxout=4s
 247.076  PCTL target=75 tot=2666 to=0 p50=11 p90=34 p99=50 p99.9=64 max=70 g30=510 g100=0 (ms/counts)
 247.076  LOADRAMP: target=100 KBps for 60s
 247.076  RPT pe: events=268 mean=2.78 mode=1 max=7 | 0:41 1:115 2:6 3:4 4:2 5:1 6:99
 247.131  t=245s RTT mean=22997 min=11662 max=64412 n=39 to=0 | cancels=0(+0/s) seqbad=0 len_bad=0 disc=0(0x00) | tot_n=12857 tot_to=0 maxever=79412 >2ms=12857 >5ms=12853 >15ms=2974 >20ms=1808 >30ms=1057 | probes=12858 wrfail=0 down=4s maxout=4s
 249.084  t=246s RTT mean=30446 min=11912 max=61919 n=30 to=0 | cancels=0(+0/s) seqbad=0 len_bad=0 disc=0(0x00) | tot_n=12887 tot_to=0 maxever=79412 >2ms=12887 >5ms=12883 >15ms=2996 >20ms=1828 >30ms=1074 | probes=12888 wrfail=0 down=4s maxout=4s
 249.084  RPT pe: events=265 mean=3.60 mode=6 max=7 | 0:50 1:53 2:14 3:1 4:5 6:142
 249.135  t=247s RTT mean=26554 min=5777 max=69418 n=33 to=0 | cancels=0(+0/s) seqbad=0 len_bad=0 disc=0(0x00) | tot_n=12920 tot_to=0 maxever=79412 >2ms=12920 >5ms=12916 >15ms=3019 >20ms=1847 >30ms=1086 | probes=12921 wrfail=0 down=4s maxout=4s
 251.042  t=248s RTT mean=26307 min=11665 max=56911 n=34 to=0 | cancels=0(+0/s) seqbad=0 len_bad=0 disc=0(0x00) | tot_n=12954 tot_to=0 maxever=79412 >2ms=12954 >5ms=12950 >15ms=3043 >20ms=1868 >30ms=1097 | probes=12955 wrfail=0 down=4s maxout=4s
 251.097  RPT pe: events=267 mean=3.78 mode=6 max=7 | 0:37 1:69 2:4 3:1 4:2 5:1 6:153
 251.097  t=249s RTT mean=21318 min=11911 max=43109 n=41 to=0 | cancels=0(+0/s) seqbad=0 len_bad=0 disc=0(0x00) | tot_n=12995 tot_to=0 maxever=79412 >2ms=12995 >5ms=12991 >15ms=3066 >20ms=1888 >30ms=1103 | probes=12996 wrfail=0 down=4s maxout=4s
 253.064  t=250s RTT mean=19722 min=5777 max=40616 n=43 to=0 | cancels=0(+0/s) seqbad=0 len_bad=0 disc=0(0x00) | tot_n=13038 tot_to=0 maxever=79412 >2ms=13038 >5ms=13034 >15ms=3084 >20ms=1906 >30ms=1112 | probes=13039 wrfail=0 down=4s maxout=4s
 253.064  RPT pe: events=267 mean=3.68 mode=6 max=7 | 0:11 1:102 2:6 3:3 4:3 5:3 6:139
 253.119  t=251s RTT mean=20221 min=11911 max=49158 n=44 to=0 | cancels=0(+0/s) seqbad=0 len_bad=0 disc=0(0x00) | tot_n=13082 tot_to=0 maxever=79412 >2ms=13082 >5ms=13078 >15ms=3104 >20ms=1924 >30ms=1118 | probes=13083 wrfail=0 down=4s maxout=4s
 255.079  t=252s RTT mean=21571 min=11912 max=60507 n=41 to=0 | cancels=0(+0/s) seqbad=0 len_bad=0 disc=0(0x00) | tot_n=13123 tot_to=0 maxever=79412 >2ms=13123 >5ms=13119 >15ms=3123 >20ms=1942 >30ms=1128 | probes=13124 wrfail=0 down=4s maxout=4s
 255.079  RPT pe: events=267 mean=3.80 mode=6 max=7 | 0:19 1:87 2:4 3:5 4:2 5:3 6:147
 255.079  t=253s RTT mean=21464 min=11911 max=45811 n=40 to=0 | cancels=0(+0/s) seqbad=0 len_bad=0 disc=0(0x00) | tot_n=13163 tot_to=0 maxever=79412 >2ms=13163 >5ms=13159 >15ms=3145 >20ms=1962 >30ms=1135 | probes=13164 wrfail=0 down=4s maxout=4s
 257.081  t=254s RTT mean=20631 min=10636 max=43108 n=43 to=0 | cancels=0(+0/s) seqbad=0 len_bad=0 disc=0(0x00) | tot_n=13206 tot_to=0 maxever=79412 >2ms=13206 >5ms=13202 >15ms=3163 >20ms=1980 >30ms=1146 | probes=13207 wrfail=0 down=4s maxout=4s
 257.081  RPT pe: events=266 mean=3.65 mode=6 max=7 | 0:9 1:105 2:5 3:6 4:3 5:2 6:136
 257.081  t=255s RTT mean=19779 min=11912 max=34406 n=43 to=0 | cancels=0(+0/s) seqbad=0 len_bad=0 disc=0(0x00) | tot_n=13249 tot_to=0 maxever=79412 >2ms=13249 >5ms=13245 >15ms=3183 >20ms=1999 >30ms=1153 | probes=13250 wrfail=0 down=4s maxout=4s
 259.086  t=256s RTT mean=19742 min=5778 max=51801 n=44 to=0 | cancels=0(+0/s) seqbad=0 len_bad=0 disc=0(0x00) | tot_n=13293 tot_to=0 maxever=79412 >2ms=13293 >5ms=13289 >15ms=3203 >20ms=2017 >30ms=1160 | probes=13294 wrfail=0 down=4s maxout=4s
 259.086  RPT pe: events=267 mean=3.74 mode=6 max=7 | 0:8 1:103 2:4 3:4 4:5 5:1 6:142
 259.086  t=257s RTT mean=20826 min=11910 max=52057 n=41 to=0 | cancels=0(+0/s) seqbad=0 len_bad=0 disc=0(0x00) | tot_n=13334 tot_to=0 maxever=79412 >2ms=13334 >5ms=13330 >15ms=3226 >20ms=2035 >30ms=1166 | probes=13335 wrfail=0 down=4s maxout=4s
 261.084  t=258s RTT mean=22988 min=11911 max=59557 n=39 to=0 | cancels=0(+0/s) seqbad=0 len_bad=0 disc=0(0x00) | tot_n=13373 tot_to=0 maxever=79412 >2ms=13373 >5ms=13369 >15ms=3245 >20ms=2053 >30ms=1176 | probes=13374 wrfail=0 down=4s maxout=4s
 261.084  RPT pe: events=267 mean=3.83 mode=6 max=7 | 0:12 1:90 2:10 3:3 4:2 5:2 6:148
 261.084  t=259s RTT mean=20597 min=11911 max=48211 n=42 to=0 | cancels=0(+0/s) seqbad=0 len_bad=0 disc=0(0x00) | tot_n=13415 tot_to=0 maxever=79412 >2ms=13415 >5ms=13411 >15ms=3265 >20ms=2072 >30ms=1183 | probes=13416 wrfail=0 down=4s maxout=4s
 263.081  t=260s RTT mean=20419 min=11911 max=43104 n=43 to=0 | cancels=0(+0/s) seqbad=0 len_bad=0 disc=0(0x00) | tot_n=13458 tot_to=0 maxever=79412 >2ms=13458 >5ms=13454 >15ms=3287 >20ms=2091 >30ms=1189 | probes=13459 wrfail=0 down=4s maxout=4s
 263.081  RPT pe: events=266 mean=3.81 mode=6 max=7 | 0:8 1:100 2:7 3:1 5:3 6:147
 263.134  t=261s RTT mean=18748 min=6926 max=35510 n=46 to=0 | cancels=0(+0/s) seqbad=0 len_bad=0 disc=0(0x00) | tot_n=13504 tot_to=0 maxever=79412 >2ms=13504 >5ms=13500 >15ms=3307 >20ms=2109 >30ms=1194 | probes=13505 wrfail=0 down=4s maxout=4s
 265.059  t=262s RTT mean=20778 min=10887 max=40709 n=41 to=0 | cancels=0(+0/s) seqbad=0 len_bad=0 disc=0(0x00) | tot_n=13545 tot_to=0 maxever=79412 >2ms=13545 >5ms=13541 >15ms=3327 >20ms=2126 >30ms=1204 | probes=13546 wrfail=0 down=4s maxout=4s
 265.059  RPT pe: events=267 mean=3.79 mode=6 max=7 | 0:12 1:95 2:3 3:5 4:6 5:2 6:144
 265.115  t=263s RTT mean=19807 min=11911 max=38003 n=44 to=0 | cancels=0(+0/s) seqbad=0 len_bad=0 disc=0(0x00) | tot_n=13589 tot_to=0 maxever=79412 >2ms=13589 >5ms=13585 >15ms=3346 >20ms=2145 >30ms=1211 | probes=13590 wrfail=0 down=4s maxout=4s
 267.077  t=264s RTT mean=19807 min=5778 max=44295 n=43 to=0 | cancels=0(+0/s) seqbad=0 len_bad=0 disc=0(0x00) | tot_n=13632 tot_to=0 maxever=79412 >2ms=13632 >5ms=13628 >15ms=3364 >20ms=2163 >30ms=1221 | probes=13633 wrfail=0 down=4s maxout=4s
 267.077  RPT pe: events=267 mean=3.75 mode=6 max=7 | 0:5 1:105 2:2 3:5 4:8 5:6 6:136
 267.078  t=265s RTT mean=19902 min=11910 max=44470 n=45 to=0 | cancels=0(+0/s) seqbad=0 len_bad=0 disc=0(0x00) | tot_n=13677 tot_to=0 maxever=79412 >2ms=13677 >5ms=13673 >15ms=3384 >20ms=2183 >30ms=1228 | probes=13677 wrfail=0 down=4s maxout=4s
 269.086  t=266s RTT mean=19557 min=11660 max=41907 n=43 to=0 | cancels=0(+0/s) seqbad=0 len_bad=0 disc=0(0x00) | tot_n=13720 tot_to=0 maxever=79412 >2ms=13720 >5ms=13716 >15ms=3402 >20ms=2200 >30ms=1235 | probes=13721 wrfail=0 down=4s maxout=4s
 269.086  RPT pe: events=266 mean=3.83 mode=6 max=7 | 0:9 1:96 2:7 3:2 4:3 5:1 6:148
 269.086  t=267s RTT mean=20623 min=11911 max=39198 n=43 to=0 | cancels=0(+0/s) seqbad=0 len_bad=0 disc=0(0x00) | tot_n=13763 tot_to=0 maxever=79412 >2ms=13763 >5ms=13759 >15ms=3424 >20ms=2220 >30ms=1243 | probes=13764 wrfail=0 down=4s maxout=4s
 271.091  t=268s RTT mean=20446 min=11912 max=44468 n=42 to=0 | cancels=0(+0/s) seqbad=0 len_bad=0 disc=0(0x00) | tot_n=13805 tot_to=0 maxever=79412 >2ms=13805 >5ms=13801 >15ms=3444 >20ms=2237 >30ms=1252 | probes=13806 wrfail=0 down=4s maxout=4s
 271.091  RPT pe: events=267 mean=3.72 mode=6 max=7 | 0:13 1:96 2:5 3:5 4:6 5:3 6:139
 271.091  t=269s RTT mean=21226 min=11911 max=44314 n=41 to=0 | cancels=0(+0/s) seqbad=0 len_bad=0 disc=0(0x00) | tot_n=13846 tot_to=0 maxever=79412 >2ms=13846 >5ms=13842 >15ms=3464 >20ms=2256 >30ms=1263 | probes=13847 wrfail=0 down=4s maxout=4s
 273.094  t=270s RTT mean=19438 min=5777 max=39355 n=44 to=0 | cancels=0(+0/s) seqbad=0 len_bad=0 disc=0(0x00) | tot_n=13890 tot_to=0 maxever=79412 >2ms=13890 >5ms=13886 >15ms=3483 >20ms=2275 >30ms=1268 | probes=13891 wrfail=0 down=4s maxout=4s
 273.094  RPT pe: events=267 mean=3.73 mode=6 max=7 | 0:8 1:102 2:6 3:2 4:5 5:6 6:138
 273.094  t=271s RTT mean=19785 min=11911 max=41909 n=45 to=0 | cancels=0(+0/s) seqbad=0 len_bad=0 disc=0(0x00) | tot_n=13935 tot_to=0 maxever=79412 >2ms=13935 >5ms=13931 >15ms=3502 >20ms=2294 >30ms=1275 | probes=13935 wrfail=0 down=4s maxout=4s
 275.053  t=272s RTT mean=20475 min=11912 max=43098 n=42 to=0 | cancels=0(+0/s) seqbad=0 len_bad=0 disc=0(0x00) | tot_n=13977 tot_to=0 maxever=79412 >2ms=13977 >5ms=13973 >15ms=3522 >20ms=2313 >30ms=1285 | probes=13978 wrfail=0 down=4s maxout=4s
 275.053  RPT pe: events=266 mean=3.66 mode=6 max=7 | 0:13 1:97 2:7 3:5 4:5 5:5 6:134
 275.108  t=273s RTT mean=21080 min=5777 max=60494 n=41 to=0 | cancels=0(+0/s) seqbad=0 len_bad=0 disc=0(0x00) | tot_n=14018 tot_to=0 maxever=79412 >2ms=14018 >5ms=14014 >15ms=3541 >20ms=2330 >30ms=1294 | probes=14019 wrfail=0 down=4s maxout=4s
 277.059  t=274s RTT mean=21593 min=11910 max=43104 n=41 to=0 | cancels=0(+0/s) seqbad=0 len_bad=0 disc=0(0x00) | tot_n=14059 tot_to=0 maxever=79412 >2ms=14059 >5ms=14055 >15ms=3562 >20ms=2350 >30ms=1303 | probes=14060 wrfail=0 down=4s maxout=4s
 277.059  RPT pe: events=267 mean=3.91 mode=6 max=7 | 0:10 1:90 2:4 3:5 4:5 5:6 6:147
 277.110  t=275s RTT mean=21116 min=11912 max=41812 n=41 to=0 | cancels=0(+0/s) seqbad=0 len_bad=0 disc=0(0x00) | tot_n=14100 tot_to=0 maxever=79412 >2ms=14100 >5ms=14096 >15ms=3582 >20ms=2369 >30ms=1315 | probes=14101 wrfail=0 down=4s maxout=4s
 279.053  t=276s RTT mean=18981 min=8241 max=35600 n=45 to=0 | cancels=0(+0/s) seqbad=0 len_bad=0 disc=0(0x00) | tot_n=14145 tot_to=0 maxever=79412 >2ms=14145 >5ms=14141 >15ms=3601 >20ms=2388 >30ms=1320 | probes=14146 wrfail=0 down=4s maxout=4s
 279.053  RPT pe: events=267 mean=3.82 mode=6 max=7 | 0:6 1:102 2:2 3:7 4:2 5:2 6:145 7:1
 279.108  t=277s RTT mean=19475 min=11912 max=40441 n=45 to=0 | cancels=0(+0/s) seqbad=0 len_bad=0 disc=0(0x00) | tot_n=14190 tot_to=0 maxever=79412 >2ms=14190 >5ms=14186 >15ms=3622 >20ms=2407 >30ms=1326 | probes=14191 wrfail=0 down=4s maxout=4s
 281.074  t=278s RTT mean=19609 min=9434 max=39511 n=44 to=0 | cancels=0(+0/s) seqbad=0 len_bad=0 disc=0(0x00) | tot_n=14234 tot_to=0 maxever=79412 >2ms=14234 >5ms=14230 >15ms=3641 >20ms=2425 >30ms=1334 | probes=14235 wrfail=0 down=4s maxout=4s
 281.074  RPT pe: events=267 mean=3.71 mode=6 max=7 | 0:5 1:101 2:12 3:6 4:2 5:5 6:136
 281.130  t=279s RTT mean=20832 min=5777 max=44560 n=42 to=0 | cancels=0(+0/s) seqbad=0 len_bad=0 disc=0(0x00) | tot_n=14276 tot_to=0 maxever=79412 >2ms=14276 >5ms=14272 >15ms=3659 >20ms=2443 >30ms=1345 | probes=14276 wrfail=0 down=4s maxout=4s
 283.081  t=280s RTT mean=19592 min=8237 max=45651 n=44 to=0 | cancels=0(+0/s) seqbad=0 len_bad=0 disc=0(0x00) | tot_n=14320 tot_to=0 maxever=79412 >2ms=14320 >5ms=14316 >15ms=3678 >20ms=2461 >30ms=1352 | probes=14321 wrfail=0 down=4s maxout=4s
 283.082  RPT pe: events=266 mean=3.69 mode=6 max=7 | 0:6 1:101 2:4 3:11 4:9 5:5 6:129 7:1
 283.082  t=281s RTT mean=20350 min=11911 max=50503 n=42 to=0 | cancels=0(+0/s) seqbad=0 len_bad=0 disc=0(0x00) | tot_n=14362 tot_to=0 maxever=79412 >2ms=14362 >5ms=14358 >15ms=3696 >20ms=2478 >30ms=1361 | probes=14363 wrfail=0 down=4s maxout=4s
 285.092  t=282s RTT mean=21174 min=11911 max=47038 n=41 to=0 | cancels=0(+0/s) seqbad=0 len_bad=0 disc=0(0x00) | tot_n=14403 tot_to=0 maxever=79412 >2ms=14403 >5ms=14399 >15ms=3714 >20ms=2496 >30ms=1371 | probes=14404 wrfail=0 down=4s maxout=4s
 285.093  RPT pe: events=267 mean=3.83 mode=6 max=7 | 0:8 1:94 2:5 3:9 4:5 5:3 6:143
 285.093  t=283s RTT mean=20116 min=11911 max=47013 n=43 to=0 | cancels=0(+0/s) seqbad=0 len_bad=0 disc=0(0x00) | tot_n=14446 tot_to=0 maxever=79412 >2ms=14446 >5ms=14442 >15ms=3734 >20ms=2516 >30ms=1376 | probes=14447 wrfail=0 down=4s maxout=4s
 287.063  t=284s RTT mean=18839 min=10495 max=34411 n=46 to=0 | cancels=0(+0/s) seqbad=0 len_bad=0 disc=0(0x00) | tot_n=14492 tot_to=0 maxever=79412 >2ms=14492 >5ms=14488 >15ms=3753 >20ms=2534 >30ms=1382 | probes=14493 wrfail=0 down=4s maxout=4s
 287.063  RPT pe: events=267 mean=3.78 mode=6 max=7 | 0:6 1:104 2:4 3:2 4:4 5:5 6:142
 287.121  t=285s RTT mean=19798 min=7043 max=44559 n=44 to=0 | cancels=0(+0/s) seqbad=0 len_bad=0 disc=0(0x00) | tot_n=14536 tot_to=0 maxever=79412 >2ms=14536 >5ms=14532 >15ms=3771 >20ms=2552 >30ms=1390 | probes=14537 wrfail=0 down=4s maxout=4s
 289.087  t=286s RTT mean=20268 min=10635 max=38312 n=42 to=0 | cancels=0(+0/s) seqbad=0 len_bad=0 disc=0(0x00) | tot_n=14578 tot_to=0 maxever=79412 >2ms=14578 >5ms=14574 >15ms=3792 >20ms=2569 >30ms=1397 | probes=14579 wrfail=0 down=4s maxout=4s
 289.087  RPT pe: events=267 mean=3.76 mode=6 max=7 | 0:11 1:95 2:6 3:4 4:7 5:6 6:137 7:1
 289.087  t=287s RTT mean=21198 min=10561 max=42165 n=41 to=0 | cancels=0(+0/s) seqbad=0 len_bad=0 disc=0(0x00) | tot_n=14619 tot_to=0 maxever=79412 >2ms=14619 >5ms=14615 >15ms=3812 >20ms=2588 >30ms=1408 | probes=14620 wrfail=0 down=4s maxout=4s
 291.072  t=288s RTT mean=19913 min=5777 max=40380 n=44 to=0 | cancels=0(+0/s) seqbad=0 len_bad=0 disc=0(0x00) | tot_n=14663 tot_to=0 maxever=79412 >2ms=14663 >5ms=14659 >15ms=3832 >20ms=2607 >30ms=1416 | probes=14664 wrfail=0 down=4s maxout=4s
 291.072  RPT pe: events=266 mean=3.80 mode=6 max=7 | 0:6 1:100 2:6 3:4 4:2 5:7 6:141
 291.127  t=289s RTT mean=18911 min=10635 max=34413 n=46 to=0 | cancels=0(+0/s) seqbad=0 len_bad=0 disc=0(0x00) | tot_n=14709 tot_to=0 maxever=79412 >2ms=14709 >5ms=14705 >15ms=3850 >20ms=2625 >30ms=1423 | probes=14710 wrfail=0 down=4s maxout=4s
 293.084  t=290s RTT mean=20190 min=11912 max=40479 n=42 to=0 | cancels=0(+0/s) seqbad=0 len_bad=0 disc=0(0x00) | tot_n=14751 tot_to=0 maxever=79412 >2ms=14751 >5ms=14747 >15ms=3868 >20ms=2643 >30ms=1434 | probes=14752 wrfail=0 down=4s maxout=4s
 293.084  RPT pe: events=267 mean=3.85 mode=6 max=7 | 0:4 1:101 2:4 3:4 4:3 5:10 6:141
 293.084  t=291s RTT mean=19173 min=11910 max=38057 n=45 to=0 | cancels=0(+0/s) seqbad=0 len_bad=0 disc=0(0x00) | tot_n=14796 tot_to=0 maxever=79412 >2ms=14796 >5ms=14792 >15ms=3888 >20ms=2662 >30ms=1439 | probes=14797 wrfail=0 down=4s maxout=4s
 295.072  t=292s RTT mean=19661 min=11911 max=45502 n=44 to=0 | cancels=0(+0/s) seqbad=0 len_bad=0 disc=0(0x00) | tot_n=14840 tot_to=0 maxever=79412 >2ms=14840 >5ms=14836 >15ms=3906 >20ms=2680 >30ms=1447 | probes=14841 wrfail=0 down=4s maxout=4s
 295.072  RPT pe: events=266 mean=3.77 mode=6 max=7 | 0:7 1:98 2:8 3:6 4:3 5:5 6:139
 295.132  t=293s RTT mean=20969 min=11911 max=54166 n=42 to=0 | cancels=0(+0/s) seqbad=0 len_bad=0 disc=0(0x00) | tot_n=14882 tot_to=0 maxever=79412 >2ms=14882 >5ms=14878 >15ms=3926 >20ms=2700 >30ms=1455 | probes=14883 wrfail=0 down=4s maxout=4s
 297.089  t=294s RTT mean=18877 min=8239 max=40742 n=45 to=0 | cancels=0(+0/s) seqbad=0 len_bad=0 disc=0(0x00) | tot_n=14927 tot_to=0 maxever=79412 >2ms=14927 >5ms=14923 >15ms=3946 >20ms=2718 >30ms=1458 | probes=14928 wrfail=0 down=4s maxout=4s
 297.089  RPT pe: events=267 mean=3.76 mode=6 max=7 | 0:9 1:105 2:2 3:1 4:2 5:4 6:144
 297.089  t=295s RTT mean=19957 min=10637 max=43107 n=44 to=0 | cancels=0(+0/s) seqbad=0 len_bad=0 disc=0(0x00) | tot_n=14971 tot_to=0 maxever=79412 >2ms=14971 >5ms=14967 >15ms=3965 >20ms=2736 >30ms=1466 | probes=14972 wrfail=0 down=4s maxout=4s
 299.046  t=296s RTT mean=19881 min=8171 max=36799 n=44 to=0 | cancels=0(+0/s) seqbad=0 len_bad=0 disc=0(0x00) | tot_n=15015 tot_to=0 maxever=79412 >2ms=15015 >5ms=15011 >15ms=3987 >20ms=2754 >30ms=1475 | probes=15015 wrfail=0 down=4s maxout=4s
 299.107  RPT pe: events=268 mean=3.79 mode=6 max=7 | 0:7 1:104 2:3 3:4 4:1 5:4 6:145
 299.107  t=297s RTT mean=20407 min=5778 max=39512 n=42 to=0 | cancels=0(+0/s) seqbad=0 len_bad=0 disc=0(0x00) | tot_n=15057 tot_to=0 maxever=79412 >2ms=15057 >5ms=15053 >15ms=4009 >20ms=2772 >30ms=1482 | probes=15058 wrfail=0 down=4s maxout=4s
 301.113  t=298s RTT mean=19742 min=11911 max=47955 n=43 to=0 | cancels=0(+0/s) seqbad=0 len_bad=0 disc=0(0x00) | tot_n=15100 tot_to=0 maxever=79412 >2ms=15100 >5ms=15096 >15ms=4027 >20ms=2790 >30ms=1489 | probes=15101 wrfail=0 down=4s maxout=4s
 301.113  RPT pe: events=266 mean=3.72 mode=6 max=7 | 0:16 1:96 2:4 4:6 6:144
 301.113  t=299s RTT mean=21468 min=11662 max=40709 n=41 to=0 | cancels=0(+0/s) seqbad=0 len_bad=0 disc=0(0x00) | tot_n=15141 tot_to=0 maxever=79412 >2ms=15141 >5ms=15137 >15ms=4049 >20ms=2809 >30ms=1499 | probes=15142 wrfail=0 down=4s maxout=4s
 303.051  t=300s RTT mean=19860 min=8240 max=35620 n=44 to=0 | cancels=0(+0/s) seqbad=0 len_bad=0 disc=0(0x00) | tot_n=15185 tot_to=0 maxever=79412 >2ms=15185 >5ms=15181 >15ms=4069 >20ms=2828 >30ms=1508 | probes=15186 wrfail=0 down=4s maxout=4s
 303.110  RPT pe: events=266 mean=3.80 mode=6 max=7 | 0:6 1:102 2:4 3:3 4:5 5:2 6:144
 303.111  t=301s RTT mean=19906 min=11911 max=46650 n=44 to=0 | cancels=0(+0/s) seqbad=0 len_bad=0 disc=0(0x00) | tot_n=15229 tot_to=0 maxever=79412 >2ms=15229 >5ms=15225 >15ms=4091 >20ms=2846 >30ms=1513 | probes=15229 wrfail=0 down=4s maxout=4s
 305.076  t=302s RTT mean=20150 min=8177 max=39449 n=42 to=0 | cancels=0(+0/s) seqbad=0 len_bad=0 disc=0(0x00) | tot_n=15271 tot_to=0 maxever=79412 >2ms=15271 >5ms=15267 >15ms=4111 >20ms=2864 >30ms=1521 | probes=15272 wrfail=0 down=4s maxout=4s
 305.076  RPT pe: events=267 mean=3.73 mode=6 max=7 | 0:10 1:99 2:4 3:7 4:4 5:6 6:137
 305.134  t=303s RTT mean=19945 min=7042 max=39165 n=44 to=0 | cancels=0(+0/s) seqbad=0 len_bad=0 disc=0(0x00) | tot_n=15315 tot_to=0 maxever=79412 >2ms=15315 >5ms=15311 >15ms=4128 >20ms=2881 >30ms=1533 | probes=15316 wrfail=0 down=4s maxout=4s
 307.085  t=304s RTT mean=21386 min=9435 max=48115 n=41 to=0 | cancels=0(+0/s) seqbad=0 len_bad=0 disc=0(0x00) | tot_n=15356 tot_to=0 maxever=79412 >2ms=15356 >5ms=15352 >15ms=4147 >20ms=2900 >30ms=1543 | probes=15357 wrfail=0 down=4s maxout=4s
 307.086  PCTL target=100 tot=2542 to=0 p50=11 p90=34 p99=46 p99.9=60 max=69 g30=493 g100=0 (ms/counts)
 307.086  LOADRAMP: target=125 KBps for 60s
 307.086  RPT pe: events=267 mean=3.91 mode=6 max=7 | 0:4 1:100 2:5 3:2 4:3 5:2 6:151
 307.142  t=305s RTT mean=18592 min=8240 max=34405 n=45 to=0 | cancels=0(+0/s) seqbad=0 len_bad=0 disc=0(0x00) | tot_n=15401 tot_to=0 maxever=79412 >2ms=15401 >5ms=15397 >15ms=4166 >20ms=2918 >30ms=1546 | probes=15402 wrfail=0 down=4s maxout=4s
 309.101  t=306s RTT mean=21379 min=5777 max=35619 n=42 to=0 | cancels=0(+0/s) seqbad=0 len_bad=0 disc=0(0x00) | tot_n=15443 tot_to=0 maxever=79412 >2ms=15443 >5ms=15439 >15ms=4191 >20ms=2942 >30ms=1552 | probes=15444 wrfail=0 down=4s maxout=4s
 309.101  RPT pe: events=266 mean=4.43 mode=6 max=7 | 0:5 1:72 2:5 3:1 5:3 6:180
 309.161  t=307s RTT mean=21733 min=5840 max=46625 n=40 to=0 | cancels=0(+0/s) seqbad=0 len_bad=0 disc=0(0x00) | tot_n=15483 tot_to=0 maxever=79412 >2ms=15483 >5ms=15479 >15ms=4214 >20ms=2964 >30ms=1558 | probes=15484 wrfail=0 down=4s maxout=4s
 311.065  t=308s RTT mean=22311 min=8178 max=39165 n=39 to=0 | cancels=0(+0/s) seqbad=0 len_bad=0 disc=0(0x00) | tot_n=15522 tot_to=0 maxever=79412 >2ms=15522 >5ms=15518 >15ms=4237 >20ms=2987 >30ms=1566 | probes=15523 wrfail=0 down=4s maxout=4s
 311.065  RPT pe: events=268 mean=4.42 mode=6 max=7 | 0:7 1:67 2:6 3:4 4:2 5:5 6:177
 311.125  t=309s RTT mean=22281 min=11911 max=46951 n=39 to=0 | cancels=0(+0/s) seqbad=0 len_bad=0 disc=0(0x00) | tot_n=15561 tot_to=0 maxever=79412 >2ms=15561 >5ms=15557 >15ms=4261 >20ms=3010 >30ms=1573 | probes=15562 wrfail=0 down=4s maxout=4s
 313.092  t=310s RTT mean=23318 min=8240 max=56656 n=38 to=0 | cancels=0(+0/s) seqbad=0 len_bad=0 disc=0(0x00) | tot_n=15599 tot_to=0 maxever=79412 >2ms=15599 >5ms=15595 >15ms=4284 >20ms=3033 >30ms=1582 | probes=15600 wrfail=0 down=4s maxout=4s
 313.092  RPT pe: events=266 mean=4.49 mode=6 max=7 | 0:11 1:56 2:7 3:3 4:6 5:5 6:178
 313.092  t=311s RTT mean=25065 min=8237 max=44300 n=36 to=0 | cancels=0(+0/s) seqbad=0 len_bad=0 disc=0(0x00) | tot_n=15635 tot_to=0 maxever=79412 >2ms=15635 >5ms=15631 >15ms=4310 >20ms=3057 >30ms=1594 | probes=15636 wrfail=0 down=4s maxout=4s
 315.050  t=312s RTT mean=23625 min=5778 max=41813 n=37 to=0 | cancels=0(+0/s) seqbad=0 len_bad=0 disc=0(0x00) | tot_n=15672 tot_to=0 maxever=79412 >2ms=15672 >5ms=15668 >15ms=4335 >20ms=3081 >30ms=1604 | probes=15673 wrfail=0 down=4s maxout=4s
 315.111  RPT pe: events=266 mean=4.43 mode=6 max=7 | 0:13 1:55 2:8 3:5 4:7 5:2 6:176
 315.111  t=313s RTT mean=23797 min=11911 max=47011 n=38 to=0 | cancels=0(+0/s) seqbad=0 len_bad=0 disc=0(0x00) | tot_n=15710 tot_to=0 maxever=79412 >2ms=15710 >5ms=15706 >15ms=4360 >20ms=3104 >30ms=1613 | probes=15710 wrfail=0 down=4s maxout=4s
 317.078  t=314s RTT mean=25192 min=11665 max=44643 n=35 to=0 | cancels=0(+0/s) seqbad=0 len_bad=0 disc=0(0x00) | tot_n=15745 tot_to=0 maxever=79412 >2ms=15745 >5ms=15741 >15ms=4383 >20ms=3127 >30ms=1625 | probes=15746 wrfail=0 down=4s maxout=4s
 317.078  RPT pe: events=267 mean=4.43 mode=6 max=7 | 0:12 1:55 2:5 3:8 4:10 5:6 6:171
 317.138  t=315s RTT mean=23482 min=5777 max=39200 n=37 to=0 | cancels=0(+0/s) seqbad=0 len_bad=0 disc=0(0x00) | tot_n=15782 tot_to=0 maxever=79412 >2ms=15782 >5ms=15778 >15ms=4406 >20ms=3149 >30ms=1637 | probes=15783 wrfail=0 down=4s maxout=4s
 319.060  t=316s RTT mean=23901 min=8241 max=41911 n=38 to=0 | cancels=0(+0/s) seqbad=0 len_bad=0 disc=0(0x00) | tot_n=15820 tot_to=0 maxever=79412 >2ms=15820 >5ms=15816 >15ms=4431 >20ms=3173 >30ms=1647 | probes=15820 wrfail=0 down=4s maxout=4s
 319.060  RPT pe: events=267 mean=4.50 mode=6 max=7 | 0:6 1:56 2:9 3:1 4:17 5:10 6:167 7:1
 319.121  t=317s RTT mean=23784 min=11911 max=46954 n=37 to=0 | cancels=0(+0/s) seqbad=0 len_bad=0 disc=0(0x00) | tot_n=15857 tot_to=0 maxever=79412 >2ms=15857 >5ms=15853 >15ms=4455 >20ms=3196 >30ms=1656 | probes=15858 wrfail=0 down=4s maxout=4s
 321.057  t=318s RTT mean=22187 min=5777 max=35862 n=39 to=0 | cancels=0(+0/s) seqbad=0 len_bad=0 disc=0(0x00) | tot_n=15896 tot_to=0 maxever=79412 >2ms=15896 >5ms=15892 >15ms=4479 >20ms=3219 >30ms=1664 | probes=15897 wrfail=0 down=4s maxout=4s
 321.057  RPT pe: events=266 mean=4.49 mode=6 max=7 | 0:9 1:61 2:5 3:2 4:5 5:5 6:179
 321.118  t=319s RTT mean=22159 min=5840 max=44207 n=40 to=0 | cancels=0(+0/s) seqbad=0 len_bad=0 disc=0(0x00) | tot_n=15936 tot_to=0 maxever=79412 >2ms=15936 >5ms=15932 >15ms=4504 >20ms=3243 >30ms=1670 | probes=15937 wrfail=0 down=4s maxout=4s
 323.087  t=320s RTT mean=22499 min=8243 max=40713 n=38 to=0 | cancels=0(+0/s) seqbad=0 len_bad=0 disc=0(0x00) | tot_n=15974 tot_to=0 maxever=79412 >2ms=15974 >5ms=15970 >15ms=4525 >20ms=3264 >30ms=1681 | probes=15975 wrfail=0 down=4s maxout=4s
 323.087  RPT pe: events=267 mean=4.25 mode=6 max=7 | 0:19 1:62 2:7 4:5 5:3 6:171
 323.148  t=321s RTT mean=26294 min=5778 max=56907 n=35 to=0 | cancels=0(+0/s) seqbad=0 len_bad=0 disc=0(0x00) | tot_n=16009 tot_to=0 maxever=79412 >2ms=16009 >5ms=16005 >15ms=4547 >20ms=3286 >30ms=1694 | probes=16010 wrfail=0 down=4s maxout=4s
 325.100  t=322s RTT mean=27606 min=11911 max=43009 n=32 to=0 | cancels=0(+0/s) seqbad=0 len_bad=0 disc=0(0x00) | tot_n=16041 tot_to=0 maxever=79412 >2ms=16041 >5ms=16037 >15ms=4572 >20ms=3311 >30ms=1708 | probes=16042 wrfail=0 down=4s maxout=4s
 325.101  RPT pe: events=267 mean=4.59 mode=6 max=7 | 0:16 1:47 2:5 3:4 4:5 5:3 6:187
 325.101  t=323s RTT mean=22986 min=11912 max=38320 n=39 to=0 | cancels=0(+0/s) seqbad=0 len_bad=0 disc=0(0x00) | tot_n=16080 tot_to=0 maxever=79412 >2ms=16080 >5ms=16076 >15ms=4597 >20ms=3334 >30ms=1717 | probes=16081 wrfail=0 down=4s maxout=4s
 327.053  t=324s RTT mean=25679 min=5840 max=49406 n=35 to=0 | cancels=0(+0/s) seqbad=0 len_bad=0 disc=0(0x00) | tot_n=16115 tot_to=0 maxever=79412 >2ms=16115 >5ms=16111 >15ms=4621 >20ms=3358 >30ms=1728 | probes=16115 wrfail=0 down=4s maxout=4s
 327.111  RPT pe: events=267 mean=4.47 mode=6 max=7 | 0:14 1:53 2:7 3:5 4:2 5:10 6:176
 327.111  t=325s RTT mean=22588 min=9437 max=38253 n=38 to=0 | cancels=0(+0/s) seqbad=0 len_bad=0 disc=0(0x00) | tot_n=16153 tot_to=0 maxever=79412 >2ms=16153 >5ms=16149 >15ms=4645 >20ms=3381 >30ms=1737 | probes=16154 wrfail=0 down=4s maxout=4s
 329.081  t=326s RTT mean=24603 min=9376 max=49414 n=36 to=0 | cancels=0(+0/s) seqbad=0 len_bad=0 disc=0(0x00) | tot_n=16189 tot_to=0 maxever=79412 >2ms=16189 >5ms=16185 >15ms=4671 >20ms=3406 >30ms=1744 | probes=16190 wrfail=0 down=4s maxout=4s
 329.082  RPT pe: events=266 mean=4.45 mode=6 max=7 | 0:18 1:57 2:1 4:5 5:4 6:180 7:1
 329.140  t=327s RTT mean=22700 min=3134 max=49157 n=39 to=0 | cancels=0(+0/s) seqbad=0 len_bad=0 disc=0(0x00) | tot_n=16228 tot_to=0 maxever=79412 >2ms=16228 >5ms=16223 >15ms=4694 >20ms=3429 >30ms=1752 | probes=16229 wrfail=0 down=4s maxout=4s
 331.061  t=328s RTT mean=21681 min=8240 max=35862 n=41 to=0 | cancels=0(+0/s) seqbad=0 len_bad=0 disc=0(0x00) | tot_n=16269 tot_to=0 maxever=79412 >2ms=16269 >5ms=16264 >15ms=4717 >20ms=3452 >30ms=1761 | probes=16270 wrfail=0 down=4s maxout=4s
 331.061  RPT pe: events=267 mean=4.50 mode=6 max=7 | 0:3 1:69 2:2 3:6 4:4 5:1 6:182
 331.117  t=329s RTT mean=22524 min=8240 max=41911 n=38 to=0 | cancels=0(+0/s) seqbad=0 len_bad=0 disc=0(0x00) | tot_n=16307 tot_to=0 maxever=79412 >2ms=16307 >5ms=16302 >15ms=4740 >20ms=3475 >30ms=1771 | probes=16308 wrfail=0 down=4s maxout=4s
 333.069  t=330s RTT mean=21832 min=7042 max=35601 n=41 to=0 | cancels=0(+0/s) seqbad=0 len_bad=0 disc=0(0x00) | tot_n=16348 tot_to=0 maxever=79412 >2ms=16348 >5ms=16343 >15ms=4763 >20ms=3498 >30ms=1780 | probes=16349 wrfail=0 down=4s maxout=4s
 333.069  RPT pe: events=267 mean=4.46 mode=6 max=7 | 0:10 1:62 2:5 3:3 4:3 5:4 6:180
 333.126  t=331s RTT mean=22878 min=7042 max=39418 n=38 to=0 | cancels=0(+0/s) seqbad=0 len_bad=0 disc=0(0x00) | tot_n=16386 tot_to=0 maxever=79412 >2ms=16386 >5ms=16381 >15ms=4787 >20ms=3521 >30ms=1788 | probes=16387 wrfail=0 down=4s maxout=4s
 335.082  t=332s RTT mean=22727 min=8177 max=46665 n=39 to=0 | cancels=0(+0/s) seqbad=0 len_bad=0 disc=0(0x00) | tot_n=16425 tot_to=0 maxever=79412 >2ms=16425 >5ms=16420 >15ms=4811 >20ms=3544 >30ms=1795 | probes=16426 wrfail=0 down=4s maxout=4s
 335.082  RPT pe: events=266 mean=4.44 mode=6 max=7 | 0:8 1:59 2:10 3:5 4:6 5:3 6:175
 335.082  t=333s RTT mean=23138 min=5777 max=40621 n=38 to=0 | cancels=0(+0/s) seqbad=0 len_bad=0 disc=0(0x00) | tot_n=16463 tot_to=0 maxever=79412 >2ms=16463 >5ms=16458 >15ms=4836 >20ms=3567 >30ms=1804 | probes=16464 wrfail=0 down=4s maxout=4s
 337.073  t=334s RTT mean=24806 min=7042 max=41906 n=36 to=0 | cancels=0(+0/s) seqbad=0 len_bad=0 disc=0(0x00) | tot_n=16499 tot_to=0 maxever=79412 >2ms=16499 >5ms=16494 >15ms=4860 >20ms=3589 >30ms=1818 | probes=16500 wrfail=0 down=4s maxout=4s
 337.073  RPT pe: events=267 mean=4.50 mode=6 max=7 | 0:15 1:51 2:7 3:6 4:3 5:2 6:183
 337.133  t=335s RTT mean=24260 min=9379 max=45498 n=37 to=0 | cancels=0(+0/s) seqbad=0 len_bad=0 disc=0(0x00) | tot_n=16536 tot_to=0 maxever=79412 >2ms=16536 >5ms=16531 >15ms=4886 >20ms=3614 >30ms=1826 | probes=16536 wrfail=0 down=4s maxout=4s
 339.082  t=336s RTT mean=22057 min=5778 max=46666 n=39 to=0 | cancels=0(+0/s) seqbad=0 len_bad=0 disc=0(0x00) | tot_n=16575 tot_to=0 maxever=79412 >2ms=16575 >5ms=16570 >15ms=4908 >20ms=3636 >30ms=1834 | probes=16576 wrfail=0 down=4s maxout=4s
 339.082  RPT pe: events=267 mean=4.44 mode=6 max=7 | 0:8 1:63 2:6 3:3 4:5 5:8 6:174
 339.082  t=337s RTT mean=23862 min=7042 max=41904 n=37 to=0 | cancels=0(+0/s) seqbad=0 len_bad=0 disc=0(0x00) | tot_n=16612 tot_to=0 maxever=79412 >2ms=16612 >5ms=16607 >15ms=4932 >20ms=3659 >30ms=1845 | probes=16613 wrfail=0 down=4s maxout=4s
 341.101  t=338s RTT mean=22720 min=11911 max=36869 n=39 to=0 | cancels=0(+0/s) seqbad=0 len_bad=0 disc=0(0x00) | tot_n=16651 tot_to=0 maxever=79412 >2ms=16651 >5ms=16646 >15ms=4957 >20ms=3682 >30ms=1852 | probes=16652 wrfail=0 down=4s maxout=4s
 341.101  RPT pe: events=266 mean=4.46 mode=6 max=7 | 0:13 1:57 2:6 3:3 4:4 5:4 6:179
 341.101  t=339s RTT mean=24533 min=11910 max=46670 n=36 to=0 | cancels=0(+0/s) seqbad=0 len_bad=0 disc=0(0x00) | tot_n=16687 tot_to=0 maxever=79412 >2ms=16687 >5ms=16682 >15ms=4981 >20ms=3705 >30ms=1865 | probes=16688 wrfail=0 down=4s maxout=4s
 343.103  t=340s RTT mean=22529 min=11911 max=36802 n=39 to=0 | cancels=0(+0/s) seqbad=0 len_bad=0 disc=0(0x00) | tot_n=16726 tot_to=0 maxever=79412 >2ms=16726 >5ms=16721 >15ms=5005 >20ms=3728 >30ms=1875 | probes=16727 wrfail=0 down=4s maxout=4s
 343.103  RPT pe: events=267 mean=4.43 mode=6 max=7 | 0:7 1:68 2:6 3:2 4:3 5:1 6:179 7:1
 343.103  t=341s RTT mean=23381 min=11911 max=43357 n=37 to=0 | cancels=0(+0/s) seqbad=0 len_bad=0 disc=0(0x00) | tot_n=16763 tot_to=0 maxever=79412 >2ms=16763 >5ms=16758 >15ms=5027 >20ms=3750 >30ms=1885 | probes=16764 wrfail=0 down=4s maxout=4s
 345.102  t=342s RTT mean=21753 min=5777 max=40459 n=41 to=0 | cancels=0(+0/s) seqbad=0 len_bad=0 disc=0(0x00) | tot_n=16804 tot_to=0 maxever=79412 >2ms=16804 >5ms=16799 >15ms=5051 >20ms=3774 >30ms=1890 | probes=16805 wrfail=0 down=4s maxout=4s
 345.103  RPT pe: events=267 mean=4.52 mode=6 max=7 | 0:6 1:65 2:4 3:3 4:1 5:6 6:182
 345.103  t=343s RTT mean=23534 min=11911 max=38060 n=38 to=0 | cancels=0(+0/s) seqbad=0 len_bad=0 disc=0(0x00) | tot_n=16842 tot_to=0 maxever=79412 >2ms=16842 >5ms=16837 >15ms=5077 >20ms=3797 >30ms=1898 | probes=16843 wrfail=0 down=4s maxout=4s
 347.093  t=344s RTT mean=24474 min=11911 max=44325 n=36 to=0 | cancels=0(+0/s) seqbad=0 len_bad=0 disc=0(0x00) | tot_n=16878 tot_to=0 maxever=79412 >2ms=16878 >5ms=16873 >15ms=5101 >20ms=3821 >30ms=1908 | probes=16879 wrfail=0 down=4s maxout=4s
 347.093  RPT pe: events=267 mean=4.47 mode=6 max=7 | 0:10 1:54 2:6 3:4 4:17 5:7 6:169
 347.093  t=345s RTT mean=23667 min=5777 max=46675 n=38 to=0 | cancels=0(+0/s) seqbad=0 len_bad=0 disc=0(0x00) | tot_n=16916 tot_to=0 maxever=79412 >2ms=16916 >5ms=16911 >15ms=5126 >20ms=3845 >30ms=1917 | probes=16916 wrfail=0 down=4s maxout=4s
 349.111  t=346s RTT mean=23175 min=10636 max=45816 n=38 to=0 | cancels=0(+0/s) seqbad=0 len_bad=0 disc=0(0x00) | tot_n=16954 tot_to=0 maxever=79412 >2ms=16954 >5ms=16949 >15ms=5149 >20ms=3868 >30ms=1927 | probes=16954 wrfail=0 down=4s maxout=4s
 349.111  RPT pe: events=266 mean=4.40 mode=6 max=7 | 0:8 1:64 2:5 3:3 4:8 5:10 6:168
 349.111  t=347s RTT mean=22450 min=10636 max=43107 n=39 to=0 | cancels=0(+0/s) seqbad=0 len_bad=0 disc=0(0x00) | tot_n=16993 tot_to=0 maxever=79412 >2ms=16993 >5ms=16988 >15ms=5173 >20ms=3892 >30ms=1935 | probes=16994 wrfail=0 down=4s maxout=4s
 351.062  t=348s RTT mean=22860 min=5778 max=44296 n=38 to=0 | cancels=0(+0/s) seqbad=0 len_bad=0 disc=0(0x00) | tot_n=17031 tot_to=0 maxever=79412 >2ms=17031 >5ms=17026 >15ms=5196 >20ms=3915 >30ms=1943 | probes=17032 wrfail=0 down=4s maxout=4s
 351.062  RPT pe: events=267 mean=4.49 mode=6 max=7 | 0:3 1:61 2:9 3:8 4:2 5:14 6:170
 351.122  t=349s RTT mean=22234 min=9439 max=46665 n=40 to=0 | cancels=0(+0/s) seqbad=0 len_bad=0 disc=0(0x00) | tot_n=17071 tot_to=0 maxever=79412 >2ms=17071 >5ms=17066 >15ms=5220 >20ms=3939 >30ms=1949 | probes=17072 wrfail=0 down=4s maxout=4s
 353.079  t=350s RTT mean=21402 min=11912 max=38081 n=40 to=0 | cancels=0(+0/s) seqbad=0 len_bad=0 disc=0(0x00) | tot_n=17111 tot_to=0 maxever=79412 >2ms=17111 >5ms=17106 >15ms=5245 >20ms=3961 >30ms=1954 | probes=17112 wrfail=0 down=4s maxout=4s
 353.079  RPT pe: events=267 mean=4.40 mode=6 max=7 | 0:7 1:68 2:5 3:5 4:2 5:6 6:174
 353.135  t=351s RTT mean=23619 min=11911 max=51708 n=37 to=0 | cancels=0(+0/s) seqbad=0 len_bad=0 disc=0(0x00) | tot_n=17148 tot_to=0 maxever=79412 >2ms=17148 >5ms=17143 >15ms=5267 >20ms=3983 >30ms=1965 | probes=17149 wrfail=0 down=4s maxout=4s
 355.056  t=352s RTT mean=24152 min=11911 max=43104 n=38 to=0 | cancels=0(+0/s) seqbad=0 len_bad=0 disc=0(0x00) | tot_n=17186 tot_to=0 maxever=79412 >2ms=17186 >5ms=17181 >15ms=5291 >20ms=4007 >30ms=1975 | probes=17186 wrfail=0 down=4s maxout=4s
 355.117  RPT pe: events=266 mean=4.57 mode=6 max=7 | 0:5 1:59 2:4 3:6 4:6 5:7 6:179
 355.117  t=353s RTT mean=23717 min=7039 max=46791 n=37 to=0 | cancels=0(+0/s) seqbad=0 len_bad=0 disc=0(0x00) | tot_n=17223 tot_to=0 maxever=79412 >2ms=17223 >5ms=17218 >15ms=5316 >20ms=4031 >30ms=1982 | probes=17224 wrfail=0 down=4s maxout=4s
 357.073  t=354s RTT mean=21744 min=7039 max=44643 n=40 to=0 | cancels=0(+0/s) seqbad=0 len_bad=0 disc=0(0x00) | tot_n=17263 tot_to=0 maxever=79412 >2ms=17263 >5ms=17258 >15ms=5340 >20ms=4054 >30ms=1988 | probes=17264 wrfail=0 down=4s maxout=4s
 357.073  RPT pe: events=267 mean=4.40 mode=6 max=7 | 0:10 1:65 2:2 3:7 4:3 5:5 6:175
 357.126  t=355s RTT mean=23722 min=11912 max=44468 n=37 to=0 | cancels=0(+0/s) seqbad=0 len_bad=0 disc=0(0x00) | tot_n=17300 tot_to=0 maxever=79412 >2ms=17300 >5ms=17295 >15ms=5363 >20ms=4076 >30ms=1996 | probes=17301 wrfail=0 down=4s maxout=4s
 359.109  t=356s RTT mean=24983 min=8239 max=46919 n=36 to=0 | cancels=0(+0/s) seqbad=0 len_bad=0 disc=0(0x00) | tot_n=17336 tot_to=0 maxever=79412 >2ms=17336 >5ms=17331 >15ms=5387 >20ms=4099 >30ms=2010 | probes=17337 wrfail=0 down=4s maxout=4s
 359.109  RPT pe: events=267 mean=4.43 mode=6 max=7 | 0:14 1:55 2:9 3:3 4:6 5:2 6:178
 359.109  t=357s RTT mean=24019 min=11911 max=40713 n=37 to=0 | cancels=0(+0/s) seqbad=0 len_bad=0 disc=0(0x00) | tot_n=17373 tot_to=0 maxever=79412 >2ms=17373 >5ms=17368 >15ms=5411 >20ms=4122 >30ms=2020 | probes=17374 wrfail=0 down=4s maxout=4s
 361.088  t=358s RTT mean=24190 min=11911 max=55457 n=36 to=0 | cancels=0(+0/s) seqbad=0 len_bad=0 disc=0(0x00) | tot_n=17409 tot_to=0 maxever=79412 >2ms=17409 >5ms=17404 >15ms=5435 >20ms=4145 >30ms=2028 | probes=17410 wrfail=0 down=4s maxout=4s
 361.088  RPT pe: events=266 mean=4.46 mode=6 max=7 | 0:15 1:51 2:11 3:4 4:3 5:2 6:180
 361.088  t=359s RTT mean=25788 min=9375 max=41906 n=35 to=0 | cancels=0(+0/s) seqbad=0 len_bad=0 disc=0(0x00) | tot_n=17444 tot_to=0 maxever=79412 >2ms=17444 >5ms=17439 >15ms=5459 >20ms=4168 >30ms=2042 | probes=17445 wrfail=0 down=4s maxout=4s
 363.066  t=360s RTT mean=22728 min=8240 max=40477 n=39 to=0 | cancels=0(+0/s) seqbad=0 len_bad=0 disc=0(0x00) | tot_n=17483 tot_to=0 maxever=79412 >2ms=17483 >5ms=17478 >15ms=5483 >20ms=4192 >30ms=2049 | probes=17484 wrfail=0 down=4s maxout=4s
 363.067  RPT pe: events=267 mean=4.53 mode=6 max=7 | 0:7 1:61 2:2 3:7 4:5 5:4 6:181
 363.127  t=361s RTT mean=23087 min=11912 max=35603 n=38 to=0 | cancels=0(+0/s) seqbad=0 len_bad=0 disc=0(0x00) | tot_n=17521 tot_to=0 maxever=79412 >2ms=17521 >5ms=17516 >15ms=5509 >20ms=4215 >30ms=2057 | probes=17522 wrfail=0 down=4s maxout=4s
 365.086  t=362s RTT mean=21892 min=8240 max=35881 n=40 to=0 | cancels=0(+0/s) seqbad=0 len_bad=0 disc=0(0x00) | tot_n=17561 tot_to=0 maxever=79412 >2ms=17561 >5ms=17556 >15ms=5532 >20ms=4237 >30ms=2066 | probes=17562 wrfail=0 down=4s maxout=4s
 365.086  RPT pe: events=267 mean=4.47 mode=6 max=7 | 0:9 1:65 2:3 3:1 4:4 5:4 6:181
 365.086  t=363s RTT mean=22675 min=6970 max=48115 n=39 to=0 | cancels=0(+0/s) seqbad=0 len_bad=0 disc=0(0x00) | tot_n=17600 tot_to=0 maxever=79412 >2ms=17600 >5ms=17595 >15ms=5557 >20ms=4261 >30ms=2073 | probes=17601 wrfail=0 down=4s maxout=4s
 367.074  t=364s RTT mean=24713 min=10636 max=41813 n=36 to=0 | cancels=0(+0/s) seqbad=0 len_bad=0 disc=0(0x00) | tot_n=17636 tot_to=0 maxever=79412 >2ms=17636 >5ms=17631 >15ms=5580 >20ms=4283 >30ms=2089 | probes=17637 wrfail=0 down=4s maxout=4s
 367.074  PCTL target=125 tot=2273 to=0 p50=26 p90=34 p99=45 p99.9=54 max=56 g30=548 g100=0 (ms/counts)
 367.074  LOADRAMP: target=150 KBps for 60s
 367.135  RPT pe: events=267 mean=4.41 mode=6 max=7 | 0:9 1:62 2:6 3:4 4:11 5:2 6:173
 367.135  t=365s RTT mean=23731 min=7042 max=47858 n=37 to=0 | cancels=0(+0/s) seqbad=0 len_bad=0 disc=0(0x00) | tot_n=17673 tot_to=0 maxever=79412 >2ms=17673 >5ms=17668 >15ms=5602 >20ms=4305 >30ms=2099 | probes=17674 wrfail=0 down=4s maxout=4s
 369.086  t=366s RTT mean=28289 min=11911 max=38079 n=32 to=0 | cancels=0(+0/s) seqbad=0 len_bad=0 disc=0(0x00) | tot_n=17705 tot_to=0 maxever=79412 >2ms=17705 >5ms=17700 >15ms=5632 >20ms=4335 >30ms=2109 | probes=17706 wrfail=0 down=4s maxout=4s
 369.087  RPT pe: events=267 mean=5.28 mode=6 max=7 | 0:7 1:20 2:7 3:1 4:7 5:4 6:221
 369.087  t=367s RTT mean=26001 min=11911 max=41911 n=34 to=0 | cancels=0(+0/s) seqbad=0 len_bad=0 disc=0(0x00) | tot_n=17739 tot_to=0 maxever=79412 >2ms=17739 >5ms=17734 >15ms=5659 >20ms=4362 >30ms=2118 | probes=17740 wrfail=0 down=4s maxout=4s
 371.085  t=368s RTT mean=29723 min=11911 max=49312 n=30 to=0 | cancels=0(+0/s) seqbad=0 len_bad=0 disc=0(0x00) | tot_n=17769 tot_to=0 maxever=79412 >2ms=17769 >5ms=17764 >15ms=5686 >20ms=4389 >30ms=2133 | probes=17770 wrfail=0 down=4s maxout=4s
 371.085  RPT pe: events=266 mean=5.15 mode=6 max=7 | 0:16 1:14 2:8 3:5 4:5 5:3 6:215
 371.137  t=369s RTT mean=29464 min=5777 max=47014 n=31 to=0 | cancels=0(+0/s) seqbad=0 len_bad=0 disc=0(0x00) | tot_n=17800 tot_to=0 maxever=79412 >2ms=17800 >5ms=17795 >15ms=5715 >20ms=4418 >30ms=2147 | probes=17801 wrfail=0 down=4s maxout=4s
 373.078  t=370s RTT mean=28370 min=11914 max=40712 n=32 to=0 | cancels=0(+0/s) seqbad=0 len_bad=0 disc=0(0x00) | tot_n=17832 tot_to=0 maxever=79412 >2ms=17832 >5ms=17827 >15ms=5744 >20ms=4446 >30ms=2159 | probes=17833 wrfail=0 down=4s maxout=4s
 373.078  RPT pe: events=267 mean=5.21 mode=6 max=7 | 0:11 1:22 2:4 3:3 4:2 5:4 6:221
 373.137  t=371s RTT mean=27788 min=11911 max=44207 n=32 to=0 | cancels=0(+0/s) seqbad=0 len_bad=0 disc=0(0x00) | tot_n=17864 tot_to=0 maxever=79412 >2ms=17864 >5ms=17859 >15ms=5772 >20ms=4474 >30ms=2168 | probes=17865 wrfail=0 down=4s maxout=4s
 375.062  t=372s RTT mean=29681 min=5777 max=48115 n=31 to=0 | cancels=0(+0/s) seqbad=0 len_bad=0 disc=0(0x00) | tot_n=17895 tot_to=0 maxever=79412 >2ms=17895 >5ms=17890 >15ms=5800 >20ms=4502 >30ms=2181 | probes=17896 wrfail=0 down=4s maxout=4s
 375.123  RPT pe: events=266 mean=5.14 mode=6 max=7 | 0:10 1:21 2:6 3:4 4:11 5:4 6:210
 375.123  t=373s RTT mean=28954 min=11913 max=35610 n=31 to=0 | cancels=0(+0/s) seqbad=0 len_bad=0 disc=0(0x00) | tot_n=17926 tot_to=0 maxever=79412 >2ms=17926 >5ms=17921 >15ms=5829 >20ms=4529 >30ms=2198 | probes=17927 wrfail=0 down=4s maxout=4s
 377.097  t=374s RTT mean=27538 min=5778 max=40710 n=33 to=0 | cancels=0(+0/s) seqbad=0 len_bad=0 disc=0(0x00) | tot_n=17959 tot_to=0 maxever=79412 >2ms=17959 >5ms=17954 >15ms=5857 >20ms=4557 >30ms=2210 | probes=17960 wrfail=0 down=4s maxout=4s
 377.098  RPT pe: events=267 mean=5.21 mode=6 max=7 | 0:11 1:22 2:5 3:3 4:2 5:1 6:222 7:1
 377.098  t=375s RTT mean=27377 min=11912 max=41658 n=33 to=0 | cancels=0(+0/s) seqbad=0 len_bad=0 disc=0(0x00) | tot_n=17992 tot_to=0 maxever=79412 >2ms=17992 >5ms=17987 >15ms=5887 >20ms=4585 >30ms=2220 | probes=17992 wrfail=0 down=4s maxout=4s
 379.064  t=376s RTT mean=27151 min=8104 max=43362 n=33 to=0 | cancels=0(+0/s) seqbad=0 len_bad=0 disc=0(0x00) | tot_n=18025 tot_to=0 maxever=79412 >2ms=18025 >5ms=18020 >15ms=5915 >20ms=4613 >30ms=2229 | probes=18026 wrfail=0 down=4s maxout=4s
 379.064  RPT pe: events=267 mean=5.15 mode=6 max=7 | 0:6 1:26 2:4 3:5 4:6 5:17 6:203
 379.117  t=377s RTT mean=24525 min=5777 max=34312 n=36 to=0 | cancels=0(+0/s) seqbad=0 len_bad=0 disc=0(0x00) | tot_n=18061 tot_to=0 maxever=79412 >2ms=18061 >5ms=18056 >15ms=5943 >20ms=4641 >30ms=2235 | probes=18062 wrfail=0 down=4s maxout=4s
 381.113  t=378s RTT mean=26954 min=11911 max=42163 n=32 to=0 | cancels=0(+0/s) seqbad=0 len_bad=0 disc=0(0x00) | tot_n=18093 tot_to=0 maxever=79412 >2ms=18093 >5ms=18088 >15ms=5969 >20ms=4666 >30ms=2246 | probes=18094 wrfail=0 down=4s maxout=4s
 381.113  RPT pe: events=266 mean=5.15 mode=6 max=7 | 0:5 1:27 2:3 3:10 4:4 5:9 6:208
 381.113  t=379s RTT mean=26745 min=5760 max=44374 n=34 to=0 | cancels=0(+0/s) seqbad=0 len_bad=0 disc=0(0x00) | tot_n=18127 tot_to=0 maxever=79412 >2ms=18127 >5ms=18122 >15ms=5997 >20ms=4694 >30ms=2255 | probes=18128 wrfail=0 down=4s maxout=4s
 383.071  t=380s RTT mean=25242 min=5778 max=36807 n=36 to=0 | cancels=0(+0/s) seqbad=0 len_bad=0 disc=0(0x00) | tot_n=18163 tot_to=0 maxever=79412 >2ms=18163 >5ms=18158 >15ms=6026 >20ms=4722 >30ms=2263 | probes=18164 wrfail=0 down=4s maxout=4s
 383.072  RPT pe: events=267 mean=5.15 mode=6 max=7 | 0:6 1:31 2:5 3:1 4:4 5:4 6:216
 383.126  t=381s RTT mean=26383 min=11911 max=38320 n=33 to=0 | cancels=0(+0/s) seqbad=0 len_bad=0 disc=0(0x00) | tot_n=18196 tot_to=0 maxever=79412 >2ms=18196 >5ms=18191 >15ms=6053 >20ms=4749 >30ms=2273 | probes=18197 wrfail=0 down=4s maxout=4s
 385.093  t=382s RTT mean=27178 min=5786 max=41899 n=34 to=0 | cancels=0(+0/s) seqbad=0 len_bad=0 disc=0(0x00) | tot_n=18230 tot_to=0 maxever=79412 >2ms=18230 >5ms=18225 >15ms=6082 >20ms=4778 >30ms=2284 | probes=18231 wrfail=0 down=4s maxout=4s
 385.093  RPT pe: events=267 mean=5.16 mode=6 max=7 | 0:7 1:29 2:4 3:3 4:4 5:2 6:218
 385.093  t=383s RTT mean=25350 min=11911 max=39167 n=35 to=0 | cancels=0(+0/s) seqbad=0 len_bad=0 disc=0(0x00) | tot_n=18265 tot_to=0 maxever=79412 >2ms=18265 >5ms=18260 >15ms=6111 >20ms=4805 >30ms=2290 | probes=18266 wrfail=0 down=4s maxout=4s
 387.074  t=384s RTT mean=26260 min=11912 max=41910 n=34 to=0 | cancels=0(+0/s) seqbad=0 len_bad=0 disc=0(0x00) | tot_n=18299 tot_to=0 maxever=79412 >2ms=18299 >5ms=18294 >15ms=6138 >20ms=4832 >30ms=2300 | probes=18300 wrfail=0 down=4s maxout=4s
 387.074  RPT pe: events=267 mean=5.07 mode=6 max=7 | 0:11 1:24 2:8 3:6 4:5 5:2 6:211
 387.134  t=385s RTT mean=29788 min=8170 max=43010 n=30 to=0 | cancels=0(+0/s) seqbad=0 len_bad=0 disc=0(0x00) | tot_n=18329 tot_to=0 maxever=79412 >2ms=18329 >5ms=18324 >15ms=6166 >20ms=4860 >30ms=2316 | probes=18330 wrfail=0 down=4s maxout=4s
 389.081  t=386s RTT mean=25278 min=10636 max=40627 n=36 to=0 | cancels=0(+0/s) seqbad=0 len_bad=0 disc=0(0x00) | tot_n=18365 tot_to=0 maxever=79412 >2ms=18365 >5ms=18360 >15ms=6194 >20ms=4888 >30ms=2324 | probes=18366 wrfail=0 down=4s maxout=4s
 389.081  RPT pe: events=266 mean=5.10 mode=6 max=7 | 0:6 1:35 2:1 3:4 4:4 5:4 6:212
 389.134  t=387s RTT mean=26470 min=11911 max=45561 n=33 to=0 | cancels=0(+0/s) seqbad=0 len_bad=0 disc=0(0x00) | tot_n=18398 tot_to=0 maxever=79412 >2ms=18398 >5ms=18393 >15ms=6221 >20ms=4915 >30ms=2330 | probes=18399 wrfail=0 down=4s maxout=4s
 391.061  t=388s RTT mean=30062 min=9376 max=48153 n=30 to=0 | cancels=0(+0/s) seqbad=0 len_bad=0 disc=0(0x00) | tot_n=18428 tot_to=0 maxever=79412 >2ms=18428 >5ms=18423 >15ms=6249 >20ms=4942 >30ms=2341 | probes=18429 wrfail=0 down=4s maxout=4s
 391.117  RPT pe: events=267 mean=5.04 mode=6 max=7 | 0:19 1:18 2:7 3:2 4:7 5:4 6:209 7:1
 391.117  t=389s RTT mean=33832 min=26907 max=54164 n=27 to=0 | cancels=0(+0/s) seqbad=0 len_bad=0 disc=0(0x00) | tot_n=18455 tot_to=0 maxever=79412 >2ms=18455 >5ms=18450 >15ms=6276 >20ms=4969 >30ms=2356 | probes=18456 wrfail=0 down=4s maxout=4s
 393.088  t=390s RTT mean=32691 min=24175 max=50608 n=28 to=0 | cancels=0(+0/s) seqbad=0 len_bad=0 disc=0(0x00) | tot_n=18483 tot_to=0 maxever=79412 >2ms=18483 >5ms=18478 >15ms=6304 >20ms=4997 >30ms=2373 | probes=18484 wrfail=0 down=4s maxout=4s
 393.088  RPT pe: events=267 mean=5.23 mode=6 max=7 | 0:18 1:8 2:5 3:6 4:6 5:5 6:219
 393.142  t=391s RTT mean=27973 min=11665 max=39453 n=32 to=0 | cancels=0(+0/s) seqbad=0 len_bad=0 disc=0(0x00) | tot_n=18515 tot_to=0 maxever=79412 >2ms=18515 >5ms=18510 >15ms=6333 >20ms=5025 >30ms=2382 | probes=18516 wrfail=0 down=4s maxout=4s
 395.089  t=392s RTT mean=27747 min=11911 max=40455 n=33 to=0 | cancels=0(+0/s) seqbad=0 len_bad=0 disc=0(0x00) | tot_n=18548 tot_to=0 maxever=79412 >2ms=18548 >5ms=18543 >15ms=6362 >20ms=5053 >30ms=2394 | probes=18549 wrfail=0 down=4s maxout=4s
 395.090  RPT pe: events=266 mean=5.16 mode=6 max=7 | 0:5 1:25 2:6 3:8 4:6 5:8 6:208
 395.142  t=393s RTT mean=27868 min=11912 max=40708 n=32 to=0 | cancels=0(+0/s) seqbad=0 len_bad=0 disc=0(0x00) | tot_n=18580 tot_to=0 maxever=79412 >2ms=18580 >5ms=18575 >15ms=6390 >20ms=5081 >30ms=2406 | probes=18581 wrfail=0 down=4s maxout=4s
 397.076  t=394s RTT mean=25796 min=9382 max=39254 n=35 to=0 | cancels=0(+0/s) seqbad=0 len_bad=0 disc=0(0x00) | tot_n=18615 tot_to=0 maxever=79412 >2ms=18615 >5ms=18610 >15ms=6418 >20ms=5109 >30ms=2415 | probes=18616 wrfail=0 down=4s maxout=4s
 397.076  RPT pe: events=267 mean=5.10 mode=6 max=7 | 0:9 1:21 2:9 3:11 4:3 5:5 6:209
 397.136  t=395s RTT mean=29632 min=11912 max=48210 n=31 to=0 | cancels=0(+0/s) seqbad=0 len_bad=0 disc=0(0x00) | tot_n=18646 tot_to=0 maxever=79412 >2ms=18646 >5ms=18641 >15ms=6446 >20ms=5136 >30ms=2428 | probes=18646 wrfail=0 down=4s maxout=4s
 399.058  t=396s RTT mean=29107 min=11911 max=43017 n=30 to=0 | cancels=0(+0/s) seqbad=0 len_bad=0 disc=0(0x00) | tot_n=18676 tot_to=0 maxever=79412 >2ms=18676 >5ms=18671 >15ms=6474 >20ms=5164 >30ms=2440 | probes=18677 wrfail=0 down=4s maxout=4s
 399.118  RPT pe: events=267 mean=5.25 mode=6 max=7 | 0:7 1:20 2:5 3:6 4:5 5:8 6:216
 399.119  t=397s RTT mean=27566 min=10873 max=41906 n=33 to=0 | cancels=0(+0/s) seqbad=0 len_bad=0 disc=0(0x00) | tot_n=18709 tot_to=0 maxever=79412 >2ms=18709 >5ms=18704 >15ms=6502 >20ms=5192 >30ms=2449 | probes=18710 wrfail=0 down=4s maxout=4s
 401.118  t=398s RTT mean=26447 min=5779 max=41910 n=34 to=0 | cancels=0(+0/s) seqbad=0 len_bad=0 disc=0(0x00) | tot_n=18743 tot_to=0 maxever=79412 >2ms=18743 >5ms=18738 >15ms=6530 >20ms=5219 >30ms=2460 | probes=18744 wrfail=0 down=4s maxout=4s
 401.118  RPT pe: events=266 mean=5.15 mode=6 max=7 | 0:10 1:25 2:3 3:7 4:3 5:1 6:217
 401.118  t=399s RTT mean=26640 min=11914 max=47012 n=34 to=0 | cancels=0(+0/s) seqbad=0 len_bad=0 disc=0(0x00) | tot_n=18777 tot_to=0 maxever=79412 >2ms=18777 >5ms=18772 >15ms=6560 >20ms=5248 >30ms=2465 | probes=18778 wrfail=0 down=4s maxout=4s
 403.112  t=400s RTT mean=26474 min=11912 max=41811 n=33 to=0 | cancels=0(+0/s) seqbad=0 len_bad=0 disc=0(0x00) | tot_n=18810 tot_to=0 maxever=79412 >2ms=18810 >5ms=18805 >15ms=6588 >20ms=5276 >30ms=2473 | probes=18811 wrfail=0 down=4s maxout=4s
 403.112  RPT pe: events=267 mean=5.14 mode=6 max=7 | 0:10 1:27 2:3 3:5 4:3 6:219
 403.172  t=401s RTT mean=25310 min=11911 max=40620 n=35 to=0 | cancels=0(+0/s) seqbad=0 len_bad=0 disc=0(0x00) | tot_n=18845 tot_to=0 maxever=79412 >2ms=18845 >5ms=18840 >15ms=6616 >20ms=5304 >30ms=2480 | probes=18846 wrfail=0 down=4s maxout=4s
 405.112  t=402s RTT mean=25783 min=11912 max=39164 n=35 to=0 | cancels=0(+0/s) seqbad=0 len_bad=0 disc=0(0x00) | tot_n=18880 tot_to=0 maxever=79412 >2ms=18880 >5ms=18875 >15ms=6645 >20ms=5333 >30ms=2487 | probes=18881 wrfail=0 down=4s maxout=4s
 405.112  RPT pe: events=267 mean=5.07 mode=6 max=7 | 0:15 1:19 2:6 3:9 4:4 5:3 6:211
 405.112  t=403s RTT mean=32050 min=14216 max=55456 n=29 to=0 | cancels=0(+0/s) seqbad=0 len_bad=0 disc=0(0x00) | tot_n=18909 tot_to=0 maxever=79412 >2ms=18909 >5ms=18904 >15ms=6673 >20ms=5360 >30ms=2499 | probes=18910 wrfail=0 down=4s maxout=4s
 407.090  t=404s RTT mean=28127 min=8240 max=43010 n=31 to=0 | cancels=0(+0/s) seqbad=0 len_bad=0 disc=0(0x00) | tot_n=18940 tot_to=0 maxever=79412 >2ms=18940 >5ms=18935 >15ms=6700 >20ms=5387 >30ms=2508 | probes=18941 wrfail=0 down=4s maxout=4s
 407.091  RPT pe: events=267 mean=5.20 mode=6 max=7 | 0:11 1:19 2:4 3:5 4:8 5:5 6:215
 407.151  t=405s RTT mean=27977 min=11911 max=43038 n=33 to=0 | cancels=0(+0/s) seqbad=0 len_bad=0 disc=0(0x00) | tot_n=18973 tot_to=0 maxever=79412 >2ms=18973 >5ms=18968 >15ms=6729 >20ms=5416 >30ms=2518 | probes=18974 wrfail=0 down=4s maxout=4s
 409.085  t=406s RTT mean=26267 min=5777 max=52060 n=34 to=0 | cancels=0(+0/s) seqbad=0 len_bad=0 disc=0(0x00) | tot_n=19007 tot_to=0 maxever=79412 >2ms=19007 >5ms=19002 >15ms=6757 >20ms=5444 >30ms=2525 | probes=19008 wrfail=0 down=4s maxout=4s
 409.085  RPT pe: events=266 mean=5.09 mode=6 max=7 | 0:11 1:25 2:7 3:3 4:6 5:2 6:212
 409.142  t=407s RTT mean=28585 min=11912 max=55709 n=31 to=0 | cancels=0(+0/s) seqbad=0 len_bad=0 disc=0(0x00) | tot_n=19038 tot_to=0 maxever=79412 >2ms=19038 >5ms=19033 >15ms=6784 >20ms=5470 >30ms=2536 | probes=19039 wrfail=0 down=4s maxout=4s
 411.107  t=408s RTT mean=26882 min=11911 max=44364 n=34 to=0 | cancels=0(+0/s) seqbad=0 len_bad=0 disc=0(0x00) | tot_n=19072 tot_to=0 maxever=79412 >2ms=19072 >5ms=19067 >15ms=6813 >20ms=5498 >30ms=2546 | probes=19073 wrfail=0 down=4s maxout=4s
 411.108  RPT pe: events=267 mean=5.26 mode=6 max=7 | 0:7 1:20 2:8 3:3 4:4 5:5 6:219 7:1
 411.108  t=409s RTT mean=28492 min=11911 max=46918 n=31 to=0 | cancels=0(+0/s) seqbad=0 len_bad=0 disc=0(0x00) | tot_n=19103 tot_to=0 maxever=79412 >2ms=19103 >5ms=19098 >15ms=6841 >20ms=5526 >30ms=2555 | probes=19104 wrfail=0 down=4s maxout=4s
 413.071  t=410s RTT mean=31384 min=13024 max=46664 n=29 to=0 | cancels=0(+0/s) seqbad=0 len_bad=0 disc=0(0x00) | tot_n=19132 tot_to=0 maxever=79412 >2ms=19132 >5ms=19127 >15ms=6869 >20ms=5554 >30ms=2569 | probes=19133 wrfail=0 down=4s maxout=4s
 413.071  RPT pe: events=267 mean=5.19 mode=6 max=7 | 0:8 1:20 2:12 3:2 4:4 5:5 6:216
 413.131  t=411s RTT mean=25598 min=11912 max=40616 n=35 to=0 | cancels=0(+0/s) seqbad=0 len_bad=0 disc=0(0x00) | tot_n=19167 tot_to=0 maxever=79412 >2ms=19167 >5ms=19162 >15ms=6897 >20ms=5582 >30ms=2576 | probes=19168 wrfail=0 down=4s maxout=4s
 415.062  t=412s RTT mean=26911 min=11911 max=45689 n=34 to=0 | cancels=0(+0/s) seqbad=0 len_bad=0 disc=0(0x00) | tot_n=19201 tot_to=0 maxever=79412 >2ms=19201 >5ms=19196 >15ms=6926 >20ms=5611 >30ms=2585 | probes=19201 wrfail=0 down=4s maxout=4s
 415.122  RPT pe: events=266 mean=5.25 mode=6 max=7 | 0:4 1:26 2:4 3:7 4:3 5:1 6:221
 415.122  t=413s RTT mean=25132 min=5777 max=36802 n=35 to=0 | cancels=0(+0/s) seqbad=0 len_bad=0 disc=0(0x00) | tot_n=19236 tot_to=0 maxever=79412 >2ms=19236 >5ms=19231 >15ms=6954 >20ms=5639 >30ms=2593 | probes=19237 wrfail=0 down=4s maxout=4s
 417.104  t=414s RTT mean=27870 min=11911 max=44368 n=32 to=0 | cancels=0(+0/s) seqbad=0 len_bad=0 disc=0(0x00) | tot_n=19268 tot_to=0 maxever=79412 >2ms=19268 >5ms=19263 >15ms=6982 >20ms=5667 >30ms=2603 | probes=19269 wrfail=0 down=4s maxout=4s
 417.104  RPT pe: events=267 mean=5.10 mode=6 max=7 | 0:9 1:19 2:11 3:10 4:4 5:8 6:206
 417.104  t=415s RTT mean=29678 min=11911 max=40713 n=31 to=0 | cancels=0(+0/s) seqbad=0 len_bad=0 disc=0(0x00) | tot_n=19299 tot_to=0 maxever=79412 >2ms=19299 >5ms=19294 >15ms=7010 >20ms=5694 >30ms=2620 | probes=19300 wrfail=0 down=4s maxout=4s
 419.088  t=416s RTT mean=26048 min=11914 max=35862 n=34 to=0 | cancels=0(+0/s) seqbad=0 len_bad=0 disc=0(0x00) | tot_n=19333 tot_to=0 maxever=79412 >2ms=19333 >5ms=19328 >15ms=7040 >20ms=5724 >30ms=2626 | probes=19334 wrfail=0 down=4s maxout=4s
 419.088  RPT pe: events=267 mean=5.26 mode=6 max=7 | 0:6 1:27 2:3 3:2 4:2 5:2 6:225
 419.141  t=417s RTT mean=24627 min=11911 max=35510 n=36 to=0 | cancels=0(+0/s) seqbad=0 len_bad=0 disc=0(0x00) | tot_n=19369 tot_to=0 maxever=79412 >2ms=19369 >5ms=19364 >15ms=7068 >20ms=5752 >30ms=2631 | probes=19370 wrfail=0 down=4s maxout=4s
 421.068  t=418s RTT mean=24395 min=5777 max=39195 n=36 to=0 | cancels=0(+0/s) seqbad=0 len_bad=0 disc=0(0x00) | tot_n=19405 tot_to=0 maxever=79412 >2ms=19405 >5ms=19400 >15ms=7096 >20ms=5779 >30ms=2637 | probes=19406 wrfail=0 down=4s maxout=4s
 421.128  RPT pe: events=266 mean=5.12 mode=6 max=7 | 0:6 1:33 2:4 3:2 4:4 5:1 6:216
 421.128  t=419s RTT mean=25197 min=11911 max=36704 n=36 to=0 | cancels=0(+0/s) seqbad=0 len_bad=0 disc=0(0x00) | tot_n=19441 tot_to=0 maxever=79412 >2ms=19441 >5ms=19436 >15ms=7125 >20ms=5807 >30ms=2644 | probes=19442 wrfail=0 down=4s maxout=4s
 423.071  t=420s RTT mean=24785 min=11912 max=34406 n=36 to=0 | cancels=0(+0/s) seqbad=0 len_bad=0 disc=0(0x00) | tot_n=19477 tot_to=0 maxever=79412 >2ms=19477 >5ms=19472 >15ms=7154 >20ms=5835 >30ms=2649 | probes=19477 wrfail=0 down=4s maxout=4s
 423.071  RPT pe: events=267 mean=4.99 mode=6 max=7 | 0:20 1:25 2:2 3:2 4:3 5:4 6:211
 423.126  t=421s RTT mean=30464 min=5778 max=44207 n=29 to=0 | cancels=0(+0/s) seqbad=0 len_bad=0 disc=0(0x00) | tot_n=19506 tot_to=0 maxever=79412 >2ms=19506 >5ms=19501 >15ms=7180 >20ms=5861 >30ms=2663 | probes=19507 wrfail=0 down=4s maxout=4s
 425.096  t=422s RTT mean=29584 min=11911 max=49316 n=31 to=0 | cancels=0(+0/s) seqbad=0 len_bad=0 disc=0(0x00) | tot_n=19537 tot_to=0 maxever=79412 >2ms=19537 >5ms=19532 >15ms=7209 >20ms=5890 >30ms=2675 | probes=19538 wrfail=0 down=4s maxout=4s
 425.096  RPT pe: events=267 mean=5.15 mode=6 max=7 | 0:15 1:19 2:6 3:2 4:3 5:4 6:218
 425.096  t=423s RTT mean=26841 min=11911 max=48109 n=33 to=0 | cancels=0(+0/s) seqbad=0 len_bad=0 disc=0(0x00) | tot_n=19570 tot_to=0 maxever=79412 >2ms=19570 >5ms=19565 >15ms=7237 >20ms=5917 >30ms=2682 | probes=19571 wrfail=0 down=4s maxout=4s
 427.112  t=424s RTT mean=32179 min=13024 max=44207 n=29 to=0 | cancels=0(+0/s) seqbad=0 len_bad=0 disc=0(0x00) | tot_n=19599 tot_to=0 maxever=79412 >2ms=19599 >5ms=19594 >15ms=7265 >20ms=5944 >30ms=2700 | probes=19600 wrfail=0 down=4s maxout=4s
 427.112  PCTL target=150 tot=1951 to=0 p50=27 p90=35 p99=46 p99.9=55 max=55 g30=619 g100=0 (ms/counts)
 427.112  LOADRAMP: cycle complete
 427.112  LOADRAMP: target=0 KBps for 60s
 427.112  RPT pe: events=267 mean=4.31 mode=6 max=7 | 0:11 1:62 2:8 3:7 4:8 5:4 6:167
 427.112  t=425s RTT mean=23692 min=11911 max=55455 n=37 to=0 | cancels=0(+0/s) seqbad=0 len_bad=0 disc=0(0x00) | tot_n=19636 tot_to=0 maxever=79412 >2ms=19636 >5ms=19631 >15ms=7283 >20ms=5962 >30ms=2712 | probes=19637 wrfail=0 down=4s maxout=4s
 429.143  t=426s RTT mean=12256 min=11911 max=19422 n=66 to=0 | cancels=0(+0/s) seqbad=0 len_bad=0 disc=0(0x00) | tot_n=19702 tot_to=0 maxever=79412 >2ms=19702 >5ms=19697 >15ms=7286 >20ms=5962 >30ms=2712 | probes=19702 wrfail=0 down=4s maxout=4s
 429.143  RPT pe: events=267 mean=0.98 mode=1 max=7 | 0:5 1:261 2:1
 429.143  t=427s RTT mean=12145 min=11663 max=19413 n=65 to=0 | cancels=0(+0/s) seqbad=0 len_bad=0 disc=0(0x00) | tot_n=19767 tot_to=0 maxever=79412 >2ms=19767 >5ms=19762 >15ms=7288 >20ms=5962 >30ms=2712 | probes=19768 wrfail=0 down=4s maxout=4s
 431.101  t=428s RTT mean=13267 min=11911 max=26920 n=61 to=0 | cancels=0(+0/s) seqbad=0 len_bad=0 disc=0(0x00) | tot_n=19828 tot_to=0 maxever=79412 >2ms=19828 >5ms=19823 >15ms=7297 >20ms=5964 >30ms=2712 | probes=19829 wrfail=0 down=4s maxout=4s
 431.101  RPT pe: events=267 mean=0.93 mode=1 max=7 | 0:17 1:250
 431.153  t=429s RTT mean=12617 min=11899 max=26911 n=64 to=0 | cancels=0(+0/s) seqbad=0 len_bad=0 disc=0(0x00) | tot_n=19892 tot_to=0 maxever=79412 >2ms=19892 >5ms=19887 >15ms=7302 >20ms=5965 >30ms=2712 | probes=19893 wrfail=0 down=4s maxout=4s
 433.088  t=430s RTT mean=12618 min=11910 max=19447 n=64 to=0 | cancels=0(+0/s) seqbad=0 len_bad=0 disc=0(0x00) | tot_n=19956 tot_to=0 maxever=79412 >2ms=19956 >5ms=19951 >15ms=7308 >20ms=5965 >30ms=2712 | probes=19957 wrfail=0 down=4s maxout=4s
 433.148  RPT pe: events=267 mean=0.97 mode=1 max=7 | 0:10 1:255 2:2
 433.149  t=431s RTT mean=12145 min=11665 max=19411 n=65 to=0 | cancels=0(+0/s) seqbad=0 len_bad=0 disc=0(0x00) | tot_n=20021 tot_to=0 maxever=79412 >2ms=20021 >5ms=20016 >15ms=7310 >20ms=5965 >30ms=2712 | probes=20022 wrfail=0 down=4s maxout=4s
 435.134  t=432s RTT mean=12376 min=11911 max=26913 n=65 to=0 | cancels=0(+0/s) seqbad=0 len_bad=0 disc=0(0x00) | tot_n=20086 tot_to=0 maxever=79412 >2ms=20086 >5ms=20081 >15ms=7313 >20ms=5966 >30ms=2712 | probes=20087 wrfail=0 down=4s maxout=4s
 435.134  RPT pe: events=266 mean=0.97 mode=1 max=7 | 0:7 1:258 2:1
 435.134  t=433s RTT mean=12261 min=11911 max=19413 n=65 to=0 | cancels=0(+0/s) seqbad=0 len_bad=0 disc=0(0x00) | tot_n=20151 tot_to=0 maxever=79412 >2ms=20151 >5ms=20146 >15ms=7316 >20ms=5966 >30ms=2712 | probes=20152 wrfail=0 down=4s maxout=4s
 437.136  t=434s RTT mean=12142 min=11665 max=19413 n=66 to=0 | cancels=0(+0/s) seqbad=0 len_bad=0 disc=0(0x00) | tot_n=20217 tot_to=0 maxever=79412 >2ms=20217 >5ms=20212 >15ms=7318 >20ms=5966 >30ms=2712 | probes=20218 wrfail=0 down=4s maxout=4s
 437.136  RPT pe: events=267 mean=0.98 mode=1 max=7 | 0:7 1:258 2:2
 437.136  t=435s RTT mean=12376 min=11663 max=19414 n=65 to=0 | cancels=0(+0/s) seqbad=0 len_bad=0 disc=0(0x00) | tot_n=20282 tot_to=0 maxever=79412 >2ms=20282 >5ms=20277 >15ms=7322 >20ms=5966 >30ms=2712 | probes=20282 wrfail=0 down=4s maxout=4s
 439.145  t=436s RTT mean=12384 min=11663 max=19413 n=64 to=0 | cancels=0(+0/s) seqbad=0 len_bad=0 disc=0(0x00) | tot_n=20346 tot_to=0 maxever=79412 >2ms=20346 >5ms=20341 >15ms=7326 >20ms=5966 >30ms=2712 | probes=20347 wrfail=0 down=4s maxout=4s
 439.145  RPT pe: events=267 mean=0.98 mode=1 max=7 | 0:7 1:258 2:2
 439.145  t=437s RTT mean=12142 min=11664 max=19417 n=66 to=0 | cancels=0(+0/s) seqbad=0 len_bad=0 disc=0(0x00) | tot_n=20412 tot_to=0 maxever=79412 >2ms=20412 >5ms=20407 >15ms=7328 >20ms=5966 >30ms=2712 | probes=20413 wrfail=0 down=4s maxout=4s
 441.126  t=438s RTT mean=12142 min=11910 max=19414 n=66 to=0 | cancels=0(+0/s) seqbad=0 len_bad=0 disc=0(0x00) | tot_n=20478 tot_to=0 maxever=79412 >2ms=20478 >5ms=20473 >15ms=7330 >20ms=5966 >30ms=2712 | probes=20478 wrfail=0 down=4s maxout=4s
 441.126  RPT pe: events=266 mean=0.98 mode=1 max=7 | 0:5 1:260 2:1
 441.126  t=439s RTT mean=12145 min=11665 max=19414 n=65 to=0 | cancels=0(+0/s) seqbad=0 len_bad=0 disc=0(0x00) | tot_n=20543 tot_to=0 maxever=79412 >2ms=20543 >5ms=20538 >15ms=7332 >20ms=5966 >30ms=2712 | probes=20544 wrfail=0 down=4s maxout=4s
 443.128  t=440s RTT mean=12261 min=11663 max=19415 n=65 to=0 | cancels=0(+0/s) seqbad=0 len_bad=0 disc=0(0x00) | tot_n=20608 tot_to=0 maxever=79412 >2ms=20608 >5ms=20603 >15ms=7335 >20ms=5966 >30ms=2712 | probes=20609 wrfail=0 down=4s maxout=4s
 443.128  RPT pe: events=267 mean=0.98 mode=1 max=7 | 0:5 1:260 2:2
 443.128  t=441s RTT mean=12141 min=11665 max=19422 n=66 to=0 | cancels=0(+0/s) seqbad=0 len_bad=0 disc=0(0x00) | tot_n=20674 tot_to=0 maxever=79412 >2ms=20674 >5ms=20669 >15ms=7337 >20ms=5966 >30ms=2712 | probes=20675 wrfail=0 down=4s maxout=4s
 445.109  t=442s RTT mean=12376 min=11662 max=26913 n=65 to=0 | cancels=0(+0/s) seqbad=0 len_bad=0 disc=0(0x00) | tot_n=20739 tot_to=0 maxever=79412 >2ms=20739 >5ms=20734 >15ms=7340 >20ms=5967 >30ms=2712 | probes=20740 wrfail=0 down=4s maxout=4s
 445.110  RPT pe: events=267 mean=0.97 mode=1 max=7 | 0:8 1:258 2:1
 445.162  t=443s RTT mean=12376 min=11899 max=26914 n=65 to=0 | cancels=0(+0/s) seqbad=0 len_bad=0 disc=0(0x00) | tot_n=20804 tot_to=0 maxever=79412 >2ms=20804 >5ms=20799 >15ms=7343 >20ms=5968 >30ms=2712 | probes=20804 wrfail=0 down=4s maxout=4s
 447.090  t=444s RTT mean=12260 min=11665 max=19415 n=65 to=0 | cancels=0(+0/s) seqbad=0 len_bad=0 disc=0(0x00) | tot_n=20869 tot_to=0 maxever=79412 >2ms=20869 >5ms=20864 >15ms=7346 >20ms=5968 >30ms=2712 | probes=20869 wrfail=0 down=4s maxout=4s
 447.151  RPT pe: events=266 mean=0.97 mode=1 max=7 | 0:7 1:258 2:1
 447.151  t=445s RTT mean=12382 min=11839 max=19415 n=64 to=0 | cancels=0(+0/s) seqbad=0 len_bad=0 disc=0(0x00) | tot_n=20933 tot_to=0 maxever=79412 >2ms=20933 >5ms=20928 >15ms=7350 >20ms=5968 >30ms=2712 | probes=20934 wrfail=0 down=4s maxout=4s
 449.090  t=446s RTT mean=11914 min=11910 max=11924 n=67 to=0 | cancels=0(+0/s) seqbad=0 len_bad=0 disc=0(0x00) | tot_n=21000 tot_to=0 maxever=79412 >2ms=21000 >5ms=20995 >15ms=7350 >20ms=5968 >30ms=2712 | probes=21001 wrfail=0 down=4s maxout=4s
 449.150  RPT pe: events=267 mean=0.99 mode=1 max=7 | 0:2 1:265
 449.150  t=447s RTT mean=12141 min=11910 max=19414 n=66 to=0 | cancels=0(+0/s) seqbad=0 len_bad=0 disc=0(0x00) | tot_n=21066 tot_to=0 maxever=79412 >2ms=21066 >5ms=21061 >15ms=7352 >20ms=5968 >30ms=2712 | probes=21067 wrfail=0 down=4s maxout=4s
