:10000000B86D0020CD2C0000DDB80100B92C000037
:10001000B92C0000B92C0000B92C0000B92C00004C
:10002000000000000000000000000000052D00009E
:10003000B92C000000000000D92E0000B92C0000EF
:10004000592F0000592F0000592F0000592F000090
:10005000592F0000592F0000592F0000592F000080
:10006000592F0000592F0000592F0000592F000070
:10007000592F0000592F0000592F0000592F000060
:10008000592F0000592F0000592F0000592F000050
:10009000592F0000592F0000592F0000592F000040
:1000A000592F0000592F0000592F0000592F000030
:1000B000592F0000592F0000592F0000592F000020
:1000C000592F0000592F0000592F0000592F000010
:1000D000592F0000592F0000592F0000592F000000
:1000E000592F0000592F0000592F0000592F0000F0
:1000F000592F0000592F0000592F0000592F0000E0
:10010000592F0000592F0000592F0000592F0000CF
:10011000592F0000592F0000592F0000592F0000BF
:10012000592F0000592F0000592F0000592F0000AF
:10013000592F0000592F0000592F0000592F00009F
:10014000592F0000592F0000592F0000592F00008F
:10015000592F0000592F0000592F0000592F00007F
:10016000592F0000592F0000592F0000592F00006F
:10017000592F0000592F0000592F0000592F00005F
:10018000592F0000592F0000592F0000592F00004F
:10019000592F0000592F0000592F0000592F00003F
:1001A000592F0000592F0000592F0000592F00002F
:1001B000592F0000592F0000592F0000592F00001F
:1001C000592F0000592F0000592F0000592F00000F
:1001D000592F0000592F0000592F0000592F0000FF
:1001E000592F0000592F0000592F0000592F0000EF
:1001F000592F0000592F0000592F0000592F0000DF
:10020000592F0000592F0000592F0000592F0000CE
:10021000592F0000592F0000592F0000592F0000BE
:10022000592F0000592F0000592F0000592F0000AE
:10023000592F0000592F0000592F0000592F00009E
:10024000592F0000592F0000592F0000592F00008E
:10025000592F0000592F0000592F0000592F00007E
:10026000592F0000592F000099430100592F000019
:10027000592F0000592F0000592F0000592F00005E
:10028000592F0000592F0000592F0000592F00004E
:10029000592F0000592F0000592F0000592F00003E
:1002A000592F0000592F0000592F0000592F00002E
:1002B000592F0000592F0000592F0000592F00001E
:1002C000592F0000592F0000592F0000592F00000E
:1002D000592F0000592F0000592F0000592F0000FE
:1002E000592F0000592F0000592F0000592F0000EE
:1002F000592F0000592F0000592F0000592F0000DE
:10030000592F0000592F0000592F0000592F0000CD
:10031000592F0000592F0000592F0000592F0000BD
:10032000592F0000592F0000592F0000592F0000AD
:10033000592F0000592F0000592F0000592F00009D
:10034000592F0000592F0000592F0000592F00008D
:10035000592F0000592F0000592F0000592F00007D
:10036000592F0000592F0000592F0000592F00006D
:10037000592F0000592F0000592F0000592F00005D
:10038000592F0000592F0000592F0000592F00004D
:10039000592F0000592F0000592F0000592F00003D
:1003A000592F0000592F0000592F0000592F00002D
:1003B000592F0000592F0000592F0000592F00001D
:1003C000592F0000592F0000592F0000592F00000D
:1003D000592F0000592F0000592F0000592F0000FD
:1003E000592F0000592F0000592F0000592F0000ED
:1003F000592F0000592F0000592F0000592F0000DD
:10040000592F0000592F0000592F0000592F0000CC
:10041000592F0000592F0000592F0000592F0000BC
:10042000592F0000592F0000592F0000592F0000AC
:10043000592F0000592F0000592F0000592F00009C
:10044000592F0000592F0000592F0000592F00008C
:10045000592F0000592F0000592F0000592F00007C
:10046000592F0000592F0000592F0000592F00006C
:0C047000592F0000592F0000592F0000E8
:1004800053B94AB9002908BF00281CBF4FF0FF31FB
:100490004FF0FF3000F00CB8ADF1080C6DE904CE60
:1004A00000F018F8DDF804E0DDE9022304B070473D
:1004B000704700BF034611F8012B03F8012B002AF7
:1004C000F9D17047034613F8012B002AFBD1181A03
:1004D000013870472DE9F0478C468E46089E154638
:1004E00004461946002B40F0D080724547D9B2FA35
:1004F00082F74FB1C7F120030EFA07FCBD40BC40A4
:1005000020FA03F343EA0C0C4FEA154EA8B2230C71
:10051000BCFBFEF80EFB18CC08FB00F943EA0C43C9
:10052000994528D9EB1808F1FF3204D2994502D930
:10053000A8F102022B44A3EB0903A4B2B3FBFEFC17
:100540000EFB1C330CFB00F044EA0344A04214D918
:100550002C190CF1FF3304D2A04202D9ACF10203F2
:100560002C44241A43EA02401EB1FC4000233460AC
:100570007360BDE8F0874246DDE76346F1E7002A95
:1005800079D0B2FA82F3002B3FD01946C1F1200393
:1005900002FA01F500FA01F42EFA03F20EFA01FE56
:1005A00020FA03F3AFB243EA0E034FEA154EB2FB53
:1005B000FEFC0EFB1C201A0C0CFB07F842EA004262
:1005C00090455AD9AA180CF1FF3004D2904502D9AF
:1005D000ACF102002A44A2EB08029BB2B2FBFEFC83
:1005E0000EFB1C220CFB07F743EA02439F4246D94D
:1005F000EB180CF1FF3204D29F4202D9ACF1020297
:100600002B44DB1B42EA004202E0AEEB0203012274
:100610004FEA154EAFB2200CB3FBFEFC0EFB1C33B1
:100620000CFB07F840EA034398452AD9EB180CF174
:10063000FF3004D2984502D9ACF102002B44A3EB61
:100640000803A4B2B3FBFEFC0EFB1C330CFB07F744
:1006500044EA0344A74216D92C190CF1FF3304D203
:10066000A74202D9ACF102032C44E41B43EA004048
:100670000F46114678E71F2188E76046ABE76246E0
:10068000BFE76046DBE76346EFE7734506D916B977
:10069000002108466DE7C6E9000EF9E7B3FA83F7D3
:1006A00087B9734501D3824207D8841A6EEB0303DE
:1006B00001209C461EB900215BE73846FAE7C6E9EF
:1006C000004CF8E7C7F1200CBB4000FA07F422FA0F
:1006D0000CF520FA0CF1BA401D432EFA0CF30EFA79
:1006E00007FE4FEA154941EA0E011FFA85FEB3FBEA
:1006F000F9F809FB18300B0C08FB0EFA43EA00432B
:100700009A4540D9EB1808F1FF3004D29A4502D936
:10071000A8F102002B44A3EB0A0389B2B3FBF9F85A
:1007200009FB183308FB0EFE41EA03418E452CD924
:10073000691808F1FF3304D28E4502D9A8F10203EB
:10074000294443EA0040A1EB0E01A0FB0298414579
:10075000CE46434602D306D14C4504D20138B9EB0C
:10076000020E68EB0503002EA5D0B4EB0E0261EB80
:10077000030101FA0CFC22FA07F3F9404CEA0303E7
:10078000C6E9003197E74046C5E74346D9E7000090
:100790002DE9F043044640F2712690F84C0094F89D
:1007A0003830C0F3400060F386138DB004F13A0195
:1007B00084F838300AF05AFF0021B4F840303E4D3A
:1007C0003E4AA3FB0663651B94F83830A2FB05255F
:1007D000A26C03F0790384F8383002F21313B342A9
:1007E00032BF184630460A46C4E90211217024611E
:1007F000626460600AF0EEFE6369C5F3871500F27B
:100800001317002B41D00DF12C08022391214FF03A
:100810000009CDF820800694294A0B932948B4F8A2
:1008200040300792A3FB000201FB0321264BCDF8C9
:100830000C9005936368023504931DA3D3E900234C
:10084000FFF71EFE104619464FF47A720023FFF799
:1008500017FEEDB20321CDE901603B462A4648462A
:10086000CDF800900AF08CFD41460BF0BDFB40B97D
:1008700094F84C3043F0010384F84C300DB0BDE8DF
:10088000F0830C200DB0BDE8F0830DF12C08CDE90C
:100890000A330320434661680AAA13F07FFB00284D
:1008A000B3D1DDE90A371F44AFE700BFAFF30080E3
:1008B00000CA9A3B0000000028110020CDCCCCCC0F
:1008C000D5B60000002AE78479DE000007B54B7832
:1008D00005480193CB8800930B794A8809781AF070
:1008E000A7FA03B05DF804FBF8FF0100032910B577
:1008F0000C4607D80122074B1A701AF0F4F8064B81
:10090000C3E900012146BDE810404FF4FA720348E4
:100910001AF08EBA243E00209808002044000200FD
:100920001FB53023074A0849CDE90123002301A858
:10093000039305F0CDFA014604481AF079FA05B0A0
:100940005DF804FB01006000F90A00007A00020073
:10095000F8B51CF0C2FF104A1368BBB10F49136809
:100960000C68C31A9C4288BF0B600D490C689C42FE
:1009700038BF0B600B49D1E900679C1947F10005AE
:10098000C1E9004508490B6801330B601060074A54
:10099000136801331360F8BDF81500203002002001
:1009A000F415002090080020F0150020FC15002010
:1009B00073B506460C4629B921481AF039FA0020C9
:1009C00002B070BD137C1F4D032B19D108461CF0DB
:1009D000F6FB1D4B1D4918801B8830462B810023D8
:1009E0008DF8043042F60213ADF8063001AB0B600F
:1009F000238A02330B8104230B7408F09DFCDEE78D
:100A00000126134BAE812B600B8A29466B8109F0BE
:100A100047F9014610B110F1780F0DD10D4B0E487A
:100A20001E70094B198889B21AF002FA00230B4A8A
:100A30000B4818F073FFC2E70A481AF0F9F9BEE74D
:100A40008600020028160020083D002040160020E5
:100A5000E90B0000253E00209F000200366E0100D9
:100A600000000020B2000200084B1B786BB1084B5D
:100A70001B7853B1074B1A783AB9012206481A700D
:100A800043F60952002318F049BF7047213E002069
:100A9000233E0020203E0020B008002010B50C4668
:100AA0001CF0E7FB2146024604481AF0C1F9012276
:100AB000034B1A70BDE81040FFF7D6BFC300020019
:100AC000213E002010B50C464A78094809781AF0F2
:100AD000AFF92378022B09D16378022B06D10122CA
:100AE000044B1A70BDE81040FFF7BEBF10BD00BF39
:100AF000D6000200233E002070B5134E054618466E
:100B0000336888B0F3B911490DF107028DF8073049
:100B100002F020FF9DF80730A3B105F029FA0C4B35
:100B200002AA18685968083303C214460FCB84E838
:100B30000F0033462146284602AA06F0A7F908B15D
:100B4000FFF7EEFE08B070BD54160020E50C000063
:100B5000F0F3010010B504468CB069B1174C184889
:100B60001AF066F9206805F0F5FB002323600CB04D
:100B7000BDE81040FFF7D4BE01A906F0E1F858B96E
:100B8000069910481AF054F901220F4B1A7019F007
:100B9000AAFF0E4BC3E9000100230D4A2046137043
:100BA0000C4A13700C4A13700C4A13700C4A0D4B0C
:100BB0001146136008F094FB0CB010BD54160020D1
:100BC000E7000200FE000200243E002098080020FA
:100BD000223E0020233E0020213E0020203E002017
:100BE000241600209D0A000070B50F4ED6E900457E
:100BF000181945F10001C6E900011AB910460B4B5E
:100C00001A7070BD082B08D0094A136801331360AD
:100C1000084818F02FFC0120F3E7074B1968136808
:100C20009942F5D0054AF0E7A8080020253E0020AB
:100C300004160020680600200C160020081600206C
:100C400038B50C4619481AF0F3F8194A19481368D0
:100C500001331360184B1C700024184B1C70184B88
:100C60001C70184B1C80184B1C70184B1C70184BB8
:100C70001C701DF037FB17481DF034FB164818F0A8
:100C800053FC164D4FF0FF324FF0FF33144818F06D
:100C9000FDFA286810B105F05DFB2C60104818F0D3
:100CA00067FBBDE83840FFF73BBE00BF19010200FB
:100CB00000160020B00800201F3E0020253E002026
:100CC000243E0020083D0020213E0020203E002040
:100CD000233E00200000002068060020541600205B
:100CE0003406002010B503780C46083B012B0CD8C5
:100CF0004278072A09D1064940681DF002FD0346E3
:100D000001200BB92070184610BD0120FCE700BF80
:100D1000320102002DE9F04F0025AB46A8462F46D0
:100D20002C46B1B04FF47A7019F0ECFE414BDFF86D
:100D300008911B78DFF804A108F1010833B1404B9A
:100D40001B781BB13F4B1B68002B6DD1D9F80030CD
:100D500001350133C9F80030DAF80030AB4201D276
:100D6000CAF800506022384B0DEB020000211E68CB
:100D70001DF0BFFC354B1A68002A57D034490023B8
:100D8000D1E900011692FFF77BFB324B169A1B68E4
:100D90003149DFF8C8C009680DF1600E169130497D
:100DA000096817912F4909689CF800C0CDF854E0F4
:100DB000DAF800E0DFF8B0A0CDF850E0D9F800E0B4
:100DC00007911799CDE9124E06911699CDE908C4FD
:100DD0000591A6EB0B01CDE91044CDE90E44CDE918
:100DE0000C44CDE90A44CDE90361DFF88090B346B5
:100DF000D9F80010CDE90121DAF80020414600922F
:100E000002461B481AF014F8002000214FF0FF3270
:100E10000E4BCAF800701F600D4BC9F80070C3E993
:100E200000010C4B1A607DE700259BE71046134636
:100E3000AEE700BF253E002014160020101600204B
:100E4000243E0020541600202838002020160020C0
:100E5000A008002034020020081600201F3E0020B9
:100E600004160020001600201C1600201816002072
:100E70003A01020010B54FF0FF334FF0FF32074840
:100E800018F004FA064B1C681CB120461BF0D1F880
:100E90000446024818F06CFA204610BD34060020C3
:100EA0005416002013B5FFF7E5FF044688B16B46E2
:100EB000094A9069D16903C3694620461BF04FF97E
:100EC000342203461146054819F0B2FF204605F0CA
:100ED00041FA02B010BD00BFF0F30100160202009B
:100EE0002DE9F04FB7B019F0FEFD002710F57A7329
:100EF000139341F1000314934FF0FF333D463C46FA
:100F00003E46CDE90C771597119710930E970A97E7
:100F100012970F970997994B1B7803F0FF020B92DA
:100F200013B1974B1B6843B9322019F0EBFD002336
:100F3000A8460B9345460B9FEDE7FFF79BFF8246C4
:100F400028B9022019F0DEFDA8460B97F2E747B951
:100F50008C4B1BA91B931BF03BF901468A4819F0E7
:100F600067FF50461CF085F9884A099B07461370B5
:100F7000C3F307235370099B1B0C93701B0AD37098
:100F80001CF0ABFC0022824B80461988FB1E9BB2F2
:100F90008048F72B28BFF723CDE90020029289B2C1
:100FA0007A4A50461CF063FA07461CF096FC0F9BE9
:100FB000A0EB08090F2B00F2B7800F9A36AB03EBBA
:100FC000820343F8409C134601330F93504605F0CB
:100FD000C1F90A9B01330A93109B4B4528BF4B462E
:100FE0001093119B4B4538BF4B461193159B19EB42
:100FF000060943F100034E4616931593002F40F067
:10100000AD80099B013309930E9B01330E9325B1EB
:10101000A8EB0505AC4238BF2C4619F064FD139BC4
:101020009842149B994185DB139B13F57A731393B4
:10103000149B43F100031493FFF71CFF1BA91590A9
:1010400005F07EFE002840F09680239D002D00F0E4
:1010500093802E786D78504A13681793002313609D
:101060004E4A126818924E4A126819924D4A1068F8
:1010700028B14D49D1E900011268FFF701FA4FF09C
:10108000FF320027454B48491A60454B00221F603C
:101090000023C1E90023434BDFF810E1444A1F60FD
:1010A000DEE900ABD2E90031BAEB03034FEA932C3F
:1010B000199B6BEB0101DEE900ABC2E900AB4CEA26
:1010C0008152CDE900031799189B3A4819F0B0FEF8
:1010D0000A9A119B012A38BF0122169905934846A6
:1010E0003B460694FFF7CCF9109B049003930C9BAE
:1010F0002A4602930D9B314601930E9B2E48009386
:101100000A9B19F095FE159B13B1184605F022F9BC
:1011100000244FF0FF332646CDE90C44159411947A
:1011200010930E940A9405E7129BA3B9234819F073
:101130007FFEDDF848B026AB53F8041B20480BF1C6
:10114000010B129319F074FEBBF1100F129BF3D137
:101150001C4819F06DFE0B9B129337E70C370BBF41
:101160000D9B0C9B013301330CBF0D930C9318F0B6
:101170004BFEA84651E700252E466CE7253E002091
:1011800054160020000002024D020200283D0020FB
:10119000083D002051090000FC150020300200200D
:1011A000F4150020F015002090080020A808002069
:1011B0008807002081020200B90202006A020200D0
:1011C000000B02005E05020010B58CB0FFF752FE66
:1011D0000446F0B101A905F0B3FDE0B9069A0F4B42
:1011E0004FF4FA711B780E4819F022FE0D4A0E4B8F
:1011F000114613600D4B20465360012313814FF6B7
:10120000FF73D3810323137408F096F8204605F08A
:10121000A1F80CB010BD4FF0FF32E0E7233E0020F4
:1012200016030200401600206C050020B1090000E2
:10123000002008B504F01CF8014620B1074819F059
:10124000F7FD002008BD064906481DF03DF8064898
:1012500019F0EEFDFFF764FBF3E700BF4D0302005A
:10126000C9110000B00800205B0302002DE9F84F0F
:101270008A4600AF002974D004680E1F361BF5089B
:1012800026F0070604EB0608B8F802B01BF0010BC5
:1012900016D1E94688B06A46334BCDE905310323C0
:1012A00042F8103F4FF4C2515B46304800F0A4FFB3
:1012B000CD468BF31188BFF36F8F0423184602DFEE
:1012C0002946204619F030FC284434F83030C01A42
:1012D000854217D0E94688B06A46254BCDE9053AE4
:1012E000032342F8103F00234FF4C2511F4800F07F
:1012F00083FF0023CD4683F31188BFF36F8F042350
:10130000184602DFB8F80230294623F00103A8F896
:101310000230204619F008FC05EB000804EBC80376
:101320005B88DA0708D44146204619F046FC42465D
:101330002946204619F086FCA65BAE1B04EBC603CB
:101340005B88DB0709D43146204619F036FC2A4673
:101350003146204619F076FC35462946204619F0DC
:10136000E8FBBD46BDE8F88FE5030200C0F30100CD
:10137000BC0302002DE9F04F91B0009302F004038A
:101380000293C2F3C2030133840705460E46DDF81B
:1013900068A00392059340F09C81041D002849D168
:1013A00001F00706341DC6F10806009B00274FF028
:1013B00004085A1E4FF0FF33B9460193BB4643461B
:1013C00004970DB1009921600598002800F3D6809C
:1013D0008F480099814203D38E488142C0F0CE806D
:1013E0000399601B11F0020C40F0D680B9F10F0F89
:1013F00000F2CF80002D00F0D68009F140010DEB06
:10140000010E0199C0F387000EF8200C0EF8101C95
:10141000BCF1000F00F0C38060F07F000EF8200CDC
:10142000013709F10109C5F108014FF6DA7E0434EC
:1014300006918CE00729B8D86FF01B0011B0BDE809
:10144000F08F7A285BD84B280FD8472857D82928FF
:101450002ED8252850D052D8202818BF23280CBFBA
:101460004FF0010B4FF0000B71E04C382E2846D89E
:10147000DFE800F06D454545454545454545454551
:1014800048454545454545454556454848565656BF
:101490006D486A456D4518481845457F7C48454567
:1014A00048457C0000204FF0000B4FF0040835E069
:1014B00001212A38C0B201FA00F010EA0E0F46D11D
:1014C00010F0625C2CD110EA010B40D06046013C68
:1014D0004444B4FBF8F408FB04F425B1A3EB050C79
:1014E000A444B445A8D8002870D0059901390591C5
:1014F0005AF8041B009164E70199013901914FF0FA
:10150000000B24E012F8010C6C2834D1002012F8F2
:10151000023C83466C2BC8D14FF008084346D6E7FF
:101520000AF1070A2AF0070A073424F00704FAE848
:1015300002BC35B106982044B0423FF67DAFC4E905
:1015400000BC4FF0000B08344FF00808434612F877
:10155000010F002853D0BBF1000F7FF472AF252894
:10156000F5D14FF0010B019B013301934FF00408BB
:10157000ECE7584697E700208346A8E703998807D9
:101580007FF551AF4FF0010C601BB0F5007FFFF409
:101590002DAF6FF0150051E74FF0000CF5E7049800
:1015A000013004903DE7BCF1000F01D0013638E76F
:1015B0000298023600287FF434AF0098CDE9063255
:1015C000FEF780FFDDE9063206442AE7042B08D146
:1015D0000AF1040015B1DAF80010216082460434E3
:1015E000B5E70AF1070323F0070303F1080A1DB169
:1015F000D3E90001C4E9000108230834A7E7631B0D
:10160000B3F5806FC5D23DB9A6F10804E01815E71F
:1016100000E80100E8220200029A9B0828602B7073
:101620009DF81030AAB1EB70AF702FB1002208A85E
:10163000C5F1010C91450ED14FF0000AC5F101032F
:101640000DF1200801930DF1300BD14512D1601B33
:10165000F4E66B70E8E710F8013B190608D50CEBCF
:10166000040EB64503F07F033FF6E6AE04F8013BF7
:101670000132DFE71FB198F90020002A17DB029B37
:10168000D3B11AF80B2004F8012B0022019B181982
:101690001044B0423FF6D0AE98F80000009904F82C
:1016A000010B204603921DF017F8039A14440AF127
:1016B000010A08F10108C8E798F8002055F822301F
:1016C0000093029B009845F82230FEF7FBFE421C77
:1016D000DCE76FF00D00B1E62DE9F04F97B000AFF9
:1016E00005468A46C7E90A3249B9037846788078C0
:1016F00000EB83002844564524D8A0EB050AD7F810
:10170000803095F8028003F00103D7F88040FB6138
:10171000EB78B8F1000F0CBF002404F001047B62E9
:101720001BB1D7F880309A0715D4A4B9FB6A1BB156
:1017300051462846BA6A9847564630465C37BD46F9
:10174000BDE8F08F441C2046FEF7BCFE013020446B
:101750000AF1010ACFE7D7F88030C3F3C0033B6238
:101760002B78BB619B003B616B687B61BB6905EBC0
:10177000830BFB6A002B77D15646D844BCB11C467C
:101780001BF8013B55F82300FEF79CFED7F8843088
:10179000013043B1D7F88830A34282BFD7F88430F4
:1017A00023F814000134C3450644E9D1D846D7F8DC
:1017B00080304FF0000913F0050F0CBF4FF0020B03
:1017C0004FF0010B7B6A9945B7D298F8013008F1C8
:1017D000020855F823A0AE4B9A45C0F04C81AD4BA2
:1017E0003A6A9A452CBF002301230AB318F8021C59
:1017F0007869FB6219F0FBFAFB6AC8B1EA468AB065
:101800006A46A54B05937B69CDE906314FF4007319
:10181000ADF82030A14B42F8103F00234FF4125195
:101820009F4800F0E9FCD546023E09F10109C9E7ED
:1018300023B1FB6933B9A6EB0B06F6E7D7F8803086
:101840009B07F2D55046FEF73DFED7F884304BB1EA
:10185000D7F888309C423FBFD7F88420431C22F839
:10186000143001340644E0E7002C6AD1B8F1000FCF
:101870006DD0D7F8803058076CD5C14607F14800C5
:10188000424659461CF028FF00220BEB0803FB6080
:101890000233796A8A425FD3D7F8802095F801B085
:1018A000F969920704EB0B0348BF0022DBB258BF73
:1018B0004FEA5902002940F0A680D7F8801011F0B5
:1018C000040F14BF494600216B70A970EA702846C6
:1018D000BA6A3969FB6A9847061EFFF62EAFBB69E4
:1018E00049462B707B6ABA6AEB7085F801B0FB6AD7
:1018F00085F8028007F148009847B0F10009C0F26E
:10190000B6803B697A6A786A03EB4201FB6841441E
:1019100003EB4000BA6AFB6AAAEB01019847002872
:10192000C0F2A7804FF0000BB14409EB000607F1AD
:10193000380AA34569D30021BA6A0846FB6A98476A
:10194000FBE644464FF0000907F1380098E74446AB
:10195000C14699E7A14697E713F8016CDFF830C15B
:1019600055F8260013F8021C6045C0F08A80DFF8A5
:1019700024C16045386A2CBF4FF0000B4FF0010BBB
:1019800038B17869C7E9013219F031FAD7E9013283
:10199000F0B9BBF1000F1ED0F96949B1611C04F127
:1019A000280007F13004041904F8206CCCB20FE0D1
:1019B000D7F8801049070BD509F1280007F1300C42
:1019C00009F1010100EB0C0909F8106C5FFA81F9CB
:1019D000013202335DE7D7F880008007DED409F1D9
:1019E000280C07F1300EF44409F101000CF8101C2A
:1019F00007F1580109F1020951FA80F05FFA89F9FB
:101A000000F8106CE4E700215EE71BF80A3055F897
:101A1000239087F83730D7F884302BB3D7F8883045
:101A20009B4521D2D7F8843033F81B800121BA6A54
:101A3000FB6A07F13700984700281ADB0644B8F123
:101A4000000F06D14846FEF73DFD00F101081FFAE0
:101A500088F841464846BA6AFB6A9847002808DB7E
:101A600006440BF1010B64E74FF00008DEE74E4639
:101A700063E6064661E63B6A002B3FF4DFAE0023D7
:101A8000B4E6386A0028A6D04FF0000B79E700BF13
:101A900000E80100E8220200120402000400000134
:101AA00078F30100014B1860704700BF3802002036
:101AB00080B505460E461746984618F023FA0346A9
:101AC00001F05CFA0446DFF81890424649F800300D
:101AD00039463046A84754F8090001F0E7F900BF3D
:101AE000080000002DE9F047058B0446280717463B
:101AF0000CD501290CBF45F0100545F020052583C4
:101B000087F31188BFF36F8FBDE8F087022905F0D6
:101B1000070540F09480204619F02BFC052864D876
:101B200001A353F820F000BF011B00003F1C000080
:101B3000EB1B0000AD1B0000C71B0000D91B000001
:101B400001F007035A1F012A1FD8002221F00701C4
:101B5000062BD4F8008089B2C4E9002209D143469B
:101B600003E0628B013262831B68002BF9D141F0E4
:101B700002012046218319F0FCFB4FF000090028E8
:101B80006DD041F02001218369E0042B0AD121F0BE
:101B9000070189B22046218319F0EBFB10B141F017
:101BA000200121834FF00008C14658E02369D3F893
:101BB0000090238B23F0070343F006034FF0000847
:101BC000238346464BE02369D3F80490238B23F00C
:101BD000070343F00403F1E72369D3F80890238B4C
:101BE00023F0070343F00503E8E74FF00008C14680
:101BF000E7E7012243F00803238387F31188BFF34B
:101C00006F8F002A3BD1B8F1000F4AD1B9F1000F14
:101C100002D020462C49C847EFF31187202383F3D5
:101C20001288BFF36F8F238B23F008039BB22383AB
:101C3000D9063FD523F01002228303F00705666919
:101C4000218B002EBFF67CAF00239946D4F800808C
:101C500021F00701C4E9003341F001012183238B06
:101C600003F0070AAA4502D0A268002AC1D1B8F140
:101C7000000F02D1B9F1000FDAD00022BAE7A16853
:101C80000029C0D00D680029BDD0334652462046F9
:101C90004F68B8471DB12B6829461D46F3E72B4610
:101CA000FAE74146334652462046D8F8008019F0FC
:101CB0008CFBA8E79A067FF523AF23F0200222834E
:101CC00003F0070527E700BFF7B301002DE9F04750
:101CD000044607464FF00109DFF84C8094FAA4F55A
:101CE000B5FA85F509FA05F32E0108EB05156FEA3B
:101CF000030A24EA03042B7B63B158F806301B69FE
:101D00006BB94644736804222846196807EA0A0733
:101D100019F06AFC002CE1D13846BDE8F08728466E
:101D200098470028F6D1ECE7E0F3010010B5002257
:101D300088B00E490E481CF0A4FC002200230024A9
:101D4000CDE906230E234FF44072CDE90334CDE9EB
:101D50000144084B08490094084817F057FE084909
:101D600006481CF0D8FA204608B010BD851D0000BA
:101D7000680D0020A1200000E84A0020E0080020B3
:101D8000D1040200014817F075BB00BF48060020CF
:101D90002DE9F047804621480F4619F009FC064618
:101DA000002833D000252846BDE8F087237B83B187
:101DB0002368DB680BB120469847636883F8069078
:101DC00023681B69D3B9636804222046196819F097
:101DD0000BFC013610345445E8D3B8F1000FE2D0C3
:101DE000002DDFD02846FFF771FF0546002FF7D002
:101DF000002140F239101CF04EFBF1E720469847D5
:101E00000028E0D009FA06F31D43E2E705464FF04B
:101E10000109034CDFF80CA0DDE700BF68160020C5
:101E2000E0F30100F0F30100014B53F8200070478C
:101E3000ACF4010008B5034608462BB1044A136010
:101E400000F03AFC002008BD6FF01500FBE700BF72
:101E50003C02002010B5044C237813B9034817F056
:101E600009FB0123237010BD263E002048060020F8
:101E700010B50446094819F09BFB3CB1084BD3E868
:101E8000EF1F0139C3E8E21F002AF8D1054818F016
:101E90005DFBBDE81040044817F0ECBA6016002066
:101EA00064160020680D0020480600200022044B24
:101EB000D3E8EF0FC3E8E12F0029F9D1704700BF45
:101EC0006016002070B5FFF7F1FF0546074C084E7D
:101ED000B44200D370BD63685B792BB123685B6843
:101EE00013B12946204698471034F1E7E0F301008A
:101EF000F0F3010010B5044C0449204619F0B3F882
:101F0000034B1C6010BD00BF9005002098F4010039
:101F10005816002000230D4A10B513700C4A0D49C5
:101F200013600D4A0D481360FFF784FFFFF7E2FFCF
:101F30000B4B0C4918468B4200D310BD1A1A5C6833
:101F40001211013222711033F5E700BF273E002045
:101F50006016002040420F0064160020ADB501005D
:101F6000E0F30100F0F301000146002200230148E4
:101F700019F09AB890050020014819F031B900BF56
:101F800090050020024B0146186819F084B900BF83
:101F900058160020014819F0B9B900BF900500207B
:101FA000F8B5284B1B78002B4AD0FFF7E5FF044615
:101FB000002842D1244B254D1B68002B19DD1CF055
:101FC00018FB4FF47A76A0FB060747F6122200238F
:101FD00006FB0171FEF754FAD5E90032C01A40F24F
:101FE000E93361EB0201984271F1000101D3FFF77F
:101FF00069FFD5E9003213F57A7342F10002C5E9B1
:102000000032ECB1BDE8F840FFF7C4BF6B685B7904
:1020100023B12B68214628461B6898471035B542E6
:10202000F4D32046FFF7AEFF094BD3E8EF1F013989
:10203000C3E8E21F002ABDD0F7E7064D064EEEE7E3
:102040000020F8BD263E002060160020600D002014
:1020500064160020E0F30100F0F3010070B50D4DAF
:10206000297861B90120FFF793FE0B4C0B4EB44267
:1020700006D3FFF795FF0028FBD101232B7070BD1D
:1020800063685B791BB1236820469B6898471034CE
:10209000EDE700BF273E0020E0F30100F0F3010070
:1020A00000212DE9F8430846FFF772FE044648B3C5
:1020B00040F21B684FF0000900F060FF1A4B1B4A0A
:1020C0001B58136033B11A4B1B68092B02DD1948EA
:1020D00017F0D0F90025184F44B12046FFF7F6FD60
:1020E000044618B94FF0FF384FF0FF39FFF758FF9B
:1020F000064628B9B5B90F4842464B4617F0EEF9E7
:102100003546E9E74FF0FF384FF0FF39D4E72B6849
:102110009B691BB100222846114698471035BD42E5
:10212000F5D3E8E7054DFAE7080000005C1600204B
:102130006416002048060020F0F30100E0F30100DF
:1021400013B5184819F034FA174B1B7873B1EFF335
:102150001184202383F31288BFF36F8FFFF720FFD2
:1021600084F31188BFF36F8F02B010BD0F4B1B6853
:10217000002BF9D050B9002200230D48CDE90023EF
:1021800047F61222002318F0A9F9EDE70928EBD150
:10219000074818F0DBF9074802B0BDE8104017F017
:1021A00069B900BF64160020273E00205C1600209D
:1021B000680D00204806002010B5064B04461B6839
:1021C00098472146A060044818F0EBFFBDE8104096
:1021D000FFF7B6BF3C02002090050020044A054BE3
:1021E0009B1AB1EBD30F34BF52F831000020704777
:1021F00000F30100E0F301002DE9F04F8FB0C1F3CF
:102200004A2604AF0D469046B8607B600C0D002E48
:1022100061D04FF000090A234FF0040B07F1140AB4
:10222000FE60C7E90799C7F824900093CDF808B07D
:10223000CDF804A007F11C034A464046F968FFF7B1
:102240004BFAB0F5006F03461CD36C468AB0D8F841
:10225000041004AB24481A46C3E9050140F2FF719B
:10226000D9614FF400711984204B42F8103F4FF4AC
:1022700012514B461E48FFF7BFFFA5462C37BD46FF
:10228000BDE8F08FC0F30A0604F11700184420F0EF
:10229000070080083B60FFF767FE66F3532504469E
:1022A00080B13B6800F11001C7E908390A23F961E0
:1022B000CDE901AB009340460E4AF96807F11C03D3
:1022C000FFF70AFA66F353252A4620467B68B96869
:1022D00019F0AAF9D2E704F1170020F007008008EE
:1022E000FFF742FE0446EDE7E604020004000001A9
:1022F00088F30100FBB501002DE9F04F87B00546DA
:10230000DDE9106BDDE9127A884614469946BFB1C3
:1023100010213B465A460020CDF800A0CDF814A06D
:10232000FFF728F8B0F5006F01460BD340F2FF73BA
:102330000221184A184807B0BDE8F04F19F0CDB98E
:102340003946384604F0070305F00704E40044EA80
:10235000831444EA402444EA065406F11700084472
:1023600020F0070080080391FFF7FEFD054640B10D
:102370003FB13B465A460399CDF800A01030FEF716
:10238000F9FF4B4622464146284607B0BDE8F04FCC
:1023900019F04AB92505020088F30100406820B110
:1023A000034BC01A40F3CF0070474FF0FF30704727
:1023B00000F301000EB403B503AB53F8042B014640
:1023C0000448019301F00EF802B05DF804EB03B08D
:1023D000704700BF3DB70100CA0605D48B064CBF4D
:1023E00002490349FFF7E6BF704700BF5E050200E0
:1023F0005D0502002DE9F04F89B098469DF8509098
:10240000159B044606930D46DDE916A3189F059219
:102410000493B9F1000F00F0B08007F480730793C4
:1024200019F0E0F807F0020B0246002874D02046AD
:102430007749FFF7BFFF0646BBF1000F08D017F042
:10244000440F6BD12A4620467249FFF7B3FF06447A
:1024500007F0010353B1704B204653F829206F4B0E
:102460006F49002A08BF1A46FFF7A4FF07F48073DC
:10247000002B07F0080318BF4FF00008002B79D09D
:10248000684B204653F829206749FFF793FF05461C
:10249000059B2BB11A4620466449FFF78BFF054484
:1024A000B8F1000F05D0424620466149FFF782FF90
:1024B000054460483544069B1BB122465E4918F02E
:1024C00065FC049B002B00F08E80DDF810803946FF
:1024D000B8F1100F204628BF4FF010080026FFF774
:1024E0007BFFB54250DC0026334620461AF8032015
:1024F0005249FFF75FFF0136102E4BD0710703D111
:1025000020464F49FFF756FF46453346EDD3204658
:102510004C49FFF74FFFEEE706468DE74A4B186838
:10252000002894D0494B4FF47A7B1B684FF03C0C49
:10253000B5FBF3F5B5FBF0F14FF4616300FB11550A
:102540000BFB05F5B1FBF3F2B5FBF0FE03FB12113B
:1025500000FB1E55B1FBFCF30BFB05F5B5FBF0F5DD
:102560000CFB131120460091CDE901E53849FFF736
:1025700021FF6CE707F008058AE7B8F1010F4D4627
:102580000CBF2C48334896E720462D49FFF712FF31
:102590000136A6E7002620462F49FFF70BFF3346FA
:1025A0001AF803202046A2F120035F2B28BF2E2219
:1025B0002A49FFF7FFFE0136102E0DD0720703D116
:1025C00020461F49FFF7F6FEB0453346E8D82046BF
:1025D0001B49FFF7EFFEEEE7049BC244B3EB080391
:1025E00004937FF472AFB9F1000F0AD0FB0704D552
:1025F00020460A4A0A49FFF7DDFE39462046FFF722
:10260000EBFE204609B0BDE8F04F19F08AB800BFD4
:102610006505020069050200BCF4010060050200C6
:102620000A100200D0F401008E0502009405020099
:10263000980502003DB70100E53300009D0502004A
:10264000A5050200A3050200701600206C160020EC
:10265000720502006BB70100A7050200A905020080
:1026600042F20F7373B58B4228BF0B4605680446D0
:10267000052168460D4A17F0C9FF064663682846DB
:102680000B225B680A4919F03EF8636832466946D6
:1026900028465B6819F037F863681B2228465B6898
:1026A000044919F030F802B070BD00BF9F0B020062
:1026B0003F2202002322020000210123064A904209
:1026C00006D8064A01B901231360054B186070470C
:1026D000012140085B00F2E740420F006C16002029
:1026E00070160020F8B50D460446064F4618B44251
:1026F00001D12846F8BD14F8011BBB6801485B688E
:102700009847F4E714E90100014B0360002070478B
:1027100018F5010008B50348034A0021121A19F000
:10272000D5F808BD88070020E43E0020074808B51A
:10273000074A0849121A19F0CBF8BDE808400648C4
:10274000064A0749121A19F0C3B800BF000000205A
:1027500084070020E8220200000000200000002082
:10276000E82202002DE9F04706460C4600AF00299A
:1027700036D0D1E90012E9468AB06D46A3684FF021
:10278000050AE8461F48CDE90723CDE9050148F8C9
:1027900010AF002342464FF421511B48FFF72CFD98
:1027A000D4E90312CD466369AD461848C5E907234D
:1027B000C5E90501C5F810A0002342464FF4215198
:1027C0001148FFF719FDCD46E3690121104A0E4873
:1027D00018F083FFA36901210E4A0B4818F07DFF12
:1027E000012E07D1EFF305830B4A31460648103B13
:1027F00018F073FF2146304616F06AFBBD46BDE86F
:10280000F08700BFE2050200B8F3010011060200E4
:10281000400602004F0602007D06020030BFFFF7AF
:10282000FDBF00BF2DE9F04105460B4EDFF82C80BF
:10283000324606EB0807CC1B204609491BF04CFF2B
:10284000A01942460021083C1BF053FF2C6707F1FA
:102850000800BDE8F08100BF000000000400000097
:10286000F0F3010010B5244C2449254819F03DF837
:10287000A36A99013ED52248224919F036F81E2054
:10288000A36ADA0104D51E481F4919F02EF81F204B
:10289000194CA36ADB0204D519481C4919F025F824
:1028A0000220A36A1C0304D51548194919F01DF824
:1028B0002120114CA36A590304D51148154919F078
:1028C00014F82220A36A9A0304D50D48124919F07E
:1028D0000CF82320084CA36ADB0304D508480F49F1
:1028E00019F003F82420A36A6FEA03436FEA134345
:1028F000A36210BD1D20C3E700ED00E090060200BA
:10290000B8F30100A8060200BB060200D5060200CB
:10291000FF0602001D070200420702005C070200DA
:1029200070B506460D46294C29492A4818F0DDFFA6
:10293000A36ADB0647D52748274918F0D6FF1120A0
:10294000A36A1C0704D52348244918F0CEFF12209F
:102950001E4CA36A990712D521491E4818F0C5FFDD
:10296000636BA26A120609D501211E4A194818F0A4
:10297000B4FE1EB1A36A23F08003A3621320134C9C
:10298000A36ADE0704D51348174918F0AEFF1420D8
:10299000A36A9C0604D50F48144918F0A6FF152019
:1029A0000A4B9A6AD10658BF9A6A9A6A920642BF3F
:1029B0005A6A22F400525A629A6A42F0FF029A62FC
:1029C00000232B7070BD1020BAE700BF00ED00E0BF
:1029D00087070200B8F301009D070200D00702003C
:1029E000E3070200FB0702001108020030080200A2
:1029F00070B506460D46284C2849294818F075FF41
:102A0000A36AD9043CD52648264918F06EFF172042
:102A1000A36A1A0504D52248234918F066FF182036
:102A20001D4CA36A9B0512D51D48204918F05DFF77
:102A3000A36BA26A100409D501211D4A184818F099
:102A40004CFE1EB1A36A23F40043A3621920124C6A
:102A5000A36A590504D51248164918F046FF1A20F2
:102A6000A36ADA050ED50E48134918F03EFF1B2065
:102A7000094A936A43F47F43936200232B7070BD2D
:102A80001620C5E7A36A9B04F2D505480B4918F048
:102A90002CFF1C20ECE700BF00ED00E05F08020007
:102AA000B8F3010075080200D00702008608020092
:102AB0009F080200B4080200CF080200300802009C
:102AC0002DE9F0418AB0674B0446D3F80480002515
:102AD00000AFC8F3080685F31188BFF36F8F02F0CB
:102AE0007F43B3F17F4F07D102F00C03082B12D1C3
:102AF0005D495E4818F0F9FE00252C460023FB7165
:102B0000F31E092B00F28E80DFE803F00A84878031
:102B10008C8C8C8C8C8A10074CBF0C460125EDE701
:102B20005349524818F0E1FE00234E4EFB71F36A00
:102B30009A0705D54F494D4818F0D7FE00232DE0E0
:102B4000F36A002B01DA4C49F5E7F36A5B00F5D52F
:102B50004A49464818F0C9FE7369A26943F4807374
:102B60007361BFF34F8FBFF36F8F32F8023C72690E
:102B700022F480727261BFF34F8FBFF36F8F03F443
:102B80007F42B2F55F4F2BD1DBB2022B28D12368F5
:102B900001213B4A354818F0A0FD2368FA79DAB9DB
:102BA00007F1080604F1200C3246206861680834F9
:102BB00003C264451646F7D17A6A002D4FD0C2F39E
:102BC000080121B96FEA52226FEA42227A6218465E
:102BD00007F10801FFF7C6FD2837BD46BDE8F081C3
:102BE000204B9A6AD2B222B10120F91DFFF798FE5C
:102BF0000EE09A6A12F47F4F04D00120F91DFFF70E
:102C0000F7FE05E09B6AB3F5803F97D3FFF72AFEF6
:102C10000346C3E70020F91DE8E70020F91DEEE7B1
:102C2000184988E7184A18F4F87FE8468AB0174B25
:102C300008BF13466A461649103ECDE905134FF406
:102C40000073ADF82030134B079642F8103F002375
:102C50004FF411510548FFF7CFFAC5466EE76FF301
:102C60000802B3E700ED00E015090200B8F3010027
:102C70004009020057090200780902008609020093
:102C8000A5090200C1090200E7080200FC080200D1
:102C9000E509020004000001064B5A6942F01002E7
:102CA0005A615A6942F480625A615A6922F00802F4
:102CB0005A61704700ED00E0EFF30880EFF30981FF
:102CC00001B57246FFF7FCFE01BD00BF0B4880F363
:102CD000088815F049F9202080F3118808484FF43E
:102CE0000061401880F30988EFF314800221084343
:102CF00080F31488BFF36F8F00F06AF8B86D00207E
:102D0000785C00201EF0040F0CBFEFF30880EFF397
:102D10000980816911F8021C0229FFD001B57246B1
:102D200018F0D8FD01BD00BF00B2002807DB012369
:102D30004109034A00F01F00834042F821307047E8
:102D400000E100E000B200280CDB01220649430943
:102D500000F01F008240203341F82320BFF34F8F43
:102D6000BFF36F8F704700BF00E100E0054B4209E1
:102D700053F82220012300F01F0003FA00F0104056
:102D8000704700BF00E100E000B2002801F101013E
:102D9000ACBF00F16040064B4FEA4111C9B2ABBF76
:102DA00000F5614000F00F0080F8001319547047DF
:102DB00014ED00E0044B054A23F07F039360BFF35A
:102DC0004F8FBFF36F8F70470000000000ED00E0F1
:102DD00008B5FFF7EFFF0B4AD2F8883023F47003F1
:102DE000C2F88830EFF3148323F0040383F31488CC
:102DF000BFF36F8FFFF78EFCFFF798FC00F09CF895
:102E000016F088F900ED00E042F8203C009B0B49E9
:102E100042F81C3C019B21F0010142F8183C029B46
:102E200042F8081C42F8143C4FF0807342F8043C0E
:102E30000023203A02654367704700BFB11A0000C3
:102E400000B50D4B15469860026F0C4B0E461A608C
:102E5000036E83F30B882C4686F309880020044B0D
:102E600098472046002100220023024C2047000002
:102E700009B90100B11A0000D43C002098160020C6
:102E80001022014B1A61704700ED00E0054B5A69B2
:102E90009B689A421FBF044A536843F080535360B3
:102EA000704700BFD43C002000ED00E0084B9B6859
:102EB00083420BD1EFF3058343B1064B5A6842F0CE
:102EC00080525A605A6A22F400425A6217F020B8BF
:102ED000D43C002000ED00E014498A684FF0300037
:102EE0001044EFF3098C80E8F01F202080F3128853
:102EF000BFF36F8F0E4F4FF000664A698A603E60E5
:102F0000106F0C4C2060506F0023536780F31188C2
:102F100002F1300090E8F01F8CF3098802F1000004
:102F200004B518F0EAFCBDE804407047D43C00202A
:102F300004ED00E0981600200023202040F20F123C
:102F400010B5044CE1180133934281F80003F9D124
:102F500010BD00BF00E100E008B5EFF30583064AAD
:102F6000103B02EBC30152F8330049688847BDE8C3
:102F70000840FFF78BBF00BF4CE901000148006823
:102F800070470000981600201FB50121094B0A4A1E
:102F90000A4800F00FF90023064A0393084B012169
:102FA000019301A8D31A029300F00EF905B05DF861
:102FB00004FB00BF00000420000000207CF501009D
:102FC000880700200A7A0B6810B562F304031C46D8
:102FD000CB68520923F01F0343EA4203044A43F03B
:102FE0000103C2F89800C2F89C40C2F8A03010BD9E
:102FF00000ED00E010B50A4BD3F89030C3F307237F
:10300000013B984208D901210346064A064818F0B8
:1030100064FB6FF0150010BDFFF7D4FFFBE700BFA6
:1030200000ED00E0FC090200A0F301002DE9F04FE3
:103030008946144606464FF000084F4D85B0C845F6
:1030400027DAD6F804A0BAF1000F44D0BAF11F0F66
:1030500017D91AF01F0F14D1D6F800B01BF01F0FAC
:103060000FD1584618F073FC07460AEB0B000138E5
:1030700018F06DFC874210D06FF015073F4A3B46B1
:1030800001E043463E4A01213E4818F026FB6FF01E
:103090001504204605B0BDE8F08F17F1160FEDD0EE
:1030A000BC42EBDDC5F89870D5F89C10C5F8987057
:1030B000D5F8A03021F01F0143F01F0BD6E90032F4
:1030C0001A44994202F1FF3A1AD1D34507D1314649
:1030D000F8B218F045FC08F101080C36AFE73146AC
:1030E000C5F89870D5F89C30E0B263F30402C5F8D7
:1030F0009C2018F035FC10F1160FC8D0441CEAE7EC
:10310000C5F89870D5F8A020013B23F01F0302F00A
:103110001F021343D3453146E0B2C5F8A030E8D0D2
:1031200018F01EFC10F1160FB1D0C5F89870D5F844
:103130009C209DF808300BF1FF3B62F304038DF8EF
:103140000830D5F8A0309DF808205B0863F34712DB
:103150008DF80820D6E900321344009323F01F03B2
:103160005B44A3EB0A03013023F01F036946C0B29E
:103170000393FFF73FFFBEE700ED00E0480A0200BF
:10318000220A0200A0F301000522044BC3F8942098
:10319000BFF34F8FBFF36F8F704700BF00ED00E0AC
:1031A000BFF35F8F0022024BC3F89420704700BF2B
:1031B00000ED00E010B5034C2278FFF737FF2070D8
:1031C00010BD00BF293E00202DE9F74F294D8A464A
:1031D00006464FF00008AB46274FD0451BDAD6F81D
:1031E0000490B9F1000F3FD031680846019118F002
:1031F000AEFB0199044609EB0100013818F0A7FB6A
:1032000084424FF014021D4B08D002FB08F36FF00C
:1032100015024BF8032003B0BDE8F08F14F1160F30
:103220002C60F8D01978A142F5DD02FB08B0C7F890
:103230009840C7F89840D7F89C4000F10801007BFF
:1032400064F304000871D7F8A0000C79400860F31B
:1032500047140C71D7F89C1021F01F016960D7F852
:10326000A01021F01F01296108F1010814350C3666
:10327000B3E700BF9C16002000ED00E0293E0020CF
:10328000F0B55349534DD1F890302C68C3F3072360
:103290009C4287B000F299800020FFF781FF4E4BDF
:1032A000C1F8C030844216D14C4D01A82C70FFF7F4
:1032B0002BFA002607464A4CB74213D100202B7840
:1032C0004349D1F89020C2F30722934277DBFFF7FE
:1032D0005BFF002046E0696801EB0011FFF772FE1A
:1032E0000130DFE70199300101EB0613DA68224073
:1032F000B2F1807F52D00AD8B2F5001F34D0B2F5B7
:10330000800F3ED0B2F5801F12D00136D4E7B2F163
:10331000006F43D0B2F1805FF7D15A689B680958BB
:10332000013B22F01F00034423F01F03012032E081
:103330005A689B680958013B22F01F000344012092
:10334000844623F01F0340EA4C10CDE902218DF89A
:10335000100002A928780593FFF74CFE00282ADA0E
:103360006FF0150007B0F0BD5A689B680958013B23
:1033700022F01F0003444FF0020C012023F01F0332
:10338000E1E75A689B680958013B22F01F0003449B
:10339000062023F01F034FF0000CD4E75A689B6807
:1033A0000958013B22F01F0003444FF0030C012099
:1033B00023F01F03C7E72B7801332B70A5E7C1F873
:1033C0009830C1F8A00001337BE74FF0FF30C9E728
:1033D00000ED00E088F50100AAFF4400293E00202E
:1033E0000000F0FFF0B587B007460E4614460021F6
:1033F000102268461D461BF07CF902238DF802302E
:10340000054B2A4621466846CDE90476019317F01C
:1034100027F907B0F0BD00BF93B9010008B5024B12
:103420001B689847002008BDB0160020034B044AD3
:103430001860937843F0020393707047B016002031
:103440005802002008B50649064821F00701C1F1DD
:10345000005202F5802217F058FC002008BD00BF82
:103460007FB30020B416002070B541690446867A07
:103470000A4D59B1437ADB0706D4242303FB0653D4
:10348000DB691B689B689847002363612420214601
:1034900000FB0650BDE870401AF024BE88060020EC
:1034A0002422024B02FB0030704700BF8806002038
:1034B0002421827A054B01FB02331A6A1B7D801A94
:1034C0001B3323F00303B0FBF3F0704788060020A2
:1034D00038B52424827A064B04FB0233DB69D3E936
:1034E00001240C601568FFF7E3FF04FB005038BDB2
:1034F000880600202DE9F04385B0054668469046D1
:103500001C4603911BF077F8DDE90067EFF31189A2
:10351000202383F31288BFF36F8F6B8A002B41D077
:103520002A8A9A4225D900220023284615F070FFE6
:103530000446F0B189F31188BFF36F8F039B002B12
:1035400041D032463B4668461BF07AF82421A27AE5
:10355000254B204601FB0233DB6903A91B681D686C
:10356000DDE90023A847606170BB2046FFF77CFFC0
:1035700024E0698A4B1E6B8289F31188BFF36F8F39
:103580002B7D2A8A2C6A1B3323F00303521A02FB79
:103590000344154B154AEB1A9B105343A3722B7D22
:1035A000E372CBE789F31188BFF36F8F234642465E
:1035B000284615F02DFF04460028BFD100242046E0
:1035C00005B0BDE8F0836361012300252381039BDF
:1035D00029466382E27A656004F118001BF089F8DD
:1035E00063692582E360EAE788060020398EE338C4
:1035F00070B524250C4C00B970BD037A4668002BC9
:10360000FAD0013BDBB20372002BF5D1C3604360FB
:10361000837A05FB03439B6913B198473046EAE779
:10362000FFF722FFFAE700BF880600202DE9F84FD8
:1036300006460D4617460446A3466468002CFBD197
:103640004FF02409DFF878A0BBF81030BBF8122047
:10365000DBF81410D21ADBF80C300BF10C005B1AFB
:10366000D21AAA4228BF2A461FFA82F83946424691
:1036700018F018FAB5EB0805444447441DD00C9BDC
:1036800053B1DDE90A010D9A98478346A8B1014676
:10369000304618F0D3F9D7E7B07A09FB00A0C36928
:1036A0009B6843B1AB4228BF2B461946DDE90A238C
:1036B000FFF720FFE9E72946F8E72046BDE8F88F45
:1036C0008806002008B5244A244B1A6013F0B6FE81
:1036D0004FF47A612248D0F82436C3F30802C3F3CA
:1036E00009434B4382F480721E49883201FB023346
:1036F0004FF4FA215B00B3FBF1F201FB12331A49DC
:10370000B3F57A3F28BF0132C1F80429D0F820363A
:103710004FF47A60C3F30802C3F30943434342F210
:103720001C5082F4807202F2172200FB02334FF425
:103730007A701B0AB3FBF0F200FB12330020B3F5E2
:10374000FA7F4FF0010328BF0132C1F81C27C1F8EE
:103750000009C1F8003608BD0020A107540500206B
:1037600000C0FF00F82A00800000125048B1054B4D
:10377000054A1B68B3FBF2F35843044B43F00103C3
:10378000184770475405002040420F0080F40100A4
:103790000E4B402928BF402170B51D460C4C4618E1
:1037A000B04203F1020304D1002305F811300748A9
:1037B00070BD02781209A25C03F8022C10F8012BEC
:1037C00002F00F02A25C03F8012CE9E7483E00205A
:1037D0005E22020030B503788BB0044607AD032BA0
:1037E00021D8DFE803F0021A1C1E12492846FCF714
:1037F00061FE059563781E210493A3780E4A039316
:10380000E3780E4802932379019363790093A379B7
:1038100016F0FCFE09480BB030BD0949E6E709493E
:10382000E4E70949E2E70A212846084A16F0EEFED5
:10383000DFE700BF950A0200B70A02002A3E002017
:103840009C0A0200A30A0200AD0A0200A71C0200A3
:1038500030B50378012B11D0022B21D06BB90A4669
:10386000144B03F1100453F8045BA34242F8045BC9
:10387000F9D143881A0A8A70CB7030BD0A460D4BC5
:1038800003F1100453F8045BA34242F8045BF9D13E
:1038900043681A0C180E4A700870C3F30722EAE74F
:1038A00000F11003013913F80129984201F8012FA2
:1038B000F9D1E2E76F22020010B518F0A9F91AF069
:1038C00024FD044608B916F059FA064BD3E8AF3F79
:1038D0000BB10A2098471CB9BDE8104016F062BA37
:1038E00010BD00BFC016002038B50446084818F0C7
:1038F00061F8054648B1631EDBB21F2B96BF054A2F
:103900000021D15C0C3018F0D6F8284638BD00BF35
:103910003C0700207F2202000F2810B50CD80D288C
:103920000CD90A4818F046F8044618B104210C30A6
:1039300018F0C1F8204610BD1328F2D009B1044890
:10394000F0E70220BDE81040FFF7CEBF600700207F
:10395000D0060020F0B505460E46174685B0AB8868
:10396000012B0ED9284618F0D9F8044648B1AB8887
:10397000984208D9022100930D4A03460D4817F0DA
:10398000B6FE05B0F0BD284618F0C8F82B688DF8D3
:103990000800013C394602A88DF809400393B0475E
:1039A0000028EED02146284618F0A8F8D7E700BF37
:1039B000E10A020038F30100C3681B780221024AC1
:1039C000024818F09DB900BF0C0B020048F301003B
:1039D00038B5C5682B7893B9B5F801400F2120465A
:1039E00002F010FEEB78054650B90A4A118831B949
:1039F0006FEA04506FEA10501080074A137038BD08
:103A00004372012102F0F8FC2846BDE8384002F07C
:103A1000A1BC00BF0A3D0020C93E002070B5C368AC
:103A20001D787DBBB3F801600F21304602F0EAFD3E
:103A3000044638B901213346BDE87040124A1348A4
:103A400018F05EB9294602F0D7FCA378012B04D008
:103A50002046BDE8704002F07DBC231DD3E8AF3F97
:103A6000DB07F5D50321204602F0C6FC032018F041
:103A700094FA03460028EBD00221054A034818F0C7
:103A80003FF9E5E770BD00BF340B020048F30100C9
:103A90005A0B020010B501210C3018F037F80378EA
:103AA0000121BDE81040024A024818F029B900BFC0
:103AB000800B020048F30100014610B5084817F0DA
:103AC0007DFF084908481AF0CEFB031E06DABDE860
:103AD00010400121054A064818F012B910BD00BF78
:103AE0007401002068030020400E0020A20B020099
:103AF00048F3010073B5C4680121B4F80160304691
:103B000002F080FD054640B901213346114A1248B2
:103B100002B0BDE8704018F0F3B823788DF800309B
:103B20007BB9A3798DF80430B4F80730ADF80630CE
:103B30002379627943EA0223ADF80230E3788DF805
:103B400001306946284603F07FF9284602F002FC5E
:103B500002B070BDBF0B020048F3010073B5C4682A
:103B60000121B4F80160304602F04CFD054640B931
:103B7000012133460E4A0F4802B0BDE8704018F0EC
:103B8000BFB823788DF8003043B9E37805348DF859
:103B9000013014F8013C01948DF802306946284642
:103BA00003F030F9284602F0D5FB02B070BD00BF2B
:103BB000BF0B020048F301002DE9F14FC568012158
:103BC0002E88304602F01EFD044640B901213346DE
:103BD000284A294801B0BDE8F04F18F091B8B5F86F
:103BE0000280EE881FFA88F3AF88A3F11B022D89AB
:103BF000E02A1FFA86FA1FFA87F91FFA85FB04D913
:103C000002211E4A1C4818F07BF8AAF11B03E02B86
:103C100005D9022153461A4A174818F071F844F2A0
:103C20004812A9F5A4739BB2934205D902214B46D1
:103C3000144A114818F064F844F24812ABF5A47322
:103C40009BB2934205D902215B460F4A0A4818F0FD
:103C500057F82046A4F8A680A4F8A870A4F8AA6093
:103C6000A4F8AC5002F01AFF204601B0BDE8F04FB6
:103C700002F070BBDA0B020048F30100FE0B0200F9
:103C8000270C0200500C0200770C020073B5C568C7
:103C90000121B5F80160304602F0B4FC044640B999
:103CA000012133462D4A2E4802B0BDE8704018F07D
:103CB00027B82B781A2B19D1C378012B4AD14FF48E
:103CC0008041043018F01EF843040FD4D4F88C302F
:103CD00069460093D4F894302046019303F044FCE5
:103CE000204602B0BDE8704002F034BB2B788BBB9D
:103CF00040F2E242B5F803301A495343C4F8883021
:103D0000B5F80520A4F89020B5F80720A4F8922073
:103D1000A3F5EA520C3A8A4204D90221124A104809
:103D200017F0EEFFB4F89030B3F5FA7F04D3022118
:103D30000E4A0B4817F0E4FF40F67641B4F8923093
:103D4000A3F10A0292B28A4204D90221084A044825
:103D500017F0D6FF204602F055FEC1E7DA0B02004D
:103D600048F3010095F03C009E0C0200C50C0200D7
:103D7000EC0C020010B5002486B003AB00934FF4A6
:103D800080624FF0FF3305490548CDE903440594AF
:103D900015F05AFD204606B010BD00BFE84D0020CA
:103DA000A00D00200121024A024817F0A7BF00BF62
:103DB000180D020048F301000B46B0B50D8A00AFA4
:103DC00004462946D868FFF7E3FC8AB06A46094BE7
:103DD000CDE90750CDE9053440F20243ADF8243077
:103DE000054B4FF43251054842F8103F17F095FF4C
:103DF000BD46B0BD320D02000500000148F30100D0
:103E000070B5C5680121B5F80160304602F0FAFBD3
:103E1000044638B901213346BDE870400B4A0C48CE
:103E200017F06EBF2B783BB9D5F80330C0F8983047
:103E3000D5F80730C0F89C30201D4FF4003117F042
:103E400061FF2046BDE8704002F084BADA0B020040
:103E500048F301002DE9F84FD0F80C90018A99F849
:103E6000004000AFA30001338B425FD96D468AB09A
:103E70006A46CDE9073105232E484FF42151CDE99B
:103E800005042D4842F8103F17F047FFAD46BD46E8
:103E9000BDE8F88F01212B46284A274817F030FF4C
:103EA000013699F800309E42F1DA09EB8603B3F847
:103EB00001500F212846B3F8038002F0A3FB04460B
:103EC0000028E7D000F1C80AB8F1000F06D06569F4
:103ED00045B901211A4A184817F010FF204602F090
:103EE00039FADDE7A2692B6895422046636108BF75
:103EF000A36102F055F915F0BDFAC5F800B0236AC8
:103F00008BB9C4E90755DAE8EF3F013BCAE8E23F65
:103F1000002AF8D10021204608F1FF3802F04CF9C0
:103F20001FFA88F8D0E71D602562ECE70026B3464B
:103F3000B7E700BF540D020048F301007F0D0200F7
:103F40009B0D020037B50446084602EBC3039A42B4
:103F500002D16FF05E0010E0114611F8085BA54237
:103F600011D1038A5178994209D908480121084A98
:103F7000009417F0BCFB6FF0150003B030BD536820
:103F800098470020F9E70A46E1E700BF48F301003F
:103F9000B20D02002DE9F0470C4615F0EFFEE56882
:103FA0002B78022B75D0042B0AD001213D4A3E48C4
:103FB00017F0A6FE2046FFF71BFB6FF015040EE07E
:103FC000B4F81080B8F1020F0ED84346374A36488D
:103FD000012117F095FE2046FFF70AFB002415F09B
:103FE000E1FE2046BDE8F08768783E280CD1B8F1A4
:103FF000030F02D12E4A4346E9E7EB78012B01D0AB
:104000000A2B46D1032704E017F05EFE0746F807A7
:104010003FD504F10C0601213046D4F814A017F066
:104020006DFD0221304617F071FD814600783E2873
:1040300007D1E3681B78012B01D00A2B06D1032698
:1040400014E017F041FEC10706460FD441F2681391
:10405000184A1949194816F0F8FE002383F311880D
:10406000BFF36F8F0323184602DF0226144A06238C
:10407000214699F8000017F05CFEB2070DD5636980
:10408000A5EB0A0513FA85F5E560A4F81080BB07D7
:10409000A4D52046FFF710FDA0E72046FFF7A8FAB9
:1040A000F5E700BF7A0E020048F30100D40D0200CC
:1040B000F00D0200100E0200440E02005D0E020020
:1040C00034F6010010B5012104460C3017F01EFD36
:1040D0002146BDE810400223014A007817F029BEAE
:1040E00064F6010073B53E4817F07DFC04460028D5
:1040F00073D000F10C05284617F010FD0228034686
:1041000003D0042847D0374A03E0238A032B05D87D
:10411000354A0121354817F0F3FD13E00421284604
:1041200017F0F4FCFF23428806882376238AC6F31F
:104130000B009A42608309D0012100922B482C4A3F
:1041400017F0D5FA2046FFF753FA12E00F2102F0DC
:1041500059FA054610B9638B264ADAE702F078FA75
:1041600021462076320B284602F078F8284602F0E5
:10417000F1F8214BD3F844317BB3204920481AF0A1
:1041800072F8031E29DA01211E4A184802B0BDE860
:10419000704017F0B5BD2846022117F0B7FC054660
:1041A00000783E2812D017F08FFD10F002060DD1D6
:1041B00040F69A43144A1549154816F046FE86F310
:1041C0001188BFF36F8F0323184602DF04232146B3
:1041D000104A287817F0ADFDB4E702B070BD00BFFB
:1041E00074010020230F02008E0E020048F301002C
:1041F000AF0E0200D30E0200300000206803002042
:10420000400E0020A20B0200100E0200F50E02006C
:104210005D0E020074F6010010B5012104460C3059
:1042200017F074FC2146BDE810400A23014A0078CB
:1042300017F07FBD94F60100F8B50121044600AFE8
:104240000C3017F063FC0678002321463046104AF4
:10425000FFF778FE5F3019D1258AE0682946FFF71D
:1042600097FA6C468AB06A460A4BCDE90750CDE909
:10427000053640F20243ADF82430074B4FF432517B
:10428000064842F8103F17F048FDA546BD46F8BD68
:10429000E4F60100370F02000500000148F30100B9
:1042A0002DE9F74F0023804689461746DFF800A125
:1042B000DAE8EF4FCAE8E23F002AF9D1264644B9CE
:1042C000012143463B4A3C4803B0BDE8F04F17F09C
:1042D00017BD2046FFF7ECF84FF00C0B374D0BFBEA
:1042E0000050438843451BD02046FFF7E1F80BFB05
:1042F0000050438801210093314A43462E4817F06D
:10430000F6F9DAE8EF3FCAE8E26F002AF9D1002BAC
:104310004BD01E46304603B0BDE8F04FFFF768B9FA
:10432000A74208D0204617F040FB3A8AF96804F10A
:104330000C0017F0B7FB2046FFF7BAF80C2707FB75
:1043400000504368ABB1B9F1000F12D12046FFF71E
:10435000AFF8012107FB00504268536803F01F00CB
:10436000814010685B0900EB8300137ACBB117F032
:10437000C9FC2046FFF79CF80C2707FB0050836818
:10438000002BC7D02046FFF793F8784305F800903C
:104390002046FFF78DF807FB0055A86815F06AF86E
:1043A000B8E7C94317F0BCFCE3E703B0BDE8F08F02
:1043B00070010020690F020048F30100C4160020BC
:1043C000910F020008B501F01DFC064BD3E8AF2F9A
:1043D00002F00B02D3E8EF1FC3E8E02F0028F9D169
:1043E00008BD00BF0401002010B5C1E900239DF8FD
:1043F00008300C460B72FFF75BF80C22024B02FBF5
:1044000000335C6010BD00BFC4160020F8B5024642
:104410000B46104817F0CEFA0446C0B104210C3008
:1044200017F02FFB2046FFF743F80C2700260A4D14
:1044300007FB005046802046FFF73AF807FB005084
:1044400086602046FFF734F807FB00556E60204673
:10445000F8BD00BF18070020C41600200138C0B204
:1044600002289ABF014B185C002070479F2202006F
:1044700070B5C5680121B5F80160304602F0C2F898
:10448000044638B901213346BDE870400A4A0B485A
:1044900017F036BCE878FFF7E1FF84F8A40028792C
:1044A000FFF7DCFF84F8A500204602F01DFB204644
:1044B000BDE8704001F04EBFDA0B020048F3010086
:1044C00010B5044692B04422064901A81AF004F936
:1044D000102C9DBF12AB03EB840454F8440C02482B
:1044E00012B010BD10F40100C40F0200034B0146CE
:1044F000D3F85C0182689268104700BF300000204A
:104500002DE9F047042100AF474817F0FBFB6D464B
:1045100001F078FB88B06A46444B4FF4E6510593AE
:10452000434B444806934FF40073ADF81C30424BA4
:10453000424C42F8103F17F0F0FBAD46E179404B9A
:10454000404E2046012998BF1E46FFF743F98AB026
:104550006A463D4B0790CDE905363C4B4FF423515D
:1045600008933B4B334842F8103F17F0D6FBA24666
:10457000AD460125374EDFF8E080E3790AF1070AFE
:104580009D423ADB94F870506E462846FFF798FF3C
:104590008CB06A46B4F87210B4F87630CDE90751A1
:1045A0004FF40075DFF8B4C009932D4BCDE905C079
:1045B000ADF828504FF4535142F8103F1D4817F002
:1045C000ACFBB54694F871603046FFF779FF8AB0CE
:1045D0006A46B4F874302349CDE90763224BCDE92C
:1045E0000510ADF824504FF43351124842F8103FF3
:1045F00017F093FBBD46BDE8F0875046FFF7EAF899
:10460000E9468AB06A4640F20133CDE90565079074
:10461000ADF820304FF41351064842F8108F17F0D0
:104620007CFB0135CD46A8E704010020D00F020035
:10463000E20F020048F301000300000130000020F7
:104640005F050200CC0F0200ED0F02000002010323
:1046500004000002FC0F0200040000010D10020023
:10466000060000014B1002000500000100487047E1
:10467000721002000149024819F0F5BD58030020EC
:10468000A00D002070B505460C4639B1CB684A69CB
:104690009B1A032B0ED86FF0150509E04FF0FF3081
:1046A0004FF0FF31FFF7B2FE044618B96FF068050E
:1046B000284670BD2046FEF7FBFE0C22164BA618BE
:1046C00002FB0033032130465D8017F006FA0580B7
:1046D000238A0121033B8370304617F006FA40F627
:1046E00035439D420FD12046FFF700FF05460028C5
:1046F000DED001210346094A094817F001FB204694
:10470000FEF776FFD4E72146064819F0E0FC0025C5
:10471000FFF7B0FFCCE700BFC416002082100200F4
:1047200048F301007C0100202DE9F04784B0804669
:1047300091460C4600AF71B94FF0FF304FF0FF319A
:10474000FFF764FE044660B96FF06805284610372D
:10475000BD46BDE8F087887AFEF7A2FE3B4B834258
:104760006ED101220021384619F0CAFC2046FEF71E
:104770009FFE0C23DFF8D8A003FB00A08760204633
:1047800017F047F901464046FFF77CFF054618B190
:104790002046FEF72DFFD9E7002338462D4A14F0B6
:1047A0009DFE064690B14FF4F1732B4A2B492C48DD
:1047B00016F04BFB324641462A4816F046FB85F37D
:1047C0001188BFF36F8F0323184602DF2046FEF7E0
:1047D0006FFE0C2358431AF800605EB36D468AB032
:1047E0006A46214B0796CDE90538204B4FF43251EC
:1047F000089340F20243ADF824301D4B1D4842F8A7
:10480000103F17F08AFA2046AD46093EFEF7F0FE4B
:10481000092E0CD8DFE806F0050B0B08170B0B0B65
:104820000B146FF06E0591E76FF00C058EE76FF0DB
:1048300004058BE7B9F1000FAAD0C9F8004085E75D
:104840006FF0150582E76FF00B057FE71807002072
:10485000C4160020B4C40400100E0200A41002000C
:104860005D0E0200AD100200F21002005F050200B2
:104870000500000148F3010073B506460D4642F2FB
:104880002F00002101AAFFF74FFF044638B1012194
:10489000144A154817F032FA204602B070BD01984C
:1048A000C368B3F801203280B3F803302B80FEF7E1
:1048B0009FFE3388A3F11B02E02A04D902210B4A90
:1048C000094817F01DFA44F248112B88A3F5A47289
:1048D00092B28A42E0D90221054A034817F010FA41
:1048E000DAE700BF1111020048F30100020C0200D8
:1048F000540C0200F0B585B006460DF1030100200E
:1049000001F01CF80446002846D14FF0FF304FF06C
:10491000FF31FFF77BFD0746002840D019210C30FE
:1049200017F0BAF805462146192219F0E2FE9DF863
:10493000033006F170012B73681D17F0D8F9194B7D
:1049400038469A89D4332A8033F8C62C6A8001937A
:10495000072302930123B6F88C208DF80C30A5F8BC
:104960000D20B6F88E20A5F80F20B6F89020A5F8F7
:104970001120B6F89220A5F81320FEF799FD0C221D
:10498000094B394602FB003301AA5A6042F20D007E
:104990002246FFF7C9FE0446204605B0F0BD6FF081
:1049A0006804F9E730000020C4160020F8B502289A
:1049B000054600AF3DD100210246084602F09EF9AF
:1049C000044680B90121264A264817F097F90320AA
:1049D00017F0E3FA034620B10221234A214817F0D9
:1049E0008FF9BD46F8BD031DD3E8AF3FDB0706D501
:1049F000032101F001FD204601F0ACFCE7E7403067
:104A000019F06EFC10F00C0608D116482946174A1A
:104A100017F074F9314620466572EAE72046FFF741
:104A200069FF0028E7D00121114A0E4817F066F906
:104A3000E1E76C468AB06A460E4B4FF41251CDE95D
:104A400005300D4B0748079340F20133ADF8203095
:104A50000A4B42F8103F17F060F9A546C1E700BFC6
:104A60003111020048F301005A0B02004F110200FD
:104A700075110200911102005F050200040000019F
:104A800030B54FF0FF304FF0FF3185B0FFF7BEFC7F
:104A90000446B0B10C4B0025019307238DF80C5050
:104AA0000293FEF705FD0C22084B214602FB003362
:104AB00001AA5A6042F20E002A46FFF735FE05B001
:104AC00030BD6FF06800FAE704010020C416002032
:104AD0002DE9F04385B000265D4BB0F801901988B0
:104AE00049F47042914204BF1E805A4B00F1040801
:104AF00008BF1E78C3780546012B08BF564B4046B9
:104B000000AF14BF002493F86F4017F07DF84146C2
:104B1000B0B307F1080017F06CF8D5F81130C7F8FA
:104B20000130B5F81530A7F8053001233B70E8785F
:104B300040B9022207F1080102F0E0F8EB780446E0
:104B40005BB384BB4046FEF745FE6C4688B06A46C0
:104B5000424B4FF4E251CDE905304FF40073ADF80C
:104B60001C303F4B3F4842F8103F17F0D6F8132156
:104B7000A546484617F013F91437BD46BDE8F08343
:104B8000204617F0DDF9014607F1080017F0AFF8ED
:104B90004146384617F0ABF8C9E76FF0800132485C
:104BA00017F0BEF8CDE7204640F2E242B5F80130FA
:104BB00007F1080120F8703B17F099F8B5F81730A5
:104BC00053430022C4F88830B5F81930A4F8903067
:104BD000B5F81B30A4F89230EB786272234AE37088
:104BE000C4F8A4204732C4F8A8204FF4A472A4F853
:104BF000AC206BB9394604F17E0017F078F8217AC1
:104C0000154BC1EBC101194404F1770017F06FF89F
:104C10000721204601F0F0FB26B1012120466672F3
:104C200001F0EAFB204601F04FFD204601F092FB27
:104C3000E378002BA0D1032017F0AFF9034600283A
:104C40009AD002210A4A074817F05AF894E700BFA1
:104C50000A3D0020C93E002030000020AD110200B6
:104C60000300000148F301000401002001011B00C2
:104C70005A0B020000B5C16889B0087820B109B0AC
:104C80005DF804EBFFF792BEB1F801308DF800003B
:104C9000ADF80130CB7801A88DF80330B1F80B30B6
:104CA0000431ADF81730B1F80930ADF81930B1F86A
:104CB0000B30ADF81B304B7B8DF81D3017F017F81B
:104CC000084B68461A689B88CDF80B20ADF80F306A
:104CD000CDF81120ADF81530FFF7FAFE09B05DF8F8
:104CE00004FB00BF582202000022F0B585B0114637
:104CF00040F6034002AFFFF717FD044600285BD1E2
:104D0000FFF760FB214641F203003A1DFFF70CFD5F
:104D10000446002850D17A68294DD16805F17803FE
:104D2000D1F80100D1F8051003C31046FEF760FC6E
:104D3000214641F201003A1DFFF7F6FC0446002827
:104D40003AD17868C3685A7885F870205A88A5F8EF
:104D500072201A7985F87120B3F80720A5F874201D
:104D6000B3F80530A5F87630FEF742FC214641F253
:104D700002003A1DFFF7D8FC0446E8B9D7F804C092
:104D800005F18006DCF80C20531C413234461868CB
:104D90005968083303C493422646F7D16046FEF7AC
:104DA00027FC95F87C305E0610D40121054A0648A0
:104DB00016F0A4FF6FF0120420460C37BD46F0BD7C
:104DC00030000020C911020048F3010095F8AF102F
:104DD0003A1D11F0040100F04581002142F28700E4
:104DE000FFF7A2FC04460028E6D17A68DFF8ACC2DF
:104DF000D468A31C2234664618685968083303C671
:104E0000A342B446F7D11046FEF7F2FB002142F26E
:104E100002003A1DFFF788FC04460028CCD17E68CA
:104E2000F468B4F801309AB292B1E27882B1A5F890
:104E30001431E3780A2B06D00A2202210092984806
:104E4000984A16F054FCE2789748114619F058F940
:104E50003046FEF7CDFB95F87C6016F0200619D1A0
:104E60004FF0FF304FF0FF31FFF7D0FA0446002833
:104E700000F0BD8102210C3016F00EFE0123214608
:104E800003704670324640F66D40FFF74DFC044615
:104E9000002891D195F89C301C0712D5002142F2D0
:104EA0001C003A1DFFF740FC0446002884D17868B6
:104EB000C368D3F80120D3F80530C5E93E23FEF7D7
:104EC00097FB95F8D830980623D53846B91CFFF7DC
:104ED000D3FC044600287FF46FAF4FF0FF304FF053
:104EE000FF31FFF793FA0646002800F08081042185
:104EF0000C3016F0D1FD3B88224603807B8831467A
:104F0000438042F22400FFF70FFC044600287FF4A0
:104F100053AF4FF0FF304FF0FF31FFF777FA044601
:104F2000002800F0648108210C3016F0B5FD95F8DA
:104F3000D81011F0020316BF2F220F22002389067A
:104F400095F8D91048BF42F0400211F0090F95F9C9
:104F5000DF1018BF42F400620029B8BF4FF480632D
:104F600095F8E0100270C2F30722427000228E070B
:104F700048BF43F48013C3F307211B0C41718270B7
:104F80002146C27002718371C27142F20100FFF7C3
:104F9000CBFB044600287FF40FAF95F87C30B5F8C2
:104FA000141198066FD4C9B941F205003A1DFFF7F4
:104FB000BBFB044600287FF4FFAEB5F814317C68D3
:104FC0004BB9E368B3F80120A5F814219A88364854
:104FD000114619F095F82046FEF70AFB4FF0FF3016
:104FE0004FF0FF31FFF712FA0446002800F0FF806F
:104FF00008210C3016F050FD102303708823002286
:1050000043700226202321468270C67002714271CD
:105010008271C37140F60140FFF786FB0446002809
:105020007FF4CAAE01463A1D4FF60140FFF77CFB04
:1050300000283FD01D4A0221194816F05FFEEB7987
:10504000002B40F0C48000F08FFC044600287FF461
:10505000B3AE02F02BF8044600287FF4ADAEFFF7A4
:105060004FFAA9E642F20300FFF75EFB0446002870
:105070007FF4A2AE7A68094BD168D1F80100D1F86B
:10508000051003C3BFE60029A8D10121084A04483E
:1050900016F034FE6FF004048EE600BF0801002015
:1050A00048F30100ED1102004801002056120200F1
:1050B000331202007B686E46DC688AB0B4F80130B7
:1050C000042B96BF574A584952F8231002AAD361BD
:1050D0004FF4007355481384554BC2E9050142F85B
:1050E000103F4FF41351534816F017FEB4F8012047
:1050F000B546022AB4F8033049D1052B47D84E4AA9
:1051000052F823106E468AB002AAD3614FF400739E
:105110004A481384464BC2E9050142F8103F4FF458
:105120001351444816F0F9FDB546637994F806C06A
:10513000032B98BF424AB4F80760D4F809006C46C4
:105140008CB094BF52F82310374902AAC2E9073C39
:105150004FF40073DFF8ECE093853B4BC2E905E1C7
:10516000C2E909604FF4735142F8103F314816F01C
:10517000D4FDA5467868FEF73BFA00214FF60240C1
:105180003A1DFFF7D1FA044618B1304A53E72649D1
:10519000B8E77868C368B3F80130A5F8C130FEF706
:1051A00027FA95F8C1305A077FF549AF21464FF6E7
:1051B00003403A1DFFF7B8FA08B1254A3BE7786883
:1051C000C3685B7885F8C030FEF712FA37E72E78AF
:1051D000002E7FF438AF95F8C1309B061FD54FF0F5
:1051E000FF304FF0FF31FFF711F9044610B96FF0AF
:1051F0006804E1E506210C3016F04EFCD5F80130CC
:1052000021460360134B32469B8883804FF606404D
:10521000FFF78AFA044600283FF415AFCCE56FF09B
:105220008504C9E520F60100C40F02007A120200CD
:105230000400000148F3010008F601009312020087
:10524000F8F50100AB12020007000001D8120200BD
:10525000011302003100002010B5FFF745FD034B9C
:105260001B6813B1BDE81040184710BDE8160020B8
:1052700073B52A4D0646D5F85C0118F0D0FD48B943
:105280000121274A274816F039FD6FF01204204605
:1052900002B070BD6FF0020105F1D40016F040FDC0
:1052A000012116F02FFD10EA010434D11E4B1E60BF
:1052B0000A4605F5987018F023FF05F5A67018F05A
:1052C000D8FE1A4818F0FAFF6FF007034FF4966201
:1052D00017491648009414F0B7FA1649134819F004
:1052E0001AF8D5F85C01144983681B68984704468E
:1052F00030B101210346114A0A4816F001FDC6E704
:1053000026B902B0BDE87040FFF7EEBC05F1C4005D
:1053100014F094FABBE76FF07704B8E73000002090
:105320002A13020048F30100E8160020400E002076
:10533000E851002042130200953F00004B13020089
:1053400073B5C368D9789A781E8842EA0122ADF80D
:10535000002059791A79B4B242EA0122ADF802204C
:10536000D9799A79204642EA0122ADF804201A7AC6
:105370005B7A012142EA0323ADF8063001F042F9DD
:10538000054658B901211D4823461D4A16F0B8FCB0
:105390000221204616F08AFD02B070BD694601F078
:1053A000C9FB38B91E21204616F080FD284600F0C2
:1053B000D1FFF1E74FF0FF304FF0FF31FFF726F854
:1053C00004460028F2D00E210C3016F065FB0023B5
:1053D0000680C0F80A30BDF8003021464380BDF891
:1053E00002308380BDF80430C380BDF806300381ED
:1053F00042F22000FFF746F9D8E700BF48F301006A
:10540000DA0B020038B5042104460C3016F07EFB9E
:10541000034640885D7818B122461978FEF740FFB0
:1054200035B1044814F026F8BDE83840FFF722B93A
:1054300038BD00BF60010020B0B50446032100AFB5
:105440000C3016F063FBE2680346117840F63542F3
:10545000B0F80100904216D16C468AB06A46104BF3
:105460001048CDE90531104B4FF41251079340F22B
:105470000133ADF820300D4B42F8103F16F04DFCD3
:10548000A546BD46B0BD1D7810B12246FEF708FF07
:10549000002DF6D0064813F0EDFFFFF7EBF8F0E72C
:1054A0006713020048F301005F05020004000001D9
:1054B0006001002038B514F061FC2F4DD5F84C3157
:1054C000002B56D00022002305F5987014F006F842
:1054D00000284ED10022002305F5A67013F098FF96
:1054E000044668B940F6AA43244A2549254815F0E0
:1054F000ACFC84F31188BFF36F8F0323184602DFDF
:10550000D5F840315BB101211F4A204816F0F6FB67
:10551000D5F84001FEF76CF80023C5F8403120466D
:1055200016F077FAC5F840012046FEF7DFFF034684
:10553000C8B10121164A154816F0E2FB154813F0D0
:1055400099FF2046FDF7B4FF0C22134B02FB0033FA
:10555000588818B122461F21FEF7A2FE2046FEF70A
:1055600047F8FFF787F8FFF785F8BDE8384014F0F3
:1055700019BC01F0B9F8F8E730000020100E020065
:10558000DD0A02005D0E02009F13020048F30100D5
:105590008210020060010020C416002070B54FF098
:1055A000FF320D464FF0FF3300210646FEF7B4F9F7
:1055B000044660B91A230A4A0A490B4815F045FC0B
:1055C00084F31188BFF36F8F0323184602DF022193
:1055D00004F10C0016F060FA06704570204670BDAC
:1055E000DB140200DD0A02005D0E0200F8B506467B
:1055F0000024094DEF79E3B29F4202D86FF0010019
:1056000007E02946304616F091FC0735631C08B1C7
:105610002046F8BD1C46EEE73000002070B51A4E5B
:1056200006223146054619F06CF838B34FF0FF30CA
:105630004FF0FF31FEF7EAFE044608B30622294682
:105640000C3016F02FFA2146002242F20500FFF737
:105650006BF8044648B110F10D0F04D102210B4A3A
:105660000B4816F06BFC204670BD33462A6843F8A1
:105670006929AA88B280012283F868200024F2E711
:105680006FF06804EFE700BF9900002011150200D9
:1056900050F3010073B504460D4689B128461749F9
:1056A00016F044FC60B9164A2968C4EBC4041151D1
:1056B000A318AA889A80AA799A71002002B070BDB6
:1056C0006E46304616F087FA0028F7D13046FFF7CD
:1056D0008DFF0028F5DA0A4A0098C4EBC404105183
:1056E000B179B088A31898809971002DE5D012592E
:1056F0002A609A88AA809B79AB71DEE74B22020070
:105700003000002070B5044629BB38B3264916F096
:105710000DFC18BB2046FFF769FF00283EDA23780E
:105720006BB9224AD379002B38D120681060A17957
:10573000A0889171012190801846D17170BD012B14
:1057400004D1A37903F0C003C02B07D00121184A6C
:10575000184816F0F3FB6FF01500EFE7134DEB79E7
:10576000012B1ED005F1D403D3E8AF3FDB0707D4EC
:10577000002CF0D020460C4916F0D8FB0028EAD1C6
:10578000EE792146731C3046EB71FFF783FF08B9B1
:105790003046D3E7EB79013BEB71CFE76FF0770051
:1057A000CCE76FF00B00C9E74B220200300000206D
:1057B0002015020050F301002DE9F341044640B9E1
:1057C0001A4A02211A4816F0B9FB002002B0BDE8BF
:1057D000F081002141F2090001AAFEF7A5FF05466C
:1057E00008B1144AEDE7019E0622D6F80C80124952
:1057F00008F10107384618F084FF28B10622384620
:105800000E4918F07EFF18B93046FDF7F1FEDCE7CF
:10581000D8F801303046C4F80130BB882570A4F8B0
:105820000530FDF7E5FE0120D0E700BF4E15020070
:1058300050F30100671502005822020052220200B4
:1058400007B56846FFF7B8FF044BD87118B1694631
:105850000020FFF71FFF03B05DF804FB30000020BD
:105860002DE9F041304E88B0F179002954D196F8F5
:10587000C24014F0010411D12C4A02212C4816F028
:105880005DFB0024F471162500240127F379E0B2B2
:1058900083422BD8002B3FD000203AE06A464FF6D7
:1058A0000940FEF741FF08B1224AE6E7DDF800C0F3
:1058B000DCF80C5095F80180B8F1000F0ED0AB1C4D
:1058C00002AA1235174618685968083303C7AB4255
:1058D0003A46F7D1186838609B88BB806046FDF770
:1058E00087FEB8F1000FCDD1134AC6E708AB05FB20
:1058F000003353F8182C33F8143C6946CDF80120D6
:10590000ADF805308DF80070FFF7C4FE01340028B3
:10591000BCD008B0BDE8F0810021084608B0BDE861
:10592000F041FFF7EFBE00BF3000002085150200F8
:1059300050F30100B1150200D115020038B50C4634
:1059400061B108480578012D05D10130FFF766FEE9
:1059500000B9257038BD00200870FBE76FF0150016
:10596000F8E700BF3000002038B5104DEB7913B1D7
:105970000024204638BDFFF763FF044628B10C4AD7
:1059800001210C4816F0DAFAF3E7EB79002BEFD19E
:10599000FFF766FF04460028F1D1681CFFF73EFEC2
:1059A00004460028E5D0044AEAE700BF30000020A2
:1059B000FA15020050F301001916020070B50546F1
:1059C0000E464FF0FF304FF0FF3186B0FEF71EFD60
:1059D0000446A0B102210C3016F05EF8094A467068
:1059E000057003A9204605230095FEF7FDFC002263
:1059F000214642F20C00FEF797FE06B070BD6FF034
:105A00006800FAE70401002008B50C4B0246400983
:105A100003EB800016F0BEFA02F01F0340FA03F316
:105A200013F0010006D122B9054816F0B3FA40F38D
:105A3000C01008BD6FF07700FBE700BFEC16002038
:105A400004010020084A430902EB8302012300F00D
:105A50001F008340DB43D2E8EF0F1840C2E8E10F9C
:105A60000029F8D1704700BFEC16002030B587B090
:105A7000002200235D4813F009FC0446002840F092
:105A800092805B4816F086FA10F00103584D46D01C
:105A90002B1D93E8070006AB03E90700554816F0F5
:105AA00079FAC0F34013524816F074FA04460028FD
:105AB0006CD07BB10C2250490DEB020018F021FE96
:105AC000044600286CD000210846FFF777FF044603
:105AD000002865D10023ADF80930BDF80E309DF8DF
:105AE0000C00ADF80530BDF810308DF80400ADF8AD
:105AF0000730431E58420DF10901584116F03DFA96
:105B0000044600284CD14FF0FF304FF0FF31FEF734
:105B10007DFC0546002849D16FF0680440E0354817
:105B200016F038FA10F0800F344A0ED04FF480741B
:105B30009089D1891269ADF80C40ADF80E00ADF82E
:105B40001010ADF812300592A8E72D4C03AB206879
:105B5000616803C3A068186092F8D930180748BF7D
:105B60000523234848BF8DF80D3016F013FA81073E
:105B700006D53023ADF810306023ADF80E308DE738
:105B80001B4816F007FA4207F3D487E743B10146F2
:105B9000FFF714FF044618B9174B2861C3E9010049
:105BA000124813F0E5FB204607B030BD072201A9DB
:105BB0000C3015F077FF2246294642F20B00FEF723
:105BC000B3FD04460028EBD19DF80D10012001F033
:105BD0000101FFF7F3FE04460028E1D1064B06AAB7
:105BE00012E9070083E80700DAE700BF0817002082
:105BF000EC16002004010020FC16002030000020DC
:105C000068F401004422002110B5084818F071FD25
:105C1000064B03F11C001C4618F0A4F904F13000F7
:105C200018F0A0F90022024B1A6010BDEC160020FB
:105C300038170020032838B5054603D1BDE83840A1
:105C4000FFF714BFFFF7E0FE0446A8B90B4B6A0943
:105C500003EB8203012205F01F018A40D3E8EF0F16
:105C60001043C3E8E10F0029F8D1FFF7FFFE044617
:105C700010B12846FFF7E6FE204638BDEC1600209E
:105C80002DE9F04F00F10C088BB00446404615F0AA
:105C900045FF0646864816F07DF900F0010384486A
:105CA000039316F077F9C0F38003029316B90BB093
:105CB000BDE8F08F039B13B9029B002BF7D0238A1A
:105CC000082B07D801217B4A7B480BB0BDE8F04F79
:105CD00015F0FABC0921404615F018FF037A228A14
:105CE00001339A420546EDD30123ADF824307F23DA
:105CF0008DF81E30037A471C03445B7A8DF81D3003
:105D0000FF238DF81C300023ADF822300278042ADE
:105D100098BF6A4B8DF81F2098BF9B5CADF8203070
:105D2000037A6348019316F035F900F001096048E1
:105D300016F030F98246B9F1000F0BD0BDF82030D3
:105D40005A0707D5297A40460131013E15F0D6FEA3
:105D5000F6B2ABE7384615F057FF0DF1100B0028EF
:105D60004FD03946584615F044FFB9F1000F02D123
:105D70001AF0040F59D1524BD3F800A0BAF1000F1A
:105D800014D0E2686369B4F810B0A2EB0309019B78
:105D90009DF81F2023829DF91D10434604A8D0477B
:105DA0006369A4F810B013FA89F3E36004AB0693B7
:105DB000444B1B68002B36D053F80899B9F1000FFB
:105DC00001D0A9F108091A688AB1E1686269B4F8DA
:105DD00010B0A1EB020A019A414622821B6806A874
:105DE00098476369A4F810B013FA8AF3E360B9F135
:105DF000000F18D0D9F8082002B1083A4B46914656
:105E0000E1E76B78FF2B09D12F4B186804909A8833
:105E10009B79ABF804208BF80630A6E7394616F0DC
:105E20008FF80346F1E7002306932148BDF82030A0
:105E300016F0B0F810F0010984D1DB0782D50322F7
:105E4000484604A900F05AFF824600283FF47AAF82
:105E5000022016F0A2F8D5F801305046CAF87E307C
:105E6000BB88AAF88230BB798AF8843015F095FF98
:105E7000A8B11F2349468AF80930504600F0BCFA01
:105E8000504600F067FAFFF7F1FD034600283FF4A3
:105E900059AF02210D4A084815F01FFC52E7504641
:105EA000022100F0A9FA504600F054FA4AE700BF78
:105EB000EC1600203C16020060F30100A222020052
:105EC00038170020301700204B2202005A0B020026
:105ED000F8B50546224816F05DF843070F463CD555
:105EE0002A78012A03D96FF015042046F8BD6B7893
:105EF0000F2BF8D843F6FC746888031F9BB2A342AB
:105F0000F1D8A9880B1F9BB2A342ECD88842EAD3F0
:105F10007AB900220023134813F0B8F90446002888
:105F2000E3D1FFF771FD044640B10E4813F020FAAB
:105F3000DBE716F020F80028EBD1D4E72868696881
:105F4000094E0A4B03C6A8681F6030602046FFF761
:105F500071FE044606F12400E8E76FF00A04C4E786
:105F6000040100201C170020F01600203817002024
:105F70000020024B186016F010B800BF3817002040
:105F800008B5034816F006F800F0010008BD00BF90
:105F9000EC16002070B505460B4B1C6844B154F854
:105FA000243C243C13B12846697A9847646AF5E793
:105FB000064C074EB44200D370BD236813B1284687
:105FC000697A98472834F5E7C4170020A0F2010049
:105FD000F0F2010010B50446FDF76AFA044901EB3E
:105FE0000011204615F051FEBDE81040FEF742BBFF
:105FF0003C170020002270B50446D1E9015607483D
:10600000C1E9012218F063F83DB1314620462B4624
:10601000BDE870406FF06D02184770BD7806002033
:106020001FB504460430D0E8EF3F43F48062C0E877
:10603000E12F0029F7D15B0534D415F0C8FF8103A7
:1060400023D5E17881B301293AD0A37A072B29D14E
:10605000224B93F8D8309B0624D515F078FE08B370
:106060000DF10E0103A8FEF707FCD8B92046BDF8D4
:106070000E20BDF80C1015F0D1FE034690B10121A1
:10608000174A184815F0A6FF0CE0204615F0ABFEA5
:10609000034620B10121144A124815F09BFFA37A50
:1060A000072BCED004B010BD0C4B93F8D930DA07D3
:1060B00008D4022302210D4A0A4815F08BFFC4E7D9
:1060C0000023F7E7022320461A46009115F0C5FE8B
:1060D00003460028B9D00121054AEDE73000002031
:1060E000AE16020010F301005D1602007E160200DB
:1060F0009716020070B50546002200230E4813F0E3
:10610000EDF9B8B90D4B1C6834B154F81C3C243C73
:1061100003B19847646AF7E7094C0A4EB44204D3C6
:106120002846BDE8704013F089BBA36803B19847C7
:106130002834F3E770BD00BF58060020C4170020C4
:10614000A0F20100F0F201002DE9F0410446202701
:106150000025EFF3118287F31288BFF36F8FE16997
:1061600029B1206A0B688142E36108BF236282F390
:106170001188BFF36F8F71B1D1E901680748C1E998
:10618000015517F0A4FF1EB1002241462046B0473A
:10619000FEF770FADDE7BDE8F08100BF7806002069
:1061A0000448B0F8143100F58C70002B08BF0020B3
:1061B000704700BF3000002030B50446FCF7DEFE1B
:1061C0000D460D4A0D4989B00858D2F88010884212
:1061D00005D1204609B0BDE83040FFF7B5BF2434F3
:1061E0002146104618F03FF81DB16946204618F0C8
:1061F0004AF809B030BD00BFB0140020080000000C
:1062000038B5002204468A4202D10024204638BD17
:10621000012004F1D003D3E8EF5F002D04D1C3E8DF
:10622000EC0FBCF1000FF6D102D0D8340244EAE7FB
:10623000002CEAD0D0220021204618F05AFA04F1AE
:106240004000044918F040F8034904F1240017F015
:10625000DFFFDBE7B56F0000E5BF0100F7B51646CD
:106260000D4601210446FFF7A7FF012E23D0022E81
:1062700052D123693BB131480121314A15F024FA4A
:10628000204615F0CDFE256121690B8A012B53D9DB
:10629000CA681288043292B293424DD343D9012185
:1062A00000922648274A15F022FA204603B0BDE89E
:1062B000F04015F0B5BE206940B9234A31461F4869
:1062C00015F002FA204615F0ABFE01E02A8A2AB941
:1062D000284603B0BDE8F040FDF78AB9018A438A39
:1062E00047695B1AC168C91B5B1A9A420CD9174AE5
:1062F0003146124815F0E8F900222046216901F0E4
:1063000007F900232361E3E7E9680C3015F0CAFBC5
:106310002846FDF76DF9B7E7012133460C4A0748D7
:1063200015F058FECEE7002301222046236103B07A
:10633000BDE8F04001F0ECB803B0F0BD10F301008F
:10634000CA1602004A170200E716020005170200EB
:106350002C17020008B500F1D003D3E8EF2F013A63
:10636000C3E8E12F0029F8D1AAB90B4B984212D308
:1063700003F1D80290420ED2C01AD823B0FBF3F238
:1063800003FB120038B9054813F074F8BDE8084063
:10639000034813F053BA08BDE00E00205806002051
:1063A0008803002010B5044615F043FE13F0E6FC08
:1063B000104A04F1C403D2F8281161B9C4F8C4101A
:1063C000D2F82C1159B9C2E94A3313F0EBFCBDE8FD
:1063D0001040FEF74FB98B4205D00968EDE70B601E
:1063E000C2F82C31F1E713F0DDFC2046FFF7B2FFD5
:1063F000EDE700BF30000020F8B5857A04468D42F5
:106400000E4600AF1CD1082D98BF644B6C4688B077
:1064100094BF53F82530624B6A466249CDE90513B3
:106420004FF40073ADF81C305F4B42F8103F00236F
:106430004FF4E4515D48FBF7DFFEA546BD46F8BDCD
:106440008172DDB1022D1CD0A37A082B00F2A2804C
:1064500001A252F823F000BF996400003B650000E0
:10646000036500003D6400003D6400003D640000E1
:106470003D640000916400003D64000015F0D9FD0A
:10648000E2E78378012BDFD1403017F02BFFDBE709
:106490000023C4E90D33D1E7082DCFD8DFE805F09C
:1064A0002A0521172626212A2A0004F1400528461C
:1064B00017F018FF01212046FFF77EFE204615F059
:1064C000AFFD00220023284613F05CFAB6E7022055
:1064D00015F063FD034620B10221354A334815F01B
:1064E00079FD637A13B12046FFF754FD2046FFF78C
:1064F00031FFA3E733462F4A02212C4815F06AFDED
:106500009CE7A378012B99D12B4B9D8A002D95D028
:106510000A2347F6122640F2E73000215D434FF48C
:106520007A720023E5FB0601F9F7AAFF02460B4643
:1065300004F1400013F0F2F980E7637A3E2B0FD1AB
:106540006D4688B06A461D4BCDE90534032342F8F9
:10655000103F00234FF4C4511448FBF74DFEAD46E5
:10656000154D05F58C76616911B9FEF783F865E77D
:10657000A2690B68914208BFA36120466361FFF7DF
:1065800039FDB5F81431002B14BF3046002012F04D
:1065900071FFE8E70A4A3346AEE700BFF8F60100AC
:1065A000651702006F1702000300000110F30100DD
:1065B00080170200B117020030000020C817020047
:1065C000EF170200F8B5074609480D46164615F0C4
:1065D00030FD044650B183781F4203D1BDE8F84036
:1065E000FFF7B8BE3146A8472046F7E7F8BD00BF21
:1065F000E00E0020002201200149FFF7E3BF00BFA9
:10660000D9BF010070B505460E480E4615F011FDC4
:106610000446A0B1837A012B02D0073B012B0CD892
:106620002388AB4208D1A3781E4209D102212B4610
:10663000054A064815F0CEFC2046FFF78BFE0024E5
:10664000204670BDE00E00200B18020010F3010080
:10665000034BC01A034BC0105843C0B2704700BF71
:10666000E00E002013DA4B6870B51C461443054653
:106670000E460DD0FCF782FC0E49D1F880400E4941
:1066800009588C4206D102210C4A0D4815F01CF81D
:10669000002213460B49002D14BF2846084615F06A
:1066A00089F9044618B1711D0C3015F0EAF920463D
:1066B00070BD00BFB01400200800000022180200C6
:1066C00010F301008806002010B50446054813F0B9
:1066D000B5F8204600F016FE2046BDE81040FFF752
:1066E00059BC00BF780300202DE9F04F002387B08C
:1066F00000AFFB607B61BB4B5A8A3AB1BA4DD5F80B
:1067000028413CB91C37BD46BDE8F08F1B68002B03
:10671000F4D1F7E754F8C43903B1C43B0026B349B8
:1067200001E01C461346B5F81421002A00F05781F9
:10673000D5F820214AB904F1C406002BE2D0D3F8E1
:10674000C420002AEDD0C43AEBE70A68002AF2D050
:10675000D4F8B020002AEED0D4F8B420002AEAD031
:10676000D4F8B820002AE6D0A37A072B6AD12046B5
:106770009047002866D004F1C80015F028FC0228D4
:1067800060DC204615F055FC04460028BAD0A37AF8
:10679000072B40F021812046D4F8B030B5F8141111
:1067A00007F1100298478146002800F00581B5F8EE
:1067B00014213B699A4208D30146D4F8B4602046BC
:1067C00007F1140307F10C02B0477B69D7F80C807E
:1067D0003B60B9F81030002B00F0F8804846D7F83D
:1067E00010A015F068FA7860002840F0F280B5F843
:1067F0001431DFF8FCB1002B14BF584600200022F2
:10680000002312F06BFE78B900220023774812F0C3
:10681000FFFD064600283BD1B5F81431002B18BF08
:106820005E46304612F026FE6FF00B054846FCF738
:10683000DFFEB8F1000F00F0AA802A462046396832
:10684000C047A4E0D4F8C43004F1C402C6B9D5F8F6
:106850002C11C5F828318A4201D1C5F82C3100230A
:106860002046C4F8C430D4F8B830984700288ED0F9
:10687000A37A072B40F0B0802046FFF793FD86E710
:106880003360D5F82C319A4208BFC5F82C61E6E791
:106890003B68C0F804808360B5F814B10022DA4583
:1068A0004FF000034FF000014E4898BF1FFA8AFBDB
:1068B000FCF720FE804650B1FCF7FAFD4D4B5A46DE
:1068C00003EB00134946404615F0BAF98046B5F887
:1068D000143194F8CC909A4584BF01237B607B6887
:1068E0009CBF09F102095FFA89F984F8CC3004F100
:1068F000C80ADAE8EF3F0133CAE8E23F002AF8D1DC
:1069000000233360A369002B5AD1C4E90566A3783C
:10691000012B58D108F10C0B0421584615F0DDF875
:10692000238809F0FD0943EA09330380B8F81030E1
:106930000221043B4380584615F0D7F84046FDF746
:10694000D5FD8146002847D0DAE8EF3F013BCAE891
:10695000E23F002AF8D1314604F1140015F045FB5E
:10696000254A4B460121254815F034FB4046FCF7EB
:106970003FFE20463146FFF73DFBB5F814311C4879
:10698000002B08BF002012F075FD6FF004056E4665
:1069900088B01B4A0423CDE905256A46079442F8CE
:1069A000103F4FF4015115480023FBF725FC13213C
:1069B000B546204615F054FB2046FFF7CBFCA1E678
:1069C0001E60A661A3E76FF01509BDE76FF07905BA
:1069D0002CE76FF0040529E7FDF74CFEECE7936820
:1069E000FFDE00BFF4060020300000207806002003
:1069F000480100203C1700208210020010F3010023
:106A00004B18020040F2E2432DE9F041D0F88860D3
:106A10000446B6FBF3F6031D184615F0D8FA8204B7
:106A2000B6B213D5B4F88C20B2420FD8B4F88E2089
:106A3000B2420BD3D4E92412914207D1D3E8EF1F1D
:106A400021F40051C3E8E21F002AF7D1104B1D6862
:106A500065B155F8147C243D37B131462046B4F871
:106A60009230B4F89020B8476D6AF1E7094DDFF82D
:106A70002880454501D3BDE8F0812F6937B1314603
:106A80002046B4F89230B4F89020B8472835F0E7A3
:106A9000C4170020A0F20100F0F20100F8B50F4B7E
:106AA00005461C685CB1243C00F1A606A36913B13D
:106AB000314628469847646A0CB1243CF6E7084CF6
:106AC000084E05F1A607B44200D3F8BDA36913B17F
:106AD0003946284698472834F5E700BFC4170020F8
:106AE000A0F20100F0F20100F8B50F4B05461C685A
:106AF0005CB1243C00F1A406636913B13146284619
:106B00009847646A0CB1243CF6E7084C084E05F13E
:106B1000A407B44200D3F8BD636913B139462846CF
:106B200098472834F5E700BFC4170020A0F2010001
:106B3000F0F201002DE9F041074608460D4615F038
:106B400008F9064618B900263046BDE8F081144B16
:106B50001C6884B154F8183C243C0BB9646AF8E70B
:106B60002946384698470028EDD0284615F0F1F818
:106B70000028F3D1E7E70B4CDFF82C804445E3D243
:106B8000E3680BB92834F9E72946384698470028C6
:106B9000D9D0284615F0DDF80028F3D1D3E700BF9F
:106BA000C4170020A0F20100F0F2010038B505463C
:106BB0000C460E480121FFF723FBB0B10572236894
:106BC0000367A388A0F87430A37980F87630012396
:106BD0008370074BC0F8B030064BC0F8B430064B9A
:106BE000C0F8B830054BC0F88C3038BDE00E00203E
:106BF00005720000B9BF0100ADBF010018002800F8
:106C000070B505460A480E4615F013FA044620B141
:106C10008378012B04D0FFF79DFB0024204670BD34
:106C20003246294615F075FA0028F7D12046F2E7DA
:106C3000E00E0020B0B500AF0D46FFF7E1FF0446BF
:106C400010B32846FCF7C6FDA37A6D46082B98BF03
:106C50000E4A8AB094BF52F823300D4B6A46CDE9F4
:106C600007030C4B0C4909930C4BCDE9051442F872
:106C7000103F00234FF442510948FBF7BDFA20466C
:106C8000AD46FFF767FB0120BD46B0BDF8F6010039
:106C900065170200010302046E18020005000002DD
:106CA00010F3010038B50446134815F090F9420777
:106CB00002D46FF00A0038BD084615F04AF810B942
:106CC0006FF01500F7E7FFF75BF90028F1D10A48EC
:106CD00015F07DF90306C0F3C0150AD415F04BF981
:106CE0000028EDD021462846FFF7A4FF0028E2D077
:106CF000E6E76FF07700DEE704010020F8B505460F
:106D00000E480E46174615F094F9044620B18378D4
:106D1000012B03D0FFF71EFB00240DE036B13246F5
:106D2000294615F0F6F908B92046F3E7A37ABB42E5
:106D3000FAD1237AAB42F7D12046F8BDE00E00200D
:106D400010B583780B70C3784B70037A8B70837A9D
:106D5000023BDBB2062B8EBF0023284AD35C81F8AE
:106D60002830012381F8293000234B858378012BBB
:106D700040D100F170038B60037A214AC3EBC30357
:106D800013444B60C27800F1770300F17E0442BBEC
:106D90001A462346C1E9032340F2E242D0F8883084
:106DA0004B61B3FBF2F30B83B0F890304B83B0F838
:106DB00092308B8300F1A4030B6200F1A6034B62B7
:106DC000D0F8A0302BB15B7CDA0644BF012381F8F8
:106DD0002B30D0F8A03013B15B7C9B0603D400208D
:106DE00010BD2246D6E791F82B3043F0020381F81C
:106DF0002B30F4E76FF01500F2E700BFA722020086
:106E000030000020F8B505460E460C4B1C6844B116
:106E100054F8083C243C13B1314628469847646A2C
:106E2000F5E7074C074FBC4200D3F8BDE36913B147
:106E30003146284698472834F5E700BFC41700209C
:106E4000A0F20100F0F20100F8B505460E460C4B29
:106E50001C6844B154F8043C243C13B13146284624
:106E60009847646AF5E7074C074FBC4200D3F8BD6A
:106E7000236A13B13146284698472834F5E700BF06
:106E8000C4170020A0F20100F0F201002DE9F0414A
:106E900005460E4690461F46002B49D01B6823B17D
:106EA0000221264A264814F00FFC41462846FFF7E7
:106EB000F9FE0446002836D12846414615F0FFF871
:106EC0000546002837D096E80F001E4C04F1080C48
:106ED0008CE80F00A38A002B08BF4FF49673A3829F
:106EE000238A03B9A3892382638A03B9E389022130
:106EF00028466382FFF780FA284614F04EFF0446C6
:106F0000A0B1002128466972FFF776FA2846FFF7FC
:106F100021FA0320FEF78EFE034620B102210A4A21
:106F2000074815F057F82046BDE8F0813D60FAE7C4
:106F30006FF01504F7E76FF00B04F4E7A7180200F1
:106F400010F30100300000205A0B020038B504464F
:106F500008460D4614F0FDFE38B3154B93F8D830B3
:106F6000990707D4E37873B129462046BDE8384035
:106F700000F0FABA94F898309A07F3D5201D15F06E
:106F800026F84304EED42946204615F03FF958B9B7
:106F90002B88A4F88C306B88A4F88E30AB88A4F8CA
:106FA0009430EB88A4F8963038BD6FF01500FBE7FD
:106FB00030000020F7B510F8363C0446A0F140063A
:106FC0000BBB304615F075F9324B1D684DB155F8C5
:106FD000203C243D1BB1304614F8371C98476D6A9D
:106FE000F4E72D4D2D4FBD4205D3304603B0BDE82B
:106FF000F040FFF7AFB96B681BB1304614F8371C8F
:1070000098472835EFE710F83E3C012B3AD110F8AD
:107010003D3C8BB9FDF734FD693033D10221204A64
:10702000204814F051FB40F239120023204603B0EF
:10703000BDE8F04012F0A6BCA0F13C05D5E8EF3F5A
:1070400023F40052C5E8E12F0029F7D19B0411D5A4
:10705000E36C69460093636D30460193FFF776FF5A
:10706000034688B9D5E8EF3F23F48053C5E8E23FF3
:10707000002AF7D1D5E8EF3F43F40063C5E8E23FCB
:10708000002AF7D103B0F0BD0221074A054814F0E9
:10709000A1FFEFE7C4170020A0F20100F0F2010009
:1070A000DC18020010F301000F19020038B5174870
:1070B00016F0DFFF0024164D29461448013417F05E
:1070C00006F80A2C05F10C05F6D115F03EFD02F08C
:1070D00079FF0446B8B916F07AFA044698B915F063
:1070E0008FF90C4814F0A5FF054660B1043014F088
:1070F0006EFFC30704D5032128462C72FFF77CF9E5
:107100002846FFF727F9204638BD00BF7806002043
:107110004C170020E00E002003460121014A0248DE
:1071200014F0DBBABD19020058F3010080B500AFBE
:1071300088B06A46074BCDE90530032342F8103F7B
:1071400000234FF4C2510448FBF756F86FF00B00D0
:10715000BD4680BDE519020058F3010008B5064A96
:10716000136823B90548506018460A6008BDFFF748
:10717000DDFF6FF00B00F9E7CC17002044F70100AA
:1071800070B5044652EA030008D0FBF7F7FE074D3E
:10719000074ED5F880503058854201D10022134661
:1071A0002046BDE870400431FFF75EBAB0140020FD
:1071B0000800000038B5054618462B68DBB19B7AFD
:1071C000072B18D10B7A012B07D001210B4A0C4851
:1071D00014F083FA6FF0150038BDCB7A072BF9D97C
:1071E000C8618A6105F1300016F071FF284615F07C
:1071F00037F80020F0E76FF07F00EDE70C1A02008F
:1072000058F301002DE9F84F88469146D0F8BC406C
:1072100000AF44B1403C236B63B92068BC3015F02B
:107220003EF8246CF5E7FDF725FA00263046BD460A
:10723000BDE8F88F04F1300A504616F05DFF0546B0
:107240000028F0D014F037FD80B16C4688B06A4653
:10725000294BCDE90535032342F8103F00234FF4B5
:10726000C2512648FAF7C8FFA546DEE7284614F0C3
:10727000D0FB656C06469DB9A38C058A403B9BB24A
:107280003F2B03D8238D9D4228BF1D46042106F1C4
:107290000C0014F022FC0580A38C04354380656447
:1072A00045451FD8B6F810B0AB4506D100220023E3
:1072B000504612F0ADF8FCF79BF9A38CA3F1400205
:1072C0003F2A06D8AB451ABF002213460C4AF36189
:1072D000B2612068BC3014F0E2FF236B13B120468A
:1072E00014F0BEFF636C98452CBF0021A3EB08018E
:1072F000C9F80030616499E7241A020058F30100CC
:10730000B3C30100F7B504460026234D234FBD4209
:1073100001D303B0F0BD2988204615F041F86B6811
:10732000019001A920469847002830DB019B2A885C
:107330009A829A8403F11002D2E8EF1FC2E8E06F4C
:107340000028F9D11E645E649E60A16B03F10802FF
:10735000F9B9C4E90D221C60DE6003F1300016F0BB
:1073600088FE019843681B6803B19847019B10335E
:10737000D3E8EF1F41F00101C3E8E21F002AF7D173
:1073800001984368DB6913B100F110019847083593
:10739000BDE70A60A263DEE788F20100A0F2010007
:1073A0007FB50D460646042105F10C0014F0AEFB36
:1073B0002A8A43880446934208D000931346444ADD
:1073C0000121444814F093F904B070BD417839B9F3
:1073D0000121414A3F4804B0BDE8704014F074B93F
:1073E0000278122A22D0132A1AD0012AECD00221C4
:1073F00013463848394A14F070F9617802220120A6
:10740000356814F0B3FF04460028DDD002210C30AB
:1074100014F042FB0023214603704370284624E009
:10742000022BD1D0022200922D4AC9E7082B03D0AB
:10743000082200922B4AC3E73468A37A072B02D0B4
:107440000221294AC6E7E378A3B10222012014F001
:107450008DFF05460028B7D002210C3014F01CFB2C
:107460000023294603704370204604B0BDE87040F5
:1074700014F0ACBFEB6813201A88ADF808205A88C6
:10748000ADF80A209A88ADF80C20DB880222ADF80E
:107490000E3014F06BFF0546002895D002A9204657
:1074A000FFF748FB0646022105F10C0014F0F4FA40
:1074B00086F00103DBB203802946204614F086FFE4
:1074C000002E81D0204602A914F0A0FE7CE700BF68
:1074D0003C1A020058F301005D1A0200E91A02008A
:1074E0007E1A0200A91A0200DB1A020008B50B8AF4
:1074F000032B06D80121044A044814F0E5F80020C3
:1075000008BDFFF74DFFFAE7111B020058F3010019
:1075100038B50B8A0546032B0C4609D801210F4AC2
:107520000F4814F0D1F82046BDE83840FCF760B8A9
:10753000042104F10C0014F0E9FA4188284614F003
:1075400056FF30B9074A0B460548022114F0C5F82A
:10755000E9E7436821465B699847E4E72F1B02008F
:1075600058F301004C1B020070B5134A0C46137807
:107570000646013313F0FF010ABF01230B461946EB
:1075800013701220082214F0F1FE054688B108217C
:107590000C3014F081FA22882946028062884280E9
:1075A000A2888280E288C2803046BDE8704014F034
:1075B0000DBF6FF00B0070BDCA3E002023281FD8FE
:1075C0001A2804D8431E182B0ED906207047A0F1A4
:1075D0001B03082B1ED8DFE803F0051D1B231D1914
:1075E000251D05000320704701230F4A83401A40E0
:1075F000C2B90E4A1A40002A0CBF0620012070476B
:1076000000F07F03522B05D1002070470120704706
:107610000520704710F0400F14BF0020062070476F
:107620000420704702207047AAAA8A0254554501D7
:107630002DE9F74F064608460C46FBF739FF18239D
:1076400043432D4F0546FA1891680191E16806F110
:107650004C00D0E8AF0FC0070AD40121274A2848C0
:1076600014F0F1FE6FF01509484603B0BDE8F08F45
:10767000E068007810710022FA500B78D22B0FD1FD
:1076800033682146186815F09FFF814640B10121FB
:107690001C4A1B4814F0D7FE2046FBF7A9FFE3E77E
:1076A000182303FB0573D4F80C80D4F814B0B4F895
:1076B00010A09E60002321461A46301DFFF77AFD78
:1076C00081460028D0D010F1690F04D101210E4A63
:1076D0000B4814F0B8FE6269A8EB0B0812FA88F2A6
:1076E000E26018225543019B7A19A4F810A0936018
:1076F00047F80590B8E700BF1C180020881B02005F
:1077000000F30100A21B0200B51B020008B5EFF355
:107710001181202383F31288BFF36F8F002303604E
:107720000F4B5A68C2B9C3E9000081F31188BFF357
:107730006F8F0C4812F082F8031E0CDA01210A4AFE
:107740000A4813F0CAFF002383F31188BFF36F8F39
:107750000323184602DF08BD10605860E5E700BF4C
:1077600014180020C0030020D81B020000F3010001
:10777000011F014816F0ACBBE80500200121024AB8
:10778000024814F060BE00BF011C020000F30100BB
:1077900010B5044600F14803D3E8EF1F41F00101A2
:1077A000C3E8E21F002AF7D1201F14F0A4FE04F161
:1077B0006400044916F088FD2068BDE8104002F01E
:1077C0007BBB00BFC187000073B50E46438D418B64
:1077D00001328B4228BF0B469A42054609D9022145
:1077E00000921D481D4A13F082FF0024204602B07B
:1077F00070BD3046FFF7E2FE6FF01403034113F053
:10780000010310D0FBF7BAFB154B1958154BD3F8F1
:10781000803099421DD0144B1B685A1A18BF4FF084
:10782000FF32134600E0114A00211148FFF7A8FC7F
:1078300004460028DAD0FBF73BFE18220D4B01214D
:1078400002FB003304F10C009D6014F025F9067072
:10785000CCE70022E5E700BF00F301001E1C020098
:1078600008000000B01400200C1900201C4E0E006F
:10787000AC0600201C18002070B5044601F10C0075
:107880000D4614F053F9266801462B8AEA683068E1
:1078900015F04AFE1E2100222046FFF795FF014603
:1078A00030B90121044A054814F0CDFD002070BD17
:1078B000204614F012FEF9E7431C020000F3010019
:1078C000F0B51D4603680E460039044618BF012175
:1078D00087B01868174615F038FE40B904F14C001F
:1078E00014F006FF002846D0002007B0F0BD002DA0
:1078F00043D018220021684616F0FBFE6FB100222B
:1079000013212046FFF760FF019030B91C48012188
:107910001C4A14F098FD1120E7E7236829461B68EC
:10792000284600930023ADF812300C9B164A0393AF
:10793000BDF834308DF80860ADF8103001238DF8B3
:1079400014306B4614F0B0FE9DF8143063B1002F74
:10795000CAD00198FBF74CFE2A46314620469DF8D6
:10796000143014F0D0FEBFE701990029BCD02046A6
:1079700014F0B3FDB8E71220B7E70120B5E700BF68
:1079800000F30100601C02005FC501002DE9F34116
:107990000B8A04460D4643B90121294A294814F0AF
:1079A00052FD002002B0BDE8F0810768012105F119
:1079B0000C0014F0ABF8BB7A0646072BF1D154F853
:1079C000043C002BEDD0002203781F4F043C17F835
:1079D00032004FEAC208984207EBC20114D12A8A4A
:1079E0004878904226D90121009316481346174A39
:1079F00013F07DFE04234744BA78012AD1D1002B2D
:107A0000CFD00022317811E001321C2ADFD1104A98
:107A100002210C4813F061FE31780846FFF7CEFDD5
:107A20002122C24012F00102BBD10623204614F0ED
:107A30006AFEB6E74B682046294698470346DAE7D0
:107A4000791C020000F301006CF70100AE1C02007B
:107A5000941C0200F8B5124A0746002311480D464F
:107A600013F0A8FF044638B901212B460E4A0F48EF
:107A700013F033FE2046F8BD00F10C060921304614
:107A800013F0FFFF2046FBF713FD1822084B0121DE
:107A900002FB003330469F6013F0FEFF0570E9E7FC
:107AA0001C4E0E00AC060020BD19020000F30100C0
:107AB0001C1800202DE9F0410E8A0446043EF6B25F
:107AC000022E08468CB001D0102E64D104210C3057
:107AD00014F01CF80DF1080805884788011D32468E
:107AE000404614F058F8002857D0A5B300268FB3AD
:107AF000AF4230D34FF42053404601A98DF80460C3
:107B0000ADF8063014F01AF848BB1422002107A87B
:107B100016F0EFFD11212046FFF79CFF0990002889
:107B200037D001210C30CDE9074813F0B5FF002311
:107B30000A90394603701A4A0B93284607AB14F093
:107B4000B3FDDDE909131B78FBB90846FBF750FDCF
:107B50000A2301E03D4601232A4610210EE042F6A9
:107B60000103404607A98DF81C60ADF81E3013F0E4
:107B7000E5FF0028C9D010232A461946204614F0F4
:107B8000C2FD00200CB0BDE8F081204614F0A5FC39
:107B9000F7E71120F6E70420F4E70E20F2E700BF34
:107BA000F98000002DE9FF41036804460D4618687E
:107BB000012115F0CAFC40B904F14C0014F098FD05
:107BC000A0BB122004B0BDE8F0811022002168465D
:107BD00016F08FFD21212046FFF73CFF029038B3BD
:107BE0004FF00108009405F10C072B8A012B04D8F3
:107BF0002046029914F071FC18E0384613F096FF05
:107C00006B4601460B4A06468DF80C8014F04CFD7D
:107C10009DF80C30002BE8D00298FBF7E9FC3246C7
:107C2000202120469DF80C3014F06DFD0020C9E79E
:107C30001120C7E769C901002DE9FF410368044627
:107C40000D461868012115F080FC40B904F14C0084
:107C500014F04EFDA0BB122004B0BDE8F08110224C
:107C60000021684616F045FD0F212046FFF7F2FE81
:107C7000029038B34FF00108009405F10C072B8AED
:107C8000012B04D82046029914F027FC18E038464E
:107C900013F04CFF6B4601460B4A06468DF80C80EC
:107CA00014F002FD9DF80C30002BE8D00298FBF791
:107CB0009FFC32460E2120469DF80C3014F023FD27
:107CC0000020C9E71120C7E7EDC90100F0B51D4646
:107CD000036804460E4685B001211868174615F062
:107CE00034FC38B904F14C0014F002FD50BB1220F2
:107CF00005B0F0BD65B310220021684616F0F9FC0E
:107D000039462046FFF7A6FE029018B3BDF828308A
:107D10002946ADF80430012328468DF80C300E4A70
:107D20006B46009414F0C0FC9DF80C3002995BB1D6
:107D30000846FBF75DFC2A46314620469DF80C308C
:107D400014F0E1FC0020D3E7204614F0C6FBF9E76D
:107D50000120CDE71120CBE7EDC901002DE9F0416D
:107D60000E8A0446043EF6B2022E08468CB001D0BC
:107D7000102E76D104210C3013F0C8FE0DF104084A
:107D800005884788011D3246404613F004FF00284D
:107D900069D085B377B3BD422DD80121606815F055
:107DA000D4FB064678BB42F602038DF80000694614
:107DB0004046ADF8023013F0C1FE20B342F6030393
:107DC000404606A98DF81860ADF81A3013F0B6FEDB
:107DD000C8B1012D03D14FF6FF739F4213D004F1B8
:107DE0004C0014F085FC002814BF002012200CB0B9
:107DF000BDE8F0813D4601232A460821204614F0C3
:107E000082FC0020F3E7182200210DEB020016F09F
:107E100070FC09212046FFF71DFE0890F8B10121F2
:107E20000C30CDE9064813F037FE002309900370AB
:107E30000A2339468DF82C30284606AB0B4A14F03D
:107E400033FC9DF82C3008992BB10846FBF7D0FB8A
:107E50009DF82C30D0E7204614F03FFBD1E71120ED
:107E6000C5E70420C3E70E20C1E700BFB1810000D1
:107E70002DE9F0430F460446062187B007F10C00B8
:107E800013F044FE0588EDB1B0F80280B8F1000FA0
:107E900017D0454516D8002382888DF800308DF81C
:107EA00004304FF42053684601A9D7F80C90ADF880
:107EB0000220ADF8063013F041FE064660B10A23F9
:107EC00001E0454601232A460621204614F01BFC0A
:107ED000002007B0BDE8F0830146142201A83F7CD2
:107EE00016F007FC07212046FFF7B4FD0290D8B139
:107EF0000A2341468DF81530284601AB0B4ACDE9DF
:107F0000036901948DF8147014F0CEFB9DF81530C0
:107F100002992BB10846FBF76BFB9DF81530D2E7B1
:107F2000204614F0DAFAD3E71120D2E79D7F000053
:107F30007FB5CB6804461D888DB15E8876B1B542A9
:107F40000DD810220021684616F0D3FB05212046EB
:107F5000FFF780FD019058B9112007E03546012355
:107F60002A460421204614F0CEFB002004B070BD48
:107F70006B4631462846084A009414F095FBDDE92B
:107F8000011323B90846FBF733FB0A23E8E7204631
:107F900014F0A3FAE9E700BFD1C501002DE9F043D1
:107FA00042F60103002591B0D2F8008006460F4644
:107FB00000680BA9D8F8049014468DF82C50ADF841
:107FC0002E3013F0BBFD00286DD04FF420533068E5
:107FD0000BA98DF82C50ADF82E3013F0AFFD38B151
:107FE000A3681BB15A88BA4200D25F80012010E01A
:107FF0006168084614F00FFAB8F82A20B8F81A3069
:108000009A4294BFC0EB0200C0EB0300032803D8E0
:10801000002011B0BDE8F083084613F0FEFC0546D1
:108020006168084614F0F7F96B8A2A8AA3EB020C00
:108030006B69EA68D21AACEB0203B8F82AC0B8F848
:108040001A20944594BFC0EB0C00C0EB02008342A1
:1080500028BF03466BB9887AFBF722FA0022002377
:1080600013F0A8FC05460028D2D00146606813F042
:10807000E5FC002300933146D6F8048010234846DF
:1080800002AAC047061E0EDB227CE068964227D07B
:1080900001460BA813F07FFD40B9237C134A02214F
:1080A000134813F01AFB0023A3609FE7F2B202A962
:1080B00006A813F070FD10B90E4A3346EFE706A983
:1080C0000BA813F03BFD0028EDD1002304216374BD
:1080D00005F10C0013F0E0FCA0600780A36884E7C2
:1080E000324602A916F00DFBEDE700BFCD1C0200E1
:1080F00000F30100EC1C02002DE9FF414FF00008E5
:108100004FF4205305460E46006802A9144617682E
:108110008DF80880ADF80A3013F010FDA0B142F6DA
:108120000103286803A98DF80C80ADF80E3013F018
:1081300005FD48B123691BB15A88B24200D25E8066
:10814000012004B0BDE8F0816168286813F0F6FCF6
:1081500010B100232361F3E7E368A0681A786AB1DD
:10816000B7F81AC0798D038A8C4594BFC3EB0C0312
:10817000C3EB0103934201DA0020E2E704210C3053
:1081800013F08AFC20610680236929465E80074B34
:108190000194009338460023A26814F05CFB002889
:1081A000EADB2069003818BF0120CAE789C6010050
:1081B0002DE9F3471768054689460068516814465B
:1081C000D7F804A013F0BAFC804600284BD19522C2
:1081D0002946504615F04FF80646207540B1E36831
:1081E0001B780BB184F81480002002B0BDE8F08742
:1081F0002946504615F0ABF910B908232375F3E76B
:10820000A068267513F009FC02210C3013F044FC21
:10821000164B2061A0F80090009301943346294644
:108220003846A26814F017FB002807DA10F1FF0F98
:1082300032BF0E204042C0B22075D5E72369002B23
:10824000D2D0A06814F0E7F87B8D7A8B9A4294BF65
:10825000C0EB0200C0EB0300E3681B78984294BFB8
:1082600000200120C1E70120BFE700BF27C40100B3
:108270002DE9F04182B000AF044688460022002379
:1082800039463B4810F0D4FF0546B0B16D4688B082
:108290006A46384BCDE90534032342F8103F0023EA
:1082A0004FF4C2513448F9F7A7FFAD466FF00B0603
:1082B00030460837BD46BDE8F081FAF75FFE2F4B28
:1082C00029461A582E4B38681A60242216F011FAE3
:1082D0003B6800221C603C680023C4E90155C4E9E6
:1082E00007552848391D7D6010F0A2FF064688B169
:1082F00023686C4688B06A462349CDE905130323F9
:1083000042F8103F4FF4C4512B461B48F9F774FF55
:10831000A546CBE70146A022786816F0EAF978680E
:108320001A4B8360543015F0A4FE7B684C33D3E8BD
:10833000EF2FC3E8E16F0029F9D17B681C60E36986
:108340007D681BB904F10C0015F093FEE26905F19C
:108350009803C5F89820226AE36102B923621722C4
:108360007B685A855A830433C8F80030A0E700BF01
:10837000CC0500200B1D020000F3010008000000E6
:108380000C190020E8050020301D02009803002091
:1083900008B5837A072B06D002210C4A0C4814F04A
:1083A00052F8002008BD042114F021F810B9094A40
:1083B0000121F3E700F14803D3E8AF3FDB0701D425
:1083C000054AF5E750F8040CECE700BFDB1A0200A1
:1083D00000F30100551D0200881B02002DE9F04F3B
:1083E00085B000AFB860EFF31188202383F31288C3
:1083F000BFF36F8F584C204614F003F826680546EB
:1084000088F31188BFF36F8F00285FD0FBF750F817
:10841000182202FB00F35149C81851F803A0036960
:108420000021D0E90248FB6090F80490B0F806B053
:1084300016F05FF9A87AFBF733F86969034659B17A
:108440006A7AD00706D4DA69284612687B60926897
:1084500090477B6800226A612946184615F042FE63
:10846000B9F1000F0DD064B1236853B11B6843B15B
:10847000BAF1000F2ED001215346394A394813F082
:108480002CF91EB30020B96815F0EDFE00281DDAA6
:108490006C468AB06A46344B0593344BCDE90630BE
:1084A0004FF40073ADF82030314B42F8103F0023F9
:1084B0004FF411512B48F9F79FFE0023A54683F393
:1084C0001188BFF36F8F0323184602DF1437BD46B0
:1084D000BDE8F08F201D14F0B9FA4846FFF76EF89A
:1084E0000528CED801A353F820F000BF3185000045
:1084F000058500008384000031850000838400002E
:108500000585000004F14C03D3E8AF3FDA0705D43A
:108510000121184A134813F096FFB2E7236D002B90
:10852000AFD00023144A04F1680011F02BFAA8E739
:1085300054F84C3B1D68D4E8AF3FDB07E8D5B8F1F1
:10854000000F9ED0002403E02846F968C04701349C
:10855000A3B29B45F8D894E7141800201C180020FB
:10856000701D020000F301008F1D0200AE22020008
:1085700004000001881B02001C4E0E00F8B50F46D7
:108580001646FFF705FFB0B1C46920461CB150F88C
:10859000984904B1983C731C194638B1428B458DFB
:1085A000AA4228BF2A469A4207D264B902210A4A3F
:1085B0000A4813F092F80020F8BD32463946BDE86B
:1085C000F840FFF701B9D4F8985005B1983D20461E
:1085D0000B462C46E2E700BFAA1D020000F3010093
:1085E00007B50B4600210246FAF7C8FC01910E4977
:1085F00009580E480068884204D00D48D0F8800021
:10860000884201D10022134601A90A4810F010FE49
:10861000014638B91022019816F06BF8019803B0A2
:108620005DF804FB0020FAE7080000000C190020A8
:10863000B01400200406002010B50446806818B16C
:10864000FAF7D6FF0023A3602146BDE81040014899
:1086500015F03EBC040600202DE9F74304466830BF
:108660000F4690461E4615F03DFE206D50B9022182
:10867000144A154813F0E7FE204603B0BDE8F04366
:1086800000F086B8114B98424FF0000317D04568B0
:108690004360206DD0F80C90FFF7CEFF00232068D8
:1086A000236514F004FA3DB12068CDF800904346EC
:1086B0003A4631460068A84703B0BDE8F0831D463E
:1086C000ECE700BFC51D020000F3010010190020F7
:1086D000F7B550F8044C0546002C55D000F1940134
:1086E00004F11C0013F0EBFF2E1F05F150070022D0
:1086F0000023384610F08CFE024658BBEB6C2BB1C1
:1087000001466FF067033046FFF7A6FF002345F8E8
:10871000043C05F14803D3E8EF1F21F00101C3E851
:10872000E21F002AF7D1E36973BB04F10C060022B3
:108730000023304610F06CFE78B9666886B9214691
:108740001248266015F0C4FB286803B0BDE8F0406D
:1087500001F0E2BBFAF74CFFC9E7FAF749FFE6E799
:10876000A26833689642636008BFA36077683FB130
:10877000F3686FF067010093002320681A46B8473A
:108780003046FFF759FFD8E703B0F0BDCC05002015
:1087900010B504460430FFF79BFF1321606813F007
:1087A0005FFC034630B1BDE810400121024A034896
:1087B00012F093BF10BD00BFDC1D020000F30100EA
:1087C000B0B5044654F8683D00AF186813F0C1FC1A
:1087D000FBF700F86D4688B06A460B4BCDE90530D3
:1087E0004FF40073ADF81C30084B42F8103F0023E3
:1087F0004FF4E2510648F9F7FFFC2046AD46FFF77B
:10880000C7FFBD46B0BD00BFFA1D02000300000156
:1088100000F3010008B5036D6BB1084A93420AD01A
:10882000CB68DB78002B08BF0E2300221146FFF730
:1088300013FF002008BD0E23F7E700BF101900202A
:1088400010B50C4608B301B3FFF7A2FDE8B1C36948
:108850003BB153F8982902B1983A196D8C4206D071
:1088600062B90430214613F02AFF204602E0204678
:10887000064A1A65BDE81040FFF7DEBED2F8981030
:1088800001B1983913460A46E7E710BD10190020D8
:10889000F8B51D460F461646FAF70AFE1823044C93
:1088A00003FB00400123C0E90376C3800575F8BDD2
:1088B0001C18002010B5074C2378834207D1601C98
:1088C00014F027FA002814BF2046002010BD002015
:1088D000FCE700BF103D002038B50C4619466BB1CF
:1088E00003F114055B698AB9E268A360954200D17F
:1088F000E36000230D681A464B61A847A3685BB983
:10890000601C0649BDE8384014F00DBA1360E368F6
:108910009D4208BFE260ECE738BD00BF4B22020079
:1089200010B54A1C0C4628B1097813F0F2FB30B19F
:10893000204610BD1046034914F0EBF9F7E700207C
:10894000F7E700BF4B22020008B530B907490848D5
:1089500014F0DFF938B1074808BD054A12F8011CC8
:1089600013F0D7FBF6E70020F6E700BF4B2202002A
:1089700045190020441900202DE9F04180460F469A
:1089800016461D46FFF796FF044680B91249FFF7C9
:1089900091FF044630B9BDE8F04101210F4A10486B
:1089A00014F0BFB9394600F8018B14F0BCF92389E3
:1089B0002BB962892AB926816581BDE8F0819E4282
:1089C00004D36289AA42F8D29E42F5D263892681F5
:1089D000AB42F2D2F0E700BF4B2202002D1E020094
:1089E00040F301002DE9F041214B1546826807460E
:1089F0009A4202D1C4686389E3B90120BDE8F081DD
:108A000005F170084146287A13F0C5F968B9194B89
:108A10009C4202D1284614F05BFB3046164914F004
:108A200082F900232370238119E04146304614F077
:108A30007AF914E0238993B1264616F8011B2846DB
:108A4000324613F066FB0028DAD131462078FEF773
:108A5000D7F820B1857AFDF77DFC072DCDD0002118
:108A6000E3686181002BC8D038469847C5E700BF4E
:108A7000218B0000D80300204B2202002DE9F8438F
:108A800006460D461948002117469846DDF8249001
:108A9000FFF7A6FD044660B14560C7604A46304610
:108AA0009DF82010FFF76AFD054638B92046FFF70C
:108AB000C3FD6FF00B052846BDE8F88300220123B3
:108AC0001146FFF7E5FE2846A5603A464946C047ED
:108AD000054618B12046FFF7AFFDECE721463046CA
:108AE00014F0BBF805460028E5D0F3E71C4E0E0055
:108AF00073B50C460546082104F11000164614F023
:108B00001BF9122304223146CDE9003228462246C1
:108B1000024BFFF7B3FF02B070BD00BFABCF010047
:108B20002DE9F8431E46BDF8203081460F46D1F8A6
:108B30000C80002B45D1731E012B45D8012E4146D8
:108B40000CBF15781588FFF7EBFE0446C0B915B9C0
:108B50003046BDE8F8834146FFF7E2FE044638B9E7
:108B60001B4802211B4A14F0DCF86FF01000F0E7FC
:108B700009F17001013014F0D6F899F8083023702B
:108B8000D8F810308BB92581B8F80A30AB4203D041
:108B90004146384614F0DBF8002DD9D10E49601C4F
:108BA00014F0C1F825702581D2E72A463946484697
:108BB00098470028CDDB01380128E4D96FF00D007B
:108BC000C7E76FF00600C4E76FF00C00C1E700BF15
:108BD00040F301004C1E02004B2202000948D0E87D
:108BE000EF3F23F00203C0E8E23F002AF7D1D0E8CC
:108BF000AF3FDB0704D500220023303810F0C2BE9F
:108C0000704700BF08100020012110B50F4814F074
:108C100093F8C30719D402210C4814F08DF80840CA
:108C200007D10B490B4A0B880B4CA24207D300B16A
:108C30000B800A490A48BDE8104015F045BB506852
:108C4000083203449BB20120EFE710BD3819002021
:108C50001C3D0020F0F2010000F30100AD90000087
:108C6000D80F002003462DE9F04148B1008A38B9F9
:108C700001244FF0140C1149DFF844E0714501D391
:108C8000BDE8F081D1E90076BB4204D30CFB06724B
:108C9000143A93420ED93444A2B214460831EDE797
:108CA0000CFB0578434507D001356219AE4292B2FC
:108CB000F6D1F2E70025F8E71046E1E7F0F201000F
:108CC00000F301002DE9F74F99464FF6FF73BDF809
:108CD00030500746002D08BF1D46244B90461B8888
:108CE000009183423CD203B0BDE8F08F7368234407
:108CF000BB4232D29CB208361D4B9E42F6D3F2E7FD
:108D000040468958019312F019FF019B90B101343C
:108D10000AF1010AA4B273685345ECD9009B9C4246
:108D2000E1D8BC42F3D30BFB0AF231688B18B8F1DF
:108D3000000FE5D1B9F1000F0BD1013D1846ADB2DE
:108D400021460E9A0D9B9847002DCCD00028DED1ED
:108D5000C9E7DA689145DAD1EFE74FF0000ADAE7C0
:108D600001244FF0140B034EC6E700BF1C3D00204A
:108D700000F30100F0F20100002307B50193FFF7B3
:108D800071FF411C89B20846034A01AB14F066FA30
:108D9000019803B05DF804FBC7CC01002DE9F04356
:108DA00087B0837A8046072B0C46154602AF40F009
:108DB000A68000233B7342F60303206807F10C01F1
:108DC000FB8112F0BBFE0646002834D1D4F8049093
:108DD000B9F1000F05D101214B4A4C4813F0A1FF16
:108DE0008DE001232146009007F10802C847031EC9
:108DF00011DA6D4688B002AAD36104234449C2E95E
:108E0000051442F8103F4FF4015133463F48F9F73B
:108E1000F3F9AD4673E0012B05D001213D4A3B48F3
:108E200013F088FF6BE03B7A13F0300F67D02046D9
:108E3000FFF7A2FF0446002320683B7342F60213AB
:108E400007F10C01FB8112F079FE18B12046FFF703
:108E500093FF0446002642F60219206839463E7008
:108E6000A7F8029012F06AFE18BB002320683B733B
:108E700042F6021307F10C01FB8112F05FFE064679
:108E800000283CD1D4F80490B9F1000FA3D00223FC
:108E900000902146404607F10C02C847031EA8DB9C
:108EA000022BBAD1BB8905EA0300003818BF0120A4
:108EB00026E042F603032068391D3E71FB8012F064
:108EC0003DFE0028D1D04FF42053206807F108015F
:108ED0003E727B8112F032FE0028C6D042F60103BA
:108EE000206807F10C013E73FB8112F027FE002879
:108EF000BBD02046FFF740FF04460028ADD100203C
:108F00001437BD46BDE8F083661E020040F3010041
:108F10007A1E0200A01E02002DE9F843894651681E
:108F20000746B1F81280154618F094083BD102228A
:108F3000FFF734FF002839D000211E48AE8AFFF722
:108F40004FFB0236044660B11B4B32464360C5609E
:108F50001D213846FFF712FB064638B92046FFF7B9
:108F60006BFB6FF00B052846BDE8F88301234246F2
:108F70004146FFF78DFCA98A06F10C00023112F080
:108F80008BFD20F8029BAA8A296915F0A5FB2146D2
:108F90003846A66013F061FE05460028E3D020465F
:108FA000FFF74AFBDFE74FF0FF35DCE76FF0150511
:108FB000D9E700BF1C4E0E00CDCC010070B50446B1
:108FC0000D468AB0364BD3E8AF3F5A0761D510B192
:108FD000837A072B60D16E6830460596FFF742FE14
:108FE0002A68ADF8180032B305A902912D49002373
:108FF0000191012100914FF6FF710593FFF762FE89
:10900000059E1EB96FF001000AB070BD6E600023AE
:1090100030688DF8103042F6030304A9ADF8123021
:1090200012F08CFD70B90598C3689B799B0605D436
:109030006FF01500E8E70028E9D1E3E714F0BFF886
:10904000ADF81800BDF818003CB1012301462A46CE
:109050002046AB75FFF760FFD6E76FF07F030793FD
:109060000223ADF8203042F60213ADF8123005AB02
:10907000AC7502930C4B4FF6FF710193012304AAC8
:109080000093234609958DF81040FFF71BFE0798C3
:10909000BAE76FF00A00B7E76FF07F00B4E700BFF0
:1090A00004010020FBCC0100F5910000034613B53C
:1090B00050F8082CA0F12001019200F13004D4E80E
:1090C000EF2F22F00102C4E8E02F0028F7D10D4A6B
:1090D000002043F81C2C0C4A23F8080C43F8182CE9
:1090E00001AA43F8102C042223F8060C23F80C2CB8
:1090F000FFF764FF18B90221204613F01DFE02B0ED
:1091000010BD00BF88F80100DD8B0000F8B5304BC2
:1091100081680446994200AF21D1C6681568338939
:10912000EBB13246284612F8011B12F0F2FFB0B143
:109130004FF495722146284614F09DF8032811D16A
:109140006D4688B06A46234BCDE9053442F8100FCE
:1091500000234FF4C4512048F9F74EF8AD460120E2
:10916000BD46F8BD3146204613F0F1FD1B4B9E4233
:10917000F5D1287A05F17001FFF79CFB0446002821
:10918000EDD0038913B94389002BE8D02846FDF7B9
:109190005FFA2289124B134923F82020628903EBDE
:1091A00080035A80182202FB00110B6104230E4A2F
:1091B00028464A600D4A8B828A60FFF7FFFE00282E
:1091C000CDD001210A4A044813F0ABFDC7E700BF28
:1091D000218B0000B91E020040F30100D8030020DB
:1091E0000C3D00202019002088F80100C7CE0100A6
:1091F000CD1E0200F8B51546354B826804469A42EA
:1092000001D00120F8BDC768324B9F4246D03A8951
:10921000AB899A42F5D1394611F8010BFDF7F0FC04
:1092200006460028EDD0837A072B05D0FDF792F88B
:10923000E7E7FDF78FF8EAE77B6923B12146984716
:1092400008B93046F2E7648A14F09404F9D1AB8986
:10925000022B16D13C8914F002040AD030462A6948
:10926000A988FFF759FE044618B92A69937D01338E
:1092700093753046FDF76EF8002CAC60C1DA002023
:10928000C0E7012BF5D13C8914F00104F1D0304640
:109290002A69A98814F00DF80446EAE70E4E0F4932
:1092A000304613F036FD0028B1D10722314616F8BA
:1092B000010CFDF723FD0028BBD12B6931461A694B
:1092C00016F8010C53881288FFF756FB9FE700BF82
:1092D000218B0000D8030020113D00204B2202000A
:1092E00073B5837A0446072B0E461BD1051D4FF438
:1092F0008031284613F020FDC30316D402233246E2
:10930000CDE9003320460A4B0A49FFF7B7FB38B1D5
:10931000D5E8EF3F23F48033C5E8E23F002AF7D1D8
:1093200002B070BD6FF07F00FAE76FF07700F7E7EB
:109330007FCD010003CD010070B5837A0546072B70
:109340000C4686B040F0A1800B7C062B10D8DFE8DD
:1093500003F004045A5A629528000B68CBB11B78BD
:109360004BB1022B13D00121494A4A4813F0E2FCC9
:109370006FF0150009E008230193062322460093AD
:109380004549464B2846FFF779FB06B070BD1623CA
:10939000F2E7102304212246CDE90031404B414938
:1093A000F0E708680028E3D00678002EE0D14FF4FB
:1093B000245302A98DF80860ADF80A3012F0BEFB04
:1093C00008B342F60213206803A98DF80C60ADF8CB
:1093D0000E3012F0B3FBB0B142F60313206804A9BB
:1093E0008DF81060ADF8123012F0A8FB58B142F6BB
:1093F0000413206805A98DF81460ADF8163012F03A
:109400009DFB0028B4D1082304222749CDE900326E
:109410002246264BB6E7086880B300264FF4205357
:1094200002A98DF80860ADF80A3012F087FB002819
:109430009ED042F60103206803A98DF80C60ADF8B8
:109440000E3012F07BFB002892D042F60203206817
:1094500004A98DF81060ADF8123012F06FFB0028EF
:1094600086D042F60303206805A98DF81460ADF894
:10947000163012F063FB00283FF47AAF0423224633
:10948000CDE900330A490B4B7CE76FF07F007CE7A6
:10949000EA1E020040F3010059D301005FCF010032
:1094A000EFCD0100B9940000DD9500001FCE010052
:1094B00045990000ABCD01002DE9F0478EB006467E
:1094C00017461C46169D31B12A4600216B680EB026
:1094D000BDE8F047184763B902213D4A3D4813F003
:1094E00020FC2A46002130466B6898470EB0BDE844
:1094F000F0871378062B08D0142B05D00121364AAB
:10950000344813F017FCECE702214FF00008C14685
:10951000013C8DF81010A4B207F1010A9C420CD254
:10952000002CDED1B8F1000FDBD02A464146304690
:109530000EB0BDE8F04713F0F1BE1422002109A8D7
:1095400015F0D7F8BAF8002093B2002BC9D0BAF8BA
:1095500002101FFA81F8B8F1000FC2D04345C0D8FD
:109560009DF8103013B3022B25D02B7CADF80C10D6
:10957000002B42F6010308BF4FF42053ADF806302C
:1095800004AB029301AB099302ABADF834200C930A
:109590002A4630466B688DF8049009A99847002840
:1095A000A4D03B78E41AA4B29A44B7E7BAF80430DE
:1095B000ADF81230D9E70AF104030DF111000AF1F8
:1095C000140C53F804EB634540F804EBF9D1CCE7F5
:1095D000FF1E020040F30100091F02002DE9F04FB9
:1095E00093B0174680461C460A461C9D31B12A4658
:1095F00000216B6813B0BDE8F04F1847297C0229A1
:1096000040F083804BB9A84AA84813F08AFB2A4649
:10961000002140466B6898475BE03B78062B08D0FA
:10962000082B05D00121A24AA04813F083FBEEE7E6
:109630001146002642F6020A013C8DF82010A4B221
:1096400007F1010B9C420BD2002CE0D1002EDED0A2
:109650002A463146404613B0BDE8F04F13F05EBED7
:10966000BBF800901FFA89F6002ED0D0BBF802009C
:109670009DF82020ADF81C00BBF80410ADF81E10BA
:1096800062B1022A15D0296831B308A812F056FA3F
:1096900010B33B78E41AA4B29B44D3E708AA06921D
:1096A0009BF806209BF8071042EA0122ADF8222021
:1096B000E9E70A236881A981A5F80890404601924C
:1096C00000932A467B4B7C49FFF7D8F986B2002EDF
:1096D000BED113B0BDE8F08F4FF00003102200217F
:1096E0000EA88DF81430ADF816A015F002F805AAF2
:1096F0000D9206AA109240462A466B68ADF8449037
:109700000DA998470028C4D1E3E7032966D113B90E
:109710000221654A78E73B78072B02D0152B81D1CF
:1097200002220026013C8DF82020A4B207F1010995
:109730000DF1200A9C4287D3B9F800B01FFA8BF6CE
:10974000002E3FF464AF9DF8203063B1022B13D09C
:109750002968F1B1504612F0F1F9D0B13B78E41A22
:10976000A4B29944E6E799F8053099F8062043EA4F
:109770000223ADF82230EBE709F105030DF12102D8
:1097800009F1150153F8040B8B4242F8040BF9D18F
:10979000DEE799F80230B9F803208DF81E304FF05B
:1097A00000038DF8143042F603030021ADF81C20AD
:1097B0000EA81022ADF81630CDF818A014F099FFBD
:1097C00005AB0D9306AB10932A4640466B68ADF887
:1097D00044B00DA998470028C0D17AE72B681E78BD
:1097E0002EB94CB9304A0221304813F09AFA2A4671
:1097F000002140466B68FDE6B3F802A0013CA4B22C
:1098000007F10109AAF5245A3B78A34204D9002C98
:10981000EDD1002EEBD01BE7012C01D8274AE2E75F
:10982000B9F800B01FFA8BF6002EE0D0BAF1040FA1
:10983000DDD801A353F82AF04D980000EF970000FF
:10984000559800005D980000A1980000032C09D8ED
:109850001B4AC8E7032C05D81A4AC4E7032C01D8D1
:10986000194AC0E7B9F80230ADF820302B68102251
:1098700000210EA8039314F03CFF039B2A460D938E
:1098800008AB109340466B68ADF844B00DA99847FB
:1098900000283FF41EAF3B78E41AA4B29944B3E722
:1098A000082C15D8094A9EE7FF1E020040F301006C
:1098B000091F020097CD01000D9900001D1F020035
:1098C0002B1F0200391F0200471F0200551F020014
:1098D00099F802308DF8203099F803308DF8213056
:1098E00099F8052099F8043043EA0223ADF82230B4
:1098F00099F806308DF8243099F8073099F8082047
:1099000043EA0223ADF82630B0E700BF70B5102B54
:1099100005461146049C0BD00121084A084813F063
:1099200009FA2246284663680021BDE870401847BE
:109930002246BDE8704013F05BBD00BF091F020066
:1099400040F301002DE9F04F8FB00746189D1846EF
:1099500029B953B90221544A544813F0E2F92A466E
:10996000002138466B6898479BE01378012B07D09D
:10997000022B20D001214E4A4C4813F0DBF9EEE7D0
:109980000B464FF00409013880B248458DF810307D
:10999000E5D34FF00008B0FBF9FBC246541CCDF8EC
:1099A000008004AEBBF1000F08D12A46384600996A
:1099B00013F0B4FC75E04FF01209E4E7238801933B
:1099C000BDF804300093B8F1000F53D19DF810306A
:1099D000002B37D0022B3CD02968002945D12B7CA5
:1099E000042B4DD14FF42053304602A98DF808A026
:1099F000ADF80A3012F0A2F800283BD042F601037D
:109A0000304603A98DF80CA0ADF80E3012F096F890
:109A100080B342F60203304609A98DF824A0ADF8C0
:109A2000263012F08BF828B342F60303304609A91A
:109A30008DF824A0ADF8263012F080F800BB4FF06E
:109A4000010819E0A378E27843EA0223ADF8123066
:109A5000C2E7A31C0DF1110204F1120153F8040B2B
:109A60008B4242F8040BF9D1B6E7304612F066F8A3
:109A70000028B4D04FF000080BF1FF3B4C4491E7B5
:109A8000102200210AA814F034FEBDF804302A4642
:109A9000ADF8343038466B68099609A99847002814
:109AA000EAD10FB0BDE8F08FFF1E020040F30100C5
:109AB000631F020007B5837A0A46072B2CD14B6837
:109AC0003BB908234FF0040ECDE9003E144B154975
:109AD00009E0012B11D0097B5B00019341B12023E8
:109AE00011490093114BFEF7C9FF03B05DF804FB69
:109AF0000E230F4900930F4BF5E74B8933B10C232D
:109B00004FF0040CCDE9003C0B4BE0E70A230221A7
:109B1000CDE90031094BDAE76FF07F00E5E700BFE0
:109B200053D00100419B0000DDCE010083CE010037
:109B300087CE01005BCE0100D7CD0100C3CD01006F
:109B40002DE9F04F83B002AF804691461D460E4688
:109B5000BC6A41B96BB92568002322460093F1B273
:109B60004046A8472EE0B1F5807F28BF0E26256825
:109B7000F2E76368002B6ED1013D2689B4F80AB084
:109B8000ADB202F1010A002D4CD099F80030AB4281
:109B900028BF2B46012B0AD802213D4A3D4813F02D
:109BA000C9F800230093224604212568D8E7BAF8B3
:109BB0000020023B91B29BB241B90121364A35489F
:109BC00013F0AFF80437BD46BDE8F08F8E4201D8E0
:109BD0008B4517D26D468AB002AA304BC2E9076B9B
:109BE000C2E90531052342F8103F00234FF422510A
:109BF0002848F8F701FBAD4600230093256822466C
:109C00000E21ADE722810093224600214046D4F880
:109C100000C00AF10203E0470028D3D099F80030D1
:109C2000AB4206D921464046FFF744FF0028C9DA77
:109C3000E2E7238962899A4205D1002300932568CF
:109C4000224619468CE70133238199F80030ED1A3A
:109C5000ADB29A4497E700951346D4F800C0224667
:109C6000E0470028AED0238A013B9D4203DA0096EC
:109C700033462568E4E7638921461D4440466581F3
:109C8000FFF718FF00289DDA009633462568B6E7EF
:109C9000751F020040F30100AD1F0200BC1F02004F
:109CA00070B5837A0646072B0D463DD1FEF74CFE74
:109CB000044658B9FEF748FE0446002837D006F19E
:109CC0007001013013F02FF8337A2370A36893B139
:109CD0000022143B9D422DD018892989884205D144
:109CE0009889A989884228BF42F001025B690BB1BB
:109CF000143BEFE772B9114A29463046FEF7F8FEE9
:109D0000024638B1A3681BB90D49601C13F00BF86B
:109D1000104670BDA26805F114036A61E268A36091
:109D200002B9E3600022F3E76FF07F02F0E76FF023
:109D30000B02EDE76FF07702EAE700BFD5CF010035
:109D40004B220200F8B5837A0646072B0C4643D116
:109D5000FEF7FAFD0546002841D08368002B3ED06F
:109D600000221746143B9C4209D018892189884259
:109D700008BF47F001075B691BB1143BF3E7012201
:109D8000F9E762B304F11003D3E8AF3F5B0703D5F3
:109D90002146304613F0A9FB77B104F1140105F117
:109DA000080013F071F9AB681BB90E49681C12F07A
:109DB000BAFF57B9002007E0214630460A4AA7817A
:109DC000FEF796FE0028E8D0F8BD002321461A468B
:109DD00030462568A847EDE76FF07F00F4E76FF0A5
:109DE0001500F1E74B220200D5CF01002DE9F04725
:109DF0008C68064690469946BDF820A024B154F8D8
:109E0000145905B1143D0CB9BDE8F08723894345C9
:109E100011D153464A46214630462768B84750B9C3
:109E200021463046FFF78EFF034620B10221064A45
:109E3000064812F07FFF2DB1696901B114392C4633
:109E40000D46E0E72946FAE72320020040F301002F
:109E5000F0B587B007460E461546FEF775FD044679
:109E6000C8B12A46314603A811F005FEBDF81030EE
:109E7000042B10D9042103A811F048FEBDF81010DE
:109E800046880288B14208D201213346084A09486F
:109E9000009511F02CFC07B0F0BD2146031D009683
:109EA0003846FFF7A3FF314603A811F02FFEDDE788
:109EB0004220020040F3010007B5009001206B46EC
:109EC0004FF6FF71034A8DF8040013F0C7F903B091
:109ED0005DF804FB0D9100002DE9F0410D4B0646A5
:109EE0001B680F46904623B153F8044904B1043C63
:109EF0000BB9BDE8F0811B681BB1424639463046BC
:109F000098472CB1656805B1043D23462C46EFE720
:109F10002546FAE73C1900202DE9F84F054603468F
:109F20004FF6FF710120214A13F098F92846FEF7F9
:109F30000BFD0646B8B38468ACB354F8147907B186
:109F4000143F4FF0000805F17009C24601E03C469D
:109F50001F4604F1100BDBE8EF3F23F00803CBE8CA
:109F6000E23F002AF7D14946287A11F014FF68B978
:109F70002346424631462846A4F80CA0FEF7ACFC26
:109F80008FB17B69002BE2D0143BE0E7DBE8AF3F09
:109F9000DB07EDD473781BB14946701C12F0C3FE89
:109FA00004F11408ECE7BDE8F88F00BFE589000074
:109FB000034B42689A4204BFC3681982704700BFCE
:109FC000419B00007FB54FF420520023ADF81620CE
:109FD00004AA02920A4A0120CDE900324FF6FF712D
:109FE00005AA04938DF81430FEF76CFE049B012B38
:109FF00014BF6FF01500002007B05DF804FB00BF30
:10A0000057D5010080B500AF88B06A46074BCDE94F
:10A010000530032342F8103F00234FF4C251044897
:10A02000F8F7EAF86FF00B00BD4680BD6320020030
:10A0300068F3010008B5064A136823B90548506063
:10A0400018460A6008BDFFF7DDFF6FF00B00F9E767
:10A0500054190020B0F8010010B54FF0000E00F1C7
:10A06000070C541E2CF0030C1860A4B2ACF80020AE
:10A07000023A93B201FB04F240F802E074B14FF6E9
:10A08000FF7C03FB011403FB01F22044121B013B84
:10A090009BB263458050A0EB0100F8D110BD00BF1A
:10A0A0000346006810B102680AB91A607047C11D02
:10A0B00021F00301B1F800C0D11D21F003010CF122
:10A0C000FF3CA1F800C0F0E70B687BB1073323F039
:10A0D00003031A88013292B20346D1F800C043F854
:10A0E00007CB23F003031A80086070470122F3E7CF
:10A0F00002FB0100704700BF401A90FBF2F080B2F3
:10A10000704700BF531E11449BB242B1DB4301387C
:10A11000CA1811F8013D914200F8013FF9D170478A
:10A12000014402E010F8013B1BB98842FAD100203B
:10A1300070470120704700BF10600860704700BF83
:10A140000A6803460068904209BF002200200A60A6
:10A150001A607047D2F800C0CCF80000D2F800C0F6
:10A16000CCF8041010607047884203D01AB14368DD
:10A1700013607047002070470B68834209D02AB1F2
:10A18000586810601A680A6018467047002BF9D1A9
:10A19000FAE70023F8E700BF2DE9F8434FF09008F5
:10A1A0000C270D4EDFF8349006F1200409EB08056A
:10A1B000294620462A1D083CFFF7BEFFB442A5F100
:10A1C0000C05F5D1043F3B1DA8F13008A4F1200691
:10A1D000EAD1BDE8F88300BFF8190020441A002036
:10A1E00003468C4610B49AB101EB4101144803EBCD
:10A1F0004304090101EB84010144487A0C7AA0422E
:10A2000004BF0130087210BC614618460CF0A2BFB2
:10A2100001EB41020A4C120100EB400302EB830305
:10A2200023449C7ADA7AA24201D010BC70470132F2
:10A230009A720122034B5A5410BC0CF0BBBF00BFF2
:10A24000201A00209C190020F8B506461C460D4631
:10A2500002B322786378D21A12F0030229D1294F6F
:10A2600071004FEA450C3144AC44890001EB0C11FC
:10A2700001330431DBB27A18606821462370FFF79E
:10A2800069FF0122204B294630465A550CF092FFB7
:10A290000020F8BD0CF078FF0028DAD029463046BF
:10A2A0000CF064FF637860B92278D21A12F00302CE
:10A2B000D5D0012A03D00133DBB22370E1E7104689
:10A2C000F8BD05EB450206EB46010E4F120102EB0D
:10A2D00081023A44907AD27A710090424FEA450C5A
:10A2E00005D02078C01A10F00302E2D1BBE7227833
:10A2F000D21A920702D00233DBB22370D4E90203F0
:10A300009847C5E7201A00209C1900202DE9F04F3E
:10A31000DFF8689189B019F80030002B5BD000217C
:10A3200003248346DFF858A1C0EB0013CDE90411E4
:10A3300000EB40079B000AEB0717039309F8001096
:10A340000294B846002358F8240FB96A07AA079365
:10A35000FFF70AFF44460546CDB1079E96F80080F8
:10A360007278A8EB020808F00308B8F1010F35D0A5
:10A3700031788A1A02F00302012ACBB23DD1D7E923
:10A38000090107AAFFF7F0FE0546002DE5D197F871
:10A390002E3097F82F209A4203D087F82F300123D0
:10A3A000049397F82C3097F82D209A4203D087F821
:10A3B0002D3001230593029B0C3F5D1EEBB2FF2B5A
:10A3C0000293BED1D846DDF810B00599BBF1000F5D
:10A3D00001D0002947D009B0BDE8F08F013A727072
:10A3E000079AD2E902018847079E32787178D3B282
:10A3F000521A02F00302012A23D000222146B86A31
:10A400000193FFF7B9FE7560019B71787370327824
:10A41000521A02F00302012A0AD0D7E9090107AA59
:10A42000FFF7A2FEB8F1010F054695D104460EE0F4
:10A43000039B71701A1D314628465244FFF78AFE6D
:10A44000EBE707AAD7E90901FFF78EFE0446029B56
:10A450008BB101235946584609F80B300CF0AAFE7F
:10A4600009B0BDE8F08F0A464046414609B0BDE854
:10A47000F04F0CF06FBE002C89D0EAE79C19002049
:10A48000201A00204B1E8446DBB271B100200CF173
:10A49000FF319C4411F8013F23B15A1E0130134093
:10A4A000C0B2FAD16145F5D170470846704700BF88
:10A4B0002DE9F04F0325012706466F4C83B0042198
:10A4C00030460AF0B1F94FF001081E230021D6F8FA
:10A4D00000C04FEADC722CFA03F000F00100904259
:10A4E0009E461ED0DAB201311B2AC9B240F28880E2
:10A4F000013B2CFA03F2192902F0010201F10109D2
:10A500005FFA83FA4CD082429E464FF002084FF029
:10A51000010B63D0BAF11B0F5FFA89F16DD91046B8
:10A52000E6E708F101095FFA89F9B9F1060F48D9A0
:10A5300007FA03F07AB300222CEA000C0131C9B209
:10A5400019292CD04FF00108013BC4D200228CEA1B
:10A55000040301A8019310F8013B23B1591E0132F5
:10A560000B40D2B2FAD102AB9842F4D1012A09D9F8
:10A570001FFA8CF3B3EB1C4F2AD15FFA8CF3B3EBC9
:10A580001C6F25D1013D15F0FF0598D16FF00D002E
:10A5900003B0BDE8F08F01224CEA000CCEE7104674
:10A5A0000EF1010307FA03F318B15B420CEA030C46
:10A5B000CCE7013B4CEA030CC8E708F101095FFA5C
:10A5C00089F9B9F1060FC346C84607D10246BBE771
:10A5D0000020C6F800C003B0BDE8F08F5FFA83F931
:10A5E000B9F11C0F10D9013B2CFA03F202F0010261
:10A5F00090429E46E1D0104674E74FF01B0E9FE755
:10A60000012910D002469BE7C9B900204FF001088C
:10A6100008FA0EFE7AB100222CEA0E0C814205D017
:10A620000146D84690E7C3460246EEE701314FF0B7
:10A630000108C9B288E742464CEA0E0CEEE7B9F1D0
:10A640001C0F03D00129C1D10846DFE7CCF3C0625B
:10A65000824203F1FF3308D0D8B201311B28C9B2BE
:10A66000CBD910464FF01B0E42E708F101094FF01D
:10A670001B0E5FFA89F9A4E7D6BE898EF0B5067E77
:10A680000468FF2E26D033464FF0000C2C2707E03D
:10A69000A25CDEF80850FF2A1E46AC441AD01346CE
:10A6A00007FB03F2994204EB020EF1D18E4201D175
:10A6B000A35C0376A35C2C2202FB06F6FF2BDEF8DC
:10A6C0000800A35504D002FB03439A6802449A6031
:10A6D0006044F0BD0020F0BD2DE9F04F0368427AE0
:10A6E00087B045680193002A00F0E88089464FF062
:10A6F0002C0B0446531EDBB205EBC30302930595F6
:10A70000029B5A6893F801A00492CDF80CA0B9F10D
:10A71000FF0F55D000260BFB09F2019B484613F8AA
:10A7200002909D184FF0FF0C85F800C02768217E2D
:10A7300007EB02086145D8F8083018BF00960DD124
:10A74000B9E09B1A05D1B8F81EA0BEF81EE0F2458C
:10A750006DD8BA5D8C46FF2A60D011460BFB01F61E
:10A7600007EB060EDEF808209342EAD2009EBCF109
:10A77000FF0F18BF0BFB0CFCC8F8083088F800105E
:10A7800018BF07F80C000BFB017708BF2076BA68EA
:10A79000D21ABA60AB7801336B70002EB7D00020AC
:10A7A000336A3070B0700BB1716A98476B68002BD8
:10A7B000ADD1336AB9F1FF0F2B62736A6B62A9D115
:10A7C000DDE903A7029B98780AEB8A030AF10102EC
:10A7D000504507EBC3065FFA82FA029A5DD0117802
:10A7E00017F83320514508BF4FF0000A042AEBD177
:10A7F000707801990BFB00F28D1895F801C0A978CB
:10A800008C4517D00022012007F83320336AB0703E
:10A810000BB1716A9847029B9878D5E70BFB01F161
:10A82000C8F8083088F80020009E7854B2E7134634
:10A83000009E9CE74FF6FE77338A6169BB42CDF8F4
:10A840000CA007D04FF6FF77DB1BB3FA83F35B094D
:10A8500085F828304FF6FD77F3686B60338ABB428A
:10A8600088BF00230027AB837369AB61B369EB60DA
:10A87000F3692B61B3686F61AB60D6F804C0BCEBC1
:10A88000010E11D400217344AB600023EB83EB78FD
:10A89000696143F00103EB7044E70599A2F10803F5
:10A8A00091420BD002932BE7A1EB0C018B42E9D82C
:10A8B000C91A3B46E8E7B95420766BE707B0BDE814
:10A8C000F08F00BF01232DE9F04F447E8DB08376D9
:10A8D000002C40F0A980037E8046FF2B00F0A3806F
:10A8E0000BF0AAFDD8F81420D8F81C30861AB34211
:10A8F00094BF0023012398F81870A246FF2FD8F8C0
:10A90000009003936ED04FF02C0B04942BE0039B2C
:10A9100023B9D8F81C30534540F28B80E278E38BA2
:10A9200022F001020133E27094F828209BB2E38305
:10A93000002A7CD0A28B9A4279D2A570E56885B1B5
:10A94000D4E9041300220191E178AAEB030301F09A
:10A9500001010091D8F81400114618444FF6FF7316
:10A96000A847FF2F3DD00BFB07F709EB0704A368AF
:10A97000B34236D8A278F61A9A44637819F8077069
:10A980009B1ADBB2012BECD1A369013AD5B2029339
:10A99000002BBCD1A570E568002DE2D0B4F81EC034
:10A9A0006069D8F81430AAEB00001844002221692D
:10A9B00063460191E17801F0010100911146A84739
:10A9C000DDE90223002A18BF43F0010303934FF08F
:10A9D00000030022E383E378FF2F62F30003E370B8
:10A9E000C1D1049C98F80B3098F80A209A4208D1FB
:10A9F0000132D2B2022A16BF14460023234688F839
:10AA00000B4008EB8303C3F80CA0D8F824400025C2
:10AA10004346012204210320A44688F81A500DB0B1
:10AA2000BDE8F04F604784760DB0BDE8F08FA570AB
:10AA300097E7FF2F64D0B4F81EC0A28B60689445DE
:10AA400032BF6146ACEB020189B201FB00013B461B
:10AA5000CDE907A7CDE90AC24FF0000E8446CDE943
:10AA60000516029F099523E0002D39D0BCF1000F97
:10AA700038D0A0EB060A1FFA8AFA864214D8691A5F
:10AA800005FB0A11059888422CBF00200120D278CE
:10AA9000E17802F0010601F00105AE423ED84A40DD
:10AAA000D20701D4002839D119F80330FF2B1BD06D
:10AAB0002C2202FB03F309EB030291688E44BE458E
:10AAC00012D890690028EFD0D08B968B55688642BB
:10AAD000CAD9002DE8D0BCF1000FE5D08246CCE702
:10AAE0002846D4E76046D2E7DDE90875A570E56839
:10AAF000DDF828C0DDE9066A002D3FF434AF4FE7EA
:10AB0000A570E568002D3FF46CAF6369D8F8142098
:10AB1000AAEB0303B4F81EC0981847E7E178DDE913
:10AB20000AC221F001010CF10103E17094F8281030
:10AB30009BB2E383DDE9066ADDE9087500297FF44D
:10AB4000FAAEA5700FE700BF2DE9F04F837E8DB000
:10AB50000190002B40F07281437E0A93002B7AD142
:10AB600001210198837AC27A44699A420894417615
:10AB700000F02C830B44DBB2022B0ABF0A9A1A4660
:10AB80001346012401998B7201EB8203DA68089B5A
:10AB9000049213444B61019B1D7E07950BF04CFC06
:10ABA000FF2D059002D1019A08905061019A136817
:10ABB00092F80980029308F1FF335668DBB2B8F1CE
:10ABC000000F00F022834FF0000806EBC30BFF23B9
:10ABD000C24603930B94CDF824800696DBF80490CC
:10ABE0009BF803109BF80240631C04EB8406A1420F
:10ABF000DBB209EBC60560D09BF800209A4208BF83
:10AC000000238BF8023019F83620042A39D9082A93
:10AC10002BD82C23697803FB01F8029B03EB080770
:10AC20007B78B8781B1A13F0FF032CD1062A1CD1AD
:10AC3000019BDB7E8B4250D009F836A02B6A85F849
:10AC400002A0002BCCD0696A002098479BF8031023
:10AC50009BF80240C8E70421446A034601220846E3
:10AC6000A4460DB0BDE8F04F60474FF0010309F86E
:10AC700036A0AB702B6A002BB2D00120696A9847CE
:10AC8000AEE71C46B0E7052A1FD16A684AB9AA6830
:10AC90003AB9EA682AB92A691AB96A6932F07F4270
:10ACA000E3D0012B26D00421019B01225D6A0846D6
:10ACB000A84701238BF802400993069AABF10803D9
:10ACC000934500F0BE809B4688E7012B6DD0062A95
:10ACD000E9D1019BDB7E8B42AED1019B69685A6949
:10ACE0008B1A40F18680521A0499914294BF002336
:10ACF0005B1880E0019C2046FFF7C0FCB860059B14
:10AD0000D4F814E0A3EB0E0C049B03EB0C01884277
:10AD100077D9421A7B68EBB1AB8ADBB1013B99B2C0
:10AD2000A9827868FB8B824206D809E0A3B2121A86
:10AD3000FB838242A98A03D98B4203F1FF34F5D801
:10AD40008B4206D201339BB2FB83A98A02448B4219
:10AD5000F8D3B9836B6879691A44BA60AB68BCF1FF
:10AD6000000F0B4453DB944463455AD2ACEB03020F
:10AD700000237B61BA60EA68BB691344BB612A693E
:10AD8000934294BF00239B1ABB61AB7D1BB1FA7841
:10AD900063F30002FA70DDE9022302F808307B78E1
:10ADA0006A78013303927B7046E7062A3FF440AF8E
:10ADB000019C2046FFF762FCBB78B8607B70E27EA6
:10ADC0006B789A427FF438AF19F83630062B84D06E
:10ADD000FF23019AD37619F83630062B3FF47DAF66
:10ADE000082B3FF47AAF019B05995A698B1A3FF5FE
:10ADF0007AAF049A13440199CA699A4288BFCB6119
:10AE00001AE77B6900221944091A796182E70599DA
:10AE1000AEEB010E7245A6D89E44AEEB02030022B3
:10AE2000A7E7A3EB0C03FAE701230A930023019A97
:10AE30005376937E0A9A1A4340F0BE810DB0BDE866
:10AE4000F08F0B9CDDF82480019F079A3B7E981AB7
:10AE500018BF01200546002C00F09780059A08993C
:10AE6000FF2BA2EB01063A463F6800F08E800025DA
:10AE7000CDE90580AB46B84602954FF02C09154642
:10AE8000049F04E0A37863702B7EFF2B75D009FB31
:10AE900003F008EB0004A168B94200F29D81029A18
:10AEA00094F802C00A44029262787F1AA2EB0C0264
:10AEB000D5F81CC0761A614528BF4FF0FF31B4F8B1
:10AEC0001EE026BFE9760021ACEB0101E961A16932
:10AED000D2B209B1022A14D0C4F808B018F8001090
:10AEE00029766168C9B9002ACCD0012A02D0BEF106
:10AEF000000FC7D0236A002BC4D00120616A984795
:10AF0000C0E7BEF1000F00F0A6800022A26018F892
:10AF100000202A7661680029ECD0B4F81EE0BEF16A
:10AF2000000F74D1B4F81CE094F828C0724602FBFC
:10AF30000112BCF1000F76D0DDF820C0A4F81EE0AD
:10AF4000A260DDF808E06969E644BEEB010AD4F8C6
:10AF500014C075D45244944579D3ACEB020100225D
:10AF6000A260039A616108F80020039363780133BB
:10AF7000DBB263702B7EFF2B89D1079BDDE9058057
:10AF8000FF2B0CBF054640F0010503990198FFF720
:10AF9000A3FB019B079A1B7E934200F00281B8F14C
:10AFA000000F67D0FF2B00F03A81079AFF2A00F0CC
:10AFB0002F812C21DDF80480D8F8002001FB03222A
:10AFC0009768002F00F015810BF036FA0A26044628
:10AFD000D8F81450013E621B974202F106027FF638
:10AFE00023AFBA422CBFAD18ED19D8F82830284647
:10AFF00098470BF021FAC4F101022B1B02449A423C
:10B000007FF614AF002E00F0BB800446E0E700227C
:10B0100094F802C002FB011284F801C094F828C021
:10B02000BCF1000F88D1964286D90A440CF1010C7C
:10B0300096421FFA8CFCF8D8F4441FFA8CFE7BE78A
:10B04000A1EB0E018A4212D95244944585D20021C7
:10B05000A2EB0C0284E7E961EB76C4F808E018F88B
:10B0600000202A76616800293FF40CAF55E761445F
:10B07000891A74E7019A0125517A56684A1ED2B29C
:10B0800000298FD006EBC207CDE908654FF02C0AE6
:10B090003E4696F801B0F27873685A4569D0DC46AE
:10B0A0001F46B3460CEB8C0C17F83C3007EBCC0C6E
:10B0B000012B40D0022B4BD1DCE90120DCE903E974
:10B0C00014780199FF2CDCF81430D1F800804D6918
:10B0D00002D00168A9425DD0002601990C7E05606E
:10B0E000FF2C25D0CDE902B7CDE904C29B46CDF8AF
:10B0F00018E00BE0AA685B4620463244C84778B99E
:10B1000018F80740AB68FF2C1E443CD00AFB04F73C
:10B1100008EB0705A969B9F1000FEBD10029EFD0C1
:10B12000AB68DDF818E01E44DDE902B7DDE904C2D2
:10B130001470CEF800604FF00002DCF820308CF87C
:10B1400002201BB10020DCF8241098479BF8032054
:10B150009BF801C09BF800300CF1010C5FFA8CFCED
:10B16000634508BF4FF0000C62458BF801C099D1D0
:10B170005E46089AA6F1080396422BD01E4688E741
:10B1800000DE044624E7DDF818E0DDE902B7DDE97A
:10B1900004C2CDE70AFB04F4DEF8006018F80440AE
:10B1A0009EE7B8F1000F27D0019B002D35D15D76C9
:10B1B0009B7E002B3FF442AE019B01225C6A03217F
:10B1C0000420A4460DB0BDE8F04F60470A9B1C4622
:10B1D0000493E0E4099DE7E7019BC91BA1601B7E86
:10B1E000079ADDE9058093420CBF054640F0010552
:10B1F000CBE6019B5F76DFE7019B5E685B7A5A1EB8
:10B20000D2B2002B7FF43EAFCEE7FF2303931BE6C1
:10B210000BF0F8F8019B1B7ECBE61B7EC2E60BF021
:10B22000FBF838B9019BD86158769B7E002B3FF420
:10B2300005AEC1E70023019A5376937E002BBBD164
:10B24000FCE500BFF0B4049E9DF81450069C30BB92
:10B25000144F3A605A1E39727B727E60D2B273B15B
:10B2600006EBC2021146546012F808398E4203EB15
:10B270008300A5EB030304EBC004DDB2F2D175B982
:10B28000FF23079A7D613A62089A7D817A62099A62
:10B29000FD61BA623B76FB762846F0BC7047012020
:10B2A000F0BC7047E01A002040B9064A117EFF2921
:10B2B00001D1107270476FF00F0070476FF01500EA
:10B2C000704700BFE01A00202C22074B10B402FB8D
:10B2D00000335C6A2CB1A44601220321022010BC79
:10B2E000604710BC704700BFE01A00202DE9F8430A
:10B2F0002C240E46214DBDF8308004FB00556968B2
:10B3000001EBC600C47811F8367004F1010C5FFA45
:10B310008CFC674598BF4FF0000C417861452AD0FE
:10B3200004274FF00209416804EB840E01EBCE04C0
:10B3300001F83E706360089B6270A3600A9BA4F8EA
:10B340001080E3600D9B84F8029063610E9BA36103
:10B350000F9BE361109B2362119B636280F803C023
:10B360003046D5E9083698472B4600223946B04783
:10B37000A078BDE8F8830120BDE8F883E01A00203A
:10B3800030B58BB00E9C0F9D009400240194139C4B
:10B3900002950694109D149C03950794BDF84450A3
:10B3A000159C04950894129D169C05950994FFF729
:10B3B0009DFF0BB030BD00BF2DE9F8432C24224F78
:10B3C0001D4604FB007708467C68BDF82C8004EB22
:10B3D000C10114F83060CC784B7804F1010C5FFAAD
:10B3E0008CFC664598BF4FF0000C63459DF830E03B
:10B3F00026D04FF0050902234E6804EB840406F8BA
:10B40000349006EBC404A370089B6270A360099B90
:10B410006560E3600A9BA4F8148023610D9B84F8A7
:10B4200016E023620E9B636281F803C0D7E90835FA
:10B4300098473B4600220421A847A078BDE8F8833E
:10B440000120BDE8F88300BFE01A0020F8B52C24E5
:10B45000194E04FB00667468084604EBC10E14F82C
:10B4600031509EF803409EF8011004F1010C5FFA80
:10B470008CFC654598BF4FF0000C614519D007273B
:10B480000221DEF8045004EB840405F8347005EB67
:10B49000C4042362069B6270A17063628EF803C0CD
:10B4A000D6E908359847334600220421A847A078FA
:10B4B000F8BD0120F8BD00BFE01A0020F8B52C242B
:10B4C0001A4E04FB00667468084604EBC10E14F8BB
:10B4D00031509EF803409EF8011004F1010C5FFA10
:10B4E0008CFC654598BF4FF0000C61451BD00827C8
:10B4F0000221DEF8045004EB840405F8347005EBF7
:10B50000C4046360069B62702362079BA170636240
:10B510008EF803C0D6E90835984733460022042147
:10B52000A847A078F8BD0120F8BD00BFE01A0020B0
:10B53000F8B52C241D4E04FB00667468084604EB25
:10B54000C10E14F831509EF803409EF8011004F12A
:10B55000010C5FFA8CFC654598BF4FF0000C61450B
:10B5600022D04FF602770221DEF8045004EB840467
:10B5700025F8347005EBC404C4E90123069BA170CF
:10B58000E360099B23610A9B63610B9B23620C9B15
:10B5900063628EF803C0D6E9083598473346002227
:10B5A0000421A847A078F8BD0120F8BDE01A0020CA
:10B5B0002C2370B5064C03FB00440846D4E908353B
:10B5C00098472346AC46BDE87040002204216047FE
:10B5D000E01A00200AF030BF401A704700210148ED
:10B5E000704700BFBF410100022801D00120704711
:10B5F00038B5044608461D4602F0B6FE18B10023D1
:10B600002B70184638BD204638BD00BF002303709C
:10B610000B70704738B5054600200C4602F04AFD15
:10B6200010F0060F0ED13DB9074B44B120681860E9
:10B63000A2889A80002038BD044B002CF6D11C60F3
:10B640009C80F7E70C2038BD141B00200C1B002049
:10B65000012804D808B90348704703487047002000
:10B66000704700BF141B00200C1B0020012809D8C4
:10B6700030B9064B186808609A8818468A80704767
:10B68000034BF7E700231846704700BF141B002048
:10B690000C1B002010B5044609F0E2F850B909F07F
:10B6A000EBFD60B90AF01AF970B92046BDE8104008
:10B6B0000DF0E0BE00DE09F0DFFD0028F2D000DE74
:10B6C0000AF00CF90028F0D000DE2046BDE810405A
:10B6D0000DF0D0BE086001480DF0CCBEE82500207A
:10B6E0000DF0C8BE2DE9F84F0B7889460E2B88BFA8
:10B6F0002B4B834688BF93F8783092469A424DD0C0
:10B70000274D5C1C35F83320E4B20F2C08BF002411
:10B71000002601274FF01208028005EBC30319E051
:10B72000012838D0C3F804800E2C89F8004088BF67
:10B7300095F87840A24523D023B2013435F8331070
:10B74000E4B2BBF800200F2C08BF0024914205EBA7
:10B75000C30315D15868B0B1FF28E1D9027902F0CE
:10B760000302013A012A12D912225A6002F014FE91
:10B770000E2C89F8004088BF95F87840A245DBD1AF
:10B780003046BDE8F88F01365F60F6B2CCE701368F
:10B790000122F6B2E9E70136F6B2C5E70026EFE787
:10B7A000401B00202DE9F041324F3B88984253D98D
:10B7B00013F0FF0524D0DFF8C08098F8154001345D
:10B7C000E4B2052C08BF002498F81430A34219D025
:10B7D0002A48FEF765FC064690B12948FEF760FC52
:10B7E00000283BD0066098F8153048F823003B88C5
:10B7F000013D013B15F0FF0588F815403B80DED187
:10B80000BDE8F0813B88002BFAD00026DFF8748079
:10B8100098F80D400134E4B2032C08BF002498F8D6
:10B820000C30A342ECD01548FEF73AFC0546002840
:10B83000E6D01348FEF734FCB0B16E60056098F8AE
:10B840000D3048F823003B8888F80D40013B9BB23F
:10B850003B80002BDED1D3E70546ACE73046BDE8A0
:10B86000F0410649FEF730BC2846BDE8F0410349E7
:10B87000FEF72ABCE01B0020F8230020E41B002078
:10B88000301C0020C01B00202DE9F8434FF00008B9
:10B8900005262F4B2F4F181D05221421A7F81880BD
:10B8A000FEF7DAFB2C4B05220821181DFEF7D4FB0E
:10B8B00097F818907C7E0134E4B2062C08BF00246F
:10B8C000A14514D02448FEF7EBFB054678B120488B
:10B8D000FEF7E6FB002835D0C5F8048005607B7EC6
:10B8E00047F82300013E16F0FF067C76E3D11B4BA0
:10B8F0000722181D4FF48E71FEF7AEFB184B09227C
:10B90000181D0821FEF7A8FB1548FEF7C9FBA8B1D2
:10B91000144A111FFEF710FC1148FEF7C1FB78B165
:10B92000114A111FFEF708FC0622104BFF201A8057
:10B93000FFF738FFBDE8F84308F062BC00DEE7E738
:10B9400000DEEDE728460449FEF7BEFBCFE700BF67
:10B950003C240020A424002010240020301C0020BF
:10B96000E41B0020DC1B0020D41B0020E01B002077
:10B970002DE9F0417C4D7D4E86B004AA02A90DF15F
:10B98000070003F039FA0446D5E9000103AAFEF7DF
:10B99000EBFB074650B3039B002B6AD0187804AA30
:10B9A00002A903F041FA039B0446002840D0049A00
:10B9B000BDF808101F78ADF80A10059203F046FA9A
:10B9C0002146059ABDF80A0003F074FA204603F0F8
:10B9D00007FA384605AA0DF10A0103F025FA0446D4
:10B9E0000028EBD130680DF045FDC6E7002C3DD0B6
:10B9F000049B9DF807700593BDF80830ADF80A3038
:10BA000003F024FA2146059ABDF80A0003F052FA21
:10BA1000204603F0E5F9384605AA0DF10A0103F0C6
:10BA200003FA04460028EBD130680DF023FDA4E7AB
:10BA300005931B79013B2C2B1ED8DFE803F01F3246
:10BA4000741D1F1D1D1D1D1D1D1D1D1D1D1D1D1DCD
:10BA50001D1D1D1D6A1F1D1D1D1D1D1D1D1D1D1DC7
:10BA60001D1D1D1D1D1D1D1D1D1D1F0006B0BDE83A
:10BA7000F08100DE039B91E700DE7EE700223A4979
:10BA80006868FEF779FB3846394B059993F87930A9
:10BA9000384A0B70FEF75EFB344B18680DF0EAFC79
:10BAA0006BE7002230496868FEF766FBDDF814801A
:10BAB000D8F8084034B12378002B52D02378013BCA
:10BAC000DBB2237098F80C3013B1012B43D000DEA9
:10BAD0000023294A88F80C30537E117E0133DBB2F3
:10BAE000062B08BF0023994239D0C8F80070517E58
:10BAF00042F821805376002C3FF43FAF2378002B8F
:10BB00007FF43BAFA368002B3FF437AFE068984762
:10BB100033E7002214496868FEF72EFB3846059982
:10BB200002F07EFE29E7384605A902F093FE0E4991
:10BB300000226868FEF720FB059900293FF41DAF3D
:10BB40000B792E2B3FF419AF094B384693F8793017
:10BB5000084A0B709EE7404602F086FFB8E700DE19
:10BB6000C9E700DEAAE700BFD81B0020E4250020BB
:10BB7000401B0020D41B0020A424002010B5244B1F
:10BB8000244C86B018600AF031FC2378002B37D0A3
:10BB9000214B0C210593214B4FF0020C0493204BB9
:10BBA00020480393204B00900293042301911F4AE5
:10BBB0000370037280F810C080F818C01946002086
:10BBC000FFF740FB08BB01220021194812F098FA48
:10BBD00008F0E4FD08B106B010BDFFF755FE09F00E
:10BBE00049FB0028F7D102F099F90028F3D109F0B8
:10BBF00069FE0028EFD106B0BDE8104002F0B6BDE6
:10BC0000FEF7CAFA01232370C2E700DEDBE700BFBC
:10BC1000E4250020CB3E0020A57201000572010042
:10BC2000E5710100D8270020F8250020F827002022
:10BC3000E825002030B585B002F0EEF960BB02F0D7
:10BC40009BFD70BB0024194819491A4A1A4BA0F8E9
:10BC50007840A1F8204194829C81012221466846C7
:10BC600012F04EFA154B0320224621466D46C3F8CA
:10BC700008D0FEF7E9FAB0B94FF0FF324FF0FF33CA
:10BC800028460DF02BFCFFF7FFFD0021012005B039
:10BC9000BDE83040FFF7BEBC00DE02F06DFD0028BD
:10BCA000D0D000DECEE700DEE6E700BF401B00207C
:10BCB000C0240020F8230020C01B00202004002006
:10BCC00008B5FFF7B7FF08F09FFD00B108BDBDE85C
:10BCD0000840FFF7E9BA00BF2DE9F04380468946E6
:10BCE0002C4D2D4F83B00023C8F8003095F87940D3
:10BCF00001AAD7E90001FEF737FA0646002834D03A
:10BD0000019B48461A782549FFF7ECFC034690BB97
:10BD100095F878208DF8012095F879200DF1010132
:10BD20000DF102001C46FFF7DDFC44EA000212F0B0
:10BD3000FF020346F0D101990B79012B22D139463C
:10BD40007868FEF719FA30461549FEF7BDF9154A2D
:10BD50001388052B13D80198013313491380FEF77C
:10BD6000B3F90120FFF71EFDBDE7224648460B4907
:10BD7000FFF7B8FC0346184603B0BDE8F08300DEC9
:10BD80001388E8E713461846C8F8001003B0BDE86A
:10BD9000F08300BF401B0020D01B0020B81B0020F8
:10BDA000E41B0020E01B0020301C0020002300B515
:10BDB000184983B0486801AA0193FEF7DDF930B352
:10BDC0001549FEF781F9019A1379172B12D009D87A
:10BDD000052B0BD82922DA40D20707D533B103B09F
:10BDE0005DF804FB1D2BFAD92D2BF8D000DE03B033
:10BDF0005DF804FB002193681B6893F84C2059619F
:10BE000061F3000283F84C2003B05DF804FB00DE10
:10BE1000D6E700BFD01B0020E41B00202DE9F04135
:10BE2000046806460CB32927324D2046037924685E
:10BE3000052B13D9173BDAB2162A13D8162B11D8B3
:10BE4000DFE803F01A291E1E1E1E1E10101010100F
:10BE5000101010101010101010101E0027FA03F20E
:10BE6000D20733D400DE002CDFD100233360FF2063
:10BE7000BDE8F041FFF796BC037F022B2FD01BBB20
:10BE80002B88052B28D801331B492B80FEF71CF982
:10BE9000002CCAD1E9E7C0880028E4D102F058FAA2
:10BEA000804628B3D8F8A030F3B908F1940108F11E
:10BEB0009000FEF745F9C8B1C8F8A000404602F06E
:10BEC00039FA002CB1D1D0E700DE0379002BD7D1AD
:10BED00000DE2B88052BD6D900DE2B88D3E707F0B0
:10BEE00051FF002CA1D1C0E700DEDEE700DEE3E772
:10BEF00000DED7E7E01B0020301C00200148FEF7E1
:10BF0000CFB800BFE41B00200149FEF7DDB800BF39
:10BF1000E41B0020034B044A93F879300B70FEF7C2
:10BF200019B900BF401B0020D41B002008B5064BE8
:10BF3000064A93F879300B70FEF70CF9044B186839
:10BF4000BDE808400DF096BA401B0020D41B00202D
:10BF5000E42500200B490A7B4B7B9A420AD8A3EBCD
:10BF6000020C5FFA8CFC604509D89A4207D051F860
:10BF70002200704703339B1ADBB29842F7D90020A6
:10BF8000704700BFC01B0020074A117B537B8B42C8
:10BF900008D04B1CDBB2032B08BF002352F8210052
:10BFA0001373704700207047C01B002000B50D4A76
:10BFB00092F879C092F878E00CF10103DBB20F2B14
:10BFC00008BF00239E4509D022F83C0002EBCC0CB0
:10BFD000CCF8041082F879305DF804FB00DE002311
:10BFE0001B80FFDE401B0020022810B50C4602D04B
:10BFF0000B68022B07D04FF0FF324FF0FF3302489F
:10C000000DF06CFA206810BDE8250020014B18687F
:10C01000704700BF3C1B002004490A680AB1104663
:10C020007047024608601046704700BFBC1B0020E6
:10C03000044A136823B198420ABF0021002311600B
:10C0400018467047BC1B0020014B1868704700BFA2
:10C05000BC1B002070B5056884B02B78EBB104469A
:10C060006E4601220021684612F04AF80C4BC5E9E1
:10C0700002362B788BB100220A4B032011469C60BC
:10C08000FEF7E2F838B947F61222002330460DF0E9
:10C0900025FA04B070BD00DEF5E76FF07700F8E731
:10C0A000E1B6000010040020F0B5244E0C463368C1
:10C0B000174685B0002B36D0994215D1022503AB27
:10C0C00002460093032100201D4B0395FFF7BEF9A4
:10C0D000022805460CD0039B022B09D195B1336889
:10C0E0000BB19C4221D014B36FF02D0005B0F0BD10
:10C0F0004FF0FF324FF0FF3312480DF0EFF9039D80
:10C10000002DECD13846FFF7A5FF33680BB19C42F8
:10C1100010D0002CE8D10028E8D010F1780F08BF2B
:10C12000002005B0F0BD3160C8E7002333606FF038
:10C130007700DBE735600028D8D0EEE73C1B002015
:10C14000D5B60000E82500200B490A7D4B7D9A42B8
:10C150000AD8A3EB020C5FFA8CFC604509D89A421E
:10C1600007D051F82200704705339B1ADBB2984282
:10C17000F7D90020704700BFF8230020074A117D3F
:10C18000537D8B4208D04B1CDBB2052B08BF00232C
:10C1900052F821001375704700207047F8230020E3
:10C1A00038B50C46054602F021FE034623702146B1
:10C1B0002846BDE83840014AFDF7CCBFDC1B002013
:10C1C000012200201146014BFEF73EB8000400207A
:10C1D00070B50C46054602F009FE03462146237061
:10C1E0002846054AFDF7B6FFBDE870400122002051
:10C1F0001146024BFEF728B8DC1B0020000400208B
:10C200002DE9F0471A4E9DF8209096F821C196F836
:10C2100020510CF1010E5FFA8EFEBEF1090F08BF2E
:10C220004FF0000E75451ED0144606EB4C1C6546BB
:10C2300080460F469A4610685168E368926809F094
:10C2400001090FC59CF81C30CCE904A823F00303B6
:10C2500043EA0903CCF818708CF81C3086F821E109
:10C260006046BDE8F0874FF0000C6046BDE8F087FF
:10C27000C0240020054890F8203190F821219A42EE
:10C2800014BF00EB43100020704700BFC024002003
:10C2900010B402780B4C082A94F8213188BF94F826
:10C2A0002021014688BF0270934209D0531CDBB2A3
:10C2B000092B08BF002304EB42100B7010BC704721
:10C2C0000020FBE7C02400202DE9F04F3D4E87B051
:10C2D00096F8203196F8212102909A423ED04FF0F4
:10C2E00000080B24C346C246CDE9048806EB43137D
:10C2F000CDF80C801D7FD3F80090C5F34002DF68B5
:10C3000005F00105002C4DD0013CE4B24AB396F88B
:10C31000211196F82031994220D00133DBB2092B4C
:10C3200008BF0023994286F8203117D0590106EB47
:10C330004313002ADED1D86805BBBAF1000F33D011
:10C34000BBF1000F36D01A7F9707D3D150457258F2
:10C3500034D05845CED105998A42CBD107B0BDE83B
:10C36000F08F194902988B601146174B0192FDF727
:10C370006BFF019A0028CAD000DEC8E7039ABAB161
:10C38000B8F1000F08BFB8461A7F9507B2D4D2079C
:10C39000DCD5BBF1000FADD1039A8242DED08045DF
:10C3A000A8D1DBE700DEAFE7BA46CDF81090EBE7A7
:10C3B0000397E9E7BB46CDF81490E5E704998A4274
:10C3C000C7D1CBE7C0240020F0030020054B1A7E24
:10C3D000597E914204D053F8220010B10C307047BE
:10C3E00000207047A424002070B5134A117E537EAC
:10C3F0008B421FD04B1CDBB2062B08BF002352F828
:10C4000021401376A4B10223002526682371A06081
:10C41000256002F0EBFC03462146084A23703046B3
:10C42000FDF798FE012228461146054BFDF70CFF4B
:10C43000204670BD0024FBE7A4240020DC1B002064
:10C440000004002010B5002482B0049B93F80AC0B9
:10C450002CF0020C83F80AC0CDE9004408F03EFB42
:10C4600002B010BD012210B582B00192047F0346D4
:10C4700014400269D0E90501009408F02FFB08B9C7
:10C4800002B010BD7730FBD000DEF9E710B4CB6806
:10C4900004691A78042A02D0236810BC18475B7814
:10C4A000052BF9D1002010BC704700BF30B50B8AB6
:10C4B00083B0002B3CD0054601F10C000C460FF078
:10C4C0002DFB012816D0022808D0012103461B4A63
:10C4D0001B480FF002F96FF0150009E001A9204692
:10C4E00000F0F4FF019911B12846FFF7CFFFC8B162
:10C4F00003B030BD002301A92046019300F0F2FAF9
:10C50000014678B12846FFF7C1FF0028F0D1019D10
:10C5100045B1284601F074FC03466B710948019946
:10C5200011F0D5FD2046F7F763F8002003B030BDC9
:10C530000121054A02480FF0C7F8CCE7ECF80100EA
:10C5400028F30100AC280020D8F8010010B50469D8
:10C55000FFF7B6FB40B90548F6F7A8FC0448F6F724
:10C56000A5FC0020206010BD00DEF4E710100020C4
:10C57000901000202DE9F0414FF0000806460769B1
:10C5800082B04FF0FF324FF0FF3334480CF040FFE1
:10C590000028F6D043790190042B31D8002B46D0E7
:10C5A000022B4CD04FF0FF334FF0FF320220F7F751
:10C5B0009BF90446019B002C4BD01846214601F004
:10C5C0005DF8019B01A8C3F80080FFF727FC204617
:10C5D0000FF01FFA0546214600200FF040FA2B8A83
:10C5E0000446012B08D9294630463B6898470DF090
:10C5F0000BFC002CEBD1C4E72846F6F7F9FFF6E771
:10C60000052B14D14FF0FF334FF0FF320820F7F71E
:10C610006BF904460198214601F006F8019B01A838
:10C62000C3F80080FFF7FAFB002CD0D1A9E700DEA9
:10C63000019B01A8C3F80080FFF7F0FBA1E70023EE
:10C64000002201210020F7F767F90446019B002C26
:10C65000B3D101A81C60FFF7E1FB92E7AC280020F2
:10C66000F0B5054683B014E04FF0FF324FF0FF33D2
:10C6700000211320F7F750F922460446BDF80210B6
:10C6800001F0A6FB21462846FFF700FF40BB0DF056
:10C69000BBFB0DF1020101A8FFF71EFB04460028B9
:10C6A000E2D1019BA3B1FFF781FB019F384601F066
:10C6B000A7FB019E78717379032B02D13379182B74
:10C6C00010D03146174811F002FD019B002BE0D13C
:10C6D0004FF0FF324FF0FF3313480CF0FFFED8E766
:10C6E00000DED4E721464FF0FF324FF0FF33052044
:10C6F000F788F7F711F90446394606F11C0022467F
:10C7000000F06CFF384600F087FF3CB12146284618
:10C71000FFF7BCFE20B92046F6F76AFF019ED0E77E
:10C7200000DEF8E7AC280020BC280020F0B5054664
:10C730000E46076989B0254811F09BFC4FF0FF3287
:10C740000021234811F0DCFC2148FFF717FA0446CA
:10C75000002831D13E6001F069FB002600276FF010
:10C76000090C4FF4E072CDE90667CDE90144194B9D
:10C77000194904940095CDF80CC018480DF046F9FD
:10C780001749164811F0C7FD6FF0070C4FF460729F
:10C79000CDE90667CDE90144124B13490494009595
:10C7A000CDF80CC011480DF031F911490F4811F0C6
:10C7B000B2FD204609B0F0BD012103460D4A0E48E6
:10C7C0000EF08BFF204609B0F0BD00BFAC28002062
:10C7D000BC28002061C6000038570020101000203F
:10C7E00020F9010075C50000F858002090100020C5
:10C7F00030F9010000F9010028F3010008B50DF03F
:10C80000BDFA054811F03DFC034811F032FCBDE8CB
:10C8100008400DF0C7BA00BFAC2800202DE9F04752
:10C82000DFF8D0A0DAF80090B9F1000F33DB8046D2
:10C830000F46164646D000252F4C0622214630468C
:10C8400011F05FFF18B914F8013CBB4226D0013546
:10C85000A94504F10804F0D10121284CD6F800C004
:10C860002068274BC5006A1C43F802C0B6881A44EA
:10C87000B9F10F0F968001FA08F103F830702B44DC
:10C88000D971DBBF09F1010318460130CAF8003045
:10C89000102814D020600020BDE8F087184B03EB6F
:10C8A000C503DA7922FA08F1C90702D50120BDE8EB
:10C8B000F087012101FA08F10A43DA71EBE700235E
:10C8C0002360E8E701200D4C0D4B2568D2F800C02D
:10C8D000E9000A1843F802C0B6881A44968000FAA4
:10C8E00008F803F835700B44CAF8000083F8078095
:10C8F000D0E700BFD4280020D9280020D02800206D
:10C90000D82800202DE9F041194C6468A40004D512
:10C910009046184A1268120701D4BDE8F08103F16D
:10C920000C0405460E46204602210FF0B5F840F6ED
:10C930003E430121038020460FF0AEF804230B2173
:10C94000037020460FF0A8F80570A0F801803DB9EB
:10C950007268B368C0F80320C0F80730BDE8F08102
:10C960000027C0F80370C0F80770BDE8F08100BF71
:10C970009801002090010020F0B50138144687B0DE
:10C98000092806D8DFE800F009273D05054F0561B5
:10C9900082956FF0150007B0F0BD4F4B0D21188840
:10C9A0000FF0A0FA0D2120600C300FF075F84FF455
:10C9B0008064002304210122484D0370C0F8015017
:10C9C000A0F80540C171037242728372C37203738F
:10C9D000002007B0F0BD404B412118880FF082FACB
:10C9E000412120600C300FF057F8002104463E2210
:10C9F00000F8031B11F07DFE40F2A733A4F80130CC
:10CA0000E6E7354B092118880FF06CFA0921206000
:10CA10000C300FF041F80022034603F8012BC0F858
:10CA200001205A60D4E7C9680020FEF7F3FD2A4BC5
:10CA3000012118880FF056FA012105460C300FF03D
:10CA40002BF8002303702560C2E7254E01AD0FCE01
:10CA50000FC5214F3368122138882B700FF042FA2E
:10CA6000122120600C300FF017F800230446064610
:10CA700095F800C004F8013B01AD0FCDC6F80100E8
:10CA80006160A260E36084F810C0A1E7124B182136
:10CA900018880FF027FA182120600C300EF0FCFFE8
:10CAA00000230446012100F8023B09F023FC6070DA
:10CAB0008EE7094B212118880FF014FA21212060FC
:10CAC0000C300EF0E9FF00230146013001F8113B64
:10CAD00009F060FC7CE700BF1E3D0020020005005D
:10CAE00064F9010000232DE9F0418EB00993038A17
:10CAF000022B40F2BB8105460E460C3003210FF09D
:10CB000005F82A8A83789A42C0F0BA810288DF4FFA
:10CB1000C2F38523082B90B23A80C2F309040DD8E2
:10CB2000BBB1013B072B14D8DFE813F093011300CE
:10CB300074015A0113001300130019003F2B08D190
:10CB40002946204609AAFFF717FF163040F0B384A4
:10CB5000388801210EB0BDE8F0410FF0D5B9621E52
:10CB60009C2AF6D801A353F822F000BF2FD0000072
:10CB70000DD00000C5CF000053CB0000A5CF0000B2
:10CB800053CB000053CB000053CB000053CB00002D
:10CB900053CB000003D10000D1D00000A3D000008F
:10CBA0009BD0000053CB000053CB000053CB0000C0
:10CBB00053CB000079D0000071D0000049D00000B4
:10CBC0003BD0000079D300005BD3000041D30000CC
:10CBD00053CB000053CB000023D3000053CB000005
:10CBE00053CB000053CB000007D30000EDD2000070
:10CBF000C3D2000091D2000085D2000053CB0000C8
:10CC000053CB000053CB000053CB000053CB0000AC
:10CC100053CB000053CB000053CB000053CB00009C
:10CC200053CB00003DD20000B3D30000F7D1000089
:10CC3000A7D1000053CB000053CB000053CB000022
:10CC400053CB000053CB000053CB000053CB00006C
:10CC500053CB000053CB000053CB000053CB00005C
:10CC600053CB000053CB000053CB000053CB00004C
:10CC700053CB000053CB000053CB000053CB00003C
:10CC800053CB000053CB000053CB000053CB00002C
:10CC900053CB000087D1000053CB000053CB0000E2
:10CCA00053CB000053CB000053CB000053CB00000C
:10CCB00053CB000053CB000053CB000053CB0000FC
:10CCC00053CB000053CB000053CB000053CB0000EC
:10CCD00053CB000053CB000053CB000053CB0000DC
:10CCE00053CB000053CB000053CB000053CB0000CC
:10CCF00053CB000053CB000053CB000053CB0000BC
:10CD000053CB000053CB000053CB000053CB0000AB
:10CD100053CB000053CB000053CB000053CB00009B
:10CD200053CB000053CB000053CB000053CB00008B
:10CD300053CB000053CB000053CB000053CB00007B
:10CD400053CB000053CB000053CB000053CB00006B
:10CD500053CB000053CB000053CB000053CB00005B
:10CD600053CB000053CB000053CB000053CB00004B
:10CD700053CB000053CB000053CB000053CB00003B
:10CD800053CB000035D1000053CB000053CB000043
:10CD900053CB000053CB000053CB000053CB00001B
:10CDA00053CB000053CB000053CB000053CB00000B
:10CDB00053CB000053CB000053CB000053CB0000FB
:10CDC00053CB000053CB000053CB000053CB0000EB
:10CDD00053CB000053CB000053CB00001BD100000D
:10CDE000621E082A3FF6B5AE01A353F822F000BF39
:10CDF0002FCF0000E3CE0000BFCE000053CB0000D9
:10CE000053CB000053CB000053CB000053CB0000AA
:10CE1000A1CE0000632C00F00C8300F2F582032CFD
:10CE200000F099802D2C00F00783012C7FF491AE47
:10CE3000EA68174B1168526819605A6001210FF0B7
:10CE400051F8012104460C300EF026FE0023037039
:10CE500012E0062C00F0E4821D2C7FF47AAEEB6821
:10CE6000188801F077FB0146388873E60121094AEA
:10CE700009480EF029FC002420460EB0BDE8F081E0
:10CE80000121064A04480EF01FFCF4E71E3D002075
:10CE90009801002078F9010020F3010090F90100C9
:10CEA00007210FF01FF8072104460C300EF0F4FDA7
:10CEB0000146002001F8010BFEF7D8FBDCE7092151
:10CEC0000FF010F8092104460C300EF0E5FD0022A9
:10CED0000346602103F8012BC0F801205A6041711C
:10CEE000CAE741210EF0FEFF412104460C300EF04E
:10CEF000D3FD002105463F2200F8021B11F0F9FB8B
:10CF00004FF40A720423C0212020A5F80F208022AC
:10CF1000A971EB72C04985F83030EB75BF4B687072
:10CF2000C5F81A10C5F8213085F82720A4E7092193
:10CF30000EF0D8FF092104460C300EF0ADFD0023A1
:10CF40004FF450610D22B64D0180C0F8055083703A
:10CF5000C370027190E74FF0FF31B24A1F20116099
:10CF60000021B14A4FF0FF3441F6FF75C2E90001DC
:10CF700000200021AD4BC3E90045AD4BC3E90001E2
:10CF8000FEF758FE012138880EF0ACFF012104465F
:10CF90000C300EF081FD0023A64A03701360FFF7EA
:10CFA0002DFC69E70120E968FEF734FB0121054605
:10CFB00038880EF097FF012104460C300EF06CFD0E
:10CFC000057059E709210EF08DFF092104460C3048
:10CFD0000EF062FD0025034603F8015BC0F8015026
:10CFE0005D600646FEF7FAFA2B46C1F3072261F3AD
:10CFF000070362F30F23090C61F31743090A61F376
:10D000001F63C6F80100C6F8053035E704210EF0AD
:10D0100069FF042104460C300EF03EFD00236FF042
:10D0200004010A22037041708370C27024E7EA6829
:10D030007D4B116852681960FFE6EB68188801F0B3
:10D0400073FA0146388885E5EB6808211E880EF0E2
:10D0500049FF082104460C300EF01EFD0546B7B20C
:10D060003846E91C01F014FAA5F80160287003E7BE
:10D07000E86807F0AFF899E70022E9684B8808886C
:10D0800003920C890294CC880194898800911146FE
:10D0900001F0C4F9014638885CE5304606F0FEFD33
:10D0A00084E7EC68B4F813506188637922792088AA
:10D0B0000495B4F8115006340395B4F8095002955C
:10D0C000A5790094019506F027FC0146388841E5D2
:10D0D000EB681878002800F0DF815B78002B00F007
:10D0E000DB8100231A4654490B604E4B1A6000F056
:10D0F00065FF05460C2D4FF0010108BF002538885B
:10D1000057E7EC686379B4F80320B4F8011020788D
:10D11000A479009400F0D6FE48E7EC686188A37912
:10D12000A2882088B4F80740009403F07BFE0146F3
:10D1300038880FE5FA210EF0D5FEFA2104460C30AE
:10D140000EF0AAFC4FF480730546F82220F8023B4B
:10D15000002111F0CEFAFEF741FA0023AA7A61F31A
:10D16000070342F00202AA72C1F3072262F30F23FF
:10D17000090C61F31743090A61F31F63C5F8020044
:10D18000C5F8063078E603210EF0ACFE0321044614
:10D190000C300EF081FC00230146013001F8023B07
:10D1A000FEF734FA68E6EA689478D178E30744BF7A
:10D1B00041F00301D170A4071688B2F80550137925
:10D1C00040F16D8143F00303137143EA0102032A26
:10D1D00040F073814A0700F06B8115F0030218BF1D
:10D1E00005F1FF35304618BF05F0010201F03CFAA9
:10D1F00001463888AEE4EB681A78D10749BF0721A9
:10D20000587808465970920749BF07229978114605
:10D210009A7001F01DFAC9E6173CFC0930F001785C
:10D22000F105FFFFD4280020900100209801002084
:10D2300010110020CC280020D028002009210EF059
:10D2400051FE092104460C300EF026FC05460AABBF
:10D250000DF1220208A90DF11E0001F0C9F900220A
:10D26000BDF81E30A5F80130BDF82030A5F8033018
:10D27000BDF82230A5F80530BDF828302A70A5F891
:10D280000730F9E5EB685988188801F0A5F98DE6B3
:10D2900005210EF027FE052104460C300EF0FCFBA4
:10D2A00005460AA90DF1220001F08AF90022BDF815
:10D2B0002230A5F80130BDF828302A70A5F80330D7
:10D2C000DAE5EB681E889A885988B0B201F058F9FF
:10D2D0000546032138880EF005FE032104460C3074
:10D2E0000EF0DAFB0570A0F80160C5E5002302210D
:10D2F000EA6816889278CDE90233CDE90033B0B2FE
:10D3000001F08CF8E4E70022EC68022126886388AB
:10D3100003922589B0B20295E5880195A48800940E
:10D32000EEE709210EF0DEFD092104460C300EF077
:10D33000B3FB00236249634A0160426003729BE5CC
:10D34000E96801F10C0301F10A0231F8020B06F061
:10D35000DDFC01463888FFF7FDBB09210EF0C2FD58
:10D36000092104460C300EF097FB0023082100F839
:10D37000013B07F059FA7FE5E86800230AAA00F1AB
:10D3800010010AF037F8112138880EF0ABFD112199
:10D3900004460C300EF080FB00230646074606F8D4
:10D3A000013B0AAD0FCDC7F801007160B260F360B8
:10D3B00062E5EB6805211E880EF094FD0521044608
:10D3C0000C300EF069FB0546B7B22A1DE91C384641
:10D3D00001F01EF9EB782979002B93FAA3F391FA67
:10D3E000A1F2B3FA83F308BF4FF0FF330029B2FA7A
:10D3F00082F208BF4FF0FF32013301322870A5F8E6
:10D400000160EB702A7137E57B2C2DD07C2C7FF4EA
:10D41000A0ABEB681E885988B0B201F077F957E7E6
:10D42000EB689978188801F057F801463888FFF7BB
:10D4300091BBEA68244BFCE5EB6804211E8893F855
:10D4400002800EF04FFD042104460C300EF024FB48
:10D450000546B7B2022042463946EB1CFEF7C4F837
:10D46000A5F80160287007E5EB680AA91E88B0B22C
:10D4700001F020F90521054638880EF033FD05211D
:10D4800004460C300EF008FB0570A0F80160BDF8F2
:10D490002830A0F80330EFE44FF0FF3225E641EAF0
:10D4A0000302032A09D84C0702D05A077FF495AE2D
:10D4B0001221FFF74FBB099CDEE41121FFF74ABBA5
:10D4C0000070330F133F02001011002000232DE9DC
:10D4D000F0470B60038A032B2DD9054688460C3094
:10D4E00004210EF013FB2B8A4688B0F80090B3425B
:10D4F00032D3FB2E2AD800F049FF4FEA1937BA463B
:10D500000446002837D05FEA9A0A19D1E7B1012F03
:10D5100016D12379667167F301032371E9683246F6
:10D52000E01D11F0D9F82146C9F30B0000F03AFFD5
:10D53000C0B9BDE8F0870121214A22480EF0C4F8A5
:10D540006FF01500BDE8F0870227E2E701211E4ACF
:10D550001C480EF0B9F8F3E701211C4A19480EF0F7
:10D56000B3F8EDE701211A4A16480EF0ADF820464F
:10D5700000F012FFE4E70121164A12480EF0A4F869
:10D58000154B1B689B0117D54FF0FF324FF0FF334F
:10D590000220F6F7A9F90221C8F800000C300EF0BD
:10D5A0007BFA4FF48D730380D8F8000001210C3012
:10D5B0000EF072FA012303706FF06800B9E700BF44
:10D5C000B0F9010020F30100E4F90100C4F9010001
:10D5D00014FA010000FA010098010020F8B50D4B83
:10D5E0001B68DB0600D4F8BD02F10C0407460D46AB
:10D5F000204602210EF050FA40F205430421038038
:10D6000020460EF049FA0026A0F8015006703A783C
:10D61000C270F8BD98010020024A1368013B1360F4
:10D62000704700BFCC280020037F03F00303013BB9
:10D63000012B01D900DE704770B5044601F10C05DD
:10D6400028460421E6880EF027FA0346227F02F0DE
:10D650000302022A0CBF46F4005646F480560680A8
:10D66000627F28465A80617F0EF016FA627F04F1CD
:10D670001F01BDE8704011F02FB800BF2DE9F04F39
:10D6800089B090F804C00446BCF1030F0D4604AF06
:10D6900000F11C0621D0ACF1050CB0F80680BCF1FD
:10D6A000180F5CD8DFE81CF060005B005B005B00DB
:10D6B0005B005B005B005B005B005B005B005B0092
:10D6C0005B005B005B005B005B005B00CC00FD006F
:10D6D0000301310148015D017F01C37FB0F806807D
:10D6E000033B392B3BD8DFE813F07E023A003A00C7
:10D6F000A602BF023A002A023A003A003A0061024A
:10D700003A0031023A0059023A003A00CB01CB010B
:10D710003A003A003A003A003A003A003A003A0039
:10D720003A003A003A003A003A003A003A003A0029
:10D730003A003A003A003A003A003A003A003A0019
:10D740003A003A003A003A003A003A003A003A0009
:10D750003A003A003A003A003A003A00F30100DE9B
:10D760001437BD46BDE8F08FBF4A037E90F819C05C
:10D77000BE49526803C95B42B9811CF0010F4FEAF0
:10D780001141B860B9735EB202F0005240F0B88245
:10D79000002AE5D0B64B1B689907E1D5207F04F13C
:10D7A0001E09C0F380114A4600F00F00FFF736F85B
:10D7B0000028D5D1237F03F00F03012B00F0EE8268
:10D7C000627FA2F1060A5FFA8AFAD046931D0532FB
:10D7D0005FFA83FBD3B27B600C35022128460EF042
:10D7E0005BF93E220121027080F801B028460EF05C
:10D7F00053F902237968037028460EF04DF901238E
:10D800000370237F424603F00F033B441B7A04F16D
:10D8100024014370237FC3F380138370D4F81E3038
:10D82000C0F80330B9F8043080F809A0A0F8073038
:10D8300000F10A03184610F04FFF00F808608FE768
:10D84000F20700F1A982884B00265B689B0087D510
:10D85000874B1B68D80783D594F81C90B9F1000F4B
:10D8600000F00D820C35022128460EF015F941F228
:10D870003E330121038028460EF00EF901220346B3
:10D88000122128461A700EF007F9C0F80160C0F89E
:10D890000560C0F80960C0F80D60467480F800901B
:10D8A0005EE70A4630464146FFF798FE58E76E4B62
:10D8B0005B6899007FF554AF6D4B1B685A077FF585
:10D8C0004FAF0C35022128460EF0E6F840F63E2315
:10D8D0000121038028460EF0DFF8032203460921C8
:10D8E0001A7028460EF0D8F8F30700F16082237F03
:10D8F000A0F801800370E38BA0F80330238CA0F81C
:10D900000530638CA0F807302AE7574B00245B688A
:10D910001E047FF525AF0C35022128460EF0BCF819
:10D920004FF44C720346032128461A800EF0B4F8D7
:10D930000470A0F8018013E74E4B1B681C027FF5B2
:10D940000FAF0C35022128460EF0A6F840F2572200
:10D950000346022128461A800EF09EF8A0F80080A7
:10D96000FEE6414B5B6898007FF5FAAE404B1B68C2
:10D9700019037FF5F5AE0C35022128460EF08CF820
:10D9800040F23E430121038028460EF085F8142220
:10D99000034603211A7028460EF07EF8A0F8008096
:10D9A000237F8370DCE6304B5B689A0003D5304BF5
:10D9B0001B681B052AD4637FA07F93FAA3F190FA1A
:10D9C000A0F2002BB1FA81F108BF4FF0FF3100281F
:10D9D000B2FA82F208BF4FF0FF32267F6C468AB05F
:10D9E000481C04AB511C06251A4659622249C3E95A
:10D9F0000760C3F81880596142F8105F00234FF4A4
:10DA000042511E48F4F7F8FBA546A9E60C35022161
:10DA100028460EF041F840F23E630121038028467B
:10DA20000EF03AF80C22034605211A7028460EF033
:10DA300033F8237FA0F801800370627F92FAA2F38B
:10DA4000002AB3FA83F308BF4FF0FF330133C370EA
:10DA5000A27F92FAA2F3002AB3FA83F308BF4FF031
:10DA6000FF33013303717BE69801002054F4010079
:10DA7000900100201011002028FA010020F301007D
:10DA8000CD4B5B6898007FF56BAECC4B1B6859069D
:10DA90007FF566AE0C35022128460DF0FDFF40F6FD
:10DAA0003E330121038028460DF0F6FF072203468E
:10DAB0000A211A7028460DF0EFFFA0F80080A38C11
:10DAC0004380E38C8380238CC380638C038147E68F
:10DAD000B94B00265B689A007FF542AEB74B5B6896
:10DAE000DB027FF53DAE0C35022128460DF0D4FF58
:10DAF00040F63E230121038028460DF0CDFF35225C
:10DB00000346092128461A700DF0C6FF0546404617
:10DB10002E70A5F8018000F027FC002800F0458158
:10DB200090F83730DB095B00EB70238CAB8094F806
:10DB30002230AB71B4F82330A5F8073010E60B465D
:10DB4000424631460020FEF7DDFE09E69A4B5B684F
:10DB50009B0040F1CA80994B1B689E0640F1C5802E
:10DB60000C35022128460DF097FF40F63E33012187
:10DB7000038028460DF090FF062203460A211A7002
:10DB800028460DF089FFA0F80080238C4380638C29
:10DB90008380A38CC380E38C0381E1E590F820307F
:10DBA0000221874A87480DF098FDD9E5824B1B6812
:10DBB0001A067FF5D5AD0C350221284694F8204091
:10DBC0000DF06AFF4FF48162034604211A80284653
:10DBD0000DF062FF00239C4208BF1F24A0F80180C3
:10DBE0000470C370BCE5744B5B689E007FF5B8ADF4
:10DBF000724B1B68D8067FF5B3AD0C350221284661
:10DC00000DF04AFF40F63E530121038028460DF0F7
:10DC100043FF052203460C211A7028460DF03CFFF5
:10DC2000034623F8028B216A626AC0F802105A6028
:10DC3000238D438194E5604B00241B6819067FF512
:10DC40008FAD0C35022128460DF026FF4FF481627E
:10DC5000034604211A8028460DF01EFF012304709C
:10DC6000A0F80180C3707BE590F820300E2B00F007
:10DC70008C800221544A53480DF02FFD70E5534A21
:10DC80000C35136802210133284613600DF004FFA0
:10DC900041F23E330121038028460DF0FDFE0122B2
:10DCA000034612211A7028460DF0F6FE80F8009007
:10DCB000A0F80180637FC370A37F03F001030371A9
:10DCC000D4F81F30C0F80530B4F82330A0F809307C
:10DCD000E38CA0F80B30238DA0F80D30638DA0F8F5
:10DCE0000F3094F82C3043743AE500231A220221B5
:10DCF0004046CDE90233CDE9003300F08FFB2FE53C
:10DD0000002A3FF42DAD2D4B1B6858057FF528AD3B
:10DD1000207F00F00F03012B4BD104F11E08C0F34C
:10DD20008011424600F00F00FEF778FD00287FF4D6
:10DD300017AD0C35022128460DF0AEFE41F23E2310
:10DD40000121038028460DF0A7FE0B220346112176
:10DD50001A7028460DF0A0FE40F201130380237FC5
:10DD6000C3F380138370D4F81E30C0F80330638C83
:10DD7000A0F80730237FC3F3C0134372636AC0F86F
:10DD80000A30238D0674C381EAE40B464246002123
:10DD90001A20FEF7B7FDE3E400DE54E50B238046CE
:10DDA0004FF00C0B82467B6016E50223BCE600DEDA
:10DDB0009DE500DE207FB0E7980100209001002063
:10DDC00064FA010020F3010054FA0100CC2800207D
:10DDD00070B500F10C040E462046022115460DF0E8
:10DDE0005BFE40F21352034605211A8020460DF0D7
:10DDF00053FE0123A0F801600370A0F8035070BD2A
:10DE00000379032B08D0053BDBB2182B01D9002086
:10DE10007047054AD05C7047037F03F00303032B70
:10DE200014BF052004207047A8FC01004FF0FF320A
:10DE300030B44FF0FF3441F6FF750A4B00211A60F1
:10DE40000020094B0022C3E900451F240025074B91
:10DE5000C3E900010649074BC1E900451A6030BC1F
:10DE6000FEF7CCBCD428002098010020101100201F
:10DE700090010020CC28002070B5059E1546344640
:10DE800014F8101B9DF810C00131C9B2317099B15E
:10DE900000220A490B818B7AC1E900056CF300036B
:10DEA0008B72074BCC60996001201146FCF7CCF9CE
:10DEB00000B970BD00DE70BD00DEE9E7181100207A
:10DEC0003004002030B5144C844694F84CE09DF8A2
:10DED0000C501EF001001DD163F3420E40F271237D
:10DEE000A2FB0323A4F840104FEA4C1C94F838100E
:10DEF000ED0005F018050CF0200C4CEA050C21F0A3
:10DF00003801C4E911224CEA010C84F84CE084F891
:10DF100038C030BD0C2030BD2811002000207047D3
:10DF200040F2712C03FB0CF3844600B59DF804E02D
:10DF300049014FEACE0E0EF0180E01F0200141EA21
:10DF40000E019CF828E0ACF830202EF0380E41EAA3
:10DF50000E018CF82810CCF8343018465DF804FB1C
:10DF600038B50546023001F11002C0B2FEF79CF848
:10DF7000044600B938BD10F1780F01D10C2038BD2E
:10DF800040F29123094A0A490A480CF05EFF2246F2
:10DF9000294609480CF059FF002383F31188BFF389
:10DFA0006F8F0323184602DF0C20E8E788FA010090
:10DFB000C8FA0100E0FA010000FB010010B5154CA1
:10DFC00094F84C3003F0010278B17AB99B0706D57A
:10DFD0000120FDF73DFB0621FCF7A2F8B8B10D4882
:10DFE000F2F7D6FB10B9002010BD0AB90C2010BD05
:10DFF0006369002BFAD12146FFF7B2FF0028F5D163
:10E0000094F84C3060F3000384F84C30EBE71220B6
:10E0100010BD00BF2811002038B500240B4D34B9C5
:10E0200095F84C4014F0010401D0686908B1002053
:10E0300038BD2946FFF794FF0028EFD195F84C3002
:10E0400060F3000385F84C30E8E700BF281100209A
:10E05000034A044B801AA3FB0030C0F387107047BB
:10E0600028110020CDCCCCCC044A0068044B801A87
:10E07000A3FB0030C0F38710704700BF28110020B9
:10E08000CDCCCCCC30B9044890F84C3013F001031F
:10E0900000D070470020704728110020044B93F8EF
:10E0A0004C2002F0010210430CBF184600207047BC
:10E0B0002811002098B90B4A92F84C3013F0010057
:10E0C0000ED0506992F83820003818BF0120C2F3F2
:10E0D000401203F00103934043EA800070470020A0
:10E0E000704700BF281100200146002208B5054BEB
:10E0F000012099601146FCF7A7F800B908BD00DEC1
:10E1000008BD00BF40040020836801465A6892F8A9
:10E110002730DB0901D000DE7047083105F064BE0E
:10E120002DE9F0410546076882B04FF4D8722449C2
:10E130003846FBF7E1FF05F18006294607F0D0FBE2
:10E140003146D5F8840001AAFCF716F810B34FF653
:10E15000FF781C4C94F8792094F87810531CDBB2AB
:10E160000F2B08BF0023994225D0019904EBC20C64
:10E1700024F83280CCF804100A680260019A10601A
:10E180003146D5F8840001AA84F87930FBF7F4FF12
:10E190000028DFD1D7F8700107F5B87138B1002336
:10E1A000C7F87031FEF714F802B0BDE8F08100DE68
:10E1B000D7F87001F3E700DE00231B80FFDE00BF0D
:10E1C000781100202434002010B50C4630B92046C8
:10E1D000FDF72EFF844200D000DE10BD00DEF6E722
:10E1E00010B50C4630B92046FDF716FF844200D02A
:10E1F00000DE10BD00DEF6E710B50C4640B9074B57
:10E200000246012102209C60FCF71EF820B910BDD7
:10E21000FDF7FCFE8442FAD000DE10BD6004002051
:10E2200000B9704700B583B00191FDF70DFF01996A
:10E23000814202D103B05DF804FBFDF7E7FE0199CE
:10E240008142F7D000DEF5E710B5194B01224FF4FB
:10E25000D8711848FBF700FF00224FF4D871154819
:10E26000FBF746FF4FF6FF7C0446134BA4F824C08F
:10E27000181D0A224FF48271FBF7EEFE0F4B0E229F
:10E28000181D0821FBF7E8FE02F0A4FB4FF01B0C61
:10E290004FF4A47103230024094A0A48A2F800C0DD
:10E2A000094A046011800949094A0B70137010BDB6
:10E2B0008029002078110020F829002084290020DE
:10E2C000223D0020FC340020203D0020CD3E0020D7
:10E2D000CC3E002010B5037883B1104B00F1100143
:10E2E00099608268BAB900220D4C0C4BC0E902411A
:10E2F00001201146FBF7A8FF58B910BD03F0FF023B
:10E30000084B1030986011460120FBF79DFF002854
:10E31000F3D000DE10BD00DE9968E4E75004002071
:10E32000E9E00000400400200148FBF7B9BE00BF4F
:10E33000802900200149FBF7C7BE00BF80290020CB
:10E340004FF4D8720149FBF7D7BE00BF7811002007
:10E35000024620B94FF4D8710248FBF7C9BE00202D
:10E36000704700BF7811002060B9024608B54FF42D
:10E37000D8710548FBF7BCFE10B1838C03B908BD0A
:10E38000002008BD00207047781100200148FBF7ED
:10E3900087BE00BFF82900200149FBF795BE00BFEA
:10E3A000F829002080BB38B502460D4618484FF4C6
:10E3B000D871FBF79DFED0B1828CC2B9154C94F890
:10E3C00059C094F858100CF10103DBB20B2B08BFB5
:10E3D0000023994215D024F83C2004EBCC0CCCF857
:10E3E000045084F85930037823B9002038BD6FF009
:10E3F000150038BD084B012198600320FBF724FF6E
:10E40000F3E76FF0680038BD6FF01500704700BF8C
:10E4100078110020A0340020700400202DE9F0477E
:10E42000DDF82C90BDF82070BDF82480BDF8286080
:10E43000A0B98A4614464FF4D871024613481D46C7
:10E44000FBF756FE50B1838C43B9BAF1000F0FD0E1
:10E45000BAF1020F05D00120BDE8F0870220BDE827
:10E46000F0877CB1214602F077FD0020BDE8F087FF
:10E4700043463A462946CDF824900896BDE8F04731
:10E4800002F0E6BC02F058FDEFE700BF7811002073
:10E49000E8B938B502460C460E484FF4D871FBF780
:10E4A00027FE054650B1838C43B902F059FC38B1C0
:10E4B0000368236003792371002038BD022038BD32
:10E4C000D5F83230236095F836302371F4E7022016
:10E4D000704700BF7811002008B10220704710B5C6
:10E4E00002460C460E484FF4D871FBF701FEA0B16E
:10E4F000838C93B91A2C0AD8042C0CD9094BE3400D
:10E50000DB0708D52146BDE8104002F0F3BB292CFB
:10E51000F8D03B2CF6D0122010BD0C2010BD00BF4F
:10E52000781100202000380480B9024608B54FF465
:10E53000D8710748FBF7DCFD30B1838C23B9BDE807
:10E540000840012102F024BB022008BD02207047D0
:10E550007811002078B9024608B54FF4D871074801
:10E56000FBF7C6FD28B1838C1BB9BDE8084002F05B
:10E5700027BB022008BD0220704700BF7811002091
:10E58000C8B938B50C4615464FF4D87102460B4849
:10E59000FBF7AEFD58B1828C4AB9D0F848319B06E2
:10E5A00007D52A462146BDE8384002F0EBBB0220E1
:10E5B00038BD1A2038BD0220704700BF78110020F6
:10E5C000034A044B12881B8802800B80704700BFEF
:10E5D000223D0020203D00208446034A034B0020BA
:10E5E000A2F800C019807047223D0020203D002085
:10E5F00000B540F6480C4FF0FB0EA0F800E0A2F882
:10E6000000E0A1F800C0A3F800C05DF804FB00BF63
:10E61000C8B938B50D4614464FF4D87102460B48B8
:10E62000FBF766FD034660B1808C50B993F88C20EF
:10E63000C2F302022A7093F88D30C3F302032370F1
:10E6400038BD022038BD0220704700BF781100207D
:10E650008446034A034B002082F800C019707047BB
:10E66000CD3E0020CC3E002000BBF0B50E46154646
:10E6700083B002464FF4D8710D481C46FBF738FDB5
:10E6800070B1838C63B9D0F84831DB050BD5012715
:10E6900023462A463146009702F004FB03B0F0BD42
:10E6A000022003B0F0BD1A2003B0F0BD0220704775
:10E6B0007811002018BB10B502460C4611484FF4E3
:10E6C000D871FBF715FDC0B1838CB3B9C28CB0F81B
:10E6D0009431052A0CD84FF4FA7102FB033301FB85
:10E6E00003F3094A0020A2FB03235B0B238010BD28
:10E6F00040F2E24102FB03F3F1E7022010BD0220E9
:10E70000704700BF781100205917B7D148BB10B52A
:10E7100002460C4614484FF4D871FBF7E9FCF0B1FF
:10E72000838CE3B942F2107202FB04F1C38C01390D
:10E73000052B0AD84FF4FA7203FB02231944B1FBEC
:10E74000F3F1A0F89411002010BD40F2E24202FB68
:10E7500003F31944B1FBF3F1A0F89411F3E702209D
:10E7600010BD0220704700BF7811002008B5FFF7E8
:10E770006BFD002008BD00BF38B505F0E9FA0022A6
:10E780004FF4D8711948FBF7B3FC044660B3214637
:10E79000032004F11002FDF787FC054610B110F1CB
:10E7A000780F0CD10025124A124BC4F8A050A2F8E1
:10E7B0005850A3F87850FFF747FD284638BD40F27F
:10E7C0004D730D4A0D490E480CF03FFB2A460021BF
:10E7D0000C480CF03AFB002383F31188BFF36F8FD2
:10E7E0000323184602DFDDE700DED0E778110020C2
:10E7F000A03400202434002018FB0100C8FA0100D6
:10E80000E0FA010000FB0100014B1878704700BFDF
:10E81000CD3E0020014B1878704700BFCC3E002051
:10E820008A6808601368187828B19A6872B9084A2B
:10E83000C3E902217047526892F82730DB0901D002
:10E8400000DE70470846083105F0CEBA00DEEEE77C
:10E8500009E100000B68DA88002A37D170B50C4650
:10E8600006464FF4D8711B48FBF742FC0546F0B151
:10E87000838CE3B902F0ACFB2268137F03F003033F
:10E88000032B08D101231371314628462268BDE8C5
:10E89000704002F0B1BB73B195F86A319A0705D5A3
:10E8A0003D23012285F86C3123681A7170BD012265
:10E8B00023681A7170BD95F86A319B0703D53D2313
:10E8C00085F86C3122680123137170BD01221A7121
:10E8D000704700BF781100204FF6FF7C10B504464A
:10E8E000808C60450CD02046A4F82C31C4E9491234
:10E8F00002F0FEF894F86A3113F0010002D110BD65
:10E9000000DEF0E723F0010384F86A316FF08B003A
:10E9100010BD00BF70B51C4C064694F859201DE090
:10E920004FF4D8711948FBF7E3FB696808B3838C8F
:10E93000EC30F3B901F09CFE94F8581094F859208B
:10E940004B1C8A42DBB206F1FF3604D00B2B08BF0A
:10E95000002384F8583016F0FF0613D094F858308E
:10E9600093420FD034F8332004EBC305002AD7D0EC
:10E9700069680B794FF6FF7023F003030B71FDF705
:10E9800015FBD9E770BD00BFA0340020781100202E
:10E99000F0B5324A0B46146883B0A04208BF00218C
:10E9A000054608BF11601822808C012185F88C3142
:10E9B00085F87421A5F87601284602F0A3F805F140
:10E9C000EC06284602F0B2F8304601F039FE304637
:10E9D00001F06EFE044628B3037905F1940703F0B5
:10E9E0000303032B0CBF0346002303601C48FBF703
:10E9F00057FBA8B121463A46FBF7ACFB304601F085
:10EA000057FE044670B1037903F00303032B0CBFD8
:10EA10000346002303601248FBF742FB0028E9D1BC
:10EA200000DEE7E7AA8C0121033200200D4B0095A0
:10EA3000D2B2FCF70BFD10F0FD0F08D14FF6FF73BB
:10EA4000FF20AB8403B0BDE8F040FFF763BFFDF7E4
:10EA5000DDFA8542F2D000DEF0E700BFFC34002092
:10EA600084290020F9E100004FF6FF732DE9F04101
:10EA700084688AB0A28C9A4200F0BA80054620468B
:10EA800002F0A6FAAB7C012B00F0DA80022B00F03A
:10EA9000B28033B994F8A63003F01803182B00F0B5
:10EAA000128194F86C81B8F1000F40F0A880A68D17
:10EAB000EB890136E78DB6B2002B00F0A780A4F8F1
:10EAC00098812B7C03F00303012B00F0B480B4F891
:10EAD0009C31002B00F0BA80B34240F215819B1BA1
:10EAE0009BB2062BA4F89C318CBF0023012300228B
:10EAF0009846E28594F83A20314663F3820284F81E
:10EB00003A2020460DF1270201F0BCFF743000F0DE
:10EB1000F580B4F896312BB1B34240F2C4809B1B10
:10EB2000A4F89631B4F892312BB1B34240F2B480DC
:10EB30009B1BA4F8923194F8E930E58D03F00103B2
:10EB4000B8F1000F0AD1AF4200F0A2800135ADB29A
:10EB50003BB9002D4CD04346414634E00135ADB2BF
:10EB600083B394F8E93094F9372023F00103002AA5
:10EB700084F8E930C0F2848094F88C00C0F3C001BE
:10EB800000F0070005F02EFF94F88C2094F88D100B
:10EB900002F003030933C2F34002DB00D340E28BEF
:10EBA00002F23F12134401F003020932C1F34001A3
:10EBB000D200CA40134461681844814280F09980B1
:10EBC000431A60600021A28C246901935C4B0332DC
:10EBD00005930023029118460121CDE903580694BC
:10EBE000D2B20093FCF7E8FB10F0FD0F40F09080EC
:10EBF0000AB0BDE8F0813D23984684F86C31414667
:10EC000020460AB0BDE8F041FFF7C2BE2B7C03F0FE
:10EC10000303012B0FD0B4F89831002B3FF457AF0A
:10EC2000B34273D99B1BA4F89831B4F89C31002BE4
:10EC30007FF452AF02E00023A4F89C31002359E78F
:10EC40000023A4F89631A4F892312AE7E38C42F22B
:10EC50001071052B8BBF40F2E2424FF4FA725A4317
:10EC600003FB0222B4F89A3101FB0323013BB3FBFF
:10EC7000F2F39BB2A4F89C31002B7FF42DAFDDE7BB
:10EC800094F88D00012100F0070005F0ADFE7BE750
:10EC9000002BADD0454664E700232046A4F892310E
:10ECA00001F064FF47E7FDF76FF90146002836D011
:10ECB0000023A4F896311B23A28C0371C280006844
:10ECC000FDF734F92EE7218DB4F894218B1D9A427B
:10ECD000D2BF1346931F5B1AB4F89011C8BF9BB202
:10ECE000994220D0A4F89031A4F89231A4F896214A
:10ECF000D7E6091A60601CD0002364E720469DF81F
:10ED00002710FFF745FE73E7082179E73E2177E7F3
:10ED1000FDF77CF984423FF46BAF00DE68E7012326
:10ED2000A4F89631FEE6B4F8961100297FF4B9AE46
:10ED3000DAE70DB10B4646E7B8F1000FDCD157E733
:10ED400021E2000038B505460120FFF7E3FD05F19B
:10ED5000EC0001F0ADFCA8B1044603790A4803F0C9
:10ED60000303032B0CBF234600232360FBF798F912
:10ED700030B1214605F19402BDE83840FBF7EAB90D
:10ED800000DEF6E738BD00BF8429002021B3F8B5C6
:10ED90004D1EEDB200F1EC0700F1940613E023796B
:10EDA0000E4803F00303032B0CBF2346002323600C
:10EDB000FBF776F970B1013D32462146EDB2FBF723
:10EDC000C9F9FF2D05D0384601F072FC0446002831
:10EDD000E5D1F8BD00DEEEE7704700BF84290020D2
:10EDE0000149FBF771B900BF84290020014B93F85A
:10EDF000790070472434002000B50A4B93F878C09E
:10EE000093F879E0F4450BD080F800E033F83C004B
:10EE100003EBCC0308805B68136018685DF804FBA3
:10EE20000020FBE724340020074B93F878C084458A
:10EE300008D003EBCC0033F83C300B804368136000
:10EE4000186870470020704724340020094A92F85F
:10EE5000781092F879308B4209D04B1CDBB20F2B23
:10EE600008BF002352F8310082F878307047002044
:10EE7000704700BF2434002000B50D4A92F879C0D5
:10EE800092F878E00CF10103DBB20F2B08BF0023EE
:10EE90009E4509D022F83C0002EBCC0CCCF80410C3
:10EEA00082F879305DF804FB00DE00231B80FFDE72
:10EEB0002434002070B55379144605460E46002BC5
:10EEC00039D0237903F00302032A0CD04FF6FF72E6
:10EED000954204BF23F00303237121462846BDE871
:10EEE0007040FDF763B84FF6FF739D4206D133685B
:10EEF000A3421AD0002BF0D000DEEEE7EDB92A468F
:10EF00004FF4D8711148FBF7F3F8E0B1214602F055
:10EF100041F83368A342EDD100224FF4D8710B4879
:10EF2000FBF7E6F808B1838C03B100202146BDE869
:10EF3000704001F0A1BD00DEC3E700DE00202146E5
:10EF400002F028F8D3E700DEE0E700BF78110020E8
:10EF500090F87C20B0F84030C2F30212022A14BFAD
:10EF6000DB089B0890F8962014BF0A3B0B3B9BB232
:10EF7000D20648BF043B808F48BF9BB2984228BF4F
:10EF800018467047704700BF90F86A3143F002039B
:10EF900080F86A31704700BF90F86A3123F00203AD
:10EFA00080F86A31704700BFB0F86831B0F82C21A2
:10EFB000981880B2704700BF0278038E12B1581EB5
:10EFC00080B27047418DB0F82C215818104480B29F
:10EFD000704700BF2DE9F04F04468DB0CDE90A130C
:10EFE000B0F86851B0F82C3190F88C00BDF864A0EE
:10EFF000C0F3C00100F007001D44BDF85890BDF8F3
:10F000005C80BDF860B0D4F8247105F0EBFCE28CB4
:10F01000ADB2A5EB0A06052A8646B6B240F2D98003
:10F0200040F2E24312FB06F292B2B9F1050F40F250
:10F03000AE80962007214FF09616208484F8661043
:10F04000A4F86C00A4F8740084F86E10B4F85200B0
:10F0500084F87610B4F850104FF00B0C014465485A
:10F06000E661C4F86260A06620674E4640F2E24066
:10F0700001F2D511A4F878C0714403FB02F200FB41
:10F0800006F6BF1A013A3244B2FBF6F2608DB4F8CC
:10F0900068316160B4F82C11AAEB05050B441544E6
:10F0A000014494F83700ADB22B4492B20D44C0092C
:10F0B00006FB0277A4F86831658565D10B9D0135A3
:10F0C00031462046A4F82690A4F82880A4F89AB1E6
:10F0D00001F004FD484B218D3344B3FBF6F3881D4A
:10F0E0009AB29042A4F8942104D2C1F57F41FA313A
:10F0F0000A4492B20A9BA4F8902113B10023A4F809
:10F100009C310221012008F031F8002202218146C1
:10F110000120FBF765F84FF4D87238492046FAF71A
:10F12000EBFF374B00F103085FFA88F80093424683
:10F130003B46012100200194FCF7C0F910F0FD0FBF
:10F1400056D1009500204FF6FE75CDE902052D4DF4
:10F15000019607952C4D08940694059565683B46E5
:10F16000424601210495FCF70BF910F0FD0F3DD14B
:10F17000B9F1000F34D194F86A3143F0010384F8F7
:10F180006A310DB0BDE8F08F00DE002598E7072159
:10F1900084F8661084F86E1084F8761034214FF0ED
:10F1A0003416962021840B21E661293EA666266747
:10F1B000164EA4F86C00C4F8626009F10106A4F8C8
:10F1C0007400A4F878104FF4FA7040F21311B6B23C
:10F1D00053E7013212FB06F24FF4FA7392B224E7BE
:10F1E000012202211046FAF7FBFFC4E700DEBFE769
:10F1F00000DEA6E70B0096007FC3C901781100204E
:10F20000E1E10000C9E1000085380100340096000A
:10F210000B4610B504461A683230C4F832201B7908
:10F2200005210371FBF72EF994F8373060F30503DD
:10F2300084F8373010BD00BF40F6480CB0F85430A9
:10F24000A1F800C0634528BF6346B3F5A47F38BF6B
:10F250004FF4A4731380704730B5B0F84420C18FC9
:10F2600003468A4228BF0A4690F88D00B3F848103A
:10F2700000F00700B3F842C01B2A38BF1B22042845
:10F2800014BF4FF4A4704FF42960614528BF614654
:10F29000814238BF0146B3F85250B3F84E408D4218
:10F2A00043D0A242A3F8521001D0A3F84E2001206F
:10F2B00093F8E92042F0020283F8E920B3F84620EF
:10F2C000998F93F88CC08A4228BF0A460CF0070C2D
:10F2D000B3F84A10B3F840501B2A38BF1B22BCF1C8
:10F2E000040F14BF4FF4A47C4FF4296CA94228BF2B
:10F2F0002946614538BF6146B3F85040B3F84CE049
:10F300008C4216D07245A3F8501001D0A3F84C20BF
:10F3100093F8E92022F0020283F8E920012093F813
:10F32000E920024383F8E92030BDA242BDD100208C
:10F33000C4E77245EAD193F8E91041EA510202F0BC
:10F34000010221F003010A4383F8E9200028E5D1F6
:10F3500030BD00BF10B5B0F84420C18F03468A42CB
:10F3600028BF0A4690F88D00B3F8481000F0070057
:10F37000B3F842401B2A38BF1B22042814BF4FF4A5
:10F38000A4704FF42960A14228BF2146814238BFB2
:10F390000146B3F852E0B3F84EC08E450DD0944507
:10F3A000A3F8521001D0A3F84E2093F8E9200120D1
:10F3B00042F0020283F8E92010BD9445F3D1002009
:10F3C00010BD00BF10B5B0F84620818F03468A42B9
:10F3D00028BF0A4690F88C00B3F84A1000F00700E6
:10F3E000B3F840401B2A38BF1B22042814BF4FF437
:10F3F000A4704FF42960A14228BF2146814238BF42
:10F400000146B3F850E0B3F84CC08E4514D06245C5
:10F41000A3F8501001D0A3F84C204FF0010C604627
:10F4200093F8E910C1F3400242EA0C0221F0030113
:10F430000A4383F8E92010BD6245ECD193F8E91046
:10F44000002001F0010CEDE740F648039A4228BF86
:10F450001A46FB2928BFFB21B2F5A47F944638BF8A
:10F460004FF4A47CA0F85420A0F85610A0F8423025
:10F470008187A0F840C0704770B540F648042F4B14
:10F480002F4D1B88B5F800E0A34228BF2346BEF1EC
:10F49000FB0F28BF4FF0FB0EB3F5A47FA0F854304C
:10F4A00038BF4FF4A4730022A0F8403090F88D309C
:10F4B0004FF01B0C03F00703042BA0F856E0A0F854
:10F4C0003CE014BF4FF4A47E4FF4296EC264026581
:10F4D000A0F8582001F0030202F12803A0F84EC062
:10F4E000DB00C1F3400C02F5847190F8E92023FAA7
:10F4F0000CF3734542F0020280F8E9204FF0FB065E
:10F500009AB24FF01B1538BF7346C900044621FA62
:10F510000CF1A0F84820A0F84A20A0F85230C68785
:10F520004564A0F84210FFF74DFF012294F8E9303E
:10F5300084F85820134384F8E93070BD203D002042
:10F54000223D002030B5B0F85A200346B0F85C00E8
:10F55000342A38BF34224FF0000C342838BF34200E
:10F5600093F88C1062F30F0C01F0070593F85E40DE
:10F5700093F88D1060F31F4C01F0070EC3F882C0A2
:10F58000B3F86010A3F85C00A3F85A2004B951B393
:10F5900011F0080083F88640A3F8881025D0588C15
:10F5A0005A84801A18BF012011F0010F17D093F967
:10F5B00037C001F00201BCF1000F26DB14EA0E0F88
:10F5C00038D171B12C420CD0998B914275D09A836D
:10F5D000002283F85E20A3F86020012030BD890757
:10F5E0003DD40028F4D1002030BD11F0010CDED153
:10F5F0008907F8D593F93710002948DB2C42F2D05F
:10F60000998B9142E3D19A83EDE72C423AD09D8BBE
:10F610009A83954236D00029DAD014EA0E0FD7D05B
:10F62000D88B962A114638BF9621904225D1DA838D
:10F630001984CDE7B3F81EE0962A944638BF4FF000
:10F64000960C964530D0002062F30F006CF31F40FB
:10F65000C3F81E000029BBD02C42B9D0B7E793F9FC
:10F6600037100029AEDA14EA0E0FBAD0DC8B962AD6
:10F67000114638BF962194421AD042EA0142C3F89B
:10F680001E20A5E70029EED10028ACD0A0E714EA9F
:10F690000E0FA8D0D88B962A114638BF96219042DB
:10F6A000EBD1DA8319849EE7A3F820C0DA8388E7D8
:10F6B000DA831984002896D08AE79A83002892D0AA
:10F6C00086E700BF80F85E30A0F85A10C38B818BAC
:10F6D000BDF800C08B4238BF0B46934238BF13467B
:10F6E000A0F860C0A0F85C30704700BF70B503465A
:10F6F00007224FF0961496214FF0030E4FF00B0C9B
:10F700000E4D0F4EA3F888E0A3F878C0DC61598451
:10F71000C3F85A60C3F88240C3F8624083F8862079
:10F7200083F866209D66A3F86C1083F86E201D6731
:10F73000A3F8741083F87620002070BD0B009600AB
:10F740003400980008B50022D0E92401FAF70CFD36
:10F75000B0FA80F0400908BD10B400248A690B4655
:10F760008C61E2B103211171818C02F11C04D18002
:10F7700093F8201039B91B7A052B0CD0062B06D034
:10F7800000DE10BC7047204610BC02F0B5BC1A2346
:10F79000137110BC7047204610BC02F08FBC00DE15
:10F7A000E0E700BFF8B50D46044600F1A706334672
:10F7B00000223B3105F12B0007F01CFED4F8A770A6
:10F7C00000220026C4F8C8700027D4F8B330D4F85B
:10F7D000AF10C4F8D430D4F8C430D4F8AB00C4F8B7
:10F7E000E53094F8E030C4F8D01043F0010384F819
:10F7F000E03094F8BF30D4F8C01062F30003C4E9DD
:10F800003667C4F8CC00C4F8E1102046294684F8D5
:10F81000B72084F8B82084F8B92084F8BA2084F896
:10F82000BB2084F8BC2084F8BD2084F8BE2084F876
:10F83000BF3001F02BF80646B8B1301D02F03EFC97
:10F84000F37931466B73204601F036F8204602F01A
:10F8500099F940F206636B8194F8A63023F01803FF
:10F8600043F0180384F8A630F8BD00DEE5E700BFDA
:10F8700070B50C46897A054682B00A2900F23F81AC
:10F88000DFE801F00A1D2225799F4858676A0600C3
:10F89000002A66D002B070BD002AFBD1237A012174
:10F8A000062B28464AD001F00BF82146284600F0E6
:10F8B000E5FF002840F0C4800223A372EAE7002A93
:10F8C000E8D101212846EEE7002AE3D1EDE7012A3D
:10F8D00000F0A180042ADDD101212846009301F027
:10F8E00003F8009BDA780D2A00F0F780112A00F067
:10F8F000FE8000DE1F2384F82030284603F088FDB8
:10F9000021462846FFF728FF284602F0EFF900239A
:10F91000A372BFE7032ABDD100260121284600F0CB
:10F92000E3FF2846FFF738FB284684F8206003F001
:10F930006FFD3CE0002AADD10121284600F0C0FF58
:10F940002146284600F09AFF002845D10823A372DB
:10F95000A0E7002A9ED1F3E7062A9BD12846FFF7AD
:10F9600013FB2146284600F089FF002840F09180D3
:10F970000A23A3728EE7022A26D0042A8AD1012103
:10F980002846009300F0B0FF2846FFF705FB009BD8
:10F99000DA780D2A00F09980112A00F0A68000DEA6
:10F9A0001F23284684F8203003F032FD002621462C
:10F9B00028462673FFF7D0FE284602F097F9A67274
:10F9C00068E7002A7FF466AF2146284600F056FF1C
:10F9D000D0B90523A3725DE72146284600F056FF03
:10F9E0000646002800F08780301D02F071FBF37995
:10F9F00031466373284600F05FFF284602F0C2F8E4
:10FA000040F60933638145E72146284602B0BDE848
:10FA10007040FFF7C7BE2846CDE90023FFF7B4FAD0
:10FA200040F20451019B009A5E689868C4F84360F4
:10FA3000C4F84700DB68C5F8C4302273618129E748
:10FA40002146284600F022FF0646002851D02046D5
:10FA5000311D02F00FFBF37931466373284600F045
:10FA60002BFF284602F08EF840F203432846D6F8D2
:10FA70001620D6F81210C4F83F20C4F83B10D6F870
:10FA80001A20C5F8C020638102B0BDE8704003F0C1
:10FA9000BBBC2146284600F0F9FE064668B3301D7F
:10FAA00002F020FBF37931466373284600F004FF2F
:10FAB000284602F067F84FF60173638195F8A63087
:10FAC00023F0180385F8A630E4E61B79062B3FF4F3
:10FAD00068AF1A2B3FF465AF62E71B79062B3FF442
:10FAE0000AAF1A2B3FF407AF04E75B79EEE75B79C7
:10FAF000F4E700DEABE700DE76E700DECFE700DE0E
:10FB0000C8E600BF92F81FC002F11C03ACF104026A
:10FB10000D2A08D8DFE802F00E14170707070711AF
:10FB2000070B0707070B3D2380F86C317047042251
:10FB3000FFF79EBE0122FFF79BBE0622FFF798BE8D
:10FB40000222FFF795BE0322FFF792BE1346002262
:10FB5000FFF78EBEF0B50E4683B00DF1060201A987
:10FB60000446B0F85050B0F85270FFF765FB96F8B5
:10FB70002D2012BB96F82C30002B5BD1B4F85030FE
:10FB8000AB420ED3BDF806209A420AD3B4F85230E5
:10FB9000BB4206D3BDF804209A4202D3002003B032
:10FBA000F0BD012094F8E930A4F850500343A4F8C4
:10FBB000527084F8E93003B0F0BD94F937000028A2
:10FBC00002DB96F82C30EBB194F88C1094F84C5082
:10FBD00001F003032B440D33DB00C1F34001CB40A4
:10FBE0009BB2B3F5A47F38BF4FF4A473BDF80650A1
:10FBF0009D4228BF1D4612B3002803DA96F82C3028
:10FC0000002BBBD094F88D2094F84E1002F0030323
:10FC10000B440D33DB00C2F34002D3409BB2B3F57B
:10FC2000A47F38BF4FF4A473BDF804709F4228BF6F
:10FC30001F46A3E794F937000028C5DAE2E796F8F3
:10FC40002C30002B9AD0002898DADBE710B500237F
:10FC50000C468969A36131B394F82130DB071DD5C7
:10FC60000B792E2B1DD11D230B71838CCB8094F827
:10FC700028300B7790F88D30C3F302038B7790F820
:10FC80008C30C3F302034B770868FCF74FF994F804
:10FC9000213023F0010384F8213010BD01230B71C2
:10FCA000F2E700DEDFE700DED6E700BF38B591F807
:10FCB00021300C469B074D6A03D4BDB101232B7143
:10FCC00008E0A5B103232B71838C05F11C01EB80A7
:10FCD00002F0A2FB29462868FCF728F9002294F8D4
:10FCE0002130626223F0020384F8213038BD00DE47
:10FCF000E8E700BF91F8202030B5940742D402F025
:10FD0000070313F0010537D1A3F10403B3FA83F31A
:10FD10005B094FEA830E754691F8203065F30203C4
:10FD200081F82030C3F3C202DB062ED412F00104A6
:10FD300025D1A2F10402B2FA82F252094FEA820CF2
:10FD4000644691F8203064F3C50381F8203090F8C0
:10FD50008C3003F00703AB4208BF4FF0000E81F870
:10FD60002CE090F88D3003F00703A34208BF4FF05A
:10FD7000000C81F82DC030BD4FF0010ECCE74FF0E4
:10FD8000010CDEE70225AE46C6E70224A446D8E70A
:10FD9000F8B5CB690C460646002B67D0637B162B63
:10FDA0002FD196F93730002B2BDB0023E569E36177
:10FDB00065612F1D94F8203096F8A421C3F3C20387
:10FDC00063F3C50286F8A42194F8202096F8A431A4
:10FDD000394662F3020386F8A43194F8203096F88D
:10FDE0008C20C3F3801363F3C302204686F88C2073
:10FDF00002F0A8F90221304600F062FD0223A3724E
:10FE000015E000F04FFD10B90723A372F8BD00F014
:10FE100051FD606260B30022637BE569162B65616A
:10FE200005F10407E261C5D0182B09D000DE304689
:10FE3000294600F041FD3046BDE8F84001F0A2BE81
:10FE400021463046FFF756FFA38D43B963853946F7
:10FE5000204602F09BF94FF605736381E7E7FFF751
:10FE6000ABF8338D063303449BB2EFE700DE95E732
:10FE700000DED0E738B505460C4601F07BFE10B138
:10FE80000423A37238BD2146284600F0F7FC002861
:10FE9000F6D005F1EC0000F009FC0028F0D128466E
:10FEA000FFF750FC0028EBD0182321466373284647
:10FEB00000F0ECFC0346E36121462846BDE83840EB
:10FEC000FFF766BF38B505460C4601F053FE10B18A
:10FED0000123A37238BD284603F084FA0028F7D125
:10FEE0002146284600F0CAFC0028F1D0284603F03D
:10FEF00077FA0728ECD02846012103F06BFA284650
:10FF00000D2103F06BFA162321466373284600F097
:10FF1000BDFC0346E36121462846BDE83840FFF7B3
:10FF200037BF00BF90F88C3010B403F00702042AEA
:10FF30000CBF0222C3F3020290F88D3018BF02F109
:10FF4000FF3203F0070118BFD2B200EBC20204294E
:10FF500018BFC3F30203B2F8681016BF03F1FF33F2
:10FF60000223DBB201F00204C9071DD590F9371056
:10FF7000002914DB002C39D0B2F862200C33A0F831
:10FF80008220828300EBC3021289D10719D4910722
:10FF900003D590F93720002A13DB10BC7047B2F864
:10FFA0006210A0F8821081839CB190F9371000296B
:10FFB000E2DA0C3300EBC3021289D107E7D59207CE
:10FFC000EBD500EBC3035B8810BCA0F88230C38381
:10FFD00070470C3300EBC3021289D407D7D590F9D0
:10FFE00037100029EDDA9207EBD4D6E70C3300EB9B
:10FFF000C3021289D407E4D4C9E700BFF0B50C46A8
:020000021000EC
:10000000897A054683B0092900F2DD80DFE801F036
:1000100005051E295059DB79820A002A00F0CC80A0
:1000200003B0F0BD042AFBD121462846FFF70EFE9F
:1000300021462846FFF73AFE284601F057FE0021E8
:10004000284603F0CBF90023A372E9E7032AE7D19E
:1000500095F83730DB0940F0B68041F203736381D5
:10006000DEE7012A00F0B280062AD9D10021284615
:1000700003F0B0F9D5F84831204623F48073C5F871
:10008000483100F03DFC1A2294F8213084F82820F1
:1000900043F0010384F8213095F88C20092613469B
:1000A00062F3061385F88C3002212846A67223E0FD
:1000B000002AB5D12146284603B0BDE8F040FFF73D
:1000C000D9BE032AACD195F93730002BC0F2E380BA
:1000D000A68D002E00F0B28094F82C302BB195F84C
:1000E0008C2063F3061285F88C20284601F054FD1D
:1000F000082302212846A37203B0BDE8F04000F0B7
:10010000F3BB002A8CD12146284603B0BDE8F0405D
:10011000FFF73EBE002A83D12846FEF745FF638DD8
:10012000C01A03043FF57CAF95F93730002BC0F2BD
:10013000A78094F82D2095F88D0012F0030294F812
:100140002C3095F88C1000F007061CBF62F30200FB
:1001500085F88D0013F0030301F0070140F086805D
:1001600095F88D3003F007039E4200F08980214608
:100170002846FFF7EFFC024694F82130284662F348
:10018000410384F82130FFF7CDFE002103F022F96E
:100190000022012384F8282094F82120092163F308
:1001A000000284F8212095F88C20134662F3061390
:1001B00085F88C30A17233E72146284603B0BDE8AC
:1001C000F040FFF77FBE00DE03B0F0BD02212846FD
:1001D000019303F0FFF8019B94F820201946204674
:1001E00002F00707C2F3C20601F0E4FF022128462D
:1001F00000F066FB94F820301946C3F3C20306EA08
:10020000030262F3C5010B460F4067F3020384F853
:10021000203095F93730002B0CDB94F8203013F0A8
:10022000380F01D05A0705D194F8203023F03F034E
:1002300084F82030204600F063FB3BE73146284637
:1002400003F0C8F894F8202094F82110D20962F342
:10025000000184F8286084F8211095F88C10092397
:100260000A4661F3061285F88C2042E795F88C2047
:10027000994263F3020285F88C207FF478AF6FE730
:100280000021284603F0A6F8002294F8203084F8D4
:100290002820DB0980E700DE1AE700BF70B5CB69D4
:1002A0000C460546D3B100F0FDFA10B90723A3723E
:1002B00070BD00F0FFFA606208B30022637BE6695C
:1002C000182B6661E2610BD000DE2846314600F053
:1002D000F3FA2846BDE8704003F09EB800DEE2E77E
:1002E00021462846FFF706FDA38D53B963852046B6
:1002F000311D01F04BFF4FF605736381E5E700DE2A
:10030000DBE7FEF759FE2B8D063303449BB2EDE786
:1003100038B505460C4603F06FF810B10423A372FC
:1003200038BD2146284600F0A9FA0028F6D0284614
:1003300003F056F80728F1D005F1EC0000F0B6F90B
:100340000028EBD12846FFF7FDF90028E6D0284623
:100350000D2103F043F8182321466373284600F06B
:1003600095FA0346E36121462846BDE83840FFF789
:1003700095BF00BF70B50C46897A06461546092917
:1003800006D8DFE801F0070C0505464D056970B990
:1003900000DE70BD002DFCD10123A37270BD194693
:1003A000204601F0E5FE94F8202096F8A431C2F32F
:1003B000C200C3F3C2010140C2F30200034043EA9A
:1003C000C10322F03F02134384F8203096F93730FE
:1003D000002B0BDB94F8203013F0380F40F0A08096
:1003E00094F8203023F03F0384F820300221304677
:1003F00000F066FA012DCCD196F83730DB09C7D171
:10040000204600F07DFA21463046BDE87040FFF7F7
:100410007FBF002DBDD12146BDE87040FFF778BFFA
:10042000022DB6D190F93730002BC0F29180A38D08
:10043000002B00F0828094F82C302BB196F88C20A1
:1004400063F3061286F88C200823A3723046BDE8B9
:100450007040022100F048BA002D9AD12146BDE833
:100460007040FFF71BBF002D93D1FEF79DFD638DFC
:10047000C01A03048DD484F8285096F93730002B25
:1004800064DB94F82D2096F88D0012F0030294F8A6
:100490002C3096F88C1000F007051CBF62F30200A8
:1004A00086F88D0013F0030301F007013CD196F8A4
:1004B0008D3003F007039D4248D021463046FFF7B8
:1004C00049FB024694F82130304662F3410384F838
:1004D0002130FFF727FD012294F82130092162F332
:1004E000000384F8213096F88C20134662F306133B
:1004F00086F88C30A17270BD042D7FF44AAF21467E
:10050000FFF7A4FB21463046FFF7D0FB304603F04F
:10051000EBF80021304602F061FF0023A37270BDAA
:100520005A077FF463AF5BE796F88C20994263F338
:10053000020286F88C20C0D1B9E796F88C10092306
:100540000A4661F3061286F88C207EE70022C3E794
:1005500000DE6CE710B592F81FE002F11C03BEF15B
:10056000110F13D0BEF1170F0BD0BEF1070F12D031
:10057000242380F86C310C4601F0B8FB0023A372F1
:1005800010BD0122BDE81040FFF738BD0522BDE8CF
:100590001040FFF733BD0622BDE81040FFF72EBD27
:1005A00013460022FFF72ABD13460322FFF726BD9C
:1005B00038B58B7A082B03D8062B00D100DE38BD66
:1005C000092BFBD105460C46FFF740FB2146284688
:1005D000FFF76CFB284601F089FB0021284602F05A
:1005E000FDFE0023A37238BD92F81FC01346BCF174
:1005F000160F09D0242310B580F86C310C4603F097
:1006000073F80023A37210BD01221C33FFF7B2BEA2
:1006100013460022FFF7AEBE13460222FFF7AABE22
:1006200000230422FFF7A6BE0023C0E90133C0E97E
:1006300003330370704700BF0378013303707047C2
:1006400003785BB9C3687BB102691AB1816861B193
:100650000B6082600023C0E903337047013BDBB2CB
:100660000370002BEED0704770474360F1E700BF86
:1006700003783BB100230C300B60436843B1196031
:1006800041607047002304300B604368002BF6D1B3
:10069000C0E90011704700BF00230B60836813B1ED
:1006A000196081607047C0E9011170474068704768
:1006B0000346406828B19968026888425A6008BFBA
:1006C0009A6070474078A0F10200B0FA80F04009CB
:1006D000704700BF4078A0F10D00B0FA80F04009EB
:1006E000704700BF4078A0F10100B0FA80F04009E7
:1006F000704700BF4078A0F10900B0FA80F04009CF
:10070000704700BF4078A0F10600B0FA80F04009C1
:10071000704700BF4078A0F11800B0FA80F040099F
:10072000704700BF4078A0F10300B0FA80F04009A4
:10073000704700BF4078A0F10800B0FA80F040098F
:10074000704700BF4078A0F10500B0FA80F0400982
:10075000704700BFF8B5064608460D46F9F7A0FCFD
:10076000044680B10027456006722C223946C4E950
:10077000057720300DF0BDFF4FF47F43FF22A773B4
:1007800063816272A3812046F8BD00BF4078A0F16A
:100790000200B0FA80F04009704700BF4078A0F135
:1007A0000200B0FA80F04009704700BF4078A0F125
:1007B0000200B0FA80F04009704700BF4078A0F115
:1007C0000100B0FA80F04009704700BF4078A0F106
:1007D0000100B0FA80F04009704700BF4078A0F1F6
:1007E0000100B0FA80F04009704700BF4078A0F1E6
:1007F0000900B0FA80F04009704700BF4078A0F1CE
:100800000900B0FA80F04009704700BF4078A0F1BD
:100810000900B0FA80F04009704700BF4078A0F1AD
:100820000600B0FA80F04009704700BF4078A0F1A0
:100830001800B0FA80F04009704700BF4078A0F17E
:100840000300B0FA80F04009704700BF4078A0F183
:100850000300B0FA80F04009704700BF4078A0F173
:100860000300B0FA80F04009704700BF416809B149
:10087000F9F72ABC00DE4168F9F726BC024B18687C
:10088000003818BF012070479004002010B50448BC
:10089000F9F706FC04460430FEF774FB204610BD51
:1008A0009004002008B50120FBF754FB003818BF66
:1008B000012008BDFBF768BBEC30FFF7EDBE00BFC1
:1008C00038B590F85E3105460C461BB11C4385F8DF
:1008D0005E4138BDEC30FFF7AFFE95F85E311C434A
:1008E00085F85E4138BD00BF90F85E3123EA010112
:1008F00080F85E1101B17047EC30FFF7A1BE00BF78
:10090000836943B11A792E2A04D02E221A71836981
:1009100002691A60704700DE8369F3E783694BB1AF
:100920001A792E2A00D0704701221A71816908684D
:10093000FBF7FCBA00DE8369F2E700BF8B6913B1F5
:100940001A792E2A0BD00B7A072B16D0CB692BB134
:10095000D0F864211A60CB69C0F864317047012275
:100960001B68D0F860C1C3F804C08B691A718B6929
:10097000C0F860310B7A072BE8D14B6A002BE5D029
:1009800001221B68D0F860C1C3F804C04B6A1A7119
:100990004B6AC0F86031D9E770B505460C48F9F7E5
:1009A0007FFB044688B10026094B057243602C2268
:1009B0003146C4E9056620300DF09BFE4FF47F43BD
:1009C000FF22A67363816272A381204670BD00BFBF
:1009D0008004002010B50A4B062258685021F9F710
:1009E0003BFB084B012258685021F9F735FBBDE865
:1009F0001040054B04222C215868F9F72DBB00BF8D
:100A000088040020800400209004002038B50446AB
:100A1000002501F03FF92046C4E9405584F80C5107
:100A200002F044FEC4F83051C4E9445584F81E5124
:100A3000A4F81C51A4F82051C4F83351A4F8505123
:100A4000C4F83851C4F83C51C4F84051C4F844517A
:100A5000C4F84851C4F84C51FAF7C0FD94F8A630D8
:100A6000C4E95201C4E9585523F0180384F8A630AC
:100A700084F85E51258638BD08460149F9F724BB44
:100A80009004002010B5B0F80A41034682B024B1AA
:100A9000A1420FD2641AA0F80A41B3F81A0120B19A
:100AA000814210D2401AA3F81A010023184613708D
:100AB00002B010BD019201F001F8019A034658B14D
:100AC000197A0A2903D022236FF07300EFE76FF041
:100AD000730093F82030EAE700DEF1E7034B0B44A4
:100AE000B3FBF1F3A0F82031704700BFFF59620259
:100AF00010B5044602F0E2FD2046BDE8104001F0CA
:100B0000D1B800BF10B5044649B1012900D010BDCD
:100B100002F01EFE2046BDE8104001F019B902F0B7
:100B200003FE2046BDE8104001F004B938B5D0F806
:100B30006041054634B1206821464468FBF7EAF974
:100B4000002CF8D10023D5F86441C5F8603134B1E8
:100B5000204624680449F9F7B7FA002CF8D100239D
:100B6000C5F8643138BD00BF9004002010B50749B6
:100B700004460120FFF7EEFD28B10146204600F0B3
:100B80006DFF002010BD0C2010BD00BF88040020A8
:100B900038B504460D4602200849FFF7DBFD58B181
:100BA000014690F82030204665F3000381F820309C
:100BB00000F054FF002038BD0C2038BD8804002010
:100BC00010B5074904460420FFF7C4FD28B10146CB
:100BD000204600F043FF002010BD0C2010BD00BFD8
:100BE00088040020F8B51C4690F93730002B25DB2F
:100BF00005460F46052012491646FFF7ABFD014694
:100C0000E0B13A687B68C1F82120C1F8253033781B
:100C1000284681F82930737881F82A30266865687B
:100C2000A268E368C1F82B60C1F82F50C1F83320E7
:100C3000C1F8373000F012FF0020F8BD0C20F8BDDD
:100C400088040020F8B51C4690F93730002B25DBCE
:100C500005460F46062012491646FFF77BFD014662
:100C6000E0B13A687B68C1F82120C1F825303378BB
:100C7000284681F82930737881F82A30266865681B
:100C8000A268E368C1F82B60C1F82F50C1F8332087
:100C9000C1F8373000F0E2FE0020F8BD0C20F8BDAE
:100CA000880400202DE9F0410546884607201049B8
:100CB00017461C469DF81860FFF74CFDA8B1014689
:100CC000E30008F0070803F03803BF0143EA080314
:100CD00007F040073B4343EAC613284681F820301B
:100CE00000F0BCFE0020BDE8F0810C20BDE8F081E2
:100CF0008804002038B504460D4601F06DF8204602
:100D000002F0AEFD0A200749FFF724FD38B1014685
:100D1000204681F8205000F0A1FE002038BD0C20B4
:100D200038BD00BF8804002038B590F93730002B5B
:100D300012DB04460D460B200849FFF70BFD014668
:100D400050B12B68C0F822302B79204681F826302C
:100D500000F084FE002038BD0C2038BD880400203F
:100D600008B590F93730002B08DB00F0A7FE20B162
:100D7000037A0B2B14BF0020223008BD02F038FB91
:100D8000F5E700BFF8B5D0F848319B0601D4002044
:100D9000F8BD04460D460C2008491646FFF7DAFC5C
:100DA000074648B1294620463246FEF74DFB3946F4
:100DB000204600F053FEEAE70C20F8BD880400202E
:100DC0002DE9F043914283B0BDF8289021D81F4609
:100DD00042F210739A4214461BD80D46064610493B
:100DE0001220FFF7B7FC8046B8B13B4622462946A1
:100DF0003046CDF80090FEF765FCF38B3046AB42F1
:100E0000414688BFF58300F029FE002003B0BDE80D
:100E1000F083122003B0BDE8F0830C20F6E700BF9A
:100E2000880400202DE9F0410C4615461E46BDF809
:100E30001870FDF799FA38B133462A4621460697CD
:100E4000BDE8F041FFF7BCBF0220BDE8F08100BF64
:100E50002DE9F0410446D0F848011D4683070F46AE
:100E60009046BDF8186016D494F93730002B1DDB7E
:100E700023490820FFF76EFC0146002934D00B7A85
:100E8000082B0ED0092B14D000DE204600F0E6FD22
:100E90000020BDE8F0811A490920FFF75BFC0146FC
:100EA000EBE7A1F828804D858E85EEE71A20BDE896
:100EB000F081079BCF84A1F828804D858E85ABB14A
:100EC0001B880B87079B5B884B87079B9B888B87BF
:100ED000079BDB88CB87079B1B89A1F84030079BCA
:100EE0005B89A1F84230D0E70C20D2E74FF0FF3207
:100EF00004484FF6FF73C1E90E02A1F84020F0E765
:100F0000880400200000FFFF08B502F071FA28B144
:100F1000007AA0F10C00B0FA80F0400908BD00BFD3
:100F200008B502F065FA28B1007AA0F11200B0FA13
:100F300080F0400908BD00BF10B5044602F058FA21
:100F400010B1037A092B00D010BD01462046BDE840
:100F5000104002F013B900BF38B505460C4602F048
:100F600047FA18B1027A0146092A00D038BD81F843
:100F700020402846BDE8384002F004B908B502F028
:100F800037FA28B1007AA0F10900B0FA80F04009E0
:100F900008BD00BF38B505460C4600F08FFD10B106
:100FA0004369A3420ED0284602F022FA10B14369E9
:100FB000A34200D038BD224601462846BDE838404D
:100FC00002F03CBB01462246284600F02DFEEAE72F
:100FD00010B5044600F072FD18B10146204600F03D
:100FE00047FE204602F004FA014620B12046BDE843
:100FF000104002F049BB10BD2DE9F041537F14466B
:1010000006460D46002B3AD0D37F3C2B24D93046E0
:1010100000F054FD0746304602F0EAF90146002F81
:1010200068D0FA7AE37F002843D09342C07A52D046
:101030003A7B002A4FD1072B65D0112B74D00D2B92
:1010400040F086800D2802D00B7B002B3BD01F2365
:1010500086F86C31BDE8F081474A52F8232022B16E
:1010600004F11C00904760B1E37F022BCFD1012334
:10107000224629463046BDE8F04102F085BBFF23F9
:10108000D377304600F01AFD30B1E27FC37A9A423E
:10109000E0D0037B002BDDD1304602F0A9F9002817
:1010A00040D0E27FC37A9A42D4D0037B002BD1D1C7
:1010B000DEE7934207D03A7B2AB9072B3CD0112BAD
:1010C0003AD00D2BD3D123462A4639463046BDE8C7
:1010D000F04100F065BD8342B9D00A7B002AB6D149
:1010E000072B2FD0112BEED14B7B94F820209A4266
:1010F000E9D1ACE70028BAD023462A463046BDE8FD
:10110000F04102F031BA94F820307A7B9A4225D02F
:101110000728F1D00A7B002AEED14A7B9A42EBD015
:10112000242395E70346A3E794F820307A7B9A427C
:101130001FD01128EED1DFE77A7B94F820309A4255
:1011400095D1C0E74A7B94F820309A42BBD17EE724
:101150008342D1D00B7B002BCED1E1E707283FF4AF
:1011600076AF0B7B002B7FF472AF4B7B9342AAD1FF
:101170006DE71128F5D16AE7C4FC0100F8B5002736
:101180008D690C4606468F61002D37D00127032359
:101190002B71B38C05F11C01EB80237A023B102BE1
:1011A0000DD8DFE803F01A0C090C0C0C0C0C0C0C1D
:1011B000230C0C0C0C0C0F00637A0C2B26D000DED9
:1011C0002FB1F8BD304601F0BDF9002FF9D1294605
:1011D0002868BDE8F840FAF7A9BE637A072B09D062
:1011E000092BECD1304600F087FEE9E7304601F0EC
:1011F00013F9E5E7204600F033FEE1E7FFF75AFB7D
:1012000005460028C3D100DE0071FFDE304600F045
:101210000BFFD5E738B500258C690B468D617CB393
:1012200021792E292AD13AB9012323712146206838
:10123000BDE83840FAF77ABE03222271828C04F1AD
:101240001C01E2801B7A0C2B10D0122B06D000DE82
:1012500021462068BDE83840FAF768BE01F072F90F
:1012600021462068BDE83840FAF760BE01F0D4F8A6
:1012700021462068BDE83840FAF758BE00DED2E7C4
:1012800000DECDE770B505460E46FFF7FFFA0446CF
:10129000002857D0337A211D013B112B0AD8DFE8F3
:1012A00003F0181E092409090909092A0931090945
:1012B0000909093700DEE379214673732846FFF7F1
:1012C000FBFA337A0A2B29D02846BDE8704000F09B
:1012D00059BC084600F09EFD1323F372EBE7284645
:1012E00000F0CCFD0923F372E5E7084600F08AFE22
:1012F0000C23F372DFE7304600F074FEFF237461C5
:10130000F372D8E7284601F05BF81523F372D2E7B1
:10131000284601F0E9F83C23F372CCE740F2E244BE
:1013200042F21072EB8CB5F89A1104FB03F302FB46
:1013300001310139B1FBF3F12846BDE8704089B2B3
:1013400000F026BC00DEA5E72DE9F04107460C467B
:10135000164602F051F828B103230025A37228464F
:10136000BDE8F08121463846FFF788FA0546002897
:10137000F2D021463846FFF789FA8046002856D039
:10138000237A08F10400013B112B0AD8DFE803F0AF
:101390001E23092A090909090909092F0909090947
:1013A000093800DE98F80730414663733846FFF786
:1013B00083FA384602F030F80423A372002ECED010
:1013C000384602F091F90023A372C8E700F02CFD23
:1013D000FF23E372E6E70146384600F06BFDFF238A
:1013E000E372DFE700F00EFEFF23E372DAE7014667
:1013F000384600F0FBFFFF23C4F81480E372D1E706
:1014000097F85E305B070DD4B7F8603003F018032F
:1014100043B90146384601F07FF8FF23C4F8148031
:10142000E372BFE711223B2100F072FEF5E700DE18
:10143000A6E700BF20B50B7A0546013B82B0112B11
:1014400018D8DFE803F010101A23171717171730F2
:1014500017091717171717090022284602B0BDE809
:101460002040FFF771BF0122284602B0BDE82040AE
:10147000FFF76ABF00DE02B020BD2846019102F0EE
:1014800033F9002301998B7202B020BD90F83031FE
:10149000002BF2D10122FFF757FF0028EBD00123E8
:1014A00085F83031E7E790F93730002BE3DB022392
:1014B0008B72E0E738B50B7A0C46013B0546112BE1
:1014C0000AD8DFE803F00B190923090909090953B0
:1014D000093309090909094D00DE38BD4B7A072B8C
:1014E0001ED0132B1CD02423284685F86C3100F025
:1014F000FDFB0023A37238BD4B7A072B01D0092BCB
:10150000F1D194F82030DB070AD505E04B7A0C2B9B
:10151000E9D18B69002B3DD021462846FFF72EFEEE
:10152000284600F0E3FB0023A37238BD4B7A152B4D
:1015300024D0072BD7D1D0F8483123F02003C0F8AE
:10154000483100F0D3FB00232846A372FFF7DCFCF0
:101550000028C2D12846BDE838400421FFF7C4B9AD
:101560004B7A3C2B11D0072BBDD1D9E700F0BEFB45
:1015700000221623A27285F86C3138BDFDF76CFE8F
:1015800090B9284600F0B2FBDDE7FDF7DBFF00284D
:10159000C6D0C1E7FFF786F90028BDD1284600F084
:1015A000F1FA0423A37238BD21462846FFF7E6FD71
:1015B000E7E700BF70B50E7A0C46731E0546112B87
:1015C0000AD8DFE803F00B120926090909090942C4
:1015D000095009090909095D00DE70BD00F0CAFA69
:1015E00000287BD00123A37270BD00F0C3FA00284D
:1015F000F8D121462846FFF741F90028F2D02146CC
:101600002846FFF73FFE6369002B08BF0326A6723A
:1016100070BD90F83031002B48D100F0ABFA0028B3
:10162000E0D121462846FFF729F90028DAD02146E3
:101630002846FFF727FE62690123002A0CBF032218
:101640000222A27285F8303170BDFFF717F9002829
:10165000C8D021462846FFF715FE1622022384F83B
:101660002020A37270BDD0F848319B0602D5FFF749
:101670004BFC18B3284600F039FB0023A37270BD61
:10168000FFF74EFC0028F5D1284600F073FA002839
:10169000A8D121462846FFF7F1F80028A2D021461C
:1016A0002846FFF7EFFD0323A37270BD0C22002331
:1016B0004A728B61BDE87040FFF7FCBE284600F01F
:1016C00059FA00288ED121462846FFF7D7F800287E
:1016D00088D004212846FFF7F3F8E0E721462846A2
:1016E000FFF7CCF800283FF47DAF21462846FFF7EE
:1016F000C9FD6369002B0CBF03230223A37270BDD5
:101700008A7A022A06D002D9033A012A00D8704701
:1017100000DE70470B7A0A2BF9D1FFF7CBBE00BF72
:1017200038B58B7A032B05D001D9042B00D138BDF5
:1017300000DE38BD0C460546D07F02F11C01831E39
:1017400060723A2B1FD8DFE803F01E1E1E1E1E35E6
:101750001E311E1E2D1F1E1E1E291E1F1E251E1E73
:101760001E1F1E1E1E1E1E1E1E1E1E1E1E1E1E1E98
:101770001E1E1E1E1E1E1E1E1E1E1E1E1E1E1E1E89
:101780001E1E1E1E390000DE21462846BDE83840D8
:10179000FFF790BE284600F07FFEF5E7204600F0F8
:1017A000C9FCF1E7284600F055FCEDE7284600F0BB
:1017B000EBFBE9E7204600F04FFBE5E7284600F0A9
:1017C0000BFFE1E738B58B7A032B05D8012B0AD83C
:1017D000BDE83840FFF7EEBE042B03D10B7A0C4670
:1017E000042B01D000DE38BD0546FFF75BF800286A
:1017F000F9D021462846FFF7C1FC284600F076FACA
:101800000023A37238BD00BF38B58B7A012B06D0F8
:1018100002D9023B022B00D838BD00DE38BD0C4691
:10182000D37F0546022B02F11C0163724BD00C3BA7
:10183000DAB22F2A2CD82F2B2AD8DFE803F041293F
:101840003E29292923292E292929292B29292929F2
:1018500029292929292929292929292929292929F8
:10186000292929292929292929292929291800F05B
:101870007FFE2846FDF766FE0346204684F82030AA
:10188000FFF73EF821462846BDE83840FFF7D2BDB5
:1018900000DEF7E700F09EFBF4E700F0D5FD042141
:1018A0002846FFF70DF82846FDF754FD034620466D
:1018B00084F82030FFF724F8E4E700F03BFBE1E791
:1018C00000F0C8FBDEE7204600F098FB0821284620
:1018D000FEF7F6FFD6E700BF70B58D7A032D00D86E
:1018E00070BD042D17D10B7A0C460C2B064614D074
:1018F000122BF5D1FDF726FE214694F8203040EA60
:101900000302D2B23046FFF785FC304601F0ECFE10
:101910000023A37270BD00DE70BDFDF753FD94F887
:101920002030294640EA0305EDB23046FEF7DCFFE1
:101930002A462146E6E700BF10B58B7A0C4682B0F6
:10194000042B1ED8DFE803F01710031210000B7AE7
:101950000A2B14D1019001F0C7FE002294F8203028
:101960000198A27280F86C3102B010BD02B0BDE8DF
:101970001040FFF75FBD01238B7202B010BD00DE87
:10198000E8E700DEF0E700BF70B5044605F026FC8E
:1019900058B1D4F8005135B1D4F804212B68AA42CB
:1019A000C4F8003121D0284670BD0546012103202E
:1019B00005F0DCFB2A46064601210320F8F710FC5F
:1019C000D4F8005145B1D4F804212B689542C4F8ED
:1019D000003108BFC4F80431002EE4D001220320F6
:1019E0001146F8F7FDFB284670BDC4F804312846BF
:1019F00070BD00BFF8B506460C4605F0EFFB68B1B8
:101A0000D6F80051AC421FD1A3690BBB3046FFF79B
:101A1000BBFF2046BDE8F840FEF728BF0546012180
:101A2000032005F0A3FB07462A4601210320F8F70F
:101A3000D7FBD6F80051002FE4D001220320114635
:101A4000F8F7CEFBAC42DFD000DEA369002BDDD07F
:101A50001B792E2BDAD100DED8E700BFF8B505469A
:101A60000C4605F0BBFB40B100232360D5F80431E0
:101A7000F3B11C60C5F80441F8BD064601210320FE
:101A800005F074FB0121074632460320F8F7A8FB56
:101A90002660D5F8043173B11C60C5F80441002FED
:101AA000EAD0BDE8F840012203201146F8F798BBC0
:101AB000C5E94044F8BDC5E94044F0E770B50546C6
:101AC00005F08CFB18B1D5F80041204670BD0446E6
:101AD0000121032005F04AFB06462246012103208E
:101AE000F8F77EFBD5F80041002EEED0012203204E
:101AF0001146F8F775FB204670BD00BF38B50546A6
:101B0000FFF7DCFF037A0446013B112B18D8DFE80E
:101B100003F00909090919192B1F1F0925091717AE
:101B200017171709014600222846FFF74BFEA37B33
:101B300003B938BD21462846BDE83840FFF75ABFF3
:101B400000DEF4E7014600222846FDF7FFFFEEE73E
:101B500001460022284601F0E3FAE8E701460022A8
:101B6000284601F01DFBE2E7014600222846FEF769
:101B700017FDDCE790F80C01A0F10100B0FA80F04D
:101B800040097047B0F82031A0F80A31704700BF13
:101B9000A0F80A11704700BF0023A0F80A3170476F
:101BA00038B50C4611461A46A369054613B3217A87
:101BB0000139112921D8DFE801F009090909222298
:101BC0002C272709310920202020200921462846DA
:101BD000FFF7A6FDA36923B11B792E2B1CBF0023A1
:101BE000A361A37B03B938BD21462846BDE8384030
:101BF000FFF700BFA2612161D9E700DEEAE72146D5
:101C00002846FDF77FFFE5E72146284601F03CFA2C
:101C1000E0E721462846FEF79DFCDBE72146284603
:101C200001F0B4FAD6E700BF70B591F808C00C46D1
:101C3000BCF1120F054607D801230C4E03FA0CF332
:101C400033420CD0FFF75CFD0022A37B626103B935
:101C500070BD21462846BDE87040FFF7CBBEBCF101
:101C6000070FF1D1FEF7A0FCEEE700BF0814040057
:101C700038B50B7A0C46072B054608D0A37B03B971
:101C800038BD21462846BDE83840FFF7B3BEFEF711
:101C90008FFCF3E70222002380F80821A0F80A3124
:101CA000704700BF38B590F808310446032B1BD8A5
:101CB000DFE803F002111011FFF700FF034648B1FF
:101CC0001D7A2046FFF71AFF0A2D14BF01230323B4
:101CD00084F8083138BDFFF7F1FE0028FAD020461D
:101CE000BDE83840FFF70ABF00DE38BD10B590F8F8
:101CF00008310446032B1BD8DFE803F00D020C0269
:101D0000FFF7DCFE90B100230122A4F80A318273B0
:101D100084F8083110BDFFF7D1FE28B1002201235D
:101D2000A4F80A21837310BD00DEF7E700DEEAE7BE
:101D300000DE10BD90F80831022B05D000D87047A6
:101D4000032BFCD000DE7047002380F80831704779
:101D500038B590F808310446032B3AD8DFE803F091
:101D60000926121320462946FEF7E8FD2846FEF70D
:101D70007DFD2046FFF708FE05460028F2D102232C
:101D800084F8083138BDFFF7FFFD05460028F6D07E
:101D900029462046FEF7D2FD2846FEF767FD20467D
:101DA000FFF7F2FD05460028F2D1E8E7FFF7ECFD6A
:101DB00005460028E3D029462046FEF7BFFD284609
:101DC000FEF754FD2046FFF7DFFD05460028F2D15F
:101DD000D5E700DE38BD00BF38B50546FFF7D4FDB6
:101DE00068B1044621462846FEF7A8FD2046FEF7C6
:101DF0003DFD2846FFF7C8FD04460028F2D1002427
:101E000028462146A5F80A4101F0E4FA85F8084180
:101E100038BD00BF012112220378417043F0030353
:101E20000370C270704700BF012113220378417014
:101E300043F003030370C270704700BF4FF0020C01
:101E400007220B7881F801C043F003030B70CA70BE
:101E500090F84C300B7170470B7980F84C3070471C
:101E60004FF0020C07220B7881F801C043F0030306
:101E70000B70CA7090F84C300B7170470822092023
:101E800010B50B78CA7043F003030B7048700C4612
:101E9000F9F7A4FB0022606061F30702C1F3072099
:101EA0000B0C60F30F2263F317421B0A63F31F62EC
:101EB000A26010BD38B50C460546F9F78FFB092224
:101EC0002378627043F00303E2702370D5F8483141
:101ED000217263F0FF031840030C1A0AA3710B0C64
:101EE000C0F307252071E271C1F307201A0A65715A
:101EF0006072A372E27238BD09220B784A7043F017
:101F000003030B70CA70D0E95023100CC2F3072CE6
:101F10000A711A0C81F805C088714FEA102C0B72F7
:101F2000C3F30720130A81F807C048728A72CB7284
:101F3000704700BF2DE9F0414FF040540546486816
:101F4000104E430F83EA107303F00103A3FB043424
:101F50008A68064002F0EF0886EA0304F9F73EFBC0
:101F60000440012008EA010164F0FF02C5E9524182
:101F70003240C5F84481C5F8402185F83801BDE8F4
:101F8000F08100BF2FCF87F74FF040522DE9F0418D
:101F9000054648680E4E430F83EA107303F00103B1
:101FA000A3FB02328968064001F0EF0786EA0304CA
:101FB000F9F714FBB846012304400F40C5E9524726
:101FC000C5F84061C5F8448185F83831BDE8F08135
:101FD0002FCF87F70B7980F850314B7980F851314A
:101FE000704700BF02220B784A7043F003030B7066
:101FF000CA7090F820300B71704700BF0B7980F8E1
:10200000203070474FF0060C40F60C510378054A1B
:1020100043F0030380F801C00370A0F80310C0F878
:1020200005207047F105FFFF4FF0060C0C220B78DE
:1020300081F801C043F003030B70CA7090F832318D
:102040000B71B0F83331A1F80530B0F83531A1F893
:1020500007307047012380F831310B7980F8323135
:10206000B1F80530A0F83331B1F80730A0F83531B8
:10207000704700BF032210B517240B784C70134330
:102080000B70CA70D0F82530D0F821208B604A60E0
:1020900090F8293001F10E040B7390F82A304B733D
:1020A00005F09CF80C2120B12046BDE8104002F05C
:1020B000C5BB2046BDE8104002F0B6BB0121062298
:1020C0000378417043F003030370C270704700BF90
:1020D00001210A220378417043F003030370C270A8
:1020E000704700BF01210B220378417043F00303C6
:1020F0000370C270704700BF4FF0020C0D220378CE
:1021000080F801C043F003030370C270017170478F
:1021100000B54FF0030E4FF0110C037880F801E08A
:1021200043EA0E03037080F803C0017142715DF849
:1021300004FB00BF0B7980F84D304B7980F84E30AE
:10214000704700BF4FF0030C16220B7881F801C0D6
:1021500043EA0C030B70CA7090F82030C3F3C2033B
:102160004B7190F82030C3F302030B71704700BF2E
:102170000A7990F8203062F3C5031A4680F82030BF
:102180004B7963F3020280F8202070474FF0050C72
:1021900018220B7881F801C043F003030B70CA705A
:1021A000438DCB8090F82C300B7190F82D304B7113
:1021B000704700BF0A7990F8203062F3C5031A46D1
:1021C00080F820304B7963F3020280F820207047BA
:1021D0004FF0180C0F220B7881F801C043F0030375
:1021E0000B70CA70C38C8B80038DCB80438D0B81A9
:1021F000838D4B8190F834300B73C38EA1F80D3072
:10220000038FA1F80F30438FA1F81130838FA1F80D
:102210001330C38FA1F81530B0F84030A1F8173053
:10222000B0F84230A1F81930704700BF4FF0180CD9
:1022300010220B7881F801C043F003030B70CA70C1
:10224000C38C8B80038DCB80438D0B81838D4B8121
:1022500090F834300B73C38EA1F80D30038FA1F8C2
:102260000F30438FA1F81130838FA1F81330C38F43
:10227000A1F81530B0F84030A1F81730B0F842306E
:10228000A1F81930704700BF8B88C384CB880385C1
:102290000B8943854B8983850B7B80F83430B1F8FB
:1022A0000D30C386B1F80F300387B1F81130438782
:1022B000B1F813308387B1F81530C387B1F8173000
:1022C000A0F84030B1F81930A0F84230704700BF94
:1022D0008B88C384CB8803850B8943854B89838591
:1022E0000B7B80F83430B1F80D30C386B1F80F3075
:1022F0000387B1F811304387B1F813308387B1F801
:102300001530C387B1F81730A0F84030B1F8193054
:10231000A0F84230704700BF00B54FF0000C4FF0FE
:102320000C0E0B7881F801E043F003030B7081F889
:1023300003C090F823300B4A0B71036BA2FB0323FD
:102340009B0AA1F80530438DA1F80930038DA1F84F
:102350000730838DA1F80B30838CA1F80D305DF828
:1023600004FB00BF5917B7D140F2E2420B7980F865
:102370002330B1F8053002FB03F30363B1F80930F1
:102380004385B1F807300385B1F80B308385B1F888
:102390000D308384704700BF4FF0080C01220B788A
:1023A00081F801C043F003030B70CA70038CA1F8DD
:1023B0000930D0F822304B6090F826300B7270470D
:1023C0004FF0090C14220B7881F801C043F003038D
:1023D0000B70CA70C38F8B80838F0B81B0F8423033
:1023E000CB80B0F840304B81704700BF4FF0090CF4
:1023F00015220B7881F801C043F003030B70CA70FB
:10240000C38F8B80838F0B81B0F84230CB80B0F8C4
:1024100040304B81704700BF4FF0090C15220B78FC
:1024200081F801C043F003030B70CA70B0F84E305E
:102430008B80B0F84C300B81B0F85230CB80B0F8C4
:1024400050304B81704700BF8A88A2F11B03E02BFC
:1024500021D8B1F808C0ACF11B03E02B1BD870B534
:1024600044F2481ECC88A4F5A4739BB2734511D8DE
:1024700000234E891946A6F5A475ADB26CF30F037F
:1024800066F30F0162F31F4364F31F41754598BF64
:10249000C0E9113170BD70478A88A2F11B03E02B9F
:1024A00021D8B1F808C0ACF11B03E02B1BD870B5E4
:1024B00044F2481ECC88A4F5A4739BB2734511D88E
:1024C00000234E891946A6F5A475ADB26CF30F032F
:1024D00066F30F0162F31F4364F31F41754598BF14
:1024E000C0E9113170BD70474FF0080C3B220B78EA
:1024F00081F801C043F003030B70CA70B0F85A3082
:102500008B80B0F85C30CB8090F85E300B72B0F806
:102510006030A1F8093070474FF0060C3C220B7870
:1025200081F801C043F003030B70CA70B0F8823029
:102530008B8090F886308B71B0F88830A1F8073026
:10254000704700BF4FF0060C3C220B7881F801C0A9
:1025500043F003030B70CA70B0F882308B8090F8A0
:1025600086308B71B0F88830A1F80730704700BF13
:1025700000220346B1F804C0A0F85AC0B1F806C062
:10258000A0F85CC091F808C00CF0070C80F85EC0A1
:10259000B1F809C00CF01F0CA0F860C0087AD04058
:1025A00010F0010F02F1010210D08888A3F8620038
:1025B000C888A3F86400087A00F0070083F8660072
:1025C000B1F8090000F01F00A3F86800032A03F126
:1025D0000803E3D1704700BF00220346B1F804C0EE
:1025E000A0F85AC0B1F804C0A0F85CC091F806C0C9
:1025F0000CF0070C80F85EC0B1F807C00CF01F0C9F
:10260000A0F860C08879D04010F0010F02F10102FB
:1026100010D08888A3F862008888A3F864008879BD
:1026200000F0070083F86600B1F8070000F01F0013
:10263000A3F86800032A03F10803E3D1704700BF41
:10264000F8B50023CD690C4607461646CB611DB38D
:102650000F2E05F1040116D0112E0CD02046FFF7E5
:102660005BFEEB79294663733846FEF725F9237A3A
:10267000092B0CD0F8BD084694F8202094F82110BE
:10268000FFF746FDEDE72046FFF7A2FDE9E73846F4
:10269000BDE8F840FFF776BAFEF7F8F805460028DF
:1026A000D6D100DED4E700BF00228B698A610BB36C
:1026B000192293F804C01A71828CDA8091F82020D4
:1026C0001A774AB90A8DBCF12E0FDA834A8D1A8423
:1026D0008A8D5A840AD07047C28CBCF12E0FDA83DF
:1026E000028D1A84B0F89A215A84F4D119461868D8
:1026F000F9F71CBC00DEDBE730B5C38C0A8D4C8DCE
:1027000093428D8D85B002D1038DA34214D0012355
:1027100081F8223002950B6BCDE900240C7A91F8F8
:102720002320898C0391A4F10801B1FA81F14909B0
:10273000FCF750FC05B030BDB0F89A315B1B18BFF8
:102740000123E5E7F8B50023CD690C460746164698
:10275000CB618DB3291D112E0AD8DFE806F02009C0
:1027600009090909091C09090909090909092414A0
:1027700000DEEB79294663733846FEF79DF8237A2D
:10278000092B14D0F8BD084694F8202094F82110A5
:10279000FFF7BEFCEDE72046FFF750FBE9E72046D8
:1027A000FFF7BAFDE5E72046FFF740FDE1E73846D1
:1027B000BDE8F84000F030BEFEF768F80546002896
:1027C000C8D100DEC6E700BF2DE9F0411B4E04462C
:1027D00033680D462BB1834203D00123AB72BDE8B1
:1027E000F0812046FFF7C6F90028F6D1204600F018
:1027F000F9FD07460028F0D129462046FEF73EF8AD
:102800000028EAD02046FCF7D7FB8046012120466D
:1028100000F0E0FD0F2229462046A5F8368085F815
:1028200034703460FFF70CFF94F83730DB0903D1C4
:1028300041F202036B81D2E700DED0E7FC340020D6
:10284000038DB3F5486F02D8C28C9A4201D900209B
:102850007047428DB2F5FA7FF9D200B540F6764E58
:10286000B0F82CC0ACF10A0189B2714505D801322B
:1028700012FB03F2B2EB8C0F02D300205DF804FBD5
:1028800090F8340098428CBF00200120F6E700BF8A
:1028900038B504460D4600F0AFFD20B92946204664
:1028A000FDF7ECFF30B910212046FEF709F80923A7
:1028B000AB7238BD04F1EC00FDF7F8FE0028F2D150
:1028C0002046FCF73FFF0028EDD029462046FDF7C3
:1028D000DDFFE861FDF7E6FF10B90C23AB7238BDF0
:1028E000AB695BBBFDF7E6FF2E2100220123A86147
:1028F00001712A6395F8342085F823304AB12B8D75
:10290000E98CB3FBF2F313FB02F39BB2994298BF3D
:102910002B852046FCF750FB238D294606330344C4
:10292000AB8420460022FFF70DFF4FF60B736B813F
:102930002046BDE838401021FDF7D6BF00DED1E7C4
:1029400038B504460D46FFF715F920B9294620464B
:10295000FDF794FF30B910212046FDF7B1FF0323A6
:10296000AB7238BD04F1EC00FDF7A0FE0028F2D1F7
:102970002046FCF7E7FE0028EDD029462046FDF76B
:1029800085FFAB69E86143B32E2000220121187155
:102990002A6395F8342085F823104AB12B8DE98CF1
:1029A000B3FBF2F313FB02F39BB2994298BF2B8562
:1029B0002046FCF701FB238D294606330344AB84F4
:1029C00020460022FFF73CFE4FF606736B8120463F
:1029D000BDE838401021FDF787BFFDF763FF10B950
:1029E0000723AB7238BDAB69002BCDD1FDF762FF79
:1029F0000346A861C8E700BF70B50C460646FFF75E
:102A00007BFE237A092B1DD094F82250ADB1002310
:102A10002146304684F82030FFF746FE304600F06D
:102A200063FE237A092B05D10C4B1A68964204BF2A
:102A300000221A600023A37270BD2046FDF76EFFCE
:102A4000A561EBE7304600F0EDFC237A092BDBD1E2
:102A500094F82030002BDAD1D6E700BFFC340020F8
:102A600070B506460C4600F0C7FC10B10623A372F1
:102A700070BD054621463046FDF700FF0028F5D021
:102A8000112221463046FFF75DFE304600F02CFE55
:102A9000237A092B04D1044B1A68964208BF1D60A3
:102AA0000023A37270BD00BFFC340020F8B5294A92
:102AB000064613680C468BB183420FD002238B72FB
:102AC00000F09AFC054620B921463046FDF7D6FEB7
:102AD00068BB2046BDE8F840FDF712BF218DF38C9E
:102AE0001660994212D00023A569A36185B3032320
:102AF0002F792B71B38C204605F11C01EB80FFF779
:102B000067FB2E2F1FD00423A372F8BD628D338D77
:102B10009A42E8D1A28DB6F89A319A42E3D1204682
:102B2000FDF7FCFE00220523A261A372F8BD4FF45D
:102B30007263214630462384FFF792FF2046FDF75B
:102B4000EDFEA561F8BD29462868F9F7EFF9DAE747
:102B500000DECCE7FC340020F0B50C46897A05464F
:102B600083B00C2900F2C380DFE801F00C18283193
:102B70003D485CC1616C75AF0700002A00F0BC8065
:102B800003B0F0BD002AFBD1237A082B00F0EE80C1
:102B9000092B40F0AC800123A372F1E7012AEFD1A9
:102BA00020461946FFF770FB2046FFF749FE38B96B
:102BB00040F61E732146284623842EE0012ADFD8E2
:102BC0002146284603B0BDE8F040FFF76FBF002A5A
:102BD000D6D10192FDF766FE019A002840F0E2800E
:102BE0000323A372CCE7032A00F08380042AC7D111
:102BF0000F22062384F82120A372C1E7002ABFD147
:102C000095F93730002B80F2AD8094F8203083B1F5
:102C10000F232146284684F8213003B0BDE8F04058
:102C2000FFF71EBF002AABD121462846F5E7002A50
:102C3000A6D1284600F0E0FB002800F09A80082387
:102C4000A3729DE7002A9BD12146284603B0BDE828
:102C5000F040FFF71DBE022A92D195F83720C2F34B
:102C6000C011D20900F0948019462046FFF77CFB82
:102C7000238DB3F5486F00F2A880628DB2F5FA7F1C
:102C800080F0A38040F67646A08DA0F10A0189B2BB
:102C9000B14200F29A8002FB0333B3EB800F80F065
:102CA00094802846FCF788F947F6FE72A38C1B1A1D
:102CB0009BB2934240F2A9802823284685F86C31C4
:102CC00000F012FD0023A3725AE7002A7FF458AFE8
:102CD0002846FCF769F9A38CC01A03043FF550AFEE
:102CE0002146284603B0BDE8F040FFF785BE00DE70
:102CF00046E70523A37243E7FDF7D4FD00283FF420
:102D00003FAFA369002B40F09080FDF7D3FD2E214B
:102D100000220123A0610171226394F8342084F819
:102D200023304AB1238DE18CB3FBF2F313FB02F3A2
:102D30009BB2994298BF23852846FCF73DF92B8D1D
:102D4000214606330344A38428460022FFF7FAFCF9
:102D50004FF60B7310212846638103B0BDE8F040A5
:102D6000FDF7C2BD21462846A2616FE70A23A37280
:102D700006E721462846FDF781FD00283FF45FAFB6
:102D8000102221462846FFF7DDFC0A236381F7E67F
:102D9000284684F84C1000F02FFB0646B8B10D23EE
:102DA000A372EDE6A669A261002E3CD00323377919
:102DB0003371AB8C204606F11C01F380FFF708FA53
:102DC0002E2F1DD00423A372DAE61E2375E72146B9
:102DD0002846FDF753FD0028E1D00722214628466A
:102DE000FFF7B0FC284600F07FFC237A092B7FF424
:102DF00069AF0F4B1A6895427FF464AF1E6061E7BC
:102E000031463068F9F792F8DCE72046FDF778FDA7
:102E10000B232846A372FCF7CFF8A38CC31A1A041D
:102E20003FF5AEAE5CE700DEC0E700DE6DE700BF59
:102E3000FC34002070B506460C46FEF79BFE10B130
:102E40000523A37270BD054621463046FDF716FDE9
:102E50000028F5D02946304600F0BCFA1122214660
:102E60003046FFF7EDFB3046FEF740FF237A092B93
:102E700002D00023A37270BD96F93730002B06DB19
:102E8000064B1A689642F4D100221A60F1E73046E8
:102E9000FEF774F80028F3D0EBE700BFFC34002005
:102EA00070B515468A7A0C46064682B0072A10D8B5
:102EB000DFE802F008121B630F363E04002D76D0C7
:102EC00002B070BD002DFBD1237A082B5ED0092BF8
:102ED00004D000DE02B070BD002DF1D12146304695
:102EE00002B0BDE87040FFF76FBC032D00F090808A
:102EF000042D4ED0012DE3D119462046FFF7E8F905
:102F00003046022100F066FA2046FFF799FC0028BF
:102F100040F09E8041F21E0321463046238402E0A9
:102F2000002DCDD1214602B0BDE87040FFF782BF31
:102F3000002DC5D1FCF738F8A38CC01A0304BFD408
:102F40002946304600F046FA21463046FFF7D4FBCA
:102F5000237A092B7ED094F82250002D40F08680F1
:102F60002046FDF7DBFC3046A561FEF7BFFE237A65
:102F7000092B62D00023A372A2E7002DA0D1214625
:102F8000304602B0BDE87040FFF7DABC2146A561CB
:102F9000F7E73046022100F01DFA2046D6F8483106
:102FA00023F00203C6F84831FDF7AAFCE7E7FDF776
:102FB00079FC002884D0A06900285FD02E2100224F
:102FC00001230171226394F8342084F823304AB13C
:102FD000238DE18CB3FBF2F313FB02F39BB2994216
:102FE00098BF23853046FBF7E7FF338D2146063334
:102FF0000344A38430460022FFF722FB4FF60673FA
:1030000010213046638102B0BDE87040FDF76CBC12
:103010005A791A2ABDD00021019300F0DBF9019BF7
:103020005B7984F8203021463046FFF73DFB30467F
:10303000FEF75CFE237A092B9CD196F93730002BE2
:1030400016DB104B1A68964294D100221A6091E761
:103050002046A9E73046FEF79FFD237A092B7FF42F
:103060007AAF94F82030002B3FF475AF0023D8E7F7
:103070003046FDF783FF0028E3D07BE7FDF71AFC1D
:10308000A0619BE7FC34002070B50C46D17F05465B
:1030900002F11C0311290AD8DFE801F02609090909
:1030A0000909092009090909090909091A14242328
:1030B00080F86C31FEF71AFE237A092B1CD000230E
:1030C000A37270BD2146BDE870400322FFF7E8BE41
:1030D0002146BDE870400122FFF7E2BE2146BDE86F
:1030E00070400422FFF7DCBEA37A032BE9D9053B2D
:1030F000022BE6D900DE70BD95F93730002B06DBD8
:10310000064B1A689542DAD100221A60D7E72846A2
:10311000FDF734FF0028F3D0D1E700BFFC340020D6
:1031200013460022FFF7BCBE70B5D57F02F11C0329
:10313000CDB10F2D12D024230E4680F86C310446F9
:1031400000F0D2FA337A092B05D1094B1A68944260
:1031500004BF00221A600023B37270BD0122BDE8D3
:103160007040FFF7F9BC0222BDE87040FFF7F4BCE5
:10317000FC34002013460022FFF7EEBC002303229C
:10318000FFF7EABC00230422FFF7E6BC242310B5B6
:1031900080F86C310C46FEF7A9FD0023A37210BD28
:1031A00070B58B7A0C46012B05460AD9022B06D145
:1031B000FBF7FAFE238CC01A030408D570BD00DEAD
:1031C00070BDFEF7D7FC88B10123A37270BD00214A
:1031D000284600F0FFF8284604F12201FCF718F811
:1031E0002846FEF783FD0023A37270BD284600F039
:1031F000F9F80028E8D121462846FDF73FFB0028D2
:10320000E2D00121284600F0E5F82846FBF7D4FE7D
:103210002B8D21460633034423842846FDF736FBD5
:10322000064660B12046311DFFF7B6F8F379314606
:1032300063732846FDF740FB0223A37270BD00DED6
:10324000F0E700BF0346D3F8102108468A420DD1AB
:103250008A69A2B90A46D3F814C111686245C3F855
:10326000101108BFC3F81411FDF700BB00DE8A6916
:103270002AB9D3F81021002AEDD1FDF7F7BA127957
:103280002E2AF6D100DEF4E738B5D0F81051044606
:10329000297A12291FD80123104A8B401A400CD0DA
:1032A00000222946FEF748FBAB7B2BB1294620467E
:1032B000BDE83840FFF7C6BF38BD13F4407306D1F0
:1032C000072908D11A462946FDF7A2F9ECE7294655
:1032D000FFF750FFE8E700DEE6E700BF1E1404003A
:1032E00070B5D0F8105104461DB394F81C31012B71
:1032F00003D1022384F8183170BD29462046FDF71A
:10330000BDFA0028F5D029462046FDF7BFFA06464B
:1033100088B12846311DFEF791FDF37931466B7374
:103320002046FDF7C9FA01220023AA7384F8183158
:1033300070BD00DED9E700DEEBE700BFF8B5D0F8DE
:1033400010510446A5B394F81C31012B03D101237D
:1033500084F81831F8BD29462046FDF78FFA002879
:10336000F5D029462046FDF791FA064680B320465F
:10337000FEF7A4FB2A7A037A371D93421AD0082B52
:103380001AD02A2194F838311BB1D4F848315B07A0
:1033900017D43846FEF7B0FEF37931466B732046FA
:1033A000FDF78AFA01220023AA7384F81831F8BDC8
:1033B00000DEC8E72321E5E7092A0CBF23212A21E3
:1033C000E0E70A46384694F81F11FEF7A1FEE3E74E
:1033D00000DECCE780F81E11704700BF704700BFC9
:1033E0000020704790F81D01003818BF0120704779
:1033F000D0F81001704700BF90F81C01A0F1010047
:10340000B0FA80F040097047012380F81C31704702
:10341000002380F81C317047B0F82031A0F81A3131
:10342000704700BF0023A0F81A31704738B5D0F8B4
:103430001041F4B1D0F81421236894420546C0F835
:10344000103108BFC0F814319CB121462846FDF761
:1034500075FA2046FDF70AFAD5F810414CB1D5F8B7
:10346000142123689442C5F81031EED1C5F8143107
:10347000EBE738BD70B505460C4639B1042900D0DC
:1034800070BDFFF7D3FF85F8184170BDD0F810610B
:10349000002EF5D0337A122B11D84FF0010C3149A0
:1034A0000CFA03F0014061B910F4386F07D00A2B11
:1034B00013D0CBB195F81E31F3B9644604E000DEB9
:1034C000337A0A2B09D07BB1284685F81D41FFF7D6
:1034D000DBFE032385F8183170BD2846FFF7D4FEC4
:1034E000052385F8183170BDD37F284686F84C3007
:1034F000BDE87040FFF7F4BE95F93710002910DBE6
:10350000012B20D0022BBBD12846FEF7D7FA327A06
:10351000037A934221D0082B1DD02A2385F86C31E1
:1035200070BD012BEED12846FEF7C8FA08B1FF2383
:10353000C3720123284685F81D31FFF7A5FE03233A
:1035400085F8183170BDD37F284685F81F31BDE856
:103550007040FFF7F3BE092ADFD1232385F86C31D1
:1035600070BD00BF7FF4070038B50C468969054679
:1035700010461A46237A09B3122B4DD8DFE803F020
:10358000100A0A0A0A4C4C554F4F0A4C0A4C4C4C34
:103590004C4C0A0021462846FEF736F9A16921B1B4
:1035A0000B792E2B1CBF0023A361A37B2BB12146DB
:1035B0002846BDE83840FFF745BE38BDA26120610E
:1035C000122B29D801A151F823F000BF3736010092
:1035D00095350100953501009535010095350100BF
:1035E00019360100193601002B3601001F36010083
:1035F0001F3601009535010019360100953501008F
:10360000193601001936010019360100193601007A
:10361000193601009535010000DEA169BFE721469A
:103620002846FFF781FDA169B9E721462846FCF746
:10363000DBFFA169B3E71146B1E700BF38B591F8E8
:1036400008C00C46BCF10C0F054613460CD0BCF16B
:10365000120F09D0BCF1070F0BD1FCF7DDFF0022E0
:10366000A37B626153B938BD1A4621462846FEF74E
:1036700033F90022A37B6261002BF4D02146284657
:10368000BDE83840FFF7DEBD38B50B7A0C46072B96
:10369000054608D0A37B2BB121462846BDE838401B
:1036A000FFF7D0BD38BDFCF7BBFFF3E704220023D2
:1036B00080F81821A0F81A31704700BF90F818312F
:1036C000052B0ED8DFE803F0060907030603D0F840
:1036D000103123B97047FFF703BEFFF72FBEFFF786
:1036E000D3BD00DEF6E700BF90F81831052B04D8F3
:1036F000DFE803F004151305040500DE704700231E
:10370000D0F8102180F81D315AB100230121A0F812
:103710001A31917380F818317047FFF7E1BDFFF758
:103720000DBE00DEF1E700BF90F81831052B04D87C
:10373000DFE803F004090B04050400DE70470023F2
:1037400080F818317047FFF7F9BDFFF7C9BD00BF1A
:1037500090F8183110B50446052B12D8DFE803F0B5
:10376000030D09030803FFF761FE042384F81831F1
:1037700010BDBDE81040FFF7B3BDBDE81040FFF736
:10378000DDBD00DE10BD00BFF0B504460E46154697
:1037900083B06BB1D27F3C2A36D8012390F8371022
:1037A0002E4FC9098B4007EB420149780B4040D1AD
:1037B0001846FDF7F1F8074620B300230360D4F85C
:1037C00014311BB31860C4F8140194F81831052B98
:1037D00042D8DFE803F01E27030606062046FFF75F
:1037E0007FFDBB7B1BB139462046FFF72BFDD4F88C
:1037F000101139B12B463246204603B0BDE8F040E7
:10380000FFF7B2BE03B0F0BD0023D1E7C4E9440026
:10381000DBE72A4600212046FFF72CFEBB7B002B6E
:10382000E5D0E0E72046FFF789FDBB7B002BDED02B
:10383000D9E717F812300A2BBAD10193FFF7F6FD3A
:1038400000222046A4F81A2184F81D2184F81821AA
:10385000FEF7C2FA019BABE700DEC2E7B8FD01004C
:1038600010B50446FFF7E2FD0023A4F81A3184F8EE
:103870001D3184F8183110BD704700BF00B9704782
:1038800000DE70474FF6FF712DE9F843099C9DF863
:103890002090A58C8D4235D00646014620469046A4
:1038A0001F46FBF719F868BB23780133DBB223709E
:1038B00063B3B4F868217B1C1344A4F86831022078
:1038C000FBF728F802212046FBF760FA0022104D92
:1038D00004F11001AB7AE96069F30003AB720D4BA0
:1038E00011460120C5E900682F819D60F6F7ACFC08
:1038F00050B9FF20FBF70EF82046BDE8F843FF2142
:10390000FBF744BABDE8F88300DEF2E700DED0E75B
:1039100028130020980400202DE9F04F95B0BDF841
:103920008040074600209846CDE90C129DF87C9017
:10393000BDF884A0BDF888B00E94FAF7AFFB00285C
:1039400000F0708109F0010405462046F7F780FE7B
:10395000002C43D16B6905F110020F92002B44D06B
:103960006E69346896F87C00C0F3C00100F007006F
:1039700001F038F8B6F840E03A46B6F8427000F286
:103980003F1CBE44F7890C9B67447744676095F8F9
:103990004C40002169F3420485F84C4095F83940C9
:1039A00005F1100068F3000485F839401E9C246876
:1039B000AC611E9CA488A5F824B0AC830D9C009437
:1039C000FAF7AEFAA86401F0B3F9002840F02E81AE
:1039D0002846ECF7DDFE15B0BDE8F08F0621F6F7BE
:1039E0009FFB0028B6D11220F5E7F8F787FA0F9071
:1039F000002800F03A81FAF797FC0446002800F00E
:103A00003181143004F11006F6F752FD002840F021
:103A10003381032104F1180000F006FF0E9BD4F857
:103A2000A000E3844FF6FF73A4F828A0A384002825
:103A300000F01D8104F1940204F19001F6F77CFB83
:103A400001214FF0000AB4F88C30204623F4EF63D4
:103A500023F0070343F48C730B43A4F88C3094F8E1
:103A6000A630C4F8A0A023F0070384F8A630A4F879
:103A7000A4A0FBF701FD2046FBF738FEA4F82AA01E
:103A8000C4F82EA004F1320000F0CAFB94F83730DD
:103A9000012160F3050384F837300DF14F0000F089
:103AA000C3FE9DF84FC0784B94F836E0A3FB0C138F
:103AB000DB0803EB4303ACEB830C94F83730CDF811
:103AC00044E094F814E06AF3861384F837306F4AC0
:103AD0006369CDF840E00CF1050CDDF844E05FFAD5
:103AE0008CFC1360E17D637DA27D84F838C084F88E
:103AF00039A0CDF828E094F835E06548CDF824E009
:103B000094F834E0CDF820E094F833E0CDF81CE0F0
:103B100094F832E0CDF818E094F837E0CDF810C012
:103B20000EF03F0ECDF814E094F818C0DFF864E111
:103B3000CDF80CC094F819C0CDF808C0DEF800C06C
:103B40000CF1010CCEF800C094F81AC0DDF840E08A
:103B5000CDF804C0CDF800E007F06AF940F2E24188
:103B60000E9B4D4A01FB03F31A44B2FBF3F21946D4
:103B70000623A4F8983194F83730208D6AF3C713E0
:103B800084F8373094F83A3000F1060C23F007033C
:103B900084F83A3093B26345A4F868A1A4F89CA1D4
:103BA000A4F89AB1A4F896A1A4F892A1A4F894312B
:103BB00002DD063B1B1A9BB24FF0000AA4F89031BD
:103BC00020460E91FCF722FF0E992046FCF786FF57
:103BD0000F9B84F86CA1C4F87031FAF715FE94F8C5
:103BE000A43160F3020384F8A431FAF713FE94F8C9
:103BF000A43160F3C50384F8A43194F86A3104F168
:103C0000EC006AF3410384F86A31FCF70DFD4FF0D4
:103C10009613C4E907336E61C4E902AA84F800A0D0
:103C200024619FE60C2015B0BDE8F08F6C69D4F8D4
:103C300090303BBB04F1840104F18000F6F780FA78
:103C4000F0B12668C4F89000D6F87001B0B1F8F76A
:103C50005BF93046FAF76EFB002303206B6115B069
:103C6000BDE8F08F0F98F8F74FF90720B3E604F19D
:103C70009800C4F8A000DDE600DECAE600DEE6E754
:103C800000DEDEE700DED5E7ABAAAAAA2C380020CA
:103C90006CFB0100303800207FC3C9012DE9F041E1
:103CA00006460020FAF7EEF950B3436904463BB3E9
:103CB00093F82A2042F0020283F82A204769FFB1D4
:103CC00001460020FAF74CF90546B0B93F68D7F82D
:103CD000700107F5B878B8B1F8F716F91723022282
:103CE00087F874314FF6FF731034C7F8784187F8BE
:103CF0008C21A7F87631C6F800802846BDE8F0810F
:103D00000C252846BDE8F08100DEE5E770B50C46DD
:103D100015461E46FAF728FBB8B190F8A6C01CF06D
:103D2000180C04D0BCF1180F08D00C2070BD33461D
:103D30002A462146BDE87040FCF754BF33462A4668
:103D40002146BDE87040FCF77DBF022070BD00BF7A
:103D500010B582B001A8FFF7A1FF044610B12046BC
:103D600002B010BDFAF78EF950B1002290F84C3035
:103D7000426123F0010380F84C30204602B010BDB0
:103D800000DEF2E738B583681D686C69C4B10023B2
:103D90006B61D4F89030D3B904F1840104F1800050
:103DA000F6F7CEF90346E0B1C4F890302068FAF790
:103DB000C1FA95F84C3023F0010385F84C3038BD3A
:103DC00000DE00236B61D4F89030002BE4D000DEDD
:103DD00004F1840104F18000F6F7B2F903460028EB
:103DE000E2D100DEE0E700BF2DE9F0470446037FA3
:103DF0001546228D8CB0406AADF82C20C3F3401AD2
:103E0000C3F3C012E3070E460AAF0A9000F19C808C
:103E10004FF00009BB880A98A277A4F81C90A4F878
:103E20002330C4F81F003368D3F80080EB8AE384A2
:103E30002B8B2385B8F82430638500F0BFFF84F80E
:103E40002C002F683846FAF77BFA03464946AB82C6
:103E50003846E380FCF756FE214620687468F8F780
:103E600059F81C22AB8AD4F800902271E380BAF191
:103E7000000F5DD15346484621462377F8F756F8A0
:103E800040F2E24395F87C00B5F81690C0F3C0010B
:103E900000F0070003FB09F9F56800F0A3FD00221C
:103EA00002212D1A0120F6F79BF94046FAF7D0F8C7
:103EB000CDF80480B3682749821CA3F28573009172
:103EC00000200121D2B22B44F7F7F8FA10F0FD0FD1
:103ED0003CD1002401222346114620460094F7F7E6
:103EE000B5FA3846FAF72CFA40F285331A490993A5
:103EF0000797B36808911949C21C06917968204652
:103F00000591CDE903440121A3F28573D2B2CDF826
:103F1000089001940095F7F7E9F910F0FD0F17D11B
:103F20000122022110460CB0BDE8F047F6F758B95F
:103F300095F82730281D43F0400385F8273000F01E
:103F4000BDF90123288596E700DE61E700DEC0E7C2
:103F500000DEE5E7793801007D3801008538010091
:103F600010B5002082B0FAF7FFF960B190F9373050
:103F70000446002B07DB684600F052F969462046EC
:103F8000FCF7D2FE00B9002002B010BD08607047F7
:103F9000A0F10300B0FA80F0400970472DE9F04F1E
:103FA000002593B00D930B1DFF270C932B46CDE9F5
:103FB0000F550A954FF0020B044616463D469846AB
:103FC0009A460DF13C098DF83B700993002011AB26
:103FD0000693524B21460593514B0DF13B0203933F
:103FE00010ABCDE90093049033460290CDF844B075
:103FF000F7F79EFA022814D0119BC3B9FF2D19D0F0
:104000003368434516D0002F76D04FF0FF33013F81
:10401000FF25FFB28DF83B30D8E721460020F7F7A7
:10402000C7FA119B022BF8D0119B002BE6D000DEC3
:10403000FF2DE5D19DF83B30FF2B40D0032BC5D1A0
:104040000020FAF785F90028C0D090F93730002B0E
:1040500029DA43689DF83B20032A18D0FF2DDDF8AC
:104060003C800AD0404609990B93F7F7B5FA0C9BB0
:1040700003EB0A0290420B9B23D89A46109BCDF883
:1040800024809DF83B50D6F800800A939EE70020DC
:104090000B93FAF75DF90B9B0028DFD090F93720DE
:1040A000002ADBDA92E790F88C00C0F3C00100F040
:1040B000070000F097FC00F593530533CAE7FF2D86
:1040C0001CD0BAF1000F01D00AF1020A0A9B154A6E
:1040D000A3F57423A3F51073934214D800200A9912
:1040E000114A099BA2FB0112534403EB92430D9A20
:1040F000136013B0BDE8F08F00DE86E76FF00900B3
:1041000013B0BDE8F08F0A9B099A03F57423013AB6
:1041100003F5107309920A93E0E700BF8D3F010099
:10412000913F0100BFBDF07F83DE1B432DE9F041CD
:10413000C46826496368D0E900761A68A6F5742336
:10414000A3F510738B42054682B004D906F5742698
:10415000013F06F5107663685168B3F816800220B7
:1041600004F1100301AA0197FFF718FF40BB019863
:10417000C31B002B1DDB3946F7F72EFA23690344D6
:10418000002B236109DB40F2E24202FB08F29A4273
:1041900017D29B1A9A42FCD323610D492A68A1FBCE
:1041A0000616D21BA2EB96421344236102B0BDE86F
:1041B000F08101463846F7F70FFA23691B1ADFE74B
:1041C0002369002BE9D102B0BDE8F081BFBDF07FCB
:1041D00083DE1B4308B50346074A006805211060CB
:1041E0001B7910461371F6F74DF9044B1870FFF761
:1041F000B7FE002008BD00BFE8370020CE3E0020FB
:1042000010B41F204FF0FF342521034B034A1C60DC
:104210001871117010BC7047E8370020CE3E0020A6
:104220000346044A044910681860127908781A7124
:10423000704700BFE8370020CE3E002010B586460C
:1042400002FB011102781C4C114484FB01020A4458
:10425000521102EBC20002EB80028A1AD0B28EF831
:104260000000C108595C02F0070241FA02F212F0A4
:1042700001029DF808C01DD1B0FBFCF10CFB11013F
:1042800010465C1EC9B2043300F1080E14F8012F69
:104290005FFA8EFE12F0010F00F1010C4FEA52029C
:1042A00002D039B10139C9B25FFA8CF08645F1D13B
:1042B0009C42E9D110BD00BFA7C867DD42880088D5
:1042C000504070474FF0030CF0B52F4D2F4C484035
:1042D000060A5FFA80FE0EEB8E2E06EB862004EABD
:1042E000401705EA400605EA4E0004EA4E1E3E432A
:1042F00040EA0E0000EB002706EB062E06EB0E262A
:1043000000EB0720C6F30746C0F3074040EA06204B
:1043100000EB00100CF1FF3C08441CF0FF0C80B2D5
:10432000D6D141401A48A0FB01400C1A00EB5400C2
:10433000400900EBC00400EB8400081AC0F3C40479
:10434000145D00F007052C41E407C0B21AD46046A2
:1043500001FB03F3561EC3F30743043200F10805C3
:1043600016F8011FEDB211F0010F00F101044FEA40
:10437000510102D033B1013BDBB2E0B2A842F2D12D
:104380009642EBD1F0BD00BF10210200408408002E
:104390004D91CFBA00F048BA684620F007018D462B
:1043A00001B502F001FAEEF771FDBDE80140854666
:1043B000704700BF08B5094BD3F828213AB901204E
:1043C000F5F7A4FFBDE808400220F5F79FBF0020E5
:1043D000C3F82801F6F778FFF1E700BF00200E5080
:1043E0000020F5F793BF00BF90B90E4B0E4A197825
:1043F0001078CBB288420DD10C480D49013390F8AA
:1044000000C013700B78634507D003780B707047BA
:1044100000DEEAE700DE1378EEE700DE03780B70DB
:10442000704700BFCF3E0020D03E0020D43E002089
:10443000D33E00200B4A0C4B117893F800C08C45FA
:104440000DD012781A70094A094B18B911781878EA
:10445000884202D012781A70704700DEFAE700DE58
:10446000EFE700BFD23E0020D13E0020CF3E00202B
:10447000D03E002002F0E4BA08B50B490B4A91F88F
:1044800000C0137803989C450BD000220B70084B9A
:10449000114698600120F5F7D7FE00B908BD00DE8F
:1044A00008BD00DE1378F0E7CF3E0020D03E0020AC
:1044B000A80400202DE9F0412D4A2E4D12782B78CA
:1044C0000C469A428AB005D12B4B2C4A1B781278A5
:1044D0009A4244D026682A4F06F2726840463968EC
:1044E000F7F77AF8002803DB00200AB0BDE8F08176
:1044F000244A254B11781A78914213D11E4A1F493C
:104500001278097891420DD00022197810460131B5
:10451000C9B2197011461D4B0092F6F797FF10F0C3
:10452000FD0F22D11A48E168C7F8008000220790E9
:1045300040F27260174C3346CDE9054129780131CC
:10454000C9B22970009011461046CDE90322CDE989
:1045500001220892F6F714FF0AB0BDE8F081066860
:104560000446074F06F27268DCE700DE00DED9E79A
:10457000D33E0020D43E0020CF3E0020D03E00207D
:10458000F8370020D13E0020D23E00203544010003
:10459000E9430100794401007F4A9368002B00F051
:1045A00090801368002B00F08B802DE9F04F81463E
:1045B00089B04FF0FF338DF80A300DF10A00F7F79C
:1045C00067FE0446002839D0037F9907F5D1857A24
:1045D00015F00205F1D1C3684B4556D0A8462F46C9
:1045E00006680DF10A00F7F753FE8346E0B1027F3B
:1045F0009207F6D1827A9307F3D4C268B8F1000F1C
:104600001FD04A4521D0DBF800A031465046F6F7CE
:10461000E3FF00280DF10A00BCBF5F465646F7F7DE
:1046200037FE83460028E2D1002F08BF27463946CF
:104630003846FFF73FFF30F002033FD109B0BDE835
:10464000F08F914545D08046DDE7227F204642F03D
:1046500002022277E168A2699047D845A9D1FF23D9
:104660008DF80A300DF10A00F7F712FE0446002813
:10467000E4D0037F9F07F5D1837A9E07F2D4C36805
:104680004B4502D000DED0F80C90434A4846137BDD
:1046900043F001031373D2E9001303AA98470646B7
:1046A00000B310F1100F5ED03B4A002093681168F0
:1046B000984716F10B0F1ED08C36BFD000DEBDE739
:1046C0007047354918460A7B42F001020A73F7F732
:1046D000FBBD237F204643F002032377E168A369F3
:1046E0009847BCE7237F204643F00203A269E168B4
:1046F00023779047A2E700230226FF27264AD2F815
:104700000890D2E9004813608DF80B700DF10B0092
:10471000F7F7BEFD90B1037F9A07F7D40DB9DB0719
:10472000F4D4C368A342F1D1037F214643F00203CE
:104730008269037790478DF80B70E7E70125AE4259
:1047400001D02E46E0E70794002449464046039BEB
:10475000009604AACDE904440694F7F751FD002819
:104760007FF46CAFAAE7A37A43F00203A3720DF1C2
:104770000A00F7F78DFD014600283FF45FAF037F85
:104780009D07F4D1837A9C07F1D4FFF793FE30F0B4
:1047900002033FF453AF91E73813002010B51748D8
:1047A00009F03DFB38B30024154B9C6000F09EFAE5
:1047B00000281FDB224621468A20EEF7E5FA224632
:1047C0000121E320EEF7E0FA214622461E20EEF713
:1047D000DBFA4FF480720B4B8A20C3F88824EEF783
:1047E000A3FAE320EEF7A0FA1E20EEF79DFA01F0FF
:1047F000F5FF204610BD6FF0120010BDF8E8010073
:104800003813002000A0085008B500F081FA0028F5
:1048100009DB8A20EEF796FAE320EEF793FA1E20E2
:10482000EEF790FA002008BD0A460146024892B20F
:1048300083681B68184700BFF8E8010030B4074DD3
:10484000AB685C6834B1A4468AB2002301462846AE
:1048500030BC60476FF0570030BC7047F8E801008B
:104860000020704730B5044683B078B31D4B1A68FA
:10487000824225D0FF250DF107008DF80750F7F78C
:1048800007FD38B91AE0A1420AD00DF10700F7F789
:10489000FFFC98B1037F9B07F7D4C168002CF2D1CD
:1048A000037F826943F00203037790470DF107000D
:1048B0008DF80750F7F7ECFC0028EBD103B030BDC2
:1048C0009B686BB1014600209847D3E7054A93687F
:1048D000002BCFD011680029CCD000209847C9E721
:1048E00000DEC7E7381300200020704710B50446EB
:1048F000F7F7C0FC8CB90D4B9A68AAB100221C686E
:104900009A601A6004B124680020F7F7DDFC2046A5
:10491000F7F76AFD28B1002010BD0028F3D100DEB2
:10492000F1E700DE002010BD00DEE7E738130020CD
:104930008446064A13689068B3EB0C0318BF012342
:10494000B0FA80F00B704009704700BF38130020A8
:1049500040F27260704700BF10B51446F6F73AFE99
:104960002146F6F739FE002805DB5130B0F58A7F85
:1049700038BF002010BD002010BD00BF262810B594
:10498000044613D0272809D0252817D1022001F08A
:104990009DFF2046BDE8104001F09EBF502001F071
:1049A00095FF2046BDE8104001F096BF1A2001F0A7
:1049B0008DFF2046BDE8104001F08EBF0A2807D9C0
:1049C00027280AD900DE2046BDE8104001F084BF48
:1049D0000230400001F07AFFDBE70330400001F0D5
:1049E00075FFD6E701F0D8BF01F0DEBF08B502F0D1
:1049F00027F8BDE8084002F0ADB900BF08B502F0E5
:104A00001FF802F0A7F9BDE8084002F07BB900BF2B
:104A100008B502F015F802F09DF902F081F9BDE841
:104A2000084002F06FB900BF014608B5114801F017
:104A3000CBFE02F045F860B102F002FB01F002FF8C
:104A400000F0A4F900280EDBBDE808400020FFF7C5
:104A50004DBF01F0CBFF02F0F3FA01F0F3FE00F0DE
:104A600095F90028F0DA00DEBDE808400020FFF7E5
:104A70003DBF00BF7544010010B5044601F0E0FFE2
:104A800002F068F902F04CF902F03CF92046BDE86A
:104A90001040FFF7C9BF00BF10B5044601F0D0FFBA
:104AA00021460D4801F090FE02F00AF840B100F0F6
:104AB0006DF900280ADBBDE810400020FFF716BFA3
:104AC00001F094FF00F062F90028F4DA00DEBDE89E
:104AD00010400020FFF70ABF754401002DE9F04F98
:104AE000FF248046894692461F4689B09DF848B00B
:104AF0008DF81F400DF11F00F7F7CAFB002864D0A6
:104B0000037F9D07F6D1837A9C07F3D405683E683E
:104B10009DF81F300446294630460593F6F75CFDA4
:104B2000BBF1000F7DD0BC4208BF002426460DF12A
:104B30001F00F7F7ADFBC0B1027F9107F7D1827A72
:104B40009207F4D402682946049010460392F6F7BF
:104B500043FD039A049B00280DF11F00BCBF1546BE
:104B60001E46F7F795FB0028E6D1059B8DF81F3010
:104B7000464B9A68002A74D1002E72D14CB3BBF117
:104B8000000F61D11A7BB97A02F0010201F0020133
:104B90000A434ED14946534640463A460096F7F7F7
:104BA0002FFB0146002848D0BB7A9B070AD4002C73
:104BB00014BF26460E463046FFF77CFC30F0020359
:104BC00000D000DE6FF0760427E0304B9A68002AB0
:104BD00045D11A7BB97A02F0010201F002010A43C1
:104BE0003DD01A7B384622F001021A73FA68C3E9F5
:104BF00001891A60D04704460DF11F00F7F748FB02
:104C0000014650B1037F9D07F6D1837A9A07F3D40A
:104C1000FFF750FC30F0020331D1204609B0BDE867
:104C2000F08F0028BFF67FAFFF2335465C46059323
:104C30007CE7BC42D5D000DED3E700DEBB7A9F071D
:104C4000C0D4002EB7D1B2E753463A464946404653
:104C5000CDF800B0F7F7D4FA0028B3D1B1E70024BB
:104C600026464946534640463A46CDF800B0F7F747
:104C7000C7FA014628B1BBF1000FA3D1DEE700DE81
:104C8000CBE700DEBBF1000F9CD1D7E73813002043
:104C900001F1100004F0EEBB70B505460C4688B07B
:104CA0000122002104A809F02BFA03230026029315
:104CB0000D4B694628460396019306F0BCFB00287D
:104CC00010DB314647F6122340F2E7304FF47A7298
:104CD000E4FB03010023EBF7D3FB02460B4604A8D9
:104CE00004F0FCFB08B070BD914C010038B5012008
:104CF00002F0B6FC01240023044D6B60AC60EB6055
:104D00002946BDE8384006F096BB00BF00380020B9
:104D100010B5012002F0A4FC0446044906F0FAFB99
:104D20002046BDE8104006F0D1BB00BF003800208F
:104D30000C4B1A780AB100207047012010B518708A
:104D400002F08EFC4FF47A710446FFF7A5FF38B9E4
:104D5000204606F0BBFB02280CBF00206FF00400C9
:104D600010BD00BFD53E002008B5074BD3E8EF2F9C
:104D7000511CC3E8E01F0028F8D1002A01DC02F032
:104D800077FC002008BD00BFFC37002008B50A4BA7
:104D9000D3E8AF2F002A0CDDD3E8EF2F511EC3E874
:104DA000E01F0028F8D1012A01DC02F073FC00208A
:104DB00008BD6FF0770008BDFC3700200520704764
:104DC00000B9704700DE7047002208B50399054B13
:104DD000012099601146F5F737FA00B908BD00DEE9
:104DE00008BD00BFC80400202DE9F041C4688CB0A4
:104DF00094F92830002BC0F2A980636805460E465E
:104E0000002B40F0988094F8283023F0010384F8B8
:104E1000283001F0E5FC002001F020FD00210846CB
:104E200001F012FD08200022252101F07FFD012064
:104E3000F7F78AF9002800F090801C3001F0A0FDFF
:104E4000574B0BA80B9301F05DFD564940F25B6098
:104E500001F040FE94F82800C0F341002530FFF730
:104E60008DFD2146504801F0AFFC94F828309B0698
:104E700002D46368002B5BD0962001F081FF0023F1
:104E80001A461946184601F0FFFED4F800802F6834
:104E90004046FFF75DFD07446A6807F213110020E2
:104EA00001F07CFF02F008F901F01CFF2046F9F741
:104EB000DBF80146023140463A46C9B2FFF74CFDE5
:104EC000804600284FD10EB9636BD3B963687BB1BC
:104ED0002B6804F11802A3616968344BE1619A60A0
:104EE0000221012200206462F5F7AEF9002838D1D2
:104EF0002046FFF7F9FC002831D100200CB0BDE8B6
:104F0000F08140F2F3120892294A00930792294A4D
:104F10003B46059231460122CDE90366CDE90166A3
:104F20000694F6F72DFA10F0FD0FCFD000DECDE796
:104F300001F0C4FEA9E7636893F82A30D90705D4C5
:104F4000636893F82A309A077FF55DAF21461A48C7
:104F500001F03AFC01F04AFDCFE700DE6DE700DE2C
:104F6000CBE700DEC4E740F2E513144A14491548C4
:104F700005F06BFF42461449144805F066FF002314
:104F800083F31188BFF36F8F0323184602DF1048A5
:104F9000214601F019FC01F029FD6FF08B00ADE70F
:104FA000D6BE898E55555500F9530100D80400200E
:104FB000C14D0100C94D0100994A0100DCFB01000F
:104FC00028FC0100E0FA010034FE01002CFC010085
:104FD000415001000021FFF707BF00BF10B5044694
:104FE000FFF716FD94F8283023F0010384F82830E9
:104FF0009B0601D46368BBB1962001F0C1FE00237B
:1050000018461A46194601F03FFE0120F7F79CF8B2
:1050100088B11C3001F0B4FC01F064FE2146BDE80B
:105020001040064801F0D0BB01F048FE0120F7F720
:105030008BF80028EDD100DEEBE700BFF95301004B
:1050400010B50446FFF7E4FC01F060FE2046BDE821
:105050001040FFF7E9BC00BF08B5FFF7BFFF01F044
:10506000ABFCBDE8084002F027B800BF70B50546AC
:10507000FFF7BCFC01F022FE0120F7F765F8F0B164
:105080001C3001F07DFC01F0FDFC00BB02F01CF8BF
:1050900000210446084601F089FC00210646084626
:1050A00001F080FC3444CB34201A01F0D3FF01F02E
:1050B00019FE2946BDE87040064801F085BB00DEB8
:1050C0001C3001F05DFC01F0DDFC0028DED000DECC
:1050D000DCE700BFF953010070B5C36804461E68E1
:1050E000F6F778FA05463046FFF732FC00232D1A12
:1050F0002560636023812046BDE870400121FFF7F1
:1051000073BE00BF38B50446FFF768FF94F8283037
:1051100094F82820C3F34103013303F00303032B66
:1051200008BF002363F3420214BF03F125002520CA
:1051300084F82820FFF722FC63680BB1236953B978
:10514000F6F748FA01460020563101F0E1FEBDE8CD
:10515000384001F0B1BF01F065FF0546F6F73AFAB5
:1051600001460020563101F0D3FE01F0A5FF01F009
:1051700059FF2946F6F730FA23691B1A236138BD17
:1051800008B54B6823B14B6893F82A30DB070BD482
:10519000814204D04B6B4BB16FF08B0008BD0948C6
:1051A00001F012FB01F022FC002008BD064B136049
:1051B000FFF7DAFD002802DB6FF00A0008BD00DE11
:1051C000FAE700BF05510100D950010030B504468F
:1051D00085B0FFF71DFC20460DF10F01FFF7A8FB7E
:1051E00008B105B030BD054601F090FD012294F8EC
:1051F00028102846C1F34103134403F00303032B93
:1052000008BF002363F3420100952B4684F8281061
:105210002946F6F71BF994F92830002B04DB2046C9
:10522000FFF702FC05B030BD054B01222946284698
:105230009C60F5F709F80028F1D000DEEFE700BF29
:10524000B804002010B548B10C46FFF79FFD0028B8
:105250000BDB2046BDE81040FFF748BB044801F0D7
:10526000B3FABDE8104001F0C1BB00DEF1E700BFBA
:10527000CD510100002070470020704710B582B06A
:105280000446FFF771FD002809DB0023074A08499F
:1052900008480094F7F7D6F818B902B010BD00DE40
:1052A000F3E77730F9D000DEF7E700BFD54F010014
:1052B00045520100815101002DE9F04F83B09DF866
:1052C00038609DF83040B60106F0400646F02506ED
:1052D00046EAC4160C464FF0220C01279846237864
:1052E0000F9903F0100333434668237084F801C01C
:1052F0000B681546C4F802308B880D9AE38013685A
:105300008246A3609388A3817368C4F80E30328903
:10531000B37A677562822375B6F8169001F0CEFEF7
:105320000746002D3DD005F0030B0BF12B0B4FEA88
:10533000CB0BC5F340032BFA03FB4146284601F093
:1053400035FB07F5AF67DAF810305F448046A7EB0E
:10535000000B4BBB109AC2F800B0A375E375F28A3C
:1053600094F823302283328B6283BAF81420A2830C
:10537000D6F82220C4F81E2096F8262084F8222091
:1053800096F8282062F3040384F82330FFF716FD13
:1053900094F8233060F3471384F8233003B0BDE85A
:1053A000F08F4FF4B07BC8E740F2E24303FB09F90A
:1053B00001F040FE0346DAF81020284601211D4680
:1053C000019201F0F1FA019A2B181344002B01DB32
:1053D0005B4501D24B44F9E7109AA8EB070813602C
:1053E0009844044BA3FB0823627D9B0A0132E382AD
:1053F0006275B4E75917B7D12DE9F0478AB0044672
:1054000001F04AFBC0B2002800F0CE8001F06EFB34
:10541000054601F08FFC074601F096FC01F074FC94
:10542000EDB2064601F05CFCFFF7F2FA45B9214601
:10543000A34801F0C9F90AB0BDE8F04701F0D6BAB7
:105440000120F6F781FE8046002800F0BE8194F826
:1054500028502807C5F3C10AC5F3C00100F1A78091
:10546000F7B2626898F81C6006F00F03002A00F09B
:10547000B780626892F82A20920700F1B180072B6A
:10548000D5D0002900F09880002B40F0A08198F83A
:105490001D30063B1F2BCAD80420F6F755FE002806
:1054A000C5D001F00BFE636B43B940F27122238E2D
:1054B00002FB03F3B0FBF3F203FB120023685B680B
:1054C000A3F20A338342B2D301F0F8FB94F82860C8
:1054D000636801F019FB054609A9049104F12A014A
:1054E0000391C6F3801608F11E010296019198F807
:1054F0001C100123C1F3801100222046009129468F
:10550000FFF7DAFE284601F041FA01F0BBFA002865
:1055100040F0A28121466B4801F056F9626892F88A
:105520002A3043F0010382F82A3094F8283043F0FF
:10553000800384F82830F6F721FE17224FF6FF711A
:105540002B46C180027198F81C200546C2F3401119
:1055500000F11C0203F12000D3F800E0D3F804C0EE
:105560009F68DE6810338342C2F800E0C2F804C0CE
:105570009760D66002F11002EED11B6813602B7F9A
:10558000AC6061F345132B7701F04CFD099BC5E935
:105590000403F6F7F3FD294603462868EB600AB0DA
:1055A000BDE8F047F6F714BEFFF732FA3FE7FFB267
:1055B000002F3FF43CAF53E794F82920C6F3801145
:1055C00002F0010291420BD1062208F11E0104F102
:1055D0000800079309F095F8079B00283FF454AFA3
:1055E000002B73D198F81D20063A1F2A3FF61FAFF3
:1055F00005F02102202A40F0C3806268002A67D1AA
:105600009620079201F0BCFB079A104601F026FB9A
:105610000320F6F799FD054600283FF408AFF6F79A
:10562000ADFD4FF6FF730522EB802A71002F40F08D
:105630000F817F226B7E294623F001032A766B7649
:105640002868F6F7C5FD01F05FFA03210C25027802
:1056500061F303020270024698F81C104570057849
:10566000C1F3801161F3C715057094F82810EDB2ED
:10567000C1F3801161F3861502F8025BD4F82A1099
:10568000C0F80210E18D9180D8F81E208260B8F831
:105690002220828101F07AF901F0F4F9002840F02B
:1056A000DD8001F009FD214694F82830064843F0DA
:1056B000010384F828300AB0BDE8F04701F084B84F
:1056C00059500100CD5101006D500100062B89D0C9
:1056D000062B3FF6ACAE4FF0450929FA03F919F055
:1056E000010947D1012B52D0042B7FF4A0AE98F8CA
:1056F0001D30063B1F2B3FF69AAEEB077FF597AEAA
:1057000001F002FA98F81C600278C6F38013B3EB3C
:10571000D21F7FF48CAE0622083008F11E0108F07B
:10572000F0FF00287FF483AE98F81D30002B3FF483
:105730007EAE636823B106F00F06072E7FF477AEC6
:105740000320F6F701FD054600283FF470AEF6F79A
:1057500015FD4FF6FF730522EB802A719FB97F205C
:105760006B7E287669F30003294628686B76F6F786
:105770002FFD5CE698F81D30063B1F2B3FF657AE19
:105780004FF00009D5E701F0B7FAC0B2E8E798F8A2
:105790001D300C2B7FF44BAEC5F38015B5EBD61F37
:1057A0004FEAD61936D0BAF1010F7FF640AEB9F103
:1057B000000F3FF43CAE98F8293003F0C003402BB3
:1057C0007FF435AE4FF00109B3E700DE3FE6012B71
:1057D0007FF47CAF98F81D300C2B7FF428AEC5F316
:1057E0008013B3EBD61F4FEAD61926D0BAF1010FBA
:1057F0001AD9B9F1000F06D098F8293003F0C00388
:10580000402B3FF449AEC5F38015B5EBD61F4FEAE8
:10581000D619CCD1062208F1240104F12A0008F09F
:1058200070FF0028ACD0BEE7C5F38015B5EBD61FDE
:105830004FEAD6197FF4FBADECE7062208F124010C
:1058400004F12A0008F05DFF00283FF425AECDE703
:1058500001F052FAC2B2EDE600DE5BE600DE20E7C0
:1058600010B50446FFF7D4F8F6F7B0FD0246F0B1E4
:105870004FF0010C0F4B10491B7809780F4803FAC1
:105880000CF301EA0C0103F002030B4301882046EC
:1058900051800B4C1179247821F003010B4382F8DD
:1058A00000C013719471BDE81040FFF7BDB800DE71
:1058B000DEE700BFD83E0020D93E0020243D002076
:1058C000D63E002008B501F01BF9034601211A78E5
:1058D000002061F301021A7008BD00BF002070476C
:1058E000704700BF002330B40749084A0B8013807B
:1058F000074C084D08480949094A2B70237003706A
:105900000B70137030BC7047263D0020243D0020F2
:10591000D93E0020D83E0020DA3E0020D73E0020AD
:10592000D63E0020814207D091F82A305B0716D579
:105930000E4B188898B970470C4A0D4B128819788D
:1059400072B939B10B4A13680133136000DE6FF08E
:105950008B00704701226FF00F001A707047044BE4
:105960001B78002BEED16FF08B007047243D002098
:10597000D73E00202838002038B50D46F8B104463F
:10598000FFF704FA002835DBE3682189588B4A1CAD
:10599000024499835A83F6F719FD034660B3002148
:1059A00001241A79598022F0030242F002021A718E
:1059B0001C7099712846BDE83840FEF797BF91F9F1
:1059C0002730002B0ADB29460C4800F0FDFE01F0D1
:1059D0000DF895F896301B0708D438BD084B1B8886
:1059E000002BF0D10122074B1A70ECE7BDE83840DC
:1059F00001F0A6BB00DEC7E700DED0E7615801007A
:105A0000263D0020D83E0020F8B504460120F6F7D8
:105A10009BFB50B30021417794F87D5000F11C07A7
:105A200005F007052846E68F00F00EFF94F8963043
:105A3000AA001B07F1B242F001020ED50431082082
:105A4000C9B200F073FF3A46294604F1970001F00D
:105A50003DFBBDE8F84000F093BF082000F066FF72
:105A60003846BDE8F84000F08BBF00DED2E700BF4B
:105A700038B50446FEF7BAFF2A4A2B49138808783E
:105A800001332728138007D80B782849DBB251F857
:105A90002320013241F82320A08901F071F994F804
:105AA0007C2094F87D00C2F3C003002102F00702BD
:105AB00000F0070001F0E8F82046FFF7A5FF00F02E
:105AC000E1FF60BB01F000FB0346258A94F87D00EE
:105AD00001210D3500F007001D4400F067FF94F828
:105AE0007D30054403F00703022B16D0042B0CBFB6
:105AF0004FF4BC73282394F87C001D44C0F3C0010C
:105B000000F0070000F04EFF281A01F0A3FA21462A
:105B1000BDE83840064800F057BE1823EBE700DE2A
:105B2000D0E700BF263D00207D050020343800204E
:105B3000495C0100F8B505460F4690F87C10868F49
:105B400001F007042046C1F3C00100F07DFE95F886
:105B50009630A200DB0642F00102F1B20DD504310D
:105B60000820C9B200F0E2FE394605F1B80001F0A4
:105B7000B1FABDE8F84000F009BF082000F0D6FEF9
:105B80003846BDE8F84000F001BF00BFF0B505465B
:105B900083B001AA0F46D0E92001F4F7E5FA95F8A1
:105BA000963006465A0738D448B3019C95F895308C
:105BB00095F8942004341C4412B9627885F8942036
:105BC00033B10122237862F30103237095F89530F5
:105BD00095F894202846D31A6370F9F7B9F96378D9
:105BE00083422AD90122607000212378A17003F03A
:105BF0000F0343EA021323703C6003B0F0BD43F08F
:105C0000040385F8963000F07BFF0446237823F0E8
:105C1000100323703C6003B0F0BD43F0040385F82B
:105C2000963000F06DFF0446002EEFD0037843F06D
:105C3000100303703C6003B0F0BD3268D5F88430C7
:105C4000D21A18BF0122CFE72DE9F04782B00446EF
:105C500000F022FFC0B2002800F0EC8000F046FF08
:105C6000C5B201F051F8FEF7C9FEC24A13880133EC
:105C7000138094F92730002B56DB0120F6F764FAE5
:105C80000646002800F08881002D64D1BA4B94F8B4
:105C900096901D78C9F38009002D40F0D68001222E
:105CA000204601A91A70FFF771FF00252F46B34B5C
:105CB0001B78002B00F0AE802146B14800F084FD37
:105CC00094F92730002B80F20681019994F89620F0
:105CD0000B78204662F3C3030B7094F896300A7871
:105CE000C3F3400363F382020A70FFF723FF00F05F
:105CF000C9FE002840F04E8101F0D8F900287ED07E
:105D0000002F00F083804FF6FF73A08A984200F0C6
:105D100048813946F9F7B0F8002D40F0A28002B072
:105D2000BDE8F047F6F74CBA002D00F0A980954B7E
:105D30001A78272A00F2128101201B789249DBB2DF
:105D400051F82320024441F82320F6F7FDF90646D6
:105D5000002800F00A8194F89630317F03F00102A8
:105D6000C1F38000904206F11C0A00F0928082F09C
:105D7000010262F3000313F0040884F89630DAB2EB
:105D800040F0B780D4E9200101AAF4F7EDF9074605
:105D9000002800F0C580019D94F89590043505EB2E
:105DA00009035B7873B194F89620D2060AD5D4F82B
:105DB000C8200132C4F8C820D4F8CC2042F1000237
:105DC000C4F8CC2094F894204B44DBB29342C0F04A
:105DD000E58000F00F8100DE002794F92730327F44
:105DE000002BC0F2A180D00600F19E8015F809308A
:105DF000C3F3001383F001035FFA83F894E001F02A
:105E000049F901F04DF9002F7FF47DAF4DBB02B091
:105E1000BDE8F087E08900F0B3FF94F87D0000F062
:105E2000070000F01BFF2146584800F0CDFC01F0B0
:105E300043F94AE7FEF7E2FD2146514800F0C4FC71
:105E400002B0BDE8F04700F0D1BD013DEDB2204603
:105E500001A91D702F46FFF799FE002D3FF42CAFCE
:105E600023E7F6F78BF903233371A38A31463068B1
:105E7000F380F6F795F902B0BDE8F047F6F7A0B960
:105E80000120F6F761F9064600287FF4FFAE00DE38
:105E9000FCE6C1F3C001C3F340028A4200F09A80DD
:105EA00001210025C3F38009394B334A197020467C
:105EB00001A915702F46FFF769FE337FD9063FF51C
:105EC000F6AE019B1A78D2063FF5F1AE5B78002B57
:105ED0003FF4F2AEEBE600F089FD00F0D3FD0028C0
:105EE00040F0868094F8963069F3820384F8963007
:105EF00002E7134623F0040384F8963000F000FE16
:105F000094F92730002B0BDB327F12F0100708D1F9
:105F10000378C3F3001383F001035FFA83F803E00F
:105F2000327F4FF00008474694F89690C2F3C002C3
:105F3000C9F340039A4237D00025002101220E4BBD
:105F400020461970124B01A9C9F380091A70FFF796
:105F50001DFEB8F1000F7FF4AFAEAEE70120F6F7FB
:105F6000F3F8064600287FF4F6AE00DE00231B7F20
:105F7000FFDE00BF243D0020DA3E0020D73E002097
:105F8000615801007D05002034380020715A01005D
:105F9000D93E002000DEAFE600DE75E684F89530DD
:105FA0001AE700DEA08AB4E60320F6F7CDF8D8B1F0
:105FB00094F8963083F0020384F89630757F15B913
:105FC0005FFA83F9B9E794F8969019F0080F21D198
:105FD0000125B2E70320F6F7B7F8074600284ED0B0
:105FE0004FF000084746E3E7054694F89690A4E78B
:105FF00000DE77E70022D4F8840004F18001A4F8E1
:106000009420F4F7B9F8019B1B683B60019B1F606B
:10601000019FE2E601F062F800286ED001F086F8F8
:10602000002858D1D4F8A730D4F8AB20134304D1BA
:10603000337F03F00303032B38D00222304B214679
:1060400030481A7000F0C0FB00F0D0FC00F01AFDE0
:1060500020BB01F02BF858B1002F3FF4D8AE4FF61B
:10606000FF73A08A98421BD03946F8F705FF56E621
:1060700001F010F801F014F8002FF0D1C7E601226A
:10608000214B94F896901F70204B204601A91A705E
:106090003D46FFF77BFDC9F380090EE700DED8E738
:1060A00000DE3946A08AF8F7E7FE38E600F02CFD5E
:1060B00042780146272AC0D85046033208F00CFB2C
:1060C000D4F8A730013BC4F8A730D4F8AB3043F183
:1060D000FF33C4F8AB300122D4F8A73004F1A70194
:1060E0009B18C4F8A730D4F8AB3043F100034B60E1
:1060F000034B94F896901A706AE700DE8EE700BFB3
:10610000D63E002061580100DA3E0020D93E002032
:106110004FF6FF73F0B5C46885B0A28A9A4200F0CA
:10612000AD800546FFF7DEFB00212B89628B208CBA
:106130001A4492B21044618380B294F82710A3836A
:10614000431C238401F03F034906E28371D494F891
:10615000281004F12900009304F12203FEF76EF8E1
:106160000646204603A9FFF711FD039B94F89610FD
:106170001A7861F3C3021A70039A94F89630117872
:10618000C3F3400363F38201117000F029FB002088
:1061900000F064FB201D00F0B5FB2389A17A40F2DA
:1061A0005B6043EA014100F095FC394B272E1E70DD
:1061B00005D8384A52F82630013342F826303046A6
:1061C000FEF7DCFB20460399FFF7B4FC214632487A
:1061D00000F0FAFAE08900F0D3FD94F87D0000F0B9
:1061E000070000F03BFD27682E683846FEF7B0FB3D
:1061F00003461E4406F213116A68012000F0CEFD2A
:1062000000F05AFFA18A324603313846C9B2FEF780
:10621000A3FB0646A0B1AB7A13F0020518D0002507
:1062200021461E4800F0D0FA00F0E0FB284605B0F9
:10623000F0BD218D04F12202FEF744F8064690E7F6
:106240002046FEF751FB00BB0025284605B0F0BDF7
:106250004FF48273124A1349134804F0F6FD324694
:106260001249134804F0F1FD85F31188BFF36F8FD5
:106270000323184602DF6FF08B05D1E721460D4856
:1062800000F0A2FA00F0B2FBDEE700DEDCE700BFC0
:106290007D050020D4380020715A0100794A0100A0
:1062A00058FC010028FC0100E0FA010048FE010052
:1062B0002CFC0100994A010010B582B00446FEF79B
:1062C00053FD002809DB0023074A084908480094C9
:1062D000F6F7B8F818B902B010BD00DEF3E7773072
:1062E000F9D000DEF7E700BF116101007959010024
:1062F00025590100264B0246D3F8A413013106D0DC
:106300002349D1F8A00310F0010009D170474FF6DE
:10631000FF71D3F8A8339BB28B42F1D100207047B4
:10632000D1F8A4331360D1F8A803C0F3072363F0B6
:106330003F0310715371D1F8903301331CD0D1F861
:106340009433013318D0D1F89833013314D0D1F8F5
:106350009C33013310D0D1F89033C2F80630D1F815
:106360009433C2F80A30D1F89833C2F80E30D1F81D
:106370009C33C2F8123008E00023C2F80630C2F89D
:106380000A30C2F80E30C2F812300120704700BF48
:1063900000C0FF000023144A036043608360C360B1
:1063A000D2F88033013318D0D2F88433013314D0BB
:1063B000D2F88833013310D0D2F88C3301330CD0AB
:1063C000D2F880330B60D2F884334B60D2F8883334
:1063D0008B60D2F88C33CB60704700230B604B602E
:1063E0008B60CB60704700BF00C0FF0000214FF4FE
:1063F0008062034BC3F82811C3F81423704700BF11
:1064000000200E50034B1878421C003818BF0120A2
:106410001A707047DB3E0020064B187830B1013807
:10642000C0B21870003818BF0120704700DE18781D
:10643000F5E700BFDB3E0020054BD3F84427D3F837
:1064400040075200D3F84417F7D40029F5DB704712
:1064500000200E5030B484460C461D4AD2F8443712
:10646000D2F8401713F08043D2F84407F6D1002841
:10647000F4DB012502EB0C12C2F82C354FEA8C023A
:10648000D2B24FEA0C1C0CF1A04002F1A04201393B
:1064900000F5622002F56222C0F820151560D0F8E0
:1064A00020259142FBD0A2424FF00102D0F82415E2
:1064B0000CF1A04388BF0131C1F3130103F562233E
:1064C000C0F82045C0F82415C3F82C2530BC70470F
:1064D00000200E502DE9F0430025594C5949C4F8CD
:1064E00000550225C4F800558025574E022AC6F8EB
:1064F0001413C4F88010554CC4F89C1104F5802482
:10650000C4F89C105249A4F58224C4F80455C1F87B
:106510000455504C4A49C1F8044500F08D80032AC7
:1065200040F08680A322C1F848250268444912BA87
:10653000C1F81C254268012612BAC1F818258268E4
:106540004FF00E0E12BAC1F81425C268424F12BAAB
:10655000C1F81025027CC1F82C25B0F81340027E4A
:1065600064BA02F00102A4B244EAC214B0F81120E5
:1065700052BA44EA0244C1F82845D0F81940374AD3
:1065800024BA9260C1F82445D0F81D002E4C00BA00
:10659000C1F82005D4F8280E1546002405F8044F4C
:1065A000D2F82C805FFA80FC2D480CF102091061B2
:1065B000956101382B4D69F317081680C2F82C80BD
:1065C00006F1506600F103085561D5611062D7608D
:1065D0005662C2F8288082F82FE0C2E9135355644E
:1065E000D56DACF1040C6CF31705D565C2E90C440C
:1065F000C2E9184402F10805D763566582F85FE0E6
:10660000C1F8305502F13805C1F83855C1F80441D8
:10661000D1F80451C1F80841D1F80811591C941D52
:1066200003331164511D946391649365BDE8F08355
:10663000E322C1F8482578E7C322C1F8482574E76A
:10664000006004500700008000A008500030045093
:1066500000200850020000010200000B74390020E5
:10666000E13900200100000CF0B402240025464B63
:106670000229C3F80055C3F80045444CC3F804454B
:106680007ED0032978D1A321C3F8481503683E4979
:106690001BBAC1F81C35436801251BBAC1F818356F
:1066A00083684FF00E0C1BBAC1F81435C3681BBACF
:1066B000C1F81035037CC1F82C35B0F81340037EC7
:1066C00064BA03F00103A4B244EAC314B0F8113071
:1066D0005BBA44EA03442E4BC1F828451E46002409
:1066E000D0F819709B603FBAC1F82475D0F81D002E
:1066F000284F00BAC1F820051D80DF6050789A61EC
:1067000026F8020F03321A625A6A1E6160F31702FA
:106710005A62214E021D21489C62D8615E6183F855
:1067200027C0DC625865DE6D1D48C3E91844186453
:1067300062F31706013803F10802DE65DF631865AE
:1067400083F85FC0C1F8302503F13802C1F838255D
:10675000C1F80441D1F80421C1F80841D1F8082159
:10676000C21C9A650F4A0D60591DC3E91121DA64F4
:106770009A1D9A63F0BC7047E321C3F8481585E77A
:10678000C321C3F8481581E70060045000000501EB
:10679000743900200200000B0200000C0100000D03
:1067A000E13900200100000C044BD3F8203223B162
:1067B000034A044B10681B681847704700A0085034
:1067C000EC3B0020F03B0020024B034A19601060B4
:1067D000704700BFEC3B0020F03B0020704700BF3B
:1067E0000022012130B4144B1448154DC0F8282E56
:1067F000C3F8A020C3F8A420C3F8A820C3F8AC2095
:106800005962D962C3F81028D3F8104844F4804480
:10681000C3F81048C3F81428D3F8144844F40044CB
:10682000C3F81448C0F80021C0F80421C0F80417C8
:10683000296330BC704700BF0020085000A00850FA
:1068400000E01050704700BF02280CBF0422032252
:10685000014BC3F80025704700A00850072821DC31
:1068600000F10A03DBB2112B15D910F10C0F20DA5D
:1068700010F10E0F1FDA10F1100F18DA10F1140FCB
:106880001DDA10F11C0F18DA2930CCBF4FF49872C2
:106890004FF4887202E00B4A52F823200A4BC3F8E7
:1068A000102770473F22084BC3F810277047042277
:1068B000F4E70622F2E70522F0E70122EEE70222E2
:1068C000ECE700BF54FE010000A00850014BC3F8E4
:1068D0000807704700A00850094B40F4090040F039
:1068E0004000C3F84005D3F8282E22F00072C3F808
:1068F000282ED3F8282E42F00072C3F8282E7047B5
:1069000000A0085000210123074AC2F83C1EC2F82B
:10691000403EC378C2F8343E8178038843EA01439D
:106920001B02C2F82C3E704700A0085002F01C0366
:10693000A3F10803B3FA83F302F00302013A5B09FF
:106940001B06022A98BF43F4801300F00F000A4A86
:10695000184340F48070C2F8200ED2F8280E074B7E
:106960000340C2F8283ED2F8283E194341F4403192
:10697000C2F8281E704700BF00A008500000F8FEB3
:10698000014BC3F8D00E704700A00850014BC3F86C
:10699000D00E704700A0085002280CBF28202920E4
:1069A000704700BF012070472920704702280CBFA4
:1069B00005200A20704700BF4FF40050012110B499
:1069C000064A074B074CC3F81823C4F88C20064A24
:1069D000C2F80405596010BC704700BF0D0000806C
:1069E00000A00850005008500020085000234FF429
:1069F0000050012130B44FF47E540E4A0E4DC5F8BC
:106A00008C30C2F8A030C2F8A830C2F808050B4894
:106A10005162D162C0F8DC35A0F51C20C0F880308E
:106A200000F58820C2F80845C0F80034016130BC88
:106A3000704700BF002008500050085000200E5042
:106A400000220F4BC3F80022D3F80012C3F80C2227
:106A5000D3F80C12C3F81822D3F81812C3F81C226A
:106A6000D3F81C12C3F85C22D3F85C12C3F83822A6
:106A7000D3F83812C3F82022D3F82032704700BF71
:106A800000A00850034BD3F80002003818BF0120C3
:106A9000704700BF00A00850064BD3F8180238B169
:106AA0000120054A05491368D1F848150B441360C5
:106AB000704700BF00A00850E43B00200050085081
:106AC000034BD3F82005B0FA80F04009704700BFAF
:106AD00000A0085040F20312034BC3F8442EC3F841
:106AE000480EC3F84C1E704700A00850034BD3F863
:106AF0000C0E003818BF0120704700BF00A00850DE
:106B000000487047E43A002000487047E039002010
:106B10002DE9F0474FF00008484F494E97F800C064
:106B200082460CF10403DBB20CF1010E0CF10E04F1
:106B30004FEAC30C5FFA8CFC66444248DFF808C198
:106B4000424D0EF0010E9DF82090C0F818C3C6F813
:106B500000C04FEACE06E4B23544012944F00044B7
:106B6000C5F800803AD0BAF1000F2ED1022A0CBF2E
:106B700032223622364D0EF10E0141F0004103F172
:106B8000700645F82640C0F804119B0003F150231D
:106B900003F50023D3F840154FF40054914294BFFD
:106BA0000122D3F840152B4888BF8A1AC3F8402524
:106BB0002449254B264AC0F80445C1F81833C2F8C9
:106BC000C83087F800E0BDE8F087214A03F1700182
:106BD00042F821402D22C0F80441D6E7BAF1010F56
:106BE0001BD04AF2B81149F6346542F2B846B9F101
:106BF000020F18BF0D4641F28831022A18BF3146F4
:106C00004A19154903F17005A1FB021210499209B6
:106C100041F82540C0F80041B7E70D490EF10E02DA
:106C200042F00042B9F1020F03F1700541F825402E
:106C3000C0F800210CBF29222A22A6E7DC3E002052
:106C40008020085000A008500D000080A0200850AF
:106C50000050085000200850D34D621010B5084B6A
:106C6000084A84B00446C3F80024002301201A46D1
:106C70001946CDE901330094FFF74AFF04B010BD77
:106C800000A008500100080070B58C4616461D464D
:106C90000024084B084A84B00121C3F800240246AE
:106CA00063462046CDE900650294FFF731FF04B04A
:106CB00070BD00BF00A00850010008000022054B75
:106CC00005490648C1F80004C3F8A020C3F8A8206D
:106CD000704700BF0020085000A0085001000800C5
:106CE00000207047034AD2F8003443F01003C2F882
:106CF0000034704700A00850014BD3F818077047C4
:106D000000A00850704700BF01207047034AD2F826
:106D1000903E23F0FF03C2F8903E704700A0085059
:106D20000022034BC3F82422D3F82432704700BF5B
:106D300000A00850034BD3F82402003818BF0120EC
:106D4000704700BF00A00850014BD3F8180E7047E1
:106D500000A0085000234FF47E5110B40548064CA3
:106D6000064AC4F8DC35C0F88030C2F8081510BCFB
:106D7000704700BF0060045000200E5000200850F3
:106D8000044B054A1B780433DBB203F5A87342F8C1
:106D900023007047DC3E002000500850F0B4A2F5FC
:106DA00074234E4CA3F51073A342074604D902F591
:106DB0007422013902F51072494B0125A3FB02230D
:106DC0009B0C502B184638BF5020002402264FF051
:106DD000050C444A1944D560C51A434BC2F8044512
:106DE000C2F810C5C2F80865C2F840050E1AC3F80B
:106DF000DC45D3F84427D3F840175200D3F8444772
:106E0000F7D4002CF5DB01220139C3F8D015DA6282
:106E1000354AD2F8D0359942FBD04FF0000C012111
:106E20004FF48074D2F8D4259E4238BF01322E4BE5
:106E3000C2F31302C3F82CC1C3F8D065C3F8D4253C
:106E40002A4AC3F8DC15C3F8AC21A3F5BC23C3F868
:106E5000A02103F58023C3F8A0202249A3F5005305
:106E6000C3F80445A3F58023C1F88020C3F8044586
:106E70004FB30132C1F8C02101F5A041C1F8002192
:106E80004FF40072C3F804254FF0000C4FF4005784
:106E9000174B144A1D60174D174EC5F800C0174B0D
:106EA000174C1849184DC5F81863C2F88C60C3F820
:106EB0000475C2F8D041C3F8A440C2F8D411C3F895
:106EC000AC10F0BC7047114AC1F8C0210E49C1F89E
:106ED00004214FF40072C3F80425D5E7BFBDF07F4D
:106EE00083DE1B430050085000200E500800008035
:106EF000E83B0020E43B00200D000080002008500B
:106F00000E0000800F00008000A0085009000080E3
:106F1000F0B40124502700260546394A394B546005
:106F2000D460C2F84075A1F14F04C3F8DC65D3F812
:106F30004427D3F840175200D3F84407F7D4002869
:106F4000F5DB012001392F4AC3F8D015D862D2F8F9
:106F5000D0359942FBD0002601214FF48070D2F841
:106F6000D4259C4238BF0132264BC2F31302C3F82A
:106F70002C61C3F8D045C3F8D425234AC3F8DC15E7
:106F80002249C3F8AC21A3F5F033C1F8A021C3F81E
:106F9000A020A3F50053C3F8040501F58051A3F523
:106FA0008023C1F88020C3F804054FF40070EDB1D0
:106FB000174C0132C1F8C021C4F80021C3F8040500
:106FC00000254F244FF40051124A13481560134B0B
:106FD0000F4A04600A48C2F81833A2F50042C0F80C
:106FE0008C30C2F804155020F0BC70470C4A084C95
:106FF000C1F8C021C4F80421C3F80405E0E700BFCC
:107000000050085000200E5008000080004008503A
:1070100000A00850E43B0020E83B00200D00008069
:1070200009000080024BD3F8D425D3F8D00570476F
:1070300000200E50014B1868704700BFE83B00204D
:1070400001230249024A4B605363704700500850C5
:1070500000E0105070B44FF4C056094B094C0A4A76
:107060000A490B4DC3F84405C2F80C43C3F8C440A9
:10707000C3F8C411C2F81011C5F8046570BC70479C
:10708000005008500B00008000A008500C00008049
:1070900000200850014BD3F84405704700500850B9
:1070A000014B1860704700BFDC390020014B1868A5
:1070B000704700BFDC390020704700BF014B1868E3
:1070C000704700BFE43B00200020704713460122B8
:1070D000FFF700BA0A460121FFF7C6BA38B5022306
:1070E000104CC4F80433D4F8043163B92025EFF30D
:1070F000118085F31288BFF36F8F04F019FCD4F868
:107100000431002BF3D002204021064B064AC3F87D
:107110000803C2F88811D3F80801B0FA80F04009DA
:1071200038BD00BF0060045000E100E0034BD3F81D
:107130000004003818BF0120704700BF00600450F1
:1071400001210022024B5960C3F80025704700BF9F
:10715000006004500139012905D8E3200AB1EBF79A
:10716000E3BDEBF7EFBD00DE704700BF29B1013989
:10717000012905D8E320EBF7F9BD1E20EBF7F6BD9A
:1071800000DE0020704700BF88420BD0012803D0EA
:10719000022809D000207047A1F10200B0FA80F067
:1071A0004009704701207047A1F10100B0FA80F05A
:1071B00040097047012908D0022906D051B94FF083
:1071C0008042054BC3F8002170470822024BC3F8E8
:1071D0001C21704700DE704700E100E008B507F0B1
:1071E00094F808BD032803D8054B185C28B17047F4
:1071F00000DE034B185C0028F9D100DE704700BFA9
:107200009CFE0100013810B41C46042806D8DFE8B3
:1072100000F008111A23030004292FD000DE10BC4F
:1072200070470429FAD1194B02219C60002010BC40
:10723000F3F70AB80329F1D10121154B08469C60E8
:1072400010BCF3F701B80429E8D1124B02219C606D
:10725000012010BCF2F7F8BF032908D00429DDD1C2
:1072600002210D4B08469C6010BCF2F7EDBF0B4BA2
:1072700001219C60022010BCF2F7E6BF084B0221FE
:107280009C60032010BCF2F7DFBF00BF3805002070
:107290002805002018050020F8040020080500201B
:1072A000E804002001460A20FFF7D4B82DE9F04396
:1072B0004FF0100E012400224FF0070C374B00EB6B
:1072C0000E0800F1200700F1300600F140055C6077
:1072D000016809BAC3F81C15416809BAC3F8181542
:1072E000816809BAC3F81415C16809BAC3F8101542
:1072F000C0F8308080F834E080F8352080F83620FF
:1073000080F837C080F8382080F8392080F83A209B
:1073100080F83B2080F83C2080F83D2080F83E201B
:1073200080F83F20076480F844E080F8452080F82A
:10733000462080F847C080F8482080F8492080F82F
:107340004A2080F84B2080F84C2080F84D2080F8AF
:107350004E2080F84F20C3F83065C3F83855C3F885
:107360000021C3F804211C6005E0D3F8041131B9F1
:10737000D3F8301519B1D3F800110029F5D05C60AD
:10738000D3F804110029A2D1D3F83095B9F1000F38
:107390009DD0C3F83015BDE8F08300BF00700450E5
:1073A0002DE9F0410126124C4720D4F83075666073
:1073B000EBF7C8FCD4F80401A7F1400540B1002167
:1073C000C4F804113046D5E90E32BDE8F041184743
:1073D000D4F8003143B1C4F80001A7F12001D5E988
:1073E0000E32BDE8F041184700DEBDE8F08100BF75
:1073F0000070045070B5044694B00E461546214600
:10740000102268461C46F2F77DFE102231460DEB35
:107410000200F2F777FE6846FFF748FF25B1102219
:10742000284608A9F2F76EFE2CB108AD0FCD2060FA
:107430006160A260E36014B070BD00BF0122024B26
:10744000C3F80424704700BF002008E0084B70B563
:10745000C31A0D4607499B1004465943402206486B
:1074600006F0C0F82B4601462046BDE8704018479C
:10747000383C0020B76DDBB688E80100402373B5C7
:107480000B4C0093041B0B460D460A49A4106143A4
:107490000646094A094806F0D1F8014628B13046A7
:1074A0002B4602B0BDE87040184702B070BD00BF67
:1074B000383C0020B76DDBB6A9D6010088E8010092
:1074C000F8B500220121054640F20510EBF75CFCFF
:1074D0000F4800F0E9FD0446B8B900F005FE2F6939
:1074E0000C49384603F094FF031E09DB01263E6475
:1074F0002D69084905F11C0003F08AFF031E02DA1A
:107500001C462046F8BDEE64FBE76FF00404F8E784
:1075100041760100A0FE01001FB5002201236C4648
:10752000CDE902236B46074ACDE9004406F0B5F8E1
:1075300028B943F609520023684601F0CFFF04B092
:1075400010BD00BFBBD6010010B5EFF3118420239E
:1075500083F31288BFF36F8F074A136823F0020189
:10756000DB07116002D4012006F0FDF984F31188D5
:10757000BFF36F8F10BD00BF883C00200C22104B62
:10758000014602FB0033002030B4D3E90E52986369
:10759000EFF31180202484F31288BFF36F8F1C6CEB
:1075A00004F0C00444F002041C6480F31188BFF3AB
:1075B0006F8F1DB12B4630BC0248184730BC704756
:1075C000383C002088E8010010B4EFF3118020223D
:1075D00082F31288BFF36F8F16490B6843F00204E1
:1075E00013F001030C6017D0134BD3F80C3413F4D1
:1075F000803311D0EFF3118182F31288BFF36F8FC4
:107600000E4A136C03F0C00343F00203136481F3CA
:107610001188BFF36F8F012380F31188BFF36F8F41
:107620001BB1002010BCFFF7A9BF012010BC06F061
:1076300092B900BF883C002000E01050383C002088
:10764000022808D0042808D1044B186C10F0070059
:1076500003D1FFF793BF0120FBE77047383C0020C0
:10766000C3B21C20014A00FB03207047383C0020B5
:10767000074BD3E8EF2F42F00101C3E8E01F0028D9
:10768000F7D1930702D4012006F065B9704700BF17
:10769000883C002010B5EFF31184202383F3128877
:1076A000BFF36F8F074A136823F001019B07116036
:1076B00002D4012006F057F984F31188BFF36F8FCD
:1076C00010BD00BF883C00202DE9F041012280461A
:1076D0003549D1E8EF3FC1E8E02F0028F9D133B9AF
:1076E000324933484B60CB608A6003F0A4FE08F156
:1076F000FF33012B4BD8B8F1010F06D12D4BD3F836
:10770000503403F00303012B41D006F0FEFD054683
:1077100050B1EFF31186202383F31288BFF36F8FEC
:107720000125244C244F20E0244B1B78002BF0D063
:107730000422204B0646C3F80823F2E74DB3304637
:1077400004F0F6F8D4F8403413F0FF030DD1D4F868
:10775000082152B1C4F80831D4F80831202201239D
:10776000C4F84034C7F8A0212361D4F84C24D4F8DD
:107770004C34D203E2D503F00303012B02D0B8F15D
:10778000010FDBD155B186F31188BFF36F8FBDE8D0
:10779000F0810021202006F07EFED3E70422054B75
:1077A000C3F80423F3E700BF343C0020243C00204E
:1077B000543C002000E0105000E100E0DF3E0020DB
:1077C00008B5074806F02BFB38B10648EBF72EFE4C
:1077D0000448EAF767F9002008BD6FF01200FBE7E4
:1077E00014E90100E97701000A2838B50446074D7D
:1077F00004D1AB680D2128465B689847AB68034805
:107800005B68E1B29847204638BD00BF14E901002B
:107810002DE9F04340F206354768D00648BF4FF0E7
:10782000030C3B7C02EA050558BFC2F3401C87B03D
:1078300001F01F06B5F5837F144646EA43168DF81E
:1078400003C045D00DD8062D44D005D8A5B1022DD2
:1078500012D06FF0150038E0B5F5807FF9D1012521
:107860000AE040F20222954236D0B5F5407F35D08D
:10787000B5F5007FEDD10425220331D501237A68C7
:107880008B405360B86890BB5F2E06F01F034FEA31
:10789000561175D83C4A52F82120C4F3004102EB3E
:1078A0008302D2F8803081F00101C4F3404423F414
:1078B000706344EA410423F00F031C4344EA8C0440
:1078C00044EA0524C2F88040002007B0BDE8F083F8
:1078D0000925D1E70825CFE70625CDE70525CBE724
:1078E000630341BF01237A688B409360CAE7314646
:1078F0000DF1020206F00AFA14F4403F80460CD162
:107900003146B86806F01BFAB8F1000FDCD19DF8DB
:107910000210B86800F0F0FFD6E74FF0000901ABA5
:10792000CDE90199CDE90439CDF80C903146B8681C
:1079300003AA06F034F94845C6DB14F4003314D02A
:107940009DF80330C4F3004484F001048DF80E3038
:107950008DF80C508DF80D404B463146B86803AA9F
:1079600000F01CFF0028CFDAAEE7CDE904330DF1BB
:10797000030303933146B86803AA06F010F9F1E750
:10798000203350F82330FFDEC4FE01004209022AF2
:10799000034670B503D0012A18D0CAB170BD0E4E8F
:1079A000326951680029F9D0012503F01F030C68E2
:1079B0009D400029F2D08A682A4002D030464B68A8
:1079C00098473CB1236821461C46F2E7034EE7E79F
:1079D000034EE5E72346F6E7DCE80100C0E80100D6
:1079E000A4E8010038B54568A868C0B106F0A1F95F
:1079F0000146A0B9A86800F047FF044688B90246CE
:107A00000949A86806F07FF922460121DB20EBF73F
:107A1000BBF92246012140F20D10EBF7B5F9002029
:107A200038BD6FF00400FBE78D790100F0B54568C3
:107A30001646A8682A7C01F01F0487B044EA421465
:107A4000002868D0B6F5001F04D1214606F0C9F918
:107A5000002051E00020B6F5800F01AA019050608F
:107A600039D1B3F1007F14BF052304238DF804300E
:107A70000023CDE904230393EB680DF1030723FAF8
:107A800001F111F0010139D1B6F1A07F36D104F036
:107A90001F035F2C4FEA541003F120033ED8214A04
:107AA00052F8202052F82330DB0727D43A462146EB
:107AB000A86806F02BF9163018D002972146A8685E
:107AC00003AA06F06CF8002816DB01222146A868FC
:107AD00006F037F9BCE7B3F1C06F05D0B3F1007F12
:107AE00014BF01230223C1E70323BFE73946A86877
:107AF00000F00CFF0028E0DA07B0F0BD3A4621465E
:107B0000A86806F003F90028D8D19DF80310A868EA
:107B100000F0F2FED2E76FF08500EDE751F8233078
:107B2000FFDE00BFC4FE0100036803F01F025F2BED
:107B300002604FEA53129ABF024B53F82200002012
:107B4000704700BF0CFF01002DE9F74F15460646B0
:107B50004FF0010800EB8101B14203D1002003B0D6
:107B6000BDE8F08F3268C2F3C323082BC2F30804C8
:107B700000F2A0805148C75C40F2FF139C4208BF4E
:107B80004FF0FF34B2F1D05F4FEA126310D2192BDD
:107B900012D8DFE803F014233734282F34111111E1
:107BA0001111111111111111111111113A71747773
:107BB000382B6AD04E2B25D06FF08500CFE7C5F863
:107BC0000446621C56D001A80194FFF7ADFF019B4B
:107BD0004FF0010908FA03F3436029E0C5F80C46A9
:107BE0004FF0000A62E04FF00009C5F80046601C43
:107BF00016D13FE04FF00109C5F80446F7E7C5F894
:107C00000846EDE7C5F81046DBE7C5F86045738820
:107C1000621C03F001032DD0002BD4D14FF00109D9
:107C200001A80194FFF780FF019B08FA03F383602A
:107C30004FF0010AD6F800B001A81BF4004F1CBF9A
:107C40004FF001094FF0000A0194FFF76DFF019B0F
:107C50001B4C00EB8300D0F88020CBF3412B3B0280
:107C600043EA8B0343EA0A031440234343EA4903EC
:107C7000C0F8803004366FE7C5F86445C7E7C5F83B
:107C80006845C4E7C5F86C45C1E701A80194FFF752
:107C90004BFF4FF0010A019B00EB8300D0F88030CE
:107CA00023F0E04343F08043C0F88030631CE1D010
:107CB000D146BFE76FF0150051E700BFCA220200AE
:107CC000F0F0FCFF2DE9F04104460D46476806F050
:107CD0001CFB88B12021EFF311831A4681F312882F
:107CE000BFF36F8F60680068D0F83001D0B983F3BC
:107CF0001188BFF36F8FEEE71E4B1B78002BE9D086
:107D00004FF02008642663681B68D3F83031FBB954
:107D1000012005F0E9FD013EF5D10021202006F00B
:107D2000BAFBEFE77B6A00201D706368796A1B6805
:107D3000C3F83C170121C3F84017C3F83001D3F84A
:107D40003001196582F31188BFF36F8FBDE8F081B0
:107D5000EFF311831A4688F31288BFF36F8F6168BF
:107D60000968D1F830110029DCD183F31188BFF301
:107D70006F8FD2E7DF3E002070B40F4CD4E90015BE
:107D8000501A63EB0506400940EAC6602026E0FB76
:107D90000615C4E90015002400250849C1E900239F
:107DA000074BC3E90045EFF3118186F31288BFF357
:107DB0006F8F70BC02F09ABA681300205013002035
:107DC0006013002008B500220121E420EAF7DCFF5F
:107DD000164A0020D2F8183723F44033C2F8183777
:107DE00000F0DCFE002820DB0120114900F062FFDA
:107DF00000281ADB00F0ACFE0E4B20F01F00C3E998
:107E000000010D4B0022C3E900014FF0FF304FF09D
:107E1000FF310A4BC3E90001094B0A49187A00F007
:107E2000A7FE67220020084B1A6008BD00200E50F4
:107E30005005002068130020481300205013002034
:107E400048050020797D0100B83C002008B500F00D
:107E50007FFE064AD2E90032C01A054B61EB0201EF
:107E6000C3E90001400940EAC16008BD6813002071
:107E700060130020F7B5224B0146224F187A224B9F
:107E8000D7E90056D3E900239E4208BF954211D19D
:107E9000B1F1806F0ED24901012938BF01210122C1
:107EA0004D1946F10006C7E9005603B0BDE8F040A1
:107EB00000F086BF154BDFF858C0D3E90043DCE97A
:107EC000002CA41843EB0C0C4FF0200E2246634606
:107ED000C1FB0E23954276EB0301C7E900230DD2C7
:107EE000291B66EB0C04C82974F10004B4BF0121FE
:107EF0000021009100F02EFF03B0F0BD0021F8E753
:107F0000480500205813002050130020681300205B
:107F100060130020064BD3F840231C2A05D1D3F868
:107F20004403431E5842584170470020704700BF29
:107F300000C0FF0003689A070CD50368DB070DD566
:107F40000922074BC3F80C250F22C3F80425012290
:107F50001A60FEE7034B0360EF3B0360704700BF0E
:107F600000801050F000FA5008B50123404A414803
:107F7000C2F80038404AD2F840231C2A04BF3F4AC6
:107F8000C2F80C34FFF7D6FF0830FFF7D3FF0830F4
:107F9000FFF7D0FF0830FFF7CDFF00F5F470FFF7D3
:107FA000C9FF374AD2F88C3043F44063C2F88C30B2
:107FB0000022D30003F57F0303F54043D3F80014F8
:107FC00001310AD0D3F8001439B1D3F800140132CA
:107FD000D3F80434402A0B60EBD1254BD3F840246E
:107FE000002A41D0FFF796FF48B1234BD3F8342342
:107FF000244B9A429EBF1E4B234AC3F84026FFF7EC
:1080000089FF18B1214B224AC3F8AC27FFF782FF42
:1080100048B13422164BC3F82426D3F83C2622F468
:108020000022C3F83C261B4B1549D3F80026D20783
:1080300044BF6FF00102C3F80026174BD3F8182590
:1080400022F00302C3F81825D3F8182542F00302E2
:10805000C3F81825D1F88C2042F44062C1F88C2076
:108060000022C3F8A02508BDC822C3F84024B9E700
:108070000000125000C50D5000C0FF000030055038
:1080800000ED00E0001D0A1840E0A91E00A0085005
:1080900078000A0400E0105000B00450014B1B6847
:1080A000184700BFBC3C002010B50C4C237993B995
:1080B000012323710A4B0028206018BF184600F0E6
:1080C000F3F850B923680748002B08BF1846BDE8ED
:1080D000104000F035B86FF0770010BDBC3C0020B8
:1080E0009D80010053D9010008B5074B1B6853B1AF
:1080F00040F20510EAF73AFE28B9BDE8084040F220
:108100000510EAF711BE08BDBC3C002038B50423B9
:108110000A4C42F21075C4F808330123636100234E
:10812000C4F80831D4F80831D4F84C34DB0304D552
:10813000012005F0D9FB013DF6D138BD00E010501B
:10814000064A13793BB9012110601171044A18469F
:10815000C2F8403470476FF077007047C43C00208D
:1081600000E0105010B51D4B1D4CD3F84C14D3F843
:108170004C2411F4803F19D002F00302012A01D0EF
:108180008AB90022154BC3F840240022C3F8082105
:10819000D3F8082101221A6122688AB9D3F808218C
:1081A000002AFBD014E0FFF7B1FFEAE7D3F8482438
:1081B000D107E6D5D3F850249207F4D422681AB137
:1081C0000422C3F8042310BDD3F80821002AFBD0F1
:1081D0000022C3F80821D3F80831F4E700E010507A
:1081E000C43C0020F8B50125184C194ED4F80C33C6
:1081F00003F00C0303B9F8BDB3FA83F30027C3F10E
:108200001F039A0002F5807292B202F1A04202F5B9
:108210008712176005FA03F1022B1268D8B2C4F86E
:10822000081310D1D4F84C34D4F84C349B070AD13D
:108230000423C4F84054C4F804332561D4F80C3343
:1082400003F00C03D6E733689847F7E700E01050D7
:10825000C43C0020712238B5104B0021C3F808231C
:10826000012242F210745A60C3F80011D3F80011D1
:108270000B490A4DD1F840131C2908BFDA60D5F824
:108280000C3413F4803305D0012005F02DFB013CA4
:10829000F5D138BD034A5371FBE700BF00E0105031
:1082A00000C0FF00CC3C0020054B0246187918B9ED
:1082B0001A6001221A7170476FF07700704700BF93
:1082C000CC3C00200022164BC3F81021D3F810112B
:1082D000C3F81821D3F81811C3F81421D3F81411D6
:1082E0001049D1F840131C2904BF01219960C3F83B
:1082F0000021D3F8002101221A600B4A126852B9FA
:10830000074BD3F80021002AFBD00022C3F800213C
:10831000D3F8003170477122C3F80423704700BFBF
:1083200000E0105000C0FF00CC3C0020F8B5012652
:10833000194C1A4DD4F80C3303F0710303B9F8BD8E
:10834000B3FA83F30021C3F11F039A0002F5807290
:1083500092B202F1A04202F58712116006FA03F709
:10836000042B1268D8B2C4F8087308D0062B10D0BA
:108370002B689847D4F80C3303F07103DEE702232F
:108380006B71C4F81411D4F814312023C4F80433E9
:10839000EEE76971ECE700BF00E01050CC3C002034
:1083A0001022054911F8013D013A01330B701B0AF7
:1083B00001D0002AF6D17047A0130020254B90B0C1
:1083C00004931123244A2549CDE9062308AB0593DC
:1083D00040F61102224BCDE90A12089320330C9388
:1083E00021230CAA09921F4A0090CDE90E230123F4
:1083F000CDE901320D9320231B4A0393D2F80034B8
:1084000043F00103C2F800344FF0A34304AA1A60FA
:108410000322C3F810D05A63BFF35F8F9A639A6A3E
:1084200012F0240F12D1D86B10F02300F7D14FF0C7
:10843000A34310225A6300225A630B4AD2F8003435
:1084400023F00103C2F8003410B070474FF0FF3042
:10845000EDE700BF68FF01000400002020000020BD
:108460007013002010000020008004502DE9F0411E
:1084700004464FF000088CB06F4608EB0700FFF78A
:108480008FFFFFF79BFF6D46064608BB08F11008FB
:10849000B8F1300FF0D11CB104F13002944210D188
:1084A0000FCD0D4C0FC495E80F0084E80F00103479
:1084B0000CAB13E90F0084E80F0030460CB0BDE8A8
:1084C000F081396854F8043B4B4047F8043BE5E73A
:1084D0004FF0FF36F1E700BF701300202DE9F041A7
:1084E00019B1002855D0402956D800244FF4807681
:1084F000A6464FF400772A4ADFF8A8C0D2F8003425
:1085000043F00203C2F80034274A284B82F839E0CE
:108510001E601C645C645F63C3F800C01D6B15F0D3
:108520000E0FC5F34208F9D0B8F1050FEED092F85E
:1085300039508DB95D68032DF0D9D3F880501D6195
:10854000D3F880505D61D3F880509D61D3F880509E
:10855000DD61012582F839505D68B1EB850FDDD80A
:10856000124A61B1D2F88030041D00F8013B844208
:108570004FEA132301F1FF31F3D00029F5D1002098
:10858000074AD2F8003423F00203C2F80034BDE8F1
:10859000F0816FF01500FAE76FF00600F7E700BF13
:1085A000008004500100040070130020001080516E
:1085B00030B58DB030216846FFF790FF18B14FF00D
:1085C000FF300DB030BD6846FFF750FF0028F6D1F0
:1085D00001240025014BC3E90C45F2E7701300208C
:1085E00010B50B4C94F83830012B0BD040220021F1
:1085F000204606F07EF8FFF7DBFF30B9012384F850
:10860000383010BD6FF07700FBE76FF08B00F8E7B4
:1086100070130020F0B505460C4685B021B1002846
:1086200035D0B1F5803F32D81A4E736BB3F5803F29
:1086300018D3FFF7BDFFA8B16FF08B0005B0F0BDF8
:10864000102C6846274628BF1027FFF7A9FEFFF722
:10865000B5FE0028F0D128463A46694606F03CF8B7
:10866000E41B3D44002CEBD12046FFF7FFFE002821
:10867000E2D1D6E90C32013342F10002214628460C
:10868000C6E90C32FFF72AFF0028D7D0D4E76FF0F5
:108690001500D3E770130020036803F01F025F2B5F
:1086A00002604FEA53129ABF024B53F82200002097
:1086B000704700BF6CFF0100034A4309D35C00F020
:1086C0001F001844C0B27047D3220200F0B506461E
:1086D000002487B0114F019117F8012B06AB03EB73
:1086E000D20313F8143C02F00702D34013F0010345
:1086F00006D10134032CEFD10023184607B0F0BD9A
:10870000074A03AD07CA85E8070055F824100A6A2E
:1087100046F824200A62002AEBD0EEE7E3220200AA
:108720005CF40100F7B504460846FFF7C5FF04EB0B
:108730004006B38A0D46DB072AD5204605F00DFA20
:108740002946204605F07AF950B1204605F08CF90B
:108750000023276807EB8000C0F81035C0F81035FB
:108760002946204605F0A9F9002101A8B18201950A
:10877000FFF792FF019B00EB8300D0F88020064BAF
:10878000134043F00203C0F88030084603B0F0BD48
:108790006FF01500FAE700BFF0F0FCFF2DE9F043A1
:1087A000044685B0084615461F46FFF785FF0E466E
:1087B000804625B3204605F04CF918B9204605F04F
:1087C0003DF918BB04EB4809B9F8143003F01C0359
:1087D00013B16B78012B19D001238DF80F300023D2
:1087E0003046CDE900536A1CAB1C0DF10F0105F0BA
:1087F000CDF8B9F8143043F00303A9F81430002F72
:108800003ED03146204605F024F920B96FF015001E
:1088100005B0BDE8F0830022397823684FEA810C67
:1088200003EB8103C3F81025C3F8102504EB4802BD
:10883000938A23F4604323F0200393827D78FDB173
:108840002468B8786444D4F810750E4B2D043B406E
:10885000C4F8103541F6F07305F4403503EA061309
:108860000005D4F810752B4300F4801003433B43FC
:10887000C4F81035938A43EA413343F020039382CE
:108880000020C5E70FE0ECFF70B590F87440054696
:1088900090F8756044BB46222146143005F029FF4C
:1088A0002146134A2B6852F836608E4212D10024BA
:1088B00040F20D10C3F84441D3F844210D4A9342CD
:1088C00008BFDB20EAF730FA0123204685F8743030
:1088D0002B6670BDCAB2920002F58070442A04BFB4
:1088E0001C501A580131E0E76FF07700F1E700BF44
:1088F00078FF010000A00D5090F87500024B03EBCB
:10890000800005F00DB800BF5805002010B5064BDB
:1089100090F875000C4603EB800004F0E7FF002898
:10892000A4BF2070002010BD580500202DE9F04F95
:10893000804658F804BB90F87540DBF814136A4B76
:10894000C9B253F8342007468BB0584641F4003181
:1089500005F0DCF88203054639D50023CDE907335D
:108960000993614BE60003EBC404636807A819464A
:108970000093FFF7ABFE331D03934FF0000A5B4BF0
:108980000DF11C090293029A574912F8013B029219
:10899000039A02EBD3028A5C03F0070322FA03F383
:1089A000DB071AD40AF1010ABAF1030F09F104092D
:1089B000E9D14FF400310022584605F0A7F800999C
:1089C00007A8FFF783FE0028D7D125F4003501243E
:1089D000002D73D10BB0BDE8F08F454B5344049389
:1089E000D9F80060002EDDD096FAA6F6B6FA86F623
:1089F000049B1C7846EA44142046FFF75DFE07EB13
:108A00004000818AF208C1F3820305930193012398
:108A100019F8020006F0070603FA06F620EA060037
:108A200009F8020006A80694FFF736FE069A11F030
:108A3000100F02F1200250F82260059BC6F3014698
:108A400023D04046019A214605F018F806A806945E
:108A5000FFF722FE069BF6B2203350F82330C3F313
:108A600001439E4207D10021204604F0D8FF314641
:108A7000204604F0D4FF06A80694FFF70DFE01225D
:108A8000069B02FA03F30362AAE7022E14BF022137
:108A900003212046059304F0C2FF059B032B03D05E
:108AA000022E07D1012BE6D121464046019A04F05F
:108AB000E5FFE0E7032EDED1022BF4E795FAA5F3FC
:108AC000B3FA83F304FA03F225EA020503F5A2726E
:108AD0005BF8222007EB43034046B3F86410C2F36F
:108AE000014204F0CBFF73E778FF0100E3220200AC
:108AF000E32202000123034A03FA00F093680343D0
:108B000093607047A001002073B504460191EFF314
:108B10001186202383F31288BFF36F8F0B4D019BC7
:108B20006A6801A81340019304F0E0FE002807DB07
:108B300001226B68824023EA02036B6020700020F0
:108B400086F31188BFF36F8F02B070BDA0010020C3
:108B50004FF0FF326FF0404330B5044CD4E90001D0
:108B6000824273EB0105F9D330BD00BF40270E50A0
:108B700030B50C25074B1C1894F8544005FB043302
:108B8000C3E9031218750123034A8340C2F8243352
:108B900030BD00BFA001002000200E50F8B53E4CB3
:108BA0002278002A72D13D4BD3F8101521F0020132
:108BB000C3F81015D3F8101541F00101C3F81015D2
:108BC0000521C3F8A4160421C3F8AC1607236721B6
:108BD00001F001000244013BD2B24FEA5101F7D14A
:108BE000052A56D119464FF0010C2B4E002567205F
:108BF000CFB204E00CFA02F220EA0200013590FA4A
:108C0000A0F25FFA85FEBE45B2FA82F2F2D30131DC
:108C100032750529224482F8547006F10C06E5D11C
:108C2000012100251E489A0801FA02F212F0670F8E
:108C300018BF1D500433302BF5D1E420EAF774F847
:108C4000164B1849D3F8102503F5C07322F0020221
:108C5000C3F8902340F6FF72C3F8A82100221A60DF
:108C6000A3F5807004338B420260F8D101250B4BD1
:108C70000D4A1D660D4B5D201B68B3FBF2F3584394
:108C80000B4B2B43984700202570F8BD6FF0770001
:108C9000FBE76FF08B00F8E7A001002000200E50EA
:108CA00000210E50B0210E5040420F00540500200C
:108CB00090F4010038B5244B0D46D3F810259407E5
:108CC0003CD4D3F8102542F00202C3F81025C0B1FD
:108CD000D3F8482712F0010202BFD3F8481741F039
:108CE0000101C3F84817184BD3F84017D3F84417BD
:108CF0004800F9D42AB9D3F8482722F00102C3F872
:108D00004827124B124A1B68B3FBF2F30E4A03EBDF
:108D10004313B3B1D2F84017D2F8441749000BD42B
:108D20004FF0FF312846FFF7EFFE044610B92878D0
:108D3000FFF7E0FE204638BD013BEAE76FF077041D
:108D4000F8E76FF07304F5E700200E50540500209B
:108D500040420F0070B51E461546174A9DF8101088
:108D6000131893F854300C3302EBC30442F8335019
:108D70006660C6F313020401A1B104F1A04404F536
:108D80006224C4F82055C4F824250C4C8000044407
:108D9000236833B1FFF7DCFEA842B14101D20023C2
:108DA000236070BD04F1A04303F56223C3F820558E
:108DB000C3F82425F5E700BFA001002000210E50D4
:108DC000F0B50E4D2B1893F8543000010C3355F8C4
:108DD000334005EBC3077E68641800F1A04021F022
:108DE000004146F1000641EAC27100F5622045F8F3
:108DF00033407E60C0F82815F0BD00BFA001002000
:108E0000F7B5284B284CD3F82C6304F188070EB92A
:108E100003B0F0BD96FAA6F00123B0FA80F08340CB
:108E2000DA43224926EA0306231893F854508300B4
:108E300019440C2303FB0543DB6873B3D7E8EF3F0A
:108E400003EA020CC7E8EECFBEF1000FF6D1C34033
:108E5000DB0719D5020102F1A04202F56222D2F825
:108E60002435D2F82025D1F800C0BCF1000FCED0B7
:108E70004FF0000CC1F800C00C2101FB0545296929
:108E80000091E9688847C2E705F10C0304EBC30CC5
:108E900054F83320DCF80430E5E70A68002AB6D03D
:108EA0000B60B4E700200E50A001002000210E50FE
:108EB00010B50446E9F7D2F803480121034A02F04D
:108EC00003FC204604F0B6FFB8F3010002210200C3
:108ED0002DE9F84304460D4600AFEFF31188202337
:108EE00083F31288BFF36F8F04282A4A98BF2A4B56
:108EF000E9468AB09668117C98BF53F820306A46DC
:108F000088BF264BCDE9073140F201332448ADF844
:108F10002430244BCDE9050442F8103F00234FF4E0
:108F200031512148E9F768F9CD4645B1EB69C3F302
:108F3000080323B101211D4A1B4802F0C5FB2EB1D5
:108F4000304605F0EBF908B1037803B91848E94653
:108F50008AB06A46174B0790CDE9053640F20133D7
:108F6000ADF82030144B42F8103F00234FF411515C
:108F70000D48E9F741F92946CD462046FFF798FF0D
:108F800088F31188BFF36F8F3046E9F78FFFBD4636
:108F9000BDE8F883D43C002088FF010011210200C5
:108FA0001F21020005000001B8F301004721020063
:108FB000C40F0200682102000400000138B50A4B0A
:108FC00053F82040013053F82050A54200D838BD56
:108FD000606830B1037EDB0701D404F008FF083479
:108FE000F3E723689847FAE79CFF0100012270B578
:108FF000294B86B003201A70FFF7E0FF01F000FB59
:109000000420FFF7DBFF254C254D2646AE4204F138
:1090100030040FD300F0B2FE204CAC4226D300F057
:10902000C1FEE8F705F91F4A938923F001039381F4
:1090300006B070BD54F80C3C059354F8103C0493F2
:1090400054F8143C039354F8183C029354F81C3C15
:10905000019354F8203C009354E90A2354E90C018D
:1090600000F096FC54F8303C5E65CEE7D4E90A2364
:10907000B3F1FF3F08BFB2F1FF3F05D052EA030151
:10908000206803D105F023FA3034C6E706491830CA
:1090900001F09CF8F8E700BFDF3E0020C8F10100B6
:1090A00028F2010030140020F9E30100002301221E
:1090B00070B586B0CDE904230F220193CDE90232C9
:1090C00014234FF4A0720E4D0E4E03FB00550E49B3
:1090D00006EBC016044602FB00110C4B304600950F
:1090E00000F056FC337C2C7423F004033374084BDB
:1090F000013403EBC423EE606B6006B070BD00BFAB
:10910000D43C0020B0130020786400203FDF010031
:10911000785C00207FB50020FFF750FF294B03F556
:10912000006282F3088883F30A880024E023264D36
:1091300085F82230EC772C766C76AC7685F820407A
:109140006B6A43F4E0236B6285F82340E9F7A4FDE2
:10915000E9F796FE4FF0FF33AB62EB62EAF790F867
:10916000E9F712FFE8F7D6FE184800F07BFC012073
:10917000FFF724FF0220164DFFF720FF00F03CFE12
:10918000144B4FF400625D61134B144905930123A6
:109190002846CDE90343CDE90144114B009400F08A
:1091A000F7FB06462B7C284623F004032B7405F0BE
:1091B000EFF82046FFF77AFF31462846084AE9F7DC
:1091C0003FFE00BF785C002000ED00E0501500205D
:1091D00030140020D43C0020CA210200B8650020D1
:1091E000ED8F010038B5064C064DAC4201D300208E
:1091F00038BD2046D4E9011204F024FE1434F4E70B
:10920000200600203406002038B5074C074DAC423C
:1092100001D3002038BD204604F038FE08B91C34C4
:10922000F5E76FF01500F5E7CC05002020060020DB
:1092300073B50C46EFF31181202585F31288BFF337
:109240006F8FC5685DB125602B68C360836901338A
:109250008361002081F31188BFF36F8F11E052EA20
:10926000030603D16FF00B002560F3E7CDE900237F
:109270000246083000F0E0FC18B9034B9B685B69BC
:10928000236002B070BD00BFD43C00202DE9F34143
:10929000044617461E46EFF31188202383F31288F5
:1092A000BFF36F8F304BC2689B6872B18068984281
:1092B00017D057EA060216D188F31188BFF36F8FD3
:1092C0006FF00F0002B0BDE8F08193F90E1001328B
:1092D0002161C4E9023288F31188BFF36F8F002047
:1092E000F0E72169F3E793F90E1090F90E309942F7
:1092F00030DA9942A8BF194604F02CFE05462246F2
:109300004146CDE90076194800F096FC0028E6D0E9
:10931000EFF31186202383F31288BFF36F8FA068C9
:10932000D0B1236821699C420AD04BB193F90E3029
:109330009942A8BF19466FF07F039942B8BF1946FA
:1093400004F008FE40B13146084805F07BF86FF0A4
:109350000A00B7E70025D2E7002DF4D186F3118883
:10936000BFF36F8FF3E700BFD43C0020E03E002046
:10937000F8B583680546002B3FD0234A9268934294
:109380003ED1C368012B03D9013BC3600020F8BD67
:10939000EFF31187202383F31288BFF36F8F0169E6
:1093A000806804F0D7FD2C68A54207D10023C5E9E9
:1093B000023387F31188BFF36F8FE7E7002CF5D0F6
:1093C000D4E90032002613605A60237CC4E90066A9
:1093D00023F002032374A66004F1180005F0D0F80E
:1093E000AC6094F90E3020462B61A66704F0D0FFE4
:1093F0003946064805F026F8C8E76FF01500C6E7BD
:109400004FF0FF30C3E700BFD43C0020E03E002017
:1094100037B51146EFF31185202282F31288BFF38E
:109420006F8F04689CB12368426823F00303944261
:10943000036008BF43600121204604F00EFE04468D
:1094400085F31188BFF36F8F204603B030BD51EA1A
:109450000302F5D000F10802CDE9001310462946B9
:1094600000F0EAFB0028EFD1014B9B685C69EBE759
:10947000D43C002070B5EFF31186202383F31288CB
:10948000BFF36F8F0468A0421AD0CCB1D4E9003288
:10949000002513605A60237CC4E9005523F00203C1
:1094A0002374A56004F1180005F06AF82046A5674A
:1094B00004F06EFF3146BDE87040074804F0C2BFBB
:1094C000D0E902329A4218BF0133836086F31188D3
:1094D000BFF36F8F70BD00BFE03E002013B5EFF308
:1094E0001181202484F31288BFF36F8F846844B104
:1094F000013C846081F31188BFF36F8F002002B0BC
:1095000010BD52EA030406D181F31188BFF36F8FB7
:109510006FF00F00F3E7CDE900230246014800F0A9
:109520008BFBECE7E03E002070B50546EFF31186BB
:10953000202383F31288BFF36F8F00232C68A5428A
:1095400018D0BCB1D4E9003213605A600023227CE9
:10955000C4E9003322F002022274A36004F118006F
:1095600005F00EF86FF00A032046A36704F010FF21
:109570000123E3E70022AA6023B986F31188BFF331
:109580006F8F70BD3146BDE87040014804F05ABF8E
:10959000E03E002007B5074B4FF480620093064978
:1095A0004FF0FF33054800F04FF9002003B05DF89D
:1095B00004FB00BFB4FF0100B86D0020B014002010
:1095C0002DE9FF4104462027534EEFF3118887F31E
:1095D0001288BFF36F8FD4F88450F5B9022104F1DB
:1095E0009C0004F099FD002870D004F1940500223D
:1095F0000121284604F08BFF0028F8D100234FF00A
:10960000FF3202934FF0FF334146CDE90023434838
:1096100004F18C0200F01AFDD7E7D4F888202B68FB
:109620009542C4F8843008BFC4F88830D4F89C3020
:1096300043F00203C4F89C30EB6823F0040343F0CA
:109640000103EB606B6888F31188BFF36F8F2846C6
:109650009847EFF3118887F31288BFF36F8FEB6899
:10966000D80623F001023ED4EA60EB689A0717D5CA
:10967000306823F00203EB6090B10021036878B1F9
:10968000426895423DD10368002934D17268336045
:10969000904200D17360002340F8083BFFF7EAFED8
:1096A000D4F89C3023F00203C4F89C30DB0530D49E
:1096B000D4F88430003B18BF012388F31188BFF32E
:1096C0006F8F002B81D000F09FFB7EE7D4F89C3099
:1096D000D90693D5C4F89C0088F31188BFF36F8F27
:1096E00004B0BDE8F08123F01103EB6005F1100038
:1096F000FFF7C0FEB9E70B607368984208BF71605E
:10970000C9E701461BB11A6818461346B7E71A465F
:10971000FAE70023D1E700BFF43C0020E03E002040
:10972000F8B5C36804469A070E46C3F3400542D411
:109730005F0742D40B680BB983680B60E368D807F6
:1097400042BFA36802253360376858BF012557B36D
:109750001B4B9A68D7F880309A421ED104F0D5FD91
:1097600080F00100C0B2D7F89C30D907C3F3800263
:109770001CD5F2B1F8B100232360D7F8883073B953
:10978000C7E92144384604F0E2FCE36843F00403EF
:10979000E3603368A3602846F8BD0020E3E71C605F
:1097A000C7F88840EEE76FF0150506E06FF0120588
:1097B00003E01B07DFD56FF00F0500233360EAE7F6
:1097C000D43C0020F8B5C368064603F00503002B1F
:1097D0000C4614BF012700271CD0856801220021F8
:1097E00004F1100004F08CFC2046134904F010FD35
:1097F000E36843F01003E360F3685B0712D5336856
:1098000023606BB9D5F8883033B9C5E921442846BF
:1098100004F09DFC3846F8BD1C60C5F88840F6E7AA
:109820003460F4E7D5F884302360D5F88830C5F883
:109830008440002BEBD1F0E72FE101000146014805
:1098400004F011BDB0140020F0B50446002089B02A
:109850000E9DC4E9210004F18C00C4E9230004F149
:109860009400C4E9250055B32879002840F201107E
:1098700008BF0120C4F89C0000204FF0FF364FF0D5
:10988000FF37CDE90330CDE90100CDE90667204679
:109890000C4B009400F0BAF855B1296811B120467C
:1098A00004F039FD6B791BB1A38943F00103A38157
:1098B000204604F00CFEC4F8804009B0F0BD012041
:1098C000D8E700BFC195010037B501900846EFF316
:1098D0001184202181F31288BFF36F8FC16811F0CA
:1098E0001E0F16D153EA020508D101A9FFF718FF90
:1098F00084F31188BFF36F8F03B030BD41F00801CE
:10990000C160019910308161034900F05FFC0120C2
:10991000EEE70020ECE700BFC3E10100014601488B
:10992000FFF7D2BFB0140020F7B50C4616461D460F
:109930000190EFF31187202383F31288BFF36F8F19
:10994000084604F0F5FB55EA060309D1204601A9B3
:10995000FFF7E6FE87F31188BFF36F8F03B0F0BD0A
:10996000E368324643F00803E360019B0449A362C5
:1099700004F110002B4600F029FC0120EAE700BFAB
:10998000C3E1010001460148FFF7CEBFB01400203B
:109990002DE9F043984685B000F15803C0E916332D
:1099A000109B002683810423073222F007050374ED
:1099B0000F9B01EB05090F4683734946C0E9066614
:1099C0008660C6730446E8F72DFF0E9B073020F033
:1099D0000700A066C4E9187502930D9BA9EB000966
:1099E00001930C9B4A460093394643462046E9F7CB
:1099F0000BFA054B66659B6803B1DB6E4846E36670
:109A000005B0BDE8F08300BFD43C0020F0B50025D0
:109A100087B00595109DDDE9127604950F9D0446EB
:109A200003950E9D02950D9D01950C9D0095FFF7E8
:109A3000AFFFB6F1FF3F08BFB7F1FF3F05D056EAD1
:109A4000070305D1204604F042FD204607B0F0BDD3
:109A50003A46334604F11800014900F0B7FBF4E739
:109A6000F9E30100012310B5037483810023044648
:109A7000C0E9183300F0B6FD014B9C6010BD00BF7B
:109A8000D43C00206FF00A01084A9368996708499E
:109A900058674B6843F080534B60002383F3118871
:109AA000BFF36F8F9368986F704700BFD43C00205E
:109AB00000ED00E070B590F91020037C002A2FDB48
:109AC000D9062DD11A4C63F07F032246037452F855
:109AD000183FE169934207D1C0E900210860E061C5
:109AE0000FE09942F8D01B68002BF5D093F90E6077
:109AF00090F90E50AE42F4DD5968C0E900310860BB
:109B00005860A569954200D005B9E568A3681A7C3C
:109B1000D20606D1DA897F2A03D9AA690AB9636114
:109B200070BDAB4202D0284600F0D2FA6561F7E77B
:109B3000D43C002038B590F910200146002A037C5F
:109B400004DA03F07F03037404F0EAFB0D4D2A46A8
:109B500052F8184FAB68944200D004B9EC688B42BD
:109B600007D01A7CD20604D1DA897F2A01D9A269EA
:109B70002AB1A34202D0204600F0AAFA23466B6124
:109B800038BD00BFD43C0020B3F1FF3F08BFB2F1A5
:109B9000FF3F03D00249183000F018BB704700BFE8
:109BA000F9E30100034648B9EFF3058232B9064AEA
:109BB00051699268914201D0FFF764BF83F3118825
:109BC000BFF36F8F704700BFD43C002038B5184CEE
:109BD000A168E0690B68814214BF1A4600224968F7
:109BE0000B605960A368E1692AB9124AC3E90021F0
:109BF0000B60E3610AE092F90E5093F90E00854282
:109C000012DD5168C3E900210B605360A569094B5F
:109C10009D4200D005B9E568A3689D4202D0284660
:109C200000F056FA656138BD8A42DED01268DBE783
:109C3000D43C0020EC3C0020F8B5DDE906670D4B74
:109C40000C46986811460C4A1060EFF311822022EE
:109C500082F31288BFF36F8F9D68284604F072FB71
:109C6000284632463B46FFF78FFF2046BDE8F840C6
:109C7000FFF708BFD43C0020FC3C0020F8B50446A8
:109C8000EFF31187202383F31288BFF36F8F037CD8
:109C900049B203F01F02002A0CBF0126002635D16D
:109CA00003F07F032A4D037404F03AFB2A46037C39
:109CB000817363F07F03037452F8183FE86993429D
:109CC00007D1C4E900200460EC610DE09842F8D0AF
:109CD0001B68002BF5D093F90EC08C45F6DD596852
:109CE000C4E900310C605C60AC69944200D004B9F6
:109CF000EC68AB689C4202D0204600F0E9F96C6148
:109D000087F31188BFF36F8F3046F8BD9B071CD5D2
:109D1000856804F005FB81732B689D4209D16B684F
:109D2000C4E900531C606C60EAE76A689A42F6D0A6
:109D30001B68002BF3D093F90E208A42F5DD5A6898
:109D4000C4E9003214605C60DAE78173D8E700BFD1
:109D5000D43C0020034648B9EFF3058232B9064AE5
:109D600051699268914201D0FFF78CBE83F311884C
:109D7000BFF36F8F704700BFD43C0020EFF3118119
:109D8000202383F31288BFF36F8F054B9A68D37B30
:109D9000013BD37381F31188BFF36F8F704700BF0E
:109DA000D43C002070B5EFF31186202383F3128892
:109DB000BFF36F8F0F4DAB68DA7B0132DA732A463F
:109DC00052F8184F944200D004B9EC681A7CD206BD
:109DD00004D1DA897F2A01D9A2692AB19C4202D032
:109DE000204600F075F923466B613046BDE87040AF
:109DF000FFF7D8BED43C0020024B03F11802C3E9A0
:109E000006227047D43C002070B5EFF31186202362
:109E100083F31288BFF36F8F1A4CA168E0690B6857
:109E2000814214BF1A46002249680B605960A3683A
:109E3000E1692AB9144AC3E900210B60E3610AE031
:109E400092F90E5093F90E00854216DD5168C3E970
:109E500000210B605360A5690B4B9D4200D005B9F2
:109E6000E568A3689D4202D0284600F031F965619B
:109E70003046BDE87040FFF705BE8A42DAD012686E
:109E8000D7E700BFD43C0020EC3C0020F8B550EAF6
:109E9000010306460C4603D1FFF7B6FF0020F8BDCC
:109EA000EFF31187202383F31288BFF36F8F124DD6
:109EB000124BA8681860FFF73DFEA868234632469B
:109EC0000F49183000F082F9AA680446137C38461E
:109ED00043F004031374FFF7D5FDAB68D3E90A23FD
:109EE000B3F1004F08BF002AD8D104F07EFB201A3E
:109EF00020EAE070D3E700BFD43C0020FC3C002007
:109F0000F9E30100014B9868704700BFD43C002082
:109F10002DE9F84304468789EFF31186202383F364
:109F20001288BFF36F8F037C190705D586F311885C
:109F3000BFF36F8FBDE8F883D90943F008026FD1F2
:109F40000274A36813B1204604F0F2F904F118007A
:109F500004F016FBA56D04F15808A84511D04FF088
:109F6000000975B1284604F0E3F905F1180004F082
:109F700007FB2846C5F87890FFF79CFDA56DA8451E
:109F8000EFD1DFF8BC80D8F808309C4250D1EFF315
:109F90000589B9F1000918BF4FF00109D8F8185028
:109FA000284A954200D00DB9D8F80C50AB4202D0E7
:109FB000284600F08DF82046C8F8145001F0A1FCA6
:109FC000B9F1000F02D02048FFF74CFDD8F8083057
:109FD0009C4230D1EFF305836BBBA289D20711D528
:109FE00086F31188BFF36F8F83F31188BFF36F8FF0
:109FF0000423184602DFEFF31186202383F312882F
:10A00000BFF36F8F3046FFF73DFDFB0792D500236E
:10A0100083F31188BFF36F8F0423184602DF89E7AB
:10A0200003F07F0343F00803037404F079F988E731
:10A030004FF00009B2E786F31188BFF36F8FE4E7B2
:10A04000D43C0020EC3C002050150020D3B5DDE9C5
:10A050000667089CCDE90067FFF7EEFD1CB1034BD6
:10A060009B685B69236002B0D0BD00BFD43C002078
:10A07000027C034612F01F0210D10A4988420DD01B
:10A080000949086868B1D9897F2909D893F90E2050
:10A09000064B1B689A42B8BF0020704700207047EB
:10A0A00010467047B013002060050020003D0020DE
:10A0B0000122044BC01A044BC0105843034B1A54DE
:10A0C000704700BFD0150020ABAAAAAAE03E00202E
:10A0D00070B50C4B0C4D1E7CFFF7CAFF182303FB19
:10A0E00006550446284604F04BFA0022074B9A55C1
:10A0F0003CB1621E2846BDE870400549D31700F008
:10A1000065B870BDD43C0020D0150020E03E002092
:10A11000B1A0010038B5EFF31185202383F3128835
:10A12000BFF36F8F0F4B104A9C681068A04206D196
:10A13000FFF7CEFF85F31188BFF36F8F38BD002185
:10A140001B7C1160094AD35C002BF3D02046FFF73B
:10A150008FFF0028EED0237CDB0601D1FFF736FD10
:10A160002046E5E7D43C0020FC3C0020E03E0020F7
:10A17000024B1868984208BF002070476405002011
:10A18000034B1B680BB9FDF761BE0020704700BF91
:10A19000043D002030B570B10B4B5B6898420AD08B
:10A1A000036843B1D3E90421D0E90445121941EB16
:10A1B0000501C3E90421D0E9003213605A6000238D
:10A1C000C0E9003330BD00BF64050020B3F1FF3F9C
:10A1D00008BFB2F1FF3F2DE9F84F044699461546F6
:10A1E0001F467AD08160EFF31188202383F3128811
:10A1F000BFF36F8FB9F1000FDFF8E4A020DBFFF7AA
:10A20000BFFFDAE90027013549F100092D1849EBB4
:10A21000E07306464FF00109C4E90453AD1843EB5F
:10A220000707FFF7A5FF0346DFF8B8E0DEF804A054
:10A23000EBB9C4E900EACAF80040CEF8044028E0CF
:10A240006FF00103DAE900125B1A4FF0FF3161EBA6
:10A2500002025B1B62EB0902012B72F10001BCBF21
:10A26000012300224FF00009C0E90432D9E7D3E905
:10A27000041CD4E904208A4270EB0C0B24DA891AFE
:10A280005A686CEB0000C3E90410C4E900321460A2
:10A290005C60FFF76DFF84420ED1134B1B685BB906
:10A2A000B9F1000F02D1FFF76BFF0646304604F00C
:10A2B00050F90021FDF7DEFD88F31188BFF36F8FA1
:10A2C00028463946BDE8F88F521A60EB0C0053451A
:10A2D000C4E90420ADD01B68AAE700252F46EFE7AC
:10A2E000E815002064050020043D00202DE9F0471A
:10A2F000DFF8A8900246C9F800000D46FFF738FFC6
:10A3000000260027DFF898804FEAE27ED8E90013A4
:10A3100050B1D0E9044CA2427EEB0C0A1ADAA41A1E
:10A320006CEB0E06C0E904460024521843EB0E0302
:10A330002046C8E90023C9F8004004F00AF9214684
:10A34000FDF798FD85F31188BFF36F8FBDE8F047E7
:10A35000FFF7E0BE611843EBE473C0E90467C8E9A6
:10A360000013FFF717FF01224FF00043C0E9042359
:10A3700085F31188BFF36F8F83689847EFF31185DA
:10A38000202383F31288BFF36F8FD9F80020121BAC
:10A39000C9F80020FFF7ECFEB6E700BF043D00203F
:10A3A000E815002010B5EFF31184202383F3128801
:10A3B000BFF36F8FFFF7E4FE0346054AD2E90001C1
:10A3C000181841EBE37184F31188BFF36F8F10BD50
:10A3D000E8150020F8B50446EFF31187202383F336
:10A3E0001288BFF36F8FD0E90423B3F1004F08BF89
:10A3F000012A04D087F31188BFF36F8FF8BDD0E92D
:10A400000A566A1C46F10003022A73F1000334D392
:10A41000013D46F1FF36002EBCBF00252E4604F05C
:10A42000E8F8013041F10001401946EB0101012833
:10A4300071F1000147DB04F0DCF86FF0020301303A
:10A4400041F10001401946EB010183426FF00043E6
:10A450008B413DDB04F0CDF8013041F100016FF09C
:10A460000102401946EB01034FF0FF31121A61EB74
:10A47000030320461849FFF7A9FE236B013323632A
:10A48000236A63B187F31188BFF36F8F2046984723
:10A49000EFF31187202383F31288BFF36F8F54F8F3
:10A4A000185FA542A6D0002DA4D0284603F07FFF58
:10A4B0000023AB6787F31188BFF36F8F2846BDE891
:10A4C000F84003F065BF6FF001024FF0FF33D0E7B3
:10A4D00000224FF00043CCE7D5A301002DE9F04165
:10A4E00005461C4690461F46EFF31186202383F352
:10A4F0001288BFF36F8FB4F1FF3F08BFB2F1FF3F87
:10A5000005D186F31188BFF36F8FBDE8F081002C71
:10A5100009DB012A74F10003BCBF0122002412F1FF
:10A52000FF3844F1FF37284604F02AF8DDE9060138
:10A530000023C5E90A012B6342463B4628460249EF
:10A54000FFF744FEDDE700BFD5A3010070B5054667
:10A55000EFF31184202686F31288BFF36F8F04F087
:10A560000FF820B184F31188BFF36F8F70BD6B6A51
:10A5700063B184F31188BFF36F8F28466B6A9847E5
:10A58000EFF3118486F31288BFF36F8F05F1180083
:10A5900003F042FF0028E5D003F0FAFE2146BDE8B3
:10A5A0007040014803F04EBFE13E00202DE9F0412C
:10A5B00005460E46174603F0A8FE28B9074B9B68D0
:10A5C000DC6E14B9BDE8F081054C3B4632462946A5
:10A5D0002046BDE8F04104F060B800BFD43C002044
:10A5E00020060020014BC366704700BF20060020F4
:10A5F0000146024A0020FFF7D9BF00BF05AD0100A8
:10A60000014800F015BC00BFDB2102000CB430B5DE
:10A610008BB004460D462022002102A804F069F800
:10A620000223002D06948DF80A300C4B039312DBA5
:10A6300001D06B1E1C440FAA0E9902A80794019228
:10A6400000F00EF815B1069B00221A700BB0BDE8A1
:10A65000304002B070470024EDE700BFE7E701009B
:10A660002DE9F04F43688BB0804692460093837883
:10A670009C0740F1F98000250878002800F0F6805A
:10A6800025280AD04B1C019301354146009B984771
:10A690000028C0F2E3800199EEE74E788B1C252E4E
:10A6A0000193F1D000270A22B9463C461F2C22D83C
:10A6B000A6F12003102B20D8DFE803F0141F1F1A87
:10A6C0001F1F1F0B1F1F1F121F171F1F090044F002
:10A6D0000104019B13F8016B0193002EE6D13AE0CF
:10A6E00044F0020444F00404F3E744F00804F0E703
:10A6F00044F01004EDE77F2C24D8A6F13003092B99
:10A7000008D860064EBF02FB073744F0200402FB66
:10A710000939DEE72A2E0DD161065AF8043B53D4DD
:10A72000002BA7BF44F020049946C3F1000944F070
:10A730002804CEE72E2E05D1630600F1978044F061
:10A740004004C6E76C2E2ED028D8682E32D06A2E50
:10A7500037D04C2E35D0002F46F02003B8BF24F060
:10A760004004A3F16502BCBF0027A4B2022A01D9AC
:10A77000612B2BD10AF1070A07279D4E2AF0070A01
:10A780000AF1080A210760D506EB070B34465C4541
:10A790005DD1AE1BA9EB0709A21959E1742E98D01F
:10A7A0007A2E96D0D7E7260648BF44F4007444F0CA
:10A7B00080048EE7E00548BF44F4007444F48074DC
:10A7C00087E744F4207484E71F4682E7A6F163021A
:10A7D000122A00F2D880DFE812F013004D00D600F4
:10A7E000D600D600D6004D00D600D600D600D60042
:10A7F000D600E800D100D600D6001A00D600A0008E
:10A800005AF8043B012704AE8DF81030BAE75AF825
:10A81000046B784B002E08BF1E4614F0400F3046E4
:10A8200014BF39464FF0FF3103F07BFF0746A9E71D
:10A8300041462020009B984700280FDB013CA7429F
:10A84000F6D34D44A1462D1B9EE74C46F7E7414603
:10A8500014F8010B009B9847002898DA98F802300A
:10A8600043F0040388F802304FF0FF3528460BB060
:10A87000BDE8F08F220630D5A3052AD50AF1070AD4
:10A880002AF007039A4659685AF8080B24F0100B6F
:10A8900000291FFA8BFB2FDA40424BF4806B61EBEF
:10A8A000410104AC0A23224603F047FF1BF0400F8E
:10A8B000A0EB040200F08E802BF001049742A4B2BA
:10A8C00040F38F80002E40F08E802BF01104A4B254
:10A8D0001DE05AF8040BC117D8E7E0055AF8041B2D
:10A8E00001D40846F7E7A20547BF48B241F3C011BB
:10A8F00008B241F3C031C9E750EA0103D1D1630680
:10A90000CFD5002FCDD124F011043A46A4B23B4656
:10A9100040F206410C4262D124E024F010040A23E4
:10A92000A4B214F0800243D014F4007117BF0AF1EE
:10A93000070A5AF8040B2AF0070292461CBF516816
:10A940005AF8080B50EA01023ED124F0160B6206B9
:10A950001FFA8BFB3CD5002F3AD124F017043A465E
:10A960003B46A4B221075AD4E10705D5994572DDCB
:10A97000A9EB03039F184B469B464AE044F01004A2
:10A9800010237826CDE7782B04D1C6F1780343F065
:10A990001003C6E741462520009B98470028FFF694
:10A9A0005DAF02354146304670E608230026B8E721
:10A9B00014F480715AF8040BC4D014F400711ABF57
:10A9C000C0B2114680B2BDE724F006041FFA84FB32
:10A9D00004AC68E713465C46E10699D52EB901330D
:10A9E000C0E71346F8E73B46F6E70233BAE700BF95
:10A9F0001B22020014220200CDE90232414620202F
:10AA0000009B98470028FFF629AF0BF1010BDDE909
:10AA10000232D945F0DCEB1A03EB0B055B46E1068D
:10AA200027D541463020CDE90232009B98470028C7
:10AA3000FFF614AFDDE902327EB901352F44791BF0
:10AA40008A4229DB144604AE94BB2A44A9EB0309CD
:10AA50001546914440E017468EE7023541463046A0
:10AA6000CDE90232009B98470028DDE90232E5DAA1
:10AA7000F4E640F206410C42E0D014F0020F05F17A
:10AA80000105414614BF2B20202014F4806FCDE92E
:10AA9000023218BF2D20E5E7CDE902324146009B86
:10AAA0003020013598470028DDE90232C7DAD5E6C3
:10AAB000013C4146CDE90232305D009B98470028B9
:10AAC000DDE90232C0DAC9E641462020009B0135AB
:10AAD00098470028FFF6C2AEA9EB0503002BF3DC74
:10AAE000D9E500BF704738B503F083FD4FF47A74A1
:10AAF000A0FB040547F61222002304FB0151E5F7F1
:10AB0000BFFC38BD10B547F6122C0446002140F2B8
:10AB1000E7304FF47A720023E4FB0C01E5F7B0FC58
:10AB2000BDE8104003F0B7BC00EBC100408840080E
:10AB30007047F8B50346FFF7F7FFB0FA80F0C0F1B1
:10AB40001F0003EB800CDCF81060CA00171D0C46D8
:10AB500006328DB256B9012101FA00F0D9680143DD
:10AB6000D960CCF81040DD539D52F8BDF10004319E
:10AB7000585AD85303EBC0009E52C5805D52F4E78B
:10AB800010B500EBC104E3888B4202F104010AD145
:10AB9000012303FA02F2C36823EA0203C36000231D
:10ABA00040F8213010BDA28840F8213000EBC201EE
:10ABB00000EBC300CB808280F4E708B50346FFF7C3
:10ABC000B3FFB0FA80F21846BDE80840C2F11F0298
:10ABD000FFF7D6BF2DE9F843B1FA81F3C3F11F02A5
:10ABE00000EB8209D9F8107006460D4687B94FF080
:10ABF000FF34C3F120039C40F3681C4014D094FA46
:10AC0000A4F2B2FA82F2131D56F82340214608E05E
:10AC10003C464FF0030821463046FFF785FF85424A
:10AC200005D83046FFF7ACFF2046BDE8F88306EBB9
:10AC3000C404E488B8F10108C9F81040D7D0BC4278
:10AC4000E9D1D4E738B50446FFF76EFF0D46034659
:10AC500011462046FFF768FF03449BB204EBC5058D
:10AC60005A0020466A80FFF75FFF014424F8313024
:10AC700038BD70B50B460446FFF756FF04EBC3051D
:10AC8000511A9B1A89B203444E009BB26E8004EBAA
:10AC9000C2005D00458024F8321020461146FFF7BF
:10ACA00043FF014424F8313070BD70B509B900206C
:10ACB00070BD056801F007030B33CC0804EBD30427
:10ACC000AB6828469C4228BF1C462146FFF782FFFE
:10ACD00006460028EBD001462846FFF725FFA04294
:10ACE00007D928463219FFF7C4FF11462846FFF757
:10ACF00020FF05EBC60210465388043043F00103E1
:10AD00005380D5E71146FFF7D0BF043A2DE9F84349
:10AD1000CC1D114424F0070421F00706A6EB04081B
:10AD20004FEAD807B7FA87F24FF00009C2F12405BD
:10AD3000AD000735C2F12002ED0804604946A76066
:10AD4000C4F80C90920004F1100003F0D2FCAAB2F7
:10AD5000530043F0010363807B1B9BB204EBC501EE
:10AD60005800A4F80090488024F83520A6F80290F6
:10AD700024F8083004EBC7035A88294642F0010240
:10AD80005A802046BDE8F843FFF7D3BE2DE9F047CF
:10AD900006460D46174698462BB34FF0000A98F822
:10ADA000004093F80190DB78A40004EB430498F88A
:10ADB00002301C444444CA4509D339463046AC46A7
:10ADC000D8F8042008F10803BDE8F047604714F8FC
:10ADD000013B0AF1010A204648F82340E5F772FBDF
:10ADE00001300444E7E76FF01500BDE8F08730B5A7
:10ADF00002460024002012F8013B43B178B18C4296
:10AE000007D1702B04D0A3F140053A2D07D80020BC
:10AE100030BDA3F140053A2D01D80134EAE7252BD6
:10AE200008BF80F00100E6E70020704700F0C9BBD2
:10AE30000FB407B504A951F8040B019100F0C1FB50
:10AE400003B05DF804EB04B070470FB407B504A974
:10AE500051F8040B0191FFF7E9FF03B05DF804EB33
:10AE600004B0704710B50369024613F0080009D119
:10AE70001368D4689C429BBF0120126AE31AD31A5C
:10AE80000B6010BD00231846FAE713B501A904466C
:10AE9000FFF7E8FF20B1019BE268013B13440193F7
:10AEA000206A019BC01A013802B010BD10B50446DB
:10AEB00050182269236AD20702D5013B184010BD01
:10AEC000984228BFC01AFAE710B504460A46C1687E
:10AED000FFF7ECFF2369E06023F00803236110BD56
:10AEE00038B50D46C2698B00016843F00203044681
:10AEF00042F8213001682A46FFF7D8FFE36861680D
:10AF0000984208BF2369206008BF43F008032A461F
:10AF1000204608BF2361FFF7C9FF606038BD2DE9F7
:10AF2000F74F0F460021D0F80CB0C669009216F812
:10AF30002B209A4602F00302022A14BF894656F8D3
:10AF40002B2006EB8B030193009B08BFC2F39D09E6
:10AF500019600446CAF80010B9F1000F07D049463D
:10AF6000FFF7B2FFE368A3604FF0010804E0016956
:10AF70008A0705D44FF00008404603B0BDE8F08FC3
:10AF8000816906EB8B00884716F82B10054611F0F7
:10AF90000108EFD08B071DD51FB139462046FFF7BA
:10AFA0009FFF61682A462046FFF780FFD4E902131D
:10AFB0008B42606007D12A462046FFF777FF4FF0AB
:10AFC00000080146A0602369216043F00803E160A6
:10AFD0002361D1E701462046FFF776FFE168A160D3
:10AFE0001FB12068E16941F82090EA19CAF80020F1
:10AFF00021682046FFF75AFF2269206042F00802CC
:10B00000226116F82B2022F0010206F82B20DDE940
:10B0100000321A60A8E770B504461546FFF746FFF0
:10B020002368834205D12369216023F0080323614B
:10B0300070BDE269AB0043F0020342F82130616861
:10B040002A462046FFF732FF6060F1E738B5036912
:10B0500004465B0706D5456AFFF717FF85422CBFFC
:10B060006562606238BD38B50D4604461C22002179
:10B0700003F03FFB0022EB68A361AB6863612B68C0
:10B08000E3616B68626223622A6923B1591E194227
:10B0900008BF42F001022261012204F128000021D0
:10B0A000BDE8384003F02CB82DE9F04F0025984654
:10B0B000036A87B08B4204460E469346AA46039520
:10B0C000059538D3EFF31189202383F31288BFF35A
:10B0D0006F8F059A2AB129462046FFF79CFF00236F
:10B0E000059304A92046FFF7BDFE04990746B14227
:10B0F0002AD32268E369204613F8221003EB820A60
:10B1000021F0030103F8221021683246FFF7CEFE3A
:10B11000E3682060984212D0002789F31188BFF3BA
:10B120006F8F039929B162690AB1204690470023C5
:10B130000393002FC6D1504607B0BDE8F08F2369B6
:10B1400043F008032361E7E718B12046FFF7C8FE84
:10B15000E3E75BEA08031CD0019103F0D6F80199FC
:10B16000B8B9B9F1000F14D189F31188BFF36F8F0B
:10B170005A46434604F12800FEF7B0F9EFF311896F
:10B18000202383F31288BFF36F8FB0FA80F77F0913
:10B19000C3E7204605AB03AA2568FFF7C0FE0746B4
:10B1A000BBE770B50446836908460D4698470246DA
:10B1B000EFF31186202383F31288BFF36F8F2B7870
:10B1C000204643F001032B706168FFF76FFE60605B
:10B1D0002046FFF73BFF86F31188BFF36F8F70BDEA
:10B1E0002DE9F843044600272026EFF3118586F366
:10B1F0001288BFF36F8F2369A268190702D46368AE
:10B20000934200D2236A9B1A002B42D0E06910F8C7
:10B21000221000EB820911F003033AD0022B04D173
:10B2200050F822305FEA930805D1CB0720D4484676
:10B23000A36998478046A16842462046FFF736FE3C
:10B240000127A06041462046FFF73EFE3B4685F3BE
:10B250001188BFF36F8F002BC7D137B1B9F1000F41
:10B2600003D104F12800FEF705F94846BDE8F8834C
:10B2700041F0020100F82210A3694846D4F8088082
:10B280009847414602462046FFF710FE0023A06083
:10B29000DDE79946DBE7F8B50446836908460D46C5
:10B2A00098470646EFF31187202383F31288BFF3F4
:10B2B0006F8F2B7823F001032B7023699B0705D533
:10B2C000E268E36903EB82039D421AD12B7823F0F5
:10B2D00002032B70D4E90231994204D13246204650
:10B2E000FFF7E4FDA06031462046FFF7EDFD87F350
:10B2F0001188BFF36F8F04F12800BDE8F840FEF716
:10B30000B9B82B6860F39F032B60F0E7EFF311816E
:10B31000202383F31288BFF36F8F026983681207BB
:10B3200002D442689A4200D2026AD31A81F3118889
:10B33000BFF36F8F181E18BF0120704700220368EB
:10B340000BB9184670478B4210D10B6842B942685E
:10B350000360914200D14360002301200B607047DD
:10B3600013604368994208BF4260F5E71A461B68BC
:10B37000E6E7038B13F0070306D10368002B18BF21
:10B38000032008BF00207047022B05D1408BB0FA84
:10B3900080F0400980007047012B04D10368002B26
:10B3A00018BF0520EDE70020704710B50C4600B12E
:10B3B00011B96FF0150010BD081D00F0C6F8002887
:10B3C000F9D1A368032BF6D9F3E72DE9F0410D4637
:10B3D00007461946281D90461E4600F0C7F8044649
:10B3E00038B13346424629463846A446BDE8F041C6
:10B3F0006047BDE8F08110B4EFF31182202484F39C
:10B400001288BFF36F8F416110BC0121E6F76ABB60
:10B4100038B50C46054658B151B10B6843B14B687D
:10B4200033B11C22002103F064F900202C6138BDE7
:10B430006FF01500FBE7F8B504460E46FFF7B5FFC1
:10B44000051E3BDBEFF31182202383F31288BFF349
:10B450006F8F4FF6FF71638B278B8B4207F00707C7
:10B460002ED0062F2FD8DFE807F0182E082E18044C
:10B4700018006FF08505002303E001336383022584
:10B48000012382F31188BFF36F8FBBB100233A46CB
:10B4900031462046FFF799FF10E0002333606368D0
:10B4A00023B9C4E9006627B13D46E4E71E60666043
:10B4B000F9E702212046E6F715FB3D462846F8BD90
:10B4C0006FF00A05D7E76FF00405D4E710B5EFF386
:10B4D0001182202383F31288BFF36F8F048B04F053
:10B4E0000704022C0AD0012C0CBF6FF004006FF08F
:10B4F000850082F31188BFF36F8F08E0438B013B17
:10B500009BB2438323B92146E6F7ECFA204610BDEF
:10B510002046EEE738B5A8B1A1B1EFF3118520229E
:10B5200082F31288BFF36F8F048BFFF707FF30B1F0
:10B5300004F0070085F31188BFF36F8F38BD6FF0FB
:10B540007700F7E76FF01500F8E7034658B1426857
:10B5500002F00302012A03D0032A04D1026812B1C7
:10B560000020986070476FF01500704742680346EE
:10B5700002F00302032A4FF00002816014BF10465C
:10B5800000685A607047704703785B075FBF0368C5
:10B590004288C3F34A2303EB12105DBF173020F03B
:10B5A00007008008002070470020704702F095B91E
:10B5B0000346D3E8EF0F421CC3E8E12F0029F8D17E
:10B5C00070471FB50023CDE902011A4619461846F7
:10B5D000CDE90033E6F790FE05B05DF804FB0120ED
:10B5E000E6F746BC002070474368DA7101224368E1
:10B5F000196043685A71E6F72DBC70B515460C46C4
:10B6000069B1D2E901369B1B99420AD813680A46F0
:10B610000146981903F060F8AB682344AB602046FC
:10B6200070BD6FF01B00FBE770B50E46154619465E
:10B63000044618B9BDE87040E6F71ABC33B1C2F34E
:10B640004A231030120D184403F046F8C4E900569E
:10B650002046BDE87040E6F7AFBD2DE9F3415F1C21
:10B660004FEA8708064608F1170020F00700800817
:10B670000C461546E6F778FC00238DF80470ADF80B
:10B6800005308DF8073068B10346019AA8F104012E
:10B6900043F8102F2A46294452F8045B8A4243F8A3
:10B6A000045FF9D100233146A20102F4E07242EABC
:10B6B000482222F07F4222F4700222F03F0202B0C0
:10B6C000BDE8F041FFF7B0BF07B50123019201AA21
:10B6D000FFF7C3FF03B05DF804FB07B5CDE9002316
:10B6E00002236A46FFF7B9FF03B05DF804FB1FB5FC
:10B6F000CDE90123069B01AA03930323FFF7ADFFC6
:10B7000005B05DF804FBF8B506460D4614461F4625
:10B7100004B9F8BD214628463A46B047241A0544E4
:10B72000F6E710B542680446D2E900238168006854
:10B73000FFF7E9FF002263681A6010BD38B54B6857
:10B7400005461A68CB680C469A4202D10846FFF7B4
:10B75000E8FF6368D3E8EF2F511CC3E8E01F00281F
:10B76000F8D1A36800209D5438BD0A2838B5044696
:10B770000D4602D10D20FFF7E1FF29462046FFF7D5
:10B78000DDFF002038BD2DE9F043054689B00846AD
:10B790000E8891F800900C46D1F808801746E6F71D
:10B7A000FDFD011EC6F38216C9F3C2091FDB484620
:10B7B000E6F714FD0346214651F8102B6088C2F3CA
:10B7C0004A22002A01EB020408BF00210022C0F334
:10B7D0000B10CDE90507CDE9031428464146CDE914
:10B7E00000220296E6F706FE09B0BDE8F0830023CA
:10B7F000E1E7436800201B685B6819617047436894
:10B800001B681A6852685360704701212DE9F041A6
:10B8100043681B685A6811751D682F68D5E90136A1
:10B82000D3E900481CB96B681C60BDE8F081214673
:10B8300030464246B847241A0644F3E743681B687B
:10B840001868E6F70DBF70B543680C461D686B6855
:10B850001869E6F7E9FA214603460F222868BDE891
:10B8600070401847F0B587B01F4604460D4616468F
:10B8700000F08FFA022302930DF116030193BDF835
:10B880003030ADF81600009332463B46294620463C
:10B8900001F044FC07B0F0BD2DE9FF411F460D4605
:10B8A00016460446E8F7E2FE8046E4F70BFEBDF8D4
:10B8B000283080B2CDE90180009332463B462946CC
:10B8C000204601F02BFC04B0BDE8F08102F011BF6E
:10B8D00002F002BF01460068E6F744BF08B5E6F78C
:10B8E0009DFFBDE80840E7F7D1BA0A460121FFF7FE
:10B8F000EBBE00210120E6F735BF036E83F30B8812
:10B9000070476FF08500704761B662B680F31188AA
:10B91000BFF36F8F704772B6002383F31188BFF3B4
:10B920006F8FBFF34F8F30BF62B6BFF36F8F70471B
:10B9300072B6002383F31188BFF36F8FBFF34F8F6D
:10B9400020BF80F31188BFF36F8F62B6704740E865
:10B9500000F313F4803FD8B208BF6FF015007047B2
:10B9600030B50C684B6885B00A894D890094013B5D
:10B9700024F01F04234402F01F0242EA451223F080
:10B980001F0369468DF808200393E7F733FB05B0E2
:10B9900030BD08B5D1E904319847002008BD08B58D
:10B9A000E7F73CFD002008BD704700230382436990
:10B9B000C3607047C1698968E7F79CBDEFF31182E6
:10B9C000202383F31288BFF36F8F00230B6043683B
:10B9D00033B9C0E9001182F31188BFF36F8F70474C
:10B9E00019604160F7E7034610B5EFF3118120229B
:10B9F00082F31288BFF36F8F006828B15C68026819
:10BA0000A0421A6008BF5A6081F31188BFF36F8F9C
:10BA100010BD027A013202727047034618465B6815
:10BA2000002BFBD17047426810B52AB10B461C466B
:10BA30005B68002BFBD16260416010BD10B504460D
:10BA400020B908460B7A01330B7210BD0346184625
:10BA50005B68002BFBD1FFF7E6FF2046F5E710B54A
:10BA600008B14B68436000234C6808464B60E7F719
:10BA7000BFFD204610BD92B281600160C28082800D
:10BA8000704783680B440360704703680B6043682A
:10BA90004B6083688B60704783880268194481809B
:10BAA000D018704730B484880568A318838028199B
:10BAB00030BC02F011BE10B5838802685C1C848023
:10BAC000D154D01810BD30B5838802689D1C858084
:10BAD000D418D154090A617030BD034600689A88B1
:10BAE000401A11441860998070470268531E036021
:10BAF00083880133838002F8011C704703468288E3
:10BB0000521A828000680844186070470346006833
:10BB10009A88521A01449A801960704710B50368D8
:10BB200001211C78FFF7EAFF204610BD10B503681D
:10BB300002211C88FFF7E2FF204610BD10B50C461D
:10BB40000178227888B08A420ED06946E7F780FEF5
:10BB5000204604A9E7F77CFE102268460DEB02019F
:10BB600002F0CFFD08B010BD012A06D0022A07D08E
:10BB700072B940886388C01AF4E740686368FAE7DE
:10BB80001022611C013008B0BDE8104002F0B9BDC0
:10BB90006FF01500E6E7042A0AD0102A0DD0022A19
:10BBA0004FF0000315D103700B88438001207047CC
:10BBB000012303700B684360F8E7022300F8013BA0
:10BBC00001F1100351F8042B994240F8042BF9D1EC
:10BBD000ECE718467047012310B50621044600F82B
:10BBE000013BF8F7D7FB18B9A37963F03F03A371C2
:10BBF00010BD0B6803608B8883808B798371037819
:10BC000023F00203037070470078C0F340007047D0
:10BC100038B50446807AE7F743FC6169054649B1C7
:10BC2000637ADB0704D4C36920461B689B68984786
:10BC30000023636121462846BDE8384002F052BA2D
:10BC40002DE9F0410C461746054601F10C0800F1BC
:10BC50000C0140461E46FFF718FF6269E36839464B
:10BC60009B1A13FA87F36B82012340466B722F8273
:10BC7000FFF744FFE368284673600023628AE360AD
:10BC8000728163823460BDE8F08138B50C46D1E939
:10BC900000320546DA600B684A895A820868E7F77D
:10BCA000A7FC20461022002102F023FD2846BDE813
:10BCB0003840FFF7ADBF438A23B9C068B0FA80F0BF
:10BCC00040097047002070470F2806D80D280BD870
:10BCD000052814BF022003207047132804D01A2817
:10BCE00014BF0220012070470120704770470B6885
:10BCF00003608B8883808B7983717047FFF7E4BC86
:10BD0000FFF7EBBC034610B5D3E8EF0F40EA0102A2
:10BD1000C3E8E42F002CF7D110BD0023E6F76CBA7E
:10BD2000D0E8EF3F0B40C0E8E23F002AF8D170476F
:10BD3000704738B504460D46E8F704F95F3005D181
:10BD400029462046BDE83840E8F736B838BD01201E
:10BD5000704710B5028843889A4218D8052A16D928
:10BD6000B3F5486F13D88488B4F5FA7F0FD2C18831
:10BD700040F67640A1F10A0292B2824207D804FB53
:10BD80000333B3EB810F34BF0120002010BD00202E
:10BD9000FCE70020704700207047E8F7ABBD70B5A6
:10BDA00006460D464FF0FF304FF0FF31E8F72EFB0F
:10BDB000044668B103210C30FFF76EFE06808570E3
:10BDC0002146BDE87040002240F20640E8F7ACBCD6
:10BDD0006FF0680070BDC368187808B1E8F7E6BD79
:10BDE0001846E8F775BE38B54FF0FF3105464FF0FD
:10BDF000FF30E8F70BFB044668B102210C30FFF777
:10BE00004BFE2B88214603800022BDE8384042F2D9
:10BE10001600E8F789BC6FF0680038BDF8B5074632
:10BE20000E464FF0FF304FF0FF311546E8F7EEFABF
:10BE3000044678B106210C30FFF72EFE3B88468081
:10BE4000038085802146BDE8F840002242F22200AE
:10BE5000E8F76ABC6FF06800F8BD2DE9F04781464D
:10BE600088464FF0FF304FF0FF3117461E469DF8D1
:10BE700020A0E8F7CBFA0546A0B107210C30FFF768
:10BE80000BFEB9F8003080F802800380C77006719D
:10BE9000A0F805A02946BDE8F047002242F2320092
:10BEA000E8F742BC6FF06800BDE8F08770B5064661
:10BEB0000D464FF0FF304FF0FF31E8F7A7FA044688
:10BEC00018B9BDE87040E7F76DBF03210C30FFF7EC
:10BED000E3FD068085702146BDE8704042F22100F6
:10BEE000E8F7D0BB033138B5C9B205460E20E9F7F3
:10BEF00055FB032104460C30FFF7CEFD0123A0F8CB
:10BF000001500370204638BD70B505460E460F201F
:10BF10000421E9F743FB042104460C30FFF7BCFD84
:10BF20000122067042704580204670BD072208B588
:10BF300002F0E7FBB0FA80F0400908BDFFF7C4BB90
:10BF400000280CBF08460020704707B580B90621BD
:10BF50006846F8F71FFA40B99DF80530684603F0C7
:10BF60003F038DF80530E9F759FB03B05DF804FB9A
:10BF70006FF01500F9E70120704710B50C4631B19C
:10BF80000020FFF7E2FF08B90123237010BD6FF016
:10BF90001500FBE7D0E8AF0F7047032808B501D0C4
:10BFA000E9F750FDBDE80840E9F760BDD0F8BC00F6
:10BFB000003818BF012070470846896918301160A1
:10BFC000426800211A6010F80D2C02F092BBD0E8F4
:10BFD000AF0F7047FFF781BB837A072B01D1EAF7D8
:10BFE0001FB870472438EAF7AFB8002203680BB9CE
:10BFF000184670478B4210D10B6842B94268036003
:10C00000914200D14360002301200B607047136010
:10C010004368994208BF4260F5E71A461B68E6E7A5
:10C0200010B50446006918B1E7F7E2FA002323616E
:10C0300010BD034610B500F1D0021046FFF7C7FF50
:10C0400060B1411CD2E8EF4F844204D1C2E8EC1F3A
:10C05000BCF1000FF6D1F0D1184610BD0346FBE746
:10C0600010B5837A0446023B062B25D8DFE803F09F
:10C070000D0424242417220041720021EAF7BCF9A0
:10C08000BDE810400220E9F7D5BD8378012B11D11E
:10C09000403002F027F9BDE81040E8F7F1BC008815
:10C0A000FFF77DFE38B9A37A072B03D1082120467C
:10C0B000EAF7A2F9002010BD6FF07F00FBE773B52F
:10C0C00006460C46FFF7A0FD6D463146A8B168460E
:10C0D000FFF78FFD29460020EAF768FD58B1238855
:10C0E000A0F88C306388A0F88E30A388A0F8903038
:10C0F000E388A0F8923002B070BDFFF721FF03463D
:10C10000006800909A889B79ADF804208DF806307D
:10C11000E0E738B5037A04468B42154615D100F1A5
:10C1200070010722284602F0ECFA80B1E37807227A
:10C1300043B904F17E01284602F0E3FAB0FA80F038
:10C14000400938BD04F17701F5E70020F9E7012047
:10C15000F7E78378012B0CBF70300020704770B573
:10C1600083780646012B0C462CD18A8842F2107146
:10C170008A4227D8E3888B4224D89A4222D86388FF
:10C1800003B32378F3B14FF0FF304FF0FF31E8F7FE
:10C190003DF90546C8B109210C30FFF77DFC338815
:10C1A00029460380A38800224380E3888380638834
:10C1B000A0F8073023788371BDE8704042F29D00FB
:10C1C000E8F7B2BA6FF0150070BD6FF06800FBE7DA
:10C1D00013B582780B46012A15D10A88DB7802F064
:10C1E0000204D2078A7848BFB4FA84F4B2FA82F122
:10C1F00048BF640949090BB941F002010094FFF7F7
:10C200002CFE02B010BD6FF01500FAE7F8B5074636
:10C210000D464FF0FF304FF0FF31E8F7F7F80646D4
:10C22000D0B10E210C30FFF737FC04460E2200215E
:10C2300002F05FFA3B88314623802B88002263801E
:10C240006B8842F21300A380AB88E380EB882381E4
:10C25000BDE8F840E8F768BA6FF06800F8BD7047CD
:10C2600010B50446FDF78AFD234653F8402BD2F85B
:10C27000BC1061B92164D2F8C01061B9C2E92F3392
:10C28000FDF790FD2068BDE81040EAF78BB88B42BF
:10C29000F6D00968EDE70B60C2F8C030F0E703683C
:10C2A0002BB141681A688B42026008BF4260704738
:10C2B00070472DE9F843446B2CB154F8085905B187
:10C2C000083D00270CB9BDE8F883D4E900682EB317
:10C2D000FDF754FD0022D6F8BC3004F1400163B1F3
:10C2E000994233D1236C4ABBD6F8C020C6F8BC3083
:10C2F000914201D1C6F8C0302764FDF753FD04F127
:10C300003009002200234846FDF782F8064600BBAC
:10C31000D8F804300BB1204698472760E3680BB18A
:10C3200020469847D8F820300BB120469847DDB119
:10C33000AB6803B1083B2C461D46C3E71360D6F833
:10C34000C030994208BFC6F8C020D5E71A461B681E
:10C35000C5E7B36923B16FF06D02F16920689847B2
:10C360003046E7F745F9CCE72B46E4E7F8B50F464A
:10C3700000210546164600234FF224420846EAF7FC
:10C38000FFFE044620B92846EAF7C6FE2046F8BD5F
:10C3900004210C30FFF780FB057047704680F5E7FD
:10C3A000406B28B1838B08388B4201D08068F8E756
:10C3B000704710B54AB989B2FFF7F2FF28B1436858
:10C3C0009B6913B1BDE81040184710BD38B50D4644
:10C3D0000521FFF7E5FF002329461A46EAF7EAFEA2
:10C3E000044610B12846E7F703F9204638BD406BF4
:10C3F00028B1838908388B4201D08068F8E77047FC
:10C4000070470346006828B15968026888421A607C
:10C4100008BF5A6070470346002003B970471A8A64
:10C420005B681044F9E710B5D4680231237813B97A
:10C430002170012010BD8B42FBD0038A023B038296
:10C4400000201061F6E7FFF73FB92DE9F0410446FF
:10C450008868FFF7E0FF638D628B0D46934228BF2B
:10C46000134683421DD300272165D1F808808F60D1
:10C47000FDF784FC41462046EBF7DAF8064638B172
:10C48000C5F808802765FDF78DFC3046BDE8F081D2
:10C49000618D638B2846994228BF1946EDF788FDC8
:10C4A000F1E76FF07906F0E708B503680A8A1868C3
:10C4B000C968EDF7CDFC002008BD38B5054601F18F
:10C4C0000C000C46FFF732FB2D680146238A2868D2
:10C4D000E26801F029F8002038BD38B504460D4661
:10C4E000EBF7A6F830B1294604F15400BDE8384016
:10C4F00001F0EDBD38BD70B40668F2695AB3144658
:10C5000054F8983903B1983B002211467CB9438D09
:10C51000408B8B4201D890421FD9824238BF0246DD
:10C520009942306838BF194670BCEDF7D5BC8442DB
:10C5300007D0658D648BA94238BF2946A24238BF17
:10C54000224633B1D3F8985005B1983D1C462B468E
:10C55000DCE71D46FAE71146D9E770BC704773B5B2
:10C560001446014605464FF49572206800F083FE9C
:10C57000207530B92946206800F0EBFF20B9082368
:10C580002375002002B070BD237AB3B1A3F1180265
:10C59000534253419B000193638A29460093AE683E
:10C5A000238AE2682068B047002808DB238A984283
:10C5B0000CD1002301202375E4E70223EBE710F1FF
:10C5C000FF0F03D34042C0B22075DAE70E20FBE72D
:10C5D000F8B5936805460F461446166863B9506867
:10C5E00001210C30FFF758FAA0602B681B78002B54
:10C5F00014BF022301230370A3681B78012B03D00F
:10C60000022B1FD000201CE02B681B78002BF9D1D7
:10C61000606804210C30FFF73FFAE06007802A6869
:10C62000E36852885A806168728D738B088A9A42D7
:10C6300094BFC0EB0200C0EB0300042894BF0020AD
:10C640000120F8BD2B681B78022BDBD1606812211A
:10C650000C30FFF721FAE06007802B68E268591C74
:10C660000232113351F8040B994242F8040BF9D10C
:10C670006168728D738B088A9A4294BFC0EB020086
:10C68000C0EB03001228D9E7D0680431037813B94E
:10C690000170012070478B42FBD0002091680B8A0B
:10C6A000043B0B82106170471FB5CDE901230023C5
:10C6B0001A460093ECF706FB05B05DF804FB002278
:10C6C000036803B970478B420FD10B683AB94268CF
:10C6D0000360914200D1436000230B6070471360F8
:10C6E0004368994208BF4260F6E71A461B68E8E7CC
:10C6F000D0E8EF3F43F00802C0E8E12F0029F7D16E
:10C70000C3F3C00070472DE9F041064690461F462E
:10C710000D46B9B104220121EBF756F8044618B9C9
:10C72000BDE8F041EBF72AB804210C30FFF7B4F96B
:10C730000570A0F80180C77021463046BDE8F04181
:10C74000FFF7CBBEBDE8F08137B50C46054601F1D9
:10C750000C00FFF7EBF9228A03460192E2681221EE
:10C76000009228461322EBF7ABF803B030BD37B583
:10C770000C46054601F10C00FFF7D8F9228A034662
:10C780000192E2682846009200221146EBF798F8E1
:10C7900003B030BD70B504460E46002200230846A3
:10C7A000FCF736FE054658B101462046EAF740FF41
:10C7B000044618B12946304601F094FC204670BD6D
:10C7C0006FF00104FAE707B5CA680C211388528894
:10C7D00000920D22EBF77AFA03B05DF804FB07B57F
:10C7E0000022CB680A211B8800920B22EBF76EFA1D
:10C7F00003B05DF804FBF8B5CB6804461F88BBB2F4
:10C80000162B24D90321EBF725F9064608B302219C
:10C810000C30FFF741F900256FF0080345700370F5
:10C8200031462046FFF759FEF72363832368678567
:10C830001B680433D3E8EF1F41F48031C3E8E21FE3
:10C84000002AF7D12046FFF756FE2846F8BD0420FF
:10C85000FCE70E20FAE72DE9F04F064685B01046BA
:10C8600090469946FFF7D7FD738B728D8B469342A6
:10C8700028BF1346834275D9736840460393FFF778
:10C88000CCF84FF0000A04464046FFF7C4FDE168CB
:10C89000228A658A6369AD1ACB1AED1A778B738D7C
:10C8A0009F4294BFC0EB0700C0EB0300854228BF46
:10C8B000054625BB98F80A00E6F7F2FD00220023A2
:10C8C000FFF778F8044608B9574627E00146404686
:10C8D000FFF7B4F84046FFF79EFDE168228A658ABB
:10C8E0006369AD1ACB1AED1A778D738B9F4294BF93
:10C8F000C0EB0700C0EB0300854228BF0546CDF81A
:10C900000090DBF804700A4403985946ABB2B8476C
:10C91000071E07DABAF1000F18BF5746384605B0B0
:10C92000BDE8F08F0E9BABB9394604F10C00FFF760
:10C93000B3F84046FFF76FFD738D728BB944934295
:10C9400028BF13468342BA441FFA89F9BCD9AF42C3
:10C950009AD0B9E7394620460F9A0E9B984700288F
:10C96000E2D1B1E70027D9E700232DE9F3411768A9
:10C970001446D7F8048001461373064695224046B4
:10C9800000F079FC0546207330B93146404600F08E
:10C99000DEFD28B908232373002002B0BDE8F08132
:10C9A000A068798D7A8B038A914294BFC3EB01030F
:10C9B000C3EB0203012BEFDD02210C30FFF76CF813
:10C9C000CDE900558046A38831463846A268FFF776
:10C9D00042FF031E06DA13F1FF0F2ABF5B420E234C
:10C9E000DBB2D8E70120A8F80030D6E700232DE914
:10C9F000F34117681446D7F80480014613730646BE
:10CA00009522404600F037FC0546207330B9314688
:10CA1000404600F09CFD28B908232373002002B093
:10CA2000BDE8F081CDE9005531463846A388A268BB
:10CA3000FFF711FF002807DA10F1FF0F32BF0E20B9
:10CA40004042C0B22073E9E70120E8E7F8B50546A7
:10CA500050F8044C071F00F14803D3E8EF1F21F002
:10CA60000401C3E8E21F002AF7D1FCB1EB6C83B9E3
:10CA7000636873B1201DFFF7C4FC064601463846C3
:10CA8000FFF7E3FC90B163683360A368666003B9A5
:10CA9000A660384605F15001FFF77CFE30B13846FC
:10CAA00004F10C01BDE8F840FFF774BEF8BD2DE9B4
:10CAB000F041C469074644B154F8986906B1983EFC
:10CAC0000022154607F104080CB9BDE8F081236D7A
:10CAD0009BB905B98AB94046FFF793FC054658B1A2
:10CAE00001462046FFF7B1FC0028EED07B682B60A2
:10CAF000BB687D6003B9BD60224636B1D6F8983078
:10CB000003B1983B34461E46DEE73346FAE738B5B4
:10CB10000546D1E8AF3FDB0716D550F8040C98B1B5
:10CB2000EB6C8BB90430FFF76CFC044660B1014636
:10CB3000281FFFF78AFC38B155F8043C5A68226078
:10CB40009A685C6002B99C6038BDECF75DB808B5C6
:10CB5000EBF71EFC40B1C06930B1024652F898397B
:10CB600003B1983B002002B908BD518B528D8A4217
:10CB700028BF0A46904238BF104633B1D3F8981008
:10CB800001B198391A460B46EDE71946FAE770B538
:10CB9000CE68044633880D469AB2162A06D800227B
:10CBA00004231146EBF758FD002070BDF7224385A2
:10CBB0004283FFF7A0FC0023314620462A8AF1E792
:10CBC00008B500230A8AC968EBF746FD002008BDB6
:10CBD000FFF7F6BFFFF7F4BFFFF7F2BFFFF7F0BFB5
:10CBE000FFF7EEBFFFF7ECBFFFF7EABFFFF7E8BFC5
:10CBF000FFF7E6BFFFF7E4BFFFF7E2BF70B50D46F2
:10CC0000EBF7C6FB044628B92846E6F7F1FC6FF0BF
:10CC10007F0070BD00F10C062946304601F057FA3E
:10CC2000E469C4B154F8985905B1983D0022104602
:10CC300007E022467DB1D5F8983003B1983B2C46E9
:10CC40001D46831C01D1002AF4D131462046FFF74E
:10CC5000A1FD0028EDD10020DBE738B505460C46E4
:10CC6000FDF78CF82846EBF793FB20B9FDF79AF80F
:10CC70006FF07F0038BD0023236083683BB9C0E9B3
:10CC80000144FFF714FFFDF78DF80020F2E71C6068
:10CC90008460F6E710B50C46EBF77AFB90B1C369F8
:10CCA00043B153F8482C983BD168A14209D0D3F83E
:10CCB0009830F5E7406828B1C368A34202D0006805
:10CCC000F9E7104610BD10600020704710B5029CB7
:10CCD000A36833B1B1F5807F28BF0E21CAB22146C7
:10CCE0009847A37DE268013BDBB2A37522B11BB973
:10CCF0002046BDE81040104710BD10609180002014
:10CD00007047B1F5807F28BF0E21009AC9B2136821
:10CD10001847072208B501F0F4FCB0FA80F040098A
:10CD200008BDFEF7D1BC0B6803608B8883808B79CC
:10CD300083717047FEF7D1BC034610B5D3E8EF0FFF
:10CD400040EA0102C3E8E42F002CF7D110BD70B512
:10CD50000D46064611F8010BE9F752FF044610B1E3
:10CD60002C89E9F7F7FA6B89A34207D0EB686C814D
:10CD700023B121463046BDE87040184770BD08B564
:10CD800002210C30FEF788FE6FF0080203460020F7
:10CD90001A70587008BD10B5144602210C30FEF709
:10CDA0007BFE63890380002010BD10B5144604216A
:10CDB0000C30FEF771FE23890380E3894380002055
:10CDC00010BD10B5144602210C30FEF765FE238914
:10CDD0000380002010BD10B5144604210C30FEF76E
:10CDE0005BFE2389038063894380002010BD38B532
:10CDF000154600F10C0404212046FEF74DFE2B8958
:10CE00000380EB8943802B7C33B94FF420512046BB
:10CE1000FEF759FE002038BD42F60101F7E738B5AC
:10CE2000154600F10C0404212046FEF735FE2B893F
:10CE30000380EB8943802B7C022B04D0032B09D089
:10CE40002B68598801E042F602012046FEF73BFEBE
:10CE5000002038BD42F60301F7E770B514460025FF
:10CE600000F10C066268EBB29A4205F1010501D8A7
:10CE7000002070BDA268304632F81310FEF723FE82
:10CE8000F0E7FFF7EABFF7B5089D06460C462F68A6
:10CE900051B973B900232A460893E1B23046BC4623
:10CEA00003B0BDE8F0406047B1F5807F28BF0E2495
:10CEB000F0E7009313462A46B847089423462A46CB
:10CEC00021462F68EAE710B5144632B900F1700127
:10CED000007AEBF7EFFC00B1846010BDF0B50D46B1
:10CEE00087B0114606461A460C9C5DB983B927687F
:10CEF000002322463046BC46E9B20C9307B0BDE899
:10CF0000F0406047B5F5807F28BF0E252768EFE722
:10CF100003A8FEF7B0FDBDF81030012B08D80023A0
:10CF200000932246194630462568A84707B0F0BD51
:10CF3000022103A8FEF7EAFD0346BDF8102033F8EE
:10CF4000027B0021974228BF1746009722463046B1
:10CF50002568A847394603A8FEF7D8FDDBE738B5B2
:10CF6000144600F10C0506212846FEF795FD23899D
:10CF70000380E3894380237C002B42F6010308BF32
:10CF80004FF42053838021680B781BB1022B06D00D
:10CF9000002038BD28464988FEF795FDF8E71022A5
:10CFA00028460131FEF77EFDF2E738B5144600F160
:10CFB0000C0502212846FEF76FFD63890380A189D5
:10CFC0002846FEF780FD042104F11000FFF7B4FEAF
:10CFD000002038BD2DE9F04107460C46069D05F1BD
:10CFE0001003D3E8EF1F21F00401C3E8E21F002A79
:10CFF000F7D1ECB1EBF7A8FC014640B3836853B11D
:10D0000000221E6805F1140C2BB1634508D12B4694
:10D010003846EBF761FCB4F5807F28BF0E240EE0A4
:10D0200026B130681A4633460646EDE73046F9E742
:10D03000AB8923B92346224629462E68B0476B6840
:10D040002BB12A463846E1B2BDE8F0411847BDE8A9
:10D05000F08138B5154600F10C0404212046FEF796
:10D060001BFD2B8903806B894380E9680B782BB902
:10D0700020464988FEF727FD002038BD10222046B3
:10D080000131FEF70FFDF7E7002203680BB91846E0
:10D0900070478B4210D10B6842B9426803609142DD
:10D0A00000D14360002301200B6070471360436888
:10D0B000994208BF4260F5E71A461B68E6E708B5E3
:10D0C000EBF7F8FB18B1002303604360836008BDF1
:10D0D00070B500F1700605463146007AFEF75BFE3A
:10D0E00004463146287A1CB1BDE87040FFF7E7BF1F
:10D0F000EBF7E0FB10B104604460846070BD022A6D
:10D1000010B508D1002300F170011A46007AEBF740
:10D1100033FC022010BDFFF7DBFFFAE738B5BDF89E
:10D120001010BDF818401046A142059D0CD84CB116
:10D130006DB1641A9C42A8BF1C46A4B22246294481
:10D1400001F0CAFA204638BD6FF00604FAE76FF026
:10D150000D04F7E770B5CC6886B02678BDF8285086
:10D1600066B96488ADF81640022402940DF11604E5
:10D17000CDE90054FFF7D2FF06B070BD1026013490
:10D180000296F5E7F0B50C4687B0C9680546164625
:10D190001F46EBF7C5FB00B10089022302930DF196
:10D1A00016030193BDF83030ADF8160000933246F7
:10D1B0003B4621462846FFF7B1FF07B0F0BD13B547
:10D1C000044610B9002002B010BD00238DF80430D1
:10D1D00042F60303006801A9ADF80630FEF7AEFC85
:10D1E0000028EFD1E36898880028ECD12046EBF7BF
:10D1F00039FD013080B2E6E72DE9F041CC68984670
:10D20000A3798AB0064608468DF814300D461746B5
:10D21000FFF7D5FFADF815002468237893B963882C
:10D22000ADF817300523029305AB0193BDF84030EC
:10D230003A460093294643463046FFF76FFF0AB04F
:10D24000BDE8F081631C0DF11702113453F8041B83
:10D25000A34242F8041BF9D11323E4E71FB5CDE93B
:10D26000012300231A460093EBF72CFD05B05DF86F
:10D2700004FBFFF76CBC4B8A12F0010FC3F30E03E3
:10D2800004D013F0950F10D0486870B112F0020F5F
:10D2900004D013F4957F0AD0896841B1134013F488
:10D2A000DE7F14BF05200020704702207047032056
:10D2B0007047F8B50F46516806464B8A144603F08E
:10D2C000940313BB0122EBF769FD08B3A2891B216C
:10D2D00030460232EBF752F90546E0B1A1890C3035
:10D2E0000231FEF7D9FB20F8027BA289A16801F088
:10D2F000F3F9D4E9041228460123EBF7C9FA2946C9
:10D300003046BDE8F840FFF779BC4FF0FF30F8BD7C
:10D310006FF01500FBE76FF00B00F8E770B50B46F8
:10D320000546144629B921462846ECF705F828B9E0
:10D3300070BD4FF6FF72914207D1218122462846E7
:10D3400063680021BDE870401847E28901339BB251
:10D350009A422381E7D2F1E72DE9F04F89B00646E2
:10D360001446129F11B913F0030807D03A46002162
:10D3700030467B6809B0BDE8F04F1847C14642F619
:10D38000010A03F47F73D518AC4207D13A464146EF
:10D39000304609B0BDE8F04FFFF7C0BF3A7C638864
:10D3A000002A14BF52464FF42052ADF8022010223A
:10D3B000ADF808301FFA83F83B68B4F800B00021DC
:10D3C0000DEB020001938DF8009001F092F901AB92
:10D3D00006933A4630467B68CDF80CD0ADF81CB0C9
:10D3E00003A9984704340028CED109B0BDE8F08FD6
:10D3F000F0B553898FB0ADF80C3093890546ADF880
:10D400000E30022304A8144616898DF810300290BD
:10D410000DF1110301F1100251F8047B914243F820
:10D42000047BF9D12168C1B9002142F60203102220
:10D430000AA88DF80410ADF8063001F05AF901ABD6
:10D44000099302AB0C93224628466368ADF834601A
:10D4500009A9984728B90FB0F0BDFEF76FFB002867
:10D46000E2D0224628462189FFF758FFF3E72DE94D
:10D47000FF479046DDE90D9A827A1D46072A064647
:10D480000F469DF8303028D123B3D22105F10E028A
:10D49000EBF774F8044628B302210C30FEF7FCFACF
:10D4A0000023078000220027CDE9002329464246B9
:10D4B0002046CDE90277E6F7B9F8494620463B46D3
:10D4C0005246EBF7E5F92146304604B0BDE8F04797
:10D4D000FFF794BB5221AA1CDAE76FF07F0004B07B
:10D4E000BDE8F0876FF00B00F9E773B504460D4611
:10D4F000FCF744FC29462046FFF7CCFB014620B947
:10D5000002B0BDE87040FCF74DBC46682046EBF722
:10D5100097F9FCF747FC2EB100230E211A4620464E
:10D520000095B04702B070BDF7B50D4604461646EB
:10D530001F46EBF709FA014628B133462A46204632
:10D540000097ECF753FC03B0F0BD012070470120B9
:10D5500070470120704713B5C068144668B10023B6
:10D560008DF804304FF4C05301A9ADF80630FEF732
:10D57000E5FA10B9236801332360012002B010BD21
:10D580000021F8B54FF0FF324FF0FF330546084653
:10D59000E9F7F6FD00F10C07044601213846FEF7D5
:10D5A0007BFA0526012106703846FEF775FA00233E
:10D5B00006701A4621462846E9F7FCFD10B12046C0
:10D5C000E6F716F80020F8BD6FF0850070470020E0
:10D5D00070470C220369C9B202FB0133186C00F0DA
:10D5E0000700704770B50346C9B20069EFF31186B2
:10D5F000202484F31288BFF36F8F0C2505FB0104F0
:10D60000246C14F0C00401D0A24211D1012205FB08
:10D6100001000264002086F31188BFF36F8F30B9D8
:10D620000C225B6802FB01335B689847002070BDE9
:10D630004FF0FF30EFE78022FFF7D4BFF8B5069F29
:10D6400005460469C9B2EFF3118C202080F31288DB
:10D65000BFF36F8F0C2606FB0146306C00F0070EFF
:10D66000BEF1010F10D1376400268CF31188BFF38F
:10D670006F8F3EB90C2041430C44C4E90E236B6804
:10D680005B5898473046F8BD00F0C00087420CBF99
:10D690006FF077064FF0FF36E7E713B5802400946C
:10D6A000FFF7CCFF02B010BD10B41C240069CBB250
:10D6B00004FB0300002110BC10471046FBF7DABE44
:10D6C00000F060B9FAF74EBD38B508461446EFF3DE
:10D6D0001185202383F31288BFF36F8F1146FAF769
:10D6E00099FF85F31188BFF36F8F002808BF20468C
:10D6F00038BD08B50023FFF7E7FF00EAE07008BD7A
:10D70000FAF76EBF436800205B68DB680B60704708
:10D71000436802EA01005B6821EA020158600020C8
:10D7200099607047436800205B68596070474368A0
:10D7300000205B689960704743685B681A6821EA5B
:10D7400002001140586000209960704730B50369AD
:10D75000586800B30024884219D108688CB99C68C5
:10D760005860A14200D19860002008602AB15A6830
:10D770000A609A68596002B9996000200FE0284653
:10D78000E9E720609868814208BF9C60ECE7056883
:10D790000446002DF3D1002AE9D16FF0150030BD09
:10D7A000FBF7C4B830B543681360057A446804EBEE
:10D7B000C504A34202D36FF0010030BD5C79083389
:10D7C0008C42F1D10020F8E743681B68D3F8303170
:10D7D000704743681B68D3F88004C3F8800470471F
:10D7E00042681368D3F84C0150B10020926A127855
:10D7F0000A70C3F84C01D3F84C2101229A62704799
:10D800004FF0FF30704713B501AA0446FFF7CAFF77
:10D81000002805DB019B226819791868FAF794F94A
:10D8200002B010BD38B5054600220121C620E5F73B
:10D83000ABFAC620E5F778FA6C680121E068FFF7DB
:10D84000E2FF6B6819686369C1F82435E28BA38B2A
:10D85000A07E1343228C1343628C1343627E9BB2DF
:10D860000243207E02431343C1F86C3569680B689C
:10D87000D3F8002242F48022C3F800220822C3F821
:10D8800000254A6A0121C3F83C270022C3F840273B
:10D890001965D3F830110029FBD0C3F800256D6855
:10D8A0000021E8682C68FFF7AEFF0823C4F80035B4
:10D8B0002A7A52B9AB6AC4F804370123C4F808378E
:10D8C000C4F84C21D4F84C21A362002038BD08B51F
:10D8D0000220F9F7F9FE002008BD08B5FBF738F97A
:10D8E00008BD03460020184700F07DBA024610B577
:10D8F000116891B1B1FA81F3C3F11F000123834094
:10D9000021EA0303D2E8EF4F8C4204D1C2E8EC3F96
:10D91000BCF1000FF6D1EBD110BD6FF00B00FBE7AF
:10D9200010B50368CB40DB0710D401238B4002689D
:10D9300043EA0201D0E8EF4F944204D1C0E8EC1F63
:10D94000BCF1000FF6D1F2D1002010BD6FF0150030
:10D95000FBE7FAF7A3BB10B1012802D07047FAF732
:10D9600001BCFAF7AFBC18B1012803D100F00CB824
:10D9700000F008B8704708B5FAF7D8FCBDE80840D1
:10D98000FAF730BCFAF7C2BBFAF764BCF7B5164633
:10D99000DDE90847019001A81D46FAF77DFE019BCD
:10D9A000B6F1000C18BF4FF0010C00EB83000B1E0A
:10D9B00018BF0123002D43EA4C030CBF4FF0000CAD
:10D9C0004FF00C0C002C43EA0C030CBF4FF0000C82
:10D9D0004FF4706C002F43EA0C030CBF4FF0000CA7
:10D9E0004FF4403CD0F8802043EA0C0322EA0303C2
:10D9F00001B109780EB13678760019430DB12D7852
:10DA0000AD0031430CB12478240229430FB13F7893
:10DA10003F040C433C43C0F8804003B0F0BD1FB549
:10DA20000DF10F03019300238DF80F101A461946CC
:10DA30000093FFF7ABFF05B05DF804FB10B504469B
:10DA40000846FAF739FE04EB4004207DC0F340108D
:10DA500010BD10B504460846FAF72EFE04EB40044C
:10DA6000207DC0F3400010BD10B504460846FAF70B
:10DA700023FE04EB4004A08A400B10BD70B50446A1
:10DA800008461646FAF718FE083034F810300D46EE
:10DA9000DA0509D5C3F3432304EBC3023146284614
:10DAA00054F8333052689847A3682BB13146284662
:10DAB000E268BDE87040184770BD10B504460846DE
:10DAC000FAF7FAFD04EB4000838ADA051DD5C3F3AB
:10DAD000432123F4F853838204F1120204F1580025
:10DAE00032F8023F13F4807F03D0C3F343239942FB
:10DAF0000BD08242F4D1002204EBC1035A6004F13E
:10DB00006000BDE81040FFF70BBF10BDF0B5044644
:10DB1000002001270546844695420AD1D4F84431B5
:10DB200033B10023C4F84431D4F8443140F4003018
:10DB3000F0BDEBB29B0003F580769B0807FA03F378
:10DB4000194208D054F806E0BEF1000F03D044F8A3
:10DB500006C0A65918430135DEE738B504460D4620
:10DB6000FFF76CFFA8B12046FFF773FF88B9204686
:10DB7000FFF77AFF012322688340C2F81833236835
:10DB800003EB8000D0F8103523F00303C0F8103504
:10DB900038BD2846BDE838400021FFF740BF2DE9D9
:10DBA000F0431746044685B00846FAF785FDD7F8D6
:10DBB00000800E460546B8F1000F1ED02046FFF744
:10DBC00048FF18B12046FFF739FF20BB00230DF1B5
:10DBD0000F02CDE900338DF80E308DF80F3030464E
:10DBE00043460DF10E01FFF7D1FE04EB4502938A87
:10DBF00023F0020343F0010393827B689BB3314619
:10DC0000204693F80080D3F80490FFF722FF28B154
:10DC1000B9F1000F1FD06FF0150027E004EB4500AD
:10DC2000838A23F4604323F020038382B9F1000F39
:10DC300011D0B8F1030FEED87B6821685B6893F8C8
:10DC400000C04FEA8C031944B8F1000F11D1C1F89C
:10DC50001085C1F8108504EB4502938A23F01C035C
:10DC600043EA88039382BB684BBB002005B0BDE844
:10DC7000F083D1F8102522F00302C1F810252268A4
:10DC80001344D3F8102522F4473222F47C72C3F8EF
:10DC9000102541F6F072D3F8101502EA061242EA96
:10DCA00008420A43C3F8102504EB4C03A3F8646050
:10DCB000838A43EA4C3343F020038382CBE7314627
:10DCC000D3E900782046FFF7F8FE002FCDD0636837
:10DCD0009F4206D004F16000FFF708FE002804DA36
:10DCE000C4E7A3689845F5D1002004EBC003C3E95D
:10DCF000017804EB4505AB8AC0B243EA402343F404
:10DD00008073AB82B1E7C0E90312704770B5044677
:10DD10001546FFF793FE48B10846FAF7CDFC04EB31
:10DD200040040020A38A5B0B2B7070BD6FF01500C0
:10DD3000FBE790F87400003818BF01207047FAF72D
:10DD4000F1BC2DE9F34104461746FFF777FE0D4677
:10DD50002668F0B12046FFF77CFE8046C8B9204611
:10DD6000FFF782FE820002F5807346F80380F358C5
:10DD700023681344D3F8102542F00102C3F810259C
:10DD800027B1012322688340C2F8143302B0BDE8F2
:10DD9000F081D6F8143328469B035CBF4FF4003360
:10DDA000C6F81433FAF788FC04EB4004A38AC3F3E3
:10DDB0008203042B11D0052B11D001A80195FAF78D
:10DDC0006BFC019BC168D94001F00101023128467A
:10DDD00002B0BDE8F041FFF722BE0321F7E70221C0
:10DDE000F5E7FFF7BABE08B1E5F7C0BC704710B55C
:10DDF000436904463BB90020E2684042537843F04F
:10DE00000103537010BD98470028F4D00028B8BF14
:10DE10004042FF28A8BFFF20E3681870ECE740B13C
:10DE2000C368587810F001001EBF1878B0FA80F06F
:10DE300040097047EFF31183202383F31288BFF367
:10DE40006F8FFEE710B400F10C04C0E9034410BC6E
:10DE5000FCF75BBF38B50446EFF31185202383F34D
:10DE60001288BFF36F8FE3F701FA04F10C0000F0A2
:10DE700003FB30B1294604F11400BDE8384000F03E
:10DE8000E1BA85F31188BFF36F8F38BD10B54269D1
:10DE90006AB1836842EA0301890708D10169A2FBDC
:10DEA000011424B95B182CBF0121002102D36FF0AB
:10DEB000150005E0C1609B1A02698A4201D8002062
:10DEC00010BDC26801311A604269C3609B1AF3E752
:10DED0002DE9F04105460F46EFF31188202383F327
:10DEE0001288BFF36F8FC668F6B90468A0421BD0D2
:10DEF000D4B1D4E9003213605A60237CC4E90066CF
:10DF000023F002032374A66004F1180000F038FB2C
:10DF10002046A667676100F03BFA414605F108001C
:10DF2000BDE8F04100F08EBA3E60AB69EF60013BA6
:10DF3000AB6188F31188BFF36F8FBDE8F0812024B7
:10DF400008B5EFF3118384F31288BFF36F8FFDF7E9
:10DF5000E2FCF6E790F90E308B4201D0FBF78EBE63
:10DF60000020704703460020C3E90033C3E90200E4
:10DF70007047D0E9003213605A600023027CC0E988
:10DF8000003322F002020274836070472DE9F843E7
:10DF9000904604460D469DF82020EFF3118720217E
:10DFA00081F31288BFF36F8F02B14568A66804F150
:10DFB0000809B14515D0A6B100243046FFF7D9FFB6
:10DFC00006F1180000F0DCFA3046B467C6F8148099
:10DFD00000F0DEF94846394600F034FA2046BDE844
:10DFE000F883A3B10820FCF703FB002832D00122FC
:10DFF000C0F804800260016801F003015DB9226885
:10E000000A430260626820606AB960600BE04046C3
:10E01000C8F80030EFE72A68032A10D80160616869
:10E0200039B9C4E90000002087F31188BFF36F8F6E
:10E03000D5E70A6802F0030202430A60E5E722F02E
:10E0400003020A4302602A6802F0030240EA020364
:10E050002B60E8E76FF00B00E6E710B5044630B13F
:10E060000268930703D0446809B100F02EFB2046F4
:10E0700010BD0023C0E9003300F10803C0E90233FA
:10E08000704770B5EFF31185202383F31288BFF337
:10E090006F8F846800F10806A64213D094B1204621
:10E0A000FFF767FF04F1180000F06AFA002320462A
:10E0B000A367636100F06CF929463046BDE8704003
:10E0C00000F0C0B985F31188BFF36F8F70BD0123D5
:10E0D00007B5009300230A461946FFF757FF03B020
:10E0E0005DF804FB002307B50A4600931946FFF7C5
:10E0F0004DFF03B05DF804FB00210068FFF7ADBFE2
:10E100003AB18A4205D3C0E90212C0E900000020FA
:10E1100070476FF015007047012302688B4022EAB8
:10E120000303036022FA01F000F00100704770471A
:10E1300010B5032104460C30FFF7EEFF30B104F1B7
:10E14000100000F01DFAB0FA80F0400910BD20B1B7
:10E1500000228C30114600F0DAB9704770B5C36800
:10E160000446C3F340069B0716D4856802210C3091
:10E17000FFF7D2FF80B1D5F884206AB194421DD157
:10E1800022689EB9D5F88830C5F884209C4201D118
:10E19000C5F8882000232360E36813F01F001EBF2A
:10E1A00043F00203E36040F0020070BD3260D5F836
:10E1B0008820944208BFC5F88860EBE716461268CD
:10E1C000DBE773B50446EFF31185202383F3128850
:10E1D000BFF36F8F00230193D0E90423B3F1004F05
:10E1E00008BF012A05D085F31188BFF36F8F02B0F5
:10E1F00070BDA0F1100603210438FFF78DFF002841
:10E20000F1D0A369304601A90193FBF789FAEAE747
:10E2100038B504460D461022002100F06AFA656008
:10E2200038BDEFF31183202282F31288BFF36F8F82
:10E23000C06800F01F0083F31188BFF36F8F704731
:10E2400013B501900846EFF31184202383F312885D
:10E25000BFF36F8F01A9FBF763FA84F31188BFF353
:10E260006F8F02B010BD10B5FFF7EAFF041E08DD86
:10E27000EFF31180202383F31288BFF36F8FFBF736
:10E2800069FD204610BD70B50D46EFF311862023C1
:10E2900083F31288BFF36F8FFBF794FA044686F37B
:10E2A0001188BFF36F8F38B14FF0FF324FF0FF335B
:10E2B00005F11000FBF712F9204670BD08B5A02249
:10E2C000002100F016FA08BD38B530220D460021B5
:10E2D000044600F00EFA4FF480736560E36038BDC9
:10E2E000FFF79FBF38B50446EFF31185202383F372
:10E2F0001288BFF36F8FFFF71BFF2046FFF72EFF3B
:10E3000085F31188BFF36F8F38BDEFF305800038B8
:10E3100018BF012070476FF057007047002070470A
:10E32000D0E9003213605A600023C0E9003370471F
:10E3300008B5FFF7F5FF037C23F002030374002305
:10E34000836008BD38B504460D46FBF7F3FB237C1C
:10E3500043F002032374D5B1A5602B689D4209D117
:10E360006B68C4E900531C606C6010E06A689A42F4
:10E37000F6D01B68002BF3D093F90E1094F90E2001
:10E380009142F3DD5A68C4E9003214605C6038BD24
:10E3900010B5EFF31184202383F31288BFF36F8F3E
:10E3A000FBF788FB84F31188BFF36F8F10BD08B5AE
:10E3B000EFF31181202282F31288BFF36F8F8368FD
:10E3C0000BB1FFF7B5FF81F31188BFF36F8F08BD65
:10E3D00008B5037C014613F0280F0CD183680BB1FC
:10E3E000FFF7A6FF0B7C084623F004030B74BDE87F
:10E3F0000840FBF75FBB08BD10B5EFF31184202385
:10E4000083F31288BFF36F8F1838FFF7E1FF84F3AF
:10E410001188BFF36F8F10BD08B50346EFF311816C
:10E42000202282F31288BFF36F8F0068834207D0E7
:10E4300008B1FFF77DFF81F31188BFF36F8F08BD2F
:10E440000020F8E70846FBF7ADBB38B50546046881
:10E450000020AC4200D138BD002CFCD02046FFF794
:10E4600067FF04F1180000F08BF82046FBF722FB51
:10E470002C680120A542EDE710B5EFF311842023AD
:10E4800083F31288BFF36F8FFFF7DFFF84F31188E8
:10E49000BFF36F8F10BD70B506460D46FBF7F6FC57
:10E4A000B5F1FF3F08BFB6F1FF3F04460CD047F679
:10E4B000112000214FF47A7547F612220023E4FB65
:10E4C0000501E1F7DDFF70BD4FF0FF30FBE738B528
:10E4D0000446EFF31185202383F31288BFF36F8F77
:10E4E000037C5B070ED5183000F04AF8237C2046E9
:10E4F00023F004032374FBF7DDFA2846BDE8384017
:10E50000FBF750BB85F31188BFF36F8F38BD38B56B
:10E51000EFF31185202383F31288BFF36F8F046814
:10E52000A04212D09CB1A16762612046FFF700FFB4
:10E5300004F1180000F024F82046FBF7BBFA012094
:10E5400085F31188BFF36F8F38BD0020F8E72046B0
:10E55000F6E708B50246FBF70BFE70B1D0E90431CF
:10E560009B1A61EBE272B3F1004F72F1000104DA21
:10E57000002AACBF1846002008BD6FF00040FBE742
:10E58000024638B5EFF31185202383F31288BFF3D9
:10E590006F8F0368D3B1FBF7EBFD04461046FBF722
:10E5A000F9FD00224FF000438442C0E9042305D066
:10E5B000002085F31188BFF36F8F38BDFBF7E0FDB6
:10E5C000FFF7C7FF0021F9F755FCF1E7D0E9041385
:10E5D000B3F1004F08BF012904D100204FF00041E2
:10E5E000C2E904016FF01500E3E708B5FBF7DAFEB6
:10E5F00008BDFBF7D7BEB3F1FF3F08BFB2F1FF3F45
:10E6000070B506461D46144614D01A4316D0002B8A
:10E6100008DBFBF7C7FE041941EB0501C6E9004121
:10E62000304670BD6FF001031C1B4FF0FF3363EBEE
:10E630000501F3E74FF0FF342146EFE70024FBE745
:10E64000B3F1FF3F08BFB2F1FF3FF8B507461646EA
:10E650001C4610D054EA020311D0FBF7A3FEB042CF
:10E660000A46A14103460AD2F31A64EB0204C7E941
:10E6700000343846F8BD4FF0FF331C46F7E700235F
:10E68000FBE70023C0E9081200F11802C0E90622E6
:10E69000C0E90033036343637047043270B5044636
:10E6A0000ED2EFF31185202686F31288BFF36F8F09
:10E6B00041F00401984785F31188BFF36F8F08B9C3
:10E6C000002070BD40F8044BFBE720B1011F50F85B
:10E6D000040CFFF7BFBB70470A44431E914200D1B0
:10E6E000704710B511F8014B914203F8014FF9D171
:10E6F00010BD02440346934200D1704703F8011B4A
:10E70000F9E70139024410B5904201D1002005E03B
:10E71000037811F8014FA34201D0181B10BD01303E
:10E72000F2E70246014410B58A42134603D01C7832
:10E730000132002CF8D1181A10BDF0B5C3F137071B
:10E74000044603F01F031046FFB2082BE6B232D096
:10E75000102B3DD06508A40845EAC17544EA8174D0
:10E760008A082D1942EB5102290941EA02716D18FC
:10E7700042EB1212290A41EA02616D1842EB1222A1
:10E78000290C41EA02416D1842EB1242AD1842F1E8
:10E790000002EC0844EA4274D10804EB8402A6EBC0
:10E7A0004205EDB2092D0CD90134A5F10A0541F15C
:10E7B0000001EDB212E0E40806F0070544EA4174F6
:10E7C000C908303554EA010200F8015BBDD1F0BD43
:10E7D000240906F00F0544EA01740909092D84BFD4
:10E7E000ED19EDB2EDE7D1E9043293421EBF5A1C98
:08E7F0000A6118707047000077
:08E7F800DC1CFE7F01000000A3
:10E80000C536000000000000C57D010000000000CA
:10E810000000000088E80100E59101000000000010
:10E82000099201000000000000000000DCE8010087
:10E8300000000000C0E8010000000000A4E80100A2
:10E8400000000000F8E801000000000014E90100E9
:10E85000C177010000000000CFD8010000000000D7
:10E860002D1D0000000000004534000000000000E5
:10E8700095950100000000000000000030E9010053
:08E88000753D000000000000DE
:10E888009A200200ACFE010060F20100820500201F
:10E89800383C0020C174010000000000C5200200BF
:10E8A800D0FE010030F20100860500208C3C0020DB
:10E8B800E579010000000000D1200200E4FE01001B
:10E8C80030F2010088050020983C0020E57901001D
:10E8D80000000000DC200200F8FE010030F2010018
:10E8E8008A050020A43C0020E57901000000000012
:10E8F800C12002000000000028F201008405002069
:10E908000000000001D7010000000000E72002001D
:10E9180018FF01007CF201008C050020B03C0020AB
:10E9280025D80100000000003CF9010000000000AB
:10E9380054F2010080050020A828002000000000F3
:04E9480000000000CB
:10E94C0000000000F3B8010000000000F3B8010063
:10E95C0000000000F3B8010000000000F3B8010053
:10E96C0000000000F3B8010000000000F3B8010043
:10E97C0000000000F3B8010000000000F3B8010033
:10E98C0000000000F3B8010000000000F3B8010023
:10E99C0000000000F3B8010000000000F3B8010013
:10E9AC0000000000F3B8010000000000F3B8010003
:10E9BC0000000000F3B8010000000000F3B80100F3
:10E9CC0000000000F3B8010000000000F3B80100E3
:10E9DC0000000000F3B8010000000000F3B80100D3
:10E9EC0000000000F3B8010000000000F3B80100C3
:10E9FC0000000000F3B8010000000000F3B80100B3
:10EA0C0000000000F3B8010000000000F3B80100A2
:10EA1C0000000000F3B8010000000000F3B8010092
:10EA2C0000000000F3B8010000000000F3B8010082
:10EA3C0000000000E143010000000000F3B80100F9
:10EA4C0000000000F3B8010000000000F3B8010062
:10EA5C0000000000F3B8010000000000F3B8010052
:10EA6C0000000000F3B8010000000000F3B8010042
:10EA7C0000000000F3B8010000000000F3B8010032
:10EA8C0000000000F3B8010000000000F3B8010022
:10EA9C0000000000F3B8010000000000F3B8010012
:10EAAC0000000000F3B8010000000000F3B8010002
:10EABC0000000000F3B8010000000000F3B80100F2
:10EACC0000000000F3B8010000000000F3B80100E2
:10EADC0000000000F3B8010000000000F3B80100D2
:10EAEC0000000000F3B8010000000000F3B80100C2
:10EAFC0000000000F3B8010000000000F3B80100B2
:10EB0C0000000000F3B8010000000000F3B80100A1
:10EB1C0000000000F3B8010000000000F3B8010091
:10EB2C0000000000F3B8010000000000F3B8010081
:10EB3C0000000000F3B8010000000000F3B8010071
:10EB4C0000000000F3B8010000000000F3B8010061
:10EB5C0000000000F3B8010000000000F3B8010051
:10EB6C0000000000F3B8010000000000F3B8010041
:10EB7C0000000000F3B8010000000000A1730100C8
:10EB8C0000000000F3B8010000000000F3B8010021
:10EB9C0000000000F3B8010000000000F3B8010011
:10EBAC0000000000F3B8010000000000F3B8010001
:10EBBC0000000000F3B8010000000000F3B80100F1
:10EBCC0000000000F3B8010000000000F3B80100E1
:10EBDC0000000000F3B8010000000000F3B80100D1
:10EBEC0000000000F3B8010000000000F3B80100C1
:10EBFC0000000000F3B8010000000000F3B80100B1
:10EC0C0000000000F3B8010000000000F3B80100A0
:10EC1C0000000000F3B8010000000000F3B8010090
:10EC2C0000000000F3B8010000000000F3B8010080
:10EC3C0000000000F3B8010000000000F3B8010070
:10EC4C0000000000F3B8010000000000F3B8010060
:10EC5C0000000000F3B8010000000000F3B8010050
:10EC6C0000000000F3B8010000000000F3B8010040
:10EC7C0000000000F3B8010000000000F3B8010030
:10EC8C0000000000F3B8010000000000F3B8010020
:10EC9C0000000000F3B8010000000000F3B8010010
:10ECAC0000000000F3B8010000000000F3B8010000
:10ECBC0000000000F3B8010000000000F3B80100F0
:10ECCC0000000000F3B8010000000000F3B80100E0
:10ECDC0000000000F3B8010000000000F3B80100D0
:10ECEC0000000000F3B8010000000000F3B80100C0
:10ECFC0000000000F3B8010000000000F3B80100B0
:10ED0C0000000000F3B8010000000000F3B801009F
:10ED1C0000000000F3B8010000000000F3B801008F
:10ED2C0000000000F3B8010000000000F3B801007F
:10ED3C0000000000F3B8010000000000F3B801006F
:10ED4C0000000000F3B8010000000000F3B801005F
:10ED5C0000000000F3B8010000000000F3B801004F
:10ED6C0000000000F3B8010000000000F3B801003F
:10ED7C0000000000F3B8010000000000F3B801002F
:10ED8C0000000000F3B8010000000000F3B801001F
:10ED9C0000000000F3B8010000000000F3B801000F
:10EDAC0000000000F3B8010000000000F3B80100FF
:10EDBC0000000000F3B8010000000000F3B80100EF
:10EDCC0000000000F3B8010000000000F3B80100DF
:10EDDC0000000000F3B8010000000000F3B80100CF
:10EDEC0000000000F3B8010000000000F3B80100BF
:10EDFC0000000000F3B8010000000000F3B80100AF
:10EE0C0000000000F3B8010000000000F3B801009E
:10EE1C0000000000F3B8010000000000F3B801008E
:10EE2C0000000000F3B8010000000000F3B801007E
:10EE3C0000000000F3B8010000000000F3B801006E
:10EE4C0000000000F3B8010000000000F3B801005E
:10EE5C0000000000F3B8010000000000F3B801004E
:10EE6C0000000000F3B8010000000000F3B801003E
:10EE7C0000000000F3B8010000000000F3B801002E
:10EE8C0000000000F3B8010000000000F3B801001E
:10EE9C0000000000F3B8010000000000F3B801000E
:10EEAC0000000000F3B8010000000000F3B80100FE
:10EEBC0000000000F3B8010000000000F3B80100EE
:10EECC0000000000F3B8010000000000F3B80100DE
:10EEDC0000000000F3B8010000000000F3B80100CE
:10EEEC0000000000F3B8010000000000F3B80100BE
:10EEFC0000000000F3B8010000000000F3B80100AE
:10EF0C0000000000F3B8010000000000F3B801009D
:10EF1C0000000000F3B8010000000000F3B801008D
:10EF2C0000000000F3B8010000000000F3B801007D
:10EF3C0000000000F3B8010000000000F3B801006D
:10EF4C0000000000F3B8010000000000F3B801005D
:10EF5C0000000000F3B8010000000000F3B801004D
:10EF6C0000000000F3B8010000000000F3B801003D
:10EF7C0014E90100C9D7010000000000F3B801003A
:10EF8C0000000000F3B8010000000000F3B801001D
:10EF9C0000000000F3B8010000000000F3B801000D
:10EFAC0000000000F3B8010000000000F3B80100FD
:10EFBC0000000000F3B8010000000000F3B80100ED
:10EFCC0000000000F3B8010000000000F3B80100DD
:10EFDC0000000000F3B8010000000000F3B80100CD
:10EFEC0000000000F3B8010000000000F3B80100BD
:10EFFC0000000000F3B8010000000000F3B80100AD
:10F00C0000000000F3B8010000000000F3B801009C
:10F01C0000000000F3B80100E0020020A1D70100BD
:10F02C0000000000F3B8010000000000F3B801007C
:10F03C0000000000F3B8010000000000F3B801006C
:10F04C0000000000F3B8010000000000F3B801005C
:10F05C0000000000F3B8010000000000B5430100FF
:10F06C00018E0100E3D8010000000000F3B801009C
:10F07C0000000000F3B8010000000000F3B801002C
:10F08C0000000000F3B8010000000000F3B801001C
:10F09C0000000000F3B8010000000000F3B801000C
:10F0AC0000000000F3B8010000000000F3B80100FC
:10F0BC0000000000F3B8010000000000F3B80100EC
:10F0CC0000000000F3B8010000000000F3B80100DC
:10F0DC0000000000F3B8010000000000F3B80100CC
:10F0EC0000000000F3B8010000000000F3B80100BC
:10F0FC0000000000F3B8010000000000F3B80100AC
:10F10C0000000000F3B8010000000000F3B801009B
:10F11C0000000000F3B8010000000000F3B801008B
:10F12C0000000000F3B8010000000000F3B801007B
:10F13C0000000000F3B8010000000000F3B801006B
:10F14C0000000000F3B8010000000000F3B801005B
:10F15C0000000000F3B8010000000000F3B801004B
:10F16C0000000000F3B8010077D90100E3D80100DA
:10F17C0000000000F3B8010000000000F3B801002B
:10F18C0000000000F3B8010000000000F3B801001B
:10F19C0000000000F3B8010000000000F3B801000B
:10F1AC0000000000F3B8010068020020A1D70100A4
:08F1BC0000000000F3B801009F
:10F1C80010080020E842002000080000E10E0000BE
:10F1D8000000000000000000000000000700000020
:10F1E800000000008F030200000000000000000083
:10F1F80090070020E83E002000040000150D0000E4
:10F2080000000000000000000000000007000000EF
:10F21800000000008403020000000000000000005D
:08F22800F3D60100C9D6010074
:10F230001178010005D7010011D7010025D7010081
:10F240002FD7010039D701002D7A01004DD70100D9
:04F2500000000000BA
:0CF254002DC700004DC50000ADC4000037
:10F260001975010037D601009BD60100000000008F
:0CF27000D3D501000000000000000000E9
:0CF27C00E1D70100C57C0100D3D70100E0
:10F28800050000005D7100000600000035A00000C8
:08F29800040000007182000077
:10F2A000550B0000410C00000000000000000000B1
:10F2B000ED080000C50A000000000000000000008A
:10F2C000000000000000000000000000000000003E
:10F2D000000000000000000000000000000000002E
:10F2E0000000000000000000CD0800000000000049
:10F2F00060F801000400000018F50100050000009E
:10F30000261E020003000000DA0A020003000000CB
:10F31000B519020003000000CCFB0100030000004F
:10F320007CFA01000300000050F901000300000016
:10F3300058FB010003000000040B02000300000062
:10F340005B20020003000000CF1402000300000055
:10F3500036160200030000007F1B020003000000BD
:10F360005516020003000000882002000300000080
:10F370008F20020003000000B5040200030000001B
:10F38000B320020003000000D904020003000000C3
:10F39000DD04020003000000D905020003000000A4
:10F3A000F8090200030000007A0A020003000000CE
:10F3B000820A020003000000CF21020003000000C7
:10F3C0000A04020003000000910A0200030000008A
:10F3D000C604020003000000F22002000300000047
:10F3E000FCF4010040020020C805020001000000FA
:10F3F00006000600000090010000000060006000B0
:10F40000000000000000000003000300340034008E
:10F41000BA130200BF130200C3130200C713020095
:10F42000CB130200CF130200D3130200D713020044
:10F43000DB130200DF130200E3130200E7130200F4
:10F44000EB130200EF130200F3130200F7130200A4
:10F45000FB130200000103FF04FF020000A0105094
:10F4600000820D5000040550000100081200000049
:10F47000000000000000000000000000000000008C
:10F480000338FDD8704700000000000000000000B5
:10F490000338FDD87047000060090020000100001B
:10F4A000DFB5010089B501000200000087B7010047
:10F4B000000000000000000000000000000000004C
:10F4C000AC050200B40502000000000000000000CE
:10F4D00000000000051F0200BC050200C00502007C
:10F4E000C4050200ECF4010074160020E5260000BB
:10F4F0008C160020283E00200100000047B80100C3
:10F500003DB801000BB80100FFB70100000000008A
:10F51000F3B7010000000000DCFF010055D101003D
:10F5200000000000D8FF010000000100D4FF01002E
:10F53000F9D101000000000050020020000001008D
:10F54000CCFF010099B8010000000000000000009D
:10F5500000000100C8FF0100F9D101000000000017
:10F560004802002000000100C0FF010065B8010052
:10F57000000000000000000000000100000000206A
:10F5800000000000060001000200000090F50100EC
:10F59000000000006B0A020006000000E0CF170028
:10F5A00000000020730A020021000000E0FF032099
:10F5B000D134000000000000A9B90100B0F501003D
:10F5C000CCF501000201000000000000FC810020D9
:10F5D000B0F50100E0F501002E0000000000000081
:10F5E00018960020B0F50100F4F5010002010000BA
:10F5F00000000000EC960020FF1302001D14020022
:10F600003814020048140200551402005E1402006F
:10F61000651402006C140200731402007B140200D3
:10F62000551402008314020095140200AA1402006B
:10F63000BD1402000E030000395400000F04000046
:10F64000055400001A010000B9390000050400004B
:10F65000D139000013010000553E00003E010000BA
:10F66000C540000001120000EDBC01000A1E0000B0
:10F6700031BD0100FF010000394200003E010000E1
:10F6800019420000050400001D3A000010010000AE
:10F69000953A000002010000815C000001120000A8
:10F6A000754C00000A1E0000D7BD010003090000D0
:10F6B0008D3C0000040B0000013E0000060A000023
:10F6C00041530000070A0000B93B00000C05000090
:10F6D000714400002BFD00005D3B00003509000077
:10F6E000F53A0000B0F50100F4F601000201000057
:10F6F000000000000898002034190200411902009F
:10F7000061190200551902006C19020083190200E8
:10F7100093190200DF1A0200A7190200B0F50100D8
:10F720002CF701000000000000000000589B0020A2
:10F73000B0F5010040F701000001000000000000EA
:10F74000809B00205FC20100B1C2010000000000E8
:10F750000000000000000000ED7400000000000048
:10F760000000000000000000000000000202010094
:10F77000F7C7010004040100317F00000606010004
:10F78000717E0000080401005D7D00000A02010096
:10F79000DFC701000C040100C7C701000E0401000F
:10F7A000397C000020040100A57B0000100401004A
:10F7B000B57A00001202010049C701001E000400D2
:10F7C000F9CB0100520200006FC7010001040200E2
:10F7D00015880000030202008FCB01000501020022
:10F7E000C1CB010007040200D1CB010009010200D6
:10F7F000D5CB01000B000200D9CB01000D000200A7
:10F80000DDCB01000F000200E1CB0100210202006C
:10F81000E5CB010011010200E9CB01001300020059
:10F82000EDCB010017040200F1CB0100190002002A
:10F83000F5CB01001B020300BBC401001D02050043
:10F840007978000023040300A9C40100B0F5010089
:10F850005CF80100020100000000000010A7002079
:10F86000F4FF010055D1010000000000F0FF01008D
:10F8700000000100ECFF0100F9D1010000000000D0
:10F88000D003002000000100E4FF010000000000A0
:10F89000000000000000000000000000E0FF010088
:10F8A00085D10100218B0000D80300200000030057
:10F8B0000000000000000000000000000000000048
:10F8C0000000000081D501000000000000000000E1
:10F8D0000000000000000000456D7074792048436E
:10F8E00049207061636B657400000000556E6B6E9B
:10F8F0006F776E2048434920747970652025750024
:10F900004C4C20696E697469616C697A6174696FC5
:10F910006E206661696C65643A2025640000000011
:10F9200042542043544C52205258207072690000B7
:10F9300042542043544C52205258000062745F6875
:10F9400063695F636F6E74726F6C6C657200000048
:10F9500062745F63746C725F6863695F6472697616
:10F96000657200005A6570687972204F53207634B2
:10F970002E342E31000000004E6F204843492043B2
:10F980006F6D6D616E642068656164657200000072
:10F99000496E76616C69642048434920434D442098
:10F9A0007061636B6574206C656E6774680000003D
:10F9B0004E6F204843492041434C2068656164658F
:10F9C00072000000496E76616C69642048434920EA
:10F9D00041434C207061636B6574206C656E677485
:10F9E00068000000496E76616C69642048434920D4
:10F9F00041434C2044617461206C656E67746800FB
:10FA0000547820427566666572204F766572666C22
:10FA10006F770000496E76616C69642054782045E8
:10FA20006E7175657565000068616E646C653A207D
:10FA30003078253034782C207374617475733A20D3
:10FA400025782C2074783A2025782C2072783A205A
:10FA500025782E00747970653A2030782530327818
:10FA60000000000072656A656374206F70636F64E4
:10FA7000653A2030782530327800000062745F6388
:10FA8000746C725F68636900574553545F544F50FC
:10FA90004449522F7A65706879722F737562737951
:10FAA000732F626C7565746F6F74682F636F6E74FB
:10FAB000726F6C6C65722F6C6C5F73772F756C6CEA
:10FAC0005F7363616E2E6300657272203D3D20306E
:10FAD000207C7C20657272203D3D202D313230002B
:10FAE000415353455254494F4E204641494C205BA7
:10FAF00025735D20402025733A25640A000000002C
:10FB000009706172616D313A2025752070617261F2
:10FB10006D323A2025750A00574553545F544F50B3
:10FB20004449522F7A65706879722F7375627379C0
:10FB3000732F626C7565746F6F74682F636F6E746A
:10FB4000726F6C6C65722F6C6C5F73772F756C6C59
:10FB50005F636F6E6E2E630062745F63746C725FBE
:10FB6000756C6C5F636F6E6E000000005132434F26
:10FB70004E4E2041413D25303278253032782530B7
:10FB800032782530327820435243494E49543D253E
:10FB9000303278253032782530327820686F703DE9
:10FBA0002575206368616E5F636F756E743D2575A2
:10FBB000206D61703D253032782530327825303225
:10FBC0007825303278253032780A000062745F631D
:10FBD000746C725F63727970746F00005745535490
:10FBE0005F544F504449522F7A65706879722F7371
:10FBF00075627379732F626C7565746F6F74682F9B
:10FC0000636F6E74726F6C6C65722F6C6C5F737760
:10FC10002F6E6F726469632F6C6C6C2F6C6C6C5FF1
:10FC20007363616E2E630000300000000925733A93
:10FC30002041637475616C204556454E545F4F56A4
:10FC40004552484541445F53544152545F555320F7
:10FC50003D2025750A000000574553545F544F500E
:10FC60004449522F7A65706879722F73756273797F
:10FC7000732F626C7565746F6F74682F636F6E7429
:10FC8000726F6C6C65722F6C6C5F73772F6E6F7216
:10FC90006469632F6C6C6C2F6C6C6C5F63656E7445
:10FCA00072616C2E63000000020000000000000082
:10FCB0000000000000000000000001030303030334
:10FCC000030000000000000000000000C506010065
:10FCD00000000000D5060100E5060100000000005C
:10FCE0008D07010000000000F50601000000000083
:10FCF000BD070100050701009D070100ED07010098
:10FD0000150701002D08010025070100CD0701009E
:10FD1000DD070100FD0701000D0801003D0801009D
:10FD20004D080100450701005D08010000000000CA
:10FD3000000000000000000000000000AD0701000E
:10FD400000000000000000000000000000000000B3
:10FD500000000000000000000000000000000000A3
:10FD60000000000000000000000000000000000093
:10FD70000000000000000000000000000000000083
:10FD80000000000000000000000000000000000073
:10FD90000000000000000000000000000000000063
:10FDA0000000000000000000000000000000000053
:10FDB000350701001D080100000000000A030000D3
:10FDC000000000000000000002020000000000002F
:10FDD0000403000002010903000000000103000009
:10FDE0000C030000070300000000030100000000F6
:10FDF0000000000000000000000000000000000003
:10FE000000000000000000000000000000000000F2
:10FE100000000000000000000000000000000000E2
:10FE200000000000000000000000000000001203BD
:10FE300012030000636F6D6D6F6E5F7072657061AD
:10FE400072655F6362000000707265706172655F69
:10FE500063620000070000000800000009000000C5
:10FE60000A0000000B0000000D0000000F00000061
:10FE70001100000013000000150000001800000031
:10FE80001B0000001F0000002300000028000000ED
:10FE90002D000000330000003900000001030405BC
:10FEA0007D7401004D74010000000000C97501005F
:10FEB00049750100A7200200C5D60100C1D6010086
:10FEC000AD20020000A0105000820D50000405502B
:10FED0007F00000000A01050680200200000000019
:10FEE00000000000FFFF010000820D50E002002032
:10FEF0000000000001000000FF07000000040550A2
:10FF000000000000000000000200000000A01050EF
:10FF100000820D500004055000600C5000000000ED
:10FF20000000000044FF010000C201000000D601F3
:10FF3000000000000000004000000000DE3E002045
:10FF4000DD3E002000600C5050FF01000100000069
:10FF500058FF0100040000002400000026000002F9
:10FF600025060001270600030001000000A0105034
:10FF700000820D500004055008000000020000003F
:10FF80000400000001000000802102008E21020018
:10FF9000A2210200B1210200BD21020000E80100FF
:10FFA00010E8010058E8010060E8010088E801005D
:10FFB00088E80100D22102000001000000000000DA
:10FFC0000000012A0000012A000003280000002A86
:10FFD0000000002A0000032800000018000000288C
:10FFE000000002290000052A0000052A000003285D
:10FFF00000000118000000284653553A207570642F
:020000022000DC
:1000000061746564207374617475733D3078253054
:1000100032782073706163696E673D257520757352
:1000200020706879733D3078257820747970657315
:100030003D3078257820696E69746961746F723D0E
:1000400025640A003E3E3E20696E74657276616CDE
:10005000206E6F772025752028756E6974732920AE
:10006000E280942070696E67696E67202864656C11
:1000700061793D25756D73290A007363616E207285
:10008000633D25640A00646973636F76657220645A
:100090006F6E6520286E6F7468696E67290A005359
:1000A0005542534352494245442C2076683D2575BC
:1000B0000A007375627363726962652072633D251D
:1000C000640A004D5455206572723D2575206D748B
:1000D000753D25750A005048592074783D257520D6
:1000E00072783D25750A00636F6E6E6563742066D5
:1000F00061696C6564203078253032780A004741A8
:100100005020636F6E6E656374656420696E7465FC
:100110007276616C3D25750A004741502064697311
:10012000636F6E6E65637465642030782530327855
:100130000A007A35342D6C617400743D2575732086
:10014000525454206D65616E3D2575206D696E3D7C
:100150002575206D61783D2575206E3D25752074CF
:100160006F3D2575207C2063616E63656C733D2552
:1001700075282B25752F7329207365716261643D85
:100180002575206C656E5F6261643D25752064692C
:1001900073633D25752830782530327829207C20FE
:1001A000746F745F6E3D257520746F745F746F3D5E
:1001B0002575206D6178657665723D2575203E3226
:1001C0006D733D2575203E356D733D2575203E319F
:1001D000356D733D2575203E32306D733D2575209C
:1001E0003E33306D733D2575207C2070726F6265E3
:1001F000733D25752077726661696C3D25752064B5
:100200006F776E3D257573206D61786F75743D2530
:10021000757325730A004653553A207265717565EA
:100220007374205B25752E2E25755D20757320282F
:1002300041434C20626F746820646972732C2031D2
:100240004D2B324D292072633D25640A00424C41FA
:1002500053543A207068795F7570646174652D3EFF
:10026000324D2072633D25640A00424C41535420B4
:10027000666972737431365F63616C6C5F75733A73
:1002800000424C4153544320636F6D703D257520EF
:1002900065786B4270733D257520636761705F758B
:1002A000735B6D696E2F6176672F6D61785D3D259B
:1002B000752F25752F25750A00424C415354207027
:1002C00068793D25752F2575206174743D2575204D
:1002D0006F6B3D257520656E6F6D656D3D257520D5
:1002E0006572723D25752063616C6C5F75735B6D23
:1002F000696E2F6176672F6D61785D3D25752F25BD
:10030000752F2575206F6B6761705F6D61785F7504
:10031000733D25750A00646973636F766572792091
:1003200073746172742028706F73742D5048592053
:100330002B25646D732920696E74657276616C3D3E
:10034000257520706879326D3D25640A0062745FFE
:10035000656E61626C652025640A000A3D3D3D20A2
:100360006E524635344C3135205254542070696EEB
:10037000672D706F6E672043454E5452414C203DAF
:100380003D3D0A007265706F72745F74696400703D
:10039000696E675F746964006865617020636F727D
:1003A00072757074696F6E20286E6F7420696E208C
:1003B0007573653F29206174202570006865617040
:1003C00020636F7272757074696F6E202862756633
:1003D000666572206F766572666C6F773F29206163
:1003E00074202570006865617020636F727275708B
:1003F00074696F6E2028646F75626C652066726523
:10040000653F29206174202570006F735F68656106
:10041000700028756E7369676E6564292063686172
:1004200072202A207573656420666F7220252570FE
:1004300020617267756D656E742E20497427732074
:100440007265636F6D6D656E64656420746F2063A3
:1004500061737420697420746F20766F6964202A38
:100460002062656361757365206974206D61792010
:100470006361757365206D69736265686176696F24
:100480007220696E206365727461696E20636F6E9D
:1004900066696775726174696F6E732E205374722A
:1004A000696E673A2225732220617267756D656EE9
:1004B000743A25640063627072696E74665F70617D
:1004C000636B616765007379735F6765746F7074E0
:1004D000006C6F6767696E67006C6F67006C6F67B1
:1004E0005F6D676D74004D657373616765202822C9
:1004F000257322292064726F7070656420626563C1
:10050000617573652069742065786365656473201F
:1005100073697A65206C696D69746174696F6E20A6
:1005200028257529004D6573736167652064726FB6
:1005300070706564206265636175736520697420FD
:10054000657863656564732073697A65206C696D8D
:1005500069746174696F6E2028257529000D0A0081
:100560001B5B306D00257320005B2530386C755D9A
:1005700020005B253032753A253032753A2530320D
:10058000752E253033752C253033755D20003C25C4
:10059000733E200025732F0025733A20002530324A
:1005A000782000202020007C002563001B5B313B6D
:1005B00033316D001B5B313B33336D0077726E005E
:1005C000696E6600646267006C6F675F6261636B8F
:1005D000656E645F75617274006C6F675F756172E0
:1005E000740072302F61313A20203078253038780D
:1005F000202072312F61323A20203078253038782F
:10060000202072322F61333A20203078253038781C
:100610000072332F61343A2020307825303878202A
:100620007231322F69703A202030782530387820A6
:100630007231342F6C723A202030782530387800AF
:1006400020787073723A2020307825303878004650
:1006500061756C74696E6720696E7374727563740A
:10066000696F6E206164647265737320287231351E
:100670002F7063293A2030782530387800556E681D
:10068000616E646C6564204952516E3A20256400A5
:100690002A2A2A2A2A205553414745204641554CAB
:1006A00054202A2A2A2A2A0020204469766973695C
:1006B0006F6E206279207A65726F002020556E611E
:1006C0006C69676E6564206D656D6F72792061631A
:1006D00063657373002020537461636B206F7665CC
:1006E00072666C6F772028636F6E74657874206112
:1006F000726561206E6F742076616C6964290020D8
:10070000204E6F20636F70726F636573736F72201A
:10071000696E737472756374696F6E73002020491B
:100720006C6C6567616C206C6F6164206F6620453E
:1007300058435F52455455524E20696E746F205095
:1007400043002020496C6C6567616C2075736520DF
:100750006F66207468652045505352002020417414
:1007600074656D707420746F206578656375746549
:1007700020756E646566696E656420696E73747257
:10078000756374696F6E002A2A2A2A2A204D5055F3
:10079000204641554C54202A2A2A2A2A0020205338
:1007A0007461636B696E67206572726F7220286373
:1007B0006F6E746578742061726561206D69676819
:1007C00074206265206E6F742076616C6964290004
:1007D0002020556E737461636B696E672065727259
:1007E0006F720020204461746120416363657373FC
:1007F0002056696F6C6174696F6E0020204D4D4604
:10080000415220416464726573733A2030782578D0
:10081000002020496E737472756374696F6E204195
:1008200063636573732056696F6C6174696F6E00E2
:100830002020466C6F6174696E672D706F696E74ED
:10084000206C617A792073746174652070726573AD
:100850006572766174696F6E206572726F72002ABC
:100860002A2A2A2A20425553204641554C54202AF0
:100870002A2A2A2A002020537461636B696E67203C
:100880006572726F72002020507265636973652013
:100890006461746120627573206572726F720020EA
:1008A000204246415220416464726573733A20309D
:1008B000782578002020496D707265636973652022
:1008C0006461746120627573206572726F720020BA
:1008D00020496E737472756374696F6E20627573EC
:1008E000206572726F72005265736572766564205E
:1008F000457863657074696F6E2028005370757257
:10090000696F757320696E746572727570742028D2
:100910004952512000535053454C20696E20746851
:1009200072656164206D6F646520646F6573206E0D
:100930006F7420696E646963617465205053500060
:100940002A2A2A2A2A2048415244204641554C54FA
:10095000202A2A2A2A2A00202042757320666175DF
:100960006C74206F6E20766563746F7220746162A0
:100970006C652072656164002020446562756720A3
:100980006576656E740020204661756C7420657311
:1009900063616C6174696F6E2028736565206265A0
:1009A0006C6F772900415243485F45584345505486
:1009B000207769746820726561736F6E2025780AEC
:1009C000002A2A2A2A2A204465627567206D6F6EE4
:1009D00069746F7220657863657074696F6E202A20
:1009E0002A2A2A2A002A2A2A2A2A2025732025642C
:1009F00029202A2A2A2A2A006D7075004661696C0E
:100A0000656420746F20616C6C6F63617465206E27
:100A10006577204D505520726567696F6E2025758A
:100A20000A00506172746974696F6E2025753A20EE
:100A3000636F686572656E636520636865636B20CC
:100A40006661696C65642E00496E76616C6964202C
:100A5000756E6465726C79696E6720726567696F1F
:100A60006E20696E64657820257500464C415348B8
:100A70005F30005352414D5F30006E65745F6275A8
:100A800066006E65745F6275665F73696D706C6534
:100A900000736F63007075626C69630072616E64ED
:100AA0006F6D007075626C69632D69640072616EB0
:100AB000646F6D2D696400253032583A2530325804
:100AC0003A253032583A253032583A253032583AA1
:100AD0002530325820282573290062745F627566BC
:100AE000006D616C666F726D65642061647665721D
:100AF000746973696E672064617461202575202FA5
:100B00002025750062745F646174610044617461E2
:100B100020627566666572206F766572666C6F77A7
:100B200020286C696E6B20747970652030782530D0
:100B300032782900556E61626C6520746F206C6F8D
:100B40006F6B20757020636F6E6E207769746820FC
:100B500068616E646C65202575004572726F722045
:100B60007768696C65207570646174696E6720745C
:100B70006865207363616E6E6572202825642900A4
:100B80004861726477617265206572726F722C20A1
:100B9000686172647761726520636F64653A2025CD
:100BA0006400436F756C64206E6F74207375626DA2
:100BB00069742072785F776F726B3A2025640055F4
:100BC0006E6B6E6F776E20636F6E6E2068616E6401
:100BD0006C652030782530345800556E61626C6544
:100BE00020746F206C6F6F6B757020636F6E6E205A
:100BF000666F722068616E646C65202575006D619A
:100C0000785F74785F6F637465747320657863656B
:100C1000656473207468652076616C696420726114
:100C20006E6765202575006D61785F72785F6F6310
:100C30007465747320657863656564732074686592
:100C40002076616C69642072616E6765202575008D
:100C50006D61785F74785F74696D65206578636530
:100C6000656473207468652076616C6964207261C4
:100C70006E6765202575006D61785F72785F7469B5
:100C80006D6520657863656564732074686520769A
:100C9000616C69642072616E676520257500696EFC
:100CA00074657276616C2065786365656473207421
:100CB00068652076616C69642072616E67652025C5
:100CC00075207573006C6174656E63792065786357
:100CD00065656473207468652076616C6964207250
:100CE000616E6765203078253034780073757076D2
:100CF0005F74696D656F757420657863656564738D
:100D0000207468652076616C69642072616E676525
:100D10002030782530347800556E61626C6520741F
:100D20006F20616C6C6F63617465206275666665C7
:100D30007200556E68616E646C6564206576656EE0
:100D40007420307825303278206C656E2025753A15
:100D500020257300657674206E756D5F68616E6422
:100D60006C657320283D25752920746F6F206C6198
:100D70007267652028257A75203E20257529004E4A
:100D80006F20636F6E6E656374696F6E20666F723D
:100D90002068616E646C65202575007061636B6509
:100DA000747320636F756E74206D69736D61746305
:100DB0006800546F6F20736D616C6C20282575205E
:100DC000627974657329206576656E7420307825A4
:100DD00030327800496E76616C696420484349205E
:100DE0006576656E742073697A65202825752900FB
:100DF000496E76616C6964204C45206D6574612094
:100E00006576656E742073697A65202825752900DA
:100E1000574553545F544F504449522F7A65706878
:100E200079722F7375627379732F626C7565746F45
:100E30006F74682F686F73742F6863695F636F7274
:100E4000652E63006576745F666C6167732026208B
:100E50002831554C203C3C2028302929004153534F
:100E6000455254494F4E204641494C205B25735D05
:100E700020402025733A25640A00496E76616C692A
:100E80006420627566207479706520257500496E4E
:100E900076616C6964204843492041434C2070616D
:100EA000636B65742073697A652028257529004174
:100EB000434C2064617461206C656E677468206DBA
:100EC00069736D617463682028257520213D202594
:100ED000752900556E61626C6520746F2066696EBD
:100EE0006420636F6E6E20666F722068616E646C42
:100EF000652025750062745F6863695F6576745F5D
:100F00006765745F666C616773286864722D3E65FF
:100F10007674292026202831554C203C3C2028314D
:100F2000292900556E6B6E6F776E2062756620748E
:100F300079706520257500556E68616E646C656416
:100F40002076656E646F722D737065636966696380
:100F5000206576656E7420307825303278206C6597
:100F60006E2025753A202573004E6F20636F6D6DDE
:100F7000616E642073656E7420666F7220636D64A9
:100F800020636F6D706C657465203078253034781F
:100F9000004F70436F6465203078253034782063CB
:100FA0006F6D706C6574656420696E7374656164DF
:100FB000206F6620657870656374656420307825DD
:100FC00030347800756E6B6E6F776E005B305D004D
:100FD000484349207472616E73706F72743A2025B1
:100FE0007300436F6E74726F6C6C65720049646558
:100FF0006E7469747925733A202573004964656EAF
:10100000746974795B25645D3A202573004843490F
:101010003A2076657273696F6E20257320283078C8
:101020002530327829207265766973696F6E2030B9
:1010300078253034782C206D616E75666163747527
:1010400072657220307825303478004C4D503A204B
:1010500076657273696F6E2025732028307825308D
:1010600032782920737562766572203078253034A5
:1010700078007A35342D6C61742D63656E747261FD
:101080006C00556E61626C6520746F2073656E64D0
:1010900020746F20647269766572202865727220F0
:1010A00025642900657272203D3D20300009436FA0
:1010B0006E74726F6C6C657220756E726573706F92
:1010C0006E736976652C20636F6D6D616E64206F41
:1010D00070636F6465203078253034782074696DD2
:1010E000656F757420776974682065727220256455
:1010F0000A006F70636F6465203078253034782083
:1011000073746174757320307825303278202573BC
:10111000004661696C656420746F207265616420AB
:10112000444C45206D61782064617461206C656E6B
:10113000004E6F2070656E64696E672063656E7423
:1011400072616C20636F6E6E656374696F6E0043CD
:101150006F6E6E656374696F6E206372656174692A
:101160006F6E2074696D656F75742074726967673E
:1011700065726564004661696C656420746F2072F5
:1011800065737461727420696E69746961746F72D9
:1011900000556E657870656374656420737461745E
:1011A000757320307825303278202573004E6F20FB
:1011B00070656E64696E6720636F6E6E20666F7215
:1011C0002070656572202573004E6F6E2D4C452092
:1011D00063617061626C6520636F6E74726F6C6CBA
:1011E000657220646574656374656421004E756D75
:1011F000206F6620436F6E74726F6C6C657227731C
:101200002041434C207061636B65747320213D2045
:1012100041434C2062745F636F6E6E5F747820632D
:101220006F6E74657874732028257520213D202504
:1012300075290041434C2042522F4544522062758B
:101240006666657273206E6F7420696E6974696179
:101250006C697A65640056656E646F722048434914
:1012600020657874656E73696F6E73206E6F74207D
:10127000617661696C61626C6500485720506C61F1
:1012800074666F726D3A20257320283078253034CB
:1012900078290048572056617269616E743A20259A
:1012A00073202830782530347829004669726D77AC
:1012B0006172653A202573202830782530327829EC
:1012C0002056657273696F6E2025752E2575204234
:1012D00075696C64202575004661696C65642074CD
:1012E0006F207265616420737570706F72746564CD
:1012F0002076656E646F7220636F6D6D616E6473CE
:10130000004661696C656420746F207265616420B9
:10131000737570706F727465642076656E646F7239
:101320002066656174757265730048434920647274
:1013300069766572206973206E6F742072656164CE
:1013400079004254205258205751004843492064A4
:101350007269766572206F70656E206661696C6572
:1013600064202825642900556E657870656374656E
:101370006420484F53545F4E554D5F434F4D504C82
:10138000455445445F5041434B4554532C2073749E
:1013900061747573203078253032782025730055BC
:1013A0006E636C65617265642070656E64696E67FA
:1013B0002073656E745F636D6400312E306200319E
:1013C0002E3100312E3200322E3000322E310033D9
:1013D0002E3000342E3000342E3100342E320035C1
:1013E0002E3000352E3100352E3200352E330035AB
:1013F0002E3400362E3000362E3100362E32005379
:1014000074616E6461726420426C7565746F6F7490
:101410006820636F6E74726F6C6C65720056656ED7
:10142000646F7220737065636966696320636F6EB1
:1014300074726F6C6C6572004669726D776172656B
:10144000206C6F6164657200526573637565206915
:101450006D616765007265736572766564006E52D2
:1014600046353178006E5246353278006E52463538
:101470003378006E524635344878006E5246353423
:101480004C7800496E74656C20436F72706F7261A6
:1014900074696F6E004E6F726469632053656D6985
:1014A000636F6E647563746F72004E58502053659D
:1014B0006D69636F6E647563746F727300457370EA
:1014C0007265737369662053797374656D73006216
:1014D000745F6863695F636F726500574553545F5B
:1014E000544F504449522F7A65706879722F737542
:1014F000627379732F626C7565746F6F74682F688F
:101500006F73742F6863695F636F6D6D6F6E2E63A9
:1015100000636D6420646973616C6C6F776564004F
:101520004F6E6C792072616E646F6D20737461749C
:101530006963206964656E7469747920616464729A
:1015400065737320737570706F7274656400496E93
:1015500076616C696420696E707574207061726167
:101560006D6574657273004661696C656420746FA3
:101570002072656164207075626C696320616464C7
:10158000726573730052656164205374617469639A
:101590002041646472657373657320636F6D6D6160
:1015A0006E64206E6F7420617661696C61626C6537
:1015B000004661696C656420746F20726561642007
:1015C00073746174696320616464726573736573B5
:1015D000004E6F2073746174696320616464726586
:1015E000737365732073746F72656420696E206312
:1015F0006F6E74726F6C6C657200556E61626C65B3
:1016000020746F20736574206964656E74697479E1
:10161000206164647265737300556E61626C65204D
:10162000746F207365742072616E646F6D206164E5
:1016300064726573730062745F696400556E6578E7
:1016400070656374656420656E64206F66206275E2
:10165000666665720062745F7363616E00466169FD
:101660006C656420726561642072656D6F746520BD
:101670006665617475726573202825642900504879
:101680005920307825303278206E6F742073757051
:10169000706F72746564004661696C6564204C45C6
:1016A000205365742050485920282564290046613C
:1016B000696C656420746F20736574206461746163
:1016C000206C656E202825642900556E657870654C
:1016D00063746564206669727374204C32434150B0
:1016E000206672616D6500556E657870656374651E
:1016F00064204C3243415020636F6E74696E756193
:1017000074696F6E004E6F7420656E6F7567682028
:1017100062756666657220737061636520666F72BC
:10172000204C32434150206461746100556E6578ED
:101730007065637465642041434C20666C61677317
:101740002028307825303278290041434C206C65C0
:101750006E206D69736D6174636820282575203E65
:10176000202575290028756E6B6E6F776E29006EC7
:101770006F207472616E736974696F6E20257300D7
:101780004572726F72207768696C652072656D6F43
:1017900076696E6720636F6E6E2075736572206662
:1017A000726F6D207363616E6E65722028256429E7
:1017B00000496E76616C69642028257529206F6C5C
:1017C0006420737461746500636F6E6E20257020F1
:1017D0006661696C656420746F2065737461626C06
:1017E0006973682E205246206E6F6973653F006EE4
:1017F0006F2076616C6964202825752920737461D7
:101800007465207761732073657400696E636F6D12
:1018100070617469626C652068616E646C65202516
:10182000750054696D656F757420646973636172C6
:101830006465642E204E6F20626C6F636B696E6707
:1018400020696E2073797377712E00466174616C24
:10185000206572726F7220282564292E20446973D6
:10186000636F6E6E656374696E6720257000466FE6
:10187000756E642076616C696420636F6E6E65635B
:1018800074696F6E2028257029207769746820613B
:1018900064647265737320257320696E202573203C
:1018A000737461746520002A636F6E6E2073686FB5
:1018B000756C6420626520756E7265666572656E12
:1018C00063656420616E6420696E697469616C6926
:1018D0007A656420746F204E554C4C004E6F206228
:1018E00075666665727320746F2063616E63656CE4
:1018F00020636F6E6E656374696F6E2C2072657401
:101900007279696E6720696E203130206D730053E3
:10191000656E64204C4520706172616D2075706445
:10192000617465206661696C656420286572722047
:1019300025642900646973636F6E6E656374656402
:1019400000646973636F6E6E6563742D636F6D7091
:101950006C657465007363616E2D6265666F726598
:101960002D696E6974696174696E6700696E697466
:10197000696174696E672D66696C7465722D6C6936
:101980007374006164762D636F6E6E65637461625B
:101990006C65006164762D6469722D636F6E6E658F
:1019A000637461626C6500646973636F6E6E656316
:1019B00074696E670062745F636F6E6E00556E616E
:1019C000626C6520746F20616C6C6F63617465205C
:1019D00062756666657220666F72206F702030785F
:1019E00025303278004E6F20617661696C61626CDF
:1019F00065204C3243415020636F6E7465787420CB
:101A0000666F7220636F6E6E20257000457870657A
:101A10006374696E672031207265662C20676F746D
:101A200020256400616C7265616479206861766567
:101A30002076696577206F6E202570004C32434117
:101A400050206C656E677468206D69736D61746396
:101A5000682028257520213D2025752900496E76AE
:101A6000616C6964206964656E742076616C75656B
:101A700020696E204C324341502050445500496E3D
:101A800076616C6964204C4520636F6E6E207061D6
:101A900072616D207273702073697A6520282575D4
:101AA00020213D20257A752900496E76616C696494
:101AB000204C4520636F6E6E2075706461746520E4
:101AC000706172616D207265712073697A6520287A
:101AD000257520213D20257A7529004E6F742063DD
:101AE0006F6E6E65637465640052656A65637469E0
:101AF0006E6720756E6B6E6F776E204C324341506F
:101B00002050445520636F6465203078253032784A
:101B100000546F6F20736D616C6C204C32434150E8
:101B2000207369676E616C696E672050445500547C
:101B30006F6F20736D616C6C204C324341502050AC
:101B400044552072656365697665640049676E6F08
:101B500072696E67206461746120666F7220756EB1
:101B60006B6E6F776E206368616E6E656C204944A2
:101B70002030782530347800636F6E6669670062C4
:101B8000745F6C3263617000415454206368616E0D
:101B90006E656C206E6F7420636F6E6E6563746526
:101BA00064004572726F72207369676E696E672098
:101BB000646174610052616E206F7574206F6620DD
:101BC00054582062756666657273206F7220636F69
:101BD0006E74657874732E004661696C6564207458
:101BE0006F207375626D6974206174745F74785FBF
:101BF00064657374726F795F776F726B3A202564D6
:101C000000556E61626C6520746F2063726561744B
:101C100065206572722072737020504455004154E3
:101C200054204D54552065786365656465642C20A7
:101C30006D61782025752C2077616E746564202590
:101C40007A7500556E61626C6520746F20637265F1
:101C500061746520636F6E6669726D205044550033
:101C6000556E61626C6520746F2063726561746586
:101C7000207273702050445500546F6F20736D6153
:101C80006C6C204154542050445520726563656942
:101C900076656400556E68616E646C6564204154BD
:101CA0005420636F64652030782530327800496EA7
:101CB00076616C6964206C656E20257520666F7294
:101CC00020636F64652030782530327800556E616E
:101CD000626C6520746F2063726561746520555570
:101CE00049443A2073697A6520257500556E616212
:101CF0006C6520746F206372656174652055554969
:101D0000443A2073697A65202564004E6F2061761D
:101D100061696C61626C652041545420636F6E741C
:101D200065787420666F7220636F6E6E2025700078
:101D30004E6F20617661696C61626C65204154541C
:101D4000206368616E6E656C20666F7220636F6ED3
:101D50006E20257000556E61626C6520746F206680
:101D6000696E6420415454206368616E6E656C0036
:101D7000476F74206572722025642C206E6F74206A
:101D800063616C6C696E6720415454206362004645
:101D900061696C656420746F2072652D7375626D66
:101DA00069742025733A202564004E6F20415454F5
:101DB000206368616E6E656C20666F72204D5455AD
:101DC00020257A75004E6F2070656E64696E6720FD
:101DD000415454207265717565737400446973636E
:101DE0006F6E6E656374696E67206661696C6564A9
:101DF00020286572722025642900415454205469BA
:101E00006D656F757420666F7220646576696365B1
:101E10002025732E20446973636F6E6E6563746949
:101E20006E672E2E2E0062745F61747400756E6191
:101E3000626C6520746F20736176652053433A208D
:101E40006E6F20636667206C656674004E6F20734A
:101E50007061636520746F2073746F7265204343F3
:101E600043206366670052656164206D6574686F26
:101E700064206E6F7420736574004661696C6564DC
:101E800020746F2072656164206174747269627578
:101E90007465202570202865727220257A642900D7
:101EA000496E76616C69642072656164206C656E50
:101EB0006774683A20257A640043434320257020E4
:101EC0006E6F74207772697461626C650053432091
:101ED000726573746F726520696E64696361746999
:101EE0006F6E206661696C656400556E6B6E6F770E
:101EF0006E20555549442074797065202575005031
:101F0000617273652065727200496E76616C6964F6
:101F10002064617461206C656E20257500506172CB
:101F2000736520657272206461740050617273651C
:101F30002065727220636570005061727365206560
:101F40007272206363630050617273652065727200
:101F50002073636300506172736520657272206341
:101F6000706600496E76616C696420666F726D619F
:101F7000742025750042616420706565723A2041C5
:101F8000545420726561642D62792D7575696420E1
:101F90007273703A20696E76616C696420415454A2
:101FA0005220504455206C656E20257500496E7690
:101FB000616C69642068616E646C650042616420D4
:101FC000706565723A2041545420726561642D62D7
:101FD000792D75756964207273703A2048616E645A
:101FE0006C6520307825303478206973206F7574E3
:101FF00073696465207265717565737465642072B8
:10200000616E6765203078253034782D3078253042
:1020100034782E2041626F7274696E672072656138
:10202000642E004661696C656420746F20756E7360
:102030007562736372696265202865727220256417
:102040002900496E76616C69642064617461206C5A
:10205000656E202575203E2025750062745F6761DE
:102060007474004E6F20617661696C61626C6520EA
:10207000534D5020636F6E7465787420666F7220C4
:10208000636F6E6E2025700062745F736D70006305
:10209000616368655F6E72667800636C6F636B4046
:1020A000313065303030006866636C6B006C66639D
:1020B0006C6B00636C6F636B5F636F6E74726F6CDD
:1020C00000726E67006770696F4031306130303088
:1020D000006770696F406438323030006770696F34
:1020E00040353034303000756172744063363030C2
:1020F0003000756172745F6E7266785F75617274BC
:10210000650048616C74696E672073797374656DDE
:1021100000556E6B6E6F776E206572726F72003E47
:102120003E3E205A455048595220464154414C2089
:102130004552524F522025643A202573206F6E205D
:10214000435055202564004661756C742064757297
:10215000696E6720696E746572727570742068614B
:102160006E646C696E670A0043757272656E7420E6
:102170007468726561643A202570202825732900EF
:1021800043505520657863657074696F6E00556EB5
:1021900068616E646C656420696E746572727570D6
:1021A0007400537461636B206F766572666C6F7731
:1021B000004B65726E656C206F6F7073004B6572BB
:1021C0006E656C2070616E6963006D61696E006F91
:1021D0007300737973776F726B71002A2A2A204219
:1021E0006F6F74696E67205A6570687972204F53FB
:1021F000206275696C642076342E342E312D313591
:102200002D67313737326166376235363365202ABC
:102210002A2A0A00286E756C6C29002A666C6F6188
:10222000742A00206D657373616765732064726F33
:1022300070706564202D2D2D0D0A1B5B306D001B09
:102240005B313B33316D2D2D2D200000000000004F
:102250000000FFFFFFFFFFFF000000000000303123
:10226000323334353637383961626364656600006D
:1022700000000000001000800000805F9B34FB0124
:102280000400020000000200000000000000050041
:102290000000000000000000000000000000050138
:1022A0000204030502000A01010101010203617435
:1022B000745F74785F64657374726F795F776F723F
:1022C0006B5F68616E646C65720000010405020654
:1022D00008090F0007182323232323232323232361
:0822E00023232300010200008A
:1022E80000000000A50E0000000000000001000032
:1022F80000000000000000000000000000000000D6
:1023080000000000000000000000000000000000C5
:1023180000000000000000000000000000000000B5
:1023280000000000000000000000000000000000A5
:102338000000000000000000000000000000000095
:102348000000000000000000000000000000000085
:102358000000000000000000000000000000000075
:102368000000000000000000000000000000000065
:102378000000000000000000000000000000000055
:102388000000000000000000000000000000000045
:102398000000000000000000000000000000000035
:1023A8000000000000000000000000000000000025
:1023B8000000000000000000000000000000000015
:1023C8000000000000000000000000000000000005
:1023D800000000000000000059520000000000004A
:1023E80000000000000000000000000000000000E5
:1023F80000000000000000000000000000000000D5
:1024080000000000000000000000000000000000C4
:1024180000000000000000000000000000000000B4
:1024280000000000000000000000000000000000A4
:102438000000000000000000000000000000000094
:102448000000000000000000000000000000000084
:102458000000000000000000000000000000000074
:1024680000000000000000000000000030E901004A
:102478001F00000000000000FFFFFFFFFF1F00001B
:1024880000000000670000000000000000000000DD
:102498000000000000000000000000000000000034
:1024A8000000000000000000000000000000000024
:1024B8000000000000000000000000000000000014
:1024C8000000000000000000000000000000000004
:1024D80000000000000000000000000000000000F4
:1024E80000000000000000000000000000000000E4
:1024F80000000000000000000000000000000000D4
:1025080000000000000000000000000000000000C3
:10251800FFFFFFFFFFFFFFFF29AE0100A9B5010084
:10252800E4F4010000000000C4FF01000000020004
:10253800D0FF010000000200000000009FB9010068
:10254800000000000000000000C010500000000063
:102558000000000000000000000000000000000073
:102568000000000000000000000000000000000063
:102578000000000000000000000000000000000053
:102588000000000000000000000000000000000043
:102598000000000000000000000000000000000033
:1025A8000000000000000000000000000000000023
:1025B8000000000000000000000000000001000012
:1025C80000A00D5000000000000000000000000006
:1025D80000000000000000000000000000000000F3
:1025E80000000000000000000000000000000000E3
:1025F80000000000000000000000000000000000D3
:1026080000000000000000000000000000000000C2
:1026180000000000000000000000000000000000B2
:1026280000000000000000000000000000000000A2
:10263800000000000000000000000000B554000089
:10264800000000000000000000000000E54000005D
:10265800000000000000000000000000F565000018
:10266800000000000000000000000000F56000000D
:10267800000000000000000091770000D1860000F3
:102688000000000000000000000000008D7900003C
:102698004DCA01000FCB0100717700000000000057
:1026A80000000000DD8300000000000000000000C2
:1026B800E8FF01000000200000000000000000000A
:1026C8000000000000000000FFD001000000000032
:1026D800000000001C1B00200000000065C4000072
:1026E80000000000241B00200000000071B9000059
:1026F800000000002C1B00200000000065480100BD
:1027080000000000341B00200000000095B6000007
:102718000000000058290020000000007D52010040
:1027280000000000602900200000000021E10000F6
:102738000000000068290020000000006548010032
:10274800000000007029002000000000D5E2000011
:1027580000000000782900200000000045ED00007E
:102768000000000000350020000000005035002067
:10277800000000003037002000000000E037002093
:1027880000000000B962010000000000F0370020DE
:1027980000000000994501000000000010380020EA
:1027A8000000000065480100000000001838002003
:1027B80000000000654801000000000020380020EB
:1027C800000000002D410100000000001C3C00201A
:1027D8000000000049AB000000000000143C00208D
:1027E8000000000049AB0000000000000C3C002085
:1027F80000000000C5A8000000000000043C002004
:102808000000000049AB000000000000FC3B002075
:1028180000000000C5A8000000000000F43B0020F4
:102828000000000049AB0000797D010000000000B5
:10283800FF0000000090D003FF0000000F00000020
:1028480071020000640500206405002002FB349B2F
:0E2858005F800000800010341211003412FF67
:102866000000000000000000000000000000000062
:02287600000060
:102878000000000000000000000000000000000050
:102888000000000000000000000000000000000040
:102898000000000000000000000000000000000030
:0828A800000000000000000028
:0428B0000000000024
:1028B400CC050020CC050020B4B2002000000000AC
:1028C400010000002400000000000000E8050020D2
:1028D400E8050020985600200000000001000000D8
:1028E400A0000000000000000406002004060020F0
:1028F400D8B20020000000000A0000001000000010
:0429040000000000CF
:1029080000000000B8710020441000000000000022
:0429180000000000BB
:10291C0034060020340600200000000000000000F7
:04292C000E00000099
:1029300048060020480600200000000001000000BA
:10294000580600205806002000000000FFFFFFFF8F
:10295000680600206806002000000000010000005A
:10296000000000000000000080060020800600201B
:1029700000000000000000009006002090060020EB
:102980000A000A00100000000000000030F70100FB
:1029900080A500200000000000000000B406002018
:1029A000B40600200A000A00100000000D770000A5
:1029B0004CF8010024B100200000000000000000DD
:1029C000D8060020D8060020030003000000000005
:1029D00000000000D0F50100A496002000000000D7
:1029E00000000000FC060020FC06002001000100A1
:1029F00010000000D55F00001CF70100589B00206C
:102A00000000000000000000200700202007002038
:102A1000030003000000000000000000E4F60100D5
:102A2000109B002000000000000000004407002070
:102A3000440700201200120004000000B938000012
:102A4000BCF5010020940020000000000000000000
:102A50006807002068070020010001000000000056
:0C2A600000000000E4F50100F0970020E9
:042A6C0015E015E07C
:0400000300002CCD00
:00000001FF
