   0.642  t=68s RTT mean=13538 min=11910 max=34412 n=60 to=0 | cancels=0(+0/s) seqbad=0 len_bad=0 disc=0(0x00) | tot_n=4386 tot_to=0 maxever=41913 >2ms=4386 >5ms=4386 >15ms=146 >20ms=42 >30ms=13 | probes=4387 wrfail=0 down=0s maxout=0s
   0.694  t=69s RTT mean=15385 min=11470 max=34408 n=54 to=0 | cancels=0(+0/s) seqbad=0 len_bad=0 disc=0(0x00) | tot_n=4440 tot_to=0 maxever=41913 >2ms=4440 >5ms=4440 >15ms=162 >20ms=50 >30ms=14 | probes=4441 wrfail=0 down=0s maxout=0s
   2.678  t=70s RTT mean=13389 min=11470 max=34413 n=61 to=0 | cancels=0(+0/s) seqbad=0 len_bad=0 disc=0(0x00) | tot_n=4501 tot_to=0 maxever=41913 >2ms=4501 >5ms=4501 >15ms=171 >20ms=52 >30ms=15 | probes=4502 wrfail=0 down=0s maxout=0s
   2.678  t=71s RTT mean=11913 min=11910 max=11921 n=67 to=0 | cancels=0(+0/s) seqbad=0 len_bad=0 disc=0(0x00) | tot_n=4568 tot_to=0 maxever=41913 >2ms=4568 >5ms=4568 >15ms=171 >20ms=52 >30ms=15 | probes=4568 wrfail=0 down=0s maxout=0s
   4.660  t=72s RTT mean=11914 min=11910 max=11933 n=66 to=0 | cancels=0(+0/s) seqbad=0 len_bad=0 disc=0(0x00) | tot_n=4634 tot_to=0 maxever=41913 >2ms=4634 >5ms=4634 >15ms=171 >20ms=52 >30ms=15 | probes=4635 wrfail=0 down=0s maxout=0s
   4.715  t=73s RTT mean=12027 min=11910 max=19414 n=66 to=0 | cancels=0(+0/s) seqbad=0 len_bad=0 disc=0(0x00) | tot_n=4700 tot_to=0 maxever=41913 >2ms=4700 >5ms=4700 >15ms=172 >20ms=52 >30ms=15 | probes=4701 wrfail=0 down=0s maxout=0s
   6.642  t=74s RTT mean=11914 min=11911 max=11932 n=67 to=0 | cancels=0(+0/s) seqbad=0 len_bad=0 disc=0(0x00) | tot_n=4767 tot_to=0 maxever=41913 >2ms=4767 >5ms=4767 >15ms=172 >20ms=52 >30ms=15 | probes=4768 wrfail=0 down=0s maxout=0s
   6.697  t=75s RTT mean=12140 min=11910 max=19414 n=66 to=0 | cancels=0(+0/s) seqbad=0 len_bad=0 disc=0(0x00) | tot_n=4833 tot_to=0 maxever=41913 >2ms=4833 >5ms=4833 >15ms=174 >20ms=52 >30ms=15 | probes=4834 wrfail=0 down=0s maxout=0s
   8.693  t=76s RTT mean=12260 min=11910 max=19413 n=65 to=0 | cancels=0(+0/s) seqbad=0 len_bad=0 disc=0(0x00) | tot_n=4898 tot_to=0 maxever=41913 >2ms=4898 >5ms=4898 >15ms=177 >20ms=52 >30ms=15 | probes=4899 wrfail=0 down=0s maxout=0s
   8.693  t=77s RTT mean=12375 min=11911 max=19414 n=65 to=0 | cancels=0(+0/s) seqbad=0 len_bad=0 disc=0(0x00) | tot_n=4963 tot_to=0 maxever=41913 >2ms=4963 >5ms=4963 >15ms=181 >20ms=52 >30ms=15 | probes=4963 wrfail=0 down=0s maxout=0s
  10.668  t=78s RTT mean=12027 min=11910 max=19412 n=66 to=0 | cancels=0(+0/s) seqbad=0 len_bad=0 disc=0(0x00) | tot_n=5029 tot_to=0 maxever=41913 >2ms=5029 >5ms=5029 >15ms=182 >20ms=52 >30ms=15 | probes=5030 wrfail=0 down=0s maxout=0s
  10.668  t=79s RTT mean=12499 min=11909 max=19415 n=64 to=0 | cancels=0(+0/s) seqbad=0 len_bad=0 disc=0(0x00) | tot_n=5093 tot_to=0 maxever=41913 >2ms=5093 >5ms=5093 >15ms=187 >20ms=52 >30ms=15 | probes=5094 wrfail=0 down=0s maxout=0s
  12.666  t=80s RTT mean=12375 min=11910 max=19414 n=65 to=0 | cancels=0(+0/s) seqbad=0 len_bad=0 disc=0(0x00) | tot_n=5158 tot_to=0 maxever=41913 >2ms=5158 >5ms=5158 >15ms=191 >20ms=52 >30ms=15 | probes=5158 wrfail=0 down=0s maxout=0s
  12.667  t=81s RTT mean=12259 min=11911 max=19414 n=65 to=0 | cancels=0(+0/s) seqbad=0 len_bad=0 disc=0(0x00) | tot_n=5223 tot_to=0 maxever=41913 >2ms=5223 >5ms=5223 >15ms=194 >20ms=52 >30ms=15 | probes=5224 wrfail=0 down=0s maxout=0s
  14.646  t=82s RTT mean=13538 min=11910 max=34414 n=60 to=0 | cancels=0(+0/s) seqbad=0 len_bad=0 disc=0(0x00) | tot_n=5283 tot_to=0 maxever=41913 >2ms=5283 >5ms=5283 >15ms=204 >20ms=54 >30ms=16 | probes=5284 wrfail=0 down=0s maxout=0s
  14.698  t=83s RTT mean=12259 min=11910 max=26922 n=65 to=0 | cancels=0(+0/s) seqbad=0 len_bad=0 disc=0(0x00) | tot_n=5348 tot_to=0 maxever=41913 >2ms=5348 >5ms=5348 >15ms=206 >20ms=55 >30ms=16 | probes=5349 wrfail=0 down=0s maxout=0s
  16.696  t=84s RTT mean=17014 min=11911 max=34413 n=50 to=0 | cancels=0(+0/s) seqbad=0 len_bad=0 disc=0(0x00) | tot_n=5398 tot_to=0 maxever=41913 >2ms=5398 >5ms=5398 >15ms=229 >20ms=64 >30ms=18 | probes=5399 wrfail=0 down=0s maxout=0s
  16.696  t=85s RTT mean=16096 min=11467 max=34413 n=52 to=0 | cancels=0(+0/s) seqbad=0 len_bad=0 disc=0(0x00) | tot_n=5450 tot_to=0 maxever=41913 >2ms=5450 >5ms=5450 >15ms=250 >20ms=70 >30ms=20 | probes=5451 wrfail=0 down=0s maxout=0s
  18.684  t=86s RTT mean=11913 min=11910 max=11924 n=67 to=0 | cancels=0(+0/s) seqbad=0 len_bad=0 disc=0(0x00) | tot_n=5517 tot_to=0 maxever=41913 >2ms=5517 >5ms=5517 >15ms=250 >20ms=70 >30ms=20 | probes=5517 wrfail=0 down=0s maxout=0s
  18.684  t=87s RTT mean=11912 min=11839 max=11915 n=66 to=0 | cancels=0(+0/s) seqbad=0 len_bad=0 disc=0(0x00) | tot_n=5583 tot_to=0 maxever=41913 >2ms=5583 >5ms=5583 >15ms=250 >20ms=70 >30ms=20 | probes=5584 wrfail=0 down=0s maxout=0s
  20.680  t=88s RTT mean=11914 min=11910 max=11931 n=67 to=0 | cancels=0(+0/s) seqbad=0 len_bad=0 disc=0(0x00) | tot_n=5650 tot_to=0 maxever=41913 >2ms=5650 >5ms=5650 >15ms=250 >20ms=70 >30ms=20 | probes=5651 wrfail=0 down=0s maxout=0s
  20.680  t=89s RTT mean=12865 min=11910 max=26915 n=63 to=0 | cancels=0(+0/s) seqbad=0 len_bad=0 disc=0(0x00) | tot_n=5713 tot_to=0 maxever=41913 >2ms=5713 >5ms=5713 >15ms=256 >20ms=72 >30ms=20 | probes=5714 wrfail=0 down=0s maxout=0s
  22.680  t=90s RTT mean=11914 min=11910 max=11932 n=66 to=0 | cancels=0(+0/s) seqbad=0 len_bad=0 disc=0(0x00) | tot_n=5779 tot_to=0 maxever=41913 >2ms=5779 >5ms=5779 >15ms=256 >20ms=72 >30ms=20 | probes=5780 wrfail=0 down=0s maxout=0s
  22.681  t=91s RTT mean=12734 min=11912 max=26912 n=64 to=0 | cancels=0(+0/s) seqbad=0 len_bad=0 disc=0(0x00) | tot_n=5843 tot_to=0 maxever=41913 >2ms=5843 >5ms=5843 >15ms=261 >20ms=74 >30ms=20 | probes=5843 wrfail=0 down=0s maxout=0s
  24.679  t=92s RTT mean=11914 min=11910 max=11932 n=66 to=0 | cancels=0(+0/s) seqbad=0 len_bad=0 disc=0(0x00) | tot_n=5909 tot_to=0 maxever=41913 >2ms=5909 >5ms=5909 >15ms=261 >20ms=74 >30ms=20 | probes=5910 wrfail=0 down=0s maxout=0s
  24.679  t=93s RTT mean=12141 min=11911 max=19414 n=66 to=0 | cancels=0(+0/s) seqbad=0 len_bad=0 disc=0(0x00) | tot_n=5975 tot_to=0 maxever=41913 >2ms=5975 >5ms=5975 >15ms=263 >20ms=74 >30ms=20 | probes=5976 wrfail=0 down=0s maxout=0s
  26.682  t=94s RTT mean=11914 min=11910 max=11924 n=67 to=0 | cancels=0(+0/s) seqbad=0 len_bad=0 disc=0(0x00) | tot_n=6042 tot_to=0 maxever=41913 >2ms=6042 >5ms=6042 >15ms=263 >20ms=74 >30ms=20 | probes=6042 wrfail=0 down=0s maxout=0s
  26.682  t=95s RTT mean=11913 min=11469 max=12359 n=66 to=0 | cancels=0(+0/s) seqbad=0 len_bad=0 disc=0(0x00) | tot_n=6108 tot_to=0 maxever=41913 >2ms=6108 >5ms=6108 >15ms=263 >20ms=74 >30ms=20 | probes=6109 wrfail=0 down=0s maxout=0s
  28.676  t=96s RTT mean=12027 min=11911 max=19414 n=66 to=0 | cancels=0(+0/s) seqbad=0 len_bad=0 disc=0(0x00) | tot_n=6174 tot_to=0 maxever=41913 >2ms=6174 >5ms=6174 >15ms=264 >20ms=74 >30ms=20 | probes=6175 wrfail=0 down=0s maxout=0s
  28.676  t=97s RTT mean=11913 min=11911 max=11923 n=67 to=0 | cancels=0(+0/s) seqbad=0 len_bad=0 disc=0(0x00) | tot_n=6241 tot_to=0 maxever=41913 >2ms=6241 >5ms=6241 >15ms=264 >20ms=74 >30ms=20 | probes=6242 wrfail=0 down=0s maxout=0s
  30.679  t=98s RTT mean=11914 min=11910 max=11931 n=67 to=0 | cancels=0(+0/s) seqbad=0 len_bad=0 disc=0(0x00) | tot_n=6308 tot_to=0 maxever=41913 >2ms=6308 >5ms=6308 >15ms=264 >20ms=74 >30ms=20 | probes=6309 wrfail=0 down=0s maxout=0s
  30.679  t=99s RTT mean=12027 min=11910 max=19413 n=66 to=0 | cancels=0(+0/s) seqbad=0 len_bad=0 disc=0(0x00) | tot_n=6374 tot_to=0 maxever=41913 >2ms=6374 >5ms=6374 >15ms=265 >20ms=74 >30ms=20 | probes=6375 wrfail=0 down=0s maxout=0s
  32.672  t=100s RTT mean=11914 min=11910 max=11923 n=67 to=0 | cancels=0(+0/s) seqbad=0 len_bad=0 disc=0(0x00) | tot_n=6441 tot_to=0 maxever=41913 >2ms=6441 >5ms=6441 >15ms=265 >20ms=74 >30ms=20 | probes=6441 wrfail=0 down=0s maxout=0s
  32.673  t=101s RTT mean=11913 min=11911 max=11916 n=66 to=0 | cancels=0(+0/s) seqbad=0 len_bad=0 disc=0(0x00) | tot_n=6507 tot_to=0 maxever=41913 >2ms=6507 >5ms=6507 >15ms=265 >20ms=74 >30ms=20 | probes=6508 wrfail=0 down=0s maxout=0s
  34.656  t=102s RTT mean=11913 min=11469 max=12358 n=67 to=0 | cancels=0(+0/s) seqbad=0 len_bad=0 disc=0(0x00) | tot_n=6574 tot_to=0 maxever=41913 >2ms=6574 >5ms=6574 >15ms=265 >20ms=74 >30ms=20 | probes=6575 wrfail=0 down=0s maxout=0s
  34.711  t=103s RTT mean=12616 min=11468 max=19414 n=64 to=0 | cancels=0(+0/s) seqbad=0 len_bad=0 disc=0(0x00) | tot_n=6638 tot_to=0 maxever=41913 >2ms=6638 >5ms=6638 >15ms=271 >20ms=74 >30ms=20 | probes=6639 wrfail=0 down=0s maxout=0s
  36.650  t=104s RTT mean=12260 min=11910 max=19431 n=65 to=0 | cancels=0(+0/s) seqbad=0 len_bad=0 disc=0(0x00) | tot_n=6703 tot_to=0 maxever=41913 >2ms=6703 >5ms=6703 >15ms=274 >20ms=74 >30ms=20 | probes=6704 wrfail=0 down=0s maxout=0s
  36.704  t=105s RTT mean=12259 min=11910 max=19414 n=65 to=0 | cancels=0(+0/s) seqbad=0 len_bad=0 disc=0(0x00) | tot_n=6768 tot_to=0 maxever=41913 >2ms=6768 >5ms=6768 >15ms=277 >20ms=74 >30ms=20 | probes=6769 wrfail=0 down=0s maxout=0s
  38.696  t=106s RTT mean=12499 min=11910 max=19414 n=64 to=0 | cancels=0(+0/s) seqbad=0 len_bad=0 disc=0(0x00) | tot_n=6832 tot_to=0 maxever=41913 >2ms=6832 >5ms=6832 >15ms=282 >20ms=74 >30ms=20 | probes=6833 wrfail=0 down=0s maxout=0s
  38.696  t=107s RTT mean=12499 min=11468 max=26914 n=64 to=0 | cancels=0(+0/s) seqbad=0 len_bad=0 disc=0(0x00) | tot_n=6896 tot_to=0 maxever=41913 >2ms=6896 >5ms=6896 >15ms=286 >20ms=75 >30ms=20 | probes=6897 wrfail=0 down=0s maxout=0s
  40.688  t=108s RTT mean=14241 min=11910 max=26914 n=58 to=0 | cancels=0(+0/s) seqbad=0 len_bad=0 disc=0(0x00) | tot_n=6954 tot_to=0 maxever=41913 >2ms=6954 >5ms=6954 >15ms=300 >20ms=79 >30ms=20 | probes=6955 wrfail=0 down=0s maxout=0s
  40.688  t=109s RTT mean=15524 min=11469 max=41912 n=54 to=0 | cancels=0(+0/s) seqbad=0 len_bad=0 disc=0(0x00) | tot_n=7008 tot_to=0 maxever=41913 >2ms=7008 >5ms=7008 >15ms=316 >20ms=86 >30ms=22 | probes=7009 wrfail=0 down=0s maxout=0s
  42.679  t=110s RTT mean=12382 min=11910 max=26912 n=64 to=0 | cancels=0(+0/s) seqbad=0 len_bad=0 disc=0(0x00) | tot_n=7072 tot_to=0 maxever=41913 >2ms=7072 >5ms=7072 >15ms=319 >20ms=87 >30ms=22 | probes=7073 wrfail=0 down=0s maxout=0s
  42.679  t=111s RTT mean=12254 min=11469 max=19413 n=66 to=0 | cancels=0(+0/s) seqbad=0 len_bad=0 disc=0(0x00) | tot_n=7138 tot_to=0 maxever=41913 >2ms=7138 >5ms=7138 >15ms=322 >20ms=87 >30ms=22 | probes=7138 wrfail=0 down=0s maxout=0s
  44.687  t=112s RTT mean=12027 min=11910 max=19412 n=66 to=0 | cancels=0(+0/s) seqbad=0 len_bad=0 disc=0(0x00) | tot_n=7204 tot_to=0 maxever=41913 >2ms=7204 >5ms=7204 >15ms=323 >20ms=87 >30ms=22 | probes=7205 wrfail=0 down=0s maxout=0s
  44.687  t=113s RTT mean=12499 min=11911 max=19414 n=64 to=0 | cancels=0(+0/s) seqbad=0 len_bad=0 disc=0(0x00) | tot_n=7268 tot_to=0 maxever=41913 >2ms=7268 >5ms=7268 >15ms=328 >20ms=87 >30ms=22 | probes=7269 wrfail=0 down=0s maxout=0s
  46.668  t=114s RTT mean=12141 min=11910 max=19414 n=66 to=0 | cancels=0(+0/s) seqbad=0 len_bad=0 disc=0(0x00) | tot_n=7334 tot_to=0 maxever=41913 >2ms=7334 >5ms=7334 >15ms=330 >20ms=87 >30ms=22 | probes=7334 wrfail=0 down=0s maxout=0s
  46.668  t=115s RTT mean=12027 min=11910 max=19414 n=66 to=0 | cancels=0(+0/s) seqbad=0 len_bad=0 disc=0(0x00) | tot_n=7400 tot_to=0 maxever=41913 >2ms=7400 >5ms=7400 >15ms=331 >20ms=87 >30ms=22 | probes=7401 wrfail=0 down=0s maxout=0s
  48.649  t=116s RTT mean=11913 min=11910 max=11924 n=67 to=0 | cancels=0(+0/s) seqbad=0 len_bad=0 disc=0(0x00) | tot_n=7467 tot_to=0 maxever=41913 >2ms=7467 >5ms=7467 >15ms=331 >20ms=87 >30ms=22 | probes=7467 wrfail=0 down=0s maxout=0s
  48.704  t=117s RTT mean=11913 min=11910 max=11949 n=66 to=0 | cancels=0(+0/s) seqbad=0 len_bad=0 disc=0(0x00) | tot_n=7533 tot_to=0 maxever=41913 >2ms=7533 >5ms=7533 >15ms=331 >20ms=87 >30ms=22 | probes=7534 wrfail=0 down=0s maxout=0s
  50.649  t=118s RTT mean=11914 min=11468 max=12359 n=67 to=0 | cancels=0(+0/s) seqbad=0 len_bad=0 disc=0(0x00) | tot_n=7600 tot_to=0 maxever=41913 >2ms=7600 >5ms=7600 >15ms=331 >20ms=87 >30ms=22 | probes=7601 wrfail=0 down=0s maxout=0s
  50.699  t=119s RTT mean=11913 min=11469 max=12354 n=67 to=0 | cancels=0(+0/s) seqbad=0 len_bad=0 disc=0(0x00) | tot_n=7667 tot_to=0 maxever=41913 >2ms=7667 >5ms=7667 >15ms=331 >20ms=87 >30ms=22 | probes=7667 wrfail=0 down=0s maxout=0s
  52.692  t=120s RTT mean=11914 min=11910 max=11951 n=66 to=0 | cancels=0(+0/s) seqbad=0 len_bad=0 disc=0(0x00) | tot_n=7733 tot_to=0 maxever=41913 >2ms=7733 >5ms=7733 >15ms=331 >20ms=87 >30ms=22 | probes=7734 wrfail=0 down=0s maxout=0s
  52.692  t=121s RTT mean=11913 min=11910 max=11923 n=67 to=0 | cancels=0(+0/s) seqbad=0 len_bad=0 disc=0(0x00) | tot_n=7800 tot_to=0 maxever=41913 >2ms=7800 >5ms=7800 >15ms=331 >20ms=87 >30ms=22 | probes=7801 wrfail=0 down=0s maxout=0s
  54.694  t=122s RTT mean=11913 min=11911 max=11924 n=67 to=0 | cancels=0(+0/s) seqbad=0 len_bad=0 disc=0(0x00) | tot_n=7867 tot_to=0 maxever=41913 >2ms=7867 >5ms=7867 >15ms=331 >20ms=87 >30ms=22 | probes=7867 wrfail=0 down=0s maxout=0s
  54.694  t=123s RTT mean=11914 min=11468 max=12358 n=66 to=0 | cancels=0(+0/s) seqbad=0 len_bad=0 disc=0(0x00) | tot_n=7933 tot_to=0 maxever=41913 >2ms=7933 >5ms=7933 >15ms=331 >20ms=87 >30ms=22 | probes=7934 wrfail=0 down=0s maxout=0s
  56.662  t=124s RTT mean=11913 min=11910 max=11931 n=67 to=0 | cancels=0(+0/s) seqbad=0 len_bad=0 disc=0(0x00) | tot_n=8000 tot_to=0 maxever=41913 >2ms=8000 >5ms=8000 >15ms=331 >20ms=87 >30ms=22 | probes=8001 wrfail=0 down=0s maxout=0s
  56.717  t=125s RTT mean=11913 min=11468 max=12358 n=67 to=0 | cancels=0(+0/s) seqbad=0 len_bad=0 disc=0(0x00) | tot_n=8067 tot_to=0 maxever=41913 >2ms=8067 >5ms=8067 >15ms=331 >20ms=87 >30ms=22 | probes=8067 wrfail=0 down=0s maxout=0s
  58.654  t=126s RTT mean=12028 min=11910 max=19412 n=66 to=0 | cancels=0(+0/s) seqbad=0 len_bad=0 disc=0(0x00) | tot_n=8133 tot_to=0 maxever=41913 >2ms=8133 >5ms=8133 >15ms=332 >20ms=87 >30ms=22 | probes=8134 wrfail=0 down=0s maxout=0s
  58.709  t=127s RTT mean=11913 min=11910 max=11922 n=66 to=0 | cancels=0(+0/s) seqbad=0 len_bad=0 disc=0(0x00) | tot_n=8199 tot_to=0 maxever=41913 >2ms=8199 >5ms=8199 >15ms=332 >20ms=87 >30ms=22 | probes=8200 wrfail=0 down=0s maxout=0s
  60.650  t=128s RTT mean=11914 min=11909 max=11932 n=67 to=0 | cancels=0(+0/s) seqbad=0 len_bad=0 disc=0(0x00) | tot_n=8266 tot_to=0 maxever=41913 >2ms=8266 >5ms=8266 >15ms=332 >20ms=87 >30ms=22 | probes=8267 wrfail=0 down=0s maxout=0s
  60.705  t=129s RTT mean=11913 min=11911 max=11923 n=67 to=0 | cancels=0(+0/s) seqbad=0 len_bad=0 disc=0(0x00) | tot_n=8333 tot_to=0 maxever=41913 >2ms=8333 >5ms=8333 >15ms=332 >20ms=87 >30ms=22 | probes=8334 wrfail=0 down=0s maxout=0s
  62.657  t=130s RTT mean=11914 min=11910 max=11933 n=66 to=0 | cancels=0(+0/s) seqbad=0 len_bad=0 disc=0(0x00) | tot_n=8399 tot_to=0 maxever=41913 >2ms=8399 >5ms=8399 >15ms=332 >20ms=87 >30ms=22 | probes=8400 wrfail=0 down=0s maxout=0s
  62.713  t=131s RTT mean=11913 min=11875 max=11961 n=67 to=0 | cancels=0(+0/s) seqbad=0 len_bad=0 disc=0(0x00) | tot_n=8466 tot_to=0 maxever=41913 >2ms=8466 >5ms=8466 >15ms=332 >20ms=87 >30ms=22 | probes=8467 wrfail=0 down=0s maxout=0s
  64.663  t=132s RTT mean=11914 min=11911 max=11931 n=67 to=0 | cancels=0(+0/s) seqbad=0 len_bad=0 disc=0(0x00) | tot_n=8533 tot_to=0 maxever=41913 >2ms=8533 >5ms=8533 >15ms=332 >20ms=87 >30ms=22 | probes=8534 wrfail=0 down=0s maxout=0s
  64.718  t=133s RTT mean=11913 min=11910 max=11923 n=67 to=0 | cancels=0(+0/s) seqbad=0 len_bad=0 disc=0(0x00) | tot_n=8600 tot_to=0 maxever=41913 >2ms=8600 >5ms=8600 >15ms=332 >20ms=87 >30ms=22 | probes=8600 wrfail=0 down=0s maxout=0s
  66.657  t=134s RTT mean=11914 min=11910 max=11951 n=66 to=0 | cancels=0(+0/s) seqbad=0 len_bad=0 disc=0(0x00) | tot_n=8666 tot_to=0 maxever=41913 >2ms=8666 >5ms=8666 >15ms=332 >20ms=87 >30ms=22 | probes=8667 wrfail=0 down=0s maxout=0s
  66.710  t=135s RTT mean=11913 min=11910 max=11923 n=67 to=0 | cancels=0(+0/s) seqbad=0 len_bad=0 disc=0(0x00) | tot_n=8733 tot_to=0 maxever=41913 >2ms=8733 >5ms=8733 >15ms=332 >20ms=87 >30ms=22 | probes=8734 wrfail=0 down=0s maxout=0s
  68.655  t=136s RTT mean=11913 min=11911 max=11924 n=67 to=0 | cancels=0(+0/s) seqbad=0 len_bad=0 disc=0(0x00) | tot_n=8800 tot_to=0 maxever=41913 >2ms=8800 >5ms=8800 >15ms=332 >20ms=87 >30ms=22 | probes=8800 wrfail=0 down=0s maxout=0s
  68.709  t=137s RTT mean=12144 min=11910 max=19414 n=65 to=0 | cancels=0(+0/s) seqbad=0 len_bad=0 disc=0(0x00) | tot_n=8865 tot_to=0 maxever=41913 >2ms=8865 >5ms=8865 >15ms=334 >20ms=87 >30ms=22 | probes=8866 wrfail=0 down=0s maxout=0s
  70.673  t=138s RTT mean=11914 min=11910 max=11932 n=67 to=0 | cancels=0(+0/s) seqbad=0 len_bad=0 disc=0(0x00) | tot_n=8932 tot_to=0 maxever=41913 >2ms=8932 >5ms=8932 >15ms=334 >20ms=87 >30ms=22 | probes=8933 wrfail=0 down=0s maxout=0s
  70.673  t=139s RTT mean=12375 min=11469 max=19414 n=65 to=0 | cancels=0(+0/s) seqbad=0 len_bad=0 disc=0(0x00) | tot_n=8997 tot_to=0 maxever=41913 >2ms=8997 >5ms=8997 >15ms=338 >20ms=87 >30ms=22 | probes=8997 wrfail=0 down=0s maxout=0s
  72.683  t=140s RTT mean=12882 min=11910 max=26912 n=62 to=0 | cancels=0(+0/s) seqbad=0 len_bad=0 disc=0(0x00) | tot_n=9059 tot_to=0 maxever=41913 >2ms=9059 >5ms=9059 >15ms=345 >20ms=88 >30ms=22 | probes=9060 wrfail=0 down=0s maxout=0s
  72.683  t=141s RTT mean=12616 min=11910 max=26913 n=64 to=0 | cancels=0(+0/s) seqbad=0 len_bad=0 disc=0(0x00) | tot_n=9123 tot_to=0 maxever=41913 >2ms=9123 >5ms=9123 >15ms=350 >20ms=89 >30ms=22 | probes=9124 wrfail=0 down=0s maxout=0s
  74.682  t=142s RTT mean=11913 min=11910 max=11924 n=67 to=0 | cancels=0(+0/s) seqbad=0 len_bad=0 disc=0(0x00) | tot_n=9190 tot_to=0 maxever=41913 >2ms=9190 >5ms=9190 >15ms=350 >20ms=89 >30ms=22 | probes=9190 wrfail=0 down=0s maxout=0s
  74.682  t=143s RTT mean=11914 min=11910 max=11949 n=66 to=0 | cancels=0(+0/s) seqbad=0 len_bad=0 disc=0(0x00) | tot_n=9256 tot_to=0 maxever=41913 >2ms=9256 >5ms=9256 >15ms=350 >20ms=89 >30ms=22 | probes=9257 wrfail=0 down=0s maxout=0s
  76.691  t=144s RTT mean=16325 min=11912 max=64413 n=51 to=0 | cancels=0(+0/s) seqbad=0 len_bad=0 disc=0(0x00) | tot_n=9307 tot_to=0 maxever=64413 >2ms=9307 >5ms=9307 >15ms=367 >20ms=94 >30ms=24 | probes=9308 wrfail=0 down=0s maxout=0s
  76.691  t=145s RTT mean=15663 min=11911 max=34414 n=54 to=0 | cancels=0(+0/s) seqbad=0 len_bad=0 disc=0(0x00) | tot_n=9361 tot_to=0 maxever=64413 >2ms=9361 >5ms=9361 >15ms=387 >20ms=99 >30ms=26 | probes=9362 wrfail=0 down=0s maxout=0s
  78.678  t=146s RTT mean=11914 min=11911 max=11931 n=67 to=0 | cancels=0(+0/s) seqbad=0 len_bad=0 disc=0(0x00) | tot_n=9428 tot_to=0 maxever=64413 >2ms=9428 >5ms=9428 >15ms=387 >20ms=99 >30ms=26 | probes=9429 wrfail=0 down=0s maxout=0s
  78.678  t=147s RTT mean=11913 min=11910 max=11922 n=66 to=0 | cancels=0(+0/s) seqbad=0 len_bad=0 disc=0(0x00) | tot_n=9494 tot_to=0 maxever=64413 >2ms=9494 >5ms=9494 >15ms=387 >20ms=99 >30ms=26 | probes=9495 wrfail=0 down=0s maxout=0s
  80.664  t=148s RTT mean=11914 min=11801 max=12036 n=67 to=0 | cancels=0(+0/s) seqbad=0 len_bad=0 disc=0(0x00) | tot_n=9561 tot_to=0 maxever=64413 >2ms=9561 >5ms=9561 >15ms=387 >20ms=99 >30ms=26 | probes=9562 wrfail=0 down=0s maxout=0s
  80.720  t=149s RTT mean=11913 min=11909 max=11923 n=67 to=0 | cancels=0(+0/s) seqbad=0 len_bad=0 disc=0(0x00) | tot_n=9628 tot_to=0 maxever=64413 >2ms=9628 >5ms=9628 >15ms=387 >20ms=99 >30ms=26 | probes=9629 wrfail=0 down=0s maxout=0s
  82.658  t=150s RTT mean=11914 min=11911 max=11924 n=67 to=0 | cancels=0(+0/s) seqbad=0 len_bad=0 disc=0(0x00) | tot_n=9695 tot_to=0 maxever=64413 >2ms=9695 >5ms=9695 >15ms=387 >20ms=99 >30ms=26 | probes=9695 wrfail=0 down=0s maxout=0s
  82.713  t=151s RTT mean=11913 min=11910 max=11916 n=66 to=0 | cancels=0(+0/s) seqbad=0 len_bad=0 disc=0(0x00) | tot_n=9761 tot_to=0 maxever=64413 >2ms=9761 >5ms=9761 >15ms=387 >20ms=99 >30ms=26 | probes=9762 wrfail=0 down=0s maxout=0s
  84.670  t=152s RTT mean=11914 min=11910 max=11932 n=67 to=0 | cancels=0(+0/s) seqbad=0 len_bad=0 disc=0(0x00) | tot_n=9828 tot_to=0 maxever=64413 >2ms=9828 >5ms=9828 >15ms=387 >20ms=99 >30ms=26 | probes=9829 wrfail=0 down=0s maxout=0s
  84.723  t=153s RTT mean=12027 min=11911 max=19410 n=66 to=0 | cancels=0(+0/s) seqbad=0 len_bad=0 disc=0(0x00) | tot_n=9894 tot_to=0 maxever=64413 >2ms=9894 >5ms=9894 >15ms=388 >20ms=99 >30ms=26 | probes=9895 wrfail=0 down=0s maxout=0s
  86.664  t=154s RTT mean=11914 min=11910 max=11931 n=67 to=0 | cancels=0(+0/s) seqbad=0 len_bad=0 disc=0(0x00) | tot_n=9961 tot_to=0 maxever=64413 >2ms=9961 >5ms=9961 >15ms=388 >20ms=99 >30ms=26 | probes=9962 wrfail=0 down=0s maxout=0s
  86.715  t=155s RTT mean=11913 min=11910 max=11922 n=66 to=0 | cancels=0(+0/s) seqbad=0 len_bad=0 disc=0(0x00) | tot_n=10027 tot_to=0 maxever=64413 >2ms=10027 >5ms=10027 >15ms=388 >20ms=99 >30ms=26 | probes=10028 wrfail=0 down=0s maxout=0s
  88.677  t=156s RTT mean=15186 min=11911 max=34414 n=55 to=0 | cancels=0(+0/s) seqbad=0 len_bad=0 disc=0(0x00) | tot_n=10082 tot_to=0 maxever=64413 >2ms=10082 >5ms=10082 >15ms=403 >20ms=106 >30ms=28 | probes=10083 wrfail=0 down=0s maxout=0s
  88.677  t=157s RTT mean=16472 min=11912 max=49413 n=51 to=0 | cancels=0(+0/s) seqbad=0 len_bad=0 disc=0(0x00) | tot_n=10133 tot_to=0 maxever=64413 >2ms=10133 >5ms=10133 >15ms=420 >20ms=114 >30ms=32 | probes=10134 wrfail=0 down=0s maxout=0s
  90.681  t=158s RTT mean=13123 min=11910 max=26914 n=62 to=0 | cancels=0(+0/s) seqbad=0 len_bad=0 disc=0(0x00) | tot_n=10195 tot_to=0 maxever=64413 >2ms=10195 >5ms=10195 >15ms=428 >20ms=116 >30ms=32 | probes=10196 wrfail=0 down=0s maxout=0s
  90.681  t=159s RTT mean=11913 min=11910 max=11922 n=67 to=0 | cancels=0(+0/s) seqbad=0 len_bad=0 disc=0(0x00) | tot_n=10262 tot_to=0 maxever=64413 >2ms=10262 >5ms=10262 >15ms=428 >20ms=116 >30ms=32 | probes=10262 wrfail=0 down=0s maxout=0s
  92.696  t=160s RTT mean=12144 min=11911 max=19431 n=65 to=0 | cancels=0(+0/s) seqbad=0 len_bad=0 disc=0(0x00) | tot_n=10327 tot_to=0 maxever=64413 >2ms=10327 >5ms=10327 >15ms=430 >20ms=116 >30ms=32 | probes=10328 wrfail=0 down=0s maxout=0s
  92.696  t=161s RTT mean=11913 min=11910 max=11922 n=67 to=0 | cancels=0(+0/s) seqbad=0 len_bad=0 disc=0(0x00) | tot_n=10394 tot_to=0 maxever=64413 >2ms=10394 >5ms=10394 >15ms=430 >20ms=116 >30ms=32 | probes=10395 wrfail=0 down=0s maxout=0s
  94.697  t=162s RTT mean=11914 min=11910 max=11931 n=67 to=0 | cancels=0(+0/s) seqbad=0 len_bad=0 disc=0(0x00) | tot_n=10461 tot_to=0 maxever=64413 >2ms=10461 >5ms=10461 >15ms=430 >20ms=116 >30ms=32 | probes=10461 wrfail=0 down=0s maxout=0s
  94.698  t=163s RTT mean=11913 min=11911 max=11917 n=66 to=0 | cancels=0(+0/s) seqbad=0 len_bad=0 disc=0(0x00) | tot_n=10527 tot_to=0 maxever=64413 >2ms=10527 >5ms=10527 >15ms=430 >20ms=116 >30ms=32 | probes=10528 wrfail=0 down=0s maxout=0s
  96.691  t=164s RTT mean=11914 min=11468 max=12358 n=67 to=0 | cancels=0(+0/s) seqbad=0 len_bad=0 disc=0(0x00) | tot_n=10594 tot_to=0 maxever=64413 >2ms=10594 >5ms=10594 >15ms=430 >20ms=116 >30ms=32 | probes=10595 wrfail=0 down=0s maxout=0s
  96.691  t=165s RTT mean=11913 min=11910 max=11922 n=67 to=0 | cancels=0(+0/s) seqbad=0 len_bad=0 disc=0(0x00) | tot_n=10661 tot_to=0 maxever=64413 >2ms=10661 >5ms=10661 >15ms=430 >20ms=116 >30ms=32 | probes=10661 wrfail=0 down=0s maxout=0s
  98.677  t=166s RTT mean=11913 min=11909 max=11932 n=66 to=0 | cancels=0(+0/s) seqbad=0 len_bad=0 disc=0(0x00) | tot_n=10727 tot_to=0 maxever=64413 >2ms=10727 >5ms=10727 >15ms=430 >20ms=116 >30ms=32 | probes=10728 wrfail=0 down=0s maxout=0s
  98.677  t=167s RTT mean=14241 min=11910 max=41913 n=58 to=0 | cancels=0(+0/s) seqbad=0 len_bad=0 disc=0(0x00) | tot_n=10785 tot_to=0 maxever=64413 >2ms=10785 >5ms=10785 >15ms=444 >20ms=118 >30ms=33 | probes=10786 wrfail=0 down=0s maxout=0s
 100.688  t=168s RTT mean=12260 min=11469 max=19860 n=65 to=0 | cancels=0(+0/s) seqbad=0 len_bad=0 disc=0(0x00) | tot_n=10850 tot_to=0 maxever=64413 >2ms=10850 >5ms=10850 >15ms=447 >20ms=118 >30ms=33 | probes=10851 wrfail=0 down=0s maxout=0s
 100.688  t=169s RTT mean=11913 min=11910 max=11924 n=67 to=0 | cancels=0(+0/s) seqbad=0 len_bad=0 disc=0(0x00) | tot_n=10917 tot_to=0 maxever=64413 >2ms=10917 >5ms=10917 >15ms=447 >20ms=118 >30ms=33 | probes=10918 wrfail=0 down=0s maxout=0s
 102.688  t=170s RTT mean=11913 min=11910 max=11924 n=67 to=0 | cancels=0(+0/s) seqbad=0 len_bad=0 disc=0(0x00) | tot_n=10984 tot_to=0 maxever=64413 >2ms=10984 >5ms=10984 >15ms=447 >20ms=118 >30ms=33 | probes=10984 wrfail=0 down=0s maxout=0s
 102.688  t=171s RTT mean=12499 min=11469 max=26913 n=64 to=0 | cancels=0(+0/s) seqbad=0 len_bad=0 disc=0(0x00) | tot_n=11048 tot_to=0 maxever=64413 >2ms=11048 >5ms=11048 >15ms=451 >20ms=119 >30ms=33 | probes=11049 wrfail=0 down=0s maxout=0s
 104.689  t=172s RTT mean=11913 min=11910 max=11932 n=66 to=0 | cancels=0(+0/s) seqbad=0 len_bad=0 disc=0(0x00) | tot_n=11114 tot_to=0 maxever=64413 >2ms=11114 >5ms=11114 >15ms=451 >20ms=119 >30ms=33 | probes=11115 wrfail=0 down=0s maxout=0s
 104.689  t=173s RTT mean=11913 min=11910 max=11923 n=67 to=0 | cancels=0(+0/s) seqbad=0 len_bad=0 disc=0(0x00) | tot_n=11181 tot_to=0 maxever=64413 >2ms=11181 >5ms=11181 >15ms=451 >20ms=119 >30ms=33 | probes=11182 wrfail=0 down=0s maxout=0s
 106.692  t=174s RTT mean=11914 min=11911 max=11931 n=67 to=0 | cancels=0(+0/s) seqbad=0 len_bad=0 disc=0(0x00) | tot_n=11248 tot_to=0 maxever=64413 >2ms=11248 >5ms=11248 >15ms=451 >20ms=119 >30ms=33 | probes=11249 wrfail=0 down=0s maxout=0s
 106.692  t=175s RTT mean=11914 min=11913 max=11921 n=19 to=3 | cancels=0(+0/s) seqbad=0 len_bad=0 disc=0(0x00) | tot_n=11267 tot_to=3 maxever=64413 >2ms=11267 >5ms=11267 >15ms=451 >20ms=119 >30ms=33 | probes=11271 wrfail=0 down=0s maxout=0s
 108.687  t=176s RTT mean=0 min=0 max=0 n=0 to=3 | cancels=0(+0/s) seqbad=0 len_bad=0 disc=0(0x00) | tot_n=11267 tot_to=6 maxever=64413 >2ms=11267 >5ms=11267 >15ms=451 >20ms=119 >30ms=33 | probes=11274 wrfail=0 down=0s maxout=0s
 108.687  t=177s RTT mean=0 min=0 max=0 n=0 to=0 | cancels=0(+0/s) seqbad=0 len_bad=0 disc=0(0x00) | tot_n=11267 tot_to=6 maxever=64413 >2ms=11267 >5ms=11267 >15ms=451 >20ms=119 >30ms=33 | probes=11274 wrfail=0 down=0s maxout=0s
 110.671  t=178s RTT mean=0 min=0 max=0 n=0 to=0 | cancels=0(+0/s) seqbad=0 len_bad=0 disc=0(0x00) | tot_n=11267 tot_to=6 maxever=64413 >2ms=11267 >5ms=11267 >15ms=451 >20ms=119 >30ms=33 | probes=11274 wrfail=0 down=0s maxout=0s
 110.671  GAP disconnected 0x08
 110.671  scan rc=0
 110.671  [01:06:16.031,707] [1;33m<wrn> bt_att: Not connected[0m
 110.671  write fail rc=-128 (count=1)
 110.726  t=179s RTT mean=0 min=0 max=0 n=0 to=0 | cancels=0(+0/s) seqbad=0 len_bad=0 disc=1(0x08) | tot_n=11267 tot_to=6 maxever=64413 >2ms=11267 >5ms=11267 >15ms=451 >20ms=119 >30ms=33 | probes=11274 wrfail=1 down=1s maxout=1s
 112.667  t=180s RTT mean=0 min=0 max=0 n=0 to=0 | cancels=0(+0/s) seqbad=0 len_bad=0 disc=1(0x08) | tot_n=11267 tot_to=6 maxever=64413 >2ms=11267 >5ms=11267 >15ms=451 >20ms=119 >30ms=33 | probes=11274 wrfail=1 down=2s maxout=2s
 112.718  t=181s RTT mean=0 min=0 max=0 n=0 to=0 | cancels=0(+0/s) seqbad=0 len_bad=0 disc=1(0x08) | tot_n=11267 tot_to=6 maxever=64413 >2ms=11267 >5ms=11267 >15ms=451 >20ms=119 >30ms=33 | probes=11274 wrfail=1 down=3s maxout=3s
 114.682  t=182s RTT mean=0 min=0 max=0 n=0 to=0 | cancels=0(+0/s) seqbad=0 len_bad=0 disc=1(0x08) | tot_n=11267 tot_to=6 maxever=64413 >2ms=11267 >5ms=11267 >15ms=451 >20ms=119 >30ms=33 | probes=11274 wrfail=1 down=4s maxout=4s
 114.682  t=183s RTT mean=0 min=0 max=0 n=0 to=0 | cancels=0(+0/s) seqbad=0 len_bad=0 disc=1(0x08) | tot_n=11267 tot_to=6 maxever=64413 >2ms=11267 >5ms=11267 >15ms=451 >20ms=119 >30ms=33 | probes=11274 wrfail=1 down=5s maxout=5s
 116.689  t=184s RTT mean=0 min=0 max=0 n=0 to=0 | cancels=0(+0/s) seqbad=0 len_bad=0 disc=1(0x08) | tot_n=11267 tot_to=6 maxever=64413 >2ms=11267 >5ms=11267 >15ms=451 >20ms=119 >30ms=33 | probes=11274 wrfail=1 down=6s maxout=6s
 116.689  t=185s RTT mean=0 min=0 max=0 n=0 to=0 | cancels=0(+0/s) seqbad=0 len_bad=0 disc=1(0x08) | tot_n=11267 tot_to=6 maxever=64413 >2ms=11267 >5ms=11267 >15ms=451 >20ms=119 >30ms=33 | probes=11274 wrfail=1 down=7s maxout=7s
 118.696  t=186s RTT mean=0 min=0 max=0 n=0 to=0 | cancels=0(+0/s) seqbad=0 len_bad=0 disc=1(0x08) | tot_n=11267 tot_to=6 maxever=64413 >2ms=11267 >5ms=11267 >15ms=451 >20ms=119 >30ms=33 | probes=11274 wrfail=1 down=8s maxout=8s
 118.696  t=187s RTT mean=0 min=0 max=0 n=0 to=0 | cancels=0(+0/s) seqbad=0 len_bad=0 disc=1(0x08) | tot_n=11267 tot_to=6 maxever=64413 >2ms=11267 >5ms=11267 >15ms=451 >20ms=119 >30ms=33 | probes=11274 wrfail=1 down=9s maxout=9s
 120.710  t=188s RTT mean=0 min=0 max=0 n=0 to=0 | cancels=0(+0/s) seqbad=0 len_bad=0 disc=1(0x08) | tot_n=11267 tot_to=6 maxever=64413 >2ms=11267 >5ms=11267 >15ms=451 >20ms=119 >30ms=33 | probes=11274 wrfail=1 down=10s maxout=10s
 120.710  t=189s RTT mean=0 min=0 max=0 n=0 to=0 | cancels=0(+0/s) seqbad=0 len_bad=0 disc=1(0x08) | tot_n=11267 tot_to=6 maxever=64413 >2ms=11267 >5ms=11267 >15ms=451 >20ms=119 >30ms=33 | probes=11274 wrfail=1 down=11s maxout=11s
 122.667  t=190s RTT mean=0 min=0 max=0 n=0 to=0 | cancels=0(+0/s) seqbad=0 len_bad=0 disc=1(0x08) | tot_n=11267 tot_to=6 maxever=64413 >2ms=11267 >5ms=11267 >15ms=451 >20ms=119 >30ms=33 | probes=11274 wrfail=1 down=12s maxout=12s
 122.722  t=191s RTT mean=0 min=0 max=0 n=0 to=0 | cancels=0(+0/s) seqbad=0 len_bad=0 disc=1(0x08) | tot_n=11267 tot_to=6 maxever=64413 >2ms=11267 >5ms=11267 >15ms=451 >20ms=119 >30ms=33 | probes=11274 wrfail=1 down=13s maxout=13s
 124.707  t=192s RTT mean=0 min=0 max=0 n=0 to=0 | cancels=0(+0/s) seqbad=0 len_bad=0 disc=1(0x08) | tot_n=11267 tot_to=6 maxever=64413 >2ms=11267 >5ms=11267 >15ms=451 >20ms=119 >30ms=33 | probes=11274 wrfail=1 down=14s maxout=14s
 124.708  t=193s RTT mean=0 min=0 max=0 n=0 to=0 | cancels=0(+0/s) seqbad=0 len_bad=0 disc=1(0x08) | tot_n=11267 tot_to=6 maxever=64413 >2ms=11267 >5ms=11267 >15ms=451 >20ms=119 >30ms=33 | probes=11274 wrfail=1 down=15s maxout=15s
 126.708  t=194s RTT mean=0 min=0 max=0 n=0 to=0 | cancels=0(+0/s) seqbad=0 len_bad=0 disc=1(0x08) | tot_n=11267 tot_to=6 maxever=64413 >2ms=11267 >5ms=11267 >15ms=451 >20ms=119 >30ms=33 | probes=11274 wrfail=1 down=16s maxout=16s
 126.708  t=195s RTT mean=0 min=0 max=0 n=0 to=0 | cancels=0(+0/s) seqbad=0 len_bad=0 disc=1(0x08) | tot_n=11267 tot_to=6 maxever=64413 >2ms=11267 >5ms=11267 >15ms=451 >20ms=119 >30ms=33 | probes=11274 wrfail=1 down=17s maxout=17s
 128.663  t=196s RTT mean=0 min=0 max=0 n=0 to=0 | cancels=0(+0/s) seqbad=0 len_bad=0 disc=1(0x08) | tot_n=11267 tot_to=6 maxever=64413 >2ms=11267 >5ms=11267 >15ms=451 >20ms=119 >30ms=33 | probes=11274 wrfail=1 down=18s maxout=18s
 128.715  t=197s RTT mean=0 min=0 max=0 n=0 to=0 | cancels=0(+0/s) seqbad=0 len_bad=0 disc=1(0x08) | tot_n=11267 tot_to=6 maxever=64413 >2ms=11267 >5ms=11267 >15ms=451 >20ms=119 >30ms=33 | probes=11274 wrfail=1 down=19s maxout=19s
 130.711  t=198s RTT mean=0 min=0 max=0 n=0 to=0 | cancels=0(+0/s) seqbad=0 len_bad=0 disc=1(0x08) | tot_n=11267 tot_to=6 maxever=64413 >2ms=11267 >5ms=11267 >15ms=451 >20ms=119 >30ms=33 | probes=11274 wrfail=1 down=20s maxout=20s
 130.711  t=199s RTT mean=0 min=0 max=0 n=0 to=0 | cancels=0(+0/s) seqbad=0 len_bad=0 disc=1(0x08) | tot_n=11267 tot_to=6 maxever=64413 >2ms=11267 >5ms=11267 >15ms=451 >20ms=119 >30ms=33 | probes=11274 wrfail=1 down=21s maxout=21s
 132.693  t=200s RTT mean=0 min=0 max=0 n=0 to=0 | cancels=0(+0/s) seqbad=0 len_bad=0 disc=1(0x08) | tot_n=11267 tot_to=6 maxever=64413 >2ms=11267 >5ms=11267 >15ms=451 >20ms=119 >30ms=33 | probes=11274 wrfail=1 down=22s maxout=22s
 132.693  t=201s RTT mean=0 min=0 max=0 n=0 to=0 | cancels=0(+0/s) seqbad=0 len_bad=0 disc=1(0x08) | tot_n=11267 tot_to=6 maxever=64413 >2ms=11267 >5ms=11267 >15ms=451 >20ms=119 >30ms=33 | probes=11274 wrfail=1 down=23s maxout=23s
 134.695  t=202s RTT mean=0 min=0 max=0 n=0 to=0 | cancels=0(+0/s) seqbad=0 len_bad=0 disc=1(0x08) | tot_n=11267 tot_to=6 maxever=64413 >2ms=11267 >5ms=11267 >15ms=451 >20ms=119 >30ms=33 | probes=11274 wrfail=1 down=24s maxout=24s
 134.695  t=203s RTT mean=0 min=0 max=0 n=0 to=0 | cancels=0(+0/s) seqbad=0 len_bad=0 disc=1(0x08) | tot_n=11267 tot_to=6 maxever=64413 >2ms=11267 >5ms=11267 >15ms=451 >20ms=119 >30ms=33 | probes=11274 wrfail=1 down=25s maxout=25s
 136.697  t=204s RTT mean=0 min=0 max=0 n=0 to=0 | cancels=0(+0/s) seqbad=0 len_bad=0 disc=1(0x08) | tot_n=11267 tot_to=6 maxever=64413 >2ms=11267 >5ms=11267 >15ms=451 >20ms=119 >30ms=33 | probes=11274 wrfail=1 down=26s maxout=26s
 136.697  t=205s RTT mean=0 min=0 max=0 n=0 to=0 | cancels=0(+0/s) seqbad=0 len_bad=0 disc=1(0x08) | tot_n=11267 tot_to=6 maxever=64413 >2ms=11267 >5ms=11267 >15ms=451 >20ms=119 >30ms=33 | probes=11274 wrfail=1 down=27s maxout=27s
 138.690  t=206s RTT mean=0 min=0 max=0 n=0 to=0 | cancels=0(+0/s) seqbad=0 len_bad=0 disc=1(0x08) | tot_n=11267 tot_to=6 maxever=64413 >2ms=11267 >5ms=11267 >15ms=451 >20ms=119 >30ms=33 | probes=11274 wrfail=1 down=28s maxout=28s
 138.690  t=207s RTT mean=0 min=0 max=0 n=0 to=0 | cancels=0(+0/s) seqbad=0 len_bad=0 disc=1(0x08) | tot_n=11267 tot_to=6 maxever=64413 >2ms=11267 >5ms=11267 >15ms=451 >20ms=119 >30ms=33 | probes=11274 wrfail=1 down=29s maxout=29s
 140.680  t=208s RTT mean=0 min=0 max=0 n=0 to=0 | cancels=0(+0/s) seqbad=0 len_bad=0 disc=1(0x08) | tot_n=11267 tot_to=6 maxever=64413 >2ms=11267 >5ms=11267 >15ms=451 >20ms=119 >30ms=33 | probes=11274 wrfail=1 down=30s maxout=30s
 140.680  t=209s RTT mean=0 min=0 max=0 n=0 to=0 | cancels=0(+0/s) seqbad=0 len_bad=0 disc=1(0x08) | tot_n=11267 tot_to=6 maxever=64413 >2ms=11267 >5ms=11267 >15ms=451 >20ms=119 >30ms=33 | probes=11274 wrfail=1 down=31s maxout=31s
 142.679  t=210s RTT mean=0 min=0 max=0 n=0 to=0 | cancels=0(+0/s) seqbad=0 len_bad=0 disc=1(0x08) | tot_n=11267 tot_to=6 maxever=64413 >2ms=11267 >5ms=11267 >15ms=451 >20ms=119 >30ms=33 | probes=11274 wrfail=1 down=32s maxout=32s
 142.679  t=211s RTT mean=0 min=0 max=0 n=0 to=0 | cancels=0(+0/s) seqbad=0 len_bad=0 disc=1(0x08) | tot_n=11267 tot_to=6 maxever=64413 >2ms=11267 >5ms=11267 >15ms=451 >20ms=119 >30ms=33 | probes=11274 wrfail=1 down=33s maxout=33s
 144.683  t=212s RTT mean=0 min=0 max=0 n=0 to=0 | cancels=0(+0/s) seqbad=0 len_bad=0 disc=1(0x08) | tot_n=11267 tot_to=6 maxever=64413 >2ms=11267 >5ms=11267 >15ms=451 >20ms=119 >30ms=33 | probes=11274 wrfail=1 down=34s maxout=34s
 144.683  t=213s RTT mean=0 min=0 max=0 n=0 to=0 | cancels=0(+0/s) seqbad=0 len_bad=0 disc=1(0x08) | tot_n=11267 tot_to=6 maxever=64413 >2ms=11267 >5ms=11267 >15ms=451 >20ms=119 >30ms=33 | probes=11274 wrfail=1 down=35s maxout=35s
 146.259  Q2CONN AA=cdb779b3 CRCINIT=b3f551 hop=11 chan_count=37 map=ffffffff1f
 146.259  GAP connected interval=7500
 146.259  MTU err=0 mtu=23
 146.259  PHY tx=2 rx=2
 146.259  t=214s RTT mean=0 min=0 max=0 n=0 to=0 | cancels=0(+0/s) seqbad=0 len_bad=0 disc=1(0x08) | tot_n=11267 tot_to=6 maxever=64413 >2ms=11267 >5ms=11267 >15ms=451 >20ms=119 >30ms=33 | probes=11274 wrfail=1 down=36s maxout=36s
 146.259  discovery start (post-PHY +500ms) interval=7500 phy2m=1
 146.310  SUBSCRIBED, vh=14
 147.667  t=215s RTT mean=18792 min=11911 max=41930 n=32 to=0 | cancels=0(+0/s) seqbad=0 len_bad=0 disc=1(0x08) | tot_n=11299 tot_to=6 maxever=64413 >2ms=11299 >5ms=11299 >15ms=466 >20ms=128 >30ms=37 | probes=11307 wrfail=1 down=36s maxout=36s
 147.722  t=216s RTT mean=14777 min=11467 max=41912 n=55 to=0 | cancels=0(+0/s) seqbad=0 len_bad=0 disc=1(0x08) | tot_n=11354 tot_to=6 maxever=64413 >2ms=11354 >5ms=11354 >15ms=481 >20ms=132 >30ms=38 | probes=11362 wrfail=1 down=36s maxout=36s
 149.670  t=217s RTT mean=15322 min=11467 max=34412 n=55 to=0 | cancels=0(+0/s) seqbad=0 len_bad=0 disc=1(0x08) | tot_n=11409 tot_to=6 maxever=64413 >2ms=11409 >5ms=11409 >15ms=498 >20ms=138 >30ms=40 | probes=11417 wrfail=1 down=36s maxout=36s
 149.723  t=218s RTT mean=14111 min=11467 max=41914 n=58 to=0 | cancels=0(+0/s) seqbad=0 len_bad=0 disc=1(0x08) | tot_n=11467 tot_to=6 maxever=64413 >2ms=11467 >5ms=11467 >15ms=512 >20ms=139 >30ms=41 | probes=11475 wrfail=1 down=36s maxout=36s
 151.706  t=219s RTT mean=13788 min=11466 max=26912 n=60 to=0 | cancels=0(+0/s) seqbad=0 len_bad=0 disc=1(0x08) | tot_n=11527 tot_to=6 maxever=64413 >2ms=11527 >5ms=11527 >15ms=525 >20ms=141 >30ms=41 | probes=11534 wrfail=1 down=36s maxout=36s
 151.706  t=220s RTT mean=13143 min=11467 max=27358 n=61 to=0 | cancels=0(+0/s) seqbad=0 len_bad=0 disc=1(0x08) | tot_n=11588 tot_to=6 maxever=64413 >2ms=11588 >5ms=11588 >15ms=534 >20ms=142 >30ms=41 | probes=11596 wrfail=1 down=36s maxout=36s
 153.673  t=221s RTT mean=13947 min=11466 max=19415 n=59 to=0 | cancels=0(+0/s) seqbad=0 len_bad=0 disc=1(0x08) | tot_n=11647 tot_to=6 maxever=64413 >2ms=11647 >5ms=11647 >15ms=550 >20ms=142 >30ms=41 | probes=11655 wrfail=1 down=36s maxout=36s
 153.725  t=222s RTT mean=14860 min=11469 max=49413 n=56 to=0 | cancels=0(+0/s) seqbad=0 len_bad=0 disc=1(0x08) | tot_n=11703 tot_to=6 maxever=64413 >2ms=11703 >5ms=11703 >15ms=563 >20ms=147 >30ms=43 | probes=11710 wrfail=1 down=36s maxout=36s
 155.663  t=223s RTT mean=13538 min=11468 max=26913 n=60 to=0 | cancels=0(+0/s) seqbad=0 len_bad=0 disc=1(0x08) | tot_n=11763 tot_to=6 maxever=64413 >2ms=11763 >5ms=11763 >15ms=574 >20ms=149 >30ms=43 | probes=11771 wrfail=1 down=36s maxout=36s
 155.718  t=224s RTT mean=13143 min=11467 max=26914 n=61 to=0 | cancels=0(+0/s) seqbad=0 len_bad=0 disc=1(0x08) | tot_n=11824 tot_to=6 maxever=64413 >2ms=11824 >5ms=11824 >15ms=583 >20ms=150 >30ms=43 | probes=11832 wrfail=1 down=36s maxout=36s
 157.678  t=225s RTT mean=14677 min=11466 max=33967 n=57 to=0 | cancels=0(+0/s) seqbad=0 len_bad=0 disc=1(0x08) | tot_n=11881 tot_to=6 maxever=64413 >2ms=11881 >5ms=11881 >15ms=599 >20ms=154 >30ms=44 | probes=11888 wrfail=1 down=36s maxout=36s
 157.733  t=226s RTT mean=14412 min=11466 max=26913 n=57 to=0 | cancels=0(+0/s) seqbad=0 len_bad=0 disc=1(0x08) | tot_n=11938 tot_to=6 maxever=64413 >2ms=11938 >5ms=11938 >15ms=617 >20ms=155 >30ms=44 | probes=11946 wrfail=1 down=36s maxout=36s
 159.680  t=227s RTT mean=15247 min=11468 max=41912 n=54 to=0 | cancels=0(+0/s) seqbad=0 len_bad=0 disc=1(0x08) | tot_n=11992 tot_to=6 maxever=64413 >2ms=11992 >5ms=11992 >15ms=633 >20ms=160 >30ms=46 | probes=12000 wrfail=1 down=36s maxout=36s
 159.734  t=228s RTT mean=13388 min=11467 max=34409 n=61 to=0 | cancels=0(+0/s) seqbad=0 len_bad=0 disc=1(0x08) | tot_n=12053 tot_to=6 maxever=64413 >2ms=12053 >5ms=12053 >15ms=643 >20ms=161 >30ms=47 | probes=12061 wrfail=1 down=36s maxout=36s
 161.675  t=229s RTT mean=14282 min=11467 max=34412 n=57 to=0 | cancels=0(+0/s) seqbad=0 len_bad=0 disc=1(0x08) | tot_n=12110 tot_to=6 maxever=64413 >2ms=12110 >5ms=12110 >15ms=657 >20ms=164 >30ms=48 | probes=12118 wrfail=1 down=36s maxout=36s
 161.732  t=230s RTT mean=18007 min=11469 max=49414 n=48 to=0 | cancels=0(+0/s) seqbad=0 len_bad=0 disc=1(0x08) | tot_n=12158 tot_to=6 maxever=64413 >2ms=12158 >5ms=12158 >15ms=678 >20ms=172 >30ms=53 | probes=12166 wrfail=1 down=36s maxout=36s
 163.669  t=231s RTT mean=14112 min=11466 max=26930 n=58 to=0 | cancels=0(+0/s) seqbad=0 len_bad=0 disc=1(0x08) | tot_n=12216 tot_to=6 maxever=64413 >2ms=12216 >5ms=12216 >15ms=691 >20ms=176 >30ms=53 | probes=12224 wrfail=1 down=36s maxout=36s
 163.724  t=232s RTT mean=13663 min=11467 max=27358 n=60 to=0 | cancels=0(+0/s) seqbad=0 len_bad=0 disc=1(0x08) | tot_n=12276 tot_to=6 maxever=64413 >2ms=12276 >5ms=12276 >15ms=704 >20ms=177 >30ms=53 | probes=12284 wrfail=1 down=36s maxout=36s
 165.670  t=233s RTT mean=14726 min=11466 max=34412 n=56 to=0 | cancels=0(+0/s) seqbad=0 len_bad=0 disc=1(0x08) | tot_n=12332 tot_to=6 maxever=64413 >2ms=12332 >5ms=12332 >15ms=718 >20ms=182 >30ms=55 | probes=12340 wrfail=1 down=36s maxout=36s
 165.724  t=234s RTT mean=15734 min=11468 max=41912 n=53 to=0 | cancels=0(+0/s) seqbad=0 len_bad=0 disc=1(0x08) | tot_n=12385 tot_to=6 maxever=64413 >2ms=12385 >5ms=12385 >15ms=736 >20ms=188 >30ms=57 | probes=12393 wrfail=1 down=36s maxout=36s
 167.679  t=235s RTT mean=14112 min=11467 max=42360 n=58 to=0 | cancels=0(+0/s) seqbad=0 len_bad=0 disc=1(0x08) | tot_n=12443 tot_to=6 maxever=64413 >2ms=12443 >5ms=12443 >15ms=747 >20ms=191 >30ms=59 | probes=12451 wrfail=1 down=36s maxout=36s
 167.734  t=236s RTT mean=15592 min=11466 max=34414 n=53 to=0 | cancels=0(+0/s) seqbad=0 len_bad=0 disc=1(0x08) | tot_n=12496 tot_to=6 maxever=64413 >2ms=12496 >5ms=12496 >15ms=762 >20ms=199 >30ms=62 | probes=12504 wrfail=1 down=36s maxout=36s
 169.682  t=237s RTT mean=16537 min=11466 max=56913 n=52 to=0 | cancels=0(+0/s) seqbad=0 len_bad=0 disc=1(0x08) | tot_n=12548 tot_to=6 maxever=64413 >2ms=12548 >5ms=12548 >15ms=779 >20ms=206 >30ms=65 | probes=12556 wrfail=1 down=36s maxout=36s
 169.735  t=238s RTT mean=20474 min=11468 max=57359 n=42 to=0 | cancels=0(+0/s) seqbad=0 len_bad=0 disc=1(0x08) | tot_n=12590 tot_to=6 maxever=64413 >2ms=12590 >5ms=12590 >15ms=803 >20ms=218 >30ms=73 | probes=12598 wrfail=1 down=36s maxout=36s
 171.676  t=239s RTT mean=23467 min=11469 max=49413 n=37 to=0 | cancels=0(+0/s) seqbad=0 len_bad=0 disc=1(0x08) | tot_n=12627 tot_to=6 maxever=64413 >2ms=12627 >5ms=12627 >15ms=825 >20ms=236 >30ms=82 | probes=12635 wrfail=1 down=36s maxout=36s
 171.731  t=240s RTT mean=15595 min=11467 max=41917 n=55 to=0 | cancels=0(+0/s) seqbad=0 len_bad=0 disc=1(0x08) | tot_n=12682 tot_to=6 maxever=64413 >2ms=12682 >5ms=12682 >15ms=844 >20ms=241 >30ms=84 | probes=12690 wrfail=1 down=36s maxout=36s
 173.667  t=241s RTT mean=14592 min=11466 max=41912 n=56 to=0 | cancels=0(+0/s) seqbad=0 len_bad=0 disc=1(0x08) | tot_n=12738 tot_to=6 maxever=64413 >2ms=12738 >5ms=12738 >15ms=859 >20ms=244 >30ms=85 | probes=12746 wrfail=1 down=36s maxout=36s
 173.722  t=242s RTT mean=14370 min=11359 max=41913 n=58 to=0 | cancels=0(+0/s) seqbad=0 len_bad=0 disc=1(0x08) | tot_n=12796 tot_to=6 maxever=64413 >2ms=12796 >5ms=12796 >15ms=871 >20ms=249 >30ms=86 | probes=12804 wrfail=1 down=36s maxout=36s
 175.667  t=243s RTT mean=13820 min=11466 max=26912 n=59 to=0 | cancels=0(+0/s) seqbad=0 len_bad=0 disc=1(0x08) | tot_n=12855 tot_to=6 maxever=64413 >2ms=12855 >5ms=12855 >15ms=885 >20ms=250 >30ms=86 | probes=12863 wrfail=1 down=36s maxout=36s
 175.722  t=244s RTT mean=13820 min=11466 max=26915 n=59 to=0 | cancels=0(+0/s) seqbad=0 len_bad=0 disc=1(0x08) | tot_n=12914 tot_to=6 maxever=64413 >2ms=12914 >5ms=12914 >15ms=896 >20ms=254 >30ms=86 | probes=12922 wrfail=1 down=36s maxout=36s
 177.703  t=245s RTT mean=13664 min=11465 max=27358 n=60 to=0 | cancels=0(+0/s) seqbad=0 len_bad=0 disc=1(0x08) | tot_n=12974 tot_to=6 maxever=64413 >2ms=12974 >5ms=12974 >15ms=907 >20ms=257 >30ms=86 | probes=12982 wrfail=1 down=36s maxout=36s
 177.703  t=246s RTT mean=12499 min=11467 max=19414 n=64 to=0 | cancels=0(+0/s) seqbad=0 len_bad=0 disc=1(0x08) | tot_n=13038 tot_to=6 maxever=64413 >2ms=13038 >5ms=13038 >15ms=912 >20ms=257 >30ms=86 | probes=13046 wrfail=1 down=36s maxout=36s
 179.692  t=247s RTT mean=13853 min=11468 max=33968 n=58 to=0 | cancels=0(+0/s) seqbad=0 len_bad=0 disc=1(0x08) | tot_n=13096 tot_to=6 maxever=64413 >2ms=13096 >5ms=13096 >15ms=925 >20ms=258 >30ms=87 | probes=13104 wrfail=1 down=36s maxout=36s
 179.692  t=248s RTT mean=13634 min=11469 max=34415 n=61 to=0 | cancels=0(+0/s) seqbad=0 len_bad=0 disc=1(0x08) | tot_n=13157 tot_to=6 maxever=64413 >2ms=13157 >5ms=13157 >15ms=934 >20ms=261 >30ms=89 | probes=13165 wrfail=1 down=36s maxout=36s
 181.699  t=249s RTT mean=13693 min=11911 max=26912 n=59 to=0 | cancels=0(+0/s) seqbad=0 len_bad=0 disc=1(0x08) | tot_n=13216 tot_to=6 maxever=64413 >2ms=13216 >5ms=13216 >15ms=947 >20ms=262 >30ms=89 | probes=13224 wrfail=1 down=36s maxout=36s
 181.699  t=250s RTT mean=13244 min=11468 max=26913 n=62 to=0 | cancels=0(+0/s) seqbad=0 len_bad=0 disc=1(0x08) | tot_n=13278 tot_to=6 maxever=64413 >2ms=13278 >5ms=13278 >15ms=957 >20ms=263 >30ms=89 | probes=13285 wrfail=1 down=36s maxout=36s
 183.709  t=251s RTT mean=17978 min=11468 max=49413 n=47 to=0 | cancels=0(+0/s) seqbad=0 len_bad=0 disc=1(0x08) | tot_n=13325 tot_to=6 maxever=64413 >2ms=13325 >5ms=13325 >15ms=980 >20ms=270 >30ms=93 | probes=13333 wrfail=1 down=36s maxout=36s
 183.709  t=252s RTT mean=12616 min=11910 max=19414 n=64 to=0 | cancels=0(+0/s) seqbad=0 len_bad=0 disc=1(0x08) | tot_n=13389 tot_to=6 maxever=64413 >2ms=13389 >5ms=13389 >15ms=986 >20ms=270 >30ms=93 | probes=13397 wrfail=1 down=36s maxout=36s
 185.667  t=253s RTT mean=13002 min=11910 max=26914 n=62 to=0 | cancels=0(+0/s) seqbad=0 len_bad=0 disc=1(0x08) | tot_n=13451 tot_to=6 maxever=64413 >2ms=13451 >5ms=13451 >15ms=994 >20ms=271 >30ms=93 | probes=13459 wrfail=1 down=36s maxout=36s
 185.722  t=254s RTT mean=12746 min=11911 max=19421 n=63 to=0 | cancels=0(+0/s) seqbad=0 len_bad=0 disc=1(0x08) | tot_n=13514 tot_to=6 maxever=64413 >2ms=13514 >5ms=13514 >15ms=1001 >20ms=271 >30ms=93 | probes=13522 wrfail=1 down=36s maxout=36s
 187.687  t=255s RTT mean=13389 min=11468 max=26913 n=61 to=0 | cancels=0(+0/s) seqbad=0 len_bad=0 disc=1(0x08) | tot_n=13575 tot_to=6 maxever=64413 >2ms=13575 >5ms=13575 >15ms=1012 >20ms=272 >30ms=93 | probes=13583 wrfail=1 down=36s maxout=36s
 187.742  t=256s RTT mean=12866 min=11466 max=19414 n=63 to=0 | cancels=0(+0/s) seqbad=0 len_bad=0 disc=1(0x08) | tot_n=13638 tot_to=6 maxever=64413 >2ms=13638 >5ms=13638 >15ms=1020 >20ms=272 >30ms=93 | probes=13645 wrfail=1 down=36s maxout=36s
 189.697  t=257s RTT mean=13003 min=11466 max=26466 n=62 to=0 | cancels=0(+0/s) seqbad=0 len_bad=0 disc=1(0x08) | tot_n=13700 tot_to=6 maxever=64413 >2ms=13700 >5ms=13700 >15ms=1028 >20ms=273 >30ms=93 | probes=13708 wrfail=1 down=36s maxout=36s
 189.697  t=258s RTT mean=13388 min=11910 max=26913 n=61 to=0 | cancels=0(+0/s) seqbad=0 len_bad=0 disc=1(0x08) | tot_n=13761 tot_to=6 maxever=64413 >2ms=13761 >5ms=13761 >15ms=1039 >20ms=274 >30ms=93 | probes=13768 wrfail=1 down=36s maxout=36s
 191.683  t=259s RTT mean=13143 min=11469 max=26911 n=61 to=0 | cancels=0(+0/s) seqbad=0 len_bad=0 disc=1(0x08) | tot_n=13822 tot_to=6 maxever=64413 >2ms=13822 >5ms=13822 >15ms=1048 >20ms=275 >30ms=93 | probes=13830 wrfail=1 down=36s maxout=36s
 191.736  t=260s RTT mean=13123 min=11469 max=26913 n=62 to=0 | cancels=0(+0/s) seqbad=0 len_bad=0 disc=1(0x08) | tot_n=13884 tot_to=6 maxever=64413 >2ms=13884 >5ms=13884 >15ms=1057 >20ms=276 >30ms=93 | probes=13892 wrfail=1 down=36s maxout=36s
 193.682  t=261s RTT mean=13123 min=11468 max=26913 n=62 to=0 | cancels=0(+0/s) seqbad=0 len_bad=0 disc=1(0x08) | tot_n=13946 tot_to=6 maxever=64413 >2ms=13946 >5ms=13946 >15ms=1066 >20ms=277 >30ms=93 | probes=13953 wrfail=1 down=36s maxout=36s
 193.737  t=262s RTT mean=13413 min=11469 max=26914 n=60 to=0 | cancels=0(+0/s) seqbad=0 len_bad=0 disc=1(0x08) | tot_n=14006 tot_to=6 maxever=64413 >2ms=14006 >5ms=14006 >15ms=1076 >20ms=279 >30ms=93 | probes=14014 wrfail=1 down=36s maxout=36s
 195.681  t=263s RTT mean=14545 min=11911 max=41913 n=57 to=0 | cancels=0(+0/s) seqbad=0 len_bad=0 disc=1(0x08) | tot_n=14063 tot_to=6 maxever=64413 >2ms=14063 >5ms=14063 >15ms=1092 >20ms=281 >30ms=94 | probes=14071 wrfail=1 down=36s maxout=36s
 195.736  t=264s RTT mean=13123 min=11910 max=19414 n=62 to=0 | cancels=0(+0/s) seqbad=0 len_bad=0 disc=1(0x08) | tot_n=14125 tot_to=6 maxever=64413 >2ms=14125 >5ms=14125 >15ms=1102 >20ms=281 >30ms=94 | probes=14132 wrfail=1 down=36s maxout=36s
 197.694  t=265s RTT mean=12499 min=11471 max=19414 n=64 to=0 | cancels=0(+0/s) seqbad=0 len_bad=0 disc=1(0x08) | tot_n=14189 tot_to=6 maxever=64413 >2ms=14189 >5ms=14189 >15ms=1107 >20ms=281 >30ms=94 | probes=14197 wrfail=1 down=36s maxout=36s
 197.694  t=266s RTT mean=13538 min=11910 max=26913 n=60 to=0 | cancels=0(+0/s) seqbad=0 len_bad=0 disc=1(0x08) | tot_n=14249 tot_to=6 maxever=64413 >2ms=14249 >5ms=14249 >15ms=1117 >20ms=284 >30ms=94 | probes=14257 wrfail=1 down=36s maxout=36s
 199.698  t=267s RTT mean=14726 min=11469 max=34413 n=56 to=0 | cancels=0(+0/s) seqbad=0 len_bad=0 disc=1(0x08) | tot_n=14305 tot_to=6 maxever=64413 >2ms=14305 >5ms=14305 >15ms=1134 >20ms=287 >30ms=95 | probes=14313 wrfail=1 down=36s maxout=36s
 199.698  t=268s RTT mean=14111 min=11910 max=26914 n=58 to=0 | cancels=0(+0/s) seqbad=0 len_bad=0 disc=1(0x08) | tot_n=14363 tot_to=6 maxever=64413 >2ms=14363 >5ms=14363 >15ms=1149 >20ms=289 >30ms=95 | probes=14371 wrfail=1 down=36s maxout=36s
 201.686  t=269s RTT mean=13123 min=11469 max=19871 n=62 to=0 | cancels=0(+0/s) seqbad=0 len_bad=0 disc=1(0x08) | tot_n=14425 tot_to=6 maxever=64413 >2ms=14425 >5ms=14425 >15ms=1159 >20ms=289 >30ms=95 | probes=14433 wrfail=1 down=36s maxout=36s
 201.741  t=270s RTT mean=13663 min=11466 max=34414 n=60 to=0 | cancels=0(+0/s) seqbad=0 len_bad=0 disc=1(0x08) | tot_n=14485 tot_to=6 maxever=64413 >2ms=14485 >5ms=14485 >15ms=1170 >20ms=291 >30ms=96 | probes=14492 wrfail=1 down=36s maxout=36s
 203.675  t=271s RTT mean=13002 min=11910 max=34432 n=62 to=0 | cancels=0(+0/s) seqbad=0 len_bad=0 disc=1(0x08) | tot_n=14547 tot_to=6 maxever=64413 >2ms=14547 >5ms=14547 >15ms=1176 >20ms=293 >30ms=97 | probes=14555 wrfail=1 down=36s maxout=36s
 203.731  t=272s RTT mean=12506 min=11468 max=19414 n=64 to=0 | cancels=0(+0/s) seqbad=0 len_bad=0 disc=1(0x08) | tot_n=14611 tot_to=6 maxever=64413 >2ms=14611 >5ms=14611 >15ms=1181 >20ms=293 >30ms=97 | probes=14619 wrfail=1 down=36s maxout=36s
 205.691  t=273s RTT mean=13259 min=11470 max=19414 n=61 to=0 | cancels=0(+0/s) seqbad=0 len_bad=0 disc=1(0x08) | tot_n=14672 tot_to=6 maxever=64413 >2ms=14672 >5ms=14672 >15ms=1192 >20ms=293 >30ms=97 | probes=14680 wrfail=1 down=36s maxout=36s
 205.691  t=274s RTT mean=13663 min=11468 max=26913 n=60 to=0 | cancels=0(+0/s) seqbad=0 len_bad=0 disc=1(0x08) | tot_n=14732 tot_to=6 maxever=64413 >2ms=14732 >5ms=14732 >15ms=1205 >20ms=294 >30ms=97 | probes=14740 wrfail=1 down=36s maxout=36s
 207.697  t=275s RTT mean=12747 min=11469 max=26913 n=63 to=0 | cancels=0(+0/s) seqbad=0 len_bad=0 disc=1(0x08) | tot_n=14795 tot_to=6 maxever=64413 >2ms=14795 >5ms=14795 >15ms=1211 >20ms=295 >30ms=97 | probes=14803 wrfail=1 down=36s maxout=36s
 207.697  t=276s RTT mean=13538 min=11468 max=26922 n=60 to=0 | cancels=0(+0/s) seqbad=0 len_bad=0 disc=1(0x08) | tot_n=14855 tot_to=6 maxever=64413 >2ms=14855 >5ms=14855 >15ms=1223 >20ms=296 >30ms=97 | probes=14863 wrfail=1 down=36s maxout=36s
 209.699  t=277s RTT mean=12617 min=11468 max=19432 n=64 to=0 | cancels=0(+0/s) seqbad=0 len_bad=0 disc=1(0x08) | tot_n=14919 tot_to=6 maxever=64413 >2ms=14919 >5ms=14919 >15ms=1229 >20ms=296 >30ms=97 | probes=14927 wrfail=1 down=36s maxout=36s
 209.699  t=278s RTT mean=13693 min=11466 max=26914 n=59 to=0 | cancels=0(+0/s) seqbad=0 len_bad=0 disc=1(0x08) | tot_n=14978 tot_to=6 maxever=64413 >2ms=14978 >5ms=14978 >15ms=1242 >20ms=297 >30ms=97 | probes=14986 wrfail=1 down=36s maxout=36s
 211.700  t=279s RTT mean=12866 min=11468 max=26912 n=63 to=0 | cancels=0(+0/s) seqbad=0 len_bad=0 disc=1(0x08) | tot_n=15041 tot_to=6 maxever=64413 >2ms=15041 >5ms=15041 >15ms=1249 >20ms=298 >30ms=97 | probes=15049 wrfail=1 down=36s maxout=36s
 211.700  t=280s RTT mean=13123 min=11468 max=19414 n=62 to=0 | cancels=0(+0/s) seqbad=0 len_bad=0 disc=1(0x08) | tot_n=15103 tot_to=6 maxever=64413 >2ms=15103 >5ms=15103 >15ms=1259 >20ms=298 >30ms=97 | probes=15111 wrfail=1 down=36s maxout=36s
 213.683  t=281s RTT mean=13538 min=11526 max=26913 n=60 to=0 | cancels=0(+0/s) seqbad=0 len_bad=0 disc=1(0x08) | tot_n=15163 tot_to=6 maxever=64413 >2ms=15163 >5ms=15163 >15ms=1271 >20ms=299 >30ms=97 | probes=15171 wrfail=1 down=36s maxout=36s
 213.739  t=282s RTT mean=12866 min=11469 max=19859 n=63 to=0 | cancels=0(+0/s) seqbad=0 len_bad=0 disc=1(0x08) | tot_n=15226 tot_to=6 maxever=64413 >2ms=15226 >5ms=15226 >15ms=1279 >20ms=299 >30ms=97 | probes=15234 wrfail=1 down=36s maxout=36s
 215.685  t=283s RTT mean=12747 min=11470 max=19416 n=63 to=0 | cancels=0(+0/s) seqbad=0 len_bad=0 disc=1(0x08) | tot_n=15289 tot_to=6 maxever=64413 >2ms=15289 >5ms=15289 >15ms=1286 >20ms=299 >30ms=97 | probes=15297 wrfail=1 down=36s maxout=36s
 215.740  t=284s RTT mean=24830 min=11910 max=49858 n=36 to=0 | cancels=0(+0/s) seqbad=0 len_bad=0 disc=1(0x08) | tot_n=15325 tot_to=6 maxever=64413 >2ms=15325 >5ms=15325 >15ms=1312 >20ms=319 >30ms=107 | probes=15332 wrfail=1 down=36s maxout=36s
 217.690  t=285s RTT mean=15807 min=11910 max=49413 n=52 to=0 | cancels=0(+0/s) seqbad=0 len_bad=0 disc=1(0x08) | tot_n=15377 tot_to=6 maxever=64413 >2ms=15377 >5ms=15377 >15ms=1325 >20ms=324 >30ms=112 | probes=15385 wrfail=1 down=36s maxout=36s
 217.745  t=286s RTT mean=13244 min=11468 max=26914 n=62 to=0 | cancels=0(+0/s) seqbad=0 len_bad=0 disc=1(0x08) | tot_n=15439 tot_to=6 maxever=64413 >2ms=15439 >5ms=15439 >15ms=1334 >20ms=326 >30ms=112 | probes=15447 wrfail=1 down=36s maxout=36s
 219.695  t=287s RTT mean=13539 min=11912 max=26912 n=60 to=0 | cancels=0(+0/s) seqbad=0 len_bad=0 disc=1(0x08) | tot_n=15499 tot_to=6 maxever=64413 >2ms=15499 >5ms=15499 >15ms=1346 >20ms=327 >30ms=112 | probes=15507 wrfail=1 down=36s maxout=36s
 219.695  t=288s RTT mean=13265 min=11468 max=19414 n=61 to=0 | cancels=0(+0/s) seqbad=0 len_bad=0 disc=1(0x08) | tot_n=15560 tot_to=6 maxever=64413 >2ms=15560 >5ms=15560 >15ms=1357 >20ms=327 >30ms=112 | probes=15568 wrfail=1 down=36s maxout=36s
 221.679  t=289s RTT mean=12866 min=11466 max=34413 n=63 to=0 | cancels=0(+0/s) seqbad=0 len_bad=0 disc=1(0x08) | tot_n=15623 tot_to=6 maxever=64413 >2ms=15623 >5ms=15623 >15ms=1362 >20ms=329 >30ms=113 | probes=15631 wrfail=1 down=36s maxout=36s
 221.734  t=290s RTT mean=12873 min=11910 max=19414 n=63 to=0 | cancels=0(+0/s) seqbad=0 len_bad=0 disc=1(0x08) | tot_n=15686 tot_to=6 maxever=64413 >2ms=15686 >5ms=15686 >15ms=1370 >20ms=329 >30ms=113 | probes=15693 wrfail=1 down=36s maxout=36s
 223.727  t=291s RTT mean=12740 min=11479 max=19414 n=63 to=0 | cancels=0(+0/s) seqbad=0 len_bad=0 disc=1(0x08) | tot_n=15749 tot_to=6 maxever=64413 >2ms=15749 >5ms=15749 >15ms=1377 >20ms=329 >30ms=113 | probes=15757 wrfail=1 down=36s maxout=36s
 223.727  t=292s RTT mean=12746 min=11910 max=26912 n=63 to=0 | cancels=0(+0/s) seqbad=0 len_bad=0 disc=1(0x08) | tot_n=15812 tot_to=6 maxever=64413 >2ms=15812 >5ms=15812 >15ms=1383 >20ms=330 >30ms=113 | probes=15820 wrfail=1 down=36s maxout=36s
 225.682  t=293s RTT mean=12628 min=11469 max=19415 n=63 to=0 | cancels=0(+0/s) seqbad=0 len_bad=0 disc=1(0x08) | tot_n=15875 tot_to=6 maxever=64413 >2ms=15875 >5ms=15875 >15ms=1389 >20ms=330 >30ms=113 | probes=15883 wrfail=1 down=36s maxout=36s
 225.736  t=294s RTT mean=15663 min=11466 max=41912 n=54 to=0 | cancels=0(+0/s) seqbad=0 len_bad=0 disc=1(0x08) | tot_n=15929 tot_to=6 maxever=64413 >2ms=15929 >5ms=15929 >15ms=1409 >20ms=335 >30ms=114 | probes=15937 wrfail=1 down=36s maxout=36s
 227.678  t=295s RTT mean=13539 min=11469 max=26913 n=60 to=0 | cancels=0(+0/s) seqbad=0 len_bad=0 disc=1(0x08) | tot_n=15989 tot_to=6 maxever=64413 >2ms=15989 >5ms=15989 >15ms=1421 >20ms=336 >30ms=114 | probes=15997 wrfail=1 down=36s maxout=36s
 227.733  t=296s RTT mean=13947 min=11468 max=26914 n=59 to=0 | cancels=0(+0/s) seqbad=0 len_bad=0 disc=1(0x08) | tot_n=16048 tot_to=6 maxever=64413 >2ms=16048 >5ms=16048 >15ms=1436 >20ms=337 >30ms=114 | probes=16056 wrfail=1 down=36s maxout=36s
 229.678  t=297s RTT mean=13982 min=11466 max=26913 n=58 to=0 | cancels=0(+0/s) seqbad=0 len_bad=0 disc=1(0x08) | tot_n=16106 tot_to=6 maxever=64413 >2ms=16106 >5ms=16106 >15ms=1450 >20ms=339 >30ms=114 | probes=16114 wrfail=1 down=36s maxout=36s
 229.730  t=298s RTT mean=12734 min=11469 max=19414 n=64 to=0 | cancels=0(+0/s) seqbad=0 len_bad=0 disc=1(0x08) | tot_n=16170 tot_to=6 maxever=64413 >2ms=16170 >5ms=16170 >15ms=1457 >20ms=339 >30ms=114 | probes=16177 wrfail=1 down=36s maxout=36s
 231.724  t=299s RTT mean=13414 min=11910 max=26913 n=60 to=0 | cancels=0(+0/s) seqbad=0 len_bad=0 disc=1(0x08) | tot_n=16230 tot_to=6 maxever=64413 >2ms=16230 >5ms=16230 >15ms=1468 >20ms=340 >30ms=114 | probes=16238 wrfail=1 down=36s maxout=36s
 231.724  t=300s RTT mean=13266 min=11469 max=19414 n=61 to=0 | cancels=0(+0/s) seqbad=0 len_bad=0 disc=1(0x08) | tot_n=16291 tot_to=6 maxever=64413 >2ms=16291 >5ms=16291 >15ms=1479 >20ms=340 >30ms=114 | probes=16299 wrfail=1 down=36s maxout=36s
 233.719  t=301s RTT mean=13389 min=11466 max=26913 n=61 to=0 | cancels=0(+0/s) seqbad=0 len_bad=0 disc=1(0x08) | tot_n=16352 tot_to=6 maxever=64413 >2ms=16352 >5ms=16352 >15ms=1490 >20ms=341 >30ms=114 | probes=16360 wrfail=1 down=36s maxout=36s
 233.719  t=302s RTT mean=15049 min=11466 max=34413 n=55 to=0 | cancels=0(+0/s) seqbad=0 len_bad=0 disc=1(0x08) | tot_n=16407 tot_to=6 maxever=64413 >2ms=16407 >5ms=16407 >15ms=1508 >20ms=345 >30ms=115 | probes=16415 wrfail=1 down=36s maxout=36s
 235.722  t=303s RTT mean=13244 min=11468 max=26912 n=62 to=0 | cancels=0(+0/s) seqbad=0 len_bad=0 disc=1(0x08) | tot_n=16469 tot_to=6 maxever=64413 >2ms=16469 >5ms=16469 >15ms=1518 >20ms=346 >30ms=115 | probes=16476 wrfail=1 down=36s maxout=36s
 235.722  t=304s RTT mean=14640 min=11469 max=26914 n=55 to=0 | cancels=0(+0/s) seqbad=0 len_bad=0 disc=1(0x08) | tot_n=16524 tot_to=6 maxever=64413 >2ms=16524 >5ms=16524 >15ms=1535 >20ms=350 >30ms=115 | probes=16532 wrfail=1 down=36s maxout=36s
 237.688  t=305s RTT mean=13635 min=11907 max=26929 n=61 to=0 | cancels=0(+0/s) seqbad=0 len_bad=0 disc=1(0x08) | tot_n=16585 tot_to=6 maxever=64413 >2ms=16585 >5ms=16585 >15ms=1546 >20ms=353 >30ms=115 | probes=16593 wrfail=1 down=36s maxout=36s
 237.740  t=306s RTT mean=19754 min=11469 max=49858 n=44 to=0 | cancels=0(+0/s) seqbad=0 len_bad=0 disc=1(0x08) | tot_n=16629 tot_to=6 maxever=64413 >2ms=16629 >5ms=16629 >15ms=1573 >20ms=365 >30ms=120 | probes=16636 wrfail=1 down=36s maxout=36s
 239.691  t=307s RTT mean=16964 min=11466 max=41914 n=49 to=0 | cancels=0(+0/s) seqbad=0 len_bad=0 disc=1(0x08) | tot_n=16678 tot_to=6 maxever=64413 >2ms=16678 >5ms=16678 >15ms=1598 >20ms=371 >30ms=121 | probes=16686 wrfail=1 down=36s maxout=36s
 239.743  t=308s RTT mean=13663 min=11912 max=26922 n=60 to=0 | cancels=0(+0/s) seqbad=0 len_bad=0 disc=1(0x08) | tot_n=16738 tot_to=6 maxever=64413 >2ms=16738 >5ms=16738 >15ms=1611 >20ms=372 >30ms=121 | probes=16746 wrfail=1 down=36s maxout=36s
 241.725  t=309s RTT mean=12866 min=11466 max=19414 n=63 to=0 | cancels=0(+0/s) seqbad=0 len_bad=0 disc=1(0x08) | tot_n=16801 tot_to=6 maxever=64413 >2ms=16801 >5ms=16801 >15ms=1619 >20ms=372 >30ms=121 | probes=16809 wrfail=1 down=36s maxout=36s
 241.725  t=310s RTT mean=12866 min=11468 max=26913 n=63 to=0 | cancels=0(+0/s) seqbad=0 len_bad=0 disc=1(0x08) | tot_n=16864 tot_to=6 maxever=64413 >2ms=16864 >5ms=16864 >15ms=1626 >20ms=373 >30ms=121 | probes=16872 wrfail=1 down=36s maxout=36s
 243.710  t=311s RTT mean=13143 min=11468 max=26913 n=61 to=0 | cancels=0(+0/s) seqbad=0 len_bad=0 disc=1(0x08) | tot_n=16925 tot_to=6 maxever=64413 >2ms=16925 >5ms=16925 >15ms=1633 >20ms=376 >30ms=121 | probes=16933 wrfail=1 down=36s maxout=36s
 243.710  t=312s RTT mean=13511 min=11468 max=26913 n=61 to=0 | cancels=0(+0/s) seqbad=0 len_bad=0 disc=1(0x08) | tot_n=16986 tot_to=6 maxever=64413 >2ms=16986 >5ms=16986 >15ms=1645 >20ms=377 >30ms=121 | probes=16993 wrfail=1 down=36s maxout=36s
 245.703  t=313s RTT mean=13413 min=11467 max=26913 n=60 to=0 | cancels=0(+0/s) seqbad=0 len_bad=0 disc=1(0x08) | tot_n=17046 tot_to=6 maxever=64413 >2ms=17046 >5ms=17046 >15ms=1656 >20ms=378 >30ms=121 | probes=17054 wrfail=1 down=36s maxout=36s
 245.703  t=314s RTT mean=13009 min=11466 max=26914 n=62 to=0 | cancels=0(+0/s) seqbad=0 len_bad=0 disc=1(0x08) | tot_n=17108 tot_to=6 maxever=64413 >2ms=17108 >5ms=17108 >15ms=1663 >20ms=380 >30ms=121 | probes=17116 wrfail=1 down=36s maxout=36s
 247.698  t=315s RTT mean=13505 min=11468 max=34413 n=61 to=0 | cancels=0(+0/s) seqbad=0 len_bad=0 disc=1(0x08) | tot_n=17169 tot_to=6 maxever=64413 >2ms=17169 >5ms=17169 >15ms=1672 >20ms=383 >30ms=122 | probes=17176 wrfail=1 down=36s maxout=36s
 247.698  t=316s RTT mean=13002 min=11466 max=26910 n=62 to=0 | cancels=0(+0/s) seqbad=0 len_bad=0 disc=1(0x08) | tot_n=17231 tot_to=6 maxever=64413 >2ms=17231 >5ms=17231 >15ms=1680 >20ms=384 >30ms=122 | probes=17239 wrfail=1 down=36s maxout=36s
 249.686  t=317s RTT mean=13027 min=11466 max=19415 n=61 to=0 | cancels=0(+0/s) seqbad=0 len_bad=0 disc=1(0x08) | tot_n=17292 tot_to=6 maxever=64413 >2ms=17292 >5ms=17292 >15ms=1689 >20ms=384 >30ms=122 | probes=17300 wrfail=1 down=36s maxout=36s
 249.742  t=318s RTT mean=12605 min=11466 max=19862 n=65 to=0 | cancels=0(+0/s) seqbad=0 len_bad=0 disc=1(0x08) | tot_n=17357 tot_to=6 maxever=64413 >2ms=17357 >5ms=17357 >15ms=1695 >20ms=384 >30ms=122 | probes=17364 wrfail=1 down=36s maxout=36s
 251.695  t=319s RTT mean=13813 min=11466 max=26914 n=59 to=0 | cancels=0(+0/s) seqbad=0 len_bad=0 disc=1(0x08) | tot_n=17416 tot_to=6 maxever=64413 >2ms=17416 >5ms=17416 >15ms=1707 >20ms=387 >30ms=122 | probes=17424 wrfail=1 down=36s maxout=36s
 251.748  t=320s RTT mean=12375 min=11468 max=19415 n=65 to=0 | cancels=0(+0/s) seqbad=0 len_bad=0 disc=1(0x08) | tot_n=17481 tot_to=6 maxever=64413 >2ms=17481 >5ms=17481 >15ms=1711 >20ms=387 >30ms=122 | probes=17488 wrfail=1 down=36s maxout=36s
 253.682  t=321s RTT mean=12500 min=11468 max=26914 n=64 to=0 | cancels=0(+0/s) seqbad=0 len_bad=0 disc=1(0x08) | tot_n=17545 tot_to=6 maxever=64413 >2ms=17545 >5ms=17545 >15ms=1715 >20ms=388 >30ms=122 | probes=17552 wrfail=1 down=36s maxout=36s
 253.736  t=322s RTT mean=12626 min=11840 max=19414 n=63 to=0 | cancels=0(+0/s) seqbad=0 len_bad=0 disc=1(0x08) | tot_n=17608 tot_to=6 maxever=64413 >2ms=17608 >5ms=17608 >15ms=1721 >20ms=388 >30ms=122 | probes=17616 wrfail=1 down=36s maxout=36s
 255.690  t=323s RTT mean=12616 min=11469 max=19414 n=64 to=0 | cancels=0(+0/s) seqbad=0 len_bad=0 disc=1(0x08) | tot_n=17672 tot_to=6 maxever=64413 >2ms=17672 >5ms=17672 >15ms=1727 >20ms=388 >30ms=122 | probes=17680 wrfail=1 down=36s maxout=36s
 255.747  t=324s RTT mean=12375 min=11469 max=19413 n=65 to=0 | cancels=0(+0/s) seqbad=0 len_bad=0 disc=1(0x08) | tot_n=17737 tot_to=6 maxever=64413 >2ms=17737 >5ms=17737 >15ms=1731 >20ms=388 >30ms=122 | probes=17745 wrfail=1 down=36s maxout=36s
 257.691  t=325s RTT mean=13143 min=11527 max=26917 n=61 to=0 | cancels=0(+0/s) seqbad=0 len_bad=0 disc=1(0x08) | tot_n=17798 tot_to=6 maxever=64413 >2ms=17798 >5ms=17798 >15ms=1739 >20ms=390 >30ms=122 | probes=17806 wrfail=1 down=36s maxout=36s
 257.742  t=326s RTT mean=13511 min=11466 max=26912 n=61 to=0 | cancels=0(+0/s) seqbad=0 len_bad=0 disc=1(0x08) | tot_n=17859 tot_to=6 maxever=64413 >2ms=17859 >5ms=17859 >15ms=1751 >20ms=391 >30ms=122 | probes=17866 wrfail=1 down=36s maxout=36s
 259.701  t=327s RTT mean=13820 min=11911 max=26914 n=59 to=0 | cancels=0(+0/s) seqbad=0 len_bad=0 disc=1(0x08) | tot_n=17918 tot_to=6 maxever=64413 >2ms=17918 >5ms=17918 >15ms=1765 >20ms=392 >30ms=122 | probes=17926 wrfail=1 down=36s maxout=36s
 259.701  t=328s RTT mean=13265 min=11466 max=26909 n=61 to=0 | cancels=0(+0/s) seqbad=0 len_bad=0 disc=1(0x08) | tot_n=17979 tot_to=6 maxever=64413 >2ms=17979 >5ms=17979 >15ms=1775 >20ms=393 >30ms=122 | probes=17987 wrfail=1 down=36s maxout=36s
 261.701  t=329s RTT mean=12617 min=11468 max=19858 n=64 to=0 | cancels=0(+0/s) seqbad=0 len_bad=0 disc=1(0x08) | tot_n=18043 tot_to=6 maxever=64413 >2ms=18043 >5ms=18043 >15ms=1781 >20ms=393 >30ms=122 | probes=18050 wrfail=1 down=36s maxout=36s
 261.701  t=330s RTT mean=13265 min=11467 max=26916 n=61 to=0 | cancels=0(+0/s) seqbad=0 len_bad=0 disc=1(0x08) | tot_n=18104 tot_to=6 maxever=64413 >2ms=18104 >5ms=18104 >15ms=1790 >20ms=395 >30ms=122 | probes=18112 wrfail=1 down=36s maxout=36s
 263.711  t=331s RTT mean=12881 min=11469 max=19414 n=62 to=0 | cancels=0(+0/s) seqbad=0 len_bad=0 disc=1(0x08) | tot_n=18166 tot_to=6 maxever=64413 >2ms=18166 >5ms=18166 >15ms=1798 >20ms=395 >30ms=122 | probes=18174 wrfail=1 down=36s maxout=36s
 263.711  t=332s RTT mean=13266 min=11468 max=19422 n=61 to=0 | cancels=0(+0/s) seqbad=0 len_bad=0 disc=1(0x08) | tot_n=18227 tot_to=6 maxever=64413 >2ms=18227 >5ms=18227 >15ms=1809 >20ms=395 >30ms=122 | probes=18235 wrfail=1 down=36s maxout=36s
 265.716  t=333s RTT mean=13789 min=11466 max=26914 n=60 to=0 | cancels=0(+0/s) seqbad=0 len_bad=0 disc=1(0x08) | tot_n=18287 tot_to=6 maxever=64413 >2ms=18287 >5ms=18287 >15ms=1820 >20ms=399 >30ms=122 | probes=18295 wrfail=1 down=36s maxout=36s
 265.716  t=334s RTT mean=13266 min=11468 max=34413 n=61 to=0 | cancels=0(+0/s) seqbad=0 len_bad=0 disc=1(0x08) | tot_n=18348 tot_to=6 maxever=64413 >2ms=18348 >5ms=18348 >15ms=1829 >20ms=400 >30ms=123 | probes=18356 wrfail=1 down=36s maxout=36s
 267.713  t=335s RTT mean=12866 min=11468 max=26914 n=63 to=0 | cancels=0(+0/s) seqbad=0 len_bad=0 disc=1(0x08) | tot_n=18411 tot_to=6 maxever=64413 >2ms=18411 >5ms=18411 >15ms=1836 >20ms=401 >30ms=123 | probes=18418 wrfail=1 down=36s maxout=36s
 267.713  t=336s RTT mean=12627 min=11468 max=19414 n=63 to=0 | cancels=0(+0/s) seqbad=0 len_bad=0 disc=1(0x08) | tot_n=18474 tot_to=6 maxever=64413 >2ms=18474 >5ms=18474 >15ms=1842 >20ms=401 >30ms=123 | probes=18482 wrfail=1 down=36s maxout=36s
 269.720  t=337s RTT mean=13389 min=11468 max=34414 n=61 to=0 | cancels=0(+0/s) seqbad=0 len_bad=0 disc=1(0x08) | tot_n=18535 tot_to=6 maxever=64413 >2ms=18535 >5ms=18535 >15ms=1851 >20ms=403 >30ms=124 | probes=18543 wrfail=1 down=36s maxout=36s
 269.720  t=338s RTT mean=13123 min=11911 max=19415 n=62 to=0 | cancels=0(+0/s) seqbad=0 len_bad=0 disc=1(0x08) | tot_n=18597 tot_to=6 maxever=64413 >2ms=18597 >5ms=18597 >15ms=1861 >20ms=403 >30ms=124 | probes=18605 wrfail=1 down=36s maxout=36s
 271.733  t=339s RTT mean=12500 min=11468 max=19414 n=64 to=0 | cancels=0(+0/s) seqbad=0 len_bad=0 disc=1(0x08) | tot_n=18661 tot_to=6 maxever=64413 >2ms=18661 >5ms=18661 >15ms=1866 >20ms=403 >30ms=124 | probes=18669 wrfail=1 down=36s maxout=36s
 271.733  t=340s RTT mean=12616 min=11468 max=26912 n=64 to=0 | cancels=0(+0/s) seqbad=0 len_bad=0 disc=1(0x08) | tot_n=18725 tot_to=6 maxever=64413 >2ms=18725 >5ms=18725 >15ms=1871 >20ms=404 >30ms=124 | probes=18732 wrfail=1 down=36s maxout=36s
 273.730  t=341s RTT mean=13143 min=11911 max=26913 n=61 to=0 | cancels=0(+0/s) seqbad=0 len_bad=0 disc=1(0x08) | tot_n=18786 tot_to=6 maxever=64413 >2ms=18786 >5ms=18786 >15ms=1880 >20ms=405 >30ms=124 | probes=18794 wrfail=1 down=36s maxout=36s
 273.730  t=342s RTT mean=13143 min=11468 max=19860 n=61 to=0 | cancels=0(+0/s) seqbad=0 len_bad=0 disc=1(0x08) | tot_n=18847 tot_to=6 maxever=64413 >2ms=18847 >5ms=18847 >15ms=1890 >20ms=405 >30ms=124 | probes=18855 wrfail=1 down=36s maxout=36s
 275.725  t=343s RTT mean=12606 min=11911 max=19413 n=65 to=0 | cancels=0(+0/s) seqbad=0 len_bad=0 disc=1(0x08) | tot_n=18912 tot_to=6 maxever=64413 >2ms=18912 >5ms=18912 >15ms=1896 >20ms=405 >30ms=124 | probes=18919 wrfail=1 down=36s maxout=36s
 275.725  t=344s RTT mean=12881 min=11466 max=26913 n=62 to=0 | cancels=0(+0/s) seqbad=0 len_bad=0 disc=1(0x08) | tot_n=18974 tot_to=6 maxever=64413 >2ms=18974 >5ms=18974 >15ms=1903 >20ms=406 >30ms=124 | probes=18982 wrfail=1 down=36s maxout=36s
 277.717  t=345s RTT mean=13123 min=11468 max=27360 n=62 to=0 | cancels=0(+0/s) seqbad=0 len_bad=0 disc=1(0x08) | tot_n=19036 tot_to=6 maxever=64413 >2ms=19036 >5ms=19036 >15ms=1912 >20ms=407 >30ms=124 | probes=19044 wrfail=1 down=36s maxout=36s
 277.717  t=346s RTT mean=12375 min=11468 max=19859 n=65 to=0 | cancels=0(+0/s) seqbad=0 len_bad=0 disc=1(0x08) | tot_n=19101 tot_to=6 maxever=64413 >2ms=19101 >5ms=19101 >15ms=1916 >20ms=407 >30ms=124 | probes=19108 wrfail=1 down=36s maxout=36s
 279.720  t=347s RTT mean=12881 min=11911 max=26913 n=62 to=0 | cancels=0(+0/s) seqbad=0 len_bad=0 disc=1(0x08) | tot_n=19163 tot_to=6 maxever=64413 >2ms=19163 >5ms=19163 >15ms=1923 >20ms=408 >30ms=124 | probes=19171 wrfail=1 down=36s maxout=36s
 279.720  t=348s RTT mean=13123 min=11910 max=26914 n=62 to=0 | cancels=0(+0/s) seqbad=0 len_bad=0 disc=1(0x08) | tot_n=19225 tot_to=6 maxever=64413 >2ms=19225 >5ms=19225 >15ms=1932 >20ms=409 >30ms=124 | probes=19233 wrfail=1 down=36s maxout=36s
 281.723  t=349s RTT mean=13123 min=11470 max=26913 n=62 to=0 | cancels=0(+0/s) seqbad=0 len_bad=0 disc=1(0x08) | tot_n=19287 tot_to=6 maxever=64413 >2ms=19287 >5ms=19287 >15ms=1941 >20ms=410 >30ms=124 | probes=19294 wrfail=1 down=36s maxout=36s
 281.723  t=350s RTT mean=13002 min=11469 max=19414 n=62 to=0 | cancels=0(+0/s) seqbad=0 len_bad=0 disc=1(0x08) | tot_n=19349 tot_to=6 maxever=64413 >2ms=19349 >5ms=19349 >15ms=1950 >20ms=410 >30ms=124 | probes=19357 wrfail=1 down=36s maxout=36s
 283.721  t=351s RTT mean=12499 min=11469 max=26912 n=64 to=0 | cancels=0(+0/s) seqbad=0 len_bad=0 disc=1(0x08) | tot_n=19413 tot_to=6 maxever=64413 >2ms=19413 >5ms=19413 >15ms=1954 >20ms=411 >30ms=124 | probes=19421 wrfail=1 down=36s maxout=36s
 283.721  t=352s RTT mean=12746 min=11469 max=26913 n=63 to=0 | cancels=0(+0/s) seqbad=0 len_bad=0 disc=1(0x08) | tot_n=19476 tot_to=6 maxever=64413 >2ms=19476 >5ms=19476 >15ms=1960 >20ms=412 >30ms=124 | probes=19484 wrfail=1 down=36s maxout=36s
 285.715  t=353s RTT mean=12747 min=11910 max=19430 n=63 to=0 | cancels=0(+0/s) seqbad=0 len_bad=0 disc=1(0x08) | tot_n=19539 tot_to=6 maxever=64413 >2ms=19539 >5ms=19539 >15ms=1967 >20ms=412 >30ms=124 | probes=19547 wrfail=1 down=36s maxout=36s
 285.715  t=354s RTT mean=13244 min=11468 max=26910 n=62 to=0 | cancels=0(+0/s) seqbad=0 len_bad=0 disc=1(0x08) | tot_n=19601 tot_to=6 maxever=64413 >2ms=19601 >5ms=19601 >15ms=1977 >20ms=413 >30ms=124 | probes=19608 wrfail=1 down=36s maxout=36s
 287.723  t=355s RTT mean=13567 min=11468 max=26912 n=59 to=0 | cancels=0(+0/s) seqbad=0 len_bad=0 disc=1(0x08) | tot_n=19660 tot_to=6 maxever=64413 >2ms=19660 >5ms=19660 >15ms=1988 >20ms=415 >30ms=124 | probes=19668 wrfail=1 down=36s maxout=36s
 287.723  t=356s RTT mean=13788 min=11469 max=26914 n=60 to=0 | cancels=0(+0/s) seqbad=0 len_bad=0 disc=1(0x08) | tot_n=19720 tot_to=6 maxever=64413 >2ms=19720 >5ms=19720 >15ms=2001 >20ms=417 >30ms=124 | probes=19728 wrfail=1 down=36s maxout=36s
 289.710  t=357s RTT mean=13663 min=11466 max=26914 n=60 to=0 | cancels=0(+0/s) seqbad=0 len_bad=0 disc=1(0x08) | tot_n=19780 tot_to=6 maxever=64413 >2ms=19780 >5ms=19780 >15ms=2012 >20ms=420 >30ms=124 | probes=19787 wrfail=1 down=36s maxout=36s
 289.710  t=358s RTT mean=13414 min=11468 max=26914 n=60 to=0 | cancels=0(+0/s) seqbad=0 len_bad=0 disc=1(0x08) | tot_n=19840 tot_to=6 maxever=64413 >2ms=19840 >5ms=19840 >15ms=2023 >20ms=421 >30ms=124 | probes=19848 wrfail=1 down=36s maxout=36s
 291.724  t=359s RTT mean=14112 min=11467 max=34413 n=58 to=0 | cancels=0(+0/s) seqbad=0 len_bad=0 disc=1(0x08) | tot_n=19898 tot_to=6 maxever=64413 >2ms=19898 >5ms=19898 >15ms=2036 >20ms=424 >30ms=125 | probes=19906 wrfail=1 down=36s maxout=36s
 291.724  t=360s RTT mean=13388 min=11466 max=26912 n=61 to=0 | cancels=0(+0/s) seqbad=0 len_bad=0 disc=1(0x08) | tot_n=19959 tot_to=6 maxever=64413 >2ms=19959 >5ms=19959 >15ms=2047 >20ms=425 >30ms=125 | probes=19967 wrfail=1 down=36s maxout=36s
 293.685  t=361s RTT mean=15050 min=11468 max=26915 n=55 to=0 | cancels=0(+0/s) seqbad=0 len_bad=0 disc=1(0x08) | tot_n=20014 tot_to=6 maxever=64413 >2ms=20014 >5ms=20014 >15ms=2065 >20ms=430 >30ms=125 | probes=20022 wrfail=1 down=36s maxout=36s
 293.739  t=362s RTT mean=16240 min=11911 max=34413 n=52 to=0 | cancels=0(+0/s) seqbad=0 len_bad=0 disc=1(0x08) | tot_n=20066 tot_to=6 maxever=64413 >2ms=20066 >5ms=20066 >15ms=2087 >20ms=436 >30ms=127 | probes=20074 wrfail=1 down=36s maxout=36s
 295.723  t=363s RTT mean=15050 min=11469 max=26931 n=55 to=0 | cancels=0(+0/s) seqbad=0 len_bad=0 disc=1(0x08) | tot_n=20121 tot_to=6 maxever=64413 >2ms=20121 >5ms=20121 >15ms=2102 >20ms=444 >30ms=127 | probes=20129 wrfail=1 down=36s maxout=36s
 295.723  t=364s RTT mean=16619 min=11466 max=34858 n=51 to=0 | cancels=0(+0/s) seqbad=0 len_bad=0 disc=1(0x08) | tot_n=20172 tot_to=6 maxever=64413 >2ms=20172 >5ms=20172 >15ms=2121 >20ms=455 >30ms=129 | probes=20180 wrfail=1 down=36s maxout=36s
 297.722  t=365s RTT mean=14458 min=11466 max=27360 n=56 to=0 | cancels=0(+0/s) seqbad=0 len_bad=0 disc=1(0x08) | tot_n=20228 tot_to=6 maxever=64413 >2ms=20228 >5ms=20228 >15ms=2136 >20ms=459 >30ms=129 | probes=20236 wrfail=1 down=36s maxout=36s
 297.722  t=366s RTT mean=13913 min=11466 max=26915 n=60 to=0 | cancels=0(+0/s) seqbad=0 len_bad=0 disc=1(0x08) | tot_n=20288 tot_to=6 maxever=64413 >2ms=20288 >5ms=20288 >15ms=2150 >20ms=461 >30ms=129 | probes=20295 wrfail=1 down=36s maxout=36s
 299.718  t=367s RTT mean=13003 min=11470 max=26912 n=62 to=0 | cancels=0(+0/s) seqbad=0 len_bad=0 disc=1(0x08) | tot_n=20350 tot_to=6 maxever=64413 >2ms=20350 >5ms=20350 >15ms=2158 >20ms=462 >30ms=129 | probes=20358 wrfail=1 down=36s maxout=36s
 299.718  t=368s RTT mean=13693 min=11468 max=26912 n=59 to=0 | cancels=0(+0/s) seqbad=0 len_bad=0 disc=1(0x08) | tot_n=20409 tot_to=6 maxever=64413 >2ms=20409 >5ms=20409 >15ms=2171 >20ms=463 >30ms=129 | probes=20417 wrfail=1 down=36s maxout=36s
 301.723  t=369s RTT mean=13273 min=11466 max=19860 n=61 to=0 | cancels=0(+0/s) seqbad=0 len_bad=0 disc=1(0x08) | tot_n=20470 tot_to=6 maxever=64413 >2ms=20470 >5ms=20470 >15ms=2182 >20ms=463 >30ms=129 | probes=20478 wrfail=1 down=36s maxout=36s
 301.723  t=370s RTT mean=14233 min=11910 max=26914 n=58 to=0 | cancels=0(+0/s) seqbad=0 len_bad=0 disc=1(0x08) | tot_n=20528 tot_to=6 maxever=64413 >2ms=20528 >5ms=20528 >15ms=2198 >20ms=465 >30ms=129 | probes=20536 wrfail=1 down=36s maxout=36s
 303.704  t=371s RTT mean=13244 min=11910 max=26914 n=62 to=0 | cancels=0(+0/s) seqbad=0 len_bad=0 disc=1(0x08) | tot_n=20590 tot_to=6 maxever=64413 >2ms=20590 >5ms=20590 >15ms=2207 >20ms=467 >30ms=129 | probes=20597 wrfail=1 down=36s maxout=36s
 303.760  t=372s RTT mean=13693 min=11468 max=34413 n=59 to=0 | cancels=0(+0/s) seqbad=0 len_bad=0 disc=1(0x08) | tot_n=20649 tot_to=6 maxever=64413 >2ms=20649 >5ms=20649 >15ms=2217 >20ms=470 >30ms=130 | probes=20657 wrfail=1 down=36s maxout=36s
 305.727  t=373s RTT mean=13663 min=11911 max=19414 n=60 to=0 | cancels=0(+0/s) seqbad=0 len_bad=0 disc=1(0x08) | tot_n=20709 tot_to=6 maxever=64413 >2ms=20709 >5ms=20709 >15ms=2231 >20ms=470 >30ms=130 | probes=20717 wrfail=1 down=36s maxout=36s
 305.727  t=374s RTT mean=13388 min=11466 max=26915 n=61 to=0 | cancels=0(+0/s) seqbad=0 len_bad=0 disc=1(0x08) | tot_n=20770 tot_to=6 maxever=64413 >2ms=20770 >5ms=20770 >15ms=2241 >20ms=472 >30ms=130 | probes=20777 wrfail=1 down=36s maxout=36s
 307.692  t=375s RTT mean=13694 min=11468 max=26914 n=59 to=0 | cancels=0(+0/s) seqbad=0 len_bad=0 disc=1(0x08) | tot_n=20829 tot_to=6 maxever=64413 >2ms=20829 >5ms=20829 >15ms=2254 >20ms=473 >30ms=130 | probes=20837 wrfail=1 down=36s maxout=36s
 307.746  t=376s RTT mean=14413 min=11470 max=41912 n=57 to=0 | cancels=0(+0/s) seqbad=0 len_bad=0 disc=1(0x08) | tot_n=20886 tot_to=6 maxever=64413 >2ms=20886 >5ms=20886 >15ms=2268 >20ms=476 >30ms=131 | probes=20894 wrfail=1 down=36s maxout=36s
 309.687  t=377s RTT mean=13539 min=11911 max=34413 n=60 to=0 | cancels=0(+0/s) seqbad=0 len_bad=0 disc=1(0x08) | tot_n=20946 tot_to=6 maxever=64413 >2ms=20946 >5ms=20946 >15ms=2278 >20ms=478 >30ms=132 | probes=20954 wrfail=1 down=36s maxout=36s
 309.742  t=378s RTT mean=12865 min=11469 max=19422 n=63 to=0 | cancels=0(+0/s) seqbad=0 len_bad=0 disc=1(0x08) | tot_n=21009 tot_to=6 maxever=64413 >2ms=21009 >5ms=21009 >15ms=2286 >20ms=478 >30ms=132 | probes=21017 wrfail=1 down=36s maxout=36s
 311.732  t=379s RTT mean=13947 min=11465 max=34428 n=59 to=0 | cancels=0(+0/s) seqbad=0 len_bad=0 disc=1(0x08) | tot_n=21068 tot_to=6 maxever=64413 >2ms=21068 >5ms=21068 >15ms=2298 >20ms=481 >30ms=133 | probes=21076 wrfail=1 down=36s maxout=36s
 311.732  t=380s RTT mean=13123 min=11469 max=19414 n=62 to=0 | cancels=0(+0/s) seqbad=0 len_bad=0 disc=1(0x08) | tot_n=21130 tot_to=6 maxever=64413 >2ms=21130 >5ms=21130 >15ms=2308 >20ms=481 >30ms=133 | probes=21137 wrfail=1 down=36s maxout=36s
 313.729  t=381s RTT mean=13143 min=11468 max=26914 n=61 to=0 | cancels=0(+0/s) seqbad=0 len_bad=0 disc=1(0x08) | tot_n=21191 tot_to=6 maxever=64413 >2ms=21191 >5ms=21191 >15ms=2316 >20ms=483 >30ms=133 | probes=21199 wrfail=1 down=36s maxout=36s
 313.729  t=382s RTT mean=13820 min=11466 max=27360 n=59 to=0 | cancels=0(+0/s) seqbad=0 len_bad=0 disc=1(0x08) | tot_n=21250 tot_to=6 maxever=64413 >2ms=21250 >5ms=21250 >15ms=2328 >20ms=486 >30ms=133 | probes=21258 wrfail=1 down=36s maxout=36s
 315.687  t=383s RTT mean=13664 min=11463 max=34429 n=60 to=0 | cancels=0(+0/s) seqbad=0 len_bad=0 disc=1(0x08) | tot_n=21310 tot_to=6 maxever=64413 >2ms=21310 >5ms=21310 >15ms=2340 >20ms=487 >30ms=134 | probes=21318 wrfail=1 down=36s maxout=36s
 315.743  t=384s RTT mean=12866 min=11469 max=19415 n=63 to=0 | cancels=0(+0/s) seqbad=0 len_bad=0 disc=1(0x08) | tot_n=21373 tot_to=6 maxever=64413 >2ms=21373 >5ms=21373 >15ms=2348 >20ms=487 >30ms=134 | probes=21381 wrfail=1 down=36s maxout=36s
 317.690  t=385s RTT mean=12617 min=11468 max=19860 n=64 to=0 | cancels=0(+0/s) seqbad=0 len_bad=0 disc=1(0x08) | tot_n=21437 tot_to=6 maxever=64413 >2ms=21437 >5ms=21437 >15ms=2354 >20ms=487 >30ms=134 | probes=21444 wrfail=1 down=36s maxout=36s
 317.745  t=386s RTT mean=13413 min=11466 max=26914 n=60 to=0 | cancels=0(+0/s) seqbad=0 len_bad=0 disc=1(0x08) | tot_n=21497 tot_to=6 maxever=64413 >2ms=21497 >5ms=21497 >15ms=2364 >20ms=489 >30ms=134 | probes=21505 wrfail=1 down=36s maxout=36s
 319.698  t=387s RTT mean=13266 min=11466 max=26922 n=61 to=0 | cancels=0(+0/s) seqbad=0 len_bad=0 disc=1(0x08) | tot_n=21558 tot_to=6 maxever=64413 >2ms=21558 >5ms=21558 >15ms=2373 >20ms=491 >30ms=134 | probes=21566 wrfail=1 down=36s maxout=36s
 319.749  t=388s RTT mean=13244 min=11910 max=26913 n=62 to=0 | cancels=0(+0/s) seqbad=0 len_bad=0 disc=1(0x08) | tot_n=21620 tot_to=6 maxever=64413 >2ms=21620 >5ms=21620 >15ms=2383 >20ms=492 >30ms=134 | probes=21627 wrfail=1 down=36s maxout=36s
 321.698  t=389s RTT mean=12628 min=11468 max=19414 n=63 to=0 | cancels=0(+0/s) seqbad=0 len_bad=0 disc=1(0x08) | tot_n=21683 tot_to=6 maxever=64413 >2ms=21683 >5ms=21683 >15ms=2389 >20ms=492 >30ms=134 | probes=21691 wrfail=1 down=36s maxout=36s
 321.753  t=390s RTT mean=13538 min=11466 max=26911 n=60 to=0 | cancels=0(+0/s) seqbad=0 len_bad=0 disc=1(0x08) | tot_n=21743 tot_to=6 maxever=64413 >2ms=21743 >5ms=21743 >15ms=2401 >20ms=493 >30ms=134 | probes=21751 wrfail=1 down=36s maxout=36s
 323.696  t=391s RTT mean=12491 min=11910 max=19414 n=65 to=0 | cancels=0(+0/s) seqbad=0 len_bad=0 disc=1(0x08) | tot_n=21808 tot_to=6 maxever=64413 >2ms=21808 >5ms=21808 >15ms=2406 >20ms=493 >30ms=134 | probes=21815 wrfail=1 down=36s maxout=36s
 323.751  t=392s RTT mean=12382 min=11468 max=19413 n=64 to=0 | cancels=0(+0/s) seqbad=0 len_bad=0 disc=1(0x08) | tot_n=21872 tot_to=6 maxever=64413 >2ms=21872 >5ms=21872 >15ms=2410 >20ms=493 >30ms=134 | probes=21880 wrfail=1 down=36s maxout=36s
 325.739  t=393s RTT mean=12499 min=11910 max=19422 n=64 to=0 | cancels=0(+0/s) seqbad=0 len_bad=0 disc=1(0x08) | tot_n=21936 tot_to=6 maxever=64413 >2ms=21936 >5ms=21936 >15ms=2415 >20ms=493 >30ms=134 | probes=21944 wrfail=1 down=36s maxout=36s
 325.739  t=394s RTT mean=13947 min=11910 max=26913 n=59 to=0 | cancels=0(+0/s) seqbad=0 len_bad=0 disc=1(0x08) | tot_n=21995 tot_to=6 maxever=64413 >2ms=21995 >5ms=21995 >15ms=2429 >20ms=495 >30ms=134 | probes=22003 wrfail=1 down=36s maxout=36s
 327.704  t=395s RTT mean=14112 min=11910 max=26913 n=58 to=0 | cancels=0(+0/s) seqbad=0 len_bad=0 disc=1(0x08) | tot_n=22053 tot_to=6 maxever=64413 >2ms=22053 >5ms=22053 >15ms=2443 >20ms=498 >30ms=134 | probes=22061 wrfail=1 down=36s maxout=36s
 327.758  t=396s RTT mean=13947 min=11469 max=26914 n=59 to=0 | cancels=0(+0/s) seqbad=0 len_bad=0 disc=1(0x08) | tot_n=22112 tot_to=6 maxever=64413 >2ms=22112 >5ms=22112 >15ms=2457 >20ms=500 >30ms=134 | probes=22120 wrfail=1 down=36s maxout=36s
 329.720  t=397s RTT mean=13539 min=11469 max=34413 n=60 to=0 | cancels=0(+0/s) seqbad=0 len_bad=0 disc=1(0x08) | tot_n=22172 tot_to=6 maxever=64413 >2ms=22172 >5ms=22172 >15ms=2468 >20ms=501 >30ms=135 | probes=22180 wrfail=1 down=36s maxout=36s
 329.720  t=398s RTT mean=13538 min=11466 max=26913 n=60 to=0 | cancels=0(+0/s) seqbad=0 len_bad=0 disc=1(0x08) | tot_n=22232 tot_to=6 maxever=64413 >2ms=22232 >5ms=22232 >15ms=2480 >20ms=502 >30ms=135 | probes=22240 wrfail=1 down=36s maxout=36s
 331.727  t=399s RTT mean=13820 min=11470 max=26914 n=59 to=0 | cancels=0(+0/s) seqbad=0 len_bad=0 disc=1(0x08) | tot_n=22291 tot_to=6 maxever=64413 >2ms=22291 >5ms=22291 >15ms=2493 >20ms=504 >30ms=135 | probes=22299 wrfail=1 down=36s maxout=36s
 331.727  t=400s RTT mean=13389 min=11468 max=26914 n=61 to=0 | cancels=0(+0/s) seqbad=0 len_bad=0 disc=1(0x08) | tot_n=22352 tot_to=6 maxever=64413 >2ms=22352 >5ms=22352 >15ms=2503 >20ms=506 >30ms=135 | probes=22360 wrfail=1 down=36s maxout=36s
 333.743  t=401s RTT mean=13389 min=11466 max=26914 n=61 to=0 | cancels=0(+0/s) seqbad=0 len_bad=0 disc=1(0x08) | tot_n=22413 tot_to=6 maxever=64413 >2ms=22413 >5ms=22413 >15ms=2513 >20ms=508 >30ms=135 | probes=22421 wrfail=1 down=36s maxout=36s
 333.743  t=402s RTT mean=13002 min=11911 max=26914 n=62 to=0 | cancels=0(+0/s) seqbad=0 len_bad=0 disc=1(0x08) | tot_n=22475 tot_to=6 maxever=64413 >2ms=22475 >5ms=22475 >15ms=2520 >20ms=510 >30ms=135 | probes=22483 wrfail=1 down=36s maxout=36s
 335.728  t=403s RTT mean=13389 min=11467 max=27361 n=61 to=0 | cancels=0(+0/s) seqbad=0 len_bad=0 disc=1(0x08) | tot_n=22536 tot_to=6 maxever=64413 >2ms=22536 >5ms=22536 >15ms=2531 >20ms=511 >30ms=135 | probes=22543 wrfail=1 down=36s maxout=36s
 335.728  t=404s RTT mean=12506 min=11469 max=19414 n=63 to=0 | cancels=0(+0/s) seqbad=0 len_bad=0 disc=1(0x08) | tot_n=22599 tot_to=6 maxever=64413 >2ms=22599 >5ms=22599 >15ms=2536 >20ms=511 >30ms=135 | probes=22607 wrfail=1 down=36s maxout=36s
 337.719  t=405s RTT mean=14241 min=11910 max=26913 n=58 to=0 | cancels=0(+0/s) seqbad=0 len_bad=0 disc=1(0x08) | tot_n=22657 tot_to=6 maxever=64413 >2ms=22657 >5ms=22657 >15ms=2552 >20ms=513 >30ms=135 | probes=22665 wrfail=1 down=36s maxout=36s
 337.719  t=406s RTT mean=13663 min=11911 max=26913 n=60 to=0 | cancels=0(+0/s) seqbad=0 len_bad=0 disc=1(0x08) | tot_n=22717 tot_to=6 maxever=64413 >2ms=22717 >5ms=22717 >15ms=2564 >20ms=515 >30ms=135 | probes=22725 wrfail=1 down=36s maxout=36s
 339.708  t=407s RTT mean=14545 min=11467 max=26914 n=57 to=0 | cancels=0(+0/s) seqbad=0 len_bad=0 disc=1(0x08) | tot_n=22774 tot_to=6 maxever=64413 >2ms=22774 >5ms=22774 >15ms=2582 >20ms=517 >30ms=135 | probes=22782 wrfail=1 down=36s maxout=36s
 339.763  t=408s RTT mean=13947 min=11469 max=26913 n=59 to=0 | cancels=0(+0/s) seqbad=0 len_bad=0 disc=1(0x08) | tot_n=22833 tot_to=6 maxever=64413 >2ms=22833 >5ms=22833 >15ms=2596 >20ms=519 >30ms=135 | probes=22840 wrfail=1 down=36s maxout=36s
 341.720  t=409s RTT mean=13820 min=11470 max=26468 n=59 to=0 | cancels=0(+0/s) seqbad=0 len_bad=0 disc=1(0x08) | tot_n=22892 tot_to=6 maxever=64413 >2ms=22892 >5ms=22892 >15ms=2610 >20ms=520 >30ms=135 | probes=22900 wrfail=1 down=36s maxout=36s
 341.720  t=410s RTT mean=14150 min=11910 max=26913 n=57 to=0 | cancels=0(+0/s) seqbad=0 len_bad=0 disc=1(0x08) | tot_n=22949 tot_to=6 maxever=64413 >2ms=22949 >5ms=22949 >15ms=2626 >20ms=521 >30ms=135 | probes=22957 wrfail=1 down=36s maxout=36s
 343.712  t=411s RTT mean=18007 min=11468 max=71914 n=48 to=0 | cancels=0(+0/s) seqbad=0 len_bad=0 disc=1(0x08) | tot_n=22997 tot_to=6 maxever=71914 >2ms=22997 >5ms=22997 >15ms=2645 >20ms=529 >30ms=140 | probes=23005 wrfail=1 down=36s maxout=36s
 343.712  t=412s RTT mean=23175 min=11913 max=86913 n=38 to=0 | cancels=0(+0/s) seqbad=0 len_bad=0 disc=1(0x08) | tot_n=23035 tot_to=6 maxever=86913 >2ms=23035 >5ms=23035 >15ms=2672 >20ms=543 >30ms=147 | probes=23043 wrfail=1 down=36s maxout=36s
 345.717  t=413s RTT mean=13259 min=11469 max=26912 n=61 to=0 | cancels=0(+0/s) seqbad=0 len_bad=0 disc=1(0x08) | tot_n=23096 tot_to=6 maxever=86913 >2ms=23096 >5ms=23096 >15ms=2682 >20ms=544 >30ms=147 | probes=23104 wrfail=1 down=36s maxout=36s
 345.717  t=414s RTT mean=13123 min=11468 max=26915 n=62 to=0 | cancels=0(+0/s) seqbad=0 len_bad=0 disc=1(0x08) | tot_n=23158 tot_to=6 maxever=86913 >2ms=23158 >5ms=23158 >15ms=2691 >20ms=545 >30ms=147 | probes=23166 wrfail=1 down=36s maxout=36s
 347.716  t=415s RTT mean=12747 min=11469 max=41912 n=63 to=0 | cancels=0(+0/s) seqbad=0 len_bad=0 disc=1(0x08) | tot_n=23221 tot_to=6 maxever=86913 >2ms=23221 >5ms=23221 >15ms=2695 >20ms=546 >30ms=148 | probes=23229 wrfail=1 down=36s maxout=36s
 347.716  t=416s RTT mean=13538 min=11465 max=26914 n=60 to=0 | cancels=0(+0/s) seqbad=0 len_bad=0 disc=1(0x08) | tot_n=23281 tot_to=6 maxever=86913 >2ms=23281 >5ms=23281 >15ms=2705 >20ms=549 >30ms=148 | probes=23289 wrfail=1 down=36s maxout=36s
 349.706  t=417s RTT mean=13512 min=11464 max=56914 n=61 to=0 | cancels=0(+0/s) seqbad=0 len_bad=0 disc=1(0x08) | tot_n=23342 tot_to=6 maxever=86913 >2ms=23342 >5ms=23342 >15ms=2713 >20ms=550 >30ms=149 | probes=23349 wrfail=1 down=36s maxout=36s
 349.761  t=418s RTT mean=13853 min=11467 max=41912 n=58 to=0 | cancels=0(+0/s) seqbad=0 len_bad=0 disc=1(0x08) | tot_n=23400 tot_to=6 maxever=86913 >2ms=23400 >5ms=23400 >15ms=2723 >20ms=553 >30ms=150 | probes=23408 wrfail=1 down=36s maxout=36s
 351.710  t=419s RTT mean=14500 min=11911 max=34414 n=58 to=0 | cancels=0(+0/s) seqbad=0 len_bad=0 disc=1(0x08) | tot_n=23458 tot_to=6 maxever=86913 >2ms=23458 >5ms=23458 >15ms=2737 >20ms=558 >30ms=151 | probes=23465 wrfail=1 down=36s maxout=36s
 351.764  t=420s RTT mean=13413 min=11468 max=26468 n=60 to=0 | cancels=0(+0/s) seqbad=0 len_bad=0 disc=1(0x08) | tot_n=23518 tot_to=6 maxever=86913 >2ms=23518 >5ms=23518 >15ms=2748 >20ms=559 >30ms=151 | probes=23526 wrfail=1 down=36s maxout=36s
 353.699  t=421s RTT mean=14112 min=11470 max=34413 n=58 to=0 | cancels=0(+0/s) seqbad=0 len_bad=0 disc=1(0x08) | tot_n=23576 tot_to=6 maxever=86913 >2ms=23576 >5ms=23576 >15ms=2762 >20ms=561 >30ms=152 | probes=23584 wrfail=1 down=36s maxout=36s
 353.754  t=422s RTT mean=14241 min=11470 max=26914 n=58 to=0 | cancels=0(+0/s) seqbad=0 len_bad=0 disc=1(0x08) | tot_n=23634 tot_to=6 maxever=86913 >2ms=23634 >5ms=23634 >15ms=2777 >20ms=564 >30ms=152 | probes=23642 wrfail=1 down=36s maxout=36s
 355.702  t=423s RTT mean=13002 min=11468 max=26913 n=62 to=0 | cancels=0(+0/s) seqbad=0 len_bad=0 disc=1(0x08) | tot_n=23696 tot_to=6 maxever=86913 >2ms=23696 >5ms=23696 >15ms=2785 >20ms=565 >30ms=152 | probes=23704 wrfail=1 down=36s maxout=36s
 355.757  t=424s RTT mean=13002 min=11466 max=19415 n=62 to=0 | cancels=0(+0/s) seqbad=0 len_bad=0 disc=1(0x08) | tot_n=23758 tot_to=6 maxever=86913 >2ms=23758 >5ms=23758 >15ms=2794 >20ms=565 >30ms=152 | probes=23766 wrfail=1 down=36s maxout=36s
 357.696  t=425s RTT mean=13389 min=11909 max=26913 n=61 to=0 | cancels=0(+0/s) seqbad=0 len_bad=0 disc=1(0x08) | tot_n=23819 tot_to=6 maxever=86913 >2ms=23819 >5ms=23819 >15ms=2804 >20ms=567 >30ms=152 | probes=23827 wrfail=1 down=36s maxout=36s
 357.752  t=426s RTT mean=14413 min=11468 max=26913 n=57 to=0 | cancels=0(+0/s) seqbad=0 len_bad=0 disc=1(0x08) | tot_n=23876 tot_to=6 maxever=86913 >2ms=23876 >5ms=23876 >15ms=2822 >20ms=568 >30ms=152 | probes=23884 wrfail=1 down=36s maxout=36s
 359.703  t=427s RTT mean=13002 min=11468 max=34413 n=62 to=0 | cancels=0(+0/s) seqbad=0 len_bad=0 disc=1(0x08) | tot_n=23938 tot_to=6 maxever=86913 >2ms=23938 >5ms=23938 >15ms=2828 >20ms=570 >30ms=153 | probes=23946 wrfail=1 down=36s maxout=36s
 359.754  t=428s RTT mean=12254 min=11471 max=19414 n=66 to=0 | cancels=0(+0/s) seqbad=0 len_bad=0 disc=1(0x08) | tot_n=24004 tot_to=6 maxever=86913 >2ms=24004 >5ms=24004 >15ms=2831 >20ms=570 >30ms=153 | probes=24011 wrfail=1 down=36s maxout=36s
 361.748  t=429s RTT mean=12382 min=11469 max=19414 n=64 to=0 | cancels=0(+0/s) seqbad=0 len_bad=0 disc=1(0x08) | tot_n=24068 tot_to=6 maxever=86913 >2ms=24068 >5ms=24068 >15ms=2835 >20ms=570 >30ms=153 | probes=24076 wrfail=1 down=36s maxout=36s
 361.748  t=430s RTT mean=12865 min=11466 max=19414 n=63 to=0 | cancels=0(+0/s) seqbad=0 len_bad=0 disc=1(0x08) | tot_n=24131 tot_to=6 maxever=86913 >2ms=24131 >5ms=24131 >15ms=2843 >20ms=570 >30ms=153 | probes=24139 wrfail=1 down=36s maxout=36s
 363.743  t=431s RTT mean=14241 min=11470 max=26914 n=58 to=0 | cancels=0(+0/s) seqbad=0 len_bad=0 disc=1(0x08) | tot_n=24189 tot_to=6 maxever=86913 >2ms=24189 >5ms=24189 >15ms=2859 >20ms=572 >30ms=153 | probes=24196 wrfail=1 down=36s maxout=36s
 363.743  t=432s RTT mean=13413 min=11468 max=26912 n=60 to=0 | cancels=0(+0/s) seqbad=0 len_bad=0 disc=1(0x08) | tot_n=24249 tot_to=6 maxever=86913 >2ms=24249 >5ms=24249 >15ms=2870 >20ms=573 >30ms=153 | probes=24257 wrfail=1 down=36s maxout=36s
 365.738  t=433s RTT mean=12866 min=11910 max=34412 n=63 to=0 | cancels=0(+0/s) seqbad=0 len_bad=0 disc=1(0x08) | tot_n=24312 tot_to=6 maxever=86913 >2ms=24312 >5ms=24312 >15ms=2876 >20ms=574 >30ms=154 | probes=24320 wrfail=1 down=36s maxout=36s
 365.738  t=434s RTT mean=13123 min=11911 max=34412 n=62 to=0 | cancels=0(+0/s) seqbad=0 len_bad=0 disc=1(0x08) | tot_n=24374 tot_to=6 maxever=86913 >2ms=24374 >5ms=24374 >15ms=2883 >20ms=576 >30ms=155 | probes=24381 wrfail=1 down=36s maxout=36s
 367.740  t=435s RTT mean=13982 min=11910 max=26913 n=58 to=0 | cancels=0(+0/s) seqbad=0 len_bad=0 disc=1(0x08) | tot_n=24432 tot_to=6 maxever=86913 >2ms=24432 >5ms=24432 >15ms=2896 >20ms=579 >30ms=155 | probes=24440 wrfail=1 down=36s maxout=36s
 367.740  t=436s RTT mean=15322 min=11468 max=49859 n=55 to=0 | cancels=0(+0/s) seqbad=0 len_bad=0 disc=1(0x08) | tot_n=24487 tot_to=6 maxever=86913 >2ms=24487 >5ms=24487 >15ms=2913 >20ms=583 >30ms=157 | probes=24494 wrfail=1 down=36s maxout=36s
 369.719  t=437s RTT mean=13820 min=11910 max=19858 n=59 to=0 | cancels=0(+0/s) seqbad=0 len_bad=0 disc=1(0x08) | tot_n=24546 tot_to=6 maxever=86913 >2ms=24546 >5ms=24546 >15ms=2928 >20ms=583 >30ms=157 | probes=24554 wrfail=1 down=36s maxout=36s
 369.720  t=438s RTT mean=13982 min=11910 max=26913 n=58 to=0 | cancels=0(+0/s) seqbad=0 len_bad=0 disc=1(0x08) | tot_n=24604 tot_to=6 maxever=86913 >2ms=24604 >5ms=24604 >15ms=2942 >20ms=585 >30ms=157 | probes=24612 wrfail=1 down=36s maxout=36s
 371.722  t=439s RTT mean=14089 min=11467 max=27360 n=59 to=0 | cancels=0(+0/s) seqbad=0 len_bad=0 disc=1(0x08) | tot_n=24663 tot_to=6 maxever=86913 >2ms=24663 >5ms=24663 >15ms=2955 >20ms=590 >30ms=157 | probes=24670 wrfail=1 down=36s maxout=36s
 371.722  t=440s RTT mean=16696 min=11075 max=56913 n=50 to=0 | cancels=0(+0/s) seqbad=0 len_bad=0 disc=1(0x08) | tot_n=24713 tot_to=6 maxever=86913 >2ms=24713 >5ms=24713 >15ms=2972 >20ms=597 >30ms=161 | probes=24721 wrfail=1 down=36s maxout=36s
 373.717  t=441s RTT mean=19414 min=11469 max=56912 n=44 to=0 | cancels=0(+0/s) seqbad=0 len_bad=0 disc=1(0x08) | tot_n=24757 tot_to=6 maxever=86913 >2ms=24757 >5ms=24757 >15ms=2995 >20ms=607 >30ms=166 | probes=24765 wrfail=1 down=36s maxout=36s
 373.717  t=442s RTT mean=14370 min=11021 max=34412 n=58 to=0 | cancels=0(+0/s) seqbad=0 len_bad=0 disc=1(0x08) | tot_n=24815 tot_to=6 maxever=86913 >2ms=24815 >5ms=24815 >15ms=3011 >20ms=610 >30ms=167 | probes=24823 wrfail=1 down=36s maxout=36s
 375.709  t=443s RTT mean=12747 min=11469 max=26912 n=63 to=0 | cancels=0(+0/s) seqbad=0 len_bad=0 disc=1(0x08) | tot_n=24878 tot_to=6 maxever=86913 >2ms=24878 >5ms=24878 >15ms=3017 >20ms=611 >30ms=167 | probes=24886 wrfail=1 down=36s maxout=36s
 375.763  t=444s RTT mean=13002 min=11468 max=19860 n=62 to=0 | cancels=0(+0/s) seqbad=0 len_bad=0 disc=1(0x08) | tot_n=24940 tot_to=6 maxever=86913 >2ms=24940 >5ms=24940 >15ms=3026 >20ms=611 >30ms=167 | probes=24948 wrfail=1 down=36s maxout=36s
 377.709  t=445s RTT mean=12617 min=11910 max=26913 n=64 to=0 | cancels=0(+0/s) seqbad=0 len_bad=0 disc=1(0x08) | tot_n=25004 tot_to=6 maxever=86913 >2ms=25004 >5ms=25004 >15ms=3031 >20ms=612 >30ms=167 | probes=25012 wrfail=1 down=36s maxout=36s
 377.764  t=446s RTT mean=13002 min=11466 max=27361 n=62 to=0 | cancels=0(+0/s) seqbad=0 len_bad=0 disc=1(0x08) | tot_n=25066 tot_to=6 maxever=86913 >2ms=25066 >5ms=25066 >15ms=3039 >20ms=613 >30ms=167 | probes=25074 wrfail=1 down=36s maxout=36s
 379.710  t=447s RTT mean=12747 min=11910 max=19415 n=63 to=0 | cancels=0(+0/s) seqbad=0 len_bad=0 disc=1(0x08) | tot_n=25129 tot_to=6 maxever=86913 >2ms=25129 >5ms=25129 >15ms=3046 >20ms=613 >30ms=167 | probes=25137 wrfail=1 down=36s maxout=36s
 379.763  t=448s RTT mean=12733 min=11469 max=26820 n=64 to=0 | cancels=0(+0/s) seqbad=0 len_bad=0 disc=1(0x08) | tot_n=25193 tot_to=6 maxever=86913 >2ms=25193 >5ms=25193 >15ms=3052 >20ms=614 >30ms=167 | probes=25200 wrfail=1 down=36s maxout=36s
 381.750  t=449s RTT mean=12747 min=11911 max=19429 n=63 to=0 | cancels=0(+0/s) seqbad=0 len_bad=0 disc=1(0x08) | tot_n=25256 tot_to=6 maxever=86913 >2ms=25256 >5ms=25256 >15ms=3059 >20ms=614 >30ms=167 | probes=25264 wrfail=1 down=36s maxout=36s
 381.750  t=450s RTT mean=12865 min=11467 max=42361 n=63 to=0 | cancels=0(+0/s) seqbad=0 len_bad=0 disc=1(0x08) | tot_n=25319 tot_to=6 maxever=86913 >2ms=25319 >5ms=25319 >15ms=3064 >20ms=615 >30ms=168 | probes=25326 wrfail=1 down=36s maxout=36s
 383.749  t=451s RTT mean=13143 min=11469 max=19858 n=61 to=0 | cancels=0(+0/s) seqbad=0 len_bad=0 disc=1(0x08) | tot_n=25380 tot_to=6 maxever=86913 >2ms=25380 >5ms=25380 >15ms=3074 >20ms=615 >30ms=168 | probes=25388 wrfail=1 down=36s maxout=36s
 383.749  t=452s RTT mean=12865 min=11910 max=19414 n=63 to=0 | cancels=0(+0/s) seqbad=0 len_bad=0 disc=1(0x08) | tot_n=25443 tot_to=6 maxever=86913 >2ms=25443 >5ms=25443 >15ms=3082 >20ms=615 >30ms=168 | probes=25451 wrfail=1 down=36s maxout=36s
 385.745  t=453s RTT mean=12499 min=11910 max=19414 n=64 to=0 | cancels=0(+0/s) seqbad=0 len_bad=0 disc=1(0x08) | tot_n=25507 tot_to=6 maxever=86913 >2ms=25507 >5ms=25507 >15ms=3087 >20ms=615 >30ms=168 | probes=25515 wrfail=1 down=36s maxout=36s
 385.745  t=454s RTT mean=12499 min=11469 max=19414 n=64 to=0 | cancels=0(+0/s) seqbad=0 len_bad=0 disc=1(0x08) | tot_n=25571 tot_to=6 maxever=86913 >2ms=25571 >5ms=25571 >15ms=3092 >20ms=615 >30ms=168 | probes=25579 wrfail=1 down=36s maxout=36s
 387.733  t=455s RTT mean=12866 min=11468 max=26913 n=63 to=0 | cancels=0(+0/s) seqbad=0 len_bad=0 disc=1(0x08) | tot_n=25634 tot_to=6 maxever=86913 >2ms=25634 >5ms=25634 >15ms=3098 >20ms=617 >30ms=168 | probes=25642 wrfail=1 down=36s maxout=36s
 387.734  t=456s RTT mean=13002 min=11466 max=19857 n=62 to=0 | cancels=0(+0/s) seqbad=0 len_bad=0 disc=1(0x08) | tot_n=25696 tot_to=6 maxever=86913 >2ms=25696 >5ms=25696 >15ms=3107 >20ms=617 >30ms=168 | probes=25704 wrfail=1 down=36s maxout=36s
 389.744  t=457s RTT mean=12499 min=11910 max=19415 n=64 to=0 | cancels=0(+0/s) seqbad=0 len_bad=0 disc=1(0x08) | tot_n=25760 tot_to=6 maxever=86913 >2ms=25760 >5ms=25760 >15ms=3112 >20ms=617 >30ms=168 | probes=25768 wrfail=1 down=36s maxout=36s
 389.744  t=458s RTT mean=13123 min=11911 max=41912 n=62 to=0 | cancels=0(+0/s) seqbad=0 len_bad=0 disc=1(0x08) | tot_n=25822 tot_to=6 maxever=86913 >2ms=25822 >5ms=25822 >15ms=3119 >20ms=618 >30ms=169 | probes=25830 wrfail=1 down=36s maxout=36s
 391.701  t=459s RTT mean=12747 min=11910 max=19415 n=63 to=0 | cancels=0(+0/s) seqbad=0 len_bad=0 disc=1(0x08) | tot_n=25885 tot_to=6 maxever=86913 >2ms=25885 >5ms=25885 >15ms=3126 >20ms=618 >30ms=169 | probes=25893 wrfail=1 down=36s maxout=36s
 391.752  t=460s RTT mean=12866 min=11910 max=26913 n=63 to=0 | cancels=0(+0/s) seqbad=0 len_bad=0 disc=1(0x08) | tot_n=25948 tot_to=6 maxever=86913 >2ms=25948 >5ms=25948 >15ms=3133 >20ms=619 >30ms=169 | probes=25956 wrfail=1 down=36s maxout=36s
 393.706  t=461s RTT mean=12628 min=11910 max=26915 n=63 to=0 | cancels=0(+0/s) seqbad=0 len_bad=0 disc=1(0x08) | tot_n=26011 tot_to=6 maxever=86913 >2ms=26011 >5ms=26011 >15ms=3137 >20ms=621 >30ms=169 | probes=26019 wrfail=1 down=36s maxout=36s
 393.761  t=462s RTT mean=12616 min=11910 max=19414 n=64 to=0 | cancels=0(+0/s) seqbad=0 len_bad=0 disc=1(0x08) | tot_n=26075 tot_to=6 maxever=86913 >2ms=26075 >5ms=26075 >15ms=3143 >20ms=621 >30ms=169 | probes=26083 wrfail=1 down=36s maxout=36s
 395.700  t=463s RTT mean=12881 min=11467 max=19423 n=62 to=0 | cancels=0(+0/s) seqbad=0 len_bad=0 disc=1(0x08) | tot_n=26137 tot_to=6 maxever=86913 >2ms=26137 >5ms=26137 >15ms=3151 >20ms=621 >30ms=169 | probes=26145 wrfail=1 down=36s maxout=36s
 395.755  t=464s RTT mean=12984 min=11469 max=26922 n=63 to=0 | cancels=0(+0/s) seqbad=0 len_bad=0 disc=1(0x08) | tot_n=26200 tot_to=6 maxever=86913 >2ms=26200 >5ms=26200 >15ms=3159 >20ms=622 >30ms=169 | probes=26208 wrfail=1 down=36s maxout=36s
 397.736  t=465s RTT mean=12617 min=11910 max=26913 n=64 to=0 | cancels=0(+0/s) seqbad=0 len_bad=0 disc=1(0x08) | tot_n=26264 tot_to=6 maxever=86913 >2ms=26264 >5ms=26264 >15ms=3164 >20ms=623 >30ms=169 | probes=26271 wrfail=1 down=36s maxout=36s
 397.736  t=466s RTT mean=13143 min=11468 max=26913 n=61 to=0 | cancels=0(+0/s) seqbad=0 len_bad=0 disc=1(0x08) | tot_n=26325 tot_to=6 maxever=86913 >2ms=26325 >5ms=26325 >15ms=3173 >20ms=624 >30ms=169 | probes=26333 wrfail=1 down=36s maxout=36s
 399.733  t=467s RTT mean=15186 min=11468 max=49414 n=55 to=0 | cancels=0(+0/s) seqbad=0 len_bad=0 disc=1(0x08) | tot_n=26380 tot_to=6 maxever=86913 >2ms=26380 >5ms=26380 >15ms=3189 >20ms=627 >30ms=171 | probes=26388 wrfail=1 down=36s maxout=36s
 399.733  t=468s RTT mean=20842 min=11913 max=42361 n=42 to=0 | cancels=0(+0/s) seqbad=0 len_bad=0 disc=1(0x08) | tot_n=26422 tot_to=6 maxever=86913 >2ms=26422 >5ms=26422 >15ms=3220 >20ms=642 >30ms=174 | probes=26429 wrfail=1 down=36s maxout=36s
 401.735  t=469s RTT mean=22296 min=11468 max=86913 n=39 to=0 | cancels=0(+0/s) seqbad=0 len_bad=0 disc=1(0x08) | tot_n=26461 tot_to=6 maxever=86913 >2ms=26461 >5ms=26461 >15ms=3243 >20ms=656 >30ms=177 | probes=26469 wrfail=1 down=36s maxout=36s
 401.735  t=470s RTT mean=13123 min=11468 max=26913 n=62 to=0 | cancels=0(+0/s) seqbad=0 len_bad=0 disc=1(0x08) | tot_n=26523 tot_to=6 maxever=86913 >2ms=26523 >5ms=26523 >15ms=3252 >20ms=657 >30ms=177 | probes=26531 wrfail=1 down=36s maxout=36s
 403.734  t=471s RTT mean=12866 min=11910 max=19414 n=63 to=0 | cancels=0(+0/s) seqbad=0 len_bad=0 disc=1(0x08) | tot_n=26586 tot_to=6 maxever=86913 >2ms=26586 >5ms=26586 >15ms=3260 >20ms=657 >30ms=177 | probes=26594 wrfail=1 down=36s maxout=36s
 403.734  t=472s RTT mean=12881 min=11464 max=19861 n=62 to=0 | cancels=0(+0/s) seqbad=0 len_bad=0 disc=1(0x08) | tot_n=26648 tot_to=6 maxever=86913 >2ms=26648 >5ms=26648 >15ms=3268 >20ms=657 >30ms=177 | probes=26656 wrfail=1 down=36s maxout=36s
 405.727  t=473s RTT mean=13512 min=11910 max=34413 n=61 to=0 | cancels=0(+0/s) seqbad=0 len_bad=0 disc=1(0x08) | tot_n=26709 tot_to=6 maxever=86913 >2ms=26709 >5ms=26709 >15ms=3279 >20ms=658 >30ms=178 | probes=26716 wrfail=1 down=36s maxout=36s
 405.727  t=474s RTT mean=12499 min=11910 max=19416 n=64 to=0 | cancels=0(+0/s) seqbad=0 len_bad=0 disc=1(0x08) | tot_n=26773 tot_to=6 maxever=86913 >2ms=26773 >5ms=26773 >15ms=3284 >20ms=658 >30ms=178 | probes=26781 wrfail=1 down=36s maxout=36s
 407.725  t=475s RTT mean=12628 min=11910 max=19414 n=63 to=0 | cancels=0(+0/s) seqbad=0 len_bad=0 disc=1(0x08) | tot_n=26836 tot_to=6 maxever=86913 >2ms=26836 >5ms=26836 >15ms=3290 >20ms=658 >30ms=178 | probes=26844 wrfail=1 down=36s maxout=36s
 407.725  t=476s RTT mean=12733 min=11468 max=19415 n=64 to=0 | cancels=0(+0/s) seqbad=0 len_bad=0 disc=1(0x08) | tot_n=26900 tot_to=6 maxever=86913 >2ms=26900 >5ms=26900 >15ms=3297 >20ms=658 >30ms=178 | probes=26907 wrfail=1 down=36s maxout=36s
 409.730  t=477s RTT mean=12747 min=11468 max=26915 n=63 to=0 | cancels=0(+0/s) seqbad=0 len_bad=0 disc=1(0x08) | tot_n=26963 tot_to=6 maxever=86913 >2ms=26963 >5ms=26963 >15ms=3303 >20ms=659 >30ms=178 | probes=26971 wrfail=1 down=36s maxout=36s
 409.730  t=478s RTT mean=12499 min=11911 max=26913 n=64 to=0 | cancels=0(+0/s) seqbad=0 len_bad=0 disc=1(0x08) | tot_n=27027 tot_to=6 maxever=86913 >2ms=27027 >5ms=27027 >15ms=3307 >20ms=660 >30ms=178 | probes=27035 wrfail=1 down=36s maxout=36s
 411.724  t=479s RTT mean=13002 min=11468 max=19859 n=62 to=0 | cancels=0(+0/s) seqbad=0 len_bad=0 disc=1(0x08) | tot_n=27089 tot_to=6 maxever=86913 >2ms=27089 >5ms=27089 >15ms=3316 >20ms=660 >30ms=178 | probes=27097 wrfail=1 down=36s maxout=36s
 411.724  t=480s RTT mean=12375 min=11467 max=19414 n=65 to=0 | cancels=0(+0/s) seqbad=0 len_bad=0 disc=1(0x08) | tot_n=27154 tot_to=6 maxever=86913 >2ms=27154 >5ms=27154 >15ms=3320 >20ms=660 >30ms=178 | probes=27162 wrfail=1 down=36s maxout=36s
 413.712  t=481s RTT mean=12382 min=11910 max=19413 n=64 to=0 | cancels=0(+0/s) seqbad=0 len_bad=0 disc=1(0x08) | tot_n=27218 tot_to=6 maxever=86913 >2ms=27218 >5ms=27218 >15ms=3324 >20ms=660 >30ms=178 | probes=27226 wrfail=1 down=36s maxout=36s
 413.763  t=482s RTT mean=12866 min=11805 max=26912 n=63 to=0 | cancels=0(+0/s) seqbad=0 len_bad=0 disc=1(0x08) | tot_n=27281 tot_to=6 maxever=86913 >2ms=27281 >5ms=27281 >15ms=3331 >20ms=661 >30ms=178 | probes=27289 wrfail=1 down=36s maxout=36s
 415.723  t=483s RTT mean=12375 min=11469 max=19415 n=65 to=0 | cancels=0(+0/s) seqbad=0 len_bad=0 disc=1(0x08) | tot_n=27346 tot_to=6 maxever=86913 >2ms=27346 >5ms=27346 >15ms=3335 >20ms=661 >30ms=178 | probes=27354 wrfail=1 down=36s maxout=36s
 415.724  t=484s RTT mean=12499 min=11469 max=19414 n=64 to=0 | cancels=0(+0/s) seqbad=0 len_bad=0 disc=1(0x08) | tot_n=27410 tot_to=6 maxever=86913 >2ms=27410 >5ms=27410 >15ms=3340 >20ms=661 >30ms=178 | probes=27418 wrfail=1 down=36s maxout=36s
 417.728  t=485s RTT mean=12747 min=11468 max=19414 n=63 to=0 | cancels=0(+0/s) seqbad=0 len_bad=0 disc=1(0x08) | tot_n=27473 tot_to=6 maxever=86913 >2ms=27473 >5ms=27473 >15ms=3347 >20ms=661 >30ms=178 | probes=27481 wrfail=1 down=36s maxout=36s
 417.728  t=486s RTT mean=12259 min=11466 max=26914 n=65 to=0 | cancels=0(+0/s) seqbad=0 len_bad=0 disc=1(0x08) | tot_n=27538 tot_to=6 maxever=86913 >2ms=27538 >5ms=27538 >15ms=3349 >20ms=662 >30ms=178 | probes=27546 wrfail=1 down=36s maxout=36s
 419.727  t=487s RTT mean=12734 min=11469 max=19423 n=64 to=0 | cancels=0(+0/s) seqbad=0 len_bad=0 disc=1(0x08) | tot_n=27602 tot_to=6 maxever=86913 >2ms=27602 >5ms=27602 >15ms=3356 >20ms=662 >30ms=178 | probes=27609 wrfail=1 down=36s maxout=36s
 419.728  t=488s RTT mean=12882 min=11467 max=19414 n=62 to=0 | cancels=0(+0/s) seqbad=0 len_bad=0 disc=1(0x08) | tot_n=27664 tot_to=6 maxever=86913 >2ms=27664 >5ms=27664 >15ms=3364 >20ms=662 >30ms=178 | probes=27672 wrfail=1 down=36s maxout=36s
 421.718  t=489s RTT mean=12617 min=11910 max=19414 n=64 to=0 | cancels=0(+0/s) seqbad=0 len_bad=0 disc=1(0x08) | tot_n=27728 tot_to=6 maxever=86913 >2ms=27728 >5ms=27728 >15ms=3370 >20ms=662 >30ms=178 | probes=27736 wrfail=1 down=36s maxout=36s
 421.773  t=490s RTT mean=12747 min=11911 max=26914 n=63 to=0 | cancels=0(+0/s) seqbad=0 len_bad=0 disc=1(0x08) | tot_n=27791 tot_to=6 maxever=86913 >2ms=27791 >5ms=27791 >15ms=3376 >20ms=663 >30ms=178 | probes=27799 wrfail=1 down=36s maxout=36s
 423.714  t=491s RTT mean=12382 min=11467 max=19413 n=64 to=0 | cancels=0(+0/s) seqbad=0 len_bad=0 disc=1(0x08) | tot_n=27855 tot_to=6 maxever=86913 >2ms=27855 >5ms=27855 >15ms=3380 >20ms=663 >30ms=178 | probes=27863 wrfail=1 down=36s maxout=36s
 423.769  t=492s RTT mean=12490 min=11469 max=19423 n=65 to=0 | cancels=0(+0/s) seqbad=0 len_bad=0 disc=1(0x08) | tot_n=27920 tot_to=6 maxever=86913 >2ms=27920 >5ms=27920 >15ms=3385 >20ms=663 >30ms=178 | probes=27928 wrfail=1 down=36s maxout=36s
 425.727  t=493s RTT mean=12747 min=11468 max=26914 n=63 to=0 | cancels=0(+0/s) seqbad=0 len_bad=0 disc=1(0x08) | tot_n=27983 tot_to=6 maxever=86913 >2ms=27983 >5ms=27983 >15ms=3391 >20ms=664 >30ms=178 | probes=27991 wrfail=1 down=36s maxout=36s
 425.727  t=494s RTT mean=12747 min=11527 max=19801 n=63 to=0 | cancels=0(+0/s) seqbad=0 len_bad=0 disc=1(0x08) | tot_n=28046 tot_to=6 maxever=86913 >2ms=28046 >5ms=28046 >15ms=3398 >20ms=664 >30ms=178 | probes=28054 wrfail=1 down=36s maxout=36s
 427.744  t=495s RTT mean=12866 min=11469 max=19414 n=63 to=0 | cancels=0(+0/s) seqbad=0 len_bad=0 disc=1(0x08) | tot_n=28109 tot_to=6 maxever=86913 >2ms=28109 >5ms=28109 >15ms=3406 >20ms=664 >30ms=178 | probes=28117 wrfail=1 down=36s maxout=36s
 427.744  t=496s RTT mean=12499 min=11469 max=19414 n=64 to=0 | cancels=0(+0/s) seqbad=0 len_bad=0 disc=1(0x08) | tot_n=28173 tot_to=6 maxever=86913 >2ms=28173 >5ms=28173 >15ms=3411 >20ms=664 >30ms=178 | probes=28181 wrfail=1 down=36s maxout=36s
 429.754  t=497s RTT mean=12375 min=11910 max=26913 n=65 to=0 | cancels=0(+0/s) seqbad=0 len_bad=0 disc=1(0x08) | tot_n=28238 tot_to=6 maxever=86913 >2ms=28238 >5ms=28238 >15ms=3414 >20ms=665 >30ms=178 | probes=28246 wrfail=1 down=36s maxout=36s
 429.754  t=498s RTT mean=12382 min=11911 max=19414 n=64 to=0 | cancels=0(+0/s) seqbad=0 len_bad=0 disc=1(0x08) | tot_n=28302 tot_to=6 maxever=86913 >2ms=28302 >5ms=28302 >15ms=3418 >20ms=665 >30ms=178 | probes=28310 wrfail=1 down=36s maxout=36s
 431.740  t=499s RTT mean=12617 min=11468 max=26914 n=64 to=0 | cancels=0(+0/s) seqbad=0 len_bad=0 disc=1(0x08) | tot_n=28366 tot_to=6 maxever=86913 >2ms=28366 >5ms=28366 >15ms=3423 >20ms=666 >30ms=178 | probes=28374 wrfail=1 down=36s maxout=36s
 431.740  t=500s RTT mean=12375 min=11468 max=19413 n=65 to=0 | cancels=0(+0/s) seqbad=0 len_bad=0 disc=1(0x08) | tot_n=28431 tot_to=6 maxever=86913 >2ms=28431 >5ms=28431 >15ms=3427 >20ms=666 >30ms=178 | probes=28439 wrfail=1 down=36s maxout=36s
 433.752  t=501s RTT mean=12747 min=11468 max=26913 n=63 to=0 | cancels=0(+0/s) seqbad=0 len_bad=0 disc=1(0x08) | tot_n=28494 tot_to=6 maxever=86913 >2ms=28494 >5ms=28494 >15ms=3432 >20ms=668 >30ms=178 | probes=28502 wrfail=1 down=36s maxout=36s
 433.752  t=502s RTT mean=12746 min=11911 max=19414 n=63 to=0 | cancels=0(+0/s) seqbad=0 len_bad=0 disc=1(0x08) | tot_n=28557 tot_to=6 maxever=86913 >2ms=28557 >5ms=28557 >15ms=3439 >20ms=668 >30ms=178 | probes=28565 wrfail=1 down=36s maxout=36s
 435.708  t=503s RTT mean=12617 min=11470 max=19414 n=64 to=0 | cancels=0(+0/s) seqbad=0 len_bad=0 disc=1(0x08) | tot_n=28621 tot_to=6 maxever=86913 >2ms=28621 >5ms=28621 >15ms=3445 >20ms=668 >30ms=178 | probes=28629 wrfail=1 down=36s maxout=36s
 435.763  t=504s RTT mean=12627 min=11468 max=26913 n=63 to=0 | cancels=0(+0/s) seqbad=0 len_bad=0 disc=1(0x08) | tot_n=28684 tot_to=6 maxever=86913 >2ms=28684 >5ms=28684 >15ms=3450 >20ms=669 >30ms=178 | probes=28692 wrfail=1 down=36s maxout=36s
 437.748  t=505s RTT mean=12617 min=11469 max=19414 n=64 to=0 | cancels=0(+0/s) seqbad=0 len_bad=0 disc=1(0x08) | tot_n=28748 tot_to=6 maxever=86913 >2ms=28748 >5ms=28748 >15ms=3456 >20ms=669 >30ms=178 | probes=28756 wrfail=1 down=36s maxout=36s
 437.748  t=506s RTT mean=13123 min=11468 max=34858 n=62 to=0 | cancels=0(+0/s) seqbad=0 len_bad=0 disc=1(0x08) | tot_n=28810 tot_to=6 maxever=86913 >2ms=28810 >5ms=28810 >15ms=3464 >20ms=670 >30ms=179 | probes=28818 wrfail=1 down=36s maxout=36s
 439.748  t=507s RTT mean=13002 min=11466 max=19431 n=62 to=0 | cancels=0(+0/s) seqbad=0 len_bad=0 disc=1(0x08) | tot_n=28872 tot_to=6 maxever=86913 >2ms=28872 >5ms=28872 >15ms=3473 >20ms=670 >30ms=179 | probes=28880 wrfail=1 down=36s maxout=36s
 439.748  t=508s RTT mean=12881 min=11465 max=26914 n=62 to=0 | cancels=0(+0/s) seqbad=0 len_bad=0 disc=1(0x08) | tot_n=28934 tot_to=6 maxever=86913 >2ms=28934 >5ms=28934 >15ms=3480 >20ms=671 >30ms=179 | probes=28942 wrfail=1 down=36s maxout=36s
 441.743  t=509s RTT mean=13244 min=11526 max=26913 n=62 to=0 | cancels=0(+0/s) seqbad=0 len_bad=0 disc=1(0x08) | tot_n=28996 tot_to=6 maxever=86913 >2ms=28996 >5ms=28996 >15ms=3489 >20ms=673 >30ms=179 | probes=29004 wrfail=1 down=36s maxout=36s
 441.743  t=510s RTT mean=12866 min=11910 max=26914 n=63 to=0 | cancels=0(+0/s) seqbad=0 len_bad=0 disc=1(0x08) | tot_n=29059 tot_to=6 maxever=86913 >2ms=29059 >5ms=29059 >15ms=3495 >20ms=675 >30ms=179 | probes=29066 wrfail=1 down=36s maxout=36s
 443.745  t=511s RTT mean=12500 min=11910 max=19415 n=64 to=0 | cancels=0(+0/s) seqbad=0 len_bad=0 disc=1(0x08) | tot_n=29123 tot_to=6 maxever=86913 >2ms=29123 >5ms=29123 >15ms=3500 >20ms=675 >30ms=179 | probes=29131 wrfail=1 down=36s maxout=36s
 443.745  t=512s RTT mean=12506 min=11912 max=19415 n=64 to=0 | cancels=0(+0/s) seqbad=0 len_bad=0 disc=1(0x08) | tot_n=29187 tot_to=6 maxever=86913 >2ms=29187 >5ms=29187 >15ms=3505 >20ms=675 >30ms=179 | probes=29195 wrfail=1 down=36s maxout=36s
 445.749  t=513s RTT mean=13259 min=11466 max=27359 n=61 to=0 | cancels=0(+0/s) seqbad=0 len_bad=0 disc=1(0x08) | tot_n=29248 tot_to=6 maxever=86913 >2ms=29248 >5ms=29248 >15ms=3512 >20ms=679 >30ms=179 | probes=29256 wrfail=1 down=36s maxout=36s
 445.749  t=514s RTT mean=12865 min=11468 max=19414 n=63 to=0 | cancels=0(+0/s) seqbad=0 len_bad=0 disc=1(0x08) | tot_n=29311 tot_to=6 maxever=86913 >2ms=29311 >5ms=29311 >15ms=3520 >20ms=679 >30ms=179 | probes=29319 wrfail=1 down=36s maxout=36s
 447.739  t=515s RTT mean=13143 min=11910 max=19424 n=61 to=0 | cancels=0(+0/s) seqbad=0 len_bad=0 disc=1(0x08) | tot_n=29372 tot_to=6 maxever=86913 >2ms=29372 >5ms=29372 >15ms=3530 >20ms=679 >30ms=179 | probes=29380 wrfail=1 down=36s maxout=36s
 447.739  t=516s RTT mean=14859 min=11469 max=26914 n=56 to=0 | cancels=0(+0/s) seqbad=0 len_bad=0 disc=1(0x08) | tot_n=29428 tot_to=6 maxever=86913 >2ms=29428 >5ms=29428 >15ms=3550 >20ms=681 >30ms=179 | probes=29436 wrfail=1 down=36s maxout=36s
 449.739  t=517s RTT mean=14241 min=11910 max=26913 n=58 to=0 | cancels=0(+0/s) seqbad=0 len_bad=0 disc=1(0x08) | tot_n=29486 tot_to=6 maxever=86913 >2ms=29486 >5ms=29486 >15ms=3566 >20ms=683 >30ms=179 | probes=29494 wrfail=1 down=36s maxout=36s
 449.739  t=518s RTT mean=13123 min=11911 max=26914 n=62 to=0 | cancels=0(+0/s) seqbad=0 len_bad=0 disc=1(0x08) | tot_n=29548 tot_to=6 maxever=86913 >2ms=29548 >5ms=29548 >15ms=3574 >20ms=685 >30ms=179 | probes=29555 wrfail=1 down=36s maxout=36s
 451.752  t=519s RTT mean=15820 min=11467 max=41914 n=48 to=0 | cancels=0(+0/s) seqbad=0 len_bad=0 disc=1(0x08) | tot_n=29596 tot_to=6 maxever=86913 >2ms=29596 >5ms=29596 >15ms=3589 >20ms=691 >30ms=182 | probes=29604 wrfail=1 down=36s maxout=36s
 451.752  t=520s RTT mean=23448 min=11468 max=94419 n=41 to=0 | cancels=0(+0/s) seqbad=0 len_bad=0 disc=1(0x08) | tot_n=29637 tot_to=6 maxever=94419 >2ms=29637 >5ms=29637 >15ms=3616 >20ms=707 >30ms=191 | probes=29645 wrfail=1 down=36s maxout=36s
 453.752  t=521s RTT mean=13940 min=11470 max=34860 n=59 to=0 | cancels=0(+0/s) seqbad=0 len_bad=0 disc=1(0x08) | tot_n=29696 tot_to=6 maxever=94419 >2ms=29696 >5ms=29696 >15ms=3627 >20ms=711 >30ms=192 | probes=29703 wrfail=1 down=36s maxout=36s
 453.752  t=522s RTT mean=12627 min=11468 max=26913 n=63 to=0 | cancels=0(+0/s) seqbad=0 len_bad=0 disc=1(0x08) | tot_n=29759 tot_to=6 maxever=94419 >2ms=29759 >5ms=29759 >15ms=3632 >20ms=712 >30ms=192 | probes=29767 wrfail=1 down=36s maxout=36s
 455.753  t=523s RTT mean=12617 min=11910 max=26914 n=64 to=0 | cancels=0(+0/s) seqbad=0 len_bad=0 disc=1(0x08) | tot_n=29823 tot_to=6 maxever=94419 >2ms=29823 >5ms=29823 >15ms=3637 >20ms=713 >30ms=192 | probes=29831 wrfail=1 down=36s maxout=36s
 455.753  t=524s RTT mean=12265 min=11468 max=19860 n=64 to=0 | cancels=0(+0/s) seqbad=0 len_bad=0 disc=1(0x08) | tot_n=29887 tot_to=6 maxever=94419 >2ms=29887 >5ms=29887 >15ms=3640 >20ms=713 >30ms=192 | probes=29895 wrfail=1 down=36s maxout=36s
 457.754  t=525s RTT mean=12851 min=11469 max=26910 n=64 to=0 | cancels=0(+0/s) seqbad=0 len_bad=0 disc=1(0x08) | tot_n=29951 tot_to=6 maxever=94419 >2ms=29951 >5ms=29951 >15ms=3647 >20ms=714 >30ms=192 | probes=29959 wrfail=1 down=36s maxout=36s
 457.755  t=526s RTT mean=13002 min=11466 max=26913 n=62 to=0 | cancels=0(+0/s) seqbad=0 len_bad=0 disc=1(0x08) | tot_n=30013 tot_to=6 maxever=94419 >2ms=30013 >5ms=30013 >15ms=3655 >20ms=715 >30ms=192 | probes=30021 wrfail=1 down=36s maxout=36s
 459.755  t=527s RTT mean=12375 min=11468 max=19413 n=65 to=0 | cancels=0(+0/s) seqbad=0 len_bad=0 disc=1(0x08) | tot_n=30078 tot_to=6 maxever=94419 >2ms=30078 >5ms=30078 >15ms=3659 >20ms=715 >30ms=192 | probes=30085 wrfail=1 down=36s maxout=36s
 459.755  t=528s RTT mean=12747 min=11468 max=19414 n=63 to=0 | cancels=0(+0/s) seqbad=0 len_bad=0 disc=1(0x08) | tot_n=30141 tot_to=6 maxever=94419 >2ms=30141 >5ms=30141 >15ms=3666 >20ms=715 >30ms=192 | probes=30149 wrfail=1 down=36s maxout=36s
 461.761  t=529s RTT mean=12747 min=11466 max=19415 n=63 to=0 | cancels=0(+0/s) seqbad=0 len_bad=0 disc=1(0x08) | tot_n=30204 tot_to=6 maxever=94419 >2ms=30204 >5ms=30204 >15ms=3673 >20ms=715 >30ms=192 | probes=30212 wrfail=1 down=36s maxout=36s
 461.761  t=530s RTT mean=12499 min=11910 max=19423 n=64 to=0 | cancels=0(+0/s) seqbad=0 len_bad=0 disc=1(0x08) | tot_n=30268 tot_to=6 maxever=94419 >2ms=30268 >5ms=30268 >15ms=3678 >20ms=715 >30ms=192 | probes=30276 wrfail=1 down=36s maxout=36s
 463.711  t=531s RTT mean=13002 min=11468 max=19431 n=62 to=0 | cancels=0(+0/s) seqbad=0 len_bad=0 disc=1(0x08) | tot_n=30330 tot_to=6 maxever=94419 >2ms=30330 >5ms=30330 >15ms=3687 >20ms=715 >30ms=192 | probes=30338 wrfail=1 down=36s maxout=36s
 463.766  t=532s RTT mean=12616 min=11910 max=19415 n=64 to=0 | cancels=0(+0/s) seqbad=0 len_bad=0 disc=1(0x08) | tot_n=30394 tot_to=6 maxever=94419 >2ms=30394 >5ms=30394 >15ms=3693 >20ms=715 >30ms=192 | probes=30402 wrfail=1 down=36s maxout=36s
 465.711  t=533s RTT mean=12747 min=11911 max=19414 n=63 to=0 | cancels=0(+0/s) seqbad=0 len_bad=0 disc=1(0x08) | tot_n=30457 tot_to=6 maxever=94419 >2ms=30457 >5ms=30457 >15ms=3700 >20ms=715 >30ms=192 | probes=30465 wrfail=1 down=36s maxout=36s
 465.766  t=534s RTT mean=12616 min=11469 max=26913 n=64 to=0 | cancels=0(+0/s) seqbad=0 len_bad=0 disc=1(0x08) | tot_n=30521 tot_to=6 maxever=94419 >2ms=30521 >5ms=30521 >15ms=3705 >20ms=716 >30ms=192 | probes=30529 wrfail=1 down=36s maxout=36s
 467.723  t=535s RTT mean=13002 min=11469 max=19415 n=62 to=0 | cancels=0(+0/s) seqbad=0 len_bad=0 disc=1(0x08) | tot_n=30583 tot_to=6 maxever=94419 >2ms=30583 >5ms=30583 >15ms=3714 >20ms=716 >30ms=192 | probes=30591 wrfail=1 down=36s maxout=36s
 467.777  t=536s RTT mean=13002 min=11468 max=26913 n=62 to=0 | cancels=0(+0/s) seqbad=0 len_bad=0 disc=1(0x08) | tot_n=30645 tot_to=6 maxever=94419 >2ms=30645 >5ms=30645 >15ms=3722 >20ms=717 >30ms=192 | probes=30653 wrfail=1 down=36s maxout=36s
 469.732  t=537s RTT mean=12265 min=11464 max=19413 n=64 to=0 | cancels=0(+0/s) seqbad=0 len_bad=0 disc=1(0x08) | tot_n=30709 tot_to=6 maxever=94419 >2ms=30709 >5ms=30709 >15ms=3725 >20ms=717 >30ms=192 | probes=30717 wrfail=1 down=36s maxout=36s
 469.732  t=538s RTT mean=12851 min=11910 max=26917 n=64 to=0 | cancels=0(+0/s) seqbad=0 len_bad=0 disc=1(0x08) | tot_n=30773 tot_to=6 maxever=94419 >2ms=30773 >5ms=30773 >15ms=3731 >20ms=719 >30ms=192 | probes=30781 wrfail=1 down=36s maxout=36s
 471.734  t=539s RTT mean=13664 min=11911 max=26914 n=60 to=0 | cancels=0(+0/s) seqbad=0 len_bad=0 disc=1(0x08) | tot_n=30833 tot_to=6 maxever=94419 >2ms=30833 >5ms=30833 >15ms=3744 >20ms=720 >30ms=192 | probes=30841 wrfail=1 down=36s maxout=36s
 471.734  t=540s RTT mean=13143 min=11910 max=34413 n=61 to=0 | cancels=0(+0/s) seqbad=0 len_bad=0 disc=1(0x08) | tot_n=30894 tot_to=6 maxever=94419 >2ms=30894 >5ms=30894 >15ms=3752 >20ms=721 >30ms=193 | probes=30902 wrfail=1 down=36s maxout=36s
 473.727  t=541s RTT mean=12985 min=11910 max=26914 n=63 to=0 | cancels=0(+0/s) seqbad=0 len_bad=0 disc=1(0x08) | tot_n=30957 tot_to=6 maxever=94419 >2ms=30957 >5ms=30957 >15ms=3760 >20ms=722 >30ms=193 | probes=30964 wrfail=1 down=36s maxout=36s
 473.781  t=542s RTT mean=13820 min=11527 max=26914 n=59 to=0 | cancels=0(+0/s) seqbad=0 len_bad=0 disc=1(0x08) | tot_n=31016 tot_to=6 maxever=94419 >2ms=31016 >5ms=31016 >15ms=3772 >20ms=725 >30ms=193 | probes=31024 wrfail=1 down=36s maxout=36s
 475.728  t=543s RTT mean=14413 min=11910 max=26917 n=57 to=0 | cancels=0(+0/s) seqbad=0 len_bad=0 disc=1(0x08) | tot_n=31073 tot_to=6 maxever=94419 >2ms=31073 >5ms=31073 >15ms=3787 >20ms=729 >30ms=193 | probes=31081 wrfail=1 down=36s maxout=36s
 475.780  t=544s RTT mean=14241 min=11470 max=26914 n=58 to=0 | cancels=0(+0/s) seqbad=0 len_bad=0 disc=1(0x08) | tot_n=31131 tot_to=6 maxever=94419 >2ms=31131 >5ms=31131 >15ms=3802 >20ms=732 >30ms=193 | probes=31138 wrfail=1 down=36s maxout=36s
 477.727  t=545s RTT mean=13163 min=11469 max=26912 n=60 to=0 | cancels=0(+0/s) seqbad=0 len_bad=0 disc=1(0x08) | tot_n=31191 tot_to=6 maxever=94419 >2ms=31191 >5ms=31191 >15ms=3811 >20ms=733 >30ms=193 | probes=31199 wrfail=1 down=36s maxout=36s
 477.782  t=546s RTT mean=14370 min=11467 max=26917 n=58 to=0 | cancels=0(+0/s) seqbad=0 len_bad=0 disc=1(0x08) | tot_n=31249 tot_to=6 maxever=94419 >2ms=31249 >5ms=31249 >15ms=3827 >20ms=736 >30ms=193 | probes=31257 wrfail=1 down=36s maxout=36s
 479.737  t=547s RTT mean=13244 min=11468 max=26913 n=62 to=0 | cancels=0(+0/s) seqbad=0 len_bad=0 disc=1(0x08) | tot_n=31311 tot_to=6 maxever=94419 >2ms=31311 >5ms=31311 >15ms=3837 >20ms=737 >30ms=193 | probes=31318 wrfail=1 down=36s maxout=36s
 479.737  t=548s RTT mean=13266 min=11910 max=26913 n=61 to=0 | cancels=0(+0/s) seqbad=0 len_bad=0 disc=1(0x08) | tot_n=31372 tot_to=6 maxever=94419 >2ms=31372 >5ms=31372 >15ms=3847 >20ms=738 >30ms=193 | probes=31380 wrfail=1 down=36s maxout=36s
 481.744  t=549s RTT mean=13002 min=11466 max=19417 n=62 to=0 | cancels=0(+0/s) seqbad=0 len_bad=0 disc=1(0x08) | tot_n=31434 tot_to=6 maxever=94419 >2ms=31434 >5ms=31434 >15ms=3856 >20ms=738 >30ms=193 | probes=31442 wrfail=1 down=36s maxout=36s
 481.744  t=550s RTT mean=14413 min=11913 max=26913 n=57 to=0 | cancels=0(+0/s) seqbad=0 len_bad=0 disc=1(0x08) | tot_n=31491 tot_to=6 maxever=94419 >2ms=31491 >5ms=31491 >15ms=3872 >20ms=741 >30ms=193 | probes=31499 wrfail=1 down=36s maxout=36s
 483.755  t=551s RTT mean=14112 min=11466 max=19431 n=58 to=0 | cancels=0(+0/s) seqbad=0 len_bad=0 disc=1(0x08) | tot_n=31549 tot_to=6 maxever=94419 >2ms=31549 >5ms=31549 >15ms=3889 >20ms=741 >30ms=193 | probes=31557 wrfail=1 down=36s maxout=36s
 483.755  t=552s RTT mean=13663 min=11911 max=26912 n=60 to=0 | cancels=0(+0/s) seqbad=0 len_bad=0 disc=1(0x08) | tot_n=31609 tot_to=6 maxever=94419 >2ms=31609 >5ms=31609 >15ms=3901 >20ms=743 >30ms=193 | probes=31617 wrfail=1 down=36s maxout=36s
 485.748  t=553s RTT mean=13948 min=11468 max=19858 n=59 to=0 | cancels=0(+0/s) seqbad=0 len_bad=0 disc=1(0x08) | tot_n=31668 tot_to=6 maxever=94419 >2ms=31668 >5ms=31668 >15ms=3917 >20ms=743 >30ms=193 | probes=31676 wrfail=1 down=36s maxout=36s
 485.748  t=554s RTT mean=13143 min=11910 max=19414 n=61 to=0 | cancels=0(+0/s) seqbad=0 len_bad=0 disc=1(0x08) | tot_n=31729 tot_to=6 maxever=94419 >2ms=31729 >5ms=31729 >15ms=3927 >20ms=743 >30ms=193 | probes=31737 wrfail=1 down=36s maxout=36s
 487.756  t=555s RTT mean=13788 min=11468 max=26915 n=60 to=0 | cancels=0(+0/s) seqbad=0 len_bad=0 disc=1(0x08) | tot_n=31789 tot_to=6 maxever=94419 >2ms=31789 >5ms=31789 >15ms=3941 >20ms=744 >30ms=193 | probes=31796 wrfail=1 down=36s maxout=36s
 487.756  t=556s RTT mean=14776 min=11912 max=34406 n=55 to=0 | cancels=0(+0/s) seqbad=0 len_bad=0 disc=1(0x08) | tot_n=31844 tot_to=6 maxever=94419 >2ms=31844 >5ms=31844 >15ms=3958 >20ms=747 >30ms=194 | probes=31852 wrfail=1 down=36s maxout=36s
 489.760  t=557s RTT mean=14074 min=11910 max=26914 n=59 to=0 | cancels=0(+0/s) seqbad=0 len_bad=0 disc=1(0x08) | tot_n=31903 tot_to=6 maxever=94419 >2ms=31903 >5ms=31903 >15ms=3973 >20ms=749 >30ms=194 | probes=31911 wrfail=1 down=36s maxout=36s
 489.760  t=558s RTT mean=14112 min=11466 max=26913 n=58 to=0 | cancels=0(+0/s) seqbad=0 len_bad=0 disc=1(0x08) | tot_n=31961 tot_to=6 maxever=94419 >2ms=31961 >5ms=31961 >15ms=3987 >20ms=752 >30ms=194 | probes=31969 wrfail=1 down=36s maxout=36s
 491.716  t=559s RTT mean=16187 min=11469 max=56913 n=51 to=0 | cancels=0(+0/s) seqbad=0 len_bad=0 disc=1(0x08) | tot_n=32012 tot_to=6 maxever=94419 >2ms=32012 >5ms=32012 >15ms=4004 >20ms=758 >30ms=196 | probes=32020 wrfail=1 down=36s maxout=36s
 491.771  t=560s RTT mean=22863 min=11468 max=64412 n=39 to=0 | cancels=0(+0/s) seqbad=0 len_bad=0 disc=1(0x08) | tot_n=32051 tot_to=6 maxever=94419 >2ms=32051 >5ms=32051 >15ms=4029 >20ms=771 >30ms=205 | probes=32059 wrfail=1 down=36s maxout=36s
 493.720  t=561s RTT mean=17164 min=11469 max=48968 n=50 to=0 | cancels=0(+0/s) seqbad=0 len_bad=0 disc=1(0x08) | tot_n=32101 tot_to=6 maxever=94419 >2ms=32101 >5ms=32101 >15ms=4045 >20ms=779 >30ms=211 | probes=32108 wrfail=1 down=36s maxout=36s
 493.775  t=562s RTT mean=13538 min=11466 max=26914 n=60 to=0 | cancels=0(+0/s) seqbad=0 len_bad=0 disc=1(0x08) | tot_n=32161 tot_to=6 maxever=94419 >2ms=32161 >5ms=32161 >15ms=4056 >20ms=781 >30ms=211 | probes=32169 wrfail=1 down=36s maxout=36s
 495.717  t=563s RTT mean=13413 min=11911 max=34414 n=60 to=0 | cancels=0(+0/s) seqbad=0 len_bad=0 disc=1(0x08) | tot_n=32221 tot_to=6 maxever=94419 >2ms=32221 >5ms=32221 >15ms=4065 >20ms=783 >30ms=212 | probes=32229 wrfail=1 down=36s maxout=36s
 495.772  t=564s RTT mean=13820 min=11467 max=26912 n=59 to=0 | cancels=0(+0/s) seqbad=0 len_bad=0 disc=1(0x08) | tot_n=32280 tot_to=6 maxever=94419 >2ms=32280 >5ms=32280 >15ms=4079 >20ms=784 >30ms=212 | probes=32288 wrfail=1 down=36s maxout=36s
 497.759  t=565s RTT mean=13244 min=11468 max=26932 n=62 to=0 | cancels=0(+0/s) seqbad=0 len_bad=0 disc=1(0x08) | tot_n=32342 tot_to=6 maxever=94419 >2ms=32342 >5ms=32342 >15ms=4089 >20ms=785 >30ms=212 | probes=32350 wrfail=1 down=36s maxout=36s
 497.759  t=566s RTT mean=14111 min=11910 max=34414 n=58 to=0 | cancels=0(+0/s) seqbad=0 len_bad=0 disc=1(0x08) | tot_n=32400 tot_to=6 maxever=94419 >2ms=32400 >5ms=32400 >15ms=4099 >20ms=790 >30ms=214 | probes=32408 wrfail=1 down=36s maxout=36s
 499.717  t=567s RTT mean=14112 min=11466 max=26913 n=58 to=0 | cancels=0(+0/s) seqbad=0 len_bad=0 disc=1(0x08) | tot_n=32458 tot_to=6 maxever=94419 >2ms=32458 >5ms=32458 >15ms=4113 >20ms=793 >30ms=214 | probes=32466 wrfail=1 down=36s maxout=36s
 499.772  t=568s RTT mean=14592 min=11528 max=34413 n=56 to=0 | cancels=0(+0/s) seqbad=0 len_bad=0 disc=1(0x08) | tot_n=32514 tot_to=6 maxever=94419 >2ms=32514 >5ms=32514 >15ms=4129 >20ms=796 >30ms=215 | probes=32522 wrfail=1 down=36s maxout=36s
 501.726  t=569s RTT mean=14074 min=11466 max=26913 n=59 to=0 | cancels=0(+0/s) seqbad=0 len_bad=0 disc=1(0x08) | tot_n=32573 tot_to=6 maxever=94419 >2ms=32573 >5ms=32573 >15ms=4144 >20ms=798 >30ms=215 | probes=32581 wrfail=1 down=36s maxout=36s
 501.782  t=570s RTT mean=13002 min=11468 max=26914 n=62 to=0 | cancels=0(+0/s) seqbad=0 len_bad=0 disc=1(0x08) | tot_n=32635 tot_to=6 maxever=94419 >2ms=32635 >5ms=32635 >15ms=4152 >20ms=799 >30ms=215 | probes=32643 wrfail=1 down=36s maxout=36s
 503.718  t=571s RTT mean=13982 min=11910 max=26913 n=58 to=0 | cancels=0(+0/s) seqbad=0 len_bad=0 disc=1(0x08) | tot_n=32693 tot_to=6 maxever=94419 >2ms=32693 >5ms=32693 >15ms=4167 >20ms=800 >30ms=215 | probes=32701 wrfail=1 down=36s maxout=36s
 503.773  t=572s RTT mean=14201 min=11911 max=34414 n=59 to=0 | cancels=0(+0/s) seqbad=0 len_bad=0 disc=1(0x08) | tot_n=32752 tot_to=6 maxever=94419 >2ms=32752 >5ms=32752 >15ms=4179 >20ms=805 >30ms=216 | probes=32759 wrfail=1 down=36s maxout=36s
 505.725  t=573s RTT mean=13266 min=11469 max=26913 n=61 to=0 | cancels=0(+0/s) seqbad=0 len_bad=0 disc=1(0x08) | tot_n=32813 tot_to=6 maxever=94419 >2ms=32813 >5ms=32813 >15ms=4189 >20ms=806 >30ms=216 | probes=32821 wrfail=1 down=36s maxout=36s
 505.780  t=574s RTT mean=13693 min=11467 max=26913 n=59 to=0 | cancels=0(+0/s) seqbad=0 len_bad=0 disc=1(0x08) | tot_n=32872 tot_to=6 maxever=94419 >2ms=32872 >5ms=32872 >15ms=4201 >20ms=808 >30ms=216 | probes=32880 wrfail=1 down=36s maxout=36s
 507.718  t=575s RTT mean=12866 min=11466 max=19414 n=63 to=0 | cancels=0(+0/s) seqbad=0 len_bad=0 disc=1(0x08) | tot_n=32935 tot_to=6 maxever=94419 >2ms=32935 >5ms=32935 >15ms=4209 >20ms=808 >30ms=216 | probes=32943 wrfail=1 down=36s maxout=36s
 507.773  t=576s RTT mean=12866 min=11469 max=26910 n=63 to=0 | cancels=0(+0/s) seqbad=0 len_bad=0 disc=1(0x08) | tot_n=32998 tot_to=6 maxever=94419 >2ms=32998 >5ms=32998 >15ms=4216 >20ms=809 >30ms=216 | probes=33006 wrfail=1 down=36s maxout=36s
 509.721  t=577s RTT mean=12144 min=11466 max=19413 n=65 to=0 | cancels=0(+0/s) seqbad=0 len_bad=0 disc=1(0x08) | tot_n=33063 tot_to=6 maxever=94419 >2ms=33063 >5ms=33063 >15ms=4218 >20ms=809 >30ms=216 | probes=33071 wrfail=1 down=36s maxout=36s
 509.776  t=578s RTT mean=12734 min=11466 max=34412 n=64 to=0 | cancels=0(+0/s) seqbad=0 len_bad=0 disc=1(0x08) | tot_n=33127 tot_to=6 maxever=94419 >2ms=33127 >5ms=33127 >15ms=4223 >20ms=810 >30ms=217 | probes=33134 wrfail=1 down=36s maxout=36s
 511.730  t=579s RTT mean=13266 min=11911 max=26913 n=61 to=0 | cancels=0(+0/s) seqbad=0 len_bad=0 disc=1(0x08) | tot_n=33188 tot_to=6 maxever=94419 >2ms=33188 >5ms=33188 >15ms=4233 >20ms=811 >30ms=217 | probes=33196 wrfail=1 down=36s maxout=36s
 511.785  t=580s RTT mean=12499 min=11466 max=19858 n=64 to=0 | cancels=0(+0/s) seqbad=0 len_bad=0 disc=1(0x08) | tot_n=33252 tot_to=6 maxever=94419 >2ms=33252 >5ms=33252 >15ms=4238 >20ms=811 >30ms=217 | probes=33260 wrfail=1 down=36s maxout=36s
 513.740  t=581s RTT mean=13820 min=11469 max=26913 n=59 to=0 | cancels=0(+0/s) seqbad=0 len_bad=0 disc=1(0x08) | tot_n=33311 tot_to=6 maxever=94419 >2ms=33311 >5ms=33311 >15ms=4251 >20ms=813 >30ms=217 | probes=33319 wrfail=1 down=36s maxout=36s
 513.740  t=582s RTT mean=12616 min=11910 max=19414 n=64 to=0 | cancels=0(+0/s) seqbad=0 len_bad=0 disc=1(0x08) | tot_n=33375 tot_to=6 maxever=94419 >2ms=33375 >5ms=33375 >15ms=4257 >20ms=813 >30ms=217 | probes=33383 wrfail=1 down=36s maxout=36s
 515.747  t=583s RTT mean=13389 min=11468 max=19859 n=61 to=0 | cancels=0(+0/s) seqbad=0 len_bad=0 disc=1(0x08) | tot_n=33436 tot_to=6 maxever=94419 >2ms=33436 >5ms=33436 >15ms=4269 >20ms=813 >30ms=217 | probes=33443 wrfail=1 down=36s maxout=36s
 515.747  t=584s RTT mean=12881 min=11468 max=19414 n=62 to=0 | cancels=0(+0/s) seqbad=0 len_bad=0 disc=1(0x08) | tot_n=33498 tot_to=6 maxever=94419 >2ms=33498 >5ms=33498 >15ms=4277 >20ms=813 >30ms=217 | probes=33506 wrfail=1 down=36s maxout=36s
 517.738  t=585s RTT mean=13266 min=11468 max=26914 n=61 to=0 | cancels=0(+0/s) seqbad=0 len_bad=0 disc=1(0x08) | tot_n=33559 tot_to=6 maxever=94419 >2ms=33559 >5ms=33559 >15ms=4287 >20ms=814 >30ms=217 | probes=33567 wrfail=1 down=36s maxout=36s
 517.738  t=586s RTT mean=13244 min=11910 max=26914 n=62 to=0 | cancels=0(+0/s) seqbad=0 len_bad=0 disc=1(0x08) | tot_n=33621 tot_to=6 maxever=94419 >2ms=33621 >5ms=33621 >15ms=4296 >20ms=816 >30ms=217 | probes=33628 wrfail=1 down=36s maxout=36s
 519.741  t=587s RTT mean=12882 min=11465 max=19414 n=62 to=0 | cancels=0(+0/s) seqbad=0 len_bad=0 disc=1(0x08) | tot_n=33683 tot_to=6 maxever=94419 >2ms=33683 >5ms=33683 >15ms=4304 >20ms=816 >30ms=217 | probes=33691 wrfail=1 down=36s maxout=36s
 519.741  t=588s RTT mean=12746 min=11911 max=26913 n=63 to=0 | cancels=0(+0/s) seqbad=0 len_bad=0 disc=1(0x08) | tot_n=33746 tot_to=6 maxever=94419 >2ms=33746 >5ms=33746 >15ms=4310 >20ms=817 >30ms=217 | probes=33754 wrfail=1 down=36s maxout=36s
 521.757  t=589s RTT mean=12734 min=11468 max=26913 n=64 to=0 | cancels=0(+0/s) seqbad=0 len_bad=0 disc=1(0x08) | tot_n=33810 tot_to=6 maxever=94419 >2ms=33810 >5ms=33810 >15ms=4316 >20ms=818 >30ms=217 | probes=33817 wrfail=1 down=36s maxout=36s
 521.757  t=590s RTT mean=13413 min=11910 max=26913 n=60 to=0 | cancels=0(+0/s) seqbad=0 len_bad=0 disc=1(0x08) | tot_n=33870 tot_to=6 maxever=94419 >2ms=33870 >5ms=33870 >15ms=4326 >20ms=820 >30ms=217 | probes=33878 wrfail=1 down=36s maxout=36s
 523.718  t=591s RTT mean=13143 min=11912 max=26913 n=61 to=0 | cancels=0(+0/s) seqbad=0 len_bad=0 disc=1(0x08) | tot_n=33931 tot_to=6 maxever=94419 >2ms=33931 >5ms=33931 >15ms=4335 >20ms=821 >30ms=217 | probes=33939 wrfail=1 down=36s maxout=36s
 523.770  t=592s RTT mean=13365 min=11911 max=26913 n=62 to=0 | cancels=0(+0/s) seqbad=0 len_bad=0 disc=1(0x08) | tot_n=33993 tot_to=6 maxever=94419 >2ms=33993 >5ms=33993 >15ms=4346 >20ms=822 >30ms=217 | probes=34000 wrfail=1 down=36s maxout=36s
 525.738  t=593s RTT mean=13821 min=11467 max=26914 n=59 to=0 | cancels=0(+0/s) seqbad=0 len_bad=0 disc=1(0x08) | tot_n=34052 tot_to=6 maxever=94419 >2ms=34052 >5ms=34052 >15ms=4360 >20ms=823 >30ms=217 | probes=34060 wrfail=1 down=36s maxout=36s
 525.739  t=594s RTT mean=13413 min=11910 max=26913 n=60 to=0 | cancels=0(+0/s) seqbad=0 len_bad=0 disc=1(0x08) | tot_n=34112 tot_to=6 maxever=94419 >2ms=34112 >5ms=34112 >15ms=4371 >20ms=824 >30ms=217 | probes=34120 wrfail=1 down=36s maxout=36s
 527.744  t=595s RTT mean=12866 min=11801 max=26913 n=63 to=0 | cancels=0(+0/s) seqbad=0 len_bad=0 disc=1(0x08) | tot_n=34175 tot_to=6 maxever=94419 >2ms=34175 >5ms=34175 >15ms=4378 >20ms=825 >30ms=217 | probes=34183 wrfail=1 down=36s maxout=36s
 527.744  t=596s RTT mean=14241 min=11910 max=41922 n=58 to=0 | cancels=0(+0/s) seqbad=0 len_bad=0 disc=1(0x08) | tot_n=34233 tot_to=6 maxever=94419 >2ms=34233 >5ms=34233 >15ms=4392 >20ms=827 >30ms=218 | probes=34241 wrfail=1 down=36s maxout=36s
 529.744  t=597s RTT mean=13123 min=11910 max=26914 n=62 to=0 | cancels=0(+0/s) seqbad=0 len_bad=0 disc=1(0x08) | tot_n=34295 tot_to=6 maxever=94419 >2ms=34295 >5ms=34295 >15ms=4401 >20ms=828 >30ms=218 | probes=34302 wrfail=1 down=36s maxout=36s
 529.744  t=598s RTT mean=23467 min=11469 max=63967 n=37 to=0 | cancels=0(+0/s) seqbad=0 len_bad=0 disc=1(0x08) | tot_n=34332 tot_to=6 maxever=94419 >2ms=34332 >5ms=34332 >15ms=4424 >20ms=841 >30ms=226 | probes=34340 wrfail=1 down=36s maxout=36s
 531.742  t=599s RTT mean=13389 min=11468 max=26915 n=61 to=0 | cancels=0(+0/s) seqbad=0 len_bad=0 disc=1(0x08) | tot_n=34393 tot_to=6 maxever=94419 >2ms=34393 >5ms=34393 >15ms=4435 >20ms=842 >30ms=226 | probes=34401 wrfail=1 down=36s maxout=36s
 531.742  t=600s RTT mean=12616 min=11911 max=19414 n=64 to=0 | cancels=0(+0/s) seqbad=0 len_bad=0 disc=1(0x08) | tot_n=34457 tot_to=6 maxever=94419 >2ms=34457 >5ms=34457 >15ms=4441 >20ms=842 >30ms=226 | probes=34465 wrfail=1 down=36s maxout=36s
 533.762  t=601s RTT mean=12747 min=11469 max=26913 n=63 to=0 | cancels=0(+0/s) seqbad=0 len_bad=0 disc=1(0x08) | tot_n=34520 tot_to=6 maxever=94419 >2ms=34520 >5ms=34520 >15ms=4447 >20ms=843 >30ms=226 | probes=34528 wrfail=1 down=36s maxout=36s
 533.762  t=602s RTT mean=12616 min=11910 max=19415 n=64 to=0 | cancels=0(+0/s) seqbad=0 len_bad=0 disc=1(0x08) | tot_n=34584 tot_to=6 maxever=94419 >2ms=34584 >5ms=34584 >15ms=4453 >20ms=843 >30ms=226 | probes=34592 wrfail=1 down=36s maxout=36s
 535.751  t=603s RTT mean=13002 min=11468 max=19414 n=62 to=0 | cancels=0(+0/s) seqbad=0 len_bad=0 disc=1(0x08) | tot_n=34646 tot_to=6 maxever=94419 >2ms=34646 >5ms=34646 >15ms=4462 >20ms=843 >30ms=226 | probes=34654 wrfail=1 down=36s maxout=36s
 535.751  t=604s RTT mean=12866 min=11912 max=26913 n=63 to=0 | cancels=0(+0/s) seqbad=0 len_bad=0 disc=1(0x08) | tot_n=34709 tot_to=6 maxever=94419 >2ms=34709 >5ms=34709 >15ms=4469 >20ms=844 >30ms=226 | probes=34717 wrfail=1 down=36s maxout=36s
 537.749  t=605s RTT mean=12747 min=11911 max=34414 n=63 to=0 | cancels=0(+0/s) seqbad=0 len_bad=0 disc=1(0x08) | tot_n=34772 tot_to=6 maxever=94419 >2ms=34772 >5ms=34772 >15ms=4473 >20ms=846 >30ms=227 | probes=34780 wrfail=1 down=36s maxout=36s
 537.749  t=606s RTT mean=12259 min=11468 max=19413 n=65 to=0 | cancels=0(+0/s) seqbad=0 len_bad=0 disc=1(0x08) | tot_n=34837 tot_to=6 maxever=94419 >2ms=34837 >5ms=34837 >15ms=4476 >20ms=846 >30ms=227 | probes=34845 wrfail=1 down=36s maxout=36s
 539.752  t=607s RTT mean=12499 min=11466 max=19414 n=64 to=0 | cancels=0(+0/s) seqbad=0 len_bad=0 disc=1(0x08) | tot_n=34901 tot_to=6 maxever=94419 >2ms=34901 >5ms=34901 >15ms=4481 >20ms=846 >30ms=227 | probes=34909 wrfail=1 down=36s maxout=36s
 539.752  t=608s RTT mean=12865 min=11910 max=26912 n=63 to=0 | cancels=0(+0/s) seqbad=0 len_bad=0 disc=1(0x08) | tot_n=34964 tot_to=6 maxever=94419 >2ms=34964 >5ms=34964 >15ms=4488 >20ms=847 >30ms=227 | probes=34972 wrfail=1 down=36s maxout=36s
 541.748  t=609s RTT mean=12375 min=11470 max=19414 n=65 to=0 | cancels=0(+0/s) seqbad=0 len_bad=0 disc=1(0x08) | tot_n=35029 tot_to=6 maxever=94419 >2ms=35029 >5ms=35029 >15ms=4492 >20ms=847 >30ms=227 | probes=35036 wrfail=1 down=36s maxout=36s
 541.748  t=610s RTT mean=12627 min=11467 max=19413 n=63 to=0 | cancels=0(+0/s) seqbad=0 len_bad=0 disc=1(0x08) | tot_n=35092 tot_to=6 maxever=94419 >2ms=35092 >5ms=35092 >15ms=4498 >20ms=847 >30ms=227 | probes=35100 wrfail=1 down=36s maxout=36s
 543.751  t=611s RTT mean=13389 min=11911 max=34413 n=61 to=0 | cancels=0(+0/s) seqbad=0 len_bad=0 disc=1(0x08) | tot_n=35153 tot_to=6 maxever=94419 >2ms=35153 >5ms=35153 >15ms=4508 >20ms=848 >30ms=228 | probes=35161 wrfail=1 down=36s maxout=36s
 543.751  t=612s RTT mean=12499 min=11467 max=19859 n=64 to=0 | cancels=0(+0/s) seqbad=0 len_bad=0 disc=1(0x08) | tot_n=35217 tot_to=6 maxever=94419 >2ms=35217 >5ms=35217 >15ms=4513 >20ms=848 >30ms=228 | probes=35225 wrfail=1 down=36s maxout=36s
 545.753  t=613s RTT mean=12375 min=11468 max=19858 n=65 to=0 | cancels=0(+0/s) seqbad=0 len_bad=0 disc=1(0x08) | tot_n=35282 tot_to=6 maxever=94419 >2ms=35282 >5ms=35282 >15ms=4517 >20ms=848 >30ms=228 | probes=35290 wrfail=1 down=36s maxout=36s
 545.753  t=614s RTT mean=12259 min=11911 max=19413 n=65 to=0 | cancels=0(+0/s) seqbad=0 len_bad=0 disc=1(0x08) | tot_n=35347 tot_to=6 maxever=94419 >2ms=35347 >5ms=35347 >15ms=4520 >20ms=848 >30ms=228 | probes=35355 wrfail=1 down=36s maxout=36s
 547.754  t=615s RTT mean=12499 min=11469 max=19414 n=64 to=0 | cancels=0(+0/s) seqbad=0 len_bad=0 disc=1(0x08) | tot_n=35411 tot_to=6 maxever=94419 >2ms=35411 >5ms=35411 >15ms=4525 >20ms=848 >30ms=228 | probes=35419 wrfail=1 down=36s maxout=36s
 547.754  t=616s RTT mean=12746 min=11911 max=19414 n=63 to=0 | cancels=0(+0/s) seqbad=0 len_bad=0 disc=1(0x08) | tot_n=35474 tot_to=6 maxever=94419 >2ms=35474 >5ms=35474 >15ms=4532 >20ms=848 >30ms=228 | probes=35482 wrfail=1 down=36s maxout=36s
 549.754  t=617s RTT mean=12254 min=11466 max=19414 n=66 to=0 | cancels=0(+0/s) seqbad=0 len_bad=0 disc=1(0x08) | tot_n=35540 tot_to=6 maxever=94419 >2ms=35540 >5ms=35540 >15ms=4535 >20ms=848 >30ms=228 | probes=35547 wrfail=1 down=36s maxout=36s
 549.754  t=618s RTT mean=12628 min=11466 max=19414 n=63 to=0 | cancels=0(+0/s) seqbad=0 len_bad=0 disc=1(0x08) | tot_n=35603 tot_to=6 maxever=94419 >2ms=35603 >5ms=35603 >15ms=4541 >20ms=848 >30ms=228 | probes=35611 wrfail=1 down=36s maxout=36s
 551.759  t=619s RTT mean=13002 min=11467 max=26913 n=62 to=0 | cancels=0(+0/s) seqbad=0 len_bad=0 disc=1(0x08) | tot_n=35665 tot_to=6 maxever=94419 >2ms=35665 >5ms=35665 >15ms=4549 >20ms=849 >30ms=228 | probes=35673 wrfail=1 down=36s maxout=36s
 551.759  t=620s RTT mean=12865 min=11469 max=26914 n=63 to=0 | cancels=0(+0/s) seqbad=0 len_bad=0 disc=1(0x08) | tot_n=35728 tot_to=6 maxever=94419 >2ms=35728 >5ms=35728 >15ms=4556 >20ms=850 >30ms=228 | probes=35736 wrfail=1 down=36s maxout=36s
 553.743  t=621s RTT mean=12747 min=11468 max=19414 n=63 to=0 | cancels=0(+0/s) seqbad=0 len_bad=0 disc=1(0x08) | tot_n=35791 tot_to=6 maxever=94419 >2ms=35791 >5ms=35791 >15ms=4563 >20ms=850 >30ms=228 | probes=35799 wrfail=1 down=36s maxout=36s
 553.743  t=622s RTT mean=13265 min=11469 max=26913 n=61 to=0 | cancels=0(+0/s) seqbad=0 len_bad=0 disc=1(0x08) | tot_n=35852 tot_to=6 maxever=94419 >2ms=35852 >5ms=35852 >15ms=4572 >20ms=852 >30ms=228 | probes=35860 wrfail=1 down=36s maxout=36s
 555.750  t=623s RTT mean=12375 min=11469 max=19413 n=65 to=0 | cancels=0(+0/s) seqbad=0 len_bad=0 disc=1(0x08) | tot_n=35917 tot_to=6 maxever=94419 >2ms=35917 >5ms=35917 >15ms=4576 >20ms=852 >30ms=228 | probes=35925 wrfail=1 down=36s maxout=36s
 555.750  t=624s RTT mean=12616 min=11911 max=19414 n=64 to=0 | cancels=0(+0/s) seqbad=0 len_bad=0 disc=1(0x08) | tot_n=35981 tot_to=6 maxever=94419 >2ms=35981 >5ms=35981 >15ms=4582 >20ms=852 >30ms=228 | probes=35989 wrfail=1 down=36s maxout=36s
 557.748  t=625s RTT mean=12260 min=11021 max=19432 n=65 to=0 | cancels=0(+0/s) seqbad=0 len_bad=0 disc=1(0x08) | tot_n=36046 tot_to=6 maxever=94419 >2ms=36046 >5ms=36046 >15ms=4585 >20ms=852 >30ms=228 | probes=36054 wrfail=1 down=36s maxout=36s
 557.748  t=626s RTT mean=13002 min=11469 max=19414 n=62 to=0 | cancels=0(+0/s) seqbad=0 len_bad=0 disc=1(0x08) | tot_n=36108 tot_to=6 maxever=94419 >2ms=36108 >5ms=36108 >15ms=4594 >20ms=852 >30ms=228 | probes=36116 wrfail=1 down=36s maxout=36s
 559.748  t=627s RTT mean=12866 min=11910 max=26913 n=63 to=0 | cancels=0(+0/s) seqbad=0 len_bad=0 disc=1(0x08) | tot_n=36171 tot_to=6 maxever=94419 >2ms=36171 >5ms=36171 >15ms=4601 >20ms=853 >30ms=228 | probes=36179 wrfail=1 down=36s maxout=36s
 559.748  t=628s RTT mean=12382 min=11466 max=19414 n=64 to=0 | cancels=0(+0/s) seqbad=0 len_bad=0 disc=1(0x08) | tot_n=36235 tot_to=6 maxever=94419 >2ms=36235 >5ms=36235 >15ms=4605 >20ms=853 >30ms=228 | probes=36243 wrfail=1 down=36s maxout=36s
 561.743  t=629s RTT mean=13244 min=11913 max=19415 n=62 to=0 | cancels=0(+0/s) seqbad=0 len_bad=0 disc=1(0x08) | tot_n=36297 tot_to=6 maxever=94419 >2ms=36297 >5ms=36297 >15ms=4616 >20ms=853 >30ms=228 | probes=36304 wrfail=1 down=36s maxout=36s
 561.743  t=630s RTT mean=13820 min=11468 max=26914 n=59 to=0 | cancels=0(+0/s) seqbad=0 len_bad=0 disc=1(0x08) | tot_n=36356 tot_to=6 maxever=94419 >2ms=36356 >5ms=36356 >15ms=4629 >20ms=855 >30ms=228 | probes=36364 wrfail=1 down=36s maxout=36s
 563.740  t=631s RTT mean=13663 min=11910 max=26913 n=60 to=0 | cancels=0(+0/s) seqbad=0 len_bad=0 disc=1(0x08) | tot_n=36416 tot_to=6 maxever=94419 >2ms=36416 >5ms=36416 >15ms=4641 >20ms=857 >30ms=228 | probes=36423 wrfail=1 down=36s maxout=36s
 563.796  t=632s RTT mean=13413 min=11910 max=26912 n=60 to=0 | cancels=0(+0/s) seqbad=0 len_bad=0 disc=1(0x08) | tot_n=36476 tot_to=6 maxever=94419 >2ms=36476 >5ms=36476 >15ms=4651 >20ms=859 >30ms=228 | probes=36484 wrfail=1 down=36s maxout=36s
 565.730  t=633s RTT mean=13693 min=11468 max=26914 n=59 to=0 | cancels=0(+0/s) seqbad=0 len_bad=0 disc=1(0x08) | tot_n=36535 tot_to=6 maxever=94419 >2ms=36535 >5ms=36535 >15ms=4662 >20ms=862 >30ms=228 | probes=36543 wrfail=1 down=36s maxout=36s
 565.785  t=634s RTT mean=13788 min=11467 max=26913 n=60 to=0 | cancels=0(+0/s) seqbad=0 len_bad=0 disc=1(0x08) | tot_n=36595 tot_to=6 maxever=94419 >2ms=36595 >5ms=36595 >15ms=4674 >20ms=865 >30ms=228 | probes=36603 wrfail=1 down=36s maxout=36s
 567.734  t=635s RTT mean=14119 min=11467 max=26914 n=58 to=0 | cancels=0(+0/s) seqbad=0 len_bad=0 disc=1(0x08) | tot_n=36653 tot_to=6 maxever=94419 >2ms=36653 >5ms=36653 >15ms=4690 >20ms=866 >30ms=228 | probes=36661 wrfail=1 down=36s maxout=36s
 567.786  t=636s RTT mean=13812 min=11467 max=27357 n=59 to=0 | cancels=0(+0/s) seqbad=0 len_bad=0 disc=1(0x08) | tot_n=36712 tot_to=6 maxever=94419 >2ms=36712 >5ms=36712 >15ms=4703 >20ms=868 >30ms=228 | probes=36720 wrfail=1 down=36s maxout=36s
 569.777  t=637s RTT mean=13244 min=11468 max=26914 n=62 to=0 | cancels=0(+0/s) seqbad=0 len_bad=0 disc=1(0x08) | tot_n=36774 tot_to=6 maxever=94419 >2ms=36774 >5ms=36774 >15ms=4713 >20ms=869 >30ms=228 | probes=36781 wrfail=1 down=36s maxout=36s
 569.777  t=638s RTT mean=13413 min=11468 max=26913 n=60 to=0 | cancels=0(+0/s) seqbad=0 len_bad=0 disc=1(0x08) | tot_n=36834 tot_to=6 maxever=94419 >2ms=36834 >5ms=36834 >15ms=4723 >20ms=871 >30ms=228 | probes=36842 wrfail=1 down=36s maxout=36s
 571.776  t=639s RTT mean=13663 min=11910 max=26914 n=60 to=0 | cancels=0(+0/s) seqbad=0 len_bad=0 disc=1(0x08) | tot_n=36894 tot_to=6 maxever=94419 >2ms=36894 >5ms=36894 >15ms=4733 >20ms=875 >30ms=228 | probes=36902 wrfail=1 down=36s maxout=36s
 571.776  t=640s RTT mean=13266 min=11527 max=26912 n=61 to=0 | cancels=0(+0/s) seqbad=0 len_bad=0 disc=1(0x08) | tot_n=36955 tot_to=6 maxever=94419 >2ms=36955 >5ms=36955 >15ms=4743 >20ms=876 >30ms=228 | probes=36963 wrfail=1 down=36s maxout=36s
 573.733  t=641s RTT mean=13982 min=11466 max=26914 n=58 to=0 | cancels=0(+0/s) seqbad=0 len_bad=0 disc=1(0x08) | tot_n=37013 tot_to=6 maxever=94419 >2ms=37013 >5ms=37013 >15ms=4756 >20ms=879 >30ms=228 | probes=37021 wrfail=1 down=36s maxout=36s
 573.788  t=642s RTT mean=13244 min=11910 max=26912 n=62 to=0 | cancels=0(+0/s) seqbad=0 len_bad=0 disc=1(0x08) | tot_n=37075 tot_to=6 maxever=94419 >2ms=37075 >5ms=37075 >15ms=4766 >20ms=880 >30ms=228 | probes=37083 wrfail=1 down=36s maxout=36s
 575.737  t=643s RTT mean=13663 min=11469 max=19415 n=60 to=0 | cancels=0(+0/s) seqbad=0 len_bad=0 disc=1(0x08) | tot_n=37135 tot_to=6 maxever=94419 >2ms=37135 >5ms=37135 >15ms=4780 >20ms=880 >30ms=228 | probes=37142 wrfail=1 down=36s maxout=36s
 575.792  t=644s RTT mean=13538 min=11468 max=26910 n=60 to=0 | cancels=0(+0/s) seqbad=0 len_bad=0 disc=1(0x08) | tot_n=37195 tot_to=6 maxever=94419 >2ms=37195 >5ms=37195 >15ms=4792 >20ms=881 >30ms=228 | probes=37203 wrfail=1 down=36s maxout=36s
 577.728  t=645s RTT mean=13266 min=11912 max=19416 n=61 to=0 | cancels=0(+0/s) seqbad=0 len_bad=0 disc=1(0x08) | tot_n=37256 tot_to=6 maxever=94419 >2ms=37256 >5ms=37256 >15ms=4803 >20ms=881 >30ms=228 | probes=37264 wrfail=1 down=36s maxout=36s
 577.782  t=646s RTT mean=13947 min=11468 max=34414 n=59 to=0 | cancels=0(+0/s) seqbad=0 len_bad=0 disc=1(0x08) | tot_n=37315 tot_to=6 maxever=94419 >2ms=37315 >5ms=37315 >15ms=4816 >20ms=883 >30ms=229 | probes=37322 wrfail=1 down=36s maxout=36s
 579.728  t=647s RTT mean=14459 min=11469 max=26914 n=56 to=0 | cancels=0(+0/s) seqbad=0 len_bad=0 disc=1(0x08) | tot_n=37371 tot_to=6 maxever=94419 >2ms=37371 >5ms=37371 >15ms=4832 >20ms=886 >30ms=229 | probes=37379 wrfail=1 down=36s maxout=36s
 579.780  t=648s RTT mean=14370 min=11910 max=34416 n=58 to=0 | cancels=0(+0/s) seqbad=0 len_bad=0 disc=1(0x08) | tot_n=37429 tot_to=6 maxever=94419 >2ms=37429 >5ms=37429 >15ms=4847 >20ms=888 >30ms=231 | probes=37437 wrfail=1 down=36s maxout=36s
 581.770  t=649s RTT mean=14282 min=11469 max=34412 n=57 to=0 | cancels=0(+0/s) seqbad=0 len_bad=0 disc=1(0x08) | tot_n=37486 tot_to=6 maxever=94419 >2ms=37486 >5ms=37486 >15ms=4859 >20ms=892 >30ms=233 | probes=37494 wrfail=1 down=36s maxout=36s
 581.770  t=650s RTT mean=13389 min=11468 max=26913 n=61 to=0 | cancels=0(+0/s) seqbad=0 len_bad=0 disc=1(0x08) | tot_n=37547 tot_to=6 maxever=94419 >2ms=37547 >5ms=37547 >15ms=4870 >20ms=893 >30ms=233 | probes=37555 wrfail=1 down=36s maxout=36s
 583.774  t=651s RTT mean=14241 min=11912 max=26913 n=58 to=0 | cancels=0(+0/s) seqbad=0 len_bad=0 disc=1(0x08) | tot_n=37605 tot_to=6 maxever=94419 >2ms=37605 >5ms=37605 >15ms=4884 >20ms=897 >30ms=233 | probes=37613 wrfail=1 down=36s maxout=36s
 583.774  t=652s RTT mean=13820 min=11469 max=26913 n=59 to=0 | cancels=0(+0/s) seqbad=0 len_bad=0 disc=1(0x08) | tot_n=37664 tot_to=6 maxever=94419 >2ms=37664 >5ms=37664 >15ms=4898 >20ms=898 >30ms=233 | probes=37672 wrfail=1 down=36s maxout=36s
 585.731  t=653s RTT mean=12747 min=11467 max=19414 n=63 to=0 | cancels=0(+0/s) seqbad=0 len_bad=0 disc=1(0x08) | tot_n=37727 tot_to=6 maxever=94419 >2ms=37727 >5ms=37727 >15ms=4905 >20ms=898 >30ms=233 | probes=37735 wrfail=1 down=36s maxout=36s
 585.782  t=654s RTT mean=12865 min=11469 max=19413 n=63 to=0 | cancels=0(+0/s) seqbad=0 len_bad=0 disc=1(0x08) | tot_n=37790 tot_to=6 maxever=94419 >2ms=37790 >5ms=37790 >15ms=4913 >20ms=898 >30ms=233 | probes=37798 wrfail=1 down=36s maxout=36s
 587.743  t=655s RTT mean=13002 min=11910 max=26469 n=62 to=0 | cancels=0(+0/s) seqbad=0 len_bad=0 disc=1(0x08) | tot_n=37852 tot_to=6 maxever=94419 >2ms=37852 >5ms=37852 >15ms=4921 >20ms=899 >30ms=233 | probes=37860 wrfail=1 down=36s maxout=36s
 587.799  t=656s RTT mean=14600 min=11470 max=34413 n=56 to=0 | cancels=0(+0/s) seqbad=0 len_bad=0 disc=1(0x08) | tot_n=37908 tot_to=6 maxever=94419 >2ms=37908 >5ms=37908 >15ms=4937 >20ms=902 >30ms=234 | probes=37916 wrfail=1 down=36s maxout=36s
 589.732  t=657s RTT mean=13237 min=11910 max=34414 n=62 to=0 | cancels=0(+0/s) seqbad=0 len_bad=0 disc=1(0x08) | tot_n=37970 tot_to=6 maxever=94419 >2ms=37970 >5ms=37970 >15ms=4946 >20ms=903 >30ms=235 | probes=37978 wrfail=1 down=36s maxout=36s
 589.782  t=658s RTT mean=13002 min=11468 max=19414 n=62 to=0 | cancels=0(+0/s) seqbad=0 len_bad=0 disc=1(0x08) | tot_n=38032 tot_to=6 maxever=94419 >2ms=38032 >5ms=38032 >15ms=4955 >20ms=903 >30ms=235 | probes=38040 wrfail=1 down=36s maxout=36s
 591.780  t=659s RTT mean=13948 min=11911 max=56913 n=59 to=0 | cancels=0(+0/s) seqbad=0 len_bad=0 disc=1(0x08) | tot_n=38091 tot_to=6 maxever=94419 >2ms=38091 >5ms=38091 >15ms=4961 >20ms=906 >30ms=238 | probes=38099 wrfail=1 down=36s maxout=36s
 591.781  t=660s RTT mean=18296 min=11466 max=34859 n=47 to=0 | cancels=0(+0/s) seqbad=0 len_bad=0 disc=1(0x08) | tot_n=38138 tot_to=6 maxever=94419 >2ms=38138 >5ms=38138 >15ms=4983 >20ms=919 >30ms=243 | probes=38145 wrfail=1 down=36s maxout=36s
 593.766  t=661s RTT mean=13143 min=11469 max=26914 n=61 to=0 | cancels=0(+0/s) seqbad=0 len_bad=0 disc=1(0x08) | tot_n=38199 tot_to=6 maxever=94419 >2ms=38199 >5ms=38199 >15ms=4992 >20ms=920 >30ms=243 | probes=38207 wrfail=1 down=36s maxout=36s
 593.766  t=662s RTT mean=13947 min=11468 max=26913 n=59 to=0 | cancels=0(+0/s) seqbad=0 len_bad=0 disc=1(0x08) | tot_n=38258 tot_to=6 maxever=94419 >2ms=38258 >5ms=38258 >15ms=5007 >20ms=921 >30ms=243 | probes=38266 wrfail=1 down=36s maxout=36s
 595.766  t=663s RTT mean=15186 min=11468 max=34412 n=55 to=0 | cancels=0(+0/s) seqbad=0 len_bad=0 disc=1(0x08) | tot_n=38313 tot_to=6 maxever=94419 >2ms=38313 >5ms=38313 >15ms=5026 >20ms=925 >30ms=244 | probes=38320 wrfail=1 down=36s maxout=36s
 595.766  t=664s RTT mean=13819 min=11466 max=26913 n=59 to=0 | cancels=0(+0/s) seqbad=0 len_bad=0 disc=1(0x08) | tot_n=38372 tot_to=6 maxever=94419 >2ms=38372 >5ms=38372 >15ms=5036 >20ms=930 >30ms=244 | probes=38380 wrfail=1 down=36s maxout=36s
 597.774  t=665s RTT mean=14726 min=11466 max=34412 n=56 to=0 | cancels=0(+0/s) seqbad=0 len_bad=0 disc=1(0x08) | tot_n=38428 tot_to=6 maxever=94419 >2ms=38428 >5ms=38428 >15ms=5052 >20ms=934 >30ms=245 | probes=38436 wrfail=1 down=36s maxout=36s
 597.774  t=666s RTT mean=14241 min=11911 max=42359 n=58 to=0 | cancels=0(+0/s) seqbad=0 len_bad=0 disc=1(0x08) | tot_n=38486 tot_to=6 maxever=94419 >2ms=38486 >5ms=38486 >15ms=5062 >20ms=938 >30ms=247 | probes=38494 wrfail=1 down=36s maxout=36s
 599.735  t=667s RTT mean=17382 min=11466 max=49413 n=48 to=0 | cancels=0(+0/s) seqbad=0 len_bad=0 disc=1(0x08) | tot_n=38534 tot_to=6 maxever=94419 >2ms=38534 >5ms=38534 >15ms=5078 >20ms=946 >30ms=253 | probes=38542 wrfail=1 down=36s maxout=36s
 599.789  t=668s RTT mean=14209 min=11468 max=49411 n=59 to=0 | cancels=0(+0/s) seqbad=0 len_bad=0 disc=1(0x08) | tot_n=38593 tot_to=6 maxever=94419 >2ms=38593 >5ms=38593 >15ms=5090 >20ms=948 >30ms=255 | probes=38600 wrfail=1 down=36s maxout=36s
 601.732  t=669s RTT mean=16955 min=11465 max=49413 n=49 to=0 | cancels=0(+0/s) seqbad=0 len_bad=0 disc=1(0x08) | tot_n=38642 tot_to=6 maxever=94419 >2ms=38642 >5ms=38642 >15ms=5109 >20ms=956 >30ms=258 | probes=38650 wrfail=1 down=36s maxout=36s
 601.783  t=670s RTT mean=13511 min=11468 max=26913 n=61 to=0 | cancels=0(+0/s) seqbad=0 len_bad=0 disc=1(0x08) | tot_n=38703 tot_to=6 maxever=94419 >2ms=38703 >5ms=38703 >15ms=5120 >20ms=958 >30ms=258 | probes=38711 wrfail=1 down=36s maxout=36s
 603.770  t=671s RTT mean=16863 min=11468 max=63968 n=50 to=0 | cancels=0(+0/s) seqbad=0 len_bad=0 disc=1(0x08) | tot_n=38753 tot_to=6 maxever=94419 >2ms=38753 >5ms=38753 >15ms=5140 >20ms=963 >30ms=261 | probes=38761 wrfail=1 down=36s maxout=36s
 603.770  t=672s RTT mean=17694 min=11468 max=34859 n=48 to=0 | cancels=0(+0/s) seqbad=0 len_bad=0 disc=1(0x08) | tot_n=38801 tot_to=6 maxever=94419 >2ms=38801 >5ms=38801 >15ms=5164 >20ms=973 >30ms=264 | probes=38809 wrfail=1 down=36s maxout=36s
 605.760  t=673s RTT mean=16714 min=11469 max=42358 n=50 to=0 | cancels=0(+0/s) seqbad=0 len_bad=0 disc=1(0x08) | tot_n=38851 tot_to=6 maxever=94419 >2ms=38851 >5ms=38851 >15ms=5183 >20ms=981 >30ms=268 | probes=38859 wrfail=1 down=36s maxout=36s
 605.760  t=674s RTT mean=14859 min=11468 max=49412 n=56 to=0 | cancels=0(+0/s) seqbad=0 len_bad=0 disc=1(0x08) | tot_n=38907 tot_to=6 maxever=94419 >2ms=38907 >5ms=38907 >15ms=5196 >20ms=985 >30ms=271 | probes=38915 wrfail=1 down=36s maxout=36s
 607.758  t=675s RTT mean=14241 min=11468 max=49859 n=58 to=0 | cancels=0(+0/s) seqbad=0 len_bad=0 disc=1(0x08) | tot_n=38965 tot_to=6 maxever=94419 >2ms=38965 >5ms=38965 >15ms=5206 >20ms=988 >30ms=273 | probes=38973 wrfail=1 down=36s maxout=36s
 607.758  t=676s RTT mean=13663 min=11466 max=19415 n=60 to=0 | cancels=0(+0/s) seqbad=0 len_bad=0 disc=1(0x08) | tot_n=39025 tot_to=6 maxever=94419 >2ms=39025 >5ms=39025 >15ms=5220 >20ms=988 >30ms=273 | probes=39033 wrfail=1 down=36s maxout=36s
 609.763  t=677s RTT mean=13130 min=11466 max=19861 n=62 to=0 | cancels=0(+0/s) seqbad=0 len_bad=0 disc=1(0x08) | tot_n=39087 tot_to=6 maxever=94419 >2ms=39087 >5ms=39087 >15ms=5230 >20ms=988 >30ms=273 | probes=39094 wrfail=1 down=36s maxout=36s
 609.763  t=678s RTT mean=12739 min=11466 max=19859 n=63 to=0 | cancels=0(+0/s) seqbad=0 len_bad=0 disc=1(0x08) | tot_n=39150 tot_to=6 maxever=94419 >2ms=39150 >5ms=39150 >15ms=5237 >20ms=988 >30ms=273 | probes=39158 wrfail=1 down=36s maxout=36s
 611.767  t=679s RTT mean=13389 min=11020 max=27807 n=61 to=0 | cancels=0(+0/s) seqbad=0 len_bad=0 disc=1(0x08) | tot_n=39211 tot_to=6 maxever=94419 >2ms=39211 >5ms=39211 >15ms=5246 >20ms=991 >30ms=273 | probes=39218 wrfail=1 down=36s maxout=36s
 611.767  t=680s RTT mean=12499 min=11468 max=19413 n=64 to=0 | cancels=0(+0/s) seqbad=0 len_bad=0 disc=1(0x08) | tot_n=39275 tot_to=6 maxever=94419 >2ms=39275 >5ms=39275 >15ms=5251 >20ms=991 >30ms=273 | probes=39282 wrfail=1 down=36s maxout=36s
 613.779  t=681s RTT mean=12746 min=11853 max=26912 n=63 to=0 | cancels=0(+0/s) seqbad=0 len_bad=0 disc=1(0x08) | tot_n=39338 tot_to=6 maxever=94419 >2ms=39338 >5ms=39338 >15ms=5257 >20ms=992 >30ms=273 | probes=39346 wrfail=1 down=36s maxout=36s
 613.780  t=682s RTT mean=13143 min=11466 max=19414 n=61 to=0 | cancels=0(+0/s) seqbad=0 len_bad=0 disc=1(0x08) | tot_n=39399 tot_to=6 maxever=94419 >2ms=39399 >5ms=39399 >15ms=5267 >20ms=992 >30ms=273 | probes=39407 wrfail=1 down=36s maxout=36s
 615.732  t=683s RTT mean=13123 min=11913 max=26913 n=62 to=0 | cancels=0(+0/s) seqbad=0 len_bad=0 disc=1(0x08) | tot_n=39461 tot_to=6 maxever=94419 >2ms=39461 >5ms=39461 >15ms=5276 >20ms=993 >30ms=273 | probes=39469 wrfail=1 down=36s maxout=36s
 615.786  t=684s RTT mean=13693 min=11911 max=26913 n=59 to=0 | cancels=0(+0/s) seqbad=0 len_bad=0 disc=1(0x08) | tot_n=39520 tot_to=6 maxever=94419 >2ms=39520 >5ms=39520 >15ms=5288 >20ms=995 >30ms=273 | probes=39528 wrfail=1 down=36s maxout=36s
 617.767  t=685s RTT mean=13914 min=11469 max=34414 n=60 to=0 | cancels=0(+0/s) seqbad=0 len_bad=0 disc=1(0x08) | tot_n=39580 tot_to=6 maxever=94419 >2ms=39580 >5ms=39580 >15ms=5300 >20ms=998 >30ms=274 | probes=39587 wrfail=1 down=36s maxout=36s
 617.767  t=686s RTT mean=13982 min=11465 max=27358 n=58 to=0 | cancels=0(+0/s) seqbad=0 len_bad=0 disc=1(0x08) | tot_n=39638 tot_to=6 maxever=94419 >2ms=39638 >5ms=39638 >15ms=5314 >20ms=1000 >30ms=274 | probes=39646 wrfail=1 down=36s maxout=36s
 619.782  t=687s RTT mean=12382 min=11466 max=19859 n=65 to=0 | cancels=0(+0/s) seqbad=0 len_bad=0 disc=1(0x08) | tot_n=39703 tot_to=6 maxever=94419 >2ms=39703 >5ms=39703 >15ms=5318 >20ms=1000 >30ms=274 | probes=39711 wrfail=1 down=36s maxout=36s
 619.782  t=688s RTT mean=13116 min=11466 max=19858 n=62 to=0 | cancels=0(+0/s) seqbad=0 len_bad=0 disc=1(0x08) | tot_n=39765 tot_to=6 maxever=94419 >2ms=39765 >5ms=39765 >15ms=5328 >20ms=1000 >30ms=274 | probes=39772 wrfail=1 down=36s maxout=36s
 621.766  t=689s RTT mean=13983 min=11020 max=26915 n=58 to=0 | cancels=0(+0/s) seqbad=0 len_bad=0 disc=1(0x08) | tot_n=39823 tot_to=6 maxever=94419 >2ms=39823 >5ms=39823 >15ms=5342 >20ms=1002 >30ms=274 | probes=39831 wrfail=1 down=36s maxout=36s
 621.766  t=690s RTT mean=12746 min=11018 max=26913 n=63 to=0 | cancels=0(+0/s) seqbad=0 len_bad=0 disc=1(0x08) | tot_n=39886 tot_to=6 maxever=94419 >2ms=39886 >5ms=39886 >15ms=5348 >20ms=1003 >30ms=274 | probes=39894 wrfail=1 down=36s maxout=36s
 623.776  t=691s RTT mean=13123 min=11910 max=26914 n=62 to=0 | cancels=0(+0/s) seqbad=0 len_bad=0 disc=1(0x08) | tot_n=39948 tot_to=6 maxever=94419 >2ms=39948 >5ms=39948 >15ms=5357 >20ms=1004 >30ms=274 | probes=39956 wrfail=1 down=36s maxout=36s
 623.776  t=692s RTT mean=12499 min=11910 max=19422 n=64 to=0 | cancels=0(+0/s) seqbad=0 len_bad=0 disc=1(0x08) | tot_n=40012 tot_to=6 maxever=94419 >2ms=40012 >5ms=40012 >15ms=5362 >20ms=1004 >30ms=274 | probes=40020 wrfail=1 down=36s maxout=36s
 625.772  t=693s RTT mean=12616 min=11466 max=19423 n=64 to=0 | cancels=0(+0/s) seqbad=0 len_bad=0 disc=1(0x08) | tot_n=40076 tot_to=6 maxever=94419 >2ms=40076 >5ms=40076 >15ms=5368 >20ms=1004 >30ms=274 | probes=40084 wrfail=1 down=36s maxout=36s
 625.772  t=694s RTT mean=13002 min=11466 max=26913 n=62 to=0 | cancels=0(+0/s) seqbad=0 len_bad=0 disc=1(0x08) | tot_n=40138 tot_to=6 maxever=94419 >2ms=40138 >5ms=40138 >15ms=5376 >20ms=1005 >30ms=274 | probes=40146 wrfail=1 down=36s maxout=36s
 627.767  t=695s RTT mean=12747 min=11910 max=26914 n=63 to=0 | cancels=0(+0/s) seqbad=0 len_bad=0 disc=1(0x08) | tot_n=40201 tot_to=6 maxever=94419 >2ms=40201 >5ms=40201 >15ms=5381 >20ms=1007 >30ms=274 | probes=40209 wrfail=1 down=36s maxout=36s
 627.767  t=696s RTT mean=12734 min=11467 max=26914 n=64 to=0 | cancels=0(+0/s) seqbad=0 len_bad=0 disc=1(0x08) | tot_n=40265 tot_to=6 maxever=94419 >2ms=40265 >5ms=40265 >15ms=5386 >20ms=1009 >30ms=274 | probes=40272 wrfail=1 down=36s maxout=36s
 629.765  t=697s RTT mean=13002 min=11526 max=26912 n=62 to=0 | cancels=0(+0/s) seqbad=0 len_bad=0 disc=1(0x08) | tot_n=40327 tot_to=6 maxever=94419 >2ms=40327 >5ms=40327 >15ms=5394 >20ms=1010 >30ms=274 | probes=40334 wrfail=1 down=36s maxout=36s
 629.765  t=698s RTT mean=13000 min=11806 max=19414 n=62 to=0 | cancels=0(+0/s) seqbad=0 len_bad=0 disc=1(0x08) | tot_n=40389 tot_to=6 maxever=94419 >2ms=40389 >5ms=40389 >15ms=5403 >20ms=1010 >30ms=274 | probes=40397 wrfail=1 down=36s maxout=36s
 631.770  t=699s RTT mean=12866 min=11910 max=26914 n=63 to=0 | cancels=0(+0/s) seqbad=0 len_bad=0 disc=1(0x08) | tot_n=40452 tot_to=6 maxever=94419 >2ms=40452 >5ms=40452 >15ms=5409 >20ms=1012 >30ms=274 | probes=40459 wrfail=1 down=36s maxout=36s
 631.770  t=700s RTT mean=13143 min=11910 max=27359 n=61 to=0 | cancels=0(+0/s) seqbad=0 len_bad=0 disc=1(0x08) | tot_n=40513 tot_to=6 maxever=94419 >2ms=40513 >5ms=40513 >15ms=5417 >20ms=1014 >30ms=274 | probes=40521 wrfail=1 down=36s maxout=36s
 633.767  t=701s RTT mean=13123 min=11910 max=19422 n=62 to=0 | cancels=0(+0/s) seqbad=0 len_bad=0 disc=1(0x08) | tot_n=40575 tot_to=6 maxever=94419 >2ms=40575 >5ms=40575 >15ms=5427 >20ms=1014 >30ms=274 | probes=40583 wrfail=1 down=36s maxout=36s
 633.767  t=702s RTT mean=13002 min=11910 max=26912 n=62 to=0 | cancels=0(+0/s) seqbad=0 len_bad=0 disc=1(0x08) | tot_n=40637 tot_to=6 maxever=94419 >2ms=40637 >5ms=40637 >15ms=5435 >20ms=1015 >30ms=274 | probes=40645 wrfail=1 down=36s maxout=36s
 635.782  t=703s RTT mean=12866 min=11466 max=26913 n=63 to=0 | cancels=0(+0/s) seqbad=0 len_bad=0 disc=1(0x08) | tot_n=40700 tot_to=6 maxever=94419 >2ms=40700 >5ms=40700 >15ms=5441 >20ms=1017 >30ms=274 | probes=40708 wrfail=1 down=36s maxout=36s
 635.782  t=704s RTT mean=12760 min=11910 max=26912 n=62 to=0 | cancels=0(+0/s) seqbad=0 len_bad=0 disc=1(0x08) | tot_n=40762 tot_to=6 maxever=94419 >2ms=40762 >5ms=40762 >15ms=5447 >20ms=1018 >30ms=274 | probes=40770 wrfail=1 down=36s maxout=36s
 637.743  t=705s RTT mean=12985 min=11467 max=19423 n=63 to=0 | cancels=0(+0/s) seqbad=0 len_bad=0 disc=1(0x08) | tot_n=40825 tot_to=6 maxever=94419 >2ms=40825 >5ms=40825 >15ms=5456 >20ms=1018 >30ms=274 | probes=40833 wrfail=1 down=36s maxout=36s
 637.798  t=706s RTT mean=12746 min=11910 max=26913 n=63 to=0 | cancels=0(+0/s) seqbad=0 len_bad=0 disc=1(0x08) | tot_n=40888 tot_to=6 maxever=94419 >2ms=40888 >5ms=40888 >15ms=5462 >20ms=1019 >30ms=274 | probes=40896 wrfail=1 down=36s maxout=36s
 639.734  t=707s RTT mean=13538 min=11910 max=26913 n=60 to=0 | cancels=0(+0/s) seqbad=0 len_bad=0 disc=1(0x08) | tot_n=40948 tot_to=6 maxever=94419 >2ms=40948 >5ms=40948 >15ms=5473 >20ms=1021 >30ms=274 | probes=40956 wrfail=1 down=36s maxout=36s
 639.788  t=708s RTT mean=12733 min=11468 max=19414 n=64 to=0 | cancels=0(+0/s) seqbad=0 len_bad=0 disc=1(0x08) | tot_n=41012 tot_to=6 maxever=94419 >2ms=41012 >5ms=41012 >15ms=5480 >20ms=1021 >30ms=274 | probes=41019 wrfail=1 down=36s maxout=36s
 641.736  t=709s RTT mean=12144 min=11911 max=19414 n=65 to=0 | cancels=0(+0/s) seqbad=0 len_bad=0 disc=1(0x08) | tot_n=41077 tot_to=6 maxever=94419 >2ms=41077 >5ms=41077 >15ms=5482 >20ms=1021 >30ms=274 | probes=41085 wrfail=1 down=36s maxout=36s
 641.791  t=710s RTT mean=12734 min=11911 max=26913 n=64 to=0 | cancels=0(+0/s) seqbad=0 len_bad=0 disc=1(0x08) | tot_n=41141 tot_to=6 maxever=94419 >2ms=41141 >5ms=41141 >15ms=5488 >20ms=1022 >30ms=274 | probes=41148 wrfail=1 down=36s maxout=36s
 643.753  t=711s RTT mean=12499 min=11901 max=19414 n=64 to=0 | cancels=0(+0/s) seqbad=0 len_bad=0 disc=1(0x08) | tot_n=41205 tot_to=6 maxever=94419 >2ms=41205 >5ms=41205 >15ms=5493 >20ms=1022 >30ms=274 | probes=41212 wrfail=1 down=36s maxout=36s
 643.808  t=712s RTT mean=13693 min=11909 max=26913 n=59 to=0 | cancels=0(+0/s) seqbad=0 len_bad=0 disc=1(0x08) | tot_n=41264 tot_to=6 maxever=94419 >2ms=41264 >5ms=41264 >15ms=5506 >20ms=1023 >30ms=274 | probes=41272 wrfail=1 down=36s maxout=36s
 645.764  t=713s RTT mean=12866 min=11468 max=19860 n=63 to=0 | cancels=0(+0/s) seqbad=0 len_bad=0 disc=1(0x08) | tot_n=41327 tot_to=6 maxever=94419 >2ms=41327 >5ms=41327 >15ms=5514 >20ms=1023 >30ms=274 | probes=41335 wrfail=1 down=36s maxout=36s
 645.764  t=714s RTT mean=12260 min=11469 max=19413 n=65 to=0 | cancels=0(+0/s) seqbad=0 len_bad=0 disc=1(0x08) | tot_n=41392 tot_to=6 maxever=94419 >2ms=41392 >5ms=41392 >15ms=5517 >20ms=1023 >30ms=274 | probes=41400 wrfail=1 down=36s maxout=36s
 647.766  t=715s RTT mean=12500 min=11910 max=19415 n=64 to=0 | cancels=0(+0/s) seqbad=0 len_bad=0 disc=1(0x08) | tot_n=41456 tot_to=6 maxever=94419 >2ms=41456 >5ms=41456 >15ms=5522 >20ms=1023 >30ms=274 | probes=41464 wrfail=1 down=36s maxout=36s
 647.766  t=716s RTT mean=12866 min=11468 max=19415 n=63 to=0 | cancels=0(+0/s) seqbad=0 len_bad=0 disc=1(0x08) | tot_n=41519 tot_to=6 maxever=94419 >2ms=41519 >5ms=41519 >15ms=5530 >20ms=1023 >30ms=274 | probes=41527 wrfail=1 down=36s maxout=36s
 649.778  t=717s RTT mean=12866 min=11479 max=19415 n=63 to=0 | cancels=0(+0/s) seqbad=0 len_bad=0 disc=1(0x08) | tot_n=41582 tot_to=6 maxever=94419 >2ms=41582 >5ms=41582 >15ms=5538 >20ms=1023 >30ms=274 | probes=41590 wrfail=1 down=36s maxout=36s
 649.778  t=718s RTT mean=12746 min=11468 max=26912 n=63 to=0 | cancels=0(+0/s) seqbad=0 len_bad=0 disc=1(0x08) | tot_n=41645 tot_to=6 maxever=94419 >2ms=41645 >5ms=41645 >15ms=5544 >20ms=1024 >30ms=274 | probes=41653 wrfail=1 down=36s maxout=36s
 651.780  t=719s RTT mean=13273 min=11910 max=26915 n=61 to=0 | cancels=0(+0/s) seqbad=0 len_bad=0 disc=1(0x08) | tot_n=41706 tot_to=6 maxever=94419 >2ms=41706 >5ms=41706 >15ms=5554 >20ms=1025 >30ms=274 | probes=41714 wrfail=1 down=36s maxout=36s
 651.781  t=720s RTT mean=12859 min=11478 max=26913 n=63 to=0 | cancels=0(+0/s) seqbad=0 len_bad=0 disc=1(0x08) | tot_n=41769 tot_to=6 maxever=94419 >2ms=41769 >5ms=41769 >15ms=5561 >20ms=1026 >30ms=274 | probes=41777 wrfail=1 down=36s maxout=36s
 653.780  t=721s RTT mean=12259 min=11469 max=19414 n=65 to=0 | cancels=0(+0/s) seqbad=0 len_bad=0 disc=1(0x08) | tot_n=41834 tot_to=6 maxever=94419 >2ms=41834 >5ms=41834 >15ms=5564 >20ms=1026 >30ms=274 | probes=41842 wrfail=1 down=36s maxout=36s
 653.780  t=722s RTT mean=13266 min=11910 max=26914 n=61 to=0 | cancels=0(+0/s) seqbad=0 len_bad=0 disc=1(0x08) | tot_n=41895 tot_to=6 maxever=94419 >2ms=41895 >5ms=41895 >15ms=5573 >20ms=1028 >30ms=274 | probes=41903 wrfail=1 down=36s maxout=36s
 655.772  t=723s RTT mean=13002 min=11468 max=19415 n=62 to=0 | cancels=0(+0/s) seqbad=0 len_bad=0 disc=1(0x08) | tot_n=41957 tot_to=6 maxever=94419 >2ms=41957 >5ms=41957 >15ms=5582 >20ms=1028 >30ms=274 | probes=41965 wrfail=1 down=36s maxout=36s
 655.772  t=724s RTT mean=12865 min=11910 max=19414 n=63 to=0 | cancels=0(+0/s) seqbad=0 len_bad=0 disc=1(0x08) | tot_n=42020 tot_to=6 maxever=94419 >2ms=42020 >5ms=42020 >15ms=5590 >20ms=1028 >30ms=274 | probes=42028 wrfail=1 down=36s maxout=36s
 657.778  t=725s RTT mean=13389 min=11468 max=26912 n=61 to=0 | cancels=0(+0/s) seqbad=0 len_bad=0 disc=1(0x08) | tot_n=42081 tot_to=6 maxever=94419 >2ms=42081 >5ms=42081 >15ms=5601 >20ms=1029 >30ms=274 | probes=42088 wrfail=1 down=36s maxout=36s
 657.778  t=726s RTT mean=12746 min=11466 max=26914 n=63 to=0 | cancels=0(+0/s) seqbad=0 len_bad=0 disc=1(0x08) | tot_n=42144 tot_to=6 maxever=94419 >2ms=42144 >5ms=42144 >15ms=5606 >20ms=1031 >30ms=274 | probes=42152 wrfail=1 down=36s maxout=36s
 659.771  t=727s RTT mean=13982 min=11465 max=34414 n=58 to=0 | cancels=0(+0/s) seqbad=0 len_bad=0 disc=1(0x08) | tot_n=42202 tot_to=6 maxever=94419 >2ms=42202 >5ms=42202 >15ms=5618 >20ms=1034 >30ms=275 | probes=42210 wrfail=1 down=36s maxout=36s
 659.771  t=728s RTT mean=13512 min=11526 max=19414 n=61 to=0 | cancels=0(+0/s) seqbad=0 len_bad=0 disc=1(0x08) | tot_n=42263 tot_to=6 maxever=94419 >2ms=42263 >5ms=42263 >15ms=5631 >20ms=1034 >30ms=275 | probes=42270 wrfail=1 down=36s maxout=36s
 661.770  t=729s RTT mean=14593 min=11469 max=41912 n=56 to=0 | cancels=0(+0/s) seqbad=0 len_bad=0 disc=1(0x08) | tot_n=42319 tot_to=6 maxever=94419 >2ms=42319 >5ms=42319 >15ms=5646 >20ms=1037 >30ms=276 | probes=42327 wrfail=1 down=36s maxout=36s
 661.770  t=730s RTT mean=14241 min=11469 max=34414 n=58 to=0 | cancels=0(+0/s) seqbad=0 len_bad=0 disc=1(0x08) | tot_n=42377 tot_to=6 maxever=94419 >2ms=42377 >5ms=42377 >15ms=5661 >20ms=1039 >30ms=277 | probes=42385 wrfail=1 down=36s maxout=36s
 663.762  t=731s RTT mean=15386 min=11911 max=71468 n=54 to=0 | cancels=0(+0/s) seqbad=0 len_bad=0 disc=1(0x08) | tot_n=42431 tot_to=6 maxever=94419 >2ms=42431 >5ms=42431 >15ms=5675 >20ms=1043 >30ms=279 | probes=42439 wrfail=1 down=36s maxout=36s
 663.762  t=732s RTT mean=15875 min=11466 max=41913 n=53 to=0 | cancels=0(+0/s) seqbad=0 len_bad=0 disc=1(0x08) | tot_n=42484 tot_to=6 maxever=94419 >2ms=42484 >5ms=42484 >15ms=5693 >20ms=1050 >30ms=281 | probes=42492 wrfail=1 down=36s maxout=36s
 665.771  t=733s RTT mean=14860 min=11469 max=56913 n=56 to=0 | cancels=0(+0/s) seqbad=0 len_bad=0 disc=1(0x08) | tot_n=42540 tot_to=6 maxever=94419 >2ms=42540 >5ms=42540 >15ms=5706 >20ms=1054 >30ms=283 | probes=42547 wrfail=1 down=36s maxout=36s
 665.771  t=734s RTT mean=22490 min=11913 max=64413 n=39 to=0 | cancels=0(+0/s) seqbad=0 len_bad=0 disc=1(0x08) | tot_n=42579 tot_to=6 maxever=94419 >2ms=42579 >5ms=42579 >15ms=5728 >20ms=1067 >30ms=292 | probes=42587 wrfail=1 down=36s maxout=36s
 667.773  t=735s RTT mean=21059 min=11466 max=56915 n=41 to=0 | cancels=0(+0/s) seqbad=0 len_bad=0 disc=1(0x08) | tot_n=42620 tot_to=6 maxever=94419 >2ms=42620 >5ms=42620 >15ms=5752 >20ms=1082 >30ms=298 | probes=42628 wrfail=1 down=36s maxout=36s
 667.773  t=736s RTT mean=12375 min=11527 max=19414 n=65 to=0 | cancels=0(+0/s) seqbad=0 len_bad=0 disc=1(0x08) | tot_n=42685 tot_to=6 maxever=94419 >2ms=42685 >5ms=42685 >15ms=5756 >20ms=1082 >30ms=298 | probes=42693 wrfail=1 down=36s maxout=36s
 669.787  t=737s RTT mean=12500 min=11466 max=19413 n=64 to=0 | cancels=0(+0/s) seqbad=0 len_bad=0 disc=1(0x08) | tot_n=42749 tot_to=6 maxever=94419 >2ms=42749 >5ms=42749 >15ms=5761 >20ms=1082 >30ms=298 | probes=42757 wrfail=1 down=36s maxout=36s
 669.787  t=738s RTT mean=12616 min=11469 max=19414 n=64 to=0 | cancels=0(+0/s) seqbad=0 len_bad=0 disc=1(0x08) | tot_n=42813 tot_to=6 maxever=94419 >2ms=42813 >5ms=42813 >15ms=5767 >20ms=1082 >30ms=298 | probes=42821 wrfail=1 down=36s maxout=36s
 671.775  t=739s RTT mean=12747 min=11911 max=19413 n=63 to=0 | cancels=0(+0/s) seqbad=0 len_bad=0 disc=1(0x08) | tot_n=42876 tot_to=6 maxever=94419 >2ms=42876 >5ms=42876 >15ms=5774 >20ms=1082 >30ms=298 | probes=42884 wrfail=1 down=36s maxout=36s
 671.775  t=740s RTT mean=12375 min=11466 max=19413 n=65 to=0 | cancels=0(+0/s) seqbad=0 len_bad=0 disc=1(0x08) | tot_n=42941 tot_to=6 maxever=94419 >2ms=42941 >5ms=42941 >15ms=5778 >20ms=1082 >30ms=298 | probes=42949 wrfail=1 down=36s maxout=36s
 673.772  t=741s RTT mean=13693 min=11470 max=26913 n=59 to=0 | cancels=0(+0/s) seqbad=0 len_bad=0 disc=1(0x08) | tot_n=43000 tot_to=6 maxever=94419 >2ms=43000 >5ms=43000 >15ms=5791 >20ms=1083 >30ms=298 | probes=43008 wrfail=1 down=36s maxout=36s
 673.773  t=742s RTT mean=14370 min=11470 max=34413 n=58 to=0 | cancels=0(+0/s) seqbad=0 len_bad=0 disc=1(0x08) | tot_n=43058 tot_to=6 maxever=94419 >2ms=43058 >5ms=43058 >15ms=5804 >20ms=1088 >30ms=299 | probes=43065 wrfail=1 down=36s maxout=36s
 675.751  t=743s RTT mean=13693 min=11469 max=34414 n=59 to=0 | cancels=0(+0/s) seqbad=0 len_bad=0 disc=1(0x08) | tot_n=43117 tot_to=6 maxever=94419 >2ms=43117 >5ms=43117 >15ms=5813 >20ms=1092 >30ms=300 | probes=43125 wrfail=1 down=36s maxout=36s
 675.806  t=744s RTT mean=12616 min=11468 max=19414 n=64 to=0 | cancels=0(+0/s) seqbad=0 len_bad=0 disc=1(0x08) | tot_n=43181 tot_to=6 maxever=94419 >2ms=43181 >5ms=43181 >15ms=5819 >20ms=1092 >30ms=300 | probes=43189 wrfail=1 down=36s maxout=36s
 677.745  t=745s RTT mean=13983 min=11469 max=34412 n=58 to=0 | cancels=0(+0/s) seqbad=0 len_bad=0 disc=1(0x08) | tot_n=43239 tot_to=6 maxever=94419 >2ms=43239 >5ms=43239 >15ms=5831 >20ms=1095 >30ms=301 | probes=43247 wrfail=1 down=36s maxout=36s
 677.798  t=746s RTT mean=13123 min=11463 max=19423 n=62 to=0 | cancels=0(+0/s) seqbad=0 len_bad=0 disc=1(0x08) | tot_n=43301 tot_to=6 maxever=94419 >2ms=43301 >5ms=43301 >15ms=5841 >20ms=1095 >30ms=301 | probes=43309 wrfail=1 down=36s maxout=36s
 679.744  t=747s RTT mean=12866 min=11910 max=26914 n=63 to=0 | cancels=0(+0/s) seqbad=0 len_bad=0 disc=1(0x08) | tot_n=43364 tot_to=6 maxever=94419 >2ms=43364 >5ms=43364 >15ms=5848 >20ms=1096 >30ms=301 | probes=43372 wrfail=1 down=36s maxout=36s
 679.799  t=748s RTT mean=14221 min=11469 max=26913 n=26 to=2 | cancels=0(+0/s) seqbad=0 len_bad=0 disc=1(0x08) | tot_n=43390 tot_to=8 maxever=94419 >2ms=43390 >5ms=43390 >15ms=5855 >20ms=1097 >30ms=301 | probes=43400 wrfail=1 down=36s maxout=36s
 681.749  t=749s RTT mean=0 min=0 max=0 n=0 to=5 | cancels=0(+0/s) seqbad=0 len_bad=0 disc=1(0x08) | tot_n=43390 tot_to=13 maxever=94419 >2ms=43390 >5ms=43390 >15ms=5855 >20ms=1097 >30ms=301 | probes=43405 wrfail=1 down=36s maxout=36s
 681.800  t=750s RTT mean=0 min=0 max=0 n=0 to=0 | cancels=0(+0/s) seqbad=0 len_bad=0 disc=1(0x08) | tot_n=43390 tot_to=13 maxever=94419 >2ms=43390 >5ms=43390 >15ms=5855 >20ms=1097 >30ms=301 | probes=43405 wrfail=1 down=36s maxout=36s
 683.751  t=751s RTT mean=0 min=0 max=0 n=0 to=0 | cancels=0(+0/s) seqbad=0 len_bad=0 disc=1(0x08) | tot_n=43390 tot_to=13 maxever=94419 >2ms=43390 >5ms=43390 >15ms=5855 >20ms=1097 >30ms=301 | probes=43405 wrfail=1 down=36s maxout=36s
 683.751  GAP disconnected 0x08
 683.751  scan rc=0
 683.751  [00:04:14.320,478] [1;33m<wrn> bt_att: Not connected[0m
 683.804  t=752s RTT mean=0 min=0 max=0 n=0 to=0 | cancels=0(+0/s) seqbad=0 len_bad=0 disc=2(0x08) | tot_n=43390 tot_to=13 maxever=94419 >2ms=43390 >5ms=43390 >15ms=5855 >20ms=1097 >30ms=301 | probes=43405 wrfail=2 down=37s maxout=36s
 685.766  t=753s RTT mean=0 min=0 max=0 n=0 to=0 | cancels=0(+0/s) seqbad=0 len_bad=0 disc=2(0x08) | tot_n=43390 tot_to=13 maxever=94419 >2ms=43390 >5ms=43390 >15ms=5855 >20ms=1097 >30ms=301 | probes=43405 wrfail=2 down=38s maxout=36s
 685.766  t=754s RTT mean=0 min=0 max=0 n=0 to=0 | cancels=0(+0/s) seqbad=0 len_bad=0 disc=2(0x08) | tot_n=43390 tot_to=13 maxever=94419 >2ms=43390 >5ms=43390 >15ms=5855 >20ms=1097 >30ms=301 | probes=43405 wrfail=2 down=39s maxout=36s
 687.770  t=755s RTT mean=0 min=0 max=0 n=0 to=0 | cancels=0(+0/s) seqbad=0 len_bad=0 disc=2(0x08) | tot_n=43390 tot_to=13 maxever=94419 >2ms=43390 >5ms=43390 >15ms=5855 >20ms=1097 >30ms=301 | probes=43405 wrfail=2 down=40s maxout=36s
 687.770  t=756s RTT mean=0 min=0 max=0 n=0 to=0 | cancels=0(+0/s) seqbad=0 len_bad=0 disc=2(0x08) | tot_n=43390 tot_to=13 maxever=94419 >2ms=43390 >5ms=43390 >15ms=5855 >20ms=1097 >30ms=301 | probes=43405 wrfail=2 down=41s maxout=36s
 689.780  t=757s RTT mean=0 min=0 max=0 n=0 to=0 | cancels=0(+0/s) seqbad=0 len_bad=0 disc=2(0x08) | tot_n=43390 tot_to=13 maxever=94419 >2ms=43390 >5ms=43390 >15ms=5855 >20ms=1097 >30ms=301 | probes=43405 wrfail=2 down=42s maxout=36s
 689.780  t=758s RTT mean=0 min=0 max=0 n=0 to=0 | cancels=0(+0/s) seqbad=0 len_bad=0 disc=2(0x08) | tot_n=43390 tot_to=13 maxever=94419 >2ms=43390 >5ms=43390 >15ms=5855 >20ms=1097 >30ms=301 | probes=43405 wrfail=2 down=43s maxout=36s
 691.769  t=759s RTT mean=0 min=0 max=0 n=0 to=0 | cancels=0(+0/s) seqbad=0 len_bad=0 disc=2(0x08) | tot_n=43390 tot_to=13 maxever=94419 >2ms=43390 >5ms=43390 >15ms=5855 >20ms=1097 >30ms=301 | probes=43405 wrfail=2 down=44s maxout=36s
 691.769  t=760s RTT mean=0 min=0 max=0 n=0 to=0 | cancels=0(+0/s) seqbad=0 len_bad=0 disc=2(0x08) | tot_n=43390 tot_to=13 maxever=94419 >2ms=43390 >5ms=43390 >15ms=5855 >20ms=1097 >30ms=301 | probes=43405 wrfail=2 down=45s maxout=36s
 693.767  t=761s RTT mean=0 min=0 max=0 n=0 to=0 | cancels=0(+0/s) seqbad=0 len_bad=0 disc=2(0x08) | tot_n=43390 tot_to=13 maxever=94419 >2ms=43390 >5ms=43390 >15ms=5855 >20ms=1097 >30ms=301 | probes=43405 wrfail=2 down=46s maxout=36s
 693.767  t=762s RTT mean=0 min=0 max=0 n=0 to=0 | cancels=0(+0/s) seqbad=0 len_bad=0 disc=2(0x08) | tot_n=43390 tot_to=13 maxever=94419 >2ms=43390 >5ms=43390 >15ms=5855 >20ms=1097 >30ms=301 | probes=43405 wrfail=2 down=47s maxout=36s
 695.761  t=763s RTT mean=0 min=0 max=0 n=0 to=0 | cancels=0(+0/s) seqbad=0 len_bad=0 disc=2(0x08) | tot_n=43390 tot_to=13 maxever=94419 >2ms=43390 >5ms=43390 >15ms=5855 >20ms=1097 >30ms=301 | probes=43405 wrfail=2 down=48s maxout=36s
 695.761  t=764s RTT mean=0 min=0 max=0 n=0 to=0 | cancels=0(+0/s) seqbad=0 len_bad=0 disc=2(0x08) | tot_n=43390 tot_to=13 maxever=94419 >2ms=43390 >5ms=43390 >15ms=5855 >20ms=1097 >30ms=301 | probes=43405 wrfail=2 down=49s maxout=36s
 697.233  Q2CONN AA=968149e2 CRCINIT=08279f hop=14 chan_count=37 map=ffffffff1f
 697.233  GAP connected interval=7500
 697.233  MTU err=0 mtu=23
 697.233  PHY tx=2 rx=2
 697.288  t=765s RTT mean=0 min=0 max=0 n=0 to=0 | cancels=0(+0/s) seqbad=0 len_bad=0 disc=2(0x08) | tot_n=43390 tot_to=13 maxever=94419 >2ms=43390 >5ms=43390 >15ms=5855 >20ms=1097 >30ms=301 | probes=43405 wrfail=2 down=50s maxout=36s
 697.288  discovery start (post-PHY +500ms) interval=7500 phy2m=1
 697.288  SUBSCRIBED, vh=14
 698.758  t=766s RTT mean=15684 min=11468 max=34414 n=41 to=0 | cancels=0(+0/s) seqbad=0 len_bad=0 disc=2(0x08) | tot_n=43431 tot_to=13 maxever=94419 >2ms=43431 >5ms=43431 >15ms=5870 >20ms=1101 >30ms=303 | probes=43447 wrfail=2 down=50s maxout=36s
 698.811  t=767s RTT mean=16096 min=11466 max=34412 n=52 to=0 | cancels=0(+0/s) seqbad=0 len_bad=0 disc=2(0x08) | tot_n=43483 tot_to=13 maxever=94419 >2ms=43483 >5ms=43483 >15ms=5890 >20ms=1109 >30ms=304 | probes=43499 wrfail=2 down=50s maxout=36s
 700.769  t=768s RTT mean=15186 min=11468 max=42359 n=55 to=0 | cancels=0(+0/s) seqbad=0 len_bad=0 disc=2(0x08) | tot_n=43538 tot_to=13 maxever=94419 >2ms=43538 >5ms=43538 >15ms=5906 >20ms=1114 >30ms=306 | probes=43553 wrfail=2 down=50s maxout=36s
 700.769  t=769s RTT mean=16333 min=11468 max=34414 n=51 to=0 | cancels=0(+0/s) seqbad=0 len_bad=0 disc=2(0x08) | tot_n=43589 tot_to=13 maxever=94419 >2ms=43589 >5ms=43589 >15ms=5926 >20ms=1121 >30ms=309 | probes=43605 wrfail=2 down=50s maxout=36s
 702.781  t=770s RTT mean=15516 min=11480 max=41913 n=54 to=0 | cancels=0(+0/s) seqbad=0 len_bad=0 disc=2(0x08) | tot_n=43643 tot_to=13 maxever=94419 >2ms=43643 >5ms=43643 >15ms=5945 >20ms=1126 >30ms=310 | probes=43659 wrfail=2 down=50s maxout=36s
 702.781  t=771s RTT mean=15952 min=11021 max=49410 n=52 to=0 | cancels=0(+0/s) seqbad=0 len_bad=0 disc=2(0x08) | tot_n=43695 tot_to=13 maxever=94419 >2ms=43695 >5ms=43695 >15ms=5963 >20ms=1131 >30ms=313 | probes=43711 wrfail=2 down=50s maxout=36s
 704.793  t=772s RTT mean=18007 min=11913 max=56913 n=48 to=0 | cancels=0(+0/s) seqbad=0 len_bad=0 disc=2(0x08) | tot_n=43743 tot_to=13 maxever=94419 >2ms=43743 >5ms=43743 >15ms=5985 >20ms=1139 >30ms=319 | probes=43759 wrfail=2 down=50s maxout=36s
 704.794  t=773s RTT mean=15875 min=11468 max=34414 n=53 to=0 | cancels=0(+0/s) seqbad=0 len_bad=0 disc=2(0x08) | tot_n=43796 tot_to=13 maxever=94419 >2ms=43796 >5ms=43796 >15ms=6003 >20ms=1147 >30ms=321 | probes=43811 wrfail=2 down=50s maxout=36s
 706.795  t=774s RTT mean=14592 min=11911 max=26913 n=56 to=0 | cancels=0(+0/s) seqbad=0 len_bad=0 disc=2(0x08) | tot_n=43852 tot_to=13 maxever=94419 >2ms=43852 >5ms=43852 >15ms=6021 >20ms=1149 >30ms=321 | probes=43868 wrfail=2 down=50s maxout=36s
 706.795  t=775s RTT mean=15875 min=11467 max=26914 n=53 to=0 | cancels=0(+0/s) seqbad=0 len_bad=0 disc=2(0x08) | tot_n=43905 tot_to=13 maxever=94419 >2ms=43905 >5ms=43905 >15ms=6046 >20ms=1152 >30ms=321 | probes=43921 wrfail=2 down=50s maxout=36s
 708.796  t=776s RTT mean=16472 min=11911 max=49413 n=51 to=0 | cancels=0(+0/s) seqbad=0 len_bad=0 disc=2(0x08) | tot_n=43956 tot_to=13 maxever=94419 >2ms=43956 >5ms=43956 >15ms=6065 >20ms=1158 >30ms=325 | probes=43972 wrfail=2 down=50s maxout=36s
 708.796  t=777s RTT mean=13947 min=11468 max=26914 n=59 to=0 | cancels=0(+0/s) seqbad=0 len_bad=0 disc=2(0x08) | tot_n=44015 tot_to=13 maxever=94419 >2ms=44015 >5ms=44015 >15ms=6080 >20ms=1159 >30ms=325 | probes=44031 wrfail=2 down=50s maxout=36s
 710.751  t=778s RTT mean=14150 min=11468 max=26913 n=57 to=0 | cancels=0(+0/s) seqbad=0 len_bad=0 disc=2(0x08) | tot_n=44072 tot_to=13 maxever=94419 >2ms=44072 >5ms=44072 >15ms=6095 >20ms=1161 >30ms=325 | probes=44088 wrfail=2 down=50s maxout=36s
 710.804  t=779s RTT mean=14074 min=11911 max=34412 n=59 to=0 | cancels=0(+0/s) seqbad=0 len_bad=0 disc=2(0x08) | tot_n=44131 tot_to=13 maxever=94419 >2ms=44131 >5ms=44131 >15ms=6110 >20ms=1162 >30ms=326 | probes=44147 wrfail=2 down=50s maxout=36s
 712.766  t=780s RTT mean=15186 min=11467 max=26913 n=55 to=0 | cancels=0(+0/s) seqbad=0 len_bad=0 disc=2(0x08) | tot_n=44186 tot_to=13 maxever=94419 >2ms=44186 >5ms=44186 >15ms=6130 >20ms=1166 >30ms=326 | probes=44202 wrfail=2 down=50s maxout=36s
 712.766  t=781s RTT mean=19243 min=11467 max=49413 n=44 to=0 | cancels=0(+0/s) seqbad=0 len_bad=0 disc=2(0x08) | tot_n=44230 tot_to=13 maxever=94419 >2ms=44230 >5ms=44230 >15ms=6152 >20ms=1175 >30ms=331 | probes=44246 wrfail=2 down=50s maxout=36s
 714.769  t=782s RTT mean=18007 min=11469 max=71930 n=48 to=0 | cancels=0(+0/s) seqbad=0 len_bad=0 disc=2(0x08) | tot_n=44278 tot_to=13 maxever=94419 >2ms=44278 >5ms=44278 >15ms=6173 >20ms=1186 >30ms=333 | probes=44294 wrfail=2 down=50s maxout=36s
 714.769  t=783s RTT mean=14241 min=11469 max=26913 n=58 to=0 | cancels=0(+0/s) seqbad=0 len_bad=0 disc=2(0x08) | tot_n=44336 tot_to=13 maxever=94419 >2ms=44336 >5ms=44336 >15ms=6188 >20ms=1189 >30ms=333 | probes=44352 wrfail=2 down=50s maxout=36s
 716.780  t=784s RTT mean=13990 min=11467 max=26914 n=58 to=0 | cancels=0(+0/s) seqbad=0 len_bad=0 disc=2(0x08) | tot_n=44394 tot_to=13 maxever=94419 >2ms=44394 >5ms=44394 >15ms=6202 >20ms=1191 >30ms=333 | probes=44410 wrfail=2 down=50s maxout=36s
 716.780  t=785s RTT mean=30518 min=11544 max=109412 n=29 to=0 | cancels=0(+0/s) seqbad=0 len_bad=0 disc=2(0x08) | tot_n=44423 tot_to=13 maxever=109412 >2ms=44423 >5ms=44423 >15ms=6222 >20ms=1206 >30ms=343 | probes=44439 wrfail=2 down=50s maxout=36s
 718.755  t=786s RTT mean=34413 min=11468 max=101468 n=27 to=0 | cancels=0(+0/s) seqbad=0 len_bad=0 disc=2(0x08) | tot_n=44450 tot_to=13 maxever=109412 >2ms=44450 >5ms=44450 >15ms=6242 >20ms=1219 >30ms=353 | probes=44466 wrfail=2 down=50s maxout=36s
 718.811  t=787s RTT mean=28345 min=11465 max=110246 n=32 to=0 | cancels=0(+0/s) seqbad=0 len_bad=0 disc=2(0x08) | tot_n=44482 tot_to=13 maxever=110246 >2ms=44482 >5ms=44482 >15ms=6259 >20ms=1232 >30ms=360 | probes=44498 wrfail=2 down=50s maxout=36s
 720.750  t=788s RTT mean=20440 min=11468 max=57374 n=43 to=0 | cancels=0(+0/s) seqbad=0 len_bad=0 disc=2(0x08) | tot_n=44525 tot_to=13 maxever=110246 >2ms=44525 >5ms=44525 >15ms=6283 >20ms=1244 >30ms=366 | probes=44541 wrfail=2 down=50s maxout=36s
 720.802  t=789s RTT mean=19246 min=11466 max=41913 n=45 to=0 | cancels=0(+0/s) seqbad=0 len_bad=0 disc=2(0x08) | tot_n=44570 tot_to=13 maxever=110246 >2ms=44570 >5ms=44570 >15ms=6308 >20ms=1256 >30ms=371 | probes=44586 wrfail=2 down=50s maxout=36s
 722.752  t=790s RTT mean=15186 min=11469 max=26932 n=55 to=0 | cancels=0(+0/s) seqbad=0 len_bad=0 disc=2(0x08) | tot_n=44625 tot_to=13 maxever=110246 >2ms=44625 >5ms=44625 >15ms=6327 >20ms=1261 >30ms=371 | probes=44640 wrfail=2 down=50s maxout=36s
 722.809  t=791s RTT mean=14281 min=11468 max=26915 n=57 to=0 | cancels=0(+0/s) seqbad=0 len_bad=0 disc=2(0x08) | tot_n=44682 tot_to=13 maxever=110246 >2ms=44682 >5ms=44682 >15ms=6344 >20ms=1262 >30ms=371 | probes=44698 wrfail=2 down=50s maxout=36s
 724.750  t=792s RTT mean=14112 min=11469 max=34413 n=58 to=0 | cancels=0(+0/s) seqbad=0 len_bad=0 disc=2(0x08) | tot_n=44740 tot_to=13 maxever=110246 >2ms=44740 >5ms=44740 >15ms=6358 >20ms=1264 >30ms=372 | probes=44756 wrfail=2 down=50s maxout=36s
 724.803  t=793s RTT mean=15663 min=11911 max=49412 n=54 to=0 | cancels=0(+0/s) seqbad=0 len_bad=0 disc=2(0x08) | tot_n=44794 tot_to=13 maxever=110246 >2ms=44794 >5ms=44794 >15ms=6374 >20ms=1269 >30ms=375 | probes=44809 wrfail=2 down=50s maxout=36s
 726.761  t=794s RTT mean=14458 min=11911 max=34859 n=56 to=0 | cancels=0(+0/s) seqbad=0 len_bad=0 disc=2(0x08) | tot_n=44850 tot_to=13 maxever=110246 >2ms=44850 >5ms=44850 >15ms=6388 >20ms=1273 >30ms=376 | probes=44866 wrfail=2 down=50s maxout=36s
 726.817  t=795s RTT mean=14993 min=11469 max=34414 n=56 to=0 | cancels=0(+0/s) seqbad=0 len_bad=0 disc=2(0x08) | tot_n=44906 tot_to=13 maxever=110246 >2ms=44906 >5ms=44906 >15ms=6404 >20ms=1279 >30ms=377 | probes=44922 wrfail=2 down=50s maxout=36s
 728.757  t=796s RTT mean=13947 min=11913 max=26913 n=59 to=0 | cancels=0(+0/s) seqbad=0 len_bad=0 disc=2(0x08) | tot_n=44965 tot_to=13 maxever=110246 >2ms=44965 >5ms=44965 >15ms=6419 >20ms=1280 >30ms=377 | probes=44980 wrfail=2 down=50s maxout=36s
 728.812  t=797s RTT mean=14725 min=11466 max=26915 n=56 to=0 | cancels=0(+0/s) seqbad=0 len_bad=0 disc=2(0x08) | tot_n=45021 tot_to=13 maxever=110246 >2ms=45021 >5ms=45021 >15ms=6436 >20ms=1284 >30ms=377 | probes=45037 wrfail=2 down=50s maxout=36s
 730.759  t=798s RTT mean=13566 min=11466 max=26913 n=59 to=0 | cancels=0(+0/s) seqbad=0 len_bad=0 disc=2(0x08) | tot_n=45080 tot_to=13 maxever=110246 >2ms=45080 >5ms=45080 >15ms=6448 >20ms=1285 >30ms=377 | probes=45096 wrfail=2 down=50s maxout=36s
 730.813  t=799s RTT mean=15127 min=11469 max=34413 n=56 to=0 | cancels=0(+0/s) seqbad=0 len_bad=0 disc=2(0x08) | tot_n=45136 tot_to=13 maxever=110246 >2ms=45136 >5ms=45136 >15ms=6468 >20ms=1288 >30ms=378 | probes=45151 wrfail=2 down=50s maxout=36s
 732.764  t=800s RTT mean=13724 min=11469 max=26912 n=58 to=0 | cancels=0(+0/s) seqbad=0 len_bad=0 disc=2(0x08) | tot_n=45194 tot_to=13 maxever=110246 >2ms=45194 >5ms=45194 >15ms=6481 >20ms=1289 >30ms=378 | probes=45210 wrfail=2 down=50s maxout=36s
 732.819  t=801s RTT mean=16472 min=11468 max=49413 n=51 to=0 | cancels=0(+0/s) seqbad=0 len_bad=0 disc=2(0x08) | tot_n=45245 tot_to=13 maxever=110246 >2ms=45245 >5ms=45245 >15ms=6499 >20ms=1298 >30ms=380 | probes=45261 wrfail=2 down=50s maxout=36s
 734.781  t=802s RTT mean=16774 min=11468 max=34414 n=51 to=0 | cancels=0(+0/s) seqbad=0 len_bad=0 disc=2(0x08) | tot_n=45296 tot_to=13 maxever=110246 >2ms=45296 >5ms=45296 >15ms=6523 >20ms=1306 >30ms=381 | probes=45312 wrfail=2 down=50s maxout=36s
 734.781  t=803s RTT mean=19238 min=11470 max=71466 n=45 to=0 | cancels=0(+0/s) seqbad=0 len_bad=0 disc=2(0x08) | tot_n=45341 tot_to=13 maxever=110246 >2ms=45341 >5ms=45341 >15ms=6548 >20ms=1318 >30ms=383 | probes=45357 wrfail=2 down=50s maxout=36s
 736.761  t=804s RTT mean=17013 min=11910 max=41913 n=50 to=0 | cancels=0(+0/s) seqbad=0 len_bad=0 disc=2(0x08) | tot_n=45391 tot_to=13 maxever=110246 >2ms=45391 >5ms=45391 >15ms=6570 >20ms=1327 >30ms=385 | probes=45407 wrfail=2 down=50s maxout=36s
 736.813  t=805s RTT mean=16619 min=11468 max=41912 n=51 to=0 | cancels=0(+0/s) seqbad=0 len_bad=0 disc=2(0x08) | tot_n=45442 tot_to=13 maxever=110246 >2ms=45442 >5ms=45442 >15ms=6593 >20ms=1332 >30ms=388 | probes=45458 wrfail=2 down=50s maxout=36s
 738.756  t=806s RTT mean=16713 min=11468 max=26929 n=50 to=0 | cancels=0(+0/s) seqbad=0 len_bad=0 disc=2(0x08) | tot_n=45492 tot_to=13 maxever=110246 >2ms=45492 >5ms=45492 >15ms=6619 >20ms=1338 >30ms=388 | probes=45508 wrfail=2 down=50s maxout=36s
 738.810  t=807s RTT mean=16240 min=11468 max=34415 n=52 to=0 | cancels=0(+0/s) seqbad=0 len_bad=0 disc=2(0x08) | tot_n=45544 tot_to=13 maxever=110246 >2ms=45544 >5ms=45544 >15ms=6639 >20ms=1346 >30ms=390 | probes=45560 wrfail=2 down=50s maxout=36s
 740.757  t=808s RTT mean=17538 min=11468 max=49413 n=48 to=0 | cancels=0(+0/s) seqbad=0 len_bad=0 disc=2(0x08) | tot_n=45592 tot_to=13 maxever=110246 >2ms=45592 >5ms=45592 >15ms=6661 >20ms=1355 >30ms=392 | probes=45608 wrfail=2 down=50s maxout=36s
 740.811  t=809s RTT mean=16619 min=11468 max=41922 n=51 to=0 | cancels=0(+0/s) seqbad=0 len_bad=0 disc=2(0x08) | tot_n=45643 tot_to=13 maxever=110246 >2ms=45643 >5ms=45643 >15ms=6685 >20ms=1360 >30ms=394 | probes=45659 wrfail=2 down=50s maxout=36s
 742.758  t=810s RTT mean=13947 min=11468 max=26913 n=59 to=0 | cancels=0(+0/s) seqbad=0 len_bad=0 disc=2(0x08) | tot_n=45702 tot_to=13 maxever=110246 >2ms=45702 >5ms=45702 >15ms=6698 >20ms=1363 >30ms=394 | probes=45718 wrfail=2 down=50s maxout=36s
 742.815  t=811s RTT mean=18913 min=11467 max=41912 n=45 to=0 | cancels=0(+0/s) seqbad=0 len_bad=0 disc=2(0x08) | tot_n=45747 tot_to=13 maxever=110246 >2ms=45747 >5ms=45747 >15ms=6725 >20ms=1372 >30ms=399 | probes=45763 wrfail=2 down=50s maxout=36s
 744.767  t=812s RTT mean=17432 min=11913 max=41525 n=49 to=0 | cancels=0(+0/s) seqbad=0 len_bad=0 disc=2(0x08) | tot_n=45796 tot_to=13 maxever=110246 >2ms=45796 >5ms=45796 >15ms=6747 >20ms=1381 >30ms=403 | probes=45812 wrfail=2 down=50s maxout=36s
 744.820  t=813s RTT mean=24266 min=11478 max=63966 n=37 to=0 | cancels=0(+0/s) seqbad=0 len_bad=0 disc=2(0x08) | tot_n=45833 tot_to=13 maxever=110246 >2ms=45833 >5ms=45833 >15ms=6774 >20ms=1396 >30ms=411 | probes=45848 wrfail=2 down=50s maxout=36s
 746.780  t=814s RTT mean=16863 min=11469 max=34414 n=50 to=0 | cancels=0(+0/s) seqbad=0 len_bad=0 disc=2(0x08) | tot_n=45883 tot_to=13 maxever=110246 >2ms=45883 >5ms=45883 >15ms=6797 >20ms=1404 >30ms=413 | probes=45899 wrfail=2 down=50s maxout=36s
 746.780  t=815s RTT mean=15592 min=11466 max=26921 n=53 to=0 | cancels=0(+0/s) seqbad=0 len_bad=0 disc=2(0x08) | tot_n=45936 tot_to=13 maxever=110246 >2ms=45936 >5ms=45936 >15ms=6816 >20ms=1411 >30ms=413 | probes=45952 wrfail=2 down=50s maxout=36s
 748.794  t=816s RTT mean=15323 min=11468 max=26915 n=55 to=0 | cancels=0(+0/s) seqbad=0 len_bad=0 disc=2(0x08) | tot_n=45991 tot_to=13 maxever=110246 >2ms=45991 >5ms=45991 >15ms=6836 >20ms=1416 >30ms=413 | probes=46006 wrfail=2 down=50s maxout=36s
 748.794  t=817s RTT mean=14591 min=11468 max=34413 n=56 to=0 | cancels=0(+0/s) seqbad=0 len_bad=0 disc=2(0x08) | tot_n=46047 tot_to=13 maxever=110246 >2ms=46047 >5ms=46047 >15ms=6850 >20ms=1421 >30ms=414 | probes=46063 wrfail=2 down=50s maxout=36s
 750.753  t=818s RTT mean=14914 min=11467 max=34412 n=55 to=0 | cancels=0(+0/s) seqbad=0 len_bad=0 disc=2(0x08) | tot_n=46102 tot_to=13 maxever=110246 >2ms=46102 >5ms=46102 >15ms=6866 >20ms=1426 >30ms=415 | probes=46118 wrfail=2 down=50s maxout=36s
 750.808  t=819s RTT mean=15734 min=11466 max=41913 n=53 to=0 | cancels=0(+0/s) seqbad=0 len_bad=0 disc=2(0x08) | tot_n=46155 tot_to=13 maxever=110246 >2ms=46155 >5ms=46155 >15ms=6885 >20ms=1431 >30ms=417 | probes=46171 wrfail=2 down=50s maxout=36s
 752.804  t=820s RTT mean=26265 min=11468 max=79414 n=34 to=0 | cancels=0(+0/s) seqbad=0 len_bad=0 disc=2(0x08) | tot_n=46189 tot_to=13 maxever=110246 >2ms=46189 >5ms=46189 >15ms=6909 >20ms=1446 >30ms=426 | probes=46205 wrfail=2 down=50s maxout=36s
 752.804  t=821s RTT mean=26679 min=11021 max=78971 n=34 to=0 | cancels=0(+0/s) seqbad=0 len_bad=0 disc=2(0x08) | tot_n=46223 tot_to=13 maxever=110246 >2ms=46223 >5ms=46223 >15ms=6932 >20ms=1465 >30ms=437 | probes=46239 wrfail=2 down=50s maxout=36s
 754.806  t=822s RTT mean=27639 min=11468 max=57367 n=31 to=0 | cancels=0(+0/s) seqbad=0 len_bad=0 disc=2(0x08) | tot_n=46254 tot_to=13 maxever=110246 >2ms=46254 >5ms=46254 >15ms=6955 >20ms=1480 >30ms=448 | probes=46270 wrfail=2 down=50s maxout=36s
 754.806  t=823s RTT mean=24028 min=11468 max=79858 n=39 to=0 | cancels=0(+0/s) seqbad=0 len_bad=0 disc=2(0x08) | tot_n=46293 tot_to=13 maxever=110246 >2ms=46293 >5ms=46293 >15ms=6976 >20ms=1495 >30ms=458 | probes=46309 wrfail=2 down=50s maxout=36s
 756.756  t=824s RTT mean=15385 min=11469 max=34412 n=54 to=0 | cancels=0(+0/s) seqbad=0 len_bad=0 disc=2(0x08) | tot_n=46347 tot_to=13 maxever=110246 >2ms=46347 >5ms=46347 >15ms=6992 >20ms=1503 >30ms=459 | probes=46363 wrfail=2 down=50s maxout=36s
 756.813  t=825s RTT mean=16325 min=11469 max=34416 n=51 to=0 | cancels=0(+0/s) seqbad=0 len_bad=0 disc=2(0x08) | tot_n=46398 tot_to=13 maxever=110246 >2ms=46398 >5ms=46398 >15ms=7014 >20ms=1509 >30ms=461 | probes=46414 wrfail=2 down=50s maxout=36s
 758.802  t=826s RTT mean=17424 min=11912 max=34415 n=49 to=0 | cancels=0(+0/s) seqbad=0 len_bad=0 disc=2(0x08) | tot_n=46447 tot_to=13 maxever=110246 >2ms=46447 >5ms=46447 >15ms=7039 >20ms=1517 >30ms=464 | probes=46463 wrfail=2 down=50s maxout=36s
 758.802  t=827s RTT mean=17432 min=11469 max=42360 n=49 to=0 | cancels=0(+0/s) seqbad=0 len_bad=0 disc=2(0x08) | tot_n=46496 tot_to=13 maxever=110246 >2ms=46496 >5ms=46496 >15ms=7059 >20ms=1526 >30ms=469 | probes=46512 wrfail=2 down=50s maxout=36s
 760.798  t=828s RTT mean=31295 min=11468 max=79858 n=29 to=0 | cancels=0(+0/s) seqbad=0 len_bad=0 disc=2(0x08) | tot_n=46525 tot_to=13 maxever=110246 >2ms=46525 >5ms=46525 >15ms=7084 >20ms=1545 >30ms=483 | probes=46541 wrfail=2 down=50s maxout=36s
 760.798  t=829s RTT mean=28085 min=11466 max=101915 n=32 to=0 | cancels=0(+0/s) seqbad=0 len_bad=0 disc=2(0x08) | tot_n=46557 tot_to=13 maxever=110246 >2ms=46557 >5ms=46557 >15ms=7099 >20ms=1557 >30ms=493 | probes=46573 wrfail=2 down=50s maxout=36s
 762.777  t=830s RTT mean=15876 min=11466 max=49801 n=53 to=0 | cancels=0(+0/s) seqbad=0 len_bad=0 disc=2(0x08) | tot_n=46610 tot_to=13 maxever=110246 >2ms=46610 >5ms=46610 >15ms=7117 >20ms=1564 >30ms=494 | probes=46626 wrfail=2 down=50s maxout=36s
 762.777  t=831s RTT mean=16096 min=11466 max=41914 n=52 to=0 | cancels=0(+0/s) seqbad=0 len_bad=0 disc=2(0x08) | tot_n=46662 tot_to=13 maxever=110246 >2ms=46662 >5ms=46662 >15ms=7137 >20ms=1571 >30ms=495 | probes=46678 wrfail=2 down=50s maxout=36s
 764.794  t=832s RTT mean=17013 min=11469 max=41931 n=50 to=0 | cancels=0(+0/s) seqbad=0 len_bad=0 disc=2(0x08) | tot_n=46712 tot_to=13 maxever=110246 >2ms=46712 >5ms=46712 >15ms=7157 >20ms=1580 >30ms=498 | probes=46728 wrfail=2 down=50s maxout=36s
 764.794  t=833s RTT mean=30413 min=11466 max=86468 n=30 to=0 | cancels=0(+0/s) seqbad=0 len_bad=0 disc=2(0x08) | tot_n=46742 tot_to=13 maxever=110246 >2ms=46742 >5ms=46742 >15ms=7181 >20ms=1599 >30ms=509 | probes=46757 wrfail=2 down=50s maxout=36s
 766.804  t=834s RTT mean=14592 min=11468 max=34413 n=56 to=0 | cancels=0(+0/s) seqbad=0 len_bad=0 disc=2(0x08) | tot_n=46798 tot_to=13 maxever=110246 >2ms=46798 >5ms=46798 >15ms=7195 >20ms=1603 >30ms=511 | probes=46814 wrfail=2 down=50s maxout=36s
 766.804  t=835s RTT mean=16619 min=11526 max=34413 n=51 to=0 | cancels=0(+0/s) seqbad=0 len_bad=0 disc=2(0x08) | tot_n=46849 tot_to=13 maxever=110246 >2ms=46849 >5ms=46849 >15ms=7216 >20ms=1613 >30ms=512 | probes=46865 wrfail=2 down=50s maxout=36s
 768.801  t=836s RTT mean=16096 min=11469 max=41914 n=52 to=0 | cancels=0(+0/s) seqbad=0 len_bad=0 disc=2(0x08) | tot_n=46901 tot_to=13 maxever=110246 >2ms=46901 >5ms=46901 >15ms=7236 >20ms=1619 >30ms=514 | probes=46917 wrfail=2 down=50s maxout=36s
 768.801  t=837s RTT mean=15050 min=11468 max=27359 n=55 to=0 | cancels=0(+0/s) seqbad=0 len_bad=0 disc=2(0x08) | tot_n=46956 tot_to=13 maxever=110246 >2ms=46956 >5ms=46956 >15ms=7253 >20ms=1625 >30ms=514 | probes=46972 wrfail=2 down=50s maxout=36s
 770.777  t=838s RTT mean=16240 min=11468 max=41914 n=52 to=0 | cancels=0(+0/s) seqbad=0 len_bad=0 disc=2(0x08) | tot_n=47008 tot_to=13 maxever=110246 >2ms=47008 >5ms=47008 >15ms=7272 >20ms=1633 >30ms=516 | probes=47024 wrfail=2 down=50s maxout=36s
 770.777  t=839s RTT mean=16863 min=11466 max=41909 n=50 to=0 | cancels=0(+0/s) seqbad=0 len_bad=0 disc=2(0x08) | tot_n=47058 tot_to=13 maxever=110246 >2ms=47058 >5ms=47058 >15ms=7296 >20ms=1639 >30ms=518 | probes=47074 wrfail=2 down=50s maxout=36s
 772.769  t=840s RTT mean=16619 min=11469 max=41916 n=51 to=0 | cancels=0(+0/s) seqbad=0 len_bad=0 disc=2(0x08) | tot_n=47109 tot_to=13 maxever=110246 >2ms=47109 >5ms=47109 >15ms=7315 >20ms=1647 >30ms=521 | probes=47125 wrfail=2 down=50s maxout=36s
 772.822  t=841s RTT mean=16964 min=11467 max=34413 n=49 to=0 | cancels=0(+0/s) seqbad=0 len_bad=0 disc=2(0x08) | tot_n=47158 tot_to=13 maxever=110246 >2ms=47158 >5ms=47158 >15ms=7338 >20ms=1655 >30ms=523 | probes=47174 wrfail=2 down=50s maxout=36s
 774.761  t=842s RTT mean=16529 min=11469 max=34415 n=52 to=0 | cancels=0(+0/s) seqbad=0 len_bad=0 disc=2(0x08) | tot_n=47210 tot_to=13 maxever=110246 >2ms=47210 >5ms=47210 >15ms=7360 >20ms=1663 >30ms=525 | probes=47226 wrfail=2 down=50s maxout=36s
 774.813  t=843s RTT mean=15385 min=11470 max=34413 n=54 to=0 | cancels=0(+0/s) seqbad=0 len_bad=0 disc=2(0x08) | tot_n=47264 tot_to=13 maxever=110246 >2ms=47264 >5ms=47264 >15ms=7382 >20ms=1665 >30ms=526 | probes=47280 wrfail=2 down=50s maxout=36s
 776.754  t=844s RTT mean=15876 min=11468 max=34413 n=53 to=0 | cancels=0(+0/s) seqbad=0 len_bad=0 disc=2(0x08) | tot_n=47317 tot_to=13 maxever=110246 >2ms=47317 >5ms=47317 >15ms=7405 >20ms=1669 >30ms=527 | probes=47332 wrfail=2 down=50s maxout=36s
 776.809  t=845s RTT mean=15592 min=11466 max=34411 n=53 to=0 | cancels=0(+0/s) seqbad=0 len_bad=0 disc=2(0x08) | tot_n=47370 tot_to=13 maxever=110246 >2ms=47370 >5ms=47370 >15ms=7423 >20ms=1676 >30ms=528 | probes=47386 wrfail=2 down=50s maxout=36s
 778.799  t=846s RTT mean=13663 min=11466 max=26913 n=60 to=0 | cancels=0(+0/s) seqbad=0 len_bad=0 disc=2(0x08) | tot_n=47430 tot_to=13 maxever=110246 >2ms=47430 >5ms=47430 >15ms=7434 >20ms=1679 >30ms=528 | probes=47446 wrfail=2 down=50s maxout=36s
 778.799  t=847s RTT mean=14458 min=11465 max=34413 n=56 to=0 | cancels=0(+0/s) seqbad=0 len_bad=0 disc=2(0x08) | tot_n=47486 tot_to=13 maxever=110246 >2ms=47486 >5ms=47486 >15ms=7448 >20ms=1683 >30ms=529 | probes=47502 wrfail=2 down=50s maxout=36s
 780.797  t=848s RTT mean=16017 min=11469 max=34410 n=53 to=0 | cancels=0(+0/s) seqbad=0 len_bad=0 disc=2(0x08) | tot_n=47539 tot_to=13 maxever=110246 >2ms=47539 >5ms=47539 >15ms=7469 >20ms=1690 >30ms=530 | probes=47555 wrfail=2 down=50s maxout=36s
 780.797  t=849s RTT mean=15875 min=11912 max=34414 n=53 to=0 | cancels=0(+0/s) seqbad=0 len_bad=0 disc=2(0x08) | tot_n=47592 tot_to=13 maxever=110246 >2ms=47592 >5ms=47592 >15ms=7488 >20ms=1696 >30ms=533 | probes=47608 wrfail=2 down=50s maxout=36s
 782.785  t=850s RTT mean=17658 min=11468 max=34413 n=47 to=0 | cancels=0(+0/s) seqbad=0 len_bad=0 disc=2(0x08) | tot_n=47639 tot_to=13 maxever=110246 >2ms=47639 >5ms=47639 >15ms=7511 >20ms=1708 >30ms=535 | probes=47655 wrfail=2 down=50s maxout=36s
 782.785  t=851s RTT mean=15261 min=11470 max=34417 n=56 to=0 | cancels=0(+0/s) seqbad=0 len_bad=0 disc=2(0x08) | tot_n=47695 tot_to=13 maxever=110246 >2ms=47695 >5ms=47695 >15ms=7526 >20ms=1716 >30ms=537 | probes=47711 wrfail=2 down=50s maxout=36s
 784.788  t=852s RTT mean=16325 min=11466 max=42360 n=51 to=0 | cancels=0(+0/s) seqbad=0 len_bad=0 disc=2(0x08) | tot_n=47746 tot_to=13 maxever=110246 >2ms=47746 >5ms=47746 >15ms=7545 >20ms=1723 >30ms=540 | probes=47762 wrfail=2 down=50s maxout=36s
 784.788  t=853s RTT mean=19246 min=11466 max=41913 n=45 to=0 | cancels=0(+0/s) seqbad=0 len_bad=0 disc=2(0x08) | tot_n=47791 tot_to=13 maxever=110246 >2ms=47791 >5ms=47791 >15ms=7570 >20ms=1734 >30ms=546 | probes=47807 wrfail=2 down=50s maxout=36s
 786.786  t=854s RTT mean=17695 min=11465 max=41912 n=48 to=0 | cancels=0(+0/s) seqbad=0 len_bad=0 disc=2(0x08) | tot_n=47839 tot_to=13 maxever=110246 >2ms=47839 >5ms=47839 >15ms=7593 >20ms=1743 >30ms=550 | probes=47855 wrfail=2 down=50s maxout=36s
 786.787  t=855s RTT mean=17022 min=11910 max=34413 n=50 to=0 | cancels=0(+0/s) seqbad=0 len_bad=0 disc=2(0x08) | tot_n=47889 tot_to=13 maxever=110246 >2ms=47889 >5ms=47889 >15ms=7614 >20ms=1754 >30ms=552 | probes=47905 wrfail=2 down=50s maxout=36s
 788.785  t=856s RTT mean=17415 min=11465 max=41913 n=49 to=0 | cancels=0(+0/s) seqbad=0 len_bad=0 disc=2(0x08) | tot_n=47938 tot_to=13 maxever=110246 >2ms=47938 >5ms=47938 >15ms=7640 >20ms=1761 >30ms=554 | probes=47954 wrfail=2 down=50s maxout=36s
 788.785  t=857s RTT mean=16325 min=11469 max=34415 n=51 to=0 | cancels=0(+0/s) seqbad=0 len_bad=0 disc=2(0x08) | tot_n=47989 tot_to=13 maxever=110246 >2ms=47989 >5ms=47989 >15ms=7659 >20ms=1769 >30ms=557 | probes=48005 wrfail=2 down=50s maxout=36s
 790.789  t=858s RTT mean=17013 min=11466 max=34413 n=50 to=0 | cancels=0(+0/s) seqbad=0 len_bad=0 disc=2(0x08) | tot_n=48039 tot_to=13 maxever=110246 >2ms=48039 >5ms=48039 >15ms=7683 >20ms=1778 >30ms=558 | probes=48055 wrfail=2 down=50s maxout=36s
 790.789  t=859s RTT mean=16096 min=11470 max=26914 n=52 to=0 | cancels=0(+0/s) seqbad=0 len_bad=0 disc=2(0x08) | tot_n=48091 tot_to=13 maxever=110246 >2ms=48091 >5ms=48091 >15ms=7705 >20ms=1785 >30ms=558 | probes=48107 wrfail=2 down=50s maxout=36s
 792.787  t=860s RTT mean=17013 min=11468 max=34413 n=50 to=0 | cancels=0(+0/s) seqbad=0 len_bad=0 disc=2(0x08) | tot_n=48141 tot_to=13 maxever=110246 >2ms=48141 >5ms=48141 >15ms=7730 >20ms=1793 >30ms=559 | probes=48157 wrfail=2 down=50s maxout=36s
 792.787  t=861s RTT mean=17538 min=11912 max=56913 n=48 to=0 | cancels=0(+0/s) seqbad=0 len_bad=0 disc=2(0x08) | tot_n=48189 tot_to=13 maxever=110246 >2ms=48189 >5ms=48189 >15ms=7755 >20ms=1798 >30ms=562 | probes=48205 wrfail=2 down=50s maxout=36s
 794.784  t=862s RTT mean=16766 min=11469 max=34414 n=51 to=0 | cancels=0(+0/s) seqbad=0 len_bad=0 disc=2(0x08) | tot_n=48240 tot_to=13 maxever=110246 >2ms=48240 >5ms=48240 >15ms=7777 >20ms=1807 >30ms=564 | probes=48256 wrfail=2 down=50s maxout=36s
 794.784  t=863s RTT mean=17226 min=11469 max=26915 n=48 to=0 | cancels=0(+0/s) seqbad=0 len_bad=0 disc=2(0x08) | tot_n=48288 tot_to=13 maxever=110246 >2ms=48288 >5ms=48288 >15ms=7801 >20ms=1817 >30ms=564 | probes=48304 wrfail=2 down=50s maxout=36s
 796.784  t=864s RTT mean=16766 min=11468 max=26914 n=51 to=0 | cancels=0(+0/s) seqbad=0 len_bad=0 disc=2(0x08) | tot_n=48339 tot_to=13 maxever=110246 >2ms=48339 >5ms=48339 >15ms=7826 >20ms=1825 >30ms=564 | probes=48355 wrfail=2 down=50s maxout=36s
 796.784  t=865s RTT mean=15186 min=11469 max=34413 n=55 to=0 | cancels=0(+0/s) seqbad=0 len_bad=0 disc=2(0x08) | tot_n=48394 tot_to=13 maxever=110246 >2ms=48394 >5ms=48394 >15ms=7843 >20ms=1830 >30ms=566 | probes=48410 wrfail=2 down=50s maxout=36s
 798.801  t=866s RTT mean=17271 min=11468 max=49858 n=49 to=0 | cancels=0(+0/s) seqbad=0 len_bad=0 disc=2(0x08) | tot_n=48443 tot_to=13 maxever=110246 >2ms=48443 >5ms=48443 >15ms=7867 >20ms=1834 >30ms=569 | probes=48459 wrfail=2 down=50s maxout=36s
 798.801  t=867s RTT mean=15186 min=11465 max=27359 n=55 to=0 | cancels=0(+0/s) seqbad=0 len_bad=0 disc=2(0x08) | tot_n=48498 tot_to=13 maxever=110246 >2ms=48498 >5ms=48498 >15ms=7887 >20ms=1838 >30ms=569 | probes=48514 wrfail=2 down=50s maxout=36s
 800.805  t=868s RTT mean=15524 min=11469 max=34413 n=54 to=0 | cancels=0(+0/s) seqbad=0 len_bad=0 disc=2(0x08) | tot_n=48552 tot_to=13 maxever=110246 >2ms=48552 >5ms=48552 >15ms=7905 >20ms=1844 >30ms=571 | probes=48568 wrfail=2 down=50s maxout=36s
 800.806  t=869s RTT mean=14859 min=11465 max=49414 n=56 to=0 | cancels=0(+0/s) seqbad=0 len_bad=0 disc=2(0x08) | tot_n=48608 tot_to=13 maxever=110246 >2ms=48608 >5ms=48608 >15ms=7920 >20ms=1848 >30ms=572 | probes=48623 wrfail=2 down=50s maxout=36s
 802.805  t=870s RTT mean=17539 min=11469 max=34415 n=48 to=0 | cancels=0(+0/s) seqbad=0 len_bad=0 disc=2(0x08) | tot_n=48656 tot_to=13 maxever=110246 >2ms=48656 >5ms=48656 >15ms=7943 >20ms=1859 >30ms=574 | probes=48672 wrfail=2 down=50s maxout=36s
 802.805  t=871s RTT mean=15186 min=11467 max=26913 n=55 to=0 | cancels=0(+0/s) seqbad=0 len_bad=0 disc=2(0x08) | tot_n=48711 tot_to=13 maxever=110246 >2ms=48711 >5ms=48711 >15ms=7965 >20ms=1861 >30ms=574 | probes=48727 wrfail=2 down=50s maxout=36s
 804.774  t=872s RTT mean=20485 min=11465 max=56913 n=42 to=0 | cancels=0(+0/s) seqbad=0 len_bad=0 disc=2(0x08) | tot_n=48753 tot_to=13 maxever=110246 >2ms=48753 >5ms=48753 >15ms=7990 >20ms=1872 >30ms=579 | probes=48769 wrfail=2 down=50s maxout=36s
 804.828  t=873s RTT mean=22682 min=11468 max=49413 n=39 to=0 | cancels=0(+0/s) seqbad=0 len_bad=0 disc=2(0x08) | tot_n=48792 tot_to=13 maxever=110246 >2ms=48792 >5ms=48792 >15ms=8016 >20ms=1889 >30ms=587 | probes=48808 wrfail=2 down=50s maxout=36s
 806.798  t=874s RTT mean=24985 min=11466 max=79413 n=35 to=0 | cancels=0(+0/s) seqbad=0 len_bad=0 disc=2(0x08) | tot_n=48827 tot_to=13 maxever=110246 >2ms=48827 >5ms=48827 >15ms=8040 >20ms=1905 >30ms=596 | probes=48843 wrfail=2 down=50s maxout=36s
 806.798  t=875s RTT mean=23767 min=11466 max=64413 n=38 to=0 | cancels=0(+0/s) seqbad=0 len_bad=0 disc=2(0x08) | tot_n=48865 tot_to=13 maxever=110246 >2ms=48865 >5ms=48865 >15ms=8066 >20ms=1920 >30ms=605 | probes=48881 wrfail=2 down=50s maxout=36s
 808.761  t=876s RTT mean=25401 min=11469 max=78968 n=35 to=0 | cancels=0(+0/s) seqbad=0 len_bad=0 disc=2(0x08) | tot_n=48900 tot_to=13 maxever=110246 >2ms=48900 >5ms=48900 >15ms=8092 >20ms=1934 >30ms=612 | probes=48916 wrfail=2 down=50s maxout=36s
 808.816  t=877s RTT mean=23467 min=11461 max=64413 n=37 to=0 | cancels=0(+0/s) seqbad=0 len_bad=0 disc=2(0x08) | tot_n=48937 tot_to=13 maxever=110246 >2ms=48937 >5ms=48937 >15ms=8115 >20ms=1948 >30ms=621 | probes=48953 wrfail=2 down=50s maxout=36s
 810.762  t=878s RTT mean=22683 min=11468 max=42359 n=39 to=0 | cancels=0(+0/s) seqbad=0 len_bad=0 disc=2(0x08) | tot_n=48976 tot_to=13 maxever=110246 >2ms=48976 >5ms=48976 >15ms=8144 >20ms=1963 >30ms=629 | probes=48992 wrfail=2 down=50s maxout=36s
 810.814  t=879s RTT mean=26472 min=11913 max=49858 n=34 to=0 | cancels=0(+0/s) seqbad=0 len_bad=0 disc=2(0x08) | tot_n=49010 tot_to=13 maxever=110246 >2ms=49010 >5ms=49010 >15ms=8172 >20ms=1980 >30ms=641 | probes=49026 wrfail=2 down=50s maxout=36s
 812.780  t=880s RTT mean=21426 min=11466 max=49861 n=41 to=0 | cancels=0(+0/s) seqbad=0 len_bad=0 disc=2(0x08) | tot_n=49051 tot_to=13 maxever=110246 >2ms=49051 >5ms=49051 >15ms=8197 >20ms=1994 >30ms=648 | probes=49067 wrfail=2 down=50s maxout=36s
 812.780  t=881s RTT mean=25038 min=11468 max=49413 n=36 to=0 | cancels=0(+0/s) seqbad=0 len_bad=0 disc=2(0x08) | tot_n=49087 tot_to=13 maxever=110246 >2ms=49087 >5ms=49087 >15ms=8228 >20ms=2009 >30ms=659 | probes=49102 wrfail=2 down=50s maxout=36s
 814.776  t=882s RTT mean=23164 min=11469 max=56913 n=38 to=0 | cancels=0(+0/s) seqbad=0 len_bad=0 disc=2(0x08) | tot_n=49125 tot_to=13 maxever=110246 >2ms=49125 >5ms=49125 >15ms=8252 >20ms=2026 >30ms=670 | probes=49141 wrfail=2 down=50s maxout=36s
 814.828  t=883s RTT mean=22490 min=11466 max=49859 n=39 to=0 | cancels=0(+0/s) seqbad=0 len_bad=0 disc=2(0x08) | tot_n=49164 tot_to=13 maxever=110246 >2ms=49164 >5ms=49164 >15ms=8279 >20ms=2041 >30ms=677 | probes=49180 wrfail=2 down=50s maxout=36s
 816.780  t=884s RTT mean=24076 min=11469 max=71913 n=37 to=0 | cancels=0(+0/s) seqbad=0 len_bad=0 disc=2(0x08) | tot_n=49201 tot_to=13 maxever=110246 >2ms=49201 >5ms=49201 >15ms=8306 >20ms=2059 >30ms=684 | probes=49216 wrfail=2 down=50s maxout=36s
 816.833  t=885s RTT mean=24985 min=11468 max=49859 n=35 to=0 | cancels=0(+0/s) seqbad=0 len_bad=0 disc=2(0x08) | tot_n=49236 tot_to=13 maxever=110246 >2ms=49236 >5ms=49236 >15ms=8331 >20ms=2077 >30ms=693 | probes=49252 wrfail=2 down=50s maxout=36s
 818.787  t=886s RTT mean=20285 min=11021 max=41914 n=43 to=0 | cancels=0(+0/s) seqbad=0 len_bad=0 disc=2(0x08) | tot_n=49279 tot_to=13 maxever=110246 >2ms=49279 >5ms=49279 >15ms=8360 >20ms=2090 >30ms=698 | probes=49295 wrfail=2 down=50s maxout=36s
 818.787  t=887s RTT mean=27140 min=11465 max=64412 n=33 to=0 | cancels=0(+0/s) seqbad=0 len_bad=0 disc=2(0x08) | tot_n=49312 tot_to=13 maxever=110246 >2ms=49312 >5ms=49312 >15ms=8384 >20ms=2105 >30ms=710 | probes=49328 wrfail=2 down=50s maxout=36s
 820.788  t=888s RTT mean=35873 min=11913 max=79860 n=26 to=0 | cancels=0(+0/s) seqbad=0 len_bad=0 disc=2(0x08) | tot_n=49338 tot_to=13 maxever=110246 >2ms=49338 >5ms=49338 >15ms=8409 >20ms=2125 >30ms=723 | probes=49354 wrfail=2 down=50s maxout=36s
 820.788  t=889s RTT mean=28108 min=11477 max=56020 n=31 to=0 | cancels=0(+0/s) seqbad=0 len_bad=0 disc=2(0x08) | tot_n=49369 tot_to=13 maxever=110246 >2ms=49369 >5ms=49369 >15ms=8434 >20ms=2144 >30ms=736 | probes=49385 wrfail=2 down=50s maxout=36s
 822.811  t=890s RTT mean=26693 min=11468 max=86914 n=34 to=0 | cancels=0(+0/s) seqbad=0 len_bad=0 disc=2(0x08) | tot_n=49403 tot_to=13 maxever=110246 >2ms=49403 >5ms=49403 >15ms=8458 >20ms=2159 >30ms=748 | probes=49419 wrfail=2 down=50s maxout=36s
 822.811  t=891s RTT mean=25038 min=11466 max=64861 n=36 to=0 | cancels=0(+0/s) seqbad=0 len_bad=0 disc=2(0x08) | tot_n=49439 tot_to=13 maxever=110246 >2ms=49439 >5ms=49439 >15ms=8480 >20ms=2176 >30ms=758 | probes=49455 wrfail=2 down=50s maxout=36s
 824.771  t=892s RTT mean=24266 min=11465 max=86913 n=34 to=0 | cancels=0(+0/s) seqbad=0 len_bad=0 disc=2(0x08) | tot_n=49473 tot_to=13 maxever=110246 >2ms=49473 >5ms=49473 >15ms=8501 >20ms=2188 >30ms=766 | probes=49489 wrfail=2 down=50s maxout=36s
 824.826  t=893s RTT mean=27575 min=11913 max=94419 n=34 to=0 | cancels=0(+0/s) seqbad=0 len_bad=0 disc=2(0x08) | tot_n=49507 tot_to=13 maxever=110246 >2ms=49507 >5ms=49507 >15ms=8527 >20ms=2205 >30ms=773 | probes=49523 wrfail=2 down=50s maxout=36s
 826.774  t=894s RTT mean=27354 min=11911 max=94413 n=34 to=0 | cancels=0(+0/s) seqbad=0 len_bad=0 disc=2(0x08) | tot_n=49541 tot_to=13 maxever=110246 >2ms=49541 >5ms=49541 >15ms=8547 >20ms=2220 >30ms=781 | probes=49557 wrfail=2 down=50s maxout=36s
 826.826  t=895s RTT mean=25413 min=11913 max=71912 n=35 to=0 | cancels=0(+0/s) seqbad=0 len_bad=0 disc=2(0x08) | tot_n=49576 tot_to=13 maxever=110246 >2ms=49576 >5ms=49576 >15ms=8570 >20ms=2238 >30ms=793 | probes=49592 wrfail=2 down=50s maxout=36s
 828.772  t=896s RTT mean=22298 min=11467 max=64410 n=39 to=0 | cancels=0(+0/s) seqbad=0 len_bad=0 disc=2(0x08) | tot_n=49615 tot_to=13 maxever=110246 >2ms=49615 >5ms=49615 >15ms=8599 >20ms=2250 >30ms=800 | probes=49631 wrfail=2 down=50s maxout=36s
 828.827  t=897s RTT mean=22859 min=11468 max=79413 n=37 to=0 | cancels=0(+0/s) seqbad=0 len_bad=0 disc=2(0x08) | tot_n=49652 tot_to=13 maxever=110246 >2ms=49652 >5ms=49652 >15ms=8620 >20ms=2263 >30ms=806 | probes=49668 wrfail=2 down=50s maxout=36s
 830.798  t=898s RTT mean=24545 min=11469 max=56909 n=38 to=0 | cancels=0(+0/s) seqbad=0 len_bad=0 disc=2(0x08) | tot_n=49690 tot_to=13 maxever=110246 >2ms=49690 >5ms=49690 >15ms=8649 >20ms=2280 >30ms=815 | probes=49706 wrfail=2 down=50s maxout=36s
 830.798  t=899s RTT mean=29347 min=11466 max=86913 n=31 to=0 | cancels=0(+0/s) seqbad=0 len_bad=0 disc=2(0x08) | tot_n=49721 tot_to=13 maxever=110246 >2ms=49721 >5ms=49721 >15ms=8673 >20ms=2296 >30ms=827 | probes=49737 wrfail=2 down=50s maxout=36s
 832.792  t=900s RTT mean=24985 min=11468 max=71476 n=35 to=0 | cancels=0(+0/s) seqbad=0 len_bad=0 disc=2(0x08) | tot_n=49756 tot_to=13 maxever=110246 >2ms=49756 >5ms=49756 >15ms=8697 >20ms=2308 >30ms=836 | probes=49772 wrfail=2 down=50s maxout=36s
 832.792  t=901s RTT mean=29559 min=11914 max=79413 n=31 to=0 | cancels=0(+0/s) seqbad=0 len_bad=0 disc=2(0x08) | tot_n=49787 tot_to=13 maxever=110246 >2ms=49787 >5ms=49787 >15ms=8724 >20ms=2321 >30ms=845 | probes=49803 wrfail=2 down=50s maxout=36s
 834.798  t=902s RTT mean=24622 min=11467 max=56912 n=36 to=0 | cancels=0(+0/s) seqbad=0 len_bad=0 disc=2(0x08) | tot_n=49823 tot_to=13 maxever=110246 >2ms=49823 >5ms=49823 >15ms=8749 >20ms=2336 >30ms=854 | probes=49839 wrfail=2 down=50s maxout=36s
 834.798  t=903s RTT mean=22977 min=11468 max=49413 n=38 to=0 | cancels=0(+0/s) seqbad=0 len_bad=0 disc=2(0x08) | tot_n=49861 tot_to=13 maxever=110246 >2ms=49861 >5ms=49861 >15ms=8780 >20ms=2351 >30ms=859 | probes=49877 wrfail=2 down=50s maxout=36s
 836.763  t=904s RTT mean=22298 min=11467 max=64413 n=39 to=0 | cancels=0(+0/s) seqbad=0 len_bad=0 disc=2(0x08) | tot_n=49900 tot_to=13 maxever=110246 >2ms=49900 >5ms=49900 >15ms=8805 >20ms=2369 >30ms=864 | probes=49916 wrfail=2 down=50s maxout=36s
 836.813  t=905s RTT mean=24830 min=11466 max=64858 n=36 to=0 | cancels=0(+0/s) seqbad=0 len_bad=0 disc=2(0x08) | tot_n=49936 tot_to=13 maxever=110246 >2ms=49936 >5ms=49936 >15ms=8832 >20ms=2385 >30ms=873 | probes=49952 wrfail=2 down=50s maxout=36s
 838.767  t=906s RTT mean=26913 min=11467 max=63964 n=34 to=0 | cancels=0(+0/s) seqbad=0 len_bad=0 disc=2(0x08) | tot_n=49970 tot_to=13 maxever=110246 >2ms=49970 >5ms=49970 >15ms=8856 >20ms=2402 >30ms=885 | probes=49986 wrfail=2 down=50s maxout=36s
 838.821  t=907s RTT mean=23252 min=11477 max=56912 n=37 to=0 | cancels=0(+0/s) seqbad=0 len_bad=0 disc=2(0x08) | tot_n=50007 tot_to=13 maxever=110246 >2ms=50007 >5ms=50007 >15ms=8883 >20ms=2416 >30ms=893 | probes=50023 wrfail=2 down=50s maxout=36s
 840.773  t=908s RTT mean=29091 min=11913 max=78966 n=31 to=0 | cancels=0(+0/s) seqbad=0 len_bad=0 disc=2(0x08) | tot_n=50038 tot_to=13 maxever=110246 >2ms=50038 >5ms=50038 >15ms=8907 >20ms=2435 >30ms=904 | probes=50054 wrfail=2 down=50s maxout=36s
 840.824  t=909s RTT mean=25413 min=11468 max=64858 n=35 to=0 | cancels=0(+0/s) seqbad=0 len_bad=0 disc=2(0x08) | tot_n=50073 tot_to=13 maxever=110246 >2ms=50073 >5ms=50073 >15ms=8931 >20ms=2450 >30ms=914 | probes=50089 wrfail=2 down=50s maxout=36s
 842.764  t=910s RTT mean=32002 min=11468 max=86913 n=28 to=0 | cancels=0(+0/s) seqbad=0 len_bad=0 disc=2(0x08) | tot_n=50101 tot_to=13 maxever=110246 >2ms=50101 >5ms=50101 >15ms=8956 >20ms=2468 >30ms=923 | probes=50117 wrfail=2 down=50s maxout=36s
 842.817  t=911s RTT mean=30784 min=11018 max=101918 n=31 to=0 | cancels=0(+0/s) seqbad=0 len_bad=0 disc=2(0x08) | tot_n=50132 tot_to=13 maxever=110246 >2ms=50132 >5ms=50132 >15ms=8980 >20ms=2485 >30ms=931 | probes=50148 wrfail=2 down=50s maxout=36s
 844.768  t=912s RTT mean=25628 min=11910 max=49413 n=35 to=0 | cancels=0(+0/s) seqbad=0 len_bad=0 disc=2(0x08) | tot_n=50167 tot_to=13 maxever=110246 >2ms=50167 >5ms=50167 >15ms=9008 >20ms=2503 >30ms=943 | probes=50182 wrfail=2 down=50s maxout=36s
 844.824  t=913s RTT mean=26017 min=11468 max=57358 n=33 to=0 | cancels=0(+0/s) seqbad=0 len_bad=0 disc=2(0x08) | tot_n=50200 tot_to=13 maxever=110246 >2ms=50200 >5ms=50200 >15ms=9030 >20ms=2518 >30ms=954 | probes=50216 wrfail=2 down=50s maxout=36s
 846.764  t=914s RTT mean=21189 min=11468 max=49858 n=42 to=0 | cancels=0(+0/s) seqbad=0 len_bad=0 disc=2(0x08) | tot_n=50242 tot_to=13 maxever=110246 >2ms=50242 >5ms=50242 >15ms=9056 >20ms=2533 >30ms=961 | probes=50258 wrfail=2 down=50s maxout=36s
 846.819  t=915s RTT mean=20459 min=11468 max=41915 n=43 to=0 | cancels=0(+0/s) seqbad=0 len_bad=0 disc=2(0x08) | tot_n=50285 tot_to=13 maxever=110246 >2ms=50285 >5ms=50285 >15ms=9080 >20ms=2547 >30ms=969 | probes=50301 wrfail=2 down=50s maxout=36s
 848.781  t=916s RTT mean=25413 min=11913 max=71912 n=35 to=0 | cancels=0(+0/s) seqbad=0 len_bad=0 disc=2(0x08) | tot_n=50320 tot_to=13 maxever=110246 >2ms=50320 >5ms=50320 >15ms=9106 >20ms=2563 >30ms=978 | probes=50336 wrfail=2 down=50s maxout=36s
 848.832  t=917s RTT mean=17226 min=11466 max=34413 n=48 to=0 | cancels=0(+0/s) seqbad=0 len_bad=0 disc=2(0x08) | tot_n=50368 tot_to=13 maxever=110246 >2ms=50368 >5ms=50368 >15ms=9128 >20ms=2572 >30ms=981 | probes=50384 wrfail=2 down=50s maxout=36s
 850.802  t=918s RTT mean=26252 min=11468 max=71910 n=34 to=0 | cancels=0(+0/s) seqbad=0 len_bad=0 disc=2(0x08) | tot_n=50402 tot_to=13 maxever=110246 >2ms=50402 >5ms=50402 >15ms=9150 >20ms=2589 >30ms=992 | probes=50418 wrfail=2 down=50s maxout=36s
 850.802  t=919s RTT mean=22788 min=11467 max=64417 n=40 to=0 | cancels=0(+0/s) seqbad=0 len_bad=0 disc=2(0x08) | tot_n=50442 tot_to=13 maxever=110246 >2ms=50442 >5ms=50442 >15ms=9173 >20ms=2606 >30ms=1001 | probes=50458 wrfail=2 down=50s maxout=36s
 852.818  t=920s RTT mean=21663 min=11465 max=86914 n=40 to=0 | cancels=0(+0/s) seqbad=0 len_bad=0 disc=2(0x08) | tot_n=50482 tot_to=13 maxever=110246 >2ms=50482 >5ms=50482 >15ms=9197 >20ms=2617 >30ms=1007 | probes=50498 wrfail=2 down=50s maxout=36s
 852.818  t=921s RTT mean=19413 min=11466 max=41467 n=45 to=0 | cancels=0(+0/s) seqbad=0 len_bad=0 disc=2(0x08) | tot_n=50527 tot_to=13 maxever=110246 >2ms=50527 >5ms=50527 >15ms=9225 >20ms=2628 >30ms=1012 | probes=50543 wrfail=2 down=50s maxout=36s
 854.816  t=922s RTT mean=19080 min=11466 max=49412 n=45 to=0 | cancels=0(+0/s) seqbad=0 len_bad=0 disc=2(0x08) | tot_n=50572 tot_to=13 maxever=110246 >2ms=50572 >5ms=50572 >15ms=9251 >20ms=2639 >30ms=1015 | probes=50588 wrfail=2 down=50s maxout=36s
 854.816  t=923s RTT mean=21288 min=11913 max=56914 n=40 to=0 | cancels=0(+0/s) seqbad=0 len_bad=0 disc=2(0x08) | tot_n=50612 tot_to=13 maxever=110246 >2ms=50612 >5ms=50612 >15ms=9276 >20ms=2651 >30ms=1021 | probes=50628 wrfail=2 down=50s maxout=36s
 856.779  t=924s RTT mean=21199 min=11913 max=41932 n=42 to=0 | cancels=0(+0/s) seqbad=0 len_bad=0 disc=2(0x08) | tot_n=50654 tot_to=13 maxever=110246 >2ms=50654 >5ms=50654 >15ms=9306 >20ms=2665 >30ms=1027 | probes=50670 wrfail=2 down=50s maxout=36s
 856.829  t=925s RTT mean=18913 min=11468 max=41913 n=45 to=0 | cancels=0(+0/s) seqbad=0 len_bad=0 disc=2(0x08) | tot_n=50699 tot_to=13 maxever=110246 >2ms=50699 >5ms=50699 >15ms=9329 >20ms=2678 >30ms=1032 | probes=50715 wrfail=2 down=50s maxout=36s
 858.774  t=926s RTT mean=19413 min=11466 max=56913 n=45 to=0 | cancels=0(+0/s) seqbad=0 len_bad=0 disc=2(0x08) | tot_n=50744 tot_to=13 maxever=110246 >2ms=50744 >5ms=50744 >15ms=9349 >20ms=2690 >30ms=1040 | probes=50760 wrfail=2 down=50s maxout=36s
 858.829  t=927s RTT mean=19423 min=11466 max=34414 n=43 to=0 | cancels=0(+0/s) seqbad=0 len_bad=0 disc=2(0x08) | tot_n=50787 tot_to=13 maxever=110246 >2ms=50787 >5ms=50787 >15ms=9376 >20ms=2703 >30ms=1043 | probes=50803 wrfail=2 down=50s maxout=36s
 860.796  t=928s RTT mean=19404 min=11912 max=56466 n=46 to=0 | cancels=0(+0/s) seqbad=0 len_bad=0 disc=2(0x08) | tot_n=50833 tot_to=13 maxever=110246 >2ms=50833 >5ms=50833 >15ms=9402 >20ms=2714 >30ms=1048 | probes=50849 wrfail=2 down=50s maxout=36s
 860.796  t=929s RTT mean=21242 min=11913 max=41913 n=41 to=0 | cancels=0(+0/s) seqbad=0 len_bad=0 disc=2(0x08) | tot_n=50874 tot_to=13 maxever=110246 >2ms=50874 >5ms=50874 >15ms=9433 >20ms=2728 >30ms=1052 | probes=50890 wrfail=2 down=50s maxout=36s
 862.801  t=930s RTT mean=19584 min=11466 max=56914 n=44 to=0 | cancels=0(+0/s) seqbad=0 len_bad=0 disc=2(0x08) | tot_n=50918 tot_to=13 maxever=110246 >2ms=50918 >5ms=50918 >15ms=9458 >20ms=2736 >30ms=1058 | probes=50934 wrfail=2 down=50s maxout=36s
 862.801  t=931s RTT mean=22490 min=11466 max=71911 n=39 to=0 | cancels=0(+0/s) seqbad=0 len_bad=0 disc=2(0x08) | tot_n=50957 tot_to=13 maxever=110246 >2ms=50957 >5ms=50957 >15ms=9481 >20ms=2750 >30ms=1066 | probes=50973 wrfail=2 down=50s maxout=36s
 864.790  t=932s RTT mean=20317 min=11466 max=41931 n=42 to=0 | cancels=0(+0/s) seqbad=0 len_bad=0 disc=2(0x08) | tot_n=50999 tot_to=13 maxever=110246 >2ms=50999 >5ms=50999 >15ms=9507 >20ms=2764 >30ms=1071 | probes=51015 wrfail=2 down=50s maxout=36s
 864.791  t=933s RTT mean=21198 min=11468 max=49413 n=42 to=0 | cancels=0(+0/s) seqbad=0 len_bad=0 disc=2(0x08) | tot_n=51041 tot_to=13 maxever=110246 >2ms=51041 >5ms=51041 >15ms=9533 >20ms=2779 >30ms=1079 | probes=51057 wrfail=2 down=50s maxout=36s
 866.788  t=934s RTT mean=20653 min=11911 max=56914 n=42 to=0 | cancels=0(+0/s) seqbad=0 len_bad=0 disc=2(0x08) | tot_n=51083 tot_to=13 maxever=110246 >2ms=51083 >5ms=51083 >15ms=9554 >20ms=2794 >30ms=1085 | probes=51099 wrfail=2 down=50s maxout=36s
 866.788  t=935s RTT mean=20842 min=11466 max=41914 n=42 to=0 | cancels=0(+0/s) seqbad=0 len_bad=0 disc=2(0x08) | tot_n=51125 tot_to=13 maxever=110246 >2ms=51125 >5ms=51125 >15ms=9580 >20ms=2808 >30ms=1092 | probes=51141 wrfail=2 down=50s maxout=36s
 868.820  t=936s RTT mean=21436 min=11469 max=49862 n=41 to=0 | cancels=0(+0/s) seqbad=0 len_bad=0 disc=2(0x08) | tot_n=51166 tot_to=13 maxever=110246 >2ms=51166 >5ms=51166 >15ms=9606 >20ms=2825 >30ms=1097 | probes=51182 wrfail=2 down=50s maxout=36s
 868.820  t=937s RTT mean=20500 min=11468 max=56912 n=41 to=0 | cancels=0(+0/s) seqbad=0 len_bad=0 disc=2(0x08) | tot_n=51207 tot_to=13 maxever=110246 >2ms=51207 >5ms=51207 >15ms=9632 >20ms=2835 >30ms=1103 | probes=51223 wrfail=2 down=50s maxout=36s
 870.786  t=938s RTT mean=26913 min=11468 max=64412 n=34 to=0 | cancels=0(+0/s) seqbad=0 len_bad=0 disc=2(0x08) | tot_n=51241 tot_to=13 maxever=110246 >2ms=51241 >5ms=51241 >15ms=9658 >20ms=2851 >30ms=1115 | probes=51257 wrfail=2 down=50s maxout=36s
 870.837  t=939s RTT mean=23360 min=11466 max=56913 n=38 to=0 | cancels=0(+0/s) seqbad=0 len_bad=0 disc=2(0x08) | tot_n=51279 tot_to=13 maxever=110246 >2ms=51279 >5ms=51279 >15ms=9684 >20ms=2863 >30ms=1124 | probes=51295 wrfail=2 down=50s maxout=36s
 872.785  t=940s RTT mean=22237 min=11468 max=71913 n=40 to=0 | cancels=0(+0/s) seqbad=0 len_bad=0 disc=2(0x08) | tot_n=51319 tot_to=13 maxever=110246 >2ms=51319 >5ms=51319 >15ms=9712 >20ms=2876 >30ms=1131 | probes=51334 wrfail=2 down=50s maxout=36s
 872.836  t=941s RTT mean=19926 min=11468 max=49413 n=43 to=0 | cancels=0(+0/s) seqbad=0 len_bad=0 disc=2(0x08) | tot_n=51362 tot_to=13 maxever=110246 >2ms=51362 >5ms=51362 >15ms=9736 >20ms=2888 >30ms=1136 | probes=51378 wrfail=2 down=50s maxout=36s
 874.811  t=942s RTT mean=20317 min=11464 max=56928 n=42 to=0 | cancels=0(+0/s) seqbad=0 len_bad=0 disc=2(0x08) | tot_n=51404 tot_to=13 maxever=110246 >2ms=51404 >5ms=51404 >15ms=9760 >20ms=2901 >30ms=1143 | probes=51420 wrfail=2 down=50s maxout=36s
 874.811  t=943s RTT mean=31148 min=11468 max=79859 n=30 to=0 | cancels=0(+0/s) seqbad=0 len_bad=0 disc=2(0x08) | tot_n=51434 tot_to=13 maxever=110246 >2ms=51434 >5ms=51434 >15ms=9783 >20ms=2918 >30ms=1155 | probes=51449 wrfail=2 down=50s maxout=36s
 876.792  t=944s RTT mean=27851 min=11022 max=78966 n=32 to=0 | cancels=0(+0/s) seqbad=0 len_bad=0 disc=2(0x08) | tot_n=51466 tot_to=13 maxever=110246 >2ms=51466 >5ms=51466 >15ms=9805 >20ms=2931 >30ms=1165 | probes=51482 wrfail=2 down=50s maxout=36s
 876.792  t=945s RTT mean=22490 min=11081 max=56913 n=39 to=0 | cancels=0(+0/s) seqbad=0 len_bad=0 disc=2(0x08) | tot_n=51505 tot_to=13 maxever=110246 >2ms=51505 >5ms=51505 >15ms=9832 >20ms=2946 >30ms=1172 | probes=51521 wrfail=2 down=50s maxout=36s
 878.796  t=946s RTT mean=26693 min=11468 max=94413 n=34 to=0 | cancels=0(+0/s) seqbad=0 len_bad=0 disc=2(0x08) | tot_n=51539 tot_to=13 maxever=110246 >2ms=51539 >5ms=51539 >15ms=9859 >20ms=2958 >30ms=1183 | probes=51554 wrfail=2 down=50s maxout=36s
 878.796  t=947s RTT mean=25368 min=11913 max=56913 n=34 to=0 | cancels=0(+0/s) seqbad=0 len_bad=0 disc=2(0x08) | tot_n=51573 tot_to=13 maxever=110246 >2ms=51573 >5ms=51573 >15ms=9887 >20ms=2975 >30ms=1193 | probes=51589 wrfail=2 down=50s maxout=36s
 880.787  t=948s RTT mean=24481 min=11913 max=71913 n=37 to=0 | cancels=0(+0/s) seqbad=0 len_bad=0 disc=2(0x08) | tot_n=51610 tot_to=13 maxever=110246 >2ms=51610 >5ms=51610 >15ms=9914 >20ms=2992 >30ms=1202 | probes=51626 wrfail=2 down=50s maxout=36s
 880.842  t=949s RTT mean=27140 min=11468 max=71913 n=33 to=0 | cancels=0(+0/s) seqbad=0 len_bad=0 disc=2(0x08) | tot_n=51643 tot_to=13 maxever=110246 >2ms=51643 >5ms=51643 >15ms=9939 >20ms=3009 >30ms=1213 | probes=51659 wrfail=2 down=50s maxout=36s
 882.813  t=950s RTT mean=25199 min=11913 max=56912 n=35 to=0 | cancels=0(+0/s) seqbad=0 len_bad=0 disc=2(0x08) | tot_n=51678 tot_to=13 maxever=110246 >2ms=51678 >5ms=51678 >15ms=9967 >20ms=3027 >30ms=1223 | probes=51694 wrfail=2 down=50s maxout=36s
 882.813  t=951s RTT mean=26472 min=11468 max=71468 n=34 to=0 | cancels=0(+0/s) seqbad=0 len_bad=0 disc=2(0x08) | tot_n=51712 tot_to=13 maxever=110246 >2ms=51712 >5ms=51712 >15ms=9987 >20ms=3042 >30ms=1234 | probes=51728 wrfail=2 down=50s maxout=36s
 884.771  t=952s RTT mean=25842 min=11911 max=56914 n=35 to=0 | cancels=0(+0/s) seqbad=0 len_bad=0 disc=2(0x08) | tot_n=51747 tot_to=13 maxever=110246 >2ms=51747 >5ms=51747 >15ms=10016 >20ms=3058 >30ms=1244 | probes=51763 wrfail=2 down=50s maxout=36s
 884.821  t=953s RTT mean=20285 min=11466 max=49413 n=43 to=0 | cancels=0(+0/s) seqbad=0 len_bad=0 disc=2(0x08) | tot_n=51790 tot_to=13 maxever=110246 >2ms=51790 >5ms=51790 >15ms=10036 >20ms=3070 >30ms=1253 | probes=51806 wrfail=2 down=50s maxout=36s
 886.819  t=954s RTT mean=22039 min=11466 max=64860 n=40 to=0 | cancels=0(+0/s) seqbad=0 len_bad=0 disc=2(0x08) | tot_n=51830 tot_to=13 maxever=110246 >2ms=51830 >5ms=51830 >15ms=10059 >20ms=3086 >30ms=1259 | probes=51845 wrfail=2 down=50s maxout=36s
 886.819  t=955s RTT mean=24634 min=11914 max=86913 n=36 to=0 | cancels=0(+0/s) seqbad=0 len_bad=0 disc=2(0x08) | tot_n=51866 tot_to=13 maxever=110246 >2ms=51866 >5ms=51866 >15ms=10085 >20ms=3099 >30ms=1267 | probes=51882 wrfail=2 down=50s maxout=36s
 888.818  t=956s RTT mean=26900 min=11469 max=94415 n=33 to=0 | cancels=0(+0/s) seqbad=0 len_bad=0 disc=2(0x08) | tot_n=51899 tot_to=13 maxever=110246 >2ms=51899 >5ms=51899 >15ms=10110 >20ms=3114 >30ms=1274 | probes=51915 wrfail=2 down=50s maxout=36s
 888.818  t=957s RTT mean=24278 min=11466 max=56912 n=37 to=0 | cancels=0(+0/s) seqbad=0 len_bad=0 disc=2(0x08) | tot_n=51936 tot_to=13 maxever=110246 >2ms=51936 >5ms=51936 >15ms=10134 >20ms=3130 >30ms=1284 | probes=51951 wrfail=2 down=50s maxout=36s
 890.774  t=958s RTT mean=25811 min=11913 max=63967 n=34 to=0 | cancels=0(+0/s) seqbad=0 len_bad=0 disc=2(0x08) | tot_n=51970 tot_to=13 maxever=110246 >2ms=51970 >5ms=51970 >15ms=10160 >20ms=3145 >30ms=1295 | probes=51986 wrfail=2 down=50s maxout=36s
 890.826  t=959s RTT mean=30017 min=11468 max=87361 n=29 to=0 | cancels=0(+0/s) seqbad=0 len_bad=0 disc=2(0x08) | tot_n=51999 tot_to=13 maxever=110246 >2ms=51999 >5ms=51999 >15ms=10179 >20ms=3160 >30ms=1306 | probes=52015 wrfail=2 down=50s maxout=36s
 892.786  t=960s RTT mean=25455 min=11468 max=56914 n=36 to=0 | cancels=0(+0/s) seqbad=0 len_bad=0 disc=2(0x08) | tot_n=52035 tot_to=13 maxever=110246 >2ms=52035 >5ms=52035 >15ms=10208 >20ms=3177 >30ms=1315 | probes=52051 wrfail=2 down=50s maxout=36s
 892.838  t=961s RTT mean=24683 min=11468 max=64859 n=37 to=0 | cancels=0(+0/s) seqbad=0 len_bad=0 disc=2(0x08) | tot_n=52072 tot_to=13 maxever=110246 >2ms=52072 >5ms=52072 >15ms=10234 >20ms=3194 >30ms=1324 | probes=52088 wrfail=2 down=50s maxout=36s
 894.804  t=962s RTT mean=24413 min=11910 max=72359 n=36 to=0 | cancels=0(+0/s) seqbad=0 len_bad=0 disc=2(0x08) | tot_n=52108 tot_to=13 maxever=110246 >2ms=52108 >5ms=52108 >15ms=10258 >20ms=3209 >30ms=1332 | probes=52124 wrfail=2 down=50s maxout=36s
 894.804  t=963s RTT mean=25841 min=11912 max=64859 n=35 to=0 | cancels=0(+0/s) seqbad=0 len_bad=0 disc=2(0x08) | tot_n=52143 tot_to=13 maxever=110246 >2ms=52143 >5ms=52143 >15ms=10282 >20ms=3229 >30ms=1342 | probes=52158 wrfail=2 down=50s maxout=36s
 896.816  t=964s RTT mean=23266 min=11468 max=64412 n=37 to=0 | cancels=0(+0/s) seqbad=0 len_bad=0 disc=2(0x08) | tot_n=52180 tot_to=13 maxever=110246 >2ms=52180 >5ms=52180 >15ms=10307 >20ms=3243 >30ms=1351 | probes=52196 wrfail=2 down=50s maxout=36s
 896.816  t=965s RTT mean=22038 min=11468 max=49413 n=40 to=0 | cancels=0(+0/s) seqbad=0 len_bad=0 disc=2(0x08) | tot_n=52220 tot_to=13 maxever=110246 >2ms=52220 >5ms=52220 >15ms=10329 >20ms=3259 >30ms=1359 | probes=52236 wrfail=2 down=50s maxout=36s
 898.773  t=966s RTT mean=25038 min=11911 max=57360 n=36 to=0 | cancels=0(+0/s) seqbad=0 len_bad=0 disc=2(0x08) | tot_n=52256 tot_to=13 maxever=110246 >2ms=52256 >5ms=52256 >15ms=10353 >20ms=3275 >30ms=1373 | probes=52272 wrfail=2 down=50s maxout=36s
 898.824  t=967s RTT mean=24830 min=11478 max=56914 n=36 to=0 | cancels=0(+0/s) seqbad=0 len_bad=0 disc=2(0x08) | tot_n=52292 tot_to=13 maxever=110246 >2ms=52292 >5ms=52292 >15ms=10381 >20ms=3290 >30ms=1383 | probes=52308 wrfail=2 down=50s maxout=36s
 900.790  t=968s RTT mean=20663 min=11468 max=49414 n=42 to=0 | cancels=0(+0/s) seqbad=0 len_bad=0 disc=2(0x08) | tot_n=52334 tot_to=13 maxever=110246 >2ms=52334 >5ms=52334 >15ms=10407 >20ms=3304 >30ms=1389 | probes=52350 wrfail=2 down=50s maxout=36s
 900.845  t=969s RTT mean=28379 min=11468 max=64422 n=31 to=0 | cancels=0(+0/s) seqbad=0 len_bad=0 disc=2(0x08) | tot_n=52365 tot_to=13 maxever=110246 >2ms=52365 >5ms=52365 >15ms=10430 >20ms=3323 >30ms=1399 | probes=52381 wrfail=2 down=50s maxout=36s
 902.772  t=970s RTT mean=25829 min=11468 max=64414 n=35 to=0 | cancels=0(+0/s) seqbad=0 len_bad=0 disc=2(0x08) | tot_n=52400 tot_to=13 maxever=110246 >2ms=52400 >5ms=52400 >15ms=10454 >20ms=3336 >30ms=1410 | probes=52416 wrfail=2 down=50s maxout=36s
 902.827  t=971s RTT mean=22176 min=11467 max=41917 n=38 to=0 | cancels=0(+0/s) seqbad=0 len_bad=0 disc=2(0x08) | tot_n=52438 tot_to=13 maxever=110246 >2ms=52438 >5ms=52438 >15ms=10477 >20ms=3351 >30ms=1418 | probes=52454 wrfail=2 down=50s maxout=36s
 904.818  t=972s RTT mean=26484 min=11019 max=101919 n=35 to=0 | cancels=0(+0/s) seqbad=0 len_bad=0 disc=2(0x08) | tot_n=52473 tot_to=13 maxever=110246 >2ms=52473 >5ms=52473 >15ms=10503 >20ms=3367 >30ms=1427 | probes=52489 wrfail=2 down=50s maxout=36s
 904.818  t=973s RTT mean=28085 min=11468 max=71913 n=32 to=0 | cancels=0(+0/s) seqbad=0 len_bad=0 disc=2(0x08) | tot_n=52505 tot_to=13 maxever=110246 >2ms=52505 >5ms=52505 >15ms=10529 >20ms=3382 >30ms=1438 | probes=52521 wrfail=2 down=50s maxout=36s
 906.821  t=974s RTT mean=24622 min=11468 max=64412 n=36 to=0 | cancels=0(+0/s) seqbad=0 len_bad=0 disc=2(0x08) | tot_n=52541 tot_to=13 maxever=110246 >2ms=52541 >5ms=52541 >15ms=10551 >20ms=3397 >30ms=1446 | probes=52557 wrfail=2 down=50s maxout=36s
 906.821  t=975s RTT mean=22413 min=11466 max=49417 n=40 to=0 | cancels=0(+0/s) seqbad=0 len_bad=0 disc=2(0x08) | tot_n=52581 tot_to=13 maxever=110246 >2ms=52581 >5ms=52581 >15ms=10576 >20ms=3412 >30ms=1455 | probes=52597 wrfail=2 down=50s maxout=36s
 908.784  t=976s RTT mean=25426 min=11468 max=79414 n=35 to=0 | cancels=0(+0/s) seqbad=0 len_bad=0 disc=2(0x08) | tot_n=52616 tot_to=13 maxever=110246 >2ms=52616 >5ms=52616 >15ms=10602 >20ms=3425 >30ms=1463 | probes=52632 wrfail=2 down=50s maxout=36s
 908.838  t=977s RTT mean=21850 min=11468 max=56467 n=40 to=0 | cancels=0(+0/s) seqbad=0 len_bad=0 disc=2(0x08) | tot_n=52656 tot_to=13 maxever=110246 >2ms=52656 >5ms=52656 >15ms=10626 >20ms=3439 >30ms=1471 | probes=52672 wrfail=2 down=50s maxout=36s
 910.819  t=978s RTT mean=26680 min=11465 max=64413 n=34 to=0 | cancels=0(+0/s) seqbad=0 len_bad=0 disc=2(0x08) | tot_n=52690 tot_to=13 maxever=110246 >2ms=52690 >5ms=52690 >15ms=10653 >20ms=3454 >30ms=1481 | probes=52706 wrfail=2 down=50s maxout=36s
 910.819  t=979s RTT mean=27895 min=11467 max=86465 n=31 to=0 | cancels=0(+0/s) seqbad=0 len_bad=0 disc=2(0x08) | tot_n=52721 tot_to=13 maxever=110246 >2ms=52721 >5ms=52721 >15ms=10674 >20ms=3470 >30ms=1490 | probes=52737 wrfail=2 down=50s maxout=36s
 912.799  t=980s RTT mean=26900 min=11468 max=56909 n=34 to=0 | cancels=0(+0/s) seqbad=0 len_bad=0 disc=2(0x08) | tot_n=52755 tot_to=13 maxever=110246 >2ms=52755 >5ms=52755 >15ms=10699 >20ms=3489 >30ms=1501 | probes=52771 wrfail=2 down=50s maxout=36s
 912.799  t=981s RTT mean=26485 min=11468 max=101916 n=34 to=0 | cancels=0(+0/s) seqbad=0 len_bad=0 disc=2(0x08) | tot_n=52789 tot_to=13 maxever=110246 >2ms=52789 >5ms=52789 >15ms=10721 >20ms=3501 >30ms=1509 | probes=52805 wrfail=2 down=50s maxout=36s
 914.821  t=982s RTT mean=22955 min=11469 max=87359 n=38 to=0 | cancels=0(+0/s) seqbad=0 len_bad=0 disc=2(0x08) | tot_n=52827 tot_to=13 maxever=110246 >2ms=52827 >5ms=52827 >15ms=10745 >20ms=3514 >30ms=1518 | probes=52843 wrfail=2 down=50s maxout=36s
 914.821  t=983s RTT mean=20842 min=11468 max=56912 n=42 to=0 | cancels=0(+0/s) seqbad=0 len_bad=0 disc=2(0x08) | tot_n=52869 tot_to=13 maxever=110246 >2ms=52869 >5ms=52869 >15ms=10766 >20ms=3527 >30ms=1525 | probes=52885 wrfail=2 down=50s maxout=36s
 916.786  t=984s RTT mean=25823 min=11913 max=56915 n=34 to=0 | cancels=0(+0/s) seqbad=0 len_bad=0 disc=2(0x08) | tot_n=52903 tot_to=13 maxever=110246 >2ms=52903 >5ms=52903 >15ms=10794 >20ms=3544 >30ms=1534 | probes=52919 wrfail=2 down=50s maxout=36s
 916.840  t=985s RTT mean=29477 min=11022 max=116913 n=32 to=0 | cancels=0(+0/s) seqbad=0 len_bad=0 disc=2(0x08) | tot_n=52935 tot_to=13 maxever=116913 >2ms=52935 >5ms=52935 >15ms=10819 >20ms=3561 >30ms=1546 | probes=52950 wrfail=2 down=50s maxout=36s
 918.827  t=986s RTT mean=22572 min=11021 max=57358 n=38 to=0 | cancels=0(+0/s) seqbad=0 len_bad=0 disc=2(0x08) | tot_n=52973 tot_to=13 maxever=116913 >2ms=52973 >5ms=52973 >15ms=10839 >20ms=3573 >30ms=1556 | probes=52989 wrfail=2 down=50s maxout=36s
 918.828  t=987s RTT mean=26472 min=11912 max=56912 n=34 to=0 | cancels=0(+0/s) seqbad=0 len_bad=0 disc=2(0x08) | tot_n=53007 tot_to=13 maxever=116913 >2ms=53007 >5ms=53007 >15ms=10864 >20ms=3590 >30ms=1565 | probes=53023 wrfail=2 down=50s maxout=36s
 920.801  t=988s RTT mean=25842 min=11468 max=41913 n=35 to=0 | cancels=0(+0/s) seqbad=0 len_bad=0 disc=2(0x08) | tot_n=53042 tot_to=13 maxever=116913 >2ms=53042 >5ms=53042 >15ms=10894 >20ms=3608 >30ms=1578 | probes=53058 wrfail=2 down=50s maxout=36s
 920.801  t=989s RTT mean=22966 min=11468 max=63965 n=38 to=0 | cancels=0(+0/s) seqbad=0 len_bad=0 disc=2(0x08) | tot_n=53080 tot_to=13 maxever=116913 >2ms=53080 >5ms=53080 >15ms=10922 >20ms=3625 >30ms=1583 | probes=53096 wrfail=2 down=50s maxout=36s
 922.801  t=990s RTT mean=28849 min=11019 max=94413 n=31 to=0 | cancels=0(+0/s) seqbad=0 len_bad=0 disc=2(0x08) | tot_n=53111 tot_to=13 maxever=116913 >2ms=53111 >5ms=53111 >15ms=10943 >20ms=3644 >30ms=1593 | probes=53127 wrfail=2 down=50s maxout=36s
 922.801  t=991s RTT mean=23767 min=11466 max=71910 n=38 to=0 | cancels=0(+0/s) seqbad=0 len_bad=0 disc=2(0x08) | tot_n=53149 tot_to=13 maxever=116913 >2ms=53149 >5ms=53149 >15ms=10967 >20ms=3661 >30ms=1604 | probes=53165 wrfail=2 down=50s maxout=36s
 924.790  t=992s RTT mean=28085 min=11910 max=87357 n=32 to=0 | cancels=0(+0/s) seqbad=0 len_bad=0 disc=2(0x08) | tot_n=53181 tot_to=13 maxever=116913 >2ms=53181 >5ms=53181 >15ms=10993 >20ms=3679 >30ms=1616 | probes=53197 wrfail=2 down=50s maxout=36s
 924.845  t=993s RTT mean=25400 min=11470 max=63968 n=35 to=0 | cancels=0(+0/s) seqbad=0 len_bad=0 disc=2(0x08) | tot_n=53216 tot_to=13 maxever=116913 >2ms=53216 >5ms=53216 >15ms=11019 >20ms=3692 >30ms=1627 | probes=53232 wrfail=2 down=50s maxout=36s
 926.812  t=994s RTT mean=34136 min=11913 max=101914 n=27 to=0 | cancels=0(+0/s) seqbad=0 len_bad=0 disc=2(0x08) | tot_n=53243 tot_to=13 maxever=116913 >2ms=53243 >5ms=53243 >15ms=11041 >20ms=3709 >30ms=1636 | probes=53259 wrfail=2 down=50s maxout=36s
 926.812  t=995s RTT mean=22966 min=11021 max=56913 n=38 to=0 | cancels=0(+0/s) seqbad=0 len_bad=0 disc=2(0x08) | tot_n=53281 tot_to=13 maxever=116913 >2ms=53281 >5ms=53281 >15ms=11063 >20ms=3725 >30ms=1646 | probes=53297 wrfail=2 down=50s maxout=36s
 928.813  t=996s RTT mean=21436 min=11468 max=56912 n=41 to=0 | cancels=0(+0/s) seqbad=0 len_bad=0 disc=2(0x08) | tot_n=53322 tot_to=13 maxever=116913 >2ms=53322 >5ms=53322 >15ms=11086 >20ms=3741 >30ms=1652 | probes=53338 wrfail=2 down=50s maxout=36s
 928.813  t=997s RTT mean=18751 min=11469 max=41912 n=46 to=0 | cancels=0(+0/s) seqbad=0 len_bad=0 disc=2(0x08) | tot_n=53368 tot_to=13 maxever=116913 >2ms=53368 >5ms=53368 >15ms=11111 >20ms=3751 >30ms=1657 | probes=53384 wrfail=2 down=50s maxout=36s
 930.808  t=998s RTT mean=21476 min=11021 max=56912 n=40 to=0 | cancels=0(+0/s) seqbad=0 len_bad=0 disc=2(0x08) | tot_n=53408 tot_to=13 maxever=116913 >2ms=53408 >5ms=53408 >15ms=11136 >20ms=3765 >30ms=1663 | probes=53424 wrfail=2 down=50s maxout=36s
 930.808  t=999s RTT mean=20274 min=11021 max=49860 n=44 to=0 | cancels=0(+0/s) seqbad=0 len_bad=0 disc=2(0x08) | tot_n=53452 tot_to=13 maxever=116913 >2ms=53452 >5ms=53452 >15ms=11161 >20ms=3777 >30ms=1669 | probes=53467 wrfail=2 down=50s maxout=36s
 932.816  t=1000s RTT mean=20102 min=11467 max=79411 n=43 to=0 | cancels=0(+0/s) seqbad=0 len_bad=0 disc=2(0x08) | tot_n=53495 tot_to=13 maxever=116913 >2ms=53495 >5ms=53495 >15ms=11182 >20ms=3787 >30ms=1674 | probes=53511 wrfail=2 down=50s maxout=36s
 932.816  t=1001s RTT mean=20306 min=11468 max=49413 n=42 to=0 | cancels=0(+0/s) seqbad=0 len_bad=0 disc=2(0x08) | tot_n=53537 tot_to=13 maxever=116913 >2ms=53537 >5ms=53537 >15ms=11206 >20ms=3800 >30ms=1680 | probes=53553 wrfail=2 down=50s maxout=36s
 934.828  t=1002s RTT mean=20105 min=11466 max=56931 n=44 to=0 | cancels=0(+0/s) seqbad=0 len_bad=0 disc=2(0x08) | tot_n=53581 tot_to=13 maxever=116913 >2ms=53581 >5ms=53581 >15ms=11230 >20ms=3811 >30ms=1687 | probes=53596 wrfail=2 down=50s maxout=36s
 934.828  t=1003s RTT mean=19939 min=11466 max=71913 n=42 to=0 | cancels=0(+0/s) seqbad=0 len_bad=0 disc=2(0x08) | tot_n=53623 tot_to=13 maxever=116913 >2ms=53623 >5ms=53623 >15ms=11252 >20ms=3823 >30ms=1690 | probes=53639 wrfail=2 down=50s maxout=36s
 936.795  t=1004s RTT mean=20460 min=11468 max=56915 n=43 to=0 | cancels=0(+0/s) seqbad=0 len_bad=0 disc=2(0x08) | tot_n=53666 tot_to=13 maxever=116913 >2ms=53666 >5ms=53666 >15ms=11276 >20ms=3836 >30ms=1696 | probes=53682 wrfail=2 down=50s maxout=36s
 936.846  t=1005s RTT mean=22236 min=11468 max=49414 n=40 to=0 | cancels=0(+0/s) seqbad=0 len_bad=0 disc=2(0x08) | tot_n=53706 tot_to=13 maxever=116913 >2ms=53706 >5ms=53706 >15ms=11302 >20ms=3852 >30ms=1704 | probes=53722 wrfail=2 down=50s maxout=36s
 938.811  t=1006s RTT mean=17415 min=11468 max=56913 n=49 to=0 | cancels=0(+0/s) seqbad=0 len_bad=0 disc=2(0x08) | tot_n=53755 tot_to=13 maxever=116913 >2ms=53755 >5ms=53755 >15ms=11323 >20ms=3861 >30ms=1706 | probes=53771 wrfail=2 down=50s maxout=36s
 938.811  t=1007s RTT mean=22490 min=11913 max=49413 n=39 to=0 | cancels=0(+0/s) seqbad=0 len_bad=0 disc=2(0x08) | tot_n=53794 tot_to=13 maxever=116913 >2ms=53794 >5ms=53794 >15ms=11350 >20ms=3877 >30ms=1714 | probes=53810 wrfail=2 down=50s maxout=36s
 940.808  t=1008s RTT mean=19247 min=11469 max=41914 n=45 to=0 | cancels=0(+0/s) seqbad=0 len_bad=0 disc=2(0x08) | tot_n=53839 tot_to=13 maxever=116913 >2ms=53839 >5ms=53839 >15ms=11375 >20ms=3887 >30ms=1719 | probes=53854 wrfail=2 down=50s maxout=36s
 940.808  t=1009s RTT mean=23063 min=11469 max=41913 n=37 to=0 | cancels=0(+0/s) seqbad=0 len_bad=0 disc=2(0x08) | tot_n=53876 tot_to=13 maxever=116913 >2ms=53876 >5ms=53876 >15ms=11400 >20ms=3906 >30ms=1727 | probes=53892 wrfail=2 down=50s maxout=36s
 942.793  t=1010s RTT mean=26693 min=11466 max=64412 n=34 to=0 | cancels=0(+0/s) seqbad=0 len_bad=0 disc=2(0x08) | tot_n=53910 tot_to=13 maxever=116913 >2ms=53910 >5ms=53910 >15ms=11427 >20ms=3925 >30ms=1735 | probes=53926 wrfail=2 down=50s maxout=36s
 942.846  t=1011s RTT mean=41868 min=11468 max=101914 n=17 to=1 | cancels=0(+0/s) seqbad=1 len_bad=0 disc=2(0x08) | tot_n=53927 tot_to=14 maxever=116913 >2ms=53927 >5ms=53927 >15ms=11441 >20ms=3936 >30ms=1745 | probes=53944 wrfail=2 down=50s maxout=36s
 944.803  t=1012s RTT mean=44640 min=11911 max=131918 n=22 to=0 | cancels=0(+0/s) seqbad=1 len_bad=0 disc=2(0x08) | tot_n=53949 tot_to=14 maxever=131918 >2ms=53949 >5ms=53949 >15ms=11462 >20ms=3953 >30ms=1758 | probes=53966 wrfail=2 down=50s maxout=36s
 944.803  t=1013s RTT mean=59285 min=11913 max=176914 n=16 to=0 | cancels=0(+0/s) seqbad=1 len_bad=0 disc=2(0x08) | tot_n=53965 tot_to=14 maxever=176914 >2ms=53965 >5ms=53965 >15ms=11477 >20ms=3964 >30ms=1767 | probes=53982 wrfail=2 down=50s maxout=36s
 946.824  t=1014s RTT mean=43766 min=11913 max=161913 n=20 to=0 | cancels=0(+0/s) seqbad=1 len_bad=0 disc=2(0x08) | tot_n=53985 tot_to=14 maxever=176914 >2ms=53985 >5ms=53985 >15ms=11495 >20ms=3979 >30ms=1779 | probes=54002 wrfail=2 down=50s maxout=36s
 946.824  t=1015s RTT mean=40681 min=11468 max=116913 n=24 to=0 | cancels=0(+0/s) seqbad=1 len_bad=0 disc=2(0x08) | tot_n=54009 tot_to=14 maxever=176914 >2ms=54009 >5ms=54009 >15ms=11513 >20ms=3993 >30ms=1790 | probes=54026 wrfail=2 down=50s maxout=36s
 948.784  t=1016s RTT mean=40915 min=11017 max=138966 n=23 to=0 | cancels=0(+0/s) seqbad=1 len_bad=0 disc=2(0x08) | tot_n=54032 tot_to=14 maxever=176914 >2ms=54032 >5ms=54032 >15ms=11529 >20ms=4005 >30ms=1800 | probes=54049 wrfail=2 down=50s maxout=36s
 948.835  t=1017s RTT mean=51937 min=11468 max=161913 n=18 to=0 | cancels=0(+0/s) seqbad=1 len_bad=0 disc=2(0x08) | tot_n=54050 tot_to=14 maxever=176914 >2ms=54050 >5ms=54050 >15ms=11544 >20ms=4019 >30ms=1810 | probes=54067 wrfail=2 down=50s maxout=36s
 950.796  t=1018s RTT mean=60413 min=19408 max=169412 n=15 to=0 | cancels=0(+0/s) seqbad=1 len_bad=0 disc=2(0x08) | tot_n=54065 tot_to=14 maxever=176914 >2ms=54065 >5ms=54065 >15ms=11559 >20ms=4031 >30ms=1821 | probes=54082 wrfail=2 down=50s maxout=36s
 950.848  t=1019s RTT mean=49060 min=12808 max=162358 n=20 to=0 | cancels=0(+0/s) seqbad=1 len_bad=0 disc=2(0x08) | tot_n=54085 tot_to=14 maxever=176914 >2ms=54085 >5ms=54085 >15ms=11577 >20ms=4047 >30ms=1831 | probes=54102 wrfail=2 down=50s maxout=36s
 952.794  t=1020s RTT mean=39376 min=11856 max=102359 n=24 to=0 | cancels=0(+0/s) seqbad=1 len_bad=0 disc=2(0x08) | tot_n=54109 tot_to=14 maxever=176914 >2ms=54109 >5ms=54109 >15ms=11598 >20ms=4063 >30ms=1844 | probes=54126 wrfail=2 down=50s maxout=36s
 952.849  t=1021s RTT mean=46650 min=11466 max=118256 n=19 to=0 | cancels=0(+0/s) seqbad=1 len_bad=0 disc=2(0x08) | tot_n=54128 tot_to=14 maxever=176914 >2ms=54128 >5ms=54128 >15ms=11616 >20ms=4076 >30ms=1856 | probes=54145 wrfail=2 down=50s maxout=36s
 954.795  t=1022s RTT mean=39726 min=11914 max=191468 n=24 to=0 | cancels=0(+0/s) seqbad=1 len_bad=0 disc=2(0x08) | tot_n=54152 tot_to=14 maxever=191468 >2ms=54152 >5ms=54152 >15ms=11633 >20ms=4089 >30ms=1866 | probes=54169 wrfail=2 down=50s maxout=36s
 954.847  t=1023s RTT mean=37850 min=11468 max=139864 n=24 to=0 | cancels=0(+0/s) seqbad=1 len_bad=0 disc=2(0x08) | tot_n=54176 tot_to=14 maxever=191468 >2ms=54176 >5ms=54176 >15ms=11654 >20ms=4106 >30ms=1878 | probes=54193 wrfail=2 down=50s maxout=36s
 956.800  t=1024s RTT mean=34161 min=11468 max=102358 n=28 to=0 | cancels=0(+0/s) seqbad=1 len_bad=0 disc=2(0x08) | tot_n=54204 tot_to=14 maxever=191468 >2ms=54204 >5ms=54204 >15ms=11676 >20ms=4121 >30ms=1892 | probes=54221 wrfail=2 down=50s maxout=36s
 956.855  t=1025s RTT mean=38788 min=11474 max=154412 n=24 to=0 | cancels=0(+0/s) seqbad=1 len_bad=0 disc=2(0x08) | tot_n=54228 tot_to=14 maxever=191468 >2ms=54228 >5ms=54228 >15ms=11697 >20ms=4135 >30ms=1901 | probes=54244 wrfail=2 down=50s maxout=36s
 958.804  t=1026s RTT mean=28109 min=11469 max=87360 n=31 to=0 | cancels=0(+0/s) seqbad=1 len_bad=0 disc=2(0x08) | tot_n=54259 tot_to=14 maxever=191468 >2ms=54259 >5ms=54259 >15ms=11715 >20ms=4149 >30ms=1912 | probes=54276 wrfail=2 down=50s maxout=36s
 958.804  t=1027s RTT mean=29589 min=11913 max=71911 n=31 to=0 | cancels=0(+0/s) seqbad=1 len_bad=0 disc=2(0x08) | tot_n=54290 tot_to=14 maxever=191468 >2ms=54290 >5ms=54290 >15ms=11741 >20ms=4167 >30ms=1924 | probes=54307 wrfail=2 down=50s maxout=36s
 960.805  t=1028s RTT mean=32070 min=11468 max=71466 n=29 to=0 | cancels=0(+0/s) seqbad=1 len_bad=0 disc=2(0x08) | tot_n=54319 tot_to=14 maxever=191468 >2ms=54319 >5ms=54319 >15ms=11764 >20ms=4185 >30ms=1938 | probes=54335 wrfail=2 down=50s maxout=36s
 960.805  t=1029s RTT mean=24621 min=11466 max=64413 n=36 to=0 | cancels=0(+0/s) seqbad=1 len_bad=0 disc=2(0x08) | tot_n=54355 tot_to=14 maxever=191468 >2ms=54355 >5ms=54355 >15ms=11788 >20ms=4201 >30ms=1947 | probes=54372 wrfail=2 down=50s maxout=36s
 962.805  t=1030s RTT mean=22298 min=11468 max=49413 n=39 to=0 | cancels=0(+0/s) seqbad=1 len_bad=0 disc=2(0x08) | tot_n=54394 tot_to=14 maxever=191468 >2ms=54394 >5ms=54394 >15ms=11815 >20ms=4216 >30ms=1953 | probes=54411 wrfail=2 down=50s maxout=36s
 962.805  t=1031s RTT mean=25426 min=11468 max=64414 n=35 to=0 | cancels=0(+0/s) seqbad=1 len_bad=0 disc=2(0x08) | tot_n=54429 tot_to=14 maxever=191468 >2ms=54429 >5ms=54429 >15ms=11842 >20ms=4233 >30ms=1961 | probes=54446 wrfail=2 down=50s maxout=36s
 964.813  t=1032s RTT mean=30178 min=11910 max=71912 n=30 to=0 | cancels=0(+0/s) seqbad=1 len_bad=0 disc=2(0x08) | tot_n=54459 tot_to=14 maxever=191468 >2ms=54459 >5ms=54459 >15ms=11864 >20ms=4248 >30ms=1972 | probes=54476 wrfail=2 down=50s maxout=36s
 964.813  t=1033s RTT mean=22203 min=11468 max=49413 n=40 to=0 | cancels=0(+0/s) seqbad=1 len_bad=0 disc=2(0x08) | tot_n=54499 tot_to=14 maxever=191468 >2ms=54499 >5ms=54499 >15ms=11893 >20ms=4262 >30ms=1980 | probes=54516 wrfail=2 down=50s maxout=36s
 966.783  t=1034s RTT mean=21254 min=11466 max=57358 n=41 to=0 | cancels=0(+0/s) seqbad=1 len_bad=0 disc=2(0x08) | tot_n=54540 tot_to=14 maxever=191468 >2ms=54540 >5ms=54540 >15ms=11918 >20ms=4277 >30ms=1987 | probes=54557 wrfail=2 down=50s maxout=36s
 966.838  t=1035s RTT mean=26900 min=11477 max=116914 n=33 to=0 | cancels=0(+0/s) seqbad=1 len_bad=0 disc=2(0x08) | tot_n=54573 tot_to=14 maxever=191468 >2ms=54573 >5ms=54573 >15ms=11942 >20ms=4292 >30ms=1996 | probes=54590 wrfail=2 down=50s maxout=36s
 968.801  t=1036s RTT mean=26706 min=11469 max=79413 n=34 to=0 | cancels=0(+0/s) seqbad=1 len_bad=0 disc=2(0x08) | tot_n=54607 tot_to=14 maxever=191468 >2ms=54607 >5ms=54607 >15ms=11964 >20ms=4308 >30ms=2006 | probes=54624 wrfail=2 down=50s maxout=36s
 968.854  t=1037s RTT mean=28319 min=11466 max=86913 n=32 to=0 | cancels=0(+0/s) seqbad=1 len_bad=0 disc=2(0x08) | tot_n=54639 tot_to=14 maxever=191468 >2ms=54639 >5ms=54639 >15ms=11986 >20ms=4324 >30ms=2016 | probes=54656 wrfail=2 down=50s maxout=36s
 970.827  t=1038s RTT mean=26031 min=11466 max=64431 n=34 to=0 | cancels=0(+0/s) seqbad=1 len_bad=0 disc=2(0x08) | tot_n=54673 tot_to=14 maxever=191468 >2ms=54673 >5ms=54673 >15ms=12012 >20ms=4338 >30ms=2025 | probes=54690 wrfail=2 down=50s maxout=36s
 970.827  t=1039s RTT mean=24063 min=11015 max=64866 n=37 to=0 | cancels=0(+0/s) seqbad=1 len_bad=0 disc=2(0x08) | tot_n=54710 tot_to=14 maxever=191468 >2ms=54710 >5ms=54710 >15ms=12037 >20ms=4353 >30ms=2034 | probes=54727 wrfail=2 down=50s maxout=36s
 972.811  t=1040s RTT mean=41232 min=11468 max=108967 n=22 to=0 | cancels=0(+0/s) seqbad=1 len_bad=0 disc=2(0x08) | tot_n=54732 tot_to=14 maxever=191468 >2ms=54732 >5ms=54732 >15ms=12054 >20ms=4369 >30ms=2048 | probes=54749 wrfail=2 down=50s maxout=36s
 972.811  t=1041s RTT mean=37730 min=11466 max=101911 n=25 to=0 | cancels=0(+0/s) seqbad=1 len_bad=0 disc=2(0x08) | tot_n=54757 tot_to=14 maxever=191468 >2ms=54757 >5ms=54757 >15ms=12073 >20ms=4387 >30ms=2061 | probes=54774 wrfail=2 down=50s maxout=36s
 974.815  t=1042s RTT mean=29575 min=11468 max=79413 n=31 to=0 | cancels=0(+0/s) seqbad=1 len_bad=0 disc=2(0x08) | tot_n=54788 tot_to=14 maxever=191468 >2ms=54788 >5ms=54788 >15ms=12097 >20ms=4403 >30ms=2072 | probes=54804 wrfail=2 down=50s maxout=36s
 974.815  t=1043s RTT mean=25185 min=11468 max=86913 n=35 to=0 | cancels=0(+0/s) seqbad=1 len_bad=0 disc=2(0x08) | tot_n=54823 tot_to=14 maxever=191468 >2ms=54823 >5ms=54823 >15ms=12123 >20ms=4419 >30ms=2079 | probes=54840 wrfail=2 down=50s maxout=36s
 976.833  t=1044s RTT mean=22038 min=11466 max=64412 n=40 to=0 | cancels=0(+0/s) seqbad=1 len_bad=0 disc=2(0x08) | tot_n=54863 tot_to=14 maxever=191468 >2ms=54863 >5ms=54863 >15ms=12146 >20ms=4434 >30ms=2087 | probes=54880 wrfail=2 down=50s maxout=36s
 976.833  t=1045s RTT mean=21425 min=11467 max=71914 n=41 to=0 | cancels=0(+0/s) seqbad=1 len_bad=0 disc=2(0x08) | tot_n=54904 tot_to=14 maxever=191468 >2ms=54904 >5ms=54904 >15ms=12169 >20ms=4449 >30ms=2093 | probes=54920 wrfail=2 down=50s maxout=36s
 978.799  t=1046s RTT mean=19937 min=11469 max=49429 n=43 to=0 | cancels=0(+0/s) seqbad=1 len_bad=0 disc=2(0x08) | tot_n=54947 tot_to=14 maxever=191468 >2ms=54947 >5ms=54947 >15ms=12195 >20ms=4459 >30ms=2098 | probes=54964 wrfail=2 down=50s maxout=36s
 978.854  t=1047s RTT mean=19764 min=11467 max=56469 n=44 to=0 | cancels=0(+0/s) seqbad=1 len_bad=0 disc=2(0x08) | tot_n=54991 tot_to=14 maxever=191468 >2ms=54991 >5ms=54991 >15ms=12224 >20ms=4466 >30ms=2103 | probes=55008 wrfail=2 down=50s maxout=36s
 980.810  t=1048s RTT mean=22672 min=11470 max=79413 n=39 to=0 | cancels=0(+0/s) seqbad=1 len_bad=0 disc=2(0x08) | tot_n=55030 tot_to=14 maxever=191468 >2ms=55030 >5ms=55030 >15ms=12249 >20ms=4478 >30ms=2110 | probes=55046 wrfail=2 down=50s maxout=36s
 980.810  t=1049s RTT mean=21285 min=11466 max=41915 n=40 to=0 | cancels=0(+0/s) seqbad=1 len_bad=0 disc=2(0x08) | tot_n=55070 tot_to=14 maxever=191468 >2ms=55070 >5ms=55070 >15ms=12273 >20ms=4491 >30ms=2118 | probes=55087 wrfail=2 down=50s maxout=36s
 982.820  t=1050s RTT mean=22436 min=11021 max=49414 n=40 to=0 | cancels=0(+0/s) seqbad=1 len_bad=0 disc=2(0x08) | tot_n=55110 tot_to=14 maxever=191468 >2ms=55110 >5ms=55110 >15ms=12301 >20ms=4509 >30ms=2125 | probes=55127 wrfail=2 down=50s maxout=36s
 982.820  t=1051s RTT mean=25387 min=11021 max=64413 n=35 to=0 | cancels=0(+0/s) seqbad=1 len_bad=0 disc=2(0x08) | tot_n=55145 tot_to=14 maxever=191468 >2ms=55145 >5ms=55145 >15ms=12329 >20ms=4527 >30ms=2131 | probes=55162 wrfail=2 down=50s maxout=36s
 984.831  t=1052s RTT mean=22490 min=11468 max=49858 n=39 to=0 | cancels=0(+0/s) seqbad=1 len_bad=0 disc=2(0x08) | tot_n=55184 tot_to=14 maxever=191468 >2ms=55184 >5ms=55184 >15ms=12359 >20ms=4542 >30ms=2138 | probes=55201 wrfail=2 down=50s maxout=36s
 984.831  t=1053s RTT mean=23670 min=11468 max=42357 n=37 to=0 | cancels=0(+0/s) seqbad=1 len_bad=0 disc=2(0x08) | tot_n=55221 tot_to=14 maxever=191468 >2ms=55221 >5ms=55221 >15ms=12387 >20ms=4559 >30ms=2147 | probes=55238 wrfail=2 down=50s maxout=36s
 986.796  t=1054s RTT mean=30678 min=11913 max=86913 n=30 to=0 | cancels=0(+0/s) seqbad=1 len_bad=0 disc=2(0x08) | tot_n=55251 tot_to=14 maxever=191468 >2ms=55251 >5ms=55251 >15ms=12413 >20ms=4576 >30ms=2160 | probes=55268 wrfail=2 down=50s maxout=36s
 986.847  t=1055s RTT mean=24972 min=11913 max=131915 n=35 to=0 | cancels=0(+0/s) seqbad=1 len_bad=0 disc=2(0x08) | tot_n=55286 tot_to=14 maxever=191468 >2ms=55286 >5ms=55286 >15ms=12440 >20ms=4589 >30ms=2164 | probes=55303 wrfail=2 down=50s maxout=36s
 988.801  t=1056s RTT mean=30413 min=11467 max=108967 n=30 to=0 | cancels=0(+0/s) seqbad=1 len_bad=0 disc=2(0x08) | tot_n=55316 tot_to=14 maxever=191468 >2ms=55316 >5ms=55316 >15ms=12463 >20ms=4605 >30ms=2174 | probes=55333 wrfail=2 down=50s maxout=36s
 988.853  t=1057s RTT mean=30163 min=11913 max=64417 n=30 to=0 | cancels=0(+0/s) seqbad=1 len_bad=0 disc=2(0x08) | tot_n=55346 tot_to=14 maxever=191468 >2ms=55346 >5ms=55346 >15ms=12489 >20ms=4625 >30ms=2186 | probes=55363 wrfail=2 down=50s maxout=36s
 990.795  t=1058s RTT mean=44413 min=12366 max=109413 n=21 to=0 | cancels=0(+0/s) seqbad=1 len_bad=0 disc=2(0x08) | tot_n=55367 tot_to=14 maxever=191468 >2ms=55367 >5ms=55367 >15ms=12508 >20ms=4640 >30ms=2197 | probes=55384 wrfail=2 down=50s maxout=36s
 990.846  t=1059s RTT mean=28802 min=11469 max=131468 n=32 to=0 | cancels=0(+0/s) seqbad=1 len_bad=0 disc=2(0x08) | tot_n=55399 tot_to=14 maxever=191468 >2ms=55399 >5ms=55399 >15ms=12531 >20ms=4655 >30ms=2208 | probes=55416 wrfail=2 down=50s maxout=36s
 992.815  t=1060s RTT mean=30001 min=11468 max=86476 n=29 to=0 | cancels=0(+0/s) seqbad=1 len_bad=0 disc=2(0x08) | tot_n=55428 tot_to=14 maxever=191468 >2ms=55428 >5ms=55428 >15ms=12553 >20ms=4674 >30ms=2219 | probes=55445 wrfail=2 down=50s maxout=36s
 992.815  t=1061s RTT mean=28085 min=11913 max=132358 n=32 to=0 | cancels=0(+0/s) seqbad=1 len_bad=0 disc=2(0x08) | tot_n=55460 tot_to=14 maxever=191468 >2ms=55460 >5ms=55460 >15ms=12578 >20ms=4687 >30ms=2229 | probes=55477 wrfail=2 down=50s maxout=36s
 994.794  t=1062s RTT mean=25468 min=11910 max=72359 n=36 to=0 | cancels=0(+0/s) seqbad=1 len_bad=0 disc=2(0x08) | tot_n=55496 tot_to=14 maxever=191468 >2ms=55496 >5ms=55496 >15ms=12601 >20ms=4702 >30ms=2239 | probes=55513 wrfail=2 down=50s maxout=36s
 994.845  t=1063s RTT mean=27808 min=11468 max=79415 n=33 to=0 | cancels=0(+0/s) seqbad=1 len_bad=0 disc=2(0x08) | tot_n=55529 tot_to=14 maxever=191468 >2ms=55529 >5ms=55529 >15ms=12623 >20ms=4719 >30ms=2251 | probes=55546 wrfail=2 down=50s maxout=36s
 996.808  t=1064s RTT mean=26445 min=11911 max=93968 n=32 to=0 | cancels=0(+0/s) seqbad=1 len_bad=0 disc=2(0x08) | tot_n=55561 tot_to=14 maxever=191468 >2ms=55561 >5ms=55561 >15ms=12646 >20ms=4733 >30ms=2260 | probes=55578 wrfail=2 down=50s maxout=36s
 996.808  t=1065s RTT mean=25303 min=11913 max=101917 n=37 to=0 | cancels=0(+0/s) seqbad=1 len_bad=0 disc=2(0x08) | tot_n=55598 tot_to=14 maxever=191468 >2ms=55598 >5ms=55598 >15ms=12672 >20ms=4747 >30ms=2269 | probes=55615 wrfail=2 down=50s maxout=36s
 998.831  t=1066s RTT mean=21710 min=11468 max=49412 n=39 to=0 | cancels=0(+0/s) seqbad=1 len_bad=0 disc=2(0x08) | tot_n=55637 tot_to=14 maxever=191468 >2ms=55637 >5ms=55637 >15ms=12699 >20ms=4760 >30ms=2276 | probes=55654 wrfail=2 down=50s maxout=36s
 998.831  t=1067s RTT mean=20983 min=11468 max=49413 n=43 to=0 | cancels=0(+0/s) seqbad=1 len_bad=0 disc=2(0x08) | tot_n=55680 tot_to=14 maxever=191468 >2ms=55680 >5ms=55680 >15ms=12723 >20ms=4774 >30ms=2283 | probes=55697 wrfail=2 down=50s maxout=36s
1000.838  t=1068s RTT mean=22859 min=11021 max=49858 n=37 to=0 | cancels=0(+0/s) seqbad=1 len_bad=0 disc=2(0x08) | tot_n=55717 tot_to=14 maxever=191468 >2ms=55717 >5ms=55717 >15ms=12744 >20ms=4789 >30ms=2292 | probes=55734 wrfail=2 down=50s maxout=36s
1000.838  t=1069s RTT mean=0 min=0 max=0 n=0 to=5 | cancels=0(+0/s) seqbad=1 len_bad=0 disc=2(0x08) | tot_n=55717 tot_to=19 maxever=191468 >2ms=55717 >5ms=55717 >15ms=12744 >20ms=4789 >30ms=2292 | probes=55739 wrfail=2 down=50s maxout=36s
1002.790  t=1070s RTT mean=0 min=0 max=0 n=0 to=2 | cancels=0(+0/s) seqbad=1 len_bad=0 disc=2(0x08) | tot_n=55717 tot_to=21 maxever=191468 >2ms=55717 >5ms=55717 >15ms=12744 >20ms=4789 >30ms=2292 | probes=55741 wrfail=2 down=50s maxout=36s
1002.842  t=1071s RTT mean=0 min=0 max=0 n=0 to=0 | cancels=0(+0/s) seqbad=1 len_bad=0 disc=2(0x08) | tot_n=55717 tot_to=21 maxever=191468 >2ms=55717 >5ms=55717 >15ms=12744 >20ms=4789 >30ms=2292 | probes=55741 wrfail=2 down=50s maxout=36s
1004.523  GAP disconnected 0x08
1004.523  scan rc=0
1004.523  [00:09:34.879,112] [1;33m<wrn> bt_att: Not connected[0m
1004.523  Q2CONN AA=ec2766f5 CRCINIT=093d81 hop=8 chan_count=37 map=ffffffff1f
1004.574  t=1072s RTT mean=0 min=0 max=0 n=0 to=0 | cancels=0(+0/s) seqbad=1 len_bad=0 disc=3(0x08) | tot_n=55717 tot_to=21 maxever=191468 >2ms=55717 >5ms=55717 >15ms=12744 >20ms=4789 >30ms=2292 | probes=55741 wrfail=3 down=51s maxout=36s
1004.574  GAP connected interval=7500
1004.574  MTU err=0 mtu=23
1004.574  PHY tx=2 rx=2
1004.574  discovery start (post-PHY +500ms) interval=7500 phy2m=1
1004.574  SUBSCRIBED, vh=14
1005.800  t=1073s RTT mean=17726 min=11468 max=34414 n=11 to=0 | cancels=0(+0/s) seqbad=1 len_bad=0 disc=3(0x08) | tot_n=55728 tot_to=21 maxever=191468 >2ms=55728 >5ms=55728 >15ms=12750 >20ms=4791 >30ms=2293 | probes=55753 wrfail=3 down=51s maxout=36s
1005.852  t=1074s RTT mean=20841 min=11021 max=64413 n=42 to=0 | cancels=0(+0/s) seqbad=1 len_bad=0 disc=3(0x08) | tot_n=55770 tot_to=21 maxever=191468 >2ms=55770 >5ms=55770 >15ms=12776 >20ms=4803 >30ms=2298 | probes=55794 wrfail=3 down=51s maxout=36s
1007.797  t=1075s RTT mean=24771 min=11469 max=64413 n=35 to=0 | cancels=0(+0/s) seqbad=1 len_bad=0 disc=3(0x08) | tot_n=55805 tot_to=21 maxever=191468 >2ms=55805 >5ms=55805 >15ms=12800 >20ms=4817 >30ms=2309 | probes=55830 wrfail=3 down=51s maxout=36s
1007.847  t=1076s RTT mean=23163 min=11468 max=64413 n=38 to=0 | cancels=0(+0/s) seqbad=1 len_bad=0 disc=3(0x08) | tot_n=55843 tot_to=21 maxever=191468 >2ms=55843 >5ms=55843 >15ms=12825 >20ms=4833 >30ms=2315 | probes=55868 wrfail=3 down=51s maxout=36s
1009.801  t=1077s RTT mean=21426 min=11466 max=64411 n=41 to=0 | cancels=0(+0/s) seqbad=1 len_bad=0 disc=3(0x08) | tot_n=55884 tot_to=21 maxever=191468 >2ms=55884 >5ms=55884 >15ms=12847 >20ms=4844 >30ms=2324 | probes=55909 wrfail=3 down=51s maxout=36s
1009.855  t=1078s RTT mean=28553 min=11468 max=56917 n=32 to=0 | cancels=0(+0/s) seqbad=1 len_bad=0 disc=3(0x08) | tot_n=55916 tot_to=21 maxever=191468 >2ms=55916 >5ms=55916 >15ms=12872 >20ms=4858 >30ms=2336 | probes=55941 wrfail=3 down=51s maxout=36s
1011.827  t=1079s RTT mean=49809 min=11932 max=101910 n=19 to=0 | cancels=0(+0/s) seqbad=1 len_bad=0 disc=3(0x08) | tot_n=55935 tot_to=21 maxever=191468 >2ms=55935 >5ms=55935 >15ms=12890 >20ms=4872 >30ms=2348 | probes=55960 wrfail=3 down=51s maxout=36s
1011.827  t=1080s RTT mean=29347 min=11913 max=94422 n=31 to=0 | cancels=0(+0/s) seqbad=1 len_bad=0 disc=3(0x08) | tot_n=55966 tot_to=21 maxever=191468 >2ms=55966 >5ms=55966 >15ms=12916 >20ms=4889 >30ms=2360 | probes=55990 wrfail=3 down=51s maxout=36s
1013.813  t=1081s RTT mean=35896 min=11910 max=101912 n=25 to=0 | cancels=0(+0/s) seqbad=1 len_bad=0 disc=3(0x08) | tot_n=55991 tot_to=21 maxever=191468 >2ms=55991 >5ms=55991 >15ms=12935 >20ms=4904 >30ms=2373 | probes=56016 wrfail=3 down=51s maxout=36s
1013.813  t=1082s RTT mean=21985 min=11468 max=56913 n=41 to=0 | cancels=0(+0/s) seqbad=1 len_bad=0 disc=3(0x08) | tot_n=56032 tot_to=21 maxever=191468 >2ms=56032 >5ms=56032 >15ms=12960 >20ms=4919 >30ms=2382 | probes=56056 wrfail=3 down=51s maxout=36s
1015.830  t=1083s RTT mean=23873 min=11467 max=64413 n=37 to=0 | cancels=0(+0/s) seqbad=1 len_bad=0 disc=3(0x08) | tot_n=56069 tot_to=21 maxever=191468 >2ms=56069 >5ms=56069 >15ms=12987 >20ms=4934 >30ms=2388 | probes=56094 wrfail=3 down=51s maxout=36s
1015.831  t=1084s RTT mean=28648 min=11910 max=79413 n=30 to=0 | cancels=0(+0/s) seqbad=1 len_bad=0 disc=3(0x08) | tot_n=56099 tot_to=21 maxever=191468 >2ms=56099 >5ms=56099 >15ms=13012 >20ms=4948 >30ms=2399 | probes=56124 wrfail=3 down=51s maxout=36s
1017.844  t=1085s RTT mean=24481 min=11466 max=49413 n=37 to=0 | cancels=0(+0/s) seqbad=1 len_bad=0 disc=3(0x08) | tot_n=56136 tot_to=21 maxever=191468 >2ms=56136 >5ms=56136 >15ms=13042 >20ms=4964 >30ms=2408 | probes=56161 wrfail=3 down=51s maxout=36s
1017.844  t=1086s RTT mean=31309 min=11913 max=79414 n=29 to=0 | cancels=0(+0/s) seqbad=1 len_bad=0 disc=3(0x08) | tot_n=56165 tot_to=21 maxever=191468 >2ms=56165 >5ms=56165 >15ms=13064 >20ms=4981 >30ms=2420 | probes=56190 wrfail=3 down=51s maxout=36s
1019.815  t=1087s RTT mean=31051 min=11468 max=131914 n=29 to=0 | cancels=0(+0/s) seqbad=1 len_bad=0 disc=3(0x08) | tot_n=56194 tot_to=21 maxever=191468 >2ms=56194 >5ms=56194 >15ms=13086 >20ms=4993 >30ms=2428 | probes=56219 wrfail=3 down=51s maxout=36s
1019.815  t=1088s RTT mean=24150 min=11468 max=124413 n=38 to=0 | cancels=0(+0/s) seqbad=1 len_bad=0 disc=3(0x08) | tot_n=56232 tot_to=21 maxever=191468 >2ms=56232 >5ms=56232 >15ms=13112 >20ms=5004 >30ms=2435 | probes=56257 wrfail=3 down=51s maxout=36s
1021.829  t=1089s RTT mean=25640 min=11467 max=49414 n=35 to=0 | cancels=0(+0/s) seqbad=1 len_bad=0 disc=3(0x08) | tot_n=56267 tot_to=21 maxever=191468 >2ms=56267 >5ms=56267 >15ms=13138 >20ms=5019 >30ms=2447 | probes=56292 wrfail=3 down=51s maxout=36s
1021.829  t=1090s RTT mean=23455 min=11469 max=49413 n=37 to=0 | cancels=0(+0/s) seqbad=1 len_bad=0 disc=3(0x08) | tot_n=56304 tot_to=21 maxever=191468 >2ms=56304 >5ms=56304 >15ms=13163 >20ms=5035 >30ms=2456 | probes=56329 wrfail=3 down=51s maxout=36s
1023.793  t=1091s RTT mean=20095 min=11020 max=64414 n=44 to=0 | cancels=0(+0/s) seqbad=1 len_bad=0 disc=3(0x08) | tot_n=56348 tot_to=21 maxever=191468 >2ms=56348 >5ms=56348 >15ms=13184 >20ms=5047 >30ms=2464 | probes=56372 wrfail=3 down=51s maxout=36s
1023.845  t=1092s RTT mean=21243 min=11469 max=56913 n=41 to=0 | cancels=0(+0/s) seqbad=1 len_bad=0 disc=3(0x08) | tot_n=56389 tot_to=21 maxever=191468 >2ms=56389 >5ms=56389 >15ms=13207 >20ms=5060 >30ms=2472 | probes=56414 wrfail=3 down=51s maxout=36s
1025.807  t=1093s RTT mean=20111 min=11910 max=71467 n=43 to=0 | cancels=0(+0/s) seqbad=1 len_bad=0 disc=3(0x08) | tot_n=56432 tot_to=21 maxever=191468 >2ms=56432 >5ms=56432 >15ms=13230 >20ms=5069 >30ms=2478 | probes=56457 wrfail=3 down=51s maxout=36s
1025.862  t=1094s RTT mean=30792 min=11469 max=124413 n=29 to=0 | cancels=0(+0/s) seqbad=1 len_bad=0 disc=3(0x08) | tot_n=56461 tot_to=21 maxever=191468 >2ms=56461 >5ms=56461 >15ms=13249 >20ms=5083 >30ms=2488 | probes=56486 wrfail=3 down=51s maxout=36s
1027.822  t=1095s RTT mean=33090 min=11469 max=94858 n=28 to=0 | cancels=0(+0/s) seqbad=1 len_bad=0 disc=3(0x08) | tot_n=56489 tot_to=21 maxever=191468 >2ms=56489 >5ms=56489 >15ms=13273 >20ms=5099 >30ms=2501 | probes=56514 wrfail=3 down=51s maxout=36s
1027.822  t=1096s RTT mean=33058 min=11469 max=169855 n=28 to=0 | cancels=0(+0/s) seqbad=1 len_bad=0 disc=3(0x08) | tot_n=56517 tot_to=21 maxever=191468 >2ms=56517 >5ms=56517 >15ms=13293 >20ms=5114 >30ms=2513 | probes=56541 wrfail=3 down=51s maxout=36s
1029.813  t=1097s RTT mean=50296 min=11468 max=146915 n=17 to=0 | cancels=0(+0/s) seqbad=1 len_bad=0 disc=3(0x08) | tot_n=56534 tot_to=21 maxever=191468 >2ms=56534 >5ms=56534 >15ms=13307 >20ms=5126 >30ms=2523 | probes=56559 wrfail=3 down=51s maxout=36s
1029.813  t=1098s RTT mean=45310 min=11910 max=132360 n=20 to=0 | cancels=0(+0/s) seqbad=1 len_bad=0 disc=3(0x08) | tot_n=56554 tot_to=21 maxever=191468 >2ms=56554 >5ms=56554 >15ms=13325 >20ms=5140 >30ms=2535 | probes=56579 wrfail=3 down=51s maxout=36s
1031.823  t=1099s RTT mean=38595 min=11913 max=146465 n=25 to=0 | cancels=0(+0/s) seqbad=1 len_bad=0 disc=3(0x08) | tot_n=56579 tot_to=21 maxever=191468 >2ms=56579 >5ms=56579 >15ms=13348 >20ms=5156 >30ms=2548 | probes=56604 wrfail=3 down=51s maxout=36s
1031.823  t=1100s RTT mean=34429 min=11465 max=117362 n=28 to=0 | cancels=0(+0/s) seqbad=1 len_bad=0 disc=3(0x08) | tot_n=56607 tot_to=21 maxever=191468 >2ms=56607 >5ms=56607 >15ms=13367 >20ms=5171 >30ms=2561 | probes=56632 wrfail=3 down=51s maxout=36s
1033.830  t=1101s RTT mean=38139 min=11466 max=86914 n=18 to=1 | cancels=0(+0/s) seqbad=1 len_bad=0 disc=3(0x08) | tot_n=56625 tot_to=22 maxever=191468 >2ms=56625 >5ms=56625 >15ms=13380 >20ms=5183 >30ms=2571 | probes=56651 wrfail=3 down=51s maxout=36s
1033.830  t=1102s RTT mean=67306 min=11914 max=154414 n=10 to=1 | cancels=0(+0/s) seqbad=3 len_bad=0 disc=3(0x08) | tot_n=56635 tot_to=23 maxever=191468 >2ms=56635 >5ms=56635 >15ms=13388 >20ms=5191 >30ms=2579 | probes=56662 wrfail=3 down=51s maxout=36s
1035.808  t=1103s RTT mean=61334 min=11914 max=146017 n=15 to=1 | cancels=0(+0/s) seqbad=4 len_bad=0 disc=3(0x08) | tot_n=56650 tot_to=24 maxever=191468 >2ms=56650 >5ms=56650 >15ms=13401 >20ms=5204 >30ms=2590 | probes=56678 wrfail=3 down=51s maxout=36s
1035.859  t=1104s RTT mean=57382 min=11468 max=198968 n=16 to=0 | cancels=0(+0/s) seqbad=4 len_bad=0 disc=3(0x08) | tot_n=56666 tot_to=24 maxever=198968 >2ms=56666 >5ms=56666 >15ms=13415 >20ms=5215 >30ms=2600 | probes=56694 wrfail=3 down=51s maxout=36s
1037.823  t=1105s RTT mean=49362 min=11468 max=176911 n=15 to=1 | cancels=0(+0/s) seqbad=5 len_bad=0 disc=3(0x08) | tot_n=56681 tot_to=25 maxever=198968 >2ms=56681 >5ms=56681 >15ms=13426 >20ms=5224 >30ms=2609 | probes=56710 wrfail=3 down=51s maxout=36s
1037.823  t=1106s RTT mean=31678 min=11467 max=57362 n=30 to=0 | cancels=0(+0/s) seqbad=5 len_bad=0 disc=3(0x08) | tot_n=56711 tot_to=25 maxever=198968 >2ms=56711 >5ms=56711 >15ms=13452 >20ms=5246 >30ms=2625 | probes=56740 wrfail=3 down=51s maxout=36s
1039.798  t=1107s RTT mean=51152 min=11469 max=169413 n=17 to=0 | cancels=0(+0/s) seqbad=5 len_bad=0 disc=3(0x08) | tot_n=56728 tot_to=25 maxever=198968 >2ms=56728 >5ms=56728 >15ms=13466 >20ms=5256 >30ms=2635 | probes=56757 wrfail=3 down=51s maxout=36s
1039.849  t=1108s RTT mean=97911 min=26914 max=184162 n=6 to=2 | cancels=0(+0/s) seqbad=7 len_bad=0 disc=3(0x08) | tot_n=56734 tot_to=27 maxever=198968 >2ms=56734 >5ms=56734 >15ms=13472 >20ms=5262 >30ms=2640 | probes=56765 wrfail=3 down=51s maxout=36s
1041.811  t=1109s RTT mean=75098 min=34413 max=101157 n=4 to=3 | cancels=0(+0/s) seqbad=10 len_bad=0 disc=3(0x08) | tot_n=56738 tot_to=30 maxever=198968 >2ms=56738 >5ms=56738 >15ms=13476 >20ms=5266 >30ms=2644 | probes=56772 wrfail=3 down=51s maxout=36s
1041.863  t=1110s RTT mean=56913 min=11468 max=161914 n=16 to=0 | cancels=0(+0/s) seqbad=10 len_bad=0 disc=3(0x08) | tot_n=56754 tot_to=30 maxever=198968 >2ms=56754 >5ms=56754 >15ms=13490 >20ms=5278 >30ms=2656 | probes=56788 wrfail=3 down=51s maxout=36s
1043.836  t=1111s RTT mean=31086 min=11913 max=79412 n=23 to=2 | cancels=0(+0/s) seqbad=12 len_bad=0 disc=3(0x08) | tot_n=56777 tot_to=32 maxever=198968 >2ms=56777 >5ms=56777 >15ms=13508 >20ms=5292 >30ms=2664 | probes=56812 wrfail=3 down=51s maxout=36s
1043.836  t=1112s RTT mean=28121 min=11467 max=86913 n=31 to=0 | cancels=0(+0/s) seqbad=12 len_bad=0 disc=3(0x08) | tot_n=56808 tot_to=32 maxever=198968 >2ms=56808 >5ms=56808 >15ms=13532 >20ms=5307 >30ms=2673 | probes=56844 wrfail=3 down=51s maxout=36s
1045.819  t=1113s RTT mean=37730 min=11469 max=79419 n=25 to=0 | cancels=0(+0/s) seqbad=12 len_bad=0 disc=3(0x08) | tot_n=56833 tot_to=32 maxever=198968 >2ms=56833 >5ms=56833 >15ms=13553 >20ms=5325 >30ms=2688 | probes=56869 wrfail=3 down=51s maxout=36s
1045.819  t=1114s RTT mean=68163 min=11914 max=161476 n=14 to=0 | cancels=0(+0/s) seqbad=12 len_bad=0 disc=3(0x08) | tot_n=56847 tot_to=32 maxever=198968 >2ms=56847 >5ms=56847 >15ms=13566 >20ms=5338 >30ms=2700 | probes=56883 wrfail=3 down=51s maxout=36s
1047.840  t=1115s RTT mean=69571 min=18968 max=154412 n=13 to=0 | cancels=0(+0/s) seqbad=12 len_bad=0 disc=3(0x08) | tot_n=56860 tot_to=32 maxever=198968 >2ms=56860 >5ms=56860 >15ms=13579 >20ms=5348 >30ms=2710 | probes=56896 wrfail=3 down=51s maxout=36s
1047.840  t=1116s RTT mean=93771 min=27358 max=153968 n=11 to=0 | cancels=0(+0/s) seqbad=12 len_bad=0 disc=3(0x08) | tot_n=56871 tot_to=32 maxever=198968 >2ms=56871 >5ms=56871 >15ms=13590 >20ms=5359 >30ms=2720 | probes=56907 wrfail=3 down=51s maxout=36s
1049.835  t=1117s RTT mean=54240 min=11468 max=101912 n=17 to=0 | cancels=0(+0/s) seqbad=12 len_bad=0 disc=3(0x08) | tot_n=56888 tot_to=32 maxever=198968 >2ms=56888 >5ms=56888 >15ms=13606 >20ms=5373 >30ms=2731 | probes=56924 wrfail=3 down=51s maxout=36s
1049.835  t=1118s RTT mean=69802 min=11466 max=169413 n=14 to=0 | cancels=0(+0/s) seqbad=12 len_bad=0 disc=3(0x08) | tot_n=56902 tot_to=32 maxever=198968 >2ms=56902 >5ms=56902 >15ms=13619 >20ms=5386 >30ms=2742 | probes=56938 wrfail=3 down=51s maxout=36s
1051.832  t=1119s RTT mean=60195 min=19413 max=154412 n=16 to=0 | cancels=0(+0/s) seqbad=12 len_bad=0 disc=3(0x08) | tot_n=56918 tot_to=32 maxever=198968 >2ms=56918 >5ms=56918 >15ms=13635 >20ms=5400 >30ms=2756 | probes=56953 wrfail=3 down=51s maxout=36s
1051.832  t=1120s RTT mean=50223 min=11914 max=124413 n=18 to=0 | cancels=0(+0/s) seqbad=12 len_bad=0 disc=3(0x08) | tot_n=56936 tot_to=32 maxever=198968 >2ms=56936 >5ms=56936 >15ms=13652 >20ms=5414 >30ms=2767 | probes=56972 wrfail=3 down=51s maxout=36s
1053.798  t=1121s RTT mean=51386 min=18520 max=124411 n=19 to=0 | cancels=0(+0/s) seqbad=12 len_bad=0 disc=3(0x08) | tot_n=56955 tot_to=32 maxever=198968 >2ms=56955 >5ms=56955 >15ms=13671 >20ms=5428 >30ms=2781 | probes=56991 wrfail=3 down=51s maxout=36s
1053.848  t=1122s RTT mean=55148 min=11914 max=109411 n=17 to=0 | cancels=0(+0/s) seqbad=12 len_bad=0 disc=3(0x08) | tot_n=56972 tot_to=32 maxever=198968 >2ms=56972 >5ms=56972 >15ms=13687 >20ms=5444 >30ms=2795 | probes=57008 wrfail=3 down=51s maxout=36s
1055.816  t=1123s RTT mean=44932 min=11913 max=146913 n=20 to=0 | cancels=0(+0/s) seqbad=12 len_bad=0 disc=3(0x08) | tot_n=56992 tot_to=32 maxever=198968 >2ms=56992 >5ms=56992 >15ms=13704 >20ms=5459 >30ms=2807 | probes=57028 wrfail=3 down=51s maxout=36s
1055.816  t=1124s RTT mean=54808 min=12361 max=131529 n=18 to=0 | cancels=0(+0/s) seqbad=12 len_bad=0 disc=3(0x08) | tot_n=57010 tot_to=32 maxever=198968 >2ms=57010 >5ms=57010 >15ms=13720 >20ms=5474 >30ms=2821 | probes=57046 wrfail=3 down=51s maxout=36s
1057.829  t=1125s RTT mean=45663 min=11914 max=79422 n=20 to=0 | cancels=0(+0/s) seqbad=12 len_bad=0 disc=3(0x08) | tot_n=57030 tot_to=32 maxever=198968 >2ms=57030 >5ms=57030 >15ms=13738 >20ms=5490 >30ms=2833 | probes=57066 wrfail=3 down=51s maxout=36s
1057.829  t=1126s RTT mean=45841 min=11468 max=162363 n=21 to=0 | cancels=0(+0/s) seqbad=12 len_bad=0 disc=3(0x08) | tot_n=57051 tot_to=32 maxever=198968 >2ms=57051 >5ms=57051 >15ms=13756 >20ms=5503 >30ms=2845 | probes=57087 wrfail=3 down=51s maxout=36s
1059.808  t=1127s RTT mean=45071 min=11467 max=161912 n=19 to=0 | cancels=0(+0/s) seqbad=12 len_bad=0 disc=3(0x08) | tot_n=57070 tot_to=32 maxever=198968 >2ms=57070 >5ms=57070 >15ms=13773 >20ms=5518 >30ms=2856 | probes=57106 wrfail=3 down=51s maxout=36s
1059.865  t=1128s RTT mean=52965 min=11469 max=191916 n=19 to=0 | cancels=0(+0/s) seqbad=12 len_bad=0 disc=3(0x08) | tot_n=57089 tot_to=32 maxever=198968 >2ms=57089 >5ms=57089 >15ms=13789 >20ms=5532 >30ms=2869 | probes=57125 wrfail=3 down=51s maxout=36s
1061.822  t=1129s RTT mean=47835 min=12360 max=116467 n=19 to=0 | cancels=0(+0/s) seqbad=12 len_bad=0 disc=3(0x08) | tot_n=57108 tot_to=32 maxever=198968 >2ms=57108 >5ms=57108 >15ms=13807 >20ms=5545 >30ms=2880 | probes=57144 wrfail=3 down=51s maxout=36s
1061.822  t=1130s RTT mean=41913 min=11469 max=87362 n=23 to=0 | cancels=0(+0/s) seqbad=12 len_bad=0 disc=3(0x08) | tot_n=57131 tot_to=32 maxever=198968 >2ms=57131 >5ms=57131 >15ms=13829 >20ms=5564 >30ms=2896 | probes=57167 wrfail=3 down=51s maxout=36s
1063.834  t=1131s RTT mean=60195 min=18969 max=146910 n=16 to=0 | cancels=0(+0/s) seqbad=12 len_bad=0 disc=3(0x08) | tot_n=57147 tot_to=32 maxever=198968 >2ms=57147 >5ms=57147 >15ms=13845 >20ms=5578 >30ms=2908 | probes=57183 wrfail=3 down=51s maxout=36s
1063.834  t=1132s RTT mean=54707 min=12360 max=161468 n=17 to=0 | cancels=0(+0/s) seqbad=12 len_bad=0 disc=3(0x08) | tot_n=57164 tot_to=32 maxever=198968 >2ms=57164 >5ms=57164 >15ms=13861 >20ms=5593 >30ms=2922 | probes=57200 wrfail=3 down=51s maxout=36s
1065.815  t=1133s RTT mean=51534 min=11914 max=86918 n=14 to=1 | cancels=0(+0/s) seqbad=13 len_bad=0 disc=3(0x08) | tot_n=57178 tot_to=33 maxever=198968 >2ms=57178 >5ms=57178 >15ms=13874 >20ms=5606 >30ms=2932 | probes=57215 wrfail=3 down=51s maxout=36s
1065.867  t=1134s RTT mean=54804 min=19413 max=108968 n=18 to=0 | cancels=0(+0/s) seqbad=13 len_bad=0 disc=3(0x08) | tot_n=57196 tot_to=33 maxever=198968 >2ms=57196 >5ms=57196 >15ms=13892 >20ms=5622 >30ms=2945 | probes=57233 wrfail=3 down=51s maxout=36s
1067.827  t=1135s RTT mean=53580 min=19411 max=131913 n=18 to=0 | cancels=0(+0/s) seqbad=13 len_bad=0 disc=3(0x08) | tot_n=57214 tot_to=33 maxever=198968 >2ms=57214 >5ms=57214 >15ms=13910 >20ms=5636 >30ms=2958 | probes=57251 wrfail=3 down=51s maxout=36s
1067.827  t=1136s RTT mean=61443 min=11914 max=176913 n=15 to=0 | cancels=0(+0/s) seqbad=13 len_bad=0 disc=3(0x08) | tot_n=57229 tot_to=33 maxever=198968 >2ms=57229 >5ms=57229 >15ms=13924 >20ms=5649 >30ms=2969 | probes=57266 wrfail=3 down=51s maxout=36s
1069.800  t=1137s RTT mean=50597 min=11914 max=101465 n=19 to=0 | cancels=0(+0/s) seqbad=13 len_bad=0 disc=3(0x08) | tot_n=57248 tot_to=33 maxever=198968 >2ms=57248 >5ms=57248 >15ms=13942 >20ms=5666 >30ms=2985 | probes=57285 wrfail=3 down=51s maxout=36s
1069.854  t=1138s RTT mean=40890 min=11464 max=139412 n=22 to=0 | cancels=0(+0/s) seqbad=13 len_bad=0 disc=3(0x08) | tot_n=57270 tot_to=33 maxever=198968 >2ms=57270 >5ms=57270 >15ms=13962 >20ms=5684 >30ms=2997 | probes=57307 wrfail=3 down=51s maxout=36s
1071.814  t=1139s RTT mean=56887 min=19861 max=139413 n=17 to=0 | cancels=0(+0/s) seqbad=13 len_bad=0 disc=3(0x08) | tot_n=57287 tot_to=33 maxever=198968 >2ms=57287 >5ms=57287 >15ms=13979 >20ms=5700 >30ms=3010 | probes=57324 wrfail=3 down=51s maxout=36s
1071.869  t=1140s RTT mean=60663 min=12359 max=199414 n=16 to=0 | cancels=0(+0/s) seqbad=13 len_bad=0 disc=3(0x08) | tot_n=57303 tot_to=33 maxever=199414 >2ms=57303 >5ms=57303 >15ms=13994 >20ms=5711 >30ms=3019 | probes=57340 wrfail=3 down=51s maxout=36s
1073.818  t=1141s RTT mean=46413 min=11912 max=138968 n=20 to=0 | cancels=0(+0/s) seqbad=13 len_bad=0 disc=3(0x08) | tot_n=57323 tot_to=33 maxever=199414 >2ms=57323 >5ms=57323 >15ms=14013 >20ms=5726 >30ms=3031 | probes=57360 wrfail=3 down=51s maxout=36s
1073.873  t=1142s RTT mean=38019 min=11468 max=125306 n=23 to=0 | cancels=0(+0/s) seqbad=13 len_bad=0 disc=3(0x08) | tot_n=57346 tot_to=33 maxever=199414 >2ms=57346 >5ms=57346 >15ms=14032 >20ms=5742 >30ms=3043 | probes=57383 wrfail=3 down=51s maxout=36s
1075.839  t=1143s RTT mean=43598 min=12356 max=124413 n=22 to=0 | cancels=0(+0/s) seqbad=13 len_bad=0 disc=3(0x08) | tot_n=57368 tot_to=33 maxever=199414 >2ms=57368 >5ms=57368 >15ms=14053 >20ms=5760 >30ms=3053 | probes=57405 wrfail=3 down=51s maxout=36s
1075.839  t=1144s RTT mean=57354 min=11910 max=116913 n=17 to=0 | cancels=0(+0/s) seqbad=13 len_bad=0 disc=3(0x08) | tot_n=57385 tot_to=33 maxever=199414 >2ms=57385 >5ms=57385 >15ms=14068 >20ms=5774 >30ms=3066 | probes=57422 wrfail=3 down=51s maxout=36s
1077.849  t=1145s RTT mean=45484 min=11913 max=116913 n=21 to=0 | cancels=0(+0/s) seqbad=13 len_bad=0 disc=3(0x08) | tot_n=57406 tot_to=33 maxever=199414 >2ms=57406 >5ms=57406 >15ms=14087 >20ms=5792 >30ms=3080 | probes=57443 wrfail=3 down=51s maxout=36s
1077.849  t=1146s RTT mean=41572 min=11468 max=101916 n=22 to=0 | cancels=0(+0/s) seqbad=13 len_bad=0 disc=3(0x08) | tot_n=57428 tot_to=33 maxever=199414 >2ms=57428 >5ms=57428 >15ms=14106 >20ms=5809 >30ms=3096 | probes=57465 wrfail=3 down=51s maxout=36s
1079.805  t=1147s RTT mean=36814 min=11469 max=109412 n=25 to=0 | cancels=0(+0/s) seqbad=13 len_bad=0 disc=3(0x08) | tot_n=57453 tot_to=33 maxever=199414 >2ms=57453 >5ms=57453 >15ms=14127 >20ms=5825 >30ms=3107 | probes=57490 wrfail=3 down=51s maxout=36s
1079.860  t=1148s RTT mean=43699 min=11468 max=94859 n=21 to=0 | cancels=0(+0/s) seqbad=13 len_bad=0 disc=3(0x08) | tot_n=57474 tot_to=33 maxever=199414 >2ms=57474 >5ms=57474 >15ms=14143 >20ms=5839 >30ms=3120 | probes=57511 wrfail=3 down=51s maxout=36s
1081.831  t=1149s RTT mean=43617 min=11914 max=109413 n=22 to=0 | cancels=0(+0/s) seqbad=13 len_bad=0 disc=3(0x08) | tot_n=57496 tot_to=33 maxever=199414 >2ms=57496 >5ms=57496 >15ms=14163 >20ms=5855 >30ms=3133 | probes=57533 wrfail=3 down=51s maxout=36s
1081.831  t=1150s RTT mean=41231 min=11468 max=86467 n=22 to=0 | cancels=0(+0/s) seqbad=13 len_bad=0 disc=3(0x08) | tot_n=57518 tot_to=33 maxever=199414 >2ms=57518 >5ms=57518 >15ms=14183 >20ms=5869 >30ms=3145 | probes=57555 wrfail=3 down=51s maxout=36s
1083.835  t=1151s RTT mean=50992 min=11017 max=116466 n=19 to=0 | cancels=0(+0/s) seqbad=13 len_bad=0 disc=3(0x08) | tot_n=57537 tot_to=33 maxever=199414 >2ms=57537 >5ms=57537 >15ms=14198 >20ms=5884 >30ms=3159 | probes=57574 wrfail=3 down=51s maxout=36s
1083.835  t=1152s RTT mean=41577 min=12361 max=94413 n=21 to=0 | cancels=0(+0/s) seqbad=13 len_bad=0 disc=3(0x08) | tot_n=57558 tot_to=33 maxever=199414 >2ms=57558 >5ms=57558 >15ms=14218 >20ms=5899 >30ms=3173 | probes=57595 wrfail=3 down=51s maxout=36s
1085.844  t=1153s RTT mean=50969 min=11913 max=146468 n=19 to=0 | cancels=0(+0/s) seqbad=13 len_bad=0 disc=3(0x08) | tot_n=57577 tot_to=33 maxever=199414 >2ms=57577 >5ms=57577 >15ms=14234 >20ms=5914 >30ms=3187 | probes=57614 wrfail=3 down=51s maxout=36s
1085.844  t=1154s RTT mean=39119 min=11913 max=87357 n=24 to=0 | cancels=0(+0/s) seqbad=13 len_bad=0 disc=3(0x08) | tot_n=57601 tot_to=33 maxever=199414 >2ms=57601 >5ms=57601 >15ms=14255 >20ms=5931 >30ms=3201 | probes=57638 wrfail=3 down=51s maxout=36s
1087.844  t=1155s RTT mean=55564 min=18967 max=154430 n=17 to=0 | cancels=0(+0/s) seqbad=13 len_bad=0 disc=3(0x08) | tot_n=57618 tot_to=33 maxever=199414 >2ms=57618 >5ms=57618 >15ms=14272 >20ms=5945 >30ms=3213 | probes=57655 wrfail=3 down=51s maxout=36s
1087.844  t=1156s RTT mean=45663 min=11913 max=109863 n=20 to=0 | cancels=0(+0/s) seqbad=13 len_bad=0 disc=3(0x08) | tot_n=57638 tot_to=33 maxever=199414 >2ms=57638 >5ms=57638 >15ms=14289 >20ms=5961 >30ms=3226 | probes=57675 wrfail=3 down=51s maxout=36s
1089.819  t=1157s RTT mean=58236 min=11912 max=199414 n=17 to=0 | cancels=0(+0/s) seqbad=13 len_bad=0 disc=3(0x08) | tot_n=57655 tot_to=33 maxever=199414 >2ms=57655 >5ms=57655 >15ms=14304 >20ms=5972 >30ms=3234 | probes=57692 wrfail=3 down=51s maxout=36s
1089.874  t=1158s RTT mean=50202 min=18964 max=101913 n=19 to=0 | cancels=0(+0/s) seqbad=13 len_bad=0 disc=3(0x08) | tot_n=57674 tot_to=33 maxever=199414 >2ms=57674 >5ms=57674 >15ms=14323 >20ms=5988 >30ms=3248 | probes=57711 wrfail=3 down=51s maxout=36s
1091.842  t=1159s RTT mean=72538 min=20309 max=199414 n=12 to=0 | cancels=0(+0/s) seqbad=13 len_bad=0 disc=3(0x08) | tot_n=57686 tot_to=33 maxever=199414 >2ms=57686 >5ms=57686 >15ms=14335 >20ms=6000 >30ms=3257 | probes=57723 wrfail=3 down=51s maxout=36s
1091.842  t=1160s RTT mean=47935 min=11913 max=132362 n=20 to=0 | cancels=0(+0/s) seqbad=13 len_bad=0 disc=3(0x08) | tot_n=57706 tot_to=33 maxever=199414 >2ms=57706 >5ms=57706 >15ms=14353 >20ms=6016 >30ms=3273 | probes=57743 wrfail=3 down=51s maxout=36s
1093.826  t=1161s RTT mean=43198 min=11463 max=124861 n=23 to=0 | cancels=0(+0/s) seqbad=13 len_bad=0 disc=3(0x08) | tot_n=57729 tot_to=33 maxever=199414 >2ms=57729 >5ms=57729 >15ms=14372 >20ms=6031 >30ms=3286 | probes=57766 wrfail=3 down=51s maxout=36s
1093.826  t=1162s RTT mean=40934 min=11468 max=86468 n=23 to=0 | cancels=0(+0/s) seqbad=13 len_bad=0 disc=3(0x08) | tot_n=57752 tot_to=33 maxever=199414 >2ms=57752 >5ms=57752 >15ms=14393 >20ms=6049 >30ms=3301 | probes=57789 wrfail=3 down=51s maxout=36s
1095.845  t=1163s RTT mean=39288 min=11469 max=87361 n=20 to=0 | cancels=0(+0/s) seqbad=13 len_bad=0 disc=3(0x08) | tot_n=57772 tot_to=33 maxever=199414 >2ms=57772 >5ms=57772 >15ms=14411 >20ms=6065 >30ms=3313 | probes=57809 wrfail=3 down=51s maxout=36s
1095.845  t=1164s RTT mean=101132 min=101132 max=101132 n=1 to=5 | cancels=0(+0/s) seqbad=15 len_bad=0 disc=3(0x08) | tot_n=57773 tot_to=38 maxever=199414 >2ms=57773 >5ms=57773 >15ms=14412 >20ms=6066 >30ms=3314 | probes=57815 wrfail=3 down=51s maxout=36s
1097.817  t=1165s RTT mean=60582 min=8069 max=139413 n=5 to=3 | cancels=0(+0/s) seqbad=21 len_bad=0 disc=3(0x08) | tot_n=57778 tot_to=41 maxever=199414 >2ms=57778 >5ms=57778 >15ms=14416 >20ms=6070 >30ms=3318 | probes=57823 wrfail=3 down=51s maxout=36s
1097.869  t=1166s RTT mean=94156 min=19859 max=197361 n=8 to=1 | cancels=0(+0/s) seqbad=22 len_bad=0 disc=3(0x08) | tot_n=57786 tot_to=42 maxever=199414 >2ms=57786 >5ms=57786 >15ms=14424 >20ms=6077 >30ms=3324 | probes=57832 wrfail=3 down=51s maxout=36s
1099.838  t=1167s RTT mean=120665 min=19414 max=191912 n=6 to=1 | cancels=0(+0/s) seqbad=22 len_bad=0 disc=3(0x08) | tot_n=57792 tot_to=43 maxever=199414 >2ms=57792 >5ms=57792 >15ms=14430 >20ms=6082 >30ms=3329 | probes=57839 wrfail=3 down=51s maxout=36s
1099.838  t=1168s RTT mean=0 min=0 max=0 n=0 to=5 | cancels=0(+0/s) seqbad=24 len_bad=0 disc=3(0x08) | tot_n=57792 tot_to=48 maxever=199414 >2ms=57792 >5ms=57792 >15ms=14430 >20ms=6082 >30ms=3329 | probes=57844 wrfail=3 down=51s maxout=36s
1101.823  t=1169s RTT mean=0 min=0 max=0 n=0 to=3 | cancels=0(+0/s) seqbad=27 len_bad=0 disc=3(0x08) | tot_n=57792 tot_to=51 maxever=199414 >2ms=57792 >5ms=57792 >15ms=14430 >20ms=6082 >30ms=3329 | probes=57847 wrfail=3 down=51s maxout=36s
1101.823  t=1170s RTT mean=0 min=0 max=0 n=0 to=3 | cancels=0(+0/s) seqbad=27 len_bad=0 disc=3(0x08) | tot_n=57792 tot_to=54 maxever=199414 >2ms=57792 >5ms=57792 >15ms=14430 >20ms=6082 >30ms=3329 | probes=57850 wrfail=3 down=51s maxout=36s
1103.810  t=1171s RTT mean=0 min=0 max=0 n=0 to=1 | cancels=0(+0/s) seqbad=28 len_bad=0 disc=3(0x08) | tot_n=57792 tot_to=55 maxever=199414 >2ms=57792 >5ms=57792 >15ms=14430 >20ms=6082 >30ms=3329 | probes=57851 wrfail=3 down=51s maxout=36s
1103.860  t=1172s RTT mean=112857 min=78515 max=194138 n=5 to=1 | cancels=0(+0/s) seqbad=36 len_bad=0 disc=3(0x08) | tot_n=57797 tot_to=56 maxever=199414 >2ms=57797 >5ms=57797 >15ms=14435 >20ms=6087 >30ms=3334 | probes=57857 wrfail=3 down=51s maxout=36s
1105.824  t=1173s RTT mean=124163 min=63967 max=190719 n=3 to=3 | cancels=0(+0/s) seqbad=39 len_bad=0 disc=3(0x08) | tot_n=57800 tot_to=59 maxever=199414 >2ms=57800 >5ms=57800 >15ms=14438 >20ms=6090 >30ms=3337 | probes=57863 wrfail=3 down=51s maxout=36s
1105.824  t=1174s RTT mean=115622 min=107138 max=124106 n=2 to=4 | cancels=0(+0/s) seqbad=42 len_bad=0 disc=3(0x08) | tot_n=57802 tot_to=63 maxever=199414 >2ms=57802 >5ms=57802 >15ms=14440 >20ms=6092 >30ms=3339 | probes=57869 wrfail=3 down=51s maxout=36s
1107.844  t=1175s RTT mean=108993 min=12173 max=189946 n=3 to=3 | cancels=0(+0/s) seqbad=45 len_bad=0 disc=3(0x08) | tot_n=57805 tot_to=66 maxever=199414 >2ms=57805 >5ms=57805 >15ms=14442 >20ms=6094 >30ms=3341 | probes=57875 wrfail=3 down=51s maxout=36s
1107.844  t=1176s RTT mean=0 min=0 max=0 n=0 to=5 | cancels=0(+0/s) seqbad=46 len_bad=0 disc=3(0x08) | tot_n=57805 tot_to=71 maxever=199414 >2ms=57805 >5ms=57805 >15ms=14442 >20ms=6094 >30ms=3341 | probes=57880 wrfail=3 down=51s maxout=36s
1109.847  t=1177s RTT mean=0 min=0 max=0 n=0 to=3 | cancels=0(+0/s) seqbad=47 len_bad=0 disc=3(0x08) | tot_n=57805 tot_to=74 maxever=199414 >2ms=57805 >5ms=57805 >15ms=14442 >20ms=6094 >30ms=3341 | probes=57883 wrfail=3 down=51s maxout=36s
1109.847  t=1178s RTT mean=0 min=0 max=0 n=0 to=0 | cancels=0(+0/s) seqbad=47 len_bad=0 disc=3(0x08) | tot_n=57805 tot_to=74 maxever=199414 >2ms=57805 >5ms=57805 >15ms=14442 >20ms=6094 >30ms=3341 | probes=57883 wrfail=3 down=51s maxout=36s
1111.804  t=1179s RTT mean=0 min=0 max=0 n=0 to=1 | cancels=0(+0/s) seqbad=48 len_bad=0 disc=3(0x08) | tot_n=57805 tot_to=75 maxever=199414 >2ms=57805 >5ms=57805 >15ms=14442 >20ms=6094 >30ms=3341 | probes=57884 wrfail=3 down=51s maxout=36s
1111.857  t=1180s RTT mean=0 min=0 max=0 n=0 to=0 | cancels=0(+0/s) seqbad=48 len_bad=0 disc=3(0x08) | tot_n=57805 tot_to=75 maxever=199414 >2ms=57805 >5ms=57805 >15ms=14442 >20ms=6094 >30ms=3341 | probes=57884 wrfail=3 down=51s maxout=36s
1113.828  t=1181s RTT mean=0 min=0 max=0 n=0 to=0 | cancels=0(+0/s) seqbad=48 len_bad=0 disc=3(0x08) | tot_n=57805 tot_to=75 maxever=199414 >2ms=57805 >5ms=57805 >15ms=14442 >20ms=6094 >30ms=3341 | probes=57884 wrfail=3 down=51s maxout=36s
1113.828  t=1182s RTT mean=0 min=0 max=0 n=0 to=1 | cancels=0(+0/s) seqbad=49 len_bad=0 disc=3(0x08) | tot_n=57805 tot_to=76 maxever=199414 >2ms=57805 >5ms=57805 >15ms=14442 >20ms=6094 >30ms=3341 | probes=57885 wrfail=3 down=51s maxout=36s
1115.827  t=1183s RTT mean=0 min=0 max=0 n=0 to=0 | cancels=0(+0/s) seqbad=49 len_bad=0 disc=3(0x08) | tot_n=57805 tot_to=76 maxever=199414 >2ms=57805 >5ms=57805 >15ms=14442 >20ms=6094 >30ms=3341 | probes=57885 wrfail=3 down=51s maxout=36s
1115.827  t=1184s RTT mean=0 min=0 max=0 n=0 to=0 | cancels=0(+0/s) seqbad=49 len_bad=0 disc=3(0x08) | tot_n=57805 tot_to=76 maxever=199414 >2ms=57805 >5ms=57805 >15ms=14442 >20ms=6094 >30ms=3341 | probes=57885 wrfail=3 down=51s maxout=36s
1117.844  t=1185s RTT mean=0 min=0 max=0 n=0 to=0 | cancels=0(+0/s) seqbad=50 len_bad=0 disc=3(0x08) | tot_n=57805 tot_to=76 maxever=199414 >2ms=57805 >5ms=57805 >15ms=14442 >20ms=6094 >30ms=3341 | probes=57885 wrfail=3 down=51s maxout=36s
1117.844  t=1186s RTT mean=0 min=0 max=0 n=0 to=1 | cancels=0(+0/s) seqbad=50 len_bad=0 disc=3(0x08) | tot_n=57805 tot_to=77 maxever=199414 >2ms=57805 >5ms=57805 >15ms=14442 >20ms=6094 >30ms=3341 | probes=57886 wrfail=3 down=51s maxout=36s
1119.815  t=1187s RTT mean=0 min=0 max=0 n=0 to=0 | cancels=0(+0/s) seqbad=50 len_bad=0 disc=3(0x08) | tot_n=57805 tot_to=77 maxever=199414 >2ms=57805 >5ms=57805 >15ms=14442 >20ms=6094 >30ms=3341 | probes=57886 wrfail=3 down=51s maxout=36s
1119.867  t=1188s RTT mean=0 min=0 max=0 n=0 to=0 | cancels=0(+0/s) seqbad=50 len_bad=0 disc=3(0x08) | tot_n=57805 tot_to=77 maxever=199414 >2ms=57805 >5ms=57805 >15ms=14442 >20ms=6094 >30ms=3341 | probes=57886 wrfail=3 down=51s maxout=36s
1121.827  t=1189s RTT mean=0 min=0 max=0 n=0 to=1 | cancels=0(+0/s) seqbad=51 len_bad=0 disc=3(0x08) | tot_n=57805 tot_to=78 maxever=199414 >2ms=57805 >5ms=57805 >15ms=14442 >20ms=6094 >30ms=3341 | probes=57887 wrfail=3 down=51s maxout=36s
1121.827  t=1190s RTT mean=0 min=0 max=0 n=0 to=0 | cancels=0(+0/s) seqbad=51 len_bad=0 disc=3(0x08) | tot_n=57805 tot_to=78 maxever=199414 >2ms=57805 >5ms=57805 >15ms=14442 >20ms=6094 >30ms=3341 | probes=57887 wrfail=3 down=51s maxout=36s
1123.828  t=1191s RTT mean=0 min=0 max=0 n=0 to=0 | cancels=0(+0/s) seqbad=51 len_bad=0 disc=3(0x08) | tot_n=57805 tot_to=78 maxever=199414 >2ms=57805 >5ms=57805 >15ms=14442 >20ms=6094 >30ms=3341 | probes=57887 wrfail=3 down=51s maxout=36s
1123.828  t=1192s RTT mean=0 min=0 max=0 n=0 to=3 | cancels=0(+0/s) seqbad=54 len_bad=0 disc=3(0x08) | tot_n=57805 tot_to=81 maxever=199414 >2ms=57805 >5ms=57805 >15ms=14442 >20ms=6094 >30ms=3341 | probes=57890 wrfail=3 down=51s maxout=36s
1125.837  t=1193s RTT mean=0 min=0 max=0 n=0 to=2 | cancels=0(+0/s) seqbad=56 len_bad=0 disc=3(0x08) | tot_n=57805 tot_to=83 maxever=199414 >2ms=57805 >5ms=57805 >15ms=14442 >20ms=6094 >30ms=3341 | probes=57892 wrfail=3 down=51s maxout=36s
1125.837  t=1194s RTT mean=0 min=0 max=0 n=0 to=1 | cancels=0(+0/s) seqbad=57 len_bad=0 disc=3(0x08) | tot_n=57805 tot_to=84 maxever=199414 >2ms=57805 >5ms=57805 >15ms=14442 >20ms=6094 >30ms=3341 | probes=57893 wrfail=3 down=51s maxout=36s
1127.818  t=1195s RTT mean=0 min=0 max=0 n=0 to=1 | cancels=0(+0/s) seqbad=58 len_bad=0 disc=3(0x08) | tot_n=57805 tot_to=85 maxever=199414 >2ms=57805 >5ms=57805 >15ms=14442 >20ms=6094 >30ms=3341 | probes=57894 wrfail=3 down=51s maxout=36s
1127.873  t=1196s RTT mean=0 min=0 max=0 n=0 to=4 | cancels=0(+0/s) seqbad=63 len_bad=0 disc=3(0x08) | tot_n=57805 tot_to=89 maxever=199414 >2ms=57805 >5ms=57805 >15ms=14442 >20ms=6094 >30ms=3341 | probes=57898 wrfail=3 down=51s maxout=36s
1129.841  t=1197s RTT mean=0 min=0 max=0 n=0 to=2 | cancels=0(+0/s) seqbad=64 len_bad=0 disc=3(0x08) | tot_n=57805 tot_to=91 maxever=199414 >2ms=57805 >5ms=57805 >15ms=14442 >20ms=6094 >30ms=3341 | probes=57900 wrfail=3 down=51s maxout=36s
1129.841  t=1198s RTT mean=0 min=0 max=0 n=0 to=4 | cancels=0(+0/s) seqbad=69 len_bad=0 disc=3(0x08) | tot_n=57805 tot_to=95 maxever=199414 >2ms=57805 >5ms=57805 >15ms=14442 >20ms=6094 >30ms=3341 | probes=57904 wrfail=3 down=51s maxout=36s
1131.853  t=1199s RTT mean=0 min=0 max=0 n=0 to=5 | cancels=0(+0/s) seqbad=79 len_bad=0 disc=3(0x08) | tot_n=57805 tot_to=100 maxever=199414 >2ms=57805 >5ms=57805 >15ms=14442 >20ms=6094 >30ms=3341 | probes=57909 wrfail=3 down=51s maxout=36s
1131.853  t=1200s RTT mean=0 min=0 max=0 n=0 to=5 | cancels=0(+0/s) seqbad=80 len_bad=0 disc=3(0x08) | tot_n=57805 tot_to=105 maxever=199414 >2ms=57805 >5ms=57805 >15ms=14442 >20ms=6094 >30ms=3341 | probes=57913 wrfail=3 down=51s maxout=36s
1133.821  t=1201s RTT mean=0 min=0 max=0 n=0 to=4 | cancels=0(+0/s) seqbad=86 len_bad=0 disc=3(0x08) | tot_n=57805 tot_to=109 maxever=199414 >2ms=57805 >5ms=57805 >15ms=14442 >20ms=6094 >30ms=3341 | probes=57918 wrfail=3 down=51s maxout=36s
1133.873  t=1202s RTT mean=107987 min=107987 max=107987 n=1 to=5 | cancels=0(+0/s) seqbad=93 len_bad=0 disc=3(0x08) | tot_n=57806 tot_to=114 maxever=199414 >2ms=57806 >5ms=57806 >15ms=14443 >20ms=6095 >30ms=3342 | probes=57924 wrfail=3 down=51s maxout=36s
1135.835  t=1203s RTT mean=0 min=0 max=0 n=0 to=5 | cancels=0(+0/s) seqbad=98 len_bad=0 disc=3(0x08) | tot_n=57806 tot_to=119 maxever=199414 >2ms=57806 >5ms=57806 >15ms=14443 >20ms=6095 >30ms=3342 | probes=57929 wrfail=3 down=51s maxout=36s
1135.835  t=1204s RTT mean=0 min=0 max=0 n=0 to=5 | cancels=0(+0/s) seqbad=99 len_bad=0 disc=3(0x08) | tot_n=57806 tot_to=124 maxever=199414 >2ms=57806 >5ms=57806 >15ms=14443 >20ms=6095 >30ms=3342 | probes=57934 wrfail=3 down=51s maxout=36s
1137.808  t=1205s RTT mean=0 min=0 max=0 n=0 to=2 | cancels=0(+0/s) seqbad=100 len_bad=0 disc=3(0x08) | tot_n=57806 tot_to=126 maxever=199414 >2ms=57806 >5ms=57806 >15ms=14443 >20ms=6095 >30ms=3342 | probes=57936 wrfail=3 down=51s maxout=36s
1137.862  t=1206s RTT mean=0 min=0 max=0 n=0 to=4 | cancels=0(+0/s) seqbad=104 len_bad=0 disc=3(0x08) | tot_n=57806 tot_to=130 maxever=199414 >2ms=57806 >5ms=57806 >15ms=14443 >20ms=6095 >30ms=3342 | probes=57940 wrfail=3 down=51s maxout=36s
1139.810  t=1207s RTT mean=0 min=0 max=0 n=0 to=4 | cancels=0(+0/s) seqbad=110 len_bad=0 disc=3(0x08) | tot_n=57806 tot_to=134 maxever=199414 >2ms=57806 >5ms=57806 >15ms=14443 >20ms=6095 >30ms=3342 | probes=57944 wrfail=3 down=51s maxout=36s
1139.865  t=1208s RTT mean=123966 min=108074 max=131913 n=3 to=3 | cancels=0(+0/s) seqbad=117 len_bad=0 disc=3(0x08) | tot_n=57809 tot_to=137 maxever=199414 >2ms=57809 >5ms=57809 >15ms=14446 >20ms=6098 >30ms=3345 | probes=57950 wrfail=3 down=51s maxout=36s
1141.826  t=1209s RTT mean=130391 min=130391 max=130391 n=1 to=5 | cancels=0(+0/s) seqbad=120 len_bad=0 disc=3(0x08) | tot_n=57810 tot_to=142 maxever=199414 >2ms=57810 >5ms=57810 >15ms=14447 >20ms=6099 >30ms=3346 | probes=57956 wrfail=3 down=51s maxout=36s
1141.877  t=1210s RTT mean=178999 min=178999 max=178999 n=1 to=4 | cancels=0(+0/s) seqbad=126 len_bad=0 disc=3(0x08) | tot_n=57811 tot_to=146 maxever=199414 >2ms=57811 >5ms=57811 >15ms=14448 >20ms=6100 >30ms=3347 | probes=57961 wrfail=3 down=51s maxout=36s
1143.842  t=1211s RTT mean=115117 min=78204 max=154861 n=5 to=2 | cancels=0(+0/s) seqbad=128 len_bad=0 disc=3(0x08) | tot_n=57816 tot_to=148 maxever=199414 >2ms=57816 >5ms=57816 >15ms=14453 >20ms=6105 >30ms=3352 | probes=57968 wrfail=3 down=51s maxout=36s
1143.842  t=1212s RTT mean=112519 min=34860 max=198968 n=7 to=1 | cancels=0(+0/s) seqbad=129 len_bad=0 disc=3(0x08) | tot_n=57823 tot_to=149 maxever=199414 >2ms=57823 >5ms=57823 >15ms=14460 >20ms=6112 >30ms=3359 | probes=57976 wrfail=3 down=51s maxout=36s
1145.854  t=1213s RTT mean=102877 min=33965 max=183658 n=7 to=1 | cancels=0(+0/s) seqbad=130 len_bad=0 disc=3(0x08) | tot_n=57830 tot_to=150 maxever=199414 >2ms=57830 >5ms=57830 >15ms=14467 >20ms=6119 >30ms=3366 | probes=57984 wrfail=3 down=51s maxout=36s
1145.854  t=1214s RTT mean=80037 min=19414 max=177361 n=12 to=0 | cancels=0(+0/s) seqbad=130 len_bad=0 disc=3(0x08) | tot_n=57842 tot_to=150 maxever=199414 >2ms=57842 >5ms=57842 >15ms=14479 >20ms=6130 >30ms=3376 | probes=57996 wrfail=3 down=51s maxout=36s
1147.815  t=1215s RTT mean=76158 min=49413 max=101467 n=7 to=2 | cancels=0(+0/s) seqbad=132 len_bad=0 disc=3(0x08) | tot_n=57849 tot_to=152 maxever=199414 >2ms=57849 >5ms=57849 >15ms=14486 >20ms=6137 >30ms=3383 | probes=58005 wrfail=3 down=51s maxout=36s
1147.867  t=1216s RTT mean=77012 min=26914 max=183210 n=13 to=0 | cancels=0(+0/s) seqbad=132 len_bad=0 disc=3(0x08) | tot_n=57862 tot_to=152 maxever=199414 >2ms=57862 >5ms=57862 >15ms=14499 >20ms=6150 >30ms=3395 | probes=58018 wrfail=3 down=51s maxout=36s
1149.838  t=1217s RTT mean=90624 min=48969 max=153654 n=8 to=1 | cancels=0(+0/s) seqbad=133 len_bad=0 disc=3(0x08) | tot_n=57870 tot_to=153 maxever=199414 >2ms=57870 >5ms=57870 >15ms=14507 >20ms=6158 >30ms=3403 | probes=58027 wrfail=3 down=51s maxout=36s
1149.838  t=1218s RTT mean=114598 min=34861 max=161914 n=7 to=1 | cancels=0(+0/s) seqbad=134 len_bad=0 disc=3(0x08) | tot_n=57877 tot_to=154 maxever=199414 >2ms=57877 >5ms=57877 >15ms=14514 >20ms=6165 >30ms=3410 | probes=58035 wrfail=3 down=51s maxout=36s
1151.860  t=1219s RTT mean=88958 min=11913 max=192368 n=11 to=0 | cancels=0(+0/s) seqbad=134 len_bad=0 disc=3(0x08) | tot_n=57888 tot_to=154 maxever=199414 >2ms=57888 >5ms=57888 >15ms=14524 >20ms=6175 >30ms=3420 | probes=58046 wrfail=3 down=51s maxout=36s
1151.860  t=1220s RTT mean=80112 min=19413 max=199415 n=12 to=0 | cancels=0(+0/s) seqbad=134 len_bad=0 disc=3(0x08) | tot_n=57900 tot_to=154 maxever=199415 >2ms=57900 >5ms=57900 >15ms=14536 >20ms=6186 >30ms=3430 | probes=58058 wrfail=3 down=51s maxout=36s
1153.817  t=1221s RTT mean=108934 min=64859 max=161468 n=5 to=2 | cancels=0(+0/s) seqbad=136 len_bad=0 disc=3(0x08) | tot_n=57905 tot_to=156 maxever=199415 >2ms=57905 >5ms=57905 >15ms=14541 >20ms=6191 >30ms=3435 | probes=58065 wrfail=3 down=51s maxout=36s
1153.869  t=1222s RTT mean=76962 min=27358 max=161914 n=9 to=1 | cancels=0(+0/s) seqbad=137 len_bad=0 disc=3(0x08) | tot_n=57914 tot_to=157 maxever=199415 >2ms=57914 >5ms=57914 >15ms=14550 >20ms=6200 >30ms=3443 | probes=58075 wrfail=3 down=51s maxout=36s
1155.835  t=1223s RTT mean=73937 min=11914 max=174973 n=10 to=2 | cancels=0(+0/s) seqbad=139 len_bad=0 disc=3(0x08) | tot_n=57924 tot_to=159 maxever=199415 >2ms=57924 >5ms=57924 >15ms=14559 >20ms=6209 >30ms=3450 | probes=58087 wrfail=3 down=51s maxout=36s
1155.835  t=1224s RTT mean=76780 min=26466 max=146466 n=9 to=1 | cancels=0(+0/s) seqbad=140 len_bad=0 disc=3(0x08) | tot_n=57933 tot_to=160 maxever=199415 >2ms=57933 >5ms=57933 >15ms=14568 >20ms=6218 >30ms=3458 | probes=58097 wrfail=3 down=51s maxout=36s
1157.861  t=1225s RTT mean=66944 min=11923 max=169858 n=15 to=0 | cancels=0(+0/s) seqbad=140 len_bad=0 disc=3(0x08) | tot_n=57948 tot_to=160 maxever=199415 >2ms=57948 >5ms=57948 >15ms=14582 >20ms=6232 >30ms=3471 | probes=58112 wrfail=3 down=51s maxout=36s
1157.861  t=1226s RTT mean=98868 min=19859 max=191912 n=10 to=0 | cancels=0(+0/s) seqbad=140 len_bad=0 disc=3(0x08) | tot_n=57958 tot_to=160 maxever=199415 >2ms=57958 >5ms=57958 >15ms=14592 >20ms=6241 >30ms=3479 | probes=58122 wrfail=3 down=51s maxout=36s
1159.813  t=1227s RTT mean=78825 min=12355 max=138965 n=12 to=0 | cancels=0(+0/s) seqbad=140 len_bad=0 disc=3(0x08) | tot_n=57970 tot_to=160 maxever=199415 >2ms=57970 >5ms=57970 >15ms=14603 >20ms=6251 >30ms=3489 | probes=58134 wrfail=3 down=51s maxout=36s
1159.864  t=1228s RTT mean=83463 min=34410 max=131915 n=11 to=0 | cancels=0(+0/s) seqbad=140 len_bad=0 disc=3(0x08) | tot_n=57981 tot_to=160 maxever=199415 >2ms=57981 >5ms=57981 >15ms=14614 >20ms=6262 >30ms=3500 | probes=58145 wrfail=3 down=51s maxout=36s
1161.835  t=1229s RTT mean=103113 min=49412 max=198985 n=6 to=2 | cancels=0(+0/s) seqbad=141 len_bad=0 disc=3(0x08) | tot_n=57987 tot_to=162 maxever=199415 >2ms=57987 >5ms=57987 >15ms=14620 >20ms=6268 >30ms=3506 | probes=58153 wrfail=3 down=51s maxout=36s
1161.835  t=1230s RTT mean=81261 min=33968 max=154413 n=12 to=0 | cancels=0(+0/s) seqbad=142 len_bad=0 disc=3(0x08) | tot_n=57999 tot_to=162 maxever=199415 >2ms=57999 >5ms=57999 >15ms=14632 >20ms=6280 >30ms=3518 | probes=58165 wrfail=3 down=51s maxout=36s
1163.825  t=1231s RTT mean=69737 min=19419 max=161912 n=8 to=2 | cancels=0(+0/s) seqbad=144 len_bad=0 disc=3(0x08) | tot_n=58007 tot_to=164 maxever=199415 >2ms=58007 >5ms=58007 >15ms=14640 >20ms=6287 >30ms=3525 | probes=58175 wrfail=3 down=51s maxout=36s
1163.880  t=1232s RTT mean=75587 min=27363 max=176017 n=10 to=1 | cancels=0(+0/s) seqbad=145 len_bad=0 disc=3(0x08) | tot_n=58017 tot_to=165 maxever=199415 >2ms=58017 >5ms=58017 >15ms=14650 >20ms=6297 >30ms=3534 | probes=58186 wrfail=3 down=51s maxout=36s
1165.842  t=1233s RTT mean=91506 min=41467 max=176914 n=8 to=1 | cancels=0(+0/s) seqbad=146 len_bad=0 disc=3(0x08) | tot_n=58025 tot_to=166 maxever=199415 >2ms=58025 >5ms=58025 >15ms=14658 >20ms=6305 >30ms=3542 | probes=58195 wrfail=3 down=51s maxout=36s
1165.842  t=1234s RTT mean=103413 min=26913 max=198964 n=10 to=0 | cancels=0(+0/s) seqbad=146 len_bad=0 disc=3(0x08) | tot_n=58035 tot_to=166 maxever=199415 >2ms=58035 >5ms=58035 >15ms=14668 >20ms=6315 >30ms=3551 | probes=58205 wrfail=3 down=51s maxout=36s
1167.844  t=1235s RTT mean=89630 min=33908 max=123071 n=8 to=1 | cancels=0(+0/s) seqbad=147 len_bad=0 disc=3(0x08) | tot_n=58043 tot_to=167 maxever=199415 >2ms=58043 >5ms=58043 >15ms=14676 >20ms=6323 >30ms=3559 | probes=58214 wrfail=3 down=51s maxout=36s
1167.844  t=1236s RTT mean=75253 min=19413 max=176913 n=11 to=1 | cancels=0(+0/s) seqbad=148 len_bad=0 disc=3(0x08) | tot_n=58054 tot_to=168 maxever=199415 >2ms=58054 >5ms=58054 >15ms=14687 >20ms=6333 >30ms=3568 | probes=58226 wrfail=3 down=51s maxout=36s
1169.826  t=1237s RTT mean=69848 min=26468 max=124862 n=8 to=2 | cancels=0(+0/s) seqbad=150 len_bad=0 disc=3(0x08) | tot_n=58062 tot_to=170 maxever=199415 >2ms=58062 >5ms=58062 >15ms=14695 >20ms=6341 >30ms=3575 | probes=58236 wrfail=3 down=51s maxout=36s
1169.881  t=1238s RTT mean=94235 min=20314 max=175709 n=6 to=2 | cancels=0(+0/s) seqbad=152 len_bad=0 disc=3(0x08) | tot_n=58068 tot_to=172 maxever=199415 >2ms=58068 >5ms=58068 >15ms=14701 >20ms=6347 >30ms=3580 | probes=58244 wrfail=3 down=51s maxout=36s
1171.841  t=1239s RTT mean=69543 min=34415 max=169413 n=10 to=1 | cancels=0(+0/s) seqbad=153 len_bad=0 disc=3(0x08) | tot_n=58078 tot_to=173 maxever=199415 >2ms=58078 >5ms=58078 >15ms=14711 >20ms=6357 >30ms=3590 | probes=58255 wrfail=3 down=51s maxout=36s
1171.841  t=1240s RTT mean=70873 min=11914 max=138520 n=14 to=0 | cancels=0(+0/s) seqbad=153 len_bad=0 disc=3(0x08) | tot_n=58092 tot_to=173 maxever=199415 >2ms=58092 >5ms=58092 >15ms=14724 >20ms=6370 >30ms=3602 | probes=58269 wrfail=3 down=51s maxout=36s
1173.814  t=1241s RTT mean=99887 min=48965 max=199417 n=8 to=1 | cancels=0(+0/s) seqbad=154 len_bad=0 disc=3(0x08) | tot_n=58100 tot_to=174 maxever=199417 >2ms=58100 >5ms=58100 >15ms=14732 >20ms=6378 >30ms=3610 | probes=58278 wrfail=3 down=51s maxout=36s
1173.868  t=1242s RTT mean=64975 min=19413 max=183968 n=12 to=1 | cancels=0(+0/s) seqbad=155 len_bad=0 disc=3(0x08) | tot_n=58112 tot_to=175 maxever=199417 >2ms=58112 >5ms=58112 >15ms=14744 >20ms=6388 >30ms=3619 | probes=58291 wrfail=3 down=51s maxout=36s
1175.855  t=1243s RTT mean=60414 min=11913 max=161483 n=15 to=0 | cancels=0(+0/s) seqbad=155 len_bad=0 disc=3(0x08) | tot_n=58127 tot_to=175 maxever=199417 >2ms=58127 >5ms=58127 >15ms=14758 >20ms=6400 >30ms=3627 | probes=58306 wrfail=3 down=51s maxout=36s
1175.855  t=1244s RTT mean=68136 min=18656 max=131913 n=12 to=1 | cancels=0(+0/s) seqbad=156 len_bad=0 disc=3(0x08) | tot_n=58139 tot_to=176 maxever=199417 >2ms=58139 >5ms=58139 >15ms=14770 >20ms=6411 >30ms=3637 | probes=58319 wrfail=3 down=51s maxout=36s
1177.833  t=1245s RTT mean=81829 min=34413 max=124861 n=9 to=1 | cancels=0(+0/s) seqbad=157 len_bad=0 disc=3(0x08) | tot_n=58148 tot_to=177 maxever=199417 >2ms=58148 >5ms=58148 >15ms=14779 >20ms=6420 >30ms=3646 | probes=58329 wrfail=3 down=51s maxout=36s
1177.888  t=1246s RTT mean=53413 min=11911 max=116917 n=15 to=0 | cancels=0(+0/s) seqbad=157 len_bad=0 disc=3(0x08) | tot_n=58163 tot_to=177 maxever=199417 >2ms=58163 >5ms=58163 >15ms=14792 >20ms=6431 >30ms=3655 | probes=58344 wrfail=3 down=51s maxout=36s
1179.816  t=1247s RTT mean=146001 min=129953 max=162049 n=2 to=4 | cancels=0(+0/s) seqbad=161 len_bad=0 disc=3(0x08) | tot_n=58165 tot_to=181 maxever=199417 >2ms=58165 >5ms=58165 >15ms=14794 >20ms=6433 >30ms=3657 | probes=58350 wrfail=3 down=51s maxout=36s
1179.871  t=1248s RTT mean=0 min=0 max=0 n=0 to=5 | cancels=0(+0/s) seqbad=162 len_bad=0 disc=3(0x08) | tot_n=58165 tot_to=186 maxever=199417 >2ms=58165 >5ms=58165 >15ms=14794 >20ms=6433 >30ms=3657 | probes=58355 wrfail=3 down=51s maxout=36s
1181.835  t=1249s RTT mean=0 min=0 max=0 n=0 to=5 | cancels=0(+0/s) seqbad=164 len_bad=0 disc=3(0x08) | tot_n=58165 tot_to=191 maxever=199417 >2ms=58165 >5ms=58165 >15ms=14794 >20ms=6433 >30ms=3657 | probes=58360 wrfail=3 down=51s maxout=36s
1181.835  t=1250s RTT mean=0 min=0 max=0 n=0 to=1 | cancels=0(+0/s) seqbad=165 len_bad=0 disc=3(0x08) | tot_n=58165 tot_to=192 maxever=199417 >2ms=58165 >5ms=58165 >15ms=14794 >20ms=6433 >30ms=3657 | probes=58361 wrfail=3 down=51s maxout=36s
1183.826  t=1251s RTT mean=0 min=0 max=0 n=0 to=3 | cancels=0(+0/s) seqbad=169 len_bad=0 disc=3(0x08) | tot_n=58165 tot_to=195 maxever=199417 >2ms=58165 >5ms=58165 >15ms=14794 >20ms=6433 >30ms=3657 | probes=58364 wrfail=3 down=51s maxout=36s
1183.878  t=1252s RTT mean=0 min=0 max=0 n=0 to=3 | cancels=0(+0/s) seqbad=172 len_bad=0 disc=3(0x08) | tot_n=58165 tot_to=198 maxever=199417 >2ms=58165 >5ms=58165 >15ms=14794 >20ms=6433 >30ms=3657 | probes=58367 wrfail=3 down=51s maxout=36s
1185.852  t=1253s RTT mean=0 min=0 max=0 n=0 to=5 | cancels=0(+0/s) seqbad=181 len_bad=0 disc=3(0x08) | tot_n=58165 tot_to=203 maxever=199417 >2ms=58165 >5ms=58165 >15ms=14794 >20ms=6433 >30ms=3657 | probes=58372 wrfail=3 down=51s maxout=36s
1185.852  t=1254s RTT mean=0 min=0 max=0 n=0 to=5 | cancels=0(+0/s) seqbad=182 len_bad=0 disc=3(0x08) | tot_n=58165 tot_to=208 maxever=199417 >2ms=58165 >5ms=58165 >15ms=14794 >20ms=6433 >30ms=3657 | probes=58377 wrfail=3 down=51s maxout=36s
1187.828  t=1255s RTT mean=0 min=0 max=0 n=0 to=3 | cancels=0(+0/s) seqbad=185 len_bad=0 disc=3(0x08) | tot_n=58165 tot_to=211 maxever=199417 >2ms=58165 >5ms=58165 >15ms=14794 >20ms=6433 >30ms=3657 | probes=58380 wrfail=3 down=51s maxout=36s
1187.883  t=1256s RTT mean=0 min=0 max=0 n=0 to=4 | cancels=0(+0/s) seqbad=188 len_bad=0 disc=3(0x08) | tot_n=58165 tot_to=215 maxever=199417 >2ms=58165 >5ms=58165 >15ms=14794 >20ms=6433 >30ms=3657 | probes=58384 wrfail=3 down=51s maxout=36s
1189.852  t=1257s RTT mean=0 min=0 max=0 n=0 to=1 | cancels=0(+0/s) seqbad=192 len_bad=0 disc=3(0x08) | tot_n=58165 tot_to=216 maxever=199417 >2ms=58165 >5ms=58165 >15ms=14794 >20ms=6433 >30ms=3657 | probes=58385 wrfail=3 down=51s maxout=36s
1189.852  t=1258s RTT mean=0 min=0 max=0 n=0 to=5 | cancels=0(+0/s) seqbad=196 len_bad=0 disc=3(0x08) | tot_n=58165 tot_to=221 maxever=199417 >2ms=58165 >5ms=58165 >15ms=14794 >20ms=6433 >30ms=3657 | probes=58390 wrfail=3 down=51s maxout=36s
1191.815  t=1259s RTT mean=0 min=0 max=0 n=0 to=4 | cancels=0(+0/s) seqbad=200 len_bad=0 disc=3(0x08) | tot_n=58165 tot_to=225 maxever=199417 >2ms=58165 >5ms=58165 >15ms=14794 >20ms=6433 >30ms=3657 | probes=58394 wrfail=3 down=51s maxout=36s
1191.870  t=1260s RTT mean=0 min=0 max=0 n=0 to=5 | cancels=0(+0/s) seqbad=204 len_bad=0 disc=3(0x08) | tot_n=58165 tot_to=230 maxever=199417 >2ms=58165 >5ms=58165 >15ms=14794 >20ms=6433 >30ms=3657 | probes=58399 wrfail=3 down=51s maxout=36s
1193.815  t=1261s RTT mean=0 min=0 max=0 n=0 to=5 | cancels=0(+0/s) seqbad=213 len_bad=0 disc=3(0x08) | tot_n=58165 tot_to=235 maxever=199417 >2ms=58165 >5ms=58165 >15ms=14794 >20ms=6433 >30ms=3657 | probes=58404 wrfail=3 down=51s maxout=36s
1193.870  t=1262s RTT mean=0 min=0 max=0 n=0 to=5 | cancels=0(+0/s) seqbad=216 len_bad=0 disc=3(0x08) | tot_n=58165 tot_to=240 maxever=199417 >2ms=58165 >5ms=58165 >15ms=14794 >20ms=6433 >30ms=3657 | probes=58409 wrfail=3 down=51s maxout=36s
1195.850  t=1263s RTT mean=145788 min=114665 max=176911 n=2 to=3 | cancels=0(+0/s) seqbad=222 len_bad=0 disc=3(0x08) | tot_n=58167 tot_to=243 maxever=199417 >2ms=58167 >5ms=58167 >15ms=14796 >20ms=6435 >30ms=3659 | probes=58414 wrfail=3 down=51s maxout=36s
1195.850  t=1264s RTT mean=85855 min=85855 max=85855 n=1 to=5 | cancels=0(+0/s) seqbad=226 len_bad=0 disc=3(0x08) | tot_n=58168 tot_to=248 maxever=199417 >2ms=58168 >5ms=58168 >15ms=14797 >20ms=6436 >30ms=3660 | probes=58420 wrfail=3 down=51s maxout=36s
1197.823  t=1265s RTT mean=141137 min=109860 max=172414 n=2 to=3 | cancels=0(+0/s) seqbad=229 len_bad=0 disc=3(0x08) | tot_n=58170 tot_to=251 maxever=199417 >2ms=58170 >5ms=58170 >15ms=14799 >20ms=6438 >30ms=3662 | probes=58425 wrfail=3 down=51s maxout=36s
1197.878  t=1266s RTT mean=0 min=0 max=0 n=0 to=5 | cancels=0(+0/s) seqbad=233 len_bad=0 disc=3(0x08) | tot_n=58170 tot_to=256 maxever=199417 >2ms=58170 >5ms=58170 >15ms=14799 >20ms=6438 >30ms=3662 | probes=58430 wrfail=3 down=51s maxout=36s
1199.837  t=1267s RTT mean=0 min=0 max=0 n=0 to=5 | cancels=0(+0/s) seqbad=238 len_bad=0 disc=3(0x08) | tot_n=58170 tot_to=261 maxever=199417 >2ms=58170 >5ms=58170 >15ms=14799 >20ms=6438 >30ms=3662 | probes=58435 wrfail=3 down=51s maxout=36s
1199.837  t=1268s RTT mean=65726 min=44599 max=86853 n=2 to=4 | cancels=0(+0/s) seqbad=245 len_bad=0 disc=3(0x08) | tot_n=58172 tot_to=265 maxever=199417 >2ms=58172 >5ms=58172 >15ms=14801 >20ms=6440 >30ms=3664 | probes=58441 wrfail=3 down=51s maxout=36s
1201.844  t=1269s RTT mean=83417 min=18966 max=183968 n=13 to=0 | cancels=0(+0/s) seqbad=245 len_bad=0 disc=3(0x08) | tot_n=58185 tot_to=265 maxever=199417 >2ms=58185 >5ms=58185 >15ms=14814 >20ms=6451 >30ms=3675 | probes=58454 wrfail=3 down=51s maxout=36s
1201.844  t=1270s RTT mean=74911 min=11914 max=154422 n=7 to=2 | cancels=0(+0/s) seqbad=247 len_bad=0 disc=3(0x08) | tot_n=58192 tot_to=267 maxever=199417 >2ms=58192 >5ms=58192 >15ms=14820 >20ms=6457 >30ms=3681 | probes=58463 wrfail=3 down=51s maxout=36s
1203.825  t=1271s RTT mean=0 min=0 max=0 n=0 to=5 | cancels=0(+0/s) seqbad=251 len_bad=0 disc=3(0x08) | tot_n=58192 tot_to=272 maxever=199417 >2ms=58192 >5ms=58192 >15ms=14820 >20ms=6457 >30ms=3681 | probes=58468 wrfail=3 down=51s maxout=36s
1203.877  t=1272s RTT mean=111005 min=41913 max=199858 n=7 to=1 | cancels=0(+0/s) seqbad=253 len_bad=0 disc=3(0x08) | tot_n=58199 tot_to=273 maxever=199858 >2ms=58199 >5ms=58199 >15ms=14827 >20ms=6464 >30ms=3688 | probes=58476 wrfail=3 down=51s maxout=36s
1205.842  t=1273s RTT mean=82396 min=64413 max=100380 n=2 to=4 | cancels=0(+0/s) seqbad=257 len_bad=0 disc=3(0x08) | tot_n=58201 tot_to=277 maxever=199858 >2ms=58201 >5ms=58201 >15ms=14829 >20ms=6466 >30ms=3690 | probes=58482 wrfail=3 down=51s maxout=36s
1205.842  t=1274s RTT mean=88233 min=56913 max=163063 n=4 to=3 | cancels=0(+0/s) seqbad=260 len_bad=0 disc=3(0x08) | tot_n=58205 tot_to=280 maxever=199858 >2ms=58205 >5ms=58205 >15ms=14833 >20ms=6470 >30ms=3694 | probes=58489 wrfail=3 down=51s maxout=36s
1207.863  t=1275s RTT mean=126467 min=71914 max=199412 n=6 to=1 | cancels=0(+0/s) seqbad=261 len_bad=0 disc=3(0x08) | tot_n=58211 tot_to=281 maxever=199858 >2ms=58211 >5ms=58211 >15ms=14839 >20ms=6476 >30ms=3700 | probes=58496 wrfail=3 down=51s maxout=36s
1207.863  t=1276s RTT mean=160979 min=109860 max=189119 n=3 to=3 | cancels=0(+0/s) seqbad=264 len_bad=0 disc=3(0x08) | tot_n=58214 tot_to=284 maxever=199858 >2ms=58214 >5ms=58214 >15ms=14842 >20ms=6479 >30ms=3703 | probes=58502 wrfail=3 down=51s maxout=36s
1209.829  t=1277s RTT mean=106786 min=106786 max=106786 n=1 to=4 | cancels=0(+0/s) seqbad=268 len_bad=0 disc=3(0x08) | tot_n=58215 tot_to=288 maxever=199858 >2ms=58215 >5ms=58215 >15ms=14843 >20ms=6480 >30ms=3704 | probes=58507 wrfail=3 down=51s maxout=36s
1209.884  t=1278s RTT mean=108969 min=93970 max=131912 n=3 to=3 | cancels=0(+0/s) seqbad=270 len_bad=0 disc=3(0x08) | tot_n=58218 tot_to=291 maxever=199858 >2ms=58218 >5ms=58218 >15ms=14846 >20ms=6483 >30ms=3707 | probes=58513 wrfail=3 down=51s maxout=36s
1211.856  t=1279s RTT mean=98395 min=55906 max=198341 n=5 to=3 | cancels=0(+0/s) seqbad=272 len_bad=0 disc=3(0x08) | tot_n=58223 tot_to=294 maxever=199858 >2ms=58223 >5ms=58223 >15ms=14851 >20ms=6488 >30ms=3712 | probes=58521 wrfail=3 down=51s maxout=36s
1211.856  t=1280s RTT mean=157915 min=157915 max=157915 n=1 to=4 | cancels=0(+0/s) seqbad=277 len_bad=0 disc=3(0x08) | tot_n=58224 tot_to=298 maxever=199858 >2ms=58224 >5ms=58224 >15ms=14852 >20ms=6489 >30ms=3713 | probes=58526 wrfail=3 down=51s maxout=36s
1213.847  t=1281s RTT mean=101231 min=86467 max=131150 n=4 to=3 | cancels=0(+0/s) seqbad=280 len_bad=0 disc=3(0x08) | tot_n=58228 tot_to=301 maxever=199858 >2ms=58228 >5ms=58228 >15ms=14856 >20ms=6493 >30ms=3717 | probes=58533 wrfail=3 down=51s maxout=36s
1213.847  t=1282s RTT mean=146922 min=146922 max=146922 n=1 to=4 | cancels=0(+0/s) seqbad=281 len_bad=0 disc=3(0x08) | tot_n=58229 tot_to=305 maxever=199858 >2ms=58229 >5ms=58229 >15ms=14857 >20ms=6494 >30ms=3718 | probes=58538 wrfail=3 down=51s maxout=36s
1215.871  t=1283s RTT mean=74145 min=12356 max=187722 n=8 to=2 | cancels=0(+0/s) seqbad=286 len_bad=0 disc=3(0x08) | tot_n=58237 tot_to=307 maxever=199858 >2ms=58237 >5ms=58237 >15ms=14864 >20ms=6500 >30ms=3724 | probes=58548 wrfail=3 down=51s maxout=36s
1215.871  t=1284s RTT mean=71325 min=11468 max=154863 n=12 to=0 | cancels=0(+0/s) seqbad=286 len_bad=0 disc=3(0x08) | tot_n=58249 tot_to=307 maxever=199858 >2ms=58249 >5ms=58249 >15ms=14875 >20ms=6511 >30ms=3735 | probes=58560 wrfail=3 down=51s maxout=36s
1217.845  t=1285s RTT mean=68360 min=20306 max=146913 n=13 to=1 | cancels=0(+0/s) seqbad=287 len_bad=0 disc=3(0x08) | tot_n=58262 tot_to=308 maxever=199858 >2ms=58262 >5ms=58262 >15ms=14888 >20ms=6524 >30ms=3746 | probes=58574 wrfail=3 down=51s maxout=36s
1217.845  t=1286s RTT mean=104288 min=49414 max=184413 n=6 to=1 | cancels=0(+0/s) seqbad=288 len_bad=0 disc=3(0x08) | tot_n=58268 tot_to=309 maxever=199858 >2ms=58268 >5ms=58268 >15ms=14894 >20ms=6530 >30ms=3752 | probes=58581 wrfail=3 down=51s maxout=36s
1219.868  t=1287s RTT mean=172640 min=161908 max=183373 n=2 to=3 | cancels=0(+0/s) seqbad=290 len_bad=0 disc=3(0x08) | tot_n=58270 tot_to=312 maxever=199858 >2ms=58270 >5ms=58270 >15ms=14896 >20ms=6532 >30ms=3754 | probes=58586 wrfail=3 down=51s maxout=36s
1219.868  t=1288s RTT mean=0 min=0 max=0 n=0 to=5 | cancels=0(+0/s) seqbad=295 len_bad=0 disc=3(0x08) | tot_n=58270 tot_to=317 maxever=199858 >2ms=58270 >5ms=58270 >15ms=14896 >20ms=6532 >30ms=3754 | probes=58591 wrfail=3 down=51s maxout=36s
1221.869  t=1289s RTT mean=0 min=0 max=0 n=0 to=5 | cancels=0(+0/s) seqbad=296 len_bad=0 disc=3(0x08) | tot_n=58270 tot_to=322 maxever=199858 >2ms=58270 >5ms=58270 >15ms=14896 >20ms=6532 >30ms=3754 | probes=58596 wrfail=3 down=51s maxout=36s
1221.869  t=1290s RTT mean=0 min=0 max=0 n=0 to=5 | cancels=0(+0/s) seqbad=305 len_bad=0 disc=3(0x08) | tot_n=58270 tot_to=327 maxever=199858 >2ms=58270 >5ms=58270 >15ms=14896 >20ms=6532 >30ms=3754 | probes=58601 wrfail=3 down=51s maxout=36s
1223.825  t=1291s RTT mean=103511 min=63581 max=132408 n=5 to=3 | cancels=0(+0/s) seqbad=309 len_bad=0 disc=3(0x08) | tot_n=58275 tot_to=330 maxever=199858 >2ms=58275 >5ms=58275 >15ms=14901 >20ms=6537 >30ms=3759 | probes=58609 wrfail=3 down=51s maxout=36s
1223.877  t=1292s RTT mean=89981 min=42355 max=191150 n=4 to=3 | cancels=0(+0/s) seqbad=312 len_bad=0 disc=3(0x08) | tot_n=58279 tot_to=333 maxever=199858 >2ms=58279 >5ms=58279 >15ms=14905 >20ms=6541 >30ms=3763 | probes=58616 wrfail=3 down=51s maxout=36s
1225.826  t=1293s RTT mean=83483 min=34229 max=190447 n=7 to=2 | cancels=0(+0/s) seqbad=314 len_bad=0 disc=3(0x08) | tot_n=58286 tot_to=335 maxever=199858 >2ms=58286 >5ms=58286 >15ms=14912 >20ms=6548 >30ms=3770 | probes=58625 wrfail=3 down=51s maxout=36s
1225.881  t=1294s RTT mean=94204 min=50571 max=182946 n=5 to=2 | cancels=0(+0/s) seqbad=316 len_bad=0 disc=3(0x08) | tot_n=58291 tot_to=337 maxever=199858 >2ms=58291 >5ms=58291 >15ms=14917 >20ms=6553 >30ms=3775 | probes=58632 wrfail=3 down=51s maxout=36s
1227.848  t=1295s RTT mean=103639 min=56913 max=199413 n=8 to=1 | cancels=0(+0/s) seqbad=317 len_bad=0 disc=3(0x08) | tot_n=58299 tot_to=338 maxever=199858 >2ms=58299 >5ms=58299 >15ms=14925 >20ms=6561 >30ms=3783 | probes=58641 wrfail=3 down=51s maxout=36s
1227.848  t=1296s RTT mean=119904 min=72363 max=167445 n=2 to=4 | cancels=0(+0/s) seqbad=319 len_bad=0 disc=3(0x08) | tot_n=58301 tot_to=342 maxever=199858 >2ms=58301 >5ms=58301 >15ms=14927 >20ms=6563 >30ms=3785 | probes=58647 wrfail=3 down=51s maxout=36s
1229.821  t=1297s RTT mean=0 min=0 max=0 n=0 to=4 | cancels=0(+0/s) seqbad=321 len_bad=0 disc=3(0x08) | tot_n=58301 tot_to=346 maxever=199858 >2ms=58301 >5ms=58301 >15ms=14927 >20ms=6563 >30ms=3785 | probes=58651 wrfail=3 down=51s maxout=36s
1229.871  t=1298s RTT mean=99290 min=89169 max=109412 n=2 to=4 | cancels=0(+0/s) seqbad=327 len_bad=0 disc=3(0x08) | tot_n=58303 tot_to=350 maxever=199858 >2ms=58303 >5ms=58303 >15ms=14929 >20ms=6565 >30ms=3787 | probes=58657 wrfail=3 down=51s maxout=36s
1231.837  t=1299s RTT mean=0 min=0 max=0 n=0 to=5 | cancels=0(+0/s) seqbad=333 len_bad=0 disc=3(0x08) | tot_n=58303 tot_to=355 maxever=199858 >2ms=58303 >5ms=58303 >15ms=14929 >20ms=6565 >30ms=3787 | probes=58662 wrfail=3 down=51s maxout=36s
1231.892  t=1300s RTT mean=71970 min=12358 max=154411 n=12 to=1 | cancels=0(+0/s) seqbad=335 len_bad=0 disc=3(0x08) | tot_n=58315 tot_to=356 maxever=199858 >2ms=58315 >5ms=58315 >15ms=14940 >20ms=6575 >30ms=3797 | probes=58675 wrfail=3 down=51s maxout=36s
1233.860  t=1301s RTT mean=58620 min=11468 max=183967 n=13 to=1 | cancels=0(+0/s) seqbad=336 len_bad=0 disc=3(0x08) | tot_n=58328 tot_to=357 maxever=199858 >2ms=58328 >5ms=58328 >15ms=14950 >20ms=6584 >30ms=3805 | probes=58689 wrfail=3 down=51s maxout=36s
1233.860  t=1302s RTT mean=81459 min=19414 max=191466 n=11 to=0 | cancels=0(+0/s) seqbad=336 len_bad=0 disc=3(0x08) | tot_n=58339 tot_to=357 maxever=199858 >2ms=58339 >5ms=58339 >15ms=14961 >20ms=6593 >30ms=3814 | probes=58700 wrfail=3 down=51s maxout=36s
1235.859  t=1303s RTT mean=116741 min=48964 max=184859 n=7 to=1 | cancels=0(+0/s) seqbad=337 len_bad=0 disc=3(0x08) | tot_n=58346 tot_to=358 maxever=199858 >2ms=58346 >5ms=58346 >15ms=14968 >20ms=6600 >30ms=3821 | probes=58708 wrfail=3 down=51s maxout=36s
1235.859  t=1304s RTT mean=124161 min=94417 max=153656 n=3 to=3 | cancels=0(+0/s) seqbad=339 len_bad=0 disc=3(0x08) | tot_n=58349 tot_to=361 maxever=199858 >2ms=58349 >5ms=58349 >15ms=14971 >20ms=6603 >30ms=3824 | probes=58714 wrfail=3 down=51s maxout=36s
1237.838  t=1305s RTT mean=91836 min=34859 max=176907 n=7 to=2 | cancels=0(+0/s) seqbad=342 len_bad=0 disc=3(0x08) | tot_n=58356 tot_to=363 maxever=199858 >2ms=58356 >5ms=58356 >15ms=14978 >20ms=6610 >30ms=3831 | probes=58723 wrfail=3 down=51s maxout=36s
1237.889  t=1306s RTT mean=69117 min=18656 max=139413 n=11 to=1 | cancels=0(+0/s) seqbad=343 len_bad=0 disc=3(0x08) | tot_n=58367 tot_to=364 maxever=199858 >2ms=58367 >5ms=58367 >15ms=14989 >20ms=6620 >30ms=3840 | probes=58735 wrfail=3 down=51s maxout=36s
1239.851  t=1307s RTT mean=84162 min=26913 max=131156 n=6 to=2 | cancels=0(+0/s) seqbad=345 len_bad=0 disc=3(0x08) | tot_n=58373 tot_to=366 maxever=199858 >2ms=58373 >5ms=58373 >15ms=14995 >20ms=6626 >30ms=3845 | probes=58743 wrfail=3 down=51s maxout=36s
1239.851  t=1308s RTT mean=106705 min=27359 max=191466 n=8 to=1 | cancels=0(+0/s) seqbad=345 len_bad=0 disc=3(0x08) | tot_n=58381 tot_to=367 maxever=199858 >2ms=58381 >5ms=58381 >15ms=15003 >20ms=6634 >30ms=3852 | probes=58752 wrfail=3 down=51s maxout=36s
1241.853  t=1309s RTT mean=86739 min=11914 max=197826 n=4 to=3 | cancels=0(+0/s) seqbad=347 len_bad=0 disc=3(0x08) | tot_n=58385 tot_to=370 maxever=199858 >2ms=58385 >5ms=58385 >15ms=15006 >20ms=6637 >30ms=3855 | probes=58759 wrfail=3 down=51s maxout=36s
1241.853  t=1310s RTT mean=122583 min=47893 max=191465 n=3 to=3 | cancels=0(+0/s) seqbad=352 len_bad=0 disc=3(0x08) | tot_n=58388 tot_to=373 maxever=199858 >2ms=58388 >5ms=58388 >15ms=15009 >20ms=6640 >30ms=3858 | probes=58765 wrfail=3 down=51s maxout=36s
1243.827  t=1311s RTT mean=97594 min=26912 max=168657 n=4 to=3 | cancels=0(+0/s) seqbad=355 len_bad=0 disc=3(0x08) | tot_n=58392 tot_to=376 maxever=199858 >2ms=58392 >5ms=58392 >15ms=15013 >20ms=6644 >30ms=3861 | probes=58772 wrfail=3 down=51s maxout=36s
1243.883  t=1312s RTT mean=112102 min=56914 max=146913 n=5 to=2 | cancels=0(+0/s) seqbad=357 len_bad=0 disc=3(0x08) | tot_n=58397 tot_to=378 maxever=199858 >2ms=58397 >5ms=58397 >15ms=15018 >20ms=6649 >30ms=3866 | probes=58779 wrfail=3 down=51s maxout=36s
1245.845  t=1313s RTT mean=123532 min=49413 max=199413 n=8 to=0 | cancels=0(+0/s) seqbad=357 len_bad=0 disc=3(0x08) | tot_n=58405 tot_to=378 maxever=199858 >2ms=58405 >5ms=58405 >15ms=15026 >20ms=6657 >30ms=3874 | probes=58787 wrfail=3 down=51s maxout=36s
1245.845  t=1314s RTT mean=91605 min=91605 max=91605 n=1 to=4 | cancels=0(+0/s) seqbad=361 len_bad=0 disc=3(0x08) | tot_n=58406 tot_to=382 maxever=199858 >2ms=58406 >5ms=58406 >15ms=15027 >20ms=6658 >30ms=3875 | probes=58792 wrfail=3 down=51s maxout=36s
1247.854  t=1315s RTT mean=85481 min=12360 max=153968 n=11 to=0 | cancels=0(+0/s) seqbad=361 len_bad=0 disc=3(0x08) | tot_n=58417 tot_to=382 maxever=199858 >2ms=58417 >5ms=58417 >15ms=15037 >20ms=6667 >30ms=3884 | probes=58803 wrfail=3 down=51s maxout=36s
1247.854  t=1316s RTT mean=139638 min=94412 max=184864 n=2 to=4 | cancels=0(+0/s) seqbad=365 len_bad=0 disc=3(0x08) | tot_n=58419 tot_to=386 maxever=199858 >2ms=58419 >5ms=58419 >15ms=15039 >20ms=6669 >30ms=3886 | probes=58809 wrfail=3 down=51s maxout=36s
1249.871  t=1317s RTT mean=93445 min=42824 max=146020 n=11 to=0 | cancels=0(+0/s) seqbad=365 len_bad=0 disc=3(0x08) | tot_n=58430 tot_to=386 maxever=199858 >2ms=58430 >5ms=58430 >15ms=15050 >20ms=6680 >30ms=3897 | probes=58819 wrfail=3 down=51s maxout=36s
1249.871  t=1318s RTT mean=65440 min=35308 max=93657 n=7 to=2 | cancels=0(+0/s) seqbad=367 len_bad=0 disc=3(0x08) | tot_n=58437 tot_to=388 maxever=199858 >2ms=58437 >5ms=58437 >15ms=15057 >20ms=6687 >30ms=3904 | probes=58829 wrfail=3 down=51s maxout=36s
1251.854  t=1319s RTT mean=88669 min=26912 max=199412 n=7 to=2 | cancels=0(+0/s) seqbad=369 len_bad=0 disc=3(0x08) | tot_n=58444 tot_to=390 maxever=199858 >2ms=58444 >5ms=58444 >15ms=15064 >20ms=6694 >30ms=3909 | probes=58838 wrfail=3 down=51s maxout=36s
1251.854  t=1320s RTT mean=128521 min=56914 max=199412 n=5 to=2 | cancels=0(+0/s) seqbad=371 len_bad=0 disc=3(0x08) | tot_n=58449 tot_to=392 maxever=199858 >2ms=58449 >5ms=58449 >15ms=15069 >20ms=6699 >30ms=3914 | probes=58844 wrfail=3 down=51s maxout=36s
1253.850  t=1321s RTT mean=80380 min=33965 max=169414 n=7 to=2 | cancels=0(+0/s) seqbad=373 len_bad=0 disc=3(0x08) | tot_n=58456 tot_to=394 maxever=199858 >2ms=58456 >5ms=58456 >15ms=15076 >20ms=6706 >30ms=3921 | probes=58854 wrfail=3 down=51s maxout=36s
1253.850  t=1322s RTT mean=108910 min=63657 max=169413 n=3 to=3 | cancels=0(+0/s) seqbad=375 len_bad=0 disc=3(0x08) | tot_n=58459 tot_to=397 maxever=199858 >2ms=58459 >5ms=58459 >15ms=15079 >20ms=6709 >30ms=3924 | probes=58860 wrfail=3 down=51s maxout=36s
1255.877  t=1323s RTT mean=128392 min=86146 max=199858 n=5 to=2 | cancels=0(+0/s) seqbad=378 len_bad=0 disc=3(0x08) | tot_n=58464 tot_to=399 maxever=199858 >2ms=58464 >5ms=58464 >15ms=15084 >20ms=6714 >30ms=3929 | probes=58866 wrfail=3 down=51s maxout=36s
1255.877  t=1324s RTT mean=96448 min=26465 max=147358 n=7 to=1 | cancels=0(+0/s) seqbad=379 len_bad=0 disc=3(0x08) | tot_n=58471 tot_to=400 maxever=199858 >2ms=58471 >5ms=58471 >15ms=15091 >20ms=6721 >30ms=3935 | probes=58875 wrfail=3 down=51s maxout=36s
1257.830  t=1325s RTT mean=78263 min=25398 max=131129 n=2 to=4 | cancels=0(+0/s) seqbad=382 len_bad=0 disc=3(0x08) | tot_n=58473 tot_to=404 maxever=199858 >2ms=58473 >5ms=58473 >15ms=15093 >20ms=6723 >30ms=3936 | probes=58881 wrfail=3 down=51s maxout=36s
1257.885  t=1326s RTT mean=92910 min=27360 max=191157 n=6 to=2 | cancels=0(+0/s) seqbad=384 len_bad=0 disc=3(0x08) | tot_n=58479 tot_to=406 maxever=199858 >2ms=58479 >5ms=58479 >15ms=15099 >20ms=6729 >30ms=3941 | probes=58889 wrfail=3 down=51s maxout=36s
1259.862  t=1327s RTT mean=0 min=0 max=0 n=0 to=5 | cancels=0(+0/s) seqbad=387 len_bad=0 disc=3(0x08) | tot_n=58479 tot_to=411 maxever=199858 >2ms=58479 >5ms=58479 >15ms=15099 >20ms=6729 >30ms=3941 | probes=58894 wrfail=3 down=51s maxout=36s
1259.862  t=1328s RTT mean=84042 min=20306 max=147779 n=2 to=4 | cancels=0(+0/s) seqbad=393 len_bad=0 disc=3(0x08) | tot_n=58481 tot_to=415 maxever=199858 >2ms=58481 >5ms=58481 >15ms=15101 >20ms=6731 >30ms=3942 | probes=58900 wrfail=3 down=51s maxout=36s
1261.876  t=1329s RTT mean=0 min=0 max=0 n=0 to=5 | cancels=0(+0/s) seqbad=394 len_bad=0 disc=3(0x08) | tot_n=58481 tot_to=420 maxever=199858 >2ms=58481 >5ms=58481 >15ms=15101 >20ms=6731 >30ms=3942 | probes=58905 wrfail=3 down=51s maxout=36s
1261.876  t=1330s RTT mean=0 min=0 max=0 n=0 to=5 | cancels=0(+0/s) seqbad=403 len_bad=0 disc=3(0x08) | tot_n=58481 tot_to=425 maxever=199858 >2ms=58481 >5ms=58481 >15ms=15101 >20ms=6731 >30ms=3942 | probes=58910 wrfail=3 down=51s maxout=36s
1263.847  t=1331s RTT mean=0 min=0 max=0 n=0 to=5 | cancels=0(+0/s) seqbad=406 len_bad=0 disc=3(0x08) | tot_n=58481 tot_to=430 maxever=199858 >2ms=58481 >5ms=58481 >15ms=15101 >20ms=6731 >30ms=3942 | probes=58915 wrfail=3 down=51s maxout=36s
1263.847  t=1332s RTT mean=0 min=0 max=0 n=0 to=5 | cancels=0(+0/s) seqbad=410 len_bad=0 disc=3(0x08) | tot_n=58481 tot_to=435 maxever=199858 >2ms=58481 >5ms=58481 >15ms=15101 >20ms=6731 >30ms=3942 | probes=58920 wrfail=3 down=51s maxout=36s
1265.874  t=1333s RTT mean=0 min=0 max=0 n=0 to=5 | cancels=0(+0/s) seqbad=414 len_bad=0 disc=3(0x08) | tot_n=58481 tot_to=440 maxever=199858 >2ms=58481 >5ms=58481 >15ms=15101 >20ms=6731 >30ms=3942 | probes=58925 wrfail=3 down=51s maxout=36s
1265.874  t=1334s RTT mean=97641 min=27358 max=185111 n=5 to=2 | cancels=0(+0/s) seqbad=420 len_bad=0 disc=3(0x08) | tot_n=58486 tot_to=442 maxever=199858 >2ms=58486 >5ms=58486 >15ms=15106 >20ms=6736 >30ms=3946 | probes=58932 wrfail=3 down=51s maxout=36s
1267.870  t=1335s RTT mean=104244 min=104244 max=104244 n=1 to=5 | cancels=0(+0/s) seqbad=426 len_bad=0 disc=3(0x08) | tot_n=58487 tot_to=447 maxever=199858 >2ms=58487 >5ms=58487 >15ms=15107 >20ms=6737 >30ms=3947 | probes=58938 wrfail=3 down=51s maxout=36s
1267.870  t=1336s RTT mean=81879 min=19417 max=139414 n=9 to=1 | cancels=0(+0/s) seqbad=427 len_bad=0 disc=3(0x08) | tot_n=58496 tot_to=448 maxever=199858 >2ms=58496 >5ms=58496 >15ms=15116 >20ms=6745 >30ms=3955 | probes=58948 wrfail=3 down=51s maxout=36s
1269.844  t=1337s RTT mean=121787 min=86601 max=146466 n=6 to=1 | cancels=0(+0/s) seqbad=428 len_bad=0 disc=3(0x08) | tot_n=58502 tot_to=449 maxever=199858 >2ms=58502 >5ms=58502 >15ms=15122 >20ms=6751 >30ms=3961 | probes=58955 wrfail=3 down=51s maxout=36s
1269.896  t=1338s RTT mean=70725 min=11913 max=138965 n=13 to=0 | cancels=0(+0/s) seqbad=428 len_bad=0 disc=3(0x08) | tot_n=58515 tot_to=449 maxever=199858 >2ms=58515 >5ms=58515 >15ms=15132 >20ms=6761 >30ms=3971 | probes=58968 wrfail=3 down=51s maxout=36s
1271.854  t=1339s RTT mean=74012 min=12359 max=154413 n=7 to=2 | cancels=0(+0/s) seqbad=429 len_bad=0 disc=3(0x08) | tot_n=58522 tot_to=451 maxever=199858 >2ms=58522 >5ms=58522 >15ms=15138 >20ms=6766 >30ms=3976 | probes=58977 wrfail=3 down=51s maxout=36s
1271.854  t=1340s RTT mean=87584 min=19859 max=199411 n=7 to=2 | cancels=0(+0/s) seqbad=432 len_bad=0 disc=3(0x08) | tot_n=58529 tot_to=453 maxever=199858 >2ms=58529 >5ms=58529 >15ms=15145 >20ms=6772 >30ms=3981 | probes=58986 wrfail=3 down=51s maxout=36s
1273.830  t=1341s RTT mean=80065 min=41461 max=146020 n=11 to=1 | cancels=0(+0/s) seqbad=433 len_bad=0 disc=3(0x08) | tot_n=58540 tot_to=454 maxever=199858 >2ms=58540 >5ms=58540 >15ms=15156 >20ms=6783 >30ms=3992 | probes=58998 wrfail=3 down=51s maxout=36s
1273.882  t=1342s RTT mean=100825 min=41911 max=191169 n=8 to=1 | cancels=0(+0/s) seqbad=434 len_bad=0 disc=3(0x08) | tot_n=58548 tot_to=455 maxever=199858 >2ms=58548 >5ms=58548 >15ms=15164 >20ms=6791 >30ms=4000 | probes=59007 wrfail=3 down=51s maxout=36s
1275.830  t=1343s RTT mean=103679 min=42359 max=161913 n=9 to=0 | cancels=0(+0/s) seqbad=434 len_bad=0 disc=3(0x08) | tot_n=58557 tot_to=455 maxever=199858 >2ms=58557 >5ms=58557 >15ms=15173 >20ms=6800 >30ms=4009 | probes=59016 wrfail=3 down=51s maxout=36s
1275.885  t=1344s RTT mean=75473 min=12805 max=154412 n=8 to=2 | cancels=0(+0/s) seqbad=436 len_bad=0 disc=3(0x08) | tot_n=58565 tot_to=457 maxever=199858 >2ms=58565 >5ms=58565 >15ms=15180 >20ms=6806 >30ms=4015 | probes=59026 wrfail=3 down=51s maxout=36s
1277.882  t=1345s RTT mean=76992 min=11854 max=199861 n=7 to=2 | cancels=0(+0/s) seqbad=438 len_bad=0 disc=3(0x08) | tot_n=58572 tot_to=459 maxever=199861 >2ms=58572 >5ms=58572 >15ms=15186 >20ms=6812 >30ms=4020 | probes=59035 wrfail=3 down=51s maxout=36s
1277.882  t=1346s RTT mean=157307 min=123143 max=191471 n=2 to=3 | cancels=0(+0/s) seqbad=441 len_bad=0 disc=3(0x08) | tot_n=58574 tot_to=462 maxever=199861 >2ms=58574 >5ms=58574 >15ms=15188 >20ms=6814 >30ms=4022 | probes=59040 wrfail=3 down=51s maxout=36s
1279.839  t=1347s RTT mean=97868 min=26914 max=177359 n=6 to=2 | cancels=0(+0/s) seqbad=443 len_bad=0 disc=3(0x08) | tot_n=58580 tot_to=464 maxever=199861 >2ms=58580 >5ms=58580 >15ms=15194 >20ms=6820 >30ms=4027 | probes=59048 wrfail=3 down=51s maxout=36s
1279.891  t=1348s RTT mean=0 min=0 max=0 n=0 to=5 | cancels=0(+0/s) seqbad=444 len_bad=0 disc=3(0x08) | tot_n=58580 tot_to=469 maxever=199861 >2ms=58580 >5ms=58580 >15ms=15194 >20ms=6820 >30ms=4027 | probes=59053 wrfail=3 down=51s maxout=36s
1281.848  t=1349s RTT mean=169828 min=169828 max=169828 n=1 to=4 | cancels=0(+0/s) seqbad=452 len_bad=0 disc=3(0x08) | tot_n=58581 tot_to=473 maxever=199861 >2ms=58581 >5ms=58581 >15ms=15195 >20ms=6821 >30ms=4028 | probes=59058 wrfail=3 down=51s maxout=36s
1281.901  t=1350s RTT mean=81077 min=64859 max=86913 n=4 to=3 | cancels=0(+0/s) seqbad=455 len_bad=0 disc=3(0x08) | tot_n=58585 tot_to=476 maxever=199861 >2ms=58585 >5ms=58585 >15ms=15199 >20ms=6825 >30ms=4032 | probes=59065 wrfail=3 down=51s maxout=36s
1283.867  t=1351s RTT mean=74208 min=74208 max=74208 n=1 to=5 | cancels=0(+0/s) seqbad=459 len_bad=0 disc=3(0x08) | tot_n=58586 tot_to=481 maxever=199861 >2ms=58586 >5ms=58586 >15ms=15200 >20ms=6826 >30ms=4033 | probes=59071 wrfail=3 down=51s maxout=36s
1283.867  t=1352s RTT mean=134888 min=80238 max=189538 n=2 to=3 | cancels=0(+0/s) seqbad=462 len_bad=0 disc=3(0x08) | tot_n=58588 tot_to=484 maxever=199861 >2ms=58588 >5ms=58588 >15ms=15202 >20ms=6828 >30ms=4035 | probes=59076 wrfail=3 down=51s maxout=36s
1285.866  t=1353s RTT mean=103024 min=49413 max=184861 n=3 to=4 | cancels=0(+0/s) seqbad=467 len_bad=0 disc=3(0x08) | tot_n=58591 tot_to=488 maxever=199861 >2ms=58591 >5ms=58591 >15ms=15205 >20ms=6831 >30ms=4038 | probes=59083 wrfail=3 down=51s maxout=36s
1285.866  t=1354s RTT mean=0 min=0 max=0 n=0 to=5 | cancels=0(+0/s) seqbad=471 len_bad=0 disc=3(0x08) | tot_n=58591 tot_to=493 maxever=199861 >2ms=58591 >5ms=58591 >15ms=15205 >20ms=6831 >30ms=4038 | probes=59088 wrfail=3 down=51s maxout=36s
1287.861  t=1355s RTT mean=0 min=0 max=0 n=0 to=5 | cancels=0(+0/s) seqbad=477 len_bad=0 disc=3(0x08) | tot_n=58591 tot_to=498 maxever=199861 >2ms=58591 >5ms=58591 >15ms=15205 >20ms=6831 >30ms=4038 | probes=59093 wrfail=3 down=51s maxout=36s
1287.861  t=1356s RTT mean=124126 min=93579 max=154412 n=4 to=2 | cancels=0(+0/s) seqbad=478 len_bad=0 disc=3(0x08) | tot_n=58595 tot_to=500 maxever=199861 >2ms=58595 >5ms=58595 >15ms=15209 >20ms=6835 >30ms=4042 | probes=59099 wrfail=3 down=51s maxout=36s
1289.870  t=1357s RTT mean=87647 min=11021 max=197810 n=7 to=2 | cancels=0(+0/s) seqbad=481 len_bad=0 disc=3(0x08) | tot_n=58602 tot_to=502 maxever=199861 >2ms=58602 >5ms=58602 >15ms=15215 >20ms=6841 >30ms=4048 | probes=59108 wrfail=3 down=51s maxout=36s
1289.870  t=1358s RTT mean=120066 min=71155 max=168977 n=2 to=3 | cancels=0(+0/s) seqbad=483 len_bad=0 disc=3(0x08) | tot_n=58604 tot_to=505 maxever=199861 >2ms=58604 >5ms=58604 >15ms=15217 >20ms=6843 >30ms=4050 | probes=59113 wrfail=3 down=51s maxout=36s
1291.876  t=1359s RTT mean=115559 min=75604 max=146658 n=3 to=4 | cancels=0(+0/s) seqbad=488 len_bad=0 disc=3(0x08) | tot_n=58607 tot_to=509 maxever=199861 >2ms=58607 >5ms=58607 >15ms=15220 >20ms=6846 >30ms=4053 | probes=59120 wrfail=3 down=51s maxout=36s
1291.876  t=1360s RTT mean=93702 min=49410 max=122838 n=4 to=3 | cancels=0(+0/s) seqbad=491 len_bad=0 disc=3(0x08) | tot_n=58611 tot_to=512 maxever=199861 >2ms=58611 >5ms=58611 >15ms=15224 >20ms=6850 >30ms=4057 | probes=59127 wrfail=3 down=51s maxout=36s
1293.849  t=1361s RTT mean=117851 min=33521 max=199864 n=8 to=0 | cancels=0(+0/s) seqbad=491 len_bad=0 disc=3(0x08) | tot_n=58619 tot_to=512 maxever=199864 >2ms=58619 >5ms=58619 >15ms=15232 >20ms=6858 >30ms=4065 | probes=59135 wrfail=3 down=51s maxout=36s
1293.901  t=1362s RTT mean=124487 min=79860 max=176913 n=6 to=1 | cancels=0(+0/s) seqbad=491 len_bad=0 disc=3(0x08) | tot_n=58625 tot_to=513 maxever=199864 >2ms=58625 >5ms=58625 >15ms=15238 >20ms=6864 >30ms=4071 | probes=59142 wrfail=3 down=51s maxout=36s
1295.867  t=1363s RTT mean=123059 min=64414 max=167890 n=7 to=1 | cancels=0(+0/s) seqbad=493 len_bad=0 disc=3(0x08) | tot_n=58632 tot_to=514 maxever=199864 >2ms=58632 >5ms=58632 >15ms=15245 >20ms=6871 >30ms=4078 | probes=59150 wrfail=3 down=51s maxout=36s
1295.867  t=1364s RTT mean=75586 min=26914 max=184413 n=10 to=1 | cancels=0(+0/s) seqbad=494 len_bad=0 disc=3(0x08) | tot_n=58642 tot_to=515 maxever=199864 >2ms=58642 >5ms=58642 >15ms=15255 >20ms=6881 >30ms=4087 | probes=59161 wrfail=3 down=51s maxout=36s
1297.847  t=1365s RTT mean=62403 min=25897 max=86465 n=8 to=2 | cancels=0(+0/s) seqbad=496 len_bad=0 disc=3(0x08) | tot_n=58650 tot_to=517 maxever=199864 >2ms=58650 >5ms=58650 >15ms=15263 >20ms=6889 >30ms=4094 | probes=59171 wrfail=3 down=51s maxout=36s
1297.898  t=1366s RTT mean=191920 min=191920 max=191920 n=1 to=4 | cancels=0(+0/s) seqbad=498 len_bad=0 disc=3(0x08) | tot_n=58651 tot_to=521 maxever=199864 >2ms=58651 >5ms=58651 >15ms=15264 >20ms=6890 >30ms=4095 | probes=59176 wrfail=3 down=51s maxout=36s
1299.853  t=1367s RTT mean=36616 min=11468 max=87361 n=22 to=1 | cancels=0(+0/s) seqbad=501 len_bad=0 disc=3(0x08) | tot_n=58673 tot_to=522 maxever=199864 >2ms=58673 >5ms=58673 >15ms=15282 >20ms=6903 >30ms=4107 | probes=59199 wrfail=3 down=51s maxout=36s
1299.853  t=1368s RTT mean=79413 min=19856 max=154414 n=11 to=0 | cancels=0(+0/s) seqbad=501 len_bad=0 disc=3(0x08) | tot_n=58684 tot_to=522 maxever=199864 >2ms=58684 >5ms=58684 >15ms=15293 >20ms=6913 >30ms=4117 | probes=59210 wrfail=3 down=51s maxout=36s
1301.877  t=1369s RTT mean=80533 min=34413 max=131463 n=13 to=0 | cancels=0(+0/s) seqbad=501 len_bad=0 disc=3(0x08) | tot_n=58697 tot_to=522 maxever=199864 >2ms=58697 >5ms=58697 >15ms=15306 >20ms=6926 >30ms=4130 | probes=59223 wrfail=3 down=51s maxout=36s
1301.877  t=1370s RTT mean=54716 min=12310 max=101525 n=14 to=1 | cancels=0(+0/s) seqbad=502 len_bad=0 disc=3(0x08) | tot_n=58711 tot_to=523 maxever=199864 >2ms=58711 >5ms=58711 >15ms=15319 >20ms=6938 >30ms=4140 | probes=59237 wrfail=3 down=51s maxout=36s
1303.833  t=1371s RTT mean=52061 min=11913 max=168969 n=17 to=0 | cancels=0(+0/s) seqbad=502 len_bad=0 disc=3(0x08) | tot_n=58728 tot_to=523 maxever=199864 >2ms=58728 >5ms=58728 >15ms=15335 >20ms=6950 >30ms=4151 | probes=59255 wrfail=3 down=51s maxout=36s
1303.884  t=1372s RTT mean=36144 min=11478 max=94860 n=26 to=0 | cancels=0(+0/s) seqbad=502 len_bad=0 disc=3(0x08) | tot_n=58754 tot_to=523 maxever=199864 >2ms=58754 >5ms=58754 >15ms=15356 >20ms=6968 >30ms=4162 | probes=59281 wrfail=3 down=51s maxout=36s
1305.870  t=1373s RTT mean=42274 min=11913 max=123965 n=22 to=0 | cancels=0(+0/s) seqbad=502 len_bad=0 disc=3(0x08) | tot_n=58776 tot_to=523 maxever=199864 >2ms=58776 >5ms=58776 >15ms=15376 >20ms=6984 >30ms=4174 | probes=59303 wrfail=3 down=51s maxout=36s
1305.870  t=1374s RTT mean=40529 min=11913 max=101913 n=22 to=0 | cancels=0(+0/s) seqbad=502 len_bad=0 disc=3(0x08) | tot_n=58798 tot_to=523 maxever=199864 >2ms=58798 >5ms=58798 >15ms=15395 >20ms=7001 >30ms=4186 | probes=59325 wrfail=3 down=51s maxout=36s
1307.846  t=1375s RTT mean=72449 min=12359 max=139861 n=14 to=0 | cancels=0(+0/s) seqbad=502 len_bad=0 disc=3(0x08) | tot_n=58812 tot_to=523 maxever=199864 >2ms=58812 >5ms=58812 >15ms=15408 >20ms=7013 >30ms=4197 | probes=59339 wrfail=3 down=51s maxout=36s
1307.901  t=1376s RTT mean=56030 min=11468 max=161912 n=17 to=0 | cancels=0(+0/s) seqbad=502 len_bad=0 disc=3(0x08) | tot_n=58829 tot_to=523 maxever=199864 >2ms=58829 >5ms=58829 >15ms=15422 >20ms=7027 >30ms=4211 | probes=59356 wrfail=3 down=51s maxout=36s
1309.867  t=1377s RTT mean=100375 min=64417 max=136334 n=2 to=4 | cancels=0(+0/s) seqbad=506 len_bad=0 disc=3(0x08) | tot_n=58831 tot_to=527 maxever=199864 >2ms=58831 >5ms=58831 >15ms=15424 >20ms=7029 >30ms=4213 | probes=59362 wrfail=3 down=51s maxout=36s
1309.867  t=1378s RTT mean=54570 min=11913 max=183967 n=16 to=0 | cancels=0(+0/s) seqbad=506 len_bad=0 disc=3(0x08) | tot_n=58847 tot_to=527 maxever=199864 >2ms=58847 >5ms=58847 >15ms=15436 >20ms=7038 >30ms=4221 | probes=59378 wrfail=3 down=51s maxout=36s
1311.870  t=1379s RTT mean=85550 min=19858 max=161465 n=11 to=0 | cancels=0(+0/s) seqbad=506 len_bad=0 disc=3(0x08) | tot_n=58858 tot_to=527 maxever=199864 >2ms=58858 >5ms=58858 >15ms=15447 >20ms=7048 >30ms=4230 | probes=59389 wrfail=3 down=51s maxout=36s
1311.870  t=1380s RTT mean=78020 min=10712 max=147359 n=11 to=1 | cancels=0(+0/s) seqbad=507 len_bad=0 disc=3(0x08) | tot_n=58869 tot_to=528 maxever=199864 >2ms=58869 >5ms=58869 >15ms=15457 >20ms=7058 >30ms=4240 | probes=59401 wrfail=3 down=51s maxout=36s
1313.877  t=1381s RTT mean=50736 min=18967 max=198965 n=17 to=0 | cancels=0(+0/s) seqbad=507 len_bad=0 disc=3(0x08) | tot_n=58886 tot_to=528 maxever=199864 >2ms=58886 >5ms=58886 >15ms=15474 >20ms=7071 >30ms=4252 | probes=59418 wrfail=3 down=51s maxout=36s
1313.877  t=1382s RTT mean=53661 min=12359 max=139940 n=12 to=2 | cancels=0(+0/s) seqbad=509 len_bad=0 disc=3(0x08) | tot_n=58898 tot_to=530 maxever=199864 >2ms=58898 >5ms=58898 >15ms=15485 >20ms=7082 >30ms=4262 | probes=59432 wrfail=3 down=51s maxout=36s
1315.888  t=1383s RTT mean=61189 min=11914 max=116468 n=12 to=1 | cancels=0(+0/s) seqbad=510 len_bad=0 disc=3(0x08) | tot_n=58910 tot_to=531 maxever=199864 >2ms=58910 >5ms=58910 >15ms=15496 >20ms=7092 >30ms=4270 | probes=59445 wrfail=3 down=51s maxout=36s
1315.888  t=1384s RTT mean=64294 min=18966 max=132359 n=9 to=2 | cancels=0(+0/s) seqbad=512 len_bad=0 disc=3(0x08) | tot_n=58919 tot_to=533 maxever=199864 >2ms=58919 >5ms=58919 >15ms=15505 >20ms=7100 >30ms=4276 | probes=59456 wrfail=3 down=51s maxout=36s
1317.867  t=1385s RTT mean=95336 min=19413 max=174950 n=6 to=2 | cancels=0(+0/s) seqbad=514 len_bad=0 disc=3(0x08) | tot_n=58925 tot_to=535 maxever=199864 >2ms=58925 >5ms=58925 >15ms=15511 >20ms=7105 >30ms=4281 | probes=59464 wrfail=3 down=51s maxout=36s
1317.867  t=1386s RTT mean=79453 min=26467 max=176915 n=11 to=0 | cancels=0(+0/s) seqbad=514 len_bad=0 disc=3(0x08) | tot_n=58936 tot_to=535 maxever=199864 >2ms=58936 >5ms=58936 >15ms=15522 >20ms=7116 >30ms=4291 | probes=59475 wrfail=3 down=51s maxout=36s
1319.850  t=1387s RTT mean=62624 min=18970 max=153963 n=13 to=1 | cancels=0(+0/s) seqbad=515 len_bad=0 disc=3(0x08) | tot_n=58949 tot_to=536 maxever=199864 >2ms=58949 >5ms=58949 >15ms=15535 >20ms=7127 >30ms=4302 | probes=59489 wrfail=3 down=51s maxout=36s
1319.901  t=1388s RTT mean=73948 min=19416 max=176472 n=7 to=2 | cancels=0(+0/s) seqbad=516 len_bad=0 disc=3(0x08) | tot_n=58956 tot_to=538 maxever=199864 >2ms=58956 >5ms=58956 >15ms=15542 >20ms=7133 >30ms=4308 | probes=59498 wrfail=3 down=51s maxout=36s
1321.878  t=1389s RTT mean=83099 min=11913 max=191468 n=12 to=0 | cancels=0(+0/s) seqbad=517 len_bad=0 disc=3(0x08) | tot_n=58968 tot_to=538 maxever=199864 >2ms=58968 >5ms=58968 >15ms=15553 >20ms=7144 >30ms=4318 | probes=59510 wrfail=3 down=51s maxout=36s
1321.878  t=1390s RTT mean=67383 min=12360 max=184416 n=15 to=0 | cancels=0(+0/s) seqbad=517 len_bad=0 disc=3(0x08) | tot_n=58983 tot_to=538 maxever=199864 >2ms=58983 >5ms=58983 >15ms=15567 >20ms=7157 >30ms=4330 | probes=59525 wrfail=3 down=51s maxout=36s
1323.861  t=1391s RTT mean=76913 min=11914 max=161913 n=12 to=0 | cancels=0(+0/s) seqbad=517 len_bad=0 disc=3(0x08) | tot_n=58995 tot_to=538 maxever=199864 >2ms=58995 >5ms=58995 >15ms=15578 >20ms=7166 >30ms=4339 | probes=59537 wrfail=3 down=51s maxout=36s
1323.913  t=1392s RTT mean=63163 min=11913 max=176913 n=12 to=1 | cancels=0(+0/s) seqbad=517 len_bad=0 disc=3(0x08) | tot_n=59007 tot_to=539 maxever=199864 >2ms=59007 >5ms=59007 >15ms=15589 >20ms=7176 >30ms=4348 | probes=59550 wrfail=3 down=51s maxout=36s
1325.878  t=1393s RTT mean=89458 min=26408 max=160900 n=5 to=2 | cancels=0(+0/s) seqbad=520 len_bad=0 disc=3(0x08) | tot_n=59012 tot_to=541 maxever=199864 >2ms=59012 >5ms=59012 >15ms=15594 >20ms=7181 >30ms=4352 | probes=59557 wrfail=3 down=51s maxout=36s
1325.878  t=1394s RTT mean=33807 min=11155 max=199414 n=26 to=1 | cancels=0(+0/s) seqbad=521 len_bad=0 disc=3(0x08) | tot_n=59038 tot_to=542 maxever=199864 >2ms=59038 >5ms=59038 >15ms=15611 >20ms=7191 >30ms=4361 | probes=59584 wrfail=3 down=51s maxout=36s
1327.862  t=1395s RTT mean=28554 min=11022 max=131930 n=32 to=0 | cancels=0(+0/s) seqbad=521 len_bad=0 disc=3(0x08) | tot_n=59070 tot_to=542 maxever=199864 >2ms=59070 >5ms=59070 >15ms=15634 >20ms=7205 >30ms=4372 | probes=59616 wrfail=3 down=51s maxout=36s
1327.917  t=1396s RTT mean=79413 min=12360 max=184859 n=12 to=0 | cancels=0(+0/s) seqbad=521 len_bad=0 disc=3(0x08) | tot_n=59082 tot_to=542 maxever=199864 >2ms=59082 >5ms=59082 >15ms=15645 >20ms=7215 >30ms=4381 | probes=59628 wrfail=3 down=51s maxout=36s
1329.891  t=1397s RTT mean=33089 min=11913 max=109862 n=28 to=0 | cancels=0(+0/s) seqbad=521 len_bad=0 disc=3(0x08) | tot_n=59110 tot_to=542 maxever=199864 >2ms=59110 >5ms=59110 >15ms=15668 >20ms=7231 >30ms=4393 | probes=59656 wrfail=3 down=51s maxout=36s
1329.891  t=1398s RTT mean=45266 min=18967 max=138967 n=20 to=0 | cancels=0(+0/s) seqbad=521 len_bad=0 disc=3(0x08) | tot_n=59130 tot_to=542 maxever=199864 >2ms=59130 >5ms=59130 >15ms=15688 >20ms=7246 >30ms=4406 | probes=59676 wrfail=3 down=51s maxout=36s
1331.859  t=1399s RTT mean=46038 min=11913 max=124418 n=20 to=0 | cancels=0(+0/s) seqbad=521 len_bad=0 disc=3(0x08) | tot_n=59150 tot_to=542 maxever=199864 >2ms=59150 >5ms=59150 >15ms=15705 >20ms=7259 >30ms=4418 | probes=59696 wrfail=3 down=51s maxout=36s
1331.910  t=1400s RTT mean=44981 min=11466 max=131915 n=22 to=0 | cancels=0(+0/s) seqbad=521 len_bad=0 disc=3(0x08) | tot_n=59172 tot_to=542 maxever=199864 >2ms=59172 >5ms=59172 >15ms=15723 >20ms=7274 >30ms=4429 | probes=59718 wrfail=3 down=51s maxout=36s
1333.867  t=1401s RTT mean=54915 min=11913 max=131914 n=15 to=0 | cancels=0(+0/s) seqbad=521 len_bad=0 disc=3(0x08) | tot_n=59187 tot_to=542 maxever=199864 >2ms=59187 >5ms=59187 >15ms=15734 >20ms=7283 >30ms=4438 | probes=59733 wrfail=3 down=51s maxout=36s
1333.920  t=1402s RTT mean=56162 min=19113 max=146914 n=12 to=2 | cancels=0(+0/s) seqbad=523 len_bad=0 disc=3(0x08) | tot_n=59199 tot_to=544 maxever=199864 >2ms=59199 >5ms=59199 >15ms=15746 >20ms=7294 >30ms=4447 | probes=59747 wrfail=3 down=51s maxout=36s
1335.862  t=1403s RTT mean=46650 min=11913 max=168968 n=19 to=0 | cancels=0(+0/s) seqbad=523 len_bad=0 disc=3(0x08) | tot_n=59218 tot_to=544 maxever=199864 >2ms=59218 >5ms=59218 >15ms=15762 >20ms=7307 >30ms=4457 | probes=59766 wrfail=3 down=51s maxout=36s
1335.914  t=1404s RTT mean=29640 min=11468 max=79864 n=33 to=0 | cancels=0(+0/s) seqbad=523 len_bad=0 disc=3(0x08) | tot_n=59251 tot_to=544 maxever=199864 >2ms=59251 >5ms=59251 >15ms=15784 >20ms=7325 >30ms=4469 | probes=59798 wrfail=3 down=51s maxout=36s
1337.881  t=1405s RTT mean=34431 min=11021 max=79859 n=26 to=0 | cancels=0(+0/s) seqbad=523 len_bad=0 disc=3(0x08) | tot_n=59277 tot_to=544 maxever=199864 >2ms=59277 >5ms=59277 >15ms=15806 >20ms=7339 >30ms=4481 | probes=59825 wrfail=3 down=51s maxout=36s
1337.881  t=1406s RTT mean=53138 min=11913 max=153966 n=18 to=0 | cancels=0(+0/s) seqbad=523 len_bad=0 disc=3(0x08) | tot_n=59295 tot_to=544 maxever=199864 >2ms=59295 >5ms=59295 >15ms=15821 >20ms=7352 >30ms=4493 | probes=59843 wrfail=3 down=51s maxout=36s
1339.889  t=1407s RTT mean=41914 min=11480 max=116467 n=21 to=0 | cancels=0(+0/s) seqbad=523 len_bad=0 disc=3(0x08) | tot_n=59316 tot_to=544 maxever=199864 >2ms=59316 >5ms=59316 >15ms=15837 >20ms=7364 >30ms=4504 | probes=59864 wrfail=3 down=51s maxout=36s
1339.889  t=1408s RTT mean=23655 min=11465 max=86912 n=39 to=0 | cancels=0(+0/s) seqbad=523 len_bad=0 disc=3(0x08) | tot_n=59355 tot_to=544 maxever=199864 >2ms=59355 >5ms=59355 >15ms=15862 >20ms=7376 >30ms=4509 | probes=59903 wrfail=3 down=51s maxout=36s
1341.903  t=1409s RTT mean=23349 min=11465 max=56913 n=38 to=0 | cancels=0(+0/s) seqbad=523 len_bad=0 disc=3(0x08) | tot_n=59393 tot_to=544 maxever=199864 >2ms=59393 >5ms=59393 >15ms=15886 >20ms=7391 >30ms=4518 | probes=59941 wrfail=3 down=51s maxout=36s
1341.903  t=1410s RTT mean=27822 min=11468 max=124414 n=33 to=0 | cancels=0(+0/s) seqbad=523 len_bad=0 disc=3(0x08) | tot_n=59426 tot_to=544 maxever=199864 >2ms=59426 >5ms=59426 >15ms=15909 >20ms=7406 >30ms=4529 | probes=59973 wrfail=3 down=51s maxout=36s
1343.877  t=1411s RTT mean=33597 min=11467 max=139413 n=27 to=0 | cancels=0(+0/s) seqbad=523 len_bad=0 disc=3(0x08) | tot_n=59453 tot_to=544 maxever=199864 >2ms=59453 >5ms=59453 >15ms=15931 >20ms=7422 >30ms=4539 | probes=60001 wrfail=3 down=51s maxout=36s
1343.932  t=1412s RTT mean=30777 min=11466 max=64413 n=29 to=0 | cancels=0(+0/s) seqbad=523 len_bad=0 disc=3(0x08) | tot_n=59482 tot_to=544 maxever=199864 >2ms=59482 >5ms=59482 >15ms=15952 >20ms=7442 >30ms=4550 | probes=60030 wrfail=3 down=51s maxout=36s
1345.878  t=1413s RTT mean=26914 min=11029 max=86913 n=34 to=0 | cancels=0(+0/s) seqbad=523 len_bad=0 disc=3(0x08) | tot_n=59516 tot_to=544 maxever=199864 >2ms=59516 >5ms=59516 >15ms=15975 >20ms=7457 >30ms=4560 | probes=60064 wrfail=3 down=51s maxout=36s
1345.933  t=1414s RTT mean=17851 min=11467 max=42361 n=48 to=0 | cancels=0(+0/s) seqbad=523 len_bad=0 disc=3(0x08) | tot_n=59564 tot_to=544 maxever=199864 >2ms=59564 >5ms=59564 >15ms=15996 >20ms=7467 >30ms=4566 | probes=60112 wrfail=3 down=51s maxout=36s
1347.910  t=1415s RTT mean=19080 min=11466 max=56467 n=45 to=0 | cancels=0(+0/s) seqbad=523 len_bad=0 disc=3(0x08) | tot_n=59609 tot_to=544 maxever=199864 >2ms=59609 >5ms=59609 >15ms=16019 >20ms=7479 >30ms=4570 | probes=60157 wrfail=3 down=51s maxout=36s
1347.910  t=1416s RTT mean=20495 min=11465 max=41913 n=42 to=0 | cancels=0(+0/s) seqbad=523 len_bad=0 disc=3(0x08) | tot_n=59651 tot_to=544 maxever=199864 >2ms=59651 >5ms=59651 >15ms=16041 >20ms=7493 >30ms=4579 | probes=60199 wrfail=3 down=51s maxout=36s
1349.915  t=1417s RTT mean=18752 min=11467 max=49414 n=46 to=0 | cancels=0(+0/s) seqbad=523 len_bad=0 disc=3(0x08) | tot_n=59697 tot_to=544 maxever=199864 >2ms=59697 >5ms=59697 >15ms=16064 >20ms=7502 >30ms=4585 | probes=60245 wrfail=3 down=51s maxout=36s
1349.915  t=1418s RTT mean=20485 min=11468 max=48968 n=42 to=0 | cancels=0(+0/s) seqbad=523 len_bad=0 disc=3(0x08) | tot_n=59739 tot_to=544 maxever=199864 >2ms=59739 >5ms=59739 >15ms=16092 >20ms=7513 >30ms=4591 | probes=60287 wrfail=3 down=51s maxout=36s
1351.889  t=1419s RTT mean=20634 min=11913 max=41913 n=43 to=0 | cancels=0(+0/s) seqbad=523 len_bad=0 disc=3(0x08) | tot_n=59782 tot_to=544 maxever=199864 >2ms=59782 >5ms=59782 >15ms=16119 >20ms=7527 >30ms=4599 | probes=60329 wrfail=3 down=51s maxout=36s
1351.889  t=1420s RTT mean=20485 min=11019 max=64409 n=42 to=0 | cancels=0(+0/s) seqbad=523 len_bad=0 disc=3(0x08) | tot_n=59824 tot_to=544 maxever=199864 >2ms=59824 >5ms=59824 >15ms=16138 >20ms=7538 >30ms=4607 | probes=60372 wrfail=3 down=51s maxout=36s
1353.897  t=1421s RTT mean=21426 min=11468 max=64416 n=41 to=0 | cancels=0(+0/s) seqbad=523 len_bad=0 disc=3(0x08) | tot_n=59865 tot_to=544 maxever=199864 >2ms=59865 >5ms=59865 >15ms=16160 >20ms=7551 >30ms=4613 | probes=60413 wrfail=3 down=51s maxout=36s
1353.897  t=1422s RTT mean=17694 min=11470 max=49413 n=48 to=0 | cancels=0(+0/s) seqbad=523 len_bad=0 disc=3(0x08) | tot_n=59913 tot_to=544 maxever=199864 >2ms=59913 >5ms=59913 >15ms=16183 >20ms=7560 >30ms=4616 | probes=60461 wrfail=3 down=51s maxout=36s
1355.906  t=1423s RTT mean=19588 min=11467 max=49413 n=43 to=0 | cancels=0(+0/s) seqbad=523 len_bad=0 disc=3(0x08) | tot_n=59956 tot_to=544 maxever=199864 >2ms=59956 >5ms=59956 >15ms=16207 >20ms=7570 >30ms=4621 | probes=60504 wrfail=3 down=51s maxout=36s
1355.906  t=1424s RTT mean=18775 min=11469 max=41917 n=47 to=0 | cancels=0(+0/s) seqbad=523 len_bad=0 disc=3(0x08) | tot_n=60003 tot_to=544 maxever=199864 >2ms=60003 >5ms=60003 >15ms=16231 >20ms=7581 >30ms=4627 | probes=60551 wrfail=3 down=51s maxout=36s
1357.901  t=1425s RTT mean=18878 min=11468 max=49858 n=28 to=1 | cancels=0(+0/s) seqbad=523 len_bad=0 disc=3(0x08) | tot_n=60031 tot_to=545 maxever=199864 >2ms=60031 >5ms=60031 >15ms=16247 >20ms=7585 >30ms=4630 | probes=60580 wrfail=3 down=51s maxout=36s
1357.901  t=1426s RTT mean=0 min=0 max=0 n=0 to=5 | cancels=0(+0/s) seqbad=523 len_bad=0 disc=3(0x08) | tot_n=60031 tot_to=550 maxever=199864 >2ms=60031 >5ms=60031 >15ms=16247 >20ms=7585 >30ms=4630 | probes=60585 wrfail=3 down=51s maxout=36s
1359.917  t=1427s RTT mean=0 min=0 max=0 n=0 to=0 | cancels=0(+0/s) seqbad=523 len_bad=0 disc=3(0x08) | tot_n=60031 tot_to=550 maxever=199864 >2ms=60031 >5ms=60031 >15ms=16247 >20ms=7585 >30ms=4630 | probes=60585 wrfail=3 down=51s maxout=36s
1359.917  t=1428s RTT mean=0 min=0 max=0 n=0 to=0 | cancels=0(+0/s) seqbad=523 len_bad=0 disc=3(0x08) | tot_n=60031 tot_to=550 maxever=199864 >2ms=60031 >5ms=60031 >15ms=16247 >20ms=7585 >30ms=4630 | probes=60585 wrfail=3 down=51s maxout=36s
1361.467  GAP disconnected 0x08
1361.468  scan rc=0
1361.468  [00:15:31.581,476] [1;33m<wrn> bt_att: Not connected[0m
1361.522  t=1429s RTT mean=0 min=0 max=0 n=0 to=0 | cancels=0(+0/s) seqbad=523 len_bad=0 disc=4(0x08) | tot_n=60031 tot_to=550 maxever=199864 >2ms=60031 >5ms=60031 >15ms=16247 >20ms=7585 >30ms=4630 | probes=60585 wrfail=4 down=52s maxout=36s
1362.898  t=1430s RTT mean=0 min=0 max=0 n=0 to=0 | cancels=0(+0/s) seqbad=523 len_bad=0 disc=4(0x08) | tot_n=60031 tot_to=550 maxever=199864 >2ms=60031 >5ms=60031 >15ms=16247 >20ms=7585 >30ms=4630 | probes=60585 wrfail=4 down=53s maxout=36s
1362.898  t=1431s RTT mean=0 min=0 max=0 n=0 to=0 | cancels=0(+0/s) seqbad=523 len_bad=0 disc=4(0x08) | tot_n=60031 tot_to=550 maxever=199864 >2ms=60031 >5ms=60031 >15ms=16247 >20ms=7585 >30ms=4630 | probes=60585 wrfail=4 down=54s maxout=36s
1364.909  t=1432s RTT mean=0 min=0 max=0 n=0 to=0 | cancels=0(+0/s) seqbad=523 len_bad=0 disc=4(0x08) | tot_n=60031 tot_to=550 maxever=199864 >2ms=60031 >5ms=60031 >15ms=16247 >20ms=7585 >30ms=4630 | probes=60585 wrfail=4 down=55s maxout=36s
1364.909  t=1433s RTT mean=0 min=0 max=0 n=0 to=0 | cancels=0(+0/s) seqbad=523 len_bad=0 disc=4(0x08) | tot_n=60031 tot_to=550 maxever=199864 >2ms=60031 >5ms=60031 >15ms=16247 >20ms=7585 >30ms=4630 | probes=60585 wrfail=4 down=56s maxout=36s
1366.885  t=1434s RTT mean=0 min=0 max=0 n=0 to=0 | cancels=0(+0/s) seqbad=523 len_bad=0 disc=4(0x08) | tot_n=60031 tot_to=550 maxever=199864 >2ms=60031 >5ms=60031 >15ms=16247 >20ms=7585 >30ms=4630 | probes=60585 wrfail=4 down=57s maxout=36s
1366.937  t=1435s RTT mean=0 min=0 max=0 n=0 to=0 | cancels=0(+0/s) seqbad=523 len_bad=0 disc=4(0x08) | tot_n=60031 tot_to=550 maxever=199864 >2ms=60031 >5ms=60031 >15ms=16247 >20ms=7585 >30ms=4630 | probes=60585 wrfail=4 down=58s maxout=36s
1368.905  t=1436s RTT mean=0 min=0 max=0 n=0 to=0 | cancels=0(+0/s) seqbad=523 len_bad=0 disc=4(0x08) | tot_n=60031 tot_to=550 maxever=199864 >2ms=60031 >5ms=60031 >15ms=16247 >20ms=7585 >30ms=4630 | probes=60585 wrfail=4 down=59s maxout=36s
1368.905  t=1437s RTT mean=0 min=0 max=0 n=0 to=0 | cancels=0(+0/s) seqbad=523 len_bad=0 disc=4(0x08) | tot_n=60031 tot_to=550 maxever=199864 >2ms=60031 >5ms=60031 >15ms=16247 >20ms=7585 >30ms=4630 | probes=60585 wrfail=4 down=60s maxout=36s
1370.882  t=1438s RTT mean=0 min=0 max=0 n=0 to=0 | cancels=0(+0/s) seqbad=523 len_bad=0 disc=4(0x08) | tot_n=60031 tot_to=550 maxever=199864 >2ms=60031 >5ms=60031 >15ms=16247 >20ms=7585 >30ms=4630 | probes=60585 wrfail=4 down=61s maxout=36s
1370.932  t=1439s RTT mean=0 min=0 max=0 n=0 to=0 | cancels=0(+0/s) seqbad=523 len_bad=0 disc=4(0x08) | tot_n=60031 tot_to=550 maxever=199864 >2ms=60031 >5ms=60031 >15ms=16247 >20ms=7585 >30ms=4630 | probes=60585 wrfail=4 down=62s maxout=36s
1372.913  t=1440s RTT mean=0 min=0 max=0 n=0 to=0 | cancels=0(+0/s) seqbad=523 len_bad=0 disc=4(0x08) | tot_n=60031 tot_to=550 maxever=199864 >2ms=60031 >5ms=60031 >15ms=16247 >20ms=7585 >30ms=4630 | probes=60585 wrfail=4 down=63s maxout=36s
1372.913  t=1441s RTT mean=0 min=0 max=0 n=0 to=0 | cancels=0(+0/s) seqbad=523 len_bad=0 disc=4(0x08) | tot_n=60031 tot_to=550 maxever=199864 >2ms=60031 >5ms=60031 >15ms=16247 >20ms=7585 >30ms=4630 | probes=60585 wrfail=4 down=64s maxout=36s
1374.598  Q2CONN AA=b6e291ae CRCINIT=c4c618 hop=11 chan_count=37 map=ffffffff1f
1374.598  GAP connected interval=7500
1374.598  MTU err=0 mtu=23
1374.598  PHY tx=2 rx=2
1374.598  t=1442s RTT mean=0 min=0 max=0 n=0 to=0 | cancels=0(+0/s) seqbad=523 len_bad=0 disc=4(0x08) | tot_n=60031 tot_to=550 maxever=199864 >2ms=60031 >5ms=60031 >15ms=16247 >20ms=7585 >30ms=4630 | probes=60585 wrfail=4 down=65s maxout=36s
1374.598  discovery start (post-PHY +500ms) interval=7500 phy2m=1
1374.598  SUBSCRIBED, vh=14
1375.873  t=1443s RTT mean=12083 min=11175 max=19410 n=40 to=0 | cancels=0(+0/s) seqbad=523 len_bad=0 disc=4(0x08) | tot_n=60071 tot_to=550 maxever=199864 >2ms=60071 >5ms=60071 >15ms=16248 >20ms=7585 >30ms=4630 | probes=60626 wrfail=4 down=65s maxout=36s
1375.926  t=1444s RTT mean=12259 min=11910 max=26912 n=65 to=0 | cancels=0(+0/s) seqbad=523 len_bad=0 disc=4(0x08) | tot_n=60136 tot_to=550 maxever=199864 >2ms=60136 >5ms=60136 >15ms=16250 >20ms=7586 >30ms=4630 | probes=60691 wrfail=4 down=65s maxout=36s
1377.907  t=1445s RTT mean=12025 min=11910 max=19413 n=67 to=0 | cancels=0(+0/s) seqbad=523 len_bad=0 disc=4(0x08) | tot_n=60203 tot_to=550 maxever=199864 >2ms=60203 >5ms=60203 >15ms=16251 >20ms=7586 >30ms=4630 | probes=60757 wrfail=4 down=65s maxout=36s
1377.907  t=1446s RTT mean=12746 min=11910 max=19414 n=63 to=0 | cancels=0(+0/s) seqbad=523 len_bad=0 disc=4(0x08) | tot_n=60266 tot_to=550 maxever=199864 >2ms=60266 >5ms=60266 >15ms=16258 >20ms=7586 >30ms=4630 | probes=60821 wrfail=4 down=65s maxout=36s
1379.891  t=1447s RTT mean=12881 min=11909 max=26912 n=62 to=0 | cancels=0(+0/s) seqbad=523 len_bad=0 disc=4(0x08) | tot_n=60328 tot_to=550 maxever=199864 >2ms=60328 >5ms=60328 >15ms=16265 >20ms=7587 >30ms=4630 | probes=60883 wrfail=4 down=65s maxout=36s
1379.946  t=1448s RTT mean=12985 min=11911 max=26914 n=63 to=0 | cancels=0(+0/s) seqbad=523 len_bad=0 disc=4(0x08) | tot_n=60391 tot_to=550 maxever=199864 >2ms=60391 >5ms=60391 >15ms=16273 >20ms=7588 >30ms=4630 | probes=60945 wrfail=4 down=65s maxout=36s
1381.907  t=1449s RTT mean=12144 min=11466 max=19414 n=65 to=0 | cancels=0(+0/s) seqbad=523 len_bad=0 disc=4(0x08) | tot_n=60456 tot_to=550 maxever=199864 >2ms=60456 >5ms=60456 >15ms=16275 >20ms=7588 >30ms=4630 | probes=61011 wrfail=4 down=65s maxout=36s
1381.907  t=1450s RTT mean=12259 min=11910 max=19414 n=65 to=0 | cancels=0(+0/s) seqbad=523 len_bad=0 disc=4(0x08) | tot_n=60521 tot_to=550 maxever=199864 >2ms=60521 >5ms=60521 >15ms=16278 >20ms=7588 >30ms=4630 | probes=61076 wrfail=4 down=65s maxout=36s
1383.923  t=1451s RTT mean=12499 min=11468 max=19413 n=64 to=0 | cancels=0(+0/s) seqbad=523 len_bad=0 disc=4(0x08) | tot_n=60585 tot_to=550 maxever=199864 >2ms=60585 >5ms=60585 >15ms=16283 >20ms=7588 >30ms=4630 | probes=61140 wrfail=4 down=65s maxout=36s
1383.924  t=1452s RTT mean=12739 min=11909 max=26922 n=64 to=0 | cancels=0(+0/s) seqbad=523 len_bad=0 disc=4(0x08) | tot_n=60649 tot_to=550 maxever=199864 >2ms=60649 >5ms=60649 >15ms=16289 >20ms=7589 >30ms=4630 | probes=61204 wrfail=4 down=65s maxout=36s
1385.888  t=1453s RTT mean=13136 min=11527 max=19423 n=61 to=0 | cancels=0(+0/s) seqbad=523 len_bad=0 disc=4(0x08) | tot_n=60710 tot_to=550 maxever=199864 >2ms=60710 >5ms=60710 >15ms=16299 >20ms=7589 >30ms=4630 | probes=61265 wrfail=4 down=65s maxout=36s
1385.940  t=1454s RTT mean=12254 min=11806 max=19414 n=66 to=0 | cancels=0(+0/s) seqbad=523 len_bad=0 disc=4(0x08) | tot_n=60776 tot_to=550 maxever=199864 >2ms=60776 >5ms=60776 >15ms=16302 >20ms=7589 >30ms=4630 | probes=61330 wrfail=4 down=65s maxout=36s
1387.876  t=1455s RTT mean=12144 min=11911 max=19412 n=65 to=0 | cancels=0(+0/s) seqbad=523 len_bad=0 disc=4(0x08) | tot_n=60841 tot_to=550 maxever=199864 >2ms=60841 >5ms=60841 >15ms=16304 >20ms=7589 >30ms=4630 | probes=61396 wrfail=4 down=65s maxout=36s
1387.931  t=1456s RTT mean=12616 min=11911 max=26913 n=64 to=0 | cancels=0(+0/s) seqbad=523 len_bad=0 disc=4(0x08) | tot_n=60905 tot_to=550 maxever=199864 >2ms=60905 >5ms=60905 >15ms=16309 >20ms=7590 >30ms=4630 | probes=61460 wrfail=4 down=65s maxout=36s
1389.886  t=1457s RTT mean=12260 min=11910 max=19414 n=65 to=0 | cancels=0(+0/s) seqbad=523 len_bad=0 disc=4(0x08) | tot_n=60970 tot_to=550 maxever=199864 >2ms=60970 >5ms=60970 >15ms=16312 >20ms=7590 >30ms=4630 | probes=61525 wrfail=4 down=65s maxout=36s
1389.941  t=1458s RTT mean=12746 min=11910 max=26915 n=63 to=0 | cancels=0(+0/s) seqbad=523 len_bad=0 disc=4(0x08) | tot_n=61033 tot_to=550 maxever=199864 >2ms=61033 >5ms=61033 >15ms=16318 >20ms=7591 >30ms=4630 | probes=61588 wrfail=4 down=65s maxout=36s
1391.912  t=1459s RTT mean=12866 min=11910 max=19415 n=63 to=0 | cancels=0(+0/s) seqbad=523 len_bad=0 disc=4(0x08) | tot_n=61096 tot_to=550 maxever=199864 >2ms=61096 >5ms=61096 >15ms=16326 >20ms=7591 >30ms=4630 | probes=61651 wrfail=4 down=65s maxout=36s
1391.912  t=1460s RTT mean=12027 min=11910 max=19413 n=66 to=0 | cancels=0(+0/s) seqbad=523 len_bad=0 disc=4(0x08) | tot_n=61162 tot_to=550 maxever=199864 >2ms=61162 >5ms=61162 >15ms=16327 >20ms=7591 >30ms=4630 | probes=61717 wrfail=4 down=65s maxout=36s
1393.877  t=1461s RTT mean=12027 min=11910 max=19414 n=66 to=0 | cancels=0(+0/s) seqbad=523 len_bad=0 disc=4(0x08) | tot_n=61228 tot_to=550 maxever=199864 >2ms=61228 >5ms=61228 >15ms=16328 >20ms=7591 >30ms=4630 | probes=61783 wrfail=4 down=65s maxout=36s
1393.928  t=1462s RTT mean=12025 min=11526 max=19412 n=67 to=0 | cancels=0(+0/s) seqbad=523 len_bad=0 disc=4(0x08) | tot_n=61295 tot_to=550 maxever=199864 >2ms=61295 >5ms=61295 >15ms=16329 >20ms=7591 >30ms=4630 | probes=61849 wrfail=4 down=65s maxout=36s
1395.888  t=1463s RTT mean=11914 min=11910 max=11932 n=65 to=0 | cancels=0(+0/s) seqbad=523 len_bad=0 disc=4(0x08) | tot_n=61360 tot_to=550 maxever=199864 >2ms=61360 >5ms=61360 >15ms=16329 >20ms=7591 >30ms=4630 | probes=61915 wrfail=4 down=65s maxout=36s
1395.943  t=1464s RTT mean=12606 min=11469 max=26917 n=65 to=0 | cancels=0(+0/s) seqbad=523 len_bad=0 disc=4(0x08) | tot_n=61425 tot_to=550 maxever=199864 >2ms=61425 >5ms=61425 >15ms=16334 >20ms=7592 >30ms=4630 | probes=61980 wrfail=4 down=65s maxout=36s
1397.900  t=1465s RTT mean=12027 min=11911 max=19414 n=66 to=0 | cancels=0(+0/s) seqbad=523 len_bad=0 disc=4(0x08) | tot_n=61491 tot_to=550 maxever=199864 >2ms=61491 >5ms=61491 >15ms=16335 >20ms=7592 >30ms=4630 | probes=62046 wrfail=4 down=65s maxout=36s
1397.900  t=1466s RTT mean=12259 min=11910 max=19413 n=65 to=0 | cancels=0(+0/s) seqbad=523 len_bad=0 disc=4(0x08) | tot_n=61556 tot_to=550 maxever=199864 >2ms=61556 >5ms=61556 >15ms=16338 >20ms=7592 >30ms=4630 | probes=62111 wrfail=4 down=65s maxout=36s
1399.892  t=1467s RTT mean=12260 min=11469 max=19414 n=65 to=0 | cancels=0(+0/s) seqbad=523 len_bad=0 disc=4(0x08) | tot_n=61621 tot_to=550 maxever=199864 >2ms=61621 >5ms=61621 >15ms=16341 >20ms=7592 >30ms=4630 | probes=62176 wrfail=4 down=65s maxout=36s
1399.947  t=1468s RTT mean=12375 min=11910 max=19799 n=65 to=0 | cancels=0(+0/s) seqbad=523 len_bad=0 disc=4(0x08) | tot_n=61686 tot_to=550 maxever=199864 >2ms=61686 >5ms=61686 >15ms=16345 >20ms=7592 >30ms=4630 | probes=62241 wrfail=4 down=65s maxout=36s
1401.895  t=1469s RTT mean=12375 min=11910 max=26913 n=65 to=0 | cancels=0(+0/s) seqbad=523 len_bad=0 disc=4(0x08) | tot_n=61751 tot_to=550 maxever=199864 >2ms=61751 >5ms=61751 >15ms=16348 >20ms=7593 >30ms=4630 | probes=62306 wrfail=4 down=65s maxout=36s
1401.950  t=1470s RTT mean=12382 min=11910 max=26915 n=64 to=0 | cancels=0(+0/s) seqbad=523 len_bad=0 disc=4(0x08) | tot_n=61815 tot_to=550 maxever=199864 >2ms=61815 >5ms=61815 >15ms=16351 >20ms=7594 >30ms=4630 | probes=62370 wrfail=4 down=65s maxout=36s
1403.898  t=1471s RTT mean=12734 min=11799 max=19413 n=64 to=0 | cancels=0(+0/s) seqbad=523 len_bad=0 disc=4(0x08) | tot_n=61879 tot_to=550 maxever=199864 >2ms=61879 >5ms=61879 >15ms=16358 >20ms=7594 >30ms=4630 | probes=62433 wrfail=4 down=65s maxout=36s
1403.953  t=1472s RTT mean=12144 min=11466 max=26912 n=65 to=0 | cancels=0(+0/s) seqbad=523 len_bad=0 disc=4(0x08) | tot_n=61944 tot_to=550 maxever=199864 >2ms=61944 >5ms=61944 >15ms=16359 >20ms=7595 >30ms=4630 | probes=62499 wrfail=4 down=65s maxout=36s
1405.920  t=1473s RTT mean=12026 min=11469 max=19412 n=67 to=0 | cancels=0(+0/s) seqbad=523 len_bad=0 disc=4(0x08) | tot_n=62011 tot_to=550 maxever=199864 >2ms=62011 >5ms=62011 >15ms=16360 >20ms=7595 >30ms=4630 | probes=62565 wrfail=4 down=65s maxout=36s
1405.920  t=1474s RTT mean=11913 min=11466 max=12361 n=66 to=0 | cancels=0(+0/s) seqbad=523 len_bad=0 disc=4(0x08) | tot_n=62077 tot_to=550 maxever=199864 >2ms=62077 >5ms=62077 >15ms=16360 >20ms=7595 >30ms=4630 | probes=62632 wrfail=4 down=65s maxout=36s
1407.914  t=1475s RTT mean=13389 min=11912 max=34413 n=61 to=0 | cancels=0(+0/s) seqbad=523 len_bad=0 disc=4(0x08) | tot_n=62138 tot_to=550 maxever=199864 >2ms=62138 >5ms=62138 >15ms=16369 >20ms=7597 >30ms=4631 | probes=62693 wrfail=4 down=65s maxout=36s
1407.914  t=1476s RTT mean=13820 min=11913 max=41915 n=59 to=0 | cancels=0(+0/s) seqbad=523 len_bad=0 disc=4(0x08) | tot_n=62197 tot_to=550 maxever=199864 >2ms=62197 >5ms=62197 >15ms=16381 >20ms=7598 >30ms=4632 | probes=62752 wrfail=4 down=65s maxout=36s
1409.884  t=1477s RTT mean=13538 min=11913 max=26914 n=60 to=0 | cancels=0(+0/s) seqbad=523 len_bad=0 disc=4(0x08) | tot_n=62257 tot_to=550 maxever=199864 >2ms=62257 >5ms=62257 >15ms=16392 >20ms=7600 >30ms=4632 | probes=62812 wrfail=4 down=65s maxout=36s
1409.938  t=1478s RTT mean=13389 min=11910 max=34412 n=61 to=0 | cancels=0(+0/s) seqbad=523 len_bad=0 disc=4(0x08) | tot_n=62318 tot_to=550 maxever=199864 >2ms=62318 >5ms=62318 >15ms=16401 >20ms=7602 >30ms=4633 | probes=62873 wrfail=4 down=65s maxout=36s
1411.892  t=1479s RTT mean=13821 min=11527 max=34414 n=59 to=0 | cancels=0(+0/s) seqbad=523 len_bad=0 disc=4(0x08) | tot_n=62377 tot_to=550 maxever=199864 >2ms=62377 >5ms=62377 >15ms=16414 >20ms=7603 >30ms=4634 | probes=62932 wrfail=4 down=65s maxout=36s
1411.947  t=1480s RTT mean=14241 min=11910 max=26914 n=58 to=0 | cancels=0(+0/s) seqbad=523 len_bad=0 disc=4(0x08) | tot_n=62435 tot_to=550 maxever=199864 >2ms=62435 >5ms=62435 >15ms=16430 >20ms=7605 >30ms=4634 | probes=62990 wrfail=4 down=65s maxout=36s
1413.917  t=1481s RTT mean=14726 min=11467 max=34857 n=56 to=0 | cancels=0(+0/s) seqbad=523 len_bad=0 disc=4(0x08) | tot_n=62491 tot_to=550 maxever=199864 >2ms=62491 >5ms=62491 >15ms=16444 >20ms=7610 >30ms=4636 | probes=63046 wrfail=4 down=65s maxout=36s
1413.917  t=1482s RTT mean=14281 min=11467 max=42360 n=57 to=0 | cancels=0(+0/s) seqbad=523 len_bad=0 disc=4(0x08) | tot_n=62548 tot_to=550 maxever=199864 >2ms=62548 >5ms=62548 >15ms=16455 >20ms=7614 >30ms=4638 | probes=63103 wrfail=4 down=65s maxout=36s
1415.901  t=1483s RTT mean=15322 min=11910 max=34430 n=55 to=0 | cancels=0(+0/s) seqbad=523 len_bad=0 disc=4(0x08) | tot_n=62603 tot_to=550 maxever=199864 >2ms=62603 >5ms=62603 >15ms=16473 >20ms=7619 >30ms=4640 | probes=63158 wrfail=4 down=65s maxout=36s
1415.955  t=1484s RTT mean=14112 min=11910 max=34414 n=58 to=0 | cancels=0(+0/s) seqbad=523 len_bad=0 disc=4(0x08) | tot_n=62661 tot_to=550 maxever=199864 >2ms=62661 >5ms=62661 >15ms=16484 >20ms=7624 >30ms=4641 | probes=63216 wrfail=4 down=65s maxout=36s
1417.915  t=1485s RTT mean=14151 min=11913 max=34413 n=57 to=0 | cancels=0(+0/s) seqbad=523 len_bad=0 disc=4(0x08) | tot_n=62718 tot_to=550 maxever=199864 >2ms=62718 >5ms=62718 >15ms=16495 >20ms=7628 >30ms=4643 | probes=63273 wrfail=4 down=65s maxout=36s
1417.915  t=1486s RTT mean=14201 min=11909 max=34413 n=59 to=0 | cancels=0(+0/s) seqbad=523 len_bad=0 disc=4(0x08) | tot_n=62777 tot_to=550 maxever=199864 >2ms=62777 >5ms=62777 >15ms=16510 >20ms=7630 >30ms=4644 | probes=63332 wrfail=4 down=65s maxout=36s
1419.882  t=1487s RTT mean=14726 min=11911 max=41913 n=56 to=0 | cancels=0(+0/s) seqbad=523 len_bad=0 disc=4(0x08) | tot_n=62833 tot_to=550 maxever=199864 >2ms=62833 >5ms=62833 >15ms=16522 >20ms=7636 >30ms=4646 | probes=63388 wrfail=4 down=65s maxout=36s
1419.932  t=1488s RTT mean=13947 min=11470 max=26915 n=59 to=0 | cancels=0(+0/s) seqbad=523 len_bad=0 disc=4(0x08) | tot_n=62892 tot_to=550 maxever=199864 >2ms=62892 >5ms=62892 >15ms=16536 >20ms=7638 >30ms=4646 | probes=63446 wrfail=4 down=65s maxout=36s
1421.918  t=1489s RTT mean=13413 min=11910 max=26914 n=60 to=0 | cancels=0(+0/s) seqbad=523 len_bad=0 disc=4(0x08) | tot_n=62952 tot_to=550 maxever=199864 >2ms=62952 >5ms=62952 >15ms=16545 >20ms=7641 >30ms=4646 | probes=63507 wrfail=4 down=65s maxout=36s
1421.918  t=1490s RTT mean=12734 min=11910 max=34412 n=64 to=0 | cancels=0(+0/s) seqbad=523 len_bad=0 disc=4(0x08) | tot_n=63016 tot_to=550 maxever=199864 >2ms=63016 >5ms=63016 >15ms=16550 >20ms=7642 >30ms=4647 | probes=63570 wrfail=4 down=65s maxout=36s
1423.916  t=1491s RTT mean=12500 min=11910 max=19414 n=64 to=0 | cancels=0(+0/s) seqbad=523 len_bad=0 disc=4(0x08) | tot_n=63080 tot_to=550 maxever=199864 >2ms=63080 >5ms=63080 >15ms=16555 >20ms=7642 >30ms=4647 | probes=63635 wrfail=4 down=65s maxout=36s
1423.916  t=1492s RTT mean=13820 min=11909 max=34413 n=59 to=0 | cancels=0(+0/s) seqbad=523 len_bad=0 disc=4(0x08) | tot_n=63139 tot_to=550 maxever=199864 >2ms=63139 >5ms=63139 >15ms=16566 >20ms=7645 >30ms=4648 | probes=63694 wrfail=4 down=65s maxout=36s
1425.896  t=1493s RTT mean=13389 min=11911 max=26913 n=61 to=0 | cancels=0(+0/s) seqbad=523 len_bad=0 disc=4(0x08) | tot_n=63200 tot_to=550 maxever=199864 >2ms=63200 >5ms=63200 >15ms=16576 >20ms=7647 >30ms=4648 | probes=63754 wrfail=4 down=65s maxout=36s
1425.951  t=1494s RTT mean=12500 min=11910 max=26912 n=64 to=0 | cancels=0(+0/s) seqbad=523 len_bad=0 disc=4(0x08) | tot_n=63264 tot_to=550 maxever=199864 >2ms=63264 >5ms=63264 >15ms=16580 >20ms=7648 >30ms=4648 | probes=63819 wrfail=4 down=65s maxout=36s
1427.888  t=1495s RTT mean=13143 min=11912 max=26912 n=61 to=0 | cancels=0(+0/s) seqbad=523 len_bad=0 disc=4(0x08) | tot_n=63325 tot_to=550 maxever=199864 >2ms=63325 >5ms=63325 >15ms=16589 >20ms=7649 >30ms=4648 | probes=63880 wrfail=4 down=65s maxout=36s
1427.943  t=1496s RTT mean=13123 min=11911 max=19421 n=62 to=0 | cancels=0(+0/s) seqbad=523 len_bad=0 disc=4(0x08) | tot_n=63387 tot_to=550 maxever=199864 >2ms=63387 >5ms=63387 >15ms=16599 >20ms=7649 >30ms=4648 | probes=63942 wrfail=4 down=65s maxout=36s
1429.884  t=1497s RTT mean=14282 min=11910 max=41914 n=57 to=0 | cancels=0(+0/s) seqbad=523 len_bad=0 disc=4(0x08) | tot_n=63444 tot_to=550 maxever=199864 >2ms=63444 >5ms=63444 >15ms=16613 >20ms=7651 >30ms=4649 | probes=63999 wrfail=4 down=65s maxout=36s
1429.936  t=1498s RTT mean=14111 min=11468 max=34414 n=58 to=0 | cancels=0(+0/s) seqbad=523 len_bad=0 disc=4(0x08) | tot_n=63502 tot_to=550 maxever=199864 >2ms=63502 >5ms=63502 >15ms=16627 >20ms=7653 >30ms=4650 | probes=64057 wrfail=4 down=65s maxout=36s
1431.916  t=1499s RTT mean=12254 min=11469 max=19423 n=66 to=0 | cancels=0(+0/s) seqbad=523 len_bad=0 disc=4(0x08) | tot_n=63568 tot_to=550 maxever=199864 >2ms=63568 >5ms=63568 >15ms=16630 >20ms=7653 >30ms=4650 | probes=64123 wrfail=4 down=65s maxout=36s
1431.916  t=1500s RTT mean=12259 min=11469 max=19414 n=65 to=0 | cancels=0(+0/s) seqbad=523 len_bad=0 disc=4(0x08) | tot_n=63633 tot_to=550 maxever=199864 >2ms=63633 >5ms=63633 >15ms=16633 >20ms=7653 >30ms=4650 | probes=64188 wrfail=4 down=65s maxout=36s
1433.899  t=1501s RTT mean=12260 min=11912 max=19413 n=65 to=0 | cancels=0(+0/s) seqbad=523 len_bad=0 disc=4(0x08) | tot_n=63698 tot_to=550 maxever=199864 >2ms=63698 >5ms=63698 >15ms=16636 >20ms=7653 >30ms=4650 | probes=64253 wrfail=4 down=65s maxout=36s
1433.950  t=1502s RTT mean=12254 min=11910 max=19415 n=66 to=0 | cancels=0(+0/s) seqbad=523 len_bad=0 disc=4(0x08) | tot_n=63764 tot_to=550 maxever=199864 >2ms=63764 >5ms=63764 >15ms=16639 >20ms=7653 >30ms=4650 | probes=64318 wrfail=4 down=65s maxout=36s
1435.904  t=1503s RTT mean=12145 min=11468 max=19413 n=65 to=0 | cancels=0(+0/s) seqbad=523 len_bad=0 disc=4(0x08) | tot_n=63829 tot_to=550 maxever=199864 >2ms=63829 >5ms=63829 >15ms=16641 >20ms=7653 >30ms=4650 | probes=64384 wrfail=4 down=65s maxout=36s
1435.956  t=1504s RTT mean=12375 min=11469 max=19414 n=65 to=0 | cancels=0(+0/s) seqbad=523 len_bad=0 disc=4(0x08) | tot_n=63894 tot_to=550 maxever=199864 >2ms=63894 >5ms=63894 >15ms=16645 >20ms=7653 >30ms=4650 | probes=64449 wrfail=4 down=65s maxout=36s
1437.930  t=1505s RTT mean=12027 min=11910 max=19413 n=66 to=0 | cancels=0(+0/s) seqbad=523 len_bad=0 disc=4(0x08) | tot_n=63960 tot_to=550 maxever=199864 >2ms=63960 >5ms=63960 >15ms=16646 >20ms=7653 >30ms=4650 | probes=64515 wrfail=4 down=65s maxout=36s
1437.930  t=1506s RTT mean=11913 min=11469 max=12358 n=67 to=0 | cancels=0(+0/s) seqbad=523 len_bad=0 disc=4(0x08) | tot_n=64027 tot_to=550 maxever=199864 >2ms=64027 >5ms=64027 >15ms=16646 >20ms=7653 >30ms=4650 | probes=64582 wrfail=4 down=65s maxout=36s
1439.903  t=1507s RTT mean=12141 min=11910 max=19412 n=66 to=0 | cancels=0(+0/s) seqbad=523 len_bad=0 disc=4(0x08) | tot_n=64093 tot_to=550 maxever=199864 >2ms=64093 >5ms=64093 >15ms=16648 >20ms=7653 >30ms=4650 | probes=64647 wrfail=4 down=65s maxout=36s
1439.958  t=1508s RTT mean=12383 min=11466 max=19414 n=64 to=0 | cancels=0(+0/s) seqbad=523 len_bad=0 disc=4(0x08) | tot_n=64157 tot_to=550 maxever=199864 >2ms=64157 >5ms=64157 >15ms=16652 >20ms=7653 >30ms=4650 | probes=64712 wrfail=4 down=65s maxout=36s
1441.935  t=1509s RTT mean=13123 min=11911 max=26465 n=62 to=0 | cancels=0(+0/s) seqbad=523 len_bad=0 disc=4(0x08) | tot_n=64219 tot_to=550 maxever=199864 >2ms=64219 >5ms=64219 >15ms=16661 >20ms=7654 >30ms=4650 | probes=64774 wrfail=4 down=65s maxout=36s
1441.935  t=1510s RTT mean=13538 min=11469 max=26914 n=60 to=0 | cancels=0(+0/s) seqbad=523 len_bad=0 disc=4(0x08) | tot_n=64279 tot_to=550 maxever=199864 >2ms=64279 >5ms=64279 >15ms=16671 >20ms=7657 >30ms=4650 | probes=64834 wrfail=4 down=65s maxout=36s
1443.938  t=1511s RTT mean=14112 min=11469 max=34413 n=58 to=0 | cancels=0(+0/s) seqbad=523 len_bad=0 disc=4(0x08) | tot_n=64337 tot_to=550 maxever=199864 >2ms=64337 >5ms=64337 >15ms=16683 >20ms=7660 >30ms=4652 | probes=64892 wrfail=4 down=65s maxout=36s
1443.938  t=1512s RTT mean=13413 min=11910 max=26913 n=60 to=0 | cancels=0(+0/s) seqbad=523 len_bad=0 disc=4(0x08) | tot_n=64397 tot_to=550 maxever=199864 >2ms=64397 >5ms=64397 >15ms=16694 >20ms=7661 >30ms=4652 | probes=64952 wrfail=4 down=65s maxout=36s
1445.918  t=1513s RTT mean=14202 min=11912 max=26913 n=59 to=0 | cancels=0(+0/s) seqbad=523 len_bad=0 disc=4(0x08) | tot_n=64456 tot_to=550 maxever=199864 >2ms=64456 >5ms=64456 >15ms=16708 >20ms=7665 >30ms=4652 | probes=65010 wrfail=4 down=65s maxout=36s
1445.918  t=1514s RTT mean=13414 min=11910 max=26912 n=60 to=0 | cancels=0(+0/s) seqbad=523 len_bad=0 disc=4(0x08) | tot_n=64516 tot_to=550 maxever=199864 >2ms=64516 >5ms=64516 >15ms=16719 >20ms=7666 >30ms=4652 | probes=65071 wrfail=4 down=65s maxout=36s
1447.939  t=1515s RTT mean=13389 min=11911 max=19415 n=61 to=0 | cancels=0(+0/s) seqbad=523 len_bad=0 disc=4(0x08) | tot_n=64577 tot_to=550 maxever=199864 >2ms=64577 >5ms=64577 >15ms=16731 >20ms=7666 >30ms=4652 | probes=65132 wrfail=4 down=65s maxout=36s
1447.939  t=1516s RTT mean=13002 min=11526 max=26913 n=62 to=0 | cancels=0(+0/s) seqbad=523 len_bad=0 disc=4(0x08) | tot_n=64639 tot_to=550 maxever=199864 >2ms=64639 >5ms=64639 >15ms=16739 >20ms=7667 >30ms=4652 | probes=65194 wrfail=4 down=65s maxout=36s
1449.902  t=1517s RTT mean=12747 min=11911 max=26913 n=63 to=0 | cancels=0(+0/s) seqbad=523 len_bad=0 disc=4(0x08) | tot_n=64702 tot_to=550 maxever=199864 >2ms=64702 >5ms=64702 >15ms=16744 >20ms=7669 >30ms=4652 | probes=65257 wrfail=4 down=65s maxout=36s
1449.955  t=1518s RTT mean=12616 min=11911 max=19414 n=64 to=0 | cancels=0(+0/s) seqbad=523 len_bad=0 disc=4(0x08) | tot_n=64766 tot_to=550 maxever=199864 >2ms=64766 >5ms=64766 >15ms=16750 >20ms=7669 >30ms=4652 | probes=65321 wrfail=4 down=65s maxout=36s
1451.893  t=1519s RTT mean=12617 min=11526 max=26931 n=64 to=0 | cancels=0(+0/s) seqbad=523 len_bad=0 disc=4(0x08) | tot_n=64830 tot_to=550 maxever=199864 >2ms=64830 >5ms=64830 >15ms=16755 >20ms=7670 >30ms=4652 | probes=65384 wrfail=4 down=65s maxout=36s
1451.947  t=1520s RTT mean=13289 min=11911 max=26913 n=60 to=0 | cancels=0(+0/s) seqbad=523 len_bad=0 disc=4(0x08) | tot_n=64890 tot_to=550 maxever=199864 >2ms=64890 >5ms=64890 >15ms=16765 >20ms=7671 >30ms=4652 | probes=65445 wrfail=4 down=65s maxout=36s
1453.936  t=1521s RTT mean=14241 min=11911 max=34413 n=58 to=0 | cancels=0(+0/s) seqbad=523 len_bad=0 disc=4(0x08) | tot_n=64948 tot_to=550 maxever=199864 >2ms=64948 >5ms=64948 >15ms=16780 >20ms=7673 >30ms=4653 | probes=65503 wrfail=4 down=65s maxout=36s
1453.936  t=1522s RTT mean=12985 min=11912 max=26913 n=63 to=0 | cancels=0(+0/s) seqbad=523 len_bad=0 disc=4(0x08) | tot_n=65011 tot_to=550 maxever=199864 >2ms=65011 >5ms=65011 >15ms=16788 >20ms=7674 >30ms=4653 | probes=65565 wrfail=4 down=65s maxout=36s
1455.930  t=1523s RTT mean=13267 min=11911 max=19451 n=61 to=0 | cancels=0(+0/s) seqbad=523 len_bad=0 disc=4(0x08) | tot_n=65072 tot_to=550 maxever=199864 >2ms=65072 >5ms=65072 >15ms=16799 >20ms=7674 >30ms=4653 | probes=65627 wrfail=4 down=65s maxout=36s
1455.931  t=1524s RTT mean=13123 min=11910 max=19415 n=62 to=0 | cancels=0(+0/s) seqbad=523 len_bad=0 disc=4(0x08) | tot_n=65134 tot_to=550 maxever=199864 >2ms=65134 >5ms=65134 >15ms=16809 >20ms=7674 >30ms=4653 | probes=65688 wrfail=4 down=65s maxout=36s
1457.919  t=1525s RTT mean=13693 min=11911 max=34413 n=59 to=0 | cancels=0(+0/s) seqbad=523 len_bad=0 disc=4(0x08) | tot_n=65193 tot_to=550 maxever=199864 >2ms=65193 >5ms=65193 >15ms=16819 >20ms=7677 >30ms=4654 | probes=65748 wrfail=4 down=65s maxout=36s
1457.919  t=1526s RTT mean=13947 min=11910 max=49412 n=59 to=0 | cancels=0(+0/s) seqbad=523 len_bad=0 disc=4(0x08) | tot_n=65252 tot_to=550 maxever=199864 >2ms=65252 >5ms=65252 >15ms=16829 >20ms=7680 >30ms=4655 | probes=65807 wrfail=4 down=65s maxout=36s
1459.888  t=1527s RTT mean=12500 min=11910 max=19431 n=64 to=0 | cancels=0(+0/s) seqbad=523 len_bad=0 disc=4(0x08) | tot_n=65316 tot_to=550 maxever=199864 >2ms=65316 >5ms=65316 >15ms=16834 >20ms=7680 >30ms=4655 | probes=65871 wrfail=4 down=65s maxout=36s
1459.942  t=1528s RTT mean=12746 min=11911 max=19415 n=63 to=0 | cancels=0(+0/s) seqbad=523 len_bad=0 disc=4(0x08) | tot_n=65379 tot_to=550 maxever=199864 >2ms=65379 >5ms=65379 >15ms=16841 >20ms=7680 >30ms=4655 | probes=65934 wrfail=4 down=65s maxout=36s
1461.924  t=1529s RTT mean=13143 min=11911 max=26913 n=61 to=0 | cancels=0(+0/s) seqbad=523 len_bad=0 disc=4(0x08) | tot_n=65440 tot_to=550 maxever=199864 >2ms=65440 >5ms=65440 >15ms=16850 >20ms=7681 >30ms=4655 | probes=65995 wrfail=4 down=65s maxout=36s
1461.924  t=1530s RTT mean=13913 min=11910 max=26915 n=60 to=0 | cancels=0(+0/s) seqbad=523 len_bad=0 disc=4(0x08) | tot_n=65500 tot_to=550 maxever=199864 >2ms=65500 >5ms=65500 >15ms=16862 >20ms=7685 >30ms=4655 | probes=66054 wrfail=4 down=65s maxout=36s
1463.916  t=1531s RTT mean=13002 min=11527 max=26913 n=62 to=0 | cancels=0(+0/s) seqbad=523 len_bad=0 disc=4(0x08) | tot_n=65562 tot_to=550 maxever=199864 >2ms=65562 >5ms=65562 >15ms=16870 >20ms=7686 >30ms=4655 | probes=66117 wrfail=4 down=65s maxout=36s
1463.916  t=1532s RTT mean=12747 min=11910 max=26914 n=63 to=0 | cancels=0(+0/s) seqbad=523 len_bad=0 disc=4(0x08) | tot_n=65625 tot_to=550 maxever=199864 >2ms=65625 >5ms=65625 >15ms=16876 >20ms=7687 >30ms=4655 | probes=66180 wrfail=4 down=65s maxout=36s
1465.899  t=1533s RTT mean=13266 min=11911 max=26913 n=61 to=0 | cancels=0(+0/s) seqbad=523 len_bad=0 disc=4(0x08) | tot_n=65686 tot_to=550 maxever=199864 >2ms=65686 >5ms=65686 >15ms=16886 >20ms=7688 >30ms=4655 | probes=66241 wrfail=4 down=65s maxout=36s
1465.954  t=1534s RTT mean=13389 min=11525 max=26913 n=61 to=0 | cancels=0(+0/s) seqbad=523 len_bad=0 disc=4(0x08) | tot_n=65747 tot_to=550 maxever=199864 >2ms=65747 >5ms=65747 >15ms=16896 >20ms=7690 >30ms=4655 | probes=66302 wrfail=4 down=65s maxout=36s
1467.891  t=1535s RTT mean=12628 min=11911 max=19424 n=63 to=0 | cancels=0(+0/s) seqbad=523 len_bad=0 disc=4(0x08) | tot_n=65810 tot_to=550 maxever=199864 >2ms=65810 >5ms=65810 >15ms=16902 >20ms=7690 >30ms=4655 | probes=66365 wrfail=4 down=65s maxout=36s
1467.946  t=1536s RTT mean=13123 min=11911 max=26914 n=62 to=0 | cancels=0(+0/s) seqbad=523 len_bad=0 disc=4(0x08) | tot_n=65872 tot_to=550 maxever=199864 >2ms=65872 >5ms=65872 >15ms=16911 >20ms=7691 >30ms=4655 | probes=66427 wrfail=4 down=65s maxout=36s
1469.926  t=1537s RTT mean=13389 min=11527 max=19415 n=61 to=0 | cancels=0(+0/s) seqbad=523 len_bad=0 disc=4(0x08) | tot_n=65933 tot_to=550 maxever=199864 >2ms=65933 >5ms=65933 >15ms=16923 >20ms=7691 >30ms=4655 | probes=66488 wrfail=4 down=65s maxout=36s
1469.926  t=1538s RTT mean=13266 min=11910 max=26913 n=61 to=0 | cancels=0(+0/s) seqbad=523 len_bad=0 disc=4(0x08) | tot_n=65994 tot_to=550 maxever=199864 >2ms=65994 >5ms=65994 >15ms=16932 >20ms=7693 >30ms=4655 | probes=66549 wrfail=4 down=65s maxout=36s
1471.894  t=1539s RTT mean=12866 min=11467 max=19861 n=63 to=0 | cancels=0(+0/s) seqbad=523 len_bad=0 disc=4(0x08) | tot_n=66057 tot_to=550 maxever=199864 >2ms=66057 >5ms=66057 >15ms=16940 >20ms=7693 >30ms=4655 | probes=66611 wrfail=4 down=65s maxout=36s
1471.949  t=1540s RTT mean=13412 min=11839 max=26912 n=60 to=0 | cancels=0(+0/s) seqbad=523 len_bad=0 disc=4(0x08) | tot_n=66117 tot_to=550 maxever=199864 >2ms=66117 >5ms=66117 >15ms=16951 >20ms=7694 >30ms=4655 | probes=66672 wrfail=4 down=65s maxout=36s
1473.901  t=1541s RTT mean=13789 min=11912 max=26914 n=60 to=0 | cancels=0(+0/s) seqbad=523 len_bad=0 disc=4(0x08) | tot_n=66177 tot_to=550 maxever=199864 >2ms=66177 >5ms=66177 >15ms=16962 >20ms=7698 >30ms=4655 | probes=66731 wrfail=4 down=65s maxout=36s
1473.954  t=1542s RTT mean=14591 min=11907 max=34413 n=56 to=0 | cancels=0(+0/s) seqbad=523 len_bad=0 disc=4(0x08) | tot_n=66233 tot_to=550 maxever=199864 >2ms=66233 >5ms=66233 >15ms=16976 >20ms=7703 >30ms=4656 | probes=66788 wrfail=4 down=65s maxout=36s
1475.894  t=1543s RTT mean=14241 min=11526 max=34412 n=58 to=0 | cancels=0(+0/s) seqbad=523 len_bad=0 disc=4(0x08) | tot_n=66291 tot_to=550 maxever=199864 >2ms=66291 >5ms=66291 >15ms=16990 >20ms=7706 >30ms=4657 | probes=66846 wrfail=4 down=65s maxout=36s
1475.945  t=1544s RTT mean=13663 min=11912 max=26914 n=60 to=0 | cancels=0(+0/s) seqbad=523 len_bad=0 disc=4(0x08) | tot_n=66351 tot_to=550 maxever=199864 >2ms=66351 >5ms=66351 >15ms=17003 >20ms=7707 >30ms=4657 | probes=66905 wrfail=4 down=65s maxout=36s
1477.905  t=1545s RTT mean=13266 min=11910 max=34410 n=61 to=0 | cancels=0(+0/s) seqbad=523 len_bad=0 disc=4(0x08) | tot_n=66412 tot_to=550 maxever=199864 >2ms=66412 >5ms=66412 >15ms=17011 >20ms=7709 >30ms=4658 | probes=66967 wrfail=4 down=65s maxout=36s
1477.960  t=1546s RTT mean=13982 min=11468 max=49413 n=58 to=0 | cancels=0(+0/s) seqbad=523 len_bad=0 disc=4(0x08) | tot_n=66470 tot_to=550 maxever=199864 >2ms=66470 >5ms=66470 >15ms=17021 >20ms=7712 >30ms=4659 | probes=67025 wrfail=4 down=65s maxout=36s
1479.938  t=1547s RTT mean=14075 min=11911 max=26914 n=59 to=0 | cancels=0(+0/s) seqbad=523 len_bad=0 disc=4(0x08) | tot_n=66529 tot_to=550 maxever=199864 >2ms=66529 >5ms=66529 >15ms=17036 >20ms=7714 >30ms=4659 | probes=67083 wrfail=4 down=65s maxout=36s
1479.938  t=1548s RTT mean=14281 min=11910 max=34413 n=57 to=0 | cancels=0(+0/s) seqbad=523 len_bad=0 disc=4(0x08) | tot_n=66586 tot_to=550 maxever=199864 >2ms=66586 >5ms=66586 >15ms=17050 >20ms=7717 >30ms=4660 | probes=67141 wrfail=4 down=65s maxout=36s
1481.909  t=1549s RTT mean=13002 min=11910 max=19423 n=62 to=0 | cancels=0(+0/s) seqbad=523 len_bad=0 disc=4(0x08) | tot_n=66648 tot_to=550 maxever=199864 >2ms=66648 >5ms=66648 >15ms=17059 >20ms=7717 >30ms=4660 | probes=67203 wrfail=4 down=65s maxout=36s
1481.965  t=1550s RTT mean=12616 min=11527 max=26912 n=64 to=0 | cancels=0(+0/s) seqbad=523 len_bad=0 disc=4(0x08) | tot_n=66712 tot_to=550 maxever=199864 >2ms=66712 >5ms=66712 >15ms=17064 >20ms=7718 >30ms=4660 | probes=67267 wrfail=4 down=65s maxout=36s
1483.911  t=1551s RTT mean=13820 min=11911 max=26914 n=59 to=0 | cancels=0(+0/s) seqbad=523 len_bad=0 disc=4(0x08) | tot_n=66771 tot_to=550 maxever=199864 >2ms=66771 >5ms=66771 >15ms=17077 >20ms=7720 >30ms=4660 | probes=67326 wrfail=4 down=65s maxout=36s
1483.967  t=1552s RTT mean=13663 min=11911 max=34413 n=60 to=0 | cancels=0(+0/s) seqbad=523 len_bad=0 disc=4(0x08) | tot_n=66831 tot_to=550 maxever=199864 >2ms=66831 >5ms=66831 >15ms=17088 >20ms=7722 >30ms=4661 | probes=67386 wrfail=4 down=65s maxout=36s
1485.914  t=1553s RTT mean=12747 min=11911 max=19414 n=63 to=0 | cancels=0(+0/s) seqbad=523 len_bad=0 disc=4(0x08) | tot_n=66894 tot_to=550 maxever=199864 >2ms=66894 >5ms=66894 >15ms=17095 >20ms=7722 >30ms=4661 | probes=67449 wrfail=4 down=65s maxout=36s
1485.914  t=1554s RTT mean=13265 min=11910 max=26922 n=61 to=0 | cancels=0(+0/s) seqbad=523 len_bad=0 disc=4(0x08) | tot_n=66955 tot_to=550 maxever=199864 >2ms=66955 >5ms=66955 >15ms=17105 >20ms=7723 >30ms=4661 | probes=67510 wrfail=4 down=65s maxout=36s
1487.912  t=1555s RTT mean=13789 min=11910 max=34413 n=60 to=0 | cancels=0(+0/s) seqbad=523 len_bad=0 disc=4(0x08) | tot_n=67015 tot_to=550 maxever=199864 >2ms=67015 >5ms=67015 >15ms=17117 >20ms=7725 >30ms=4662 | probes=67569 wrfail=4 down=65s maxout=36s
1487.964  t=1556s RTT mean=13413 min=11911 max=41913 n=60 to=0 | cancels=0(+0/s) seqbad=523 len_bad=0 disc=4(0x08) | tot_n=67075 tot_to=550 maxever=199864 >2ms=67075 >5ms=67075 >15ms=17126 >20ms=7726 >30ms=4663 | probes=67630 wrfail=4 down=65s maxout=36s
1489.915  t=1557s RTT mean=13820 min=11910 max=34415 n=59 to=0 | cancels=0(+0/s) seqbad=523 len_bad=0 disc=4(0x08) | tot_n=67134 tot_to=550 maxever=199864 >2ms=67134 >5ms=67134 >15ms=17138 >20ms=7728 >30ms=4664 | probes=67689 wrfail=4 down=65s maxout=36s
1489.915  t=1558s RTT mean=13788 min=11910 max=34413 n=60 to=0 | cancels=0(+0/s) seqbad=523 len_bad=0 disc=4(0x08) | tot_n=67194 tot_to=550 maxever=199864 >2ms=67194 >5ms=67194 >15ms=17149 >20ms=7731 >30ms=4665 | probes=67748 wrfail=4 down=65s maxout=36s
1491.939  t=1559s RTT mean=12628 min=11910 max=26913 n=63 to=0 | cancels=0(+0/s) seqbad=523 len_bad=0 disc=4(0x08) | tot_n=67257 tot_to=550 maxever=199864 >2ms=67257 >5ms=67257 >15ms=17154 >20ms=7732 >30ms=4665 | probes=67812 wrfail=4 down=65s maxout=36s
1491.939  t=1560s RTT mean=12499 min=11911 max=34415 n=64 to=0 | cancels=0(+0/s) seqbad=523 len_bad=0 disc=4(0x08) | tot_n=67321 tot_to=550 maxever=199864 >2ms=67321 >5ms=67321 >15ms=17157 >20ms=7733 >30ms=4666 | probes=67876 wrfail=4 down=65s maxout=36s
1493.935  t=1561s RTT mean=12141 min=11911 max=19413 n=66 to=0 | cancels=0(+0/s) seqbad=523 len_bad=0 disc=4(0x08) | tot_n=67387 tot_to=550 maxever=199864 >2ms=67387 >5ms=67387 >15ms=17159 >20ms=7733 >30ms=4666 | probes=67942 wrfail=4 down=65s maxout=36s
1493.935  t=1562s RTT mean=12027 min=11466 max=19413 n=66 to=0 | cancels=0(+0/s) seqbad=523 len_bad=0 disc=4(0x08) | tot_n=67453 tot_to=550 maxever=199864 >2ms=67453 >5ms=67453 >15ms=17160 >20ms=7733 >30ms=4666 | probes=68008 wrfail=4 down=65s maxout=36s
1495.904  t=1563s RTT mean=12027 min=11910 max=19412 n=66 to=0 | cancels=0(+0/s) seqbad=523 len_bad=0 disc=4(0x08) | tot_n=67519 tot_to=550 maxever=199864 >2ms=67519 >5ms=67519 >15ms=17161 >20ms=7733 >30ms=4666 | probes=68074 wrfail=4 down=65s maxout=36s
1495.958  t=1564s RTT mean=12254 min=11911 max=19414 n=66 to=0 | cancels=0(+0/s) seqbad=523 len_bad=0 disc=4(0x08) | tot_n=67585 tot_to=550 maxever=199864 >2ms=67585 >5ms=67585 >15ms=17164 >20ms=7733 >30ms=4666 | probes=68139 wrfail=4 down=65s maxout=36s
1497.916  t=1565s RTT mean=12747 min=11910 max=26913 n=63 to=0 | cancels=0(+0/s) seqbad=523 len_bad=0 disc=4(0x08) | tot_n=67648 tot_to=550 maxever=199864 >2ms=67648 >5ms=67648 >15ms=17169 >20ms=7735 >30ms=4666 | probes=68203 wrfail=4 down=65s maxout=36s
1497.916  t=1566s RTT mean=13142 min=11910 max=26914 n=61 to=0 | cancels=0(+0/s) seqbad=523 len_bad=0 disc=4(0x08) | tot_n=67709 tot_to=550 maxever=199864 >2ms=67709 >5ms=67709 >15ms=17178 >20ms=7736 >30ms=4666 | probes=68264 wrfail=4 down=65s maxout=36s
1499.931  t=1567s RTT mean=13663 min=11535 max=26913 n=60 to=0 | cancels=0(+0/s) seqbad=523 len_bad=0 disc=4(0x08) | tot_n=67769 tot_to=550 maxever=199864 >2ms=67769 >5ms=67769 >15ms=17190 >20ms=7738 >30ms=4666 | probes=68324 wrfail=4 down=65s maxout=36s
1499.931  t=1568s RTT mean=13663 min=11911 max=26913 n=60 to=0 | cancels=0(+0/s) seqbad=523 len_bad=0 disc=4(0x08) | tot_n=67829 tot_to=550 maxever=199864 >2ms=67829 >5ms=67829 >15ms=17200 >20ms=7742 >30ms=4666 | probes=68384 wrfail=4 down=65s maxout=36s
1501.938  t=1569s RTT mean=13820 min=11526 max=26923 n=59 to=0 | cancels=0(+0/s) seqbad=523 len_bad=0 disc=4(0x08) | tot_n=67888 tot_to=550 maxever=199864 >2ms=67888 >5ms=67888 >15ms=17213 >20ms=7744 >30ms=4666 | probes=68443 wrfail=4 down=65s maxout=36s
1501.938  t=1570s RTT mean=14111 min=11527 max=26914 n=58 to=0 | cancels=0(+0/s) seqbad=523 len_bad=0 disc=4(0x08) | tot_n=67946 tot_to=550 maxever=199864 >2ms=67946 >5ms=67946 >15ms=17227 >20ms=7747 >30ms=4666 | probes=68501 wrfail=4 down=65s maxout=36s
1503.929  t=1571s RTT mean=12747 min=11526 max=26913 n=63 to=0 | cancels=0(+0/s) seqbad=523 len_bad=0 disc=4(0x08) | tot_n=68009 tot_to=550 maxever=199864 >2ms=68009 >5ms=68009 >15ms=17232 >20ms=7749 >30ms=4666 | probes=68564 wrfail=4 down=65s maxout=36s
1503.929  t=1572s RTT mean=12254 min=11468 max=19414 n=66 to=0 | cancels=0(+0/s) seqbad=523 len_bad=0 disc=4(0x08) | tot_n=68075 tot_to=550 maxever=199864 >2ms=68075 >5ms=68075 >15ms=17235 >20ms=7749 >30ms=4666 | probes=68629 wrfail=4 down=65s maxout=36s
1505.895  t=1573s RTT mean=12881 min=11468 max=19413 n=62 to=0 | cancels=0(+0/s) seqbad=523 len_bad=0 disc=4(0x08) | tot_n=68137 tot_to=550 maxever=199864 >2ms=68137 >5ms=68137 >15ms=17243 >20ms=7749 >30ms=4666 | probes=68692 wrfail=4 down=65s maxout=36s
1505.950  t=1574s RTT mean=12260 min=11469 max=19414 n=65 to=0 | cancels=0(+0/s) seqbad=523 len_bad=0 disc=4(0x08) | tot_n=68202 tot_to=550 maxever=199864 >2ms=68202 >5ms=68202 >15ms=17246 >20ms=7749 >30ms=4666 | probes=68757 wrfail=4 down=65s maxout=36s
1507.898  t=1575s RTT mean=12141 min=11911 max=19424 n=66 to=0 | cancels=0(+0/s) seqbad=523 len_bad=0 disc=4(0x08) | tot_n=68268 tot_to=550 maxever=199864 >2ms=68268 >5ms=68268 >15ms=17248 >20ms=7749 >30ms=4666 | probes=68823 wrfail=4 down=65s maxout=36s
1507.951  t=1576s RTT mean=12499 min=11468 max=19859 n=64 to=0 | cancels=0(+0/s) seqbad=523 len_bad=0 disc=4(0x08) | tot_n=68332 tot_to=550 maxever=199864 >2ms=68332 >5ms=68332 >15ms=17253 >20ms=7749 >30ms=4666 | probes=68887 wrfail=4 down=65s maxout=36s
1509.900  t=1577s RTT mean=13820 min=11910 max=26913 n=59 to=0 | cancels=0(+0/s) seqbad=523 len_bad=0 disc=4(0x08) | tot_n=68391 tot_to=550 maxever=199864 >2ms=68391 >5ms=68391 >15ms=17267 >20ms=7750 >30ms=4666 | probes=68946 wrfail=4 down=65s maxout=36s
1509.951  t=1578s RTT mean=14545 min=11910 max=26914 n=57 to=0 | cancels=0(+0/s) seqbad=523 len_bad=0 disc=4(0x08) | tot_n=68448 tot_to=550 maxever=199864 >2ms=68448 >5ms=68448 >15ms=17285 >20ms=7752 >30ms=4666 | probes=69003 wrfail=4 down=65s maxout=36s
1511.908  t=1579s RTT mean=13538 min=11910 max=26913 n=60 to=0 | cancels=0(+0/s) seqbad=523 len_bad=0 disc=4(0x08) | tot_n=68508 tot_to=550 maxever=199864 >2ms=68508 >5ms=68508 >15ms=17297 >20ms=7753 >30ms=4666 | probes=69063 wrfail=4 down=65s maxout=36s
1511.960  t=1580s RTT mean=14592 min=11912 max=26915 n=56 to=0 | cancels=0(+0/s) seqbad=523 len_bad=0 disc=4(0x08) | tot_n=68564 tot_to=550 maxever=199864 >2ms=68564 >5ms=68564 >15ms=17314 >20ms=7756 >30ms=4666 | probes=69119 wrfail=4 down=65s maxout=36s
1513.911  t=1581s RTT mean=14201 min=11910 max=34413 n=59 to=0 | cancels=0(+0/s) seqbad=523 len_bad=0 disc=4(0x08) | tot_n=68623 tot_to=550 maxever=199864 >2ms=68623 >5ms=68623 >15ms=17328 >20ms=7759 >30ms=4667 | probes=69177 wrfail=4 down=65s maxout=36s
1513.961  t=1582s RTT mean=13820 min=11469 max=26914 n=59 to=0 | cancels=0(+0/s) seqbad=523 len_bad=0 disc=4(0x08) | tot_n=68682 tot_to=550 maxever=199864 >2ms=68682 >5ms=68682 >15ms=17340 >20ms=7762 >30ms=4667 | probes=69237 wrfail=4 down=65s maxout=36s
1515.927  t=1583s RTT mean=14282 min=11911 max=26913 n=57 to=0 | cancels=0(+0/s) seqbad=523 len_bad=0 disc=4(0x08) | tot_n=68739 tot_to=550 maxever=199864 >2ms=68739 >5ms=68739 >15ms=17356 >20ms=7764 >30ms=4667 | probes=69294 wrfail=4 down=65s maxout=36s
1515.927  t=1584s RTT mean=16240 min=11912 max=34415 n=52 to=0 | cancels=0(+0/s) seqbad=523 len_bad=0 disc=4(0x08) | tot_n=68791 tot_to=550 maxever=199864 >2ms=68791 >5ms=68791 >15ms=17376 >20ms=7771 >30ms=4670 | probes=69346 wrfail=4 down=65s maxout=36s
1517.904  t=1585s RTT mean=14413 min=11910 max=34412 n=57 to=0 | cancels=0(+0/s) seqbad=523 len_bad=0 disc=4(0x08) | tot_n=68848 tot_to=550 maxever=199864 >2ms=68848 >5ms=68848 >15ms=17391 >20ms=7774 >30ms=4671 | probes=69403 wrfail=4 down=65s maxout=36s
1517.957  t=1586s RTT mean=13389 min=11910 max=26912 n=61 to=0 | cancels=0(+0/s) seqbad=523 len_bad=0 disc=4(0x08) | tot_n=68909 tot_to=550 maxever=199864 >2ms=68909 >5ms=68909 >15ms=17402 >20ms=7775 >30ms=4671 | probes=69464 wrfail=4 down=65s maxout=36s
1519.919  t=1587s RTT mean=14112 min=11910 max=34411 n=58 to=0 | cancels=0(+0/s) seqbad=523 len_bad=0 disc=4(0x08) | tot_n=68967 tot_to=550 maxever=199864 >2ms=68967 >5ms=68967 >15ms=17415 >20ms=7778 >30ms=4672 | probes=69522 wrfail=4 down=65s maxout=36s
1519.920  t=1588s RTT mean=14545 min=11911 max=34414 n=57 to=0 | cancels=0(+0/s) seqbad=523 len_bad=0 disc=4(0x08) | tot_n=69024 tot_to=550 maxever=199864 >2ms=69024 >5ms=69024 >15ms=17428 >20ms=7782 >30ms=4675 | probes=69579 wrfail=4 down=65s maxout=36s
1521.909  t=1589s RTT mean=15050 min=11911 max=34414 n=55 to=0 | cancels=0(+0/s) seqbad=523 len_bad=0 disc=4(0x08) | tot_n=69079 tot_to=550 maxever=199864 >2ms=69079 >5ms=69079 >15ms=17447 >20ms=7785 >30ms=4676 | probes=69634 wrfail=4 down=65s maxout=36s
1521.961  t=1590s RTT mean=14545 min=11909 max=26913 n=57 to=0 | cancels=0(+0/s) seqbad=523 len_bad=0 disc=4(0x08) | tot_n=69136 tot_to=550 maxever=199864 >2ms=69136 >5ms=69136 >15ms=17465 >20ms=7787 >30ms=4676 | probes=69691 wrfail=4 down=65s maxout=36s
1523.924  t=1591s RTT mean=13693 min=11911 max=26913 n=59 to=0 | cancels=0(+0/s) seqbad=523 len_bad=0 disc=4(0x08) | tot_n=69195 tot_to=550 maxever=199864 >2ms=69195 >5ms=69195 >15ms=17478 >20ms=7788 >30ms=4676 | probes=69750 wrfail=4 down=65s maxout=36s
1523.924  t=1592s RTT mean=12866 min=11522 max=26913 n=63 to=0 | cancels=0(+0/s) seqbad=523 len_bad=0 disc=4(0x08) | tot_n=69258 tot_to=550 maxever=199864 >2ms=69258 >5ms=69258 >15ms=17485 >20ms=7789 >30ms=4676 | probes=69813 wrfail=4 down=65s maxout=36s
