   1.848  t=1s RTT mean=0 min=0 max=0 n=0 to=0 | cancels=0(+0/s) seqbad=0 len_bad=0 disc=0(0x00) | tot_n=0 tot_to=0 maxever=0 >2ms=0 >5ms=0 >15ms=0 >20ms=0 >30ms=0 | probes=0 wrfail=0 down=1s maxout=1s
   1.848  GAP connected interval=7500
   1.848  MTU err=0 mtu=247
   1.908  PHY tx=2 rx=2
   1.908  t=2s RTT mean=0 min=0 max=0 n=0 to=0 | cancels=0(+0/s) seqbad=0 len_bad=0 disc=0(0x00) | tot_n=0 tot_to=0 maxever=0 >2ms=0 >5ms=0 >15ms=0 >20ms=0 >30ms=0 | probes=0 wrfail=0 down=2s maxout=2s
   2.075  *** Booting nRF Connect SDK v3.4.0-99553055607b ***
   2.075  *** Using Zephyr OS v4.4.0-bf801e4e3d19 ***
   2.075  [00:39:22.443,233] [0m<inf> bt_sdc_hci_driver: SoftDevice Controller build revision:
   2.075                                              c8 da 30 98 f9 f0 34 a4  4b 6e ba d3 08 19 cc 0c |..0...4. Kn......
   2.075                                              ea 51 da 47                                      |.Q.G             [0m
   2.075  [00:39:22.444,482] [0m<inf> bt_hci_core: HW Platform: Nordic Semiconductor (0x0002)[0m
   2.075  [00:39:22.444,494] [0m<inf> bt_hci_core: HW Variant: nRF54Lx (0x0005)[0m
   2.135  [00:39:22.444,506] [0m<inf> bt_hci_core: Firmware: Standard Bluetooth controller (0x00) Version 200.12506 Build 888207768[0m
   2.135  [00:39:22.444,916] [0m<inf> bt_hci_core: HCI transport: SDC[0m
   2.135  [00:39:22.444,964] [0m<inf> bt_hci_core: Identity: FC:BE:FF:FA:E6:8B (random)[0m
   2.135  [00:39:22.444,980] [0m<inf> bt_hci_core: HCI: version 6.3 (0x11) revision 0x3039, manufacturer 0x0059[0m
   2.135  [00:39:22.444,995] [0m<inf> bt_hci_core: LMP: version 6.3 (0x11) subver 0x3039[0m
   2.136  
   2.136  === nRF54L15 RTT ping-pong CENTRAL ===
   2.136  scan rc=0
   4.085  t=1s RTT mean=0 min=0 max=0 n=0 to=0 | cancels=0(+0/s) seqbad=0 len_bad=0 disc=0(0x00) | tot_n=0 tot_to=0 maxever=0 >2ms=0 >5ms=0 >15ms=0 >20ms=0 >30ms=0 | probes=0 wrfail=0 down=1s maxout=1s
   4.085  t=2s RTT mean=0 min=0 max=0 n=0 to=0 | cancels=0(+0/s) seqbad=0 len_bad=0 disc=0(0x00) | tot_n=0 tot_to=0 maxever=0 >2ms=0 >5ms=0 >15ms=0 >20ms=0 >30ms=0 | probes=0 wrfail=0 down=2s maxout=2s
   6.054  t=3s RTT mean=0 min=0 max=0 n=0 to=0 | cancels=0(+0/s) seqbad=0 len_bad=0 disc=0(0x00) | tot_n=0 tot_to=0 maxever=0 >2ms=0 >5ms=0 >15ms=0 >20ms=0 >30ms=0 | probes=0 wrfail=0 down=3s maxout=3s
   6.054  t=4s RTT mean=0 min=0 max=0 n=0 to=0 | cancels=0(+0/s) seqbad=0 len_bad=0 disc=0(0x00) | tot_n=0 tot_to=0 maxever=0 >2ms=0 >5ms=0 >15ms=0 >20ms=0 >30ms=0 | probes=0 wrfail=0 down=4s maxout=4s
   7.133  GAP connected interval=7500
   7.133  MTU err=0 mtu=247
   7.133  PHY tx=2 rx=2
   7.133  discovery start (post-PHY +500ms) interval=7500 phy2m=1
   7.133  SUBSCRIBED, vh=18
   7.133  LOADRAMP: bulk char handle=21
   7.133  LOADRAMP: target=0 KBps for 60s
   7.133  t=5s RTT mean=12635 min=11375 max=19393 n=15 to=0 | cancels=0(+0/s) seqbad=0 len_bad=0 disc=0(0x00) | tot_n=15 tot_to=0 maxever=19393 >2ms=15 >5ms=15 >15ms=2 >20ms=0 >30ms=0 | probes=16 wrfail=0 down=4s maxout=4s
   9.040  t=6s RTT mean=12373 min=11464 max=19413 n=65 to=0 | cancels=0(+0/s) seqbad=0 len_bad=0 disc=0(0x00) | tot_n=80 tot_to=0 maxever=19413 >2ms=80 >5ms=80 >15ms=6 >20ms=0 >30ms=0 | probes=81 wrfail=0 down=4s maxout=4s
   9.091  t=7s RTT mean=12498 min=11909 max=26912 n=64 to=0 | cancels=0(+0/s) seqbad=0 len_bad=0 disc=0(0x00) | tot_n=144 tot_to=0 maxever=26912 >2ms=144 >5ms=144 >15ms=10 >20ms=1 >30ms=0 | probes=145 wrfail=0 down=4s maxout=4s
  11.046  t=8s RTT mean=12139 min=11902 max=19411 n=66 to=0 | cancels=0(+0/s) seqbad=0 len_bad=0 disc=0(0x00) | tot_n=210 tot_to=0 maxever=26912 >2ms=210 >5ms=210 >15ms=12 >20ms=1 >30ms=0 | probes=210 wrfail=0 down=4s maxout=4s
  11.104  t=9s RTT mean=12626 min=11464 max=26919 n=63 to=0 | cancels=0(+0/s) seqbad=0 len_bad=0 disc=0(0x00) | tot_n=273 tot_to=0 maxever=26919 >2ms=273 >5ms=273 >15ms=17 >20ms=2 >30ms=0 | probes=274 wrfail=0 down=4s maxout=4s
  13.043  t=10s RTT mean=12374 min=11464 max=26914 n=65 to=0 | cancels=0(+0/s) seqbad=0 len_bad=0 disc=0(0x00) | tot_n=338 tot_to=0 maxever=26919 >2ms=338 >5ms=338 >15ms=20 >20ms=3 >30ms=0 | probes=339 wrfail=0 down=4s maxout=4s
  13.101  t=11s RTT mean=12615 min=11462 max=26460 n=64 to=0 | cancels=0(+0/s) seqbad=0 len_bad=0 disc=0(0x00) | tot_n=402 tot_to=0 maxever=26919 >2ms=402 >5ms=402 >15ms=25 >20ms=4 >30ms=0 | probes=403 wrfail=0 down=4s maxout=4s
  15.071  t=12s RTT mean=12498 min=11464 max=19419 n=64 to=0 | cancels=0(+0/s) seqbad=0 len_bad=0 disc=0(0x00) | tot_n=466 tot_to=0 maxever=26919 >2ms=466 >5ms=466 >15ms=30 >20ms=4 >30ms=0 | probes=467 wrfail=0 down=4s maxout=4s
  15.071  t=13s RTT mean=12139 min=11909 max=19412 n=66 to=0 | cancels=0(+0/s) seqbad=0 len_bad=0 disc=0(0x00) | tot_n=532 tot_to=0 maxever=26919 >2ms=532 >5ms=532 >15ms=32 >20ms=4 >30ms=0 | probes=532 wrfail=0 down=4s maxout=4s
  17.048  t=14s RTT mean=12143 min=11463 max=19434 n=65 to=0 | cancels=0(+0/s) seqbad=0 len_bad=0 disc=0(0x00) | tot_n=597 tot_to=0 maxever=26919 >2ms=597 >5ms=597 >15ms=34 >20ms=4 >30ms=0 | probes=598 wrfail=0 down=4s maxout=4s
  17.099  t=15s RTT mean=12622 min=11909 max=19417 n=64 to=0 | cancels=0(+0/s) seqbad=0 len_bad=0 disc=0(0x00) | tot_n=661 tot_to=0 maxever=26919 >2ms=661 >5ms=661 >15ms=40 >20ms=4 >30ms=0 | probes=662 wrfail=0 down=4s maxout=4s
  19.041  t=16s RTT mean=12132 min=11477 max=19408 n=66 to=0 | cancels=0(+0/s) seqbad=0 len_bad=0 disc=0(0x00) | tot_n=727 tot_to=0 maxever=26919 >2ms=727 >5ms=727 >15ms=42 >20ms=4 >30ms=0 | probes=727 wrfail=0 down=4s maxout=4s
  19.096  FSU: request [150..150] us (ACL both dirs, 1M+2M) rc=0
  19.096  FSU: updated status=0x00 spacing=150 us phys=0x0 types=0x0 initiator=0
  19.096  t=17s RTT mean=12258 min=11908 max=19418 n=65 to=0 | cancels=0(+0/s) seqbad=0 len_bad=0 disc=0(0x00) | tot_n=792 tot_to=0 maxever=26919 >2ms=792 >5ms=792 >15ms=45 >20ms=4 >30ms=0 | probes=793 wrfail=0 down=4s maxout=4s
  21.075  t=18s RTT mean=12026 min=11907 max=19412 n=66 to=0 | cancels=0(+0/s) seqbad=0 len_bad=0 disc=0(0x00) | tot_n=858 tot_to=0 maxever=26919 >2ms=858 >5ms=858 >15ms=46 >20ms=4 >30ms=0 | probes=859 wrfail=0 down=4s maxout=4s
  21.075  t=19s RTT mean=12498 min=11909 max=19413 n=64 to=0 | cancels=0(+0/s) seqbad=0 len_bad=0 disc=0(0x00) | tot_n=922 tot_to=0 maxever=26919 >2ms=922 >5ms=922 >15ms=51 >20ms=4 >30ms=0 | probes=923 wrfail=0 down=4s maxout=4s
  23.090  t=20s RTT mean=12258 min=11909 max=19424 n=65 to=0 | cancels=0(+0/s) seqbad=0 len_bad=0 disc=0(0x00) | tot_n=987 tot_to=0 maxever=26919 >2ms=987 >5ms=987 >15ms=54 >20ms=4 >30ms=0 | probes=988 wrfail=0 down=4s maxout=4s
  23.091  t=21s RTT mean=12025 min=11461 max=19411 n=66 to=0 | cancels=0(+0/s) seqbad=0 len_bad=0 disc=0(0x00) | tot_n=1053 tot_to=0 maxever=26919 >2ms=1053 >5ms=1053 >15ms=55 >20ms=4 >30ms=0 | probes=1054 wrfail=0 down=4s maxout=4s
  25.084  t=22s RTT mean=12374 min=11828 max=26918 n=65 to=0 | cancels=0(+0/s) seqbad=0 len_bad=0 disc=0(0x00) | tot_n=1118 tot_to=0 maxever=26919 >2ms=1118 >5ms=1118 >15ms=58 >20ms=5 >30ms=0 | probes=1119 wrfail=0 down=4s maxout=4s
  25.084  t=23s RTT mean=12258 min=11909 max=19412 n=65 to=0 | cancels=0(+0/s) seqbad=0 len_bad=0 disc=0(0x00) | tot_n=1183 tot_to=0 maxever=26919 >2ms=1183 >5ms=1183 >15ms=61 >20ms=5 >30ms=0 | probes=1184 wrfail=0 down=4s maxout=4s
  27.090  t=24s RTT mean=12374 min=11909 max=19417 n=65 to=0 | cancels=0(+0/s) seqbad=0 len_bad=0 disc=0(0x00) | tot_n=1248 tot_to=0 maxever=26919 >2ms=1248 >5ms=1248 >15ms=65 >20ms=5 >30ms=0 | probes=1249 wrfail=0 down=4s maxout=4s
  27.090  t=25s RTT mean=12498 min=11892 max=19412 n=64 to=0 | cancels=0(+0/s) seqbad=0 len_bad=0 disc=0(0x00) | tot_n=1312 tot_to=0 maxever=26919 >2ms=1312 >5ms=1312 >15ms=70 >20ms=5 >30ms=0 | probes=1313 wrfail=0 down=4s maxout=4s
  29.073  t=26s RTT mean=12498 min=11909 max=19424 n=64 to=0 | cancels=0(+0/s) seqbad=0 len_bad=0 disc=0(0x00) | tot_n=1376 tot_to=0 maxever=26919 >2ms=1376 >5ms=1376 >15ms=75 >20ms=5 >30ms=0 | probes=1377 wrfail=0 down=4s maxout=4s
  29.073  t=27s RTT mean=12139 min=11909 max=19412 n=66 to=0 | cancels=0(+0/s) seqbad=0 len_bad=0 disc=0(0x00) | tot_n=1442 tot_to=0 maxever=26919 >2ms=1442 >5ms=1442 >15ms=77 >20ms=5 >30ms=0 | probes=1443 wrfail=0 down=4s maxout=4s
  31.084  t=28s RTT mean=12259 min=11909 max=19412 n=65 to=0 | cancels=0(+0/s) seqbad=0 len_bad=0 disc=0(0x00) | tot_n=1507 tot_to=0 maxever=26919 >2ms=1507 >5ms=1507 >15ms=80 >20ms=5 >30ms=0 | probes=1508 wrfail=0 down=4s maxout=4s
  31.084  t=29s RTT mean=12139 min=11464 max=19420 n=66 to=0 | cancels=0(+0/s) seqbad=0 len_bad=0 disc=0(0x00) | tot_n=1573 tot_to=0 maxever=26919 >2ms=1573 >5ms=1573 >15ms=82 >20ms=5 >30ms=0 | probes=1574 wrfail=0 down=4s maxout=4s
  33.098  t=30s RTT mean=12258 min=11464 max=19412 n=65 to=0 | cancels=0(+0/s) seqbad=0 len_bad=0 disc=0(0x00) | tot_n=1638 tot_to=0 maxever=26919 >2ms=1638 >5ms=1638 >15ms=85 >20ms=5 >30ms=0 | probes=1639 wrfail=0 down=4s maxout=4s
  33.098  t=31s RTT mean=12373 min=11464 max=19859 n=65 to=0 | cancels=0(+0/s) seqbad=0 len_bad=0 disc=0(0x00) | tot_n=1703 tot_to=0 maxever=26919 >2ms=1703 >5ms=1703 >15ms=89 >20ms=5 >30ms=0 | probes=1704 wrfail=0 down=4s maxout=4s
  35.052  t=32s RTT mean=12626 min=11463 max=19419 n=63 to=0 | cancels=0(+0/s) seqbad=0 len_bad=0 disc=0(0x00) | tot_n=1766 tot_to=0 maxever=26919 >2ms=1766 >5ms=1766 >15ms=95 >20ms=5 >30ms=0 | probes=1767 wrfail=0 down=4s maxout=4s
  35.104  t=33s RTT mean=12140 min=11461 max=19413 n=66 to=0 | cancels=0(+0/s) seqbad=0 len_bad=0 disc=0(0x00) | tot_n=1832 tot_to=0 maxever=26919 >2ms=1832 >5ms=1832 >15ms=97 >20ms=5 >30ms=0 | probes=1833 wrfail=0 down=4s maxout=4s
  37.055  t=34s RTT mean=12027 min=11909 max=19411 n=66 to=0 | cancels=0(+0/s) seqbad=0 len_bad=0 disc=0(0x00) | tot_n=1898 tot_to=0 maxever=26919 >2ms=1898 >5ms=1898 >15ms=98 >20ms=5 >30ms=0 | probes=1899 wrfail=0 down=4s maxout=4s
  37.115  t=35s RTT mean=12139 min=11908 max=19412 n=66 to=0 | cancels=0(+0/s) seqbad=0 len_bad=0 disc=0(0x00) | tot_n=1964 tot_to=0 maxever=26919 >2ms=1964 >5ms=1964 >15ms=100 >20ms=5 >30ms=0 | probes=1965 wrfail=0 down=4s maxout=4s
  39.094  t=36s RTT mean=12259 min=11903 max=19412 n=65 to=0 | cancels=0(+0/s) seqbad=0 len_bad=0 disc=0(0x00) | tot_n=2029 tot_to=0 maxever=26919 >2ms=2029 >5ms=2029 >15ms=103 >20ms=5 >30ms=0 | probes=2030 wrfail=0 down=4s maxout=4s
  39.094  t=37s RTT mean=12258 min=11465 max=19412 n=65 to=0 | cancels=0(+0/s) seqbad=0 len_bad=0 disc=0(0x00) | tot_n=2094 tot_to=0 maxever=26919 >2ms=2094 >5ms=2094 >15ms=106 >20ms=5 >30ms=0 | probes=2095 wrfail=0 down=4s maxout=4s
  41.100  t=38s RTT mean=12143 min=11909 max=19412 n=65 to=0 | cancels=0(+0/s) seqbad=0 len_bad=0 disc=0(0x00) | tot_n=2159 tot_to=0 maxever=26919 >2ms=2159 >5ms=2159 >15ms=108 >20ms=5 >30ms=0 | probes=2160 wrfail=0 down=4s maxout=4s
  41.100  t=39s RTT mean=13242 min=11818 max=19513 n=62 to=0 | cancels=0(+0/s) seqbad=0 len_bad=0 disc=0(0x00) | tot_n=2221 tot_to=0 maxever=26919 >2ms=2221 >5ms=2221 >15ms=119 >20ms=5 >30ms=0 | probes=2222 wrfail=0 down=4s maxout=4s
  43.098  t=40s RTT mean=13663 min=11909 max=26912 n=60 to=0 | cancels=0(+0/s) seqbad=0 len_bad=0 disc=0(0x00) | tot_n=2281 tot_to=0 maxever=26919 >2ms=2281 >5ms=2281 >15ms=131 >20ms=7 >30ms=0 | probes=2282 wrfail=0 down=4s maxout=4s
  43.098  t=41s RTT mean=12865 min=11909 max=19420 n=63 to=0 | cancels=0(+0/s) seqbad=0 len_bad=0 disc=0(0x00) | tot_n=2344 tot_to=0 maxever=26919 >2ms=2344 >5ms=2344 >15ms=139 >20ms=7 >30ms=0 | probes=2344 wrfail=0 down=4s maxout=4s
  45.070  t=42s RTT mean=12381 min=11526 max=19420 n=64 to=0 | cancels=0(+0/s) seqbad=0 len_bad=0 disc=0(0x00) | tot_n=2408 tot_to=0 maxever=26919 >2ms=2408 >5ms=2408 >15ms=143 >20ms=7 >30ms=0 | probes=2409 wrfail=0 down=4s maxout=4s
  45.070  t=43s RTT mean=12745 min=11462 max=19419 n=63 to=0 | cancels=0(+0/s) seqbad=0 len_bad=0 disc=0(0x00) | tot_n=2471 tot_to=0 maxever=26919 >2ms=2471 >5ms=2471 >15ms=150 >20ms=7 >30ms=0 | probes=2472 wrfail=0 down=4s maxout=4s
  47.073  t=44s RTT mean=12616 min=11462 max=26911 n=64 to=0 | cancels=0(+0/s) seqbad=0 len_bad=0 disc=0(0x00) | tot_n=2535 tot_to=0 maxever=26919 >2ms=2535 >5ms=2535 >15ms=155 >20ms=8 >30ms=0 | probes=2536 wrfail=0 down=4s maxout=4s
  47.073  t=45s RTT mean=12745 min=11909 max=26908 n=63 to=0 | cancels=0(+0/s) seqbad=0 len_bad=0 disc=0(0x00) | tot_n=2598 tot_to=0 maxever=26919 >2ms=2598 >5ms=2598 >15ms=161 >20ms=9 >30ms=0 | probes=2599 wrfail=0 down=4s maxout=4s
  49.074  t=46s RTT mean=13122 min=11464 max=26911 n=62 to=0 | cancels=0(+0/s) seqbad=0 len_bad=0 disc=0(0x00) | tot_n=2660 tot_to=0 maxever=26919 >2ms=2660 >5ms=2660 >15ms=170 >20ms=10 >30ms=0 | probes=2661 wrfail=0 down=4s maxout=4s
  49.074  t=47s RTT mean=12373 min=11462 max=19868 n=65 to=0 | cancels=0(+0/s) seqbad=0 len_bad=0 disc=0(0x00) | tot_n=2725 tot_to=0 maxever=26919 >2ms=2725 >5ms=2725 >15ms=174 >20ms=10 >30ms=0 | probes=2725 wrfail=0 down=4s maxout=4s
  51.082  t=48s RTT mean=13001 min=11464 max=26911 n=62 to=0 | cancels=0(+0/s) seqbad=0 len_bad=0 disc=0(0x00) | tot_n=2787 tot_to=0 maxever=26919 >2ms=2787 >5ms=2787 >15ms=182 >20ms=11 >30ms=0 | probes=2788 wrfail=0 down=4s maxout=4s
  51.082  t=49s RTT mean=12498 min=11460 max=19861 n=64 to=0 | cancels=0(+0/s) seqbad=0 len_bad=0 disc=0(0x00) | tot_n=2851 tot_to=0 maxever=26919 >2ms=2851 >5ms=2851 >15ms=187 >20ms=11 >30ms=0 | probes=2852 wrfail=0 down=4s maxout=4s
  53.049  t=50s RTT mean=12139 min=11464 max=19412 n=66 to=0 | cancels=0(+0/s) seqbad=0 len_bad=0 disc=0(0x00) | tot_n=2917 tot_to=0 maxever=26919 >2ms=2917 >5ms=2917 >15ms=189 >20ms=11 >30ms=0 | probes=2917 wrfail=0 down=4s maxout=4s
  53.108  t=51s RTT mean=12626 min=11464 max=26908 n=63 to=0 | cancels=0(+0/s) seqbad=0 len_bad=0 disc=0(0x00) | tot_n=2980 tot_to=0 maxever=26919 >2ms=2980 >5ms=2980 >15ms=194 >20ms=12 >30ms=0 | probes=2981 wrfail=0 down=4s maxout=4s
  55.048  t=52s RTT mean=12139 min=11908 max=19418 n=66 to=0 | cancels=0(+0/s) seqbad=0 len_bad=0 disc=0(0x00) | tot_n=3046 tot_to=0 maxever=26919 >2ms=3046 >5ms=3046 >15ms=196 >20ms=12 >30ms=0 | probes=3047 wrfail=0 down=4s maxout=4s
  55.109  t=53s RTT mean=12498 min=11908 max=19413 n=64 to=0 | cancels=0(+0/s) seqbad=0 len_bad=0 disc=0(0x00) | tot_n=3110 tot_to=0 maxever=26919 >2ms=3110 >5ms=3110 >15ms=201 >20ms=12 >30ms=0 | probes=3111 wrfail=0 down=4s maxout=4s
  57.064  t=54s RTT mean=12745 min=11463 max=26911 n=63 to=0 | cancels=0(+0/s) seqbad=0 len_bad=0 disc=0(0x00) | tot_n=3173 tot_to=0 maxever=26919 >2ms=3173 >5ms=3173 >15ms=207 >20ms=13 >30ms=0 | probes=3174 wrfail=0 down=4s maxout=4s
  57.119  t=55s RTT mean=12373 min=11461 max=19420 n=65 to=0 | cancels=0(+0/s) seqbad=0 len_bad=0 disc=0(0x00) | tot_n=3238 tot_to=0 maxever=26919 >2ms=3238 >5ms=3238 >15ms=211 >20ms=13 >30ms=0 | probes=3239 wrfail=0 down=4s maxout=4s
  59.073  t=56s RTT mean=12258 min=11908 max=19413 n=65 to=0 | cancels=0(+0/s) seqbad=0 len_bad=0 disc=0(0x00) | tot_n=3303 tot_to=0 maxever=26919 >2ms=3303 >5ms=3303 >15ms=214 >20ms=13 >30ms=0 | probes=3304 wrfail=0 down=4s maxout=4s
  59.073  t=57s RTT mean=12139 min=11900 max=19411 n=66 to=0 | cancels=0(+0/s) seqbad=0 len_bad=0 disc=0(0x00) | tot_n=3369 tot_to=0 maxever=26919 >2ms=3369 >5ms=3369 >15ms=216 >20ms=13 >30ms=0 | probes=3370 wrfail=0 down=4s maxout=4s
  61.093  t=58s RTT mean=12025 min=11903 max=19412 n=66 to=0 | cancels=0(+0/s) seqbad=0 len_bad=0 disc=0(0x00) | tot_n=3435 tot_to=0 maxever=26919 >2ms=3435 >5ms=3435 >15ms=217 >20ms=13 >30ms=0 | probes=3436 wrfail=0 down=4s maxout=4s
  61.093  t=59s RTT mean=12139 min=11908 max=19411 n=66 to=0 | cancels=0(+0/s) seqbad=0 len_bad=0 disc=0(0x00) | tot_n=3501 tot_to=0 maxever=26919 >2ms=3501 >5ms=3501 >15ms=219 >20ms=13 >30ms=0 | probes=3501 wrfail=0 down=4s maxout=4s
  63.083  t=60s RTT mean=12142 min=11861 max=19412 n=65 to=0 | cancels=0(+0/s) seqbad=0 len_bad=0 disc=0(0x00) | tot_n=3566 tot_to=0 maxever=26919 >2ms=3566 >5ms=3566 >15ms=221 >20ms=13 >30ms=0 | probes=3567 wrfail=0 down=4s maxout=4s
  63.083  t=61s RTT mean=12374 min=11463 max=19440 n=65 to=0 | cancels=0(+0/s) seqbad=0 len_bad=0 disc=0(0x00) | tot_n=3631 tot_to=0 maxever=26919 >2ms=3631 >5ms=3631 >15ms=225 >20ms=13 >30ms=0 | probes=3632 wrfail=0 down=4s maxout=4s
  65.098  t=62s RTT mean=12026 min=11908 max=19411 n=66 to=0 | cancels=0(+0/s) seqbad=0 len_bad=0 disc=0(0x00) | tot_n=3697 tot_to=0 maxever=26919 >2ms=3697 >5ms=3697 >15ms=226 >20ms=13 >30ms=0 | probes=3698 wrfail=0 down=4s maxout=4s
  65.098  t=63s RTT mean=12615 min=11908 max=26911 n=64 to=0 | cancels=0(+0/s) seqbad=0 len_bad=0 disc=0(0x00) | tot_n=3761 tot_to=0 maxever=26919 >2ms=3761 >5ms=3761 >15ms=230 >20ms=15 >30ms=0 | probes=3762 wrfail=0 down=4s maxout=4s
  67.108  t=64s RTT mean=12373 min=11466 max=19411 n=65 to=0 | cancels=0(+0/s) seqbad=0 len_bad=0 disc=0(0x00) | tot_n=3826 tot_to=0 maxever=26919 >2ms=3826 >5ms=3826 >15ms=234 >20ms=15 >30ms=0 | probes=3826 wrfail=0 down=4s maxout=4s
  67.108  PCTL target=0 tot=3876 to=0 p50=11 p90=11 p99=19 p99.9=26 max=26 g30=0 g100=0 (ms/counts)
  67.108  LOADRAMP: target=25 KBps for 60s
  67.108  t=65s RTT mean=14157 min=11909 max=46633 n=56 to=0 | cancels=0(+0/s) seqbad=0 len_bad=0 disc=0(0x00) | tot_n=3882 tot_to=0 maxever=46633 >2ms=3882 >5ms=3882 >15ms=240 >20ms=18 >30ms=3 | probes=3883 wrfail=0 down=4s maxout=4s
  69.097  t=66s RTT mean=15680 min=11909 max=42371 n=55 to=0 | cancels=0(+0/s) seqbad=0 len_bad=0 disc=0(0x00) | tot_n=3937 tot_to=0 maxever=46633 >2ms=3937 >5ms=3937 >15ms=251 >20ms=24 >30ms=9 | probes=3938 wrfail=0 down=4s maxout=4s
  69.097  t=67s RTT mean=14963 min=11464 max=64424 n=55 to=0 | cancels=0(+0/s) seqbad=0 len_bad=0 disc=0(0x00) | tot_n=3992 tot_to=0 maxever=64424 >2ms=3992 >5ms=3992 >15ms=260 >20ms=28 >30ms=12 | probes=3993 wrfail=0 down=4s maxout=4s
  71.078  t=68s RTT mean=15055 min=8733 max=48032 n=54 to=0 | cancels=0(+0/s) seqbad=0 len_bad=0 disc=0(0x00) | tot_n=4046 tot_to=0 maxever=64424 >2ms=4046 >5ms=4046 >15ms=268 >20ms=34 >30ms=17 | probes=4047 wrfail=0 down=4s maxout=4s
  71.079  t=69s RTT mean=15049 min=5940 max=52721 n=55 to=0 | cancels=0(+0/s) seqbad=0 len_bad=0 disc=0(0x00) | tot_n=4101 tot_to=0 maxever=64424 >2ms=4101 >5ms=4101 >15ms=277 >20ms=39 >30ms=21 | probes=4102 wrfail=0 down=4s maxout=4s
  73.071  t=70s RTT mean=14699 min=11908 max=47576 n=56 to=0 | cancels=0(+0/s) seqbad=0 len_bad=0 disc=0(0x00) | tot_n=4157 tot_to=0 maxever=64424 >2ms=4157 >5ms=4157 >15ms=284 >20ms=44 >30ms=25 | probes=4158 wrfail=0 down=4s maxout=4s
  73.131  t=71s RTT mean=15346 min=11464 max=51264 n=55 to=0 | cancels=0(+0/s) seqbad=0 len_bad=0 disc=0(0x00) | tot_n=4212 tot_to=0 maxever=64424 >2ms=4212 >5ms=4212 >15ms=292 >20ms=50 >30ms=30 | probes=4213 wrfail=0 down=4s maxout=4s
  75.082  t=72s RTT mean=15271 min=11909 max=54074 n=54 to=0 | cancels=0(+0/s) seqbad=0 len_bad=0 disc=0(0x00) | tot_n=4266 tot_to=0 maxever=64424 >2ms=4266 >5ms=4266 >15ms=300 >20ms=55 >30ms=34 | probes=4267 wrfail=0 down=4s maxout=4s
  75.082  t=73s RTT mean=15049 min=11908 max=46127 n=55 to=0 | cancels=0(+0/s) seqbad=0 len_bad=0 disc=0(0x00) | tot_n=4321 tot_to=0 maxever=64424 >2ms=4321 >5ms=4321 >15ms=309 >20ms=60 >30ms=39 | probes=4322 wrfail=0 down=4s maxout=4s
  77.060  t=74s RTT mean=14963 min=5941 max=40515 n=57 to=0 | cancels=0(+0/s) seqbad=0 len_bad=0 disc=0(0x00) | tot_n=4378 tot_to=0 maxever=64424 >2ms=4378 >5ms=4378 >15ms=318 >20ms=66 >30ms=45 | probes=4379 wrfail=0 down=4s maxout=4s
  77.119  t=75s RTT mean=15332 min=11909 max=54090 n=54 to=0 | cancels=0(+0/s) seqbad=0 len_bad=0 disc=0(0x00) | tot_n=4432 tot_to=0 maxever=64424 >2ms=4432 >5ms=4432 >15ms=327 >20ms=71 >30ms=48 | probes=4433 wrfail=0 down=4s maxout=4s
  79.054  t=76s RTT mean=16068 min=11909 max=54114 n=52 to=0 | cancels=0(+0/s) seqbad=0 len_bad=0 disc=0(0x00) | tot_n=4484 tot_to=0 maxever=64424 >2ms=4484 >5ms=4484 >15ms=338 >20ms=78 >30ms=53 | probes=4485 wrfail=0 down=4s maxout=4s
  79.114  t=77s RTT mean=17068 min=11909 max=56924 n=50 to=0 | cancels=0(+0/s) seqbad=0 len_bad=0 disc=0(0x00) | tot_n=4534 tot_to=0 maxever=64424 >2ms=4534 >5ms=4534 >15ms=350 >20ms=85 >30ms=58 | probes=4535 wrfail=0 down=4s maxout=4s
  81.073  t=78s RTT mean=15753 min=11909 max=55532 n=52 to=0 | cancels=0(+0/s) seqbad=0 len_bad=0 disc=0(0x00) | tot_n=4586 tot_to=0 maxever=64424 >2ms=4586 >5ms=4586 >15ms=360 >20ms=90 >30ms=62 | probes=4587 wrfail=0 down=4s maxout=4s
  81.074  t=79s RTT mean=14909 min=11909 max=48006 n=56 to=0 | cancels=0(+0/s) seqbad=0 len_bad=0 disc=0(0x00) | tot_n=4642 tot_to=0 maxever=64424 >2ms=4642 >5ms=4642 >15ms=367 >20ms=96 >30ms=67 | probes=4643 wrfail=0 down=4s maxout=4s
  83.099  t=80s RTT mean=14832 min=5941 max=73317 n=57 to=0 | cancels=0(+0/s) seqbad=0 len_bad=0 disc=0(0x00) | tot_n=4699 tot_to=0 maxever=73317 >2ms=4699 >5ms=4699 >15ms=373 >20ms=100 >30ms=71 | probes=4699 wrfail=0 down=4s maxout=4s
  83.099  t=81s RTT mean=14612 min=11908 max=40515 n=54 to=0 | cancels=0(+0/s) seqbad=0 len_bad=0 disc=0(0x00) | tot_n=4753 tot_to=0 maxever=73317 >2ms=4753 >5ms=4753 >15ms=381 >20ms=105 >30ms=75 | probes=4754 wrfail=0 down=4s maxout=4s
  85.067  t=82s RTT mean=15310 min=8683 max=58300 n=56 to=0 | cancels=0(+0/s) seqbad=0 len_bad=0 disc=0(0x00) | tot_n=4809 tot_to=0 maxever=73317 >2ms=4809 >5ms=4809 >15ms=390 >20ms=110 >30ms=79 | probes=4810 wrfail=0 down=4s maxout=4s
  85.119  t=83s RTT mean=15081 min=11909 max=56906 n=54 to=0 | cancels=0(+0/s) seqbad=0 len_bad=0 disc=0(0x00) | tot_n=4863 tot_to=0 maxever=73317 >2ms=4863 >5ms=4863 >15ms=396 >20ms=115 >30ms=84 | probes=4864 wrfail=0 down=4s maxout=4s
  87.112  t=84s RTT mean=15296 min=11463 max=54113 n=55 to=0 | cancels=0(+0/s) seqbad=0 len_bad=0 disc=0(0x00) | tot_n=4918 tot_to=0 maxever=73317 >2ms=4918 >5ms=4918 >15ms=405 >20ms=120 >30ms=89 | probes=4919 wrfail=0 down=4s maxout=4s
  87.112  t=85s RTT mean=15133 min=5939 max=43317 n=54 to=0 | cancels=0(+0/s) seqbad=0 len_bad=0 disc=0(0x00) | tot_n=4972 tot_to=0 maxever=73317 >2ms=4972 >5ms=4972 >15ms=416 >20ms=125 >30ms=93 | probes=4973 wrfail=0 down=4s maxout=4s
  89.084  t=86s RTT mean=15236 min=5947 max=56924 n=55 to=0 | cancels=0(+0/s) seqbad=0 len_bad=0 disc=0(0x00) | tot_n=5027 tot_to=0 maxever=73317 >2ms=5027 >5ms=5027 >15ms=425 >20ms=131 >30ms=97 | probes=5028 wrfail=0 down=4s maxout=4s
  89.084  t=87s RTT mean=16015 min=11909 max=50973 n=52 to=0 | cancels=0(+0/s) seqbad=0 len_bad=0 disc=0(0x00) | tot_n=5079 tot_to=0 maxever=73317 >2ms=5079 >5ms=5079 >15ms=437 >20ms=136 >30ms=102 | probes=5080 wrfail=0 down=4s maxout=4s
  91.054  t=88s RTT mean=14859 min=5940 max=50797 n=56 to=0 | cancels=0(+0/s) seqbad=0 len_bad=0 disc=0(0x00) | tot_n=5135 tot_to=0 maxever=73317 >2ms=5135 >5ms=5135 >15ms=444 >20ms=141 >30ms=107 | probes=5136 wrfail=0 down=4s maxout=4s
  91.115  t=89s RTT mean=15458 min=11909 max=56920 n=55 to=0 | cancels=0(+0/s) seqbad=0 len_bad=0 disc=0(0x00) | tot_n=5190 tot_to=0 maxever=73317 >2ms=5190 >5ms=5190 >15ms=451 >20ms=146 >30ms=112 | probes=5191 wrfail=0 down=4s maxout=4s
  93.066  t=90s RTT mean=15388 min=11909 max=59773 n=53 to=0 | cancels=0(+0/s) seqbad=0 len_bad=0 disc=0(0x00) | tot_n=5243 tot_to=0 maxever=73317 >2ms=5243 >5ms=5243 >15ms=460 >20ms=152 >30ms=116 | probes=5244 wrfail=0 down=4s maxout=4s
  93.126  t=91s RTT mean=14992 min=5940 max=59713 n=56 to=0 | cancels=0(+0/s) seqbad=0 len_bad=0 disc=0(0x00) | tot_n=5299 tot_to=0 maxever=73317 >2ms=5299 >5ms=5299 >15ms=466 >20ms=157 >30ms=121 | probes=5300 wrfail=0 down=4s maxout=4s
  95.092  t=92s RTT mean=15371 min=11909 max=45229 n=53 to=0 | cancels=0(+0/s) seqbad=0 len_bad=0 disc=0(0x00) | tot_n=5352 tot_to=0 maxever=73317 >2ms=5352 >5ms=5352 >15ms=476 >20ms=162 >30ms=126 | probes=5353 wrfail=0 down=4s maxout=4s
  95.092  t=93s RTT mean=15827 min=11909 max=51260 n=54 to=0 | cancels=0(+0/s) seqbad=0 len_bad=0 disc=0(0x00) | tot_n=5406 tot_to=0 maxever=73317 >2ms=5406 >5ms=5406 >15ms=488 >20ms=168 >30ms=130 | probes=5407 wrfail=0 down=4s maxout=4s
  97.080  t=94s RTT mean=15023 min=11909 max=55515 n=55 to=0 | cancels=0(+0/s) seqbad=0 len_bad=0 disc=0(0x00) | tot_n=5461 tot_to=0 maxever=73317 >2ms=5461 >5ms=5461 >15ms=495 >20ms=173 >30ms=135 | probes=5462 wrfail=0 down=4s maxout=4s
  97.080  t=95s RTT mean=15107 min=11909 max=56923 n=54 to=0 | cancels=0(+0/s) seqbad=0 len_bad=0 disc=0(0x00) | tot_n=5515 tot_to=0 maxever=73317 >2ms=5515 >5ms=5515 >15ms=502 >20ms=178 >30ms=140 | probes=5516 wrfail=0 down=4s maxout=4s
  99.057  t=96s RTT mean=15152 min=11909 max=54074 n=56 to=0 | cancels=0(+0/s) seqbad=0 len_bad=0 disc=0(0x00) | tot_n=5571 tot_to=0 maxever=73317 >2ms=5571 >5ms=5571 >15ms=510 >20ms=183 >30ms=144 | probes=5572 wrfail=0 down=4s maxout=4s
  99.115  t=97s RTT mean=16005 min=11464 max=49423 n=52 to=0 | cancels=0(+0/s) seqbad=0 len_bad=0 disc=0(0x00) | tot_n=5623 tot_to=0 maxever=73317 >2ms=5623 >5ms=5623 >15ms=522 >20ms=188 >30ms=149 | probes=5624 wrfail=0 down=4s maxout=4s
 101.068  t=98s RTT mean=15940 min=11909 max=43389 n=54 to=0 | cancels=0(+0/s) seqbad=0 len_bad=0 disc=0(0x00) | tot_n=5677 tot_to=0 maxever=73317 >2ms=5677 >5ms=5677 >15ms=532 >20ms=196 >30ms=155 | probes=5678 wrfail=0 down=4s maxout=4s
 101.128  t=99s RTT mean=15450 min=11909 max=50816 n=53 to=0 | cancels=0(+0/s) seqbad=0 len_bad=0 disc=0(0x00) | tot_n=5730 tot_to=0 maxever=73317 >2ms=5730 >5ms=5730 >15ms=545 >20ms=201 >30ms=158 | probes=5731 wrfail=0 down=4s maxout=4s
 103.063  t=100s RTT mean=14256 min=5941 max=49423 n=57 to=0 | cancels=0(+0/s) seqbad=0 len_bad=0 disc=0(0x00) | tot_n=5787 tot_to=0 maxever=73317 >2ms=5787 >5ms=5787 >15ms=550 >20ms=206 >30ms=162 | probes=5788 wrfail=0 down=4s maxout=4s
 103.118  t=101s RTT mean=16501 min=11461 max=57367 n=52 to=0 | cancels=0(+0/s) seqbad=0 len_bad=0 disc=0(0x00) | tot_n=5839 tot_to=0 maxever=73317 >2ms=5839 >5ms=5839 >15ms=564 >20ms=212 >30ms=167 | probes=5840 wrfail=0 down=4s maxout=4s
 105.073  t=102s RTT mean=15924 min=11909 max=54115 n=52 to=0 | cancels=0(+0/s) seqbad=0 len_bad=0 disc=0(0x00) | tot_n=5891 tot_to=0 maxever=73317 >2ms=5891 >5ms=5891 >15ms=575 >20ms=217 >30ms=172 | probes=5892 wrfail=0 down=4s maxout=4s
 105.130  t=103s RTT mean=16032 min=5941 max=56923 n=52 to=0 | cancels=0(+0/s) seqbad=0 len_bad=0 disc=0(0x00) | tot_n=5943 tot_to=0 maxever=73317 >2ms=5943 >5ms=5943 >15ms=586 >20ms=224 >30ms=176 | probes=5944 wrfail=0 down=4s maxout=4s
 107.104  t=104s RTT mean=15381 min=11463 max=53764 n=55 to=0 | cancels=0(+0/s) seqbad=0 len_bad=0 disc=0(0x00) | tot_n=5998 tot_to=0 maxever=73317 >2ms=5998 >5ms=5998 >15ms=594 >20ms=230 >30ms=181 | probes=5999 wrfail=0 down=4s maxout=4s
 107.104  t=105s RTT mean=15323 min=11909 max=49423 n=54 to=0 | cancels=0(+0/s) seqbad=0 len_bad=0 disc=0(0x00) | tot_n=6052 tot_to=0 maxever=73317 >2ms=6052 >5ms=6052 >15ms=603 >20ms=237 >30ms=185 | probes=6053 wrfail=0 down=4s maxout=4s
 109.114  t=106s RTT mean=15186 min=5939 max=48009 n=56 to=0 | cancels=0(+0/s) seqbad=0 len_bad=0 disc=0(0x00) | tot_n=6108 tot_to=0 maxever=73317 >2ms=6108 >5ms=6108 >15ms=613 >20ms=243 >30ms=190 | probes=6108 wrfail=0 down=4s maxout=4s
 109.114  t=107s RTT mean=14392 min=11909 max=49424 n=55 to=0 | cancels=0(+0/s) seqbad=0 len_bad=0 disc=0(0x00) | tot_n=6163 tot_to=0 maxever=73317 >2ms=6163 >5ms=6163 >15ms=621 >20ms=247 >30ms=193 | probes=6164 wrfail=0 down=4s maxout=4s
 111.058  t=108s RTT mean=15185 min=11909 max=52209 n=55 to=0 | cancels=0(+0/s) seqbad=0 len_bad=0 disc=0(0x00) | tot_n=6218 tot_to=0 maxever=73317 >2ms=6218 >5ms=6218 >15ms=629 >20ms=252 >30ms=198 | probes=6219 wrfail=0 down=4s maxout=4s
 111.113  t=109s RTT mean=15311 min=11464 max=42362 n=56 to=0 | cancels=0(+0/s) seqbad=0 len_bad=0 disc=0(0x00) | tot_n=6274 tot_to=0 maxever=73317 >2ms=6274 >5ms=6274 >15ms=638 >20ms=258 >30ms=204 | probes=6275 wrfail=0 down=4s maxout=4s
 113.098  t=110s RTT mean=14139 min=11909 max=46574 n=56 to=0 | cancels=0(+0/s) seqbad=0 len_bad=0 disc=0(0x00) | tot_n=6330 tot_to=0 maxever=73317 >2ms=6330 >5ms=6330 >15ms=645 >20ms=262 >30ms=207 | probes=6331 wrfail=0 down=4s maxout=4s
 113.099  t=111s RTT mean=15384 min=11909 max=46614 n=54 to=0 | cancels=0(+0/s) seqbad=0 len_bad=0 disc=0(0x00) | tot_n=6384 tot_to=0 maxever=73317 >2ms=6384 >5ms=6384 >15ms=655 >20ms=267 >30ms=212 | probes=6385 wrfail=0 down=4s maxout=4s
 115.088  t=112s RTT mean=15509 min=11908 max=54074 n=55 to=0 | cancels=0(+0/s) seqbad=0 len_bad=0 disc=0(0x00) | tot_n=6439 tot_to=0 maxever=73317 >2ms=6439 >5ms=6439 >15ms=666 >20ms=272 >30ms=216 | probes=6440 wrfail=0 down=4s maxout=4s
 115.088  t=113s RTT mean=16389 min=11909 max=54119 n=51 to=0 | cancels=0(+0/s) seqbad=0 len_bad=0 disc=0(0x00) | tot_n=6490 tot_to=0 maxever=73317 >2ms=6490 >5ms=6490 >15ms=678 >20ms=278 >30ms=221 | probes=6491 wrfail=0 down=4s maxout=4s
 117.093  t=114s RTT mean=14938 min=11464 max=54114 n=55 to=0 | cancels=0(+0/s) seqbad=0 len_bad=0 disc=0(0x00) | tot_n=6545 tot_to=0 maxever=73317 >2ms=6545 >5ms=6545 >15ms=685 >20ms=283 >30ms=225 | probes=6546 wrfail=0 down=4s maxout=4s
 117.093  t=115s RTT mean=14912 min=11464 max=46613 n=55 to=0 | cancels=0(+0/s) seqbad=0 len_bad=0 disc=0(0x00) | tot_n=6600 tot_to=0 maxever=73317 >2ms=6600 >5ms=6600 >15ms=692 >20ms=288 >30ms=230 | probes=6601 wrfail=0 down=4s maxout=4s
 119.106  t=116s RTT mean=15990 min=11909 max=67721 n=53 to=0 | cancels=0(+0/s) seqbad=0 len_bad=0 disc=0(0x00) | tot_n=6653 tot_to=0 maxever=73317 >2ms=6653 >5ms=6653 >15ms=700 >20ms=293 >30ms=235 | probes=6654 wrfail=0 down=4s maxout=4s
 119.106  t=117s RTT mean=15262 min=11464 max=55506 n=55 to=0 | cancels=0(+0/s) seqbad=0 len_bad=0 disc=0(0x00) | tot_n=6708 tot_to=0 maxever=73317 >2ms=6708 >5ms=6708 >15ms=707 >20ms=298 >30ms=240 | probes=6709 wrfail=0 down=4s maxout=4s
 121.063  t=118s RTT mean=15822 min=11909 max=59718 n=53 to=0 | cancels=0(+0/s) seqbad=0 len_bad=0 disc=0(0x00) | tot_n=6761 tot_to=0 maxever=73317 >2ms=6761 >5ms=6761 >15ms=715 >20ms=304 >30ms=245 | probes=6762 wrfail=0 down=4s maxout=4s
 121.114  t=119s RTT mean=15636 min=11464 max=56924 n=54 to=0 | cancels=0(+0/s) seqbad=0 len_bad=0 disc=0(0x00) | tot_n=6815 tot_to=0 maxever=73317 >2ms=6815 >5ms=6815 >15ms=726 >20ms=310 >30ms=250 | probes=6816 wrfail=0 down=4s maxout=4s
 123.086  t=120s RTT mean=14829 min=11463 max=46139 n=54 to=0 | cancels=0(+0/s) seqbad=0 len_bad=0 disc=0(0x00) | tot_n=6869 tot_to=0 maxever=73317 >2ms=6869 >5ms=6869 >15ms=734 >20ms=315 >30ms=254 | probes=6870 wrfail=0 down=4s maxout=4s
 123.086  t=121s RTT mean=14750 min=11464 max=46208 n=56 to=0 | cancels=0(+0/s) seqbad=0 len_bad=0 disc=0(0x00) | tot_n=6925 tot_to=0 maxever=73317 >2ms=6925 >5ms=6925 >15ms=742 >20ms=320 >30ms=258 | probes=6926 wrfail=0 down=4s maxout=4s
 125.100  t=122s RTT mean=15892 min=11903 max=43414 n=55 to=0 | cancels=0(+0/s) seqbad=0 len_bad=0 disc=0(0x00) | tot_n=6980 tot_to=0 maxever=73317 >2ms=6980 >5ms=6980 >15ms=753 >20ms=327 >30ms=264 | probes=6980 wrfail=0 down=4s maxout=4s
 125.100  t=123s RTT mean=14367 min=11910 max=41920 n=55 to=0 | cancels=0(+0/s) seqbad=0 len_bad=0 disc=0(0x00) | tot_n=7035 tot_to=0 maxever=73317 >2ms=7035 >5ms=7035 >15ms=762 >20ms=332 >30ms=267 | probes=7036 wrfail=0 down=4s maxout=4s
 127.094  t=124s RTT mean=15569 min=11908 max=61574 n=55 to=0 | cancels=0(+0/s) seqbad=0 len_bad=0 disc=0(0x00) | tot_n=7090 tot_to=0 maxever=73317 >2ms=7090 >5ms=7090 >15ms=771 >20ms=338 >30ms=272 | probes=7091 wrfail=0 down=4s maxout=4s
 127.095  PCTL target=25 tot=3262 to=0 p50=11 p90=19 p99=53 p99.9=59 max=73 g30=273 g100=0 (ms/counts)
 127.095  LOADRAMP: target=50 KBps for 60s
 127.155  t=125s RTT mean=15043 min=11909 max=46124 n=56 to=0 | cancels=0(+0/s) seqbad=0 len_bad=0 disc=0(0x00) | tot_n=7146 tot_to=0 maxever=73317 >2ms=7146 >5ms=7146 >15ms=779 >20ms=344 >30ms=277 | probes=7146 wrfail=0 down=4s maxout=4s
 129.088  t=126s RTT mean=17946 min=11909 max=49424 n=46 to=0 | cancels=0(+0/s) seqbad=0 len_bad=0 disc=0(0x00) | tot_n=7192 tot_to=0 maxever=73317 >2ms=7192 >5ms=7192 >15ms=788 >20ms=352 >30ms=285 | probes=7193 wrfail=0 down=4s maxout=4s
 129.088  t=127s RTT mean=18986 min=11909 max=65836 n=45 to=0 | cancels=0(+0/s) seqbad=0 len_bad=0 disc=0(0x00) | tot_n=7237 tot_to=0 maxever=73317 >2ms=7237 >5ms=7237 >15ms=801 >20ms=362 >30ms=294 | probes=7238 wrfail=0 down=4s maxout=4s
 131.082  t=128s RTT mean=18628 min=10467 max=49871 n=46 to=0 | cancels=0(+0/s) seqbad=0 len_bad=0 disc=0(0x00) | tot_n=7283 tot_to=0 maxever=73317 >2ms=7283 >5ms=7283 >15ms=814 >20ms=371 >30ms=303 | probes=7284 wrfail=0 down=4s maxout=4s
 131.143  t=129s RTT mean=18924 min=11909 max=50817 n=46 to=0 | cancels=0(+0/s) seqbad=0 len_bad=0 disc=0(0x00) | tot_n=7329 tot_to=0 maxever=73317 >2ms=7329 >5ms=7329 >15ms=826 >20ms=381 >30ms=312 | probes=7330 wrfail=0 down=4s maxout=4s
 133.105  t=130s RTT mean=18435 min=11464 max=49424 n=46 to=0 | cancels=0(+0/s) seqbad=0 len_bad=0 disc=0(0x00) | tot_n=7375 tot_to=0 maxever=73317 >2ms=7375 >5ms=7375 >15ms=838 >20ms=390 >30ms=321 | probes=7376 wrfail=0 down=4s maxout=4s
 133.106  t=131s RTT mean=19206 min=11909 max=48015 n=45 to=0 | cancels=0(+0/s) seqbad=0 len_bad=0 disc=0(0x00) | tot_n=7420 tot_to=0 maxever=73317 >2ms=7420 >5ms=7420 >15ms=851 >20ms=400 >30ms=330 | probes=7421 wrfail=0 down=4s maxout=4s
 135.084  t=132s RTT mean=18844 min=11909 max=45211 n=47 to=0 | cancels=0(+0/s) seqbad=0 len_bad=0 disc=0(0x00) | tot_n=7467 tot_to=0 maxever=73317 >2ms=7467 >5ms=7467 >15ms=865 >20ms=411 >30ms=340 | probes=7468 wrfail=0 down=4s maxout=4s
 135.135  t=133s RTT mean=17915 min=11464 max=55068 n=46 to=0 | cancels=0(+0/s) seqbad=0 len_bad=0 disc=0(0x00) | tot_n=7513 tot_to=0 maxever=73317 >2ms=7513 >5ms=7513 >15ms=875 >20ms=420 >30ms=348 | probes=7514 wrfail=0 down=4s maxout=4s
 137.105  t=134s RTT mean=18598 min=10467 max=55449 n=46 to=0 | cancels=0(+0/s) seqbad=0 len_bad=0 disc=0(0x00) | tot_n=7559 tot_to=0 maxever=73317 >2ms=7559 >5ms=7559 >15ms=887 >20ms=430 >30ms=357 | probes=7560 wrfail=0 down=4s maxout=4s
 137.105  t=135s RTT mean=18192 min=5941 max=50810 n=48 to=0 | cancels=0(+0/s) seqbad=0 len_bad=0 disc=0(0x00) | tot_n=7607 tot_to=0 maxever=73317 >2ms=7607 >5ms=7607 >15ms=896 >20ms=439 >30ms=366 | probes=7608 wrfail=0 down=4s maxout=4s
 139.118  t=136s RTT mean=19278 min=10467 max=49420 n=45 to=0 | cancels=0(+0/s) seqbad=0 len_bad=0 disc=0(0x00) | tot_n=7652 tot_to=0 maxever=73317 >2ms=7652 >5ms=7652 >15ms=910 >20ms=450 >30ms=375 | probes=7653 wrfail=0 down=4s maxout=4s
 139.118  t=137s RTT mean=18653 min=11909 max=51264 n=45 to=0 | cancels=0(+0/s) seqbad=0 len_bad=0 disc=0(0x00) | tot_n=7697 tot_to=0 maxever=73317 >2ms=7697 >5ms=7697 >15ms=922 >20ms=459 >30ms=384 | probes=7698 wrfail=0 down=4s maxout=4s
 141.088  t=138s RTT mean=18066 min=6260 max=48015 n=47 to=0 | cancels=0(+0/s) seqbad=0 len_bad=0 disc=0(0x00) | tot_n=7744 tot_to=0 maxever=73317 >2ms=7744 >5ms=7744 >15ms=934 >20ms=468 >30ms=393 | probes=7745 wrfail=0 down=4s maxout=4s
 141.148  t=139s RTT mean=18235 min=7314 max=45220 n=47 to=0 | cancels=0(+0/s) seqbad=0 len_bad=0 disc=0(0x00) | tot_n=7791 tot_to=0 maxever=73317 >2ms=7791 >5ms=7791 >15ms=947 >20ms=477 >30ms=402 | probes=7792 wrfail=0 down=4s maxout=4s
 143.093  t=140s RTT mean=18674 min=11909 max=59715 n=47 to=0 | cancels=0(+0/s) seqbad=0 len_bad=0 disc=0(0x00) | tot_n=7838 tot_to=0 maxever=73317 >2ms=7838 >5ms=7838 >15ms=957 >20ms=486 >30ms=411 | probes=7839 wrfail=0 down=4s maxout=4s
 143.093  t=141s RTT mean=18581 min=10467 max=56477 n=45 to=0 | cancels=0(+0/s) seqbad=0 len_bad=0 disc=0(0x00) | tot_n=7883 tot_to=0 maxever=73317 >2ms=7883 >5ms=7883 >15ms=968 >20ms=495 >30ms=420 | probes=7884 wrfail=0 down=4s maxout=4s
 145.097  t=142s RTT mean=18526 min=5934 max=49870 n=47 to=0 | cancels=0(+0/s) seqbad=0 len_bad=0 disc=0(0x00) | tot_n=7930 tot_to=0 maxever=73317 >2ms=7930 >5ms=7930 >15ms=981 >20ms=504 >30ms=429 | probes=7931 wrfail=0 down=4s maxout=4s
 145.097  t=143s RTT mean=19142 min=6260 max=57368 n=45 to=0 | cancels=0(+0/s) seqbad=0 len_bad=0 disc=0(0x00) | tot_n=7975 tot_to=0 maxever=73317 >2ms=7975 >5ms=7975 >15ms=994 >20ms=513 >30ms=438 | probes=7976 wrfail=0 down=4s maxout=4s
 147.087  t=144s RTT mean=17977 min=10468 max=47949 n=47 to=0 | cancels=0(+0/s) seqbad=0 len_bad=0 disc=0(0x00) | tot_n=8022 tot_to=0 maxever=73317 >2ms=8022 >5ms=8022 >15ms=1005 >20ms=522 >30ms=447 | probes=8023 wrfail=0 down=4s maxout=4s
 147.147  t=145s RTT mean=18447 min=10467 max=46188 n=48 to=0 | cancels=0(+0/s) seqbad=0 len_bad=0 disc=0(0x00) | tot_n=8070 tot_to=0 maxever=73317 >2ms=8070 >5ms=8070 >15ms=1017 >20ms=532 >30ms=457 | probes=8071 wrfail=0 down=4s maxout=4s
 149.126  t=146s RTT mean=17498 min=10469 max=49413 n=47 to=0 | cancels=0(+0/s) seqbad=0 len_bad=0 disc=0(0x00) | tot_n=8117 tot_to=0 maxever=73317 >2ms=8117 >5ms=8117 >15ms=1026 >20ms=540 >30ms=465 | probes=8118 wrfail=0 down=4s maxout=4s
 149.126  t=147s RTT mean=17821 min=8682 max=49420 n=48 to=0 | cancels=0(+0/s) seqbad=0 len_bad=0 disc=0(0x00) | tot_n=8165 tot_to=0 maxever=73317 >2ms=8165 >5ms=8165 >15ms=1037 >20ms=549 >30ms=474 | probes=8166 wrfail=0 down=4s maxout=4s
 151.087  t=148s RTT mean=18165 min=5940 max=55520 n=47 to=0 | cancels=0(+0/s) seqbad=0 len_bad=0 disc=0(0x00) | tot_n=8212 tot_to=0 maxever=73317 >2ms=8212 >5ms=8212 >15ms=1047 >20ms=558 >30ms=483 | probes=8213 wrfail=0 down=4s maxout=4s
 151.146  t=149s RTT mean=18106 min=11909 max=52326 n=47 to=0 | cancels=0(+0/s) seqbad=0 len_bad=0 disc=0(0x00) | tot_n=8259 tot_to=0 maxever=73317 >2ms=8259 >5ms=8259 >15ms=1059 >20ms=567 >30ms=492 | probes=8260 wrfail=0 down=4s maxout=4s
 153.095  t=150s RTT mean=18067 min=11909 max=49433 n=47 to=0 | cancels=0(+0/s) seqbad=0 len_bad=0 disc=0(0x00) | tot_n=8306 tot_to=0 maxever=73317 >2ms=8306 >5ms=8306 >15ms=1070 >20ms=577 >30ms=501 | probes=8307 wrfail=0 down=4s maxout=4s
 153.095  t=151s RTT mean=17978 min=5940 max=54111 n=49 to=0 | cancels=0(+0/s) seqbad=0 len_bad=0 disc=0(0x00) | tot_n=8355 tot_to=0 maxever=73317 >2ms=8355 >5ms=8355 >15ms=1080 >20ms=586 >30ms=510 | probes=8356 wrfail=0 down=4s maxout=4s
 155.127  t=152s RTT mean=18894 min=11909 max=58310 n=46 to=0 | cancels=0(+0/s) seqbad=0 len_bad=0 disc=0(0x00) | tot_n=8401 tot_to=0 maxever=73317 >2ms=8401 >5ms=8401 >15ms=1092 >20ms=596 >30ms=520 | probes=8402 wrfail=0 down=4s maxout=4s
 155.127  t=153s RTT mean=16943 min=5941 max=46616 n=48 to=0 | cancels=0(+0/s) seqbad=0 len_bad=0 disc=0(0x00) | tot_n=8449 tot_to=0 maxever=73317 >2ms=8449 >5ms=8449 >15ms=1102 >20ms=604 >30ms=528 | probes=8450 wrfail=0 down=4s maxout=4s
 157.071  t=154s RTT mean=17821 min=10467 max=50802 n=48 to=0 | cancels=0(+0/s) seqbad=0 len_bad=0 disc=0(0x00) | tot_n=8497 tot_to=0 maxever=73317 >2ms=8497 >5ms=8497 >15ms=1112 >20ms=613 >30ms=537 | probes=8498 wrfail=0 down=4s maxout=4s
 157.131  t=155s RTT mean=17937 min=11909 max=49409 n=48 to=0 | cancels=0(+0/s) seqbad=0 len_bad=0 disc=0(0x00) | tot_n=8545 tot_to=0 maxever=73317 >2ms=8545 >5ms=8545 >15ms=1123 >20ms=622 >30ms=546 | probes=8546 wrfail=0 down=4s maxout=4s
 159.099  t=156s RTT mean=18851 min=10452 max=49870 n=45 to=0 | cancels=0(+0/s) seqbad=0 len_bad=0 disc=0(0x00) | tot_n=8590 tot_to=0 maxever=73317 >2ms=8590 >5ms=8590 >15ms=1136 >20ms=631 >30ms=555 | probes=8591 wrfail=0 down=4s maxout=4s
 159.099  t=157s RTT mean=18189 min=6261 max=49421 n=49 to=0 | cancels=0(+0/s) seqbad=0 len_bad=0 disc=0(0x00) | tot_n=8639 tot_to=0 maxever=73317 >2ms=8639 >5ms=8639 >15ms=1147 >20ms=641 >30ms=565 | probes=8639 wrfail=0 down=4s maxout=4s
 161.075  t=158s RTT mean=18580 min=11908 max=52212 n=45 to=0 | cancels=0(+0/s) seqbad=0 len_bad=0 disc=0(0x00) | tot_n=8684 tot_to=0 maxever=73317 >2ms=8684 >5ms=8684 >15ms=1161 >20ms=650 >30ms=573 | probes=8685 wrfail=0 down=4s maxout=4s
 161.136  t=159s RTT mean=18913 min=11909 max=55519 n=45 to=0 | cancels=0(+0/s) seqbad=0 len_bad=0 disc=0(0x00) | tot_n=8729 tot_to=0 maxever=73317 >2ms=8729 >5ms=8729 >15ms=1171 >20ms=659 >30ms=582 | probes=8730 wrfail=0 down=4s maxout=4s
 163.087  t=160s RTT mean=18296 min=10464 max=50815 n=47 to=0 | cancels=0(+0/s) seqbad=0 len_bad=0 disc=0(0x00) | tot_n=8776 tot_to=0 maxever=73317 >2ms=8776 >5ms=8776 >15ms=1182 >20ms=668 >30ms=591 | probes=8777 wrfail=0 down=4s maxout=4s
 163.147  t=161s RTT mean=19116 min=11909 max=67274 n=46 to=0 | cancels=0(+0/s) seqbad=0 len_bad=0 disc=0(0x00) | tot_n=8822 tot_to=0 maxever=73317 >2ms=8822 >5ms=8822 >15ms=1196 >20ms=677 >30ms=600 | probes=8823 wrfail=0 down=4s maxout=4s
 165.091  t=162s RTT mean=19723 min=11909 max=55496 n=44 to=0 | cancels=0(+0/s) seqbad=0 len_bad=0 disc=0(0x00) | tot_n=8866 tot_to=0 maxever=73317 >2ms=8866 >5ms=8866 >15ms=1208 >20ms=687 >30ms=610 | probes=8867 wrfail=0 down=4s maxout=4s
 165.151  t=163s RTT mean=17906 min=11909 max=52273 n=46 to=0 | cancels=0(+0/s) seqbad=0 len_bad=0 disc=0(0x00) | tot_n=8912 tot_to=0 maxever=73317 >2ms=8912 >5ms=8912 >15ms=1219 >20ms=696 >30ms=618 | probes=8913 wrfail=0 down=4s maxout=4s
 167.074  t=164s RTT mean=17733 min=10453 max=43774 n=48 to=0 | cancels=0(+0/s) seqbad=0 len_bad=0 disc=0(0x00) | tot_n=8960 tot_to=0 maxever=73317 >2ms=8960 >5ms=8960 >15ms=1229 >20ms=705 >30ms=627 | probes=8961 wrfail=0 down=4s maxout=4s
 167.135  t=165s RTT mean=18136 min=9059 max=55517 n=47 to=0 | cancels=0(+0/s) seqbad=0 len_bad=0 disc=0(0x00) | tot_n=9007 tot_to=0 maxever=73317 >2ms=9007 >5ms=9007 >15ms=1239 >20ms=714 >30ms=636 | probes=9008 wrfail=0 down=4s maxout=4s
 169.107  t=166s RTT mean=19093 min=11909 max=49346 n=47 to=0 | cancels=0(+0/s) seqbad=0 len_bad=0 disc=0(0x00) | tot_n=9054 tot_to=0 maxever=73317 >2ms=9054 >5ms=9054 >15ms=1252 >20ms=724 >30ms=646 | probes=9054 wrfail=0 down=4s maxout=4s
 169.107  t=167s RTT mean=17916 min=11909 max=48023 n=46 to=0 | cancels=0(+0/s) seqbad=0 len_bad=0 disc=0(0x00) | tot_n=9100 tot_to=0 maxever=73317 >2ms=9100 >5ms=9100 >15ms=1263 >20ms=732 >30ms=654 | probes=9101 wrfail=0 down=4s maxout=4s
 171.079  t=168s RTT mean=18761 min=11909 max=50817 n=46 to=0 | cancels=0(+0/s) seqbad=0 len_bad=0 disc=0(0x00) | tot_n=9146 tot_to=0 maxever=73317 >2ms=9146 >5ms=9146 >15ms=1276 >20ms=742 >30ms=663 | probes=9147 wrfail=0 down=4s maxout=4s
 171.132  t=169s RTT mean=18325 min=9059 max=60157 n=47 to=0 | cancels=0(+0/s) seqbad=0 len_bad=0 disc=0(0x00) | tot_n=9193 tot_to=0 maxever=73317 >2ms=9193 >5ms=9193 >15ms=1287 >20ms=751 >30ms=672 | probes=9194 wrfail=0 down=4s maxout=4s
 173.118  t=170s RTT mean=18985 min=10452 max=52227 n=46 to=0 | cancels=0(+0/s) seqbad=0 len_bad=0 disc=0(0x00) | tot_n=9239 tot_to=0 maxever=73317 >2ms=9239 >5ms=9239 >15ms=1299 >20ms=761 >30ms=682 | probes=9240 wrfail=0 down=4s maxout=4s
 173.118  t=171s RTT mean=17469 min=10468 max=48015 n=47 to=0 | cancels=0(+0/s) seqbad=0 len_bad=0 disc=0(0x00) | tot_n=9286 tot_to=0 maxever=73317 >2ms=9286 >5ms=9286 >15ms=1309 >20ms=771 >30ms=690 | probes=9287 wrfail=0 down=4s maxout=4s
 175.092  t=172s RTT mean=18236 min=11464 max=48036 n=47 to=0 | cancels=0(+0/s) seqbad=0 len_bad=0 disc=0(0x00) | tot_n=9333 tot_to=0 maxever=73317 >2ms=9333 >5ms=9333 >15ms=1321 >20ms=781 >30ms=699 | probes=9334 wrfail=0 down=4s maxout=4s
 175.147  t=173s RTT mean=18192 min=9061 max=56477 n=48 to=0 | cancels=0(+0/s) seqbad=0 len_bad=0 disc=0(0x00) | tot_n=9381 tot_to=0 maxever=73317 >2ms=9381 >5ms=9381 >15ms=1331 >20ms=790 >30ms=708 | probes=9382 wrfail=0 down=4s maxout=4s
 177.079  t=174s RTT mean=17817 min=5940 max=53626 n=47 to=0 | cancels=0(+0/s) seqbad=0 len_bad=0 disc=0(0x00) | tot_n=9428 tot_to=0 maxever=73317 >2ms=9428 >5ms=9428 >15ms=1340 >20ms=799 >30ms=717 | probes=9429 wrfail=0 down=4s maxout=4s
 177.138  t=175s RTT mean=18658 min=11909 max=52219 n=46 to=0 | cancels=0(+0/s) seqbad=0 len_bad=0 disc=0(0x00) | tot_n=9474 tot_to=0 maxever=73317 >2ms=9474 >5ms=9474 >15ms=1351 >20ms=808 >30ms=726 | probes=9475 wrfail=0 down=4s maxout=4s
 179.079  t=176s RTT mean=18669 min=11464 max=57371 n=46 to=0 | cancels=0(+0/s) seqbad=0 len_bad=0 disc=0(0x00) | tot_n=9520 tot_to=0 maxever=73317 >2ms=9520 >5ms=9520 >15ms=1363 >20ms=818 >30ms=735 | probes=9521 wrfail=0 down=4s maxout=4s
 179.140  t=177s RTT mean=19912 min=5941 max=49407 n=45 to=0 | cancels=0(+0/s) seqbad=0 len_bad=0 disc=0(0x00) | tot_n=9565 tot_to=0 maxever=73317 >2ms=9565 >5ms=9565 >15ms=1377 >20ms=829 >30ms=746 | probes=9565 wrfail=0 down=4s maxout=4s
 181.086  t=178s RTT mean=17946 min=10467 max=59815 n=46 to=0 | cancels=0(+0/s) seqbad=0 len_bad=0 disc=0(0x00) | tot_n=9611 tot_to=0 maxever=73317 >2ms=9611 >5ms=9611 >15ms=1388 >20ms=837 >30ms=754 | probes=9612 wrfail=0 down=4s maxout=4s
 181.142  t=179s RTT mean=18822 min=11909 max=48017 n=46 to=0 | cancels=0(+0/s) seqbad=0 len_bad=0 disc=0(0x00) | tot_n=9657 tot_to=0 maxever=73317 >2ms=9657 >5ms=9657 >15ms=1403 >20ms=847 >30ms=763 | probes=9658 wrfail=0 down=4s maxout=4s
 183.087  t=180s RTT mean=19118 min=11909 max=51196 n=46 to=0 | cancels=0(+0/s) seqbad=0 len_bad=0 disc=0(0x00) | tot_n=9703 tot_to=0 maxever=73317 >2ms=9703 >5ms=9703 >15ms=1415 >20ms=857 >30ms=773 | probes=9704 wrfail=0 down=4s maxout=4s
 183.147  t=181s RTT mean=19080 min=11909 max=46623 n=45 to=0 | cancels=0(+0/s) seqbad=0 len_bad=0 disc=0(0x00) | tot_n=9748 tot_to=0 maxever=73317 >2ms=9748 >5ms=9748 >15ms=1432 >20ms=866 >30ms=782 | probes=9749 wrfail=0 down=4s maxout=4s
 185.100  t=182s RTT mean=18297 min=11910 max=59657 n=47 to=0 | cancels=0(+0/s) seqbad=0 len_bad=0 disc=0(0x00) | tot_n=9795 tot_to=0 maxever=73317 >2ms=9795 >5ms=9795 >15ms=1443 >20ms=875 >30ms=791 | probes=9796 wrfail=0 down=4s maxout=4s
 185.100  t=183s RTT mean=17763 min=5941 max=48018 n=48 to=0 | cancels=0(+0/s) seqbad=0 len_bad=0 disc=0(0x00) | tot_n=9843 tot_to=0 maxever=73317 >2ms=9843 >5ms=9843 >15ms=1454 >20ms=884 >30ms=800 | probes=9844 wrfail=0 down=4s maxout=4s
 187.131  t=184s RTT mean=18333 min=11909 max=56923 n=46 to=0 | cancels=0(+0/s) seqbad=0 len_bad=0 disc=0(0x00) | tot_n=9889 tot_to=0 maxever=73317 >2ms=9889 >5ms=9889 >15ms=1464 >20ms=892 >30ms=808 | probes=9890 wrfail=0 down=4s maxout=4s
 187.132  PCTL target=50 tot=2788 to=0 p50=11 p90=41 p99=52 p99.9=59 max=67 g30=541 g100=0 (ms/counts)
 187.132  LOADRAMP: target=75 KBps for 60s
 187.132  t=185s RTT mean=19040 min=5940 max=53565 n=44 to=0 | cancels=0(+0/s) seqbad=0 len_bad=0 disc=0(0x00) | tot_n=9933 tot_to=0 maxever=73317 >2ms=9933 >5ms=9933 >15ms=1476 >20ms=902 >30ms=817 | probes=9934 wrfail=0 down=4s maxout=4s
 189.078  t=186s RTT mean=23398 min=11909 max=52227 n=38 to=0 | cancels=0(+0/s) seqbad=0 len_bad=0 disc=0(0x00) | tot_n=9971 tot_to=0 maxever=73317 >2ms=9971 >5ms=9971 >15ms=1491 >20ms=916 >30ms=831 | probes=9972 wrfail=0 down=4s maxout=4s
 189.139  t=187s RTT mean=23288 min=11464 max=48015 n=38 to=0 | cancels=0(+0/s) seqbad=0 len_bad=0 disc=0(0x00) | tot_n=10009 tot_to=0 maxever=73317 >2ms=10009 >5ms=10009 >15ms=1506 >20ms=930 >30ms=845 | probes=10010 wrfail=0 down=4s maxout=4s
 191.124  t=188s RTT mean=26957 min=5941 max=73317 n=33 to=0 | cancels=0(+0/s) seqbad=0 len_bad=0 disc=0(0x00) | tot_n=10042 tot_to=0 maxever=73317 >2ms=10042 >5ms=10042 >15ms=1520 >20ms=944 >30ms=859 | probes=10043 wrfail=0 down=4s maxout=4s
 191.124  t=189s RTT mean=24279 min=11464 max=49872 n=37 to=0 | cancels=0(+0/s) seqbad=0 len_bad=0 disc=0(0x00) | tot_n=10079 tot_to=0 maxever=73317 >2ms=10079 >5ms=10079 >15ms=1535 >20ms=958 >30ms=873 | probes=10080 wrfail=0 down=4s maxout=4s
 193.087  t=190s RTT mean=22929 min=5940 max=48016 n=38 to=0 | cancels=0(+0/s) seqbad=0 len_bad=0 disc=0(0x00) | tot_n=10117 tot_to=0 maxever=73317 >2ms=10117 >5ms=10117 >15ms=1550 >20ms=972 >30ms=887 | probes=10118 wrfail=0 down=4s maxout=4s
 193.147  t=191s RTT mean=24114 min=5941 max=49424 n=37 to=0 | cancels=0(+0/s) seqbad=0 len_bad=0 disc=0(0x00) | tot_n=10154 tot_to=0 maxever=73317 >2ms=10154 >5ms=10154 >15ms=1567 >20ms=986 >30ms=901 | probes=10155 wrfail=0 down=4s maxout=4s
 195.100  t=192s RTT mean=26211 min=11909 max=49870 n=34 to=0 | cancels=0(+0/s) seqbad=0 len_bad=0 disc=0(0x00) | tot_n=10188 tot_to=0 maxever=73317 >2ms=10188 >5ms=10188 >15ms=1586 >20ms=1001 >30ms=915 | probes=10189 wrfail=0 down=4s maxout=4s
 195.100  t=193s RTT mean=23400 min=11910 max=49870 n=38 to=0 | cancels=0(+0/s) seqbad=0 len_bad=0 disc=0(0x00) | tot_n=10226 tot_to=0 maxever=73317 >2ms=10226 >5ms=10226 >15ms=1601 >20ms=1015 >30ms=929 | probes=10227 wrfail=0 down=4s maxout=4s
 197.113  t=194s RTT mean=25414 min=11909 max=65801 n=35 to=0 | cancels=0(+0/s) seqbad=0 len_bad=0 disc=0(0x00) | tot_n=10261 tot_to=0 maxever=73317 >2ms=10261 >5ms=10261 >15ms=1617 >20ms=1030 >30ms=943 | probes=10262 wrfail=0 down=4s maxout=4s
 197.113  t=195s RTT mean=25281 min=11911 max=51199 n=35 to=0 | cancels=0(+0/s) seqbad=0 len_bad=0 disc=0(0x00) | tot_n=10296 tot_to=0 maxever=73317 >2ms=10296 >5ms=10296 >15ms=1634 >20ms=1044 >30ms=957 | probes=10297 wrfail=0 down=4s maxout=4s
 199.119  t=196s RTT mean=25131 min=11909 max=55515 n=36 to=0 | cancels=0(+0/s) seqbad=0 len_bad=0 disc=0(0x00) | tot_n=10332 tot_to=0 maxever=73317 >2ms=10332 >5ms=10332 >15ms=1650 >20ms=1058 >30ms=971 | probes=10333 wrfail=0 down=4s maxout=4s
 199.119  t=197s RTT mean=23544 min=5941 max=56923 n=37 to=0 | cancels=0(+0/s) seqbad=0 len_bad=0 disc=0(0x00) | tot_n=10369 tot_to=0 maxever=73317 >2ms=10369 >5ms=10369 >15ms=1664 >20ms=1072 >30ms=985 | probes=10370 wrfail=0 down=4s maxout=4s
 201.088  t=198s RTT mean=25589 min=11463 max=55845 n=35 to=0 | cancels=0(+0/s) seqbad=0 len_bad=0 disc=0(0x00) | tot_n=10404 tot_to=0 maxever=73317 >2ms=10404 >5ms=10404 >15ms=1680 >20ms=1086 >30ms=999 | probes=10405 wrfail=0 down=4s maxout=4s
 201.149  t=199s RTT mean=23720 min=7341 max=62570 n=38 to=0 | cancels=0(+0/s) seqbad=0 len_bad=0 disc=0(0x00) | tot_n=10442 tot_to=0 maxever=73317 >2ms=10442 >5ms=10442 >15ms=1694 >20ms=1100 >30ms=1013 | probes=10443 wrfail=0 down=4s maxout=4s
 203.100  t=200s RTT mean=24532 min=5941 max=67210 n=36 to=0 | cancels=0(+0/s) seqbad=0 len_bad=0 disc=0(0x00) | tot_n=10478 tot_to=0 maxever=73317 >2ms=10478 >5ms=10478 >15ms=1708 >20ms=1114 >30ms=1027 | probes=10479 wrfail=0 down=4s maxout=4s
 203.161  t=201s RTT mean=25456 min=11909 max=54113 n=36 to=0 | cancels=0(+0/s) seqbad=0 len_bad=0 disc=0(0x00) | tot_n=10514 tot_to=0 maxever=73317 >2ms=10514 >5ms=10514 >15ms=1724 >20ms=1129 >30ms=1042 | probes=10514 wrfail=0 down=4s maxout=4s
 205.132  t=202s RTT mean=23503 min=11909 max=58302 n=36 to=0 | cancels=0(+0/s) seqbad=0 len_bad=0 disc=0(0x00) | tot_n=10550 tot_to=0 maxever=73317 >2ms=10550 >5ms=10550 >15ms=1738 >20ms=1142 >30ms=1055 | probes=10551 wrfail=0 down=4s maxout=4s
 205.132  t=203s RTT mean=23361 min=11909 max=56908 n=38 to=0 | cancels=0(+0/s) seqbad=0 len_bad=0 disc=0(0x00) | tot_n=10588 tot_to=0 maxever=73317 >2ms=10588 >5ms=10588 >15ms=1753 >20ms=1156 >30ms=1069 | probes=10589 wrfail=0 down=4s maxout=4s
 207.133  t=204s RTT mean=23632 min=11908 max=54135 n=37 to=0 | cancels=0(+0/s) seqbad=0 len_bad=0 disc=0(0x00) | tot_n=10625 tot_to=0 maxever=73317 >2ms=10625 >5ms=10625 >15ms=1768 >20ms=1170 >30ms=1083 | probes=10626 wrfail=0 down=4s maxout=4s
 207.134  t=205s RTT mean=24459 min=11909 max=50823 n=38 to=0 | cancels=0(+0/s) seqbad=0 len_bad=0 disc=0(0x00) | tot_n=10663 tot_to=0 maxever=73317 >2ms=10663 >5ms=10663 >15ms=1783 >20ms=1185 >30ms=1098 | probes=10664 wrfail=0 down=4s maxout=4s
 209.083  t=206s RTT mean=24414 min=5941 max=61126 n=36 to=0 | cancels=0(+0/s) seqbad=0 len_bad=0 disc=0(0x00) | tot_n=10699 tot_to=0 maxever=73317 >2ms=10699 >5ms=10699 >15ms=1800 >20ms=1200 >30ms=1112 | probes=10700 wrfail=0 down=4s maxout=4s
 209.135  t=207s RTT mean=24166 min=11909 max=55517 n=37 to=0 | cancels=0(+0/s) seqbad=0 len_bad=0 disc=0(0x00) | tot_n=10736 tot_to=0 maxever=73317 >2ms=10736 >5ms=10736 >15ms=1816 >20ms=1214 >30ms=1126 | probes=10737 wrfail=0 down=4s maxout=4s
 211.099  t=208s RTT mean=24544 min=11909 max=55401 n=35 to=0 | cancels=0(+0/s) seqbad=0 len_bad=0 disc=0(0x00) | tot_n=10771 tot_to=0 maxever=73317 >2ms=10771 >5ms=10771 >15ms=1831 >20ms=1227 >30ms=1139 | probes=10772 wrfail=0 down=4s maxout=4s
 211.158  t=209s RTT mean=25333 min=11909 max=56902 n=35 to=0 | cancels=0(+0/s) seqbad=0 len_bad=0 disc=0(0x00) | tot_n=10806 tot_to=0 maxever=73317 >2ms=10806 >5ms=10806 >15ms=1848 >20ms=1242 >30ms=1153 | probes=10807 wrfail=0 down=4s maxout=4s
 213.114  t=210s RTT mean=25039 min=11909 max=55515 n=36 to=0 | cancels=0(+0/s) seqbad=0 len_bad=0 disc=0(0x00) | tot_n=10842 tot_to=0 maxever=73317 >2ms=10842 >5ms=10842 >15ms=1864 >20ms=1256 >30ms=1167 | probes=10843 wrfail=0 down=4s maxout=4s
 213.114  t=211s RTT mean=26350 min=11910 max=52720 n=34 to=0 | cancels=0(+0/s) seqbad=0 len_bad=0 disc=0(0x00) | tot_n=10876 tot_to=0 maxever=73317 >2ms=10876 >5ms=10876 >15ms=1883 >20ms=1270 >30ms=1181 | probes=10877 wrfail=0 down=4s maxout=4s
 215.086  t=212s RTT mean=23068 min=11909 max=48015 n=39 to=0 | cancels=0(+0/s) seqbad=0 len_bad=0 disc=0(0x00) | tot_n=10915 tot_to=0 maxever=73317 >2ms=10915 >5ms=10915 >15ms=1898 >20ms=1285 >30ms=1196 | probes=10916 wrfail=0 down=4s maxout=4s
 215.142  t=213s RTT mean=23399 min=10418 max=46634 n=38 to=0 | cancels=0(+0/s) seqbad=0 len_bad=0 disc=0(0x00) | tot_n=10953 tot_to=0 maxever=73317 >2ms=10953 >5ms=10953 >15ms=1915 >20ms=1299 >30ms=1210 | probes=10954 wrfail=0 down=4s maxout=4s
 217.130  t=214s RTT mean=22337 min=11526 max=52702 n=38 to=0 | cancels=0(+0/s) seqbad=0 len_bad=0 disc=0(0x00) | tot_n=10991 tot_to=0 maxever=73317 >2ms=10991 >5ms=10991 >15ms=1929 >20ms=1312 >30ms=1223 | probes=10992 wrfail=0 down=4s maxout=4s
 217.131  t=215s RTT mean=24151 min=11464 max=46633 n=38 to=0 | cancels=0(+0/s) seqbad=0 len_bad=0 disc=0(0x00) | tot_n=11029 tot_to=0 maxever=73317 >2ms=11029 >5ms=11029 >15ms=1946 >20ms=1327 >30ms=1238 | probes=11030 wrfail=0 down=4s maxout=4s
 219.081  t=216s RTT mean=25629 min=11909 max=55514 n=35 to=0 | cancels=0(+0/s) seqbad=0 len_bad=0 disc=0(0x00) | tot_n=11064 tot_to=0 maxever=73317 >2ms=11064 >5ms=11064 >15ms=1964 >20ms=1341 >30ms=1252 | probes=11064 wrfail=0 down=4s maxout=4s
 219.133  t=217s RTT mean=24637 min=11909 max=55068 n=35 to=0 | cancels=0(+0/s) seqbad=0 len_bad=0 disc=0(0x00) | tot_n=11099 tot_to=0 maxever=73317 >2ms=11099 >5ms=11099 >15ms=1980 >20ms=1354 >30ms=1265 | probes=11100 wrfail=0 down=4s maxout=4s
 221.120  t=218s RTT mean=24584 min=11464 max=56908 n=36 to=0 | cancels=0(+0/s) seqbad=0 len_bad=0 disc=0(0x00) | tot_n=11135 tot_to=0 maxever=73317 >2ms=11135 >5ms=11135 >15ms=1994 >20ms=1368 >30ms=1279 | probes=11136 wrfail=0 down=4s maxout=4s
 221.121  t=219s RTT mean=23417 min=11909 max=46613 n=39 to=0 | cancels=0(+0/s) seqbad=0 len_bad=0 disc=0(0x00) | tot_n=11174 tot_to=0 maxever=73317 >2ms=11174 >5ms=11174 >15ms=2012 >20ms=1384 >30ms=1294 | probes=11174 wrfail=0 down=4s maxout=4s
 223.135  t=220s RTT mean=22898 min=5940 max=56476 n=37 to=0 | cancels=0(+0/s) seqbad=0 len_bad=0 disc=0(0x00) | tot_n=11211 tot_to=0 maxever=73317 >2ms=11211 >5ms=11211 >15ms=2025 >20ms=1397 >30ms=1307 | probes=11212 wrfail=0 down=4s maxout=4s
 223.136  t=221s RTT mean=24187 min=11909 max=49866 n=38 to=0 | cancels=0(+0/s) seqbad=0 len_bad=0 disc=0(0x00) | tot_n=11249 tot_to=0 maxever=73317 >2ms=11249 >5ms=11249 >15ms=2042 >20ms=1412 >30ms=1322 | probes=11250 wrfail=0 down=4s maxout=4s
 225.138  t=222s RTT mean=23711 min=11909 max=50845 n=36 to=0 | cancels=0(+0/s) seqbad=0 len_bad=0 disc=0(0x00) | tot_n=11285 tot_to=0 maxever=73317 >2ms=11285 >5ms=11285 >15ms=2057 >20ms=1425 >30ms=1335 | probes=11286 wrfail=0 down=4s maxout=4s
 225.138  t=223s RTT mean=24926 min=11909 max=51259 n=37 to=0 | cancels=0(+0/s) seqbad=0 len_bad=0 disc=0(0x00) | tot_n=11322 tot_to=0 maxever=73317 >2ms=11322 >5ms=11322 >15ms=2074 >20ms=1440 >30ms=1350 | probes=11323 wrfail=0 down=4s maxout=4s
 227.100  t=224s RTT mean=25414 min=11909 max=53627 n=35 to=0 | cancels=0(+0/s) seqbad=0 len_bad=0 disc=0(0x00) | tot_n=11357 tot_to=0 maxever=73317 >2ms=11357 >5ms=11357 >15ms=2090 >20ms=1454 >30ms=1364 | probes=11358 wrfail=0 down=4s maxout=4s
 227.155  t=225s RTT mean=24583 min=11461 max=49418 n=36 to=0 | cancels=0(+0/s) seqbad=0 len_bad=0 disc=0(0x00) | tot_n=11393 tot_to=0 maxever=73317 >2ms=11393 >5ms=11393 >15ms=2107 >20ms=1469 >30ms=1378 | probes=11394 wrfail=0 down=4s maxout=4s
 229.137  t=226s RTT mean=22406 min=5940 max=44718 n=39 to=0 | cancels=0(+0/s) seqbad=0 len_bad=0 disc=0(0x00) | tot_n=11432 tot_to=0 maxever=73317 >2ms=11432 >5ms=11432 >15ms=2123 >20ms=1484 >30ms=1392 | probes=11433 wrfail=0 down=4s maxout=4s
 229.137  t=227s RTT mean=23485 min=11464 max=49409 n=38 to=0 | cancels=0(+0/s) seqbad=0 len_bad=0 disc=0(0x00) | tot_n=11470 tot_to=0 maxever=73317 >2ms=11470 >5ms=11470 >15ms=2139 >20ms=1498 >30ms=1406 | probes=11471 wrfail=0 down=4s maxout=4s
 231.089  t=228s RTT mean=23026 min=11909 max=56923 n=37 to=0 | cancels=0(+0/s) seqbad=0 len_bad=0 disc=0(0x00) | tot_n=11507 tot_to=0 maxever=73317 >2ms=11507 >5ms=11507 >15ms=2155 >20ms=1511 >30ms=1419 | probes=11508 wrfail=0 down=4s maxout=4s
 231.149  t=229s RTT mean=23561 min=5941 max=52210 n=39 to=0 | cancels=0(+0/s) seqbad=0 len_bad=0 disc=0(0x00) | tot_n=11546 tot_to=0 maxever=73317 >2ms=11546 >5ms=11546 >15ms=2171 >20ms=1526 >30ms=1434 | probes=11547 wrfail=0 down=4s maxout=4s
 233.100  t=230s RTT mean=23288 min=11909 max=52209 n=38 to=0 | cancels=0(+0/s) seqbad=0 len_bad=0 disc=0(0x00) | tot_n=11584 tot_to=0 maxever=73317 >2ms=11584 >5ms=11584 >15ms=2186 >20ms=1540 >30ms=1448 | probes=11584 wrfail=0 down=4s maxout=4s
 233.155  t=231s RTT mean=25108 min=11910 max=58698 n=34 to=0 | cancels=0(+0/s) seqbad=0 len_bad=0 disc=0(0x00) | tot_n=11618 tot_to=0 maxever=73317 >2ms=11618 >5ms=11618 >15ms=2201 >20ms=1553 >30ms=1461 | probes=11619 wrfail=0 down=4s maxout=4s
 235.088  t=232s RTT mean=24151 min=11464 max=52216 n=38 to=0 | cancels=0(+0/s) seqbad=0 len_bad=0 disc=0(0x00) | tot_n=11656 tot_to=0 maxever=73317 >2ms=11656 >5ms=11656 >15ms=2217 >20ms=1568 >30ms=1476 | probes=11657 wrfail=0 down=4s maxout=4s
 235.140  t=233s RTT mean=24831 min=11910 max=58316 n=36 to=0 | cancels=0(+0/s) seqbad=0 len_bad=0 disc=0(0x00) | tot_n=11692 tot_to=0 maxever=73317 >2ms=11692 >5ms=11692 >15ms=2231 >20ms=1582 >30ms=1490 | probes=11693 wrfail=0 down=4s maxout=4s
 237.090  t=234s RTT mean=27851 min=11909 max=69073 n=32 to=0 | cancels=0(+0/s) seqbad=0 len_bad=0 disc=0(0x00) | tot_n=11724 tot_to=0 maxever=73317 >2ms=11724 >5ms=11724 >15ms=2247 >20ms=1596 >30ms=1503 | probes=11725 wrfail=0 down=4s maxout=4s
 237.150  t=235s RTT mean=25454 min=11909 max=55515 n=35 to=0 | cancels=0(+0/s) seqbad=0 len_bad=0 disc=0(0x00) | tot_n=11759 tot_to=0 maxever=73317 >2ms=11759 >5ms=11759 >15ms=2265 >20ms=1612 >30ms=1517 | probes=11760 wrfail=0 down=4s maxout=4s
 239.131  t=236s RTT mean=22534 min=11909 max=49424 n=38 to=0 | cancels=0(+0/s) seqbad=0 len_bad=0 disc=0(0x00) | tot_n=11797 tot_to=0 maxever=73317 >2ms=11797 >5ms=11797 >15ms=2280 >20ms=1625 >30ms=1530 | probes=11798 wrfail=0 down=4s maxout=4s
 239.131  t=237s RTT mean=24263 min=5493 max=48016 n=38 to=0 | cancels=0(+0/s) seqbad=0 len_bad=0 disc=0(0x00) | tot_n=11835 tot_to=0 maxever=73317 >2ms=11835 >5ms=11835 >15ms=2298 >20ms=1641 >30ms=1545 | probes=11835 wrfail=0 down=4s maxout=4s
 241.139  t=238s RTT mean=24583 min=5940 max=53993 n=36 to=0 | cancels=0(+0/s) seqbad=0 len_bad=0 disc=0(0x00) | tot_n=11871 tot_to=0 maxever=73317 >2ms=11871 >5ms=11871 >15ms=2314 >20ms=1655 >30ms=1559 | probes=11872 wrfail=0 down=4s maxout=4s
 241.139  t=239s RTT mean=22648 min=9025 max=46127 n=39 to=0 | cancels=0(+0/s) seqbad=0 len_bad=0 disc=0(0x00) | tot_n=11910 tot_to=0 maxever=73317 >2ms=11910 >5ms=11910 >15ms=2329 >20ms=1669 >30ms=1573 | probes=11910 wrfail=0 down=4s maxout=4s
 243.095  t=240s RTT mean=24453 min=5941 max=52210 n=36 to=0 | cancels=0(+0/s) seqbad=0 len_bad=0 disc=0(0x00) | tot_n=11946 tot_to=0 maxever=73317 >2ms=11946 >5ms=11946 >15ms=2346 >20ms=1683 >30ms=1587 | probes=11947 wrfail=0 down=4s maxout=4s
 243.155  t=241s RTT mean=24114 min=11463 max=61490 n=37 to=0 | cancels=0(+0/s) seqbad=0 len_bad=0 disc=0(0x00) | tot_n=11983 tot_to=0 maxever=73317 >2ms=11983 >5ms=11983 >15ms=2361 >20ms=1697 >30ms=1601 | probes=11984 wrfail=0 down=4s maxout=4s
 245.142  t=242s RTT mean=23789 min=11464 max=46642 n=36 to=0 | cancels=0(+0/s) seqbad=0 len_bad=0 disc=0(0x00) | tot_n=12019 tot_to=0 maxever=73317 >2ms=12019 >5ms=12019 >15ms=2379 >20ms=1712 >30ms=1614 | probes=12020 wrfail=0 down=4s maxout=4s
 245.142  t=243s RTT mean=24114 min=6390 max=59773 n=38 to=0 | cancels=0(+0/s) seqbad=0 len_bad=0 disc=0(0x00) | tot_n=12057 tot_to=0 maxever=73317 >2ms=12057 >5ms=12057 >15ms=2395 >20ms=1727 >30ms=1628 | probes=12058 wrfail=0 down=4s maxout=4s
 247.135  t=244s RTT mean=22214 min=11908 max=49409 n=38 to=0 | cancels=0(+0/s) seqbad=0 len_bad=0 disc=0(0x00) | tot_n=12095 tot_to=0 maxever=73317 >2ms=12095 >5ms=12095 >15ms=2408 >20ms=1740 >30ms=1641 | probes=12096 wrfail=0 down=4s maxout=4s
 247.135  PCTL target=75 tot=2200 to=0 p50=11 p90=46 p99=55 p99.9=65 max=73 g30=838 g100=0 (ms/counts)
 247.135  LOADRAMP: target=100 KBps for 60s
 247.135  t=245s RTT mean=23644 min=11909 max=49424 n=38 to=0 | cancels=0(+0/s) seqbad=0 len_bad=0 disc=0(0x00) | tot_n=12133 tot_to=0 maxever=73317 >2ms=12133 >5ms=12133 >15ms=2425 >20ms=1755 >30ms=1655 | probes=12134 wrfail=0 down=4s maxout=4s
 249.142  t=246s RTT mean=31717 min=11909 max=52211 n=29 to=0 | cancels=0(+0/s) seqbad=0 len_bad=0 disc=0(0x00) | tot_n=12162 tot_to=0 maxever=73317 >2ms=12162 >5ms=12162 >15ms=2444 >20ms=1774 >30ms=1674 | probes=12163 wrfail=0 down=4s maxout=4s
 249.142  t=247s RTT mean=35696 min=11910 max=59775 n=26 to=0 | cancels=0(+0/s) seqbad=0 len_bad=0 disc=0(0x00) | tot_n=12188 tot_to=0 maxever=73317 >2ms=12188 >5ms=12188 >15ms=2466 >20ms=1794 >30ms=1692 | probes=12189 wrfail=0 down=4s maxout=4s
 251.124  t=248s RTT mean=32104 min=11909 max=49425 n=28 to=0 | cancels=0(+0/s) seqbad=0 len_bad=0 disc=0(0x00) | tot_n=12216 tot_to=0 maxever=73317 >2ms=12216 >5ms=12216 >15ms=2487 >20ms=1813 >30ms=1709 | probes=12217 wrfail=0 down=4s maxout=4s
 251.124  t=249s RTT mean=32538 min=5940 max=55526 n=28 to=0 | cancels=0(+0/s) seqbad=0 len_bad=0 disc=0(0x00) | tot_n=12244 tot_to=0 maxever=73317 >2ms=12244 >5ms=12244 >15ms=2505 >20ms=1831 >30ms=1727 | probes=12245 wrfail=0 down=4s maxout=4s
 253.113  t=250s RTT mean=34941 min=11908 max=50816 n=26 to=0 | cancels=0(+0/s) seqbad=0 len_bad=0 disc=0(0x00) | tot_n=12270 tot_to=0 maxever=73317 >2ms=12270 >5ms=12270 >15ms=2525 >20ms=1850 >30ms=1746 | probes=12271 wrfail=0 down=4s maxout=4s
 253.113  t=251s RTT mean=32184 min=11909 max=50817 n=29 to=0 | cancels=0(+0/s) seqbad=0 len_bad=0 disc=0(0x00) | tot_n=12299 tot_to=0 maxever=73317 >2ms=12299 >5ms=12299 >15ms=2546 >20ms=1869 >30ms=1765 | probes=12300 wrfail=0 down=4s maxout=4s
 255.108  t=252s RTT mean=34309 min=11909 max=67720 n=26 to=0 | cancels=0(+0/s) seqbad=0 len_bad=0 disc=0(0x00) | tot_n=12325 tot_to=0 maxever=73317 >2ms=12325 >5ms=12325 >15ms=2564 >20ms=1887 >30ms=1782 | probes=12326 wrfail=0 down=4s maxout=4s
 255.168  t=253s RTT mean=33862 min=11908 max=52209 n=27 to=0 | cancels=0(+0/s) seqbad=0 len_bad=0 disc=0(0x00) | tot_n=12352 tot_to=0 maxever=73317 >2ms=12352 >5ms=12352 >15ms=2583 >20ms=1906 >30ms=1800 | probes=12353 wrfail=0 down=4s maxout=4s
 257.113  t=254s RTT mean=37958 min=11910 max=64414 n=25 to=0 | cancels=0(+0/s) seqbad=0 len_bad=0 disc=0(0x00) | tot_n=12377 tot_to=0 maxever=73317 >2ms=12377 >5ms=12377 >15ms=2602 >20ms=1925 >30ms=1818 | probes=12378 wrfail=0 down=4s maxout=4s
 257.113  t=255s RTT mean=41237 min=11463 max=70506 n=22 to=0 | cancels=0(+0/s) seqbad=0 len_bad=0 disc=0(0x00) | tot_n=12399 tot_to=0 maxever=73317 >2ms=12399 >5ms=12399 >15ms=2621 >20ms=1944 >30ms=1837 | probes=12400 wrfail=0 down=4s maxout=4s
 259.118  t=256s RTT mean=32541 min=11909 max=54113 n=28 to=0 | cancels=0(+0/s) seqbad=0 len_bad=0 disc=0(0x00) | tot_n=12427 tot_to=0 maxever=73317 >2ms=12427 >5ms=12427 >15ms=2640 >20ms=1963 >30ms=1856 | probes=12428 wrfail=0 down=4s maxout=4s
 259.118  t=257s RTT mean=31568 min=8683 max=50836 n=29 to=0 | cancels=0(+0/s) seqbad=0 len_bad=0 disc=0(0x00) | tot_n=12456 tot_to=0 maxever=73317 >2ms=12456 >5ms=12456 >15ms=2659 >20ms=1981 >30ms=1874 | probes=12457 wrfail=0 down=4s maxout=4s
 261.106  t=258s RTT mean=35075 min=11910 max=54134 n=27 to=0 | cancels=0(+0/s) seqbad=0 len_bad=0 disc=0(0x00) | tot_n=12483 tot_to=0 maxever=73317 >2ms=12483 >5ms=12483 >15ms=2679 >20ms=2001 >30ms=1893 | probes=12484 wrfail=0 down=4s maxout=4s
 261.164  t=259s RTT mean=33027 min=11909 max=54111 n=28 to=0 | cancels=0(+0/s) seqbad=0 len_bad=0 disc=0(0x00) | tot_n=12511 tot_to=0 maxever=73317 >2ms=12511 >5ms=12511 >15ms=2698 >20ms=2020 >30ms=1912 | probes=12512 wrfail=0 down=4s maxout=4s
 263.089  t=260s RTT mean=31522 min=5941 max=49417 n=29 to=0 | cancels=0(+0/s) seqbad=0 len_bad=0 disc=0(0x00) | tot_n=12540 tot_to=0 maxever=73317 >2ms=12540 >5ms=12540 >15ms=2718 >20ms=2039 >30ms=1931 | probes=12540 wrfail=0 down=4s maxout=4s
 263.149  t=261s RTT mean=33635 min=11909 max=49424 n=27 to=0 | cancels=0(+0/s) seqbad=0 len_bad=0 disc=0(0x00) | tot_n=12567 tot_to=0 maxever=73317 >2ms=12567 >5ms=12567 >15ms=2737 >20ms=2058 >30ms=1950 | probes=12568 wrfail=0 down=4s maxout=4s
 265.098  t=262s RTT mean=30488 min=11909 max=50823 n=29 to=0 | cancels=0(+0/s) seqbad=0 len_bad=0 disc=0(0x00) | tot_n=12596 tot_to=0 maxever=73317 >2ms=12596 >5ms=12596 >15ms=2755 >20ms=2076 >30ms=1967 | probes=12597 wrfail=0 down=4s maxout=4s
 265.156  t=263s RTT mean=31165 min=11909 max=46126 n=30 to=0 | cancels=0(+0/s) seqbad=0 len_bad=0 disc=0(0x00) | tot_n=12626 tot_to=0 maxever=73317 >2ms=12626 >5ms=12626 >15ms=2775 >20ms=2096 >30ms=1986 | probes=12627 wrfail=0 down=4s maxout=4s
 267.131  t=264s RTT mean=29711 min=11909 max=55516 n=30 to=0 | cancels=0(+0/s) seqbad=0 len_bad=0 disc=0(0x00) | tot_n=12656 tot_to=0 maxever=73317 >2ms=12656 >5ms=12656 >15ms=2793 >20ms=2113 >30ms=2003 | probes=12657 wrfail=0 down=4s maxout=4s
 267.131  t=265s RTT mean=37659 min=11909 max=60220 n=24 to=0 | cancels=0(+0/s) seqbad=0 len_bad=0 disc=0(0x00) | tot_n=12680 tot_to=0 maxever=73317 >2ms=12680 >5ms=12680 >15ms=2812 >20ms=2132 >30ms=2022 | probes=12681 wrfail=0 down=4s maxout=4s
 269.095  t=266s RTT mean=35250 min=11909 max=59756 n=27 to=0 | cancels=0(+0/s) seqbad=0 len_bad=0 disc=0(0x00) | tot_n=12707 tot_to=0 maxever=73317 >2ms=12707 >5ms=12707 >15ms=2832 >20ms=2152 >30ms=2042 | probes=12708 wrfail=0 down=4s maxout=4s
 269.152  t=267s RTT mean=31474 min=11908 max=50802 n=29 to=0 | cancels=0(+0/s) seqbad=0 len_bad=0 disc=0(0x00) | tot_n=12736 tot_to=0 maxever=73317 >2ms=12736 >5ms=12736 >15ms=2851 >20ms=2171 >30ms=2061 | probes=12737 wrfail=0 down=4s maxout=4s
 271.114  t=268s RTT mean=33633 min=11909 max=64407 n=27 to=0 | cancels=0(+0/s) seqbad=0 len_bad=0 disc=0(0x00) | tot_n=12763 tot_to=0 maxever=73317 >2ms=12763 >5ms=12763 >15ms=2870 >20ms=2189 >30ms=2078 | probes=12764 wrfail=0 down=4s maxout=4s
 271.114  t=269s RTT mean=34309 min=5940 max=56908 n=26 to=0 | cancels=0(+0/s) seqbad=0 len_bad=0 disc=0(0x00) | tot_n=12789 tot_to=0 maxever=73317 >2ms=12789 >5ms=12789 >15ms=2890 >20ms=2208 >30ms=2096 | probes=12790 wrfail=0 down=4s maxout=4s
 273.141  t=270s RTT mean=41445 min=11911 max=64420 n=23 to=0 | cancels=0(+0/s) seqbad=0 len_bad=0 disc=0(0x00) | tot_n=12812 tot_to=0 maxever=73317 >2ms=12812 >5ms=12812 >15ms=2910 >20ms=2227 >30ms=2115 | probes=12813 wrfail=0 down=4s maxout=4s
 273.141  t=271s RTT mean=43635 min=11910 max=69133 n=21 to=0 | cancels=0(+0/s) seqbad=0 len_bad=0 disc=0(0x00) | tot_n=12833 tot_to=0 maxever=73317 >2ms=12833 >5ms=12833 >15ms=2929 >20ms=2246 >30ms=2134 | probes=12834 wrfail=0 down=4s maxout=4s
 275.139  t=272s RTT mean=44284 min=13002 max=55516 n=21 to=0 | cancels=0(+0/s) seqbad=0 len_bad=0 disc=0(0x00) | tot_n=12854 tot_to=0 maxever=73317 >2ms=12854 >5ms=12854 >15ms=2949 >20ms=2265 >30ms=2153 | probes=12855 wrfail=0 down=4s maxout=4s
 275.139  t=273s RTT mean=37175 min=11909 max=53626 n=26 to=0 | cancels=0(+0/s) seqbad=0 len_bad=0 disc=0(0x00) | tot_n=12880 tot_to=0 maxever=73317 >2ms=12880 >5ms=12880 >15ms=2969 >20ms=2285 >30ms=2173 | probes=12880 wrfail=0 down=4s maxout=4s
 277.126  t=274s RTT mean=35146 min=11909 max=56909 n=25 to=0 | cancels=0(+0/s) seqbad=0 len_bad=0 disc=0(0x00) | tot_n=12905 tot_to=0 maxever=73317 >2ms=12905 >5ms=12905 >15ms=2988 >20ms=2303 >30ms=2191 | probes=12906 wrfail=0 down=4s maxout=4s
 277.126  t=275s RTT mean=35404 min=11909 max=55515 n=27 to=0 | cancels=0(+0/s) seqbad=0 len_bad=0 disc=0(0x00) | tot_n=12932 tot_to=0 maxever=73317 >2ms=12932 >5ms=12932 >15ms=3008 >20ms=2323 >30ms=2210 | probes=12933 wrfail=0 down=4s maxout=4s
 279.143  t=276s RTT mean=34021 min=11909 max=55515 n=26 to=0 | cancels=0(+0/s) seqbad=0 len_bad=0 disc=0(0x00) | tot_n=12958 tot_to=0 maxever=73317 >2ms=12958 >5ms=12958 >15ms=3026 >20ms=2341 >30ms=2228 | probes=12959 wrfail=0 down=4s maxout=4s
 279.143  t=277s RTT mean=38735 min=11909 max=60221 n=24 to=0 | cancels=0(+0/s) seqbad=0 len_bad=0 disc=0(0x00) | tot_n=12982 tot_to=0 maxever=73317 >2ms=12982 >5ms=12982 >15ms=3045 >20ms=2360 >30ms=2246 | probes=12983 wrfail=0 down=4s maxout=4s
 281.135  t=278s RTT mean=39962 min=11909 max=67711 n=23 to=0 | cancels=0(+0/s) seqbad=0 len_bad=0 disc=0(0x00) | tot_n=13005 tot_to=0 maxever=73317 >2ms=13005 >5ms=13005 >15ms=3065 >20ms=2379 >30ms=2264 | probes=13006 wrfail=0 down=4s maxout=4s
 281.135  t=279s RTT mean=34573 min=11909 max=49426 n=27 to=0 | cancels=0(+0/s) seqbad=0 len_bad=0 disc=0(0x00) | tot_n=13032 tot_to=0 maxever=73317 >2ms=13032 >5ms=13032 >15ms=3086 >20ms=2398 >30ms=2283 | probes=13033 wrfail=0 down=4s maxout=4s
 283.097  t=280s RTT mean=34973 min=11909 max=54123 n=27 to=0 | cancels=0(+0/s) seqbad=0 len_bad=0 disc=0(0x00) | tot_n=13059 tot_to=0 maxever=73317 >2ms=13059 >5ms=13059 >15ms=3106 >20ms=2418 >30ms=2302 | probes=13060 wrfail=0 down=4s maxout=4s
 283.154  t=281s RTT mean=36950 min=11909 max=70511 n=25 to=0 | cancels=0(+0/s) seqbad=0 len_bad=0 disc=0(0x00) | tot_n=13084 tot_to=0 maxever=73317 >2ms=13084 >5ms=13084 >15ms=3125 >20ms=2437 >30ms=2321 | probes=13085 wrfail=0 down=4s maxout=4s
 285.119  t=282s RTT mean=34017 min=11909 max=55489 n=27 to=0 | cancels=0(+0/s) seqbad=0 len_bad=0 disc=0(0x00) | tot_n=13111 tot_to=0 maxever=73317 >2ms=13111 >5ms=13111 >15ms=3144 >20ms=2456 >30ms=2340 | probes=13111 wrfail=0 down=4s maxout=4s
 285.119  t=283s RTT mean=38802 min=11910 max=58336 n=23 to=0 | cancels=0(+0/s) seqbad=0 len_bad=0 disc=0(0x00) | tot_n=13134 tot_to=0 maxever=73317 >2ms=13134 >5ms=13134 >15ms=3164 >20ms=2474 >30ms=2357 | probes=13135 wrfail=0 down=4s maxout=4s
 287.133  t=284s RTT mean=35101 min=11909 max=58301 n=26 to=0 | cancels=0(+0/s) seqbad=0 len_bad=0 disc=0(0x00) | tot_n=13160 tot_to=0 maxever=73317 >2ms=13160 >5ms=13160 >15ms=3183 >20ms=2492 >30ms=2375 | probes=13161 wrfail=0 down=4s maxout=4s
 287.133  t=285s RTT mean=35175 min=5941 max=55507 n=26 to=0 | cancels=0(+0/s) seqbad=0 len_bad=0 disc=0(0x00) | tot_n=13186 tot_to=0 maxever=73317 >2ms=13186 >5ms=13186 >15ms=3202 >20ms=2511 >30ms=2394 | probes=13187 wrfail=0 down=4s maxout=4s
 289.144  t=286s RTT mean=37176 min=5946 max=69113 n=26 to=0 | cancels=0(+0/s) seqbad=0 len_bad=0 disc=0(0x00) | tot_n=13212 tot_to=0 maxever=73317 >2ms=13212 >5ms=13212 >15ms=3222 >20ms=2531 >30ms=2414 | probes=13213 wrfail=0 down=4s maxout=4s
 289.145  t=287s RTT mean=34019 min=11909 max=50817 n=26 to=0 | cancels=0(+0/s) seqbad=0 len_bad=0 disc=0(0x00) | tot_n=13238 tot_to=0 maxever=73317 >2ms=13238 >5ms=13238 >15ms=3240 >20ms=2549 >30ms=2432 | probes=13239 wrfail=0 down=4s maxout=4s
 291.152  t=288s RTT mean=31509 min=5940 max=52209 n=30 to=0 | cancels=0(+0/s) seqbad=0 len_bad=0 disc=0(0x00) | tot_n=13268 tot_to=0 maxever=73317 >2ms=13268 >5ms=13268 >15ms=3261 >20ms=2569 >30ms=2451 | probes=13269 wrfail=0 down=4s maxout=4s
 291.152  t=289s RTT mean=34545 min=11463 max=63016 n=26 to=0 | cancels=0(+0/s) seqbad=0 len_bad=0 disc=0(0x00) | tot_n=13294 tot_to=0 maxever=73317 >2ms=13294 >5ms=13294 >15ms=3280 >20ms=2587 >30ms=2468 | probes=13295 wrfail=0 down=4s maxout=4s
 293.116  t=290s RTT mean=33345 min=11909 max=50979 n=28 to=0 | cancels=0(+0/s) seqbad=0 len_bad=0 disc=0(0x00) | tot_n=13322 tot_to=0 maxever=73317 >2ms=13322 >5ms=13322 >15ms=3300 >20ms=2607 >30ms=2487 | probes=13323 wrfail=0 down=4s maxout=4s
 293.116  t=291s RTT mean=32471 min=11909 max=63014 n=27 to=0 | cancels=0(+0/s) seqbad=0 len_bad=0 disc=0(0x00) | tot_n=13349 tot_to=0 maxever=73317 >2ms=13349 >5ms=13349 >15ms=3318 >20ms=2625 >30ms=2504 | probes=13350 wrfail=0 down=4s maxout=4s
 295.139  t=292s RTT mean=38791 min=11909 max=59693 n=24 to=0 | cancels=0(+0/s) seqbad=0 len_bad=0 disc=0(0x00) | tot_n=13373 tot_to=0 maxever=73317 >2ms=13373 >5ms=13373 >15ms=3337 >20ms=2644 >30ms=2523 | probes=13374 wrfail=0 down=4s maxout=4s
 295.139  t=293s RTT mean=32960 min=11526 max=57371 n=28 to=0 | cancels=0(+0/s) seqbad=0 len_bad=0 disc=0(0x00) | tot_n=13401 tot_to=0 maxever=73317 >2ms=13401 >5ms=13401 >15ms=3356 >20ms=2663 >30ms=2541 | probes=13402 wrfail=0 down=4s maxout=4s
 297.147  t=294s RTT mean=41082 min=11909 max=67218 n=23 to=0 | cancels=0(+0/s) seqbad=0 len_bad=0 disc=0(0x00) | tot_n=13424 tot_to=0 maxever=73317 >2ms=13424 >5ms=13424 >15ms=3376 >20ms=2683 >30ms=2561 | probes=13425 wrfail=0 down=4s maxout=4s
 297.147  t=295s RTT mean=31876 min=11909 max=52219 n=29 to=0 | cancels=0(+0/s) seqbad=0 len_bad=0 disc=0(0x00) | tot_n=13453 tot_to=0 maxever=73317 >2ms=13453 >5ms=13453 >15ms=3396 >20ms=2702 >30ms=2580 | probes=13453 wrfail=0 down=4s maxout=4s
 299.116  t=296s RTT mean=35429 min=11464 max=59710 n=25 to=0 | cancels=0(+0/s) seqbad=0 len_bad=0 disc=0(0x00) | tot_n=13478 tot_to=0 maxever=73317 >2ms=13478 >5ms=13478 >15ms=3414 >20ms=2720 >30ms=2598 | probes=13479 wrfail=0 down=4s maxout=4s
 299.175  t=297s RTT mean=35249 min=5939 max=56908 n=27 to=0 | cancels=0(+0/s) seqbad=0 len_bad=0 disc=0(0x00) | tot_n=13505 tot_to=0 maxever=73317 >2ms=13505 >5ms=13505 >15ms=3434 >20ms=2740 >30ms=2618 | probes=13506 wrfail=0 down=4s maxout=4s
 301.131  t=298s RTT mean=33965 min=11909 max=55137 n=26 to=0 | cancels=0(+0/s) seqbad=0 len_bad=0 disc=0(0x00) | tot_n=13531 tot_to=0 maxever=73317 >2ms=13531 >5ms=13531 >15ms=3453 >20ms=2759 >30ms=2636 | probes=13532 wrfail=0 down=4s maxout=4s
 301.131  t=299s RTT mean=33228 min=5940 max=56924 n=28 to=0 | cancels=0(+0/s) seqbad=0 len_bad=0 disc=0(0x00) | tot_n=13559 tot_to=0 maxever=73317 >2ms=13559 >5ms=13559 >15ms=3472 >20ms=2778 >30ms=2655 | probes=13560 wrfail=0 down=4s maxout=4s
 303.114  t=300s RTT mean=36328 min=11461 max=56476 n=26 to=0 | cancels=0(+0/s) seqbad=0 len_bad=0 disc=0(0x00) | tot_n=13585 tot_to=0 maxever=73317 >2ms=13585 >5ms=13585 >15ms=3492 >20ms=2798 >30ms=2674 | probes=13585 wrfail=0 down=4s maxout=4s
 303.173  t=301s RTT mean=34126 min=11910 max=54113 n=26 to=0 | cancels=0(+0/s) seqbad=0 len_bad=0 disc=0(0x00) | tot_n=13611 tot_to=0 maxever=73317 >2ms=13611 >5ms=13611 >15ms=3512 >20ms=2816 >30ms=2692 | probes=13612 wrfail=0 down=4s maxout=4s
 305.139  t=302s RTT mean=38167 min=11908 max=56920 n=24 to=0 | cancels=0(+0/s) seqbad=0 len_bad=0 disc=0(0x00) | tot_n=13635 tot_to=0 maxever=73317 >2ms=13635 >5ms=13635 >15ms=3532 >20ms=2835 >30ms=2711 | probes=13636 wrfail=0 down=4s maxout=4s
 305.139  t=303s RTT mean=32557 min=11911 max=48015 n=29 to=0 | cancels=0(+0/s) seqbad=0 len_bad=0 disc=0(0x00) | tot_n=13664 tot_to=0 maxever=73317 >2ms=13664 >5ms=13664 >15ms=3554 >20ms=2855 >30ms=2730 | probes=13665 wrfail=0 down=4s maxout=4s
 307.134  t=304s RTT mean=32801 min=11911 max=62568 n=27 to=0 | cancels=0(+0/s) seqbad=0 len_bad=0 disc=0(0x00) | tot_n=13691 tot_to=0 maxever=73317 >2ms=13691 >5ms=13691 >15ms=3573 >20ms=2873 >30ms=2748 | probes=13692 wrfail=0 down=4s maxout=4s
 307.135  PCTL target=100 tot=1575 to=0 p50=40 p90=49 p99=64 p99.9=74 max=88 g30=1109 g100=0 (ms/counts)
 307.135  LOADRAMP: target=125 KBps for 60s
 307.135  t=305s RTT mean=59645 min=38627 max=88337 n=16 to=0 | cancels=0(+0/s) seqbad=0 len_bad=0 disc=0(0x00) | tot_n=13707 tot_to=0 maxever=88337 >2ms=13707 >5ms=13707 >15ms=3589 >20ms=2889 >30ms=2764 | probes=13708 wrfail=0 down=4s maxout=4s
 309.149  t=306s RTT mean=48128 min=38623 max=84105 n=20 to=0 | cancels=0(+0/s) seqbad=0 len_bad=0 disc=0(0x00) | tot_n=13727 tot_to=0 maxever=88337 >2ms=13727 >5ms=13727 >15ms=3609 >20ms=2909 >30ms=2784 | probes=13728 wrfail=0 down=4s maxout=4s
 309.149  t=307s RTT mean=43279 min=38626 max=53626 n=21 to=0 | cancels=0(+0/s) seqbad=0 len_bad=0 disc=0(0x00) | tot_n=13748 tot_to=0 maxever=88337 >2ms=13748 >5ms=13748 >15ms=3630 >20ms=2930 >30ms=2805 | probes=13749 wrfail=0 down=4s maxout=4s
 311.102  t=308s RTT mean=44643 min=38620 max=64423 n=21 to=0 | cancels=0(+0/s) seqbad=0 len_bad=0 disc=0(0x00) | tot_n=13769 tot_to=0 maxever=88337 >2ms=13769 >5ms=13769 >15ms=3651 >20ms=2951 >30ms=2826 | probes=13770 wrfail=0 down=4s maxout=4s
 311.157  t=309s RTT mean=44485 min=38626 max=56927 n=21 to=0 | cancels=0(+0/s) seqbad=0 len_bad=0 disc=0(0x00) | tot_n=13790 tot_to=0 maxever=88337 >2ms=13790 >5ms=13790 >15ms=3672 >20ms=2972 >30ms=2847 | probes=13791 wrfail=0 down=4s maxout=4s
 313.131  t=310s RTT mean=48293 min=38626 max=76615 n=20 to=0 | cancels=0(+0/s) seqbad=0 len_bad=0 disc=0(0x00) | tot_n=13810 tot_to=0 maxever=88337 >2ms=13810 >5ms=13810 >15ms=3692 >20ms=2992 >30ms=2867 | probes=13811 wrfail=0 down=4s maxout=4s
 313.132  t=311s RTT mean=45599 min=38623 max=56910 n=20 to=0 | cancels=0(+0/s) seqbad=0 len_bad=0 disc=0(0x00) | tot_n=13830 tot_to=0 maxever=88337 >2ms=13830 >5ms=13830 >15ms=3712 >20ms=3012 >30ms=2887 | probes=13831 wrfail=0 down=4s maxout=4s
 315.109  t=312s RTT mean=45914 min=38626 max=58326 n=21 to=0 | cancels=0(+0/s) seqbad=0 len_bad=0 disc=0(0x00) | tot_n=13851 tot_to=0 maxever=88337 >2ms=13851 >5ms=13851 >15ms=3733 >20ms=3033 >30ms=2908 | probes=13852 wrfail=0 down=4s maxout=4s
 315.167  t=313s RTT mean=44059 min=38626 max=56909 n=21 to=0 | cancels=0(+0/s) seqbad=0 len_bad=0 disc=0(0x00) | tot_n=13872 tot_to=0 maxever=88337 >2ms=13872 >5ms=13872 >15ms=3754 >20ms=3054 >30ms=2929 | probes=13873 wrfail=0 down=4s maxout=4s
 317.101  t=314s RTT mean=43124 min=38617 max=59773 n=21 to=0 | cancels=0(+0/s) seqbad=0 len_bad=0 disc=0(0x00) | tot_n=13893 tot_to=0 maxever=88337 >2ms=13893 >5ms=13893 >15ms=3775 >20ms=3075 >30ms=2950 | probes=13894 wrfail=0 down=4s maxout=4s
 317.161  t=315s RTT mean=43770 min=38626 max=59718 n=22 to=0 | cancels=0(+0/s) seqbad=0 len_bad=0 disc=0(0x00) | tot_n=13915 tot_to=0 maxever=88337 >2ms=13915 >5ms=13915 >15ms=3797 >20ms=3097 >30ms=2972 | probes=13916 wrfail=0 down=4s maxout=4s
 319.110  t=316s RTT mean=45133 min=39113 max=67717 n=21 to=0 | cancels=0(+0/s) seqbad=0 len_bad=0 disc=0(0x00) | tot_n=13936 tot_to=0 maxever=88337 >2ms=13936 >5ms=13936 >15ms=3818 >20ms=3118 >30ms=2993 | probes=13937 wrfail=0 down=4s maxout=4s
 319.170  t=317s RTT mean=43706 min=38627 max=54134 n=21 to=0 | cancels=0(+0/s) seqbad=0 len_bad=0 disc=0(0x00) | tot_n=13957 tot_to=0 maxever=88337 >2ms=13957 >5ms=13957 >15ms=3839 >20ms=3139 >30ms=3014 | probes=13958 wrfail=0 down=4s maxout=4s
 321.116  t=318s RTT mean=45134 min=38636 max=64424 n=21 to=0 | cancels=0(+0/s) seqbad=0 len_bad=0 disc=0(0x00) | tot_n=13978 tot_to=0 maxever=88337 >2ms=13978 >5ms=13978 >15ms=3860 >20ms=3160 >30ms=3035 | probes=13979 wrfail=0 down=4s maxout=4s
 321.176  t=319s RTT mean=46021 min=38636 max=62567 n=20 to=0 | cancels=0(+0/s) seqbad=0 len_bad=0 disc=0(0x00) | tot_n=13998 tot_to=0 maxever=88337 >2ms=13998 >5ms=13998 >15ms=3880 >20ms=3180 >30ms=3055 | probes=13999 wrfail=0 down=4s maxout=4s
 323.120  t=320s RTT mean=46651 min=38626 max=60167 n=20 to=0 | cancels=0(+0/s) seqbad=0 len_bad=0 disc=0(0x00) | tot_n=14018 tot_to=0 maxever=88337 >2ms=14018 >5ms=14018 >15ms=3900 >20ms=3200 >30ms=3075 | probes=14019 wrfail=0 down=4s maxout=4s
 323.176  t=321s RTT mean=44349 min=38626 max=58300 n=21 to=0 | cancels=0(+0/s) seqbad=0 len_bad=0 disc=0(0x00) | tot_n=14039 tot_to=0 maxever=88337 >2ms=14039 >5ms=14039 >15ms=3921 >20ms=3221 >30ms=3096 | probes=14040 wrfail=0 down=4s maxout=4s
 325.143  t=322s RTT mean=44028 min=38623 max=58316 n=22 to=0 | cancels=0(+0/s) seqbad=0 len_bad=0 disc=0(0x00) | tot_n=14061 tot_to=0 maxever=88337 >2ms=14061 >5ms=14061 >15ms=3943 >20ms=3243 >30ms=3118 | probes=14062 wrfail=0 down=4s maxout=4s
 325.144  t=323s RTT mean=48407 min=39123 max=56923 n=19 to=0 | cancels=0(+0/s) seqbad=0 len_bad=0 disc=0(0x00) | tot_n=14080 tot_to=0 maxever=88337 >2ms=14080 >5ms=14080 >15ms=3962 >20ms=3262 >30ms=3137 | probes=14081 wrfail=0 down=4s maxout=4s
 327.149  t=324s RTT mean=46255 min=38622 max=67715 n=20 to=0 | cancels=0(+0/s) seqbad=0 len_bad=0 disc=0(0x00) | tot_n=14100 tot_to=0 maxever=88337 >2ms=14100 >5ms=14100 >15ms=3982 >20ms=3282 >30ms=3157 | probes=14101 wrfail=0 down=4s maxout=4s
 327.149  t=325s RTT mean=44933 min=38626 max=56908 n=21 to=0 | cancels=0(+0/s) seqbad=0 len_bad=0 disc=0(0x00) | tot_n=14121 tot_to=0 maxever=88337 >2ms=14121 >5ms=14121 >15ms=4003 >20ms=3303 >30ms=3178 | probes=14122 wrfail=0 down=4s maxout=4s
 329.131  t=326s RTT mean=44061 min=38623 max=54113 n=21 to=0 | cancels=0(+0/s) seqbad=0 len_bad=0 disc=0(0x00) | tot_n=14142 tot_to=0 maxever=88337 >2ms=14142 >5ms=14142 >15ms=4024 >20ms=3324 >30ms=3199 | probes=14143 wrfail=0 down=4s maxout=4s
 329.131  t=327s RTT mean=48773 min=38626 max=69114 n=19 to=0 | cancels=0(+0/s) seqbad=0 len_bad=0 disc=0(0x00) | tot_n=14161 tot_to=0 maxever=88337 >2ms=14161 >5ms=14161 >15ms=4043 >20ms=3343 >30ms=3218 | probes=14162 wrfail=0 down=4s maxout=4s
 331.126  t=328s RTT mean=48527 min=38624 max=70068 n=20 to=0 | cancels=0(+0/s) seqbad=0 len_bad=0 disc=0(0x00) | tot_n=14181 tot_to=0 maxever=88337 >2ms=14181 >5ms=14181 >15ms=4063 >20ms=3363 >30ms=3238 | probes=14182 wrfail=0 down=4s maxout=4s
 331.126  t=329s RTT mean=43281 min=38626 max=53626 n=22 to=0 | cancels=0(+0/s) seqbad=0 len_bad=0 disc=0(0x00) | tot_n=14203 tot_to=0 maxever=88337 >2ms=14203 >5ms=14203 >15ms=4085 >20ms=3385 >30ms=3260 | probes=14204 wrfail=0 down=4s maxout=4s
 333.149  t=330s RTT mean=46933 min=38626 max=82218 n=20 to=0 | cancels=0(+0/s) seqbad=0 len_bad=0 disc=0(0x00) | tot_n=14223 tot_to=0 maxever=88337 >2ms=14223 >5ms=14223 >15ms=4105 >20ms=3405 >30ms=3280 | probes=14224 wrfail=0 down=4s maxout=4s
 333.149  t=331s RTT mean=45528 min=38629 max=56908 n=20 to=0 | cancels=0(+0/s) seqbad=0 len_bad=0 disc=0(0x00) | tot_n=14243 tot_to=0 maxever=88337 >2ms=14243 >5ms=14243 >15ms=4125 >20ms=3425 >30ms=3300 | probes=14244 wrfail=0 down=4s maxout=4s
 335.155  t=332s RTT mean=44843 min=38635 max=55512 n=21 to=0 | cancels=0(+0/s) seqbad=0 len_bad=0 disc=0(0x00) | tot_n=14264 tot_to=0 maxever=88337 >2ms=14264 >5ms=14264 >15ms=4146 >20ms=3446 >30ms=3321 | probes=14265 wrfail=0 down=4s maxout=4s
 335.155  t=333s RTT mean=44415 min=38626 max=71918 n=21 to=0 | cancels=0(+0/s) seqbad=0 len_bad=0 disc=0(0x00) | tot_n=14285 tot_to=0 maxever=88337 >2ms=14285 >5ms=14285 >15ms=4167 >20ms=3467 >30ms=3342 | probes=14286 wrfail=0 down=4s maxout=4s
 337.148  t=334s RTT mean=55317 min=40515 max=90220 n=17 to=0 | cancels=0(+0/s) seqbad=0 len_bad=0 disc=0(0x00) | tot_n=14302 tot_to=0 maxever=90220 >2ms=14302 >5ms=14302 >15ms=4184 >20ms=3484 >30ms=3359 | probes=14303 wrfail=0 down=4s maxout=4s
 337.148  t=335s RTT mean=43558 min=38626 max=52209 n=22 to=0 | cancels=0(+0/s) seqbad=0 len_bad=0 disc=0(0x00) | tot_n=14324 tot_to=0 maxever=90220 >2ms=14324 >5ms=14324 >15ms=4206 >20ms=3506 >30ms=3381 | probes=14325 wrfail=0 down=4s maxout=4s
 339.139  t=336s RTT mean=43638 min=38622 max=63032 n=21 to=0 | cancels=0(+0/s) seqbad=0 len_bad=0 disc=0(0x00) | tot_n=14345 tot_to=0 maxever=90220 >2ms=14345 >5ms=14345 >15ms=4227 >20ms=3527 >30ms=3402 | probes=14346 wrfail=0 down=4s maxout=4s
 339.140  t=337s RTT mean=47682 min=38628 max=56920 n=20 to=0 | cancels=0(+0/s) seqbad=0 len_bad=0 disc=0(0x00) | tot_n=14365 tot_to=0 maxever=90220 >2ms=14365 >5ms=14365 >15ms=4247 >20ms=3547 >30ms=3422 | probes=14366 wrfail=0 down=4s maxout=4s
 341.117  t=338s RTT mean=44576 min=38623 max=64423 n=21 to=0 | cancels=0(+0/s) seqbad=0 len_bad=0 disc=0(0x00) | tot_n=14386 tot_to=0 maxever=90220 >2ms=14386 >5ms=14386 >15ms=4268 >20ms=3568 >30ms=3443 | probes=14387 wrfail=0 down=4s maxout=4s
 341.176  t=339s RTT mean=44126 min=38625 max=56903 n=21 to=0 | cancels=0(+0/s) seqbad=0 len_bad=0 disc=0(0x00) | tot_n=14407 tot_to=0 maxever=90220 >2ms=14407 >5ms=14407 >15ms=4289 >20ms=3589 >30ms=3464 | probes=14408 wrfail=0 down=4s maxout=4s
 343.102  t=340s RTT mean=43069 min=38624 max=54133 n=22 to=0 | cancels=0(+0/s) seqbad=0 len_bad=0 disc=0(0x00) | tot_n=14429 tot_to=0 maxever=90220 >2ms=14429 >5ms=14429 >15ms=4311 >20ms=3611 >30ms=3486 | probes=14430 wrfail=0 down=4s maxout=4s
 343.163  t=341s RTT mean=44060 min=38623 max=59709 n=21 to=0 | cancels=0(+0/s) seqbad=0 len_bad=0 disc=0(0x00) | tot_n=14450 tot_to=0 maxever=90220 >2ms=14450 >5ms=14450 >15ms=4332 >20ms=3632 >30ms=3507 | probes=14451 wrfail=0 down=4s maxout=4s
 345.153  t=342s RTT mean=44420 min=38624 max=70515 n=21 to=0 | cancels=0(+0/s) seqbad=0 len_bad=0 disc=0(0x00) | tot_n=14471 tot_to=0 maxever=90220 >2ms=14471 >5ms=14471 >15ms=4353 >20ms=3653 >30ms=3528 | probes=14472 wrfail=0 down=4s maxout=4s
 345.153  t=343s RTT mean=42751 min=38627 max=53626 n=22 to=0 | cancels=0(+0/s) seqbad=0 len_bad=0 disc=0(0x00) | tot_n=14493 tot_to=0 maxever=90220 >2ms=14493 >5ms=14493 >15ms=4375 >20ms=3675 >30ms=3550 | probes=14494 wrfail=0 down=4s maxout=4s
 347.132  t=344s RTT mean=55153 min=39108 max=79408 n=17 to=0 | cancels=0(+0/s) seqbad=0 len_bad=0 disc=0(0x00) | tot_n=14510 tot_to=0 maxever=90220 >2ms=14510 >5ms=14510 >15ms=4392 >20ms=3692 >30ms=3567 | probes=14511 wrfail=0 down=4s maxout=4s
 347.132  t=345s RTT mean=44620 min=38623 max=64423 n=21 to=0 | cancels=0(+0/s) seqbad=0 len_bad=0 disc=0(0x00) | tot_n=14531 tot_to=0 maxever=90220 >2ms=14531 >5ms=14531 >15ms=4413 >20ms=3713 >30ms=3588 | probes=14532 wrfail=0 down=4s maxout=4s
 349.125  t=346s RTT mean=44998 min=38626 max=59711 n=21 to=0 | cancels=0(+0/s) seqbad=0 len_bad=0 disc=0(0x00) | tot_n=14552 tot_to=0 maxever=90220 >2ms=14552 >5ms=14552 >15ms=4434 >20ms=3734 >30ms=3609 | probes=14553 wrfail=0 down=4s maxout=4s
 349.185  t=347s RTT mean=42991 min=38626 max=61633 n=21 to=0 | cancels=0(+0/s) seqbad=0 len_bad=0 disc=0(0x00) | tot_n=14573 tot_to=0 maxever=90220 >2ms=14573 >5ms=14573 >15ms=4455 >20ms=3755 >30ms=3630 | probes=14574 wrfail=0 down=4s maxout=4s
 351.112  t=348s RTT mean=42038 min=38510 max=49408 n=23 to=0 | cancels=0(+0/s) seqbad=0 len_bad=0 disc=0(0x00) | tot_n=14596 tot_to=0 maxever=90220 >2ms=14596 >5ms=14596 >15ms=4478 >20ms=3778 >30ms=3653 | probes=14597 wrfail=0 down=4s maxout=4s
 351.171  t=349s RTT mean=46653 min=38626 max=63016 n=20 to=0 | cancels=0(+0/s) seqbad=0 len_bad=0 disc=0(0x00) | tot_n=14616 tot_to=0 maxever=90220 >2ms=14616 >5ms=14616 >15ms=4498 >20ms=3798 >30ms=3673 | probes=14617 wrfail=0 down=4s maxout=4s
 353.156  t=350s RTT mean=52073 min=40506 max=94408 n=18 to=0 | cancels=0(+0/s) seqbad=0 len_bad=0 disc=0(0x00) | tot_n=14634 tot_to=0 maxever=94408 >2ms=14634 >5ms=14634 >15ms=4516 >20ms=3816 >30ms=3691 | probes=14635 wrfail=0 down=4s maxout=4s
 353.156  t=351s RTT mean=44775 min=38626 max=54134 n=21 to=0 | cancels=0(+0/s) seqbad=0 len_bad=0 disc=0(0x00) | tot_n=14655 tot_to=0 maxever=94408 >2ms=14655 >5ms=14655 >15ms=4537 >20ms=3837 >30ms=3712 | probes=14656 wrfail=0 down=4s maxout=4s
 355.160  t=352s RTT mean=45905 min=38626 max=56919 n=20 to=0 | cancels=0(+0/s) seqbad=0 len_bad=0 disc=0(0x00) | tot_n=14675 tot_to=0 maxever=94408 >2ms=14675 >5ms=14675 >15ms=4557 >20ms=3857 >30ms=3732 | probes=14676 wrfail=0 down=4s maxout=4s
 355.160  t=353s RTT mean=42877 min=38627 max=50833 n=22 to=0 | cancels=0(+0/s) seqbad=0 len_bad=0 disc=0(0x00) | tot_n=14697 tot_to=0 maxever=94408 >2ms=14697 >5ms=14697 >15ms=4579 >20ms=3879 >30ms=3754 | probes=14698 wrfail=0 down=4s maxout=4s
 357.136  t=354s RTT mean=43004 min=38616 max=50799 n=22 to=0 | cancels=0(+0/s) seqbad=0 len_bad=0 disc=0(0x00) | tot_n=14719 tot_to=0 maxever=94408 >2ms=14719 >5ms=14719 >15ms=4601 >20ms=3901 >30ms=3776 | probes=14720 wrfail=0 down=4s maxout=4s
 357.136  t=355s RTT mean=42727 min=38624 max=52720 n=22 to=0 | cancels=0(+0/s) seqbad=0 len_bad=0 disc=0(0x00) | tot_n=14741 tot_to=0 maxever=94408 >2ms=14741 >5ms=14741 >15ms=4623 >20ms=3923 >30ms=3798 | probes=14741 wrfail=0 down=4s maxout=4s
 359.133  t=356s RTT mean=42474 min=38626 max=55515 n=22 to=0 | cancels=0(+0/s) seqbad=0 len_bad=0 disc=0(0x00) | tot_n=14763 tot_to=0 maxever=94408 >2ms=14763 >5ms=14763 >15ms=4645 >20ms=3945 >30ms=3820 | probes=14763 wrfail=0 down=4s maxout=4s
 359.133  t=357s RTT mean=44470 min=38626 max=56876 n=20 to=0 | cancels=0(+0/s) seqbad=0 len_bad=0 disc=0(0x00) | tot_n=14783 tot_to=0 maxever=94408 >2ms=14783 >5ms=14783 >15ms=4665 >20ms=3965 >30ms=3840 | probes=14784 wrfail=0 down=4s maxout=4s
 361.156  t=358s RTT mean=43964 min=38626 max=58301 n=22 to=0 | cancels=0(+0/s) seqbad=0 len_bad=0 disc=0(0x00) | tot_n=14805 tot_to=0 maxever=94408 >2ms=14805 >5ms=14805 >15ms=4687 >20ms=3987 >30ms=3862 | probes=14806 wrfail=0 down=4s maxout=4s
 361.156  t=359s RTT mean=44416 min=38626 max=58316 n=21 to=0 | cancels=0(+0/s) seqbad=0 len_bad=0 disc=0(0x00) | tot_n=14826 tot_to=0 maxever=94408 >2ms=14826 >5ms=14826 >15ms=4708 >20ms=4008 >30ms=3883 | probes=14827 wrfail=0 down=4s maxout=4s
 363.124  t=360s RTT mean=46933 min=38625 max=58316 n=20 to=0 | cancels=0(+0/s) seqbad=0 len_bad=0 disc=0(0x00) | tot_n=14846 tot_to=0 maxever=94408 >2ms=14846 >5ms=14846 >15ms=4728 >20ms=4028 >30ms=3903 | probes=14847 wrfail=0 down=4s maxout=4s
 363.184  t=361s RTT mean=43344 min=38626 max=48036 n=21 to=0 | cancels=0(+0/s) seqbad=0 len_bad=0 disc=0(0x00) | tot_n=14867 tot_to=0 maxever=94408 >2ms=14867 >5ms=14867 >15ms=4749 >20ms=4049 >30ms=3924 | probes=14868 wrfail=0 down=4s maxout=4s
 365.133  t=362s RTT mean=45068 min=38618 max=56923 n=21 to=0 | cancels=0(+0/s) seqbad=0 len_bad=0 disc=0(0x00) | tot_n=14888 tot_to=0 maxever=94408 >2ms=14888 >5ms=14888 >15ms=4770 >20ms=4070 >30ms=3945 | probes=14889 wrfail=0 down=4s maxout=4s
 365.133  t=363s RTT mean=43620 min=38626 max=52218 n=22 to=0 | cancels=0(+0/s) seqbad=0 len_bad=0 disc=0(0x00) | tot_n=14910 tot_to=0 maxever=94408 >2ms=14910 >5ms=14910 >15ms=4792 >20ms=4092 >30ms=3967 | probes=14911 wrfail=0 down=4s maxout=4s
 367.135  t=364s RTT mean=43258 min=38626 max=55506 n=21 to=0 | cancels=0(+0/s) seqbad=0 len_bad=0 disc=0(0x00) | tot_n=14931 tot_to=0 maxever=94408 >2ms=14931 >5ms=14931 >15ms=4813 >20ms=4113 >30ms=3988 | probes=14932 wrfail=0 down=4s maxout=4s
 367.135  PCTL target=125 tot=1245 to=0 p50=43 p90=53 p99=69 p99.9=84 max=94 g30=1245 g100=0 (ms/counts)
 367.135  LOADRAMP: target=150 KBps for 60s
 367.189  t=365s RTT mean=45711 min=38626 max=58316 n=21 to=0 | cancels=0(+0/s) seqbad=0 len_bad=0 disc=0(0x00) | tot_n=14952 tot_to=0 maxever=94408 >2ms=14952 >5ms=14952 >15ms=4834 >20ms=4134 >30ms=4009 | probes=14953 wrfail=0 down=4s maxout=4s
 369.134  t=366s RTT mean=44775 min=38628 max=54114 n=21 to=0 | cancels=0(+0/s) seqbad=0 len_bad=0 disc=0(0x00) | tot_n=14973 tot_to=0 maxever=94408 >2ms=14973 >5ms=14973 >15ms=4855 >20ms=4155 >30ms=4030 | probes=14973 wrfail=0 down=4s maxout=4s
 369.134  t=367s RTT mean=44917 min=38626 max=56923 n=20 to=0 | cancels=0(+0/s) seqbad=0 len_bad=0 disc=0(0x00) | tot_n=14993 tot_to=0 maxever=94408 >2ms=14993 >5ms=14993 >15ms=4875 >20ms=4175 >30ms=4050 | probes=14994 wrfail=0 down=4s maxout=4s
 371.139  t=368s RTT mean=42939 min=38622 max=52218 n=22 to=0 | cancels=0(+0/s) seqbad=0 len_bad=0 disc=0(0x00) | tot_n=15015 tot_to=0 maxever=94408 >2ms=15015 >5ms=15015 >15ms=4897 >20ms=4197 >30ms=4072 | probes=15016 wrfail=0 down=4s maxout=4s
 371.139  t=369s RTT mean=42878 min=38626 max=54113 n=22 to=0 | cancels=0(+0/s) seqbad=0 len_bad=0 disc=0(0x00) | tot_n=15037 tot_to=0 maxever=94408 >2ms=15037 >5ms=15037 >15ms=4919 >20ms=4219 >30ms=4094 | probes=15038 wrfail=0 down=4s maxout=4s
 373.148  t=370s RTT mean=44282 min=38627 max=50803 n=21 to=0 | cancels=0(+0/s) seqbad=0 len_bad=0 disc=0(0x00) | tot_n=15058 tot_to=0 maxever=94408 >2ms=15058 >5ms=15058 >15ms=4940 >20ms=4240 >30ms=4115 | probes=15059 wrfail=0 down=4s maxout=4s
 373.149  t=371s RTT mean=46557 min=38626 max=70070 n=20 to=0 | cancels=0(+0/s) seqbad=0 len_bad=0 disc=0(0x00) | tot_n=15078 tot_to=0 maxever=94408 >2ms=15078 >5ms=15078 >15ms=4960 >20ms=4260 >30ms=4135 | probes=15079 wrfail=0 down=4s maxout=4s
 375.137  t=372s RTT mean=44286 min=38626 max=63958 n=21 to=0 | cancels=0(+0/s) seqbad=0 len_bad=0 disc=0(0x00) | tot_n=15099 tot_to=0 maxever=94408 >2ms=15099 >5ms=15099 >15ms=4981 >20ms=4281 >30ms=4156 | probes=15100 wrfail=0 down=4s maxout=4s
 375.137  t=373s RTT mean=43622 min=38619 max=56476 n=22 to=0 | cancels=0(+0/s) seqbad=0 len_bad=0 disc=0(0x00) | tot_n=15121 tot_to=0 maxever=94408 >2ms=15121 >5ms=15121 >15ms=5003 >20ms=4303 >30ms=4178 | probes=15122 wrfail=0 down=4s maxout=4s
 377.135  t=374s RTT mean=44417 min=38626 max=56908 n=21 to=0 | cancels=0(+0/s) seqbad=0 len_bad=0 disc=0(0x00) | tot_n=15142 tot_to=0 maxever=94408 >2ms=15142 >5ms=15142 >15ms=5024 >20ms=4324 >30ms=4199 | probes=15143 wrfail=0 down=4s maxout=4s
 377.136  t=375s RTT mean=43123 min=38626 max=52217 n=21 to=0 | cancels=0(+0/s) seqbad=0 len_bad=0 disc=0(0x00) | tot_n=15163 tot_to=0 maxever=94408 >2ms=15163 >5ms=15163 >15ms=5045 >20ms=4345 >30ms=4220 | probes=15164 wrfail=0 down=4s maxout=4s
 379.162  t=376s RTT mean=44029 min=38626 max=52210 n=22 to=0 | cancels=0(+0/s) seqbad=0 len_bad=0 disc=0(0x00) | tot_n=15185 tot_to=0 maxever=94408 >2ms=15185 >5ms=15185 >15ms=5067 >20ms=4367 >30ms=4242 | probes=15186 wrfail=0 down=4s maxout=4s
 379.162  t=377s RTT mean=44332 min=38627 max=56908 n=20 to=0 | cancels=0(+0/s) seqbad=0 len_bad=0 disc=0(0x00) | tot_n=15205 tot_to=0 maxever=94408 >2ms=15205 >5ms=15205 >15ms=5087 >20ms=4387 >30ms=4262 | probes=15206 wrfail=0 down=4s maxout=4s
 381.132  t=378s RTT mean=51540 min=39133 max=71923 n=19 to=0 | cancels=0(+0/s) seqbad=0 len_bad=0 disc=0(0x00) | tot_n=15224 tot_to=0 maxever=94408 >2ms=15224 >5ms=15224 >15ms=5106 >20ms=4406 >30ms=4281 | probes=15225 wrfail=0 down=4s maxout=4s
 381.132  t=379s RTT mean=48703 min=39134 max=86924 n=19 to=0 | cancels=0(+0/s) seqbad=0 len_bad=0 disc=0(0x00) | tot_n=15243 tot_to=0 maxever=94408 >2ms=15243 >5ms=15243 >15ms=5125 >20ms=4425 >30ms=4300 | probes=15244 wrfail=0 down=4s maxout=4s
 383.135  t=380s RTT mean=54709 min=40526 max=88317 n=17 to=0 | cancels=0(+0/s) seqbad=0 len_bad=0 disc=0(0x00) | tot_n=15260 tot_to=0 maxever=94408 >2ms=15260 >5ms=15260 >15ms=5142 >20ms=4442 >30ms=4317 | probes=15261 wrfail=0 down=4s maxout=4s
 383.135  t=381s RTT mean=45709 min=39133 max=56904 n=21 to=0 | cancels=0(+0/s) seqbad=0 len_bad=0 disc=0(0x00) | tot_n=15281 tot_to=0 maxever=94408 >2ms=15281 >5ms=15281 >15ms=5163 >20ms=4463 >30ms=4338 | probes=15282 wrfail=0 down=4s maxout=4s
 385.156  t=382s RTT mean=43992 min=38617 max=56908 n=21 to=0 | cancels=0(+0/s) seqbad=0 len_bad=0 disc=0(0x00) | tot_n=15302 tot_to=0 maxever=94408 >2ms=15302 >5ms=15302 >15ms=5184 >20ms=4484 >30ms=4359 | probes=15303 wrfail=0 down=4s maxout=4s
 385.157  t=383s RTT mean=43068 min=38626 max=52720 n=22 to=0 | cancels=0(+0/s) seqbad=0 len_bad=0 disc=0(0x00) | tot_n=15324 tot_to=0 maxever=94408 >2ms=15324 >5ms=15324 >15ms=5206 >20ms=4506 >30ms=4381 | probes=15325 wrfail=0 down=4s maxout=4s
 387.138  t=384s RTT mean=44060 min=38626 max=55516 n=21 to=0 | cancels=0(+0/s) seqbad=0 len_bad=0 disc=0(0x00) | tot_n=15345 tot_to=0 maxever=94408 >2ms=15345 >5ms=15345 >15ms=5227 >20ms=4527 >30ms=4402 | probes=15346 wrfail=0 down=4s maxout=4s
 387.138  t=385s RTT mean=42471 min=38626 max=56926 n=22 to=0 | cancels=0(+0/s) seqbad=0 len_bad=0 disc=0(0x00) | tot_n=15367 tot_to=0 maxever=94408 >2ms=15367 >5ms=15367 >15ms=5249 >20ms=4549 >30ms=4424 | probes=15368 wrfail=0 down=4s maxout=4s
 389.115  t=386s RTT mean=41917 min=38627 max=49425 n=22 to=0 | cancels=0(+0/s) seqbad=0 len_bad=0 disc=0(0x00) | tot_n=15389 tot_to=0 maxever=94408 >2ms=15389 >5ms=15389 >15ms=5271 >20ms=4571 >30ms=4446 | probes=15390 wrfail=0 down=4s maxout=4s
 389.175  t=387s RTT mean=44841 min=38626 max=70515 n=21 to=0 | cancels=0(+0/s) seqbad=0 len_bad=0 disc=0(0x00) | tot_n=15410 tot_to=0 maxever=94408 >2ms=15410 >5ms=15410 >15ms=5292 >20ms=4592 >30ms=4467 | probes=15411 wrfail=0 down=4s maxout=4s
 391.137  t=388s RTT mean=44709 min=38626 max=59709 n=21 to=0 | cancels=0(+0/s) seqbad=0 len_bad=0 disc=0(0x00) | tot_n=15431 tot_to=0 maxever=94408 >2ms=15431 >5ms=15431 >15ms=5313 >20ms=4613 >30ms=4488 | probes=15432 wrfail=0 down=4s maxout=4s
 391.137  t=389s RTT mean=41776 min=38626 max=50836 n=23 to=0 | cancels=0(+0/s) seqbad=0 len_bad=0 disc=0(0x00) | tot_n=15454 tot_to=0 maxever=94408 >2ms=15454 >5ms=15454 >15ms=5336 >20ms=4636 >30ms=4511 | probes=15455 wrfail=0 down=4s maxout=4s
 393.135  t=390s RTT mean=44474 min=38622 max=53625 n=20 to=0 | cancels=0(+0/s) seqbad=0 len_bad=0 disc=0(0x00) | tot_n=15474 tot_to=0 maxever=94408 >2ms=15474 >5ms=15474 >15ms=5356 >20ms=4656 >30ms=4531 | probes=15475 wrfail=0 down=4s maxout=4s
 393.191  t=391s RTT mean=47238 min=38627 max=59718 n=20 to=0 | cancels=0(+0/s) seqbad=0 len_bad=0 disc=0(0x00) | tot_n=15494 tot_to=0 maxever=94408 >2ms=15494 >5ms=15494 >15ms=5376 >20ms=4676 >30ms=4551 | probes=15495 wrfail=0 down=4s maxout=4s
 395.161  t=392s RTT mean=45065 min=38626 max=69114 n=21 to=0 | cancels=0(+0/s) seqbad=0 len_bad=0 disc=0(0x00) | tot_n=15515 tot_to=0 maxever=94408 >2ms=15515 >5ms=15515 >15ms=5397 >20ms=4697 >30ms=4572 | probes=15516 wrfail=0 down=4s maxout=4s
 395.161  t=393s RTT mean=43282 min=38626 max=56476 n=22 to=0 | cancels=0(+0/s) seqbad=0 len_bad=0 disc=0(0x00) | tot_n=15537 tot_to=0 maxever=94408 >2ms=15537 >5ms=15537 >15ms=5419 >20ms=4719 >30ms=4594 | probes=15538 wrfail=0 down=4s maxout=4s
 397.155  t=394s RTT mean=43572 min=38625 max=56924 n=21 to=0 | cancels=0(+0/s) seqbad=0 len_bad=0 disc=0(0x00) | tot_n=15558 tot_to=0 maxever=94408 >2ms=15558 >5ms=15558 >15ms=5440 >20ms=4740 >30ms=4615 | probes=15559 wrfail=0 down=4s maxout=4s
 397.155  t=395s RTT mean=44419 min=38626 max=55507 n=21 to=0 | cancels=0(+0/s) seqbad=0 len_bad=0 disc=0(0x00) | tot_n=15579 tot_to=0 maxever=94408 >2ms=15579 >5ms=15579 >15ms=5461 >20ms=4761 >30ms=4636 | probes=15580 wrfail=0 down=4s maxout=4s
 399.165  t=396s RTT mean=43410 min=38617 max=56923 n=22 to=0 | cancels=0(+0/s) seqbad=0 len_bad=0 disc=0(0x00) | tot_n=15601 tot_to=0 maxever=94408 >2ms=15601 >5ms=15601 >15ms=5483 >20ms=4783 >30ms=4658 | probes=15602 wrfail=0 down=4s maxout=4s
 399.165  t=397s RTT mean=45089 min=38626 max=55507 n=21 to=0 | cancels=0(+0/s) seqbad=0 len_bad=0 disc=0(0x00) | tot_n=15622 tot_to=0 maxever=94408 >2ms=15622 >5ms=15622 >15ms=5504 >20ms=4804 >30ms=4679 | probes=15623 wrfail=0 down=4s maxout=4s
 401.154  t=398s RTT mean=48208 min=38622 max=68687 n=19 to=0 | cancels=0(+0/s) seqbad=0 len_bad=0 disc=0(0x00) | tot_n=15641 tot_to=0 maxever=94408 >2ms=15641 >5ms=15641 >15ms=5523 >20ms=4823 >30ms=4698 | probes=15642 wrfail=0 down=4s maxout=4s
 401.154  t=399s RTT mean=44418 min=38626 max=54133 n=21 to=0 | cancels=0(+0/s) seqbad=0 len_bad=0 disc=0(0x00) | tot_n=15662 tot_to=0 maxever=94408 >2ms=15662 >5ms=15662 >15ms=5544 >20ms=4844 >30ms=4719 | probes=15663 wrfail=0 down=4s maxout=4s
 403.166  t=400s RTT mean=44550 min=38626 max=55526 n=21 to=0 | cancels=0(+0/s) seqbad=0 len_bad=0 disc=0(0x00) | tot_n=15683 tot_to=0 maxever=94408 >2ms=15683 >5ms=15683 >15ms=5565 >20ms=4865 >30ms=4740 | probes=15684 wrfail=0 down=4s maxout=4s
 403.166  t=401s RTT mean=43283 min=38623 max=58316 n=22 to=0 | cancels=0(+0/s) seqbad=0 len_bad=0 disc=0(0x00) | tot_n=15705 tot_to=0 maxever=94408 >2ms=15705 >5ms=15705 >15ms=5587 >20ms=4887 >30ms=4762 | probes=15706 wrfail=0 down=4s maxout=4s
 405.134  t=402s RTT mean=42750 min=38627 max=49423 n=22 to=0 | cancels=0(+0/s) seqbad=0 len_bad=0 disc=0(0x00) | tot_n=15727 tot_to=0 maxever=94408 >2ms=15727 >5ms=15727 >15ms=5609 >20ms=4909 >30ms=4784 | probes=15728 wrfail=0 down=4s maxout=4s
 405.194  t=403s RTT mean=46865 min=38626 max=68683 n=20 to=0 | cancels=0(+0/s) seqbad=0 len_bad=0 disc=0(0x00) | tot_n=15747 tot_to=0 maxever=94408 >2ms=15747 >5ms=15747 >15ms=5629 >20ms=4929 >30ms=4804 | probes=15748 wrfail=0 down=4s maxout=4s
 407.138  t=404s RTT mean=46724 min=38626 max=76186 n=20 to=0 | cancels=0(+0/s) seqbad=0 len_bad=0 disc=0(0x00) | tot_n=15767 tot_to=0 maxever=94408 >2ms=15767 >5ms=15767 >15ms=5649 >20ms=4949 >30ms=4824 | probes=15768 wrfail=0 down=4s maxout=4s
 407.198  t=405s RTT mean=43903 min=38626 max=52721 n=21 to=0 | cancels=0(+0/s) seqbad=0 len_bad=0 disc=0(0x00) | tot_n=15788 tot_to=0 maxever=94408 >2ms=15788 >5ms=15788 >15ms=5670 >20ms=4970 >30ms=4845 | probes=15789 wrfail=0 down=4s maxout=4s
 409.134  t=406s RTT mean=44281 min=38626 max=54119 n=21 to=0 | cancels=0(+0/s) seqbad=0 len_bad=0 disc=0(0x00) | tot_n=15809 tot_to=0 maxever=94408 >2ms=15809 >5ms=15809 >15ms=5691 >20ms=4991 >30ms=4866 | probes=15810 wrfail=0 down=4s maxout=4s
 409.193  t=407s RTT mean=46111 min=38627 max=64424 n=20 to=0 | cancels=0(+0/s) seqbad=0 len_bad=0 disc=0(0x00) | tot_n=15829 tot_to=0 maxever=94408 >2ms=15829 >5ms=15829 >15ms=5711 >20ms=5011 >30ms=4886 | probes=15830 wrfail=0 down=4s maxout=4s
 411.156  t=408s RTT mean=44643 min=38626 max=60220 n=21 to=0 | cancels=0(+0/s) seqbad=0 len_bad=0 disc=0(0x00) | tot_n=15850 tot_to=0 maxever=94408 >2ms=15850 >5ms=15850 >15ms=5732 >20ms=5032 >30ms=4907 | probes=15851 wrfail=0 down=4s maxout=4s
 411.157  t=409s RTT mean=45845 min=38626 max=67717 n=21 to=0 | cancels=0(+0/s) seqbad=0 len_bad=0 disc=0(0x00) | tot_n=15871 tot_to=0 maxever=94408 >2ms=15871 >5ms=15871 >15ms=5753 >20ms=5053 >30ms=4928 | probes=15872 wrfail=0 down=4s maxout=4s
 413.128  t=410s RTT mean=43549 min=38626 max=50832 n=21 to=0 | cancels=0(+0/s) seqbad=0 len_bad=0 disc=0(0x00) | tot_n=15892 tot_to=0 maxever=94408 >2ms=15892 >5ms=15892 >15ms=5774 >20ms=5074 >30ms=4949 | probes=15893 wrfail=0 down=4s maxout=4s
 413.182  t=411s RTT mean=45422 min=38624 max=67274 n=21 to=0 | cancels=0(+0/s) seqbad=0 len_bad=0 disc=0(0x00) | tot_n=15913 tot_to=0 maxever=94408 >2ms=15913 >5ms=15913 >15ms=5795 >20ms=5095 >30ms=4970 | probes=15914 wrfail=0 down=4s maxout=4s
 415.170  t=412s RTT mean=43550 min=38626 max=61187 n=21 to=0 | cancels=0(+0/s) seqbad=0 len_bad=0 disc=0(0x00) | tot_n=15934 tot_to=0 maxever=94408 >2ms=15934 >5ms=15934 >15ms=5816 >20ms=5116 >30ms=4991 | probes=15935 wrfail=0 down=4s maxout=4s
 415.170  t=413s RTT mean=44505 min=38623 max=52720 n=21 to=0 | cancels=0(+0/s) seqbad=0 len_bad=0 disc=0(0x00) | tot_n=15955 tot_to=0 maxever=94408 >2ms=15955 >5ms=15955 >15ms=5837 >20ms=5137 >30ms=5012 | probes=15956 wrfail=0 down=4s maxout=4s
 417.122  t=414s RTT mean=45131 min=38626 max=58316 n=21 to=0 | cancels=0(+0/s) seqbad=0 len_bad=0 disc=0(0x00) | tot_n=15976 tot_to=0 maxever=94408 >2ms=15976 >5ms=15976 >15ms=5858 >20ms=5158 >30ms=5033 | probes=15977 wrfail=0 down=4s maxout=4s
 417.178  t=415s RTT mean=45063 min=38625 max=55512 n=21 to=0 | cancels=0(+0/s) seqbad=0 len_bad=0 disc=0(0x00) | tot_n=15997 tot_to=0 maxever=94408 >2ms=15997 >5ms=15997 >15ms=5879 >20ms=5179 >30ms=5054 | probes=15998 wrfail=0 down=4s maxout=4s
 419.146  t=416s RTT mean=42259 min=38625 max=50813 n=22 to=0 | cancels=0(+0/s) seqbad=0 len_bad=0 disc=0(0x00) | tot_n=16019 tot_to=0 maxever=94408 >2ms=16019 >5ms=16019 >15ms=5901 >20ms=5201 >30ms=5076 | probes=16020 wrfail=0 down=4s maxout=4s
 419.146  t=417s RTT mean=45667 min=38626 max=55488 n=20 to=0 | cancels=0(+0/s) seqbad=0 len_bad=0 disc=0(0x00) | tot_n=16039 tot_to=0 maxever=94408 >2ms=16039 >5ms=16039 >15ms=5921 >20ms=5221 >30ms=5096 | probes=16040 wrfail=0 down=4s maxout=4s
 421.121  t=418s RTT mean=43749 min=38626 max=55519 n=22 to=0 | cancels=0(+0/s) seqbad=0 len_bad=0 disc=0(0x00) | tot_n=16061 tot_to=0 maxever=94408 >2ms=16061 >5ms=16061 >15ms=5943 >20ms=5243 >30ms=5118 | probes=16062 wrfail=0 down=4s maxout=4s
 421.181  t=419s RTT mean=45065 min=38626 max=56907 n=21 to=0 | cancels=0(+0/s) seqbad=0 len_bad=0 disc=0(0x00) | tot_n=16082 tot_to=0 maxever=94408 >2ms=16082 >5ms=16082 >15ms=5964 >20ms=5264 >30ms=5139 | probes=16083 wrfail=0 down=4s maxout=4s
 423.144  t=420s RTT mean=44417 min=38624 max=60156 n=21 to=0 | cancels=0(+0/s) seqbad=0 len_bad=0 disc=0(0x00) | tot_n=16103 tot_to=0 maxever=94408 >2ms=16103 >5ms=16103 >15ms=5985 >20ms=5285 >30ms=5160 | probes=16104 wrfail=0 down=4s maxout=4s
 423.144  t=421s RTT mean=42258 min=38627 max=53626 n=22 to=0 | cancels=0(+0/s) seqbad=0 len_bad=0 disc=0(0x00) | tot_n=16125 tot_to=0 maxever=94408 >2ms=16125 >5ms=16125 >15ms=6007 >20ms=5307 >30ms=5182 | probes=16126 wrfail=0 down=4s maxout=4s
 425.165  t=422s RTT mean=44708 min=38626 max=64411 n=21 to=0 | cancels=0(+0/s) seqbad=0 len_bad=0 disc=0(0x00) | tot_n=16146 tot_to=0 maxever=94408 >2ms=16146 >5ms=16146 >15ms=6028 >20ms=5328 >30ms=5203 | probes=16147 wrfail=0 down=4s maxout=4s
 425.166  t=423s RTT mean=43772 min=38624 max=52721 n=21 to=0 | cancels=0(+0/s) seqbad=0 len_bad=0 disc=0(0x00) | tot_n=16167 tot_to=0 maxever=94408 >2ms=16167 >5ms=16167 >15ms=6049 >20ms=5349 >30ms=5224 | probes=16168 wrfail=0 down=4s maxout=4s
 427.132  t=424s RTT mean=42939 min=38626 max=64423 n=22 to=0 | cancels=0(+0/s) seqbad=0 len_bad=0 disc=0(0x00) | tot_n=16189 tot_to=0 maxever=94408 >2ms=16189 >5ms=16189 >15ms=6071 >20ms=5371 >30ms=5246 | probes=16190 wrfail=0 down=4s maxout=4s
 427.133  PCTL target=150 tot=1261 to=0 p50=41 p90=52 p99=64 p99.9=76 max=88 g30=1261 g100=0 (ms/counts)
 427.133  LOADRAMP: cycle complete
 427.133  LOADRAMP: target=0 KBps for 60s
 427.183  t=425s RTT mean=40484 min=9020 max=49408 n=23 to=0 | cancels=0(+0/s) seqbad=0 len_bad=0 disc=0(0x00) | tot_n=16212 tot_to=0 maxever=94408 >2ms=16212 >5ms=16212 >15ms=6093 >20ms=5393 >30ms=5268 | probes=16213 wrfail=0 down=4s maxout=4s
 429.146  t=426s RTT mean=12617 min=11463 max=19421 n=64 to=0 | cancels=0(+0/s) seqbad=0 len_bad=0 disc=0(0x00) | tot_n=16276 tot_to=0 maxever=94408 >2ms=16276 >5ms=16276 >15ms=6099 >20ms=5393 >30ms=5268 | probes=16277 wrfail=0 down=4s maxout=4s
 429.146  t=427s RTT mean=12258 min=11908 max=19412 n=65 to=0 | cancels=0(+0/s) seqbad=0 len_bad=0 disc=0(0x00) | tot_n=16341 tot_to=0 maxever=94408 >2ms=16341 >5ms=16341 >15ms=6102 >20ms=5393 >30ms=5268 | probes=16342 wrfail=0 down=4s maxout=4s
 431.166  t=428s RTT mean=12615 min=11908 max=19419 n=64 to=0 | cancels=0(+0/s) seqbad=0 len_bad=0 disc=0(0x00) | tot_n=16405 tot_to=0 maxever=94408 >2ms=16405 >5ms=16405 >15ms=6108 >20ms=5393 >30ms=5268 | probes=16405 wrfail=0 down=4s maxout=4s
 431.167  t=429s RTT mean=12626 min=11909 max=26912 n=63 to=0 | cancels=0(+0/s) seqbad=0 len_bad=0 disc=0(0x00) | tot_n=16468 tot_to=0 maxever=94408 >2ms=16468 >5ms=16468 >15ms=6113 >20ms=5394 >30ms=5268 | probes=16469 wrfail=0 down=4s maxout=4s
 433.152  t=430s RTT mean=12374 min=11464 max=19413 n=65 to=0 | cancels=0(+0/s) seqbad=0 len_bad=0 disc=0(0x00) | tot_n=16533 tot_to=0 maxever=94408 >2ms=16533 >5ms=16533 >15ms=6117 >20ms=5394 >30ms=5268 | probes=16534 wrfail=0 down=4s maxout=4s
 433.153  t=431s RTT mean=12258 min=11898 max=19412 n=65 to=0 | cancels=0(+0/s) seqbad=0 len_bad=0 disc=0(0x00) | tot_n=16598 tot_to=0 maxever=94408 >2ms=16598 >5ms=16598 >15ms=6120 >20ms=5394 >30ms=5268 | probes=16599 wrfail=0 down=4s maxout=4s
 435.119  t=432s RTT mean=12865 min=11908 max=19412 n=63 to=0 | cancels=0(+0/s) seqbad=0 len_bad=0 disc=0(0x00) | tot_n=16661 tot_to=0 maxever=94408 >2ms=16661 >5ms=16661 >15ms=6128 >20ms=5394 >30ms=5268 | probes=16662 wrfail=0 down=4s maxout=4s
 435.179  t=433s RTT mean=12626 min=11908 max=26909 n=63 to=0 | cancels=0(+0/s) seqbad=0 len_bad=0 disc=0(0x00) | tot_n=16724 tot_to=0 maxever=94408 >2ms=16724 >5ms=16724 >15ms=6133 >20ms=5395 >30ms=5268 | probes=16725 wrfail=0 down=4s maxout=4s
 437.161  t=434s RTT mean=12489 min=11461 max=19421 n=65 to=0 | cancels=0(+0/s) seqbad=0 len_bad=0 disc=0(0x00) | tot_n=16789 tot_to=0 maxever=94408 >2ms=16789 >5ms=16789 >15ms=6138 >20ms=5395 >30ms=5268 | probes=16789 wrfail=0 down=4s maxout=4s
 437.161  t=435s RTT mean=12381 min=11909 max=19419 n=64 to=0 | cancels=0(+0/s) seqbad=0 len_bad=0 disc=0(0x00) | tot_n=16853 tot_to=0 maxever=94408 >2ms=16853 >5ms=16853 >15ms=6142 >20ms=5395 >30ms=5268 | probes=16854 wrfail=0 down=4s maxout=4s
 439.144  t=436s RTT mean=12615 min=11902 max=19421 n=64 to=0 | cancels=0(+0/s) seqbad=0 len_bad=0 disc=0(0x00) | tot_n=16917 tot_to=0 maxever=94408 >2ms=16917 >5ms=16917 >15ms=6148 >20ms=5395 >30ms=5268 | probes=16918 wrfail=0 down=4s maxout=4s
 439.145  t=437s RTT mean=12373 min=11463 max=19412 n=65 to=0 | cancels=0(+0/s) seqbad=0 len_bad=0 disc=0(0x00) | tot_n=16982 tot_to=0 maxever=94408 >2ms=16982 >5ms=16982 >15ms=6152 >20ms=5395 >30ms=5268 | probes=16982 wrfail=0 down=4s maxout=4s
 441.176  t=438s RTT mean=12880 min=11464 max=19419 n=62 to=0 | cancels=0(+0/s) seqbad=0 len_bad=0 disc=0(0x00) | tot_n=17044 tot_to=0 maxever=94408 >2ms=17044 >5ms=17044 >15ms=6160 >20ms=5395 >30ms=5268 | probes=17045 wrfail=0 down=4s maxout=4s
 441.176  t=439s RTT mean=12615 min=11909 max=19412 n=64 to=0 | cancels=0(+0/s) seqbad=0 len_bad=0 disc=0(0x00) | tot_n=17108 tot_to=0 maxever=94408 >2ms=17108 >5ms=17108 >15ms=6166 >20ms=5395 >30ms=5268 | probes=17109 wrfail=0 down=4s maxout=4s
 443.176  t=440s RTT mean=12258 min=11461 max=19420 n=65 to=0 | cancels=0(+0/s) seqbad=0 len_bad=0 disc=0(0x00) | tot_n=17173 tot_to=0 maxever=94408 >2ms=17173 >5ms=17173 >15ms=6169 >20ms=5395 >30ms=5268 | probes=17174 wrfail=0 down=4s maxout=4s
 443.176  t=441s RTT mean=12025 min=11908 max=19410 n=66 to=0 | cancels=0(+0/s) seqbad=0 len_bad=0 disc=0(0x00) | tot_n=17239 tot_to=0 maxever=94408 >2ms=17239 >5ms=17239 >15ms=6170 >20ms=5395 >30ms=5268 | probes=17240 wrfail=0 down=4s maxout=4s
 445.142  t=442s RTT mean=12374 min=11464 max=19412 n=65 to=0 | cancels=0(+0/s) seqbad=0 len_bad=0 disc=0(0x00) | tot_n=17304 tot_to=0 maxever=94408 >2ms=17304 >5ms=17304 >15ms=6174 >20ms=5395 >30ms=5268 | probes=17305 wrfail=0 down=4s maxout=4s
 445.142  t=443s RTT mean=12373 min=11464 max=19412 n=65 to=0 | cancels=0(+0/s) seqbad=0 len_bad=0 disc=0(0x00) | tot_n=17369 tot_to=0 maxever=94408 >2ms=17369 >5ms=17369 >15ms=6178 >20ms=5395 >30ms=5268 | probes=17370 wrfail=0 down=4s maxout=4s
 447.161  t=444s RTT mean=12381 min=11461 max=19412 n=64 to=0 | cancels=0(+0/s) seqbad=0 len_bad=0 disc=0(0x00) | tot_n=17433 tot_to=0 maxever=94408 >2ms=17433 >5ms=17433 >15ms=6182 >20ms=5395 >30ms=5268 | probes=17434 wrfail=0 down=4s maxout=4s
 447.161  t=445s RTT mean=12489 min=11909 max=19412 n=65 to=0 | cancels=0(+0/s) seqbad=0 len_bad=0 disc=0(0x00) | tot_n=17498 tot_to=0 maxever=94408 >2ms=17498 >5ms=17498 >15ms=6187 >20ms=5395 >30ms=5268 | probes=17498 wrfail=0 down=4s maxout=4s
 449.148  t=446s RTT mean=12259 min=11463 max=19411 n=65 to=0 | cancels=0(+0/s) seqbad=0 len_bad=0 disc=0(0x00) | tot_n=17563 tot_to=0 maxever=94408 >2ms=17563 >5ms=17563 >15ms=6190 >20ms=5395 >30ms=5268 | probes=17564 wrfail=0 down=4s maxout=4s
 449.149  t=447s RTT mean=12142 min=11908 max=19411 n=65 to=0 | cancels=0(+0/s) seqbad=0 len_bad=0 disc=0(0x00) | tot_n=17628 tot_to=0 maxever=94408 >2ms=17628 >5ms=17628 >15ms=6192 >20ms=5395 >30ms=5268 | probes=17629 wrfail=0 down=4s maxout=4s
