   1.967  t=1s RTT mean=0 min=0 max=0 n=0 to=0 | cancels=0(+0/s) seqbad=0 len_bad=0 disc=0(0x00) | tot_n=0 tot_to=0 maxever=0 >2ms=0 >5ms=0 >15ms=0 >20ms=0 >30ms=0 | probes=0 wrfail=0 down=1s maxout=1s
   2.078  Q2CONN AA=89c2c14b CRCINIT=267197 hop=15 chan*** Booting Zephyr OS build v4.4.2-16-gfee9fbc62095 ***
   2.078  [01:06:01.342,238] [0m<inf> bt_hci_core: HW Platform: Nordic Semiconductor (0x0002)[0m
   2.078  [01:06:01.342,250] [0m<inf> bt_hci_core: HW Variant: nRF54Lx (0x0005)[0m
   2.078  [01:06:01.342,261] [0m<inf> bt_hci_core: Firmware: Standard Bluetooth controller (0x00) Version 4.4 Build 2[0m
   2.078  [01:06:01.342,605] [0m<inf> bt_hci_core: HCI transport: Controller[0m
   2.078  [01:06:01.342,652] [0m<inf> bt_hci_core: Identity: FC:BE:FF:FA:E6:8B (random)[0m
   2.137  [01:06:01.342,668] [0m<inf> bt_hci_core: HCI: version 5.4 (0x0d) revision 0x0000, manufacturer 0x05f1[0m
   2.137  [01:06:01.342,682] [0m<inf> bt_hci_core: LMP: version 5.4 (0x0d) subver 0xffff[0m
   2.138  
   2.138  === nRF54L15 RTT ping-pong CENTRAL ===
   2.138  scan rc=0
   4.064  t=1s RTT mean=0 min=0 max=0 n=0 to=0 | cancels=0(+0/s) seqbad=0 len_bad=0 disc=0(0x00) | tot_n=0 tot_to=0 maxever=0 >2ms=0 >5ms=0 >15ms=0 >20ms=0 >30ms=0 | probes=0 wrfail=0 down=1s maxout=1s
   4.116  t=2s RTT mean=0 min=0 max=0 n=0 to=0 | cancels=0(+0/s) seqbad=0 len_bad=0 disc=0(0x00) | tot_n=0 tot_to=0 maxever=0 >2ms=0 >5ms=0 >15ms=0 >20ms=0 >30ms=0 | probes=0 wrfail=0 down=2s maxout=2s
   6.074  t=3s RTT mean=0 min=0 max=0 n=0 to=0 | cancels=0(+0/s) seqbad=0 len_bad=0 disc=0(0x00) | tot_n=0 tot_to=0 maxever=0 >2ms=0 >5ms=0 >15ms=0 >20ms=0 >30ms=0 | probes=0 wrfail=0 down=3s maxout=3s
   6.075  Q2CONN AA=50c57950 CRCINIT=4be11e hop=9 chan_count=37 map=ffffffff1f
   6.075  GAP connected interval=25000
   6.075  MTU err=0 mtu=247
   6.131  t=4s RTT mean=0 min=0 max=0 n=0 to=0 | cancels=0(+0/s) seqbad=0 len_bad=0 disc=0(0x00) | tot_n=0 tot_to=0 maxever=0 >2ms=0 >5ms=0 >15ms=0 >20ms=0 >30ms=0 | probes=0 wrfail=0 down=4s maxout=4s
   7.298  PHY tx=2 rx=2
   7.298  discovery start (post-PHY +500ms) interval=25000 phy2m=1
   7.298  SUBSCRIBED, vh=14
   7.298  t=5s RTT mean=37520 min=28129 max=46911 n=2 to=0 | cancels=0(+0/s) seqbad=0 len_bad=0 disc=0(0x00) | tot_n=2 tot_to=0 maxever=46911 >2ms=2 >5ms=2 >15ms=2 >20ms=2 >30ms=1 | probes=3 wrfail=0 down=4s maxout=4s
   7.298  LOADRAMP: bulk char handle=17
   7.298  LOADRAMP: target=0 KBps for 60s
   9.080  t=6s RTT mean=46910 min=46837 max=46927 n=20 to=0 | cancels=0(+0/s) seqbad=0 len_bad=0 disc=0(0x00) | tot_n=22 tot_to=0 maxever=46927 >2ms=22 >5ms=22 >15ms=22 >20ms=22 >30ms=21 | probes=23 wrfail=0 down=4s maxout=4s
   9.081  t=7s RTT mean=46914 min=46910 max=46922 n=20 to=0 | cancels=0(+0/s) seqbad=0 len_bad=0 disc=0(0x00) | tot_n=42 tot_to=0 maxever=46927 >2ms=42 >5ms=42 >15ms=42 >20ms=42 >30ms=41 | probes=43 wrfail=0 down=4s maxout=4s
  10.941  FSU: request [150..150] us (ACL both dirs, 1M+2M) rc=0
  10.941  t=8s RTT mean=46914 min=46878 max=46952 n=20 to=0 | cancels=0(+0/s) seqbad=0 len_bad=0 disc=0(0x00) | tot_n=62 tot_to=0 maxever=46952 >2ms=62 >5ms=62 >15ms=62 >20ms=62 >30ms=61 | probes=63 wrfail=0 down=4s maxout=4s
  12.101  t=9s RTT mean=46914 min=46910 max=46922 n=20 to=0 | cancels=0(+0/s) seqbad=0 len_bad=0 disc=0(0x00) | tot_n=82 tot_to=0 maxever=46952 >2ms=82 >5ms=82 >15ms=82 >20ms=82 >30ms=81 | probes=83 wrfail=0 down=4s maxout=4s
  12.101  t=10s RTT mean=46914 min=46910 max=46922 n=20 to=0 | cancels=0(+0/s) seqbad=0 len_bad=0 disc=0(0x00) | tot_n=102 tot_to=0 maxever=46952 >2ms=102 >5ms=102 >15ms=102 >20ms=102 >30ms=101 | probes=103 wrfail=0 down=4s maxout=4s
  14.107  t=11s RTT mean=46914 min=46910 max=46929 n=20 to=0 | cancels=0(+0/s) seqbad=0 len_bad=0 disc=0(0x00) | tot_n=122 tot_to=0 maxever=46952 >2ms=122 >5ms=122 >15ms=122 >20ms=122 >30ms=121 | probes=123 wrfail=0 down=4s maxout=4s
  14.108  t=12s RTT mean=46913 min=46911 max=46919 n=20 to=0 | cancels=0(+0/s) seqbad=0 len_bad=0 disc=0(0x00) | tot_n=142 tot_to=0 maxever=46952 >2ms=142 >5ms=142 >15ms=142 >20ms=142 >30ms=141 | probes=143 wrfail=0 down=4s maxout=4s
  16.064  t=13s RTT mean=46914 min=46910 max=46932 n=20 to=0 | cancels=0(+0/s) seqbad=0 len_bad=0 disc=0(0x00) | tot_n=162 tot_to=0 maxever=46952 >2ms=162 >5ms=162 >15ms=162 >20ms=162 >30ms=161 | probes=163 wrfail=0 down=4s maxout=4s
  16.124  t=14s RTT mean=46913 min=46910 max=46919 n=20 to=0 | cancels=0(+0/s) seqbad=0 len_bad=0 disc=0(0x00) | tot_n=182 tot_to=0 maxever=46952 >2ms=182 >5ms=182 >15ms=182 >20ms=182 >30ms=181 | probes=183 wrfail=0 down=4s maxout=4s
  18.081  t=15s RTT mean=46914 min=46910 max=46931 n=20 to=0 | cancels=0(+0/s) seqbad=0 len_bad=0 disc=0(0x00) | tot_n=202 tot_to=0 maxever=46952 >2ms=202 >5ms=202 >15ms=202 >20ms=202 >30ms=201 | probes=203 wrfail=0 down=4s maxout=4s
  18.081  t=16s RTT mean=46913 min=46910 max=46918 n=20 to=0 | cancels=0(+0/s) seqbad=0 len_bad=0 disc=0(0x00) | tot_n=222 tot_to=0 maxever=46952 >2ms=222 >5ms=222 >15ms=222 >20ms=222 >30ms=221 | probes=223 wrfail=0 down=4s maxout=4s
  20.098  t=17s RTT mean=46914 min=46910 max=46932 n=20 to=0 | cancels=0(+0/s) seqbad=0 len_bad=0 disc=0(0x00) | tot_n=242 tot_to=0 maxever=46952 >2ms=242 >5ms=242 >15ms=242 >20ms=242 >30ms=241 | probes=243 wrfail=0 down=4s maxout=4s
  20.098  t=18s RTT mean=46913 min=46910 max=46918 n=20 to=0 | cancels=0(+0/s) seqbad=0 len_bad=0 disc=0(0x00) | tot_n=262 tot_to=0 maxever=46952 >2ms=262 >5ms=262 >15ms=262 >20ms=262 >30ms=261 | probes=263 wrfail=0 down=4s maxout=4s
  22.108  t=19s RTT mean=46914 min=46910 max=46932 n=20 to=0 | cancels=0(+0/s) seqbad=0 len_bad=0 disc=0(0x00) | tot_n=282 tot_to=0 maxever=46952 >2ms=282 >5ms=282 >15ms=282 >20ms=282 >30ms=281 | probes=283 wrfail=0 down=4s maxout=4s
  22.108  t=20s RTT mean=46913 min=46910 max=46918 n=20 to=0 | cancels=0(+0/s) seqbad=0 len_bad=0 disc=0(0x00) | tot_n=302 tot_to=0 maxever=46952 >2ms=302 >5ms=302 >15ms=302 >20ms=302 >30ms=301 | probes=303 wrfail=0 down=4s maxout=4s
  24.067  t=21s RTT mean=46914 min=46910 max=46931 n=20 to=0 | cancels=0(+0/s) seqbad=0 len_bad=0 disc=0(0x00) | tot_n=322 tot_to=0 maxever=46952 >2ms=322 >5ms=322 >15ms=322 >20ms=322 >30ms=321 | probes=323 wrfail=0 down=4s maxout=4s
  24.125  t=22s RTT mean=46913 min=46910 max=46919 n=20 to=0 | cancels=0(+0/s) seqbad=0 len_bad=0 disc=0(0x00) | tot_n=342 tot_to=0 maxever=46952 >2ms=342 >5ms=342 >15ms=342 >20ms=342 >30ms=341 | probes=343 wrfail=0 down=4s maxout=4s
  26.089  t=23s RTT mean=46914 min=46910 max=46932 n=20 to=0 | cancels=0(+0/s) seqbad=0 len_bad=0 disc=0(0x00) | tot_n=362 tot_to=0 maxever=46952 >2ms=362 >5ms=362 >15ms=362 >20ms=362 >30ms=361 | probes=363 wrfail=0 down=4s maxout=4s
  26.090  t=24s RTT mean=46913 min=46910 max=46918 n=20 to=0 | cancels=0(+0/s) seqbad=0 len_bad=0 disc=0(0x00) | tot_n=382 tot_to=0 maxever=46952 >2ms=382 >5ms=382 >15ms=382 >20ms=382 >30ms=381 | probes=383 wrfail=0 down=4s maxout=4s
  28.096  t=25s RTT mean=46914 min=46910 max=46931 n=20 to=0 | cancels=0(+0/s) seqbad=0 len_bad=0 disc=0(0x00) | tot_n=402 tot_to=0 maxever=46952 >2ms=402 >5ms=402 >15ms=402 >20ms=402 >30ms=401 | probes=403 wrfail=0 down=4s maxout=4s
  28.096  t=26s RTT mean=46913 min=46911 max=46919 n=20 to=0 | cancels=0(+0/s) seqbad=0 len_bad=0 disc=0(0x00) | tot_n=422 tot_to=0 maxever=46952 >2ms=422 >5ms=422 >15ms=422 >20ms=422 >30ms=421 | probes=423 wrfail=0 down=4s maxout=4s
  30.113  t=27s RTT mean=46914 min=46910 max=46932 n=20 to=0 | cancels=0(+0/s) seqbad=0 len_bad=0 disc=0(0x00) | tot_n=442 tot_to=0 maxever=46952 >2ms=442 >5ms=442 >15ms=442 >20ms=442 >30ms=441 | probes=443 wrfail=0 down=4s maxout=4s
  30.114  t=28s RTT mean=46913 min=46910 max=46919 n=20 to=0 | cancels=0(+0/s) seqbad=0 len_bad=0 disc=0(0x00) | tot_n=462 tot_to=0 maxever=46952 >2ms=462 >5ms=462 >15ms=462 >20ms=462 >30ms=461 | probes=463 wrfail=0 down=4s maxout=4s
  32.114  t=29s RTT mean=46914 min=46910 max=46931 n=20 to=0 | cancels=0(+0/s) seqbad=0 len_bad=0 disc=0(0x00) | tot_n=482 tot_to=0 maxever=46952 >2ms=482 >5ms=482 >15ms=482 >20ms=482 >30ms=481 | probes=483 wrfail=0 down=4s maxout=4s
  32.114  t=30s RTT mean=46913 min=46911 max=46919 n=20 to=0 | cancels=0(+0/s) seqbad=0 len_bad=0 disc=0(0x00) | tot_n=502 tot_to=0 maxever=46952 >2ms=502 >5ms=502 >15ms=502 >20ms=502 >30ms=501 | probes=503 wrfail=0 down=4s maxout=4s
  34.065  t=31s RTT mean=46914 min=46910 max=46931 n=20 to=0 | cancels=0(+0/s) seqbad=0 len_bad=0 disc=0(0x00) | tot_n=522 tot_to=0 maxever=46952 >2ms=522 >5ms=522 >15ms=522 >20ms=522 >30ms=521 | probes=523 wrfail=0 down=4s maxout=4s
  34.116  t=32s RTT mean=46913 min=46910 max=46918 n=20 to=0 | cancels=0(+0/s) seqbad=0 len_bad=0 disc=0(0x00) | tot_n=542 tot_to=0 maxever=46952 >2ms=542 >5ms=542 >15ms=542 >20ms=542 >30ms=541 | probes=543 wrfail=0 down=4s maxout=4s
  36.071  t=33s RTT mean=46914 min=46910 max=46931 n=20 to=0 | cancels=0(+0/s) seqbad=0 len_bad=0 disc=0(0x00) | tot_n=562 tot_to=0 maxever=46952 >2ms=562 >5ms=562 >15ms=562 >20ms=562 >30ms=561 | probes=563 wrfail=0 down=4s maxout=4s
  36.131  t=34s RTT mean=46913 min=46910 max=46918 n=20 to=0 | cancels=0(+0/s) seqbad=0 len_bad=0 disc=0(0x00) | tot_n=582 tot_to=0 maxever=46952 >2ms=582 >5ms=582 >15ms=582 >20ms=582 >30ms=581 | probes=583 wrfail=0 down=4s maxout=4s
  38.098  t=35s RTT mean=46914 min=46910 max=46932 n=20 to=0 | cancels=0(+0/s) seqbad=0 len_bad=0 disc=0(0x00) | tot_n=602 tot_to=0 maxever=46952 >2ms=602 >5ms=602 >15ms=602 >20ms=602 >30ms=601 | probes=603 wrfail=0 down=4s maxout=4s
  38.098  t=36s RTT mean=46913 min=46910 max=46918 n=20 to=0 | cancels=0(+0/s) seqbad=0 len_bad=0 disc=0(0x00) | tot_n=622 tot_to=0 maxever=46952 >2ms=622 >5ms=622 >15ms=622 >20ms=622 >30ms=621 | probes=623 wrfail=0 down=4s maxout=4s
  40.063  t=37s RTT mean=46914 min=46910 max=46931 n=20 to=0 | cancels=0(+0/s) seqbad=0 len_bad=0 disc=0(0x00) | tot_n=642 tot_to=0 maxever=46952 >2ms=642 >5ms=642 >15ms=642 >20ms=642 >30ms=641 | probes=643 wrfail=0 down=4s maxout=4s
  40.114  t=38s RTT mean=46913 min=46910 max=46918 n=20 to=0 | cancels=0(+0/s) seqbad=0 len_bad=0 disc=0(0x00) | tot_n=662 tot_to=0 maxever=46952 >2ms=662 >5ms=662 >15ms=662 >20ms=662 >30ms=661 | probes=663 wrfail=0 down=4s maxout=4s
  42.064  t=39s RTT mean=46914 min=46910 max=46932 n=20 to=0 | cancels=0(+0/s) seqbad=0 len_bad=0 disc=0(0x00) | tot_n=682 tot_to=0 maxever=46952 >2ms=682 >5ms=682 >15ms=682 >20ms=682 >30ms=681 | probes=683 wrfail=0 down=4s maxout=4s
  42.115  t=40s RTT mean=46913 min=46910 max=46918 n=20 to=0 | cancels=0(+0/s) seqbad=0 len_bad=0 disc=0(0x00) | tot_n=702 tot_to=0 maxever=46952 >2ms=702 >5ms=702 >15ms=702 >20ms=702 >30ms=701 | probes=703 wrfail=0 down=4s maxout=4s
  44.114  t=41s RTT mean=46914 min=46910 max=46931 n=20 to=0 | cancels=0(+0/s) seqbad=0 len_bad=0 disc=0(0x00) | tot_n=722 tot_to=0 maxever=46952 >2ms=722 >5ms=722 >15ms=722 >20ms=722 >30ms=721 | probes=723 wrfail=0 down=4s maxout=4s
  44.114  t=42s RTT mean=46913 min=46911 max=46917 n=20 to=0 | cancels=0(+0/s) seqbad=0 len_bad=0 disc=0(0x00) | tot_n=742 tot_to=0 maxever=46952 >2ms=742 >5ms=742 >15ms=742 >20ms=742 >30ms=741 | probes=743 wrfail=0 down=4s maxout=4s
  46.107  t=43s RTT mean=46914 min=46905 max=46931 n=20 to=0 | cancels=0(+0/s) seqbad=0 len_bad=0 disc=0(0x00) | tot_n=762 tot_to=0 maxever=46952 >2ms=762 >5ms=762 >15ms=762 >20ms=762 >30ms=761 | probes=763 wrfail=0 down=4s maxout=4s
  46.107  t=44s RTT mean=46913 min=46911 max=46917 n=20 to=0 | cancels=0(+0/s) seqbad=0 len_bad=0 disc=0(0x00) | tot_n=782 tot_to=0 maxever=46952 >2ms=782 >5ms=782 >15ms=782 >20ms=782 >30ms=781 | probes=783 wrfail=0 down=4s maxout=4s
  48.074  t=45s RTT mean=46914 min=46905 max=46932 n=20 to=0 | cancels=0(+0/s) seqbad=0 len_bad=0 disc=0(0x00) | tot_n=802 tot_to=0 maxever=46952 >2ms=802 >5ms=802 >15ms=802 >20ms=802 >30ms=801 | probes=803 wrfail=0 down=4s maxout=4s
  48.131  t=46s RTT mean=46913 min=46911 max=46917 n=20 to=0 | cancels=0(+0/s) seqbad=0 len_bad=0 disc=0(0x00) | tot_n=822 tot_to=0 maxever=46952 >2ms=822 >5ms=822 >15ms=822 >20ms=822 >30ms=821 | probes=823 wrfail=0 down=4s maxout=4s
  50.087  t=47s RTT mean=46914 min=46905 max=46932 n=20 to=0 | cancels=0(+0/s) seqbad=0 len_bad=0 disc=0(0x00) | tot_n=842 tot_to=0 maxever=46952 >2ms=842 >5ms=842 >15ms=842 >20ms=842 >30ms=841 | probes=843 wrfail=0 down=4s maxout=4s
  50.087  t=48s RTT mean=46913 min=46911 max=46917 n=20 to=0 | cancels=0(+0/s) seqbad=0 len_bad=0 disc=0(0x00) | tot_n=862 tot_to=0 maxever=46952 >2ms=862 >5ms=862 >15ms=862 >20ms=862 >30ms=861 | probes=863 wrfail=0 down=4s maxout=4s
  52.098  t=49s RTT mean=46914 min=46905 max=46931 n=20 to=0 | cancels=0(+0/s) seqbad=0 len_bad=0 disc=0(0x00) | tot_n=882 tot_to=0 maxever=46952 >2ms=882 >5ms=882 >15ms=882 >20ms=882 >30ms=881 | probes=883 wrfail=0 down=4s maxout=4s
  52.098  t=50s RTT mean=46913 min=46911 max=46917 n=20 to=0 | cancels=0(+0/s) seqbad=0 len_bad=0 disc=0(0x00) | tot_n=902 tot_to=0 maxever=46952 >2ms=902 >5ms=902 >15ms=902 >20ms=902 >30ms=901 | probes=903 wrfail=0 down=4s maxout=4s
  54.070  t=51s RTT mean=46914 min=46905 max=46932 n=20 to=0 | cancels=0(+0/s) seqbad=0 len_bad=0 disc=0(0x00) | tot_n=922 tot_to=0 maxever=46952 >2ms=922 >5ms=922 >15ms=922 >20ms=922 >30ms=921 | probes=923 wrfail=0 down=4s maxout=4s
  54.130  t=52s RTT mean=46913 min=46911 max=46917 n=20 to=0 | cancels=0(+0/s) seqbad=0 len_bad=0 disc=0(0x00) | tot_n=942 tot_to=0 maxever=46952 >2ms=942 >5ms=942 >15ms=942 >20ms=942 >30ms=941 | probes=943 wrfail=0 down=4s maxout=4s
  56.107  t=53s RTT mean=46914 min=46905 max=46932 n=20 to=0 | cancels=0(+0/s) seqbad=0 len_bad=0 disc=0(0x00) | tot_n=962 tot_to=0 maxever=46952 >2ms=962 >5ms=962 >15ms=962 >20ms=962 >30ms=961 | probes=963 wrfail=0 down=4s maxout=4s
  56.107  t=54s RTT mean=46913 min=46911 max=46917 n=20 to=0 | cancels=0(+0/s) seqbad=0 len_bad=0 disc=0(0x00) | tot_n=982 tot_to=0 maxever=46952 >2ms=982 >5ms=982 >15ms=982 >20ms=982 >30ms=981 | probes=983 wrfail=0 down=4s maxout=4s
  58.081  t=55s RTT mean=46914 min=46904 max=46932 n=20 to=0 | cancels=0(+0/s) seqbad=0 len_bad=0 disc=0(0x00) | tot_n=1002 tot_to=0 maxever=46952 >2ms=1002 >5ms=1002 >15ms=1002 >20ms=1002 >30ms=1001 | probes=1003 wrfail=0 down=4s maxout=4s
  58.141  t=56s RTT mean=46913 min=46911 max=46917 n=20 to=0 | cancels=0(+0/s) seqbad=0 len_bad=0 disc=0(0x00) | tot_n=1022 tot_to=0 maxever=46952 >2ms=1022 >5ms=1022 >15ms=1022 >20ms=1022 >30ms=1021 | probes=1023 wrfail=0 down=4s maxout=4s
  60.105  t=57s RTT mean=46914 min=46905 max=46932 n=20 to=0 | cancels=0(+0/s) seqbad=0 len_bad=0 disc=0(0x00) | tot_n=1042 tot_to=0 maxever=46952 >2ms=1042 >5ms=1042 >15ms=1042 >20ms=1042 >30ms=1041 | probes=1043 wrfail=0 down=4s maxout=4s
  60.105  t=58s RTT mean=46913 min=46911 max=46916 n=20 to=0 | cancels=0(+0/s) seqbad=0 len_bad=0 disc=0(0x00) | tot_n=1062 tot_to=0 maxever=46952 >2ms=1062 >5ms=1062 >15ms=1062 >20ms=1062 >30ms=1061 | probes=1063 wrfail=0 down=4s maxout=4s
  62.064  t=59s RTT mean=46914 min=46905 max=46931 n=20 to=0 | cancels=0(+0/s) seqbad=0 len_bad=0 disc=0(0x00) | tot_n=1082 tot_to=0 maxever=46952 >2ms=1082 >5ms=1082 >15ms=1082 >20ms=1082 >30ms=1081 | probes=1083 wrfail=0 down=4s maxout=4s
  62.121  t=60s RTT mean=46913 min=46911 max=46917 n=20 to=0 | cancels=0(+0/s) seqbad=0 len_bad=0 disc=0(0x00) | tot_n=1102 tot_to=0 maxever=46952 >2ms=1102 >5ms=1102 >15ms=1102 >20ms=1102 >30ms=1101 | probes=1103 wrfail=0 down=4s maxout=4s
  64.074  t=61s RTT mean=46913 min=46904 max=46931 n=20 to=0 | cancels=0(+0/s) seqbad=0 len_bad=0 disc=0(0x00) | tot_n=1122 tot_to=0 maxever=46952 >2ms=1122 >5ms=1122 >15ms=1122 >20ms=1122 >30ms=1121 | probes=1123 wrfail=0 down=4s maxout=4s
  64.133  t=62s RTT mean=46913 min=46911 max=46916 n=20 to=0 | cancels=0(+0/s) seqbad=0 len_bad=0 disc=0(0x00) | tot_n=1142 tot_to=0 maxever=46952 >2ms=1142 >5ms=1142 >15ms=1142 >20ms=1142 >30ms=1141 | probes=1143 wrfail=0 down=4s maxout=4s
  66.091  t=63s RTT mean=46914 min=46905 max=46932 n=20 to=0 | cancels=0(+0/s) seqbad=0 len_bad=0 disc=0(0x00) | tot_n=1162 tot_to=0 maxever=46952 >2ms=1162 >5ms=1162 >15ms=1162 >20ms=1162 >30ms=1161 | probes=1163 wrfail=0 down=4s maxout=4s
  66.091  t=64s RTT mean=46913 min=46911 max=46916 n=20 to=0 | cancels=0(+0/s) seqbad=0 len_bad=0 disc=0(0x00) | tot_n=1182 tot_to=0 maxever=46952 >2ms=1182 >5ms=1182 >15ms=1182 >20ms=1182 >30ms=1181 | probes=1183 wrfail=0 down=4s maxout=4s
  68.108  t=65s RTT mean=46913 min=46904 max=46931 n=20 to=0 | cancels=0(+0/s) seqbad=0 len_bad=0 disc=0(0x00) | tot_n=1202 tot_to=0 maxever=46952 >2ms=1202 >5ms=1202 >15ms=1202 >20ms=1202 >30ms=1201 | probes=1203 wrfail=0 down=4s maxout=4s
  68.108  PCTL target=0 tot=1200 to=0 p50=46 p90=46 p99=46 p99.9=46 max=46 g30=1200 g100=0 (ms/counts)
  68.108  LOADRAMP: target=25 KBps for 60s
  68.108  t=66s RTT mean=43341 min=30263 max=48019 n=21 to=0 | cancels=0(+0/s) seqbad=0 len_bad=0 disc=0(0x00) | tot_n=1223 tot_to=0 maxever=48019 >2ms=1223 >5ms=1223 >15ms=1223 >20ms=1223 >30ms=1222 | probes=1224 wrfail=0 down=4s maxout=4s
  70.071  t=67s RTT mean=42368 min=23474 max=46932 n=22 to=0 | cancels=0(+0/s) seqbad=0 len_bad=0 disc=0(0x00) | tot_n=1245 tot_to=0 maxever=48019 >2ms=1245 >5ms=1245 >15ms=1245 >20ms=1245 >30ms=1243 | probes=1246 wrfail=0 down=4s maxout=4s
  70.131  t=68s RTT mean=42367 min=23475 max=46914 n=22 to=0 | cancels=0(+0/s) seqbad=0 len_bad=0 disc=0(0x00) | tot_n=1267 tot_to=0 maxever=48019 >2ms=1267 >5ms=1267 >15ms=1267 >20ms=1267 >30ms=1264 | probes=1268 wrfail=0 down=4s maxout=4s
  72.098  t=69s RTT mean=42367 min=23474 max=46931 n=22 to=0 | cancels=0(+0/s) seqbad=0 len_bad=0 disc=0(0x00) | tot_n=1289 tot_to=0 maxever=48019 >2ms=1289 >5ms=1289 >15ms=1289 >20ms=1289 >30ms=1285 | probes=1290 wrfail=0 down=4s maxout=4s
  72.098  t=70s RTT mean=42367 min=23474 max=46915 n=22 to=0 | cancels=0(+0/s) seqbad=0 len_bad=0 disc=0(0x00) | tot_n=1311 tot_to=0 maxever=48019 >2ms=1311 >5ms=1311 >15ms=1311 >20ms=1311 >30ms=1306 | probes=1312 wrfail=0 down=4s maxout=4s
  74.106  t=71s RTT mean=42367 min=23474 max=46932 n=22 to=0 | cancels=0(+0/s) seqbad=0 len_bad=0 disc=0(0x00) | tot_n=1333 tot_to=0 maxever=48019 >2ms=1333 >5ms=1333 >15ms=1333 >20ms=1333 >30ms=1327 | probes=1334 wrfail=0 down=4s maxout=4s
  74.106  t=72s RTT mean=42367 min=23474 max=46915 n=22 to=0 | cancels=0(+0/s) seqbad=0 len_bad=0 disc=0(0x00) | tot_n=1355 tot_to=0 maxever=48019 >2ms=1355 >5ms=1355 >15ms=1355 >20ms=1355 >30ms=1348 | probes=1356 wrfail=0 down=4s maxout=4s
  76.074  t=73s RTT mean=42367 min=23474 max=46929 n=22 to=0 | cancels=0(+0/s) seqbad=0 len_bad=0 disc=0(0x00) | tot_n=1377 tot_to=0 maxever=48019 >2ms=1377 >5ms=1377 >15ms=1377 >20ms=1377 >30ms=1369 | probes=1378 wrfail=0 down=4s maxout=4s
  76.131  t=74s RTT mean=42367 min=23475 max=46917 n=22 to=0 | cancels=0(+0/s) seqbad=0 len_bad=0 disc=0(0x00) | tot_n=1399 tot_to=0 maxever=48019 >2ms=1399 >5ms=1399 >15ms=1399 >20ms=1399 >30ms=1390 | probes=1400 wrfail=0 down=4s maxout=4s
  78.114  t=75s RTT mean=42367 min=23474 max=46929 n=22 to=0 | cancels=0(+0/s) seqbad=0 len_bad=0 disc=0(0x00) | tot_n=1421 tot_to=0 maxever=48019 >2ms=1421 >5ms=1421 >15ms=1421 >20ms=1421 >30ms=1411 | probes=1422 wrfail=0 down=4s maxout=4s
  78.114  t=76s RTT mean=42367 min=23475 max=46917 n=22 to=0 | cancels=0(+0/s) seqbad=0 len_bad=0 disc=0(0x00) | tot_n=1443 tot_to=0 maxever=48019 >2ms=1443 >5ms=1443 >15ms=1443 >20ms=1443 >30ms=1432 | probes=1444 wrfail=0 down=4s maxout=4s
  80.091  t=77s RTT mean=42367 min=23474 max=46922 n=22 to=0 | cancels=0(+0/s) seqbad=0 len_bad=0 disc=0(0x00) | tot_n=1465 tot_to=0 maxever=48019 >2ms=1465 >5ms=1465 >15ms=1465 >20ms=1465 >30ms=1453 | probes=1466 wrfail=0 down=4s maxout=4s
  80.091  t=78s RTT mean=42564 min=23475 max=47023 n=23 to=0 | cancels=0(+0/s) seqbad=0 len_bad=0 disc=0(0x00) | tot_n=1488 tot_to=0 maxever=48019 >2ms=1488 >5ms=1488 >15ms=1488 >20ms=1488 >30ms=1475 | probes=1488 wrfail=0 down=4s maxout=4s
  82.098  t=79s RTT mean=42368 min=23474 max=46932 n=22 to=0 | cancels=0(+0/s) seqbad=0 len_bad=0 disc=0(0x00) | tot_n=1510 tot_to=0 maxever=48019 >2ms=1510 >5ms=1510 >15ms=1510 >20ms=1510 >30ms=1496 | probes=1510 wrfail=0 down=4s maxout=4s
  82.098  t=80s RTT mean=42367 min=23474 max=46923 n=22 to=0 | cancels=0(+0/s) seqbad=0 len_bad=0 disc=0(0x00) | tot_n=1532 tot_to=0 maxever=48019 >2ms=1532 >5ms=1532 >15ms=1532 >20ms=1532 >30ms=1517 | probes=1532 wrfail=0 down=4s maxout=4s
  84.108  t=81s RTT mean=42368 min=23474 max=46933 n=22 to=0 | cancels=0(+0/s) seqbad=0 len_bad=0 disc=0(0x00) | tot_n=1554 tot_to=0 maxever=48019 >2ms=1554 >5ms=1554 >15ms=1554 >20ms=1554 >30ms=1538 | probes=1554 wrfail=0 down=4s maxout=4s
  84.108  t=82s RTT mean=42367 min=23474 max=46923 n=22 to=0 | cancels=0(+0/s) seqbad=0 len_bad=0 disc=0(0x00) | tot_n=1576 tot_to=0 maxever=48019 >2ms=1576 >5ms=1576 >15ms=1576 >20ms=1576 >30ms=1559 | probes=1576 wrfail=0 down=4s maxout=4s
  86.085  t=83s RTT mean=42368 min=23474 max=46931 n=22 to=0 | cancels=0(+0/s) seqbad=0 len_bad=0 disc=0(0x00) | tot_n=1598 tot_to=0 maxever=48019 >2ms=1598 >5ms=1598 >15ms=1598 >20ms=1598 >30ms=1580 | probes=1598 wrfail=0 down=4s maxout=4s
  86.146  t=84s RTT mean=42367 min=23475 max=46923 n=22 to=0 | cancels=0(+0/s) seqbad=0 len_bad=0 disc=0(0x00) | tot_n=1620 tot_to=0 maxever=48019 >2ms=1620 >5ms=1620 >15ms=1620 >20ms=1620 >30ms=1601 | probes=1620 wrfail=0 down=4s maxout=4s
  88.098  t=85s RTT mean=42368 min=23474 max=46931 n=22 to=0 | cancels=0(+0/s) seqbad=0 len_bad=0 disc=0(0x00) | tot_n=1642 tot_to=0 maxever=48019 >2ms=1642 >5ms=1642 >15ms=1642 >20ms=1642 >30ms=1622 | probes=1642 wrfail=0 down=4s maxout=4s
  88.098  t=86s RTT mean=42367 min=23474 max=46923 n=22 to=0 | cancels=0(+0/s) seqbad=0 len_bad=0 disc=0(0x00) | tot_n=1664 tot_to=0 maxever=48019 >2ms=1664 >5ms=1664 >15ms=1664 >20ms=1664 >30ms=1643 | probes=1664 wrfail=0 down=4s maxout=4s
  90.116  t=87s RTT mean=42368 min=23474 max=46933 n=22 to=0 | cancels=0(+0/s) seqbad=0 len_bad=0 disc=0(0x00) | tot_n=1686 tot_to=0 maxever=48019 >2ms=1686 >5ms=1686 >15ms=1686 >20ms=1686 >30ms=1664 | probes=1686 wrfail=0 down=4s maxout=4s
  90.117  t=88s RTT mean=42367 min=23475 max=46923 n=22 to=0 | cancels=0(+0/s) seqbad=0 len_bad=0 disc=0(0x00) | tot_n=1708 tot_to=0 maxever=48019 >2ms=1708 >5ms=1708 >15ms=1708 >20ms=1708 >30ms=1685 | probes=1708 wrfail=0 down=4s maxout=4s
  92.074  t=89s RTT mean=42367 min=23474 max=46931 n=22 to=0 | cancels=0(+0/s) seqbad=0 len_bad=0 disc=0(0x00) | tot_n=1730 tot_to=0 maxever=48019 >2ms=1730 >5ms=1730 >15ms=1730 >20ms=1730 >30ms=1706 | probes=1730 wrfail=0 down=4s maxout=4s
  92.133  t=90s RTT mean=42367 min=23474 max=46923 n=22 to=0 | cancels=0(+0/s) seqbad=0 len_bad=0 disc=0(0x00) | tot_n=1752 tot_to=0 maxever=48019 >2ms=1752 >5ms=1752 >15ms=1752 >20ms=1752 >30ms=1727 | probes=1752 wrfail=0 down=4s maxout=4s
  94.111  t=91s RTT mean=42367 min=23474 max=46932 n=22 to=0 | cancels=0(+0/s) seqbad=0 len_bad=0 disc=0(0x00) | tot_n=1774 tot_to=0 maxever=48019 >2ms=1774 >5ms=1774 >15ms=1774 >20ms=1774 >30ms=1748 | probes=1774 wrfail=0 down=4s maxout=4s
  94.112  t=92s RTT mean=42367 min=23474 max=46922 n=22 to=0 | cancels=0(+0/s) seqbad=0 len_bad=0 disc=0(0x00) | tot_n=1796 tot_to=0 maxever=48019 >2ms=1796 >5ms=1796 >15ms=1796 >20ms=1796 >30ms=1769 | probes=1796 wrfail=0 down=4s maxout=4s
  96.082  t=93s RTT mean=42368 min=23474 max=46932 n=22 to=0 | cancels=0(+0/s) seqbad=0 len_bad=0 disc=0(0x00) | tot_n=1818 tot_to=0 maxever=48019 >2ms=1818 >5ms=1818 >15ms=1818 >20ms=1818 >30ms=1790 | probes=1818 wrfail=0 down=4s maxout=4s
  96.142  t=94s RTT mean=42367 min=23474 max=46922 n=22 to=0 | cancels=0(+0/s) seqbad=0 len_bad=0 disc=0(0x00) | tot_n=1840 tot_to=0 maxever=48019 >2ms=1840 >5ms=1840 >15ms=1840 >20ms=1840 >30ms=1811 | probes=1840 wrfail=0 down=4s maxout=4s
  98.091  t=95s RTT mean=42367 min=23474 max=46932 n=22 to=0 | cancels=0(+0/s) seqbad=0 len_bad=0 disc=0(0x00) | tot_n=1862 tot_to=0 maxever=48019 >2ms=1862 >5ms=1862 >15ms=1862 >20ms=1862 >30ms=1832 | probes=1862 wrfail=0 down=4s maxout=4s
  98.091  t=96s RTT mean=42367 min=23474 max=46922 n=22 to=0 | cancels=0(+0/s) seqbad=0 len_bad=0 disc=0(0x00) | tot_n=1884 tot_to=0 maxever=48019 >2ms=1884 >5ms=1884 >15ms=1884 >20ms=1884 >30ms=1853 | probes=1884 wrfail=0 down=4s maxout=4s
 100.114  t=97s RTT mean=42368 min=23474 max=46932 n=22 to=0 | cancels=0(+0/s) seqbad=0 len_bad=0 disc=0(0x00) | tot_n=1906 tot_to=0 maxever=48019 >2ms=1906 >5ms=1906 >15ms=1906 >20ms=1906 >30ms=1874 | probes=1906 wrfail=0 down=4s maxout=4s
 100.114  t=98s RTT mean=42367 min=23475 max=46922 n=22 to=0 | cancels=0(+0/s) seqbad=0 len_bad=0 disc=0(0x00) | tot_n=1928 tot_to=0 maxever=48019 >2ms=1928 >5ms=1928 >15ms=1928 >20ms=1928 >30ms=1895 | probes=1928 wrfail=0 down=4s maxout=4s
 102.074  t=99s RTT mean=42367 min=23474 max=46932 n=22 to=0 | cancels=0(+0/s) seqbad=0 len_bad=0 disc=0(0x00) | tot_n=1950 tot_to=0 maxever=48019 >2ms=1950 >5ms=1950 >15ms=1950 >20ms=1950 >30ms=1916 | probes=1950 wrfail=0 down=4s maxout=4s
 102.131  t=100s RTT mean=42367 min=23474 max=46922 n=22 to=0 | cancels=0(+0/s) seqbad=0 len_bad=0 disc=0(0x00) | tot_n=1972 tot_to=0 maxever=48019 >2ms=1972 >5ms=1972 >15ms=1972 >20ms=1972 >30ms=1937 | probes=1972 wrfail=0 down=4s maxout=4s
 104.121  t=101s RTT mean=42367 min=23474 max=46930 n=22 to=0 | cancels=0(+0/s) seqbad=0 len_bad=0 disc=0(0x00) | tot_n=1994 tot_to=0 maxever=48019 >2ms=1994 >5ms=1994 >15ms=1994 >20ms=1994 >30ms=1958 | probes=1995 wrfail=0 down=4s maxout=4s
 104.121  t=102s RTT mean=42367 min=23475 max=46915 n=22 to=0 | cancels=0(+0/s) seqbad=0 len_bad=0 disc=0(0x00) | tot_n=2016 tot_to=0 maxever=48019 >2ms=2016 >5ms=2016 >15ms=2016 >20ms=2016 >30ms=1979 | probes=2017 wrfail=0 down=4s maxout=4s
 106.124  t=103s RTT mean=42367 min=23474 max=46919 n=22 to=0 | cancels=0(+0/s) seqbad=0 len_bad=0 disc=0(0x00) | tot_n=2038 tot_to=0 maxever=48019 >2ms=2038 >5ms=2038 >15ms=2038 >20ms=2038 >30ms=2000 | probes=2039 wrfail=0 down=4s maxout=4s
 106.125  t=104s RTT mean=42367 min=23474 max=46919 n=22 to=0 | cancels=0(+0/s) seqbad=0 len_bad=0 disc=0(0x00) | tot_n=2060 tot_to=0 maxever=48019 >2ms=2060 >5ms=2060 >15ms=2060 >20ms=2060 >30ms=2021 | probes=2061 wrfail=0 down=4s maxout=4s
 108.125  t=105s RTT mean=42367 min=23474 max=46919 n=22 to=0 | cancels=0(+0/s) seqbad=0 len_bad=0 disc=0(0x00) | tot_n=2082 tot_to=0 maxever=48019 >2ms=2082 >5ms=2082 >15ms=2082 >20ms=2082 >30ms=2042 | probes=2083 wrfail=0 down=4s maxout=4s
 108.125  t=106s RTT mean=42367 min=23473 max=46919 n=22 to=0 | cancels=0(+0/s) seqbad=0 len_bad=0 disc=0(0x00) | tot_n=2104 tot_to=0 maxever=48019 >2ms=2104 >5ms=2104 >15ms=2104 >20ms=2104 >30ms=2063 | probes=2105 wrfail=0 down=4s maxout=4s
 110.098  t=107s RTT mean=42367 min=23475 max=46919 n=22 to=0 | cancels=0(+0/s) seqbad=0 len_bad=0 disc=0(0x00) | tot_n=2126 tot_to=0 maxever=48019 >2ms=2126 >5ms=2126 >15ms=2126 >20ms=2126 >30ms=2084 | probes=2127 wrfail=0 down=4s maxout=4s
 110.098  t=108s RTT mean=42367 min=23474 max=46919 n=22 to=0 | cancels=0(+0/s) seqbad=0 len_bad=0 disc=0(0x00) | tot_n=2148 tot_to=0 maxever=48019 >2ms=2148 >5ms=2148 >15ms=2148 >20ms=2148 >30ms=2105 | probes=2149 wrfail=0 down=4s maxout=4s
 112.106  t=109s RTT mean=42367 min=23474 max=46919 n=22 to=0 | cancels=0(+0/s) seqbad=0 len_bad=0 disc=0(0x00) | tot_n=2170 tot_to=0 maxever=48019 >2ms=2170 >5ms=2170 >15ms=2170 >20ms=2170 >30ms=2126 | probes=2171 wrfail=0 down=4s maxout=4s
 112.106  t=110s RTT mean=42367 min=23474 max=46919 n=22 to=0 | cancels=0(+0/s) seqbad=0 len_bad=0 disc=0(0x00) | tot_n=2192 tot_to=0 maxever=48019 >2ms=2192 >5ms=2192 >15ms=2192 >20ms=2192 >30ms=2147 | probes=2193 wrfail=0 down=4s maxout=4s
 114.114  t=111s RTT mean=42367 min=23474 max=46920 n=22 to=0 | cancels=0(+0/s) seqbad=0 len_bad=0 disc=0(0x00) | tot_n=2214 tot_to=0 maxever=48019 >2ms=2214 >5ms=2214 >15ms=2214 >20ms=2214 >30ms=2168 | probes=2215 wrfail=0 down=4s maxout=4s
 114.114  t=112s RTT mean=42367 min=23474 max=46919 n=22 to=0 | cancels=0(+0/s) seqbad=0 len_bad=0 disc=0(0x00) | tot_n=2236 tot_to=0 maxever=48019 >2ms=2236 >5ms=2236 >15ms=2236 >20ms=2236 >30ms=2189 | probes=2237 wrfail=0 down=4s maxout=4s
 116.114  t=113s RTT mean=42367 min=14788 max=52482 n=22 to=0 | cancels=0(+0/s) seqbad=0 len_bad=0 disc=0(0x00) | tot_n=2258 tot_to=0 maxever=52482 >2ms=2258 >5ms=2258 >15ms=2257 >20ms=2257 >30ms=2209 | probes=2259 wrfail=0 down=4s maxout=4s
 116.114  t=114s RTT mean=42367 min=23474 max=46919 n=22 to=0 | cancels=0(+0/s) seqbad=0 len_bad=0 disc=0(0x00) | tot_n=2280 tot_to=0 maxever=52482 >2ms=2280 >5ms=2280 >15ms=2279 >20ms=2279 >30ms=2230 | probes=2281 wrfail=0 down=4s maxout=4s
 118.087  t=115s RTT mean=42367 min=23475 max=46920 n=22 to=0 | cancels=0(+0/s) seqbad=0 len_bad=0 disc=0(0x00) | tot_n=2302 tot_to=0 maxever=52482 >2ms=2302 >5ms=2302 >15ms=2301 >20ms=2301 >30ms=2251 | probes=2303 wrfail=0 down=4s maxout=4s
 118.148  t=116s RTT mean=42367 min=23474 max=46919 n=22 to=0 | cancels=0(+0/s) seqbad=0 len_bad=0 disc=0(0x00) | tot_n=2324 tot_to=0 maxever=52482 >2ms=2324 >5ms=2324 >15ms=2323 >20ms=2323 >30ms=2272 | probes=2325 wrfail=0 down=4s maxout=4s
 120.091  t=117s RTT mean=42367 min=23475 max=46920 n=22 to=0 | cancels=0(+0/s) seqbad=0 len_bad=0 disc=0(0x00) | tot_n=2346 tot_to=0 maxever=52482 >2ms=2346 >5ms=2346 >15ms=2345 >20ms=2345 >30ms=2292 | probes=2347 wrfail=0 down=4s maxout=4s
 120.151  t=118s RTT mean=42367 min=23474 max=46919 n=22 to=0 | cancels=0(+0/s) seqbad=0 len_bad=0 disc=0(0x00) | tot_n=2368 tot_to=0 maxever=52482 >2ms=2368 >5ms=2368 >15ms=2367 >20ms=2367 >30ms=2313 | probes=2369 wrfail=0 down=4s maxout=4s
 122.114  t=119s RTT mean=42367 min=23475 max=46920 n=22 to=0 | cancels=0(+0/s) seqbad=0 len_bad=0 disc=0(0x00) | tot_n=2390 tot_to=0 maxever=52482 >2ms=2390 >5ms=2390 >15ms=2389 >20ms=2389 >30ms=2334 | probes=2391 wrfail=0 down=4s maxout=4s
 122.114  t=120s RTT mean=42367 min=23474 max=46918 n=22 to=0 | cancels=0(+0/s) seqbad=0 len_bad=0 disc=0(0x00) | tot_n=2412 tot_to=0 maxever=52482 >2ms=2412 >5ms=2412 >15ms=2411 >20ms=2411 >30ms=2355 | probes=2413 wrfail=0 down=4s maxout=4s
 124.131  t=121s RTT mean=42367 min=23473 max=46920 n=22 to=0 | cancels=0(+0/s) seqbad=0 len_bad=0 disc=0(0x00) | tot_n=2434 tot_to=0 maxever=52482 >2ms=2434 >5ms=2434 >15ms=2433 >20ms=2433 >30ms=2376 | probes=2435 wrfail=0 down=4s maxout=4s
 124.131  t=122s RTT mean=42367 min=18968 max=46919 n=22 to=0 | cancels=0(+0/s) seqbad=0 len_bad=0 disc=0(0x00) | tot_n=2456 tot_to=0 maxever=52482 >2ms=2456 >5ms=2456 >15ms=2455 >20ms=2454 >30ms=2396 | probes=2457 wrfail=0 down=4s maxout=4s
 126.108  t=123s RTT mean=42367 min=16183 max=49695 n=22 to=0 | cancels=0(+0/s) seqbad=0 len_bad=0 disc=0(0x00) | tot_n=2478 tot_to=0 maxever=52482 >2ms=2478 >5ms=2478 >15ms=2477 >20ms=2475 >30ms=2416 | probes=2479 wrfail=0 down=4s maxout=4s
 126.108  t=124s RTT mean=42367 min=23474 max=46919 n=22 to=0 | cancels=0(+0/s) seqbad=0 len_bad=0 disc=0(0x00) | tot_n=2500 tot_to=0 maxever=52482 >2ms=2500 >5ms=2500 >15ms=2499 >20ms=2497 >30ms=2437 | probes=2501 wrfail=0 down=4s maxout=4s
 128.091  t=125s RTT mean=42367 min=23474 max=46920 n=22 to=0 | cancels=0(+0/s) seqbad=0 len_bad=0 disc=0(0x00) | tot_n=2522 tot_to=0 maxever=52482 >2ms=2522 >5ms=2522 >15ms=2521 >20ms=2519 >30ms=2458 | probes=2523 wrfail=0 down=4s maxout=4s
 128.091  PCTL target=25 tot=1320 to=0 p50=46 p90=46 p99=46 p99.9=48 max=52 g30=1257 g100=0 (ms/counts)
 128.091  LOADRAMP: target=50 KBps for 60s
 128.146  t=126s RTT mean=39303 min=23474 max=46920 n=23 to=0 | cancels=0(+0/s) seqbad=0 len_bad=0 disc=0(0x00) | tot_n=2545 tot_to=0 maxever=52482 >2ms=2545 >5ms=2545 >15ms=2544 >20ms=2542 >30ms=2480 | probes=2546 wrfail=0 down=4s maxout=4s
 130.124  t=127s RTT mean=40390 min=30265 max=48019 n=23 to=0 | cancels=0(+0/s) seqbad=0 len_bad=0 disc=0(0x00) | tot_n=2568 tot_to=0 maxever=52482 >2ms=2568 >5ms=2568 >15ms=2567 >20ms=2565 >30ms=2503 | probes=2569 wrfail=0 down=4s maxout=4s
 130.125  t=128s RTT mean=40390 min=30267 max=48021 n=23 to=0 | cancels=0(+0/s) seqbad=0 len_bad=0 disc=0(0x00) | tot_n=2591 tot_to=0 maxever=52482 >2ms=2591 >5ms=2591 >15ms=2590 >20ms=2588 >30ms=2526 | probes=2592 wrfail=0 down=4s maxout=4s
 132.091  t=129s RTT mean=40390 min=30188 max=48020 n=23 to=0 | cancels=0(+0/s) seqbad=0 len_bad=0 disc=0(0x00) | tot_n=2614 tot_to=0 maxever=52482 >2ms=2614 >5ms=2614 >15ms=2613 >20ms=2611 >30ms=2549 | probes=2615 wrfail=0 down=4s maxout=4s
 132.150  t=130s RTT mean=40390 min=30267 max=48021 n=23 to=0 | cancels=0(+0/s) seqbad=0 len_bad=0 disc=0(0x00) | tot_n=2637 tot_to=0 maxever=52482 >2ms=2637 >5ms=2637 >15ms=2636 >20ms=2634 >30ms=2572 | probes=2638 wrfail=0 down=4s maxout=4s
 134.092  t=131s RTT mean=40390 min=27320 max=48020 n=23 to=0 | cancels=0(+0/s) seqbad=0 len_bad=0 disc=0(0x00) | tot_n=2660 tot_to=0 maxever=52482 >2ms=2660 >5ms=2660 >15ms=2659 >20ms=2657 >30ms=2594 | probes=2661 wrfail=0 down=4s maxout=4s
 134.146  t=132s RTT mean=40390 min=30267 max=48021 n=23 to=0 | cancels=0(+0/s) seqbad=0 len_bad=0 disc=0(0x00) | tot_n=2683 tot_to=0 maxever=52482 >2ms=2683 >5ms=2683 >15ms=2682 >20ms=2680 >30ms=2617 | probes=2684 wrfail=0 down=4s maxout=4s
 136.108  t=133s RTT mean=40390 min=30267 max=48020 n=23 to=0 | cancels=0(+0/s) seqbad=0 len_bad=0 disc=0(0x00) | tot_n=2706 tot_to=0 maxever=52482 >2ms=2706 >5ms=2706 >15ms=2705 >20ms=2703 >30ms=2640 | probes=2707 wrfail=0 down=4s maxout=4s
 136.108  t=134s RTT mean=40390 min=30267 max=48020 n=23 to=0 | cancels=0(+0/s) seqbad=0 len_bad=0 disc=0(0x00) | tot_n=2729 tot_to=0 maxever=52482 >2ms=2729 >5ms=2729 >15ms=2728 >20ms=2726 >30ms=2663 | probes=2730 wrfail=0 down=4s maxout=4s
 138.122  t=135s RTT mean=40390 min=30262 max=48020 n=23 to=0 | cancels=0(+0/s) seqbad=0 len_bad=0 disc=0(0x00) | tot_n=2752 tot_to=0 maxever=52482 >2ms=2752 >5ms=2752 >15ms=2751 >20ms=2749 >30ms=2686 | probes=2753 wrfail=0 down=4s maxout=4s
 138.122  t=136s RTT mean=40390 min=30268 max=48020 n=23 to=0 | cancels=0(+0/s) seqbad=0 len_bad=0 disc=0(0x00) | tot_n=2775 tot_to=0 maxever=52482 >2ms=2775 >5ms=2775 >15ms=2774 >20ms=2772 >30ms=2709 | probes=2776 wrfail=0 down=4s maxout=4s
 140.108  t=137s RTT mean=40390 min=30187 max=48020 n=23 to=0 | cancels=0(+0/s) seqbad=0 len_bad=0 disc=0(0x00) | tot_n=2798 tot_to=0 maxever=52482 >2ms=2798 >5ms=2798 >15ms=2797 >20ms=2795 >30ms=2732 | probes=2799 wrfail=0 down=4s maxout=4s
 140.108  t=138s RTT mean=40389 min=30110 max=48020 n=23 to=0 | cancels=0(+0/s) seqbad=0 len_bad=0 disc=0(0x00) | tot_n=2821 tot_to=0 maxever=52482 >2ms=2821 >5ms=2821 >15ms=2820 >20ms=2818 >30ms=2755 | probes=2822 wrfail=0 down=4s maxout=4s
 142.121  t=139s RTT mean=40390 min=30265 max=48020 n=23 to=0 | cancels=0(+0/s) seqbad=0 len_bad=0 disc=0(0x00) | tot_n=2844 tot_to=0 maxever=52482 >2ms=2844 >5ms=2844 >15ms=2843 >20ms=2841 >30ms=2778 | probes=2845 wrfail=0 down=4s maxout=4s
 142.121  t=140s RTT mean=40389 min=30267 max=48020 n=23 to=0 | cancels=0(+0/s) seqbad=0 len_bad=0 disc=0(0x00) | tot_n=2867 tot_to=0 maxever=52482 >2ms=2867 >5ms=2867 >15ms=2866 >20ms=2864 >30ms=2801 | probes=2868 wrfail=0 down=4s maxout=4s
 144.127  t=141s RTT mean=40390 min=30267 max=48020 n=23 to=0 | cancels=0(+0/s) seqbad=0 len_bad=0 disc=0(0x00) | tot_n=2890 tot_to=0 maxever=52482 >2ms=2890 >5ms=2890 >15ms=2889 >20ms=2887 >30ms=2824 | probes=2891 wrfail=0 down=4s maxout=4s
 144.127  t=142s RTT mean=40390 min=30113 max=48020 n=23 to=0 | cancels=0(+0/s) seqbad=0 len_bad=0 disc=0(0x00) | tot_n=2913 tot_to=0 maxever=52482 >2ms=2913 >5ms=2913 >15ms=2912 >20ms=2910 >30ms=2847 | probes=2914 wrfail=0 down=4s maxout=4s
 146.088  t=143s RTT mean=40390 min=30267 max=48021 n=23 to=0 | cancels=0(+0/s) seqbad=0 len_bad=0 disc=0(0x00) | tot_n=2936 tot_to=0 maxever=52482 >2ms=2936 >5ms=2936 >15ms=2935 >20ms=2933 >30ms=2870 | probes=2937 wrfail=0 down=4s maxout=4s
 146.148  t=144s RTT mean=40389 min=30267 max=48020 n=23 to=0 | cancels=0(+0/s) seqbad=0 len_bad=0 disc=0(0x00) | tot_n=2959 tot_to=0 maxever=52482 >2ms=2959 >5ms=2959 >15ms=2958 >20ms=2956 >30ms=2893 | probes=2960 wrfail=0 down=4s maxout=4s
 148.098  t=145s RTT mean=40390 min=30267 max=48021 n=23 to=0 | cancels=0(+0/s) seqbad=0 len_bad=0 disc=0(0x00) | tot_n=2982 tot_to=0 maxever=52482 >2ms=2982 >5ms=2982 >15ms=2981 >20ms=2979 >30ms=2916 | probes=2983 wrfail=0 down=4s maxout=4s
 148.098  t=146s RTT mean=40389 min=30265 max=48020 n=23 to=0 | cancels=0(+0/s) seqbad=0 len_bad=0 disc=0(0x00) | tot_n=3005 tot_to=0 maxever=52482 >2ms=3005 >5ms=3005 >15ms=3004 >20ms=3002 >30ms=2939 | probes=3006 wrfail=0 down=4s maxout=4s
 150.108  t=147s RTT mean=40390 min=30110 max=48021 n=23 to=0 | cancels=0(+0/s) seqbad=0 len_bad=0 disc=0(0x00) | tot_n=3028 tot_to=0 maxever=52482 >2ms=3028 >5ms=3028 >15ms=3027 >20ms=3025 >30ms=2962 | probes=3029 wrfail=0 down=4s maxout=4s
 150.108  t=148s RTT mean=40389 min=30261 max=48020 n=23 to=0 | cancels=0(+0/s) seqbad=0 len_bad=0 disc=0(0x00) | tot_n=3051 tot_to=0 maxever=52482 >2ms=3051 >5ms=3051 >15ms=3050 >20ms=3048 >30ms=2985 | probes=3052 wrfail=0 down=4s maxout=4s
 152.116  t=149s RTT mean=40390 min=30267 max=48021 n=23 to=0 | cancels=0(+0/s) seqbad=0 len_bad=0 disc=0(0x00) | tot_n=3074 tot_to=0 maxever=52482 >2ms=3074 >5ms=3074 >15ms=3073 >20ms=3071 >30ms=3008 | probes=3075 wrfail=0 down=4s maxout=4s
 152.117  t=150s RTT mean=40389 min=30261 max=48020 n=23 to=0 | cancels=0(+0/s) seqbad=0 len_bad=0 disc=0(0x00) | tot_n=3097 tot_to=0 maxever=52482 >2ms=3097 >5ms=3097 >15ms=3096 >20ms=3094 >30ms=3031 | probes=3098 wrfail=0 down=4s maxout=4s
 154.131  t=151s RTT mean=40390 min=30267 max=48019 n=23 to=0 | cancels=0(+0/s) seqbad=0 len_bad=0 disc=0(0x00) | tot_n=3120 tot_to=0 maxever=52482 >2ms=3120 >5ms=3120 >15ms=3119 >20ms=3117 >30ms=3054 | probes=3121 wrfail=0 down=4s maxout=4s
 154.131  t=152s RTT mean=40389 min=30267 max=48020 n=23 to=0 | cancels=0(+0/s) seqbad=0 len_bad=0 disc=0(0x00) | tot_n=3143 tot_to=0 maxever=52482 >2ms=3143 >5ms=3143 >15ms=3142 >20ms=3140 >30ms=3077 | probes=3144 wrfail=0 down=4s maxout=4s
 156.080  t=153s RTT mean=40390 min=28721 max=48019 n=23 to=0 | cancels=0(+0/s) seqbad=0 len_bad=0 disc=0(0x00) | tot_n=3166 tot_to=0 maxever=52482 >2ms=3166 >5ms=3166 >15ms=3165 >20ms=3163 >30ms=3099 | probes=3167 wrfail=0 down=4s maxout=4s
 156.138  t=154s RTT mean=40389 min=30267 max=48020 n=23 to=0 | cancels=0(+0/s) seqbad=0 len_bad=0 disc=0(0x00) | tot_n=3189 tot_to=0 maxever=52482 >2ms=3189 >5ms=3189 >15ms=3188 >20ms=3186 >30ms=3122 | probes=3190 wrfail=0 down=4s maxout=4s
 158.096  t=155s RTT mean=40390 min=30268 max=48019 n=23 to=0 | cancels=0(+0/s) seqbad=0 len_bad=0 disc=0(0x00) | tot_n=3212 tot_to=0 maxever=52482 >2ms=3212 >5ms=3212 >15ms=3211 >20ms=3209 >30ms=3145 | probes=3213 wrfail=0 down=4s maxout=4s
 158.154  t=156s RTT mean=40389 min=30267 max=48020 n=23 to=0 | cancels=0(+0/s) seqbad=0 len_bad=0 disc=0(0x00) | tot_n=3235 tot_to=0 maxever=52482 >2ms=3235 >5ms=3235 >15ms=3234 >20ms=3232 >30ms=3168 | probes=3236 wrfail=0 down=4s maxout=4s
 160.125  t=157s RTT mean=40390 min=30258 max=48019 n=23 to=0 | cancels=0(+0/s) seqbad=0 len_bad=0 disc=0(0x00) | tot_n=3258 tot_to=0 maxever=52482 >2ms=3258 >5ms=3258 >15ms=3257 >20ms=3255 >30ms=3191 | probes=3259 wrfail=0 down=4s maxout=4s
 160.125  t=158s RTT mean=40389 min=30261 max=48020 n=23 to=0 | cancels=0(+0/s) seqbad=0 len_bad=0 disc=0(0x00) | tot_n=3281 tot_to=0 maxever=52482 >2ms=3281 >5ms=3281 >15ms=3280 >20ms=3278 >30ms=3214 | probes=3282 wrfail=0 down=4s maxout=4s
 162.080  t=159s RTT mean=40390 min=30262 max=48019 n=23 to=0 | cancels=0(+0/s) seqbad=0 len_bad=0 disc=0(0x00) | tot_n=3304 tot_to=0 maxever=52482 >2ms=3304 >5ms=3304 >15ms=3303 >20ms=3301 >30ms=3237 | probes=3305 wrfail=0 down=4s maxout=4s
 162.131  t=160s RTT mean=40389 min=30187 max=48020 n=23 to=0 | cancels=0(+0/s) seqbad=0 len_bad=0 disc=0(0x00) | tot_n=3327 tot_to=0 maxever=52482 >2ms=3327 >5ms=3327 >15ms=3326 >20ms=3324 >30ms=3260 | probes=3328 wrfail=0 down=4s maxout=4s
 164.124  t=161s RTT mean=40390 min=30267 max=48019 n=23 to=0 | cancels=0(+0/s) seqbad=0 len_bad=0 disc=0(0x00) | tot_n=3350 tot_to=0 maxever=52482 >2ms=3350 >5ms=3350 >15ms=3349 >20ms=3347 >30ms=3283 | probes=3351 wrfail=0 down=4s maxout=4s
 164.125  t=162s RTT mean=41476 min=30190 max=49544 n=23 to=0 | cancels=0(+0/s) seqbad=0 len_bad=0 disc=0(0x00) | tot_n=3373 tot_to=0 maxever=52482 >2ms=3373 >5ms=3373 >15ms=3372 >20ms=3370 >30ms=3306 | probes=3374 wrfail=0 down=4s maxout=4s
 166.108  t=163s RTT mean=39303 min=23474 max=46915 n=23 to=0 | cancels=0(+0/s) seqbad=0 len_bad=0 disc=0(0x00) | tot_n=3396 tot_to=0 maxever=52482 >2ms=3396 >5ms=3396 >15ms=3395 >20ms=3393 >30ms=3328 | probes=3397 wrfail=0 down=4s maxout=4s
 166.108  t=164s RTT mean=41476 min=30267 max=56583 n=23 to=0 | cancels=0(+0/s) seqbad=0 len_bad=0 disc=0(0x00) | tot_n=3419 tot_to=0 maxever=56583 >2ms=3419 >5ms=3419 >15ms=3418 >20ms=3416 >30ms=3351 | probes=3420 wrfail=0 down=4s maxout=4s
 168.114  t=165s RTT mean=39303 min=23474 max=46915 n=23 to=0 | cancels=0(+0/s) seqbad=0 len_bad=0 disc=0(0x00) | tot_n=3442 tot_to=0 maxever=56583 >2ms=3442 >5ms=3442 >15ms=3441 >20ms=3439 >30ms=3373 | probes=3443 wrfail=0 down=4s maxout=4s
 168.115  t=166s RTT mean=40390 min=30267 max=48021 n=23 to=0 | cancels=0(+0/s) seqbad=0 len_bad=0 disc=0(0x00) | tot_n=3465 tot_to=0 maxever=56583 >2ms=3465 >5ms=3465 >15ms=3464 >20ms=3462 >30ms=3396 | probes=3466 wrfail=0 down=4s maxout=4s
 170.081  t=167s RTT mean=40390 min=30259 max=48019 n=23 to=0 | cancels=0(+0/s) seqbad=0 len_bad=0 disc=0(0x00) | tot_n=3488 tot_to=0 maxever=56583 >2ms=3488 >5ms=3488 >15ms=3487 >20ms=3485 >30ms=3419 | probes=3489 wrfail=0 down=4s maxout=4s
 170.140  t=168s RTT mean=40390 min=30267 max=48021 n=23 to=0 | cancels=0(+0/s) seqbad=0 len_bad=0 disc=0(0x00) | tot_n=3511 tot_to=0 maxever=56583 >2ms=3511 >5ms=3511 >15ms=3510 >20ms=3508 >30ms=3442 | probes=3512 wrfail=0 down=4s maxout=4s
 172.098  t=169s RTT mean=40390 min=23475 max=71927 n=23 to=0 | cancels=0(+0/s) seqbad=0 len_bad=0 disc=0(0x00) | tot_n=3534 tot_to=0 maxever=71927 >2ms=3534 >5ms=3534 >15ms=3533 >20ms=3531 >30ms=3464 | probes=3535 wrfail=0 down=4s maxout=4s
 172.158  t=170s RTT mean=40390 min=30268 max=48021 n=23 to=0 | cancels=0(+0/s) seqbad=0 len_bad=0 disc=0(0x00) | tot_n=3557 tot_to=0 maxever=71927 >2ms=3557 >5ms=3557 >15ms=3556 >20ms=3554 >30ms=3487 | probes=3558 wrfail=0 down=4s maxout=4s
 174.106  t=171s RTT mean=40390 min=30267 max=48020 n=23 to=0 | cancels=0(+0/s) seqbad=0 len_bad=0 disc=0(0x00) | tot_n=3580 tot_to=0 maxever=71927 >2ms=3580 >5ms=3580 >15ms=3579 >20ms=3577 >30ms=3510 | probes=3581 wrfail=0 down=4s maxout=4s
 174.106  t=172s RTT mean=40390 min=30268 max=48020 n=23 to=0 | cancels=0(+0/s) seqbad=0 len_bad=0 disc=0(0x00) | tot_n=3603 tot_to=0 maxever=71927 >2ms=3603 >5ms=3603 >15ms=3602 >20ms=3600 >30ms=3533 | probes=3604 wrfail=0 down=4s maxout=4s
 176.125  t=173s RTT mean=40390 min=30265 max=48020 n=23 to=0 | cancels=0(+0/s) seqbad=0 len_bad=0 disc=0(0x00) | tot_n=3626 tot_to=0 maxever=71927 >2ms=3626 >5ms=3626 >15ms=3625 >20ms=3623 >30ms=3556 | probes=3627 wrfail=0 down=4s maxout=4s
 176.125  t=174s RTT mean=40390 min=30268 max=48020 n=23 to=0 | cancels=0(+0/s) seqbad=0 len_bad=0 disc=0(0x00) | tot_n=3649 tot_to=0 maxever=71927 >2ms=3649 >5ms=3649 >15ms=3648 >20ms=3646 >30ms=3579 | probes=3650 wrfail=0 down=4s maxout=4s
 178.125  t=175s RTT mean=40390 min=30264 max=48020 n=23 to=0 | cancels=0(+0/s) seqbad=0 len_bad=0 disc=0(0x00) | tot_n=3672 tot_to=0 maxever=71927 >2ms=3672 >5ms=3672 >15ms=3671 >20ms=3669 >30ms=3602 | probes=3673 wrfail=0 down=4s maxout=4s
 178.125  t=176s RTT mean=40390 min=30261 max=48020 n=23 to=0 | cancels=0(+0/s) seqbad=0 len_bad=0 disc=0(0x00) | tot_n=3695 tot_to=0 maxever=71927 >2ms=3695 >5ms=3695 >15ms=3694 >20ms=3692 >30ms=3625 | probes=3696 wrfail=0 down=4s maxout=4s
 180.081  t=177s RTT mean=40390 min=30258 max=48019 n=23 to=0 | cancels=0(+0/s) seqbad=0 len_bad=0 disc=0(0x00) | tot_n=3718 tot_to=0 maxever=71927 >2ms=3718 >5ms=3718 >15ms=3717 >20ms=3715 >30ms=3648 | probes=3719 wrfail=0 down=4s maxout=4s
 180.141  t=178s RTT mean=40389 min=30267 max=48020 n=23 to=0 | cancels=0(+0/s) seqbad=0 len_bad=0 disc=0(0x00) | tot_n=3741 tot_to=0 maxever=71927 >2ms=3741 >5ms=3741 >15ms=3740 >20ms=3738 >30ms=3671 | probes=3742 wrfail=0 down=4s maxout=4s
 182.091  t=179s RTT mean=40390 min=30263 max=48019 n=23 to=0 | cancels=0(+0/s) seqbad=0 len_bad=0 disc=0(0x00) | tot_n=3764 tot_to=0 maxever=71927 >2ms=3764 >5ms=3764 >15ms=3763 >20ms=3761 >30ms=3694 | probes=3765 wrfail=0 down=4s maxout=4s
 182.148  t=180s RTT mean=40389 min=30262 max=48020 n=23 to=0 | cancels=0(+0/s) seqbad=0 len_bad=0 disc=0(0x00) | tot_n=3787 tot_to=0 maxever=71927 >2ms=3787 >5ms=3787 >15ms=3786 >20ms=3784 >30ms=3717 | probes=3788 wrfail=0 down=4s maxout=4s
 184.097  t=181s RTT mean=40390 min=30267 max=48020 n=23 to=0 | cancels=0(+0/s) seqbad=0 len_bad=0 disc=0(0x00) | tot_n=3810 tot_to=0 maxever=71927 >2ms=3810 >5ms=3810 >15ms=3809 >20ms=3807 >30ms=3740 | probes=3811 wrfail=0 down=4s maxout=4s
 184.158  t=182s RTT mean=40389 min=30266 max=48019 n=23 to=0 | cancels=0(+0/s) seqbad=0 len_bad=0 disc=0(0x00) | tot_n=3833 tot_to=0 maxever=71927 >2ms=3833 >5ms=3833 >15ms=3832 >20ms=3830 >30ms=3763 | probes=3834 wrfail=0 down=4s maxout=4s
 186.131  t=183s RTT mean=40390 min=30267 max=48020 n=23 to=0 | cancels=0(+0/s) seqbad=0 len_bad=0 disc=0(0x00) | tot_n=3856 tot_to=0 maxever=71927 >2ms=3856 >5ms=3856 >15ms=3855 >20ms=3853 >30ms=3786 | probes=3857 wrfail=0 down=4s maxout=4s
 186.131  t=184s RTT mean=40389 min=30267 max=48021 n=23 to=0 | cancels=0(+0/s) seqbad=0 len_bad=0 disc=0(0x00) | tot_n=3879 tot_to=0 maxever=71927 >2ms=3879 >5ms=3879 >15ms=3878 >20ms=3876 >30ms=3809 | probes=3880 wrfail=0 down=4s maxout=4s
 188.114  t=185s RTT mean=39620 min=14866 max=48019 n=24 to=0 | cancels=0(+0/s) seqbad=0 len_bad=0 disc=0(0x00) | tot_n=3903 tot_to=0 maxever=71927 >2ms=3903 >5ms=3903 >15ms=3901 >20ms=3899 >30ms=3832 | probes=3904 wrfail=0 down=4s maxout=4s
 188.114  PCTL target=50 tot=1381 to=0 p50=46 p90=46 p99=48 p99.9=49 max=71 g30=1374 g100=0 (ms/counts)
 188.115  LOADRAMP: target=75 KBps for 60s
 188.115  t=186s RTT mean=37535 min=23474 max=48302 n=24 to=0 | cancels=0(+0/s) seqbad=0 len_bad=0 disc=0(0x00) | tot_n=3927 tot_to=0 maxever=71927 >2ms=3927 >5ms=3927 >15ms=3925 >20ms=3923 >30ms=3855 | probes=3928 wrfail=0 down=4s maxout=4s
 190.131  t=187s RTT mean=37911 min=30185 max=48019 n=25 to=0 | cancels=0(+0/s) seqbad=0 len_bad=0 disc=0(0x00) | tot_n=3952 tot_to=0 maxever=71927 >2ms=3952 >5ms=3952 >15ms=3950 >20ms=3948 >30ms=3880 | probes=3953 wrfail=0 down=4s maxout=4s
 190.131  t=188s RTT mean=36911 min=23474 max=46918 n=25 to=0 | cancels=0(+0/s) seqbad=0 len_bad=0 disc=0(0x00) | tot_n=3977 tot_to=0 maxever=71927 >2ms=3977 >5ms=3977 >15ms=3975 >20ms=3973 >30ms=3904 | probes=3978 wrfail=0 down=4s maxout=4s
 192.131  t=189s RTT mean=37536 min=23474 max=53874 n=24 to=0 | cancels=0(+0/s) seqbad=0 len_bad=0 disc=0(0x00) | tot_n=4001 tot_to=0 maxever=71927 >2ms=4001 >5ms=4001 >15ms=3999 >20ms=3997 >30ms=3926 | probes=4002 wrfail=0 down=4s maxout=4s
 192.131  t=190s RTT mean=37910 min=24464 max=48020 n=25 to=0 | cancels=0(+0/s) seqbad=0 len_bad=0 disc=0(0x00) | tot_n=4026 tot_to=0 maxever=71927 >2ms=4026 >5ms=4026 >15ms=4024 >20ms=4022 >30ms=3950 | probes=4027 wrfail=0 down=4s maxout=4s
 194.098  t=191s RTT mean=36911 min=23474 max=46928 n=25 to=0 | cancels=0(+0/s) seqbad=0 len_bad=0 disc=0(0x00) | tot_n=4051 tot_to=0 maxever=71927 >2ms=4051 >5ms=4051 >15ms=4049 >20ms=4047 >30ms=3974 | probes=4052 wrfail=0 down=4s maxout=4s
 194.158  t=192s RTT mean=37536 min=23475 max=53348 n=24 to=0 | cancels=0(+0/s) seqbad=0 len_bad=0 disc=0(0x00) | tot_n=4075 tot_to=0 maxever=71927 >2ms=4075 >5ms=4075 >15ms=4073 >20ms=4071 >30ms=3997 | probes=4076 wrfail=0 down=4s maxout=4s
 196.131  t=193s RTT mean=37911 min=30189 max=48019 n=25 to=0 | cancels=0(+0/s) seqbad=0 len_bad=0 disc=0(0x00) | tot_n=4100 tot_to=0 maxever=71927 >2ms=4100 >5ms=4100 >15ms=4098 >20ms=4096 >30ms=4022 | probes=4101 wrfail=0 down=4s maxout=4s
 196.131  t=194s RTT mean=36911 min=23474 max=46920 n=25 to=0 | cancels=0(+0/s) seqbad=0 len_bad=0 disc=0(0x00) | tot_n=4125 tot_to=0 maxever=71927 >2ms=4125 >5ms=4125 >15ms=4123 >20ms=4121 >30ms=4046 | probes=4126 wrfail=0 down=4s maxout=4s
 198.133  t=195s RTT mean=36911 min=23474 max=46928 n=25 to=0 | cancels=0(+0/s) seqbad=0 len_bad=0 disc=0(0x00) | tot_n=4150 tot_to=0 maxever=71927 >2ms=4150 >5ms=4150 >15ms=4148 >20ms=4146 >30ms=4070 | probes=4151 wrfail=0 down=4s maxout=4s
 198.133  t=196s RTT mean=36911 min=23475 max=46920 n=25 to=0 | cancels=0(+0/s) seqbad=0 len_bad=0 disc=0(0x00) | tot_n=4175 tot_to=0 maxever=71927 >2ms=4175 >5ms=4175 >15ms=4173 >20ms=4171 >30ms=4094 | probes=4176 wrfail=0 down=4s maxout=4s
 200.088  t=197s RTT mean=36911 min=23474 max=46928 n=25 to=0 | cancels=0(+0/s) seqbad=0 len_bad=0 disc=0(0x00) | tot_n=4200 tot_to=0 maxever=71927 >2ms=4200 >5ms=4200 >15ms=4198 >20ms=4196 >30ms=4118 | probes=4201 wrfail=0 down=4s maxout=4s
 200.146  t=198s RTT mean=36911 min=23473 max=46919 n=25 to=0 | cancels=0(+0/s) seqbad=0 len_bad=0 disc=0(0x00) | tot_n=4225 tot_to=0 maxever=71927 >2ms=4225 >5ms=4225 >15ms=4223 >20ms=4221 >30ms=4142 | probes=4226 wrfail=0 down=4s maxout=4s
 202.091  t=199s RTT mean=36911 min=23474 max=46928 n=25 to=0 | cancels=0(+0/s) seqbad=0 len_bad=0 disc=0(0x00) | tot_n=4250 tot_to=0 maxever=71927 >2ms=4250 >5ms=4250 >15ms=4248 >20ms=4246 >30ms=4166 | probes=4251 wrfail=0 down=4s maxout=4s
 202.148  t=200s RTT mean=37536 min=23475 max=51085 n=24 to=0 | cancels=0(+0/s) seqbad=0 len_bad=0 disc=0(0x00) | tot_n=4274 tot_to=0 maxever=71927 >2ms=4274 >5ms=4274 >15ms=4272 >20ms=4270 >30ms=4189 | probes=4275 wrfail=0 down=4s maxout=4s
 204.114  t=201s RTT mean=37911 min=30189 max=48019 n=25 to=0 | cancels=0(+0/s) seqbad=0 len_bad=0 disc=0(0x00) | tot_n=4299 tot_to=0 maxever=71927 >2ms=4299 >5ms=4299 >15ms=4297 >20ms=4295 >30ms=4214 | probes=4300 wrfail=0 down=4s maxout=4s
 204.115  t=202s RTT mean=36911 min=23475 max=46919 n=25 to=0 | cancels=0(+0/s) seqbad=0 len_bad=0 disc=0(0x00) | tot_n=4324 tot_to=0 maxever=71927 >2ms=4324 >5ms=4324 >15ms=4322 >20ms=4320 >30ms=4238 | probes=4325 wrfail=0 down=4s maxout=4s
 206.121  t=203s RTT mean=36911 min=23474 max=46928 n=25 to=0 | cancels=0(+0/s) seqbad=0 len_bad=0 disc=0(0x00) | tot_n=4349 tot_to=0 maxever=71927 >2ms=4349 >5ms=4349 >15ms=4347 >20ms=4345 >30ms=4262 | probes=4350 wrfail=0 down=4s maxout=4s
 206.121  t=204s RTT mean=36911 min=23475 max=46919 n=25 to=0 | cancels=0(+0/s) seqbad=0 len_bad=0 disc=0(0x00) | tot_n=4374 tot_to=0 maxever=71927 >2ms=4374 >5ms=4374 >15ms=4372 >20ms=4370 >30ms=4286 | probes=4375 wrfail=0 down=4s maxout=4s
 208.135  t=205s RTT mean=37536 min=23474 max=51092 n=24 to=0 | cancels=0(+0/s) seqbad=0 len_bad=0 disc=0(0x00) | tot_n=4398 tot_to=0 maxever=71927 >2ms=4398 >5ms=4398 >15ms=4396 >20ms=4394 >30ms=4309 | probes=4399 wrfail=0 down=4s maxout=4s
 208.135  t=206s RTT mean=38577 min=30267 max=54742 n=24 to=0 | cancels=0(+0/s) seqbad=0 len_bad=0 disc=0(0x00) | tot_n=4422 tot_to=0 maxever=71927 >2ms=4422 >5ms=4422 >15ms=4420 >20ms=4418 >30ms=4333 | probes=4423 wrfail=0 down=4s maxout=4s
 210.091  t=207s RTT mean=37911 min=30188 max=48020 n=25 to=0 | cancels=0(+0/s) seqbad=0 len_bad=0 disc=0(0x00) | tot_n=4447 tot_to=0 maxever=71927 >2ms=4447 >5ms=4447 >15ms=4445 >20ms=4443 >30ms=4358 | probes=4448 wrfail=0 down=4s maxout=4s
 210.148  t=208s RTT mean=36911 min=23474 max=46919 n=25 to=0 | cancels=0(+0/s) seqbad=0 len_bad=0 disc=0(0x00) | tot_n=4472 tot_to=0 maxever=71927 >2ms=4472 >5ms=4472 >15ms=4470 >20ms=4468 >30ms=4382 | probes=4473 wrfail=0 down=4s maxout=4s
 212.098  t=209s RTT mean=37536 min=23474 max=46929 n=24 to=0 | cancels=0(+0/s) seqbad=0 len_bad=0 disc=0(0x00) | tot_n=4496 tot_to=0 maxever=71927 >2ms=4496 >5ms=4496 >15ms=4494 >20ms=4492 >30ms=4405 | probes=4497 wrfail=0 down=4s maxout=4s
 212.155  t=210s RTT mean=37911 min=30189 max=48020 n=25 to=0 | cancels=0(+0/s) seqbad=0 len_bad=0 disc=0(0x00) | tot_n=4521 tot_to=0 maxever=71927 >2ms=4521 >5ms=4521 >15ms=4519 >20ms=4517 >30ms=4430 | probes=4522 wrfail=0 down=4s maxout=4s
 214.116  t=211s RTT mean=36911 min=23475 max=46928 n=25 to=0 | cancels=0(+0/s) seqbad=0 len_bad=0 disc=0(0x00) | tot_n=4546 tot_to=0 maxever=71927 >2ms=4546 >5ms=4546 >15ms=4544 >20ms=4542 >30ms=4454 | probes=4547 wrfail=0 down=4s maxout=4s
 214.116  t=212s RTT mean=36911 min=23474 max=46919 n=25 to=0 | cancels=0(+0/s) seqbad=0 len_bad=0 disc=0(0x00) | tot_n=4571 tot_to=0 maxever=71927 >2ms=4571 >5ms=4571 >15ms=4569 >20ms=4567 >30ms=4478 | probes=4572 wrfail=0 down=4s maxout=4s
 216.138  t=213s RTT mean=37536 min=23475 max=48300 n=24 to=0 | cancels=0(+0/s) seqbad=0 len_bad=0 disc=0(0x00) | tot_n=4595 tot_to=0 maxever=71927 >2ms=4595 >5ms=4595 >15ms=4593 >20ms=4591 >30ms=4501 | probes=4596 wrfail=0 down=4s maxout=4s
 216.138  t=214s RTT mean=37910 min=30189 max=48020 n=25 to=0 | cancels=0(+0/s) seqbad=0 len_bad=0 disc=0(0x00) | tot_n=4620 tot_to=0 maxever=71927 >2ms=4620 >5ms=4620 >15ms=4618 >20ms=4616 >30ms=4526 | probes=4621 wrfail=0 down=4s maxout=4s
 218.101  t=215s RTT mean=36911 min=23475 max=46929 n=25 to=0 | cancels=0(+0/s) seqbad=0 len_bad=0 disc=0(0x00) | tot_n=4645 tot_to=0 maxever=71927 >2ms=4645 >5ms=4645 >15ms=4643 >20ms=4641 >30ms=4550 | probes=4646 wrfail=0 down=4s maxout=4s
 218.156  t=216s RTT mean=36911 min=23474 max=46919 n=25 to=0 | cancels=0(+0/s) seqbad=0 len_bad=0 disc=0(0x00) | tot_n=4670 tot_to=0 maxever=71927 >2ms=4670 >5ms=4670 >15ms=4668 >20ms=4666 >30ms=4574 | probes=4671 wrfail=0 down=4s maxout=4s
 220.131  t=217s RTT mean=36911 min=23475 max=46929 n=25 to=0 | cancels=0(+0/s) seqbad=0 len_bad=0 disc=0(0x00) | tot_n=4695 tot_to=0 maxever=71927 >2ms=4695 >5ms=4695 >15ms=4693 >20ms=4691 >30ms=4598 | probes=4696 wrfail=0 down=4s maxout=4s
 220.131  t=218s RTT mean=36911 min=18967 max=46919 n=25 to=0 | cancels=0(+0/s) seqbad=0 len_bad=0 disc=0(0x00) | tot_n=4720 tot_to=0 maxever=71927 >2ms=4720 >5ms=4720 >15ms=4718 >20ms=4715 >30ms=4621 | probes=4721 wrfail=0 down=4s maxout=4s
 222.114  t=219s RTT mean=36911 min=23474 max=46928 n=25 to=0 | cancels=0(+0/s) seqbad=0 len_bad=0 disc=0(0x00) | tot_n=4745 tot_to=0 maxever=71927 >2ms=4745 >5ms=4745 >15ms=4743 >20ms=4740 >30ms=4645 | probes=4746 wrfail=0 down=4s maxout=4s
 222.115  t=220s RTT mean=36911 min=23474 max=46919 n=25 to=0 | cancels=0(+0/s) seqbad=0 len_bad=0 disc=0(0x00) | tot_n=4770 tot_to=0 maxever=71927 >2ms=4770 >5ms=4770 >15ms=4768 >20ms=4765 >30ms=4669 | probes=4771 wrfail=0 down=4s maxout=4s
 224.132  t=221s RTT mean=36911 min=23475 max=46929 n=25 to=0 | cancels=0(+0/s) seqbad=0 len_bad=0 disc=0(0x00) | tot_n=4795 tot_to=0 maxever=71927 >2ms=4795 >5ms=4795 >15ms=4793 >20ms=4790 >30ms=4693 | probes=4796 wrfail=0 down=4s maxout=4s
 224.132  t=222s RTT mean=36911 min=23474 max=46919 n=25 to=0 | cancels=0(+0/s) seqbad=0 len_bad=0 disc=0(0x00) | tot_n=4820 tot_to=0 maxever=71927 >2ms=4820 >5ms=4820 >15ms=4818 >20ms=4815 >30ms=4717 | probes=4821 wrfail=0 down=4s maxout=4s
 226.106  t=223s RTT mean=36911 min=23474 max=46930 n=25 to=0 | cancels=0(+0/s) seqbad=0 len_bad=0 disc=0(0x00) | tot_n=4845 tot_to=0 maxever=71927 >2ms=4845 >5ms=4845 >15ms=4843 >20ms=4840 >30ms=4741 | probes=4846 wrfail=0 down=4s maxout=4s
 226.164  t=224s RTT mean=36911 min=23474 max=46919 n=25 to=0 | cancels=0(+0/s) seqbad=0 len_bad=0 disc=0(0x00) | tot_n=4870 tot_to=0 maxever=71927 >2ms=4870 >5ms=4870 >15ms=4868 >20ms=4865 >30ms=4765 | probes=4871 wrfail=0 down=4s maxout=4s
 228.099  t=225s RTT mean=36911 min=23474 max=46930 n=25 to=0 | cancels=0(+0/s) seqbad=0 len_bad=0 disc=0(0x00) | tot_n=4895 tot_to=0 maxever=71927 >2ms=4895 >5ms=4895 >15ms=4893 >20ms=4890 >30ms=4789 | probes=4896 wrfail=0 down=4s maxout=4s
 228.159  t=226s RTT mean=36911 min=23474 max=46915 n=25 to=0 | cancels=0(+0/s) seqbad=0 len_bad=0 disc=0(0x00) | tot_n=4920 tot_to=0 maxever=71927 >2ms=4920 >5ms=4920 >15ms=4918 >20ms=4915 >30ms=4813 | probes=4921 wrfail=0 down=4s maxout=4s
 230.131  t=227s RTT mean=36911 min=23474 max=46929 n=25 to=0 | cancels=0(+0/s) seqbad=0 len_bad=0 disc=0(0x00) | tot_n=4945 tot_to=0 maxever=71927 >2ms=4945 >5ms=4945 >15ms=4943 >20ms=4940 >30ms=4837 | probes=4946 wrfail=0 down=4s maxout=4s
 230.131  t=228s RTT mean=36911 min=23474 max=46914 n=25 to=0 | cancels=0(+0/s) seqbad=0 len_bad=0 disc=0(0x00) | tot_n=4970 tot_to=0 maxever=71927 >2ms=4970 >5ms=4970 >15ms=4968 >20ms=4965 >30ms=4861 | probes=4971 wrfail=0 down=4s maxout=4s
 232.141  t=229s RTT mean=36911 min=23475 max=46929 n=25 to=0 | cancels=0(+0/s) seqbad=0 len_bad=0 disc=0(0x00) | tot_n=4995 tot_to=0 maxever=71927 >2ms=4995 >5ms=4995 >15ms=4993 >20ms=4990 >30ms=4885 | probes=4996 wrfail=0 down=4s maxout=4s
 232.141  t=230s RTT mean=36911 min=23474 max=46915 n=25 to=0 | cancels=0(+0/s) seqbad=0 len_bad=0 disc=0(0x00) | tot_n=5020 tot_to=0 maxever=71927 >2ms=5020 >5ms=5020 >15ms=5018 >20ms=5015 >30ms=4909 | probes=5021 wrfail=0 down=4s maxout=4s
 234.108  t=231s RTT mean=36911 min=23474 max=46928 n=25 to=0 | cancels=0(+0/s) seqbad=0 len_bad=0 disc=0(0x00) | tot_n=5045 tot_to=0 maxever=71927 >2ms=5045 >5ms=5045 >15ms=5043 >20ms=5040 >30ms=4933 | probes=5046 wrfail=0 down=4s maxout=4s
 234.164  t=232s RTT mean=36911 min=23474 max=46915 n=25 to=0 | cancels=0(+0/s) seqbad=0 len_bad=0 disc=0(0x00) | tot_n=5070 tot_to=0 maxever=71927 >2ms=5070 >5ms=5070 >15ms=5068 >20ms=5065 >30ms=4957 | probes=5071 wrfail=0 down=4s maxout=4s
 236.131  t=233s RTT mean=36911 min=23475 max=46928 n=25 to=0 | cancels=0(+0/s) seqbad=0 len_bad=0 disc=0(0x00) | tot_n=5095 tot_to=0 maxever=71927 >2ms=5095 >5ms=5095 >15ms=5093 >20ms=5090 >30ms=4981 | probes=5096 wrfail=0 down=4s maxout=4s
 236.131  t=234s RTT mean=36911 min=23474 max=46914 n=25 to=0 | cancels=0(+0/s) seqbad=0 len_bad=0 disc=0(0x00) | tot_n=5120 tot_to=0 maxever=71927 >2ms=5120 >5ms=5120 >15ms=5118 >20ms=5115 >30ms=5005 | probes=5121 wrfail=0 down=4s maxout=4s
 238.098  t=235s RTT mean=36911 min=23473 max=46928 n=25 to=0 | cancels=0(+0/s) seqbad=0 len_bad=0 disc=0(0x00) | tot_n=5145 tot_to=0 maxever=71927 >2ms=5145 >5ms=5145 >15ms=5143 >20ms=5140 >30ms=5029 | probes=5146 wrfail=0 down=4s maxout=4s
 238.156  t=236s RTT mean=36911 min=23474 max=46915 n=25 to=0 | cancels=0(+0/s) seqbad=0 len_bad=0 disc=0(0x00) | tot_n=5170 tot_to=0 maxever=71927 >2ms=5170 >5ms=5170 >15ms=5168 >20ms=5165 >30ms=5053 | probes=5171 wrfail=0 down=4s maxout=4s
 240.141  t=237s RTT mean=36911 min=23474 max=46928 n=25 to=0 | cancels=0(+0/s) seqbad=0 len_bad=0 disc=0(0x00) | tot_n=5195 tot_to=0 maxever=71927 >2ms=5195 >5ms=5195 >15ms=5193 >20ms=5190 >30ms=5077 | probes=5196 wrfail=0 down=4s maxout=4s
 240.141  t=238s RTT mean=36911 min=23474 max=46915 n=25 to=0 | cancels=0(+0/s) seqbad=0 len_bad=0 disc=0(0x00) | tot_n=5220 tot_to=0 maxever=71927 >2ms=5220 >5ms=5220 >15ms=5218 >20ms=5215 >30ms=5101 | probes=5221 wrfail=0 down=4s maxout=4s
 242.114  t=239s RTT mean=36911 min=23474 max=46928 n=25 to=0 | cancels=0(+0/s) seqbad=0 len_bad=0 disc=0(0x00) | tot_n=5245 tot_to=0 maxever=71927 >2ms=5245 >5ms=5245 >15ms=5243 >20ms=5240 >30ms=5125 | probes=5246 wrfail=0 down=4s maxout=4s
 242.115  t=240s RTT mean=36911 min=23474 max=46915 n=25 to=0 | cancels=0(+0/s) seqbad=0 len_bad=0 disc=0(0x00) | tot_n=5270 tot_to=0 maxever=71927 >2ms=5270 >5ms=5270 >15ms=5268 >20ms=5265 >30ms=5149 | probes=5271 wrfail=0 down=4s maxout=4s
 244.140  t=241s RTT mean=36911 min=23474 max=46928 n=25 to=0 | cancels=0(+0/s) seqbad=0 len_bad=0 disc=0(0x00) | tot_n=5295 tot_to=0 maxever=71927 >2ms=5295 >5ms=5295 >15ms=5293 >20ms=5290 >30ms=5173 | probes=5296 wrfail=0 down=4s maxout=4s
 244.140  t=242s RTT mean=36911 min=23473 max=46915 n=25 to=0 | cancels=0(+0/s) seqbad=0 len_bad=0 disc=0(0x00) | tot_n=5320 tot_to=0 maxever=71927 >2ms=5320 >5ms=5320 >15ms=5318 >20ms=5315 >30ms=5197 | probes=5321 wrfail=0 down=4s maxout=4s
 246.114  t=243s RTT mean=37536 min=23474 max=55271 n=24 to=0 | cancels=0(+0/s) seqbad=0 len_bad=0 disc=0(0x00) | tot_n=5344 tot_to=0 maxever=71927 >2ms=5344 >5ms=5344 >15ms=5342 >20ms=5339 >30ms=5220 | probes=5345 wrfail=0 down=4s maxout=4s
 246.115  t=244s RTT mean=37910 min=24464 max=48020 n=25 to=0 | cancels=0(+0/s) seqbad=0 len_bad=0 disc=0(0x00) | tot_n=5369 tot_to=0 maxever=71927 >2ms=5369 >5ms=5369 >15ms=5367 >20ms=5364 >30ms=5244 | probes=5370 wrfail=0 down=4s maxout=4s
 248.131  t=245s RTT mean=36911 min=23474 max=46928 n=25 to=0 | cancels=0(+0/s) seqbad=0 len_bad=0 disc=0(0x00) | tot_n=5394 tot_to=0 maxever=71927 >2ms=5394 >5ms=5394 >15ms=5392 >20ms=5389 >30ms=5268 | probes=5395 wrfail=0 down=4s maxout=4s
 248.131  PCTL target=75 tot=1491 to=0 p50=31 p90=46 p99=48 p99.9=53 max=55 g30=1436 g100=0 (ms/counts)
 248.131  LOADRAMP: target=100 KBps for 60s
 248.131  t=246s RTT mean=33947 min=16259 max=46915 n=27 to=0 | cancels=0(+0/s) seqbad=0 len_bad=0 disc=0(0x00) | tot_n=5421 tot_to=0 maxever=71927 >2ms=5421 >5ms=5421 >15ms=5419 >20ms=5415 >30ms=5293 | probes=5422 wrfail=0 down=4s maxout=4s
 250.091  t=247s RTT mean=33947 min=16259 max=46926 n=27 to=0 | cancels=0(+0/s) seqbad=0 len_bad=0 disc=0(0x00) | tot_n=5448 tot_to=0 maxever=71927 >2ms=5448 >5ms=5448 >15ms=5446 >20ms=5441 >30ms=5318 | probes=5449 wrfail=0 down=4s maxout=4s
 250.149  t=248s RTT mean=34410 min=23474 max=46914 n=26 to=0 | cancels=0(+0/s) seqbad=0 len_bad=0 disc=0(0x00) | tot_n=5474 tot_to=0 maxever=71927 >2ms=5474 >5ms=5474 >15ms=5472 >20ms=5467 >30ms=5342 | probes=5475 wrfail=0 down=4s maxout=4s
 252.121  t=249s RTT mean=35372 min=16259 max=51956 n=26 to=0 | cancels=0(+0/s) seqbad=0 len_bad=0 disc=0(0x00) | tot_n=5500 tot_to=0 maxever=71927 >2ms=5500 >5ms=5500 >15ms=5498 >20ms=5492 >30ms=5367 | probes=5501 wrfail=0 down=4s maxout=4s
 252.121  t=250s RTT mean=34873 min=16259 max=48021 n=27 to=0 | cancels=0(+0/s) seqbad=0 len_bad=0 disc=0(0x00) | tot_n=5527 tot_to=0 maxever=71927 >2ms=5527 >5ms=5527 >15ms=5525 >20ms=5518 >30ms=5393 | probes=5528 wrfail=0 down=4s maxout=4s
 254.114  t=251s RTT mean=34410 min=23474 max=48299 n=26 to=0 | cancels=0(+0/s) seqbad=0 len_bad=0 disc=0(0x00) | tot_n=5553 tot_to=0 maxever=71927 >2ms=5553 >5ms=5553 >15ms=5551 >20ms=5544 >30ms=5417 | probes=5554 wrfail=0 down=4s maxout=4s
 254.115  t=252s RTT mean=34873 min=16259 max=48021 n=27 to=0 | cancels=0(+0/s) seqbad=0 len_bad=0 disc=0(0x00) | tot_n=5580 tot_to=0 maxever=71927 >2ms=5580 >5ms=5580 >15ms=5578 >20ms=5570 >30ms=5443 | probes=5581 wrfail=0 down=4s maxout=4s
 256.131  t=253s RTT mean=33947 min=16263 max=46928 n=27 to=0 | cancels=0(+0/s) seqbad=0 len_bad=0 disc=0(0x00) | tot_n=5607 tot_to=0 maxever=71927 >2ms=5607 >5ms=5607 >15ms=5605 >20ms=5596 >30ms=5468 | probes=5608 wrfail=0 down=4s maxout=4s
 256.131  t=254s RTT mean=34410 min=16260 max=51084 n=26 to=0 | cancels=0(+0/s) seqbad=0 len_bad=0 disc=0(0x00) | tot_n=5633 tot_to=0 maxever=71927 >2ms=5633 >5ms=5633 >15ms=5631 >20ms=5621 >30ms=5492 | probes=5634 wrfail=0 down=4s maxout=4s
 258.098  t=255s RTT mean=34873 min=16260 max=48020 n=27 to=0 | cancels=0(+0/s) seqbad=0 len_bad=0 disc=0(0x00) | tot_n=5660 tot_to=0 maxever=71927 >2ms=5660 >5ms=5660 >15ms=5658 >20ms=5647 >30ms=5518 | probes=5661 wrfail=0 down=4s maxout=4s
 258.152  t=256s RTT mean=33947 min=16259 max=46914 n=27 to=0 | cancels=0(+0/s) seqbad=0 len_bad=0 disc=0(0x00) | tot_n=5687 tot_to=0 maxever=71927 >2ms=5687 >5ms=5687 >15ms=5685 >20ms=5673 >30ms=5543 | probes=5688 wrfail=0 down=4s maxout=4s
 260.148  t=257s RTT mean=34410 min=23475 max=46929 n=26 to=0 | cancels=0(+0/s) seqbad=0 len_bad=0 disc=0(0x00) | tot_n=5713 tot_to=0 maxever=71927 >2ms=5713 >5ms=5713 >15ms=5711 >20ms=5699 >30ms=5567 | probes=5714 wrfail=0 down=4s maxout=4s
 260.148  t=258s RTT mean=34873 min=16258 max=48020 n=27 to=0 | cancels=0(+0/s) seqbad=0 len_bad=0 disc=0(0x00) | tot_n=5740 tot_to=0 maxever=71927 >2ms=5740 >5ms=5740 >15ms=5738 >20ms=5725 >30ms=5593 | probes=5741 wrfail=0 down=4s maxout=4s
 262.096  t=259s RTT mean=33947 min=16259 max=46929 n=27 to=0 | cancels=0(+0/s) seqbad=0 len_bad=0 disc=0(0x00) | tot_n=5767 tot_to=0 maxever=71927 >2ms=5767 >5ms=5767 >15ms=5765 >20ms=5751 >30ms=5618 | probes=5768 wrfail=0 down=4s maxout=4s
 262.153  t=260s RTT mean=33947 min=7901 max=46915 n=27 to=0 | cancels=0(+0/s) seqbad=0 len_bad=0 disc=0(0x00) | tot_n=5794 tot_to=0 maxever=71927 >2ms=5794 >5ms=5794 >15ms=5791 >20ms=5777 >30ms=5643 | probes=5795 wrfail=0 down=4s maxout=4s
 264.114  t=261s RTT mean=33947 min=16259 max=46928 n=27 to=0 | cancels=0(+0/s) seqbad=0 len_bad=0 disc=0(0x00) | tot_n=5821 tot_to=0 maxever=71927 >2ms=5821 >5ms=5821 >15ms=5818 >20ms=5803 >30ms=5668 | probes=5822 wrfail=0 down=4s maxout=4s
 264.115  t=262s RTT mean=33947 min=16259 max=46914 n=27 to=0 | cancels=0(+0/s) seqbad=0 len_bad=0 disc=0(0x00) | tot_n=5848 tot_to=0 maxever=71927 >2ms=5848 >5ms=5848 >15ms=5845 >20ms=5829 >30ms=5693 | probes=5849 wrfail=0 down=4s maxout=4s
 266.125  t=263s RTT mean=33947 min=7901 max=46928 n=27 to=0 | cancels=0(+0/s) seqbad=0 len_bad=0 disc=0(0x00) | tot_n=5875 tot_to=0 maxever=71927 >2ms=5875 >5ms=5875 >15ms=5871 >20ms=5855 >30ms=5718 | probes=5876 wrfail=0 down=4s maxout=4s
 266.125  t=264s RTT mean=33947 min=16259 max=46914 n=27 to=0 | cancels=0(+0/s) seqbad=0 len_bad=0 disc=0(0x00) | tot_n=5902 tot_to=0 maxever=71927 >2ms=5902 >5ms=5902 >15ms=5898 >20ms=5881 >30ms=5743 | probes=5903 wrfail=0 down=4s maxout=4s
 268.125  t=265s RTT mean=33947 min=16259 max=46928 n=27 to=0 | cancels=0(+0/s) seqbad=0 len_bad=0 disc=0(0x00) | tot_n=5929 tot_to=0 maxever=71927 >2ms=5929 >5ms=5929 >15ms=5925 >20ms=5907 >30ms=5768 | probes=5930 wrfail=0 down=4s maxout=4s
 268.125  t=266s RTT mean=34873 min=16259 max=53874 n=27 to=0 | cancels=0(+0/s) seqbad=0 len_bad=0 disc=0(0x00) | tot_n=5956 tot_to=0 maxever=71927 >2ms=5956 >5ms=5956 >15ms=5952 >20ms=5933 >30ms=5793 | probes=5956 wrfail=0 down=4s maxout=4s
 270.117  t=267s RTT mean=34410 min=16259 max=48019 n=26 to=0 | cancels=0(+0/s) seqbad=0 len_bad=0 disc=0(0x00) | tot_n=5982 tot_to=0 maxever=71927 >2ms=5982 >5ms=5982 >15ms=5978 >20ms=5958 >30ms=5818 | probes=5983 wrfail=0 down=4s maxout=4s
 270.117  t=268s RTT mean=33947 min=16259 max=46914 n=27 to=0 | cancels=0(+0/s) seqbad=0 len_bad=0 disc=0(0x00) | tot_n=6009 tot_to=0 maxever=71927 >2ms=6009 >5ms=6009 >15ms=6005 >20ms=5984 >30ms=5843 | probes=6010 wrfail=0 down=4s maxout=4s
 272.131  t=269s RTT mean=33947 min=16259 max=46929 n=27 to=0 | cancels=0(+0/s) seqbad=0 len_bad=0 disc=0(0x00) | tot_n=6036 tot_to=0 maxever=71927 >2ms=6036 >5ms=6036 >15ms=6032 >20ms=6010 >30ms=5868 | probes=6037 wrfail=0 down=4s maxout=4s
 272.131  t=270s RTT mean=33947 min=16259 max=46914 n=27 to=0 | cancels=0(+0/s) seqbad=0 len_bad=0 disc=0(0x00) | tot_n=6063 tot_to=0 maxever=71927 >2ms=6063 >5ms=6063 >15ms=6059 >20ms=6036 >30ms=5893 | probes=6064 wrfail=0 down=4s maxout=4s
 274.131  t=271s RTT mean=33947 min=16260 max=46927 n=27 to=0 | cancels=0(+0/s) seqbad=0 len_bad=0 disc=0(0x00) | tot_n=6090 tot_to=0 maxever=71927 >2ms=6090 >5ms=6090 >15ms=6086 >20ms=6062 >30ms=5918 | probes=6091 wrfail=0 down=4s maxout=4s
 274.131  t=272s RTT mean=33947 min=16262 max=46914 n=27 to=0 | cancels=0(+0/s) seqbad=0 len_bad=0 disc=0(0x00) | tot_n=6117 tot_to=0 maxever=71927 >2ms=6117 >5ms=6117 >15ms=6113 >20ms=6088 >30ms=5943 | probes=6118 wrfail=0 down=4s maxout=4s
 276.124  t=273s RTT mean=33947 min=16260 max=46928 n=27 to=0 | cancels=0(+0/s) seqbad=0 len_bad=0 disc=0(0x00) | tot_n=6144 tot_to=0 maxever=71927 >2ms=6144 >5ms=6144 >15ms=6140 >20ms=6114 >30ms=5968 | probes=6145 wrfail=0 down=4s maxout=4s
 276.124  t=274s RTT mean=33947 min=16260 max=46914 n=27 to=0 | cancels=0(+0/s) seqbad=0 len_bad=0 disc=0(0x00) | tot_n=6171 tot_to=0 maxever=71927 >2ms=6171 >5ms=6171 >15ms=6167 >20ms=6140 >30ms=5993 | probes=6172 wrfail=0 down=4s maxout=4s
 278.117  t=275s RTT mean=33947 min=16258 max=46928 n=27 to=0 | cancels=0(+0/s) seqbad=0 len_bad=0 disc=0(0x00) | tot_n=6198 tot_to=0 maxever=71927 >2ms=6198 >5ms=6198 >15ms=6194 >20ms=6166 >30ms=6018 | probes=6199 wrfail=0 down=4s maxout=4s
 278.117  t=276s RTT mean=33947 min=16259 max=46915 n=27 to=0 | cancels=0(+0/s) seqbad=0 len_bad=0 disc=0(0x00) | tot_n=6225 tot_to=0 maxever=71927 >2ms=6225 >5ms=6225 >15ms=6221 >20ms=6192 >30ms=6043 | probes=6226 wrfail=0 down=4s maxout=4s
 280.135  t=277s RTT mean=33947 min=16259 max=46927 n=27 to=0 | cancels=0(+0/s) seqbad=0 len_bad=0 disc=0(0x00) | tot_n=6252 tot_to=0 maxever=71927 >2ms=6252 >5ms=6252 >15ms=6248 >20ms=6218 >30ms=6068 | probes=6253 wrfail=0 down=4s maxout=4s
 280.135  t=278s RTT mean=33947 min=16259 max=46915 n=27 to=0 | cancels=0(+0/s) seqbad=0 len_bad=0 disc=0(0x00) | tot_n=6279 tot_to=0 maxever=71927 >2ms=6279 >5ms=6279 >15ms=6275 >20ms=6244 >30ms=6093 | probes=6280 wrfail=0 down=4s maxout=4s
 282.131  t=279s RTT mean=33947 min=16259 max=46927 n=27 to=0 | cancels=0(+0/s) seqbad=0 len_bad=0 disc=0(0x00) | tot_n=6306 tot_to=0 maxever=71927 >2ms=6306 >5ms=6306 >15ms=6302 >20ms=6270 >30ms=6118 | probes=6307 wrfail=0 down=4s maxout=4s
 282.131  t=280s RTT mean=33947 min=16259 max=46916 n=27 to=0 | cancels=0(+0/s) seqbad=0 len_bad=0 disc=0(0x00) | tot_n=6333 tot_to=0 maxever=71927 >2ms=6333 >5ms=6333 >15ms=6329 >20ms=6296 >30ms=6143 | probes=6334 wrfail=0 down=4s maxout=4s
 284.148  t=281s RTT mean=33947 min=16259 max=46927 n=27 to=0 | cancels=0(+0/s) seqbad=0 len_bad=0 disc=0(0x00) | tot_n=6360 tot_to=0 maxever=71927 >2ms=6360 >5ms=6360 >15ms=6356 >20ms=6322 >30ms=6168 | probes=6361 wrfail=0 down=4s maxout=4s
 284.148  t=282s RTT mean=33947 min=16259 max=46915 n=27 to=0 | cancels=0(+0/s) seqbad=0 len_bad=0 disc=0(0x00) | tot_n=6387 tot_to=0 maxever=71927 >2ms=6387 >5ms=6387 >15ms=6383 >20ms=6348 >30ms=6193 | probes=6388 wrfail=0 down=4s maxout=4s
 286.129  t=283s RTT mean=33947 min=16259 max=46927 n=27 to=0 | cancels=0(+0/s) seqbad=0 len_bad=0 disc=0(0x00) | tot_n=6414 tot_to=0 maxever=71927 >2ms=6414 >5ms=6414 >15ms=6410 >20ms=6374 >30ms=6218 | probes=6415 wrfail=0 down=4s maxout=4s
 286.129  t=284s RTT mean=33947 min=16259 max=46915 n=27 to=0 | cancels=0(+0/s) seqbad=0 len_bad=0 disc=0(0x00) | tot_n=6441 tot_to=0 maxever=71927 >2ms=6441 >5ms=6441 >15ms=6437 >20ms=6400 >30ms=6243 | probes=6442 wrfail=0 down=4s maxout=4s
 288.131  t=285s RTT mean=33947 min=16259 max=46927 n=27 to=0 | cancels=0(+0/s) seqbad=0 len_bad=0 disc=0(0x00) | tot_n=6468 tot_to=0 maxever=71927 >2ms=6468 >5ms=6468 >15ms=6464 >20ms=6426 >30ms=6268 | probes=6469 wrfail=0 down=4s maxout=4s
 288.131  t=286s RTT mean=33947 min=16260 max=46915 n=27 to=0 | cancels=0(+0/s) seqbad=0 len_bad=0 disc=0(0x00) | tot_n=6495 tot_to=0 maxever=71927 >2ms=6495 >5ms=6495 >15ms=6491 >20ms=6452 >30ms=6293 | probes=6496 wrfail=0 down=4s maxout=4s
 290.143  t=287s RTT mean=33947 min=16261 max=46928 n=27 to=0 | cancels=0(+0/s) seqbad=0 len_bad=0 disc=0(0x00) | tot_n=6522 tot_to=0 maxever=71927 >2ms=6522 >5ms=6522 >15ms=6518 >20ms=6478 >30ms=6318 | probes=6523 wrfail=0 down=4s maxout=4s
 290.143  t=288s RTT mean=33947 min=16260 max=46914 n=27 to=0 | cancels=0(+0/s) seqbad=0 len_bad=0 disc=0(0x00) | tot_n=6549 tot_to=0 maxever=71927 >2ms=6549 >5ms=6549 >15ms=6545 >20ms=6504 >30ms=6343 | probes=6550 wrfail=0 down=4s maxout=4s
 292.148  t=289s RTT mean=33947 min=16259 max=46927 n=27 to=0 | cancels=0(+0/s) seqbad=0 len_bad=0 disc=0(0x00) | tot_n=6576 tot_to=0 maxever=71927 >2ms=6576 >5ms=6576 >15ms=6572 >20ms=6530 >30ms=6368 | probes=6577 wrfail=0 down=4s maxout=4s
 292.148  t=290s RTT mean=34873 min=23474 max=46914 n=27 to=0 | cancels=0(+0/s) seqbad=0 len_bad=0 disc=0(0x00) | tot_n=6603 tot_to=0 maxever=71927 >2ms=6603 >5ms=6603 >15ms=6599 >20ms=6557 >30ms=6393 | probes=6604 wrfail=0 down=4s maxout=4s
 294.108  t=291s RTT mean=34410 min=16259 max=48020 n=26 to=0 | cancels=0(+0/s) seqbad=0 len_bad=0 disc=0(0x00) | tot_n=6629 tot_to=0 maxever=71927 >2ms=6629 >5ms=6629 >15ms=6625 >20ms=6582 >30ms=6418 | probes=6630 wrfail=0 down=4s maxout=4s
 294.168  t=292s RTT mean=33947 min=16259 max=46914 n=27 to=0 | cancels=0(+0/s) seqbad=0 len_bad=0 disc=0(0x00) | tot_n=6656 tot_to=0 maxever=71927 >2ms=6656 >5ms=6656 >15ms=6652 >20ms=6608 >30ms=6443 | probes=6657 wrfail=0 down=4s maxout=4s
 296.135  t=293s RTT mean=33947 min=7900 max=46925 n=27 to=0 | cancels=0(+0/s) seqbad=0 len_bad=0 disc=0(0x00) | tot_n=6683 tot_to=0 maxever=71927 >2ms=6683 >5ms=6683 >15ms=6678 >20ms=6634 >30ms=6468 | probes=6684 wrfail=0 down=4s maxout=4s
 296.135  t=294s RTT mean=33947 min=16259 max=46914 n=27 to=0 | cancels=0(+0/s) seqbad=0 len_bad=0 disc=0(0x00) | tot_n=6710 tot_to=0 maxever=71927 >2ms=6710 >5ms=6710 >15ms=6705 >20ms=6660 >30ms=6493 | probes=6711 wrfail=0 down=4s maxout=4s
 298.131  t=295s RTT mean=33947 min=16259 max=46925 n=27 to=0 | cancels=0(+0/s) seqbad=0 len_bad=0 disc=0(0x00) | tot_n=6737 tot_to=0 maxever=71927 >2ms=6737 >5ms=6737 >15ms=6732 >20ms=6686 >30ms=6518 | probes=6738 wrfail=0 down=4s maxout=4s
 298.131  t=296s RTT mean=33947 min=16259 max=46914 n=27 to=0 | cancels=0(+0/s) seqbad=0 len_bad=0 disc=0(0x00) | tot_n=6764 tot_to=0 maxever=71927 >2ms=6764 >5ms=6764 >15ms=6759 >20ms=6712 >30ms=6543 | probes=6765 wrfail=0 down=4s maxout=4s
 300.098  t=297s RTT mean=33947 min=16259 max=46925 n=27 to=0 | cancels=0(+0/s) seqbad=0 len_bad=0 disc=0(0x00) | tot_n=6791 tot_to=0 maxever=71927 >2ms=6791 >5ms=6791 >15ms=6786 >20ms=6738 >30ms=6568 | probes=6792 wrfail=0 down=4s maxout=4s
 300.156  t=298s RTT mean=33947 min=16259 max=46914 n=27 to=0 | cancels=0(+0/s) seqbad=0 len_bad=0 disc=0(0x00) | tot_n=6818 tot_to=0 maxever=71927 >2ms=6818 >5ms=6818 >15ms=6813 >20ms=6764 >30ms=6593 | probes=6819 wrfail=0 down=4s maxout=4s
 302.114  t=299s RTT mean=33947 min=16260 max=46925 n=27 to=0 | cancels=0(+0/s) seqbad=0 len_bad=0 disc=0(0x00) | tot_n=6845 tot_to=0 maxever=71927 >2ms=6845 >5ms=6845 >15ms=6840 >20ms=6790 >30ms=6618 | probes=6846 wrfail=0 down=4s maxout=4s
 302.175  t=300s RTT mean=33947 min=16260 max=46914 n=27 to=0 | cancels=0(+0/s) seqbad=0 len_bad=0 disc=0(0x00) | tot_n=6872 tot_to=0 maxever=71927 >2ms=6872 >5ms=6872 >15ms=6867 >20ms=6816 >30ms=6643 | probes=6873 wrfail=0 down=4s maxout=4s
 304.125  t=301s RTT mean=33947 min=16260 max=46925 n=27 to=0 | cancels=0(+0/s) seqbad=0 len_bad=0 disc=0(0x00) | tot_n=6899 tot_to=0 maxever=71927 >2ms=6899 >5ms=6899 >15ms=6894 >20ms=6842 >30ms=6668 | probes=6900 wrfail=0 down=4s maxout=4s
 304.125  t=302s RTT mean=34873 min=23475 max=46914 n=27 to=0 | cancels=0(+0/s) seqbad=0 len_bad=0 disc=0(0x00) | tot_n=6926 tot_to=0 maxever=71927 >2ms=6926 >5ms=6926 >15ms=6921 >20ms=6869 >30ms=6693 | probes=6927 wrfail=0 down=4s maxout=4s
 306.115  t=303s RTT mean=34410 min=16259 max=48019 n=26 to=0 | cancels=0(+0/s) seqbad=0 len_bad=0 disc=0(0x00) | tot_n=6952 tot_to=0 maxever=71927 >2ms=6952 >5ms=6952 >15ms=6947 >20ms=6894 >30ms=6718 | probes=6953 wrfail=0 down=4s maxout=4s
 306.167  t=304s RTT mean=33947 min=16259 max=46915 n=27 to=0 | cancels=0(+0/s) seqbad=0 len_bad=0 disc=0(0x00) | tot_n=6979 tot_to=0 maxever=71927 >2ms=6979 >5ms=6979 >15ms=6974 >20ms=6920 >30ms=6743 | probes=6980 wrfail=0 down=4s maxout=4s
 308.138  t=305s RTT mean=33947 min=16259 max=46925 n=27 to=0 | cancels=0(+0/s) seqbad=0 len_bad=0 disc=0(0x00) | tot_n=7006 tot_to=0 maxever=71927 >2ms=7006 >5ms=7006 >15ms=7001 >20ms=6946 >30ms=6768 | probes=7007 wrfail=0 down=4s maxout=4s
 308.138  PCTL target=100 tot=1612 to=0 p50=30 p90=46 p99=46 p99.9=51 max=53 g30=1500 g100=0 (ms/counts)
 308.138  LOADRAMP: target=125 KBps for 60s
 308.138  t=306s RTT mean=32623 min=23475 max=46916 n=28 to=0 | cancels=0(+0/s) seqbad=0 len_bad=0 disc=0(0x00) | tot_n=7034 tot_to=0 maxever=71927 >2ms=7034 >5ms=7034 >15ms=7029 >20ms=6974 >30ms=6795 | probes=7035 wrfail=0 down=4s maxout=4s
 310.099  t=307s RTT mean=32623 min=23473 max=46926 n=28 to=0 | cancels=0(+0/s) seqbad=0 len_bad=0 disc=0(0x00) | tot_n=7062 tot_to=0 maxever=71927 >2ms=7062 >5ms=7062 >15ms=7057 >20ms=7002 >30ms=6822 | probes=7063 wrfail=0 down=4s maxout=4s
 310.156  t=308s RTT mean=32623 min=23474 max=46914 n=28 to=0 | cancels=0(+0/s) seqbad=0 len_bad=0 disc=0(0x00) | tot_n=7090 tot_to=0 maxever=71927 >2ms=7090 >5ms=7090 >15ms=7085 >20ms=7030 >30ms=6849 | probes=7091 wrfail=0 down=4s maxout=4s
 312.113  t=309s RTT mean=32623 min=23474 max=46925 n=28 to=0 | cancels=0(+0/s) seqbad=0 len_bad=0 disc=0(0x00) | tot_n=7118 tot_to=0 maxever=71927 >2ms=7118 >5ms=7118 >15ms=7113 >20ms=7058 >30ms=6876 | probes=7119 wrfail=0 down=4s maxout=4s
 312.173  t=310s RTT mean=32623 min=23475 max=46915 n=28 to=0 | cancels=0(+0/s) seqbad=0 len_bad=0 disc=0(0x00) | tot_n=7146 tot_to=0 maxever=71927 >2ms=7146 >5ms=7146 >15ms=7141 >20ms=7086 >30ms=6903 | probes=7147 wrfail=0 down=4s maxout=4s
 314.148  t=311s RTT mean=32623 min=23474 max=46925 n=28 to=0 | cancels=0(+0/s) seqbad=0 len_bad=0 disc=0(0x00) | tot_n=7174 tot_to=0 maxever=71927 >2ms=7174 >5ms=7174 >15ms=7169 >20ms=7114 >30ms=6930 | probes=7175 wrfail=0 down=4s maxout=4s
 314.148  t=312s RTT mean=32623 min=23475 max=46915 n=28 to=0 | cancels=0(+0/s) seqbad=0 len_bad=0 disc=0(0x00) | tot_n=7202 tot_to=0 maxever=71927 >2ms=7202 >5ms=7202 >15ms=7197 >20ms=7142 >30ms=6957 | probes=7203 wrfail=0 down=4s maxout=4s
 316.114  t=313s RTT mean=32623 min=23474 max=46926 n=28 to=0 | cancels=0(+0/s) seqbad=0 len_bad=0 disc=0(0x00) | tot_n=7230 tot_to=0 maxever=71927 >2ms=7230 >5ms=7230 >15ms=7225 >20ms=7170 >30ms=6984 | probes=7231 wrfail=0 down=4s maxout=4s
 316.171  t=314s RTT mean=32623 min=23474 max=46915 n=28 to=0 | cancels=0(+0/s) seqbad=0 len_bad=0 disc=0(0x00) | tot_n=7258 tot_to=0 maxever=71927 >2ms=7258 >5ms=7258 >15ms=7253 >20ms=7198 >30ms=7011 | probes=7259 wrfail=0 down=4s maxout=4s
 318.149  t=315s RTT mean=32623 min=23475 max=46928 n=28 to=0 | cancels=0(+0/s) seqbad=0 len_bad=0 disc=0(0x00) | tot_n=7286 tot_to=0 maxever=71927 >2ms=7286 >5ms=7286 >15ms=7281 >20ms=7226 >30ms=7038 | probes=7287 wrfail=0 down=4s maxout=4s
 318.149  t=316s RTT mean=32623 min=23473 max=46915 n=28 to=0 | cancels=0(+0/s) seqbad=0 len_bad=0 disc=0(0x00) | tot_n=7314 tot_to=0 maxever=71927 >2ms=7314 >5ms=7314 >15ms=7309 >20ms=7254 >30ms=7065 | probes=7315 wrfail=0 down=4s maxout=4s
 320.131  t=317s RTT mean=32624 min=23474 max=46928 n=28 to=0 | cancels=0(+0/s) seqbad=0 len_bad=0 disc=0(0x00) | tot_n=7342 tot_to=0 maxever=71927 >2ms=7342 >5ms=7342 >15ms=7337 >20ms=7282 >30ms=7092 | probes=7343 wrfail=0 down=4s maxout=4s
 320.131  t=318s RTT mean=32623 min=23474 max=46914 n=28 to=0 | cancels=0(+0/s) seqbad=0 len_bad=0 disc=0(0x00) | tot_n=7370 tot_to=0 maxever=71927 >2ms=7370 >5ms=7370 >15ms=7365 >20ms=7310 >30ms=7119 | probes=7371 wrfail=0 down=4s maxout=4s
 322.149  t=319s RTT mean=32624 min=23474 max=46928 n=28 to=0 | cancels=0(+0/s) seqbad=0 len_bad=0 disc=0(0x00) | tot_n=7398 tot_to=0 maxever=71927 >2ms=7398 >5ms=7398 >15ms=7393 >20ms=7338 >30ms=7146 | probes=7399 wrfail=0 down=4s maxout=4s
 322.149  t=320s RTT mean=32623 min=23474 max=46914 n=28 to=0 | cancels=0(+0/s) seqbad=0 len_bad=0 disc=0(0x00) | tot_n=7426 tot_to=0 maxever=71927 >2ms=7426 >5ms=7426 >15ms=7421 >20ms=7366 >30ms=7173 | probes=7427 wrfail=0 down=4s maxout=4s
 324.115  t=321s RTT mean=32624 min=23475 max=46928 n=28 to=0 | cancels=0(+0/s) seqbad=0 len_bad=0 disc=0(0x00) | tot_n=7454 tot_to=0 maxever=71927 >2ms=7454 >5ms=7454 >15ms=7449 >20ms=7394 >30ms=7200 | probes=7455 wrfail=0 down=4s maxout=4s
 324.171  t=322s RTT mean=32623 min=23474 max=46914 n=28 to=0 | cancels=0(+0/s) seqbad=0 len_bad=0 disc=0(0x00) | tot_n=7482 tot_to=0 maxever=71927 >2ms=7482 >5ms=7482 >15ms=7477 >20ms=7422 >30ms=7227 | probes=7483 wrfail=0 down=4s maxout=4s
 326.147  t=323s RTT mean=32624 min=23474 max=46929 n=28 to=0 | cancels=0(+0/s) seqbad=0 len_bad=0 disc=0(0x00) | tot_n=7510 tot_to=0 maxever=71927 >2ms=7510 >5ms=7510 >15ms=7505 >20ms=7450 >30ms=7254 | probes=7511 wrfail=0 down=4s maxout=4s
 326.147  t=324s RTT mean=32623 min=23474 max=46914 n=28 to=0 | cancels=0(+0/s) seqbad=0 len_bad=0 disc=0(0x00) | tot_n=7538 tot_to=0 maxever=71927 >2ms=7538 >5ms=7538 >15ms=7533 >20ms=7478 >30ms=7281 | probes=7539 wrfail=0 down=4s maxout=4s
 328.158  t=325s RTT mean=32624 min=23475 max=46927 n=28 to=0 | cancels=0(+0/s) seqbad=0 len_bad=0 disc=0(0x00) | tot_n=7566 tot_to=0 maxever=71927 >2ms=7566 >5ms=7566 >15ms=7561 >20ms=7506 >30ms=7308 | probes=7567 wrfail=0 down=4s maxout=4s
 328.158  t=326s RTT mean=32624 min=23474 max=46915 n=28 to=0 | cancels=0(+0/s) seqbad=0 len_bad=0 disc=0(0x00) | tot_n=7594 tot_to=0 maxever=71927 >2ms=7594 >5ms=7594 >15ms=7589 >20ms=7534 >30ms=7334 | probes=7595 wrfail=0 down=4s maxout=4s
 330.125  t=327s RTT mean=32624 min=23474 max=46928 n=28 to=0 | cancels=0(+0/s) seqbad=0 len_bad=0 disc=0(0x00) | tot_n=7622 tot_to=0 maxever=71927 >2ms=7622 >5ms=7622 >15ms=7617 >20ms=7562 >30ms=7361 | probes=7623 wrfail=0 down=4s maxout=4s
 330.125  t=328s RTT mean=33516 min=23474 max=46914 n=28 to=0 | cancels=0(+0/s) seqbad=0 len_bad=0 disc=0(0x00) | tot_n=7650 tot_to=0 maxever=71927 >2ms=7650 >5ms=7650 >15ms=7645 >20ms=7590 >30ms=7388 | probes=7651 wrfail=0 down=4s maxout=4s
 332.131  t=329s RTT mean=33020 min=30189 max=48024 n=27 to=0 | cancels=0(+0/s) seqbad=0 len_bad=0 disc=0(0x00) | tot_n=7677 tot_to=0 maxever=71927 >2ms=7677 >5ms=7677 >15ms=7672 >20ms=7617 >30ms=7415 | probes=7678 wrfail=0 down=4s maxout=4s
 332.131  t=330s RTT mean=32623 min=23474 max=46914 n=28 to=0 | cancels=0(+0/s) seqbad=0 len_bad=0 disc=0(0x00) | tot_n=7705 tot_to=0 maxever=71927 >2ms=7705 >5ms=7705 >15ms=7700 >20ms=7645 >30ms=7442 | probes=7706 wrfail=0 down=4s maxout=4s
 334.141  t=331s RTT mean=32624 min=23473 max=46928 n=28 to=0 | cancels=0(+0/s) seqbad=0 len_bad=0 disc=0(0x00) | tot_n=7733 tot_to=0 maxever=71927 >2ms=7733 >5ms=7733 >15ms=7728 >20ms=7673 >30ms=7469 | probes=7734 wrfail=0 down=4s maxout=4s
 334.141  t=332s RTT mean=33516 min=23475 max=49458 n=28 to=0 | cancels=0(+0/s) seqbad=0 len_bad=0 disc=0(0x00) | tot_n=7761 tot_to=0 maxever=71927 >2ms=7761 >5ms=7761 >15ms=7756 >20ms=7701 >30ms=7496 | probes=7762 wrfail=0 down=4s maxout=4s
 336.131  t=333s RTT mean=33946 min=30187 max=48751 n=27 to=0 | cancels=0(+0/s) seqbad=0 len_bad=0 disc=0(0x00) | tot_n=7788 tot_to=0 maxever=71927 >2ms=7788 >5ms=7788 >15ms=7783 >20ms=7728 >30ms=7523 | probes=7789 wrfail=0 down=4s maxout=4s
 336.131  t=334s RTT mean=33020 min=30189 max=48020 n=27 to=0 | cancels=0(+0/s) seqbad=0 len_bad=0 disc=0(0x00) | tot_n=7815 tot_to=0 maxever=71927 >2ms=7815 >5ms=7815 >15ms=7810 >20ms=7755 >30ms=7550 | probes=7816 wrfail=0 down=4s maxout=4s
 338.158  t=335s RTT mean=32624 min=23473 max=46928 n=28 to=0 | cancels=0(+0/s) seqbad=0 len_bad=0 disc=0(0x00) | tot_n=7843 tot_to=0 maxever=71927 >2ms=7843 >5ms=7843 >15ms=7838 >20ms=7783 >30ms=7577 | probes=7844 wrfail=0 down=4s maxout=4s
 338.158  t=336s RTT mean=32623 min=23474 max=46915 n=28 to=0 | cancels=0(+0/s) seqbad=0 len_bad=0 disc=0(0x00) | tot_n=7871 tot_to=0 maxever=71927 >2ms=7871 >5ms=7871 >15ms=7866 >20ms=7811 >30ms=7604 | probes=7872 wrfail=0 down=4s maxout=4s
 340.149  t=337s RTT mean=32624 min=23473 max=46928 n=28 to=0 | cancels=0(+0/s) seqbad=0 len_bad=0 disc=0(0x00) | tot_n=7899 tot_to=0 maxever=71927 >2ms=7899 >5ms=7899 >15ms=7894 >20ms=7839 >30ms=7631 | probes=7900 wrfail=0 down=4s maxout=4s
 340.150  t=338s RTT mean=32623 min=23475 max=46915 n=28 to=0 | cancels=0(+0/s) seqbad=0 len_bad=0 disc=0(0x00) | tot_n=7927 tot_to=0 maxever=71927 >2ms=7927 >5ms=7927 >15ms=7922 >20ms=7867 >30ms=7658 | probes=7928 wrfail=0 down=4s maxout=4s
 342.105  t=339s RTT mean=33517 min=23473 max=46928 n=28 to=0 | cancels=0(+0/s) seqbad=0 len_bad=0 disc=0(0x00) | tot_n=7955 tot_to=0 maxever=71927 >2ms=7955 >5ms=7955 >15ms=7950 >20ms=7895 >30ms=7685 | probes=7956 wrfail=0 down=4s maxout=4s
 342.164  t=340s RTT mean=33020 min=30185 max=48020 n=27 to=0 | cancels=0(+0/s) seqbad=0 len_bad=0 disc=0(0x00) | tot_n=7982 tot_to=0 maxever=71927 >2ms=7982 >5ms=7982 >15ms=7977 >20ms=7922 >30ms=7712 | probes=7983 wrfail=0 down=4s maxout=4s
 344.135  t=341s RTT mean=32623 min=23473 max=46928 n=28 to=0 | cancels=0(+0/s) seqbad=0 len_bad=0 disc=0(0x00) | tot_n=8010 tot_to=0 maxever=71927 >2ms=8010 >5ms=8010 >15ms=8005 >20ms=7950 >30ms=7739 | probes=8011 wrfail=0 down=4s maxout=4s
 344.135  t=342s RTT mean=33517 min=23475 max=46914 n=28 to=0 | cancels=0(+0/s) seqbad=0 len_bad=0 disc=0(0x00) | tot_n=8038 tot_to=0 maxever=71927 >2ms=8038 >5ms=8038 >15ms=8033 >20ms=7978 >30ms=7766 | probes=8039 wrfail=0 down=4s maxout=4s
 346.148  t=343s RTT mean=33020 min=30189 max=48025 n=27 to=0 | cancels=0(+0/s) seqbad=0 len_bad=0 disc=0(0x00) | tot_n=8065 tot_to=0 maxever=71927 >2ms=8065 >5ms=8065 >15ms=8060 >20ms=8005 >30ms=7793 | probes=8066 wrfail=0 down=4s maxout=4s
 346.148  t=344s RTT mean=32623 min=23474 max=46914 n=28 to=0 | cancels=0(+0/s) seqbad=0 len_bad=0 disc=0(0x00) | tot_n=8093 tot_to=0 maxever=71927 >2ms=8093 >5ms=8093 >15ms=8088 >20ms=8033 >30ms=7820 | probes=8094 wrfail=0 down=4s maxout=4s
 348.117  t=345s RTT mean=32624 min=23474 max=46928 n=28 to=0 | cancels=0(+0/s) seqbad=0 len_bad=0 disc=0(0x00) | tot_n=8121 tot_to=0 maxever=71927 >2ms=8121 >5ms=8121 >15ms=8116 >20ms=8061 >30ms=7847 | probes=8122 wrfail=0 down=4s maxout=4s
 348.177  t=346s RTT mean=32623 min=23474 max=46915 n=28 to=0 | cancels=0(+0/s) seqbad=0 len_bad=0 disc=0(0x00) | tot_n=8149 tot_to=0 maxever=71927 >2ms=8149 >5ms=8149 >15ms=8144 >20ms=8089 >30ms=7874 | probes=8150 wrfail=0 down=4s maxout=4s
 350.148  t=347s RTT mean=32624 min=23473 max=46928 n=28 to=0 | cancels=0(+0/s) seqbad=0 len_bad=0 disc=0(0x00) | tot_n=8177 tot_to=0 maxever=71927 >2ms=8177 >5ms=8177 >15ms=8172 >20ms=8117 >30ms=7901 | probes=8178 wrfail=0 down=4s maxout=4s
 350.148  t=348s RTT mean=32623 min=23474 max=46915 n=28 to=0 | cancels=0(+0/s) seqbad=0 len_bad=0 disc=0(0x00) | tot_n=8205 tot_to=0 maxever=71927 >2ms=8205 >5ms=8205 >15ms=8200 >20ms=8145 >30ms=7928 | probes=8206 wrfail=0 down=4s maxout=4s
 352.147  t=349s RTT mean=32624 min=23474 max=46928 n=28 to=0 | cancels=0(+0/s) seqbad=0 len_bad=0 disc=0(0x00) | tot_n=8233 tot_to=0 maxever=71927 >2ms=8233 >5ms=8233 >15ms=8228 >20ms=8173 >30ms=7955 | probes=8234 wrfail=0 down=4s maxout=4s
 352.148  t=350s RTT mean=32623 min=23474 max=46914 n=28 to=0 | cancels=0(+0/s) seqbad=0 len_bad=0 disc=0(0x00) | tot_n=8261 tot_to=0 maxever=71927 >2ms=8261 >5ms=8261 >15ms=8256 >20ms=8201 >30ms=7982 | probes=8262 wrfail=0 down=4s maxout=4s
 354.148  t=351s RTT mean=33516 min=23474 max=50852 n=28 to=0 | cancels=0(+0/s) seqbad=0 len_bad=0 disc=0(0x00) | tot_n=8289 tot_to=0 maxever=71927 >2ms=8289 >5ms=8289 >15ms=8284 >20ms=8229 >30ms=8009 | probes=8290 wrfail=0 down=4s maxout=4s
 354.148  t=352s RTT mean=33946 min=30187 max=48020 n=27 to=0 | cancels=0(+0/s) seqbad=0 len_bad=0 disc=0(0x00) | tot_n=8316 tot_to=0 maxever=71927 >2ms=8316 >5ms=8316 >15ms=8311 >20ms=8256 >30ms=8036 | probes=8317 wrfail=0 down=4s maxout=4s
 356.108  t=353s RTT mean=33020 min=30186 max=48038 n=27 to=0 | cancels=0(+0/s) seqbad=0 len_bad=0 disc=0(0x00) | tot_n=8343 tot_to=0 maxever=71927 >2ms=8343 >5ms=8343 >15ms=8338 >20ms=8283 >30ms=8063 | probes=8344 wrfail=0 down=4s maxout=4s
 356.164  t=354s RTT mean=33516 min=23474 max=49457 n=28 to=0 | cancels=0(+0/s) seqbad=0 len_bad=0 disc=0(0x00) | tot_n=8371 tot_to=0 maxever=71927 >2ms=8371 >5ms=8371 >15ms=8366 >20ms=8311 >30ms=8090 | probes=8372 wrfail=0 down=4s maxout=4s
 358.109  t=355s RTT mean=33020 min=30188 max=48037 n=27 to=0 | cancels=0(+0/s) seqbad=0 len_bad=0 disc=0(0x00) | tot_n=8398 tot_to=0 maxever=71927 >2ms=8398 >5ms=8398 >15ms=8393 >20ms=8338 >30ms=8117 | probes=8399 wrfail=0 down=4s maxout=4s
 358.165  t=356s RTT mean=32623 min=23474 max=46914 n=28 to=0 | cancels=0(+0/s) seqbad=0 len_bad=0 disc=0(0x00) | tot_n=8426 tot_to=0 maxever=71927 >2ms=8426 >5ms=8426 >15ms=8421 >20ms=8366 >30ms=8144 | probes=8427 wrfail=0 down=4s maxout=4s
 360.131  t=357s RTT mean=32624 min=23474 max=46929 n=28 to=0 | cancels=0(+0/s) seqbad=0 len_bad=0 disc=0(0x00) | tot_n=8454 tot_to=0 maxever=71927 >2ms=8454 >5ms=8454 >15ms=8449 >20ms=8394 >30ms=8171 | probes=8455 wrfail=0 down=4s maxout=4s
 360.131  t=358s RTT mean=32623 min=23474 max=46914 n=28 to=0 | cancels=0(+0/s) seqbad=0 len_bad=0 disc=0(0x00) | tot_n=8482 tot_to=0 maxever=71927 >2ms=8482 >5ms=8482 >15ms=8477 >20ms=8422 >30ms=8198 | probes=8483 wrfail=0 down=4s maxout=4s
 362.157  t=359s RTT mean=32624 min=23475 max=46928 n=28 to=0 | cancels=0(+0/s) seqbad=0 len_bad=0 disc=0(0x00) | tot_n=8510 tot_to=0 maxever=71927 >2ms=8510 >5ms=8510 >15ms=8505 >20ms=8450 >30ms=8225 | probes=8511 wrfail=0 down=4s maxout=4s
 362.157  t=360s RTT mean=32624 min=23474 max=46914 n=28 to=0 | cancels=0(+0/s) seqbad=0 len_bad=0 disc=0(0x00) | tot_n=8538 tot_to=0 maxever=71927 >2ms=8538 >5ms=8538 >15ms=8533 >20ms=8478 >30ms=8252 | probes=8539 wrfail=0 down=4s maxout=4s
 364.108  t=361s RTT mean=32624 min=23474 max=46928 n=28 to=0 | cancels=0(+0/s) seqbad=0 len_bad=0 disc=0(0x00) | tot_n=8566 tot_to=0 maxever=71927 >2ms=8566 >5ms=8566 >15ms=8561 >20ms=8506 >30ms=8279 | probes=8567 wrfail=0 down=4s maxout=4s
 364.164  t=362s RTT mean=32623 min=23474 max=46914 n=28 to=0 | cancels=0(+0/s) seqbad=0 len_bad=0 disc=0(0x00) | tot_n=8594 tot_to=0 maxever=71927 >2ms=8594 >5ms=8594 >15ms=8589 >20ms=8534 >30ms=8306 | probes=8595 wrfail=0 down=4s maxout=4s
 366.164  t=363s RTT mean=32624 min=23473 max=46928 n=28 to=0 | cancels=0(+0/s) seqbad=0 len_bad=0 disc=0(0x00) | tot_n=8622 tot_to=0 maxever=71927 >2ms=8622 >5ms=8622 >15ms=8617 >20ms=8562 >30ms=8333 | probes=8623 wrfail=0 down=4s maxout=4s
 366.164  t=364s RTT mean=32623 min=23474 max=46916 n=28 to=0 | cancels=0(+0/s) seqbad=0 len_bad=0 disc=0(0x00) | tot_n=8650 tot_to=0 maxever=71927 >2ms=8650 >5ms=8650 >15ms=8645 >20ms=8590 >30ms=8359 | probes=8651 wrfail=0 down=4s maxout=4s
 368.168  t=365s RTT mean=33517 min=23473 max=49457 n=28 to=0 | cancels=0(+0/s) seqbad=0 len_bad=0 disc=0(0x00) | tot_n=8678 tot_to=0 maxever=71927 >2ms=8678 >5ms=8678 >15ms=8673 >20ms=8618 >30ms=8386 | probes=8679 wrfail=0 down=4s maxout=4s
 368.168  PCTL target=125 tot=1671 to=0 p50=30 p90=46 p99=46 p99.9=49 max=50 g30=1617 g100=0 (ms/counts)
 368.168  LOADRAMP: target=150 KBps for 60s
 368.168  t=366s RTT mean=31589 min=30182 max=48020 n=29 to=0 | cancels=0(+0/s) seqbad=0 len_bad=0 disc=0(0x00) | tot_n=8707 tot_to=0 maxever=71927 >2ms=8707 >5ms=8707 >15ms=8702 >20ms=8647 >30ms=8415 | probes=8708 wrfail=0 down=4s maxout=4s
 370.131  t=367s RTT mean=30244 min=16178 max=46931 n=29 to=0 | cancels=0(+0/s) seqbad=0 len_bad=0 disc=0(0x00) | tot_n=8736 tot_to=0 maxever=71927 >2ms=8736 >5ms=8736 >15ms=8731 >20ms=8675 >30ms=8442 | probes=8737 wrfail=0 down=4s maxout=4s
 370.131  t=368s RTT mean=31965 min=18969 max=52399 n=29 to=0 | cancels=0(+0/s) seqbad=0 len_bad=0 disc=0(0x00) | tot_n=8765 tot_to=0 maxever=71927 >2ms=8765 >5ms=8765 >15ms=8760 >20ms=8703 >30ms=8470 | probes=8766 wrfail=0 down=4s maxout=4s
 372.133  t=369s RTT mean=30796 min=24469 max=48038 n=30 to=0 | cancels=0(+0/s) seqbad=0 len_bad=0 disc=0(0x00) | tot_n=8795 tot_to=0 maxever=71927 >2ms=8795 >5ms=8795 >15ms=8790 >20ms=8733 >30ms=8499 | probes=8796 wrfail=0 down=4s maxout=4s
 372.133  t=370s RTT mean=30242 min=16186 max=46912 n=30 to=0 | cancels=0(+0/s) seqbad=0 len_bad=0 disc=0(0x00) | tot_n=8825 tot_to=0 maxever=71927 >2ms=8825 >5ms=8825 >15ms=8820 >20ms=8762 >30ms=8527 | probes=8826 wrfail=0 down=4s maxout=4s
 374.164  t=371s RTT mean=30242 min=16178 max=46930 n=30 to=0 | cancels=0(+0/s) seqbad=0 len_bad=0 disc=0(0x00) | tot_n=8855 tot_to=0 maxever=71927 >2ms=8855 >5ms=8855 >15ms=8850 >20ms=8791 >30ms=8555 | probes=8856 wrfail=0 down=4s maxout=4s
 374.165  t=372s RTT mean=30819 min=16187 max=46912 n=29 to=0 | cancels=0(+0/s) seqbad=0 len_bad=0 disc=0(0x00) | tot_n=8884 tot_to=0 maxever=71927 >2ms=8884 >5ms=8884 >15ms=8879 >20ms=8819 >30ms=8582 | probes=8885 wrfail=0 down=4s maxout=4s
 376.148  t=373s RTT mean=30796 min=24468 max=48038 n=30 to=0 | cancels=0(+0/s) seqbad=0 len_bad=0 disc=0(0x00) | tot_n=8914 tot_to=0 maxever=71927 >2ms=8914 >5ms=8914 >15ms=8909 >20ms=8849 >30ms=8611 | probes=8915 wrfail=0 down=4s maxout=4s
 376.148  t=374s RTT mean=30242 min=16187 max=46912 n=30 to=0 | cancels=0(+0/s) seqbad=0 len_bad=0 disc=0(0x00) | tot_n=8944 tot_to=0 maxever=71927 >2ms=8944 >5ms=8944 >15ms=8939 >20ms=8878 >30ms=8639 | probes=8945 wrfail=0 down=4s maxout=4s
 378.148  t=375s RTT mean=30242 min=16178 max=46930 n=30 to=0 | cancels=0(+0/s) seqbad=0 len_bad=0 disc=0(0x00) | tot_n=8974 tot_to=0 maxever=71927 >2ms=8974 >5ms=8974 >15ms=8969 >20ms=8907 >30ms=8667 | probes=8975 wrfail=0 down=4s maxout=4s
 378.148  t=376s RTT mean=30242 min=16187 max=46912 n=30 to=0 | cancels=0(+0/s) seqbad=0 len_bad=0 disc=0(0x00) | tot_n=9004 tot_to=0 maxever=71927 >2ms=9004 >5ms=9004 >15ms=8999 >20ms=8936 >30ms=8695 | probes=9005 wrfail=0 down=4s maxout=4s
 380.165  t=377s RTT mean=30519 min=16178 max=46930 n=30 to=0 | cancels=0(+0/s) seqbad=0 len_bad=0 disc=0(0x00) | tot_n=9034 tot_to=0 maxever=71927 >2ms=9034 >5ms=9034 >15ms=9029 >20ms=8965 >30ms=8723 | probes=9035 wrfail=0 down=4s maxout=4s
 380.165  t=378s RTT mean=31105 min=30182 max=48020 n=29 to=0 | cancels=0(+0/s) seqbad=0 len_bad=0 disc=0(0x00) | tot_n=9063 tot_to=0 maxever=71927 >2ms=9063 >5ms=9063 >15ms=9058 >20ms=8994 >30ms=8752 | probes=9064 wrfail=0 down=4s maxout=4s
 382.125  t=379s RTT mean=30242 min=16178 max=46931 n=30 to=0 | cancels=0(+0/s) seqbad=0 len_bad=0 disc=0(0x00) | tot_n=9093 tot_to=0 maxever=71927 >2ms=9093 >5ms=9093 >15ms=9088 >20ms=9023 >30ms=8780 | probes=9094 wrfail=0 down=4s maxout=4s
 382.179  t=380s RTT mean=30818 min=16187 max=46913 n=29 to=0 | cancels=0(+0/s) seqbad=0 len_bad=0 disc=0(0x00) | tot_n=9122 tot_to=0 maxever=71927 >2ms=9122 >5ms=9122 >15ms=9117 >20ms=9051 >30ms=8807 | probes=9123 wrfail=0 down=4s maxout=4s
 384.158  t=381s RTT mean=32573 min=24535 max=49695 n=28 to=0 | cancels=0(+0/s) seqbad=0 len_bad=0 disc=0(0x00) | tot_n=9150 tot_to=0 maxever=71927 >2ms=9150 >5ms=9150 >15ms=9145 >20ms=9079 >30ms=8834 | probes=9151 wrfail=0 down=4s maxout=4s
 384.158  t=382s RTT mean=30288 min=16180 max=46910 n=30 to=0 | cancels=0(+0/s) seqbad=0 len_bad=0 disc=0(0x00) | tot_n=9180 tot_to=0 maxever=71927 >2ms=9180 >5ms=9180 >15ms=9175 >20ms=9108 >30ms=8862 | probes=9181 wrfail=0 down=4s maxout=4s
 386.114  t=383s RTT mean=30797 min=24469 max=48038 n=30 to=0 | cancels=0(+0/s) seqbad=0 len_bad=0 disc=0(0x00) | tot_n=9210 tot_to=0 maxever=71927 >2ms=9210 >5ms=9210 >15ms=9205 >20ms=9138 >30ms=8891 | probes=9211 wrfail=0 down=4s maxout=4s
 386.174  t=384s RTT mean=30242 min=16187 max=46913 n=30 to=0 | cancels=0(+0/s) seqbad=0 len_bad=0 disc=0(0x00) | tot_n=9240 tot_to=0 maxever=71927 >2ms=9240 >5ms=9240 >15ms=9235 >20ms=9167 >30ms=8919 | probes=9241 wrfail=0 down=4s maxout=4s
 388.138  t=385s RTT mean=30818 min=16178 max=46931 n=29 to=0 | cancels=0(+0/s) seqbad=0 len_bad=0 disc=0(0x00) | tot_n=9269 tot_to=0 maxever=71927 >2ms=9269 >5ms=9269 >15ms=9264 >20ms=9195 >30ms=8946 | probes=9270 wrfail=0 down=4s maxout=4s
 388.138  t=386s RTT mean=30796 min=24472 max=48021 n=30 to=0 | cancels=0(+0/s) seqbad=0 len_bad=0 disc=0(0x00) | tot_n=9299 tot_to=0 maxever=71927 >2ms=9299 >5ms=9299 >15ms=9294 >20ms=9225 >30ms=8975 | probes=9300 wrfail=0 down=4s maxout=4s
 390.165  t=387s RTT mean=30242 min=16179 max=46930 n=30 to=0 | cancels=0(+0/s) seqbad=0 len_bad=0 disc=0(0x00) | tot_n=9329 tot_to=0 maxever=71927 >2ms=9329 >5ms=9329 >15ms=9324 >20ms=9254 >30ms=9003 | probes=9330 wrfail=0 down=4s maxout=4s
 390.165  t=388s RTT mean=30242 min=16187 max=46912 n=30 to=0 | cancels=0(+0/s) seqbad=0 len_bad=0 disc=0(0x00) | tot_n=9359 tot_to=0 maxever=71927 >2ms=9359 >5ms=9359 >15ms=9354 >20ms=9283 >30ms=9031 | probes=9360 wrfail=0 down=4s maxout=4s
 392.128  t=389s RTT mean=30818 min=16179 max=46930 n=29 to=0 | cancels=0(+0/s) seqbad=0 len_bad=0 disc=0(0x00) | tot_n=9388 tot_to=0 maxever=71927 >2ms=9388 >5ms=9388 >15ms=9383 >20ms=9311 >30ms=9058 | probes=9389 wrfail=0 down=4s maxout=4s
 392.180  t=390s RTT mean=30796 min=24467 max=48020 n=30 to=0 | cancels=0(+0/s) seqbad=0 len_bad=0 disc=0(0x00) | tot_n=9418 tot_to=0 maxever=71927 >2ms=9418 >5ms=9418 >15ms=9413 >20ms=9341 >30ms=9087 | probes=9419 wrfail=0 down=4s maxout=4s
 394.131  t=391s RTT mean=30242 min=16178 max=46930 n=30 to=0 | cancels=0(+0/s) seqbad=0 len_bad=0 disc=0(0x00) | tot_n=9448 tot_to=0 maxever=71927 >2ms=9448 >5ms=9448 >15ms=9443 >20ms=9370 >30ms=9115 | probes=9449 wrfail=0 down=4s maxout=4s
 394.192  t=392s RTT mean=30818 min=16187 max=46912 n=29 to=0 | cancels=0(+0/s) seqbad=0 len_bad=0 disc=0(0x00) | tot_n=9477 tot_to=0 maxever=71927 >2ms=9477 >5ms=9477 >15ms=9472 >20ms=9398 >30ms=9142 | probes=9478 wrfail=0 down=4s maxout=4s
 396.121  t=393s RTT mean=30797 min=24545 max=48037 n=30 to=0 | cancels=0(+0/s) seqbad=0 len_bad=0 disc=0(0x00) | tot_n=9507 tot_to=0 maxever=71927 >2ms=9507 >5ms=9507 >15ms=9502 >20ms=9428 >30ms=9171 | probes=9508 wrfail=0 down=4s maxout=4s
 396.180  t=394s RTT mean=30242 min=16187 max=46912 n=30 to=0 | cancels=0(+0/s) seqbad=0 len_bad=0 disc=0(0x00) | tot_n=9537 tot_to=0 maxever=71927 >2ms=9537 >5ms=9537 >15ms=9532 >20ms=9457 >30ms=9199 | probes=9538 wrfail=0 down=4s maxout=4s
 398.133  t=395s RTT mean=30242 min=16179 max=46931 n=30 to=0 | cancels=0(+0/s) seqbad=0 len_bad=0 disc=0(0x00) | tot_n=9567 tot_to=0 maxever=71927 >2ms=9567 >5ms=9567 >15ms=9562 >20ms=9486 >30ms=9227 | probes=9568 wrfail=0 down=4s maxout=4s
 398.188  t=396s RTT mean=30660 min=16187 max=46912 n=30 to=0 | cancels=0(+0/s) seqbad=0 len_bad=0 disc=0(0x00) | tot_n=9597 tot_to=0 maxever=71927 >2ms=9597 >5ms=9597 >15ms=9592 >20ms=9515 >30ms=9255 | probes=9597 wrfail=0 down=4s maxout=4s
 400.138  t=397s RTT mean=31631 min=28646 max=48300 n=28 to=0 | cancels=0(+0/s) seqbad=0 len_bad=0 disc=0(0x00) | tot_n=9625 tot_to=0 maxever=71927 >2ms=9625 >5ms=9625 >15ms=9620 >20ms=9543 >30ms=9282 | probes=9626 wrfail=0 down=4s maxout=4s
 400.138  t=398s RTT mean=31028 min=23068 max=48020 n=30 to=0 | cancels=0(+0/s) seqbad=0 len_bad=0 disc=0(0x00) | tot_n=9655 tot_to=0 maxever=71927 >2ms=9655 >5ms=9655 >15ms=9650 >20ms=9573 >30ms=9311 | probes=9656 wrfail=0 down=4s maxout=4s
 402.148  t=399s RTT mean=32673 min=30185 max=53874 n=28 to=0 | cancels=0(+0/s) seqbad=0 len_bad=0 disc=0(0x00) | tot_n=9683 tot_to=0 maxever=71927 >2ms=9683 >5ms=9683 >15ms=9678 >20ms=9601 >30ms=9339 | probes=9684 wrfail=0 down=4s maxout=4s
 402.148  t=400s RTT mean=30530 min=23066 max=44123 n=29 to=0 | cancels=0(+0/s) seqbad=0 len_bad=0 disc=0(0x00) | tot_n=9712 tot_to=0 maxever=71927 >2ms=9712 >5ms=9712 >15ms=9707 >20ms=9630 >30ms=9366 | probes=9713 wrfail=0 down=4s maxout=4s
 404.154  t=401s RTT mean=30750 min=23079 max=48038 n=30 to=0 | cancels=0(+0/s) seqbad=0 len_bad=0 disc=0(0x00) | tot_n=9742 tot_to=0 maxever=71927 >2ms=9742 >5ms=9742 >15ms=9737 >20ms=9660 >30ms=9395 | probes=9743 wrfail=0 down=4s maxout=4s
 404.154  t=402s RTT mean=30567 min=16187 max=46913 n=30 to=0 | cancels=0(+0/s) seqbad=0 len_bad=0 disc=0(0x00) | tot_n=9772 tot_to=0 maxever=71927 >2ms=9772 >5ms=9772 >15ms=9767 >20ms=9689 >30ms=9423 | probes=9773 wrfail=0 down=4s maxout=4s
 406.125  t=403s RTT mean=31055 min=30185 max=48036 n=29 to=0 | cancels=0(+0/s) seqbad=0 len_bad=0 disc=0(0x00) | tot_n=9801 tot_to=0 maxever=71927 >2ms=9801 >5ms=9801 >15ms=9796 >20ms=9718 >30ms=9452 | probes=9802 wrfail=0 down=4s maxout=4s
 406.181  t=404s RTT mean=30242 min=16191 max=46913 n=30 to=0 | cancels=0(+0/s) seqbad=0 len_bad=0 disc=0(0x00) | tot_n=9831 tot_to=0 maxever=71927 >2ms=9831 >5ms=9831 >15ms=9826 >20ms=9747 >30ms=9480 | probes=9832 wrfail=0 down=4s maxout=4s
 408.149  t=405s RTT mean=30242 min=16179 max=46930 n=30 to=0 | cancels=0(+0/s) seqbad=0 len_bad=0 disc=0(0x00) | tot_n=9861 tot_to=0 maxever=71927 >2ms=9861 >5ms=9861 >15ms=9856 >20ms=9776 >30ms=9508 | probes=9862 wrfail=0 down=4s maxout=4s
 408.149  t=406s RTT mean=30428 min=16188 max=46913 n=30 to=0 | cancels=0(+0/s) seqbad=0 len_bad=0 disc=0(0x00) | tot_n=9891 tot_to=0 maxever=71927 >2ms=9891 >5ms=9891 >15ms=9886 >20ms=9805 >30ms=9536 | probes=9892 wrfail=0 down=4s maxout=4s
 410.116  t=407s RTT mean=31199 min=30180 max=48037 n=29 to=0 | cancels=0(+0/s) seqbad=0 len_bad=0 disc=0(0x00) | tot_n=9920 tot_to=0 maxever=71927 >2ms=9920 >5ms=9920 >15ms=9915 >20ms=9834 >30ms=9565 | probes=9921 wrfail=0 down=4s maxout=4s
 410.173  t=408s RTT mean=30242 min=16190 max=46913 n=30 to=0 | cancels=0(+0/s) seqbad=0 len_bad=0 disc=0(0x00) | tot_n=9950 tot_to=0 maxever=71927 >2ms=9950 >5ms=9950 >15ms=9945 >20ms=9863 >30ms=9593 | probes=9951 wrfail=0 down=4s maxout=4s
 412.129  t=409s RTT mean=30242 min=16179 max=46930 n=30 to=0 | cancels=0(+0/s) seqbad=0 len_bad=0 disc=0(0x00) | tot_n=9980 tot_to=0 maxever=71927 >2ms=9980 >5ms=9980 >15ms=9975 >20ms=9892 >30ms=9621 | probes=9981 wrfail=0 down=4s maxout=4s
 412.181  t=410s RTT mean=30242 min=16186 max=46912 n=30 to=0 | cancels=0(+0/s) seqbad=0 len_bad=0 disc=0(0x00) | tot_n=10010 tot_to=0 maxever=71927 >2ms=10010 >5ms=10010 >15ms=10005 >20ms=9921 >30ms=9649 | probes=10011 wrfail=0 down=4s maxout=4s
 414.135  t=411s RTT mean=30289 min=16178 max=46930 n=30 to=0 | cancels=0(+0/s) seqbad=0 len_bad=0 disc=0(0x00) | tot_n=10040 tot_to=0 maxever=71927 >2ms=10040 >5ms=10040 >15ms=10035 >20ms=9950 >30ms=9677 | probes=10041 wrfail=0 down=4s maxout=4s
 414.195  t=412s RTT mean=31871 min=30189 max=48021 n=29 to=0 | cancels=0(+0/s) seqbad=0 len_bad=0 disc=0(0x00) | tot_n=10069 tot_to=0 maxever=71927 >2ms=10069 >5ms=10069 >15ms=10064 >20ms=9979 >30ms=9706 | probes=10069 wrfail=0 down=4s maxout=4s
 416.150  t=413s RTT mean=31781 min=25877 max=51088 n=28 to=0 | cancels=0(+0/s) seqbad=0 len_bad=0 disc=0(0x00) | tot_n=10097 tot_to=0 maxever=71927 >2ms=10097 >5ms=10097 >15ms=10092 >20ms=10007 >30ms=9733 | probes=10098 wrfail=0 down=4s maxout=4s
 416.150  t=414s RTT mean=31581 min=16190 max=48021 n=29 to=0 | cancels=0(+0/s) seqbad=0 len_bad=0 disc=0(0x00) | tot_n=10126 tot_to=0 maxever=71927 >2ms=10126 >5ms=10126 >15ms=10121 >20ms=10035 >30ms=9761 | probes=10127 wrfail=0 down=4s maxout=4s
 418.165  t=415s RTT mean=30335 min=10681 max=48039 n=30 to=0 | cancels=0(+0/s) seqbad=0 len_bad=0 disc=0(0x00) | tot_n=10156 tot_to=0 maxever=71927 >2ms=10156 >5ms=10156 >15ms=10150 >20ms=10064 >30ms=9790 | probes=10157 wrfail=0 down=4s maxout=4s
 418.165  t=416s RTT mean=30242 min=16187 max=46912 n=30 to=0 | cancels=0(+0/s) seqbad=0 len_bad=0 disc=0(0x00) | tot_n=10186 tot_to=0 maxever=71927 >2ms=10186 >5ms=10186 >15ms=10180 >20ms=10093 >30ms=9818 | probes=10187 wrfail=0 down=4s maxout=4s
 420.130  t=417s RTT mean=30242 min=16177 max=46930 n=30 to=0 | cancels=0(+0/s) seqbad=0 len_bad=0 disc=0(0x00) | tot_n=10216 tot_to=0 maxever=71927 >2ms=10216 >5ms=10216 >15ms=10210 >20ms=10122 >30ms=9846 | probes=10217 wrfail=0 down=4s maxout=4s
 420.181  t=418s RTT mean=31106 min=16188 max=48303 n=29 to=0 | cancels=0(+0/s) seqbad=0 len_bad=0 disc=0(0x00) | tot_n=10245 tot_to=0 maxever=71927 >2ms=10245 >5ms=10245 >15ms=10239 >20ms=10150 >30ms=9873 | probes=10246 wrfail=0 down=4s maxout=4s
 422.141  t=419s RTT mean=31391 min=23473 max=52403 n=29 to=0 | cancels=0(+0/s) seqbad=0 len_bad=0 disc=0(0x00) | tot_n=10274 tot_to=0 maxever=71927 >2ms=10274 >5ms=10274 >15ms=10268 >20ms=10179 >30ms=9901 | probes=10275 wrfail=0 down=4s maxout=4s
 422.141  t=420s RTT mean=30517 min=16183 max=48020 n=30 to=0 | cancels=0(+0/s) seqbad=0 len_bad=0 disc=0(0x00) | tot_n=10304 tot_to=0 maxever=71927 >2ms=10304 >5ms=10304 >15ms=10298 >20ms=10208 >30ms=9930 | probes=10305 wrfail=0 down=4s maxout=4s
 424.150  t=421s RTT mean=30474 min=16182 max=46925 n=30 to=0 | cancels=0(+0/s) seqbad=0 len_bad=0 disc=0(0x00) | tot_n=10334 tot_to=0 maxever=71927 >2ms=10334 >5ms=10334 >15ms=10328 >20ms=10237 >30ms=9958 | probes=10335 wrfail=0 down=4s maxout=4s
 424.150  t=422s RTT mean=31151 min=30189 max=48020 n=29 to=0 | cancels=0(+0/s) seqbad=0 len_bad=0 disc=0(0x00) | tot_n=10363 tot_to=0 maxever=71927 >2ms=10363 >5ms=10363 >15ms=10357 >20ms=10266 >30ms=9987 | probes=10364 wrfail=0 down=4s maxout=4s
 426.175  t=423s RTT mean=30242 min=16300 max=46810 n=30 to=0 | cancels=0(+0/s) seqbad=0 len_bad=0 disc=0(0x00) | tot_n=10393 tot_to=0 maxever=71927 >2ms=10393 >5ms=10393 >15ms=10387 >20ms=10295 >30ms=10015 | probes=10394 wrfail=0 down=4s maxout=4s
 426.175  t=424s RTT mean=31391 min=30182 max=48020 n=29 to=0 | cancels=0(+0/s) seqbad=0 len_bad=0 disc=0(0x00) | tot_n=10422 tot_to=0 maxever=71927 >2ms=10422 >5ms=10422 >15ms=10416 >20ms=10324 >30ms=10044 | probes=10423 wrfail=0 down=4s maxout=4s
 428.131  t=425s RTT mean=30884 min=16184 max=48037 n=30 to=0 | cancels=0(+0/s) seqbad=0 len_bad=0 disc=0(0x00) | tot_n=10452 tot_to=0 maxever=71927 >2ms=10452 >5ms=10452 >15ms=10446 >20ms=10353 >30ms=10073 | probes=10452 wrfail=0 down=4s maxout=4s
 428.131  PCTL target=150 tot=1774 to=0 p50=30 p90=31 p99=48 p99.9=52 max=53 g30=1687 g100=0 (ms/counts)
 428.131  LOADRAMP: cycle complete
 428.187  LOADRAMP: target=0 KBps for 60s
 428.187  t=426s RTT mean=46914 min=46910 max=46925 n=20 to=0 | cancels=0(+0/s) seqbad=0 len_bad=0 disc=0(0x00) | tot_n=10472 tot_to=0 maxever=71927 >2ms=10472 >5ms=10472 >15ms=10466 >20ms=10373 >30ms=10093 | probes=10472 wrfail=0 down=4s maxout=4s
 430.131  t=427s RTT mean=46915 min=46911 max=46943 n=20 to=0 | cancels=0(+0/s) seqbad=0 len_bad=0 disc=0(0x00) | tot_n=10492 tot_to=0 maxever=71927 >2ms=10492 >5ms=10492 >15ms=10486 >20ms=10393 >30ms=10113 | probes=10492 wrfail=0 down=4s maxout=4s
 430.190  t=428s RTT mean=46914 min=46910 max=46922 n=20 to=0 | cancels=0(+0/s) seqbad=0 len_bad=0 disc=0(0x00) | tot_n=10512 tot_to=0 maxever=71927 >2ms=10512 >5ms=10512 >15ms=10506 >20ms=10413 >30ms=10133 | probes=10512 wrfail=0 down=4s maxout=4s
 432.151  t=429s RTT mean=46914 min=46910 max=46929 n=20 to=0 | cancels=0(+0/s) seqbad=0 len_bad=0 disc=0(0x00) | tot_n=10532 tot_to=0 maxever=71927 >2ms=10532 >5ms=10532 >15ms=10526 >20ms=10433 >30ms=10153 | probes=10532 wrfail=0 down=4s maxout=4s
 432.151  t=430s RTT mean=46914 min=46910 max=46922 n=20 to=0 | cancels=0(+0/s) seqbad=0 len_bad=0 disc=0(0x00) | tot_n=10552 tot_to=0 maxever=71927 >2ms=10552 >5ms=10552 >15ms=10546 >20ms=10453 >30ms=10173 | probes=10552 wrfail=0 down=4s maxout=4s
 434.125  t=431s RTT mean=46915 min=46911 max=46930 n=20 to=0 | cancels=0(+0/s) seqbad=0 len_bad=0 disc=0(0x00) | tot_n=10572 tot_to=0 maxever=71927 >2ms=10572 >5ms=10572 >15ms=10566 >20ms=10473 >30ms=10193 | probes=10572 wrfail=0 down=4s maxout=4s
 434.179  t=432s RTT mean=46914 min=46910 max=46922 n=20 to=0 | cancels=0(+0/s) seqbad=0 len_bad=0 disc=0(0x00) | tot_n=10592 tot_to=0 maxever=71927 >2ms=10592 >5ms=10592 >15ms=10586 >20ms=10493 >30ms=10213 | probes=10592 wrfail=0 down=4s maxout=4s
 436.141  t=433s RTT mean=46915 min=46910 max=46930 n=20 to=0 | cancels=0(+0/s) seqbad=0 len_bad=0 disc=0(0x00) | tot_n=10612 tot_to=0 maxever=71927 >2ms=10612 >5ms=10612 >15ms=10606 >20ms=10513 >30ms=10233 | probes=10612 wrfail=0 down=4s maxout=4s
 436.142  t=434s RTT mean=46914 min=46910 max=46922 n=20 to=0 | cancels=0(+0/s) seqbad=0 len_bad=0 disc=0(0x00) | tot_n=10632 tot_to=0 maxever=71927 >2ms=10632 >5ms=10632 >15ms=10626 >20ms=10533 >30ms=10253 | probes=10632 wrfail=0 down=4s maxout=4s
 438.175  t=435s RTT mean=46915 min=46910 max=46929 n=20 to=0 | cancels=0(+0/s) seqbad=0 len_bad=0 disc=0(0x00) | tot_n=10652 tot_to=0 maxever=71927 >2ms=10652 >5ms=10652 >15ms=10646 >20ms=10553 >30ms=10273 | probes=10652 wrfail=0 down=4s maxout=4s
 438.175  t=436s RTT mean=46914 min=46911 max=46922 n=20 to=0 | cancels=0(+0/s) seqbad=0 len_bad=0 disc=0(0x00) | tot_n=10672 tot_to=0 maxever=71927 >2ms=10672 >5ms=10672 >15ms=10666 >20ms=10573 >30ms=10293 | probes=10672 wrfail=0 down=4s maxout=4s
 440.130  t=437s RTT mean=46915 min=46910 max=46930 n=20 to=0 | cancels=0(+0/s) seqbad=0 len_bad=0 disc=0(0x00) | tot_n=10692 tot_to=0 maxever=71927 >2ms=10692 >5ms=10692 >15ms=10686 >20ms=10593 >30ms=10313 | probes=10692 wrfail=0 down=4s maxout=4s
 440.188  t=438s RTT mean=46914 min=46911 max=46922 n=20 to=0 | cancels=0(+0/s) seqbad=0 len_bad=0 disc=0(0x00) | tot_n=10712 tot_to=0 maxever=71927 >2ms=10712 >5ms=10712 >15ms=10706 >20ms=10613 >30ms=10333 | probes=10712 wrfail=0 down=4s maxout=4s
 442.167  t=439s RTT mean=46914 min=46910 max=46930 n=20 to=0 | cancels=0(+0/s) seqbad=0 len_bad=0 disc=0(0x00) | tot_n=10732 tot_to=0 maxever=71927 >2ms=10732 >5ms=10732 >15ms=10726 >20ms=10633 >30ms=10353 | probes=10732 wrfail=0 down=4s maxout=4s
 442.167  t=440s RTT mean=46913 min=46911 max=46920 n=20 to=0 | cancels=0(+0/s) seqbad=0 len_bad=0 disc=0(0x00) | tot_n=10752 tot_to=0 maxever=71927 >2ms=10752 >5ms=10752 >15ms=10746 >20ms=10653 >30ms=10373 | probes=10752 wrfail=0 down=4s maxout=4s
 444.132  t=441s RTT mean=46914 min=46910 max=46933 n=20 to=0 | cancels=0(+0/s) seqbad=0 len_bad=0 disc=0(0x00) | tot_n=10772 tot_to=0 maxever=71927 >2ms=10772 >5ms=10772 >15ms=10766 >20ms=10673 >30ms=10393 | probes=10772 wrfail=0 down=4s maxout=4s
 444.193  t=442s RTT mean=46914 min=46911 max=46921 n=20 to=0 | cancels=0(+0/s) seqbad=0 len_bad=0 disc=0(0x00) | tot_n=10792 tot_to=0 maxever=71927 >2ms=10792 >5ms=10792 >15ms=10786 >20ms=10693 >30ms=10413 | probes=10792 wrfail=0 down=4s maxout=4s
 446.142  t=443s RTT mean=46914 min=46911 max=46933 n=20 to=0 | cancels=0(+0/s) seqbad=0 len_bad=0 disc=0(0x00) | tot_n=10812 tot_to=0 maxever=71927 >2ms=10812 >5ms=10812 >15ms=10806 >20ms=10713 >30ms=10433 | probes=10812 wrfail=0 down=4s maxout=4s
 446.142  t=444s RTT mean=46911 min=46879 max=46916 n=20 to=0 | cancels=0(+0/s) seqbad=0 len_bad=0 disc=0(0x00) | tot_n=10832 tot_to=0 maxever=71927 >2ms=10832 >5ms=10832 >15ms=10826 >20ms=10733 >30ms=10453 | probes=10833 wrfail=0 down=4s maxout=4s
 448.125  t=445s RTT mean=46913 min=46911 max=46920 n=20 to=0 | cancels=0(+0/s) seqbad=0 len_bad=0 disc=0(0x00) | tot_n=10852 tot_to=0 maxever=71927 >2ms=10852 >5ms=10852 >15ms=10846 >20ms=10753 >30ms=10473 | probes=10853 wrfail=0 down=4s maxout=4s
 448.181  t=446s RTT mean=46913 min=46911 max=46918 n=20 to=0 | cancels=0(+0/s) seqbad=0 len_bad=0 disc=0(0x00) | tot_n=10872 tot_to=0 maxever=71927 >2ms=10872 >5ms=10872 >15ms=10866 >20ms=10773 >30ms=10493 | probes=10873 wrfail=0 down=4s maxout=4s
