   1.853  t=1s RTT mean=0 min=0 max=0 n=0 to=0 | cancels=0(+0/s) seqbad=0 len_bad=0 disc=0(0x00) | tot_n=0 tot_to=0 maxever=0 >2ms=0 >5ms=0 >15ms=0 >20ms=0 >30ms=0 | probes=0 wrfail=0 down=1s maxout=1s
   1.854  Q2CONN AA=5e6b055f CRCINIT=7f6120 hop=11 chan_count=37 map=ffffffff1f
   1.854  GAP connected interval=25000
   1.854  MTU err=0 mtu=247
   1.854  t=2s RTT mean=0 min=0 max=0 n=0 to=0 | cancels=0(+0/s) seqbad=0 len_bad=0 disc=0(0x00) | tot_n=0 tot_to=0 maxever=0 >2ms=0 >5ms=0 >15ms=0 >20ms=0 >30ms=0 | probes=0 wrfail=0 down=2s maxout=2s
   2.034  *** Booting Zephyr OS build v4.4.2-16-gfee9fbc62095 ***
   2.034  [00:01:58.675,143] [0m<inf> bt_hci_core: HW Platform: Nordic Semiconductor (0x0002)[0m
   2.034  [00:01:58.675,155] [0m<inf> bt_hci_core: HW Variant: nRF54Lx (0x0005)[0m
   2.034  [00:01:58.675,167] [0m<inf> bt_hci_core: Firmware: Standard Bluetooth controller (0x00) Version 4.4 Build 2[0m
   2.093  [00:01:58.675,511] [0m<inf> bt_hci_core: HCI transport: Controller[0m
   2.093  [00:01:58.675,558] [0m<inf> bt_hci_core: Identity: FC:BE:FF:FA:E6:8B (random)[0m
   2.093  [00:01:58.675,574] [0m<inf> bt_hci_core: HCI: version 5.4 (0x0d) revision 0x0000, manufacturer 0x05f1[0m
   2.093  [00:01:58.675,588] [0m<inf> bt_hci_core: LMP: version 5.4 (0x0d) subver 0xffff[0m
   2.093  
   2.093  === nRF54L15 RTT ping-pong CENTRAL ===
   2.093  scan rc=0
   4.039  t=1s RTT mean=0 min=0 max=0 n=0 to=0 | cancels=0(+0/s) seqbad=0 len_bad=0 disc=0(0x00) | tot_n=0 tot_to=0 maxever=0 >2ms=0 >5ms=0 >15ms=0 >20ms=0 >30ms=0 | probes=0 wrfail=0 down=1s maxout=1s
   4.039  t=2s RTT mean=0 min=0 max=0 n=0 to=0 | cancels=0(+0/s) seqbad=0 len_bad=0 disc=0(0x00) | tot_n=0 tot_to=0 maxever=0 >2ms=0 >5ms=0 >15ms=0 >20ms=0 >30ms=0 | probes=0 wrfail=0 down=2s maxout=2s
   6.062  t=3s RTT mean=0 min=0 max=0 n=0 to=0 | cancels=0(+0/s) seqbad=0 len_bad=0 disc=0(0x00) | tot_n=0 tot_to=0 maxever=0 >2ms=0 >5ms=0 >15ms=0 >20ms=0 >30ms=0 | probes=0 wrfail=0 down=3s maxout=3s
   6.062  Q2CONN AA=af438981 CRCINIT=bcd65a hop=8 chan_count=37 map=ffffffff1f
   6.062  GAP connected interval=25000
   6.062  t=4s RTT mean=0 min=0 max=0 n=0 to=0 | cancels=0(+0/s) seqbad=0 len_bad=0 disc=0(0x00) | tot_n=0 tot_to=0 maxever=0 >2ms=0 >5ms=0 >15ms=0 >20ms=0 >30ms=0 | probes=0 wrfail=0 down=4s maxout=4s
   6.928  [00:02:02.747,939] [1;33m<wrn> bt_conn: conn 0x20000f58 failed to establish. RF noise?[0m
   6.928  [00:02:02.748,028] [1;33m<wrn> bt_att: Not connected[0m
   6.928  MTU err=14 mtu=0
   6.928  GAP disconnected 0x3e
   6.928  scan rc=0
   6.928  Q2CONN AA=a675fa90 CRCINIT=23f1b7 hop=11 chan_count=37 map=ffffffff1f
   6.928  GAP connected interval=25000
   6.928  MTU err=0 mtu=247
   6.928  PHY tx=2 rx=2
   6.928  discovery start (post-PHY +500ms) interval=25000 phy2m=1
   8.039  t=5s RTT mean=0 min=0 max=0 n=0 to=0 | cancels=0(+0/s) seqbad=0 len_bad=0 disc=1(0x3e) | tot_n=0 tot_to=0 maxever=0 >2ms=0 >5ms=0 >15ms=0 >20ms=0 >30ms=0 | probes=0 wrfail=0 down=5s maxout=5s
   8.039  SUBSCRIBED, vh=14
   8.039  LOADRAMP: bulk char handle=17
   8.039  LOADRAMP: target=0 KBps for 60s
   8.097  t=6s RTT mean=45873 min=27228 max=46921 n=19 to=0 | cancels=0(+0/s) seqbad=0 len_bad=0 disc=1(0x3e) | tot_n=19 tot_to=0 maxever=46921 >2ms=19 >5ms=19 >15ms=19 >20ms=19 >30ms=18 | probes=20 wrfail=0 down=5s maxout=5s
  10.063  t=7s RTT mean=46914 min=46910 max=46929 n=20 to=0 | cancels=0(+0/s) seqbad=0 len_bad=0 disc=1(0x3e) | tot_n=39 tot_to=0 maxever=46929 >2ms=39 >5ms=39 >15ms=39 >20ms=39 >30ms=38 | probes=40 wrfail=0 down=5s maxout=5s
  10.064  t=8s RTT mean=46914 min=46910 max=46921 n=20 to=0 | cancels=0(+0/s) seqbad=0 len_bad=0 disc=1(0x3e) | tot_n=59 tot_to=0 maxever=46929 >2ms=59 >5ms=59 >15ms=59 >20ms=59 >30ms=58 | probes=60 wrfail=0 down=5s maxout=5s
  10.064  FSU: request [52..52] us (ACL both dirs, 1M+2M) rc=0
  11.092  FSU: updated status=0x00 spacing=52 us phys=0x3 types=0x3 initiator=0
  11.092  t=9s RTT mean=46909 min=46789 max=46953 n=20 to=0 | cancels=0(+0/s) seqbad=0 len_bad=0 disc=1(0x3e) | tot_n=79 tot_to=0 maxever=46953 >2ms=79 >5ms=79 >15ms=79 >20ms=79 >30ms=78 | probes=80 wrfail=0 down=5s maxout=5s
  13.058  t=10s RTT mean=46914 min=46910 max=46921 n=20 to=0 | cancels=0(+0/s) seqbad=0 len_bad=0 disc=1(0x3e) | tot_n=99 tot_to=0 maxever=46953 >2ms=99 >5ms=99 >15ms=99 >20ms=99 >30ms=98 | probes=100 wrfail=0 down=5s maxout=5s
  13.058  t=11s RTT mean=46914 min=46910 max=46922 n=20 to=0 | cancels=0(+0/s) seqbad=0 len_bad=0 disc=1(0x3e) | tot_n=119 tot_to=0 maxever=46953 >2ms=119 >5ms=119 >15ms=119 >20ms=119 >30ms=118 | probes=120 wrfail=0 down=5s maxout=5s
  15.024  t=12s RTT mean=46914 min=46910 max=46929 n=20 to=0 | cancels=0(+0/s) seqbad=0 len_bad=0 disc=1(0x3e) | tot_n=139 tot_to=0 maxever=46953 >2ms=139 >5ms=139 >15ms=139 >20ms=139 >30ms=138 | probes=140 wrfail=0 down=5s maxout=5s
  15.078  t=13s RTT mean=46913 min=46911 max=46922 n=20 to=0 | cancels=0(+0/s) seqbad=0 len_bad=0 disc=1(0x3e) | tot_n=159 tot_to=0 maxever=46953 >2ms=159 >5ms=159 >15ms=159 >20ms=159 >30ms=158 | probes=160 wrfail=0 down=5s maxout=5s
  17.063  t=14s RTT mean=46914 min=46911 max=46930 n=20 to=0 | cancels=0(+0/s) seqbad=0 len_bad=0 disc=1(0x3e) | tot_n=179 tot_to=0 maxever=46953 >2ms=179 >5ms=179 >15ms=179 >20ms=179 >30ms=178 | probes=180 wrfail=0 down=5s maxout=5s
  17.064  t=15s RTT mean=46913 min=46910 max=46922 n=20 to=0 | cancels=0(+0/s) seqbad=0 len_bad=0 disc=1(0x3e) | tot_n=199 tot_to=0 maxever=46953 >2ms=199 >5ms=199 >15ms=199 >20ms=199 >30ms=198 | probes=200 wrfail=0 down=5s maxout=5s
  19.054  t=16s RTT mean=46914 min=46910 max=46929 n=20 to=0 | cancels=0(+0/s) seqbad=0 len_bad=0 disc=1(0x3e) | tot_n=219 tot_to=0 maxever=46953 >2ms=219 >5ms=219 >15ms=219 >20ms=219 >30ms=218 | probes=220 wrfail=0 down=5s maxout=5s
  19.054  t=17s RTT mean=46913 min=46911 max=46922 n=20 to=0 | cancels=0(+0/s) seqbad=0 len_bad=0 disc=1(0x3e) | tot_n=239 tot_to=0 maxever=46953 >2ms=239 >5ms=239 >15ms=239 >20ms=239 >30ms=238 | probes=240 wrfail=0 down=5s maxout=5s
  21.047  t=18s RTT mean=46914 min=46911 max=46929 n=20 to=0 | cancels=0(+0/s) seqbad=0 len_bad=0 disc=1(0x3e) | tot_n=259 tot_to=0 maxever=46953 >2ms=259 >5ms=259 >15ms=259 >20ms=259 >30ms=258 | probes=260 wrfail=0 down=5s maxout=5s
  21.047  t=19s RTT mean=46913 min=46910 max=46922 n=20 to=0 | cancels=0(+0/s) seqbad=0 len_bad=0 disc=1(0x3e) | tot_n=279 tot_to=0 maxever=46953 >2ms=279 >5ms=279 >15ms=279 >20ms=279 >30ms=278 | probes=280 wrfail=0 down=5s maxout=5s
  23.066  t=20s RTT mean=46914 min=46911 max=46929 n=20 to=0 | cancels=0(+0/s) seqbad=0 len_bad=0 disc=1(0x3e) | tot_n=299 tot_to=0 maxever=46953 >2ms=299 >5ms=299 >15ms=299 >20ms=299 >30ms=298 | probes=300 wrfail=0 down=5s maxout=5s
  23.066  t=21s RTT mean=46913 min=46910 max=46922 n=20 to=0 | cancels=0(+0/s) seqbad=0 len_bad=0 disc=1(0x3e) | tot_n=319 tot_to=0 maxever=46953 >2ms=319 >5ms=319 >15ms=319 >20ms=319 >30ms=318 | probes=320 wrfail=0 down=5s maxout=5s
  25.074  t=22s RTT mean=46914 min=46911 max=46929 n=20 to=0 | cancels=0(+0/s) seqbad=0 len_bad=0 disc=1(0x3e) | tot_n=339 tot_to=0 maxever=46953 >2ms=339 >5ms=339 >15ms=339 >20ms=339 >30ms=338 | probes=340 wrfail=0 down=5s maxout=5s
  25.074  t=23s RTT mean=46913 min=46910 max=46921 n=20 to=0 | cancels=0(+0/s) seqbad=0 len_bad=0 disc=1(0x3e) | tot_n=359 tot_to=0 maxever=46953 >2ms=359 >5ms=359 >15ms=359 >20ms=359 >30ms=358 | probes=360 wrfail=0 down=5s maxout=5s
  27.030  t=24s RTT mean=46914 min=46911 max=46929 n=20 to=0 | cancels=0(+0/s) seqbad=0 len_bad=0 disc=1(0x3e) | tot_n=379 tot_to=0 maxever=46953 >2ms=379 >5ms=379 >15ms=379 >20ms=379 >30ms=378 | probes=380 wrfail=0 down=5s maxout=5s
  27.091  t=25s RTT mean=46913 min=46911 max=46921 n=20 to=0 | cancels=0(+0/s) seqbad=0 len_bad=0 disc=1(0x3e) | tot_n=399 tot_to=0 maxever=46953 >2ms=399 >5ms=399 >15ms=399 >20ms=399 >30ms=398 | probes=400 wrfail=0 down=5s maxout=5s
  29.031  t=26s RTT mean=46914 min=46910 max=46929 n=20 to=0 | cancels=0(+0/s) seqbad=0 len_bad=0 disc=1(0x3e) | tot_n=419 tot_to=0 maxever=46953 >2ms=419 >5ms=419 >15ms=419 >20ms=419 >30ms=418 | probes=420 wrfail=0 down=5s maxout=5s
  29.091  t=27s RTT mean=46913 min=46911 max=46921 n=20 to=0 | cancels=0(+0/s) seqbad=0 len_bad=0 disc=1(0x3e) | tot_n=439 tot_to=0 maxever=46953 >2ms=439 >5ms=439 >15ms=439 >20ms=439 >30ms=438 | probes=440 wrfail=0 down=5s maxout=5s
  31.043  t=28s RTT mean=46914 min=46910 max=46929 n=20 to=0 | cancels=0(+0/s) seqbad=0 len_bad=0 disc=1(0x3e) | tot_n=459 tot_to=0 maxever=46953 >2ms=459 >5ms=459 >15ms=459 >20ms=459 >30ms=458 | probes=460 wrfail=0 down=5s maxout=5s
  31.095  t=29s RTT mean=46913 min=46910 max=46921 n=20 to=0 | cancels=0(+0/s) seqbad=0 len_bad=0 disc=1(0x3e) | tot_n=479 tot_to=0 maxever=46953 >2ms=479 >5ms=479 >15ms=479 >20ms=479 >30ms=478 | probes=480 wrfail=0 down=5s maxout=5s
  33.047  t=30s RTT mean=46914 min=46910 max=46929 n=20 to=0 | cancels=0(+0/s) seqbad=0 len_bad=0 disc=1(0x3e) | tot_n=499 tot_to=0 maxever=46953 >2ms=499 >5ms=499 >15ms=499 >20ms=499 >30ms=498 | probes=500 wrfail=0 down=5s maxout=5s
  33.047  t=31s RTT mean=46913 min=46911 max=46921 n=20 to=0 | cancels=0(+0/s) seqbad=0 len_bad=0 disc=1(0x3e) | tot_n=519 tot_to=0 maxever=46953 >2ms=519 >5ms=519 >15ms=519 >20ms=519 >30ms=518 | probes=520 wrfail=0 down=5s maxout=5s
  35.081  t=32s RTT mean=46914 min=46910 max=46930 n=20 to=0 | cancels=0(+0/s) seqbad=0 len_bad=0 disc=1(0x3e) | tot_n=539 tot_to=0 maxever=46953 >2ms=539 >5ms=539 >15ms=539 >20ms=539 >30ms=538 | probes=540 wrfail=0 down=5s maxout=5s
  35.081  t=33s RTT mean=46913 min=46911 max=46922 n=20 to=0 | cancels=0(+0/s) seqbad=0 len_bad=0 disc=1(0x3e) | tot_n=559 tot_to=0 maxever=46953 >2ms=559 >5ms=559 >15ms=559 >20ms=559 >30ms=558 | probes=560 wrfail=0 down=5s maxout=5s
  37.040  t=34s RTT mean=46914 min=46910 max=46929 n=20 to=0 | cancels=0(+0/s) seqbad=0 len_bad=0 disc=1(0x3e) | tot_n=579 tot_to=0 maxever=46953 >2ms=579 >5ms=579 >15ms=579 >20ms=579 >30ms=578 | probes=580 wrfail=0 down=5s maxout=5s
  37.097  t=35s RTT mean=46913 min=46910 max=46922 n=20 to=0 | cancels=0(+0/s) seqbad=0 len_bad=0 disc=1(0x3e) | tot_n=599 tot_to=0 maxever=46953 >2ms=599 >5ms=599 >15ms=599 >20ms=599 >30ms=598 | probes=600 wrfail=0 down=5s maxout=5s
  39.066  t=36s RTT mean=46914 min=46910 max=46930 n=20 to=0 | cancels=0(+0/s) seqbad=0 len_bad=0 disc=1(0x3e) | tot_n=619 tot_to=0 maxever=46953 >2ms=619 >5ms=619 >15ms=619 >20ms=619 >30ms=618 | probes=620 wrfail=0 down=5s maxout=5s
  39.066  t=37s RTT mean=46913 min=46910 max=46922 n=20 to=0 | cancels=0(+0/s) seqbad=0 len_bad=0 disc=1(0x3e) | tot_n=639 tot_to=0 maxever=46953 >2ms=639 >5ms=639 >15ms=639 >20ms=639 >30ms=638 | probes=640 wrfail=0 down=5s maxout=5s
  41.063  t=38s RTT mean=46914 min=46911 max=46929 n=20 to=0 | cancels=0(+0/s) seqbad=0 len_bad=0 disc=1(0x3e) | tot_n=659 tot_to=0 maxever=46953 >2ms=659 >5ms=659 >15ms=659 >20ms=659 >30ms=658 | probes=660 wrfail=0 down=5s maxout=5s
  41.064  t=39s RTT mean=46913 min=46910 max=46922 n=20 to=0 | cancels=0(+0/s) seqbad=0 len_bad=0 disc=1(0x3e) | tot_n=679 tot_to=0 maxever=46953 >2ms=679 >5ms=679 >15ms=679 >20ms=679 >30ms=678 | probes=680 wrfail=0 down=5s maxout=5s
  43.047  t=40s RTT mean=46914 min=46911 max=46928 n=20 to=0 | cancels=0(+0/s) seqbad=0 len_bad=0 disc=1(0x3e) | tot_n=699 tot_to=0 maxever=46953 >2ms=699 >5ms=699 >15ms=699 >20ms=699 >30ms=698 | probes=700 wrfail=0 down=5s maxout=5s
  43.047  t=41s RTT mean=46913 min=46910 max=46922 n=20 to=0 | cancels=0(+0/s) seqbad=0 len_bad=0 disc=1(0x3e) | tot_n=719 tot_to=0 maxever=46953 >2ms=719 >5ms=719 >15ms=719 >20ms=719 >30ms=718 | probes=720 wrfail=0 down=5s maxout=5s
  45.063  t=42s RTT mean=46914 min=46911 max=46928 n=20 to=0 | cancels=0(+0/s) seqbad=0 len_bad=0 disc=1(0x3e) | tot_n=739 tot_to=0 maxever=46953 >2ms=739 >5ms=739 >15ms=739 >20ms=739 >30ms=738 | probes=740 wrfail=0 down=5s maxout=5s
  45.064  t=43s RTT mean=46913 min=46911 max=46921 n=20 to=0 | cancels=0(+0/s) seqbad=0 len_bad=0 disc=1(0x3e) | tot_n=759 tot_to=0 maxever=46953 >2ms=759 >5ms=759 >15ms=759 >20ms=759 >30ms=758 | probes=760 wrfail=0 down=5s maxout=5s
  47.080  t=44s RTT mean=46914 min=46909 max=46928 n=20 to=0 | cancels=0(+0/s) seqbad=0 len_bad=0 disc=1(0x3e) | tot_n=779 tot_to=0 maxever=46953 >2ms=779 >5ms=779 >15ms=779 >20ms=779 >30ms=778 | probes=780 wrfail=0 down=5s maxout=5s
  47.080  t=45s RTT mean=46913 min=46911 max=46917 n=20 to=0 | cancels=0(+0/s) seqbad=0 len_bad=0 disc=1(0x3e) | tot_n=799 tot_to=0 maxever=46953 >2ms=799 >5ms=799 >15ms=799 >20ms=799 >30ms=798 | probes=800 wrfail=0 down=5s maxout=5s
  49.041  t=46s RTT mean=46914 min=46907 max=46928 n=20 to=0 | cancels=0(+0/s) seqbad=0 len_bad=0 disc=1(0x3e) | tot_n=819 tot_to=0 maxever=46953 >2ms=819 >5ms=819 >15ms=819 >20ms=819 >30ms=818 | probes=820 wrfail=0 down=5s maxout=5s
  49.102  t=47s RTT mean=46913 min=46911 max=46916 n=20 to=0 | cancels=0(+0/s) seqbad=0 len_bad=0 disc=1(0x3e) | tot_n=839 tot_to=0 maxever=46953 >2ms=839 >5ms=839 >15ms=839 >20ms=839 >30ms=838 | probes=840 wrfail=0 down=5s maxout=5s
  51.063  t=48s RTT mean=46914 min=46908 max=46928 n=20 to=0 | cancels=0(+0/s) seqbad=0 len_bad=0 disc=1(0x3e) | tot_n=859 tot_to=0 maxever=46953 >2ms=859 >5ms=859 >15ms=859 >20ms=859 >30ms=858 | probes=860 wrfail=0 down=5s maxout=5s
  51.064  t=49s RTT mean=46913 min=46911 max=46916 n=20 to=0 | cancels=0(+0/s) seqbad=0 len_bad=0 disc=1(0x3e) | tot_n=879 tot_to=0 maxever=46953 >2ms=879 >5ms=879 >15ms=879 >20ms=879 >30ms=878 | probes=880 wrfail=0 down=5s maxout=5s
  53.047  t=50s RTT mean=46914 min=46907 max=46928 n=20 to=0 | cancels=0(+0/s) seqbad=0 len_bad=0 disc=1(0x3e) | tot_n=899 tot_to=0 maxever=46953 >2ms=899 >5ms=899 >15ms=899 >20ms=899 >30ms=898 | probes=900 wrfail=0 down=5s maxout=5s
  53.099  t=51s RTT mean=46913 min=46911 max=46916 n=20 to=0 | cancels=0(+0/s) seqbad=0 len_bad=0 disc=1(0x3e) | tot_n=919 tot_to=0 maxever=46953 >2ms=919 >5ms=919 >15ms=919 >20ms=919 >30ms=918 | probes=920 wrfail=0 down=5s maxout=5s
  55.073  t=52s RTT mean=46913 min=46907 max=46928 n=20 to=0 | cancels=0(+0/s) seqbad=0 len_bad=0 disc=1(0x3e) | tot_n=939 tot_to=0 maxever=46953 >2ms=939 >5ms=939 >15ms=939 >20ms=939 >30ms=938 | probes=940 wrfail=0 down=5s maxout=5s
  55.074  t=53s RTT mean=46913 min=46911 max=46916 n=20 to=0 | cancels=0(+0/s) seqbad=0 len_bad=0 disc=1(0x3e) | tot_n=959 tot_to=0 maxever=46953 >2ms=959 >5ms=959 >15ms=959 >20ms=959 >30ms=958 | probes=960 wrfail=0 down=5s maxout=5s
  57.030  t=54s RTT mean=46913 min=46907 max=46928 n=20 to=0 | cancels=0(+0/s) seqbad=0 len_bad=0 disc=1(0x3e) | tot_n=979 tot_to=0 maxever=46953 >2ms=979 >5ms=979 >15ms=979 >20ms=979 >30ms=978 | probes=980 wrfail=0 down=5s maxout=5s
  57.090  t=55s RTT mean=46913 min=46910 max=46916 n=20 to=0 | cancels=0(+0/s) seqbad=0 len_bad=0 disc=1(0x3e) | tot_n=999 tot_to=0 maxever=46953 >2ms=999 >5ms=999 >15ms=999 >20ms=999 >30ms=998 | probes=1000 wrfail=0 down=5s maxout=5s
  59.039  t=56s RTT mean=46913 min=46907 max=46928 n=20 to=0 | cancels=0(+0/s) seqbad=0 len_bad=0 disc=1(0x3e) | tot_n=1019 tot_to=0 maxever=46953 >2ms=1019 >5ms=1019 >15ms=1019 >20ms=1019 >30ms=1018 | probes=1020 wrfail=0 down=5s maxout=5s
  59.095  t=57s RTT mean=46913 min=46911 max=46916 n=20 to=0 | cancels=0(+0/s) seqbad=0 len_bad=0 disc=1(0x3e) | tot_n=1039 tot_to=0 maxever=46953 >2ms=1039 >5ms=1039 >15ms=1039 >20ms=1039 >30ms=1038 | probes=1040 wrfail=0 down=5s maxout=5s
  61.074  t=58s RTT mean=46913 min=46908 max=46928 n=20 to=0 | cancels=0(+0/s) seqbad=0 len_bad=0 disc=1(0x3e) | tot_n=1059 tot_to=0 maxever=46953 >2ms=1059 >5ms=1059 >15ms=1059 >20ms=1059 >30ms=1058 | probes=1060 wrfail=0 down=5s maxout=5s
  61.074  t=59s RTT mean=46913 min=46911 max=46916 n=20 to=0 | cancels=0(+0/s) seqbad=0 len_bad=0 disc=1(0x3e) | tot_n=1079 tot_to=0 maxever=46953 >2ms=1079 >5ms=1079 >15ms=1079 >20ms=1079 >30ms=1078 | probes=1080 wrfail=0 down=5s maxout=5s
  63.062  t=60s RTT mean=46913 min=46908 max=46929 n=20 to=0 | cancels=0(+0/s) seqbad=0 len_bad=0 disc=1(0x3e) | tot_n=1099 tot_to=0 maxever=46953 >2ms=1099 >5ms=1099 >15ms=1099 >20ms=1099 >30ms=1098 | probes=1100 wrfail=0 down=5s maxout=5s
  63.062  t=61s RTT mean=46913 min=46911 max=46917 n=20 to=0 | cancels=0(+0/s) seqbad=0 len_bad=0 disc=1(0x3e) | tot_n=1119 tot_to=0 maxever=46953 >2ms=1119 >5ms=1119 >15ms=1119 >20ms=1119 >30ms=1118 | probes=1120 wrfail=0 down=5s maxout=5s
  65.075  t=62s RTT mean=46913 min=46909 max=46928 n=20 to=0 | cancels=0(+0/s) seqbad=0 len_bad=0 disc=1(0x3e) | tot_n=1139 tot_to=0 maxever=46953 >2ms=1139 >5ms=1139 >15ms=1139 >20ms=1139 >30ms=1138 | probes=1140 wrfail=0 down=5s maxout=5s
  65.075  t=63s RTT mean=46913 min=46911 max=46917 n=20 to=0 | cancels=0(+0/s) seqbad=0 len_bad=0 disc=1(0x3e) | tot_n=1159 tot_to=0 maxever=46953 >2ms=1159 >5ms=1159 >15ms=1159 >20ms=1159 >30ms=1158 | probes=1160 wrfail=0 down=5s maxout=5s
  67.074  t=64s RTT mean=46913 min=46909 max=46929 n=20 to=0 | cancels=0(+0/s) seqbad=0 len_bad=0 disc=1(0x3e) | tot_n=1179 tot_to=0 maxever=46953 >2ms=1179 >5ms=1179 >15ms=1179 >20ms=1179 >30ms=1178 | probes=1180 wrfail=0 down=5s maxout=5s
  67.074  t=65s RTT mean=46913 min=46911 max=46916 n=20 to=0 | cancels=0(+0/s) seqbad=0 len_bad=0 disc=1(0x3e) | tot_n=1199 tot_to=0 maxever=46953 >2ms=1199 >5ms=1199 >15ms=1199 >20ms=1199 >30ms=1198 | probes=1200 wrfail=0 down=5s maxout=5s
  68.275  PCTL target=0 tot=1200 to=0 p50=46 p90=46 p99=46 p99.9=46 max=46 g30=1200 g100=0 (ms/counts)
  68.275  LOADRAMP: target=25 KBps for 60s
  68.275  t=66s RTT mean=42367 min=25497 max=48019 n=22 to=0 | cancels=0(+0/s) seqbad=0 len_bad=0 disc=1(0x3e) | tot_n=1221 tot_to=0 maxever=48019 >2ms=1221 >5ms=1221 >15ms=1221 >20ms=1221 >30ms=1216 | probes=1222 wrfail=0 down=5s maxout=5s
  70.047  t=67s RTT mean=43341 min=25497 max=56194 n=21 to=0 | cancels=0(+0/s) seqbad=0 len_bad=0 disc=1(0x3e) | tot_n=1242 tot_to=0 maxever=56194 >2ms=1242 >5ms=1242 >15ms=1242 >20ms=1242 >30ms=1233 | probes=1243 wrfail=0 down=5s maxout=5s
  70.099  t=68s RTT mean=41478 min=23278 max=46917 n=23 to=0 | cancels=0(+0/s) seqbad=0 len_bad=0 disc=1(0x3e) | tot_n=1265 tot_to=0 maxever=56194 >2ms=1265 >5ms=1265 >15ms=1265 >20ms=1265 >30ms=1251 | probes=1266 wrfail=0 down=5s maxout=5s
  72.066  t=69s RTT mean=42367 min=25488 max=48020 n=22 to=0 | cancels=0(+0/s) seqbad=0 len_bad=0 disc=1(0x3e) | tot_n=1287 tot_to=0 maxever=56194 >2ms=1287 >5ms=1287 >15ms=1287 >20ms=1287 >30ms=1269 | probes=1288 wrfail=0 down=5s maxout=5s
  72.066  t=70s RTT mean=42367 min=25497 max=48021 n=22 to=0 | cancels=0(+0/s) seqbad=0 len_bad=0 disc=1(0x3e) | tot_n=1309 tot_to=0 maxever=56194 >2ms=1309 >5ms=1309 >15ms=1309 >20ms=1309 >30ms=1287 | probes=1310 wrfail=0 down=5s maxout=5s
  74.080  t=71s RTT mean=42367 min=25496 max=48019 n=22 to=0 | cancels=0(+0/s) seqbad=0 len_bad=0 disc=1(0x3e) | tot_n=1331 tot_to=0 maxever=56194 >2ms=1331 >5ms=1331 >15ms=1331 >20ms=1331 >30ms=1305 | probes=1332 wrfail=0 down=5s maxout=5s
  74.080  t=72s RTT mean=42367 min=25497 max=48020 n=22 to=0 | cancels=0(+0/s) seqbad=0 len_bad=0 disc=1(0x3e) | tot_n=1353 tot_to=0 maxever=56194 >2ms=1353 >5ms=1353 >15ms=1353 >20ms=1353 >30ms=1323 | probes=1354 wrfail=0 down=5s maxout=5s
  76.086  t=73s RTT mean=42367 min=25496 max=48020 n=22 to=0 | cancels=0(+0/s) seqbad=0 len_bad=0 disc=1(0x3e) | tot_n=1375 tot_to=0 maxever=56194 >2ms=1375 >5ms=1375 >15ms=1375 >20ms=1375 >30ms=1341 | probes=1376 wrfail=0 down=5s maxout=5s
  76.086  t=74s RTT mean=42367 min=25496 max=48020 n=22 to=0 | cancels=0(+0/s) seqbad=0 len_bad=0 disc=1(0x3e) | tot_n=1397 tot_to=0 maxever=56194 >2ms=1397 >5ms=1397 >15ms=1397 >20ms=1397 >30ms=1359 | probes=1398 wrfail=0 down=5s maxout=5s
  78.040  t=75s RTT mean=42367 min=25497 max=48020 n=22 to=0 | cancels=0(+0/s) seqbad=0 len_bad=0 disc=1(0x3e) | tot_n=1419 tot_to=0 maxever=56194 >2ms=1419 >5ms=1419 >15ms=1419 >20ms=1419 >30ms=1377 | probes=1420 wrfail=0 down=5s maxout=5s
  78.097  t=76s RTT mean=42367 min=25497 max=48020 n=22 to=0 | cancels=0(+0/s) seqbad=0 len_bad=0 disc=1(0x3e) | tot_n=1441 tot_to=0 maxever=56194 >2ms=1441 >5ms=1441 >15ms=1441 >20ms=1441 >30ms=1395 | probes=1442 wrfail=0 down=5s maxout=5s
  80.049  t=77s RTT mean=42367 min=25497 max=48020 n=22 to=0 | cancels=0(+0/s) seqbad=0 len_bad=0 disc=1(0x3e) | tot_n=1463 tot_to=0 maxever=56194 >2ms=1463 >5ms=1463 >15ms=1463 >20ms=1463 >30ms=1413 | probes=1464 wrfail=0 down=5s maxout=5s
  80.107  t=78s RTT mean=42367 min=25498 max=48020 n=22 to=0 | cancels=0(+0/s) seqbad=0 len_bad=0 disc=1(0x3e) | tot_n=1485 tot_to=0 maxever=56194 >2ms=1485 >5ms=1485 >15ms=1485 >20ms=1485 >30ms=1431 | probes=1486 wrfail=0 down=5s maxout=5s
  82.074  t=79s RTT mean=42367 min=20557 max=48020 n=22 to=0 | cancels=0(+0/s) seqbad=0 len_bad=0 disc=1(0x3e) | tot_n=1507 tot_to=0 maxever=56194 >2ms=1507 >5ms=1507 >15ms=1507 >20ms=1507 >30ms=1449 | probes=1508 wrfail=0 down=5s maxout=5s
  82.074  t=80s RTT mean=42367 min=25485 max=48019 n=22 to=0 | cancels=0(+0/s) seqbad=0 len_bad=0 disc=1(0x3e) | tot_n=1529 tot_to=0 maxever=56194 >2ms=1529 >5ms=1529 >15ms=1529 >20ms=1529 >30ms=1467 | probes=1530 wrfail=0 down=5s maxout=5s
  84.035  t=81s RTT mean=42367 min=25497 max=48021 n=22 to=0 | cancels=0(+0/s) seqbad=0 len_bad=0 disc=1(0x3e) | tot_n=1551 tot_to=0 maxever=56194 >2ms=1551 >5ms=1551 >15ms=1551 >20ms=1551 >30ms=1485 | probes=1552 wrfail=0 down=5s maxout=5s
  84.095  t=82s RTT mean=42367 min=25491 max=48019 n=22 to=0 | cancels=0(+0/s) seqbad=0 len_bad=0 disc=1(0x3e) | tot_n=1573 tot_to=0 maxever=56194 >2ms=1573 >5ms=1573 >15ms=1573 >20ms=1573 >30ms=1503 | probes=1574 wrfail=0 down=5s maxout=5s
  86.063  t=83s RTT mean=42367 min=25496 max=48021 n=22 to=0 | cancels=0(+0/s) seqbad=0 len_bad=0 disc=1(0x3e) | tot_n=1595 tot_to=0 maxever=56194 >2ms=1595 >5ms=1595 >15ms=1595 >20ms=1595 >30ms=1521 | probes=1596 wrfail=0 down=5s maxout=5s
  86.063  t=84s RTT mean=42367 min=25496 max=48019 n=22 to=0 | cancels=0(+0/s) seqbad=0 len_bad=0 disc=1(0x3e) | tot_n=1617 tot_to=0 maxever=56194 >2ms=1617 >5ms=1617 >15ms=1617 >20ms=1617 >30ms=1539 | probes=1618 wrfail=0 down=5s maxout=5s
  88.047  t=85s RTT mean=43503 min=25496 max=71913 n=22 to=0 | cancels=0(+0/s) seqbad=0 len_bad=0 disc=1(0x3e) | tot_n=1639 tot_to=0 maxever=71913 >2ms=1639 >5ms=1639 >15ms=1639 >20ms=1639 >30ms=1557 | probes=1639 wrfail=0 down=5s maxout=5s
  88.107  t=86s RTT mean=41231 min=23278 max=46924 n=22 to=0 | cancels=0(+0/s) seqbad=0 len_bad=0 disc=1(0x3e) | tot_n=1661 tot_to=0 maxever=71913 >2ms=1661 >5ms=1661 >15ms=1661 >20ms=1661 >30ms=1574 | probes=1662 wrfail=0 down=5s maxout=5s
  90.047  t=87s RTT mean=42367 min=25497 max=48020 n=22 to=0 | cancels=0(+0/s) seqbad=0 len_bad=0 disc=1(0x3e) | tot_n=1683 tot_to=0 maxever=71913 >2ms=1683 >5ms=1683 >15ms=1683 >20ms=1683 >30ms=1592 | probes=1684 wrfail=0 down=5s maxout=5s
  90.104  t=88s RTT mean=42367 min=25497 max=48020 n=22 to=0 | cancels=0(+0/s) seqbad=0 len_bad=0 disc=1(0x3e) | tot_n=1705 tot_to=0 maxever=71913 >2ms=1705 >5ms=1705 >15ms=1705 >20ms=1705 >30ms=1610 | probes=1706 wrfail=0 down=5s maxout=5s
  92.067  t=89s RTT mean=42367 min=25497 max=48020 n=22 to=0 | cancels=0(+0/s) seqbad=0 len_bad=0 disc=1(0x3e) | tot_n=1727 tot_to=0 maxever=71913 >2ms=1727 >5ms=1727 >15ms=1727 >20ms=1727 >30ms=1628 | probes=1728 wrfail=0 down=5s maxout=5s
  92.067  t=90s RTT mean=42367 min=25497 max=48020 n=22 to=0 | cancels=0(+0/s) seqbad=0 len_bad=0 disc=1(0x3e) | tot_n=1749 tot_to=0 maxever=71913 >2ms=1749 >5ms=1749 >15ms=1749 >20ms=1749 >30ms=1646 | probes=1750 wrfail=0 down=5s maxout=5s
  94.063  t=91s RTT mean=42367 min=25497 max=48020 n=22 to=0 | cancels=0(+0/s) seqbad=0 len_bad=0 disc=1(0x3e) | tot_n=1771 tot_to=0 maxever=71913 >2ms=1771 >5ms=1771 >15ms=1771 >20ms=1771 >30ms=1664 | probes=1772 wrfail=0 down=5s maxout=5s
  94.063  t=92s RTT mean=42367 min=25497 max=48020 n=22 to=0 | cancels=0(+0/s) seqbad=0 len_bad=0 disc=1(0x3e) | tot_n=1793 tot_to=0 maxever=71913 >2ms=1793 >5ms=1793 >15ms=1793 >20ms=1793 >30ms=1682 | probes=1794 wrfail=0 down=5s maxout=5s
  96.083  t=93s RTT mean=42367 min=25493 max=48019 n=22 to=0 | cancels=0(+0/s) seqbad=0 len_bad=0 disc=1(0x3e) | tot_n=1815 tot_to=0 maxever=71913 >2ms=1815 >5ms=1815 >15ms=1815 >20ms=1815 >30ms=1700 | probes=1816 wrfail=0 down=5s maxout=5s
  96.083  t=94s RTT mean=42367 min=25497 max=48021 n=22 to=0 | cancels=0(+0/s) seqbad=0 len_bad=0 disc=1(0x3e) | tot_n=1837 tot_to=0 maxever=71913 >2ms=1837 >5ms=1837 >15ms=1837 >20ms=1837 >30ms=1718 | probes=1838 wrfail=0 down=5s maxout=5s
  98.047  t=95s RTT mean=42367 min=25496 max=48019 n=22 to=0 | cancels=0(+0/s) seqbad=0 len_bad=0 disc=1(0x3e) | tot_n=1859 tot_to=0 maxever=71913 >2ms=1859 >5ms=1859 >15ms=1859 >20ms=1859 >30ms=1736 | probes=1860 wrfail=0 down=5s maxout=5s
  98.101  t=96s RTT mean=42367 min=25496 max=48021 n=22 to=0 | cancels=0(+0/s) seqbad=0 len_bad=0 disc=1(0x3e) | tot_n=1881 tot_to=0 maxever=71913 >2ms=1881 >5ms=1881 >15ms=1881 >20ms=1881 >30ms=1754 | probes=1882 wrfail=0 down=5s maxout=5s
 100.076  t=97s RTT mean=42367 min=14572 max=48020 n=22 to=0 | cancels=0(+0/s) seqbad=0 len_bad=0 disc=1(0x3e) | tot_n=1903 tot_to=0 maxever=71913 >2ms=1903 >5ms=1903 >15ms=1902 >20ms=1902 >30ms=1772 | probes=1904 wrfail=0 down=5s maxout=5s
 100.076  t=98s RTT mean=42367 min=25495 max=48020 n=22 to=0 | cancels=0(+0/s) seqbad=0 len_bad=0 disc=1(0x3e) | tot_n=1925 tot_to=0 maxever=71913 >2ms=1925 >5ms=1925 >15ms=1924 >20ms=1924 >30ms=1790 | probes=1926 wrfail=0 down=5s maxout=5s
 102.037  t=99s RTT mean=42367 min=25497 max=48020 n=22 to=0 | cancels=0(+0/s) seqbad=0 len_bad=0 disc=1(0x3e) | tot_n=1947 tot_to=0 maxever=71913 >2ms=1947 >5ms=1947 >15ms=1946 >20ms=1946 >30ms=1808 | probes=1948 wrfail=0 down=5s maxout=5s
 102.097  t=100s RTT mean=42367 min=25496 max=48019 n=22 to=0 | cancels=0(+0/s) seqbad=0 len_bad=0 disc=1(0x3e) | tot_n=1969 tot_to=0 maxever=71913 >2ms=1969 >5ms=1969 >15ms=1968 >20ms=1968 >30ms=1826 | probes=1970 wrfail=0 down=5s maxout=5s
 104.057  t=101s RTT mean=42367 min=25497 max=48021 n=22 to=0 | cancels=0(+0/s) seqbad=0 len_bad=0 disc=1(0x3e) | tot_n=1991 tot_to=0 maxever=71913 >2ms=1991 >5ms=1991 >15ms=1990 >20ms=1990 >30ms=1844 | probes=1992 wrfail=0 down=5s maxout=5s
 104.057  t=102s RTT mean=42367 min=25496 max=48019 n=22 to=0 | cancels=0(+0/s) seqbad=0 len_bad=0 disc=1(0x3e) | tot_n=2013 tot_to=0 maxever=71913 >2ms=2013 >5ms=2013 >15ms=2012 >20ms=2012 >30ms=1862 | probes=2014 wrfail=0 down=5s maxout=5s
 106.078  t=103s RTT mean=42367 min=25496 max=48021 n=22 to=0 | cancels=0(+0/s) seqbad=0 len_bad=0 disc=1(0x3e) | tot_n=2035 tot_to=0 maxever=71913 >2ms=2035 >5ms=2035 >15ms=2034 >20ms=2034 >30ms=1880 | probes=2036 wrfail=0 down=5s maxout=5s
 106.078  t=104s RTT mean=42367 min=25496 max=48020 n=22 to=0 | cancels=0(+0/s) seqbad=0 len_bad=0 disc=1(0x3e) | tot_n=2057 tot_to=0 maxever=71913 >2ms=2057 >5ms=2057 >15ms=2056 >20ms=2056 >30ms=1898 | probes=2058 wrfail=0 down=5s maxout=5s
 108.047  t=105s RTT mean=42367 min=25498 max=48020 n=22 to=0 | cancels=0(+0/s) seqbad=0 len_bad=0 disc=1(0x3e) | tot_n=2079 tot_to=0 maxever=71913 >2ms=2079 >5ms=2079 >15ms=2078 >20ms=2078 >30ms=1916 | probes=2080 wrfail=0 down=5s maxout=5s
 108.106  t=106s RTT mean=42367 min=25497 max=48020 n=22 to=0 | cancels=0(+0/s) seqbad=0 len_bad=0 disc=1(0x3e) | tot_n=2101 tot_to=0 maxever=71913 >2ms=2101 >5ms=2101 >15ms=2100 >20ms=2100 >30ms=1934 | probes=2102 wrfail=0 down=5s maxout=5s
 110.061  t=107s RTT mean=42367 min=25491 max=48019 n=22 to=0 | cancels=0(+0/s) seqbad=0 len_bad=0 disc=1(0x3e) | tot_n=2123 tot_to=0 maxever=71913 >2ms=2123 >5ms=2123 >15ms=2122 >20ms=2122 >30ms=1952 | probes=2124 wrfail=0 down=5s maxout=5s
 110.062  t=108s RTT mean=42367 min=25497 max=48020 n=22 to=0 | cancels=0(+0/s) seqbad=0 len_bad=0 disc=1(0x3e) | tot_n=2145 tot_to=0 maxever=71913 >2ms=2145 >5ms=2145 >15ms=2144 >20ms=2144 >30ms=1970 | probes=2146 wrfail=0 down=5s maxout=5s
 112.047  t=109s RTT mean=42367 min=25483 max=48020 n=22 to=0 | cancels=0(+0/s) seqbad=0 len_bad=0 disc=1(0x3e) | tot_n=2167 tot_to=0 maxever=71913 >2ms=2167 >5ms=2167 >15ms=2166 >20ms=2166 >30ms=1988 | probes=2168 wrfail=0 down=5s maxout=5s
 112.099  t=110s RTT mean=42367 min=25497 max=48021 n=22 to=0 | cancels=0(+0/s) seqbad=0 len_bad=0 disc=1(0x3e) | tot_n=2189 tot_to=0 maxever=71913 >2ms=2189 >5ms=2189 >15ms=2188 >20ms=2188 >30ms=2006 | probes=2190 wrfail=0 down=5s maxout=5s
 114.057  t=111s RTT mean=42367 min=25496 max=48019 n=22 to=0 | cancels=0(+0/s) seqbad=0 len_bad=0 disc=1(0x3e) | tot_n=2211 tot_to=0 maxever=71913 >2ms=2211 >5ms=2211 >15ms=2210 >20ms=2210 >30ms=2024 | probes=2212 wrfail=0 down=5s maxout=5s
 114.113  t=112s RTT mean=42367 min=25497 max=48021 n=22 to=0 | cancels=0(+0/s) seqbad=0 len_bad=0 disc=1(0x3e) | tot_n=2233 tot_to=0 maxever=71913 >2ms=2233 >5ms=2233 >15ms=2232 >20ms=2232 >30ms=2042 | probes=2234 wrfail=0 down=5s maxout=5s
 116.039  t=113s RTT mean=42367 min=25496 max=48019 n=22 to=0 | cancels=0(+0/s) seqbad=0 len_bad=0 disc=1(0x3e) | tot_n=2255 tot_to=0 maxever=71913 >2ms=2255 >5ms=2255 >15ms=2254 >20ms=2254 >30ms=2060 | probes=2256 wrfail=0 down=5s maxout=5s
 116.095  t=114s RTT mean=42367 min=25497 max=48020 n=22 to=0 | cancels=0(+0/s) seqbad=0 len_bad=0 disc=1(0x3e) | tot_n=2277 tot_to=0 maxever=71913 >2ms=2277 >5ms=2277 >15ms=2276 >20ms=2276 >30ms=2078 | probes=2278 wrfail=0 down=5s maxout=5s
 118.061  t=115s RTT mean=42367 min=25497 max=48020 n=22 to=0 | cancels=0(+0/s) seqbad=0 len_bad=0 disc=1(0x3e) | tot_n=2299 tot_to=0 maxever=71913 >2ms=2299 >5ms=2299 >15ms=2298 >20ms=2298 >30ms=2096 | probes=2300 wrfail=0 down=5s maxout=5s
 118.061  t=116s RTT mean=42367 min=25494 max=48020 n=22 to=0 | cancels=0(+0/s) seqbad=0 len_bad=0 disc=1(0x3e) | tot_n=2321 tot_to=0 maxever=71913 >2ms=2321 >5ms=2321 >15ms=2320 >20ms=2320 >30ms=2114 | probes=2322 wrfail=0 down=5s maxout=5s
 120.047  t=117s RTT mean=42367 min=25497 max=48020 n=22 to=0 | cancels=0(+0/s) seqbad=0 len_bad=0 disc=1(0x3e) | tot_n=2343 tot_to=0 maxever=71913 >2ms=2343 >5ms=2343 >15ms=2342 >20ms=2342 >30ms=2132 | probes=2344 wrfail=0 down=5s maxout=5s
 120.104  t=118s RTT mean=42367 min=25486 max=48020 n=22 to=0 | cancels=0(+0/s) seqbad=0 len_bad=0 disc=1(0x3e) | tot_n=2365 tot_to=0 maxever=71913 >2ms=2365 >5ms=2365 >15ms=2364 >20ms=2364 >30ms=2150 | probes=2366 wrfail=0 down=5s maxout=5s
 122.074  t=119s RTT mean=42367 min=25497 max=48020 n=22 to=0 | cancels=0(+0/s) seqbad=0 len_bad=0 disc=1(0x3e) | tot_n=2387 tot_to=0 maxever=71913 >2ms=2387 >5ms=2387 >15ms=2386 >20ms=2386 >30ms=2168 | probes=2388 wrfail=0 down=5s maxout=5s
 122.074  t=120s RTT mean=42367 min=25496 max=48019 n=22 to=0 | cancels=0(+0/s) seqbad=0 len_bad=0 disc=1(0x3e) | tot_n=2409 tot_to=0 maxever=71913 >2ms=2409 >5ms=2409 >15ms=2408 >20ms=2408 >30ms=2186 | probes=2410 wrfail=0 down=5s maxout=5s
 124.082  t=121s RTT mean=42367 min=25497 max=48021 n=22 to=0 | cancels=0(+0/s) seqbad=0 len_bad=0 disc=1(0x3e) | tot_n=2431 tot_to=0 maxever=71913 >2ms=2431 >5ms=2431 >15ms=2430 >20ms=2430 >30ms=2204 | probes=2432 wrfail=0 down=5s maxout=5s
 124.082  t=122s RTT mean=42367 min=25496 max=48019 n=22 to=0 | cancels=0(+0/s) seqbad=0 len_bad=0 disc=1(0x3e) | tot_n=2453 tot_to=0 maxever=71913 >2ms=2453 >5ms=2453 >15ms=2452 >20ms=2452 >30ms=2222 | probes=2454 wrfail=0 down=5s maxout=5s
 126.040  t=123s RTT mean=42367 min=25496 max=48021 n=22 to=0 | cancels=0(+0/s) seqbad=0 len_bad=0 disc=1(0x3e) | tot_n=2475 tot_to=0 maxever=71913 >2ms=2475 >5ms=2475 >15ms=2474 >20ms=2474 >30ms=2239 | probes=2476 wrfail=0 down=5s maxout=5s
 126.097  t=124s RTT mean=42367 min=25496 max=48020 n=22 to=0 | cancels=0(+0/s) seqbad=0 len_bad=0 disc=1(0x3e) | tot_n=2497 tot_to=0 maxever=71913 >2ms=2497 >5ms=2497 >15ms=2496 >20ms=2496 >30ms=2257 | probes=2498 wrfail=0 down=5s maxout=5s
 128.057  t=125s RTT mean=42367 min=12176 max=48020 n=22 to=0 | cancels=0(+0/s) seqbad=0 len_bad=0 disc=1(0x3e) | tot_n=2519 tot_to=0 maxever=71913 >2ms=2519 >5ms=2519 >15ms=2517 >20ms=2517 >30ms=2275 | probes=2520 wrfail=0 down=5s maxout=5s
 128.057  PCTL target=25 tot=1320 to=0 p50=46 p90=46 p99=48 p99.9=48 max=71 g30=1077 g100=0 (ms/counts)
 128.057  LOADRAMP: target=50 KBps for 60s
 128.111  t=126s RTT mean=38579 min=25421 max=48020 n=24 to=0 | cancels=0(+0/s) seqbad=0 len_bad=0 disc=1(0x3e) | tot_n=2543 tot_to=0 maxever=71913 >2ms=2543 >5ms=2543 >15ms=2541 >20ms=2541 >30ms=2290 | probes=2544 wrfail=0 down=5s maxout=5s
 130.064  t=127s RTT mean=38579 min=25422 max=48019 n=24 to=0 | cancels=0(+0/s) seqbad=0 len_bad=0 disc=1(0x3e) | tot_n=2567 tot_to=0 maxever=71913 >2ms=2567 >5ms=2567 >15ms=2565 >20ms=2565 >30ms=2305 | probes=2568 wrfail=0 down=5s maxout=5s
 130.064  t=128s RTT mean=38579 min=25421 max=48020 n=24 to=0 | cancels=0(+0/s) seqbad=0 len_bad=0 disc=1(0x3e) | tot_n=2591 tot_to=0 maxever=71913 >2ms=2591 >5ms=2591 >15ms=2589 >20ms=2589 >30ms=2320 | probes=2592 wrfail=0 down=5s maxout=5s
 132.064  t=129s RTT mean=38579 min=25422 max=48019 n=24 to=0 | cancels=0(+0/s) seqbad=0 len_bad=0 disc=1(0x3e) | tot_n=2615 tot_to=0 maxever=71913 >2ms=2615 >5ms=2615 >15ms=2613 >20ms=2613 >30ms=2336 | probes=2616 wrfail=0 down=5s maxout=5s
 132.064  t=130s RTT mean=39620 min=25501 max=48021 n=24 to=0 | cancels=0(+0/s) seqbad=0 len_bad=0 disc=1(0x3e) | tot_n=2639 tot_to=0 maxever=71913 >2ms=2639 >5ms=2639 >15ms=2637 >20ms=2637 >30ms=2352 | probes=2640 wrfail=0 down=5s maxout=5s
 134.097  t=131s RTT mean=37537 min=23278 max=46923 n=24 to=0 | cancels=0(+0/s) seqbad=0 len_bad=0 disc=1(0x3e) | tot_n=2663 tot_to=0 maxever=71913 >2ms=2663 >5ms=2663 >15ms=2661 >20ms=2661 >30ms=2366 | probes=2664 wrfail=0 down=5s maxout=5s
 134.097  t=132s RTT mean=38579 min=25421 max=48020 n=24 to=0 | cancels=0(+0/s) seqbad=0 len_bad=0 disc=1(0x3e) | tot_n=2687 tot_to=0 maxever=71913 >2ms=2687 >5ms=2687 >15ms=2685 >20ms=2685 >30ms=2381 | probes=2688 wrfail=0 down=5s maxout=5s
 136.080  t=133s RTT mean=38578 min=25408 max=48020 n=24 to=0 | cancels=0(+0/s) seqbad=0 len_bad=0 disc=1(0x3e) | tot_n=2711 tot_to=0 maxever=71913 >2ms=2711 >5ms=2711 >15ms=2709 >20ms=2709 >30ms=2396 | probes=2712 wrfail=0 down=5s maxout=5s
 136.080  t=134s RTT mean=38578 min=25421 max=48020 n=24 to=0 | cancels=0(+0/s) seqbad=0 len_bad=0 disc=1(0x3e) | tot_n=2735 tot_to=0 maxever=71913 >2ms=2735 >5ms=2735 >15ms=2733 >20ms=2733 >30ms=2411 | probes=2736 wrfail=0 down=5s maxout=5s
 138.047  t=135s RTT mean=38579 min=25421 max=48020 n=24 to=0 | cancels=0(+0/s) seqbad=0 len_bad=0 disc=1(0x3e) | tot_n=2759 tot_to=0 maxever=71913 >2ms=2759 >5ms=2759 >15ms=2757 >20ms=2757 >30ms=2426 | probes=2760 wrfail=0 down=5s maxout=5s
 138.104  t=136s RTT mean=38578 min=25422 max=48019 n=24 to=0 | cancels=0(+0/s) seqbad=0 len_bad=0 disc=1(0x3e) | tot_n=2783 tot_to=0 maxever=71913 >2ms=2783 >5ms=2783 >15ms=2781 >20ms=2781 >30ms=2441 | probes=2784 wrfail=0 down=5s maxout=5s
 140.080  t=137s RTT mean=38579 min=25421 max=48020 n=24 to=0 | cancels=0(+0/s) seqbad=0 len_bad=0 disc=1(0x3e) | tot_n=2807 tot_to=0 maxever=71913 >2ms=2807 >5ms=2807 >15ms=2805 >20ms=2805 >30ms=2456 | probes=2808 wrfail=0 down=5s maxout=5s
 140.080  t=138s RTT mean=39620 min=25494 max=48019 n=24 to=0 | cancels=0(+0/s) seqbad=0 len_bad=0 disc=1(0x3e) | tot_n=2831 tot_to=0 maxever=71913 >2ms=2831 >5ms=2831 >15ms=2829 >20ms=2829 >30ms=2472 | probes=2832 wrfail=0 down=5s maxout=5s
 142.057  t=139s RTT mean=37537 min=23278 max=46922 n=24 to=0 | cancels=0(+0/s) seqbad=0 len_bad=0 disc=1(0x3e) | tot_n=2855 tot_to=0 maxever=71913 >2ms=2855 >5ms=2855 >15ms=2853 >20ms=2853 >30ms=2486 | probes=2856 wrfail=0 down=5s maxout=5s
 142.114  t=140s RTT mean=38578 min=25422 max=48019 n=24 to=0 | cancels=0(+0/s) seqbad=0 len_bad=0 disc=1(0x3e) | tot_n=2879 tot_to=0 maxever=71913 >2ms=2879 >5ms=2879 >15ms=2877 >20ms=2877 >30ms=2501 | probes=2880 wrfail=0 down=5s maxout=5s
 144.091  t=141s RTT mean=38579 min=25421 max=48020 n=24 to=0 | cancels=0(+0/s) seqbad=0 len_bad=0 disc=1(0x3e) | tot_n=2903 tot_to=0 maxever=71913 >2ms=2903 >5ms=2903 >15ms=2901 >20ms=2901 >30ms=2516 | probes=2904 wrfail=0 down=5s maxout=5s
 144.092  t=142s RTT mean=38578 min=25425 max=48020 n=24 to=0 | cancels=0(+0/s) seqbad=0 len_bad=0 disc=1(0x3e) | tot_n=2927 tot_to=0 maxever=71913 >2ms=2927 >5ms=2927 >15ms=2925 >20ms=2925 >30ms=2531 | probes=2928 wrfail=0 down=5s maxout=5s
 146.075  t=143s RTT mean=38579 min=25421 max=48020 n=24 to=0 | cancels=0(+0/s) seqbad=0 len_bad=0 disc=1(0x3e) | tot_n=2951 tot_to=0 maxever=71913 >2ms=2951 >5ms=2951 >15ms=2949 >20ms=2949 >30ms=2546 | probes=2952 wrfail=0 down=5s maxout=5s
 146.075  t=144s RTT mean=38579 min=25422 max=48020 n=24 to=0 | cancels=0(+0/s) seqbad=0 len_bad=0 disc=1(0x3e) | tot_n=2975 tot_to=0 maxever=71913 >2ms=2975 >5ms=2975 >15ms=2973 >20ms=2973 >30ms=2561 | probes=2976 wrfail=0 down=5s maxout=5s
 148.098  t=145s RTT mean=39620 min=25495 max=48020 n=24 to=0 | cancels=0(+0/s) seqbad=0 len_bad=0 disc=1(0x3e) | tot_n=2999 tot_to=0 maxever=71913 >2ms=2999 >5ms=2999 >15ms=2997 >20ms=2997 >30ms=2577 | probes=3000 wrfail=0 down=5s maxout=5s
 148.099  t=146s RTT mean=38578 min=23278 max=46921 n=24 to=0 | cancels=0(+0/s) seqbad=0 len_bad=0 disc=1(0x3e) | tot_n=3023 tot_to=0 maxever=71913 >2ms=3023 >5ms=3023 >15ms=3021 >20ms=3021 >30ms=2592 | probes=3024 wrfail=0 down=5s maxout=5s
 150.074  t=147s RTT mean=37537 min=23278 max=46915 n=24 to=0 | cancels=0(+0/s) seqbad=0 len_bad=0 disc=1(0x3e) | tot_n=3047 tot_to=0 maxever=71913 >2ms=3047 >5ms=3047 >15ms=3045 >20ms=3045 >30ms=2606 | probes=3048 wrfail=0 down=5s maxout=5s
 150.074  t=148s RTT mean=38579 min=25421 max=48021 n=24 to=0 | cancels=0(+0/s) seqbad=0 len_bad=0 disc=1(0x3e) | tot_n=3071 tot_to=0 maxever=71913 >2ms=3071 >5ms=3071 >15ms=3069 >20ms=3069 >30ms=2621 | probes=3072 wrfail=0 down=5s maxout=5s
 152.048  t=149s RTT mean=38579 min=25422 max=48019 n=24 to=0 | cancels=0(+0/s) seqbad=0 len_bad=0 disc=1(0x3e) | tot_n=3095 tot_to=0 maxever=71913 >2ms=3095 >5ms=3095 >15ms=3093 >20ms=3093 >30ms=2636 | probes=3096 wrfail=0 down=5s maxout=5s
 152.108  t=150s RTT mean=38579 min=25421 max=48020 n=24 to=0 | cancels=0(+0/s) seqbad=0 len_bad=0 disc=1(0x3e) | tot_n=3119 tot_to=0 maxever=71913 >2ms=3119 >5ms=3119 >15ms=3117 >20ms=3117 >30ms=2651 | probes=3120 wrfail=0 down=5s maxout=5s
 154.074  t=151s RTT mean=39621 min=25425 max=48019 n=24 to=0 | cancels=0(+0/s) seqbad=0 len_bad=0 disc=1(0x3e) | tot_n=3143 tot_to=0 maxever=71913 >2ms=3143 >5ms=3143 >15ms=3141 >20ms=3141 >30ms=2667 | probes=3144 wrfail=0 down=5s maxout=5s
 154.074  t=152s RTT mean=37537 min=23278 max=46921 n=24 to=0 | cancels=0(+0/s) seqbad=0 len_bad=0 disc=1(0x3e) | tot_n=3167 tot_to=0 maxever=71913 >2ms=3167 >5ms=3167 >15ms=3165 >20ms=3165 >30ms=2681 | probes=3168 wrfail=0 down=5s maxout=5s
 156.097  t=153s RTT mean=38579 min=25413 max=48020 n=24 to=0 | cancels=0(+0/s) seqbad=0 len_bad=0 disc=1(0x3e) | tot_n=3191 tot_to=0 maxever=71913 >2ms=3191 >5ms=3191 >15ms=3189 >20ms=3189 >30ms=2696 | probes=3192 wrfail=0 down=5s maxout=5s
 156.097  t=154s RTT mean=38579 min=25421 max=48020 n=24 to=0 | cancels=0(+0/s) seqbad=0 len_bad=0 disc=1(0x3e) | tot_n=3215 tot_to=0 maxever=71913 >2ms=3215 >5ms=3215 >15ms=3213 >20ms=3213 >30ms=2711 | probes=3216 wrfail=0 down=5s maxout=5s
 158.047  t=155s RTT mean=38579 min=25421 max=48020 n=24 to=0 | cancels=0(+0/s) seqbad=0 len_bad=0 disc=1(0x3e) | tot_n=3239 tot_to=0 maxever=71913 >2ms=3239 >5ms=3239 >15ms=3237 >20ms=3237 >30ms=2726 | probes=3240 wrfail=0 down=5s maxout=5s
 158.098  t=156s RTT mean=38578 min=25422 max=48019 n=24 to=0 | cancels=0(+0/s) seqbad=0 len_bad=0 disc=1(0x3e) | tot_n=3263 tot_to=0 maxever=71913 >2ms=3263 >5ms=3263 >15ms=3261 >20ms=3261 >30ms=2742 | probes=3264 wrfail=0 down=5s maxout=5s
 160.080  t=157s RTT mean=38579 min=25421 max=48021 n=24 to=0 | cancels=0(+0/s) seqbad=0 len_bad=0 disc=1(0x3e) | tot_n=3287 tot_to=0 maxever=71913 >2ms=3287 >5ms=3287 >15ms=3285 >20ms=3285 >30ms=2757 | probes=3288 wrfail=0 down=5s maxout=5s
 160.080  t=158s RTT mean=38578 min=25422 max=48020 n=24 to=0 | cancels=0(+0/s) seqbad=0 len_bad=0 disc=1(0x3e) | tot_n=3311 tot_to=0 maxever=71913 >2ms=3311 >5ms=3311 >15ms=3309 >20ms=3309 >30ms=2772 | probes=3312 wrfail=0 down=5s maxout=5s
 162.090  t=159s RTT mean=38579 min=25421 max=48021 n=24 to=0 | cancels=0(+0/s) seqbad=0 len_bad=0 disc=1(0x3e) | tot_n=3335 tot_to=0 maxever=71913 >2ms=3335 >5ms=3335 >15ms=3333 >20ms=3333 >30ms=2787 | probes=3336 wrfail=0 down=5s maxout=5s
 162.091  t=160s RTT mean=38579 min=25425 max=48020 n=24 to=0 | cancels=0(+0/s) seqbad=0 len_bad=0 disc=1(0x3e) | tot_n=3359 tot_to=0 maxever=71913 >2ms=3359 >5ms=3359 >15ms=3357 >20ms=3357 >30ms=2802 | probes=3360 wrfail=0 down=5s maxout=5s
 164.099  t=161s RTT mean=38579 min=25421 max=48020 n=24 to=0 | cancels=0(+0/s) seqbad=0 len_bad=0 disc=1(0x3e) | tot_n=3383 tot_to=0 maxever=71913 >2ms=3383 >5ms=3383 >15ms=3381 >20ms=3381 >30ms=2817 | probes=3384 wrfail=0 down=5s maxout=5s
 164.099  t=162s RTT mean=38579 min=25414 max=48020 n=24 to=0 | cancels=0(+0/s) seqbad=0 len_bad=0 disc=1(0x3e) | tot_n=3407 tot_to=0 maxever=71913 >2ms=3407 >5ms=3407 >15ms=3405 >20ms=3405 >30ms=2832 | probes=3408 wrfail=0 down=5s maxout=5s
 166.049  t=163s RTT mean=38579 min=25421 max=48019 n=24 to=0 | cancels=0(+0/s) seqbad=0 len_bad=0 disc=1(0x3e) | tot_n=3431 tot_to=0 maxever=71913 >2ms=3431 >5ms=3431 >15ms=3429 >20ms=3429 >30ms=2847 | probes=3432 wrfail=0 down=5s maxout=5s
 166.103  t=164s RTT mean=38579 min=25421 max=48020 n=24 to=0 | cancels=0(+0/s) seqbad=0 len_bad=0 disc=1(0x3e) | tot_n=3455 tot_to=0 maxever=71913 >2ms=3455 >5ms=3455 >15ms=3453 >20ms=3453 >30ms=2862 | probes=3456 wrfail=0 down=5s maxout=5s
 168.070  t=165s RTT mean=38579 min=25421 max=48020 n=24 to=0 | cancels=0(+0/s) seqbad=0 len_bad=0 disc=1(0x3e) | tot_n=3479 tot_to=0 maxever=71913 >2ms=3479 >5ms=3479 >15ms=3477 >20ms=3477 >30ms=2877 | probes=3480 wrfail=0 down=5s maxout=5s
 168.071  t=166s RTT mean=38579 min=25421 max=48021 n=24 to=0 | cancels=0(+0/s) seqbad=0 len_bad=0 disc=1(0x3e) | tot_n=3503 tot_to=0 maxever=71913 >2ms=3503 >5ms=3503 >15ms=3501 >20ms=3501 >30ms=2892 | probes=3504 wrfail=0 down=5s maxout=5s
 170.097  t=167s RTT mean=39620 min=25496 max=48019 n=24 to=0 | cancels=0(+0/s) seqbad=0 len_bad=0 disc=1(0x3e) | tot_n=3527 tot_to=0 maxever=71913 >2ms=3527 >5ms=3527 >15ms=3525 >20ms=3525 >30ms=2908 | probes=3528 wrfail=0 down=5s maxout=5s
 170.097  t=168s RTT mean=37537 min=23276 max=46922 n=24 to=0 | cancels=0(+0/s) seqbad=0 len_bad=0 disc=1(0x3e) | tot_n=3551 tot_to=0 maxever=71913 >2ms=3551 >5ms=3551 >15ms=3549 >20ms=3549 >30ms=2922 | probes=3552 wrfail=0 down=5s maxout=5s
 172.074  t=169s RTT mean=38579 min=25420 max=48020 n=24 to=0 | cancels=0(+0/s) seqbad=0 len_bad=0 disc=1(0x3e) | tot_n=3575 tot_to=0 maxever=71913 >2ms=3575 >5ms=3575 >15ms=3573 >20ms=3573 >30ms=2937 | probes=3576 wrfail=0 down=5s maxout=5s
 172.074  t=170s RTT mean=38579 min=25421 max=48020 n=24 to=0 | cancels=0(+0/s) seqbad=0 len_bad=0 disc=1(0x3e) | tot_n=3599 tot_to=0 maxever=71913 >2ms=3599 >5ms=3599 >15ms=3597 >20ms=3597 >30ms=2952 | probes=3600 wrfail=0 down=5s maxout=5s
 174.057  t=171s RTT mean=38579 min=25422 max=48020 n=24 to=0 | cancels=0(+0/s) seqbad=0 len_bad=0 disc=1(0x3e) | tot_n=3623 tot_to=0 maxever=71913 >2ms=3623 >5ms=3623 >15ms=3621 >20ms=3621 >30ms=2967 | probes=3624 wrfail=0 down=5s maxout=5s
 174.113  t=172s RTT mean=38578 min=25422 max=48020 n=24 to=0 | cancels=0(+0/s) seqbad=0 len_bad=0 disc=1(0x3e) | tot_n=3647 tot_to=0 maxever=71913 >2ms=3647 >5ms=3647 >15ms=3645 >20ms=3645 >30ms=2982 | probes=3648 wrfail=0 down=5s maxout=5s
 176.069  t=173s RTT mean=38579 min=25421 max=48020 n=24 to=0 | cancels=0(+0/s) seqbad=0 len_bad=0 disc=1(0x3e) | tot_n=3671 tot_to=0 maxever=71913 >2ms=3671 >5ms=3671 >15ms=3669 >20ms=3669 >30ms=2997 | probes=3672 wrfail=0 down=5s maxout=5s
 176.069  t=174s RTT mean=38578 min=25422 max=48019 n=24 to=0 | cancels=0(+0/s) seqbad=0 len_bad=0 disc=1(0x3e) | tot_n=3695 tot_to=0 maxever=71913 >2ms=3695 >5ms=3695 >15ms=3693 >20ms=3693 >30ms=3012 | probes=3696 wrfail=0 down=5s maxout=5s
 178.097  t=175s RTT mean=39621 min=25500 max=48021 n=24 to=0 | cancels=0(+0/s) seqbad=0 len_bad=0 disc=1(0x3e) | tot_n=3719 tot_to=0 maxever=71913 >2ms=3719 >5ms=3719 >15ms=3717 >20ms=3717 >30ms=3028 | probes=3720 wrfail=0 down=5s maxout=5s
 178.097  t=176s RTT mean=37537 min=23278 max=46921 n=24 to=0 | cancels=0(+0/s) seqbad=0 len_bad=0 disc=1(0x3e) | tot_n=3743 tot_to=0 maxever=71913 >2ms=3743 >5ms=3743 >15ms=3741 >20ms=3741 >30ms=3042 | probes=3744 wrfail=0 down=5s maxout=5s
 180.051  t=177s RTT mean=38578 min=25421 max=48020 n=24 to=0 | cancels=0(+0/s) seqbad=0 len_bad=0 disc=1(0x3e) | tot_n=3767 tot_to=0 maxever=71913 >2ms=3767 >5ms=3767 >15ms=3765 >20ms=3765 >30ms=3058 | probes=3768 wrfail=0 down=5s maxout=5s
 180.110  t=178s RTT mean=39619 min=25424 max=50270 n=24 to=0 | cancels=0(+0/s) seqbad=0 len_bad=0 disc=1(0x3e) | tot_n=3791 tot_to=0 maxever=71913 >2ms=3791 >5ms=3791 >15ms=3789 >20ms=3789 >30ms=3074 | probes=3792 wrfail=0 down=5s maxout=5s
 182.087  t=179s RTT mean=37538 min=23278 max=46929 n=24 to=0 | cancels=0(+0/s) seqbad=0 len_bad=0 disc=1(0x3e) | tot_n=3815 tot_to=0 maxever=71913 >2ms=3815 >5ms=3815 >15ms=3813 >20ms=3813 >30ms=3088 | probes=3816 wrfail=0 down=5s maxout=5s
 182.087  t=180s RTT mean=38579 min=25415 max=48020 n=24 to=0 | cancels=0(+0/s) seqbad=0 len_bad=0 disc=1(0x3e) | tot_n=3839 tot_to=0 maxever=71913 >2ms=3839 >5ms=3839 >15ms=3837 >20ms=3837 >30ms=3103 | probes=3840 wrfail=0 down=5s maxout=5s
 184.090  t=181s RTT mean=38579 min=25421 max=48020 n=24 to=0 | cancels=0(+0/s) seqbad=0 len_bad=0 disc=1(0x3e) | tot_n=3863 tot_to=0 maxever=71913 >2ms=3863 >5ms=3863 >15ms=3861 >20ms=3861 >30ms=3118 | probes=3864 wrfail=0 down=5s maxout=5s
 184.090  t=182s RTT mean=38579 min=25421 max=48020 n=24 to=0 | cancels=0(+0/s) seqbad=0 len_bad=0 disc=1(0x3e) | tot_n=3887 tot_to=0 maxever=71913 >2ms=3887 >5ms=3887 >15ms=3885 >20ms=3885 >30ms=3133 | probes=3888 wrfail=0 down=5s maxout=5s
 186.064  t=183s RTT mean=38579 min=25422 max=48019 n=24 to=0 | cancels=0(+0/s) seqbad=0 len_bad=0 disc=1(0x3e) | tot_n=3911 tot_to=0 maxever=71913 >2ms=3911 >5ms=3911 >15ms=3909 >20ms=3909 >30ms=3148 | probes=3912 wrfail=0 down=5s maxout=5s
 186.124  t=184s RTT mean=38579 min=25421 max=48021 n=24 to=0 | cancels=0(+0/s) seqbad=0 len_bad=0 disc=1(0x3e) | tot_n=3935 tot_to=0 maxever=71913 >2ms=3935 >5ms=3935 >15ms=3933 >20ms=3933 >30ms=3163 | probes=3936 wrfail=0 down=5s maxout=5s
 188.078  t=185s RTT mean=38579 min=25422 max=48020 n=24 to=0 | cancels=0(+0/s) seqbad=0 len_bad=0 disc=1(0x3e) | tot_n=3959 tot_to=0 maxever=71913 >2ms=3959 >5ms=3959 >15ms=3957 >20ms=3957 >30ms=3178 | probes=3960 wrfail=0 down=5s maxout=5s
 188.078  PCTL target=50 tot=1440 to=0 p50=46 p90=46 p99=48 p99.9=48 max=50 g30=903 g100=0 (ms/counts)
 188.078  LOADRAMP: target=75 KBps for 60s
 188.130  t=186s RTT mean=35373 min=18164 max=48020 n=26 to=0 | cancels=0(+0/s) seqbad=0 len_bad=0 disc=1(0x3e) | tot_n=3985 tot_to=0 maxever=71913 >2ms=3985 >5ms=3985 >15ms=3983 >20ms=3982 >30ms=3190 | probes=3986 wrfail=0 down=5s maxout=5s
 190.074  t=187s RTT mean=35373 min=22820 max=48020 n=26 to=0 | cancels=0(+0/s) seqbad=0 len_bad=0 disc=1(0x3e) | tot_n=4011 tot_to=0 maxever=71913 >2ms=4011 >5ms=4011 >15ms=4009 >20ms=4008 >30ms=3202 | probes=4012 wrfail=0 down=5s maxout=5s
 190.074  t=188s RTT mean=36334 min=25500 max=48020 n=26 to=0 | cancels=0(+0/s) seqbad=0 len_bad=0 disc=1(0x3e) | tot_n=4037 tot_to=0 maxever=71913 >2ms=4037 >5ms=4037 >15ms=4035 >20ms=4034 >30ms=3216 | probes=4038 wrfail=0 down=5s maxout=5s
 192.090  t=189s RTT mean=34412 min=22820 max=46929 n=26 to=0 | cancels=0(+0/s) seqbad=0 len_bad=0 disc=1(0x3e) | tot_n=4063 tot_to=0 maxever=71913 >2ms=4063 >5ms=4063 >15ms=4061 >20ms=4060 >30ms=3227 | probes=4064 wrfail=0 down=5s maxout=5s
 192.091  t=190s RTT mean=35373 min=22818 max=48019 n=26 to=0 | cancels=0(+0/s) seqbad=0 len_bad=0 disc=1(0x3e) | tot_n=4089 tot_to=0 maxever=71913 >2ms=4089 >5ms=4089 >15ms=4087 >20ms=4086 >30ms=3239 | probes=4090 wrfail=0 down=5s maxout=5s
 194.056  t=191s RTT mean=35374 min=22818 max=48020 n=26 to=0 | cancels=0(+0/s) seqbad=0 len_bad=0 disc=1(0x3e) | tot_n=4115 tot_to=0 maxever=71913 >2ms=4115 >5ms=4115 >15ms=4113 >20ms=4112 >30ms=3251 | probes=4116 wrfail=0 down=5s maxout=5s
 194.112  t=192s RTT mean=35373 min=22819 max=48019 n=26 to=0 | cancels=0(+0/s) seqbad=0 len_bad=0 disc=1(0x3e) | tot_n=4141 tot_to=0 maxever=71913 >2ms=4141 >5ms=4141 >15ms=4139 >20ms=4138 >30ms=3263 | probes=4142 wrfail=0 down=5s maxout=5s
 196.066  t=193s RTT mean=35373 min=22818 max=48020 n=26 to=0 | cancels=0(+0/s) seqbad=0 len_bad=0 disc=1(0x3e) | tot_n=4167 tot_to=0 maxever=71913 >2ms=4167 >5ms=4167 >15ms=4165 >20ms=4164 >30ms=3275 | probes=4168 wrfail=0 down=5s maxout=5s
 196.117  t=194s RTT mean=35373 min=22820 max=48020 n=26 to=0 | cancels=0(+0/s) seqbad=0 len_bad=0 disc=1(0x3e) | tot_n=4193 tot_to=0 maxever=71913 >2ms=4193 >5ms=4193 >15ms=4191 >20ms=4190 >30ms=3287 | probes=4194 wrfail=0 down=5s maxout=5s
 198.074  t=195s RTT mean=35373 min=22818 max=48020 n=26 to=0 | cancels=0(+0/s) seqbad=0 len_bad=0 disc=1(0x3e) | tot_n=4219 tot_to=0 maxever=71913 >2ms=4219 >5ms=4219 >15ms=4217 >20ms=4216 >30ms=3299 | probes=4220 wrfail=0 down=5s maxout=5s
 198.074  t=196s RTT mean=35373 min=22820 max=48020 n=26 to=0 | cancels=0(+0/s) seqbad=0 len_bad=0 disc=1(0x3e) | tot_n=4245 tot_to=0 maxever=71913 >2ms=4245 >5ms=4245 >15ms=4243 >20ms=4242 >30ms=3311 | probes=4246 wrfail=0 down=5s maxout=5s
 200.078  t=197s RTT mean=35373 min=22818 max=48020 n=26 to=0 | cancels=0(+0/s) seqbad=0 len_bad=0 disc=1(0x3e) | tot_n=4271 tot_to=0 maxever=71913 >2ms=4271 >5ms=4271 >15ms=4269 >20ms=4268 >30ms=3323 | probes=4272 wrfail=0 down=5s maxout=5s
 200.078  t=198s RTT mean=35373 min=22818 max=48020 n=26 to=0 | cancels=0(+0/s) seqbad=0 len_bad=0 disc=1(0x3e) | tot_n=4297 tot_to=0 maxever=71913 >2ms=4297 >5ms=4297 >15ms=4295 >20ms=4294 >30ms=3335 | probes=4298 wrfail=0 down=5s maxout=5s
 202.097  t=199s RTT mean=35373 min=22818 max=48019 n=26 to=0 | cancels=0(+0/s) seqbad=0 len_bad=0 disc=1(0x3e) | tot_n=4323 tot_to=0 maxever=71913 >2ms=4323 >5ms=4323 >15ms=4321 >20ms=4320 >30ms=3347 | probes=4324 wrfail=0 down=5s maxout=5s
 202.097  t=200s RTT mean=36334 min=25496 max=48020 n=26 to=0 | cancels=0(+0/s) seqbad=0 len_bad=0 disc=1(0x3e) | tot_n=4349 tot_to=0 maxever=71913 >2ms=4349 >5ms=4349 >15ms=4347 >20ms=4346 >30ms=3361 | probes=4350 wrfail=0 down=5s maxout=5s
 204.070  t=201s RTT mean=35374 min=22820 max=50498 n=26 to=0 | cancels=0(+0/s) seqbad=0 len_bad=0 disc=1(0x3e) | tot_n=4375 tot_to=0 maxever=71913 >2ms=4375 >5ms=4375 >15ms=4373 >20ms=4372 >30ms=3373 | probes=4376 wrfail=0 down=5s maxout=5s
 204.130  t=202s RTT mean=35373 min=23278 max=46922 n=26 to=0 | cancels=0(+0/s) seqbad=0 len_bad=0 disc=1(0x3e) | tot_n=4401 tot_to=0 maxever=71913 >2ms=4401 >5ms=4401 >15ms=4399 >20ms=4398 >30ms=3386 | probes=4402 wrfail=0 down=5s maxout=5s
 206.064  t=203s RTT mean=34412 min=22820 max=46929 n=26 to=0 | cancels=0(+0/s) seqbad=0 len_bad=0 disc=1(0x3e) | tot_n=4427 tot_to=0 maxever=71913 >2ms=4427 >5ms=4427 >15ms=4425 >20ms=4424 >30ms=3397 | probes=4428 wrfail=0 down=5s maxout=5s
 206.124  t=204s RTT mean=35373 min=22818 max=48019 n=26 to=0 | cancels=0(+0/s) seqbad=0 len_bad=0 disc=1(0x3e) | tot_n=4453 tot_to=0 maxever=71913 >2ms=4453 >5ms=4453 >15ms=4451 >20ms=4450 >30ms=3409 | probes=4454 wrfail=0 down=5s maxout=5s
 208.095  t=205s RTT mean=35374 min=22818 max=48020 n=26 to=0 | cancels=0(+0/s) seqbad=0 len_bad=0 disc=1(0x3e) | tot_n=4479 tot_to=0 maxever=71913 >2ms=4479 >5ms=4479 >15ms=4477 >20ms=4476 >30ms=3421 | probes=4480 wrfail=0 down=5s maxout=5s
 208.095  t=206s RTT mean=35373 min=22820 max=48019 n=26 to=0 | cancels=0(+0/s) seqbad=0 len_bad=0 disc=1(0x3e) | tot_n=4505 tot_to=0 maxever=71913 >2ms=4505 >5ms=4505 >15ms=4503 >20ms=4502 >30ms=3433 | probes=4506 wrfail=0 down=5s maxout=5s
 210.057  t=207s RTT mean=35373 min=22821 max=48020 n=26 to=0 | cancels=0(+0/s) seqbad=0 len_bad=0 disc=1(0x3e) | tot_n=4531 tot_to=0 maxever=71913 >2ms=4531 >5ms=4531 >15ms=4529 >20ms=4528 >30ms=3445 | probes=4532 wrfail=0 down=5s maxout=5s
 210.114  t=208s RTT mean=35373 min=22820 max=48020 n=26 to=0 | cancels=0(+0/s) seqbad=0 len_bad=0 disc=1(0x3e) | tot_n=4557 tot_to=0 maxever=71913 >2ms=4557 >5ms=4557 >15ms=4555 >20ms=4554 >30ms=3457 | probes=4558 wrfail=0 down=5s maxout=5s
 212.090  t=209s RTT mean=35373 min=22818 max=48020 n=26 to=0 | cancels=0(+0/s) seqbad=0 len_bad=0 disc=1(0x3e) | tot_n=4583 tot_to=0 maxever=71913 >2ms=4583 >5ms=4583 >15ms=4581 >20ms=4580 >30ms=3469 | probes=4584 wrfail=0 down=5s maxout=5s
 212.091  t=210s RTT mean=35373 min=19361 max=48020 n=26 to=0 | cancels=0(+0/s) seqbad=0 len_bad=0 disc=1(0x3e) | tot_n=4609 tot_to=0 maxever=71913 >2ms=4609 >5ms=4609 >15ms=4607 >20ms=4605 >30ms=3481 | probes=4610 wrfail=0 down=5s maxout=5s
 214.072  t=211s RTT mean=35373 min=22818 max=48019 n=26 to=0 | cancels=0(+0/s) seqbad=0 len_bad=0 disc=1(0x3e) | tot_n=4635 tot_to=0 maxever=71913 >2ms=4635 >5ms=4635 >15ms=4633 >20ms=4631 >30ms=3493 | probes=4636 wrfail=0 down=5s maxout=5s
 214.128  t=212s RTT mean=35373 min=22820 max=48020 n=26 to=0 | cancels=0(+0/s) seqbad=0 len_bad=0 disc=1(0x3e) | tot_n=4661 tot_to=0 maxever=71913 >2ms=4661 >5ms=4661 >15ms=4659 >20ms=4657 >30ms=3505 | probes=4662 wrfail=0 down=5s maxout=5s
 216.087  t=213s RTT mean=35372 min=22818 max=48019 n=26 to=0 | cancels=0(+0/s) seqbad=0 len_bad=0 disc=1(0x3e) | tot_n=4687 tot_to=0 maxever=71913 >2ms=4687 >5ms=4687 >15ms=4685 >20ms=4683 >30ms=3517 | probes=4688 wrfail=0 down=5s maxout=5s
 216.088  t=214s RTT mean=35373 min=22819 max=48021 n=26 to=0 | cancels=0(+0/s) seqbad=0 len_bad=0 disc=1(0x3e) | tot_n=4713 tot_to=0 maxever=71913 >2ms=4713 >5ms=4713 >15ms=4711 >20ms=4709 >30ms=3529 | probes=4714 wrfail=0 down=5s maxout=5s
 218.085  t=215s RTT mean=36335 min=22820 max=50495 n=26 to=0 | cancels=0(+0/s) seqbad=0 len_bad=0 disc=1(0x3e) | tot_n=4739 tot_to=0 maxever=71913 >2ms=4739 >5ms=4739 >15ms=4737 >20ms=4735 >30ms=3542 | probes=4740 wrfail=0 down=5s maxout=5s
 218.085  t=216s RTT mean=34412 min=22818 max=46922 n=26 to=0 | cancels=0(+0/s) seqbad=0 len_bad=0 disc=1(0x3e) | tot_n=4765 tot_to=0 maxever=71913 >2ms=4765 >5ms=4765 >15ms=4763 >20ms=4761 >30ms=3553 | probes=4766 wrfail=0 down=5s maxout=5s
 220.097  t=217s RTT mean=35373 min=22820 max=48020 n=26 to=0 | cancels=0(+0/s) seqbad=0 len_bad=0 disc=1(0x3e) | tot_n=4791 tot_to=0 maxever=71913 >2ms=4791 >5ms=4791 >15ms=4789 >20ms=4787 >30ms=3565 | probes=4792 wrfail=0 down=5s maxout=5s
 220.097  t=218s RTT mean=35373 min=22818 max=48020 n=26 to=0 | cancels=0(+0/s) seqbad=0 len_bad=0 disc=1(0x3e) | tot_n=4817 tot_to=0 maxever=71913 >2ms=4817 >5ms=4817 >15ms=4815 >20ms=4813 >30ms=3577 | probes=4818 wrfail=0 down=5s maxout=5s
 222.107  t=219s RTT mean=35374 min=22818 max=48020 n=26 to=0 | cancels=0(+0/s) seqbad=0 len_bad=0 disc=1(0x3e) | tot_n=4843 tot_to=0 maxever=71913 >2ms=4843 >5ms=4843 >15ms=4841 >20ms=4839 >30ms=3589 | probes=4844 wrfail=0 down=5s maxout=5s
 222.107  t=220s RTT mean=35373 min=22818 max=48020 n=26 to=0 | cancels=0(+0/s) seqbad=0 len_bad=0 disc=1(0x3e) | tot_n=4869 tot_to=0 maxever=71913 >2ms=4869 >5ms=4869 >15ms=4867 >20ms=4865 >30ms=3601 | probes=4870 wrfail=0 down=5s maxout=5s
 224.080  t=221s RTT mean=36335 min=22818 max=50560 n=26 to=0 | cancels=0(+0/s) seqbad=0 len_bad=0 disc=1(0x3e) | tot_n=4895 tot_to=0 maxever=71913 >2ms=4895 >5ms=4895 >15ms=4893 >20ms=4891 >30ms=3614 | probes=4896 wrfail=0 down=5s maxout=5s
 224.080  t=222s RTT mean=35373 min=22819 max=50500 n=26 to=0 | cancels=0(+0/s) seqbad=0 len_bad=0 disc=1(0x3e) | tot_n=4921 tot_to=0 maxever=71913 >2ms=4921 >5ms=4921 >15ms=4919 >20ms=4917 >30ms=3626 | probes=4922 wrfail=0 down=5s maxout=5s
 226.107  t=223s RTT mean=34412 min=19362 max=46929 n=26 to=0 | cancels=0(+0/s) seqbad=0 len_bad=0 disc=1(0x3e) | tot_n=4947 tot_to=0 maxever=71913 >2ms=4947 >5ms=4947 >15ms=4945 >20ms=4942 >30ms=3637 | probes=4948 wrfail=0 down=5s maxout=5s
 226.107  t=224s RTT mean=36334 min=25496 max=48020 n=26 to=0 | cancels=0(+0/s) seqbad=0 len_bad=0 disc=1(0x3e) | tot_n=4973 tot_to=0 maxever=71913 >2ms=4973 >5ms=4973 >15ms=4971 >20ms=4968 >30ms=3651 | probes=4974 wrfail=0 down=5s maxout=5s
 228.087  t=225s RTT mean=34412 min=22818 max=46929 n=26 to=0 | cancels=0(+0/s) seqbad=0 len_bad=0 disc=1(0x3e) | tot_n=4999 tot_to=0 maxever=71913 >2ms=4999 >5ms=4999 >15ms=4997 >20ms=4994 >30ms=3662 | probes=5000 wrfail=0 down=5s maxout=5s
 228.087  t=226s RTT mean=35373 min=22820 max=48020 n=26 to=0 | cancels=0(+0/s) seqbad=0 len_bad=0 disc=1(0x3e) | tot_n=5025 tot_to=0 maxever=71913 >2ms=5025 >5ms=5025 >15ms=5023 >20ms=5020 >30ms=3674 | probes=5026 wrfail=0 down=5s maxout=5s
 230.064  t=227s RTT mean=35373 min=22818 max=48020 n=26 to=0 | cancels=0(+0/s) seqbad=0 len_bad=0 disc=1(0x3e) | tot_n=5051 tot_to=0 maxever=71913 >2ms=5051 >5ms=5051 >15ms=5049 >20ms=5046 >30ms=3686 | probes=5052 wrfail=0 down=5s maxout=5s
 230.124  t=228s RTT mean=35373 min=22820 max=48020 n=26 to=0 | cancels=0(+0/s) seqbad=0 len_bad=0 disc=1(0x3e) | tot_n=5077 tot_to=0 maxever=71913 >2ms=5077 >5ms=5077 >15ms=5075 >20ms=5072 >30ms=3698 | probes=5078 wrfail=0 down=5s maxout=5s
 232.097  t=229s RTT mean=35373 min=22818 max=48019 n=26 to=0 | cancels=0(+0/s) seqbad=0 len_bad=0 disc=1(0x3e) | tot_n=5103 tot_to=0 maxever=71913 >2ms=5103 >5ms=5103 >15ms=5101 >20ms=5098 >30ms=3710 | probes=5104 wrfail=0 down=5s maxout=5s
 232.097  t=230s RTT mean=35373 min=22820 max=48020 n=26 to=0 | cancels=0(+0/s) seqbad=0 len_bad=0 disc=1(0x3e) | tot_n=5129 tot_to=0 maxever=71913 >2ms=5129 >5ms=5129 >15ms=5127 >20ms=5124 >30ms=3722 | probes=5130 wrfail=0 down=5s maxout=5s
 234.065  t=231s RTT mean=35373 min=22818 max=48019 n=26 to=0 | cancels=0(+0/s) seqbad=0 len_bad=0 disc=1(0x3e) | tot_n=5155 tot_to=0 maxever=71913 >2ms=5155 >5ms=5155 >15ms=5153 >20ms=5150 >30ms=3734 | probes=5156 wrfail=0 down=5s maxout=5s
 234.125  t=232s RTT mean=35373 min=22820 max=48021 n=26 to=0 | cancels=0(+0/s) seqbad=0 len_bad=0 disc=1(0x3e) | tot_n=5181 tot_to=0 maxever=71913 >2ms=5181 >5ms=5181 >15ms=5179 >20ms=5176 >30ms=3746 | probes=5182 wrfail=0 down=5s maxout=5s
 236.097  t=233s RTT mean=35373 min=22819 max=48019 n=26 to=0 | cancels=0(+0/s) seqbad=0 len_bad=0 disc=1(0x3e) | tot_n=5207 tot_to=0 maxever=71913 >2ms=5207 >5ms=5207 >15ms=5205 >20ms=5202 >30ms=3758 | probes=5208 wrfail=0 down=5s maxout=5s
 236.097  t=234s RTT mean=35373 min=22819 max=48021 n=26 to=0 | cancels=0(+0/s) seqbad=0 len_bad=0 disc=1(0x3e) | tot_n=5233 tot_to=0 maxever=71913 >2ms=5233 >5ms=5233 >15ms=5231 >20ms=5228 >30ms=3770 | probes=5234 wrfail=0 down=5s maxout=5s
 238.104  t=235s RTT mean=35373 min=22820 max=48020 n=26 to=0 | cancels=0(+0/s) seqbad=0 len_bad=0 disc=1(0x3e) | tot_n=5259 tot_to=0 maxever=71913 >2ms=5259 >5ms=5259 >15ms=5257 >20ms=5254 >30ms=3782 | probes=5260 wrfail=0 down=5s maxout=5s
 238.104  t=236s RTT mean=35373 min=22818 max=48020 n=26 to=0 | cancels=0(+0/s) seqbad=0 len_bad=0 disc=1(0x3e) | tot_n=5285 tot_to=0 maxever=71913 >2ms=5285 >5ms=5285 >15ms=5283 >20ms=5280 >30ms=3794 | probes=5286 wrfail=0 down=5s maxout=5s
 240.070  t=237s RTT mean=35373 min=22820 max=48020 n=26 to=0 | cancels=0(+0/s) seqbad=0 len_bad=0 disc=1(0x3e) | tot_n=5311 tot_to=0 maxever=71913 >2ms=5311 >5ms=5311 >15ms=5309 >20ms=5306 >30ms=3806 | probes=5312 wrfail=0 down=5s maxout=5s
 240.130  t=238s RTT mean=35373 min=22818 max=48020 n=26 to=0 | cancels=0(+0/s) seqbad=0 len_bad=0 disc=1(0x3e) | tot_n=5337 tot_to=0 maxever=71913 >2ms=5337 >5ms=5337 >15ms=5335 >20ms=5332 >30ms=3818 | probes=5338 wrfail=0 down=5s maxout=5s
 242.105  t=239s RTT mean=35374 min=22820 max=48020 n=26 to=0 | cancels=0(+0/s) seqbad=0 len_bad=0 disc=1(0x3e) | tot_n=5363 tot_to=0 maxever=71913 >2ms=5363 >5ms=5363 >15ms=5361 >20ms=5358 >30ms=3830 | probes=5364 wrfail=0 down=5s maxout=5s
 242.105  t=240s RTT mean=35373 min=22818 max=48020 n=26 to=0 | cancels=0(+0/s) seqbad=0 len_bad=0 disc=1(0x3e) | tot_n=5389 tot_to=0 maxever=71913 >2ms=5389 >5ms=5389 >15ms=5387 >20ms=5384 >30ms=3842 | probes=5390 wrfail=0 down=5s maxout=5s
 244.112  t=241s RTT mean=35374 min=22818 max=48020 n=26 to=0 | cancels=0(+0/s) seqbad=0 len_bad=0 disc=1(0x3e) | tot_n=5415 tot_to=0 maxever=71913 >2ms=5415 >5ms=5415 >15ms=5413 >20ms=5410 >30ms=3854 | probes=5416 wrfail=0 down=5s maxout=5s
 244.112  t=242s RTT mean=35373 min=22818 max=48020 n=26 to=0 | cancels=0(+0/s) seqbad=0 len_bad=0 disc=1(0x3e) | tot_n=5441 tot_to=0 maxever=71913 >2ms=5441 >5ms=5441 >15ms=5439 >20ms=5436 >30ms=3866 | probes=5442 wrfail=0 down=5s maxout=5s
 246.087  t=243s RTT mean=35374 min=22818 max=48020 n=26 to=0 | cancels=0(+0/s) seqbad=0 len_bad=0 disc=1(0x3e) | tot_n=5467 tot_to=0 maxever=71913 >2ms=5467 >5ms=5467 >15ms=5465 >20ms=5462 >30ms=3878 | probes=5468 wrfail=0 down=5s maxout=5s
 246.087  t=244s RTT mean=35373 min=22818 max=48019 n=26 to=0 | cancels=0(+0/s) seqbad=0 len_bad=0 disc=1(0x3e) | tot_n=5493 tot_to=0 maxever=71913 >2ms=5493 >5ms=5493 >15ms=5491 >20ms=5488 >30ms=3890 | probes=5494 wrfail=0 down=5s maxout=5s
 248.097  t=245s RTT mean=36335 min=25496 max=48021 n=26 to=0 | cancels=0(+0/s) seqbad=0 len_bad=0 disc=1(0x3e) | tot_n=5519 tot_to=0 maxever=71913 >2ms=5519 >5ms=5519 >15ms=5517 >20ms=5514 >30ms=3904 | probes=5520 wrfail=0 down=5s maxout=5s
 248.097  PCTL target=75 tot=1560 to=0 p50=26 p90=46 p99=48 p99.9=50 max=50 g30=726 g100=0 (ms/counts)
 248.097  LOADRAMP: target=100 KBps for 60s
 248.097  t=246s RTT mean=31732 min=15847 max=46917 n=28 to=0 | cancels=0(+0/s) seqbad=0 len_bad=0 disc=1(0x3e) | tot_n=5547 tot_to=0 maxever=71913 >2ms=5547 >5ms=5547 >15ms=5545 >20ms=5541 >30ms=3913 | probes=5548 wrfail=0 down=5s maxout=5s
 250.062  t=247s RTT mean=32256 min=3874 max=48020 n=29 to=0 | cancels=0(+0/s) seqbad=0 len_bad=0 disc=1(0x3e) | tot_n=5576 tot_to=0 maxever=71913 >2ms=5576 >5ms=5575 >15ms=5573 >20ms=5569 >30ms=3923 | probes=5577 wrfail=0 down=5s maxout=5s
 250.122  t=248s RTT mean=31732 min=14649 max=46916 n=28 to=0 | cancels=0(+0/s) seqbad=0 len_bad=0 disc=1(0x3e) | tot_n=5604 tot_to=0 maxever=71913 >2ms=5604 >5ms=5603 >15ms=5600 >20ms=5596 >30ms=3932 | probes=5605 wrfail=0 down=5s maxout=5s
 252.080  t=249s RTT mean=32626 min=8664 max=48020 n=28 to=0 | cancels=0(+0/s) seqbad=0 len_bad=0 disc=1(0x3e) | tot_n=5632 tot_to=0 maxever=71913 >2ms=5632 >5ms=5631 >15ms=5627 >20ms=5623 >30ms=3942 | probes=5633 wrfail=0 down=5s maxout=5s
 252.080  t=250s RTT mean=32256 min=3875 max=48020 n=29 to=0 | cancels=0(+0/s) seqbad=0 len_bad=0 disc=1(0x3e) | tot_n=5661 tot_to=0 maxever=71913 >2ms=5661 >5ms=5659 >15ms=5655 >20ms=5651 >30ms=3952 | probes=5662 wrfail=0 down=5s maxout=5s
 254.103  t=251s RTT mean=31394 min=3875 max=46929 n=29 to=0 | cancels=0(+0/s) seqbad=0 len_bad=0 disc=1(0x3e) | tot_n=5690 tot_to=0 maxever=71913 >2ms=5690 >5ms=5687 >15ms=5683 >20ms=5679 >30ms=3961 | probes=5691 wrfail=0 down=5s maxout=5s
 254.104  t=252s RTT mean=31394 min=3875 max=46917 n=29 to=0 | cancels=0(+0/s) seqbad=0 len_bad=0 disc=1(0x3e) | tot_n=5719 tot_to=0 maxever=71913 >2ms=5719 >5ms=5715 >15ms=5711 >20ms=5707 >30ms=3970 | probes=5720 wrfail=0 down=5s maxout=5s
 256.070  t=253s RTT mean=32256 min=23278 max=46928 n=29 to=0 | cancels=0(+0/s) seqbad=0 len_bad=0 disc=1(0x3e) | tot_n=5748 tot_to=0 maxever=71913 >2ms=5748 >5ms=5744 >15ms=5740 >20ms=5736 >30ms=3979 | probes=5748 wrfail=0 down=5s maxout=5s
 256.121  t=254s RTT mean=31733 min=3874 max=48020 n=28 to=0 | cancels=0(+0/s) seqbad=0 len_bad=0 disc=1(0x3e) | tot_n=5776 tot_to=0 maxever=71913 >2ms=5776 >5ms=5771 >15ms=5767 >20ms=5763 >30ms=3988 | probes=5777 wrfail=0 down=5s maxout=5s
 258.091  t=255s RTT mean=31394 min=3882 max=46928 n=29 to=0 | cancels=0(+0/s) seqbad=0 len_bad=0 disc=1(0x3e) | tot_n=5805 tot_to=0 maxever=71913 >2ms=5805 >5ms=5799 >15ms=5795 >20ms=5791 >30ms=3997 | probes=5806 wrfail=0 down=5s maxout=5s
 258.091  t=256s RTT mean=31394 min=3874 max=46916 n=29 to=0 | cancels=0(+0/s) seqbad=0 len_bad=0 disc=1(0x3e) | tot_n=5834 tot_to=0 maxever=71913 >2ms=5834 >5ms=5827 >15ms=5823 >20ms=5819 >30ms=4006 | probes=5835 wrfail=0 down=5s maxout=5s
 260.097  t=257s RTT mean=31394 min=3875 max=46928 n=29 to=0 | cancels=0(+0/s) seqbad=0 len_bad=0 disc=1(0x3e) | tot_n=5863 tot_to=0 maxever=71913 >2ms=5863 >5ms=5855 >15ms=5851 >20ms=5847 >30ms=4015 | probes=5864 wrfail=0 down=5s maxout=5s
 260.097  t=258s RTT mean=31394 min=3874 max=46917 n=29 to=0 | cancels=0(+0/s) seqbad=0 len_bad=0 disc=1(0x3e) | tot_n=5892 tot_to=0 maxever=71913 >2ms=5892 >5ms=5883 >15ms=5879 >20ms=5875 >30ms=4024 | probes=5893 wrfail=0 down=5s maxout=5s
 262.114  t=259s RTT mean=31394 min=3875 max=46928 n=29 to=0 | cancels=0(+0/s) seqbad=0 len_bad=0 disc=1(0x3e) | tot_n=5921 tot_to=0 maxever=71913 >2ms=5921 >5ms=5911 >15ms=5907 >20ms=5903 >30ms=4033 | probes=5922 wrfail=0 down=5s maxout=5s
 262.114  t=260s RTT mean=31394 min=3875 max=46917 n=29 to=0 | cancels=0(+0/s) seqbad=0 len_bad=0 disc=1(0x3e) | tot_n=5950 tot_to=0 maxever=71913 >2ms=5950 >5ms=5939 >15ms=5935 >20ms=5931 >30ms=4042 | probes=5951 wrfail=0 down=5s maxout=5s
 264.114  t=261s RTT mean=32256 min=5073 max=50070 n=29 to=0 | cancels=0(+0/s) seqbad=0 len_bad=0 disc=1(0x3e) | tot_n=5979 tot_to=0 maxever=71913 >2ms=5979 >5ms=5968 >15ms=5963 >20ms=5959 >30ms=4052 | probes=5979 wrfail=0 down=5s maxout=5s
 264.114  t=262s RTT mean=32625 min=14649 max=48020 n=28 to=0 | cancels=0(+0/s) seqbad=0 len_bad=0 disc=1(0x3e) | tot_n=6007 tot_to=0 maxever=71913 >2ms=6007 >5ms=5996 >15ms=5990 >20ms=5986 >30ms=4062 | probes=6007 wrfail=0 down=5s maxout=5s
 266.074  t=263s RTT mean=31733 min=3875 max=48020 n=28 to=0 | cancels=0(+0/s) seqbad=0 len_bad=0 disc=1(0x3e) | tot_n=6035 tot_to=0 maxever=71913 >2ms=6035 >5ms=6023 >15ms=6017 >20ms=6013 >30ms=4071 | probes=6036 wrfail=0 down=5s maxout=5s
 266.130  t=264s RTT mean=31394 min=3875 max=46917 n=29 to=0 | cancels=0(+0/s) seqbad=0 len_bad=0 disc=1(0x3e) | tot_n=6064 tot_to=0 maxever=71913 >2ms=6064 >5ms=6051 >15ms=6045 >20ms=6041 >30ms=4080 | probes=6065 wrfail=0 down=5s maxout=5s
 268.076  t=265s RTT mean=31394 min=3875 max=46928 n=29 to=0 | cancels=0(+0/s) seqbad=0 len_bad=0 disc=1(0x3e) | tot_n=6093 tot_to=0 maxever=71913 >2ms=6093 >5ms=6079 >15ms=6073 >20ms=6069 >30ms=4089 | probes=6094 wrfail=0 down=5s maxout=5s
 268.130  t=266s RTT mean=31394 min=3884 max=46917 n=29 to=0 | cancels=0(+0/s) seqbad=0 len_bad=0 disc=1(0x3e) | tot_n=6122 tot_to=0 maxever=71913 >2ms=6122 >5ms=6107 >15ms=6101 >20ms=6097 >30ms=4098 | probes=6123 wrfail=0 down=5s maxout=5s
 270.091  t=267s RTT mean=32256 min=11057 max=46928 n=29 to=0 | cancels=0(+0/s) seqbad=0 len_bad=0 disc=1(0x3e) | tot_n=6151 tot_to=0 maxever=71913 >2ms=6151 >5ms=6136 >15ms=6129 >20ms=6125 >30ms=4108 | probes=6151 wrfail=0 down=5s maxout=5s
 270.091  t=268s RTT mean=31733 min=3875 max=48020 n=28 to=0 | cancels=0(+0/s) seqbad=0 len_bad=0 disc=1(0x3e) | tot_n=6179 tot_to=0 maxever=71913 >2ms=6179 >5ms=6163 >15ms=6156 >20ms=6152 >30ms=4117 | probes=6180 wrfail=0 down=5s maxout=5s
 272.064  t=269s RTT mean=32257 min=8665 max=46928 n=29 to=0 | cancels=0(+0/s) seqbad=0 len_bad=0 disc=1(0x3e) | tot_n=6208 tot_to=0 maxever=71913 >2ms=6208 >5ms=6192 >15ms=6184 >20ms=6180 >30ms=4127 | probes=6208 wrfail=0 down=5s maxout=5s
 272.120  t=270s RTT mean=32625 min=5073 max=49303 n=28 to=0 | cancels=0(+0/s) seqbad=0 len_bad=0 disc=1(0x3e) | tot_n=6236 tot_to=0 maxever=71913 >2ms=6236 >5ms=6220 >15ms=6211 >20ms=6207 >30ms=4137 | probes=6236 wrfail=0 down=5s maxout=5s
 274.067  t=271s RTT mean=31733 min=3874 max=48021 n=28 to=0 | cancels=0(+0/s) seqbad=0 len_bad=0 disc=1(0x3e) | tot_n=6264 tot_to=0 maxever=71913 >2ms=6264 >5ms=6247 >15ms=6238 >20ms=6234 >30ms=4146 | probes=6265 wrfail=0 down=5s maxout=5s
 274.127  t=272s RTT mean=31394 min=3875 max=46917 n=29 to=0 | cancels=0(+0/s) seqbad=0 len_bad=0 disc=1(0x3e) | tot_n=6293 tot_to=0 maxever=71913 >2ms=6293 >5ms=6275 >15ms=6266 >20ms=6262 >30ms=4155 | probes=6294 wrfail=0 down=5s maxout=5s
 276.097  t=273s RTT mean=31394 min=3874 max=46928 n=29 to=0 | cancels=0(+0/s) seqbad=0 len_bad=0 disc=1(0x3e) | tot_n=6322 tot_to=0 maxever=71913 >2ms=6322 >5ms=6303 >15ms=6294 >20ms=6290 >30ms=4164 | probes=6323 wrfail=0 down=5s maxout=5s
 276.097  t=274s RTT mean=31394 min=3875 max=46917 n=29 to=0 | cancels=0(+0/s) seqbad=0 len_bad=0 disc=1(0x3e) | tot_n=6351 tot_to=0 maxever=71913 >2ms=6351 >5ms=6331 >15ms=6322 >20ms=6318 >30ms=4173 | probes=6352 wrfail=0 down=5s maxout=5s
 278.064  t=275s RTT mean=32256 min=22897 max=46928 n=29 to=0 | cancels=0(+0/s) seqbad=0 len_bad=0 disc=1(0x3e) | tot_n=6380 tot_to=0 maxever=71913 >2ms=6380 >5ms=6360 >15ms=6351 >20ms=6347 >30ms=4182 | probes=6381 wrfail=0 down=5s maxout=5s
 278.124  t=276s RTT mean=32626 min=25421 max=48020 n=28 to=0 | cancels=0(+0/s) seqbad=0 len_bad=0 disc=1(0x3e) | tot_n=6408 tot_to=0 maxever=71913 >2ms=6408 >5ms=6388 >15ms=6379 >20ms=6375 >30ms=4191 | probes=6409 wrfail=0 down=5s maxout=5s
 280.117  t=277s RTT mean=31733 min=3879 max=48019 n=28 to=0 | cancels=0(+0/s) seqbad=0 len_bad=0 disc=1(0x3e) | tot_n=6436 tot_to=0 maxever=71913 >2ms=6436 >5ms=6415 >15ms=6406 >20ms=6402 >30ms=4200 | probes=6437 wrfail=0 down=5s maxout=5s
 280.117  t=278s RTT mean=32256 min=3874 max=50501 n=29 to=0 | cancels=0(+0/s) seqbad=0 len_bad=0 disc=1(0x3e) | tot_n=6465 tot_to=0 maxever=71913 >2ms=6465 >5ms=6443 >15ms=6434 >20ms=6430 >30ms=4210 | probes=6466 wrfail=0 down=5s maxout=5s
 282.097  t=279s RTT mean=32625 min=8667 max=48019 n=28 to=0 | cancels=0(+0/s) seqbad=0 len_bad=0 disc=1(0x3e) | tot_n=6493 tot_to=0 maxever=71913 >2ms=6493 >5ms=6471 >15ms=6461 >20ms=6457 >30ms=4220 | probes=6494 wrfail=0 down=5s maxout=5s
 282.097  t=280s RTT mean=31732 min=3874 max=48021 n=28 to=0 | cancels=0(+0/s) seqbad=0 len_bad=0 disc=1(0x3e) | tot_n=6521 tot_to=0 maxever=71913 >2ms=6521 >5ms=6498 >15ms=6488 >20ms=6484 >30ms=4229 | probes=6522 wrfail=0 down=5s maxout=5s
 284.114  t=281s RTT mean=32256 min=15846 max=46927 n=29 to=0 | cancels=0(+0/s) seqbad=0 len_bad=0 disc=1(0x3e) | tot_n=6550 tot_to=0 maxever=71913 >2ms=6550 >5ms=6527 >15ms=6517 >20ms=6512 >30ms=4239 | probes=6551 wrfail=0 down=5s maxout=5s
 284.114  t=282s RTT mean=31733 min=3874 max=48021 n=28 to=0 | cancels=0(+0/s) seqbad=0 len_bad=0 disc=1(0x3e) | tot_n=6578 tot_to=0 maxever=71913 >2ms=6578 >5ms=6554 >15ms=6544 >20ms=6539 >30ms=4248 | probes=6579 wrfail=0 down=5s maxout=5s
 286.083  t=283s RTT mean=31394 min=3875 max=46927 n=29 to=0 | cancels=0(+0/s) seqbad=0 len_bad=0 disc=1(0x3e) | tot_n=6607 tot_to=0 maxever=71913 >2ms=6607 >5ms=6582 >15ms=6572 >20ms=6567 >30ms=4257 | probes=6608 wrfail=0 down=5s maxout=5s
 286.083  t=284s RTT mean=31394 min=3875 max=46917 n=29 to=0 | cancels=0(+0/s) seqbad=0 len_bad=0 disc=1(0x3e) | tot_n=6636 tot_to=0 maxever=71913 >2ms=6636 >5ms=6610 >15ms=6600 >20ms=6595 >30ms=4266 | probes=6637 wrfail=0 down=5s maxout=5s
 288.051  t=285s RTT mean=31394 min=3875 max=46926 n=29 to=0 | cancels=0(+0/s) seqbad=0 len_bad=0 disc=1(0x3e) | tot_n=6665 tot_to=0 maxever=71913 >2ms=6665 >5ms=6638 >15ms=6628 >20ms=6623 >30ms=4275 | probes=6666 wrfail=0 down=5s maxout=5s
 288.110  t=286s RTT mean=31394 min=3884 max=46917 n=29 to=0 | cancels=0(+0/s) seqbad=0 len_bad=0 disc=1(0x3e) | tot_n=6694 tot_to=0 maxever=71913 >2ms=6694 >5ms=6666 >15ms=6656 >20ms=6651 >30ms=4284 | probes=6695 wrfail=0 down=5s maxout=5s
 290.063  t=287s RTT mean=31394 min=3874 max=46926 n=29 to=0 | cancels=0(+0/s) seqbad=0 len_bad=0 disc=1(0x3e) | tot_n=6723 tot_to=0 maxever=71913 >2ms=6723 >5ms=6694 >15ms=6684 >20ms=6679 >30ms=4293 | probes=6724 wrfail=0 down=5s maxout=5s
 290.124  t=288s RTT mean=32255 min=9863 max=46917 n=29 to=0 | cancels=0(+0/s) seqbad=0 len_bad=0 disc=1(0x3e) | tot_n=6752 tot_to=0 maxever=71913 >2ms=6752 >5ms=6723 >15ms=6712 >20ms=6707 >30ms=4303 | probes=6753 wrfail=0 down=5s maxout=5s
 292.095  t=289s RTT mean=31732 min=2677 max=48020 n=28 to=0 | cancels=0(+0/s) seqbad=0 len_bad=0 disc=1(0x3e) | tot_n=6780 tot_to=0 maxever=71913 >2ms=6780 >5ms=6750 >15ms=6739 >20ms=6734 >30ms=4312 | probes=6781 wrfail=0 down=5s maxout=5s
 292.095  t=290s RTT mean=32256 min=5073 max=49304 n=29 to=0 | cancels=0(+0/s) seqbad=0 len_bad=0 disc=1(0x3e) | tot_n=6809 tot_to=0 maxever=71913 >2ms=6809 >5ms=6779 >15ms=6767 >20ms=6762 >30ms=4322 | probes=6810 wrfail=0 down=5s maxout=5s
 294.040  t=291s RTT mean=32625 min=6270 max=48109 n=28 to=0 | cancels=0(+0/s) seqbad=0 len_bad=0 disc=1(0x3e) | tot_n=6837 tot_to=0 maxever=71913 >2ms=6837 >5ms=6807 >15ms=6794 >20ms=6789 >30ms=4332 | probes=6838 wrfail=0 down=5s maxout=5s
 294.096  t=292s RTT mean=31733 min=3875 max=48020 n=28 to=0 | cancels=0(+0/s) seqbad=0 len_bad=0 disc=1(0x3e) | tot_n=6865 tot_to=0 maxever=71913 >2ms=6865 >5ms=6834 >15ms=6821 >20ms=6816 >30ms=4341 | probes=6866 wrfail=0 down=5s maxout=5s
 296.096  t=293s RTT mean=31394 min=3875 max=46926 n=29 to=0 | cancels=0(+0/s) seqbad=0 len_bad=0 disc=1(0x3e) | tot_n=6894 tot_to=0 maxever=71913 >2ms=6894 >5ms=6862 >15ms=6849 >20ms=6844 >30ms=4350 | probes=6895 wrfail=0 down=5s maxout=5s
 296.096  t=294s RTT mean=31394 min=3875 max=46917 n=29 to=0 | cancels=0(+0/s) seqbad=0 len_bad=0 disc=1(0x3e) | tot_n=6923 tot_to=0 maxever=71913 >2ms=6923 >5ms=6890 >15ms=6877 >20ms=6872 >30ms=4359 | probes=6924 wrfail=0 down=5s maxout=5s
 298.038  t=295s RTT mean=31394 min=3886 max=46925 n=29 to=0 | cancels=0(+0/s) seqbad=0 len_bad=0 disc=1(0x3e) | tot_n=6952 tot_to=0 maxever=71913 >2ms=6952 >5ms=6918 >15ms=6905 >20ms=6900 >30ms=4368 | probes=6953 wrfail=0 down=5s maxout=5s
 298.093  t=296s RTT mean=32255 min=17044 max=46916 n=29 to=0 | cancels=0(+0/s) seqbad=0 len_bad=0 disc=1(0x3e) | tot_n=6981 tot_to=0 maxever=71913 >2ms=6981 >5ms=6947 >15ms=6934 >20ms=6928 >30ms=4378 | probes=6982 wrfail=0 down=5s maxout=5s
 300.063  t=297s RTT mean=32625 min=25421 max=48019 n=28 to=0 | cancels=0(+0/s) seqbad=0 len_bad=0 disc=1(0x3e) | tot_n=7009 tot_to=0 maxever=71913 >2ms=7009 >5ms=6975 >15ms=6962 >20ms=6956 >30ms=4387 | probes=7010 wrfail=0 down=5s maxout=5s
 300.063  t=298s RTT mean=31733 min=3874 max=48020 n=28 to=0 | cancels=0(+0/s) seqbad=0 len_bad=0 disc=1(0x3e) | tot_n=7037 tot_to=0 maxever=71913 >2ms=7037 >5ms=7002 >15ms=6989 >20ms=6983 >30ms=4396 | probes=7038 wrfail=0 down=5s maxout=5s
 302.079  t=299s RTT mean=31394 min=3875 max=46926 n=29 to=0 | cancels=0(+0/s) seqbad=0 len_bad=0 disc=1(0x3e) | tot_n=7066 tot_to=0 maxever=71913 >2ms=7066 >5ms=7030 >15ms=7017 >20ms=7011 >30ms=4405 | probes=7067 wrfail=0 down=5s maxout=5s
 302.079  t=300s RTT mean=32256 min=23278 max=46917 n=29 to=0 | cancels=0(+0/s) seqbad=0 len_bad=0 disc=1(0x3e) | tot_n=7095 tot_to=0 maxever=71913 >2ms=7095 >5ms=7059 >15ms=7046 >20ms=7040 >30ms=4414 | probes=7096 wrfail=0 down=5s maxout=5s
 304.087  t=301s RTT mean=32625 min=20886 max=48019 n=28 to=0 | cancels=0(+0/s) seqbad=0 len_bad=0 disc=1(0x3e) | tot_n=7123 tot_to=0 maxever=71913 >2ms=7123 >5ms=7087 >15ms=7074 >20ms=7068 >30ms=4424 | probes=7124 wrfail=0 down=5s maxout=5s
 304.088  t=302s RTT mean=31733 min=3875 max=48021 n=28 to=0 | cancels=0(+0/s) seqbad=0 len_bad=0 disc=1(0x3e) | tot_n=7151 tot_to=0 maxever=71913 >2ms=7151 >5ms=7114 >15ms=7101 >20ms=7095 >30ms=4433 | probes=7152 wrfail=0 down=5s maxout=5s
 306.059  t=303s RTT mean=31394 min=3875 max=46926 n=29 to=0 | cancels=0(+0/s) seqbad=0 len_bad=0 disc=1(0x3e) | tot_n=7180 tot_to=0 maxever=71913 >2ms=7180 >5ms=7142 >15ms=7129 >20ms=7123 >30ms=4442 | probes=7181 wrfail=0 down=5s maxout=5s
 306.059  t=304s RTT mean=31394 min=3875 max=46917 n=29 to=0 | cancels=0(+0/s) seqbad=0 len_bad=0 disc=1(0x3e) | tot_n=7209 tot_to=0 maxever=71913 >2ms=7209 >5ms=7170 >15ms=7157 >20ms=7151 >30ms=4451 | probes=7210 wrfail=0 down=5s maxout=5s
 308.077  t=305s RTT mean=32256 min=18241 max=46926 n=29 to=0 | cancels=0(+0/s) seqbad=0 len_bad=0 disc=1(0x3e) | tot_n=7238 tot_to=0 maxever=71913 >2ms=7238 >5ms=7199 >15ms=7186 >20ms=7179 >30ms=4461 | probes=7239 wrfail=0 down=5s maxout=5s
 308.077  PCTL target=100 tot=1718 to=0 p50=25 p90=46 p99=48 p99.9=49 max=50 g30=556 g100=0 (ms/counts)
 308.077  LOADRAMP: target=125 KBps for 60s
 308.077  t=306s RTT mean=30531 min=20810 max=48020 n=29 to=0 | cancels=0(+0/s) seqbad=0 len_bad=0 disc=1(0x3e) | tot_n=7267 tot_to=0 maxever=71913 >2ms=7267 >5ms=7228 >15ms=7215 >20ms=7208 >30ms=4468 | probes=7268 wrfail=0 down=5s maxout=5s
 310.073  t=307s RTT mean=30244 min=23278 max=46927 n=30 to=0 | cancels=0(+0/s) seqbad=0 len_bad=0 disc=1(0x3e) | tot_n=7297 tot_to=0 maxever=71913 >2ms=7297 >5ms=7258 >15ms=7245 >20ms=7238 >30ms=4475 | probes=7298 wrfail=0 down=5s maxout=5s
 310.073  t=308s RTT mean=30244 min=23278 max=46917 n=30 to=0 | cancels=0(+0/s) seqbad=0 len_bad=0 disc=1(0x3e) | tot_n=7327 tot_to=0 maxever=71913 >2ms=7327 >5ms=7288 >15ms=7275 >20ms=7268 >30ms=4482 | probes=7328 wrfail=0 down=5s maxout=5s
 312.082  t=309s RTT mean=30244 min=23278 max=46928 n=30 to=0 | cancels=0(+0/s) seqbad=0 len_bad=0 disc=1(0x3e) | tot_n=7357 tot_to=0 maxever=71913 >2ms=7357 >5ms=7318 >15ms=7305 >20ms=7298 >30ms=4489 | probes=7358 wrfail=0 down=5s maxout=5s
 312.082  t=310s RTT mean=30244 min=23278 max=46918 n=30 to=0 | cancels=0(+0/s) seqbad=0 len_bad=0 disc=1(0x3e) | tot_n=7387 tot_to=0 maxever=71913 >2ms=7387 >5ms=7348 >15ms=7335 >20ms=7328 >30ms=4496 | probes=7388 wrfail=0 down=5s maxout=5s
 314.054  t=311s RTT mean=30244 min=23279 max=46928 n=30 to=0 | cancels=0(+0/s) seqbad=0 len_bad=0 disc=1(0x3e) | tot_n=7417 tot_to=0 maxever=71913 >2ms=7417 >5ms=7378 >15ms=7365 >20ms=7358 >30ms=4503 | probes=7418 wrfail=0 down=5s maxout=5s
 314.055  t=312s RTT mean=30244 min=23279 max=46918 n=30 to=0 | cancels=0(+0/s) seqbad=0 len_bad=0 disc=1(0x3e) | tot_n=7447 tot_to=0 maxever=71913 >2ms=7447 >5ms=7408 >15ms=7395 >20ms=7388 >30ms=4510 | probes=7448 wrfail=0 down=5s maxout=5s
 316.081  t=313s RTT mean=30244 min=23278 max=46927 n=30 to=0 | cancels=0(+0/s) seqbad=0 len_bad=0 disc=1(0x3e) | tot_n=7477 tot_to=0 maxever=71913 >2ms=7477 >5ms=7438 >15ms=7425 >20ms=7418 >30ms=4517 | probes=7478 wrfail=0 down=5s maxout=5s
 316.081  t=314s RTT mean=30244 min=23279 max=46917 n=30 to=0 | cancels=0(+0/s) seqbad=0 len_bad=0 disc=1(0x3e) | tot_n=7507 tot_to=0 maxever=71913 >2ms=7507 >5ms=7468 >15ms=7455 >20ms=7448 >30ms=4524 | probes=7508 wrfail=0 down=5s maxout=5s
 318.038  t=315s RTT mean=30244 min=23278 max=46928 n=30 to=0 | cancels=0(+0/s) seqbad=0 len_bad=0 disc=1(0x3e) | tot_n=7537 tot_to=0 maxever=71913 >2ms=7537 >5ms=7498 >15ms=7485 >20ms=7478 >30ms=4531 | probes=7538 wrfail=0 down=5s maxout=5s
 318.097  t=316s RTT mean=30244 min=23279 max=46917 n=30 to=0 | cancels=0(+0/s) seqbad=0 len_bad=0 disc=1(0x3e) | tot_n=7567 tot_to=0 maxever=71913 >2ms=7567 >5ms=7528 >15ms=7515 >20ms=7508 >30ms=4538 | probes=7568 wrfail=0 down=5s maxout=5s
 320.040  t=317s RTT mean=30244 min=23278 max=46927 n=30 to=0 | cancels=0(+0/s) seqbad=0 len_bad=0 disc=1(0x3e) | tot_n=7597 tot_to=0 maxever=71913 >2ms=7597 >5ms=7558 >15ms=7545 >20ms=7538 >30ms=4545 | probes=7598 wrfail=0 down=5s maxout=5s
 320.100  t=318s RTT mean=30244 min=23279 max=46917 n=30 to=0 | cancels=0(+0/s) seqbad=0 len_bad=0 disc=1(0x3e) | tot_n=7627 tot_to=0 maxever=71913 >2ms=7627 >5ms=7588 >15ms=7575 >20ms=7568 >30ms=4552 | probes=7628 wrfail=0 down=5s maxout=5s
 322.062  t=319s RTT mean=30244 min=23278 max=46928 n=30 to=0 | cancels=0(+0/s) seqbad=0 len_bad=0 disc=1(0x3e) | tot_n=7657 tot_to=0 maxever=71913 >2ms=7657 >5ms=7618 >15ms=7605 >20ms=7598 >30ms=4559 | probes=7658 wrfail=0 down=5s maxout=5s
 322.062  t=320s RTT mean=30244 min=23278 max=46916 n=30 to=0 | cancels=0(+0/s) seqbad=0 len_bad=0 disc=1(0x3e) | tot_n=7687 tot_to=0 maxever=71913 >2ms=7687 >5ms=7648 >15ms=7635 >20ms=7628 >30ms=4566 | probes=7688 wrfail=0 down=5s maxout=5s
 324.034  t=321s RTT mean=30244 min=23278 max=46928 n=30 to=0 | cancels=0(+0/s) seqbad=0 len_bad=0 disc=1(0x3e) | tot_n=7717 tot_to=0 maxever=71913 >2ms=7717 >5ms=7678 >15ms=7665 >20ms=7658 >30ms=4573 | probes=7718 wrfail=0 down=5s maxout=5s
 324.095  t=322s RTT mean=30244 min=23278 max=46916 n=30 to=0 | cancels=0(+0/s) seqbad=0 len_bad=0 disc=1(0x3e) | tot_n=7747 tot_to=0 maxever=71913 >2ms=7747 >5ms=7708 >15ms=7695 >20ms=7688 >30ms=4580 | probes=7748 wrfail=0 down=5s maxout=5s
 326.052  t=323s RTT mean=30244 min=23278 max=46928 n=30 to=0 | cancels=0(+0/s) seqbad=0 len_bad=0 disc=1(0x3e) | tot_n=7777 tot_to=0 maxever=71913 >2ms=7777 >5ms=7738 >15ms=7725 >20ms=7718 >30ms=4587 | probes=7778 wrfail=0 down=5s maxout=5s
 326.052  t=324s RTT mean=30244 min=23278 max=46917 n=30 to=0 | cancels=0(+0/s) seqbad=0 len_bad=0 disc=1(0x3e) | tot_n=7807 tot_to=0 maxever=71913 >2ms=7807 >5ms=7768 >15ms=7755 >20ms=7748 >30ms=4594 | probes=7808 wrfail=0 down=5s maxout=5s
 328.026  t=325s RTT mean=30245 min=23278 max=46928 n=30 to=0 | cancels=0(+0/s) seqbad=0 len_bad=0 disc=1(0x3e) | tot_n=7837 tot_to=0 maxever=71913 >2ms=7837 >5ms=7798 >15ms=7785 >20ms=7778 >30ms=4601 | probes=7838 wrfail=0 down=5s maxout=5s
 328.084  t=326s RTT mean=30244 min=23278 max=46917 n=30 to=0 | cancels=0(+0/s) seqbad=0 len_bad=0 disc=1(0x3e) | tot_n=7867 tot_to=0 maxever=71913 >2ms=7867 >5ms=7828 >15ms=7815 >20ms=7808 >30ms=4608 | probes=7868 wrfail=0 down=5s maxout=5s
 330.052  t=327s RTT mean=31078 min=23279 max=53909 n=30 to=0 | cancels=0(+0/s) seqbad=0 len_bad=0 disc=1(0x3e) | tot_n=7897 tot_to=0 maxever=71913 >2ms=7897 >5ms=7858 >15ms=7845 >20ms=7838 >30ms=4616 | probes=7898 wrfail=0 down=5s maxout=5s
 330.052  t=328s RTT mean=30531 min=25497 max=48020 n=29 to=0 | cancels=0(+0/s) seqbad=0 len_bad=0 disc=1(0x3e) | tot_n=7926 tot_to=0 maxever=71913 >2ms=7926 >5ms=7887 >15ms=7874 >20ms=7867 >30ms=4623 | probes=7927 wrfail=0 down=5s maxout=5s
 332.066  t=329s RTT mean=30244 min=23279 max=46930 n=30 to=0 | cancels=0(+0/s) seqbad=0 len_bad=0 disc=1(0x3e) | tot_n=7956 tot_to=0 maxever=71913 >2ms=7956 >5ms=7917 >15ms=7904 >20ms=7897 >30ms=4630 | probes=7957 wrfail=0 down=5s maxout=5s
 332.066  t=330s RTT mean=31077 min=23278 max=46917 n=30 to=0 | cancels=0(+0/s) seqbad=0 len_bad=0 disc=1(0x3e) | tot_n=7986 tot_to=0 maxever=71913 >2ms=7986 >5ms=7947 >15ms=7934 >20ms=7927 >30ms=4638 | probes=7987 wrfail=0 down=5s maxout=5s
 334.026  t=331s RTT mean=30531 min=23950 max=48020 n=29 to=0 | cancels=0(+0/s) seqbad=0 len_bad=0 disc=1(0x3e) | tot_n=8015 tot_to=0 maxever=71913 >2ms=8015 >5ms=7976 >15ms=7963 >20ms=7956 >30ms=4645 | probes=8016 wrfail=0 down=5s maxout=5s
 334.083  t=332s RTT mean=30244 min=23278 max=46917 n=30 to=0 | cancels=0(+0/s) seqbad=0 len_bad=0 disc=1(0x3e) | tot_n=8045 tot_to=0 maxever=71913 >2ms=8045 >5ms=8006 >15ms=7993 >20ms=7986 >30ms=4652 | probes=8046 wrfail=0 down=5s maxout=5s
 336.056  t=333s RTT mean=30244 min=23279 max=46927 n=30 to=0 | cancels=0(+0/s) seqbad=0 len_bad=0 disc=1(0x3e) | tot_n=8075 tot_to=0 maxever=71913 >2ms=8075 >5ms=8036 >15ms=8023 >20ms=8016 >30ms=4659 | probes=8076 wrfail=0 down=5s maxout=5s
 336.056  t=334s RTT mean=30244 min=23278 max=46917 n=30 to=0 | cancels=0(+0/s) seqbad=0 len_bad=0 disc=1(0x3e) | tot_n=8105 tot_to=0 maxever=71913 >2ms=8105 >5ms=8066 >15ms=8053 >20ms=8046 >30ms=4666 | probes=8106 wrfail=0 down=5s maxout=5s
 338.030  t=335s RTT mean=30244 min=23277 max=46929 n=30 to=0 | cancels=0(+0/s) seqbad=0 len_bad=0 disc=1(0x3e) | tot_n=8135 tot_to=0 maxever=71913 >2ms=8135 >5ms=8096 >15ms=8083 >20ms=8076 >30ms=4673 | probes=8136 wrfail=0 down=5s maxout=5s
 338.085  t=336s RTT mean=30244 min=23279 max=46917 n=30 to=0 | cancels=0(+0/s) seqbad=0 len_bad=0 disc=1(0x3e) | tot_n=8165 tot_to=0 maxever=71913 >2ms=8165 >5ms=8126 >15ms=8113 >20ms=8106 >30ms=4680 | probes=8166 wrfail=0 down=5s maxout=5s
 340.058  t=337s RTT mean=30244 min=23278 max=46928 n=30 to=0 | cancels=0(+0/s) seqbad=0 len_bad=0 disc=1(0x3e) | tot_n=8195 tot_to=0 maxever=71913 >2ms=8195 >5ms=8156 >15ms=8143 >20ms=8136 >30ms=4687 | probes=8196 wrfail=0 down=5s maxout=5s
 340.058  t=338s RTT mean=30244 min=23279 max=46917 n=30 to=0 | cancels=0(+0/s) seqbad=0 len_bad=0 disc=1(0x3e) | tot_n=8225 tot_to=0 maxever=71913 >2ms=8225 >5ms=8186 >15ms=8173 >20ms=8166 >30ms=4694 | probes=8226 wrfail=0 down=5s maxout=5s
 342.074  t=339s RTT mean=30244 min=23278 max=46929 n=30 to=0 | cancels=0(+0/s) seqbad=0 len_bad=0 disc=1(0x3e) | tot_n=8255 tot_to=0 maxever=71913 >2ms=8255 >5ms=8216 >15ms=8203 >20ms=8196 >30ms=4701 | probes=8256 wrfail=0 down=5s maxout=5s
 342.074  t=340s RTT mean=30244 min=23279 max=46917 n=30 to=0 | cancels=0(+0/s) seqbad=0 len_bad=0 disc=1(0x3e) | tot_n=8285 tot_to=0 maxever=71913 >2ms=8285 >5ms=8246 >15ms=8233 >20ms=8226 >30ms=4708 | probes=8286 wrfail=0 down=5s maxout=5s
 344.072  t=341s RTT mean=30244 min=23278 max=46928 n=30 to=0 | cancels=0(+0/s) seqbad=0 len_bad=0 disc=1(0x3e) | tot_n=8315 tot_to=0 maxever=71913 >2ms=8315 >5ms=8276 >15ms=8263 >20ms=8256 >30ms=4715 | probes=8316 wrfail=0 down=5s maxout=5s
 344.072  t=342s RTT mean=30244 min=23277 max=46916 n=30 to=0 | cancels=0(+0/s) seqbad=0 len_bad=0 disc=1(0x3e) | tot_n=8345 tot_to=0 maxever=71913 >2ms=8345 >5ms=8306 >15ms=8293 >20ms=8286 >30ms=4722 | probes=8346 wrfail=0 down=5s maxout=5s
 346.048  t=343s RTT mean=30244 min=23278 max=46928 n=30 to=0 | cancels=0(+0/s) seqbad=0 len_bad=0 disc=1(0x3e) | tot_n=8375 tot_to=0 maxever=71913 >2ms=8375 >5ms=8336 >15ms=8323 >20ms=8316 >30ms=4729 | probes=8376 wrfail=0 down=5s maxout=5s
 346.048  t=344s RTT mean=30244 min=23278 max=46917 n=30 to=0 | cancels=0(+0/s) seqbad=0 len_bad=0 disc=1(0x3e) | tot_n=8405 tot_to=0 maxever=71913 >2ms=8405 >5ms=8366 >15ms=8353 >20ms=8346 >30ms=4736 | probes=8406 wrfail=0 down=5s maxout=5s
 348.034  t=345s RTT mean=30244 min=23279 max=46928 n=30 to=0 | cancels=0(+0/s) seqbad=0 len_bad=0 disc=1(0x3e) | tot_n=8435 tot_to=0 maxever=71913 >2ms=8435 >5ms=8396 >15ms=8383 >20ms=8376 >30ms=4743 | probes=8436 wrfail=0 down=5s maxout=5s
 348.091  t=346s RTT mean=30244 min=18162 max=46917 n=30 to=0 | cancels=0(+0/s) seqbad=0 len_bad=0 disc=1(0x3e) | tot_n=8465 tot_to=0 maxever=71913 >2ms=8465 >5ms=8426 >15ms=8413 >20ms=8405 >30ms=4750 | probes=8466 wrfail=0 down=5s maxout=5s
 350.075  t=347s RTT mean=30244 min=23279 max=46928 n=30 to=0 | cancels=0(+0/s) seqbad=0 len_bad=0 disc=1(0x3e) | tot_n=8495 tot_to=0 maxever=71913 >2ms=8495 >5ms=8456 >15ms=8443 >20ms=8435 >30ms=4757 | probes=8496 wrfail=0 down=5s maxout=5s
 350.075  t=348s RTT mean=30244 min=23278 max=46917 n=30 to=0 | cancels=0(+0/s) seqbad=0 len_bad=0 disc=1(0x3e) | tot_n=8525 tot_to=0 maxever=71913 >2ms=8525 >5ms=8486 >15ms=8473 >20ms=8465 >30ms=4764 | probes=8526 wrfail=0 down=5s maxout=5s
 352.041  t=349s RTT mean=30244 min=23277 max=46929 n=30 to=0 | cancels=0(+0/s) seqbad=0 len_bad=0 disc=1(0x3e) | tot_n=8555 tot_to=0 maxever=71913 >2ms=8555 >5ms=8516 >15ms=8503 >20ms=8495 >30ms=4771 | probes=8556 wrfail=0 down=5s maxout=5s
 352.096  t=350s RTT mean=30244 min=23279 max=46917 n=30 to=0 | cancels=0(+0/s) seqbad=0 len_bad=0 disc=1(0x3e) | tot_n=8585 tot_to=0 maxever=71913 >2ms=8585 >5ms=8546 >15ms=8533 >20ms=8525 >30ms=4778 | probes=8586 wrfail=0 down=5s maxout=5s
 354.064  t=351s RTT mean=30244 min=23278 max=46929 n=30 to=0 | cancels=0(+0/s) seqbad=0 len_bad=0 disc=1(0x3e) | tot_n=8615 tot_to=0 maxever=71913 >2ms=8615 >5ms=8576 >15ms=8563 >20ms=8555 >30ms=4785 | probes=8616 wrfail=0 down=5s maxout=5s
 354.065  t=352s RTT mean=30244 min=23279 max=46917 n=30 to=0 | cancels=0(+0/s) seqbad=0 len_bad=0 disc=1(0x3e) | tot_n=8645 tot_to=0 maxever=71913 >2ms=8645 >5ms=8606 >15ms=8593 >20ms=8585 >30ms=4792 | probes=8646 wrfail=0 down=5s maxout=5s
 356.041  t=353s RTT mean=30244 min=23278 max=46928 n=30 to=0 | cancels=0(+0/s) seqbad=0 len_bad=0 disc=1(0x3e) | tot_n=8675 tot_to=0 maxever=71913 >2ms=8675 >5ms=8636 >15ms=8623 >20ms=8615 >30ms=4799 | probes=8676 wrfail=0 down=5s maxout=5s
 356.098  t=354s RTT mean=30245 min=22816 max=46917 n=30 to=0 | cancels=0(+0/s) seqbad=0 len_bad=0 disc=1(0x3e) | tot_n=8705 tot_to=0 maxever=71913 >2ms=8705 >5ms=8666 >15ms=8653 >20ms=8645 >30ms=4806 | probes=8706 wrfail=0 down=5s maxout=5s
 358.032  t=355s RTT mean=30244 min=22815 max=46928 n=30 to=0 | cancels=0(+0/s) seqbad=0 len_bad=0 disc=1(0x3e) | tot_n=8735 tot_to=0 maxever=71913 >2ms=8735 >5ms=8696 >15ms=8683 >20ms=8675 >30ms=4813 | probes=8736 wrfail=0 down=5s maxout=5s
 358.092  t=356s RTT mean=30244 min=23279 max=46916 n=30 to=0 | cancels=0(+0/s) seqbad=0 len_bad=0 disc=1(0x3e) | tot_n=8765 tot_to=0 maxever=71913 >2ms=8765 >5ms=8726 >15ms=8713 >20ms=8705 >30ms=4820 | probes=8766 wrfail=0 down=5s maxout=5s
 360.031  t=357s RTT mean=30244 min=23278 max=46928 n=30 to=0 | cancels=0(+0/s) seqbad=0 len_bad=0 disc=1(0x3e) | tot_n=8795 tot_to=0 maxever=71913 >2ms=8795 >5ms=8756 >15ms=8743 >20ms=8735 >30ms=4827 | probes=8796 wrfail=0 down=5s maxout=5s
 360.091  t=358s RTT mean=30244 min=23278 max=46917 n=30 to=0 | cancels=0(+0/s) seqbad=0 len_bad=0 disc=1(0x3e) | tot_n=8825 tot_to=0 maxever=71913 >2ms=8825 >5ms=8786 >15ms=8773 >20ms=8765 >30ms=4834 | probes=8826 wrfail=0 down=5s maxout=5s
 362.064  t=359s RTT mean=30244 min=23279 max=46928 n=30 to=0 | cancels=0(+0/s) seqbad=0 len_bad=0 disc=1(0x3e) | tot_n=8855 tot_to=0 maxever=71913 >2ms=8855 >5ms=8816 >15ms=8803 >20ms=8795 >30ms=4841 | probes=8856 wrfail=0 down=5s maxout=5s
 362.064  t=360s RTT mean=30244 min=23278 max=46917 n=30 to=0 | cancels=0(+0/s) seqbad=0 len_bad=0 disc=1(0x3e) | tot_n=8885 tot_to=0 maxever=71913 >2ms=8885 >5ms=8846 >15ms=8833 >20ms=8825 >30ms=4848 | probes=8886 wrfail=0 down=5s maxout=5s
 364.031  t=361s RTT mean=31077 min=23279 max=51303 n=30 to=0 | cancels=0(+0/s) seqbad=0 len_bad=0 disc=1(0x3e) | tot_n=8915 tot_to=0 maxever=71913 >2ms=8915 >5ms=8876 >15ms=8863 >20ms=8855 >30ms=4856 | probes=8916 wrfail=0 down=5s maxout=5s
 364.091  t=362s RTT mean=30531 min=25492 max=48019 n=29 to=0 | cancels=0(+0/s) seqbad=0 len_bad=0 disc=1(0x3e) | tot_n=8944 tot_to=0 maxever=71913 >2ms=8944 >5ms=8905 >15ms=8892 >20ms=8884 >30ms=4863 | probes=8945 wrfail=0 down=5s maxout=5s
 366.064  t=363s RTT mean=30244 min=23279 max=46928 n=30 to=0 | cancels=0(+0/s) seqbad=0 len_bad=0 disc=1(0x3e) | tot_n=8974 tot_to=0 maxever=71913 >2ms=8974 >5ms=8935 >15ms=8922 >20ms=8914 >30ms=4870 | probes=8975 wrfail=0 down=5s maxout=5s
 366.064  t=364s RTT mean=30244 min=22817 max=46918 n=30 to=0 | cancels=0(+0/s) seqbad=0 len_bad=0 disc=1(0x3e) | tot_n=9004 tot_to=0 maxever=71913 >2ms=9004 >5ms=8965 >15ms=8952 >20ms=8944 >30ms=4877 | probes=9005 wrfail=0 down=5s maxout=5s
 368.081  t=365s RTT mean=30244 min=23278 max=46928 n=30 to=0 | cancels=0(+0/s) seqbad=0 len_bad=0 disc=1(0x3e) | tot_n=9034 tot_to=0 maxever=71913 >2ms=9034 >5ms=8995 >15ms=8982 >20ms=8974 >30ms=4884 | probes=9035 wrfail=0 down=5s maxout=5s
 368.081  PCTL target=125 tot=1797 to=0 p50=25 p90=46 p99=46 p99.9=48 max=53 g30=424 g100=0 (ms/counts)
 368.081  LOADRAMP: target=150 KBps for 60s
 368.081  t=366s RTT mean=27971 min=19435 max=46917 n=33 to=0 | cancels=0(+0/s) seqbad=0 len_bad=0 disc=1(0x3e) | tot_n=9067 tot_to=0 maxever=71913 >2ms=9067 >5ms=9028 >15ms=9015 >20ms=9006 >30ms=4888 | probes=9068 wrfail=0 down=5s maxout=5s
 370.031  t=367s RTT mean=28160 min=19434 max=48020 n=32 to=0 | cancels=0(+0/s) seqbad=0 len_bad=0 disc=1(0x3e) | tot_n=9099 tot_to=0 maxever=71913 >2ms=9099 >5ms=9060 >15ms=9047 >20ms=9037 >30ms=4892 | probes=9100 wrfail=0 down=5s maxout=5s
 370.087  t=368s RTT mean=28161 min=19435 max=48020 n=32 to=0 | cancels=0(+0/s) seqbad=0 len_bad=0 disc=1(0x3e) | tot_n=9131 tot_to=0 maxever=71913 >2ms=9131 >5ms=9092 >15ms=9079 >20ms=9068 >30ms=4896 | probes=9132 wrfail=0 down=5s maxout=5s
 372.065  t=369s RTT mean=28160 min=19434 max=48019 n=32 to=0 | cancels=0(+0/s) seqbad=0 len_bad=0 disc=1(0x3e) | tot_n=9163 tot_to=0 maxever=71913 >2ms=9163 >5ms=9124 >15ms=9111 >20ms=9099 >30ms=4900 | probes=9164 wrfail=0 down=5s maxout=5s
 372.065  t=370s RTT mean=28160 min=18239 max=48021 n=32 to=0 | cancels=0(+0/s) seqbad=0 len_bad=0 disc=1(0x3e) | tot_n=9195 tot_to=0 maxever=71913 >2ms=9195 >5ms=9156 >15ms=9143 >20ms=9130 >30ms=4904 | probes=9196 wrfail=0 down=5s maxout=5s
 374.030  t=371s RTT mean=28160 min=19434 max=48019 n=32 to=0 | cancels=0(+0/s) seqbad=0 len_bad=0 disc=1(0x3e) | tot_n=9227 tot_to=0 maxever=71913 >2ms=9227 >5ms=9188 >15ms=9175 >20ms=9161 >30ms=4908 | probes=9228 wrfail=0 down=5s maxout=5s
 374.091  t=372s RTT mean=28160 min=19434 max=48020 n=32 to=0 | cancels=0(+0/s) seqbad=0 len_bad=0 disc=1(0x3e) | tot_n=9259 tot_to=0 maxever=71913 >2ms=9259 >5ms=9220 >15ms=9207 >20ms=9192 >30ms=4912 | probes=9260 wrfail=0 down=5s maxout=5s
 376.063  t=373s RTT mean=28160 min=19435 max=48020 n=32 to=0 | cancels=0(+0/s) seqbad=0 len_bad=0 disc=1(0x3e) | tot_n=9291 tot_to=0 maxever=71913 >2ms=9291 >5ms=9252 >15ms=9239 >20ms=9223 >30ms=4916 | probes=9292 wrfail=0 down=5s maxout=5s
 376.063  t=374s RTT mean=28160 min=19434 max=48020 n=32 to=0 | cancels=0(+0/s) seqbad=0 len_bad=0 disc=1(0x3e) | tot_n=9323 tot_to=0 maxever=71913 >2ms=9323 >5ms=9284 >15ms=9271 >20ms=9254 >30ms=4920 | probes=9324 wrfail=0 down=5s maxout=5s
 378.074  t=375s RTT mean=28161 min=19437 max=48020 n=32 to=0 | cancels=0(+0/s) seqbad=0 len_bad=0 disc=1(0x3e) | tot_n=9355 tot_to=0 maxever=71913 >2ms=9355 >5ms=9316 >15ms=9303 >20ms=9285 >30ms=4924 | probes=9356 wrfail=0 down=5s maxout=5s
 378.074  t=376s RTT mean=28160 min=19434 max=48020 n=32 to=0 | cancels=0(+0/s) seqbad=0 len_bad=0 disc=1(0x3e) | tot_n=9387 tot_to=0 maxever=71913 >2ms=9387 >5ms=9348 >15ms=9335 >20ms=9316 >30ms=4928 | probes=9388 wrfail=0 down=5s maxout=5s
 380.034  t=377s RTT mean=28160 min=19434 max=48020 n=32 to=0 | cancels=0(+0/s) seqbad=0 len_bad=0 disc=1(0x3e) | tot_n=9419 tot_to=0 maxever=71913 >2ms=9419 >5ms=9380 >15ms=9367 >20ms=9347 >30ms=4932 | probes=9420 wrfail=0 down=5s maxout=5s
 380.093  t=378s RTT mean=28160 min=13449 max=48020 n=32 to=0 | cancels=0(+0/s) seqbad=0 len_bad=0 disc=1(0x3e) | tot_n=9451 tot_to=0 maxever=71913 >2ms=9451 >5ms=9412 >15ms=9398 >20ms=9378 >30ms=4937 | probes=9452 wrfail=0 down=5s maxout=5s
 382.080  t=379s RTT mean=28160 min=9858 max=48020 n=32 to=0 | cancels=0(+0/s) seqbad=0 len_bad=0 disc=1(0x3e) | tot_n=9483 tot_to=0 maxever=71913 >2ms=9483 >5ms=9444 >15ms=9429 >20ms=9409 >30ms=4942 | probes=9484 wrfail=0 down=5s maxout=5s
 382.080  t=380s RTT mean=28160 min=19435 max=48020 n=32 to=0 | cancels=0(+0/s) seqbad=0 len_bad=0 disc=1(0x3e) | tot_n=9515 tot_to=0 maxever=71913 >2ms=9515 >5ms=9476 >15ms=9461 >20ms=9440 >30ms=4946 | probes=9516 wrfail=0 down=5s maxout=5s
 384.077  t=381s RTT mean=28160 min=19434 max=48020 n=32 to=0 | cancels=0(+0/s) seqbad=0 len_bad=0 disc=1(0x3e) | tot_n=9547 tot_to=0 maxever=71913 >2ms=9547 >5ms=9508 >15ms=9493 >20ms=9471 >30ms=4950 | probes=9548 wrfail=0 down=5s maxout=5s
 384.077  t=382s RTT mean=28161 min=19435 max=48021 n=32 to=0 | cancels=0(+0/s) seqbad=0 len_bad=0 disc=1(0x3e) | tot_n=9579 tot_to=0 maxever=71913 >2ms=9579 >5ms=9540 >15ms=9525 >20ms=9502 >30ms=4954 | probes=9580 wrfail=0 down=5s maxout=5s
 386.057  t=383s RTT mean=28160 min=19434 max=48019 n=32 to=0 | cancels=0(+0/s) seqbad=0 len_bad=0 disc=1(0x3e) | tot_n=9611 tot_to=0 maxever=71913 >2ms=9611 >5ms=9572 >15ms=9557 >20ms=9533 >30ms=4958 | probes=9612 wrfail=0 down=5s maxout=5s
 386.057  t=384s RTT mean=28160 min=19435 max=48020 n=32 to=0 | cancels=0(+0/s) seqbad=0 len_bad=0 disc=1(0x3e) | tot_n=9643 tot_to=0 maxever=71913 >2ms=9643 >5ms=9604 >15ms=9589 >20ms=9564 >30ms=4962 | probes=9644 wrfail=0 down=5s maxout=5s
 388.080  t=385s RTT mean=28160 min=19434 max=48020 n=32 to=0 | cancels=0(+0/s) seqbad=0 len_bad=0 disc=1(0x3e) | tot_n=9675 tot_to=0 maxever=71913 >2ms=9675 >5ms=9636 >15ms=9621 >20ms=9595 >30ms=4966 | probes=9676 wrfail=0 down=5s maxout=5s
 388.080  t=386s RTT mean=28160 min=19434 max=48020 n=32 to=0 | cancels=0(+0/s) seqbad=0 len_bad=0 disc=1(0x3e) | tot_n=9707 tot_to=0 maxever=71913 >2ms=9707 >5ms=9668 >15ms=9653 >20ms=9626 >30ms=4970 | probes=9708 wrfail=0 down=5s maxout=5s
 390.037  t=387s RTT mean=28160 min=19434 max=48020 n=32 to=0 | cancels=0(+0/s) seqbad=0 len_bad=0 disc=1(0x3e) | tot_n=9739 tot_to=0 maxever=71913 >2ms=9739 >5ms=9700 >15ms=9685 >20ms=9657 >30ms=4974 | probes=9740 wrfail=0 down=5s maxout=5s
 390.095  t=388s RTT mean=28160 min=19434 max=48020 n=32 to=0 | cancels=0(+0/s) seqbad=0 len_bad=0 disc=1(0x3e) | tot_n=9771 tot_to=0 maxever=71913 >2ms=9771 >5ms=9732 >15ms=9717 >20ms=9688 >30ms=4978 | probes=9772 wrfail=0 down=5s maxout=5s
 392.064  t=389s RTT mean=28160 min=19435 max=48020 n=32 to=0 | cancels=0(+0/s) seqbad=0 len_bad=0 disc=1(0x3e) | tot_n=9803 tot_to=0 maxever=71913 >2ms=9803 >5ms=9764 >15ms=9749 >20ms=9719 >30ms=4982 | probes=9804 wrfail=0 down=5s maxout=5s
 392.064  t=390s RTT mean=28160 min=19434 max=48020 n=32 to=0 | cancels=0(+0/s) seqbad=0 len_bad=0 disc=1(0x3e) | tot_n=9835 tot_to=0 maxever=71913 >2ms=9835 >5ms=9796 >15ms=9781 >20ms=9750 >30ms=4986 | probes=9836 wrfail=0 down=5s maxout=5s
 394.057  t=391s RTT mean=28161 min=19440 max=48021 n=32 to=0 | cancels=0(+0/s) seqbad=0 len_bad=0 disc=1(0x3e) | tot_n=9867 tot_to=0 maxever=71913 >2ms=9867 >5ms=9828 >15ms=9813 >20ms=9781 >30ms=4990 | probes=9868 wrfail=0 down=5s maxout=5s
 394.057  t=392s RTT mean=28160 min=17043 max=48020 n=32 to=0 | cancels=0(+0/s) seqbad=0 len_bad=0 disc=1(0x3e) | tot_n=9899 tot_to=0 maxever=71913 >2ms=9899 >5ms=9860 >15ms=9845 >20ms=9812 >30ms=4994 | probes=9900 wrfail=0 down=5s maxout=5s
 396.076  t=393s RTT mean=28160 min=19437 max=48021 n=32 to=0 | cancels=0(+0/s) seqbad=0 len_bad=0 disc=1(0x3e) | tot_n=9931 tot_to=0 maxever=71913 >2ms=9931 >5ms=9892 >15ms=9877 >20ms=9843 >30ms=4998 | probes=9932 wrfail=0 down=5s maxout=5s
 396.076  t=394s RTT mean=28160 min=19437 max=48020 n=32 to=0 | cancels=0(+0/s) seqbad=0 len_bad=0 disc=1(0x3e) | tot_n=9963 tot_to=0 maxever=71913 >2ms=9963 >5ms=9924 >15ms=9909 >20ms=9874 >30ms=5002 | probes=9964 wrfail=0 down=5s maxout=5s
 398.039  t=395s RTT mean=28160 min=19437 max=48020 n=32 to=0 | cancels=0(+0/s) seqbad=0 len_bad=0 disc=1(0x3e) | tot_n=9995 tot_to=0 maxever=71913 >2ms=9995 >5ms=9956 >15ms=9941 >20ms=9905 >30ms=5006 | probes=9996 wrfail=0 down=5s maxout=5s
 398.095  t=396s RTT mean=29059 min=25421 max=48020 n=31 to=0 | cancels=0(+0/s) seqbad=0 len_bad=0 disc=1(0x3e) | tot_n=10026 tot_to=0 maxever=71913 >2ms=10026 >5ms=9987 >15ms=9972 >20ms=9936 >30ms=5011 | probes=10027 wrfail=0 down=5s maxout=5s
 400.047  t=397s RTT mean=27315 min=19437 max=46932 n=33 to=0 | cancels=0(+0/s) seqbad=0 len_bad=0 disc=1(0x3e) | tot_n=10059 tot_to=0 maxever=71913 >2ms=10059 >5ms=10020 >15ms=10005 >20ms=9968 >30ms=5014 | probes=10060 wrfail=0 down=5s maxout=5s
 400.107  t=398s RTT mean=28160 min=19437 max=48020 n=32 to=0 | cancels=0(+0/s) seqbad=0 len_bad=0 disc=1(0x3e) | tot_n=10091 tot_to=0 maxever=71913 >2ms=10091 >5ms=10052 >15ms=10037 >20ms=9999 >30ms=5018 | probes=10092 wrfail=0 down=5s maxout=5s
 402.046  t=399s RTT mean=28160 min=19437 max=48020 n=32 to=0 | cancels=0(+0/s) seqbad=0 len_bad=0 disc=1(0x3e) | tot_n=10123 tot_to=0 maxever=71913 >2ms=10123 >5ms=10084 >15ms=10069 >20ms=10030 >30ms=5022 | probes=10124 wrfail=0 down=5s maxout=5s
 402.097  t=400s RTT mean=28160 min=9854 max=48021 n=32 to=0 | cancels=0(+0/s) seqbad=0 len_bad=0 disc=1(0x3e) | tot_n=10155 tot_to=0 maxever=71913 >2ms=10155 >5ms=10116 >15ms=10100 >20ms=10061 >30ms=5027 | probes=10156 wrfail=0 down=5s maxout=5s
 404.055  t=401s RTT mean=28160 min=19437 max=48019 n=32 to=0 | cancels=0(+0/s) seqbad=0 len_bad=0 disc=1(0x3e) | tot_n=10187 tot_to=0 maxever=71913 >2ms=10187 >5ms=10148 >15ms=10132 >20ms=10092 >30ms=5031 | probes=10188 wrfail=0 down=5s maxout=5s
 404.055  t=402s RTT mean=28160 min=19438 max=48020 n=32 to=0 | cancels=0(+0/s) seqbad=0 len_bad=0 disc=1(0x3e) | tot_n=10219 tot_to=0 maxever=71913 >2ms=10219 >5ms=10180 >15ms=10164 >20ms=10123 >30ms=5035 | probes=10220 wrfail=0 down=5s maxout=5s
 406.066  t=403s RTT mean=28160 min=9861 max=48020 n=32 to=0 | cancels=0(+0/s) seqbad=0 len_bad=0 disc=1(0x3e) | tot_n=10251 tot_to=0 maxever=71913 >2ms=10251 >5ms=10212 >15ms=10195 >20ms=10154 >30ms=5040 | probes=10252 wrfail=0 down=5s maxout=5s
 406.066  t=404s RTT mean=28160 min=19437 max=48020 n=32 to=0 | cancels=0(+0/s) seqbad=0 len_bad=0 disc=1(0x3e) | tot_n=10283 tot_to=0 maxever=71913 >2ms=10283 >5ms=10244 >15ms=10227 >20ms=10185 >30ms=5044 | probes=10284 wrfail=0 down=5s maxout=5s
 408.032  t=405s RTT mean=29022 min=25421 max=48020 n=31 to=0 | cancels=0(+0/s) seqbad=0 len_bad=0 disc=1(0x3e) | tot_n=10314 tot_to=0 maxever=71913 >2ms=10314 >5ms=10275 >15ms=10258 >20ms=10216 >30ms=5049 | probes=10315 wrfail=0 down=5s maxout=5s
 408.092  t=406s RTT mean=27351 min=19437 max=46913 n=33 to=0 | cancels=0(+0/s) seqbad=0 len_bad=0 disc=1(0x3e) | tot_n=10347 tot_to=0 maxever=71913 >2ms=10347 >5ms=10308 >15ms=10291 >20ms=10248 >30ms=5052 | probes=10348 wrfail=0 down=5s maxout=5s
 410.085  t=407s RTT mean=28161 min=19436 max=48021 n=32 to=0 | cancels=0(+0/s) seqbad=0 len_bad=0 disc=1(0x3e) | tot_n=10379 tot_to=0 maxever=71913 >2ms=10379 >5ms=10340 >15ms=10323 >20ms=10279 >30ms=5056 | probes=10380 wrfail=0 down=5s maxout=5s
 410.085  t=408s RTT mean=29200 min=25494 max=48019 n=31 to=0 | cancels=0(+0/s) seqbad=0 len_bad=0 disc=1(0x3e) | tot_n=10410 tot_to=0 maxever=71913 >2ms=10410 >5ms=10371 >15ms=10354 >20ms=10310 >30ms=5062 | probes=10411 wrfail=0 down=5s maxout=5s
 412.047  t=409s RTT mean=27182 min=19438 max=46931 n=33 to=0 | cancels=0(+0/s) seqbad=0 len_bad=0 disc=1(0x3e) | tot_n=10443 tot_to=0 maxever=71913 >2ms=10443 >5ms=10404 >15ms=10387 >20ms=10342 >30ms=5065 | probes=10444 wrfail=0 down=5s maxout=5s
 412.107  t=410s RTT mean=28160 min=19437 max=48019 n=32 to=0 | cancels=0(+0/s) seqbad=0 len_bad=0 disc=1(0x3e) | tot_n=10475 tot_to=0 maxever=71913 >2ms=10475 >5ms=10436 >15ms=10419 >20ms=10373 >30ms=5069 | probes=10476 wrfail=0 down=5s maxout=5s
 414.047  t=411s RTT mean=28160 min=19437 max=48020 n=32 to=0 | cancels=0(+0/s) seqbad=0 len_bad=0 disc=1(0x3e) | tot_n=10507 tot_to=0 maxever=71913 >2ms=10507 >5ms=10468 >15ms=10451 >20ms=10404 >30ms=5073 | probes=10508 wrfail=0 down=5s maxout=5s
 414.103  t=412s RTT mean=28160 min=19437 max=48020 n=32 to=0 | cancels=0(+0/s) seqbad=0 len_bad=0 disc=1(0x3e) | tot_n=10539 tot_to=0 maxever=71913 >2ms=10539 >5ms=10500 >15ms=10483 >20ms=10435 >30ms=5077 | probes=10540 wrfail=0 down=5s maxout=5s
 416.077  t=413s RTT mean=28160 min=19437 max=48020 n=32 to=0 | cancels=0(+0/s) seqbad=0 len_bad=0 disc=1(0x3e) | tot_n=10571 tot_to=0 maxever=71913 >2ms=10571 >5ms=10532 >15ms=10515 >20ms=10466 >30ms=5081 | probes=10572 wrfail=0 down=5s maxout=5s
 416.077  t=414s RTT mean=28161 min=19437 max=48020 n=32 to=0 | cancels=0(+0/s) seqbad=0 len_bad=0 disc=1(0x3e) | tot_n=10603 tot_to=0 maxever=71913 >2ms=10603 >5ms=10564 >15ms=10547 >20ms=10497 >30ms=5085 | probes=10604 wrfail=0 down=5s maxout=5s
 418.045  t=415s RTT mean=28159 min=19437 max=48019 n=32 to=0 | cancels=0(+0/s) seqbad=0 len_bad=0 disc=1(0x3e) | tot_n=10635 tot_to=0 maxever=71913 >2ms=10635 >5ms=10596 >15ms=10579 >20ms=10528 >30ms=5089 | probes=10636 wrfail=0 down=5s maxout=5s
 418.105  t=416s RTT mean=28160 min=19438 max=48020 n=32 to=0 | cancels=0(+0/s) seqbad=0 len_bad=0 disc=1(0x3e) | tot_n=10667 tot_to=0 maxever=71913 >2ms=10667 >5ms=10628 >15ms=10611 >20ms=10559 >30ms=5093 | probes=10668 wrfail=0 down=5s maxout=5s
 420.063  t=417s RTT mean=28160 min=19437 max=48020 n=32 to=0 | cancels=0(+0/s) seqbad=0 len_bad=0 disc=1(0x3e) | tot_n=10699 tot_to=0 maxever=71913 >2ms=10699 >5ms=10660 >15ms=10643 >20ms=10590 >30ms=5097 | probes=10700 wrfail=0 down=5s maxout=5s
 420.063  t=418s RTT mean=28160 min=19437 max=48020 n=32 to=0 | cancels=0(+0/s) seqbad=0 len_bad=0 disc=1(0x3e) | tot_n=10731 tot_to=0 maxever=71913 >2ms=10731 >5ms=10692 >15ms=10675 >20ms=10621 >30ms=5101 | probes=10732 wrfail=0 down=5s maxout=5s
 422.091  t=419s RTT mean=28160 min=19437 max=48020 n=32 to=0 | cancels=0(+0/s) seqbad=0 len_bad=0 disc=1(0x3e) | tot_n=10763 tot_to=0 maxever=71913 >2ms=10763 >5ms=10724 >15ms=10707 >20ms=10652 >30ms=5105 | probes=10764 wrfail=0 down=5s maxout=5s
 422.091  t=420s RTT mean=28160 min=19437 max=48020 n=32 to=0 | cancels=0(+0/s) seqbad=0 len_bad=0 disc=1(0x3e) | tot_n=10795 tot_to=0 maxever=71913 >2ms=10795 >5ms=10756 >15ms=10739 >20ms=10683 >30ms=5109 | probes=10796 wrfail=0 down=5s maxout=5s
 424.065  t=421s RTT mean=28942 min=13455 max=48021 n=32 to=0 | cancels=0(+0/s) seqbad=0 len_bad=0 disc=1(0x3e) | tot_n=10827 tot_to=0 maxever=71913 >2ms=10827 >5ms=10788 >15ms=10770 >20ms=10714 >30ms=5115 | probes=10827 wrfail=0 down=5s maxout=5s
 424.065  t=422s RTT mean=27379 min=18240 max=46917 n=32 to=0 | cancels=0(+0/s) seqbad=0 len_bad=0 disc=1(0x3e) | tot_n=10859 tot_to=0 maxever=71913 >2ms=10859 >5ms=10820 >15ms=10802 >20ms=10745 >30ms=5118 | probes=10860 wrfail=0 down=5s maxout=5s
 426.072  t=423s RTT mean=28161 min=19438 max=48020 n=32 to=0 | cancels=0(+0/s) seqbad=0 len_bad=0 disc=1(0x3e) | tot_n=10891 tot_to=0 maxever=71913 >2ms=10891 >5ms=10852 >15ms=10834 >20ms=10776 >30ms=5122 | probes=10892 wrfail=0 down=5s maxout=5s
 426.072  t=424s RTT mean=28941 min=25280 max=48020 n=32 to=0 | cancels=0(+0/s) seqbad=0 len_bad=0 disc=1(0x3e) | tot_n=10923 tot_to=0 maxever=71913 >2ms=10923 >5ms=10884 >15ms=10866 >20ms=10808 >30ms=5127 | probes=10923 wrfail=0 down=5s maxout=5s
 428.056  t=425s RTT mean=27379 min=19438 max=46942 n=32 to=0 | cancels=0(+0/s) seqbad=0 len_bad=0 disc=1(0x3e) | tot_n=10955 tot_to=0 maxever=71913 >2ms=10955 >5ms=10916 >15ms=10898 >20ms=10839 >30ms=5130 | probes=10956 wrfail=0 down=5s maxout=5s
 428.057  PCTL target=150 tot=1920 to=0 p50=25 p90=46 p99=48 p99.9=48 max=48 g30=245 g100=0 (ms/counts)
 428.057  LOADRAMP: cycle complete
 428.057  LOADRAMP: target=0 KBps for 60s
 428.113  t=426s RTT mean=46913 min=46911 max=46916 n=20 to=0 | cancels=0(+0/s) seqbad=0 len_bad=0 disc=1(0x3e) | tot_n=10975 tot_to=0 maxever=71913 >2ms=10975 >5ms=10936 >15ms=10918 >20ms=10859 >30ms=5150 | probes=10976 wrfail=0 down=5s maxout=5s
 430.038  t=427s RTT mean=46913 min=46906 max=46930 n=20 to=0 | cancels=0(+0/s) seqbad=0 len_bad=0 disc=1(0x3e) | tot_n=10995 tot_to=0 maxever=71913 >2ms=10995 >5ms=10956 >15ms=10938 >20ms=10879 >30ms=5170 | probes=10996 wrfail=0 down=5s maxout=5s
 430.095  t=428s RTT mean=46913 min=46911 max=46917 n=20 to=0 | cancels=0(+0/s) seqbad=0 len_bad=0 disc=1(0x3e) | tot_n=11015 tot_to=0 maxever=71913 >2ms=11015 >5ms=10976 >15ms=10958 >20ms=10899 >30ms=5190 | probes=11016 wrfail=0 down=5s maxout=5s
 432.072  t=429s RTT mean=46913 min=46906 max=46929 n=20 to=0 | cancels=0(+0/s) seqbad=0 len_bad=0 disc=1(0x3e) | tot_n=11035 tot_to=0 maxever=71913 >2ms=11035 >5ms=10996 >15ms=10978 >20ms=10919 >30ms=5210 | probes=11036 wrfail=0 down=5s maxout=5s
 432.072  t=430s RTT mean=46913 min=46911 max=46916 n=20 to=0 | cancels=0(+0/s) seqbad=0 len_bad=0 disc=1(0x3e) | tot_n=11055 tot_to=0 maxever=71913 >2ms=11055 >5ms=11016 >15ms=10998 >20ms=10939 >30ms=5230 | probes=11056 wrfail=0 down=5s maxout=5s
 434.048  t=431s RTT mean=46913 min=46907 max=46930 n=20 to=0 | cancels=0(+0/s) seqbad=0 len_bad=0 disc=1(0x3e) | tot_n=11075 tot_to=0 maxever=71913 >2ms=11075 >5ms=11036 >15ms=11018 >20ms=10959 >30ms=5250 | probes=11076 wrfail=0 down=5s maxout=5s
 434.109  t=432s RTT mean=46913 min=46911 max=46916 n=20 to=0 | cancels=0(+0/s) seqbad=0 len_bad=0 disc=1(0x3e) | tot_n=11095 tot_to=0 maxever=71913 >2ms=11095 >5ms=11056 >15ms=11038 >20ms=10979 >30ms=5270 | probes=11096 wrfail=0 down=5s maxout=5s
 436.080  t=433s RTT mean=46914 min=46906 max=46930 n=20 to=0 | cancels=0(+0/s) seqbad=0 len_bad=0 disc=1(0x3e) | tot_n=11115 tot_to=0 maxever=71913 >2ms=11115 >5ms=11076 >15ms=11058 >20ms=10999 >30ms=5290 | probes=11116 wrfail=0 down=5s maxout=5s
 436.080  t=434s RTT mean=46913 min=46911 max=46917 n=20 to=0 | cancels=0(+0/s) seqbad=0 len_bad=0 disc=1(0x3e) | tot_n=11135 tot_to=0 maxever=71913 >2ms=11135 >5ms=11096 >15ms=11078 >20ms=11019 >30ms=5310 | probes=11136 wrfail=0 down=5s maxout=5s
 438.040  t=435s RTT mean=46914 min=46907 max=46930 n=20 to=0 | cancels=0(+0/s) seqbad=0 len_bad=0 disc=1(0x3e) | tot_n=11155 tot_to=0 maxever=71913 >2ms=11155 >5ms=11116 >15ms=11098 >20ms=11039 >30ms=5330 | probes=11156 wrfail=0 down=5s maxout=5s
 438.096  t=436s RTT mean=46913 min=46910 max=46918 n=20 to=0 | cancels=0(+0/s) seqbad=0 len_bad=0 disc=1(0x3e) | tot_n=11175 tot_to=0 maxever=71913 >2ms=11175 >5ms=11136 >15ms=11118 >20ms=11059 >30ms=5350 | probes=11176 wrfail=0 down=5s maxout=5s
 440.071  t=437s RTT mean=46914 min=46906 max=46930 n=20 to=0 | cancels=0(+0/s) seqbad=0 len_bad=0 disc=1(0x3e) | tot_n=11195 tot_to=0 maxever=71913 >2ms=11195 >5ms=11156 >15ms=11138 >20ms=11079 >30ms=5370 | probes=11196 wrfail=0 down=5s maxout=5s
 440.071  t=438s RTT mean=46915 min=46910 max=46924 n=20 to=0 | cancels=0(+0/s) seqbad=0 len_bad=0 disc=1(0x3e) | tot_n=11215 tot_to=0 maxever=71913 >2ms=11215 >5ms=11176 >15ms=11158 >20ms=11099 >30ms=5390 | probes=11216 wrfail=0 down=5s maxout=5s
 442.081  t=439s RTT mean=46915 min=46911 max=46930 n=20 to=0 | cancels=0(+0/s) seqbad=0 len_bad=0 disc=1(0x3e) | tot_n=11235 tot_to=0 maxever=71913 >2ms=11235 >5ms=11196 >15ms=11178 >20ms=11119 >30ms=5410 | probes=11236 wrfail=0 down=5s maxout=5s
 442.081  t=440s RTT mean=46915 min=46910 max=46924 n=20 to=0 | cancels=0(+0/s) seqbad=0 len_bad=0 disc=1(0x3e) | tot_n=11255 tot_to=0 maxever=71913 >2ms=11255 >5ms=11216 >15ms=11198 >20ms=11139 >30ms=5430 | probes=11256 wrfail=0 down=5s maxout=5s
 444.051  t=441s RTT mean=46915 min=46910 max=46930 n=20 to=0 | cancels=0(+0/s) seqbad=0 len_bad=0 disc=1(0x3e) | tot_n=11275 tot_to=0 maxever=71913 >2ms=11275 >5ms=11236 >15ms=11218 >20ms=11159 >30ms=5450 | probes=11276 wrfail=0 down=5s maxout=5s
 444.111  t=442s RTT mean=46915 min=46911 max=46925 n=20 to=0 | cancels=0(+0/s) seqbad=0 len_bad=0 disc=1(0x3e) | tot_n=11295 tot_to=0 maxever=71913 >2ms=11295 >5ms=11256 >15ms=11238 >20ms=11179 >30ms=5470 | probes=11296 wrfail=0 down=5s maxout=5s
 446.080  t=443s RTT mean=46915 min=46910 max=46930 n=20 to=0 | cancels=0(+0/s) seqbad=0 len_bad=0 disc=1(0x3e) | tot_n=11315 tot_to=0 maxever=71913 >2ms=11315 >5ms=11276 >15ms=11258 >20ms=11199 >30ms=5490 | probes=11316 wrfail=0 down=5s maxout=5s
 446.080  t=444s RTT mean=46915 min=46911 max=46924 n=20 to=0 | cancels=0(+0/s) seqbad=0 len_bad=0 disc=1(0x3e) | tot_n=11335 tot_to=0 maxever=71913 >2ms=11335 >5ms=11296 >15ms=11278 >20ms=11219 >30ms=5510 | probes=11336 wrfail=0 down=5s maxout=5s
 448.040  t=445s RTT mean=46915 min=46910 max=46930 n=20 to=0 | cancels=0(+0/s) seqbad=0 len_bad=0 disc=1(0x3e) | tot_n=11355 tot_to=0 maxever=71913 >2ms=11355 >5ms=11316 >15ms=11298 >20ms=11239 >30ms=5530 | probes=11356 wrfail=0 down=5s maxout=5s
 448.099  t=446s RTT mean=46915 min=46910 max=46924 n=20 to=0 | cancels=0(+0/s) seqbad=0 len_bad=0 disc=1(0x3e) | tot_n=11375 tot_to=0 maxever=71913 >2ms=11375 >5ms=11336 >15ms=11318 >20ms=11259 >30ms=5550 | probes=11376 wrfail=0 down=5s maxout=5s
