   2.006  *** Booting Zephyr OS build v4.4.2-16-gfee9fbc62095 ***
   2.061  [00:17:03.156,986] [0m<inf> bt_hci_core: HW Platform: Nordic Semiconductor (0x0002)[0m
   2.061  [00:17:03.156,998] [0m<inf> bt_hci_core: HW Variant: nRF54Lx (0x0005)[0m
   2.061  [00:17:03.157,009] [0m<inf> bt_hci_core: Firmware: Standard Bluetooth controller (0x00) Version 4.4 Build 2[0m
   2.061  [00:17:03.157,354] [0m<inf> bt_hci_core: HCI transport: Controller[0m
   2.061  [00:17:03.157,401] [0m<inf> bt_hci_core: Identity: FC:BE:FF:FA:E6:8B (random)[0m
   2.061  [00:17:03.157,416] [0m<inf> bt_hci_core: HCI: version 5.4 (0x0d) revision 0x0000, manufacturer 0x05f1[0m
   2.061  [00:17:03.157,430] [0m<inf> bt_hci_core: LMP: version 5.4 (0x0d) subver 0xffff[0m
   2.061  
   2.117  === nRF54L15 RTT ping-pong CENTRAL ===
   2.117  scan rc=0
   4.034  t=1s RTT mean=0 min=0 max=0 n=0 to=0 | cancels=0(+0/s) seqbad=0 len_bad=0 disc=0(0x00) | tot_n=0 tot_to=0 maxever=0 >2ms=0 >5ms=0 >15ms=0 >20ms=0 >30ms=0 | probes=0 wrfail=0 down=1s maxout=1s
   4.034  t=2s RTT mean=0 min=0 max=0 n=0 to=0 | cancels=0(+0/s) seqbad=0 len_bad=0 disc=0(0x00) | tot_n=0 tot_to=0 maxever=0 >2ms=0 >5ms=0 >15ms=0 >20ms=0 >30ms=0 | probes=0 wrfail=0 down=2s maxout=2s
   6.031  t=3s RTT mean=0 min=0 max=0 n=0 to=0 | cancels=0(+0/s) seqbad=0 len_bad=0 disc=0(0x00) | tot_n=0 tot_to=0 maxever=0 >2ms=0 >5ms=0 >15ms=0 >20ms=0 >30ms=0 | probes=0 wrfail=0 down=3s maxout=3s
   6.031  Q2CONN AA=538d1026 CRCINIT=618b7c hop=6 chan_count=37 map=ffffffff1f
   6.031  GAP connected interval=25000
   6.031  MTU err=0 mtu=247
   6.085  t=4s RTT mean=0 min=0 max=0 n=0 to=0 | cancels=0(+0/s) seqbad=0 len_bad=0 disc=0(0x00) | tot_n=0 tot_to=0 maxever=0 >2ms=0 >5ms=0 >15ms=0 >20ms=0 >30ms=0 | probes=0 wrfail=0 down=4s maxout=4s
   7.226  PHY tx=2 rx=2
   7.226  discovery start (post-PHY +500ms) interval=25000 phy2m=1
   7.226  SUBSCRIBED, vh=14
   7.226  t=5s RTT mean=42466 min=38021 max=46912 n=2 to=0 | cancels=0(+0/s) seqbad=0 len_bad=0 disc=0(0x00) | tot_n=2 tot_to=0 maxever=46912 >2ms=2 >5ms=2 >15ms=2 >20ms=2 >30ms=2 | probes=3 wrfail=0 down=4s maxout=4s
   7.226  LOADRAMP: bulk char handle=17
   7.280  LOADRAMP: target=0 KBps for 60s
   9.074  t=6s RTT mean=46910 min=46836 max=46926 n=20 to=0 | cancels=0(+0/s) seqbad=0 len_bad=0 disc=0(0x00) | tot_n=22 tot_to=0 maxever=46926 >2ms=22 >5ms=22 >15ms=22 >20ms=22 >30ms=22 | probes=23 wrfail=0 down=4s maxout=4s
   9.074  t=7s RTT mean=46914 min=46910 max=46922 n=20 to=0 | cancels=0(+0/s) seqbad=0 len_bad=0 disc=0(0x00) | tot_n=42 tot_to=0 maxever=46926 >2ms=42 >5ms=42 >15ms=42 >20ms=42 >30ms=42 | probes=43 wrfail=0 down=4s maxout=4s
  10.908  FSU: request [150..150] us (ACL both dirs, 1M+2M) rc=0
  10.908  t=8s RTT mean=46914 min=46878 max=46952 n=20 to=0 | cancels=0(+0/s) seqbad=0 len_bad=0 disc=0(0x00) | tot_n=62 tot_to=0 maxever=46952 >2ms=62 >5ms=62 >15ms=62 >20ms=62 >30ms=62 | probes=63 wrfail=0 down=4s maxout=4s
  12.035  t=9s RTT mean=46914 min=46910 max=46922 n=20 to=0 | cancels=0(+0/s) seqbad=0 len_bad=0 disc=0(0x00) | tot_n=82 tot_to=0 maxever=46952 >2ms=82 >5ms=82 >15ms=82 >20ms=82 >30ms=82 | probes=83 wrfail=0 down=4s maxout=4s
  12.090  t=10s RTT mean=46914 min=46910 max=46921 n=20 to=0 | cancels=0(+0/s) seqbad=0 len_bad=0 disc=0(0x00) | tot_n=102 tot_to=0 maxever=46952 >2ms=102 >5ms=102 >15ms=102 >20ms=102 >30ms=102 | probes=103 wrfail=0 down=4s maxout=4s
  14.044  t=11s RTT mean=48230 min=46910 max=71921 n=19 to=0 | cancels=0(+0/s) seqbad=0 len_bad=0 disc=0(0x00) | tot_n=121 tot_to=0 maxever=71921 >2ms=121 >5ms=121 >15ms=121 >20ms=121 >30ms=121 | probes=122 wrfail=0 down=4s maxout=4s
  14.044  t=12s RTT mean=46913 min=46911 max=46917 n=20 to=0 | cancels=0(+0/s) seqbad=0 len_bad=0 disc=0(0x00) | tot_n=141 tot_to=0 maxever=71921 >2ms=141 >5ms=141 >15ms=141 >20ms=141 >30ms=141 | probes=142 wrfail=0 down=4s maxout=4s
  16.039  t=13s RTT mean=46914 min=46908 max=46927 n=20 to=0 | cancels=0(+0/s) seqbad=0 len_bad=0 disc=0(0x00) | tot_n=161 tot_to=0 maxever=71921 >2ms=161 >5ms=161 >15ms=161 >20ms=161 >30ms=161 | probes=162 wrfail=0 down=4s maxout=4s
  16.094  t=14s RTT mean=46913 min=46466 max=47358 n=20 to=0 | cancels=0(+0/s) seqbad=0 len_bad=0 disc=0(0x00) | tot_n=181 tot_to=0 maxever=71921 >2ms=181 >5ms=181 >15ms=181 >20ms=181 >30ms=181 | probes=182 wrfail=0 down=4s maxout=4s
  18.046  t=15s RTT mean=46914 min=46908 max=46928 n=20 to=0 | cancels=0(+0/s) seqbad=0 len_bad=0 disc=0(0x00) | tot_n=201 tot_to=0 maxever=71921 >2ms=201 >5ms=201 >15ms=201 >20ms=201 >30ms=201 | probes=202 wrfail=0 down=4s maxout=4s
  18.046  t=16s RTT mean=46913 min=46911 max=46916 n=20 to=0 | cancels=0(+0/s) seqbad=0 len_bad=0 disc=0(0x00) | tot_n=221 tot_to=0 maxever=71921 >2ms=221 >5ms=221 >15ms=221 >20ms=221 >30ms=221 | probes=222 wrfail=0 down=4s maxout=4s
  20.055  t=17s RTT mean=46913 min=46907 max=46928 n=20 to=0 | cancels=0(+0/s) seqbad=0 len_bad=0 disc=0(0x00) | tot_n=241 tot_to=0 maxever=71921 >2ms=241 >5ms=241 >15ms=241 >20ms=241 >30ms=241 | probes=242 wrfail=0 down=4s maxout=4s
  20.055  t=18s RTT mean=46913 min=46911 max=46917 n=20 to=0 | cancels=0(+0/s) seqbad=0 len_bad=0 disc=0(0x00) | tot_n=261 tot_to=0 maxever=71921 >2ms=261 >5ms=261 >15ms=261 >20ms=261 >30ms=261 | probes=262 wrfail=0 down=4s maxout=4s
  22.042  t=19s RTT mean=46913 min=46905 max=46928 n=20 to=0 | cancels=0(+0/s) seqbad=0 len_bad=0 disc=0(0x00) | tot_n=281 tot_to=0 maxever=71921 >2ms=281 >5ms=281 >15ms=281 >20ms=281 >30ms=281 | probes=282 wrfail=0 down=4s maxout=4s
  22.042  t=20s RTT mean=49545 min=46910 max=71917 n=19 to=0 | cancels=0(+0/s) seqbad=0 len_bad=0 disc=0(0x00) | tot_n=300 tot_to=0 maxever=71921 >2ms=300 >5ms=300 >15ms=300 >20ms=300 >30ms=300 | probes=301 wrfail=0 down=4s maxout=4s
  24.064  t=21s RTT mean=48164 min=46905 max=71913 n=20 to=0 | cancels=0(+0/s) seqbad=0 len_bad=0 disc=0(0x00) | tot_n=320 tot_to=0 maxever=71921 >2ms=320 >5ms=320 >15ms=320 >20ms=320 >30ms=320 | probes=321 wrfail=0 down=4s maxout=4s
  24.064  t=22s RTT mean=48230 min=46910 max=71921 n=19 to=0 | cancels=0(+0/s) seqbad=0 len_bad=0 disc=0(0x00) | tot_n=339 tot_to=0 maxever=71921 >2ms=339 >5ms=339 >15ms=339 >20ms=339 >30ms=339 | probes=340 wrfail=0 down=4s maxout=4s
  26.067  t=23s RTT mean=48164 min=46906 max=71911 n=20 to=0 | cancels=0(+0/s) seqbad=0 len_bad=0 disc=0(0x00) | tot_n=359 tot_to=0 maxever=71921 >2ms=359 >5ms=359 >15ms=359 >20ms=359 >30ms=359 | probes=360 wrfail=0 down=4s maxout=4s
  26.067  t=24s RTT mean=46914 min=46910 max=46922 n=20 to=0 | cancels=0(+0/s) seqbad=0 len_bad=0 disc=0(0x00) | tot_n=379 tot_to=0 maxever=71921 >2ms=379 >5ms=379 >15ms=379 >20ms=379 >30ms=379 | probes=380 wrfail=0 down=4s maxout=4s
  28.032  t=25s RTT mean=46914 min=46910 max=46922 n=20 to=0 | cancels=0(+0/s) seqbad=0 len_bad=0 disc=0(0x00) | tot_n=399 tot_to=0 maxever=71921 >2ms=399 >5ms=399 >15ms=399 >20ms=399 >30ms=399 | probes=400 wrfail=0 down=4s maxout=4s
  28.085  t=26s RTT mean=46914 min=46910 max=46922 n=20 to=0 | cancels=0(+0/s) seqbad=0 len_bad=0 disc=0(0x00) | tot_n=419 tot_to=0 maxever=71921 >2ms=419 >5ms=419 >15ms=419 >20ms=419 >30ms=419 | probes=420 wrfail=0 down=4s maxout=4s
  30.046  t=27s RTT mean=46914 min=46910 max=46922 n=20 to=0 | cancels=0(+0/s) seqbad=0 len_bad=0 disc=0(0x00) | tot_n=439 tot_to=0 maxever=71921 >2ms=439 >5ms=439 >15ms=439 >20ms=439 >30ms=439 | probes=440 wrfail=0 down=4s maxout=4s
  30.046  t=28s RTT mean=46914 min=46910 max=46922 n=20 to=0 | cancels=0(+0/s) seqbad=0 len_bad=0 disc=0(0x00) | tot_n=459 tot_to=0 maxever=71921 >2ms=459 >5ms=459 >15ms=459 >20ms=459 >30ms=459 | probes=460 wrfail=0 down=4s maxout=4s
  32.048  t=29s RTT mean=46914 min=46910 max=46922 n=20 to=0 | cancels=0(+0/s) seqbad=0 len_bad=0 disc=0(0x00) | tot_n=479 tot_to=0 maxever=71921 >2ms=479 >5ms=479 >15ms=479 >20ms=479 >30ms=479 | probes=480 wrfail=0 down=4s maxout=4s
  32.048  t=30s RTT mean=46914 min=46910 max=46922 n=20 to=0 | cancels=0(+0/s) seqbad=0 len_bad=0 disc=0(0x00) | tot_n=499 tot_to=0 maxever=71921 >2ms=499 >5ms=499 >15ms=499 >20ms=499 >30ms=499 | probes=500 wrfail=0 down=4s maxout=4s
  34.035  t=31s RTT mean=46914 min=46909 max=46922 n=20 to=0 | cancels=0(+0/s) seqbad=0 len_bad=0 disc=0(0x00) | tot_n=519 tot_to=0 maxever=71921 >2ms=519 >5ms=519 >15ms=519 >20ms=519 >30ms=519 | probes=520 wrfail=0 down=4s maxout=4s
  34.090  t=32s RTT mean=46914 min=46911 max=46922 n=20 to=0 | cancels=0(+0/s) seqbad=0 len_bad=0 disc=0(0x00) | tot_n=539 tot_to=0 maxever=71921 >2ms=539 >5ms=539 >15ms=539 >20ms=539 >30ms=539 | probes=540 wrfail=0 down=4s maxout=4s
  36.052  t=33s RTT mean=46914 min=46909 max=46922 n=20 to=0 | cancels=0(+0/s) seqbad=0 len_bad=0 disc=0(0x00) | tot_n=559 tot_to=0 maxever=71921 >2ms=559 >5ms=559 >15ms=559 >20ms=559 >30ms=559 | probes=560 wrfail=0 down=4s maxout=4s
  36.052  t=34s RTT mean=46914 min=46910 max=46922 n=20 to=0 | cancels=0(+0/s) seqbad=0 len_bad=0 disc=0(0x00) | tot_n=579 tot_to=0 maxever=71921 >2ms=579 >5ms=579 >15ms=579 >20ms=579 >30ms=579 | probes=580 wrfail=0 down=4s maxout=4s
  38.069  t=35s RTT mean=46914 min=46909 max=46922 n=20 to=0 | cancels=0(+0/s) seqbad=0 len_bad=0 disc=0(0x00) | tot_n=599 tot_to=0 maxever=71921 >2ms=599 >5ms=599 >15ms=599 >20ms=599 >30ms=599 | probes=600 wrfail=0 down=4s maxout=4s
  38.069  t=36s RTT mean=46914 min=46910 max=46922 n=20 to=0 | cancels=0(+0/s) seqbad=0 len_bad=0 disc=0(0x00) | tot_n=619 tot_to=0 maxever=71921 >2ms=619 >5ms=619 >15ms=619 >20ms=619 >30ms=619 | probes=620 wrfail=0 down=4s maxout=4s
  40.024  t=37s RTT mean=46914 min=46910 max=46922 n=20 to=0 | cancels=0(+0/s) seqbad=0 len_bad=0 disc=0(0x00) | tot_n=639 tot_to=0 maxever=71921 >2ms=639 >5ms=639 >15ms=639 >20ms=639 >30ms=639 | probes=640 wrfail=0 down=4s maxout=4s
  40.077  t=38s RTT mean=46914 min=46910 max=46922 n=20 to=0 | cancels=0(+0/s) seqbad=0 len_bad=0 disc=0(0x00) | tot_n=659 tot_to=0 maxever=71921 >2ms=659 >5ms=659 >15ms=659 >20ms=659 >30ms=659 | probes=660 wrfail=0 down=4s maxout=4s
  42.069  t=39s RTT mean=46914 min=46910 max=46922 n=20 to=0 | cancels=0(+0/s) seqbad=0 len_bad=0 disc=0(0x00) | tot_n=679 tot_to=0 maxever=71921 >2ms=679 >5ms=679 >15ms=679 >20ms=679 >30ms=679 | probes=680 wrfail=0 down=4s maxout=4s
  42.070  t=40s RTT mean=46914 min=46910 max=46922 n=20 to=0 | cancels=0(+0/s) seqbad=0 len_bad=0 disc=0(0x00) | tot_n=699 tot_to=0 maxever=71921 >2ms=699 >5ms=699 >15ms=699 >20ms=699 >30ms=699 | probes=700 wrfail=0 down=4s maxout=4s
  44.035  t=41s RTT mean=46914 min=46910 max=46922 n=20 to=0 | cancels=0(+0/s) seqbad=0 len_bad=0 disc=0(0x00) | tot_n=719 tot_to=0 maxever=71921 >2ms=719 >5ms=719 >15ms=719 >20ms=719 >30ms=719 | probes=720 wrfail=0 down=4s maxout=4s
  44.090  t=42s RTT mean=46914 min=46910 max=46922 n=20 to=0 | cancels=0(+0/s) seqbad=0 len_bad=0 disc=0(0x00) | tot_n=739 tot_to=0 maxever=71921 >2ms=739 >5ms=739 >15ms=739 >20ms=739 >30ms=739 | probes=740 wrfail=0 down=4s maxout=4s
  46.031  t=43s RTT mean=46914 min=46910 max=46922 n=20 to=0 | cancels=0(+0/s) seqbad=0 len_bad=0 disc=0(0x00) | tot_n=759 tot_to=0 maxever=71921 >2ms=759 >5ms=759 >15ms=759 >20ms=759 >30ms=759 | probes=760 wrfail=0 down=4s maxout=4s
  46.086  t=44s RTT mean=46914 min=46910 max=46922 n=20 to=0 | cancels=0(+0/s) seqbad=0 len_bad=0 disc=0(0x00) | tot_n=779 tot_to=0 maxever=71921 >2ms=779 >5ms=779 >15ms=779 >20ms=779 >30ms=779 | probes=780 wrfail=0 down=4s maxout=4s
  48.036  t=45s RTT mean=48230 min=46463 max=71915 n=19 to=0 | cancels=0(+0/s) seqbad=0 len_bad=0 disc=0(0x00) | tot_n=798 tot_to=0 maxever=71921 >2ms=798 >5ms=798 >15ms=798 >20ms=798 >30ms=798 | probes=799 wrfail=0 down=4s maxout=4s
  48.091  t=46s RTT mean=46913 min=46911 max=46917 n=20 to=0 | cancels=0(+0/s) seqbad=0 len_bad=0 disc=0(0x00) | tot_n=818 tot_to=0 maxever=71921 >2ms=818 >5ms=818 >15ms=818 >20ms=818 >30ms=818 | probes=819 wrfail=0 down=4s maxout=4s
  50.071  t=47s RTT mean=50861 min=46905 max=96911 n=19 to=0 | cancels=0(+0/s) seqbad=0 len_bad=0 disc=0(0x00) | tot_n=837 tot_to=0 maxever=96911 >2ms=837 >5ms=837 >15ms=837 >20ms=837 >30ms=837 | probes=838 wrfail=0 down=4s maxout=4s
  50.072  t=48s RTT mean=48229 min=46911 max=71910 n=19 to=0 | cancels=0(+0/s) seqbad=0 len_bad=0 disc=0(0x00) | tot_n=856 tot_to=0 maxever=96911 >2ms=856 >5ms=856 >15ms=856 >20ms=856 >30ms=856 | probes=857 wrfail=0 down=4s maxout=4s
  52.074  t=49s RTT mean=46913 min=46906 max=46929 n=20 to=0 | cancels=0(+0/s) seqbad=0 len_bad=0 disc=0(0x00) | tot_n=876 tot_to=0 maxever=96911 >2ms=876 >5ms=876 >15ms=876 >20ms=876 >30ms=876 | probes=877 wrfail=0 down=4s maxout=4s
  52.074  t=50s RTT mean=46913 min=46911 max=46916 n=20 to=0 | cancels=0(+0/s) seqbad=0 len_bad=0 disc=0(0x00) | tot_n=896 tot_to=0 maxever=96911 >2ms=896 >5ms=896 >15ms=896 >20ms=896 >30ms=896 | probes=897 wrfail=0 down=4s maxout=4s
  54.073  t=51s RTT mean=46914 min=46907 max=46930 n=20 to=0 | cancels=0(+0/s) seqbad=0 len_bad=0 disc=0(0x00) | tot_n=916 tot_to=0 maxever=96911 >2ms=916 >5ms=916 >15ms=916 >20ms=916 >30ms=916 | probes=917 wrfail=0 down=4s maxout=4s
  54.073  t=52s RTT mean=48163 min=46911 max=71911 n=20 to=0 | cancels=0(+0/s) seqbad=0 len_bad=0 disc=0(0x00) | tot_n=936 tot_to=0 maxever=96911 >2ms=936 >5ms=936 >15ms=936 >20ms=936 >30ms=936 | probes=937 wrfail=0 down=4s maxout=4s
  56.060  t=53s RTT mean=46913 min=46910 max=46919 n=20 to=0 | cancels=0(+0/s) seqbad=0 len_bad=0 disc=0(0x00) | tot_n=956 tot_to=0 maxever=96911 >2ms=956 >5ms=956 >15ms=956 >20ms=956 >30ms=956 | probes=957 wrfail=0 down=4s maxout=4s
  56.060  t=54s RTT mean=46913 min=46911 max=46919 n=20 to=0 | cancels=0(+0/s) seqbad=0 len_bad=0 disc=0(0x00) | tot_n=976 tot_to=0 maxever=96911 >2ms=976 >5ms=976 >15ms=976 >20ms=976 >30ms=976 | probes=977 wrfail=0 down=4s maxout=4s
  58.073  t=55s RTT mean=46913 min=46911 max=46920 n=20 to=0 | cancels=0(+0/s) seqbad=0 len_bad=0 disc=0(0x00) | tot_n=996 tot_to=0 maxever=96911 >2ms=996 >5ms=996 >15ms=996 >20ms=996 >30ms=996 | probes=997 wrfail=0 down=4s maxout=4s
  58.074  t=56s RTT mean=46913 min=46910 max=46918 n=20 to=0 | cancels=0(+0/s) seqbad=0 len_bad=0 disc=0(0x00) | tot_n=1016 tot_to=0 maxever=96911 >2ms=1016 >5ms=1016 >15ms=1016 >20ms=1016 >30ms=1016 | probes=1017 wrfail=0 down=4s maxout=4s
  60.077  t=57s RTT mean=46913 min=46910 max=46919 n=20 to=0 | cancels=0(+0/s) seqbad=0 len_bad=0 disc=0(0x00) | tot_n=1036 tot_to=0 maxever=96911 >2ms=1036 >5ms=1036 >15ms=1036 >20ms=1036 >30ms=1036 | probes=1037 wrfail=0 down=4s maxout=4s
  60.077  t=58s RTT mean=46913 min=46910 max=46918 n=20 to=0 | cancels=0(+0/s) seqbad=0 len_bad=0 disc=0(0x00) | tot_n=1056 tot_to=0 maxever=96911 >2ms=1056 >5ms=1056 >15ms=1056 >20ms=1056 >30ms=1056 | probes=1057 wrfail=0 down=4s maxout=4s
  62.034  t=59s RTT mean=48229 min=46910 max=71910 n=19 to=0 | cancels=0(+0/s) seqbad=0 len_bad=0 disc=0(0x00) | tot_n=1075 tot_to=0 maxever=96911 >2ms=1075 >5ms=1075 >15ms=1075 >20ms=1075 >30ms=1075 | probes=1076 wrfail=0 down=4s maxout=4s
  62.089  t=60s RTT mean=46915 min=46911 max=46924 n=20 to=0 | cancels=0(+0/s) seqbad=0 len_bad=0 disc=0(0x00) | tot_n=1095 tot_to=0 maxever=96911 >2ms=1095 >5ms=1095 >15ms=1095 >20ms=1095 >30ms=1095 | probes=1096 wrfail=0 down=4s maxout=4s
  64.061  t=61s RTT mean=46915 min=46905 max=46931 n=20 to=0 | cancels=0(+0/s) seqbad=0 len_bad=0 disc=0(0x00) | tot_n=1115 tot_to=0 maxever=96911 >2ms=1115 >5ms=1115 >15ms=1115 >20ms=1115 >30ms=1115 | probes=1116 wrfail=0 down=4s maxout=4s
  64.061  t=62s RTT mean=46915 min=46910 max=46924 n=20 to=0 | cancels=0(+0/s) seqbad=0 len_bad=0 disc=0(0x00) | tot_n=1135 tot_to=0 maxever=96911 >2ms=1135 >5ms=1135 >15ms=1135 >20ms=1135 >30ms=1135 | probes=1136 wrfail=0 down=4s maxout=4s
  66.078  t=63s RTT mean=46915 min=46905 max=46932 n=20 to=0 | cancels=0(+0/s) seqbad=0 len_bad=0 disc=0(0x00) | tot_n=1155 tot_to=0 maxever=96911 >2ms=1155 >5ms=1155 >15ms=1155 >20ms=1155 >30ms=1155 | probes=1156 wrfail=0 down=4s maxout=4s
  66.079  t=64s RTT mean=46915 min=46910 max=46923 n=20 to=0 | cancels=0(+0/s) seqbad=0 len_bad=0 disc=0(0x00) | tot_n=1175 tot_to=0 maxever=96911 >2ms=1175 >5ms=1175 >15ms=1175 >20ms=1175 >30ms=1175 | probes=1176 wrfail=0 down=4s maxout=4s
  68.046  t=65s RTT mean=46915 min=46906 max=46931 n=20 to=0 | cancels=0(+0/s) seqbad=0 len_bad=0 disc=0(0x00) | tot_n=1195 tot_to=0 maxever=96911 >2ms=1195 >5ms=1195 >15ms=1195 >20ms=1195 >30ms=1195 | probes=1196 wrfail=0 down=4s maxout=4s
  68.046  PCTL target=0 tot=1194 to=0 p50=46 p90=46 p99=47 p99.9=71 max=96 g30=1194 g100=0 (ms/counts)
  68.046  LOADRAMP: target=25 KBps for 60s
  68.097  t=66s RTT mean=42367 min=29038 max=46915 n=22 to=0 | cancels=0(+0/s) seqbad=0 len_bad=0 disc=0(0x00) | tot_n=1217 tot_to=0 maxever=96911 >2ms=1217 >5ms=1217 >15ms=1217 >20ms=1217 >30ms=1216 | probes=1218 wrfail=0 down=4s maxout=4s
  70.050  t=67s RTT mean=42368 min=24881 max=46931 n=22 to=0 | cancels=0(+0/s) seqbad=0 len_bad=0 disc=0(0x00) | tot_n=1239 tot_to=0 maxever=96911 >2ms=1239 >5ms=1239 >15ms=1239 >20ms=1239 >30ms=1237 | probes=1240 wrfail=0 down=4s maxout=4s
  70.050  t=68s RTT mean=42366 min=23468 max=46915 n=22 to=0 | cancels=0(+0/s) seqbad=0 len_bad=0 disc=0(0x00) | tot_n=1261 tot_to=0 maxever=96911 >2ms=1261 >5ms=1261 >15ms=1261 >20ms=1261 >30ms=1258 | probes=1262 wrfail=0 down=4s maxout=4s
  72.077  t=69s RTT mean=42365 min=26200 max=46931 n=22 to=0 | cancels=0(+0/s) seqbad=0 len_bad=0 disc=0(0x00) | tot_n=1283 tot_to=0 maxever=96911 >2ms=1283 >5ms=1283 >15ms=1283 >20ms=1283 >30ms=1279 | probes=1284 wrfail=0 down=4s maxout=4s
  72.077  t=70s RTT mean=42364 min=26203 max=46915 n=22 to=0 | cancels=0(+0/s) seqbad=0 len_bad=0 disc=0(0x00) | tot_n=1305 tot_to=0 maxever=96911 >2ms=1305 >5ms=1305 >15ms=1305 >20ms=1305 >30ms=1300 | probes=1306 wrfail=0 down=4s maxout=4s
  74.030  t=71s RTT mean=42367 min=23465 max=46931 n=22 to=0 | cancels=0(+0/s) seqbad=0 len_bad=0 disc=0(0x00) | tot_n=1327 tot_to=0 maxever=96911 >2ms=1327 >5ms=1327 >15ms=1327 >20ms=1327 >30ms=1321 | probes=1328 wrfail=0 down=4s maxout=4s
  74.085  t=72s RTT mean=42366 min=23468 max=46915 n=22 to=0 | cancels=0(+0/s) seqbad=0 len_bad=0 disc=0(0x00) | tot_n=1349 tot_to=0 maxever=96911 >2ms=1349 >5ms=1349 >15ms=1349 >20ms=1349 >30ms=1342 | probes=1350 wrfail=0 down=4s maxout=4s
  76.042  t=73s RTT mean=42368 min=24879 max=46931 n=22 to=0 | cancels=0(+0/s) seqbad=0 len_bad=0 disc=0(0x00) | tot_n=1371 tot_to=0 maxever=96911 >2ms=1371 >5ms=1371 >15ms=1371 >20ms=1371 >30ms=1363 | probes=1372 wrfail=0 down=4s maxout=4s
  76.097  t=74s RTT mean=43503 min=23468 max=53875 n=22 to=0 | cancels=0(+0/s) seqbad=0 len_bad=0 disc=0(0x00) | tot_n=1393 tot_to=0 maxever=96911 >2ms=1393 >5ms=1393 >15ms=1393 >20ms=1393 >30ms=1384 | probes=1394 wrfail=0 down=4s maxout=4s
  78.062  t=75s RTT mean=44533 min=23504 max=71927 n=21 to=0 | cancels=0(+0/s) seqbad=0 len_bad=0 disc=0(0x00) | tot_n=1414 tot_to=0 maxever=96911 >2ms=1414 >5ms=1414 >15ms=1414 >20ms=1414 >30ms=1403 | probes=1415 wrfail=0 down=4s maxout=4s
  78.063  t=76s RTT mean=43341 min=27251 max=48021 n=21 to=0 | cancels=0(+0/s) seqbad=0 len_bad=0 disc=0(0x00) | tot_n=1435 tot_to=0 maxever=96911 >2ms=1435 >5ms=1435 >15ms=1435 >20ms=1435 >30ms=1423 | probes=1436 wrfail=0 down=4s maxout=4s
  80.033  t=77s RTT mean=42367 min=23465 max=47360 n=22 to=0 | cancels=0(+0/s) seqbad=0 len_bad=0 disc=0(0x00) | tot_n=1457 tot_to=0 maxever=96911 >2ms=1457 >5ms=1457 >15ms=1457 >20ms=1457 >30ms=1444 | probes=1458 wrfail=0 down=4s maxout=4s
  80.088  t=78s RTT mean=46912 min=30264 max=73021 n=20 to=0 | cancels=0(+0/s) seqbad=0 len_bad=0 disc=0(0x00) | tot_n=1477 tot_to=0 maxever=96911 >2ms=1477 >5ms=1477 >15ms=1477 >20ms=1477 >30ms=1464 | probes=1478 wrfail=0 down=4s maxout=4s
  82.057  t=79s RTT mean=42368 min=24879 max=46932 n=22 to=0 | cancels=0(+0/s) seqbad=0 len_bad=0 disc=0(0x00) | tot_n=1499 tot_to=0 maxever=96911 >2ms=1499 >5ms=1499 >15ms=1499 >20ms=1499 >30ms=1485 | probes=1500 wrfail=0 down=4s maxout=4s
  82.057  t=80s RTT mean=43504 min=24880 max=55260 n=22 to=0 | cancels=0(+0/s) seqbad=0 len_bad=0 disc=0(0x00) | tot_n=1521 tot_to=0 maxever=96911 >2ms=1521 >5ms=1521 >15ms=1521 >20ms=1521 >30ms=1506 | probes=1522 wrfail=0 down=4s maxout=4s
  84.032  t=81s RTT mean=43341 min=30264 max=48020 n=21 to=0 | cancels=0(+0/s) seqbad=0 len_bad=0 disc=0(0x00) | tot_n=1542 tot_to=0 maxever=96911 >2ms=1542 >5ms=1542 >15ms=1542 >20ms=1542 >30ms=1527 | probes=1543 wrfail=0 down=4s maxout=4s
  84.087  t=82s RTT mean=44531 min=30267 max=71901 n=21 to=0 | cancels=0(+0/s) seqbad=0 len_bad=0 disc=0(0x00) | tot_n=1563 tot_to=0 maxever=96911 >2ms=1563 >5ms=1563 >15ms=1563 >20ms=1563 >30ms=1548 | probes=1564 wrfail=0 down=4s maxout=4s
  86.053  t=83s RTT mean=42368 min=27325 max=46931 n=22 to=0 | cancels=0(+0/s) seqbad=0 len_bad=0 disc=0(0x00) | tot_n=1585 tot_to=0 maxever=96911 >2ms=1585 >5ms=1585 >15ms=1585 >20ms=1585 >30ms=1569 | probes=1586 wrfail=0 down=4s maxout=4s
  86.053  t=84s RTT mean=42367 min=14791 max=51081 n=22 to=0 | cancels=0(+0/s) seqbad=0 len_bad=0 disc=0(0x00) | tot_n=1607 tot_to=0 maxever=96911 >2ms=1607 >5ms=1607 >15ms=1606 >20ms=1606 >30ms=1589 | probes=1608 wrfail=0 down=4s maxout=4s
  88.053  t=85s RTT mean=43503 min=23474 max=55275 n=22 to=0 | cancels=0(+0/s) seqbad=0 len_bad=0 disc=0(0x00) | tot_n=1629 tot_to=0 maxever=96911 >2ms=1629 >5ms=1629 >15ms=1628 >20ms=1628 >30ms=1610 | probes=1630 wrfail=0 down=4s maxout=4s
  88.054  t=86s RTT mean=45662 min=30268 max=60610 n=20 to=0 | cancels=0(+0/s) seqbad=0 len_bad=0 disc=0(0x00) | tot_n=1649 tot_to=0 maxever=96911 >2ms=1649 >5ms=1649 >15ms=1648 >20ms=1648 >30ms=1630 | probes=1650 wrfail=0 down=4s maxout=4s
  90.055  t=87s RTT mean=42368 min=28723 max=46930 n=22 to=0 | cancels=0(+0/s) seqbad=0 len_bad=0 disc=0(0x00) | tot_n=1671 tot_to=0 maxever=96911 >2ms=1671 >5ms=1671 >15ms=1670 >20ms=1670 >30ms=1651 | probes=1672 wrfail=0 down=4s maxout=4s
  90.055  t=88s RTT mean=42368 min=24881 max=46915 n=22 to=0 | cancels=0(+0/s) seqbad=0 len_bad=0 disc=0(0x00) | tot_n=1693 tot_to=0 maxever=96911 >2ms=1693 >5ms=1693 >15ms=1692 >20ms=1692 >30ms=1672 | probes=1694 wrfail=0 down=4s maxout=4s
  92.060  t=89s RTT mean=43503 min=25934 max=71913 n=22 to=0 | cancels=0(+0/s) seqbad=0 len_bad=0 disc=0(0x00) | tot_n=1715 tot_to=0 maxever=96911 >2ms=1715 >5ms=1715 >15ms=1714 >20ms=1714 >30ms=1693 | probes=1716 wrfail=0 down=4s maxout=4s
  92.060  t=90s RTT mean=43341 min=30263 max=48020 n=21 to=0 | cancels=0(+0/s) seqbad=0 len_bad=0 disc=0(0x00) | tot_n=1736 tot_to=0 maxever=96911 >2ms=1736 >5ms=1736 >15ms=1735 >20ms=1735 >30ms=1714 | probes=1737 wrfail=0 down=4s maxout=4s
  94.063  t=91s RTT mean=42368 min=24880 max=46931 n=22 to=0 | cancels=0(+0/s) seqbad=0 len_bad=0 disc=0(0x00) | tot_n=1758 tot_to=0 maxever=96911 >2ms=1758 >5ms=1758 >15ms=1757 >20ms=1757 >30ms=1735 | probes=1759 wrfail=0 down=4s maxout=4s
  94.063  t=92s RTT mean=44531 min=23468 max=62004 n=21 to=0 | cancels=0(+0/s) seqbad=0 len_bad=0 disc=0(0x00) | tot_n=1779 tot_to=0 maxever=96911 >2ms=1779 >5ms=1779 >15ms=1778 >20ms=1778 >30ms=1755 | probes=1780 wrfail=0 down=4s maxout=4s
  96.073  t=93s RTT mean=44532 min=9292 max=56581 n=21 to=0 | cancels=0(+0/s) seqbad=0 len_bad=0 disc=0(0x00) | tot_n=1800 tot_to=0 maxever=96911 >2ms=1800 >5ms=1800 >15ms=1798 >20ms=1798 >30ms=1775 | probes=1801 wrfail=0 down=4s maxout=4s
  96.073  t=94s RTT mean=42366 min=24479 max=46914 n=22 to=0 | cancels=0(+0/s) seqbad=0 len_bad=0 disc=0(0x00) | tot_n=1822 tot_to=0 maxever=96911 >2ms=1822 >5ms=1822 >15ms=1820 >20ms=1820 >30ms=1795 | probes=1823 wrfail=0 down=4s maxout=4s
  98.037  t=95s RTT mean=44532 min=27325 max=96912 n=21 to=0 | cancels=0(+0/s) seqbad=0 len_bad=0 disc=0(0x00) | tot_n=1843 tot_to=0 maxever=96912 >2ms=1843 >5ms=1843 >15ms=1841 >20ms=1841 >30ms=1815 | probes=1844 wrfail=0 down=4s maxout=4s
  98.092  t=96s RTT mean=42367 min=23469 max=46915 n=22 to=0 | cancels=0(+0/s) seqbad=0 len_bad=0 disc=0(0x00) | tot_n=1865 tot_to=0 maxever=96912 >2ms=1865 >5ms=1865 >15ms=1863 >20ms=1863 >30ms=1836 | probes=1866 wrfail=0 down=4s maxout=4s
 100.057  t=97s RTT mean=44532 min=17576 max=71901 n=21 to=0 | cancels=0(+0/s) seqbad=0 len_bad=0 disc=0(0x00) | tot_n=1886 tot_to=0 maxever=96912 >2ms=1886 >5ms=1886 >15ms=1884 >20ms=1883 >30ms=1856 | probes=1887 wrfail=0 down=4s maxout=4s
 100.057  t=98s RTT mean=43504 min=26267 max=71913 n=22 to=0 | cancels=0(+0/s) seqbad=0 len_bad=0 disc=0(0x00) | tot_n=1908 tot_to=0 maxever=96912 >2ms=1908 >5ms=1908 >15ms=1906 >20ms=1905 >30ms=1877 | probes=1909 wrfail=0 down=4s maxout=4s
 102.076  t=99s RTT mean=43341 min=28645 max=48020 n=21 to=0 | cancels=0(+0/s) seqbad=0 len_bad=0 disc=0(0x00) | tot_n=1929 tot_to=0 maxever=96912 >2ms=1929 >5ms=1929 >15ms=1927 >20ms=1926 >30ms=1897 | probes=1930 wrfail=0 down=4s maxout=4s
 102.077  t=100s RTT mean=42367 min=27667 max=46915 n=22 to=0 | cancels=0(+0/s) seqbad=0 len_bad=0 disc=0(0x00) | tot_n=1951 tot_to=0 maxever=96912 >2ms=1951 >5ms=1951 >15ms=1949 >20ms=1948 >30ms=1918 | probes=1952 wrfail=0 down=4s maxout=4s
 104.036  t=101s RTT mean=43501 min=26204 max=56586 n=22 to=0 | cancels=0(+0/s) seqbad=0 len_bad=0 disc=0(0x00) | tot_n=1973 tot_to=0 maxever=96912 >2ms=1973 >5ms=1973 >15ms=1971 >20ms=1970 >30ms=1939 | probes=1974 wrfail=0 down=4s maxout=4s
 104.091  t=102s RTT mean=48228 min=30264 max=96914 n=19 to=0 | cancels=0(+0/s) seqbad=0 len_bad=0 disc=0(0x00) | tot_n=1992 tot_to=0 maxever=96914 >2ms=1992 >5ms=1992 >15ms=1990 >20ms=1989 >30ms=1958 | probes=1993 wrfail=0 down=4s maxout=4s
 106.055  t=103s RTT mean=42368 min=24879 max=46931 n=22 to=0 | cancels=0(+0/s) seqbad=0 len_bad=0 disc=0(0x00) | tot_n=2014 tot_to=0 maxever=96914 >2ms=2014 >5ms=2014 >15ms=2012 >20ms=2011 >30ms=1979 | probes=2015 wrfail=0 down=4s maxout=4s
 106.055  t=104s RTT mean=42367 min=24881 max=46915 n=22 to=0 | cancels=0(+0/s) seqbad=0 len_bad=0 disc=0(0x00) | tot_n=2036 tot_to=0 maxever=96914 >2ms=2036 >5ms=2036 >15ms=2034 >20ms=2033 >30ms=2000 | probes=2037 wrfail=0 down=4s maxout=4s
 108.069  t=105s RTT mean=43503 min=13395 max=71913 n=22 to=0 | cancels=0(+0/s) seqbad=0 len_bad=0 disc=0(0x00) | tot_n=2058 tot_to=0 maxever=96914 >2ms=2058 >5ms=2058 >15ms=2055 >20ms=2054 >30ms=2020 | probes=2059 wrfail=0 down=4s maxout=4s
 108.069  t=106s RTT mean=43341 min=30267 max=48019 n=21 to=0 | cancels=0(+0/s) seqbad=0 len_bad=0 disc=0(0x00) | tot_n=2079 tot_to=0 maxever=96914 >2ms=2079 >5ms=2079 >15ms=2076 >20ms=2075 >30ms=2041 | probes=2080 wrfail=0 down=4s maxout=4s
 110.085  t=107s RTT mean=43501 min=14792 max=71913 n=22 to=0 | cancels=0(+0/s) seqbad=0 len_bad=0 disc=0(0x00) | tot_n=2101 tot_to=0 maxever=96914 >2ms=2101 >5ms=2101 >15ms=2097 >20ms=2096 >30ms=2061 | probes=2102 wrfail=0 down=4s maxout=4s
 110.085  t=108s RTT mean=44531 min=30263 max=53646 n=21 to=0 | cancels=0(+0/s) seqbad=0 len_bad=0 disc=0(0x00) | tot_n=2122 tot_to=0 maxever=96914 >2ms=2122 >5ms=2122 >15ms=2118 >20ms=2117 >30ms=2082 | probes=2123 wrfail=0 down=4s maxout=4s
 112.034  t=109s RTT mean=43341 min=30264 max=48020 n=21 to=0 | cancels=0(+0/s) seqbad=0 len_bad=0 disc=0(0x00) | tot_n=2143 tot_to=0 maxever=96914 >2ms=2143 >5ms=2143 >15ms=2139 >20ms=2138 >30ms=2103 | probes=2144 wrfail=0 down=4s maxout=4s
 112.089  t=110s RTT mean=42367 min=17575 max=48298 n=22 to=0 | cancels=0(+0/s) seqbad=0 len_bad=0 disc=0(0x00) | tot_n=2165 tot_to=0 maxever=96914 >2ms=2165 >5ms=2165 >15ms=2161 >20ms=2159 >30ms=2123 | probes=2166 wrfail=0 down=4s maxout=4s
 114.086  t=111s RTT mean=43504 min=24880 max=59220 n=22 to=0 | cancels=0(+0/s) seqbad=0 len_bad=0 disc=0(0x00) | tot_n=2187 tot_to=0 maxever=96914 >2ms=2187 >5ms=2187 >15ms=2183 >20ms=2181 >30ms=2144 | probes=2188 wrfail=0 down=4s maxout=4s
 114.086  t=112s RTT mean=44531 min=30268 max=57824 n=21 to=0 | cancels=0(+0/s) seqbad=0 len_bad=0 disc=0(0x00) | tot_n=2208 tot_to=0 maxever=96914 >2ms=2208 >5ms=2208 >15ms=2204 >20ms=2202 >30ms=2165 | probes=2209 wrfail=0 down=4s maxout=4s
 116.086  t=113s RTT mean=43341 min=30267 max=48019 n=21 to=0 | cancels=0(+0/s) seqbad=0 len_bad=0 disc=0(0x00) | tot_n=2229 tot_to=0 maxever=96914 >2ms=2229 >5ms=2229 >15ms=2225 >20ms=2223 >30ms=2186 | probes=2230 wrfail=0 down=4s maxout=4s
 116.086  t=114s RTT mean=42366 min=23467 max=46915 n=22 to=0 | cancels=0(+0/s) seqbad=0 len_bad=0 disc=0(0x00) | tot_n=2251 tot_to=0 maxever=96914 >2ms=2251 >5ms=2251 >15ms=2247 >20ms=2245 >30ms=2206 | probes=2252 wrfail=0 down=4s maxout=4s
 118.043  t=115s RTT mean=42368 min=14870 max=46931 n=22 to=0 | cancels=0(+0/s) seqbad=0 len_bad=0 disc=0(0x00) | tot_n=2273 tot_to=0 maxever=96914 >2ms=2273 >5ms=2273 >15ms=2268 >20ms=2266 >30ms=2227 | probes=2274 wrfail=0 down=4s maxout=4s
 118.098  t=116s RTT mean=43502 min=29024 max=71913 n=22 to=0 | cancels=0(+0/s) seqbad=0 len_bad=0 disc=0(0x00) | tot_n=2295 tot_to=0 maxever=96914 >2ms=2295 >5ms=2295 >15ms=2290 >20ms=2288 >30ms=2248 | probes=2296 wrfail=0 down=4s maxout=4s
 120.047  t=117s RTT mean=43341 min=18968 max=48020 n=21 to=0 | cancels=0(+0/s) seqbad=0 len_bad=0 disc=0(0x00) | tot_n=2316 tot_to=0 maxever=96914 >2ms=2316 >5ms=2316 >15ms=2311 >20ms=2308 >30ms=2268 | probes=2317 wrfail=0 down=4s maxout=4s
 120.102  t=118s RTT mean=42367 min=17579 max=46915 n=22 to=0 | cancels=0(+0/s) seqbad=0 len_bad=0 disc=0(0x00) | tot_n=2338 tot_to=0 maxever=96914 >2ms=2338 >5ms=2338 >15ms=2333 >20ms=2329 >30ms=2288 | probes=2339 wrfail=0 down=4s maxout=4s
 122.047  t=119s RTT mean=42368 min=23490 max=46932 n=22 to=0 | cancels=0(+0/s) seqbad=0 len_bad=0 disc=0(0x00) | tot_n=2360 tot_to=0 maxever=96914 >2ms=2360 >5ms=2360 >15ms=2355 >20ms=2351 >30ms=2309 | probes=2361 wrfail=0 down=4s maxout=4s
 122.102  t=120s RTT mean=43504 min=27666 max=71914 n=22 to=0 | cancels=0(+0/s) seqbad=0 len_bad=0 disc=0(0x00) | tot_n=2382 tot_to=0 maxever=96914 >2ms=2382 >5ms=2382 >15ms=2377 >20ms=2373 >30ms=2330 | probes=2383 wrfail=0 down=4s maxout=4s
 124.047  t=121s RTT mean=43341 min=30264 max=48020 n=21 to=0 | cancels=0(+0/s) seqbad=0 len_bad=0 disc=0(0x00) | tot_n=2403 tot_to=0 maxever=96914 >2ms=2403 >5ms=2403 >15ms=2398 >20ms=2394 >30ms=2351 | probes=2404 wrfail=0 down=4s maxout=4s
 124.102  t=122s RTT mean=42366 min=23468 max=46915 n=22 to=0 | cancels=0(+0/s) seqbad=0 len_bad=0 disc=0(0x00) | tot_n=2425 tot_to=0 maxever=96914 >2ms=2425 >5ms=2425 >15ms=2420 >20ms=2416 >30ms=2372 | probes=2426 wrfail=0 down=4s maxout=4s
 126.042  t=123s RTT mean=42367 min=23464 max=46931 n=22 to=0 | cancels=0(+0/s) seqbad=0 len_bad=0 disc=0(0x00) | tot_n=2447 tot_to=0 maxever=96914 >2ms=2447 >5ms=2447 >15ms=2442 >20ms=2438 >30ms=2393 | probes=2448 wrfail=0 down=4s maxout=4s
 126.097  t=124s RTT mean=42367 min=23468 max=46915 n=22 to=0 | cancels=0(+0/s) seqbad=0 len_bad=0 disc=0(0x00) | tot_n=2469 tot_to=0 maxever=96914 >2ms=2469 >5ms=2469 >15ms=2464 >20ms=2460 >30ms=2414 | probes=2470 wrfail=0 down=4s maxout=4s
 128.062  t=125s RTT mean=42368 min=24879 max=46930 n=22 to=0 | cancels=0(+0/s) seqbad=0 len_bad=0 disc=0(0x00) | tot_n=2491 tot_to=0 maxever=96914 >2ms=2491 >5ms=2491 >15ms=2486 >20ms=2482 >30ms=2435 | probes=2492 wrfail=0 down=4s maxout=4s
 128.062  PCTL target=25 tot=1296 to=0 p50=46 p90=46 p99=71 p99.9=73 max=96 g30=1240 g100=0 (ms/counts)
 128.062  LOADRAMP: target=50 KBps for 60s
 128.117  t=126s RTT mean=39620 min=23486 max=46915 n=24 to=0 | cancels=0(+0/s) seqbad=0 len_bad=0 disc=0(0x00) | tot_n=2515 tot_to=0 maxever=96914 >2ms=2515 >5ms=2515 >15ms=2510 >20ms=2506 >30ms=2458 | probes=2516 wrfail=0 down=4s maxout=4s
 130.065  t=127s RTT mean=40388 min=26213 max=71925 n=23 to=0 | cancels=0(+0/s) seqbad=0 len_bad=0 disc=0(0x00) | tot_n=2538 tot_to=0 maxever=96914 >2ms=2538 >5ms=2538 >15ms=2533 >20ms=2529 >30ms=2480 | probes=2539 wrfail=0 down=4s maxout=4s
 130.065  t=128s RTT mean=40389 min=25933 max=48021 n=23 to=0 | cancels=0(+0/s) seqbad=0 len_bad=0 disc=0(0x00) | tot_n=2561 tot_to=0 maxever=96914 >2ms=2561 >5ms=2561 >15ms=2556 >20ms=2552 >30ms=2502 | probes=2562 wrfail=0 down=4s maxout=4s
 132.069  t=129s RTT mean=41230 min=30189 max=63552 n=22 to=0 | cancels=0(+0/s) seqbad=0 len_bad=0 disc=0(0x00) | tot_n=2583 tot_to=0 maxever=96914 >2ms=2583 >5ms=2583 >15ms=2578 >20ms=2574 >30ms=2524 | probes=2584 wrfail=0 down=4s maxout=4s
 132.069  t=130s RTT mean=41475 min=27615 max=56582 n=23 to=0 | cancels=0(+0/s) seqbad=0 len_bad=0 disc=0(0x00) | tot_n=2606 tot_to=0 maxever=96914 >2ms=2606 >5ms=2606 >15ms=2601 >20ms=2597 >30ms=2546 | probes=2607 wrfail=0 down=4s maxout=4s
 134.074  t=131s RTT mean=40390 min=30109 max=48020 n=23 to=0 | cancels=0(+0/s) seqbad=0 len_bad=0 disc=0(0x00) | tot_n=2629 tot_to=0 maxever=96914 >2ms=2629 >5ms=2629 >15ms=2624 >20ms=2620 >30ms=2569 | probes=2630 wrfail=0 down=4s maxout=4s
 134.074  t=132s RTT mean=39302 min=14866 max=48020 n=23 to=0 | cancels=0(+0/s) seqbad=0 len_bad=0 disc=0(0x00) | tot_n=2652 tot_to=0 maxever=96914 >2ms=2652 >5ms=2652 >15ms=2646 >20ms=2642 >30ms=2591 | probes=2653 wrfail=0 down=4s maxout=4s
 136.088  t=133s RTT mean=39620 min=23473 max=46932 n=24 to=0 | cancels=0(+0/s) seqbad=0 len_bad=0 disc=0(0x00) | tot_n=2676 tot_to=0 maxever=96914 >2ms=2676 >5ms=2676 >15ms=2670 >20ms=2666 >30ms=2614 | probes=2677 wrfail=0 down=4s maxout=4s
 136.088  t=134s RTT mean=41230 min=23475 max=71913 n=22 to=0 | cancels=0(+0/s) seqbad=0 len_bad=0 disc=0(0x00) | tot_n=2698 tot_to=0 maxever=96914 >2ms=2698 >5ms=2698 >15ms=2692 >20ms=2688 >30ms=2635 | probes=2699 wrfail=0 down=4s maxout=4s
 138.054  t=135s RTT mean=39620 min=16259 max=53874 n=24 to=0 | cancels=0(+0/s) seqbad=0 len_bad=0 disc=0(0x00) | tot_n=2722 tot_to=0 maxever=96914 >2ms=2722 >5ms=2722 >15ms=2716 >20ms=2711 >30ms=2657 | probes=2723 wrfail=0 down=4s maxout=4s
 138.109  t=136s RTT mean=41229 min=23143 max=73309 n=22 to=0 | cancels=0(+0/s) seqbad=0 len_bad=0 disc=0(0x00) | tot_n=2744 tot_to=0 maxever=96914 >2ms=2744 >5ms=2744 >15ms=2738 >20ms=2733 >30ms=2678 | probes=2745 wrfail=0 down=4s maxout=4s
 140.057  t=137s RTT mean=39620 min=23475 max=46931 n=24 to=0 | cancels=0(+0/s) seqbad=0 len_bad=0 disc=0(0x00) | tot_n=2768 tot_to=0 maxever=96914 >2ms=2768 >5ms=2768 >15ms=2762 >20ms=2757 >30ms=2700 | probes=2769 wrfail=0 down=4s maxout=4s
 140.108  t=138s RTT mean=41229 min=30265 max=53716 n=22 to=0 | cancels=0(+0/s) seqbad=0 len_bad=0 disc=0(0x00) | tot_n=2790 tot_to=0 maxever=96914 >2ms=2790 >5ms=2790 >15ms=2784 >20ms=2779 >30ms=2722 | probes=2791 wrfail=0 down=4s maxout=4s
 142.045  t=139s RTT mean=42366 min=23474 max=74619 n=22 to=0 | cancels=0(+0/s) seqbad=0 len_bad=0 disc=0(0x00) | tot_n=2812 tot_to=0 maxever=96914 >2ms=2812 >5ms=2812 >15ms=2806 >20ms=2801 >30ms=2742 | probes=2813 wrfail=0 down=4s maxout=4s
 142.101  t=140s RTT mean=40390 min=23473 max=55190 n=23 to=0 | cancels=0(+0/s) seqbad=0 len_bad=0 disc=0(0x00) | tot_n=2835 tot_to=0 maxever=96914 >2ms=2835 >5ms=2835 >15ms=2829 >20ms=2824 >30ms=2764 | probes=2836 wrfail=0 down=4s maxout=4s
 144.049  t=141s RTT mean=42366 min=23474 max=54751 n=22 to=0 | cancels=0(+0/s) seqbad=0 len_bad=0 disc=0(0x00) | tot_n=2857 tot_to=0 maxever=96914 >2ms=2857 >5ms=2857 >15ms=2851 >20ms=2846 >30ms=2785 | probes=2858 wrfail=0 down=4s maxout=4s
 144.104  t=142s RTT mean=43502 min=23474 max=70884 n=22 to=0 | cancels=0(+0/s) seqbad=0 len_bad=0 disc=0(0x00) | tot_n=2879 tot_to=0 maxever=96914 >2ms=2879 >5ms=2879 >15ms=2873 >20ms=2868 >30ms=2806 | probes=2880 wrfail=0 down=4s maxout=4s
 146.053  t=143s RTT mean=41229 min=30189 max=52402 n=22 to=0 | cancels=0(+0/s) seqbad=0 len_bad=0 disc=0(0x00) | tot_n=2901 tot_to=0 maxever=96914 >2ms=2901 >5ms=2901 >15ms=2895 >20ms=2890 >30ms=2828 | probes=2902 wrfail=0 down=4s maxout=4s
 146.106  t=144s RTT mean=39639 min=23475 max=47361 n=24 to=0 | cancels=0(+0/s) seqbad=0 len_bad=0 disc=0(0x00) | tot_n=2925 tot_to=0 maxever=96914 >2ms=2925 >5ms=2925 >15ms=2919 >20ms=2914 >30ms=2851 | probes=2926 wrfail=0 down=4s maxout=4s
 148.061  t=145s RTT mean=40370 min=23143 max=52930 n=23 to=0 | cancels=0(+0/s) seqbad=0 len_bad=0 disc=0(0x00) | tot_n=2948 tot_to=0 maxever=96914 >2ms=2948 >5ms=2948 >15ms=2942 >20ms=2937 >30ms=2873 | probes=2949 wrfail=0 down=4s maxout=4s
 148.061  t=146s RTT mean=41229 min=30262 max=48312 n=22 to=0 | cancels=0(+0/s) seqbad=0 len_bad=0 disc=0(0x00) | tot_n=2970 tot_to=0 maxever=96914 >2ms=2970 >5ms=2970 >15ms=2964 >20ms=2959 >30ms=2895 | probes=2971 wrfail=0 down=4s maxout=4s
 150.055  t=147s RTT mean=41477 min=23474 max=49695 n=23 to=0 | cancels=0(+0/s) seqbad=0 len_bad=0 disc=0(0x00) | tot_n=2993 tot_to=0 maxever=96914 >2ms=2993 >5ms=2993 >15ms=2987 >20ms=2982 >30ms=2917 | probes=2994 wrfail=0 down=4s maxout=4s
 150.110  t=148s RTT mean=41229 min=30259 max=51087 n=22 to=0 | cancels=0(+0/s) seqbad=0 len_bad=0 disc=0(0x00) | tot_n=3015 tot_to=0 maxever=96914 >2ms=3015 >5ms=3015 >15ms=3009 >20ms=3004 >30ms=2939 | probes=3016 wrfail=0 down=4s maxout=4s
 152.058  t=149s RTT mean=39620 min=23145 max=49696 n=24 to=0 | cancels=0(+0/s) seqbad=0 len_bad=0 disc=0(0x00) | tot_n=3039 tot_to=0 maxever=96914 >2ms=3039 >5ms=3039 >15ms=3033 >20ms=3028 >30ms=2961 | probes=3040 wrfail=0 down=4s maxout=4s
 152.111  t=150s RTT mean=43339 min=30268 max=54323 n=21 to=0 | cancels=0(+0/s) seqbad=0 len_bad=0 disc=0(0x00) | tot_n=3060 tot_to=0 maxever=96914 >2ms=3060 >5ms=3060 >15ms=3054 >20ms=3049 >30ms=2982 | probes=3061 wrfail=0 down=4s maxout=4s
 154.079  t=151s RTT mean=39620 min=23475 max=51089 n=24 to=0 | cancels=0(+0/s) seqbad=0 len_bad=0 disc=0(0x00) | tot_n=3084 tot_to=0 maxever=96914 >2ms=3084 >5ms=3084 >15ms=3078 >20ms=3073 >30ms=3004 | probes=3085 wrfail=0 down=4s maxout=4s
 154.079  t=152s RTT mean=40389 min=30109 max=48020 n=23 to=0 | cancels=0(+0/s) seqbad=0 len_bad=0 disc=0(0x00) | tot_n=3107 tot_to=0 maxever=96914 >2ms=3107 >5ms=3107 >15ms=3101 >20ms=3096 >30ms=3027 | probes=3108 wrfail=0 down=4s maxout=4s
 156.044  t=153s RTT mean=40390 min=30267 max=48020 n=23 to=0 | cancels=0(+0/s) seqbad=0 len_bad=0 disc=0(0x00) | tot_n=3130 tot_to=0 maxever=96914 >2ms=3130 >5ms=3130 >15ms=3124 >20ms=3119 >30ms=3050 | probes=3131 wrfail=0 down=4s maxout=4s
 156.100  t=154s RTT mean=41476 min=27320 max=51956 n=23 to=0 | cancels=0(+0/s) seqbad=0 len_bad=0 disc=0(0x00) | tot_n=3153 tot_to=0 maxever=96914 >2ms=3153 >5ms=3153 >15ms=3147 >20ms=3142 >30ms=3072 | probes=3153 wrfail=0 down=4s maxout=4s
 158.074  t=155s RTT mean=40390 min=23143 max=48303 n=23 to=0 | cancels=0(+0/s) seqbad=0 len_bad=0 disc=0(0x00) | tot_n=3176 tot_to=0 maxever=96914 >2ms=3176 >5ms=3176 >15ms=3170 >20ms=3165 >30ms=3093 | probes=3176 wrfail=0 down=4s maxout=4s
 158.075  t=156s RTT mean=38578 min=6507 max=46921 n=24 to=0 | cancels=0(+0/s) seqbad=0 len_bad=0 disc=0(0x00) | tot_n=3200 tot_to=0 maxever=96914 >2ms=3200 >5ms=3200 >15ms=3193 >20ms=3188 >30ms=3115 | probes=3200 wrfail=0 down=4s maxout=4s
 160.087  t=157s RTT mean=40390 min=23474 max=48144 n=23 to=0 | cancels=0(+0/s) seqbad=0 len_bad=0 disc=0(0x00) | tot_n=3223 tot_to=0 maxever=96914 >2ms=3223 >5ms=3223 >15ms=3216 >20ms=3211 >30ms=3137 | probes=3223 wrfail=0 down=4s maxout=4s
 160.087  t=158s RTT mean=41230 min=23475 max=49696 n=22 to=0 | cancels=0(+0/s) seqbad=0 len_bad=0 disc=0(0x00) | tot_n=3245 tot_to=0 maxever=96914 >2ms=3245 >5ms=3245 >15ms=3238 >20ms=3233 >30ms=3158 | probes=3246 wrfail=0 down=4s maxout=4s
 162.045  t=159s RTT mean=40390 min=30267 max=48020 n=23 to=0 | cancels=0(+0/s) seqbad=0 len_bad=0 disc=0(0x00) | tot_n=3268 tot_to=0 maxever=96914 >2ms=3268 >5ms=3268 >15ms=3261 >20ms=3256 >30ms=3181 | probes=3269 wrfail=0 down=4s maxout=4s
 162.100  t=160s RTT mean=41476 min=25933 max=51088 n=23 to=0 | cancels=0(+0/s) seqbad=0 len_bad=0 disc=0(0x00) | tot_n=3291 tot_to=0 maxever=96914 >2ms=3291 >5ms=3291 >15ms=3284 >20ms=3279 >30ms=3203 | probes=3291 wrfail=0 down=4s maxout=4s
 164.052  t=161s RTT mean=40390 min=23475 max=49540 n=23 to=0 | cancels=0(+0/s) seqbad=0 len_bad=0 disc=0(0x00) | tot_n=3314 tot_to=0 maxever=96914 >2ms=3314 >5ms=3314 >15ms=3307 >20ms=3302 >30ms=3225 | probes=3314 wrfail=0 down=4s maxout=4s
 164.103  t=162s RTT mean=39303 min=23474 max=46921 n=23 to=0 | cancels=0(+0/s) seqbad=0 len_bad=0 disc=0(0x00) | tot_n=3337 tot_to=0 maxever=96914 >2ms=3337 >5ms=3337 >15ms=3330 >20ms=3325 >30ms=3246 | probes=3338 wrfail=0 down=4s maxout=4s
 166.059  t=163s RTT mean=42366 min=30267 max=55267 n=22 to=0 | cancels=0(+0/s) seqbad=0 len_bad=0 disc=0(0x00) | tot_n=3359 tot_to=0 maxever=96914 >2ms=3359 >5ms=3359 >15ms=3352 >20ms=3347 >30ms=3268 | probes=3360 wrfail=0 down=4s maxout=4s
 166.115  t=164s RTT mean=40390 min=30188 max=48020 n=23 to=0 | cancels=0(+0/s) seqbad=0 len_bad=0 disc=0(0x00) | tot_n=3382 tot_to=0 maxever=96914 >2ms=3382 >5ms=3382 >15ms=3375 >20ms=3370 >30ms=3291 | probes=3383 wrfail=0 down=4s maxout=4s
 168.070  t=165s RTT mean=40390 min=30188 max=48021 n=23 to=0 | cancels=0(+0/s) seqbad=0 len_bad=0 disc=0(0x00) | tot_n=3405 tot_to=0 maxever=96914 >2ms=3405 >5ms=3405 >15ms=3398 >20ms=3393 >30ms=3314 | probes=3406 wrfail=0 down=4s maxout=4s
 168.070  t=166s RTT mean=42366 min=30189 max=55716 n=22 to=0 | cancels=0(+0/s) seqbad=0 len_bad=0 disc=0(0x00) | tot_n=3427 tot_to=0 maxever=96914 >2ms=3427 >5ms=3427 >15ms=3420 >20ms=3415 >30ms=3336 | probes=3428 wrfail=0 down=4s maxout=4s
 170.046  t=167s RTT mean=40390 min=30267 max=48020 n=23 to=0 | cancels=0(+0/s) seqbad=0 len_bad=0 disc=0(0x00) | tot_n=3450 tot_to=0 maxever=96914 >2ms=3450 >5ms=3450 >15ms=3443 >20ms=3438 >30ms=3359 | probes=3451 wrfail=0 down=4s maxout=4s
 170.101  t=168s RTT mean=42366 min=25933 max=52482 n=22 to=0 | cancels=0(+0/s) seqbad=0 len_bad=0 disc=0(0x00) | tot_n=3472 tot_to=0 maxever=96914 >2ms=3472 >5ms=3472 >15ms=3465 >20ms=3460 >30ms=3380 | probes=3473 wrfail=0 down=4s maxout=4s
 172.064  t=169s RTT mean=40390 min=30268 max=48020 n=23 to=0 | cancels=0(+0/s) seqbad=0 len_bad=0 disc=0(0x00) | tot_n=3495 tot_to=0 maxever=96914 >2ms=3495 >5ms=3495 >15ms=3488 >20ms=3483 >30ms=3403 | probes=3496 wrfail=0 down=4s maxout=4s
 172.064  t=170s RTT mean=40389 min=6507 max=51537 n=23 to=0 | cancels=0(+0/s) seqbad=0 len_bad=0 disc=0(0x00) | tot_n=3518 tot_to=0 maxever=96914 >2ms=3518 >5ms=3518 >15ms=3510 >20ms=3505 >30ms=3425 | probes=3519 wrfail=0 down=4s maxout=4s
 174.078  t=171s RTT mean=40390 min=30110 max=48019 n=23 to=0 | cancels=0(+0/s) seqbad=0 len_bad=0 disc=0(0x00) | tot_n=3541 tot_to=0 maxever=96914 >2ms=3541 >5ms=3541 >15ms=3533 >20ms=3528 >30ms=3448 | probes=3542 wrfail=0 down=4s maxout=4s
 174.079  t=172s RTT mean=41476 min=30191 max=48302 n=23 to=0 | cancels=0(+0/s) seqbad=0 len_bad=0 disc=0(0x00) | tot_n=3564 tot_to=0 maxever=96914 >2ms=3564 >5ms=3564 >15ms=3556 >20ms=3551 >30ms=3471 | probes=3564 wrfail=0 down=4s maxout=4s
 176.076  t=173s RTT mean=40390 min=23474 max=52482 n=23 to=0 | cancels=0(+0/s) seqbad=0 len_bad=0 disc=0(0x00) | tot_n=3587 tot_to=0 maxever=96914 >2ms=3587 >5ms=3587 >15ms=3579 >20ms=3574 >30ms=3493 | probes=3588 wrfail=0 down=4s maxout=4s
 176.076  t=174s RTT mean=41229 min=23475 max=71913 n=22 to=0 | cancels=0(+0/s) seqbad=0 len_bad=0 disc=0(0x00) | tot_n=3609 tot_to=0 maxever=96914 >2ms=3609 >5ms=3609 >15ms=3601 >20ms=3596 >30ms=3513 | probes=3610 wrfail=0 down=4s maxout=4s
 178.089  t=175s RTT mean=42366 min=30188 max=71912 n=22 to=0 | cancels=0(+0/s) seqbad=0 len_bad=0 disc=0(0x00) | tot_n=3631 tot_to=0 maxever=96914 >2ms=3631 >5ms=3631 >15ms=3623 >20ms=3618 >30ms=3535 | probes=3632 wrfail=0 down=4s maxout=4s
 178.089  t=176s RTT mean=41476 min=30189 max=51088 n=23 to=0 | cancels=0(+0/s) seqbad=0 len_bad=0 disc=0(0x00) | tot_n=3654 tot_to=0 maxever=96914 >2ms=3654 >5ms=3654 >15ms=3646 >20ms=3641 >30ms=3558 | probes=3655 wrfail=0 down=4s maxout=4s
 180.082  t=177s RTT mean=41230 min=23475 max=54742 n=22 to=0 | cancels=0(+0/s) seqbad=0 len_bad=0 disc=0(0x00) | tot_n=3676 tot_to=0 maxever=96914 >2ms=3676 >5ms=3676 >15ms=3668 >20ms=3663 >30ms=3579 | probes=3677 wrfail=0 down=4s maxout=4s
 180.082  t=178s RTT mean=40389 min=30268 max=48020 n=23 to=0 | cancels=0(+0/s) seqbad=0 len_bad=0 disc=0(0x00) | tot_n=3699 tot_to=0 maxever=96914 >2ms=3699 >5ms=3699 >15ms=3691 >20ms=3686 >30ms=3602 | probes=3700 wrfail=0 down=4s maxout=4s
 182.083  t=179s RTT mean=40390 min=30259 max=48020 n=23 to=0 | cancels=0(+0/s) seqbad=0 len_bad=0 disc=0(0x00) | tot_n=3722 tot_to=0 maxever=96914 >2ms=3722 >5ms=3722 >15ms=3714 >20ms=3709 >30ms=3625 | probes=3723 wrfail=0 down=4s maxout=4s
 182.084  t=180s RTT mean=43502 min=30188 max=71914 n=22 to=0 | cancels=0(+0/s) seqbad=0 len_bad=0 disc=0(0x00) | tot_n=3744 tot_to=0 maxever=96914 >2ms=3744 >5ms=3744 >15ms=3736 >20ms=3731 >30ms=3647 | probes=3745 wrfail=0 down=4s maxout=4s
 184.091  t=181s RTT mean=41230 min=23474 max=71912 n=22 to=0 | cancels=0(+0/s) seqbad=0 len_bad=0 disc=0(0x00) | tot_n=3766 tot_to=0 maxever=96914 >2ms=3766 >5ms=3766 >15ms=3758 >20ms=3753 >30ms=3668 | probes=3767 wrfail=0 down=4s maxout=4s
 184.091  t=182s RTT mean=45720 min=23474 max=96914 n=21 to=0 | cancels=0(+0/s) seqbad=0 len_bad=0 disc=0(0x00) | tot_n=3787 tot_to=0 maxever=96914 >2ms=3787 >5ms=3787 >15ms=3779 >20ms=3774 >30ms=3688 | probes=3788 wrfail=0 down=4s maxout=4s
 186.083  t=183s RTT mean=49689 min=16258 max=96917 n=18 to=0 | cancels=0(+0/s) seqbad=0 len_bad=0 disc=0(0x00) | tot_n=3805 tot_to=0 maxever=96917 >2ms=3805 >5ms=3805 >15ms=3797 >20ms=3791 >30ms=3704 | probes=3806 wrfail=0 down=4s maxout=4s
 186.083  t=184s RTT mean=53855 min=30259 max=96901 n=18 to=0 | cancels=0(+0/s) seqbad=0 len_bad=0 disc=0(0x00) | tot_n=3823 tot_to=0 maxever=96917 >2ms=3823 >5ms=3823 >15ms=3815 >20ms=3809 >30ms=3722 | probes=3824 wrfail=0 down=4s maxout=4s
 188.096  t=185s RTT mean=42366 min=24540 max=63549 n=22 to=0 | cancels=0(+0/s) seqbad=0 len_bad=0 disc=0(0x00) | tot_n=3845 tot_to=0 maxever=96917 >2ms=3845 >5ms=3845 >15ms=3837 >20ms=3831 >30ms=3743 | probes=3846 wrfail=0 down=4s maxout=4s
 188.096  PCTL target=50 tot=1353 to=0 p50=46 p90=46 p99=71 p99.9=96 max=96 g30=1307 g100=0 (ms/counts)
 188.096  LOADRAMP: target=75 KBps for 60s
 188.096  t=186s RTT mean=39619 min=25858 max=52482 n=24 to=0 | cancels=0(+0/s) seqbad=0 len_bad=0 disc=0(0x00) | tot_n=3869 tot_to=0 maxever=96917 >2ms=3869 >5ms=3869 >15ms=3861 >20ms=3855 >30ms=3766 | probes=3870 wrfail=0 down=4s maxout=4s
 190.063  t=187s RTT mean=37536 min=23474 max=50559 n=24 to=0 | cancels=0(+0/s) seqbad=0 len_bad=0 disc=0(0x00) | tot_n=3893 tot_to=0 maxever=96917 >2ms=3893 >5ms=3893 >15ms=3885 >20ms=3879 >30ms=3789 | probes=3894 wrfail=0 down=4s maxout=4s
 190.118  t=188s RTT mean=39619 min=28645 max=48303 n=24 to=0 | cancels=0(+0/s) seqbad=0 len_bad=0 disc=0(0x00) | tot_n=3917 tot_to=0 maxever=96917 >2ms=3917 >5ms=3917 >15ms=3909 >20ms=3903 >30ms=3812 | probes=3918 wrfail=0 down=4s maxout=4s
 192.071  t=189s RTT mean=36911 min=23474 max=46920 n=25 to=0 | cancels=0(+0/s) seqbad=0 len_bad=0 disc=0(0x00) | tot_n=3942 tot_to=0 maxever=96917 >2ms=3942 >5ms=3942 >15ms=3934 >20ms=3928 >30ms=3836 | probes=3943 wrfail=0 down=4s maxout=4s
 192.071  t=190s RTT mean=38577 min=23475 max=56582 n=24 to=0 | cancels=0(+0/s) seqbad=0 len_bad=0 disc=0(0x00) | tot_n=3966 tot_to=0 maxever=96917 >2ms=3966 >5ms=3966 >15ms=3958 >20ms=3952 >30ms=3859 | probes=3967 wrfail=0 down=4s maxout=4s
 194.085  t=191s RTT mean=37536 min=20809 max=52488 n=24 to=0 | cancels=0(+0/s) seqbad=0 len_bad=0 disc=0(0x00) | tot_n=3990 tot_to=0 maxever=96917 >2ms=3990 >5ms=3990 >15ms=3982 >20ms=3976 >30ms=3881 | probes=3991 wrfail=0 down=4s maxout=4s
 194.085  t=192s RTT mean=39619 min=30192 max=60611 n=24 to=0 | cancels=0(+0/s) seqbad=0 len_bad=0 disc=0(0x00) | tot_n=4014 tot_to=0 maxever=96917 >2ms=4014 >5ms=4014 >15ms=4006 >20ms=4000 >30ms=3905 | probes=4015 wrfail=0 down=4s maxout=4s
 196.095  t=193s RTT mean=36911 min=23475 max=46919 n=25 to=0 | cancels=0(+0/s) seqbad=0 len_bad=0 disc=0(0x00) | tot_n=4039 tot_to=0 maxever=96917 >2ms=4039 >5ms=4039 >15ms=4031 >20ms=4025 >30ms=3929 | probes=4040 wrfail=0 down=4s maxout=4s
 196.095  t=194s RTT mean=37536 min=23474 max=51085 n=24 to=0 | cancels=0(+0/s) seqbad=0 len_bad=0 disc=0(0x00) | tot_n=4063 tot_to=0 maxever=96917 >2ms=4063 >5ms=4063 >15ms=4055 >20ms=4049 >30ms=3952 | probes=4064 wrfail=0 down=4s maxout=4s
 198.052  t=195s RTT mean=38577 min=30190 max=49465 n=24 to=0 | cancels=0(+0/s) seqbad=0 len_bad=0 disc=0(0x00) | tot_n=4087 tot_to=0 maxever=96917 >2ms=4087 >5ms=4087 >15ms=4079 >20ms=4073 >30ms=3976 | probes=4088 wrfail=0 down=4s maxout=4s
 198.107  t=196s RTT mean=39302 min=30183 max=71913 n=23 to=0 | cancels=0(+0/s) seqbad=0 len_bad=0 disc=0(0x00) | tot_n=4110 tot_to=0 maxever=96917 >2ms=4110 >5ms=4110 >15ms=4102 >20ms=4096 >30ms=3999 | probes=4111 wrfail=0 down=4s maxout=4s
 200.067  t=197s RTT mean=55243 min=30038 max=123020 n=18 to=0 | cancels=0(+0/s) seqbad=0 len_bad=0 disc=0(0x00) | tot_n=4128 tot_to=0 maxever=123020 >2ms=4128 >5ms=4128 >15ms=4120 >20ms=4114 >30ms=4017 | probes=4129 wrfail=0 down=4s maxout=4s
 200.067  t=198s RTT mean=45595 min=23078 max=81586 n=19 to=0 | cancels=0(+0/s) seqbad=0 len_bad=0 disc=0(0x00) | tot_n=4147 tot_to=0 maxever=123020 >2ms=4147 >5ms=4147 >15ms=4139 >20ms=4133 >30ms=4035 | probes=4148 wrfail=0 down=4s maxout=4s
 202.101  t=199s RTT mean=41702 min=23475 max=121914 n=24 to=0 | cancels=0(+0/s) seqbad=0 len_bad=0 disc=0(0x00) | tot_n=4171 tot_to=0 maxever=123020 >2ms=4171 >5ms=4171 >15ms=4163 >20ms=4157 >30ms=4058 | probes=4172 wrfail=0 down=4s maxout=4s
 202.101  t=200s RTT mean=38577 min=23474 max=64950 n=24 to=0 | cancels=0(+0/s) seqbad=0 len_bad=0 disc=0(0x00) | tot_n=4195 tot_to=0 maxever=123020 >2ms=4195 >5ms=4195 >15ms=4187 >20ms=4181 >30ms=4081 | probes=4196 wrfail=0 down=4s maxout=4s
 204.061  t=201s RTT mean=39302 min=23474 max=48303 n=23 to=0 | cancels=0(+0/s) seqbad=0 len_bad=0 disc=0(0x00) | tot_n=4218 tot_to=0 maxever=123020 >2ms=4218 >5ms=4218 >15ms=4210 >20ms=4204 >30ms=4103 | probes=4219 wrfail=0 down=4s maxout=4s
 204.117  t=202s RTT mean=39619 min=24464 max=51537 n=24 to=0 | cancels=0(+0/s) seqbad=0 len_bad=0 disc=0(0x00) | tot_n=4242 tot_to=0 maxever=123020 >2ms=4242 >5ms=4242 >15ms=4234 >20ms=4228 >30ms=4126 | probes=4243 wrfail=0 down=4s maxout=4s
 206.068  t=203s RTT mean=38577 min=23474 max=51013 n=24 to=0 | cancels=0(+0/s) seqbad=0 len_bad=0 disc=0(0x00) | tot_n=4266 tot_to=0 maxever=123020 >2ms=4266 >5ms=4266 >15ms=4258 >20ms=4252 >30ms=4149 | probes=4267 wrfail=0 down=4s maxout=4s
 206.068  t=204s RTT mean=40389 min=23474 max=66182 n=23 to=0 | cancels=0(+0/s) seqbad=0 len_bad=0 disc=0(0x00) | tot_n=4289 tot_to=0 maxever=123020 >2ms=4289 >5ms=4289 >15ms=4281 >20ms=4275 >30ms=4171 | probes=4290 wrfail=0 down=4s maxout=4s
 208.079  t=205s RTT mean=40389 min=23474 max=67730 n=23 to=0 | cancels=0(+0/s) seqbad=0 len_bad=0 disc=0(0x00) | tot_n=4312 tot_to=0 maxever=123020 >2ms=4312 >5ms=4312 >15ms=4304 >20ms=4298 >30ms=4193 | probes=4313 wrfail=0 down=4s maxout=4s
 208.079  t=206s RTT mean=38577 min=18967 max=52482 n=24 to=0 | cancels=0(+0/s) seqbad=0 len_bad=0 disc=0(0x00) | tot_n=4336 tot_to=0 maxever=123020 >2ms=4336 >5ms=4336 >15ms=4328 >20ms=4321 >30ms=4215 | probes=4337 wrfail=0 down=4s maxout=4s
 210.089  t=207s RTT mean=41229 min=23474 max=57987 n=22 to=0 | cancels=0(+0/s) seqbad=0 len_bad=0 disc=0(0x00) | tot_n=4358 tot_to=0 maxever=123020 >2ms=4358 >5ms=4358 >15ms=4350 >20ms=4343 >30ms=4236 | probes=4359 wrfail=0 down=4s maxout=4s
 210.089  t=208s RTT mean=40389 min=30267 max=64941 n=23 to=0 | cancels=0(+0/s) seqbad=0 len_bad=0 disc=0(0x00) | tot_n=4381 tot_to=0 maxever=123020 >2ms=4381 >5ms=4381 >15ms=4373 >20ms=4366 >30ms=4259 | probes=4382 wrfail=0 down=4s maxout=4s
 212.057  t=209s RTT mean=38577 min=30265 max=48020 n=24 to=0 | cancels=0(+0/s) seqbad=0 len_bad=0 disc=0(0x00) | tot_n=4405 tot_to=0 maxever=123020 >2ms=4405 >5ms=4405 >15ms=4397 >20ms=4390 >30ms=4283 | probes=4406 wrfail=0 down=4s maxout=4s
 212.112  t=210s RTT mean=41476 min=30189 max=58054 n=23 to=0 | cancels=0(+0/s) seqbad=0 len_bad=0 disc=0(0x00) | tot_n=4428 tot_to=0 maxever=123020 >2ms=4428 >5ms=4428 >15ms=4420 >20ms=4413 >30ms=4306 | probes=4429 wrfail=0 down=4s maxout=4s
 214.058  t=211s RTT mean=42365 min=23474 max=56579 n=22 to=0 | cancels=0(+0/s) seqbad=0 len_bad=0 disc=0(0x00) | tot_n=4450 tot_to=0 maxever=123020 >2ms=4450 >5ms=4450 >15ms=4442 >20ms=4435 >30ms=4327 | probes=4451 wrfail=0 down=4s maxout=4s
 214.113  t=212s RTT mean=39302 min=23474 max=51089 n=23 to=0 | cancels=0(+0/s) seqbad=0 len_bad=0 disc=0(0x00) | tot_n=4473 tot_to=0 maxever=123020 >2ms=4473 >5ms=4473 >15ms=4465 >20ms=4458 >30ms=4349 | probes=4474 wrfail=0 down=4s maxout=4s
 216.056  t=213s RTT mean=41476 min=30039 max=64945 n=23 to=0 | cancels=0(+0/s) seqbad=0 len_bad=0 disc=0(0x00) | tot_n=4496 tot_to=0 maxever=123020 >2ms=4496 >5ms=4496 >15ms=4488 >20ms=4481 >30ms=4372 | probes=4497 wrfail=0 down=4s maxout=4s
 216.111  t=214s RTT mean=39302 min=23475 max=60765 n=23 to=0 | cancels=0(+0/s) seqbad=0 len_bad=0 disc=0(0x00) | tot_n=4519 tot_to=0 maxever=123020 >2ms=4519 >5ms=4519 >15ms=4511 >20ms=4504 >30ms=4394 | probes=4520 wrfail=0 down=4s maxout=4s
 218.056  t=215s RTT mean=39619 min=30048 max=51089 n=24 to=0 | cancels=0(+0/s) seqbad=0 len_bad=0 disc=0(0x00) | tot_n=4543 tot_to=0 maxever=123020 >2ms=4543 >5ms=4543 >15ms=4535 >20ms=4528 >30ms=4418 | probes=4544 wrfail=0 down=4s maxout=4s
 218.107  t=216s RTT mean=37535 min=23474 max=46918 n=24 to=0 | cancels=0(+0/s) seqbad=0 len_bad=0 disc=0(0x00) | tot_n=4567 tot_to=0 maxever=123020 >2ms=4567 >5ms=4567 >15ms=4559 >20ms=4552 >30ms=4441 | probes=4568 wrfail=0 down=4s maxout=4s
 220.051  t=217s RTT mean=46910 min=30253 max=96913 n=20 to=0 | cancels=0(+0/s) seqbad=0 len_bad=0 disc=0(0x00) | tot_n=4587 tot_to=0 maxever=123020 >2ms=4587 >5ms=4587 >15ms=4579 >20ms=4572 >30ms=4461 | probes=4588 wrfail=0 down=4s maxout=4s
 220.106  t=218s RTT mean=46910 min=23474 max=81587 n=20 to=0 | cancels=0(+0/s) seqbad=0 len_bad=0 disc=0(0x00) | tot_n=4607 tot_to=0 maxever=123020 >2ms=4607 >5ms=4607 >15ms=4599 >20ms=4592 >30ms=4480 | probes=4608 wrfail=0 down=4s maxout=4s
 222.051  t=219s RTT mean=49542 min=24473 max=121913 n=19 to=0 | cancels=0(+0/s) seqbad=0 len_bad=0 disc=0(0x00) | tot_n=4626 tot_to=0 maxever=123020 >2ms=4626 >5ms=4626 >15ms=4618 >20ms=4611 >30ms=4498 | probes=4627 wrfail=0 down=4s maxout=4s
 222.102  t=220s RTT mean=41475 min=30195 max=80190 n=23 to=0 | cancels=0(+0/s) seqbad=0 len_bad=0 disc=0(0x00) | tot_n=4649 tot_to=0 maxever=123020 >2ms=4649 >5ms=4649 >15ms=4641 >20ms=4634 >30ms=4521 | probes=4650 wrfail=0 down=4s maxout=4s
 224.104  t=221s RTT mean=37536 min=23475 max=53874 n=24 to=0 | cancels=0(+0/s) seqbad=0 len_bad=0 disc=0(0x00) | tot_n=4673 tot_to=0 maxever=123020 >2ms=4673 >5ms=4673 >15ms=4665 >20ms=4658 >30ms=4544 | probes=4674 wrfail=0 down=4s maxout=4s
 224.104  t=222s RTT mean=38577 min=30267 max=48020 n=24 to=0 | cancels=0(+0/s) seqbad=0 len_bad=0 disc=0(0x00) | tot_n=4697 tot_to=0 maxever=123020 >2ms=4697 >5ms=4697 >15ms=4689 >20ms=4682 >30ms=4568 | probes=4698 wrfail=0 down=4s maxout=4s
 226.071  t=223s RTT mean=37911 min=30189 max=48019 n=25 to=0 | cancels=0(+0/s) seqbad=0 len_bad=0 disc=0(0x00) | tot_n=4722 tot_to=0 maxever=123020 >2ms=4722 >5ms=4722 >15ms=4714 >20ms=4707 >30ms=4593 | probes=4723 wrfail=0 down=4s maxout=4s
 226.071  t=224s RTT mean=36911 min=20808 max=46919 n=25 to=0 | cancels=0(+0/s) seqbad=0 len_bad=0 disc=0(0x00) | tot_n=4747 tot_to=0 maxever=123020 >2ms=4747 >5ms=4747 >15ms=4739 >20ms=4732 >30ms=4616 | probes=4748 wrfail=0 down=4s maxout=4s
 228.087  t=225s RTT mean=36911 min=23473 max=46915 n=25 to=0 | cancels=0(+0/s) seqbad=0 len_bad=0 disc=0(0x00) | tot_n=4772 tot_to=0 maxever=123020 >2ms=4772 >5ms=4772 >15ms=4764 >20ms=4757 >30ms=4639 | probes=4773 wrfail=0 down=4s maxout=4s
 228.087  t=226s RTT mean=37536 min=23475 max=46919 n=24 to=0 | cancels=0(+0/s) seqbad=0 len_bad=0 disc=0(0x00) | tot_n=4796 tot_to=0 maxever=123020 >2ms=4796 >5ms=4796 >15ms=4788 >20ms=4781 >30ms=4662 | probes=4797 wrfail=0 down=4s maxout=4s
 230.096  t=227s RTT mean=37911 min=30189 max=48019 n=25 to=0 | cancels=0(+0/s) seqbad=0 len_bad=0 disc=0(0x00) | tot_n=4821 tot_to=0 maxever=123020 >2ms=4821 >5ms=4821 >15ms=4813 >20ms=4806 >30ms=4687 | probes=4822 wrfail=0 down=4s maxout=4s
 230.096  t=228s RTT mean=36911 min=23474 max=46919 n=25 to=0 | cancels=0(+0/s) seqbad=0 len_bad=0 disc=0(0x00) | tot_n=4846 tot_to=0 maxever=123020 >2ms=4846 >5ms=4846 >15ms=4838 >20ms=4831 >30ms=4711 | probes=4847 wrfail=0 down=4s maxout=4s
 232.096  t=229s RTT mean=36910 min=23474 max=46915 n=25 to=0 | cancels=0(+0/s) seqbad=0 len_bad=0 disc=0(0x00) | tot_n=4871 tot_to=0 maxever=123020 >2ms=4871 >5ms=4871 >15ms=4863 >20ms=4856 >30ms=4735 | probes=4872 wrfail=0 down=4s maxout=4s
 232.096  t=230s RTT mean=36911 min=23473 max=46919 n=25 to=0 | cancels=0(+0/s) seqbad=0 len_bad=0 disc=0(0x00) | tot_n=4896 tot_to=0 maxever=123020 >2ms=4896 >5ms=4896 >15ms=4888 >20ms=4881 >30ms=4759 | probes=4897 wrfail=0 down=4s maxout=4s
 234.087  t=231s RTT mean=41228 min=23475 max=60609 n=22 to=0 | cancels=0(+0/s) seqbad=0 len_bad=0 disc=0(0x00) | tot_n=4918 tot_to=0 maxever=123020 >2ms=4918 >5ms=4918 >15ms=4910 >20ms=4903 >30ms=4780 | probes=4919 wrfail=0 down=4s maxout=4s
 234.088  t=232s RTT mean=37911 min=24469 max=48020 n=25 to=0 | cancels=0(+0/s) seqbad=0 len_bad=0 disc=0(0x00) | tot_n=4943 tot_to=0 maxever=123020 >2ms=4943 >5ms=4943 >15ms=4935 >20ms=4928 >30ms=4804 | probes=4944 wrfail=0 down=4s maxout=4s
 236.099  t=233s RTT mean=36911 min=23474 max=46916 n=25 to=0 | cancels=0(+0/s) seqbad=0 len_bad=0 disc=0(0x00) | tot_n=4968 tot_to=0 maxever=123020 >2ms=4968 >5ms=4968 >15ms=4960 >20ms=4953 >30ms=4828 | probes=4969 wrfail=0 down=4s maxout=4s
 236.100  t=234s RTT mean=40389 min=23474 max=71915 n=23 to=0 | cancels=0(+0/s) seqbad=0 len_bad=0 disc=0(0x00) | tot_n=4991 tot_to=0 maxever=123020 >2ms=4991 >5ms=4991 >15ms=4983 >20ms=4976 >30ms=4850 | probes=4992 wrfail=0 down=4s maxout=4s
 238.061  t=235s RTT mean=37536 min=23475 max=49695 n=24 to=0 | cancels=0(+0/s) seqbad=0 len_bad=0 disc=0(0x00) | tot_n=5015 tot_to=0 maxever=123020 >2ms=5015 >5ms=5015 >15ms=5007 >20ms=5000 >30ms=4873 | probes=5016 wrfail=0 down=4s maxout=4s
 238.116  t=236s RTT mean=39619 min=30260 max=62166 n=24 to=0 | cancels=0(+0/s) seqbad=0 len_bad=0 disc=0(0x00) | tot_n=5039 tot_to=0 maxever=123020 >2ms=5039 >5ms=5039 >15ms=5031 >20ms=5024 >30ms=4897 | probes=5040 wrfail=0 down=4s maxout=4s
 240.059  t=237s RTT mean=36910 min=23474 max=46916 n=25 to=0 | cancels=0(+0/s) seqbad=0 len_bad=0 disc=0(0x00) | tot_n=5064 tot_to=0 maxever=123020 >2ms=5064 >5ms=5064 >15ms=5056 >20ms=5049 >30ms=4920 | probes=5065 wrfail=0 down=4s maxout=4s
 240.112  t=238s RTT mean=38577 min=23475 max=46919 n=24 to=0 | cancels=0(+0/s) seqbad=0 len_bad=0 disc=0(0x00) | tot_n=5088 tot_to=0 maxever=123020 >2ms=5088 >5ms=5088 >15ms=5080 >20ms=5073 >30ms=4943 | probes=5089 wrfail=0 down=4s maxout=4s
 242.078  t=239s RTT mean=36911 min=23068 max=46928 n=25 to=0 | cancels=0(+0/s) seqbad=0 len_bad=0 disc=0(0x00) | tot_n=5113 tot_to=0 maxever=123020 >2ms=5113 >5ms=5113 >15ms=5105 >20ms=5098 >30ms=4966 | probes=5114 wrfail=0 down=4s maxout=4s
 242.078  t=240s RTT mean=36911 min=23069 max=46918 n=25 to=0 | cancels=0(+0/s) seqbad=0 len_bad=0 disc=0(0x00) | tot_n=5138 tot_to=0 maxever=123020 >2ms=5138 >5ms=5138 >15ms=5130 >20ms=5123 >30ms=4989 | probes=5139 wrfail=0 down=4s maxout=4s
 244.088  t=241s RTT mean=38578 min=23474 max=53351 n=24 to=0 | cancels=0(+0/s) seqbad=0 len_bad=0 disc=0(0x00) | tot_n=5162 tot_to=0 maxever=123020 >2ms=5162 >5ms=5162 >15ms=5154 >20ms=5147 >30ms=5012 | probes=5163 wrfail=0 down=4s maxout=4s
 244.088  t=242s RTT mean=36911 min=23473 max=46919 n=25 to=0 | cancels=0(+0/s) seqbad=0 len_bad=0 disc=0(0x00) | tot_n=5187 tot_to=0 maxever=123020 >2ms=5187 >5ms=5187 >15ms=5179 >20ms=5172 >30ms=5035 | probes=5188 wrfail=0 down=4s maxout=4s
 246.086  t=243s RTT mean=36911 min=23474 max=46928 n=25 to=0 | cancels=0(+0/s) seqbad=0 len_bad=0 disc=0(0x00) | tot_n=5212 tot_to=0 maxever=123020 >2ms=5212 >5ms=5212 >15ms=5204 >20ms=5197 >30ms=5058 | probes=5213 wrfail=0 down=4s maxout=4s
 246.086  t=244s RTT mean=38577 min=23474 max=56431 n=24 to=0 | cancels=0(+0/s) seqbad=0 len_bad=0 disc=0(0x00) | tot_n=5236 tot_to=0 maxever=123020 >2ms=5236 >5ms=5236 >15ms=5228 >20ms=5221 >30ms=5081 | probes=5237 wrfail=0 down=4s maxout=4s
 248.080  t=245s RTT mean=37536 min=23473 max=51085 n=24 to=0 | cancels=0(+0/s) seqbad=0 len_bad=0 disc=0(0x00) | tot_n=5260 tot_to=0 maxever=123020 >2ms=5260 >5ms=5260 >15ms=5252 >20ms=5245 >30ms=5104 | probes=5261 wrfail=0 down=4s maxout=4s
 248.080  PCTL target=75 tot=1415 to=0 p50=35 p90=46 p99=73 p99.9=121 max=123 g30=1361 g100=3 (ms/counts)
 248.080  LOADRAMP: target=100 KBps for 60s
 248.136  t=246s RTT mean=36333 min=23144 max=56586 n=26 to=0 | cancels=0(+0/s) seqbad=0 len_bad=0 disc=0(0x00) | tot_n=5286 tot_to=0 maxever=123020 >2ms=5286 >5ms=5286 >15ms=5278 >20ms=5271 >30ms=5129 | probes=5287 wrfail=0 down=4s maxout=4s
 250.105  t=247s RTT mean=35910 min=12080 max=81586 n=25 to=0 | cancels=0(+0/s) seqbad=0 len_bad=0 disc=0(0x00) | tot_n=5311 tot_to=0 maxever=123020 >2ms=5311 >5ms=5311 >15ms=5302 >20ms=5295 >30ms=5152 | probes=5312 wrfail=0 down=4s maxout=4s
 250.105  t=248s RTT mean=36333 min=9292 max=60765 n=26 to=0 | cancels=0(+0/s) seqbad=0 len_bad=0 disc=0(0x00) | tot_n=5337 tot_to=0 maxever=123020 >2ms=5337 >5ms=5337 >15ms=5327 >20ms=5320 >30ms=5177 | probes=5338 wrfail=0 down=4s maxout=4s
 252.092  t=249s RTT mean=35911 min=14866 max=55268 n=25 to=0 | cancels=0(+0/s) seqbad=0 len_bad=0 disc=0(0x00) | tot_n=5362 tot_to=0 maxever=123020 >2ms=5362 >5ms=5362 >15ms=5351 >20ms=5344 >30ms=5200 | probes=5363 wrfail=0 down=4s maxout=4s
 252.092  t=250s RTT mean=35371 min=23474 max=71913 n=26 to=0 | cancels=0(+0/s) seqbad=0 len_bad=0 disc=0(0x00) | tot_n=5388 tot_to=0 maxever=123020 >2ms=5388 >5ms=5388 >15ms=5377 >20ms=5370 >30ms=5225 | probes=5389 wrfail=0 down=4s maxout=4s
 254.101  t=251s RTT mean=37928 min=12079 max=121910 n=25 to=0 | cancels=0(+0/s) seqbad=0 len_bad=0 disc=0(0x00) | tot_n=5413 tot_to=0 maxever=123020 >2ms=5413 >5ms=5413 >15ms=5401 >20ms=5394 >30ms=5249 | probes=5414 wrfail=0 down=4s maxout=4s
 254.101  t=252s RTT mean=34393 min=7907 max=52410 n=26 to=0 | cancels=0(+0/s) seqbad=0 len_bad=0 disc=0(0x00) | tot_n=5439 tot_to=0 maxever=123020 >2ms=5439 >5ms=5439 >15ms=5426 >20ms=5419 >30ms=5273 | probes=5440 wrfail=0 down=4s maxout=4s
 256.062  t=253s RTT mean=36910 min=28721 max=56664 n=25 to=0 | cancels=0(+0/s) seqbad=0 len_bad=0 disc=0(0x00) | tot_n=5464 tot_to=0 maxever=123020 >2ms=5464 >5ms=5464 >15ms=5451 >20ms=5444 >30ms=5297 | probes=5465 wrfail=0 down=4s maxout=4s
 256.117  t=254s RTT mean=38576 min=25935 max=55265 n=24 to=0 | cancels=0(+0/s) seqbad=0 len_bad=0 disc=0(0x00) | tot_n=5488 tot_to=0 maxever=123020 >2ms=5488 >5ms=5488 >15ms=5475 >20ms=5468 >30ms=5320 | probes=5489 wrfail=0 down=4s maxout=4s
 258.077  t=255s RTT mean=35371 min=16248 max=51469 n=26 to=0 | cancels=0(+0/s) seqbad=0 len_bad=0 disc=0(0x00) | tot_n=5514 tot_to=0 maxever=123020 >2ms=5514 >5ms=5514 >15ms=5501 >20ms=5493 >30ms=5345 | probes=5515 wrfail=0 down=4s maxout=4s
 258.077  t=256s RTT mean=36333 min=27325 max=63548 n=26 to=0 | cancels=0(+0/s) seqbad=0 len_bad=0 disc=0(0x00) | tot_n=5540 tot_to=0 maxever=123020 >2ms=5540 >5ms=5540 >15ms=5527 >20ms=5519 >30ms=5370 | probes=5541 wrfail=0 down=4s maxout=4s
 260.086  t=257s RTT mean=34410 min=14866 max=54742 n=26 to=0 | cancels=0(+0/s) seqbad=0 len_bad=0 disc=0(0x00) | tot_n=5566 tot_to=0 maxever=123020 >2ms=5566 >5ms=5566 >15ms=5552 >20ms=5544 >30ms=5394 | probes=5567 wrfail=0 down=4s maxout=4s
 260.086  t=258s RTT mean=36333 min=16259 max=51538 n=26 to=0 | cancels=0(+0/s) seqbad=0 len_bad=0 disc=0(0x00) | tot_n=5592 tot_to=0 maxever=123020 >2ms=5592 >5ms=5592 >15ms=5578 >20ms=5569 >30ms=5419 | probes=5593 wrfail=0 down=4s maxout=4s
 262.082  t=259s RTT mean=34410 min=16259 max=56583 n=26 to=0 | cancels=0(+0/s) seqbad=0 len_bad=0 disc=0(0x00) | tot_n=5618 tot_to=0 maxever=123020 >2ms=5618 >5ms=5618 >15ms=5604 >20ms=5594 >30ms=5443 | probes=5619 wrfail=0 down=4s maxout=4s
 262.082  t=260s RTT mean=36333 min=16260 max=53348 n=26 to=0 | cancels=0(+0/s) seqbad=0 len_bad=0 disc=0(0x00) | tot_n=5644 tot_to=0 maxever=123020 >2ms=5644 >5ms=5644 >15ms=5630 >20ms=5619 >30ms=5468 | probes=5645 wrfail=0 down=4s maxout=4s
 264.081  t=261s RTT mean=35910 min=14866 max=71912 n=25 to=0 | cancels=0(+0/s) seqbad=0 len_bad=0 disc=0(0x00) | tot_n=5669 tot_to=0 maxever=123020 >2ms=5669 >5ms=5669 >15ms=5654 >20ms=5643 >30ms=5491 | probes=5670 wrfail=0 down=4s maxout=4s
 264.081  t=262s RTT mean=40388 min=30192 max=80268 n=23 to=0 | cancels=0(+0/s) seqbad=0 len_bad=0 disc=0(0x00) | tot_n=5692 tot_to=0 maxever=123020 >2ms=5692 >5ms=5692 >15ms=5677 >20ms=5666 >30ms=5514 | probes=5693 wrfail=0 down=4s maxout=4s
 266.080  t=263s RTT mean=51704 min=23476 max=121910 n=18 to=0 | cancels=0(+0/s) seqbad=0 len_bad=0 disc=0(0x00) | tot_n=5710 tot_to=0 maxever=123020 >2ms=5710 >5ms=5710 >15ms=5695 >20ms=5684 >30ms=5531 | probes=5711 wrfail=0 down=4s maxout=4s
 266.080  t=264s RTT mean=34454 min=14865 max=71913 n=27 to=0 | cancels=0(+0/s) seqbad=0 len_bad=0 disc=0(0x00) | tot_n=5737 tot_to=0 maxever=123020 >2ms=5737 >5ms=5737 >15ms=5721 >20ms=5710 >30ms=5556 | probes=5738 wrfail=0 down=4s maxout=4s
 268.078  t=265s RTT mean=36910 min=28721 max=53875 n=25 to=0 | cancels=0(+0/s) seqbad=0 len_bad=0 disc=0(0x00) | tot_n=5762 tot_to=0 maxever=123020 >2ms=5762 >5ms=5762 >15ms=5746 >20ms=5735 >30ms=5580 | probes=5763 wrfail=0 down=4s maxout=4s
 268.078  t=266s RTT mean=35371 min=25934 max=48020 n=26 to=0 | cancels=0(+0/s) seqbad=0 len_bad=0 disc=0(0x00) | tot_n=5788 tot_to=0 maxever=123020 >2ms=5788 >5ms=5788 >15ms=5772 >20ms=5761 >30ms=5605 | probes=5789 wrfail=0 down=4s maxout=4s
 270.091  t=267s RTT mean=34873 min=7900 max=71927 n=27 to=0 | cancels=0(+0/s) seqbad=0 len_bad=0 disc=0(0x00) | tot_n=5815 tot_to=0 maxever=123020 >2ms=5815 >5ms=5815 >15ms=5798 >20ms=5787 >30ms=5630 | probes=5816 wrfail=0 down=4s maxout=4s
 270.091  t=268s RTT mean=35372 min=23474 max=46918 n=26 to=0 | cancels=0(+0/s) seqbad=0 len_bad=0 disc=0(0x00) | tot_n=5841 tot_to=0 maxever=123020 >2ms=5841 >5ms=5841 >15ms=5824 >20ms=5813 >30ms=5654 | probes=5842 wrfail=0 down=4s maxout=4s
 272.100  t=269s RTT mean=35910 min=23474 max=51081 n=25 to=0 | cancels=0(+0/s) seqbad=0 len_bad=0 disc=0(0x00) | tot_n=5866 tot_to=0 maxever=123020 >2ms=5866 >5ms=5866 >15ms=5849 >20ms=5838 >30ms=5678 | probes=5867 wrfail=0 down=4s maxout=4s
 272.101  t=270s RTT mean=36333 min=24539 max=53874 n=26 to=0 | cancels=0(+0/s) seqbad=0 len_bad=0 disc=0(0x00) | tot_n=5892 tot_to=0 maxever=123020 >2ms=5892 >5ms=5892 >15ms=5875 >20ms=5864 >30ms=5703 | probes=5893 wrfail=0 down=4s maxout=4s
 274.059  t=271s RTT mean=34410 min=23474 max=46928 n=26 to=0 | cancels=0(+0/s) seqbad=0 len_bad=0 disc=0(0x00) | tot_n=5918 tot_to=0 maxever=123020 >2ms=5918 >5ms=5918 >15ms=5901 >20ms=5890 >30ms=5727 | probes=5919 wrfail=0 down=4s maxout=4s
 274.114  t=272s RTT mean=36333 min=16259 max=53874 n=26 to=0 | cancels=0(+0/s) seqbad=0 len_bad=0 disc=0(0x00) | tot_n=5944 tot_to=0 maxever=123020 >2ms=5944 >5ms=5944 >15ms=5927 >20ms=5915 >30ms=5752 | probes=5945 wrfail=0 down=4s maxout=4s
 276.074  t=273s RTT mean=35372 min=10695 max=56587 n=26 to=0 | cancels=0(+0/s) seqbad=0 len_bad=0 disc=0(0x00) | tot_n=5970 tot_to=0 maxever=123020 >2ms=5970 >5ms=5970 >15ms=5952 >20ms=5940 >30ms=5776 | probes=5971 wrfail=0 down=4s maxout=4s
 276.125  t=274s RTT mean=36910 min=16257 max=81587 n=25 to=0 | cancels=0(+0/s) seqbad=0 len_bad=0 disc=0(0x00) | tot_n=5995 tot_to=0 maxever=123020 >2ms=5995 >5ms=5995 >15ms=5977 >20ms=5964 >30ms=5799 | probes=5996 wrfail=0 down=4s maxout=4s
 278.088  t=275s RTT mean=38577 min=23474 max=79744 n=24 to=0 | cancels=0(+0/s) seqbad=0 len_bad=0 disc=0(0x00) | tot_n=6019 tot_to=0 maxever=123020 >2ms=6019 >5ms=6019 >15ms=6001 >20ms=5988 >30ms=5821 | probes=6020 wrfail=0 down=4s maxout=4s
 278.088  t=276s RTT mean=34410 min=23474 max=46919 n=26 to=0 | cancels=0(+0/s) seqbad=0 len_bad=0 disc=0(0x00) | tot_n=6045 tot_to=0 maxever=123020 >2ms=6045 >5ms=6045 >15ms=6027 >20ms=6014 >30ms=5846 | probes=6046 wrfail=0 down=4s maxout=4s
 280.091  t=277s RTT mean=34873 min=12080 max=48019 n=27 to=0 | cancels=0(+0/s) seqbad=0 len_bad=0 disc=0(0x00) | tot_n=6072 tot_to=0 maxever=123020 >2ms=6072 >5ms=6072 >15ms=6053 >20ms=6040 >30ms=5872 | probes=6073 wrfail=0 down=4s maxout=4s
 280.091  t=278s RTT mean=34410 min=16248 max=54744 n=26 to=0 | cancels=0(+0/s) seqbad=0 len_bad=0 disc=0(0x00) | tot_n=6098 tot_to=0 maxever=123020 >2ms=6098 >5ms=6098 >15ms=6079 >20ms=6065 >30ms=5896 | probes=6099 wrfail=0 down=4s maxout=4s
 282.092  t=279s RTT mean=37910 min=24537 max=56585 n=25 to=0 | cancels=0(+0/s) seqbad=0 len_bad=0 disc=0(0x00) | tot_n=6123 tot_to=0 maxever=123020 >2ms=6123 >5ms=6123 >15ms=6104 >20ms=6090 >30ms=5920 | probes=6124 wrfail=0 down=4s maxout=4s
 282.092  t=280s RTT mean=35371 min=16259 max=55109 n=26 to=0 | cancels=0(+0/s) seqbad=0 len_bad=0 disc=0(0x00) | tot_n=6149 tot_to=0 maxever=123020 >2ms=6149 >5ms=6149 >15ms=6130 >20ms=6115 >30ms=5944 | probes=6150 wrfail=0 down=4s maxout=4s
 284.093  t=281s RTT mean=37535 min=13470 max=60763 n=24 to=0 | cancels=0(+0/s) seqbad=0 len_bad=0 disc=0(0x00) | tot_n=6173 tot_to=0 maxever=123020 >2ms=6173 >5ms=6173 >15ms=6153 >20ms=6138 >30ms=5966 | probes=6174 wrfail=0 down=4s maxout=4s
 284.093  t=282s RTT mean=36910 min=30115 max=52482 n=25 to=0 | cancels=0(+0/s) seqbad=0 len_bad=0 disc=0(0x00) | tot_n=6198 tot_to=0 maxever=123020 >2ms=6198 >5ms=6198 >15ms=6178 >20ms=6163 >30ms=5991 | probes=6199 wrfail=0 down=4s maxout=4s
 286.093  t=283s RTT mean=39301 min=19045 max=71914 n=23 to=0 | cancels=0(+0/s) seqbad=0 len_bad=0 disc=0(0x00) | tot_n=6221 tot_to=0 maxever=123020 >2ms=6221 >5ms=6221 >15ms=6201 >20ms=6185 >30ms=6013 | probes=6222 wrfail=0 down=4s maxout=4s
 286.093  t=284s RTT mean=37910 min=16248 max=71915 n=25 to=0 | cancels=0(+0/s) seqbad=0 len_bad=0 disc=0(0x00) | tot_n=6246 tot_to=0 maxever=123020 >2ms=6246 >5ms=6246 >15ms=6226 >20ms=6209 >30ms=6037 | probes=6247 wrfail=0 down=4s maxout=4s
 288.104  t=285s RTT mean=41475 min=28722 max=71909 n=23 to=0 | cancels=0(+0/s) seqbad=0 len_bad=0 disc=0(0x00) | tot_n=6269 tot_to=0 maxever=123020 >2ms=6269 >5ms=6269 >15ms=6249 >20ms=6232 >30ms=6059 | probes=6270 wrfail=0 down=4s maxout=4s
 288.104  t=286s RTT mean=37535 min=6508 max=79742 n=24 to=0 | cancels=0(+0/s) seqbad=0 len_bad=0 disc=0(0x00) | tot_n=6293 tot_to=0 maxever=123020 >2ms=6293 >5ms=6293 >15ms=6272 >20ms=6255 >30ms=6081 | probes=6294 wrfail=0 down=4s maxout=4s
 290.099  t=287s RTT mean=39618 min=28721 max=57976 n=24 to=0 | cancels=0(+0/s) seqbad=0 len_bad=0 disc=0(0x00) | tot_n=6317 tot_to=0 maxever=123020 >2ms=6317 >5ms=6317 >15ms=6296 >20ms=6279 >30ms=6104 | probes=6318 wrfail=0 down=4s maxout=4s
 290.099  t=288s RTT mean=40387 min=23474 max=71914 n=23 to=0 | cancels=0(+0/s) seqbad=0 len_bad=0 disc=0(0x00) | tot_n=6340 tot_to=0 maxever=123020 >2ms=6340 >5ms=6340 >15ms=6319 >20ms=6302 >30ms=6126 | probes=6341 wrfail=0 down=4s maxout=4s
 292.096  t=289s RTT mean=40388 min=30182 max=91335 n=23 to=0 | cancels=0(+0/s) seqbad=0 len_bad=0 disc=0(0x00) | tot_n=6363 tot_to=0 maxever=123020 >2ms=6363 >5ms=6363 >15ms=6342 >20ms=6325 >30ms=6149 | probes=6364 wrfail=0 down=4s maxout=4s
 292.096  t=290s RTT mean=39301 min=23143 max=67730 n=23 to=0 | cancels=0(+0/s) seqbad=0 len_bad=0 disc=0(0x00) | tot_n=6386 tot_to=0 maxever=123020 >2ms=6386 >5ms=6386 >15ms=6365 >20ms=6348 >30ms=6170 | probes=6387 wrfail=0 down=4s maxout=4s
 294.065  t=291s RTT mean=43501 min=30265 max=76089 n=22 to=0 | cancels=0(+0/s) seqbad=0 len_bad=0 disc=0(0x00) | tot_n=6408 tot_to=0 maxever=123020 >2ms=6408 >5ms=6408 >15ms=6387 >20ms=6370 >30ms=6192 | probes=6409 wrfail=0 down=4s maxout=4s
 294.120  t=292s RTT mean=37534 min=23474 max=73752 n=24 to=0 | cancels=0(+0/s) seqbad=0 len_bad=0 disc=0(0x00) | tot_n=6432 tot_to=0 maxever=123020 >2ms=6432 >5ms=6432 >15ms=6411 >20ms=6394 >30ms=6214 | probes=6433 wrfail=0 down=4s maxout=4s
 296.060  t=293s RTT mean=35372 min=14865 max=53874 n=26 to=0 | cancels=0(+0/s) seqbad=0 len_bad=0 disc=0(0x00) | tot_n=6458 tot_to=0 maxever=123020 >2ms=6458 >5ms=6458 >15ms=6436 >20ms=6419 >30ms=6239 | probes=6459 wrfail=0 down=4s maxout=4s
 296.116  t=294s RTT mean=38576 min=10695 max=73300 n=24 to=0 | cancels=0(+0/s) seqbad=0 len_bad=0 disc=0(0x00) | tot_n=6482 tot_to=0 maxever=123020 >2ms=6482 >5ms=6482 >15ms=6459 >20ms=6442 >30ms=6261 | probes=6483 wrfail=0 down=4s maxout=4s
 298.061  t=295s RTT mean=41475 min=16259 max=80267 n=23 to=0 | cancels=0(+0/s) seqbad=0 len_bad=0 disc=0(0x00) | tot_n=6505 tot_to=0 maxever=123020 >2ms=6505 >5ms=6505 >15ms=6482 >20ms=6464 >30ms=6283 | probes=6506 wrfail=0 down=4s maxout=4s
 298.116  t=296s RTT mean=37535 min=16257 max=71913 n=24 to=0 | cancels=0(+0/s) seqbad=0 len_bad=0 disc=0(0x00) | tot_n=6529 tot_to=0 maxever=123020 >2ms=6529 >5ms=6529 >15ms=6506 >20ms=6487 >30ms=6305 | probes=6530 wrfail=0 down=4s maxout=4s
 300.079  t=297s RTT mean=37910 min=30189 max=52406 n=25 to=0 | cancels=0(+0/s) seqbad=0 len_bad=0 disc=0(0x00) | tot_n=6554 tot_to=0 maxever=123020 >2ms=6554 >5ms=6554 >15ms=6531 >20ms=6512 >30ms=6330 | probes=6555 wrfail=0 down=4s maxout=4s
 300.132  t=298s RTT mean=40388 min=17651 max=71913 n=23 to=0 | cancels=0(+0/s) seqbad=0 len_bad=0 disc=0(0x00) | tot_n=6577 tot_to=0 maxever=123020 >2ms=6577 >5ms=6577 >15ms=6554 >20ms=6534 >30ms=6352 | probes=6578 wrfail=0 down=4s maxout=4s
 302.090  t=299s RTT mean=35372 min=23474 max=52931 n=26 to=0 | cancels=0(+0/s) seqbad=0 len_bad=0 disc=0(0x00) | tot_n=6603 tot_to=0 maxever=123020 >2ms=6603 >5ms=6603 >15ms=6580 >20ms=6560 >30ms=6376 | probes=6604 wrfail=0 down=4s maxout=4s
 302.090  t=300s RTT mean=35910 min=23474 max=49696 n=25 to=0 | cancels=0(+0/s) seqbad=0 len_bad=0 disc=0(0x00) | tot_n=6628 tot_to=0 maxever=123020 >2ms=6628 >5ms=6628 >15ms=6605 >20ms=6585 >30ms=6399 | probes=6629 wrfail=0 down=4s maxout=4s
 304.107  t=301s RTT mean=38577 min=10685 max=75143 n=24 to=0 | cancels=0(+0/s) seqbad=0 len_bad=0 disc=0(0x00) | tot_n=6652 tot_to=0 maxever=123020 >2ms=6652 >5ms=6652 >15ms=6628 >20ms=6608 >30ms=6422 | probes=6653 wrfail=0 down=4s maxout=4s
 304.107  t=302s RTT mean=37910 min=16256 max=71909 n=25 to=0 | cancels=0(+0/s) seqbad=0 len_bad=0 disc=0(0x00) | tot_n=6677 tot_to=0 maxever=123020 >2ms=6677 >5ms=6677 >15ms=6653 >20ms=6632 >30ms=6446 | probes=6678 wrfail=0 down=4s maxout=4s
 306.105  t=303s RTT mean=36910 min=14853 max=52482 n=25 to=0 | cancels=0(+0/s) seqbad=0 len_bad=0 disc=0(0x00) | tot_n=6702 tot_to=0 maxever=123020 >2ms=6702 >5ms=6702 >15ms=6677 >20ms=6656 >30ms=6469 | probes=6703 wrfail=0 down=4s maxout=4s
 306.105  t=304s RTT mean=35910 min=23474 max=70513 n=25 to=0 | cancels=0(+0/s) seqbad=0 len_bad=0 disc=0(0x00) | tot_n=6727 tot_to=0 maxever=123020 >2ms=6727 >5ms=6727 >15ms=6702 >20ms=6681 >30ms=6492 | probes=6728 wrfail=0 down=4s maxout=4s
 308.114  t=305s RTT mean=37910 min=13471 max=55271 n=25 to=0 | cancels=0(+0/s) seqbad=0 len_bad=0 disc=0(0x00) | tot_n=6752 tot_to=0 maxever=123020 >2ms=6752 >5ms=6752 >15ms=6726 >20ms=6705 >30ms=6516 | probes=6753 wrfail=0 down=4s maxout=4s
 308.114  PCTL target=100 tot=1492 to=0 p50=31 p90=48 p99=73 p99.9=98 max=121 g30=1412 g100=2 (ms/counts)
 308.114  LOADRAMP: target=125 KBps for 60s
 308.114  t=306s RTT mean=35807 min=23473 max=66337 n=25 to=0 | cancels=0(+0/s) seqbad=0 len_bad=0 disc=0(0x00) | tot_n=6777 tot_to=0 maxever=123020 >2ms=6777 >5ms=6777 >15ms=6751 >20ms=6730 >30ms=6540 | probes=6778 wrfail=0 down=4s maxout=4s
 310.108  t=307s RTT mean=34966 min=30189 max=55189 n=27 to=0 | cancels=0(+0/s) seqbad=0 len_bad=0 disc=0(0x00) | tot_n=6804 tot_to=0 maxever=123020 >2ms=6804 >5ms=6804 >15ms=6778 >20ms=6757 >30ms=6567 | probes=6805 wrfail=0 down=4s maxout=4s
 310.108  t=308s RTT mean=36807 min=23475 max=80268 n=25 to=0 | cancels=0(+0/s) seqbad=0 len_bad=0 disc=0(0x00) | tot_n=6829 tot_to=0 maxever=123020 >2ms=6829 >5ms=6829 >15ms=6803 >20ms=6782 >30ms=6591 | probes=6830 wrfail=0 down=4s maxout=4s
 312.097  t=309s RTT mean=34041 min=23474 max=55104 n=27 to=0 | cancels=0(+0/s) seqbad=0 len_bad=0 disc=0(0x00) | tot_n=6856 tot_to=0 maxever=123020 >2ms=6856 >5ms=6856 >15ms=6830 >20ms=6809 >30ms=6617 | probes=6857 wrfail=0 down=4s maxout=4s
 312.097  t=310s RTT mean=33946 min=23474 max=63625 n=27 to=0 | cancels=0(+0/s) seqbad=0 len_bad=0 disc=0(0x00) | tot_n=6883 tot_to=0 maxever=123020 >2ms=6883 >5ms=6883 >15ms=6857 >20ms=6836 >30ms=6643 | probes=6884 wrfail=0 down=4s maxout=4s
 314.090  t=311s RTT mean=38815 min=23474 max=78796 n=24 to=0 | cancels=0(+0/s) seqbad=0 len_bad=0 disc=0(0x00) | tot_n=6907 tot_to=0 maxever=123020 >2ms=6907 >5ms=6907 >15ms=6881 >20ms=6860 >30ms=6666 | probes=6908 wrfail=0 down=4s maxout=4s
 314.090  t=312s RTT mean=37410 min=23473 max=69124 n=25 to=0 | cancels=0(+0/s) seqbad=0 len_bad=0 disc=0(0x00) | tot_n=6932 tot_to=0 maxever=123020 >2ms=6932 >5ms=6932 >15ms=6906 >20ms=6885 >30ms=6690 | probes=6933 wrfail=0 down=4s maxout=4s
 316.108  t=313s RTT mean=33706 min=23474 max=55189 n=26 to=0 | cancels=0(+0/s) seqbad=0 len_bad=0 disc=0(0x00) | tot_n=6958 tot_to=0 maxever=123020 >2ms=6958 >5ms=6958 >15ms=6932 >20ms=6911 >30ms=6715 | probes=6959 wrfail=0 down=4s maxout=4s
 316.108  t=314s RTT mean=36332 min=23474 max=71910 n=26 to=0 | cancels=0(+0/s) seqbad=0 len_bad=0 disc=0(0x00) | tot_n=6984 tot_to=0 maxever=123020 >2ms=6984 >5ms=6984 >15ms=6958 >20ms=6937 >30ms=6740 | probes=6985 wrfail=0 down=4s maxout=4s
 318.082  t=315s RTT mean=33946 min=23474 max=54744 n=27 to=0 | cancels=0(+0/s) seqbad=0 len_bad=0 disc=0(0x00) | tot_n=7011 tot_to=0 maxever=123020 >2ms=7011 >5ms=7011 >15ms=6985 >20ms=6964 >30ms=6766 | probes=7012 wrfail=0 down=4s maxout=4s
 318.137  t=316s RTT mean=35371 min=23474 max=68253 n=26 to=0 | cancels=0(+0/s) seqbad=0 len_bad=0 disc=0(0x00) | tot_n=7037 tot_to=0 maxever=123020 >2ms=7037 >5ms=7037 >15ms=7011 >20ms=6990 >30ms=6791 | probes=7038 wrfail=0 down=4s maxout=4s
 320.092  t=317s RTT mean=35642 min=23475 max=55267 n=26 to=0 | cancels=0(+0/s) seqbad=0 len_bad=0 disc=0(0x00) | tot_n=7063 tot_to=0 maxever=123020 >2ms=7063 >5ms=7063 >15ms=7037 >20ms=7016 >30ms=6816 | probes=7064 wrfail=0 down=4s maxout=4s
 320.092  t=318s RTT mean=37135 min=23474 max=96910 n=25 to=0 | cancels=0(+0/s) seqbad=0 len_bad=0 disc=0(0x00) | tot_n=7088 tot_to=0 maxever=123020 >2ms=7088 >5ms=7088 >15ms=7062 >20ms=7041 >30ms=6840 | probes=7089 wrfail=0 down=4s maxout=4s
 322.108  t=319s RTT mean=35631 min=23475 max=69124 n=25 to=0 | cancels=0(+0/s) seqbad=0 len_bad=0 disc=0(0x00) | tot_n=7113 tot_to=0 maxever=123020 >2ms=7113 >5ms=7113 >15ms=7087 >20ms=7066 >30ms=6864 | probes=7114 wrfail=0 down=4s maxout=4s
 322.108  t=320s RTT mean=39272 min=30189 max=82979 n=24 to=0 | cancels=0(+0/s) seqbad=0 len_bad=0 disc=0(0x00) | tot_n=7137 tot_to=0 maxever=123020 >2ms=7137 >5ms=7137 >15ms=7111 >20ms=7090 >30ms=6888 | probes=7138 wrfail=0 down=4s maxout=4s
 324.115  t=321s RTT mean=34728 min=24863 max=73305 n=26 to=0 | cancels=0(+0/s) seqbad=0 len_bad=0 disc=0(0x00) | tot_n=7163 tot_to=0 maxever=123020 >2ms=7163 >5ms=7163 >15ms=7137 >20ms=7116 >30ms=6913 | probes=7164 wrfail=0 down=4s maxout=4s
 324.115  t=322s RTT mean=38577 min=30187 max=73300 n=25 to=0 | cancels=0(+0/s) seqbad=0 len_bad=0 disc=0(0x00) | tot_n=7188 tot_to=0 maxever=123020 >2ms=7188 >5ms=7188 >15ms=7162 >20ms=7141 >30ms=6938 | probes=7188 wrfail=0 down=4s maxout=4s
 326.084  t=323s RTT mean=37593 min=23474 max=70516 n=24 to=0 | cancels=0(+0/s) seqbad=0 len_bad=0 disc=0(0x00) | tot_n=7212 tot_to=0 maxever=123020 >2ms=7212 >5ms=7212 >15ms=7186 >20ms=7165 >30ms=6961 | probes=7213 wrfail=0 down=4s maxout=4s
 326.139  t=324s RTT mean=35415 min=30189 max=55271 n=26 to=0 | cancels=0(+0/s) seqbad=0 len_bad=0 disc=0(0x00) | tot_n=7238 tot_to=0 maxever=123020 >2ms=7238 >5ms=7238 >15ms=7212 >20ms=7191 >30ms=6987 | probes=7239 wrfail=0 down=4s maxout=4s
 328.099  t=325s RTT mean=35371 min=23474 max=56586 n=26 to=0 | cancels=0(+0/s) seqbad=0 len_bad=0 disc=0(0x00) | tot_n=7264 tot_to=0 maxever=123020 >2ms=7264 >5ms=7264 >15ms=7238 >20ms=7217 >30ms=7012 | probes=7265 wrfail=0 down=4s maxout=4s
 328.099  t=326s RTT mean=34872 min=23475 max=73300 n=27 to=0 | cancels=0(+0/s) seqbad=0 len_bad=0 disc=0(0x00) | tot_n=7291 tot_to=0 maxever=123020 >2ms=7291 >5ms=7291 >15ms=7265 >20ms=7244 >30ms=7038 | probes=7291 wrfail=0 down=4s maxout=4s
 330.081  t=327s RTT mean=37831 min=30189 max=73300 n=24 to=0 | cancels=0(+0/s) seqbad=0 len_bad=0 disc=0(0x00) | tot_n=7315 tot_to=0 maxever=123020 >2ms=7315 >5ms=7315 >15ms=7289 >20ms=7268 >30ms=7062 | probes=7316 wrfail=0 down=4s maxout=4s
 330.135  t=328s RTT mean=34608 min=23474 max=53870 n=27 to=0 | cancels=0(+0/s) seqbad=0 len_bad=0 disc=0(0x00) | tot_n=7342 tot_to=0 maxever=123020 >2ms=7342 >5ms=7342 >15ms=7316 >20ms=7295 >30ms=7088 | probes=7342 wrfail=0 down=4s maxout=4s
 332.074  t=329s RTT mean=35371 min=30189 max=56586 n=26 to=0 | cancels=0(+0/s) seqbad=0 len_bad=0 disc=0(0x00) | tot_n=7368 tot_to=0 maxever=123020 >2ms=7368 >5ms=7368 >15ms=7342 >20ms=7321 >30ms=7114 | probes=7368 wrfail=0 down=4s maxout=4s
 332.128  t=330s RTT mean=38179 min=30188 max=67730 n=24 to=0 | cancels=0(+0/s) seqbad=0 len_bad=0 disc=0(0x00) | tot_n=7392 tot_to=0 maxever=123020 >2ms=7392 >5ms=7392 >15ms=7366 >20ms=7345 >30ms=7138 | probes=7393 wrfail=0 down=4s maxout=4s
 334.070  t=331s RTT mean=36520 min=23474 max=78804 n=25 to=0 | cancels=0(+0/s) seqbad=0 len_bad=0 disc=0(0x00) | tot_n=7417 tot_to=0 maxever=123020 >2ms=7417 >5ms=7417 >15ms=7391 >20ms=7370 >30ms=7162 | probes=7418 wrfail=0 down=4s maxout=4s
 334.125  t=332s RTT mean=38114 min=23474 max=80267 n=24 to=0 | cancels=0(+0/s) seqbad=0 len_bad=0 disc=0(0x00) | tot_n=7441 tot_to=0 maxever=123020 >2ms=7441 >5ms=7441 >15ms=7415 >20ms=7394 >30ms=7185 | probes=7442 wrfail=0 down=4s maxout=4s
 336.081  t=333s RTT mean=34144 min=30189 max=55193 n=27 to=0 | cancels=0(+0/s) seqbad=0 len_bad=0 disc=0(0x00) | tot_n=7468 tot_to=0 maxever=123020 >2ms=7468 >5ms=7468 >15ms=7442 >20ms=7421 >30ms=7212 | probes=7469 wrfail=0 down=4s maxout=4s
 336.135  t=334s RTT mean=36332 min=23474 max=64944 n=26 to=0 | cancels=0(+0/s) seqbad=0 len_bad=0 disc=0(0x00) | tot_n=7494 tot_to=0 maxever=123020 >2ms=7494 >5ms=7494 >15ms=7468 >20ms=7447 >30ms=7237 | probes=7494 wrfail=0 down=4s maxout=4s
 338.080  t=335s RTT mean=35372 min=30189 max=57975 n=26 to=0 | cancels=0(+0/s) seqbad=0 len_bad=0 disc=0(0x00) | tot_n=7520 tot_to=0 maxever=123020 >2ms=7520 >5ms=7520 >15ms=7494 >20ms=7473 >30ms=7263 | probes=7520 wrfail=0 down=4s maxout=4s
 338.132  t=336s RTT mean=38063 min=30264 max=56583 n=24 to=0 | cancels=0(+0/s) seqbad=0 len_bad=0 disc=0(0x00) | tot_n=7544 tot_to=0 maxever=123020 >2ms=7544 >5ms=7544 >15ms=7518 >20ms=7497 >30ms=7287 | probes=7545 wrfail=0 down=4s maxout=4s
 340.066  t=337s RTT mean=39040 min=30192 max=73303 n=24 to=0 | cancels=0(+0/s) seqbad=0 len_bad=0 disc=0(0x00) | tot_n=7568 tot_to=0 maxever=123020 >2ms=7568 >5ms=7568 >15ms=7542 >20ms=7521 >30ms=7311 | probes=7569 wrfail=0 down=4s maxout=4s
 340.121  t=338s RTT mean=36955 min=30189 max=69123 n=25 to=0 | cancels=0(+0/s) seqbad=0 len_bad=0 disc=0(0x00) | tot_n=7593 tot_to=0 maxever=123020 >2ms=7593 >5ms=7593 >15ms=7567 >20ms=7546 >30ms=7336 | probes=7593 wrfail=0 down=4s maxout=4s
 342.071  t=339s RTT mean=40456 min=30190 max=76024 n=23 to=0 | cancels=0(+0/s) seqbad=0 len_bad=0 disc=0(0x00) | tot_n=7616 tot_to=0 maxever=123020 >2ms=7616 >5ms=7616 >15ms=7590 >20ms=7569 >30ms=7359 | probes=7616 wrfail=0 down=4s maxout=4s
 342.123  t=340s RTT mean=36846 min=30265 max=76089 n=25 to=0 | cancels=0(+0/s) seqbad=0 len_bad=0 disc=0(0x00) | tot_n=7641 tot_to=0 maxever=123020 >2ms=7641 >5ms=7641 >15ms=7615 >20ms=7594 >30ms=7384 | probes=7641 wrfail=0 down=4s maxout=4s
 344.118  t=341s RTT mean=36907 min=30266 max=55267 n=25 to=0 | cancels=0(+0/s) seqbad=0 len_bad=0 disc=0(0x00) | tot_n=7666 tot_to=0 maxever=123020 >2ms=7666 >5ms=7666 >15ms=7640 >20ms=7619 >30ms=7409 | probes=7667 wrfail=0 down=4s maxout=4s
 344.118  t=342s RTT mean=35909 min=30189 max=53796 n=25 to=0 | cancels=0(+0/s) seqbad=0 len_bad=0 disc=0(0x00) | tot_n=7691 tot_to=0 maxever=123020 >2ms=7691 >5ms=7691 >15ms=7665 >20ms=7644 >30ms=7434 | probes=7692 wrfail=0 down=4s maxout=4s
 346.074  t=343s RTT mean=35371 min=23474 max=55193 n=26 to=0 | cancels=0(+0/s) seqbad=0 len_bad=0 disc=0(0x00) | tot_n=7717 tot_to=0 maxever=123020 >2ms=7717 >5ms=7717 >15ms=7691 >20ms=7670 >30ms=7459 | probes=7718 wrfail=0 down=4s maxout=4s
 346.128  t=344s RTT mean=39162 min=30189 max=84373 n=24 to=0 | cancels=0(+0/s) seqbad=0 len_bad=0 disc=0(0x00) | tot_n=7741 tot_to=0 maxever=123020 >2ms=7741 >5ms=7741 >15ms=7715 >20ms=7694 >30ms=7483 | probes=7742 wrfail=0 down=4s maxout=4s
 348.074  t=345s RTT mean=36132 min=30192 max=73026 n=25 to=0 | cancels=0(+0/s) seqbad=0 len_bad=0 disc=0(0x00) | tot_n=7766 tot_to=0 maxever=123020 >2ms=7766 >5ms=7766 >15ms=7740 >20ms=7719 >30ms=7508 | probes=7767 wrfail=0 down=4s maxout=4s
 348.126  t=346s RTT mean=37685 min=23473 max=56660 n=25 to=0 | cancels=0(+0/s) seqbad=0 len_bad=0 disc=0(0x00) | tot_n=7791 tot_to=0 maxever=123020 >2ms=7791 >5ms=7791 >15ms=7765 >20ms=7744 >30ms=7532 | probes=7792 wrfail=0 down=4s maxout=4s
 350.092  t=347s RTT mean=35790 min=23474 max=76088 n=26 to=0 | cancels=0(+0/s) seqbad=0 len_bad=0 disc=0(0x00) | tot_n=7817 tot_to=0 maxever=123020 >2ms=7817 >5ms=7817 >15ms=7791 >20ms=7770 >30ms=7557 | probes=7818 wrfail=0 down=4s maxout=4s
 350.092  t=348s RTT mean=40288 min=30261 max=102403 n=22 to=0 | cancels=0(+0/s) seqbad=0 len_bad=0 disc=0(0x00) | tot_n=7839 tot_to=0 maxever=123020 >2ms=7839 >5ms=7839 >15ms=7813 >20ms=7792 >30ms=7579 | probes=7840 wrfail=0 down=4s maxout=4s
 352.097  t=349s RTT mean=36972 min=30185 max=81655 n=26 to=0 | cancels=0(+0/s) seqbad=0 len_bad=0 disc=0(0x00) | tot_n=7865 tot_to=0 maxever=123020 >2ms=7865 >5ms=7865 >15ms=7839 >20ms=7818 >30ms=7605 | probes=7866 wrfail=0 down=4s maxout=4s
 352.097  t=350s RTT mean=37188 min=23475 max=77480 n=25 to=0 | cancels=0(+0/s) seqbad=0 len_bad=0 disc=0(0x00) | tot_n=7890 tot_to=0 maxever=123020 >2ms=7890 >5ms=7890 >15ms=7864 >20ms=7843 >30ms=7628 | probes=7890 wrfail=0 down=4s maxout=4s
 354.077  t=351s RTT mean=37131 min=30196 max=68670 n=24 to=0 | cancels=0(+0/s) seqbad=0 len_bad=0 disc=0(0x00) | tot_n=7914 tot_to=0 maxever=123020 >2ms=7914 >5ms=7914 >15ms=7888 >20ms=7867 >30ms=7652 | probes=7915 wrfail=0 down=4s maxout=4s
 354.131  t=352s RTT mean=34195 min=23474 max=70516 n=27 to=0 | cancels=0(+0/s) seqbad=0 len_bad=0 disc=0(0x00) | tot_n=7941 tot_to=0 maxever=123020 >2ms=7941 >5ms=7941 >15ms=7915 >20ms=7894 >30ms=7678 | probes=7942 wrfail=0 down=4s maxout=4s
 356.080  t=353s RTT mean=41602 min=30189 max=91338 n=23 to=0 | cancels=0(+0/s) seqbad=0 len_bad=0 disc=0(0x00) | tot_n=7964 tot_to=0 maxever=123020 >2ms=7964 >5ms=7964 >15ms=7938 >20ms=7917 >30ms=7701 | probes=7964 wrfail=0 down=4s maxout=4s
 356.133  t=354s RTT mean=38404 min=30188 max=80191 n=24 to=0 | cancels=0(+0/s) seqbad=0 len_bad=0 disc=0(0x00) | tot_n=7988 tot_to=0 maxever=123020 >2ms=7988 >5ms=7988 >15ms=7962 >20ms=7941 >30ms=7725 | probes=7989 wrfail=0 down=4s maxout=4s
 358.122  t=355s RTT mean=45590 min=30268 max=76086 n=20 to=0 | cancels=0(+0/s) seqbad=0 len_bad=0 disc=0(0x00) | tot_n=8008 tot_to=0 maxever=123020 >2ms=8008 >5ms=8008 >15ms=7982 >20ms=7961 >30ms=7745 | probes=8009 wrfail=0 down=4s maxout=4s
 358.122  t=356s RTT mean=37852 min=30189 max=80256 n=25 to=0 | cancels=0(+0/s) seqbad=0 len_bad=0 disc=0(0x00) | tot_n=8033 tot_to=0 maxever=123020 >2ms=8033 >5ms=8033 >15ms=8007 >20ms=7986 >30ms=7770 | probes=8034 wrfail=0 down=4s maxout=4s
 360.126  t=357s RTT mean=35522 min=16256 max=80202 n=26 to=0 | cancels=0(+0/s) seqbad=0 len_bad=0 disc=0(0x00) | tot_n=8059 tot_to=0 maxever=123020 >2ms=8059 >5ms=8059 >15ms=8033 >20ms=8011 >30ms=7795 | probes=8060 wrfail=0 down=4s maxout=4s
 360.126  t=358s RTT mean=39731 min=30263 max=75559 n=23 to=0 | cancels=0(+0/s) seqbad=0 len_bad=0 disc=0(0x00) | tot_n=8082 tot_to=0 maxever=123020 >2ms=8082 >5ms=8082 >15ms=8056 >20ms=8034 >30ms=7818 | probes=8083 wrfail=0 down=4s maxout=4s
 362.119  t=359s RTT mean=34505 min=28721 max=78647 n=27 to=0 | cancels=0(+0/s) seqbad=0 len_bad=0 disc=0(0x00) | tot_n=8109 tot_to=0 maxever=123020 >2ms=8109 >5ms=8109 >15ms=8083 >20ms=8061 >30ms=7844 | probes=8110 wrfail=0 down=4s maxout=4s
 362.120  t=360s RTT mean=41488 min=30263 max=95517 n=22 to=0 | cancels=0(+0/s) seqbad=0 len_bad=0 disc=0(0x00) | tot_n=8131 tot_to=0 maxever=123020 >2ms=8131 >5ms=8131 >15ms=8105 >20ms=8083 >30ms=7866 | probes=8132 wrfail=0 down=4s maxout=4s
 364.072  t=361s RTT mean=36909 min=23470 max=96910 n=25 to=0 | cancels=0(+0/s) seqbad=0 len_bad=0 disc=0(0x00) | tot_n=8156 tot_to=0 maxever=123020 >2ms=8156 >5ms=8156 >15ms=8130 >20ms=8108 >30ms=7889 | probes=8157 wrfail=0 down=4s maxout=4s
 364.123  t=362s RTT mean=34659 min=24704 max=63393 n=27 to=0 | cancels=0(+0/s) seqbad=0 len_bad=0 disc=0(0x00) | tot_n=8183 tot_to=0 maxever=123020 >2ms=8183 >5ms=8183 >15ms=8157 >20ms=8135 >30ms=7915 | probes=8184 wrfail=0 down=4s maxout=4s
 366.098  t=363s RTT mean=38353 min=30260 max=56586 n=24 to=0 | cancels=0(+0/s) seqbad=0 len_bad=0 disc=0(0x00) | tot_n=8207 tot_to=0 maxever=123020 >2ms=8207 >5ms=8207 >15ms=8181 >20ms=8159 >30ms=7939 | probes=8208 wrfail=0 down=4s maxout=4s
 366.098  t=364s RTT mean=36683 min=30189 max=71905 n=25 to=0 | cancels=0(+0/s) seqbad=0 len_bad=0 disc=0(0x00) | tot_n=8232 tot_to=0 maxever=123020 >2ms=8232 >5ms=8232 >15ms=8206 >20ms=8184 >30ms=7964 | probes=8233 wrfail=0 down=4s maxout=4s
 368.097  t=365s RTT mean=34353 min=23469 max=55267 n=27 to=0 | cancels=0(+0/s) seqbad=0 len_bad=0 disc=0(0x00) | tot_n=8259 tot_to=0 maxever=123020 >2ms=8259 >5ms=8259 >15ms=8233 >20ms=8211 >30ms=7990 | probes=8260 wrfail=0 down=4s maxout=4s
 368.097  PCTL target=125 tot=1506 to=0 p50=30 p90=53 p99=78 p99.9=96 max=102 g30=1473 g100=1 (ms/counts)
 368.097  LOADRAMP: target=150 KBps for 60s
 368.149  t=366s RTT mean=40216 min=30266 max=79323 n=23 to=0 | cancels=0(+0/s) seqbad=0 len_bad=0 disc=0(0x00) | tot_n=8282 tot_to=0 maxever=123020 >2ms=8282 >5ms=8282 >15ms=8256 >20ms=8234 >30ms=8013 | probes=8283 wrfail=0 down=4s maxout=4s
 370.079  t=367s RTT mean=37996 min=30193 max=76090 n=24 to=0 | cancels=0(+0/s) seqbad=0 len_bad=0 disc=0(0x00) | tot_n=8306 tot_to=0 maxever=123020 >2ms=8306 >5ms=8306 >15ms=8280 >20ms=8258 >30ms=8037 | probes=8307 wrfail=0 down=4s maxout=4s
 370.132  t=368s RTT mean=33515 min=30189 max=51088 n=28 to=0 | cancels=0(+0/s) seqbad=0 len_bad=0 disc=0(0x00) | tot_n=8334 tot_to=0 maxever=123020 >2ms=8334 >5ms=8334 >15ms=8308 >20ms=8286 >30ms=8065 | probes=8334 wrfail=0 down=4s maxout=4s
 372.091  t=369s RTT mean=34355 min=30187 max=69120 n=26 to=0 | cancels=0(+0/s) seqbad=0 len_bad=0 disc=0(0x00) | tot_n=8360 tot_to=0 maxever=123020 >2ms=8360 >5ms=8360 >15ms=8334 >20ms=8312 >30ms=8091 | probes=8361 wrfail=0 down=4s maxout=4s
 372.146  t=370s RTT mean=34891 min=30189 max=55718 n=26 to=0 | cancels=0(+0/s) seqbad=0 len_bad=0 disc=0(0x00) | tot_n=8386 tot_to=0 maxever=123020 >2ms=8386 >5ms=8386 >15ms=8360 >20ms=8338 >30ms=8117 | probes=8387 wrfail=0 down=4s maxout=4s
 374.099  t=371s RTT mean=33715 min=30189 max=55189 n=28 to=0 | cancels=0(+0/s) seqbad=0 len_bad=0 disc=0(0x00) | tot_n=8414 tot_to=0 maxever=123020 >2ms=8414 >5ms=8414 >15ms=8388 >20ms=8366 >30ms=8145 | probes=8415 wrfail=0 down=4s maxout=4s
 374.099  t=372s RTT mean=33378 min=30189 max=76089 n=27 to=0 | cancels=0(+0/s) seqbad=0 len_bad=0 disc=0(0x00) | tot_n=8441 tot_to=0 maxever=123020 >2ms=8441 >5ms=8441 >15ms=8415 >20ms=8393 >30ms=8172 | probes=8442 wrfail=0 down=4s maxout=4s
 376.109  t=373s RTT mean=34742 min=30193 max=71910 n=25 to=0 | cancels=0(+0/s) seqbad=0 len_bad=0 disc=0(0x00) | tot_n=8466 tot_to=0 maxever=123020 >2ms=8466 >5ms=8466 >15ms=8440 >20ms=8418 >30ms=8197 | probes=8467 wrfail=0 down=4s maxout=4s
 376.109  t=374s RTT mean=37615 min=30192 max=93677 n=26 to=0 | cancels=0(+0/s) seqbad=0 len_bad=0 disc=0(0x00) | tot_n=8492 tot_to=0 maxever=123020 >2ms=8492 >5ms=8492 >15ms=8466 >20ms=8444 >30ms=8223 | probes=8493 wrfail=0 down=4s maxout=4s
 378.107  t=375s RTT mean=34996 min=30195 max=70516 n=26 to=0 | cancels=0(+0/s) seqbad=0 len_bad=0 disc=0(0x00) | tot_n=8518 tot_to=0 maxever=123020 >2ms=8518 >5ms=8518 >15ms=8492 >20ms=8470 >30ms=8249 | probes=8519 wrfail=0 down=4s maxout=4s
 378.108  t=376s RTT mean=35745 min=30192 max=77482 n=26 to=0 | cancels=0(+0/s) seqbad=0 len_bad=0 disc=0(0x00) | tot_n=8544 tot_to=0 maxever=123020 >2ms=8544 >5ms=8544 >15ms=8518 >20ms=8496 >30ms=8275 | probes=8545 wrfail=0 down=4s maxout=4s
 380.117  t=377s RTT mean=33267 min=30188 max=55186 n=28 to=0 | cancels=0(+0/s) seqbad=0 len_bad=0 disc=0(0x00) | tot_n=8572 tot_to=0 maxever=123020 >2ms=8572 >5ms=8572 >15ms=8546 >20ms=8524 >30ms=8303 | probes=8572 wrfail=0 down=4s maxout=4s
 380.118  t=378s RTT mean=37727 min=30172 max=105267 n=23 to=0 | cancels=0(+0/s) seqbad=0 len_bad=0 disc=0(0x00) | tot_n=8595 tot_to=0 maxever=123020 >2ms=8595 >5ms=8595 >15ms=8569 >20ms=8547 >30ms=8326 | probes=8596 wrfail=0 down=4s maxout=4s
 382.107  t=379s RTT mean=36758 min=30214 max=76080 n=26 to=0 | cancels=0(+0/s) seqbad=0 len_bad=0 disc=0(0x00) | tot_n=8621 tot_to=0 maxever=123020 >2ms=8621 >5ms=8621 >15ms=8595 >20ms=8573 >30ms=8352 | probes=8622 wrfail=0 down=4s maxout=4s
 382.107  t=380s RTT mean=34306 min=30189 max=71900 n=27 to=0 | cancels=0(+0/s) seqbad=0 len_bad=0 disc=0(0x00) | tot_n=8648 tot_to=0 maxever=123020 >2ms=8648 >5ms=8648 >15ms=8622 >20ms=8600 >30ms=8379 | probes=8649 wrfail=0 down=4s maxout=4s
 384.108  t=381s RTT mean=36575 min=30193 max=81586 n=25 to=0 | cancels=0(+0/s) seqbad=0 len_bad=0 disc=0(0x00) | tot_n=8673 tot_to=0 maxever=123020 >2ms=8673 >5ms=8673 >15ms=8647 >20ms=8625 >30ms=8404 | probes=8674 wrfail=0 down=4s maxout=4s
 384.108  t=382s RTT mean=37708 min=30192 max=81583 n=24 to=0 | cancels=0(+0/s) seqbad=0 len_bad=0 disc=0(0x00) | tot_n=8697 tot_to=0 maxever=123020 >2ms=8697 >5ms=8697 >15ms=8671 >20ms=8649 >30ms=8428 | probes=8698 wrfail=0 down=4s maxout=4s
 386.115  t=383s RTT mean=40140 min=30265 max=92803 n=24 to=0 | cancels=0(+0/s) seqbad=0 len_bad=0 disc=0(0x00) | tot_n=8721 tot_to=0 maxever=123020 >2ms=8721 >5ms=8721 >15ms=8695 >20ms=8673 >30ms=8452 | probes=8722 wrfail=0 down=4s maxout=4s
 386.115  t=384s RTT mean=37184 min=30189 max=76089 n=25 to=0 | cancels=0(+0/s) seqbad=0 len_bad=0 disc=0(0x00) | tot_n=8746 tot_to=0 maxever=123020 >2ms=8746 >5ms=8746 >15ms=8720 >20ms=8698 >30ms=8477 | probes=8747 wrfail=0 down=4s maxout=4s
 388.096  t=385s RTT mean=35909 min=30186 max=78795 n=25 to=0 | cancels=0(+0/s) seqbad=0 len_bad=0 disc=0(0x00) | tot_n=8771 tot_to=0 maxever=123020 >2ms=8771 >5ms=8771 >15ms=8745 >20ms=8723 >30ms=8502 | probes=8772 wrfail=0 down=4s maxout=4s
 388.151  t=386s RTT mean=37633 min=30189 max=102403 n=25 to=0 | cancels=0(+0/s) seqbad=0 len_bad=0 disc=0(0x00) | tot_n=8796 tot_to=0 maxever=123020 >2ms=8796 >5ms=8796 >15ms=8770 >20ms=8748 >30ms=8527 | probes=8797 wrfail=0 down=4s maxout=4s
 390.102  t=387s RTT mean=41604 min=30192 max=81582 n=22 to=0 | cancels=0(+0/s) seqbad=0 len_bad=0 disc=0(0x00) | tot_n=8818 tot_to=0 maxever=123020 >2ms=8818 >5ms=8818 >15ms=8792 >20ms=8770 >30ms=8549 | probes=8819 wrfail=0 down=4s maxout=4s
 390.102  t=388s RTT mean=34641 min=30189 max=70525 n=24 to=0 | cancels=0(+0/s) seqbad=0 len_bad=0 disc=0(0x00) | tot_n=8842 tot_to=0 maxever=123020 >2ms=8842 >5ms=8842 >15ms=8816 >20ms=8794 >30ms=8573 | probes=8843 wrfail=0 down=4s maxout=4s
 392.111  t=389s RTT mean=43149 min=30189 max=151084 n=24 to=0 | cancels=0(+0/s) seqbad=0 len_bad=0 disc=0(0x00) | tot_n=8866 tot_to=0 maxever=151084 >2ms=8866 >5ms=8866 >15ms=8840 >20ms=8818 >30ms=8597 | probes=8867 wrfail=0 down=4s maxout=4s
 392.111  t=390s RTT mean=35370 min=30189 max=78802 n=26 to=0 | cancels=0(+0/s) seqbad=0 len_bad=0 disc=0(0x00) | tot_n=8892 tot_to=0 maxever=151084 >2ms=8892 >5ms=8892 >15ms=8866 >20ms=8844 >30ms=8623 | probes=8893 wrfail=0 down=4s maxout=4s
 394.108  t=391s RTT mean=40084 min=30189 max=74695 n=23 to=0 | cancels=0(+0/s) seqbad=0 len_bad=0 disc=0(0x00) | tot_n=8915 tot_to=0 maxever=151084 >2ms=8915 >5ms=8915 >15ms=8889 >20ms=8867 >30ms=8646 | probes=8916 wrfail=0 down=4s maxout=4s
 394.108  t=392s RTT mean=36518 min=30192 max=103808 n=25 to=0 | cancels=0(+0/s) seqbad=0 len_bad=0 disc=0(0x00) | tot_n=8940 tot_to=0 maxever=151084 >2ms=8940 >5ms=8940 >15ms=8914 >20ms=8892 >30ms=8671 | probes=8941 wrfail=0 down=4s maxout=4s
 396.127  t=393s RTT mean=36332 min=30189 max=66340 n=26 to=0 | cancels=0(+0/s) seqbad=0 len_bad=0 disc=0(0x00) | tot_n=8966 tot_to=0 maxever=151084 >2ms=8966 >5ms=8966 >15ms=8940 >20ms=8918 >30ms=8697 | probes=8967 wrfail=0 down=4s maxout=4s
 396.127  t=394s RTT mean=34408 min=30189 max=53796 n=26 to=0 | cancels=0(+0/s) seqbad=0 len_bad=0 disc=0(0x00) | tot_n=8992 tot_to=0 maxever=151084 >2ms=8992 >5ms=8992 >15ms=8966 >20ms=8944 >30ms=8723 | probes=8993 wrfail=0 down=4s maxout=4s
 398.114  t=395s RTT mean=34514 min=30189 max=56597 n=27 to=0 | cancels=0(+0/s) seqbad=0 len_bad=0 disc=0(0x00) | tot_n=9019 tot_to=0 maxever=151084 >2ms=9019 >5ms=9019 >15ms=8993 >20ms=8971 >30ms=8750 | probes=9020 wrfail=0 down=4s maxout=4s
 398.114  t=396s RTT mean=33688 min=30189 max=82995 n=27 to=0 | cancels=0(+0/s) seqbad=0 len_bad=0 disc=0(0x00) | tot_n=9046 tot_to=0 maxever=151084 >2ms=9046 >5ms=9046 >15ms=9020 >20ms=8998 >30ms=8777 | probes=9047 wrfail=0 down=4s maxout=4s
 400.116  t=397s RTT mean=39963 min=30189 max=91337 n=23 to=0 | cancels=0(+0/s) seqbad=0 len_bad=0 disc=0(0x00) | tot_n=9069 tot_to=0 maxever=151084 >2ms=9069 >5ms=9069 >15ms=9043 >20ms=9021 >30ms=8800 | probes=9070 wrfail=0 down=4s maxout=4s
 400.116  t=398s RTT mean=36439 min=30189 max=73299 n=26 to=0 | cancels=0(+0/s) seqbad=0 len_bad=0 disc=0(0x00) | tot_n=9095 tot_to=0 maxever=151084 >2ms=9095 >5ms=9095 >15ms=9069 >20ms=9047 >30ms=8826 | probes=9096 wrfail=0 down=4s maxout=4s
 402.121  t=399s RTT mean=32128 min=30190 max=57549 n=28 to=0 | cancels=0(+0/s) seqbad=0 len_bad=0 disc=0(0x00) | tot_n=9123 tot_to=0 maxever=151084 >2ms=9123 >5ms=9123 >15ms=9097 >20ms=9075 >30ms=8854 | probes=9124 wrfail=0 down=4s maxout=4s
 402.121  t=400s RTT mean=35849 min=27320 max=55266 n=26 to=0 | cancels=0(+0/s) seqbad=0 len_bad=0 disc=0(0x00) | tot_n=9149 tot_to=0 maxever=151084 >2ms=9149 >5ms=9149 >15ms=9123 >20ms=9101 >30ms=8879 | probes=9150 wrfail=0 down=4s maxout=4s
 404.123  t=401s RTT mean=37824 min=30189 max=96918 n=24 to=0 | cancels=0(+0/s) seqbad=0 len_bad=0 disc=0(0x00) | tot_n=9173 tot_to=0 maxever=151084 >2ms=9173 >5ms=9173 >15ms=9147 >20ms=9125 >30ms=8903 | probes=9174 wrfail=0 down=4s maxout=4s
 404.123  t=402s RTT mean=37020 min=30189 max=94125 n=25 to=0 | cancels=0(+0/s) seqbad=0 len_bad=0 disc=0(0x00) | tot_n=9198 tot_to=0 maxever=151084 >2ms=9198 >5ms=9198 >15ms=9172 >20ms=9150 >30ms=8928 | probes=9199 wrfail=0 down=4s maxout=4s
 406.082  t=403s RTT mean=38576 min=30200 max=81590 n=24 to=0 | cancels=0(+0/s) seqbad=0 len_bad=0 disc=0(0x00) | tot_n=9222 tot_to=0 maxever=151084 >2ms=9222 >5ms=9222 >15ms=9196 >20ms=9174 >30ms=8952 | probes=9223 wrfail=0 down=4s maxout=4s
 406.133  t=404s RTT mean=46491 min=30190 max=106659 n=20 to=0 | cancels=0(+0/s) seqbad=0 len_bad=0 disc=0(0x00) | tot_n=9242 tot_to=0 maxever=151084 >2ms=9242 >5ms=9242 >15ms=9216 >20ms=9194 >30ms=8972 | probes=9243 wrfail=0 down=4s maxout=4s
 408.131  t=405s RTT mean=41114 min=30192 max=80273 n=23 to=0 | cancels=0(+0/s) seqbad=0 len_bad=0 disc=0(0x00) | tot_n=9265 tot_to=0 maxever=151084 >2ms=9265 >5ms=9265 >15ms=9239 >20ms=9217 >30ms=8995 | probes=9266 wrfail=0 down=4s maxout=4s
 408.131  t=406s RTT mean=37821 min=30186 max=63551 n=24 to=0 | cancels=0(+0/s) seqbad=0 len_bad=0 disc=0(0x00) | tot_n=9289 tot_to=0 maxever=151084 >2ms=9289 >5ms=9289 >15ms=9263 >20ms=9241 >30ms=9019 | probes=9290 wrfail=0 down=4s maxout=4s
 410.084  t=407s RTT mean=32398 min=30177 max=53804 n=29 to=0 | cancels=0(+0/s) seqbad=0 len_bad=0 disc=0(0x00) | tot_n=9318 tot_to=0 maxever=151084 >2ms=9318 >5ms=9318 >15ms=9292 >20ms=9270 >30ms=9048 | probes=9319 wrfail=0 down=4s maxout=4s
 410.139  t=408s RTT mean=32772 min=30189 max=55193 n=28 to=0 | cancels=0(+0/s) seqbad=0 len_bad=0 disc=0(0x00) | tot_n=9346 tot_to=0 maxever=151084 >2ms=9346 >5ms=9346 >15ms=9320 >20ms=9298 >30ms=9076 | probes=9346 wrfail=0 down=4s maxout=4s
 412.113  t=409s RTT mean=33071 min=30192 max=64942 n=27 to=0 | cancels=0(+0/s) seqbad=0 len_bad=0 disc=0(0x00) | tot_n=9373 tot_to=0 maxever=151084 >2ms=9373 >5ms=9373 >15ms=9347 >20ms=9325 >30ms=9103 | probes=9374 wrfail=0 down=4s maxout=4s
 412.114  t=410s RTT mean=32205 min=30189 max=53875 n=29 to=0 | cancels=0(+0/s) seqbad=0 len_bad=0 disc=0(0x00) | tot_n=9402 tot_to=0 maxever=151084 >2ms=9402 >5ms=9402 >15ms=9376 >20ms=9354 >30ms=9132 | probes=9402 wrfail=0 down=4s maxout=4s
 414.119  t=411s RTT mean=33278 min=23474 max=55265 n=27 to=0 | cancels=0(+0/s) seqbad=0 len_bad=0 disc=0(0x00) | tot_n=9429 tot_to=0 maxever=151084 >2ms=9429 >5ms=9429 >15ms=9403 >20ms=9381 >30ms=9158 | probes=9430 wrfail=0 down=4s maxout=4s
 414.119  t=412s RTT mean=32968 min=30187 max=56589 n=28 to=0 | cancels=0(+0/s) seqbad=0 len_bad=0 disc=0(0x00) | tot_n=9457 tot_to=0 maxever=151084 >2ms=9457 >5ms=9457 >15ms=9431 >20ms=9409 >30ms=9186 | probes=9458 wrfail=0 down=4s maxout=4s
 416.131  t=413s RTT mean=32772 min=30188 max=51010 n=28 to=0 | cancels=0(+0/s) seqbad=0 len_bad=0 disc=0(0x00) | tot_n=9485 tot_to=0 maxever=151084 >2ms=9485 >5ms=9485 >15ms=9459 >20ms=9437 >30ms=9214 | probes=9486 wrfail=0 down=4s maxout=4s
 416.131  t=414s RTT mean=34463 min=30258 max=51089 n=26 to=0 | cancels=0(+0/s) seqbad=0 len_bad=0 disc=0(0x00) | tot_n=9511 tot_to=0 maxever=151084 >2ms=9511 >5ms=9511 >15ms=9485 >20ms=9463 >30ms=9240 | probes=9512 wrfail=0 down=4s maxout=4s
 418.089  t=415s RTT mean=32673 min=30188 max=55267 n=28 to=0 | cancels=0(+0/s) seqbad=0 len_bad=0 disc=0(0x00) | tot_n=9539 tot_to=0 maxever=151084 >2ms=9539 >5ms=9539 >15ms=9513 >20ms=9491 >30ms=9268 | probes=9540 wrfail=0 down=4s maxout=4s
 418.144  t=416s RTT mean=32674 min=18718 max=53800 n=28 to=0 | cancels=0(+0/s) seqbad=0 len_bad=0 disc=0(0x00) | tot_n=9567 tot_to=0 maxever=151084 >2ms=9567 >5ms=9567 >15ms=9541 >20ms=9518 >30ms=9295 | probes=9568 wrfail=0 down=4s maxout=4s
 420.083  t=417s RTT mean=33466 min=30189 max=63626 n=28 to=0 | cancels=0(+0/s) seqbad=0 len_bad=0 disc=0(0x00) | tot_n=9595 tot_to=0 maxever=151084 >2ms=9595 >5ms=9595 >15ms=9569 >20ms=9546 >30ms=9323 | probes=9596 wrfail=0 down=4s maxout=4s
 420.138  t=418s RTT mean=32623 min=30189 max=55264 n=28 to=0 | cancels=0(+0/s) seqbad=0 len_bad=0 disc=0(0x00) | tot_n=9623 tot_to=0 maxever=151084 >2ms=9623 >5ms=9623 >15ms=9597 >20ms=9574 >30ms=9351 | probes=9624 wrfail=0 down=4s maxout=4s
 422.089  t=419s RTT mean=32424 min=30188 max=51086 n=28 to=0 | cancels=0(+0/s) seqbad=0 len_bad=0 disc=0(0x00) | tot_n=9651 tot_to=0 maxever=151084 >2ms=9651 >5ms=9651 >15ms=9625 >20ms=9602 >30ms=9379 | probes=9652 wrfail=0 down=4s maxout=4s
 422.145  t=420s RTT mean=32029 min=28882 max=56586 n=28 to=0 | cancels=0(+0/s) seqbad=0 len_bad=0 disc=0(0x00) | tot_n=9679 tot_to=0 maxever=151084 >2ms=9679 >5ms=9679 >15ms=9653 >20ms=9630 >30ms=9406 | probes=9680 wrfail=0 down=4s maxout=4s
 424.114  t=421s RTT mean=32574 min=23474 max=71460 n=28 to=0 | cancels=0(+0/s) seqbad=0 len_bad=0 disc=0(0x00) | tot_n=9707 tot_to=0 maxever=151084 >2ms=9707 >5ms=9707 >15ms=9681 >20ms=9658 >30ms=9433 | probes=9708 wrfail=0 down=4s maxout=4s
 424.114  t=422s RTT mean=31075 min=14952 max=53875 n=30 to=0 | cancels=0(+0/s) seqbad=0 len_bad=0 disc=0(0x00) | tot_n=9737 tot_to=0 maxever=151084 >2ms=9737 >5ms=9737 >15ms=9710 >20ms=9687 >30ms=9462 | probes=9737 wrfail=0 down=4s maxout=4s
 426.132  t=423s RTT mean=41774 min=30259 max=81588 n=22 to=0 | cancels=0(+0/s) seqbad=0 len_bad=0 disc=0(0x00) | tot_n=9759 tot_to=0 maxever=151084 >2ms=9759 >5ms=9759 >15ms=9732 >20ms=9709 >30ms=9484 | probes=9760 wrfail=0 down=4s maxout=4s
 426.132  t=424s RTT mean=39544 min=30186 max=80267 n=22 to=0 | cancels=0(+0/s) seqbad=0 len_bad=0 disc=0(0x00) | tot_n=9781 tot_to=0 maxever=151084 >2ms=9781 >5ms=9781 >15ms=9754 >20ms=9731 >30ms=9506 | probes=9782 wrfail=0 down=4s maxout=4s
 428.083  t=425s RTT mean=47042 min=30189 max=96914 n=21 to=0 | cancels=0(+0/s) seqbad=0 len_bad=0 disc=0(0x00) | tot_n=9802 tot_to=0 maxever=151084 >2ms=9802 >5ms=9802 >15ms=9775 >20ms=9752 >30ms=9527 | probes=9803 wrfail=0 down=4s maxout=4s
 428.138  PCTL target=150 tot=1546 to=0 p50=30 p90=55 p99=81 p99.9=105 max=151 g30=1540 g100=5 (ms/counts)
 428.139  LOADRAMP: cycle complete
 428.139  LOADRAMP: target=0 KBps for 60s
 428.139  t=426s RTT mean=42736 min=30203 max=46917 n=22 to=0 | cancels=0(+0/s) seqbad=0 len_bad=0 disc=0(0x00) | tot_n=9824 tot_to=0 maxever=151084 >2ms=9824 >5ms=9824 >15ms=9797 >20ms=9774 >30ms=9549 | probes=9825 wrfail=0 down=4s maxout=4s
 430.097  t=427s RTT mean=46913 min=46911 max=46928 n=20 to=0 | cancels=0(+0/s) seqbad=0 len_bad=0 disc=0(0x00) | tot_n=9844 tot_to=0 maxever=151084 >2ms=9844 >5ms=9844 >15ms=9817 >20ms=9794 >30ms=9569 | probes=9845 wrfail=0 down=4s maxout=4s
 430.148  t=428s RTT mean=46913 min=46911 max=46918 n=20 to=0 | cancels=0(+0/s) seqbad=0 len_bad=0 disc=0(0x00) | tot_n=9864 tot_to=0 maxever=151084 >2ms=9864 >5ms=9864 >15ms=9837 >20ms=9814 >30ms=9589 | probes=9865 wrfail=0 down=4s maxout=4s
 432.096  t=429s RTT mean=46914 min=46910 max=46931 n=20 to=0 | cancels=0(+0/s) seqbad=0 len_bad=0 disc=0(0x00) | tot_n=9884 tot_to=0 maxever=151084 >2ms=9884 >5ms=9884 >15ms=9857 >20ms=9834 >30ms=9609 | probes=9885 wrfail=0 down=4s maxout=4s
 432.151  t=430s RTT mean=46913 min=46911 max=46919 n=20 to=0 | cancels=0(+0/s) seqbad=0 len_bad=0 disc=0(0x00) | tot_n=9904 tot_to=0 maxever=151084 >2ms=9904 >5ms=9904 >15ms=9877 >20ms=9854 >30ms=9629 | probes=9905 wrfail=0 down=4s maxout=4s
 434.125  t=431s RTT mean=46914 min=46910 max=46931 n=20 to=0 | cancels=0(+0/s) seqbad=0 len_bad=0 disc=0(0x00) | tot_n=9924 tot_to=0 maxever=151084 >2ms=9924 >5ms=9924 >15ms=9897 >20ms=9874 >30ms=9649 | probes=9925 wrfail=0 down=4s maxout=4s
 434.125  t=432s RTT mean=48230 min=46910 max=71912 n=19 to=0 | cancels=0(+0/s) seqbad=0 len_bad=0 disc=0(0x00) | tot_n=9943 tot_to=0 maxever=151084 >2ms=9943 >5ms=9943 >15ms=9916 >20ms=9893 >30ms=9668 | probes=9944 wrfail=0 down=4s maxout=4s
 436.087  t=433s RTT mean=46914 min=46467 max=47360 n=20 to=0 | cancels=0(+0/s) seqbad=0 len_bad=0 disc=0(0x00) | tot_n=9963 tot_to=0 maxever=151084 >2ms=9963 >5ms=9963 >15ms=9936 >20ms=9913 >30ms=9688 | probes=9964 wrfail=0 down=4s maxout=4s
 436.142  t=434s RTT mean=52469 min=46466 max=71921 n=18 to=0 | cancels=0(+0/s) seqbad=0 len_bad=0 disc=0(0x00) | tot_n=9981 tot_to=0 maxever=151084 >2ms=9981 >5ms=9981 >15ms=9954 >20ms=9931 >30ms=9706 | probes=9982 wrfail=0 down=4s maxout=4s
 438.104  t=435s RTT mean=46914 min=46906 max=46932 n=20 to=0 | cancels=0(+0/s) seqbad=0 len_bad=0 disc=0(0x00) | tot_n=10001 tot_to=0 maxever=151084 >2ms=10001 >5ms=10001 >15ms=9974 >20ms=9951 >30ms=9726 | probes=10002 wrfail=0 down=4s maxout=4s
 438.104  t=436s RTT mean=46914 min=46910 max=46922 n=20 to=0 | cancels=0(+0/s) seqbad=0 len_bad=0 disc=0(0x00) | tot_n=10021 tot_to=0 maxever=151084 >2ms=10021 >5ms=10021 >15ms=9994 >20ms=9971 >30ms=9746 | probes=10022 wrfail=0 down=4s maxout=4s
 440.099  t=437s RTT mean=46914 min=46906 max=46931 n=20 to=0 | cancels=0(+0/s) seqbad=0 len_bad=0 disc=0(0x00) | tot_n=10041 tot_to=0 maxever=151084 >2ms=10041 >5ms=10041 >15ms=10014 >20ms=9991 >30ms=9766 | probes=10042 wrfail=0 down=4s maxout=4s
 440.152  t=438s RTT mean=46914 min=46910 max=46922 n=20 to=0 | cancels=0(+0/s) seqbad=0 len_bad=0 disc=0(0x00) | tot_n=10061 tot_to=0 maxever=151084 >2ms=10061 >5ms=10061 >15ms=10034 >20ms=10011 >30ms=9786 | probes=10062 wrfail=0 down=4s maxout=4s
 442.120  t=439s RTT mean=46914 min=46906 max=46931 n=20 to=0 | cancels=0(+0/s) seqbad=0 len_bad=0 disc=0(0x00) | tot_n=10081 tot_to=0 maxever=151084 >2ms=10081 >5ms=10081 >15ms=10054 >20ms=10031 >30ms=9806 | probes=10082 wrfail=0 down=4s maxout=4s
 442.120  t=440s RTT mean=46914 min=46910 max=46921 n=20 to=0 | cancels=0(+0/s) seqbad=0 len_bad=0 disc=0(0x00) | tot_n=10101 tot_to=0 maxever=151084 >2ms=10101 >5ms=10101 >15ms=10074 >20ms=10051 >30ms=9826 | probes=10102 wrfail=0 down=4s maxout=4s
 444.107  t=441s RTT mean=46914 min=46906 max=46930 n=20 to=0 | cancels=0(+0/s) seqbad=0 len_bad=0 disc=0(0x00) | tot_n=10121 tot_to=0 maxever=151084 >2ms=10121 >5ms=10121 >15ms=10094 >20ms=10071 >30ms=9846 | probes=10122 wrfail=0 down=4s maxout=4s
 444.107  t=442s RTT mean=46914 min=46910 max=46922 n=20 to=0 | cancels=0(+0/s) seqbad=0 len_bad=0 disc=0(0x00) | tot_n=10141 tot_to=0 maxever=151084 >2ms=10141 >5ms=10141 >15ms=10114 >20ms=10091 >30ms=9866 | probes=10142 wrfail=0 down=4s maxout=4s
 446.099  t=443s RTT mean=46914 min=46907 max=46930 n=20 to=0 | cancels=0(+0/s) seqbad=0 len_bad=0 disc=0(0x00) | tot_n=10161 tot_to=0 maxever=151084 >2ms=10161 >5ms=10161 >15ms=10134 >20ms=10111 >30ms=9886 | probes=10162 wrfail=0 down=4s maxout=4s
 446.154  t=444s RTT mean=46914 min=46911 max=46921 n=20 to=0 | cancels=0(+0/s) seqbad=0 len_bad=0 disc=0(0x00) | tot_n=10181 tot_to=0 maxever=151084 >2ms=10181 >5ms=10181 >15ms=10154 >20ms=10131 >30ms=9906 | probes=10182 wrfail=0 down=4s maxout=4s
 448.106  t=445s RTT mean=46914 min=46906 max=46931 n=20 to=0 | cancels=0(+0/s) seqbad=0 len_bad=0 disc=0(0x00) | tot_n=10201 tot_to=0 maxever=151084 >2ms=10201 >5ms=10201 >15ms=10174 >20ms=10151 >30ms=9926 | probes=10202 wrfail=0 down=4s maxout=4s
 448.106  t=446s RTT mean=46914 min=46910 max=46922 n=20 to=0 | cancels=0(+0/s) seqbad=0 len_bad=0 disc=0(0x00) | tot_n=10221 tot_to=0 maxever=151084 >2ms=10221 >5ms=10221 >15ms=10194 >20ms=10171 >30ms=9946 | probes=10222 wrfail=0 down=4s maxout=4s
