   1.964  *** Booting Zephyr OS build v4.4.2-16-gfee9fbc62095 ***
   1.964  [00:43:24.531,897] [0m<inf> bt_hci_core: HW Platform: Nordic Semiconductor (0x0002)[0m
   1.964  [00:43:24.531,909] [0m<inf> bt_hci_core: HW Variant: nRF54Lx (0x0005)[0m
   1.964  [00:43:24.531,921] [0m<inf> bt_hci_core: Firmware: Standard Bluetooth controller (0x00) Version 4.4 Build 2[0m
   1.964  [00:43:24.532,273] [0m<inf> bt_hci_core: HCI transport: Controller[0m
   1.964  [00:43:24.532,320] [0m<inf> bt_hci_core: Identity: FC:BE:FF:FA:E6:8B (random)[0m
   1.964  [00:43:24.532,336] [0m<inf> bt_hci_core: HCI: version 5.4 (0x0d) revision 0x0000, manufacturer 0x05f1[0m
   1.964  [00:43:24.532,350] [0m<inf> bt_hci_core: LMP: version 5.4 (0x0d) subver 0xffff[0m
   1.964  
   2.024  === nRF54L15 RTT ping-pong CENTRAL ===
   2.024  scan rc=0
   3.930  t=1s RTT mean=0 min=0 max=0 n=0 to=0 | cancels=0(+0/s) seqbad=0 len_bad=0 disc=0(0x00) | tot_n=0 tot_to=0 maxever=0 >2ms=0 >5ms=0 >15ms=0 >20ms=0 >30ms=0 | probes=0 wrfail=0 down=1s maxout=1s
   3.990  t=2s RTT mean=0 min=0 max=0 n=0 to=0 | cancels=0(+0/s) seqbad=0 len_bad=0 disc=0(0x00) | tot_n=0 tot_to=0 maxever=0 >2ms=0 >5ms=0 >15ms=0 >20ms=0 >30ms=0 | probes=0 wrfail=0 down=2s maxout=2s
   5.956  t=3s RTT mean=0 min=0 max=0 n=0 to=0 | cancels=0(+0/s) seqbad=0 len_bad=0 disc=0(0x00) | tot_n=0 tot_to=0 maxever=0 >2ms=0 >5ms=0 >15ms=0 >20ms=0 >30ms=0 | probes=0 wrfail=0 down=3s maxout=3s
   5.956  Q2CONN AA=74116654 CRCINIT=8f2d83 hop=13 chan_count=37 map=ffffffff1f
   5.956  GAP connected interval=7500
   5.956  MTU err=0 mtu=247
   5.956  t=4s RTT mean=0 min=0 max=0 n=0 to=0 | cancels=0(+0/s) seqbad=0 len_bad=0 disc=0(0x00) | tot_n=0 tot_to=0 maxever=0 >2ms=0 >5ms=0 >15ms=0 >20ms=0 >30ms=0 | probes=0 wrfail=0 down=4s maxout=4s
   5.956  PHY tx=2 rx=2
   7.462  discovery start (post-PHY +500ms) interval=7500 phy2m=1
   7.462  SUBSCRIBED, vh=14
   7.462  LOADRAMP: bulk char handle=17
   7.462  LOADRAMP: target=0 KBps for 60s
   7.462  t=5s RTT mean=11814 min=9298 max=11923 n=26 to=0 | cancels=0(+0/s) seqbad=0 len_bad=0 disc=0(0x00) | tot_n=26 tot_to=0 maxever=11923 >2ms=26 >5ms=26 >15ms=0 >20ms=0 >30ms=0 | probes=27 wrfail=0 down=4s maxout=4s
   8.953  t=6s RTT mean=11915 min=11912 max=11934 n=67 to=0 | cancels=0(+0/s) seqbad=0 len_bad=0 disc=0(0x00) | tot_n=93 tot_to=0 maxever=11934 >2ms=93 >5ms=93 >15ms=0 >20ms=0 >30ms=0 | probes=94 wrfail=0 down=4s maxout=4s
   8.953  t=7s RTT mean=11915 min=11912 max=11923 n=66 to=0 | cancels=0(+0/s) seqbad=0 len_bad=0 disc=0(0x00) | tot_n=159 tot_to=0 maxever=11934 >2ms=159 >5ms=159 >15ms=0 >20ms=0 >30ms=0 | probes=160 wrfail=0 down=4s maxout=4s
  10.496  FSU: request [52..52] us (ACL both dirs, 1M+2M) rc=0
  10.496  FSU: updated status=0x00 spacing=52 us phys=0x3 types=0x3 initiator=0
  10.555  t=8s RTT mean=11914 min=11776 max=11961 n=67 to=0 | cancels=0(+0/s) seqbad=0 len_bad=0 disc=0(0x00) | tot_n=226 tot_to=0 maxever=11961 >2ms=226 >5ms=226 >15ms=0 >20ms=0 >30ms=0 | probes=227 wrfail=0 down=4s maxout=4s
  11.929  t=9s RTT mean=11915 min=11911 max=11923 n=67 to=0 | cancels=0(+0/s) seqbad=0 len_bad=0 disc=0(0x00) | tot_n=293 tot_to=0 maxever=11961 >2ms=293 >5ms=293 >15ms=0 >20ms=0 >30ms=0 | probes=294 wrfail=0 down=4s maxout=4s
  11.988  t=10s RTT mean=11915 min=11912 max=11924 n=66 to=0 | cancels=0(+0/s) seqbad=0 len_bad=0 disc=0(0x00) | tot_n=359 tot_to=0 maxever=11961 >2ms=359 >5ms=359 >15ms=0 >20ms=0 >30ms=0 | probes=360 wrfail=0 down=4s maxout=4s
  13.961  t=11s RTT mean=11915 min=11911 max=11934 n=67 to=0 | cancels=0(+0/s) seqbad=0 len_bad=0 disc=0(0x00) | tot_n=426 tot_to=0 maxever=11961 >2ms=426 >5ms=426 >15ms=0 >20ms=0 >30ms=0 | probes=427 wrfail=0 down=4s maxout=4s
  13.961  t=12s RTT mean=11915 min=11912 max=11923 n=67 to=0 | cancels=0(+0/s) seqbad=0 len_bad=0 disc=0(0x00) | tot_n=493 tot_to=0 maxever=11961 >2ms=493 >5ms=493 >15ms=0 >20ms=0 >30ms=0 | probes=494 wrfail=0 down=4s maxout=4s
  15.974  t=13s RTT mean=11915 min=11910 max=11933 n=66 to=0 | cancels=0(+0/s) seqbad=0 len_bad=0 disc=0(0x00) | tot_n=559 tot_to=0 maxever=11961 >2ms=559 >5ms=559 >15ms=0 >20ms=0 >30ms=0 | probes=560 wrfail=0 down=4s maxout=4s
  15.975  t=14s RTT mean=11915 min=11808 max=12029 n=67 to=0 | cancels=0(+0/s) seqbad=0 len_bad=0 disc=0(0x00) | tot_n=626 tot_to=0 maxever=12029 >2ms=626 >5ms=626 >15ms=0 >20ms=0 >30ms=0 | probes=627 wrfail=0 down=4s maxout=4s
  17.946  t=15s RTT mean=11915 min=11912 max=11934 n=67 to=0 | cancels=0(+0/s) seqbad=0 len_bad=0 disc=0(0x00) | tot_n=693 tot_to=0 maxever=12029 >2ms=693 >5ms=693 >15ms=0 >20ms=0 >30ms=0 | probes=694 wrfail=0 down=4s maxout=4s
  17.947  t=16s RTT mean=11915 min=11912 max=11922 n=67 to=0 | cancels=0(+0/s) seqbad=0 len_bad=0 disc=0(0x00) | tot_n=760 tot_to=0 maxever=12029 >2ms=760 >5ms=760 >15ms=0 >20ms=0 >30ms=0 | probes=760 wrfail=0 down=4s maxout=4s
  19.953  t=17s RTT mean=11915 min=11912 max=11934 n=66 to=0 | cancels=0(+0/s) seqbad=0 len_bad=0 disc=0(0x00) | tot_n=826 tot_to=0 maxever=12029 >2ms=826 >5ms=826 >15ms=0 >20ms=0 >30ms=0 | probes=827 wrfail=0 down=4s maxout=4s
  19.953  t=18s RTT mean=11915 min=11912 max=11922 n=67 to=0 | cancels=0(+0/s) seqbad=0 len_bad=0 disc=0(0x00) | tot_n=893 tot_to=0 maxever=12029 >2ms=893 >5ms=893 >15ms=0 >20ms=0 >30ms=0 | probes=894 wrfail=0 down=4s maxout=4s
  21.956  t=19s RTT mean=11915 min=11910 max=11933 n=67 to=0 | cancels=0(+0/s) seqbad=0 len_bad=0 disc=0(0x00) | tot_n=960 tot_to=0 maxever=12029 >2ms=960 >5ms=960 >15ms=0 >20ms=0 >30ms=0 | probes=960 wrfail=0 down=4s maxout=4s
  21.957  t=20s RTT mean=11915 min=11912 max=11924 n=66 to=0 | cancels=0(+0/s) seqbad=0 len_bad=0 disc=0(0x00) | tot_n=1026 tot_to=0 maxever=12029 >2ms=1026 >5ms=1026 >15ms=0 >20ms=0 >30ms=0 | probes=1027 wrfail=0 down=4s maxout=4s
  23.973  t=21s RTT mean=11915 min=11904 max=11933 n=67 to=0 | cancels=0(+0/s) seqbad=0 len_bad=0 disc=0(0x00) | tot_n=1093 tot_to=0 maxever=12029 >2ms=1093 >5ms=1093 >15ms=0 >20ms=0 >30ms=0 | probes=1094 wrfail=0 down=4s maxout=4s
  23.973  t=22s RTT mean=11915 min=11912 max=11923 n=67 to=0 | cancels=0(+0/s) seqbad=0 len_bad=0 disc=0(0x00) | tot_n=1160 tot_to=0 maxever=12029 >2ms=1160 >5ms=1160 >15ms=0 >20ms=0 >30ms=0 | probes=1160 wrfail=0 down=4s maxout=4s
  25.946  t=23s RTT mean=11915 min=11911 max=11934 n=66 to=0 | cancels=0(+0/s) seqbad=0 len_bad=0 disc=0(0x00) | tot_n=1226 tot_to=0 maxever=12029 >2ms=1226 >5ms=1226 >15ms=0 >20ms=0 >30ms=0 | probes=1227 wrfail=0 down=4s maxout=4s
  26.003  t=24s RTT mean=11915 min=11912 max=11923 n=67 to=0 | cancels=0(+0/s) seqbad=0 len_bad=0 disc=0(0x00) | tot_n=1293 tot_to=0 maxever=12029 >2ms=1293 >5ms=1293 >15ms=0 >20ms=0 >30ms=0 | probes=1294 wrfail=0 down=4s maxout=4s
  27.980  t=25s RTT mean=11915 min=11911 max=11925 n=67 to=0 | cancels=0(+0/s) seqbad=0 len_bad=0 disc=0(0x00) | tot_n=1360 tot_to=0 maxever=12029 >2ms=1360 >5ms=1360 >15ms=0 >20ms=0 >30ms=0 | probes=1360 wrfail=0 down=4s maxout=4s
  27.980  t=26s RTT mean=11915 min=11900 max=11933 n=66 to=0 | cancels=0(+0/s) seqbad=0 len_bad=0 disc=0(0x00) | tot_n=1426 tot_to=0 maxever=12029 >2ms=1426 >5ms=1426 >15ms=0 >20ms=0 >30ms=0 | probes=1427 wrfail=0 down=4s maxout=4s
  29.946  t=27s RTT mean=11915 min=11912 max=11933 n=67 to=0 | cancels=0(+0/s) seqbad=0 len_bad=0 disc=0(0x00) | tot_n=1493 tot_to=0 maxever=12029 >2ms=1493 >5ms=1493 >15ms=0 >20ms=0 >30ms=0 | probes=1494 wrfail=0 down=4s maxout=4s
  30.007  t=28s RTT mean=11915 min=11912 max=11922 n=67 to=0 | cancels=0(+0/s) seqbad=0 len_bad=0 disc=0(0x00) | tot_n=1560 tot_to=0 maxever=12029 >2ms=1560 >5ms=1560 >15ms=0 >20ms=0 >30ms=0 | probes=1560 wrfail=0 down=4s maxout=4s
  31.974  t=29s RTT mean=11915 min=11911 max=11934 n=66 to=0 | cancels=0(+0/s) seqbad=0 len_bad=0 disc=0(0x00) | tot_n=1626 tot_to=0 maxever=12029 >2ms=1626 >5ms=1626 >15ms=0 >20ms=0 >30ms=0 | probes=1627 wrfail=0 down=4s maxout=4s
  31.974  t=30s RTT mean=11915 min=11911 max=11923 n=67 to=0 | cancels=0(+0/s) seqbad=0 len_bad=0 disc=0(0x00) | tot_n=1693 tot_to=0 maxever=12029 >2ms=1693 >5ms=1693 >15ms=0 >20ms=0 >30ms=0 | probes=1694 wrfail=0 down=4s maxout=4s
  33.963  t=31s RTT mean=11915 min=11912 max=11924 n=67 to=0 | cancels=0(+0/s) seqbad=0 len_bad=0 disc=0(0x00) | tot_n=1760 tot_to=0 maxever=12029 >2ms=1760 >5ms=1760 >15ms=0 >20ms=0 >30ms=0 | probes=1760 wrfail=0 down=4s maxout=4s
  33.963  t=32s RTT mean=11914 min=11912 max=11923 n=66 to=0 | cancels=0(+0/s) seqbad=0 len_bad=0 disc=0(0x00) | tot_n=1826 tot_to=0 maxever=12029 >2ms=1826 >5ms=1826 >15ms=0 >20ms=0 >30ms=0 | probes=1827 wrfail=0 down=4s maxout=4s
  35.930  t=33s RTT mean=11915 min=11912 max=11933 n=67 to=0 | cancels=0(+0/s) seqbad=0 len_bad=0 disc=0(0x00) | tot_n=1893 tot_to=0 maxever=12029 >2ms=1893 >5ms=1893 >15ms=0 >20ms=0 >30ms=0 | probes=1894 wrfail=0 down=4s maxout=4s
  35.990  t=34s RTT mean=11915 min=11912 max=11922 n=67 to=0 | cancels=0(+0/s) seqbad=0 len_bad=0 disc=0(0x00) | tot_n=1960 tot_to=0 maxever=12029 >2ms=1960 >5ms=1960 >15ms=0 >20ms=0 >30ms=0 | probes=1961 wrfail=0 down=4s maxout=4s
  37.940  t=35s RTT mean=11915 min=11903 max=11933 n=66 to=0 | cancels=0(+0/s) seqbad=0 len_bad=0 disc=0(0x00) | tot_n=2026 tot_to=0 maxever=12029 >2ms=2026 >5ms=2026 >15ms=0 >20ms=0 >30ms=0 | probes=2027 wrfail=0 down=4s maxout=4s
  37.996  t=36s RTT mean=11915 min=11912 max=11923 n=67 to=0 | cancels=0(+0/s) seqbad=0 len_bad=0 disc=0(0x00) | tot_n=2093 tot_to=0 maxever=12029 >2ms=2093 >5ms=2093 >15ms=0 >20ms=0 >30ms=0 | probes=2094 wrfail=0 down=4s maxout=4s
  39.953  t=37s RTT mean=11915 min=11912 max=11924 n=67 to=0 | cancels=0(+0/s) seqbad=0 len_bad=0 disc=0(0x00) | tot_n=2160 tot_to=0 maxever=12029 >2ms=2160 >5ms=2160 >15ms=0 >20ms=0 >30ms=0 | probes=2161 wrfail=0 down=4s maxout=4s
  39.953  t=38s RTT mean=11915 min=11912 max=11923 n=66 to=0 | cancels=0(+0/s) seqbad=0 len_bad=0 disc=0(0x00) | tot_n=2226 tot_to=0 maxever=12029 >2ms=2226 >5ms=2226 >15ms=0 >20ms=0 >30ms=0 | probes=2227 wrfail=0 down=4s maxout=4s
  41.990  t=39s RTT mean=11915 min=11911 max=11934 n=67 to=0 | cancels=0(+0/s) seqbad=0 len_bad=0 disc=0(0x00) | tot_n=2293 tot_to=0 maxever=12029 >2ms=2293 >5ms=2293 >15ms=0 >20ms=0 >30ms=0 | probes=2294 wrfail=0 down=4s maxout=4s
  41.990  t=40s RTT mean=11915 min=11912 max=11948 n=67 to=0 | cancels=0(+0/s) seqbad=0 len_bad=0 disc=0(0x00) | tot_n=2360 tot_to=0 maxever=12029 >2ms=2360 >5ms=2360 >15ms=0 >20ms=0 >30ms=0 | probes=2361 wrfail=0 down=4s maxout=4s
  43.965  t=41s RTT mean=11916 min=11911 max=11949 n=66 to=0 | cancels=0(+0/s) seqbad=0 len_bad=0 disc=0(0x00) | tot_n=2426 tot_to=0 maxever=12029 >2ms=2426 >5ms=2426 >15ms=0 >20ms=0 >30ms=0 | probes=2427 wrfail=0 down=4s maxout=4s
  43.965  t=42s RTT mean=11915 min=11912 max=11948 n=67 to=0 | cancels=0(+0/s) seqbad=0 len_bad=0 disc=0(0x00) | tot_n=2493 tot_to=0 maxever=12029 >2ms=2493 >5ms=2493 >15ms=0 >20ms=0 >30ms=0 | probes=2494 wrfail=0 down=4s maxout=4s
  45.980  t=43s RTT mean=11916 min=11912 max=11948 n=67 to=0 | cancels=0(+0/s) seqbad=0 len_bad=0 disc=0(0x00) | tot_n=2560 tot_to=0 maxever=12029 >2ms=2560 >5ms=2560 >15ms=0 >20ms=0 >30ms=0 | probes=2561 wrfail=0 down=4s maxout=4s
  45.980  t=44s RTT mean=11916 min=11912 max=11949 n=66 to=0 | cancels=0(+0/s) seqbad=0 len_bad=0 disc=0(0x00) | tot_n=2626 tot_to=0 maxever=12029 >2ms=2626 >5ms=2626 >15ms=0 >20ms=0 >30ms=0 | probes=2627 wrfail=0 down=4s maxout=4s
  47.980  t=45s RTT mean=11915 min=11912 max=11949 n=67 to=0 | cancels=0(+0/s) seqbad=0 len_bad=0 disc=0(0x00) | tot_n=2693 tot_to=0 maxever=12029 >2ms=2693 >5ms=2693 >15ms=0 >20ms=0 >30ms=0 | probes=2694 wrfail=0 down=4s maxout=4s
  47.980  t=46s RTT mean=11916 min=11912 max=11948 n=67 to=0 | cancels=0(+0/s) seqbad=0 len_bad=0 disc=0(0x00) | tot_n=2760 tot_to=0 maxever=12029 >2ms=2760 >5ms=2760 >15ms=0 >20ms=0 >30ms=0 | probes=2761 wrfail=0 down=4s maxout=4s
  49.946  t=47s RTT mean=11916 min=11910 max=11948 n=67 to=0 | cancels=0(+0/s) seqbad=0 len_bad=0 disc=0(0x00) | tot_n=2827 tot_to=0 maxever=12029 >2ms=2827 >5ms=2827 >15ms=0 >20ms=0 >30ms=0 | probes=2827 wrfail=0 down=4s maxout=4s
  50.003  t=48s RTT mean=11915 min=11912 max=11962 n=66 to=0 | cancels=0(+0/s) seqbad=0 len_bad=0 disc=0(0x00) | tot_n=2893 tot_to=0 maxever=12029 >2ms=2893 >5ms=2893 >15ms=0 >20ms=0 >30ms=0 | probes=2894 wrfail=0 down=4s maxout=4s
  51.946  t=49s RTT mean=11915 min=11911 max=11933 n=67 to=0 | cancels=0(+0/s) seqbad=0 len_bad=0 disc=0(0x00) | tot_n=2960 tot_to=0 maxever=12029 >2ms=2960 >5ms=2960 >15ms=0 >20ms=0 >30ms=0 | probes=2961 wrfail=0 down=4s maxout=4s
  52.007  t=50s RTT mean=12028 min=11911 max=19422 n=66 to=0 | cancels=0(+0/s) seqbad=0 len_bad=0 disc=0(0x00) | tot_n=3026 tot_to=0 maxever=19422 >2ms=3026 >5ms=3026 >15ms=1 >20ms=0 >30ms=0 | probes=3027 wrfail=0 down=4s maxout=4s
  53.933  t=51s RTT mean=11915 min=11912 max=11924 n=67 to=0 | cancels=0(+0/s) seqbad=0 len_bad=0 disc=0(0x00) | tot_n=3093 tot_to=0 maxever=19422 >2ms=3093 >5ms=3093 >15ms=1 >20ms=0 >30ms=0 | probes=3094 wrfail=0 down=4s maxout=4s
  53.984  t=52s RTT mean=11915 min=11912 max=11923 n=66 to=0 | cancels=0(+0/s) seqbad=0 len_bad=0 disc=0(0x00) | tot_n=3159 tot_to=0 maxever=19422 >2ms=3159 >5ms=3159 >15ms=1 >20ms=0 >30ms=0 | probes=3160 wrfail=0 down=4s maxout=4s
  55.961  t=53s RTT mean=11915 min=11911 max=11932 n=67 to=0 | cancels=0(+0/s) seqbad=0 len_bad=0 disc=0(0x00) | tot_n=3226 tot_to=0 maxever=19422 >2ms=3226 >5ms=3226 >15ms=1 >20ms=0 >30ms=0 | probes=3227 wrfail=0 down=4s maxout=4s
  55.961  t=54s RTT mean=11915 min=11912 max=11931 n=67 to=0 | cancels=0(+0/s) seqbad=0 len_bad=0 disc=0(0x00) | tot_n=3293 tot_to=0 maxever=19422 >2ms=3293 >5ms=3293 >15ms=1 >20ms=0 >30ms=0 | probes=3294 wrfail=0 down=4s maxout=4s
  57.966  t=55s RTT mean=11915 min=11911 max=11932 n=66 to=0 | cancels=0(+0/s) seqbad=0 len_bad=0 disc=0(0x00) | tot_n=3359 tot_to=0 maxever=19422 >2ms=3359 >5ms=3359 >15ms=1 >20ms=0 >30ms=0 | probes=3360 wrfail=0 down=4s maxout=4s
  57.966  t=56s RTT mean=11915 min=11912 max=11923 n=67 to=0 | cancels=0(+0/s) seqbad=0 len_bad=0 disc=0(0x00) | tot_n=3426 tot_to=0 maxever=19422 >2ms=3426 >5ms=3426 >15ms=1 >20ms=0 >30ms=0 | probes=3427 wrfail=0 down=4s maxout=4s
  59.953  t=57s RTT mean=11915 min=11912 max=11932 n=67 to=0 | cancels=0(+0/s) seqbad=0 len_bad=0 disc=0(0x00) | tot_n=3493 tot_to=0 maxever=19422 >2ms=3493 >5ms=3493 >15ms=1 >20ms=0 >30ms=0 | probes=3494 wrfail=0 down=4s maxout=4s
  59.953  t=58s RTT mean=11915 min=11911 max=11924 n=66 to=0 | cancels=0(+0/s) seqbad=0 len_bad=0 disc=0(0x00) | tot_n=3559 tot_to=0 maxever=19422 >2ms=3559 >5ms=3559 >15ms=1 >20ms=0 >30ms=0 | probes=3560 wrfail=0 down=4s maxout=4s
  61.965  t=59s RTT mean=11915 min=11899 max=11934 n=67 to=0 | cancels=0(+0/s) seqbad=0 len_bad=0 disc=0(0x00) | tot_n=3626 tot_to=0 maxever=19422 >2ms=3626 >5ms=3626 >15ms=1 >20ms=0 >30ms=0 | probes=3627 wrfail=0 down=4s maxout=4s
  61.965  t=60s RTT mean=11915 min=11912 max=11923 n=67 to=0 | cancels=0(+0/s) seqbad=0 len_bad=0 disc=0(0x00) | tot_n=3693 tot_to=0 maxever=19422 >2ms=3693 >5ms=3693 >15ms=1 >20ms=0 >30ms=0 | probes=3694 wrfail=0 down=4s maxout=4s
  63.967  t=61s RTT mean=11915 min=11910 max=11932 n=66 to=0 | cancels=0(+0/s) seqbad=0 len_bad=0 disc=0(0x00) | tot_n=3759 tot_to=0 maxever=19422 >2ms=3759 >5ms=3759 >15ms=1 >20ms=0 >30ms=0 | probes=3760 wrfail=0 down=4s maxout=4s
  63.967  t=62s RTT mean=11915 min=11882 max=11955 n=67 to=0 | cancels=0(+0/s) seqbad=0 len_bad=0 disc=0(0x00) | tot_n=3826 tot_to=0 maxever=19422 >2ms=3826 >5ms=3826 >15ms=1 >20ms=0 >30ms=0 | probes=3827 wrfail=0 down=4s maxout=4s
  65.980  t=63s RTT mean=11915 min=11912 max=11933 n=67 to=0 | cancels=0(+0/s) seqbad=0 len_bad=0 disc=0(0x00) | tot_n=3893 tot_to=0 maxever=19422 >2ms=3893 >5ms=3893 >15ms=1 >20ms=0 >30ms=0 | probes=3894 wrfail=0 down=4s maxout=4s
  65.980  t=64s RTT mean=11915 min=11912 max=11923 n=67 to=0 | cancels=0(+0/s) seqbad=0 len_bad=0 disc=0(0x00) | tot_n=3960 tot_to=0 maxever=19422 >2ms=3960 >5ms=3960 >15ms=1 >20ms=0 >30ms=0 | probes=3960 wrfail=0 down=4s maxout=4s
  67.667  PCTL target=0 tot=4001 to=0 p50=11 p90=11 p99=11 p99.9=11 max=19 g30=0 g100=0 (ms/counts)
  67.667  LOADRAMP: target=25 KBps for 60s
  67.725  t=65s RTT mean=12381 min=11912 max=16666 n=64 to=0 | cancels=0(+0/s) seqbad=0 len_bad=0 disc=0(0x00) | tot_n=4024 tot_to=0 maxever=19422 >2ms=4024 >5ms=4024 >15ms=7 >20ms=0 >30ms=0 | probes=4025 wrfail=0 down=4s maxout=4s
  68.940  t=66s RTT mean=12376 min=11913 max=15768 n=65 to=0 | cancels=0(+0/s) seqbad=0 len_bad=0 disc=0(0x00) | tot_n=4089 tot_to=0 maxever=19422 >2ms=4089 >5ms=4089 >15ms=14 >20ms=0 >30ms=0 | probes=4090 wrfail=0 down=4s maxout=4s
  68.996  t=67s RTT mean=12259 min=8175 max=16667 n=65 to=0 | cancels=0(+0/s) seqbad=0 len_bad=0 disc=0(0x00) | tot_n=4154 tot_to=0 maxever=19422 >2ms=4154 >5ms=4154 >15ms=21 >20ms=0 >30ms=0 | probes=4155 wrfail=0 down=4s maxout=4s
  70.963  t=68s RTT mean=12260 min=5778 max=15756 n=65 to=0 | cancels=0(+0/s) seqbad=0 len_bad=0 disc=0(0x00) | tot_n=4219 tot_to=0 maxever=19422 >2ms=4219 >5ms=4219 >15ms=28 >20ms=0 >30ms=0 | probes=4220 wrfail=0 down=4s maxout=4s
  70.963  t=69s RTT mean=12375 min=11912 max=15757 n=65 to=0 | cancels=0(+0/s) seqbad=0 len_bad=0 disc=0(0x00) | tot_n=4284 tot_to=0 maxever=19422 >2ms=4284 >5ms=4284 >15ms=35 >20ms=0 >30ms=0 | probes=4285 wrfail=0 down=4s maxout=4s
  72.943  t=70s RTT mean=12259 min=8175 max=16666 n=65 to=0 | cancels=0(+0/s) seqbad=0 len_bad=0 disc=0(0x00) | tot_n=4349 tot_to=0 maxever=19422 >2ms=4349 >5ms=4349 >15ms=42 >20ms=0 >30ms=0 | probes=4350 wrfail=0 down=4s maxout=4s
  73.003  t=71s RTT mean=12260 min=5779 max=15757 n=65 to=0 | cancels=0(+0/s) seqbad=0 len_bad=0 disc=0(0x00) | tot_n=4414 tot_to=0 maxever=19422 >2ms=4414 >5ms=4414 >15ms=49 >20ms=0 >30ms=0 | probes=4415 wrfail=0 down=4s maxout=4s
  74.957  t=72s RTT mean=12376 min=10885 max=19665 n=65 to=0 | cancels=0(+0/s) seqbad=0 len_bad=0 disc=0(0x00) | tot_n=4479 tot_to=0 maxever=19665 >2ms=4479 >5ms=4479 >15ms=56 >20ms=0 >30ms=0 | probes=4480 wrfail=0 down=4s maxout=4s
  74.957  t=73s RTT mean=12373 min=10875 max=16669 n=65 to=0 | cancels=0(+0/s) seqbad=0 len_bad=0 disc=0(0x00) | tot_n=4544 tot_to=0 maxever=19665 >2ms=4544 >5ms=4544 >15ms=64 >20ms=0 >30ms=0 | probes=4544 wrfail=0 down=4s maxout=4s
  76.963  t=74s RTT mean=12383 min=11912 max=15756 n=64 to=0 | cancels=0(+0/s) seqbad=0 len_bad=0 disc=0(0x00) | tot_n=4608 tot_to=0 maxever=19665 >2ms=4608 >5ms=4608 >15ms=71 >20ms=0 >30ms=0 | probes=4609 wrfail=0 down=4s maxout=4s
  76.963  t=75s RTT mean=12374 min=11912 max=16666 n=65 to=0 | cancels=0(+0/s) seqbad=0 len_bad=0 disc=0(0x00) | tot_n=4673 tot_to=0 maxever=19665 >2ms=4673 >5ms=4673 >15ms=77 >20ms=0 >30ms=0 | probes=4674 wrfail=0 down=4s maxout=4s
  78.982  t=76s RTT mean=12260 min=10553 max=15757 n=65 to=0 | cancels=0(+0/s) seqbad=0 len_bad=0 disc=0(0x00) | tot_n=4738 tot_to=0 maxever=19665 >2ms=4738 >5ms=4738 >15ms=83 >20ms=0 >30ms=0 | probes=4739 wrfail=0 down=4s maxout=4s
  78.983  t=77s RTT mean=12260 min=5778 max=15756 n=65 to=0 | cancels=0(+0/s) seqbad=0 len_bad=0 disc=0(0x00) | tot_n=4803 tot_to=0 maxever=19665 >2ms=4803 >5ms=4803 >15ms=90 >20ms=0 >30ms=0 | probes=4804 wrfail=0 down=4s maxout=4s
  80.981  t=78s RTT mean=12376 min=11912 max=15757 n=65 to=0 | cancels=0(+0/s) seqbad=0 len_bad=0 disc=0(0x00) | tot_n=4868 tot_to=0 maxever=19665 >2ms=4868 >5ms=4868 >15ms=97 >20ms=0 >30ms=0 | probes=4869 wrfail=0 down=4s maxout=4s
  80.981  t=79s RTT mean=12258 min=8175 max=16666 n=65 to=0 | cancels=0(+0/s) seqbad=0 len_bad=0 disc=0(0x00) | tot_n=4933 tot_to=0 maxever=19665 >2ms=4933 >5ms=4933 >15ms=104 >20ms=0 >30ms=0 | probes=4934 wrfail=0 down=4s maxout=4s
  82.990  t=80s RTT mean=12260 min=5778 max=15757 n=65 to=0 | cancels=0(+0/s) seqbad=0 len_bad=0 disc=0(0x00) | tot_n=4998 tot_to=0 maxever=19665 >2ms=4998 >5ms=4998 >15ms=111 >20ms=0 >30ms=0 | probes=4999 wrfail=0 down=4s maxout=4s
  82.990  t=81s RTT mean=12375 min=10884 max=19411 n=65 to=0 | cancels=0(+0/s) seqbad=0 len_bad=0 disc=0(0x00) | tot_n=5063 tot_to=0 maxever=19665 >2ms=5063 >5ms=5063 >15ms=118 >20ms=0 >30ms=0 | probes=5064 wrfail=0 down=4s maxout=4s
  84.953  t=82s RTT mean=12373 min=10876 max=16666 n=65 to=0 | cancels=0(+0/s) seqbad=0 len_bad=0 disc=0(0x00) | tot_n=5128 tot_to=0 maxever=19665 >2ms=5128 >5ms=5128 >15ms=126 >20ms=0 >30ms=0 | probes=5128 wrfail=0 down=4s maxout=4s
  85.011  t=83s RTT mean=12381 min=11843 max=15756 n=64 to=0 | cancels=0(+0/s) seqbad=0 len_bad=0 disc=0(0x00) | tot_n=5192 tot_to=0 maxever=19665 >2ms=5192 >5ms=5192 >15ms=133 >20ms=0 >30ms=0 | probes=5193 wrfail=0 down=4s maxout=4s
  86.996  t=84s RTT mean=12376 min=11912 max=15756 n=65 to=0 | cancels=0(+0/s) seqbad=0 len_bad=0 disc=0(0x00) | tot_n=5257 tot_to=0 maxever=19665 >2ms=5257 >5ms=5257 >15ms=140 >20ms=0 >30ms=0 | probes=5258 wrfail=0 down=4s maxout=4s
  86.996  t=85s RTT mean=12260 min=10552 max=15756 n=65 to=0 | cancels=0(+0/s) seqbad=0 len_bad=0 disc=0(0x00) | tot_n=5322 tot_to=0 maxever=19665 >2ms=5322 >5ms=5322 >15ms=146 >20ms=0 >30ms=0 | probes=5323 wrfail=0 down=4s maxout=4s
  88.957  t=86s RTT mean=12260 min=5778 max=15757 n=65 to=0 | cancels=0(+0/s) seqbad=0 len_bad=0 disc=0(0x00) | tot_n=5387 tot_to=0 maxever=19665 >2ms=5387 >5ms=5387 >15ms=153 >20ms=0 >30ms=0 | probes=5388 wrfail=0 down=4s maxout=4s
  89.013  t=87s RTT mean=12375 min=11912 max=15756 n=65 to=0 | cancels=0(+0/s) seqbad=0 len_bad=0 disc=0(0x00) | tot_n=5452 tot_to=0 maxever=19665 >2ms=5452 >5ms=5452 >15ms=160 >20ms=0 >30ms=0 | probes=5453 wrfail=0 down=4s maxout=4s
  90.973  t=88s RTT mean=12259 min=8175 max=16667 n=65 to=0 | cancels=0(+0/s) seqbad=0 len_bad=0 disc=0(0x00) | tot_n=5517 tot_to=0 maxever=19665 >2ms=5517 >5ms=5517 >15ms=167 >20ms=0 >30ms=0 | probes=5518 wrfail=0 down=4s maxout=4s
  90.973  t=89s RTT mean=12260 min=5777 max=15756 n=65 to=0 | cancels=0(+0/s) seqbad=0 len_bad=0 disc=0(0x00) | tot_n=5582 tot_to=0 maxever=19665 >2ms=5582 >5ms=5582 >15ms=174 >20ms=0 >30ms=0 | probes=5583 wrfail=0 down=4s maxout=4s
  92.955  t=90s RTT mean=12376 min=11912 max=15757 n=65 to=0 | cancels=0(+0/s) seqbad=0 len_bad=0 disc=0(0x00) | tot_n=5647 tot_to=0 maxever=19665 >2ms=5647 >5ms=5647 >15ms=181 >20ms=0 >30ms=0 | probes=5648 wrfail=0 down=4s maxout=4s
  93.013  t=91s RTT mean=12259 min=8176 max=16666 n=65 to=0 | cancels=0(+0/s) seqbad=0 len_bad=0 disc=0(0x00) | tot_n=5712 tot_to=0 maxever=19665 >2ms=5712 >5ms=5712 >15ms=188 >20ms=0 >30ms=0 | probes=5713 wrfail=0 down=4s maxout=4s
  94.973  t=92s RTT mean=12260 min=5778 max=15757 n=65 to=0 | cancels=0(+0/s) seqbad=0 len_bad=0 disc=0(0x00) | tot_n=5777 tot_to=0 maxever=19665 >2ms=5777 >5ms=5777 >15ms=195 >20ms=0 >30ms=0 | probes=5778 wrfail=0 down=4s maxout=4s
  94.973  t=93s RTT mean=12375 min=11912 max=15756 n=65 to=0 | cancels=0(+0/s) seqbad=0 len_bad=0 disc=0(0x00) | tot_n=5842 tot_to=0 maxever=19665 >2ms=5842 >5ms=5842 >15ms=202 >20ms=0 >30ms=0 | probes=5843 wrfail=0 down=4s maxout=4s
  96.950  t=94s RTT mean=12259 min=8175 max=16667 n=65 to=0 | cancels=0(+0/s) seqbad=0 len_bad=0 disc=0(0x00) | tot_n=5907 tot_to=0 maxever=19665 >2ms=5907 >5ms=5907 >15ms=209 >20ms=0 >30ms=0 | probes=5908 wrfail=0 down=4s maxout=4s
  97.010  t=95s RTT mean=12260 min=5779 max=15756 n=65 to=0 | cancels=0(+0/s) seqbad=0 len_bad=0 disc=0(0x00) | tot_n=5972 tot_to=0 maxever=19665 >2ms=5972 >5ms=5972 >15ms=216 >20ms=0 >30ms=0 | probes=5973 wrfail=0 down=4s maxout=4s
  98.957  t=96s RTT mean=12376 min=11868 max=15757 n=65 to=0 | cancels=0(+0/s) seqbad=0 len_bad=0 disc=0(0x00) | tot_n=6037 tot_to=0 maxever=19665 >2ms=6037 >5ms=6037 >15ms=223 >20ms=0 >30ms=0 | probes=6038 wrfail=0 down=4s maxout=4s
  99.013  t=97s RTT mean=12259 min=8175 max=16666 n=65 to=0 | cancels=0(+0/s) seqbad=0 len_bad=0 disc=0(0x00) | tot_n=6102 tot_to=0 maxever=19665 >2ms=6102 >5ms=6102 >15ms=230 >20ms=0 >30ms=0 | probes=6103 wrfail=0 down=4s maxout=4s
 100.973  t=98s RTT mean=12255 min=5779 max=15757 n=66 to=0 | cancels=0(+0/s) seqbad=0 len_bad=0 disc=0(0x00) | tot_n=6168 tot_to=0 maxever=19665 >2ms=6168 >5ms=6168 >15ms=237 >20ms=0 >30ms=0 | probes=6168 wrfail=0 down=4s maxout=4s
 100.973  t=99s RTT mean=12383 min=11912 max=15756 n=64 to=0 | cancels=0(+0/s) seqbad=0 len_bad=0 disc=0(0x00) | tot_n=6232 tot_to=0 maxever=19665 >2ms=6232 >5ms=6232 >15ms=244 >20ms=0 >30ms=0 | probes=6233 wrfail=0 down=4s maxout=4s
 102.946  t=100s RTT mean=12259 min=8175 max=16666 n=65 to=0 | cancels=0(+0/s) seqbad=0 len_bad=0 disc=0(0x00) | tot_n=6297 tot_to=0 maxever=19665 >2ms=6297 >5ms=6297 >15ms=251 >20ms=0 >30ms=0 | probes=6298 wrfail=0 down=4s maxout=4s
 103.007  t=101s RTT mean=12255 min=5778 max=15756 n=66 to=0 | cancels=0(+0/s) seqbad=0 len_bad=0 disc=0(0x00) | tot_n=6363 tot_to=0 maxever=19665 >2ms=6363 >5ms=6363 >15ms=258 >20ms=0 >30ms=0 | probes=6363 wrfail=0 down=4s maxout=4s
 104.980  t=102s RTT mean=12382 min=11912 max=16670 n=64 to=0 | cancels=0(+0/s) seqbad=0 len_bad=0 disc=0(0x00) | tot_n=6427 tot_to=0 maxever=19665 >2ms=6427 >5ms=6427 >15ms=264 >20ms=0 >30ms=0 | probes=6428 wrfail=0 down=4s maxout=4s
 104.980  t=103s RTT mean=12260 min=10553 max=15756 n=65 to=0 | cancels=0(+0/s) seqbad=0 len_bad=0 disc=0(0x00) | tot_n=6492 tot_to=0 maxever=19665 >2ms=6492 >5ms=6492 >15ms=270 >20ms=0 >30ms=0 | probes=6493 wrfail=0 down=4s maxout=4s
 106.957  t=104s RTT mean=12255 min=5779 max=15758 n=66 to=0 | cancels=0(+0/s) seqbad=0 len_bad=0 disc=0(0x00) | tot_n=6558 tot_to=0 maxever=19665 >2ms=6558 >5ms=6558 >15ms=277 >20ms=0 >30ms=0 | probes=6558 wrfail=0 down=4s maxout=4s
 107.014  t=105s RTT mean=12383 min=11912 max=15756 n=64 to=0 | cancels=0(+0/s) seqbad=0 len_bad=0 disc=0(0x00) | tot_n=6622 tot_to=0 maxever=19665 >2ms=6622 >5ms=6622 >15ms=284 >20ms=0 >30ms=0 | probes=6623 wrfail=0 down=4s maxout=4s
 108.973  t=106s RTT mean=12259 min=8176 max=16666 n=65 to=0 | cancels=0(+0/s) seqbad=0 len_bad=0 disc=0(0x00) | tot_n=6687 tot_to=0 maxever=19665 >2ms=6687 >5ms=6687 >15ms=291 >20ms=0 >30ms=0 | probes=6688 wrfail=0 down=4s maxout=4s
 108.973  t=107s RTT mean=12255 min=5778 max=16878 n=66 to=0 | cancels=0(+0/s) seqbad=0 len_bad=0 disc=0(0x00) | tot_n=6753 tot_to=0 maxever=19665 >2ms=6753 >5ms=6753 >15ms=298 >20ms=0 >30ms=0 | probes=6753 wrfail=0 down=4s maxout=4s
 110.987  t=108s RTT mean=12383 min=11912 max=15757 n=64 to=0 | cancels=0(+0/s) seqbad=0 len_bad=0 disc=0(0x00) | tot_n=6817 tot_to=0 maxever=19665 >2ms=6817 >5ms=6817 >15ms=305 >20ms=0 >30ms=0 | probes=6818 wrfail=0 down=4s maxout=4s
 110.987  t=109s RTT mean=12260 min=5778 max=15756 n=65 to=0 | cancels=0(+0/s) seqbad=0 len_bad=0 disc=0(0x00) | tot_n=6882 tot_to=0 maxever=19665 >2ms=6882 >5ms=6882 >15ms=312 >20ms=0 >30ms=0 | probes=6883 wrfail=0 down=4s maxout=4s
 112.964  t=110s RTT mean=12255 min=5779 max=15758 n=66 to=0 | cancels=0(+0/s) seqbad=0 len_bad=0 disc=0(0x00) | tot_n=6948 tot_to=0 maxever=19665 >2ms=6948 >5ms=6948 >15ms=319 >20ms=0 >30ms=0 | probes=6948 wrfail=0 down=4s maxout=4s
 112.964  t=111s RTT mean=12383 min=11912 max=15756 n=64 to=0 | cancels=0(+0/s) seqbad=0 len_bad=0 disc=0(0x00) | tot_n=7012 tot_to=0 maxever=19665 >2ms=7012 >5ms=7012 >15ms=326 >20ms=0 >30ms=0 | probes=7013 wrfail=0 down=4s maxout=4s
 114.963  t=112s RTT mean=12260 min=5778 max=15757 n=65 to=0 | cancels=0(+0/s) seqbad=0 len_bad=0 disc=0(0x00) | tot_n=7077 tot_to=0 maxever=19665 >2ms=7077 >5ms=7077 >15ms=333 >20ms=0 >30ms=0 | probes=7078 wrfail=0 down=4s maxout=4s
 114.963  t=113s RTT mean=12255 min=5778 max=15756 n=66 to=0 | cancels=0(+0/s) seqbad=0 len_bad=0 disc=0(0x00) | tot_n=7143 tot_to=0 maxever=19665 >2ms=7143 >5ms=7143 >15ms=340 >20ms=0 >30ms=0 | probes=7143 wrfail=0 down=4s maxout=4s
 116.973  t=114s RTT mean=12383 min=11912 max=15757 n=64 to=0 | cancels=0(+0/s) seqbad=0 len_bad=0 disc=0(0x00) | tot_n=7207 tot_to=0 maxever=19665 >2ms=7207 >5ms=7207 >15ms=347 >20ms=0 >30ms=0 | probes=7208 wrfail=0 down=4s maxout=4s
 116.973  t=115s RTT mean=12375 min=5778 max=23002 n=65 to=0 | cancels=0(+0/s) seqbad=0 len_bad=0 disc=0(0x00) | tot_n=7272 tot_to=0 maxever=23002 >2ms=7272 >5ms=7272 >15ms=354 >20ms=1 >30ms=0 | probes=7273 wrfail=0 down=4s maxout=4s
 118.946  t=116s RTT mean=12376 min=11912 max=15758 n=65 to=0 | cancels=0(+0/s) seqbad=0 len_bad=0 disc=0(0x00) | tot_n=7337 tot_to=0 maxever=23002 >2ms=7337 >5ms=7337 >15ms=361 >20ms=1 >30ms=0 | probes=7337 wrfail=0 down=4s maxout=4s
 119.006  t=117s RTT mean=12497 min=11841 max=22059 n=64 to=0 | cancels=0(+0/s) seqbad=0 len_bad=0 disc=0(0x00) | tot_n=7401 tot_to=0 maxever=23002 >2ms=7401 >5ms=7401 >15ms=368 >20ms=2 >30ms=0 | probes=7402 wrfail=0 down=4s maxout=4s
 120.980  t=118s RTT mean=12374 min=11912 max=16666 n=65 to=0 | cancels=0(+0/s) seqbad=0 len_bad=0 disc=0(0x00) | tot_n=7466 tot_to=0 maxever=23002 >2ms=7466 >5ms=7466 >15ms=374 >20ms=2 >30ms=0 | probes=7466 wrfail=0 down=4s maxout=4s
 120.980  t=119s RTT mean=12260 min=5778 max=15756 n=65 to=0 | cancels=0(+0/s) seqbad=0 len_bad=0 disc=0(0x00) | tot_n=7531 tot_to=0 maxever=23002 >2ms=7531 >5ms=7531 >15ms=381 >20ms=2 >30ms=0 | probes=7532 wrfail=0 down=4s maxout=4s
 122.997  t=120s RTT mean=12383 min=11912 max=15758 n=64 to=0 | cancels=0(+0/s) seqbad=0 len_bad=0 disc=0(0x00) | tot_n=7595 tot_to=0 maxever=23002 >2ms=7595 >5ms=7595 >15ms=388 >20ms=2 >30ms=0 | probes=7596 wrfail=0 down=4s maxout=4s
 122.997  t=121s RTT mean=12255 min=5778 max=15756 n=66 to=0 | cancels=0(+0/s) seqbad=0 len_bad=0 disc=0(0x00) | tot_n=7661 tot_to=0 maxever=23002 >2ms=7661 >5ms=7661 >15ms=395 >20ms=2 >30ms=0 | probes=7661 wrfail=0 down=4s maxout=4s
 124.963  t=122s RTT mean=12261 min=5779 max=15758 n=65 to=0 | cancels=0(+0/s) seqbad=0 len_bad=0 disc=0(0x00) | tot_n=7726 tot_to=0 maxever=23002 >2ms=7726 >5ms=7726 >15ms=402 >20ms=2 >30ms=0 | probes=7727 wrfail=0 down=4s maxout=4s
 125.013  t=123s RTT mean=12383 min=11912 max=15756 n=64 to=0 | cancels=0(+0/s) seqbad=0 len_bad=0 disc=0(0x00) | tot_n=7790 tot_to=0 maxever=23002 >2ms=7790 >5ms=7790 >15ms=409 >20ms=2 >30ms=0 | probes=7791 wrfail=0 down=4s maxout=4s
 126.965  t=124s RTT mean=12254 min=5778 max=16667 n=66 to=0 | cancels=0(+0/s) seqbad=0 len_bad=0 disc=0(0x00) | tot_n=7856 tot_to=0 maxever=23002 >2ms=7856 >5ms=7856 >15ms=415 >20ms=2 >30ms=0 | probes=7856 wrfail=0 down=4s maxout=4s
 126.965  PCTL target=25 tot=3896 to=0 p50=11 p90=15 p99=15 p99.9=16 max=23 g30=0 g100=0 (ms/counts)
 126.965  LOADRAMP: target=50 KBps for 60s
 127.020  t=125s RTT mean=12705 min=5778 max=15757 n=63 to=0 | cancels=0(+0/s) seqbad=0 len_bad=0 disc=0(0x00) | tot_n=7919 tot_to=0 maxever=23002 >2ms=7919 >5ms=7919 >15ms=430 >20ms=2 >30ms=0 | probes=7920 wrfail=0 down=4s maxout=4s
 128.963  t=126s RTT mean=12803 min=7037 max=20516 n=63 to=0 | cancels=0(+0/s) seqbad=0 len_bad=0 disc=0(0x00) | tot_n=7982 tot_to=0 maxever=23002 >2ms=7982 >5ms=7982 >15ms=444 >20ms=3 >30ms=0 | probes=7983 wrfail=0 down=4s maxout=4s
 129.023  t=127s RTT mean=12788 min=10892 max=15757 n=63 to=0 | cancels=0(+0/s) seqbad=0 len_bad=0 disc=0(0x00) | tot_n=8045 tot_to=0 maxever=23002 >2ms=8045 >5ms=8045 >15ms=458 >20ms=3 >30ms=0 | probes=8046 wrfail=0 down=4s maxout=4s
 130.955  t=128s RTT mean=12764 min=8241 max=16666 n=63 to=0 | cancels=0(+0/s) seqbad=0 len_bad=0 disc=0(0x00) | tot_n=8108 tot_to=0 maxever=23002 >2ms=8108 >5ms=8108 >15ms=472 >20ms=3 >30ms=0 | probes=8109 wrfail=0 down=4s maxout=4s
 131.013  t=129s RTT mean=12865 min=7047 max=20862 n=63 to=0 | cancels=0(+0/s) seqbad=0 len_bad=0 disc=0(0x00) | tot_n=8171 tot_to=0 maxever=23002 >2ms=8171 >5ms=8171 >15ms=486 >20ms=5 >30ms=0 | probes=8171 wrfail=0 down=4s maxout=4s
 132.980  t=130s RTT mean=12747 min=5779 max=15757 n=63 to=0 | cancels=0(+0/s) seqbad=0 len_bad=0 disc=0(0x00) | tot_n=8234 tot_to=0 maxever=23002 >2ms=8234 >5ms=8234 >15ms=501 >20ms=5 >30ms=0 | probes=8235 wrfail=0 down=4s maxout=4s
 132.980  t=131s RTT mean=12727 min=7046 max=15757 n=63 to=0 | cancels=0(+0/s) seqbad=0 len_bad=0 disc=0(0x00) | tot_n=8297 tot_to=0 maxever=23002 >2ms=8297 >5ms=8297 >15ms=515 >20ms=5 >30ms=0 | probes=8298 wrfail=0 down=4s maxout=4s
 134.997  t=132s RTT mean=12824 min=8242 max=20517 n=63 to=0 | cancels=0(+0/s) seqbad=0 len_bad=0 disc=0(0x00) | tot_n=8360 tot_to=0 maxever=23002 >2ms=8360 >5ms=8360 >15ms=530 >20ms=6 >30ms=0 | probes=8361 wrfail=0 down=4s maxout=4s
 134.997  t=133s RTT mean=12788 min=10892 max=15757 n=63 to=0 | cancels=0(+0/s) seqbad=0 len_bad=0 disc=0(0x00) | tot_n=8423 tot_to=0 maxever=23002 >2ms=8423 >5ms=8423 >15ms=544 >20ms=6 >30ms=0 | probes=8424 wrfail=0 down=4s maxout=4s
 136.997  t=134s RTT mean=12766 min=8240 max=17012 n=63 to=0 | cancels=0(+0/s) seqbad=0 len_bad=0 disc=0(0x00) | tot_n=8486 tot_to=0 maxever=23002 >2ms=8486 >5ms=8486 >15ms=558 >20ms=6 >30ms=0 | probes=8487 wrfail=0 down=4s maxout=4s
 136.997  t=135s RTT mean=12882 min=7047 max=23062 n=62 to=0 | cancels=0(+0/s) seqbad=0 len_bad=0 disc=0(0x00) | tot_n=8548 tot_to=0 maxever=23062 >2ms=8548 >5ms=8548 >15ms=572 >20ms=8 >30ms=0 | probes=8549 wrfail=0 down=4s maxout=4s
 138.953  t=136s RTT mean=12731 min=5779 max=16666 n=64 to=0 | cancels=0(+0/s) seqbad=0 len_bad=0 disc=0(0x00) | tot_n=8612 tot_to=0 maxever=23062 >2ms=8612 >5ms=8612 >15ms=587 >20ms=8 >30ms=0 | probes=8613 wrfail=0 down=4s maxout=4s
 139.011  t=137s RTT mean=12746 min=7047 max=15757 n=63 to=0 | cancels=0(+0/s) seqbad=0 len_bad=0 disc=0(0x00) | tot_n=8675 tot_to=0 maxever=23062 >2ms=8675 >5ms=8675 >15ms=602 >20ms=8 >30ms=0 | probes=8676 wrfail=0 down=4s maxout=4s
 140.946  t=138s RTT mean=12803 min=7039 max=20516 n=63 to=0 | cancels=0(+0/s) seqbad=0 len_bad=0 disc=0(0x00) | tot_n=8738 tot_to=0 maxever=23062 >2ms=8738 >5ms=8738 >15ms=616 >20ms=9 >30ms=0 | probes=8739 wrfail=0 down=4s maxout=4s
 141.007  t=139s RTT mean=12807 min=10892 max=15757 n=63 to=0 | cancels=0(+0/s) seqbad=0 len_bad=0 disc=0(0x00) | tot_n=8801 tot_to=0 maxever=23062 >2ms=8801 >5ms=8801 >15ms=631 >20ms=9 >30ms=0 | probes=8802 wrfail=0 down=4s maxout=4s
 142.967  t=140s RTT mean=12747 min=7037 max=15758 n=63 to=0 | cancels=0(+0/s) seqbad=0 len_bad=0 disc=0(0x00) | tot_n=8864 tot_to=0 maxever=23062 >2ms=8864 >5ms=8864 >15ms=646 >20ms=9 >30ms=0 | probes=8865 wrfail=0 down=4s maxout=4s
 142.967  t=141s RTT mean=12804 min=7048 max=20517 n=63 to=0 | cancels=0(+0/s) seqbad=0 len_bad=0 disc=0(0x00) | tot_n=8927 tot_to=0 maxever=23062 >2ms=8927 >5ms=8927 >15ms=661 >20ms=10 >30ms=0 | probes=8928 wrfail=0 down=4s maxout=4s
 144.987  t=142s RTT mean=12866 min=10883 max=20603 n=63 to=0 | cancels=0(+0/s) seqbad=0 len_bad=0 disc=0(0x00) | tot_n=8990 tot_to=0 maxever=23062 >2ms=8990 >5ms=8990 >15ms=675 >20ms=11 >30ms=0 | probes=8991 wrfail=0 down=4s maxout=4s
 144.987  t=143s RTT mean=12669 min=5778 max=15757 n=63 to=0 | cancels=0(+0/s) seqbad=0 len_bad=0 disc=0(0x00) | tot_n=9053 tot_to=0 maxever=23062 >2ms=9053 >5ms=9053 >15ms=689 >20ms=11 >30ms=0 | probes=9054 wrfail=0 down=4s maxout=4s
 146.976  t=144s RTT mean=12824 min=8337 max=20518 n=63 to=0 | cancels=0(+0/s) seqbad=0 len_bad=0 disc=0(0x00) | tot_n=9116 tot_to=0 maxever=23062 >2ms=9116 >5ms=9116 >15ms=704 >20ms=12 >30ms=0 | probes=9117 wrfail=0 down=4s maxout=4s
 146.976  t=145s RTT mean=12807 min=10892 max=15757 n=63 to=0 | cancels=0(+0/s) seqbad=0 len_bad=0 disc=0(0x00) | tot_n=9179 tot_to=0 maxever=23062 >2ms=9179 >5ms=9179 >15ms=719 >20ms=12 >30ms=0 | probes=9180 wrfail=0 down=4s maxout=4s
 148.979  t=146s RTT mean=12657 min=7039 max=15758 n=64 to=0 | cancels=0(+0/s) seqbad=0 len_bad=0 disc=0(0x00) | tot_n=9243 tot_to=0 maxever=23062 >2ms=9243 >5ms=9243 >15ms=734 >20ms=12 >30ms=0 | probes=9243 wrfail=0 down=4s maxout=4s
 148.979  t=147s RTT mean=12896 min=11910 max=20517 n=62 to=0 | cancels=0(+0/s) seqbad=0 len_bad=0 disc=0(0x00) | tot_n=9305 tot_to=0 maxever=23062 >2ms=9305 >5ms=9305 >15ms=748 >20ms=13 >30ms=0 | probes=9306 wrfail=0 down=4s maxout=4s
 150.997  t=148s RTT mean=12808 min=10884 max=15757 n=63 to=0 | cancels=0(+0/s) seqbad=0 len_bad=0 disc=0(0x00) | tot_n=9368 tot_to=0 maxever=23062 >2ms=9368 >5ms=9368 >15ms=763 >20ms=13 >30ms=0 | probes=9369 wrfail=0 down=4s maxout=4s
 150.997  t=149s RTT mean=12657 min=5778 max=19415 n=64 to=0 | cancels=0(+0/s) seqbad=0 len_bad=0 disc=0(0x00) | tot_n=9432 tot_to=0 maxever=23062 >2ms=9432 >5ms=9432 >15ms=779 >20ms=13 >30ms=0 | probes=9432 wrfail=0 down=4s maxout=4s
 152.963  t=150s RTT mean=12960 min=11912 max=19414 n=62 to=0 | cancels=0(+0/s) seqbad=0 len_bad=0 disc=0(0x00) | tot_n=9494 tot_to=0 maxever=23062 >2ms=9494 >5ms=9494 >15ms=795 >20ms=13 >30ms=0 | probes=9495 wrfail=0 down=4s maxout=4s
 153.024  t=151s RTT mean=12746 min=7046 max=15757 n=63 to=0 | cancels=0(+0/s) seqbad=0 len_bad=0 disc=0(0x00) | tot_n=9557 tot_to=0 maxever=23062 >2ms=9557 >5ms=9557 >15ms=810 >20ms=13 >30ms=0 | probes=9558 wrfail=0 down=4s maxout=4s
 154.951  t=152s RTT mean=12657 min=7039 max=15756 n=64 to=0 | cancels=0(+0/s) seqbad=0 len_bad=0 disc=0(0x00) | tot_n=9621 tot_to=0 maxever=23062 >2ms=9621 >5ms=9621 >15ms=825 >20ms=13 >30ms=0 | probes=9621 wrfail=0 down=4s maxout=4s
 155.011  t=153s RTT mean=12897 min=11910 max=20517 n=62 to=0 | cancels=0(+0/s) seqbad=0 len_bad=0 disc=0(0x00) | tot_n=9683 tot_to=0 maxever=23062 >2ms=9683 >5ms=9683 >15ms=840 >20ms=14 >30ms=0 | probes=9684 wrfail=0 down=4s maxout=4s
 157.007  t=154s RTT mean=12808 min=5779 max=19415 n=63 to=0 | cancels=0(+0/s) seqbad=0 len_bad=0 disc=0(0x00) | tot_n=9746 tot_to=0 maxever=23062 >2ms=9746 >5ms=9746 >15ms=856 >20ms=14 >30ms=0 | probes=9747 wrfail=0 down=4s maxout=4s
 157.007  t=155s RTT mean=12657 min=7041 max=15757 n=64 to=0 | cancels=0(+0/s) seqbad=0 len_bad=0 disc=0(0x00) | tot_n=9810 tot_to=0 maxever=23062 >2ms=9810 >5ms=9810 >15ms=871 >20ms=14 >30ms=0 | probes=9810 wrfail=0 down=4s maxout=4s
 158.969  t=156s RTT mean=12897 min=11911 max=20518 n=62 to=0 | cancels=0(+0/s) seqbad=0 len_bad=0 disc=0(0x00) | tot_n=9872 tot_to=0 maxever=23062 >2ms=9872 >5ms=9872 >15ms=886 >20ms=15 >30ms=0 | probes=9873 wrfail=0 down=4s maxout=4s
 159.029  t=157s RTT mean=12807 min=10892 max=15757 n=63 to=0 | cancels=0(+0/s) seqbad=0 len_bad=0 disc=0(0x00) | tot_n=9935 tot_to=0 maxever=23062 >2ms=9935 >5ms=9935 >15ms=901 >20ms=15 >30ms=0 | probes=9936 wrfail=0 down=4s maxout=4s
 160.978  t=158s RTT mean=12657 min=7041 max=15757 n=64 to=0 | cancels=0(+0/s) seqbad=0 len_bad=0 disc=0(0x00) | tot_n=9999 tot_to=0 maxever=23062 >2ms=9999 >5ms=9999 >15ms=916 >20ms=15 >30ms=0 | probes=9999 wrfail=0 down=4s maxout=4s
 160.978  t=159s RTT mean=12897 min=11910 max=20517 n=62 to=0 | cancels=0(+0/s) seqbad=0 len_bad=0 disc=0(0x00) | tot_n=10061 tot_to=0 maxever=23062 >2ms=10061 >5ms=10061 >15ms=931 >20ms=16 >30ms=0 | probes=10062 wrfail=0 down=4s maxout=4s
 163.007  t=160s RTT mean=12717 min=7041 max=15757 n=64 to=0 | cancels=0(+0/s) seqbad=0 len_bad=0 disc=0(0x00) | tot_n=10125 tot_to=0 maxever=23062 >2ms=10125 >5ms=10125 >15ms=946 >20ms=16 >30ms=0 | probes=10125 wrfail=0 down=4s maxout=4s
 163.007  t=161s RTT mean=12897 min=11910 max=19413 n=62 to=0 | cancels=0(+0/s) seqbad=0 len_bad=0 disc=0(0x00) | tot_n=10187 tot_to=0 maxever=23062 >2ms=10187 >5ms=10187 >15ms=961 >20ms=16 >30ms=0 | probes=10188 wrfail=0 down=4s maxout=4s
 164.995  t=162s RTT mean=12806 min=10885 max=16667 n=63 to=0 | cancels=0(+0/s) seqbad=0 len_bad=0 disc=0(0x00) | tot_n=10250 tot_to=0 maxever=23062 >2ms=10250 >5ms=10250 >15ms=975 >20ms=16 >30ms=0 | probes=10251 wrfail=0 down=4s maxout=4s
 164.995  t=163s RTT mean=12656 min=7041 max=16666 n=64 to=0 | cancels=0(+0/s) seqbad=0 len_bad=0 disc=0(0x00) | tot_n=10314 tot_to=0 maxever=23062 >2ms=10314 >5ms=10314 >15ms=989 >20ms=16 >30ms=0 | probes=10314 wrfail=0 down=4s maxout=4s
 166.970  t=164s RTT mean=12745 min=7041 max=16670 n=63 to=0 | cancels=0(+0/s) seqbad=0 len_bad=0 disc=0(0x00) | tot_n=10377 tot_to=0 maxever=23062 >2ms=10377 >5ms=10377 >15ms=1003 >20ms=16 >30ms=0 | probes=10378 wrfail=0 down=4s maxout=4s
 167.030  t=165s RTT mean=12897 min=11912 max=20517 n=62 to=0 | cancels=0(+0/s) seqbad=0 len_bad=0 disc=0(0x00) | tot_n=10439 tot_to=0 maxever=23062 >2ms=10439 >5ms=10439 >15ms=1018 >20ms=17 >30ms=0 | probes=10440 wrfail=0 down=4s maxout=4s
 168.987  t=166s RTT mean=12718 min=7041 max=15757 n=64 to=0 | cancels=0(+0/s) seqbad=0 len_bad=0 disc=0(0x00) | tot_n=10503 tot_to=0 maxever=23062 >2ms=10503 >5ms=10503 >15ms=1033 >20ms=17 >30ms=0 | probes=10503 wrfail=0 down=4s maxout=4s
 168.987  t=167s RTT mean=12746 min=7042 max=15815 n=63 to=0 | cancels=0(+0/s) seqbad=0 len_bad=0 disc=0(0x00) | tot_n=10566 tot_to=0 maxever=23062 >2ms=10566 >5ms=10566 >15ms=1048 >20ms=17 >30ms=0 | probes=10567 wrfail=0 down=4s maxout=4s
 170.955  t=168s RTT mean=12898 min=11912 max=20518 n=62 to=0 | cancels=0(+0/s) seqbad=0 len_bad=0 disc=0(0x00) | tot_n=10628 tot_to=0 maxever=23062 >2ms=10628 >5ms=10628 >15ms=1063 >20ms=18 >30ms=0 | probes=10629 wrfail=0 down=4s maxout=4s
 171.013  t=169s RTT mean=12716 min=7041 max=16666 n=64 to=0 | cancels=0(+0/s) seqbad=0 len_bad=0 disc=0(0x00) | tot_n=10692 tot_to=0 maxever=23062 >2ms=10692 >5ms=10692 >15ms=1077 >20ms=18 >30ms=0 | probes=10692 wrfail=0 down=4s maxout=4s
 173.008  t=170s RTT mean=12746 min=7041 max=15757 n=63 to=0 | cancels=0(+0/s) seqbad=0 len_bad=0 disc=0(0x00) | tot_n=10755 tot_to=0 maxever=23062 >2ms=10755 >5ms=10755 >15ms=1092 >20ms=18 >30ms=0 | probes=10756 wrfail=0 down=4s maxout=4s
 173.008  t=171s RTT mean=12897 min=11912 max=20517 n=62 to=0 | cancels=0(+0/s) seqbad=0 len_bad=0 disc=0(0x00) | tot_n=10817 tot_to=0 maxever=23062 >2ms=10817 >5ms=10817 >15ms=1107 >20ms=19 >30ms=0 | probes=10818 wrfail=0 down=4s maxout=4s
 174.983  t=172s RTT mean=12718 min=7041 max=15757 n=64 to=0 | cancels=0(+0/s) seqbad=0 len_bad=0 disc=0(0x00) | tot_n=10881 tot_to=0 maxever=23062 >2ms=10881 >5ms=10881 >15ms=1122 >20ms=19 >30ms=0 | probes=10881 wrfail=0 down=4s maxout=4s
 174.984  t=173s RTT mean=12746 min=7041 max=15757 n=63 to=0 | cancels=0(+0/s) seqbad=0 len_bad=0 disc=0(0x00) | tot_n=10944 tot_to=0 maxever=23062 >2ms=10944 >5ms=10944 >15ms=1137 >20ms=19 >30ms=0 | probes=10945 wrfail=0 down=4s maxout=4s
 176.990  t=174s RTT mean=12898 min=11912 max=20518 n=62 to=0 | cancels=0(+0/s) seqbad=0 len_bad=0 disc=0(0x00) | tot_n=11006 tot_to=0 maxever=23062 >2ms=11006 >5ms=11006 >15ms=1152 >20ms=20 >30ms=0 | probes=11007 wrfail=0 down=4s maxout=4s
 176.990  t=175s RTT mean=12716 min=7042 max=16666 n=64 to=0 | cancels=0(+0/s) seqbad=0 len_bad=0 disc=0(0x00) | tot_n=11070 tot_to=0 maxever=23062 >2ms=11070 >5ms=11070 >15ms=1166 >20ms=20 >30ms=0 | probes=11070 wrfail=0 down=4s maxout=4s
 178.980  t=176s RTT mean=12745 min=7041 max=16666 n=63 to=0 | cancels=0(+0/s) seqbad=0 len_bad=0 disc=0(0x00) | tot_n=11133 tot_to=0 maxever=23062 >2ms=11133 >5ms=11133 >15ms=1180 >20ms=20 >30ms=0 | probes=11134 wrfail=0 down=4s maxout=4s
 178.980  t=177s RTT mean=12865 min=10887 max=20517 n=63 to=0 | cancels=0(+0/s) seqbad=0 len_bad=0 disc=0(0x00) | tot_n=11196 tot_to=0 maxever=23062 >2ms=11196 >5ms=11196 >15ms=1195 >20ms=21 >30ms=0 | probes=11196 wrfail=0 down=4s maxout=4s
 181.007  t=178s RTT mean=12745 min=7041 max=16670 n=63 to=0 | cancels=0(+0/s) seqbad=0 len_bad=0 disc=0(0x00) | tot_n=11259 tot_to=0 maxever=23062 >2ms=11259 >5ms=11259 >15ms=1209 >20ms=21 >30ms=0 | probes=11259 wrfail=0 down=4s maxout=4s
 181.007  t=179s RTT mean=12746 min=7042 max=15758 n=63 to=0 | cancels=0(+0/s) seqbad=0 len_bad=0 disc=0(0x00) | tot_n=11322 tot_to=0 maxever=23062 >2ms=11322 >5ms=11322 >15ms=1224 >20ms=21 >30ms=0 | probes=11323 wrfail=0 down=4s maxout=4s
 182.963  t=180s RTT mean=12866 min=10887 max=20517 n=63 to=0 | cancels=0(+0/s) seqbad=0 len_bad=0 disc=0(0x00) | tot_n=11385 tot_to=0 maxever=23062 >2ms=11385 >5ms=11385 >15ms=1239 >20ms=22 >30ms=0 | probes=11385 wrfail=0 down=4s maxout=4s
 183.023  t=181s RTT mean=12746 min=7042 max=15758 n=63 to=0 | cancels=0(+0/s) seqbad=0 len_bad=0 disc=0(0x00) | tot_n=11448 tot_to=0 maxever=23062 >2ms=11448 >5ms=11448 >15ms=1254 >20ms=22 >30ms=0 | probes=11449 wrfail=0 down=4s maxout=4s
 184.967  t=182s RTT mean=12747 min=7041 max=15757 n=63 to=0 | cancels=0(+0/s) seqbad=0 len_bad=0 disc=0(0x00) | tot_n=11511 tot_to=0 maxever=23062 >2ms=11511 >5ms=11511 >15ms=1269 >20ms=22 >30ms=0 | probes=11512 wrfail=0 down=4s maxout=4s
 185.024  t=183s RTT mean=12865 min=10886 max=20517 n=63 to=0 | cancels=0(+0/s) seqbad=0 len_bad=0 disc=0(0x00) | tot_n=11574 tot_to=0 maxever=23062 >2ms=11574 >5ms=11574 >15ms=1284 >20ms=23 >30ms=0 | probes=11574 wrfail=0 down=4s maxout=4s
 186.980  t=184s RTT mean=12958 min=11912 max=22059 n=62 to=0 | cancels=0(+0/s) seqbad=0 len_bad=0 disc=0(0x00) | tot_n=11636 tot_to=0 maxever=23062 >2ms=11636 >5ms=11636 >15ms=1299 >20ms=24 >30ms=0 | probes=11637 wrfail=0 down=4s maxout=4s
 186.980  PCTL target=50 tot=3780 to=0 p50=11 p90=15 p99=16 p99.9=20 max=23 g30=0 g100=0 (ms/counts)
 186.980  LOADRAMP: target=75 KBps for 60s
 187.037  t=185s RTT mean=12628 min=5778 max=15757 n=63 to=0 | cancels=0(+0/s) seqbad=0 len_bad=0 disc=0(0x00) | tot_n=11699 tot_to=0 maxever=23062 >2ms=11699 >5ms=11699 >15ms=1314 >20ms=24 >30ms=0 | probes=11700 wrfail=0 down=4s maxout=4s
 188.973  t=186s RTT mean=13387 min=10885 max=18209 n=61 to=0 | cancels=0(+0/s) seqbad=0 len_bad=0 disc=0(0x00) | tot_n=11760 tot_to=0 maxever=23062 >2ms=11760 >5ms=11760 >15ms=1337 >20ms=24 >30ms=0 | probes=11761 wrfail=0 down=4s maxout=4s
 189.030  t=187s RTT mean=13265 min=5778 max=15757 n=61 to=0 | cancels=0(+0/s) seqbad=0 len_bad=0 disc=0(0x00) | tot_n=11821 tot_to=0 maxever=23062 >2ms=11821 >5ms=11821 >15ms=1360 >20ms=24 >30ms=0 | probes=11822 wrfail=0 down=4s maxout=4s
 190.990  t=188s RTT mean=13265 min=5779 max=15776 n=61 to=0 | cancels=0(+0/s) seqbad=0 len_bad=0 disc=0(0x00) | tot_n=11882 tot_to=0 maxever=23062 >2ms=11882 >5ms=11882 >15ms=1383 >20ms=24 >30ms=0 | probes=11883 wrfail=0 down=4s maxout=4s
 190.990  t=189s RTT mean=13387 min=11912 max=15757 n=61 to=0 | cancels=0(+0/s) seqbad=0 len_bad=0 disc=0(0x00) | tot_n=11943 tot_to=0 maxever=23062 >2ms=11943 >5ms=11943 >15ms=1406 >20ms=24 >30ms=0 | probes=11944 wrfail=0 down=4s maxout=4s
 193.003  t=190s RTT mean=13387 min=5778 max=23063 n=61 to=0 | cancels=0(+0/s) seqbad=0 len_bad=0 disc=0(0x00) | tot_n=12004 tot_to=0 maxever=23063 >2ms=12004 >5ms=12004 >15ms=1428 >20ms=25 >30ms=0 | probes=12005 wrfail=0 down=4s maxout=4s
 193.004  t=191s RTT mean=13412 min=11912 max=15757 n=60 to=0 | cancels=0(+0/s) seqbad=0 len_bad=0 disc=0(0x00) | tot_n=12064 tot_to=0 maxever=23063 >2ms=12064 >5ms=12064 >15ms=1451 >20ms=25 >30ms=0 | probes=12065 wrfail=0 down=4s maxout=4s
 195.010  t=192s RTT mean=13386 min=11912 max=16671 n=61 to=0 | cancels=0(+0/s) seqbad=0 len_bad=0 disc=0(0x00) | tot_n=12125 tot_to=0 maxever=23063 >2ms=12125 >5ms=12125 >15ms=1473 >20ms=25 >30ms=0 | probes=12126 wrfail=0 down=4s maxout=4s
 195.010  t=193s RTT mean=13324 min=5761 max=19406 n=61 to=0 | cancels=0(+0/s) seqbad=0 len_bad=0 disc=0(0x00) | tot_n=12186 tot_to=0 maxever=23063 >2ms=12186 >5ms=12186 >15ms=1496 >20ms=25 >30ms=0 | probes=12187 wrfail=0 down=4s maxout=4s
 196.961  t=194s RTT mean=13205 min=5779 max=15767 n=61 to=0 | cancels=0(+0/s) seqbad=0 len_bad=0 disc=0(0x00) | tot_n=12247 tot_to=0 maxever=23063 >2ms=12247 >5ms=12247 >15ms=1519 >20ms=25 >30ms=0 | probes=12248 wrfail=0 down=4s maxout=4s
 197.020  t=195s RTT mean=13388 min=8239 max=20517 n=61 to=0 | cancels=0(+0/s) seqbad=0 len_bad=0 disc=0(0x00) | tot_n=12308 tot_to=0 maxever=23063 >2ms=12308 >5ms=12308 >15ms=1541 >20ms=26 >30ms=0 | probes=12309 wrfail=0 down=4s maxout=4s
 198.970  t=196s RTT mean=13265 min=7038 max=15776 n=61 to=0 | cancels=0(+0/s) seqbad=0 len_bad=0 disc=0(0x00) | tot_n=12369 tot_to=0 maxever=23063 >2ms=12369 >5ms=12369 >15ms=1564 >20ms=26 >30ms=0 | probes=12370 wrfail=0 down=4s maxout=4s
 199.030  t=197s RTT mean=13263 min=5778 max=16670 n=61 to=0 | cancels=0(+0/s) seqbad=0 len_bad=0 disc=0(0x00) | tot_n=12430 tot_to=0 maxever=23063 >2ms=12430 >5ms=12430 >15ms=1586 >20ms=26 >30ms=0 | probes=12431 wrfail=0 down=4s maxout=4s
 201.001  t=198s RTT mean=13388 min=11912 max=15775 n=61 to=0 | cancels=0(+0/s) seqbad=0 len_bad=0 disc=0(0x00) | tot_n=12491 tot_to=0 maxever=23063 >2ms=12491 >5ms=12491 >15ms=1609 >20ms=26 >30ms=0 | probes=12492 wrfail=0 down=4s maxout=4s
 201.001  t=199s RTT mean=13263 min=5778 max=16667 n=61 to=0 | cancels=0(+0/s) seqbad=0 len_bad=0 disc=0(0x00) | tot_n=12552 tot_to=0 maxever=23063 >2ms=12552 >5ms=12552 >15ms=1631 >20ms=26 >30ms=0 | probes=12553 wrfail=0 down=4s maxout=4s
 203.007  t=200s RTT mean=13302 min=5778 max=15775 n=62 to=0 | cancels=0(+0/s) seqbad=0 len_bad=0 disc=0(0x00) | tot_n=12614 tot_to=0 maxever=23063 >2ms=12614 >5ms=12614 >15ms=1655 >20ms=26 >30ms=0 | probes=12614 wrfail=0 down=4s maxout=4s
 203.007  t=201s RTT mean=13350 min=11912 max=16669 n=60 to=0 | cancels=0(+0/s) seqbad=0 len_bad=0 disc=0(0x00) | tot_n=12674 tot_to=0 maxever=23063 >2ms=12674 >5ms=12674 >15ms=1676 >20ms=26 >30ms=0 | probes=12675 wrfail=0 down=4s maxout=4s
 205.007  t=202s RTT mean=13265 min=5778 max=15776 n=61 to=0 | cancels=0(+0/s) seqbad=0 len_bad=0 disc=0(0x00) | tot_n=12735 tot_to=0 maxever=23063 >2ms=12735 >5ms=12735 >15ms=1699 >20ms=26 >30ms=0 | probes=12736 wrfail=0 down=4s maxout=4s
 205.007  t=203s RTT mean=13300 min=5778 max=16667 n=62 to=0 | cancels=0(+0/s) seqbad=0 len_bad=0 disc=0(0x00) | tot_n=12797 tot_to=0 maxever=23063 >2ms=12797 >5ms=12797 >15ms=1722 >20ms=26 >30ms=0 | probes=12797 wrfail=0 down=4s maxout=4s
 206.963  t=204s RTT mean=13352 min=11912 max=15776 n=60 to=0 | cancels=0(+0/s) seqbad=0 len_bad=0 disc=0(0x00) | tot_n=12857 tot_to=0 maxever=23063 >2ms=12857 >5ms=12857 >15ms=1744 >20ms=26 >30ms=0 | probes=12858 wrfail=0 down=4s maxout=4s
 207.024  t=205s RTT mean=13265 min=5778 max=19408 n=61 to=0 | cancels=0(+0/s) seqbad=0 len_bad=0 disc=0(0x00) | tot_n=12918 tot_to=0 maxever=23063 >2ms=12918 >5ms=12918 >15ms=1767 >20ms=26 >30ms=0 | probes=12919 wrfail=0 down=4s maxout=4s
 208.997  t=206s RTT mean=13302 min=5778 max=15776 n=62 to=0 | cancels=0(+0/s) seqbad=0 len_bad=0 disc=0(0x00) | tot_n=12980 tot_to=0 maxever=23063 >2ms=12980 >5ms=12980 >15ms=1791 >20ms=26 >30ms=0 | probes=12980 wrfail=0 down=4s maxout=4s
 208.997  t=207s RTT mean=13352 min=11912 max=15797 n=60 to=0 | cancels=0(+0/s) seqbad=0 len_bad=0 disc=0(0x00) | tot_n=13040 tot_to=0 maxever=23063 >2ms=13040 >5ms=13040 >15ms=1813 >20ms=26 >30ms=0 | probes=13041 wrfail=0 down=4s maxout=4s
 210.997  t=208s RTT mean=13245 min=5778 max=15775 n=61 to=0 | cancels=0(+0/s) seqbad=0 len_bad=0 disc=0(0x00) | tot_n=13101 tot_to=0 maxever=23063 >2ms=13101 >5ms=13101 >15ms=1835 >20ms=26 >30ms=0 | probes=13102 wrfail=0 down=4s maxout=4s
 210.997  t=209s RTT mean=13319 min=5779 max=17010 n=62 to=0 | cancels=0(+0/s) seqbad=0 len_bad=0 disc=0(0x00) | tot_n=13163 tot_to=0 maxever=23063 >2ms=13163 >5ms=13163 >15ms=1859 >20ms=26 >30ms=0 | probes=13163 wrfail=0 down=4s maxout=4s
 212.966  t=210s RTT mean=13352 min=11912 max=15776 n=60 to=0 | cancels=0(+0/s) seqbad=0 len_bad=0 disc=0(0x00) | tot_n=13223 tot_to=0 maxever=23063 >2ms=13223 >5ms=13223 >15ms=1881 >20ms=26 >30ms=0 | probes=13224 wrfail=0 down=4s maxout=4s
 213.021  t=211s RTT mean=13264 min=5778 max=15756 n=61 to=0 | cancels=0(+0/s) seqbad=0 len_bad=0 disc=0(0x00) | tot_n=13284 tot_to=0 maxever=23063 >2ms=13284 >5ms=13284 >15ms=1904 >20ms=26 >30ms=0 | probes=13285 wrfail=0 down=4s maxout=4s
 214.989  t=212s RTT mean=13597 min=11913 max=19411 n=60 to=0 | cancels=0(+0/s) seqbad=0 len_bad=0 disc=0(0x00) | tot_n=13344 tot_to=0 maxever=23063 >2ms=13344 >5ms=13344 >15ms=1928 >20ms=26 >30ms=0 | probes=13345 wrfail=0 down=4s maxout=4s
 214.989  t=213s RTT mean=13328 min=10884 max=15766 n=61 to=0 | cancels=0(+0/s) seqbad=0 len_bad=0 disc=0(0x00) | tot_n=13405 tot_to=0 maxever=23063 >2ms=13405 >5ms=13405 >15ms=1951 >20ms=26 >30ms=0 | probes=13406 wrfail=0 down=4s maxout=4s
 217.013  t=214s RTT mean=13265 min=5778 max=15775 n=61 to=0 | cancels=0(+0/s) seqbad=0 len_bad=0 disc=0(0x00) | tot_n=13466 tot_to=0 maxever=23063 >2ms=13466 >5ms=13466 >15ms=1974 >20ms=26 >30ms=0 | probes=13467 wrfail=0 down=4s maxout=4s
 217.013  t=215s RTT mean=13452 min=5779 max=23257 n=61 to=0 | cancels=0(+0/s) seqbad=0 len_bad=0 disc=0(0x00) | tot_n=13527 tot_to=0 maxever=23257 >2ms=13527 >5ms=13527 >15ms=1997 >20ms=27 >30ms=0 | probes=13528 wrfail=0 down=4s maxout=4s
 218.967  t=216s RTT mean=13427 min=10885 max=20517 n=61 to=0 | cancels=0(+0/s) seqbad=0 len_bad=0 disc=0(0x00) | tot_n=13588 tot_to=0 maxever=23257 >2ms=13588 >5ms=13588 >15ms=2020 >20ms=28 >30ms=0 | probes=13588 wrfail=0 down=4s maxout=4s
 219.018  t=217s RTT mean=13079 min=3384 max=16784 n=62 to=0 | cancels=0(+0/s) seqbad=0 len_bad=0 disc=0(0x00) | tot_n=13650 tot_to=0 maxever=23257 >2ms=13650 >5ms=13649 >15ms=2043 >20ms=28 >30ms=0 | probes=13650 wrfail=0 down=4s maxout=4s
 221.024  t=218s RTT mean=13265 min=5778 max=15776 n=61 to=0 | cancels=0(+0/s) seqbad=0 len_bad=0 disc=0(0x00) | tot_n=13711 tot_to=0 maxever=23257 >2ms=13711 >5ms=13710 >15ms=2066 >20ms=28 >30ms=0 | probes=13711 wrfail=0 down=4s maxout=4s
 221.024  t=219s RTT mean=13350 min=11912 max=15757 n=60 to=0 | cancels=0(+0/s) seqbad=0 len_bad=0 disc=0(0x00) | tot_n=13771 tot_to=0 maxever=23257 >2ms=13771 >5ms=13770 >15ms=2088 >20ms=28 >30ms=0 | probes=13772 wrfail=0 down=4s maxout=4s
 222.997  t=220s RTT mean=13302 min=5778 max=15776 n=62 to=0 | cancels=0(+0/s) seqbad=0 len_bad=0 disc=0(0x00) | tot_n=13833 tot_to=0 maxever=23257 >2ms=13833 >5ms=13832 >15ms=2112 >20ms=28 >30ms=0 | probes=13833 wrfail=0 down=4s maxout=4s
 222.997  t=221s RTT mean=13264 min=5779 max=15763 n=61 to=0 | cancels=0(+0/s) seqbad=0 len_bad=0 disc=0(0x00) | tot_n=13894 tot_to=0 maxever=23257 >2ms=13894 >5ms=13893 >15ms=2135 >20ms=28 >30ms=0 | probes=13895 wrfail=0 down=4s maxout=4s
 225.013  t=222s RTT mean=13352 min=11913 max=15775 n=60 to=0 | cancels=0(+0/s) seqbad=0 len_bad=0 disc=0(0x00) | tot_n=13954 tot_to=0 maxever=23257 >2ms=13954 >5ms=13953 >15ms=2157 >20ms=28 >30ms=0 | probes=13955 wrfail=0 down=4s maxout=4s
 225.013  t=223s RTT mean=13301 min=5779 max=15758 n=62 to=0 | cancels=0(+0/s) seqbad=0 len_bad=0 disc=0(0x00) | tot_n=14016 tot_to=0 maxever=23257 >2ms=14016 >5ms=14015 >15ms=2181 >20ms=28 >30ms=0 | probes=14016 wrfail=0 down=4s maxout=4s
 226.972  t=224s RTT mean=13265 min=5778 max=15776 n=61 to=0 | cancels=0(+0/s) seqbad=0 len_bad=0 disc=0(0x00) | tot_n=14077 tot_to=0 maxever=23257 >2ms=14077 >5ms=14076 >15ms=2204 >20ms=28 >30ms=0 | probes=14078 wrfail=0 down=4s maxout=4s
 227.030  t=225s RTT mean=13351 min=11912 max=15765 n=60 to=0 | cancels=0(+0/s) seqbad=0 len_bad=0 disc=0(0x00) | tot_n=14137 tot_to=0 maxever=23257 >2ms=14137 >5ms=14136 >15ms=2226 >20ms=28 >30ms=0 | probes=14138 wrfail=0 down=4s maxout=4s
 229.013  t=226s RTT mean=13302 min=5778 max=15776 n=62 to=0 | cancels=0(+0/s) seqbad=0 len_bad=0 disc=0(0x00) | tot_n=14199 tot_to=0 maxever=23257 >2ms=14199 >5ms=14198 >15ms=2250 >20ms=28 >30ms=0 | probes=14199 wrfail=0 down=4s maxout=4s
 229.013  t=227s RTT mean=13264 min=5779 max=15758 n=61 to=0 | cancels=0(+0/s) seqbad=0 len_bad=0 disc=0(0x00) | tot_n=14260 tot_to=0 maxever=23257 >2ms=14260 >5ms=14259 >15ms=2273 >20ms=28 >30ms=0 | probes=14261 wrfail=0 down=4s maxout=4s
 230.973  t=228s RTT mean=13602 min=11912 max=23061 n=60 to=0 | cancels=0(+0/s) seqbad=0 len_bad=0 disc=0(0x00) | tot_n=14320 tot_to=0 maxever=23257 >2ms=14320 >5ms=14319 >15ms=2296 >20ms=30 >30ms=0 | probes=14321 wrfail=0 down=4s maxout=4s
 231.030  t=229s RTT mean=13324 min=10884 max=15758 n=61 to=0 | cancels=0(+0/s) seqbad=0 len_bad=0 disc=0(0x00) | tot_n=14381 tot_to=0 maxever=23257 >2ms=14381 >5ms=14380 >15ms=2319 >20ms=30 >30ms=0 | probes=14381 wrfail=0 down=4s maxout=4s
 233.013  t=230s RTT mean=13328 min=5778 max=19406 n=61 to=0 | cancels=0(+0/s) seqbad=0 len_bad=0 disc=0(0x00) | tot_n=14442 tot_to=0 maxever=23257 >2ms=14442 >5ms=14441 >15ms=2342 >20ms=30 >30ms=0 | probes=14442 wrfail=0 down=4s maxout=4s
 233.013  t=231s RTT mean=13324 min=10885 max=15757 n=61 to=0 | cancels=0(+0/s) seqbad=0 len_bad=0 disc=0(0x00) | tot_n=14503 tot_to=0 maxever=23257 >2ms=14503 >5ms=14502 >15ms=2365 >20ms=30 >30ms=0 | probes=14503 wrfail=0 down=4s maxout=4s
 234.990  t=232s RTT mean=13265 min=5778 max=15776 n=61 to=0 | cancels=0(+0/s) seqbad=0 len_bad=0 disc=0(0x00) | tot_n=14564 tot_to=0 maxever=23257 >2ms=14564 >5ms=14563 >15ms=2388 >20ms=30 >30ms=0 | probes=14564 wrfail=0 down=4s maxout=4s
 234.990  t=233s RTT mean=13350 min=5778 max=23060 n=60 to=0 | cancels=0(+0/s) seqbad=0 len_bad=0 disc=0(0x00) | tot_n=14624 tot_to=0 maxever=23257 >2ms=14624 >5ms=14623 >15ms=2409 >20ms=31 >30ms=0 | probes=14625 wrfail=0 down=4s maxout=4s
 236.997  t=234s RTT mean=13509 min=11912 max=20517 n=61 to=0 | cancels=0(+0/s) seqbad=0 len_bad=0 disc=0(0x00) | tot_n=14685 tot_to=0 maxever=23257 >2ms=14685 >5ms=14684 >15ms=2432 >20ms=32 >30ms=0 | probes=14686 wrfail=0 down=4s maxout=4s
 236.997  t=235s RTT mean=13060 min=3385 max=15757 n=62 to=0 | cancels=0(+0/s) seqbad=0 len_bad=0 disc=0(0x00) | tot_n=14747 tot_to=0 maxever=23257 >2ms=14747 >5ms=14745 >15ms=2455 >20ms=32 >30ms=0 | probes=14748 wrfail=0 down=4s maxout=4s
 239.004  t=236s RTT mean=13328 min=5778 max=20862 n=61 to=0 | cancels=0(+0/s) seqbad=0 len_bad=0 disc=0(0x00) | tot_n=14808 tot_to=0 maxever=23257 >2ms=14808 >5ms=14806 >15ms=2477 >20ms=33 >30ms=0 | probes=14808 wrfail=0 down=4s maxout=4s
 239.004  t=237s RTT mean=13324 min=10885 max=15820 n=61 to=0 | cancels=0(+0/s) seqbad=0 len_bad=0 disc=0(0x00) | tot_n=14869 tot_to=0 maxever=23257 >2ms=14869 >5ms=14867 >15ms=2500 >20ms=33 >30ms=0 | probes=14869 wrfail=0 down=4s maxout=4s
 241.013  t=238s RTT mean=13265 min=5778 max=15776 n=61 to=0 | cancels=0(+0/s) seqbad=0 len_bad=0 disc=0(0x00) | tot_n=14930 tot_to=0 maxever=23257 >2ms=14930 >5ms=14928 >15ms=2523 >20ms=33 >30ms=0 | probes=14931 wrfail=0 down=4s maxout=4s
 241.014  t=239s RTT mean=13264 min=5779 max=15765 n=61 to=0 | cancels=0(+0/s) seqbad=0 len_bad=0 disc=0(0x00) | tot_n=14991 tot_to=0 maxever=23257 >2ms=14991 >5ms=14989 >15ms=2546 >20ms=33 >30ms=0 | probes=14992 wrfail=0 down=4s maxout=4s
 242.980  t=240s RTT mean=13388 min=10885 max=19414 n=61 to=0 | cancels=0(+0/s) seqbad=0 len_bad=0 disc=0(0x00) | tot_n=15052 tot_to=0 maxever=23257 >2ms=15052 >5ms=15050 >15ms=2569 >20ms=33 >30ms=0 | probes=15052 wrfail=0 down=4s maxout=4s
 243.040  t=241s RTT mean=13535 min=11912 max=19415 n=60 to=0 | cancels=0(+0/s) seqbad=0 len_bad=0 disc=0(0x00) | tot_n=15112 tot_to=0 maxever=23257 >2ms=15112 >5ms=15110 >15ms=2592 >20ms=33 >30ms=0 | probes=15113 wrfail=0 down=4s maxout=4s
 244.973  t=242s RTT mean=13263 min=5778 max=16667 n=61 to=0 | cancels=0(+0/s) seqbad=0 len_bad=0 disc=0(0x00) | tot_n=15173 tot_to=0 maxever=23257 >2ms=15173 >5ms=15171 >15ms=2614 >20ms=33 >30ms=0 | probes=15174 wrfail=0 down=4s maxout=4s
 245.030  t=243s RTT mean=13386 min=11912 max=16667 n=61 to=0 | cancels=0(+0/s) seqbad=0 len_bad=0 disc=0(0x00) | tot_n=15234 tot_to=0 maxever=23257 >2ms=15234 >5ms=15232 >15ms=2636 >20ms=33 >30ms=0 | probes=15234 wrfail=0 down=4s maxout=4s
 247.007  t=244s RTT mean=13536 min=11912 max=22060 n=60 to=0 | cancels=0(+0/s) seqbad=0 len_bad=0 disc=0(0x00) | tot_n=15294 tot_to=0 maxever=23257 >2ms=15294 >5ms=15292 >15ms=2659 >20ms=34 >30ms=0 | probes=15295 wrfail=0 down=4s maxout=4s
 247.007  PCTL target=75 tot=3655 to=0 p50=11 p90=15 p99=15 p99.9=22 max=23 g30=0 g100=0 (ms/counts)
 247.007  LOADRAMP: target=100 KBps for 60s
 247.007  t=245s RTT mean=13265 min=5779 max=15765 n=61 to=0 | cancels=0(+0/s) seqbad=0 len_bad=0 disc=0(0x00) | tot_n=15355 tot_to=0 maxever=23257 >2ms=15355 >5ms=15353 >15ms=2682 >20ms=34 >30ms=0 | probes=15356 wrfail=0 down=4s maxout=4s
 249.020  t=246s RTT mean=13946 min=11912 max=18309 n=59 to=0 | cancels=0(+0/s) seqbad=0 len_bad=0 disc=0(0x00) | tot_n=15414 tot_to=0 maxever=23257 >2ms=15414 >5ms=15412 >15ms=2713 >20ms=34 >30ms=0 | probes=15414 wrfail=0 down=4s maxout=4s
 249.020  t=247s RTT mean=13818 min=5779 max=18310 n=59 to=0 | cancels=0(+0/s) seqbad=0 len_bad=0 disc=0(0x00) | tot_n=15473 tot_to=0 maxever=23257 >2ms=15473 >5ms=15471 >15ms=2744 >20ms=34 >30ms=0 | probes=15474 wrfail=0 down=4s maxout=4s
 251.004  t=248s RTT mean=13979 min=11912 max=20603 n=58 to=0 | cancels=0(+0/s) seqbad=0 len_bad=0 disc=0(0x00) | tot_n=15531 tot_to=0 maxever=23257 >2ms=15531 >5ms=15529 >15ms=2772 >20ms=35 >30ms=0 | probes=15532 wrfail=0 down=4s maxout=4s
 251.004  t=249s RTT mean=13944 min=10875 max=16665 n=59 to=0 | cancels=0(+0/s) seqbad=0 len_bad=0 disc=0(0x00) | tot_n=15590 tot_to=0 maxever=23257 >2ms=15590 >5ms=15588 >15ms=2804 >20ms=35 >30ms=0 | probes=15591 wrfail=0 down=4s maxout=4s
 252.974  t=250s RTT mean=13662 min=5778 max=15766 n=60 to=0 | cancels=0(+0/s) seqbad=0 len_bad=0 disc=0(0x00) | tot_n=15650 tot_to=0 maxever=23257 >2ms=15650 >5ms=15648 >15ms=2835 >20ms=35 >30ms=0 | probes=15651 wrfail=0 down=4s maxout=4s
 253.030  t=251s RTT mean=13945 min=11913 max=18310 n=59 to=0 | cancels=0(+0/s) seqbad=0 len_bad=0 disc=0(0x00) | tot_n=15709 tot_to=0 maxever=23257 >2ms=15709 >5ms=15707 >15ms=2866 >20ms=35 >30ms=0 | probes=15709 wrfail=0 down=4s maxout=4s
 254.987  t=252s RTT mean=14108 min=11912 max=23064 n=58 to=0 | cancels=0(+0/s) seqbad=0 len_bad=0 disc=0(0x00) | tot_n=15767 tot_to=0 maxever=23257 >2ms=15767 >5ms=15765 >15ms=2896 >20ms=36 >30ms=0 | probes=15768 wrfail=0 down=4s maxout=4s
 255.047  t=253s RTT mean=13818 min=5777 max=18309 n=59 to=0 | cancels=0(+0/s) seqbad=0 len_bad=0 disc=0(0x00) | tot_n=15826 tot_to=0 maxever=23257 >2ms=15826 >5ms=15824 >15ms=2927 >20ms=36 >30ms=0 | probes=15827 wrfail=0 down=4s maxout=4s
 257.007  t=254s RTT mean=13818 min=5778 max=19411 n=59 to=0 | cancels=0(+0/s) seqbad=0 len_bad=0 disc=0(0x00) | tot_n=15885 tot_to=0 maxever=23257 >2ms=15885 >5ms=15883 >15ms=2957 >20ms=36 >30ms=0 | probes=15886 wrfail=0 down=4s maxout=4s
 257.007  t=255s RTT mean=14174 min=11912 max=20517 n=58 to=0 | cancels=0(+0/s) seqbad=0 len_bad=0 disc=0(0x00) | tot_n=15943 tot_to=0 maxever=23257 >2ms=15943 >5ms=15941 >15ms=2988 >20ms=37 >30ms=0 | probes=15944 wrfail=0 down=4s maxout=4s
 258.982  t=256s RTT mean=13879 min=10884 max=16665 n=59 to=0 | cancels=0(+0/s) seqbad=0 len_bad=0 disc=0(0x00) | tot_n=16002 tot_to=0 maxever=23257 >2ms=16002 >5ms=16000 >15ms=3018 >20ms=37 >30ms=0 | probes=16003 wrfail=0 down=4s maxout=4s
 259.043  t=257s RTT mean=13945 min=11912 max=18308 n=59 to=0 | cancels=0(+0/s) seqbad=0 len_bad=0 disc=0(0x00) | tot_n=16061 tot_to=0 maxever=23257 >2ms=16061 >5ms=16059 >15ms=3049 >20ms=37 >30ms=0 | probes=16061 wrfail=0 down=4s maxout=4s
 261.013  t=258s RTT mean=13819 min=5785 max=18310 n=59 to=0 | cancels=0(+0/s) seqbad=0 len_bad=0 disc=0(0x00) | tot_n=16120 tot_to=0 maxever=23257 >2ms=16120 >5ms=16118 >15ms=3080 >20ms=37 >30ms=0 | probes=16121 wrfail=0 down=4s maxout=4s
 261.014  t=259s RTT mean=13818 min=5779 max=18310 n=59 to=0 | cancels=0(+0/s) seqbad=0 len_bad=0 disc=0(0x00) | tot_n=16179 tot_to=0 maxever=23257 >2ms=16179 >5ms=16177 >15ms=3110 >20ms=37 >30ms=0 | probes=16180 wrfail=0 down=4s maxout=4s
 262.974  t=260s RTT mean=13945 min=11913 max=18309 n=59 to=0 | cancels=0(+0/s) seqbad=0 len_bad=0 disc=0(0x00) | tot_n=16238 tot_to=0 maxever=23257 >2ms=16238 >5ms=16236 >15ms=3141 >20ms=37 >30ms=0 | probes=16238 wrfail=0 down=4s maxout=4s
 263.030  t=261s RTT mean=13818 min=5786 max=18310 n=59 to=0 | cancels=0(+0/s) seqbad=0 len_bad=0 disc=0(0x00) | tot_n=16297 tot_to=0 maxever=23257 >2ms=16297 >5ms=16295 >15ms=3172 >20ms=37 >30ms=0 | probes=16298 wrfail=0 down=4s maxout=4s
 264.974  t=262s RTT mean=13817 min=5778 max=18310 n=59 to=0 | cancels=0(+0/s) seqbad=0 len_bad=0 disc=0(0x00) | tot_n=16356 tot_to=0 maxever=23257 >2ms=16356 >5ms=16354 >15ms=3202 >20ms=37 >30ms=0 | probes=16357 wrfail=0 down=4s maxout=4s
 265.030  t=263s RTT mean=13945 min=11912 max=18308 n=59 to=0 | cancels=0(+0/s) seqbad=0 len_bad=0 disc=0(0x00) | tot_n=16415 tot_to=0 maxever=23257 >2ms=16415 >5ms=16413 >15ms=3233 >20ms=37 >30ms=0 | probes=16415 wrfail=0 down=4s maxout=4s
 267.030  t=264s RTT mean=13819 min=5786 max=18310 n=59 to=0 | cancels=0(+0/s) seqbad=0 len_bad=0 disc=0(0x00) | tot_n=16474 tot_to=0 maxever=23257 >2ms=16474 >5ms=16472 >15ms=3264 >20ms=37 >30ms=0 | probes=16475 wrfail=0 down=4s maxout=4s
 267.030  t=265s RTT mean=13818 min=5778 max=18310 n=59 to=0 | cancels=0(+0/s) seqbad=0 len_bad=0 disc=0(0x00) | tot_n=16533 tot_to=0 maxever=23257 >2ms=16533 >5ms=16531 >15ms=3295 >20ms=37 >30ms=0 | probes=16534 wrfail=0 down=4s maxout=4s
 269.013  t=266s RTT mean=14278 min=11912 max=22060 n=57 to=0 | cancels=0(+0/s) seqbad=0 len_bad=0 disc=0(0x00) | tot_n=16590 tot_to=0 maxever=23257 >2ms=16590 >5ms=16588 >15ms=3326 >20ms=38 >30ms=0 | probes=16591 wrfail=0 down=4s maxout=4s
 269.014  t=267s RTT mean=13850 min=9372 max=15769 n=60 to=0 | cancels=0(+0/s) seqbad=0 len_bad=0 disc=0(0x00) | tot_n=16650 tot_to=0 maxever=23257 >2ms=16650 >5ms=16648 >15ms=3357 >20ms=38 >30ms=0 | probes=16650 wrfail=0 down=4s maxout=4s
 270.980  t=268s RTT mean=13752 min=5778 max=16664 n=59 to=0 | cancels=0(+0/s) seqbad=0 len_bad=0 disc=0(0x00) | tot_n=16709 tot_to=0 maxever=23257 >2ms=16709 >5ms=16707 >15ms=3386 >20ms=38 >30ms=0 | probes=16710 wrfail=0 down=4s maxout=4s
 271.037  t=269s RTT mean=13945 min=11912 max=18308 n=59 to=0 | cancels=0(+0/s) seqbad=0 len_bad=0 disc=0(0x00) | tot_n=16768 tot_to=0 maxever=23257 >2ms=16768 >5ms=16766 >15ms=3417 >20ms=38 >30ms=0 | probes=16769 wrfail=0 down=4s maxout=4s
 273.020  t=270s RTT mean=13819 min=5785 max=18310 n=59 to=0 | cancels=0(+0/s) seqbad=0 len_bad=0 disc=0(0x00) | tot_n=16827 tot_to=0 maxever=23257 >2ms=16827 >5ms=16825 >15ms=3448 >20ms=38 >30ms=0 | probes=16828 wrfail=0 down=4s maxout=4s
 273.020  t=271s RTT mean=13818 min=5779 max=18310 n=59 to=0 | cancels=0(+0/s) seqbad=0 len_bad=0 disc=0(0x00) | tot_n=16886 tot_to=0 maxever=23257 >2ms=16886 >5ms=16884 >15ms=3479 >20ms=38 >30ms=0 | probes=16887 wrfail=0 down=4s maxout=4s
 274.980  t=272s RTT mean=14009 min=11913 max=19408 n=59 to=0 | cancels=0(+0/s) seqbad=0 len_bad=0 disc=0(0x00) | tot_n=16945 tot_to=0 maxever=23257 >2ms=16945 >5ms=16943 >15ms=3509 >20ms=38 >30ms=0 | probes=16945 wrfail=0 down=4s maxout=4s
 275.036  t=273s RTT mean=13818 min=10553 max=15757 n=59 to=0 | cancels=0(+0/s) seqbad=0 len_bad=0 disc=0(0x00) | tot_n=17004 tot_to=0 maxever=23257 >2ms=17004 >5ms=17002 >15ms=3538 >20ms=38 >30ms=0 | probes=17004 wrfail=0 down=4s maxout=4s
 276.999  t=274s RTT mean=13751 min=5778 max=16665 n=59 to=0 | cancels=0(+0/s) seqbad=0 len_bad=0 disc=0(0x00) | tot_n=17063 tot_to=0 maxever=23257 >2ms=17063 >5ms=17061 >15ms=3567 >20ms=38 >30ms=0 | probes=17064 wrfail=0 down=4s maxout=4s
 276.999  t=275s RTT mean=13945 min=11912 max=18308 n=59 to=0 | cancels=0(+0/s) seqbad=0 len_bad=0 disc=0(0x00) | tot_n=17122 tot_to=0 maxever=23257 >2ms=17122 >5ms=17120 >15ms=3598 >20ms=38 >30ms=0 | probes=17123 wrfail=0 down=4s maxout=4s
 278.997  t=276s RTT mean=13818 min=5785 max=18310 n=59 to=0 | cancels=0(+0/s) seqbad=0 len_bad=0 disc=0(0x00) | tot_n=17181 tot_to=0 maxever=23257 >2ms=17181 >5ms=17179 >15ms=3629 >20ms=38 >30ms=0 | probes=17182 wrfail=0 down=4s maxout=4s
 279.057  t=277s RTT mean=13818 min=5779 max=18309 n=59 to=0 | cancels=0(+0/s) seqbad=0 len_bad=0 disc=0(0x00) | tot_n=17240 tot_to=0 maxever=23257 >2ms=17240 >5ms=17238 >15ms=3660 >20ms=38 >30ms=0 | probes=17241 wrfail=0 down=4s maxout=4s
 281.013  t=278s RTT mean=13946 min=11913 max=18310 n=59 to=0 | cancels=0(+0/s) seqbad=0 len_bad=0 disc=0(0x00) | tot_n=17299 tot_to=0 maxever=23257 >2ms=17299 >5ms=17297 >15ms=3691 >20ms=38 >30ms=0 | probes=17300 wrfail=0 down=4s maxout=4s
 281.014  t=279s RTT mean=13818 min=5785 max=18310 n=59 to=0 | cancels=0(+0/s) seqbad=0 len_bad=0 disc=0(0x00) | tot_n=17358 tot_to=0 maxever=23257 >2ms=17358 >5ms=17356 >15ms=3722 >20ms=38 >30ms=0 | probes=17359 wrfail=0 down=4s maxout=4s
 283.018  t=280s RTT mean=13863 min=5778 max=19407 n=59 to=0 | cancels=0(+0/s) seqbad=0 len_bad=0 disc=0(0x00) | tot_n=17417 tot_to=0 maxever=23257 >2ms=17417 >5ms=17415 >15ms=3753 >20ms=38 >30ms=0 | probes=17418 wrfail=0 down=4s maxout=4s
 283.018  t=281s RTT mean=13899 min=11912 max=16675 n=59 to=0 | cancels=0(+0/s) seqbad=0 len_bad=0 disc=0(0x00) | tot_n=17476 tot_to=0 maxever=23257 >2ms=17476 >5ms=17474 >15ms=3783 >20ms=38 >30ms=0 | probes=17477 wrfail=0 down=4s maxout=4s
 284.990  t=282s RTT mean=13819 min=5785 max=18310 n=59 to=0 | cancels=0(+0/s) seqbad=0 len_bad=0 disc=0(0x00) | tot_n=17535 tot_to=0 maxever=23257 >2ms=17535 >5ms=17533 >15ms=3814 >20ms=38 >30ms=0 | probes=17536 wrfail=0 down=4s maxout=4s
 285.047  t=283s RTT mean=13818 min=5779 max=18310 n=59 to=0 | cancels=0(+0/s) seqbad=0 len_bad=0 disc=0(0x00) | tot_n=17594 tot_to=0 maxever=23257 >2ms=17594 >5ms=17592 >15ms=3845 >20ms=38 >30ms=0 | probes=17595 wrfail=0 down=4s maxout=4s
 286.997  t=284s RTT mean=13946 min=11913 max=18310 n=59 to=0 | cancels=0(+0/s) seqbad=0 len_bad=0 disc=0(0x00) | tot_n=17653 tot_to=0 maxever=23257 >2ms=17653 >5ms=17651 >15ms=3875 >20ms=38 >30ms=0 | probes=17654 wrfail=0 down=4s maxout=4s
 287.056  t=285s RTT mean=13904 min=5786 max=19414 n=59 to=0 | cancels=0(+0/s) seqbad=0 len_bad=0 disc=0(0x00) | tot_n=17712 tot_to=0 maxever=23257 >2ms=17712 >5ms=17710 >15ms=3906 >20ms=38 >30ms=0 | probes=17713 wrfail=0 down=4s maxout=4s
 289.023  t=286s RTT mean=13731 min=5778 max=16667 n=59 to=0 | cancels=0(+0/s) seqbad=0 len_bad=0 disc=0(0x00) | tot_n=17771 tot_to=0 maxever=23257 >2ms=17771 >5ms=17769 >15ms=3934 >20ms=38 >30ms=0 | probes=17772 wrfail=0 down=4s maxout=4s
 289.023  t=287s RTT mean=14047 min=11912 max=23256 n=58 to=0 | cancels=0(+0/s) seqbad=0 len_bad=0 disc=0(0x00) | tot_n=17829 tot_to=0 maxever=23257 >2ms=17829 >5ms=17827 >15ms=3964 >20ms=39 >30ms=0 | probes=17830 wrfail=0 down=4s maxout=4s
 291.030  t=288s RTT mean=14006 min=11913 max=18310 n=59 to=0 | cancels=0(+0/s) seqbad=0 len_bad=0 disc=0(0x00) | tot_n=17888 tot_to=0 maxever=23257 >2ms=17888 >5ms=17886 >15ms=3995 >20ms=39 >30ms=0 | probes=17889 wrfail=0 down=4s maxout=4s
 291.030  t=289s RTT mean=13818 min=5778 max=18307 n=59 to=0 | cancels=0(+0/s) seqbad=0 len_bad=0 disc=0(0x00) | tot_n=17947 tot_to=0 maxever=23257 >2ms=17947 >5ms=17945 >15ms=4026 >20ms=39 >30ms=0 | probes=17948 wrfail=0 down=4s maxout=4s
 292.990  t=290s RTT mean=13946 min=11912 max=18310 n=59 to=0 | cancels=0(+0/s) seqbad=0 len_bad=0 disc=0(0x00) | tot_n=18006 tot_to=0 maxever=23257 >2ms=18006 >5ms=18004 >15ms=4057 >20ms=39 >30ms=0 | probes=18007 wrfail=0 down=4s maxout=4s
 293.047  t=291s RTT mean=13817 min=5785 max=18309 n=59 to=0 | cancels=0(+0/s) seqbad=0 len_bad=0 disc=0(0x00) | tot_n=18065 tot_to=0 maxever=23257 >2ms=18065 >5ms=18063 >15ms=4087 >20ms=39 >30ms=0 | probes=18066 wrfail=0 down=4s maxout=4s
 294.999  t=292s RTT mean=13817 min=5778 max=18307 n=59 to=0 | cancels=0(+0/s) seqbad=0 len_bad=0 disc=0(0x00) | tot_n=18124 tot_to=0 maxever=23257 >2ms=18124 >5ms=18122 >15ms=4117 >20ms=39 >30ms=0 | probes=18125 wrfail=0 down=4s maxout=4s
 295.056  t=293s RTT mean=13945 min=11912 max=18309 n=59 to=0 | cancels=0(+0/s) seqbad=0 len_bad=0 disc=0(0x00) | tot_n=18183 tot_to=0 maxever=23257 >2ms=18183 >5ms=18181 >15ms=4148 >20ms=39 >30ms=0 | probes=18184 wrfail=0 down=4s maxout=4s
 296.997  t=294s RTT mean=13880 min=8132 max=18308 n=59 to=0 | cancels=0(+0/s) seqbad=0 len_bad=0 disc=0(0x00) | tot_n=18242 tot_to=0 maxever=23257 >2ms=18242 >5ms=18240 >15ms=4178 >20ms=39 >30ms=0 | probes=18243 wrfail=0 down=4s maxout=4s
 297.057  t=295s RTT mean=13751 min=5779 max=16666 n=59 to=0 | cancels=0(+0/s) seqbad=0 len_bad=0 disc=0(0x00) | tot_n=18301 tot_to=0 maxever=23257 >2ms=18301 >5ms=18299 >15ms=4207 >20ms=39 >30ms=0 | probes=18302 wrfail=0 down=4s maxout=4s
 299.024  t=296s RTT mean=14176 min=11912 max=23060 n=58 to=0 | cancels=0(+0/s) seqbad=0 len_bad=0 disc=0(0x00) | tot_n=18359 tot_to=0 maxever=23257 >2ms=18359 >5ms=18357 >15ms=4238 >20ms=41 >30ms=0 | probes=18360 wrfail=0 down=4s maxout=4s
 299.024  t=297s RTT mean=13878 min=10885 max=16671 n=59 to=0 | cancels=0(+0/s) seqbad=0 len_bad=0 disc=0(0x00) | tot_n=18418 tot_to=0 maxever=23257 >2ms=18418 >5ms=18416 >15ms=4268 >20ms=41 >30ms=0 | probes=18419 wrfail=0 down=4s maxout=4s
 300.994  t=298s RTT mean=13817 min=5778 max=18307 n=59 to=0 | cancels=0(+0/s) seqbad=0 len_bad=0 disc=0(0x00) | tot_n=18477 tot_to=0 maxever=23257 >2ms=18477 >5ms=18475 >15ms=4298 >20ms=41 >30ms=0 | probes=18478 wrfail=0 down=4s maxout=4s
 301.047  t=299s RTT mean=13944 min=11912 max=19411 n=59 to=0 | cancels=0(+0/s) seqbad=0 len_bad=0 disc=0(0x00) | tot_n=18536 tot_to=0 maxever=23257 >2ms=18536 >5ms=18534 >15ms=4327 >20ms=41 >30ms=0 | probes=18537 wrfail=0 down=4s maxout=4s
 303.013  t=300s RTT mean=13988 min=9311 max=22055 n=59 to=0 | cancels=0(+0/s) seqbad=0 len_bad=0 disc=0(0x00) | tot_n=18595 tot_to=0 maxever=23257 >2ms=18595 >5ms=18593 >15ms=4357 >20ms=42 >30ms=0 | probes=18595 wrfail=0 down=4s maxout=4s
 303.014  t=301s RTT mean=13931 min=11912 max=16678 n=58 to=0 | cancels=0(+0/s) seqbad=0 len_bad=0 disc=0(0x00) | tot_n=18653 tot_to=0 maxever=23257 >2ms=18653 >5ms=18651 >15ms=4386 >20ms=42 >30ms=0 | probes=18654 wrfail=0 down=4s maxout=4s
 304.982  t=302s RTT mean=13944 min=11913 max=18308 n=59 to=0 | cancels=0(+0/s) seqbad=0 len_bad=0 disc=0(0x00) | tot_n=18712 tot_to=0 maxever=23257 >2ms=18712 >5ms=18710 >15ms=4416 >20ms=42 >30ms=0 | probes=18713 wrfail=0 down=4s maxout=4s
 305.041  t=303s RTT mean=13879 min=8132 max=18307 n=59 to=0 | cancels=0(+0/s) seqbad=0 len_bad=0 disc=0(0x00) | tot_n=18771 tot_to=0 maxever=23257 >2ms=18771 >5ms=18769 >15ms=4446 >20ms=42 >30ms=0 | probes=18772 wrfail=0 down=4s maxout=4s
 307.024  t=304s RTT mean=13753 min=5778 max=15769 n=59 to=0 | cancels=0(+0/s) seqbad=0 len_bad=0 disc=0(0x00) | tot_n=18830 tot_to=0 maxever=23257 >2ms=18830 >5ms=18828 >15ms=4476 >20ms=42 >30ms=0 | probes=18831 wrfail=0 down=4s maxout=4s
 307.024  PCTL target=100 tot=3534 to=0 p50=15 p90=15 p99=18 p99.9=22 max=23 g30=0 g100=0 (ms/counts)
 307.024  LOADRAMP: target=125 KBps for 60s
 307.024  t=305s RTT mean=13944 min=11912 max=18308 n=59 to=0 | cancels=0(+0/s) seqbad=0 len_bad=0 disc=0(0x00) | tot_n=18889 tot_to=0 maxever=23257 >2ms=18889 >5ms=18887 >15ms=4506 >20ms=42 >30ms=0 | probes=18890 wrfail=0 down=4s maxout=4s
 308.990  t=306s RTT mean=14478 min=5778 max=19406 n=57 to=0 | cancels=0(+0/s) seqbad=0 len_bad=0 disc=0(0x00) | tot_n=18946 tot_to=0 maxever=23257 >2ms=18946 >5ms=18944 >15ms=4545 >20ms=42 >30ms=0 | probes=18947 wrfail=0 down=4s maxout=4s
 309.047  t=307s RTT mean=14343 min=5778 max=15757 n=57 to=0 | cancels=0(+0/s) seqbad=0 len_bad=0 disc=0(0x00) | tot_n=19003 tot_to=0 maxever=23257 >2ms=19003 >5ms=19001 >15ms=4583 >20ms=42 >30ms=0 | probes=19004 wrfail=0 down=4s maxout=4s
 311.007  t=308s RTT mean=14542 min=11913 max=18311 n=57 to=0 | cancels=0(+0/s) seqbad=0 len_bad=0 disc=0(0x00) | tot_n=19060 tot_to=0 maxever=23257 >2ms=19060 >5ms=19058 >15ms=4622 >20ms=42 >30ms=0 | probes=19061 wrfail=0 down=4s maxout=4s
 311.007  t=309s RTT mean=14410 min=5778 max=18311 n=57 to=0 | cancels=0(+0/s) seqbad=0 len_bad=0 disc=0(0x00) | tot_n=19117 tot_to=0 maxever=23257 >2ms=19117 >5ms=19115 >15ms=4661 >20ms=42 >30ms=0 | probes=19118 wrfail=0 down=4s maxout=4s
 313.016  t=310s RTT mean=14409 min=5778 max=18311 n=57 to=0 | cancels=0(+0/s) seqbad=0 len_bad=0 disc=0(0x00) | tot_n=19174 tot_to=0 maxever=23257 >2ms=19174 >5ms=19172 >15ms=4699 >20ms=42 >30ms=0 | probes=19175 wrfail=0 down=4s maxout=4s
 313.016  t=311s RTT mean=14478 min=10873 max=20517 n=57 to=0 | cancels=0(+0/s) seqbad=0 len_bad=0 disc=0(0x00) | tot_n=19231 tot_to=0 maxever=23257 >2ms=19231 >5ms=19229 >15ms=4737 >20ms=43 >30ms=0 | probes=19232 wrfail=0 down=4s maxout=4s
 315.020  t=312s RTT mean=14475 min=11913 max=15776 n=57 to=0 | cancels=0(+0/s) seqbad=0 len_bad=0 disc=0(0x00) | tot_n=19288 tot_to=0 maxever=23257 >2ms=19288 >5ms=19286 >15ms=4775 >20ms=43 >30ms=0 | probes=19289 wrfail=0 down=4s maxout=4s
 315.020  t=313s RTT mean=14409 min=5778 max=18312 n=57 to=0 | cancels=0(+0/s) seqbad=0 len_bad=0 disc=0(0x00) | tot_n=19345 tot_to=0 maxever=23257 >2ms=19345 >5ms=19343 >15ms=4812 >20ms=43 >30ms=0 | probes=19346 wrfail=0 down=4s maxout=4s
 316.997  t=314s RTT mean=14478 min=10873 max=20517 n=57 to=0 | cancels=0(+0/s) seqbad=0 len_bad=0 disc=0(0x00) | tot_n=19402 tot_to=0 maxever=23257 >2ms=19402 >5ms=19400 >15ms=4850 >20ms=44 >30ms=0 | probes=19403 wrfail=0 down=4s maxout=4s
 317.056  t=315s RTT mean=14474 min=11912 max=15757 n=57 to=0 | cancels=0(+0/s) seqbad=0 len_bad=0 disc=0(0x00) | tot_n=19459 tot_to=0 maxever=23257 >2ms=19459 >5ms=19457 >15ms=4888 >20ms=44 >30ms=0 | probes=19460 wrfail=0 down=4s maxout=4s
 319.024  t=316s RTT mean=14477 min=5778 max=20862 n=57 to=0 | cancels=0(+0/s) seqbad=0 len_bad=0 disc=0(0x00) | tot_n=19516 tot_to=0 maxever=23257 >2ms=19516 >5ms=19514 >15ms=4924 >20ms=45 >30ms=0 | probes=19517 wrfail=0 down=4s maxout=4s
 319.024  t=317s RTT mean=14473 min=11912 max=16670 n=57 to=0 | cancels=0(+0/s) seqbad=0 len_bad=0 disc=0(0x00) | tot_n=19573 tot_to=0 maxever=23257 >2ms=19573 >5ms=19571 >15ms=4961 >20ms=45 >30ms=0 | probes=19574 wrfail=0 down=4s maxout=4s
 321.027  t=318s RTT mean=14411 min=5778 max=19411 n=57 to=0 | cancels=0(+0/s) seqbad=0 len_bad=0 disc=0(0x00) | tot_n=19630 tot_to=0 maxever=23257 >2ms=19630 >5ms=19628 >15ms=4999 >20ms=45 >30ms=0 | probes=19631 wrfail=0 down=4s maxout=4s
 321.027  t=319s RTT mean=14542 min=11912 max=18312 n=57 to=0 | cancels=0(+0/s) seqbad=0 len_bad=0 disc=0(0x00) | tot_n=19687 tot_to=0 maxever=23257 >2ms=19687 >5ms=19685 >15ms=5038 >20ms=45 >30ms=0 | probes=19688 wrfail=0 down=4s maxout=4s
 323.027  t=320s RTT mean=14409 min=10873 max=16666 n=57 to=0 | cancels=0(+0/s) seqbad=0 len_bad=0 disc=0(0x00) | tot_n=19744 tot_to=0 maxever=23257 >2ms=19744 >5ms=19742 >15ms=5075 >20ms=45 >30ms=0 | probes=19745 wrfail=0 down=4s maxout=4s
 323.027  t=321s RTT mean=14410 min=5778 max=18312 n=57 to=0 | cancels=0(+0/s) seqbad=0 len_bad=0 disc=0(0x00) | tot_n=19801 tot_to=0 maxever=23257 >2ms=19801 >5ms=19799 >15ms=5114 >20ms=45 >30ms=0 | probes=19802 wrfail=0 down=4s maxout=4s
 325.013  t=322s RTT mean=14541 min=11913 max=18311 n=57 to=0 | cancels=0(+0/s) seqbad=0 len_bad=0 disc=0(0x00) | tot_n=19858 tot_to=0 maxever=23257 >2ms=19858 >5ms=19856 >15ms=5152 >20ms=45 >30ms=0 | probes=19859 wrfail=0 down=4s maxout=4s
 325.014  t=323s RTT mean=14410 min=10873 max=15766 n=57 to=0 | cancels=0(+0/s) seqbad=0 len_bad=0 disc=0(0x00) | tot_n=19915 tot_to=0 maxever=23257 >2ms=19915 >5ms=19913 >15ms=5190 >20ms=45 >30ms=0 | probes=19916 wrfail=0 down=4s maxout=4s
 327.030  t=324s RTT mean=14610 min=11913 max=19409 n=57 to=0 | cancels=0(+0/s) seqbad=0 len_bad=0 disc=0(0x00) | tot_n=19972 tot_to=0 maxever=23257 >2ms=19972 >5ms=19970 >15ms=5229 >20ms=45 >30ms=0 | probes=19973 wrfail=0 down=4s maxout=4s
 327.030  t=325s RTT mean=14723 min=11912 max=19411 n=56 to=0 | cancels=0(+0/s) seqbad=0 len_bad=0 disc=0(0x00) | tot_n=20028 tot_to=0 maxever=23257 >2ms=20028 >5ms=20026 >15ms=5268 >20ms=45 >30ms=0 | probes=20029 wrfail=0 down=4s maxout=4s
 329.007  t=326s RTT mean=14341 min=5778 max=16666 n=57 to=0 | cancels=0(+0/s) seqbad=0 len_bad=0 disc=0(0x00) | tot_n=20085 tot_to=0 maxever=23257 >2ms=20085 >5ms=20083 >15ms=5305 >20ms=45 >30ms=0 | probes=20086 wrfail=0 down=4s maxout=4s
 329.007  t=327s RTT mean=14540 min=11912 max=18311 n=57 to=0 | cancels=0(+0/s) seqbad=0 len_bad=0 disc=0(0x00) | tot_n=20142 tot_to=0 maxever=23257 >2ms=20142 >5ms=20140 >15ms=5343 >20ms=45 >30ms=0 | probes=20143 wrfail=0 down=4s maxout=4s
 330.990  t=328s RTT mean=14411 min=10873 max=15767 n=57 to=0 | cancels=0(+0/s) seqbad=0 len_bad=0 disc=0(0x00) | tot_n=20199 tot_to=0 maxever=23257 >2ms=20199 >5ms=20197 >15ms=5381 >20ms=45 >30ms=0 | probes=20200 wrfail=0 down=4s maxout=4s
 331.047  t=329s RTT mean=14410 min=5778 max=18312 n=57 to=0 | cancels=0(+0/s) seqbad=0 len_bad=0 disc=0(0x00) | tot_n=20256 tot_to=0 maxever=23257 >2ms=20256 >5ms=20254 >15ms=5420 >20ms=45 >30ms=0 | probes=20257 wrfail=0 down=4s maxout=4s
 333.013  t=330s RTT mean=14477 min=10873 max=20510 n=57 to=0 | cancels=0(+0/s) seqbad=0 len_bad=0 disc=0(0x00) | tot_n=20313 tot_to=0 maxever=23257 >2ms=20313 >5ms=20311 >15ms=5457 >20ms=46 >30ms=0 | probes=20314 wrfail=0 down=4s maxout=4s
 333.014  t=331s RTT mean=14474 min=11912 max=15758 n=57 to=0 | cancels=0(+0/s) seqbad=0 len_bad=0 disc=0(0x00) | tot_n=20370 tot_to=0 maxever=23257 >2ms=20370 >5ms=20368 >15ms=5495 >20ms=46 >30ms=0 | probes=20371 wrfail=0 down=4s maxout=4s
 335.036  t=332s RTT mean=14411 min=5778 max=18311 n=57 to=0 | cancels=0(+0/s) seqbad=0 len_bad=0 disc=0(0x00) | tot_n=20427 tot_to=0 maxever=23257 >2ms=20427 >5ms=20425 >15ms=5533 >20ms=46 >30ms=0 | probes=20428 wrfail=0 down=4s maxout=4s
 335.036  t=333s RTT mean=14542 min=11912 max=18312 n=57 to=0 | cancels=0(+0/s) seqbad=0 len_bad=0 disc=0(0x00) | tot_n=20484 tot_to=0 maxever=23257 >2ms=20484 >5ms=20482 >15ms=5572 >20ms=46 >30ms=0 | probes=20485 wrfail=0 down=4s maxout=4s
 337.030  t=334s RTT mean=14476 min=10553 max=23256 n=57 to=0 | cancels=0(+0/s) seqbad=0 len_bad=0 disc=0(0x00) | tot_n=20541 tot_to=0 maxever=23257 >2ms=20541 >5ms=20539 >15ms=5608 >20ms=47 >30ms=0 | probes=20542 wrfail=0 down=4s maxout=4s
 337.030  t=335s RTT mean=14343 min=5778 max=17012 n=57 to=0 | cancels=0(+0/s) seqbad=0 len_bad=0 disc=0(0x00) | tot_n=20598 tot_to=0 maxever=23257 >2ms=20598 >5ms=20596 >15ms=5645 >20ms=47 >30ms=0 | probes=20599 wrfail=0 down=4s maxout=4s
 338.990  t=336s RTT mean=14542 min=11913 max=19410 n=57 to=0 | cancels=0(+0/s) seqbad=0 len_bad=0 disc=0(0x00) | tot_n=20655 tot_to=0 maxever=23257 >2ms=20655 >5ms=20653 >15ms=5682 >20ms=47 >30ms=0 | probes=20656 wrfail=0 down=4s maxout=4s
 339.047  t=337s RTT mean=14410 min=5778 max=18312 n=57 to=0 | cancels=0(+0/s) seqbad=0 len_bad=0 disc=0(0x00) | tot_n=20712 tot_to=0 maxever=23257 >2ms=20712 >5ms=20710 >15ms=5721 >20ms=47 >30ms=0 | probes=20713 wrfail=0 down=4s maxout=4s
 341.024  t=338s RTT mean=14411 min=5778 max=18311 n=57 to=0 | cancels=0(+0/s) seqbad=0 len_bad=0 disc=0(0x00) | tot_n=20769 tot_to=0 maxever=23257 >2ms=20769 >5ms=20767 >15ms=5760 >20ms=47 >30ms=0 | probes=20770 wrfail=0 down=4s maxout=4s
 341.024  t=339s RTT mean=14540 min=11912 max=19408 n=57 to=0 | cancels=0(+0/s) seqbad=0 len_bad=0 disc=0(0x00) | tot_n=20826 tot_to=0 maxever=23257 >2ms=20826 >5ms=20824 >15ms=5797 >20ms=47 >30ms=0 | probes=20827 wrfail=0 down=4s maxout=4s
 343.037  t=340s RTT mean=14409 min=10873 max=16667 n=57 to=0 | cancels=0(+0/s) seqbad=0 len_bad=0 disc=0(0x00) | tot_n=20883 tot_to=0 maxever=23257 >2ms=20883 >5ms=20881 >15ms=5834 >20ms=47 >30ms=0 | probes=20884 wrfail=0 down=4s maxout=4s
 343.037  t=341s RTT mean=14410 min=5778 max=18311 n=57 to=0 | cancels=0(+0/s) seqbad=0 len_bad=0 disc=0(0x00) | tot_n=20940 tot_to=0 maxever=23257 >2ms=20940 >5ms=20938 >15ms=5873 >20ms=47 >30ms=0 | probes=20941 wrfail=0 down=4s maxout=4s
 344.990  t=342s RTT mean=14456 min=10872 max=20549 n=57 to=0 | cancels=0(+0/s) seqbad=0 len_bad=0 disc=0(0x00) | tot_n=20997 tot_to=0 maxever=23257 >2ms=20997 >5ms=20995 >15ms=5908 >20ms=48 >30ms=0 | probes=20998 wrfail=0 down=4s maxout=4s
 345.051  t=343s RTT mean=14492 min=11912 max=16675 n=57 to=0 | cancels=0(+0/s) seqbad=0 len_bad=0 disc=0(0x00) | tot_n=21054 tot_to=0 maxever=23257 >2ms=21054 >5ms=21052 >15ms=5946 >20ms=48 >30ms=0 | probes=21055 wrfail=0 down=4s maxout=4s
 347.014  t=344s RTT mean=14407 min=5778 max=18209 n=57 to=0 | cancels=0(+0/s) seqbad=0 len_bad=0 disc=0(0x00) | tot_n=21111 tot_to=0 maxever=23257 >2ms=21111 >5ms=21109 >15ms=5983 >20ms=48 >30ms=0 | probes=21112 wrfail=0 down=4s maxout=4s
 347.014  t=345s RTT mean=14790 min=11912 max=20549 n=56 to=0 | cancels=0(+0/s) seqbad=0 len_bad=0 disc=0(0x00) | tot_n=21167 tot_to=0 maxever=23257 >2ms=21167 >5ms=21165 >15ms=6021 >20ms=49 >30ms=0 | probes=21168 wrfail=0 down=4s maxout=4s
 349.037  t=346s RTT mean=14475 min=11913 max=15776 n=57 to=0 | cancels=0(+0/s) seqbad=0 len_bad=0 disc=0(0x00) | tot_n=21224 tot_to=0 maxever=23257 >2ms=21224 >5ms=21222 >15ms=6059 >20ms=49 >30ms=0 | probes=21225 wrfail=0 down=4s maxout=4s
 349.037  t=347s RTT mean=14409 min=5778 max=18312 n=57 to=0 | cancels=0(+0/s) seqbad=0 len_bad=0 disc=0(0x00) | tot_n=21281 tot_to=0 maxever=23257 >2ms=21281 >5ms=21279 >15ms=6097 >20ms=49 >30ms=0 | probes=21282 wrfail=0 down=4s maxout=4s
 351.014  t=348s RTT mean=14477 min=10633 max=20550 n=57 to=0 | cancels=0(+0/s) seqbad=0 len_bad=0 disc=0(0x00) | tot_n=21338 tot_to=0 maxever=23257 >2ms=21338 >5ms=21336 >15ms=6133 >20ms=50 >30ms=0 | probes=21339 wrfail=0 down=4s maxout=4s
 351.014  t=349s RTT mean=14474 min=11912 max=15757 n=57 to=0 | cancels=0(+0/s) seqbad=0 len_bad=0 disc=0(0x00) | tot_n=21395 tot_to=0 maxever=23257 >2ms=21395 >5ms=21393 >15ms=6171 >20ms=50 >30ms=0 | probes=21396 wrfail=0 down=4s maxout=4s
 353.000  t=350s RTT mean=14409 min=5778 max=22069 n=57 to=0 | cancels=0(+0/s) seqbad=0 len_bad=0 disc=0(0x00) | tot_n=21452 tot_to=0 maxever=23257 >2ms=21452 >5ms=21450 >15ms=6209 >20ms=51 >30ms=0 | probes=21453 wrfail=0 down=4s maxout=4s
 353.057  t=351s RTT mean=14542 min=10875 max=20548 n=57 to=0 | cancels=0(+0/s) seqbad=0 len_bad=0 disc=0(0x00) | tot_n=21509 tot_to=0 maxever=23257 >2ms=21509 >5ms=21507 >15ms=6246 >20ms=52 >30ms=0 | probes=21510 wrfail=0 down=4s maxout=4s
 355.014  t=352s RTT mean=14410 min=5761 max=18310 n=57 to=0 | cancels=0(+0/s) seqbad=0 len_bad=0 disc=0(0x00) | tot_n=21566 tot_to=0 maxever=23257 >2ms=21566 >5ms=21564 >15ms=6285 >20ms=52 >30ms=0 | probes=21567 wrfail=0 down=4s maxout=4s
 355.014  t=353s RTT mean=14410 min=5778 max=18311 n=57 to=0 | cancels=0(+0/s) seqbad=0 len_bad=0 disc=0(0x00) | tot_n=21623 tot_to=0 maxever=23257 >2ms=21623 >5ms=21621 >15ms=6324 >20ms=52 >30ms=0 | probes=21624 wrfail=0 down=4s maxout=4s
 357.030  t=354s RTT mean=14793 min=11912 max=23257 n=56 to=0 | cancels=0(+0/s) seqbad=0 len_bad=0 disc=0(0x00) | tot_n=21679 tot_to=0 maxever=23257 >2ms=21679 >5ms=21677 >15ms=6363 >20ms=54 >30ms=0 | probes=21680 wrfail=0 down=4s maxout=4s
 357.030  t=355s RTT mean=14474 min=11912 max=15757 n=57 to=0 | cancels=0(+0/s) seqbad=0 len_bad=0 disc=0(0x00) | tot_n=21736 tot_to=0 maxever=23257 >2ms=21736 >5ms=21734 >15ms=6401 >20ms=54 >30ms=0 | probes=21737 wrfail=0 down=4s maxout=4s
 358.994  t=356s RTT mean=14411 min=5778 max=19405 n=57 to=0 | cancels=0(+0/s) seqbad=0 len_bad=0 disc=0(0x00) | tot_n=21793 tot_to=0 maxever=23257 >2ms=21793 >5ms=21791 >15ms=6438 >20ms=54 >30ms=0 | probes=21794 wrfail=0 down=4s maxout=4s
 359.046  t=357s RTT mean=14542 min=11912 max=18312 n=57 to=0 | cancels=0(+0/s) seqbad=0 len_bad=0 disc=0(0x00) | tot_n=21850 tot_to=0 maxever=23257 >2ms=21850 >5ms=21848 >15ms=6477 >20ms=54 >30ms=0 | probes=21851 wrfail=0 down=4s maxout=4s
 361.024  t=358s RTT mean=14478 min=5778 max=20604 n=57 to=0 | cancels=0(+0/s) seqbad=0 len_bad=0 disc=0(0x00) | tot_n=21907 tot_to=0 maxever=23257 >2ms=21907 >5ms=21905 >15ms=6515 >20ms=55 >30ms=0 | probes=21908 wrfail=0 down=4s maxout=4s
 361.024  t=359s RTT mean=14367 min=5778 max=15760 n=58 to=0 | cancels=0(+0/s) seqbad=0 len_bad=0 disc=0(0x00) | tot_n=21965 tot_to=0 maxever=23257 >2ms=21965 >5ms=21963 >15ms=6554 >20ms=55 >30ms=0 | probes=21965 wrfail=0 down=4s maxout=4s
 362.990  t=360s RTT mean=14521 min=11913 max=18311 n=56 to=0 | cancels=0(+0/s) seqbad=0 len_bad=0 disc=0(0x00) | tot_n=22021 tot_to=0 maxever=23257 >2ms=22021 >5ms=22019 >15ms=6592 >20ms=55 >30ms=0 | probes=22022 wrfail=0 down=4s maxout=4s
 363.047  t=361s RTT mean=14409 min=5778 max=23060 n=57 to=0 | cancels=0(+0/s) seqbad=0 len_bad=0 disc=0(0x00) | tot_n=22078 tot_to=0 maxever=23257 >2ms=22078 >5ms=22076 >15ms=6629 >20ms=56 >30ms=0 | probes=22079 wrfail=0 down=4s maxout=4s
 365.007  t=362s RTT mean=14477 min=10872 max=20510 n=57 to=0 | cancels=0(+0/s) seqbad=0 len_bad=0 disc=0(0x00) | tot_n=22135 tot_to=0 maxever=23257 >2ms=22135 >5ms=22133 >15ms=6666 >20ms=57 >30ms=0 | probes=22136 wrfail=0 down=4s maxout=4s
 365.064  t=363s RTT mean=14540 min=11912 max=19665 n=57 to=0 | cancels=0(+0/s) seqbad=0 len_bad=0 disc=0(0x00) | tot_n=22192 tot_to=0 maxever=23257 >2ms=22192 >5ms=22190 >15ms=6703 >20ms=57 >30ms=0 | probes=22193 wrfail=0 down=4s maxout=4s
 367.030  t=364s RTT mean=14343 min=5778 max=15775 n=57 to=0 | cancels=0(+0/s) seqbad=0 len_bad=0 disc=0(0x00) | tot_n=22249 tot_to=0 maxever=23257 >2ms=22249 >5ms=22247 >15ms=6741 >20ms=57 >30ms=0 | probes=22250 wrfail=0 down=4s maxout=4s
 367.030  PCTL target=125 tot=3418 to=0 p50=15 p90=15 p99=18 p99.9=20 max=23 g30=0 g100=0 (ms/counts)
 367.030  LOADRAMP: target=150 KBps for 60s
 367.030  t=365s RTT mean=14477 min=10873 max=20548 n=57 to=0 | cancels=0(+0/s) seqbad=0 len_bad=0 disc=0(0x00) | tot_n=22306 tot_to=0 maxever=23257 >2ms=22306 >5ms=22304 >15ms=6778 >20ms=58 >30ms=0 | probes=22307 wrfail=0 down=4s maxout=4s
 369.000  t=366s RTT mean=15111 min=11913 max=16670 n=55 to=0 | cancels=0(+0/s) seqbad=0 len_bad=0 disc=0(0x00) | tot_n=22361 tot_to=0 maxever=23257 >2ms=22361 >5ms=22359 >15ms=6823 >20ms=58 >30ms=0 | probes=22362 wrfail=0 down=4s maxout=4s
 369.054  t=367s RTT mean=15044 min=7038 max=20863 n=55 to=0 | cancels=0(+0/s) seqbad=0 len_bad=0 disc=0(0x00) | tot_n=22416 tot_to=0 maxever=23257 >2ms=22416 >5ms=22414 >15ms=6867 >20ms=59 >30ms=0 | probes=22417 wrfail=0 down=4s maxout=4s
 371.020  t=368s RTT mean=15095 min=7037 max=20803 n=55 to=0 | cancels=0(+0/s) seqbad=0 len_bad=0 disc=0(0x00) | tot_n=22471 tot_to=0 maxever=23257 >2ms=22471 >5ms=22469 >15ms=6911 >20ms=61 >30ms=0 | probes=22472 wrfail=0 down=4s maxout=4s
 371.021  t=369s RTT mean=15132 min=11912 max=16678 n=55 to=0 | cancels=0(+0/s) seqbad=0 len_bad=0 disc=0(0x00) | tot_n=22526 tot_to=0 maxever=23257 >2ms=22526 >5ms=22524 >15ms=6957 >20ms=61 >30ms=0 | probes=22527 wrfail=0 down=4s maxout=4s
 372.990  t=370s RTT mean=15046 min=10885 max=15767 n=55 to=0 | cancels=0(+0/s) seqbad=0 len_bad=0 disc=0(0x00) | tot_n=22581 tot_to=0 maxever=23257 >2ms=22581 >5ms=22579 >15ms=7003 >20ms=61 >30ms=0 | probes=22582 wrfail=0 down=4s maxout=4s
 373.047  t=371s RTT mean=15057 min=10885 max=16887 n=56 to=0 | cancels=0(+0/s) seqbad=0 len_bad=0 disc=0(0x00) | tot_n=22637 tot_to=0 maxever=23257 >2ms=22637 >5ms=22635 >15ms=7049 >20ms=61 >30ms=0 | probes=22637 wrfail=0 down=4s maxout=4s
 375.004  t=372s RTT mean=15172 min=11913 max=18304 n=54 to=0 | cancels=0(+0/s) seqbad=0 len_bad=0 disc=0(0x00) | tot_n=22691 tot_to=0 maxever=23257 >2ms=22691 >5ms=22689 >15ms=7095 >20ms=61 >30ms=0 | probes=22692 wrfail=0 down=4s maxout=4s
 375.064  t=373s RTT mean=15114 min=10885 max=20458 n=55 to=0 | cancels=0(+0/s) seqbad=0 len_bad=0 disc=0(0x00) | tot_n=22746 tot_to=0 maxever=23257 >2ms=22746 >5ms=22744 >15ms=7140 >20ms=62 >30ms=0 | probes=22747 wrfail=0 down=4s maxout=4s
 377.046  t=374s RTT mean=15249 min=11913 max=23062 n=55 to=0 | cancels=0(+0/s) seqbad=0 len_bad=0 disc=0(0x00) | tot_n=22801 tot_to=0 maxever=23257 >2ms=22801 >5ms=22799 >15ms=7186 >20ms=63 >30ms=0 | probes=22802 wrfail=0 down=4s maxout=4s
 377.046  t=375s RTT mean=14906 min=5778 max=16954 n=55 to=0 | cancels=0(+0/s) seqbad=0 len_bad=0 disc=0(0x00) | tot_n=22856 tot_to=0 maxever=23257 >2ms=22856 >5ms=22854 >15ms=7229 >20ms=63 >30ms=0 | probes=22857 wrfail=0 down=4s maxout=4s
 379.047  t=376s RTT mean=15116 min=10884 max=20517 n=55 to=0 | cancels=0(+0/s) seqbad=0 len_bad=0 disc=0(0x00) | tot_n=22911 tot_to=0 maxever=23257 >2ms=22911 >5ms=22909 >15ms=7275 >20ms=64 >30ms=0 | probes=22912 wrfail=0 down=4s maxout=4s
 379.047  t=377s RTT mean=15109 min=11912 max=16666 n=55 to=0 | cancels=0(+0/s) seqbad=0 len_bad=0 disc=0(0x00) | tot_n=22966 tot_to=0 maxever=23257 >2ms=22966 >5ms=22964 >15ms=7319 >20ms=64 >30ms=0 | probes=22967 wrfail=0 down=4s maxout=4s
 381.042  t=378s RTT mean=15044 min=5778 max=22056 n=55 to=0 | cancels=0(+0/s) seqbad=0 len_bad=0 disc=0(0x00) | tot_n=23021 tot_to=0 maxever=23257 >2ms=23021 >5ms=23019 >15ms=7365 >20ms=65 >30ms=0 | probes=23022 wrfail=0 down=4s maxout=4s
 381.043  t=379s RTT mean=15180 min=10885 max=20516 n=55 to=0 | cancels=0(+0/s) seqbad=0 len_bad=0 disc=0(0x00) | tot_n=23076 tot_to=0 maxever=23257 >2ms=23076 >5ms=23074 >15ms=7411 >20ms=66 >30ms=0 | probes=23077 wrfail=0 down=4s maxout=4s
 383.011  t=380s RTT mean=15046 min=10873 max=15768 n=55 to=0 | cancels=0(+0/s) seqbad=0 len_bad=0 disc=0(0x00) | tot_n=23131 tot_to=0 maxever=23257 >2ms=23131 >5ms=23129 >15ms=7457 >20ms=66 >30ms=0 | probes=23132 wrfail=0 down=4s maxout=4s
 383.071  t=381s RTT mean=15045 min=10885 max=15766 n=55 to=0 | cancels=0(+0/s) seqbad=0 len_bad=0 disc=0(0x00) | tot_n=23186 tot_to=0 maxever=23257 >2ms=23186 >5ms=23184 >15ms=7503 >20ms=66 >30ms=0 | probes=23187 wrfail=0 down=4s maxout=4s
 385.004  t=382s RTT mean=15059 min=10885 max=16872 n=56 to=0 | cancels=0(+0/s) seqbad=0 len_bad=0 disc=0(0x00) | tot_n=23242 tot_to=0 maxever=23257 >2ms=23242 >5ms=23240 >15ms=7550 >20ms=66 >30ms=0 | probes=23242 wrfail=0 down=4s maxout=4s
 385.064  t=383s RTT mean=15169 min=11912 max=18305 n=54 to=0 | cancels=0(+0/s) seqbad=0 len_bad=0 disc=0(0x00) | tot_n=23296 tot_to=0 maxever=23257 >2ms=23296 >5ms=23294 >15ms=7595 >20ms=66 >30ms=0 | probes=23297 wrfail=0 down=4s maxout=4s
 387.014  t=384s RTT mean=15116 min=10884 max=20457 n=55 to=0 | cancels=0(+0/s) seqbad=0 len_bad=0 disc=0(0x00) | tot_n=23351 tot_to=0 maxever=23257 >2ms=23351 >5ms=23349 >15ms=7641 >20ms=67 >30ms=0 | probes=23352 wrfail=0 down=4s maxout=4s
 387.074  t=385s RTT mean=15109 min=11912 max=16667 n=55 to=0 | cancels=0(+0/s) seqbad=0 len_bad=0 disc=0(0x00) | tot_n=23406 tot_to=0 maxever=23257 >2ms=23406 >5ms=23404 >15ms=7685 >20ms=67 >30ms=0 | probes=23407 wrfail=0 down=4s maxout=4s
 388.997  t=386s RTT mean=15046 min=10884 max=15767 n=55 to=0 | cancels=0(+0/s) seqbad=0 len_bad=0 disc=0(0x00) | tot_n=23461 tot_to=0 maxever=23257 >2ms=23461 >5ms=23459 >15ms=7731 >20ms=67 >30ms=0 | probes=23462 wrfail=0 down=4s maxout=4s
 389.057  t=387s RTT mean=15114 min=10885 max=20456 n=55 to=0 | cancels=0(+0/s) seqbad=0 len_bad=0 disc=0(0x00) | tot_n=23516 tot_to=0 maxever=23257 >2ms=23516 >5ms=23514 >15ms=7776 >20ms=68 >30ms=0 | probes=23517 wrfail=0 down=4s maxout=4s
 391.024  t=388s RTT mean=15112 min=11912 max=15776 n=55 to=0 | cancels=0(+0/s) seqbad=0 len_bad=0 disc=0(0x00) | tot_n=23571 tot_to=0 maxever=23257 >2ms=23571 >5ms=23569 >15ms=7822 >20ms=68 >30ms=0 | probes=23572 wrfail=0 down=4s maxout=4s
 391.024  t=389s RTT mean=15044 min=10885 max=16666 n=55 to=0 | cancels=0(+0/s) seqbad=0 len_bad=0 disc=0(0x00) | tot_n=23626 tot_to=0 maxever=23257 >2ms=23626 >5ms=23624 >15ms=7867 >20ms=68 >30ms=0 | probes=23627 wrfail=0 down=4s maxout=4s
 393.004  t=390s RTT mean=15116 min=10885 max=20502 n=55 to=0 | cancels=0(+0/s) seqbad=0 len_bad=0 disc=0(0x00) | tot_n=23681 tot_to=0 maxever=23257 >2ms=23681 >5ms=23679 >15ms=7913 >20ms=69 >30ms=0 | probes=23682 wrfail=0 down=4s maxout=4s
 393.064  t=391s RTT mean=15182 min=11912 max=19406 n=55 to=0 | cancels=0(+0/s) seqbad=0 len_bad=0 disc=0(0x00) | tot_n=23736 tot_to=0 maxever=23257 >2ms=23736 >5ms=23734 >15ms=7959 >20ms=69 >30ms=0 | probes=23737 wrfail=0 down=4s maxout=4s
 395.014  t=392s RTT mean=14976 min=5778 max=15775 n=55 to=0 | cancels=0(+0/s) seqbad=0 len_bad=0 disc=0(0x00) | tot_n=23791 tot_to=0 maxever=23257 >2ms=23791 >5ms=23789 >15ms=8005 >20ms=69 >30ms=0 | probes=23792 wrfail=0 down=4s maxout=4s
 395.074  t=393s RTT mean=15114 min=10885 max=20503 n=55 to=0 | cancels=0(+0/s) seqbad=0 len_bad=0 disc=0(0x00) | tot_n=23846 tot_to=0 maxever=23257 >2ms=23846 >5ms=23844 >15ms=8050 >20ms=70 >30ms=0 | probes=23847 wrfail=0 down=4s maxout=4s
 397.040  t=394s RTT mean=15112 min=11913 max=15776 n=55 to=0 | cancels=0(+0/s) seqbad=0 len_bad=0 disc=0(0x00) | tot_n=23901 tot_to=0 maxever=23257 >2ms=23901 >5ms=23899 >15ms=8096 >20ms=70 >30ms=0 | probes=23902 wrfail=0 down=4s maxout=4s
 397.041  t=395s RTT mean=15045 min=10885 max=15765 n=55 to=0 | cancels=0(+0/s) seqbad=0 len_bad=0 disc=0(0x00) | tot_n=23956 tot_to=0 maxever=23257 >2ms=23956 >5ms=23954 >15ms=8142 >20ms=70 >30ms=0 | probes=23957 wrfail=0 down=4s maxout=4s
 399.004  t=396s RTT mean=15116 min=10884 max=20517 n=55 to=0 | cancels=0(+0/s) seqbad=0 len_bad=0 disc=0(0x00) | tot_n=24011 tot_to=0 maxever=23257 >2ms=24011 >5ms=24009 >15ms=8188 >20ms=71 >30ms=0 | probes=24012 wrfail=0 down=4s maxout=4s
 399.064  t=397s RTT mean=15112 min=11912 max=15757 n=55 to=0 | cancels=0(+0/s) seqbad=0 len_bad=0 disc=0(0x00) | tot_n=24066 tot_to=0 maxever=23257 >2ms=24066 >5ms=24064 >15ms=8234 >20ms=71 >30ms=0 | probes=24067 wrfail=0 down=4s maxout=4s
 401.047  t=398s RTT mean=15046 min=10884 max=15767 n=55 to=0 | cancels=0(+0/s) seqbad=0 len_bad=0 disc=0(0x00) | tot_n=24121 tot_to=0 maxever=23257 >2ms=24121 >5ms=24119 >15ms=8280 >20ms=71 >30ms=0 | probes=24122 wrfail=0 down=4s maxout=4s
 401.047  t=399s RTT mean=15114 min=10885 max=20516 n=55 to=0 | cancels=0(+0/s) seqbad=0 len_bad=0 disc=0(0x00) | tot_n=24176 tot_to=0 maxever=23257 >2ms=24176 >5ms=24174 >15ms=8325 >20ms=72 >30ms=0 | probes=24177 wrfail=0 down=4s maxout=4s
 403.014  t=400s RTT mean=15112 min=11913 max=15776 n=55 to=0 | cancels=0(+0/s) seqbad=0 len_bad=0 disc=0(0x00) | tot_n=24231 tot_to=0 maxever=23257 >2ms=24231 >5ms=24229 >15ms=8371 >20ms=72 >30ms=0 | probes=24232 wrfail=0 down=4s maxout=4s
 403.070  t=401s RTT mean=15179 min=10885 max=22069 n=55 to=0 | cancels=0(+0/s) seqbad=0 len_bad=0 disc=0(0x00) | tot_n=24286 tot_to=0 maxever=23257 >2ms=24286 >5ms=24284 >15ms=8416 >20ms=73 >30ms=0 | probes=24287 wrfail=0 down=4s maxout=4s
 405.048  t=402s RTT mean=15046 min=10885 max=15767 n=55 to=0 | cancels=0(+0/s) seqbad=0 len_bad=0 disc=0(0x00) | tot_n=24341 tot_to=0 maxever=23257 >2ms=24341 >5ms=24339 >15ms=8462 >20ms=73 >30ms=0 | probes=24342 wrfail=0 down=4s maxout=4s
 405.049  t=403s RTT mean=15044 min=10885 max=16667 n=55 to=0 | cancels=0(+0/s) seqbad=0 len_bad=0 disc=0(0x00) | tot_n=24396 tot_to=0 maxever=23257 >2ms=24396 >5ms=24394 >15ms=8507 >20ms=73 >30ms=0 | probes=24397 wrfail=0 down=4s maxout=4s
 407.050  t=404s RTT mean=15114 min=10884 max=20457 n=55 to=0 | cancels=0(+0/s) seqbad=0 len_bad=0 disc=0(0x00) | tot_n=24451 tot_to=0 maxever=23257 >2ms=24451 >5ms=24449 >15ms=8552 >20ms=74 >30ms=0 | probes=24452 wrfail=0 down=4s maxout=4s
 407.051  t=405s RTT mean=15112 min=11912 max=15758 n=55 to=0 | cancels=0(+0/s) seqbad=0 len_bad=0 disc=0(0x00) | tot_n=24506 tot_to=0 maxever=23257 >2ms=24506 >5ms=24504 >15ms=8598 >20ms=74 >30ms=0 | probes=24507 wrfail=0 down=4s maxout=4s
 409.000  t=406s RTT mean=15046 min=10885 max=15766 n=55 to=0 | cancels=0(+0/s) seqbad=0 len_bad=0 disc=0(0x00) | tot_n=24561 tot_to=0 maxever=23257 >2ms=24561 >5ms=24559 >15ms=8644 >20ms=74 >30ms=0 | probes=24562 wrfail=0 down=4s maxout=4s
 409.061  t=407s RTT mean=15115 min=10885 max=20516 n=55 to=0 | cancels=0(+0/s) seqbad=0 len_bad=0 disc=0(0x00) | tot_n=24616 tot_to=0 maxever=23257 >2ms=24616 >5ms=24614 >15ms=8690 >20ms=75 >30ms=0 | probes=24617 wrfail=0 down=4s maxout=4s
 411.014  t=408s RTT mean=15111 min=11912 max=16666 n=55 to=0 | cancels=0(+0/s) seqbad=0 len_bad=0 disc=0(0x00) | tot_n=24671 tot_to=0 maxever=23257 >2ms=24671 >5ms=24669 >15ms=8735 >20ms=75 >30ms=0 | probes=24672 wrfail=0 down=4s maxout=4s
 411.073  t=409s RTT mean=15114 min=10885 max=20458 n=55 to=0 | cancels=0(+0/s) seqbad=0 len_bad=0 disc=0(0x00) | tot_n=24726 tot_to=0 maxever=23257 >2ms=24726 >5ms=24724 >15ms=8780 >20ms=76 >30ms=0 | probes=24727 wrfail=0 down=4s maxout=4s
 413.016  t=410s RTT mean=15112 min=11912 max=15775 n=55 to=0 | cancels=0(+0/s) seqbad=0 len_bad=0 disc=0(0x00) | tot_n=24781 tot_to=0 maxever=23257 >2ms=24781 >5ms=24779 >15ms=8826 >20ms=76 >30ms=0 | probes=24782 wrfail=0 down=4s maxout=4s
 413.076  t=411s RTT mean=15046 min=10885 max=15767 n=55 to=0 | cancels=0(+0/s) seqbad=0 len_bad=0 disc=0(0x00) | tot_n=24836 tot_to=0 maxever=23257 >2ms=24836 >5ms=24834 >15ms=8872 >20ms=76 >30ms=0 | probes=24837 wrfail=0 down=4s maxout=4s
 415.007  t=412s RTT mean=15116 min=10885 max=20517 n=55 to=0 | cancels=0(+0/s) seqbad=0 len_bad=0 disc=0(0x00) | tot_n=24891 tot_to=0 maxever=23257 >2ms=24891 >5ms=24889 >15ms=8918 >20ms=77 >30ms=0 | probes=24892 wrfail=0 down=4s maxout=4s
 415.067  t=413s RTT mean=15112 min=11912 max=15758 n=55 to=0 | cancels=0(+0/s) seqbad=0 len_bad=0 disc=0(0x00) | tot_n=24946 tot_to=0 maxever=23257 >2ms=24946 >5ms=24944 >15ms=8964 >20ms=77 >30ms=0 | probes=24947 wrfail=0 down=4s maxout=4s
 417.037  t=414s RTT mean=15046 min=10885 max=15766 n=55 to=0 | cancels=0(+0/s) seqbad=0 len_bad=0 disc=0(0x00) | tot_n=25001 tot_to=0 maxever=23257 >2ms=25001 >5ms=24999 >15ms=9010 >20ms=77 >30ms=0 | probes=25002 wrfail=0 down=4s maxout=4s
 417.037  t=415s RTT mean=15115 min=10885 max=19665 n=55 to=0 | cancels=0(+0/s) seqbad=0 len_bad=0 disc=0(0x00) | tot_n=25056 tot_to=0 maxever=23257 >2ms=25056 >5ms=25054 >15ms=9056 >20ms=77 >30ms=0 | probes=25057 wrfail=0 down=4s maxout=4s
 419.041  t=416s RTT mean=15112 min=11912 max=15776 n=55 to=0 | cancels=0(+0/s) seqbad=0 len_bad=0 disc=0(0x00) | tot_n=25111 tot_to=0 maxever=23257 >2ms=25111 >5ms=25109 >15ms=9102 >20ms=77 >30ms=0 | probes=25112 wrfail=0 down=4s maxout=4s
 419.041  t=417s RTT mean=15115 min=10885 max=20505 n=55 to=0 | cancels=0(+0/s) seqbad=0 len_bad=0 disc=0(0x00) | tot_n=25166 tot_to=0 maxever=23257 >2ms=25166 >5ms=25164 >15ms=9148 >20ms=78 >30ms=0 | probes=25167 wrfail=0 down=4s maxout=4s
 421.007  t=418s RTT mean=15249 min=11912 max=23256 n=55 to=0 | cancels=0(+0/s) seqbad=0 len_bad=0 disc=0(0x00) | tot_n=25221 tot_to=0 maxever=23257 >2ms=25221 >5ms=25219 >15ms=9194 >20ms=79 >30ms=0 | probes=25222 wrfail=0 down=4s maxout=4s
 421.064  t=419s RTT mean=15044 min=10885 max=16666 n=55 to=0 | cancels=0(+0/s) seqbad=0 len_bad=0 disc=0(0x00) | tot_n=25276 tot_to=0 maxever=23257 >2ms=25276 >5ms=25274 >15ms=9239 >20ms=79 >30ms=0 | probes=25277 wrfail=0 down=4s maxout=4s
 423.041  t=420s RTT mean=15043 min=7040 max=19412 n=55 to=0 | cancels=0(+0/s) seqbad=0 len_bad=0 disc=0(0x00) | tot_n=25331 tot_to=0 maxever=23257 >2ms=25331 >5ms=25329 >15ms=9283 >20ms=79 >30ms=0 | probes=25332 wrfail=0 down=4s maxout=4s
 423.041  t=421s RTT mean=15044 min=10885 max=16666 n=55 to=0 | cancels=0(+0/s) seqbad=0 len_bad=0 disc=0(0x00) | tot_n=25386 tot_to=0 maxever=23257 >2ms=25386 >5ms=25384 >15ms=9328 >20ms=79 >30ms=0 | probes=25387 wrfail=0 down=4s maxout=4s
 425.030  t=422s RTT mean=15040 min=10886 max=16963 n=55 to=0 | cancels=0(+0/s) seqbad=0 len_bad=0 disc=0(0x00) | tot_n=25441 tot_to=0 maxever=23257 >2ms=25441 >5ms=25439 >15ms=9369 >20ms=79 >30ms=0 | probes=25442 wrfail=0 down=4s maxout=4s
 425.030  t=423s RTT mean=15115 min=10885 max=20517 n=55 to=0 | cancels=0(+0/s) seqbad=0 len_bad=0 disc=0(0x00) | tot_n=25496 tot_to=0 maxever=23257 >2ms=25496 >5ms=25494 >15ms=9415 >20ms=80 >30ms=0 | probes=25497 wrfail=0 down=4s maxout=4s
 427.033  t=424s RTT mean=15109 min=11912 max=16666 n=55 to=0 | cancels=0(+0/s) seqbad=0 len_bad=0 disc=0(0x00) | tot_n=25551 tot_to=0 maxever=23257 >2ms=25551 >5ms=25549 >15ms=9459 >20ms=80 >30ms=0 | probes=25552 wrfail=0 down=4s maxout=4s
 427.033  PCTL target=150 tot=3299 to=0 p50=15 p90=15 p99=16 p99.9=20 max=23 g30=0 g100=0 (ms/counts)
 427.033  LOADRAMP: cycle complete
 427.033  LOADRAMP: target=0 KBps for 60s
 427.033  t=425s RTT mean=13766 min=10885 max=16667 n=60 to=0 | cancels=0(+0/s) seqbad=0 len_bad=0 disc=0(0x00) | tot_n=25611 tot_to=0 maxever=23257 >2ms=25611 >5ms=25609 >15ms=9488 >20ms=80 >30ms=0 | probes=25611 wrfail=0 down=4s maxout=4s
 429.017  t=426s RTT mean=11915 min=11912 max=11934 n=66 to=0 | cancels=0(+0/s) seqbad=0 len_bad=0 disc=0(0x00) | tot_n=25677 tot_to=0 maxever=23257 >2ms=25677 >5ms=25675 >15ms=9488 >20ms=80 >30ms=0 | probes=25678 wrfail=0 down=4s maxout=4s
 429.018  t=427s RTT mean=11915 min=11911 max=11924 n=67 to=0 | cancels=0(+0/s) seqbad=0 len_bad=0 disc=0(0x00) | tot_n=25744 tot_to=0 maxever=23257 >2ms=25744 >5ms=25742 >15ms=9488 >20ms=80 >30ms=0 | probes=25745 wrfail=0 down=4s maxout=4s
 431.030  t=428s RTT mean=11915 min=11900 max=11933 n=67 to=0 | cancels=0(+0/s) seqbad=0 len_bad=0 disc=0(0x00) | tot_n=25811 tot_to=0 maxever=23257 >2ms=25811 >5ms=25809 >15ms=9488 >20ms=80 >30ms=0 | probes=25811 wrfail=0 down=4s maxout=4s
 431.030  t=429s RTT mean=11915 min=11912 max=11923 n=66 to=0 | cancels=0(+0/s) seqbad=0 len_bad=0 disc=0(0x00) | tot_n=25877 tot_to=0 maxever=23257 >2ms=25877 >5ms=25875 >15ms=9488 >20ms=80 >30ms=0 | probes=25878 wrfail=0 down=4s maxout=4s
 433.007  t=430s RTT mean=11915 min=11912 max=11933 n=67 to=0 | cancels=0(+0/s) seqbad=0 len_bad=0 disc=0(0x00) | tot_n=25944 tot_to=0 maxever=23257 >2ms=25944 >5ms=25942 >15ms=9488 >20ms=80 >30ms=0 | probes=25945 wrfail=0 down=4s maxout=4s
 433.064  t=431s RTT mean=11915 min=11912 max=11923 n=67 to=0 | cancels=0(+0/s) seqbad=0 len_bad=0 disc=0(0x00) | tot_n=26011 tot_to=0 maxever=23257 >2ms=26011 >5ms=26009 >15ms=9488 >20ms=80 >30ms=0 | probes=26011 wrfail=0 down=4s maxout=4s
 435.030  t=432s RTT mean=11913 min=11818 max=11932 n=66 to=0 | cancels=0(+0/s) seqbad=0 len_bad=0 disc=0(0x00) | tot_n=26077 tot_to=0 maxever=23257 >2ms=26077 >5ms=26075 >15ms=9488 >20ms=80 >30ms=0 | probes=26078 wrfail=0 down=4s maxout=4s
 435.030  t=433s RTT mean=11915 min=11912 max=11923 n=67 to=0 | cancels=0(+0/s) seqbad=0 len_bad=0 disc=0(0x00) | tot_n=26144 tot_to=0 maxever=23257 >2ms=26144 >5ms=26142 >15ms=9488 >20ms=80 >30ms=0 | probes=26145 wrfail=0 down=4s maxout=4s
 437.046  t=434s RTT mean=11915 min=11912 max=11933 n=67 to=0 | cancels=0(+0/s) seqbad=0 len_bad=0 disc=0(0x00) | tot_n=26211 tot_to=0 maxever=23257 >2ms=26211 >5ms=26209 >15ms=9488 >20ms=80 >30ms=0 | probes=26212 wrfail=0 down=4s maxout=4s
 437.046  t=435s RTT mean=11915 min=11912 max=11923 n=66 to=0 | cancels=0(+0/s) seqbad=0 len_bad=0 disc=0(0x00) | tot_n=26277 tot_to=0 maxever=23257 >2ms=26277 >5ms=26275 >15ms=9488 >20ms=80 >30ms=0 | probes=26278 wrfail=0 down=4s maxout=4s
 439.017  t=436s RTT mean=11915 min=11906 max=11934 n=67 to=0 | cancels=0(+0/s) seqbad=0 len_bad=0 disc=0(0x00) | tot_n=26344 tot_to=0 maxever=23257 >2ms=26344 >5ms=26342 >15ms=9488 >20ms=80 >30ms=0 | probes=26345 wrfail=0 down=4s maxout=4s
 439.077  t=437s RTT mean=11915 min=11912 max=11923 n=67 to=0 | cancels=0(+0/s) seqbad=0 len_bad=0 disc=0(0x00) | tot_n=26411 tot_to=0 maxever=23257 >2ms=26411 >5ms=26409 >15ms=9488 >20ms=80 >30ms=0 | probes=26412 wrfail=0 down=4s maxout=4s
 441.007  t=438s RTT mean=11915 min=11911 max=11933 n=66 to=0 | cancels=0(+0/s) seqbad=0 len_bad=0 disc=0(0x00) | tot_n=26477 tot_to=0 maxever=23257 >2ms=26477 >5ms=26475 >15ms=9488 >20ms=80 >30ms=0 | probes=26478 wrfail=0 down=4s maxout=4s
 441.064  t=439s RTT mean=11915 min=11912 max=11923 n=67 to=0 | cancels=0(+0/s) seqbad=0 len_bad=0 disc=0(0x00) | tot_n=26544 tot_to=0 maxever=23257 >2ms=26544 >5ms=26542 >15ms=9488 >20ms=80 >30ms=0 | probes=26545 wrfail=0 down=4s maxout=4s
 443.034  t=440s RTT mean=11915 min=11912 max=11933 n=67 to=0 | cancels=0(+0/s) seqbad=0 len_bad=0 disc=0(0x00) | tot_n=26611 tot_to=0 maxever=23257 >2ms=26611 >5ms=26609 >15ms=9488 >20ms=80 >30ms=0 | probes=26612 wrfail=0 down=4s maxout=4s
 443.034  t=441s RTT mean=11915 min=11899 max=11933 n=66 to=0 | cancels=0(+0/s) seqbad=0 len_bad=0 disc=0(0x00) | tot_n=26677 tot_to=0 maxever=23257 >2ms=26677 >5ms=26675 >15ms=9488 >20ms=80 >30ms=0 | probes=26678 wrfail=0 down=4s maxout=4s
 445.035  t=442s RTT mean=11916 min=11911 max=11949 n=67 to=0 | cancels=0(+0/s) seqbad=0 len_bad=0 disc=0(0x00) | tot_n=26744 tot_to=0 maxever=23257 >2ms=26744 >5ms=26742 >15ms=9488 >20ms=80 >30ms=0 | probes=26745 wrfail=0 down=4s maxout=4s
 445.035  t=443s RTT mean=11915 min=11912 max=11948 n=67 to=0 | cancels=0(+0/s) seqbad=0 len_bad=0 disc=0(0x00) | tot_n=26811 tot_to=0 maxever=23257 >2ms=26811 >5ms=26809 >15ms=9488 >20ms=80 >30ms=0 | probes=26812 wrfail=0 down=4s maxout=4s
 447.037  t=444s RTT mean=11916 min=11910 max=11948 n=66 to=0 | cancels=0(+0/s) seqbad=0 len_bad=0 disc=0(0x00) | tot_n=26877 tot_to=0 maxever=23257 >2ms=26877 >5ms=26875 >15ms=9488 >20ms=80 >30ms=0 | probes=26878 wrfail=0 down=4s maxout=4s
 447.037  t=445s RTT mean=11916 min=11808 max=12028 n=67 to=0 | cancels=0(+0/s) seqbad=0 len_bad=0 disc=0(0x00) | tot_n=26944 tot_to=0 maxever=23257 >2ms=26944 >5ms=26942 >15ms=9488 >20ms=80 >30ms=0 | probes=26945 wrfail=0 down=4s maxout=4s
 448.999  t=446s RTT mean=11916 min=11912 max=11948 n=67 to=0 | cancels=0(+0/s) seqbad=0 len_bad=0 disc=0(0x00) | tot_n=27011 tot_to=0 maxever=23257 >2ms=27011 >5ms=27009 >15ms=9488 >20ms=80 >30ms=0 | probes=27012 wrfail=0 down=4s maxout=4s
 449.057  t=447s RTT mean=11916 min=11912 max=11949 n=67 to=0 | cancels=0(+0/s) seqbad=0 len_bad=0 disc=0(0x00) | tot_n=27078 tot_to=0 maxever=23257 >2ms=27078 >5ms=27076 >15ms=9488 >20ms=80 >30ms=0 | probes=27078 wrfail=0 down=4s maxout=4s
