   1.852  t=1s RTT mean=0 min=0 max=0 n=0 to=0 | cancels=0(+0/s) seqbad=0 len_bad=0 disc=0(0x00) | tot_n=0 tot_to=0 maxever=0 >2ms=0 >5ms=0 >15ms=0 >20ms=0 >30ms=0 | probes=0 wrfail=0 down=1s maxout=1s
   1.852  Q2CONN AA=5a9d810f CRCINIT=2649cc hop=14 chan_count=37 map=ffffffff1f
   1.852  GAP connected interval=7500
   1.852  MTU err=0 mtu=247
   1.852  PHY tx=2 rx=2
   1.852  t=2s RTT mean=0 min=0 max=0 n=0 to=0 | cancels=0(+0/s) seqbad=0 len_bad=0 disc=0(0x00) | tot_n=0 tot_to=0 maxever=0 >2ms=0 >5ms=0 >15ms=0 >20ms=0 >30ms=0 | probes=0 wrfail=0 down=2s maxout=2s
   2.027  *** Booting Zephyr OS build v4.4.2-16-gfee9fbc62095 ***
   2.087  [00:50:56.916,012] [0m<inf> bt_hci_core: HW Platform: Nordic Semiconductor (0x0002)[0m
   2.087  [00:50:56.916,024] [0m<inf> bt_hci_core: HW Variant: nRF54Lx (0x0005)[0m
   2.087  [00:50:56.916,036] [0m<inf> bt_hci_core: Firmware: Standard Bluetooth controller (0x00) Version 4.4 Build 2[0m
   2.087  [00:50:56.916,388] [0m<inf> bt_hci_core: HCI transport: Controller[0m
   2.087  [00:50:56.916,435] [0m<inf> bt_hci_core: Identity: FC:BE:FF:FA:E6:8B (random)[0m
   2.087  [00:50:56.916,450] [0m<inf> bt_hci_core: HCI: version 5.4 (0x0d) revision 0x0000, manufacturer 0x05f1[0m
   2.087  [00:50:56.916,465] [0m<inf> bt_hci_core: LMP: version 5.4 (0x0d) subver 0xffff[0m
   2.087  
   2.087  === nRF54L15 RTT ping-pong CENTRAL ===
   2.087  scan rc=0
   4.032  t=1s RTT mean=0 min=0 max=0 n=0 to=0 | cancels=0(+0/s) seqbad=0 len_bad=0 disc=0(0x00) | tot_n=0 tot_to=0 maxever=0 >2ms=0 >5ms=0 >15ms=0 >20ms=0 >30ms=0 | probes=0 wrfail=0 down=1s maxout=1s
   4.089  t=2s RTT mean=0 min=0 max=0 n=0 to=0 | cancels=0(+0/s) seqbad=0 len_bad=0 disc=0(0x00) | tot_n=0 tot_to=0 maxever=0 >2ms=0 >5ms=0 >15ms=0 >20ms=0 >30ms=0 | probes=0 wrfail=0 down=2s maxout=2s
   6.053  t=3s RTT mean=0 min=0 max=0 n=0 to=0 | cancels=0(+0/s) seqbad=0 len_bad=0 disc=0(0x00) | tot_n=0 tot_to=0 maxever=0 >2ms=0 >5ms=0 >15ms=0 >20ms=0 >30ms=0 | probes=0 wrfail=0 down=3s maxout=3s
   6.054  Q2CONN AA=d8ab863e CRCINIT=fee235 hop=12 chan_count=37 map=ffffffff1f
   6.054  GAP connected interval=7500
   6.054  MTU err=0 mtu=247
   6.105  t=4s RTT mean=0 min=0 max=0 n=0 to=0 | cancels=0(+0/s) seqbad=0 len_bad=0 disc=0(0x00) | tot_n=0 tot_to=0 maxever=0 >2ms=0 >5ms=0 >15ms=0 >20ms=0 >30ms=0 | probes=0 wrfail=0 down=4s maxout=4s
   6.105  PHY tx=2 rx=2
   7.547  discovery start (post-PHY +500ms) interval=7500 phy2m=1
   7.547  SUBSCRIBED, vh=14
   7.605  LOADRAMP: bulk char handle=17
   7.605  LOADRAMP: target=0 KBps for 60s
   7.605  t=5s RTT mean=11839 min=9961 max=11923 n=26 to=0 | cancels=0(+0/s) seqbad=0 len_bad=0 disc=0(0x00) | tot_n=26 tot_to=0 maxever=11923 >2ms=26 >5ms=26 >15ms=0 >20ms=0 >30ms=0 | probes=27 wrfail=0 down=4s maxout=4s
   9.065  t=6s RTT mean=11915 min=11912 max=11934 n=67 to=0 | cancels=0(+0/s) seqbad=0 len_bad=0 disc=0(0x00) | tot_n=93 tot_to=0 maxever=11934 >2ms=93 >5ms=93 >15ms=0 >20ms=0 >30ms=0 | probes=93 wrfail=0 down=4s maxout=4s
   9.065  t=7s RTT mean=11914 min=11872 max=11923 n=66 to=0 | cancels=0(+0/s) seqbad=0 len_bad=0 disc=0(0x00) | tot_n=159 tot_to=0 maxever=11934 >2ms=159 >5ms=159 >15ms=0 >20ms=0 >30ms=0 | probes=160 wrfail=0 down=4s maxout=4s
  10.595  FSU: request [52..52] us (ACL both dirs, 1M+2M) rc=0
  10.595  FSU: updated status=0x00 spacing=52 us phys=0x3 types=0x3 initiator=0
  10.655  t=8s RTT mean=11914 min=11776 max=11961 n=67 to=0 | cancels=0(+0/s) seqbad=0 len_bad=0 disc=0(0x00) | tot_n=226 tot_to=0 maxever=11961 >2ms=226 >5ms=226 >15ms=0 >20ms=0 >30ms=0 | probes=227 wrfail=0 down=4s maxout=4s
  12.087  t=9s RTT mean=12029 min=11912 max=19414 n=66 to=0 | cancels=0(+0/s) seqbad=0 len_bad=0 disc=0(0x00) | tot_n=292 tot_to=0 maxever=19414 >2ms=292 >5ms=292 >15ms=1 >20ms=0 >30ms=0 | probes=293 wrfail=0 down=4s maxout=4s
  12.087  t=10s RTT mean=11915 min=11900 max=11934 n=67 to=0 | cancels=0(+0/s) seqbad=0 len_bad=0 disc=0(0x00) | tot_n=359 tot_to=0 maxever=19414 >2ms=359 >5ms=359 >15ms=1 >20ms=0 >30ms=0 | probes=360 wrfail=0 down=4s maxout=4s
  14.055  t=11s RTT mean=11915 min=11910 max=11933 n=67 to=0 | cancels=0(+0/s) seqbad=0 len_bad=0 disc=0(0x00) | tot_n=426 tot_to=0 maxever=19414 >2ms=426 >5ms=426 >15ms=1 >20ms=0 >30ms=0 | probes=426 wrfail=0 down=4s maxout=4s
  14.055  t=12s RTT mean=11915 min=11912 max=11924 n=66 to=0 | cancels=0(+0/s) seqbad=0 len_bad=0 disc=0(0x00) | tot_n=492 tot_to=0 maxever=19414 >2ms=492 >5ms=492 >15ms=1 >20ms=0 >30ms=0 | probes=493 wrfail=0 down=4s maxout=4s
  16.062  t=13s RTT mean=11915 min=11912 max=11934 n=67 to=0 | cancels=0(+0/s) seqbad=0 len_bad=0 disc=0(0x00) | tot_n=559 tot_to=0 maxever=19414 >2ms=559 >5ms=559 >15ms=1 >20ms=0 >30ms=0 | probes=560 wrfail=0 down=4s maxout=4s
  16.062  t=14s RTT mean=11915 min=11912 max=11923 n=67 to=0 | cancels=0(+0/s) seqbad=0 len_bad=0 disc=0(0x00) | tot_n=626 tot_to=0 maxever=19414 >2ms=626 >5ms=626 >15ms=1 >20ms=0 >30ms=0 | probes=626 wrfail=0 down=4s maxout=4s
  18.039  t=15s RTT mean=11915 min=11912 max=11934 n=66 to=0 | cancels=0(+0/s) seqbad=0 len_bad=0 disc=0(0x00) | tot_n=692 tot_to=0 maxever=19414 >2ms=692 >5ms=692 >15ms=1 >20ms=0 >30ms=0 | probes=693 wrfail=0 down=4s maxout=4s
  18.099  t=16s RTT mean=11915 min=11912 max=11923 n=67 to=0 | cancels=0(+0/s) seqbad=0 len_bad=0 disc=0(0x00) | tot_n=759 tot_to=0 maxever=19414 >2ms=759 >5ms=759 >15ms=1 >20ms=0 >30ms=0 | probes=760 wrfail=0 down=4s maxout=4s
  20.041  t=17s RTT mean=11915 min=11910 max=11925 n=67 to=0 | cancels=0(+0/s) seqbad=0 len_bad=0 disc=0(0x00) | tot_n=826 tot_to=0 maxever=19414 >2ms=826 >5ms=826 >15ms=1 >20ms=0 >30ms=0 | probes=826 wrfail=0 down=4s maxout=4s
  20.096  t=18s RTT mean=11914 min=11905 max=11923 n=66 to=0 | cancels=0(+0/s) seqbad=0 len_bad=0 disc=0(0x00) | tot_n=892 tot_to=0 maxever=19414 >2ms=892 >5ms=892 >15ms=1 >20ms=0 >30ms=0 | probes=893 wrfail=0 down=4s maxout=4s
  22.039  t=19s RTT mean=11915 min=11912 max=11933 n=67 to=0 | cancels=0(+0/s) seqbad=0 len_bad=0 disc=0(0x00) | tot_n=959 tot_to=0 maxever=19414 >2ms=959 >5ms=959 >15ms=1 >20ms=0 >30ms=0 | probes=960 wrfail=0 down=4s maxout=4s
  22.096  t=20s RTT mean=11915 min=11912 max=11923 n=67 to=0 | cancels=0(+0/s) seqbad=0 len_bad=0 disc=0(0x00) | tot_n=1026 tot_to=0 maxever=19414 >2ms=1026 >5ms=1026 >15ms=1 >20ms=0 >30ms=0 | probes=1026 wrfail=0 down=4s maxout=4s
  24.049  t=21s RTT mean=11915 min=11911 max=11933 n=66 to=0 | cancels=0(+0/s) seqbad=0 len_bad=0 disc=0(0x00) | tot_n=1092 tot_to=0 maxever=19414 >2ms=1092 >5ms=1092 >15ms=1 >20ms=0 >30ms=0 | probes=1093 wrfail=0 down=4s maxout=4s
  24.104  t=22s RTT mean=11915 min=11901 max=11934 n=67 to=0 | cancels=0(+0/s) seqbad=0 len_bad=0 disc=0(0x00) | tot_n=1159 tot_to=0 maxever=19414 >2ms=1159 >5ms=1159 >15ms=1 >20ms=0 >30ms=0 | probes=1160 wrfail=0 down=4s maxout=4s
  26.055  t=23s RTT mean=11915 min=11912 max=11924 n=67 to=0 | cancels=0(+0/s) seqbad=0 len_bad=0 disc=0(0x00) | tot_n=1226 tot_to=0 maxever=19414 >2ms=1226 >5ms=1226 >15ms=1 >20ms=0 >30ms=0 | probes=1227 wrfail=0 down=4s maxout=4s
  26.114  t=24s RTT mean=11915 min=11912 max=11924 n=66 to=0 | cancels=0(+0/s) seqbad=0 len_bad=0 disc=0(0x00) | tot_n=1292 tot_to=0 maxever=19414 >2ms=1292 >5ms=1292 >15ms=1 >20ms=0 >30ms=0 | probes=1293 wrfail=0 down=4s maxout=4s
  28.089  t=25s RTT mean=11915 min=11912 max=11934 n=67 to=0 | cancels=0(+0/s) seqbad=0 len_bad=0 disc=0(0x00) | tot_n=1359 tot_to=0 maxever=19414 >2ms=1359 >5ms=1359 >15ms=1 >20ms=0 >30ms=0 | probes=1360 wrfail=0 down=4s maxout=4s
  28.089  t=26s RTT mean=11915 min=11912 max=11924 n=67 to=0 | cancels=0(+0/s) seqbad=0 len_bad=0 disc=0(0x00) | tot_n=1426 tot_to=0 maxever=19414 >2ms=1426 >5ms=1426 >15ms=1 >20ms=0 >30ms=0 | probes=1427 wrfail=0 down=4s maxout=4s
  30.056  t=27s RTT mean=11915 min=11910 max=11933 n=66 to=0 | cancels=0(+0/s) seqbad=0 len_bad=0 disc=0(0x00) | tot_n=1492 tot_to=0 maxever=19414 >2ms=1492 >5ms=1492 >15ms=1 >20ms=0 >30ms=0 | probes=1493 wrfail=0 down=4s maxout=4s
  30.115  t=28s RTT mean=11915 min=11912 max=11923 n=67 to=0 | cancels=0(+0/s) seqbad=0 len_bad=0 disc=0(0x00) | tot_n=1559 tot_to=0 maxever=19414 >2ms=1559 >5ms=1559 >15ms=1 >20ms=0 >30ms=0 | probes=1560 wrfail=0 down=4s maxout=4s
  32.074  t=29s RTT mean=11915 min=11912 max=11924 n=67 to=0 | cancels=0(+0/s) seqbad=0 len_bad=0 disc=0(0x00) | tot_n=1626 tot_to=0 maxever=19414 >2ms=1626 >5ms=1626 >15ms=1 >20ms=0 >30ms=0 | probes=1627 wrfail=0 down=4s maxout=4s
  32.074  t=30s RTT mean=11915 min=11912 max=11924 n=66 to=0 | cancels=0(+0/s) seqbad=0 len_bad=0 disc=0(0x00) | tot_n=1692 tot_to=0 maxever=19414 >2ms=1692 >5ms=1692 >15ms=1 >20ms=0 >30ms=0 | probes=1693 wrfail=0 down=4s maxout=4s
  34.048  t=31s RTT mean=11915 min=11912 max=11934 n=67 to=0 | cancels=0(+0/s) seqbad=0 len_bad=0 disc=0(0x00) | tot_n=1759 tot_to=0 maxever=19414 >2ms=1759 >5ms=1759 >15ms=1 >20ms=0 >30ms=0 | probes=1760 wrfail=0 down=4s maxout=4s
  34.105  t=32s RTT mean=11915 min=11912 max=11924 n=67 to=0 | cancels=0(+0/s) seqbad=0 len_bad=0 disc=0(0x00) | tot_n=1826 tot_to=0 maxever=19414 >2ms=1826 >5ms=1826 >15ms=1 >20ms=0 >30ms=0 | probes=1827 wrfail=0 down=4s maxout=4s
  36.075  t=33s RTT mean=11915 min=11910 max=11932 n=66 to=0 | cancels=0(+0/s) seqbad=0 len_bad=0 disc=0(0x00) | tot_n=1892 tot_to=0 maxever=19414 >2ms=1892 >5ms=1892 >15ms=1 >20ms=0 >30ms=0 | probes=1893 wrfail=0 down=4s maxout=4s
  36.075  t=34s RTT mean=11915 min=11912 max=11924 n=67 to=0 | cancels=0(+0/s) seqbad=0 len_bad=0 disc=0(0x00) | tot_n=1959 tot_to=0 maxever=19414 >2ms=1959 >5ms=1959 >15ms=1 >20ms=0 >30ms=0 | probes=1960 wrfail=0 down=4s maxout=4s
  38.087  t=35s RTT mean=11915 min=11912 max=11932 n=67 to=0 | cancels=0(+0/s) seqbad=0 len_bad=0 disc=0(0x00) | tot_n=2026 tot_to=0 maxever=19414 >2ms=2026 >5ms=2026 >15ms=1 >20ms=0 >30ms=0 | probes=2027 wrfail=0 down=4s maxout=4s
  38.087  t=36s RTT mean=11915 min=11911 max=11925 n=67 to=0 | cancels=0(+0/s) seqbad=0 len_bad=0 disc=0(0x00) | tot_n=2093 tot_to=0 maxever=19414 >2ms=2093 >5ms=2093 >15ms=1 >20ms=0 >30ms=0 | probes=2093 wrfail=0 down=4s maxout=4s
  40.049  t=37s RTT mean=11915 min=11912 max=11949 n=66 to=0 | cancels=0(+0/s) seqbad=0 len_bad=0 disc=0(0x00) | tot_n=2159 tot_to=0 maxever=19414 >2ms=2159 >5ms=2159 >15ms=1 >20ms=0 >30ms=0 | probes=2160 wrfail=0 down=4s maxout=4s
  40.105  t=38s RTT mean=11916 min=11912 max=11949 n=67 to=0 | cancels=0(+0/s) seqbad=0 len_bad=0 disc=0(0x00) | tot_n=2226 tot_to=0 maxever=19414 >2ms=2226 >5ms=2226 >15ms=1 >20ms=0 >30ms=0 | probes=2227 wrfail=0 down=4s maxout=4s
  42.072  t=39s RTT mean=11916 min=11911 max=11948 n=67 to=0 | cancels=0(+0/s) seqbad=0 len_bad=0 disc=0(0x00) | tot_n=2293 tot_to=0 maxever=19414 >2ms=2293 >5ms=2293 >15ms=1 >20ms=0 >30ms=0 | probes=2293 wrfail=0 down=4s maxout=4s
  42.072  t=40s RTT mean=11915 min=11912 max=11948 n=66 to=0 | cancels=0(+0/s) seqbad=0 len_bad=0 disc=0(0x00) | tot_n=2359 tot_to=0 maxever=19414 >2ms=2359 >5ms=2359 >15ms=1 >20ms=0 >30ms=0 | probes=2360 wrfail=0 down=4s maxout=4s
  44.049  t=41s RTT mean=11916 min=11911 max=11949 n=67 to=0 | cancels=0(+0/s) seqbad=0 len_bad=0 disc=0(0x00) | tot_n=2426 tot_to=0 maxever=19414 >2ms=2426 >5ms=2426 >15ms=1 >20ms=0 >30ms=0 | probes=2427 wrfail=0 down=4s maxout=4s
  44.105  t=42s RTT mean=11916 min=11912 max=11949 n=67 to=0 | cancels=0(+0/s) seqbad=0 len_bad=0 disc=0(0x00) | tot_n=2493 tot_to=0 maxever=19414 >2ms=2493 >5ms=2493 >15ms=1 >20ms=0 >30ms=0 | probes=2493 wrfail=0 down=4s maxout=4s
  46.089  t=43s RTT mean=11915 min=11912 max=11949 n=66 to=0 | cancels=0(+0/s) seqbad=0 len_bad=0 disc=0(0x00) | tot_n=2559 tot_to=0 maxever=19414 >2ms=2559 >5ms=2559 >15ms=1 >20ms=0 >30ms=0 | probes=2560 wrfail=0 down=4s maxout=4s
  46.089  t=44s RTT mean=11916 min=11912 max=11949 n=67 to=0 | cancels=0(+0/s) seqbad=0 len_bad=0 disc=0(0x00) | tot_n=2626 tot_to=0 maxever=19414 >2ms=2626 >5ms=2626 >15ms=1 >20ms=0 >30ms=0 | probes=2627 wrfail=0 down=4s maxout=4s
  48.065  t=45s RTT mean=11916 min=11911 max=11948 n=67 to=0 | cancels=0(+0/s) seqbad=0 len_bad=0 disc=0(0x00) | tot_n=2693 tot_to=0 maxever=19414 >2ms=2693 >5ms=2693 >15ms=1 >20ms=0 >30ms=0 | probes=2693 wrfail=0 down=4s maxout=4s
  48.066  t=46s RTT mean=11915 min=11912 max=11923 n=66 to=0 | cancels=0(+0/s) seqbad=0 len_bad=0 disc=0(0x00) | tot_n=2759 tot_to=0 maxever=19414 >2ms=2759 >5ms=2759 >15ms=1 >20ms=0 >30ms=0 | probes=2760 wrfail=0 down=4s maxout=4s
  50.079  t=47s RTT mean=11915 min=11912 max=11933 n=67 to=0 | cancels=0(+0/s) seqbad=0 len_bad=0 disc=0(0x00) | tot_n=2826 tot_to=0 maxever=19414 >2ms=2826 >5ms=2826 >15ms=1 >20ms=0 >30ms=0 | probes=2827 wrfail=0 down=4s maxout=4s
  50.079  t=48s RTT mean=11915 min=11911 max=11924 n=67 to=0 | cancels=0(+0/s) seqbad=0 len_bad=0 disc=0(0x00) | tot_n=2893 tot_to=0 maxever=19414 >2ms=2893 >5ms=2893 >15ms=1 >20ms=0 >30ms=0 | probes=2893 wrfail=0 down=4s maxout=4s
  52.065  t=49s RTT mean=11915 min=11911 max=11934 n=66 to=0 | cancels=0(+0/s) seqbad=0 len_bad=0 disc=0(0x00) | tot_n=2959 tot_to=0 maxever=19414 >2ms=2959 >5ms=2959 >15ms=1 >20ms=0 >30ms=0 | probes=2960 wrfail=0 down=4s maxout=4s
  52.065  t=50s RTT mean=11915 min=11900 max=11933 n=67 to=0 | cancels=0(+0/s) seqbad=0 len_bad=0 disc=0(0x00) | tot_n=3026 tot_to=0 maxever=19414 >2ms=3026 >5ms=3026 >15ms=1 >20ms=0 >30ms=0 | probes=3027 wrfail=0 down=4s maxout=4s
  54.059  t=51s RTT mean=11915 min=11911 max=11925 n=67 to=0 | cancels=0(+0/s) seqbad=0 len_bad=0 disc=0(0x00) | tot_n=3093 tot_to=0 maxever=19414 >2ms=3093 >5ms=3093 >15ms=1 >20ms=0 >30ms=0 | probes=3093 wrfail=0 down=4s maxout=4s
  54.119  t=52s RTT mean=11914 min=11912 max=11923 n=66 to=0 | cancels=0(+0/s) seqbad=0 len_bad=0 disc=0(0x00) | tot_n=3159 tot_to=0 maxever=19414 >2ms=3159 >5ms=3159 >15ms=1 >20ms=0 >30ms=0 | probes=3160 wrfail=0 down=4s maxout=4s
  56.072  t=53s RTT mean=11915 min=11911 max=11934 n=67 to=0 | cancels=0(+0/s) seqbad=0 len_bad=0 disc=0(0x00) | tot_n=3226 tot_to=0 maxever=19414 >2ms=3226 >5ms=3226 >15ms=1 >20ms=0 >30ms=0 | probes=3227 wrfail=0 down=4s maxout=4s
  56.072  t=54s RTT mean=11915 min=11912 max=11924 n=67 to=0 | cancels=0(+0/s) seqbad=0 len_bad=0 disc=0(0x00) | tot_n=3293 tot_to=0 maxever=19414 >2ms=3293 >5ms=3293 >15ms=1 >20ms=0 >30ms=0 | probes=3293 wrfail=0 down=4s maxout=4s
  58.089  t=55s RTT mean=11915 min=11912 max=11935 n=66 to=0 | cancels=0(+0/s) seqbad=0 len_bad=0 disc=0(0x00) | tot_n=3359 tot_to=0 maxever=19414 >2ms=3359 >5ms=3359 >15ms=1 >20ms=0 >30ms=0 | probes=3360 wrfail=0 down=4s maxout=4s
  58.089  t=56s RTT mean=11915 min=11912 max=11923 n=67 to=0 | cancels=0(+0/s) seqbad=0 len_bad=0 disc=0(0x00) | tot_n=3426 tot_to=0 maxever=19414 >2ms=3426 >5ms=3426 >15ms=1 >20ms=0 >30ms=0 | probes=3427 wrfail=0 down=4s maxout=4s
  60.054  t=57s RTT mean=11915 min=11912 max=11923 n=67 to=0 | cancels=0(+0/s) seqbad=0 len_bad=0 disc=0(0x00) | tot_n=3493 tot_to=0 maxever=19414 >2ms=3493 >5ms=3493 >15ms=1 >20ms=0 >30ms=0 | probes=3493 wrfail=0 down=4s maxout=4s
  60.111  t=58s RTT mean=11913 min=11806 max=11931 n=66 to=0 | cancels=0(+0/s) seqbad=0 len_bad=0 disc=0(0x00) | tot_n=3559 tot_to=0 maxever=19414 >2ms=3559 >5ms=3559 >15ms=1 >20ms=0 >30ms=0 | probes=3560 wrfail=0 down=4s maxout=4s
  62.074  t=59s RTT mean=11915 min=11912 max=11933 n=67 to=0 | cancels=0(+0/s) seqbad=0 len_bad=0 disc=0(0x00) | tot_n=3626 tot_to=0 maxever=19414 >2ms=3626 >5ms=3626 >15ms=1 >20ms=0 >30ms=0 | probes=3627 wrfail=0 down=4s maxout=4s
  62.074  t=60s RTT mean=11915 min=11912 max=11923 n=67 to=0 | cancels=0(+0/s) seqbad=0 len_bad=0 disc=0(0x00) | tot_n=3693 tot_to=0 maxever=19414 >2ms=3693 >5ms=3693 >15ms=1 >20ms=0 >30ms=0 | probes=3694 wrfail=0 down=4s maxout=4s
  64.080  t=61s RTT mean=11915 min=11911 max=11933 n=66 to=0 | cancels=0(+0/s) seqbad=0 len_bad=0 disc=0(0x00) | tot_n=3759 tot_to=0 maxever=19414 >2ms=3759 >5ms=3759 >15ms=1 >20ms=0 >30ms=0 | probes=3760 wrfail=0 down=4s maxout=4s
  64.080  t=62s RTT mean=11915 min=11903 max=11931 n=67 to=0 | cancels=0(+0/s) seqbad=0 len_bad=0 disc=0(0x00) | tot_n=3826 tot_to=0 maxever=19414 >2ms=3826 >5ms=3826 >15ms=1 >20ms=0 >30ms=0 | probes=3827 wrfail=0 down=4s maxout=4s
  66.072  t=63s RTT mean=11915 min=11912 max=11924 n=67 to=0 | cancels=0(+0/s) seqbad=0 len_bad=0 disc=0(0x00) | tot_n=3893 tot_to=0 maxever=19414 >2ms=3893 >5ms=3893 >15ms=1 >20ms=0 >30ms=0 | probes=3894 wrfail=0 down=4s maxout=4s
  66.072  t=64s RTT mean=11915 min=11912 max=11923 n=66 to=0 | cancels=0(+0/s) seqbad=0 len_bad=0 disc=0(0x00) | tot_n=3959 tot_to=0 maxever=19414 >2ms=3959 >5ms=3959 >15ms=1 >20ms=0 >30ms=0 | probes=3960 wrfail=0 down=4s maxout=4s
  67.789  PCTL target=0 tot=4001 to=0 p50=11 p90=11 p99=11 p99.9=11 max=19 g30=0 g100=0 (ms/counts)
  67.789  LOADRAMP: target=25 KBps for 60s
  67.789  t=65s RTT mean=12376 min=11912 max=15756 n=65 to=0 | cancels=0(+0/s) seqbad=0 len_bad=0 disc=0(0x00) | tot_n=4024 tot_to=0 maxever=19414 >2ms=4024 >5ms=4024 >15ms=8 >20ms=0 >30ms=0 | probes=4025 wrfail=0 down=4s maxout=4s
  69.055  t=66s RTT mean=12259 min=5770 max=18213 n=65 to=0 | cancels=0(+0/s) seqbad=0 len_bad=0 disc=0(0x00) | tot_n=4089 tot_to=0 maxever=19414 >2ms=4089 >5ms=4089 >15ms=15 >20ms=0 >30ms=0 | probes=4090 wrfail=0 down=4s maxout=4s
  69.115  t=67s RTT mean=12375 min=11912 max=15756 n=65 to=0 | cancels=0(+0/s) seqbad=0 len_bad=0 disc=0(0x00) | tot_n=4154 tot_to=0 maxever=19414 >2ms=4154 >5ms=4154 >15ms=22 >20ms=0 >30ms=0 | probes=4155 wrfail=0 down=4s maxout=4s
  71.093  t=68s RTT mean=12260 min=5779 max=15757 n=65 to=0 | cancels=0(+0/s) seqbad=0 len_bad=0 disc=0(0x00) | tot_n=4219 tot_to=0 maxever=19414 >2ms=4219 >5ms=4219 >15ms=29 >20ms=0 >30ms=0 | probes=4220 wrfail=0 down=4s maxout=4s
  71.093  t=69s RTT mean=12260 min=5778 max=15756 n=65 to=0 | cancels=0(+0/s) seqbad=0 len_bad=0 disc=0(0x00) | tot_n=4284 tot_to=0 maxever=19414 >2ms=4284 >5ms=4284 >15ms=36 >20ms=0 >30ms=0 | probes=4285 wrfail=0 down=4s maxout=4s
  73.062  t=70s RTT mean=12376 min=11912 max=15757 n=65 to=0 | cancels=0(+0/s) seqbad=0 len_bad=0 disc=0(0x00) | tot_n=4349 tot_to=0 maxever=19414 >2ms=4349 >5ms=4349 >15ms=43 >20ms=0 >30ms=0 | probes=4350 wrfail=0 down=4s maxout=4s
  73.122  t=71s RTT mean=12260 min=5778 max=20782 n=65 to=0 | cancels=0(+0/s) seqbad=0 len_bad=0 disc=0(0x00) | tot_n=4414 tot_to=0 maxever=20782 >2ms=4414 >5ms=4414 >15ms=50 >20ms=1 >30ms=0 | probes=4415 wrfail=0 down=4s maxout=4s
  75.047  t=72s RTT mean=12260 min=5778 max=16878 n=65 to=0 | cancels=0(+0/s) seqbad=0 len_bad=0 disc=0(0x00) | tot_n=4479 tot_to=0 maxever=20782 >2ms=4479 >5ms=4479 >15ms=57 >20ms=1 >30ms=0 | probes=4480 wrfail=0 down=4s maxout=4s
  75.106  t=73s RTT mean=12375 min=11912 max=15756 n=65 to=0 | cancels=0(+0/s) seqbad=0 len_bad=0 disc=0(0x00) | tot_n=4544 tot_to=0 maxever=20782 >2ms=4544 >5ms=4544 >15ms=64 >20ms=1 >30ms=0 | probes=4545 wrfail=0 down=4s maxout=4s
  77.079  t=74s RTT mean=12260 min=5778 max=15757 n=65 to=0 | cancels=0(+0/s) seqbad=0 len_bad=0 disc=0(0x00) | tot_n=4609 tot_to=0 maxever=20782 >2ms=4609 >5ms=4609 >15ms=71 >20ms=1 >30ms=0 | probes=4610 wrfail=0 down=4s maxout=4s
  77.079  t=75s RTT mean=12375 min=11912 max=15756 n=65 to=0 | cancels=0(+0/s) seqbad=0 len_bad=0 disc=0(0x00) | tot_n=4674 tot_to=0 maxever=20782 >2ms=4674 >5ms=4674 >15ms=78 >20ms=1 >30ms=0 | probes=4675 wrfail=0 down=4s maxout=4s
  79.089  t=76s RTT mean=12500 min=11912 max=20517 n=64 to=0 | cancels=0(+0/s) seqbad=0 len_bad=0 disc=0(0x00) | tot_n=4738 tot_to=0 maxever=20782 >2ms=4738 >5ms=4738 >15ms=86 >20ms=2 >30ms=0 | probes=4739 wrfail=0 down=4s maxout=4s
  79.089  t=77s RTT mean=12500 min=11912 max=19415 n=64 to=0 | cancels=0(+0/s) seqbad=0 len_bad=0 disc=0(0x00) | tot_n=4802 tot_to=0 maxever=20782 >2ms=4802 >5ms=4802 >15ms=94 >20ms=2 >30ms=0 | probes=4803 wrfail=0 down=4s maxout=4s
  81.048  t=78s RTT mean=12376 min=11912 max=15757 n=65 to=0 | cancels=0(+0/s) seqbad=0 len_bad=0 disc=0(0x00) | tot_n=4867 tot_to=0 maxever=20782 >2ms=4867 >5ms=4867 >15ms=101 >20ms=2 >30ms=0 | probes=4868 wrfail=0 down=4s maxout=4s
  81.105  t=79s RTT mean=12498 min=11912 max=20517 n=64 to=0 | cancels=0(+0/s) seqbad=0 len_bad=0 disc=0(0x00) | tot_n=4931 tot_to=0 maxever=20782 >2ms=4931 >5ms=4931 >15ms=108 >20ms=3 >30ms=0 | probes=4932 wrfail=0 down=4s maxout=4s
  83.081  t=80s RTT mean=12260 min=5778 max=15756 n=65 to=0 | cancels=0(+0/s) seqbad=0 len_bad=0 disc=0(0x00) | tot_n=4996 tot_to=0 maxever=20782 >2ms=4996 >5ms=4996 >15ms=115 >20ms=3 >30ms=0 | probes=4997 wrfail=0 down=4s maxout=4s
  83.081  t=81s RTT mean=12374 min=11912 max=16666 n=65 to=0 | cancels=0(+0/s) seqbad=0 len_bad=0 disc=0(0x00) | tot_n=5061 tot_to=0 maxever=20782 >2ms=5061 >5ms=5061 >15ms=121 >20ms=3 >30ms=0 | probes=5062 wrfail=0 down=4s maxout=4s
  85.049  t=82s RTT mean=12500 min=11912 max=20517 n=64 to=0 | cancels=0(+0/s) seqbad=0 len_bad=0 disc=0(0x00) | tot_n=5125 tot_to=0 maxever=20782 >2ms=5125 >5ms=5125 >15ms=129 >20ms=4 >30ms=0 | probes=5126 wrfail=0 down=4s maxout=4s
  85.105  t=83s RTT mean=12260 min=5779 max=15757 n=65 to=0 | cancels=0(+0/s) seqbad=0 len_bad=0 disc=0(0x00) | tot_n=5190 tot_to=0 maxever=20782 >2ms=5190 >5ms=5190 >15ms=136 >20ms=4 >30ms=0 | probes=5191 wrfail=0 down=4s maxout=4s
  87.070  t=84s RTT mean=12376 min=11912 max=15756 n=65 to=0 | cancels=0(+0/s) seqbad=0 len_bad=0 disc=0(0x00) | tot_n=5255 tot_to=0 maxever=20782 >2ms=5255 >5ms=5255 >15ms=143 >20ms=4 >30ms=0 | probes=5256 wrfail=0 down=4s maxout=4s
  87.070  t=85s RTT mean=12500 min=11912 max=20516 n=64 to=0 | cancels=0(+0/s) seqbad=0 len_bad=0 disc=0(0x00) | tot_n=5319 tot_to=0 maxever=20782 >2ms=5319 >5ms=5319 >15ms=151 >20ms=5 >30ms=0 | probes=5320 wrfail=0 down=4s maxout=4s
  89.055  t=86s RTT mean=12260 min=5778 max=15756 n=65 to=0 | cancels=0(+0/s) seqbad=0 len_bad=0 disc=0(0x00) | tot_n=5384 tot_to=0 maxever=20782 >2ms=5384 >5ms=5384 >15ms=158 >20ms=5 >30ms=0 | probes=5385 wrfail=0 down=4s maxout=4s
  89.108  t=87s RTT mean=12375 min=11912 max=15756 n=65 to=0 | cancels=0(+0/s) seqbad=0 len_bad=0 disc=0(0x00) | tot_n=5449 tot_to=0 maxever=20782 >2ms=5449 >5ms=5449 >15ms=165 >20ms=5 >30ms=0 | probes=5450 wrfail=0 down=4s maxout=4s
  91.056  t=88s RTT mean=12500 min=11912 max=20517 n=64 to=0 | cancels=0(+0/s) seqbad=0 len_bad=0 disc=0(0x00) | tot_n=5513 tot_to=0 maxever=20782 >2ms=5513 >5ms=5513 >15ms=173 >20ms=6 >30ms=0 | probes=5514 wrfail=0 down=4s maxout=4s
  91.114  t=89s RTT mean=12260 min=5779 max=15757 n=65 to=0 | cancels=0(+0/s) seqbad=0 len_bad=0 disc=0(0x00) | tot_n=5578 tot_to=0 maxever=20782 >2ms=5578 >5ms=5578 >15ms=180 >20ms=6 >30ms=0 | probes=5579 wrfail=0 down=4s maxout=4s
  93.072  t=90s RTT mean=12376 min=11912 max=15756 n=65 to=0 | cancels=0(+0/s) seqbad=0 len_bad=0 disc=0(0x00) | tot_n=5643 tot_to=0 maxever=20782 >2ms=5643 >5ms=5643 >15ms=187 >20ms=6 >30ms=0 | probes=5644 wrfail=0 down=4s maxout=4s
  93.072  t=91s RTT mean=12500 min=11912 max=20516 n=64 to=0 | cancels=0(+0/s) seqbad=0 len_bad=0 disc=0(0x00) | tot_n=5707 tot_to=0 maxever=20782 >2ms=5707 >5ms=5707 >15ms=195 >20ms=7 >30ms=0 | probes=5708 wrfail=0 down=4s maxout=4s
  95.104  t=92s RTT mean=12260 min=5778 max=15756 n=65 to=0 | cancels=0(+0/s) seqbad=0 len_bad=0 disc=0(0x00) | tot_n=5772 tot_to=0 maxever=20782 >2ms=5772 >5ms=5772 >15ms=202 >20ms=7 >30ms=0 | probes=5773 wrfail=0 down=4s maxout=4s
  95.104  t=93s RTT mean=12375 min=11912 max=15757 n=65 to=0 | cancels=0(+0/s) seqbad=0 len_bad=0 disc=0(0x00) | tot_n=5837 tot_to=0 maxever=20782 >2ms=5837 >5ms=5837 >15ms=209 >20ms=7 >30ms=0 | probes=5838 wrfail=0 down=4s maxout=4s
  97.060  t=94s RTT mean=12500 min=11912 max=20517 n=64 to=0 | cancels=0(+0/s) seqbad=0 len_bad=0 disc=0(0x00) | tot_n=5901 tot_to=0 maxever=20782 >2ms=5901 >5ms=5901 >15ms=217 >20ms=8 >30ms=0 | probes=5902 wrfail=0 down=4s maxout=4s
  97.114  t=95s RTT mean=12500 min=11912 max=19414 n=64 to=0 | cancels=0(+0/s) seqbad=0 len_bad=0 disc=0(0x00) | tot_n=5965 tot_to=0 maxever=20782 >2ms=5965 >5ms=5965 >15ms=225 >20ms=8 >30ms=0 | probes=5966 wrfail=0 down=4s maxout=4s
  99.092  t=96s RTT mean=12376 min=11912 max=15756 n=65 to=0 | cancels=0(+0/s) seqbad=0 len_bad=0 disc=0(0x00) | tot_n=6030 tot_to=0 maxever=20782 >2ms=6030 >5ms=6030 >15ms=232 >20ms=8 >30ms=0 | probes=6031 wrfail=0 down=4s maxout=4s
  99.092  t=97s RTT mean=12500 min=11912 max=20516 n=64 to=0 | cancels=0(+0/s) seqbad=0 len_bad=0 disc=0(0x00) | tot_n=6094 tot_to=0 maxever=20782 >2ms=6094 >5ms=6094 >15ms=240 >20ms=9 >30ms=0 | probes=6095 wrfail=0 down=4s maxout=4s
 101.069  t=98s RTT mean=12260 min=5778 max=15756 n=65 to=0 | cancels=0(+0/s) seqbad=0 len_bad=0 disc=0(0x00) | tot_n=6159 tot_to=0 maxever=20782 >2ms=6159 >5ms=6159 >15ms=247 >20ms=9 >30ms=0 | probes=6160 wrfail=0 down=4s maxout=4s
 101.129  t=99s RTT mean=12375 min=11912 max=15757 n=65 to=0 | cancels=0(+0/s) seqbad=0 len_bad=0 disc=0(0x00) | tot_n=6224 tot_to=0 maxever=20782 >2ms=6224 >5ms=6224 >15ms=254 >20ms=9 >30ms=0 | probes=6225 wrfail=0 down=4s maxout=4s
 103.098  t=100s RTT mean=12500 min=11912 max=20518 n=64 to=0 | cancels=0(+0/s) seqbad=0 len_bad=0 disc=0(0x00) | tot_n=6288 tot_to=0 maxever=20782 >2ms=6288 >5ms=6288 >15ms=262 >20ms=10 >30ms=0 | probes=6289 wrfail=0 down=4s maxout=4s
 103.098  t=101s RTT mean=12260 min=5778 max=15757 n=65 to=0 | cancels=0(+0/s) seqbad=0 len_bad=0 disc=0(0x00) | tot_n=6353 tot_to=0 maxever=20782 >2ms=6353 >5ms=6353 >15ms=269 >20ms=10 >30ms=0 | probes=6354 wrfail=0 down=4s maxout=4s
 105.083  t=102s RTT mean=12374 min=11912 max=16669 n=65 to=0 | cancels=0(+0/s) seqbad=0 len_bad=0 disc=0(0x00) | tot_n=6418 tot_to=0 maxever=20782 >2ms=6418 >5ms=6418 >15ms=275 >20ms=10 >30ms=0 | probes=6419 wrfail=0 down=4s maxout=4s
 105.083  t=103s RTT mean=12500 min=11912 max=20517 n=64 to=0 | cancels=0(+0/s) seqbad=0 len_bad=0 disc=0(0x00) | tot_n=6482 tot_to=0 maxever=20782 >2ms=6482 >5ms=6482 >15ms=283 >20ms=11 >30ms=0 | probes=6483 wrfail=0 down=4s maxout=4s
 107.059  t=104s RTT mean=12260 min=5778 max=15757 n=65 to=0 | cancels=0(+0/s) seqbad=0 len_bad=0 disc=0(0x00) | tot_n=6547 tot_to=0 maxever=20782 >2ms=6547 >5ms=6547 >15ms=290 >20ms=11 >30ms=0 | probes=6548 wrfail=0 down=4s maxout=4s
 107.119  t=105s RTT mean=12375 min=11808 max=15757 n=65 to=0 | cancels=0(+0/s) seqbad=0 len_bad=0 disc=0(0x00) | tot_n=6612 tot_to=0 maxever=20782 >2ms=6612 >5ms=6612 >15ms=297 >20ms=11 >30ms=0 | probes=6613 wrfail=0 down=4s maxout=4s
 109.055  t=106s RTT mean=12500 min=11912 max=20516 n=64 to=0 | cancels=0(+0/s) seqbad=0 len_bad=0 disc=0(0x00) | tot_n=6676 tot_to=0 maxever=20782 >2ms=6676 >5ms=6676 >15ms=305 >20ms=12 >30ms=0 | probes=6677 wrfail=0 down=4s maxout=4s
 109.107  t=107s RTT mean=12255 min=5778 max=15756 n=66 to=0 | cancels=0(+0/s) seqbad=0 len_bad=0 disc=0(0x00) | tot_n=6742 tot_to=0 maxever=20782 >2ms=6742 >5ms=6742 >15ms=312 >20ms=12 >30ms=0 | probes=6742 wrfail=0 down=4s maxout=4s
 111.072  t=108s RTT mean=12383 min=11912 max=15757 n=64 to=0 | cancels=0(+0/s) seqbad=0 len_bad=0 disc=0(0x00) | tot_n=6806 tot_to=0 maxever=20782 >2ms=6806 >5ms=6806 >15ms=319 >20ms=12 >30ms=0 | probes=6807 wrfail=0 down=4s maxout=4s
 111.072  t=109s RTT mean=12500 min=11912 max=20517 n=64 to=0 | cancels=0(+0/s) seqbad=0 len_bad=0 disc=0(0x00) | tot_n=6870 tot_to=0 maxever=20782 >2ms=6870 >5ms=6870 >15ms=327 >20ms=13 >30ms=0 | probes=6871 wrfail=0 down=4s maxout=4s
 113.079  t=110s RTT mean=12255 min=5777 max=15757 n=66 to=0 | cancels=0(+0/s) seqbad=0 len_bad=0 disc=0(0x00) | tot_n=6936 tot_to=0 maxever=20782 >2ms=6936 >5ms=6936 >15ms=334 >20ms=13 >30ms=0 | probes=6936 wrfail=0 down=4s maxout=4s
 113.079  t=111s RTT mean=12383 min=11912 max=15756 n=64 to=0 | cancels=0(+0/s) seqbad=0 len_bad=0 disc=0(0x00) | tot_n=7000 tot_to=0 maxever=20782 >2ms=7000 >5ms=7000 >15ms=341 >20ms=13 >30ms=0 | probes=7001 wrfail=0 down=4s maxout=4s
 115.089  t=112s RTT mean=12499 min=11912 max=20517 n=64 to=0 | cancels=0(+0/s) seqbad=0 len_bad=0 disc=0(0x00) | tot_n=7064 tot_to=0 maxever=20782 >2ms=7064 >5ms=7064 >15ms=348 >20ms=14 >30ms=0 | probes=7065 wrfail=0 down=4s maxout=4s
 115.089  t=113s RTT mean=12255 min=5778 max=15756 n=66 to=0 | cancels=0(+0/s) seqbad=0 len_bad=0 disc=0(0x00) | tot_n=7130 tot_to=0 maxever=20782 >2ms=7130 >5ms=7130 >15ms=355 >20ms=14 >30ms=0 | probes=7130 wrfail=0 down=4s maxout=4s
 117.109  t=114s RTT mean=12382 min=11912 max=16666 n=64 to=0 | cancels=0(+0/s) seqbad=0 len_bad=0 disc=0(0x00) | tot_n=7194 tot_to=0 maxever=20782 >2ms=7194 >5ms=7194 >15ms=361 >20ms=14 >30ms=0 | probes=7195 wrfail=0 down=4s maxout=4s
 117.109  t=115s RTT mean=12500 min=11912 max=20517 n=64 to=0 | cancels=0(+0/s) seqbad=0 len_bad=0 disc=0(0x00) | tot_n=7258 tot_to=0 maxever=20782 >2ms=7258 >5ms=7258 >15ms=369 >20ms=15 >30ms=0 | probes=7259 wrfail=0 down=4s maxout=4s
 119.072  t=116s RTT mean=12255 min=5777 max=15756 n=66 to=0 | cancels=0(+0/s) seqbad=0 len_bad=0 disc=0(0x00) | tot_n=7324 tot_to=0 maxever=20782 >2ms=7324 >5ms=7324 >15ms=376 >20ms=15 >30ms=0 | probes=7324 wrfail=0 down=4s maxout=4s
 119.072  t=117s RTT mean=12383 min=11912 max=15756 n=64 to=0 | cancels=0(+0/s) seqbad=0 len_bad=0 disc=0(0x00) | tot_n=7388 tot_to=0 maxever=20782 >2ms=7388 >5ms=7388 >15ms=383 >20ms=15 >30ms=0 | probes=7389 wrfail=0 down=4s maxout=4s
 121.100  t=118s RTT mean=12500 min=11912 max=20518 n=64 to=0 | cancels=0(+0/s) seqbad=0 len_bad=0 disc=0(0x00) | tot_n=7452 tot_to=0 maxever=20782 >2ms=7452 >5ms=7452 >15ms=391 >20ms=16 >30ms=0 | probes=7453 wrfail=0 down=4s maxout=4s
 121.101  t=119s RTT mean=12255 min=5778 max=15757 n=66 to=0 | cancels=0(+0/s) seqbad=0 len_bad=0 disc=0(0x00) | tot_n=7518 tot_to=0 maxever=20782 >2ms=7518 >5ms=7518 >15ms=398 >20ms=16 >30ms=0 | probes=7518 wrfail=0 down=4s maxout=4s
 123.065  t=120s RTT mean=12383 min=11912 max=15757 n=64 to=0 | cancels=0(+0/s) seqbad=0 len_bad=0 disc=0(0x00) | tot_n=7582 tot_to=0 maxever=20782 >2ms=7582 >5ms=7582 >15ms=405 >20ms=16 >30ms=0 | probes=7583 wrfail=0 down=4s maxout=4s
 123.120  t=121s RTT mean=12500 min=11912 max=20517 n=64 to=0 | cancels=0(+0/s) seqbad=0 len_bad=0 disc=0(0x00) | tot_n=7646 tot_to=0 maxever=20782 >2ms=7646 >5ms=7646 >15ms=413 >20ms=17 >30ms=0 | probes=7647 wrfail=0 down=4s maxout=4s
 125.097  t=122s RTT mean=12255 min=5778 max=15756 n=66 to=0 | cancels=0(+0/s) seqbad=0 len_bad=0 disc=0(0x00) | tot_n=7712 tot_to=0 maxever=20782 >2ms=7712 >5ms=7712 >15ms=420 >20ms=17 >30ms=0 | probes=7712 wrfail=0 down=4s maxout=4s
 125.098  t=123s RTT mean=12383 min=11912 max=15756 n=64 to=0 | cancels=0(+0/s) seqbad=0 len_bad=0 disc=0(0x00) | tot_n=7776 tot_to=0 maxever=20782 >2ms=7776 >5ms=7776 >15ms=427 >20ms=17 >30ms=0 | probes=7777 wrfail=0 down=4s maxout=4s
 127.062  t=124s RTT mean=12491 min=11912 max=20517 n=65 to=0 | cancels=0(+0/s) seqbad=0 len_bad=0 disc=0(0x00) | tot_n=7841 tot_to=0 maxever=20782 >2ms=7841 >5ms=7841 >15ms=435 >20ms=18 >30ms=0 | probes=7841 wrfail=0 down=4s maxout=4s
 127.062  PCTL target=25 tot=3881 to=0 p50=11 p90=15 p99=16 p99.9=20 max=20 g30=0 g100=0 (ms/counts)
 127.115  LOADRAMP: target=50 KBps for 60s
 127.115  t=125s RTT mean=12703 min=5778 max=16668 n=63 to=0 | cancels=0(+0/s) seqbad=0 len_bad=0 disc=0(0x00) | tot_n=7904 tot_to=0 maxever=20782 >2ms=7904 >5ms=7904 >15ms=449 >20ms=18 >30ms=0 | probes=7905 wrfail=0 down=4s maxout=4s
 129.082  t=126s RTT mean=12805 min=7037 max=19412 n=63 to=0 | cancels=0(+0/s) seqbad=0 len_bad=0 disc=0(0x00) | tot_n=7967 tot_to=0 maxever=20782 >2ms=7967 >5ms=7967 >15ms=464 >20ms=18 >30ms=0 | probes=7968 wrfail=0 down=4s maxout=4s
 129.082  t=127s RTT mean=12807 min=10892 max=15757 n=63 to=0 | cancels=0(+0/s) seqbad=0 len_bad=0 disc=0(0x00) | tot_n=8030 tot_to=0 maxever=20782 >2ms=8030 >5ms=8030 >15ms=479 >20ms=18 >30ms=0 | probes=8031 wrfail=0 down=4s maxout=4s
 131.056  t=128s RTT mean=12747 min=7037 max=15756 n=63 to=0 | cancels=0(+0/s) seqbad=0 len_bad=0 disc=0(0x00) | tot_n=8093 tot_to=0 maxever=20782 >2ms=8093 >5ms=8093 >15ms=494 >20ms=18 >30ms=0 | probes=8094 wrfail=0 down=4s maxout=4s
 131.109  t=129s RTT mean=12804 min=7046 max=20517 n=63 to=0 | cancels=0(+0/s) seqbad=0 len_bad=0 disc=0(0x00) | tot_n=8156 tot_to=0 maxever=20782 >2ms=8156 >5ms=8156 >15ms=509 >20ms=19 >30ms=0 | probes=8157 wrfail=0 down=4s maxout=4s
 133.072  t=130s RTT mean=12807 min=10882 max=15756 n=63 to=0 | cancels=0(+0/s) seqbad=0 len_bad=0 disc=0(0x00) | tot_n=8219 tot_to=0 maxever=20782 >2ms=8219 >5ms=8219 >15ms=524 >20ms=19 >30ms=0 | probes=8220 wrfail=0 down=4s maxout=4s
 133.132  t=131s RTT mean=12745 min=7046 max=16666 n=63 to=0 | cancels=0(+0/s) seqbad=0 len_bad=0 disc=0(0x00) | tot_n=8282 tot_to=0 maxever=20782 >2ms=8282 >5ms=8282 >15ms=538 >20ms=19 >30ms=0 | probes=8283 wrfail=0 down=4s maxout=4s
 135.114  t=132s RTT mean=12805 min=7039 max=20518 n=63 to=0 | cancels=0(+0/s) seqbad=0 len_bad=0 disc=0(0x00) | tot_n=8345 tot_to=0 maxever=20782 >2ms=8345 >5ms=8345 >15ms=552 >20ms=20 >30ms=0 | probes=8346 wrfail=0 down=4s maxout=4s
 135.114  t=133s RTT mean=12806 min=10892 max=16670 n=63 to=0 | cancels=0(+0/s) seqbad=0 len_bad=0 disc=0(0x00) | tot_n=8408 tot_to=0 maxever=20782 >2ms=8408 >5ms=8408 >15ms=566 >20ms=20 >30ms=0 | probes=8409 wrfail=0 down=4s maxout=4s
 137.089  t=134s RTT mean=12745 min=7038 max=16665 n=63 to=0 | cancels=0(+0/s) seqbad=0 len_bad=0 disc=0(0x00) | tot_n=8471 tot_to=0 maxever=20782 >2ms=8471 >5ms=8471 >15ms=580 >20ms=20 >30ms=0 | probes=8472 wrfail=0 down=4s maxout=4s
 137.089  t=135s RTT mean=12804 min=7047 max=20517 n=63 to=0 | cancels=0(+0/s) seqbad=0 len_bad=0 disc=0(0x00) | tot_n=8534 tot_to=0 maxever=20782 >2ms=8534 >5ms=8534 >15ms=595 >20ms=21 >30ms=0 | probes=8535 wrfail=0 down=4s maxout=4s
 139.104  t=136s RTT mean=12806 min=10882 max=16666 n=63 to=0 | cancels=0(+0/s) seqbad=0 len_bad=0 disc=0(0x00) | tot_n=8597 tot_to=0 maxever=20782 >2ms=8597 >5ms=8597 >15ms=609 >20ms=21 >30ms=0 | probes=8598 wrfail=0 down=4s maxout=4s
 139.104  t=137s RTT mean=12746 min=7046 max=15815 n=63 to=0 | cancels=0(+0/s) seqbad=0 len_bad=0 disc=0(0x00) | tot_n=8660 tot_to=0 maxever=20782 >2ms=8660 >5ms=8660 >15ms=624 >20ms=21 >30ms=0 | probes=8661 wrfail=0 down=4s maxout=4s
 141.082  t=138s RTT mean=12803 min=7039 max=20516 n=63 to=0 | cancels=0(+0/s) seqbad=0 len_bad=0 disc=0(0x00) | tot_n=8723 tot_to=0 maxever=20782 >2ms=8723 >5ms=8723 >15ms=638 >20ms=22 >30ms=0 | probes=8724 wrfail=0 down=4s maxout=4s
 141.082  t=139s RTT mean=12788 min=10892 max=15757 n=63 to=0 | cancels=0(+0/s) seqbad=0 len_bad=0 disc=0(0x00) | tot_n=8786 tot_to=0 maxever=20782 >2ms=8786 >5ms=8786 >15ms=652 >20ms=22 >30ms=0 | probes=8787 wrfail=0 down=4s maxout=4s
 143.076  t=140s RTT mean=12824 min=8238 max=19411 n=63 to=0 | cancels=0(+0/s) seqbad=0 len_bad=0 disc=0(0x00) | tot_n=8849 tot_to=0 maxever=20782 >2ms=8849 >5ms=8849 >15ms=667 >20ms=22 >30ms=0 | probes=8850 wrfail=0 down=4s maxout=4s
 143.076  t=141s RTT mean=12807 min=10892 max=15757 n=63 to=0 | cancels=0(+0/s) seqbad=0 len_bad=0 disc=0(0x00) | tot_n=8912 tot_to=0 maxever=20782 >2ms=8912 >5ms=8912 >15ms=682 >20ms=22 >30ms=0 | probes=8913 wrfail=0 down=4s maxout=4s
 145.105  t=142s RTT mean=12747 min=7038 max=15757 n=63 to=0 | cancels=0(+0/s) seqbad=0 len_bad=0 disc=0(0x00) | tot_n=8975 tot_to=0 maxever=20782 >2ms=8975 >5ms=8975 >15ms=697 >20ms=22 >30ms=0 | probes=8976 wrfail=0 down=4s maxout=4s
 145.105  t=143s RTT mean=12804 min=7046 max=20522 n=63 to=0 | cancels=0(+0/s) seqbad=0 len_bad=0 disc=0(0x00) | tot_n=9038 tot_to=0 maxever=20782 >2ms=9038 >5ms=9038 >15ms=712 >20ms=23 >30ms=0 | probes=9039 wrfail=0 down=4s maxout=4s
 147.115  t=144s RTT mean=12807 min=10882 max=15757 n=63 to=0 | cancels=0(+0/s) seqbad=0 len_bad=0 disc=0(0x00) | tot_n=9101 tot_to=0 maxever=20782 >2ms=9101 >5ms=9101 >15ms=727 >20ms=23 >30ms=0 | probes=9102 wrfail=0 down=4s maxout=4s
 147.115  t=145s RTT mean=12746 min=7046 max=15756 n=63 to=0 | cancels=0(+0/s) seqbad=0 len_bad=0 disc=0(0x00) | tot_n=9164 tot_to=0 maxever=20782 >2ms=9164 >5ms=9164 >15ms=742 >20ms=23 >30ms=0 | probes=9165 wrfail=0 down=4s maxout=4s
 149.069  t=146s RTT mean=12803 min=7037 max=20516 n=63 to=0 | cancels=0(+0/s) seqbad=0 len_bad=0 disc=0(0x00) | tot_n=9227 tot_to=0 maxever=20782 >2ms=9227 >5ms=9227 >15ms=756 >20ms=24 >30ms=0 | probes=9228 wrfail=0 down=4s maxout=4s
 149.129  t=147s RTT mean=12807 min=10892 max=15757 n=63 to=0 | cancels=0(+0/s) seqbad=0 len_bad=0 disc=0(0x00) | tot_n=9290 tot_to=0 maxever=20782 >2ms=9290 >5ms=9290 >15ms=771 >20ms=24 >30ms=0 | probes=9291 wrfail=0 down=4s maxout=4s
 151.105  t=148s RTT mean=12745 min=7037 max=16666 n=63 to=0 | cancels=0(+0/s) seqbad=0 len_bad=0 disc=0(0x00) | tot_n=9353 tot_to=0 maxever=20782 >2ms=9353 >5ms=9353 >15ms=785 >20ms=24 >30ms=0 | probes=9354 wrfail=0 down=4s maxout=4s
 151.106  t=149s RTT mean=12804 min=7047 max=20517 n=63 to=0 | cancels=0(+0/s) seqbad=0 len_bad=0 disc=0(0x00) | tot_n=9416 tot_to=0 maxever=20782 >2ms=9416 >5ms=9416 >15ms=800 >20ms=25 >30ms=0 | probes=9417 wrfail=0 down=4s maxout=4s
 153.082  t=150s RTT mean=12806 min=10883 max=16666 n=63 to=0 | cancels=0(+0/s) seqbad=0 len_bad=0 disc=0(0x00) | tot_n=9479 tot_to=0 maxever=20782 >2ms=9479 >5ms=9479 >15ms=814 >20ms=25 >30ms=0 | probes=9480 wrfail=0 down=4s maxout=4s
 153.082  t=151s RTT mean=12746 min=7046 max=16954 n=63 to=0 | cancels=0(+0/s) seqbad=0 len_bad=0 disc=0(0x00) | tot_n=9542 tot_to=0 maxever=20782 >2ms=9542 >5ms=9542 >15ms=828 >20ms=25 >30ms=0 | probes=9543 wrfail=0 down=4s maxout=4s
 155.101  t=152s RTT mean=12803 min=7038 max=20517 n=63 to=0 | cancels=0(+0/s) seqbad=0 len_bad=0 disc=0(0x00) | tot_n=9605 tot_to=0 maxever=20782 >2ms=9605 >5ms=9605 >15ms=842 >20ms=26 >30ms=0 | probes=9606 wrfail=0 down=4s maxout=4s
 155.101  t=153s RTT mean=12865 min=10892 max=19409 n=63 to=0 | cancels=0(+0/s) seqbad=0 len_bad=0 disc=0(0x00) | tot_n=9668 tot_to=0 maxever=20782 >2ms=9668 >5ms=9668 >15ms=856 >20ms=26 >30ms=0 | probes=9668 wrfail=0 down=4s maxout=4s
 157.072  t=154s RTT mean=12707 min=5778 max=17012 n=63 to=0 | cancels=0(+0/s) seqbad=0 len_bad=0 disc=0(0x00) | tot_n=9731 tot_to=0 maxever=20782 >2ms=9731 >5ms=9731 >15ms=871 >20ms=26 >30ms=0 | probes=9732 wrfail=0 down=4s maxout=4s
 157.132  t=155s RTT mean=12785 min=5846 max=20523 n=63 to=0 | cancels=0(+0/s) seqbad=0 len_bad=0 disc=0(0x00) | tot_n=9794 tot_to=0 maxever=20782 >2ms=9794 >5ms=9794 >15ms=886 >20ms=27 >30ms=0 | probes=9795 wrfail=0 down=4s maxout=4s
 159.099  t=156s RTT mean=12864 min=10883 max=19666 n=63 to=0 | cancels=0(+0/s) seqbad=0 len_bad=0 disc=0(0x00) | tot_n=9857 tot_to=0 maxever=20782 >2ms=9857 >5ms=9857 >15ms=900 >20ms=27 >30ms=0 | probes=9857 wrfail=0 down=4s maxout=4s
 159.099  t=157s RTT mean=12746 min=3372 max=20604 n=63 to=0 | cancels=0(+0/s) seqbad=0 len_bad=0 disc=0(0x00) | tot_n=9920 tot_to=0 maxever=20782 >2ms=9920 >5ms=9919 >15ms=914 >20ms=28 >30ms=0 | probes=9921 wrfail=0 down=4s maxout=4s
 161.106  t=158s RTT mean=12806 min=10883 max=16671 n=63 to=0 | cancels=0(+0/s) seqbad=0 len_bad=0 disc=0(0x00) | tot_n=9983 tot_to=0 maxever=20782 >2ms=9983 >5ms=9982 >15ms=928 >20ms=28 >30ms=0 | probes=9984 wrfail=0 down=4s maxout=4s
 161.106  t=159s RTT mean=12746 min=7047 max=15756 n=63 to=0 | cancels=0(+0/s) seqbad=0 len_bad=0 disc=0(0x00) | tot_n=10046 tot_to=0 maxever=20782 >2ms=10046 >5ms=10045 >15ms=943 >20ms=28 >30ms=0 | probes=10047 wrfail=0 down=4s maxout=4s
 163.062  t=160s RTT mean=12747 min=7036 max=15757 n=63 to=0 | cancels=0(+0/s) seqbad=0 len_bad=0 disc=0(0x00) | tot_n=10109 tot_to=0 maxever=20782 >2ms=10109 >5ms=10108 >15ms=958 >20ms=28 >30ms=0 | probes=10110 wrfail=0 down=4s maxout=4s
 163.122  t=161s RTT mean=12804 min=7047 max=20516 n=63 to=0 | cancels=0(+0/s) seqbad=0 len_bad=0 disc=0(0x00) | tot_n=10172 tot_to=0 maxever=20782 >2ms=10172 >5ms=10171 >15ms=973 >20ms=29 >30ms=0 | probes=10173 wrfail=0 down=4s maxout=4s
 165.066  t=162s RTT mean=12944 min=10883 max=26903 n=62 to=0 | cancels=0(+0/s) seqbad=0 len_bad=0 disc=0(0x00) | tot_n=10234 tot_to=0 maxever=26903 >2ms=10234 >5ms=10233 >15ms=987 >20ms=30 >30ms=0 | probes=10235 wrfail=0 down=4s maxout=4s
 165.122  t=163s RTT mean=12864 min=10885 max=15756 n=63 to=0 | cancels=0(+0/s) seqbad=0 len_bad=0 disc=0(0x00) | tot_n=10297 tot_to=0 maxever=26903 >2ms=10297 >5ms=10296 >15ms=1003 >20ms=30 >30ms=0 | probes=10298 wrfail=0 down=4s maxout=4s
 167.096  t=164s RTT mean=12803 min=7038 max=20517 n=63 to=0 | cancels=0(+0/s) seqbad=0 len_bad=0 disc=0(0x00) | tot_n=10360 tot_to=0 maxever=26903 >2ms=10360 >5ms=10359 >15ms=1017 >20ms=31 >30ms=0 | probes=10361 wrfail=0 down=4s maxout=4s
 167.096  t=165s RTT mean=12881 min=10893 max=19413 n=62 to=0 | cancels=0(+0/s) seqbad=0 len_bad=0 disc=0(0x00) | tot_n=10422 tot_to=0 maxever=26903 >2ms=10422 >5ms=10421 >15ms=1032 >20ms=31 >30ms=0 | probes=10423 wrfail=0 down=4s maxout=4s
 169.072  t=166s RTT mean=12925 min=11912 max=15757 n=63 to=0 | cancels=0(+0/s) seqbad=0 len_bad=0 disc=0(0x00) | tot_n=10485 tot_to=0 maxever=26903 >2ms=10485 >5ms=10484 >15ms=1048 >20ms=31 >30ms=0 | probes=10486 wrfail=0 down=4s maxout=4s
 169.123  t=167s RTT mean=12803 min=7049 max=20516 n=63 to=0 | cancels=0(+0/s) seqbad=0 len_bad=0 disc=0(0x00) | tot_n=10548 tot_to=0 maxever=26903 >2ms=10548 >5ms=10547 >15ms=1062 >20ms=32 >30ms=0 | probes=10549 wrfail=0 down=4s maxout=4s
 171.082  t=168s RTT mean=12808 min=10882 max=15757 n=63 to=0 | cancels=0(+0/s) seqbad=0 len_bad=0 disc=0(0x00) | tot_n=10611 tot_to=0 maxever=26903 >2ms=10611 >5ms=10610 >15ms=1077 >20ms=32 >30ms=0 | probes=10612 wrfail=0 down=4s maxout=4s
 171.082  t=169s RTT mean=12657 min=7041 max=15756 n=64 to=0 | cancels=0(+0/s) seqbad=0 len_bad=0 disc=0(0x00) | tot_n=10675 tot_to=0 maxever=26903 >2ms=10675 >5ms=10674 >15ms=1092 >20ms=32 >30ms=0 | probes=10675 wrfail=0 down=4s maxout=4s
 173.105  t=170s RTT mean=12898 min=11910 max=20517 n=62 to=0 | cancels=0(+0/s) seqbad=0 len_bad=0 disc=0(0x00) | tot_n=10737 tot_to=0 maxever=26903 >2ms=10737 >5ms=10736 >15ms=1107 >20ms=33 >30ms=0 | probes=10738 wrfail=0 down=4s maxout=4s
 173.106  t=171s RTT mean=12806 min=10892 max=16667 n=63 to=0 | cancels=0(+0/s) seqbad=0 len_bad=0 disc=0(0x00) | tot_n=10800 tot_to=0 maxever=26903 >2ms=10800 >5ms=10799 >15ms=1121 >20ms=33 >30ms=0 | probes=10801 wrfail=0 down=4s maxout=4s
 175.066  t=172s RTT mean=12657 min=7038 max=15757 n=64 to=0 | cancels=0(+0/s) seqbad=0 len_bad=0 disc=0(0x00) | tot_n=10864 tot_to=0 maxever=26903 >2ms=10864 >5ms=10863 >15ms=1136 >20ms=33 >30ms=0 | probes=10864 wrfail=0 down=4s maxout=4s
 175.122  t=173s RTT mean=12959 min=11911 max=20517 n=62 to=0 | cancels=0(+0/s) seqbad=0 len_bad=0 disc=0(0x00) | tot_n=10926 tot_to=0 maxever=26903 >2ms=10926 >5ms=10925 >15ms=1151 >20ms=34 >30ms=0 | probes=10927 wrfail=0 down=4s maxout=4s
 177.075  t=174s RTT mean=12803 min=8165 max=16667 n=63 to=0 | cancels=0(+0/s) seqbad=0 len_bad=0 disc=0(0x00) | tot_n=10989 tot_to=0 maxever=26903 >2ms=10989 >5ms=10988 >15ms=1166 >20ms=34 >30ms=0 | probes=10990 wrfail=0 down=4s maxout=4s
 177.134  t=175s RTT mean=12600 min=5779 max=15758 n=64 to=0 | cancels=0(+0/s) seqbad=0 len_bad=0 disc=0(0x00) | tot_n=11053 tot_to=0 maxever=26903 >2ms=11053 >5ms=11052 >15ms=1181 >20ms=34 >30ms=0 | probes=11053 wrfail=0 down=4s maxout=4s
 179.089  t=176s RTT mean=12960 min=11911 max=20517 n=62 to=0 | cancels=0(+0/s) seqbad=0 len_bad=0 disc=0(0x00) | tot_n=11115 tot_to=0 maxever=26903 >2ms=11115 >5ms=11114 >15ms=1196 >20ms=35 >30ms=0 | probes=11116 wrfail=0 down=4s maxout=4s
 179.089  t=177s RTT mean=12804 min=10552 max=15756 n=63 to=0 | cancels=0(+0/s) seqbad=0 len_bad=0 disc=0(0x00) | tot_n=11178 tot_to=0 maxever=26903 >2ms=11178 >5ms=11177 >15ms=1210 >20ms=35 >30ms=0 | probes=11179 wrfail=0 down=4s maxout=4s
 181.105  t=178s RTT mean=12747 min=5778 max=19411 n=63 to=0 | cancels=0(+0/s) seqbad=0 len_bad=0 disc=0(0x00) | tot_n=11241 tot_to=0 maxever=26903 >2ms=11241 >5ms=11240 >15ms=1225 >20ms=35 >30ms=0 | probes=11242 wrfail=0 down=4s maxout=4s
 181.106  t=179s RTT mean=12807 min=10894 max=15757 n=63 to=0 | cancels=0(+0/s) seqbad=0 len_bad=0 disc=0(0x00) | tot_n=11304 tot_to=0 maxever=26903 >2ms=11304 >5ms=11303 >15ms=1240 >20ms=35 >30ms=0 | probes=11305 wrfail=0 down=4s maxout=4s
 183.089  t=180s RTT mean=12747 min=7037 max=15757 n=63 to=0 | cancels=0(+0/s) seqbad=0 len_bad=0 disc=0(0x00) | tot_n=11367 tot_to=0 maxever=26903 >2ms=11367 >5ms=11366 >15ms=1255 >20ms=35 >30ms=0 | probes=11368 wrfail=0 down=4s maxout=4s
 183.089  t=181s RTT mean=12804 min=7052 max=19405 n=63 to=0 | cancels=0(+0/s) seqbad=0 len_bad=0 disc=0(0x00) | tot_n=11430 tot_to=0 maxever=26903 >2ms=11430 >5ms=11429 >15ms=1270 >20ms=35 >30ms=0 | probes=11431 wrfail=0 down=4s maxout=4s
 185.118  t=182s RTT mean=12808 min=10883 max=15756 n=63 to=0 | cancels=0(+0/s) seqbad=0 len_bad=0 disc=0(0x00) | tot_n=11493 tot_to=0 maxever=26903 >2ms=11493 >5ms=11492 >15ms=1285 >20ms=35 >30ms=0 | probes=11494 wrfail=0 down=4s maxout=4s
 185.118  t=183s RTT mean=12746 min=7053 max=15757 n=63 to=0 | cancels=0(+0/s) seqbad=0 len_bad=0 disc=0(0x00) | tot_n=11556 tot_to=0 maxever=26903 >2ms=11556 >5ms=11555 >15ms=1300 >20ms=35 >30ms=0 | probes=11557 wrfail=0 down=4s maxout=4s
 187.081  t=184s RTT mean=12657 min=7041 max=15757 n=64 to=0 | cancels=0(+0/s) seqbad=0 len_bad=0 disc=0(0x00) | tot_n=11620 tot_to=0 maxever=26903 >2ms=11620 >5ms=11619 >15ms=1315 >20ms=35 >30ms=0 | probes=11620 wrfail=0 down=4s maxout=4s
 187.082  PCTL target=50 tot=3779 to=0 p50=11 p90=15 p99=16 p99.9=20 max=26 g30=0 g100=0 (ms/counts)
 187.082  LOADRAMP: target=75 KBps for 60s
 187.139  t=185s RTT mean=12897 min=11910 max=20516 n=62 to=0 | cancels=0(+0/s) seqbad=0 len_bad=0 disc=0(0x00) | tot_n=11682 tot_to=0 maxever=26903 >2ms=11682 >5ms=11681 >15ms=1329 >20ms=36 >30ms=0 | probes=11683 wrfail=0 down=4s maxout=4s
 189.116  t=186s RTT mean=13063 min=3384 max=15766 n=62 to=0 | cancels=0(+0/s) seqbad=0 len_bad=0 disc=0(0x00) | tot_n=11744 tot_to=0 maxever=26903 >2ms=11744 >5ms=11742 >15ms=1352 >20ms=36 >30ms=0 | probes=11745 wrfail=0 down=4s maxout=4s
 189.116  t=187s RTT mean=13265 min=5778 max=15757 n=61 to=0 | cancels=0(+0/s) seqbad=0 len_bad=0 disc=0(0x00) | tot_n=11805 tot_to=0 maxever=26903 >2ms=11805 >5ms=11803 >15ms=1375 >20ms=36 >30ms=0 | probes=11806 wrfail=0 down=4s maxout=4s
 191.105  t=188s RTT mean=13388 min=11911 max=15776 n=61 to=0 | cancels=0(+0/s) seqbad=0 len_bad=0 disc=0(0x00) | tot_n=11866 tot_to=0 maxever=26903 >2ms=11866 >5ms=11864 >15ms=1398 >20ms=36 >30ms=0 | probes=11867 wrfail=0 down=4s maxout=4s
 191.105  t=189s RTT mean=13264 min=5778 max=15758 n=61 to=0 | cancels=0(+0/s) seqbad=0 len_bad=0 disc=0(0x00) | tot_n=11927 tot_to=0 maxever=26903 >2ms=11927 >5ms=11925 >15ms=1421 >20ms=36 >30ms=0 | probes=11928 wrfail=0 down=4s maxout=4s
 193.105  t=190s RTT mean=13265 min=5778 max=15776 n=61 to=0 | cancels=0(+0/s) seqbad=0 len_bad=0 disc=0(0x00) | tot_n=11988 tot_to=0 maxever=26903 >2ms=11988 >5ms=11986 >15ms=1444 >20ms=36 >30ms=0 | probes=11989 wrfail=0 down=4s maxout=4s
 193.106  t=191s RTT mean=13387 min=11912 max=15757 n=61 to=0 | cancels=0(+0/s) seqbad=0 len_bad=0 disc=0(0x00) | tot_n=12049 tot_to=0 maxever=26903 >2ms=12049 >5ms=12047 >15ms=1467 >20ms=36 >30ms=0 | probes=12050 wrfail=0 down=4s maxout=4s
 195.117  t=192s RTT mean=13245 min=5778 max=15769 n=61 to=0 | cancels=0(+0/s) seqbad=0 len_bad=0 disc=0(0x00) | tot_n=12110 tot_to=0 maxever=26903 >2ms=12110 >5ms=12108 >15ms=1489 >20ms=36 >30ms=0 | probes=12111 wrfail=0 down=4s maxout=4s
 195.117  t=193s RTT mean=13281 min=5779 max=16674 n=61 to=0 | cancels=0(+0/s) seqbad=0 len_bad=0 disc=0(0x00) | tot_n=12171 tot_to=0 maxever=26903 >2ms=12171 >5ms=12169 >15ms=1511 >20ms=36 >30ms=0 | probes=12172 wrfail=0 down=4s maxout=4s
 197.122  t=194s RTT mean=13448 min=11913 max=19409 n=61 to=0 | cancels=0(+0/s) seqbad=0 len_bad=0 disc=0(0x00) | tot_n=12232 tot_to=0 maxever=26903 >2ms=12232 >5ms=12230 >15ms=1534 >20ms=36 >30ms=0 | probes=12233 wrfail=0 down=4s maxout=4s
 197.122  t=195s RTT mean=13203 min=3384 max=16669 n=61 to=0 | cancels=0(+0/s) seqbad=0 len_bad=0 disc=0(0x00) | tot_n=12293 tot_to=0 maxever=26903 >2ms=12293 >5ms=12290 >15ms=1556 >20ms=36 >30ms=0 | probes=12294 wrfail=0 down=4s maxout=4s
 199.075  t=196s RTT mean=13265 min=5778 max=15776 n=61 to=0 | cancels=0(+0/s) seqbad=0 len_bad=0 disc=0(0x00) | tot_n=12354 tot_to=0 maxever=26903 >2ms=12354 >5ms=12351 >15ms=1579 >20ms=36 >30ms=0 | probes=12355 wrfail=0 down=4s maxout=4s
 199.136  t=197s RTT mean=13386 min=11912 max=16666 n=61 to=0 | cancels=0(+0/s) seqbad=0 len_bad=0 disc=0(0x00) | tot_n=12415 tot_to=0 maxever=26903 >2ms=12415 >5ms=12412 >15ms=1601 >20ms=36 >30ms=0 | probes=12416 wrfail=0 down=4s maxout=4s
 201.106  t=198s RTT mean=13265 min=5778 max=15768 n=61 to=0 | cancels=0(+0/s) seqbad=0 len_bad=0 disc=0(0x00) | tot_n=12476 tot_to=0 maxever=26903 >2ms=12476 >5ms=12473 >15ms=1624 >20ms=36 >30ms=0 | probes=12477 wrfail=0 down=4s maxout=4s
 201.106  t=199s RTT mean=13264 min=5778 max=15758 n=61 to=0 | cancels=0(+0/s) seqbad=0 len_bad=0 disc=0(0x00) | tot_n=12537 tot_to=0 maxever=26903 >2ms=12537 >5ms=12534 >15ms=1647 >20ms=36 >30ms=0 | probes=12538 wrfail=0 down=4s maxout=4s
 203.084  t=200s RTT mean=13388 min=11913 max=15776 n=61 to=0 | cancels=0(+0/s) seqbad=0 len_bad=0 disc=0(0x00) | tot_n=12598 tot_to=0 maxever=26903 >2ms=12598 >5ms=12595 >15ms=1670 >20ms=36 >30ms=0 | probes=12599 wrfail=0 down=4s maxout=4s
 203.143  t=201s RTT mean=13261 min=5772 max=16667 n=61 to=0 | cancels=0(+0/s) seqbad=0 len_bad=0 disc=0(0x00) | tot_n=12659 tot_to=0 maxever=26903 >2ms=12659 >5ms=12656 >15ms=1691 >20ms=36 >30ms=0 | probes=12660 wrfail=0 down=4s maxout=4s
 205.122  t=202s RTT mean=13265 min=5779 max=15776 n=61 to=0 | cancels=0(+0/s) seqbad=0 len_bad=0 disc=0(0x00) | tot_n=12720 tot_to=0 maxever=26903 >2ms=12720 >5ms=12717 >15ms=1714 >20ms=36 >30ms=0 | probes=12721 wrfail=0 down=4s maxout=4s
 205.122  t=203s RTT mean=13387 min=11912 max=15757 n=61 to=0 | cancels=0(+0/s) seqbad=0 len_bad=0 disc=0(0x00) | tot_n=12781 tot_to=0 maxever=26903 >2ms=12781 >5ms=12778 >15ms=1737 >20ms=36 >30ms=0 | probes=12782 wrfail=0 down=4s maxout=4s
 207.097  t=204s RTT mean=13265 min=5779 max=15776 n=61 to=0 | cancels=0(+0/s) seqbad=0 len_bad=0 disc=0(0x00) | tot_n=12842 tot_to=0 maxever=26903 >2ms=12842 >5ms=12839 >15ms=1760 >20ms=36 >30ms=0 | probes=12843 wrfail=0 down=4s maxout=4s
 207.098  t=205s RTT mean=13264 min=5778 max=15757 n=61 to=0 | cancels=0(+0/s) seqbad=0 len_bad=0 disc=0(0x00) | tot_n=12903 tot_to=0 maxever=26903 >2ms=12903 >5ms=12900 >15ms=1783 >20ms=36 >30ms=0 | probes=12904 wrfail=0 down=4s maxout=4s
 209.116  t=206s RTT mean=13387 min=11912 max=16667 n=61 to=0 | cancels=0(+0/s) seqbad=0 len_bad=0 disc=0(0x00) | tot_n=12964 tot_to=0 maxever=26903 >2ms=12964 >5ms=12961 >15ms=1805 >20ms=36 >30ms=0 | probes=12965 wrfail=0 down=4s maxout=4s
 209.116  t=207s RTT mean=13263 min=5772 max=16665 n=61 to=0 | cancels=0(+0/s) seqbad=0 len_bad=0 disc=0(0x00) | tot_n=13025 tot_to=0 maxever=26903 >2ms=13025 >5ms=13022 >15ms=1827 >20ms=36 >30ms=0 | probes=13026 wrfail=0 down=4s maxout=4s
 211.072  t=208s RTT mean=13265 min=5779 max=15776 n=61 to=0 | cancels=0(+0/s) seqbad=0 len_bad=0 disc=0(0x00) | tot_n=13086 tot_to=0 maxever=26903 >2ms=13086 >5ms=13083 >15ms=1850 >20ms=36 >30ms=0 | probes=13087 wrfail=0 down=4s maxout=4s
 211.133  t=209s RTT mean=13324 min=8241 max=20517 n=61 to=0 | cancels=0(+0/s) seqbad=0 len_bad=0 disc=0(0x00) | tot_n=13147 tot_to=0 maxever=26903 >2ms=13147 >5ms=13144 >15ms=1872 >20ms=37 >30ms=0 | probes=13148 wrfail=0 down=4s maxout=4s
 213.079  t=210s RTT mean=13328 min=10885 max=15815 n=61 to=0 | cancels=0(+0/s) seqbad=0 len_bad=0 disc=0(0x00) | tot_n=13208 tot_to=0 maxever=26903 >2ms=13208 >5ms=13205 >15ms=1895 >20ms=37 >30ms=0 | probes=13209 wrfail=0 down=4s maxout=4s
 213.139  t=211s RTT mean=13264 min=5778 max=15757 n=61 to=0 | cancels=0(+0/s) seqbad=0 len_bad=0 disc=0(0x00) | tot_n=13269 tot_to=0 maxever=26903 >2ms=13269 >5ms=13266 >15ms=1918 >20ms=37 >30ms=0 | probes=13270 wrfail=0 down=4s maxout=4s
 215.082  t=212s RTT mean=13388 min=11912 max=15775 n=61 to=0 | cancels=0(+0/s) seqbad=0 len_bad=0 disc=0(0x00) | tot_n=13330 tot_to=0 maxever=26903 >2ms=13330 >5ms=13327 >15ms=1941 >20ms=37 >30ms=0 | probes=13331 wrfail=0 down=4s maxout=4s
 215.139  t=213s RTT mean=13265 min=5778 max=15757 n=61 to=0 | cancels=0(+0/s) seqbad=0 len_bad=0 disc=0(0x00) | tot_n=13391 tot_to=0 maxever=26903 >2ms=13391 >5ms=13388 >15ms=1964 >20ms=37 >30ms=0 | probes=13392 wrfail=0 down=4s maxout=4s
 217.105  t=214s RTT mean=13264 min=5778 max=16666 n=61 to=0 | cancels=0(+0/s) seqbad=0 len_bad=0 disc=0(0x00) | tot_n=13452 tot_to=0 maxever=26903 >2ms=13452 >5ms=13449 >15ms=1986 >20ms=37 >30ms=0 | probes=13453 wrfail=0 down=4s maxout=4s
 217.105  t=215s RTT mean=13387 min=11912 max=15757 n=61 to=0 | cancels=0(+0/s) seqbad=0 len_bad=0 disc=0(0x00) | tot_n=13513 tot_to=0 maxever=26903 >2ms=13513 >5ms=13510 >15ms=2009 >20ms=37 >30ms=0 | probes=13514 wrfail=0 down=4s maxout=4s
 219.076  t=216s RTT mean=13265 min=5778 max=15776 n=61 to=0 | cancels=0(+0/s) seqbad=0 len_bad=0 disc=0(0x00) | tot_n=13574 tot_to=0 maxever=26903 >2ms=13574 >5ms=13571 >15ms=2032 >20ms=37 >30ms=0 | probes=13575 wrfail=0 down=4s maxout=4s
 219.133  t=217s RTT mean=13264 min=5778 max=15757 n=61 to=0 | cancels=0(+0/s) seqbad=0 len_bad=0 disc=0(0x00) | tot_n=13635 tot_to=0 maxever=26903 >2ms=13635 >5ms=13632 >15ms=2055 >20ms=37 >30ms=0 | probes=13636 wrfail=0 down=4s maxout=4s
 221.089  t=218s RTT mean=13388 min=11912 max=15775 n=61 to=0 | cancels=0(+0/s) seqbad=0 len_bad=0 disc=0(0x00) | tot_n=13696 tot_to=0 maxever=26903 >2ms=13696 >5ms=13693 >15ms=2078 >20ms=37 >30ms=0 | probes=13697 wrfail=0 down=4s maxout=4s
 221.149  t=219s RTT mean=13265 min=5778 max=15757 n=61 to=0 | cancels=0(+0/s) seqbad=0 len_bad=0 disc=0(0x00) | tot_n=13757 tot_to=0 maxever=26903 >2ms=13757 >5ms=13754 >15ms=2101 >20ms=37 >30ms=0 | probes=13758 wrfail=0 down=4s maxout=4s
 223.106  t=220s RTT mean=13264 min=5778 max=16667 n=61 to=0 | cancels=0(+0/s) seqbad=0 len_bad=0 disc=0(0x00) | tot_n=13818 tot_to=0 maxever=26903 >2ms=13818 >5ms=13815 >15ms=2123 >20ms=37 >30ms=0 | probes=13819 wrfail=0 down=4s maxout=4s
 223.106  t=221s RTT mean=13387 min=11912 max=15757 n=61 to=0 | cancels=0(+0/s) seqbad=0 len_bad=0 disc=0(0x00) | tot_n=13879 tot_to=0 maxever=26903 >2ms=13879 >5ms=13876 >15ms=2146 >20ms=37 >30ms=0 | probes=13880 wrfail=0 down=4s maxout=4s
 225.108  t=222s RTT mean=13264 min=5772 max=16666 n=61 to=0 | cancels=0(+0/s) seqbad=0 len_bad=0 disc=0(0x00) | tot_n=13940 tot_to=0 maxever=26903 >2ms=13940 >5ms=13937 >15ms=2168 >20ms=37 >30ms=0 | probes=13941 wrfail=0 down=4s maxout=4s
 225.108  t=223s RTT mean=13324 min=5778 max=19412 n=61 to=0 | cancels=0(+0/s) seqbad=0 len_bad=0 disc=0(0x00) | tot_n=14001 tot_to=0 maxever=26903 >2ms=14001 >5ms=13998 >15ms=2191 >20ms=37 >30ms=0 | probes=14002 wrfail=0 down=4s maxout=4s
 227.098  t=224s RTT mean=13327 min=10884 max=16668 n=61 to=0 | cancels=0(+0/s) seqbad=0 len_bad=0 disc=0(0x00) | tot_n=14062 tot_to=0 maxever=26903 >2ms=14062 >5ms=14059 >15ms=2213 >20ms=37 >30ms=0 | probes=14063 wrfail=0 down=4s maxout=4s
 227.158  t=225s RTT mean=13264 min=5772 max=15757 n=61 to=0 | cancels=0(+0/s) seqbad=0 len_bad=0 disc=0(0x00) | tot_n=14123 tot_to=0 maxever=26903 >2ms=14123 >5ms=14120 >15ms=2236 >20ms=37 >30ms=0 | probes=14124 wrfail=0 down=4s maxout=4s
 229.120  t=226s RTT mean=13301 min=5778 max=20864 n=62 to=0 | cancels=0(+0/s) seqbad=0 len_bad=0 disc=0(0x00) | tot_n=14185 tot_to=0 maxever=26903 >2ms=14185 >5ms=14182 >15ms=2258 >20ms=38 >30ms=0 | probes=14185 wrfail=0 down=4s maxout=4s
 229.120  t=227s RTT mean=13351 min=11913 max=15764 n=60 to=0 | cancels=0(+0/s) seqbad=0 len_bad=0 disc=0(0x00) | tot_n=14245 tot_to=0 maxever=26903 >2ms=14245 >5ms=14242 >15ms=2280 >20ms=38 >30ms=0 | probes=14246 wrfail=0 down=4s maxout=4s
 231.099  t=228s RTT mean=13263 min=5772 max=16666 n=61 to=0 | cancels=0(+0/s) seqbad=0 len_bad=0 disc=0(0x00) | tot_n=14306 tot_to=0 maxever=26903 >2ms=14306 >5ms=14303 >15ms=2302 >20ms=38 >30ms=0 | probes=14307 wrfail=0 down=4s maxout=4s
 231.159  t=229s RTT mean=13301 min=5779 max=15756 n=62 to=0 | cancels=0(+0/s) seqbad=0 len_bad=0 disc=0(0x00) | tot_n=14368 tot_to=0 maxever=26903 >2ms=14368 >5ms=14365 >15ms=2326 >20ms=38 >30ms=0 | probes=14368 wrfail=0 down=4s maxout=4s
 233.080  t=230s RTT mean=13352 min=11912 max=15776 n=60 to=0 | cancels=0(+0/s) seqbad=0 len_bad=0 disc=0(0x00) | tot_n=14428 tot_to=0 maxever=26903 >2ms=14428 >5ms=14425 >15ms=2348 >20ms=38 >30ms=0 | probes=14429 wrfail=0 down=4s maxout=4s
 233.140  t=231s RTT mean=13264 min=5778 max=15757 n=61 to=0 | cancels=0(+0/s) seqbad=0 len_bad=0 disc=0(0x00) | tot_n=14489 tot_to=0 maxever=26903 >2ms=14489 >5ms=14486 >15ms=2371 >20ms=38 >30ms=0 | probes=14490 wrfail=0 down=4s maxout=4s
 235.084  t=232s RTT mean=13302 min=5778 max=15776 n=62 to=0 | cancels=0(+0/s) seqbad=0 len_bad=0 disc=0(0x00) | tot_n=14551 tot_to=0 maxever=26903 >2ms=14551 >5ms=14548 >15ms=2395 >20ms=38 >30ms=0 | probes=14551 wrfail=0 down=4s maxout=4s
 235.139  t=233s RTT mean=13350 min=11912 max=16666 n=60 to=0 | cancels=0(+0/s) seqbad=0 len_bad=0 disc=0(0x00) | tot_n=14611 tot_to=0 maxever=26903 >2ms=14611 >5ms=14608 >15ms=2416 >20ms=38 >30ms=0 | probes=14612 wrfail=0 down=4s maxout=4s
 237.089  t=234s RTT mean=13264 min=5772 max=16664 n=61 to=0 | cancels=0(+0/s) seqbad=0 len_bad=0 disc=0(0x00) | tot_n=14672 tot_to=0 maxever=26903 >2ms=14672 >5ms=14669 >15ms=2438 >20ms=38 >30ms=0 | probes=14673 wrfail=0 down=4s maxout=4s
 237.148  t=235s RTT mean=13302 min=5779 max=15757 n=62 to=0 | cancels=0(+0/s) seqbad=0 len_bad=0 disc=0(0x00) | tot_n=14734 tot_to=0 maxever=26903 >2ms=14734 >5ms=14731 >15ms=2462 >20ms=38 >30ms=0 | probes=14734 wrfail=0 down=4s maxout=4s
 239.122  t=236s RTT mean=13352 min=11912 max=15775 n=60 to=0 | cancels=0(+0/s) seqbad=0 len_bad=0 disc=0(0x00) | tot_n=14794 tot_to=0 maxever=26903 >2ms=14794 >5ms=14791 >15ms=2484 >20ms=38 >30ms=0 | probes=14795 wrfail=0 down=4s maxout=4s
 239.122  t=237s RTT mean=13387 min=5778 max=23256 n=61 to=0 | cancels=0(+0/s) seqbad=0 len_bad=0 disc=0(0x00) | tot_n=14855 tot_to=0 maxever=26903 >2ms=14855 >5ms=14852 >15ms=2507 >20ms=39 >30ms=0 | probes=14856 wrfail=0 down=4s maxout=4s
 241.089  t=238s RTT mean=13448 min=11913 max=15776 n=61 to=0 | cancels=0(+0/s) seqbad=0 len_bad=0 disc=0(0x00) | tot_n=14916 tot_to=0 maxever=26903 >2ms=14916 >5ms=14913 >15ms=2531 >20ms=39 >30ms=0 | probes=14917 wrfail=0 down=4s maxout=4s
 241.149  t=239s RTT mean=13351 min=11912 max=15760 n=60 to=0 | cancels=0(+0/s) seqbad=0 len_bad=0 disc=0(0x00) | tot_n=14976 tot_to=0 maxever=26903 >2ms=14976 >5ms=14973 >15ms=2553 >20ms=39 >30ms=0 | probes=14977 wrfail=0 down=4s maxout=4s
 243.092  t=240s RTT mean=13301 min=5779 max=16663 n=62 to=0 | cancels=0(+0/s) seqbad=0 len_bad=0 disc=0(0x00) | tot_n=15038 tot_to=0 maxever=26903 >2ms=15038 >5ms=15035 >15ms=2576 >20ms=39 >30ms=0 | probes=15038 wrfail=0 down=4s maxout=4s
 243.149  t=241s RTT mean=13264 min=5778 max=15760 n=61 to=0 | cancels=0(+0/s) seqbad=0 len_bad=0 disc=0(0x00) | tot_n=15099 tot_to=0 maxever=26903 >2ms=15099 >5ms=15096 >15ms=2599 >20ms=39 >30ms=0 | probes=15100 wrfail=0 down=4s maxout=4s
 245.122  t=242s RTT mean=13352 min=11913 max=15776 n=60 to=0 | cancels=0(+0/s) seqbad=0 len_bad=0 disc=0(0x00) | tot_n=15159 tot_to=0 maxever=26903 >2ms=15159 >5ms=15156 >15ms=2621 >20ms=39 >30ms=0 | probes=15160 wrfail=0 down=4s maxout=4s
 245.122  t=243s RTT mean=13300 min=5778 max=16666 n=62 to=0 | cancels=0(+0/s) seqbad=0 len_bad=0 disc=0(0x00) | tot_n=15221 tot_to=0 maxever=26903 >2ms=15221 >5ms=15218 >15ms=2644 >20ms=39 >30ms=0 | probes=15221 wrfail=0 down=4s maxout=4s
 247.082  t=244s RTT mean=13265 min=5778 max=15776 n=61 to=0 | cancels=0(+0/s) seqbad=0 len_bad=0 disc=0(0x00) | tot_n=15282 tot_to=0 maxever=26903 >2ms=15282 >5ms=15279 >15ms=2667 >20ms=39 >30ms=0 | probes=15283 wrfail=0 down=4s maxout=4s
 247.137  PCTL target=75 tot=3660 to=0 p50=11 p90=15 p99=15 p99.9=19 max=23 g30=0 g100=0 (ms/counts)
 247.137  LOADRAMP: target=100 KBps for 60s
 247.137  t=245s RTT mean=13328 min=8238 max=20517 n=61 to=0 | cancels=0(+0/s) seqbad=0 len_bad=0 disc=0(0x00) | tot_n=15343 tot_to=0 maxever=26903 >2ms=15343 >5ms=15340 >15ms=2689 >20ms=40 >30ms=0 | probes=15343 wrfail=0 down=4s maxout=4s
 249.082  t=246s RTT mean=13877 min=10885 max=16667 n=59 to=0 | cancels=0(+0/s) seqbad=0 len_bad=0 disc=0(0x00) | tot_n=15402 tot_to=0 maxever=26903 >2ms=15402 >5ms=15399 >15ms=2718 >20ms=40 >30ms=0 | probes=15402 wrfail=0 down=4s maxout=4s
 249.139  t=247s RTT mean=13816 min=5778 max=18307 n=59 to=0 | cancels=0(+0/s) seqbad=0 len_bad=0 disc=0(0x00) | tot_n=15461 tot_to=0 maxever=26903 >2ms=15461 >5ms=15458 >15ms=2748 >20ms=40 >30ms=0 | probes=15462 wrfail=0 down=4s maxout=4s
 251.122  t=248s RTT mean=13918 min=11912 max=18308 n=58 to=0 | cancels=0(+0/s) seqbad=0 len_bad=0 disc=0(0x00) | tot_n=15519 tot_to=0 maxever=26903 >2ms=15519 >5ms=15516 >15ms=2778 >20ms=40 >30ms=0 | probes=15520 wrfail=0 down=4s maxout=4s
 251.122  t=249s RTT mean=13846 min=5778 max=19411 n=60 to=0 | cancels=0(+0/s) seqbad=0 len_bad=0 disc=0(0x00) | tot_n=15579 tot_to=0 maxever=26903 >2ms=15579 >5ms=15576 >15ms=2808 >20ms=40 >30ms=0 | probes=15579 wrfail=0 down=4s maxout=4s
 253.104  t=250s RTT mean=13817 min=5779 max=18307 n=59 to=0 | cancels=0(+0/s) seqbad=0 len_bad=0 disc=0(0x00) | tot_n=15638 tot_to=0 maxever=26903 >2ms=15638 >5ms=15635 >15ms=2838 >20ms=40 >30ms=0 | probes=15639 wrfail=0 down=4s maxout=4s
 253.104  t=251s RTT mean=13944 min=11912 max=18307 n=59 to=0 | cancels=0(+0/s) seqbad=0 len_bad=0 disc=0(0x00) | tot_n=15697 tot_to=0 maxever=26903 >2ms=15697 >5ms=15694 >15ms=2868 >20ms=40 >30ms=0 | probes=15697 wrfail=0 down=4s maxout=4s
 255.122  t=252s RTT mean=13817 min=5785 max=18309 n=59 to=0 | cancels=0(+0/s) seqbad=0 len_bad=0 disc=0(0x00) | tot_n=15756 tot_to=0 maxever=26903 >2ms=15756 >5ms=15753 >15ms=2898 >20ms=40 >30ms=0 | probes=15756 wrfail=0 down=4s maxout=4s
 255.122  t=253s RTT mean=14107 min=5778 max=25808 n=58 to=0 | cancels=0(+0/s) seqbad=0 len_bad=0 disc=0(0x00) | tot_n=15814 tot_to=0 maxever=26903 >2ms=15814 >5ms=15811 >15ms=2928 >20ms=42 >30ms=0 | probes=15815 wrfail=0 down=4s maxout=4s
 257.090  t=254s RTT mean=13944 min=11912 max=18309 n=59 to=0 | cancels=0(+0/s) seqbad=0 len_bad=0 disc=0(0x00) | tot_n=15873 tot_to=0 maxever=26903 >2ms=15873 >5ms=15870 >15ms=2958 >20ms=42 >30ms=0 | probes=15873 wrfail=0 down=4s maxout=4s
 257.150  t=255s RTT mean=13818 min=5778 max=18308 n=59 to=0 | cancels=0(+0/s) seqbad=0 len_bad=0 disc=0(0x00) | tot_n=15932 tot_to=0 maxever=26903 >2ms=15932 >5ms=15929 >15ms=2989 >20ms=42 >30ms=0 | probes=15933 wrfail=0 down=4s maxout=4s
 259.110  t=256s RTT mean=13817 min=5778 max=18309 n=59 to=0 | cancels=0(+0/s) seqbad=0 len_bad=0 disc=0(0x00) | tot_n=15991 tot_to=0 maxever=26903 >2ms=15991 >5ms=15988 >15ms=3019 >20ms=42 >30ms=0 | probes=15992 wrfail=0 down=4s maxout=4s
 259.110  t=257s RTT mean=13945 min=11912 max=18308 n=59 to=0 | cancels=0(+0/s) seqbad=0 len_bad=0 disc=0(0x00) | tot_n=16050 tot_to=0 maxever=26903 >2ms=16050 >5ms=16047 >15ms=3050 >20ms=42 >30ms=0 | probes=16050 wrfail=0 down=4s maxout=4s
 261.112  t=258s RTT mean=13815 min=5785 max=18309 n=59 to=0 | cancels=0(+0/s) seqbad=0 len_bad=0 disc=0(0x00) | tot_n=16109 tot_to=0 maxever=26903 >2ms=16109 >5ms=16106 >15ms=3079 >20ms=42 >30ms=0 | probes=16110 wrfail=0 down=4s maxout=4s
 261.112  t=259s RTT mean=13818 min=5778 max=18308 n=59 to=0 | cancels=0(+0/s) seqbad=0 len_bad=0 disc=0(0x00) | tot_n=16168 tot_to=0 maxever=26903 >2ms=16168 >5ms=16165 >15ms=3110 >20ms=42 >30ms=0 | probes=16169 wrfail=0 down=4s maxout=4s
 263.132  t=260s RTT mean=13945 min=11912 max=18309 n=59 to=0 | cancels=0(+0/s) seqbad=0 len_bad=0 disc=0(0x00) | tot_n=16227 tot_to=0 maxever=26903 >2ms=16227 >5ms=16224 >15ms=3141 >20ms=42 >30ms=0 | probes=16227 wrfail=0 down=4s maxout=4s
 263.133  t=261s RTT mean=13818 min=5785 max=18310 n=59 to=0 | cancels=0(+0/s) seqbad=0 len_bad=0 disc=0(0x00) | tot_n=16286 tot_to=0 maxever=26903 >2ms=16286 >5ms=16283 >15ms=3172 >20ms=42 >30ms=0 | probes=16287 wrfail=0 down=4s maxout=4s
 265.122  t=262s RTT mean=13818 min=5778 max=18309 n=59 to=0 | cancels=0(+0/s) seqbad=0 len_bad=0 disc=0(0x00) | tot_n=16345 tot_to=0 maxever=26903 >2ms=16345 >5ms=16342 >15ms=3203 >20ms=42 >30ms=0 | probes=16346 wrfail=0 down=4s maxout=4s
 265.122  t=263s RTT mean=13944 min=11912 max=18309 n=59 to=0 | cancels=0(+0/s) seqbad=0 len_bad=0 disc=0(0x00) | tot_n=16404 tot_to=0 maxever=26903 >2ms=16404 >5ms=16401 >15ms=3233 >20ms=42 >30ms=0 | probes=16404 wrfail=0 down=4s maxout=4s
 267.082  t=264s RTT mean=13815 min=5778 max=19669 n=59 to=0 | cancels=0(+0/s) seqbad=0 len_bad=0 disc=0(0x00) | tot_n=16463 tot_to=0 maxever=26903 >2ms=16463 >5ms=16460 >15ms=3261 >20ms=42 >30ms=0 | probes=16464 wrfail=0 down=4s maxout=4s
 267.139  t=265s RTT mean=13818 min=5779 max=18308 n=59 to=0 | cancels=0(+0/s) seqbad=0 len_bad=0 disc=0(0x00) | tot_n=16522 tot_to=0 maxever=26903 >2ms=16522 >5ms=16519 >15ms=3292 >20ms=42 >30ms=0 | probes=16523 wrfail=0 down=4s maxout=4s
 269.097  t=266s RTT mean=13945 min=11912 max=18309 n=59 to=0 | cancels=0(+0/s) seqbad=0 len_bad=0 disc=0(0x00) | tot_n=16581 tot_to=0 maxever=26903 >2ms=16581 >5ms=16578 >15ms=3323 >20ms=42 >30ms=0 | probes=16581 wrfail=0 down=4s maxout=4s
 269.156  t=267s RTT mean=13816 min=5778 max=18209 n=59 to=0 | cancels=0(+0/s) seqbad=0 len_bad=0 disc=0(0x00) | tot_n=16640 tot_to=0 maxever=26903 >2ms=16640 >5ms=16637 >15ms=3353 >20ms=42 >30ms=0 | probes=16641 wrfail=0 down=4s maxout=4s
 271.096  t=268s RTT mean=13818 min=5778 max=18309 n=59 to=0 | cancels=0(+0/s) seqbad=0 len_bad=0 disc=0(0x00) | tot_n=16699 tot_to=0 maxever=26903 >2ms=16699 >5ms=16696 >15ms=3384 >20ms=42 >30ms=0 | probes=16700 wrfail=0 down=4s maxout=4s
 271.156  t=269s RTT mean=13980 min=11912 max=20863 n=58 to=0 | cancels=0(+0/s) seqbad=0 len_bad=0 disc=0(0x00) | tot_n=16757 tot_to=0 maxever=26903 >2ms=16757 >5ms=16754 >15ms=3413 >20ms=43 >30ms=0 | probes=16758 wrfail=0 down=4s maxout=4s
 273.115  t=270s RTT mean=13785 min=5778 max=16669 n=60 to=0 | cancels=0(+0/s) seqbad=0 len_bad=0 disc=0(0x00) | tot_n=16817 tot_to=0 maxever=26903 >2ms=16817 >5ms=16814 >15ms=3443 >20ms=43 >30ms=0 | probes=16818 wrfail=0 down=4s maxout=4s
 273.115  t=271s RTT mean=13816 min=5778 max=18307 n=59 to=0 | cancels=0(+0/s) seqbad=0 len_bad=0 disc=0(0x00) | tot_n=16876 tot_to=0 maxever=26903 >2ms=16876 >5ms=16873 >15ms=3473 >20ms=43 >30ms=0 | probes=16877 wrfail=0 down=4s maxout=4s
 275.132  t=272s RTT mean=13944 min=11913 max=18309 n=59 to=0 | cancels=0(+0/s) seqbad=0 len_bad=0 disc=0(0x00) | tot_n=16935 tot_to=0 maxever=26903 >2ms=16935 >5ms=16932 >15ms=3503 >20ms=43 >30ms=0 | probes=16936 wrfail=0 down=4s maxout=4s
 275.133  t=273s RTT mean=13816 min=5778 max=18307 n=59 to=0 | cancels=0(+0/s) seqbad=0 len_bad=0 disc=0(0x00) | tot_n=16994 tot_to=0 maxever=26903 >2ms=16994 >5ms=16991 >15ms=3533 >20ms=43 >30ms=0 | probes=16995 wrfail=0 down=4s maxout=4s
 277.089  t=274s RTT mean=13818 min=5776 max=18310 n=59 to=0 | cancels=0(+0/s) seqbad=0 len_bad=0 disc=0(0x00) | tot_n=17053 tot_to=0 maxever=26903 >2ms=17053 >5ms=17050 >15ms=3564 >20ms=43 >30ms=0 | probes=17054 wrfail=0 down=4s maxout=4s
 277.142  t=275s RTT mean=13945 min=11912 max=18309 n=59 to=0 | cancels=0(+0/s) seqbad=0 len_bad=0 disc=0(0x00) | tot_n=17112 tot_to=0 maxever=26903 >2ms=17112 >5ms=17109 >15ms=3595 >20ms=43 >30ms=0 | probes=17113 wrfail=0 down=4s maxout=4s
 279.118  t=276s RTT mean=13884 min=5785 max=19411 n=59 to=0 | cancels=0(+0/s) seqbad=0 len_bad=0 disc=0(0x00) | tot_n=17171 tot_to=0 maxever=26903 >2ms=17171 >5ms=17168 >15ms=3626 >20ms=43 >30ms=0 | probes=17172 wrfail=0 down=4s maxout=4s
 279.118  t=277s RTT mean=13749 min=5778 max=16665 n=59 to=0 | cancels=0(+0/s) seqbad=0 len_bad=0 disc=0(0x00) | tot_n=17230 tot_to=0 maxever=26903 >2ms=17230 >5ms=17227 >15ms=3654 >20ms=43 >30ms=0 | probes=17231 wrfail=0 down=4s maxout=4s
 281.139  t=278s RTT mean=13946 min=11912 max=18307 n=59 to=0 | cancels=0(+0/s) seqbad=0 len_bad=0 disc=0(0x00) | tot_n=17289 tot_to=0 maxever=26903 >2ms=17289 >5ms=17286 >15ms=3685 >20ms=43 >30ms=0 | probes=17290 wrfail=0 down=4s maxout=4s
 281.139  t=279s RTT mean=13817 min=5785 max=18310 n=59 to=0 | cancels=0(+0/s) seqbad=0 len_bad=0 disc=0(0x00) | tot_n=17348 tot_to=0 maxever=26903 >2ms=17348 >5ms=17345 >15ms=3715 >20ms=43 >30ms=0 | probes=17349 wrfail=0 down=4s maxout=4s
 283.108  t=280s RTT mean=13818 min=5779 max=18307 n=59 to=0 | cancels=0(+0/s) seqbad=0 len_bad=0 disc=0(0x00) | tot_n=17407 tot_to=0 maxever=26903 >2ms=17407 >5ms=17404 >15ms=3746 >20ms=43 >30ms=0 | probes=17408 wrfail=0 down=4s maxout=4s
 283.162  t=281s RTT mean=13990 min=11912 max=19412 n=59 to=0 | cancels=0(+0/s) seqbad=0 len_bad=0 disc=0(0x00) | tot_n=17466 tot_to=0 maxever=26903 >2ms=17466 >5ms=17463 >15ms=3776 >20ms=43 >30ms=0 | probes=17466 wrfail=0 down=4s maxout=4s
 285.139  t=282s RTT mean=13772 min=5778 max=16658 n=59 to=0 | cancels=0(+0/s) seqbad=0 len_bad=0 disc=0(0x00) | tot_n=17525 tot_to=0 maxever=26903 >2ms=17525 >5ms=17522 >15ms=3806 >20ms=43 >30ms=0 | probes=17526 wrfail=0 down=4s maxout=4s
 285.139  t=283s RTT mean=13818 min=5778 max=18311 n=59 to=0 | cancels=0(+0/s) seqbad=0 len_bad=0 disc=0(0x00) | tot_n=17584 tot_to=0 maxever=26903 >2ms=17584 >5ms=17581 >15ms=3837 >20ms=43 >30ms=0 | probes=17585 wrfail=0 down=4s maxout=4s
 287.139  t=284s RTT mean=13944 min=11912 max=18309 n=59 to=0 | cancels=0(+0/s) seqbad=0 len_bad=0 disc=0(0x00) | tot_n=17643 tot_to=0 maxever=26903 >2ms=17643 >5ms=17640 >15ms=3867 >20ms=43 >30ms=0 | probes=17644 wrfail=0 down=4s maxout=4s
 287.139  t=285s RTT mean=13818 min=5777 max=18309 n=59 to=0 | cancels=0(+0/s) seqbad=0 len_bad=0 disc=0(0x00) | tot_n=17702 tot_to=0 maxever=26903 >2ms=17702 >5ms=17699 >15ms=3898 >20ms=43 >30ms=0 | probes=17703 wrfail=0 down=4s maxout=4s
 289.133  t=286s RTT mean=13818 min=5778 max=18310 n=59 to=0 | cancels=0(+0/s) seqbad=0 len_bad=0 disc=0(0x00) | tot_n=17761 tot_to=0 maxever=26903 >2ms=17761 >5ms=17758 >15ms=3929 >20ms=43 >30ms=0 | probes=17762 wrfail=0 down=4s maxout=4s
 289.133  t=287s RTT mean=14176 min=11912 max=20523 n=58 to=0 | cancels=0(+0/s) seqbad=0 len_bad=0 disc=0(0x00) | tot_n=17819 tot_to=0 maxever=26903 >2ms=17819 >5ms=17816 >15ms=3961 >20ms=44 >30ms=0 | probes=17820 wrfail=0 down=4s maxout=4s
 291.098  t=288s RTT mean=13877 min=10885 max=16666 n=59 to=0 | cancels=0(+0/s) seqbad=0 len_bad=0 disc=0(0x00) | tot_n=17878 tot_to=0 maxever=26903 >2ms=17878 >5ms=17875 >15ms=3990 >20ms=44 >30ms=0 | probes=17879 wrfail=0 down=4s maxout=4s
 291.155  t=289s RTT mean=13944 min=11912 max=18308 n=59 to=0 | cancels=0(+0/s) seqbad=0 len_bad=0 disc=0(0x00) | tot_n=17937 tot_to=0 maxever=26903 >2ms=17937 >5ms=17934 >15ms=4020 >20ms=44 >30ms=0 | probes=17938 wrfail=0 down=4s maxout=4s
 293.112  t=290s RTT mean=14045 min=11912 max=20517 n=58 to=0 | cancels=0(+0/s) seqbad=0 len_bad=0 disc=0(0x00) | tot_n=17995 tot_to=0 maxever=26903 >2ms=17995 >5ms=17992 >15ms=4050 >20ms=45 >30ms=0 | probes=17996 wrfail=0 down=4s maxout=4s
 293.113  t=291s RTT mean=13880 min=10885 max=15758 n=59 to=0 | cancels=0(+0/s) seqbad=0 len_bad=0 disc=0(0x00) | tot_n=18054 tot_to=0 maxever=26903 >2ms=18054 >5ms=18051 >15ms=4081 >20ms=45 >30ms=0 | probes=18055 wrfail=0 down=4s maxout=4s
 295.133  t=292s RTT mean=13944 min=11913 max=18310 n=59 to=0 | cancels=0(+0/s) seqbad=0 len_bad=0 disc=0(0x00) | tot_n=18113 tot_to=0 maxever=26903 >2ms=18113 >5ms=18110 >15ms=4111 >20ms=45 >30ms=0 | probes=18114 wrfail=0 down=4s maxout=4s
 295.133  t=293s RTT mean=14045 min=11912 max=20516 n=58 to=0 | cancels=0(+0/s) seqbad=0 len_bad=0 disc=0(0x00) | tot_n=18171 tot_to=0 maxever=26903 >2ms=18171 >5ms=18168 >15ms=4141 >20ms=46 >30ms=0 | probes=18172 wrfail=0 down=4s maxout=4s
 297.096  t=294s RTT mean=13880 min=10885 max=15776 n=59 to=0 | cancels=0(+0/s) seqbad=0 len_bad=0 disc=0(0x00) | tot_n=18230 tot_to=0 maxever=26903 >2ms=18230 >5ms=18227 >15ms=4172 >20ms=46 >30ms=0 | probes=18231 wrfail=0 down=4s maxout=4s
 297.156  t=295s RTT mean=13942 min=11912 max=18307 n=59 to=0 | cancels=0(+0/s) seqbad=0 len_bad=0 disc=0(0x00) | tot_n=18289 tot_to=0 maxever=26903 >2ms=18289 >5ms=18286 >15ms=4201 >20ms=46 >30ms=0 | probes=18290 wrfail=0 down=4s maxout=4s
 299.112  t=296s RTT mean=13981 min=11912 max=18308 n=58 to=0 | cancels=0(+0/s) seqbad=0 len_bad=0 disc=0(0x00) | tot_n=18347 tot_to=0 maxever=26903 >2ms=18347 >5ms=18344 >15ms=4231 >20ms=46 >30ms=0 | probes=18348 wrfail=0 down=4s maxout=4s
 299.113  t=297s RTT mean=13660 min=5779 max=16668 n=60 to=0 | cancels=0(+0/s) seqbad=0 len_bad=0 disc=0(0x00) | tot_n=18407 tot_to=0 maxever=26903 >2ms=18407 >5ms=18404 >15ms=4261 >20ms=46 >30ms=0 | probes=18408 wrfail=0 down=4s maxout=4s
 301.133  t=298s RTT mean=13946 min=11912 max=18309 n=59 to=0 | cancels=0(+0/s) seqbad=0 len_bad=0 disc=0(0x00) | tot_n=18466 tot_to=0 maxever=26903 >2ms=18466 >5ms=18463 >15ms=4292 >20ms=46 >30ms=0 | probes=18467 wrfail=0 down=4s maxout=4s
 301.133  t=299s RTT mean=13818 min=5785 max=18310 n=59 to=0 | cancels=0(+0/s) seqbad=0 len_bad=0 disc=0(0x00) | tot_n=18525 tot_to=0 maxever=26903 >2ms=18525 >5ms=18522 >15ms=4323 >20ms=46 >30ms=0 | probes=18526 wrfail=0 down=4s maxout=4s
 303.089  t=300s RTT mean=13823 min=5776 max=18310 n=59 to=0 | cancels=0(+0/s) seqbad=0 len_bad=0 disc=0(0x00) | tot_n=18584 tot_to=0 maxever=26903 >2ms=18584 >5ms=18581 >15ms=4353 >20ms=46 >30ms=0 | probes=18585 wrfail=0 down=4s maxout=4s
 303.149  t=301s RTT mean=13941 min=11912 max=18309 n=59 to=0 | cancels=0(+0/s) seqbad=0 len_bad=0 disc=0(0x00) | tot_n=18643 tot_to=0 maxever=26903 >2ms=18643 >5ms=18640 >15ms=4384 >20ms=46 >30ms=0 | probes=18644 wrfail=0 down=4s maxout=4s
 305.096  t=302s RTT mean=13819 min=5786 max=18310 n=59 to=0 | cancels=0(+0/s) seqbad=0 len_bad=0 disc=0(0x00) | tot_n=18702 tot_to=0 maxever=26903 >2ms=18702 >5ms=18699 >15ms=4415 >20ms=46 >30ms=0 | probes=18703 wrfail=0 down=4s maxout=4s
 305.156  t=303s RTT mean=13818 min=5778 max=18310 n=59 to=0 | cancels=0(+0/s) seqbad=0 len_bad=0 disc=0(0x00) | tot_n=18761 tot_to=0 maxever=26903 >2ms=18761 >5ms=18758 >15ms=4446 >20ms=46 >30ms=0 | probes=18762 wrfail=0 down=4s maxout=4s
 307.129  t=304s RTT mean=13946 min=11912 max=18310 n=59 to=0 | cancels=0(+0/s) seqbad=0 len_bad=0 disc=0(0x00) | tot_n=18820 tot_to=0 maxever=26903 >2ms=18820 >5ms=18817 >15ms=4477 >20ms=46 >30ms=0 | probes=18821 wrfail=0 down=4s maxout=4s
 307.129  PCTL target=100 tot=3535 to=0 p50=15 p90=15 p99=18 p99.9=20 max=25 g30=0 g100=0 (ms/counts)
 307.129  LOADRAMP: target=125 KBps for 60s
 307.129  t=305s RTT mean=13881 min=8141 max=19666 n=59 to=0 | cancels=0(+0/s) seqbad=0 len_bad=0 disc=0(0x00) | tot_n=18879 tot_to=0 maxever=26903 >2ms=18879 >5ms=18876 >15ms=4507 >20ms=46 >30ms=0 | probes=18880 wrfail=0 down=4s maxout=4s
 309.089  t=306s RTT mean=14342 min=7038 max=16666 n=57 to=0 | cancels=0(+0/s) seqbad=0 len_bad=0 disc=0(0x00) | tot_n=18936 tot_to=0 maxever=26903 >2ms=18936 >5ms=18933 >15ms=4544 >20ms=46 >30ms=0 | probes=18937 wrfail=0 down=4s maxout=4s
 309.150  t=307s RTT mean=14542 min=11913 max=18311 n=57 to=0 | cancels=0(+0/s) seqbad=0 len_bad=0 disc=0(0x00) | tot_n=18993 tot_to=0 maxever=26903 >2ms=18993 >5ms=18990 >15ms=4583 >20ms=46 >30ms=0 | probes=18994 wrfail=0 down=4s maxout=4s
 311.122  t=308s RTT mean=14409 min=10873 max=16674 n=57 to=0 | cancels=0(+0/s) seqbad=0 len_bad=0 disc=0(0x00) | tot_n=19050 tot_to=0 maxever=26903 >2ms=19050 >5ms=19047 >15ms=4620 >20ms=46 >30ms=0 | probes=19051 wrfail=0 down=4s maxout=4s
 311.122  t=309s RTT mean=14408 min=10872 max=16666 n=57 to=0 | cancels=0(+0/s) seqbad=0 len_bad=0 disc=0(0x00) | tot_n=19107 tot_to=0 maxever=26903 >2ms=19107 >5ms=19104 >15ms=4657 >20ms=46 >30ms=0 | probes=19108 wrfail=0 down=4s maxout=4s
 313.139  t=310s RTT mean=14542 min=11912 max=18311 n=57 to=0 | cancels=0(+0/s) seqbad=0 len_bad=0 disc=0(0x00) | tot_n=19164 tot_to=0 maxever=26903 >2ms=19164 >5ms=19161 >15ms=4696 >20ms=46 >30ms=0 | probes=19165 wrfail=0 down=4s maxout=4s
 313.139  t=311s RTT mean=14855 min=11911 max=23255 n=56 to=0 | cancels=0(+0/s) seqbad=0 len_bad=0 disc=0(0x00) | tot_n=19220 tot_to=0 maxever=26903 >2ms=19220 >5ms=19217 >15ms=4734 >20ms=48 >30ms=0 | probes=19220 wrfail=0 down=4s maxout=4s
 315.106  t=312s RTT mean=14280 min=5778 max=15814 n=57 to=0 | cancels=0(+0/s) seqbad=0 len_bad=0 disc=0(0x00) | tot_n=19277 tot_to=0 maxever=26903 >2ms=19277 >5ms=19274 >15ms=4772 >20ms=48 >30ms=0 | probes=19278 wrfail=0 down=4s maxout=4s
 315.166  t=313s RTT mean=14542 min=11912 max=18311 n=57 to=0 | cancels=0(+0/s) seqbad=0 len_bad=0 disc=0(0x00) | tot_n=19334 tot_to=0 maxever=26903 >2ms=19334 >5ms=19331 >15ms=4811 >20ms=48 >30ms=0 | probes=19335 wrfail=0 down=4s maxout=4s
 317.139  t=314s RTT mean=14415 min=5778 max=18311 n=57 to=0 | cancels=0(+0/s) seqbad=0 len_bad=0 disc=0(0x00) | tot_n=19391 tot_to=0 maxever=26903 >2ms=19391 >5ms=19388 >15ms=4850 >20ms=48 >30ms=0 | probes=19392 wrfail=0 down=4s maxout=4s
 317.139  t=315s RTT mean=14603 min=10873 max=23062 n=57 to=0 | cancels=0(+0/s) seqbad=0 len_bad=0 disc=0(0x00) | tot_n=19448 tot_to=0 maxever=26903 >2ms=19448 >5ms=19445 >15ms=4887 >20ms=50 >30ms=0 | probes=19448 wrfail=0 down=4s maxout=4s
 319.149  t=316s RTT mean=14410 min=10585 max=16666 n=57 to=0 | cancels=0(+0/s) seqbad=0 len_bad=0 disc=0(0x00) | tot_n=19505 tot_to=0 maxever=26903 >2ms=19505 >5ms=19502 >15ms=4923 >20ms=50 >30ms=0 | probes=19506 wrfail=0 down=4s maxout=4s
 319.149  t=317s RTT mean=14341 min=7039 max=16667 n=57 to=0 | cancels=0(+0/s) seqbad=0 len_bad=0 disc=0(0x00) | tot_n=19562 tot_to=0 maxever=26903 >2ms=19562 >5ms=19559 >15ms=4960 >20ms=50 >30ms=0 | probes=19563 wrfail=0 down=4s maxout=4s
 321.133  t=318s RTT mean=14477 min=10872 max=20549 n=57 to=0 | cancels=0(+0/s) seqbad=0 len_bad=0 disc=0(0x00) | tot_n=19619 tot_to=0 maxever=26903 >2ms=19619 >5ms=19616 >15ms=4997 >20ms=51 >30ms=0 | probes=19620 wrfail=0 down=4s maxout=4s
 321.133  t=319s RTT mean=14474 min=11912 max=15757 n=57 to=0 | cancels=0(+0/s) seqbad=0 len_bad=0 disc=0(0x00) | tot_n=19676 tot_to=0 maxever=26903 >2ms=19676 >5ms=19673 >15ms=5035 >20ms=51 >30ms=0 | probes=19677 wrfail=0 down=4s maxout=4s
 323.116  t=320s RTT mean=14409 min=10873 max=16668 n=57 to=0 | cancels=0(+0/s) seqbad=0 len_bad=0 disc=0(0x00) | tot_n=19733 tot_to=0 maxever=26903 >2ms=19733 >5ms=19730 >15ms=5072 >20ms=51 >30ms=0 | probes=19734 wrfail=0 down=4s maxout=4s
 323.172  t=321s RTT mean=14609 min=11912 max=19409 n=57 to=0 | cancels=0(+0/s) seqbad=0 len_bad=0 disc=0(0x00) | tot_n=19790 tot_to=0 maxever=26903 >2ms=19790 >5ms=19787 >15ms=5109 >20ms=51 >30ms=0 | probes=19790 wrfail=0 down=4s maxout=4s
 325.139  t=322s RTT mean=14342 min=5779 max=16667 n=57 to=0 | cancels=0(+0/s) seqbad=0 len_bad=0 disc=0(0x00) | tot_n=19847 tot_to=0 maxever=26903 >2ms=19847 >5ms=19844 >15ms=5146 >20ms=51 >30ms=0 | probes=19848 wrfail=0 down=4s maxout=4s
 325.139  t=323s RTT mean=14410 min=5778 max=18311 n=57 to=0 | cancels=0(+0/s) seqbad=0 len_bad=0 disc=0(0x00) | tot_n=19904 tot_to=0 maxever=26903 >2ms=19904 >5ms=19901 >15ms=5185 >20ms=51 >30ms=0 | probes=19905 wrfail=0 down=4s maxout=4s
 327.096  t=324s RTT mean=14541 min=11912 max=18312 n=57 to=0 | cancels=0(+0/s) seqbad=0 len_bad=0 disc=0(0x00) | tot_n=19961 tot_to=0 maxever=26903 >2ms=19961 >5ms=19958 >15ms=5223 >20ms=51 >30ms=0 | probes=19962 wrfail=0 down=4s maxout=4s
 327.156  t=325s RTT mean=14407 min=10884 max=16671 n=57 to=0 | cancels=0(+0/s) seqbad=0 len_bad=0 disc=0(0x00) | tot_n=20018 tot_to=0 maxever=26903 >2ms=20018 >5ms=20015 >15ms=5259 >20ms=51 >30ms=0 | probes=20019 wrfail=0 down=4s maxout=4s
 329.122  t=326s RTT mean=14411 min=10873 max=15767 n=57 to=0 | cancels=0(+0/s) seqbad=0 len_bad=0 disc=0(0x00) | tot_n=20075 tot_to=0 maxever=26903 >2ms=20075 >5ms=20072 >15ms=5297 >20ms=51 >30ms=0 | probes=20076 wrfail=0 down=4s maxout=4s
 329.122  t=327s RTT mean=14540 min=11912 max=18311 n=57 to=0 | cancels=0(+0/s) seqbad=0 len_bad=0 disc=0(0x00) | tot_n=20132 tot_to=0 maxever=26903 >2ms=20132 >5ms=20129 >15ms=5335 >20ms=51 >30ms=0 | probes=20133 wrfail=0 down=4s maxout=4s
 331.106  t=328s RTT mean=14407 min=10885 max=16670 n=57 to=0 | cancels=0(+0/s) seqbad=0 len_bad=0 disc=0(0x00) | tot_n=20189 tot_to=0 maxever=26903 >2ms=20189 >5ms=20186 >15ms=5371 >20ms=51 >30ms=0 | probes=20190 wrfail=0 down=4s maxout=4s
 331.166  t=329s RTT mean=14409 min=10884 max=16666 n=57 to=0 | cancels=0(+0/s) seqbad=0 len_bad=0 disc=0(0x00) | tot_n=20246 tot_to=0 maxever=26903 >2ms=20246 >5ms=20243 >15ms=5408 >20ms=51 >30ms=0 | probes=20247 wrfail=0 down=4s maxout=4s
 333.146  t=330s RTT mean=14542 min=11912 max=18311 n=57 to=0 | cancels=0(+0/s) seqbad=0 len_bad=0 disc=0(0x00) | tot_n=20303 tot_to=0 maxever=26903 >2ms=20303 >5ms=20300 >15ms=5446 >20ms=51 >30ms=0 | probes=20304 wrfail=0 down=4s maxout=4s
 333.146  t=331s RTT mean=14409 min=10872 max=16666 n=57 to=0 | cancels=0(+0/s) seqbad=0 len_bad=0 disc=0(0x00) | tot_n=20360 tot_to=0 maxever=26903 >2ms=20360 >5ms=20357 >15ms=5483 >20ms=51 >30ms=0 | probes=20361 wrfail=0 down=4s maxout=4s
 335.122  t=332s RTT mean=14541 min=11912 max=18312 n=57 to=0 | cancels=0(+0/s) seqbad=0 len_bad=0 disc=0(0x00) | tot_n=20417 tot_to=0 maxever=26903 >2ms=20417 >5ms=20414 >15ms=5521 >20ms=51 >30ms=0 | probes=20418 wrfail=0 down=4s maxout=4s
 335.122  t=333s RTT mean=14410 min=10872 max=15765 n=57 to=0 | cancels=0(+0/s) seqbad=0 len_bad=0 disc=0(0x00) | tot_n=20474 tot_to=0 maxever=26903 >2ms=20474 >5ms=20471 >15ms=5559 >20ms=51 >30ms=0 | probes=20475 wrfail=0 down=4s maxout=4s
 337.139  t=334s RTT mean=14411 min=10875 max=16774 n=57 to=0 | cancels=0(+0/s) seqbad=0 len_bad=0 disc=0(0x00) | tot_n=20531 tot_to=0 maxever=26903 >2ms=20531 >5ms=20528 >15ms=5596 >20ms=51 >30ms=0 | probes=20532 wrfail=0 down=4s maxout=4s
 337.139  t=335s RTT mean=14476 min=10872 max=20517 n=57 to=0 | cancels=0(+0/s) seqbad=0 len_bad=0 disc=0(0x00) | tot_n=20588 tot_to=0 maxever=26903 >2ms=20588 >5ms=20585 >15ms=5633 >20ms=52 >30ms=0 | probes=20589 wrfail=0 down=4s maxout=4s
 339.139  t=336s RTT mean=14475 min=11912 max=15776 n=57 to=0 | cancels=0(+0/s) seqbad=0 len_bad=0 disc=0(0x00) | tot_n=20645 tot_to=0 maxever=26903 >2ms=20645 >5ms=20642 >15ms=5671 >20ms=52 >30ms=0 | probes=20646 wrfail=0 down=4s maxout=4s
 339.139  t=337s RTT mean=14410 min=5778 max=18312 n=57 to=0 | cancels=0(+0/s) seqbad=0 len_bad=0 disc=0(0x00) | tot_n=20702 tot_to=0 maxever=26903 >2ms=20702 >5ms=20699 >15ms=5710 >20ms=52 >30ms=0 | probes=20703 wrfail=0 down=4s maxout=4s
 341.106  t=338s RTT mean=14478 min=10873 max=20516 n=57 to=0 | cancels=0(+0/s) seqbad=0 len_bad=0 disc=0(0x00) | tot_n=20759 tot_to=0 maxever=26903 >2ms=20759 >5ms=20756 >15ms=5747 >20ms=53 >30ms=0 | probes=20760 wrfail=0 down=4s maxout=4s
 341.166  t=339s RTT mean=14474 min=5777 max=20612 n=57 to=0 | cancels=0(+0/s) seqbad=0 len_bad=0 disc=0(0x00) | tot_n=20816 tot_to=0 maxever=26903 >2ms=20816 >5ms=20813 >15ms=5785 >20ms=54 >30ms=0 | probes=20817 wrfail=0 down=4s maxout=4s
 343.146  t=340s RTT mean=14411 min=5778 max=18311 n=57 to=0 | cancels=0(+0/s) seqbad=0 len_bad=0 disc=0(0x00) | tot_n=20873 tot_to=0 maxever=26903 >2ms=20873 >5ms=20870 >15ms=5824 >20ms=54 >30ms=0 | probes=20874 wrfail=0 down=4s maxout=4s
 343.146  t=341s RTT mean=14540 min=11912 max=20603 n=57 to=0 | cancels=0(+0/s) seqbad=0 len_bad=0 disc=0(0x00) | tot_n=20930 tot_to=0 maxever=26903 >2ms=20930 >5ms=20927 >15ms=5860 >20ms=55 >30ms=0 | probes=20931 wrfail=0 down=4s maxout=4s
 345.106  t=342s RTT mean=14411 min=5778 max=19411 n=57 to=0 | cancels=0(+0/s) seqbad=0 len_bad=0 disc=0(0x00) | tot_n=20987 tot_to=0 maxever=26903 >2ms=20987 >5ms=20984 >15ms=5898 >20ms=55 >30ms=0 | probes=20988 wrfail=0 down=4s maxout=4s
 345.166  t=343s RTT mean=14409 min=5778 max=18312 n=57 to=0 | cancels=0(+0/s) seqbad=0 len_bad=0 disc=0(0x00) | tot_n=21044 tot_to=0 maxever=26903 >2ms=21044 >5ms=21041 >15ms=5936 >20ms=55 >30ms=0 | probes=21045 wrfail=0 down=4s maxout=4s
 347.122  t=344s RTT mean=14542 min=10873 max=23064 n=57 to=0 | cancels=0(+0/s) seqbad=0 len_bad=0 disc=0(0x00) | tot_n=21101 tot_to=0 maxever=26903 >2ms=21101 >5ms=21098 >15ms=5974 >20ms=56 >30ms=0 | probes=21102 wrfail=0 down=4s maxout=4s
 347.122  t=345s RTT mean=14410 min=5778 max=18312 n=57 to=0 | cancels=0(+0/s) seqbad=0 len_bad=0 disc=0(0x00) | tot_n=21158 tot_to=0 maxever=26903 >2ms=21158 >5ms=21155 >15ms=6013 >20ms=56 >30ms=0 | probes=21159 wrfail=0 down=4s maxout=4s
 349.106  t=346s RTT mean=14477 min=10873 max=20487 n=57 to=0 | cancels=0(+0/s) seqbad=0 len_bad=0 disc=0(0x00) | tot_n=21215 tot_to=0 maxever=26903 >2ms=21215 >5ms=21212 >15ms=6050 >20ms=57 >30ms=0 | probes=21216 wrfail=0 down=4s maxout=4s
 349.163  t=347s RTT mean=14542 min=11912 max=19412 n=57 to=0 | cancels=0(+0/s) seqbad=0 len_bad=0 disc=0(0x00) | tot_n=21272 tot_to=0 maxever=26903 >2ms=21272 >5ms=21269 >15ms=6088 >20ms=57 >30ms=0 | probes=21273 wrfail=0 down=4s maxout=4s
 351.127  t=348s RTT mean=14343 min=5778 max=15767 n=57 to=0 | cancels=0(+0/s) seqbad=0 len_bad=0 disc=0(0x00) | tot_n=21329 tot_to=0 maxever=26903 >2ms=21329 >5ms=21326 >15ms=6126 >20ms=57 >30ms=0 | probes=21330 wrfail=0 down=4s maxout=4s
 351.127  t=349s RTT mean=14606 min=11912 max=19313 n=57 to=0 | cancels=0(+0/s) seqbad=0 len_bad=0 disc=0(0x00) | tot_n=21386 tot_to=0 maxever=26903 >2ms=21386 >5ms=21383 >15ms=6164 >20ms=57 >30ms=0 | probes=21386 wrfail=0 down=4s maxout=4s
 353.106  t=350s RTT mean=14407 min=10553 max=17012 n=57 to=0 | cancels=0(+0/s) seqbad=0 len_bad=0 disc=0(0x00) | tot_n=21443 tot_to=0 maxever=26903 >2ms=21443 >5ms=21440 >15ms=6198 >20ms=57 >30ms=0 | probes=21444 wrfail=0 down=4s maxout=4s
 353.157  t=351s RTT mean=14343 min=7039 max=15757 n=57 to=0 | cancels=0(+0/s) seqbad=0 len_bad=0 disc=0(0x00) | tot_n=21500 tot_to=0 maxever=26903 >2ms=21500 >5ms=21497 >15ms=6236 >20ms=57 >30ms=0 | probes=21501 wrfail=0 down=4s maxout=4s
 355.101  t=352s RTT mean=14542 min=11912 max=18311 n=57 to=0 | cancels=0(+0/s) seqbad=0 len_bad=0 disc=0(0x00) | tot_n=21557 tot_to=0 maxever=26903 >2ms=21557 >5ms=21554 >15ms=6275 >20ms=57 >30ms=0 | probes=21558 wrfail=0 down=4s maxout=4s
 355.156  t=353s RTT mean=14587 min=11912 max=18312 n=56 to=0 | cancels=0(+0/s) seqbad=0 len_bad=0 disc=0(0x00) | tot_n=21613 tot_to=0 maxever=26903 >2ms=21613 >5ms=21610 >15ms=6314 >20ms=57 >30ms=0 | probes=21614 wrfail=0 down=4s maxout=4s
 357.122  t=354s RTT mean=14542 min=11912 max=16953 n=57 to=0 | cancels=0(+0/s) seqbad=0 len_bad=0 disc=0(0x00) | tot_n=21670 tot_to=0 maxever=26903 >2ms=21670 >5ms=21667 >15ms=6352 >20ms=57 >30ms=0 | probes=21671 wrfail=0 down=4s maxout=4s
 357.182  t=355s RTT mean=14539 min=11912 max=20602 n=57 to=0 | cancels=0(+0/s) seqbad=0 len_bad=0 disc=0(0x00) | tot_n=21727 tot_to=0 maxever=26903 >2ms=21727 >5ms=21724 >15ms=6388 >20ms=58 >30ms=0 | probes=21728 wrfail=0 down=4s maxout=4s
 359.099  t=356s RTT mean=14406 min=10885 max=16666 n=57 to=0 | cancels=0(+0/s) seqbad=0 len_bad=0 disc=0(0x00) | tot_n=21784 tot_to=0 maxever=26903 >2ms=21784 >5ms=21781 >15ms=6423 >20ms=58 >30ms=0 | probes=21785 wrfail=0 down=4s maxout=4s
 359.156  t=357s RTT mean=14410 min=10873 max=15762 n=57 to=0 | cancels=0(+0/s) seqbad=0 len_bad=0 disc=0(0x00) | tot_n=21841 tot_to=0 maxever=26903 >2ms=21841 >5ms=21838 >15ms=6461 >20ms=58 >30ms=0 | probes=21842 wrfail=0 down=4s maxout=4s
 361.129  t=358s RTT mean=14541 min=11913 max=18306 n=57 to=0 | cancels=0(+0/s) seqbad=0 len_bad=0 disc=0(0x00) | tot_n=21898 tot_to=0 maxever=26903 >2ms=21898 >5ms=21895 >15ms=6499 >20ms=58 >30ms=0 | probes=21899 wrfail=0 down=4s maxout=4s
 361.129  t=359s RTT mean=14477 min=9342 max=18307 n=57 to=0 | cancels=0(+0/s) seqbad=0 len_bad=0 disc=0(0x00) | tot_n=21955 tot_to=0 maxever=26903 >2ms=21955 >5ms=21952 >15ms=6538 >20ms=58 >30ms=0 | probes=21956 wrfail=0 down=4s maxout=4s
 363.099  t=360s RTT mean=14343 min=5778 max=15768 n=57 to=0 | cancels=0(+0/s) seqbad=0 len_bad=0 disc=0(0x00) | tot_n=22012 tot_to=0 maxever=26903 >2ms=22012 >5ms=22009 >15ms=6576 >20ms=58 >30ms=0 | probes=22013 wrfail=0 down=4s maxout=4s
 363.156  t=361s RTT mean=14475 min=10885 max=20516 n=57 to=0 | cancels=0(+0/s) seqbad=0 len_bad=0 disc=0(0x00) | tot_n=22069 tot_to=0 maxever=26903 >2ms=22069 >5ms=22066 >15ms=6612 >20ms=59 >30ms=0 | probes=22070 wrfail=0 down=4s maxout=4s
 365.129  t=362s RTT mean=14475 min=11913 max=17023 n=57 to=0 | cancels=0(+0/s) seqbad=0 len_bad=0 disc=0(0x00) | tot_n=22126 tot_to=0 maxever=26903 >2ms=22126 >5ms=22123 >15ms=6648 >20ms=59 >30ms=0 | probes=22127 wrfail=0 down=4s maxout=4s
 365.129  t=363s RTT mean=14407 min=10873 max=16670 n=57 to=0 | cancels=0(+0/s) seqbad=0 len_bad=0 disc=0(0x00) | tot_n=22183 tot_to=0 maxever=26903 >2ms=22183 >5ms=22180 >15ms=6684 >20ms=59 >30ms=0 | probes=22184 wrfail=0 down=4s maxout=4s
 367.145  t=364s RTT mean=14541 min=10884 max=20862 n=57 to=0 | cancels=0(+0/s) seqbad=0 len_bad=0 disc=0(0x00) | tot_n=22240 tot_to=0 maxever=26903 >2ms=22240 >5ms=22237 >15ms=6720 >20ms=61 >30ms=0 | probes=22241 wrfail=0 down=4s maxout=4s
 367.145  PCTL target=125 tot=3418 to=0 p50=15 p90=15 p99=18 p99.9=20 max=23 g30=0 g100=0 (ms/counts)
 367.145  LOADRAMP: target=150 KBps for 60s
 367.145  t=365s RTT mean=14409 min=6900 max=18308 n=57 to=0 | cancels=0(+0/s) seqbad=0 len_bad=0 disc=0(0x00) | tot_n=22297 tot_to=0 maxever=26903 >2ms=22297 >5ms=22294 >15ms=6758 >20ms=61 >30ms=0 | probes=22298 wrfail=0 down=4s maxout=4s
 369.107  t=366s RTT mean=15044 min=7039 max=19416 n=55 to=0 | cancels=0(+0/s) seqbad=0 len_bad=0 disc=0(0x00) | tot_n=22352 tot_to=0 maxever=26903 >2ms=22352 >5ms=22349 >15ms=6802 >20ms=61 >30ms=0 | probes=22353 wrfail=0 down=4s maxout=4s
 369.167  t=367s RTT mean=15112 min=10885 max=20517 n=55 to=0 | cancels=0(+0/s) seqbad=0 len_bad=0 disc=0(0x00) | tot_n=22407 tot_to=0 maxever=26903 >2ms=22407 >5ms=22404 >15ms=6846 >20ms=62 >30ms=0 | probes=22408 wrfail=0 down=4s maxout=4s
 371.112  t=368s RTT mean=15111 min=11912 max=16666 n=55 to=0 | cancels=0(+0/s) seqbad=0 len_bad=0 disc=0(0x00) | tot_n=22462 tot_to=0 maxever=26903 >2ms=22462 >5ms=22459 >15ms=6891 >20ms=62 >30ms=0 | probes=22463 wrfail=0 down=4s maxout=4s
 371.172  t=369s RTT mean=15044 min=10885 max=16665 n=55 to=0 | cancels=0(+0/s) seqbad=0 len_bad=0 disc=0(0x00) | tot_n=22517 tot_to=0 maxever=26903 >2ms=22517 >5ms=22514 >15ms=6936 >20ms=62 >30ms=0 | probes=22518 wrfail=0 down=4s maxout=4s
 373.156  t=370s RTT mean=15116 min=10885 max=20517 n=55 to=0 | cancels=0(+0/s) seqbad=0 len_bad=0 disc=0(0x00) | tot_n=22572 tot_to=0 maxever=26903 >2ms=22572 >5ms=22569 >15ms=6982 >20ms=63 >30ms=0 | probes=22573 wrfail=0 down=4s maxout=4s
 373.156  t=371s RTT mean=15110 min=11912 max=16663 n=55 to=0 | cancels=0(+0/s) seqbad=0 len_bad=0 disc=0(0x00) | tot_n=22627 tot_to=0 maxever=26903 >2ms=22627 >5ms=22624 >15ms=7027 >20ms=63 >30ms=0 | probes=22628 wrfail=0 down=4s maxout=4s
 375.132  t=372s RTT mean=15044 min=10885 max=16666 n=55 to=0 | cancels=0(+0/s) seqbad=0 len_bad=0 disc=0(0x00) | tot_n=22682 tot_to=0 maxever=26903 >2ms=22682 >5ms=22679 >15ms=7072 >20ms=63 >30ms=0 | probes=22683 wrfail=0 down=4s maxout=4s
 375.132  t=373s RTT mean=15250 min=10885 max=23061 n=55 to=0 | cancels=0(+0/s) seqbad=0 len_bad=0 disc=0(0x00) | tot_n=22737 tot_to=0 maxever=26903 >2ms=22737 >5ms=22734 >15ms=7117 >20ms=65 >30ms=0 | probes=22738 wrfail=0 down=4s maxout=4s
 377.139  t=374s RTT mean=14974 min=5778 max=16666 n=55 to=0 | cancels=0(+0/s) seqbad=0 len_bad=0 disc=0(0x00) | tot_n=22792 tot_to=0 maxever=26903 >2ms=22792 >5ms=22789 >15ms=7162 >20ms=65 >30ms=0 | probes=22793 wrfail=0 down=4s maxout=4s
 377.139  t=375s RTT mean=15046 min=10884 max=15765 n=55 to=0 | cancels=0(+0/s) seqbad=0 len_bad=0 disc=0(0x00) | tot_n=22847 tot_to=0 maxever=26903 >2ms=22847 >5ms=22844 >15ms=7208 >20ms=65 >30ms=0 | probes=22848 wrfail=0 down=4s maxout=4s
 379.106  t=376s RTT mean=15059 min=10885 max=16873 n=56 to=0 | cancels=0(+0/s) seqbad=0 len_bad=0 disc=0(0x00) | tot_n=22903 tot_to=0 maxever=26903 >2ms=22903 >5ms=22900 >15ms=7255 >20ms=65 >30ms=0 | probes=22903 wrfail=0 down=4s maxout=4s
 379.161  t=377s RTT mean=15171 min=11912 max=18305 n=54 to=0 | cancels=0(+0/s) seqbad=0 len_bad=0 disc=0(0x00) | tot_n=22957 tot_to=0 maxever=26903 >2ms=22957 >5ms=22954 >15ms=7301 >20ms=65 >30ms=0 | probes=22958 wrfail=0 down=4s maxout=4s
 381.125  t=378s RTT mean=15044 min=5778 max=19409 n=55 to=0 | cancels=0(+0/s) seqbad=0 len_bad=0 disc=0(0x00) | tot_n=23012 tot_to=0 maxever=26903 >2ms=23012 >5ms=23009 >15ms=7346 >20ms=65 >30ms=0 | probes=23013 wrfail=0 down=4s maxout=4s
 381.183  t=379s RTT mean=15114 min=10885 max=20517 n=55 to=0 | cancels=0(+0/s) seqbad=0 len_bad=0 disc=0(0x00) | tot_n=23067 tot_to=0 maxever=26903 >2ms=23067 >5ms=23064 >15ms=7391 >20ms=66 >30ms=0 | probes=23068 wrfail=0 down=4s maxout=4s
 383.133  t=380s RTT mean=15111 min=11912 max=16670 n=55 to=0 | cancels=0(+0/s) seqbad=0 len_bad=0 disc=0(0x00) | tot_n=23122 tot_to=0 maxever=26903 >2ms=23122 >5ms=23119 >15ms=7436 >20ms=66 >30ms=0 | probes=23123 wrfail=0 down=4s maxout=4s
 383.133  t=381s RTT mean=15114 min=10885 max=20461 n=55 to=0 | cancels=0(+0/s) seqbad=0 len_bad=0 disc=0(0x00) | tot_n=23177 tot_to=0 maxever=26903 >2ms=23177 >5ms=23174 >15ms=7481 >20ms=67 >30ms=0 | probes=23178 wrfail=0 down=4s maxout=4s
 385.139  t=382s RTT mean=15111 min=11912 max=16668 n=55 to=0 | cancels=0(+0/s) seqbad=0 len_bad=0 disc=0(0x00) | tot_n=23232 tot_to=0 maxever=26903 >2ms=23232 >5ms=23229 >15ms=7526 >20ms=67 >30ms=0 | probes=23233 wrfail=0 down=4s maxout=4s
 385.139  t=383s RTT mean=15044 min=5778 max=23002 n=55 to=0 | cancels=0(+0/s) seqbad=0 len_bad=0 disc=0(0x00) | tot_n=23287 tot_to=0 maxever=26903 >2ms=23287 >5ms=23284 >15ms=7571 >20ms=68 >30ms=0 | probes=23288 wrfail=0 down=4s maxout=4s
 387.106  t=384s RTT mean=15113 min=10885 max=20457 n=55 to=0 | cancels=0(+0/s) seqbad=0 len_bad=0 disc=0(0x00) | tot_n=23342 tot_to=0 maxever=26903 >2ms=23342 >5ms=23339 >15ms=7615 >20ms=69 >30ms=0 | probes=23343 wrfail=0 down=4s maxout=4s
 387.166  t=385s RTT mean=15180 min=11912 max=20862 n=55 to=0 | cancels=0(+0/s) seqbad=0 len_bad=0 disc=0(0x00) | tot_n=23397 tot_to=0 maxever=26903 >2ms=23397 >5ms=23394 >15ms=7659 >20ms=70 >30ms=0 | probes=23398 wrfail=0 down=4s maxout=4s
 389.123  t=386s RTT mean=14976 min=7038 max=15775 n=55 to=0 | cancels=0(+0/s) seqbad=0 len_bad=0 disc=0(0x00) | tot_n=23452 tot_to=0 maxever=26903 >2ms=23452 >5ms=23449 >15ms=7705 >20ms=70 >30ms=0 | probes=23453 wrfail=0 down=4s maxout=4s
 389.183  t=387s RTT mean=15059 min=5778 max=19406 n=56 to=0 | cancels=0(+0/s) seqbad=0 len_bad=0 disc=0(0x00) | tot_n=23508 tot_to=0 maxever=26903 >2ms=23508 >5ms=23505 >15ms=7752 >20ms=70 >30ms=0 | probes=23508 wrfail=0 down=4s maxout=4s
 391.104  t=388s RTT mean=15046 min=10885 max=16872 n=55 to=0 | cancels=0(+0/s) seqbad=0 len_bad=0 disc=0(0x00) | tot_n=23563 tot_to=0 maxever=26903 >2ms=23563 >5ms=23560 >15ms=7798 >20ms=70 >30ms=0 | probes=23563 wrfail=0 down=4s maxout=4s
 391.156  t=389s RTT mean=15171 min=11912 max=18305 n=54 to=0 | cancels=0(+0/s) seqbad=0 len_bad=0 disc=0(0x00) | tot_n=23617 tot_to=0 maxever=26903 >2ms=23617 >5ms=23614 >15ms=7844 >20ms=70 >30ms=0 | probes=23618 wrfail=0 down=4s maxout=4s
 393.116  t=390s RTT mean=15116 min=10885 max=20503 n=55 to=0 | cancels=0(+0/s) seqbad=0 len_bad=0 disc=0(0x00) | tot_n=23672 tot_to=0 maxever=26903 >2ms=23672 >5ms=23669 >15ms=7890 >20ms=71 >30ms=0 | probes=23673 wrfail=0 down=4s maxout=4s
 393.172  t=391s RTT mean=15108 min=11912 max=16670 n=55 to=0 | cancels=0(+0/s) seqbad=0 len_bad=0 disc=0(0x00) | tot_n=23727 tot_to=0 maxever=26903 >2ms=23727 >5ms=23724 >15ms=7934 >20ms=71 >30ms=0 | probes=23728 wrfail=0 down=4s maxout=4s
 395.139  t=392s RTT mean=15044 min=10884 max=16666 n=55 to=0 | cancels=0(+0/s) seqbad=0 len_bad=0 disc=0(0x00) | tot_n=23782 tot_to=0 maxever=26903 >2ms=23782 >5ms=23779 >15ms=7979 >20ms=71 >30ms=0 | probes=23783 wrfail=0 down=4s maxout=4s
 395.139  t=393s RTT mean=15180 min=10885 max=20517 n=55 to=0 | cancels=0(+0/s) seqbad=0 len_bad=0 disc=0(0x00) | tot_n=23837 tot_to=0 maxever=26903 >2ms=23837 >5ms=23834 >15ms=8024 >20ms=72 >30ms=0 | probes=23838 wrfail=0 down=4s maxout=4s
 397.139  t=394s RTT mean=15046 min=5772 max=18312 n=55 to=0 | cancels=0(+0/s) seqbad=0 len_bad=0 disc=0(0x00) | tot_n=23892 tot_to=0 maxever=26903 >2ms=23892 >5ms=23889 >15ms=8071 >20ms=72 >30ms=0 | probes=23893 wrfail=0 down=4s maxout=4s
 397.139  t=395s RTT mean=15045 min=10885 max=15765 n=55 to=0 | cancels=0(+0/s) seqbad=0 len_bad=0 disc=0(0x00) | tot_n=23947 tot_to=0 maxever=26903 >2ms=23947 >5ms=23944 >15ms=8117 >20ms=72 >30ms=0 | probes=23948 wrfail=0 down=4s maxout=4s
 399.109  t=396s RTT mean=15181 min=10885 max=19665 n=55 to=0 | cancels=0(+0/s) seqbad=0 len_bad=0 disc=0(0x00) | tot_n=24002 tot_to=0 maxever=26903 >2ms=24002 >5ms=23999 >15ms=8162 >20ms=72 >30ms=0 | probes=24003 wrfail=0 down=4s maxout=4s
 399.170  t=397s RTT mean=15044 min=10885 max=16666 n=55 to=0 | cancels=0(+0/s) seqbad=0 len_bad=0 disc=0(0x00) | tot_n=24057 tot_to=0 maxever=26903 >2ms=24057 >5ms=24054 >15ms=8207 >20ms=72 >30ms=0 | probes=24058 wrfail=0 down=4s maxout=4s
 401.139  t=398s RTT mean=15037 min=5778 max=19409 n=56 to=0 | cancels=0(+0/s) seqbad=0 len_bad=0 disc=0(0x00) | tot_n=24113 tot_to=0 maxever=26903 >2ms=24113 >5ms=24110 >15ms=8253 >20ms=72 >30ms=0 | probes=24113 wrfail=0 down=4s maxout=4s
 401.139  t=399s RTT mean=15124 min=7038 max=20516 n=54 to=0 | cancels=0(+0/s) seqbad=0 len_bad=0 disc=0(0x00) | tot_n=24167 tot_to=0 maxever=26903 >2ms=24167 >5ms=24164 >15ms=8298 >20ms=73 >30ms=0 | probes=24168 wrfail=0 down=4s maxout=4s
 403.116  t=400s RTT mean=15112 min=11912 max=15776 n=55 to=0 | cancels=0(+0/s) seqbad=0 len_bad=0 disc=0(0x00) | tot_n=24222 tot_to=0 maxever=26903 >2ms=24222 >5ms=24219 >15ms=8344 >20ms=73 >30ms=0 | probes=24223 wrfail=0 down=4s maxout=4s
 403.172  t=401s RTT mean=15044 min=10885 max=17015 n=55 to=0 | cancels=0(+0/s) seqbad=0 len_bad=0 disc=0(0x00) | tot_n=24277 tot_to=0 maxever=26903 >2ms=24277 >5ms=24274 >15ms=8388 >20ms=73 >30ms=0 | probes=24278 wrfail=0 down=4s maxout=4s
 405.138  t=402s RTT mean=15114 min=10885 max=20518 n=55 to=0 | cancels=0(+0/s) seqbad=0 len_bad=0 disc=0(0x00) | tot_n=24332 tot_to=0 maxever=26903 >2ms=24332 >5ms=24329 >15ms=8433 >20ms=74 >30ms=0 | probes=24333 wrfail=0 down=4s maxout=4s
 405.138  t=403s RTT mean=15112 min=11912 max=15757 n=55 to=0 | cancels=0(+0/s) seqbad=0 len_bad=0 disc=0(0x00) | tot_n=24387 tot_to=0 maxever=26903 >2ms=24387 >5ms=24384 >15ms=8479 >20ms=74 >30ms=0 | probes=24388 wrfail=0 down=4s maxout=4s
 407.166  t=404s RTT mean=15057 min=10885 max=16667 n=56 to=0 | cancels=0(+0/s) seqbad=0 len_bad=0 disc=0(0x00) | tot_n=24443 tot_to=0 maxever=26903 >2ms=24443 >5ms=24440 >15ms=8525 >20ms=74 >30ms=0 | probes=24443 wrfail=0 down=4s maxout=4s
 407.166  t=405s RTT mean=15169 min=11912 max=19664 n=54 to=0 | cancels=0(+0/s) seqbad=0 len_bad=0 disc=0(0x00) | tot_n=24497 tot_to=0 maxever=26903 >2ms=24497 >5ms=24494 >15ms=8569 >20ms=74 >30ms=0 | probes=24498 wrfail=0 down=4s maxout=4s
 409.129  t=406s RTT mean=15115 min=6923 max=24454 n=55 to=0 | cancels=0(+0/s) seqbad=0 len_bad=0 disc=0(0x00) | tot_n=24552 tot_to=0 maxever=26903 >2ms=24552 >5ms=24549 >15ms=8613 >20ms=75 >30ms=0 | probes=24553 wrfail=0 down=4s maxout=4s
 409.189  t=407s RTT mean=15045 min=7038 max=19406 n=55 to=0 | cancels=0(+0/s) seqbad=0 len_bad=0 disc=0(0x00) | tot_n=24607 tot_to=0 maxever=26903 >2ms=24607 >5ms=24604 >15ms=8659 >20ms=75 >30ms=0 | probes=24608 wrfail=0 down=4s maxout=4s
 411.113  t=408s RTT mean=15181 min=11912 max=19406 n=55 to=0 | cancels=0(+0/s) seqbad=0 len_bad=0 disc=0(0x00) | tot_n=24662 tot_to=0 maxever=26903 >2ms=24662 >5ms=24659 >15ms=8704 >20ms=75 >30ms=0 | probes=24663 wrfail=0 down=4s maxout=4s
 411.172  t=409s RTT mean=14974 min=7041 max=16670 n=55 to=0 | cancels=0(+0/s) seqbad=0 len_bad=0 disc=0(0x00) | tot_n=24717 tot_to=0 maxever=26903 >2ms=24717 >5ms=24714 >15ms=8749 >20ms=75 >30ms=0 | probes=24718 wrfail=0 down=4s maxout=4s
 413.139  t=410s RTT mean=15113 min=5778 max=23059 n=55 to=0 | cancels=0(+0/s) seqbad=0 len_bad=0 disc=0(0x00) | tot_n=24772 tot_to=0 maxever=26903 >2ms=24772 >5ms=24769 >15ms=8793 >20ms=76 >30ms=0 | probes=24773 wrfail=0 down=4s maxout=4s
 413.139  t=411s RTT mean=15055 min=7042 max=20517 n=56 to=0 | cancels=0(+0/s) seqbad=0 len_bad=0 disc=0(0x00) | tot_n=24828 tot_to=0 maxever=26903 >2ms=24828 >5ms=24825 >15ms=8840 >20ms=77 >30ms=0 | probes=24828 wrfail=0 down=4s maxout=4s
 415.156  t=412s RTT mean=15102 min=10873 max=18209 n=54 to=0 | cancels=0(+0/s) seqbad=0 len_bad=0 disc=0(0x00) | tot_n=24882 tot_to=0 maxever=26903 >2ms=24882 >5ms=24879 >15ms=8885 >20ms=77 >30ms=0 | probes=24883 wrfail=0 down=4s maxout=4s
 415.156  t=413s RTT mean=15115 min=10884 max=19665 n=55 to=0 | cancels=0(+0/s) seqbad=0 len_bad=0 disc=0(0x00) | tot_n=24937 tot_to=0 maxever=26903 >2ms=24937 >5ms=24934 >15ms=8931 >20ms=77 >30ms=0 | probes=24938 wrfail=0 down=4s maxout=4s
 417.131  t=414s RTT mean=15055 min=7039 max=20516 n=56 to=0 | cancels=0(+0/s) seqbad=0 len_bad=0 disc=0(0x00) | tot_n=24993 tot_to=0 maxever=26903 >2ms=24993 >5ms=24990 >15ms=8977 >20ms=78 >30ms=0 | probes=24993 wrfail=0 down=4s maxout=4s
 417.189  t=415s RTT mean=15104 min=11912 max=15764 n=54 to=0 | cancels=0(+0/s) seqbad=0 len_bad=0 disc=0(0x00) | tot_n=25047 tot_to=0 maxever=26903 >2ms=25047 >5ms=25044 >15ms=9022 >20ms=78 >30ms=0 | probes=25048 wrfail=0 down=4s maxout=4s
 419.166  t=416s RTT mean=15057 min=7038 max=18230 n=56 to=0 | cancels=0(+0/s) seqbad=0 len_bad=0 disc=0(0x00) | tot_n=25103 tot_to=0 maxever=26903 >2ms=25103 >5ms=25100 >15ms=9069 >20ms=78 >30ms=0 | probes=25103 wrfail=0 down=4s maxout=4s
 419.166  t=417s RTT mean=15172 min=10885 max=20517 n=54 to=0 | cancels=0(+0/s) seqbad=0 len_bad=0 disc=0(0x00) | tot_n=25157 tot_to=0 maxever=26903 >2ms=25157 >5ms=25154 >15ms=9114 >20ms=79 >30ms=0 | probes=25158 wrfail=0 down=4s maxout=4s
 421.147  t=418s RTT mean=15059 min=5778 max=18311 n=56 to=0 | cancels=0(+0/s) seqbad=0 len_bad=0 disc=0(0x00) | tot_n=25213 tot_to=0 maxever=26903 >2ms=25213 >5ms=25210 >15ms=9161 >20ms=79 >30ms=0 | probes=25213 wrfail=0 down=4s maxout=4s
 421.147  t=419s RTT mean=15044 min=10885 max=16666 n=55 to=0 | cancels=0(+0/s) seqbad=0 len_bad=0 disc=0(0x00) | tot_n=25268 tot_to=0 maxever=26903 >2ms=25268 >5ms=25265 >15ms=9206 >20ms=79 >30ms=0 | probes=25269 wrfail=0 down=4s maxout=4s
 423.133  t=420s RTT mean=15109 min=10885 max=20517 n=55 to=0 | cancels=0(+0/s) seqbad=0 len_bad=0 disc=0(0x00) | tot_n=25323 tot_to=0 maxever=26903 >2ms=25323 >5ms=25320 >15ms=9250 >20ms=80 >30ms=0 | probes=25323 wrfail=0 down=4s maxout=4s
 423.189  t=421s RTT mean=15116 min=10885 max=19412 n=55 to=0 | cancels=0(+0/s) seqbad=0 len_bad=0 disc=0(0x00) | tot_n=25378 tot_to=0 maxever=26903 >2ms=25378 >5ms=25375 >15ms=9296 >20ms=80 >30ms=0 | probes=25378 wrfail=0 down=4s maxout=4s
 425.116  t=422s RTT mean=15241 min=10885 max=23062 n=54 to=0 | cancels=0(+0/s) seqbad=0 len_bad=0 disc=0(0x00) | tot_n=25432 tot_to=0 maxever=26903 >2ms=25432 >5ms=25429 >15ms=9338 >20ms=82 >30ms=0 | probes=25433 wrfail=0 down=4s maxout=4s
 425.172  t=423s RTT mean=14974 min=7038 max=16670 n=55 to=0 | cancels=0(+0/s) seqbad=0 len_bad=0 disc=0(0x00) | tot_n=25487 tot_to=0 maxever=26903 >2ms=25487 >5ms=25484 >15ms=9383 >20ms=82 >30ms=0 | probes=25488 wrfail=0 down=4s maxout=4s
 427.139  t=424s RTT mean=15059 min=10885 max=15767 n=56 to=0 | cancels=0(+0/s) seqbad=0 len_bad=0 disc=0(0x00) | tot_n=25543 tot_to=0 maxever=26903 >2ms=25543 >5ms=25540 >15ms=9430 >20ms=82 >30ms=0 | probes=25543 wrfail=0 down=4s maxout=4s
 427.139  PCTL target=150 tot=3300 to=0 p50=15 p90=15 p99=19 p99.9=23 max=24 g30=0 g100=0 (ms/counts)
 427.139  LOADRAMP: cycle complete
 427.139  LOADRAMP: target=0 KBps for 60s
 427.139  t=425s RTT mean=13735 min=7038 max=19665 n=59 to=0 | cancels=0(+0/s) seqbad=0 len_bad=0 disc=0(0x00) | tot_n=25602 tot_to=0 maxever=26903 >2ms=25602 >5ms=25599 >15ms=9459 >20ms=82 >30ms=0 | probes=25603 wrfail=0 down=4s maxout=4s
 429.137  t=426s RTT mean=11915 min=11912 max=11930 n=67 to=0 | cancels=0(+0/s) seqbad=0 len_bad=0 disc=0(0x00) | tot_n=25669 tot_to=0 maxever=26903 >2ms=25669 >5ms=25666 >15ms=9459 >20ms=82 >30ms=0 | probes=25670 wrfail=0 down=4s maxout=4s
 429.137  t=427s RTT mean=11915 min=11912 max=11924 n=66 to=0 | cancels=0(+0/s) seqbad=0 len_bad=0 disc=0(0x00) | tot_n=25735 tot_to=0 maxever=26903 >2ms=25735 >5ms=25732 >15ms=9459 >20ms=82 >30ms=0 | probes=25736 wrfail=0 down=4s maxout=4s
 431.116  t=428s RTT mean=11915 min=11900 max=11934 n=67 to=0 | cancels=0(+0/s) seqbad=0 len_bad=0 disc=0(0x00) | tot_n=25802 tot_to=0 maxever=26903 >2ms=25802 >5ms=25799 >15ms=9459 >20ms=82 >30ms=0 | probes=25803 wrfail=0 down=4s maxout=4s
 431.174  t=429s RTT mean=11915 min=11912 max=11923 n=67 to=0 | cancels=0(+0/s) seqbad=0 len_bad=0 disc=0(0x00) | tot_n=25869 tot_to=0 maxever=26903 >2ms=25869 >5ms=25866 >15ms=9459 >20ms=82 >30ms=0 | probes=25870 wrfail=0 down=4s maxout=4s
 433.139  t=430s RTT mean=12029 min=11910 max=19415 n=66 to=0 | cancels=0(+0/s) seqbad=0 len_bad=0 disc=0(0x00) | tot_n=25935 tot_to=0 maxever=26903 >2ms=25935 >5ms=25932 >15ms=9460 >20ms=82 >30ms=0 | probes=25936 wrfail=0 down=4s maxout=4s
 433.139  t=431s RTT mean=11915 min=11912 max=11923 n=67 to=0 | cancels=0(+0/s) seqbad=0 len_bad=0 disc=0(0x00) | tot_n=26002 tot_to=0 maxever=26903 >2ms=26002 >5ms=25999 >15ms=9460 >20ms=82 >30ms=0 | probes=26002 wrfail=0 down=4s maxout=4s
 435.154  t=432s RTT mean=11915 min=11911 max=11933 n=66 to=0 | cancels=0(+0/s) seqbad=0 len_bad=0 disc=0(0x00) | tot_n=26068 tot_to=0 maxever=26903 >2ms=26068 >5ms=26065 >15ms=9460 >20ms=82 >30ms=0 | probes=26069 wrfail=0 down=4s maxout=4s
 435.155  t=433s RTT mean=11915 min=11911 max=11924 n=67 to=0 | cancels=0(+0/s) seqbad=0 len_bad=0 disc=0(0x00) | tot_n=26135 tot_to=0 maxever=26903 >2ms=26135 >5ms=26132 >15ms=9460 >20ms=82 >30ms=0 | probes=26136 wrfail=0 down=4s maxout=4s
 437.155  t=434s RTT mean=11915 min=11900 max=11933 n=67 to=0 | cancels=0(+0/s) seqbad=0 len_bad=0 disc=0(0x00) | tot_n=26202 tot_to=0 maxever=26903 >2ms=26202 >5ms=26199 >15ms=9460 >20ms=82 >30ms=0 | probes=26202 wrfail=0 down=4s maxout=4s
 437.156  t=435s RTT mean=11913 min=11841 max=11923 n=66 to=0 | cancels=0(+0/s) seqbad=0 len_bad=0 disc=0(0x00) | tot_n=26268 tot_to=0 maxever=26903 >2ms=26268 >5ms=26265 >15ms=9460 >20ms=82 >30ms=0 | probes=26269 wrfail=0 down=4s maxout=4s
 439.155  t=436s RTT mean=11915 min=11911 max=11934 n=67 to=0 | cancels=0(+0/s) seqbad=0 len_bad=0 disc=0(0x00) | tot_n=26335 tot_to=0 maxever=26903 >2ms=26335 >5ms=26332 >15ms=9460 >20ms=82 >30ms=0 | probes=26336 wrfail=0 down=4s maxout=4s
 439.155  t=437s RTT mean=11915 min=11912 max=11923 n=67 to=0 | cancels=0(+0/s) seqbad=0 len_bad=0 disc=0(0x00) | tot_n=26402 tot_to=0 maxever=26903 >2ms=26402 >5ms=26399 >15ms=9460 >20ms=82 >30ms=0 | probes=26403 wrfail=0 down=4s maxout=4s
 441.132  t=438s RTT mean=11915 min=11911 max=11933 n=66 to=0 | cancels=0(+0/s) seqbad=0 len_bad=0 disc=0(0x00) | tot_n=26468 tot_to=0 maxever=26903 >2ms=26468 >5ms=26465 >15ms=9460 >20ms=82 >30ms=0 | probes=26469 wrfail=0 down=4s maxout=4s
 441.132  t=439s RTT mean=11915 min=11912 max=11923 n=67 to=0 | cancels=0(+0/s) seqbad=0 len_bad=0 disc=0(0x00) | tot_n=26535 tot_to=0 maxever=26903 >2ms=26535 >5ms=26532 >15ms=9460 >20ms=82 >30ms=0 | probes=26536 wrfail=0 down=4s maxout=4s
 443.135  t=440s RTT mean=12029 min=11911 max=19416 n=66 to=0 | cancels=0(+0/s) seqbad=0 len_bad=0 disc=0(0x00) | tot_n=26601 tot_to=0 maxever=26903 >2ms=26601 >5ms=26598 >15ms=9461 >20ms=82 >30ms=0 | probes=26602 wrfail=0 down=4s maxout=4s
 443.135  t=441s RTT mean=11915 min=11900 max=11933 n=67 to=0 | cancels=0(+0/s) seqbad=0 len_bad=0 disc=0(0x00) | tot_n=26668 tot_to=0 maxever=26903 >2ms=26668 >5ms=26665 >15ms=9461 >20ms=82 >30ms=0 | probes=26669 wrfail=0 down=4s maxout=4s
 445.154  t=442s RTT mean=11915 min=11912 max=11925 n=67 to=0 | cancels=0(+0/s) seqbad=0 len_bad=0 disc=0(0x00) | tot_n=26735 tot_to=0 maxever=26903 >2ms=26735 >5ms=26732 >15ms=9461 >20ms=82 >30ms=0 | probes=26735 wrfail=0 down=4s maxout=4s
 445.154  t=443s RTT mean=11914 min=11912 max=11923 n=66 to=0 | cancels=0(+0/s) seqbad=0 len_bad=0 disc=0(0x00) | tot_n=26801 tot_to=0 maxever=26903 >2ms=26801 >5ms=26798 >15ms=9461 >20ms=82 >30ms=0 | probes=26802 wrfail=0 down=4s maxout=4s
 447.116  t=444s RTT mean=11915 min=11912 max=11934 n=67 to=0 | cancels=0(+0/s) seqbad=0 len_bad=0 disc=0(0x00) | tot_n=26868 tot_to=0 maxever=26903 >2ms=26868 >5ms=26865 >15ms=9461 >20ms=82 >30ms=0 | probes=26869 wrfail=0 down=4s maxout=4s
 447.176  t=445s RTT mean=11915 min=11912 max=11923 n=67 to=0 | cancels=0(+0/s) seqbad=0 len_bad=0 disc=0(0x00) | tot_n=26935 tot_to=0 maxever=26903 >2ms=26935 >5ms=26932 >15ms=9461 >20ms=82 >30ms=0 | probes=26935 wrfail=0 down=4s maxout=4s
 449.156  t=446s RTT mean=11915 min=11912 max=11933 n=66 to=0 | cancels=0(+0/s) seqbad=0 len_bad=0 disc=0(0x00) | tot_n=27001 tot_to=0 maxever=26903 >2ms=27001 >5ms=26998 >15ms=9461 >20ms=82 >30ms=0 | probes=27002 wrfail=0 down=4s maxout=4s
 449.156  t=447s RTT mean=11915 min=11912 max=11923 n=67 to=0 | cancels=0(+0/s) seqbad=0 len_bad=0 disc=0(0x00) | tot_n=27068 tot_to=0 maxever=26903 >2ms=27068 >5ms=27065 >15ms=9461 >20ms=82 >30ms=0 | probes=27069 wrfail=0 down=4s maxout=4s
