   1.943  *** Booting Zephyr OS build v4.4.2-16-gfee9fbc62095 ***
   1.943  [00:42:12.293,232] [0m<inf> bt_hci_core: HW Platform: Nordic Semiconductor (0x0002)[0m
   1.943  [00:42:12.293,244] [0m<inf> bt_hci_core: HW Variant: nRF54Lx (0x0005)[0m
   1.943  [00:42:12.293,255] [0m<inf> bt_hci_core: Firmware: Standard Bluetooth controller (0x00) Version 4.4 Build 2[0m
   1.943  [00:42:12.293,600] [0m<inf> bt_hci_core: HCI transport: Controller[0m
   1.943  [00:42:12.293,647] [0m<inf> bt_hci_core: Identity: FC:BE:FF:FA:E6:8B (random)[0m
   2.002  [00:42:12.293,662] [0m<inf> bt_hci_core: HCI: version 5.4 (0x0d) revision 0x0000, manufacturer 0x05f1[0m
   2.002  [00:42:12.293,677] [0m<inf> bt_hci_core: LMP: version 5.4 (0x0d) subver 0xffff[0m
   2.002  
   2.002  === nRF54L15 RTT ping-pong CENTRAL ===
   2.002  scan rc=0
   3.973  t=1s RTT mean=0 min=0 max=0 n=0 to=0 | cancels=0(+0/s) seqbad=0 len_bad=0 disc=0(0x00) | tot_n=0 tot_to=0 maxever=0 >2ms=0 >5ms=0 >15ms=0 >20ms=0 >30ms=0 | probes=0 wrfail=0 down=1s maxout=1s
   3.973  t=2s RTT mean=0 min=0 max=0 n=0 to=0 | cancels=0(+0/s) seqbad=0 len_bad=0 disc=0(0x00) | tot_n=0 tot_to=0 maxever=0 >2ms=0 >5ms=0 >15ms=0 >20ms=0 >30ms=0 | probes=0 wrfail=0 down=2s maxout=2s
   5.960  t=3s RTT mean=0 min=0 max=0 n=0 to=0 | cancels=0(+0/s) seqbad=0 len_bad=0 disc=0(0x00) | tot_n=0 tot_to=0 maxever=0 >2ms=0 >5ms=0 >15ms=0 >20ms=0 >30ms=0 | probes=0 wrfail=0 down=3s maxout=3s
   5.961  Q2CONN AA=a1c35165 CRCINIT=17b1db hop=10 chan_count=37 map=ffffffff1f
   5.961  GAP connected interval=25000
   5.961  MTU err=0 mtu=247
   5.961  t=4s RTT mean=0 min=0 max=0 n=0 to=0 | cancels=0(+0/s) seqbad=0 len_bad=0 disc=0(0x00) | tot_n=0 tot_to=0 maxever=0 >2ms=0 >5ms=0 >15ms=0 >20ms=0 >30ms=0 | probes=0 wrfail=0 down=4s maxout=4s
   7.146  PHY tx=2 rx=2
   7.146  discovery start (post-PHY +500ms) interval=25000 phy2m=1
   7.146  SUBSCRIBED, vh=14
   7.146  LOADRAMP: bulk char handle=17
   7.146  t=5s RTT mean=44216 min=38902 max=46919 n=3 to=0 | cancels=0(+0/s) seqbad=0 len_bad=0 disc=0(0x00) | tot_n=3 tot_to=0 maxever=46919 >2ms=3 >5ms=3 >15ms=3 >20ms=3 >30ms=3 | probes=4 wrfail=0 down=4s maxout=4s
   7.146  LOADRAMP: target=0 KBps for 60s
   8.974  t=6s RTT mean=48230 min=46909 max=71914 n=19 to=0 | cancels=0(+0/s) seqbad=0 len_bad=0 disc=0(0x00) | tot_n=22 tot_to=0 maxever=71914 >2ms=22 >5ms=22 >15ms=22 >20ms=22 >30ms=22 | probes=23 wrfail=0 down=4s maxout=4s
   8.975  t=7s RTT mean=48163 min=46911 max=71911 n=20 to=0 | cancels=0(+0/s) seqbad=0 len_bad=0 disc=0(0x00) | tot_n=42 tot_to=0 maxever=71914 >2ms=42 >5ms=42 >15ms=42 >20ms=42 >30ms=42 | probes=43 wrfail=0 down=4s maxout=4s
  10.763  FSU: request [52..52] us (ACL both dirs, 1M+2M) rc=0
  10.763  FSU: updated status=0x00 spacing=52 us phys=0x3 types=0x3 initiator=0
  10.815  t=8s RTT mean=46908 min=46599 max=47116 n=20 to=0 | cancels=0(+0/s) seqbad=0 len_bad=0 disc=0(0x00) | tot_n=62 tot_to=0 maxever=71914 >2ms=62 >5ms=62 >15ms=62 >20ms=62 >30ms=62 | probes=63 wrfail=0 down=4s maxout=4s
  11.953  t=9s RTT mean=46914 min=46910 max=46922 n=20 to=0 | cancels=0(+0/s) seqbad=0 len_bad=0 disc=0(0x00) | tot_n=82 tot_to=0 maxever=71914 >2ms=82 >5ms=82 >15ms=82 >20ms=82 >30ms=82 | probes=83 wrfail=0 down=4s maxout=4s
  11.953  t=10s RTT mean=49545 min=46910 max=71914 n=19 to=0 | cancels=0(+0/s) seqbad=0 len_bad=0 disc=0(0x00) | tot_n=101 tot_to=0 maxever=71914 >2ms=101 >5ms=101 >15ms=101 >20ms=101 >30ms=101 | probes=102 wrfail=0 down=4s maxout=4s
  13.925  t=11s RTT mean=46914 min=46910 max=46923 n=20 to=0 | cancels=0(+0/s) seqbad=0 len_bad=0 disc=0(0x00) | tot_n=121 tot_to=0 maxever=71914 >2ms=121 >5ms=121 >15ms=121 >20ms=121 >30ms=121 | probes=122 wrfail=0 down=4s maxout=4s
  13.986  t=12s RTT mean=46914 min=46910 max=46922 n=20 to=0 | cancels=0(+0/s) seqbad=0 len_bad=0 disc=0(0x00) | tot_n=141 tot_to=0 maxever=71914 >2ms=141 >5ms=141 >15ms=141 >20ms=141 >30ms=141 | probes=142 wrfail=0 down=4s maxout=4s
  15.930  t=13s RTT mean=48229 min=46911 max=71921 n=19 to=0 | cancels=0(+0/s) seqbad=0 len_bad=0 disc=0(0x00) | tot_n=160 tot_to=0 maxever=71921 >2ms=160 >5ms=160 >15ms=160 >20ms=160 >30ms=160 | probes=161 wrfail=0 down=4s maxout=4s
  15.990  t=14s RTT mean=49545 min=46910 max=71912 n=19 to=0 | cancels=0(+0/s) seqbad=0 len_bad=0 disc=0(0x00) | tot_n=179 tot_to=0 maxever=71921 >2ms=179 >5ms=179 >15ms=179 >20ms=179 >30ms=179 | probes=180 wrfail=0 down=4s maxout=4s
  17.972  t=15s RTT mean=46913 min=46910 max=46927 n=20 to=0 | cancels=0(+0/s) seqbad=0 len_bad=0 disc=0(0x00) | tot_n=199 tot_to=0 maxever=71921 >2ms=199 >5ms=199 >15ms=199 >20ms=199 >30ms=199 | probes=200 wrfail=0 down=4s maxout=4s
  17.972  t=16s RTT mean=46913 min=46910 max=46916 n=20 to=0 | cancels=0(+0/s) seqbad=0 len_bad=0 disc=0(0x00) | tot_n=219 tot_to=0 maxever=71921 >2ms=219 >5ms=219 >15ms=219 >20ms=219 >30ms=219 | probes=220 wrfail=0 down=4s maxout=4s
  19.937  t=17s RTT mean=48164 min=46911 max=71910 n=20 to=0 | cancels=0(+0/s) seqbad=0 len_bad=0 disc=0(0x00) | tot_n=239 tot_to=0 maxever=71921 >2ms=239 >5ms=239 >15ms=239 >20ms=239 >30ms=239 | probes=240 wrfail=0 down=4s maxout=4s
  19.997  t=18s RTT mean=49545 min=46665 max=71914 n=19 to=0 | cancels=0(+0/s) seqbad=0 len_bad=0 disc=0(0x00) | tot_n=258 tot_to=0 maxever=71921 >2ms=258 >5ms=258 >15ms=258 >20ms=258 >30ms=258 | probes=259 wrfail=0 down=4s maxout=4s
  21.922  t=19s RTT mean=46914 min=46911 max=46922 n=20 to=0 | cancels=0(+0/s) seqbad=0 len_bad=0 disc=0(0x00) | tot_n=278 tot_to=0 maxever=71921 >2ms=278 >5ms=278 >15ms=278 >20ms=278 >30ms=278 | probes=279 wrfail=0 down=4s maxout=4s
  21.982  t=20s RTT mean=48229 min=46910 max=71921 n=19 to=0 | cancels=0(+0/s) seqbad=0 len_bad=0 disc=0(0x00) | tot_n=297 tot_to=0 maxever=71921 >2ms=297 >5ms=297 >15ms=297 >20ms=297 >30ms=297 | probes=298 wrfail=0 down=4s maxout=4s
  23.945  t=21s RTT mean=48164 min=46908 max=71910 n=20 to=0 | cancels=0(+0/s) seqbad=0 len_bad=0 disc=0(0x00) | tot_n=317 tot_to=0 maxever=71921 >2ms=317 >5ms=317 >15ms=317 >20ms=317 >30ms=317 | probes=318 wrfail=0 down=4s maxout=4s
  23.945  t=22s RTT mean=48230 min=46910 max=71911 n=19 to=0 | cancels=0(+0/s) seqbad=0 len_bad=0 disc=0(0x00) | tot_n=336 tot_to=0 maxever=71921 >2ms=336 >5ms=336 >15ms=336 >20ms=336 >30ms=336 | probes=337 wrfail=0 down=4s maxout=4s
  25.930  t=23s RTT mean=46914 min=46908 max=46927 n=20 to=0 | cancels=0(+0/s) seqbad=0 len_bad=0 disc=0(0x00) | tot_n=356 tot_to=0 maxever=71921 >2ms=356 >5ms=356 >15ms=356 >20ms=356 >30ms=356 | probes=357 wrfail=0 down=4s maxout=4s
  25.990  t=24s RTT mean=48163 min=46664 max=71910 n=20 to=0 | cancels=0(+0/s) seqbad=0 len_bad=0 disc=0(0x00) | tot_n=376 tot_to=0 maxever=71921 >2ms=376 >5ms=376 >15ms=376 >20ms=376 >30ms=376 | probes=377 wrfail=0 down=4s maxout=4s
  27.967  t=25s RTT mean=48229 min=46910 max=71912 n=19 to=0 | cancels=0(+0/s) seqbad=0 len_bad=0 disc=0(0x00) | tot_n=395 tot_to=0 maxever=71921 >2ms=395 >5ms=395 >15ms=395 >20ms=395 >30ms=395 | probes=396 wrfail=0 down=4s maxout=4s
  27.967  t=26s RTT mean=46913 min=46910 max=46918 n=20 to=0 | cancels=0(+0/s) seqbad=0 len_bad=0 disc=0(0x00) | tot_n=415 tot_to=0 maxever=71921 >2ms=415 >5ms=415 >15ms=415 >20ms=415 >30ms=415 | probes=416 wrfail=0 down=4s maxout=4s
  29.958  t=27s RTT mean=46914 min=46907 max=46927 n=20 to=0 | cancels=0(+0/s) seqbad=0 len_bad=0 disc=0(0x00) | tot_n=435 tot_to=0 maxever=71921 >2ms=435 >5ms=435 >15ms=435 >20ms=435 >30ms=435 | probes=436 wrfail=0 down=4s maxout=4s
  29.958  t=28s RTT mean=48163 min=46911 max=71910 n=20 to=0 | cancels=0(+0/s) seqbad=0 len_bad=0 disc=0(0x00) | tot_n=455 tot_to=0 maxever=71921 >2ms=455 >5ms=455 >15ms=455 >20ms=455 >30ms=455 | probes=456 wrfail=0 down=4s maxout=4s
  31.948  t=29s RTT mean=48230 min=46910 max=71911 n=19 to=0 | cancels=0(+0/s) seqbad=0 len_bad=0 disc=0(0x00) | tot_n=474 tot_to=0 maxever=71921 >2ms=474 >5ms=474 >15ms=474 >20ms=474 >30ms=474 | probes=475 wrfail=0 down=4s maxout=4s
  31.948  t=30s RTT mean=46913 min=46911 max=46917 n=20 to=0 | cancels=0(+0/s) seqbad=0 len_bad=0 disc=0(0x00) | tot_n=494 tot_to=0 maxever=71921 >2ms=494 >5ms=494 >15ms=494 >20ms=494 >30ms=494 | probes=495 wrfail=0 down=4s maxout=4s
  33.936  t=31s RTT mean=46913 min=46907 max=46926 n=20 to=0 | cancels=0(+0/s) seqbad=0 len_bad=0 disc=0(0x00) | tot_n=514 tot_to=0 maxever=71921 >2ms=514 >5ms=514 >15ms=514 >20ms=514 >30ms=514 | probes=515 wrfail=0 down=4s maxout=4s
  33.996  t=32s RTT mean=46913 min=46662 max=47165 n=20 to=0 | cancels=0(+0/s) seqbad=0 len_bad=0 disc=0(0x00) | tot_n=534 tot_to=0 maxever=71921 >2ms=534 >5ms=534 >15ms=534 >20ms=534 >30ms=534 | probes=535 wrfail=0 down=4s maxout=4s
  35.931  t=33s RTT mean=48164 min=46907 max=71911 n=20 to=0 | cancels=0(+0/s) seqbad=0 len_bad=0 disc=0(0x00) | tot_n=554 tot_to=0 maxever=71921 >2ms=554 >5ms=554 >15ms=554 >20ms=554 >30ms=554 | probes=555 wrfail=0 down=4s maxout=4s
  35.986  t=34s RTT mean=46914 min=46911 max=46922 n=20 to=0 | cancels=0(+0/s) seqbad=0 len_bad=0 disc=0(0x00) | tot_n=574 tot_to=0 maxever=71921 >2ms=574 >5ms=574 >15ms=574 >20ms=574 >30ms=574 | probes=575 wrfail=0 down=4s maxout=4s
  37.936  t=35s RTT mean=46914 min=46910 max=46923 n=20 to=0 | cancels=0(+0/s) seqbad=0 len_bad=0 disc=0(0x00) | tot_n=594 tot_to=0 maxever=71921 >2ms=594 >5ms=594 >15ms=594 >20ms=594 >30ms=594 | probes=595 wrfail=0 down=4s maxout=4s
  37.991  t=36s RTT mean=46914 min=46659 max=47172 n=19 to=0 | cancels=0(+0/s) seqbad=0 len_bad=0 disc=0(0x00) | tot_n=613 tot_to=0 maxever=71921 >2ms=613 >5ms=613 >15ms=613 >20ms=613 >30ms=613 | probes=614 wrfail=0 down=4s maxout=4s
  39.980  t=37s RTT mean=48163 min=46911 max=71908 n=20 to=0 | cancels=0(+0/s) seqbad=0 len_bad=0 disc=0(0x00) | tot_n=633 tot_to=0 maxever=71921 >2ms=633 >5ms=633 >15ms=633 >20ms=633 >30ms=633 | probes=634 wrfail=0 down=4s maxout=4s
  39.980  t=38s RTT mean=49545 min=46910 max=71915 n=19 to=0 | cancels=0(+0/s) seqbad=0 len_bad=0 disc=0(0x00) | tot_n=652 tot_to=0 maxever=71921 >2ms=652 >5ms=652 >15ms=652 >20ms=652 >30ms=652 | probes=653 wrfail=0 down=4s maxout=4s
  41.968  t=39s RTT mean=49545 min=46907 max=71921 n=19 to=0 | cancels=0(+0/s) seqbad=0 len_bad=0 disc=0(0x00) | tot_n=671 tot_to=0 maxever=71921 >2ms=671 >5ms=671 >15ms=671 >20ms=671 >30ms=671 | probes=672 wrfail=0 down=4s maxout=4s
  41.968  t=40s RTT mean=48163 min=46910 max=71914 n=20 to=0 | cancels=0(+0/s) seqbad=0 len_bad=0 disc=0(0x00) | tot_n=691 tot_to=0 maxever=71921 >2ms=691 >5ms=691 >15ms=691 >20ms=691 >30ms=691 | probes=692 wrfail=0 down=4s maxout=4s
  43.977  t=41s RTT mean=46913 min=46910 max=46922 n=20 to=0 | cancels=0(+0/s) seqbad=0 len_bad=0 disc=0(0x00) | tot_n=711 tot_to=0 maxever=71921 >2ms=711 >5ms=711 >15ms=711 >20ms=711 >30ms=711 | probes=712 wrfail=0 down=4s maxout=4s
  43.977  t=42s RTT mean=46913 min=46662 max=47164 n=20 to=0 | cancels=0(+0/s) seqbad=0 len_bad=0 disc=0(0x00) | tot_n=731 tot_to=0 maxever=71921 >2ms=731 >5ms=731 >15ms=731 >20ms=731 >30ms=731 | probes=732 wrfail=0 down=4s maxout=4s
  45.940  t=43s RTT mean=46913 min=46910 max=46922 n=20 to=0 | cancels=0(+0/s) seqbad=0 len_bad=0 disc=0(0x00) | tot_n=751 tot_to=0 maxever=71921 >2ms=751 >5ms=751 >15ms=751 >20ms=751 >30ms=751 | probes=752 wrfail=0 down=4s maxout=4s
  46.001  t=44s RTT mean=49545 min=46911 max=71920 n=19 to=0 | cancels=0(+0/s) seqbad=0 len_bad=0 disc=0(0x00) | tot_n=770 tot_to=0 maxever=71921 >2ms=770 >5ms=770 >15ms=770 >20ms=770 >30ms=770 | probes=771 wrfail=0 down=4s maxout=4s
  47.947  t=45s RTT mean=46913 min=46910 max=46922 n=20 to=0 | cancels=0(+0/s) seqbad=0 len_bad=0 disc=0(0x00) | tot_n=790 tot_to=0 maxever=71921 >2ms=790 >5ms=790 >15ms=790 >20ms=790 >30ms=790 | probes=791 wrfail=0 down=4s maxout=4s
  47.947  t=46s RTT mean=48229 min=46911 max=71916 n=19 to=0 | cancels=0(+0/s) seqbad=0 len_bad=0 disc=0(0x00) | tot_n=809 tot_to=0 maxever=71921 >2ms=809 >5ms=809 >15ms=809 >20ms=809 >30ms=809 | probes=810 wrfail=0 down=4s maxout=4s
  49.941  t=47s RTT mean=46913 min=46908 max=46929 n=20 to=0 | cancels=0(+0/s) seqbad=0 len_bad=0 disc=0(0x00) | tot_n=829 tot_to=0 maxever=71921 >2ms=829 >5ms=829 >15ms=829 >20ms=829 >30ms=829 | probes=830 wrfail=0 down=4s maxout=4s
  50.001  t=48s RTT mean=48163 min=46910 max=71914 n=20 to=0 | cancels=0(+0/s) seqbad=0 len_bad=0 disc=0(0x00) | tot_n=849 tot_to=0 maxever=71921 >2ms=849 >5ms=849 >15ms=849 >20ms=849 >30ms=849 | probes=850 wrfail=0 down=4s maxout=4s
  51.942  t=49s RTT mean=46913 min=46910 max=46922 n=20 to=0 | cancels=0(+0/s) seqbad=0 len_bad=0 disc=0(0x00) | tot_n=869 tot_to=0 maxever=71921 >2ms=869 >5ms=869 >15ms=869 >20ms=869 >30ms=869 | probes=870 wrfail=0 down=4s maxout=4s
  52.000  t=50s RTT mean=49545 min=46911 max=71917 n=19 to=0 | cancels=0(+0/s) seqbad=0 len_bad=0 disc=0(0x00) | tot_n=888 tot_to=0 maxever=71921 >2ms=888 >5ms=888 >15ms=888 >20ms=888 >30ms=888 | probes=889 wrfail=0 down=4s maxout=4s
  53.946  t=51s RTT mean=46913 min=46911 max=46922 n=20 to=0 | cancels=0(+0/s) seqbad=0 len_bad=0 disc=0(0x00) | tot_n=908 tot_to=0 maxever=71921 >2ms=908 >5ms=908 >15ms=908 >20ms=908 >30ms=908 | probes=909 wrfail=0 down=4s maxout=4s
  53.946  t=52s RTT mean=46913 min=46911 max=46922 n=19 to=0 | cancels=0(+0/s) seqbad=0 len_bad=0 disc=0(0x00) | tot_n=927 tot_to=0 maxever=71921 >2ms=927 >5ms=927 >15ms=927 >20ms=927 >30ms=927 | probes=928 wrfail=0 down=4s maxout=4s
  55.928  t=53s RTT mean=48165 min=46911 max=71899 n=20 to=0 | cancels=0(+0/s) seqbad=0 len_bad=0 disc=0(0x00) | tot_n=947 tot_to=0 maxever=71921 >2ms=947 >5ms=947 >15ms=947 >20ms=947 >30ms=947 | probes=948 wrfail=0 down=4s maxout=4s
  55.988  t=54s RTT mean=48163 min=46911 max=71916 n=20 to=0 | cancels=0(+0/s) seqbad=0 len_bad=0 disc=0(0x00) | tot_n=967 tot_to=0 maxever=71921 >2ms=967 >5ms=967 >15ms=967 >20ms=967 >30ms=967 | probes=968 wrfail=0 down=4s maxout=4s
  57.962  t=55s RTT mean=49546 min=46911 max=71913 n=19 to=0 | cancels=0(+0/s) seqbad=0 len_bad=0 disc=0(0x00) | tot_n=986 tot_to=0 maxever=71921 >2ms=986 >5ms=986 >15ms=986 >20ms=986 >30ms=986 | probes=987 wrfail=0 down=4s maxout=4s
  57.962  t=56s RTT mean=46913 min=46910 max=46922 n=20 to=0 | cancels=0(+0/s) seqbad=0 len_bad=0 disc=0(0x00) | tot_n=1006 tot_to=0 maxever=71921 >2ms=1006 >5ms=1006 >15ms=1006 >20ms=1006 >30ms=1006 | probes=1007 wrfail=0 down=4s maxout=4s
  59.975  t=57s RTT mean=46913 min=46911 max=46917 n=20 to=0 | cancels=0(+0/s) seqbad=0 len_bad=0 disc=0(0x00) | tot_n=1026 tot_to=0 maxever=71921 >2ms=1026 >5ms=1026 >15ms=1026 >20ms=1026 >30ms=1026 | probes=1027 wrfail=0 down=4s maxout=4s
  59.975  t=58s RTT mean=46913 min=46911 max=46922 n=20 to=0 | cancels=0(+0/s) seqbad=0 len_bad=0 disc=0(0x00) | tot_n=1046 tot_to=0 maxever=71921 >2ms=1046 >5ms=1046 >15ms=1046 >20ms=1046 >30ms=1046 | probes=1047 wrfail=0 down=4s maxout=4s
  61.967  t=59s RTT mean=51081 min=46911 max=71915 n=18 to=0 | cancels=0(+0/s) seqbad=0 len_bad=0 disc=0(0x00) | tot_n=1064 tot_to=0 maxever=71921 >2ms=1064 >5ms=1064 >15ms=1064 >20ms=1064 >30ms=1064 | probes=1065 wrfail=0 down=4s maxout=4s
  61.967  t=60s RTT mean=48163 min=46911 max=71910 n=20 to=0 | cancels=0(+0/s) seqbad=0 len_bad=0 disc=0(0x00) | tot_n=1084 tot_to=0 maxever=71921 >2ms=1084 >5ms=1084 >15ms=1084 >20ms=1084 >30ms=1084 | probes=1085 wrfail=0 down=4s maxout=4s
  63.977  t=61s RTT mean=46913 min=46910 max=46917 n=20 to=0 | cancels=0(+0/s) seqbad=0 len_bad=0 disc=0(0x00) | tot_n=1104 tot_to=0 maxever=71921 >2ms=1104 >5ms=1104 >15ms=1104 >20ms=1104 >30ms=1104 | probes=1105 wrfail=0 down=4s maxout=4s
  63.977  t=62s RTT mean=46913 min=46910 max=46922 n=20 to=0 | cancels=0(+0/s) seqbad=0 len_bad=0 disc=0(0x00) | tot_n=1124 tot_to=0 maxever=71921 >2ms=1124 >5ms=1124 >15ms=1124 >20ms=1124 >30ms=1124 | probes=1125 wrfail=0 down=4s maxout=4s
  65.967  t=63s RTT mean=49545 min=46911 max=71916 n=19 to=0 | cancels=0(+0/s) seqbad=0 len_bad=0 disc=0(0x00) | tot_n=1143 tot_to=0 maxever=71921 >2ms=1143 >5ms=1143 >15ms=1143 >20ms=1143 >30ms=1143 | probes=1144 wrfail=0 down=4s maxout=4s
  65.967  t=64s RTT mean=46913 min=46911 max=46921 n=20 to=0 | cancels=0(+0/s) seqbad=0 len_bad=0 disc=0(0x00) | tot_n=1163 tot_to=0 maxever=71921 >2ms=1163 >5ms=1163 >15ms=1163 >20ms=1163 >30ms=1163 | probes=1164 wrfail=0 down=4s maxout=4s
  67.975  t=65s RTT mean=48230 min=46910 max=71922 n=19 to=0 | cancels=0(+0/s) seqbad=0 len_bad=0 disc=0(0x00) | tot_n=1182 tot_to=0 maxever=71922 >2ms=1182 >5ms=1182 >15ms=1182 >20ms=1182 >30ms=1182 | probes=1183 wrfail=0 down=4s maxout=4s
  67.975  PCTL target=0 tot=1180 to=0 p50=46 p90=46 p99=71 p99.9=71 max=71 g30=1180 g100=0 (ms/counts)
  67.975  LOADRAMP: target=25 KBps for 60s
  67.975  t=66s RTT mean=43503 min=23278 max=71914 n=22 to=0 | cancels=0(+0/s) seqbad=0 len_bad=0 disc=0(0x00) | tot_n=1204 tot_to=0 maxever=71922 >2ms=1204 >5ms=1204 >15ms=1204 >20ms=1204 >30ms=1200 | probes=1205 wrfail=0 down=4s maxout=4s
  69.982  t=67s RTT mean=44532 min=25772 max=48359 n=21 to=0 | cancels=0(+0/s) seqbad=0 len_bad=0 disc=0(0x00) | tot_n=1225 tot_to=0 maxever=71922 >2ms=1225 >5ms=1225 >15ms=1225 >20ms=1225 >30ms=1219 | probes=1226 wrfail=0 down=4s maxout=4s
  69.982  t=68s RTT mean=44531 min=25498 max=58587 n=21 to=0 | cancels=0(+0/s) seqbad=0 len_bad=0 disc=0(0x00) | tot_n=1246 tot_to=0 maxever=71922 >2ms=1246 >5ms=1246 >15ms=1246 >20ms=1246 >30ms=1237 | probes=1247 wrfail=0 down=4s maxout=4s
  71.947  t=69s RTT mean=43342 min=25494 max=48106 n=21 to=0 | cancels=0(+0/s) seqbad=0 len_bad=0 disc=0(0x00) | tot_n=1267 tot_to=0 maxever=71922 >2ms=1267 >5ms=1267 >15ms=1267 >20ms=1267 >30ms=1255 | probes=1268 wrfail=0 down=4s maxout=4s
  72.007  t=70s RTT mean=41478 min=23278 max=46915 n=23 to=0 | cancels=0(+0/s) seqbad=0 len_bad=0 disc=0(0x00) | tot_n=1290 tot_to=0 maxever=71922 >2ms=1290 >5ms=1290 >15ms=1290 >20ms=1290 >30ms=1273 | probes=1291 wrfail=0 down=4s maxout=4s
  73.950  t=71s RTT mean=43342 min=13381 max=71913 n=21 to=0 | cancels=0(+0/s) seqbad=0 len_bad=0 disc=0(0x00) | tot_n=1311 tot_to=0 maxever=71922 >2ms=1311 >5ms=1311 >15ms=1310 >20ms=1310 >30ms=1290 | probes=1312 wrfail=0 down=4s maxout=4s
  74.010  t=72s RTT mean=41478 min=19361 max=46915 n=23 to=0 | cancels=0(+0/s) seqbad=0 len_bad=0 disc=0(0x00) | tot_n=1334 tot_to=0 maxever=71922 >2ms=1334 >5ms=1334 >15ms=1333 >20ms=1332 >30ms=1308 | probes=1335 wrfail=0 down=4s maxout=4s
  75.947  t=73s RTT mean=43342 min=25490 max=71913 n=21 to=0 | cancels=0(+0/s) seqbad=0 len_bad=0 disc=0(0x00) | tot_n=1355 tot_to=0 maxever=71922 >2ms=1355 >5ms=1355 >15ms=1354 >20ms=1353 >30ms=1325 | probes=1356 wrfail=0 down=4s maxout=4s
  76.007  t=74s RTT mean=42367 min=23277 max=71913 n=22 to=0 | cancels=0(+0/s) seqbad=0 len_bad=0 disc=0(0x00) | tot_n=1377 tot_to=0 maxever=71922 >2ms=1377 >5ms=1377 >15ms=1376 >20ms=1375 >30ms=1342 | probes=1378 wrfail=0 down=4s maxout=4s
  77.941  t=75s RTT mean=42368 min=22813 max=71914 n=22 to=0 | cancels=0(+0/s) seqbad=0 len_bad=0 disc=0(0x00) | tot_n=1399 tot_to=0 maxever=71922 >2ms=1399 >5ms=1399 >15ms=1398 >20ms=1397 >30ms=1359 | probes=1400 wrfail=0 down=4s maxout=4s
  78.002  t=76s RTT mean=43503 min=23278 max=71913 n=22 to=0 | cancels=0(+0/s) seqbad=0 len_bad=0 disc=0(0x00) | tot_n=1421 tot_to=0 maxever=71922 >2ms=1421 >5ms=1421 >15ms=1420 >20ms=1419 >30ms=1377 | probes=1422 wrfail=0 down=4s maxout=4s
  79.943  t=77s RTT mean=43342 min=12177 max=71913 n=21 to=0 | cancels=0(+0/s) seqbad=0 len_bad=0 disc=0(0x00) | tot_n=1442 tot_to=0 maxever=71922 >2ms=1442 >5ms=1442 >15ms=1440 >20ms=1439 >30ms=1394 | probes=1443 wrfail=0 down=4s maxout=4s
  80.003  t=78s RTT mean=41477 min=23277 max=46915 n=23 to=0 | cancels=0(+0/s) seqbad=0 len_bad=0 disc=0(0x00) | tot_n=1465 tot_to=0 maxever=71922 >2ms=1465 >5ms=1465 >15ms=1463 >20ms=1462 >30ms=1412 | probes=1466 wrfail=0 down=4s maxout=4s
  81.934  t=79s RTT mean=43341 min=25500 max=48017 n=21 to=0 | cancels=0(+0/s) seqbad=0 len_bad=0 disc=0(0x00) | tot_n=1486 tot_to=0 maxever=71922 >2ms=1486 >5ms=1486 >15ms=1484 >20ms=1483 >30ms=1430 | probes=1487 wrfail=0 down=4s maxout=4s
  81.986  t=80s RTT mean=42367 min=10981 max=71913 n=22 to=0 | cancels=0(+0/s) seqbad=0 len_bad=0 disc=0(0x00) | tot_n=1508 tot_to=0 maxever=71922 >2ms=1508 >5ms=1508 >15ms=1505 >20ms=1504 >30ms=1447 | probes=1509 wrfail=0 down=4s maxout=4s
  83.976  t=81s RTT mean=42368 min=23294 max=71913 n=22 to=0 | cancels=0(+0/s) seqbad=0 len_bad=0 disc=0(0x00) | tot_n=1530 tot_to=0 maxever=71922 >2ms=1530 >5ms=1530 >15ms=1527 >20ms=1526 >30ms=1464 | probes=1531 wrfail=0 down=4s maxout=4s
  83.976  t=82s RTT mean=43503 min=23277 max=71911 n=22 to=0 | cancels=0(+0/s) seqbad=0 len_bad=0 disc=0(0x00) | tot_n=1552 tot_to=0 maxever=71922 >2ms=1552 >5ms=1552 >15ms=1549 >20ms=1548 >30ms=1482 | probes=1553 wrfail=0 down=4s maxout=4s
  85.941  t=83s RTT mean=42368 min=16967 max=48018 n=22 to=0 | cancels=0(+0/s) seqbad=0 len_bad=0 disc=0(0x00) | tot_n=1574 tot_to=0 maxever=71922 >2ms=1574 >5ms=1574 >15ms=1571 >20ms=1569 >30ms=1500 | probes=1575 wrfail=0 down=4s maxout=4s
  86.001  t=84s RTT mean=43341 min=25496 max=48107 n=21 to=0 | cancels=0(+0/s) seqbad=0 len_bad=0 disc=0(0x00) | tot_n=1595 tot_to=0 maxever=71922 >2ms=1595 >5ms=1595 >15ms=1592 >20ms=1590 >30ms=1518 | probes=1596 wrfail=0 down=4s maxout=4s
  87.973  t=85s RTT mean=42368 min=23294 max=46914 n=22 to=0 | cancels=0(+0/s) seqbad=0 len_bad=0 disc=0(0x00) | tot_n=1617 tot_to=0 maxever=71922 >2ms=1617 >5ms=1617 >15ms=1614 >20ms=1612 >30ms=1536 | probes=1618 wrfail=0 down=4s maxout=4s
  87.973  t=86s RTT mean=41477 min=23277 max=46915 n=23 to=0 | cancels=0(+0/s) seqbad=0 len_bad=0 disc=0(0x00) | tot_n=1640 tot_to=0 maxever=71922 >2ms=1640 >5ms=1640 >15ms=1637 >20ms=1635 >30ms=1554 | probes=1641 wrfail=0 down=4s maxout=4s
  89.975  t=87s RTT mean=43342 min=25207 max=71913 n=21 to=0 | cancels=0(+0/s) seqbad=0 len_bad=0 disc=0(0x00) | tot_n=1661 tot_to=0 maxever=71922 >2ms=1661 >5ms=1661 >15ms=1658 >20ms=1656 >30ms=1571 | probes=1662 wrfail=0 down=4s maxout=4s
  89.975  t=88s RTT mean=45722 min=23277 max=74559 n=21 to=0 | cancels=0(+0/s) seqbad=0 len_bad=0 disc=0(0x00) | tot_n=1682 tot_to=0 maxever=74559 >2ms=1682 >5ms=1682 >15ms=1679 >20ms=1677 >30ms=1590 | probes=1683 wrfail=0 down=4s maxout=4s
  91.955  t=89s RTT mean=43342 min=25497 max=71913 n=21 to=0 | cancels=0(+0/s) seqbad=0 len_bad=0 disc=0(0x00) | tot_n=1703 tot_to=0 maxever=74559 >2ms=1703 >5ms=1703 >15ms=1700 >20ms=1698 >30ms=1606 | probes=1704 wrfail=0 down=4s maxout=4s
  92.015  t=90s RTT mean=45722 min=25490 max=71915 n=21 to=0 | cancels=0(+0/s) seqbad=0 len_bad=0 disc=0(0x00) | tot_n=1724 tot_to=0 maxever=74559 >2ms=1724 >5ms=1724 >15ms=1721 >20ms=1719 >30ms=1623 | probes=1725 wrfail=0 down=4s maxout=4s
  93.992  t=91s RTT mean=42367 min=25497 max=48018 n=22 to=0 | cancels=0(+0/s) seqbad=0 len_bad=0 disc=0(0x00) | tot_n=1746 tot_to=0 maxever=74559 >2ms=1746 >5ms=1746 >15ms=1743 >20ms=1741 >30ms=1641 | probes=1747 wrfail=0 down=4s maxout=4s
  93.992  t=92s RTT mean=42367 min=10987 max=48025 n=22 to=0 | cancels=0(+0/s) seqbad=0 len_bad=0 disc=0(0x00) | tot_n=1768 tot_to=0 maxever=74559 >2ms=1768 >5ms=1768 >15ms=1764 >20ms=1762 >30ms=1659 | probes=1769 wrfail=0 down=4s maxout=4s
  95.984  t=93s RTT mean=42367 min=25497 max=48018 n=22 to=0 | cancels=0(+0/s) seqbad=0 len_bad=0 disc=0(0x00) | tot_n=1790 tot_to=0 maxever=74559 >2ms=1790 >5ms=1790 >15ms=1786 >20ms=1784 >30ms=1677 | probes=1791 wrfail=0 down=4s maxout=4s
  95.984  t=94s RTT mean=43341 min=25496 max=71913 n=21 to=0 | cancels=0(+0/s) seqbad=0 len_bad=0 disc=0(0x00) | tot_n=1811 tot_to=0 maxever=74559 >2ms=1811 >5ms=1811 >15ms=1807 >20ms=1805 >30ms=1694 | probes=1812 wrfail=0 down=4s maxout=4s
  97.963  t=95s RTT mean=42368 min=20810 max=46914 n=22 to=0 | cancels=0(+0/s) seqbad=0 len_bad=0 disc=0(0x00) | tot_n=1833 tot_to=0 maxever=74559 >2ms=1833 >5ms=1833 >15ms=1829 >20ms=1827 >30ms=1712 | probes=1834 wrfail=0 down=4s maxout=4s
  97.963  t=96s RTT mean=43503 min=23278 max=96910 n=22 to=0 | cancels=0(+0/s) seqbad=0 len_bad=0 disc=0(0x00) | tot_n=1855 tot_to=0 maxever=96910 >2ms=1855 >5ms=1855 >15ms=1851 >20ms=1849 >30ms=1729 | probes=1856 wrfail=0 down=4s maxout=4s
  99.992  t=97s RTT mean=43342 min=25497 max=56194 n=21 to=0 | cancels=0(+0/s) seqbad=0 len_bad=0 disc=0(0x00) | tot_n=1876 tot_to=0 maxever=96910 >2ms=1876 >5ms=1876 >15ms=1872 >20ms=1870 >30ms=1746 | probes=1877 wrfail=0 down=4s maxout=4s
  99.992  t=98s RTT mean=41477 min=19360 max=46915 n=23 to=0 | cancels=0(+0/s) seqbad=0 len_bad=0 disc=0(0x00) | tot_n=1899 tot_to=0 maxever=96910 >2ms=1899 >5ms=1899 >15ms=1895 >20ms=1892 >30ms=1764 | probes=1900 wrfail=0 down=4s maxout=4s
 101.989  t=99s RTT mean=42367 min=25496 max=48017 n=22 to=0 | cancels=0(+0/s) seqbad=0 len_bad=0 disc=0(0x00) | tot_n=1921 tot_to=0 maxever=96910 >2ms=1921 >5ms=1921 >15ms=1917 >20ms=1914 >30ms=1781 | probes=1922 wrfail=0 down=4s maxout=4s
 101.990  t=100s RTT mean=43341 min=25500 max=71912 n=21 to=0 | cancels=0(+0/s) seqbad=0 len_bad=0 disc=0(0x00) | tot_n=1942 tot_to=0 maxever=96910 >2ms=1942 >5ms=1942 >15ms=1938 >20ms=1935 >30ms=1797 | probes=1943 wrfail=0 down=4s maxout=4s
 103.968  t=101s RTT mean=42368 min=19361 max=71913 n=22 to=0 | cancels=0(+0/s) seqbad=0 len_bad=0 disc=0(0x00) | tot_n=1964 tot_to=0 maxever=96910 >2ms=1964 >5ms=1964 >15ms=1960 >20ms=1956 >30ms=1814 | probes=1965 wrfail=0 down=4s maxout=4s
 103.968  t=102s RTT mean=42367 min=23278 max=71912 n=22 to=0 | cancels=0(+0/s) seqbad=0 len_bad=0 disc=0(0x00) | tot_n=1986 tot_to=0 maxever=96910 >2ms=1986 >5ms=1986 >15ms=1982 >20ms=1978 >30ms=1831 | probes=1987 wrfail=0 down=4s maxout=4s
 105.954  t=103s RTT mean=43504 min=23294 max=68062 n=22 to=0 | cancels=0(+0/s) seqbad=0 len_bad=0 disc=0(0x00) | tot_n=2008 tot_to=0 maxever=96910 >2ms=2008 >5ms=2008 >15ms=2004 >20ms=2000 >30ms=1849 | probes=2009 wrfail=0 down=4s maxout=4s
 106.010  t=104s RTT mean=42367 min=25497 max=48026 n=22 to=0 | cancels=0(+0/s) seqbad=0 len_bad=0 disc=0(0x00) | tot_n=2030 tot_to=0 maxever=96910 >2ms=2030 >5ms=2030 >15ms=2026 >20ms=2022 >30ms=1866 | probes=2031 wrfail=0 down=4s maxout=4s
 107.987  t=105s RTT mean=43342 min=25497 max=56194 n=21 to=0 | cancels=0(+0/s) seqbad=0 len_bad=0 disc=0(0x00) | tot_n=2051 tot_to=0 maxever=96910 >2ms=2051 >5ms=2051 >15ms=2047 >20ms=2043 >30ms=1883 | probes=2052 wrfail=0 down=4s maxout=4s
 107.987  t=106s RTT mean=45721 min=23278 max=71913 n=21 to=0 | cancels=0(+0/s) seqbad=0 len_bad=0 disc=0(0x00) | tot_n=2072 tot_to=0 maxever=96910 >2ms=2072 >5ms=2072 >15ms=2068 >20ms=2064 >30ms=1901 | probes=2073 wrfail=0 down=4s maxout=4s
 109.983  t=107s RTT mean=44532 min=25496 max=71913 n=21 to=0 | cancels=0(+0/s) seqbad=0 len_bad=0 disc=0(0x00) | tot_n=2093 tot_to=0 maxever=96910 >2ms=2093 >5ms=2093 >15ms=2089 >20ms=2085 >30ms=1919 | probes=2094 wrfail=0 down=4s maxout=4s
 109.983  t=108s RTT mean=42367 min=14572 max=48026 n=22 to=0 | cancels=0(+0/s) seqbad=0 len_bad=0 disc=0(0x00) | tot_n=2115 tot_to=0 maxever=96910 >2ms=2115 >5ms=2115 >15ms=2110 >20ms=2106 >30ms=1937 | probes=2116 wrfail=0 down=4s maxout=4s
 111.966  t=109s RTT mean=43342 min=25496 max=49212 n=21 to=0 | cancels=0(+0/s) seqbad=0 len_bad=0 disc=0(0x00) | tot_n=2136 tot_to=0 maxever=96910 >2ms=2136 >5ms=2136 >15ms=2131 >20ms=2127 >30ms=1955 | probes=2137 wrfail=0 down=4s maxout=4s
 111.967  t=110s RTT mean=43503 min=23278 max=71913 n=22 to=0 | cancels=0(+0/s) seqbad=0 len_bad=0 disc=0(0x00) | tot_n=2158 tot_to=0 maxever=96910 >2ms=2158 >5ms=2158 >15ms=2153 >20ms=2149 >30ms=1972 | probes=2159 wrfail=0 down=4s maxout=4s
 113.940  t=111s RTT mean=44532 min=25497 max=71914 n=21 to=0 | cancels=0(+0/s) seqbad=0 len_bad=0 disc=0(0x00) | tot_n=2179 tot_to=0 maxever=96910 >2ms=2179 >5ms=2179 >15ms=2174 >20ms=2170 >30ms=1988 | probes=2180 wrfail=0 down=4s maxout=4s
 113.999  t=112s RTT mean=42367 min=25497 max=48025 n=22 to=0 | cancels=0(+0/s) seqbad=0 len_bad=0 disc=0(0x00) | tot_n=2201 tot_to=0 maxever=96910 >2ms=2201 >5ms=2201 >15ms=2196 >20ms=2192 >30ms=2006 | probes=2202 wrfail=0 down=4s maxout=4s
 115.941  t=113s RTT mean=42367 min=25487 max=48017 n=22 to=0 | cancels=0(+0/s) seqbad=0 len_bad=0 disc=0(0x00) | tot_n=2223 tot_to=0 maxever=96910 >2ms=2223 >5ms=2223 >15ms=2218 >20ms=2214 >30ms=2024 | probes=2224 wrfail=0 down=4s maxout=4s
 115.998  t=114s RTT mean=43341 min=25497 max=50753 n=21 to=0 | cancels=0(+0/s) seqbad=0 len_bad=0 disc=0(0x00) | tot_n=2244 tot_to=0 maxever=96910 >2ms=2244 >5ms=2244 >15ms=2239 >20ms=2235 >30ms=2042 | probes=2245 wrfail=0 down=4s maxout=4s
 117.952  t=115s RTT mean=44532 min=23293 max=71913 n=21 to=0 | cancels=0(+0/s) seqbad=0 len_bad=0 disc=0(0x00) | tot_n=2265 tot_to=0 maxever=96910 >2ms=2265 >5ms=2265 >15ms=2260 >20ms=2256 >30ms=2059 | probes=2266 wrfail=0 down=4s maxout=4s
 118.012  t=116s RTT mean=42367 min=23278 max=46914 n=22 to=0 | cancels=0(+0/s) seqbad=0 len_bad=0 disc=0(0x00) | tot_n=2287 tot_to=0 maxever=96910 >2ms=2287 >5ms=2287 >15ms=2282 >20ms=2278 >30ms=2077 | probes=2288 wrfail=0 down=4s maxout=4s
 119.980  t=117s RTT mean=44532 min=15770 max=71674 n=21 to=0 | cancels=0(+0/s) seqbad=0 len_bad=0 disc=0(0x00) | tot_n=2308 tot_to=0 maxever=96910 >2ms=2308 >5ms=2308 >15ms=2303 >20ms=2298 >30ms=2094 | probes=2309 wrfail=0 down=4s maxout=4s
 119.980  t=118s RTT mean=41478 min=18164 max=46915 n=23 to=0 | cancels=0(+0/s) seqbad=0 len_bad=0 disc=0(0x00) | tot_n=2331 tot_to=0 maxever=96910 >2ms=2331 >5ms=2331 >15ms=2326 >20ms=2320 >30ms=2112 | probes=2332 wrfail=0 down=4s maxout=4s
 121.997  t=119s RTT mean=44532 min=25501 max=71913 n=21 to=0 | cancels=0(+0/s) seqbad=0 len_bad=0 disc=0(0x00) | tot_n=2352 tot_to=0 maxever=96910 >2ms=2352 >5ms=2352 >15ms=2347 >20ms=2341 >30ms=2128 | probes=2353 wrfail=0 down=4s maxout=4s
 121.998  t=120s RTT mean=42367 min=25496 max=48020 n=22 to=0 | cancels=0(+0/s) seqbad=0 len_bad=0 disc=0(0x00) | tot_n=2374 tot_to=0 maxever=96910 >2ms=2374 >5ms=2374 >15ms=2369 >20ms=2363 >30ms=2146 | probes=2375 wrfail=0 down=4s maxout=4s
 123.973  t=121s RTT mean=48229 min=29996 max=71914 n=19 to=0 | cancels=0(+0/s) seqbad=0 len_bad=0 disc=0(0x00) | tot_n=2393 tot_to=0 maxever=96910 >2ms=2393 >5ms=2393 >15ms=2388 >20ms=2382 >30ms=2164 | probes=2394 wrfail=0 down=4s maxout=4s
 123.973  t=122s RTT mean=41478 min=15770 max=46914 n=23 to=0 | cancels=0(+0/s) seqbad=0 len_bad=0 disc=0(0x00) | tot_n=2416 tot_to=0 maxever=96910 >2ms=2416 >5ms=2416 >15ms=2411 >20ms=2404 >30ms=2182 | probes=2417 wrfail=0 down=4s maxout=4s
 125.955  t=123s RTT mean=44532 min=13375 max=71914 n=21 to=0 | cancels=0(+0/s) seqbad=0 len_bad=0 disc=0(0x00) | tot_n=2437 tot_to=0 maxever=96910 >2ms=2437 >5ms=2437 >15ms=2431 >20ms=2424 >30ms=2199 | probes=2438 wrfail=0 down=4s maxout=4s
 126.010  t=124s RTT mean=44531 min=13375 max=71913 n=21 to=0 | cancels=0(+0/s) seqbad=0 len_bad=0 disc=0(0x00) | tot_n=2458 tot_to=0 maxever=96910 >2ms=2458 >5ms=2458 >15ms=2451 >20ms=2444 >30ms=2217 | probes=2459 wrfail=0 down=4s maxout=4s
 127.967  t=125s RTT mean=44532 min=25497 max=71912 n=21 to=0 | cancels=0(+0/s) seqbad=0 len_bad=0 disc=0(0x00) | tot_n=2479 tot_to=0 maxever=96910 >2ms=2479 >5ms=2479 >15ms=2472 >20ms=2465 >30ms=2234 | probes=2480 wrfail=0 down=4s maxout=4s
 127.967  PCTL target=25 tot=1296 to=0 p50=46 p90=46 p99=71 p99.9=71 max=96 g30=1051 g100=0 (ms/counts)
 127.967  LOADRAMP: target=50 KBps for 60s
 128.023  t=126s RTT mean=40390 min=25421 max=73020 n=23 to=0 | cancels=0(+0/s) seqbad=0 len_bad=0 disc=0(0x00) | tot_n=2502 tot_to=0 maxever=96910 >2ms=2502 >5ms=2502 >15ms=2495 >20ms=2488 >30ms=2249 | probes=2503 wrfail=0 down=4s maxout=4s
 129.997  t=127s RTT mean=40390 min=25500 max=50774 n=23 to=0 | cancels=0(+0/s) seqbad=0 len_bad=0 disc=0(0x00) | tot_n=2525 tot_to=0 maxever=96910 >2ms=2525 >5ms=2525 >15ms=2518 >20ms=2511 >30ms=2265 | probes=2526 wrfail=0 down=4s maxout=4s
 129.997  t=128s RTT mean=39303 min=25494 max=49024 n=23 to=0 | cancels=0(+0/s) seqbad=0 len_bad=0 disc=0(0x00) | tot_n=2548 tot_to=0 maxever=96910 >2ms=2548 >5ms=2548 >15ms=2541 >20ms=2534 >30ms=2280 | probes=2549 wrfail=0 down=4s maxout=4s
 131.949  t=129s RTT mean=38580 min=23294 max=50500 n=24 to=0 | cancels=0(+0/s) seqbad=0 len_bad=0 disc=0(0x00) | tot_n=2572 tot_to=0 maxever=96910 >2ms=2572 >5ms=2572 >15ms=2565 >20ms=2558 >30ms=2295 | probes=2573 wrfail=0 down=4s maxout=4s
 132.007  t=130s RTT mean=38579 min=24470 max=46914 n=24 to=0 | cancels=0(+0/s) seqbad=0 len_bad=0 disc=0(0x00) | tot_n=2596 tot_to=0 maxever=96910 >2ms=2596 >5ms=2596 >15ms=2589 >20ms=2582 >30ms=2310 | probes=2597 wrfail=0 down=4s maxout=4s
 133.993  t=131s RTT mean=39621 min=23293 max=71913 n=24 to=0 | cancels=0(+0/s) seqbad=0 len_bad=0 disc=0(0x00) | tot_n=2620 tot_to=0 maxever=96910 >2ms=2620 >5ms=2620 >15ms=2613 >20ms=2606 >30ms=2325 | probes=2621 wrfail=0 down=4s maxout=4s
 133.993  t=132s RTT mean=41230 min=25422 max=71910 n=22 to=0 | cancels=0(+0/s) seqbad=0 len_bad=0 disc=0(0x00) | tot_n=2642 tot_to=0 maxever=96910 >2ms=2642 >5ms=2642 >15ms=2635 >20ms=2628 >30ms=2340 | probes=2643 wrfail=0 down=4s maxout=4s
 135.989  t=133s RTT mean=38579 min=23293 max=52504 n=24 to=0 | cancels=0(+0/s) seqbad=0 len_bad=0 disc=0(0x00) | tot_n=2666 tot_to=0 maxever=96910 >2ms=2666 >5ms=2666 >15ms=2659 >20ms=2652 >30ms=2355 | probes=2667 wrfail=0 down=4s maxout=4s
 135.990  t=134s RTT mean=39620 min=23277 max=49224 n=24 to=0 | cancels=0(+0/s) seqbad=0 len_bad=0 disc=0(0x00) | tot_n=2690 tot_to=0 maxever=96910 >2ms=2690 >5ms=2690 >15ms=2683 >20ms=2676 >30ms=2372 | probes=2691 wrfail=0 down=4s maxout=4s
 137.976  t=135s RTT mean=39303 min=25500 max=48013 n=23 to=0 | cancels=0(+0/s) seqbad=0 len_bad=0 disc=0(0x00) | tot_n=2713 tot_to=0 maxever=96910 >2ms=2713 >5ms=2713 >15ms=2706 >20ms=2699 >30ms=2388 | probes=2714 wrfail=0 down=4s maxout=4s
 137.976  t=136s RTT mean=40389 min=23278 max=50500 n=23 to=0 | cancels=0(+0/s) seqbad=0 len_bad=0 disc=0(0x00) | tot_n=2736 tot_to=0 maxever=96910 >2ms=2736 >5ms=2736 >15ms=2729 >20ms=2722 >30ms=2404 | probes=2737 wrfail=0 down=4s maxout=4s
 139.968  t=137s RTT mean=37913 min=23294 max=47165 n=25 to=0 | cancels=0(+0/s) seqbad=0 len_bad=0 disc=0(0x00) | tot_n=2761 tot_to=0 maxever=96910 >2ms=2761 >5ms=2761 >15ms=2754 >20ms=2747 >30ms=2419 | probes=2762 wrfail=0 down=4s maxout=4s
 139.968  t=138s RTT mean=38578 min=25421 max=48020 n=24 to=0 | cancels=0(+0/s) seqbad=0 len_bad=0 disc=0(0x00) | tot_n=2785 tot_to=0 maxever=96910 >2ms=2785 >5ms=2785 >15ms=2778 >20ms=2771 >30ms=2434 | probes=2786 wrfail=0 down=4s maxout=4s
 141.969  t=139s RTT mean=40094 min=25482 max=49573 n=22 to=0 | cancels=0(+0/s) seqbad=0 len_bad=0 disc=0(0x00) | tot_n=2807 tot_to=0 maxever=96910 >2ms=2807 >5ms=2807 >15ms=2800 >20ms=2793 >30ms=2449 | probes=2808 wrfail=0 down=4s maxout=4s
 141.969  t=140s RTT mean=38912 min=23279 max=71911 n=25 to=0 | cancels=0(+0/s) seqbad=0 len_bad=0 disc=0(0x00) | tot_n=2832 tot_to=0 maxever=96910 >2ms=2832 >5ms=2832 >15ms=2825 >20ms=2818 >30ms=2464 | probes=2833 wrfail=0 down=4s maxout=4s
 143.954  t=141s RTT mean=42367 min=13452 max=71913 n=22 to=0 | cancels=0(+0/s) seqbad=0 len_bad=0 disc=0(0x00) | tot_n=2854 tot_to=0 maxever=96910 >2ms=2854 >5ms=2854 >15ms=2846 >20ms=2839 >30ms=2480 | probes=2855 wrfail=0 down=4s maxout=4s
 144.012  t=142s RTT mean=39303 min=25421 max=71913 n=23 to=0 | cancels=0(+0/s) seqbad=0 len_bad=0 disc=0(0x00) | tot_n=2877 tot_to=0 maxever=96910 >2ms=2877 >5ms=2877 >15ms=2869 >20ms=2862 >30ms=2494 | probes=2878 wrfail=0 down=4s maxout=4s
 145.998  t=143s RTT mean=40390 min=23294 max=71913 n=23 to=0 | cancels=0(+0/s) seqbad=0 len_bad=0 disc=0(0x00) | tot_n=2900 tot_to=0 maxever=96910 >2ms=2900 >5ms=2900 >15ms=2892 >20ms=2885 >30ms=2509 | probes=2901 wrfail=0 down=4s maxout=4s
 145.998  t=144s RTT mean=39620 min=23278 max=46915 n=24 to=0 | cancels=0(+0/s) seqbad=0 len_bad=0 disc=0(0x00) | tot_n=2924 tot_to=0 maxever=96910 >2ms=2924 >5ms=2924 >15ms=2916 >20ms=2909 >30ms=2526 | probes=2925 wrfail=0 down=4s maxout=4s
 147.958  t=145s RTT mean=40390 min=25422 max=71914 n=23 to=0 | cancels=0(+0/s) seqbad=0 len_bad=0 disc=0(0x00) | tot_n=2947 tot_to=0 maxever=96910 >2ms=2947 >5ms=2947 >15ms=2939 >20ms=2932 >30ms=2541 | probes=2948 wrfail=0 down=4s maxout=4s
 148.018  t=146s RTT mean=38578 min=25421 max=48020 n=24 to=0 | cancels=0(+0/s) seqbad=0 len_bad=0 disc=0(0x00) | tot_n=2971 tot_to=0 maxever=96910 >2ms=2971 >5ms=2971 >15ms=2963 >20ms=2956 >30ms=2556 | probes=2972 wrfail=0 down=4s maxout=4s
 149.984  t=147s RTT mean=39304 min=25493 max=48011 n=23 to=0 | cancels=0(+0/s) seqbad=0 len_bad=0 disc=0(0x00) | tot_n=2994 tot_to=0 maxever=96910 >2ms=2994 >5ms=2994 >15ms=2986 >20ms=2979 >30ms=2571 | probes=2995 wrfail=0 down=4s maxout=4s
 149.984  t=148s RTT mean=40390 min=23276 max=71913 n=23 to=0 | cancels=0(+0/s) seqbad=0 len_bad=0 disc=0(0x00) | tot_n=3017 tot_to=0 maxever=96910 >2ms=3017 >5ms=3017 >15ms=3009 >20ms=3002 >30ms=2586 | probes=3018 wrfail=0 down=4s maxout=4s
 151.977  t=149s RTT mean=38579 min=23292 max=46914 n=24 to=0 | cancels=0(+0/s) seqbad=0 len_bad=0 disc=0(0x00) | tot_n=3041 tot_to=0 maxever=96910 >2ms=3041 >5ms=3041 >15ms=3033 >20ms=3026 >30ms=2601 | probes=3042 wrfail=0 down=4s maxout=4s
 151.977  t=150s RTT mean=40389 min=23276 max=50425 n=23 to=0 | cancels=0(+0/s) seqbad=0 len_bad=0 disc=0(0x00) | tot_n=3064 tot_to=0 maxever=96910 >2ms=3064 >5ms=3064 >15ms=3056 >20ms=3049 >30ms=2617 | probes=3065 wrfail=0 down=4s maxout=4s
 153.961  t=151s RTT mean=39621 min=23256 max=50500 n=24 to=0 | cancels=0(+0/s) seqbad=0 len_bad=0 disc=0(0x00) | tot_n=3088 tot_to=0 maxever=96910 >2ms=3088 >5ms=3088 >15ms=3080 >20ms=3073 >30ms=2634 | probes=3089 wrfail=0 down=4s maxout=4s
 154.021  t=152s RTT mean=38578 min=25494 max=48020 n=24 to=0 | cancels=0(+0/s) seqbad=0 len_bad=0 disc=0(0x00) | tot_n=3112 tot_to=0 maxever=96910 >2ms=3112 >5ms=3112 >15ms=3104 >20ms=3097 >30ms=2649 | probes=3113 wrfail=0 down=4s maxout=4s
 155.948  t=153s RTT mean=41477 min=25422 max=71913 n=23 to=0 | cancels=0(+0/s) seqbad=0 len_bad=0 disc=0(0x00) | tot_n=3135 tot_to=0 maxever=96910 >2ms=3135 >5ms=3135 >15ms=3127 >20ms=3120 >30ms=2666 | probes=3135 wrfail=0 down=4s maxout=4s
 155.999  t=154s RTT mean=39303 min=23281 max=71913 n=23 to=0 | cancels=0(+0/s) seqbad=0 len_bad=0 disc=0(0x00) | tot_n=3158 tot_to=0 maxever=96910 >2ms=3158 >5ms=3158 >15ms=3150 >20ms=3143 >30ms=2681 | probes=3159 wrfail=0 down=4s maxout=4s
 157.987  t=155s RTT mean=39620 min=25421 max=48012 n=24 to=0 | cancels=0(+0/s) seqbad=0 len_bad=0 disc=0(0x00) | tot_n=3182 tot_to=0 maxever=96910 >2ms=3182 >5ms=3182 >15ms=3174 >20ms=3167 >30ms=2697 | probes=3182 wrfail=0 down=4s maxout=4s
 157.987  t=156s RTT mean=39303 min=23280 max=71913 n=23 to=0 | cancels=0(+0/s) seqbad=0 len_bad=0 disc=0(0x00) | tot_n=3205 tot_to=0 maxever=96910 >2ms=3205 >5ms=3205 >15ms=3197 >20ms=3190 >30ms=2710 | probes=3206 wrfail=0 down=4s maxout=4s
 159.954  t=157s RTT mean=43503 min=25501 max=71913 n=22 to=0 | cancels=0(+0/s) seqbad=0 len_bad=0 disc=0(0x00) | tot_n=3227 tot_to=0 maxever=96910 >2ms=3227 >5ms=3227 >15ms=3219 >20ms=3212 >30ms=2726 | probes=3227 wrfail=0 down=4s maxout=4s
 160.014  t=158s RTT mean=41230 min=23281 max=68065 n=22 to=0 | cancels=0(+0/s) seqbad=0 len_bad=0 disc=0(0x00) | tot_n=3249 tot_to=0 maxever=96910 >2ms=3249 >5ms=3249 >15ms=3241 >20ms=3234 >30ms=2742 | probes=3250 wrfail=0 down=4s maxout=4s
 162.002  t=159s RTT mean=40391 min=25501 max=71913 n=23 to=0 | cancels=0(+0/s) seqbad=0 len_bad=0 disc=0(0x00) | tot_n=3272 tot_to=0 maxever=96910 >2ms=3272 >5ms=3272 >15ms=3264 >20ms=3257 >30ms=2757 | probes=3273 wrfail=0 down=4s maxout=4s
 162.002  t=160s RTT mean=40390 min=25499 max=71913 n=23 to=0 | cancels=0(+0/s) seqbad=0 len_bad=0 disc=0(0x00) | tot_n=3295 tot_to=0 maxever=96910 >2ms=3295 >5ms=3295 >15ms=3287 >20ms=3280 >30ms=2773 | probes=3296 wrfail=0 down=4s maxout=4s
 163.998  t=161s RTT mean=41478 min=25500 max=71913 n=23 to=0 | cancels=0(+0/s) seqbad=0 len_bad=0 disc=0(0x00) | tot_n=3318 tot_to=0 maxever=96910 >2ms=3318 >5ms=3318 >15ms=3310 >20ms=3303 >30ms=2789 | probes=3318 wrfail=0 down=4s maxout=4s
 163.999  t=162s RTT mean=40390 min=23281 max=71914 n=23 to=0 | cancels=0(+0/s) seqbad=0 len_bad=0 disc=0(0x00) | tot_n=3341 tot_to=0 maxever=96910 >2ms=3341 >5ms=3341 >15ms=3333 >20ms=3326 >30ms=2804 | probes=3341 wrfail=0 down=4s maxout=4s
 166.002  t=163s RTT mean=39304 min=23285 max=50521 n=23 to=0 | cancels=0(+0/s) seqbad=0 len_bad=0 disc=0(0x00) | tot_n=3364 tot_to=0 maxever=96910 >2ms=3364 >5ms=3364 >15ms=3356 >20ms=3349 >30ms=2820 | probes=3365 wrfail=0 down=4s maxout=4s
 166.002  t=164s RTT mean=40390 min=25425 max=50368 n=23 to=0 | cancels=0(+0/s) seqbad=0 len_bad=0 disc=0(0x00) | tot_n=3387 tot_to=0 maxever=96910 >2ms=3387 >5ms=3387 >15ms=3379 >20ms=3372 >30ms=2836 | probes=3388 wrfail=0 down=4s maxout=4s
 167.983  t=165s RTT mean=39621 min=25421 max=71911 n=24 to=0 | cancels=0(+0/s) seqbad=0 len_bad=0 disc=0(0x00) | tot_n=3411 tot_to=0 maxever=96910 >2ms=3411 >5ms=3411 >15ms=3403 >20ms=3396 >30ms=2851 | probes=3411 wrfail=0 down=4s maxout=4s
 167.983  t=166s RTT mean=38579 min=25419 max=48035 n=24 to=0 | cancels=0(+0/s) seqbad=0 len_bad=0 disc=0(0x00) | tot_n=3435 tot_to=0 maxever=96910 >2ms=3435 >5ms=3435 >15ms=3427 >20ms=3420 >30ms=2866 | probes=3435 wrfail=0 down=4s maxout=4s
 169.962  t=167s RTT mean=40391 min=23285 max=71914 n=23 to=0 | cancels=0(+0/s) seqbad=0 len_bad=0 disc=0(0x00) | tot_n=3458 tot_to=0 maxever=96910 >2ms=3458 >5ms=3458 >15ms=3450 >20ms=3443 >30ms=2881 | probes=3458 wrfail=0 down=4s maxout=4s
 170.022  t=168s RTT mean=38579 min=23282 max=54091 n=24 to=0 | cancels=0(+0/s) seqbad=0 len_bad=0 disc=0(0x00) | tot_n=3482 tot_to=0 maxever=96910 >2ms=3482 >5ms=3482 >15ms=3474 >20ms=3467 >30ms=2896 | probes=3482 wrfail=0 down=4s maxout=4s
 171.987  t=169s RTT mean=38579 min=23284 max=48917 n=24 to=0 | cancels=0(+0/s) seqbad=0 len_bad=0 disc=0(0x00) | tot_n=3506 tot_to=0 maxever=96910 >2ms=3506 >5ms=3506 >15ms=3498 >20ms=3491 >30ms=2912 | probes=3506 wrfail=0 down=4s maxout=4s
 171.987  t=170s RTT mean=40390 min=23280 max=71914 n=23 to=0 | cancels=0(+0/s) seqbad=0 len_bad=0 disc=0(0x00) | tot_n=3529 tot_to=0 maxever=96910 >2ms=3529 >5ms=3529 >15ms=3521 >20ms=3514 >30ms=2927 | probes=3529 wrfail=0 down=4s maxout=4s
 173.987  t=171s RTT mean=40390 min=23284 max=71913 n=23 to=0 | cancels=0(+0/s) seqbad=0 len_bad=0 disc=0(0x00) | tot_n=3552 tot_to=0 maxever=96910 >2ms=3552 >5ms=3552 >15ms=3544 >20ms=3537 >30ms=2941 | probes=3552 wrfail=0 down=4s maxout=4s
 173.987  t=172s RTT mean=40390 min=23281 max=68239 n=23 to=0 | cancels=0(+0/s) seqbad=0 len_bad=0 disc=0(0x00) | tot_n=3575 tot_to=0 maxever=96910 >2ms=3575 >5ms=3575 >15ms=3567 >20ms=3560 >30ms=2956 | probes=3575 wrfail=0 down=4s maxout=4s
 175.955  t=173s RTT mean=38576 min=23224 max=46915 n=24 to=0 | cancels=0(+0/s) seqbad=0 len_bad=0 disc=0(0x00) | tot_n=3599 tot_to=0 maxever=96910 >2ms=3599 >5ms=3599 >15ms=3591 >20ms=3584 >30ms=2971 | probes=3600 wrfail=0 down=4s maxout=4s
 176.012  t=174s RTT mean=40390 min=23278 max=71915 n=23 to=0 | cancels=0(+0/s) seqbad=0 len_bad=0 disc=0(0x00) | tot_n=3622 tot_to=0 maxever=96910 >2ms=3622 >5ms=3622 >15ms=3614 >20ms=3607 >30ms=2986 | probes=3623 wrfail=0 down=4s maxout=4s
 177.964  t=175s RTT mean=39304 min=23271 max=49304 n=23 to=0 | cancels=0(+0/s) seqbad=0 len_bad=0 disc=0(0x00) | tot_n=3645 tot_to=0 maxever=96910 >2ms=3645 >5ms=3645 >15ms=3637 >20ms=3630 >30ms=3001 | probes=3646 wrfail=0 down=4s maxout=4s
 178.024  t=176s RTT mean=42367 min=25501 max=73027 n=22 to=0 | cancels=0(+0/s) seqbad=0 len_bad=0 disc=0(0x00) | tot_n=3667 tot_to=0 maxever=96910 >2ms=3667 >5ms=3667 >15ms=3659 >20ms=3652 >30ms=3016 | probes=3668 wrfail=0 down=4s maxout=4s
 179.982  t=177s RTT mean=42366 min=25426 max=55285 n=22 to=0 | cancels=0(+0/s) seqbad=0 len_bad=0 disc=0(0x00) | tot_n=3689 tot_to=0 maxever=96910 >2ms=3689 >5ms=3689 >15ms=3681 >20ms=3674 >30ms=3033 | probes=3690 wrfail=0 down=4s maxout=4s
 179.983  t=178s RTT mean=38578 min=25421 max=48020 n=24 to=0 | cancels=0(+0/s) seqbad=0 len_bad=0 disc=0(0x00) | tot_n=3713 tot_to=0 maxever=96910 >2ms=3713 >5ms=3713 >15ms=3705 >20ms=3698 >30ms=3049 | probes=3714 wrfail=0 down=4s maxout=4s
 181.957  t=179s RTT mean=43503 min=25422 max=76717 n=22 to=0 | cancels=0(+0/s) seqbad=0 len_bad=0 disc=0(0x00) | tot_n=3735 tot_to=0 maxever=96910 >2ms=3735 >5ms=3735 >15ms=3727 >20ms=3720 >30ms=3067 | probes=3736 wrfail=0 down=4s maxout=4s
 182.012  t=180s RTT mean=40390 min=23278 max=50317 n=23 to=0 | cancels=0(+0/s) seqbad=0 len_bad=0 disc=0(0x00) | tot_n=3758 tot_to=0 maxever=96910 >2ms=3758 >5ms=3758 >15ms=3750 >20ms=3743 >30ms=3084 | probes=3759 wrfail=0 down=4s maxout=4s
 183.999  t=181s RTT mean=38578 min=23271 max=50282 n=24 to=0 | cancels=0(+0/s) seqbad=0 len_bad=0 disc=0(0x00) | tot_n=3782 tot_to=0 maxever=96910 >2ms=3782 >5ms=3782 >15ms=3774 >20ms=3767 >30ms=3099 | probes=3783 wrfail=0 down=4s maxout=4s
 183.999  t=182s RTT mean=37537 min=23278 max=47165 n=24 to=0 | cancels=0(+0/s) seqbad=0 len_bad=0 disc=0(0x00) | tot_n=3806 tot_to=0 maxever=96910 >2ms=3806 >5ms=3806 >15ms=3798 >20ms=3791 >30ms=3113 | probes=3807 wrfail=0 down=4s maxout=4s
 186.002  t=183s RTT mean=40390 min=25425 max=51698 n=23 to=0 | cancels=0(+0/s) seqbad=0 len_bad=0 disc=0(0x00) | tot_n=3829 tot_to=0 maxever=96910 >2ms=3829 >5ms=3829 >15ms=3821 >20ms=3814 >30ms=3129 | probes=3830 wrfail=0 down=4s maxout=4s
 186.002  t=184s RTT mean=40390 min=25500 max=71913 n=23 to=0 | cancels=0(+0/s) seqbad=0 len_bad=0 disc=0(0x00) | tot_n=3852 tot_to=0 maxever=96910 >2ms=3852 >5ms=3852 >15ms=3844 >20ms=3837 >30ms=3144 | probes=3853 wrfail=0 down=4s maxout=4s
 187.990  t=185s RTT mean=41478 min=25499 max=60137 n=23 to=0 | cancels=0(+0/s) seqbad=0 len_bad=0 disc=0(0x00) | tot_n=3875 tot_to=0 maxever=96910 >2ms=3875 >5ms=3875 >15ms=3867 >20ms=3860 >30ms=3161 | probes=3876 wrfail=0 down=4s maxout=4s
 187.990  PCTL target=50 tot=1396 to=0 p50=46 p90=46 p99=71 p99.9=73 max=76 g30=927 g100=0 (ms/counts)
 187.990  LOADRAMP: target=75 KBps for 60s
 187.990  t=186s RTT mean=35911 min=23279 max=50496 n=25 to=0 | cancels=0(+0/s) seqbad=0 len_bad=0 disc=0(0x00) | tot_n=3900 tot_to=0 maxever=96910 >2ms=3900 >5ms=3900 >15ms=3892 >20ms=3885 >30ms=3174 | probes=3901 wrfail=0 down=4s maxout=4s
 189.951  t=187s RTT mean=37912 min=25496 max=50500 n=25 to=0 | cancels=0(+0/s) seqbad=0 len_bad=0 disc=0(0x00) | tot_n=3925 tot_to=0 maxever=96910 >2ms=3925 >5ms=3925 >15ms=3917 >20ms=3910 >30ms=3189 | probes=3926 wrfail=0 down=4s maxout=4s
 190.011  t=188s RTT mean=37536 min=18164 max=62333 n=24 to=0 | cancels=0(+0/s) seqbad=0 len_bad=0 disc=0(0x00) | tot_n=3949 tot_to=0 maxever=96910 >2ms=3949 >5ms=3949 >15ms=3941 >20ms=3933 >30ms=3203 | probes=3950 wrfail=0 down=4s maxout=4s
 191.987  t=189s RTT mean=36334 min=23949 max=48011 n=26 to=0 | cancels=0(+0/s) seqbad=0 len_bad=0 disc=0(0x00) | tot_n=3975 tot_to=0 maxever=96910 >2ms=3975 >5ms=3975 >15ms=3967 >20ms=3959 >30ms=3216 | probes=3976 wrfail=0 down=4s maxout=4s
 191.987  t=190s RTT mean=37536 min=23278 max=71912 n=24 to=0 | cancels=0(+0/s) seqbad=0 len_bad=0 disc=0(0x00) | tot_n=3999 tot_to=0 maxever=96910 >2ms=3999 >5ms=3999 >15ms=3991 >20ms=3983 >30ms=3230 | probes=4000 wrfail=0 down=4s maxout=4s
 193.966  t=191s RTT mean=39620 min=25497 max=71911 n=24 to=0 | cancels=0(+0/s) seqbad=0 len_bad=0 disc=0(0x00) | tot_n=4023 tot_to=0 maxever=96910 >2ms=4023 >5ms=4023 >15ms=4015 >20ms=4007 >30ms=3245 | probes=4024 wrfail=0 down=4s maxout=4s
 194.027  t=192s RTT mean=35911 min=22820 max=48107 n=25 to=0 | cancels=0(+0/s) seqbad=0 len_bad=0 disc=0(0x00) | tot_n=4048 tot_to=0 maxever=96910 >2ms=4048 >5ms=4048 >15ms=4040 >20ms=4032 >30ms=3258 | probes=4049 wrfail=0 down=4s maxout=4s
 195.975  t=193s RTT mean=36913 min=14571 max=48011 n=25 to=0 | cancels=0(+0/s) seqbad=0 len_bad=0 disc=0(0x00) | tot_n=4073 tot_to=0 maxever=96910 >2ms=4073 >5ms=4073 >15ms=4064 >20ms=4056 >30ms=3273 | probes=4074 wrfail=0 down=4s maxout=4s
 195.975  t=194s RTT mean=37911 min=25500 max=71913 n=25 to=0 | cancels=0(+0/s) seqbad=0 len_bad=0 disc=0(0x00) | tot_n=4098 tot_to=0 maxever=96910 >2ms=4098 >5ms=4098 >15ms=4089 >20ms=4081 >30ms=3287 | probes=4099 wrfail=0 down=4s maxout=4s
 197.999  t=195s RTT mean=35912 min=23271 max=71910 n=25 to=0 | cancels=0(+0/s) seqbad=0 len_bad=0 disc=0(0x00) | tot_n=4123 tot_to=0 maxever=96910 >2ms=4123 >5ms=4123 >15ms=4114 >20ms=4106 >30ms=3299 | probes=4124 wrfail=0 down=4s maxout=4s
 197.999  t=196s RTT mean=37911 min=25496 max=71913 n=25 to=0 | cancels=0(+0/s) seqbad=0 len_bad=0 disc=0(0x00) | tot_n=4148 tot_to=0 maxever=96910 >2ms=4148 >5ms=4148 >15ms=4139 >20ms=4131 >30ms=3313 | probes=4149 wrfail=0 down=4s maxout=4s
 199.999  t=197s RTT mean=35912 min=23269 max=47820 n=25 to=0 | cancels=0(+0/s) seqbad=0 len_bad=0 disc=0(0x00) | tot_n=4173 tot_to=0 maxever=96910 >2ms=4173 >5ms=4173 >15ms=4164 >20ms=4156 >30ms=3325 | probes=4174 wrfail=0 down=4s maxout=4s
 199.999  t=198s RTT mean=37911 min=25206 max=51704 n=25 to=0 | cancels=0(+0/s) seqbad=0 len_bad=0 disc=0(0x00) | tot_n=4198 tot_to=0 maxever=96910 >2ms=4198 >5ms=4198 >15ms=4189 >20ms=4181 >30ms=3339 | probes=4199 wrfail=0 down=4s maxout=4s
 202.001  t=199s RTT mean=40390 min=20809 max=74304 n=23 to=0 | cancels=0(+0/s) seqbad=0 len_bad=0 disc=0(0x00) | tot_n=4221 tot_to=0 maxever=96910 >2ms=4221 >5ms=4221 >15ms=4212 >20ms=4204 >30ms=3354 | probes=4222 wrfail=0 down=4s maxout=4s
 202.001  t=200s RTT mean=40389 min=19360 max=69516 n=23 to=0 | cancels=0(+0/s) seqbad=0 len_bad=0 disc=0(0x00) | tot_n=4244 tot_to=0 maxever=96910 >2ms=4244 >5ms=4244 >15ms=4235 >20ms=4226 >30ms=3369 | probes=4245 wrfail=0 down=4s maxout=4s
 203.954  t=201s RTT mean=35373 min=20810 max=46914 n=26 to=0 | cancels=0(+0/s) seqbad=0 len_bad=0 disc=0(0x00) | tot_n=4270 tot_to=0 maxever=96910 >2ms=4270 >5ms=4270 >15ms=4261 >20ms=4252 >30ms=3382 | probes=4271 wrfail=0 down=4s maxout=4s
 204.014  t=202s RTT mean=36911 min=14571 max=50501 n=25 to=0 | cancels=0(+0/s) seqbad=0 len_bad=0 disc=0(0x00) | tot_n=4295 tot_to=0 maxever=96910 >2ms=4295 >5ms=4295 >15ms=4285 >20ms=4276 >30ms=3396 | probes=4296 wrfail=0 down=4s maxout=4s
 205.953  t=203s RTT mean=36911 min=23270 max=71913 n=25 to=0 | cancels=0(+0/s) seqbad=0 len_bad=0 disc=0(0x00) | tot_n=4320 tot_to=0 maxever=96910 >2ms=4320 >5ms=4320 >15ms=4310 >20ms=4301 >30ms=3410 | probes=4321 wrfail=0 down=4s maxout=4s
 206.012  t=204s RTT mean=37536 min=23278 max=71913 n=24 to=0 | cancels=0(+0/s) seqbad=0 len_bad=0 disc=0(0x00) | tot_n=4344 tot_to=0 maxever=96910 >2ms=4344 >5ms=4344 >15ms=4334 >20ms=4325 >30ms=3422 | probes=4345 wrfail=0 down=4s maxout=4s
 208.010  t=205s RTT mean=38578 min=25492 max=71914 n=24 to=0 | cancels=0(+0/s) seqbad=0 len_bad=0 disc=0(0x00) | tot_n=4368 tot_to=0 maxever=96910 >2ms=4368 >5ms=4368 >15ms=4358 >20ms=4349 >30ms=3436 | probes=4369 wrfail=0 down=4s maxout=4s
 208.011  t=206s RTT mean=37911 min=25498 max=48106 n=25 to=0 | cancels=0(+0/s) seqbad=0 len_bad=0 disc=0(0x00) | tot_n=4393 tot_to=0 maxever=96910 >2ms=4393 >5ms=4393 >15ms=4383 >20ms=4374 >30ms=3452 | probes=4394 wrfail=0 down=4s maxout=4s
 209.987  t=207s RTT mean=35373 min=20810 max=46914 n=26 to=0 | cancels=0(+0/s) seqbad=0 len_bad=0 disc=0(0x00) | tot_n=4419 tot_to=0 maxever=96910 >2ms=4419 >5ms=4419 >15ms=4409 >20ms=4400 >30ms=3464 | probes=4420 wrfail=0 down=4s maxout=4s
 209.987  t=208s RTT mean=36912 min=23279 max=71915 n=25 to=0 | cancels=0(+0/s) seqbad=0 len_bad=0 disc=0(0x00) | tot_n=4444 tot_to=0 maxever=96910 >2ms=4444 >5ms=4444 >15ms=4434 >20ms=4425 >30ms=3477 | probes=4445 wrfail=0 down=4s maxout=4s
 211.975  t=209s RTT mean=35374 min=20810 max=71912 n=26 to=0 | cancels=0(+0/s) seqbad=0 len_bad=0 disc=0(0x00) | tot_n=4470 tot_to=0 maxever=96910 >2ms=4470 >5ms=4470 >15ms=4460 >20ms=4451 >30ms=3488 | probes=4471 wrfail=0 down=4s maxout=4s
 212.035  t=210s RTT mean=38578 min=23279 max=71913 n=24 to=0 | cancels=0(+0/s) seqbad=0 len_bad=0 disc=0(0x00) | tot_n=4494 tot_to=0 maxever=96910 >2ms=4494 >5ms=4494 >15ms=4484 >20ms=4475 >30ms=3501 | probes=4495 wrfail=0 down=4s maxout=4s
 213.953  t=211s RTT mean=35912 min=14574 max=48107 n=25 to=0 | cancels=0(+0/s) seqbad=0 len_bad=0 disc=0(0x00) | tot_n=4519 tot_to=0 maxever=96910 >2ms=4519 >5ms=4519 >15ms=4508 >20ms=4499 >30ms=3514 | probes=4520 wrfail=0 down=4s maxout=4s
 214.013  t=212s RTT mean=37911 min=25493 max=71913 n=25 to=0 | cancels=0(+0/s) seqbad=0 len_bad=0 disc=0(0x00) | tot_n=4544 tot_to=0 maxever=96910 >2ms=4544 >5ms=4544 >15ms=4533 >20ms=4524 >30ms=3528 | probes=4545 wrfail=0 down=4s maxout=4s
 215.959  t=213s RTT mean=36912 min=23270 max=71914 n=25 to=0 | cancels=0(+0/s) seqbad=0 len_bad=0 disc=0(0x00) | tot_n=4569 tot_to=0 maxever=96910 >2ms=4569 >5ms=4569 >15ms=4558 >20ms=4549 >30ms=3541 | probes=4570 wrfail=0 down=4s maxout=4s
 216.019  t=214s RTT mean=37537 min=18162 max=73278 n=24 to=0 | cancels=0(+0/s) seqbad=0 len_bad=0 disc=0(0x00) | tot_n=4593 tot_to=0 maxever=96910 >2ms=4593 >5ms=4593 >15ms=4582 >20ms=4572 >30ms=3555 | probes=4594 wrfail=0 down=4s maxout=4s
 217.967  t=215s RTT mean=36912 min=22818 max=50510 n=25 to=0 | cancels=0(+0/s) seqbad=0 len_bad=0 disc=0(0x00) | tot_n=4618 tot_to=0 maxever=96910 >2ms=4618 >5ms=4618 >15ms=4607 >20ms=4597 >30ms=3569 | probes=4619 wrfail=0 down=4s maxout=4s
 218.027  t=216s RTT mean=36911 min=25500 max=48020 n=25 to=0 | cancels=0(+0/s) seqbad=0 len_bad=0 disc=0(0x00) | tot_n=4643 tot_to=0 maxever=96910 >2ms=4643 >5ms=4643 >15ms=4632 >20ms=4622 >30ms=3584 | probes=4644 wrfail=0 down=4s maxout=4s
 220.009  t=217s RTT mean=38579 min=18163 max=50773 n=24 to=0 | cancels=0(+0/s) seqbad=0 len_bad=0 disc=0(0x00) | tot_n=4667 tot_to=0 maxever=96910 >2ms=4667 >5ms=4667 >15ms=4656 >20ms=4645 >30ms=3599 | probes=4668 wrfail=0 down=4s maxout=4s
 220.009  t=218s RTT mean=36911 min=16967 max=48103 n=25 to=0 | cancels=0(+0/s) seqbad=0 len_bad=0 disc=0(0x00) | tot_n=4692 tot_to=0 maxever=96910 >2ms=4692 >5ms=4692 >15ms=4681 >20ms=4669 >30ms=3613 | probes=4693 wrfail=0 down=4s maxout=4s
 222.006  t=219s RTT mean=38578 min=25497 max=71914 n=24 to=0 | cancels=0(+0/s) seqbad=0 len_bad=0 disc=0(0x00) | tot_n=4716 tot_to=0 maxever=96910 >2ms=4716 >5ms=4716 >15ms=4705 >20ms=4693 >30ms=3626 | probes=4717 wrfail=0 down=4s maxout=4s
 222.006  t=220s RTT mean=36911 min=25499 max=50502 n=25 to=0 | cancels=0(+0/s) seqbad=0 len_bad=0 disc=0(0x00) | tot_n=4741 tot_to=0 maxever=96910 >2ms=4741 >5ms=4741 >15ms=4730 >20ms=4718 >30ms=3640 | probes=4742 wrfail=0 down=4s maxout=4s
 223.957  t=221s RTT mean=36912 min=22818 max=49304 n=25 to=0 | cancels=0(+0/s) seqbad=0 len_bad=0 disc=0(0x00) | tot_n=4766 tot_to=0 maxever=96910 >2ms=4766 >5ms=4766 >15ms=4755 >20ms=4743 >30ms=3653 | probes=4767 wrfail=0 down=4s maxout=4s
 224.018  t=222s RTT mean=36334 min=25489 max=48020 n=26 to=0 | cancels=0(+0/s) seqbad=0 len_bad=0 disc=0(0x00) | tot_n=4792 tot_to=0 maxever=96910 >2ms=4792 >5ms=4792 >15ms=4781 >20ms=4769 >30ms=3667 | probes=4793 wrfail=0 down=4s maxout=4s
 225.983  t=223s RTT mean=36912 min=23270 max=49304 n=25 to=0 | cancels=0(+0/s) seqbad=0 len_bad=0 disc=0(0x00) | tot_n=4817 tot_to=0 maxever=96910 >2ms=4817 >5ms=4817 >15ms=4806 >20ms=4794 >30ms=3680 | probes=4818 wrfail=0 down=4s maxout=4s
 225.983  t=224s RTT mean=40389 min=23278 max=71655 n=23 to=0 | cancels=0(+0/s) seqbad=0 len_bad=0 disc=0(0x00) | tot_n=4840 tot_to=0 maxever=96910 >2ms=4840 >5ms=4840 >15ms=4829 >20ms=4817 >30ms=3695 | probes=4841 wrfail=0 down=4s maxout=4s
 227.977  t=225s RTT mean=37538 min=23270 max=57926 n=24 to=0 | cancels=0(+0/s) seqbad=0 len_bad=0 disc=0(0x00) | tot_n=4864 tot_to=0 maxever=96910 >2ms=4864 >5ms=4864 >15ms=4853 >20ms=4841 >30ms=3709 | probes=4865 wrfail=0 down=4s maxout=4s
 227.977  t=226s RTT mean=36911 min=18163 max=71913 n=25 to=0 | cancels=0(+0/s) seqbad=0 len_bad=0 disc=0(0x00) | tot_n=4889 tot_to=0 maxever=96910 >2ms=4889 >5ms=4889 >15ms=4878 >20ms=4865 >30ms=3721 | probes=4890 wrfail=0 down=4s maxout=4s
 229.972  t=227s RTT mean=39619 min=25497 max=63530 n=24 to=0 | cancels=0(+0/s) seqbad=0 len_bad=0 disc=0(0x00) | tot_n=4913 tot_to=0 maxever=96910 >2ms=4913 >5ms=4913 >15ms=4902 >20ms=4889 >30ms=3736 | probes=4914 wrfail=0 down=4s maxout=4s
 230.032  t=228s RTT mean=36912 min=23278 max=49303 n=25 to=0 | cancels=0(+0/s) seqbad=0 len_bad=0 disc=0(0x00) | tot_n=4938 tot_to=0 maxever=96910 >2ms=4938 >5ms=4938 >15ms=4927 >20ms=4914 >30ms=3750 | probes=4939 wrfail=0 down=4s maxout=4s
 231.976  t=229s RTT mean=37537 min=23269 max=71913 n=24 to=0 | cancels=0(+0/s) seqbad=0 len_bad=0 disc=0(0x00) | tot_n=4962 tot_to=0 maxever=96910 >2ms=4962 >5ms=4962 >15ms=4951 >20ms=4938 >30ms=3763 | probes=4963 wrfail=0 down=4s maxout=4s
 232.035  t=230s RTT mean=35373 min=20809 max=48020 n=26 to=0 | cancels=0(+0/s) seqbad=0 len_bad=0 disc=0(0x00) | tot_n=4988 tot_to=0 maxever=96910 >2ms=4988 >5ms=4988 >15ms=4977 >20ms=4964 >30ms=3775 | probes=4989 wrfail=0 down=4s maxout=4s
 233.972  t=231s RTT mean=38579 min=22819 max=51950 n=24 to=0 | cancels=0(+0/s) seqbad=0 len_bad=0 disc=0(0x00) | tot_n=5012 tot_to=0 maxever=96910 >2ms=5012 >5ms=5012 >15ms=5001 >20ms=4988 >30ms=3791 | probes=5013 wrfail=0 down=4s maxout=4s
 234.032  t=232s RTT mean=36334 min=25497 max=48020 n=26 to=0 | cancels=0(+0/s) seqbad=0 len_bad=0 disc=0(0x00) | tot_n=5038 tot_to=0 maxever=96910 >2ms=5038 >5ms=5038 >15ms=5027 >20ms=5014 >30ms=3804 | probes=5039 wrfail=0 down=4s maxout=4s
 235.964  t=233s RTT mean=35912 min=23271 max=46914 n=25 to=0 | cancels=0(+0/s) seqbad=0 len_bad=0 disc=0(0x00) | tot_n=5063 tot_to=0 maxever=96910 >2ms=5063 >5ms=5063 >15ms=5052 >20ms=5039 >30ms=3818 | probes=5064 wrfail=0 down=4s maxout=4s
 236.022  t=234s RTT mean=38577 min=25496 max=50506 n=24 to=0 | cancels=0(+0/s) seqbad=0 len_bad=0 disc=0(0x00) | tot_n=5087 tot_to=0 maxever=96910 >2ms=5087 >5ms=5087 >15ms=5076 >20ms=5063 >30ms=3833 | probes=5088 wrfail=0 down=4s maxout=4s
 238.000  t=235s RTT mean=37912 min=19361 max=50355 n=25 to=0 | cancels=0(+0/s) seqbad=0 len_bad=0 disc=0(0x00) | tot_n=5112 tot_to=0 maxever=96910 >2ms=5112 >5ms=5112 >15ms=5101 >20ms=5087 >30ms=3849 | probes=5113 wrfail=0 down=4s maxout=4s
 238.000  t=236s RTT mean=37536 min=23278 max=71913 n=24 to=0 | cancels=0(+0/s) seqbad=0 len_bad=0 disc=0(0x00) | tot_n=5136 tot_to=0 maxever=96910 >2ms=5136 >5ms=5136 >15ms=5125 >20ms=5111 >30ms=3862 | probes=5137 wrfail=0 down=4s maxout=4s
 239.977  t=237s RTT mean=37913 min=25500 max=69363 n=25 to=0 | cancels=0(+0/s) seqbad=0 len_bad=0 disc=0(0x00) | tot_n=5161 tot_to=0 maxever=96910 >2ms=5161 >5ms=5161 >15ms=5150 >20ms=5136 >30ms=3876 | probes=5162 wrfail=0 down=4s maxout=4s
 240.038  t=238s RTT mean=35912 min=23278 max=46914 n=25 to=0 | cancels=0(+0/s) seqbad=0 len_bad=0 disc=0(0x00) | tot_n=5186 tot_to=0 maxever=96910 >2ms=5186 >5ms=5186 >15ms=5175 >20ms=5161 >30ms=3889 | probes=5187 wrfail=0 down=4s maxout=4s
 241.965  t=239s RTT mean=37912 min=25495 max=71914 n=25 to=0 | cancels=0(+0/s) seqbad=0 len_bad=0 disc=0(0x00) | tot_n=5211 tot_to=0 maxever=96910 >2ms=5211 >5ms=5211 >15ms=5200 >20ms=5186 >30ms=3902 | probes=5212 wrfail=0 down=4s maxout=4s
 242.025  t=240s RTT mean=36911 min=23278 max=46915 n=25 to=0 | cancels=0(+0/s) seqbad=0 len_bad=0 disc=0(0x00) | tot_n=5236 tot_to=0 maxever=96910 >2ms=5236 >5ms=5236 >15ms=5225 >20ms=5211 >30ms=3917 | probes=5237 wrfail=0 down=4s maxout=4s
 244.015  t=241s RTT mean=37537 min=23271 max=65924 n=24 to=0 | cancels=0(+0/s) seqbad=0 len_bad=0 disc=0(0x00) | tot_n=5260 tot_to=0 maxever=96910 >2ms=5260 >5ms=5260 >15ms=5249 >20ms=5235 >30ms=3930 | probes=5261 wrfail=0 down=4s maxout=4s
 244.015  t=242s RTT mean=38577 min=25497 max=71909 n=24 to=0 | cancels=0(+0/s) seqbad=0 len_bad=0 disc=0(0x00) | tot_n=5284 tot_to=0 maxever=96910 >2ms=5284 >5ms=5284 >15ms=5273 >20ms=5259 >30ms=3945 | probes=5285 wrfail=0 down=4s maxout=4s
 246.008  t=243s RTT mean=36335 min=25494 max=48012 n=26 to=0 | cancels=0(+0/s) seqbad=0 len_bad=0 disc=0(0x00) | tot_n=5310 tot_to=0 maxever=96910 >2ms=5310 >5ms=5310 >15ms=5299 >20ms=5285 >30ms=3959 | probes=5311 wrfail=0 down=4s maxout=4s
 246.008  t=244s RTT mean=35912 min=23279 max=49304 n=25 to=0 | cancels=0(+0/s) seqbad=0 len_bad=0 disc=0(0x00) | tot_n=5335 tot_to=0 maxever=96910 >2ms=5335 >5ms=5335 >15ms=5324 >20ms=5310 >30ms=3971 | probes=5336 wrfail=0 down=4s maxout=4s
 247.988  PCTL target=75 tot=1485 to=0 p50=39 p90=46 p99=71 p99.9=71 max=74 g30=827 g100=0 (ms/counts)
 247.988  LOADRAMP: target=100 KBps for 60s
 247.988  t=245s RTT mean=37912 min=25494 max=48012 n=25 to=0 | cancels=0(+0/s) seqbad=0 len_bad=0 disc=0(0x00) | tot_n=5360 tot_to=0 maxever=96910 >2ms=5360 >5ms=5360 >15ms=5349 >20ms=5335 >30ms=3987 | probes=5361 wrfail=0 down=4s maxout=4s
 248.048  t=246s RTT mean=33948 min=11058 max=50501 n=27 to=0 | cancels=0(+0/s) seqbad=0 len_bad=0 disc=0(0x00) | tot_n=5387 tot_to=0 maxever=96910 >2ms=5387 >5ms=5387 >15ms=5375 >20ms=5361 >30ms=3999 | probes=5388 wrfail=0 down=4s maxout=4s
 249.973  t=247s RTT mean=34411 min=9861 max=49322 n=26 to=0 | cancels=0(+0/s) seqbad=0 len_bad=0 disc=0(0x00) | tot_n=5413 tot_to=0 maxever=96910 >2ms=5413 >5ms=5413 >15ms=5400 >20ms=5386 >30ms=4012 | probes=5414 wrfail=0 down=4s maxout=4s
 250.033  t=248s RTT mean=33947 min=13451 max=48109 n=27 to=0 | cancels=0(+0/s) seqbad=0 len_bad=0 disc=0(0x00) | tot_n=5440 tot_to=0 maxever=96910 >2ms=5440 >5ms=5440 >15ms=5426 >20ms=5412 >30ms=4024 | probes=5441 wrfail=0 down=4s maxout=4s
 251.976  t=249s RTT mean=36333 min=5071 max=87469 n=26 to=0 | cancels=0(+0/s) seqbad=0 len_bad=0 disc=0(0x00) | tot_n=5466 tot_to=0 maxever=96910 >2ms=5466 >5ms=5466 >15ms=5451 >20ms=5437 >30ms=4037 | probes=5467 wrfail=0 down=4s maxout=4s
 252.036  t=250s RTT mean=33948 min=12258 max=49303 n=27 to=0 | cancels=0(+0/s) seqbad=0 len_bad=0 disc=0(0x00) | tot_n=5493 tot_to=0 maxever=96910 >2ms=5493 >5ms=5493 >15ms=5477 >20ms=5463 >30ms=4049 | probes=5494 wrfail=0 down=4s maxout=4s
 254.017  t=251s RTT mean=33023 min=15847 max=50500 n=27 to=0 | cancels=0(+0/s) seqbad=0 len_bad=0 disc=0(0x00) | tot_n=5520 tot_to=0 maxever=96910 >2ms=5520 >5ms=5520 >15ms=5504 >20ms=5489 >30ms=4060 | probes=5521 wrfail=0 down=4s maxout=4s
 254.018  t=252s RTT mean=33947 min=7466 max=67109 n=27 to=0 | cancels=0(+0/s) seqbad=0 len_bad=0 disc=0(0x00) | tot_n=5547 tot_to=0 maxever=96910 >2ms=5547 >5ms=5547 >15ms=5530 >20ms=5515 >30ms=4070 | probes=5548 wrfail=0 down=4s maxout=4s
 255.967  t=253s RTT mean=33519 min=25421 max=48013 n=28 to=0 | cancels=0(+0/s) seqbad=0 len_bad=0 disc=0(0x00) | tot_n=5575 tot_to=0 maxever=96910 >2ms=5575 >5ms=5575 >15ms=5558 >20ms=5543 >30ms=4081 | probes=5576 wrfail=0 down=4s maxout=4s
 256.027  t=254s RTT mean=33021 min=20882 max=51227 n=27 to=0 | cancels=0(+0/s) seqbad=0 len_bad=0 disc=0(0x00) | tot_n=5602 tot_to=0 maxever=96910 >2ms=5602 >5ms=5602 >15ms=5585 >20ms=5570 >30ms=4092 | probes=5603 wrfail=0 down=4s maxout=4s
 258.015  t=255s RTT mean=34873 min=7465 max=63529 n=27 to=0 | cancels=0(+0/s) seqbad=0 len_bad=0 disc=0(0x00) | tot_n=5629 tot_to=0 maxever=96910 >2ms=5629 >5ms=5629 >15ms=5611 >20ms=5596 >30ms=4104 | probes=5630 wrfail=0 down=4s maxout=4s
 258.015  t=256s RTT mean=33948 min=12255 max=71911 n=27 to=0 | cancels=0(+0/s) seqbad=0 len_bad=0 disc=0(0x00) | tot_n=5656 tot_to=0 maxever=96910 >2ms=5656 >5ms=5656 >15ms=5637 >20ms=5622 >30ms=4115 | probes=5657 wrfail=0 down=4s maxout=4s
 259.960  t=257s RTT mean=32626 min=23270 max=46914 n=28 to=0 | cancels=0(+0/s) seqbad=0 len_bad=0 disc=0(0x00) | tot_n=5684 tot_to=0 maxever=96910 >2ms=5684 >5ms=5684 >15ms=5665 >20ms=5650 >30ms=4125 | probes=5685 wrfail=0 down=4s maxout=4s
 260.020  t=258s RTT mean=33021 min=14638 max=46915 n=27 to=0 | cancels=0(+0/s) seqbad=0 len_bad=0 disc=0(0x00) | tot_n=5711 tot_to=0 maxever=96910 >2ms=5711 >5ms=5711 >15ms=5691 >20ms=5676 >30ms=4136 | probes=5712 wrfail=0 down=4s maxout=4s
 262.009  t=259s RTT mean=33949 min=7467 max=71910 n=27 to=0 | cancels=0(+0/s) seqbad=0 len_bad=0 disc=0(0x00) | tot_n=5738 tot_to=0 maxever=96910 >2ms=5738 >5ms=5738 >15ms=5717 >20ms=5702 >30ms=4146 | probes=5739 wrfail=0 down=4s maxout=4s
 262.010  t=260s RTT mean=35372 min=25283 max=80152 n=26 to=0 | cancels=0(+0/s) seqbad=0 len_bad=0 disc=0(0x00) | tot_n=5764 tot_to=0 maxever=96910 >2ms=5764 >5ms=5764 >15ms=5743 >20ms=5728 >30ms=4156 | probes=5765 wrfail=0 down=4s maxout=4s
 263.962  t=261s RTT mean=35373 min=25500 max=67121 n=26 to=0 | cancels=0(+0/s) seqbad=0 len_bad=0 disc=0(0x00) | tot_n=5790 tot_to=0 maxever=96910 >2ms=5790 >5ms=5790 >15ms=5769 >20ms=5754 >30ms=4167 | probes=5791 wrfail=0 down=4s maxout=4s
 264.023  t=262s RTT mean=36334 min=17043 max=70460 n=26 to=0 | cancels=0(+0/s) seqbad=0 len_bad=0 disc=0(0x00) | tot_n=5816 tot_to=0 maxever=96910 >2ms=5816 >5ms=5816 >15ms=5795 >20ms=5779 >30ms=4178 | probes=5817 wrfail=0 down=4s maxout=4s
 266.013  t=263s RTT mean=33948 min=23270 max=51558 n=27 to=0 | cancels=0(+0/s) seqbad=0 len_bad=0 disc=0(0x00) | tot_n=5843 tot_to=0 maxever=96910 >2ms=5843 >5ms=5843 >15ms=5822 >20ms=5806 >30ms=4189 | probes=5844 wrfail=0 down=4s maxout=4s
 266.014  t=264s RTT mean=33022 min=19437 max=47165 n=27 to=0 | cancels=0(+0/s) seqbad=0 len_bad=0 disc=0(0x00) | tot_n=5870 tot_to=0 maxever=96910 >2ms=5870 >5ms=5870 >15ms=5849 >20ms=5832 >30ms=4201 | probes=5871 wrfail=0 down=4s maxout=4s
 268.019  t=265s RTT mean=33519 min=15847 max=48011 n=28 to=0 | cancels=0(+0/s) seqbad=0 len_bad=0 disc=0(0x00) | tot_n=5898 tot_to=0 maxever=96910 >2ms=5898 >5ms=5898 >15ms=5877 >20ms=5859 >30ms=4213 | probes=5899 wrfail=0 down=4s maxout=4s
 268.019  t=266s RTT mean=34411 min=23279 max=63452 n=26 to=0 | cancels=0(+0/s) seqbad=0 len_bad=0 disc=0(0x00) | tot_n=5924 tot_to=0 maxever=96910 >2ms=5924 >5ms=5924 >15ms=5903 >20ms=5885 >30ms=4224 | probes=5925 wrfail=0 down=4s maxout=4s
 269.976  t=267s RTT mean=33948 min=15847 max=48011 n=27 to=0 | cancels=0(+0/s) seqbad=0 len_bad=0 disc=0(0x00) | tot_n=5951 tot_to=0 maxever=96910 >2ms=5951 >5ms=5951 >15ms=5930 >20ms=5911 >30ms=4237 | probes=5952 wrfail=0 down=4s maxout=4s
 270.036  t=268s RTT mean=34873 min=25421 max=49304 n=27 to=0 | cancels=0(+0/s) seqbad=0 len_bad=0 disc=0(0x00) | tot_n=5978 tot_to=0 maxever=96910 >2ms=5978 >5ms=5978 >15ms=5957 >20ms=5938 >30ms=4249 | probes=5979 wrfail=0 down=4s maxout=4s
 272.019  t=269s RTT mean=35373 min=20886 max=50564 n=26 to=0 | cancels=0(+0/s) seqbad=0 len_bad=0 disc=0(0x00) | tot_n=6004 tot_to=0 maxever=96910 >2ms=6004 >5ms=6004 >15ms=5983 >20ms=5964 >30ms=4261 | probes=6005 wrfail=0 down=4s maxout=4s
 272.019  t=270s RTT mean=33022 min=23278 max=49026 n=27 to=0 | cancels=0(+0/s) seqbad=0 len_bad=0 disc=0(0x00) | tot_n=6031 tot_to=0 maxever=96910 >2ms=6031 >5ms=6031 >15ms=6010 >20ms=5991 >30ms=4271 | probes=6032 wrfail=0 down=4s maxout=4s
 273.979  t=271s RTT mean=34874 min=25499 max=71913 n=27 to=0 | cancels=0(+0/s) seqbad=0 len_bad=0 disc=0(0x00) | tot_n=6058 tot_to=0 maxever=96910 >2ms=6058 >5ms=6058 >15ms=6037 >20ms=6018 >30ms=4282 | probes=6059 wrfail=0 down=4s maxout=4s
 274.039  t=272s RTT mean=33948 min=19437 max=51434 n=27 to=0 | cancels=0(+0/s) seqbad=0 len_bad=0 disc=0(0x00) | tot_n=6085 tot_to=0 maxever=96910 >2ms=6085 >5ms=6085 >15ms=6064 >20ms=6044 >30ms=4294 | probes=6086 wrfail=0 down=4s maxout=4s
 276.003  t=273s RTT mean=33948 min=23271 max=71913 n=27 to=0 | cancels=0(+0/s) seqbad=0 len_bad=0 disc=0(0x00) | tot_n=6112 tot_to=0 maxever=96910 >2ms=6112 >5ms=6112 >15ms=6091 >20ms=6071 >30ms=4303 | probes=6113 wrfail=0 down=4s maxout=4s
 276.003  t=274s RTT mean=34410 min=20884 max=61136 n=26 to=0 | cancels=0(+0/s) seqbad=0 len_bad=0 disc=0(0x00) | tot_n=6138 tot_to=0 maxever=96910 >2ms=6138 >5ms=6138 >15ms=6117 >20ms=6097 >30ms=4315 | probes=6139 wrfail=0 down=4s maxout=4s
 278.003  t=275s RTT mean=35372 min=25282 max=50773 n=26 to=0 | cancels=0(+0/s) seqbad=0 len_bad=0 disc=0(0x00) | tot_n=6164 tot_to=0 maxever=96910 >2ms=6164 >5ms=6164 >15ms=6143 >20ms=6123 >30ms=4327 | probes=6165 wrfail=0 down=4s maxout=4s
 278.003  t=276s RTT mean=36334 min=25421 max=73020 n=26 to=0 | cancels=0(+0/s) seqbad=0 len_bad=0 disc=0(0x00) | tot_n=6190 tot_to=0 maxever=96910 >2ms=6190 >5ms=6190 >15ms=6169 >20ms=6149 >30ms=4339 | probes=6191 wrfail=0 down=4s maxout=4s
 280.014  t=277s RTT mean=34411 min=23269 max=66053 n=26 to=0 | cancels=0(+0/s) seqbad=0 len_bad=0 disc=0(0x00) | tot_n=6216 tot_to=0 maxever=96910 >2ms=6216 >5ms=6216 >15ms=6195 >20ms=6175 >30ms=4350 | probes=6217 wrfail=0 down=4s maxout=4s
 280.014  t=278s RTT mean=35372 min=12255 max=73020 n=26 to=0 | cancels=0(+0/s) seqbad=0 len_bad=0 disc=0(0x00) | tot_n=6242 tot_to=0 maxever=96910 >2ms=6242 >5ms=6242 >15ms=6220 >20ms=6200 >30ms=4362 | probes=6243 wrfail=0 down=4s maxout=4s
 282.005  t=279s RTT mean=33519 min=5073 max=50502 n=28 to=0 | cancels=0(+0/s) seqbad=0 len_bad=0 disc=0(0x00) | tot_n=6270 tot_to=0 maxever=96910 >2ms=6270 >5ms=6270 >15ms=6247 >20ms=6227 >30ms=4373 | probes=6271 wrfail=0 down=4s maxout=4s
 282.005  t=280s RTT mean=32625 min=13452 max=58744 n=28 to=0 | cancels=0(+0/s) seqbad=0 len_bad=0 disc=0(0x00) | tot_n=6298 tot_to=0 maxever=96910 >2ms=6298 >5ms=6298 >15ms=6274 >20ms=6254 >30ms=4382 | probes=6299 wrfail=0 down=4s maxout=4s
 283.993  t=281s RTT mean=34412 min=3876 max=51697 n=26 to=0 | cancels=0(+0/s) seqbad=0 len_bad=0 disc=0(0x00) | tot_n=6324 tot_to=0 maxever=96910 >2ms=6324 >5ms=6323 >15ms=6299 >20ms=6279 >30ms=4394 | probes=6325 wrfail=0 down=4s maxout=4s
 284.053  t=282s RTT mean=33948 min=13452 max=50500 n=27 to=0 | cancels=0(+0/s) seqbad=0 len_bad=0 disc=0(0x00) | tot_n=6351 tot_to=0 maxever=96910 >2ms=6351 >5ms=6350 >15ms=6325 >20ms=6305 >30ms=4405 | probes=6352 wrfail=0 down=4s maxout=4s
 285.986  t=283s RTT mean=32626 min=14650 max=48011 n=28 to=0 | cancels=0(+0/s) seqbad=0 len_bad=0 disc=0(0x00) | tot_n=6379 tot_to=0 maxever=96910 >2ms=6379 >5ms=6378 >15ms=6352 >20ms=6332 >30ms=4415 | probes=6380 wrfail=0 down=4s maxout=4s
 286.047  t=284s RTT mean=33948 min=15846 max=71913 n=27 to=0 | cancels=0(+0/s) seqbad=0 len_bad=0 disc=0(0x00) | tot_n=6406 tot_to=0 maxever=96910 >2ms=6406 >5ms=6405 >15ms=6379 >20ms=6358 >30ms=4426 | probes=6407 wrfail=0 down=4s maxout=4s
 288.033  t=285s RTT mean=32627 min=8665 max=48011 n=28 to=0 | cancels=0(+0/s) seqbad=0 len_bad=0 disc=0(0x00) | tot_n=6434 tot_to=0 maxever=96910 >2ms=6434 >5ms=6433 >15ms=6406 >20ms=6385 >30ms=4436 | probes=6435 wrfail=0 down=4s maxout=4s
 288.033  t=286s RTT mean=33518 min=9861 max=48020 n=28 to=0 | cancels=0(+0/s) seqbad=0 len_bad=0 disc=0(0x00) | tot_n=6462 tot_to=0 maxever=96910 >2ms=6462 >5ms=6461 >15ms=6433 >20ms=6412 >30ms=4449 | probes=6463 wrfail=0 down=4s maxout=4s
 290.021  t=287s RTT mean=33023 min=13452 max=49304 n=27 to=0 | cancels=0(+0/s) seqbad=0 len_bad=0 disc=0(0x00) | tot_n=6489 tot_to=0 maxever=96910 >2ms=6489 >5ms=6488 >15ms=6459 >20ms=6438 >30ms=4460 | probes=6490 wrfail=0 down=4s maxout=4s
 290.021  t=288s RTT mean=35372 min=20886 max=73107 n=26 to=0 | cancels=0(+0/s) seqbad=0 len_bad=0 disc=0(0x00) | tot_n=6515 tot_to=0 maxever=96910 >2ms=6515 >5ms=6514 >15ms=6485 >20ms=6464 >30ms=4473 | probes=6516 wrfail=0 down=4s maxout=4s
 292.004  t=289s RTT mean=35373 min=2678 max=69516 n=26 to=0 | cancels=0(+0/s) seqbad=0 len_bad=0 disc=0(0x00) | tot_n=6541 tot_to=0 maxever=96910 >2ms=6541 >5ms=6539 >15ms=6510 >20ms=6489 >30ms=4486 | probes=6542 wrfail=0 down=4s maxout=4s
 292.057  t=290s RTT mean=33518 min=6271 max=49297 n=28 to=0 | cancels=0(+0/s) seqbad=0 len_bad=0 disc=0(0x00) | tot_n=6569 tot_to=0 maxever=96910 >2ms=6569 >5ms=6567 >15ms=6537 >20ms=6516 >30ms=4498 | probes=6570 wrfail=0 down=4s maxout=4s
 294.038  t=291s RTT mean=32626 min=2677 max=46916 n=28 to=0 | cancels=0(+0/s) seqbad=0 len_bad=0 disc=0(0x00) | tot_n=6597 tot_to=0 maxever=96910 >2ms=6597 >5ms=6594 >15ms=6564 >20ms=6543 >30ms=4510 | probes=6598 wrfail=0 down=4s maxout=4s
 294.038  t=292s RTT mean=35372 min=5072 max=56739 n=26 to=0 | cancels=0(+0/s) seqbad=0 len_bad=0 disc=0(0x00) | tot_n=6623 tot_to=0 maxever=96910 >2ms=6623 >5ms=6620 >15ms=6589 >20ms=6568 >30ms=4523 | probes=6624 wrfail=0 down=4s maxout=4s
 296.014  t=293s RTT mean=33023 min=23271 max=48127 n=27 to=0 | cancels=0(+0/s) seqbad=0 len_bad=0 disc=0(0x00) | tot_n=6650 tot_to=0 maxever=96910 >2ms=6650 >5ms=6647 >15ms=6616 >20ms=6595 >30ms=4534 | probes=6651 wrfail=0 down=4s maxout=4s
 296.014  t=294s RTT mean=35373 min=24033 max=68319 n=26 to=0 | cancels=0(+0/s) seqbad=0 len_bad=0 disc=0(0x00) | tot_n=6676 tot_to=0 maxever=96910 >2ms=6676 >5ms=6673 >15ms=6642 >20ms=6621 >30ms=4545 | probes=6677 wrfail=0 down=4s maxout=4s
 298.000  t=295s RTT mean=36334 min=25425 max=79091 n=26 to=0 | cancels=0(+0/s) seqbad=0 len_bad=0 disc=0(0x00) | tot_n=6702 tot_to=0 maxever=96910 >2ms=6702 >5ms=6699 >15ms=6668 >20ms=6647 >30ms=4555 | probes=6703 wrfail=0 down=4s maxout=4s
 298.061  t=296s RTT mean=35371 min=11058 max=69521 n=26 to=0 | cancels=0(+0/s) seqbad=0 len_bad=0 disc=0(0x00) | tot_n=6728 tot_to=0 maxever=96910 >2ms=6728 >5ms=6725 >15ms=6693 >20ms=6672 >30ms=4567 | probes=6729 wrfail=0 down=4s maxout=4s
 300.046  t=297s RTT mean=33023 min=17044 max=71914 n=27 to=0 | cancels=0(+0/s) seqbad=0 len_bad=0 disc=0(0x00) | tot_n=6755 tot_to=0 maxever=96910 >2ms=6755 >5ms=6752 >15ms=6720 >20ms=6698 >30ms=4576 | probes=6756 wrfail=0 down=4s maxout=4s
 300.047  t=298s RTT mean=37910 min=17043 max=82684 n=25 to=0 | cancels=0(+0/s) seqbad=0 len_bad=0 disc=0(0x00) | tot_n=6780 tot_to=0 maxever=96910 >2ms=6780 >5ms=6777 >15ms=6745 >20ms=6722 >30ms=4589 | probes=6781 wrfail=0 down=4s maxout=4s
 301.992  t=299s RTT mean=33948 min=8664 max=76950 n=27 to=0 | cancels=0(+0/s) seqbad=0 len_bad=0 disc=0(0x00) | tot_n=6807 tot_to=0 maxever=96910 >2ms=6807 >5ms=6804 >15ms=6771 >20ms=6748 >30ms=4600 | probes=6808 wrfail=0 down=4s maxout=4s
 302.051  t=300s RTT mean=35371 min=23279 max=71915 n=26 to=0 | cancels=0(+0/s) seqbad=0 len_bad=0 disc=0(0x00) | tot_n=6833 tot_to=0 maxever=96910 >2ms=6833 >5ms=6830 >15ms=6797 >20ms=6774 >30ms=4612 | probes=6834 wrfail=0 down=4s maxout=4s
 304.023  t=301s RTT mean=33023 min=23270 max=48162 n=27 to=0 | cancels=0(+0/s) seqbad=0 len_bad=0 disc=0(0x00) | tot_n=6860 tot_to=0 maxever=96910 >2ms=6860 >5ms=6857 >15ms=6824 >20ms=6801 >30ms=4622 | probes=6861 wrfail=0 down=4s maxout=4s
 304.023  t=302s RTT mean=33518 min=25281 max=48020 n=28 to=0 | cancels=0(+0/s) seqbad=0 len_bad=0 disc=0(0x00) | tot_n=6888 tot_to=0 maxever=96910 >2ms=6888 >5ms=6885 >15ms=6852 >20ms=6829 >30ms=4633 | probes=6889 wrfail=0 down=4s maxout=4s
 306.027  t=303s RTT mean=32625 min=6270 max=46915 n=28 to=0 | cancels=0(+0/s) seqbad=0 len_bad=0 disc=0(0x00) | tot_n=6916 tot_to=0 maxever=96910 >2ms=6916 >5ms=6913 >15ms=6879 >20ms=6856 >30ms=4644 | probes=6917 wrfail=0 down=4s maxout=4s
 306.027  t=304s RTT mean=34410 min=23278 max=66317 n=26 to=0 | cancels=0(+0/s) seqbad=0 len_bad=0 disc=0(0x00) | tot_n=6942 tot_to=0 maxever=96910 >2ms=6942 >5ms=6939 >15ms=6905 >20ms=6882 >30ms=4655 | probes=6943 wrfail=0 down=4s maxout=4s
 308.016  PCTL target=100 tot=1608 to=0 p50=26 p90=46 p99=71 p99.9=80 max=87 g30=682 g100=0 (ms/counts)
 308.016  LOADRAMP: target=125 KBps for 60s
 308.016  t=305s RTT mean=36335 min=24025 max=51951 n=26 to=0 | cancels=0(+0/s) seqbad=0 len_bad=0 disc=0(0x00) | tot_n=6968 tot_to=0 maxever=96910 >2ms=6968 >5ms=6965 >15ms=6931 >20ms=6908 >30ms=4669 | probes=6969 wrfail=0 down=4s maxout=4s
 308.076  t=306s RTT mean=31731 min=23278 max=46914 n=28 to=0 | cancels=0(+0/s) seqbad=0 len_bad=0 disc=0(0x00) | tot_n=6996 tot_to=0 maxever=96910 >2ms=6996 >5ms=6993 >15ms=6959 >20ms=6936 >30ms=4678 | probes=6997 wrfail=0 down=4s maxout=4s
 310.001  t=307s RTT mean=32625 min=25497 max=48013 n=28 to=0 | cancels=0(+0/s) seqbad=0 len_bad=0 disc=0(0x00) | tot_n=7024 tot_to=0 maxever=96910 >2ms=7024 >5ms=7021 >15ms=6987 >20ms=6964 >30ms=4689 | probes=7025 wrfail=0 down=4s maxout=4s
 310.060  t=308s RTT mean=33948 min=25500 max=71913 n=27 to=0 | cancels=0(+0/s) seqbad=0 len_bad=0 disc=0(0x00) | tot_n=7051 tot_to=0 maxever=96910 >2ms=7051 >5ms=7048 >15ms=7014 >20ms=6991 >30ms=4699 | probes=7052 wrfail=0 down=4s maxout=4s
 312.018  t=309s RTT mean=32255 min=25492 max=50773 n=29 to=0 | cancels=0(+0/s) seqbad=0 len_bad=0 disc=0(0x00) | tot_n=7080 tot_to=0 maxever=96910 >2ms=7080 >5ms=7077 >15ms=7043 >20ms=7020 >30ms=4708 | probes=7081 wrfail=0 down=4s maxout=4s
 312.018  t=310s RTT mean=33021 min=23278 max=50500 n=27 to=0 | cancels=0(+0/s) seqbad=0 len_bad=0 disc=0(0x00) | tot_n=7107 tot_to=0 maxever=96910 >2ms=7107 >5ms=7104 >15ms=7070 >20ms=7047 >30ms=4717 | probes=7108 wrfail=0 down=4s maxout=4s
 314.041  t=311s RTT mean=32626 min=25498 max=50500 n=28 to=0 | cancels=0(+0/s) seqbad=0 len_bad=0 disc=0(0x00) | tot_n=7135 tot_to=0 maxever=96910 >2ms=7135 >5ms=7132 >15ms=7098 >20ms=7075 >30ms=4727 | probes=7136 wrfail=0 down=4s maxout=4s
 314.041  t=312s RTT mean=33948 min=25490 max=63530 n=27 to=0 | cancels=0(+0/s) seqbad=0 len_bad=0 disc=0(0x00) | tot_n=7162 tot_to=0 maxever=96910 >2ms=7162 >5ms=7159 >15ms=7125 >20ms=7102 >30ms=4737 | probes=7163 wrfail=0 down=4s maxout=4s
 316.047  t=313s RTT mean=33517 min=25493 max=50500 n=28 to=0 | cancels=0(+0/s) seqbad=0 len_bad=0 disc=0(0x00) | tot_n=7190 tot_to=0 maxever=96910 >2ms=7190 >5ms=7187 >15ms=7153 >20ms=7130 >30ms=4748 | probes=7191 wrfail=0 down=4s maxout=4s
 316.048  t=314s RTT mean=31393 min=23278 max=50501 n=29 to=0 | cancels=0(+0/s) seqbad=0 len_bad=0 disc=0(0x00) | tot_n=7219 tot_to=0 maxever=96910 >2ms=7219 >5ms=7216 >15ms=7182 >20ms=7159 >30ms=4756 | probes=7220 wrfail=0 down=4s maxout=4s
 318.004  t=315s RTT mean=34410 min=23270 max=70706 n=26 to=0 | cancels=0(+0/s) seqbad=0 len_bad=0 disc=0(0x00) | tot_n=7245 tot_to=0 maxever=96910 >2ms=7245 >5ms=7242 >15ms=7208 >20ms=7185 >30ms=4766 | probes=7246 wrfail=0 down=4s maxout=4s
 318.064  t=316s RTT mean=36332 min=25500 max=75501 n=26 to=0 | cancels=0(+0/s) seqbad=0 len_bad=0 disc=0(0x00) | tot_n=7271 tot_to=0 maxever=96910 >2ms=7271 >5ms=7268 >15ms=7234 >20ms=7211 >30ms=4776 | probes=7272 wrfail=0 down=4s maxout=4s
 320.048  t=317s RTT mean=33947 min=23270 max=84691 n=27 to=0 | cancels=0(+0/s) seqbad=0 len_bad=0 disc=0(0x00) | tot_n=7298 tot_to=0 maxever=96910 >2ms=7298 >5ms=7295 >15ms=7261 >20ms=7238 >30ms=4785 | probes=7299 wrfail=0 down=4s maxout=4s
 320.049  t=318s RTT mean=30532 min=23278 max=50501 n=29 to=0 | cancels=0(+0/s) seqbad=0 len_bad=0 disc=0(0x00) | tot_n=7327 tot_to=0 maxever=96910 >2ms=7327 >5ms=7324 >15ms=7290 >20ms=7267 >30ms=4792 | probes=7328 wrfail=0 down=4s maxout=4s
 322.042  t=319s RTT mean=34874 min=25500 max=71910 n=27 to=0 | cancels=0(+0/s) seqbad=0 len_bad=0 disc=0(0x00) | tot_n=7354 tot_to=0 maxever=96910 >2ms=7354 >5ms=7351 >15ms=7317 >20ms=7294 >30ms=4803 | probes=7355 wrfail=0 down=4s maxout=4s
 322.042  t=320s RTT mean=30531 min=23278 max=46914 n=29 to=0 | cancels=0(+0/s) seqbad=0 len_bad=0 disc=0(0x00) | tot_n=7383 tot_to=0 maxever=96910 >2ms=7383 >5ms=7380 >15ms=7346 >20ms=7323 >30ms=4811 | probes=7384 wrfail=0 down=4s maxout=4s
 324.015  t=321s RTT mean=31395 min=25493 max=49304 n=29 to=0 | cancels=0(+0/s) seqbad=0 len_bad=0 disc=0(0x00) | tot_n=7412 tot_to=0 maxever=96910 >2ms=7412 >5ms=7409 >15ms=7375 >20ms=7352 >30ms=4819 | probes=7413 wrfail=0 down=4s maxout=4s
 324.075  t=322s RTT mean=32256 min=25497 max=48023 n=29 to=0 | cancels=0(+0/s) seqbad=0 len_bad=0 disc=0(0x00) | tot_n=7441 tot_to=0 maxever=96910 >2ms=7441 >5ms=7438 >15ms=7404 >20ms=7381 >30ms=4829 | probes=7442 wrfail=0 down=4s maxout=4s
 326.029  t=323s RTT mean=31732 min=23269 max=63531 n=28 to=0 | cancels=0(+0/s) seqbad=0 len_bad=0 disc=0(0x00) | tot_n=7469 tot_to=0 maxever=96910 >2ms=7469 >5ms=7466 >15ms=7432 >20ms=7409 >30ms=4837 | probes=7470 wrfail=0 down=4s maxout=4s
 326.029  t=324s RTT mean=32255 min=20810 max=51948 n=29 to=0 | cancels=0(+0/s) seqbad=0 len_bad=0 disc=0(0x00) | tot_n=7498 tot_to=0 maxever=96910 >2ms=7498 >5ms=7495 >15ms=7461 >20ms=7438 >30ms=4846 | probes=7499 wrfail=0 down=4s maxout=4s
 328.018  t=325s RTT mean=33948 min=23270 max=59939 n=27 to=0 | cancels=0(+0/s) seqbad=0 len_bad=0 disc=0(0x00) | tot_n=7525 tot_to=0 maxever=96910 >2ms=7525 >5ms=7522 >15ms=7488 >20ms=7465 >30ms=4857 | probes=7526 wrfail=0 down=4s maxout=4s
 328.076  t=326s RTT mean=32625 min=23281 max=49302 n=28 to=0 | cancels=0(+0/s) seqbad=0 len_bad=0 disc=0(0x00) | tot_n=7553 tot_to=0 maxever=96910 >2ms=7553 >5ms=7550 >15ms=7516 >20ms=7493 >30ms=4867 | probes=7554 wrfail=0 down=4s maxout=4s
 330.021  t=327s RTT mean=33947 min=23272 max=60883 n=27 to=0 | cancels=0(+0/s) seqbad=0 len_bad=0 disc=0(0x00) | tot_n=7580 tot_to=0 maxever=96910 >2ms=7580 >5ms=7577 >15ms=7543 >20ms=7520 >30ms=4879 | probes=7581 wrfail=0 down=4s maxout=4s
 330.081  t=328s RTT mean=30530 min=23275 max=46914 n=29 to=0 | cancels=0(+0/s) seqbad=0 len_bad=0 disc=0(0x00) | tot_n=7609 tot_to=0 maxever=96910 >2ms=7609 >5ms=7606 >15ms=7572 >20ms=7549 >30ms=4887 | probes=7610 wrfail=0 down=4s maxout=4s
 332.049  t=329s RTT mean=32625 min=25488 max=48107 n=28 to=0 | cancels=0(+0/s) seqbad=0 len_bad=0 disc=0(0x00) | tot_n=7637 tot_to=0 maxever=96910 >2ms=7637 >5ms=7634 >15ms=7600 >20ms=7577 >30ms=4897 | probes=7638 wrfail=0 down=4s maxout=4s
 332.049  t=330s RTT mean=33155 min=23951 max=51311 n=29 to=0 | cancels=0(+0/s) seqbad=0 len_bad=0 disc=0(0x00) | tot_n=7666 tot_to=0 maxever=96910 >2ms=7666 >5ms=7663 >15ms=7629 >20ms=7606 >30ms=4908 | probes=7666 wrfail=0 down=4s maxout=4s
 334.048  t=331s RTT mean=33949 min=22820 max=82484 n=27 to=0 | cancels=0(+0/s) seqbad=0 len_bad=0 disc=0(0x00) | tot_n=7693 tot_to=0 maxever=96910 >2ms=7693 >5ms=7690 >15ms=7656 >20ms=7633 >30ms=4916 | probes=7693 wrfail=0 down=4s maxout=4s
 334.049  t=332s RTT mean=33957 min=23282 max=51698 n=27 to=0 | cancels=0(+0/s) seqbad=0 len_bad=0 disc=0(0x00) | tot_n=7720 tot_to=0 maxever=96910 >2ms=7720 >5ms=7717 >15ms=7683 >20ms=7660 >30ms=4929 | probes=7720 wrfail=0 down=4s maxout=4s
 336.031  t=333s RTT mean=31394 min=23267 max=65674 n=29 to=0 | cancels=0(+0/s) seqbad=0 len_bad=0 disc=0(0x00) | tot_n=7749 tot_to=0 maxever=96910 >2ms=7749 >5ms=7746 >15ms=7712 >20ms=7689 >30ms=4936 | probes=7749 wrfail=0 down=4s maxout=4s
 336.031  t=334s RTT mean=33938 min=25500 max=50051 n=27 to=0 | cancels=0(+0/s) seqbad=0 len_bad=0 disc=0(0x00) | tot_n=7776 tot_to=0 maxever=96910 >2ms=7776 >5ms=7773 >15ms=7739 >20ms=7716 >30ms=4947 | probes=7776 wrfail=0 down=4s maxout=4s
 338.009  t=335s RTT mean=33958 min=23267 max=71913 n=27 to=0 | cancels=0(+0/s) seqbad=0 len_bad=0 disc=0(0x00) | tot_n=7803 tot_to=0 maxever=96910 >2ms=7803 >5ms=7800 >15ms=7766 >20ms=7743 >30ms=4958 | probes=7803 wrfail=0 down=4s maxout=4s
 338.069  t=336s RTT mean=30245 min=23268 max=46914 n=30 to=0 | cancels=0(+0/s) seqbad=0 len_bad=0 disc=0(0x00) | tot_n=7833 tot_to=0 maxever=96910 >2ms=7833 >5ms=7830 >15ms=7796 >20ms=7773 >30ms=4965 | probes=7833 wrfail=0 down=4s maxout=4s
 340.039  t=337s RTT mean=31386 min=19359 max=48012 n=29 to=0 | cancels=0(+0/s) seqbad=0 len_bad=0 disc=0(0x00) | tot_n=7862 tot_to=0 maxever=96910 >2ms=7862 >5ms=7859 >15ms=7825 >20ms=7801 >30ms=4974 | probes=7862 wrfail=0 down=4s maxout=4s
 340.039  t=338s RTT mean=32634 min=23268 max=59781 n=28 to=0 | cancels=0(+0/s) seqbad=0 len_bad=0 disc=0(0x00) | tot_n=7890 tot_to=0 maxever=96910 >2ms=7890 >5ms=7887 >15ms=7853 >20ms=7829 >30ms=4984 | probes=7890 wrfail=0 down=4s maxout=4s
 342.044  t=339s RTT mean=32617 min=25496 max=51512 n=28 to=0 | cancels=0(+0/s) seqbad=0 len_bad=0 disc=0(0x00) | tot_n=7918 tot_to=0 maxever=96910 >2ms=7918 >5ms=7915 >15ms=7881 >20ms=7857 >30ms=4995 | probes=7918 wrfail=0 down=4s maxout=4s
 342.044  t=340s RTT mean=31403 min=23268 max=46914 n=29 to=0 | cancels=0(+0/s) seqbad=0 len_bad=0 disc=0(0x00) | tot_n=7947 tot_to=0 maxever=96910 >2ms=7947 >5ms=7944 >15ms=7910 >20ms=7886 >30ms=5004 | probes=7947 wrfail=0 down=4s maxout=4s
 344.030  t=341s RTT mean=32973 min=25500 max=57496 n=27 to=0 | cancels=0(+0/s) seqbad=0 len_bad=0 disc=0(0x00) | tot_n=7974 tot_to=0 maxever=96910 >2ms=7974 >5ms=7971 >15ms=7937 >20ms=7913 >30ms=5014 | probes=7975 wrfail=0 down=4s maxout=4s
 344.030  t=342s RTT mean=32302 min=19360 max=86136 n=29 to=0 | cancels=0(+0/s) seqbad=0 len_bad=0 disc=0(0x00) | tot_n=8003 tot_to=0 maxever=96910 >2ms=8003 >5ms=8000 >15ms=7966 >20ms=7941 >30ms=5023 | probes=8003 wrfail=0 down=4s maxout=4s
 346.019  t=343s RTT mean=32618 min=22819 max=51698 n=28 to=0 | cancels=0(+0/s) seqbad=0 len_bad=0 disc=0(0x00) | tot_n=8031 tot_to=0 maxever=96910 >2ms=8031 >5ms=8028 >15ms=7994 >20ms=7969 >30ms=5032 | probes=8031 wrfail=0 down=4s maxout=4s
 346.019  t=344s RTT mean=34368 min=25499 max=73363 n=26 to=0 | cancels=0(+0/s) seqbad=0 len_bad=0 disc=0(0x00) | tot_n=8057 tot_to=0 maxever=96910 >2ms=8057 >5ms=8054 >15ms=8020 >20ms=7995 >30ms=5042 | probes=8058 wrfail=0 down=4s maxout=4s
 348.011  t=345s RTT mean=34913 min=25500 max=55563 n=27 to=0 | cancels=0(+0/s) seqbad=0 len_bad=0 disc=0(0x00) | tot_n=8084 tot_to=0 maxever=96910 >2ms=8084 >5ms=8081 >15ms=8047 >20ms=8022 >30ms=5054 | probes=8084 wrfail=0 down=4s maxout=4s
 348.071  t=346s RTT mean=33958 min=20806 max=57292 n=27 to=0 | cancels=0(+0/s) seqbad=0 len_bad=0 disc=0(0x00) | tot_n=8111 tot_to=0 maxever=96910 >2ms=8111 >5ms=8108 >15ms=8074 >20ms=8049 >30ms=5067 | probes=8111 wrfail=0 down=4s maxout=4s
 350.059  t=347s RTT mean=31393 min=23254 max=46913 n=29 to=0 | cancels=0(+0/s) seqbad=0 len_bad=0 disc=0(0x00) | tot_n=8140 tot_to=0 maxever=96910 >2ms=8140 >5ms=8137 >15ms=8103 >20ms=8078 >30ms=5077 | probes=8140 wrfail=0 down=4s maxout=4s
 350.060  t=348s RTT mean=32625 min=23268 max=62333 n=28 to=0 | cancels=0(+0/s) seqbad=0 len_bad=0 disc=0(0x00) | tot_n=8168 tot_to=0 maxever=96910 >2ms=8168 >5ms=8165 >15ms=8131 >20ms=8106 >30ms=5087 | probes=8168 wrfail=0 down=4s maxout=4s
 352.003  t=349s RTT mean=34360 min=25500 max=71915 n=26 to=0 | cancels=0(+0/s) seqbad=0 len_bad=0 disc=0(0x00) | tot_n=8194 tot_to=0 maxever=96910 >2ms=8194 >5ms=8191 >15ms=8157 >20ms=8132 >30ms=5098 | probes=8195 wrfail=0 down=4s maxout=4s
 352.063  t=350s RTT mean=31393 min=25499 max=50500 n=29 to=0 | cancels=0(+0/s) seqbad=0 len_bad=0 disc=0(0x00) | tot_n=8223 tot_to=0 maxever=96910 >2ms=8223 >5ms=8220 >15ms=8186 >20ms=8161 >30ms=5106 | probes=8224 wrfail=0 down=4s maxout=4s
 354.034  t=351s RTT mean=32256 min=25206 max=48061 n=29 to=0 | cancels=0(+0/s) seqbad=0 len_bad=0 disc=0(0x00) | tot_n=8252 tot_to=0 maxever=96910 >2ms=8252 >5ms=8249 >15ms=8215 >20ms=8190 >30ms=5117 | probes=8253 wrfail=0 down=4s maxout=4s
 354.035  t=352s RTT mean=33021 min=25496 max=50501 n=27 to=0 | cancels=0(+0/s) seqbad=0 len_bad=0 disc=0(0x00) | tot_n=8279 tot_to=0 maxever=96910 >2ms=8279 >5ms=8276 >15ms=8242 >20ms=8217 >30ms=5127 | probes=8280 wrfail=0 down=4s maxout=4s
 356.045  t=353s RTT mean=32302 min=23267 max=48106 n=29 to=0 | cancels=0(+0/s) seqbad=0 len_bad=0 disc=0(0x00) | tot_n=8308 tot_to=0 maxever=96910 >2ms=8308 >5ms=8305 >15ms=8271 >20ms=8246 >30ms=5138 | probes=8309 wrfail=0 down=4s maxout=4s
 356.045  t=354s RTT mean=31347 min=25500 max=46922 n=29 to=0 | cancels=0(+0/s) seqbad=0 len_bad=0 disc=0(0x00) | tot_n=8337 tot_to=0 maxever=96910 >2ms=8337 >5ms=8334 >15ms=8300 >20ms=8275 >30ms=5146 | probes=8338 wrfail=0 down=4s maxout=4s
 358.039  t=355s RTT mean=31392 min=25497 max=48010 n=29 to=0 | cancels=0(+0/s) seqbad=0 len_bad=0 disc=0(0x00) | tot_n=8366 tot_to=0 maxever=96910 >2ms=8366 >5ms=8363 >15ms=8329 >20ms=8304 >30ms=5154 | probes=8367 wrfail=0 down=4s maxout=4s
 358.039  t=356s RTT mean=33947 min=25500 max=50500 n=27 to=0 | cancels=0(+0/s) seqbad=0 len_bad=0 disc=0(0x00) | tot_n=8393 tot_to=0 maxever=96910 >2ms=8393 >5ms=8390 >15ms=8356 >20ms=8331 >30ms=5166 | probes=8394 wrfail=0 down=4s maxout=4s
 360.055  t=357s RTT mean=33021 min=25498 max=54092 n=27 to=0 | cancels=0(+0/s) seqbad=0 len_bad=0 disc=0(0x00) | tot_n=8420 tot_to=0 maxever=96910 >2ms=8420 >5ms=8417 >15ms=8383 >20ms=8358 >30ms=5176 | probes=8421 wrfail=0 down=4s maxout=4s
 360.055  t=358s RTT mean=33557 min=25496 max=71911 n=28 to=0 | cancels=0(+0/s) seqbad=0 len_bad=0 disc=0(0x00) | tot_n=8448 tot_to=0 maxever=96910 >2ms=8448 >5ms=8445 >15ms=8411 >20ms=8386 >30ms=5185 | probes=8449 wrfail=0 down=4s maxout=4s
 362.052  t=359s RTT mean=31356 min=20810 max=50495 n=29 to=0 | cancels=0(+0/s) seqbad=0 len_bad=0 disc=0(0x00) | tot_n=8477 tot_to=0 maxever=96910 >2ms=8477 >5ms=8474 >15ms=8440 >20ms=8415 >30ms=5193 | probes=8478 wrfail=0 down=4s maxout=4s
 362.052  t=360s RTT mean=33947 min=25498 max=72993 n=27 to=0 | cancels=0(+0/s) seqbad=0 len_bad=0 disc=0(0x00) | tot_n=8504 tot_to=0 maxever=96910 >2ms=8504 >5ms=8501 >15ms=8467 >20ms=8442 >30ms=5203 | probes=8505 wrfail=0 down=4s maxout=4s
 364.043  t=361s RTT mean=33021 min=25495 max=51697 n=27 to=0 | cancels=0(+0/s) seqbad=0 len_bad=0 disc=0(0x00) | tot_n=8531 tot_to=0 maxever=96910 >2ms=8531 >5ms=8528 >15ms=8494 >20ms=8469 >30ms=5213 | probes=8532 wrfail=0 down=4s maxout=4s
 364.043  t=362s RTT mean=33517 min=25500 max=49304 n=28 to=0 | cancels=0(+0/s) seqbad=0 len_bad=0 disc=0(0x00) | tot_n=8559 tot_to=0 maxever=96910 >2ms=8559 >5ms=8556 >15ms=8522 >20ms=8497 >30ms=5223 | probes=8560 wrfail=0 down=4s maxout=4s
 366.047  t=363s RTT mean=34410 min=25494 max=80151 n=26 to=0 | cancels=0(+0/s) seqbad=0 len_bad=0 disc=0(0x00) | tot_n=8585 tot_to=0 maxever=96910 >2ms=8585 >5ms=8582 >15ms=8548 >20ms=8523 >30ms=5233 | probes=8586 wrfail=0 down=4s maxout=4s
 366.047  t=364s RTT mean=32255 min=25496 max=73101 n=29 to=0 | cancels=0(+0/s) seqbad=0 len_bad=0 disc=0(0x00) | tot_n=8614 tot_to=0 maxever=96910 >2ms=8614 >5ms=8611 >15ms=8577 >20ms=8552 >30ms=5240 | probes=8615 wrfail=0 down=4s maxout=4s
 368.039  PCTL target=125 tot=1672 to=0 p50=26 p90=46 p99=70 p99.9=84 max=86 g30=579 g100=0 (ms/counts)
 368.039  LOADRAMP: target=150 KBps for 60s
 368.039  t=365s RTT mean=34410 min=25492 max=85332 n=26 to=0 | cancels=0(+0/s) seqbad=0 len_bad=0 disc=0(0x00) | tot_n=8640 tot_to=0 maxever=96910 >2ms=8640 >5ms=8637 >15ms=8603 >20ms=8578 >30ms=5248 | probes=8641 wrfail=0 down=4s maxout=4s
 368.039  t=366s RTT mean=29168 min=9859 max=51616 n=31 to=0 | cancels=0(+0/s) seqbad=0 len_bad=0 disc=0(0x00) | tot_n=8671 tot_to=0 maxever=96910 >2ms=8671 >5ms=8668 >15ms=8633 >20ms=8608 >30ms=5255 | probes=8672 wrfail=0 down=4s maxout=4s
 370.017  t=367s RTT mean=29170 min=18240 max=50503 n=31 to=0 | cancels=0(+0/s) seqbad=0 len_bad=0 disc=0(0x00) | tot_n=8702 tot_to=0 maxever=96910 >2ms=8702 >5ms=8699 >15ms=8664 >20ms=8638 >30ms=5262 | probes=8703 wrfail=0 down=4s maxout=4s
 370.077  t=368s RTT mean=32254 min=24023 max=75500 n=29 to=0 | cancels=0(+0/s) seqbad=0 len_bad=0 disc=0(0x00) | tot_n=8731 tot_to=0 maxever=96910 >2ms=8731 >5ms=8728 >15ms=8693 >20ms=8667 >30ms=5270 | probes=8732 wrfail=0 down=4s maxout=4s
 372.017  t=369s RTT mean=32624 min=13378 max=72162 n=28 to=0 | cancels=0(+0/s) seqbad=0 len_bad=0 disc=0(0x00) | tot_n=8759 tot_to=0 maxever=96910 >2ms=8759 >5ms=8756 >15ms=8720 >20ms=8694 >30ms=5279 | probes=8760 wrfail=0 down=4s maxout=4s
 372.068  t=370s RTT mean=31730 min=14571 max=88825 n=28 to=0 | cancels=0(+0/s) seqbad=0 len_bad=0 disc=0(0x00) | tot_n=8787 tot_to=0 maxever=96910 >2ms=8787 >5ms=8784 >15ms=8747 >20ms=8721 >30ms=5286 | probes=8788 wrfail=0 down=4s maxout=4s
 374.049  t=371s RTT mean=31392 min=17044 max=51301 n=29 to=0 | cancels=0(+0/s) seqbad=0 len_bad=0 disc=0(0x00) | tot_n=8816 tot_to=0 maxever=96910 >2ms=8816 >5ms=8813 >15ms=8776 >20ms=8749 >30ms=5295 | probes=8817 wrfail=0 down=4s maxout=4s
 374.049  t=372s RTT mean=29974 min=8662 max=48107 n=31 to=0 | cancels=0(+0/s) seqbad=0 len_bad=0 disc=0(0x00) | tot_n=8847 tot_to=0 maxever=96910 >2ms=8847 >5ms=8844 >15ms=8806 >20ms=8779 >30ms=5302 | probes=8848 wrfail=0 down=4s maxout=4s
 376.028  t=373s RTT mean=29410 min=25248 max=48016 n=30 to=0 | cancels=0(+0/s) seqbad=0 len_bad=0 disc=0(0x00) | tot_n=8877 tot_to=0 maxever=96910 >2ms=8877 >5ms=8874 >15ms=8836 >20ms=8809 >30ms=5308 | probes=8878 wrfail=0 down=4s maxout=4s
 376.029  t=374s RTT mean=32254 min=25493 max=50045 n=29 to=0 | cancels=0(+0/s) seqbad=0 len_bad=0 disc=0(0x00) | tot_n=8906 tot_to=0 maxever=96910 >2ms=8906 >5ms=8903 >15ms=8865 >20ms=8838 >30ms=5320 | probes=8907 wrfail=0 down=4s maxout=4s
 378.003  t=375s RTT mean=30530 min=25494 max=68315 n=29 to=0 | cancels=0(+0/s) seqbad=0 len_bad=0 disc=0(0x00) | tot_n=8935 tot_to=0 maxever=96910 >2ms=8935 >5ms=8932 >15ms=8894 >20ms=8867 >30ms=5326 | probes=8936 wrfail=0 down=4s maxout=4s
 378.064  t=376s RTT mean=30242 min=25500 max=49303 n=30 to=0 | cancels=0(+0/s) seqbad=0 len_bad=0 disc=0(0x00) | tot_n=8965 tot_to=0 maxever=96910 >2ms=8965 >5ms=8962 >15ms=8924 >20ms=8897 >30ms=5333 | probes=8966 wrfail=0 down=4s maxout=4s
 380.035  t=377s RTT mean=30243 min=25209 max=57682 n=30 to=0 | cancels=0(+0/s) seqbad=0 len_bad=0 disc=0(0x00) | tot_n=8995 tot_to=0 maxever=96910 >2ms=8995 >5ms=8992 >15ms=8954 >20ms=8927 >30ms=5340 | probes=8996 wrfail=0 down=4s maxout=4s
 380.035  t=378s RTT mean=29168 min=19439 max=48020 n=31 to=0 | cancels=0(+0/s) seqbad=0 len_bad=0 disc=0(0x00) | tot_n=9026 tot_to=0 maxever=96910 >2ms=9026 >5ms=9023 >15ms=8985 >20ms=8957 >30ms=5346 | probes=9027 wrfail=0 down=4s maxout=4s
 382.027  t=379s RTT mean=29169 min=14649 max=50560 n=31 to=0 | cancels=0(+0/s) seqbad=0 len_bad=0 disc=0(0x00) | tot_n=9057 tot_to=0 maxever=96910 >2ms=9057 >5ms=9054 >15ms=9015 >20ms=8987 >30ms=5351 | probes=9058 wrfail=0 down=4s maxout=4s
 382.027  t=380s RTT mean=31076 min=10986 max=65923 n=30 to=0 | cancels=0(+0/s) seqbad=0 len_bad=0 disc=0(0x00) | tot_n=9087 tot_to=0 maxever=96910 >2ms=9087 >5ms=9084 >15ms=9044 >20ms=9016 >30ms=5358 | probes=9088 wrfail=0 down=4s maxout=4s
 384.015  t=381s RTT mean=29410 min=25498 max=48107 n=30 to=0 | cancels=0(+0/s) seqbad=0 len_bad=0 disc=0(0x00) | tot_n=9117 tot_to=0 maxever=96910 >2ms=9117 >5ms=9114 >15ms=9074 >20ms=9046 >30ms=5365 | probes=9118 wrfail=0 down=4s maxout=4s
 384.075  t=382s RTT mean=30242 min=19439 max=50508 n=30 to=0 | cancels=0(+0/s) seqbad=0 len_bad=0 disc=0(0x00) | tot_n=9147 tot_to=0 maxever=96910 >2ms=9147 >5ms=9144 >15ms=9104 >20ms=9075 >30ms=5372 | probes=9148 wrfail=0 down=4s maxout=4s
 386.050  t=383s RTT mean=30244 min=25431 max=57682 n=30 to=0 | cancels=0(+0/s) seqbad=0 len_bad=0 disc=0(0x00) | tot_n=9177 tot_to=0 maxever=96910 >2ms=9177 >5ms=9174 >15ms=9134 >20ms=9105 >30ms=5378 | probes=9178 wrfail=0 down=4s maxout=4s
 386.050  t=384s RTT mean=30241 min=18240 max=58748 n=30 to=0 | cancels=0(+0/s) seqbad=0 len_bad=0 disc=0(0x00) | tot_n=9207 tot_to=0 maxever=96910 >2ms=9207 >5ms=9204 >15ms=9164 >20ms=9134 >30ms=5384 | probes=9208 wrfail=0 down=4s maxout=4s
 388.030  t=385s RTT mean=31393 min=25496 max=50500 n=29 to=0 | cancels=0(+0/s) seqbad=0 len_bad=0 disc=0(0x00) | tot_n=9236 tot_to=0 maxever=96910 >2ms=9236 >5ms=9233 >15ms=9193 >20ms=9163 >30ms=5393 | probes=9237 wrfail=0 down=4s maxout=4s
 388.030  t=386s RTT mean=30243 min=20876 max=56026 n=30 to=0 | cancels=0(+0/s) seqbad=0 len_bad=0 disc=0(0x00) | tot_n=9266 tot_to=0 maxever=96910 >2ms=9266 >5ms=9263 >15ms=9223 >20ms=9193 >30ms=5399 | probes=9267 wrfail=0 down=4s maxout=4s
 390.022  t=387s RTT mean=31076 min=25422 max=63531 n=30 to=0 | cancels=0(+0/s) seqbad=0 len_bad=0 disc=0(0x00) | tot_n=9296 tot_to=0 maxever=96910 >2ms=9296 >5ms=9293 >15ms=9253 >20ms=9223 >30ms=5406 | probes=9297 wrfail=0 down=4s maxout=4s
 390.074  t=388s RTT mean=28362 min=18240 max=49490 n=31 to=0 | cancels=0(+0/s) seqbad=0 len_bad=0 disc=0(0x00) | tot_n=9327 tot_to=0 maxever=96910 >2ms=9327 >5ms=9324 >15ms=9284 >20ms=9253 >30ms=5411 | probes=9328 wrfail=0 down=4s maxout=4s
 392.049  t=389s RTT mean=28941 min=17046 max=48013 n=32 to=0 | cancels=0(+0/s) seqbad=0 len_bad=0 disc=0(0x00) | tot_n=9359 tot_to=0 maxever=96910 >2ms=9359 >5ms=9356 >15ms=9316 >20ms=9284 >30ms=5416 | probes=9360 wrfail=0 down=4s maxout=4s
 392.049  t=390s RTT mean=28160 min=14648 max=46914 n=32 to=0 | cancels=0(+0/s) seqbad=0 len_bad=0 disc=0(0x00) | tot_n=9391 tot_to=0 maxever=96910 >2ms=9391 >5ms=9388 >15ms=9347 >20ms=9315 >30ms=5422 | probes=9392 wrfail=0 down=4s maxout=4s
 394.048  t=391s RTT mean=30530 min=12255 max=76557 n=29 to=0 | cancels=0(+0/s) seqbad=0 len_bad=0 disc=0(0x00) | tot_n=9420 tot_to=0 maxever=96910 >2ms=9420 >5ms=9417 >15ms=9375 >20ms=9343 >30ms=5428 | probes=9421 wrfail=0 down=4s maxout=4s
 394.049  t=392s RTT mean=31076 min=25282 max=50501 n=30 to=0 | cancels=0(+0/s) seqbad=0 len_bad=0 disc=0(0x00) | tot_n=9450 tot_to=0 maxever=96910 >2ms=9450 >5ms=9447 >15ms=9405 >20ms=9373 >30ms=5435 | probes=9451 wrfail=0 down=4s maxout=4s
 396.055  t=393s RTT mean=31905 min=23266 max=67121 n=28 to=0 | cancels=0(+0/s) seqbad=0 len_bad=0 disc=0(0x00) | tot_n=9478 tot_to=0 maxever=96910 >2ms=9478 >5ms=9475 >15ms=9433 >20ms=9401 >30ms=5442 | probes=9479 wrfail=0 down=4s maxout=4s
 396.055  t=394s RTT mean=29817 min=25420 max=50501 n=31 to=0 | cancels=0(+0/s) seqbad=0 len_bad=0 disc=0(0x00) | tot_n=9509 tot_to=0 maxever=96910 >2ms=9509 >5ms=9506 >15ms=9464 >20ms=9432 >30ms=5449 | probes=9510 wrfail=0 down=4s maxout=4s
 398.060  t=395s RTT mean=30243 min=23271 max=93066 n=30 to=0 | cancels=0(+0/s) seqbad=0 len_bad=0 disc=0(0x00) | tot_n=9539 tot_to=0 maxever=96910 >2ms=9539 >5ms=9536 >15ms=9494 >20ms=9462 >30ms=5455 | probes=9540 wrfail=0 down=4s maxout=4s
 398.060  t=396s RTT mean=31393 min=13450 max=50500 n=29 to=0 | cancels=0(+0/s) seqbad=0 len_bad=0 disc=0(0x00) | tot_n=9568 tot_to=0 maxever=96910 >2ms=9568 >5ms=9565 >15ms=9522 >20ms=9490 >30ms=5465 | probes=9569 wrfail=0 down=4s maxout=4s
 400.039  t=397s RTT mean=28161 min=8661 max=56484 n=32 to=0 | cancels=0(+0/s) seqbad=0 len_bad=0 disc=0(0x00) | tot_n=9600 tot_to=0 maxever=96910 >2ms=9600 >5ms=9597 >15ms=9553 >20ms=9521 >30ms=5469 | probes=9601 wrfail=0 down=4s maxout=4s
 400.039  t=398s RTT mean=30531 min=13444 max=51692 n=29 to=0 | cancels=0(+0/s) seqbad=0 len_bad=0 disc=0(0x00) | tot_n=9629 tot_to=0 maxever=96910 >2ms=9629 >5ms=9626 >15ms=9581 >20ms=9549 >30ms=5477 | probes=9630 wrfail=0 down=4s maxout=4s
 402.060  t=399s RTT mean=34529 min=25494 max=79151 n=27 to=0 | cancels=0(+0/s) seqbad=0 len_bad=0 disc=0(0x00) | tot_n=9656 tot_to=0 maxever=96910 >2ms=9656 >5ms=9653 >15ms=9608 >20ms=9576 >30ms=5488 | probes=9657 wrfail=0 down=4s maxout=4s
 402.060  t=400s RTT mean=32666 min=25498 max=52753 n=28 to=0 | cancels=0(+0/s) seqbad=0 len_bad=0 disc=0(0x00) | tot_n=9684 tot_to=0 maxever=96910 >2ms=9684 >5ms=9681 >15ms=9636 >20ms=9604 >30ms=5498 | probes=9685 wrfail=0 down=4s maxout=4s
 404.023  t=401s RTT mean=30810 min=18323 max=75510 n=29 to=0 | cancels=0(+0/s) seqbad=0 len_bad=0 disc=0(0x00) | tot_n=9713 tot_to=0 maxever=96910 >2ms=9713 >5ms=9710 >15ms=9665 >20ms=9632 >30ms=5506 | probes=9714 wrfail=0 down=4s maxout=4s
 404.083  t=402s RTT mean=29974 min=25425 max=48021 n=31 to=0 | cancels=0(+0/s) seqbad=0 len_bad=0 disc=0(0x00) | tot_n=9744 tot_to=0 maxever=96910 >2ms=9744 >5ms=9741 >15ms=9696 >20ms=9663 >30ms=5515 | probes=9745 wrfail=0 down=4s maxout=4s
 406.016  t=403s RTT mean=29169 min=9858 max=49303 n=31 to=0 | cancels=0(+0/s) seqbad=0 len_bad=0 disc=0(0x00) | tot_n=9775 tot_to=0 maxever=96910 >2ms=9775 >5ms=9772 >15ms=9726 >20ms=9693 >30ms=5522 | probes=9776 wrfail=0 down=4s maxout=4s
 406.076  t=404s RTT mean=31392 min=12185 max=77895 n=29 to=0 | cancels=0(+0/s) seqbad=0 len_bad=0 disc=0(0x00) | tot_n=9804 tot_to=0 maxever=96910 >2ms=9804 >5ms=9801 >15ms=9754 >20ms=9721 >30ms=5528 | probes=9805 wrfail=0 down=4s maxout=4s
 408.054  t=405s RTT mean=31393 min=23270 max=58880 n=29 to=0 | cancels=0(+0/s) seqbad=0 len_bad=0 disc=0(0x00) | tot_n=9833 tot_to=0 maxever=96910 >2ms=9833 >5ms=9830 >15ms=9783 >20ms=9750 >30ms=5536 | probes=9834 wrfail=0 down=4s maxout=4s
 408.055  t=406s RTT mean=29410 min=23277 max=50560 n=30 to=0 | cancels=0(+0/s) seqbad=0 len_bad=0 disc=0(0x00) | tot_n=9863 tot_to=0 maxever=96910 >2ms=9863 >5ms=9860 >15ms=9813 >20ms=9780 >30ms=5543 | probes=9864 wrfail=0 down=4s maxout=4s
 410.020  t=407s RTT mean=31077 min=22877 max=66121 n=30 to=0 | cancels=0(+0/s) seqbad=0 len_bad=0 disc=0(0x00) | tot_n=9893 tot_to=0 maxever=96910 >2ms=9893 >5ms=9890 >15ms=9843 >20ms=9810 >30ms=5551 | probes=9894 wrfail=0 down=4s maxout=4s
 410.080  t=408s RTT mean=27380 min=9866 max=46916 n=32 to=0 | cancels=0(+0/s) seqbad=0 len_bad=0 disc=0(0x00) | tot_n=9925 tot_to=0 maxever=96910 >2ms=9925 >5ms=9922 >15ms=9874 >20ms=9841 >30ms=5554 | probes=9926 wrfail=0 down=4s maxout=4s
 412.064  t=409s RTT mean=30244 min=25497 max=48918 n=30 to=0 | cancels=0(+0/s) seqbad=0 len_bad=0 disc=0(0x00) | tot_n=9955 tot_to=0 maxever=96910 >2ms=9955 >5ms=9952 >15ms=9904 >20ms=9871 >30ms=5563 | probes=9956 wrfail=0 down=4s maxout=4s
 412.064  t=410s RTT mean=29168 min=6272 max=48020 n=31 to=0 | cancels=0(+0/s) seqbad=0 len_bad=0 disc=0(0x00) | tot_n=9986 tot_to=0 maxever=96910 >2ms=9986 >5ms=9983 >15ms=9934 >20ms=9901 >30ms=5570 | probes=9987 wrfail=0 down=4s maxout=4s
 414.050  t=411s RTT mean=30244 min=6269 max=75501 n=30 to=0 | cancels=0(+0/s) seqbad=0 len_bad=0 disc=0(0x00) | tot_n=10016 tot_to=0 maxever=96910 >2ms=10016 >5ms=10013 >15ms=9963 >20ms=9930 >30ms=5575 | probes=10017 wrfail=0 down=4s maxout=4s
 414.050  t=412s RTT mean=31076 min=17043 max=60067 n=30 to=0 | cancels=0(+0/s) seqbad=0 len_bad=0 disc=0(0x00) | tot_n=10046 tot_to=0 maxever=96910 >2ms=10046 >5ms=10043 >15ms=9993 >20ms=9959 >30ms=5584 | probes=10047 wrfail=0 down=4s maxout=4s
 416.040  t=413s RTT mean=30531 min=22815 max=65925 n=29 to=0 | cancels=0(+0/s) seqbad=0 len_bad=0 disc=0(0x00) | tot_n=10075 tot_to=0 maxever=96910 >2ms=10075 >5ms=10072 >15ms=10022 >20ms=9988 >30ms=5591 | probes=10076 wrfail=0 down=4s maxout=4s
 416.040  t=414s RTT mean=31392 min=13452 max=75368 n=29 to=0 | cancels=0(+0/s) seqbad=0 len_bad=0 disc=0(0x00) | tot_n=10104 tot_to=0 maxever=96910 >2ms=10104 >5ms=10101 >15ms=10050 >20ms=10016 >30ms=5597 | probes=10105 wrfail=0 down=4s maxout=4s
 418.018  t=415s RTT mean=29169 min=25420 max=50500 n=31 to=0 | cancels=0(+0/s) seqbad=0 len_bad=0 disc=0(0x00) | tot_n=10135 tot_to=0 maxever=96910 >2ms=10135 >5ms=10132 >15ms=10081 >20ms=10047 >30ms=5603 | probes=10136 wrfail=0 down=4s maxout=4s
 418.075  t=416s RTT mean=29974 min=25409 max=52895 n=31 to=0 | cancels=0(+0/s) seqbad=0 len_bad=0 disc=0(0x00) | tot_n=10166 tot_to=0 maxever=96910 >2ms=10166 >5ms=10163 >15ms=10112 >20ms=10078 >30ms=5609 | probes=10167 wrfail=0 down=4s maxout=4s
 420.034  t=417s RTT mean=29169 min=6269 max=50501 n=31 to=0 | cancels=0(+0/s) seqbad=0 len_bad=0 disc=0(0x00) | tot_n=10197 tot_to=0 maxever=96910 >2ms=10197 >5ms=10194 >15ms=10142 >20ms=10108 >30ms=5616 | probes=10198 wrfail=0 down=4s maxout=4s
 420.094  t=418s RTT mean=31393 min=23278 max=50755 n=29 to=0 | cancels=0(+0/s) seqbad=0 len_bad=0 disc=0(0x00) | tot_n=10226 tot_to=0 maxever=96910 >2ms=10226 >5ms=10223 >15ms=10171 >20ms=10137 >30ms=5627 | probes=10227 wrfail=0 down=4s maxout=4s
 422.015  t=419s RTT mean=29410 min=19436 max=62080 n=30 to=0 | cancels=0(+0/s) seqbad=0 len_bad=0 disc=0(0x00) | tot_n=10256 tot_to=0 maxever=96910 >2ms=10256 >5ms=10253 >15ms=10201 >20ms=10166 >30ms=5634 | probes=10257 wrfail=0 down=4s maxout=4s
 422.067  t=420s RTT mean=30243 min=13452 max=62471 n=30 to=0 | cancels=0(+0/s) seqbad=0 len_bad=0 disc=0(0x00) | tot_n=10286 tot_to=0 maxever=96910 >2ms=10286 >5ms=10283 >15ms=10230 >20ms=10195 >30ms=5640 | probes=10287 wrfail=0 down=4s maxout=4s
 424.055  t=421s RTT mean=31393 min=6268 max=57683 n=29 to=0 | cancels=0(+0/s) seqbad=0 len_bad=0 disc=0(0x00) | tot_n=10315 tot_to=0 maxever=96910 >2ms=10315 >5ms=10312 >15ms=10258 >20ms=10223 >30ms=5650 | probes=10316 wrfail=0 down=4s maxout=4s
 424.055  t=422s RTT mean=31076 min=25493 max=58879 n=30 to=0 | cancels=0(+0/s) seqbad=0 len_bad=0 disc=0(0x00) | tot_n=10345 tot_to=0 maxever=96910 >2ms=10345 >5ms=10342 >15ms=10288 >20ms=10253 >30ms=5660 | probes=10346 wrfail=0 down=4s maxout=4s
 426.059  t=423s RTT mean=29410 min=23269 max=50500 n=30 to=0 | cancels=0(+0/s) seqbad=0 len_bad=0 disc=0(0x00) | tot_n=10375 tot_to=0 maxever=96910 >2ms=10375 >5ms=10372 >15ms=10318 >20ms=10283 >30ms=5666 | probes=10376 wrfail=0 down=4s maxout=4s
 426.059  t=424s RTT mean=31077 min=18166 max=55148 n=30 to=0 | cancels=0(+0/s) seqbad=0 len_bad=0 disc=0(0x00) | tot_n=10405 tot_to=0 maxever=96910 >2ms=10405 >5ms=10402 >15ms=10348 >20ms=10312 >30ms=5674 | probes=10406 wrfail=0 down=4s maxout=4s
 428.003  PCTL target=150 tot=1794 to=0 p50=25 p90=46 p99=63 p99.9=79 max=93 g30=433 g100=0 (ms/counts)
 428.004  LOADRAMP: cycle complete
 428.004  LOADRAMP: target=0 KBps for 60s
 428.056  t=425s RTT mean=31394 min=23270 max=62333 n=29 to=0 | cancels=0(+0/s) seqbad=0 len_bad=0 disc=0(0x00) | tot_n=10434 tot_to=0 maxever=96910 >2ms=10434 >5ms=10431 >15ms=10377 >20ms=10341 >30ms=5681 | probes=10435 wrfail=0 down=4s maxout=4s
 428.056  t=426s RTT mean=48229 min=46911 max=71915 n=19 to=0 | cancels=0(+0/s) seqbad=0 len_bad=0 disc=0(0x00) | tot_n=10453 tot_to=0 maxever=96910 >2ms=10453 >5ms=10450 >15ms=10396 >20ms=10360 >30ms=5700 | probes=10454 wrfail=0 down=4s maxout=4s
 430.026  t=427s RTT mean=48164 min=46908 max=71911 n=20 to=0 | cancels=0(+0/s) seqbad=0 len_bad=0 disc=0(0x00) | tot_n=10473 tot_to=0 maxever=96910 >2ms=10473 >5ms=10470 >15ms=10416 >20ms=10380 >30ms=5720 | probes=10474 wrfail=0 down=4s maxout=4s
 430.080  t=428s RTT mean=48229 min=46911 max=71913 n=19 to=0 | cancels=0(+0/s) seqbad=0 len_bad=0 disc=0(0x00) | tot_n=10492 tot_to=0 maxever=96910 >2ms=10492 >5ms=10489 >15ms=10435 >20ms=10399 >30ms=5739 | probes=10493 wrfail=0 down=4s maxout=4s
 432.010  t=429s RTT mean=49545 min=46908 max=71922 n=19 to=0 | cancels=0(+0/s) seqbad=0 len_bad=0 disc=0(0x00) | tot_n=10511 tot_to=0 maxever=96910 >2ms=10511 >5ms=10508 >15ms=10454 >20ms=10418 >30ms=5758 | probes=10512 wrfail=0 down=4s maxout=4s
 432.070  t=430s RTT mean=50861 min=46910 max=71916 n=19 to=0 | cancels=0(+0/s) seqbad=0 len_bad=0 disc=0(0x00) | tot_n=10530 tot_to=0 maxever=96910 >2ms=10530 >5ms=10527 >15ms=10473 >20ms=10437 >30ms=5777 | probes=10531 wrfail=0 down=4s maxout=4s
 434.066  t=431s RTT mean=48230 min=46911 max=71912 n=19 to=0 | cancels=0(+0/s) seqbad=0 len_bad=0 disc=0(0x00) | tot_n=10549 tot_to=0 maxever=96910 >2ms=10549 >5ms=10546 >15ms=10492 >20ms=10456 >30ms=5796 | probes=10550 wrfail=0 down=4s maxout=4s
 434.066  t=432s RTT mean=46913 min=46665 max=47165 n=20 to=0 | cancels=0(+0/s) seqbad=0 len_bad=0 disc=0(0x00) | tot_n=10569 tot_to=0 maxever=96910 >2ms=10569 >5ms=10566 >15ms=10512 >20ms=10476 >30ms=5816 | probes=10570 wrfail=0 down=4s maxout=4s
 436.056  t=433s RTT mean=46914 min=46909 max=46929 n=20 to=0 | cancels=0(+0/s) seqbad=0 len_bad=0 disc=0(0x00) | tot_n=10589 tot_to=0 maxever=96910 >2ms=10589 >5ms=10586 >15ms=10532 >20ms=10496 >30ms=5836 | probes=10590 wrfail=0 down=4s maxout=4s
 436.056  t=434s RTT mean=48163 min=46910 max=71912 n=20 to=0 | cancels=0(+0/s) seqbad=0 len_bad=0 disc=0(0x00) | tot_n=10609 tot_to=0 maxever=96910 >2ms=10609 >5ms=10606 >15ms=10552 >20ms=10516 >30ms=5856 | probes=10610 wrfail=0 down=4s maxout=4s
 438.020  t=435s RTT mean=48230 min=46911 max=71916 n=19 to=0 | cancels=0(+0/s) seqbad=0 len_bad=0 disc=0(0x00) | tot_n=10628 tot_to=0 maxever=96910 >2ms=10628 >5ms=10625 >15ms=10571 >20ms=10535 >30ms=5875 | probes=10629 wrfail=0 down=4s maxout=4s
 438.075  t=436s RTT mean=46913 min=46910 max=46917 n=20 to=0 | cancels=0(+0/s) seqbad=0 len_bad=0 disc=0(0x00) | tot_n=10648 tot_to=0 maxever=96910 >2ms=10648 >5ms=10645 >15ms=10591 >20ms=10555 >30ms=5895 | probes=10649 wrfail=0 down=4s maxout=4s
 440.061  t=437s RTT mean=48164 min=46908 max=71912 n=20 to=0 | cancels=0(+0/s) seqbad=0 len_bad=0 disc=0(0x00) | tot_n=10668 tot_to=0 maxever=96910 >2ms=10668 >5ms=10665 >15ms=10611 >20ms=10575 >30ms=5915 | probes=10669 wrfail=0 down=4s maxout=4s
 440.061  t=438s RTT mean=48229 min=46911 max=71917 n=19 to=0 | cancels=0(+0/s) seqbad=0 len_bad=0 disc=0(0x00) | tot_n=10687 tot_to=0 maxever=96910 >2ms=10687 >5ms=10684 >15ms=10630 >20ms=10594 >30ms=5934 | probes=10688 wrfail=0 down=4s maxout=4s
 442.016  t=439s RTT mean=46914 min=46908 max=46929 n=20 to=0 | cancels=0(+0/s) seqbad=0 len_bad=0 disc=0(0x00) | tot_n=10707 tot_to=0 maxever=96910 >2ms=10707 >5ms=10704 >15ms=10650 >20ms=10614 >30ms=5954 | probes=10708 wrfail=0 down=4s maxout=4s
 442.077  t=440s RTT mean=46913 min=46910 max=46917 n=20 to=0 | cancels=0(+0/s) seqbad=0 len_bad=0 disc=0(0x00) | tot_n=10727 tot_to=0 maxever=96910 >2ms=10727 >5ms=10724 >15ms=10670 >20ms=10634 >30ms=5974 | probes=10728 wrfail=0 down=4s maxout=4s
 444.042  t=441s RTT mean=48164 min=46910 max=71909 n=20 to=0 | cancels=0(+0/s) seqbad=0 len_bad=0 disc=0(0x00) | tot_n=10747 tot_to=0 maxever=96910 >2ms=10747 >5ms=10744 >15ms=10690 >20ms=10654 >30ms=5994 | probes=10748 wrfail=0 down=4s maxout=4s
 444.043  t=442s RTT mean=46914 min=46910 max=46922 n=20 to=0 | cancels=0(+0/s) seqbad=0 len_bad=0 disc=0(0x00) | tot_n=10767 tot_to=0 maxever=96910 >2ms=10767 >5ms=10764 >15ms=10710 >20ms=10674 >30ms=6014 | probes=10768 wrfail=0 down=4s maxout=4s
 446.016  t=443s RTT mean=46914 min=46910 max=46928 n=20 to=0 | cancels=0(+0/s) seqbad=0 len_bad=0 disc=0(0x00) | tot_n=10787 tot_to=0 maxever=96910 >2ms=10787 >5ms=10784 >15ms=10730 >20ms=10694 >30ms=6034 | probes=10788 wrfail=0 down=4s maxout=4s
 446.076  t=444s RTT mean=46914 min=46911 max=46922 n=20 to=0 | cancels=0(+0/s) seqbad=0 len_bad=0 disc=0(0x00) | tot_n=10807 tot_to=0 maxever=96910 >2ms=10807 >5ms=10804 >15ms=10750 >20ms=10714 >30ms=6054 | probes=10808 wrfail=0 down=4s maxout=4s
 448.065  t=445s RTT mean=46914 min=46910 max=46929 n=20 to=0 | cancels=0(+0/s) seqbad=0 len_bad=0 disc=0(0x00) | tot_n=10827 tot_to=0 maxever=96910 >2ms=10827 >5ms=10824 >15ms=10770 >20ms=10734 >30ms=6074 | probes=10828 wrfail=0 down=4s maxout=4s
 448.066  t=446s RTT mean=46914 min=46911 max=46922 n=20 to=0 | cancels=0(+0/s) seqbad=0 len_bad=0 disc=0(0x00) | tot_n=10847 tot_to=0 maxever=96910 >2ms=10847 >5ms=10844 >15ms=10790 >20ms=10754 >30ms=6094 | probes=10848 wrfail=0 down=4s maxout=4s
