   0.977  PHY tx=2 rx=2
   0.977  discovery start (post-PHY +500ms) interval=7500 phy2m=1
   0.977  SUBSCRIBED, vh=14
   0.977  LOADRAMP: bulk char handle=17
   0.977  LOADRAMP: target=0 KBps for 60s
   0.977  t=1s RTT mean=12031 min=11910 max=14146 n=19 to=0 | cancels=0(+0/s) seqbad=0 len_bad=0 disc=0(0x00) | tot_n=19 tot_to=0 maxever=14146 >2ms=19 >5ms=19 >15ms=0 >20ms=0 >30ms=0 | probes=20 wrfail=0 down=0s maxout=0s
   1.956  *** Booting Zephyr OS build v4.4.2-16-gfee9fbc62095 ***
   1.956  [00:38:24.574,876] [0m<inf> bt_hci_core: HW Platform: Nordic Semiconductor (0x0002)[0m
   1.956  [00:38:24.574,888] [0m<inf> bt_hci_core: HW Variant: nRF54Lx (0x0005)[0m
   1.956  [00:38:24.574,899] [0m<inf> bt_hci_core: Firmware: Standard Bluetooth controller (0x00) Version 4.4 Build 2[0m
   1.956  [00:38:24.575,243] [0m<inf> bt_hci_core: HCI transport: Controller[0m
   1.956  [00:38:24.575,291] [0m<inf> bt_hci_core: Identity: FC:BE:FF:FA:E6:8B (random)[0m
   1.956  [00:38:24.575,306] [0m<inf> bt_hci_core: HCI: version 5.4 (0x0d) revision 0x0000, manufacturer 0x05f1[0m
   2.016  [00:38:24.575,321] [0m<inf> bt_hci_core: LMP: version 5.4 (0x0d) subver 0xffff[0m
   2.016  
   2.016  === nRF54L15 RTT ping-pong CENTRAL ===
   2.016  scan rc=0
   3.008  Q2CONN AA=12fc5796 CRCINIT=6cc4c4 hop=15 chan_count=37 map=ffffffff1f
   3.008  GAP connected interval=7500
   3.008  MTU err=0 mtu=247
   3.008  PHY tx=2 rx=2
   3.008  discovery start (post-PHY +500ms) interval=7500 phy2m=1
   3.008  SUBSCRIBED, vh=14
   3.008  LOADRAMP: bulk char handle=17
   3.009  LOADRAMP: target=0 KBps for 60s
   3.069  t=1s RTT mean=12027 min=11831 max=13811 n=16 to=0 | cancels=0(+0/s) seqbad=0 len_bad=0 disc=0(0x00) | tot_n=16 tot_to=0 maxever=13811 >2ms=16 >5ms=16 >15ms=0 >20ms=0 >30ms=0 | probes=17 wrfail=0 down=0s maxout=0s
   4.952  t=2s RTT mean=12260 min=11911 max=19414 n=65 to=0 | cancels=0(+0/s) seqbad=0 len_bad=0 disc=0(0x00) | tot_n=81 tot_to=0 maxever=19414 >2ms=81 >5ms=81 >15ms=3 >20ms=0 >30ms=0 | probes=82 wrfail=0 down=0s maxout=0s
   4.952  t=3s RTT mean=11914 min=11911 max=11923 n=67 to=0 | cancels=0(+0/s) seqbad=0 len_bad=0 disc=0(0x00) | tot_n=148 tot_to=0 maxever=19414 >2ms=148 >5ms=148 >15ms=3 >20ms=0 >30ms=0 | probes=149 wrfail=0 down=0s maxout=0s
   6.649  FSU: request [150..150] us (ACL both dirs, 1M+2M) rc=0
   6.710  t=4s RTT mean=12141 min=11874 max=19417 n=66 to=0 | cancels=0(+0/s) seqbad=0 len_bad=0 disc=0(0x00) | tot_n=214 tot_to=0 maxever=19417 >2ms=214 >5ms=214 >15ms=5 >20ms=0 >30ms=0 | probes=214 wrfail=0 down=0s maxout=0s
   7.942  t=5s RTT mean=12259 min=11464 max=19414 n=65 to=0 | cancels=0(+0/s) seqbad=0 len_bad=0 disc=0(0x00) | tot_n=279 tot_to=0 maxever=19417 >2ms=279 >5ms=279 >15ms=8 >20ms=0 >30ms=0 | probes=280 wrfail=0 down=0s maxout=0s
   7.942  t=6s RTT mean=12027 min=11902 max=19414 n=66 to=0 | cancels=0(+0/s) seqbad=0 len_bad=0 disc=0(0x00) | tot_n=345 tot_to=0 maxever=19417 >2ms=345 >5ms=345 >15ms=9 >20ms=0 >30ms=0 | probes=346 wrfail=0 down=0s maxout=0s
   9.925  t=7s RTT mean=12028 min=11911 max=19414 n=66 to=0 | cancels=0(+0/s) seqbad=0 len_bad=0 disc=0(0x00) | tot_n=411 tot_to=0 maxever=19417 >2ms=411 >5ms=411 >15ms=10 >20ms=0 >30ms=0 | probes=412 wrfail=0 down=0s maxout=0s
   9.981  t=8s RTT mean=12141 min=11911 max=19414 n=66 to=0 | cancels=0(+0/s) seqbad=0 len_bad=0 disc=0(0x00) | tot_n=477 tot_to=0 maxever=19417 >2ms=477 >5ms=477 >15ms=12 >20ms=0 >30ms=0 | probes=478 wrfail=0 down=0s maxout=0s
  11.963  t=9s RTT mean=12141 min=11911 max=19412 n=66 to=0 | cancels=0(+0/s) seqbad=0 len_bad=0 disc=0(0x00) | tot_n=543 tot_to=0 maxever=19417 >2ms=543 >5ms=543 >15ms=14 >20ms=0 >30ms=0 | probes=543 wrfail=0 down=0s maxout=0s
  11.963  t=10s RTT mean=12260 min=11911 max=19414 n=65 to=0 | cancels=0(+0/s) seqbad=0 len_bad=0 disc=0(0x00) | tot_n=608 tot_to=0 maxever=19417 >2ms=608 >5ms=608 >15ms=17 >20ms=0 >30ms=0 | probes=609 wrfail=0 down=0s maxout=0s
  13.957  t=11s RTT mean=12145 min=11911 max=19414 n=65 to=0 | cancels=0(+0/s) seqbad=0 len_bad=0 disc=0(0x00) | tot_n=673 tot_to=0 maxever=19417 >2ms=673 >5ms=673 >15ms=19 >20ms=0 >30ms=0 | probes=674 wrfail=0 down=0s maxout=0s
  13.958  t=12s RTT mean=12026 min=11911 max=19414 n=67 to=0 | cancels=0(+0/s) seqbad=0 len_bad=0 disc=0(0x00) | tot_n=740 tot_to=0 maxever=19417 >2ms=740 >5ms=740 >15ms=20 >20ms=0 >30ms=0 | probes=740 wrfail=0 down=0s maxout=0s
  15.968  t=13s RTT mean=12628 min=11911 max=26910 n=63 to=0 | cancels=0(+0/s) seqbad=0 len_bad=0 disc=0(0x00) | tot_n=803 tot_to=0 maxever=26910 >2ms=803 >5ms=803 >15ms=25 >20ms=1 >30ms=0 | probes=804 wrfail=0 down=0s maxout=0s
  15.968  t=14s RTT mean=12260 min=11911 max=19414 n=65 to=0 | cancels=0(+0/s) seqbad=0 len_bad=0 disc=0(0x00) | tot_n=868 tot_to=0 maxever=26910 >2ms=868 >5ms=868 >15ms=28 >20ms=1 >30ms=0 | probes=869 wrfail=0 down=0s maxout=0s
  17.973  t=15s RTT mean=12141 min=11907 max=19413 n=66 to=0 | cancels=0(+0/s) seqbad=0 len_bad=0 disc=0(0x00) | tot_n=934 tot_to=0 maxever=26910 >2ms=934 >5ms=934 >15ms=30 >20ms=1 >30ms=0 | probes=935 wrfail=0 down=0s maxout=0s
  17.973  t=16s RTT mean=12375 min=11911 max=19415 n=65 to=0 | cancels=0(+0/s) seqbad=0 len_bad=0 disc=0(0x00) | tot_n=999 tot_to=0 maxever=26910 >2ms=999 >5ms=999 >15ms=34 >20ms=1 >30ms=0 | probes=1000 wrfail=0 down=0s maxout=0s
  19.972  t=17s RTT mean=12028 min=11469 max=19411 n=66 to=0 | cancels=0(+0/s) seqbad=0 len_bad=0 disc=0(0x00) | tot_n=1065 tot_to=0 maxever=26910 >2ms=1065 >5ms=1065 >15ms=35 >20ms=1 >30ms=0 | probes=1066 wrfail=0 down=0s maxout=0s
  19.972  t=18s RTT mean=12027 min=11467 max=19414 n=66 to=0 | cancels=0(+0/s) seqbad=0 len_bad=0 disc=0(0x00) | tot_n=1131 tot_to=0 maxever=26910 >2ms=1131 >5ms=1131 >15ms=36 >20ms=1 >30ms=0 | probes=1132 wrfail=0 down=0s maxout=0s
  21.955  t=19s RTT mean=12141 min=11911 max=19414 n=66 to=0 | cancels=0(+0/s) seqbad=0 len_bad=0 disc=0(0x00) | tot_n=1197 tot_to=0 maxever=26910 >2ms=1197 >5ms=1197 >15ms=38 >20ms=1 >30ms=0 | probes=1198 wrfail=0 down=0s maxout=0s
  21.955  t=20s RTT mean=11914 min=11899 max=11948 n=67 to=0 | cancels=0(+0/s) seqbad=0 len_bad=0 disc=0(0x00) | tot_n=1264 tot_to=0 maxever=26910 >2ms=1264 >5ms=1264 >15ms=38 >20ms=1 >30ms=0 | probes=1264 wrfail=0 down=0s maxout=0s
  23.953  t=21s RTT mean=12145 min=11911 max=19414 n=65 to=0 | cancels=0(+0/s) seqbad=0 len_bad=0 disc=0(0x00) | tot_n=1329 tot_to=0 maxever=26910 >2ms=1329 >5ms=1329 >15ms=40 >20ms=1 >30ms=0 | probes=1330 wrfail=0 down=0s maxout=0s
  23.953  t=22s RTT mean=12142 min=11466 max=19422 n=66 to=0 | cancels=0(+0/s) seqbad=0 len_bad=0 disc=0(0x00) | tot_n=1395 tot_to=0 maxever=26910 >2ms=1395 >5ms=1395 >15ms=42 >20ms=1 >30ms=0 | probes=1396 wrfail=0 down=0s maxout=0s
  25.935  t=23s RTT mean=12142 min=11911 max=19421 n=66 to=0 | cancels=0(+0/s) seqbad=0 len_bad=0 disc=0(0x00) | tot_n=1461 tot_to=0 maxever=26910 >2ms=1461 >5ms=1461 >15ms=44 >20ms=1 >30ms=0 | probes=1461 wrfail=0 down=0s maxout=0s
  25.996  t=24s RTT mean=12260 min=11911 max=19414 n=65 to=0 | cancels=0(+0/s) seqbad=0 len_bad=0 disc=0(0x00) | tot_n=1526 tot_to=0 maxever=26910 >2ms=1526 >5ms=1526 >15ms=47 >20ms=1 >30ms=0 | probes=1527 wrfail=0 down=0s maxout=0s
  27.962  t=25s RTT mean=12145 min=11911 max=19415 n=65 to=0 | cancels=0(+0/s) seqbad=0 len_bad=0 disc=0(0x00) | tot_n=1591 tot_to=0 maxever=26910 >2ms=1591 >5ms=1591 >15ms=49 >20ms=1 >30ms=0 | probes=1592 wrfail=0 down=0s maxout=0s
  27.962  t=26s RTT mean=12376 min=11911 max=19422 n=65 to=0 | cancels=0(+0/s) seqbad=0 len_bad=0 disc=0(0x00) | tot_n=1656 tot_to=0 maxever=26910 >2ms=1656 >5ms=1656 >15ms=53 >20ms=1 >30ms=0 | probes=1657 wrfail=0 down=0s maxout=0s
  29.970  t=27s RTT mean=12028 min=11467 max=19414 n=66 to=0 | cancels=0(+0/s) seqbad=0 len_bad=0 disc=0(0x00) | tot_n=1722 tot_to=0 maxever=26910 >2ms=1722 >5ms=1722 >15ms=54 >20ms=1 >30ms=0 | probes=1723 wrfail=0 down=0s maxout=0s
  29.970  t=28s RTT mean=12028 min=11910 max=19414 n=66 to=0 | cancels=0(+0/s) seqbad=0 len_bad=0 disc=0(0x00) | tot_n=1788 tot_to=0 maxever=26910 >2ms=1788 >5ms=1788 >15ms=55 >20ms=1 >30ms=0 | probes=1789 wrfail=0 down=0s maxout=0s
  31.949  t=29s RTT mean=12255 min=11905 max=19414 n=66 to=0 | cancels=0(+0/s) seqbad=0 len_bad=0 disc=0(0x00) | tot_n=1854 tot_to=0 maxever=26910 >2ms=1854 >5ms=1854 >15ms=58 >20ms=1 >30ms=0 | probes=1854 wrfail=0 down=0s maxout=0s
  31.949  t=30s RTT mean=12144 min=11475 max=19413 n=65 to=0 | cancels=0(+0/s) seqbad=0 len_bad=0 disc=0(0x00) | tot_n=1919 tot_to=0 maxever=26910 >2ms=1919 >5ms=1919 >15ms=60 >20ms=1 >30ms=0 | probes=1920 wrfail=0 down=0s maxout=0s
  33.954  t=31s RTT mean=12261 min=11527 max=19414 n=65 to=0 | cancels=0(+0/s) seqbad=0 len_bad=0 disc=0(0x00) | tot_n=1984 tot_to=0 maxever=26910 >2ms=1984 >5ms=1984 >15ms=63 >20ms=1 >30ms=0 | probes=1985 wrfail=0 down=0s maxout=0s
  33.954  t=32s RTT mean=12255 min=11911 max=19422 n=66 to=0 | cancels=0(+0/s) seqbad=0 len_bad=0 disc=0(0x00) | tot_n=2050 tot_to=0 maxever=26910 >2ms=2050 >5ms=2050 >15ms=66 >20ms=1 >30ms=0 | probes=2050 wrfail=0 down=0s maxout=0s
  35.981  t=33s RTT mean=12383 min=11899 max=19414 n=64 to=0 | cancels=0(+0/s) seqbad=0 len_bad=0 disc=0(0x00) | tot_n=2114 tot_to=0 maxever=26910 >2ms=2114 >5ms=2114 >15ms=70 >20ms=1 >30ms=0 | probes=2115 wrfail=0 down=0s maxout=0s
  35.981  t=34s RTT mean=12376 min=11911 max=19414 n=65 to=0 | cancels=0(+0/s) seqbad=0 len_bad=0 disc=0(0x00) | tot_n=2179 tot_to=0 maxever=26910 >2ms=2179 >5ms=2179 >15ms=74 >20ms=1 >30ms=0 | probes=2180 wrfail=0 down=0s maxout=0s
  37.967  t=35s RTT mean=12260 min=11467 max=19421 n=65 to=0 | cancels=0(+0/s) seqbad=0 len_bad=0 disc=0(0x00) | tot_n=2244 tot_to=0 maxever=26910 >2ms=2244 >5ms=2244 >15ms=77 >20ms=1 >30ms=0 | probes=2245 wrfail=0 down=0s maxout=0s
  37.968  t=36s RTT mean=12027 min=11911 max=19413 n=66 to=0 | cancels=0(+0/s) seqbad=0 len_bad=0 disc=0(0x00) | tot_n=2310 tot_to=0 maxever=26910 >2ms=2310 >5ms=2310 >15ms=78 >20ms=1 >30ms=0 | probes=2311 wrfail=0 down=0s maxout=0s
  39.972  t=37s RTT mean=12376 min=11906 max=19414 n=65 to=0 | cancels=0(+0/s) seqbad=0 len_bad=0 disc=0(0x00) | tot_n=2375 tot_to=0 maxever=26910 >2ms=2375 >5ms=2375 >15ms=82 >20ms=1 >30ms=0 | probes=2376 wrfail=0 down=0s maxout=0s
  39.973  t=38s RTT mean=12027 min=11467 max=19413 n=66 to=0 | cancels=0(+0/s) seqbad=0 len_bad=0 disc=0(0x00) | tot_n=2441 tot_to=0 maxever=26910 >2ms=2441 >5ms=2441 >15ms=83 >20ms=1 >30ms=0 | probes=2442 wrfail=0 down=0s maxout=0s
  41.932  t=39s RTT mean=12500 min=11904 max=19414 n=64 to=0 | cancels=0(+0/s) seqbad=0 len_bad=0 disc=0(0x00) | tot_n=2505 tot_to=0 maxever=26910 >2ms=2505 >5ms=2505 >15ms=88 >20ms=1 >30ms=0 | probes=2506 wrfail=0 down=0s maxout=0s
  41.993  t=40s RTT mean=12375 min=11467 max=19414 n=65 to=0 | cancels=0(+0/s) seqbad=0 len_bad=0 disc=0(0x00) | tot_n=2570 tot_to=0 maxever=26910 >2ms=2570 >5ms=2570 >15ms=92 >20ms=1 >30ms=0 | probes=2571 wrfail=0 down=0s maxout=0s
  43.933  t=41s RTT mean=12141 min=11905 max=19414 n=66 to=0 | cancels=0(+0/s) seqbad=0 len_bad=0 disc=0(0x00) | tot_n=2636 tot_to=0 maxever=26910 >2ms=2636 >5ms=2636 >15ms=94 >20ms=1 >30ms=0 | probes=2637 wrfail=0 down=0s maxout=0s
  43.993  t=42s RTT mean=12260 min=11911 max=19414 n=65 to=0 | cancels=0(+0/s) seqbad=0 len_bad=0 disc=0(0x00) | tot_n=2701 tot_to=0 maxever=26910 >2ms=2701 >5ms=2701 >15ms=97 >20ms=1 >30ms=0 | probes=2702 wrfail=0 down=0s maxout=0s
  45.978  t=43s RTT mean=12028 min=11903 max=19414 n=66 to=0 | cancels=0(+0/s) seqbad=0 len_bad=0 disc=0(0x00) | tot_n=2767 tot_to=0 maxever=26910 >2ms=2767 >5ms=2767 >15ms=98 >20ms=1 >30ms=0 | probes=2768 wrfail=0 down=0s maxout=0s
  45.978  t=44s RTT mean=12027 min=11911 max=19414 n=66 to=0 | cancels=0(+0/s) seqbad=0 len_bad=0 disc=0(0x00) | tot_n=2833 tot_to=0 maxever=26910 >2ms=2833 >5ms=2833 >15ms=99 >20ms=1 >30ms=0 | probes=2834 wrfail=0 down=0s maxout=0s
  47.930  t=45s RTT mean=12260 min=11470 max=19414 n=65 to=0 | cancels=0(+0/s) seqbad=0 len_bad=0 disc=0(0x00) | tot_n=2898 tot_to=0 maxever=26910 >2ms=2898 >5ms=2898 >15ms=102 >20ms=1 >30ms=0 | probes=2899 wrfail=0 down=0s maxout=0s
  47.990  t=46s RTT mean=12255 min=11911 max=19414 n=66 to=0 | cancels=0(+0/s) seqbad=0 len_bad=0 disc=0(0x00) | tot_n=2964 tot_to=0 maxever=26910 >2ms=2964 >5ms=2964 >15ms=105 >20ms=1 >30ms=0 | probes=2964 wrfail=0 down=0s maxout=0s
  49.975  t=47s RTT mean=12145 min=11467 max=19414 n=65 to=0 | cancels=0(+0/s) seqbad=0 len_bad=0 disc=0(0x00) | tot_n=3029 tot_to=0 maxever=26910 >2ms=3029 >5ms=3029 >15ms=107 >20ms=1 >30ms=0 | probes=3030 wrfail=0 down=0s maxout=0s
  49.975  t=48s RTT mean=12260 min=11911 max=19422 n=65 to=0 | cancels=0(+0/s) seqbad=0 len_bad=0 disc=0(0x00) | tot_n=3094 tot_to=0 maxever=26910 >2ms=3094 >5ms=3094 >15ms=110 >20ms=1 >30ms=0 | probes=3095 wrfail=0 down=0s maxout=0s
  51.938  t=49s RTT mean=12026 min=11906 max=19413 n=67 to=0 | cancels=0(+0/s) seqbad=0 len_bad=0 disc=0(0x00) | tot_n=3161 tot_to=0 maxever=26910 >2ms=3161 >5ms=3161 >15ms=111 >20ms=1 >30ms=0 | probes=3161 wrfail=0 down=0s maxout=0s
  51.997  t=50s RTT mean=12027 min=11911 max=19412 n=66 to=0 | cancels=0(+0/s) seqbad=0 len_bad=0 disc=0(0x00) | tot_n=3227 tot_to=0 maxever=26910 >2ms=3227 >5ms=3227 >15ms=112 >20ms=1 >30ms=0 | probes=3228 wrfail=0 down=0s maxout=0s
  53.975  t=51s RTT mean=12028 min=11467 max=19414 n=66 to=0 | cancels=0(+0/s) seqbad=0 len_bad=0 disc=0(0x00) | tot_n=3293 tot_to=0 maxever=26910 >2ms=3293 >5ms=3293 >15ms=113 >20ms=1 >30ms=0 | probes=3294 wrfail=0 down=0s maxout=0s
  53.975  t=52s RTT mean=12375 min=11911 max=19414 n=65 to=0 | cancels=0(+0/s) seqbad=0 len_bad=0 disc=0(0x00) | tot_n=3358 tot_to=0 maxever=26910 >2ms=3358 >5ms=3358 >15ms=117 >20ms=1 >30ms=0 | probes=3358 wrfail=0 down=0s maxout=0s
  55.947  t=53s RTT mean=12027 min=11910 max=19414 n=66 to=0 | cancels=0(+0/s) seqbad=0 len_bad=0 disc=0(0x00) | tot_n=3424 tot_to=0 maxever=26910 >2ms=3424 >5ms=3424 >15ms=118 >20ms=1 >30ms=0 | probes=3425 wrfail=0 down=0s maxout=0s
  55.947  t=54s RTT mean=11914 min=11467 max=12361 n=67 to=0 | cancels=0(+0/s) seqbad=0 len_bad=0 disc=0(0x00) | tot_n=3491 tot_to=0 maxever=26910 >2ms=3491 >5ms=3491 >15ms=118 >20ms=1 >30ms=0 | probes=3491 wrfail=0 down=0s maxout=0s
  57.951  t=55s RTT mean=12501 min=11464 max=19414 n=64 to=0 | cancels=0(+0/s) seqbad=0 len_bad=0 disc=0(0x00) | tot_n=3555 tot_to=0 maxever=26910 >2ms=3555 >5ms=3555 >15ms=123 >20ms=1 >30ms=0 | probes=3555 wrfail=0 down=0s maxout=0s
  57.951  t=56s RTT mean=12383 min=11467 max=19421 n=64 to=0 | cancels=0(+0/s) seqbad=0 len_bad=0 disc=0(0x00) | tot_n=3619 tot_to=0 maxever=26910 >2ms=3619 >5ms=3619 >15ms=127 >20ms=1 >30ms=0 | probes=3620 wrfail=0 down=0s maxout=0s
  59.938  t=57s RTT mean=12026 min=11905 max=19414 n=67 to=0 | cancels=0(+0/s) seqbad=0 len_bad=0 disc=0(0x00) | tot_n=3686 tot_to=0 maxever=26910 >2ms=3686 >5ms=3686 >15ms=128 >20ms=1 >30ms=0 | probes=3686 wrfail=0 down=0s maxout=0s
  59.998  t=58s RTT mean=12260 min=11466 max=19414 n=65 to=0 | cancels=0(+0/s) seqbad=0 len_bad=0 disc=0(0x00) | tot_n=3751 tot_to=0 maxever=26910 >2ms=3751 >5ms=3751 >15ms=131 >20ms=1 >30ms=0 | probes=3752 wrfail=0 down=0s maxout=0s
  61.932  t=59s RTT mean=12145 min=11904 max=19414 n=65 to=0 | cancels=0(+0/s) seqbad=0 len_bad=0 disc=0(0x00) | tot_n=3816 tot_to=0 maxever=26910 >2ms=3816 >5ms=3816 >15ms=133 >20ms=1 >30ms=0 | probes=3817 wrfail=0 down=0s maxout=0s
  61.983  t=60s RTT mean=12141 min=11910 max=19414 n=66 to=0 | cancels=0(+0/s) seqbad=0 len_bad=0 disc=0(0x00) | tot_n=3882 tot_to=0 maxever=26910 >2ms=3882 >5ms=3882 >15ms=135 >20ms=1 >30ms=0 | probes=3883 wrfail=0 down=0s maxout=0s
  63.742  PCTL target=0 tot=3933 to=0 p50=11 p90=11 p99=19 p99.9=19 max=26 g30=0 g100=0 (ms/counts)
  63.742  LOADRAMP: target=25 KBps for 60s
  63.802  t=61s RTT mean=13593 min=11905 max=40513 n=59 to=0 | cancels=0(+0/s) seqbad=0 len_bad=0 disc=0(0x00) | tot_n=3941 tot_to=0 maxever=40513 >2ms=3941 >5ms=3941 >15ms=139 >20ms=5 >30ms=4 | probes=3942 wrfail=0 down=0s maxout=0s
  64.969  t=62s RTT mean=14498 min=11911 max=41827 n=58 to=0 | cancels=0(+0/s) seqbad=0 len_bad=0 disc=0(0x00) | tot_n=3999 tot_to=0 maxever=41827 >2ms=3999 >5ms=3999 >15ms=149 >20ms=11 >30ms=8 | probes=4000 wrfail=0 down=0s maxout=0s
  64.969  t=63s RTT mean=14105 min=10446 max=55061 n=58 to=0 | cancels=0(+0/s) seqbad=0 len_bad=0 disc=0(0x00) | tot_n=4057 tot_to=0 maxever=55061 >2ms=4057 >5ms=4057 >15ms=155 >20ms=15 >30ms=12 | probes=4058 wrfail=0 down=0s maxout=0s
  66.973  t=64s RTT mean=13780 min=11911 max=40085 n=58 to=0 | cancels=0(+0/s) seqbad=0 len_bad=0 disc=0(0x00) | tot_n=4115 tot_to=0 maxever=55061 >2ms=4115 >5ms=4115 >15ms=161 >20ms=19 >30ms=16 | probes=4116 wrfail=0 down=0s maxout=0s
  66.973  t=65s RTT mean=14185 min=11467 max=40064 n=58 to=0 | cancels=0(+0/s) seqbad=0 len_bad=0 disc=0(0x00) | tot_n=4173 tot_to=0 maxever=55061 >2ms=4173 >5ms=4173 >15ms=169 >20ms=24 >30ms=21 | probes=4174 wrfail=0 down=0s maxout=0s
  68.969  t=66s RTT mean=14020 min=5972 max=38589 n=60 to=0 | cancels=0(+0/s) seqbad=0 len_bad=0 disc=0(0x00) | tot_n=4233 tot_to=0 maxever=55061 >2ms=4233 >5ms=4233 >15ms=177 >20ms=30 >30ms=25 | probes=4233 wrfail=0 down=0s maxout=0s
  68.969  t=67s RTT mean=14170 min=11911 max=44857 n=57 to=0 | cancels=0(+0/s) seqbad=0 len_bad=0 disc=0(0x00) | tot_n=4290 tot_to=0 maxever=55061 >2ms=4290 >5ms=4290 >15ms=184 >20ms=34 >30ms=29 | probes=4291 wrfail=0 down=0s maxout=0s
  70.958  t=68s RTT mean=14056 min=11912 max=37279 n=59 to=0 | cancels=0(+0/s) seqbad=0 len_bad=0 disc=0(0x00) | tot_n=4349 tot_to=0 maxever=55061 >2ms=4349 >5ms=4349 >15ms=192 >20ms=40 >30ms=33 | probes=4350 wrfail=0 down=0s maxout=0s
  70.958  t=69s RTT mean=13538 min=5972 max=34410 n=60 to=0 | cancels=0(+0/s) seqbad=0 len_bad=0 disc=0(0x00) | tot_n=4409 tot_to=0 maxever=55061 >2ms=4409 >5ms=4409 >15ms=198 >20ms=45 >30ms=37 | probes=4410 wrfail=0 down=0s maxout=0s
  72.969  t=70s RTT mean=14170 min=11911 max=41458 n=57 to=0 | cancels=0(+0/s) seqbad=0 len_bad=0 disc=0(0x00) | tot_n=4466 tot_to=0 maxever=55061 >2ms=4466 >5ms=4466 >15ms=206 >20ms=49 >30ms=41 | probes=4467 wrfail=0 down=0s maxout=0s
  72.969  t=71s RTT mean=14208 min=11466 max=42358 n=59 to=0 | cancels=0(+0/s) seqbad=0 len_bad=0 disc=0(0x00) | tot_n=4525 tot_to=0 maxever=55061 >2ms=4525 >5ms=4525 >15ms=214 >20ms=54 >30ms=45 | probes=4526 wrfail=0 down=0s maxout=0s
  74.946  t=72s RTT mean=13568 min=5973 max=41458 n=59 to=0 | cancels=0(+0/s) seqbad=0 len_bad=0 disc=0(0x00) | tot_n=4584 tot_to=0 maxever=55061 >2ms=4584 >5ms=4584 >15ms=219 >20ms=58 >30ms=49 | probes=4585 wrfail=0 down=0s maxout=0s
  74.999  t=73s RTT mean=14233 min=11911 max=43302 n=58 to=0 | cancels=0(+0/s) seqbad=0 len_bad=0 disc=0(0x00) | tot_n=4642 tot_to=0 maxever=55061 >2ms=4642 >5ms=4642 >15ms=226 >20ms=63 >30ms=53 | probes=4643 wrfail=0 down=0s maxout=0s
  76.978  t=74s RTT mean=14273 min=11474 max=48012 n=58 to=0 | cancels=0(+0/s) seqbad=0 len_bad=0 disc=0(0x00) | tot_n=4700 tot_to=0 maxever=55061 >2ms=4700 >5ms=4700 >15ms=234 >20ms=67 >30ms=57 | probes=4701 wrfail=0 down=0s maxout=0s
  76.978  t=75s RTT mean=14024 min=11911 max=40516 n=59 to=0 | cancels=0(+0/s) seqbad=0 len_bad=0 disc=0(0x00) | tot_n=4759 tot_to=0 maxever=55061 >2ms=4759 >5ms=4759 >15ms=241 >20ms=72 >30ms=61 | probes=4760 wrfail=0 down=0s maxout=0s
  78.958  t=76s RTT mean=13694 min=11911 max=43002 n=58 to=0 | cancels=0(+0/s) seqbad=0 len_bad=0 disc=0(0x00) | tot_n=4817 tot_to=0 maxever=55061 >2ms=4817 >5ms=4817 >15ms=246 >20ms=76 >30ms=65 | probes=4818 wrfail=0 down=0s maxout=0s
  78.958  t=77s RTT mean=13943 min=11912 max=34409 n=60 to=0 | cancels=0(+0/s) seqbad=0 len_bad=0 disc=0(0x00) | tot_n=4877 tot_to=0 maxever=55061 >2ms=4877 >5ms=4877 >15ms=253 >20ms=82 >30ms=69 | probes=4878 wrfail=0 down=0s maxout=0s
  80.940  t=78s RTT mean=13948 min=11911 max=41908 n=59 to=0 | cancels=0(+0/s) seqbad=0 len_bad=0 disc=0(0x00) | tot_n=4936 tot_to=0 maxever=55061 >2ms=4936 >5ms=4936 >15ms=260 >20ms=86 >30ms=73 | probes=4937 wrfail=0 down=0s maxout=0s
  81.000  t=79s RTT mean=13693 min=11467 max=33957 n=59 to=0 | cancels=0(+0/s) seqbad=0 len_bad=0 disc=0(0x00) | tot_n=4995 tot_to=0 maxever=55061 >2ms=4995 >5ms=4995 >15ms=267 >20ms=90 >30ms=77 | probes=4996 wrfail=0 down=0s maxout=0s
  82.933  t=80s RTT mean=13512 min=6697 max=34409 n=61 to=0 | cancels=0(+0/s) seqbad=0 len_bad=0 disc=0(0x00) | tot_n=5056 tot_to=0 maxever=55061 >2ms=5056 >5ms=5056 >15ms=273 >20ms=94 >30ms=81 | probes=5056 wrfail=0 down=0s maxout=0s
  82.993  t=81s RTT mean=13539 min=11464 max=34409 n=60 to=0 | cancels=0(+0/s) seqbad=0 len_bad=0 disc=0(0x00) | tot_n=5116 tot_to=0 maxever=55061 >2ms=5116 >5ms=5116 >15ms=279 >20ms=98 >30ms=85 | probes=5117 wrfail=0 down=0s maxout=0s
  84.947  t=82s RTT mean=13820 min=11911 max=35800 n=59 to=0 | cancels=0(+0/s) seqbad=0 len_bad=0 disc=0(0x00) | tot_n=5175 tot_to=0 maxever=55061 >2ms=5175 >5ms=5175 >15ms=286 >20ms=103 >30ms=89 | probes=5176 wrfail=0 down=0s maxout=0s
  85.007  t=83s RTT mean=13823 min=11912 max=39122 n=58 to=0 | cancels=0(+0/s) seqbad=0 len_bad=0 disc=0(0x00) | tot_n=5233 tot_to=0 maxever=55061 >2ms=5233 >5ms=5233 >15ms=292 >20ms=107 >30ms=93 | probes=5234 wrfail=0 down=0s maxout=0s
  86.989  t=84s RTT mean=13818 min=11911 max=34861 n=60 to=0 | cancels=0(+0/s) seqbad=0 len_bad=0 disc=0(0x00) | tot_n=5293 tot_to=0 maxever=55061 >2ms=5293 >5ms=5293 >15ms=298 >20ms=112 >30ms=97 | probes=5294 wrfail=0 down=0s maxout=0s
  86.990  t=85s RTT mean=14001 min=11912 max=41908 n=58 to=0 | cancels=0(+0/s) seqbad=0 len_bad=0 disc=0(0x00) | tot_n=5351 tot_to=0 maxever=55061 >2ms=5351 >5ms=5351 >15ms=305 >20ms=116 >30ms=101 | probes=5352 wrfail=0 down=0s maxout=0s
  88.973  t=86s RTT mean=14183 min=11911 max=40519 n=59 to=0 | cancels=0(+0/s) seqbad=0 len_bad=0 disc=0(0x00) | tot_n=5410 tot_to=0 maxever=55061 >2ms=5410 >5ms=5410 >15ms=313 >20ms=121 >30ms=105 | probes=5410 wrfail=0 down=0s maxout=0s
  88.973  t=87s RTT mean=13821 min=5972 max=33959 n=59 to=0 | cancels=0(+0/s) seqbad=0 len_bad=0 disc=0(0x00) | tot_n=5469 tot_to=0 maxever=55061 >2ms=5469 >5ms=5469 >15ms=322 >20ms=125 >30ms=109 | probes=5470 wrfail=0 down=0s maxout=0s
  90.988  t=88s RTT mean=13664 min=11911 max=33956 n=60 to=0 | cancels=0(+0/s) seqbad=0 len_bad=0 disc=0(0x00) | tot_n=5529 tot_to=0 maxever=55061 >2ms=5529 >5ms=5529 >15ms=329 >20ms=129 >30ms=113 | probes=5529 wrfail=0 down=0s maxout=0s
  90.988  t=89s RTT mean=13538 min=8725 max=40066 n=60 to=0 | cancels=0(+0/s) seqbad=0 len_bad=0 disc=0(0x00) | tot_n=5589 tot_to=0 maxever=55061 >2ms=5589 >5ms=5589 >15ms=334 >20ms=133 >30ms=117 | probes=5589 wrfail=0 down=0s maxout=0s
  92.956  t=90s RTT mean=13982 min=11871 max=34410 n=58 to=0 | cancels=0(+0/s) seqbad=0 len_bad=0 disc=0(0x00) | tot_n=5647 tot_to=0 maxever=55061 >2ms=5647 >5ms=5647 >15ms=341 >20ms=139 >30ms=121 | probes=5648 wrfail=0 down=0s maxout=0s
  92.956  t=91s RTT mean=13712 min=11912 max=43468 n=59 to=0 | cancels=0(+0/s) seqbad=0 len_bad=0 disc=0(0x00) | tot_n=5706 tot_to=0 maxever=55061 >2ms=5706 >5ms=5706 >15ms=345 >20ms=143 >30ms=125 | probes=5707 wrfail=0 down=0s maxout=0s
  94.947  t=92s RTT mean=14290 min=11911 max=55516 n=57 to=0 | cancels=0(+0/s) seqbad=0 len_bad=0 disc=0(0x00) | tot_n=5763 tot_to=0 maxever=55516 >2ms=5763 >5ms=5763 >15ms=353 >20ms=148 >30ms=128 | probes=5764 wrfail=0 down=0s maxout=0s
  95.006  t=93s RTT mean=14012 min=10886 max=33958 n=60 to=0 | cancels=0(+0/s) seqbad=0 len_bad=0 disc=0(0x00) | tot_n=5823 tot_to=0 maxever=55516 >2ms=5823 >5ms=5823 >15ms=361 >20ms=153 >30ms=133 | probes=5824 wrfail=0 down=0s maxout=0s
  96.946  t=94s RTT mean=13820 min=11911 max=34411 n=59 to=0 | cancels=0(+0/s) seqbad=0 len_bad=0 disc=0(0x00) | tot_n=5882 tot_to=0 maxever=55516 >2ms=5882 >5ms=5882 >15ms=368 >20ms=157 >30ms=137 | probes=5883 wrfail=0 down=0s maxout=0s
  97.002  t=95s RTT mean=13538 min=11912 max=34408 n=60 to=0 | cancels=0(+0/s) seqbad=0 len_bad=0 disc=0(0x00) | tot_n=5942 tot_to=0 maxever=55516 >2ms=5942 >5ms=5942 >15ms=373 >20ms=162 >30ms=141 | probes=5943 wrfail=0 down=0s maxout=0s
  98.955  t=96s RTT mean=13664 min=5972 max=41458 n=60 to=0 | cancels=0(+0/s) seqbad=0 len_bad=0 disc=0(0x00) | tot_n=6002 tot_to=0 maxever=55516 >2ms=6002 >5ms=6002 >15ms=379 >20ms=167 >30ms=145 | probes=6003 wrfail=0 down=0s maxout=0s
  98.955  t=97s RTT mean=13947 min=11911 max=37195 n=59 to=0 | cancels=0(+0/s) seqbad=0 len_bad=0 disc=0(0x00) | tot_n=6061 tot_to=0 maxever=55516 >2ms=6061 >5ms=6061 >15ms=386 >20ms=172 >30ms=149 | probes=6061 wrfail=0 down=0s maxout=0s
 100.947  t=98s RTT mean=13538 min=11907 max=34340 n=60 to=0 | cancels=0(+0/s) seqbad=0 len_bad=0 disc=0(0x00) | tot_n=6121 tot_to=0 maxever=55516 >2ms=6121 >5ms=6121 >15ms=391 >20ms=177 >30ms=153 | probes=6122 wrfail=0 down=0s maxout=0s
 100.998  t=99s RTT mean=13820 min=5972 max=33959 n=59 to=0 | cancels=0(+0/s) seqbad=0 len_bad=0 disc=0(0x00) | tot_n=6180 tot_to=0 maxever=55516 >2ms=6180 >5ms=6180 >15ms=400 >20ms=181 >30ms=157 | probes=6181 wrfail=0 down=0s maxout=0s
 102.961  t=100s RTT mean=13663 min=11470 max=33957 n=60 to=0 | cancels=0(+0/s) seqbad=0 len_bad=0 disc=0(0x00) | tot_n=6240 tot_to=0 maxever=55516 >2ms=6240 >5ms=6240 >15ms=407 >20ms=185 >30ms=161 | probes=6240 wrfail=0 down=0s maxout=0s
 102.961  t=101s RTT mean=13693 min=11912 max=37645 n=59 to=0 | cancels=0(+0/s) seqbad=0 len_bad=0 disc=0(0x00) | tot_n=6299 tot_to=0 maxever=55516 >2ms=6299 >5ms=6299 >15ms=413 >20ms=190 >30ms=165 | probes=6300 wrfail=0 down=0s maxout=0s
 104.974  t=102s RTT mean=13389 min=5971 max=34410 n=61 to=0 | cancels=0(+0/s) seqbad=0 len_bad=0 disc=0(0x00) | tot_n=6360 tot_to=0 maxever=55516 >2ms=6360 >5ms=6360 >15ms=419 >20ms=194 >30ms=169 | probes=6361 wrfail=0 down=0s maxout=0s
 104.974  t=103s RTT mean=13820 min=11467 max=35964 n=59 to=0 | cancels=0(+0/s) seqbad=0 len_bad=0 disc=0(0x00) | tot_n=6419 tot_to=0 maxever=55516 >2ms=6419 >5ms=6419 >15ms=425 >20ms=199 >30ms=173 | probes=6420 wrfail=0 down=0s maxout=0s
 106.990  t=104s RTT mean=13593 min=5972 max=41909 n=59 to=0 | cancels=0(+0/s) seqbad=0 len_bad=0 disc=0(0x00) | tot_n=6478 tot_to=0 maxever=55516 >2ms=6478 >5ms=6478 >15ms=430 >20ms=203 >30ms=177 | probes=6479 wrfail=0 down=0s maxout=0s
 106.990  t=105s RTT mean=13609 min=5972 max=33959 n=61 to=0 | cancels=0(+0/s) seqbad=0 len_bad=0 disc=0(0x00) | tot_n=6539 tot_to=0 maxever=55516 >2ms=6539 >5ms=6539 >15ms=437 >20ms=208 >30ms=181 | probes=6540 wrfail=0 down=0s maxout=0s
 108.983  t=106s RTT mean=13664 min=11911 max=33959 n=60 to=0 | cancels=0(+0/s) seqbad=0 len_bad=0 disc=0(0x00) | tot_n=6599 tot_to=0 maxever=55516 >2ms=6599 >5ms=6599 >15ms=444 >20ms=212 >30ms=185 | probes=6600 wrfail=0 down=0s maxout=0s
 108.983  t=107s RTT mean=13693 min=5972 max=34410 n=59 to=0 | cancels=0(+0/s) seqbad=0 len_bad=0 disc=0(0x00) | tot_n=6658 tot_to=0 maxever=55516 >2ms=6658 >5ms=6658 >15ms=451 >20ms=217 >30ms=189 | probes=6659 wrfail=0 down=0s maxout=0s
 110.989  t=108s RTT mean=13389 min=11467 max=34410 n=61 to=0 | cancels=0(+0/s) seqbad=0 len_bad=0 disc=0(0x00) | tot_n=6719 tot_to=0 maxever=55516 >2ms=6719 >5ms=6719 >15ms=456 >20ms=221 >30ms=193 | probes=6720 wrfail=0 down=0s maxout=0s
 110.989  t=109s RTT mean=13947 min=11467 max=45147 n=59 to=0 | cancels=0(+0/s) seqbad=0 len_bad=0 disc=0(0x00) | tot_n=6778 tot_to=0 maxever=55516 >2ms=6778 >5ms=6778 >15ms=462 >20ms=226 >30ms=197 | probes=6779 wrfail=0 down=0s maxout=0s
 112.979  t=110s RTT mean=14112 min=5973 max=38589 n=58 to=0 | cancels=0(+0/s) seqbad=0 len_bad=0 disc=0(0x00) | tot_n=6836 tot_to=0 maxever=55516 >2ms=6836 >5ms=6836 >15ms=471 >20ms=231 >30ms=201 | probes=6837 wrfail=0 down=0s maxout=0s
 112.979  t=111s RTT mean=13639 min=5972 max=43296 n=59 to=0 | cancels=0(+0/s) seqbad=0 len_bad=0 disc=0(0x00) | tot_n=6895 tot_to=0 maxever=55516 >2ms=6895 >5ms=6895 >15ms=475 >20ms=235 >30ms=205 | probes=6896 wrfail=0 down=0s maxout=0s
 114.965  t=112s RTT mean=13841 min=11911 max=33957 n=60 to=0 | cancels=0(+0/s) seqbad=0 len_bad=0 disc=0(0x00) | tot_n=6955 tot_to=0 maxever=55516 >2ms=6955 >5ms=6955 >15ms=483 >20ms=240 >30ms=209 | probes=6956 wrfail=0 down=0s maxout=0s
 114.965  t=113s RTT mean=14046 min=5972 max=41905 n=57 to=0 | cancels=0(+0/s) seqbad=0 len_bad=0 disc=0(0x00) | tot_n=7012 tot_to=0 maxever=55516 >2ms=7012 >5ms=7012 >15ms=491 >20ms=244 >30ms=213 | probes=7013 wrfail=0 down=0s maxout=0s
 116.993  t=114s RTT mean=14480 min=11911 max=49409 n=58 to=0 | cancels=0(+0/s) seqbad=0 len_bad=0 disc=0(0x00) | tot_n=7070 tot_to=0 maxever=55516 >2ms=7070 >5ms=7070 >15ms=500 >20ms=249 >30ms=218 | probes=7071 wrfail=0 down=0s maxout=0s
 116.993  t=115s RTT mean=13656 min=11469 max=34408 n=60 to=0 | cancels=0(+0/s) seqbad=0 len_bad=0 disc=0(0x00) | tot_n=7130 tot_to=0 maxever=55516 >2ms=7130 >5ms=7130 >15ms=507 >20ms=253 >30ms=222 | probes=7131 wrfail=0 down=0s maxout=0s
 118.978  t=116s RTT mean=13538 min=5972 max=33958 n=60 to=0 | cancels=0(+0/s) seqbad=0 len_bad=0 disc=0(0x00) | tot_n=7190 tot_to=0 maxever=55516 >2ms=7190 >5ms=7190 >15ms=514 >20ms=257 >30ms=226 | probes=7191 wrfail=0 down=0s maxout=0s
 118.978  t=117s RTT mean=13663 min=11912 max=35802 n=60 to=0 | cancels=0(+0/s) seqbad=0 len_bad=0 disc=0(0x00) | tot_n=7250 tot_to=0 maxever=55516 >2ms=7250 >5ms=7250 >15ms=520 >20ms=261 >30ms=230 | probes=7250 wrfail=0 down=0s maxout=0s
 120.997  t=118s RTT mean=13820 min=11466 max=39122 n=59 to=0 | cancels=0(+0/s) seqbad=0 len_bad=0 disc=0(0x00) | tot_n=7309 tot_to=0 maxever=55516 >2ms=7309 >5ms=7309 >15ms=526 >20ms=266 >30ms=234 | probes=7310 wrfail=0 down=0s maxout=0s
 120.997  t=119s RTT mean=13712 min=5972 max=48016 n=59 to=0 | cancels=0(+0/s) seqbad=0 len_bad=0 disc=0(0x00) | tot_n=7368 tot_to=0 maxever=55516 >2ms=7368 >5ms=7368 >15ms=530 >20ms=270 >30ms=238 | probes=7369 wrfail=0 down=0s maxout=0s
 122.957  t=120s RTT mean=13770 min=11911 max=41459 n=60 to=0 | cancels=0(+0/s) seqbad=0 len_bad=0 disc=0(0x00) | tot_n=7428 tot_to=0 maxever=55516 >2ms=7428 >5ms=7428 >15ms=537 >20ms=274 >30ms=242 | probes=7428 wrfail=0 down=0s maxout=0s
 122.957  PCTL target=25 tot=3545 to=0 p50=11 p90=19 p99=38 p99.9=48 max=55 g30=242 g100=0 (ms/counts)
 122.957  LOADRAMP: target=50 KBps for 60s
 123.018  t=121s RTT mean=13564 min=11466 max=37729 n=58 to=0 | cancels=0(+0/s) seqbad=0 len_bad=0 disc=0(0x00) | tot_n=7486 tot_to=0 maxever=55516 >2ms=7486 >5ms=7486 >15ms=542 >20ms=278 >30ms=246 | probes=7487 wrfail=0 down=0s maxout=0s
 124.948  t=122s RTT mean=16675 min=9046 max=41458 n=51 to=0 | cancels=0(+0/s) seqbad=0 len_bad=0 disc=0(0x00) | tot_n=7537 tot_to=0 maxever=55516 >2ms=7537 >5ms=7537 >15ms=554 >20ms=287 >30ms=255 | probes=7538 wrfail=0 down=0s maxout=0s
 125.008  t=123s RTT mean=16275 min=10887 max=41458 n=52 to=0 | cancels=0(+0/s) seqbad=0 len_bad=0 disc=0(0x00) | tot_n=7589 tot_to=0 maxever=55516 >2ms=7589 >5ms=7589 >15ms=564 >20ms=296 >30ms=264 | probes=7590 wrfail=0 down=0s maxout=0s
 126.940  t=124s RTT mean=16411 min=10886 max=42380 n=52 to=0 | cancels=0(+0/s) seqbad=0 len_bad=0 disc=0(0x00) | tot_n=7641 tot_to=0 maxever=55516 >2ms=7641 >5ms=7641 >15ms=574 >20ms=306 >30ms=274 | probes=7642 wrfail=0 down=0s maxout=0s
 127.001  t=125s RTT mean=15524 min=10439 max=40068 n=54 to=0 | cancels=0(+0/s) seqbad=0 len_bad=0 disc=0(0x00) | tot_n=7695 tot_to=0 maxever=55516 >2ms=7695 >5ms=7695 >15ms=583 >20ms=315 >30ms=283 | probes=7696 wrfail=0 down=0s maxout=0s
 128.952  t=126s RTT mean=15272 min=3831 max=34333 n=54 to=0 | cancels=0(+0/s) seqbad=0 len_bad=0 disc=0(0x00) | tot_n=7749 tot_to=0 maxever=55516 >2ms=7749 >5ms=7748 >15ms=592 >20ms=324 >30ms=292 | probes=7750 wrfail=0 down=0s maxout=0s
 129.012  t=127s RTT mean=15577 min=3832 max=34409 n=54 to=0 | cancels=0(+0/s) seqbad=0 len_bad=0 disc=0(0x00) | tot_n=7803 tot_to=0 maxever=55516 >2ms=7803 >5ms=7801 >15ms=603 >20ms=333 >30ms=301 | probes=7804 wrfail=0 down=0s maxout=0s
 130.946  t=128s RTT mean=16131 min=11911 max=41911 n=52 to=0 | cancels=0(+0/s) seqbad=0 len_bad=0 disc=0(0x00) | tot_n=7855 tot_to=0 maxever=55516 >2ms=7855 >5ms=7853 >15ms=613 >20ms=342 >30ms=310 | probes=7856 wrfail=0 down=0s maxout=0s
 131.006  t=129s RTT mean=15840 min=5973 max=40063 n=53 to=0 | cancels=0(+0/s) seqbad=0 len_bad=0 disc=0(0x00) | tot_n=7908 tot_to=0 maxever=55516 >2ms=7908 >5ms=7906 >15ms=625 >20ms=351 >30ms=319 | probes=7909 wrfail=0 down=0s maxout=0s
 132.937  t=130s RTT mean=15653 min=10437 max=37750 n=53 to=0 | cancels=0(+0/s) seqbad=0 len_bad=0 disc=0(0x00) | tot_n=7961 tot_to=0 maxever=55516 >2ms=7961 >5ms=7959 >15ms=634 >20ms=360 >30ms=328 | probes=7962 wrfail=0 down=0s maxout=0s
 132.998  t=131s RTT mean=15498 min=7361 max=34415 n=54 to=0 | cancels=0(+0/s) seqbad=0 len_bad=0 disc=0(0x00) | tot_n=8015 tot_to=0 maxever=55516 >2ms=8015 >5ms=8013 >15ms=644 >20ms=369 >30ms=337 | probes=8016 wrfail=0 down=0s maxout=0s
 134.942  t=132s RTT mean=15283 min=5972 max=48958 n=53 to=0 | cancels=0(+0/s) seqbad=0 len_bad=0 disc=0(0x00) | tot_n=8068 tot_to=0 maxever=55516 >2ms=8068 >5ms=8066 >15ms=652 >20ms=377 >30ms=345 | probes=8069 wrfail=0 down=0s maxout=0s
 134.993  t=133s RTT mean=16291 min=10436 max=38589 n=53 to=0 | cancels=0(+0/s) seqbad=0 len_bad=0 disc=0(0x00) | tot_n=8121 tot_to=0 maxever=55516 >2ms=8121 >5ms=8119 >15ms=664 >20ms=387 >30ms=355 | probes=8122 wrfail=0 down=0s maxout=0s
 136.988  t=134s RTT mean=15875 min=10438 max=37730 n=53 to=0 | cancels=0(+0/s) seqbad=0 len_bad=0 disc=0(0x00) | tot_n=8174 tot_to=0 maxever=55516 >2ms=8174 >5ms=8172 >15ms=674 >20ms=396 >30ms=364 | probes=8174 wrfail=0 down=0s maxout=0s
 136.988  t=135s RTT mean=15743 min=5973 max=41826 n=53 to=0 | cancels=0(+0/s) seqbad=0 len_bad=0 disc=0(0x00) | tot_n=8227 tot_to=0 maxever=55516 >2ms=8227 >5ms=8225 >15ms=684 >20ms=405 >30ms=373 | probes=8228 wrfail=0 down=0s maxout=0s
 138.972  t=136s RTT mean=15725 min=11911 max=37356 n=53 to=0 | cancels=0(+0/s) seqbad=0 len_bad=0 disc=0(0x00) | tot_n=8280 tot_to=0 maxever=55516 >2ms=8280 >5ms=8278 >15ms=693 >20ms=414 >30ms=382 | probes=8281 wrfail=0 down=0s maxout=0s
 138.972  t=137s RTT mean=15752 min=5973 max=41460 n=52 to=0 | cancels=0(+0/s) seqbad=0 len_bad=0 disc=0(0x00) | tot_n=8332 tot_to=0 maxever=55516 >2ms=8332 >5ms=8330 >15ms=703 >20ms=422 >30ms=390 | probes=8333 wrfail=0 down=0s maxout=0s
 140.966  t=138s RTT mean=16079 min=5973 max=34410 n=53 to=0 | cancels=0(+0/s) seqbad=0 len_bad=0 disc=0(0x00) | tot_n=8385 tot_to=0 maxever=55516 >2ms=8385 >5ms=8383 >15ms=715 >20ms=432 >30ms=400 | probes=8386 wrfail=0 down=0s maxout=0s
 140.966  t=139s RTT mean=16008 min=7649 max=47570 n=53 to=0 | cancels=0(+0/s) seqbad=0 len_bad=0 disc=0(0x00) | tot_n=8438 tot_to=0 maxever=55516 >2ms=8438 >5ms=8436 >15ms=724 >20ms=441 >30ms=409 | probes=8438 wrfail=0 down=0s maxout=0s
 142.957  t=140s RTT mean=15240 min=6700 max=34436 n=52 to=0 | cancels=0(+0/s) seqbad=0 len_bad=0 disc=0(0x00) | tot_n=8490 tot_to=0 maxever=55516 >2ms=8490 >5ms=8488 >15ms=733 >20ms=449 >30ms=417 | probes=8491 wrfail=0 down=0s maxout=0s
 143.017  t=141s RTT mean=16079 min=5972 max=46092 n=54 to=0 | cancels=0(+0/s) seqbad=0 len_bad=0 disc=0(0x00) | tot_n=8544 tot_to=0 maxever=55516 >2ms=8544 >5ms=8542 >15ms=743 >20ms=459 >30ms=427 | probes=8545 wrfail=0 down=0s maxout=0s
 144.960  t=142s RTT mean=15875 min=6254 max=39054 n=53 to=0 | cancels=0(+0/s) seqbad=0 len_bad=0 disc=0(0x00) | tot_n=8597 tot_to=0 maxever=55516 >2ms=8597 >5ms=8595 >15ms=753 >20ms=468 >30ms=436 | probes=8598 wrfail=0 down=0s maxout=0s
 144.960  t=143s RTT mean=15654 min=7361 max=40066 n=52 to=0 | cancels=0(+0/s) seqbad=0 len_bad=0 disc=0(0x00) | tot_n=8649 tot_to=0 maxever=55516 >2ms=8649 >5ms=8647 >15ms=764 >20ms=476 >30ms=444 | probes=8650 wrfail=0 down=0s maxout=0s
 146.987  t=144s RTT mean=16361 min=5972 max=41931 n=53 to=0 | cancels=0(+0/s) seqbad=0 len_bad=0 disc=0(0x00) | tot_n=8702 tot_to=0 maxever=55516 >2ms=8702 >5ms=8700 >15ms=775 >20ms=486 >30ms=454 | probes=8703 wrfail=0 down=0s maxout=0s
 146.987  t=145s RTT mean=15823 min=10886 max=35803 n=53 to=0 | cancels=0(+0/s) seqbad=0 len_bad=0 disc=0(0x00) | tot_n=8755 tot_to=0 maxever=55516 >2ms=8755 >5ms=8753 >15ms=785 >20ms=495 >30ms=463 | probes=8755 wrfail=0 down=0s maxout=0s
 148.980  t=146s RTT mean=15725 min=11911 max=40437 n=53 to=0 | cancels=0(+0/s) seqbad=0 len_bad=0 disc=0(0x00) | tot_n=8808 tot_to=0 maxever=55516 >2ms=8808 >5ms=8806 >15ms=795 >20ms=504 >30ms=472 | probes=8809 wrfail=0 down=0s maxout=0s
 148.981  t=147s RTT mean=16131 min=6252 max=38589 n=52 to=0 | cancels=0(+0/s) seqbad=0 len_bad=0 disc=0(0x00) | tot_n=8860 tot_to=0 maxever=55516 >2ms=8860 >5ms=8858 >15ms=807 >20ms=513 >30ms=481 | probes=8861 wrfail=0 down=0s maxout=0s
 150.984  t=148s RTT mean=16835 min=8096 max=43463 n=50 to=0 | cancels=0(+0/s) seqbad=0 len_bad=0 disc=0(0x00) | tot_n=8910 tot_to=0 maxever=55516 >2ms=8910 >5ms=8908 >15ms=822 >20ms=522 >30ms=490 | probes=8911 wrfail=0 down=0s maxout=0s
 150.984  t=149s RTT mean=18296 min=10886 max=51253 n=47 to=0 | cancels=0(+0/s) seqbad=0 len_bad=0 disc=0(0x00) | tot_n=8957 tot_to=0 maxever=55516 >2ms=8957 >5ms=8955 >15ms=840 >20ms=532 >30ms=499 | probes=8958 wrfail=0 down=0s maxout=0s
 152.957  t=150s RTT mean=16854 min=9041 max=41461 n=50 to=0 | cancels=0(+0/s) seqbad=0 len_bad=0 disc=0(0x00) | tot_n=9007 tot_to=0 maxever=55516 >2ms=9007 >5ms=9005 >15ms=853 >20ms=541 >30ms=508 | probes=9008 wrfail=0 down=0s maxout=0s
 153.017  t=151s RTT mean=16478 min=3833 max=49405 n=50 to=0 | cancels=0(+0/s) seqbad=0 len_bad=0 disc=0(0x00) | tot_n=9057 tot_to=0 maxever=55516 >2ms=9057 >5ms=9054 >15ms=865 >20ms=549 >30ms=516 | probes=9058 wrfail=0 down=0s maxout=0s
 154.944  t=152s RTT mean=17257 min=9043 max=50723 n=50 to=0 | cancels=0(+0/s) seqbad=0 len_bad=0 disc=0(0x00) | tot_n=9107 tot_to=0 maxever=55516 >2ms=9107 >5ms=9104 >15ms=879 >20ms=559 >30ms=526 | probes=9108 wrfail=0 down=0s maxout=0s
 154.999  t=153s RTT mean=16008 min=6252 max=40517 n=53 to=0 | cancels=0(+0/s) seqbad=0 len_bad=0 disc=0(0x00) | tot_n=9160 tot_to=0 maxever=55516 >2ms=9160 >5ms=9157 >15ms=889 >20ms=568 >30ms=535 | probes=9160 wrfail=0 down=0s maxout=0s
 156.944  t=154s RTT mean=16178 min=9043 max=40512 n=50 to=0 | cancels=0(+0/s) seqbad=0 len_bad=0 disc=0(0x00) | tot_n=9210 tot_to=0 maxever=55516 >2ms=9210 >5ms=9207 >15ms=902 >20ms=576 >30ms=543 | probes=9211 wrfail=0 down=0s maxout=0s
 157.004  t=155s RTT mean=16555 min=10886 max=42360 n=51 to=0 | cancels=0(+0/s) seqbad=0 len_bad=0 disc=0(0x00) | tot_n=9261 tot_to=0 maxever=55516 >2ms=9261 >5ms=9258 >15ms=914 >20ms=585 >30ms=552 | probes=9262 wrfail=0 down=0s maxout=0s
 158.985  t=156s RTT mean=16735 min=3832 max=41905 n=52 to=0 | cancels=0(+0/s) seqbad=0 len_bad=0 disc=0(0x00) | tot_n=9313 tot_to=0 maxever=55516 >2ms=9313 >5ms=9309 >15ms=927 >20ms=595 >30ms=562 | probes=9314 wrfail=0 down=0s maxout=0s
 158.985  t=157s RTT mean=15733 min=8096 max=40065 n=53 to=0 | cancels=0(+0/s) seqbad=0 len_bad=0 disc=0(0x00) | tot_n=9366 tot_to=0 maxever=55516 >2ms=9366 >5ms=9362 >15ms=936 >20ms=604 >30ms=571 | probes=9367 wrfail=0 down=0s maxout=0s
 160.975  t=158s RTT mean=15814 min=5972 max=37202 n=53 to=0 | cancels=0(+0/s) seqbad=0 len_bad=0 disc=0(0x00) | tot_n=9419 tot_to=0 maxever=55516 >2ms=9419 >5ms=9415 >15ms=947 >20ms=613 >30ms=580 | probes=9420 wrfail=0 down=0s maxout=0s
 160.975  t=159s RTT mean=15742 min=5974 max=39122 n=53 to=0 | cancels=0(+0/s) seqbad=0 len_bad=0 disc=0(0x00) | tot_n=9472 tot_to=0 maxever=55516 >2ms=9472 >5ms=9468 >15ms=957 >20ms=622 >30ms=589 | probes=9473 wrfail=0 down=0s maxout=0s
 162.987  t=160s RTT mean=16005 min=9044 max=41460 n=52 to=0 | cancels=0(+0/s) seqbad=0 len_bad=0 disc=0(0x00) | tot_n=9524 tot_to=0 maxever=55516 >2ms=9524 >5ms=9520 >15ms=968 >20ms=631 >30ms=598 | probes=9525 wrfail=0 down=0s maxout=0s
 162.987  t=161s RTT mean=16270 min=11467 max=41910 n=51 to=0 | cancels=0(+0/s) seqbad=0 len_bad=0 disc=0(0x00) | tot_n=9575 tot_to=0 maxever=55516 >2ms=9575 >5ms=9571 >15ms=979 >20ms=640 >30ms=606 | probes=9576 wrfail=0 down=0s maxout=0s
 164.960  t=162s RTT mean=15663 min=3833 max=34407 n=54 to=0 | cancels=0(+0/s) seqbad=0 len_bad=0 disc=0(0x00) | tot_n=9629 tot_to=0 maxever=55516 >2ms=9629 >5ms=9624 >15ms=990 >20ms=650 >30ms=616 | probes=9630 wrfail=0 down=0s maxout=0s
 164.960  t=163s RTT mean=15954 min=9044 max=41829 n=53 to=0 | cancels=0(+0/s) seqbad=0 len_bad=0 disc=0(0x00) | tot_n=9682 tot_to=0 maxever=55516 >2ms=9682 >5ms=9677 >15ms=1001 >20ms=659 >30ms=625 | probes=9683 wrfail=0 down=0s maxout=0s
 166.944  t=164s RTT mean=15788 min=5969 max=39144 n=53 to=0 | cancels=0(+0/s) seqbad=0 len_bad=0 disc=0(0x00) | tot_n=9735 tot_to=0 maxever=55516 >2ms=9735 >5ms=9730 >15ms=1011 >20ms=668 >30ms=634 | probes=9736 wrfail=0 down=0s maxout=0s
 166.999  t=165s RTT mean=16240 min=10438 max=41907 n=52 to=0 | cancels=0(+0/s) seqbad=0 len_bad=0 disc=0(0x00) | tot_n=9787 tot_to=0 maxever=55516 >2ms=9787 >5ms=9782 >15ms=1022 >20ms=677 >30ms=643 | probes=9787 wrfail=0 down=0s maxout=0s
 168.969  t=166s RTT mean=15519 min=3833 max=48016 n=52 to=0 | cancels=0(+0/s) seqbad=0 len_bad=0 disc=0(0x00) | tot_n=9839 tot_to=0 maxever=55516 >2ms=9839 >5ms=9833 >15ms=1030 >20ms=685 >30ms=651 | probes=9840 wrfail=0 down=0s maxout=0s
 168.969  t=167s RTT mean=16095 min=10886 max=45233 n=52 to=0 | cancels=0(+0/s) seqbad=0 len_bad=0 disc=0(0x00) | tot_n=9891 tot_to=0 maxever=55516 >2ms=9891 >5ms=9885 >15ms=1039 >20ms=694 >30ms=660 | probes=9892 wrfail=0 down=0s maxout=0s
 170.963  t=168s RTT mean=16300 min=5975 max=40065 n=53 to=0 | cancels=0(+0/s) seqbad=0 len_bad=0 disc=0(0x00) | tot_n=9944 tot_to=0 maxever=55516 >2ms=9944 >5ms=9938 >15ms=1051 >20ms=704 >30ms=670 | probes=9945 wrfail=0 down=0s maxout=0s
 170.963  t=169s RTT mean=15742 min=10438 max=35804 n=53 to=0 | cancels=0(+0/s) seqbad=0 len_bad=0 disc=0(0x00) | tot_n=9997 tot_to=0 maxever=55516 >2ms=9997 >5ms=9991 >15ms=1062 >20ms=713 >30ms=679 | probes=9998 wrfail=0 down=0s maxout=0s
 172.993  t=170s RTT mean=15807 min=3833 max=49429 n=52 to=0 | cancels=0(+0/s) seqbad=0 len_bad=0 disc=0(0x00) | tot_n=10049 tot_to=0 maxever=55516 >2ms=10049 >5ms=10042 >15ms=1070 >20ms=721 >30ms=687 | probes=10050 wrfail=0 down=0s maxout=0s
 172.993  t=171s RTT mean=16008 min=5975 max=38590 n=53 to=0 | cancels=0(+0/s) seqbad=0 len_bad=0 disc=0(0x00) | tot_n=10102 tot_to=0 maxever=55516 >2ms=10102 >5ms=10095 >15ms=1081 >20ms=731 >30ms=697 | probes=10103 wrfail=0 down=0s maxout=0s
 174.992  t=172s RTT mean=16329 min=10886 max=43464 n=52 to=0 | cancels=0(+0/s) seqbad=0 len_bad=0 disc=0(0x00) | tot_n=10154 tot_to=0 maxever=55516 >2ms=10154 >5ms=10147 >15ms=1092 >20ms=740 >30ms=706 | probes=10155 wrfail=0 down=0s maxout=0s
 174.992  t=173s RTT mean=15796 min=11911 max=39038 n=53 to=0 | cancels=0(+0/s) seqbad=0 len_bad=0 disc=0(0x00) | tot_n=10207 tot_to=0 maxever=55516 >2ms=10207 >5ms=10200 >15ms=1102 >20ms=750 >30ms=715 | probes=10208 wrfail=0 down=0s maxout=0s
 176.943  t=174s RTT mean=16096 min=5975 max=38590 n=52 to=0 | cancels=0(+0/s) seqbad=0 len_bad=0 disc=0(0x00) | tot_n=10259 tot_to=0 maxever=55516 >2ms=10259 >5ms=10252 >15ms=1114 >20ms=759 >30ms=724 | probes=10260 wrfail=0 down=0s maxout=0s
 177.003  t=175s RTT mean=15584 min=10438 max=34409 n=53 to=0 | cancels=0(+0/s) seqbad=0 len_bad=0 disc=0(0x00) | tot_n=10312 tot_to=0 maxever=55516 >2ms=10312 >5ms=10305 >15ms=1124 >20ms=768 >30ms=733 | probes=10313 wrfail=0 down=0s maxout=0s
 178.959  t=176s RTT mean=15821 min=11912 max=37640 n=53 to=0 | cancels=0(+0/s) seqbad=0 len_bad=0 disc=0(0x00) | tot_n=10365 tot_to=0 maxever=55516 >2ms=10365 >5ms=10358 >15ms=1135 >20ms=777 >30ms=742 | probes=10366 wrfail=0 down=0s maxout=0s
 179.015  t=177s RTT mean=15823 min=5974 max=41910 n=53 to=0 | cancels=0(+0/s) seqbad=0 len_bad=0 disc=0(0x00) | tot_n=10418 tot_to=0 maxever=55516 >2ms=10418 >5ms=10411 >15ms=1146 >20ms=786 >30ms=751 | probes=10419 wrfail=0 down=0s maxout=0s
 180.963  t=178s RTT mean=15849 min=11467 max=34429 n=53 to=0 | cancels=0(+0/s) seqbad=0 len_bad=0 disc=0(0x00) | tot_n=10471 tot_to=0 maxever=55516 >2ms=10471 >5ms=10464 >15ms=1157 >20ms=795 >30ms=760 | probes=10472 wrfail=0 down=0s maxout=0s
 181.024  t=179s RTT mean=15867 min=5975 max=41909 n=53 to=0 | cancels=0(+0/s) seqbad=0 len_bad=0 disc=0(0x00) | tot_n=10524 tot_to=0 maxever=55516 >2ms=10524 >5ms=10517 >15ms=1167 >20ms=804 >30ms=769 | probes=10525 wrfail=0 down=0s maxout=0s
 182.997  t=180s RTT mean=16096 min=10886 max=39123 n=52 to=0 | cancels=0(+0/s) seqbad=0 len_bad=0 disc=0(0x00) | tot_n=10576 tot_to=0 maxever=55516 >2ms=10576 >5ms=10569 >15ms=1179 >20ms=813 >30ms=778 | probes=10577 wrfail=0 down=0s maxout=0s
 182.998  PCTL target=50 tot=3141 to=0 p50=11 p90=33 p99=41 p99.9=48 max=51 g30=540 g100=0 (ms/counts)
 182.998  LOADRAMP: target=75 KBps for 60s
 182.998  t=181s RTT mean=16334 min=6252 max=40516 n=51 to=0 | cancels=0(+0/s) seqbad=0 len_bad=0 disc=0(0x00) | tot_n=10627 tot_to=0 maxever=55516 >2ms=10627 >5ms=10620 >15ms=1191 >20ms=822 >30ms=787 | probes=10628 wrfail=0 down=0s maxout=0s
 184.975  t=182s RTT mean=19172 min=11911 max=46538 n=45 to=0 | cancels=0(+0/s) seqbad=0 len_bad=0 disc=0(0x00) | tot_n=10672 tot_to=0 maxever=55516 >2ms=10672 >5ms=10665 >15ms=1206 >20ms=836 >30ms=801 | probes=10673 wrfail=0 down=0s maxout=0s
 184.975  t=183s RTT mean=19486 min=11910 max=46545 n=45 to=0 | cancels=0(+0/s) seqbad=0 len_bad=0 disc=0(0x00) | tot_n=10717 tot_to=0 maxever=55516 >2ms=10717 >5ms=10710 >15ms=1222 >20ms=850 >30ms=815 | probes=10718 wrfail=0 down=0s maxout=0s
 186.973  t=184s RTT mean=20143 min=11912 max=52277 n=43 to=0 | cancels=0(+0/s) seqbad=0 len_bad=0 disc=0(0x00) | tot_n=10760 tot_to=0 maxever=55516 >2ms=10760 >5ms=10753 >15ms=1238 >20ms=864 >30ms=829 | probes=10761 wrfail=0 down=0s maxout=0s
 186.973  t=185s RTT mean=18404 min=7365 max=41460 n=46 to=0 | cancels=0(+0/s) seqbad=0 len_bad=0 disc=0(0x00) | tot_n=10806 tot_to=0 maxever=55516 >2ms=10806 >5ms=10799 >15ms=1252 >20ms=878 >30ms=843 | probes=10807 wrfail=0 down=0s maxout=0s
 188.968  t=186s RTT mean=18514 min=5974 max=48957 n=47 to=0 | cancels=0(+0/s) seqbad=0 len_bad=0 disc=0(0x00) | tot_n=10853 tot_to=0 maxever=55516 >2ms=10853 >5ms=10846 >15ms=1266 >20ms=892 >30ms=857 | probes=10853 wrfail=0 down=0s maxout=0s
 188.968  t=187s RTT mean=19614 min=11468 max=41905 n=44 to=0 | cancels=0(+0/s) seqbad=0 len_bad=0 disc=0(0x00) | tot_n=10897 tot_to=0 maxever=55516 >2ms=10897 >5ms=10890 >15ms=1282 >20ms=906 >30ms=871 | probes=10898 wrfail=0 down=0s maxout=0s
 190.957  t=188s RTT mean=18517 min=5974 max=41907 n=45 to=0 | cancels=0(+0/s) seqbad=0 len_bad=0 disc=0(0x00) | tot_n=10942 tot_to=0 maxever=55516 >2ms=10942 >5ms=10935 >15ms=1295 >20ms=919 >30ms=883 | probes=10943 wrfail=0 down=0s maxout=0s
 191.013  t=189s RTT mean=20052 min=11911 max=48017 n=44 to=0 | cancels=0(+0/s) seqbad=0 len_bad=0 disc=0(0x00) | tot_n=10986 tot_to=0 maxever=55516 >2ms=10986 >5ms=10979 >15ms=1311 >20ms=934 >30ms=898 | probes=10987 wrfail=0 down=0s maxout=0s
 192.989  t=190s RTT mean=19089 min=11911 max=43026 n=45 to=0 | cancels=0(+0/s) seqbad=0 len_bad=0 disc=0(0x00) | tot_n=11031 tot_to=0 maxever=55516 >2ms=11031 >5ms=11024 >15ms=1326 >20ms=948 >30ms=912 | probes=11032 wrfail=0 down=0s maxout=0s
 192.989  t=191s RTT mean=18688 min=9042 max=41460 n=46 to=0 | cancels=0(+0/s) seqbad=0 len_bad=0 disc=0(0x00) | tot_n=11077 tot_to=0 maxever=55516 >2ms=11077 >5ms=11070 >15ms=1341 >20ms=962 >30ms=926 | probes=11078 wrfail=0 down=0s maxout=0s
 194.949  t=192s RTT mean=19412 min=5975 max=46086 n=45 to=0 | cancels=0(+0/s) seqbad=0 len_bad=0 disc=0(0x00) | tot_n=11122 tot_to=0 maxever=55516 >2ms=11122 >5ms=11115 >15ms=1356 >20ms=976 >30ms=940 | probes=11122 wrfail=0 down=0s maxout=0s
 195.009  t=193s RTT mean=20731 min=11912 max=49409 n=42 to=0 | cancels=0(+0/s) seqbad=0 len_bad=0 disc=0(0x00) | tot_n=11164 tot_to=0 maxever=55516 >2ms=11164 >5ms=11157 >15ms=1372 >20ms=990 >30ms=954 | probes=11164 wrfail=0 down=0s maxout=0s
 196.958  t=194s RTT mean=19346 min=11912 max=43751 n=43 to=0 | cancels=0(+0/s) seqbad=0 len_bad=0 disc=0(0x00) | tot_n=11207 tot_to=0 maxever=55516 >2ms=11207 >5ms=11200 >15ms=1386 >20ms=1003 >30ms=967 | probes=11208 wrfail=0 down=0s maxout=0s
 197.018  t=195s RTT mean=20219 min=11467 max=48013 n=43 to=0 | cancels=0(+0/s) seqbad=0 len_bad=0 disc=0(0x00) | tot_n=11250 tot_to=0 maxever=55516 >2ms=11250 >5ms=11243 >15ms=1401 >20ms=1018 >30ms=981 | probes=11251 wrfail=0 down=0s maxout=0s
 198.980  t=196s RTT mean=19579 min=11911 max=40515 n=45 to=0 | cancels=0(+0/s) seqbad=0 len_bad=0 disc=0(0x00) | tot_n=11295 tot_to=0 maxever=55516 >2ms=11295 >5ms=11288 >15ms=1416 >20ms=1033 >30ms=995 | probes=11296 wrfail=0 down=0s maxout=0s
 198.980  t=197s RTT mean=18984 min=5975 max=41458 n=46 to=0 | cancels=0(+0/s) seqbad=0 len_bad=0 disc=0(0x00) | tot_n=11341 tot_to=0 maxever=55516 >2ms=11341 >5ms=11334 >15ms=1431 >20ms=1047 >30ms=1009 | probes=11341 wrfail=0 down=0s maxout=0s
 200.987  t=198s RTT mean=18344 min=5976 max=40085 n=46 to=0 | cancels=0(+0/s) seqbad=0 len_bad=0 disc=0(0x00) | tot_n=11387 tot_to=0 maxever=55516 >2ms=11387 >5ms=11380 >15ms=1445 >20ms=1061 >30ms=1022 | probes=11388 wrfail=0 down=0s maxout=0s
 200.987  t=199s RTT mean=19103 min=11911 max=41909 n=44 to=0 | cancels=0(+0/s) seqbad=0 len_bad=0 disc=0(0x00) | tot_n=11431 tot_to=0 maxever=55516 >2ms=11431 >5ms=11424 >15ms=1459 >20ms=1074 >30ms=1034 | probes=11432 wrfail=0 down=0s maxout=0s
 202.958  t=200s RTT mean=19871 min=11911 max=40517 n=45 to=0 | cancels=0(+0/s) seqbad=0 len_bad=0 disc=0(0x00) | tot_n=11476 tot_to=0 maxever=55516 >2ms=11476 >5ms=11469 >15ms=1475 >20ms=1089 >30ms=1049 | probes=11477 wrfail=0 down=0s maxout=0s
 203.017  t=201s RTT mean=19583 min=5974 max=41458 n=44 to=0 | cancels=0(+0/s) seqbad=0 len_bad=0 disc=0(0x00) | tot_n=11520 tot_to=0 maxever=55516 >2ms=11520 >5ms=11513 >15ms=1491 >20ms=1103 >30ms=1063 | probes=11521 wrfail=0 down=0s maxout=0s
 204.954  t=202s RTT mean=19287 min=11467 max=47566 n=45 to=0 | cancels=0(+0/s) seqbad=0 len_bad=0 disc=0(0x00) | tot_n=11565 tot_to=0 maxever=55516 >2ms=11565 >5ms=11558 >15ms=1507 >20ms=1118 >30ms=1077 | probes=11565 wrfail=0 down=0s maxout=0s
 205.014  t=203s RTT mean=18567 min=5974 max=41457 n=46 to=0 | cancels=0(+0/s) seqbad=0 len_bad=0 disc=0(0x00) | tot_n=11611 tot_to=0 maxever=55516 >2ms=11611 >5ms=11604 >15ms=1521 >20ms=1132 >30ms=1091 | probes=11612 wrfail=0 down=0s maxout=0s
 207.000  t=204s RTT mean=18434 min=5975 max=41910 n=46 to=0 | cancels=0(+0/s) seqbad=0 len_bad=0 disc=0(0x00) | tot_n=11657 tot_to=0 maxever=55516 >2ms=11657 >5ms=11650 >15ms=1535 >20ms=1146 >30ms=1104 | probes=11658 wrfail=0 down=0s maxout=0s
 207.000  t=205s RTT mean=19242 min=11467 max=48956 n=44 to=0 | cancels=0(+0/s) seqbad=0 len_bad=0 disc=0(0x00) | tot_n=11701 tot_to=0 maxever=55516 >2ms=11701 >5ms=11694 >15ms=1549 >20ms=1159 >30ms=1116 | probes=11702 wrfail=0 down=0s maxout=0s
 208.988  t=206s RTT mean=20435 min=10875 max=44780 n=44 to=0 | cancels=0(+0/s) seqbad=0 len_bad=0 disc=0(0x00) | tot_n=11745 tot_to=0 maxever=55516 >2ms=11745 >5ms=11738 >15ms=1567 >20ms=1174 >30ms=1131 | probes=11745 wrfail=0 down=0s maxout=0s
 208.988  t=207s RTT mean=19573 min=11466 max=41910 n=44 to=0 | cancels=0(+0/s) seqbad=0 len_bad=0 disc=0(0x00) | tot_n=11789 tot_to=0 maxever=55516 >2ms=11789 >5ms=11782 >15ms=1582 >20ms=1188 >30ms=1145 | probes=11790 wrfail=0 down=0s maxout=0s
 210.996  t=208s RTT mean=19284 min=11466 max=43754 n=44 to=0 | cancels=0(+0/s) seqbad=0 len_bad=0 disc=0(0x00) | tot_n=11833 tot_to=0 maxever=55516 >2ms=11833 >5ms=11826 >15ms=1596 >20ms=1202 >30ms=1159 | probes=11834 wrfail=0 down=0s maxout=0s
 210.996  t=209s RTT mean=19245 min=5968 max=48026 n=45 to=0 | cancels=0(+0/s) seqbad=0 len_bad=0 disc=0(0x00) | tot_n=11878 tot_to=0 maxever=55516 >2ms=11878 >5ms=11871 >15ms=1612 >20ms=1216 >30ms=1173 | probes=11879 wrfail=0 down=0s maxout=0s
 212.993  t=210s RTT mean=19038 min=5975 max=41907 n=45 to=0 | cancels=0(+0/s) seqbad=0 len_bad=0 disc=0(0x00) | tot_n=11923 tot_to=0 maxever=55516 >2ms=11923 >5ms=11916 >15ms=1627 >20ms=1230 >30ms=1187 | probes=11924 wrfail=0 down=0s maxout=0s
 212.993  t=211s RTT mean=19453 min=11911 max=44859 n=45 to=0 | cancels=0(+0/s) seqbad=0 len_bad=0 disc=0(0x00) | tot_n=11968 tot_to=0 maxever=55516 >2ms=11968 >5ms=11961 >15ms=1642 >20ms=1244 >30ms=1200 | probes=11969 wrfail=0 down=0s maxout=0s
 214.965  t=212s RTT mean=20078 min=5974 max=49429 n=43 to=0 | cancels=0(+0/s) seqbad=0 len_bad=0 disc=0(0x00) | tot_n=12011 tot_to=0 maxever=55516 >2ms=12011 >5ms=12004 >15ms=1657 >20ms=1258 >30ms=1214 | probes=12012 wrfail=0 down=0s maxout=0s
 215.026  t=213s RTT mean=19582 min=11911 max=52196 n=44 to=0 | cancels=0(+0/s) seqbad=0 len_bad=0 disc=0(0x00) | tot_n=12055 tot_to=0 maxever=55516 >2ms=12055 >5ms=12048 >15ms=1671 >20ms=1272 >30ms=1228 | probes=12056 wrfail=0 down=0s maxout=0s
 216.954  t=214s RTT mean=18851 min=11911 max=41458 n=46 to=0 | cancels=0(+0/s) seqbad=0 len_bad=0 disc=0(0x00) | tot_n=12101 tot_to=0 maxever=55516 >2ms=12101 >5ms=12094 >15ms=1685 >20ms=1286 >30ms=1242 | probes=12101 wrfail=0 down=0s maxout=0s
 217.015  t=215s RTT mean=19348 min=11467 max=41460 n=44 to=0 | cancels=0(+0/s) seqbad=0 len_bad=0 disc=0(0x00) | tot_n=12145 tot_to=0 maxever=55516 >2ms=12145 >5ms=12138 >15ms=1701 >20ms=1300 >30ms=1256 | probes=12146 wrfail=0 down=0s maxout=0s
 218.999  t=216s RTT mean=19048 min=11911 max=40518 n=45 to=0 | cancels=0(+0/s) seqbad=0 len_bad=0 disc=0(0x00) | tot_n=12190 tot_to=0 maxever=55516 >2ms=12190 >5ms=12183 >15ms=1715 >20ms=1314 >30ms=1270 | probes=12191 wrfail=0 down=0s maxout=0s
 219.000  t=217s RTT mean=18383 min=8697 max=37190 n=47 to=0 | cancels=0(+0/s) seqbad=0 len_bad=0 disc=0(0x00) | tot_n=12237 tot_to=0 maxever=55516 >2ms=12237 >5ms=12230 >15ms=1730 >20ms=1328 >30ms=1283 | probes=12238 wrfail=0 down=0s maxout=0s
 220.958  t=218s RTT mean=18434 min=11911 max=37726 n=46 to=0 | cancels=0(+0/s) seqbad=0 len_bad=0 disc=0(0x00) | tot_n=12283 tot_to=0 maxever=55516 >2ms=12283 >5ms=12276 >15ms=1744 >20ms=1342 >30ms=1296 | probes=12284 wrfail=0 down=0s maxout=0s
 221.018  t=219s RTT mean=18597 min=11468 max=36253 n=46 to=0 | cancels=0(+0/s) seqbad=0 len_bad=0 disc=0(0x00) | tot_n=12329 tot_to=0 maxever=55516 >2ms=12329 >5ms=12322 >15ms=1760 >20ms=1356 >30ms=1309 | probes=12330 wrfail=0 down=0s maxout=0s
 222.992  t=220s RTT mean=19643 min=11467 max=48957 n=45 to=0 | cancels=0(+0/s) seqbad=0 len_bad=0 disc=0(0x00) | tot_n=12374 tot_to=0 maxever=55516 >2ms=12374 >5ms=12367 >15ms=1776 >20ms=1371 >30ms=1323 | probes=12374 wrfail=0 down=0s maxout=0s
 222.992  t=221s RTT mean=19242 min=5975 max=47861 n=44 to=0 | cancels=0(+0/s) seqbad=0 len_bad=0 disc=0(0x00) | tot_n=12418 tot_to=0 maxever=55516 >2ms=12418 >5ms=12411 >15ms=1790 >20ms=1385 >30ms=1337 | probes=12419 wrfail=0 down=0s maxout=0s
 224.954  t=222s RTT mean=18800 min=11911 max=47565 n=46 to=0 | cancels=0(+0/s) seqbad=0 len_bad=0 disc=0(0x00) | tot_n=12464 tot_to=0 maxever=55516 >2ms=12464 >5ms=12457 >15ms=1804 >20ms=1399 >30ms=1351 | probes=12465 wrfail=0 down=0s maxout=0s
 225.013  t=223s RTT mean=20067 min=11467 max=41909 n=43 to=0 | cancels=0(+0/s) seqbad=0 len_bad=0 disc=0(0x00) | tot_n=12507 tot_to=0 maxever=55516 >2ms=12507 >5ms=12500 >15ms=1821 >20ms=1413 >30ms=1364 | probes=12508 wrfail=0 down=0s maxout=0s
 226.959  t=224s RTT mean=19182 min=11911 max=41907 n=45 to=0 | cancels=0(+0/s) seqbad=0 len_bad=0 disc=0(0x00) | tot_n=12552 tot_to=0 maxever=55516 >2ms=12552 >5ms=12545 >15ms=1835 >20ms=1427 >30ms=1378 | probes=12553 wrfail=0 down=0s maxout=0s
 227.019  t=225s RTT mean=18537 min=11467 max=37740 n=46 to=0 | cancels=0(+0/s) seqbad=0 len_bad=0 disc=0(0x00) | tot_n=12598 tot_to=0 maxever=55516 >2ms=12598 >5ms=12591 >15ms=1850 >20ms=1441 >30ms=1391 | probes=12599 wrfail=0 down=0s maxout=0s
 229.005  t=226s RTT mean=18255 min=11911 max=37729 n=47 to=0 | cancels=0(+0/s) seqbad=0 len_bad=0 disc=0(0x00) | tot_n=12645 tot_to=0 maxever=55516 >2ms=12645 >5ms=12638 >15ms=1864 >20ms=1455 >30ms=1405 | probes=12646 wrfail=0 down=0s maxout=0s
 229.005  t=227s RTT mean=17976 min=11469 max=36252 n=47 to=0 | cancels=0(+0/s) seqbad=0 len_bad=0 disc=0(0x00) | tot_n=12692 tot_to=0 maxever=55516 >2ms=12692 >5ms=12685 >15ms=1878 >20ms=1468 >30ms=1418 | probes=12693 wrfail=0 down=0s maxout=0s
 231.009  t=228s RTT mean=19096 min=11467 max=40516 n=46 to=0 | cancels=0(+0/s) seqbad=0 len_bad=0 disc=0(0x00) | tot_n=12738 tot_to=0 maxever=55516 >2ms=12738 >5ms=12731 >15ms=1895 >20ms=1482 >30ms=1431 | probes=12739 wrfail=0 down=0s maxout=0s
 231.009  t=229s RTT mean=18524 min=8728 max=39122 n=46 to=0 | cancels=0(+0/s) seqbad=0 len_bad=0 disc=0(0x00) | tot_n=12784 tot_to=0 maxever=55516 >2ms=12784 >5ms=12777 >15ms=1909 >20ms=1496 >30ms=1444 | probes=12785 wrfail=0 down=0s maxout=0s
 232.952  t=230s RTT mean=20351 min=5975 max=56460 n=43 to=0 | cancels=0(+0/s) seqbad=0 len_bad=0 disc=0(0x00) | tot_n=12827 tot_to=0 maxever=56460 >2ms=12827 >5ms=12820 >15ms=1924 >20ms=1510 >30ms=1458 | probes=12828 wrfail=0 down=0s maxout=0s
 233.013  t=231s RTT mean=19114 min=11911 max=40513 n=44 to=0 | cancels=0(+0/s) seqbad=0 len_bad=0 disc=0(0x00) | tot_n=12871 tot_to=0 maxever=56460 >2ms=12871 >5ms=12864 >15ms=1939 >20ms=1524 >30ms=1472 | probes=12872 wrfail=0 down=0s maxout=0s
 234.994  t=232s RTT mean=18644 min=5974 max=44778 n=47 to=0 | cancels=0(+0/s) seqbad=0 len_bad=0 disc=0(0x00) | tot_n=12918 tot_to=0 maxever=56460 >2ms=12918 >5ms=12911 >15ms=1953 >20ms=1538 >30ms=1486 | probes=12919 wrfail=0 down=0s maxout=0s
 234.994  t=233s RTT mean=18840 min=11911 max=41909 n=45 to=0 | cancels=0(+0/s) seqbad=0 len_bad=0 disc=0(0x00) | tot_n=12963 tot_to=0 maxever=56460 >2ms=12963 >5ms=12956 >15ms=1967 >20ms=1552 >30ms=1500 | probes=12964 wrfail=0 down=0s maxout=0s
 236.981  t=234s RTT mean=19183 min=11910 max=41908 n=45 to=0 | cancels=0(+0/s) seqbad=0 len_bad=0 disc=0(0x00) | tot_n=13008 tot_to=0 maxever=56460 >2ms=13008 >5ms=13001 >15ms=1981 >20ms=1566 >30ms=1514 | probes=13009 wrfail=0 down=0s maxout=0s
 236.981  t=235s RTT mean=18893 min=5974 max=40506 n=46 to=0 | cancels=0(+0/s) seqbad=0 len_bad=0 disc=0(0x00) | tot_n=13054 tot_to=0 maxever=56460 >2ms=13054 >5ms=13047 >15ms=1996 >20ms=1580 >30ms=1528 | probes=13055 wrfail=0 down=0s maxout=0s
 238.961  t=236s RTT mean=19551 min=11911 max=43750 n=44 to=0 | cancels=0(+0/s) seqbad=0 len_bad=0 disc=0(0x00) | tot_n=13098 tot_to=0 maxever=56460 >2ms=13098 >5ms=13091 >15ms=2012 >20ms=1594 >30ms=1542 | probes=13099 wrfail=0 down=0s maxout=0s
 239.014  t=237s RTT mean=19305 min=11911 max=43751 n=44 to=0 | cancels=0(+0/s) seqbad=0 len_bad=0 disc=0(0x00) | tot_n=13142 tot_to=0 maxever=56460 >2ms=13142 >5ms=13135 >15ms=2027 >20ms=1608 >30ms=1556 | probes=13143 wrfail=0 down=0s maxout=0s
 241.008  t=238s RTT mean=18675 min=5975 max=41459 n=47 to=0 | cancels=0(+0/s) seqbad=0 len_bad=0 disc=0(0x00) | tot_n=13189 tot_to=0 maxever=56460 >2ms=13189 >5ms=13182 >15ms=2041 >20ms=1622 >30ms=1570 | probes=13190 wrfail=0 down=0s maxout=0s
 241.008  t=239s RTT mean=18590 min=11466 max=37730 n=45 to=0 | cancels=0(+0/s) seqbad=0 len_bad=0 disc=0(0x00) | tot_n=13234 tot_to=0 maxever=56460 >2ms=13234 >5ms=13227 >15ms=2056 >20ms=1636 >30ms=1583 | probes=13235 wrfail=0 down=0s maxout=0s
 242.992  t=240s RTT mean=18790 min=5975 max=41929 n=46 to=0 | cancels=0(+0/s) seqbad=0 len_bad=0 disc=0(0x00) | tot_n=13280 tot_to=0 maxever=56460 >2ms=13280 >5ms=13273 >15ms=2071 >20ms=1650 >30ms=1597 | probes=13281 wrfail=0 down=0s maxout=0s
 242.992  PCTL target=75 tot=2698 to=0 p50=11 p90=34 p99=43 p99.9=49 max=56 g30=823 g100=0 (ms/counts)
 242.992  LOADRAMP: target=100 KBps for 60s
 242.992  t=241s RTT mean=18557 min=5975 max=43305 n=46 to=0 | cancels=0(+0/s) seqbad=0 len_bad=0 disc=0(0x00) | tot_n=13326 tot_to=0 maxever=56460 >2ms=13326 >5ms=13319 >15ms=2086 >20ms=1664 >30ms=1610 | probes=13327 wrfail=0 down=0s maxout=0s
 244.974  t=242s RTT mean=22048 min=10885 max=41909 n=40 to=0 | cancels=0(+0/s) seqbad=0 len_bad=0 disc=0(0x00) | tot_n=13366 tot_to=0 maxever=56460 >2ms=13366 >5ms=13359 >15ms=2104 >20ms=1682 >30ms=1628 | probes=13367 wrfail=0 down=0s maxout=0s
 245.035  t=243s RTT mean=22411 min=5975 max=46538 n=40 to=0 | cancels=0(+0/s) seqbad=0 len_bad=0 disc=0(0x00) | tot_n=13406 tot_to=0 maxever=56460 >2ms=13406 >5ms=13399 >15ms=2123 >20ms=1700 >30ms=1646 | probes=13406 wrfail=0 down=0s maxout=0s
 246.959  t=244s RTT mean=23504 min=10884 max=45145 n=37 to=0 | cancels=0(+0/s) seqbad=0 len_bad=0 disc=0(0x00) | tot_n=13443 tot_to=0 maxever=56460 >2ms=13443 >5ms=13436 >15ms=2142 >20ms=1718 >30ms=1664 | probes=13444 wrfail=0 down=0s maxout=0s
 247.019  t=245s RTT mean=23235 min=11911 max=42360 n=38 to=0 | cancels=0(+0/s) seqbad=0 len_bad=0 disc=0(0x00) | tot_n=13481 tot_to=0 maxever=56460 >2ms=13481 >5ms=13474 >15ms=2161 >20ms=1736 >30ms=1682 | probes=13482 wrfail=0 down=0s maxout=0s
 249.008  t=246s RTT mean=23359 min=11911 max=41911 n=38 to=0 | cancels=0(+0/s) seqbad=0 len_bad=0 disc=0(0x00) | tot_n=13519 tot_to=0 maxever=56460 >2ms=13519 >5ms=13512 >15ms=2182 >20ms=1755 >30ms=1700 | probes=13520 wrfail=0 down=0s maxout=0s
 249.008  t=247s RTT mean=22562 min=5974 max=44696 n=39 to=0 | cancels=0(+0/s) seqbad=0 len_bad=0 disc=0(0x00) | tot_n=13558 tot_to=0 maxever=56460 >2ms=13558 >5ms=13551 >15ms=2201 >20ms=1774 >30ms=1718 | probes=13559 wrfail=0 down=0s maxout=0s
 251.008  t=248s RTT mean=22976 min=11467 max=38589 n=38 to=0 | cancels=0(+0/s) seqbad=0 len_bad=0 disc=0(0x00) | tot_n=13596 tot_to=0 maxever=56460 >2ms=13596 >5ms=13589 >15ms=2221 >20ms=1793 >30ms=1736 | probes=13597 wrfail=0 down=0s maxout=0s
 251.008  t=249s RTT mean=23271 min=5975 max=52279 n=38 to=0 | cancels=0(+0/s) seqbad=0 len_bad=0 disc=0(0x00) | tot_n=13634 tot_to=0 maxever=56460 >2ms=13634 >5ms=13627 >15ms=2240 >20ms=1811 >30ms=1754 | probes=13635 wrfail=0 down=0s maxout=0s
 252.986  t=250s RTT mean=22108 min=11912 max=38668 n=40 to=0 | cancels=0(+0/s) seqbad=0 len_bad=0 disc=0(0x00) | tot_n=13674 tot_to=0 maxever=56460 >2ms=13674 >5ms=13667 >15ms=2259 >20ms=1829 >30ms=1772 | probes=13675 wrfail=0 down=0s maxout=0s
 252.986  t=251s RTT mean=24288 min=11912 max=49419 n=37 to=0 | cancels=0(+0/s) seqbad=0 len_bad=0 disc=0(0x00) | tot_n=13711 tot_to=0 maxever=56460 >2ms=13711 >5ms=13704 >15ms=2279 >20ms=1847 >30ms=1790 | probes=13711 wrfail=0 down=0s maxout=0s
 254.986  t=252s RTT mean=22804 min=11911 max=41909 n=38 to=0 | cancels=0(+0/s) seqbad=0 len_bad=0 disc=0(0x00) | tot_n=13749 tot_to=0 maxever=56460 >2ms=13749 >5ms=13742 >15ms=2298 >20ms=1865 >30ms=1808 | probes=13750 wrfail=0 down=0s maxout=0s
 254.986  t=253s RTT mean=23310 min=11912 max=41911 n=38 to=0 | cancels=0(+0/s) seqbad=0 len_bad=0 disc=0(0x00) | tot_n=13787 tot_to=0 maxever=56460 >2ms=13787 >5ms=13780 >15ms=2318 >20ms=1883 >30ms=1826 | probes=13788 wrfail=0 down=0s maxout=0s
 256.970  t=254s RTT mean=23719 min=11911 max=46284 n=37 to=0 | cancels=0(+0/s) seqbad=0 len_bad=0 disc=0(0x00) | tot_n=13824 tot_to=0 maxever=56460 >2ms=13824 >5ms=13817 >15ms=2337 >20ms=1901 >30ms=1844 | probes=13825 wrfail=0 down=0s maxout=0s
 257.030  t=255s RTT mean=23198 min=11912 max=47568 n=38 to=0 | cancels=0(+0/s) seqbad=0 len_bad=0 disc=0(0x00) | tot_n=13862 tot_to=0 maxever=56460 >2ms=13862 >5ms=13855 >15ms=2357 >20ms=1920 >30ms=1862 | probes=13863 wrfail=0 down=0s maxout=0s
 259.005  t=256s RTT mean=22790 min=5975 max=46165 n=39 to=0 | cancels=0(+0/s) seqbad=0 len_bad=0 disc=0(0x00) | tot_n=13901 tot_to=0 maxever=56460 >2ms=13901 >5ms=13894 >15ms=2376 >20ms=1938 >30ms=1880 | probes=13902 wrfail=0 down=0s maxout=0s
 259.005  t=257s RTT mean=24074 min=11912 max=45230 n=37 to=0 | cancels=0(+0/s) seqbad=0 len_bad=0 disc=0(0x00) | tot_n=13938 tot_to=0 maxever=56460 >2ms=13938 >5ms=13931 >15ms=2397 >20ms=1956 >30ms=1898 | probes=13939 wrfail=0 down=0s maxout=0s
 260.987  t=258s RTT mean=23247 min=11911 max=48960 n=38 to=0 | cancels=0(+0/s) seqbad=0 len_bad=0 disc=0(0x00) | tot_n=13976 tot_to=0 maxever=56460 >2ms=13976 >5ms=13969 >15ms=2416 >20ms=1975 >30ms=1916 | probes=13977 wrfail=0 down=0s maxout=0s
 260.988  t=259s RTT mean=23795 min=11911 max=51251 n=37 to=0 | cancels=0(+0/s) seqbad=0 len_bad=0 disc=0(0x00) | tot_n=14013 tot_to=0 maxever=56460 >2ms=14013 >5ms=14006 >15ms=2435 >20ms=1994 >30ms=1934 | probes=14014 wrfail=0 down=0s maxout=0s
 262.973  t=260s RTT mean=23909 min=11467 max=46284 n=37 to=0 | cancels=0(+0/s) seqbad=0 len_bad=0 disc=0(0x00) | tot_n=14050 tot_to=0 maxever=56460 >2ms=14050 >5ms=14043 >15ms=2454 >20ms=2012 >30ms=1952 | probes=14051 wrfail=0 down=0s maxout=0s
 263.033  t=261s RTT mean=23037 min=11466 max=41909 n=38 to=0 | cancels=0(+0/s) seqbad=0 len_bad=0 disc=0(0x00) | tot_n=14088 tot_to=0 maxever=56460 >2ms=14088 >5ms=14081 >15ms=2474 >20ms=2030 >30ms=1970 | probes=14089 wrfail=0 down=0s maxout=0s
 264.983  t=262s RTT mean=21967 min=5974 max=39117 n=40 to=0 | cancels=0(+0/s) seqbad=0 len_bad=0 disc=0(0x00) | tot_n=14128 tot_to=0 maxever=56460 >2ms=14128 >5ms=14121 >15ms=2493 >20ms=2048 >30ms=1988 | probes=14129 wrfail=0 down=0s maxout=0s
 264.983  t=263s RTT mean=24488 min=11911 max=52195 n=36 to=0 | cancels=0(+0/s) seqbad=0 len_bad=0 disc=0(0x00) | tot_n=14164 tot_to=0 maxever=56460 >2ms=14164 >5ms=14157 >15ms=2512 >20ms=2067 >30ms=2006 | probes=14165 wrfail=0 down=0s maxout=0s
 267.015  t=264s RTT mean=21932 min=5975 max=40510 n=40 to=0 | cancels=0(+0/s) seqbad=0 len_bad=0 disc=0(0x00) | tot_n=14204 tot_to=0 maxever=56460 >2ms=14204 >5ms=14197 >15ms=2531 >20ms=2085 >30ms=2024 | probes=14205 wrfail=0 down=0s maxout=0s
 267.015  t=265s RTT mean=22873 min=5974 max=41907 n=39 to=0 | cancels=0(+0/s) seqbad=0 len_bad=0 disc=0(0x00) | tot_n=14243 tot_to=0 maxever=56460 >2ms=14243 >5ms=14236 >15ms=2552 >20ms=2103 >30ms=2042 | probes=14244 wrfail=0 down=0s maxout=0s
 269.007  t=266s RTT mean=23668 min=11465 max=46622 n=37 to=0 | cancels=0(+0/s) seqbad=0 len_bad=0 disc=0(0x00) | tot_n=14280 tot_to=0 maxever=56460 >2ms=14280 >5ms=14273 >15ms=2573 >20ms=2121 >30ms=2060 | probes=14281 wrfail=0 down=0s maxout=0s
 269.007  t=267s RTT mean=21849 min=5974 max=38592 n=40 to=0 | cancels=0(+0/s) seqbad=0 len_bad=0 disc=0(0x00) | tot_n=14320 tot_to=0 maxever=56460 >2ms=14320 >5ms=14313 >15ms=2592 >20ms=2139 >30ms=2078 | probes=14321 wrfail=0 down=0s maxout=0s
 270.998  t=268s RTT mean=21849 min=5975 max=41458 n=40 to=0 | cancels=0(+0/s) seqbad=0 len_bad=0 disc=0(0x00) | tot_n=14360 tot_to=0 maxever=56460 >2ms=14360 >5ms=14353 >15ms=2612 >20ms=2157 >30ms=2096 | probes=14361 wrfail=0 down=0s maxout=0s
 270.998  t=269s RTT mean=23173 min=11911 max=41907 n=39 to=0 | cancels=0(+0/s) seqbad=0 len_bad=0 disc=0(0x00) | tot_n=14399 tot_to=0 maxever=56460 >2ms=14399 >5ms=14392 >15ms=2633 >20ms=2176 >30ms=2114 | probes=14400 wrfail=0 down=0s maxout=0s
 272.977  t=270s RTT mean=23428 min=11912 max=41461 n=37 to=0 | cancels=0(+0/s) seqbad=0 len_bad=0 disc=0(0x00) | tot_n=14436 tot_to=0 maxever=56460 >2ms=14436 >5ms=14429 >15ms=2653 >20ms=2195 >30ms=2132 | probes=14437 wrfail=0 down=0s maxout=0s
 273.033  t=271s RTT mean=22716 min=5975 max=39122 n=39 to=0 | cancels=0(+0/s) seqbad=0 len_bad=0 disc=0(0x00) | tot_n=14475 tot_to=0 maxever=56460 >2ms=14475 >5ms=14468 >15ms=2674 >20ms=2213 >30ms=2150 | probes=14476 wrfail=0 down=0s maxout=0s
 275.000  t=272s RTT mean=22965 min=11912 max=41910 n=38 to=0 | cancels=0(+0/s) seqbad=0 len_bad=0 disc=0(0x00) | tot_n=14513 tot_to=0 maxever=56460 >2ms=14513 >5ms=14506 >15ms=2693 >20ms=2232 >30ms=2168 | probes=14514 wrfail=0 down=0s maxout=0s
 275.000  t=273s RTT mean=22529 min=5975 max=43749 n=40 to=0 | cancels=0(+0/s) seqbad=0 len_bad=0 disc=0(0x00) | tot_n=14553 tot_to=0 maxever=56460 >2ms=14553 >5ms=14546 >15ms=2712 >20ms=2251 >30ms=2186 | probes=14554 wrfail=0 down=0s maxout=0s
 276.998  t=274s RTT mean=23619 min=5975 max=41910 n=37 to=0 | cancels=0(+0/s) seqbad=0 len_bad=0 disc=0(0x00) | tot_n=14590 tot_to=0 maxever=56460 >2ms=14590 >5ms=14583 >15ms=2731 >20ms=2269 >30ms=2204 | probes=14591 wrfail=0 down=0s maxout=0s
 276.998  t=275s RTT mean=24199 min=10886 max=56458 n=37 to=0 | cancels=0(+0/s) seqbad=0 len_bad=0 disc=0(0x00) | tot_n=14627 tot_to=0 maxever=56460 >2ms=14627 >5ms=14620 >15ms=2750 >20ms=2287 >30ms=2222 | probes=14628 wrfail=0 down=0s maxout=0s
 279.007  t=276s RTT mean=24296 min=11912 max=44780 n=36 to=0 | cancels=0(+0/s) seqbad=0 len_bad=0 disc=0(0x00) | tot_n=14663 tot_to=0 maxever=56460 >2ms=14663 >5ms=14656 >15ms=2769 >20ms=2306 >30ms=2240 | probes=14664 wrfail=0 down=0s maxout=0s
 279.007  t=277s RTT mean=22403 min=10884 max=43302 n=39 to=0 | cancels=0(+0/s) seqbad=0 len_bad=0 disc=0(0x00) | tot_n=14702 tot_to=0 maxever=56460 >2ms=14702 >5ms=14695 >15ms=2787 >20ms=2324 >30ms=2258 | probes=14703 wrfail=0 down=0s maxout=0s
 281.004  t=278s RTT mean=21781 min=11912 max=41461 n=40 to=0 | cancels=0(+0/s) seqbad=0 len_bad=0 disc=0(0x00) | tot_n=14742 tot_to=0 maxever=56460 >2ms=14742 >5ms=14735 >15ms=2806 >20ms=2342 >30ms=2276 | probes=14743 wrfail=0 down=0s maxout=0s
 281.004  t=279s RTT mean=22224 min=5976 max=41909 n=40 to=0 | cancels=0(+0/s) seqbad=0 len_bad=0 disc=0(0x00) | tot_n=14782 tot_to=0 maxever=56460 >2ms=14782 >5ms=14775 >15ms=2826 >20ms=2360 >30ms=2294 | probes=14783 wrfail=0 down=0s maxout=0s
 283.008  t=280s RTT mean=23507 min=5974 max=43303 n=38 to=0 | cancels=0(+0/s) seqbad=0 len_bad=0 disc=0(0x00) | tot_n=14820 tot_to=0 maxever=56460 >2ms=14820 >5ms=14813 >15ms=2846 >20ms=2378 >30ms=2312 | probes=14821 wrfail=0 down=0s maxout=0s
 283.008  t=281s RTT mean=22816 min=11911 max=38589 n=38 to=0 | cancels=0(+0/s) seqbad=0 len_bad=0 disc=0(0x00) | tot_n=14858 tot_to=0 maxever=56460 >2ms=14858 >5ms=14851 >15ms=2866 >20ms=2396 >30ms=2330 | probes=14859 wrfail=0 down=0s maxout=0s
 284.999  t=282s RTT mean=24073 min=11911 max=40514 n=37 to=0 | cancels=0(+0/s) seqbad=0 len_bad=0 disc=0(0x00) | tot_n=14895 tot_to=0 maxever=56460 >2ms=14895 >5ms=14888 >15ms=2887 >20ms=2415 >30ms=2349 | probes=14896 wrfail=0 down=0s maxout=0s
 285.000  t=283s RTT mean=22453 min=11911 max=40519 n=39 to=0 | cancels=0(+0/s) seqbad=0 len_bad=0 disc=0(0x00) | tot_n=14934 tot_to=0 maxever=56460 >2ms=14934 >5ms=14927 >15ms=2907 >20ms=2434 >30ms=2367 | probes=14935 wrfail=0 down=0s maxout=0s
 287.017  t=284s RTT mean=21884 min=11911 max=40065 n=40 to=0 | cancels=0(+0/s) seqbad=0 len_bad=0 disc=0(0x00) | tot_n=14974 tot_to=0 maxever=56460 >2ms=14974 >5ms=14967 >15ms=2926 >20ms=2452 >30ms=2385 | probes=14975 wrfail=0 down=0s maxout=0s
 287.017  t=285s RTT mean=22837 min=5975 max=41905 n=39 to=0 | cancels=0(+0/s) seqbad=0 len_bad=0 disc=0(0x00) | tot_n=15013 tot_to=0 maxever=56460 >2ms=15013 >5ms=15006 >15ms=2945 >20ms=2471 >30ms=2403 | probes=15014 wrfail=0 down=0s maxout=0s
 288.963  t=286s RTT mean=23668 min=5974 max=41925 n=37 to=0 | cancels=0(+0/s) seqbad=0 len_bad=0 disc=0(0x00) | tot_n=15050 tot_to=0 maxever=56460 >2ms=15050 >5ms=15043 >15ms=2966 >20ms=2490 >30ms=2421 | probes=15051 wrfail=0 down=0s maxout=0s
 289.023  t=287s RTT mean=23347 min=10437 max=43302 n=38 to=0 | cancels=0(+0/s) seqbad=0 len_bad=0 disc=0(0x00) | tot_n=15088 tot_to=0 maxever=56460 >2ms=15088 >5ms=15081 >15ms=2985 >20ms=2508 >30ms=2439 | probes=15089 wrfail=0 down=0s maxout=0s
 290.987  t=288s RTT mean=22607 min=10886 max=41910 n=39 to=0 | cancels=0(+0/s) seqbad=0 len_bad=0 disc=0(0x00) | tot_n=15127 tot_to=0 maxever=56460 >2ms=15127 >5ms=15120 >15ms=3003 >20ms=2526 >30ms=2457 | probes=15128 wrfail=0 down=0s maxout=0s
 290.987  t=289s RTT mean=23556 min=11912 max=44696 n=38 to=0 | cancels=0(+0/s) seqbad=0 len_bad=0 disc=0(0x00) | tot_n=15165 tot_to=0 maxever=56460 >2ms=15165 >5ms=15158 >15ms=3022 >20ms=2545 >30ms=2475 | probes=15166 wrfail=0 down=0s maxout=0s
 292.974  t=290s RTT mean=22068 min=11322 max=37212 n=39 to=0 | cancels=0(+0/s) seqbad=0 len_bad=0 disc=0(0x00) | tot_n=15204 tot_to=0 maxever=56460 >2ms=15204 >5ms=15197 >15ms=3041 >20ms=2563 >30ms=2493 | probes=15205 wrfail=0 down=0s maxout=0s
 293.035  t=291s RTT mean=22259 min=5976 max=41911 n=40 to=0 | cancels=0(+0/s) seqbad=0 len_bad=0 disc=0(0x00) | tot_n=15244 tot_to=0 maxever=56460 >2ms=15244 >5ms=15237 >15ms=3061 >20ms=2581 >30ms=2511 | probes=15245 wrfail=0 down=0s maxout=0s
 294.987  t=292s RTT mean=23428 min=11466 max=41909 n=37 to=0 | cancels=0(+0/s) seqbad=0 len_bad=0 disc=0(0x00) | tot_n=15281 tot_to=0 maxever=56460 >2ms=15281 >5ms=15274 >15ms=3083 >20ms=2599 >30ms=2529 | probes=15282 wrfail=0 down=0s maxout=0s
 294.987  t=293s RTT mean=23470 min=11912 max=48958 n=38 to=0 | cancels=0(+0/s) seqbad=0 len_bad=0 disc=0(0x00) | tot_n=15319 tot_to=0 maxever=56460 >2ms=15319 >5ms=15312 >15ms=3102 >20ms=2617 >30ms=2547 | probes=15320 wrfail=0 down=0s maxout=0s
 297.001  t=294s RTT mean=21895 min=5974 max=41463 n=40 to=0 | cancels=0(+0/s) seqbad=0 len_bad=0 disc=0(0x00) | tot_n=15359 tot_to=0 maxever=56460 >2ms=15359 >5ms=15352 >15ms=3121 >20ms=2635 >30ms=2565 | probes=15360 wrfail=0 down=0s maxout=0s
 297.001  t=295s RTT mean=22178 min=5975 max=46538 n=40 to=0 | cancels=0(+0/s) seqbad=0 len_bad=0 disc=0(0x00) | tot_n=15399 tot_to=0 maxever=56460 >2ms=15399 >5ms=15392 >15ms=3139 >20ms=2653 >30ms=2583 | probes=15400 wrfail=0 down=0s maxout=0s
 298.983  t=296s RTT mean=23516 min=11332 max=41910 n=37 to=0 | cancels=0(+0/s) seqbad=0 len_bad=0 disc=0(0x00) | tot_n=15436 tot_to=0 maxever=56460 >2ms=15436 >5ms=15429 >15ms=3158 >20ms=2671 >30ms=2601 | probes=15437 wrfail=0 down=0s maxout=0s
 299.043  t=297s RTT mean=22645 min=11911 max=49409 n=39 to=0 | cancels=0(+0/s) seqbad=0 len_bad=0 disc=0(0x00) | tot_n=15475 tot_to=0 maxever=56460 >2ms=15475 >5ms=15468 >15ms=3177 >20ms=2689 >30ms=2619 | probes=15476 wrfail=0 down=0s maxout=0s
 301.023  t=298s RTT mean=24264 min=5976 max=42359 n=37 to=0 | cancels=0(+0/s) seqbad=0 len_bad=0 disc=0(0x00) | tot_n=15512 tot_to=0 maxever=56460 >2ms=15512 >5ms=15505 >15ms=3198 >20ms=2707 >30ms=2637 | probes=15513 wrfail=0 down=0s maxout=0s
 301.024  t=299s RTT mean=22307 min=11911 max=41460 n=39 to=0 | cancels=0(+0/s) seqbad=0 len_bad=0 disc=0(0x00) | tot_n=15551 tot_to=0 maxever=56460 >2ms=15551 >5ms=15544 >15ms=3216 >20ms=2725 >30ms=2655 | probes=15552 wrfail=0 down=0s maxout=0s
 303.007  t=300s RTT mean=23656 min=5973 max=43752 n=37 to=0 | cancels=0(+0/s) seqbad=0 len_bad=0 disc=0(0x00) | tot_n=15588 tot_to=0 maxever=56460 >2ms=15588 >5ms=15581 >15ms=3235 >20ms=2743 >30ms=2673 | probes=15589 wrfail=0 down=0s maxout=0s
 303.007  PCTL target=100 tot=2300 to=0 p50=17 p90=37 p99=43 p99.9=51 max=56 g30=1081 g100=0 (ms/counts)
 303.007  LOADRAMP: target=125 KBps for 60s
 303.007  t=301s RTT mean=23568 min=11912 max=41458 n=38 to=0 | cancels=0(+0/s) seqbad=0 len_bad=0 disc=0(0x00) | tot_n=15626 tot_to=0 maxever=56460 >2ms=15626 >5ms=15619 >15ms=3256 >20ms=2761 >30ms=2691 | probes=15627 wrfail=0 down=0s maxout=0s
 305.012  t=302s RTT mean=29374 min=10883 max=41911 n=31 to=0 | cancels=0(+0/s) seqbad=0 len_bad=0 disc=0(0x00) | tot_n=15657 tot_to=0 maxever=56460 >2ms=15657 >5ms=15650 >15ms=3280 >20ms=2784 >30ms=2714 | probes=15658 wrfail=0 down=0s maxout=0s
 305.012  t=303s RTT mean=28891 min=5974 max=47565 n=31 to=0 | cancels=0(+0/s) seqbad=0 len_bad=0 disc=0(0x00) | tot_n=15688 tot_to=0 maxever=56460 >2ms=15688 >5ms=15681 >15ms=3303 >20ms=2807 >30ms=2737 | probes=15689 wrfail=0 down=0s maxout=0s
 307.013  t=304s RTT mean=29708 min=11912 max=41909 n=31 to=0 | cancels=0(+0/s) seqbad=0 len_bad=0 disc=0(0x00) | tot_n=15719 tot_to=0 maxever=56460 >2ms=15719 >5ms=15712 >15ms=3327 >20ms=2830 >30ms=2760 | probes=15720 wrfail=0 down=0s maxout=0s
 307.013  t=305s RTT mean=27194 min=9042 max=37725 n=33 to=0 | cancels=0(+0/s) seqbad=0 len_bad=0 disc=0(0x00) | tot_n=15752 tot_to=0 maxever=56460 >2ms=15752 >5ms=15745 >15ms=3351 >20ms=2854 >30ms=2783 | probes=15753 wrfail=0 down=0s maxout=0s
 309.013  t=306s RTT mean=28936 min=5975 max=44780 n=31 to=0 | cancels=0(+0/s) seqbad=0 len_bad=0 disc=0(0x00) | tot_n=15783 tot_to=0 maxever=56460 >2ms=15783 >5ms=15776 >15ms=3374 >20ms=2877 >30ms=2805 | probes=15784 wrfail=0 down=0s maxout=0s
 309.013  t=307s RTT mean=31210 min=10885 max=48960 n=29 to=0 | cancels=0(+0/s) seqbad=0 len_bad=0 disc=0(0x00) | tot_n=15812 tot_to=0 maxever=56460 >2ms=15812 >5ms=15805 >15ms=3397 >20ms=2900 >30ms=2828 | probes=15813 wrfail=0 down=0s maxout=0s
 310.997  t=308s RTT mean=29028 min=11912 max=41480 n=31 to=0 | cancels=0(+0/s) seqbad=0 len_bad=0 disc=0(0x00) | tot_n=15843 tot_to=0 maxever=56460 >2ms=15843 >5ms=15836 >15ms=3420 >20ms=2923 >30ms=2851 | probes=15844 wrfail=0 down=0s maxout=0s
 310.997  t=309s RTT mean=28330 min=10438 max=42358 n=32 to=0 | cancels=0(+0/s) seqbad=0 len_bad=0 disc=0(0x00) | tot_n=15875 tot_to=0 maxever=56460 >2ms=15875 >5ms=15868 >15ms=3444 >20ms=2946 >30ms=2874 | probes=15876 wrfail=0 down=0s maxout=0s
 312.988  t=310s RTT mean=29799 min=11912 max=48958 n=30 to=0 | cancels=0(+0/s) seqbad=0 len_bad=0 disc=0(0x00) | tot_n=15905 tot_to=0 maxever=56460 >2ms=15905 >5ms=15898 >15ms=3468 >20ms=2969 >30ms=2897 | probes=15906 wrfail=0 down=0s maxout=0s
 313.048  t=311s RTT mean=27549 min=10438 max=45228 n=33 to=0 | cancels=0(+0/s) seqbad=0 len_bad=0 disc=0(0x00) | tot_n=15938 tot_to=0 maxever=56460 >2ms=15938 >5ms=15931 >15ms=3491 >20ms=2992 >30ms=2920 | probes=15939 wrfail=0 down=0s maxout=0s
 314.998  t=312s RTT mean=29087 min=5975 max=43299 n=31 to=0 | cancels=0(+0/s) seqbad=0 len_bad=0 disc=0(0x00) | tot_n=15969 tot_to=0 maxever=56460 >2ms=15969 >5ms=15962 >15ms=3514 >20ms=3015 >30ms=2943 | probes=15970 wrfail=0 down=0s maxout=0s
 314.998  t=313s RTT mean=29239 min=9043 max=41458 n=31 to=0 | cancels=0(+0/s) seqbad=0 len_bad=0 disc=0(0x00) | tot_n=16000 tot_to=0 maxever=56460 >2ms=16000 >5ms=15993 >15ms=3537 >20ms=3038 >30ms=2966 | probes=16001 wrfail=0 down=0s maxout=0s
 317.008  t=314s RTT mean=29133 min=5975 max=49418 n=31 to=0 | cancels=0(+0/s) seqbad=0 len_bad=0 disc=0(0x00) | tot_n=16031 tot_to=0 maxever=56460 >2ms=16031 >5ms=16024 >15ms=3560 >20ms=3061 >30ms=2989 | probes=16032 wrfail=0 down=0s maxout=0s
 317.008  t=315s RTT mean=29525 min=11912 max=44696 n=31 to=0 | cancels=0(+0/s) seqbad=0 len_bad=0 disc=0(0x00) | tot_n=16062 tot_to=0 maxever=56460 >2ms=16062 >5ms=16055 >15ms=3584 >20ms=3084 >30ms=3012 | probes=16063 wrfail=0 down=0s maxout=0s
 318.998  t=316s RTT mean=30003 min=11911 max=42379 n=30 to=0 | cancels=0(+0/s) seqbad=0 len_bad=0 disc=0(0x00) | tot_n=16092 tot_to=0 maxever=56460 >2ms=16092 >5ms=16085 >15ms=3608 >20ms=3107 >30ms=3035 | probes=16093 wrfail=0 down=0s maxout=0s
 318.999  t=317s RTT mean=27804 min=5975 max=49410 n=32 to=0 | cancels=0(+0/s) seqbad=0 len_bad=0 disc=0(0x00) | tot_n=16124 tot_to=0 maxever=56460 >2ms=16124 >5ms=16117 >15ms=3632 >20ms=3130 >30ms=3058 | probes=16125 wrfail=0 down=0s maxout=0s
 321.002  t=318s RTT mean=27297 min=7649 max=40430 n=34 to=0 | cancels=0(+0/s) seqbad=0 len_bad=0 disc=0(0x00) | tot_n=16158 tot_to=0 maxever=56460 >2ms=16158 >5ms=16151 >15ms=3656 >20ms=3154 >30ms=3082 | probes=16158 wrfail=0 down=0s maxout=0s
 321.003  t=319s RTT mean=27159 min=10875 max=41910 n=32 to=0 | cancels=0(+0/s) seqbad=0 len_bad=0 disc=0(0x00) | tot_n=16190 tot_to=0 maxever=56460 >2ms=16190 >5ms=16183 >15ms=3679 >20ms=3176 >30ms=3104 | probes=16191 wrfail=0 down=0s maxout=0s
 322.998  t=320s RTT mean=30645 min=11911 max=41909 n=30 to=0 | cancels=0(+0/s) seqbad=0 len_bad=0 disc=0(0x00) | tot_n=16220 tot_to=0 maxever=56460 >2ms=16220 >5ms=16213 >15ms=3703 >20ms=3199 >30ms=3127 | probes=16221 wrfail=0 down=0s maxout=0s
 322.998  t=321s RTT mean=28753 min=5975 max=46011 n=31 to=0 | cancels=0(+0/s) seqbad=0 len_bad=0 disc=0(0x00) | tot_n=16251 tot_to=0 maxever=56460 >2ms=16251 >5ms=16244 >15ms=3727 >20ms=3223 >30ms=3150 | probes=16252 wrfail=0 down=0s maxout=0s
 325.025  t=322s RTT mean=28406 min=10437 max=44774 n=32 to=0 | cancels=0(+0/s) seqbad=0 len_bad=0 disc=0(0x00) | tot_n=16283 tot_to=0 maxever=56460 >2ms=16283 >5ms=16276 >15ms=3750 >20ms=3246 >30ms=3173 | probes=16284 wrfail=0 down=0s maxout=0s
 325.025  t=323s RTT mean=28097 min=7404 max=43753 n=32 to=0 | cancels=0(+0/s) seqbad=0 len_bad=0 disc=0(0x00) | tot_n=16315 tot_to=0 maxever=56460 >2ms=16315 >5ms=16308 >15ms=3774 >20ms=3269 >30ms=3196 | probes=16316 wrfail=0 down=0s maxout=0s
 327.024  t=324s RTT mean=29315 min=5975 max=49344 n=31 to=0 | cancels=0(+0/s) seqbad=0 len_bad=0 disc=0(0x00) | tot_n=16346 tot_to=0 maxever=56460 >2ms=16346 >5ms=16339 >15ms=3797 >20ms=3292 >30ms=3219 | probes=16347 wrfail=0 down=0s maxout=0s
 327.024  t=325s RTT mean=29329 min=9030 max=41459 n=31 to=0 | cancels=0(+0/s) seqbad=0 len_bad=0 disc=0(0x00) | tot_n=16377 tot_to=0 maxever=56460 >2ms=16377 >5ms=16370 >15ms=3821 >20ms=3315 >30ms=3242 | probes=16378 wrfail=0 down=0s maxout=0s
 329.026  t=326s RTT mean=28096 min=10886 max=43302 n=32 to=0 | cancels=0(+0/s) seqbad=0 len_bad=0 disc=0(0x00) | tot_n=16409 tot_to=0 maxever=56460 >2ms=16409 >5ms=16402 >15ms=3844 >20ms=3338 >30ms=3265 | probes=16410 wrfail=0 down=0s maxout=0s
 329.026  t=327s RTT mean=28831 min=5975 max=48959 n=31 to=0 | cancels=0(+0/s) seqbad=0 len_bad=0 disc=0(0x00) | tot_n=16440 tot_to=0 maxever=56460 >2ms=16440 >5ms=16433 >15ms=3867 >20ms=3361 >30ms=3288 | probes=16441 wrfail=0 down=0s maxout=0s
 331.019  t=328s RTT mean=27144 min=9043 max=38589 n=34 to=0 | cancels=0(+0/s) seqbad=0 len_bad=0 disc=0(0x00) | tot_n=16474 tot_to=0 maxever=56460 >2ms=16474 >5ms=16467 >15ms=3891 >20ms=3385 >30ms=3312 | probes=16475 wrfail=0 down=0s maxout=0s
 331.019  t=329s RTT mean=26498 min=9043 max=39123 n=33 to=0 | cancels=0(+0/s) seqbad=0 len_bad=0 disc=0(0x00) | tot_n=16507 tot_to=0 maxever=56460 >2ms=16507 >5ms=16500 >15ms=3913 >20ms=3407 >30ms=3334 | probes=16508 wrfail=0 down=0s maxout=0s
 332.980  t=330s RTT mean=27550 min=5975 max=41910 n=33 to=0 | cancels=0(+0/s) seqbad=0 len_bad=0 disc=0(0x00) | tot_n=16540 tot_to=0 maxever=56460 >2ms=16540 >5ms=16533 >15ms=3936 >20ms=3430 >30ms=3357 | probes=16541 wrfail=0 down=0s maxout=0s
 333.040  t=331s RTT mean=27719 min=11912 max=41458 n=33 to=0 | cancels=0(+0/s) seqbad=0 len_bad=0 disc=0(0x00) | tot_n=16573 tot_to=0 maxever=56460 >2ms=16573 >5ms=16566 >15ms=3961 >20ms=3454 >30ms=3381 | probes=16573 wrfail=0 down=0s maxout=0s
 334.985  t=332s RTT mean=27238 min=11911 max=40516 n=33 to=0 | cancels=0(+0/s) seqbad=0 len_bad=0 disc=0(0x00) | tot_n=16606 tot_to=0 maxever=56460 >2ms=16606 >5ms=16599 >15ms=3984 >20ms=3477 >30ms=3404 | probes=16606 wrfail=0 down=0s maxout=0s
 335.045  t=333s RTT mean=26456 min=5975 max=41909 n=33 to=0 | cancels=0(+0/s) seqbad=0 len_bad=0 disc=0(0x00) | tot_n=16639 tot_to=0 maxever=56460 >2ms=16639 >5ms=16632 >15ms=4006 >20ms=3499 >30ms=3426 | probes=16640 wrfail=0 down=0s maxout=0s
 336.971  t=334s RTT mean=28831 min=11911 max=41930 n=31 to=0 | cancels=0(+0/s) seqbad=0 len_bad=0 disc=0(0x00) | tot_n=16670 tot_to=0 maxever=56460 >2ms=16670 >5ms=16663 >15ms=4029 >20ms=3522 >30ms=3449 | probes=16671 wrfail=0 down=0s maxout=0s
 337.031  t=335s RTT mean=28566 min=6250 max=41459 n=32 to=0 | cancels=0(+0/s) seqbad=0 len_bad=0 disc=0(0x00) | tot_n=16702 tot_to=0 maxever=56460 >2ms=16702 >5ms=16695 >15ms=4052 >20ms=3545 >30ms=3472 | probes=16703 wrfail=0 down=0s maxout=0s
 339.013  t=336s RTT mean=28872 min=11467 max=41903 n=32 to=0 | cancels=0(+0/s) seqbad=0 len_bad=0 disc=0(0x00) | tot_n=16734 tot_to=0 maxever=56460 >2ms=16734 >5ms=16727 >15ms=4076 >20ms=3569 >30ms=3496 | probes=16734 wrfail=0 down=0s maxout=0s
 339.014  t=337s RTT mean=29552 min=10885 max=46170 n=30 to=0 | cancels=0(+0/s) seqbad=0 len_bad=0 disc=0(0x00) | tot_n=16764 tot_to=0 maxever=56460 >2ms=16764 >5ms=16757 >15ms=4098 >20ms=3591 >30ms=3518 | probes=16765 wrfail=0 down=0s maxout=0s
 341.010  t=338s RTT mean=27862 min=6252 max=44779 n=32 to=0 | cancels=0(+0/s) seqbad=0 len_bad=0 disc=0(0x00) | tot_n=16796 tot_to=0 maxever=56460 >2ms=16796 >5ms=16789 >15ms=4121 >20ms=3614 >30ms=3541 | probes=16797 wrfail=0 down=0s maxout=0s
 341.010  t=339s RTT mean=28637 min=11911 max=48009 n=32 to=0 | cancels=0(+0/s) seqbad=0 len_bad=0 disc=0(0x00) | tot_n=16828 tot_to=0 maxever=56460 >2ms=16828 >5ms=16821 >15ms=4145 >20ms=3637 >30ms=3564 | probes=16829 wrfail=0 down=0s maxout=0s
 342.986  t=340s RTT mean=28998 min=10438 max=53753 n=31 to=0 | cancels=0(+0/s) seqbad=0 len_bad=0 disc=0(0x00) | tot_n=16859 tot_to=0 maxever=56460 >2ms=16859 >5ms=16852 >15ms=4168 >20ms=3660 >30ms=3587 | probes=16860 wrfail=0 down=0s maxout=0s
 343.039  t=341s RTT mean=28980 min=10886 max=48013 n=31 to=0 | cancels=0(+0/s) seqbad=0 len_bad=0 disc=0(0x00) | tot_n=16890 tot_to=0 maxever=56460 >2ms=16890 >5ms=16883 >15ms=4191 >20ms=3683 >30ms=3610 | probes=16891 wrfail=0 down=0s maxout=0s
 345.005  t=342s RTT mean=30021 min=5976 max=48960 n=30 to=0 | cancels=0(+0/s) seqbad=0 len_bad=0 disc=0(0x00) | tot_n=16920 tot_to=0 maxever=56460 >2ms=16920 >5ms=16913 >15ms=4216 >20ms=3706 >30ms=3633 | probes=16921 wrfail=0 down=0s maxout=0s
 345.006  t=343s RTT mean=31299 min=11467 max=55516 n=30 to=0 | cancels=0(+0/s) seqbad=0 len_bad=0 disc=0(0x00) | tot_n=16950 tot_to=0 maxever=56460 >2ms=16950 >5ms=16943 >15ms=4240 >20ms=3730 >30ms=3656 | probes=16951 wrfail=0 down=0s maxout=0s
 346.991  t=344s RTT mean=31146 min=10438 max=48958 n=28 to=0 | cancels=0(+0/s) seqbad=0 len_bad=0 disc=0(0x00) | tot_n=16978 tot_to=0 maxever=56460 >2ms=16978 >5ms=16971 >15ms=4262 >20ms=3752 >30ms=3678 | probes=16979 wrfail=0 down=0s maxout=0s
 347.052  t=345s RTT mean=31551 min=10425 max=46621 n=30 to=0 | cancels=0(+0/s) seqbad=0 len_bad=0 disc=0(0x00) | tot_n=17008 tot_to=0 maxever=56460 >2ms=17008 >5ms=17001 >15ms=4287 >20ms=3777 >30ms=3703 | probes=17009 wrfail=0 down=0s maxout=0s
 349.005  t=346s RTT mean=27279 min=10438 max=42362 n=33 to=0 | cancels=0(+0/s) seqbad=0 len_bad=0 disc=0(0x00) | tot_n=17041 tot_to=0 maxever=56460 >2ms=17041 >5ms=17034 >15ms=4310 >20ms=3800 >30ms=3726 | probes=17042 wrfail=0 down=0s maxout=0s
 349.005  t=347s RTT mean=28997 min=9491 max=46622 n=31 to=0 | cancels=0(+0/s) seqbad=0 len_bad=0 disc=0(0x00) | tot_n=17072 tot_to=0 maxever=56460 >2ms=17072 >5ms=17065 >15ms=4333 >20ms=3823 >30ms=3749 | probes=17073 wrfail=0 down=0s maxout=0s
 350.985  t=348s RTT mean=28316 min=10885 max=45226 n=32 to=0 | cancels=0(+0/s) seqbad=0 len_bad=0 disc=0(0x00) | tot_n=17104 tot_to=0 maxever=56460 >2ms=17104 >5ms=17097 >15ms=4356 >20ms=3846 >30ms=3772 | probes=17105 wrfail=0 down=0s maxout=0s
 351.039  t=349s RTT mean=28024 min=10438 max=41828 n=32 to=0 | cancels=0(+0/s) seqbad=0 len_bad=0 disc=0(0x00) | tot_n=17136 tot_to=0 maxever=56460 >2ms=17136 >5ms=17129 >15ms=4380 >20ms=3869 >30ms=3794 | probes=17137 wrfail=0 down=0s maxout=0s
 352.973  t=350s RTT mean=26697 min=11913 max=46620 n=33 to=0 | cancels=0(+0/s) seqbad=0 len_bad=0 disc=0(0x00) | tot_n=17169 tot_to=0 maxever=56460 >2ms=17169 >5ms=17162 >15ms=4403 >20ms=3892 >30ms=3816 | probes=17170 wrfail=0 down=0s maxout=0s
 353.027  t=351s RTT mean=28033 min=10875 max=40516 n=33 to=0 | cancels=0(+0/s) seqbad=0 len_bad=0 disc=0(0x00) | tot_n=17202 tot_to=0 maxever=56460 >2ms=17202 >5ms=17195 >15ms=4427 >20ms=3916 >30ms=3840 | probes=17202 wrfail=0 down=0s maxout=0s
 354.979  t=352s RTT mean=27194 min=8095 max=41909 n=33 to=0 | cancels=0(+0/s) seqbad=0 len_bad=0 disc=0(0x00) | tot_n=17235 tot_to=0 maxever=56460 >2ms=17235 >5ms=17228 >15ms=4450 >20ms=3939 >30ms=3863 | probes=17235 wrfail=0 down=0s maxout=0s
 355.040  t=353s RTT mean=28317 min=11911 max=45229 n=31 to=0 | cancels=0(+0/s) seqbad=0 len_bad=0 disc=0(0x00) | tot_n=17266 tot_to=0 maxever=56460 >2ms=17266 >5ms=17259 >15ms=4472 >20ms=3961 >30ms=3885 | probes=17267 wrfail=0 down=0s maxout=0s
 356.985  t=354s RTT mean=28846 min=10427 max=43302 n=31 to=0 | cancels=0(+0/s) seqbad=0 len_bad=0 disc=0(0x00) | tot_n=17297 tot_to=0 maxever=56460 >2ms=17297 >5ms=17290 >15ms=4496 >20ms=3984 >30ms=3908 | probes=17298 wrfail=0 down=0s maxout=0s
 357.045  t=355s RTT mean=29222 min=10438 max=41908 n=31 to=0 | cancels=0(+0/s) seqbad=0 len_bad=0 disc=0(0x00) | tot_n=17328 tot_to=0 maxever=56460 >2ms=17328 >5ms=17321 >15ms=4519 >20ms=4007 >30ms=3931 | probes=17329 wrfail=0 down=0s maxout=0s
 358.998  t=356s RTT mean=29437 min=5975 max=49410 n=31 to=0 | cancels=0(+0/s) seqbad=0 len_bad=0 disc=0(0x00) | tot_n=17359 tot_to=0 maxever=56460 >2ms=17359 >5ms=17352 >15ms=4543 >20ms=4030 >30ms=3954 | probes=17360 wrfail=0 down=0s maxout=0s
 358.999  t=357s RTT mean=28890 min=11911 max=41461 n=31 to=0 | cancels=0(+0/s) seqbad=0 len_bad=0 disc=0(0x00) | tot_n=17390 tot_to=0 maxever=56460 >2ms=17390 >5ms=17383 >15ms=4567 >20ms=4053 >30ms=3977 | probes=17391 wrfail=0 down=0s maxout=0s
 361.023  t=358s RTT mean=28317 min=11912 max=46622 n=32 to=0 | cancels=0(+0/s) seqbad=0 len_bad=0 disc=0(0x00) | tot_n=17422 tot_to=0 maxever=56460 >2ms=17422 >5ms=17415 >15ms=4590 >20ms=4076 >30ms=4000 | probes=17423 wrfail=0 down=0s maxout=0s
 361.023  t=359s RTT mean=28961 min=10437 max=46089 n=32 to=0 | cancels=0(+0/s) seqbad=0 len_bad=0 disc=0(0x00) | tot_n=17454 tot_to=0 maxever=56460 >2ms=17454 >5ms=17447 >15ms=4614 >20ms=4100 >30ms=4024 | probes=17455 wrfail=0 down=0s maxout=0s
 363.020  t=360s RTT mean=27380 min=10439 max=43471 n=32 to=0 | cancels=0(+0/s) seqbad=0 len_bad=0 disc=0(0x00) | tot_n=17486 tot_to=0 maxever=56460 >2ms=17486 >5ms=17479 >15ms=4636 >20ms=4122 >30ms=4046 | probes=17487 wrfail=0 down=0s maxout=0s
 363.020  PCTL target=125 tot=1892 to=0 p50=33 p90=39 p99=46 p99.9=49 max=55 g30=1378 g100=0 (ms/counts)
 363.020  LOADRAMP: target=150 KBps for 60s
 363.020  t=361s RTT mean=28316 min=11911 max=41460 n=32 to=0 | cancels=0(+0/s) seqbad=0 len_bad=0 disc=0(0x00) | tot_n=17518 tot_to=0 maxever=56460 >2ms=17518 >5ms=17511 >15ms=4659 >20ms=4145 >30ms=4069 | probes=17519 wrfail=0 down=0s maxout=0s
 364.980  t=362s RTT mean=35851 min=31538 max=46089 n=26 to=0 | cancels=0(+0/s) seqbad=0 len_bad=0 disc=0(0x00) | tot_n=17544 tot_to=0 maxever=56460 >2ms=17544 >5ms=17537 >15ms=4685 >20ms=4171 >30ms=4095 | probes=17545 wrfail=0 down=0s maxout=0s
 365.040  t=363s RTT mean=33854 min=31538 max=41910 n=27 to=0 | cancels=0(+0/s) seqbad=0 len_bad=0 disc=0(0x00) | tot_n=17571 tot_to=0 maxever=56460 >2ms=17571 >5ms=17564 >15ms=4712 >20ms=4198 >30ms=4122 | probes=17572 wrfail=0 down=0s maxout=0s
 366.995  t=364s RTT mean=34698 min=31538 max=46090 n=26 to=0 | cancels=0(+0/s) seqbad=0 len_bad=0 disc=0(0x00) | tot_n=17597 tot_to=0 maxever=56460 >2ms=17597 >5ms=17590 >15ms=4738 >20ms=4224 >30ms=4148 | probes=17598 wrfail=0 down=0s maxout=0s
 367.054  t=365s RTT mean=34686 min=31536 max=48959 n=27 to=0 | cancels=0(+0/s) seqbad=0 len_bad=0 disc=0(0x00) | tot_n=17624 tot_to=0 maxever=56460 >2ms=17624 >5ms=17617 >15ms=4765 >20ms=4251 >30ms=4175 | probes=17625 wrfail=0 down=0s maxout=0s
 368.983  t=366s RTT mean=34477 min=31540 max=42358 n=27 to=0 | cancels=0(+0/s) seqbad=0 len_bad=0 disc=0(0x00) | tot_n=17651 tot_to=0 maxever=56460 >2ms=17651 >5ms=17644 >15ms=4792 >20ms=4278 >30ms=4202 | probes=17651 wrfail=0 down=0s maxout=0s
 369.036  t=367s RTT mean=35093 min=31537 max=42359 n=26 to=0 | cancels=0(+0/s) seqbad=0 len_bad=0 disc=0(0x00) | tot_n=17677 tot_to=0 maxever=56460 >2ms=17677 >5ms=17670 >15ms=4818 >20ms=4304 >30ms=4228 | probes=17678 wrfail=0 down=0s maxout=0s
 370.999  t=368s RTT mean=33699 min=31540 max=41929 n=27 to=0 | cancels=0(+0/s) seqbad=0 len_bad=0 disc=0(0x00) | tot_n=17704 tot_to=0 maxever=56460 >2ms=17704 >5ms=17697 >15ms=4845 >20ms=4331 >30ms=4255 | probes=17705 wrfail=0 down=0s maxout=0s
 371.059  t=369s RTT mean=34114 min=31538 max=41460 n=27 to=0 | cancels=0(+0/s) seqbad=0 len_bad=0 disc=0(0x00) | tot_n=17731 tot_to=0 maxever=56460 >2ms=17731 >5ms=17724 >15ms=4872 >20ms=4358 >30ms=4282 | probes=17732 wrfail=0 down=0s maxout=0s
 373.035  t=370s RTT mean=33974 min=31537 max=39142 n=27 to=0 | cancels=0(+0/s) seqbad=0 len_bad=0 disc=0(0x00) | tot_n=17758 tot_to=0 maxever=56460 >2ms=17758 >5ms=17751 >15ms=4899 >20ms=4385 >30ms=4309 | probes=17759 wrfail=0 down=0s maxout=0s
 373.036  t=371s RTT mean=33627 min=31537 max=41915 n=27 to=0 | cancels=0(+0/s) seqbad=0 len_bad=0 disc=0(0x00) | tot_n=17785 tot_to=0 maxever=56460 >2ms=17785 >5ms=17778 >15ms=4926 >20ms=4412 >30ms=4336 | probes=17786 wrfail=0 down=0s maxout=0s
 374.984  t=372s RTT mean=33854 min=31537 max=41458 n=27 to=0 | cancels=0(+0/s) seqbad=0 len_bad=0 disc=0(0x00) | tot_n=17812 tot_to=0 maxever=56460 >2ms=17812 >5ms=17805 >15ms=4953 >20ms=4439 >30ms=4363 | probes=17813 wrfail=0 down=0s maxout=0s
 375.039  t=373s RTT mean=34305 min=31539 max=41457 n=27 to=0 | cancels=0(+0/s) seqbad=0 len_bad=0 disc=0(0x00) | tot_n=17839 tot_to=0 maxever=56460 >2ms=17839 >5ms=17832 >15ms=4980 >20ms=4466 >30ms=4390 | probes=17840 wrfail=0 down=0s maxout=0s
 377.024  t=374s RTT mean=35275 min=31540 max=48016 n=26 to=0 | cancels=0(+0/s) seqbad=0 len_bad=0 disc=0(0x00) | tot_n=17865 tot_to=0 maxever=56460 >2ms=17865 >5ms=17858 >15ms=5006 >20ms=4492 >30ms=4416 | probes=17866 wrfail=0 down=0s maxout=0s
 377.025  t=375s RTT mean=34986 min=31538 max=43754 n=26 to=0 | cancels=0(+0/s) seqbad=0 len_bad=0 disc=0(0x00) | tot_n=17891 tot_to=0 maxever=56460 >2ms=17891 >5ms=17884 >15ms=5032 >20ms=4518 >30ms=4442 | probes=17892 wrfail=0 down=0s maxout=0s
 379.002  t=376s RTT mean=33853 min=31540 max=40061 n=27 to=0 | cancels=0(+0/s) seqbad=0 len_bad=0 disc=0(0x00) | tot_n=17918 tot_to=0 maxever=56460 >2ms=17918 >5ms=17911 >15ms=5059 >20ms=4545 >30ms=4469 | probes=17919 wrfail=0 down=0s maxout=0s
 379.002  t=377s RTT mean=34460 min=31540 max=52644 n=27 to=0 | cancels=0(+0/s) seqbad=0 len_bad=0 disc=0(0x00) | tot_n=17945 tot_to=0 maxever=56460 >2ms=17945 >5ms=17938 >15ms=5086 >20ms=4572 >30ms=4496 | probes=17946 wrfail=0 down=0s maxout=0s
 380.989  t=378s RTT mean=35150 min=31537 max=43323 n=26 to=0 | cancels=0(+0/s) seqbad=0 len_bad=0 disc=0(0x00) | tot_n=17971 tot_to=0 maxever=56460 >2ms=17971 >5ms=17964 >15ms=5112 >20ms=4598 >30ms=4522 | probes=17972 wrfail=0 down=0s maxout=0s
 381.049  t=379s RTT mean=35908 min=31540 max=43756 n=25 to=0 | cancels=0(+0/s) seqbad=0 len_bad=0 disc=0(0x00) | tot_n=17996 tot_to=0 maxever=56460 >2ms=17996 >5ms=17989 >15ms=5137 >20ms=4623 >30ms=4547 | probes=17997 wrfail=0 down=0s maxout=0s
 383.007  t=380s RTT mean=37709 min=31537 max=49409 n=25 to=0 | cancels=0(+0/s) seqbad=0 len_bad=0 disc=0(0x00) | tot_n=18021 tot_to=0 maxever=56460 >2ms=18021 >5ms=18014 >15ms=5162 >20ms=4648 >30ms=4572 | probes=18022 wrfail=0 down=0s maxout=0s
 383.007  t=381s RTT mean=37726 min=31538 max=49408 n=25 to=0 | cancels=0(+0/s) seqbad=0 len_bad=0 disc=0(0x00) | tot_n=18046 tot_to=0 maxever=56460 >2ms=18046 >5ms=18039 >15ms=5187 >20ms=4673 >30ms=4597 | probes=18047 wrfail=0 down=0s maxout=0s
 384.985  t=382s RTT mean=35147 min=31537 max=41461 n=26 to=0 | cancels=0(+0/s) seqbad=0 len_bad=0 disc=0(0x00) | tot_n=18072 tot_to=0 maxever=56460 >2ms=18072 >5ms=18065 >15ms=5213 >20ms=4699 >30ms=4623 | probes=18073 wrfail=0 down=0s maxout=0s
 385.039  t=383s RTT mean=36041 min=31540 max=43303 n=25 to=0 | cancels=0(+0/s) seqbad=0 len_bad=0 disc=0(0x00) | tot_n=18097 tot_to=0 maxever=56460 >2ms=18097 >5ms=18090 >15ms=5238 >20ms=4724 >30ms=4648 | probes=18098 wrfail=0 down=0s maxout=0s
 387.034  t=384s RTT mean=34132 min=31540 max=44694 n=27 to=0 | cancels=0(+0/s) seqbad=0 len_bad=0 disc=0(0x00) | tot_n=18124 tot_to=0 maxever=56460 >2ms=18124 >5ms=18117 >15ms=5265 >20ms=4751 >30ms=4675 | probes=18125 wrfail=0 down=0s maxout=0s
 387.034  t=385s RTT mean=34680 min=31538 max=43299 n=26 to=0 | cancels=0(+0/s) seqbad=0 len_bad=0 disc=0(0x00) | tot_n=18150 tot_to=0 maxever=56460 >2ms=18150 >5ms=18143 >15ms=5291 >20ms=4777 >30ms=4701 | probes=18151 wrfail=0 down=0s maxout=0s
 389.029  t=386s RTT mean=36499 min=31540 max=51254 n=26 to=0 | cancels=0(+0/s) seqbad=0 len_bad=0 disc=0(0x00) | tot_n=18176 tot_to=0 maxever=56460 >2ms=18176 >5ms=18169 >15ms=5317 >20ms=4803 >30ms=4727 | probes=18177 wrfail=0 down=0s maxout=0s
 389.029  t=387s RTT mean=35780 min=31541 max=44696 n=26 to=0 | cancels=0(+0/s) seqbad=0 len_bad=0 disc=0(0x00) | tot_n=18202 tot_to=0 maxever=56460 >2ms=18202 >5ms=18195 >15ms=5343 >20ms=4829 >30ms=4753 | probes=18203 wrfail=0 down=0s maxout=0s
 391.040  t=388s RTT mean=35494 min=31540 max=43303 n=25 to=0 | cancels=0(+0/s) seqbad=0 len_bad=0 disc=0(0x00) | tot_n=18227 tot_to=0 maxever=56460 >2ms=18227 >5ms=18220 >15ms=5368 >20ms=4854 >30ms=4778 | probes=18228 wrfail=0 down=0s maxout=0s
 391.040  t=389s RTT mean=35138 min=31537 max=41458 n=27 to=0 | cancels=0(+0/s) seqbad=0 len_bad=0 disc=0(0x00) | tot_n=18254 tot_to=0 maxever=56460 >2ms=18254 >5ms=18247 >15ms=5395 >20ms=4881 >30ms=4805 | probes=18255 wrfail=0 down=0s maxout=0s
 392.993  t=390s RTT mean=36265 min=31539 max=63016 n=25 to=0 | cancels=0(+0/s) seqbad=0 len_bad=0 disc=0(0x00) | tot_n=18279 tot_to=0 maxever=63016 >2ms=18279 >5ms=18272 >15ms=5420 >20ms=4906 >30ms=4830 | probes=18280 wrfail=0 down=0s maxout=0s
 393.053  t=391s RTT mean=34583 min=31540 max=41911 n=27 to=0 | cancels=0(+0/s) seqbad=0 len_bad=0 disc=0(0x00) | tot_n=18306 tot_to=0 maxever=63016 >2ms=18306 >5ms=18299 >15ms=5447 >20ms=4933 >30ms=4857 | probes=18307 wrfail=0 down=0s maxout=0s
 395.009  t=392s RTT mean=34680 min=31538 max=49411 n=26 to=0 | cancels=0(+0/s) seqbad=0 len_bad=0 disc=0(0x00) | tot_n=18332 tot_to=0 maxever=63016 >2ms=18332 >5ms=18325 >15ms=5473 >20ms=4959 >30ms=4883 | probes=18333 wrfail=0 down=0s maxout=0s
 395.009  t=393s RTT mean=35291 min=31537 max=41454 n=26 to=0 | cancels=0(+0/s) seqbad=0 len_bad=0 disc=0(0x00) | tot_n=18358 tot_to=0 maxever=63016 >2ms=18358 >5ms=18351 >15ms=5499 >20ms=4985 >30ms=4909 | probes=18359 wrfail=0 down=0s maxout=0s
 396.996  t=394s RTT mean=35275 min=31540 max=41927 n=26 to=0 | cancels=0(+0/s) seqbad=0 len_bad=0 disc=0(0x00) | tot_n=18384 tot_to=0 maxever=63016 >2ms=18384 >5ms=18377 >15ms=5525 >20ms=5011 >30ms=4935 | probes=18385 wrfail=0 down=0s maxout=0s
 397.056  t=395s RTT mean=35616 min=31539 max=52280 n=26 to=0 | cancels=0(+0/s) seqbad=0 len_bad=0 disc=0(0x00) | tot_n=18410 tot_to=0 maxever=63016 >2ms=18410 >5ms=18403 >15ms=5551 >20ms=5037 >30ms=4961 | probes=18411 wrfail=0 down=0s maxout=0s
 398.991  t=396s RTT mean=36509 min=31619 max=49409 n=25 to=0 | cancels=0(+0/s) seqbad=0 len_bad=0 disc=0(0x00) | tot_n=18435 tot_to=0 maxever=63016 >2ms=18435 >5ms=18428 >15ms=5576 >20ms=5062 >30ms=4986 | probes=18436 wrfail=0 down=0s maxout=0s
 399.052  t=397s RTT mean=34964 min=31540 max=52196 n=27 to=0 | cancels=0(+0/s) seqbad=0 len_bad=0 disc=0(0x00) | tot_n=18462 tot_to=0 maxever=63016 >2ms=18462 >5ms=18455 >15ms=5603 >20ms=5089 >30ms=5013 | probes=18463 wrfail=0 down=0s maxout=0s
 401.001  t=398s RTT mean=34121 min=31540 max=41459 n=26 to=0 | cancels=0(+0/s) seqbad=0 len_bad=0 disc=0(0x00) | tot_n=18488 tot_to=0 maxever=63016 >2ms=18488 >5ms=18481 >15ms=5629 >20ms=5115 >30ms=5039 | probes=18489 wrfail=0 down=0s maxout=0s
 401.061  t=399s RTT mean=35468 min=31540 max=43305 n=27 to=0 | cancels=0(+0/s) seqbad=0 len_bad=0 disc=0(0x00) | tot_n=18515 tot_to=0 maxever=63016 >2ms=18515 >5ms=18508 >15ms=5656 >20ms=5142 >30ms=5066 | probes=18515 wrfail=0 down=0s maxout=0s
 403.008  t=400s RTT mean=34680 min=31540 max=43303 n=26 to=0 | cancels=0(+0/s) seqbad=0 len_bad=0 disc=0(0x00) | tot_n=18541 tot_to=0 maxever=63016 >2ms=18541 >5ms=18534 >15ms=5682 >20ms=5168 >30ms=5092 | probes=18542 wrfail=0 down=0s maxout=0s
 403.008  t=401s RTT mean=35291 min=31539 max=45147 n=26 to=0 | cancels=0(+0/s) seqbad=0 len_bad=0 disc=0(0x00) | tot_n=18567 tot_to=0 maxever=63016 >2ms=18567 >5ms=18560 >15ms=5708 >20ms=5194 >30ms=5118 | probes=18568 wrfail=0 down=0s maxout=0s
 405.027  t=402s RTT mean=34969 min=31540 max=41909 n=26 to=0 | cancels=0(+0/s) seqbad=0 len_bad=0 disc=0(0x00) | tot_n=18593 tot_to=0 maxever=63016 >2ms=18593 >5ms=18586 >15ms=5734 >20ms=5220 >30ms=5144 | probes=18594 wrfail=0 down=0s maxout=0s
 405.027  t=403s RTT mean=34302 min=31537 max=41905 n=27 to=0 | cancels=0(+0/s) seqbad=0 len_bad=0 disc=0(0x00) | tot_n=18620 tot_to=0 maxever=63016 >2ms=18620 >5ms=18613 >15ms=5761 >20ms=5247 >30ms=5171 | probes=18621 wrfail=0 down=0s maxout=0s
 407.000  t=404s RTT mean=35385 min=31538 max=46089 n=26 to=0 | cancels=0(+0/s) seqbad=0 len_bad=0 disc=0(0x00) | tot_n=18646 tot_to=0 maxever=63016 >2ms=18646 >5ms=18639 >15ms=5787 >20ms=5273 >30ms=5197 | probes=18647 wrfail=0 down=0s maxout=0s
 407.060  t=405s RTT mean=34477 min=31540 max=41909 n=27 to=0 | cancels=0(+0/s) seqbad=0 len_bad=0 disc=0(0x00) | tot_n=18673 tot_to=0 maxever=63016 >2ms=18673 >5ms=18666 >15ms=5814 >20ms=5300 >30ms=5224 | probes=18674 wrfail=0 down=0s maxout=0s
 409.007  t=406s RTT mean=35965 min=31538 max=49412 n=25 to=0 | cancels=0(+0/s) seqbad=0 len_bad=0 disc=0(0x00) | tot_n=18698 tot_to=0 maxever=63016 >2ms=18698 >5ms=18691 >15ms=5839 >20ms=5325 >30ms=5249 | probes=18699 wrfail=0 down=0s maxout=0s
 409.067  t=407s RTT mean=34844 min=31538 max=44695 n=27 to=0 | cancels=0(+0/s) seqbad=0 len_bad=0 disc=0(0x00) | tot_n=18725 tot_to=0 maxever=63016 >2ms=18725 >5ms=18718 >15ms=5866 >20ms=5352 >30ms=5276 | probes=18726 wrfail=0 down=0s maxout=0s
 411.042  t=408s RTT mean=34426 min=31540 max=42358 n=26 to=0 | cancels=0(+0/s) seqbad=0 len_bad=0 disc=0(0x00) | tot_n=18751 tot_to=0 maxever=63016 >2ms=18751 >5ms=18744 >15ms=5892 >20ms=5378 >30ms=5302 | probes=18752 wrfail=0 down=0s maxout=0s
 411.043  t=409s RTT mean=34686 min=31539 max=40519 n=27 to=0 | cancels=0(+0/s) seqbad=0 len_bad=0 disc=0(0x00) | tot_n=18778 tot_to=0 maxever=63016 >2ms=18778 >5ms=18771 >15ms=5919 >20ms=5405 >30ms=5329 | probes=18779 wrfail=0 down=0s maxout=0s
 413.035  t=410s RTT mean=35617 min=31540 max=48017 n=26 to=0 | cancels=0(+0/s) seqbad=0 len_bad=0 disc=0(0x00) | tot_n=18804 tot_to=0 maxever=63016 >2ms=18804 >5ms=18797 >15ms=5945 >20ms=5431 >30ms=5355 | probes=18805 wrfail=0 down=0s maxout=0s
 413.036  t=411s RTT mean=34915 min=31538 max=48961 n=26 to=0 | cancels=0(+0/s) seqbad=0 len_bad=0 disc=0(0x00) | tot_n=18830 tot_to=0 maxever=63016 >2ms=18830 >5ms=18823 >15ms=5971 >20ms=5457 >30ms=5381 | probes=18831 wrfail=0 down=0s maxout=0s
 415.036  t=412s RTT mean=35111 min=31539 max=44696 n=26 to=0 | cancels=0(+0/s) seqbad=0 len_bad=0 disc=0(0x00) | tot_n=18856 tot_to=0 maxever=63016 >2ms=18856 >5ms=18849 >15ms=5997 >20ms=5483 >30ms=5407 | probes=18857 wrfail=0 down=0s maxout=0s
 415.036  t=413s RTT mean=34460 min=31537 max=45147 n=27 to=0 | cancels=0(+0/s) seqbad=0 len_bad=0 disc=0(0x00) | tot_n=18883 tot_to=0 maxever=63016 >2ms=18883 >5ms=18876 >15ms=6024 >20ms=5510 >30ms=5434 | probes=18884 wrfail=0 down=0s maxout=0s
 417.039  t=414s RTT mean=34132 min=31537 max=41458 n=27 to=0 | cancels=0(+0/s) seqbad=0 len_bad=0 disc=0(0x00) | tot_n=18910 tot_to=0 maxever=63016 >2ms=18910 >5ms=18903 >15ms=6051 >20ms=5537 >30ms=5461 | probes=18911 wrfail=0 down=0s maxout=0s
 417.039  t=415s RTT mean=34409 min=31540 max=41909 n=26 to=0 | cancels=0(+0/s) seqbad=0 len_bad=0 disc=0(0x00) | tot_n=18936 tot_to=0 maxever=63016 >2ms=18936 >5ms=18929 >15ms=6077 >20ms=5563 >30ms=5487 | probes=18937 wrfail=0 down=0s maxout=0s
 419.042  t=416s RTT mean=34254 min=31540 max=46168 n=27 to=0 | cancels=0(+0/s) seqbad=0 len_bad=0 disc=0(0x00) | tot_n=18963 tot_to=0 maxever=63016 >2ms=18963 >5ms=18956 >15ms=6104 >20ms=5590 >30ms=5514 | probes=18964 wrfail=0 down=0s maxout=0s
 419.043  t=417s RTT mean=36864 min=31540 max=50802 n=25 to=0 | cancels=0(+0/s) seqbad=0 len_bad=0 disc=0(0x00) | tot_n=18988 tot_to=0 maxever=63016 >2ms=18988 >5ms=18981 >15ms=6129 >20ms=5615 >30ms=5539 | probes=18989 wrfail=0 down=0s maxout=0s
 421.008  t=418s RTT mean=35851 min=31538 max=52280 n=26 to=0 | cancels=0(+0/s) seqbad=0 len_bad=0 disc=0(0x00) | tot_n=19014 tot_to=0 maxever=63016 >2ms=19014 >5ms=19007 >15ms=6155 >20ms=5641 >30ms=5565 | probes=19015 wrfail=0 down=0s maxout=0s
 421.067  t=419s RTT mean=36135 min=31536 max=45146 n=25 to=0 | cancels=0(+0/s) seqbad=0 len_bad=0 disc=0(0x00) | tot_n=19039 tot_to=0 maxever=63016 >2ms=19039 >5ms=19032 >15ms=6180 >20ms=5666 >30ms=5590 | probes=19040 wrfail=0 down=0s maxout=0s
 422.989  t=420s RTT mean=34807 min=31537 max=45229 n=27 to=0 | cancels=0(+0/s) seqbad=0 len_bad=0 disc=0(0x00) | tot_n=19066 tot_to=0 maxever=63016 >2ms=19066 >5ms=19059 >15ms=6207 >20ms=5693 >30ms=5617 | probes=19067 wrfail=0 down=0s maxout=0s
 423.049  PCTL target=150 tot=1574 to=0 p50=33 p90=40 p99=48 p99.9=52 max=63 g30=1573 g100=0 (ms/counts)
 423.050  LOADRAMP: cycle complete
 423.050  LOADRAMP: target=0 KBps for 60s
 423.050  t=421s RTT mean=28181 min=11911 max=50802 n=32 to=0 | cancels=0(+0/s) seqbad=0 len_bad=0 disc=0(0x00) | tot_n=19098 tot_to=0 maxever=63016 >2ms=19098 >5ms=19091 >15ms=6229 >20ms=5715 >30ms=5639 | probes=19099 wrfail=0 down=0s maxout=0s
 424.986  t=422s RTT mean=12376 min=11907 max=19413 n=65 to=0 | cancels=0(+0/s) seqbad=0 len_bad=0 disc=0(0x00) | tot_n=19163 tot_to=0 maxever=63016 >2ms=19163 >5ms=19156 >15ms=6233 >20ms=5715 >30ms=5639 | probes=19164 wrfail=0 down=0s maxout=0s
 425.037  t=423s RTT mean=12260 min=11911 max=19416 n=65 to=0 | cancels=0(+0/s) seqbad=0 len_bad=0 disc=0(0x00) | tot_n=19228 tot_to=0 maxever=63016 >2ms=19228 >5ms=19221 >15ms=6236 >20ms=5715 >30ms=5639 | probes=19229 wrfail=0 down=0s maxout=0s
 427.027  t=424s RTT mean=12142 min=11467 max=19414 n=66 to=0 | cancels=0(+0/s) seqbad=0 len_bad=0 disc=0(0x00) | tot_n=19294 tot_to=0 maxever=63016 >2ms=19294 >5ms=19287 >15ms=6238 >20ms=5715 >30ms=5639 | probes=19294 wrfail=0 down=0s maxout=0s
 427.028  t=425s RTT mean=12028 min=11910 max=19414 n=66 to=0 | cancels=0(+0/s) seqbad=0 len_bad=0 disc=0(0x00) | tot_n=19360 tot_to=0 maxever=63016 >2ms=19360 >5ms=19353 >15ms=6239 >20ms=5715 >30ms=5639 | probes=19361 wrfail=0 down=0s maxout=0s
 429.041  t=426s RTT mean=12028 min=11910 max=19413 n=66 to=0 | cancels=0(+0/s) seqbad=0 len_bad=0 disc=0(0x00) | tot_n=19426 tot_to=0 maxever=63016 >2ms=19426 >5ms=19419 >15ms=6240 >20ms=5715 >30ms=5639 | probes=19427 wrfail=0 down=0s maxout=0s
 429.041  t=427s RTT mean=12260 min=11898 max=19415 n=65 to=0 | cancels=0(+0/s) seqbad=0 len_bad=0 disc=0(0x00) | tot_n=19491 tot_to=0 maxever=63016 >2ms=19491 >5ms=19484 >15ms=6243 >20ms=5715 >30ms=5639 | probes=19492 wrfail=0 down=0s maxout=0s
 431.034  t=428s RTT mean=12377 min=11472 max=19415 n=65 to=0 | cancels=0(+0/s) seqbad=0 len_bad=0 disc=0(0x00) | tot_n=19556 tot_to=0 maxever=63016 >2ms=19556 >5ms=19549 >15ms=6247 >20ms=5715 >30ms=5639 | probes=19557 wrfail=0 down=0s maxout=0s
 431.035  t=429s RTT mean=12142 min=11527 max=19414 n=66 to=0 | cancels=0(+0/s) seqbad=0 len_bad=0 disc=0(0x00) | tot_n=19622 tot_to=0 maxever=63016 >2ms=19622 >5ms=19615 >15ms=6249 >20ms=5715 >30ms=5639 | probes=19622 wrfail=0 down=0s maxout=0s
 433.016  t=430s RTT mean=12145 min=11911 max=19414 n=65 to=0 | cancels=0(+0/s) seqbad=0 len_bad=0 disc=0(0x00) | tot_n=19687 tot_to=0 maxever=63016 >2ms=19687 >5ms=19680 >15ms=6251 >20ms=5715 >30ms=5639 | probes=19688 wrfail=0 down=0s maxout=0s
 433.016  t=431s RTT mean=12141 min=11911 max=19414 n=66 to=0 | cancels=0(+0/s) seqbad=0 len_bad=0 disc=0(0x00) | tot_n=19753 tot_to=0 maxever=63016 >2ms=19753 >5ms=19746 >15ms=6253 >20ms=5715 >30ms=5639 | probes=19754 wrfail=0 down=0s maxout=0s
 435.035  t=432s RTT mean=12261 min=11911 max=19414 n=65 to=0 | cancels=0(+0/s) seqbad=0 len_bad=0 disc=0(0x00) | tot_n=19818 tot_to=0 maxever=63016 >2ms=19818 >5ms=19811 >15ms=6256 >20ms=5715 >30ms=5639 | probes=19819 wrfail=0 down=0s maxout=0s
 435.035  t=433s RTT mean=12260 min=11467 max=19414 n=65 to=0 | cancels=0(+0/s) seqbad=0 len_bad=0 disc=0(0x00) | tot_n=19883 tot_to=0 maxever=63016 >2ms=19883 >5ms=19876 >15ms=6259 >20ms=5715 >30ms=5639 | probes=19884 wrfail=0 down=0s maxout=0s
 436.989  t=434s RTT mean=11915 min=11911 max=11947 n=67 to=0 | cancels=0(+0/s) seqbad=0 len_bad=0 disc=0(0x00) | tot_n=19950 tot_to=0 maxever=63016 >2ms=19950 >5ms=19943 >15ms=6259 >20ms=5715 >30ms=5639 | probes=19951 wrfail=0 down=0s maxout=0s
 437.049  t=435s RTT mean=12260 min=11911 max=19414 n=65 to=0 | cancels=0(+0/s) seqbad=0 len_bad=0 disc=0(0x00) | tot_n=20015 tot_to=0 maxever=63016 >2ms=20015 >5ms=20008 >15ms=6262 >20ms=5715 >30ms=5639 | probes=20016 wrfail=0 down=0s maxout=0s
 439.030  t=436s RTT mean=12028 min=11911 max=19413 n=66 to=0 | cancels=0(+0/s) seqbad=0 len_bad=0 disc=0(0x00) | tot_n=20081 tot_to=0 maxever=63016 >2ms=20081 >5ms=20074 >15ms=6263 >20ms=5715 >30ms=5639 | probes=20082 wrfail=0 down=0s maxout=0s
 439.030  t=437s RTT mean=12500 min=11911 max=19414 n=64 to=0 | cancels=0(+0/s) seqbad=0 len_bad=0 disc=0(0x00) | tot_n=20145 tot_to=0 maxever=63016 >2ms=20145 >5ms=20138 >15ms=6268 >20ms=5715 >30ms=5639 | probes=20146 wrfail=0 down=0s maxout=0s
 441.028  t=438s RTT mean=12141 min=11911 max=19416 n=66 to=0 | cancels=0(+0/s) seqbad=0 len_bad=0 disc=0(0x00) | tot_n=20211 tot_to=0 maxever=63016 >2ms=20211 >5ms=20204 >15ms=6270 >20ms=5715 >30ms=5639 | probes=20212 wrfail=0 down=0s maxout=0s
 441.028  t=439s RTT mean=12027 min=11910 max=19411 n=66 to=0 | cancels=0(+0/s) seqbad=0 len_bad=0 disc=0(0x00) | tot_n=20277 tot_to=0 maxever=63016 >2ms=20277 >5ms=20270 >15ms=6271 >20ms=5715 >30ms=5639 | probes=20278 wrfail=0 down=0s maxout=0s
 442.989  t=440s RTT mean=12028 min=11464 max=19413 n=66 to=0 | cancels=0(+0/s) seqbad=0 len_bad=0 disc=0(0x00) | tot_n=20343 tot_to=0 maxever=63016 >2ms=20343 >5ms=20336 >15ms=6272 >20ms=5715 >30ms=5639 | probes=20344 wrfail=0 down=0s maxout=0s
 443.050  t=441s RTT mean=12141 min=11805 max=19414 n=66 to=0 | cancels=0(+0/s) seqbad=0 len_bad=0 disc=0(0x00) | tot_n=20409 tot_to=0 maxever=63016 >2ms=20409 >5ms=20402 >15ms=6274 >20ms=5715 >30ms=5639 | probes=20410 wrfail=0 down=0s maxout=0s
 445.039  t=442s RTT mean=12376 min=11911 max=19414 n=65 to=0 | cancels=0(+0/s) seqbad=0 len_bad=0 disc=0(0x00) | tot_n=20474 tot_to=0 maxever=63016 >2ms=20474 >5ms=20467 >15ms=6278 >20ms=5715 >30ms=5639 | probes=20475 wrfail=0 down=0s maxout=0s
 445.039  t=443s RTT mean=12027 min=11467 max=19413 n=66 to=0 | cancels=0(+0/s) seqbad=0 len_bad=0 disc=0(0x00) | tot_n=20540 tot_to=0 maxever=63016 >2ms=20540 >5ms=20533 >15ms=6279 >20ms=5715 >30ms=5639 | probes=20541 wrfail=0 down=0s maxout=0s
 447.046  t=444s RTT mean=11914 min=11911 max=11933 n=67 to=0 | cancels=0(+0/s) seqbad=0 len_bad=0 disc=0(0x00) | tot_n=20607 tot_to=0 maxever=63016 >2ms=20607 >5ms=20600 >15ms=6279 >20ms=5715 >30ms=5639 | probes=20608 wrfail=0 down=0s maxout=0s
 447.046  t=445s RTT mean=12027 min=11467 max=19414 n=66 to=0 | cancels=0(+0/s) seqbad=0 len_bad=0 disc=0(0x00) | tot_n=20673 tot_to=0 maxever=63016 >2ms=20673 >5ms=20666 >15ms=6280 >20ms=5715 >30ms=5639 | probes=20674 wrfail=0 down=0s maxout=0s
 448.995  t=446s RTT mean=12028 min=11911 max=19413 n=66 to=0 | cancels=0(+0/s) seqbad=0 len_bad=0 disc=0(0x00) | tot_n=20739 tot_to=0 maxever=63016 >2ms=20739 >5ms=20732 >15ms=6281 >20ms=5715 >30ms=5639 | probes=20740 wrfail=0 down=0s maxout=0s
 449.056  t=447s RTT mean=12027 min=11910 max=19414 n=66 to=0 | cancels=0(+0/s) seqbad=0 len_bad=0 disc=0(0x00) | tot_n=20805 tot_to=0 maxever=63016 >2ms=20805 >5ms=20798 >15ms=6282 >20ms=5715 >30ms=5639 | probes=20806 wrfail=0 down=0s maxout=0s
