   2.076  t=1s RTT mean=0 min=0 max=0 n=0 to=0 | cancels=0(+0/s) seqbad=0 len_bad=0 disc=0(0x00) | tot_n=0 tot_to=0 maxever=0 >2ms=0 >*** Booting Zephyr OS build v4.4.2-16-gfee9fbc62095 ***
   2.076  [00:53:29.237,366] [0m<inf> bt_hci_core: HW Platform: Nordic Semiconductor (0x0002)[0m
   2.076  [00:53:29.237,378] [0m<inf> bt_hci_core: HW Variant: nRF54Lx (0x0005)[0m
   2.076  [00:53:29.237,389] [0m<inf> bt_hci_core: Firmware: Standard Bluetooth controller (0x00) Version 4.4 Build 2[0m
   2.076  [00:53:29.237,734] [0m<inf> bt_hci_core: HCI transport: Controller[0m
   2.076  [00:53:29.237,781] [0m<inf> bt_hci_core: Identity: FC:BE:FF:FA:E6:8B (random)[0m
   2.137  [00:53:29.237,796] [0m<inf> bt_hci_core: HCI: version 5.4 (0x0d) revision 0x0000, manufacturer 0x05f1[0m
   2.137  [00:53:29.237,810] [0m<inf> bt_hci_core: LMP: version 5.4 (0x0d) subver 0xffff[0m
   2.137  
   2.137  === nRF54L15 RTT ping-pong CENTRAL ===
   2.137  scan rc=0
   4.062  t=1s RTT mean=0 min=0 max=0 n=0 to=0 | cancels=0(+0/s) seqbad=0 len_bad=0 disc=0(0x00) | tot_n=0 tot_to=0 maxever=0 >2ms=0 >5ms=0 >15ms=0 >20ms=0 >30ms=0 | probes=0 wrfail=0 down=1s maxout=1s
   4.122  t=2s RTT mean=0 min=0 max=0 n=0 to=0 | cancels=0(+0/s) seqbad=0 len_bad=0 disc=0(0x00) | tot_n=0 tot_to=0 maxever=0 >2ms=0 >5ms=0 >15ms=0 >20ms=0 >30ms=0 | probes=0 wrfail=0 down=2s maxout=2s
   6.064  t=3s RTT mean=0 min=0 max=0 n=0 to=0 | cancels=0(+0/s) seqbad=0 len_bad=0 disc=0(0x00) | tot_n=0 tot_to=0 maxever=0 >2ms=0 >5ms=0 >15ms=0 >20ms=0 >30ms=0 | probes=0 wrfail=0 down=3s maxout=3s
   6.064  Q2CONN AA=410b73cb CRCINIT=5752c6 hop=16 chan_count=37 map=ffffffff1f
   6.064  GAP connected interval=7500
   6.064  MTU err=0 mtu=247
   6.124  t=4s RTT mean=0 min=0 max=0 n=0 to=0 | cancels=0(+0/s) seqbad=0 len_bad=0 disc=0(0x00) | tot_n=0 tot_to=0 maxever=0 >2ms=0 >5ms=0 >15ms=0 >20ms=0 >30ms=0 | probes=0 wrfail=0 down=4s maxout=4s
   6.124  PHY tx=2 rx=2
   7.607  discovery start (post-PHY +500ms) interval=7500 phy2m=1
   7.607  SUBSCRIBED, vh=14
   7.607  LOADRAMP: bulk char handle=17
   7.607  LOADRAMP: target=0 KBps for 60s
   7.607  t=5s RTT mean=11801 min=9044 max=11948 n=26 to=0 | cancels=0(+0/s) seqbad=0 len_bad=0 disc=0(0x00) | tot_n=26 tot_to=0 maxever=11948 >2ms=26 >5ms=26 >15ms=0 >20ms=0 >30ms=0 | probes=27 wrfail=0 down=4s maxout=4s
   9.075  t=6s RTT mean=12261 min=11910 max=19445 n=65 to=0 | cancels=0(+0/s) seqbad=0 len_bad=0 disc=0(0x00) | tot_n=91 tot_to=0 maxever=19445 >2ms=91 >5ms=91 >15ms=3 >20ms=0 >30ms=0 | probes=92 wrfail=0 down=4s maxout=4s
   9.076  t=7s RTT mean=12142 min=11467 max=19418 n=66 to=0 | cancels=0(+0/s) seqbad=0 len_bad=0 disc=0(0x00) | tot_n=157 tot_to=0 maxever=19445 >2ms=157 >5ms=157 >15ms=5 >20ms=0 >30ms=0 | probes=158 wrfail=0 down=4s maxout=4s
  10.637  FSU: request [52..52] us (ACL both dirs, 1M+2M) rc=0
  10.637  FSU: updated status=0x00 spacing=52 us phys=0x3 types=0x3 initiator=0
  10.697  t=8s RTT mean=12140 min=11466 max=19413 n=66 to=0 | cancels=0(+0/s) seqbad=0 len_bad=0 disc=0(0x00) | tot_n=223 tot_to=0 maxever=19445 >2ms=223 >5ms=223 >15ms=7 >20ms=0 >30ms=0 | probes=223 wrfail=0 down=4s maxout=4s
  12.104  t=9s RTT mean=12146 min=11911 max=19420 n=65 to=0 | cancels=0(+0/s) seqbad=0 len_bad=0 disc=0(0x00) | tot_n=288 tot_to=0 maxever=19445 >2ms=288 >5ms=288 >15ms=9 >20ms=0 >30ms=0 | probes=289 wrfail=0 down=4s maxout=4s
  12.104  t=10s RTT mean=11915 min=11911 max=11948 n=67 to=0 | cancels=0(+0/s) seqbad=0 len_bad=0 disc=0(0x00) | tot_n=355 tot_to=0 maxever=19445 >2ms=355 >5ms=355 >15ms=9 >20ms=0 >30ms=0 | probes=356 wrfail=0 down=4s maxout=4s
  14.107  t=11s RTT mean=12141 min=11911 max=19421 n=66 to=0 | cancels=0(+0/s) seqbad=0 len_bad=0 disc=0(0x00) | tot_n=421 tot_to=0 maxever=19445 >2ms=421 >5ms=421 >15ms=11 >20ms=0 >30ms=0 | probes=421 wrfail=0 down=4s maxout=4s
  14.107  t=12s RTT mean=12145 min=11911 max=19414 n=65 to=0 | cancels=0(+0/s) seqbad=0 len_bad=0 disc=0(0x00) | tot_n=486 tot_to=0 maxever=19445 >2ms=486 >5ms=486 >15ms=13 >20ms=0 >30ms=0 | probes=487 wrfail=0 down=4s maxout=4s
  16.064  t=13s RTT mean=12027 min=11662 max=19414 n=67 to=0 | cancels=0(+0/s) seqbad=0 len_bad=0 disc=0(0x00) | tot_n=553 tot_to=0 maxever=19445 >2ms=553 >5ms=553 >15ms=14 >20ms=0 >30ms=0 | probes=553 wrfail=0 down=4s maxout=4s
  16.124  t=14s RTT mean=12629 min=11911 max=19421 n=63 to=0 | cancels=0(+0/s) seqbad=0 len_bad=0 disc=0(0x00) | tot_n=616 tot_to=0 maxever=19445 >2ms=616 >5ms=616 >15ms=20 >20ms=0 >30ms=0 | probes=617 wrfail=0 down=4s maxout=4s
  18.071  t=15s RTT mean=12261 min=11900 max=19431 n=65 to=0 | cancels=0(+0/s) seqbad=0 len_bad=0 disc=0(0x00) | tot_n=681 tot_to=0 maxever=19445 >2ms=681 >5ms=681 >15ms=23 >20ms=0 >30ms=0 | probes=682 wrfail=0 down=4s maxout=4s
  18.132  t=16s RTT mean=12142 min=11911 max=19413 n=66 to=0 | cancels=0(+0/s) seqbad=0 len_bad=0 disc=0(0x00) | tot_n=747 tot_to=0 maxever=19445 >2ms=747 >5ms=747 >15ms=25 >20ms=0 >30ms=0 | probes=748 wrfail=0 down=4s maxout=4s
  20.106  t=17s RTT mean=12141 min=11911 max=19414 n=66 to=0 | cancels=0(+0/s) seqbad=0 len_bad=0 disc=0(0x00) | tot_n=813 tot_to=0 maxever=19445 >2ms=813 >5ms=813 >15ms=27 >20ms=0 >30ms=0 | probes=814 wrfail=0 down=4s maxout=4s
  20.106  t=18s RTT mean=11914 min=11911 max=11923 n=66 to=0 | cancels=0(+0/s) seqbad=0 len_bad=0 disc=0(0x00) | tot_n=879 tot_to=0 maxever=19445 >2ms=879 >5ms=879 >15ms=27 >20ms=0 >30ms=0 | probes=880 wrfail=0 down=4s maxout=4s
  22.068  t=19s RTT mean=12376 min=11911 max=19414 n=65 to=0 | cancels=0(+0/s) seqbad=0 len_bad=0 disc=0(0x00) | tot_n=944 tot_to=0 maxever=19445 >2ms=944 >5ms=944 >15ms=31 >20ms=0 >30ms=0 | probes=945 wrfail=0 down=4s maxout=4s
  22.124  t=20s RTT mean=12141 min=11911 max=19414 n=66 to=0 | cancels=0(+0/s) seqbad=0 len_bad=0 disc=0(0x00) | tot_n=1010 tot_to=0 maxever=19445 >2ms=1010 >5ms=1010 >15ms=33 >20ms=0 >30ms=0 | probes=1011 wrfail=0 down=4s maxout=4s
  24.103  t=21s RTT mean=12028 min=11898 max=19414 n=66 to=0 | cancels=0(+0/s) seqbad=0 len_bad=0 disc=0(0x00) | tot_n=1076 tot_to=0 maxever=19445 >2ms=1076 >5ms=1076 >15ms=34 >20ms=0 >30ms=0 | probes=1077 wrfail=0 down=4s maxout=4s
  24.103  t=22s RTT mean=12260 min=11911 max=19414 n=65 to=0 | cancels=0(+0/s) seqbad=0 len_bad=0 disc=0(0x00) | tot_n=1141 tot_to=0 maxever=19445 >2ms=1141 >5ms=1141 >15ms=37 >20ms=0 >30ms=0 | probes=1142 wrfail=0 down=4s maxout=4s
  26.066  t=23s RTT mean=11914 min=11659 max=12166 n=67 to=0 | cancels=0(+0/s) seqbad=0 len_bad=0 disc=0(0x00) | tot_n=1208 tot_to=0 maxever=19445 >2ms=1208 >5ms=1208 >15ms=37 >20ms=0 >30ms=0 | probes=1209 wrfail=0 down=4s maxout=4s
  26.126  t=24s RTT mean=12260 min=11663 max=19422 n=65 to=0 | cancels=0(+0/s) seqbad=0 len_bad=0 disc=0(0x00) | tot_n=1273 tot_to=0 maxever=19445 >2ms=1273 >5ms=1273 >15ms=40 >20ms=0 >30ms=0 | probes=1274 wrfail=0 down=4s maxout=4s
  28.060  t=25s RTT mean=12028 min=11911 max=19413 n=66 to=0 | cancels=0(+0/s) seqbad=0 len_bad=0 disc=0(0x00) | tot_n=1339 tot_to=0 maxever=19445 >2ms=1339 >5ms=1339 >15ms=41 >20ms=0 >30ms=0 | probes=1340 wrfail=0 down=4s maxout=4s
  28.117  t=26s RTT mean=12027 min=11911 max=19414 n=66 to=0 | cancels=0(+0/s) seqbad=0 len_bad=0 disc=0(0x00) | tot_n=1405 tot_to=0 maxever=19445 >2ms=1405 >5ms=1405 >15ms=42 >20ms=0 >30ms=0 | probes=1406 wrfail=0 down=4s maxout=4s
  30.107  t=27s RTT mean=12142 min=11911 max=19414 n=66 to=0 | cancels=0(+0/s) seqbad=0 len_bad=0 disc=0(0x00) | tot_n=1471 tot_to=0 maxever=19445 >2ms=1471 >5ms=1471 >15ms=44 >20ms=0 >30ms=0 | probes=1472 wrfail=0 down=4s maxout=4s
  30.107  t=28s RTT mean=12027 min=11911 max=19414 n=66 to=0 | cancels=0(+0/s) seqbad=0 len_bad=0 disc=0(0x00) | tot_n=1537 tot_to=0 maxever=19445 >2ms=1537 >5ms=1537 >15ms=45 >20ms=0 >30ms=0 | probes=1538 wrfail=0 down=4s maxout=4s
  32.071  t=29s RTT mean=12028 min=11911 max=19421 n=66 to=0 | cancels=0(+0/s) seqbad=0 len_bad=0 disc=0(0x00) | tot_n=1603 tot_to=0 maxever=19445 >2ms=1603 >5ms=1603 >15ms=46 >20ms=0 >30ms=0 | probes=1604 wrfail=0 down=4s maxout=4s
  32.131  t=30s RTT mean=12617 min=11911 max=19422 n=64 to=0 | cancels=0(+0/s) seqbad=0 len_bad=0 disc=0(0x00) | tot_n=1667 tot_to=0 maxever=19445 >2ms=1667 >5ms=1667 >15ms=52 >20ms=0 >30ms=0 | probes=1668 wrfail=0 down=4s maxout=4s
  34.078  t=31s RTT mean=11914 min=11911 max=11923 n=67 to=0 | cancels=0(+0/s) seqbad=0 len_bad=0 disc=0(0x00) | tot_n=1734 tot_to=0 maxever=19445 >2ms=1734 >5ms=1734 >15ms=52 >20ms=0 >30ms=0 | probes=1734 wrfail=0 down=4s maxout=4s
  34.079  t=32s RTT mean=12026 min=11663 max=19414 n=66 to=0 | cancels=0(+0/s) seqbad=0 len_bad=0 disc=0(0x00) | tot_n=1800 tot_to=0 maxever=19445 >2ms=1800 >5ms=1800 >15ms=53 >20ms=0 >30ms=0 | probes=1801 wrfail=0 down=4s maxout=4s
  36.077  t=33s RTT mean=12028 min=11910 max=19414 n=66 to=0 | cancels=0(+0/s) seqbad=0 len_bad=0 disc=0(0x00) | tot_n=1866 tot_to=0 maxever=19445 >2ms=1866 >5ms=1866 >15ms=54 >20ms=0 >30ms=0 | probes=1867 wrfail=0 down=4s maxout=4s
  36.077  t=34s RTT mean=12027 min=11911 max=19421 n=66 to=0 | cancels=0(+0/s) seqbad=0 len_bad=0 disc=0(0x00) | tot_n=1932 tot_to=0 maxever=19445 >2ms=1932 >5ms=1932 >15ms=55 >20ms=0 >30ms=0 | probes=1933 wrfail=0 down=4s maxout=4s
  38.068  t=35s RTT mean=12141 min=11911 max=19413 n=66 to=0 | cancels=0(+0/s) seqbad=0 len_bad=0 disc=0(0x00) | tot_n=1998 tot_to=0 maxever=19445 >2ms=1998 >5ms=1998 >15ms=57 >20ms=0 >30ms=0 | probes=1999 wrfail=0 down=4s maxout=4s
  38.128  t=36s RTT mean=12260 min=11911 max=19414 n=65 to=0 | cancels=0(+0/s) seqbad=0 len_bad=0 disc=0(0x00) | tot_n=2063 tot_to=0 maxever=19445 >2ms=2063 >5ms=2063 >15ms=60 >20ms=0 >30ms=0 | probes=2064 wrfail=0 down=4s maxout=4s
  40.071  t=37s RTT mean=12028 min=11662 max=19414 n=66 to=0 | cancels=0(+0/s) seqbad=0 len_bad=0 disc=0(0x00) | tot_n=2129 tot_to=0 maxever=19445 >2ms=2129 >5ms=2129 >15ms=61 >20ms=0 >30ms=0 | probes=2130 wrfail=0 down=4s maxout=4s
  40.131  t=38s RTT mean=12260 min=11911 max=19414 n=65 to=0 | cancels=0(+0/s) seqbad=0 len_bad=0 disc=0(0x00) | tot_n=2194 tot_to=0 maxever=19445 >2ms=2194 >5ms=2194 >15ms=64 >20ms=0 >30ms=0 | probes=2195 wrfail=0 down=4s maxout=4s
  42.103  t=39s RTT mean=12026 min=11910 max=19416 n=67 to=0 | cancels=0(+0/s) seqbad=0 len_bad=0 disc=0(0x00) | tot_n=2261 tot_to=0 maxever=19445 >2ms=2261 >5ms=2261 >15ms=65 >20ms=0 >30ms=0 | probes=2261 wrfail=0 down=4s maxout=4s
  42.103  t=40s RTT mean=12260 min=11911 max=19414 n=65 to=0 | cancels=0(+0/s) seqbad=0 len_bad=0 disc=0(0x00) | tot_n=2326 tot_to=0 maxever=19445 >2ms=2326 >5ms=2326 >15ms=68 >20ms=0 >30ms=0 | probes=2327 wrfail=0 down=4s maxout=4s
  44.097  t=41s RTT mean=11914 min=11910 max=11932 n=66 to=0 | cancels=0(+0/s) seqbad=0 len_bad=0 disc=0(0x00) | tot_n=2392 tot_to=0 maxever=19445 >2ms=2392 >5ms=2392 >15ms=68 >20ms=0 >30ms=0 | probes=2393 wrfail=0 down=4s maxout=4s
  44.097  t=42s RTT mean=11914 min=11911 max=11922 n=67 to=0 | cancels=0(+0/s) seqbad=0 len_bad=0 disc=0(0x00) | tot_n=2459 tot_to=0 maxever=19445 >2ms=2459 >5ms=2459 >15ms=68 >20ms=0 >30ms=0 | probes=2460 wrfail=0 down=4s maxout=4s
  46.114  t=43s RTT mean=12260 min=11911 max=19414 n=65 to=0 | cancels=0(+0/s) seqbad=0 len_bad=0 disc=0(0x00) | tot_n=2524 tot_to=0 maxever=19445 >2ms=2524 >5ms=2524 >15ms=71 >20ms=0 >30ms=0 | probes=2525 wrfail=0 down=4s maxout=4s
  46.114  t=44s RTT mean=11914 min=11911 max=11922 n=67 to=0 | cancels=0(+0/s) seqbad=0 len_bad=0 disc=0(0x00) | tot_n=2591 tot_to=0 maxever=19445 >2ms=2591 >5ms=2591 >15ms=71 >20ms=0 >30ms=0 | probes=2592 wrfail=0 down=4s maxout=4s
  48.117  t=45s RTT mean=12141 min=11911 max=19413 n=66 to=0 | cancels=0(+0/s) seqbad=0 len_bad=0 disc=0(0x00) | tot_n=2657 tot_to=0 maxever=19445 >2ms=2657 >5ms=2657 >15ms=73 >20ms=0 >30ms=0 | probes=2657 wrfail=0 down=4s maxout=4s
  48.117  t=46s RTT mean=12383 min=11911 max=19415 n=64 to=0 | cancels=0(+0/s) seqbad=0 len_bad=0 disc=0(0x00) | tot_n=2721 tot_to=0 maxever=19445 >2ms=2721 >5ms=2721 >15ms=77 >20ms=0 >30ms=0 | probes=2722 wrfail=0 down=4s maxout=4s
  50.109  t=47s RTT mean=12255 min=11903 max=19414 n=66 to=0 | cancels=0(+0/s) seqbad=0 len_bad=0 disc=0(0x00) | tot_n=2787 tot_to=0 maxever=19445 >2ms=2787 >5ms=2787 >15ms=80 >20ms=0 >30ms=0 | probes=2787 wrfail=0 down=4s maxout=4s
  50.109  t=48s RTT mean=12027 min=11910 max=19413 n=66 to=0 | cancels=0(+0/s) seqbad=0 len_bad=0 disc=0(0x00) | tot_n=2853 tot_to=0 maxever=19445 >2ms=2853 >5ms=2853 >15ms=81 >20ms=0 >30ms=0 | probes=2853 wrfail=0 down=4s maxout=4s
  52.083  t=49s RTT mean=12144 min=11850 max=19414 n=65 to=0 | cancels=0(+0/s) seqbad=0 len_bad=0 disc=0(0x00) | tot_n=2918 tot_to=0 maxever=19445 >2ms=2918 >5ms=2918 >15ms=83 >20ms=0 >30ms=0 | probes=2919 wrfail=0 down=4s maxout=4s
  52.083  t=50s RTT mean=12026 min=11662 max=19414 n=67 to=0 | cancels=0(+0/s) seqbad=0 len_bad=0 disc=0(0x00) | tot_n=2985 tot_to=0 maxever=19445 >2ms=2985 >5ms=2985 >15ms=84 >20ms=0 >30ms=0 | probes=2985 wrfail=0 down=4s maxout=4s
  54.118  t=51s RTT mean=12260 min=11911 max=19414 n=65 to=0 | cancels=0(+0/s) seqbad=0 len_bad=0 disc=0(0x00) | tot_n=3050 tot_to=0 maxever=19445 >2ms=3050 >5ms=3050 >15ms=87 >20ms=0 >30ms=0 | probes=3051 wrfail=0 down=4s maxout=4s
  54.118  t=52s RTT mean=12027 min=11911 max=19413 n=66 to=0 | cancels=0(+0/s) seqbad=0 len_bad=0 disc=0(0x00) | tot_n=3116 tot_to=0 maxever=19445 >2ms=3116 >5ms=3116 >15ms=88 >20ms=0 >30ms=0 | probes=3117 wrfail=0 down=4s maxout=4s
  56.088  t=53s RTT mean=12376 min=11911 max=19414 n=65 to=0 | cancels=0(+0/s) seqbad=0 len_bad=0 disc=0(0x00) | tot_n=3181 tot_to=0 maxever=19445 >2ms=3181 >5ms=3181 >15ms=92 >20ms=0 >30ms=0 | probes=3181 wrfail=0 down=4s maxout=4s
  56.089  t=54s RTT mean=11915 min=11911 max=11948 n=66 to=0 | cancels=0(+0/s) seqbad=0 len_bad=0 disc=0(0x00) | tot_n=3247 tot_to=0 maxever=19445 >2ms=3247 >5ms=3247 >15ms=92 >20ms=0 >30ms=0 | probes=3248 wrfail=0 down=4s maxout=4s
  58.103  t=55s RTT mean=12142 min=11911 max=19413 n=66 to=0 | cancels=0(+0/s) seqbad=0 len_bad=0 disc=0(0x00) | tot_n=3313 tot_to=0 maxever=19445 >2ms=3313 >5ms=3313 >15ms=94 >20ms=0 >30ms=0 | probes=3314 wrfail=0 down=4s maxout=4s
  58.103  t=56s RTT mean=12617 min=11911 max=19414 n=64 to=0 | cancels=0(+0/s) seqbad=0 len_bad=0 disc=0(0x00) | tot_n=3377 tot_to=0 maxever=19445 >2ms=3377 >5ms=3377 >15ms=100 >20ms=0 >30ms=0 | probes=3377 wrfail=0 down=4s maxout=4s
  60.070  t=57s RTT mean=11915 min=11911 max=11948 n=66 to=0 | cancels=0(+0/s) seqbad=0 len_bad=0 disc=0(0x00) | tot_n=3443 tot_to=0 maxever=19445 >2ms=3443 >5ms=3443 >15ms=100 >20ms=0 >30ms=0 | probes=3444 wrfail=0 down=4s maxout=4s
  60.130  t=58s RTT mean=12028 min=11910 max=19414 n=66 to=0 | cancels=0(+0/s) seqbad=0 len_bad=0 disc=0(0x00) | tot_n=3509 tot_to=0 maxever=19445 >2ms=3509 >5ms=3509 >15ms=101 >20ms=0 >30ms=0 | probes=3510 wrfail=0 down=4s maxout=4s
  62.088  t=59s RTT mean=12141 min=11659 max=19417 n=66 to=0 | cancels=0(+0/s) seqbad=0 len_bad=0 disc=0(0x00) | tot_n=3575 tot_to=0 maxever=19445 >2ms=3575 >5ms=3575 >15ms=103 >20ms=0 >30ms=0 | probes=3576 wrfail=0 down=4s maxout=4s
  62.088  t=60s RTT mean=12261 min=11911 max=19415 n=65 to=0 | cancels=0(+0/s) seqbad=0 len_bad=0 disc=0(0x00) | tot_n=3640 tot_to=0 maxever=19445 >2ms=3640 >5ms=3640 >15ms=106 >20ms=0 >30ms=0 | probes=3641 wrfail=0 down=4s maxout=4s
  64.071  t=61s RTT mean=12141 min=11911 max=19413 n=66 to=0 | cancels=0(+0/s) seqbad=0 len_bad=0 disc=0(0x00) | tot_n=3706 tot_to=0 maxever=19445 >2ms=3706 >5ms=3706 >15ms=108 >20ms=0 >30ms=0 | probes=3707 wrfail=0 down=4s maxout=4s
  64.131  t=62s RTT mean=12028 min=11690 max=19414 n=66 to=0 | cancels=0(+0/s) seqbad=0 len_bad=0 disc=0(0x00) | tot_n=3772 tot_to=0 maxever=19445 >2ms=3772 >5ms=3772 >15ms=109 >20ms=0 >30ms=0 | probes=3773 wrfail=0 down=4s maxout=4s
  66.090  t=63s RTT mean=12261 min=11911 max=19414 n=65 to=0 | cancels=0(+0/s) seqbad=0 len_bad=0 disc=0(0x00) | tot_n=3837 tot_to=0 maxever=19445 >2ms=3837 >5ms=3837 >15ms=112 >20ms=0 >30ms=0 | probes=3838 wrfail=0 down=4s maxout=4s
  66.090  t=64s RTT mean=12141 min=11911 max=19421 n=66 to=0 | cancels=0(+0/s) seqbad=0 len_bad=0 disc=0(0x00) | tot_n=3903 tot_to=0 maxever=19445 >2ms=3903 >5ms=3903 >15ms=114 >20ms=0 >30ms=0 | probes=3904 wrfail=0 down=4s maxout=4s
  67.798  PCTL target=0 tot=3944 to=0 p50=11 p90=11 p99=19 p99.9=19 max=19 g30=0 g100=0 (ms/counts)
  67.798  LOADRAMP: target=25 KBps for 60s
  67.798  t=65s RTT mean=13387 min=11911 max=32954 n=61 to=0 | cancels=0(+0/s) seqbad=0 len_bad=0 disc=0(0x00) | tot_n=3964 tot_to=0 maxever=32954 >2ms=3964 >5ms=3964 >15ms=120 >20ms=5 >30ms=1 | probes=3964 wrfail=0 down=4s maxout=4s
  69.081  t=66s RTT mean=13537 min=11814 max=32004 n=60 to=0 | cancels=0(+0/s) seqbad=0 len_bad=0 disc=0(0x00) | tot_n=4024 tot_to=0 maxever=32954 >2ms=4024 >5ms=4024 >15ms=128 >20ms=9 >30ms=3 | probes=4025 wrfail=0 down=4s maxout=4s
  69.081  t=67s RTT mean=13266 min=11911 max=30560 n=61 to=0 | cancels=0(+0/s) seqbad=0 len_bad=0 disc=0(0x00) | tot_n=4085 tot_to=0 maxever=32954 >2ms=4085 >5ms=4085 >15ms=134 >20ms=13 >30ms=4 | probes=4086 wrfail=0 down=4s maxout=4s
  71.095  t=68s RTT mean=12866 min=5779 max=28106 n=63 to=0 | cancels=0(+0/s) seqbad=0 len_bad=0 disc=0(0x00) | tot_n=4148 tot_to=0 maxever=32954 >2ms=4148 >5ms=4148 >15ms=139 >20ms=17 >30ms=4 | probes=4149 wrfail=0 down=4s maxout=4s
  71.095  t=69s RTT mean=13535 min=11912 max=31919 n=60 to=0 | cancels=0(+0/s) seqbad=0 len_bad=0 disc=0(0x00) | tot_n=4208 tot_to=0 maxever=32954 >2ms=4208 >5ms=4208 >15ms=147 >20ms=21 >30ms=5 | probes=4209 wrfail=0 down=4s maxout=4s
  73.074  t=70s RTT mean=13123 min=11911 max=27163 n=62 to=0 | cancels=0(+0/s) seqbad=0 len_bad=0 disc=0(0x00) | tot_n=4270 tot_to=0 maxever=32954 >2ms=4270 >5ms=4270 >15ms=153 >20ms=25 >30ms=5 | probes=4270 wrfail=0 down=4s maxout=4s
  73.135  t=71s RTT mean=13266 min=5779 max=26911 n=61 to=0 | cancels=0(+0/s) seqbad=0 len_bad=0 disc=0(0x00) | tot_n=4331 tot_to=0 maxever=32954 >2ms=4331 >5ms=4331 >15ms=160 >20ms=30 >30ms=5 | probes=4332 wrfail=0 down=4s maxout=4s
  75.111  t=72s RTT mean=13414 min=11911 max=27163 n=60 to=0 | cancels=0(+0/s) seqbad=0 len_bad=0 disc=0(0x00) | tot_n=4391 tot_to=0 maxever=32954 >2ms=4391 >5ms=4391 >15ms=168 >20ms=34 >30ms=5 | probes=4392 wrfail=0 down=4s maxout=4s
  75.111  t=73s RTT mean=13119 min=8205 max=29208 n=62 to=0 | cancels=0(+0/s) seqbad=0 len_bad=0 disc=0(0x00) | tot_n=4453 tot_to=0 maxever=32954 >2ms=4453 >5ms=4453 >15ms=174 >20ms=39 >30ms=5 | probes=4454 wrfail=0 down=4s maxout=4s
  77.072  t=74s RTT mean=13819 min=11911 max=42163 n=59 to=0 | cancels=0(+0/s) seqbad=0 len_bad=0 disc=0(0x00) | tot_n=4512 tot_to=0 maxever=42163 >2ms=4512 >5ms=4512 >15ms=180 >20ms=43 >30ms=8 | probes=4513 wrfail=0 down=4s maxout=4s
  77.133  t=75s RTT mean=13266 min=11911 max=31952 n=61 to=0 | cancels=0(+0/s) seqbad=0 len_bad=0 disc=0(0x00) | tot_n=4573 tot_to=0 maxever=42163 >2ms=4573 >5ms=4573 >15ms=185 >20ms=48 >30ms=9 | probes=4574 wrfail=0 down=4s maxout=4s
  79.064  t=76s RTT mean=13123 min=11911 max=32955 n=62 to=0 | cancels=0(+0/s) seqbad=0 len_bad=0 disc=0(0x00) | tot_n=4635 tot_to=0 maxever=42163 >2ms=4635 >5ms=4635 >15ms=190 >20ms=52 >30ms=10 | probes=4636 wrfail=0 down=4s maxout=4s
  79.124  t=77s RTT mean=13121 min=5778 max=28107 n=62 to=0 | cancels=0(+0/s) seqbad=0 len_bad=0 disc=0(0x00) | tot_n=4697 tot_to=0 maxever=42163 >2ms=4697 >5ms=4697 >15ms=197 >20ms=56 >30ms=10 | probes=4698 wrfail=0 down=4s maxout=4s
  81.109  t=78s RTT mean=13122 min=11911 max=28107 n=62 to=0 | cancels=0(+0/s) seqbad=0 len_bad=0 disc=0(0x00) | tot_n=4759 tot_to=0 maxever=42163 >2ms=4759 >5ms=4759 >15ms=202 >20ms=60 >30ms=10 | probes=4759 wrfail=0 down=4s maxout=4s
  81.109  t=79s RTT mean=13266 min=11911 max=28100 n=61 to=0 | cancels=0(+0/s) seqbad=0 len_bad=0 disc=0(0x00) | tot_n=4820 tot_to=0 maxever=42163 >2ms=4820 >5ms=4820 >15ms=209 >20ms=64 >30ms=10 | probes=4820 wrfail=0 down=4s maxout=4s
  83.103  t=80s RTT mean=12998 min=5779 max=29304 n=62 to=0 | cancels=0(+0/s) seqbad=0 len_bad=0 disc=0(0x00) | tot_n=4882 tot_to=0 maxever=42163 >2ms=4882 >5ms=4882 >15ms=215 >20ms=68 >30ms=10 | probes=4883 wrfail=0 down=4s maxout=4s
  83.103  t=81s RTT mean=13120 min=11911 max=28106 n=62 to=0 | cancels=0(+0/s) seqbad=0 len_bad=0 disc=0(0x00) | tot_n=4944 tot_to=0 maxever=42163 >2ms=4944 >5ms=4944 >15ms=221 >20ms=72 >30ms=10 | probes=4944 wrfail=0 down=4s maxout=4s
  85.101  t=82s RTT mean=13002 min=10570 max=30815 n=62 to=0 | cancels=0(+0/s) seqbad=0 len_bad=0 disc=0(0x00) | tot_n=5006 tot_to=0 maxever=42163 >2ms=5006 >5ms=5006 >15ms=226 >20ms=76 >30ms=11 | probes=5007 wrfail=0 down=4s maxout=4s
  85.101  t=83s RTT mean=13266 min=11911 max=28107 n=61 to=0 | cancels=0(+0/s) seqbad=0 len_bad=0 disc=0(0x00) | tot_n=5067 tot_to=0 maxever=42163 >2ms=5067 >5ms=5067 >15ms=232 >20ms=81 >30ms=11 | probes=5068 wrfail=0 down=4s maxout=4s
  87.073  t=84s RTT mean=13120 min=11911 max=29205 n=62 to=0 | cancels=0(+0/s) seqbad=0 len_bad=0 disc=0(0x00) | tot_n=5129 tot_to=0 maxever=42163 >2ms=5129 >5ms=5129 >15ms=237 >20ms=85 >30ms=11 | probes=5129 wrfail=0 down=4s maxout=4s
  87.133  t=85s RTT mean=13820 min=11911 max=41910 n=59 to=0 | cancels=0(+0/s) seqbad=0 len_bad=0 disc=0(0x00) | tot_n=5188 tot_to=0 maxever=42163 >2ms=5188 >5ms=5188 >15ms=244 >20ms=89 >30ms=14 | probes=5189 wrfail=0 down=4s maxout=4s
  89.094  t=86s RTT mean=13002 min=5779 max=28163 n=62 to=0 | cancels=0(+0/s) seqbad=0 len_bad=0 disc=0(0x00) | tot_n=5250 tot_to=0 maxever=42163 >2ms=5250 >5ms=5250 >15ms=250 >20ms=93 >30ms=14 | probes=5251 wrfail=0 down=4s maxout=4s
  89.094  t=87s RTT mean=13264 min=11663 max=31664 n=61 to=0 | cancels=0(+0/s) seqbad=0 len_bad=0 disc=0(0x00) | tot_n=5311 tot_to=0 maxever=42163 >2ms=5311 >5ms=5311 >15ms=255 >20ms=98 >30ms=17 | probes=5312 wrfail=0 down=4s maxout=4s
  91.067  t=88s RTT mean=13119 min=9406 max=32014 n=62 to=0 | cancels=0(+0/s) seqbad=0 len_bad=0 disc=0(0x00) | tot_n=5373 tot_to=0 maxever=42163 >2ms=5373 >5ms=5373 >15ms=261 >20ms=102 >30ms=18 | probes=5374 wrfail=0 down=4s maxout=4s
  91.127  t=89s RTT mean=13143 min=11911 max=28100 n=61 to=0 | cancels=0(+0/s) seqbad=0 len_bad=0 disc=0(0x00) | tot_n=5434 tot_to=0 maxever=42163 >2ms=5434 >5ms=5434 >15ms=267 >20ms=106 >30ms=18 | probes=5435 wrfail=0 down=4s maxout=4s
  93.069  t=90s RTT mean=13947 min=11911 max=34405 n=59 to=0 | cancels=0(+0/s) seqbad=0 len_bad=0 disc=0(0x00) | tot_n=5493 tot_to=0 maxever=42163 >2ms=5493 >5ms=5493 >15ms=275 >20ms=111 >30ms=22 | probes=5494 wrfail=0 down=4s maxout=4s
  93.123  t=91s RTT mean=13124 min=5817 max=34407 n=62 to=0 | cancels=0(+0/s) seqbad=0 len_bad=0 disc=0(0x00) | tot_n=5555 tot_to=0 maxever=42163 >2ms=5555 >5ms=5555 >15ms=280 >20ms=116 >30ms=23 | probes=5556 wrfail=0 down=4s maxout=4s
  95.122  t=92s RTT mean=13002 min=11911 max=28100 n=62 to=0 | cancels=0(+0/s) seqbad=0 len_bad=0 disc=0(0x00) | tot_n=5617 tot_to=0 maxever=42163 >2ms=5617 >5ms=5617 >15ms=285 >20ms=120 >30ms=23 | probes=5618 wrfail=0 down=4s maxout=4s
  95.122  t=93s RTT mean=13266 min=11911 max=35517 n=61 to=0 | cancels=0(+0/s) seqbad=0 len_bad=0 disc=0(0x00) | tot_n=5678 tot_to=0 maxever=42163 >2ms=5678 >5ms=5678 >15ms=290 >20ms=124 >30ms=25 | probes=5679 wrfail=0 down=4s maxout=4s
  97.109  t=94s RTT mean=13388 min=11911 max=34155 n=61 to=0 | cancels=0(+0/s) seqbad=0 len_bad=0 disc=0(0x00) | tot_n=5739 tot_to=0 maxever=42163 >2ms=5739 >5ms=5739 >15ms=296 >20ms=129 >30ms=26 | probes=5740 wrfail=0 down=4s maxout=4s
  97.109  t=95s RTT mean=13412 min=11912 max=31698 n=60 to=0 | cancels=0(+0/s) seqbad=0 len_bad=0 disc=0(0x00) | tot_n=5799 tot_to=0 maxever=42163 >2ms=5799 >5ms=5799 >15ms=303 >20ms=134 >30ms=27 | probes=5800 wrfail=0 down=4s maxout=4s
  99.108  t=96s RTT mean=13238 min=11799 max=30664 n=62 to=0 | cancels=0(+0/s) seqbad=0 len_bad=0 disc=0(0x00) | tot_n=5861 tot_to=0 maxever=42163 >2ms=5861 >5ms=5861 >15ms=309 >20ms=139 >30ms=28 | probes=5861 wrfail=0 down=4s maxout=4s
  99.108  t=97s RTT mean=13411 min=9406 max=34314 n=60 to=0 | cancels=0(+0/s) seqbad=0 len_bad=0 disc=0(0x00) | tot_n=5921 tot_to=0 maxever=42163 >2ms=5921 >5ms=5921 >15ms=316 >20ms=143 >30ms=30 | probes=5922 wrfail=0 down=4s maxout=4s
 101.098  t=98s RTT mean=12981 min=5779 max=29304 n=63 to=0 | cancels=0(+0/s) seqbad=0 len_bad=0 disc=0(0x00) | tot_n=5984 tot_to=0 maxever=42163 >2ms=5984 >5ms=5984 >15ms=322 >20ms=147 >30ms=30 | probes=5984 wrfail=0 down=4s maxout=4s
 101.098  t=99s RTT mean=13688 min=11911 max=34313 n=59 to=0 | cancels=0(+0/s) seqbad=0 len_bad=0 disc=0(0x00) | tot_n=6043 tot_to=0 maxever=42163 >2ms=6043 >5ms=6043 >15ms=330 >20ms=152 >30ms=32 | probes=6044 wrfail=0 down=4s maxout=4s
 103.102  t=100s RTT mean=13664 min=11911 max=31699 n=60 to=0 | cancels=0(+0/s) seqbad=0 len_bad=0 disc=0(0x00) | tot_n=6103 tot_to=0 maxever=42163 >2ms=6103 >5ms=6103 >15ms=339 >20ms=157 >30ms=33 | probes=6104 wrfail=0 down=4s maxout=4s
 103.102  t=101s RTT mean=13002 min=5779 max=26909 n=62 to=0 | cancels=0(+0/s) seqbad=0 len_bad=0 disc=0(0x00) | tot_n=6165 tot_to=0 maxever=42163 >2ms=6165 >5ms=6165 >15ms=345 >20ms=161 >30ms=33 | probes=6166 wrfail=0 down=4s maxout=4s
 105.086  t=102s RTT mean=13386 min=11911 max=31858 n=61 to=0 | cancels=0(+0/s) seqbad=0 len_bad=0 disc=0(0x00) | tot_n=6226 tot_to=0 maxever=42163 >2ms=6226 >5ms=6226 >15ms=352 >20ms=166 >30ms=34 | probes=6227 wrfail=0 down=4s maxout=4s
 105.087  t=103s RTT mean=13264 min=5778 max=31699 n=61 to=0 | cancels=0(+0/s) seqbad=0 len_bad=0 disc=0(0x00) | tot_n=6287 tot_to=0 maxever=42163 >2ms=6287 >5ms=6287 >15ms=358 >20ms=171 >30ms=35 | probes=6288 wrfail=0 down=4s maxout=4s
 107.069  t=104s RTT mean=13534 min=5779 max=36804 n=60 to=0 | cancels=0(+0/s) seqbad=0 len_bad=0 disc=0(0x00) | tot_n=6347 tot_to=0 maxever=42163 >2ms=6347 >5ms=6347 >15ms=366 >20ms=175 >30ms=37 | probes=6348 wrfail=0 down=4s maxout=4s
 107.127  t=105s RTT mean=13387 min=11912 max=30500 n=61 to=0 | cancels=0(+0/s) seqbad=0 len_bad=0 disc=0(0x00) | tot_n=6408 tot_to=0 maxever=42163 >2ms=6408 >5ms=6408 >15ms=373 >20ms=179 >30ms=38 | probes=6409 wrfail=0 down=4s maxout=4s
 109.078  t=106s RTT mean=13139 min=8201 max=31913 n=61 to=0 | cancels=0(+0/s) seqbad=0 len_bad=0 disc=0(0x00) | tot_n=6469 tot_to=0 maxever=42163 >2ms=6469 >5ms=6469 >15ms=379 >20ms=183 >30ms=39 | probes=6470 wrfail=0 down=4s maxout=4s
 109.138  t=107s RTT mean=13123 min=5779 max=26910 n=62 to=0 | cancels=0(+0/s) seqbad=0 len_bad=0 disc=0(0x00) | tot_n=6531 tot_to=0 maxever=42163 >2ms=6531 >5ms=6531 >15ms=386 >20ms=187 >30ms=39 | probes=6532 wrfail=0 down=4s maxout=4s
 111.083  t=108s RTT mean=13386 min=11911 max=30673 n=61 to=0 | cancels=0(+0/s) seqbad=0 len_bad=0 disc=0(0x00) | tot_n=6592 tot_to=0 maxever=42163 >2ms=6592 >5ms=6592 >15ms=393 >20ms=192 >30ms=40 | probes=6593 wrfail=0 down=4s maxout=4s
 111.134  t=109s RTT mean=13413 min=5779 max=39200 n=60 to=0 | cancels=0(+0/s) seqbad=0 len_bad=0 disc=0(0x00) | tot_n=6652 tot_to=0 maxever=42163 >2ms=6652 >5ms=6652 >15ms=400 >20ms=196 >30ms=41 | probes=6653 wrfail=0 down=4s maxout=4s
 113.105  t=110s RTT mean=13245 min=5779 max=31698 n=62 to=0 | cancels=0(+0/s) seqbad=0 len_bad=0 disc=0(0x00) | tot_n=6714 tot_to=0 maxever=42163 >2ms=6714 >5ms=6714 >15ms=407 >20ms=201 >30ms=42 | probes=6714 wrfail=0 down=4s maxout=4s
 113.105  t=111s RTT mean=13533 min=11911 max=35504 n=60 to=0 | cancels=0(+0/s) seqbad=0 len_bad=0 disc=0(0x00) | tot_n=6774 tot_to=0 maxever=42163 >2ms=6774 >5ms=6774 >15ms=414 >20ms=206 >30ms=44 | probes=6775 wrfail=0 down=4s maxout=4s
 115.078  t=112s RTT mean=13141 min=8269 max=28107 n=61 to=0 | cancels=0(+0/s) seqbad=0 len_bad=0 disc=0(0x00) | tot_n=6835 tot_to=0 maxever=42163 >2ms=6835 >5ms=6835 >15ms=420 >20ms=211 >30ms=44 | probes=6836 wrfail=0 down=4s maxout=4s
 115.139  t=113s RTT mean=13510 min=11807 max=35603 n=61 to=0 | cancels=0(+0/s) seqbad=0 len_bad=0 disc=0(0x00) | tot_n=6896 tot_to=0 maxever=42163 >2ms=6896 >5ms=6896 >15ms=426 >20ms=215 >30ms=48 | probes=6896 wrfail=0 down=4s maxout=4s
 117.097  t=114s RTT mean=13143 min=11911 max=30555 n=61 to=0 | cancels=0(+0/s) seqbad=0 len_bad=0 disc=0(0x00) | tot_n=6957 tot_to=0 maxever=42163 >2ms=6957 >5ms=6957 >15ms=431 >20ms=219 >30ms=50 | probes=6958 wrfail=0 down=4s maxout=4s
 117.097  t=115s RTT mean=13240 min=11911 max=31557 n=62 to=0 | cancels=0(+0/s) seqbad=0 len_bad=0 disc=0(0x00) | tot_n=7019 tot_to=0 maxever=42163 >2ms=7019 >5ms=7019 >15ms=437 >20ms=223 >30ms=51 | probes=7019 wrfail=0 down=4s maxout=4s
 119.083  t=116s RTT mean=13263 min=5771 max=36969 n=61 to=0 | cancels=0(+0/s) seqbad=0 len_bad=0 disc=0(0x00) | tot_n=7080 tot_to=0 maxever=42163 >2ms=7080 >5ms=7080 >15ms=442 >20ms=228 >30ms=52 | probes=7080 wrfail=0 down=4s maxout=4s
 119.144  t=117s RTT mean=13411 min=11809 max=31698 n=60 to=0 | cancels=0(+0/s) seqbad=0 len_bad=0 disc=0(0x00) | tot_n=7140 tot_to=0 maxever=42163 >2ms=7140 >5ms=7140 >15ms=449 >20ms=233 >30ms=53 | probes=7141 wrfail=0 down=4s maxout=4s
 121.083  t=118s RTT mean=13120 min=5778 max=30497 n=62 to=0 | cancels=0(+0/s) seqbad=0 len_bad=0 disc=0(0x00) | tot_n=7202 tot_to=0 maxever=42163 >2ms=7202 >5ms=7202 >15ms=456 >20ms=237 >30ms=54 | probes=7203 wrfail=0 down=4s maxout=4s
 121.143  t=119s RTT mean=13532 min=11663 max=34313 n=60 to=0 | cancels=0(+0/s) seqbad=0 len_bad=0 disc=0(0x00) | tot_n=7262 tot_to=0 maxever=42163 >2ms=7262 >5ms=7262 >15ms=463 >20ms=242 >30ms=56 | probes=7263 wrfail=0 down=4s maxout=4s
 123.114  t=120s RTT mean=13534 min=11911 max=31913 n=60 to=0 | cancels=0(+0/s) seqbad=0 len_bad=0 disc=0(0x00) | tot_n=7322 tot_to=0 maxever=42163 >2ms=7322 >5ms=7322 >15ms=470 >20ms=247 >30ms=58 | probes=7323 wrfail=0 down=4s maxout=4s
 123.114  t=121s RTT mean=13241 min=11911 max=28360 n=62 to=0 | cancels=0(+0/s) seqbad=0 len_bad=0 disc=0(0x00) | tot_n=7384 tot_to=0 maxever=42163 >2ms=7384 >5ms=7384 >15ms=477 >20ms=251 >30ms=58 | probes=7384 wrfail=0 down=4s maxout=4s
 125.101  t=122s RTT mean=13143 min=11911 max=28100 n=61 to=0 | cancels=0(+0/s) seqbad=0 len_bad=0 disc=0(0x00) | tot_n=7445 tot_to=0 maxever=42163 >2ms=7445 >5ms=7445 >15ms=483 >20ms=255 >30ms=58 | probes=7446 wrfail=0 down=4s maxout=4s
 125.101  t=123s RTT mean=13263 min=11911 max=28359 n=61 to=0 | cancels=0(+0/s) seqbad=0 len_bad=0 disc=0(0x00) | tot_n=7506 tot_to=0 maxever=42163 >2ms=7506 >5ms=7506 >15ms=490 >20ms=259 >30ms=58 | probes=7507 wrfail=0 down=4s maxout=4s
 127.108  t=124s RTT mean=13509 min=11911 max=38256 n=61 to=0 | cancels=0(+0/s) seqbad=0 len_bad=0 disc=0(0x00) | tot_n=7567 tot_to=0 maxever=42163 >2ms=7567 >5ms=7567 >15ms=496 >20ms=263 >30ms=61 | probes=7567 wrfail=0 down=4s maxout=4s
 127.108  PCTL target=25 tot=3664 to=0 p50=11 p90=16 p99=31 p99.9=38 max=42 g30=61 g100=0 (ms/counts)
 127.108  LOADRAMP: target=50 KBps for 60s
 127.108  t=125s RTT mean=14106 min=5779 max=28106 n=58 to=0 | cancels=0(+0/s) seqbad=0 len_bad=0 disc=0(0x00) | tot_n=7625 tot_to=0 maxever=42163 >2ms=7625 >5ms=7625 >15ms=505 >20ms=272 >30ms=61 | probes=7626 wrfail=0 down=4s maxout=4s
 129.078  t=126s RTT mean=14672 min=11911 max=31665 n=56 to=0 | cancels=0(+0/s) seqbad=0 len_bad=0 disc=0(0x00) | tot_n=7681 tot_to=0 maxever=42163 >2ms=7681 >5ms=7681 >15ms=515 >20ms=281 >30ms=63 | probes=7682 wrfail=0 down=4s maxout=4s
 129.133  t=127s RTT mean=14523 min=5779 max=34408 n=57 to=0 | cancels=0(+0/s) seqbad=0 len_bad=0 disc=0(0x00) | tot_n=7738 tot_to=0 maxever=42163 >2ms=7738 >5ms=7738 >15ms=526 >20ms=290 >30ms=64 | probes=7739 wrfail=0 down=4s maxout=4s
 131.094  t=128s RTT mean=14642 min=8236 max=34407 n=55 to=0 | cancels=0(+0/s) seqbad=0 len_bad=0 disc=0(0x00) | tot_n=7793 tot_to=0 maxever=42163 >2ms=7793 >5ms=7793 >15ms=536 >20ms=298 >30ms=66 | probes=7794 wrfail=0 down=4s maxout=4s
 131.095  t=129s RTT mean=14801 min=8238 max=34406 n=57 to=0 | cancels=0(+0/s) seqbad=0 len_bad=0 disc=0(0x00) | tot_n=7850 tot_to=0 maxever=42163 >2ms=7850 >5ms=7850 >15ms=546 >20ms=308 >30ms=69 | probes=7851 wrfail=0 down=4s maxout=4s
 133.099  t=130s RTT mean=14604 min=7047 max=29303 n=57 to=0 | cancels=0(+0/s) seqbad=0 len_bad=0 disc=0(0x00) | tot_n=7907 tot_to=0 maxever=42163 >2ms=7907 >5ms=7907 >15ms=557 >20ms=318 >30ms=69 | probes=7907 wrfail=0 down=4s maxout=4s
 133.099  t=131s RTT mean=14705 min=11911 max=39511 n=55 to=0 | cancels=0(+0/s) seqbad=0 len_bad=0 disc=0(0x00) | tot_n=7962 tot_to=0 maxever=42163 >2ms=7962 >5ms=7962 >15ms=566 >20ms=326 >30ms=72 | probes=7963 wrfail=0 down=4s maxout=4s
 135.098  t=132s RTT mean=14868 min=7041 max=34235 n=57 to=0 | cancels=0(+0/s) seqbad=0 len_bad=0 disc=0(0x00) | tot_n=8019 tot_to=0 maxever=42163 >2ms=8019 >5ms=8019 >15ms=577 >20ms=336 >30ms=74 | probes=8019 wrfail=0 down=4s maxout=4s
 135.098  t=133s RTT mean=14571 min=5779 max=35608 n=55 to=0 | cancels=0(+0/s) seqbad=0 len_bad=0 disc=0(0x00) | tot_n=8074 tot_to=0 maxever=42163 >2ms=8074 >5ms=8074 >15ms=587 >20ms=344 >30ms=76 | probes=8075 wrfail=0 down=4s maxout=4s
 137.086  t=134s RTT mean=14856 min=7044 max=45560 n=56 to=0 | cancels=0(+0/s) seqbad=0 len_bad=0 disc=0(0x00) | tot_n=8130 tot_to=0 maxever=45560 >2ms=8130 >5ms=8130 >15ms=597 >20ms=353 >30ms=78 | probes=8131 wrfail=0 down=4s maxout=4s
 137.147  t=135s RTT mean=14677 min=8238 max=34409 n=56 to=0 | cancels=0(+0/s) seqbad=0 len_bad=0 disc=0(0x00) | tot_n=8186 tot_to=0 maxever=45560 >2ms=8186 >5ms=8186 >15ms=606 >20ms=362 >30ms=82 | probes=8187 wrfail=0 down=4s maxout=4s
 139.123  t=136s RTT mean=14767 min=5779 max=33209 n=56 to=0 | cancels=0(+0/s) seqbad=0 len_bad=0 disc=0(0x00) | tot_n=8242 tot_to=0 maxever=45560 >2ms=8242 >5ms=8242 >15ms=617 >20ms=371 >30ms=84 | probes=8243 wrfail=0 down=4s maxout=4s
 139.123  t=137s RTT mean=14718 min=5779 max=35607 n=56 to=0 | cancels=0(+0/s) seqbad=0 len_bad=0 disc=0(0x00) | tot_n=8298 tot_to=0 maxever=45560 >2ms=8298 >5ms=8298 >15ms=627 >20ms=381 >30ms=86 | probes=8299 wrfail=0 down=4s maxout=4s
 141.090  t=138s RTT mean=14764 min=10891 max=34406 n=57 to=0 | cancels=0(+0/s) seqbad=0 len_bad=0 disc=0(0x00) | tot_n=8355 tot_to=0 maxever=45560 >2ms=8355 >5ms=8355 >15ms=637 >20ms=391 >30ms=89 | probes=8356 wrfail=0 down=4s maxout=4s
 141.151  t=139s RTT mean=15028 min=5780 max=34410 n=56 to=0 | cancels=0(+0/s) seqbad=0 len_bad=0 disc=0(0x00) | tot_n=8411 tot_to=0 maxever=45560 >2ms=8411 >5ms=8411 >15ms=650 >20ms=400 >30ms=92 | probes=8411 wrfail=0 down=4s maxout=4s
 143.103  t=140s RTT mean=14697 min=8244 max=35508 n=56 to=0 | cancels=0(+0/s) seqbad=0 len_bad=0 disc=0(0x00) | tot_n=8467 tot_to=0 maxever=45560 >2ms=8467 >5ms=8467 >15ms=660 >20ms=409 >30ms=95 | probes=8468 wrfail=0 down=4s maxout=4s
 143.103  t=141s RTT mean=14636 min=9443 max=34663 n=55 to=0 | cancels=0(+0/s) seqbad=0 len_bad=0 disc=0(0x00) | tot_n=8522 tot_to=0 maxever=45560 >2ms=8522 >5ms=8522 >15ms=670 >20ms=417 >30ms=97 | probes=8523 wrfail=0 down=4s maxout=4s
 145.098  t=142s RTT mean=14821 min=8245 max=31920 n=57 to=0 | cancels=0(+0/s) seqbad=0 len_bad=0 disc=0(0x00) | tot_n=8579 tot_to=0 maxever=45560 >2ms=8579 >5ms=8579 >15ms=681 >20ms=427 >30ms=98 | probes=8580 wrfail=0 down=4s maxout=4s
 145.098  t=143s RTT mean=14795 min=8247 max=35862 n=55 to=0 | cancels=0(+0/s) seqbad=0 len_bad=0 disc=0(0x00) | tot_n=8634 tot_to=0 maxever=45560 >2ms=8634 >5ms=8634 >15ms=691 >20ms=435 >30ms=101 | probes=8635 wrfail=0 down=4s maxout=4s
 147.082  t=144s RTT mean=14789 min=5779 max=39166 n=56 to=0 | cancels=0(+0/s) seqbad=0 len_bad=0 disc=0(0x00) | tot_n=8690 tot_to=0 maxever=45560 >2ms=8690 >5ms=8690 >15ms=701 >20ms=444 >30ms=105 | probes=8691 wrfail=0 down=4s maxout=4s
 147.143  t=145s RTT mean=14862 min=10886 max=39419 n=56 to=0 | cancels=0(+0/s) seqbad=0 len_bad=0 disc=0(0x00) | tot_n=8746 tot_to=0 maxever=45560 >2ms=8746 >5ms=8746 >15ms=710 >20ms=453 >30ms=108 | probes=8747 wrfail=0 down=4s maxout=4s
 149.076  t=146s RTT mean=15425 min=11911 max=33210 n=55 to=0 | cancels=0(+0/s) seqbad=0 len_bad=0 disc=0(0x00) | tot_n=8801 tot_to=0 maxever=45560 >2ms=8801 >5ms=8801 >15ms=724 >20ms=463 >30ms=110 | probes=8801 wrfail=0 down=4s maxout=4s
 149.137  t=147s RTT mean=14722 min=8240 max=28360 n=56 to=0 | cancels=0(+0/s) seqbad=0 len_bad=0 disc=0(0x00) | tot_n=8857 tot_to=0 maxever=45560 >2ms=8857 >5ms=8857 >15ms=736 >20ms=472 >30ms=110 | probes=8857 wrfail=0 down=4s maxout=4s
 151.120  t=148s RTT mean=14385 min=11723 max=32015 n=56 to=0 | cancels=0(+0/s) seqbad=0 len_bad=0 disc=0(0x00) | tot_n=8913 tot_to=0 maxever=45560 >2ms=8913 >5ms=8913 >15ms=744 >20ms=480 >30ms=112 | probes=8914 wrfail=0 down=4s maxout=4s
 151.120  t=149s RTT mean=14558 min=3135 max=31918 n=58 to=0 | cancels=0(+0/s) seqbad=0 len_bad=0 disc=0(0x00) | tot_n=8971 tot_to=0 maxever=45560 >2ms=8971 >5ms=8970 >15ms=755 >20ms=490 >30ms=113 | probes=8971 wrfail=0 down=4s maxout=4s
 153.118  t=150s RTT mean=14677 min=11723 max=34406 n=56 to=0 | cancels=0(+0/s) seqbad=0 len_bad=0 disc=0(0x00) | tot_n=9027 tot_to=0 maxever=45560 >2ms=9027 >5ms=9026 >15ms=765 >20ms=499 >30ms=114 | probes=9028 wrfail=0 down=4s maxout=4s
 153.118  t=151s RTT mean=14502 min=11912 max=30560 n=57 to=0 | cancels=0(+0/s) seqbad=0 len_bad=0 disc=0(0x00) | tot_n=9084 tot_to=0 maxever=45560 >2ms=9084 >5ms=9083 >15ms=774 >20ms=508 >30ms=115 | probes=9085 wrfail=0 down=4s maxout=4s
 155.120  t=152s RTT mean=14786 min=9433 max=29303 n=56 to=0 | cancels=0(+0/s) seqbad=0 len_bad=0 disc=0(0x00) | tot_n=9140 tot_to=0 maxever=45560 >2ms=9140 >5ms=9139 >15ms=786 >20ms=517 >30ms=115 | probes=9140 wrfail=0 down=4s maxout=4s
 155.120  t=153s RTT mean=14695 min=11911 max=34310 n=56 to=0 | cancels=0(+0/s) seqbad=0 len_bad=0 disc=0(0x00) | tot_n=9196 tot_to=0 maxever=45560 >2ms=9196 >5ms=9195 >15ms=796 >20ms=526 >30ms=116 | probes=9197 wrfail=0 down=4s maxout=4s
 157.124  t=154s RTT mean=14451 min=7039 max=34313 n=56 to=0 | cancels=0(+0/s) seqbad=0 len_bad=0 disc=0(0x00) | tot_n=9252 tot_to=0 maxever=45560 >2ms=9252 >5ms=9251 >15ms=805 >20ms=534 >30ms=118 | probes=9253 wrfail=0 down=4s maxout=4s
 157.124  t=155s RTT mean=14702 min=5839 max=34406 n=56 to=0 | cancels=0(+0/s) seqbad=0 len_bad=0 disc=0(0x00) | tot_n=9308 tot_to=0 maxever=45560 >2ms=9308 >5ms=9307 >15ms=815 >20ms=543 >30ms=120 | probes=9309 wrfail=0 down=4s maxout=4s
 159.125  t=156s RTT mean=14929 min=11911 max=34313 n=57 to=0 | cancels=0(+0/s) seqbad=0 len_bad=0 disc=0(0x00) | tot_n=9365 tot_to=0 maxever=45560 >2ms=9365 >5ms=9364 >15ms=825 >20ms=553 >30ms=123 | probes=9365 wrfail=0 down=4s maxout=4s
 159.125  t=157s RTT mean=14581 min=8248 max=34314 n=56 to=0 | cancels=0(+0/s) seqbad=0 len_bad=0 disc=0(0x00) | tot_n=9421 tot_to=0 maxever=45560 >2ms=9421 >5ms=9420 >15ms=835 >20ms=562 >30ms=124 | probes=9422 wrfail=0 down=4s maxout=4s
 161.133  t=158s RTT mean=14524 min=5780 max=34407 n=57 to=0 | cancels=0(+0/s) seqbad=0 len_bad=0 disc=0(0x00) | tot_n=9478 tot_to=0 maxever=45560 >2ms=9478 >5ms=9477 >15ms=846 >20ms=571 >30ms=125 | probes=9479 wrfail=0 down=4s maxout=4s
 161.133  t=159s RTT mean=14492 min=8241 max=28357 n=57 to=0 | cancels=0(+0/s) seqbad=0 len_bad=0 disc=0(0x00) | tot_n=9535 tot_to=0 maxever=45560 >2ms=9535 >5ms=9534 >15ms=857 >20ms=580 >30ms=125 | probes=9536 wrfail=0 down=4s maxout=4s
 163.091  t=160s RTT mean=14521 min=11912 max=33212 n=56 to=0 | cancels=0(+0/s) seqbad=0 len_bad=0 disc=0(0x00) | tot_n=9591 tot_to=0 maxever=45560 >2ms=9591 >5ms=9590 >15ms=867 >20ms=589 >30ms=126 | probes=9592 wrfail=0 down=4s maxout=4s
 163.151  t=161s RTT mean=14424 min=8241 max=28361 n=58 to=0 | cancels=0(+0/s) seqbad=0 len_bad=0 disc=0(0x00) | tot_n=9649 tot_to=0 maxever=45560 >2ms=9649 >5ms=9648 >15ms=877 >20ms=599 >30ms=126 | probes=9649 wrfail=0 down=4s maxout=4s
 165.107  t=162s RTT mean=14968 min=11663 max=37062 n=55 to=0 | cancels=0(+0/s) seqbad=0 len_bad=0 disc=0(0x00) | tot_n=9704 tot_to=0 maxever=45560 >2ms=9704 >5ms=9703 >15ms=889 >20ms=608 >30ms=127 | probes=9705 wrfail=0 down=4s maxout=4s
 165.107  t=163s RTT mean=14300 min=8241 max=29301 n=58 to=0 | cancels=0(+0/s) seqbad=0 len_bad=0 disc=0(0x00) | tot_n=9762 tot_to=0 maxever=45560 >2ms=9762 >5ms=9761 >15ms=899 >20ms=617 >30ms=127 | probes=9762 wrfail=0 down=4s maxout=4s
 167.106  t=164s RTT mean=14405 min=5779 max=29301 n=57 to=0 | cancels=0(+0/s) seqbad=0 len_bad=0 disc=0(0x00) | tot_n=9819 tot_to=0 maxever=45560 >2ms=9819 >5ms=9818 >15ms=910 >20ms=626 >30ms=127 | probes=9819 wrfail=0 down=4s maxout=4s
 167.106  t=165s RTT mean=15290 min=5779 max=35606 n=54 to=0 | cancels=0(+0/s) seqbad=0 len_bad=0 disc=0(0x00) | tot_n=9873 tot_to=0 maxever=45560 >2ms=9873 >5ms=9872 >15ms=925 >20ms=635 >30ms=128 | probes=9874 wrfail=0 down=4s maxout=4s
 169.090  t=166s RTT mean=14603 min=9446 max=29557 n=57 to=0 | cancels=0(+0/s) seqbad=0 len_bad=0 disc=0(0x00) | tot_n=9930 tot_to=0 maxever=45560 >2ms=9930 >5ms=9929 >15ms=935 >20ms=644 >30ms=128 | probes=9930 wrfail=0 down=4s maxout=4s
 169.151  t=167s RTT mean=14388 min=5779 max=33116 n=57 to=0 | cancels=0(+0/s) seqbad=0 len_bad=0 disc=0(0x00) | tot_n=9987 tot_to=0 maxever=45560 >2ms=9987 >5ms=9986 >15ms=945 >20ms=653 >30ms=130 | probes=9988 wrfail=0 down=4s maxout=4s
 171.111  t=168s RTT mean=14410 min=7040 max=37066 n=56 to=0 | cancels=0(+0/s) seqbad=0 len_bad=0 disc=0(0x00) | tot_n=10043 tot_to=0 maxever=45560 >2ms=10043 >5ms=10042 >15ms=953 >20ms=661 >30ms=133 | probes=10044 wrfail=0 down=4s maxout=4s
 171.112  t=169s RTT mean=14606 min=8238 max=41906 n=56 to=0 | cancels=0(+0/s) seqbad=0 len_bad=0 disc=0(0x00) | tot_n=10099 tot_to=0 maxever=45560 >2ms=10099 >5ms=10098 >15ms=962 >20ms=670 >30ms=135 | probes=10100 wrfail=0 down=4s maxout=4s
 173.133  t=170s RTT mean=15066 min=9435 max=36867 n=57 to=0 | cancels=0(+0/s) seqbad=0 len_bad=0 disc=0(0x00) | tot_n=10156 tot_to=0 maxever=45560 >2ms=10156 >5ms=10155 >15ms=973 >20ms=680 >30ms=138 | probes=10156 wrfail=0 down=4s maxout=4s
 173.133  t=171s RTT mean=14646 min=8241 max=29568 n=56 to=0 | cancels=0(+0/s) seqbad=0 len_bad=0 disc=0(0x00) | tot_n=10212 tot_to=0 maxever=45560 >2ms=10212 >5ms=10211 >15ms=985 >20ms=689 >30ms=138 | probes=10213 wrfail=0 down=4s maxout=4s
 175.130  t=172s RTT mean=14366 min=11912 max=34662 n=56 to=0 | cancels=0(+0/s) seqbad=0 len_bad=0 disc=0(0x00) | tot_n=10268 tot_to=0 maxever=45560 >2ms=10268 >5ms=10267 >15ms=993 >20ms=697 >30ms=140 | probes=10269 wrfail=0 down=4s maxout=4s
 175.130  t=173s RTT mean=15143 min=10886 max=33127 n=56 to=0 | cancels=0(+0/s) seqbad=0 len_bad=0 disc=0(0x00) | tot_n=10324 tot_to=0 maxever=45560 >2ms=10324 >5ms=10323 >15ms=1005 >20ms=707 >30ms=142 | probes=10325 wrfail=0 down=4s maxout=4s
 177.086  t=174s RTT mean=14438 min=8236 max=34410 n=56 to=0 | cancels=0(+0/s) seqbad=0 len_bad=0 disc=0(0x00) | tot_n=10380 tot_to=0 maxever=45560 >2ms=10380 >5ms=10379 >15ms=1014 >20ms=715 >30ms=144 | probes=10381 wrfail=0 down=4s maxout=4s
 177.146  t=175s RTT mean=14804 min=8238 max=30812 n=57 to=0 | cancels=0(+0/s) seqbad=0 len_bad=0 disc=0(0x00) | tot_n=10437 tot_to=0 maxever=45560 >2ms=10437 >5ms=10436 >15ms=1025 >20ms=725 >30ms=145 | probes=10438 wrfail=0 down=4s maxout=4s
 179.138  t=176s RTT mean=14388 min=9434 max=35602 n=56 to=0 | cancels=0(+0/s) seqbad=0 len_bad=0 disc=0(0x00) | tot_n=10493 tot_to=0 maxever=45560 >2ms=10493 >5ms=10492 >15ms=1033 >20ms=733 >30ms=148 | probes=10494 wrfail=0 down=4s maxout=4s
 179.139  t=177s RTT mean=15058 min=11910 max=39348 n=56 to=0 | cancels=0(+0/s) seqbad=0 len_bad=0 disc=0(0x00) | tot_n=10549 tot_to=0 maxever=45560 >2ms=10549 >5ms=10548 >15ms=1042 >20ms=742 >30ms=153 | probes=10550 wrfail=0 down=4s maxout=4s
 181.126  t=178s RTT mean=14797 min=11911 max=35607 n=55 to=0 | cancels=0(+0/s) seqbad=0 len_bad=0 disc=0(0x00) | tot_n=10604 tot_to=0 maxever=45560 >2ms=10604 >5ms=10603 >15ms=1052 >20ms=751 >30ms=155 | probes=10605 wrfail=0 down=4s maxout=4s
 181.127  t=179s RTT mean=14931 min=5779 max=36707 n=57 to=0 | cancels=0(+0/s) seqbad=0 len_bad=0 disc=0(0x00) | tot_n=10661 tot_to=0 maxever=45560 >2ms=10661 >5ms=10660 >15ms=1062 >20ms=761 >30ms=158 | probes=10661 wrfail=0 down=4s maxout=4s
 183.127  t=180s RTT mean=14640 min=8243 max=35605 n=55 to=0 | cancels=0(+0/s) seqbad=0 len_bad=0 disc=0(0x00) | tot_n=10716 tot_to=0 maxever=45560 >2ms=10716 >5ms=10715 >15ms=1072 >20ms=769 >30ms=160 | probes=10717 wrfail=0 down=4s maxout=4s
 183.127  t=181s RTT mean=14873 min=7041 max=35604 n=56 to=0 | cancels=0(+0/s) seqbad=0 len_bad=0 disc=0(0x00) | tot_n=10772 tot_to=0 maxever=45560 >2ms=10772 >5ms=10771 >15ms=1084 >20ms=779 >30ms=161 | probes=10773 wrfail=0 down=4s maxout=4s
 185.103  t=182s RTT mean=14780 min=11911 max=34404 n=57 to=0 | cancels=0(+0/s) seqbad=0 len_bad=0 disc=0(0x00) | tot_n=10829 tot_to=0 maxever=45560 >2ms=10829 >5ms=10828 >15ms=1094 >20ms=789 >30ms=163 | probes=10829 wrfail=0 down=4s maxout=4s
 185.104  t=183s RTT mean=14177 min=8239 max=28107 n=58 to=0 | cancels=0(+0/s) seqbad=0 len_bad=0 disc=0(0x00) | tot_n=10887 tot_to=0 maxever=45560 >2ms=10887 >5ms=10886 >15ms=1103 >20ms=798 >30ms=163 | probes=10887 wrfail=0 down=4s maxout=4s
 187.085  t=184s RTT mean=14700 min=8176 max=35512 n=55 to=0 | cancels=0(+0/s) seqbad=0 len_bad=0 disc=0(0x00) | tot_n=10942 tot_to=0 maxever=45560 >2ms=10942 >5ms=10941 >15ms=1113 >20ms=806 >30ms=166 | probes=10943 wrfail=0 down=4s maxout=4s
 187.146  PCTL target=50 tot=3375 to=0 p50=11 p90=26 p99=34 p99.9=39 max=45 g30=105 g100=0 (ms/counts)
 187.146  LOADRAMP: target=75 KBps for 60s
 187.146  t=185s RTT mean=14806 min=7041 max=34663 n=57 to=0 | cancels=0(+0/s) seqbad=0 len_bad=0 disc=0(0x00) | tot_n=10999 tot_to=0 maxever=45560 >2ms=10999 >5ms=10998 >15ms=1123 >20ms=816 >30ms=169 | probes=10999 wrfail=0 down=4s maxout=4s
 189.109  t=186s RTT mean=17171 min=11911 max=38062 n=48 to=0 | cancels=0(+0/s) seqbad=0 len_bad=0 disc=0(0x00) | tot_n=11047 tot_to=0 maxever=45560 >2ms=11047 >5ms=11046 >15ms=1138 >20ms=829 >30ms=174 | probes=11048 wrfail=0 down=4s maxout=4s
 189.170  t=187s RTT mean=17356 min=11911 max=33117 n=50 to=0 | cancels=0(+0/s) seqbad=0 len_bad=0 disc=0(0x00) | tot_n=11097 tot_to=0 maxever=45560 >2ms=11097 >5ms=11096 >15ms=1158 >20ms=843 >30ms=176 | probes=11098 wrfail=0 down=4s maxout=4s
 191.100  t=188s RTT mean=17366 min=11911 max=48112 n=49 to=0 | cancels=0(+0/s) seqbad=0 len_bad=0 disc=0(0x00) | tot_n=11146 tot_to=0 maxever=48112 >2ms=11146 >5ms=11145 >15ms=1174 >20ms=857 >30ms=180 | probes=11147 wrfail=0 down=4s maxout=4s
 191.161  t=189s RTT mean=16578 min=11912 max=35861 n=50 to=0 | cancels=0(+0/s) seqbad=0 len_bad=0 disc=0(0x00) | tot_n=11196 tot_to=0 maxever=48112 >2ms=11196 >5ms=11195 >15ms=1190 >20ms=870 >30ms=183 | probes=11197 wrfail=0 down=4s maxout=4s
 193.135  t=190s RTT mean=16397 min=5779 max=35512 n=52 to=0 | cancels=0(+0/s) seqbad=0 len_bad=0 disc=0(0x00) | tot_n=11248 tot_to=0 maxever=48112 >2ms=11248 >5ms=11247 >15ms=1206 >20ms=884 >30ms=184 | probes=11249 wrfail=0 down=4s maxout=4s
 193.135  t=191s RTT mean=16431 min=11912 max=34309 n=51 to=0 | cancels=0(+0/s) seqbad=0 len_bad=0 disc=0(0x00) | tot_n=11299 tot_to=0 maxever=48112 >2ms=11299 >5ms=11298 >15ms=1221 >20ms=898 >30ms=187 | probes=11300 wrfail=0 down=4s maxout=4s
 195.119  t=192s RTT mean=16209 min=5779 max=36803 n=52 to=0 | cancels=0(+0/s) seqbad=0 len_bad=0 disc=0(0x00) | tot_n=11351 tot_to=0 maxever=48112 >2ms=11351 >5ms=11350 >15ms=1235 >20ms=912 >30ms=189 | probes=11352 wrfail=0 down=4s maxout=4s
 195.119  t=193s RTT mean=16959 min=11911 max=39358 n=49 to=0 | cancels=0(+0/s) seqbad=0 len_bad=0 disc=0(0x00) | tot_n=11400 tot_to=0 maxever=48112 >2ms=11400 >5ms=11399 >15ms=1249 >20ms=925 >30ms=194 | probes=11401 wrfail=0 down=4s maxout=4s
 197.099  t=194s RTT mean=16759 min=11911 max=34663 n=51 to=0 | cancels=0(+0/s) seqbad=0 len_bad=0 disc=0(0x00) | tot_n=11451 tot_to=0 maxever=48112 >2ms=11451 >5ms=11450 >15ms=1264 >20ms=939 >30ms=198 | probes=11452 wrfail=0 down=4s maxout=4s
 197.159  t=195s RTT mean=18332 min=11663 max=35510 n=47 to=0 | cancels=0(+0/s) seqbad=0 len_bad=0 disc=0(0x00) | tot_n=11498 tot_to=0 maxever=48112 >2ms=11498 >5ms=11497 >15ms=1286 >20ms=955 >30ms=202 | probes=11499 wrfail=0 down=4s maxout=4s
 199.109  t=196s RTT mean=17280 min=5779 max=45566 n=49 to=0 | cancels=0(+0/s) seqbad=0 len_bad=0 disc=0(0x00) | tot_n=11547 tot_to=0 maxever=48112 >2ms=11547 >5ms=11546 >15ms=1302 >20ms=969 >30ms=206 | probes=11548 wrfail=0 down=4s maxout=4s
 199.169  t=197s RTT mean=16584 min=11722 max=34314 n=51 to=0 | cancels=0(+0/s) seqbad=0 len_bad=0 disc=0(0x00) | tot_n=11598 tot_to=0 maxever=48112 >2ms=11598 >5ms=11597 >15ms=1317 >20ms=983 >30ms=208 | probes=11599 wrfail=0 down=4s maxout=4s
 201.096  t=198s RTT mean=16019 min=11911 max=37056 n=51 to=0 | cancels=0(+0/s) seqbad=0 len_bad=0 disc=0(0x00) | tot_n=11649 tot_to=0 maxever=48112 >2ms=11649 >5ms=11648 >15ms=1330 >20ms=996 >30ms=210 | probes=11650 wrfail=0 down=4s maxout=4s
 201.156  t=199s RTT mean=16926 min=11912 max=33050 n=51 to=0 | cancels=0(+0/s) seqbad=0 len_bad=0 disc=0(0x00) | tot_n=11700 tot_to=0 maxever=48112 >2ms=11700 >5ms=11699 >15ms=1346 >20ms=1011 >30ms=214 | probes=11701 wrfail=0 down=4s maxout=4s
 203.136  t=200s RTT mean=15876 min=8238 max=31664 n=52 to=0 | cancels=0(+0/s) seqbad=0 len_bad=0 disc=0(0x00) | tot_n=11752 tot_to=0 maxever=48112 >2ms=11752 >5ms=11751 >15ms=1360 >20ms=1025 >30ms=215 | probes=11753 wrfail=0 down=4s maxout=4s
 203.136  t=201s RTT mean=16422 min=3133 max=40709 n=52 to=0 | cancels=0(+0/s) seqbad=0 len_bad=0 disc=0(0x00) | tot_n=11804 tot_to=0 maxever=48112 >2ms=11804 >5ms=11802 >15ms=1375 >20ms=1039 >30ms=217 | probes=11805 wrfail=0 down=4s maxout=4s
 205.134  t=202s RTT mean=16605 min=11663 max=34313 n=51 to=0 | cancels=0(+0/s) seqbad=0 len_bad=0 disc=0(0x00) | tot_n=11855 tot_to=0 maxever=48112 >2ms=11855 >5ms=11853 >15ms=1390 >20ms=1053 >30ms=221 | probes=11856 wrfail=0 down=4s maxout=4s
 205.134  t=203s RTT mean=16798 min=11911 max=39419 n=49 to=0 | cancels=0(+0/s) seqbad=0 len_bad=0 disc=0(0x00) | tot_n=11904 tot_to=0 maxever=48112 >2ms=11904 >5ms=11902 >15ms=1405 >20ms=1066 >30ms=225 | probes=11905 wrfail=0 down=4s maxout=4s
 207.116  t=204s RTT mean=17005 min=11911 max=34410 n=50 to=0 | cancels=0(+0/s) seqbad=0 len_bad=0 disc=0(0x00) | tot_n=11954 tot_to=0 maxever=48112 >2ms=11954 >5ms=11952 >15ms=1421 >20ms=1079 >30ms=230 | probes=11955 wrfail=0 down=4s maxout=4s
 207.116  t=205s RTT mean=17172 min=11662 max=39167 n=50 to=0 | cancels=0(+0/s) seqbad=0 len_bad=0 disc=0(0x00) | tot_n=12004 tot_to=0 maxever=48112 >2ms=12004 >5ms=12002 >15ms=1438 >20ms=1094 >30ms=233 | probes=12005 wrfail=0 down=4s maxout=4s
 209.090  t=206s RTT mean=16339 min=8237 max=33212 n=51 to=0 | cancels=0(+0/s) seqbad=0 len_bad=0 disc=0(0x00) | tot_n=12055 tot_to=0 maxever=48112 >2ms=12055 >5ms=12053 >15ms=1454 >20ms=1107 >30ms=236 | probes=12056 wrfail=0 down=4s maxout=4s
 209.151  t=207s RTT mean=16094 min=5778 max=34314 n=53 to=0 | cancels=0(+0/s) seqbad=0 len_bad=0 disc=0(0x00) | tot_n=12108 tot_to=0 maxever=48112 >2ms=12108 >5ms=12106 >15ms=1468 >20ms=1121 >30ms=238 | probes=12108 wrfail=0 down=4s maxout=4s
 211.108  t=208s RTT mean=16500 min=11663 max=35510 n=50 to=0 | cancels=0(+0/s) seqbad=0 len_bad=0 disc=0(0x00) | tot_n=12158 tot_to=0 maxever=48112 >2ms=12158 >5ms=12156 >15ms=1482 >20ms=1134 >30ms=242 | probes=12159 wrfail=0 down=4s maxout=4s
 211.166  t=209s RTT mean=16662 min=11911 max=35510 n=51 to=0 | cancels=0(+0/s) seqbad=0 len_bad=0 disc=0(0x00) | tot_n=12209 tot_to=0 maxever=48112 >2ms=12209 >5ms=12207 >15ms=1497 >20ms=1148 >30ms=246 | probes=12210 wrfail=0 down=4s maxout=4s
 213.145  t=210s RTT mean=16648 min=5780 max=39165 n=50 to=0 | cancels=0(+0/s) seqbad=0 len_bad=0 disc=0(0x00) | tot_n=12259 tot_to=0 maxever=48112 >2ms=12259 >5ms=12257 >15ms=1511 >20ms=1162 >30ms=250 | probes=12260 wrfail=0 down=4s maxout=4s
 213.145  t=211s RTT mean=16811 min=11911 max=34401 n=51 to=0 | cancels=0(+0/s) seqbad=0 len_bad=0 disc=0(0x00) | tot_n=12310 tot_to=0 maxever=48112 >2ms=12310 >5ms=12308 >15ms=1527 >20ms=1177 >30ms=255 | probes=12311 wrfail=0 down=4s maxout=4s
 215.118  t=212s RTT mean=16225 min=11911 max=34155 n=52 to=0 | cancels=0(+0/s) seqbad=0 len_bad=0 disc=0(0x00) | tot_n=12362 tot_to=0 maxever=48112 >2ms=12362 >5ms=12360 >15ms=1541 >20ms=1191 >30ms=257 | probes=12363 wrfail=0 down=4s maxout=4s
 215.118  t=213s RTT mean=16654 min=11911 max=35603 n=51 to=0 | cancels=0(+0/s) seqbad=0 len_bad=0 disc=0(0x00) | tot_n=12413 tot_to=0 maxever=48112 >2ms=12413 >5ms=12411 >15ms=1557 >20ms=1205 >30ms=259 | probes=12413 wrfail=0 down=4s maxout=4s
 217.106  t=214s RTT mean=16460 min=11911 max=34663 n=50 to=0 | cancels=0(+0/s) seqbad=0 len_bad=0 disc=0(0x00) | tot_n=12463 tot_to=0 maxever=48112 >2ms=12463 >5ms=12461 >15ms=1571 >20ms=1218 >30ms=263 | probes=12464 wrfail=0 down=4s maxout=4s
 217.163  t=215s RTT mean=17468 min=11911 max=44209 n=49 to=0 | cancels=0(+0/s) seqbad=0 len_bad=0 disc=0(0x00) | tot_n=12512 tot_to=0 maxever=48112 >2ms=12512 >5ms=12510 >15ms=1588 >20ms=1232 >30ms=267 | probes=12513 wrfail=0 down=4s maxout=4s
 219.136  t=216s RTT mean=17432 min=11912 max=34410 n=49 to=0 | cancels=0(+0/s) seqbad=0 len_bad=0 disc=0(0x00) | tot_n=12561 tot_to=0 maxever=48112 >2ms=12561 >5ms=12559 >15ms=1605 >20ms=1248 >30ms=270 | probes=12562 wrfail=0 down=4s maxout=4s
 219.136  t=217s RTT mean=16527 min=11911 max=43106 n=50 to=0 | cancels=0(+0/s) seqbad=0 len_bad=0 disc=0(0x00) | tot_n=12611 tot_to=0 maxever=48112 >2ms=12611 >5ms=12609 >15ms=1620 >20ms=1262 >30ms=272 | probes=12612 wrfail=0 down=4s maxout=4s
 221.099  t=218s RTT mean=16568 min=11912 max=34410 n=51 to=0 | cancels=0(+0/s) seqbad=0 len_bad=0 disc=0(0x00) | tot_n=12662 tot_to=0 maxever=48112 >2ms=12662 >5ms=12660 >15ms=1634 >20ms=1276 >30ms=276 | probes=12663 wrfail=0 down=4s maxout=4s
 221.159  t=219s RTT mean=16253 min=5778 max=29305 n=52 to=0 | cancels=0(+0/s) seqbad=0 len_bad=0 disc=0(0x00) | tot_n=12714 tot_to=0 maxever=48112 >2ms=12714 >5ms=12712 >15ms=1650 >20ms=1291 >30ms=276 | probes=12715 wrfail=0 down=4s maxout=4s
 223.106  t=220s RTT mean=16775 min=11912 max=35603 n=50 to=0 | cancels=0(+0/s) seqbad=0 len_bad=0 disc=0(0x00) | tot_n=12764 tot_to=0 maxever=48112 >2ms=12764 >5ms=12762 >15ms=1665 >20ms=1304 >30ms=281 | probes=12765 wrfail=0 down=4s maxout=4s
 223.163  t=221s RTT mean=17236 min=11911 max=39420 n=50 to=0 | cancels=0(+0/s) seqbad=0 len_bad=0 disc=0(0x00) | tot_n=12814 tot_to=0 maxever=48112 >2ms=12814 >5ms=12812 >15ms=1680 >20ms=1319 >30ms=285 | probes=12815 wrfail=0 down=4s maxout=4s
 225.112  t=222s RTT mean=16177 min=5779 max=40709 n=51 to=0 | cancels=0(+0/s) seqbad=0 len_bad=0 disc=0(0x00) | tot_n=12865 tot_to=0 maxever=48112 >2ms=12865 >5ms=12863 >15ms=1695 >20ms=1331 >30ms=287 | probes=12866 wrfail=0 down=4s maxout=4s
 225.173  t=223s RTT mean=17331 min=11662 max=35800 n=50 to=0 | cancels=0(+0/s) seqbad=0 len_bad=0 disc=0(0x00) | tot_n=12915 tot_to=0 maxever=48112 >2ms=12915 >5ms=12913 >15ms=1713 >20ms=1346 >30ms=291 | probes=12916 wrfail=0 down=4s maxout=4s
 227.132  t=224s RTT mean=16506 min=5779 max=39423 n=50 to=0 | cancels=0(+0/s) seqbad=0 len_bad=0 disc=0(0x00) | tot_n=12965 tot_to=0 maxever=48112 >2ms=12965 >5ms=12963 >15ms=1728 >20ms=1359 >30ms=293 | probes=12966 wrfail=0 down=4s maxout=4s
 227.133  t=225s RTT mean=17001 min=11911 max=39166 n=50 to=0 | cancels=0(+0/s) seqbad=0 len_bad=0 disc=0(0x00) | tot_n=13015 tot_to=0 maxever=48112 >2ms=13015 >5ms=13013 >15ms=1743 >20ms=1373 >30ms=297 | probes=13016 wrfail=0 down=4s maxout=4s
 229.099  t=226s RTT mean=17266 min=11912 max=39166 n=49 to=0 | cancels=0(+0/s) seqbad=0 len_bad=0 disc=0(0x00) | tot_n=13064 tot_to=0 maxever=48112 >2ms=13064 >5ms=13062 >15ms=1759 >20ms=1387 >30ms=303 | probes=13065 wrfail=0 down=4s maxout=4s
 229.159  t=227s RTT mean=16267 min=5779 max=35864 n=52 to=0 | cancels=0(+0/s) seqbad=0 len_bad=0 disc=0(0x00) | tot_n=13116 tot_to=0 maxever=48112 >2ms=13116 >5ms=13114 >15ms=1774 >20ms=1402 >30ms=304 | probes=13117 wrfail=0 down=4s maxout=4s
 231.099  t=228s RTT mean=16654 min=11912 max=35627 n=51 to=0 | cancels=0(+0/s) seqbad=0 len_bad=0 disc=0(0x00) | tot_n=13167 tot_to=0 maxever=48112 >2ms=13167 >5ms=13165 >15ms=1790 >20ms=1416 >30ms=306 | probes=13168 wrfail=0 down=4s maxout=4s
 231.159  t=229s RTT mean=16414 min=11910 max=33117 n=51 to=0 | cancels=0(+0/s) seqbad=0 len_bad=0 disc=0(0x00) | tot_n=13218 tot_to=0 maxever=48112 >2ms=13218 >5ms=13216 >15ms=1806 >20ms=1430 >30ms=308 | probes=13219 wrfail=0 down=4s maxout=4s
 233.099  t=230s RTT mean=16130 min=11911 max=30565 n=52 to=0 | cancels=0(+0/s) seqbad=0 len_bad=0 disc=0(0x00) | tot_n=13270 tot_to=0 maxever=48112 >2ms=13270 >5ms=13268 >15ms=1820 >20ms=1444 >30ms=309 | probes=13271 wrfail=0 down=4s maxout=4s
 233.159  t=231s RTT mean=16054 min=5766 max=33116 n=52 to=0 | cancels=0(+0/s) seqbad=0 len_bad=0 disc=0(0x00) | tot_n=13322 tot_to=0 maxever=48112 >2ms=13322 >5ms=13320 >15ms=1834 >20ms=1458 >30ms=310 | probes=13323 wrfail=0 down=4s maxout=4s
 235.114  t=232s RTT mean=16190 min=11911 max=33205 n=52 to=0 | cancels=0(+0/s) seqbad=0 len_bad=0 disc=0(0x00) | tot_n=13374 tot_to=0 maxever=48112 >2ms=13374 >5ms=13372 >15ms=1849 >20ms=1472 >30ms=311 | probes=13375 wrfail=0 down=4s maxout=4s
 235.174  t=233s RTT mean=16091 min=5779 max=41656 n=52 to=0 | cancels=0(+0/s) seqbad=0 len_bad=0 disc=0(0x00) | tot_n=13426 tot_to=0 maxever=48112 >2ms=13426 >5ms=13424 >15ms=1862 >20ms=1484 >30ms=315 | probes=13427 wrfail=0 down=4s maxout=4s
 237.103  t=234s RTT mean=18452 min=11911 max=43213 n=47 to=0 | cancels=0(+0/s) seqbad=0 len_bad=0 disc=0(0x00) | tot_n=13473 tot_to=0 maxever=48112 >2ms=13473 >5ms=13471 >15ms=1881 >20ms=1498 >30ms=322 | probes=13474 wrfail=0 down=4s maxout=4s
 237.158  t=235s RTT mean=19237 min=11912 max=53315 n=44 to=0 | cancels=0(+0/s) seqbad=0 len_bad=0 disc=0(0x00) | tot_n=13517 tot_to=0 maxever=53315 >2ms=13517 >5ms=13515 >15ms=1900 >20ms=1512 >30ms=329 | probes=13518 wrfail=0 down=4s maxout=4s
 239.096  t=236s RTT mean=18133 min=5778 max=37117 n=47 to=0 | cancels=0(+0/s) seqbad=0 len_bad=0 disc=0(0x00) | tot_n=13564 tot_to=0 maxever=53315 >2ms=13564 >5ms=13562 >15ms=1919 >20ms=1526 >30ms=335 | probes=13565 wrfail=0 down=4s maxout=4s
 239.146  t=237s RTT mean=17195 min=11912 max=35606 n=50 to=0 | cancels=0(+0/s) seqbad=0 len_bad=0 disc=0(0x00) | tot_n=13614 tot_to=0 maxever=53315 >2ms=13614 >5ms=13612 >15ms=1936 >20ms=1541 >30ms=339 | probes=13615 wrfail=0 down=4s maxout=4s
 241.115  t=238s RTT mean=16265 min=11911 max=35603 n=51 to=0 | cancels=0(+0/s) seqbad=0 len_bad=0 disc=0(0x00) | tot_n=13665 tot_to=0 maxever=53315 >2ms=13665 >5ms=13663 >15ms=1950 >20ms=1554 >30ms=342 | probes=13666 wrfail=0 down=4s maxout=4s
 241.174  t=239s RTT mean=17734 min=11912 max=33209 n=49 to=0 | cancels=0(+0/s) seqbad=0 len_bad=0 disc=0(0x00) | tot_n=13714 tot_to=0 maxever=53315 >2ms=13714 >5ms=13712 >15ms=1969 >20ms=1570 >30ms=347 | probes=13715 wrfail=0 down=4s maxout=4s
 243.133  t=240s RTT mean=17035 min=11911 max=41657 n=49 to=0 | cancels=0(+0/s) seqbad=0 len_bad=0 disc=0(0x00) | tot_n=13763 tot_to=0 maxever=53315 >2ms=13763 >5ms=13761 >15ms=1982 >20ms=1583 >30ms=353 | probes=13764 wrfail=0 down=4s maxout=4s
 243.134  t=241s RTT mean=16443 min=11912 max=35606 n=51 to=0 | cancels=0(+0/s) seqbad=0 len_bad=0 disc=0(0x00) | tot_n=13814 tot_to=0 maxever=53315 >2ms=13814 >5ms=13812 >15ms=1996 >20ms=1597 >30ms=356 | probes=13815 wrfail=0 down=4s maxout=4s
 245.133  t=242s RTT mean=16464 min=11911 max=41909 n=51 to=0 | cancels=0(+0/s) seqbad=0 len_bad=0 disc=0(0x00) | tot_n=13865 tot_to=0 maxever=53315 >2ms=13865 >5ms=13863 >15ms=2010 >20ms=1610 >30ms=358 | probes=13866 wrfail=0 down=4s maxout=4s
 245.133  t=243s RTT mean=16754 min=11912 max=43106 n=51 to=0 | cancels=0(+0/s) seqbad=0 len_bad=0 disc=0(0x00) | tot_n=13916 tot_to=0 maxever=53315 >2ms=13916 >5ms=13914 >15ms=2024 >20ms=1624 >30ms=362 | probes=13917 wrfail=0 down=4s maxout=4s
 247.111  t=244s RTT mean=16893 min=5779 max=33117 n=50 to=0 | cancels=0(+0/s) seqbad=0 len_bad=0 disc=0(0x00) | tot_n=13966 tot_to=0 maxever=53315 >2ms=13966 >5ms=13964 >15ms=2042 >20ms=1639 >30ms=363 | probes=13967 wrfail=0 down=4s maxout=4s
 247.112  PCTL target=75 tot=3019 to=0 p50=11 p90=28 p99=35 p99.9=44 max=53 g30=198 g100=0 (ms/counts)
 247.112  LOADRAMP: target=100 KBps for 60s
 247.172  t=245s RTT mean=16166 min=11912 max=34405 n=52 to=0 | cancels=0(+0/s) seqbad=0 len_bad=0 disc=0(0x00) | tot_n=14018 tot_to=0 maxever=53315 >2ms=14018 >5ms=14016 >15ms=2056 >20ms=1652 >30ms=365 | probes=14019 wrfail=0 down=4s maxout=4s
 249.097  t=246s RTT mean=18283 min=11911 max=34407 n=47 to=0 | cancels=0(+0/s) seqbad=0 len_bad=0 disc=0(0x00) | tot_n=14065 tot_to=0 maxever=53315 >2ms=14065 >5ms=14063 >15ms=2076 >20ms=1670 >30ms=367 | probes=14066 wrfail=0 down=4s maxout=4s
 249.157  t=247s RTT mean=18444 min=9691 max=41814 n=46 to=0 | cancels=0(+0/s) seqbad=0 len_bad=0 disc=0(0x00) | tot_n=14111 tot_to=0 maxever=53315 >2ms=14111 >5ms=14109 >15ms=2094 >20ms=1688 >30ms=371 | probes=14112 wrfail=0 down=4s maxout=4s
 251.113  t=248s RTT mean=18142 min=11911 max=34314 n=47 to=0 | cancels=0(+0/s) seqbad=0 len_bad=0 disc=0(0x00) | tot_n=14158 tot_to=0 maxever=53315 >2ms=14158 >5ms=14156 >15ms=2113 >20ms=1706 >30ms=374 | probes=14159 wrfail=0 down=4s maxout=4s
 251.173  t=249s RTT mean=19203 min=11911 max=35601 n=45 to=0 | cancels=0(+0/s) seqbad=0 len_bad=0 disc=0(0x00) | tot_n=14203 tot_to=0 maxever=53315 >2ms=14203 >5ms=14201 >15ms=2136 >20ms=1725 >30ms=376 | probes=14204 wrfail=0 down=4s maxout=4s
 253.116  t=250s RTT mean=17899 min=5779 max=39166 n=47 to=0 | cancels=0(+0/s) seqbad=0 len_bad=0 disc=0(0x00) | tot_n=14250 tot_to=0 maxever=53315 >2ms=14250 >5ms=14248 >15ms=2154 >20ms=1743 >30ms=378 | probes=14251 wrfail=0 down=4s maxout=4s
 253.176  t=251s RTT mean=18945 min=11912 max=33212 n=46 to=0 | cancels=0(+0/s) seqbad=0 len_bad=0 disc=0(0x00) | tot_n=14296 tot_to=0 maxever=53315 >2ms=14296 >5ms=14294 >15ms=2176 >20ms=1763 >30ms=381 | probes=14297 wrfail=0 down=4s maxout=4s
 255.111  t=252s RTT mean=18784 min=11911 max=40617 n=45 to=0 | cancels=0(+0/s) seqbad=0 len_bad=0 disc=0(0x00) | tot_n=14341 tot_to=0 maxever=53315 >2ms=14341 >5ms=14339 >15ms=2195 >20ms=1780 >30ms=385 | probes=14342 wrfail=0 down=4s maxout=4s
 255.172  t=253s RTT mean=19158 min=11911 max=42164 n=45 to=0 | cancels=0(+0/s) seqbad=0 len_bad=0 disc=0(0x00) | tot_n=14386 tot_to=0 maxever=53315 >2ms=14386 >5ms=14384 >15ms=2214 >20ms=1798 >30ms=391 | probes=14387 wrfail=0 down=4s maxout=4s
 257.109  t=254s RTT mean=18768 min=5779 max=39416 n=47 to=0 | cancels=0(+0/s) seqbad=0 len_bad=0 disc=0(0x00) | tot_n=14433 tot_to=0 maxever=53315 >2ms=14433 >5ms=14431 >15ms=2234 >20ms=1817 >30ms=395 | probes=14433 wrfail=0 down=4s maxout=4s
 257.170  t=255s RTT mean=18665 min=8238 max=37058 n=46 to=0 | cancels=0(+0/s) seqbad=0 len_bad=0 disc=0(0x00) | tot_n=14479 tot_to=0 maxever=53315 >2ms=14479 >5ms=14477 >15ms=2254 >20ms=1835 >30ms=399 | probes=14479 wrfail=0 down=4s maxout=4s
 259.104  t=256s RTT mean=18502 min=11912 max=34410 n=46 to=0 | cancels=0(+0/s) seqbad=0 len_bad=0 disc=0(0x00) | tot_n=14525 tot_to=0 maxever=53315 >2ms=14525 >5ms=14523 >15ms=2274 >20ms=1854 >30ms=401 | probes=14526 wrfail=0 down=4s maxout=4s
 259.164  t=257s RTT mean=18477 min=11911 max=34662 n=46 to=0 | cancels=0(+0/s) seqbad=0 len_bad=0 disc=0(0x00) | tot_n=14571 tot_to=0 maxever=53315 >2ms=14571 >5ms=14569 >15ms=2293 >20ms=1872 >30ms=403 | probes=14572 wrfail=0 down=4s maxout=4s
 261.130  t=258s RTT mean=18436 min=11911 max=42163 n=47 to=0 | cancels=0(+0/s) seqbad=0 len_bad=0 disc=0(0x00) | tot_n=14618 tot_to=0 maxever=53315 >2ms=14618 >5ms=14616 >15ms=2312 >20ms=1890 >30ms=406 | probes=14618 wrfail=0 down=4s maxout=4s
 261.130  t=259s RTT mean=19119 min=5778 max=34410 n=45 to=0 | cancels=0(+0/s) seqbad=0 len_bad=0 disc=0(0x00) | tot_n=14663 tot_to=0 maxever=53315 >2ms=14663 >5ms=14661 >15ms=2333 >20ms=1908 >30ms=413 | probes=14664 wrfail=0 down=4s maxout=4s
 263.133  t=260s RTT mean=18342 min=11912 max=34410 n=46 to=0 | cancels=0(+0/s) seqbad=0 len_bad=0 disc=0(0x00) | tot_n=14709 tot_to=0 maxever=53315 >2ms=14709 >5ms=14707 >15ms=2353 >20ms=1926 >30ms=415 | probes=14710 wrfail=0 down=4s maxout=4s
 263.133  t=261s RTT mean=17727 min=3133 max=34313 n=48 to=0 | cancels=0(+0/s) seqbad=0 len_bad=0 disc=0(0x00) | tot_n=14757 tot_to=0 maxever=53315 >2ms=14757 >5ms=14754 >15ms=2371 >20ms=1944 >30ms=418 | probes=14758 wrfail=0 down=4s maxout=4s
 265.130  t=262s RTT mean=18708 min=11912 max=35510 n=45 to=0 | cancels=0(+0/s) seqbad=0 len_bad=0 disc=0(0x00) | tot_n=14802 tot_to=0 maxever=53315 >2ms=14802 >5ms=14799 >15ms=2390 >20ms=1962 >30ms=421 | probes=14803 wrfail=0 down=4s maxout=4s
 265.130  t=263s RTT mean=18914 min=5778 max=35606 n=47 to=0 | cancels=0(+0/s) seqbad=0 len_bad=0 disc=0(0x00) | tot_n=14849 tot_to=0 maxever=53315 >2ms=14849 >5ms=14846 >15ms=2412 >20ms=1981 >30ms=426 | probes=14849 wrfail=0 down=4s maxout=4s
 267.118  t=264s RTT mean=19397 min=11912 max=35508 n=44 to=0 | cancels=0(+0/s) seqbad=0 len_bad=0 disc=0(0x00) | tot_n=14893 tot_to=0 maxever=53315 >2ms=14893 >5ms=14890 >15ms=2433 >20ms=2000 >30ms=430 | probes=14894 wrfail=0 down=4s maxout=4s
 267.178  t=265s RTT mean=19255 min=5779 max=40616 n=45 to=0 | cancels=0(+0/s) seqbad=0 len_bad=0 disc=0(0x00) | tot_n=14938 tot_to=0 maxever=53315 >2ms=14938 >5ms=14935 >15ms=2455 >20ms=2019 >30ms=433 | probes=14939 wrfail=0 down=4s maxout=4s
 269.103  t=266s RTT mean=17934 min=5780 max=34310 n=47 to=0 | cancels=0(+0/s) seqbad=0 len_bad=0 disc=0(0x00) | tot_n=14985 tot_to=0 maxever=53315 >2ms=14985 >5ms=14982 >15ms=2474 >20ms=2037 >30ms=435 | probes=14986 wrfail=0 down=4s maxout=4s
 269.163  t=267s RTT mean=18438 min=10634 max=39419 n=47 to=0 | cancels=0(+0/s) seqbad=0 len_bad=0 disc=0(0x00) | tot_n=15032 tot_to=0 maxever=53315 >2ms=15032 >5ms=15029 >15ms=2493 >20ms=2055 >30ms=438 | probes=15033 wrfail=0 down=4s maxout=4s
 271.120  t=268s RTT mean=18765 min=5779 max=40708 n=45 to=0 | cancels=0(+0/s) seqbad=0 len_bad=0 disc=0(0x00) | tot_n=15077 tot_to=0 maxever=53315 >2ms=15077 >5ms=15074 >15ms=2510 >20ms=2072 >30ms=445 | probes=15078 wrfail=0 down=4s maxout=4s
 271.180  t=269s RTT mean=19388 min=11663 max=34672 n=45 to=0 | cancels=0(+0/s) seqbad=0 len_bad=0 disc=0(0x00) | tot_n=15122 tot_to=0 maxever=53315 >2ms=15122 >5ms=15119 >15ms=2531 >20ms=2092 >30ms=450 | probes=15123 wrfail=0 down=4s maxout=4s
 273.127  t=270s RTT mean=19321 min=11911 max=35604 n=45 to=0 | cancels=0(+0/s) seqbad=0 len_bad=0 disc=0(0x00) | tot_n=15167 tot_to=0 maxever=53315 >2ms=15167 >5ms=15164 >15ms=2549 >20ms=2110 >30ms=458 | probes=15167 wrfail=0 down=4s maxout=4s
 273.127  t=271s RTT mean=18911 min=11910 max=37995 n=45 to=0 | cancels=0(+0/s) seqbad=0 len_bad=0 disc=0(0x00) | tot_n=15212 tot_to=0 maxever=53315 >2ms=15212 >5ms=15209 >15ms=2567 >20ms=2128 >30ms=464 | probes=15213 wrfail=0 down=4s maxout=4s
 275.144  t=272s RTT mean=18821 min=11912 max=44300 n=45 to=0 | cancels=0(+0/s) seqbad=0 len_bad=0 disc=0(0x00) | tot_n=15257 tot_to=0 maxever=53315 >2ms=15257 >5ms=15254 >15ms=2585 >20ms=2145 >30ms=471 | probes=15258 wrfail=0 down=4s maxout=4s
 275.144  t=273s RTT mean=19859 min=9437 max=34410 n=44 to=0 | cancels=0(+0/s) seqbad=0 len_bad=0 disc=0(0x00) | tot_n=15301 tot_to=0 maxever=53315 >2ms=15301 >5ms=15298 >15ms=2606 >20ms=2163 >30ms=480 | probes=15302 wrfail=0 down=4s maxout=4s
 277.139  t=274s RTT mean=18928 min=5778 max=35607 n=45 to=0 | cancels=0(+0/s) seqbad=0 len_bad=0 disc=0(0x00) | tot_n=15346 tot_to=0 maxever=53315 >2ms=15346 >5ms=15343 >15ms=2627 >20ms=2183 >30ms=483 | probes=15347 wrfail=0 down=4s maxout=4s
 277.139  t=275s RTT mean=18791 min=11911 max=34405 n=46 to=0 | cancels=0(+0/s) seqbad=0 len_bad=0 disc=0(0x00) | tot_n=15392 tot_to=0 maxever=53315 >2ms=15392 >5ms=15389 >15ms=2647 >20ms=2201 >30ms=487 | probes=15393 wrfail=0 down=4s maxout=4s
 279.124  t=276s RTT mean=18633 min=11911 max=35511 n=46 to=0 | cancels=0(+0/s) seqbad=0 len_bad=0 disc=0(0x00) | tot_n=15438 tot_to=0 maxever=53315 >2ms=15438 >5ms=15435 >15ms=2667 >20ms=2220 >30ms=491 | probes=15439 wrfail=0 down=4s maxout=4s
 279.184  t=277s RTT mean=18281 min=5779 max=34406 n=47 to=0 | cancels=0(+0/s) seqbad=0 len_bad=0 disc=0(0x00) | tot_n=15485 tot_to=0 maxever=53315 >2ms=15485 >5ms=15482 >15ms=2685 >20ms=2238 >30ms=496 | probes=15486 wrfail=0 down=4s maxout=4s
 281.136  t=278s RTT mean=18735 min=11911 max=38197 n=45 to=0 | cancels=0(+0/s) seqbad=0 len_bad=0 disc=0(0x00) | tot_n=15530 tot_to=0 maxever=53315 >2ms=15530 >5ms=15527 >15ms=2704 >20ms=2255 >30ms=500 | probes=15531 wrfail=0 down=4s maxout=4s
 281.137  t=279s RTT mean=18325 min=11911 max=34313 n=47 to=0 | cancels=0(+0/s) seqbad=0 len_bad=0 disc=0(0x00) | tot_n=15577 tot_to=0 maxever=53315 >2ms=15577 >5ms=15574 >15ms=2724 >20ms=2274 >30ms=502 | probes=15578 wrfail=0 down=4s maxout=4s
 283.106  t=280s RTT mean=18449 min=11911 max=36868 n=47 to=0 | cancels=0(+0/s) seqbad=0 len_bad=0 disc=0(0x00) | tot_n=15624 tot_to=0 maxever=53315 >2ms=15624 >5ms=15621 >15ms=2743 >20ms=2292 >30ms=505 | probes=15625 wrfail=0 down=4s maxout=4s
 283.167  t=281s RTT mean=18915 min=11912 max=39511 n=45 to=0 | cancels=0(+0/s) seqbad=0 len_bad=0 disc=0(0x00) | tot_n=15669 tot_to=0 maxever=53315 >2ms=15669 >5ms=15666 >15ms=2763 >20ms=2310 >30ms=508 | probes=15670 wrfail=0 down=4s maxout=4s
 285.141  t=282s RTT mean=18884 min=11663 max=36724 n=46 to=0 | cancels=0(+0/s) seqbad=0 len_bad=0 disc=0(0x00) | tot_n=15715 tot_to=0 maxever=53315 >2ms=15715 >5ms=15712 >15ms=2782 >20ms=2328 >30ms=513 | probes=15716 wrfail=0 down=4s maxout=4s
 285.141  t=283s RTT mean=18729 min=11912 max=34409 n=45 to=0 | cancels=0(+0/s) seqbad=0 len_bad=0 disc=0(0x00) | tot_n=15760 tot_to=0 maxever=53315 >2ms=15760 >5ms=15757 >15ms=2802 >20ms=2345 >30ms=518 | probes=15761 wrfail=0 down=4s maxout=4s
 287.161  t=284s RTT mean=18924 min=8237 max=36805 n=46 to=0 | cancels=0(+0/s) seqbad=0 len_bad=0 disc=0(0x00) | tot_n=15806 tot_to=0 maxever=53315 >2ms=15806 >5ms=15803 >15ms=2822 >20ms=2364 >30ms=522 | probes=15807 wrfail=0 down=4s maxout=4s
 287.161  t=285s RTT mean=19059 min=10885 max=34313 n=45 to=0 | cancels=0(+0/s) seqbad=0 len_bad=0 disc=0(0x00) | tot_n=15851 tot_to=0 maxever=53315 >2ms=15851 >5ms=15848 >15ms=2843 >20ms=2382 >30ms=526 | probes=15852 wrfail=0 down=4s maxout=4s
 289.157  t=286s RTT mean=18549 min=11911 max=38166 n=46 to=0 | cancels=0(+0/s) seqbad=0 len_bad=0 disc=0(0x00) | tot_n=15897 tot_to=0 maxever=53315 >2ms=15897 >5ms=15894 >15ms=2863 >20ms=2400 >30ms=528 | probes=15898 wrfail=0 down=4s maxout=4s
 289.157  t=287s RTT mean=18257 min=5779 max=32011 n=47 to=0 | cancels=0(+0/s) seqbad=0 len_bad=0 disc=0(0x00) | tot_n=15944 tot_to=0 maxever=53315 >2ms=15944 >5ms=15941 >15ms=2883 >20ms=2419 >30ms=530 | probes=15945 wrfail=0 down=4s maxout=4s
 291.124  t=288s RTT mean=18261 min=8238 max=36821 n=47 to=0 | cancels=0(+0/s) seqbad=0 len_bad=0 disc=0(0x00) | tot_n=15991 tot_to=0 maxever=53315 >2ms=15991 >5ms=15988 >15ms=2901 >20ms=2437 >30ms=534 | probes=15992 wrfail=0 down=4s maxout=4s
 291.184  t=289s RTT mean=18148 min=11662 max=33209 n=47 to=0 | cancels=0(+0/s) seqbad=0 len_bad=0 disc=0(0x00) | tot_n=16038 tot_to=0 maxever=53315 >2ms=16038 >5ms=16035 >15ms=2920 >20ms=2455 >30ms=537 | probes=16039 wrfail=0 down=4s maxout=4s
 293.149  t=290s RTT mean=18571 min=11911 max=40455 n=46 to=0 | cancels=0(+0/s) seqbad=0 len_bad=0 disc=0(0x00) | tot_n=16084 tot_to=0 maxever=53315 >2ms=16084 >5ms=16081 >15ms=2939 >20ms=2472 >30ms=542 | probes=16085 wrfail=0 down=4s maxout=4s
 293.149  t=291s RTT mean=19456 min=9435 max=40613 n=45 to=0 | cancels=0(+0/s) seqbad=0 len_bad=0 disc=0(0x00) | tot_n=16129 tot_to=0 maxever=53315 >2ms=16129 >5ms=16126 >15ms=2959 >20ms=2492 >30ms=547 | probes=16129 wrfail=0 down=4s maxout=4s
 295.162  t=292s RTT mean=18274 min=7040 max=32015 n=46 to=0 | cancels=0(+0/s) seqbad=0 len_bad=0 disc=0(0x00) | tot_n=16175 tot_to=0 maxever=53315 >2ms=16175 >5ms=16172 >15ms=2977 >20ms=2510 >30ms=552 | probes=16176 wrfail=0 down=4s maxout=4s
 295.162  t=293s RTT mean=18257 min=10598 max=34314 n=47 to=0 | cancels=0(+0/s) seqbad=0 len_bad=0 disc=0(0x00) | tot_n=16222 tot_to=0 maxever=53315 >2ms=16222 >5ms=16219 >15ms=2997 >20ms=2528 >30ms=556 | probes=16223 wrfail=0 down=4s maxout=4s
 297.145  t=294s RTT mean=19350 min=11912 max=43010 n=44 to=0 | cancels=0(+0/s) seqbad=0 len_bad=0 disc=0(0x00) | tot_n=16266 tot_to=0 maxever=53315 >2ms=16266 >5ms=16263 >15ms=3016 >20ms=2546 >30ms=562 | probes=16267 wrfail=0 down=4s maxout=4s
 297.145  t=295s RTT mean=19097 min=11911 max=35533 n=46 to=0 | cancels=0(+0/s) seqbad=0 len_bad=0 disc=0(0x00) | tot_n=16312 tot_to=0 maxever=53315 >2ms=16312 >5ms=16309 >15ms=3035 >20ms=2565 >30ms=568 | probes=16313 wrfail=0 down=4s maxout=4s
 299.137  t=296s RTT mean=18608 min=11911 max=40729 n=46 to=0 | cancels=0(+0/s) seqbad=0 len_bad=0 disc=0(0x00) | tot_n=16358 tot_to=0 maxever=53315 >2ms=16358 >5ms=16355 >15ms=3054 >20ms=2583 >30ms=571 | probes=16359 wrfail=0 down=4s maxout=4s
 299.137  t=297s RTT mean=18847 min=11911 max=39504 n=45 to=0 | cancels=0(+0/s) seqbad=0 len_bad=0 disc=0(0x00) | tot_n=16403 tot_to=0 maxever=53315 >2ms=16403 >5ms=16400 >15ms=3073 >20ms=2601 >30ms=575 | probes=16404 wrfail=0 down=4s maxout=4s
 301.107  t=298s RTT mean=18471 min=11912 max=41737 n=46 to=0 | cancels=0(+0/s) seqbad=0 len_bad=0 disc=0(0x00) | tot_n=16449 tot_to=0 maxever=53315 >2ms=16449 >5ms=16446 >15ms=3092 >20ms=2619 >30ms=578 | probes=16450 wrfail=0 down=4s maxout=4s
 301.167  t=299s RTT mean=18880 min=5817 max=41813 n=46 to=0 | cancels=0(+0/s) seqbad=0 len_bad=0 disc=0(0x00) | tot_n=16495 tot_to=0 maxever=53315 >2ms=16495 >5ms=16492 >15ms=3113 >20ms=2637 >30ms=581 | probes=16496 wrfail=0 down=4s maxout=4s
 303.133  t=300s RTT mean=18484 min=5779 max=52998 n=46 to=0 | cancels=0(+0/s) seqbad=0 len_bad=0 disc=0(0x00) | tot_n=16541 tot_to=0 maxever=53315 >2ms=16541 >5ms=16538 >15ms=3130 >20ms=2654 >30ms=587 | probes=16542 wrfail=0 down=4s maxout=4s
 303.133  t=301s RTT mean=18386 min=11911 max=32012 n=47 to=0 | cancels=0(+0/s) seqbad=0 len_bad=0 disc=0(0x00) | tot_n=16588 tot_to=0 maxever=53315 >2ms=16588 >5ms=16585 >15ms=3150 >20ms=2674 >30ms=588 | probes=16589 wrfail=0 down=4s maxout=4s
 305.133  t=302s RTT mean=18318 min=5779 max=34409 n=47 to=0 | cancels=0(+0/s) seqbad=0 len_bad=0 disc=0(0x00) | tot_n=16635 tot_to=0 maxever=53315 >2ms=16635 >5ms=16632 >15ms=3168 >20ms=2692 >30ms=593 | probes=16636 wrfail=0 down=4s maxout=4s
 305.134  t=303s RTT mean=18952 min=5778 max=35510 n=45 to=0 | cancels=0(+0/s) seqbad=0 len_bad=0 disc=0(0x00) | tot_n=16680 tot_to=0 maxever=53315 >2ms=16680 >5ms=16677 >15ms=3188 >20ms=2710 >30ms=598 | probes=16681 wrfail=0 down=4s maxout=4s
 307.132  t=304s RTT mean=18429 min=11912 max=37995 n=47 to=0 | cancels=0(+0/s) seqbad=0 len_bad=0 disc=0(0x00) | tot_n=16727 tot_to=0 maxever=53315 >2ms=16727 >5ms=16724 >15ms=3207 >20ms=2729 >30ms=600 | probes=16728 wrfail=0 down=4s maxout=4s
 307.132  PCTL target=100 tot=2755 to=0 p50=11 p90=29 p99=36 p99.9=42 max=52 g30=238 g100=0 (ms/counts)
 307.132  LOADRAMP: target=125 KBps for 60s
 307.192  t=305s RTT mean=18541 min=5779 max=39164 n=45 to=0 | cancels=0(+0/s) seqbad=0 len_bad=0 disc=0(0x00) | tot_n=16772 tot_to=0 maxever=53315 >2ms=16772 >5ms=16769 >15ms=3225 >20ms=2746 >30ms=606 | probes=16773 wrfail=0 down=4s maxout=4s
 309.130  t=306s RTT mean=22597 min=8238 max=39419 n=39 to=0 | cancels=0(+0/s) seqbad=0 len_bad=0 disc=0(0x00) | tot_n=16811 tot_to=0 maxever=53315 >2ms=16811 >5ms=16808 >15ms=3249 >20ms=2770 >30ms=613 | probes=16812 wrfail=0 down=4s maxout=4s
 309.190  t=307s RTT mean=21788 min=9430 max=39197 n=41 to=0 | cancels=0(+0/s) seqbad=0 len_bad=0 disc=0(0x00) | tot_n=16852 tot_to=0 maxever=53315 >2ms=16852 >5ms=16849 >15ms=3273 >20ms=2794 >30ms=619 | probes=16853 wrfail=0 down=4s maxout=4s
 311.130  t=308s RTT mean=21475 min=5779 max=34411 n=41 to=0 | cancels=0(+0/s) seqbad=0 len_bad=0 disc=0(0x00) | tot_n=16893 tot_to=0 maxever=53315 >2ms=16893 >5ms=16890 >15ms=3297 >20ms=2817 >30ms=625 | probes=16893 wrfail=0 down=4s maxout=4s
 311.130  t=309s RTT mean=21629 min=11911 max=36708 n=40 to=0 | cancels=0(+0/s) seqbad=0 len_bad=0 disc=0(0x00) | tot_n=16933 tot_to=0 maxever=53315 >2ms=16933 >5ms=16930 >15ms=3321 >20ms=2840 >30ms=630 | probes=16934 wrfail=0 down=4s maxout=4s
 313.124  t=310s RTT mean=24060 min=11911 max=41828 n=37 to=0 | cancels=0(+0/s) seqbad=0 len_bad=0 disc=0(0x00) | tot_n=16970 tot_to=0 maxever=53315 >2ms=16970 >5ms=16967 >15ms=3345 >20ms=2864 >30ms=641 | probes=16971 wrfail=0 down=4s maxout=4s
 313.174  t=311s RTT mean=21610 min=5780 max=39353 n=40 to=0 | cancels=0(+0/s) seqbad=0 len_bad=0 disc=0(0x00) | tot_n=17010 tot_to=0 maxever=53315 >2ms=17010 >5ms=17007 >15ms=3368 >20ms=2887 >30ms=648 | probes=17011 wrfail=0 down=4s maxout=4s
 315.121  t=312s RTT mean=21470 min=11911 max=39537 n=41 to=0 | cancels=0(+0/s) seqbad=0 len_bad=0 disc=0(0x00) | tot_n=17051 tot_to=0 maxever=53315 >2ms=17051 >5ms=17048 >15ms=3392 >20ms=2910 >30ms=653 | probes=17052 wrfail=0 down=4s maxout=4s
 315.182  t=313s RTT mean=20614 min=9430 max=34407 n=42 to=0 | cancels=0(+0/s) seqbad=0 len_bad=0 disc=0(0x00) | tot_n=17093 tot_to=0 maxever=53315 >2ms=17093 >5ms=17090 >15ms=3415 >20ms=2933 >30ms=656 | probes=17094 wrfail=0 down=4s maxout=4s
 317.131  t=314s RTT mean=21585 min=11911 max=35604 n=41 to=0 | cancels=0(+0/s) seqbad=0 len_bad=0 disc=0(0x00) | tot_n=17134 tot_to=0 maxever=53315 >2ms=17134 >5ms=17131 >15ms=3439 >20ms=2956 >30ms=663 | probes=17134 wrfail=0 down=4s maxout=4s
 317.183  t=315s RTT mean=21646 min=11911 max=36801 n=40 to=0 | cancels=0(+0/s) seqbad=0 len_bad=0 disc=0(0x00) | tot_n=17174 tot_to=0 maxever=53315 >2ms=17174 >5ms=17171 >15ms=3462 >20ms=2979 >30ms=670 | probes=17175 wrfail=0 down=4s maxout=4s
 319.112  t=316s RTT mean=22142 min=11911 max=39166 n=40 to=0 | cancels=0(+0/s) seqbad=0 len_bad=0 disc=0(0x00) | tot_n=17214 tot_to=0 maxever=53315 >2ms=17214 >5ms=17211 >15ms=3487 >20ms=3003 >30ms=676 | probes=17214 wrfail=0 down=4s maxout=4s
 319.172  t=317s RTT mean=21148 min=9436 max=35510 n=40 to=0 | cancels=0(+0/s) seqbad=0 len_bad=0 disc=0(0x00) | tot_n=17254 tot_to=0 maxever=53315 >2ms=17254 >5ms=17251 >15ms=3509 >20ms=3025 >30ms=683 | probes=17255 wrfail=0 down=4s maxout=4s
 321.109  t=318s RTT mean=22180 min=11911 max=46664 n=40 to=0 | cancels=0(+0/s) seqbad=0 len_bad=0 disc=0(0x00) | tot_n=17294 tot_to=0 maxever=53315 >2ms=17294 >5ms=17291 >15ms=3532 >20ms=3048 >30ms=689 | probes=17295 wrfail=0 down=4s maxout=4s
 321.169  t=319s RTT mean=21060 min=5779 max=36707 n=42 to=0 | cancels=0(+0/s) seqbad=0 len_bad=0 disc=0(0x00) | tot_n=17336 tot_to=0 maxever=53315 >2ms=17336 >5ms=17333 >15ms=3556 >20ms=3072 >30ms=694 | probes=17337 wrfail=0 down=4s maxout=4s
 323.124  t=320s RTT mean=21348 min=5778 max=38062 n=41 to=0 | cancels=0(+0/s) seqbad=0 len_bad=0 disc=0(0x00) | tot_n=17377 tot_to=0 maxever=53315 >2ms=17377 >5ms=17374 >15ms=3579 >20ms=3095 >30ms=700 | probes=17378 wrfail=0 down=4s maxout=4s
 323.184  t=321s RTT mean=20809 min=11912 max=35508 n=42 to=0 | cancels=0(+0/s) seqbad=0 len_bad=0 disc=0(0x00) | tot_n=17419 tot_to=0 maxever=53315 >2ms=17419 >5ms=17416 >15ms=3602 >20ms=3118 >30ms=705 | probes=17419 wrfail=0 down=4s maxout=4s
 325.134  t=322s RTT mean=21653 min=5778 max=41906 n=40 to=0 | cancels=0(+0/s) seqbad=0 len_bad=0 disc=0(0x00) | tot_n=17459 tot_to=0 maxever=53315 >2ms=17459 >5ms=17456 >15ms=3627 >20ms=3142 >30ms=708 | probes=17460 wrfail=0 down=4s maxout=4s
 325.135  t=323s RTT mean=21859 min=10633 max=34406 n=40 to=0 | cancels=0(+0/s) seqbad=0 len_bad=0 disc=0(0x00) | tot_n=17499 tot_to=0 maxever=53315 >2ms=17499 >5ms=17496 >15ms=3650 >20ms=3165 >30ms=715 | probes=17500 wrfail=0 down=4s maxout=4s
 327.150  t=324s RTT mean=21156 min=8238 max=40618 n=41 to=0 | cancels=0(+0/s) seqbad=0 len_bad=0 disc=0(0x00) | tot_n=17540 tot_to=0 maxever=53315 >2ms=17540 >5ms=17537 >15ms=3673 >20ms=3188 >30ms=719 | probes=17541 wrfail=0 down=4s maxout=4s
 327.150  t=325s RTT mean=20721 min=5779 max=35607 n=42 to=0 | cancels=0(+0/s) seqbad=0 len_bad=0 disc=0(0x00) | tot_n=17582 tot_to=0 maxever=53315 >2ms=17582 >5ms=17579 >15ms=3696 >20ms=3211 >30ms=724 | probes=17583 wrfail=0 down=4s maxout=4s
 329.135  t=326s RTT mean=20989 min=5778 max=36801 n=42 to=0 | cancels=0(+0/s) seqbad=0 len_bad=0 disc=0(0x00) | tot_n=17624 tot_to=0 maxever=53315 >2ms=17624 >5ms=17621 >15ms=3719 >20ms=3234 >30ms=729 | probes=17625 wrfail=0 down=4s maxout=4s
 329.136  t=327s RTT mean=22390 min=11912 max=46919 n=39 to=0 | cancels=0(+0/s) seqbad=0 len_bad=0 disc=0(0x00) | tot_n=17663 tot_to=0 maxever=53315 >2ms=17663 >5ms=17660 >15ms=3742 >20ms=3257 >30ms=737 | probes=17664 wrfail=0 down=4s maxout=4s
 331.139  t=328s RTT mean=21550 min=8238 max=34162 n=40 to=0 | cancels=0(+0/s) seqbad=0 len_bad=0 disc=0(0x00) | tot_n=17703 tot_to=0 maxever=53315 >2ms=17703 >5ms=17700 >15ms=3767 >20ms=3280 >30ms=741 | probes=17704 wrfail=0 down=4s maxout=4s
 331.139  t=329s RTT mean=20105 min=7039 max=34313 n=43 to=0 | cancels=0(+0/s) seqbad=0 len_bad=0 disc=0(0x00) | tot_n=17746 tot_to=0 maxever=53315 >2ms=17746 >5ms=17743 >15ms=3790 >20ms=3303 >30ms=742 | probes=17747 wrfail=0 down=4s maxout=4s
 333.160  t=330s RTT mean=20923 min=9430 max=39363 n=42 to=0 | cancels=0(+0/s) seqbad=0 len_bad=0 disc=0(0x00) | tot_n=17788 tot_to=0 maxever=53315 >2ms=17788 >5ms=17785 >15ms=3813 >20ms=3326 >30ms=746 | probes=17789 wrfail=0 down=4s maxout=4s
 333.161  t=331s RTT mean=20497 min=5778 max=32964 n=42 to=0 | cancels=0(+0/s) seqbad=0 len_bad=0 disc=0(0x00) | tot_n=17830 tot_to=0 maxever=53315 >2ms=17830 >5ms=17827 >15ms=3836 >20ms=3349 >30ms=748 | probes=17831 wrfail=0 down=4s maxout=4s
 335.151  t=332s RTT mean=21006 min=9435 max=36702 n=42 to=0 | cancels=0(+0/s) seqbad=0 len_bad=0 disc=0(0x00) | tot_n=17872 tot_to=0 maxever=53315 >2ms=17872 >5ms=17869 >15ms=3859 >20ms=3372 >30ms=753 | probes=17873 wrfail=0 down=4s maxout=4s
 335.151  t=333s RTT mean=21350 min=8238 max=34406 n=41 to=0 | cancels=0(+0/s) seqbad=0 len_bad=0 disc=0(0x00) | tot_n=17913 tot_to=0 maxever=53315 >2ms=17913 >5ms=17910 >15ms=3882 >20ms=3395 >30ms=759 | probes=17914 wrfail=0 down=4s maxout=4s
 337.154  t=334s RTT mean=20523 min=5778 max=36633 n=42 to=0 | cancels=0(+0/s) seqbad=0 len_bad=0 disc=0(0x00) | tot_n=17955 tot_to=0 maxever=53315 >2ms=17955 >5ms=17952 >15ms=3905 >20ms=3418 >30ms=762 | probes=17956 wrfail=0 down=4s maxout=4s
 337.154  t=335s RTT mean=20840 min=9435 max=39452 n=42 to=0 | cancels=0(+0/s) seqbad=0 len_bad=0 disc=0(0x00) | tot_n=17997 tot_to=0 maxever=53315 >2ms=17997 >5ms=17994 >15ms=3928 >20ms=3441 >30ms=767 | probes=17998 wrfail=0 down=4s maxout=4s
 339.150  t=336s RTT mean=21360 min=3384 max=39420 n=41 to=0 | cancels=0(+0/s) seqbad=0 len_bad=0 disc=0(0x00) | tot_n=18038 tot_to=0 maxever=53315 >2ms=18038 >5ms=18034 >15ms=3951 >20ms=3464 >30ms=774 | probes=18039 wrfail=0 down=4s maxout=4s
 339.150  t=337s RTT mean=21130 min=5779 max=38062 n=41 to=0 | cancels=0(+0/s) seqbad=0 len_bad=0 disc=0(0x00) | tot_n=18079 tot_to=0 maxever=53315 >2ms=18079 >5ms=18075 >15ms=3974 >20ms=3487 >30ms=779 | probes=18080 wrfail=0 down=4s maxout=4s
 341.132  t=338s RTT mean=21952 min=10635 max=40617 n=40 to=0 | cancels=0(+0/s) seqbad=0 len_bad=0 disc=0(0x00) | tot_n=18119 tot_to=0 maxever=53315 >2ms=18119 >5ms=18115 >15ms=3997 >20ms=3510 >30ms=788 | probes=18120 wrfail=0 down=4s maxout=4s
 341.183  t=339s RTT mean=21587 min=11911 max=43106 n=41 to=0 | cancels=0(+0/s) seqbad=0 len_bad=0 disc=0(0x00) | tot_n=18160 tot_to=0 maxever=53315 >2ms=18160 >5ms=18156 >15ms=4020 >20ms=3533 >30ms=793 | probes=18160 wrfail=0 down=4s maxout=4s
 343.168  t=340s RTT mean=21437 min=5779 max=34410 n=40 to=0 | cancels=0(+0/s) seqbad=0 len_bad=0 disc=0(0x00) | tot_n=18200 tot_to=0 maxever=53315 >2ms=18200 >5ms=18196 >15ms=4044 >20ms=3556 >30ms=798 | probes=18201 wrfail=0 down=4s maxout=4s
 343.168  t=341s RTT mean=21492 min=11911 max=34409 n=41 to=0 | cancels=0(+0/s) seqbad=0 len_bad=0 disc=0(0x00) | tot_n=18241 tot_to=0 maxever=53315 >2ms=18241 >5ms=18237 >15ms=4068 >20ms=3579 >30ms=803 | probes=18242 wrfail=0 down=4s maxout=4s
 345.170  t=342s RTT mean=21326 min=5779 max=34404 n=41 to=0 | cancels=0(+0/s) seqbad=0 len_bad=0 disc=0(0x00) | tot_n=18282 tot_to=0 maxever=53315 >2ms=18282 >5ms=18278 >15ms=4092 >20ms=3602 >30ms=811 | probes=18283 wrfail=0 down=4s maxout=4s
 345.170  t=343s RTT mean=22916 min=8238 max=45753 n=38 to=0 | cancels=0(+0/s) seqbad=0 len_bad=0 disc=0(0x00) | tot_n=18320 tot_to=0 maxever=53315 >2ms=18320 >5ms=18316 >15ms=4117 >20ms=3625 >30ms=820 | probes=18321 wrfail=0 down=4s maxout=4s
 347.125  t=344s RTT mean=21824 min=11662 max=38164 n=41 to=0 | cancels=0(+0/s) seqbad=0 len_bad=0 disc=0(0x00) | tot_n=18361 tot_to=0 maxever=53315 >2ms=18361 >5ms=18357 >15ms=4141 >20ms=3649 >30ms=826 | probes=18361 wrfail=0 down=4s maxout=4s
 347.186  t=345s RTT mean=21588 min=10874 max=40456 n=40 to=0 | cancels=0(+0/s) seqbad=0 len_bad=0 disc=0(0x00) | tot_n=18401 tot_to=0 maxever=53315 >2ms=18401 >5ms=18397 >15ms=4164 >20ms=3672 >30ms=831 | probes=18402 wrfail=0 down=4s maxout=4s
 349.129  t=346s RTT mean=21072 min=5779 max=39216 n=41 to=0 | cancels=0(+0/s) seqbad=0 len_bad=0 disc=0(0x00) | tot_n=18442 tot_to=0 maxever=53315 >2ms=18442 >5ms=18438 >15ms=4188 >20ms=3695 >30ms=835 | probes=18443 wrfail=0 down=4s maxout=4s
 349.189  t=347s RTT mean=22893 min=11911 max=36803 n=39 to=0 | cancels=0(+0/s) seqbad=0 len_bad=0 disc=0(0x00) | tot_n=18481 tot_to=0 maxever=53315 >2ms=18481 >5ms=18477 >15ms=4214 >20ms=3719 >30ms=844 | probes=18482 wrfail=0 down=4s maxout=4s
 351.131  t=348s RTT mean=21772 min=11912 max=40456 n=40 to=0 | cancels=0(+0/s) seqbad=0 len_bad=0 disc=0(0x00) | tot_n=18521 tot_to=0 maxever=53315 >2ms=18521 >5ms=18517 >15ms=4238 >20ms=3742 >30ms=849 | probes=18522 wrfail=0 down=4s maxout=4s
 351.191  t=349s RTT mean=21512 min=5779 max=41652 n=40 to=0 | cancels=0(+0/s) seqbad=0 len_bad=0 disc=0(0x00) | tot_n=18561 tot_to=0 maxever=53315 >2ms=18561 >5ms=18557 >15ms=4261 >20ms=3764 >30ms=856 | probes=18562 wrfail=0 down=4s maxout=4s
 353.125  t=350s RTT mean=22211 min=9434 max=36801 n=40 to=0 | cancels=0(+0/s) seqbad=0 len_bad=0 disc=0(0x00) | tot_n=18601 tot_to=0 maxever=53315 >2ms=18601 >5ms=18597 >15ms=4285 >20ms=3788 >30ms=864 | probes=18602 wrfail=0 down=4s maxout=4s
 353.185  t=351s RTT mean=20088 min=5779 max=34314 n=43 to=0 | cancels=0(+0/s) seqbad=0 len_bad=0 disc=0(0x00) | tot_n=18644 tot_to=0 maxever=53315 >2ms=18644 >5ms=18640 >15ms=4308 >20ms=3811 >30ms=867 | probes=18645 wrfail=0 down=4s maxout=4s
 355.122  t=352s RTT mean=21186 min=11912 max=39166 n=41 to=0 | cancels=0(+0/s) seqbad=0 len_bad=0 disc=0(0x00) | tot_n=18685 tot_to=0 maxever=53315 >2ms=18685 >5ms=18681 >15ms=4332 >20ms=3834 >30ms=871 | probes=18686 wrfail=0 down=4s maxout=4s
 355.183  t=353s RTT mean=21190 min=11911 max=35510 n=41 to=0 | cancels=0(+0/s) seqbad=0 len_bad=0 disc=0(0x00) | tot_n=18726 tot_to=0 maxever=53315 >2ms=18726 >5ms=18722 >15ms=4355 >20ms=3857 >30ms=877 | probes=18727 wrfail=0 down=4s maxout=4s
 357.125  t=354s RTT mean=20872 min=6972 max=39167 n=42 to=0 | cancels=0(+0/s) seqbad=0 len_bad=0 disc=0(0x00) | tot_n=18768 tot_to=0 maxever=53315 >2ms=18768 >5ms=18764 >15ms=4378 >20ms=3880 >30ms=881 | probes=18769 wrfail=0 down=4s maxout=4s
 357.185  t=355s RTT mean=21001 min=5779 max=34410 n=42 to=0 | cancels=0(+0/s) seqbad=0 len_bad=0 disc=0(0x00) | tot_n=18810 tot_to=0 maxever=53315 >2ms=18810 >5ms=18806 >15ms=4402 >20ms=3903 >30ms=885 | probes=18811 wrfail=0 down=4s maxout=4s
 359.158  t=356s RTT mean=22640 min=11912 max=35605 n=39 to=0 | cancels=0(+0/s) seqbad=0 len_bad=0 disc=0(0x00) | tot_n=18849 tot_to=0 maxever=53315 >2ms=18849 >5ms=18845 >15ms=4427 >20ms=3926 >30ms=893 | probes=18850 wrfail=0 down=4s maxout=4s
 359.158  t=357s RTT mean=21324 min=5779 max=43108 n=40 to=0 | cancels=0(+0/s) seqbad=0 len_bad=0 disc=0(0x00) | tot_n=18889 tot_to=0 maxever=53315 >2ms=18889 >5ms=18885 >15ms=4450 >20ms=3948 >30ms=898 | probes=18890 wrfail=0 down=4s maxout=4s
 361.124  t=358s RTT mean=21186 min=7040 max=38314 n=42 to=0 | cancels=0(+0/s) seqbad=0 len_bad=0 disc=0(0x00) | tot_n=18931 tot_to=0 maxever=53315 >2ms=18931 >5ms=18927 >15ms=4474 >20ms=3972 >30ms=901 | probes=18932 wrfail=0 down=4s maxout=4s
 361.185  t=359s RTT mean=21343 min=8238 max=35604 n=41 to=0 | cancels=0(+0/s) seqbad=0 len_bad=0 disc=0(0x00) | tot_n=18972 tot_to=0 maxever=53315 >2ms=18972 >5ms=18968 >15ms=4497 >20ms=3995 >30ms=907 | probes=18973 wrfail=0 down=4s maxout=4s
 363.163  t=360s RTT mean=20911 min=5779 max=35510 n=41 to=0 | cancels=0(+0/s) seqbad=0 len_bad=0 disc=0(0x00) | tot_n=19013 tot_to=0 maxever=53315 >2ms=19013 >5ms=19009 >15ms=4520 >20ms=4018 >30ms=911 | probes=19014 wrfail=0 down=4s maxout=4s
 363.163  t=361s RTT mean=20993 min=8238 max=38256 n=42 to=0 | cancels=0(+0/s) seqbad=0 len_bad=0 disc=0(0x00) | tot_n=19055 tot_to=0 maxever=53315 >2ms=19055 >5ms=19051 >15ms=4543 >20ms=4041 >30ms=916 | probes=19056 wrfail=0 down=4s maxout=4s
 365.151  t=362s RTT mean=21004 min=8238 max=35506 n=41 to=0 | cancels=0(+0/s) seqbad=0 len_bad=0 disc=0(0x00) | tot_n=19096 tot_to=0 maxever=53315 >2ms=19096 >5ms=19092 >15ms=4567 >20ms=4064 >30ms=919 | probes=19097 wrfail=0 down=4s maxout=4s
 365.152  t=363s RTT mean=21340 min=5779 max=39166 n=41 to=0 | cancels=0(+0/s) seqbad=0 len_bad=0 disc=0(0x00) | tot_n=19137 tot_to=0 maxever=53315 >2ms=19137 >5ms=19133 >15ms=4591 >20ms=4087 >30ms=924 | probes=19138 wrfail=0 down=4s maxout=4s
 367.162  t=364s RTT mean=22120 min=8238 max=41911 n=40 to=0 | cancels=0(+0/s) seqbad=0 len_bad=0 disc=0(0x00) | tot_n=19177 tot_to=0 maxever=53315 >2ms=19177 >5ms=19173 >15ms=4615 >20ms=4110 >30ms=931 | probes=19178 wrfail=0 down=4s maxout=4s
 367.162  PCTL target=125 tot=2444 to=0 p50=25 p90=31 p99=39 p99.9=43 max=46 g30=333 g100=0 (ms/counts)
 367.162  LOADRAMP: target=150 KBps for 60s
 367.162  t=365s RTT mean=21733 min=11663 max=34409 n=40 to=0 | cancels=0(+0/s) seqbad=0 len_bad=0 disc=0(0x00) | tot_n=19217 tot_to=0 maxever=53315 >2ms=19217 >5ms=19213 >15ms=4639 >20ms=4133 >30ms=937 | probes=19218 wrfail=0 down=4s maxout=4s
 369.161  t=366s RTT mean=24625 min=11914 max=34314 n=36 to=0 | cancels=0(+0/s) seqbad=0 len_bad=0 disc=0(0x00) | tot_n=19253 tot_to=0 maxever=53315 >2ms=19253 >5ms=19249 >15ms=4668 >20ms=4161 >30ms=942 | probes=19254 wrfail=0 down=4s maxout=4s
 369.161  t=367s RTT mean=25178 min=11912 max=41810 n=35 to=0 | cancels=0(+0/s) seqbad=0 len_bad=0 disc=0(0x00) | tot_n=19288 tot_to=0 maxever=53315 >2ms=19288 >5ms=19284 >15ms=4696 >20ms=4189 >30ms=947 | probes=19289 wrfail=0 down=4s maxout=4s
 371.154  t=368s RTT mean=24184 min=11911 max=35603 n=37 to=0 | cancels=0(+0/s) seqbad=0 len_bad=0 disc=0(0x00) | tot_n=19325 tot_to=0 maxever=53315 >2ms=19325 >5ms=19321 >15ms=4724 >20ms=4217 >30ms=952 | probes=19326 wrfail=0 down=4s maxout=4s
 371.154  t=369s RTT mean=27358 min=11912 max=46698 n=33 to=0 | cancels=0(+0/s) seqbad=0 len_bad=0 disc=0(0x00) | tot_n=19358 tot_to=0 maxever=53315 >2ms=19358 >5ms=19354 >15ms=4752 >20ms=4245 >30ms=962 | probes=19359 wrfail=0 down=4s maxout=4s
 373.128  t=370s RTT mean=26109 min=11911 max=39164 n=34 to=0 | cancels=0(+0/s) seqbad=0 len_bad=0 disc=0(0x00) | tot_n=19392 tot_to=0 maxever=53315 >2ms=19392 >5ms=19388 >15ms=4780 >20ms=4272 >30ms=970 | probes=19393 wrfail=0 down=4s maxout=4s
 373.188  t=371s RTT mean=25675 min=5779 max=39165 n=34 to=0 | cancels=0(+0/s) seqbad=0 len_bad=0 disc=0(0x00) | tot_n=19426 tot_to=0 maxever=53315 >2ms=19426 >5ms=19422 >15ms=4807 >20ms=4299 >30ms=980 | probes=19427 wrfail=0 down=4s maxout=4s
 375.118  t=372s RTT mean=26723 min=11911 max=35603 n=34 to=0 | cancels=0(+0/s) seqbad=0 len_bad=0 disc=0(0x00) | tot_n=19460 tot_to=0 maxever=53315 >2ms=19460 >5ms=19456 >15ms=4836 >20ms=4328 >30ms=990 | probes=19461 wrfail=0 down=4s maxout=4s
 375.179  t=373s RTT mean=24303 min=11911 max=38061 n=37 to=0 | cancels=0(+0/s) seqbad=0 len_bad=0 disc=0(0x00) | tot_n=19497 tot_to=0 maxever=53315 >2ms=19497 >5ms=19493 >15ms=4865 >20ms=4356 >30ms=994 | probes=19498 wrfail=0 down=4s maxout=4s
 377.121  t=374s RTT mean=24568 min=5779 max=40709 n=36 to=0 | cancels=0(+0/s) seqbad=0 len_bad=0 disc=0(0x00) | tot_n=19533 tot_to=0 maxever=53315 >2ms=19533 >5ms=19529 >15ms=4893 >20ms=4383 >30ms=998 | probes=19534 wrfail=0 down=4s maxout=4s
 377.181  t=375s RTT mean=26230 min=11912 max=34665 n=34 to=0 | cancels=0(+0/s) seqbad=0 len_bad=0 disc=0(0x00) | tot_n=19567 tot_to=0 maxever=53315 >2ms=19567 >5ms=19563 >15ms=4921 >20ms=4411 >30ms=1008 | probes=19568 wrfail=0 down=4s maxout=4s
 379.105  t=376s RTT mean=25005 min=11911 max=35860 n=36 to=0 | cancels=0(+0/s) seqbad=0 len_bad=0 disc=0(0x00) | tot_n=19603 tot_to=0 maxever=53315 >2ms=19603 >5ms=19599 >15ms=4949 >20ms=4439 >30ms=1015 | probes=19603 wrfail=0 down=4s maxout=4s
 379.165  t=377s RTT mean=26592 min=11912 max=53255 n=33 to=0 | cancels=0(+0/s) seqbad=0 len_bad=0 disc=0(0x00) | tot_n=19636 tot_to=0 maxever=53315 >2ms=19636 >5ms=19632 >15ms=4976 >20ms=4466 >30ms=1022 | probes=19637 wrfail=0 down=4s maxout=4s
 381.158  t=378s RTT mean=27332 min=11911 max=43010 n=33 to=0 | cancels=0(+0/s) seqbad=0 len_bad=0 disc=0(0x00) | tot_n=19669 tot_to=0 maxever=53315 >2ms=19669 >5ms=19665 >15ms=5004 >20ms=4494 >30ms=1033 | probes=19670 wrfail=0 down=4s maxout=4s
 381.158  t=379s RTT mean=27079 min=11911 max=39420 n=33 to=0 | cancels=0(+0/s) seqbad=0 len_bad=0 disc=0(0x00) | tot_n=19702 tot_to=0 maxever=53315 >2ms=19702 >5ms=19698 >15ms=5032 >20ms=4521 >30ms=1044 | probes=19703 wrfail=0 down=4s maxout=4s
 383.144  t=380s RTT mean=23884 min=5778 max=35510 n=37 to=0 | cancels=0(+0/s) seqbad=0 len_bad=0 disc=0(0x00) | tot_n=19739 tot_to=0 maxever=53315 >2ms=19739 >5ms=19735 >15ms=5060 >20ms=4549 >30ms=1047 | probes=19740 wrfail=0 down=4s maxout=4s
 383.144  t=381s RTT mean=25036 min=11912 max=43102 n=36 to=0 | cancels=0(+0/s) seqbad=0 len_bad=0 disc=0(0x00) | tot_n=19775 tot_to=0 maxever=53315 >2ms=19775 >5ms=19771 >15ms=5088 >20ms=4576 >30ms=1054 | probes=19776 wrfail=0 down=4s maxout=4s
 385.111  t=382s RTT mean=25322 min=11911 max=43011 n=35 to=0 | cancels=0(+0/s) seqbad=0 len_bad=0 disc=0(0x00) | tot_n=19810 tot_to=0 maxever=53315 >2ms=19810 >5ms=19806 >15ms=5116 >20ms=4604 >30ms=1061 | probes=19811 wrfail=0 down=4s maxout=4s
 385.171  t=383s RTT mean=25454 min=11912 max=34406 n=35 to=0 | cancels=0(+0/s) seqbad=0 len_bad=0 disc=0(0x00) | tot_n=19845 tot_to=0 maxever=53315 >2ms=19845 >5ms=19841 >15ms=5144 >20ms=4631 >30ms=1070 | probes=19846 wrfail=0 down=4s maxout=4s
 387.141  t=384s RTT mean=24518 min=11911 max=34153 n=36 to=0 | cancels=0(+0/s) seqbad=0 len_bad=0 disc=0(0x00) | tot_n=19881 tot_to=0 maxever=53315 >2ms=19881 >5ms=19877 >15ms=5172 >20ms=4659 >30ms=1077 | probes=19882 wrfail=0 down=4s maxout=4s
 387.141  t=385s RTT mean=26093 min=11912 max=39516 n=34 to=0 | cancels=0(+0/s) seqbad=0 len_bad=0 disc=0(0x00) | tot_n=19915 tot_to=0 maxever=53315 >2ms=19915 >5ms=19911 >15ms=5199 >20ms=4686 >30ms=1088 | probes=19916 wrfail=0 down=4s maxout=4s
 389.140  t=386s RTT mean=26661 min=11911 max=43001 n=34 to=0 | cancels=0(+0/s) seqbad=0 len_bad=0 disc=0(0x00) | tot_n=19949 tot_to=0 maxever=53315 >2ms=19949 >5ms=19945 >15ms=5228 >20ms=4715 >30ms=1096 | probes=19950 wrfail=0 down=4s maxout=4s
 389.140  t=387s RTT mean=26260 min=11911 max=39516 n=34 to=0 | cancels=0(+0/s) seqbad=0 len_bad=0 disc=0(0x00) | tot_n=19983 tot_to=0 maxever=53315 >2ms=19983 >5ms=19979 >15ms=5256 >20ms=4743 >30ms=1105 | probes=19984 wrfail=0 down=4s maxout=4s
 391.133  t=388s RTT mean=25085 min=5778 max=41904 n=35 to=0 | cancels=0(+0/s) seqbad=0 len_bad=0 disc=0(0x00) | tot_n=20018 tot_to=0 maxever=53315 >2ms=20018 >5ms=20014 >15ms=5283 >20ms=4770 >30ms=1113 | probes=20019 wrfail=0 down=4s maxout=4s
 391.133  t=389s RTT mean=26061 min=11912 max=36708 n=35 to=0 | cancels=0(+0/s) seqbad=0 len_bad=0 disc=0(0x00) | tot_n=20053 tot_to=0 maxever=53315 >2ms=20053 >5ms=20049 >15ms=5313 >20ms=4798 >30ms=1121 | probes=20054 wrfail=0 down=4s maxout=4s
 393.154  t=390s RTT mean=24583 min=11911 max=35857 n=36 to=0 | cancels=0(+0/s) seqbad=0 len_bad=0 disc=0(0x00) | tot_n=20089 tot_to=0 maxever=53315 >2ms=20089 >5ms=20085 >15ms=5341 >20ms=4826 >30ms=1127 | probes=20090 wrfail=0 down=4s maxout=4s
 393.155  t=391s RTT mean=25810 min=11911 max=40452 n=34 to=0 | cancels=0(+0/s) seqbad=0 len_bad=0 disc=0(0x00) | tot_n=20123 tot_to=0 maxever=53315 >2ms=20123 >5ms=20119 >15ms=5368 >20ms=4853 >30ms=1134 | probes=20124 wrfail=0 down=4s maxout=4s
 395.134  t=392s RTT mean=26991 min=11913 max=41651 n=34 to=0 | cancels=0(+0/s) seqbad=0 len_bad=0 disc=0(0x00) | tot_n=20157 tot_to=0 maxever=53315 >2ms=20157 >5ms=20153 >15ms=5398 >20ms=4882 >30ms=1143 | probes=20158 wrfail=0 down=4s maxout=4s
 395.134  t=393s RTT mean=26019 min=11912 max=35537 n=34 to=0 | cancels=0(+0/s) seqbad=0 len_bad=0 disc=0(0x00) | tot_n=20191 tot_to=0 maxever=53315 >2ms=20191 >5ms=20187 >15ms=5426 >20ms=4910 >30ms=1151 | probes=20192 wrfail=0 down=4s maxout=4s
 397.155  t=394s RTT mean=24885 min=11911 max=40456 n=36 to=0 | cancels=0(+0/s) seqbad=0 len_bad=0 disc=0(0x00) | tot_n=20227 tot_to=0 maxever=53315 >2ms=20227 >5ms=20223 >15ms=5454 >20ms=4937 >30ms=1157 | probes=20228 wrfail=0 down=4s maxout=4s
 397.155  t=395s RTT mean=24466 min=11912 max=34406 n=36 to=0 | cancels=0(+0/s) seqbad=0 len_bad=0 disc=0(0x00) | tot_n=20263 tot_to=0 maxever=53315 >2ms=20263 >5ms=20259 >15ms=5482 >20ms=4965 >30ms=1162 | probes=20264 wrfail=0 down=4s maxout=4s
 399.112  t=396s RTT mean=24952 min=11911 max=39166 n=35 to=0 | cancels=0(+0/s) seqbad=0 len_bad=0 disc=0(0x00) | tot_n=20298 tot_to=0 maxever=53315 >2ms=20298 >5ms=20294 >15ms=5509 >20ms=4991 >30ms=1170 | probes=20299 wrfail=0 down=4s maxout=4s
 399.173  t=397s RTT mean=24518 min=5779 max=37998 n=37 to=0 | cancels=0(+0/s) seqbad=0 len_bad=0 disc=0(0x00) | tot_n=20335 tot_to=0 maxever=53315 >2ms=20335 >5ms=20331 >15ms=5538 >20ms=5020 >30ms=1175 | probes=20336 wrfail=0 down=4s maxout=4s
 401.136  t=398s RTT mean=25385 min=11911 max=35603 n=35 to=0 | cancels=0(+0/s) seqbad=0 len_bad=0 disc=0(0x00) | tot_n=20370 tot_to=0 maxever=53315 >2ms=20370 >5ms=20366 >15ms=5566 >20ms=5048 >30ms=1184 | probes=20371 wrfail=0 down=4s maxout=4s
 401.136  t=399s RTT mean=24979 min=11912 max=39419 n=35 to=0 | cancels=0(+0/s) seqbad=0 len_bad=0 disc=0(0x00) | tot_n=20405 tot_to=0 maxever=53315 >2ms=20405 >5ms=20401 >15ms=5594 >20ms=5075 >30ms=1190 | probes=20406 wrfail=0 down=4s maxout=4s
 403.135  t=400s RTT mean=24977 min=11911 max=36800 n=36 to=0 | cancels=0(+0/s) seqbad=0 len_bad=0 disc=0(0x00) | tot_n=20441 tot_to=0 maxever=53315 >2ms=20441 >5ms=20437 >15ms=5622 >20ms=5103 >30ms=1197 | probes=20442 wrfail=0 down=4s maxout=4s
 403.135  t=401s RTT mean=23766 min=11912 max=34311 n=37 to=0 | cancels=0(+0/s) seqbad=0 len_bad=0 disc=0(0x00) | tot_n=20478 tot_to=0 maxever=53315 >2ms=20478 >5ms=20474 >15ms=5650 >20ms=5131 >30ms=1200 | probes=20479 wrfail=0 down=4s maxout=4s
 405.131  t=402s RTT mean=26094 min=5779 max=37999 n=34 to=0 | cancels=0(+0/s) seqbad=0 len_bad=0 disc=0(0x00) | tot_n=20512 tot_to=0 maxever=53315 >2ms=20512 >5ms=20508 >15ms=5679 >20ms=5158 >30ms=1208 | probes=20513 wrfail=0 down=4s maxout=4s
 405.131  t=403s RTT mean=24238 min=5779 max=35607 n=37 to=0 | cancels=0(+0/s) seqbad=0 len_bad=0 disc=0(0x00) | tot_n=20549 tot_to=0 maxever=53315 >2ms=20549 >5ms=20545 >15ms=5708 >20ms=5186 >30ms=1214 | probes=20550 wrfail=0 down=4s maxout=4s
 407.125  t=404s RTT mean=24592 min=11911 max=34410 n=36 to=0 | cancels=0(+0/s) seqbad=0 len_bad=0 disc=0(0x00) | tot_n=20585 tot_to=0 maxever=53315 >2ms=20585 >5ms=20581 >15ms=5736 >20ms=5214 >30ms=1218 | probes=20586 wrfail=0 down=4s maxout=4s
 407.125  t=405s RTT mean=25072 min=5779 max=35510 n=36 to=0 | cancels=0(+0/s) seqbad=0 len_bad=0 disc=0(0x00) | tot_n=20621 tot_to=0 maxever=53315 >2ms=20621 >5ms=20617 >15ms=5765 >20ms=5242 >30ms=1226 | probes=20622 wrfail=0 down=4s maxout=4s
 409.127  t=406s RTT mean=25639 min=5778 max=43103 n=34 to=0 | cancels=0(+0/s) seqbad=0 len_bad=0 disc=0(0x00) | tot_n=20655 tot_to=0 maxever=53315 >2ms=20655 >5ms=20651 >15ms=5792 >20ms=5269 >30ms=1236 | probes=20656 wrfail=0 down=4s maxout=4s
 409.127  t=407s RTT mean=27656 min=11911 max=43364 n=33 to=0 | cancels=0(+0/s) seqbad=0 len_bad=0 disc=0(0x00) | tot_n=20688 tot_to=0 maxever=53315 >2ms=20688 >5ms=20684 >15ms=5821 >20ms=5298 >30ms=1246 | probes=20689 wrfail=0 down=4s maxout=4s
 411.100  t=408s RTT mean=26222 min=5778 max=41909 n=34 to=0 | cancels=0(+0/s) seqbad=0 len_bad=0 disc=0(0x00) | tot_n=20722 tot_to=0 maxever=53315 >2ms=20722 >5ms=20718 >15ms=5849 >20ms=5326 >30ms=1254 | probes=20723 wrfail=0 down=4s maxout=4s
 411.160  t=409s RTT mean=27520 min=11912 max=41909 n=33 to=0 | cancels=0(+0/s) seqbad=0 len_bad=0 disc=0(0x00) | tot_n=20755 tot_to=0 maxever=53315 >2ms=20755 >5ms=20751 >15ms=5877 >20ms=5354 >30ms=1265 | probes=20755 wrfail=0 down=4s maxout=4s
 413.117  t=410s RTT mean=25962 min=11911 max=40618 n=34 to=0 | cancels=0(+0/s) seqbad=0 len_bad=0 disc=0(0x00) | tot_n=20789 tot_to=0 maxever=53315 >2ms=20789 >5ms=20785 >15ms=5904 >20ms=5381 >30ms=1273 | probes=20790 wrfail=0 down=4s maxout=4s
 413.174  t=411s RTT mean=25244 min=5779 max=37122 n=35 to=0 | cancels=0(+0/s) seqbad=0 len_bad=0 disc=0(0x00) | tot_n=20824 tot_to=0 maxever=53315 >2ms=20824 >5ms=20820 >15ms=5932 >20ms=5409 >30ms=1279 | probes=20825 wrfail=0 down=4s maxout=4s
 415.129  t=412s RTT mean=25626 min=5778 max=47956 n=35 to=0 | cancels=0(+0/s) seqbad=0 len_bad=0 disc=0(0x00) | tot_n=20859 tot_to=0 maxever=53315 >2ms=20859 >5ms=20855 >15ms=5960 >20ms=5436 >30ms=1286 | probes=20860 wrfail=0 down=4s maxout=4s
 415.129  t=413s RTT mean=27279 min=11912 max=36801 n=33 to=0 | cancels=0(+0/s) seqbad=0 len_bad=0 disc=0(0x00) | tot_n=20892 tot_to=0 maxever=53315 >2ms=20892 >5ms=20888 >15ms=5989 >20ms=5465 >30ms=1296 | probes=20893 wrfail=0 down=4s maxout=4s
 417.108  t=414s RTT mean=24462 min=5779 max=36800 n=36 to=0 | cancels=0(+0/s) seqbad=0 len_bad=0 disc=0(0x00) | tot_n=20928 tot_to=0 maxever=53315 >2ms=20928 >5ms=20924 >15ms=6018 >20ms=5493 >30ms=1300 | probes=20929 wrfail=0 down=4s maxout=4s
 417.168  t=415s RTT mean=25119 min=5772 max=41910 n=36 to=0 | cancels=0(+0/s) seqbad=0 len_bad=0 disc=0(0x00) | tot_n=20964 tot_to=0 maxever=53315 >2ms=20964 >5ms=20960 >15ms=6046 >20ms=5521 >30ms=1308 | probes=20965 wrfail=0 down=4s maxout=4s
 419.105  t=416s RTT mean=24861 min=10633 max=48128 n=35 to=0 | cancels=0(+0/s) seqbad=0 len_bad=0 disc=0(0x00) | tot_n=20999 tot_to=0 maxever=53315 >2ms=20999 >5ms=20995 >15ms=6073 >20ms=5547 >30ms=1314 | probes=21000 wrfail=0 down=4s maxout=4s
 419.166  t=417s RTT mean=25559 min=11912 max=39419 n=35 to=0 | cancels=0(+0/s) seqbad=0 len_bad=0 disc=0(0x00) | tot_n=21034 tot_to=0 maxever=53315 >2ms=21034 >5ms=21030 >15ms=6103 >20ms=5575 >30ms=1320 | probes=21035 wrfail=0 down=4s maxout=4s
 421.149  t=418s RTT mean=24797 min=11662 max=35626 n=36 to=0 | cancels=0(+0/s) seqbad=0 len_bad=0 disc=0(0x00) | tot_n=21070 tot_to=0 maxever=53315 >2ms=21070 >5ms=21066 >15ms=6131 >20ms=5603 >30ms=1325 | probes=21071 wrfail=0 down=4s maxout=4s
 421.149  t=419s RTT mean=25393 min=11912 max=43106 n=35 to=0 | cancels=0(+0/s) seqbad=0 len_bad=0 disc=0(0x00) | tot_n=21105 tot_to=0 maxever=53315 >2ms=21105 >5ms=21101 >15ms=6159 >20ms=5631 >30ms=1331 | probes=21106 wrfail=0 down=4s maxout=4s
 423.147  t=420s RTT mean=24772 min=11911 max=43005 n=36 to=0 | cancels=0(+0/s) seqbad=0 len_bad=0 disc=0(0x00) | tot_n=21141 tot_to=0 maxever=53315 >2ms=21141 >5ms=21137 >15ms=6188 >20ms=5659 >30ms=1335 | probes=21142 wrfail=0 down=4s maxout=4s
 423.147  t=421s RTT mean=27293 min=11912 max=41907 n=33 to=0 | cancels=0(+0/s) seqbad=0 len_bad=0 disc=0(0x00) | tot_n=21174 tot_to=0 maxever=53315 >2ms=21174 >5ms=21170 >15ms=6216 >20ms=5686 >30ms=1346 | probes=21175 wrfail=0 down=4s maxout=4s
 425.105  t=422s RTT mean=26508 min=10621 max=34410 n=34 to=0 | cancels=0(+0/s) seqbad=0 len_bad=0 disc=0(0x00) | tot_n=21208 tot_to=0 maxever=53315 >2ms=21208 >5ms=21204 >15ms=6244 >20ms=5714 >30ms=1358 | probes=21209 wrfail=0 down=4s maxout=4s
 425.165  t=423s RTT mean=25414 min=11912 max=37058 n=35 to=0 | cancels=0(+0/s) seqbad=0 len_bad=0 disc=0(0x00) | tot_n=21243 tot_to=0 maxever=53315 >2ms=21243 >5ms=21239 >15ms=6272 >20ms=5742 >30ms=1365 | probes=21244 wrfail=0 down=4s maxout=4s
 427.114  t=424s RTT mean=26486 min=5771 max=43104 n=34 to=0 | cancels=0(+0/s) seqbad=0 len_bad=0 disc=0(0x00) | tot_n=21277 tot_to=0 maxever=53315 >2ms=21277 >5ms=21273 >15ms=6300 >20ms=5770 >30ms=1373 | probes=21277 wrfail=0 down=4s maxout=4s
 427.115  PCTL target=150 tot=2096 to=0 p50=26 p90=34 p99=40 p99.9=46 max=53 g30=439 g100=0 (ms/counts)
 427.115  LOADRAMP: cycle complete
 427.115  LOADRAMP: target=0 KBps for 60s
 427.173  t=425s RTT mean=18609 min=11911 max=33117 n=46 to=0 | cancels=0(+0/s) seqbad=0 len_bad=0 disc=0(0x00) | tot_n=21323 tot_to=0 maxever=53315 >2ms=21323 >5ms=21319 >15ms=6321 >20ms=5789 >30ms=1374 | probes=21323 wrfail=0 down=4s maxout=4s
 429.129  t=426s RTT mean=12026 min=11818 max=19414 n=66 to=0 | cancels=0(+0/s) seqbad=0 len_bad=0 disc=0(0x00) | tot_n=21389 tot_to=0 maxever=53315 >2ms=21389 >5ms=21385 >15ms=6322 >20ms=5789 >30ms=1374 | probes=21390 wrfail=0 down=4s maxout=4s
 429.130  t=427s RTT mean=12500 min=11910 max=19421 n=64 to=0 | cancels=0(+0/s) seqbad=0 len_bad=0 disc=0(0x00) | tot_n=21453 tot_to=0 maxever=53315 >2ms=21453 >5ms=21449 >15ms=6327 >20ms=5789 >30ms=1374 | probes=21454 wrfail=0 down=4s maxout=4s
 431.113  t=428s RTT mean=12142 min=11910 max=19422 n=66 to=0 | cancels=0(+0/s) seqbad=0 len_bad=0 disc=0(0x00) | tot_n=21519 tot_to=0 maxever=53315 >2ms=21519 >5ms=21515 >15ms=6329 >20ms=5789 >30ms=1374 | probes=21520 wrfail=0 down=4s maxout=4s
 431.166  t=429s RTT mean=12028 min=11911 max=19415 n=66 to=0 | cancels=0(+0/s) seqbad=0 len_bad=0 disc=0(0x00) | tot_n=21585 tot_to=0 maxever=53315 >2ms=21585 >5ms=21581 >15ms=6330 >20ms=5789 >30ms=1374 | probes=21586 wrfail=0 down=4s maxout=4s
 433.152  t=430s RTT mean=12142 min=11911 max=19431 n=66 to=0 | cancels=0(+0/s) seqbad=0 len_bad=0 disc=0(0x00) | tot_n=21651 tot_to=0 maxever=53315 >2ms=21651 >5ms=21647 >15ms=6332 >20ms=5789 >30ms=1374 | probes=21651 wrfail=0 down=4s maxout=4s
 433.152  t=431s RTT mean=12145 min=11911 max=19414 n=65 to=0 | cancels=0(+0/s) seqbad=0 len_bad=0 disc=0(0x00) | tot_n=21716 tot_to=0 maxever=53315 >2ms=21716 >5ms=21712 >15ms=6334 >20ms=5789 >30ms=1374 | probes=21717 wrfail=0 down=4s maxout=4s
 435.147  t=432s RTT mean=12500 min=11911 max=26914 n=64 to=0 | cancels=0(+0/s) seqbad=0 len_bad=0 disc=0(0x00) | tot_n=21780 tot_to=0 maxever=53315 >2ms=21780 >5ms=21776 >15ms=6338 >20ms=5790 >30ms=1374 | probes=21781 wrfail=0 down=4s maxout=4s
 435.147  t=433s RTT mean=12735 min=11911 max=19444 n=64 to=0 | cancels=0(+0/s) seqbad=0 len_bad=0 disc=0(0x00) | tot_n=21844 tot_to=0 maxever=53315 >2ms=21844 >5ms=21840 >15ms=6345 >20ms=5790 >30ms=1374 | probes=21844 wrfail=0 down=4s maxout=4s
 437.110  t=434s RTT mean=12501 min=11911 max=19415 n=64 to=0 | cancels=0(+0/s) seqbad=0 len_bad=0 disc=0(0x00) | tot_n=21908 tot_to=0 maxever=53315 >2ms=21908 >5ms=21904 >15ms=6350 >20ms=5790 >30ms=1374 | probes=21909 wrfail=0 down=4s maxout=4s
 437.170  t=435s RTT mean=12383 min=11911 max=19414 n=64 to=0 | cancels=0(+0/s) seqbad=0 len_bad=0 disc=0(0x00) | tot_n=21972 tot_to=0 maxever=53315 >2ms=21972 >5ms=21968 >15ms=6354 >20ms=5790 >30ms=1374 | probes=21973 wrfail=0 down=4s maxout=4s
 439.128  t=436s RTT mean=12027 min=11911 max=19421 n=67 to=0 | cancels=0(+0/s) seqbad=0 len_bad=0 disc=0(0x00) | tot_n=22039 tot_to=0 maxever=53315 >2ms=22039 >5ms=22035 >15ms=6355 >20ms=5790 >30ms=1374 | probes=22039 wrfail=0 down=4s maxout=4s
 439.128  t=437s RTT mean=12383 min=11662 max=19414 n=64 to=0 | cancels=0(+0/s) seqbad=0 len_bad=0 disc=0(0x00) | tot_n=22103 tot_to=0 maxever=53315 >2ms=22103 >5ms=22099 >15ms=6359 >20ms=5790 >30ms=1374 | probes=22104 wrfail=0 down=4s maxout=4s
 441.115  t=438s RTT mean=11915 min=11662 max=12169 n=67 to=0 | cancels=0(+0/s) seqbad=0 len_bad=0 disc=0(0x00) | tot_n=22170 tot_to=0 maxever=53315 >2ms=22170 >5ms=22166 >15ms=6359 >20ms=5790 >30ms=1374 | probes=22171 wrfail=0 down=4s maxout=4s
 441.174  t=439s RTT mean=11915 min=11911 max=11948 n=67 to=0 | cancels=0(+0/s) seqbad=0 len_bad=0 disc=0(0x00) | tot_n=22237 tot_to=0 maxever=53315 >2ms=22237 >5ms=22233 >15ms=6359 >20ms=5790 >30ms=1374 | probes=22237 wrfail=0 down=4s maxout=4s
 443.111  t=440s RTT mean=12145 min=11911 max=19421 n=65 to=0 | cancels=0(+0/s) seqbad=0 len_bad=0 disc=0(0x00) | tot_n=22302 tot_to=0 maxever=53315 >2ms=22302 >5ms=22298 >15ms=6361 >20ms=5790 >30ms=1374 | probes=22303 wrfail=0 down=4s maxout=4s
 443.172  t=441s RTT mean=12492 min=11911 max=19421 n=65 to=0 | cancels=0(+0/s) seqbad=0 len_bad=0 disc=0(0x00) | tot_n=22367 tot_to=0 maxever=53315 >2ms=22367 >5ms=22363 >15ms=6366 >20ms=5790 >30ms=1374 | probes=22367 wrfail=0 down=4s maxout=4s
 445.134  t=442s RTT mean=12261 min=11911 max=19415 n=65 to=0 | cancels=0(+0/s) seqbad=0 len_bad=0 disc=0(0x00) | tot_n=22432 tot_to=0 maxever=53315 >2ms=22432 >5ms=22428 >15ms=6369 >20ms=5790 >30ms=1374 | probes=22432 wrfail=0 down=4s maxout=4s
 445.134  t=443s RTT mean=12144 min=11840 max=19413 n=65 to=0 | cancels=0(+0/s) seqbad=0 len_bad=0 disc=0(0x00) | tot_n=22497 tot_to=0 maxever=53315 >2ms=22497 >5ms=22493 >15ms=6371 >20ms=5790 >30ms=1374 | probes=22498 wrfail=0 down=4s maxout=4s
 447.129  t=444s RTT mean=12255 min=11911 max=26911 n=66 to=0 | cancels=0(+0/s) seqbad=0 len_bad=0 disc=0(0x00) | tot_n=22563 tot_to=0 maxever=53315 >2ms=22563 >5ms=22559 >15ms=6373 >20ms=5791 >30ms=1374 | probes=22563 wrfail=0 down=4s maxout=4s
 447.129  t=445s RTT mean=12260 min=11662 max=19417 n=65 to=0 | cancels=0(+0/s) seqbad=0 len_bad=0 disc=0(0x00) | tot_n=22628 tot_to=0 maxever=53315 >2ms=22628 >5ms=22624 >15ms=6376 >20ms=5791 >30ms=1374 | probes=22629 wrfail=0 down=4s maxout=4s
 449.139  t=446s RTT mean=12260 min=11660 max=26918 n=65 to=0 | cancels=0(+0/s) seqbad=0 len_bad=0 disc=0(0x00) | tot_n=22693 tot_to=0 maxever=53315 >2ms=22693 >5ms=22689 >15ms=6378 >20ms=5792 >30ms=1374 | probes=22694 wrfail=0 down=4s maxout=4s
 449.139  t=447s RTT mean=12141 min=11900 max=19427 n=66 to=0 | cancels=0(+0/s) seqbad=0 len_bad=0 disc=0(0x00) | tot_n=22759 tot_to=0 maxever=53315 >2ms=22759 >5ms=22755 >15ms=6380 >20ms=5792 >30ms=1374 | probes=22759 wrfail=0 down=4s maxout=4s
