   1.948  *** Booting Zephyr OS build v4.4.2-16-gfee9fbc62095 ***
   1.948  [01:08:33.631,985] [0m<inf> bt_hci_core: HW Platform: Nordic Semiconductor (0x0002)[0m
   1.948  [01:08:33.631,998] [0m<inf> bt_hci_core: HW Variant: nRF54Lx (0x0005)[0m
   1.948  [01:08:33.632,009] [0m<inf> bt_hci_core: Firmware: Standard Bluetooth controller (0x00) Version 4.4 Build 2[0m
   1.948  [01:08:33.632,361] [0m<inf> bt_hci_core: HCI transport: Controller[0m
   1.948  [01:08:33.632,408] [0m<inf> bt_hci_core: Identity: FC:BE:FF:FA:E6:8B (random)[0m
   2.002  [01:08:33.632,423] [0m<inf> bt_hci_core: HCI: version 5.4 (0x0d) revision 0x0000, manufacturer 0x05f1[0m
   2.002  [01:08:33.632,438] [0m<inf> bt_hci_core: LMP: version 5.4 (0x0d) subver 0xffff[0m
   2.002  
   2.002  === nRF54L15 RTT ping-pong CENTRAL ===
   2.002  scan rc=0
   3.918  t=1s RTT mean=0 min=0 max=0 n=0 to=0 | cancels=0(+0/s) seqbad=0 len_bad=0 disc=0(0x00) | tot_n=0 tot_to=0 maxever=0 >2ms=0 >5ms=0 >15ms=0 >20ms=0 >30ms=0 | probes=0 wrfail=0 down=1s maxout=1s
   3.977  t=2s RTT mean=0 min=0 max=0 n=0 to=0 | cancels=0(+0/s) seqbad=0 len_bad=0 disc=0(0x00) | tot_n=0 tot_to=0 maxever=0 >2ms=0 >5ms=0 >15ms=0 >20ms=0 >30ms=0 | probes=0 wrfail=0 down=2s maxout=2s
   5.962  t=3s RTT mean=0 min=0 max=0 n=0 to=0 | cancels=0(+0/s) seqbad=0 len_bad=0 disc=0(0x00) | tot_n=0 tot_to=0 maxever=0 >2ms=0 >5ms=0 >15ms=0 >20ms=0 >30ms=0 | probes=0 wrfail=0 down=3s maxout=3s
   5.962  Q2CONN AA=11f8c0f3 CRCINIT=516f6b hop=11 chan_count=37 map=ffffffff1f
   5.962  GAP connected interval=7500
   5.962  MTU err=0 mtu=247
   5.962  t=4s RTT mean=0 min=0 max=0 n=0 to=0 | cancels=0(+0/s) seqbad=0 len_bad=0 disc=0(0x00) | tot_n=0 tot_to=0 maxever=0 >2ms=0 >5ms=0 >15ms=0 >20ms=0 >30ms=0 | probes=0 wrfail=0 down=4s maxout=4s
   5.962  PHY tx=2 rx=2
   7.476  discovery start (post-PHY +500ms) interval=7500 phy2m=1
   7.477  SUBSCRIBED, vh=14
   7.477  LOADRAMP: bulk char handle=17
   7.477  LOADRAMP: target=0 KBps for 60s
   7.477  t=5s RTT mean=12015 min=11912 max=14523 n=26 to=0 | cancels=0(+0/s) seqbad=0 len_bad=0 disc=0(0x00) | tot_n=26 tot_to=0 maxever=14523 >2ms=26 >5ms=26 >15ms=0 >20ms=0 >30ms=0 | probes=27 wrfail=0 down=4s maxout=4s
   8.932  t=6s RTT mean=11915 min=11912 max=11933 n=66 to=0 | cancels=0(+0/s) seqbad=0 len_bad=0 disc=0(0x00) | tot_n=92 tot_to=0 maxever=14523 >2ms=92 >5ms=92 >15ms=0 >20ms=0 >30ms=0 | probes=93 wrfail=0 down=4s maxout=4s
   8.992  t=7s RTT mean=12256 min=11912 max=19415 n=66 to=0 | cancels=0(+0/s) seqbad=0 len_bad=0 disc=0(0x00) | tot_n=158 tot_to=0 maxever=19415 >2ms=158 >5ms=158 >15ms=3 >20ms=0 >30ms=0 | probes=158 wrfail=0 down=4s maxout=4s
  10.508  FSU: request [150..150] us (ACL both dirs, 1M+2M) rc=0
  10.508  t=8s RTT mean=12029 min=11508 max=19414 n=66 to=0 | cancels=0(+0/s) seqbad=0 len_bad=0 disc=0(0x00) | tot_n=224 tot_to=0 maxever=19415 >2ms=224 >5ms=224 >15ms=4 >20ms=0 >30ms=0 | probes=225 wrfail=0 down=4s maxout=4s
  11.969  t=9s RTT mean=12146 min=11468 max=19415 n=65 to=0 | cancels=0(+0/s) seqbad=0 len_bad=0 disc=0(0x00) | tot_n=289 tot_to=0 maxever=19415 >2ms=289 >5ms=289 >15ms=6 >20ms=0 >30ms=0 | probes=290 wrfail=0 down=4s maxout=4s
  11.969  t=10s RTT mean=12142 min=11911 max=19415 n=66 to=0 | cancels=0(+0/s) seqbad=0 len_bad=0 disc=0(0x00) | tot_n=355 tot_to=0 maxever=19415 >2ms=355 >5ms=355 >15ms=8 >20ms=0 >30ms=0 | probes=356 wrfail=0 down=4s maxout=4s
  13.932  t=11s RTT mean=12142 min=11912 max=19415 n=66 to=0 | cancels=0(+0/s) seqbad=0 len_bad=0 disc=0(0x00) | tot_n=421 tot_to=0 maxever=19415 >2ms=421 >5ms=421 >15ms=10 >20ms=0 >30ms=0 | probes=422 wrfail=0 down=4s maxout=4s
  13.992  t=12s RTT mean=12146 min=11912 max=19415 n=65 to=0 | cancels=0(+0/s) seqbad=0 len_bad=0 disc=0(0x00) | tot_n=486 tot_to=0 maxever=19415 >2ms=486 >5ms=486 >15ms=12 >20ms=0 >30ms=0 | probes=487 wrfail=0 down=4s maxout=4s
  15.969  t=13s RTT mean=11915 min=11912 max=11934 n=67 to=0 | cancels=0(+0/s) seqbad=0 len_bad=0 disc=0(0x00) | tot_n=553 tot_to=0 maxever=19415 >2ms=553 >5ms=553 >15ms=12 >20ms=0 >30ms=0 | probes=554 wrfail=0 down=4s maxout=4s
  15.969  t=14s RTT mean=11915 min=11912 max=11923 n=67 to=0 | cancels=0(+0/s) seqbad=0 len_bad=0 disc=0(0x00) | tot_n=620 tot_to=0 maxever=19415 >2ms=620 >5ms=620 >15ms=12 >20ms=0 >30ms=0 | probes=621 wrfail=0 down=4s maxout=4s
  17.932  t=15s RTT mean=12261 min=11910 max=19415 n=65 to=0 | cancels=0(+0/s) seqbad=0 len_bad=0 disc=0(0x00) | tot_n=685 tot_to=0 maxever=19415 >2ms=685 >5ms=685 >15ms=15 >20ms=0 >30ms=0 | probes=686 wrfail=0 down=4s maxout=4s
  17.986  t=16s RTT mean=12028 min=11912 max=19421 n=66 to=0 | cancels=0(+0/s) seqbad=0 len_bad=0 disc=0(0x00) | tot_n=751 tot_to=0 maxever=19421 >2ms=751 >5ms=751 >15ms=16 >20ms=0 >30ms=0 | probes=752 wrfail=0 down=4s maxout=4s
  19.981  t=17s RTT mean=12029 min=11527 max=19416 n=66 to=0 | cancels=0(+0/s) seqbad=0 len_bad=0 disc=0(0x00) | tot_n=817 tot_to=0 maxever=19421 >2ms=817 >5ms=817 >15ms=17 >20ms=0 >30ms=0 | probes=818 wrfail=0 down=4s maxout=4s
  19.981  t=18s RTT mean=12377 min=11912 max=19415 n=65 to=0 | cancels=0(+0/s) seqbad=0 len_bad=0 disc=0(0x00) | tot_n=882 tot_to=0 maxever=19421 >2ms=882 >5ms=882 >15ms=21 >20ms=0 >30ms=0 | probes=883 wrfail=0 down=4s maxout=4s
  21.952  t=19s RTT mean=12029 min=11912 max=19420 n=66 to=0 | cancels=0(+0/s) seqbad=0 len_bad=0 disc=0(0x00) | tot_n=948 tot_to=0 maxever=19421 >2ms=948 >5ms=948 >15ms=22 >20ms=0 >30ms=0 | probes=949 wrfail=0 down=4s maxout=4s
  21.952  t=20s RTT mean=12029 min=11476 max=19414 n=66 to=0 | cancels=0(+0/s) seqbad=0 len_bad=0 disc=0(0x00) | tot_n=1014 tot_to=0 maxever=19421 >2ms=1014 >5ms=1014 >15ms=23 >20ms=0 >30ms=0 | probes=1015 wrfail=0 down=4s maxout=4s
  23.950  t=21s RTT mean=11915 min=11470 max=12359 n=67 to=0 | cancels=0(+0/s) seqbad=0 len_bad=0 disc=0(0x00) | tot_n=1081 tot_to=0 maxever=19421 >2ms=1081 >5ms=1081 >15ms=23 >20ms=0 >30ms=0 | probes=1082 wrfail=0 down=4s maxout=4s
  23.950  t=22s RTT mean=12029 min=11465 max=19415 n=66 to=0 | cancels=0(+0/s) seqbad=0 len_bad=0 disc=0(0x00) | tot_n=1147 tot_to=0 maxever=19421 >2ms=1147 >5ms=1147 >15ms=24 >20ms=0 >30ms=0 | probes=1148 wrfail=0 down=4s maxout=4s
  25.927  t=23s RTT mean=12377 min=11911 max=26915 n=65 to=0 | cancels=0(+0/s) seqbad=0 len_bad=0 disc=0(0x00) | tot_n=1212 tot_to=0 maxever=26915 >2ms=1212 >5ms=1212 >15ms=27 >20ms=1 >30ms=0 | probes=1213 wrfail=0 down=4s maxout=4s
  25.987  t=24s RTT mean=12028 min=11912 max=19411 n=66 to=0 | cancels=0(+0/s) seqbad=0 len_bad=0 disc=0(0x00) | tot_n=1278 tot_to=0 maxever=26915 >2ms=1278 >5ms=1278 >15ms=28 >20ms=1 >30ms=0 | probes=1279 wrfail=0 down=4s maxout=4s
  27.962  t=25s RTT mean=12029 min=11911 max=19414 n=66 to=0 | cancels=0(+0/s) seqbad=0 len_bad=0 disc=0(0x00) | tot_n=1344 tot_to=0 maxever=26915 >2ms=1344 >5ms=1344 >15ms=29 >20ms=1 >30ms=0 | probes=1345 wrfail=0 down=4s maxout=4s
  27.963  t=26s RTT mean=11915 min=11912 max=11923 n=67 to=0 | cancels=0(+0/s) seqbad=0 len_bad=0 disc=0(0x00) | tot_n=1411 tot_to=0 maxever=26915 >2ms=1411 >5ms=1411 >15ms=29 >20ms=1 >30ms=0 | probes=1412 wrfail=0 down=4s maxout=4s
  29.979  t=27s RTT mean=11915 min=11912 max=11925 n=67 to=0 | cancels=0(+0/s) seqbad=0 len_bad=0 disc=0(0x00) | tot_n=1478 tot_to=0 maxever=26915 >2ms=1478 >5ms=1478 >15ms=29 >20ms=1 >30ms=0 | probes=1478 wrfail=0 down=4s maxout=4s
  29.979  t=28s RTT mean=12145 min=11468 max=19417 n=65 to=0 | cancels=0(+0/s) seqbad=0 len_bad=0 disc=0(0x00) | tot_n=1543 tot_to=0 maxever=26915 >2ms=1543 >5ms=1543 >15ms=31 >20ms=1 >30ms=0 | probes=1544 wrfail=0 down=4s maxout=4s
  31.979  t=29s RTT mean=12029 min=11912 max=19423 n=66 to=0 | cancels=0(+0/s) seqbad=0 len_bad=0 disc=0(0x00) | tot_n=1609 tot_to=0 maxever=26915 >2ms=1609 >5ms=1609 >15ms=32 >20ms=1 >30ms=0 | probes=1610 wrfail=0 down=4s maxout=4s
  31.979  t=30s RTT mean=12027 min=11465 max=19415 n=67 to=0 | cancels=0(+0/s) seqbad=0 len_bad=0 disc=0(0x00) | tot_n=1676 tot_to=0 maxever=26915 >2ms=1676 >5ms=1676 >15ms=33 >20ms=1 >30ms=0 | probes=1676 wrfail=0 down=4s maxout=4s
  33.927  t=31s RTT mean=12146 min=11912 max=19414 n=65 to=0 | cancels=0(+0/s) seqbad=0 len_bad=0 disc=0(0x00) | tot_n=1741 tot_to=0 maxever=26915 >2ms=1741 >5ms=1741 >15ms=35 >20ms=1 >30ms=0 | probes=1742 wrfail=0 down=4s maxout=4s
  33.987  t=32s RTT mean=12376 min=11468 max=19861 n=65 to=0 | cancels=0(+0/s) seqbad=0 len_bad=0 disc=0(0x00) | tot_n=1806 tot_to=0 maxever=26915 >2ms=1806 >5ms=1806 >15ms=39 >20ms=1 >30ms=0 | probes=1807 wrfail=0 down=4s maxout=4s
  35.951  t=33s RTT mean=12028 min=11475 max=19414 n=66 to=0 | cancels=0(+0/s) seqbad=0 len_bad=0 disc=0(0x00) | tot_n=1872 tot_to=0 maxever=26915 >2ms=1872 >5ms=1872 >15ms=40 >20ms=1 >30ms=0 | probes=1873 wrfail=0 down=4s maxout=4s
  35.951  t=34s RTT mean=12028 min=11912 max=19414 n=66 to=0 | cancels=0(+0/s) seqbad=0 len_bad=0 disc=0(0x00) | tot_n=1938 tot_to=0 maxever=26915 >2ms=1938 >5ms=1938 >15ms=41 >20ms=1 >30ms=0 | probes=1939 wrfail=0 down=4s maxout=4s
  37.937  t=35s RTT mean=12027 min=11912 max=19414 n=67 to=0 | cancels=0(+0/s) seqbad=0 len_bad=0 disc=0(0x00) | tot_n=2005 tot_to=0 maxever=26915 >2ms=2005 >5ms=2005 >15ms=42 >20ms=1 >30ms=0 | probes=2005 wrfail=0 down=4s maxout=4s
  37.997  t=36s RTT mean=12146 min=11912 max=19415 n=65 to=0 | cancels=0(+0/s) seqbad=0 len_bad=0 disc=0(0x00) | tot_n=2070 tot_to=0 maxever=26915 >2ms=2070 >5ms=2070 >15ms=44 >20ms=1 >30ms=0 | probes=2071 wrfail=0 down=4s maxout=4s
  39.974  t=37s RTT mean=12261 min=11473 max=19414 n=65 to=0 | cancels=0(+0/s) seqbad=0 len_bad=0 disc=0(0x00) | tot_n=2135 tot_to=0 maxever=26915 >2ms=2135 >5ms=2135 >15ms=47 >20ms=1 >30ms=0 | probes=2136 wrfail=0 down=4s maxout=4s
  39.974  t=38s RTT mean=11915 min=11467 max=12362 n=67 to=0 | cancels=0(+0/s) seqbad=0 len_bad=0 disc=0(0x00) | tot_n=2202 tot_to=0 maxever=26915 >2ms=2202 >5ms=2202 >15ms=47 >20ms=1 >30ms=0 | probes=2203 wrfail=0 down=4s maxout=4s
  41.950  t=39s RTT mean=12142 min=11912 max=19420 n=66 to=0 | cancels=0(+0/s) seqbad=0 len_bad=0 disc=0(0x00) | tot_n=2268 tot_to=0 maxever=26915 >2ms=2268 >5ms=2268 >15ms=49 >20ms=1 >30ms=0 | probes=2269 wrfail=0 down=4s maxout=4s
  41.950  t=40s RTT mean=11915 min=11912 max=11923 n=66 to=0 | cancels=0(+0/s) seqbad=0 len_bad=0 disc=0(0x00) | tot_n=2334 tot_to=0 maxever=26915 >2ms=2334 >5ms=2334 >15ms=49 >20ms=1 >30ms=0 | probes=2335 wrfail=0 down=4s maxout=4s
  43.932  t=41s RTT mean=12256 min=11912 max=19415 n=66 to=0 | cancels=0(+0/s) seqbad=0 len_bad=0 disc=0(0x00) | tot_n=2400 tot_to=0 maxever=26915 >2ms=2400 >5ms=2400 >15ms=52 >20ms=1 >30ms=0 | probes=2400 wrfail=0 down=4s maxout=4s
  43.993  t=42s RTT mean=11915 min=11467 max=12369 n=66 to=0 | cancels=0(+0/s) seqbad=0 len_bad=0 disc=0(0x00) | tot_n=2466 tot_to=0 maxever=26915 >2ms=2466 >5ms=2466 >15ms=52 >20ms=1 >30ms=0 | probes=2467 wrfail=0 down=4s maxout=4s
  45.927  t=43s RTT mean=12029 min=11465 max=19415 n=66 to=0 | cancels=0(+0/s) seqbad=0 len_bad=0 disc=0(0x00) | tot_n=2532 tot_to=0 maxever=26915 >2ms=2532 >5ms=2532 >15ms=53 >20ms=1 >30ms=0 | probes=2533 wrfail=0 down=4s maxout=4s
  45.987  t=44s RTT mean=12256 min=11911 max=19414 n=66 to=0 | cancels=0(+0/s) seqbad=0 len_bad=0 disc=0(0x00) | tot_n=2598 tot_to=0 maxever=26915 >2ms=2598 >5ms=2598 >15ms=56 >20ms=1 >30ms=0 | probes=2598 wrfail=0 down=4s maxout=4s
  47.931  t=45s RTT mean=12029 min=11912 max=19414 n=66 to=0 | cancels=0(+0/s) seqbad=0 len_bad=0 disc=0(0x00) | tot_n=2664 tot_to=0 maxever=26915 >2ms=2664 >5ms=2664 >15ms=57 >20ms=1 >30ms=0 | probes=2665 wrfail=0 down=4s maxout=4s
  47.991  t=46s RTT mean=12261 min=11912 max=19414 n=65 to=0 | cancels=0(+0/s) seqbad=0 len_bad=0 disc=0(0x00) | tot_n=2729 tot_to=0 maxever=26915 >2ms=2729 >5ms=2729 >15ms=60 >20ms=1 >30ms=0 | probes=2730 wrfail=0 down=4s maxout=4s
  49.970  t=47s RTT mean=12142 min=11911 max=19415 n=66 to=0 | cancels=0(+0/s) seqbad=0 len_bad=0 disc=0(0x00) | tot_n=2795 tot_to=0 maxever=26915 >2ms=2795 >5ms=2795 >15ms=62 >20ms=1 >30ms=0 | probes=2795 wrfail=0 down=4s maxout=4s
  49.971  t=48s RTT mean=12028 min=11468 max=19415 n=66 to=0 | cancels=0(+0/s) seqbad=0 len_bad=0 disc=0(0x00) | tot_n=2861 tot_to=0 maxever=26915 >2ms=2861 >5ms=2861 >15ms=63 >20ms=1 >30ms=0 | probes=2862 wrfail=0 down=4s maxout=4s
  51.973  t=49s RTT mean=11915 min=11911 max=11933 n=66 to=0 | cancels=0(+0/s) seqbad=0 len_bad=0 disc=0(0x00) | tot_n=2927 tot_to=0 maxever=26915 >2ms=2927 >5ms=2927 >15ms=63 >20ms=1 >30ms=0 | probes=2928 wrfail=0 down=4s maxout=4s
  51.973  t=50s RTT mean=12142 min=11912 max=19414 n=66 to=0 | cancels=0(+0/s) seqbad=0 len_bad=0 disc=0(0x00) | tot_n=2993 tot_to=0 maxever=26915 >2ms=2993 >5ms=2993 >15ms=65 >20ms=1 >30ms=0 | probes=2994 wrfail=0 down=4s maxout=4s
  53.953  t=51s RTT mean=12029 min=11911 max=19415 n=66 to=0 | cancels=0(+0/s) seqbad=0 len_bad=0 disc=0(0x00) | tot_n=3059 tot_to=0 maxever=26915 >2ms=3059 >5ms=3059 >15ms=66 >20ms=1 >30ms=0 | probes=3060 wrfail=0 down=4s maxout=4s
  53.953  t=52s RTT mean=12027 min=11912 max=19414 n=67 to=0 | cancels=0(+0/s) seqbad=0 len_bad=0 disc=0(0x00) | tot_n=3126 tot_to=0 maxever=26915 >2ms=3126 >5ms=3126 >15ms=67 >20ms=1 >30ms=0 | probes=3126 wrfail=0 down=4s maxout=4s
  55.932  t=53s RTT mean=12262 min=11912 max=19420 n=65 to=0 | cancels=0(+0/s) seqbad=0 len_bad=0 disc=0(0x00) | tot_n=3191 tot_to=0 maxever=26915 >2ms=3191 >5ms=3191 >15ms=70 >20ms=1 >30ms=0 | probes=3191 wrfail=0 down=4s maxout=4s
  55.992  t=54s RTT mean=12145 min=11911 max=19415 n=65 to=0 | cancels=0(+0/s) seqbad=0 len_bad=0 disc=0(0x00) | tot_n=3256 tot_to=0 maxever=26915 >2ms=3256 >5ms=3256 >15ms=72 >20ms=1 >30ms=0 | probes=3257 wrfail=0 down=4s maxout=4s
  57.975  t=55s RTT mean=12256 min=11912 max=19424 n=66 to=0 | cancels=0(+0/s) seqbad=0 len_bad=0 disc=0(0x00) | tot_n=3322 tot_to=0 maxever=26915 >2ms=3322 >5ms=3322 >15ms=75 >20ms=1 >30ms=0 | probes=3322 wrfail=0 down=4s maxout=4s
  57.975  t=56s RTT mean=12261 min=11912 max=19422 n=65 to=0 | cancels=0(+0/s) seqbad=0 len_bad=0 disc=0(0x00) | tot_n=3387 tot_to=0 maxever=26915 >2ms=3387 >5ms=3387 >15ms=78 >20ms=1 >30ms=0 | probes=3388 wrfail=0 down=4s maxout=4s
  59.944  t=57s RTT mean=12146 min=11911 max=19415 n=65 to=0 | cancels=0(+0/s) seqbad=0 len_bad=0 disc=0(0x00) | tot_n=3452 tot_to=0 maxever=26915 >2ms=3452 >5ms=3452 >15ms=80 >20ms=1 >30ms=0 | probes=3453 wrfail=0 down=4s maxout=4s
  60.004  t=58s RTT mean=12255 min=11912 max=19415 n=66 to=0 | cancels=0(+0/s) seqbad=0 len_bad=0 disc=0(0x00) | tot_n=3518 tot_to=0 maxever=26915 >2ms=3518 >5ms=3518 >15ms=83 >20ms=1 >30ms=0 | probes=3518 wrfail=0 down=4s maxout=4s
  61.972  t=59s RTT mean=12262 min=11912 max=19416 n=65 to=0 | cancels=0(+0/s) seqbad=0 len_bad=0 disc=0(0x00) | tot_n=3583 tot_to=0 maxever=26915 >2ms=3583 >5ms=3583 >15ms=86 >20ms=1 >30ms=0 | probes=3584 wrfail=0 down=4s maxout=4s
  61.972  t=60s RTT mean=12028 min=11465 max=19414 n=66 to=0 | cancels=0(+0/s) seqbad=0 len_bad=0 disc=0(0x00) | tot_n=3649 tot_to=0 maxever=26915 >2ms=3649 >5ms=3649 >15ms=87 >20ms=1 >30ms=0 | probes=3650 wrfail=0 down=4s maxout=4s
  63.974  t=61s RTT mean=11915 min=11911 max=11925 n=67 to=0 | cancels=0(+0/s) seqbad=0 len_bad=0 disc=0(0x00) | tot_n=3716 tot_to=0 maxever=26915 >2ms=3716 >5ms=3716 >15ms=87 >20ms=1 >30ms=0 | probes=3716 wrfail=0 down=4s maxout=4s
  63.974  t=62s RTT mean=11915 min=11912 max=11945 n=66 to=0 | cancels=0(+0/s) seqbad=0 len_bad=0 disc=0(0x00) | tot_n=3782 tot_to=0 maxever=26915 >2ms=3782 >5ms=3782 >15ms=87 >20ms=1 >30ms=0 | probes=3783 wrfail=0 down=4s maxout=4s
  65.952  t=63s RTT mean=12142 min=11467 max=19414 n=66 to=0 | cancels=0(+0/s) seqbad=0 len_bad=0 disc=0(0x00) | tot_n=3848 tot_to=0 maxever=26915 >2ms=3848 >5ms=3848 >15ms=89 >20ms=1 >30ms=0 | probes=3849 wrfail=0 down=4s maxout=4s
  65.952  t=64s RTT mean=12261 min=11906 max=19417 n=65 to=0 | cancels=0(+0/s) seqbad=0 len_bad=0 disc=0(0x00) | tot_n=3913 tot_to=0 maxever=26915 >2ms=3913 >5ms=3913 >15ms=92 >20ms=1 >30ms=0 | probes=3914 wrfail=0 down=4s maxout=4s
  67.682  PCTL target=0 tot=3954 to=0 p50=11 p90=11 p99=19 p99.9=19 max=26 g30=0 g100=0 (ms/counts)
  67.682  LOADRAMP: target=25 KBps for 60s
  67.682  t=65s RTT mean=13125 min=5974 max=25440 n=62 to=0 | cancels=0(+0/s) seqbad=0 len_bad=0 disc=0(0x00) | tot_n=3975 tot_to=0 maxever=26915 >2ms=3975 >5ms=3975 >15ms=102 >20ms=3 >30ms=0 | probes=3976 wrfail=0 down=4s maxout=4s
  68.979  t=66s RTT mean=13003 min=11912 max=23787 n=62 to=0 | cancels=0(+0/s) seqbad=0 len_bad=0 disc=0(0x00) | tot_n=4037 tot_to=0 maxever=26915 >2ms=4037 >5ms=4037 >15ms=110 >20ms=6 >30ms=0 | probes=4038 wrfail=0 down=4s maxout=4s
  68.979  t=67s RTT mean=12882 min=8094 max=22193 n=62 to=0 | cancels=0(+0/s) seqbad=0 len_bad=0 disc=0(0x00) | tot_n=4099 tot_to=0 maxever=26915 >2ms=4099 >5ms=4099 >15ms=118 >20ms=8 >30ms=0 | probes=4100 wrfail=0 down=4s maxout=4s
  70.981  t=68s RTT mean=12867 min=5974 max=19414 n=63 to=0 | cancels=0(+0/s) seqbad=0 len_bad=0 disc=0(0x00) | tot_n=4162 tot_to=0 maxever=26915 >2ms=4162 >5ms=4162 >15ms=127 >20ms=8 >30ms=0 | probes=4163 wrfail=0 down=4s maxout=4s
  70.981  t=69s RTT mean=12986 min=11468 max=22392 n=63 to=0 | cancels=0(+0/s) seqbad=0 len_bad=0 disc=0(0x00) | tot_n=4225 tot_to=0 maxever=26915 >2ms=4225 >5ms=4225 >15ms=136 >20ms=10 >30ms=0 | probes=4225 wrfail=0 down=4s maxout=4s
  72.943  t=70s RTT mean=13003 min=5974 max=19433 n=62 to=0 | cancels=0(+0/s) seqbad=0 len_bad=0 disc=0(0x00) | tot_n=4287 tot_to=0 maxever=26915 >2ms=4287 >5ms=4287 >15ms=146 >20ms=10 >30ms=0 | probes=4287 wrfail=0 down=4s maxout=4s
  72.999  t=71s RTT mean=12882 min=5975 max=20803 n=62 to=0 | cancels=0(+0/s) seqbad=0 len_bad=0 disc=0(0x00) | tot_n=4349 tot_to=0 maxever=26915 >2ms=4349 >5ms=4349 >15ms=155 >20ms=12 >30ms=0 | probes=4350 wrfail=0 down=4s maxout=4s
  74.956  t=72s RTT mean=12867 min=10438 max=26911 n=63 to=0 | cancels=0(+0/s) seqbad=0 len_bad=0 disc=0(0x00) | tot_n=4412 tot_to=0 maxever=26915 >2ms=4412 >5ms=4412 >15ms=162 >20ms=13 >30ms=0 | probes=4413 wrfail=0 down=4s maxout=4s
  74.956  t=73s RTT mean=13266 min=10885 max=26911 n=61 to=0 | cancels=0(+0/s) seqbad=0 len_bad=0 disc=0(0x00) | tot_n=4473 tot_to=0 maxever=26915 >2ms=4473 >5ms=4473 >15ms=172 >20ms=14 >30ms=0 | probes=4474 wrfail=0 down=4s maxout=4s
  76.935  t=74s RTT mean=13003 min=11468 max=24120 n=62 to=0 | cancels=0(+0/s) seqbad=0 len_bad=0 disc=0(0x00) | tot_n=4535 tot_to=0 maxever=26915 >2ms=4535 >5ms=4535 >15ms=180 >20ms=17 >30ms=0 | probes=4536 wrfail=0 down=4s maxout=4s
  76.993  t=75s RTT mean=13124 min=10885 max=26460 n=62 to=0 | cancels=0(+0/s) seqbad=0 len_bad=0 disc=0(0x00) | tot_n=4597 tot_to=0 maxever=26915 >2ms=4597 >5ms=4597 >15ms=189 >20ms=18 >30ms=0 | probes=4598 wrfail=0 down=4s maxout=4s
  78.972  t=76s RTT mean=13124 min=5974 max=23965 n=62 to=0 | cancels=0(+0/s) seqbad=0 len_bad=0 disc=0(0x00) | tot_n=4659 tot_to=0 maxever=26915 >2ms=4659 >5ms=4659 >15ms=199 >20ms=21 >30ms=0 | probes=4660 wrfail=0 down=4s maxout=4s
  78.972  t=77s RTT mean=12882 min=11912 max=22358 n=62 to=0 | cancels=0(+0/s) seqbad=0 len_bad=0 disc=0(0x00) | tot_n=4721 tot_to=0 maxever=26915 >2ms=4721 >5ms=4721 >15ms=207 >20ms=23 >30ms=0 | probes=4722 wrfail=0 down=4s maxout=4s
  80.952  t=78s RTT mean=13389 min=10875 max=23591 n=61 to=0 | cancels=0(+0/s) seqbad=0 len_bad=0 disc=0(0x00) | tot_n=4782 tot_to=0 maxever=26915 >2ms=4782 >5ms=4782 >15ms=218 >20ms=26 >30ms=0 | probes=4783 wrfail=0 down=4s maxout=4s
  80.952  t=79s RTT mean=12867 min=5975 max=26911 n=63 to=0 | cancels=0(+0/s) seqbad=0 len_bad=0 disc=0(0x00) | tot_n=4845 tot_to=0 maxever=26915 >2ms=4845 >5ms=4845 >15ms=225 >20ms=29 >30ms=0 | probes=4846 wrfail=0 down=4s maxout=4s
  82.934  t=80s RTT mean=13144 min=8095 max=20804 n=61 to=0 | cancels=0(+0/s) seqbad=0 len_bad=0 disc=0(0x00) | tot_n=4906 tot_to=0 maxever=26915 >2ms=4906 >5ms=4906 >15ms=235 >20ms=32 >30ms=0 | probes=4907 wrfail=0 down=4s maxout=4s
  82.994  t=81s RTT mean=13124 min=11912 max=22281 n=62 to=0 | cancels=0(+0/s) seqbad=0 len_bad=0 disc=0(0x00) | tot_n=4968 tot_to=0 maxever=26915 >2ms=4968 >5ms=4968 >15ms=244 >20ms=36 >30ms=0 | probes=4969 wrfail=0 down=4s maxout=4s
  84.987  t=82s RTT mean=13003 min=5974 max=26831 n=62 to=0 | cancels=0(+0/s) seqbad=0 len_bad=0 disc=0(0x00) | tot_n=5030 tot_to=0 maxever=26915 >2ms=5030 >5ms=5030 >15ms=253 >20ms=38 >30ms=0 | probes=5031 wrfail=0 down=4s maxout=4s
  84.987  t=83s RTT mean=13124 min=10438 max=25517 n=62 to=0 | cancels=0(+0/s) seqbad=0 len_bad=0 disc=0(0x00) | tot_n=5092 tot_to=0 maxever=26915 >2ms=5092 >5ms=5092 >15ms=262 >20ms=40 >30ms=0 | probes=5093 wrfail=0 down=4s maxout=4s
  86.985  t=84s RTT mean=13540 min=11913 max=31464 n=60 to=0 | cancels=0(+0/s) seqbad=0 len_bad=0 disc=0(0x00) | tot_n=5152 tot_to=0 maxever=31464 >2ms=5152 >5ms=5152 >15ms=273 >20ms=44 >30ms=1 | probes=5153 wrfail=0 down=4s maxout=4s
  86.985  t=85s RTT mean=13267 min=5975 max=26911 n=61 to=0 | cancels=0(+0/s) seqbad=0 len_bad=0 disc=0(0x00) | tot_n=5213 tot_to=0 maxever=31464 >2ms=5213 >5ms=5213 >15ms=284 >20ms=45 >30ms=1 | probes=5214 wrfail=0 down=4s maxout=4s
  88.982  t=86s RTT mean=12986 min=9042 max=20724 n=63 to=0 | cancels=0(+0/s) seqbad=0 len_bad=0 disc=0(0x00) | tot_n=5276 tot_to=0 maxever=31464 >2ms=5276 >5ms=5276 >15ms=293 >20ms=46 >30ms=1 | probes=5276 wrfail=0 down=4s maxout=4s
  88.982  t=87s RTT mean=13414 min=10884 max=32568 n=60 to=0 | cancels=0(+0/s) seqbad=0 len_bad=0 disc=0(0x00) | tot_n=5336 tot_to=0 maxever=32568 >2ms=5336 >5ms=5336 >15ms=302 >20ms=49 >30ms=2 | probes=5337 wrfail=0 down=4s maxout=4s
  90.944  t=88s RTT mean=13003 min=5974 max=26911 n=62 to=0 | cancels=0(+0/s) seqbad=0 len_bad=0 disc=0(0x00) | tot_n=5398 tot_to=0 maxever=32568 >2ms=5398 >5ms=5398 >15ms=311 >20ms=50 >30ms=2 | probes=5399 wrfail=0 down=4s maxout=4s
  91.004  t=89s RTT mean=12986 min=11468 max=22390 n=63 to=0 | cancels=0(+0/s) seqbad=0 len_bad=0 disc=0(0x00) | tot_n=5461 tot_to=0 maxever=32568 >2ms=5461 >5ms=5461 >15ms=320 >20ms=53 >30ms=2 | probes=5461 wrfail=0 down=4s maxout=4s
  92.991  t=90s RTT mean=13538 min=9043 max=26911 n=60 to=0 | cancels=0(+0/s) seqbad=0 len_bad=0 disc=0(0x00) | tot_n=5521 tot_to=0 maxever=32568 >2ms=5521 >5ms=5521 >15ms=332 >20ms=54 >30ms=2 | probes=5522 wrfail=0 down=4s maxout=4s
  92.991  t=91s RTT mean=13144 min=10885 max=24038 n=61 to=0 | cancels=0(+0/s) seqbad=0 len_bad=0 disc=0(0x00) | tot_n=5582 tot_to=0 maxever=32568 >2ms=5582 >5ms=5582 >15ms=341 >20ms=56 >30ms=2 | probes=5583 wrfail=0 down=4s maxout=4s
  94.974  t=92s RTT mean=13245 min=11912 max=22647 n=62 to=0 | cancels=0(+0/s) seqbad=0 len_bad=0 disc=0(0x00) | tot_n=5644 tot_to=0 maxever=32568 >2ms=5644 >5ms=5644 >15ms=351 >20ms=60 >30ms=2 | probes=5644 wrfail=0 down=4s maxout=4s
  94.974  t=93s RTT mean=13143 min=9043 max=26911 n=61 to=0 | cancels=0(+0/s) seqbad=0 len_bad=0 disc=0(0x00) | tot_n=5705 tot_to=0 maxever=32568 >2ms=5705 >5ms=5705 >15ms=360 >20ms=64 >30ms=2 | probes=5706 wrfail=0 down=4s maxout=4s
  96.954  t=94s RTT mean=13821 min=5974 max=26462 n=59 to=0 | cancels=0(+0/s) seqbad=0 len_bad=0 disc=0(0x00) | tot_n=5764 tot_to=0 maxever=32568 >2ms=5764 >5ms=5764 >15ms=374 >20ms=66 >30ms=2 | probes=5765 wrfail=0 down=4s maxout=4s
  96.954  t=95s RTT mean=12985 min=11912 max=22331 n=63 to=0 | cancels=0(+0/s) seqbad=0 len_bad=0 disc=0(0x00) | tot_n=5827 tot_to=0 maxever=32568 >2ms=5827 >5ms=5827 >15ms=383 >20ms=68 >30ms=2 | probes=5827 wrfail=0 down=4s maxout=4s
  98.962  t=96s RTT mean=13267 min=9042 max=21254 n=61 to=0 | cancels=0(+0/s) seqbad=0 len_bad=0 disc=0(0x00) | tot_n=5888 tot_to=0 maxever=32568 >2ms=5888 >5ms=5888 >15ms=394 >20ms=69 >30ms=2 | probes=5889 wrfail=0 down=4s maxout=4s
  98.962  t=97s RTT mean=12882 min=9043 max=26462 n=62 to=0 | cancels=0(+0/s) seqbad=0 len_bad=0 disc=0(0x00) | tot_n=5950 tot_to=0 maxever=32568 >2ms=5950 >5ms=5950 >15ms=401 >20ms=71 >30ms=2 | probes=5951 wrfail=0 down=4s maxout=4s
 100.961  t=98s RTT mean=13124 min=10438 max=26911 n=62 to=0 | cancels=0(+0/s) seqbad=0 len_bad=0 disc=0(0x00) | tot_n=6012 tot_to=0 maxever=32568 >2ms=6012 >5ms=6012 >15ms=410 >20ms=72 >30ms=2 | probes=6013 wrfail=0 down=4s maxout=4s
 100.962  t=99s RTT mean=13003 min=10438 max=25438 n=62 to=0 | cancels=0(+0/s) seqbad=0 len_bad=0 disc=0(0x00) | tot_n=6074 tot_to=0 maxever=32568 >2ms=6074 >5ms=6074 >15ms=418 >20ms=75 >30ms=2 | probes=6075 wrfail=0 down=4s maxout=4s
 102.950  t=100s RTT mean=12867 min=5974 max=26911 n=63 to=0 | cancels=0(+0/s) seqbad=0 len_bad=0 disc=0(0x00) | tot_n=6137 tot_to=0 maxever=32568 >2ms=6137 >5ms=6137 >15ms=425 >20ms=78 >30ms=2 | probes=6138 wrfail=0 down=4s maxout=4s
 103.010  t=101s RTT mean=13266 min=11912 max=22365 n=61 to=0 | cancels=0(+0/s) seqbad=0 len_bad=0 disc=0(0x00) | tot_n=6198 tot_to=0 maxever=32568 >2ms=6198 >5ms=6198 >15ms=436 >20ms=80 >30ms=2 | probes=6199 wrfail=0 down=4s maxout=4s
 104.961  t=102s RTT mean=13124 min=11912 max=23591 n=62 to=0 | cancels=0(+0/s) seqbad=0 len_bad=0 disc=0(0x00) | tot_n=6260 tot_to=0 maxever=32568 >2ms=6260 >5ms=6260 >15ms=446 >20ms=82 >30ms=2 | probes=6261 wrfail=0 down=4s maxout=4s
 104.961  t=103s RTT mean=13389 min=11468 max=26826 n=61 to=0 | cancels=0(+0/s) seqbad=0 len_bad=0 disc=0(0x00) | tot_n=6321 tot_to=0 maxever=32568 >2ms=6321 >5ms=6321 >15ms=456 >20ms=85 >30ms=2 | probes=6321 wrfail=0 down=4s maxout=4s
 106.948  t=104s RTT mean=13266 min=11469 max=26911 n=61 to=0 | cancels=0(+0/s) seqbad=0 len_bad=0 disc=0(0x00) | tot_n=6382 tot_to=0 maxever=32568 >2ms=6382 >5ms=6382 >15ms=466 >20ms=89 >30ms=2 | probes=6382 wrfail=0 down=4s maxout=4s
 107.001  t=105s RTT mean=13265 min=7649 max=26911 n=61 to=0 | cancels=0(+0/s) seqbad=0 len_bad=0 disc=0(0x00) | tot_n=6443 tot_to=0 maxever=32568 >2ms=6443 >5ms=6443 >15ms=476 >20ms=93 >30ms=2 | probes=6444 wrfail=0 down=4s maxout=4s
 108.979  t=106s RTT mean=13267 min=9042 max=28304 n=61 to=0 | cancels=0(+0/s) seqbad=0 len_bad=0 disc=0(0x00) | tot_n=6504 tot_to=0 maxever=32568 >2ms=6504 >5ms=6504 >15ms=485 >20ms=95 >30ms=2 | probes=6505 wrfail=0 down=4s maxout=4s
 108.979  t=107s RTT mean=13389 min=9490 max=28753 n=61 to=0 | cancels=0(+0/s) seqbad=0 len_bad=0 disc=0(0x00) | tot_n=6565 tot_to=0 maxever=32568 >2ms=6565 >5ms=6565 >15ms=495 >20ms=98 >30ms=2 | probes=6566 wrfail=0 down=4s maxout=4s
 110.941  t=108s RTT mean=13003 min=11912 max=23962 n=62 to=0 | cancels=0(+0/s) seqbad=0 len_bad=0 disc=0(0x00) | tot_n=6627 tot_to=0 maxever=32568 >2ms=6627 >5ms=6627 >15ms=503 >20ms=99 >30ms=2 | probes=6628 wrfail=0 down=4s maxout=4s
 110.992  t=109s RTT mean=13143 min=11468 max=26901 n=61 to=0 | cancels=0(+0/s) seqbad=0 len_bad=0 disc=0(0x00) | tot_n=6688 tot_to=0 maxever=32568 >2ms=6688 >5ms=6688 >15ms=512 >20ms=102 >30ms=2 | probes=6689 wrfail=0 down=4s maxout=4s
 112.968  t=110s RTT mean=13124 min=10885 max=26912 n=62 to=0 | cancels=0(+0/s) seqbad=0 len_bad=0 disc=0(0x00) | tot_n=6750 tot_to=0 maxever=32568 >2ms=6750 >5ms=6750 >15ms=521 >20ms=103 >30ms=2 | probes=6751 wrfail=0 down=4s maxout=4s
 112.968  t=111s RTT mean=13003 min=11912 max=22114 n=62 to=0 | cancels=0(+0/s) seqbad=0 len_bad=0 disc=0(0x00) | tot_n=6812 tot_to=0 maxever=32568 >2ms=6812 >5ms=6812 >15ms=530 >20ms=104 >30ms=2 | probes=6813 wrfail=0 down=4s maxout=4s
 114.989  t=112s RTT mean=13124 min=5974 max=26834 n=62 to=0 | cancels=0(+0/s) seqbad=0 len_bad=0 disc=0(0x00) | tot_n=6874 tot_to=0 maxever=32568 >2ms=6874 >5ms=6874 >15ms=539 >20ms=107 >30ms=2 | probes=6875 wrfail=0 down=4s maxout=4s
 114.989  t=113s RTT mean=13267 min=11912 max=26911 n=61 to=0 | cancels=0(+0/s) seqbad=0 len_bad=0 disc=0(0x00) | tot_n=6935 tot_to=0 maxever=32568 >2ms=6935 >5ms=6935 >15ms=549 >20ms=111 >30ms=2 | probes=6936 wrfail=0 down=4s maxout=4s
 116.987  t=114s RTT mean=12866 min=9041 max=21253 n=63 to=0 | cancels=0(+0/s) seqbad=0 len_bad=0 disc=0(0x00) | tot_n=6998 tot_to=0 maxever=32568 >2ms=6998 >5ms=6998 >15ms=557 >20ms=112 >30ms=2 | probes=6999 wrfail=0 down=4s maxout=4s
 116.987  t=115s RTT mean=13266 min=10438 max=27361 n=61 to=0 | cancels=0(+0/s) seqbad=0 len_bad=0 disc=0(0x00) | tot_n=7059 tot_to=0 maxever=32568 >2ms=7059 >5ms=7059 >15ms=566 >20ms=114 >30ms=2 | probes=7060 wrfail=0 down=4s maxout=4s
 118.982  t=116s RTT mean=13124 min=10885 max=19415 n=62 to=0 | cancels=0(+0/s) seqbad=0 len_bad=0 disc=0(0x00) | tot_n=7121 tot_to=0 maxever=32568 >2ms=7121 >5ms=7121 >15ms=576 >20ms=114 >30ms=2 | probes=7122 wrfail=0 down=4s maxout=4s
 118.982  t=117s RTT mean=13143 min=5968 max=25518 n=61 to=0 | cancels=0(+0/s) seqbad=0 len_bad=0 disc=0(0x00) | tot_n=7182 tot_to=0 maxever=32568 >2ms=7182 >5ms=7182 >15ms=586 >20ms=118 >30ms=2 | probes=7183 wrfail=0 down=4s maxout=4s
 120.974  t=118s RTT mean=12986 min=11842 max=24041 n=63 to=0 | cancels=0(+0/s) seqbad=0 len_bad=0 disc=0(0x00) | tot_n=7245 tot_to=0 maxever=32568 >2ms=7245 >5ms=7245 >15ms=595 >20ms=119 >30ms=2 | probes=7245 wrfail=0 down=4s maxout=4s
 120.974  t=119s RTT mean=13267 min=11468 max=26911 n=61 to=0 | cancels=0(+0/s) seqbad=0 len_bad=0 disc=0(0x00) | tot_n=7306 tot_to=0 maxever=32568 >2ms=7306 >5ms=7306 >15ms=604 >20ms=123 >30ms=2 | probes=7307 wrfail=0 down=4s maxout=4s
 122.957  t=120s RTT mean=13003 min=5974 max=20804 n=62 to=0 | cancels=0(+0/s) seqbad=0 len_bad=0 disc=0(0x00) | tot_n=7368 tot_to=0 maxever=32568 >2ms=7368 >5ms=7368 >15ms=614 >20ms=124 >30ms=2 | probes=7369 wrfail=0 down=4s maxout=4s
 123.016  t=121s RTT mean=13539 min=11912 max=24120 n=60 to=0 | cancels=0(+0/s) seqbad=0 len_bad=0 disc=0(0x00) | tot_n=7428 tot_to=0 maxever=32568 >2ms=7428 >5ms=7428 >15ms=626 >20ms=127 >30ms=2 | probes=7429 wrfail=0 down=4s maxout=4s
 124.964  t=122s RTT mean=13124 min=11912 max=22392 n=62 to=0 | cancels=0(+0/s) seqbad=0 len_bad=0 disc=0(0x00) | tot_n=7490 tot_to=0 maxever=32568 >2ms=7490 >5ms=7490 >15ms=636 >20ms=128 >30ms=2 | probes=7491 wrfail=0 down=4s maxout=4s
 124.964  t=123s RTT mean=13124 min=5974 max=26911 n=62 to=0 | cancels=0(+0/s) seqbad=0 len_bad=0 disc=0(0x00) | tot_n=7552 tot_to=0 maxever=32568 >2ms=7552 >5ms=7552 >15ms=645 >20ms=130 >30ms=2 | probes=7552 wrfail=0 down=4s maxout=4s
 126.968  t=124s RTT mean=12748 min=9041 max=21254 n=63 to=0 | cancels=0(+0/s) seqbad=0 len_bad=0 disc=0(0x00) | tot_n=7615 tot_to=0 maxever=32568 >2ms=7615 >5ms=7615 >15ms=652 >20ms=132 >30ms=2 | probes=7616 wrfail=0 down=4s maxout=4s
 126.968  PCTL target=25 tot=3702 to=0 p50=11 p90=19 p99=25 p99.9=27 max=32 g30=2 g100=0 (ms/counts)
 126.968  LOADRAMP: target=50 KBps for 60s
 127.028  t=125s RTT mean=13743 min=11912 max=28304 n=59 to=0 | cancels=0(+0/s) seqbad=0 len_bad=0 disc=0(0x00) | tot_n=7674 tot_to=0 maxever=32568 >2ms=7674 >5ms=7674 >15ms=663 >20ms=136 >30ms=2 | probes=7675 wrfail=0 down=4s maxout=4s
 128.951  t=126s RTT mean=14112 min=9043 max=23591 n=58 to=0 | cancels=0(+0/s) seqbad=0 len_bad=0 disc=0(0x00) | tot_n=7732 tot_to=0 maxever=32568 >2ms=7732 >5ms=7732 >15ms=680 >20ms=138 >30ms=2 | probes=7733 wrfail=0 down=4s maxout=4s
 129.011  t=127s RTT mean=14413 min=11912 max=26920 n=57 to=0 | cancels=0(+0/s) seqbad=0 len_bad=0 disc=0(0x00) | tot_n=7789 tot_to=0 maxever=32568 >2ms=7789 >5ms=7789 >15ms=698 >20ms=141 >30ms=2 | probes=7790 wrfail=0 down=4s maxout=4s
 130.987  t=128s RTT mean=13947 min=7648 max=24041 n=59 to=0 | cancels=0(+0/s) seqbad=0 len_bad=0 disc=0(0x00) | tot_n=7848 tot_to=0 maxever=32568 >2ms=7848 >5ms=7848 >15ms=714 >20ms=145 >30ms=2 | probes=7849 wrfail=0 down=4s maxout=4s
 130.988  t=129s RTT mean=14282 min=11912 max=28745 n=57 to=0 | cancels=0(+0/s) seqbad=0 len_bad=0 disc=0(0x00) | tot_n=7905 tot_to=0 maxever=32568 >2ms=7905 >5ms=7905 >15ms=730 >20ms=152 >30ms=2 | probes=7906 wrfail=0 down=4s maxout=4s
 132.960  t=130s RTT mean=14418 min=10438 max=26911 n=58 to=0 | cancels=0(+0/s) seqbad=0 len_bad=0 disc=0(0x00) | tot_n=7963 tot_to=0 maxever=32568 >2ms=7963 >5ms=7963 >15ms=746 >20ms=158 >30ms=2 | probes=7964 wrfail=0 down=4s maxout=4s
 133.020  t=131s RTT mean=14676 min=9042 max=26911 n=56 to=0 | cancels=0(+0/s) seqbad=0 len_bad=0 disc=0(0x00) | tot_n=8019 tot_to=0 maxever=32568 >2ms=8019 >5ms=8019 >15ms=764 >20ms=162 >30ms=2 | probes=8020 wrfail=0 down=4s maxout=4s
 134.996  t=132s RTT mean=14112 min=5975 max=25087 n=58 to=0 | cancels=0(+0/s) seqbad=0 len_bad=0 disc=0(0x00) | tot_n=8077 tot_to=0 maxever=32568 >2ms=8077 >5ms=8077 >15ms=781 >20ms=165 >30ms=2 | probes=8078 wrfail=0 down=4s maxout=4s
 134.997  t=133s RTT mean=14569 min=11912 max=29696 n=57 to=0 | cancels=0(+0/s) seqbad=0 len_bad=0 disc=0(0x00) | tot_n=8134 tot_to=0 maxever=32568 >2ms=8134 >5ms=8134 >15ms=799 >20ms=170 >30ms=2 | probes=8135 wrfail=0 down=4s maxout=4s
 136.989  t=134s RTT mean=14194 min=9042 max=26911 n=58 to=0 | cancels=0(+0/s) seqbad=0 len_bad=0 disc=0(0x00) | tot_n=8192 tot_to=0 maxever=32568 >2ms=8192 >5ms=8192 >15ms=814 >20ms=175 >30ms=2 | probes=8193 wrfail=0 down=4s maxout=4s
 136.989  t=135s RTT mean=13844 min=5974 max=26910 n=59 to=0 | cancels=0(+0/s) seqbad=0 len_bad=0 disc=0(0x00) | tot_n=8251 tot_to=0 maxever=32568 >2ms=8251 >5ms=8251 >15ms=829 >20ms=177 >30ms=2 | probes=8252 wrfail=0 down=4s maxout=4s
 138.977  t=136s RTT mean=13983 min=11468 max=22361 n=58 to=0 | cancels=0(+0/s) seqbad=0 len_bad=0 disc=0(0x00) | tot_n=8309 tot_to=0 maxever=32568 >2ms=8309 >5ms=8309 >15ms=845 >20ms=179 >30ms=2 | probes=8310 wrfail=0 down=4s maxout=4s
 138.977  t=137s RTT mean=14088 min=10438 max=26911 n=58 to=0 | cancels=0(+0/s) seqbad=0 len_bad=0 disc=0(0x00) | tot_n=8367 tot_to=0 maxever=32568 >2ms=8367 >5ms=8367 >15ms=859 >20ms=184 >30ms=2 | probes=8368 wrfail=0 down=4s maxout=4s
 140.977  t=138s RTT mean=15212 min=5975 max=28299 n=55 to=0 | cancels=0(+0/s) seqbad=0 len_bad=0 disc=0(0x00) | tot_n=8422 tot_to=0 maxever=32568 >2ms=8422 >5ms=8422 >15ms=879 >20ms=191 >30ms=2 | probes=8423 wrfail=0 down=4s maxout=4s
 140.977  t=139s RTT mean=15385 min=7647 max=29698 n=54 to=0 | cancels=0(+0/s) seqbad=0 len_bad=0 disc=0(0x00) | tot_n=8476 tot_to=0 maxever=32568 >2ms=8476 >5ms=8476 >15ms=900 >20ms=199 >30ms=2 | probes=8477 wrfail=0 down=4s maxout=4s
 142.960  t=140s RTT mean=14593 min=11912 max=29901 n=56 to=0 | cancels=0(+0/s) seqbad=0 len_bad=0 disc=0(0x00) | tot_n=8532 tot_to=0 maxever=32568 >2ms=8532 >5ms=8532 >15ms=916 >20ms=205 >30ms=2 | probes=8533 wrfail=0 down=4s maxout=4s
 143.021  t=141s RTT mean=14468 min=5974 max=28304 n=58 to=0 | cancels=0(+0/s) seqbad=0 len_bad=0 disc=0(0x00) | tot_n=8590 tot_to=0 maxever=32568 >2ms=8590 >5ms=8590 >15ms=931 >20ms=212 >30ms=2 | probes=8591 wrfail=0 down=4s maxout=4s
 144.950  t=142s RTT mean=14577 min=11912 max=28297 n=57 to=0 | cancels=0(+0/s) seqbad=0 len_bad=0 disc=0(0x00) | tot_n=8647 tot_to=0 maxever=32568 >2ms=8647 >5ms=8647 >15ms=949 >20ms=217 >30ms=2 | probes=8648 wrfail=0 down=4s maxout=4s
 145.010  t=143s RTT mean=14112 min=11912 max=27361 n=58 to=0 | cancels=0(+0/s) seqbad=0 len_bad=0 disc=0(0x00) | tot_n=8705 tot_to=0 maxever=32568 >2ms=8705 >5ms=8705 >15ms=965 >20ms=220 >30ms=2 | probes=8706 wrfail=0 down=4s maxout=4s
 146.958  t=144s RTT mean=14199 min=11467 max=29697 n=57 to=0 | cancels=0(+0/s) seqbad=0 len_bad=0 disc=0(0x00) | tot_n=8762 tot_to=0 maxever=32568 >2ms=8762 >5ms=8762 >15ms=980 >20ms=224 >30ms=2 | probes=8763 wrfail=0 down=4s maxout=4s
 147.018  t=145s RTT mean=14192 min=9042 max=22362 n=58 to=0 | cancels=0(+0/s) seqbad=0 len_bad=0 disc=0(0x00) | tot_n=8820 tot_to=0 maxever=32568 >2ms=8820 >5ms=8820 >15ms=998 >20ms=227 >30ms=2 | probes=8821 wrfail=0 down=4s maxout=4s
 148.993  t=146s RTT mean=14112 min=9042 max=26911 n=58 to=0 | cancels=0(+0/s) seqbad=0 len_bad=0 disc=0(0x00) | tot_n=8878 tot_to=0 maxever=32568 >2ms=8878 >5ms=8878 >15ms=1014 >20ms=231 >30ms=2 | probes=8879 wrfail=0 down=4s maxout=4s
 148.993  t=147s RTT mean=14241 min=9490 max=20804 n=58 to=0 | cancels=0(+0/s) seqbad=0 len_bad=0 disc=0(0x00) | tot_n=8936 tot_to=0 maxever=32568 >2ms=8936 >5ms=8936 >15ms=1032 >20ms=232 >30ms=2 | probes=8937 wrfail=0 down=4s maxout=4s
 150.976  t=148s RTT mean=14371 min=11913 max=31484 n=58 to=0 | cancels=0(+0/s) seqbad=0 len_bad=0 disc=0(0x00) | tot_n=8994 tot_to=0 maxever=32568 >2ms=8994 >5ms=8994 >15ms=1048 >20ms=236 >30ms=3 | probes=8995 wrfail=0 down=4s maxout=4s
 150.976  t=149s RTT mean=13820 min=9046 max=29698 n=59 to=0 | cancels=0(+0/s) seqbad=0 len_bad=0 disc=0(0x00) | tot_n=9053 tot_to=0 maxever=32568 >2ms=9053 >5ms=9053 >15ms=1063 >20ms=239 >30ms=3 | probes=9054 wrfail=0 down=4s maxout=4s
 152.971  t=150s RTT mean=13983 min=9042 max=20804 n=58 to=0 | cancels=0(+0/s) seqbad=0 len_bad=0 disc=0(0x00) | tot_n=9111 tot_to=0 maxever=32568 >2ms=9111 >5ms=9111 >15ms=1079 >20ms=241 >30ms=3 | probes=9112 wrfail=0 down=4s maxout=4s
 152.971  t=151s RTT mean=14381 min=11912 max=28755 n=57 to=0 | cancels=0(+0/s) seqbad=0 len_bad=0 disc=0(0x00) | tot_n=9168 tot_to=0 maxever=32568 >2ms=9168 >5ms=9168 >15ms=1094 >20ms=247 >30ms=3 | probes=9169 wrfail=0 down=4s maxout=4s
 155.003  t=152s RTT mean=14273 min=10437 max=22197 n=58 to=0 | cancels=0(+0/s) seqbad=0 len_bad=0 disc=0(0x00) | tot_n=9226 tot_to=0 maxever=32568 >2ms=9226 >5ms=9226 >15ms=1112 >20ms=248 >30ms=3 | probes=9227 wrfail=0 down=4s maxout=4s
 155.003  t=153s RTT mean=14241 min=11912 max=26918 n=58 to=0 | cancels=0(+0/s) seqbad=0 len_bad=0 disc=0(0x00) | tot_n=9284 tot_to=0 maxever=32568 >2ms=9284 >5ms=9284 >15ms=1127 >20ms=252 >30ms=3 | probes=9285 wrfail=0 down=4s maxout=4s
 156.978  t=154s RTT mean=13948 min=9028 max=26911 n=59 to=0 | cancels=0(+0/s) seqbad=0 len_bad=0 disc=0(0x00) | tot_n=9343 tot_to=0 maxever=32568 >2ms=9343 >5ms=9343 >15ms=1142 >20ms=255 >30ms=3 | probes=9344 wrfail=0 down=4s maxout=4s
 156.978  t=155s RTT mean=14136 min=5974 max=25067 n=58 to=0 | cancels=0(+0/s) seqbad=0 len_bad=0 disc=0(0x00) | tot_n=9401 tot_to=0 maxever=32568 >2ms=9401 >5ms=9401 >15ms=1158 >20ms=260 >30ms=3 | probes=9402 wrfail=0 down=4s maxout=4s
 158.975  t=156s RTT mean=13959 min=11913 max=22647 n=58 to=0 | cancels=0(+0/s) seqbad=0 len_bad=0 disc=0(0x00) | tot_n=9459 tot_to=0 maxever=32568 >2ms=9459 >5ms=9459 >15ms=1174 >20ms=261 >30ms=3 | probes=9460 wrfail=0 down=4s maxout=4s
 158.975  t=157s RTT mean=14381 min=11467 max=26911 n=57 to=0 | cancels=0(+0/s) seqbad=0 len_bad=0 disc=0(0x00) | tot_n=9516 tot_to=0 maxever=32568 >2ms=9516 >5ms=9516 >15ms=1189 >20ms=267 >30ms=3 | probes=9517 wrfail=0 down=4s maxout=4s
 160.952  t=158s RTT mean=14734 min=10884 max=31560 n=57 to=0 | cancels=0(+0/s) seqbad=0 len_bad=0 disc=0(0x00) | tot_n=9573 tot_to=0 maxever=32568 >2ms=9573 >5ms=9573 >15ms=1205 >20ms=273 >30ms=4 | probes=9574 wrfail=0 down=4s maxout=4s
 161.005  t=159s RTT mean=14888 min=9043 max=28753 n=55 to=0 | cancels=0(+0/s) seqbad=0 len_bad=0 disc=0(0x00) | tot_n=9628 tot_to=0 maxever=32568 >2ms=9628 >5ms=9628 >15ms=1223 >20ms=280 >30ms=4 | probes=9629 wrfail=0 down=4s maxout=4s
 162.961  t=160s RTT mean=14545 min=9043 max=25517 n=57 to=0 | cancels=0(+0/s) seqbad=0 len_bad=0 disc=0(0x00) | tot_n=9685 tot_to=0 maxever=32568 >2ms=9685 >5ms=9685 >15ms=1242 >20ms=285 >30ms=4 | probes=9686 wrfail=0 down=4s maxout=4s
 163.013  t=161s RTT mean=14241 min=7647 max=25510 n=58 to=0 | cancels=0(+0/s) seqbad=0 len_bad=0 disc=0(0x00) | tot_n=9743 tot_to=0 maxever=32568 >2ms=9743 >5ms=9743 >15ms=1259 >20ms=289 >30ms=4 | probes=9744 wrfail=0 down=4s maxout=4s
 164.972  t=162s RTT mean=14513 min=9028 max=33015 n=57 to=0 | cancels=0(+0/s) seqbad=0 len_bad=0 disc=0(0x00) | tot_n=9800 tot_to=0 maxever=33015 >2ms=9800 >5ms=9800 >15ms=1275 >20ms=296 >30ms=5 | probes=9801 wrfail=0 down=4s maxout=4s
 164.972  t=163s RTT mean=14892 min=9046 max=28304 n=56 to=0 | cancels=0(+0/s) seqbad=0 len_bad=0 disc=0(0x00) | tot_n=9856 tot_to=0 maxever=33015 >2ms=9856 >5ms=9856 >15ms=1294 >20ms=304 >30ms=5 | probes=9856 wrfail=0 down=4s maxout=4s
 166.950  t=164s RTT mean=14701 min=9042 max=26920 n=56 to=0 | cancels=0(+0/s) seqbad=0 len_bad=0 disc=0(0x00) | tot_n=9912 tot_to=0 maxever=33015 >2ms=9912 >5ms=9912 >15ms=1312 >20ms=309 >30ms=5 | probes=9913 wrfail=0 down=4s maxout=4s
 167.011  t=165s RTT mean=14487 min=5974 max=26911 n=57 to=0 | cancels=0(+0/s) seqbad=0 len_bad=0 disc=0(0x00) | tot_n=9969 tot_to=0 maxever=33015 >2ms=9969 >5ms=9969 >15ms=1329 >20ms=314 >30ms=5 | probes=9969 wrfail=0 down=4s maxout=4s
 168.986  t=166s RTT mean=14365 min=9028 max=29861 n=57 to=0 | cancels=0(+0/s) seqbad=0 len_bad=0 disc=0(0x00) | tot_n=10026 tot_to=0 maxever=33015 >2ms=10026 >5ms=10026 >15ms=1346 >20ms=318 >30ms=5 | probes=10027 wrfail=0 down=4s maxout=4s
 168.986  t=167s RTT mean=14088 min=9044 max=25516 n=58 to=0 | cancels=0(+0/s) seqbad=0 len_bad=0 disc=0(0x00) | tot_n=10084 tot_to=0 maxever=33015 >2ms=10084 >5ms=10084 >15ms=1362 >20ms=322 >30ms=5 | probes=10085 wrfail=0 down=4s maxout=4s
 170.982  t=168s RTT mean=14265 min=5975 max=26911 n=58 to=0 | cancels=0(+0/s) seqbad=0 len_bad=0 disc=0(0x00) | tot_n=10142 tot_to=0 maxever=33015 >2ms=10142 >5ms=10142 >15ms=1379 >20ms=327 >30ms=5 | probes=10143 wrfail=0 down=4s maxout=4s
 170.982  t=169s RTT mean=14567 min=11912 max=32569 n=56 to=0 | cancels=0(+0/s) seqbad=0 len_bad=0 disc=0(0x00) | tot_n=10198 tot_to=0 maxever=33015 >2ms=10198 >5ms=10198 >15ms=1394 >20ms=332 >30ms=6 | probes=10199 wrfail=0 down=4s maxout=4s
 172.987  t=170s RTT mean=14395 min=5974 max=26911 n=58 to=0 | cancels=0(+0/s) seqbad=0 len_bad=0 disc=0(0x00) | tot_n=10256 tot_to=0 maxever=33015 >2ms=10256 >5ms=10256 >15ms=1412 >20ms=336 >30ms=6 | probes=10257 wrfail=0 down=4s maxout=4s
 172.987  t=171s RTT mean=14726 min=5974 max=26920 n=56 to=0 | cancels=0(+0/s) seqbad=0 len_bad=0 disc=0(0x00) | tot_n=10312 tot_to=0 maxever=33015 >2ms=10312 >5ms=10312 >15ms=1431 >20ms=340 >30ms=6 | probes=10313 wrfail=0 down=4s maxout=4s
 174.979  t=172s RTT mean=14381 min=11912 max=25518 n=57 to=0 | cancels=0(+0/s) seqbad=0 len_bad=0 disc=0(0x00) | tot_n=10369 tot_to=0 maxever=33015 >2ms=10369 >5ms=10369 >15ms=1448 >20ms=343 >30ms=6 | probes=10370 wrfail=0 down=4s maxout=4s
 174.979  t=173s RTT mean=14144 min=5974 max=26911 n=58 to=0 | cancels=0(+0/s) seqbad=0 len_bad=0 disc=0(0x00) | tot_n=10427 tot_to=0 maxever=33015 >2ms=10427 >5ms=10427 >15ms=1464 >20ms=348 >30ms=6 | probes=10428 wrfail=0 down=4s maxout=4s
 176.969  t=174s RTT mean=15850 min=11912 max=34414 n=53 to=0 | cancels=0(+0/s) seqbad=0 len_bad=0 disc=0(0x00) | tot_n=10480 tot_to=0 maxever=34414 >2ms=10480 >5ms=10480 >15ms=1486 >20ms=353 >30ms=7 | probes=10481 wrfail=0 down=4s maxout=4s
 177.029  t=175s RTT mean=14914 min=11527 max=33962 n=55 to=0 | cancels=0(+0/s) seqbad=0 len_bad=0 disc=0(0x00) | tot_n=10535 tot_to=0 maxever=34414 >2ms=10535 >5ms=10535 >15ms=1502 >20ms=357 >30ms=9 | probes=10536 wrfail=0 down=4s maxout=4s
 178.966  t=176s RTT mean=17155 min=11912 max=34411 n=50 to=0 | cancels=0(+0/s) seqbad=0 len_bad=0 disc=0(0x00) | tot_n=10585 tot_to=0 maxever=34414 >2ms=10585 >5ms=10585 >15ms=1527 >20ms=368 >30ms=11 | probes=10586 wrfail=0 down=4s maxout=4s
 179.023  t=177s RTT mean=14150 min=5974 max=26913 n=57 to=0 | cancels=0(+0/s) seqbad=0 len_bad=0 disc=0(0x00) | tot_n=10642 tot_to=0 maxever=34414 >2ms=10642 >5ms=10642 >15ms=1542 >20ms=372 >30ms=11 | probes=10643 wrfail=0 down=4s maxout=4s
 180.998  t=178s RTT mean=14446 min=11467 max=27352 n=57 to=0 | cancels=0(+0/s) seqbad=0 len_bad=0 disc=0(0x00) | tot_n=10699 tot_to=0 maxever=34414 >2ms=10699 >5ms=10699 >15ms=1558 >20ms=376 >30ms=11 | probes=10700 wrfail=0 down=4s maxout=4s
 180.999  t=179s RTT mean=14569 min=5974 max=31169 n=57 to=0 | cancels=0(+0/s) seqbad=0 len_bad=0 disc=0(0x00) | tot_n=10756 tot_to=0 maxever=34414 >2ms=10756 >5ms=10756 >15ms=1574 >20ms=384 >30ms=12 | probes=10757 wrfail=0 down=4s maxout=4s
 182.986  t=180s RTT mean=15186 min=9042 max=27359 n=55 to=0 | cancels=0(+0/s) seqbad=0 len_bad=0 disc=0(0x00) | tot_n=10811 tot_to=0 maxever=34414 >2ms=10811 >5ms=10811 >15ms=1592 >20ms=391 >30ms=12 | probes=10812 wrfail=0 down=4s maxout=4s
 182.986  t=181s RTT mean=14936 min=11467 max=25517 n=56 to=0 | cancels=0(+0/s) seqbad=0 len_bad=0 disc=0(0x00) | tot_n=10867 tot_to=0 maxever=34414 >2ms=10867 >5ms=10867 >15ms=1612 >20ms=396 >30ms=12 | probes=10868 wrfail=0 down=4s maxout=4s
 184.962  t=182s RTT mean=14183 min=11467 max=26466 n=57 to=0 | cancels=0(+0/s) seqbad=0 len_bad=0 disc=0(0x00) | tot_n=10924 tot_to=0 maxever=34414 >2ms=10924 >5ms=10924 >15ms=1628 >20ms=399 >30ms=12 | probes=10925 wrfail=0 down=4s maxout=4s
 185.022  t=183s RTT mean=14523 min=11468 max=34405 n=58 to=0 | cancels=0(+0/s) seqbad=0 len_bad=0 disc=0(0x00) | tot_n=10982 tot_to=0 maxever=34414 >2ms=10982 >5ms=10982 >15ms=1644 >20ms=404 >30ms=13 | probes=10982 wrfail=0 down=4s maxout=4s
 186.986  t=184s RTT mean=14257 min=10885 max=28304 n=57 to=0 | cancels=0(+0/s) seqbad=0 len_bad=0 disc=0(0x00) | tot_n=11039 tot_to=0 maxever=34414 >2ms=11039 >5ms=11039 >15ms=1659 >20ms=410 >30ms=13 | probes=11040 wrfail=0 down=4s maxout=4s
 186.987  PCTL target=50 tot=3422 to=0 p50=11 p90=19 p99=26 p99.9=33 max=34 g30=11 g100=0 (ms/counts)
 186.987  LOADRAMP: target=75 KBps for 60s
 187.041  t=185s RTT mean=14080 min=5975 max=25065 n=58 to=0 | cancels=0(+0/s) seqbad=0 len_bad=0 disc=0(0x00) | tot_n=11097 tot_to=0 maxever=34414 >2ms=11097 >5ms=11097 >15ms=1676 >20ms=414 >30ms=13 | probes=11098 wrfail=0 down=4s maxout=4s
 188.971  t=186s RTT mean=15445 min=11912 max=27956 n=54 to=0 | cancels=0(+0/s) seqbad=0 len_bad=0 disc=0(0x00) | tot_n=11151 tot_to=0 maxever=34414 >2ms=11151 >5ms=11151 >15ms=1699 >20ms=418 >30ms=13 | probes=11152 wrfail=0 down=4s maxout=4s
 189.031  t=187s RTT mean=15636 min=11467 max=26911 n=54 to=0 | cancels=0(+0/s) seqbad=0 len_bad=0 disc=0(0x00) | tot_n=11205 tot_to=0 maxever=34414 >2ms=11205 >5ms=11205 >15ms=1723 >20ms=423 >30ms=13 | probes=11206 wrfail=0 down=4s maxout=4s
 190.969  t=188s RTT mean=15733 min=9028 max=26912 n=53 to=0 | cancels=0(+0/s) seqbad=0 len_bad=0 disc=0(0x00) | tot_n=11258 tot_to=0 maxever=34414 >2ms=11258 >5ms=11258 >15ms=1747 >20ms=429 >30ms=13 | probes=11259 wrfail=0 down=4s maxout=4s
 191.029  t=189s RTT mean=15840 min=11912 max=31249 n=53 to=0 | cancels=0(+0/s) seqbad=0 len_bad=0 disc=0(0x00) | tot_n=11311 tot_to=0 maxever=34414 >2ms=11311 >5ms=11311 >15ms=1770 >20ms=439 >30ms=14 | probes=11312 wrfail=0 down=4s maxout=4s
 192.962  t=190s RTT mean=16184 min=10875 max=33980 n=52 to=0 | cancels=0(+0/s) seqbad=0 len_bad=0 disc=0(0x00) | tot_n=11363 tot_to=0 maxever=34414 >2ms=11363 >5ms=11363 >15ms=1793 >20ms=448 >30ms=15 | probes=11363 wrfail=0 down=4s maxout=4s
 193.022  t=191s RTT mean=15733 min=11912 max=26911 n=53 to=0 | cancels=0(+0/s) seqbad=0 len_bad=0 disc=0(0x00) | tot_n=11416 tot_to=0 maxever=34414 >2ms=11416 >5ms=11416 >15ms=1816 >20ms=457 >30ms=15 | probes=11417 wrfail=0 down=4s maxout=4s
 195.001  t=192s RTT mean=15823 min=11912 max=28752 n=53 to=0 | cancels=0(+0/s) seqbad=0 len_bad=0 disc=0(0x00) | tot_n=11469 tot_to=0 maxever=34414 >2ms=11469 >5ms=11469 >15ms=1839 >20ms=464 >30ms=15 | probes=11470 wrfail=0 down=4s maxout=4s
 195.001  t=193s RTT mean=16149 min=8753 max=34861 n=52 to=0 | cancels=0(+0/s) seqbad=0 len_bad=0 disc=0(0x00) | tot_n=11521 tot_to=0 maxever=34861 >2ms=11521 >5ms=11521 >15ms=1863 >20ms=472 >30ms=16 | probes=11522 wrfail=0 down=4s maxout=4s
 196.977  t=194s RTT mean=15707 min=11912 max=29694 n=53 to=0 | cancels=0(+0/s) seqbad=0 len_bad=0 disc=0(0x00) | tot_n=11574 tot_to=0 maxever=34861 >2ms=11574 >5ms=11574 >15ms=1887 >20ms=480 >30ms=16 | probes=11575 wrfail=0 down=4s maxout=4s
 197.037  t=195s RTT mean=15707 min=11321 max=25521 n=53 to=0 | cancels=0(+0/s) seqbad=0 len_bad=0 disc=0(0x00) | tot_n=11627 tot_to=0 maxever=34861 >2ms=11627 >5ms=11627 >15ms=1911 >20ms=488 >30ms=16 | probes=11628 wrfail=0 down=4s maxout=4s
 198.958  t=196s RTT mean=15901 min=5974 max=34411 n=53 to=0 | cancels=0(+0/s) seqbad=0 len_bad=0 disc=0(0x00) | tot_n=11680 tot_to=0 maxever=34861 >2ms=11680 >5ms=11680 >15ms=1934 >20ms=496 >30ms=17 | probes=11681 wrfail=0 down=4s maxout=4s
 199.019  t=197s RTT mean=15848 min=11912 max=34406 n=53 to=0 | cancels=0(+0/s) seqbad=0 len_bad=0 disc=0(0x00) | tot_n=11733 tot_to=0 maxever=34861 >2ms=11733 >5ms=11733 >15ms=1958 >20ms=502 >30ms=19 | probes=11733 wrfail=0 down=4s maxout=4s
 200.962  t=198s RTT mean=15808 min=11913 max=26904 n=52 to=0 | cancels=0(+0/s) seqbad=0 len_bad=0 disc=0(0x00) | tot_n=11785 tot_to=0 maxever=34861 >2ms=11785 >5ms=11785 >15ms=1980 >20ms=513 >30ms=19 | probes=11786 wrfail=0 down=4s maxout=4s
 201.022  t=199s RTT mean=16042 min=8749 max=25518 n=53 to=0 | cancels=0(+0/s) seqbad=0 len_bad=0 disc=0(0x00) | tot_n=11838 tot_to=0 maxever=34861 >2ms=11838 >5ms=11838 >15ms=2007 >20ms=522 >30ms=19 | probes=11839 wrfail=0 down=4s maxout=4s
 203.005  t=200s RTT mean=15849 min=5974 max=34409 n=53 to=0 | cancels=0(+0/s) seqbad=0 len_bad=0 disc=0(0x00) | tot_n=11891 tot_to=0 maxever=34861 >2ms=11891 >5ms=11891 >15ms=2032 >20ms=527 >30ms=20 | probes=11891 wrfail=0 down=4s maxout=4s
 203.005  t=201s RTT mean=15558 min=11912 max=26911 n=53 to=0 | cancels=0(+0/s) seqbad=0 len_bad=0 disc=0(0x00) | tot_n=11944 tot_to=0 maxever=34861 >2ms=11944 >5ms=11944 >15ms=2055 >20ms=532 >30ms=20 | probes=11945 wrfail=0 down=4s maxout=4s
 204.979  t=202s RTT mean=15385 min=11913 max=26911 n=54 to=0 | cancels=0(+0/s) seqbad=0 len_bad=0 disc=0(0x00) | tot_n=11998 tot_to=0 maxever=34861 >2ms=11998 >5ms=11998 >15ms=2078 >20ms=537 >30ms=20 | probes=11999 wrfail=0 down=4s maxout=4s
 205.031  t=203s RTT mean=15532 min=5974 max=26911 n=54 to=0 | cancels=0(+0/s) seqbad=0 len_bad=0 disc=0(0x00) | tot_n=12052 tot_to=0 maxever=34861 >2ms=12052 >5ms=12052 >15ms=2101 >20ms=544 >30ms=20 | probes=12053 wrfail=0 down=4s maxout=4s
 206.961  t=204s RTT mean=15516 min=9493 max=26911 n=54 to=0 | cancels=0(+0/s) seqbad=0 len_bad=0 disc=0(0x00) | tot_n=12106 tot_to=0 maxever=34861 >2ms=12106 >5ms=12106 >15ms=2124 >20ms=550 >30ms=20 | probes=12107 wrfail=0 down=4s maxout=4s
 207.021  t=205s RTT mean=15768 min=5974 max=26911 n=53 to=0 | cancels=0(+0/s) seqbad=0 len_bad=0 disc=0(0x00) | tot_n=12159 tot_to=0 maxever=34861 >2ms=12159 >5ms=12159 >15ms=2149 >20ms=556 >30ms=20 | probes=12160 wrfail=0 down=4s maxout=4s
 209.000  t=206s RTT mean=15707 min=11468 max=25515 n=53 to=0 | cancels=0(+0/s) seqbad=0 len_bad=0 disc=0(0x00) | tot_n=12212 tot_to=0 maxever=34861 >2ms=12212 >5ms=12212 >15ms=2173 >20ms=563 >30ms=20 | probes=12213 wrfail=0 down=4s maxout=4s
 209.000  t=207s RTT mean=15298 min=11912 max=20804 n=54 to=0 | cancels=0(+0/s) seqbad=0 len_bad=0 disc=0(0x00) | tot_n=12266 tot_to=0 maxever=34861 >2ms=12266 >5ms=12266 >15ms=2197 >20ms=567 >30ms=20 | probes=12267 wrfail=0 down=4s maxout=4s
 210.968  t=208s RTT mean=15360 min=11913 max=22198 n=54 to=0 | cancels=0(+0/s) seqbad=0 len_bad=0 disc=0(0x00) | tot_n=12320 tot_to=0 maxever=34861 >2ms=12320 >5ms=12320 >15ms=2222 >20ms=571 >30ms=20 | probes=12321 wrfail=0 down=4s maxout=4s
 211.029  t=209s RTT mean=16016 min=11912 max=25520 n=53 to=0 | cancels=0(+0/s) seqbad=0 len_bad=0 disc=0(0x00) | tot_n=12373 tot_to=0 maxever=34861 >2ms=12373 >5ms=12373 >15ms=2249 >20ms=579 >30ms=20 | probes=12374 wrfail=0 down=4s maxout=4s
 212.991  t=210s RTT mean=16060 min=11912 max=29778 n=52 to=0 | cancels=0(+0/s) seqbad=0 len_bad=0 disc=0(0x00) | tot_n=12425 tot_to=0 maxever=34861 >2ms=12425 >5ms=12425 >15ms=2273 >20ms=589 >30ms=20 | probes=12426 wrfail=0 down=4s maxout=4s
 212.991  t=211s RTT mean=15697 min=5974 max=26914 n=54 to=0 | cancels=0(+0/s) seqbad=0 len_bad=0 disc=0(0x00) | tot_n=12479 tot_to=0 maxever=34861 >2ms=12479 >5ms=12479 >15ms=2299 >20ms=596 >30ms=20 | probes=12479 wrfail=0 down=4s maxout=4s
 214.966  t=212s RTT mean=15385 min=9490 max=26911 n=54 to=0 | cancels=0(+0/s) seqbad=0 len_bad=0 disc=0(0x00) | tot_n=12533 tot_to=0 maxever=34861 >2ms=12533 >5ms=12533 >15ms=2321 >20ms=602 >30ms=20 | probes=12534 wrfail=0 down=4s maxout=4s
 215.026  t=213s RTT mean=15160 min=9489 max=19861 n=55 to=0 | cancels=0(+0/s) seqbad=0 len_bad=0 disc=0(0x00) | tot_n=12588 tot_to=0 maxever=34861 >2ms=12588 >5ms=12588 >15ms=2345 >20ms=602 >30ms=20 | probes=12588 wrfail=0 down=4s maxout=4s
 217.018  t=214s RTT mean=15075 min=10439 max=21253 n=55 to=0 | cancels=0(+0/s) seqbad=0 len_bad=0 disc=0(0x00) | tot_n=12643 tot_to=0 maxever=34861 >2ms=12643 >5ms=12643 >15ms=2368 >20ms=605 >30ms=20 | probes=12643 wrfail=0 down=4s maxout=4s
 217.018  t=215s RTT mean=15707 min=10884 max=26911 n=53 to=0 | cancels=0(+0/s) seqbad=0 len_bad=0 disc=0(0x00) | tot_n=12696 tot_to=0 maxever=34861 >2ms=12696 >5ms=12696 >15ms=2390 >20ms=613 >30ms=20 | probes=12697 wrfail=0 down=4s maxout=4s
 219.011  t=216s RTT mean=16240 min=10884 max=33960 n=52 to=0 | cancels=0(+0/s) seqbad=0 len_bad=0 disc=0(0x00) | tot_n=12748 tot_to=0 maxever=34861 >2ms=12748 >5ms=12748 >15ms=2411 >20ms=621 >30ms=22 | probes=12748 wrfail=0 down=4s maxout=4s
 219.011  t=217s RTT mean=16205 min=5974 max=32567 n=51 to=0 | cancels=0(+0/s) seqbad=0 len_bad=0 disc=0(0x00) | tot_n=12799 tot_to=0 maxever=34861 >2ms=12799 >5ms=12799 >15ms=2435 >20ms=629 >30ms=23 | probes=12800 wrfail=0 down=4s maxout=4s
 221.011  t=218s RTT mean=15760 min=11912 max=29695 n=53 to=0 | cancels=0(+0/s) seqbad=0 len_bad=0 disc=0(0x00) | tot_n=12852 tot_to=0 maxever=34861 >2ms=12852 >5ms=12852 >15ms=2459 >20ms=637 >30ms=23 | probes=12853 wrfail=0 down=4s maxout=4s
 221.011  t=219s RTT mean=15407 min=9042 max=26833 n=55 to=0 | cancels=0(+0/s) seqbad=0 len_bad=0 disc=0(0x00) | tot_n=12907 tot_to=0 maxever=34861 >2ms=12907 >5ms=12907 >15ms=2482 >20ms=644 >30ms=23 | probes=12907 wrfail=0 down=4s maxout=4s
 222.985  t=220s RTT mean=15760 min=11912 max=34408 n=53 to=0 | cancels=0(+0/s) seqbad=0 len_bad=0 disc=0(0x00) | tot_n=12960 tot_to=0 maxever=34861 >2ms=12960 >5ms=12960 >15ms=2505 >20ms=650 >30ms=24 | probes=12961 wrfail=0 down=4s maxout=4s
 222.985  t=221s RTT mean=15771 min=11912 max=26909 n=52 to=0 | cancels=0(+0/s) seqbad=0 len_bad=0 disc=0(0x00) | tot_n=13012 tot_to=0 maxever=34861 >2ms=13012 >5ms=13012 >15ms=2528 >20ms=656 >30ms=24 | probes=13013 wrfail=0 down=4s maxout=4s
 224.993  t=222s RTT mean=16419 min=11912 max=34411 n=52 to=0 | cancels=0(+0/s) seqbad=0 len_bad=0 disc=0(0x00) | tot_n=13064 tot_to=0 maxever=34861 >2ms=13064 >5ms=13064 >15ms=2555 >20ms=662 >30ms=25 | probes=13065 wrfail=0 down=4s maxout=4s
 224.993  t=223s RTT mean=15915 min=5974 max=35799 n=52 to=0 | cancels=0(+0/s) seqbad=0 len_bad=0 disc=0(0x00) | tot_n=13116 tot_to=0 maxever=35799 >2ms=13116 >5ms=13116 >15ms=2577 >20ms=672 >30ms=26 | probes=13117 wrfail=0 down=4s maxout=4s
 226.974  t=224s RTT mean=15663 min=9044 max=26911 n=54 to=0 | cancels=0(+0/s) seqbad=0 len_bad=0 disc=0(0x00) | tot_n=13170 tot_to=0 maxever=35799 >2ms=13170 >5ms=13170 >15ms=2601 >20ms=680 >30ms=26 | probes=13171 wrfail=0 down=4s maxout=4s
 227.035  t=225s RTT mean=15600 min=11912 max=29695 n=53 to=0 | cancels=0(+0/s) seqbad=0 len_bad=0 disc=0(0x00) | tot_n=13223 tot_to=0 maxever=35799 >2ms=13223 >5ms=13223 >15ms=2623 >20ms=686 >30ms=26 | probes=13224 wrfail=0 down=4s maxout=4s
 229.011  t=226s RTT mean=16320 min=11912 max=33018 n=52 to=0 | cancels=0(+0/s) seqbad=0 len_bad=0 disc=0(0x00) | tot_n=13275 tot_to=0 maxever=35799 >2ms=13275 >5ms=13275 >15ms=2648 >20ms=693 >30ms=27 | probes=13276 wrfail=0 down=4s maxout=4s
 229.011  t=227s RTT mean=15822 min=11912 max=26462 n=53 to=0 | cancels=0(+0/s) seqbad=0 len_bad=0 disc=0(0x00) | tot_n=13328 tot_to=0 maxever=35799 >2ms=13328 >5ms=13328 >15ms=2673 >20ms=700 >30ms=27 | probes=13329 wrfail=0 down=4s maxout=4s
 231.011  t=228s RTT mean=15385 min=5974 max=28304 n=54 to=0 | cancels=0(+0/s) seqbad=0 len_bad=0 disc=0(0x00) | tot_n=13382 tot_to=0 maxever=35799 >2ms=13382 >5ms=13382 >15ms=2696 >20ms=707 >30ms=27 | probes=13383 wrfail=0 down=4s maxout=4s
 231.011  t=229s RTT mean=15699 min=11912 max=28313 n=53 to=0 | cancels=0(+0/s) seqbad=0 len_bad=0 disc=0(0x00) | tot_n=13435 tot_to=0 maxever=35799 >2ms=13435 >5ms=13435 >15ms=2719 >20ms=712 >30ms=27 | probes=13436 wrfail=0 down=4s maxout=4s
 232.962  t=230s RTT mean=16275 min=11468 max=37648 n=52 to=0 | cancels=0(+0/s) seqbad=0 len_bad=0 disc=0(0x00) | tot_n=13487 tot_to=0 maxever=37648 >2ms=13487 >5ms=13487 >15ms=2743 >20ms=721 >30ms=29 | probes=13488 wrfail=0 down=4s maxout=4s
 233.022  t=231s RTT mean=15359 min=5974 max=26463 n=54 to=0 | cancels=0(+0/s) seqbad=0 len_bad=0 disc=0(0x00) | tot_n=13541 tot_to=0 maxever=37648 >2ms=13541 >5ms=13541 >15ms=2766 >20ms=727 >30ms=29 | probes=13542 wrfail=0 down=4s maxout=4s
 234.992  t=232s RTT mean=16741 min=11468 max=34859 n=50 to=0 | cancels=0(+0/s) seqbad=0 len_bad=0 disc=0(0x00) | tot_n=13591 tot_to=0 maxever=37648 >2ms=13591 >5ms=13591 >15ms=2792 >20ms=736 >30ms=30 | probes=13592 wrfail=0 down=4s maxout=4s
 234.992  t=233s RTT mean=15385 min=5968 max=25517 n=54 to=0 | cancels=0(+0/s) seqbad=0 len_bad=0 disc=0(0x00) | tot_n=13645 tot_to=0 maxever=37648 >2ms=13645 >5ms=13645 >15ms=2817 >20ms=741 >30ms=30 | probes=13646 wrfail=0 down=4s maxout=4s
 236.977  t=234s RTT mean=15236 min=5975 max=28304 n=55 to=0 | cancels=0(+0/s) seqbad=0 len_bad=0 disc=0(0x00) | tot_n=13700 tot_to=0 maxever=37648 >2ms=13700 >5ms=13700 >15ms=2839 >20ms=745 >30ms=30 | probes=13701 wrfail=0 down=4s maxout=4s
 237.027  t=235s RTT mean=15472 min=11912 max=28467 n=54 to=0 | cancels=0(+0/s) seqbad=0 len_bad=0 disc=0(0x00) | tot_n=13754 tot_to=0 maxever=37648 >2ms=13754 >5ms=13754 >15ms=2862 >20ms=751 >30ms=30 | probes=13755 wrfail=0 down=4s maxout=4s
 238.992  t=236s RTT mean=15435 min=11468 max=26912 n=54 to=0 | cancels=0(+0/s) seqbad=0 len_bad=0 disc=0(0x00) | tot_n=13808 tot_to=0 maxever=37648 >2ms=13808 >5ms=13808 >15ms=2886 >20ms=760 >30ms=30 | probes=13809 wrfail=0 down=4s maxout=4s
 238.993  t=237s RTT mean=15681 min=5974 max=33018 n=53 to=0 | cancels=0(+0/s) seqbad=0 len_bad=0 disc=0(0x00) | tot_n=13861 tot_to=0 maxever=37648 >2ms=13861 >5ms=13861 >15ms=2909 >20ms=767 >30ms=31 | probes=13862 wrfail=0 down=4s maxout=4s
 241.017  t=238s RTT mean=15734 min=11912 max=25206 n=53 to=0 | cancels=0(+0/s) seqbad=0 len_bad=0 disc=0(0x00) | tot_n=13914 tot_to=0 maxever=37648 >2ms=13914 >5ms=13914 >15ms=2934 >20ms=773 >30ms=31 | probes=13915 wrfail=0 down=4s maxout=4s
 241.017  t=239s RTT mean=16501 min=11469 max=29781 n=52 to=0 | cancels=0(+0/s) seqbad=0 len_bad=0 disc=0(0x00) | tot_n=13966 tot_to=0 maxever=37648 >2ms=13966 >5ms=13966 >15ms=2957 >20ms=784 >30ms=31 | probes=13967 wrfail=0 down=4s maxout=4s
 242.966  t=240s RTT mean=15477 min=11912 max=26908 n=53 to=0 | cancels=0(+0/s) seqbad=0 len_bad=0 disc=0(0x00) | tot_n=14019 tot_to=0 maxever=37648 >2ms=14019 >5ms=14019 >15ms=2980 >20ms=790 >30ms=31 | probes=14020 wrfail=0 down=4s maxout=4s
 243.026  t=241s RTT mean=15523 min=11912 max=28304 n=54 to=0 | cancels=0(+0/s) seqbad=0 len_bad=0 disc=0(0x00) | tot_n=14073 tot_to=0 maxever=37648 >2ms=14073 >5ms=14073 >15ms=3003 >20ms=798 >30ms=31 | probes=14074 wrfail=0 down=4s maxout=4s
 244.986  t=242s RTT mean=15385 min=5974 max=26911 n=54 to=0 | cancels=0(+0/s) seqbad=0 len_bad=0 disc=0(0x00) | tot_n=14127 tot_to=0 maxever=37648 >2ms=14127 >5ms=14127 >15ms=3027 >20ms=803 >30ms=31 | probes=14128 wrfail=0 down=4s maxout=4s
 245.043  t=243s RTT mean=15901 min=5974 max=28304 n=53 to=0 | cancels=0(+0/s) seqbad=0 len_bad=0 disc=0(0x00) | tot_n=14180 tot_to=0 maxever=37648 >2ms=14180 >5ms=14180 >15ms=3050 >20ms=816 >30ms=31 | probes=14181 wrfail=0 down=4s maxout=4s
 247.019  t=244s RTT mean=15498 min=9043 max=25518 n=54 to=0 | cancels=0(+0/s) seqbad=0 len_bad=0 disc=0(0x00) | tot_n=14234 tot_to=0 maxever=37648 >2ms=14234 >5ms=14234 >15ms=3075 >20ms=822 >30ms=31 | probes=14235 wrfail=0 down=4s maxout=4s
 247.019  PCTL target=75 tot=3190 to=0 p50=11 p90=20 p99=28 p99.9=34 max=37 g30=18 g100=0 (ms/counts)
 247.019  LOADRAMP: target=100 KBps for 60s
 247.019  t=245s RTT mean=15592 min=5974 max=26911 n=53 to=0 | cancels=0(+0/s) seqbad=0 len_bad=0 disc=0(0x00) | tot_n=14287 tot_to=0 maxever=37648 >2ms=14287 >5ms=14287 >15ms=3100 >20ms=828 >30ms=31 | probes=14288 wrfail=0 down=4s maxout=4s
 248.987  t=246s RTT mean=16792 min=10885 max=25069 n=51 to=0 | cancels=0(+0/s) seqbad=0 len_bad=0 disc=0(0x00) | tot_n=14338 tot_to=0 maxever=37648 >2ms=14338 >5ms=14338 >15ms=3131 >20ms=836 >30ms=31 | probes=14339 wrfail=0 down=4s maxout=4s
 249.047  t=247s RTT mean=16647 min=11912 max=26461 n=50 to=0 | cancels=0(+0/s) seqbad=0 len_bad=0 disc=0(0x00) | tot_n=14388 tot_to=0 maxever=37648 >2ms=14388 >5ms=14388 >15ms=3161 >20ms=844 >30ms=31 | probes=14389 wrfail=0 down=4s maxout=4s
 250.977  t=248s RTT mean=16765 min=5974 max=26911 n=51 to=0 | cancels=0(+0/s) seqbad=0 len_bad=0 disc=0(0x00) | tot_n=14439 tot_to=0 maxever=37648 >2ms=14439 >5ms=14439 >15ms=3191 >20ms=850 >30ms=31 | probes=14440 wrfail=0 down=4s maxout=4s
 251.037  t=249s RTT mean=17001 min=9042 max=31170 n=49 to=0 | cancels=0(+0/s) seqbad=0 len_bad=0 disc=0(0x00) | tot_n=14488 tot_to=0 maxever=37648 >2ms=14488 >5ms=14488 >15ms=3221 >20ms=855 >30ms=32 | probes=14489 wrfail=0 down=4s maxout=4s
 253.019  t=250s RTT mean=17340 min=9490 max=28298 n=50 to=0 | cancels=0(+0/s) seqbad=0 len_bad=0 disc=0(0x00) | tot_n=14538 tot_to=0 maxever=37648 >2ms=14538 >5ms=14538 >15ms=3251 >20ms=865 >30ms=32 | probes=14538 wrfail=0 down=4s maxout=4s
 253.019  t=251s RTT mean=17240 min=10439 max=33960 n=49 to=0 | cancels=0(+0/s) seqbad=0 len_bad=0 disc=0(0x00) | tot_n=14587 tot_to=0 maxever=37648 >2ms=14587 >5ms=14587 >15ms=3283 >20ms=871 >30ms=33 | probes=14588 wrfail=0 down=4s maxout=4s
 255.011  t=252s RTT mean=17269 min=10885 max=28303 n=49 to=0 | cancels=0(+0/s) seqbad=0 len_bad=0 disc=0(0x00) | tot_n=14636 tot_to=0 maxever=37648 >2ms=14636 >5ms=14636 >15ms=3312 >20ms=881 >30ms=33 | probes=14637 wrfail=0 down=4s maxout=4s
 255.011  t=253s RTT mean=17116 min=10437 max=39047 n=49 to=0 | cancels=0(+0/s) seqbad=0 len_bad=0 disc=0(0x00) | tot_n=14685 tot_to=0 maxever=39047 >2ms=14685 >5ms=14685 >15ms=3342 >20ms=888 >30ms=34 | probes=14686 wrfail=0 down=4s maxout=4s
 256.982  t=254s RTT mean=16765 min=7647 max=28304 n=51 to=0 | cancels=0(+0/s) seqbad=0 len_bad=0 disc=0(0x00) | tot_n=14736 tot_to=0 maxever=39047 >2ms=14736 >5ms=14736 >15ms=3372 >20ms=896 >30ms=34 | probes=14737 wrfail=0 down=4s maxout=4s
 257.039  t=255s RTT mean=17342 min=10884 max=28754 n=48 to=0 | cancels=0(+0/s) seqbad=0 len_bad=0 disc=0(0x00) | tot_n=14784 tot_to=0 maxever=39047 >2ms=14784 >5ms=14784 >15ms=3402 >20ms=907 >30ms=34 | probes=14785 wrfail=0 down=4s maxout=4s
 258.967  t=256s RTT mean=17613 min=11911 max=28749 n=49 to=0 | cancels=0(+0/s) seqbad=0 len_bad=0 disc=0(0x00) | tot_n=14833 tot_to=0 maxever=39047 >2ms=14833 >5ms=14833 >15ms=3434 >20ms=918 >30ms=34 | probes=14834 wrfail=0 down=4s maxout=4s
 259.027  t=257s RTT mean=17422 min=11912 max=27284 n=49 to=0 | cancels=0(+0/s) seqbad=0 len_bad=0 disc=0(0x00) | tot_n=14882 tot_to=0 maxever=39047 >2ms=14882 >5ms=14882 >15ms=3466 >20ms=925 >30ms=34 | probes=14883 wrfail=0 down=4s maxout=4s
 260.978  t=258s RTT mean=17508 min=10438 max=33018 n=48 to=0 | cancels=0(+0/s) seqbad=0 len_bad=0 disc=0(0x00) | tot_n=14930 tot_to=0 maxever=39047 >2ms=14930 >5ms=14930 >15ms=3495 >20ms=936 >30ms=35 | probes=14931 wrfail=0 down=4s maxout=4s
 261.038  t=259s RTT mean=17603 min=5974 max=26912 n=49 to=0 | cancels=0(+0/s) seqbad=0 len_bad=0 disc=0(0x00) | tot_n=14979 tot_to=0 maxever=39047 >2ms=14979 >5ms=14979 >15ms=3527 >20ms=948 >30ms=35 | probes=14980 wrfail=0 down=4s maxout=4s
 262.969  t=260s RTT mean=17537 min=5975 max=26911 n=48 to=0 | cancels=0(+0/s) seqbad=0 len_bad=0 disc=0(0x00) | tot_n=15027 tot_to=0 maxever=39047 >2ms=15027 >5ms=15027 >15ms=3559 >20ms=959 >30ms=35 | probes=15028 wrfail=0 down=4s maxout=4s
 263.029  t=261s RTT mean=17268 min=9490 max=28304 n=49 to=0 | cancels=0(+0/s) seqbad=0 len_bad=0 disc=0(0x00) | tot_n=15076 tot_to=0 maxever=39047 >2ms=15076 >5ms=15076 >15ms=3589 >20ms=969 >30ms=35 | probes=15077 wrfail=0 down=4s maxout=4s
 264.977  t=262s RTT mean=16984 min=11912 max=25067 n=50 to=0 | cancels=0(+0/s) seqbad=0 len_bad=0 disc=0(0x00) | tot_n=15126 tot_to=0 maxever=39047 >2ms=15126 >5ms=15126 >15ms=3620 >20ms=982 >30ms=35 | probes=15127 wrfail=0 down=4s maxout=4s
 265.037  t=263s RTT mean=17409 min=5973 max=26911 n=48 to=0 | cancels=0(+0/s) seqbad=0 len_bad=0 disc=0(0x00) | tot_n=15174 tot_to=0 maxever=39047 >2ms=15174 >5ms=15174 >15ms=3652 >20ms=993 >30ms=35 | probes=15175 wrfail=0 down=4s maxout=4s
 266.976  t=264s RTT mean=16698 min=11319 max=29690 n=52 to=0 | cancels=0(+0/s) seqbad=0 len_bad=0 disc=0(0x00) | tot_n=15226 tot_to=0 maxever=39047 >2ms=15226 >5ms=15226 >15ms=3683 >20ms=1000 >30ms=35 | probes=15226 wrfail=0 down=4s maxout=4s
 267.036  t=265s RTT mean=17087 min=5509 max=28304 n=49 to=0 | cancels=0(+0/s) seqbad=0 len_bad=0 disc=0(0x00) | tot_n=15275 tot_to=0 maxever=39047 >2ms=15275 >5ms=15275 >15ms=3713 >20ms=1010 >30ms=35 | probes=15276 wrfail=0 down=4s maxout=4s
 269.006  t=266s RTT mean=17451 min=5974 max=30148 n=49 to=0 | cancels=0(+0/s) seqbad=0 len_bad=0 disc=0(0x00) | tot_n=15324 tot_to=0 maxever=39047 >2ms=15324 >5ms=15324 >15ms=3744 >20ms=1021 >30ms=36 | probes=15325 wrfail=0 down=4s maxout=4s
 269.006  t=267s RTT mean=17050 min=9042 max=25518 n=49 to=0 | cancels=0(+0/s) seqbad=0 len_bad=0 disc=0(0x00) | tot_n=15373 tot_to=0 maxever=39047 >2ms=15373 >5ms=15373 >15ms=3774 >20ms=1030 >30ms=36 | probes=15374 wrfail=0 down=4s maxout=4s
 270.991  t=268s RTT mean=16507 min=8095 max=28751 n=51 to=0 | cancels=0(+0/s) seqbad=0 len_bad=0 disc=0(0x00) | tot_n=15424 tot_to=0 maxever=39047 >2ms=15424 >5ms=15424 >15ms=3804 >20ms=1033 >30ms=36 | probes=15425 wrfail=0 down=4s maxout=4s
 271.047  t=269s RTT mean=17161 min=9042 max=26912 n=50 to=0 | cancels=0(+0/s) seqbad=0 len_bad=0 disc=0(0x00) | tot_n=15474 tot_to=0 maxever=39047 >2ms=15474 >5ms=15474 >15ms=3836 >20ms=1040 >30ms=36 | probes=15475 wrfail=0 down=4s maxout=4s
 273.005  t=270s RTT mean=17116 min=11912 max=25069 n=49 to=0 | cancels=0(+0/s) seqbad=0 len_bad=0 disc=0(0x00) | tot_n=15523 tot_to=0 maxever=39047 >2ms=15523 >5ms=15523 >15ms=3867 >20ms=1048 >30ms=36 | probes=15524 wrfail=0 down=4s maxout=4s
 273.005  t=271s RTT mean=17546 min=5975 max=31168 n=49 to=0 | cancels=0(+0/s) seqbad=0 len_bad=0 disc=0(0x00) | tot_n=15572 tot_to=0 maxever=39047 >2ms=15572 >5ms=15572 >15ms=3897 >20ms=1062 >30ms=37 | probes=15573 wrfail=0 down=4s maxout=4s
 275.020  t=272s RTT mean=18324 min=11470 max=35804 n=47 to=0 | cancels=0(+0/s) seqbad=0 len_bad=0 disc=0(0x00) | tot_n=15619 tot_to=0 maxever=39047 >2ms=15619 >5ms=15619 >15ms=3929 >20ms=1073 >30ms=39 | probes=15619 wrfail=0 down=4s maxout=4s
 275.021  t=273s RTT mean=17268 min=11468 max=25147 n=49 to=0 | cancels=0(+0/s) seqbad=0 len_bad=0 disc=0(0x00) | tot_n=15668 tot_to=0 maxever=39047 >2ms=15668 >5ms=15668 >15ms=3961 >20ms=1082 >30ms=39 | probes=15669 wrfail=0 down=4s maxout=4s
 277.017  t=274s RTT mean=17116 min=5974 max=35806 n=49 to=0 | cancels=0(+0/s) seqbad=0 len_bad=0 disc=0(0x00) | tot_n=15717 tot_to=0 maxever=39047 >2ms=15717 >5ms=15717 >15ms=3992 >20ms=1091 >30ms=40 | probes=15718 wrfail=0 down=4s maxout=4s
 277.017  t=275s RTT mean=17422 min=11912 max=28302 n=49 to=0 | cancels=0(+0/s) seqbad=0 len_bad=0 disc=0(0x00) | tot_n=15766 tot_to=0 maxever=39047 >2ms=15766 >5ms=15766 >15ms=4023 >20ms=1099 >30ms=40 | probes=15767 wrfail=0 down=4s maxout=4s
 279.010  t=276s RTT mean=17422 min=9028 max=26913 n=49 to=0 | cancels=0(+0/s) seqbad=0 len_bad=0 disc=0(0x00) | tot_n=15815 tot_to=0 maxever=39047 >2ms=15815 >5ms=15815 >15ms=4056 >20ms=1108 >30ms=40 | probes=15816 wrfail=0 down=4s maxout=4s
 279.010  t=277s RTT mean=16962 min=11913 max=26908 n=49 to=0 | cancels=0(+0/s) seqbad=0 len_bad=0 disc=0(0x00) | tot_n=15864 tot_to=0 maxever=39047 >2ms=15864 >5ms=15864 >15ms=4087 >20ms=1119 >30ms=40 | probes=15865 wrfail=0 down=4s maxout=4s
 281.012  t=278s RTT mean=16890 min=11912 max=25512 n=50 to=0 | cancels=0(+0/s) seqbad=0 len_bad=0 disc=0(0x00) | tot_n=15914 tot_to=0 maxever=39047 >2ms=15914 >5ms=15914 >15ms=4118 >20ms=1126 >30ms=40 | probes=15915 wrfail=0 down=4s maxout=4s
 281.012  t=279s RTT mean=16884 min=9042 max=28304 n=51 to=0 | cancels=0(+0/s) seqbad=0 len_bad=0 disc=0(0x00) | tot_n=15965 tot_to=0 maxever=39047 >2ms=15965 >5ms=15965 >15ms=4150 >20ms=1135 >30ms=40 | probes=15966 wrfail=0 down=4s maxout=4s
 283.027  t=280s RTT mean=16862 min=9044 max=26911 n=50 to=0 | cancels=0(+0/s) seqbad=0 len_bad=0 disc=0(0x00) | tot_n=16015 tot_to=0 maxever=39047 >2ms=16015 >5ms=16015 >15ms=4180 >20ms=1141 >30ms=40 | probes=16016 wrfail=0 down=4s maxout=4s
 283.027  t=281s RTT mean=17039 min=7646 max=28003 n=50 to=0 | cancels=0(+0/s) seqbad=0 len_bad=0 disc=0(0x00) | tot_n=16065 tot_to=0 maxever=39047 >2ms=16065 >5ms=16065 >15ms=4212 >20ms=1149 >30ms=40 | probes=16065 wrfail=0 down=4s maxout=4s
 285.019  t=282s RTT mean=16935 min=11468 max=26460 n=49 to=0 | cancels=0(+0/s) seqbad=0 len_bad=0 disc=0(0x00) | tot_n=16114 tot_to=0 maxever=39047 >2ms=16114 >5ms=16114 >15ms=4243 >20ms=1156 >30ms=40 | probes=16115 wrfail=0 down=4s maxout=4s
 285.019  t=283s RTT mean=17284 min=11912 max=28304 n=50 to=0 | cancels=0(+0/s) seqbad=0 len_bad=0 disc=0(0x00) | tot_n=16164 tot_to=0 maxever=39047 >2ms=16164 >5ms=16164 >15ms=4273 >20ms=1164 >30ms=40 | probes=16164 wrfail=0 down=4s maxout=4s
 287.002  t=284s RTT mean=17807 min=11912 max=34412 n=47 to=0 | cancels=0(+0/s) seqbad=0 len_bad=0 disc=0(0x00) | tot_n=16211 tot_to=0 maxever=39047 >2ms=16211 >5ms=16211 >15ms=4303 >20ms=1172 >30ms=42 | probes=16212 wrfail=0 down=4s maxout=4s
 287.002  t=285s RTT mean=16898 min=9043 max=25518 n=50 to=0 | cancels=0(+0/s) seqbad=0 len_bad=0 disc=0(0x00) | tot_n=16261 tot_to=0 maxever=39047 >2ms=16261 >5ms=16261 >15ms=4334 >20ms=1180 >30ms=42 | probes=16262 wrfail=0 down=4s maxout=4s
 288.973  t=286s RTT mean=16764 min=9490 max=25070 n=51 to=0 | cancels=0(+0/s) seqbad=0 len_bad=0 disc=0(0x00) | tot_n=16312 tot_to=0 maxever=39047 >2ms=16312 >5ms=16312 >15ms=4366 >20ms=1188 >30ms=42 | probes=16313 wrfail=0 down=4s maxout=4s
 289.033  t=287s RTT mean=17143 min=11912 max=29693 n=49 to=0 | cancels=0(+0/s) seqbad=0 len_bad=0 disc=0(0x00) | tot_n=16361 tot_to=0 maxever=39047 >2ms=16361 >5ms=16361 >15ms=4397 >20ms=1200 >30ms=42 | probes=16362 wrfail=0 down=4s maxout=4s
 291.018  t=288s RTT mean=16856 min=8688 max=26911 n=51 to=0 | cancels=0(+0/s) seqbad=0 len_bad=0 disc=0(0x00) | tot_n=16412 tot_to=0 maxever=39047 >2ms=16412 >5ms=16412 >15ms=4429 >20ms=1207 >30ms=42 | probes=16412 wrfail=0 down=4s maxout=4s
 291.018  t=289s RTT mean=16796 min=5976 max=26915 n=50 to=0 | cancels=0(+0/s) seqbad=0 len_bad=0 disc=0(0x00) | tot_n=16462 tot_to=0 maxever=39047 >2ms=16462 >5ms=16462 >15ms=4458 >20ms=1217 >30ms=42 | probes=16463 wrfail=0 down=4s maxout=4s
 292.983  t=290s RTT mean=17635 min=10438 max=27361 n=48 to=0 | cancels=0(+0/s) seqbad=0 len_bad=0 disc=0(0x00) | tot_n=16510 tot_to=0 maxever=39047 >2ms=16510 >5ms=16510 >15ms=4489 >20ms=1227 >30ms=42 | probes=16511 wrfail=0 down=4s maxout=4s
 293.043  t=291s RTT mean=17240 min=5976 max=25518 n=49 to=0 | cancels=0(+0/s) seqbad=0 len_bad=0 disc=0(0x00) | tot_n=16559 tot_to=0 maxever=39047 >2ms=16559 >5ms=16559 >15ms=4521 >20ms=1237 >30ms=42 | probes=16560 wrfail=0 down=4s maxout=4s
 295.013  t=292s RTT mean=17326 min=5974 max=26904 n=49 to=0 | cancels=0(+0/s) seqbad=0 len_bad=0 disc=0(0x00) | tot_n=16608 tot_to=0 maxever=39047 >2ms=16608 >5ms=16608 >15ms=4553 >20ms=1247 >30ms=42 | probes=16609 wrfail=0 down=4s maxout=4s
 295.013  t=293s RTT mean=17240 min=10885 max=29862 n=49 to=0 | cancels=0(+0/s) seqbad=0 len_bad=0 disc=0(0x00) | tot_n=16657 tot_to=0 maxever=39047 >2ms=16657 >5ms=16657 >15ms=4583 >20ms=1254 >30ms=42 | probes=16658 wrfail=0 down=4s maxout=4s
 296.987  t=294s RTT mean=17162 min=11912 max=33960 n=50 to=0 | cancels=0(+0/s) seqbad=0 len_bad=0 disc=0(0x00) | tot_n=16707 tot_to=0 maxever=39047 >2ms=16707 >5ms=16707 >15ms=4614 >20ms=1262 >30ms=43 | probes=16708 wrfail=0 down=4s maxout=4s
 297.047  t=295s RTT mean=17116 min=10885 max=26912 n=49 to=0 | cancels=0(+0/s) seqbad=0 len_bad=0 disc=0(0x00) | tot_n=16756 tot_to=0 maxever=39047 >2ms=16756 >5ms=16756 >15ms=4644 >20ms=1267 >30ms=43 | probes=16757 wrfail=0 down=4s maxout=4s
 299.023  t=296s RTT mean=17269 min=10438 max=26913 n=49 to=0 | cancels=0(+0/s) seqbad=0 len_bad=0 disc=0(0x00) | tot_n=16805 tot_to=0 maxever=39047 >2ms=16805 >5ms=16805 >15ms=4674 >20ms=1276 >30ms=43 | probes=16806 wrfail=0 down=4s maxout=4s
 299.023  t=297s RTT mean=17189 min=9489 max=33017 n=50 to=0 | cancels=0(+0/s) seqbad=0 len_bad=0 disc=0(0x00) | tot_n=16855 tot_to=0 maxever=39047 >2ms=16855 >5ms=16855 >15ms=4705 >20ms=1284 >30ms=44 | probes=16856 wrfail=0 down=4s maxout=4s
 301.022  t=298s RTT mean=16991 min=9043 max=25517 n=49 to=0 | cancels=0(+0/s) seqbad=0 len_bad=0 disc=0(0x00) | tot_n=16904 tot_to=0 maxever=39047 >2ms=16904 >5ms=16904 >15ms=4736 >20ms=1293 >30ms=44 | probes=16905 wrfail=0 down=4s maxout=4s
 301.022  t=299s RTT mean=16708 min=9489 max=26913 n=51 to=0 | cancels=0(+0/s) seqbad=0 len_bad=0 disc=0(0x00) | tot_n=16955 tot_to=0 maxever=39047 >2ms=16955 >5ms=16955 >15ms=4766 >20ms=1302 >30ms=44 | probes=16956 wrfail=0 down=4s maxout=4s
 302.987  t=300s RTT mean=17012 min=11912 max=28310 n=50 to=0 | cancels=0(+0/s) seqbad=0 len_bad=0 disc=0(0x00) | tot_n=17005 tot_to=0 maxever=39047 >2ms=17005 >5ms=17005 >15ms=4798 >20ms=1308 >30ms=44 | probes=17006 wrfail=0 down=4s maxout=4s
 303.047  t=301s RTT mean=16861 min=9490 max=28304 n=50 to=0 | cancels=0(+0/s) seqbad=0 len_bad=0 disc=0(0x00) | tot_n=17055 tot_to=0 maxever=39047 >2ms=17055 >5ms=17055 >15ms=4830 >20ms=1315 >30ms=44 | probes=17056 wrfail=0 down=4s maxout=4s
 305.016  t=302s RTT mean=16889 min=7349 max=26913 n=50 to=0 | cancels=0(+0/s) seqbad=0 len_bad=0 disc=0(0x00) | tot_n=17105 tot_to=0 maxever=39047 >2ms=17105 >5ms=17105 >15ms=4860 >20ms=1325 >30ms=44 | probes=17106 wrfail=0 down=4s maxout=4s
 305.016  t=303s RTT mean=17575 min=10883 max=31177 n=49 to=0 | cancels=0(+0/s) seqbad=0 len_bad=0 disc=0(0x00) | tot_n=17154 tot_to=0 maxever=39047 >2ms=17154 >5ms=17154 >15ms=4891 >20ms=1334 >30ms=45 | probes=17154 wrfail=0 down=4s maxout=4s
 306.977  t=304s RTT mean=17204 min=10438 max=28499 n=49 to=0 | cancels=0(+0/s) seqbad=0 len_bad=0 disc=0(0x00) | tot_n=17203 tot_to=0 maxever=39047 >2ms=17203 >5ms=17203 >15ms=4920 >20ms=1340 >30ms=45 | probes=17204 wrfail=0 down=4s maxout=4s
 307.037  PCTL target=100 tot=2964 to=0 p50=19 p90=22 p99=28 p99.9=34 max=39 g30=14 g100=0 (ms/counts)
 307.037  LOADRAMP: target=125 KBps for 60s
 307.037  t=305s RTT mean=17789 min=5975 max=27361 n=48 to=0 | cancels=0(+0/s) seqbad=0 len_bad=0 disc=0(0x00) | tot_n=17251 tot_to=0 maxever=39047 >2ms=17251 >5ms=17251 >15ms=4950 >20ms=1355 >30ms=45 | probes=17252 wrfail=0 down=4s maxout=4s
 309.002  t=306s RTT mean=18849 min=5974 max=25518 n=45 to=0 | cancels=0(+0/s) seqbad=0 len_bad=0 disc=0(0x00) | tot_n=17296 tot_to=0 maxever=39047 >2ms=17296 >5ms=17296 >15ms=4988 >20ms=1367 >30ms=45 | probes=17297 wrfail=0 down=4s maxout=4s
 309.002  t=307s RTT mean=18596 min=11912 max=33018 n=46 to=0 | cancels=0(+0/s) seqbad=0 len_bad=0 disc=0(0x00) | tot_n=17342 tot_to=0 maxever=39047 >2ms=17342 >5ms=17342 >15ms=5027 >20ms=1375 >30ms=46 | probes=17343 wrfail=0 down=4s maxout=4s
 311.002  t=308s RTT mean=19203 min=5974 max=26910 n=45 to=0 | cancels=0(+0/s) seqbad=0 len_bad=0 disc=0(0x00) | tot_n=17387 tot_to=0 maxever=39047 >2ms=17387 >5ms=17387 >15ms=5065 >20ms=1390 >30ms=46 | probes=17388 wrfail=0 down=4s maxout=4s
 311.002  t=309s RTT mean=18333 min=5974 max=26911 n=47 to=0 | cancels=0(+0/s) seqbad=0 len_bad=0 disc=0(0x00) | tot_n=17434 tot_to=0 maxever=39047 >2ms=17434 >5ms=17434 >15ms=5104 >20ms=1398 >30ms=46 | probes=17435 wrfail=0 down=4s maxout=4s
 313.002  t=310s RTT mean=18973 min=9042 max=28299 n=45 to=0 | cancels=0(+0/s) seqbad=0 len_bad=0 disc=0(0x00) | tot_n=17479 tot_to=0 maxever=39047 >2ms=17479 >5ms=17479 >15ms=5142 >20ms=1408 >30ms=46 | probes=17480 wrfail=0 down=4s maxout=4s
 313.002  t=311s RTT mean=17946 min=5974 max=26911 n=48 to=0 | cancels=0(+0/s) seqbad=0 len_bad=0 disc=0(0x00) | tot_n=17527 tot_to=0 maxever=39047 >2ms=17527 >5ms=17527 >15ms=5181 >20ms=1414 >30ms=46 | probes=17528 wrfail=0 down=4s maxout=4s
 314.999  t=312s RTT mean=19581 min=11915 max=33018 n=44 to=0 | cancels=0(+0/s) seqbad=0 len_bad=0 disc=0(0x00) | tot_n=17571 tot_to=0 maxever=39047 >2ms=17571 >5ms=17571 >15ms=5220 >20ms=1427 >30ms=47 | probes=17572 wrfail=0 down=4s maxout=4s
 315.059  t=313s RTT mean=19243 min=10885 max=28304 n=45 to=0 | cancels=0(+0/s) seqbad=0 len_bad=0 disc=0(0x00) | tot_n=17616 tot_to=0 maxever=39047 >2ms=17616 >5ms=17616 >15ms=5258 >20ms=1436 >30ms=47 | probes=17617 wrfail=0 down=4s maxout=4s
 316.981  t=314s RTT mean=18758 min=10885 max=29693 n=46 to=0 | cancels=0(+0/s) seqbad=0 len_bad=0 disc=0(0x00) | tot_n=17662 tot_to=0 maxever=39047 >2ms=17662 >5ms=17662 >15ms=5296 >20ms=1445 >30ms=47 | probes=17662 wrfail=0 down=4s maxout=4s
 317.041  t=315s RTT mean=18743 min=10885 max=28304 n=45 to=0 | cancels=0(+0/s) seqbad=0 len_bad=0 disc=0(0x00) | tot_n=17707 tot_to=0 maxever=39047 >2ms=17707 >5ms=17707 >15ms=5333 >20ms=1456 >30ms=47 | probes=17708 wrfail=0 down=4s maxout=4s
 319.016  t=316s RTT mean=20425 min=11913 max=29698 n=43 to=0 | cancels=0(+0/s) seqbad=0 len_bad=0 disc=0(0x00) | tot_n=17750 tot_to=0 maxever=39047 >2ms=17750 >5ms=17750 >15ms=5372 >20ms=1476 >30ms=47 | probes=17751 wrfail=0 down=4s maxout=4s
 319.016  t=317s RTT mean=18655 min=6699 max=26471 n=46 to=0 | cancels=0(+0/s) seqbad=0 len_bad=0 disc=0(0x00) | tot_n=17796 tot_to=0 maxever=39047 >2ms=17796 >5ms=17796 >15ms=5411 >20ms=1486 >30ms=47 | probes=17797 wrfail=0 down=4s maxout=4s
 321.037  t=318s RTT mean=19046 min=9042 max=29708 n=45 to=0 | cancels=0(+0/s) seqbad=0 len_bad=0 disc=0(0x00) | tot_n=17841 tot_to=0 maxever=39047 >2ms=17841 >5ms=17841 >15ms=5448 >20ms=1497 >30ms=47 | probes=17842 wrfail=0 down=4s maxout=4s
 321.037  t=319s RTT mean=19203 min=9043 max=34410 n=45 to=0 | cancels=0(+0/s) seqbad=0 len_bad=0 disc=0(0x00) | tot_n=17886 tot_to=0 maxever=39047 >2ms=17886 >5ms=17886 >15ms=5487 >20ms=1508 >30ms=48 | probes=17887 wrfail=0 down=4s maxout=4s
 323.030  t=320s RTT mean=19484 min=9045 max=26912 n=44 to=0 | cancels=0(+0/s) seqbad=0 len_bad=0 disc=0(0x00) | tot_n=17930 tot_to=0 maxever=39047 >2ms=17930 >5ms=17930 >15ms=5526 >20ms=1520 >30ms=48 | probes=17931 wrfail=0 down=4s maxout=4s
 323.030  t=321s RTT mean=19243 min=5974 max=28304 n=45 to=0 | cancels=0(+0/s) seqbad=0 len_bad=0 disc=0(0x00) | tot_n=17975 tot_to=0 maxever=39047 >2ms=17975 >5ms=17975 >15ms=5564 >20ms=1535 >30ms=48 | probes=17976 wrfail=0 down=4s maxout=4s
 325.006  t=322s RTT mean=19548 min=9042 max=31631 n=44 to=0 | cancels=0(+0/s) seqbad=0 len_bad=0 disc=0(0x00) | tot_n=18019 tot_to=0 maxever=39047 >2ms=18019 >5ms=18019 >15ms=5602 >20ms=1550 >30ms=49 | probes=18020 wrfail=0 down=4s maxout=4s
 325.006  t=323s RTT mean=19410 min=5974 max=31175 n=45 to=0 | cancels=0(+0/s) seqbad=0 len_bad=0 disc=0(0x00) | tot_n=18064 tot_to=0 maxever=39047 >2ms=18064 >5ms=18064 >15ms=5641 >20ms=1562 >30ms=50 | probes=18065 wrfail=0 down=4s maxout=4s
 326.989  t=324s RTT mean=19208 min=5974 max=34411 n=44 to=0 | cancels=0(+0/s) seqbad=0 len_bad=0 disc=0(0x00) | tot_n=18108 tot_to=0 maxever=39047 >2ms=18108 >5ms=18108 >15ms=5678 >20ms=1573 >30ms=51 | probes=18109 wrfail=0 down=4s maxout=4s
 327.050  t=325s RTT mean=19609 min=9042 max=34411 n=45 to=0 | cancels=0(+0/s) seqbad=0 len_bad=0 disc=0(0x00) | tot_n=18153 tot_to=0 maxever=39047 >2ms=18153 >5ms=18153 >15ms=5716 >20ms=1586 >30ms=53 | probes=18153 wrfail=0 down=4s maxout=4s
 328.983  t=326s RTT mean=19902 min=5974 max=32569 n=43 to=0 | cancels=0(+0/s) seqbad=0 len_bad=0 disc=0(0x00) | tot_n=18196 tot_to=0 maxever=39047 >2ms=18196 >5ms=18196 >15ms=5754 >20ms=1598 >30ms=54 | probes=18197 wrfail=0 down=4s maxout=4s
 329.043  t=327s RTT mean=19613 min=11912 max=33008 n=44 to=0 | cancels=0(+0/s) seqbad=0 len_bad=0 disc=0(0x00) | tot_n=18240 tot_to=0 maxever=39047 >2ms=18240 >5ms=18240 >15ms=5792 >20ms=1611 >30ms=55 | probes=18241 wrfail=0 down=4s maxout=4s
 331.033  t=328s RTT mean=20140 min=11913 max=30231 n=43 to=0 | cancels=0(+0/s) seqbad=0 len_bad=0 disc=0(0x00) | tot_n=18283 tot_to=0 maxever=39047 >2ms=18283 >5ms=18283 >15ms=5831 >20ms=1628 >30ms=56 | probes=18284 wrfail=0 down=4s maxout=4s
 331.033  t=329s RTT mean=19507 min=9043 max=26912 n=44 to=0 | cancels=0(+0/s) seqbad=0 len_bad=0 disc=0(0x00) | tot_n=18327 tot_to=0 maxever=39047 >2ms=18327 >5ms=18327 >15ms=5869 >20ms=1638 >30ms=56 | probes=18328 wrfail=0 down=4s maxout=4s
 333.040  t=330s RTT mean=18769 min=5974 max=31091 n=46 to=0 | cancels=0(+0/s) seqbad=0 len_bad=0 disc=0(0x00) | tot_n=18373 tot_to=0 maxever=39047 >2ms=18373 >5ms=18373 >15ms=5907 >20ms=1645 >30ms=57 | probes=18374 wrfail=0 down=4s maxout=4s
 333.040  t=331s RTT mean=19401 min=11912 max=28755 n=45 to=0 | cancels=0(+0/s) seqbad=0 len_bad=0 disc=0(0x00) | tot_n=18418 tot_to=0 maxever=39047 >2ms=18418 >5ms=18418 >15ms=5946 >20ms=1653 >30ms=57 | probes=18419 wrfail=0 down=4s maxout=4s
 335.003  t=332s RTT mean=19770 min=5974 max=31620 n=43 to=0 | cancels=0(+0/s) seqbad=0 len_bad=0 disc=0(0x00) | tot_n=18461 tot_to=0 maxever=39047 >2ms=18461 >5ms=18461 >15ms=5983 >20ms=1665 >30ms=58 | probes=18462 wrfail=0 down=4s maxout=4s
 335.053  t=333s RTT mean=19275 min=5973 max=29780 n=45 to=0 | cancels=0(+0/s) seqbad=0 len_bad=0 disc=0(0x00) | tot_n=18506 tot_to=0 maxever=39047 >2ms=18506 >5ms=18506 >15ms=6022 >20ms=1675 >30ms=58 | probes=18507 wrfail=0 down=4s maxout=4s
 337.027  t=334s RTT mean=19881 min=11913 max=34411 n=44 to=0 | cancels=0(+0/s) seqbad=0 len_bad=0 disc=0(0x00) | tot_n=18550 tot_to=0 maxever=39047 >2ms=18550 >5ms=18550 >15ms=6061 >20ms=1686 >30ms=59 | probes=18551 wrfail=0 down=4s maxout=4s
 337.027  t=335s RTT mean=18173 min=5974 max=26462 n=47 to=0 | cancels=0(+0/s) seqbad=0 len_bad=0 disc=0(0x00) | tot_n=18597 tot_to=0 maxever=39047 >2ms=18597 >5ms=18597 >15ms=6099 >20ms=1692 >30ms=59 | probes=18598 wrfail=0 down=4s maxout=4s
 338.999  t=336s RTT mean=19037 min=5975 max=33018 n=45 to=0 | cancels=0(+0/s) seqbad=0 len_bad=0 disc=0(0x00) | tot_n=18642 tot_to=0 maxever=39047 >2ms=18642 >5ms=18642 >15ms=6138 >20ms=1702 >30ms=60 | probes=18643 wrfail=0 down=4s maxout=4s
 339.056  t=337s RTT mean=18828 min=9043 max=26911 n=46 to=0 | cancels=0(+0/s) seqbad=0 len_bad=0 disc=0(0x00) | tot_n=18688 tot_to=0 maxever=39047 >2ms=18688 >5ms=18688 >15ms=6177 >20ms=1715 >30ms=60 | probes=18688 wrfail=0 down=4s maxout=4s
 340.996  t=338s RTT mean=19046 min=9042 max=28304 n=45 to=0 | cancels=0(+0/s) seqbad=0 len_bad=0 disc=0(0x00) | tot_n=18733 tot_to=0 maxever=39047 >2ms=18733 >5ms=18733 >15ms=6216 >20ms=1726 >30ms=60 | probes=18734 wrfail=0 down=4s maxout=4s
 341.056  t=339s RTT mean=18910 min=10438 max=32568 n=45 to=0 | cancels=0(+0/s) seqbad=0 len_bad=0 disc=0(0x00) | tot_n=18778 tot_to=0 maxever=39047 >2ms=18778 >5ms=18778 >15ms=6253 >20ms=1737 >30ms=61 | probes=18779 wrfail=0 down=4s maxout=4s
 343.019  t=340s RTT mean=19922 min=11912 max=33018 n=44 to=0 | cancels=0(+0/s) seqbad=0 len_bad=0 disc=0(0x00) | tot_n=18822 tot_to=0 maxever=39047 >2ms=18822 >5ms=18822 >15ms=6293 >20ms=1751 >30ms=62 | probes=18823 wrfail=0 down=4s maxout=4s
 343.019  t=341s RTT mean=20065 min=10437 max=31169 n=43 to=0 | cancels=0(+0/s) seqbad=0 len_bad=0 disc=0(0x00) | tot_n=18865 tot_to=0 maxever=39047 >2ms=18865 >5ms=18865 >15ms=6330 >20ms=1765 >30ms=63 | probes=18866 wrfail=0 down=4s maxout=4s
 344.990  t=342s RTT mean=19687 min=5974 max=33018 n=44 to=0 | cancels=0(+0/s) seqbad=0 len_bad=0 disc=0(0x00) | tot_n=18909 tot_to=0 maxever=39047 >2ms=18909 >5ms=18909 >15ms=6369 >20ms=1778 >30ms=64 | probes=18910 wrfail=0 down=4s maxout=4s
 345.050  t=343s RTT mean=18667 min=10885 max=26912 n=46 to=0 | cancels=0(+0/s) seqbad=0 len_bad=0 disc=0(0x00) | tot_n=18955 tot_to=0 maxever=39047 >2ms=18955 >5ms=18955 >15ms=6407 >20ms=1787 >30ms=64 | probes=18956 wrfail=0 down=4s maxout=4s
 347.037  t=344s RTT mean=18759 min=5974 max=26910 n=46 to=0 | cancels=0(+0/s) seqbad=0 len_bad=0 disc=0(0x00) | tot_n=19001 tot_to=0 maxever=39047 >2ms=19001 >5ms=19001 >15ms=6445 >20ms=1799 >30ms=64 | probes=19001 wrfail=0 down=4s maxout=4s
 347.037  t=345s RTT mean=19108 min=5976 max=33018 n=45 to=0 | cancels=0(+0/s) seqbad=0 len_bad=0 disc=0(0x00) | tot_n=19046 tot_to=0 maxever=39047 >2ms=19046 >5ms=19046 >15ms=6483 >20ms=1812 >30ms=65 | probes=19046 wrfail=0 down=4s maxout=4s
 349.029  t=346s RTT mean=19272 min=11912 max=25520 n=44 to=0 | cancels=0(+0/s) seqbad=0 len_bad=0 disc=0(0x00) | tot_n=19090 tot_to=0 maxever=39047 >2ms=19090 >5ms=19090 >15ms=6523 >20ms=1823 >30ms=65 | probes=19091 wrfail=0 down=4s maxout=4s
 349.029  t=347s RTT mean=19014 min=9489 max=28305 n=46 to=0 | cancels=0(+0/s) seqbad=0 len_bad=0 disc=0(0x00) | tot_n=19136 tot_to=0 maxever=39047 >2ms=19136 >5ms=19136 >15ms=6561 >20ms=1834 >30ms=65 | probes=19136 wrfail=0 down=4s maxout=4s
 351.011  t=348s RTT mean=18816 min=7363 max=29698 n=45 to=0 | cancels=0(+0/s) seqbad=0 len_bad=0 disc=0(0x00) | tot_n=19181 tot_to=0 maxever=39047 >2ms=19181 >5ms=19181 >15ms=6599 >20ms=1844 >30ms=65 | probes=19182 wrfail=0 down=4s maxout=4s
 351.011  t=349s RTT mean=19213 min=11912 max=32569 n=45 to=0 | cancels=0(+0/s) seqbad=0 len_bad=0 disc=0(0x00) | tot_n=19226 tot_to=0 maxever=39047 >2ms=19226 >5ms=19226 >15ms=6637 >20ms=1856 >30ms=66 | probes=19227 wrfail=0 down=4s maxout=4s
 353.028  t=350s RTT mean=18264 min=5974 max=25068 n=47 to=0 | cancels=0(+0/s) seqbad=0 len_bad=0 disc=0(0x00) | tot_n=19273 tot_to=0 maxever=39047 >2ms=19273 >5ms=19273 >15ms=6676 >20ms=1866 >30ms=66 | probes=19274 wrfail=0 down=4s maxout=4s
 353.028  t=351s RTT mean=19067 min=5976 max=26911 n=45 to=0 | cancels=0(+0/s) seqbad=0 len_bad=0 disc=0(0x00) | tot_n=19318 tot_to=0 maxever=39047 >2ms=19318 >5ms=19318 >15ms=6715 >20ms=1879 >30ms=66 | probes=19319 wrfail=0 down=4s maxout=4s
 355.015  t=352s RTT mean=19151 min=11912 max=27362 n=45 to=0 | cancels=0(+0/s) seqbad=0 len_bad=0 disc=0(0x00) | tot_n=19363 tot_to=0 maxever=39047 >2ms=19363 >5ms=19363 >15ms=6754 >20ms=1889 >30ms=66 | probes=19364 wrfail=0 down=4s maxout=4s
 355.015  t=353s RTT mean=18565 min=10885 max=34411 n=46 to=0 | cancels=0(+0/s) seqbad=0 len_bad=0 disc=0(0x00) | tot_n=19409 tot_to=0 maxever=39047 >2ms=19409 >5ms=19409 >15ms=6792 >20ms=1896 >30ms=67 | probes=19410 wrfail=0 down=4s maxout=4s
 357.037  t=354s RTT mean=19581 min=11912 max=26911 n=44 to=0 | cancels=0(+0/s) seqbad=0 len_bad=0 disc=0(0x00) | tot_n=19453 tot_to=0 maxever=39047 >2ms=19453 >5ms=19453 >15ms=6830 >20ms=1909 >30ms=67 | probes=19454 wrfail=0 down=4s maxout=4s
 357.037  t=355s RTT mean=19442 min=10884 max=29698 n=45 to=0 | cancels=0(+0/s) seqbad=0 len_bad=0 disc=0(0x00) | tot_n=19498 tot_to=0 maxever=39047 >2ms=19498 >5ms=19498 >15ms=6868 >20ms=1921 >30ms=67 | probes=19499 wrfail=0 down=4s maxout=4s
 359.022  t=356s RTT mean=19047 min=9042 max=34411 n=45 to=0 | cancels=0(+0/s) seqbad=0 len_bad=0 disc=0(0x00) | tot_n=19543 tot_to=0 maxever=39047 >2ms=19543 >5ms=19543 >15ms=6906 >20ms=1928 >30ms=68 | probes=19544 wrfail=0 down=4s maxout=4s
 359.022  t=357s RTT mean=19442 min=11912 max=34332 n=44 to=0 | cancels=0(+0/s) seqbad=0 len_bad=0 disc=0(0x00) | tot_n=19587 tot_to=0 maxever=39047 >2ms=19587 >5ms=19587 >15ms=6943 >20ms=1939 >30ms=69 | probes=19588 wrfail=0 down=4s maxout=4s
 361.000  t=358s RTT mean=20984 min=11912 max=34860 n=42 to=0 | cancels=0(+0/s) seqbad=0 len_bad=0 disc=0(0x00) | tot_n=19629 tot_to=0 maxever=39047 >2ms=19629 >5ms=19629 >15ms=6981 >20ms=1956 >30ms=72 | probes=19630 wrfail=0 down=4s maxout=4s
 361.056  t=359s RTT mean=19077 min=11913 max=25068 n=45 to=0 | cancels=0(+0/s) seqbad=0 len_bad=0 disc=0(0x00) | tot_n=19674 tot_to=0 maxever=39047 >2ms=19674 >5ms=19674 >15ms=7021 >20ms=1966 >30ms=72 | probes=19675 wrfail=0 down=4s maxout=4s
 363.046  t=360s RTT mean=19752 min=11912 max=36252 n=44 to=0 | cancels=0(+0/s) seqbad=0 len_bad=0 disc=0(0x00) | tot_n=19718 tot_to=0 maxever=39047 >2ms=19718 >5ms=19718 >15ms=7058 >20ms=1979 >30ms=73 | probes=19719 wrfail=0 down=4s maxout=4s
 363.046  t=361s RTT mean=19077 min=11912 max=26913 n=45 to=0 | cancels=0(+0/s) seqbad=0 len_bad=0 disc=0(0x00) | tot_n=19763 tot_to=0 maxever=39047 >2ms=19763 >5ms=19763 >15ms=7097 >20ms=1987 >30ms=73 | probes=19764 wrfail=0 down=4s maxout=4s
 365.017  t=362s RTT mean=18880 min=11912 max=28304 n=45 to=0 | cancels=0(+0/s) seqbad=0 len_bad=0 disc=0(0x00) | tot_n=19808 tot_to=0 maxever=39047 >2ms=19808 >5ms=19808 >15ms=7134 >20ms=1998 >30ms=73 | probes=19809 wrfail=0 down=4s maxout=4s
 365.017  t=363s RTT mean=18604 min=11468 max=26911 n=47 to=0 | cancels=0(+0/s) seqbad=0 len_bad=0 disc=0(0x00) | tot_n=19855 tot_to=0 maxever=39047 >2ms=19855 >5ms=19855 >15ms=7173 >20ms=2005 >30ms=73 | probes=19855 wrfail=0 down=4s maxout=4s
 366.995  t=364s RTT mean=18588 min=11912 max=26911 n=45 to=0 | cancels=0(+0/s) seqbad=0 len_bad=0 disc=0(0x00) | tot_n=19900 tot_to=0 maxever=39047 >2ms=19900 >5ms=19900 >15ms=7210 >20ms=2012 >30ms=73 | probes=19901 wrfail=0 down=4s maxout=4s
 367.055  PCTL target=125 tot=2694 to=0 p50=19 p90=24 p99=30 p99.9=34 max=36 g30=29 g100=0 (ms/counts)
 367.055  LOADRAMP: target=150 KBps for 60s
 367.055  t=365s RTT mean=19639 min=9029 max=36257 n=45 to=0 | cancels=0(+0/s) seqbad=0 len_bad=0 disc=0(0x00) | tot_n=19945 tot_to=0 maxever=39047 >2ms=19945 >5ms=19945 >15ms=7248 >20ms=2027 >30ms=75 | probes=19945 wrfail=0 down=4s maxout=4s
 369.019  t=366s RTT mean=21206 min=18012 max=26912 n=41 to=0 | cancels=0(+0/s) seqbad=0 len_bad=0 disc=0(0x00) | tot_n=19986 tot_to=0 maxever=39047 >2ms=19986 >5ms=19986 >15ms=7289 >20ms=2042 >30ms=75 | probes=19987 wrfail=0 down=4s maxout=4s
 369.019  t=367s RTT mean=20448 min=18013 max=26911 n=42 to=0 | cancels=0(+0/s) seqbad=0 len_bad=0 disc=0(0x00) | tot_n=20028 tot_to=0 maxever=39047 >2ms=20028 >5ms=20028 >15ms=7331 >20ms=2054 >30ms=75 | probes=20029 wrfail=0 down=4s maxout=4s
 370.997  t=368s RTT mean=20172 min=18012 max=26911 n=43 to=0 | cancels=0(+0/s) seqbad=0 len_bad=0 disc=0(0x00) | tot_n=20071 tot_to=0 maxever=39047 >2ms=20071 >5ms=20071 >15ms=7374 >20ms=2069 >30ms=75 | probes=20072 wrfail=0 down=4s maxout=4s
 371.057  t=369s RTT mean=19546 min=18013 max=26967 n=45 to=0 | cancels=0(+0/s) seqbad=0 len_bad=0 disc=0(0x00) | tot_n=20116 tot_to=0 maxever=39047 >2ms=20116 >5ms=20116 >15ms=7419 >20ms=2075 >30ms=75 | probes=20116 wrfail=0 down=4s maxout=4s
 373.007  t=370s RTT mean=20873 min=18010 max=32569 n=41 to=0 | cancels=0(+0/s) seqbad=0 len_bad=0 disc=0(0x00) | tot_n=20157 tot_to=0 maxever=39047 >2ms=20157 >5ms=20157 >15ms=7460 >20ms=2085 >30ms=77 | probes=20158 wrfail=0 down=4s maxout=4s
 373.058  t=371s RTT mean=20616 min=18012 max=33018 n=42 to=0 | cancels=0(+0/s) seqbad=0 len_bad=0 disc=0(0x00) | tot_n=20199 tot_to=0 maxever=39047 >2ms=20199 >5ms=20199 >15ms=7502 >20ms=2099 >30ms=78 | probes=20200 wrfail=0 down=4s maxout=4s
 375.043  t=372s RTT mean=20358 min=18015 max=26911 n=43 to=0 | cancels=0(+0/s) seqbad=0 len_bad=0 disc=0(0x00) | tot_n=20242 tot_to=0 maxever=39047 >2ms=20242 >5ms=20242 >15ms=7545 >20ms=2110 >30ms=78 | probes=20243 wrfail=0 down=4s maxout=4s
 375.043  t=373s RTT mean=20805 min=18020 max=26911 n=42 to=0 | cancels=0(+0/s) seqbad=0 len_bad=0 disc=0(0x00) | tot_n=20284 tot_to=0 maxever=39047 >2ms=20284 >5ms=20284 >15ms=7587 >20ms=2121 >30ms=78 | probes=20285 wrfail=0 down=4s maxout=4s
 377.031  t=374s RTT mean=20627 min=18013 max=37198 n=42 to=0 | cancels=0(+0/s) seqbad=0 len_bad=0 disc=0(0x00) | tot_n=20326 tot_to=0 maxever=39047 >2ms=20326 >5ms=20326 >15ms=7629 >20ms=2132 >30ms=79 | probes=20327 wrfail=0 down=4s maxout=4s
 377.031  t=375s RTT mean=20347 min=18012 max=26911 n=43 to=0 | cancels=0(+0/s) seqbad=0 len_bad=0 disc=0(0x00) | tot_n=20369 tot_to=0 maxever=39047 >2ms=20369 >5ms=20369 >15ms=7672 >20ms=2145 >30ms=79 | probes=20370 wrfail=0 down=4s maxout=4s
 379.039  t=376s RTT mean=20773 min=18010 max=26913 n=42 to=0 | cancels=0(+0/s) seqbad=0 len_bad=0 disc=0(0x00) | tot_n=20411 tot_to=0 maxever=39047 >2ms=20411 >5ms=20411 >15ms=7714 >20ms=2159 >30ms=79 | probes=20412 wrfail=0 down=4s maxout=4s
 379.039  t=377s RTT mean=21411 min=18013 max=34420 n=41 to=0 | cancels=0(+0/s) seqbad=0 len_bad=0 disc=0(0x00) | tot_n=20452 tot_to=0 maxever=39047 >2ms=20452 >5ms=20452 >15ms=7755 >20ms=2174 >30ms=81 | probes=20452 wrfail=0 down=4s maxout=4s
 381.044  t=378s RTT mean=19933 min=18010 max=28304 n=43 to=0 | cancels=0(+0/s) seqbad=0 len_bad=0 disc=0(0x00) | tot_n=20495 tot_to=0 maxever=39047 >2ms=20495 >5ms=20495 >15ms=7798 >20ms=2182 >30ms=81 | probes=20496 wrfail=0 down=4s maxout=4s
 381.044  t=379s RTT mean=20150 min=18012 max=26911 n=43 to=0 | cancels=0(+0/s) seqbad=0 len_bad=0 disc=0(0x00) | tot_n=20538 tot_to=0 maxever=39047 >2ms=20538 >5ms=20538 >15ms=7841 >20ms=2192 >30ms=81 | probes=20539 wrfail=0 down=4s maxout=4s
 383.040  t=380s RTT mean=19965 min=18012 max=26911 n=43 to=0 | cancels=0(+0/s) seqbad=0 len_bad=0 disc=0(0x00) | tot_n=20581 tot_to=0 maxever=39047 >2ms=20581 >5ms=20581 >15ms=7884 >20ms=2202 >30ms=81 | probes=20582 wrfail=0 down=4s maxout=4s
 383.041  t=381s RTT mean=20249 min=18011 max=28305 n=43 to=0 | cancels=0(+0/s) seqbad=0 len_bad=0 disc=0(0x00) | tot_n=20624 tot_to=0 maxever=39047 >2ms=20624 >5ms=20624 >15ms=7927 >20ms=2212 >30ms=81 | probes=20625 wrfail=0 down=4s maxout=4s
 385.002  t=382s RTT mean=20457 min=18012 max=28303 n=43 to=0 | cancels=0(+0/s) seqbad=0 len_bad=0 disc=0(0x00) | tot_n=20667 tot_to=0 maxever=39047 >2ms=20667 >5ms=20667 >15ms=7970 >20ms=2222 >30ms=81 | probes=20668 wrfail=0 down=4s maxout=4s
 385.062  t=383s RTT mean=20139 min=18012 max=28299 n=43 to=0 | cancels=0(+0/s) seqbad=0 len_bad=0 disc=0(0x00) | tot_n=20710 tot_to=0 maxever=39047 >2ms=20710 >5ms=20710 >15ms=8013 >20ms=2234 >30ms=81 | probes=20711 wrfail=0 down=4s maxout=4s
 387.024  t=384s RTT mean=20303 min=18012 max=28304 n=42 to=0 | cancels=0(+0/s) seqbad=0 len_bad=0 disc=0(0x00) | tot_n=20752 tot_to=0 maxever=39047 >2ms=20752 >5ms=20752 >15ms=8055 >20ms=2247 >30ms=81 | probes=20753 wrfail=0 down=4s maxout=4s
 387.024  t=385s RTT mean=20249 min=18012 max=26911 n=43 to=0 | cancels=0(+0/s) seqbad=0 len_bad=0 disc=0(0x00) | tot_n=20795 tot_to=0 maxever=39047 >2ms=20795 >5ms=20795 >15ms=8098 >20ms=2260 >30ms=81 | probes=20796 wrfail=0 down=4s maxout=4s
 389.002  t=386s RTT mean=19577 min=18011 max=25067 n=45 to=0 | cancels=0(+0/s) seqbad=0 len_bad=0 disc=0(0x00) | tot_n=20840 tot_to=0 maxever=39047 >2ms=20840 >5ms=20840 >15ms=8143 >20ms=2266 >30ms=81 | probes=20840 wrfail=0 down=4s maxout=4s
 389.063  t=387s RTT mean=19966 min=18012 max=28304 n=43 to=0 | cancels=0(+0/s) seqbad=0 len_bad=0 disc=0(0x00) | tot_n=20883 tot_to=0 maxever=39047 >2ms=20883 >5ms=20883 >15ms=8186 >20ms=2275 >30ms=81 | probes=20884 wrfail=0 down=4s maxout=4s
 390.999  t=388s RTT mean=20626 min=18012 max=33032 n=42 to=0 | cancels=0(+0/s) seqbad=0 len_bad=0 disc=0(0x00) | tot_n=20925 tot_to=0 maxever=39047 >2ms=20925 >5ms=20925 >15ms=8228 >20ms=2286 >30ms=82 | probes=20926 wrfail=0 down=4s maxout=4s
 391.051  t=389s RTT mean=19751 min=18011 max=26912 n=44 to=0 | cancels=0(+0/s) seqbad=0 len_bad=0 disc=0(0x00) | tot_n=20969 tot_to=0 maxever=39047 >2ms=20969 >5ms=20969 >15ms=8272 >20ms=2293 >30ms=82 | probes=20970 wrfail=0 down=4s maxout=4s
 393.027  t=390s RTT mean=19934 min=18013 max=26911 n=43 to=0 | cancels=0(+0/s) seqbad=0 len_bad=0 disc=0(0x00) | tot_n=21012 tot_to=0 maxever=39047 >2ms=21012 >5ms=21012 >15ms=8315 >20ms=2300 >30ms=82 | probes=21013 wrfail=0 down=4s maxout=4s
 393.027  t=391s RTT mean=20414 min=18010 max=32565 n=43 to=0 | cancels=0(+0/s) seqbad=0 len_bad=0 disc=0(0x00) | tot_n=21055 tot_to=0 maxever=39047 >2ms=21055 >5ms=21055 >15ms=8358 >20ms=2311 >30ms=83 | probes=21056 wrfail=0 down=4s maxout=4s
 394.997  t=392s RTT mean=21068 min=18012 max=29698 n=41 to=0 | cancels=0(+0/s) seqbad=0 len_bad=0 disc=0(0x00) | tot_n=21096 tot_to=0 maxever=39047 >2ms=21096 >5ms=21096 >15ms=8399 >20ms=2324 >30ms=83 | probes=21097 wrfail=0 down=4s maxout=4s
 395.057  t=393s RTT mean=21050 min=18013 max=34411 n=42 to=0 | cancels=0(+0/s) seqbad=0 len_bad=0 disc=0(0x00) | tot_n=21138 tot_to=0 maxever=39047 >2ms=21138 >5ms=21138 >15ms=8441 >20ms=2335 >30ms=85 | probes=21139 wrfail=0 down=4s maxout=4s
 397.004  t=394s RTT mean=22103 min=18013 max=41908 n=39 to=0 | cancels=0(+0/s) seqbad=0 len_bad=0 disc=0(0x00) | tot_n=21177 tot_to=0 maxever=41908 >2ms=21177 >5ms=21177 >15ms=8480 >20ms=2351 >30ms=86 | probes=21178 wrfail=0 down=4s maxout=4s
 397.058  t=395s RTT mean=21205 min=18013 max=33020 n=41 to=0 | cancels=0(+0/s) seqbad=0 len_bad=0 disc=0(0x00) | tot_n=21218 tot_to=0 maxever=41908 >2ms=21218 >5ms=21218 >15ms=8521 >20ms=2367 >30ms=88 | probes=21219 wrfail=0 down=4s maxout=4s
 398.997  t=396s RTT mean=20205 min=18013 max=28304 n=43 to=0 | cancels=0(+0/s) seqbad=0 len_bad=0 disc=0(0x00) | tot_n=21261 tot_to=0 maxever=41908 >2ms=21261 >5ms=21261 >15ms=8564 >20ms=2377 >30ms=88 | probes=21262 wrfail=0 down=4s maxout=4s
 399.056  t=397s RTT mean=19816 min=18011 max=25070 n=44 to=0 | cancels=0(+0/s) seqbad=0 len_bad=0 disc=0(0x00) | tot_n=21305 tot_to=0 maxever=41908 >2ms=21305 >5ms=21305 >15ms=8608 >20ms=2388 >30ms=88 | probes=21306 wrfail=0 down=4s maxout=4s
 401.041  t=398s RTT mean=20526 min=18013 max=32568 n=42 to=0 | cancels=0(+0/s) seqbad=0 len_bad=0 disc=0(0x00) | tot_n=21347 tot_to=0 maxever=41908 >2ms=21347 >5ms=21347 >15ms=8650 >20ms=2401 >30ms=89 | probes=21348 wrfail=0 down=4s maxout=4s
 401.041  t=399s RTT mean=22187 min=18009 max=34411 n=40 to=0 | cancels=0(+0/s) seqbad=0 len_bad=0 disc=0(0x00) | tot_n=21387 tot_to=0 maxever=41908 >2ms=21387 >5ms=21387 >15ms=8690 >20ms=2418 >30ms=94 | probes=21388 wrfail=0 down=4s maxout=4s
 403.044  t=400s RTT mean=20872 min=18012 max=26921 n=42 to=0 | cancels=0(+0/s) seqbad=0 len_bad=0 disc=0(0x00) | tot_n=21429 tot_to=0 maxever=41908 >2ms=21429 >5ms=21429 >15ms=8732 >20ms=2433 >30ms=94 | probes=21430 wrfail=0 down=4s maxout=4s
 403.044  t=401s RTT mean=20481 min=18011 max=26911 n=42 to=0 | cancels=0(+0/s) seqbad=0 len_bad=0 disc=0(0x00) | tot_n=21471 tot_to=0 maxever=41908 >2ms=21471 >5ms=21471 >15ms=8774 >20ms=2447 >30ms=94 | probes=21472 wrfail=0 down=4s maxout=4s
 405.030  t=402s RTT mean=21151 min=18011 max=33013 n=42 to=0 | cancels=0(+0/s) seqbad=0 len_bad=0 disc=0(0x00) | tot_n=21513 tot_to=0 maxever=41908 >2ms=21513 >5ms=21513 >15ms=8816 >20ms=2466 >30ms=95 | probes=21513 wrfail=0 down=4s maxout=4s
 405.030  t=403s RTT mean=20690 min=18010 max=28304 n=41 to=0 | cancels=0(+0/s) seqbad=0 len_bad=0 disc=0(0x00) | tot_n=21554 tot_to=0 maxever=41908 >2ms=21554 >5ms=21554 >15ms=8857 >20ms=2480 >30ms=95 | probes=21555 wrfail=0 down=4s maxout=4s
 407.011  t=404s RTT mean=22421 min=18012 max=39120 n=40 to=0 | cancels=0(+0/s) seqbad=0 len_bad=0 disc=0(0x00) | tot_n=21594 tot_to=0 maxever=41908 >2ms=21594 >5ms=21594 >15ms=8897 >20ms=2500 >30ms=98 | probes=21595 wrfail=0 down=4s maxout=4s
 407.071  t=405s RTT mean=20692 min=18007 max=35804 n=42 to=0 | cancels=0(+0/s) seqbad=0 len_bad=0 disc=0(0x00) | tot_n=21636 tot_to=0 maxever=41908 >2ms=21636 >5ms=21636 >15ms=8939 >20ms=2513 >30ms=99 | probes=21637 wrfail=0 down=4s maxout=4s
 409.052  t=406s RTT mean=20840 min=18013 max=26911 n=41 to=0 | cancels=0(+0/s) seqbad=0 len_bad=0 disc=0(0x00) | tot_n=21677 tot_to=0 maxever=41908 >2ms=21677 >5ms=21677 >15ms=8980 >20ms=2524 >30ms=99 | probes=21678 wrfail=0 down=4s maxout=4s
 409.052  t=407s RTT mean=20347 min=18010 max=28306 n=43 to=0 | cancels=0(+0/s) seqbad=0 len_bad=0 disc=0(0x00) | tot_n=21720 tot_to=0 maxever=41908 >2ms=21720 >5ms=21720 >15ms=9023 >20ms=2535 >30ms=99 | probes=21721 wrfail=0 down=4s maxout=4s
 411.031  t=408s RTT mean=19719 min=18011 max=26911 n=44 to=0 | cancels=0(+0/s) seqbad=0 len_bad=0 disc=0(0x00) | tot_n=21764 tot_to=0 maxever=41908 >2ms=21764 >5ms=21764 >15ms=9067 >20ms=2546 >30ms=99 | probes=21765 wrfail=0 down=4s maxout=4s
 411.031  t=409s RTT mean=20456 min=18012 max=26911 n=43 to=0 | cancels=0(+0/s) seqbad=0 len_bad=0 disc=0(0x00) | tot_n=21807 tot_to=0 maxever=41908 >2ms=21807 >5ms=21807 >15ms=9110 >20ms=2559 >30ms=99 | probes=21807 wrfail=0 down=4s maxout=4s
 413.023  t=410s RTT mean=20694 min=18013 max=28304 n=42 to=0 | cancels=0(+0/s) seqbad=0 len_bad=0 disc=0(0x00) | tot_n=21849 tot_to=0 maxever=41908 >2ms=21849 >5ms=21849 >15ms=9152 >20ms=2573 >30ms=99 | probes=21850 wrfail=0 down=4s maxout=4s
 413.024  t=411s RTT mean=20977 min=18012 max=32569 n=41 to=0 | cancels=0(+0/s) seqbad=0 len_bad=0 disc=0(0x00) | tot_n=21890 tot_to=0 maxever=41908 >2ms=21890 >5ms=21890 >15ms=9193 >20ms=2586 >30ms=101 | probes=21891 wrfail=0 down=4s maxout=4s
 415.007  t=412s RTT mean=20282 min=18012 max=26913 n=43 to=0 | cancels=0(+0/s) seqbad=0 len_bad=0 disc=0(0x00) | tot_n=21933 tot_to=0 maxever=41908 >2ms=21933 >5ms=21933 >15ms=9236 >20ms=2598 >30ms=101 | probes=21934 wrfail=0 down=4s maxout=4s
 415.063  t=413s RTT mean=19975 min=18012 max=26911 n=43 to=0 | cancels=0(+0/s) seqbad=0 len_bad=0 disc=0(0x00) | tot_n=21976 tot_to=0 maxever=41908 >2ms=21976 >5ms=21976 >15ms=9279 >20ms=2609 >30ms=101 | probes=21977 wrfail=0 down=4s maxout=4s
 417.045  t=414s RTT mean=20250 min=18010 max=33018 n=43 to=0 | cancels=0(+0/s) seqbad=0 len_bad=0 disc=0(0x00) | tot_n=22019 tot_to=0 maxever=41908 >2ms=22019 >5ms=22019 >15ms=9322 >20ms=2616 >30ms=102 | probes=22020 wrfail=0 down=4s maxout=4s
 417.045  t=415s RTT mean=20346 min=18012 max=26911 n=43 to=0 | cancels=0(+0/s) seqbad=0 len_bad=0 disc=0(0x00) | tot_n=22062 tot_to=0 maxever=41908 >2ms=22062 >5ms=22062 >15ms=9365 >20ms=2628 >30ms=102 | probes=22063 wrfail=0 down=4s maxout=4s
 419.021  t=416s RTT mean=21023 min=18012 max=33961 n=41 to=0 | cancels=0(+0/s) seqbad=0 len_bad=0 disc=0(0x00) | tot_n=22103 tot_to=0 maxever=41908 >2ms=22103 >5ms=22103 >15ms=9406 >20ms=2641 >30ms=103 | probes=22104 wrfail=0 down=4s maxout=4s
 419.021  t=417s RTT mean=20456 min=18011 max=26911 n=43 to=0 | cancels=0(+0/s) seqbad=0 len_bad=0 disc=0(0x00) | tot_n=22146 tot_to=0 maxever=41908 >2ms=22146 >5ms=22146 >15ms=9449 >20ms=2654 >30ms=103 | probes=22147 wrfail=0 down=4s maxout=4s
 420.999  t=418s RTT mean=20660 min=18010 max=26911 n=42 to=0 | cancels=0(+0/s) seqbad=0 len_bad=0 disc=0(0x00) | tot_n=22188 tot_to=0 maxever=41908 >2ms=22188 >5ms=22188 >15ms=9491 >20ms=2671 >30ms=103 | probes=22189 wrfail=0 down=4s maxout=4s
 421.058  t=419s RTT mean=20281 min=18013 max=31620 n=43 to=0 | cancels=0(+0/s) seqbad=0 len_bad=0 disc=0(0x00) | tot_n=22231 tot_to=0 maxever=41908 >2ms=22231 >5ms=22231 >15ms=9534 >20ms=2683 >30ms=104 | probes=22232 wrfail=0 down=4s maxout=4s
 423.046  t=420s RTT mean=20515 min=18013 max=28304 n=42 to=0 | cancels=0(+0/s) seqbad=0 len_bad=0 disc=0(0x00) | tot_n=22273 tot_to=0 maxever=41908 >2ms=22273 >5ms=22273 >15ms=9576 >20ms=2695 >30ms=104 | probes=22274 wrfail=0 down=4s maxout=4s
 423.046  t=421s RTT mean=20761 min=18013 max=34413 n=42 to=0 | cancels=0(+0/s) seqbad=0 len_bad=0 disc=0(0x00) | tot_n=22315 tot_to=0 maxever=41908 >2ms=22315 >5ms=22315 >15ms=9618 >20ms=2708 >30ms=105 | probes=22316 wrfail=0 down=4s maxout=4s
 425.022  t=422s RTT mean=20456 min=18011 max=31099 n=43 to=0 | cancels=0(+0/s) seqbad=0 len_bad=0 disc=0(0x00) | tot_n=22358 tot_to=0 maxever=41908 >2ms=22358 >5ms=22358 >15ms=9661 >20ms=2720 >30ms=106 | probes=22358 wrfail=0 down=4s maxout=4s
 425.022  t=423s RTT mean=20671 min=18013 max=28304 n=42 to=0 | cancels=0(+0/s) seqbad=0 len_bad=0 disc=0(0x00) | tot_n=22400 tot_to=0 maxever=41908 >2ms=22400 >5ms=22400 >15ms=9703 >20ms=2732 >30ms=106 | probes=22401 wrfail=0 down=4s maxout=4s
 427.053  t=424s RTT mean=20693 min=18010 max=34411 n=42 to=0 | cancels=0(+0/s) seqbad=0 len_bad=0 disc=0(0x00) | tot_n=22442 tot_to=0 maxever=41908 >2ms=22442 >5ms=22442 >15ms=9745 >20ms=2744 >30ms=107 | probes=22443 wrfail=0 down=4s maxout=4s
 427.053  PCTL target=150 tot=2542 to=0 p50=19 p90=25 p99=32 p99.9=36 max=41 g30=33 g100=0 (ms/counts)
 427.053  LOADRAMP: cycle complete
 427.053  LOADRAMP: target=0 KBps for 60s
 427.053  t=425s RTT mean=16952 min=9040 max=22196 n=50 to=0 | cancels=0(+0/s) seqbad=0 len_bad=0 disc=0(0x00) | tot_n=22492 tot_to=0 maxever=41908 >2ms=22492 >5ms=22492 >15ms=9779 >20ms=2748 >30ms=107 | probes=22493 wrfail=0 down=4s maxout=4s
 429.025  t=426s RTT mean=12146 min=11910 max=19422 n=65 to=0 | cancels=0(+0/s) seqbad=0 len_bad=0 disc=0(0x00) | tot_n=22557 tot_to=0 maxever=41908 >2ms=22557 >5ms=22557 >15ms=9781 >20ms=2748 >30ms=107 | probes=22558 wrfail=0 down=4s maxout=4s
 429.025  t=427s RTT mean=12142 min=11911 max=19415 n=66 to=0 | cancels=0(+0/s) seqbad=0 len_bad=0 disc=0(0x00) | tot_n=22623 tot_to=0 maxever=41908 >2ms=22623 >5ms=22623 >15ms=9783 >20ms=2748 >30ms=107 | probes=22624 wrfail=0 down=4s maxout=4s
 431.054  t=428s RTT mean=11915 min=11912 max=11932 n=67 to=0 | cancels=0(+0/s) seqbad=0 len_bad=0 disc=0(0x00) | tot_n=22690 tot_to=0 maxever=41908 >2ms=22690 >5ms=22690 >15ms=9783 >20ms=2748 >30ms=107 | probes=22691 wrfail=0 down=4s maxout=4s
 431.054  t=429s RTT mean=12145 min=11900 max=19415 n=65 to=0 | cancels=0(+0/s) seqbad=0 len_bad=0 disc=0(0x00) | tot_n=22755 tot_to=0 maxever=41908 >2ms=22755 >5ms=22755 >15ms=9785 >20ms=2748 >30ms=107 | probes=22756 wrfail=0 down=4s maxout=4s
 433.054  t=430s RTT mean=11915 min=11912 max=11933 n=67 to=0 | cancels=0(+0/s) seqbad=0 len_bad=0 disc=0(0x00) | tot_n=22822 tot_to=0 maxever=41908 >2ms=22822 >5ms=22822 >15ms=9785 >20ms=2748 >30ms=107 | probes=22823 wrfail=0 down=4s maxout=4s
 433.054  t=431s RTT mean=12261 min=11912 max=19421 n=65 to=0 | cancels=0(+0/s) seqbad=0 len_bad=0 disc=0(0x00) | tot_n=22887 tot_to=0 maxever=41908 >2ms=22887 >5ms=22887 >15ms=9788 >20ms=2748 >30ms=107 | probes=22888 wrfail=0 down=4s maxout=4s
 434.997  t=432s RTT mean=12261 min=11468 max=19417 n=65 to=0 | cancels=0(+0/s) seqbad=0 len_bad=0 disc=0(0x00) | tot_n=22952 tot_to=0 maxever=41908 >2ms=22952 >5ms=22952 >15ms=9791 >20ms=2748 >30ms=107 | probes=22953 wrfail=0 down=4s maxout=4s
 435.058  t=433s RTT mean=12377 min=11912 max=26915 n=65 to=0 | cancels=0(+0/s) seqbad=0 len_bad=0 disc=0(0x00) | tot_n=23017 tot_to=0 maxever=41908 >2ms=23017 >5ms=23017 >15ms=9794 >20ms=2749 >30ms=107 | probes=23018 wrfail=0 down=4s maxout=4s
 437.000  t=434s RTT mean=12262 min=11912 max=19431 n=65 to=0 | cancels=0(+0/s) seqbad=0 len_bad=0 disc=0(0x00) | tot_n=23082 tot_to=0 maxever=41908 >2ms=23082 >5ms=23082 >15ms=9797 >20ms=2749 >30ms=107 | probes=23083 wrfail=0 down=4s maxout=4s
 437.060  t=435s RTT mean=11915 min=11912 max=11948 n=67 to=0 | cancels=0(+0/s) seqbad=0 len_bad=0 disc=0(0x00) | tot_n=23149 tot_to=0 maxever=41908 >2ms=23149 >5ms=23149 >15ms=9797 >20ms=2749 >30ms=107 | probes=23150 wrfail=0 down=4s maxout=4s
 438.999  t=436s RTT mean=12029 min=11901 max=19414 n=66 to=0 | cancels=0(+0/s) seqbad=0 len_bad=0 disc=0(0x00) | tot_n=23215 tot_to=0 maxever=41908 >2ms=23215 >5ms=23215 >15ms=9798 >20ms=2749 >30ms=107 | probes=23216 wrfail=0 down=4s maxout=4s
 439.058  t=437s RTT mean=12142 min=11912 max=19415 n=66 to=0 | cancels=0(+0/s) seqbad=0 len_bad=0 disc=0(0x00) | tot_n=23281 tot_to=0 maxever=41908 >2ms=23281 >5ms=23281 >15ms=9800 >20ms=2749 >30ms=107 | probes=23282 wrfail=0 down=4s maxout=4s
 441.052  t=438s RTT mean=12262 min=11468 max=19414 n=65 to=0 | cancels=0(+0/s) seqbad=0 len_bad=0 disc=0(0x00) | tot_n=23346 tot_to=0 maxever=41908 >2ms=23346 >5ms=23346 >15ms=9803 >20ms=2749 >30ms=107 | probes=23347 wrfail=0 down=4s maxout=4s
 441.053  t=439s RTT mean=12142 min=11912 max=19414 n=66 to=0 | cancels=0(+0/s) seqbad=0 len_bad=0 disc=0(0x00) | tot_n=23412 tot_to=0 maxever=41908 >2ms=23412 >5ms=23412 >15ms=9805 >20ms=2749 >30ms=107 | probes=23413 wrfail=0 down=4s maxout=4s
 443.048  t=440s RTT mean=12146 min=11911 max=19414 n=65 to=0 | cancels=0(+0/s) seqbad=0 len_bad=0 disc=0(0x00) | tot_n=23477 tot_to=0 maxever=41908 >2ms=23477 >5ms=23477 >15ms=9807 >20ms=2749 >30ms=107 | probes=23478 wrfail=0 down=4s maxout=4s
 443.048  t=441s RTT mean=12027 min=11912 max=19415 n=67 to=0 | cancels=0(+0/s) seqbad=0 len_bad=0 disc=0(0x00) | tot_n=23544 tot_to=0 maxever=41908 >2ms=23544 >5ms=23544 >15ms=9808 >20ms=2749 >30ms=107 | probes=23544 wrfail=0 down=4s maxout=4s
 445.046  t=442s RTT mean=12384 min=11912 max=19415 n=64 to=0 | cancels=0(+0/s) seqbad=0 len_bad=0 disc=0(0x00) | tot_n=23608 tot_to=0 maxever=41908 >2ms=23608 >5ms=23608 >15ms=9812 >20ms=2749 >30ms=107 | probes=23609 wrfail=0 down=4s maxout=4s
 445.046  t=443s RTT mean=12142 min=11911 max=19415 n=66 to=0 | cancels=0(+0/s) seqbad=0 len_bad=0 disc=0(0x00) | tot_n=23674 tot_to=0 maxever=41908 >2ms=23674 >5ms=23674 >15ms=9814 >20ms=2749 >30ms=107 | probes=23675 wrfail=0 down=4s maxout=4s
 447.016  t=444s RTT mean=12384 min=11911 max=19415 n=64 to=0 | cancels=0(+0/s) seqbad=0 len_bad=0 disc=0(0x00) | tot_n=23738 tot_to=0 maxever=41908 >2ms=23738 >5ms=23738 >15ms=9818 >20ms=2749 >30ms=107 | probes=23739 wrfail=0 down=4s maxout=4s
 447.073  t=445s RTT mean=12142 min=11912 max=19421 n=66 to=0 | cancels=0(+0/s) seqbad=0 len_bad=0 disc=0(0x00) | tot_n=23804 tot_to=0 maxever=41908 >2ms=23804 >5ms=23804 >15ms=9820 >20ms=2749 >30ms=107 | probes=23805 wrfail=0 down=4s maxout=4s
 449.022  t=446s RTT mean=12142 min=11911 max=19414 n=66 to=0 | cancels=0(+0/s) seqbad=0 len_bad=0 disc=0(0x00) | tot_n=23870 tot_to=0 maxever=41908 >2ms=23870 >5ms=23870 >15ms=9822 >20ms=2749 >30ms=107 | probes=23871 wrfail=0 down=4s maxout=4s
 449.022  t=447s RTT mean=12028 min=11912 max=19414 n=66 to=0 | cancels=0(+0/s) seqbad=0 len_bad=0 disc=0(0x00) | tot_n=23936 tot_to=0 maxever=41908 >2ms=23936 >5ms=23936 >15ms=9823 >20ms=2749 >30ms=107 | probes=23937 wrfail=0 down=4s maxout=4s
