:1000000080C00020711A00005DC101005D1A00006F
:100010005D1A00005D1A00005D1A00005D1A000004
:10002000000000000000000000000000A91A00000D
:100030005D1A0000000000007D1C00005D1A000039
:10004000FD1C0000FD1C0000FD1C0000FD1C00004C
:10005000FD1C0000FD1C0000FD1C0000FD1C00003C
:10006000FD1C0000FD1C0000FD1C0000FD1C00002C
:10007000FD1C0000FD1C0000FD1C0000FD1C00001C
:10008000FD1C0000FD1C0000FD1C0000FD1C00000C
:10009000FD1C0000FD1C0000FD1C0000FD1C0000FC
:1000A000FD1C0000FD1C0000FD1C0000FD1C0000EC
:1000B000FD1C0000FD1C0000FD1C0000FD1C0000DC
:1000C000FD1C0000FD1C0000FD1C0000FD1C0000CC
:1000D000FD1C0000FD1C0000FD1C0000FD1C0000BC
:1000E000FD1C0000FD1C0000FD1C0000FD1C0000AC
:1000F000FD1C0000FD1C0000FD1C0000FD1C00009C
:10010000FD1C0000FD1C0000FD1C0000FD1C00008B
:10011000FD1C0000FD1C0000FD1C0000FD1C00007B
:10012000FD1C0000FD1C0000FD1C0000FD1C00006B
:10013000FD1C0000FD1C0000FD1C0000FD1C00005B
:10014000FD1C0000FD1C0000FD1C0000FD1C00004B
:10015000FD1C0000FD1C0000FD1C0000FD1C00003B
:10016000FD1C0000FD1C0000FD1C0000FD1C00002B
:10017000FD1C0000FD1C0000FD1C0000FD1C00001B
:10018000FD1C0000FD1C0000FD1C0000FD1C00000B
:10019000FD1C0000FD1C0000FD1C0000FD1C0000FB
:1001A000FD1C0000FD1C0000FD1C0000FD1C0000EB
:1001B000FD1C0000FD1C0000FD1C0000FD1C0000DB
:1001C000FD1C0000FD1C0000FD1C0000FD1C0000CB
:1001D000FD1C0000FD1C0000FD1C0000FD1C0000BB
:1001E000FD1C0000FD1C0000FD1C0000FD1C0000AB
:1001F000FD1C0000FD1C0000FD1C0000FD1C00009B
:10020000FD1C0000FD1C0000FD1C0000FD1C00008A
:10021000FD1C0000FD1C0000FD1C0000FD1C00007A
:10022000FD1C0000FD1C0000FD1C0000FD1C00006A
:10023000FD1C0000FD1C0000FD1C0000FD1C00005A
:10024000FD1C0000FD1C0000FD1C0000FD1C00004A
:10025000FD1C0000FD1C0000FD1C0000FD1C00003A
:10026000FD1C0000FD1C000025390100FD1C0000E4
:10027000FD1C0000FD1C0000FD1C0000FD1C00001A
:10028000FD1C0000FD1C0000FD1C0000FD1C00000A
:10029000FD1C0000FD1C0000FD1C0000FD1C0000FA
:1002A000FD1C0000FD1C0000FD1C0000FD1C0000EA
:1002B000FD1C0000FD1C0000FD1C0000FD1C0000DA
:1002C000FD1C0000FD1C0000FD1C0000FD1C0000CA
:1002D000FD1C0000FD1C0000FD1C0000FD1C0000BA
:1002E000FD1C0000FD1C0000FD1C0000FD1C0000AA
:1002F000FD1C0000FD1C0000FD1C0000FD1C00009A
:10030000FD1C0000FD1C0000FD1C0000FD1C000089
:10031000FD1C0000FD1C0000FD1C0000FD1C000079
:10032000FD1C0000FD1C0000FD1C0000FD1C000069
:10033000FD1C0000FD1C0000FD1C0000FD1C000059
:10034000FD1C0000FD1C0000FD1C0000FD1C000049
:10035000FD1C0000FD1C0000FD1C0000FD1C000039
:10036000FD1C0000FD1C0000FD1C0000FD1C000029
:10037000FD1C0000FD1C0000FD1C0000FD1C000019
:10038000FD1C0000FD1C0000FD1C0000FD1C000009
:10039000FD1C0000FD1C0000FD1C0000FD1C0000F9
:1003A000FD1C0000FD1C0000FD1C0000FD1C0000E9
:1003B000FD1C0000FD1C0000FD1C0000FD1C0000D9
:1003C000FD1C0000FD1C0000FD1C0000FD1C0000C9
:1003D000FD1C0000FD1C0000FD1C0000FD1C0000B9
:1003E000FD1C0000FD1C0000FD1C0000FD1C0000A9
:1003F000FD1C0000FD1C0000FD1C0000FD1C000099
:10040000FD1C0000FD1C0000FD1C0000FD1C000088
:10041000FD1C0000FD1C0000FD1C0000FD1C000078
:10042000FD1C0000FD1C0000FD1C0000FD1C000068
:10043000FD1C0000FD1C0000FD1C0000FD1C000058
:10044000FD1C0000FD1C0000FD1C0000FD1C000048
:10045000FD1C0000FD1C0000FD1C0000FD1C000038
:10046000FD1C0000FD1C0000FD1C0000FD1C000028
:0C047000FD1C0000FD1C0000FD1C000035
:1004800053B94AB9002908BF00281CBF4FF0FF31FB
:100490004FF0FF3000F00CB8ADF1080C6DE904CE60
:1004A00000F018F8DDF804E0DDE9022304B070473D
:1004B000704700BF034611F8012B03F8012B002AF7
:1004C000F9D17047034613F8012B002AFBD1181A03
:1004D000013870472DE9F0478C468E46089E154638
:1004E00004461946002B40F0D080724547D9B2FA35
:1004F00082F74FB1C7F120030EFA07FCBD40BC40A4
:1005000020FA03F343EA0C0C4FEA154EA8B2230C71
:10051000BCFBFEF80EFB18CC08FB00F943EA0C43C9
:10052000994528D9EB1808F1FF3204D2994502D930
:10053000A8F102022B44A3EB0903A4B2B3FBFEFC17
:100540000EFB1C330CFB00F044EA0344A04214D918
:100550002C190CF1FF3304D2A04202D9ACF10203F2
:100560002C44241A43EA02401EB1FC4000233460AC
:100570007360BDE8F0874246DDE76346F1E7002A95
:1005800079D0B2FA82F3002B3FD01946C1F1200393
:1005900002FA01F500FA01F42EFA03F20EFA01FE56
:1005A00020FA03F3AFB243EA0E034FEA154EB2FB53
:1005B000FEFC0EFB1C201A0C0CFB07F842EA004262
:1005C00090455AD9AA180CF1FF3004D2904502D9AF
:1005D000ACF102002A44A2EB08029BB2B2FBFEFC83
:1005E0000EFB1C220CFB07F743EA02439F4246D94D
:1005F000EB180CF1FF3204D29F4202D9ACF1020297
:100600002B44DB1B42EA004202E0AEEB0203012274
:100610004FEA154EAFB2200CB3FBFEFC0EFB1C33B1
:100620000CFB07F840EA034398452AD9EB180CF174
:10063000FF3004D2984502D9ACF102002B44A3EB61
:100640000803A4B2B3FBFEFC0EFB1C330CFB07F744
:1006500044EA0344A74216D92C190CF1FF3304D203
:10066000A74202D9ACF102032C44E41B43EA004048
:100670000F46114678E71F2188E76046ABE76246E0
:10068000BFE76046DBE76346EFE7734506D916B977
:10069000002108466DE7C6E9000EF9E7B3FA83F7D3
:1006A00087B9734501D3824207D8841A6EEB0303DE
:1006B00001209C461EB900215BE73846FAE7C6E9EF
:1006C000004CF8E7C7F1200CBB4000FA07F422FA0F
:1006D0000CF520FA0CF1BA401D432EFA0CF30EFA79
:1006E00007FE4FEA154941EA0E011FFA85FEB3FBEA
:1006F000F9F809FB18300B0C08FB0EFA43EA00432B
:100700009A4540D9EB1808F1FF3004D29A4502D936
:10071000A8F102002B44A3EB0A0389B2B3FBF9F85A
:1007200009FB183308FB0EFE41EA03418E452CD924
:10073000691808F1FF3304D28E4502D9A8F10203EB
:10074000294443EA0040A1EB0E01A0FB0298414579
:10075000CE46434602D306D14C4504D20138B9EB0C
:10076000020E68EB0503002EA5D0B4EB0E0261EB80
:10077000030101FA0CFC22FA07F3F9404CEA0303E7
:10078000C6E9003197E74046C5E74346D9E7000090
:10079000F7B5002240F60340114602F045FA044640
:1007A000002853D102F078F9214641F2030001AA52
:1007B00002F03AFA0446002848D1019A254DD16842
:1007C00005F17803D1F80100D1F8051003C31046F4
:1007D00001F0FEFD214641F2010001AA02F024FAD7
:1007E000044698BB0198C3685A7885F870205A88E7
:1007F000A5F872201A7985F87120B3F80720A5F8BA
:100800007420B3F80530A5F8763001F0E1FD2146FB
:1008100041F2020001AA02F007FA0446B0B9019FB2
:1008200005F18006FA68531C41323446186859684D
:10083000083303C493422646F7D1384601F0C8FD79
:1008400095F87C305F0607D46FF01204204603B0A1
:10085000F0BD00BF0000002095F8AF1001AA11F014
:10086000040100F04581002142F2870002F0DCF92A
:1008700004460028EAD1019ABF4FD468A31C223451
:100880003E4618685968083303C6A3423746F7D175
:10089000104601F09DFD002142F2020001AA02F083
:1008A000C3F904460028D1D1019CE368B3F80120C4
:1008B00091B241B1D97831B1A5F81421DA78AF48B5
:1008C00011461FF0A5FC204601F082FD95F87C60E2
:1008D00016F0200619D14FF0FF304FF0FF3102F033
:1008E000FFF80446002800F02C8102210C301BF098
:1008F0000FFD0123214603704670324640F66D40DD
:1009000002F092F904460028A0D195F89C301E0709
:1009100012D5002142F21C0001AA02F085F904461A
:10092000002893D10198C368D3F80120D3F805308B
:10093000C5E93E2301F04CFD95F8D8305C0610D592
:10094000002142F22A0001AA02F06EF904460028B2
:100950007FF47CAF0198C3685B7885F8283101F09B
:1009600037FD4FF0FF304FF0FF3102F0B9F8064687
:10097000002800F0E68008210C301BF0C9FC95F837
:10098000D84040F2022314F0400F08BF032314F0B4
:1009900002011ABF43F02C03002143F00C0302466E
:1009A000A00695F8D90048BF43F0400310F0090FA6
:1009B00095F9DF0018BF43F400630028B8BF4FF477
:1009C000806195F8E00004F00104870748BF41F416
:1009D000801143EA04101BF0B0FF0022314642F2BE
:1009E000010002F021F9044600287FF42FAF95F8AA
:1009F0007C30B5F81411980600F18B80C9B941F22A
:100A0000050001AA02F010F9044600287FF41EAF89
:100A1000B5F81431019C4BB9E368B3F80120A5F88F
:100A200014219A88554811461FF0F2FB204601F028
:100A3000CFFC4FF0FF304FF0FF3102F051F8044689
:100A400000287ED008210C301BF062FC95F8D830CD
:100A50000246D90762D44FF0005149481BF06DFFA0
:100A60002146002240F6014002F0DEF8044600284C
:100A70007FF4ECAE014601AA4FF6014002F0D4F833
:100A8000044620BB019801F0A3FC21464FF602402A
:100A900001AA02F0C9F80446C8B90198C368B3F8BE
:100AA0000130A5F8C13001F093FC95F8C1305A0728
:100AB0000DD521464FF6034001AA02F0B5F830B932
:100AC0000198C3685B7885F8C03001F081FCEB7950
:100AD00043BB02F07DFE044600287FF4B7AE04F06D
:100AE00093FA044600287FF4B1AE02F03DF8ADE67B
:100AF00042F2030002F098F8044600287FF4A6AE04
:100B0000019A1D4BD168D1F80100D1F8051003C33B
:100B1000BEE600298DD16FF0040497E614A1D1E957
:100B200000019BE72E78002ED3D195F8C1309B06AB
:100B30002AD54FF0FF304FF0FF3101F0D1FF0446CE
:100B400010B96FF0680481E606210C301BF0E0FB61
:100B5000D5F80130214603600A4B32469B888380DA
:100B60004FF6064002F060F804460028B1D06DE66A
:100B70009088000200800020D8000020180100208A
:100B800010880002010000206FF085045EE600BFBF
:100B900070B5044604F06EFA0A2201460646142097
:100BA00004F0CAFA054608B314230A2184F86D300C
:100BB00084F86C600C301BF0ABFBB4F86A3029464B
:100BC0000380A38A4380E38A8380238BC380E36905
:100BD000038120681CF0E1FD30B907A3D3E90023AD
:100BE00004F1700018F00CFB002070BD6FF00B00DA
:100BF000FBE700BFAFF30080D0121300000000003D
:100C00002DE9F047044640F2712690F84C0094F824
:100C10003830C0F3400060F386138CB004F13B0120
:100C200084F8383008F01EFF0021B4F84230404DFF
:100C3000404AA3FB0663651B94F83830A2FB0525E8
:100C4000A26C03F0790384F8383002F21313B34234
:100C500032BF184630460A46C4E9021121702461A9
:100C60006264606008F0B2FE6369C5F3871500F244
:100C70001317002B48D00DF12C0991214FF0000AD9
:100C80004FF00208CDF820900694B4F842302A4A7A
:100C90002A480792A3FB000201FB0321284BCDF851
:100CA0000CA005936368CDF82C8004931EA3D3E9B0
:100CB0000023FFF7E5FB104619464FF47A72002334
:100CC000FFF7DEFB0235EDB22A463B460321CDE9B4
:100CD0000160CDF800A0504608F04EFD494609F0ED
:100CE00093FB054660B994F84C30404643F001034D
:100CF00084F84C3012F0ECFA28460CB0BDE8F087CE
:100D00000C200CB0BDE8F0870DF12C09CDE90A33B9
:100D100003204B4661680AAA11F07CFC0028ACD184
:100D2000DDE90A371F44A8E700CA9A3B000000002B
:100D3000D8100020CDCCCCCCCD9A0000002AE7847E
:100D4000D9C300000B4607B509785A8809B9064887
:100D500002805878019018790090DB8803481BF0D6
:100D600081F803B05DF804FBD48A00202A3B02001E
:100D700008B503481BF076F80022024B1A7008BD34
:100D8000783B0200F78B002008B50C4B1A78A2B90B
:100D90000B4A106888B101221A700A4A0A4B0949A5
:100DA00053604FF40073D382802204F01DFBBDE832
:100DB0000840014605481BF055B808BDF68B0020D9
:100DC00018170020D0080020182802008C3B0200D1
:100DD00008B506488A8809881BF044F804481FF0C3
:100DE00009FBBDE80840FFF7CFBF00BFA63B0200EC
:100DF000A00800201FB53023074A0849CDE9012388
:100E0000002301A8039302F07FFF014604481BF072
:100E100029F805B05DF804FB01006000B50F000083
:100E2000C03B020038B5002409481BF01BF80948F4
:100E30001FF0E0FA084D094B28681C70084B1C7025
:100E400010B103F0A9FA2C60BDE83840FFF7D2BF1B
:100E5000D23B0200A008002018170020F78B0020CA
:100E6000F68B002037B50C464A78054609780B48C2
:100E70001AF0F8FF2378022B0DD16378022B0AD1E8
:100E8000074B01A91868019028461CF09AFA014600
:100E900004481AF0E7FF03B030BD00BFEB3B02008F
:100EA00070270200043C020037B505460C4669B1C4
:100EB000124C13481AF0D6FF206803F06DFA002395
:100EC000236003B0BDE83040FFF794BF0D481AF02F
:100ED000C9FF0D4B01A91C700C4B284601931CF057
:100EE00086FA01460A481AF0BDFF43F6095200236C
:100EF000084818F085F903B030BD00BF181700206E
:100F0000133C02002A3C0200F68B00200000020283
:100F1000393C0200A008002010B5C18C028D90B0B1
:100F200000F12C03D3E8AF3F048B0194C08A1A4C24
:100F300000901A481AF096FF206888B105A903F0BE
:100F4000A5FE68B9BDF82C10154801F0030301EBAC
:100F5000810203EB830303EB830392081AF082FF01
:100F60000122104B1A70226882B10F4903AB486806
:100F7000896803C3104603A91CF0EAF99622009081
:100F800011469DF80C3009481AF06CFF084817F01C
:100F9000C7FE10B010BD00BF18170020483C02006B
:100FA000903C0200F78B002070270200C53C020035
:100FB0002806002070B5054618462D4B0E461B68C6
:100FC00096B0002B46D1012A44D82A490DF11F02C0
:100FD0008DF81F301BF0FDFA9DF81F30002B39D023
:100FE0002B780AAC032B3DD8DFE803F00236383A01
:100FF00021492046FFF75EFA05946B781E21049381
:10100000AB781E4A0393EB780EA802932B790193D9
:101010006B790093AB791AF0A7FA32460EA91848FB
:101020001AF020FF02F0C0FE164B08AAD868196912
:10103000143303C20FCB84E80F00214628460C4B23
:1010400008AA03F0D3FE014620B10F481AF00AFFA8
:10105000FFF7D0FE16B070BD0C49CAE70C49C8E7CF
:101060000C49C6E70A2120460B4A1AF07DFAC3E76D
:10107000181700209D100000FA3C0200233D0200DA
:10108000463D020070270200663D0200013D02005D
:10109000083D0200123D02001C3D020010B503781D
:1010A0000C46083B012B0CD842780F2A09D106497F
:1010B000406820F069FD034601200BB920701846F6
:1010C00010BD0120FCE700BF793D02002DE9F04F83
:1010D0000025AA462C46AFB00A9542F210701AF0CD
:1010E000B4FC394B1B78002BF7D0384B0DF1380E80
:1010F0001E68374B72461F68364B3748D3F800805E
:10110000002330F813100133402B22F8021BF8D1D2
:10111000324B1B680C931C1B314B0B93002319465D
:10112000994618469C463EF8022B0D920B9A32F8CF
:1011300002BB0B920D9AA2EB0B0292B29B46E2FB12
:10114000030C002B3BD00133914441F10001A3F18A
:1011500040020A43E7D1002C34D06421A0FB010EE9
:101160002246002301FB0CE1FFF78AF94FF0640CE3
:10117000B0FBFCF21B4BA8EB050519881A4B89B292
:101180001B88CDE907850A9D9BB27D1BCDE90575BE
:10119000A6EB0A05CDE90365CDE9019300910CFBAF
:1011A0001203214611481AF05DFE80220C480EA958
:1011B00020F0BCFC4546B2460C9C0A978DE7012303
:1011C0005946B0E72046D1E7F78B002024170020CE
:1011D000201700201C170020007E0020FC7D00202E
:1011E000548A0020008B0020D48A0020893D020010
:1011F000F422582170B52E4820F0BEFC4FF0FF328B
:101200004FF0FF332B4817F0BFFD4FF0FF334FF087
:10121000FF3229481BF00CF8044600F10C05284663
:101220000B211BF06AF80622284624491BF076F8A9
:101230002146234804F0CEFB4FF496701AF005FCCB
:10124000F42120481AF00EFE1F4D2B78002BD5D02C
:101250004FF0FF334FF0FF3217481AF0E9FF044612
:1012600000F10C060B2130461BF047F8F422104920
:1012700030461BF053F82146114804F0ABFB10F147
:101280000B0F0AD1204601F0A3F8104A0120136881
:10129000013313601AF0D9FBD7E7002803DA2046A0
:1012A00001F096F8AAE70A4A136801331360CCE705
:1012B000028B0020280600207807002094270200D7
:1012C000D00800200A3E0200F78B002020170020E3
:1012D00024170020002008B501F0ACFE014620B123
:1012E00007481AF0BFFD002008BD06481AF0BAFDF5
:1012F000054906481FF070F8FFF77CFDF3E700BFD3
:10130000243E0200393E020047BA0100A008002036
:10131000014B1B68184700BF08020020014B1860F2
:10132000704700BF0802002030B5044685B00D4666
:1013300010220021684620F01FFC02238DF80230A5
:10134000044B2A462146684601931AF037F905B046
:1013500030BD00BF1113000080B505460E4617468C
:10136000984618F045FA034600F0DAFC0446DFF828
:101370001890424649F8003039463046A84754F89C
:10138000090000F065FC00BF080000002DE9F047EF
:10139000058B0446280717460CD501290CBF45F0DC
:1013A000100545F02005258387F31188BFF36F8F63
:1013B000BDE8F087022905F0070540F0948020463B
:1013C0001AF085FD052864D801A353F820F000BF6A
:1013D000A9130000E7140000931400005514000046
:1013E0006F1400008114000001F007035A1F012A46
:1013F0001FD8002221F00701062BD4F8008089B203
:10140000C4E9002209D1434603E0628B01326283C2
:101410001B68002BF9D141F00201204621831AF00C
:1014200056FD4FF0000900286DD041F020012183C6
:1014300069E0042B0AD121F0070189B220462183FB
:101440001AF045FD10B141F0200121834FF0000852
:10145000C14658E02369D3F80090238B23F007039B
:1014600043F006034FF00008238346464BE0236910
:10147000D3F80490238B23F0070343F00403F1E730
:101480002369D3F80890238B23F0070343F0050367
:10149000E8E74FF00008C146E7E7012243F0080300
:1014A000238387F31188BFF36F8F002A3BD1B8F1F4
:1014B000000F4AD1B9F1000F02D020462C49C8478D
:1014C000EFF31187202383F31288BFF36F8F238BF1
:1014D00023F008039BB22383D9063FD523F01002E3
:1014E000228303F007056669218B002EBFF67CAFCF
:1014F00000239946D4F8008021F00701C4E90033A5
:1015000041F001012183238B03F0070AAA4502D091
:10151000A268002AC1D1B8F1000F02D1B9F1000FC1
:10152000DAD00022BAE7A1680029C0D00D680029EE
:10153000BDD03346524620464F68B8471DB12B6890
:1015400029461D46F3E72B46FAE741463346524605
:101550002046D8F800801AF0E6FCA8E79A067FF546
:1015600023AF23F02002228303F0070527E700BF03
:1015700053BF0100014B0360002070475428020054
:1015800008B50348034A0021121A1AF0DFFD08BD0E
:10159000A0070020B88C0020074808B5074A084972
:1015A000121A1AF0D5FDBDE808400648064A074958
:1015B000121A1AF0CDBD00BF000000209C070020C9
:1015C000FC4702000000002000000020FC47020051
:1015D00038B505460C4699B1D1E901230F48096891
:1015E0001AF040FCD4E90423E1680D481AF03AFCF3
:1015F000E1690C481AF036FCA1690B481AF032FC7C
:10160000012D05D1EFF30581084810391AF02AFCA5
:1016100021462846BDE8384017F00CB9823E02004A
:10162000B23E0200E23E0200F23E0200213F020012
:1016300030BFFFF7FDBF00BF2DE9F04105460B4E5F
:10164000DFF82C80324606EB0807CC1B2046094900
:1016500020F06CFAA01942460021083C20F08CFAD8
:101660002C6707F10800BDE8F08100BF0000000012
:10167000080000006827020010B5204C20481AF02E
:10168000F1FBA36A990137D51E481AF0EBFB1E2027
:10169000A36ADA0103D51C481AF0E4FB1F20174C9B
:1016A000A36ADB0203D519481AF0DCFB0220A36A07
:1016B0001C0303D516481AF0D5FB21200F4CA36A52
:1016C000590303D513481AF0CDFB2220A36A9A03CD
:1016D00003D511481AF0C6FB2320084CA36ADB038C
:1016E00003D50E481AF0BEFB2420A36A6FEA034319
:1016F0006FEA1343A36210BD1D20C9E700ED00E0AF
:10170000353F02004E3F0200623F02007D3F020073
:10171000A83F0200C73F0200ED3F02000840020060
:1017200070B5244C064624480D461AF09BFBA36A6C
:10173000D90435D521481AF095FB1720A36A1A055C
:1017400003D51F481AF08EFB18201A4CA36A9B057C
:101750000FD51C481AF086FBA16BA36A180407D5A5
:1017600019481AF07FFB1EB1A36A23F40043A36259
:101770001920104CA36A590503D514481AF072FBBE
:101780001A20A36ADA050DD511481AF06BFB1B204D
:10179000084A936A43F47F43936200232B7070BD21
:1017A0001620CBE7A36A9B04F2D50A481AF05AFB2D
:1017B0001C20EDE700ED00E0344002004B40020049
:1017C0005D400200714002008B400200A140020017
:1017D000BD400200D640020070B5264C06462648A1
:1017E0000D461AF03FFBA36AD80640D523481AF0ED
:1017F00039FB1120A36A190703D521481AF032FBDF
:1018000012201C4CA36A9A070FD51E481AF02AFB17
:10181000616BA36A1B0607D51B481AF023FB1EB198
:10182000A36A23F08003A3621320124CA36ADE078D
:1018300003D516481AF016FB1420A36A9C0603D59C
:1018400013481AF00FFB15200A4B9A6AD10658BFAD
:101850009A6A9A6A920642BF5A6A22F400525A62FF
:101860009A6A42F0FF029A6200232B7070BD10202A
:10187000C0E700BF00ED00E0064102001D4102008C
:101880005D400200514102006A41020081410200B4
:10189000D64002002DE9F0415D4B04465F6800250B
:1018A0008AB0C7F3080685F31188BFF36F8F02F083
:1018B0007F43B3F17F4F06D102F00C03082B13D105
:1018C00054481AF0CFFA00252C464FF00008F31EBA
:1018D0008DF80780092B00F28B80DFE803F00A7F88
:1018E000837B89898989898710074CBF0C4601252C
:1018F000EBE74948464E1AF0B5FA8DF80780F36ACF
:101900009A0704D545481AF0ADFA00232AE0F36A95
:10191000002B01DA4248F6E7F36A5B00F5D541484F
:101920001AF0A0FA7369A26943F480737361BFF37C
:101930004F8FBFF36F8F32F8023C726922F48072CE
:101940007261BFF34F8FBFF36F8F03F47F42B2F525
:101950005F4F27D1DBB2022B24D1216832481AF025
:1019600081FA23689DF80720CAB902AE04F1200766
:10197000324620686168083403C2BC421646F7D17B
:10198000099A002D40D0C2F3080121B96FEA522212
:101990006FEA42220992184602A9FFF719FE0AB01F
:1019A000BDE8F0811A4B9A6AD2B22AB101200DF13A
:1019B0000701FFF711FF0FE09A6A12F47F4F05D07D
:1019C00001200DF10701FFF7ABFE05E09B6AB3F5BF
:1019D000803F9AD3FFF750FE0346C3E700200DF186
:1019E0000701E6E700200DF10701ECE70F488AE761
:1019F0000F4B17F4F87F0F490F4808BF1946A6F19F
:101A000010021AF02FFA80E76FF30802C2E700BF56
:101A100000ED00E0CF410200FB4102001342020052
:101A20003542020044420200644202008142020048
:101A3000A1410200B6410200A6420200064B5A69CB
:101A400042F010025A615A6942F480625A615A693E
:101A500022F008025A61704700ED00E0EFF30880C1
:101A6000EFF3098101B57246FFF714FF01BD00BF16
:101A70000B4880F3088815F021FF202080F311889F
:101A800008484FF40061401880F30988EFF3148090
:101A90000221084380F31488BFF36F8F00F06AF8C7
:101AA00080C0002040AF00201EF0040F0CBFEFF3F9
:101AB0000880EFF30980816911F8021C0229FFD028
:101AC00001B572461AF046FB01BD00BF00B2002806
:101AD00007DB01234109034A00F01F00834042F85D
:101AE0002130704700E100E000B200280CDB012249
:101AF0000649430900F01F008240203341F82320AB
:101B0000BFF34F8FBFF36F8F704700BF00E100E05E
:101B1000054B420953F82220012300F01F0003FA6D
:101B200000F01040704700BF00E100E000B2002864
:101B300001F10101ACBF00F16040064B4FEA4111D9
:101B4000C9B2ABBF00F5614000F00F0080F8001390
:101B50001954704714ED00E0044B054A23F07F034D
:101B60009360BFF34F8FBFF36F8F7047000000008B
:101B700000ED00E008B5FFF7EFFF0B4AD2F8883020
:101B800023F47003C2F88830EFF3148323F00403C6
:101B900083F31488BFF36F8FFFF7F2FCFFF7FCFCB1
:101BA00000F09CF816F00AFF00ED00E042F8203C3F
:101BB000009B0B4942F81C3C019B21F0010142F8BB
:101BC000183C029B42F8081C42F8143C4FF080730A
:101BD00042F8043C0023203A02654367704700BF87
:101BE0005913000000B50D4B15469860026F0C4B61
:101BF0000E461A60036E83F30B882C4686F3098821
:101C00000020044B98472046002100220023024C6C
:101C10002047000081C10100591300008C8300207F
:101C2000281700201022014B1A61704700ED00E0D8
:101C3000054B5A699B689A421FBF044A536843F098
:101C400080535360704700BF8C83002000ED00E09C
:101C5000084B9B6883420BD1EFF3058343B1064BDE
:101C60005A6842F080525A605A6A22F400425A621C
:101C700017F0C4BD8C83002000ED00E014498A6891
:101C80004FF030001044EFF3098C80E8F01F202063
:101C900080F31288BFF36F8F0E4F4FF000664A69D2
:101CA0008A603E60106F0C4C2060506F00235367B9
:101CB00080F3118802F1300090E8F01F8CF309885E
:101CC00002F1000004B51AF054FABDE80440704770
:101CD0008C83002004ED00E0281700200023202042
:101CE00040F20F1210B5044CE1180133934281F811
:101CF0000003F9D110BD00BF00E100E008B5EFF32B
:101D00000583064A103B02EBC30152F833004968D1
:101D10008847BDE80840FFF78BBF00BFD81D020011
:101D20000148006870470000281700201FB50121F6
:101D3000094B0A4A0A4800F0F7F80023064A0393C1
:101D4000084B0121019301A8D31A029300F0F6F881
:101D500005B05DF804FB00BF000004200000002077
:101D6000B8280200A00700200A7A0B6810B562F3B9
:101D700004031C46CB68520923F01F0343EA4203C5
:101D8000044A43F00103C2F89800C2F89C40C2F82C
:101D9000A03010BD00ED00E010B5074BD3F8903037
:101DA000C3F30723013B984202D8FFF7DDFF10BDC4
:101DB0006FF01500FBE700BF00ED00E02DE9F04FEC
:101DC0000F46144606464FF000084B4D85B0B84507
:101DD00080F28E80D6F80490B9F1000F35D0B9F1B9
:101DE0001F0F40F2838019F01F0F7FD1D6F800A09B
:101DF0001AF01F0F7AD150461AF0E5F9834609EB25
:101E00000A0001381AF0DFF983456FD11BF1160F74
:101E10006CD05C456ADDC5F898B0D5F89C10C5F863
:101E200098B0D5F8A03021F01F0143F01F0AD6E981
:101E300000321A44994202F1FF391BD1CA4508D138
:101E400031465FFA8BF01AF0C7F908F101080C3639
:101E5000BDE73146C5F898B0D5F89C30E0B263F3E1
:101E60000402C5F89C201AF0B7F910F1160F3DD006
:101E7000441CEAE7C5F898B0D5F8A020013B23F050
:101E80001F0302F01F021343CA453146E0B2C5F8F2
:101E9000A030E8D01AF0A0F910F1160F26D0C5F83E
:101EA00098B0D5F89C209DF808300AF1FF3A62F30B
:101EB00004038DF80830D5F8A0309DF808205B08A1
:101EC00063F347128DF80820D6E9003213440093DB
:101ED00023F01F035344A3EB0903013023F01F0336
:101EE0006946C0B20393FFF757FFBEE76FF01504D2
:101EF000204605B0BDE8F08F00ED00E00522044B60
:101F0000C3F89420BFF34F8FBFF36F8F704700BFAC
:101F100000ED00E0BFF35F8F0022024BC3F8942076
:101F2000704700BF00ED00E010B5034C2278FFF7CA
:101F300045FF207010BD00BFF88B00202DE9F74F42
:101F4000294D8A4606464FF00008AB46274FD0453C
:101F50001BDAD6F80490B9F1000F3FD0316808467B
:101F600001911AF030F90199044609EB010001389A
:101F70001AF029F984424FF014021D4B08D002FBDD
:101F800008F36FF015024BF8032003B0BDE8F08FA3
:101F900014F1160F2C60F8D01978A142F5DD02FB80
:101FA00008B0C7F89840C7F89840D7F89C4000F1AF
:101FB0000801007B64F304000871D7F8A0000C79D5
:101FC000400860F347140C71D7F89C1021F01F01F2
:101FD0006960D7F8A01021F01F01296108F10108FC
:101FE00014350C36B3E700BF2C17002000ED00E0DD
:101FF000F88B0020F0B55349534DD1F890302C6840
:10200000C3F307239C4287B000F299800020FFF7BA
:1020100081FF4E4BC1F8C030844216D14C4D01A80F
:102020002C70FFF7A7FA002607464A4CB74213D197
:1020300000202B784349D1F89020C2F30722934225
:1020400077DBFFF75BFF002046E0696801EB0011DA
:10205000FFF78AFE0130DFE70199300101EB06133B
:10206000DA682240B2F1807F52D00AD8B2F5001F60
:1020700034D0B2F5800F3ED0B2F5801F12D00136B9
:10208000D4E7B2F1006F43D0B2F1805FF7D15A6864
:102090009B680958013B22F01F00034423F01F03F3
:1020A000012032E05A689B680958013B22F01F006A
:1020B00003440120844623F01F0340EA4C10CDE97D
:1020C00002218DF8100002A928780593FFF764FE1D
:1020D00000282ADA6FF0150007B0F0BD5A689B6837
:1020E0000958013B22F01F0003444FF0020C01206D
:1020F00023F01F03E1E75A689B680958013B22F06F
:102100001F000344062023F01F034FF0000CD4E708
:102110005A689B680958013B22F01F0003444FF0A6
:10212000030C012023F01F03C7E72B7801332B702A
:10213000A5E7C1F89830C1F8A00001337BE74FF064
:10214000FF30C9E700ED00E0C4280200AAFF440008
:10215000F88B00200000F0FF08B5024B1B68984781
:10216000002008BD40170020034B044A18609378F4
:1021700043F0020393707047401700201C020020B8
:1021800008B50649064821F00701C1F1005202F5E1
:10219000802219F024FE002008BD00BF33A00220D9
:1021A000441700204FF0FF324FF0FF33014816F084
:1021B000BFBC00BF2C020020014816F02BBD00BFA1
:1021C0002C02002038B50546FFF7ECFF2A4608210F
:1021D000074819F093FD044628B925B1FFF7A0FD83
:1021E0000C22044B1A50FFF7E7FF204638BD00BF12
:1021F000441700200C00000010B50446FFF7D2FF82
:102200002146034819F0F4FCBDE81040FFF7D4BFA5
:102210004417002070B5A0FB015434B92846FFF7DD
:10222000D1FF064640B9304670BDFFF779FD0C225C
:10223000044B00261A50F6E72A4621461FF09CFC64
:10224000F1E700BF0C00000070B541690446867AD2
:102250000A4D59B1437ADB0706D4242303FB065306
:10226000DB691B689B689847002363612420214633
:1022700000FB0650BDE870401DF0AEBF58060020C0
:102280002422024B02FB0030704700BF580600209A
:102290002421827A054B01FB02331A6A1B7D801AC6
:1022A0001B3323F00303B0FBF3F070475806002004
:1022B00038B52424827A064B04FB0233DB69D3E968
:1022C00001240C601568FFF7E3FF04FB005038BDE4
:1022D000580600202DE9F04385B005466846904633
:1022E0001C4603911EF01EFADDE90067EFF3118929
:1022F000202383F31288BFF36F8F6B8A002B41D0AA
:102300002A8A9A4225D900220023284616F0D2FCB8
:102310000446F0B189F31188BFF36F8F039B002B44
:1023200041D032463B4668461EF021FA2421A27A6B
:10233000254B204601FB0233DB6903A91B681D689E
:10234000DDE90023A847606170BB2046FFF77CFFF2
:1023500024E0698A4B1E6B8289F31188BFF36F8F6B
:102360002B7D2A8A2C6A1B3323F00303521A02FBAB
:102370000344154B154AEB1A9B105343A3722B7D54
:10238000E372CBE789F31188BFF36F8F2346424690
:10239000284616F08FFC04460028BFD100242046B2
:1023A00005B0BDE8F0836361012300252381039B11
:1023B00029466382E27A656004F118001FF0DCFBB5
:1023C00063692582E360EAE758060020398EE33826
:1023D000F8B5002424260F4D00B9F8BD476800F178
:1023E0000802D2E8EF3F591EC2E8EC1FBCF1000F13
:1023F000F7D1DBB2012BF0D1837AC46006FB035323
:1024000044609B6913B198473846E5E7FFF71CFF26
:10241000FAE700BF580600202DE9F84F06460D46A2
:1024200017460446A3466468002CFBD14FF02409EC
:10243000DFF878A0BBF81030BBF81220DBF81410DE
:10244000D21ADBF80C300BF10C005B1AD21AAA423C
:1024500028BF2A461FFA82F83946424619F05EFF25
:10246000B5EB0805444447441DD00C9B53B1DDE94E
:102470000A010D9A98478346A8B10146304619F0E3
:102480001EFFD7E7B07A09FB00A0C3699B6843B180
:10249000AB4228BF2B461946DDE90A23FFF71AFF96
:1024A000E9E72946F8E72046BDE8F88F58060020FE
:1024B00008B5244A244B1A6014F06AFC4FF47A6180
:1024C0002248D0F82436C3F30802C3F309434B4330
:1024D00082F480721E49883201FB02334FF4FA21E4
:1024E0005B00B3FBF1F201FB12331A49B3F57A3FFB
:1024F00028BF0132C1F80429D0F820364FF47A60A1
:10250000C3F30802C3F30943434342F21C5082F46D
:10251000807202F2172200FB02334FF47A701B0A1A
:10252000B3FBF0F200FB12330020B3F5FA7F4FF05B
:10253000010328BF0132C1F81C27C1F80009C1F806
:10254000003608BD0020A1078C05002000C0FF0058
:10255000F82A00800000125048B1054B054A1B685C
:10256000B3FBF2F35843044B43F0010318477047A1
:102570008C05002040420F000028020010B5002406
:10258000094B86B009480393CDE904441DF01EFFB2
:1025900003AB00934FF4AF620A230549034816F0DA
:1025A00091FD204606B010BDC942020098090020E6
:1025B000B89A00200146014816F0C4BD98090020D1
:1025C000014601481DF0D7BE9809002030B50378B8
:1025D000012B11D0022B21D06BB90A46144B03F109
:1025E000100453F8045BA34242F8045BF9D143881A
:1025F0001A0A8A70CB7030BD0A460D4B03F11004E5
:1026000053F8045BA34242F8045BF9D143681A0C07
:10261000180E4A700870C3F30722EAE700F11003AE
:10262000013913F80129984201F8012FF9D1E2E7A5
:10263000D844020010B519F070FF1DF026FF0446C3
:1026400008B917F011F8064BD3E8AF3F0BB10A20D9
:1026500098471CB9BDE8104017F01AB810BD00BF6C
:102660005017002038B50446084819F0E1FD05462A
:1026700048B1631EDBB21F2B96BF054A0021D15C17
:102680000C3019F054FE284638BD00BF300700203A
:10269000E84402000F2810B50CD80D280CD90A48C0
:1026A00019F0C6FD044618B104210C3019F03FFEA4
:1026B000204610BD1328F2D009B10448F0E70220EB
:1026C000BDE81040FFF7CEBF54070020C40600202D
:1026D00038B5C5682B7893B9B5F801400F2120466D
:1026E00001F05AFFEB78054650B90A4A118831B912
:1026F0006FEA04506FEA10501080074A137038BD1B
:102700000373012101F094FE2846BDE8384001F032
:1027100043BE00BFD68A0020F98B002010B50024EC
:1027200086B003AB00934FF480624FF0FF3305494E
:102730000548CDE90344059416F0C4FC204606B0D4
:1027400010BD00BF30A00020380A002010B50121C4
:1027500004460C3019F018FE2146BDE81040002355
:10276000014A00781AF07CB8FC29020010B501215A
:1027700004460C3019F008FE2146BDE810400B233A
:10278000014A00781AF06CB8A429020070B53148EB
:1027900019F067FD044600285AD000F10C052846C0
:1027A00019F0FAFD022805D004282FD02046FFF7A3
:1027B0000FFE21E0238A032BF8D90421284619F0C3
:1027C000E3FDFF22438806882276228AC6F30B00A7
:1027D0009A426083EAD10F2101F0DEFE054600280F
:1027E000E4D001F0F5FE21462076320B28461AF09F
:1027F00028FC284601F0D0FD174BD3F84C313BB3F1
:10280000BDE87040154916481DF0B5BD28460221A7
:1028100019F0BAFD054600783E2812D019F018FFCD
:1028200010F002060DD140F69A430E4A0E490F48A9
:1028300019F025FB86F31188BFF36F8F0323184629
:1028400002DF062321460A4A28781AF009F8ADE784
:1028500070BD00BF4C01002000000020400300209C
:10286000D80A0020D242020006430200344302008C
:102870007429020010B5012104460C3019F084FDC2
:102880002146BDE810400223014A007819F0E8BF54
:10289000642902002DE9F0470C4616F0E5FEE568D4
:1028A0002B78022B67D0042B05D02046FFF790FD34
:1028B0006FF0150408E0B4F81080B8F1020F08D8E2
:1028C0002046FFF785FD002416F0E2FE2046BDE815
:1028D000F08768783E2809D1B8F1030FF0D0EB7883
:1028E000012B01D00A2B46D1032704E019F0B0FEDA
:1028F0000746F8073FD504F10C0601213046D4F80D
:1029000014A019F039FD0221304619F03DFD814631
:1029100000783E2807D1E3681B78012B01D00A2BF1
:1029200006D1032614E019F093FEC10706460FD422
:1029300041F26813164A1749174819F0A0FA002304
:1029400083F31188BFF36F8F0323184602DF02263B
:10295000124A0623214699F8000019F081FFB207B8
:1029600012D56369A5EB0A0513FA85F5E560A4F8AD
:102970001080BB07A7D52146094819F05DFC09491D
:1029800009481DF0F8FC9EE72046FFF721FDF0E71F
:10299000D2420200514302003443020034290200B3
:1029A0004C01002040030020D80A00202DE9F04708
:1029B000884616468246002868D00023DFF8D0906B
:1029C000D9E8EF4FC9E8E23F002AF9D1002C5DD0E9
:1029D0002046FFF75DFC0C232E4D274603FB0050DD
:1029E000438853450DD0D9E8EF3FC9E8E27F002A7C
:1029F000F9D1002B4AD01F463846BDE8F047FFF713
:102A0000E7BCA64208D0204619F00DFC328AF168D6
:102A100004F10C0019F082FC2046FFF739FC0C266B
:102A200006FB00504368ABB1B8F1000F12D120464D
:102A3000FFF72EFC012106FB00504268536803F0AB
:102A40001F00814010685B0900EB8300137ACBB153
:102A500019F03BFE2046FFF71BFC0C2606FB00503E
:102A60008368002BC8D02046FFF712FC704305F89E
:102A700000802046FFF70CFC06FB0055A86816F006
:102A80004FF9B9E7C94319F002FFE3E7BDE8F08762
:102A9000480100205417002008B500F0DBFF064B6A
:102AA000D3E8AF2F02F00B02D3E8EF1FC3E8E02F0B
:102AB0000028F9D108BD00BFD400002010B5C1E93D
:102AC00000239DF808300C460B72FFF7E1FB0C2247
:102AD000024B02FB00335C6010BD00BF54170020A6
:102AE000F8B502460B46104819F0A2FB0446C0B1E7
:102AF00004210C3019F001FC2046FFF7C9FB0C271C
:102B000000260A4D07FB005046802046FFF7C0FB19
:102B100007FB005086602046FFF7BAFB07FB005515
:102B20006E602046F8BD00BF0C070020541700203F
:102B30000138C0B202289ABF014B185C00207047D0
:102B40003245020029289ABF014B185C09207047C2
:102B500008450200034B0146D3F86401826892687D
:102B6000104700BF0000002008B50421034819F0F9
:102B7000ACFDBDE8084000F06DBF00BFD4000020F0
:102B8000004870476A430200014902481DF0F3BB48
:102B900030030020380A002070B505460C4639B1D4
:102BA000CB684A699B1A032B0ED86FF0150509E014
:102BB0004FF0FF304FF0FF31FFF792FF044618B996
:102BC0006FF06805284670BD2046FFF761FB0C22B8
:102BD000134BA61802FB0033032130465D8019F029
:102BE000AEFB0580238A0121033B8370304619F038
:102BF000BAFB40F635439D4209D12046FFF7AAFFB4
:102C000005460028DED02046FFF7E2FBDAE7214642
:102C100004481DF0D6FA0025FFF7B6FFD2E700BF43
:102C200054170020540100202DE9F04306461746B2
:102C30000C4685B069B94FF0FF304FF0FF31FFF718
:102C40004FFF044658B96FF06805284605B0BDE847
:102C5000F083887AFFF714FB304B834257D101226F
:102C6000002168461DF0D4FA2046FFF711FB0C2323
:102C7000DFF8AC9003FB0090C0F808D0204619F0B4
:102C800006FB01463046FFF787FF054618B1204690
:102C9000FFF79EFBD9E700236846224A16F074F836
:102CA000804690B14FF4F1731F4A2049204819F033
:102CB000E6F8424631461F4819F0E1F885F31188DD
:102CC000BFF36F8F0323184602DF2046FFF7E0FAB9
:102CD0000C23584319F80060AEB12046093EFFF7B7
:102CE00077FB092E0CD8DFE806F0050B0B08150B57
:102CF0000B0B0B126FF06E05A7E76FF00C05A4E746
:102D00006FF00405A1E7002FC1D03C609DE76FF094
:102D100015059AE76FF00B0597E700BF0C07002039
:102D200054170020B4C40400D24202007C430200C5
:102D30003443020085430200F0B585B006460DF12C
:102D40000301002000F02EFD054600284DD14FF074
:102D5000FF304FF0FF31FFF7C3FE0746002847D092
:102D600019210C3019F0D4FA0446294619221EF014
:102D700003FF9DF80330204A237392F8291192F83B
:102D80002831601D994294BF06F1700106F17E0161
:102D900019F070FC938938462380D3896380B6F894
:102DA0008C30A4F80D30B6F88E30A4F80F30B6F899
:102DB0009030A4F81130B6F89230A4F813300F4BCD
:102DC00001930723029301238DF80C30FFF760FA7B
:102DD0000C220B4B394602FB003301AA5A6042F227
:102DE0000D000022FFF720FF0546284605B0F0BD84
:102DF0006FF06805F9E700BF00000020D400002054
:102E00005417002030B54FF0FF304FF0FF3185B040
:102E1000FFF766FE0446B0B10C4B00250193072373
:102E20008DF80C500293FFF733FA0C22084B214621
:102E300002FB003301AA5A6042F20E002A46FFF755
:102E4000F3FE05B030BD6FF06800FAE7D400002053
:102E5000541700202DE9FF41002605464C4BB0F8E1
:102E60000170198847F47042914204BF1E80494B9B
:102E700005F1040408BF1E7800F07AFAEB782046CA
:102E8000012B0ABF444B4FF0000893F86F8019F0F4
:102E900040FB2146F0B102A819F030FBD5F8113003
:102EA000CDF80130B5F81530ADF8053001238DF8B7
:102EB0000030E87838B9022202A901F0C5FEEB78AB
:102EC00004469BB1C4B91321384619F023FE04B05F
:102ED000BDE8F08140461AF018F8014602A819F042
:102EE000C9FB2146684619F0C5FBE2E76FF0800197
:102EF0002A4819F0CCFCE5E7204640F2E242B5F85A
:102F0000013002A920F8703B19F0B4FBB5F8173076
:102F100053430022C4F88830B5F81930A4F8903033
:102F2000B5F81B30A4F89230EB7822731C4AE3709A
:102F3000C4F8A4204732C4F8A8204FF4A472A4F81F
:102F4000AC206BB9694604F17E0019F093FB217A3D
:102F5000114BC1EBC101194404F1770019F08AFB50
:102F60000721204601F064FA26B10121204626738C
:102F700001F05EFA204601F05DFB204601F00CFAFC
:102F8000E378002BA3D103201AF003F89FE700BFDA
:102F9000D68A0020F98B002000000020D4000020F9
:102FA00001011B0000B5C16889B00B7833B1022B59
:102FB0002ED109B05DF804EB19F086BD8DF8003014
:102FC000B1F8013001A8ADF80130CB7804318DF8AB
:102FD0000330B1F80730ADF81730B1F80930ADF86B
:102FE0001930B1F80B30ADF81B304B7B8DF81D302C
:102FF00019F040FB084B68461A689B88CDF80B20F7
:10300000ADF80F30CDF81120ADF81530FFF722FFE5
:1030100009B05DF804FB00BFD244020010B5FDF713
:10302000B7FB034B1B6813B1BDE81040184710BD38
:103030006C17002073B5254D0646D5F864011CF0C9
:1030400071FF00283BD06FF0020105F1D40019F0A8
:103050001EFC012119F039FB10EA010432D11C4B8E
:103060001E600A4605F59C701DF0D2F805F5AA70A1
:103070001DF079F817481DF0A9F96FF007034FF418
:10308000966215491348009416F01CF8134911482C
:103090001DF001FAD5F86401114983681B6898474F
:1030A000044648B926B902B0BDE87040FDF770BBD0
:1030B00005F1C40016F000F8204602B070BD6FF0B4
:1030C0001204F9E76FF07704F6E700BF0000002074
:1030D0006C170020D80A002030A40020CA43020048
:1030E0009528000038B5032104460C3019F04CF93E
:1030F00040F635420346B0F8010090420DD01D78ED
:10310000E36822461978FFF751FC35B1034815F002
:1031100007FEBDE83840FFF737BD38BD3801002055
:1031200038B516F0A1FA284DD5F85431002B48D007
:103130000022002305F59C7015F026FE002840D1E2
:103140000022002305F5AA7015F0B4FD044668B905
:1031500040F6AA431D4A1E491E4818F090FE84F30B
:103160001188BFF36F8F0323184602DFD5F848019B
:1031700020B1FFF72DF90023C5F84831204619F09A
:1031800086F8C5F848012046FFF7E4FC98B11248DC
:1031900015F0C6FD2046FFF77BF80C220F4B1F21D0
:1031A00002FB003022464088FFF700FC2046FFF774
:1031B0000FF9FFF7E9FCFFF7E7FCBDE8384016F030
:1031C00067BA01F047FAF8E700000020D242020097
:1031D000D34302003443020038010020541700207A
:1031E00038B5042104460C3019F0CEF84578017842
:1031F00022464088FFF7DAFB35B1044815F090FD10
:10320000BDE83840FFF7C0BC38BD00BF3801002022
:1032100070B54FF0FF320D464FF0FF3300210646E8
:10322000FFF738FA044660B91A230A4A0A490B48DC
:1032300018F025FE84F31188BFF36F8F032318461F
:1032400002DF022104F10C0019F062F806704570EB
:10325000204670BDD7430200D3430200344302002E
:10326000F8B506460024094DEF79E3B29F4202D833
:103270006FF0010007E02946304619F0B3FD07352D
:10328000631C08B12046F8BD1C46EEE70000002094
:1032900037B504460D4671B12846124919F0A2FD12
:1032A00048B929461048C4EBC404204419F0A2FDD3
:1032B000002003B030BD684619F012F90028F8D19B
:1032C0006846FFF7CDFF0028F5DA074BC4EBC400D2
:1032D0006946184419F08EFD002DE9D001462846B4
:1032E000E4E700BFC544020000000020014BD3E822
:1032F000AF0F7047D400002070B5144E062231463F
:1033000004461EF041FCE0B14FF0FF304FF0FF31BA
:10331000FFF7E6FB0546A8B1062221460C3018F05F
:10332000FDFF0022294642F20500FFF77DFC40B96F
:103330003346226843F86929A288B280012283F8C3
:10334000682070BD6FF06800FBE700BF69000020D7
:10335000064BD3E8EFCF4CF4806CC3E8E2CF002AF1
:10336000F7D1037A19430172704700BFD4000020DF
:10337000084BD3E8EF2F22F48061C3E8E01F002858
:10338000F7D1530504D500220220034904F012BFEF
:10339000704700BFD400002053CF0100002307B5C1
:1033A0000549CDE900036A46022004F003FF0198B5
:1033B00003B05DF804FB00BFAFCE01002DE9F3417F
:1033C000044670B1434D95F8282195F829310AB18A
:1033D0009A4209D2013385F82931237A43F0040354
:1033E000237202B0BDE8F08100210222084601F0FC
:1033F0002BFC064648B120460121FFF7A9FF3046C5
:1034000002B0BDE8F04100F0C7BFFFF76FFF8206D2
:10341000C0F3401702D5304600F034FB95F829314F
:10342000B3B995F8292195F828319A421DD1002287
:1034300042F229001146FFF7F7FB70B995F82931E0
:10344000013385F82931237A43F00403237204E021
:10345000002019F013FD0028E3D0002FC1D0012077
:1034600002B0BDE8F04100F00DBB224604F10108B6
:10347000414612F82E0B19F0C4FC064630BB95F8F5
:103480002931013385F82931237A43F0040323726B
:1034900095F8A7305B0719D54146684619F0AAFC94
:1034A00001234FF0FF304FF0FF318DF80730FFF769
:1034B00017FB044650B1082269460C3018F02EFF65
:1034C0003246214642F24E00FFF7AEFB012019F0D2
:1034D000D5FCC2E7000000202DE9F843044600B304
:1034E0003A4D95F8282195F8293192B1013293424D
:1034F00010DC00210222084601F0A6FB064690B12E
:1035000020460221FFF724FF3046BDE8F84300F0D3
:1035100043BF13B1013B85F82931237A23F004031B
:103520002372BDE8F883FFF7E1FE8306C0F340187D
:1035300002D5304600F0A6FA002019F09FFC07469D
:1035400088B995F8293195F828219A4219D2013B7A
:1035500085F82931237A024623F0040302201C490E
:10356000237204F027FE95F8293113B1012019F0D8
:1035700085FCB8F1000FD4D0BDE8F843012000F07D
:1035800081BA4FF0FF304FF0FF31FFF7A9FA04F195
:10359000010906460028E6D007210C3018F0B8FED5
:1035A000494619F027FC3A46314642F22800FFF717
:1035B0003BFB0028D7D195F82931013B85F829310B
:1035C000237A23F004032372CDE700BF000000201C
:1035D00067CE010070B5044611B16FF0150070BDE3
:1035E000D8B1204919F0FEFBB8B92046FFF738FEE4
:1035F000002830DA23784BB91B48C2795ABB2146E0
:1036000019F0F8FB0123C3711046E8E7012BE4D160
:10361000A37903F0C003C02BDFD1134DEB79012B4D
:103620001CD0FFF763FEC30707D4002CD5D020467B
:103630000C4919F0D7FB0028CFD1EE792146731C35
:103640003046EB71FFF724FE08B93046C7E7EB7947
:10365000013BEB71C3E76FF07700C0E76FF00B0041
:10366000BDE700BFC5440200000000202DE9F34182
:103670000446D8B1002141F2090001AAFFF7D4FAAB
:10368000054698B9019E0622D6F80C80104908F12B
:10369000010738461EF078FA28B1062238460D494F
:1036A0001EF072FA30B93046FEF792FE002002B0EA
:1036B000BDE8F081D8F801303046C4F80130BB884D
:1036C0002570A4F80530FEF783FE0120EFE700BF68
:1036D000D2440200CC44020007B56846FFF7C6FF9B
:1036E000044BD87118B169460020FFF7D1FD03B033
:1036F0005DF804FB00000020F0B5294D89B0EE799B
:10370000002E46D195F8C230DB0722D56A463146F5
:103710004FF60940FFF788FAD8B9DDF800C0DCF8A9
:103720000C406378012B1E4628BF012673B1A31CF1
:1037300002AA1234174618685968083303C7A3420F
:103740003A46F7D1186838609B88BB806046FEF720
:103750003FFEEE71002416260127EB79E0B2984275
:1037600002D3B3B1002012E008AB06FB003353F8DC
:10377000182C33F8143C6946CDF80120ADF805301B
:103780008DF80070FFF784FD01340028E5D009B002
:10379000F0BD0021084609B0BDE8F040FFF71ABFB0
:1037A0000000002038B50C4661B108480578012DAD
:1037B00005D10130FFF7A0FD00B9257038BD00200C
:1037C0000870FBE76FF01500F8E700BF000000206D
:1037D00010B50A4CE3790BB1002010BDFFF77CFF58
:1037E0000028FAD1E379002BF6D1FFF785FF0028F6
:1037F000F3D1601CBDE81040FFF77EBD0000002043
:1038000070B505460E464FF0FF304FF0FF3186B0E1
:10381000FFF766F90446A0B102210C3018F078FDDC
:10382000094A4670057003A9204605230095FFF755
:1038300045F90022214642F20C00FFF7F5F906B0E7
:1038400070BD6FF06800FAE7D400002008B50C4B9B
:103850000246400903EB800019F098FB02F01F03B9
:1038600040FA03F313F0010006D122B9054819F01C
:103870008DFB40F3C01008BD6FF07700FBE700BF81
:1038800070170020D4000020084A430902EB83028D
:10389000012300F01F008340DB43D2E8EF0F184004
:1038A000C2E8E10F0029F8D1704700BF701700206F
:1038B00030B587B000220023604815F039F904467E
:1038C000002840F098805E4819F060FB10F001037A
:1038D0005B4D4DD02B1D93E8070006AB03E90700B5
:1038E000584819F053FBC0F34013554819F04EFBEC
:1038F0000446002872D07BB10C2253490DEB020024
:103900001EF042F90446002872D000210846FFF755
:1039100077FF044600286BD14A4819F037FB42056F
:1039200001D5FFF725FD0023ADF80930BDF80E30B5
:103930009DF80C00ADF80530BDF810308DF804008E
:10394000ADF80730431E58420DF10901584119F0F6
:1039500010FB044600284BD14FF0FF304FF0FF31F1
:10396000FFF7BEF80546002848D16FF068043FE035
:10397000344819F00BFB10F0800F344A0ED04FF48E
:1039800080749089D1891269ADF80C40ADF80E00B1
:10399000ADF81010ADF812300592A1E72C4C03AB36
:1039A0002068616803C3A068186092F8D930244881
:1039B0001C0744BF05238DF80D3019F0E7FA800786
:1039C00006D53023ADF810306023ADF80E3087E710
:1039D0001B4819F0DBFA4107F3D481E743B10146F4
:1039E000FFF70EFF044618B9174B2861C3E9010021
:1039F000124815F00FF9204607B030BD072201A983
:103A00000C3018F08BFC2246294642F20B00FFF7DF
:103A10000BF904460028EBD19DF80D10012001F0B0
:103A20000101FFF7EDFE04460028E1D1064B06AA8E
:103A300012E9070083E80700DAE700BF8C170020CF
:103A400070170020D4000020801700200000002004
:103A5000B02702004422002110B508481EF08CF85F
:103A6000064B03F11C001C461CF002FB04F1300065
:103A70001CF0FEFA0022024B1A6010BD70170020E5
:103A8000BC170020044B0038597C18BF012001F0FE
:103A90000101FFF7B5BE00BF70170020032838B53D
:103AA000054603D1BDE83840FFF702BFFFF7CEFE61
:103AB0000446A8B90B4B6A0903EB8203012205F007
:103AC0001F018A40D3E8EF0F1043C3E8E10F00293C
:103AD000F8D1FFF7EDFE044610B12846FFF7D4FEFB
:103AE000204638BD701700202DE9F04F00F10C087A
:103AF0008BB00446404618F04FFC06467D4819F04E
:103B000045FA00F001037B48039319F03FFAC0F334
:103B10008003029316B90BB0BDE8F08F039B13B975
:103B2000029B002BF7D0238A082BF4D909214046A9
:103B300018F02AFC037A228A01339A420546EAD316
:103B40000123ADF824307F238DF81E30037A471C03
:103B500003445B7A8DF81D30FF238DF81C30002361
:103B6000ADF822300278042A98BF634B8DF81F20ED
:103B700098BF9B5CADF82030037A5E48019319F042
:103B800005FA00F001095B4819F000FA8246B9F124
:103B9000000F0BD0BDF820305A0707D5297A4046D0
:103BA0000131013E18F0E8FBF6B2B3E7384618F0F1
:103BB000B0FC0DF1100B00284FD03946584618F0D4
:103BC0009DFCB9F1000F02D11AF0040F59D14B4BF3
:103BD000D3F800A0BAF1000F14D0E2686369B4F81A
:103BE00010B0A2EB0309019B9DF81F2023829DF9D1
:103BF0001D10434604A8D0476369A4F810B013FA17
:103C000089F3E36004AB06933D4B1B68002B36D071
:103C100053F80899B9F1000F01D0A9F108091A6801
:103C20008AB1E1686269B4F810B0A1EB020A019AA6
:103C3000414622821B6806A898476369A4F810B021
:103C400013FA8AF3E360B9F1000F18D0D9F808200D
:103C500002B1083A4B469146E1E76B78FF2B09D158
:103C6000284B186804909A889B79ABF804208BF84D
:103C70000630A6E7394619F048F90346F1E7002374
:103C800006931C48BDF8203019F080F910F00109A6
:103C900084D1DB0782D50322484604A900F0D4FF73
:103CA000824600283FF47AAF022019F072F9D5F865
:103CB00001305046CAF87E30BB88AAF88230BB7902
:103CC0008AF8843018F0FEFE60B11F234946504642
:103CD0008AF80C3000F0ACFB504600F05DFBFFF7BB
:103CE000E7FD5BE75046022100F0A2FB504600F0E2
:103CF00053FB53E77017002035450200BC17002026
:103D0000B4170020C5440200F8B50546224819F052
:103D10003DF943070F463CD52A78012A03D96FF0B5
:103D200015042046F8BD6B780F2BF8D843F6FC74C9
:103D30006888031F9BB2A342F1D8A9880B1F9BB2CE
:103D4000A342ECD88842EAD37AB900220023134870
:103D500014F0EEFE04460028E3D1FFF777FD044699
:103D600040B10E4814F056FFDBE719F0F0F80028D8
:103D7000EBD1D4E728686968094E0A4B03C6A868E6
:103D80001F6030602046FFF789FE044606F12400DC
:103D9000E8E76FF00A04C4E7D4000020A017002071
:103DA00074170020BC1700200020024B186019F087
:103DB000F0B800BFBC17002008B5034819F0E6F8BA
:103DC00000F0010008BD00BF7017002070B59AB068
:103DD0001422002104A81DF0CFFE47F21213ADF803
:103DE0000C304FF4807344F20102ADF80E30304BCA
:103DF00001A903A8CDE9052316F0D0F9F0B11F25DC
:103E00002C4BD3E8EF1F21F00101C3E8E21F002A89
:103E1000F7D1294E15F028FC346804B1043C002D7C
:103E2000264D18BF0025002C3BD023680BB1284637
:103E300098476468002C34D0043CF6E7412201988E
:103E400002AB09A91CF0F1FE0028D8D11C4A0DF1E3
:103E500025030DF1650153F8040B8B4242F8040B66
:103E6000F9D120221749019802AB1CF086FE0028E8
:103E7000C5D101981CF039FE05460028BFD1104974
:103E80000E4819F08FF81048203119F08BF80F4BBD
:103E9000D3E8EF1F41F01001C3E8E21F002AAFD0C2
:103EA000F6E70023C6E9003315F0F2FB1AB070BD47
:103EB00000000209C0170020C81700205A8C0020FB
:103EC0001A8C0020FA8B00207A8C0020D40000206D
:103ED00030B5A7B01422002108A81DF04DFE042320
:103EE0003D22002116A815931DF046FE47F212133D
:103EF000ADF81C304FF4807344F20102ADF81E306F
:103F0000234B2449CDE9092307A8202205AB1CF047
:103F1000B6FEB8B16FF0040415F0A6FB1E4B1D6889
:103F200065B1002018601D4BD3E8EF1F21F002019E
:103F3000C3E8E21F002AF7D124B3A84715F0A8FB75
:103F400027B030BD164B0DF15502194603F1400064
:103F500053F8044B834242F8044BF9D106AB029369
:103F600020230B48CDE9001315AA412305991CF025
:103F7000DAFF0028CED105981CF0B7FD04460028D2
:103F8000CAD0C7E70DA8064919F00CF80DA8D4E768
:103F900000000209FA8B0020C4170020C01700207F
:103FA0001A8C0020402208B503491DF0EDFDB0FA3F
:103FB00080F0400908BD00BF3A45020010B598B036
:103FC00004461422002102A81DF0D6FD44F212136B
:103FD000ADF804304FF480734FF48042ADF80630F2
:103FE000114B2146CDE9032304230DF11D008DF86B
:103FF0001C3018F0D7FF04F120010DF13D0018F03E
:10400000D1FF6B46412207A901A81CF038FE0446E7
:1040100001A81DF0AEF82CB900981CF066FD012037
:1040200018B010BD0020FBE70000020910B560B316
:104030001A4A136823B1043B834229D05B68F9E72D
:10404000174BD3E8AF1F890725D41468011D4460BE
:104050005068116000B95160D3E8EF2F42F00101C0
:10406000C3E8E01F0028F7D1D30701D5002010BD19
:104070000C4BD3E8EF1F21F01001C3E8E21F002A28
:10408000F7D10948FEF79CFAF0E76FF01500EEE76C
:104090006FF07700EBE76FF00F00E8E7C81700203C
:1040A000C0170020D400002060030020044BD3E898
:1040B000AF3F13F0100F034808BF0020704700BF48
:1040C000D40000205A8C002070B5054619480368BA
:1040D0008B4228D0184BD3E8AF3FDA0626D50368C9
:1040E00013B16FF00F0070BD144AD2E8AF3FDB0789
:1040F000F7D4D2E8EF3F43F00204C2E8E64F002EC7
:10410000F7D113F00204ECD1016029460C4818F0F5
:1041100049FF0C4805F1200118F044FF0A48FEF75A
:104120004FFA2046DFE76FF07700DCE76FF07C00A6
:10413000D9E700BFC4170020D4000020C01700201A
:104140001A8C00203A8C00205003002070B50546E0
:104150000B4B1C6844B154F82C3C2C3C13B1284642
:10416000297B9847E46AF5E7064C074EB44200D332
:1041700070BD236813B12846297B98473034F5E792
:10418000E01A0020282702005827020010B5044634
:10419000FEF77EF8044901EB0011204618F0FAF909
:1041A000BDE81040FEF7F0BCD0170020002270B52B
:1041B0000446D1E901560748C1E901221CF001F883
:1041C0003DB1314620462B46BDE870406FF06D0290
:1041D000184770BD4806002070B505460022002330
:1041E0000E4814F0D1FDB8B90D4B1C6834B154F829
:1041F000243C2C3C03B19847E46AF7E7094C0A4E8B
:10420000B44204D32846BDE8704014F055BFA368FB
:1042100003B198473034F3E770BD00BF3806002083
:10422000E01A002028270200582702002DE9F0415B
:10423000044620270025EFF3118287F31288BFF38D
:104240006F8FE16929B1206A0B688142E36108BF81
:10425000236282F31188BFF36F8F71B1D1E90168D6
:104260000748C1E901551BF0ACFF1EB100224146D1
:104270002046B047FEF788FCDDE7BDE8F08100BFCF
:104280004806002013B5437B0446072B22D1043097
:10429000D0E8EF3F43F48062C0E8E12F0029F7D176
:1042A000590517D418F0A3FEC2030DD5E17889B9DA
:1042B000094B93F8D930DB070CD5022320461A4668
:1042C000009118F087FC05E0204618F049FC637B5C
:1042D000072BEBD002B010BD000000200448B0F85E
:1042E000143100F58C70002B08BF0020704700BF10
:1042F0000000002030B50446FDF712FD0D460D4AC2
:104300000D4989B00858D2F88010884205D120465E
:1043100009B0BDE83040FFF789BF2434214610467C
:104320001CF029F81DB1694620461CF034F809B08C
:1043300030BD00BFD81500200800000038B50022AD
:1043400004468A4202D10024204638BD012004F1EF
:10435000D003D3E8EF5F002D04D1C3E8EC0FBCF12C
:10436000000FF6D102D0D8340244EAE7002CEAD09C
:10437000D022002120461DF0FFFB04F1400004493B
:104380001CF02AF8034904F124001BF0C9FFDBE705
:10439000354F0000F5CF010008B500F1D003D3E898
:1043A000EF2F013AC3E8E12F0029F8D1AAB90B4B4E
:1043B000984212D303F1D80290420ED2C01AD823E9
:1043C000B0FBF3F203FB120038B9054814F0A8FC67
:1043D000BDE80840034814F06FBE08BD780B00200C
:1043E000380600208003002010B5044618F079FE3E
:1043F00015F03AF90C4B04F1C401D3F82C3143B950
:104400000A4818F0D9FD15F043F9BDE81040FEF751
:10441000BBBB994201D01B68F1E715F039F9204682
:10442000FFF7BAFFF1E700BF000000202C010020D9
:1044300070B5457B04468D4223D0417355B1022DA2
:104440000BD0637B072B1CD8DFE803F01C0E541B3A
:104450001B1B1B1818F045FEF3E78378012BF0D1E6
:1044600040301BF0C7FFECE73A4D05F58C766169EB
:1044700000295CD1BDE87040FEF786BB0023C4E98B
:104480000D3370BD082DFCD801A353F825F000BFF3
:1044900083440000B5440000E1440000DB44000018
:1044A000EB440000EB440000E144000083440000C2
:1044B0008344000004F1400528461BF09BFF204682
:1044C0000121FFF717FF204618F0B2FD2846BDE88E
:1044D00070400022002314F093BE022018F059FD12
:1044E000237B13B12046FFF731FE2046BDE8704024
:1044F000FFF752BFA378012BC3D1164B9D8A002D25
:10450000BFD00A2347F6122640F2E73000215D4370
:104510004FF47A720023E5FB0601FBF7B1FF024678
:104520000B4604F14000BDE8704014F035BEA269AE
:104530000B68914208BFA36120466361FFF736FE16
:10454000B5F81431002B14BF3046002014F0E8FBFE
:104550008DE700BF00000020F8B5074609480D466A
:10456000164618F0BEFD044650B183781F4203D1B1
:10457000BDE8F840FFF710BF3146A8472046F7E7EF
:10458000F8BD00BF780B0020002201200149FFF791
:10459000E3BF00BF8542000038B505460B480C4616
:1045A00018F09FFD034670B1427B012A02D0073A02
:1045B000012A06D81A88AA4202D19A78144203D155
:1045C0001846FFF7E9FE0023184638BD780B002097
:1045D000034BC01A034BC0105843C0B2704700BF12
:1045E000780B002013DA4B6870B51C46144305465F
:1045F0000E4608D0FDF794FB0B4908580B49D1F83B
:104600008010884201D1002213460949002D14BFB1
:104610002846084617F00CFE044618B1711D0C30F0
:1046200017F06BFE204670BD08000000D815002072
:104630005806002010B50446054814F03DFD2046FC
:1046400000F086FE2046BDE81040FFF77FBD00BFAA
:104650007003002000232DE9F04F87B003930593EA
:10466000A54B5A8A32B1A54DD5F82C4134B907B0C3
:10467000BDE8F08F1B68002BF5D1F8E754F8C4397A
:1046800003B1C43B00269E4901E01C461346B5F821
:104690001421002A00F02E81D5F820214AB904F116
:1046A000C406002BE3D0D3F8C420002AEDD0C43ACE
:1046B000EBE70A68002AF2D0D4F8B020002AEED046
:1046C000D4F8B420002AEAD0D4F8B820002AE6D0E2
:1046D000637B072B66D120469047002862D004F107
:1046E000C80018F084FC02285CDC204618F0F9FCB5
:1046F00004460028BBD0637B072B40F0F2802046A5
:10470000D4F8B030B5F8141104AA98470746002829
:1047100000F0CA80B5F81421049B9A4206D30146E2
:10472000D4F8B460204605AB03AAB047059BDDF87A
:104730000C9001933B8A002B00F0D6803846DDF8C0
:1047400010A017F03DFF8046002840F0D080B5F85B
:104750001431DFF8B0B1002B14BF584600200022FE
:10476000002314F011FB78B900220023644814F0F0
:10477000A1FA064600283BD1B5F81431002B18BF2A
:104780005E46304614F0CCFA6FF00B053846FDF764
:104790001FFEB9F1000F00F083802A4620460199E0
:1047A000C8477DE0D4F8C43004F1C402C6B9D5F8D6
:1047B0003011C5F82C318A4201D1C5F830310023BF
:1047C0002046C4F8C430D4F8B8309847002892D0B6
:1047D000637B072B40F085802046FFF705FE8AE7C4
:1047E0003360D5F830319A4208BFC5F83061E6E74A
:1047F000019BC0F804908360B5F814B10022DA453B
:104800004FF000034FF000013B4898BF1FFA8AFBAE
:10481000FDF760FD814650B1FDF73AFD3A4B5A462F
:1048200003EB00133946484617F08FFE8146B5F872
:10483000143194F8CC709A458CBF4FF001080237C0
:1048400084F8CC8098BFFFB204F1C808D8E8EF3FE5
:104850000133C8E8E23F002AF8D104F1140A3146D6
:10486000504618F0A9FBA378012B21D0D8E8EF3FE0
:10487000013BC8E8E23F002AF8D13146504618F023
:10488000BCFB4846FDF7A4FD20463146FFF78EFCF1
:10489000B5F814311B48002B08BF002014F040FA73
:1048A0001321204618F034FC2046FFF775FDDEE6A4
:1048B00009F10C0B0421584617F041FD238807F03D
:1048C000FD0743EA07330380B9F810300221043BA7
:1048D0004380584617F047FD4846FEF73BF900284D
:1048E000C4D1FEF751F9DFE76FF079054EE76FF0BD
:1048F00004054BE79368FFDEE80600200000002077
:104900004806002018010020D017002040F2E243A2
:104910002DE9F041D0F888600446B6FBF3F6031D9C
:10492000184618F064FB8204B6B213D5B4F88C2094
:10493000B2420FD8B4F88E20B2420BD3D4E924127D
:10494000914207D1D3E8EF1F21F40051C3E8E21FE1
:10495000002AF7D1104B1D6865B155F81C7C2C3D21
:1049600037B131462046B4F89230B4F89020B847B9
:10497000ED6AF1E7094DDFF82880454501D3BDE830
:10498000F0812F6937B131462046B4F89230B4F83F
:104990009020B8473035F0E7E01A002028270200C1
:1049A00058270200F8B50F4B05461C685CB12C3C3B
:1049B00000F1A606236A13B1314628469847E46AF7
:1049C0000CB12C3CF6E7084C084E05F1A607B442A2
:1049D00000D3F8BD236A13B13946284698473034CE
:1049E000F5E700BFE01A0020282702005827020040
:1049F000F8B50F4B05461C685CB12C3C00F1A406D1
:104A0000E36913B1314628469847E46A0CB12C3C5F
:104A1000F6E7084C084E05F1A407B44200D3F8BDF0
:104A2000E36913B13946284698473034F5E700BFAB
:104A3000E01A002028270200582702002DE9F04143
:104A4000074608460D4617F0A5FF064618B900268A
:104A50003046BDE8F081144B1C6884B154F8203C0A
:104A60002C3C0BB9E46AF8E72946384698470028F9
:104A7000EDD0284617F08EFF0028F3D1E7E70B4C66
:104A8000DFF82C804445E3D2E3680BB93034F9E712
:104A90002946384698470028D9D0284617F07AFF8B
:104AA0000028F3D1D3E700BFE01A00202827020036
:104AB000582702002DE9F041C37804468BB900F174
:104AC0007E06114B1D687DB12C3D04F170076B69AA
:104AD0001BB13A46314620469847ED6A25B12C3D38
:104AE000F5E700F17706ECE7084D094F04F170088F
:104AF000BD4201D3BDE8F0816B691BB1424631462E
:104B0000204698473035F3E7E01A002028270200B6
:104B100058270200F8B5437A05468372164618F006
:104B20009FFE0D4B1C684CB154F8143C2C3C1BB13F
:104B300032462846697A9847E46AF4E7074C084FFA
:104B4000BC4200D3F8BDA3691BB132462846697A3E
:104B500098473034F4E700BFE01A0020282702000D
:104B60005827020038B505460C460F480121FFF7CB
:104B7000E5FBC0B1057223680367A388A0F8743011
:104B8000A37980F876300123437283728370074BD8
:104B9000C0F8B030064BC0F8B430064BC0F8B8309F
:104BA000054BC0F88C3038BD780B002071510000E7
:104BB000D9CF0100CDCF01001800280070B50546FF
:104BC0000A480E4618F08DFA044620B18378012B6E
:104BD00004D0FFF7E1FB0024204670BD3246294691
:104BE00018F08EFB0028F7D12046F2E7780B002062
:104BF00038B50446134818F0FAF9420702D46FF0AA
:104C00000A0038BD084617F0C5FE10B96FF0150050
:104C1000F7E7FFF7D1F80028F1D10A4818F0E7F9D3
:104C20000306C0F3C0150AD418F091F90028EDD09E
:104C30002146284618F084FB0028E2D0E6E76FF012
:104C40007700DEE7D4000020F8B505460E480E4692
:104C5000174618F046FA044620B18378012B03D09A
:104C6000FFF79AFB00240DE036B13246294618F0D2
:104C700047FB08B92046F3E7637BBB42FAD1237AAE
:104C8000AB42F7D12046F8BD780B0020002210B5CA
:104C9000837804460B70C3784B70037A8B70437B28
:104CA00081F82B20023BDBB2062B8EBF13462B482C
:104CB000C35C204681F82830A378012B14BF002361
:104CC000637A81F8293018F0A9FA81F82A00A378CC
:104CD000012B40D104F170038B60237A204AC3EB8F
:104CE000C30313444B60E27804F1770304F17E00C0
:104CF00042BB1A460346C1E9032340F2E242D4F81C
:104D000088304B61B3FBF2F30B83B4F890304B83E4
:104D1000B4F892308B8304F1A4030B6204F1A60370
:104D20004B62D4F8A0302BB15B7CDA0644BF012380
:104D300081F82B30D4F8A03013B15B7C9B0603D4F0
:104D4000002010BD0246D6E791F82B3043F0020355
:104D500081F82B30F4E76FF01500F2E77A45020096
:104D600000000020F8B505460E460C4B1C6844B107
:104D700054F8083C2C3C13B1314628469847E46A65
:104D8000F5E7074C074FBC4200D3F8BD636A13B187
:104D90003146284698473034F5E700BFE01A002036
:104DA0002827020058270200F8B505460E460C4B8E
:104DB0001C6844B154F8043C2C3C13B131462846DD
:104DC0009847E46AF5E7074C074FBC4200D3F8BDAB
:104DD000A36A13B13146284698473034F5E700BF3F
:104DE000E01A002028270200582702002DE9F04190
:104DF00005460F4614469846002B5DD01146FFF736
:104E0000F7FE064600283CD12146284618F04EFA07
:104E10000446002853D097E80F002A4D05F1080CEE
:104E20008CE80F00AB8A002B08BF4FF49673AB825F
:104E30002B8A03B9AB892B826B8A03B9EB89224891
:104E40006B8218F0D4F8430501D5FEF791FA95F876
:104E5000292195F828319A4216D903212046FFF7D7
:104E6000E7FA0220FEF71AFE054610B3022018F0FA
:104E700090F820460021FFF7DBFA2046FFF78CFA76
:104E80002E463046BDE8F08102212046FFF7D0FAD9
:104E9000204617F017FE054658B100212046217321
:104EA000FFF7C6FA2046FFF777FA0320FEF7F6FD74
:104EB000E6E7C8F80040E4E76FF01506E1E76FF0B9
:104EC0000B06DEE700000020D400002038B50446C1
:104ED00008460D4617F05EFD38B3154B93F8D830F1
:104EE000990707D4E37873B129462046BDE83840D6
:104EF00018F023BD94F898309A07F3D5201D18F0C8
:104F000076F84304EED42946204618F08EFA58B9B4
:104F10002B88A4F88C306B88A4F88E30AB88A4F86A
:104F20009430EB88A4F8963038BD6FF01500FBE79D
:104F300000000020F7B510F8333C0446A0F140060D
:104F40000BBB304618F0EEFB2C4B1D684DB155F8ED
:104F5000283C2C3D1BB1304614F8341C9847ED6AB0
:104F6000F4E7274D274FBD4205D3304603B0BDE8D7
:104F7000F040FFF711BA6B681BB1304614F8341CCF
:104F800098473035EFE710F83E3C012B34D110F84C
:104F90003D3C63B9FDF736FF69302DD140F239123F
:104FA0000023204603B0BDE8F04014F029B9A0F179
:104FB0003C05D5E8EF3F23F40052C5E8E12F002976
:104FC000F7D19B0410D5E36C69460093636D3046BE
:104FD0000193FFF77BFF38B9D5E8EF3F23F4805307
:104FE000C5E8E23F002AF7D1D5E8EF3F43F400637C
:104FF000C5E8E23F002AF7D103B0F0BDE01A002077
:10500000282702005827020038B517481BF0ABF8D4
:105010000024164D2946144801341BF0D2F8402CC8
:1050200005F10C05F6D119F006FA02F09FF90446D5
:10503000B8B903F085F8044698B918F09FFC0C48FD
:1050400018F04FF8054660B1043017F0D0FFC307E1
:1050500004D5032128462C72FFF7EAF92846FFF70A
:105060009BF9204638BD00BF48060020E01700200D
:10507000780B0020054A1078013010F0FF000ABFBD
:105080000123034618461370704700BF9A8C002016
:10509000044B186818B9044A5A600B6070476FF0E7
:1050A0000B007047500C0020382A020070B5D0F871
:1050B0009820044600F170032AB1FCF731FE104934
:1050C00009588A4215D0184604F1A0011BF0A5F931
:1050D00004F1580600220023304613F0EBFD05468C
:1050E00058B9206C20B1FDF773F92564A4F8445039
:1050F00070BD18461BF07EF9EAE7FDF769F9E9E7AC
:105100000800000070B5044652EA030008D0FCF71E
:1051100007FE074D074ED5F880503058854201D123
:10512000002213462046BDE870400431FFF75CBA08
:10513000D815002008000000F8B50F460021062809
:105140000546164609484FF224424FF0000318BFA7
:105150000846FFF7D7FF044630B104210C3017F0A2
:10516000D7F80570477046802046F8BDA00600209D
:105170002DE9F0470E469046D0F8BC4044B1C03C03
:10518000236B5BB9206818F0FCF9D4F8C040F5E750
:10519000FDF7FAFC00252846BDE8F08704F1300948
:1051A00048461BF023F805460028F1D017F008FA0E
:1051B0000028EFD1D4F8C43073B9A38C403B9BB224
:1051C0003F2B09D804F12C0018F0BDF9002803DCAE
:1051D000206818F0D6F9DDE7284617F058F8D4F81B
:1051E000C43005469BBBA38C078A403B9BB23F2B38
:1051F00003D8238D9F4228BF1F46042105F10C00D0
:1052000017F09DF80780A38C04374380A38CC4F863
:10521000C470403B9BB23F2B19D804F12C031846B5
:1052200018F091F9002840D1184618F08CF970B99F
:1052300004F11001D1E8EF3F23F00103C1E8E23FA0
:10524000002AF7D16368DB690BB120469847D4F890
:10525000C470BE421ED3B5F810A0574506D1002237
:105260000023484613F026FDFDF7B2F8A38CA3F106
:1052700040023F2A06D857451ABF00221346104A5B
:10528000EB61AA61206818F07CF9236B13B120460A
:1052900018F05FF9D4F8C4309E422CBF00269E1B44
:1052A000C8F80030C4F8C46075E7421ED3E8EF1FA9
:1052B000814203D1C3E8E72F002FF7D1B4D0AEE786
:1052C0000FD9010070B58B8A05460C462BB94021D9
:1052D000284618F029FB20BBA182002304F110010D
:1052E000D1E8EF0FC1E8E63F002EF9D12364A4F81E
:1052F0004430C4F8C030C4F8C43004F1080105F1EA
:10530000340018F0BBF810492560E26004F1700029
:105310001BF062F8A38A403B9BB23F2B07D90120C8
:1053200004E0013189B28029D2D1002070BD074943
:1053300004F148001AF0F4FF04F158001AF013FFCA
:10534000012384F86830EAE7F5D60100C9DA0100E4
:10535000F7B505461B4C1C4FBC4201D303B0F0BD52
:105360002188284618F010FA6368019001A92846A0
:105370009847002824DB019E2388002231462846D6
:10538000B382B384FFF79EFF0028E7D006F1300018
:105390001AF0E9FE019843681B6803B19847019B26
:1053A0001033D3E8EF1F41F00101C3E8E21F002AE8
:1053B000F7D101984368DB6913B100F110019847F8
:1053C0000834C9E71027020028270200054A0346CF
:1053D000106830B130F8082C08389A4201D0806843
:1053E000F7E77047F41A002070B50C4615460646DC
:1053F000002844D0437B072B41D119B96FF0150524
:10540000284670BD91F86E30042BF7D813B90123EC
:1054100081F86E306B1EFE2BF0D8204618F0FFF896
:10542000204618F0DEF821463046184AFFF74AFFBA
:1054300040B3A4F86A5094F86E10737A8B420FD27E
:10544000304617F0F8FE054688B91034D4E8EF3F2F
:1054500043F00403C4E8E23F002AF7D10025CFE778
:105460002046FBF795FB0028F8D06FF00B0530467F
:10547000214618F029F9204618F0E2F8C0E76FF04D
:105480007F05BDE76FF00B05BAE700BFAD50000028
:1054900030B5026C0446108A0D4685B060B1138B9E
:1054A000298A0144B4F84400814207DD204605B052
:1054B000BDE8304018F063BA0346F1E701331383C7
:1054C000214B002202930023CDE900230394EA68D4
:1054D000298A206CFCF7A0FF2B8A80B28342E5D199
:1054E000256CB4F844302A8A9A420BD204F11C008D
:1054F00018F029F828BB0121204605B0BDE830404E
:1055000018F05CB900232364A4F84430636829468A
:1055100020465B69984700280ADA773011D0204688
:1055200018F02DFA284605B0BDE83040FCF750BF12
:1055300094F86830032BF5D10121204618F03EF98C
:10554000F0E705B030BD00BF31D501002DE9F04FC7
:105550000B8A0646032B0D4687B065D9042105F159
:105560000C0016F011FFB5F810B043885B455BD115
:105570004478002C58D00378013B152B00F21F8291
:10558000DFE813F0D0011D021D021D021D025B01A8
:1055900092011D021D021D021D021D021D021D029F
:1055A0001D021D021D02DE0152001600D600AC01D4
:1055B000BBF10A0F38D1EB6821461A8815200292F8
:1055C000B3F802A036681FFA8AF20392B3F8048097
:1055D0001FFA88F20392B3F806901B895A46039388
:1055E000FFF7AAFD1FFA89F50746E8B159460C30C6
:1055F00016F08EFE00230360436003811FFA88F3D8
:10560000162B044614D84FF00B0B39463046A4F83D
:1056100008B018F0C2F838B9BBF1000F04D10498F3
:1056200043681B6803B19847002007B0BDE8F08FBE
:105630004FF6E671A5F117039BB28B42E3D80298AF
:10564000FFF7C4FE054610B94FF0020BDDE7737A91
:105650008178994207D81FFA8AF3403B3F2B0CD937
:105660004FF0090BD1E7012B04D8304617F07FFD2E
:1056700000285AD14FF0050BC7E730461FFA8AF1D0
:1056800018F082F804900028BFD1294630466B6894
:1056900004AA9847002815DA10F10C0F0FD010F16A
:1056A0000B0F07DA10F1860FCED00D30ABD14FF0D3
:1056B000060BAAE70130A6D14FF0070BA5E74FF084
:1056C000040BA2E7DDF810B0DBF804305B69002BB7
:1056D00099D0AB7858468BF86E3017F0A0FF58463B
:1056E000ABF824A0ABF82890ABF8268017F079FF30
:1056F0003046B64A0499FFF7E5FD0028DFD058464A
:10570000039917F04BFF03222B88ABF86A30049BF8
:105710004FF0000B83F868209A8A22801A8BA280AF
:10572000DA8A6280DB69E3806FE74FF0080B6CE791
:10573000BBF10A0F7FF478AFEB683668B3F80290DC
:10574000B3F800A01FFA89F20292DA88B3F8048055
:1057500002921D891FFA8AF7082D1FFA88FB2DD89F
:1057600040F22113EB40D90728D50023214614220B
:10577000304617F09DFE044600283FF455AF7030C8
:105780001AF038FE0023052DA4F86C302BD0082D1C
:1057900029D0002D4DD1403F3F2F0AD81FFA89F361
:1057A000162B06D94FF6E672ABF117039BB2934264
:1057B00006D93B21304617F0ABFC35E70123D5E78E
:1057C000032384F868306368A4F824A0A4F8269022
:1057D000A4F828801B680BB1204698472046029900
:1057E00017F0DCFE20E7274657F8103B384617F045
:1057F000AAFE420719D4052D5B7A11D0012B14D8CB
:105800000221206817F017FD00280EDBD7E8EF3FD4
:1058100043F00403C7E8E23F002A3FF405AFF5E791
:10582000032B02D86A4AD15CEBE72146304617F0D9
:105830004BFF204617F004FFF6E6BBF1040F7FF4A0
:10584000F3AEEF6836683988304617F051FE0546EA
:1058500088B90222BB78F97843EA0123ADF8103009
:105860003B88CDF800B0ADF8123004AB214630468D
:1058700018F029F8D8E621465A460720FFF75CFCC5
:10588000044600283FF4D0AE59460C3016F040FDD7
:10589000AB8A0380AB8C4380284617F0D1FE2146AB
:1058A000304617F07AFFBFE6BBF1040F7FF4BCAEC1
:1058B00036680023062221463046ED6817F0F8FDD1
:1058C00000283FF4B1AE6B88818A99427FF4ACAE78
:1058D000304617F00DFE0028ACD1A5E6BBF1040F51
:1058E0007FF4A2AEEB681988A1F140023F2A3FF68F
:1058F0009BAE5A88002A3FF497AE306817F044FFF9
:10590000034600283FF490AE2C3017F01CFE1044E4
:10591000B0F5803F03DB184618F031F884E61146F5
:1059200018465DE7356801234FF48072214628460A
:1059300017F0BEFD00283FF477AE17F081FEF2E7C6
:10594000BBF1080F7FF470AE3668737B072B7FF4D2
:105950006BAEF3781BB100231A46009386E7EB6821
:1059600021461A881320ADF810205A88ADF812206D
:105970009A88ADF81420DB880222ADF81630FFF7C4
:10598000DBFB044600283FF44FAE04A93046FFF786
:1059900055F80546022104F10C0016F0B9FC85F01B
:1059A0000103DBB203802146304617F0F6FE002DDE
:1059B0003FF43AAE304604A917F037FD34E6002331
:1059C00000931A462146306852E700BFAD500000F0
:1059D0008145020070B504460D4611B96FF01500FF
:1059E00070BD0028FAD00B7A012BF7D1036883B37E
:1059F0005B7B072B2DD1103017F0A5FD83072BD42F
:105A0000A38CA3F140023F2A19D8098AE38C8B4268
:105A100025D32B7A012BE1D1EB686A699B1A0A2BFB
:105A2000DCD905F10C0016F092FC294604F1300097
:105A30001AF0C7FB204617F08CFD0020D0E7013B91
:105A40003E2BCBD823462046BDE87040054A17F0D0
:105A50007DBE6FF07F00C3E76FF06D00C0E76FF0B1
:105A60007900BDE73BD5010023281FD81A2804D8A8
:105A7000431E182B0ED906207047A0F11B03082BDC
:105A80001ED8DFE803F0051D1B231D19251D050089
:105A90000320704701230F4A83401A40C2B90E4ABF
:105AA0001A40002A0CBF06200120704700F07F0337
:105AB000522B05D100207047012070470520704708
:105AC00010F0400F14BF00200620704704207047DC
:105AD00002207047AAAA8A02545545012DE9F74FC2
:105AE000054608468946FCF7D3FB18234343264F57
:105AF0000446FA189168D9F80C60019105F1D000BC
:105B0000D0E8AF0FC1073CD5D9F80C000078107170
:105B10000022FA503378D22B0ED12B6849461868F0
:105B200019F037FB40B101904846FCF751FC019B4E
:105B3000184603B0BDE8F08F18235C4300234946A4
:105B40001A4607EB040805F10800D9F80C60D9F8EB
:105B500014B0B9F810A0C8F8085017F0F7FD0346C4
:105B60000028E5D0D9F81420A6EB0B0612FA86F629
:105B7000019AC9F80C60A9F810A0C8F8082038519B
:105B8000D6E76FF01503D3E7041B002070B50E466F
:105B9000C38DC18B01328B4228BF0B469A4205460A
:105BA00031D83046FFF760FF6FF01403034113F064
:105BB000010310D0FCF7B4F8144B1958144BD3F868
:105BC000803099421DD0134B1B685A1A18BF4FF0F2
:105BD000FF32134600E0104A00211048FFF792FA06
:105BE000044660B1FCF754FB18220D4B012102FB67
:105BF000003304F10C009D6016F08AFB067020460D
:105C000070BD0022E5E70024F9E700BF08000000AE
:105C1000D8150020042100201C4E0E007C06002018
:105C2000041B0020A0F108014022002010B4064B04
:105C30009C6818338C4208BF43F8100C013AF7D126
:105C4000024810BC1AF0CAB9041B0020DC05002071
:105C5000F8B50F4A074600230E480E4616F0E8FA3C
:105C6000044690B100F10C050921284616F045FBC9
:105C70002046FCF70DFB1822074B012102FB0033E5
:105C800028469F6016F044FB06702046F8BD00BF12
:105C90001C4E0E007C060020041B002008B5EFF30C
:105CA0001181202383F31288BFF36F8F00230360D9
:105CB0000C4B5A689AB9C3E9000081F31188BFF30D
:105CC0006F8F094813F0F8F9002807DA002383F3EF
:105CD0001188BFF36F8F0323184602DF08BD1060E1
:105CE0005860EAE7FC1A0020B80300207FB5CB68B3
:105CF00004461D888DB15E8876B1AE420DD3102268
:105D0000002168461BF038FF05212046FFF7A0FF61
:105D1000019058B9112007E0354601232A46042195
:105D2000204618F0BFF8002004B070BD6B46314625
:105D30002846084A009418F0D2F8DDE9011323B987
:105D40000846FCF745FB0A23E8E7204617F0D5FF95
:105D5000E9E700BF17DD010010B5044600F1C803F4
:105D6000D3E8EF1F41F00101C3E8E21F002AF7D199
:105D7000A4F1080018F02BF804F1E00003491AF030
:105D80002BFB2068BDE8104001F07EBA3BE4010027
:105D9000F0B51D46036804460E4685B0012118681B
:105DA000174618F039FF38B904F1D00018F0BBF8E5
:105DB00050BB122005B0F0BD65B31022002168462B
:105DC0001BF0DAFE39462046FFF742FF029018B377
:105DD000BDF828302946ADF80430012328468DF857
:105DE0000C300E4A6B46009418F079F89DF80C3090
:105DF00002995BB10846FCF7EBFA2A463146204689
:105E00009DF80C3018F04EF80020D3E7204617F02C
:105E100074FFF9E70120CDE71120CBE7BBE20100D9
:105E20002DE9FF41036804460D461868012118F06A
:105E3000F3FE40B904F1D00018F075F8A0BB1220B1
:105E400004B0BDE8F0811022002168461BF094FEEA
:105E50000F212046FFF7FCFE029038B34FF00108F7
:105E6000009405F10C072B8A012B04D820460299D7
:105E700017F043FF18E0384616F096FA6B460146D5
:105E80000B4A06468DF80C8018F029F89DF80C3066
:105E9000002BE8D00298FCF79BFA32460E212046F0
:105EA0009DF80C3017F0FEFF0020C9E71120C7E76E
:105EB000BBE201002DE9FF41036804460D46186866
:105EC000012118F0A9FE40B904F1D00018F02BF818
:105ED000A0BB122004B0BDE8F0811022002168466A
:105EE0001BF04AFE21212046FFF7B2FE029038B394
:105EF0004FF00108009405F10C072B8A012B04D800
:105F00002046029917F0F9FE18E0384616F04CFAD0
:105F10006B4601460B4A06468DF80C8017F0DFFFF2
:105F20009DF80C30002BE8D00298FCF751FA32466D
:105F3000202120469DF80C3017F0B4FF0020C9E75F
:105F40001120C7E737E201002DE9F0430F46044670
:105F5000062187B007F10C0016F016FA0588EDB19E
:105F6000B0F80280B8F1000F17D0A84516D300236F
:105F700082888DF800308DF804304FF42053684645
:105F800001A9D7F80C90ADF80220ADF8063016F054
:105F90005AFA064660B10A2301E0454601232A4623
:105FA0000621204617F07EFF002007B0BDE8F083F1
:105FB0000146142201A83F7C1BF0DEFD072120468C
:105FC000FFF746FE0290D8B10A2341468DF81530FE
:105FD000284601AB0B4ACDE9036901948DF8147092
:105FE00017F07DFF9DF8153002992BB10846FCF79C
:105FF000EFF99DF81530D2E7204617F07EFED3E783
:106000001120D2E7EBDF01002DE9F0410E8A0446B2
:10601000043EF6B2022E08468CB001D0102E76D186
:1060200004210C3016F0B0F90DF1040805884788FA
:10603000011D3246404616F033FA002869D085B378
:1060400077B3BD422DD80121A06818F0E5FD0646C2
:1060500078BB42F602038DF8000069464046ADF871
:10606000023016F0F0F920B342F60303404606A9C9
:106070008DF81860ADF81A3016F0E5F9C8B1012DA9
:1060800003D14FF6FF739F4213D004F1D00017F0F5
:106090004AFF002814BF002012200CB0BDE8F08198
:1060A0003D4601232A460821204617F0FBFE00202A
:1060B000F3E7182200210DEB02001BF05DFD092122
:1060C0002046FFF7C5FD0890F8B101210C30CDE95D
:1060D000064816F01DF90023099003700A2339467B
:1060E0008DF82C30284606AB0B4A17F0F8FE9DF8C9
:1060F0002C3008992BB10846FCF76AF99DF82C3032
:10610000D0E7204617F0F9FDD1E71120C5E70420BC
:10611000C3E70E20C1E700BF196400002DE9F0417C
:106120000E8A0446043EF6B2022E08468CB001D018
:10613000102E64D104210C3016F026F90DF1080858
:1061400005884788011D3246404616F0A9F9002807
:1061500057D0A5B300268FB3BD4230D84FF420539B
:10616000404601A98DF80460ADF8063016F06BF9D1
:1061700048BB1422002107A81BF0FEFC1121204679
:10618000FFF766FD0990002837D001210C30CDE9DA
:10619000074816F0BDF800230A90394603701A4AE2
:1061A0000B93284607AB17F09AFEDDE909131B781D
:1061B000FBB90846FCF70CF90A2301E03D46012330
:1061C0002A4610210EE042F60103404607A98DF849
:1061D0001C60ADF81E3016F036F90028C9D0102327
:1061E0002A461946204617F05DFE00200CB0BDE897
:1061F000F081204617F081FDF7E71120F6E7042033
:10620000F4E70E20F2E700BF61630000F0B51D4621
:1062100003680E460039044618BF012187B018688C
:10622000174618F0F9FC40B904F1D00017F07BFED6
:10623000002844D0002007B0F0BD002D41D0182226
:10624000002168461BF098FC47BB236829461B6861
:10625000284600930023ADF812300C9B1A4A039392
:10626000BDF834308DF80860ADF8103001238DF89A
:1062700014306B4617F033FE9DF81430C3B1002F75
:10628000D8D00198FCF7A4F8002ED3D02A461221CA
:1062900020469DF8143017F005FECBE700221321AD
:1062A0002046FFF773FC01900028CED11120C2E7F1
:1062B00001990029BED0204617F01FFDBAE7122031
:1062C000B9E70120B7E700BF89DC01002DE9F04103
:1062D0000B8A04460D46002B3AD00668012105F1D1
:1062E0000C0016F051F8737B0746072B30D154F899
:1062F000083C6BB300230178184E083C16F83300B5
:106300004FEAC308884206EBC30211D1298A5378A9
:10631000994220D35368294620469847034646446D
:10632000B278012A14D19BB1397889B100220CE0EE
:1063300001330C2BE2D10846FFF796FB2122C24025
:1063400012F0010204D119B10623204617F0AAFD6C
:106350000020BDE8F0810423E1E700BF742A0200B9
:106360002DE9FF414FF000084FF4205305460E463B
:10637000006802A9144617688DF80880ADF80A3045
:1063800016F061F8A0B142F60103286803A98DF860
:106390000C80ADF80E3016F056F848B123691BB1E9
:1063A0005A88B24200D25E80012004B0BDE8F0817C
:1063B0006168286816F047F810B100232361F3E7FD
:1063C000E368A0681A786AB1B7F82EC0F98B038A1F
:1063D0008C4594BFC3EB0C03C3EB0103934201DA7A
:1063E0000020E2E704210C3015F092FF20610680C6
:1063F000236929465E80074B0194009338460023A9
:10640000A26817F08FFE0028EADB2069003818BF69
:106410000120CAE785DE01002DE9F347176805462C
:106420008946006851681446D7F808A016F00BF8A2
:10643000804600284BD195222946504618F0E7FAAD
:106440000646207540B1E3681B780BB184F81480D0
:10645000002002B0BDE8F0872946504618F019FC2C
:1064600010B908232375F3E7A068267515F016FF09
:1064700002210C3015F04CFF164B2061A0F8009063
:1064800000930194334629463846A26817F04AFE25
:10649000002807DA10F1FF0F32BF0E204042C0B2D1
:1064A0002075D5E72369002BD2D0A06817F06FFBC9
:1064B000FB8BFA8D9A4294BFC0EB0200C0EB030045
:1064C000E3681B78984294BF00200120C1E70120B7
:1064D000BFE700BF9FDB0100F7B5002304460E466F
:1064E00000226946284812F0F5FA0546D0B9FBF7B4
:1064F00017FC264B29461A58254B00981A6024226F
:106500001BF03AFB009B00221C60009C0023C4E9A6
:106510000155C4E907551F4801A9019512F0DAFA9F
:10652000054620B16FF00B05284603B0F0BD0146CB
:106530004FF4907201981BF01FFB0198164BC3603B
:10654000D83019F010FE019BD033D3E8EF2FC3E809
:10655000E15F0029F9D1019B1C60E369019F1BB930
:1065600004F10C0019F0FFFDE26907F58C73C7F820
:106570001821226AE36102B923621722019BDA859E
:10658000DA8308333360CFE7C0050020080000003D
:1065900004210020DC050020900300202DE9F74FA6
:1065A0000646EFF31187202383F31288BFF36F8F22
:1065B000414C204617F0E1FA23680546009387F323
:1065C0001188BFF36F8F002860D0FBF761FE18229F
:1065D00002FB00F33949C81851F803B003690021E0
:1065E000D0E90247019390F80480B0F806A01BF0B0
:1065F000C3FAA87AFBF744FE6969814651B16A7A09
:10660000D00705D4D9F81C20284612689268904714
:1066100000226A612946484619F0DEFDB8F1000FF4
:1066200024D01CB323680BB31B68FBB1BBF1000F74
:106630001CD104F1080017F070FE4046FFF714FA71
:10664000052813D8DFE800F025031225120304F112
:10665000D003D3E8AF3FDA0708D5D4F8D4302BB154
:106660000023174A04F1E80012F0CAFD009B6BB149
:106670003146002019F07FFE002807DA002383F35B
:106680001188BFF36F8F0323184602DF03B0BDE804
:10669000F08F54F8D03B1D68D4E8AF3FDB07E5D559
:1066A000002FE3D0002403E028460199B8470134C5
:1066B000A3B25345F8D3D9E7FC1A0020041B0020ED
:1066C0001C4E0E0007B50B4600210246FBF728FBC7
:1066D00001910E4909580E480068884204D00D48BF
:1066E000D0F88000884201D10022134601A90A484F
:1066F00012F0F0F9014638B91C2201981BF03CFA5F
:10670000019803B05DF804FB0020FAE708000000E0
:1067100004210020D8150020F805002010B50446FB
:10672000806818B1FBF754FE0023A3602146BDE842
:106730001040014819F052BCF80500202DE9F7433C
:106740000446E8300F4690461E4619F053FED4F832
:10675000D40050B904F1080000F02AF81321A06811
:1067600003B0BDE8F04316F0D3BC104B98424FF095
:10677000000319D045684360D4F8D400D0F81890CD
:10678000FFF7CCFF00232068C4F8D43017F048FA94
:106790003DB12068CDF8009043463A463146006846
:1067A000A84703B0BDE8F0831D46EBE708210020B1
:1067B000F7B550F8084C0546002C57D000F5887105
:1067C00004F11C0017F096FBA5F1080605F1D007AF
:1067D00000220023384612F06DFA024660BBD5F85D
:1067E000CC302BB101466FF067033046FFF7A6FFB0
:1067F000002345F8083C05F1C803D3E8EF1F21F05A
:106800000101C3E8E21F002AF7D1E36973BB04F179
:106810000C0600220023304612F04CFA78B9666864
:1068200086B921461248266019F0D8FB286803B0C3
:10683000BDE8F04000F076BDFBF7CAFDC8E7FBF706
:10684000C7FDE6E7A26833689642636008BFA360AD
:1068500077683FB1B3696FF0670100930023206848
:106860001A46B8473046FFF759FFD8E703B0F0BDE6
:10687000C0050020F8B51D460F461646FBF708FD7B
:106880001823044C03FB00400123C0E90376C380B6
:106890000575F8BD041B002038B5054648B1154BF9
:1068A0001A4613F8011C5C1E16F02AFD58B120464A
:1068B00006E011490F4817F0A4FE78B10D4B581EA1
:1068C00038BD0020FCE72846217C04F1110216F0B7
:1068D00017FD0028F5D004F11000F1E7054B06493B
:1068E00003F1100017F08DFE0028EAD0014B03F1F0
:1068F0000F00E5E73D210020C544020070B50E4CB5
:10690000054623780E46834203D1601C17F079FEBA
:1069100068B9237BAB420CD13146084817F071FEB1
:1069200020B10120404200F00C00204470BD002046
:10693000F8E70020FAE700BFDC8A0020E98A00209F
:1069400070B54A1C0C46054688B910460D4917F02B
:1069500058FEA8B904F10A0604F10B025DB12846FD
:10696000A17A16F0CDFC00B90026304670BD09783A
:1069700016F0C6FCEDE71046024917F042FEF2E7BA
:106980002646F2E7C5440200024608B50749013031
:1069900017F04AFE00230C3202F8043CD2E8EF1F45
:1069A000C2E8E03F0028F9D108BD00BFC54402009D
:1069B0002DE9F04180460F4616461D46FFF79EFF23
:1069C000044648B90E49FFF799FF044650B13946CD
:1069D00000F8018B17F028FE23892BB962892AB9A8
:1069E00026816581BDE8F0819E4204D36289AA4276
:1069F000F8D29E42F5D263892681AB42F2D2F0E70B
:106A0000C54402002DE9F047284B16468268074628
:106A10009A422BD1C568AB8A43B34FF000086C1C77
:106A200005F11509B4F807309BB12246304614F839
:106A3000011C16F065FCE0B9214614F8010CFEF7C4
:106A4000BDF830B1437B072B08BF48F00108FDF7C4
:106A5000A3FC0A344C45E5D1B8F1000F06D1AB696F
:106A6000A5F8148013B14146384698470120BDE887
:106A7000F08706F1700A5146307A16F01AF878B9A4
:106A80000B4B9D4202D1304617F066FE2046094965
:106A900017F0CAFD002304F8013CA4F80730D8E73A
:106AA0005146204617F0C0FDD3E700BFB96A000089
:106AB000E0030020C54402002DE9F8431E46BDF85E
:106AC000203081460F46D1F80C80002B3DD1731E3B
:106AD000012B3DD8012E41460CBF15781588FFF7D4
:106AE0002FFF044680B915B93046BDE8F88341460A
:106AF000FFF726FF044670B309F17001013017F06B
:106B000093FD99F808302370D8F81C308BB9258193
:106B1000B8F81430AB4203D04146384617F08BFD2D
:106B2000002DE1D10D49601C17F07EFD25702581F7
:106B3000DAE72A463946484698470028D5DB013827
:106B40000128E4D96FF00D00CFE76FF00600CCE725
:106B50006FF00C00C9E76FF01000C6E7C5440200F3
:106B600010B504461048D0E8EF3F23F00203C0E818
:106B7000E23F002AF7D1D0E8AF3FDA0704D5002280
:106B80000023303812F03CFB204617F0F9FC50B1DE
:106B90002046FFF781FE30B1037ADB0703D5BDE85D
:106BA000104017F052BE10BDC80D0020012110B5D5
:106BB000144817F02EFDC30723D40221114817F003
:106BC00028FD084007D11049104A0B88104CA242FA
:106BD00011D300B10B800F490F4819F0FDFB40F2B3
:106BE000391200230C48FBF7E5FCBDE810400B49C7
:106BF0000B4819F0F1BB5068083203449BB20120E6
:106C0000E5E710BD5C210020F48A0020582702002F
:106C1000682702004D6E0000280D00203170000032
:106C2000980D002003462DE9F04148B1008A38B99B
:106C300001244FF0140C1149DFF844E0714501D3F1
:106C4000BDE8F081D1E90076BB4204D30CFB0672AB
:106C5000143A93420ED93444A2B214460831EDE7F7
:106C60000CFB0578434507D001356219AE4292B25C
:106C7000F6D1F2E70025F8E71046E1E758270200D1
:106C8000682702002DE9F74F99464FF6FF73BDF8CC
:106C900030500746002D08BF1D46244B90461B88E8
:106CA000009183423CD203B0BDE8F08F7368234467
:106CB000BB4232D29CB208361D4B9E42F6D3F2E75D
:106CC00040468958019315F0BEFB019B90B10134F9
:106CD0000AF1010AA4B273685345ECD9009B9C42A7
:106CE000E1D8BC42F3D30BFB0AF231688B18B8F140
:106CF000000FE5D1B9F1000F0BD1013D1846ADB23F
:106D000021460E9A0D9B9847002DCCD00028DED14D
:106D1000C9E7DA689145DAD1EFE74FF0000ADAE720
:106D200001244FF0140B034EC6E700BFF48A002085
:106D3000682702005827020010B59EB010220021DB
:106D400068461AF019FF142200210DEB02001AF018
:106D500013FF4FF41053ADF8103080231022ADF81C
:106D600012304FF480631C4C6946CDE906340DEBBC
:106D700002001CAB19F083FF014658BB48220AA849
:106D80001AF0FAFE22461C990AA81AF067F808BB06
:106D90004FF6FF710120114A0AAB17F018FE1022BE
:106DA0000F4904AB0AA81AF077F804461C9819F0AA
:106DB0009CFE7CB908220A4B03F11001187811F8E7
:106DC000014D013A03F8014B0870F7D1082105483D
:106DD00017F01FFC1EB010BD0002C003A5E70100A4
:106DE000180D0020C80D00202DE9F0411449064679
:106DF000A1F1300014461D46BDF8187019F00DFBC6
:106E0000104BD3E8AF3F190701D4FFF795FF304689
:106E1000FFF742FD50B1037ADA0707D50C30D0E80E
:106E2000AF3FDB0702D4022117F0F3FB10233A46F1
:106E3000069329462046BDE8F041034B17F01FBCDE
:106E4000580D0020C80D0020180D0020034BD3E87A
:106E5000AF3F1B0701D4FFF76FBF7047C80D00207D
:106E6000002307B50193FFF7DDFE411C89B20846F8
:106E7000034A01AB17F0ABFD019803B05DF804FBCA
:106E8000C7E501002DE9F843154689469422696853
:106E9000064617F0BCFD8046002841D1022230464C
:106EA000696817F0EFFD00283DD000211F48AF8A28
:106EB000FFF708FC0237044680B11D211C4B4761D7
:106EC0003A464174C0F80C8043608561304617F043
:106ED0008BFA074638B92046FFF720FC6FF00B0508
:106EE0002846BDE8F883012342464146FFF7C2FC2D
:106EF000A98A07F10C00023115F00AFA20F8029B6A
:106F0000AA8A29691AF012FE21463046A76017F0B6
:106F10001AFB05460028E3D02046FFF7FFFBDFE71A
:106F20004FF0FF35DCE76FF01505D9E71C4E0E007A
:106F3000CDE5010070B505460C468AB0394BD3E863
:106F4000AF3F5A0767D510B1437B072B66D1666800
:106F500030460596FFF766FE2268ADF81800002A55
:106F60002FD005A902913049002301910121009100
:106F70004FF6FF710593FFF785FE059E1EB96FF072
:106F800001000AB070BD6660002330688DF81030D3
:106F900042F6030304A9ADF8123015F054FA40B9D3
:106FA0000598C3689B799B0608D517F0C9FCADF816
:106FB0001800059817F016FD606028B96FF01500ED
:106FC000DFE70028E0D1DAE7BDF818003DB1012382
:106FD000014622462846A375FFF754FFD1E76FF01C
:106FE0007F0307930223ADF8203042F60213ADF879
:106FF000123005ABA57502930C4B4FF6FF71019350
:10700000012304AA00932B4609948DF81050FFF732
:1070100039FE0798B5E76FF00A00B2E76FF07F001E
:10702000AFE700BFD4000020FBE501007171000054
:10703000034613B550F8082CA0F12001019200F18D
:107040003004D4E8EF2F22F00102C4E8E02F00283A
:10705000F7D10D4A002043F81C2C0C4A23F8080CE9
:1070600043F8182C01AA43F8102C042223F8060C2C
:1070700023F80C2CFFF75EFF18B90221204617F009
:10708000C8FA02B010BD00BF102B0200616B0000F7
:107090002DE9F047304B1746826806469A4258D190
:1070A000D0F80C803C6808F1010508F11509B5F825
:1070B0000730FBB12A46204615F8011C16F020F9CE
:1070C000C0B14FF495723146204617F0A0FCA8B12C
:1070D00003280FD0052820460CBF4FF0030A4FF0BD
:1070E000020A16F0DDF8824508D93B79534501D2F2
:1070F00087F804A00A354D452BD0D8E741463046E5
:1071000017F099FA154B984523D1207A04F17001B4
:10711000FFF7F4FB0546E0B103890BB94389C3B11E
:107120002046FDF755FA2A890D4B0E4923F82020F9
:107130006A8903EB80035A80182202FB00110B615D
:107140000423094A20464A60084A8B828A60FFF776
:10715000F1FE0120BDE8F087B96A0000E0030020DD
:10716000D88A002024210020102B0200D9E8010039
:107170002DE9F84F1446404B826880469A423AD136
:10718000D0F80C903D4B99451DD100263C4D28462A
:107190003C4917F036FA78B90722294615F8010C50
:1071A000FDF752FD50BB236929461A6915F8010CF9
:1071B00053881288FFF7FCFB731C022B4FF001066B
:1071C00005F10C05E3D109F1010709F1150AB7F83A
:1071D0000720A3899A420BD1394617F8010CFDF715
:1071E000EDFC064620B1437B072B0AD0FDF7D4F80F
:1071F0000A375745EBD14FF0010B2AE0FDF7CCF8E9
:10720000DAE7D9F8203023B14146984708B930462B
:10721000ECE794224146304617F0F9FB83460028FC
:10722000F5D1A389022B17D1B7F807309A0720D5DB
:1072300030462269A188FFF725FE054618B9226964
:10724000937D013393753046FDF7A6F8002DA560B8
:10725000CEDA5846BDE8F88F012B0AD1B7F80730CF
:10726000DB0706D530462269A18817F09EFC05464B
:10727000E9E75D46E7E700BFB96A0000E0030020E8
:10728000DD8A0020C544020013B5044600900120A9
:107290004FF6FF716B46084A8DF8040017F097FB14
:1072A000204615F0FDFF9DF80410884202D22046CA
:1072B00015F0C1FF02B010BD917000002DE9F04142
:1072C0000D4B06461B680F46904623B153F8044900
:1072D00004B1043C0BB9BDE8F0811B681BB1424608
:1072E0003946304698472CB1656805B1043D2346C0
:1072F0002C46EFE72546FAE76021002013B5044647
:10730000009001206B46064A4FF6FF718DF804008D
:1073100017F05DFB0021204617F07EFC02B010BD87
:107320009170000070B5044603464FF6FF710120CE
:107330000D4A17F04CFB2046FFF7AEFA054688B120
:1073400004F170063146207A15F0B3FB20B92846C7
:10735000BDE87040FFF718BB3146681CBDE87040BF
:1073600017F062B970BD00BF056A00007FB54FF429
:1073700020520023ADF8162004AA02920A4A0120E6
:10738000CDE900324FF6FF7105AA04938DF8143051
:10739000FFF778FC049B012B14BF6FF01500002051
:1073A00007B05DF804FB00BF9BEC0100054BD3F870
:1073B000F00020B9044AF0335A600B6070476FF058
:1073C0000B007047D00D0020882B0200014608B545
:1073D000054817F080FC044B0028A3F1040314BFF8
:1073E0001846002008BD00BFD40D0020084B00F552
:1073F000F4701A68074BD0E8EF1F994204D1C0E837
:10740000EC2FBCF1000FF6D1D0E8AF0F704700BFF2
:10741000F01A0020D00D002008B5FFF7E7FFB8B143
:10742000036843B1426832B1826812B90B4A1278DC
:107430003AB904200BE0094A127812B10BB1826804
:1074400042B9426842B9002B14BF0020032008BD96
:107450000320FCE70120FAE70220F8E79B8C0020DC
:10746000002370B51A460446F0300D4616F06EF94A
:1074700020B12846BDE87040FAF7AABF04F5DC70D9
:107480000023BDE87040014A11F0BABE1C4E0E0048
:1074900038B50446051D0821284617F07BFC06492F
:1074A00004F15700FCF710FE20B12846082117F020
:1074B0004DFC082038BD00BFFBF2010070B5051D72
:1074C0000E462846042117F006FC68B10022002170
:1074D00000230846FDF716FE044638B90421284665
:1074E00017F058FC204670BD034AF0E701210C302C
:1074F00014F00EFF0670F5E71C4E0E0070B50C215F
:107500000546FFF7DBFF0446F0B140210C3014F0D4
:10751000FFFE0E4B02461B68014603F1200053F8A4
:10752000046B834241F8046BF9D1203203F120014E
:1075300053F8040B8B4242F8040BF9D1284621463C
:10754000FFF78EFF002070BD0820FCE768210020B7
:1075500070B5CD680446EB78102B01D0062070BDC5
:107560002A7990F8E830D0F8F060134080F8E830DD
:107570006A7990F8E930134080F8E9300223037407
:107580002B68C0F81130AB88A0F81530AB781A071B
:1075900006D5037B1B0703D50521043017F0FAFB42
:1075A000AB78980606D5237B990603D51421201DB8
:1075B00017F0F0FBAB78DA0729D5237BDB0726D55C
:1075C0000D21201D17F0E6FB237BE17C2D7803EADB
:1075D0000102100704D5E27AA07C0243D2071AD434
:1075E000042D1AD80B4313F0040307D02046FFF7ED
:1075F00013FF314B05EB85052B441B5C23722046A2
:10760000D6F8A01017F06DFB48B90320A7E70023B8
:10761000A4F8E830D8E70523F0E70023EEE7D4F834
:10762000F0309B7A032B14D004D8013B012B1CD9DA
:10763000082094E7042BFBD1237D627B934228BF73
:107640001346102B8AD10521201D17F044FB00287A
:10765000DBD0237A002BD8D00521201D17F03BFB6F
:1076600018B9237A013B012BCFD9261D05213046BD
:1076700017F031FB0028C8D02046FFF7B7FE0023E3
:1076800084F8E83094F8E93003F0020384F8E93034
:107690000A4B1D682DB93046062117F07BFB2846A2
:1076A0005DE720460C2117F075FB0B2117F04EFB10
:1076B000BDE87040FFF722BFA54502006821002009
:1076C00073B5047A0546022C23D844B190F8DC3017
:1076D000D0F8D840DC4004F0010444F080040321D9
:1076E0002846FFF7EBFE0646A8B110210C3014F037
:1076F0000FFE00900F482346006805F1270205F1B0
:10770000570117F070FF044650B13046FAF760FE9B
:1077100001E0032C02D0082002B070BD0024DEE797
:1077200031462846FFF79CFE281D214617F00EFB28
:107730002046F1E768210020F7B504460E46FFF722
:1077400055FE04F1570705463A46F36803F1200158
:1077500053F8040B8B4242F8040BF9D104F1770281
:1077600003F1200153F8040B8B4242F8040BF9D1CA
:107770003846FCF717FC002835D0201D0E2117F0E5
:1077800009FBD4F8F060D6F8A00008BB307A06F107
:10779000700100F0E3FCC6F8A000C8B9D4F8F030DE
:1077A000DB783BBB261D0E21304617F094FA38B922
:1077B000524B2022384619681AF0E6F900285FD0AB
:1077C000237A052B5CD8DFE803F0175D2A175B6787
:1077D000438A03F02403002BE0D0437C9807DDD4D8
:1077E000032003B0F0BD3846FCF7E8FB0028D5D1F4
:1077F0000B20F6E70020F4E70321204617F0CAFA31
:107800003046072117F0C6FA0820FFF7DFFD0028F1
:10781000F0D1204603B0BDE8F040FFF739BE204666
:10782000D4F8F070FFF7E2FD04214FF0FF33054676
:107830000DEB010001930CF06DF808BB019B304A81
:1078400084F8DC00B3FBF2F102FB11330193C4F8BE
:10785000D83055B12B6843B10B21304617F09AFA56
:1078600038462B68D4F8D81098470321204617F0E3
:1078700091FA0E2117F08EFAFFF722FF0028BFD0F1
:107880000820AEE70A21304617F084FA6B68D4F876
:10789000F00098470E21B0E7102104F127000CF00A
:1078A00039F80028ECD13DB3EB682BB3154B1B889E
:1078B000ADF80430D4F8F030DB78DBB9E37AA27CA1
:1078C00013F0010F0CBF03230123D10703D55A1E68
:1078D000534253415B008DF8053000233046C4E924
:1078E00038330C2117F056FAEB68D4F8F00001A9F0
:1078F000984785E70323EEE7022072E7682100201E
:1079000040420F00BC2702002DE9F047044686B034
:107910000D46FFF76BFD04F1370706463A46EB6864
:1079200003F1100153F8040B8B4242F8040BF9D118
:10793000D4F8F030DD78002D7AD1237A052B33D8B6
:10794000DFE803F0300B0B303265237A052B2BD8A0
:10795000DFE803F05D45452C2A5D94F8DC20D4F87F
:10796000D830D34003F0010343F08003DFF8C49024
:107970000DF1080804F1570ACDF800803A46504648
:10798000D9F8001017F02FFE70B91022414604F10B
:1079900017001AF0F9F80028D7D00425284606B0B9
:1079A000BDE8F0870023E1E70825F7E7CDF8008080
:1079B0003B465146D9F8000004F1270200F0E0FCF4
:1079C0000028F1D1201D0A2117F0E4F9092117F050
:1079D000E1F9B3680299D4F8F0009847DEE794F82B
:1079E000DC300133DBB2142B84F8DC300FD01021F3
:1079F00004F127000BF08EFF0028D5D1032120468B
:107A000017F0C8F906B0BDE8F047FFF759BE231DCF
:107A10000721184617F05FF920B10921184617F021
:107A2000B9F9BBE7204606B0BDE8F04717F08DBABC
:107A30000525B3E76821002038B504460D49A0F1BB
:107A4000F005C83018F0C8FC284617F0F1FA0A4AC9
:107A500004F1F803D3E8EF1FC3E8E02F0028F9D1C1
:107A60004FF0FF33FC34D4E8EF2FC4E8E13F0029A6
:107A7000F9D138BD45F40100D00D00202DE9F041C9
:107A8000054617F021F90446002800F0CD80071DB7
:107A90000421384617F01FF9002840F0C880022161
:107AA000384617F018F9002840F0B780032138460F
:107AB00017F011F918B16FF00F00BDE8F081012146
:107AC000384617F008F90028F5D12046FFF78EFC5C
:107AD000D4F8F03006469B7A032B15D005D8013B2D
:107AE000012B1BD96FF01500E7E7042BFAD12046D4
:107AF000FFF792FC032804D1002EF3D0F368002B8B
:107B0000F0D04C4B1B7807E02046FFF785FC03289C
:107B100004D1002EE6D0F368002BE3D0D5F8A030D6
:107B20006BB10021F02220461AF026F8102104F152
:107B300027000BF0EFFE70B16FF06800BDE7287A08
:107B400005F1700100F00AFBC5F8A0000028E8D19B
:107B50006FF00B00B1E70521204617F01BF9FCF789
:107B6000A5FA354B012118602046FFF7A7FC804697
:107B70000028E1D006210C3014F0CAFB2D4B05463D
:107B80001B782046002B14BF09260126FFF744FC72
:107B90002A4A0328127818BF46F0040604F5F67343
:107BA000D3E8EF1F013103D1C3E8E02F0028F7D15C
:107BB000D3E8AF3F9BB346F001062046AE70FFF717
:107BC0002BFC1F4B28701B7863BB1E4B1B786B7004
:107BD0001023EB70AB78414613F0010314BF03226E
:107BE00000222B716A7184F8E8306B79204684F8A2
:107BF000E930012363722B68C4F80A30AB88E38153
:107C0000FFF72EFC2046022117F0C4F80B2117F0D5
:107C1000C1F80321384617F0BDF800204DE706F003
:107C20000C06CAE70123D2E76FF07F0045E76FF04B
:107C3000040042E79B8C002068210020AC05002056
:107C40009C8C00209D8C00202DE9F341051D0646EB
:107C5000D0F8F040CB682846022117F03CF8002805
:107C600053D10321284617F036F800284DD10121C1
:107C7000284617F030F8002847D1264A1278002A03
:107C800045D01F78380742D5D4F8A00048B1438AC0
:107C900003F02403C3B92046FFF7F0FE68BB0F21B1
:107CA00030E004F1700842462020217A00F096FA74
:107CB000C4F8A00040B942460420217A00F08EFAB0
:107CC000C4F8A0000028E6D0790706D5437CDA077F
:107CD00003D43046FFF7A0FBDDE7438A9B06DAD5E5
:107CE000037C00F11C02009300F1140100F11E035B
:107CF000204615F053FA002803DA082002B0BDE848
:107D0000F0810121284617F045F80020F6E703200E
:107D1000F4E700BF9B8C0020F8B5D0F8F040054692
:107D2000D4F8A030061D002B6ED049BB0D21304683
:107D300016F0D1FF374B07461B6823B153F80C6987
:107D400006B10C3E73B9284617F072F9637B072B16
:107D50005ED1627AA37A9A425AD02046BDE8F840B2
:107D600017F01ABA1B6813B13946204698472EB14E
:107D7000F26802B10C3A33461646E3E73246FAE7B8
:107D80000139C9B20E2998BF234A1B7C8CBF092731
:107D9000575C002B31D1D4F8A00017F0FEFB002374
:107DA000C4F8A0300221304616F095FF48B9072FDD
:107DB00094BF1A4B1F213A46204698BFD95DFCF765
:107DC000A9FE0321304616F086FF0028BBD0114BD8
:107DD0001B68002BB7D053F80C6906B10C3E002B82
:107DE000B1D05B6813B139462046984776B1F26846
:107DF00002B10C3A33461646F1E70221304616F03E
:107E00006AFF0028C7D1CDE70927CBE73246F1E763
:107E1000F8BD00BFE81A0020964502008545020023
:107E2000174B10B5044618604FF0FF324FF0FF3388
:107E3000144810F07DFE144811F0E8F9114810F0D4
:107E4000E9FE04B910BD114CD4E8AF3F5B06F9D58B
:107E5000D4F8EC30043CDB78002BF3D12046FFF75C
:107E60004DFB18B10821204617F000FAD4E8EF3F87
:107E700043F48053C4E8E23F002AE3D0F6E700BFB2
:107E8000682100200404002018040020D40D0020E4
:107E90002DE9F0410B8A04460E46B3B3012106F1E9
:107EA0000C0014F071FAA4F1F005EC3C0746042133
:107EB000204616F010FF40BB39780E2925D8DFF890
:107EC000508058F8313023B90721284617F0CEF9F1
:107ED0001BE0284616F04BFF30B90321204616F070
:107EE000FAFE90B10821F0E73B78318A08EBC30233
:107EF0001279914201D00A21E7E73146284658F825
:107F00003330984701460028DFD10020BDE8F081DA
:107F1000B02B02002DE9FF4190F8E930CF6823F043
:107F2000020380F8E9303B780446D0F8F06023B1D2
:107F3000BB7903F0C003C02B7DD106F17008072286
:107F40003946404619F020FE88B13946307A00F0B3
:107F50009DF9054658B10146204616F0C2FE18B9F3
:107F6000082004B0BDE8F081284617F016FB0D216B
:107F7000201D16F0B0FE00283ED042460220317A85
:107F800017F0F7FA05460028EAD0F378002B4BD11A
:107F900006F17E031878012827D19A7902F0C002F1
:107FA000402A22D1D3F80120C5F83E20B3F805308D
:107FB000A5F8423096F87030BBB196F8763003F0F1
:107FC000C003C02B11D01E4901AACDE9018703953A
:107FD000FCF7C2FA3B683046C5F80130BB88A5F80B
:107FE0000530BB79EB71FCF765FD2846FBF7D6F948
:107FF00018BB2846FBF7E2F994F8E9305B0703D594
:108000000A21204616F0C6FEF37843B994F8E93009
:108010002BB9D4F8F030D3F8A030002BA0D0B4F8AE
:10802000E81021B100209CE706F17703B2E7204673
:10803000FFF772FEF6E70A2093E7032091E700BFFF
:1080400071F001002DE9F0410546A0F1EC0604466F
:108050000F463046012155F8F08916F088FE0028B9
:1080600061D0DFB10321304616F035FE00285AD02A
:108070003846FAF767FD0138C0B208288CBF0024E3
:108080002E4B4FF0020198BF1C5C304616F082FE6A
:1080900021462846BDE8F041FFF73EBE98F80B3078
:1080A000002B40D00321304616F015FE20B928469B
:1080B000BDE8F04116F0BCBF0521304616F00BFEBE
:1080C000B8B114F8083C1F0707D514F8073C180787
:1080D00003D51121304616F05DFE14F8083C23F05C
:1080E000080304F8083C14F8073C23F0080304F8DC
:1080F000073C14F8073CD90717D50621284616F087
:1081000049FE0221304616F045FE98F8033013B9B7
:1081100014F8073C3BB92368D3F8A0301BB134F8FE
:10812000081C0029B5D0BDE8F0819A0701D50821C7
:10813000E4E75B07E5D50A21E0E700BF8D450200D3
:10814000012208B5034B04481A70FBF76FFF0020AB
:1081500008BD00BF9B8C00202004002070B50546A0
:1081600011480C4603780126AB4204D10722304463
:1081700019F00AFDA0B12EB107220C490C4819F0E4
:1081800003FD78B9084A134603F8015B2168C2F879
:108190000110A1889980A179997140F21123D360CF
:1081A000014870BD0020FCE76C210020C54402009E
:1081B0006D210020F8B5164604460D460022064FF4
:1081C0007B8A234002B1F8BD002BFCD031463846F3
:1081D000A8470122F4E700BF6C21002070B50B4CCA
:1081E0000D46638A114603404FF00006227808D0FE
:1081F000954204D10722601C19F0C6FC18B1304624
:1082000000E0184670BD2046FCE700BF6C2100204E
:10821000F8B50B780646012B0C4601D00020F8BDBE
:108220008B7903F0C003402BF8D1154D002329466C
:108230006F8A11F83E2BBF0704F1010006D5B24248
:1082400004D1062219F0A0FCB8B10023002BE5D11F
:108250006B8A9B07E2D52B78B342DFD1661C31468F
:10826000084814F0C6F80028D8D0D4F80130C5F872
:108270003E30B4F80520044B9A800148CFE700BF98
:108280006C2100209A210020AA21002010B5074C63
:108290002378834208D10722601C19F075FC00285E
:1082A0000CBF2046002010BD0020FCE76C21002000
:1082B0002DE9F0438446894616462F4C9BB01D4657
:1082C000DDE923870CAB04F1300E1A4620686168A3
:1082D000083403C274451346F7D120686146106024
:1082E000227904A81A71202217F065F96B46202222
:1082F000224804A900F072F80446C0BB1022494687
:108300000DF1350017F057F9102231460DF14500F7
:1083100017F051F9294611F8013B06220DF15600DC
:108320008DF8553017F047F92299062211F8013BD4
:108330000DF15D008DF85C3017F03DF943463522B4
:1083400068460CA900F04AF8044680B9404617F088
:108350003CF9012335228DF8303068463B460CA9A4
:1083600000F03CF8044610B9384617F02EF92046C4
:108370001BB0BDE8F08300BFBE270200BE4502006F
:1083800070B50E461D46144698B00146202204A83A
:1083900017F011F9202231460CA817F00CF9102221
:1083A000294614A817F007F910222146684617F04D
:1083B00002F96B465022684604A900F00FF840B954
:1083C000039B054A1BBAB3FBF2F102FB11331C9A63
:1083D000136018B070BD00BF40420F002DE9F0419E
:1083E0008CB007460C4615460021142207A81E46ED
:1083F00019F0C2FB4FF41053ADF818308023ADF8DC
:108400001A304FF44063DFF844801022CDE9083879
:10841000394604AB06A818F032FC20B16FF0040016
:108420000CB0BDE8F08105AB029310232246414613
:10843000CDE9006304982B4618F062FD04460498C9
:1084400018F053FB2043EBD0E8E700BF0002C00365
:1084500010B54FF0000E00F1070C541E2CF0030C69
:108460001860A4B2ACF80020023A93B201FB04F207
:1084700040F802E074B14FF6FF7C03FB011403FBEC
:1084800001F22044121B013B9BB263458050A0EBDC
:108490000100F8D110BD00BF0346006810B10268AA
:1084A0000AB91A607047C11D21F00301B1F800C07C
:1084B000D11D21F003010CF1FF3CA1F800C0F0E751
:1084C0000B687BB1073323F003031A88013292B2A1
:1084D0000346D1F800C043F807CB23F003031A800A
:1084E000086070470122F3E702FB0100704700BFFC
:1084F000401A90FBF2F080B2704700BF531E114447
:108500009BB242B1DB430138CA1811F8013D9142D8
:1085100000F8013FF9D17047014402E010F8013B37
:108520001BB98842FAD1002070470120704700BF74
:1085300010600860704700BF0A68034600689042F8
:1085400009BF002200200A601A607047D2F800C0FC
:10855000CCF80000D2F800C0CCF8041010607047CE
:10856000884203D01AB143681360704700207047F7
:108570000B68834209D02AB1586810601A680A60F3
:1085800018467047002BF9D1FAE70023F8E700BF3F
:108590002DE9F8434FF090080C270D4EDFF834908A
:1085A00006F1200409EB0805294620462A1D083C4F
:1085B000FFF7BEFFB442A5F10C05F5D1043F3B1D0A
:1085C000A8F13008A4F12006EAD1BDE8F88300BF85
:1085D0000C2200205822002003468C4610B49AB189
:1085E00001EB4101144803EB4304090101EB840151
:1085F0000144487A0C7AA04204BF0130087210BCD2
:10860000614618460EF050BA01EB41020A4C1201C5
:1086100000EB400302EB830323449C7ADA7AA24204
:1086200001D010BC704701329A720122034B5A5498
:1086300010BC0EF069BA00BF34220020B021002027
:10864000F8B506461C460D4602B322786378D21A66
:1086500012F0030229D1294F71004FEA450C314431
:10866000AC44890001EB0C1101330431DBB27A1800
:10867000606821462370FFF769FF0122204B2946DD
:1086800030465A550EF040FA0020F8BD0EF026FA9A
:108690000028DAD0294630460EF012FA637860B925
:1086A0002278D21A12F00302D5D0012A03D0013366
:1086B000DBB22370E1E71046F8BD05EB450206EB9F
:1086C00046010E4F120102EB81023A44907AD27AAF
:1086D000710090424FEA450C05D02078C01A10F086
:1086E0000302E2D1BBE72278D21A920702D002330A
:1086F000DBB22370D4E902039847C5E73422002097
:10870000B02100202DE9F04FDFF8689189B019F809
:108710000030002B5BD0002103248346DFF858A1F2
:10872000C0EB0013CDE9041100EB40079B000AEBFE
:108730000717039309F800100294B846002358F86D
:10874000240FB96A07AA0793FFF70AFF44460546B4
:10875000CDB1079E96F800807278A8EB020808F069
:108760000308B8F1010F35D031788A1A02F00302FC
:10877000012ACBB23DD1D7E9090107AAFFF7F0FEE4
:108780000546002DE5D197F82E3097F82F209A4214
:1087900003D087F82F300123049397F82C3097F8F3
:1087A0002D209A4203D087F82D3001230593029B98
:1087B0000C3F5D1EEBB2FF2B0293BED1D846DDF815
:1087C00010B00599BBF1000F01D0002947D009B0C6
:1087D000BDE8F08F013A7270079AD2E9020188472A
:1087E000079E32787178D3B2521A02F00302012A3E
:1087F00023D000222146B86A0193FFF7B9FE7560C5
:10880000019B717873703278521A02F00302012AC8
:108810000AD0D7E9090107AAFFF7A2FEB8F1010FB4
:10882000054695D104460EE0039B71701A1D314632
:1088300028465244FFF78AFEEBE707AAD7E9090169
:10884000FFF78EFE0446029B8BB101235946584622
:1088500009F80B300EF058F909B0BDE8F08F0A4660
:108860004046414609B0BDE8F04F0EF01DB9002C5E
:1088700089D0EAE7B0210020342200204B1E844634
:10888000DBB271B100200CF1FF319C4411F8013FC3
:1088900023B15A1E01301340C0B2FAD16145F5D15F
:1088A00070470846704700BF2DE9F04F03250127A8
:1088B00006466F4C83B0042130460BF07BFA4FF034
:1088C00001081E230021D6F800C04FEADC722CFA02
:1088D00003F000F0010090429E461ED0DAB2013152
:1088E0001B2AC9B240F28880013B2CFA03F21929F5
:1088F00002F0010201F101095FFA83FA4CD08242D1
:108900009E464FF002084FF0010B63D0BAF11B0FE7
:108910005FFA89F16DD91046E6E708F101095FFABF
:1089200089F9B9F1060F48D907FA03F07AB30022A2
:108930002CEA000C0131C9B219292CD04FF00108E2
:10894000013BC4D200228CEA040301A8019310F871
:10895000013B23B1591E01320B40D2B2FAD102AB16
:108960009842F4D1012A09D91FFA8CF3B3EB1C4FBA
:108970002AD15FFA8CF3B3EB1C6F25D1013D15F0C2
:10898000FF0598D16FF00D0003B0BDE8F08F012214
:108990004CEA000CCEE710460EF1010307FA03F390
:1089A00018B15B420CEA030CCCE7013B4CEA030C28
:1089B000C8E708F101095FFA89F9B9F1060FC34662
:1089C000C84607D10246BBE70020C6F800C003B086
:1089D000BDE8F08F5FFA83F9B9F11C0F10D9013BA4
:1089E0002CFA03F202F0010290429E46E1D01046BA
:1089F00074E74FF01B0E9FE7012910D002469BE75A
:108A0000C9B900204FF0010808FA0EFE7AB1002221
:108A10002CEA0E0C814205D00146D84690E7C346A9
:108A20000246EEE701314FF00108C9B288E742463D
:108A30004CEA0E0CEEE7B9F11C0F03D00129C1D1AD
:108A40000846DFE7CCF3C062824203F1FF3308D06F
:108A5000D8B201311B28C9B2CBD910464FF01B0E3A
:108A600042E708F101094FF01B0E5FFA89F9A4E70C
:108A7000D6BE898EF0B5067E0468FF2E26D033461A
:108A80004FF0000C2C2707E0A25CDEF80850FF2A0C
:108A90001E46AC441AD0134607FB03F2994204EB7E
:108AA000020EF1D18E4201D1A35C0376A35C2C228D
:108AB00002FB06F6FF2BDEF80800A35504D002FBEC
:108AC00003439A6802449A606044F0BD0020F0BD00
:108AD0002DE9F04F0368427A87B045680193002A78
:108AE00000F0E88089464FF02C0B0446531EDBB2A1
:108AF00005EBC30302930595029B5A6893F801A006
:108B00000492CDF80CA0B9F1FF0F55D000260BFB55
:108B100009F2019B484613F802909D184FF0FF0C94
:108B200085F800C02768217E07EB02086145D8F868
:108B3000083018BF00960DD1B9E09B1A05D1B8F8DE
:108B40001EA0BEF81EE0F2456DD8BA5D8C46FF2A25
:108B500060D011460BFB01F607EB060EDEF808208D
:108B60009342EAD2009EBCF1FF0F18BF0BFB0CFC36
:108B7000C8F8083088F8001018BF07F80C000BFB85
:108B8000017708BF2076BA68D21ABA60AB78013391
:108B90006B70002EB7D00020336A3070B0700BB10C
:108BA000716A98476B68002BADD1336AB9F1FF0F3A
:108BB0002B62736A6B62A9D1DDE903A7029B9878E7
:108BC0000AEB8A030AF10102504507EBC3065FFA7C
:108BD00082FA029A5DD0117817F83320514508BF08
:108BE0004FF0000A042AEBD1707801990BFB00F2D8
:108BF0008D1895F801C0A9788C4517D00022012066
:108C000007F83320336AB0700BB1716A9847029B42
:108C10009878D5E70BFB01F1C8F8083088F80020F8
:108C2000009E7854B2E71346009E9CE74FF6FE770D
:108C3000338A6169BB42CDF80CA007D04FF6FF77AD
:108C4000DB1BB3FA83F35B0985F828304FF6FD7719
:108C5000F3686B60338ABB4288BF00230027AB8375
:108C60007369AB61B369EB60F3692B61B3686F61E2
:108C7000AB60D6F804C0BCEB010E11D400217344E4
:108C8000AB600023EB83EB78696143F00103EB7089
:108C900044E70599A2F1080391420BD002932BE718
:108CA000A1EB0C018B42E9D8C91A3B46E8E7B9545D
:108CB00020766BE707B0BDE8F08F00BF01232DE9F8
:108CC000F04F447E8DB08376002C40F0A980037E67
:108CD0008046FF2B00F0A3800CF06AFFD8F8142028
:108CE000D8F81C30861AB34294BF0023012398F8A9
:108CF0001870A246FF2FD8F8009003936ED04FF063
:108D00002C0B04942BE0039B23B9D8F81C3053455B
:108D100040F28B80E278E38B22F001020133E270B3
:108D200094F828209BB2E383002A7CD0A28B9A423D
:108D300079D2A570E56885B1D4E9041300220191C8
:108D4000E178AAEB030301F001010091D8F81400C7
:108D5000114618444FF6FF73A847FF2F3DD00BFB79
:108D600007F709EB0704A368B34236D8A278F61ACE
:108D70009A44637819F807709B1ADBB2012BECD187
:108D8000A369013AD5B20293002BBCD1A570E56866
:108D9000002DE2D0B4F81EC06069D8F81430AAEBF8
:108DA000000018440022216963460191E17801F036
:108DB000010100911146A847DDE90223002A18BFEE
:108DC00043F0010303934FF000030022E383E378B1
:108DD000FF2F62F30003E370C1D1049C98F80B30BD
:108DE00098F80A209A4208D10132D2B2022A16BF5C
:108DF00014460023234688F80B4008EB8303C3F88E
:108E00000CA0D8F824400025434601220421032069
:108E1000A44688F81A500DB0BDE8F04F604784763C
:108E20000DB0BDE8F08FA57097E7FF2F64D0B4F8C0
:108E30001EC0A28B6068944532BF6146ACEB020154
:108E400089B201FB00013B46CDE907A7CDE90AC283
:108E50004FF0000E8446CDE90516029F099523E0E8
:108E6000002D39D0BCF1000F38D0A0EB060A1FFA54
:108E70008AFA864214D8691A05FB0A1105988842B5
:108E80002CBF00200120D278E17802F0010601F029
:108E90000105AE423ED84A40D20701D4002839D15C
:108EA00019F80330FF2B1BD02C2202FB03F309EB34
:108EB000030291688E44BE4512D890690028EFD015
:108EC000D08B968B55688642CAD9002DE8D0BCF16C
:108ED000000FE5D08246CCE72846D4E76046D2E7CB
:108EE000DDE90875A570E568DDF828C0DDE9066AEA
:108EF000002D3FF434AF4FE7A570E568002D3FF437
:108F00006CAF6369D8F81420AAEB0303B4F81EC051
:108F1000981847E7E178DDE90AC221F001010CF178
:108F20000103E17094F828109BB2E383DDE9066A3F
:108F3000DDE9087500297FF4FAAEA5700FE700BFE0
:108F40002DE9F04F837E8DB00190002B40F07281AF
:108F5000437E0A93002B7AD101210198837AC27A49
:108F600044699A420894417600F02C830B44DBB2AA
:108F7000022B0ABF0A9A1A461346012401998B72E2
:108F800001EB8203DA68089B049213444B61019B56
:108F90001D7E07950CF00CFEFF2D059002D1019A65
:108FA00008905061019A136892F80980029308F1C1
:108FB000FF335668DBB2B8F1000F00F022834FF0A8
:108FC000000806EBC30BFF23C24603930B94CDF8B6
:108FD00024800696DBF804909BF803109BF802406F
:108FE000631C04EB8406A142DBB209EBC60560D02A
:108FF0009BF800209A4208BF00238BF8023019F832
:109000003620042A39D9082A2BD82C23697803FB67
:1090100001F8029B03EB08077B78B8781B1A13F062
:10902000FF032CD1062A1CD1019BDB7E8B4250D042
:1090300009F836A02B6A85F802A0002BCCD0696A0B
:10904000002098479BF803109BF80240C8E70421D2
:10905000446A034601220846A4460DB0BDE8F04F1D
:1090600060474FF0010309F836A0AB702B6A002B64
:10907000B2D00120696A9847AEE71C46B0E7052ADE
:109080001FD16A684AB9AA683AB9EA682AB92A694E
:109090001AB96A6932F07F42E3D0012B26D004214D
:1090A000019B01225D6A0846A84701238BF8024014
:1090B0000993069AABF10803934500F0BE809B46E6
:1090C00088E7012B6DD0062AE9D1019BDB7E8B421C
:1090D000AED1019B69685A698B1A40F18680521A99
:1090E0000499914294BF00235B1880E0019C2046C4
:1090F000FFF7C0FCB860059BD4F814E0A3EB0E0C9E
:10910000049B03EB0C01884277D9421A7B68EBB1D0
:10911000AB8ADBB1013B99B2A9827868FB8B8242B2
:1091200006D809E0A3B2121AFB838242A98A03D9A6
:109130008B4203F1FF34F5D88B4206D201339BB248
:10914000FB83A98A02448B42F8D3B9836B6879699F
:109150001A44BA60AB68BCF1000F0B4453DB944473
:1091600063455AD2ACEB030200237B61BA60EA6824
:10917000BB691344BB612A69934294BF00239B1AC5
:10918000BB61AB7D1BB1FA7863F30002FA70DDE9D5
:10919000022302F808307B786A78013303927B70EF
:1091A00046E7062A3FF440AF019C2046FFF762FCE9
:1091B000BB78B8607B70E27E6B789A427FF438AF00
:1091C00019F83630062B84D0FF23019AD37619F88C
:1091D0003630062B3FF47DAF082B3FF47AAF019B6E
:1091E00005995A698B1A3FF57AAF049A134401998D
:1091F000CA699A4288BFCB611AE77B690022194489
:10920000091A796182E70599AEEB010E7245A6D87D
:109210009E44AEEB02030022A7E7A3EB0C03FAE7A0
:1092200001230A930023019A5376937E0A9A1A43E4
:1092300040F0BE810DB0BDE8F08F0B9CDDF82480BE
:10924000019F079A3B7E981A18BF01200546002C03
:1092500000F09780059A0899FF2BA2EB01063A4689
:109260003F6800F08E800025CDE90580AB46B8460A
:1092700002954FF02C091546049F04E0A378637013
:109280002B7EFF2B75D009FB03F008EB0004A168CF
:10929000B94200F29D81029A94F802C00A440292F7
:1092A00062787F1AA2EB0C02D5F81CC0761A6145D1
:1092B00028BF4FF0FF31B4F81EE026BFE976002149
:1092C000ACEB0101E961A169D2B209B1022A14D063
:1092D000C4F808B018F8001029766168C9B9002AE6
:1092E000CCD0012A02D0BEF1000FC7D0236A002BD8
:1092F000C4D00120616A9847C0E7BEF1000F00F0BA
:10930000A6800022A26018F800202A766168002951
:10931000ECD0B4F81EE0BEF1000F74D1B4F81CE03C
:1093200094F828C0724602FB0112BCF1000F76D0FF
:10933000DDF820C0A4F81EE0A260DDF808E069694D
:10934000E644BEEB010AD4F814C075D452449445E7
:1093500079D3ACEB02010022A260039A616108F8A4
:109360000020039363780133DBB263702B7EFF2B05
:1093700089D1079BDDE90580FF2B0CBF054640F036
:10938000010503990198FFF7A3FB019B079A1B7E38
:10939000934200F00281B8F1000F67D0FF2B00F07C
:1093A0003A81079AFF2A00F02F812C21DDF80480F2
:1093B000D8F8002001FB03229768002F00F01581E8
:1093C0000CF0F6FB0A260446D8F81450013E621B46
:1093D000974202F106027FF623AFBA422CBFAD18C6
:1093E000ED19D8F82830284698470CF0E1FBC4F175
:1093F00001022B1B02449A427FF614AF002E00F0AC
:10940000BB800446E0E7002294F802C002FB011290
:1094100084F801C094F828C0BCF1000F88D19642AE
:1094200086D90A440CF1010C96421FFA8CFCF8D83C
:10943000F4441FFA8CFE7BE7A1EB0E018A4212D99D
:109440005244944585D20021A2EB0C0284E7E961E5
:10945000EB76C4F808E018F800202A766168002945
:109460003FF40CAF55E76144891A74E7019A01256E
:10947000517A56684A1ED2B200298FD006EBC20735
:10948000CDE908654FF02C0A3E4696F801B0F27817
:1094900073685A4569D0DC461F46B3460CEB8C0C0A
:1094A00017F83C3007EBCC0C012B40D0022B4BD1F2
:1094B000DCE90120DCE903E914780199FF2CDCF8F0
:1094C0001430D1F800804D6902D00168A9425DD006
:1094D000002601990C7E0560FF2C25D0CDE902B74E
:1094E000CDE904C29B46CDF818E00BE0AA685B46C4
:1094F00020463244C84778B918F80740AB68FF2CBB
:109500001E443CD00AFB04F708EB0705A969B9F132
:10951000000FEBD10029EFD0AB68DDF818E01E4456
:10952000DDE902B7DDE904C21470CEF800604FF047
:109530000002DCF820308CF802201BB10020DCF89F
:10954000241098479BF803209BF801C09BF800303B
:109550000CF1010C5FFA8CFC634508BF4FF0000C66
:1095600062458BF801C099D15E46089AA6F10803BE
:1095700096422BD01E4688E700DE044624E7DDF83D
:1095800018E0DDE902B7DDE904C2CDE70AFB04F427
:10959000DEF8006018F804409EE7B8F1000F27D00D
:1095A000019B002D35D15D769B7E002B3FF442AEB2
:1095B000019B01225C6A03210420A4460DB0BDE892
:1095C000F04F60470A9B1C460493E0E4099DE7E7DF
:1095D000019BC91BA1601B7E079ADDE905809342B0
:1095E0000CBF054640F00105CBE6019B5F76DFE747
:1095F000019B5E685B7A5A1ED2B2002B7FF43EAFAD
:10960000CEE7FF2303931BE60CF0B8FA019B1B7E09
:10961000CBE61B7EC2E60CF0BBFA38B9019BD861E1
:1096200058769B7E002B3FF405AEC1E70023019ADC
:109630005376937E002BBBD1FCE500BFF0B4049EB3
:109640009DF81450069C30BB144F3A605A1E397274
:109650007B727E60D2B273B106EBC20211465460D7
:1096600012F808398E4203EB8300A5EB030304EBE9
:10967000C004DDB2F2D175B9FF23079A7D613A6269
:10968000089A7D817A62099AFD61BA623B76FB761F
:109690002846F0BC70470120F0BC7047F42200203F
:1096A00040B9064A117EFF2901D1107270476FF050
:1096B0000F0070476FF01500704700BFF4220020C4
:1096C0002C22074B10B402FB00335C6A2CB1A44679
:1096D00001220321022010BC604710BC704700BF6C
:1096E000F42200202DE9F8432C240E46214DBDF82C
:1096F000308004FB0055696801EBC600C47811F89E
:10970000367004F1010C5FFA8CFC674598BF4FF08E
:10971000000C417861452AD004274FF002094168C6
:1097200004EB840E01EBCE0401F83E706360089BED
:109730006270A3600A9BA4F81080E3600D9B84F81C
:10974000029063610E9BA3610F9BE361109B2362F8
:10975000119B636280F803C03046D5E9083698470C
:109760002B4600223946B047A078BDE8F883012097
:10977000BDE8F883F422002030B58BB00E9C0F9D1D
:10978000009400240194139C02950694109D149C4F
:1097900003950794BDF84450159C04950894129DB8
:1097A000169C05950994FFF79DFF0BB030BD00BFD7
:1097B0002DE9F8432C24224F1D4604FB0077084670
:1097C0007C68BDF82C8004EBC10114F83060CC78C3
:1097D0004B7804F1010C5FFA8CFC664598BF4FF0A2
:1097E000000C63459DF830E026D04FF005090223B8
:1097F0004E6804EB840406F8349006EBC404A370AE
:10980000089B6270A360099B6560E3600A9BA4F8F3
:10981000148023610D9B84F816E023620E9B636223
:1098200081F803C0D7E9083598473B460022042158
:10983000A847A078BDE8F8830120BDE8F88300BF01
:10984000F4220020F8B52C24194E04FB006674683D
:10985000084604EBC10E14F831509EF803409EF800
:10986000011004F1010C5FFA8CFC654598BF4FF0C4
:10987000000C614519D007270221DEF8045004EBE3
:10988000840405F8347005EBC4042362069B6270FF
:10989000A17063628EF803C0D6E908359847334655
:1098A00000220421A847A078F8BD0120F8BD00BF20
:1098B000F4220020F8B52C241A4E04FB00667468CC
:1098C000084604EBC10E14F831509EF803409EF890
:1098D000011004F1010C5FFA8CFC654598BF4FF054
:1098E000000C61451BD008270221DEF8045004EB70
:1098F000840405F8347005EBC4046360069B627051
:109900002362079BA17063628EF803C0D6E9083515
:109910009847334600220421A847A078F8BD0120CB
:10992000F8BD00BFF4220020F8B52C241D4E04FB26
:1099300000667468084604EBC10E14F831509EF8B6
:1099400003409EF8011004F1010C5FFA8CFC6545A0
:1099500098BF4FF0000C614522D04FF602770221EC
:10996000DEF8045004EB840425F8347005EBC404DD
:10997000C4E90123069BA170E360099B23610A9B54
:1099800063610B9B23620C9B63628EF803C0D6E974
:1099900008359847334600220421A847A078F8BD2F
:1099A0000120F8BDF42200202C2370B5064C03FBE7
:1099B00000440846D4E9083598472346AC46BDE83C
:1099C0007040002204216047F42200200CF0F0B81F
:1099D000401A704700210148704700BFFF41010055
:1099E000022801D00120704738B5044608461D46BC
:1099F00002F0A4FF18B100232B70184638BD204692
:109A000038BD00BF002303700B70704738B50546A2
:109A100000200C4602F028FE10F0060F0ED13DB9D2
:109A2000074B44B120681860A2889A80002038BD96
:109A3000044B002CF6D11C609C80F7E70C2038BD4D
:109A40002823002020230020012804D808B9034837
:109A50007047034870470020704700BF282300204C
:109A600020230020012809D830B9064B1868086067
:109A70009A8818468A807047034BF7E700231846F8
:109A8000704700BF282300202023002010B5044683
:109A90000AF0ACF950B90AF03FFF60B90BF0DAFAFE
:109AA00070B92046BDE810400FF03AB900DE0AF068
:109AB00033FF0028F2D000DE0BF0CCFA0028F0D003
:109AC00000DE2046BDE810400FF02AB908600148CA
:109AD0000FF026B9AC2F00200FF022B92DE9F84F76
:109AE0000B788946442B88BF2B4B834688BF93F85D
:109AF000283292469A424DD0274D5C1C35F83320CF
:109B0000E4B2452C08BF0024002601274FF01208BC
:109B1000028005EBC30319E0012838D0C3F80480A4
:109B2000442C89F8004088BF95F82842A24523D0EC
:109B300023B2013435F83310E4B2BBF80020452CD1
:109B400008BF0024914205EBC30315D15868B0B19A
:109B5000FF28E1D9027902F00302013A012A12D961
:109B600012225A6002F002FF442C89F8004088BF9C
:109B700095F82842A245DBD13046BDE8F88F013682
:109B80005F60F6B2CCE701360122F6B2E9E70136B2
:109B9000F6B2C5E70026EFE7542300202DE9F04197
:109BA000324F3B88984253D913F0FF0524D0DFF899
:109BB000C08098F815400134E4B2052C08BF002499
:109BC00098F81430A34219D02A48FEF765FC0646DF
:109BD00090B12948FEF760FC00283BD0066098F859
:109BE000153048F823003B88013D013B15F0FF0587
:109BF00088F815403B80DED1BDE8F0813B88002B22
:109C0000FAD00026DFF8748098F80D400134E4B2F1
:109C1000032C08BF002498F80C30A342ECD0154860
:109C2000FEF73AFC05460028E6D01348FEF734FC60
:109C3000B0B16E60056098F80D3048F823003B889D
:109C400088F80D40013B9BB23B80002BDED1D3E76F
:109C50000546ACE73046BDE8F0410649FEF730BCAA
:109C60002846BDE8F0410349FEF72ABCA4250020A0
:109C7000BC2D0020A8250020F425002084250020EC
:109C80002DE9F8434FF0000805262F4B2F4F181DE4
:109C900005221421A7F81880FEF7DAFB2C4B0522C9
:109CA0000821181DFEF7D4FB97F818907C7E01342C
:109CB000E4B2062C08BF0024A14514D02448FEF7C6
:109CC000EBFB054678B12048FEF7E6FB002835D0CF
:109CD000C5F8048005607B7E47F82300013E16F03E
:109CE000FF067C76E3D11B4B0722181D4FF48E71C3
:109CF000FEF7AEFB184B0922181D0821FEF7A8FB42
:109D00001548FEF7C9FBA8B1144A111FFEF710FC55
:109D10001148FEF7C1FB78B1114A111FFEF708FC8C
:109D20000622104BFF201A80FFF738FFBDE8F843EA
:109D300008F0A2BD00DEE7E700DEEDE728460449B3
:109D4000FEF7BEFBCFE700BF002E0020682E0020EC
:109D5000D42D0020F4250020A8250020A0250020D7
:109D600098250020A42500202DE9F0417C4D7D4E52
:109D700086B004AA02A90DF1070003F027FB0446F0
:109D8000D5E9000103AAFEF7EBFB074650B3039B9E
:109D9000002B6AD0187804AA02A903F02FFB039BBA
:109DA0000446002840D0049ABDF808101F78ADF88A
:109DB0000A10059203F034FB2146059ABDF80A000B
:109DC00003F062FB204603F0F5FA384605AA0DF1D0
:109DD0000A0103F013FB04460028EBD130680EF0B3
:109DE0009FFFC6E7002C3DD0049B9DF807700593AC
:109DF000BDF80830ADF80A3003F012FB2146059A91
:109E0000BDF80A0003F040FB204603F0D3FA3846C1
:109E100005AA0DF10A0103F0F1FA04460028EBD17E
:109E200030680EF07DFFA4E705931B79013B2C2BD6
:109E30001ED8DFE803F01F32741D1F1D1D1D1D1DE0
:109E40001D1D1D1D1D1D1D1D1D1D1D1D6A1F1D1DF3
:109E50001D1D1D1D1D1D1D1D1D1D1D1D1D1D1D1D32
:109E60001D1D1F0006B0BDE8F08100DE039B91E7D9
:109E700000DE7EE700223A496868FEF779FB384643
:109E8000394B059993F82932384A0B70FEF75EFB7F
:109E9000344B18680EF044FF6BE7002230496868C5
:109EA000FEF766FBDDF81480D8F8084034B123785B
:109EB000002B52D02378013BDBB2237098F80C3092
:109EC00013B1012B43D000DE0023294A88F80C305F
:109ED000537E117E0133DBB2062B08BF002399426B
:109EE00039D0C8F80070517E42F821805376002C9A
:109EF0003FF43FAF2378002B7FF43BAFA368002BE8
:109F00003FF437AFE068984733E7002214496868A8
:109F1000FEF72EFB3846059902F06CFF29E738461C
:109F200005A902F081FF0E4900226868FEF720FBB8
:109F3000059900293FF41DAF0B792E2B3FF419AF83
:109F4000094B384693F82932084A0B709EE7404681
:109F500003F074F8B8E700DEC9E700DEAAE700BF47
:109F60009C250020A82F00205423002098250020A5
:109F7000682E002010B5274B274C86B018600BF0D8
:109F8000F1FD2378002B3DD0244B0C210593244B6D
:109F900002240493234B24480393244B0090029300
:109FA00004230191224A0370037204740476194653
:109FB0000020FFF743FB50BB012200211D4816F093
:109FC00027F909F0B1FE044610B1204606B010BDD5
:109FD000FFF756FE0AF09EFC04460028F5D102F079
:109FE0004DFA04460028F0D10BF028F8044600286A
:109FF000EBD102F0A5FE04460028E6D1012009F0CD
:10A00000E1F8E2E7FEF7C4FA01232370BCE700DEC3
:10A01000D2E700BFA82F00209E8C0020F96B010022
:10A02000596B0100396B01009C310020BC2F0020CE
:10A03000BC310020AC2F002030B585B002F0C4FA4E
:10A0400078BB02F083FE88BB00241A4B2046A3F89D
:10A05000284209F0B7F81849184A194BA1F82041CD
:10A0600094829C8101222146684616F0D1F8154B56
:10A070000320224621466D46C3F808D0FEF7E0FAD9
:10A08000B0B94FF0FF324FF0FF3328460EF07CFEA0
:10A09000FFF7F6FD0021012005B0BDE83040FFF7D5
:10A0A000B5BC00DE02F052FE0028CDD000DECBE7CA
:10A0B00000DEE6E754230020842E0020BC2D002083
:10A0C000842500205804002008B5FFF7B5FF09F0EB
:10A0D00061FE00B108BDBDE80840FFF7E1BA00BF6E
:10A0E0002DE9F043804689462C4D2D4F83B0002347
:10A0F000C8F8003095F8294201AAD7E90001FEF717
:10A100002FFA0646002834D0019B48461A78254984
:10A11000FFF7E4FC034690BB95F828228DF8012058
:10A1200095F829220DF101010DF102001C46FFF7FF
:10A13000D5FC44EA000212F0FF020346F0D1019977
:10A140000B79012B22D139467868FEF711FA304697
:10A150001549FEF7B5F9154A1388052B13D8019850
:10A16000013313491380FEF7ABF90120FFF716FD09
:10A17000BDE7224648460B49FFF7B0FC03461846A8
:10A1800003B0BDE8F08300DE1388E8E71346184605
:10A19000C8F8001003B0BDE8F08300BF54230020CE
:10A1A000942500207C250020A8250020A42500203F
:10A1B000F4250020002300B51C4983B0486801AA9B
:10A1C0000193FEF7D5F970B31949FEF779F9019AB1
:10A1D0001379172B12D009D8052B0BD82922DA4076
:10A1E000D20707D533B103B05DF804FB1D2BFAD9B4
:10A1F0002D2BF8D000DE03B05DF804FB002093683F
:10A200001B6893F84C20586160F3000283F84C20DF
:10A2100002F02AFA400010F0FF00E4D109F058F8EB
:10A2200003B05DF804FB00DECEE700BF94250020FC
:10A23000A82500202DE9F041046806460CB3292723
:10A24000344D204603792468052B13D9173BDAB225
:10A25000162A13D8162B11D8DFE803F01A291E1E70
:10A260001E1E1E10101010101010101010101010C4
:10A2700010101E0027FA03F2D20734D400DE002C9F
:10A28000DFD100233360FF20BDE8F041FFF786BC3B
:10A29000037F022B30D023BB2B88052B29D8013319
:10A2A0001D492B80FEF70CF9002CCAD1E9E7C088C4
:10A2B0000028E4D102F036FB8046002828D0D8F8E8
:10A2C000A0300BBB08F1940108F19000FEF734F9BF
:10A2D000E0B1C8F8A000404602F016FB002CB0D157
:10A2E000CFE700DE0379002BD6D100DE2B88052BCB
:10A2F000D5D900DE2B88D2E708F05AF8002008F004
:10A30000E7FF002C9DD1BCE700DEDBE700DEE0E7E5
:10A3100000DED4E7A4250020F42500200148FEF744
:10A32000BBB800BFA82500200149FEF7C9B800BF8F
:10A33000A8250020034B044A93F829320B70FEF73E
:10A3400005B900BF542300209825002008B5064B0E
:10A35000064A93F829320B70FEF7F8F8044B186898
:10A36000BDE808400EF0DCBC5423002098250020F6
:10A37000A82F00200B490A7B4B7B9A420AD8A3EBFB
:10A38000020C5FFA8CFC604509D89A4207D051F85C
:10A390002200704703339B1ADBB29842F7D90020A2
:10A3A000704700BF84250020074A117B537B8B42F6
:10A3B00008D04B1CDBB2032B08BF002352F821004E
:10A3C00013737047002070478425002000B50D4AA4
:10A3D00092F829C292F828E20CF10103DBB2452B76
:10A3E00008BF00239E4509D022F83C0002EBCC0CAC
:10A3F000CCF8041082F829325DF804FB00DE00235B
:10A400001B80FFDE54230020022810B50C4602D02A
:10A410000B68022B07D04FF0FF324FF0FF3302489A
:10A420000EF0B2FC206810BDAC2F0020014B186864
:10A43000704700BF5023002004490A680AB1104643
:10A440007047024608601046704700BF8025002014
:10A45000044A136823B198420ABF00210023116007
:10A460001846704780250020014B1868704700BFD0
:10A470008025002070B5056884B02B78EBB10446C8
:10A480006E4601220021684615F0C2FE0C4BC5E95C
:10A4900002362B788BB100220A4B032011469C60B8
:10A4A000FEF7CEF838B947F61222002330460EF0F8
:10A4B0006BFC04B070BD00DEF5E76FF07700F8E7E5
:10A4C000D99A000048040020F0B5244E0C463368A9
:10A4D000174685B0002B36D0994215D1022503AB23
:10A4E00002460093032100201D4B0395FFF7AAF9B4
:10A4F000022805460CD0039B022B09D195B1336885
:10A500000BB19C4221D014B36FF02D0005B0F0BD0B
:10A510004FF0FF324FF0FF3312480EF035FC039D31
:10A52000002DECD13846FFF7A5FF33680BB19C42F4
:10A5300010D0002CE8D10028E8D010F1780F08BF27
:10A54000002005B0F0BD3160C8E7002333606FF034
:10A550007700DBE735600028D8D0EEE750230020F5
:10A56000CD9A0000AC2F00200B490A7D4B7D9A420A
:10A570000AD8A3EB020C5FFA8CFC604509D89A421A
:10A5800007D051F82200704705339B1ADBB298427E
:10A59000F7D90020704700BFBC2D0020074A117D6D
:10A5A000537D8B4208D04B1CDBB2052B08BF002328
:10A5B00052F821001375704700207047BC2D002011
:10A5C00038B50C46054602F0FBFE034623702146D3
:10A5D0002846BDE83840014AFDF7B8BFA025002055
:10A5E000012200201146014BFEF72AB83804002052
:10A5F00070B50C46054602F0E3FE03462146237083
:10A600002846054AFDF7A2FFBDE870400122002060
:10A610001146024BFEF714B8A02500203804002094
:10A620002DE9F0471A4E9DF8209096F821C196F832
:10A6300020510CF1010E5FFA8EFEBEF1090F08BF2A
:10A640004FF0000E75451ED0144606EB4C1C6546B7
:10A6500080460F469A4610685168E368926809F090
:10A6600001090FC59CF81C30CCE904A823F00303B2
:10A6700043EA0903CCF818708CF81C3086F821E105
:10A680006046BDE8F0874FF0000C6046BDE8F087FB
:10A69000842E0020054890F8203190F821219A421C
:10A6A00014BF00EB43100020704700BF842E002031
:10A6B00010B402780B4C082A94F8213188BF94F822
:10A6C0002021014688BF0270934209D0531CDBB29F
:10A6D000092B08BF002304EB42100B7010BC70471D
:10A6E0000020FBE7842E00202DE9F04F3D4E87B07F
:10A6F00096F8203196F8212102909A423ED04FF0F0
:10A7000000080B24C346C246CDE9048806EB431378
:10A71000CDF80C801D7FD3F80090C5F34002DF68B0
:10A7200005F00105002C4DD0013CE4B24AB396F887
:10A73000211196F82031994220D00133DBB2092B48
:10A7400008BF0023994286F8203117D0590106EB43
:10A750004313002ADED1D86805BBBAF1000F33D00D
:10A76000BBF1000F36D01A7F9707D3D150457258EE
:10A7700034D05845CED105998A42CBD107B0BDE837
:10A78000F08F194902988B601146174B0192FDF723
:10A7900057FF019A0028CAD000DEC8E7039ABAB171
:10A7A000B8F1000F08BFB8461A7F9507B2D4D20798
:10A7B000DCD5BBF1000FADD1039A8242DED08045DB
:10A7C000A8D1DBE700DEAFE7BA46CDF81090EBE7A3
:10A7D0000397E9E7BB46CDF81490E5E704998A4270
:10A7E000C7D1CBE7842E002028040020054B1A7E19
:10A7F000597E914204D053F8220010B10C307047BA
:10A8000000207047682E002070B5134A117E537ED9
:10A810008B421FD04B1CDBB2062B08BF002352F823
:10A8200021401376A4B10223002526682371A0607D
:10A83000256002F0C5FD03462146084A23703046D4
:10A84000FDF784FE012228461146054BFDF7F8FE70
:10A85000204670BD0024FBE7682E0020A0250020C4
:10A860003804002010B5002482B0049B93F80AC07D
:10A870002CF0020C83F80AC0CDE9004409F0F8FB83
:10A8800002B010BD012210B582B00192047F0346D0
:10A8900014400269D0E90501009409F0E9FB08B908
:10A8A00002B010BD7730FBD000DEF9E710B4CB6802
:10A8B00004691A78042A02D0236810BC18475B7810
:10A8C000052BF9D1002010BC704700BF0B8A002B6C
:10A8D00038D030B5054683B001F10C000C4611F0BC
:10A8E0005BFD012810D0022802D06FF0150009E0AE
:10A8F00001A9204601F064F8019911B12846FFF73B
:10A90000D5FFC8B103B030BD002301A92046019393
:10A9100000F0DCFA014678B12846FFF7C7FF0028AF
:10A92000F0D1019D45B1284601F01AFD03466B7137
:10A930000648019915F045FC2046F7F749FD00202F
:10A9400003B030BD6FF01500704700BF70320020BB
:10A9500010B50469FFF7B8FB40B90548F7F778F977
:10A960000448F7F775F90020206010BD00DEF4E719
:10A97000C00F0020401000202DE9F0414FF00008EA
:10A980000646076982B04FF0FF324FF0FF3334487C
:10A990000EF090F90028F6D043790190042B31D8BD
:10A9A000002B46D0022B4CD04FF0FF334FF0FF323C
:10A9B0000220F7F757FE0446019B002C4BD01846A7
:10A9C000214601F0ADF8019B01A8C3F80080FFF714
:10A9D00031FC204611F05BFC05462146002011F0B9
:10A9E00080FC2B8A0446012B08D9294630463B6857
:10A9F00098470EF07FFE002CEBD1C4E72846F7F70E
:10AA0000E7FCF6E7052B14D14FF0FF334FF0FF3290
:10AA10000820F7F727FE04460198214601F056F872
:10AA2000019B01A8C3F80080FFF704FC002CD0D1E3
:10AA3000A9E700DE019B01A8C3F80080FFF7FAFB3D
:10AA4000A1E70023002201210020F7F723FE04469E
:10AA5000019B002CB3D101A81C60FFF7EBFB92E730
:10AA600070320020F0B5054683B014E04FF0FF329D
:10AA70004FF0FF3300211320F7F70CFE2246044667
:10AA8000BDF8021001F054FC21462846FFF70EFFE6
:10AA900040BB0EF02FFE0DF1020101A8FFF720FBD5
:10AAA00004460028E2D1019BA3B1FFF783FB019F7D
:10AAB000384601F055FC019E78717379032B02D161
:10AAC0003379182B10D03146174815F07AFB019BCB
:10AAD000002BE0D14FF0FF324FF0FF3313480EF060
:10AAE00053F9D8E700DED4E721464FF0FF324FF0AC
:10AAF000FF330520F788F7F7CDFD0446394606F108
:10AB00001C00224600F0BCFF384600F0D7FF3CB1E5
:10AB100021462846FFF7CAFE20B92046F7F758FC21
:10AB2000019ED0E700DEF8E770320020803200207E
:10AB3000F0B505460E46076989B0204815F013FBAD
:10AB40004FF0FF3200211E4815F062FB1C48FFF752
:10AB500011FA044600282ED13E6001F017FC0026B1
:10AB600000276FF0090C4FF4E072CDE90667CDE9DC
:10AB70000144144B144904940095CDF80CC01348BB
:10AB80000EF0BAFB1249114815F085FC6FF0070C66
:10AB90004FF46072CDE90667CDE901440D4B0E49D3
:10ABA00004940095CDF80CC00C480EF0A5FB0C49A0
:10ABB0000A4815F070FC204609B0F0BD7032002044
:10ABC0008032002065AA000000AA0020C00F0020EB
:10ABD000282C020079A90000C0AB00204010002002
:10ABE000382C020008B50EF03FFD054815F0C3FAF9
:10ABF000034815F0B8FABDE808400EF049BD00BFA3
:10AC0000703200202DE9F047DFF8D0A0DAF800908C
:10AC1000B9F1000F33DB80460F46164646D00025BB
:10AC20002F4C06222146304616F0AEFF18B914F814
:10AC3000013CBB4226D00135A94504F10804F0D1FE
:10AC40000121284CD6F800C02068274BC5006A1C9B
:10AC500043F802C0B6881A44B9F10F0F968001FA82
:10AC600008F103F830702B44D971DBBF09F10103FF
:10AC700018460130CAF80030102814D02060002097
:10AC8000BDE8F087184B03EBC503DA7922FA08F127
:10AC9000C90702D50120BDE8F087012101FA08F1BA
:10ACA0000A43DA71EBE700232360E8E701200D4C4B
:10ACB0000D4B2568D2F800C0E9000A1843F802C01D
:10ACC000B6881A44968000FA08F803F835700B44E9
:10ACD000CAF8000083F80780D0E700BF9832002050
:10ACE0009D320020943200209C3200202DE9F0415A
:10ACF000194C6468A40004D59046184A12681207DB
:10AD000001D4BDE8F08103F10C0405460E4620464F
:10AD1000022111F0FDFA40F63E4301210380204656
:10AD200011F0F6FA04230B210370204611F0F0FA1B
:10AD30000570A0F801803DB97268B368C0F80320BF
:10AD4000C0F80730BDE8F0810027C0F80370C0F8F4
:10AD50000770BDE8F08100BF70010020680100208D
:10AD6000F0B50138144687B0092806D8DFE800F0AE
:10AD700009273D05054F056182956FF0150007B065
:10AD8000F0BD4F4B0D21188812F008F80D212060FE
:10AD90000C3011F0BDFA4FF480640023042102222C
:10ADA000484D0370C0F80150A0F80540C17103720E
:10ADB00042728372C3720373002007B0F0BD404B30
:10ADC0004121188811F0EAFF412120600C3011F078
:10ADD0009FFA002104463E2200F8031B16F0CCFE29
:10ADE00040F2A733A4F80130E6E7354B0921188873
:10ADF00011F0D4FF092120600C3011F089FA0022F3
:10AE0000034603F8012BC0F801205A60D4E7C96853
:10AE10000020FEF7FBFD2A4B0121188811F0BEFF30
:10AE2000012105460C3011F073FA002303702560F0
:10AE3000C2E7254E01AD0FCE0FC5214F3368122159
:10AE400038882B7011F0AAFF122120600C3011F00D
:10AE50005FFA00230446064695F800C004F8013B5B
:10AE600001AD0FCDC6F801006160A260E36084F817
:10AE700010C0A1E7124B1821188811F08FFF18217C
:10AE800020600C3011F044FA00230446012100F840
:10AE9000023B0AF0EBFD60708EE7094B2121188818
:10AEA00011F07CFF212120600C3011F031FA0023D9
:10AEB0000146013001F8113B0AF028FE7CE700BF93
:10AEC000F68A002002000500582C020000232DE91C
:10AED000F0418EB00993038A022B35D904460E4601
:10AEE0000C30032111F050FA228A83789A422BD336
:10AEF0000088DB4FC0F38523082B1FFA80FC3880C5
:10AF0000C0F309050DD8C3B1013B072B15D8DFE805
:10AF100013F09A0114007B01610114001400140065
:10AF200020003F2B09D12146284609AAFFF718FF28
:10AF3000163040F02085B7F800C0012160460EB001
:10AF4000BDE8F04111F03CBF002420460EB0BDE842
:10AF5000F081681E9C28F0D801A353F820F000BFB0
:10AF600099B8000073B8000027B800003BAF00009C
:10AF70001DB800003BAF00003BAF00003BAF00003E
:10AF80003BAF00003BAF000005B80000D3B70000A6
:10AF9000A3B700009BB7000079B7000073B70000AB
:10AFA0006BB7000063B700003FB7000037B7000081
:10AFB0000DB70000FFB60000C5B60000A5B6000042
:10AFC0008DB600003BAF00003BAF00006DB6000047
:10AFD0003BAF00003BAF00003BAF000051B60000AC
:10AFE00029B6000019B60000E5B50000D9B500008B
:10AFF0003BAF00003BAF0000CBB50000C3B5000085
:10B00000BDB5000045B5000011B50000DDB400007D
:10B01000D3B40000C5B400007BB4000065B50000E7
:10B0200059B400000DB400003BAF00003BAF00007E
:10B030003BAF00003BAF00003BAF00003BAF000068
:10B040003BAF00003BAF00003BAF00003BAF000058
:10B050003BAF00003BAF00003BAF00003BAF000048
:10B060003BAF00003BAF00003BAF00003BAF000038
:10B070003BAF00003BAF00003BAF00003BAF000028
:10B080003BAF00003BAF0000EBB300003BAF000064
:10B090003BAF0000CBB300003BAF00003BAF000074
:10B0A0003BAF00003BAF00003BAF00003BAF0000F8
:10B0B0003BAF00003BAF00003BAF00003BAF0000E8
:10B0C0003BAF00003BAF00003BAF00003BAF0000D8
:10B0D0003BAF00003BAF00003BAF00003BAF0000C8
:10B0E0003BAF00003BAF00003BAF00003BAF0000B8
:10B0F0003BAF00003BAF00003BAF00003BAF0000A8
:10B100003BAF00003BAF00003BAF00003BAF000097
:10B110003BAF00003BAF00003BAF00003BAF000087
:10B120003BAF00003BAF00003BAF00003BAF000077
:10B130003BAF00003BAF00003BAF00003BAF000067
:10B140003BAF00003BAF00003BAF00003BAF000057
:10B150003BAF00003BAF00003BAF00003BAF000047
:10B160003BAF00003BAF00003BAF00003BAF000037
:10B170003BAF00003BAF000077B300003BAF0000E7
:10B180003BAF00003BAF00003BAF00003BAF000017
:10B190003BAF00003BAF00003BAF00003BAF000007
:10B1A0003BAF00003BAF00003BAF00003BAF0000F7
:10B1B0003BAF00003BAF00003BAF00003BAF0000E7
:10B1C0003BAF00003BAF00003BAF00003BAF0000D7
:10B1D0005DB30000681E08283FF6AFAE01A353F828
:10B1E00020F000BF33B30000E3B20000BDB20000A6
:10B1F0003BAF00003BAF00003BAF00003BAF0000A7
:10B200003BAF00009DB20000632D00F056832BD8A9
:10B21000032D00F06F832D2D00F05283012D7FF45C
:10B220008CAEE2680F4B116860461960294652687F
:10B230005A6011F0B3FD012104460C3011F068F89A
:10B240000023037081E6062D00F02E831D2D7FF470
:10B2500074AEE368188801F067FC014638886EE632
:10B26000F68A0020700100207B2D00F06B837C2D7E
:10B270007FF463AEE3681E885988B0B201F030FDF8
:10B2800005460321388811F089FD032104460C305E
:10B2900011F03EF80570A0F8016056E660460721FF
:10B2A00011F07CFD072104460C3011F031F8014605
:10B2B000002001F8010BFEF7D5FB46E609216046A8
:10B2C00011F06CFD092104460C3011F021F8002228
:10B2D0000346602103F8012BC0F801205A60417138
:10B2E00033E66046412111F059FD412104460C30FE
:10B2F00011F00EF8002105463F2200F8021B16F05F
:10B300003BFC4FF40A720423C0212020A5F80F2033
:10B310004FF49062A971EB72CA4985F83030EB7531
:10B32000C94B6870C5F81A10C5F82130A5F8272058
:10B330000BE60921604611F031FD092104460C306D
:10B3400010F0E6FF00234FF450610D22BF4D018045
:10B35000C0F805508370C3700271F6E5E468618837
:10B36000A379A2882088B4F80740009404F044F838
:10B3700001463888E3E56046FA2111F00FFDFA2115
:10B3800004460C3010F0C4FF4FF480730546F822D9
:10B3900020F8023B002116F0EFFBFEF71BFB002319
:10B3A000AA7A61F3070342F00202AA72C1F30722EC
:10B3B00062F30F23090C61F31743090A61F31F635A
:10B3C000C5F80200C5F80630BFE5E068C17907F0AE
:10B3D000B3FE01210546388811F0E0FC0121044646
:10B3E0000C3010F095FF0570AFE56046032111F0B9
:10B3F000D5FC032104460C3010F08AFF00230146DF
:10B40000013001F8023BFEF7FDFA9EE5E26895780F
:10B41000D178EE0744BF41F00301D170AD07108829
:10B42000B2F80540137940F1AC8243F00303137185
:10B4300043EA0102032A40F0B0824E0700F0AA82DC
:10B4400014F003021CBF04F1FF3404F0010201F008
:10B45000F5FB0146388872E5E3681A78D10749BFE1
:10B460000721587808465970920749BF07229978F2
:10B4700011469A7001F0D6FBABE76046092111F046
:10B480008DFC092104460C3010F042FF05460AAB42
:10B490000DF1220208A90DF11E0001F093FB00221C
:10B4A000BDF81E30A5F80130BDF82030A5F80330F6
:10B4B000BDF82230A5F80530BDF828302A70A5F86F
:10B4C000073042E5E368188807F02CFE0121388830
:10B4D000AFE6E368187807F011FE7AE7E368072122
:10B4E00018680AAE0A909A889B796046ADF82C20BD
:10B4F0008DF82E3011F052FC072104460C3010F06C
:10B5000007FF05463046691C07F0C6FD28701CE59C
:10B51000E368072118680AAE0A909A889B7960460A
:10B52000ADF82C208DF82E3011F038FC07210446A0
:10B530000C3010F0EDFE05463046691C07F070FD3A
:10B54000287002E56046022111F028FC0221044621
:10B550000C3010F0DDFE054607F02CFC002368706F
:10B560002B70F2E4E368604605211E8811F016FC9A
:10B57000052104460C3010F0CBFE0546B7B22A1D5B
:10B58000E91C384601F02EFBEB782979002B93FA61
:10B59000A3F391FAA1F2B3FA83F308BF4FF0FF339C
:10B5A0000029B2FA82F208BF4FF0FF3201330132B4
:10B5B0002870A5F80160EB702A71C6E407F0FCFB67
:10B5C00007E7E06807F03AFC03E7E06800F11702DC
:10B5D000C11D07F0CDFFFCE6E3685988188801F02B
:10B5E000E5FAF6E66046052111F0D8FB0521044690
:10B5F0000C3010F08DFE05460AA90DF1220001F075
:10B60000C9FA0022BDF82230A5F80130BDF8283073
:10B610002A70A5F8033098E4E3681E889A88598850
:10B62000B0B201F097FA2BE600230221E2681688F7
:10B630009278CDE90233CDE90033B0B201F0D8F908
:10B640001EE600BF17FCFF0930F0F97FF105FFFF90
:10B650000022E46802212688638803922589B0B21B
:10B660000295E5880195A4880094E7E709216046E2
:10B6700011F094FB092104460C3010F049FE002320
:10B68000C749C84A0160426003725EE4E16801F1A3
:10B690000C0301F10A0231F8020B06F04DFE0146DF
:10B6A00038884CE46046092111F078FB09210446F2
:10B6B0000C3010F02DFE0023082100F8013B08F0AB
:10B6C00079FB42E4E06800230AAA00F110010BF0C4
:10B6D0003BFB1121388811F061FB112104460C302D
:10B6E00010F016FE00230646074606F8013B0AAD99
:10B6F0000FCDC7F801007160B260F36025E4E36824
:10B70000188801F0FBF90146388818E4E3686046C0
:10B7100008211E8811F042FB082104460C3010F06D
:10B72000F7FD0546B7B23846E91C01F09BF9A5F8CC
:10B730000160287009E4E06807F088F849E6002213
:10B74000E1684B88088803920C890294CC880194A4
:10B7500089880091114601F04BF901463888FFF7BE
:10B76000EEBBE06807F0B6FA33E6E06807F0FEF9F2
:10B770002FE607F0D3F92CE66046022111F00EFB0C
:10B78000022104460C3010F0C3FD0023037005466F
:10B7900007F0C2F96870FFF7D8BB304606F094FD99
:10B7A00017E6E468B4F81350618863792279208839
:10B7B0000495B4F8115006340395B4F80950029575
:10B7C000A5790094019506F091FB01463888FFF7B2
:10B7D000B6BBE3681878002800F0D0805B78002BB7
:10B7E00000F0CC80002213466F490A606F4A136054
:10B7F00000F094FE05460C2D4FF0010108BF002516
:10B800003888E9E5E4686379B4F80320B4F80110F6
:10B810002078A479009400F005FEDAE5E1680120C3
:10B82000FEF7F4F8D5E56046092111F0B7FA0921D1
:10B8300004460C3010F06CFD0025034603F8015B54
:10B84000C0F801505D600646FEF7C4F82B46C1F310
:10B85000072261F3070362F30F23090C61F3174317
:10B86000090A61F31F63C6F80100C6F80530FFF747
:10B870006CBB0421604611F091FA042104460C309F
:10B8800010F046FD00236FF0040140220370417068
:10B890008370C270FFF759BBE268454B1168604680
:10B8A000526819600121C3E4E3689978188801F0AF
:10B8B000FDF801463888FFF742BBE2683D4BEDE7F3
:10B8C000E368604604211E8893F8028011F066FA4E
:10B8D000042104460C3010F01BFD0546B7B20220CF
:10B8E00042463946EB1CFEF77BF8A5F8016028704C
:10B8F000FFF72BBB4FF0FF312C4A1F2011600021B6
:10B900002B4A4FF0FF3441F6FF75C2E900010020D9
:10B910000021294BC3E90045264BC3E90001FEF78E
:10B920008BFB0121388811F039FA012104460C30D3
:10B9300010F0EEFC0023214A03701360FFF752F968
:10B94000FFF703BBE3680AA91E88B0B201F09CF9B7
:10B9500005210546388811F021FA052104460C30EE
:10B9600010F0D6FC0570A0F80160BDF82830A0F8F2
:10B970000330FFF7EABA099CFFF7E7BA4FF0FF334D
:10B9800034E741EA0302032A07D84D0702D05A07D9
:10B990007FF456AD1221FFF7D1BA1121FFF7CEBACD
:10B9A0000070330F133F02009432002098320020C1
:10B9B00068010020C010002070010020903200209B
:10B9C00000230B60038A032B55D92DE9F047054668
:10B9D00088460C30042110F0D7FC2B8A4688B0F83A
:10B9E0000090B34225D3FB2E23D800F0B9FF4FEAD5
:10B9F0001937BA460446F8B15FEA9A0A19D19FB1DD
:10BA0000012F16D12379667167F301032371E96869
:10BA10003246E01D16F08AF82146C9F30B0000F00B
:10BA2000ABFF18B9BDE8F0870227EBE7204600F02E
:10BA30009DFF6FF01500F5E7104B1B689B0117D5B4
:10BA40004FF0FF324FF0FF330220F6F70BFE0221DA
:10BA5000C8F800000C3010F05BFC4FF48D730380CD
:10BA6000D8F8000001210C3010F052FC01230370C3
:10BA70006FF06800D6E76FF0150070477001002086
:10BA8000F8B50D4B1B68DB0600D4F8BD02F10C04C1
:10BA900007460D462046022110F03AFC40F20543CD
:10BAA00004210380204610F033FC0026A0F801504A
:10BAB00006703A78C270F8BD70010020024A13681F
:10BAC000013B1360704700BF90320020037F03F0FA
:10BAD0000303013B012B01D900DE704770B504461A
:10BAE00001F10C0528460421E68810F011FC0346FC
:10BAF000227F02F00302022A0CBF46F4005646F4ED
:10BB000080560680627F28465A80617F10F000FCD4
:10BB1000627F04F11F01BDE8704016F007B800BF56
:10BB20002DE9F04F90F804C00446BCF1030F0D4618
:10BB300089B000F11C0620D0ACF1050CC788BCF11F
:10BB4000180F5BD8DFE81CF05E005A005A005A005C
:10BB50005A005A005A005A005A005A005A005A0015
:10BB60005A005A005A005A005A005A00D2003101B5
:10BB7000390166017D019101B201C37FC788033B92
:10BB8000392B3BD8DFE813F05F023A003A00870216
:10BB9000A0023A00AE023A003A003A0042023A00ED
:10BBA000B3023A003B003A003A00E501E5013A00F1
:10BBB0003A003A003A003A003A003A003A003A00B5
:10BBC0003A003A003A003A003A003A003A003A00A5
:10BBD0003A003A003A003A003A003A003A003A0095
:10BBE0003A003A003A003A003A003A003A003A0085
:10BBF0003A003A003A003A003A000C0200DE09B07E
:10BC0000BDE8F08FC94A037E92E803000A0C8DF864
:10BC10001E20227FA67E5B42ADF81C10510694F8D0
:10BC2000198006905FB2C6F3400600F17781C04BE1
:10BC30005B6803F00053002E40F0C482002BDED07E
:10BC4000BC4B1B689B07DAD5207F04F11E09C0F3AB
:10BC500080114A4600F00F00FEF7D4FF0028CED135
:10BC6000237F03F00F03012B00F04683627FA2F1D4
:10BC7000060A5FFA8AFA5646931D05325FFA83FB7D
:10BC8000D3B205930C350221284610F041FB3E2229
:10BC90000121027080F801B0284610F039FB022320
:10BCA00005990370284610F033FB01230370237FAE
:10BCB000054603F00F036B441B7E437007F07AF8D0
:10BCC000804580F00C834046EA1CA91C07F04EF822
:10BCD000AB780233AB7085F809A00A3532462846A6
:10BCE00004F1240115F022FFAF5588E7F60700F1B3
:10BCF000F482267F002E00F023818D4B5B68980034
:10BD00007FF57DAF8B4B1B6803F4007813F00103C4
:10BD100040F0128258EA03033FF471AF002E40F066
:10BD2000C182854A0C35136801331360022128460D
:10BD300010F0EEFA41F63E7301210380284610F020
:10BD4000E7FA0A2203461E211A70284610F0E0FA8C
:10BD50000023A0F801700370637FC370A37F037199
:10BD6000D4F81F30C0F80530B4F82330A0F80930FB
:10BD7000D4F82B30C0F80B30B4F82F30A0F80F30C7
:10BD8000D4F82530C0F81130B4F82930A0F81530B7
:10BD9000638EA0F81730A38EA0F81930E38EA0F8B8
:10BDA0001B3094F83830437729E70A463046394645
:10BDB00009B0BDE8F04FFFF763BE5D4B5B689900CB
:10BDC0007FF51DAF5B4B1B685A077FF518AF0C352D
:10BDD0000221284610F09CFA40F63E230121038000
:10BDE000284610F095FA032309210370284610F025
:10BDF0008FFAF30700F18882237FA0F801700370A7
:10BE0000E38BA0F80330238CA0F80530638CA0F8F6
:10BE10000730F4E6464B00245B681E047FF5EFAE66
:10BE20000C350221284610F073FA4FF44C72034689
:10BE3000032128461A8010F06BFA0470A0F80170F4
:10BE4000DDE63E4B1B681C027FF5D9AE0C350221A6
:10BE5000284610F05DFA40F2572203460221284698
:10BE60001A8010F055FA0780C9E6314B5B689800DC
:10BE70007FF5C5AE2F4B1B6819037FF5C0AE0C359F
:10BE80000221284610F044FA40F23E43012103808B
:10BE9000284610F03DFA1422034603211A70284662
:10BEA00010F036FA0780237F8370A8E6204B5B688A
:10BEB0009A007FF5A4AE1F4B1B681B057FF59FAE54
:10BEC0000C350221284610F023FA40F23E6301218E
:10BED0000380284610F01CFA0C22034605211A7034
:10BEE000284610F015FA237FA0F801700370627FD6
:10BEF00092FAA2F3002AB3FA83F308BF4FF0FF339C
:10BF00000133C370A27F92FAA2F3002AB3FA83F33B
:10BF100008BF4FF0FF330133037170E60021424642
:10BF2000084604F11E0307F039F880E69C2702005A
:10BF3000700100206801002090320020C010002015
:10BF4000FF22A07F04F1250304F11F0107F026F86A
:10BF5000D3E6D14B5B6898007FF551AECF4B1B68A1
:10BF600059067FF54CAE0C350221284610F0D0F969
:10BF700040F63E3301210380284610F0C9F907221C
:10BF800003460A211A70284610F0C2F90780A38CD4
:10BF90004380E38C8380238CC380638C03812EE6F3
:10BFA000BD4B00265B689A007FF529AEBB4B5B68F2
:10BFB000DB027FF524AE0C350221284610F0A8F9EB
:10BFC00040F63E2301210380284610F0A1F93523D5
:10BFD00009210370284610F09BF9054638462E705B
:10BFE000A5F8017000F0AAFC002800F08B8190F801
:10BFF0003730DB095B00EB70238CAB8094F8223088
:10C00000AB71B4F82330A5F80730F8E5A24B1B68F4
:10C010001A067FF5F4AD0C350221284694F820402D
:10C0200010F076F94FF48162034604211A80284605
:10C0300010F06EF900239C4208BF1F24A0F8017085
:10C040000470C370DBE5944B5B689E007FF5D7AD51
:10C05000924B1B68D8067FF5D2AD0C3502212846DD
:10C0600010F056F940F63E5301210380284610F0A7
:10C070004FF9052203460C211A70284610F048F9A2
:10C08000034623F8027B216A626AC0F802105A60F4
:10C09000238D4381B3E5804B00241B6819067FF58F
:10C0A000AEAD0C350221284610F032F94FF4816212
:10C0B000034604211A80284610F02AF9012304704F
:10C0C000A0F80170C3709AE590F820300E2B7FF431
:10C0D00096AD0B463A4600211A2009B0BDE8F04F54
:10C0E000FEF704BE0B463A4631460020F5E76A4BA0
:10C0F0005B689B005BD5694B1B689E0657D50C356A
:10C100000221284610F004F940F63E330121038055
:10C11000284610F0FDF8062203460A211A70284628
:10C1200010F0F6F80780238C4380638C8380A38C07
:10C13000C380E38C038162E5002E40F08A80584A78
:10C14000136801331360B8F1000F40F0DF800C3545
:10C150000221284610F0DCF841F23E330121038031
:10C16000284610F0D5F8012312210370284610F05C
:10C17000CFF80670A0F80170637FC370A37F03F04F
:10C1800001030371D4F81F30C0F80530B4F8233030
:10C19000A0F80930638EA0F80B30A38EA0F80D3004
:10C1A000E38EA0F80F3094F83830437427E500236D
:10C1B0001A2202213846CDE90233CDE9003300F0DE
:10C1C00017FC1CE5002B3FF41AAD344B1B685A05D5
:10C1D0007FF515AD207F00F00F03012B40F0A48008
:10C1E00004F11E06C0F38011324600F00F00FEF786
:10C1F00009FD00287FF403AD0C350221284610F01C
:10C2000087F841F23E2301210380284610F080F890
:10C210000B2311210370284610F07AF840F2011325
:10C220000380054606F0C6FD804571D24046EA1CF3
:10C23000A91C06F09BFDAB780233AB70237FC3F3E0
:10C24000C0136B72636AC5F80A30238D2F74EB81BB
:10C25000D5E4B8F1000F25D10C350221284610F0A5
:10C2600057F841F23E3301210380284610F050F880
:10C2700001220346122128461A7010F049F8C0F82E
:10C280000180C0F80580C0F80980C0F80D8080F8F2
:10C2900011800670B3E400BF700100206801002027
:10C2A000903200200C350221284610F031F841F67A
:10C2B0003E7301210380284610F02AF80A22034623
:10C2C0001E211A70284610F023F804461D22002172
:10C2D000601C15F051FC267091E400DE09E5237F17
:10C2E000C3F38013AB70D4F81E30C5F80330B9F82F
:10C2F0000430A5F80730EEE40B234FF00C0BB246E8
:10C300000593BFE4022376E600DE75E50C350DE506
:10C31000237FC3F38013AB70D4F81E30C5F803300D
:10C32000B388A5F8073089E700DE207F58E700BF13
:10C3300070B500F10C040E462046022115460FF0A0
:10C34000E7FF40F21352034605211A8020460FF002
:10C35000DFFF0123A0F801600370A0F8035070BD57
:10C360000379032B08D0053BDBB2182B01D9002041
:10C370007047054AD05C7047037F03F00303032B2B
:10C3800014BF052004207047682E02004FF0FF32D2
:10C3900030B44FF0FF3441F6FF750A4B00211A60AC
:10C3A0000020094B0022C3E900451F240025074B4C
:10C3B000C3E900010649074BC1E900451A6030BCDA
:10C3C000FEF710BC9832002070010020C010002041
:10C3D000680100209032002070B5059E1546344655
:10C3E00014F8101B9DF810C00131C9B2317099B119
:10C3F00000220A490B818B7AC1E900056CF3000326
:10C400008B72074BCC60996001201146FCF718F93C
:10C4100000B970BD00DE70BD00DEE9E7C810002085
:10C420006804002030B5144C844694F84CE09DF824
:10C430000C501EF001001DD163F3420E40F2712337
:10C44000A2FB0323A4F842104FEA4C1C94F83810C6
:10C45000ED0005F018050CF0200C4CEA050C21F05D
:10C460003801C4E911224CEA010C84F84CE084F84C
:10C4700038C030BD0C2030BDD810002000207047DF
:10C4800040F2712C03FB0CF3844600B59DF804E0E8
:10C4900049014FEACE0E0EF0180E01F0200141EADC
:10C4A0000E019CF828E0ACF832202EF0380E41EA5C
:10C4B0000E018CF82810CCF8343018465DF804FBD7
:10C4C00038B50546023001F11002C0B2FDF7FCFF9D
:10C4D000044600B938BD10F1780F01D10C2038BDE9
:10C4E00040F29123094A0A490A480FF0C8FC224643
:10C4F000294609480FF0C3FC002383F31188BFF3DA
:10C500006F8F0323184602DF0C20E8E76C2C020033
:10C51000AC2C0200C42C0200E42C020038B5294CDB
:10C5200094F84C3003F0010260B362BB9A07C3F386
:10C5300041050BD50120FDF787FA0621FBF7ECFF3B
:10C5400000283DD094F84C50C5F3410594F83800CC
:10C55000C0F3C10006F0DAFEFF2194F8393094F8F8
:10C56000382023F0020384F83930930684F83A1017
:10C5700002D5023D012D19D91248F4F741FB10B93B
:10C58000002038BD0AB90C2038BD6369002BFAD1F0
:10C590002146FFF795FF0028F5D194F84C2060F371
:10C5A000000284F84C2006F093FEE9E7002006F034
:10C5B000C7FE94F8393043F0020384F83930DBE7E2
:10C5C000122038BDD810002038B500240C4D34B9E5
:10C5D00095F84C4014F0010401D0686908B10020BE
:10C5E00038BD2946FFF76CFF0028EFD195F84C20A5
:10C5F00060F3000285F84C2006F06AFEE6E700BF13
:10C60000D8100020034A044B801AA3FB0030C0F36B
:10C6100087107047D8100020CDCCCCCC044A0068DD
:10C62000044B801AA3FB0030C0F38710704700BF93
:10C63000D8100020CDCCCCCC30B9044890F84C3088
:10C6400013F0010300D0704700207047D81000207D
:10C65000044B93F84C2002F0010210430CBF184623
:10C6600000207047D810002098B90B4A92F84C303F
:10C6700013F001000ED0506992F83820003818BF2E
:10C680000120C2F3401203F00103934043EA80000B
:10C6900070470020704700BFD810002050B9064BEB
:10C6A00093F84C0010F0010005D093F83800C0F367
:10C6B000C100704700207047D810002001460022BA
:10C6C00008B5054B012099601146FBF7B9FF00B989
:10C6D00008BD00DE08BD00BF780400208368014665
:10C6E0005A6892F82730DB0901D000DE7047083124
:10C6F00005F090BE2DE9F0410446066882B04FF483
:10C70000D87224493046FBF7F3FE04F18005214638
:10C7100008F0A2FC2946D4F8840001AAFBF728FF00
:10C7200018B34FF6FF77DFF8708098F8292298F851
:10C730002812531CDBB2452B08BF0023994225D099
:10C74000019908EBC20C28F83270CCF804100A6882
:10C750000260019A106088F829322946D4F88400D2
:10C7600001AAFBF705FF0028DFD1D6F8700106F516
:10C77000B87138B10023C6F87031FDF739FF02B047
:10C78000BDE8F08100DED6F87001F3E700DE00239B
:10C790001B80FFDE281100207076002010B50C46AB
:10C7A00030B92046FDF754FE844200D000DE10BDB3
:10C7B00000DEF6E710B50C4630B92046FDF73CFE2A
:10C7C000844200D000DE10BD00DEF6E710B50C4656
:10C7D00040B9074B0246012102209C60FBF730FF65
:10C7E00020B910BDFDF722FE8442FAD000DE10BD54
:10C7F0009804002000B9704700B583B00191FDF79F
:10C8000033FE0199814202D103B05DF804FBFDF7CC
:10C810000DFE01998142F7D000DEF5E710B5194B06
:10C8200001224FF4D8711848FBF712FE00224FF492
:10C83000D8711548FBF758FE4FF6FF7C0446134BA2
:10C84000A4F824C0181D40224FF48271FBF700FEAB
:10C850000F4B4422181D0821FBF7FAFD02F0A4FB40
:10C860004FF01B0C4FF4A47103230024094A0A481B
:10C87000A2F800C0094A046011800949094A0B70F6
:10C88000137010BD44330020281100206C350020A7
:10C8900048330020FA8A0020A87A0020F88A002075
:10C8A000A08C00209F8C002010B5037883B1104B22
:10C8B00000F1100199608268BAB900220D4C0C4B4E
:10C8C000C0E9024101201146FBF7BAFE58B910BD7C
:10C8D00003F0FF02084B1030986011460120FBF76F
:10C8E000AFFE0028F3D000DE10BD00DE9968E4E75B
:10C8F00088040020BDC60000780400200148FBF732
:10C90000CBBD00BF443300200149FBF7D9BD00BFB8
:10C91000443300204FF4D8720149FBF7E9BD00BF52
:10C9200028110020024620B94FF4D8710248FBF7C5
:10C93000DBBD0020704700BF2811002060B902460F
:10C9400008B54FF4D8710548FBF7CEFD10B1838CC4
:10C9500003B908BD002008BD002070472811002041
:10C960000148FBF799BD00BF6C3500200149FBF77A
:10C97000A7BD00BF6C35002080BB38B502460D4610
:10C9800018484FF4D871FBF7AFFDD0B1828CC2B913
:10C99000154C94F809C294F808120CF10103DBB2AB
:10C9A000412B08BF0023994215D024F83C2004EB0A
:10C9B000CC0CCCF8045084F80932037823B9002059
:10C9C00038BD6FF0150038BD084B01219860032079
:10C9D000FBF736FEF3E76FF0680038BD6FF0150027
:10C9E000704700BF281100209C780020A804002078
:10C9F0002DE9F047DDF82C90BDF82070BDF82480BB
:10CA0000BDF82860A0B98A4614464FF4D871024692
:10CA100013481D46FBF768FD50B1838C43B9BAF14A
:10CA2000000F0FD0BAF1020F05D00120BDE8F0874A
:10CA30000220BDE8F0877CB1214602F077FD00209E
:10CA4000BDE8F08743463A462946CDF8249008963B
:10CA5000BDE8F04702F0E6BC02F058FDEFE700BF8A
:10CA600028110020E8B938B502460C460E484FF4AC
:10CA7000D871FBF739FD054650B1838C43B902F0FC
:10CA800059FC38B10368236003792371002038BD55
:10CA9000022038BDD5F83230236095F83630237146
:10CAA000F4E70220704700BF2811002008B10220DF
:10CAB000704710B502460C460E484FF4D871FBF78C
:10CAC00013FDA0B1838C93B91A2C0AD8042C0CD96D
:10CAD000094BE340DB0708D52146BDE8104002F0D2
:10CAE000F3BB292CF8D03B2CF6D0122010BD0C2023
:10CAF00010BD00BF281100202000380480B9024674
:10CB000008B54FF4D8710748FBF7EEFC30B1838CC1
:10CB100023B9BDE80840012102F024BB022008BD72
:10CB2000022070472811002078B9024608B54FF45A
:10CB3000D8710748FBF7D8FC28B1838C1BB9BDE836
:10CB4000084002F027BB022008BD0220704700BF4A
:10CB500028110020C8B938B50C4615464FF4D871D5
:10CB600002460B48FBF7C0FC58B1828C4AB9D0F89A
:10CB700048319B0607D52A462146BDE8384002F0D9
:10CB8000EBBB022038BD1A2038BD0220704700BF21
:10CB900028110020034A044B12881B8802800B8056
:10CBA000704700BFFA8A0020F88A00208446034AB2
:10CBB000034B0020A2F800C019807047FA8A0020B9
:10CBC000F88A002000B540F6480C4FF0FB0EA0F8A4
:10CBD00000E0A2F800E0A1F800C0A3F800C05DF8F2
:10CBE00004FB00BFC8B938B50D4614464FF4D871E0
:10CBF00002460B48FBF778FC034660B1808C50B9C5
:10CC000093F88C20C2F302022A7093F88D30C3F39C
:10CC10000203237038BD022038BD0220704700BFD8
:10CC2000281100208446034A034B002082F800C0EC
:10CC300019707047A08C00209F8C002000BBF0B5BD
:10CC40000E46154683B002464FF4D8710D481C4677
:10CC5000FBF74AFC70B1838C63B9D0F84831DB052F
:10CC60000BD5012723462A463146009702F004FBE4
:10CC700003B0F0BD022003B0F0BD1A2003B0F0BD38
:10CC8000022070472811002018BB10B502460C4640
:10CC900011484FF4D871FBF727FCC0B1838CB3B9AE
:10CCA000C28CB0F89431052A0CD84FF4FA7102FB0B
:10CCB000033301FB03F3094A0020A2FB03235B0BB0
:10CCC000238010BD40F2E24102FB03F3F1E70220B2
:10CCD00010BD0220704700BF281100205917B7D19E
:10CCE00048BB10B502460C4614484FF4D871FBF708
:10CCF000FBFBF0B1838CE3B942F2107202FB04F14A
:10CD0000C38C0139052B0AD84FF4FA7203FB0223B6
:10CD10001944B1FBF3F1A0F89411002010BD40F2CA
:10CD2000E24202FB03F31944B1FBF3F1A0F89411C2
:10CD3000F3E7022010BD0220704700BF2811002039
:10CD400008B5FFF76BFD002008BD00BF38B505F042
:10CD500015FB00224FF4D8711948FBF7C5FB0446B8
:10CD600060B32146032004F11002FDF7ADFB054638
:10CD700010B110F1780F0CD10025124A124BC4F8F3
:10CD8000A050A2F80852A3F82852FFF747FD284602
:10CD900038BD40F24D730D4A0D490E480FF06FF843
:10CDA0002A4600210C480FF06AF8002383F311880B
:10CDB000BFF36F8F0323184602DFDDE700DED0E705
:10CDC000281100209C78002070760020FC2C0200A6
:10CDD000AC2C0200C42C0200E42C0200014B187899
:10CDE000704700BFA08C0020014B1878704700BF2F
:10CDF0009F8C00208A6808601368187828B19A68A8
:10CE000072B9084AC3E902217047526892F8273084
:10CE1000DB0901D000DE70470846083105F0FABA98
:10CE200000DEEEE7DDC600000B68DA88002A37D1A5
:10CE300070B50C4606464FF4D8711B48FBF754FBFF
:10CE40000546F0B1838CE3B902F0ACFB2268137F96
:10CE500003F00303032B08D1012313713146284645
:10CE60002268BDE8704002F0B1BB73B195F86A3139
:10CE70009A0705D53D23012285F86C3123681A7184
:10CE800070BD012223681A7170BD95F86A319B0745
:10CE900003D53D2385F86C3122680123137170BDE1
:10CEA00001221A71704700BF281100204FF6FF7C45
:10CEB00010B50446808C60450CD02046A4F82C3177
:10CEC000C4E9491202F0FEF894F86A3113F0010047
:10CED00002D110BD00DEF0E723F0010384F86A31CF
:10CEE0006FF08B0010BD00BF70B51C4C064694F867
:10CEF00009221DE04FF4D8711948FBF7F5FA69686B
:10CF000008B3838CEC30F3B901F09CFE94F808125E
:10CF100094F809224B1C8A42DBB206F1FF3604D09A
:10CF2000412B08BF002384F8083216F0FF0613D007
:10CF300094F8083293420FD034F8332004EBC30541
:10CF4000002AD7D069680B794FF6FF7023F00303EE
:10CF50000B71FDF73BFAD9E770BD00BF9C7800204C
:10CF600028110020F0B5324A0B46146883B0A04265
:10CF700008BF0021054608BF11601822808C0121DE
:10CF800085F88C3185F87421A5F87601284602F0E1
:10CF9000A3F805F1EC06284602F0B2F8304601F09D
:10CFA00039FE304601F06EFE044628B3037905F1E0
:10CFB000940703F00303032B0CBF03460023036015
:10CFC0001C48FBF769FAA8B121463A46FBF7BEFABE
:10CFD000304601F057FE044670B1037903F00303B5
:10CFE000032B0CBF0346002303601248FBF754FADF
:10CFF0000028E9D100DEE7E7AA8C012103320020F6
:10D000000D4B0095D2B2FCF71DFC10F0FD0F08D1BE
:10D010004FF6FF73FF20AB8403B0BDE8F040FFF78D
:10D0200063BFFDF703FA8542F2D000DEF0E700BFF0
:10D03000A87A002048330020CDC700004FF6FF73C8
:10D040002DE9F04184688AB0A28C9A4200F0BA803F
:10D050000546204602F0A6FAAB7C012B00F0DA80F0
:10D06000022B00F0B28033B994F8A63003F0180315
:10D07000182B00F0128194F86C81B8F1000F40F089
:10D08000A880A68DEB890136E78DB6B2002B00F0A3
:10D09000A780A4F898812B7C03F00303012B00F0F8
:10D0A000B480B4F89C31002B00F0BA80B34240F257
:10D0B00015819B1B9BB2062BA4F89C318CBF0023CF
:10D0C000012300229846E28594F83A20314663F322
:10D0D000820284F83A2020460DF1270201F0BCFFBD
:10D0E000743000F0F580B4F896312BB1B34240F2C1
:10D0F000C4809B1BA4F89631B4F892312BB1B34293
:10D1000040F2B4809B1BA4F8923194F8E930E58D8D
:10D1100003F00103B8F1000F0AD1AF4200F0A28082
:10D120000135ADB23BB9002D4CD04346414634E009
:10D130000135ADB283B394F8E93094F9372023F088
:10D140000103002A84F8E930C0F2848094F88C004E
:10D15000C0F3C00100F0070006F00AFF94F88C202D
:10D1600094F88D1002F003030933C2F34002DB0090
:10D17000D340E28B02F23F12134401F00302093262
:10D18000C1F34001D200CA4013446168184481428F
:10D1900080F09980431A60600021A28C2469019379
:10D1A0005C4B033205930023029118460121CDE91F
:10D1B00003580694D2B20093FCF7FAFA10F0FD0F70
:10D1C00040F090800AB0BDE8F0813D23984684F895
:10D1D0006C31414620460AB0BDE8F041FFF7C2BEBF
:10D1E0002B7C03F00303012B0FD0B4F89831002BF4
:10D1F0003FF457AFB34273D99B1BA4F89831B4F8EE
:10D200009C31002B7FF452AF02E00023A4F89C3144
:10D21000002359E70023A4F89631A4F892312AE7B5
:10D22000E38C42F21071052B8BBF40F2E2424FF4C7
:10D23000FA725A4303FB0222B4F89A3101FB03232A
:10D24000013BB3FBF2F39BB2A4F89C31002B7FF4BB
:10D250002DAFDDE794F88D00012100F0070006F006
:10D2600089FE7BE7002BADD0454664E700232046CE
:10D27000A4F8923101F064FF47E7FDF795F8014605
:10D28000002836D00023A4F896311B23A28C03710A
:10D29000C2800068FDF75AF82EE7218DB4F894217A
:10D2A0008B1D9A42D2BF1346931F5B1AB4F890119C
:10D2B000C8BF9BB2994220D0A4F89031A4F8923113
:10D2C000A4F89621D7E6091A60601CD0002364E711
:10D2D00020469DF82710FFF745FE73E7082179E700
:10D2E0003E2177E7FDF7A2F884423FF46BAF00DE02
:10D2F00068E70123A4F89631FEE6B4F896110029F8
:10D300007FF4B9AEDAE70DB10B4646E7B8F1000F8E
:10D31000DCD157E7F5C7000038B505460120FFF717
:10D32000E3FD05F1EC0001F0ADFCA8B10446037982
:10D330000A4803F00303032B0CBF2346002323609A
:10D34000FBF7AAF830B1214605F19402BDE8384058
:10D35000FBF7FCB800DEF6E738BD00BF483300201D
:10D3600021B3F8B54D1EEDB200F1EC0700F19406C3
:10D3700013E023790E4803F00303032B0CBF23466D
:10D3800000232360FBF788F870B1013D3246214647
:10D39000EDB2FBF7DBF8FF2D05D0384601F072FC4B
:10D3A00004460028E5D1F8BD00DEEEE7704700BF77
:10D3B000483300200149FBF783B800BF4833002001
:10D3C000014B93F8290270477076002000B50A4B94
:10D3D00093F828C293F829E2F4450BD080F800E0D6
:10D3E00033F83C0003EBCC0308805B6813601868DB
:10D3F0005DF804FB0020FBE770760020074B93F8F4
:10D4000028C2844508D003EBCC0033F83C300B80B5
:10D4100043681360186870470020704770760020DA
:10D42000094A92F8281292F829328B4209D04B1CF3
:10D43000DBB2452B08BF002352F8310082F82832B6
:10D4400070470020704700BF7076002000B50D4A7D
:10D4500092F829C292F828E20CF10103DBB2452BC5
:10D4600008BF00239E4509D022F83C0002EBCC0CFB
:10D47000CCF8041082F829325DF804FB00DE0023AA
:10D480001B80FFDE7076002070B553791446054688
:10D490000E46002B39D0237903F00302032A0CD067
:10D4A0004FF6FF72954204BF23F003032371214618
:10D4B0002846BDE87040FCF789BF4FF6FF739D42D8
:10D4C00006D13368A3421AD0002BF0D000DEEEE77D
:10D4D000EDB92A464FF4D8711148FBF705F8E0B1D1
:10D4E000214602F041F83368A342EDD100224FF407
:10D4F000D8710B48FAF7F8FF08B1838C03B100200C
:10D500002146BDE8704001F0A1BD00DEC3E700DEAA
:10D510000020214602F028F8D3E700DEE0E700BF54
:10D520002811002090F87C20B0F84030C2F302129D
:10D53000022A14BFDB089B0890F8962014BF0A3B10
:10D540000B3B9BB2D20648BF043B808F48BF9BB2C7
:10D55000984228BF18467047704700BF90F86A315C
:10D5600043F0020380F86A31704700BF90F86A31D7
:10D5700023F0020380F86A31704700BFB0F86831C9
:10D58000B0F82C21981880B2704700BF0278038E43
:10D5900012B1581E80B27047418DB0F82C21581836
:10D5A000104480B2704700BF2DE9F04F04468DB0A3
:10D5B000CDE90A13B0F86851B0F82C3190F88C001E
:10D5C000BDF864A0C0F3C00100F007001D44BDF821
:10D5D0005890BDF85C80BDF860B0D4F8247106F0B6
:10D5E000C7FCE28CADB2A5EB0A06052A8646B6B2A8
:10D5F00040F2D98040F2E24312FB06F292B2B9F156
:10D60000050F40F2AE80962007214FF09616208439
:10D6100084F86610A4F86C00A4F8740084F86E1006
:10D62000B4F8520084F87610B4F850104FF00B0C98
:10D6300001446548E661C4F86260A06620674E4612
:10D6400040F2E24001F2D511A4F878C0714403FB26
:10D6500002F200FB06F6BF1A013A3244B2FBF6F2C0
:10D66000608DB4F868316160B4F82C11AAEB05053F
:10D670000B441544014494F83700ADB22B4492B2E8
:10D680000D44C00906FB0277A4F86831658565D1B1
:10D690000B9D013531462046A4F82690A4F8288039
:10D6A000A4F89AB101F004FD484B218D3344B3FB3B
:10D6B000F6F3881D9AB29042A4F8942104D2C1F5E1
:10D6C0007F41FA310A4492B20A9BA4F8902113B127
:10D6D0000023A4F89C310221012009F0F1F9002275
:10D6E000022181460120FAF777FF4FF4D8723849BA
:10D6F0002046FAF7FDFE374B00F103085FFA88F881
:10D70000009342463B46012100200194FCF7D2F8E9
:10D7100010F0FD0F56D1009500204FF6FE75CDE9B3
:10D7200002052D4D019607952C4D089406940595FC
:10D7300065683B46424601210495FCF71DF810F050
:10D74000FD0F3DD1B9F1000F34D194F86A3143F0A7
:10D75000010384F86A310DB0BDE8F08F00DE0025CA
:10D7600098E7072184F8661084F86E1084F8761024
:10D7700034214FF03416962021840B21E661293E96
:10D78000A6662667164EA4F86C00C4F8626009F11C
:10D790000106A4F87400A4F878104FF4FA7040F26F
:10D7A0001311B6B253E7013212FB06F24FF4FA73CB
:10D7B00092B224E7012202211046FAF70DFFC4E7D6
:10D7C00000DEBFE700DEA6E70B0096007FC3C901BD
:10D7D00028110020B5C700009DC70000591E010098
:10D7E000340096000B4610B504461A683230C4F86F
:10D7F00032201B7905210371FBF740F894F837308C
:10D8000060F3050384F8373010BD00BF40F6480CC4
:10D81000B0F85430A1F800C0634528BF6346B3F5A3
:10D82000A47F38BF4FF4A4731380704730B5B0F8AD
:10D830004420C18F03468A4228BF0A4690F88D00D3
:10D84000B3F8481000F00700B3F842C01B2A38BFF5
:10D850001B22042814BF4FF4A4704FF429606145C3
:10D8600028BF6146814238BF0146B3F85250B3F831
:10D870004E408D4243D0A242A3F8521001D0A3F8EB
:10D880004E20012093F8E92042F0020283F8E920BB
:10D89000B3F84620998F93F88CC08A4228BF0A4675
:10D8A0000CF0070CB3F84A10B3F840501B2A38BFED
:10D8B0001B22BCF1040F14BF4FF4A47C4FF4296C5D
:10D8C000A94228BF2946614538BF6146B3F8504098
:10D8D000B3F84CE08C4216D07245A3F8501001D03A
:10D8E000A3F84C2093F8E92022F0020283F8E92003
:10D8F000012093F8E920024383F8E92030BDA242D9
:10D90000BDD10020C4E77245EAD193F8E91041EA9D
:10D91000510202F0010221F003010A4383F8E920D9
:10D920000028E5D130BD00BF10B5B0F84420C18F4C
:10D9300003468A4228BF0A4690F88D00B3F8481083
:10D9400000F00700B3F842401B2A38BF1B2204280E
:10D9500014BF4FF4A4704FF42960A14228BF2146A0
:10D96000814238BF0146B3F852E0B3F84EC08E454D
:10D970000DD09445A3F8521001D0A3F84E2093F88F
:10D98000E920012042F0020283F8E92010BD94450D
:10D99000F3D1002010BD00BF10B5B0F84620818F34
:10D9A00003468A4228BF0A4690F88C00B3F84A1012
:10D9B00000F00700B3F840401B2A38BF1B220428A0
:10D9C00014BF4FF4A4704FF42960A14228BF214630
:10D9D000814238BF0146B3F850E0B3F84CC08E45E1
:10D9E00014D06245A3F8501001D0A3F84C204FF09A
:10D9F000010C604693F8E910C1F3400242EA0C02C0
:10DA000021F003010A4383F8E92010BD6245ECD1FF
:10DA100093F8E910002001F0010CEDE740F648030F
:10DA20009A4228BF1A46FB2928BFFB21B2F5A47FE2
:10DA3000944638BF4FF4A47CA0F85420A0F85610A8
:10DA4000A0F842308187A0F840C0704770B540F61A
:10DA500048042F4B2F4D1B88B5F800E0A34228BF88
:10DA60002346BEF1FB0F28BF4FF0FB0EB3F5A47F9A
:10DA7000A0F8543038BF4FF4A4730022A0F840300F
:10DA800090F88D304FF01B0C03F00703042BA0F827
:10DA900056E0A0F83CE014BF4FF4A47E4FF4296E8A
:10DAA000C2640265A0F8582001F0030202F12803C5
:10DAB000A0F84EC0DB00C1F3400C02F5847190F871
:10DAC000E92023FA0CF3734542F0020280F8E920C2
:10DAD0004FF0FB069AB24FF01B1538BF7346C900D2
:10DAE000044621FA0CF1A0F84820A0F84A20A0F83A
:10DAF0005230C6874564A0F84210FFF74DFF01225F
:10DB000094F8E93084F85820134384F8E93070BD64
:10DB1000F88A0020FA8A002030B5B0F85A2003466F
:10DB2000B0F85C00342A38BF34224FF0000C34289F
:10DB300038BF342093F88C1062F30F0C01F0070506
:10DB400093F85E4093F88D1060F31F4C01F0070EC0
:10DB5000C3F882C0B3F86010A3F85C00A3F85A20A1
:10DB600004B951B311F0080083F88640A3F8881077
:10DB700025D0588C5A84801A18BF012011F0010F4B
:10DB800017D093F937C001F00201BCF1000F26DB7A
:10DB900014EA0E0F38D171B12C420CD0998B9142FE
:10DBA00075D09A83002283F85E20A3F860200120BC
:10DBB00030BD89073DD40028F4D1002030BD11F0DC
:10DBC000010CDED18907F8D593F93710002948DB1D
:10DBD0002C42F2D0998B9142E3D19A83EDE72C420B
:10DBE0003AD09D8B9A83954236D00029DAD014EA38
:10DBF0000E0FD7D0D88B962A114638BF9621904267
:10DC000025D1DA831984CDE7B3F81EE0962A94462D
:10DC100038BF4FF0960C964530D0002062F30F00CD
:10DC20006CF31F40C3F81E000029BBD02C42B9D0B2
:10DC3000B7E793F937100029AEDA14EA0E0FBAD01D
:10DC4000DC8B962A114638BF962194421AD042EABC
:10DC50000142C3F81E20A5E70029EED10028ACD070
:10DC6000A0E714EA0E0FA8D0D88B962A114638BF29
:10DC700096219042EBD1DA8319849EE7A3F820C065
:10DC8000DA8388E7DA831984002896D08AE79A83B2
:10DC9000002892D086E700BF80F85E30A0F85A10C6
:10DCA000C38B818BBDF800C08B4238BF0B469342BB
:10DCB00038BF1346A0F860C0A0F85C30704700BFC2
:10DCC00070B5034607224FF0961496214FF0030ECD
:10DCD0004FF00B0C0E4D0F4EA3F888E0A3F878C060
:10DCE000DC615984C3F85A60C3F88240C3F86240CB
:10DCF00083F8862083F866209D66A3F86C1083F86D
:10DD00006E201D67A3F8741083F87620002070BD84
:10DD10000B0096003400980008B50022D0E92401D9
:10DD2000FAF71EFCB0FA80F0400908BD10B40024D8
:10DD30008A690B468C61E2B103211171818C02F179
:10DD40001C04D18093F8201039B91B7A052B0CD014
:10DD5000062B06D000DE10BC7047204610BC02F037
:10DD6000B5BC1A23137110BC7047204610BC02F0DA
:10DD70008FBC00DEE0E700BFF8B50D46044600F1B9
:10DD8000A706334600223B3105F12B0008F0DCFFEB
:10DD9000D4F8A77000220026C4F8C8700027D4F871
:10DDA000B330D4F8AF10C4F8D430D4F8C430D4F8B9
:10DDB000AB00C4F8E53094F8E030C4F8D01043F07C
:10DDC000010384F8E03094F8BF30D4F8C01062F357
:10DDD0000003C4E93667C4F8CC00C4F8E11020465B
:10DDE000294684F8B72084F8B82084F8B92084F84C
:10DDF000BA2084F8BB2084F8BC2084F8BD2084F8C5
:10DE0000BE2084F8BF3001F02BF80646B8B1301DB3
:10DE100002F03EFCF37931466B73204601F036F890
:10DE2000204602F099F940F206636B8194F8A6301F
:10DE300023F0180343F0180384F8A630F8BD00DE81
:10DE4000E5E700BF70B50C46897A054682B00A291D
:10DE500000F23F81DFE801F00A1D2225799F485832
:10DE6000676A0600002A66D002B070BD002AFBD1A6
:10DE7000237A0121062B28464AD001F00BF82146CF
:10DE8000284600F0E5FF002840F0C4800223A3727A
:10DE9000EAE7002AE8D101212846EEE7002AE3D18B
:10DEA000EDE7012A00F0A180042ADDD101212846F6
:10DEB000009301F003F8009BDA780D2A00F0F78058
:10DEC000112A00F0FE8000DE1F2384F8203028464F
:10DED00003F088FD21462846FFF728FF284602F078
:10DEE000EFF90023A372BFE7032ABDD10026012169
:10DEF000284600F0E3FF2846FFF738FB284684F861
:10DF0000206003F06FFD3CE0002AADD101212846DE
:10DF100000F0C0FF2146284600F09AFF002845D1B6
:10DF20000823A372A0E7002A9ED1F3E7062A9BD11B
:10DF30002846FFF713FB2146284600F089FF0028FA
:10DF400040F091800A23A3728EE7022A26D0042A89
:10DF50008AD101212846009300F0B0FF2846FFF740
:10DF600005FB009BDA780D2A00F09980112A00F059
:10DF7000A68000DE1F23284684F8203003F032FDFF
:10DF80000026214628462673FFF7D0FE284602F0D9
:10DF900097F9A67268E7002A7FF466AF2146284603
:10DFA00000F056FFD0B90523A3725DE7214628464D
:10DFB00000F056FF0646002800F08780301D02F072
:10DFC00071FBF37931466373284600F05FFF284602
:10DFD00002F0C2F840F60933638145E7214628463E
:10DFE00002B0BDE87040FFF7C7BE2846CDE9002368
:10DFF000FFF7B4FA40F20451019B009A5E689868FA
:10E00000C4F84360C4F84700DB68C5F8C430227325
:10E01000618129E72146284600F022FF06460028B4
:10E0200051D02046311D02F00FFBF3793146637366
:10E03000284600F02BFF284602F08EF840F20343FA
:10E040002846D6F81620D6F81210C4F83F20C4F897
:10E050003B10D6F81A20C5F8C020638102B0BDE895
:10E06000704003F0BBBC2146284600F0F9FE06468E
:10E0700068B3301D02F020FBF37931466373284604
:10E0800000F004FF284602F067F84FF60173638141
:10E0900095F8A63023F0180385F8A630E4E61B793E
:10E0A000062B3FF468AF1A2B3FF465AF62E71B798C
:10E0B000062B3FF40AAF1A2B3FF407AF04E75B7956
:10E0C000EEE75B79F4E700DEABE700DE76E700DE43
:10E0D000CFE700DEC8E600BF92F81FC002F11C03C4
:10E0E000ACF104020D2A08D8DFE802F00E1417077D
:10E0F00007070711070B0707070B3D2380F86C3153
:10E1000070470422FFF79EBE0122FFF79BBE062246
:10E11000FFF798BE0222FFF795BE0322FFF792BEDB
:10E1200013460022FFF78EBEF0B50E4683B00DF108
:10E13000060201A90446B0F85050B0F85270FFF73B
:10E1400065FB96F82D2012BB96F82C30002B5BD186
:10E15000B4F85030AB420ED3BDF806209A420AD331
:10E16000B4F85230BB4206D3BDF804209A4202D321
:10E17000002003B0F0BD012094F8E930A4F850501D
:10E180000343A4F8527084F8E93003B0F0BD94F969
:10E190003700002802DB96F82C30EBB194F88C1095
:10E1A00094F84C5001F003032B440D33DB00C1F312
:10E1B0004001CB409BB2B3F5A47F38BF4FF4A473AA
:10E1C000BDF806509D4228BF1D4612B3002803DA51
:10E1D00096F82C30002BBBD094F88D2094F84E107C
:10E1E00002F003030B440D33DB00C2F34002D340C3
:10E1F0009BB2B3F5A47F38BF4FF4A473BDF804708D
:10E200009F4228BF1F46A3E794F937000028C5DACC
:10E21000E2E796F82C30002B9AD0002898DADBE75A
:10E2200010B500230C468969A36131B394F82130FD
:10E23000DB071DD50B792E2B1DD11D230B71838C74
:10E24000CB8094F828300B7790F88D30C3F302031D
:10E250008B7790F88C30C3F302034B770868FCF798
:10E2600075F894F8213023F0010384F8213010BDB3
:10E2700001230B71F2E700DEDFE700DED6E700BF27
:10E2800038B591F821300C469B074D6A03D4BDB1D7
:10E2900001232B7108E0A5B103232B71838C05F1B9
:10E2A0001C01EB8002F0A2FB29462868FCF74EF81F
:10E2B000002294F82130626223F0020384F82130B6
:10E2C00038BD00DEE8E700BF91F8202030B59407A4
:10E2D00042D402F0070313F0010537D1A3F1040380
:10E2E000B3FA83F35B094FEA830E754691F8203049
:10E2F00065F3020381F82030C3F3C202DB062ED49B
:10E3000012F0010425D1A2F10402B2FA82F25209FC
:10E310004FEA820C644691F8203064F3C50381F81B
:10E32000203090F88C3003F00703AB4208BF4FF069
:10E33000000E81F82CE090F88D3003F00703A34223
:10E3400008BF4FF0000C81F82DC030BD4FF0010E1A
:10E35000CCE74FF0010CDEE70225AE46C6E702240B
:10E36000A446D8E7F8B5CB690C460646002B67D023
:10E37000637B162B2FD196F93730002B2BDB002334
:10E38000E569E36165612F1D94F8203096F8A421BA
:10E39000C3F3C20363F3C50286F8A42194F82020D6
:10E3A00096F8A431394662F3020386F8A43194F852
:10E3B000203096F88C20C3F3801363F3C302204609
:10E3C00086F88C2002F0A8F90221304600F062FDA8
:10E3D0000223A37215E000F04FFD10B90723A372CA
:10E3E000F8BD00F051FD606260B30022637BE56917
:10E3F000162B656105F10407E261C5D0182B09D021
:10E4000000DE3046294600F041FD3046BDE8F840C8
:10E4100001F0A2BE21463046FFF756FFA38D43B957
:10E4200063853946204602F09BF94FF605736381F8
:10E43000E7E7FFF7ABF8338D063303449BB2EFE712
:10E4400000DE95E700DED0E738B505460C4601F062
:10E450007BFE10B10423A37238BD2146284600F08C
:10E46000F7FC0028F6D005F1EC0000F009FC0028CC
:10E47000F0D12846FFF750FC0028EBD018232146A6
:10E480006373284600F0ECFC0346E361214628460E
:10E49000BDE83840FFF766BF38B505460C4601F0C9
:10E4A00053FE10B10123A37238BD284603F084FA4D
:10E4B0000028F7D12146284600F0CAFC0028F1D0F8
:10E4C000284603F077FA0728ECD02846012103F00C
:10E4D0006BFA28460D2103F06BFA1623214663736D
:10E4E000284600F0BDFC0346E36121462846BDE80E
:10E4F0003840FFF737BF00BF90F88C3010B403F0FE
:10E500000702042A0CBF0222C3F3020290F88D30E6
:10E5100018BF02F1FF3203F0070118BFD2B200EBBF
:10E52000C202042918BFC3F30203B2F8681016BF71
:10E5300003F1FF330223DBB201F00204C9071DD54A
:10E5400090F93710002914DB002C39D0B2F8622082
:10E550000C33A0F88220828300EBC3021289D1071A
:10E5600019D4910703D590F93720002A13DB10BC8A
:10E570007047B2F86210A0F8821081839CB190F9C4
:10E5800037100029E2DA0C3300EBC3021289D107FD
:10E59000E7D59207EBD500EBC3035B8810BCA0F86E
:10E5A0008230C38370470C3300EBC3021289D40757
:10E5B000D7D590F937100029EDDA9207EBD4D6E7DA
:10E5C0000C3300EBC3021289D407E4D4C9E700BFBF
:10E5D000F0B50C46897A054683B0092900F2DD8042
:10E5E000DFE801F005051E295059DB79820A002A6F
:10E5F00000F0CC8003B0F0BD042AFBD121462846B0
:10E60000FFF70EFE21462846FFF73AFE284601F0A6
:10E6100057FE0021284603F0CBF90023A372E9E757
:10E62000032AE7D195F83730DB0940F0B68041F294
:10E6300003736381DEE7012A00F0B280062AD9D194
:10E640000021284603F0B0F9D5F84831204623F4DC
:10E650008073C5F8483100F03DFC1A2294F821304F
:10E6600084F8282043F0010384F8213095F88C20A9
:10E670000926134662F3061385F88C3002212846DA
:10E68000A67223E0002AB5D12146284603B0BDE892
:10E69000F040FFF7D9BE032AACD195F93730002BF3
:10E6A000C0F2E380A68D002E00F0B28094F82C30EA
:10E6B0002BB195F88C2063F3061285F88C20284640
:10E6C00001F054FD082302212846A37203B0BDE8DF
:10E6D000F04000F0F3BB002A8CD12146284603B05D
:10E6E000BDE8F040FFF73EBE002A83D12846FEF782
:10E6F00045FF638DC01A03043FF57CAF95F93730B1
:10E70000002BC0F2A78094F82D2095F88D0012F010
:10E71000030294F82C3095F88C1000F007061CBF0B
:10E7200062F3020085F88D0013F0030301F0070186
:10E7300040F0868095F88D3003F007039E4200F08C
:10E74000898021462846FFF7EFFC024694F82130E5
:10E75000284662F3410384F82130FFF7CDFE002103
:10E7600003F022F90022012384F8282094F82120C4
:10E77000092163F3000284F8212095F88C201346C8
:10E7800062F3061385F88C30A17233E721462846E0
:10E7900003B0BDE8F040FFF77FBE00DE03B0F0BD80
:10E7A00002212846019303F0FFF8019B94F82020F2
:10E7B0001946204602F00707C2F3C20601F0E4FF43
:10E7C0000221284600F066FB94F820301946C3F376
:10E7D000C20306EA030262F3C5010B460F4067F36A
:10E7E000020384F8203095F93730002B0CDB94F8C5
:10E7F000203013F0380F01D05A0705D194F820309B
:10E8000023F03F0384F82030204600F063FB3BE711
:10E810003146284603F0C8F894F8202094F82110D7
:10E82000D20962F3000184F8286084F8211095F879
:10E830008C1009230A4661F3061285F88C2042E702
:10E8400095F88C20994263F3020285F88C207FF4BE
:10E8500078AF6FE70021284603F0A6F8002294F86D
:10E86000203084F82820DB0980E700DE1AE700BFAB
:10E8700070B5CB690C460546D3B100F0FDFA10B96E
:10E880000723A37270BD00F0FFFA606208B3002294
:10E89000637BE669182B6661E2610BD000DE2846D7
:10E8A000314600F0F3FA2846BDE8704003F09EB808
:10E8B00000DEE2E721462846FFF706FDA38D53B9A7
:10E8C00063852046311D01F04BFF4FF605736381D0
:10E8D000E5E700DEDBE7FEF759FE2B8D0633034448
:10E8E0009BB2EDE738B505460C4603F06FF810B162
:10E8F0000423A37238BD2146284600F0A9FA002857
:10E90000F6D0284603F056F80728F1D005F1EC00C0
:10E9100000F0B6F90028EBD12846FFF7FDF90028F2
:10E92000E6D028460D2103F043F8182321466373EF
:10E93000284600F095FA0346E36121462846BDE8E3
:10E940003840FFF795BF00BF70B50C46897A064680
:10E950001546092906D8DFE801F0070C0505464DE4
:10E96000056970B900DE70BD002DFCD10123A372D2
:10E9700070BD1946204601F0E5FE94F8202096F877
:10E98000A431C2F3C200C3F3C2010140C2F30200CA
:10E99000034043EAC10322F03F02134384F82030CE
:10E9A00096F93730002B0BDB94F8203013F0380F3A
:10E9B00040F0A08094F8203023F03F0384F820300A
:10E9C0000221304600F066FA012DCCD196F837309E
:10E9D000DB09C7D1204600F07DFA21463046BDE86C
:10E9E0007040FFF77FBF002DBDD12146BDE87040CC
:10E9F000FFF778BF022DB6D190F93730002BC0F267
:10EA00009180A38D002B00F0828094F82C302BB1E4
:10EA100096F88C2063F3061286F88C200823A372E4
:10EA20003046BDE87040022100F048BA002D9AD16E
:10EA30002146BDE87040FFF71BBF002D93D1FEF7C4
:10EA40009DFD638DC01A03048DD484F8285096F977
:10EA50003730002B64DB94F82D2096F88D0012F0EF
:10EA6000030294F82C3096F88C1000F007051CBFB8
:10EA700062F3020086F88D0013F0030301F0070132
:10EA80003CD196F88D3003F007039D4248D02146D3
:10EA90003046FFF749FB024694F82130304662F3D6
:10EAA000410384F82130FFF727FD012294F821303B
:10EAB000092162F3000384F8213096F88C20134674
:10EAC00062F3061386F88C30A17270BD042D7FF4BA
:10EAD0004AAF2146FFF7A4FB21463046FFF7D0FBA3
:10EAE000304603F0EBF80021304602F061FF0023CE
:10EAF000A37270BD5A077FF463AF5BE796F88C2072
:10EB0000994263F3020286F88C20C0D1B9E796F8E7
:10EB10008C1009230A4661F3061286F88C207EE7E2
:10EB20000022C3E700DE6CE710B592F81FE002F1A7
:10EB30001C03BEF1110F13D0BEF1170F0BD0BEF1A5
:10EB4000070F12D0242380F86C310C4601F0B8FB7B
:10EB50000023A37210BD0122BDE81040FFF738BDAD
:10EB60000522BDE81040FFF733BD0622BDE8104086
:10EB7000FFF72EBD13460022FFF72ABD13460322DE
:10EB8000FFF726BD38B58B7A082B03D8062B00D1AA
:10EB900000DE38BD092BFBD105460C46FFF740FBD4
:10EBA00021462846FFF76CFB284601F089FB00212F
:10EBB000284602F0FDFE0023A37238BD92F81FC064
:10EBC0001346BCF1160F09D0242310B580F86C3120
:10EBD0000C4603F073F80023A37210BD01221C330E
:10EBE000FFF7B2BE13460022FFF7AEBE1346022265
:10EBF000FFF7AABE00230422FFF7A6BE0023C0E948
:10EC00000133C0E903330370704700BF0378013359
:10EC10000370704703785BB9C3687BB102691AB1AE
:10EC2000816861B10B6082600023C0E903337047E3
:10EC3000013BDBB20370002BEED07047704743609E
:10EC4000F1E700BF03783BB100230C300B60436851
:10EC500043B1196041607047002304300B60436882
:10EC6000002BF6D1C0E90011704700BF00230B60F4
:10EC7000836813B1196081607047C0E90111704762
:10EC8000406870470346406828B199680268884226
:10EC90005A6008BF9A6070474078A0F10200B0FA4D
:10ECA00080F04009704700BF4078A0F10D00B0FA35
:10ECB00080F04009704700BF4078A0F10100B0FA31
:10ECC00080F04009704700BF4078A0F10900B0FA19
:10ECD00080F04009704700BF4078A0F10600B0FA0C
:10ECE00080F04009704700BF4078A0F11800B0FAEA
:10ECF00080F04009704700BF4078A0F10300B0FAEF
:10ED000080F04009704700BF4078A0F10800B0FAD9
:10ED100080F04009704700BF4078A0F10500B0FACC
:10ED200080F04009704700BFF8B5064608460D461A
:10ED3000F9F7B2FB044680B10027456006722C2229
:10ED40003946C4E90577203012F016FF4FF47F43AF
:10ED5000FF22A77363816272A3812046F8BD00BFC2
:10ED60004078A0F10200B0FA80F04009704700BF7F
:10ED70004078A0F10200B0FA80F04009704700BF6F
:10ED80004078A0F10200B0FA80F04009704700BF5F
:10ED90004078A0F10100B0FA80F04009704700BF50
:10EDA0004078A0F10100B0FA80F04009704700BF40
:10EDB0004078A0F10100B0FA80F04009704700BF30
:10EDC0004078A0F10900B0FA80F04009704700BF18
:10EDD0004078A0F10900B0FA80F04009704700BF08
:10EDE0004078A0F10900B0FA80F04009704700BFF8
:10EDF0004078A0F10600B0FA80F04009704700BFEB
:10EE00004078A0F11800B0FA80F04009704700BFC8
:10EE10004078A0F10300B0FA80F04009704700BFCD
:10EE20004078A0F10300B0FA80F04009704700BFBD
:10EE30004078A0F10300B0FA80F04009704700BFAD
:10EE4000416809B1F9F73CBB00DE4168F9F738BB0E
:10EE5000024B1868003818BF01207047C804002012
:10EE600010B50448F9F718FB04460430FEF774FBAC
:10EE7000204610BDC804002008B50120FBF77AFA2F
:10EE8000003818BF012008BDFBF78EBAEC30FFF741
:10EE9000EDBE00BF38B590F85E3105460C461BB19B
:10EEA0001C4385F85E4138BDEC30FFF7AFFE95F8A6
:10EEB0005E311C4385F85E4138BD00BF90F85E317D
:10EEC00023EA010180F85E1101B17047EC30FFF7D1
:10EED000A1BE00BF836943B11A792E2A04D02E2225
:10EEE0001A71836902691A60704700DE8369F3E76B
:10EEF00083694BB11A792E2A00D0704701221A710A
:10EF000081690868FBF722BA00DE8369F2E700BF77
:10EF10008B6913B11A792E2A0BD00B7A072B16D0D6
:10EF2000CB692BB1D0F864211A60CB69C0F8643189
:10EF3000704701221B68D0F860C1C3F804C08B6918
:10EF40001A718B69C0F860310B7A072BE8D14B6AD4
:10EF5000002BE5D001221B68D0F860C1C3F804C0C3
:10EF60004B6A1A714B6AC0F86031D9E770B5054633
:10EF70000C48F9F791FA044688B10026094B05724E
:10EF800043602C223146C4E90566203012F0F4FDBE
:10EF90004FF47F43FF22A67363816272A3812046F0
:10EFA00070BD00BFB804002010B50A4B022258689B
:10EFB0005021F9F74DFA084B012258685021F9F712
:10EFC00047FABDE81040054B04222C215868F9F798
:10EFD0003FBA00BFC0040020B8040020C8040020CD
:10EFE00038B50446002501F03FF92046C4E94055F4
:10EFF00084F80C5102F044FEC4F83051C4E9445581
:10F0000084F81E51A4F81C51A4F82051C4F83351BF
:10F01000A4F85051C4F83851C4F83C51C4F84051D8
:10F02000C4F84451C4F84851C4F84C51FAF7D2FC22
:10F0300094F8A630C4E95201C4E9585523F01803E6
:10F0400084F8A63084F85E51258638BD084601490B
:10F05000F9F736BAC804002010B5B0F80A410346E3
:10F0600082B024B1A1420FD2641AA0F80A41B3F8C9
:10F070001A0120B1814210D2401AA3F81A010023CC
:10F080001846137002B010BD019201F001F8019A08
:10F09000034658B1197A0A2903D022236FF073006E
:10F0A000EFE76FF0730093F82030EAE700DEF1E756
:10F0B000034B0B44B3FBF1F3A0F82031704700BFC2
:10F0C000FF59620210B5044602F0E2FD2046BDE899
:10F0D000104001F0D1B800BF10B5044649B1012974
:10F0E00000D010BD02F01EFE2046BDE8104001F029
:10F0F00019B902F003FE2046BDE8104001F004B942
:10F1000038B5D0F86041054634B1206821464468DE
:10F11000FBF710F9002CF8D10023D5F86441C5F8AD
:10F12000603134B1204624680449F9F7C9F9002C4C
:10F13000F8D10023C5F8643138BD00BFC8040020F1
:10F1400010B5074904460120FFF7EEFD28B101463E
:10F15000204600F06DFF002010BD0C2010BD00BF48
:10F16000C004002038B504460D4602200849FFF7C8
:10F17000DBFD58B1014690F82030204665F30003CE
:10F1800081F8203000F054FF002038BD0C2038BD3D
:10F19000C004002010B5074904460420FFF7C4FD51
:10F1A00028B10146204600F043FF002010BD0C208E
:10F1B00010BD00BFC0040020F8B51C4690F93730E0
:10F1C000002B25DB05460F46052012491646FFF7A2
:10F1D000ABFD0146E0B13A687B68C1F82120C1F877
:10F1E00025303378284681F82930737881F82A3021
:10F1F00026686568A268E368C1F82B60C1F82F50E3
:10F20000C1F83320C1F8373000F012FF0020F8BDFC
:10F210000C20F8BDC0040020F8B51C4690F937302A
:10F22000002B25DB05460F46062012491646FFF740
:10F230007BFD0146E0B13A687B68C1F82120C1F846
:10F2400025303378284681F82930737881F82A30C0
:10F2500026686568A268E368C1F82B60C1F82F5082
:10F26000C1F83320C1F8373000F0E2FE0020F8BDCD
:10F270000C20F8BDC00400202DE9F0410546884669
:10F280000720104917461C469DF81860FFF74CFDF3
:10F29000A8B10146E30008F0070803F03803BF01F6
:10F2A00043EA080307F040073B4343EAC6132846F6
:10F2B00081F8203000F0BCFE0020BDE8F0810C2079
:10F2C000BDE8F081C004002038B504460D4601F0C9
:10F2D0006DF8204602F0AEFD0A200749FFF724FD35
:10F2E00038B10146204681F8205000F0A1FE0020F0
:10F2F00038BD0C2038BD00BFC004002038B590F9DF
:10F300003730002B12DB04460D460B200849FFF76F
:10F310000BFD014650B12B68C0F822302B792046F6
:10F3200081F8263000F084FE002038BD0C2038BD66
:10F33000C004002008B590F93730002B08DB00F03E
:10F34000A7FE20B1037A0B2B14BF0020223008BD8A
:10F3500002F038FBF5E700BFF8B5D0F848319B065E
:10F3600001D40020F8BD04460D460C20084916467D
:10F37000FFF7DAFC074648B1294620463246FEF739
:10F380004DFB3946204600F053FEEAE70C20F8BD5D
:10F39000C00400202DE9F043914283B0BDF82890CD
:10F3A00021D81F4642F210739A4214461BD80D46CC
:10F3B000064610491220FFF7B7FC8046B8B13B461D
:10F3C000224629463046CDF80090FEF765FCF38BC7
:10F3D0003046AB42414688BFF58300F029FE00204D
:10F3E00003B0BDE8F083122003B0BDE8F0830C2029
:10F3F000F6E700BFC00400202DE9F0410C46154699
:10F400001E46BDF81870FDF799FA38B133462A4602
:10F4100021460697BDE8F041FFF7BCBF0220BDE8DA
:10F42000F08100BF2DE9F0410446D0F848011D46A7
:10F4300083070F469046BDF8186016D494F937300C
:10F44000002B1DDB23490820FFF76EFC0146002935
:10F4500034D00B7A082B0ED0092B14D000DE2046B6
:10F4600000F0E6FD0020BDE8F0811A490920FFF711
:10F470005BFC0146EBE7A1F828804D858E85EEE721
:10F480001A20BDE8F081079BCF84A1F828804D8524
:10F490008E85ABB11B880B87079B5B884B87079BCF
:10F4A0009B888B87079BDB88CB87079B1B89A1F8F1
:10F4B0004030079B5B89A1F84230D0E70C20D2E7AF
:10F4C0004FF0FF3204484FF6FF73C1E90E02A1F876
:10F4D0004020F0E7C00400200000FFFF08B502F064
:10F4E00071FA28B1007AA0F10C00B0FA80F040095E
:10F4F00008BD00BF08B502F065FA28B1007AA0F196
:10F500001200B0FA80F0400908BD00BF10B50446F3
:10F5100002F058FA10B1037A092B00D010BD014651
:10F520002046BDE8104002F013B900BF38B50546CB
:10F530000C4602F047FA18B1027A0146092A00D0B7
:10F5400038BD81F820402846BDE8384002F004B9B3
:10F5500008B502F037FA28B1007AA0F10900B0FA34
:10F5600080F0400908BD00BF38B505460C4600F0E4
:10F570008FFD10B14369A3420ED0284602F022FA53
:10F5800010B14369A34200D038BD22460146284647
:10F59000BDE8384002F03CBB01462246284600F058
:10F5A0002DFEEAE710B5044600F072FD18B10146E1
:10F5B000204600F047FE204602F004FA014620B142
:10F5C0002046BDE8104002F049BB10BD2DE9F041D6
:10F5D000537F144606460D46002B3AD0D37F3C2B72
:10F5E00024D9304600F054FD0746304602F0EAF9CF
:10F5F0000146002F68D0FA7AE37F002843D0934277
:10F60000C07A52D03A7B002A4FD1072B65D0112BFC
:10F6100074D00D2B40F086800D2802D00B7B002B80
:10F620003BD01F2386F86C31BDE8F081474A52F881
:10F63000232022B104F11C00904760B1E37F022B2C
:10F64000CFD10123224629463046BDE8F04102F0E1
:10F6500085BBFF23D377304600F01AFD30B1E27F3F
:10F66000C37A9A42E0D0037B002BDDD1304602F012
:10F67000A9F9002840D0E27FC37A9A42D4D0037B14
:10F68000002BD1D1DEE7934207D03A7B2AB9072B72
:10F690003CD0112B3AD00D2BD3D123462A463946E4
:10F6A0003046BDE8F04100F065BD8342B9D00A7B29
:10F6B000002AB6D1072B2FD0112BEED14B7B94F81B
:10F6C00020209A42E9D1ACE70028BAD023462A4646
:10F6D0003046BDE8F04102F031BA94F820307A7B30
:10F6E0009A4225D00728F1D00A7B002AEED14A7B26
:10F6F0009A42EBD0242395E70346A3E794F8203001
:10F700007A7B9A421FD01128EED1DFE77A7B94F8FA
:10F7100020309A4295D1C0E74A7B94F820309A4233
:10F72000BBD17EE78342D1D00B7B002BCED1E1E76A
:10F7300007283FF476AF0B7B002B7FF472AF4B7B37
:10F740009342AAD16DE71128F5D16AE7842E020011
:10F75000F8B500278D690C4606468F61002D37D01D
:10F76000012703232B71B38C05F11C01EB80237A55
:10F77000023B102B0DD8DFE803F01A0C090C0C0C1F
:10F780000C0C0C0C230C0C0C0C0C0F00637A0C2BC7
:10F7900026D000DE2FB1F8BD304601F0BDF9002FB4
:10F7A000F9D129462868BDE8F840FAF7CFBD637A59
:10F7B000072B09D0092BECD1304600F087FEE9E792
:10F7C000304601F013F9E5E7204600F033FEE1E7AB
:10F7D000FFF75AFB05460028C3D100DE0071FFDEAB
:10F7E000304600F00BFFD5E738B500258C690B4695
:10F7F0008D617CB321792E292AD13AB90123237155
:10F8000021462068BDE83840FAF7A0BD03222271E6
:10F81000828C04F11C01E2801B7A0C2B10D0122B7D
:10F8200006D000DE21462068BDE83840FAF78EBDDC
:10F8300001F072F921462068BDE83840FAF786BD2C
:10F8400001F0D4F821462068BDE83840FAF77EBDC3
:10F8500000DED2E700DECDE770B505460E46FFF7C5
:10F86000FFFA0446002857D0337A211D013B112BA3
:10F870000AD8DFE803F0181E092409090909092A32
:10F88000093109090909093700DEE3792146737353
:10F890002846FFF7FBFA337A0A2B29D02846BDE821
:10F8A000704000F059BC084600F09EFD1323F3722F
:10F8B000EBE7284600F0CCFD0923F372E5E70846A4
:10F8C00000F08AFE0C23F372DFE7304600F074FE8E
:10F8D000FF237461F372D8E7284601F05BF8152323
:10F8E000F372D2E7284601F0E9F83C23F372CCE743
:10F8F00040F2E24442F21072EB8CB5F89A1104FB2C
:10F9000003F302FB01310139B1FBF3F12846BDE8F5
:10F91000704089B200F026BC00DEA5E72DE9F04179
:10F9200007460C46164602F051F828B1032300257D
:10F93000A3722846BDE8F08121463846FFF788FAD1
:10F9400005460028F2D021463846FFF789FA80465E
:10F95000002856D0237A08F10400013B112B0AD865
:10F96000DFE803F01E23092A090909090909092FFB
:10F9700009090909093800DE98F807304146637320
:10F980003846FFF783FA384602F030F80423A372B2
:10F99000002ECED0384602F091F90023A372C8E7BA
:10F9A00000F02CFDFF23E372E6E70146384600F045
:10F9B0006BFDFF23E372DFE700F00EFEFF23E3722F
:10F9C000DAE70146384600F0FBFFFF23C4F8148055
:10F9D000E372D1E797F85E305B070DD4B7F860307B
:10F9E00003F0180343B90146384601F07FF8FF23BE
:10F9F000C4F81480E372BFE711223B2100F072FECD
:10FA0000F5E700DEA6E700BF20B50B7A0546013B0F
:10FA100082B0112B18D8DFE803F010101A23171743
:10FA20001717173017091717171717090022284635
:10FA300002B0BDE82040FFF771BF0122284602B0A6
:10FA4000BDE82040FFF76ABF00DE02B020BD2846B7
:10FA5000019102F033F9002301998B7202B020BDAD
:10FA600090F83031002BF2D10122FFF757FF002828
:10FA7000EBD0012385F83031E7E790F93730002BE0
:10FA8000E3DB02238B72E0E738B50B7A0C46013BCF
:10FA90000546112B0AD8DFE803F00B1909230909E1
:10FAA00009090953093309090909094D00DE38BD5F
:10FAB0004B7A072B1ED0132B1CD02423284685F805
:10FAC0006C3100F0FDFB0023A37238BD4B7A072B8D
:10FAD00001D0092BF1D194F82030DB070AD505E0DD
:10FAE0004B7A0C2BE9D18B69002B3DD0214628465F
:10FAF000FFF72EFE284600F0E3FB0023A37238BD7B
:10FB00004B7A152B24D0072BD7D1D0F8483123F0CE
:10FB10002003C0F8483100F0D3FB00232846A3722D
:10FB2000FFF7DCFC0028C2D12846BDE8384004219C
:10FB3000FFF7C4B94B7A3C2B11D0072BBDD1D9E7C5
:10FB400000F0BEFB00221623A27285F86C3138BD8E
:10FB5000FDF76CFE90B9284600F0B2FBDDE7FDF73B
:10FB6000DBFF0028C6D0C1E7FFF786F90028BDD12A
:10FB7000284600F0F1FA0423A37238BD2146284636
:10FB8000FFF7E6FDE7E700BF70B50E7A0C46731E7F
:10FB90000546112B0AD8DFE803F00B1209260909E4
:10FBA00009090942095009090909095D00DE70BD0A
:10FBB00000F0CAFA00287BD00123A37270BD00F0C8
:10FBC000C3FA0028F8D121462846FFF741F900285A
:10FBD000F2D021462846FFF73FFE6369002B08BF9D
:10FBE0000326A67270BD90F83031002B48D100F08A
:10FBF000ABFA0028E0D121462846FFF729F9002872
:10FC0000DAD021462846FFF727FE62690123002A41
:10FC10000CBF03220222A27285F8303170BDFFF7BB
:10FC200017F90028C8D021462846FFF715FE1622EE
:10FC3000022384F82020A37270BDD0F848319B06BF
:10FC400002D5FFF74BFC18B3284600F039FB002320
:10FC5000A37270BDFFF74EFC0028F5D1284600F0D6
:10FC600073FA0028A8D121462846FFF7F1F80028AA
:10FC7000A2D021462846FFF7EFFD0323A37270BDF3
:10FC80000C2200234A728B61BDE87040FFF7FCBE76
:10FC9000284600F059FA00288ED121462846FFF761
:10FCA000D7F8002888D004212846FFF7F3F8E0E7CA
:10FCB00021462846FFF7CCF800283FF47DAF2146C7
:10FCC0002846FFF7C9FD6369002B0CBF03230223FD
:10FCD000A37270BD8A7A022A06D002D9033A012A99
:10FCE00000D8704700DE70470B7A0A2BF9D1FFF776
:10FCF000CBBE00BF38B58B7A032B05D001D9042BBE
:10FD000000D138BD00DE38BD0C460546D07F02F17B
:10FD10001C01831E60723A2B1FD8DFE803F01E1E01
:10FD20001E1E1E351E311E1E2D1F1E1E1E291E1FAD
:10FD30001E251E1E1E1F1E1E1E1E1E1E1E1E1E1EDB
:10FD40001E1E1E1E1E1E1E1E1E1E1E1E1E1E1E1ED3
:10FD50001E1E1E1E1E1E1E1E390000DE21462846C7
:10FD6000BDE83840FFF790BE284600F07FFEF5E77B
:10FD7000204600F0C9FCF1E7284600F055FCEDE70D
:10FD8000284600F0EBFBE9E7204600F04FFBE5E7F3
:10FD9000284600F00BFFE1E738B58B7A032B05D836
:10FDA000012B0AD8BDE83840FFF7EEBE042B03D183
:10FDB0000B7A0C46042B01D000DE38BD0546FFF758
:10FDC0005BF80028F9D021462846FFF7C1FC2846F9
:10FDD00000F076FA0023A37238BD00BF38B58B7AE5
:10FDE000012B06D002D9023B022B00D838BD00DE21
:10FDF00038BD0C46D37F0546022B02F11C0163720D
:10FE00004BD00C3BDAB22F2A2CD82F2B2AD8DFE884
:10FE100003F041293E29292923292E292929292B83
:10FE20002929292929292929292929292929292942
:10FE30002929292929292929292929292929292932
:10FE4000291800F07FFE2846FDF766FE034620468F
:10FE500084F82030FFF73EF821462846BDE83840B8
:10FE6000FFF7D2BD00DEF7E700F09EFBF4E700F0FD
:10FE7000D5FD04212846FFF70DF82846FDF754FD6F
:10FE80000346204684F82030FFF724F8E4E700F02A
:10FE90003BFBE1E700F0C8FBDEE7204600F098FB03
:10FEA00008212846FEF7F6FFD6E700BF70B58D7A29
:10FEB000032D00D870BD042D17D10B7A0C460C2BE6
:10FEC000064614D0122BF5D1FDF726FE214694F8F4
:10FED000203040EA0302D2B23046FFF785FC3046BC
:10FEE00001F0ECFE0023A37270BD00DE70BDFDF7D3
:10FEF00053FD94F82030294640EA0305EDB2304620
:10FF0000FEF7DCFF2A462146E6E700BF10B58B7AF4
:10FF10000C4682B0042B1ED8DFE803F01710031242
:10FF200010000B7A0A2B14D1019001F0C7FE0022B9
:10FF300094F820300198A27280F86C3102B010BDA4
:10FF400002B0BDE81040FFF75FBD01238B7202B025
:10FF500010BD00DEE8E700DEF0E700BF70B5044644
:10FF600006F0E6FD58B1D4F8005135B1D4F80421BB
:10FF70002B68AA42C4F8003121D0284670BD05463E
:10FF80000121032006F09CFD2A460646012103209C
:10FF9000F8F722FBD4F8005145B1D4F804212B68BE
:10FFA0009542C4F8003108BFC4F80431002EE4D0F3
:10FFB000012203201146F8F70FFB284670BDC4F854
:10FFC0000431284670BD00BFF8B506460C4606F061
:10FFD000AFFD68B1D6F80051AC421FD1A3690BBB8D
:10FFE0003046FFF7BBFF2046BDE8F840FEF728BFCC
:10FFF00005460121032006F063FD07462A4601213C
:020000021000EC
:100000000320F8F7E9FAD6F80051002FE4D00122D6
:1000100003201146F8F7E0FAAC42DFD000DEA36916
:10002000002BDDD01B792E2BDAD100DED8E700BF04
:10003000F8B505460C4606F07BFD40B10023236071
:10004000D5F80431F3B11C60C5F80441F8BD06468B
:100050000121032006F034FD01210746324603202A
:10006000F8F7BAFA2660D5F8043173B11C60C5F808
:100070000441002FEAD0BDE8F840012203201146D8
:10008000F8F7AABAC5E94044F8BDC5E94044F0E72D
:1000900070B5054606F04CFD18B1D5F80041204674
:1000A00070BD04460121032006F00AFD06462246E3
:1000B00001210320F8F790FAD5F80041002EEED088
:1000C000012203201146F8F787FA204670BD00BFD1
:1000D00038B50546FFF7DCFF037A0446013B112BD8
:1000E00018D8DFE803F00909090919192B1F1F099E
:1000F0002509171717171709014600222846FFF789
:100100004BFEA37B03B938BD21462846BDE83840E5
:10011000FFF75ABF00DEF4E7014600222846FDF74C
:10012000FFFFEEE701460022284601F0E3FAE8E788
:1001300001460022284601F01DFBE2E701460022AD
:100140002846FEF717FDDCE790F80C01A0F101004E
:10015000B0FA80F040097047B0F82031A0F80A31B9
:10016000704700BFA0F80A11704700BF0023A0F835
:100170000A31704738B50C4611461A46A369054640
:1001800013B3217A0139112921D8DFE801F00909D7
:10019000090922222C2727093109202020202009A3
:1001A00021462846FFF7A6FDA36923B11B792E2B14
:1001B0001CBF0023A361A37B03B938BD2146284699
:1001C000BDE83840FFF700BFA2612161D9E700DE3A
:1001D000EAE721462846FDF77FFFE5E72146284666
:1001E00001F03CFAE0E721462846FEF79DFCDBE7FC
:1001F0002146284601F0B4FAD6E700BF70B591F861
:1002000008C00C46BCF1120F054607D801230C4E5E
:1002100003FA0CF333420CD0FFF75CFD0022A37B02
:10022000626103B970BD21462846BDE87040FFF702
:10023000CBBEBCF1070FF1D1FEF7A0FCEEE700BF8B
:100240000814040038B50B7A0C46072B054608D075
:10025000A37B03B938BD21462846BDE83840FFF7E7
:10026000B3BEFEF78FFCF3E70222002380F80821DB
:10027000A0F80A31704700BF38B590F8083104463D
:10028000032B1BD8DFE803F002111011FFF700FF6A
:10029000034648B11D7A2046FFF71AFF0A2D14BF06
:1002A0000123032384F8083138BDFFF7F1FE00284D
:1002B000FAD02046BDE83840FFF70ABF00DE38BD5F
:1002C00010B590F808310446032B1BD8DFE803F083
:1002D0000D020C02FFF7DCFE90B100230122A4F80E
:1002E0000A31827384F8083110BDFFF7D1FE28B1BE
:1002F00000220123A4F80A21837310BD00DEF7E772
:1003000000DEEAE700DE10BD90F80831022B05D0D0
:1003100000D87047032BFCD000DE7047002380F824
:100320000831704738B590F808310446032B3AD8A5
:10033000DFE803F00926121320462946FEF7E8FD00
:100340002846FEF77DFD2046FFF708FE05460028FB
:10035000F2D1022384F8083138BDFFF7FFFD0546CE
:100360000028F6D029462046FEF7D2FD2846FEF7A3
:1003700067FD2046FFF7F2FD05460028F2D1E8E7C9
:10038000FFF7ECFD05460028E3D029462046FEF79E
:10039000BFFD2846FEF754FD2046FFF7DFFD05466A
:1003A0000028F2D1D5E700DE38BD00BF38B50546DC
:1003B000FFF7D4FD68B1044621462846FEF7A8FDA4
:1003C0002046FEF73DFD2846FFF7C8FD04460028FD
:1003D000F2D1002428462146A5F80A4101F0E4FAAA
:1003E00085F8084138BD00BF012112220378417011
:1003F00043F003030370C270704700BF0121132252
:100400000378417043F003030370C270704700BF6C
:100410004FF0020C07220B7881F801C043F0030370
:100420000B70CA7090F84C300B7170470B7980F8E4
:100430004C3070474FF0020C07220B7881F801C056
:1004400043F003030B70CA7090F84C300B71704787
:100450000822092010B50B78CA7043F003030B7013
:1004600048700C46F9F7B6FA0022606061F30702A3
:10047000C1F307200B0C60F30F2263F317421B0A32
:1004800063F31F62A26010BD38B50C460546F9F74C
:10049000A1FA09222378627043F00303E27023700B
:1004A000D5F84831217263F0FF031840030C1A0A93
:1004B000A3710B0CC0F307252071E271C1F3072073
:1004C0001A0A65716072A372E27238BD09220B7854
:1004D0004A7043F003030B70CA70D0E95023100C2C
:1004E000C2F3072C0A711A0C81F805C088714FEA13
:1004F000102C0B72C3F30720130A81F807C048724F
:100500008A72CB72704700BF2DE9F0414FF0405422
:1005100005464868104E430F83EA107303F0010349
:10052000A3FB04348A68064002F0EF0886EA03045D
:10053000F9F750FA0440012008EA010164F0FF02D3
:10054000C5E952413240C5F84481C5F8402185F8DB
:100550003801BDE8F08100BF2FCF87F74FF0405240
:100560002DE9F041054648680E4E430F83EA1073AB
:1005700003F00103A3FB02328968064001F0EF0794
:1005800086EA0304F9F726FAB846012304400F402F
:10059000C5E95247C5F84061C5F8448185F838314E
:1005A000BDE8F0812FCF87F70B7980F850314B7978
:1005B00080F85131704700BF02220B784A7043F037
:1005C00003030B70CA7090F820300B71704700BFA6
:1005D0000B7980F8203070474FF0060C40F60C5134
:1005E0000378054A43F0030380F801C00370A0F8C4
:1005F0000310C0F805207047F105FFFF4FF0060C0F
:100600000C220B7881F801C043F003030B70CA7011
:1006100090F832310B71B0F83331A1F80530B0F8F1
:100620003531A1F807307047012380F831310B795B
:1006300080F83231B1F80530A0F83331B1F8073025
:10064000A0F83531704700BF032210B517240B788E
:100650004C7013430B70CA70D0F82530D0F82120AD
:100660008B604A6090F8293001F10E040B7390F80A
:100670002A304B7306F05CFA0C2120B12046BDE80D
:10068000104003F0A1BB2046BDE8104003F092BB30
:10069000012106220378417043F003030370C27006
:1006A000704700BF01210A220378417043F0030321
:1006B0000370C270704700BF01210B2203784170A4
:1006C00043F003030370C270704700BF4FF0020C89
:1006D0000D22037880F801C043F003030370C27059
:1006E0000171704700B54FF0030E4FF0110C037805
:1006F00080F801E043EA0E03037080F803C0017143
:1007000042715DF804FB00BF0B7980F84D304B79E6
:1007100080F84E30704700BF4FF0030C16220B7864
:1007200081F801C043EA0C030B70CA7090F82030C6
:10073000C3F3C2034B7190F82030C3F302030B7173
:10074000704700BF0A7990F8203062F3C5031A465B
:1007500080F820304B7963F3020280F82020704744
:100760004FF0050C18220B7881F801C043F0030309
:100770000B70CA70438DCB8090F82C300B7190F8C1
:100780002D304B71704700BF0A7990F8203062F32A
:10079000C5031A4680F820304B7963F3020280F8D3
:1007A000202070474FF0180C0F220B7881F801C001
:1007B00043F003030B70CA70C38C8B80038DCB8016
:1007C000438D0B81838D4B8190F834300B73C38E36
:1007D000A1F80D30038FA1F80F30438FA1F811302D
:1007E000838FA1F81330C38FA1F81530B0F84030D3
:1007F000A1F81730B0F84230A1F81930704700BFA7
:100800004FF0180C10220B7881F801C043F003035D
:100810000B70CA70C38C8B80038DCB80438D0B8192
:10082000838D4B8190F834300B73C38EA1F80D305B
:10083000038FA1F80F30438FA1F81130838FA1F8F7
:100840001330C38FA1F81530B0F84030A1F817303D
:10085000B0F84230A1F81930704700BF8B88C384CC
:10086000CB8803850B8943854B8983850B7B80F877
:100870003430B1F80D30C386B1F80F300387B1F8CA
:1008800011304387B1F813308387B1F81530C3872F
:10089000B1F81730A0F84030B1F81930A0F8423064
:1008A000704700BF8B88C384CB8803850B89438541
:1008B0004B8983850B7B80F83430B1F80D30C386CB
:1008C000B1F80F300387B1F811304387B1F8133016
:1008D0008387B1F81530C387B1F81730A0F84030DE
:1008E000B1F81930A0F84230704700BF00B54FF0A2
:1008F000000C4FF00C0E0B7881F801E043F003037D
:100900000B7081F803C090F823300B4A0B71036B16
:10091000A2FB03239B0AA1F80530438DA1F80930FF
:10092000038DA1F80730838DA1F80B30838CA1F8DB
:100930000D305DF804FB00BF5917B7D140F2E24219
:100940000B7980F82330B1F8053002FB03F3036321
:10095000B1F809304385B1F807300385B1F80B30A1
:100960008385B1F80D308384704700BF4FF0080CC9
:1009700001220B7881F801C043F003030B70CA70A9
:10098000038CA1F80930D0F822304B6090F8263063
:100990000B7270474FF0090C14220B7881F801C0DC
:1009A00043F003030B70CA70C38F8B80838F0B815E
:1009B000B0F84230CB80B0F840304B81704700BF78
:1009C0004FF0090C15220B7881F801C043F00303A6
:1009D0000B70CA70C38F8B80838F0B81B0F842304D
:1009E000CB80B0F840304B81704700BF4FF0090C0E
:1009F00015220B7881F801C043F003030B70CA7015
:100A0000B0F84E308B80B0F84C300B81B0F85230DB
:100A1000CB80B0F850304B81704700BF8A88A2F17C
:100A20001B03E02B21D8B1F808C0ACF11B03E02B6D
:100A30001BD870B544F2481ECC88A4F5A4739BB2B1
:100A4000734511D800234E891946A6F5A475ADB299
:100A50006CF30F0366F30F0162F31F4364F31F414E
:100A6000754598BFC0E9113170BD70478A88A2F101
:100A70001B03E02B21D8B1F808C0ACF11B03E02B1D
:100A80001BD870B544F2481ECC88A4F5A4739BB261
:100A9000734511D800234E891946A6F5A475ADB249
:100AA0006CF30F0366F30F0162F31F4364F31F41FE
:100AB000754598BFC0E9113170BD70474FF0080C03
:100AC0003B220B7881F801C043F003030B70CA701E
:100AD000B0F85A308B80B0F85C30CB8090F85E3044
:100AE0000B72B0F86030A1F8093070474FF0060C77
:100AF0003C220B7881F801C043F003030B70CA70ED
:100B0000B0F882308B8090F886308B71B0F88830E6
:100B1000A1F80730704700BF4FF0060C3C220B785D
:100B200081F801C043F003030B70CA70B0F8823043
:100B30008B8090F886308B71B0F88830A1F8073040
:100B4000704700BF00220346B1F804C0A0F85AC0A5
:100B5000B1F806C0A0F85CC091F808C00CF0070C12
:100B600080F85EC0B1F809C00CF01F0CA0F860C09E
:100B7000087AD04010F0010F02F1010210D08888ED
:100B8000A3F86200C888A3F86400087A00F00700A0
:100B900083F86600B1F8090000F01F00A3F86800B0
:100BA000032A03F10803E3D1704700BF0022034684
:100BB000B1F804C0A0F85AC0B1F804C0A0F85CC0F5
:100BC00091F806C00CF0070C80F85EC0B1F807C0C1
:100BD0000CF01F0CA0F860C08879D04010F0010F15
:100BE00002F1010210D08888A3F862008888A3F877
:100BF0006400887900F0070083F86600B1F8070008
:100C000000F01F00A3F86800032A03F10803E3D1F2
:100C1000704700BFF8B50023CD690C46074616465D
:100C2000CB611DB30F2E05F1040116D0112E0CD08F
:100C30002046FFF75BFEEB79294663733846FEF7E3
:100C400025F9237A092B0CD0F8BD084694F820200A
:100C500094F82110FFF746FDEDE72046FFF7A2FDCF
:100C6000E9E73846BDE8F840FFF776BAFEF7F8F84E
:100C700005460028D6D100DED4E700BF00228B69EC
:100C80008A610BB3192293F804C01A71828CDA803E
:100C900091F820201A774AB90A8DBCF12E0FDA8319
:100CA0004A8D1A848A8D5A840AD07047C28CBCF14E
:100CB0002E0FDA83028D1A84B0F89A215A84F4D167
:100CC00019461868F9F742BB00DEDBE730B5C38C84
:100CD0000A8D4C8D93428D8D85B002D1038DA34238
:100CE00014D0012381F8223002950B6BCDE900244A
:100CF0000C7A91F82320898C0391A4F10801B1FAB0
:100D000081F14909FCF750FC05B030BDB0F89A31CB
:100D10005B1B18BF0123E5E7F8B50023CD690C463E
:100D200007461646CB618DB3291D112E0AD8DFE880
:100D300006F0200909090909091C09090909090915
:100D40000909241400DEEB79294663733846FEF75F
:100D50009DF8237A092B14D0F8BD084694F820207A
:100D600094F82110FFF7BEFCEDE72046FFF750FB9B
:100D7000E9E72046FFF7BAFDE5E72046FFF740FD2B
:100D8000E1E73846BDE8F84000F030BEFEF768F80D
:100D900005460028C8D100DEC6E700BF2DE9F041B6
:100DA0001B4E044633680D462BB1834203D001230A
:100DB000AB72BDE8F0812046FFF7C6F90028F6D1F6
:100DC000204600F0F9FD07460028F0D129462046CC
:100DD000FEF73EF80028EAD02046FCF7D7FB804615
:100DE0000121204600F0E0FD0F2229462046A5F80B
:100DF000368085F834703460FFF70CFF94F8373094
:100E0000DB0903D141F202036B81D2E700DED0E7B8
:100E1000A87A0020038DB3F5486F02D8C28C9A429D
:100E200001D900207047428DB2F5FA7FF9D200B5A2
:100E300040F6764EB0F82CC0ACF10A0189B271458B
:100E400005D8013212FB03F2B2EB8C0F02D3002063
:100E50005DF804FB90F8340098428CBF002001201C
:100E6000F6E700BF38B504460D4600F0AFFD20B9E7
:100E700029462046FDF7ECFF30B910212046FEF749
:100E800009F80923AB7238BD04F1EC00FDF7F8FE58
:100E90000028F2D12046FCF73FFF0028EDD029467C
:100EA0002046FDF7DDFFE861FDF7E6FF10B90C23F2
:100EB000AB7238BDAB695BBBFDF7E6FF2E210022AC
:100EC0000123A86101712A6395F8342085F8233045
:100ED0004AB12B8DE98CB3FBF2F313FB02F39BB207
:100EE000994298BF2B852046FCF750FB238D29465D
:100EF00006330344AB8420460022FFF70DFF4FF674
:100F00000B736B812046BDE838401021FDF7D6BF3A
:100F100000DED1E738B504460D46FFF715F920B9D4
:100F200029462046FDF794FF30B910212046FDF7F1
:100F3000B1FF0323AB7238BD04F1EC00FDF7A0FE56
:100F40000028F2D12046FCF7E7FE0028EDD0294624
:100F50002046FDF785FFAB69E86143B32E200022F0
:100F6000012118712A6395F8342085F823104AB1BD
:100F70002B8DE98CB3FBF2F313FB02F39BB2994286
:100F800098BF2B852046FCF701FB238D29460633AD
:100F90000344AB8420460022FFF73CFE4FF6067365
:100FA0006B812046BDE838401021FDF787BFFDF773
:100FB00063FF10B90723AB7238BDAB69002BCDD1ED
:100FC000FDF762FF0346A861C8E700BF70B50C4695
:100FD0000646FFF77BFE237A092B1DD094F822509A
:100FE000ADB100232146304684F82030FFF746FE9D
:100FF000304600F063FE237A092B05D10C4B1A68AA
:10100000964204BF00221A600023A37270BD2046DE
:10101000FDF76EFFA561EBE7304600F0EDFC237AAB
:10102000092BDBD194F82030002BDAD1D6E700BFB2
:10103000A87A002070B506460C4600F0C7FC10B137
:101040000623A37270BD054621463046FDF700FF1A
:101050000028F5D0112221463046FFF75DFE3046CC
:1010600000F02CFE237A092B04D1044B1A68964217
:1010700008BF1D600023A37270BD00BFA87A0020C6
:10108000F8B5294A064613680C468BB183420FD047
:1010900002238B7200F09AFC054620B921463046A7
:1010A000FDF7D6FE68BB2046BDE8F840FDF712BF4D
:1010B000218DF38C1660994212D00023A569A3619B
:1010C00085B303232F792B71B38C204605F11C01C6
:1010D000EB80FFF767FB2E2F1FD00423A372F8BD10
:1010E000628D338D9A42E8D1A28DB6F89A319A4238
:1010F000E3D12046FDF7FCFE00220523A261A37286
:10110000F8BD4FF47263214630462384FFF792FF07
:101110002046FDF7EDFEA561F8BD29462868F9F7E0
:1011200015F9DAE700DECCE7A87A0020F0B50C4626
:10113000897A054683B00C2900F2C380DFE801F00C
:101140000C1828313D485CC1616C75AF0700002A5E
:1011500000F0BC8003B0F0BD002AFBD1237A082B3D
:1011600000F0EE80092B40F0AC800123A372F1E780
:10117000012AEFD120461946FFF770FB2046FFF702
:1011800049FE38B940F61E732146284623842EE0D6
:10119000012ADFD82146284603B0BDE8F040FFF71A
:1011A0006FBF002AD6D10192FDF766FE019A002892
:1011B00040F0E2800323A372CCE7032A00F083808F
:1011C000042AC7D10F22062384F82120A372C1E785
:1011D000002ABFD195F93730002B80F2AD8094F80A
:1011E000203083B10F232146284684F8213003B0F4
:1011F000BDE8F040FFF71EBF002AABD121462846CC
:10120000F5E7002AA6D1284600F0E0FB002800F010
:101210009A800823A3729DE7002A9BD12146284685
:1012200003B0BDE8F040FFF71DBE022A92D195F849
:101230003720C2F3C011D20900F09480194620462D
:10124000FFF77CFB238DB3F5486F00F2A880628D19
:10125000B2F5FA7F80F0A38040F67646A08DA0F12B
:101260000A0189B2B14200F29A8002FB0333B3EB68
:10127000800F80F094802846FCF788F947F6FE72CC
:10128000A38C1B1A9BB2934240F2A98028232846C4
:1012900085F86C3100F012FD0023A3725AE7002A92
:1012A0007FF458AF2846FCF769F9A38CC01A0304F1
:1012B0003FF550AF2146284603B0BDE8F040FFF7A8
:1012C00085BE00DE46E70523A37243E7FDF7D4FDA4
:1012D00000283FF43FAFA369002B40F09080FDF75A
:1012E000D3FD2E2100220123A0610171226394F815
:1012F000342084F823304AB1238DE18CB3FBF2F320
:1013000013FB02F39BB2994298BF23852846FCF752
:101310003DF92B8D214606330344A3842846002241
:10132000FFF7FAFC4FF60B7310212846638103B0D8
:10133000BDE8F040FDF7C2BD21462846A2616FE737
:101340000A23A37206E721462846FDF781FD0028FF
:101350003FF45FAF102221462846FFF7DDFC0A2349
:101360006381F7E6284684F84C1000F02FFB064610
:10137000B8B10D23A372EDE6A669A261002E3CD0A0
:10138000032337793371AB8C204606F11C01F380BF
:10139000FFF708FA2E2F1DD00423A372DAE61E23CE
:1013A00075E721462846FDF753FD0028E1D00722C6
:1013B00021462846FFF7B0FC284600F07FFC237A40
:1013C000092B7FF469AF0F4B1A6895427FF464AF25
:1013D0001E6061E731463068F8F7B8FFDCE7204669
:1013E000FDF778FD0B232846A372FCF7CFF8A38CFA
:1013F000C31A1A043FF5AEAE5CE700DEC0E700DEBC
:101400006DE700BFA87A002070B506460C46FEF7CF
:101410009BFE10B10523A37270BD054621463046E0
:10142000FDF716FD0028F5D02946304600F0BCFA3D
:10143000112221463046FFF7EDFB3046FEF740FF14
:10144000237A092B02D00023A37270BD96F937309E
:10145000002B06DB064B1A689642F4D100221A6074
:10146000F1E73046FEF774F80028F3D0EBE700BF51
:10147000A87A002070B515468A7A0C46064682B0D6
:10148000072A10D8DFE802F008121B630F363E046B
:10149000002D76D002B070BD002DFBD1237A082B31
:1014A0005ED0092B04D000DE02B070BD002DF1D15A
:1014B0002146304602B0BDE87040FFF76FBC032DF7
:1014C00000F09080042D4ED0012DE3D11946204626
:1014D000FFF7E8F93046022100F066FA2046FFF7F0
:1014E00099FC002840F09E8041F21E0321463046C0
:1014F000238402E0002DCDD1214602B0BDE870402A
:10150000FFF782BF002DC5D1FCF738F8A38CC01AB5
:101510000304BFD42946304600F046FA214630463F
:10152000FFF7D4FB237A092B7ED094F82250002DAC
:1015300040F086802046FDF7DBFC3046A561FEF7D3
:10154000BFFE237A092B62D00023A372A2E7002DED
:10155000A0D12146304602B0BDE87040FFF7DABCAA
:101560002146A561F7E73046022100F01DFA20462A
:10157000D6F8483123F00203C6F84831FDF7AAFC3B
:10158000E7E7FDF779FC002884D0A06900285FD048
:101590002E21002201230171226394F8342084F863
:1015A00023304AB1238DE18CB3FBF2F313FB02F33A
:1015B0009BB2994298BF23853046FBF7E7FF338DF6
:1015C000214606330344A38430460022FFF722FB62
:1015D0004FF6067310213046638102B0BDE87040BB
:1015E000FDF76CBC5A791A2ABDD00021019300F096
:1015F000DBF9019B5B7984F8203021463046FFF708
:101600003DFB3046FEF75CFE237A092B9CD196F910
:101610003730002B16DB104B1A68964294D100220B
:101620001A6091E72046A9E73046FEF79FFD237A2E
:10163000092B7FF47AAF94F82030002B3FF475AF7C
:101640000023D8E73046FDF783FF0028E3D07BE78F
:10165000FDF71AFCA0619BE7A87A002070B50C4644
:10166000D17F054602F11C0311290AD8DFE801F0F9
:1016700026090909090909200909090909090909A6
:101680001A14242380F86C31FEF71AFE237A092BF2
:101690001CD00023A37270BD2146BDE87040032218
:1016A000FFF7E8BE2146BDE870400122FFF7E2BE29
:1016B0002146BDE870400422FFF7DCBEA37A032B6D
:1016C000E9D9053B022BE6D900DE70BD95F937302C
:1016D000002B06DB064B1A689542DAD100221A600D
:1016E000D7E72846FDF734FF0028F3D0D1E700BF45
:1016F000A87A002013460022FFF7BCBE70B5D57F44
:1017000002F11C03CDB10F2D12D024230E4680F818
:101710006C31044600F0D2FA337A092B05D1094B1B
:101720001A68944204BF00221A600023B37270BD8D
:101730000122BDE87040FFF7F9BC0222BDE870400D
:10174000FFF7F4BCA87A002013460022FFF7EEBC96
:1017500000230322FFF7EABC00230422FFF7E6BCC4
:10176000242310B580F86C310C46FEF7A9FD002348
:10177000A37210BD70B58B7A0C46012B05460AD9B1
:10178000022B06D1FBF7FAFE238CC01A030408D5FE
:1017900070BD00DE70BDFEF7D7FC88B10123A372D7
:1017A00070BD0021284600F0FFF8284604F1220110
:1017B000FCF718F82846FEF783FD0023A37270BDDE
:1017C000284600F0F9F80028E8D121462846FDF720
:1017D0003FFB0028E2D00121284600F0E5F828462A
:1017E000FBF7D4FE2B8D2146063303442384284681
:1017F000FDF736FB064660B12046311DFFF7B6F80F
:10180000F379314663732846FDF740FB0223A37248
:1018100070BD00DEF0E700BF0346D3F81021084694
:101820008A420DD18A69A2B90A46D3F814C1116857
:101830006245C3F8101108BFC3F81411FDF700BBCF
:1018400000DE8A692AB9D3F81021002AEDD1FDF70C
:10185000F7BA12792E2AF6D100DEF4E738B5D0F8BF
:1018600010510446297A12291FD80123104A8B40AF
:101870001A400CD000222946FEF748FBAB7B2BB167
:1018800029462046BDE83840FFF7C6BF38BD13F4EF
:10189000407306D1072908D11A462946FDF7A2F957
:1018A000ECE72946FFF750FFE8E700DEE6E700BF78
:1018B0001E14040070B5D0F8105104461DB394F8FE
:1018C0001C31012B03D1022384F8183170BD294645
:1018D0002046FDF7BDFA0028F5D029462046FDF741
:1018E000BFFA064688B12846311DFEF791FDF3790F
:1018F00031466B732046FDF7C9FA01220023AA7313
:1019000084F8183170BD00DED9E700DEEBE700BFD8
:10191000F8B5D0F810510446A5B394F81C31012B4A
:1019200003D1012384F81831F8BD29462046FDF77C
:101930008FFA0028F5D029462046FDF791FA064691
:1019400080B32046FEF7A4FB2A7A037A371D934220
:101950001AD0082B1AD02A2194F838311BB1D4F8A8
:1019600048315B0717D43846FEF7B0FEF3793146AD
:101970006B732046FDF78AFA01220023AA7384F8CC
:101980001831F8BD00DEC8E72321E5E7092A0CBFBE
:1019900023212A21E0E70A46384694F81F11FEF772
:1019A000A1FEE3E700DECCE780F81E11704700BF20
:1019B000704700BF0020704790F81D01003818BF25
:1019C00001207047D0F81001704700BF90F81C014B
:1019D000A0F10100B0FA80F040097047012380F8BF
:1019E0001C317047002380F81C317047B0F820315B
:1019F000A0F81A31704700BF0023A0F81A317047D1
:101A000038B5D0F81041F4B1D0F8142123689442CD
:101A10000546C0F8103108BFC0F814319CB121460A
:101A20002846FDF775FA2046FDF70AFAD5F8104169
:101A30004CB1D5F8142123689442C5F81031EED189
:101A4000C5F81431EBE738BD70B505460C4639B121
:101A5000042900D070BDFFF7D3FF85F8184170BD91
:101A6000D0F81061002EF5D0337A122B11D84FF038
:101A7000010C31490CFA03F0014061B910F4386FE0
:101A800007D00A2B13D0CBB195F81E31F3B96446B9
:101A900004E000DE337A0A2B09D07BB1284685F8B2
:101AA0001D41FFF7DBFE032385F8183170BD284682
:101AB000FFF7D4FE052385F8183170BDD37F284683
:101AC00086F84C30BDE87040FFF7F4BE95F937104A
:101AD000002910DB012B20D0022BBBD12846FEF7BA
:101AE000D7FA327A037A934221D0082B1DD02A23C9
:101AF00085F86C3170BD012BEED12846FEF7C8FA8F
:101B000008B1FF23C3720123284685F81D31FFF772
:101B1000A5FE032385F8183170BDD37F284685F8CC
:101B20001F31BDE87040FFF7F3BE092ADFD1232340
:101B300085F86C3170BD00BF7FF4070038B50C46E6
:101B40008969054610461A46237A09B3122B4DD8E7
:101B5000DFE803F0100A0A0A0A4C4C554F4F0A4CB2
:101B60000A4C4C4C4C4C0A0021462846FEF736F9EC
:101B7000A16921B10B792E2B1CBF0023A361A37B8C
:101B80002BB121462846BDE83840FFF745BE38BD99
:101B9000A2612061122B29D801A151F823F000BFC6
:101BA0000B1C0100691B0100691B0100691B01007E
:101BB000691B0100ED1B0100ED1B0100FF1B010073
:101BC000F31B0100F31B0100691B0100ED1B010069
:101BD000691B0100ED1B0100ED1B0100ED1B010065
:101BE000ED1B0100ED1B0100691B010000DEA16976
:101BF000BFE721462846FFF781FDA169B9E72146E5
:101C00002846FCF7DBFFA169B3E71146B1E700BF47
:101C100038B591F808C00C46BCF10C0F05461346C8
:101C20000CD0BCF1120F09D0BCF1070F0BD1FCF79F
:101C3000DDFF0022A37B626153B938BD1A462146FD
:101C40002846FEF733F90022A37B6261002BF4D013
:101C500021462846BDE83840FFF7DEBD38B50B7A8F
:101C60000C46072B054608D0A37B2BB121462846FE
:101C7000BDE83840FFF7D0BD38BDFCF7BBFFF3E748
:101C80000422002380F81821A0F81A31704700BF01
:101C900090F81831052B0ED8DFE803F0060907038A
:101CA0000603D0F8103123B97047FFF703BEFFF7E2
:101CB0002FBEFFF7D3BD00DEF6E700BF90F8183166
:101CC000052B04D8DFE803F004151305040500DE36
:101CD00070470023D0F8102180F81D315AB100233D
:101CE0000121A0F81A31917380F818317047FFF77D
:101CF000E1BDFFF70DBE00DEF1E700BF90F818313F
:101D0000052B04D8DFE803F004090B04050400DE0A
:101D10007047002380F818317047FFF7F9BDFFF7CF
:101D2000C9BD00BF90F8183110B50446052B12D874
:101D3000DFE803F0030D09030803FFF761FE042346
:101D400084F8183110BDBDE81040FFF7B3BDBDE801
:101D50001040FFF7DDBD00DE10BD00BFF0B504464A
:101D60000E46154683B06BB1D27F3C2A36D801238C
:101D700090F837102E4FC9098B4007EB4201497884
:101D80000B4040D11846FDF7F1F8074620B3002379
:101D90000360D4F814311BB31860C4F8140194F82C
:101DA0001831052B42D8DFE803F01E27030606068C
:101DB0002046FFF77FFDBB7B1BB139462046FFF76E
:101DC0002BFDD4F8101139B12B463246204603B012
:101DD000BDE8F040FFF7B2BE03B0F0BD0023D1E78D
:101DE000C4E94400DBE72A4600212046FFF72CFE29
:101DF000BB7B002BE5D0E0E72046FFF789FDBB7BEE
:101E0000002BDED0D9E717F812300A2BBAD1019394
:101E1000FFF7F6FD00222046A4F81A2184F81D21C0
:101E200084F81821FEF7C2FA019BABE700DEC2E797
:101E3000782F020010B50446FFF7E2FD0023A4F856
:101E40001A3184F81D3184F8183110BD704700BF75
:101E500000B9704700DE70474FF6FF712DE9F84377
:101E6000099C9DF82090A58C8D4235D006460146F0
:101E7000204690461F46FBF719F868BB23780133CC
:101E8000DBB2237063B3B4F868217B1C1344A4F85D
:101E900068310220FBF728F802212046FBF760FAA0
:101EA0000022104D04F11001AB7AE96069F30003E0
:101EB000AB720D4B11460120C5E900682F819D6072
:101EC000F6F7BEFB50B9FF20FBF70EF82046BDE841
:101ED000F843FF21FBF744BABDE8F88300DEF2E7E0
:101EE00000DED0E7D8120020D00400202DE9F04F0A
:101EF000044697B0BDF8885000201646CDE90E4143
:101F00009DF88480BDF88CA0BDF890B010950D931D
:101F1000FAF79EFB002800F08F8108F001090446C3
:101F20004846F7F791FDB9F1000F61D1636904F1FB
:101F300010021192002B62D067693D6897F87C000F
:101F4000C0F3C00100F0070002F012F8B7F8423009
:101F5000B7F8402000F23F101A44FB8903441344B1
:101F60006B60304601F0D2F9FF2384F83A3094F8E0
:101F7000393023F0020384F839306EB3A8F102033C
:101F8000012B40F25D81DDE90E2394F84C100D9D8C
:101F900068F3420184F84C1094F8391004F11000F1
:101FA00065F3000184F8391020990968A16120992E
:101FB0008988A4F824B0A18300210096FAF760FA7A
:101FC000A06402F07FF9002840F045812046EEF73A
:101FD00017FE17B0BDE8F08F01F094FC0028CDD0BB
:101FE000324620990D9801F06DFA84F83A00C5E761
:101FF0000621F6F791FA002898D11220E9E7F8F7C0
:102000008DF91190002800F04581FAF777FC05461C
:10201000002800F03C81143005F11007F6F744FC6D
:10202000002840F03E81032105F1180001F0C2FEB6
:10203000109BD5F8A000EB844FF6FF73A5F828A0FD
:10204000AB84002800F0288105F1940205F190018D
:10205000F6F76EFA01214FF0000AB5F88C302846E9
:1020600023F4EF6323F0070343F48C730B43A5F8C9
:102070008C3095F8A630C5F8A0A023F0070385F8AA
:10208000A630A5F8A4A0FBF7E1FC2846FBF718FE54
:10209000A5F82AA0C5F82EA005F1320000F0FCFB3F
:1020A00095F83730012160F3050385F837300DF1DD
:1020B000570001F07FFE9DF857C07E4B95F836E043
:1020C000A3FB0C13DB0803EB4303ACEB830C95F889
:1020D0003730CDF84CE095F814E06AF3861385F8B4
:1020E0003730754A6B69CDF848E00CF1050CDDF826
:1020F0004CE05FFA8CFC1360E97D6B7DAA7D85F86E
:1021000038C085F839A0CDF828E095F835E06B485F
:10211000CDF824E095F834E0CDF820E095F833E0F0
:10212000CDF81CE095F832E0CDF818E095F837E0EE
:10213000CDF810C00EF03F0ECDF814E095F818C0A1
:10214000DFF87CE1CDF80CC095F819C0CDF808C0D7
:10215000DEF800C00CF1010CCEF800C095F81AC0F2
:10216000DDF848E0CDF804C0CDF800E009F07AFED3
:1021700040F2E241109B534A01FB03F31A44B2FBC5
:10218000F3F219460623A5F8983195F83730288DD3
:102190006AF3C71385F8373095F83A3000F1060C2A
:1021A00023F0070385F83A3093B26345A5F868A198
:1021B000A5F89CA1A5F89AB1A5F896A1A5F892A1B9
:1021C000A5F8943102DD063B1B1A9BB24FF0000AC2
:1021D000A5F8903128461091FCF702FF1099284687
:1021E000FCF766FF119B85F86CA1C5F87031FAF712
:1021F000F5FD95F8A43160F3020385F8A431FAF7F0
:10220000F3FD95F8A43160F3C50385F8A43195F882
:102210006A3105F1EC006AF3410385F86A31FCF795
:10222000EDFC4FF09613C5E907336761C5E902AAD3
:1022300085F800A02D6181E60C2017B0BDE8F08F75
:10224000002001F07DF894F83930C84643F00203CD
:1022500084F8393097E66569D5F890303BBB05F1D5
:10226000840105F18000F6F767F9F0B12E68C5F832
:102270009000D6F87001B0B1F8F756F83046FAF78A
:1022800043FB00230320636117B0BDE8F08F119872
:10229000F8F74AF807209CE605F19800C5F8A00079
:1022A000D2E600DEBFE600DEE6E700DEDEE700DEC7
:1022B000D5E700BFABAAAAAA807E00203C2D020071
:1022C000847E00207FC3C9012DE9F041064600202D
:1022D000FAF7B2F950B3436904463BB393F82A20A6
:1022E00042F0020283F82A204769FFB1014600202C
:1022F000FAF7E6F80546B0B93F68D7F8700107F578
:10230000B878B8B1F8F710F81723022287F87431BB
:102310004FF6FF731034C7F8784187F88C21A7F87F
:102320007631C6F800802846BDE8F0810C252846A5
:10233000BDE8F08100DEE5E770B50C4615461E46A7
:10234000FAF7FCFAB8B190F8A6C01CF0180C04D04B
:10235000BCF1180F08D00C2070BD33462A46214628
:10236000BDE87040FCF728BF33462A462146BDE849
:102370007040FCF751BF022070BD00BF10B582B0A5
:1023800001A8FFF7A1FF044610B1204602B010BD1E
:10239000FAF752F950B1002290F84C30426123F024
:1023A000010380F84C30204602B010BD00DEF2E799
:1023B00038B583681D686C69C4B100236B61D4F8BB
:1023C0009030D3B904F1840104F18000F6F7B4F839
:1023D0000346E0B1C4F890302068FAF795FA95F812
:1023E0004C3023F0010385F84C3038BD00DE00236B
:1023F0006B61D4F89030002BE4D000DE04F184014E
:1024000004F18000F6F798F803460028E2D100DED8
:10241000E0E700BF2DE9F0470446238D077F8CB02D
:10242000406AADF82C30E30715460E46C7F3C012DC
:102430000DF128080A90C7F3401700F1C18000236E
:10244000A383B37C707C13F0010317BFD4F81E3054
:10245000C4F82B30C4F82B30638CFF28A4F82F303D
:1024600000F0948004F11F0204F11E0100F07EFCD4
:10247000B8F804300A98A4F82930A37FC4F82500DE
:102480000233A3773368D3F80090EB8A63862B8BF3
:10249000A386B9F82430E38601F05AFF84F83800A7
:1024A000D5F800804046FAF735FA03460021AB82A2
:1024B0004046E380FCF710FE214620687468F7F779
:1024C00039FF1C22AB8AD4F800A02271E380002FD0
:1024D0006AD1214650462777F7F738FF40F2E243AA
:1024E00095F87C00EF8AC0F3C00100F0070003FB01
:1024F00007F7F56801F03CFD002202212D1A0120AA
:10250000F6F76AF84846FAF77DF8CDF80490B36814
:102510002E49821CA3F28573009100200121D2B2C2
:102520002B44F7F7C7F910F0FD0F4DD1002401221D
:102530002346114620460094F7F784F94046FAF7FF
:10254000E9F940F2853322490993CDF81C80B3683C
:1025500008912049C21C0691D8F804102046059124
:10256000CDE903440121A3F28573D2B2029701940D
:102570000095F7F7B7F810F0FD0F23D101220221E3
:1025800010460CB0BDE8F047F6F726B80021B8F8C1
:1025900004C00A98C4F82510A4F82910A277C4F83A
:1025A0001F00A4F823C06DE795F82730281D43F0DD
:1025B000400385F8273000F0BDF90127288588E71A
:1025C00000DE3CE700DED9E700DEAFE74D1E01008C
:1025D000511E0100591E010010B5002082B0FAF70B
:1025E000ADF960B190F937300446002B07DB68463F
:1025F00000F052F969462046FCF780FE00B9002041
:1026000002B010BD08607047A0F10300B0FA80F07E
:10261000400970472DE9F04F002593B00D930B1D35
:10262000FF270C932B46CDE90F550A954FF0020B6F
:10263000044616463D4698469A460DF13C098DF8EB
:102640003B700993002011AB0693524B2146059332
:10265000514B0DF13B02039310ABCDE90093049075
:1026600033460290CDF844B0F7F75EF9022814D053
:10267000119BC3B9FF2D19D03368434516D0002FE5
:1026800076D04FF0FF33013FFF25FFB28DF83B308E
:10269000D8E721460020F7F787F9119B022BF8D0E5
:1026A000119B002BE6D000DEFF2DE5D19DF83B30DD
:1026B000FF2B40D0032BC5D10020FAF733F90028B7
:1026C000C0D090F93730002B29DA43689DF83B20C1
:1026D000032A18D0FF2DDDF83C800AD04046099926
:1026E0000B93F7F775F90C9B03EB0A0290420B9BD7
:1026F00023D89A46109BCDF824809DF83B50D6F8FD
:1027000000800A939EE700200B93FAF70BF90B9BCE
:102710000028DFD090F93720002ADBDA92E790F822
:102720008C00C0F3C00100F0070001F021FC00F5AF
:1027300093530533CAE7FF2D1CD0BAF1000F01D027
:102740000AF1020A0A9B154AA3F57423A3F5107334
:10275000934214D800200A99114A099BA2FB011246
:10276000534403EB92430D9A136013B0BDE8F08F0E
:1027700000DE86E76FF0090013B0BDE8F08F0A9B1A
:10278000099A03F57423013A03F5107309920A9329
:10279000E0E700BF0526010009260100BFBDF07F6C
:1027A00083DE1B432DE9F041C46826496368D0E904
:1027B00000761A68A6F57423A3F510738B420546BC
:1027C00082B004D906F57426013F06F510766368D9
:1027D0005168B3F81680022004F1100301AA019792
:1027E000FFF718FF40BB0198C31B002B1DDB3946C8
:1027F000F7F7EEF823690344002B236109DB40F26D
:10280000E24202FB08F29A4217D29B1A9A42FCD388
:1028100023610D492A68A1FB0616D21BA2EB964242
:102820001344236102B0BDE8F08101463846F7F752
:10283000CFF823691B1ADFE72369002BE9D102B027
:10284000BDE8F081BFBDF07F83DE1B4308B50346C2
:10285000074A0068052110601B7910461371F6F7CE
:102860000DF8044B1870FFF7B7FE002008BD00BF3D
:10287000547C0020A18C002010B41F204FF0FF34A6
:102880002521034B034A1C601871117010BC70475E
:10289000547C0020A18C00200346044A044910689F
:1028A0001860127908781A71704700BF547C0020B4
:1028B000A18C002010B5864602FB011102781C4C49
:1028C000114484FB01020A44521102EBC20002EBE4
:1028D00080028A1AD0B28EF80000C108595C02F05A
:1028E000070241FA02F212F001029DF808C01DD160
:1028F000B0FBFCF10CFB110110465C1EC9B20433A5
:1029000000F1080E14F8012F5FFA8EFE12F0010F8D
:1029100000F1010C4FEA520202D039B10139C9B2BB
:102920005FFA8CF08645F1D19C42E9D110BD00BF21
:10293000A7C867DD42880088504070474FF0030CFD
:10294000F0B52F4D2F4C4840060A5FFA80FE0EEB83
:102950008E2E06EB862004EA401705EA400605EABB
:102960004E0004EA4E1E3E4340EA0E0000EB0027F4
:1029700006EB062E06EB0E2600EB0720C6F30746F5
:10298000C0F3074040EA062000EB00100CF1FF3CCA
:1029900008441CF0FF0C80B2D6D141401A48A0FB7D
:1029A00001400C1A00EB5400400900EBC00400EB9E
:1029B0008400081AC0F3C404145D00F007052C411C
:1029C000E407C0B21AD4604601FB03F3561EC3F3FA
:1029D0000743043200F1080516F8011FEDB211F0AB
:1029E000010F00F101044FEA510102D033B1013B64
:1029F000DBB2E0B2A842F2D19642EBD1F0BD00BF0B
:102A000010210200408408004D91CFBA1B491C4898
:102A10002DE9F04300230126451EA1F1020C06E03A
:102A20000133082B01F1060100F1280024D003EB4B
:102A3000830215F83220D407F2D59CF800409CF8A8
:102A400001E0C2F380120768B0F8048006FA03F9C7
:102A50009A40013344EA09044EEA0202082BA1F825
:102A600004808CF800408CF8012001F1060141F847
:102A7000067C00F12800DAD1BDE8F083627C0020FA
:102A8000211300202DE9F047002301271E481F4A8B
:102A9000DFF87C80DFF87C90951EA0F1020C15F821
:102AA000331007FA03F6C90724D598F8001059B176
:102AB00012F8011C072901EB810405D819F834101C
:102AC0004C0701D5C90615D515F833109CF801E05F
:102AD000C1F340019CF8004099404EEA010ED2F843
:102AE00000A0918834438CF800408CF801E081808C
:102AF000C0F800A00133082B00F1060002F1080223
:102B0000CDD1BDE8F08700BF8E7D00204E7D002036
:102B1000A38C00202013002008207047002038B527
:102B2000F9F7BCFD10F0010019D10E4C0E4D621EDC
:102B300014F83030072B07D803EB830315F8331054
:102B400021F0200105F8331012F8303023F0010392
:102B500002F8303001300828EAD1002038BD0C20BE
:102B600038BD00BF4D7D0020201300202DE9F04F1F
:102B7000804683B00020F9F791FD10F0010540F088
:102B8000978098F80030FF2B26D0504E4FF0FF0969
:102B90002C4608F1010BB71E03F0010A09E0B9F158
:102BA000FF0F04F101021BD00134082C06F10806C6
:102BB00038D017F83420D207F1D517F83420C2F3F3
:102BC00040025245F0D106225946304601930EF09C
:102BD000DBFF019B0028E7D1002003B0BDE8F08FA8
:102BE000072C5FFA84F904F102046BD017F8321055
:102BF000C8070ED4082C06F1100613D017F834209D
:102C0000D107D1D517F83420C2F340025245CBD1B9
:102C1000D9E7144617F834200836C2F3400252456B
:102C2000C2D1D0E7B9F1070F48D817F839204FEAD9
:102C3000C90A63F3410207F83920D8F801200AF1E4
:102C40000203FA50BBF804203B449A8098F8003005
:102C50001F4E03F0010306F1FF3804E00135082D93
:102C600006F1280628D005EB850418F83420E40086
:102C7000C2F38011D207F1D59942EFD1062259460D
:102C8000304601930EF080FF019B0028E6D118F832
:102C90000430EDB243F0200308F8043017F839305F
:102CA000BA4443F001038AF8015007F8393093E73A
:102CB0000C2003B0BDE8F08FFF25EFE7072003B03D
:102CC000BDE8F08F4FF00709AFE700BF4E7D002051
:102CD000211300202DE9F04106460020F9F7DEFC23
:102CE00010F0010431D13778FF2F2BD01D4D06F1A4
:102CF000010807F00107AE1E04E00134082C05F1BD
:102D000008051CD016F83430C3F34002DB07F4D5B5
:102D1000BA42F2D10622414628460EF035FF00287D
:102D2000EBD106EBC4035B78072B11D916F83430CE
:102D3000002023F0010306F83430BDE8F0810220C2
:102D4000BDE8F0812046BDE8F0810C20BDE8F081AF
:102D5000054A03EB830312F8331060F3451102F8C0
:102D60003310E3E74E7D002020130020072800B534
:102D70001AD80F4B00EB800E13F83EE04FEA800CA0
:102D80001EF0010F12D084444FEACC0013F83CC06F
:102D90000130CCF3801C81F800C019580344116045
:102DA0009B8893805DF804FB00DEE2E700DEEAE743
:102DB0002013002008207047002010B5F9F754FCBC
:102DC000012835D84FF0000C1A4B1B4C197893F89A
:102DD000282021F0010122F00102197083F8282037
:102DE00093F8501093F8782021F0010122F00102AD
:102DF00083F8501083F8782093F8A01093F8C82037
:102E000021F0010122F0010283F8A01083F8C8200C
:102E100093F8F01093F8182121F0010122F001023B
:102E200083F8F01083F8182184F800C0604610BDC4
:102E30000C2010BD20130020A28C00202DE9F04FA3
:102E4000834683B00020F9F70FFC01285DD8DC46EB
:102E50001CF8012BDFF82C8102F00103CDF804B03F
:102E6000002467469B4608F1FF39009204E00134D4
:102E7000082C08F1280844D004EB840519F83560C3
:102E80004FEA840AF007C6F3801209EBC505EED5B8
:102E90005A45ECD10622394640460EF075FE002810
:102EA000E5D17307BC46009A0746DDF804B030D47C
:102EB000354DE34602F00108AE1E04E00137082F4D
:102EC00005F1080512D016F83730D907C3F34002D0
:102ED000F4D54245F2D10622594628460EF054FE5A
:102EE0000028EBD1FF2306EBC70673700020544483
:102EF00019F8343023F0010309F8343003B0BDE889
:102F0000F08F022003B0BDE8F08F0C2003B0BDE8C5
:102F1000F08FDFF878E09EF800305E1E023B062B53
:102F2000F6B203D8E97DB142009102D18EF800607B
:102F3000BEE7174B3D4603EB0112904603EB061329
:102F40000FCB88E80F00DFF84C8005EB850309EB19
:102F5000C30219F83330D90705D5580703D598F8B7
:102F60001730B34207D00135082D08F12808ECD1FD
:102F70009BF80020DAE70099074BD1759BF80020F9
:102F80005D54D3E7211300204E7D0020A28C002049
:102F9000CC7C002020130020C47C00202DE9F843C5
:102FA0001D465B7903F0C003402B01D0BDE8F883D8
:102FB0000E46F9B1DFF86090002400F0010809F135
:102FC000FF3704E00134082C09F12809EED004EBA6
:102FD000840317F83330D907C3F38012F2D5424582
:102FE000F0D10622314648460EF0CEFD0028E9D148
:102FF000E2B202E0072AD9D8084F02EB820217F8A2
:103000003230D200DB07D1D528681832B850AB88EF
:103010003A449380CAE700BF211300202013002008
:103020002DE9F84F82461B4E1AF8019B00240F46EB
:1030300006F1FF3809F0010904E00134082C06F11B
:1030400028061AD004EB840218F83230D500C3F3F6
:103050008012DB07F1D54A45EFD1062251463046B2
:103060000EF092FD83460028E7D1183508EB0504E1
:1030700006212046F5F750FA20B94FF0020B5846CA
:10308000BDE8F88F58F805003860A3885846BB8023
:10309000BDE8F88F211300202DE9F0478246164E37
:1030A0001AF8019B00248846771E09F0010904E004
:1030B0000134082C06F128061BD004EB840217F813
:1030C000323007EBC205C3F38012DB07F0D54A4567
:1030D000EED10622514630460EF056FD0028E7D1CB
:1030E0006B6A1A68C8F800209B88A8F80430BDE80D
:1030F000F0870220BDE8F0872113002010B50446B8
:103100000020F9F7B1FA012808D81CB1012C01D030
:10311000122010BD024B00201C7010BD0C2010BDF1
:10312000A38C00204FF47A7202FB00F0014B186070
:10313000704700BF5C7C00202DE9F04782460020EC
:103140008846F9F791FA01282ED81D4E1AF8019BEE
:103150000024771E09F0010904E00134082C06F16F
:1031600028061ED004EB840217F83230D500C3F3D2
:103170008012DB07F1D54A45EFD106225146304691
:103180000EF002FD0028E8D1B8F1000F12D0B8F11E
:10319000010F0CD17B5D43F010037B550020BDE88F
:1031A000F0870220BDE8F0870C20BDE8F0871220F0
:1031B000BDE8F0877B5D68F304137B55EEE700BF45
:1031C0002113002000232DE9F04F334C334904F143
:1031D000FF3C14F83320072A07D802EB820211F8CB
:1031E00032E02EF0200E01F832E01CF8332022F0FD
:1031F00001020CF833200133082BEAD1002391F8A7
:10320000F040274D63F300042B7081F8F0404FF03D
:10321000FF354FF0FF3491F8182191F800A063F3C7
:10322000000291F8289091F8508091F8787091F808
:10323000A0E091F8C8C081F818211A4A63F3000A87
:1032400063F3000963F3000863F3000763F3000E00
:1032500063F3000C144EDFF854B01370144BC6F82F
:1032600000B0C3E9004581F800A081F8289081F8FA
:10327000508081F8787081F8A0E081F8C8C028B14A
:10328000BDE8F04F0B490C480DF0A6B80A48BDE860
:10329000F04F0DF0AFB800BF4D7D0020201300208F
:1032A000A38C0020A28C00205C7C0020A0BB0D0021
:1032B0001813002089340100E812002008B90248E0
:1032C00070470248704700BF607C00208C7D002062
:1032D000A8B147F6122240F2E730002110B5094BA1
:1032E0001B68E3FB02014FF47A720023EDF7C8F884
:1032F000BDE8104002460B46034805F04DBF0248AA
:103300000DF078B85C7C0020E8120020002208B59F
:10331000084B1A80C30706D40021074B074A1B78C5
:1033200011801BB908BDFFF7ADFBF5E7BDE808400C
:10333000FFF76CBB8C7D0020A38C0020607C0020FC
:103340002DE9F04F044687B00DF0EAF945014B0135
:103350002D1A43EAD06363EB0103AA009B00101807
:1033600043EA957341EB0301C90041EA507147F606
:1033700012220023C000EDF783F880460191C4B902
:103380003C4A0846D2E90012B2F1FF3F08BFB1F152
:10339000FF3F0ED0B8EB0103374960EB020209682A
:1033A0008B4272F10002ACBF4FF0010B4FF0000BEB
:1033B00001E04FF0010B0024304EDFF8C4A0F71FEE
:1033C00004EB840317F83330A500D80715D5BBF1FB
:1033D000000F01D1990710D42B1917F833305A0771
:1033E0002ED42B1917F833301B0718D4254417F89F
:1033F000353043F0020307F835300134082C0AF168
:10340000060A06F12806DBD1BBF1000F04D0194BE8
:10341000019AC3F800805A6007B0BDE8F08F0DF143
:1034200008094946304608F0F7FF00BBB9F80430F8
:103430000298AAF80430C6F81DA0CAF80000D5E723
:10344000337C104A0DF1170002EB03120DF1070354
:1034500012F8011903F8011F8342F9D106F117018F
:1034600002A808F0D9FF0028BBD000DEB9E700DED3
:10347000DCE700BF181300205C7C0020271300202D
:10348000947C0020DB7C002010B50120FFF758FF62
:1034900047F6122240F2E7300021084B1B68E3FB9D
:1034A00002014FF47A720023ECF7EAFFBDE8104006
:1034B00002460B46024805F06FBE00BF5C7C002050
:1034C000E81200202DE9F047894617460AB1FF238C
:1034D00013700024254D00F0010A6E1E04EB8403D6
:1034E00016F833205FFA84F8D2074FEA840313D426
:1034F000CFB13A78FF2A04F1010426D0082C04EB5E
:10350000840105F128055FFA84F84FEA84030FD09F
:1035100016F83110C907EDD5234416F83330C3F33C
:103520008013534509D00134082C05F12805D5D165
:103530004FF0FF084046BDE8F0870622494628467E
:103540000EF022FB0028EED1F4E7082C87F800806B
:1035500005F128055FFA84F8EAD004EB840316F835
:103560003320A300D007D7D4C3E700BF2113002026
:103570002DE9F04F054685B000200C469046F9F73E
:1035800073F8012800F28D802F4617F8010B0DF11A
:103590000F023946FFF796FF072840F296809DF804
:1035A0000F90B9F1070F00F2AC8009EB8903574E79
:1035B0004FEAC30BD5F801100BF10102B150B988E5
:1035C00032449180297816F80B2006EB0B0361F347
:1035D000861220461021019306F80B20F4F79CFF79
:1035E00016F80B20102160F38202404606F80B20EB
:1035F000F4F792FF16F80B2000F0010060F3C3020D
:1036000053074FEA890A06F80B2016D5404B41496B
:103610001A7806EB0B0C01F802903F498CF8172042
:1036200001EB021101321A7004F10F02013C12F891
:1036300001C9A24201F801CFF9D1002849D10024E3
:103640000BF11803F218F45094800AEB090216F8F3
:10365000323023F0120306F8323095F800B02F4DC7
:103660000BF0010BA5F1020804E00134082C05F170
:1036700008051AD018F83430C3F3400213F00103E0
:10368000F3D05A45F1D106223946284601930EF06F
:103690007BFA019B0028E8D108EBC40888F8019068
:1036A00004E00C2005B0BDE8F08F00230020CA44E0
:1036B00016F83A205B0122F0210243F00103134384
:1036C00006F83A3005B0BDE8F08F122005B0BDE82D
:1036D000F08F0021D8F800E0D8F804C0D8F80840EE
:1036E000D8F80C000BF1070246F802E03244C2F8A9
:1036F00004C09460D0600AEB090206EBC20251627A
:103700009DE7072005B0BDE8F08F00BF2013002023
:10371000A28C0020C47C0020CB7C00204E7D0020A9
:1037200007280CD8074900EB800011F83030C000A2
:103730001A0704D59B0702D50144486A7047002048
:10374000704700BF201300200346024A0248127847
:103750001A707047A28C0020CC7C002050B1072941
:1037600015D80E4B13F83120D20712D503EBC10345
:103770005878704707290ED8094B01EB810213F8DE
:103780003230DB0701D50846704700DEFBE700DE7C
:10379000E7E700DEEAE700DEEEE700BF4C7D002051
:1037A000201300200C4B1B7883420BD90B4B185C69
:1037B00007280CD80A4B00EB800213F83230DB07E5
:1037C00007D5704700DE054B185C0728F2D900DEEC
:1037D000F0E700DE704700BFA28C0020C47C002010
:1037E0002013002007280DD8084A00EB800312F8A8
:1037F00033108300C90707D5034412F83300C0F320
:10380000401070470020704700DEF5E720130020CD
:103810000C4B1B787BB107290DD860B90A4A01EB24
:10382000810312F833008B00C00709D50B4412F84E
:103830003300430701D401207047C0F300107047E4
:1038400000DEF3E7A38C0020201300201378FF2B69
:1038500019D12DE9F047194D0446AE46002303EB7C
:10386000830C15F83CC09E001CF0010003D0CCF383
:10387000801CA44509D00133082B0EF1280EEED18F
:103880000120BDE8F08701207047F0464FF0000CA2
:103890004F1E18F801AF17F8019F0CF1010CCA4533
:1038A000E9D1BCF1060FF4D113701E4415F836307F
:1038B0005A07E6D5C3F30010E3E700BF201300204A
:1038C00010B40E4B1C7884B1072A0ED80C4C02EBB6
:1038D000820214F832C0D2001CF0080F05D020B1CB
:1038E0004B7903F0C003402B02D0002010BC70477E
:1038F0000732A01810BC08F07CBD00BFA38C0020CC
:1039000020130020024B1878003818BF01207047A0
:10391000A38C002000F04EBA08B5002303F014FA7F
:10392000002008BD684620F007018D4601B502F071
:10393000F7FAEEF77DF9BDE801408546704700BF14
:1039400008B5094BD3F828213AB90120F4F7DAFE7B
:10395000BDE808400220F4F7D5BE0020C3F82801D6
:10396000F5F7AEFEF1E700BF00200E500020F4F79F
:10397000C9BE00BF90B90E4B0E4A19781078CBB271
:1039800088420DD10C480D49013390F800C01370E6
:103990000B78634507D003780B70704700DEEAE7C9
:1039A00000DE1378EEE700DE03780B70704700BF8F
:1039B000A48C0020A58C0020A98C0020A88C0020BD
:1039C0000B4A0C4B117893F800C08C450DD012783F
:1039D0001A70094A094B18B911781878884202D030
:1039E00012781A70704700DEFAE700DEEFE700BFDA
:1039F000A78C0020A68C0020A48C0020A58C002081
:103A000002F0DABB08B50B490B4A91F800C01378F5
:103A100003989C450BD000220B70084B1146986010
:103A20000120F4F70DFE00B908BD00DE08BD00DE80
:103A30001378F0E7A48C0020A58C0020E00400207F
:103A40002DE9F0412D4A2E4D12782B780C469A42E2
:103A50008AB005D12B4B2C4A1B7812789A4244D05D
:103A600026682A4F06F2726840463968F5F7B0FFBB
:103A7000002803DB00200AB0BDE8F081244A254B72
:103A800011781A78914213D11E4A1F491278097889
:103A900091420DD00022197810460131C9B2197037
:103AA00011461D4B0092F5F7CDFE10F0FD0F22D10F
:103AB0001A48E168C7F800800022079040F272605F
:103AC000174C3346CDE9054129780131C9B2297037
:103AD000009011461046CDE90322CDE9012208925B
:103AE000F5F74AFE0AB0BDE8F08106680446074FC4
:103AF00006F27268DCE700DE00DED9E7A88C002061
:103B0000A98C0020A48C0020A58C0020C87D00205A
:103B1000A68C0020A78C0020C13901007539010056
:103B2000053A01007F4A9368002B00F090801368EB
:103B3000002B00F08B802DE9F04F814689B04FF0CB
:103B4000FF338DF80A300DF10A00F6F7B1FD044697
:103B5000002839D0037F9907F5D1857A15F0020541
:103B6000F1D1C3684B4556D0A8462F4606680DF1E3
:103B70000A00F6F79DFD8346E0B1027F9207F6D179
:103B8000827A9307F3D4C268B8F1000F1FD04A4578
:103B900021D0DBF800A031465046F5F719FF002888
:103BA0000DF10A00BCBF5F465646F6F781FD83461D
:103BB0000028E2D1002F08BF274639463846FFF7D4
:103BC0003FFF30F002033FD109B0BDE8F08F9145CF
:103BD00045D08046DDE7227F204642F00202227770
:103BE000E168A2699047D845A9D1FF238DF80A3032
:103BF0000DF10A00F6F75CFD04460028E4D0037FCF
:103C00009F07F5D1837A9E07F2D4C3684B4502D053
:103C100000DED0F80C90434A4846137B43F0010382
:103C20001373D2E9001303AA9847064600B310F1B4
:103C3000100F5ED03B4A002093681168984716F138
:103C40000B0F1ED08C36BFD000DEBDE77047354964
:103C500018460A7B42F001020A73F6F745BD237F3E
:103C6000204643F002032377E168A3699847BCE745
:103C7000237F204643F00203A269E168237790473F
:103C8000A2E700230226FF27264AD2F80890D2E9AD
:103C9000004813608DF80B700DF10B00F6F708FD6E
:103CA00090B1037F9A07F7D40DB9DB07F4D4C3684A
:103CB000A342F1D1037F214643F0020382690377D7
:103CC00090478DF80B70E7E70125AE4201D02E46F4
:103CD000E0E70794002449464046039B009604AA67
:103CE000CDE904440694F6F79BFC00287FF46CAF02
:103CF000AAE7A37A43F00203A3720DF10A00F6F7D4
:103D0000D7FC014600283FF45FAF037F9D07F4D145
:103D1000837A9C07F1D4FFF793FE30F002033FF45F
:103D200053AF91E76014002010B517480CF0FAF873
:103D300038B30024154B9C6000F0A2FA00281FDB6A
:103D4000224621468A20EDF7F1FE22460121E3209A
:103D5000EDF7ECFE214622461E20EDF7E7FE4FF47C
:103D600080720B4B8A20C3F88824EDF7AFFEE32066
:103D7000EDF7ACFE1E20EDF7A9FE02F0EBF82046B1
:103D800010BD6FF0120010BD841D020060140020F1
:103D900000A0085008B500F085FA002809DB8A2049
:103DA000EDF7A2FEE320EDF79FFE1E20EDF79CFE4F
:103DB000002008BD0A460146024892B283681B688B
:103DC000184700BF841D020030B4074DAB685C6823
:103DD00034B1A4468AB200230146284630BC60476D
:103DE0006FF0570030BC7047841D02000020704700
:103DF00030B5044683B078B31D4B1A68824225D093
:103E0000FF250DF107008DF80750F6F751FC38B982
:103E10001AE0A1420AD00DF10700F6F749FC98B16B
:103E2000037F9B07F7D4C168002CF2D1037F82691E
:103E300043F00203037790470DF107008DF8075018
:103E4000F6F736FC0028EBD103B030BD9B686BB1B0
:103E5000014600209847D3E7054A9368002BCFD04E
:103E600011680029CCD000209847C9E700DEC7E7D9
:103E7000601400200020704710B50446F6F70AFCD5
:103E80008CB90D4B9A68AAB100221C689A601A601E
:103E900004B124680020F6F727FC2046F6F7B4FCAE
:103EA00028B1002010BD0028F3D100DEF1E700DECC
:103EB000002010BD00DEE7E7601400208446064ABB
:103EC00013689068B3EB0C0318BF0123B0FA80F0BD
:103ED0000B704009704700BF6014002040F2726010
:103EE000704700BF10B51446F5F770FD2146F5F791
:103EF0006FFD002805DB5130B0F58A7F38BF002008
:103F000010BD002010BD00BF262810B5044613D0F8
:103F1000272809D0252817D1022002F093F820463F
:103F2000BDE8104002F094B8502002F08BF8204613
:103F3000BDE8104002F08CB81A2002F083F8204649
:103F4000BDE8104002F084B80A2807D927280AD90A
:103F500000DE2046BDE8104002F07AB80230400092
:103F600002F070F8DBE70330400002F06BF8D6E7B0
:103F700002F0CEB802F0D4B808B502F01DF9BDE8E1
:103F8000084002F0C3BA00BF08B502F015F902F00C
:103F9000BDFABDE8084002F071BA00BF08B502F0F2
:103FA0000BF902F0B3FA02F097FA02F03BFDBDE81C
:103FB000084002F063BA00BF014608B5114801F09D
:103FC000BFFF02F039F960B102F016FC01F0F6FF14
:103FD00000F0A6F900280EDBBDE808400020FFF73E
:103FE0004BBF02F0BFF802F007FC01F0E7FF00F062
:103FF00097F90028F0DA00DEBDE808400020FFF75E
:104000003BBF00BF013A010010B5044602F0D4F8EE
:1040100002F07CFA02F060FA02F004FD02F02EFADF
:104020002046BDE81040FFF7C7BF00BF10B50446EB
:1040300002F0C2F821460D4801F082FF02F0FCF8C0
:1040400040B100F06DF900280ADBBDE81040002007
:10405000FFF712BF02F086F800F062F90028F4DAE8
:1040600000DEBDE810400020FFF706BF013A010066
:104070002DE9F04FFF248046894692461F4689B0BD
:104080009DF848B08DF81F400DF11F00F6F710FBAA
:10409000002864D0037F9D07F6D1837A9C07F3D470
:1040A00005683E689DF81F30044629463046059352
:1040B000F5F78EFCBBF1000F7DD0BC4208BF002499
:1040C00026460DF11F00F6F7F3FAC0B1027F910703
:1040D000F7D1827A9207F4D40268294604901046F8
:1040E0000392F5F775FC039A049B00280DF11F005D
:1040F000BCBF15461E46F6F7DBFA0028E6D1059B45
:104100008DF81F30464B9A68002A74D1002E72D168
:104110004CB3BBF1000F61D11A7BB97A02F00102F6
:1041200001F002010A434ED14946534640463A4601
:104130000096F6F775FA0146002848D0BB7A9B072F
:104140000AD4002C14BF26460E463046FFF778FCF2
:1041500030F0020300D000DE6FF0760427E0304B31
:104160009A68002A45D11A7BB97A02F0010201F05F
:1041700002010A433DD01A7B384622F001021A732D
:10418000FA68C3E901891A60D04704460DF11F009F
:10419000F6F78EFA014650B1037F9D07F6D1837A78
:1041A0009A07F3D4FFF74CFC30F0020331D12046DC
:1041B00009B0BDE8F08F0028BFF67FAFFF2335467A
:1041C0005C4605937CE7BC42D5D000DED3E700DE39
:1041D000BB7A9F07C0D4002EB7D1B2E753463A4608
:1041E00049464046CDF800B0F6F71AFA0028B3D198
:1041F000B1E7002426464946534640463A46CDF8A4
:1042000000B0F6F70DFA014628B1BBF1000FA3D1BB
:10421000DEE700DECBE700DEBBF1000F9CD1D7E785
:104220006014002001F1100004F07ABD70B505465D
:104230000C4688B00122002104A80BF0E9FF0323FB
:10424000002602930D4B694628460396019307F01A
:10425000A0FE002810DB314647F6122340F2E7307B
:104260004FF47A72E4FB03010023ECF709F90246EC
:104270000B4604A804F088FD08B070BD254201007B
:1042800038B5012002F096FE01240023044D6B6036
:10429000AC60EB602946BDE8384007F07ABE00BF4D
:1042A000D07D002010B5012002F084FE04460449B0
:1042B00007F0DEFE2046BDE8104007F0B5BE00BFA7
:1042C000D07D00200C4B1A780AB1002070470120E5
:1042D00010B5187002F06EFE4FF47A710446FFF7C5
:1042E000A5FF38B9204607F09FFE02280CBF00202A
:1042F0006FF0040010BD00BFAA8C002008B5074B6A
:10430000D3E8EF2F511CC3E8E01F0028F8D1002AA2
:1043100001DC02F057FE002008BD00BFCC7D00206C
:1043200008B50A4BD3E8AF2F002A0CDDD3E8EF2FF6
:10433000511EC3E8E01F0028F8D1012A01DC02F079
:1043400053FE002008BD6FF0770008BDCC7D002033
:104350000520704700B9704700DE7047002208B59D
:104360000399054B012099601146F4F769F900B9EA
:1043700008BD00DE08BD00BF000500202DE9F041AA
:10438000C4688CB094F92830002BC0F2D5806368E3
:1043900005460E46002B40F0C48094F8283023F0E8
:1043A000010384F8283001F0D7FD002001F012FE4F
:1043B0000021084601F004FE08200022252101F01A
:1043C00071FE0120F6F7D0F8002800F0BC801C3008
:1043D00001F092FE6D4B0BA80B9301F04FFE6C4960
:1043E00040F25B6001F032FF94F82800C0F3410016
:1043F0002530FFF789FD2146664801F0A1FD94F8BC
:1044000028309B0603D46368002B00F08780962039
:1044100002F092F800231A461946184601F0F0FF00
:10442000FFF770FA002841D194F8283013F0180FE4
:1044300054D1D4F800802F684046FFF74FFD074461
:104440006A6807F21311002002F084F802F010FAF3
:1044500002F004F82046F8F7E1F801460231404640
:104460003A46C9B2FFF73EFD8046002871D116B921
:10447000636B002B3BD163687BB12B6804F118029E
:10448000A3616968444BE1619A6002210122002026
:104490006462F4F7D5F8002859D12046FFF7EAFC0A
:1044A000002852D100200CB0BDE8F08194F828001B
:1044B000C0F3C000FEF702FF07460DF12B00FFF727
:1044C00043F9804679783878BA1C01F0DBFF002286
:1044D00041469DF82B0002F019FAAAE70120FEF7E9
:1044E000EDFE4178821C007801F0CCFFA1E740F29C
:1044F000F3120892294A00930792294A3B460592F3
:1045000031460122CDE90366CDE901660694F5F74F
:1045100033F910F0FD0FAED000DEACE701F08AFFFA
:104520007EE7636893F82A30D90705D4636893F867
:104530002A309A077FF531AF21461A4801F000FD75
:1045400001F010FEAEE700DE41E700DEAAE700DE84
:10455000A3E740F2E513144A1449154807F08FFC0D
:1045600042461449144807F08AFC002383F311885B
:10457000BFF36F8F0323184602DF1048214601F076
:10458000DFFC01F0EFFD6FF08B008CE7D6BE898E6B
:1045900055555500D14A0100100500205543010032
:1045A0005D4301002D4001009C2D0200E82D02001A
:1045B000C42C0200F42F0200EC2D02004D46010035
:1045C0000021FFF7DBBE00BF10B5044682B0FFF745
:1045D000E5FC94F8283023F0010384F828309B068A
:1045E00001D4636833B3962001F0A6FF0023184678
:1045F0001A46194601F004FF0120F5F7B5FF00B394
:104600001C3001F079FDFFF77DF940B901F026FF7C
:1046100021460D4802B0BDE8104001F091BC0DF1FB
:104620000700FFF791F8002201469DF8070002F00D
:104630006DF9EBE701F0FEFE0120F5F795FF00288C
:10464000DED100DEDCE700BFD14A010010B5044630
:10465000FFF7A4FC01F036FF2046BDE81040FFF74D
:10466000ABBC00BF08B5FFF7AFFF01F061FDBDE8CF
:10467000084002F0FDB800BF70B582B00546FFF7F4
:104680007BFC01F0D7FE0120F5F76EFF78B31C30FC
:1046900001F032FD01F0B2FD38BBFFF733F9C8B9C4
:1046A00002F0EEF800210446084601F03BFD00212F
:1046B0000646084601F032FD3444CB34201A02F09D
:1046C000A5F801F0CBFE29460A4802B0BDE87040CB
:1046D00001F036BC0DF10700FFF736F80022014665
:1046E0009DF8070002F012F9DAE700DED5E700DEF8
:1046F000CDE700BFD14A010070B5C36804461E680B
:10470000F5F764F905463046FFF7E8FB00232D1A5C
:104710002560636023812046BDE870400121FFF7DA
:104720002DBE00BF38B50446FFF74EFF94F8283081
:1047300094F82820C3F34103013303F00303032B50
:1047400008BF002363F3420214BF03F125002520B4
:1047500084F82820FFF7D8FB63680BB1236953B9AD
:10476000F5F734F901460020563101F0ADFFBDE800
:10477000384002F07DB802F031F80546F5F726F929
:1047800001460020563101F09FFF02F071F802F05F
:1047900025F82946F5F71CF923691B1A236138BD52
:1047A00008B54B6823B14B6893F82A30DB070BD46C
:1047B000814204D04B6B4BB16FF08B0008BD0948B0
:1047C00001F0BEFB01F0CEFC002008BD064B1360DB
:1047D000FFF794FD002802DB6FF00A0008BD00DE41
:1047E000FAE700BF25470100F946010030B504464D
:1047F00085B0FFF7D3FB20460DF10F01FFF75EFBFD
:1048000008B105B030BD054601F05CFE012294F808
:1048100028102846C1F34103134403F00303032B7C
:1048200008BF002363F3420100952B4684F828104B
:104830002946F5F707F894F92830002B04DB2046C9
:10484000FFF7BAFB05B030BD054B012229462846CB
:104850009C60F3F7F5FE0028F1D000DEEFE700BF23
:10486000F00400202DE9F84316469DF8209080467C
:104870004A460D46304619461F46FFF721F80446C2
:10488000A0B91DB198F829309B071ED498F828507C
:10489000C5F38013B3420CD0C5F3C105012D05D972
:1048A00026B17B7903F0C003402B14D02046BDE82D
:1048B000F8830622394608F12B000DF065F900282F
:1048C000EAD101242046BDE8F8834846FEF728FFD8
:1048D0000028EBD1DAE7099B002BF2D00123099ADB
:1048E0001370EEE710B548B10C46FFF719FD00282C
:1048F0000BDB2046BDE81040FFF7BEBA044801F0CC
:104900001FFBBDE8104001F02DBC00DEF1E700BF49
:10491000ED470100002070470020704710B582B0BD
:104920000446FFF7EBFC002809DB0023074A08498F
:1049300008480094F5F796FF18B902B010BD00DEE4
:10494000F3E77730F9D000DEF7E700BFC14501009B
:10495000E5480100A147010010B50446084694F857
:104960002810090702D442B9012010BD002AFBD14A
:10497000BDE810401846FEF735BF1946FEF748FF60
:104980000028F1D194F82800C0F3C00010BD00BF8A
:104990002DE9F04F83B09DF838609DF83040B601A6
:1049A00006F0400646F0250646EAC4160C464FF0CF
:1049B000220C0127984623780F9903F01003334304
:1049C0004668237084F801C00B681546C4F80230AD
:1049D0008B880D9AE38013688246A3609388A38135
:1049E0007368C4F80E303289B37A677562822375B2
:1049F000B6F8169001F03EFF0746002D3DD005F0B9
:104A0000030B0BF12B0B4FEACB0BC5F340032BFA37
:104A100003FB4146284601F085FB07F5AF67DAF84E
:104A200010305F448046A7EB000B4BBB109AC2F8D6
:104A300000B0A375E375F28A94F823302283328B99
:104A40006283BAF81420A283D6F82220C4F81E206C
:104A500096F8262084F8222096F8282062F3040392
:104A600084F82330FFF774FC94F8233060F3471385
:104A700084F8233003B0BDE8F08F4FF4B07BC8E773
:104A800040F2E24303FB09F901F0B0FE0346DAF815
:104A90001020284601211D46019201F041FB019A98
:104AA0002B181344002B01DB5B4501D24B44F9E783
:104AB000109AA8EB070813609844044BA3FB082343
:104AC000627D9B0A0132E3826275B4E75917B7D160
:104AD0002DE9F0478AB0044601F09AFBC0B20028E5
:104AE00000F0FE8001F0BEFB054601F0FFFC07462A
:104AF00001F006FD814601F0ABFF064601F08CFF98
:104B0000824601F0BDFCEDB2804601F0A5FCFFF746
:104B100045FA45B92146C04801F012FA0AB0BDE88D
:104B2000F04701F01FBB0120F5F71EFD05460028E8
:104B300000F0A18117F0FF07F6B240F0DA80002EF6
:104B400040F0D1804FF0FF093A464B4631462046AF
:104B5000FFF702FF0028DDD000232A7F61688DF86F
:104B600023305FFA88F702F00F03002900F0E48099
:104B7000616891F82A10880700F1DE80072BC9D000
:104B800094F82810090740F11681002B40F0BB80F3
:104B90006B7F063B1F2BBDD80420F5F7E5FC0028F2
:104BA000B8D001F067FE636B43B940F27122638EA7
:104BB00002FB03F3B0FBF3F203FB120023685B6814
:104BC000A3F20A338342A5D301F034FC484663685C
:104BD000FEF7A6FD94F829308246990740F1D78167
:104BE000002800F0D4818046012701F049FBCDE97F
:104BF0000278804609AB049305F11E0301932B7FD5
:104C00000022C3F380132046414600930123FFF79F
:104C1000BFFE404601F076FA01F0F0FA002840F0BD
:104C2000D38121467D4801F08BF9626892F82A30E1
:104C300043F0010382F82A3094F8283043F08003CF
:104C400084F82830F5F7AAFC17214FF6FF720746C3
:104C500043460171C2802A7F08F12001C2F340104F
:104C600007F11C02D3F80080D3F804E0D3F808C0A1
:104C7000DD6810338B42C2F80080C2F804E0C2F84D
:104C800008C0D56002F11002ECD11B6813603B7FB5
:104C9000BC6060F345133B7701F0A0FD002E08BF18
:104CA0004FF0FF093861099B87F819907B6194F8F0
:104CB0002930BA7EC3F34003BAF1000F0CBF0023C2
:104CC00003F0010363F30002BA76F5F767FC394697
:104CD00003463868FB600AB0BDE8F047F5F788BCCA
:104CE000FFF75CF916E75FFA8AF0FEF75BFD814695
:104CF0002AE794F828005FFA89F1C0F3C000FEF7B4
:104D00002DFD814620E7012B40F08A806A7F0C2A26
:104D10007FF400AF194600232A7F20460193CDF887
:104D20000090D20905F12403FFF79CFD00287FF4D1
:104D300033AF2B7F03F00F03002B4DD16B7F9A1FF6
:104D40001F2A3FF6E7AE94F8282002F02102202A1D
:104D500007D16268002A00F0AE80063B1F2B3FF6A9
:104D6000D9AE63682BB12B7F03F00F03072B7FF4C1
:104D7000D1AE03209DF82380F5F7F6FB0546002809
:104D80003FF4C8AEF5F70AFC4FF6FF73EB8005233E
:104D90002B71EFB97F20002E08BF4FF0FF09AB7ECB
:104DA000287668F3410329462868AB7685F8199080
:104DB000F5F71EFCAEE6B9F1FF0F8DF82490C2F3B3
:104DC00080185AD094F82A2091453FF4DEAEB3E71C
:104DD00001F04EFBC0B2DEE7062BAFD04521D94033
:104DE00011F0010140F0F480012B20D16B7F0C2BDE
:104DF0007FF490AE2A7F0DF1230301932046CDF876
:104E00000090D20905F12403FFF72CFD78B16B7FE8
:104E1000002BA6D17EE600BF65460100ED470100EC
:104E2000062B8BD04522DA40D00700F1D1802B7FB2
:104E300003F00F03042B7FF46DAE6B7F063B1F2B3B
:104E40003FF668AE94F82830DB077FF563AE01F0DB
:104E500017FA2B7F0278C3F38013B3EBD21F7FF4D2
:104E600059AE0622083005F11E010CF08DFE002817
:104E70007FF450AECBE700DE5CE605F11E0A51463A
:104E8000404609AAFEF7E2FC00283FF452AF94F82E
:104E9000293003F0010343457FF44BAF514606220E
:104EA00004F108000CF070FE00287FF442AF2B7F65
:104EB00003F00F0369E69620079201F03DFB079A85
:104EC000104601F087FA0320F5F74EFB80460028D4
:104ED0003FF420AEF5F762FB4FF6FF73A8F80630FB
:104EE000052388F80430002F6AD17F23002E14BFD9
:104EF0004A46FF2288F8183098F81A30414623F0C5
:104F0000020388F81A3088F81920D8F80000F5F75D
:104F10006FFB01F0B5F9064603210C2233784846B1
:104F200061F3030333702B7F72703278C3F3801305
:104F300063F3C7123270FEF7F3FB94F8292092074F
:104F40002CD558B33246317841F0400102F8021BAB
:104F50000168C6F8021083889380D5F81E30304669
:104F6000B3606B8CB38101F0CDF801F047F968BBF9
:104F700001F07EFC214694F82830164843F00103E6
:104F800084F828300AB0BDE8F04700F0D9BF94F8A3
:104F9000287004F12B08C7F3801726E694F8283010
:104FA0003278C3F3801363F38612334603F8022B7F
:104FB000D4F82B20C6F80220B4F82F209A80CCE732
:104FC00001F056FAC3B291E700DE2AE600DECFE731
:104FD0006B7FC2E67946010010B50446FEF7DEFF9E
:104FE000F5F704FC0246F0B14FF0010C0F4B1049ED
:104FF0001B7809780F4803FA0CF301EA0C0103F05F
:1050000002030B430188204651800B4C1179247810
:1050100021F003010B4382F800C013719471BDE8C5
:105020001040FEF7C9BF00DEDEE700BFAD8C0020F8
:10503000AE8C0020FC8A0020AB8C002008B501F06B
:105040001BF9034601211A78002061F301021A704E
:1050500008BD00BF00207047704700BF002330B478
:105060000749084A0B801380074C084D0848094936
:10507000094A2B70237003700B70137030BC70479B
:10508000FE8A0020FC8A0020AE8C0020AD8C00201F
:10509000AF8C0020AC8C0020AB8C0020814207D06C
:1050A00091F82A305B0716D50E4B188898B97047CF
:1050B0000C4A0D4B1288197872B939B10B4A136832
:1050C0000133136000DE6FF08B00704701226FF038
:1050D0000F001A707047044B1B78002BEED16FF055
:1050E0008B007047FC8A0020AC8C0020F87D0020EB
:1050F00038B50D46F8B10446FFF712F9002835DB44
:10510000E3682189588B4A1C024499835A83F5F736
:105110006DFB034660B3002101241A79598022F007
:10512000030242F002021A711C7099712846BDE810
:105130003840FEF7A1BE91F92730002B0ADB294643
:105140000C4800F0FDFE01F00DF895F896301B07B5
:1051500008D438BD084B1B88002BF0D10122074B27
:105160001A70ECE7BDE8384001F0C6BB00DEC7E7C7
:1051700000DED0E7D94F0100FE8A0020AD8C002070
:10518000F8B504460120F5F7EFF950B30021417757
:1051900094F87D5000F11C0705F007052846E68FBE
:1051A00000F00EFF94F89630AA001B07F1B242F00F
:1051B00001020ED504310820C9B200F073FF3A464F
:1051C000294604F1970001F05DFBBDE8F84000F0CE
:1051D00093BF082000F066FF3846BDE8F84000F0B5
:1051E0008BBF00DED2E700BF38B50446FEF7C4FE31
:1051F0002A4A2B491388087801332728138007D8B7
:105200000B782849DBB251F82320013241F82320E2
:10521000A08901F091F994F87C2094F87D00C2F304
:10522000C003002102F0070200F0070001F0E8F8D7
:105230002046FFF7A5FF00F0E1FF60BB01F020FB77
:105240000346258A94F87D0001210D3500F0070002
:105250001D4400F067FF94F87D30054403F0070318
:10526000022B16D0042B0CBF4FF4BC73282394F8E8
:105270007C001D44C0F3C00100F0070000F04EFFA9
:10528000281A01F0C3FA2146BDE83840064800F06C
:1052900057BE1823EBE700DED0E700BFFE8A0020F0
:1052A000AD050020887E0020C1530100F8B50546F9
:1052B0000F4690F87C10868F01F007042046C1F35A
:1052C000C00100F07DFE95F89630A200DB0642F0AA
:1052D0000102F1B20DD504310820C9B200F0E2FE9E
:1052E000394605F1B80001F0D1FABDE8F84000F008
:1052F00009BF082000F0D6FE3846BDE8F84000F0AF
:1053000001BF00BFF0B5054683B001AA0F46D0E942
:105310002001F3F725F995F8963006465A0738D458
:1053200048B3019C95F8953095F8942004341C44BA
:1053300012B9627885F8942033B10122237862F3A0
:105340000103237095F8953095F894202846D31AD8
:105350006370F8F7E7F8637883422AD90122607016
:1053600000212378A17003F00F0343EA0213237096
:105370003C6003B0F0BD43F0040385F8963000F0C4
:105380007BFF0446237823F0100323703C6003B0B6
:10539000F0BD43F0040385F8963000F06DFF04463D
:1053A000002EEFD0037843F0100303703C6003B08D
:1053B000F0BD3268D5F88430D21A18BF0122CFE789
:1053C0002DE9F04782B0044600F022FFC0B2002869
:1053D00000F0EC8000F046FFC5B201F051F8FEF796
:1053E000D3FDC24A13880133138094F92730002B70
:1053F00056DB0120F5F7B8F80646002800F0888152
:10540000002D64D1BA4B94F896901D78C9F38009A9
:10541000002D40F0D6800122204601A91A70FFF726
:1054200071FF00252F46B34B1B78002B00F0AE8098
:105430002146B14800F084FD94F92730002B80F21A
:105440000681019994F896200B78204662F3C303F5
:105450000B7094F896300A78C3F3400363F382022A
:105460000A70FFF723FF00F0C9FE002840F04E81CC
:1054700001F0F8F900287ED0002F00F083804FF66D
:10548000FF73A08A984200F048813946F7F7DEFFA3
:10549000002D40F0A28002B0BDE8F047F5F7A0B8BB
:1054A000002D00F0A980954B1A78272A00F212816E
:1054B00001201B789249DBB251F82320024441F8C5
:1054C0002320F5F751F80646002800F00A8194F8E9
:1054D0009630317F03F00102C1F38000904206F163
:1054E0001C0A00F0928082F0010262F3000313F0C4
:1054F000040884F89630DAB240F0B780D4E920018D
:1055000001AAF3F72DF80746002800F0C580019D99
:1055100094F89590043505EB09035B7873B194F822
:105520009620D2060AD5D4F8C8200132C4F8C82083
:10553000D4F8CC2042F10002C4F8CC2094F8942096
:105540004B44DBB29342C0F0E58000F00F8100DEF7
:10555000002794F92730327F002BC0F2A180D006BB
:1055600000F19E8015F80930C3F3001383F00103A6
:105570005FFA83F894E001F069F901F06DF9002F0A
:105580007FF47DAF4DBB02B0BDE8F087E08900F04D
:10559000D3FF94F87D0000F0070000F01BFF2146C8
:1055A000584800F0CDFC01F063F94AE7FEF7ECFC47
:1055B0002146514800F0C4FC02B0BDE8F04700F0BD
:1055C000D1BD013DEDB2204601A91D702F46FFF768
:1055D00099FE002D3FF42CAF23E7F4F7DFFF032300
:1055E0003371A38A31463068F380F4F7E9FF02B0E3
:1055F000BDE8F047F4F7F4BF0120F4F7B5FF064625
:1056000000287FF4FFAE00DEFCE6C1F3C001C3F367
:1056100040028A4200F09A8001210025C3F38009EC
:10562000394B334A1970204601A915702F46FFF7F0
:1056300069FE337FD9063FF5F6AE019B1A78D20694
:105640003FF5F1AE5B78002B3FF4F2AEEBE600F0F5
:1056500089FD00F0D3FD002840F0868094F8963054
:1056600069F3820384F8963002E7134623F00403BB
:1056700084F8963000F000FE94F92730002B0BDB05
:10568000327F12F0100708D10378C3F3001383F0C0
:1056900001035FFA83F803E0327F4FF000084746CA
:1056A00094F89690C2F3C002C9F340039A4237D0EF
:1056B0000025002101220E4B20461970124B01A932
:1056C000C9F380091A70FFF71DFEB8F1000F7FF4CF
:1056D000AFAEAEE70120F4F747FF064600287FF49F
:1056E000F6AE00DE00231B7FFFDE00BFFC8A002039
:1056F000AF8C0020AC8C0020D94F0100AD050020FC
:10570000887E0020E9510100AE8C002000DEAFE66B
:1057100000DE75E684F895301AE700DEA08AB4E66C
:105720000320F4F721FFD8B194F8963083F00203F8
:1057300084F89630757F15B95FFA83F9B9E794F864
:10574000969019F0080F21D10125B2E70320F4F754
:105750000BFF074600284ED04FF000084746E3E70E
:10576000054694F89690A4E700DE77E70022D4F887
:10577000840004F18001A4F89420F2F7F9FE019B63
:105780001B683B60019B1F60019FE2E601F082F80D
:1057900000286ED001F0A6F8002858D1D4F8A73020
:1057A000D4F8AB20134304D1337F03F00303032B5E
:1057B00038D00222304B214630481A7000F0C0FB2E
:1057C00000F0D0FC00F01AFD20BB01F04BF858B1FE
:1057D000002F3FF4D8AE4FF6FF73A08A98421BD03B
:1057E0003946F7F733FE56E601F030F801F034F8A9
:1057F000002FF0D1C7E60122214B94F896901F703C
:10580000204B204601A91A703D46FFF77BFDC9F3E6
:1058100080090EE700DED8E700DE3946A08AF7F7F8
:1058200015FE38E600F02CFD42780146272AC0D844
:10583000504603320CF07AF9D4F8A730013BC4F893
:10584000A730D4F8AB3043F1FF33C4F8AB300122BA
:10585000D4F8A73004F1A7019B18C4F8A730D4F8F6
:10586000AB3043F100034B60034B94F896901A70F1
:105870006AE700DE8EE700BFAB8C0020D94F010045
:10588000AF8C0020AE8C00204FF6FF73F0B5C468DB
:1058900085B0A28A9A4200F0AD800546FFF7DEFB94
:1058A00000212B89628B208C1A4492B210446183B0
:1058B00080B294F82710A383431C238401F03F0394
:1058C0004906E28371D494F8281004F1290000936A
:1058D00004F12203FCF7EEFF0646204603A9FFF77A
:1058E00011FD039B94F896101A7861F3C3021A70A5
:1058F000039A94F896301178C3F3400363F382015E
:10590000117000F029FB002000F064FB201D00F066
:10591000B5FB2389A17A40F25B6043EA014100F0C4
:1059200095FC394B272E1E7005D8384A52F8263080
:10593000013342F826303046FEF7E6FA2046039956
:10594000FFF7B4FC2146324800F0FAFAE08900F093
:10595000F3FD94F87D0000F0070000F03BFD2768A0
:105960002E683846FEF7BAFA03461E4406F21311B3
:105970006A68012000F0EEFD00F07AFFA18A32464D
:1059800003313846C9B2FEF7ADFA0646A0B1AB7A8C
:1059900013F0020518D0002521461E4800F0D0FA69
:1059A00000F0E0FB284605B0F0BD218D04F1220295
:1059B000FCF7C4FF064690E72046FEF75BFA00BB03
:1059C0000025284605B0F0BD4FF48273124A1349F2
:1059D000134806F054FA32461249134806F04FFABB
:1059E00085F31188BFF36F8F0323184602DF6FF032
:1059F0008B05D1E721460D4800F0A2FA00F0B2FB7A
:105A0000DEE700DEDCE700BFAD050020287F0020D8
:105A1000E951010009400100182E0200E82D0200A2
:105A2000C42C020008300200EC2D02002D400100C1
:105A300010B582B00446FEF761FC002809DB0023A4
:105A4000074A084908480094F4F70CFF18B902B057
:105A500010BD00DEF3E77730F9D000DEF7E700BFD6
:105A600089580100F15001009D500100264B02466B
:105A7000D3F8A413013106D02349D1F8A00310F0C4
:105A8000010009D170474FF6FF71D3F8A8339BB2DC
:105A90008B42F1D100207047D1F8A4331360D1F8C4
:105AA000A803C0F3072363F03F0310715371D1F8CB
:105AB000903301331CD0D1F89433013318D0D1F88E
:105AC0009833013314D0D1F89C33013310D0D1F87E
:105AD0009033C2F80630D1F89433C2F80A30D1F8C6
:105AE0009833C2F80E30D1F89C33C2F8123008E077
:105AF0000023C2F80630C2F80A30C2F80E30C2F8ED
:105B000012300120704700BF00C0FF000023144A7C
:105B1000036043608360C360D2F88033013318D0E0
:105B2000D2F88433013314D0D2F88833013310D043
:105B3000D2F88C3301330CD0D2F880330B60D2F81A
:105B400084334B60D2F888338B60D2F88C33CB60CF
:105B5000704700230B604B608B60CB60704700BFC9
:105B600000C0FF0000214FF48062034BC3F82811EE
:105B7000C3F81423704700BF00200E50034B187861
:105B8000421C003818BF01201A707047B08C0020EA
:105B9000064B187830B10138C0B21870003818BF01
:105BA0000120704700DE1878F5E700BFB08C0020B8
:105BB000054BD3F84427D3F840075200D3F84417D5
:105BC000F7D40029F5DB704700200E5030B484462E
:105BD0000C461D4AD2F84437D2F8401713F08043E0
:105BE000D2F84407F6D10028F4DB012502EB0C12B1
:105BF000C2F82C354FEA8C02D2B24FEA0C1C0CF1E1
:105C0000A04002F1A042013900F5622002F56222B3
:105C1000C0F820151560D0F820259142FBD0A24293
:105C20004FF00102D0F824150CF1A04388BF0131D8
:105C3000C1F3130103F56223C0F82045C0F8241511
:105C4000C3F82C2530BC704700200E502DE9F043DE
:105C50000025594C5949C4F800550225C4F800558F
:105C60008025574E022AC6F81413C4F88010554CEC
:105C7000C4F89C1104F58024C4F89C105249A4F582
:105C80008224C4F80455C1F80455504C4A49C1F85F
:105C9000044500F08D80032A40F08680A322C1F8DD
:105CA00048250268444912BAC1F81C2542680126F9
:105CB00012BAC1F8182582684FF00E0E12BAC1F858
:105CC0001425C268424F12BAC1F81025027CC1F8EF
:105CD0002C25B0F81340027E64BA02F00102A4B28F
:105CE00044EAC214B0F8112052BA44EA0244C1F89E
:105CF0002845D0F81940374A24BA9260C1F82445A3
:105D0000D0F81D002E4C00BAC1F82005D4F8280E9A
:105D10001546002405F8044FD2F82C805FFA80FC69
:105D20002D480CF102091061956101382B4D69F382
:105D300017081680C2F82C8006F1506600F103089F
:105D40005561D5611062D7605662C2F8288082F82A
:105D50002FE0C2E913535564D56DACF1040C6CF31C
:105D60001705D565C2E90C44C2E9184402F10805DB
:105D7000D763566582F85FE0C1F8305502F1380507
:105D8000C1F83855C1F80441D1F80451C1F80841AF
:105D9000D1F80811591C941D03331164511D9463EB
:105DA00091649365BDE8F083E322C1F8482578E764
:105DB000C322C1F8482574E7006004500700008042
:105DC00000A00850003004500020085002000001DC
:105DD0000200000B2C800020998000200100000CA4
:105DE000F0B402240025464B0229C3F80055C3F83D
:105DF0000045444CC3F804457ED0032978D1A32143
:105E0000C3F8481503683E491BBAC1F81C354368FE
:105E100001251BBAC1F8183583684FF00E0C1BBA68
:105E2000C1F81435C3681BBAC1F81035037CC1F83A
:105E30002C35B0F81340037E64BA03F00103A4B21A
:105E400044EAC314B0F811305BBA44EA03442E4B61
:105E5000C1F828451E460024D0F819709B603FBA4F
:105E6000C1F82475D0F81D00284F00BAC1F82005EC
:105E70001D80DF6050789A6126F8020F03321A62A3
:105E80005A6A1E6160F317025A62214E021D2148B0
:105E90009C62D8615E6183F827C0DC625865DE6D64
:105EA0001D48C3E91844186462F31706013803F16A
:105EB0000802DE65DF63186583F85FC0C1F830252E
:105EC00003F13802C1F83825C1F80441D1F80421A2
:105ED000C1F80841D1F80821C21C9A650F4A0D602B
:105EE000591DC3E91121DA649A1D9A63F0BC704709
:105EF000E321C3F8481585E7C321C3F8481581E7B6
:105F000000600450000005012C8000200200000BFE
:105F10000200000C0100000D998000200100000C1F
:105F2000044BD3F8203223B1034A044B10681B689A
:105F30001847704700A00850A4820020A8820020C3
:105F4000024B034A19601060704700BFA482002012
:105F5000A8820020704700BF0022012130B4144BFA
:105F60001448154DC0F8282EC3F8A020C3F8A4206B
:105F7000C3F8A820C3F8AC205962D962C3F810282E
:105F8000D3F8104844F48044C3F81048C3F81428E8
:105F9000D3F8144844F40044C3F81448C0F800216E
:105FA000C0F80421C0F80417296330BC704700BF53
:105FB0000020085000A0085000E01050704700BFBB
:105FC00002280CBF04220322014BC3F800257047AE
:105FD00000A00850072821DC00F10A03DBB2112BD6
:105FE00015D910F10C0F20DA10F10E0F1FDA10F195
:105FF000100F18DA10F1140F1DDA10F11C0F18DA57
:106000002930CCBF4FF498724FF4887202E00B4AEB
:1060100052F823200A4BC3F8102770473F22084B41
:10602000C3F8102770470422F4E70622F2E705229E
:10603000F0E70122EEE70222ECE700BF1430020095
:1060400000A00850014BC3F80807704700A0085093
:10605000094B40F4090040F04000C3F84005D3F874
:10606000282E22F00072C3F8282ED3F8282E42F0F2
:106070000072C3F8282E704700A0085000210123A9
:10608000074AC2F83C1EC2F8403EC378C2F8343E0C
:106090008178038843EA01431B02C2F82C3E704713
:1060A00000A0085002F01C03A3F10803B3FA83F325
:1060B00002F00302013A5B091B06022A98BF43F46F
:1060C000801300F00F000A4A184340F48070C2F8B1
:1060D000200ED2F8280E074B0340C2F8283ED2F813
:1060E000283E194341F44031C2F8281E704700BFD2
:1060F00000A008500000F8FE014BC3F8D00E704716
:1061000000A00850014BC3F8D00E704700A0085003
:1061100002280CBF28202920704700BF01207047AB
:106120002920704702280CBF05200A20704700BFB5
:106130004FF40050012110B4064A074B074CC3F836
:106140001823C4F88C20064AC2F80405596010BC14
:10615000704700BF0D00008000A00850005008509C
:106160000020085000234FF40050012130B44FF4B8
:106170007E540E4A0E4DC5F88C30C2F8A030C2F8DD
:10618000A830C2F808050B485162D162C0F8DC356E
:10619000A0F51C20C0F8803000F58820C2F8084522
:1061A000C0F80034016130BC704700BF00200850C7
:1061B0000050085000200E5000220F4BC3F8002260
:1061C000D3F80012C3F80C22D3F80C12C3F818222B
:1061D000D3F81812C3F81C22D3F81C12C3F85C229F
:1061E000D3F85C12C3F83822D3F83812C3F820224F
:1061F000D3F82032704700BF00A00850034BD3F8FB
:106200000002003818BF0120704700BF00A00850EE
:10621000064BD3F8180238B10120054A0549136826
:10622000D1F848150B441360704700BF00A0085018
:106230009C82002000500850034BD3F82005B0FA90
:1062400080F04009704700BF00A0085040F20312E0
:10625000034BC3F8442EC3F8480EC3F84C1E7047D6
:1062600000A00850034BD3F80C0E003818BF0120D3
:10627000704700BF00A00850004870479C81002074
:1062800000487047988000202DE9F0474FF0000843
:10629000484F494E97F800C082460CF10403DBB228
:1062A0000CF1010E0CF10E044FEAC30C5FFA8CFCEA
:1062B00066444248DFF808C1424D0EF0010E9DF8D9
:1062C0002090C0F818C3C6F800C04FEACE06E4B26A
:1062D0003544012944F00044C5F800803AD0BAF1B1
:1062E000000F2ED1022A0CBF32223622364D0EF17B
:1062F0000E0141F0004103F1700645F82640C0F858
:1063000004119B0003F1502303F50023D3F840153B
:106310004FF40054914294BF0122D3F840152B480A
:1063200088BF8A1AC3F840252449254B264AC0F85D
:106330000445C1F81833C2F8C83087F800E0BDE85A
:10634000F087214A03F1700142F821402D22C0F864
:106350000441D6E7BAF1010F1BD04AF2B81149F651
:10636000346542F2B846B9F1020F18BF0D4641F24A
:106370008831022A18BF31464A19154903F17005C0
:10638000A1FB02121049920941F82540C0F80041D2
:10639000B7E70D490EF10E0242F00042B9F1020FCB
:1063A00003F1700541F82540C0F800210CBF2922F7
:1063B0002A22A6E7B18C00208020085000A00850B7
:1063C0000D000080A0200850005008500020085008
:1063D000D34D621010B5084B084A84B00446C3F888
:1063E0000024002301201A461946CDE90133009408
:1063F000FFF74AFF04B010BD00A0085001000800DC
:1064000070B58C4616461D460024084B084A84B0D9
:106410000121C3F80024024663462046CDE9006509
:106420000294FFF731FF04B070BD00BF00A0085018
:10643000010008000022054B05490648C1F8000488
:10644000C3F8A020C3F8A820704700BF0020085060
:1064500000A008500100080000207047034AD2F84D
:10646000003443F01003C2F80034704700A0085015
:10647000014BD3F81807704700A00850704700BFC1
:10648000012070474FF0000C10B44FEA8C031468E1
:1064900003F1A04303F50A23C3F8504E94880CF18E
:1064A000010CBCF1080FC3F8704E02F10602ECD1EA
:1064B000034B40EA0120C3F8900E10BC704700BFA8
:1064C00000A00850034AD2F8903E23F0FF03C2F820
:1064D000903E704700A008500022034BC3F82422CE
:1064E000D3F82432704700BF00A00850034BD3F804
:1064F0002402003818BF0120704700BF00A00850D8
:10650000014BD3F8180E704700A0085000234FF439
:106510007E5110B40548064C064AC4F8DC35C0F874
:106520008030C2F8081510BC704700BF00600450EE
:1065300000200E5000200850044B054A1B780433FD
:10654000DBB203F5A87342F823007047B18C00203A
:1065500000500850F0B4A2F574234E4CA3F510730C
:10656000A342074604D902F57422013902F51072DC
:10657000494B0125A3FB02239B0C502B184638BF27
:106580005020002402264FF0050C444A1944D560DF
:10659000C51A434BC2F80445C2F810C5C2F80865D5
:1065A000C2F840050E1AC3F8DC45D3F84427D3F8E7
:1065B00040175200D3F84447F7D4002CF5DB0122F2
:1065C0000139C3F8D015DA62354AD2F8D03599428C
:1065D000FBD04FF0000C01214FF48074D2F8D42589
:1065E0009E4238BF01322E4BC2F31302C3F82CC1B6
:1065F000C3F8D065C3F8D4252A4AC3F8DC15C3F81C
:10660000AC21A3F5BC23C3F8A02103F58023C3F874
:10661000A0202249A3F50053C3F80445A3F5802325
:10662000C1F88020C3F804454FB30132C1F8C0213E
:1066300001F5A041C1F800214FF40072C3F8042510
:106640004FF0000C4FF40057174B144A1D60174DC4
:10665000174EC5F800C0174B174C1849184DC5F810
:106660001863C2F88C60C3F80475C2F8D041C3F84F
:10667000A440C2F8D411C3F8AC10F0BC7047114A62
:10668000C1F8C0210E49C1F804214FF40072C3F8CB
:106690000425D5E7BFBDF07F83DE1B4300500850C3
:1066A00000200E5008000080A08200209C82002064
:1066B0000D000080002008500E0000800F000080B8
:1066C00000A0085009000080F0B4012450270026E3
:1066D0000546394A394B5460D460C2F84075A1F17F
:1066E0004F04C3F8DC65D3F84427D3F840175200B1
:1066F000D3F84407F7D40028F5DB012001392F4AED
:10670000C3F8D015D862D2F8D0359942FBD0002614
:1067100001214FF48070D2F8D4259C4238BF013259
:10672000264BC2F31302C3F82C61C3F8D045C3F85B
:10673000D425234AC3F8DC152249C3F8AC21A3F5BC
:10674000F033C1F8A021C3F8A020A3F50053C3F88B
:10675000040501F58051A3F58023C1F88020C3F81A
:1067600004054FF40070EDB1174C0132C1F8C0219F
:10677000C4F80021C3F8040500254F244FF400514C
:10678000124A13481560134B0F4A04600A48C2F8B6
:106790001833A2F50042C0F88C30C2F8041550201E
:1067A000F0BC70470C4A084CC1F8C021C4F8042161
:1067B000C3F80405E0E700BF0050085000200E5069
:1067C000080000800040085000A008509C82002073
:1067D000A08200200D00008009000080024BD3F849
:1067E000D425D3F8D005704700200E50014B18680F
:1067F000704700BFA082002001230249024A4B607B
:10680000536370470050085000E0105070B44FF4CC
:10681000C056094B094C0A4A0A490B4DC3F84405B6
:10682000C2F80C43C3F8C440C3F8C411C2F8101135
:10683000C5F8046570BC7047005008500B0000801C
:1068400000A008500C00008000200850014BD3F835
:106850004405704700500850014B1860704700BF56
:1068600094800020014B1868704700BF948000207E
:10687000704700BF014B1868704700BF9C82002022
:106880000020704713460122FFF7E0B90A460121B4
:10689000FFF7A6BA38B50223104CC4F80433D4F875
:1068A000043163B92025EFF3118085F31288BFF31B
:1068B0006F8F05F079FCD4F80431002BF3D002205F
:1068C0004021064B064AC3F80803C2F88811D3F8E2
:1068D0000801B0FA80F0400938BD00BF00600450E4
:1068E00000E100E0034BD3F80004003818BF01209A
:1068F000704700BF0060045001210022024B596024
:10690000C3F80025704700BF006004502DE9F04F28
:106910000325354B354ED3F8D02E354B354C9E6084
:1069200006F180761E61961C05325E60DA60C4F85E
:106930000055002855D002242F4E0219181D40F88A
:10694000341003EBC40501349442AE6001F1100130
:10695000F5D100254FF0FF3A4FF001084FF0400EFF
:106960002449DFF89890DFF898B003EBC2029560F5
:106970005560C3F860B0C3F800A0C1F83005C1F895
:106980003895C1F80885DB65C1F80051D1F80031B0
:10699000154CC1F80451D1F80431C1F80851D1F8AF
:1069A0000831C4F894EED4F80034DFF858C043EA54
:1069B0000E03C4F80034C4F83852D4F83832124FF9
:1069C000124E134B134AC4F838C3C1F880C0C7F83D
:1069D00004E5C6F898C0C2F898C1C3F804E5BDE85C
:1069E000F08F0222181DB4E700A008500300000B2E
:1069F000C87F0020006004501000000D248000209B
:106A00000400000B060000800020045000300850F5
:106A10000020085000300450014B1868704700BF38
:106A2000C87F00200023402010B4064A064C0749C6
:106A3000C2F83832D2F83822C4F80035C1F8080557
:106A400010BC704700A0085000600450002008509F
:106A5000124BD3F83832FBB101231149C1F804338A
:106A6000D1F800313BB9C82301E0013B03D0D1F894
:106A70000021002AF9D001204021094B094AC3F81E
:106A80000803C2F88811D3F804212AB1D3F8080109
:106A9000B0FA80F0400970470020704700A008500D
:106AA0000060045000E100E00139012905D8E3202D
:106AB0000AB1EBF70BB8EBF717B800DE704700BF71
:106AC00029B10139012905D8E320EBF721B81E20AF
:106AD000EBF71EB800DE0020704700BF88420BD0E5
:106AE000012803D0022809D000207047A1F102003C
:106AF000B0FA80F04009704701207047A1F1010011
:106B0000B0FA80F040097047012908D0022906D068
:106B100051B94FF08042054BC3F80021704708225D
:106B2000024BC3F81C21704700DE704700E100E013
:106B300008B509F0AAFC08BD032803D8054B185C6A
:106B400028B1704700DE034B185C0028F9D100DE45
:106B5000704700BF5C300200013810B41C460428A6
:106B600006D8DFE800F008111A23030004292FD00B
:106B700000DE10BC70470429FAD1194B02219C6039
:106B8000002010BCF1F75CBD0329F1D10121154BA8
:106B900008469C6010BCF1F753BD0429E8D1124BA4
:106BA00002219C60012010BCF1F74ABD032908D0E6
:106BB0000429DDD102210D4B08469C6010BCF1F781
:106BC0003FBD0B4B01219C60022010BCF1F738BD8A
:106BD000084B02219C60032010BCF1F731BD00BFBF
:106BE00070050020600500205005002030050020C1
:106BF000400500202005002001460A20FEF7E6BFE0
:106C00002DE9F0434FF0100E012400224FF0070C45
:106C1000374B00EB0E0800F1200700F1300600F1C1
:106C200040055C60016809BAC3F81C15416809BADF
:106C3000C3F81815816809BAC3F81415C16809BAF0
:106C4000C3F81015C0F8308080F834E080F83520A3
:106C500080F8362080F837C080F8382080F8392056
:106C600080F83A2080F83B2080F83C2080F83D20D6
:106C700080F83E2080F83F20076480F844E080F8E8
:106C8000452080F8462080F847C080F8482080F8EA
:106C9000492080F84A2080F84B2080F84C2080F86A
:106CA0004D2080F84E2080F84F20C3F83065C3F89F
:106CB0003855C3F80021C3F804211C6005E0D3F85F
:106CC000041131B9D3F8301519B1D3F800110029E6
:106CD000F5D05C60D3F804110029A2D1D3F8309527
:106CE000B9F1000F9DD0C3F83015BDE8F08300BFA7
:106CF000007004502DE9F0410126124C4720D4F8D1
:106D000030756660EAF7F0FED4F80401A7F140059B
:106D100040B10021C4F804113046D5E90E32BDE877
:106D2000F0411847D4F8003143B1C4F80001A7F18D
:106D30002001D5E90E32BDE8F041184700DEBDE87C
:106D4000F08100BF0070045070B5044694B00E4648
:106D500015462146102268461C46F1F7CFFB10224B
:106D600031460DEB0200F1F7C9FB6846FFF748FF1B
:106D700025B11022284608A9F1F7C0FB2CB108ADB7
:106D80000FCD20606160A260E36014B070BD00BFF1
:106D90000122024BC3F80424704700BF002008E022
:106DA000084B70B5C31A0D4607499B10044659435A
:106DB0004022064808F095FC2B4601462046BDE8D7
:106DC00070401847F0820020B76DDBB6141D02003A
:106DD000402373B50B4C0093041B0B460D460A4928
:106DE000A41061430646094A094808F0A5FC01467B
:106DF00028B130462B4602B0BDE87040184702B0BB
:106E000070BD00BFF0820020B76DDBB6A7F70100B0
:106E1000141D0200F8B500220121054640F20510BC
:106E2000EAF784FE0F4800F0E9FD0446B8B900F027
:106E300005FE2F690C49384605F098F8031E09DB5A
:106E400001263E642D69084905F11C0005F08EF805
:106E5000031E02DA1C462046F8BDEE64FBE76FF025
:106E60000404F8E7956F0100603002001FB50022AE
:106E700001236C46CDE902236B46074ACDE9004465
:106E800008F08AFC28B943F609520023684601F04D
:106E90007BFF04B010BD00BFB9F7010010B5EFF3E0
:106EA0001184202383F31288BFF36F8F074A13687E
:106EB00023F00201DB07116002D4012008F0CEFDAF
:106EC00084F31188BFF36F8F10BD00BF4083002093
:106ED0000C22104B014602FB0033002030B4D3E9F2
:106EE0000E529863EFF31180202484F31288BFF3CD
:106EF0006F8F1C6C04F0C00444F002041C6480F327
:106F00001188BFF36F8F1DB12B4630BC0248184764
:106F100030BC7047F0820020141D020010B4EFF363
:106F20001180202282F31288BFF36F8F16490B68FD
:106F300043F0020413F001030C6017D0134BD3F895
:106F40000C3413F4803311D0EFF3118182F31288E3
:106F5000BFF36F8F0E4A136C03F0C00343F00203BC
:106F6000136481F31188BFF36F8F012380F31188BD
:106F7000BFF36F8F1BB1002010BCFFF7A9BF01202A
:106F800010BC08F063BD00BF4083002000E010503B
:106F9000F0820020022808D0042808D1044B186C85
:106FA00010F0070003D1FFF793BF0120FBE7704704
:106FB000F0820020C3B21C20014A00FB032070476E
:106FC000F0820020074BD3E8EF2F42F00101C3E825
:106FD000E01F0028F7D1930702D4012008F036BD46
:106FE000704700BF4083002010B5EFF311842023C9
:106FF00083F31288BFF36F8F074A136823F00101F0
:107000009B07116002D4012008F028FD84F3118849
:10701000BFF36F8F10BD00BF408300202DE9F0410A
:10702000012280463549D1E8EF3FC1E8E02F002832
:10703000F9D133B9324933484B60CB608A6004F0F0
:10704000A8FF08F1FF33012B4BD8B8F1010F06D18F
:107050002D4BD3F8503403F00303012B41D009F03A
:1070600014FA054650B1EFF31186202383F31288FA
:10707000BFF36F8F0125244C244F20E0244B1B7855
:10708000002BF0D00422204B0646C3F80823F2E779
:107090004DB3304605F088F8D4F8403413F0FF03C0
:1070A0000DD1D4F8082152B1C4F80831D4F8083110
:1070B00020220123C4F84034C7F8A0212361D4F86A
:1070C0004C24D4F84C34D203E2D503F00303012B53
:1070D00002D0B8F1010FDBD155B186F31188BFF3AF
:1070E0006F8FBDE8F0810021202009F06BFAD3E713
:1070F0000422054BC3F80423F3E700BFEC82002011
:10710000DC8200200C83002000E0105000E100E051
:10711000B48C002008B5074808F004FF38B10648D1
:10712000EBF722F80448EAF7F9F8002008BD6FF001
:107130001200FBE7A01D02003D7101000A2838B5CE
:107140000446074D04D1AB680D2128465B6898477B
:10715000AB6803485B68E1B29847204638BD00BF82
:10716000A01D02002DE9F04340F206354768D00625
:1071700048BF4FF0030C3B7C02EA050558BFC2F341
:10718000401C87B001F01F06B5F5837F144646EA20
:1071900043168DF803C045D00DD8062D44D005D830
:1071A000A5B1022D12D06FF0150038E0B5F5807F43
:1071B000F9D101250AE040F20222954236D0B5F518
:1071C000407F35D0B5F5007FEDD10425220331D5C0
:1071D00001237A688B405360B86890BB5F2E06F03D
:1071E0001F034FEA561175D83C4A52F82120C4F3C8
:1071F000004102EB8302D2F8803081F00101C4F338
:10720000404423F4706344EA410423F00F031C4319
:1072100044EA8C0444EA0524C2F88040002007B008
:10722000BDE8F0830925D1E70825CFE70625CDE79E
:107230000525CBE7630341BF01237A688B40936048
:10724000CAE731460DF1020208F0DBFD14F4403FBD
:1072500080460CD13146B86808F0ECFDB8F1000F5B
:10726000DCD19DF80210B86800F0F0FFD6E74FF0CF
:10727000000901ABCDE90199CDE90439CDF80C90B5
:107280003146B86803AA08F005FD4845C6DB14F48A
:10729000003314D09DF80330C4F3004484F001049B
:1072A0008DF80E308DF80C508DF80D404B46314660
:1072B000B86803AA00F01CFF0028CFDAAEE7CDE9DA
:1072C00004330DF1030303933146B86803AA08F0B1
:1072D000E1FCF1E7203350F82330FFDE7C30020080
:1072E0004209022A034670B503D0012A18D0CAB158
:1072F00070BD0E4E326951680029F9D0012503F0A6
:107300001F030C689D400029F2D08A682A4002D0F1
:1073100030464B6898473CB1236821461C46F2E74B
:10732000034EE7E7034EE5E72346F6E7681D020054
:107330004C1D0200301D020038B54568A868C0B178
:1073400008F072FD0146A0B9A86800F047FF0446A6
:1073500088B902460949A86808F050FD2246012173
:10736000DB20EAF7E3FB2246012140F20D10EAF7A9
:10737000DDFB002038BD6FF00400FBE7E172010087
:10738000F0B545681646A8682A7C01F01F0487B04E
:1073900044EA4214002868D0B6F5001F04D1214603
:1073A00008F09AFD002051E00020B6F5800F01AAF8
:1073B0000190506039D1B3F1007F14BF052304233D
:1073C0008DF804300023CDE904230393EB680DF11D
:1073D000030723FA01F111F0010139D1B6F1A07FC1
:1073E00036D104F01F035F2C4FEA541003F1200341
:1073F0003ED8214A52F8202052F82330DB0727D408
:107400003A462146A86808F0FCFC163018D00297CE
:107410002146A86803AA08F03DFC002816DB0122DB
:107420002146A86808F008FDBCE7B3F1C06F05D09D
:10743000B3F1007F14BF01230223C1E70323BFE799
:107440003946A86800F00CFF0028E0DA07B0F0BD6C
:107450003A462146A86808F0D4FC0028D8D19DF807
:107460000310A86800F0F2FED2E76FF08500EDE7A8
:1074700051F82330FFDE00BF7C300200036803F0C8
:107480001F025F2B02604FEA53129ABF024B53F860
:1074900022000020704700BFC43002002DE9F74FE2
:1074A000154606464FF0010800EB8101B14203D1B9
:1074B000002003B0BDE8F08F3268C2F3C323082B6D
:1074C000C2F3080400F2A0805148C75C40F2FF13E9
:1074D0009C4208BF4FF0FF34B2F1D05F4FEA126315
:1074E00010D2192B12D8DFE803F014233734282FD9
:1074F0003411111111111111111111111111111159
:107500003A717477382B6AD04E2B25D06FF08500F6
:10751000CFE7C5F80446621C56D001A80194FFF7D6
:10752000ADFF019B4FF0010908FA03F3436029E026
:10753000C5F80C464FF0000A62E04FF00009C5F8AC
:107540000046601C16D13FE04FF00109C5F8044623
:10755000F7E7C5F80846EDE7C5F81046DBE7C5F8DC
:1075600060457388621C03F001032DD0002BD4D139
:107570004FF0010901A80194FFF780FF019B08FA71
:1075800003F383604FF0010AD6F800B001A81BF4A2
:10759000004F1CBF4FF001094FF0000A0194FFF7A4
:1075A0006DFF019B1B4C00EB8300D0F88020CBF3D8
:1075B000412B3B0243EA8B0343EA0A031440234373
:1075C00043EA4903C0F8803004366FE7C5F86445E4
:1075D000C7E7C5F86845C4E7C5F86C45C1E701A829
:1075E0000194FFF74BFF4FF0010A019B00EB830072
:1075F000D0F8803023F0E04343F08043C0F880307F
:10760000631CE1D0D146BFE76FF0150051E700BF22
:10761000CE450200F0F0FCFF2DE9F04104460D4696
:10762000476808F032FF88B12021EFF311831A4632
:1076300081F31288BFF36F8F60680068D0F8300163
:10764000D0B983F31188BFF36F8FEEE71E4B1B7821
:10765000002BE9D04FF02008642663681B68D3F83C
:107660003031FBB9012008F0BAF9013EF5D1002113
:10767000202008F0A7FFEFE77B6A00201D706368F9
:10768000796A1B68C3F83C170121C3F84017C3F897
:107690003001D3F83001196582F31188BFF36F8F81
:1076A000BDE8F081EFF311831A4688F31288BFF327
:1076B0006F8F61680968D1F830110029DCD183F33C
:1076C0001188BFF36F8FD2E7B48C002070B40F4CD9
:1076D000D4E90015501A63EB0506400940EAC6607C
:1076E0002026E0FB0615C4E9001500240025084902
:1076F000C1E90023074BC3E90045EFF3118186F38D
:107700001288BFF36F8F70BC02F066BA901400202D
:10771000781400208814002008B500220121E420FC
:10772000EAF704FA164A0020D2F8183723F4403357
:10773000C2F8183700F0DCFE002820DB01201149D8
:1077400000F062FF00281ADB00F0ACFE0E4B20F0C8
:107750001F00C3E900010D4B0022C3E900014FF0F7
:10776000FF304FF0FF310A4BC3E90001094B0A49D2
:10777000187A00F0A7FE67220020084B1A6008BDA7
:1077800000200E5088050020901400207014002066
:107790007814002080050020CD7601007083002041
:1077A00008B500F07FFE064AD2E90032C01A054B48
:1077B00061EB0201C3E90001400940EAC16008BD74
:1077C0009014002088140020F7B5224B0146224F68
:1077D000187A224BD7E90056D3E900239E4208BF0E
:1077E000954211D1B1F1806F0ED24901012938BF04
:1077F000012101224D1946F10006C7E9005603B0E8
:10780000BDE8F04000F086BF154BDFF858C0D3E963
:107810000043DCE9002CA41843EB0C0C4FF0200EC5
:1078200022466346C1FB0E23954276EB0301C7E96E
:1078300000230DD2291B66EB0C04C82974F1000447
:10784000B4BF01210021009100F02EFF03B0F0BD74
:107850000021F8E780050020801400207814002023
:107860009014002088140020064BD3F840231C2AD3
:1078700005D1D3F84403431E5842584170470020B5
:10788000704700BF00C0FF0003689A070CD503686B
:10789000DB070DD50922074BC3F80C250F22C3F8CF
:1078A000042501221A60FEE7034B0360EF3B0360EF
:1078B000704700BF00801050F000FA5008B5012357
:1078C000404A4148C2F80038404AD2F840231C2AB6
:1078D00004BF3F4AC2F80C34FFF7D6FF0830FFF769
:1078E000D3FF0830FFF7D0FF0830FFF7CDFF00F5DA
:1078F000F470FFF7C9FF374AD2F88C3043F4406385
:10790000C2F88C300022D30003F57F0303F5404317
:10791000D3F8001401310AD0D3F8001439B1D3F8E8
:1079200000140132D3F80434402A0B60EBD1254B0C
:10793000D3F84024002A41D0FFF796FF48B1234BEB
:10794000D3F83423244B9A429EBF1E4B234AC3F8DC
:107950004026FFF789FF18B1214B224AC3F8AC2714
:10796000FFF782FF48B13422164BC3F82426D3F820
:107970003C2622F40022C3F83C261B4B1549D3F8C1
:107980000026D20744BF6FF00102C3F80026174B50
:10799000D3F8182522F00302C3F81825D3F81825C8
:1079A00042F00302C3F81825D1F88C2042F440625B
:1079B000C1F88C200022C3F8A02508BDC822C3F856
:1079C0004024B9E70000125000C50D5000C0FF0070
:1079D0000030055000ED00E0001D0A1840E0A91E2F
:1079E00000A0085078000A0400E0105000B00450D5
:1079F000014B1B68184700BF7483002010B50C4C66
:107A0000237993B9012323710A4B0028206018BF02
:107A1000184600F0F3F850B923680748002B08BF58
:107A20001846BDE8104000F035B86FF0770010BD83
:107A300074830020F179010049FA010008B5074B71
:107A40001B6853B140F20510EAF762F828B9BDE8A7
:107A5000084040F20510EAF739B808BD74830020E9
:107A600038B504230A4C42F21075C4F808330123D8
:107A700063610023C4F80831D4F80831D4F84C34D9
:107A8000DB0304D5012007F0AAFF013DF6D138BD84
:107A900000E01050064A13793BB9012110601171C2
:107AA000044A1846C2F8403470476FF077007047B8
:107AB0007C83002000E0105010B51D4B1D4CD3F806
:107AC0004C14D3F84C2411F4803F19D002F0030277
:107AD000012A01D08AB90022154BC3F840240022A4
:107AE000C3F80821D3F8082101221A6122688AB953
:107AF000D3F80821002AFBD014E0FFF7B1FFEAE732
:107B0000D3F84824D107E6D5D3F850249207F4D40B
:107B100022681AB10422C3F8042310BDD3F8082147
:107B2000002AFBD00022C3F80821D3F80831F4E77B
:107B300000E010507C830020F8B50125184C194E48
:107B4000D4F80C3303F00C0303B9F8BDB3FA83F394
:107B50000027C3F11F039A0002F5807292B202F16E
:107B6000A04202F58712176005FA03F1022B126892
:107B7000D8B2C4F8081310D1D4F84C34D4F84C342B
:107B80009B070AD10423C4F84054C4F80433256188
:107B9000D4F80C3303F00C03D6E733689847F7E7C3
:107BA00000E010507C830020712238B5104B00217A
:107BB000C3F80823012242F210745A60C3F800117E
:107BC000D3F800110B490A4DD1F840131C2908BF06
:107BD000DA60D5F80C3413F4803305D0012007F0B7
:107BE000FEFE013CF5D138BD034A5371FBE700BFEF
:107BF00000E0105000C0FF0084830020054B0246C7
:107C0000187918B91A6001221A7170476FF077005D
:107C1000704700BF848300200022164BC3F8102158
:107C2000D3F81011C3F81821D3F81811C3F8142190
:107C3000D3F814111049D1F840131C2904BF0121B5
:107C40009960C3F80021D3F8002101221A600B4A81
:107C5000126852B9074BD3F80021002AFBD000224A
:107C6000C3F80021D3F8003170477122C3F8042310
:107C7000704700BF00E0105000C0FF008483002068
:107C8000F8B50126194C1A4DD4F80C3303F07103E2
:107C900003B9F8BDB3FA83F30021C3F11F039A00BF
:107CA00002F5807292B202F1A04202F587121160D1
:107CB00006FA03F7042B1268D8B2C4F8087308D088
:107CC000062B10D02B689847D4F80C3303F07103BF
:107CD000DEE702236B71C4F81411D4F814312023A9
:107CE000C4F80433EEE76971ECE700BF00E0105020
:107CF000848300201022054911F8013D013A013327
:107D00000B701B0A01D0002AF6D17047C81400205E
:107D1000254B90B004931123244A2549CDE906232D
:107D200008AB059340F61102224BCDE90A120893E5
:107D300020330C9321230CAA09921F4A0090CDE90D
:107D40000E230123CDE901320D9320231B4A039317
:107D5000D2F8003443F00103C2F800344FF0A343DB
:107D600004AA1A600322C3F810D05A63BFF35F8FCE
:107D70009A639A6A12F0240F12D1D86B10F0230084
:107D8000F7D14FF0A34310225A6300225A630B4AE3
:107D9000D2F8003423F00103C2F8003410B0704769
:107DA0004FF0FF30EDE700BF20310200040000205B
:107DB00020000020981400201000002000800450B3
:107DC0002DE9F04104464FF000088CB06F4608EBF7
:107DD0000700FFF78FFFFFF79BFF6D46064608BBC6
:107DE00008F11008B8F1300FF0D11CB104F13002E5
:107DF000944210D10FCD0D4C0FC495E80F0084E8CC
:107E00000F0010340CAB13E90F0084E80F0030466C
:107E10000CB0BDE8F081396854F8043B4B4047F89A
:107E2000043BE5E74FF0FF36F1E700BF9814002070
:107E30002DE9F04119B1002855D0402956D8002429
:107E40004FF48076A6464FF400772A4ADFF8A8C0A0
:107E5000D2F8003443F00203C2F80034274A284B1A
:107E600082F839E01E601C645C645F63C3F800C084
:107E70001D6B15F00E0FC5F34208F9D0B8F1050FD0
:107E8000EED092F839508DB95D68032DF0D9D3F852
:107E900080501D61D3F880505D61D3F880509D61A2
:107EA000D3F88050DD61012582F839505D68B1EB6F
:107EB000850FDDD8124A61B1D2F88030041D00F878
:107EC000013B84424FEA132301F1FF31F3D0002933
:107ED000F5D10020074AD2F8003423F00203C2F89B
:107EE0000034BDE8F0816FF01500FAE76FF006008E
:107EF000F7E700BF00800450010004009814002040
:107F00000010805130B58DB030216846FFF790FFEA
:107F100018B14FF0FF300DB030BD6846FFF750FF8D
:107F20000028F6D101240025014BC3E90C45F2E7F6
:107F30009814002010B50B4C94F83830012B0BD05E
:107F400040220021204609F017FEFFF7DBFF30B981
:107F5000012384F8383010BD6FF07700FBE76FF035
:107F60008B00F8E798140020F0B505460C4685B064
:107F700021B1002835D0B1F5803F32D81A4E736B4D
:107F8000B3F5803F18D3FFF7BDFFA8B16FF08B00AA
:107F900005B0F0BD102C6846274628BF1027FFF714
:107FA000A9FEFFF7B5FE0028F0D128463A466946FB
:107FB00009F0BCFDE41B3D44002CEBD12046FFF74B
:107FC000FFFE0028E2D1D6E90C32013342F1000273
:107FD00021462846C6E90C32FFF72AFF0028D7D0F1
:107FE000D4E76FF01500D3E798140020036803F07E
:107FF0001F025F2B02604FEA53129ABF024B53F8E5
:1080000022000020704700BF24310200034A4309C8
:10801000D35C00F01F001844C0B27047D74502007F
:10802000F0B50646002487B0114F019117F8012BD7
:1080300006AB03EBD20313F8143C02F00702D34063
:1080400013F0010306D10134032CEFD100231846AD
:1080500007B0F0BD074A03AD07CA85E8070055F829
:1080600024100A6A46F824200A62002AEBD0EEE7C0
:10807000E7450200A4270200F7B504460846FFF7CB
:10808000C5FF04EB4006B38A0D46DB072AD5204620
:1080900007F0DEFD2946204607F04BFD50B1204693
:1080A00007F05DFD0023276807EB8000C0F810355E
:1080B000C0F810352946204607F07AFD002101A8B6
:1080C000B1820195FFF792FF019B00EB8300D0F88E
:1080D0008020064B134043F00203C0F8803008466E
:1080E00003B0F0BD6FF01500FAE700BFF0F0FCFF41
:1080F0002DE9F043044685B0084615461F46FFF7B4
:1081000085FF0E46804625B3204607F01DFD18B9B1
:10811000204607F00EFD18BB04EB4809B9F81430EF
:1081200003F01C0313B16B78012B19D001238DF8D8
:108130000F3000233046CDE900536A1CAB1C0DF113
:108140000F0107F09EFCB9F8143043F00303A9F8BF
:108150001430002F3ED03146204607F0F5FC20B900
:108160006FF0150005B0BDE8F08300223978236870
:108170004FEA810C03EB8103C3F81025C3F81025E7
:1081800004EB4802938A23F4604323F02003938294
:108190007D78FDB12468B8786444D4F810750E4B2E
:1081A0002D043B40C4F8103541F6F07305F440351A
:1081B00003EA06130005D4F810752B4300F4801071
:1081C00003433B43C4F81035938A43EA413343F0F9
:1081D000200393820020C5E70FE0ECFF70B590F814
:1081E0007440054690F8756044BB46222146143021
:1081F00009F0C2FC2146134A2B6852F836608E42C1
:1082000012D1002440F20D10C3F84441D3F84421A8
:108210000D4A934208BFDB20E9F758FC01232046B2
:1082200085F874302B6670BDCAB2920002F580707A
:10823000442A04BF1C501A580131E0E76FF0770060
:10824000F1E700BF3031020000A00D5090F875003A
:10825000024B03EB800007F0DEBB00BF900500205F
:1082600010B5064B90F875000C4603EB800007F044
:10827000B8FB0028A4BF2070002010BD900500208E
:108280002DE9F04F804658F804BB90F87540DBF8B4
:1082900014136A4BC9B253F8342007468BB05846C2
:1082A00041F4003107F0ADFC8203054639D50023C7
:1082B000CDE907330993614BE60003EBC40463681F
:1082C00007A819460093FFF7ABFE331D03934FF049
:1082D000000A5B4B0DF11C090293029A574912F8F0
:1082E000013B0292039A02EBD3028A5C03F007037C
:1082F00022FA03F3DB071AD40AF1010ABAF1030FD9
:1083000009F10409E9D14FF400310022584607F081
:1083100078FC009907A8FFF783FE0028D7D125F441
:1083200000350124002D73D10BB0BDE8F08F454B13
:1083300053440493D9F80060002EDDD096FAA6F6D7
:10834000B6FA86F6049B1C7846EA44142046FFF7EA
:108350005DFE07EB4000818AF208C1F382030593BA
:108360000193012319F8020006F0070603FA06F646
:1083700020EA060009F8020006A80694FFF736FE78
:10838000069A11F0100F02F1200250F82260059BAE
:10839000C6F3014623D04046019A214607F0E9FB87
:1083A00006A80694FFF722FE069BF6B2203350F88B
:1083B0002330C3F301439E4207D10021204607F03A
:1083C000A9FB3146204607F0A5FB06A80694FFF757
:1083D0000DFE0122069B02FA03F30362AAE7022EB6
:1083E00014BF022103212046059307F093FB059B50
:1083F000032B03D0022E07D1012BE6D121464046A4
:10840000019A07F0B6FBE0E7032EDED1022BF4E77A
:1084100095FAA5F3B3FA83F304FA03F225EA020509
:1084200003F5A2725BF8222007EB43034046B3F842
:108430006410C2F3014207F09CFB73E73031020085
:10844000E7450200E74502000123034A03FA00F072
:1084500093680343936070477801002073B5044626
:108460000191EFF31186202383F31288BFF36F8FFE
:108470000B4D019B6A6801A81340019307F0B1FA04
:10848000002807DB01226B68824023EA02036B604D
:108490002070002086F31188BFF36F8F02B070BD8B
:1084A000780100204FF0FF326FF0404330B5044CAC
:1084B000D4E90001824273EB0105F9D330BD00BF5E
:1084C00040270E5030B50C25074B1C1894F854402B
:1084D00005FB0433C3E9031218750123034A8340E3
:1084E000C2F8243330BD00BF7801002000200E50B8
:1084F000F8B53E4C2278002A72D13D4BD3F81015C6
:1085000021F00201C3F81015D3F8101541F0010154
:10851000C3F810150521C3F8A4160421C3F8AC163E
:108520000723672101F001000244013BD2B24FEA68
:108530005101F7D1052A56D119464FF0010C2B4EA7
:1085400000256720CFB204E00CFA02F220EA020014
:10855000013590FAA0F25FFA85FEBE45B2FA82F2CA
:10856000F2D3013132750529224482F8547006F1A4
:108570000C06E5D1012100251E489A0801FA02F2F5
:1085800012F0670F18BF1D500433302BF5D1E420D3
:10859000E9F79CFA164B1849D3F8102503F5C07378
:1085A00022F00202C3F8902340F6FF72C3F8A8211C
:1085B00000221A60A3F5807004338B420260F8D168
:1085C00001250B4B0D4A1D660D4B5D201B68B3FB4F
:1085D000F2F358430B4B2B43984700202570F8BD0E
:1085E0006FF07700FBE76FF08B00F8E77801002071
:1085F00000200E5000210E50B0210E5040420F00BE
:108600008C0500201028020038B5244B0D46D3F805
:10861000102594073CD4D3F8102542F00202C3F889
:108620001025C0B1D3F8482712F0010202BFD3F8D9
:10863000481741F00101C3F84817184BD3F8401709
:10864000D3F844174800F9D42AB9D3F8482722F0C0
:108650000102C3F84827124B124A1B68B3FBF2F31E
:108660000E4A03EB4313B3B1D2F84017D2F84417C4
:1086700049000BD44FF0FF312846FFF7EFFE0446C8
:1086800010B92878FFF7E0FE204638BD013BEAE745
:108690006FF07704F8E76FF07304F5E700200E50F1
:1086A0008C05002040420F0070B51E461546174A43
:1086B0009DF81010131893F854300C3302EBC304D8
:1086C00042F833506660C6F313020401A1B104F10D
:1086D000A04404F56224C4F82055C4F824250C4CA9
:1086E00080000444236833B1FFF7DCFEA842B141A7
:1086F00001D20023236070BD04F1A04303F562237F
:10870000C3F82055C3F82425F5E700BF7801002001
:1087100000210E50F0B50E4D2B1893F85430000187
:108720000C3355F8334005EBC3077E68641800F13D
:10873000A04021F0004146F1000641EAC27100F577
:10874000622045F833407E60C0F82815F0BD00BFB8
:1087500078010020F7B5284B284CD3F82C6304F19E
:1087600088070EB903B0F0BD96FAA6F00123B0FA5F
:1087700080F08340DA43224926EA0306231893F85F
:108780005450830019440C2303FB0543DB6873B387
:10879000D7E8EF3F03EA020CC7E8EECFBEF1000FC7
:1087A000F6D1C340DB0719D5020102F1A04202F560
:1087B0006222D2F82435D2F82025D1F800C0BCF1CD
:1087C000000FCED04FF0000CC1F800C00C2101FB0F
:1087D000054529690091E9688847C2E705F10C035E
:1087E00004EBC30C54F83320DCF80430E5E70A68E6
:1087F000002AB6D00B60B4E700200E5078010020AC
:1088000000210E50F8B50F4614461D46084E30465E
:1088100007F088FB10B96FF08300F8BDB3683946E4
:1088200030461B68A2B298470028F4D12C60F4E7C8
:10883000841D020038B5EFF31185202383F31288DD
:10884000BFF36F8F064B9C6807F07FFB85F31188A1
:10885000BFF36F8F2046BDE83840E9F7F9B900BF94
:108860008C83002038B50A4B53F82040013053F870
:108870002050A54200D838BD606830B1037EDB07C8
:1088800001D407F037FB0834F3E723689847FAE789
:1088900040310200012270B5294B86B003201A70C6
:1088A000FFF7E0FF01F036FA0420FFF7DBFF254C6D
:1088B000254D2646AE4204F130040FD300F0D4FE1D
:1088C000204CAC4226D300F0E3FEE8F703FD1F4A3C
:1088D000938923F00103938106B070BD54F80C3CDA
:1088E000059354F8103C049354F8143C039354F843
:1088F000183C029354F81C3C019354F8203C00931C
:1089000054E90A2354E90C0100F0B8FC54F8303C57
:108910005E65CEE7D4E90A23B3F1FF3F08BFB2F1A9
:10892000FF3F05D052EA0301206803D107F066FE3D
:108930003034C6E70649183001F0BEF8F8E700BF4A
:10894000B48C002050260200B026020058150020EA
:10895000530502000023012270B586B0CDE904233F
:108960000F220193CDE9023214234FF4A0720E4D71
:108970000E4E03FB00550E4906EBC016044602FBE3
:1089800000110C4B3046009500F078FC337C2C74C1
:1089900023F004033374084B013403EBC423EE606B
:1089A0006B6006B070BD00BF8C830020D81400201F
:1089B00040B700204B00020040AF00207FB50020F0
:1089C000FFF750FF284B03F5006282F3088883F31A
:1089D0000A880024E023254D85F82230EC772C7698
:1089E0006C76AC7685F820406B6A43F4E0236B62CA
:1089F00085F82340E9F722F8E9F714F94FF0FF333F
:108A0000AB62EB62E9F7F6FAE9F790F9184800F083
:108A10009FFC0120FFF726FF0220164DFFF722FFE3
:108A200000F060FE144B4FF400625D61134B14497B
:108A3000059301232846CDE90343CDE90144114BB9
:108A4000009400F01BFC06462B7C284623F0040310
:108A50002B7407F05BFD2046FFF77CFF314628466C
:108A6000084AE9F7BFF800BF40AF002000ED00E082
:108A700078160020581500208C8300204B440200FB
:108A800080B800209588010038B5064C064DAC42F0
:108A900001D3002038BD2046D4E9011207F058FA6E
:108AA0001434F4E7140600202806002038B5074CDB
:108AB000074DAC4201D3002038BD204607F06CFAC8
:108AC00008B91C34F5E76FF01500F5E7C005002084
:108AD0001406002073B50C46EFF31181202585F3B1
:108AE0001288BFF36F8FC5685DB125602B68C360C6
:108AF000836901338361002081F31188BFF36F8F95
:108B000011E052EA030603D16FF00B002560F3E792
:108B1000CDE900230246083000F004FD18B9034BEC
:108B20009B685B69236002B070BD00BF8C8300202E
:108B30002DE9F341044617461E46EFF31188202322
:108B400083F31288BFF36F8F304BC2689B6872B19A
:108B50008068984217D057EA060216D188F3118828
:108B6000BFF36F8F6FF00F0002B0BDE8F08193F993
:108B70000E1001322161C4E9023288F31188BFF37B
:108B80006F8F0020F0E72169F3E793F90E1090F959
:108B90000E30994230DA9942A8BF194607F060FAC0
:108BA000054622464146CDE90076194800F0BAFC58
:108BB0000028E6D0EFF31186202383F31288BFF359
:108BC0006F8FA068D0B1236821699C420AD04BB155
:108BD00093F90E309942A8BF19466FF07F0399426E
:108BE000B8BF194607F03CFA40B13146084807F0D3
:108BF000C0FC6FF00A00B7E70025D2E7002DF4D1E2
:108C000086F31188BFF36F8FF3E700BF8C830020DA
:108C1000B58C0020F8B583680546002B3FD0234A69
:108C2000926893423ED1C368012B03D9013BC360D4
:108C30000020F8BDEFF31187202383F31288BFF3E0
:108C40006F8F0169806807F00BFA2C68A54207D185
:108C50000023C5E9023387F31188BFF36F8FE7E77D
:108C6000002CF5D0D4E90032002613605A60237C32
:108C7000C4E9006623F002032374A66004F118001F
:108C800007F015FDAC6094F90E3020462B61A66705
:108C900007F03CFC3946064807F06BFCC8E76FF06C
:108CA0001500C6E74FF0FF30C3E700BF8C830020FC
:108CB000B58C002073B51546EFF31186202282F3A0
:108CC0001288BFF36F8F0468B4B12368426823F041
:108CD0000303944208BF4360036023689B0704D0EA
:108CE0006568204607F07CFD2C4686F31188BFF3AB
:108CF0006F8F204602B070BD55EA0302F5D000F137
:108D0000080231461046CDE9005300F00BFC002864
:108D1000EFD1024B9B685C69EBE700BF8C830020BE
:108D200070B5EFF31186202383F31288BFF36F8FA2
:108D30000468A0421AD0CCB1D4E9003200251360F7
:108D40005A60237CC4E9005523F002032374A56014
:108D500004F1180007F0ABFC2046A56707F0D6FB2E
:108D60003146BDE87040074807F003BCD0E9023245
:108D70009A4218BF0133836086F31188BFF36F8F67
:108D800070BD00BFB58C002013B5EFF31181202416
:108D900084F31288BFF36F8F846844B1013C846010
:108DA00081F31188BFF36F8F002002B010BD52EA2B
:108DB000030406D181F31188BFF36F8F6FF00F00AA
:108DC000F3E7CDE900230246014800F0ABFBECE7F6
:108DD000B58C002007B5074B4FF48062009306491D
:108DE0004FF0FF33054800F06DF9002003B05DF847
:108DF00004FB00BF5831020080C00020D8150020BD
:108E00002DE9FF4104462027534EEFF3118887F3E5
:108E10001288BFF36F8FD4F88450F5B9022104F1A2
:108E20009C0007F001FA002870D004F1940500229C
:108E30000121284607F002FC0028F8D100234FF05A
:108E4000FF3202934FF0FF334146CDE90023434800
:108E500004F18C0200F070FDD7E7D4F888202B686D
:108E60009542C4F8843008BFC4F88830D4F89C30E8
:108E700043F00203C4F89C30EB6823F0040343F092
:108E80000103EB606B6888F31188BFF36F8F28468E
:108E90009847EFF3118887F31288BFF36F8FEB6861
:108EA000D80623F001023ED4EA60EB689A0717D592
:108EB000306823F00203EB6090B10021036878B1C1
:108EC000426895423DD10368002934D1726833600D
:108ED000904200D17360002340F8083BFFF720FF69
:108EE000D4F89C3023F00203C4F89C30DB0530D466
:108EF000D4F88430003B18BF012388F31188BFF3F6
:108F00006F8F002B81D000F0F5FB7EE7D4F89C300A
:108F1000D90693D5C4F89C0088F31188BFF36F8FEE
:108F200004B0BDE8F08123F01103EB6005F11000FF
:108F3000FFF7F6FEB9E70B607368984208BF7160EF
:108F4000C9E701461BB11A6818461346B7E71A4627
:108F5000FAE70023D1E700BFAC830020B58C0020E6
:108F600070B5C3680546C3F340069B070C460DD594
:108F70000122002104F1080007F04AF900232360D0
:108F8000054B65605A681AB9C3E90044304670BDA4
:108F900014605C60FAE700BFAC830020F8B5C368DA
:108FA00004469A070E46C3F3400542D45F0742D4F5
:108FB0000B680BB983680B60E368D80742BFA368EE
:108FC00002253360376858BF012557B31B4B9A6899
:108FD000D7F880309A421ED107F057FA80F001008E
:108FE000C0B2D7F89C30D907C3F380021CD5F2B1C8
:108FF000F8B100232360D7F8883073B9C7E921445A
:10900000384607F02CF9E36843F00403E360336863
:10901000A3602846F8BD0020E3E71C60C7F888403D
:10902000EEE76FF0150506E06FF0120503E01B0791
:10903000DFD56FF00F0500233360EAE78C83002053
:10904000F8B5C368064603F00503002B0C4614BFB1
:10905000012700271CD085680122002104F110009F
:1090600007F0D6F82046134907F05AF9E36843F0B1
:109070001003E360F3685B0712D5336823606BB9B4
:10908000D5F8883033B9C5E92144284607F0E7F818
:109090003846F8BD1C60C5F88840F6E73460F4E750
:1090A000D5F884302360D5F88830C5F88440002B8B
:1090B000EBD1F0E73F0202000146014807F05BB93F
:1090C000D8150020F0B50446002089B00E9DC4E9F3
:1090D000210004F18C00C4E9230004F19400C4E9E8
:1090E000250055B32879002840F2011008BF01205F
:1090F000C4F89C0000204FF0FF364FF0FF37CDE959
:109100000330CDE90100CDE9066720460C4B009401
:1091100000F0F2F855B1296811B1204607F0BBF90B
:109120006B791BB1A38943F00103A381204607F0AB
:1091300065FAC4F8804009B0F0BD0120D8E700BF4F
:10914000018E010037B501900846EFF3118420210C
:1091500081F31288BFF36F8FC16811F01E0F16D113
:1091600053EA020508D101A9FFF718FF84F311881B
:10917000BFF36F8F03B030BD41F00801C1600199AA
:1091800010308161034900F097FC0120EEE70020D8
:10919000ECE700BFD302020001460148FFF7D2BF4F
:1091A000D8150020F7B50C4616461D460190EFF382
:1091B0001187202383F31288BFF36F8F084607F0CF
:1091C0003FF855EA060309D1204601A9FFF7E6FE5C
:1091D00087F31188BFF36F8F03B0F0BDE3683246A9
:1091E00043F00803E360019B0449A36204F110000B
:1091F0002B4600F061FC0120EAE700BFD302020029
:1092000001460148FFF7CEBFD81500202DE9F041F7
:109210000546EFF31187202383F31288BFF36F8F86
:109220000468A0421BD0D4B10026204607F020F9E4
:1092300004F1180007F03BFAB0462046C4F87880E5
:1092400007F064F92C680136A54210D07CB12046A5
:1092500007F00EF904F1180007F029FAEDE787F39B
:109260001188BFF36F8F00263046BDE8F081394684
:10927000014807F07EF9F7E7B58C00202DE9F043AF
:10928000984685B000F15803C0E91633109B0026BC
:1092900083810423073222F0070503740F9B01EB3F
:1092A00005090F4683734946C0E906668660C673A2
:1092B0000446E8F7C1F90E9B073020F00700A066CE
:1092C000C4E9187502930D9BA9EB000901930C9B4F
:1092D0004A460093394643462046E8F767FC054B6B
:1092E00066659B6803B1DB6E4846E36605B0BDE882
:1092F000F08300BF8C830020F0B5002587B0059572
:10930000109DDDE9127604950F9D044603950E9D90
:1093100002950D9D01950C9D0095FFF7AFFFB6F1ED
:10932000FF3F08BFB7F1FF3F05D056EA070305D15D
:10933000204607F063F9204607B0F0BD3A463346B1
:1093400004F11800014900F0B7FBF4E753050200EF
:10935000012310B50374838100230446C0E9183348
:1093600000F0CAFC014B9C6010BD00BF8C83002044
:109370006FF00A01084A93689967084958674B6873
:1093800043F080534B60002383F31188BFF36F8F4A
:109390009368986F704700BF8C83002000ED00E059
:1093A00070B590F91020037C002A2FDBD9062DD14F
:1093B0001A4C63F07F032246037452F8183FE169A8
:1093C000934207D1C0E900210860E0610FE09942B3
:1093D000F8D01B68002BF5D093F90E6090F90E5071
:1093E000AE42F4DD5968C0E9003108605860A569F3
:1093F000954200D005B9E568A3681A7CD20606D16B
:10940000DA897F2A03D9AA690AB9636170BDAB42C0
:1094100002D0284600F0D2FA6561F7E78C8300207D
:1094200038B590F910200146002A037C04DA03F0D5
:109430007F03037407F032F80D4D2A4652F8184F97
:10944000AB68944200D004B9EC688B4207D01A7C18
:10945000D20604D1DA897F2A01D9A2692AB1A342AE
:1094600002D0204600F0AAFA23466B6138BD00BF47
:109470008C830020B3F1FF3F08BFB2F1FF3F03D060
:109480000249183000F018BB704700BF53050200B6
:10949000034648B9EFF3058232B9064A516992682A
:1094A000914201D0FFF764BF83F31188BFF36F8F40
:1094B000704700BF8C83002038B5184CA168E06964
:1094C0000B68814214BF1A46002249680B6059603C
:1094D000A368E1692AB9124AC3E900210B60E3617C
:1094E0000AE092F90E5093F90E00854212DD5168A0
:1094F000C3E900210B605360A569094B9D4200D070
:1095000005B9E568A3689D4202D0284600F056FAE6
:10951000656138BD8A42DED01268DBE78C830020AB
:10952000A4830020F8B5DDE906670D4B0C4698686A
:1095300011460C4A1060EFF31182202282F3128848
:10954000BFF36F8F9D68284606F0BAFF2846324663
:109550003B46FFF78FFF2046BDE8F840FFF708BF06
:109560008C830020B4830020F8B50446EFF3118704
:10957000202383F31288BFF36F8F037C49B203F07B
:109580001F02002A0CBF0126002635D103F07F03FD
:109590002A4D037406F082FF2A46037C817363F030
:1095A0007F03037452F8183FE869934207D1C4E976
:1095B00000200460EC610DE09842F8D01B68002B9D
:1095C000F5D093F90EC08C45F6DD5968C4E9003139
:1095D0000C605C60AC69944200D004B9EC68AB6884
:1095E0009C4202D0204600F0E9F96C6187F31188B3
:1095F000BFF36F8F3046F8BD9B071CD5856806F01A
:109600004DFF81732B689D4209D16B68C4E90053FB
:109610001C606C60EAE76A689A42F6D01B68002B0F
:10962000F3D093F90E208A42F5DD5A68C4E900327E
:1096300014605C60DAE78173D8E700BF8C83002098
:10964000034648B9EFF3058232B9064A5169926878
:10965000914201D0FFF78CBE83F31188BFF36F8F67
:10966000704700BF8C830020EFF31181202383F328
:109670001288BFF36F8F054B9A68D37B013BD3737E
:1096800081F31188BFF36F8F704700BF8C83002078
:1096900070B5EFF31186202383F31288BFF36F8F29
:1096A0000F4DAB68DA7B0132DA732A4652F8184F55
:1096B000944200D004B9EC681A7CD20604D1DA894D
:1096C0007F2A01D9A2692AB19C4202D0204600F02B
:1096D00075F923466B613046BDE87040FFF7D8BE90
:1096E0008C830020024B03F11802C3E90622704765
:1096F0008C83002070B5EFF31186202383F312884A
:10970000BFF36F8F1A4CA168E0690B68814214BFE8
:109710001A46002249680B605960A368E1692AB9BA
:10972000144AC3E900210B60E3610AE092F90E508C
:1097300093F90E00854216DD5168C3E900210B60E4
:109740005360A5690B4B9D4200D005B9E568A3683D
:109750009D4202D0284600F031F965613046BDE8EF
:109760007040FFF705BE8A42DAD01268D7E700BF23
:109770008C830020A4830020F8B550EA010306463C
:109780000C4603D1FFF7B6FF0020F8BDEFF31187B9
:10979000202383F31288BFF36F8F124D124BA868FA
:1097A0001860FFF73DFEA868234632460F4918307F
:1097B00000F082F9AA680446137C384643F004039B
:1097C0001374FFF7D5FDAB68D3E90A23B3F1004F5B
:1097D00008BF002AD8D106F09FFF201A20EAE070C7
:1097E000D3E700BF8C830020B48300205305020020
:1097F000014B9868704700BF8C8300202DE9F84327
:1098000004468789EFF31186202383F31288BFF380
:109810006F8F037C190705D586F31188BFF36F8F0F
:10982000BDE8F883D90943F008026FD10274A36838
:1098300013B1204606F03AFE04F1180006F037FF97
:10984000A56D04F15808A84511D04FF0000975B175
:10985000284606F02BFE05F1180006F028FF2846E2
:10986000C5F87890FFF79CFDA56DA845EFD1DFF80E
:10987000BC80D8F808309C4250D1EFF30589B9F18B
:10988000000918BF4FF00109D8F81850284A95422E
:1098900000D00DB9D8F80C50AB4202D0284600F0E9
:1098A0008DF82046C8F8145002F067FCB9F1000F9B
:1098B00002D02048FFF74CFDD8F808309C4230D148
:1098C000EFF305836BBBA289D20711D586F311880C
:1098D000BFF36F8F83F31188BFF36F8F0423184694
:1098E00002DFEFF31186202383F31288BFF36F8F1B
:1098F0003046FFF73DFDFB0792D5002383F3118827
:10990000BFF36F8F0423184602DF89E703F07F035C
:1099100043F00803037406F0C1FD88E74FF0000927
:10992000B2E786F31188BFF36F8FE4E78C830020E2
:10993000A483002078160020D3B5DDE90667089CD3
:10994000CDE90067FFF7EEFD1CB1034B9B685B6937
:10995000236002B0D0BD00BF8C830020027C034690
:1099600012F01F0210D10A4988420DD00949086837
:1099700068B1D9897F2909D893F90E20064B1B6855
:109980009A42B8BF002070470020704710467047C9
:10999000D814002098050020B88300200122044B31
:1099A000C01A044BC0105843034B1A54704700BFF1
:1099B000F8160020ABAAAAAAB58C002070B50C4BF3
:1099C0000C4D1E7CFFF7CAFF182303FB0655044607
:1099D000284606F06CFE0022074B9A553CB1621EE9
:1099E0002846BDE870400549D31700F065B870BD42
:1099F0008C830020F8160020B58C00209D99010072
:109A000038B5EFF31185202383F31288BFF36F8FEE
:109A10000F4B104A9C681068A04206D1FFF7CEFF9A
:109A200085F31188BFF36F8F38BD00211B7C116057
:109A3000094AD35C002BF3D02046FFF78FFF0028A4
:109A4000EED0237CDB0601D1FFF736FD2046E5E7AB
:109A50008C830020B4830020B58C0020024B186852
:109A6000984208BF002070479C050020034B1B68EC
:109A70000BB9FDF795BE0020704700BFBC830020E6
:109A800030B570B10B4B5B6898420AD0036843B1A4
:109A9000D3E90421D0E90445121941EB0501C3E9DA
:109AA0000421D0E9003213605A600023C0E900337A
:109AB00030BD00BF9C050020B3F1FF3F08BFB2F1ED
:109AC000FF3F2DE9F84F0446994615461F467AD0C8
:109AD0008160EFF31188202383F31288BFF36F8F27
:109AE000B9F1000FDFF8E4A020DBFFF7BFFFDAE9F0
:109AF0000027013549F100092D1849EBE0730646AE
:109B00004FF00109C4E90453AD1843EB0707FFF711
:109B1000A5FF0346DFF8B8E0DEF804A0EBB9C4E91E
:109B200000EACAF80040CEF8044028E06FF00103D4
:109B3000DAE900125B1A4FF0FF3161EB02025B1BA6
:109B400062EB0902012B72F10001BCBF012300226C
:109B50004FF00009C0E90432D9E7D3E9041CD4E985
:109B600004208A4270EB0C0B24DA891A5A686CEBD9
:109B70000000C3E90410C4E9003214605C60FFF720
:109B80006DFF84420ED1134B1B685BB9B9F1000F16
:109B900002D1FFF76BFF0646304606F071FD00214B
:109BA000FDF712FE88F31188BFF36F8F2846394600
:109BB000BDE8F88F521A60EB0C005345C4E904204D
:109BC000ADD01B68AAE700252F46EFE7101700204D
:109BD0009C050020BC8300202DE9F047DFF8A89009
:109BE0000246C9F800000D46FFF738FF002600279F
:109BF000DFF898804FEAE27ED8E9001350B1D0E94F
:109C0000044CA2427EEB0C0A1ADAA41A6CEB0E0684
:109C1000C0E904460024521843EB0E032046C8E96D
:109C20000023C9F8004006F02BFD2146FDF7CCFDCE
:109C300085F31188BFF36F8FBDE8F047FFF7E0BEF3
:109C4000611843EBE473C0E90467C8E90013FFF748
:109C500017FF01224FF00043C0E9042385F3118868
:109C6000BFF36F8F83689847EFF31185202383F349
:109C70001288BFF36F8FD9F80020121BC9F800209B
:109C8000FFF7ECFEB6E700BFBC83002010170020F2
:109C900010B5EFF31184202383F31288BFF36F8F85
:109CA000FFF7E4FE0346054AD2E90001181841EB2C
:109CB000E37184F31188BFF36F8F10BD101700207C
:109CC0002DE9F04105460E46174606F0DEFB28B9A1
:109CD000074B9B68DC6E14B9BDE8F081054C3B4630
:109CE000324629462046BDE8F04106F061BD00BF7E
:109CF0008C83002014060020014BC366704700BF10
:109D0000140600200146024A0020FFF7D9BF00BF19
:109D1000F7BC0100014802F0A5B800BF5944020099
:109D2000054B5A78022A04D11878C31F584258416B
:109D300070470020704700BFC08300200E4B0340D7
:109D4000B3F1607F06D1B1F5885F0CBF00206FF0E2
:109D500086007047B3F1707F0BD101F4E043B3F597
:109D6000005F06D111F4E06F14BF00206FF0860091
:109D700070476FF0860070470000C07F8A42F8B5D8
:109D800006460D4600F0D2806C4B22F4FF7121F0A4
:109D90000101994222F0FF070FD003F588539F423B
:109DA0000BD022F47F7121F00301A3F57063994277
:109DB00003D003F5A0639F4227D1604B25F4FF71C8
:109DC00021F00101994210D05D4925F0FF038B423B
:109DD0000BD025F47F7020F00300A1F5706188425C
:109DE00003D001F5A0618B420FD115F0FF000BD01D
:109DF000544B40F00070984240F09A8082EA05008F
:109E0000FF288CBF00200120F8BD05F0FE43B3F110
:109E1000A06F11D102F0FE43B3F1A06F71D182EABD
:109E2000050333F47E136CD12C046AD5C5F30540C9
:109E3000C2F305429042E4E7B3F1407F61D102F002
:109E4000FE43B3F1407F5CD182EA050030F47E141A
:109E500057D131462846FFF771FF002868D13A49AB
:109E600012F47C1001EA020116D0B1F1607FC2F356
:109E7000054335D1D1B241F0007101F17E41033982
:109E8000102901D8314C645C15F47C1F2ED19C4202
:109E900014BF00200120B7E7B1F1607F0AD1D3B22F
:109EA00043F0007303F17E43033B102B44D8284951
:109EB000CB5CDFE7B1F1707F16D106F4E043B3F578
:109EC000005F37D10123C6F302218B4006F4E04145
:109ED000B1F5005FD8D10124C6F30226B440D3E720
:109EE000B1F1707FD0D1F1E70346CDE718B9C5F3E2
:109EF0000541A1421AD0290403D5C5F30540984273
:109F00007FE725F47F03B3F1106F0AD102F0FE431F
:109F1000B3F1106F0CD10F48104040F01060A84210
:109F2000B6E70D4B9D4203D1AF42B1E701206BE78D
:109F3000002069E70346C9E703469BE700020006E5
:109F400000130006FF0000020000C07FEA45020087
:109F5000EA4502000000FFF60001000A37B5054699
:109F60000C46FFF7DDFE78B100230A46019329462F
:109F7000074801ABFEF746FC20B9019BA34218BF7E
:109F80006FF0930003B030BD6FF08800FAE700BFB8
:109F9000C4830020F0B50446084624F47F01B1F1E3
:109FA000106F87B026D1456800F120012D0A21D11C
:109FB000068806F44F45B5F5824F1BD10F4D104F63
:109FC000254045F01065BD4214D1F6B2122E11D1D4
:109FD0004588B5F5807F0DD10E9D009204950D9DAD
:109FE00003950C9DCDE901352346426E07F0E0F95B
:109FF00007B0F0BD6FF08500FAE700BF0000FFF684
:10A00000000002092DE9F843884617461C4600F077
:10A01000D5F90546002844D1D8F80060B6F800907C
:10A0200009F4E043B3F5804FB36808BF27F0010798
:10A0300037EA03032DD1A4B3244B24F4FF7222F09A
:10A0400001029A4210D0224A24F0FF0393420BD01F
:10A0500024F47F7121F00301A2F57062914203D0D4
:10A0600002F5A06293421FD114F0FF0304D0194AF5
:10A0700043F0007393421ED022464846F168FFF732
:10A080007DFE074668B9224648463169FFF776FEED
:10A09000D0B96FF0840500233046C8F8003007F0CF
:10A0A00081F82846BDE8F88304F0FE43B3F1407F11
:10A0B00004D12304E0D56FF08605ECE7B3F1A06F7F
:10A0C000F7D0044B9C42D6E73D46EAE70002000683
:10A0D00000130006FF00000238B500F0FE43B3F1A4
:10A0E000407F04460D4602D06FF0860038BDFFF772
:10A0F00025FE0028F8D114F47C1F18D0C4F30543C2
:10A10000032B137022D9224A2240B2F1607F31D151
:10A11000E4B244F0007404F17E44033C102CE3D814
:10A120001C4A125D9342DFD8202BDFD90EE0184B7A
:10A130002340B3F1607F0FD1E3B243F0007303F12A
:10A140007E43033B102B04D9002313706FF085006E
:10A15000CCE71149CB5CD3E7B3F1707FF4D101F4C4
:10A16000E043B3F5005FEFD10123C1F302218B403F
:10A17000DBB2C5E7B2F1707FB6D105F4E042B2F5CB
:10A18000005FB1D10122C5F30225AA40CAE700BF92
:10A190000000C07FEA450200EA450200002307B53F
:10A1A0001A460091024906F01EFF03B05DF804FB59
:10A1B0006431020010B5114C2378580744BF03F0F6
:10A1C000FB032370990705D500F096F8237823F058
:10A1D0000203237063781BB10023094A6360536054
:10A1E000002308210648637000F0F8FB2378DA07A3
:10A1F00044BF23F00103237010BD00BFC0830020C3
:10A20000C483002038B5FFF78BFDD8B9124C2378F2
:10A21000DA075CBF43F0010323709D0707D400F009
:10A2200063F82378054643F00203237088B9627807
:10A2300032B9D90704D5094962604A6002226270C6
:10A24000580702D50025284638BD43F00403237083
:10A25000F8E7FFF7AFFFF6E7C0830020C4830020D4
:10A2600000F140420F2A30B50CD868241D4B04FB86
:10A2700002331A7E022A02D15A69824226D06FF036
:10A280008B001CE06FF04043421E9A420ED2154AEA
:10A2900000241346157E022D02D15569854212D045
:10A2A0000134102C02F16802F4D1E8E700F1004318
:10A2B00003F58033B3F5704FE9D36FF0870030BDFD
:10A2C0006FF09600FBE7682202FB04331A7E022A35
:10A2D000F6D1DA69501CF3D00132DA6100200B604C
:10A2E000EDE700BFCC8300200122024B002083F861
:10A2F00080267047CC8300202DE9F0410A4C0025D0
:10A3000026464FF0010803272046C4F81C80277614
:10A31000013506F0C9FB102D04F16804F4D10023C7
:10A3200086F88036BDE8F081CC830020F8B5214D59
:10A33000064695F880360F46002B34D000242B4675
:10A340002246197EF9B13CB9022905D1D96919B95A
:10A350001979002918BF1C460132102A03F168033D
:10A36000EFD114B96FF08C000BE0237E022B04D1E7
:10A37000E3695A1C1CBF0133E361204606F094FBDD
:10A3800010B100240DE01C46237E7BB90123237607
:10A3900036B1094B651BED105D4305F18045356015
:10A3A00000203C60F8BD6FF08800EAE76FF096008F
:10A3B000E7E700BFCC830020C54EECC438B50025CC
:10A3C000084B0D6093F8803643B1FFF749FF10F159
:10A3D0008C0F02D16FF087000D6038BD6FF08800E0
:10A3E000FBE700BFCC83002010B500F0FE44B4F1C1
:10A3F000A06F07D0B4F1806F01D0094C00E0094C88
:10A40000A04202D06FF0850010BD0120B1F5105FB1
:10A410001070F7D10BB90020F6E702221A70FAE7A4
:10A420000002C003004440047FB5036816460E4A8C
:10A4300023F47E1393420D4613D16946043007F08E
:10A4400094FA044620B932466946284607F06EFB66
:10A450006846102100F0C2FA204606F083FA04B0E4
:10A4600070BD6FF08800FAE70002C00310B5036802
:10A4700004464BB1094A23F47E13934206D10430BB
:10A4800000F0D6FA00232360002010BD40220021F6
:10A4900007F072FB6FF08800F7E700BF0002C0030F
:10A4A0002DE9F843D0F8009005460E461746B9F15D
:10A4B000000F30D123F47E140360184B9C420FD15F
:10A4C00000F10408404607F086F931884B462046E3
:10A4D000728806F097FE014658B96FF0850416E0C1
:10A4E0004022494607F048FB6FF085042046BDE84E
:10A4F000F883404600F0B8FA20B9394640467288E1
:10A5000007F088F906F02EFA04460028EED0284617
:10A51000FFF7ACFFEAE76FF08804E7E70002C0034B
:10A5200010B503685BB1074C23F47E13A34206D138
:10A53000043007F095F9BDE8104006F013BA6FF04B
:10A54000880010BD0002C003043004289ABF034BEA
:10A5500033F910006FF08300704700BF203B02000A
:10A56000014B07F005B800BF0C32020070B514466D
:10A5700006460D4688B0214620460C4A07F056F89C
:10A58000224621466846FFF7EBFF6A4631463046D1
:10A59000FFF7E6FF224669466846FFF7E1FF6A4695
:10A5A00029462846FFF7DCFF08B070BD0C320200D8
:10A5B00030B5044689B006F09BFF0C4A2146684638
:10A5C00006F02EFF05460121684606F00DFF6A469B
:10A5D0002146684606F024FF2DB1003818BF01203F
:10A5E000404209B030BD4FF0FF30FAE7C8310200F9
:10A5F00030B589B0044606F013FF0546214668468B
:10A60000044A06F0F7FE2A466946204606F01FFF78
:10A6100009B030BD0C32020070B5044690B00D4652
:10A620001146164606F064FF2146234A08A806F0A4
:10A63000F7FE012803D04FF0FF3010B070BD114677
:10A64000204606F0D2FF284606F1200106F050FF12
:10A650002946194A08A806F0E3FE0128EBD1114665
:10A66000284606F0C2FF2A4629466846FFF778FFCB
:10A670002246214608A8FFF773FF08A9224608468C
:10A68000FFF76EFF08A922460846FFF7B1FF08A9A9
:10A6900022460846FFF7ACFF08A922460846FFF706
:10A6A000A7FF08A90846044B044A06F04CFF684679
:10A6B00008A906F0DDFEC0E70C320200A831020056
:10A6C00070B504460D46164698B0114608A8FFF727
:10A6D00047FF344B2146684608AA06F034FF21465E
:10A6E00008AA10A8FFF784FF694610AA08A8FFF778
:10A6F00037FF08AA114668462A4B06F024FF694630
:10A700006846284B08AA06F01EFF2A46294610A8CC
:10A71000FFF726FF10AA11461046224B06F013FF42
:10A72000214610AA08A8FFF71BFF08AA11461046E9
:10A730001C4B06F008FF10AA11461046FFF710FF49
:10A7400010AA184B1146104606F0FDFE6A466946EF
:10A750002046FFF705FF2146204608AAFFF748FFDD
:10A760002146204608AAFFF743FF324629463046D5
:10A77000FFF7F6FE0B4B32463146304606F0E3FE5D
:10A780002246284608A9FFF733FF6A46294628468D
:10A79000FFF7E6FE2946284610AAFFF729FF18B062
:10A7A00070BD00BF0C3202002DE9F04F99460546FE
:10A7B00092460C46A3B02C9E2F49324602A806F0C2
:10A7C0002FFED6F800B031460BF0010202A80DF1C1
:10A7D000480806F03CFE0021404606F005FE4A46C9
:10A7E00041460AA8FFF704FF01225146284606F019
:10A7F0002EFE01224946204606F029FE01211F4A6D
:10A800001AA806F008FF6FEA0B02204602F00102C8
:10A810000AA906F01CFEFF277B0922AA02EB83038C
:10A8200053F8806C07F01F02D64086EA0B06F2430D
:10A830004946404602F0010206F009FE404606F095
:10A8400001020AA906F003FE214628461AAAFFF7CC
:10A8500037FF534621462846CDF800801AAA06F055
:10A8600027FF013FD8D1214628461AAAFFF77EFECE
:10A8700023B0BDE8F08F00BFC83102000C320200E7
:10A880002DE9F74306460D46174698464FF0040952
:10A890002021304606F06DFF80B931462846FFF78B
:10A8A00087FE044638B941463846074B074A0095AB
:10A8B000FFF77AFF04E0B9F10109E9D14FF0FF3465
:10A8C000204603B0BDE8F083683102008831020001
:10A8D00030B599B00D4610AB694608AAFFF7D0FF16
:10A8E00004462021684600F079F86CB92846084AE9
:10A8F00008A906F0CBFE064A10A905F1200006F0D3
:10A90000C5FE204619B030BD4FF0FF34F9E700BF57
:10A910000C32020070B5AAB002AD064628461446B5
:10A92000FFF746FEC8B9224612A90AA8FFF774FE2F
:10A930000446A8B90AAA22A91AA8009512ABFFF7E3
:10A9400033FF3046084A1AA906F0A0FE2846202107
:10A9500000F044F820462AB070BD6FF00204F5E71D
:10A960006FF00104F2E700BF0C32020070B59AB03C
:10A9700002AE05463046FFF71BFE0446C0B90E4B3B
:10A980000E4A12A90AA80096FFF70EFF20213046B2
:10A9900000F024F828460A4A0AA906F077FE084A79
:10A9A00012A905F1200006F071FE20461AB070BD14
:10A9B0006FF00204F9E700BF68310200883102003D
:10A9C0000C320200014B1B68184700BFA80500208D
:10A9D000014B1B68184700BFA405002010B50A46AC
:10A9E000044619B1024B00211B68984710BD00BFF7
:10A9F00050320200F0B504460B4B0C4E586800B9BB
:10AA0000F0BDC579C5F3840556F825502D78A542CB
:10AA100008D1457905F00F07B1EB871F02D1B2EBE2
:10AA2000151FEDD00833E9E7583202005432020016
:10AA300010B50446A8B1806B10B1242106F0C1FE08
:10AA4000606B40B12368074ADB79C3F3840352F893
:10AA500023305B6998472046BDE810403C21FFF752
:10AA6000BDBF10BD5432020038B505460C46A9B131
:10AA70003C22002107F080F8E3790A4AC3F38403FB
:10AA800052F823301B6913B900202C6038BD984759
:10AA900068630028F8D16FF08C00F7E76FF086004C
:10AAA000F4E700BF5432020070B4DCB2012C25D8A8
:10AAB00004681CB3E57905F00305012D05D8657917
:10AAC00005F00F05B2EB851F18D142600372E579DE
:10AAD0000C4EC5F38405012B406B56F8255008D069
:10AAE000637903F0F004302C03D003F0E003402B33
:10AAF00002D1AB6870BC1847EB68FBE76FF08600CB
:10AB000070BC704754320200F0B40468049F1CB952
:10AB10006FF08600F0BC704700243C6006683EB3CE
:10AB2000347914F01F0423D0767906F0F006102E45
:10AB300011D1A2421ED13A6002680F4CD279C2F301
:10AB4000840254F8222054680A46A446F0BC90F9C6
:10AB50000810406B6047994208D1C369002BD7D1D8
:10AB6000B2FBF4F304FB1322002AD1D10348D1E74E
:10AB70000348CFE70348CDE754320200809FFFFF30
:10AB8000809CFFFF809DFFFF70B50C2300242246B0
:10AB9000CD582EBA42EA460212BAC250043B1A1DE0
:10ABA000C5F3C014F3D1084B1A680B7882EAD312AC
:10ABB00053085B4252421343DB17C27B03F0870307
:10ABC0005340C373002070BD508A0020C02AF0B5E6
:10ABD00044D0B2F5807F43D0802A40F0BA800A2367
:10ABE000036000240346520943F8044F01EB82023C
:10ABF00051F8044B8A4243F8044FF9D103680C2BF7
:10AC000030D00E2B5ED00A2B26D1534D534900F184
:10AC1000A006426955F8044B8768C2F30723CB5C52
:10AC20007C406340140E0C5D103083EA0443D4B2C0
:10AC30000C5D83EA0463C2F307440C5D83EA0423DA
:10AC400050F8044C836063400468C36063405A401A
:10AC5000036142618642DCD10020F0BD0C23BFE7D6
:10AC60000E23BDE73C4C3D4900F1C005C26954F8D4
:10AC7000046B8768C2F30723CB5C7E407340160EDB
:10AC80008E5D183083EA0643D6B28E5D83EA066392
:10AC9000C2F307468E5D83EA062350F80C6C83608E
:10ACA000734050F8086CC360734050F8046C036143
:10ACB00073400668436173405A408361C2618542B4
:10ACC000D4D1C9E7244D254900F1E006446A55F87E
:10ACD000042B8768C4F30723CB5C7A405340220ED1
:10ACE0008A5C876983EA0243E2B28A5C203083EAA5
:10ACF0000263C4F307428A5C83EA022350F8142CEF
:10AD00008360534050F8102CC360534050F80C2C13
:10AD100003615340DAB28A5C43617A401F0ECF5D13
:10AD200082EA0762C3F30727CF5DC3F30743CB5C17
:10AD300082EA072282EA034350F8042C83615340DD
:10AD40000268C36153405C40036244628642BDD1E5
:10AD500082E76FF01F0080E7A8320200FB46020086
:10AD60002DE9F04FC9B002AD044628460E461746FD
:10AD700006F0D1FE002331463A4628466360FFF7CD
:10AD800025FF0646002833D1029F039B04A903EB4D
:10AD9000870301EB830251F8233004F1180EA360FE
:10ADA0005368103AE360936971462361D369914611
:10ADB00063617B1E98462948DFF8A4C02760B8F17C
:10ADC000000F1EDC002F4FEA0313C8BF1C46C3F15F
:10ADD0000003DCBF00230024D018D3580EEB04017D
:10ADE0004EF8043043684B6083688B60C368CB6067
:10ADF00002A84FF48C71FFF7F1FD304649B0BDE871
:10AE0000F08F01F11004A9F1040B01945BF8044FD9
:10AE1000250E1CF8055050F825A0E5B21CF8055089
:10AE200050F8255085EA3A2AC4F307251CF8055046
:10AE3000C4F307441CF8044050F8255050F824404F
:10AE40008AEA356585EA3445019C41F8045BA142F4
:10AE5000DCD108F1FF38A9F11009B0E7D0320200C7
:10AE6000FB4602002DE9F04F01298C469E4693B027
:10AE700000F273834368176856689568D46850F881
:10AE8000082B99004FEA620808F1FF38BCF1000F67
:10AE900040F0BC8150F82330421887EA030A536817
:10AEA00030327340029352F8283C6B40554603936E
:10AEB00052F8243C63401E46DDE902040493D14B62
:10AEC00052E9069BCDF814B052F810BC52E90817AD
:10AED000CDF818B052F80CBC2032CDF81CB052F8A6
:10AEE00028BCB8F1000FCDF820B052F824BCCDF842
:10AEF00024B000F3CA80BCF1000F03D1DDE90204E5
:10AF00005546049E5FFA85FC53F82CC0020E53F898
:10AF1000222081EA0C0181EA3221C6F3072253F88C
:10AF200022205FFA80FC81EA3261C4F3074253F8C1
:10AF3000222053F82CC081EA3241220E53F82220FD
:10AF400087EA0C0787EA3227C5F3072253F8222045
:10AF50005FFA84FC87EA3267C6F3074253F822207F
:10AF600053F82CC087EA3247320E53F8222089EA80
:10AF70000C0989EA3229C0F3072253F82220F6B2DD
:10AF800089EA3269C5F3074253F8222053F8266054
:10AF900089EA32482D0E059A53F82550C4F3072448
:10AFA00053F824407240C0F3074053F8200082EA6F
:10AFB0003525954B85EA346484EA30403C0E1D5DAE
:10AFC000CCB21C5D069A0E91544084EA0564C0F32D
:10AFD00007255D5D079A84EA0524C8F307455D5D92
:10AFE0000F9784EA05444FEA18655E5DFDB25D5D2A
:10AFF0001190554085EA0665C1F307269E5DCDF8A0
:10B00000408085EA0625C0F307469E5D0A9485EADE
:10B010000645060E0B9513F806C05FFA88F69E5D8E
:10B02000089AC0B2564086EA0C66C7F3072C13F89C
:10B030000CC0099A86EA0C26C1F3074C13F80CC021
:10B04000090E86EA0C4613F801C0195CC7F30747DE
:10B050005140C8F307229A5C81EA0C61DB5D81EA0A
:10B06000022282EA03430C960D93CEF800400AA810
:10B070002021CEF80450CEF80860CEF80C30FFF74F
:10B08000ADFC002013B0BDE8F08F4FEA106C53F810
:10B090002CB05FFA85FC53F82CC008F1FF3881EA28
:10B0A0000C0CC6F3072153F821108CEA3B2C8CEAD8
:10B0B000316CC4F3074153F821108CEA314C210E56
:10B0C00053F821B0C1B253F821107940C5F30727D6
:10B0D00053F8277081EA3B2181EA3761C6F30747BD
:10B0E00053F8277081EA3741370E53F827B0E7B29B
:10B0F00053F82770F6B289EA0707C0F3072953F817
:10B10000299087EA3B27019153F8266087EA39693D
:10B110000599C5F307472D0E53F82550C4F30724AE
:10B1200053F824407140C0F3074053F8200081EAEF
:10B130003526019986EA34665FFA8CF486EA304651
:10B1400053F82450080E069953F82000694081EA0C
:10B15000302553F82770C6F3072053F8200089EAFA
:10B16000374785EA3065C7F3074053F82000079951
:10B1700085EA3045380E53F820409DF8040053F816
:10B180002000414081EA3420CCF3072453F82440C6
:10B1900080EA3460C6F3074453F8244080EA344020
:10B1A000340E53F82490FCB253F824400899F6B2B8
:10B1B000614081EA3924019953F82660C1F30729D7
:10B1C00053F82990099984EA3964CCF307494FEA86
:10B1D0001C6C53F82CC0714081EA3C260199C7F3DE
:10B1E000072753F82770C1F3074153F8299053F804
:10B1F000211086EA37664FF0010C84EA394486EA6A
:10B2000031465DE6D0320200FB45020050F82330A3
:10B2100001447B4002934B684FF0000C7340039352
:10B220008B68CF4A6B400493CB68303163401E4635
:10B23000DDE90305029C059351F810BC51E908377C
:10B24000CDF818B051F80CBC51E906A9CDF81CB0E6
:10B2500051F808BC2031CDF820B051F824BCB8F129
:10B26000000FCDF824B000F3BA80BCF1000F03D179
:10B27000DDE90305059E029C5FFA84FC52F82CC0B0
:10B28000310E52F8211083EA0C0383EA3123C0F314
:10B29000072152F821105FFA80FC83EA3163C5F37D
:10B2A000074152F8211052F82CC083EA3143210E95
:10B2B00052F8211087EA0C0787EA3127C5F30721E6
:10B2C00052F821100E9387EA3167C6F3074152F80E
:10B2D000211087EA3147E9B252F821102D0E8AEA8F
:10B2E000010C010E52F8211052F825508CEA312C35
:10B2F000C6F3072152F82110F6B252F826608CEA04
:10B30000316CC4F30741C4F3072452F8244089EA9E
:10B310000606C0F3074052F8200086EA352585EA84
:10B32000346484EA304052F821108E4A040E155DD0
:10B33000DCB2145D069E8CEA3141744084EA0564F7
:10B34000C7F30725555D0F9784EA0524C1F3074528
:10B35000555D109184EA05481D0E565DFDB2555DA0
:10B36000079C1190654085EA0665C1F30726965D46
:10B37000CDF8288085EA0625C0F30746965D85EA64
:10B3800006453E0E0B9512F806C0CEB2965D089C9F
:10B39000090E664086EA0C66C0F3072C12F80CC052
:10B3A000C0B286EA0C26C3F3074C12F80CC0C3F3F4
:10B3B000072386EA0C4612F801C0115C0998D35C99
:10B3C0004140C7F30747D25D81EA0C6181EA03235C
:10B3D00083EA02430C960D93CEF8008047E64FEACD
:10B3E000166C52F82CB05FFA84FC52F82CC008F1AD
:10B3F000FF3883EA0C0CC0F3072352F823308CEAA1
:10B400003B2C8CEA336CC5F3074352F823308CEAAB
:10B41000334CC3B252F823305F40230E52F823302E
:10B4200087EA3327C5F3072352F8233087EA3367C7
:10B43000C6F3074352F8233087EA33430193030EE0
:10B4400052F823B0EBB252F823302D0E8AEA0303F0
:10B45000C6F3072A52F82AA0F6B252F8266083EA09
:10B460003B2352F8255083EA3A6AC4F30743C4F3F6
:10B47000072452F8244089EA0606C0F3074052F830
:10B48000200086EA352686EA346686EA30465FFA88
:10B490008CF052F82040069852F823306040044661
:10B4A000300E52F820008AEA334384EA30240198AF
:10B4B000079FC0F3072052F8200084EA3064C3F3EA
:10B4C000074052F8200084EA30444FEA1C6052F8EA
:10B4D00020509DF8040052F82000474087EA3520AC
:10B4E000C3F3072552F8255080EA3560C6F30745B7
:10B4F00052F8255080EA3540019D2D0E52F82590D6
:10B50000DDB252F82550089F1B0E6F4087EA39259F
:10B51000C6F30729F6B252F8299052F82660099F1F
:10B5200052F8233085EA39657740CCF30749CCF3EC
:10B53000072C87EA332652F82C3052F8299086EAF5
:10B540003366019B4FF0010CC3F3074752F82730D5
:10B5500085EA394586EA33466EE66FF0860091E566
:10B56000D0360200FB4602000CB430B58BB0044666
:10B570000D462022002102A806F0FEFA0223002D2B
:10B5800006948DF80A300C4B039312DB01D06B1E2E
:10B590001C440FAA0E9902A80794019200F00EF81D
:10B5A00015B1069B00221A700BB0BDE8304002B006
:10B5B00070470024EDE700BF6D1C02002DE9F04F3D
:10B5C00043688BB080469246009383789C0740F195
:10B5D000F98000250878002800F0F68025280AD098
:10B5E0004B1C019301354146009B98470028C0F24F
:10B5F000E3800199EEE74E788B1C252E0193F1D064
:10B6000000270A22B9463C461F2C22D8A6F1200367
:10B61000102B20D8DFE803F0141F1F1A1F1F1F0B69
:10B620001F1F1F121F171F1F090044F00104019B59
:10B6300013F8016B0193002EE6D13AE044F00204C6
:10B6400044F00404F3E744F00804F0E744F0100485
:10B65000EDE77F2C24D8A6F13003092B08D860062B
:10B660004EBF02FB073744F0200402FB0939DEE736
:10B670002A2E0DD161065AF8043B53D4002BA7BFE4
:10B6800044F020049946C3F1000944F02804CEE7B1
:10B690002E2E05D1630600F1978044F04004C6E7E2
:10B6A0006C2E2ED028D8682E32D06A2E37D04C2E51
:10B6B00035D0002F46F02003B8BF24F04004A3F19A
:10B6C0006502BCBF0027A4B2022A01D9612B2BD18D
:10B6D0000AF1070A07279D4E2AF0070A0AF1080A0D
:10B6E000210760D506EB070B34465C455DD1AE1BE8
:10B6F000A9EB0709A21959E1742E98D07A2E96D099
:10B70000D7E7260648BF44F4007444F080048EE76F
:10B71000E00548BF44F4007444F4807487E744F4BF
:10B72000207484E71F4682E7A6F16302122A00F222
:10B73000D880DFE812F013004D00D600D600D60006
:10B74000D6004D00D600D600D600D600D600E800C0
:10B75000D100D600D6001A00D600A0005AF8043B4B
:10B76000012704AE8DF81030BAE75AF8046B784B15
:10B77000002E08BF1E4614F0400F304614BF394655
:10B780004FF0FF3106F010FA0746A9E741462020A6
:10B79000009B984700280FDB013CA742F6D34D449D
:10B7A000A1462D1B9EE74C46F7E7414614F8010BD6
:10B7B000009B9847002898DA98F8023043F0040379
:10B7C00088F802304FF0FF3528460BB0BDE8F08F07
:10B7D000220630D5A3052AD50AF1070A2AF0070365
:10B7E0009A4659685AF8080B24F0100B00291FFAE2
:10B7F0008BFB2FDA40424BF4806B61EB410104ACD0
:10B800000A23224606F0DCF91BF0400FA0EB0402ED
:10B8100000F08E802BF001049742A4B240F38F8099
:10B82000002E40F08E802BF01104A4B21DE05AF8D7
:10B83000040BC117D8E7E0055AF8041B01D40846E9
:10B84000F7E7A20547BF48B241F3C01108B241F380
:10B85000C031C9E750EA0103D1D16306CFD5002F2B
:10B86000CDD124F011043A46A4B23B4640F2064141
:10B870000C4262D124E024F010040A23A4B214F094
:10B88000800243D014F4007117BF0AF1070A5AF876
:10B89000040B2AF0070292461CBF51685AF8080BA5
:10B8A00050EA01023ED124F0160B62061FFA8BFB10
:10B8B0003CD5002F3AD124F017043A463B46A4B2B7
:10B8C00021075AD4E10705D5994572DDA9EB030399
:10B8D0009F184B469B464AE044F0100410237826FC
:10B8E000CDE7782B04D1C6F1780343F01003C6E707
:10B8F00041462520009B98470028FFF65DAF0235A2
:10B900004146304670E608230026B8E714F48071FB
:10B910005AF8040BC4D014F400711ABFC0B2114617
:10B9200080B2BDE724F006041FFA84FB04AC68E78C
:10B9300013465C46E10699D52EB90133C0E713469C
:10B94000F8E73B46F6E70233BAE700BFBD44020022
:10B95000B6440200CDE9023241462020009B9847C0
:10B960000028FFF629AF0BF1010BDDE90232D945C2
:10B97000F0DCEB1A03EB0B055B46E10627D54146ED
:10B980003020CDE90232009B98470028FFF614AF23
:10B99000DDE902327EB901352F44791B8A4229DB69
:10B9A000144604AE94BB2A44A9EB030915469144FE
:10B9B00040E017468EE7023541463046CDE9023277
:10B9C000009B98470028DDE90232E5DAF4E640F210
:10B9D00006410C42E0D014F0020F05F1010541468A
:10B9E00014BF2B20202014F4806FCDE9023218BF41
:10B9F0002D20E5E7CDE902324146009B302001359C
:10BA000098470028DDE90232C7DAD5E6013C414615
:10BA1000CDE90232305D009B98470028DDE9023213
:10BA2000C0DAC9E641462020009B0135984700282E
:10BA3000FFF6C2AEA9EB0503002BF3DCD9E500BF8E
:10BA4000704700207047E5F79FB910B547F6122CF4
:10BA50000446002140F2E7304FF47A720023E4FB01
:10BA60000C01E4F70DFDBDE8104004F0ABBD00EBA8
:10BA7000C100408840087047F8B50346FFF7F7FF5C
:10BA8000B0FA80F0C0F11F0003EB800CDCF810600E
:10BA9000CA00171D0C4606328DB256B9012101FAB3
:10BAA00000F0D9680143D960CCF81040DD539D52B5
:10BAB000F8BDF1000431585AD85303EBC0009E5230
:10BAC000C5805D52F4E710B500EBC104E3889942EC
:10BAD00002F104010AD1012303FA02F2C36823EA46
:10BAE0000203C360002340F8213010BDA28840F853
:10BAF000213000EBC20100EBC300CB808280F4E771
:10BB000008B50346FFF7B3FFB0FA80F21846BDE868
:10BB10000840C2F11F02FFF7D6BF2DE9F843B1FA82
:10BB200081F3C3F11F0200EB8209D9F810700646B9
:10BB30000D4687B94FF0FF34C3F120039C40F368F2
:10BB40001C4014D094FAA4F2B2FA82F2131D56F8F3
:10BB50002340214608E03C464FF00308214630468A
:10BB6000FFF785FFA84205D33046FFF7ACFF20461C
:10BB7000BDE8F88306EBC404E488B8F10108C9F80D
:10BB80001040D7D0A742E9D1D4E738B50446FFF733
:10BB90006EFF0D46034611462046FFF768FF03443B
:10BBA0009BB204EBC5055A0020466A80FFF75FFF91
:10BBB000014424F8313038BD70B50B460446FFF718
:10BBC00056FF04EBC305511A9B1A89B203444E0079
:10BBD0009BB26E8004EBC2005D00458024F83210F9
:10BBE00020461146FFF743FF014424F8313070BD71
:10BBF000F8B5002951D004680D1F2D1BEE0825F063
:10BC000007056219538813F0010306D183F31188E5
:10BC1000BFF36F8F0423184602DF31462046FFF73B
:10BC200026FF304434F83030C01A864207D0002353
:10BC300083F31188BFF36F8F0423184602DF538804
:10BC4000314623F0010353802046FFF710FF3718D9
:10BC500004EBC7035B88DA0708D439462046FFF7B0
:10BC60004FFF3A4631462046FFF78FFF655B751B55
:10BC700004EBC5035B88DB0709D429462046FFF7A0
:10BC80003FFF324629462046FFF77FFF2E463146CA
:10BC90002046BDE8F840FFF7EFBEF8BD70B509B922
:10BCA000002070BD056801F007030B33CC0804EBDE
:10BCB000D304AB6828469C4228BF1C462146FFF7A8
:10BCC0002CFF06460028EBD001462846FFF7CFFEA2
:10BCD000A04207D928463219FFF76EFF11462846C1
:10BCE000FFF7CAFE05EBC60210465388043043F046
:10BCF00001035380D5E71146FFF7D0BF2DE9F84384
:10BD000014464A4202EA010931EA020203460BD014
:10BD10004A46042A28BF04224F46A1EB09096CB900
:10BD200000252846BDE8F883042904D82146BDE84B
:10BD3000F843FFF7B3BF00270422F0E71E68A9EB22
:10BD4000020204F0070302F007010B330B44E10881
:10BD500001EBD20101EBD301B3683046994228BF11
:10BD60001946FFF7DAFE80460028D9D03D1D05EBC5
:10BD7000C00509F1FF3335441D44B5FBF9F509FB56
:10BD800005F5ED1B2C442B1F07349B1B24F00704E7
:10BD9000A41BB0EBD30F4FEAD3074FEAE40408D259
:10BDA00001463A463046FFF707FF41463046FFF767
:10BDB00063FE39463046FFF75AFE3844844207D2C4
:10BDC00030462246FFF7F8FE21463046FFF754FE84
:10BDD00006EBC706738843F001037380A1E7043ABA
:10BDE0002DE9F843CC1D114424F0070421F0070687
:10BDF000A6EB04084FEAD807B7FA87F24FF000091C
:10BE0000C2F12405AD000735C2F12002ED0804603F
:10BE10004946A760C4F80C90920004F1100005F0A8
:10BE2000ABFEAAB2530043F0010363807B1B9BB2BD
:10BE300004EBC5015800A4F80090488024F8352090
:10BE4000A6F8029024F8083004EBC7035A88294664
:10BE500042F001025A802046BDE8F843FFF70CBECD
:10BE6000002070470FB407B504A951F8040B0191E5
:10BE7000E5F75AFA03B05DF804EB04B070470FB46D
:10BE800007B504A951F8040B0191E5F74DFA03B089
:10BE90005DF804EB04B07047002203680BB9184644
:10BEA00070478B4210D10B6842B9426803609142DF
:10BEB00000D14360002301200B607047136043688A
:10BEC000994208BF4260F5E71A461B68E6E7038B14
:10BED00013F0070306D10368002B18BF032008BF27
:10BEE00000207047022B05D1408BB0FA80F040094A
:10BEF00080007047012B04D10368002B18BF052078
:10BF0000EDE70020704710B50C4600B111B96FF095
:10BF1000150010BD081D00F0C6F80028F9D1A3686F
:10BF2000032BF6D9F3E72DE9F0410D4607461946F4
:10BF3000281D90461E4600F0C7F8044638B1334627
:10BF4000424629463846A446BDE8F0416047BDE870
:10BF5000F08110B4EFF31182202484F31288BFF330
:10BF60006F8F416110BC0121E5F710BA38B50C465E
:10BF7000054658B151B10B6843B14B6833B11C222F
:10BF8000002105F0F9FD00202C6138BD6FF015008F
:10BF9000FBE7F8B504460E46FFF7B5FF051E3BDB91
:10BFA000EFF31182202383F31288BFF36F8F4FF6D4
:10BFB000FF71638B278B8B4207F007072ED0062F6C
:10BFC0002FD8DFE807F0182E082E180418006FF09D
:10BFD0008505002303E0013363830225012382F3F7
:10BFE0001188BFF36F8FBBB100233A46314620461C
:10BFF000FFF799FF10E000233360636823B9C4E9B9
:10C00000006627B13D46E4E71E606660F9E702215D
:10C010002046E5F7BBF93D462846F8BD6FF00A0516
:10C02000D7E76FF00405D4E710B5EFF311822023B2
:10C0300083F31288BFF36F8F048B04F00704022C84
:10C040000AD0012C0CBF6FF004006FF0850082F362
:10C050001188BFF36F8F08E0438B013B9BB2438392
:10C0600023B92146E5F792F9204610BD2046EEE7B8
:10C0700038B5A8B1A1B1EFF31185202282F312885F
:10C08000BFF36F8F048BFFF707FF30B104F0070099
:10C0900085F31188BFF36F8F38BD6FF07700F7E736
:10C0A0006FF01500F8E7034658B1426802F003024A
:10C0B000012A03D0032A04D1026812B1002098603B
:10C0C00070476FF0150070474268034602F00302A4
:10C0D000032A4FF00002816014BF104600685A60C6
:10C0E00070477047F0B587B01F4604460D461646A8
:10C0F00000F0DDFC022302930DF116030193BDF85D
:10C100003030ADF81600009332463B4629462046B3
:10C1100002F0FAFB07B0F0BD2DE9FF411F460D46C6
:10C1200016460446E6F72CFD8046E4F7CBF9BDF849
:10C13000283080B2CDE90180009332463B46294643
:10C14000204602F0E1FB04B0BDE8F08105F014BD2B
:10C1500005F0ECBC01460068E5F73ABA08B5E5F72A
:10C1600067FABDE80840E5F763BD00210120E5F767
:10C170002FBA036E83F30B8870476FF0850070470A
:10C1800061B662B680F31188BFF36F8F704772B6E5
:10C19000002383F31188BFF36F8FBFF34F8F30BF3E
:10C1A00062B6BFF36F8F704772B6002383F31188B6
:10C1B000BFF36F8FBFF34F8F20BF80F31188BFF3A2
:10C1C0006F8F62B6704740E800F313F4803FD8B237
:10C1D00008BF6FF01500704730B50C684B6885B02C
:10C1E0000A894D890094013B24F01F04234402F086
:10C1F0001F0242EA451223F01F0369468DF808200A
:10C200000393E5F7C9FD05B030BD08B5E5F7A4FF18
:10C21000002008BD7047D0E8EF3F0133C0E8E23F9F
:10C22000002AF8D17047002303824369C360704736
:10C23000C1698968E6F74EB8EFF31182202383F3D2
:10C240001288BFF36F8F00230B60436833B9C0E9D6
:10C25000001182F31188BFF36F8F7047196041603E
:10C26000F7E7034610B5EFF31181202282F312881D
:10C27000BFF36F8F006828B15C680268A0421A6043
:10C2800008BF5A6081F31188BFF36F8F10BD01465C
:10C2900008B50830FFF7BFFF084608BD034618463B
:10C2A0005B68002BFBD17047426810B52AB10B4682
:10C2B0001C465B68002BFBD16260416010BD10B56D
:10C2C000044628B901F10800FFF7A5FF084610BD94
:10C2D000034618465B68002BFBD1FFF7E5FF2046BD
:10C2E000F5E710B508B14B68436000234C68084679
:10C2F0004B60E6F76DF8204610BD83680B44036081
:10C30000704703680B6043684B6083688B607047BD
:10C310008388026819448180D018704730B48488BB
:10C320000568A3188380281930BC05F0FFBB10B541
:10C33000838802685C1C8480D154D01810BD0346E9
:10C3400000689A88401A1144186099807047036801
:10C350009A1E026082880232828003F8021C090A57
:10C3600003F8011C70470268531E03608388013381
:10C37000838002F8011C704703468288521A82802B
:10C380000068084418607047034600689A88521A8B
:10C3900001449A801960704710B5036801211C7828
:10C3A000FFF7EAFF204610BD10B5036802211C8884
:10C3B000FFF7E2FF204610BD7FB5064614460A8807
:10C3C0008B78ADF8002000210D220DF103008DF8CF
:10C3D000023005F0D1FB6A4669463046F7F79CFA11
:10C3E00028B9BDF800209DF802302280A37004B067
:10C3F00070BD13B50C4601AA0331FFF7DDFF48B944
:10C400000322204601A905F0BFFBB0FA80F04009E5
:10C4100002B010BD0020FBE770B5CE1C05460C46EF
:10C4200030460321F7F776FA60B96379224603F0C4
:10C430003F0343F04003637131462846BDE8704036
:10C44000FFF7BABF70BD10B50C460178227888B0EE
:10C450008A420ED06946E6F7B9F8204604A9E6F705
:10C46000B5F8102268460DEB020105F08DFB08B00F
:10C4700010BD012A06D0022A07D072B9408863880D
:10C48000C01AF4E740686368FAE71022611C0130C3
:10C4900008B0BDE8104005F077BB6FF01500E6E787
:10C4A000042A0AD0102A0DD0022A4FF0000315D119
:10C4B00003700B88438001207047012303700B68D1
:10C4C0004360F8E7022300F8013B01F1100351F843
:10C4D000042B994240F8042BF9D1ECE71846704739
:10C4E000012310B50621044600F8013BF7F712FAC4
:10C4F00018B9A37963F03F03A37110BD0B68036003
:10C500008B8883808B798371037823F00203037017
:10C5100070470078C0F34000704738B50446807A11
:10C52000E5F7AEFE6169054649B1637ADB0704D4DD
:10C53000C36920461B689B689847002363612146B6
:10C540002846BDE8384003F047BE2DE9F0410C46CF
:10C550001746054601F10C0800F10C0140461E4645
:10C56000FFF7CFFE6269E36839469B1A13FA87F337
:10C570006B82012340466B722F82FFF7FDFEE3685A
:10C58000284673600023628AE360728163823460AC
:10C59000BDE8F08138B50C46D1E900320546DA60D5
:10C5A0000B684A895A820868E5F712FF2046102274
:10C5B000002105F0E1FA2846BDE83840FFF7ADBF9D
:10C5C000438A23B9C068B0FA80F040097047002060
:10C5D0007047F7B504460E461746A388012B01D8CD
:10C5E00003B0F0BD2046FFF7D7FE05460028F7D080
:10C5F000A3888342F4D32046FFF7CEFE23688DF84C
:10C600000000013D394668468DF801500193B0475E
:10C610000028E5D029462046FFF7AEFEDDE770474B
:10C62000D0F8A03083B15A7CD1070DD5D2060DD5F4
:10C630001B7C102B0CBF042303234372807A984287
:10C640008CBF0020012070470223F6E70323F4E7A4
:10C650000F2806D80D280BD8052814BF0220032068
:10C660007047132804D01A2814BF022001207047F5
:10C67000012070470B6803608B8883808B798371FE
:10C68000704738B5C3681D78F5B90F21B3F80100BC
:10C69000E7F782FF0446B8B12946E7F7C9FEA37859
:10C6A000012B04D02046BDE83840E7F775BE231DB6
:10C6B000D3E8AF3FDB07F5D520460321E7F7B8FE07
:10C6C000032000F066FCEDE738BD034610B5D3E863
:10C6D000EF0F40EA0102C3E8E42F002CF7D110BDB0
:10C6E00001210C30FFF750BE37B5C4680121B4F802
:10C6F0000100E7F751FF0546D0B123788DF80030EF
:10C700007BB9A3798DF80430B4F80730ADF8063062
:10C710002379627943EA0223ADF80230E3788DF899
:10C72000013028466946E8F73FFB2846E7F734FE24
:10C7300003B030BD37B5C4680121B4F80100E7F794
:10C740002BFF054698B123788DF8003043B9E37884
:10C7500005348DF8013014F8013C01948DF8023055
:10C7600028466946E8F7FEFA2846E7F715FE03B0C3
:10C7700030BD70B5C56801212888E7F70DFF044674
:10C7800090B16E88EA88A9882B89A0F8A660A0F8E5
:10C79000A810A0F8AA20A0F8AC30E8F703F92046CA
:10C7A000BDE87040E7F7F8BD70BD37B5C568012139
:10C7B000B5F80100E7F7F0FE044688B32B781A2B92
:10C7C00019D1C378012B27D14FF480410430FFF7F2
:10C7D0007CFF43040FD4D4F88C3069460093D4F81E
:10C7E00094302046019301F0A8F8204603B0BDE83C
:10C7F0003040E7F7D1BD2B7873B940F2E242B5F88B
:10C8000003305343C4F88830B5F80530A4F89030AD
:10C81000B5F80730A4F892302046E8F777F8E4E757
:10C8200003B030BD38B5C5680121B5F80100E7F7A0
:10C83000B3FE044698B12B783BB9D5F80330C0F865
:10C840009830D5F80730C0F89C30201D4FF4803167
:10C85000FFF73BFF2046BDE83840E7F79DBD38BDF8
:10C8600030B40446084602EBC3039A4201D130BCFF
:10C870007047114611F8085BA54206D1018A53782A
:10C880009942F4D330BC536818470A46EDE7D0E824
:10C89000EF3F0B40C0E8E23F002AF8D170472DE996
:10C8A000F047D0F80C80028A98F800309B000133E2
:10C8B00093423DD9BDE8F08708EB86030F21B3F81A
:10C8C0000100B3F80370E7F767FE044628B100F1F2
:10C8D000C80947B92046E7F75FFD013698F80030F0
:10C8E0009E42E9DBE6E76569002DF3D0A2692B687B
:10C8F00095422046636108BFA361E7F7EFFCFCF7B0
:10C900000FFAC5F800A0236A7BB9C4E90755D9E836
:10C91000EF3F013BC9E8E23F002AF8D10021204661
:10C92000013FE7F7E7FCBFB2D3E71D602562EEE702
:10C930000026B246D2E770477047C0F30723537012
:10C94000002393701371C1F30723090C10709171C8
:10C95000000E090AD0705371D171704738B5C5689F
:10C960000121B5F80100E7F717FE044688B1E87821
:10C97000E6F7DEF884F8A4002879E6F7D9F884F819
:10C98000A5002046E8F734F82046BDE83840E7F730
:10C9900003BD38BD10B5028843889A4218D8052ACD
:10C9A00016D9B3F5486F13D88488B4F5FA7F0FD23F
:10C9B000C18840F67640A1F10A0292B2824207D8BD
:10C9C00004FB0333B3EB810F34BF0120002010BD03
:10C9D0000020FCE738B5C3680F21B3F801001D78CB
:10C9E000E7F7DAFD044638B365B12846E6F7AAF85A
:10C9F000294602462046E8F78DF82046BDE8384033
:10CA0000E7F7CABC8378012B07D102F029FD204645
:10CA1000FFF706FE002808BF05252846E6F792F82E
:10CA2000294602462046E8F775F8002DE5D0052195
:10CA3000204600F06DFBE0E738BD70B5C6680F21F9
:10CA4000B6F801003578E7F7A7FD044670B34DB19D
:10CA50002846E6F777F8294602462046E8F75AF8CE
:10CA6000204603E0F378C27A9A4203D1BDE87040D1
:10CA7000E7F792BC8278C372012A08D10BB102F0A9
:10CA8000EFFC2046FFF7CCFD002808BF052528460F
:10CA9000E6F758F8294602462046E8F73BF8002D0D
:10CAA000DED00521204600F033FBD9E770BD002021
:10CAB000704708B5EBF7EAFB18B1408A003818BF99
:10CAC000012008BDE6F738B9002110B5022208465A
:10CAD000E8F7BAF8044650B1031DD3E8AF3FDB07CF
:10CAE0000AD50321E7F7A4FC2046E7F755FCBDE88B
:10CAF0001040032000F04DBA403003F079FC10F0F4
:10CB00000C0103D1022320462373EBE72046E6F70E
:10CB100013F9E9E770B506460D464FF0FF304FF0C8
:10CB2000FF31E5F7DDFF044668B103210C30FFF764
:10CB3000EFFB068085702146BDE87040002240F280
:10CB40000640E6F771B86FF0680070BDC068037802
:10CB50001BB1022B03D1FFF7B7BFE6F77BB97047D4
:10CB600038B54FF0FF3105464FF0FF30E5F7B8FF1D
:10CB7000044668B102210C30FFF7CAFB2B8821461E
:10CB800003800022BDE8384042F21600E6F74CB8B8
:10CB90006FF0680038BDF8B507460E464FF0FF301D
:10CBA0004FF0FF311546E5F79BFF044678B10621AB
:10CBB0000C30FFF7ADFB3B88468003808580214623
:10CBC000BDE8F840002242F22200E6F72DB86FF0EF
:10CBD0006800F8BD2DE9F047814688464FF0FF30E8
:10CBE0004FF0FF3117461E469DF820A0E5F778FF6D
:10CBF0000546A0B107210C30FFF78AFBB9F80030D9
:10CC000080F802800380C7700671A0F805A029464D
:10CC1000BDE8F047002242F23200E6F705B86FF0B7
:10CC20006800BDE8F087F0B5C56801212F8887B09E
:10CC3000B8B2E7F7B1FC064660B302ACD5F8022003
:10CC4000D5F8063001946989009102F035FA18B3DD
:10CC50004FF0FF304FF0FF31E5F742FF0546B0B12E
:10CC600012210C30FFF754FB0346224623F8027BC7
:10CC7000144603CC596006A98C421860224603F181
:10CC80000803F5D1294642F21A00E5F785FF304640
:10CC9000E7F782FB07B0F0BD4FF0FF304FF0FF31F8
:10CCA000E5F71EFF04460028F1D002210C30FFF703
:10CCB0002FFB2146078042F21B00E6E770B50646CF
:10CCC0000D464FF0FF304FF0FF31E5F709FF044606
:10CCD00060B103210C30FFF71BFB068085702146F5
:10CCE000BDE8704042F22100E5F756BF70BD73B554
:10CCF000C368D9789A781E8842EA0122ADF80020EC
:10CD000059791A79B4B242EA0122ADF80220D979F0
:10CD10009A79204642EA0122ADF804201A7A5B7A19
:10CD2000012142EA0323ADF80630E7F735FC05465A
:10CD300028B902212046FFF7C1FF02B070BD694645
:10CD4000E7F77CFE38B91E212046FFF7B7FF2846DB
:10CD5000E7F722FBF1E74FF0FF304FF0FF31E5F747
:10CD6000BFFE04460028F2D00E210C30FFF7D0FAA7
:10CD700000230680C0F80A30BDF800302146438009
:10CD8000BDF802308380BDF80430C380BDF80630A2
:10CD9000038142F22000E5F7FFFED8E7033138B502
:10CDA000C9B205460E20E6F733FA032104460C30DB
:10CDB000FFF7AEFA0123A0F801500370204638BDFA
:10CDC00070B505460E460F200421E6F721FA04212E
:10CDD00004460C30FFF79CFA012206704270458031
:10CDE000204670BD072208B504F0CEFEB0FA80F0F0
:10CDF000400908BD0B6803608B8883808B79837141
:10CE00007047F8B50F46144638BB4FF0FF304FF06F
:10CE1000FF31E5F765FE054610B327210C30FFF71B
:10CE200077FA224606463946FFF7E4FFC31D04F1B0
:10CE3000100152F8040B8A4243F8040BF9D1102276
:10CE4000002106F1170004F097FE2946BDE8F840DE
:10CE5000002242F22700E5F7E7BE6FF01500F8BDAB
:10CE60006FF06800FBE7037A02465B0705D50146D1
:10CE70002E3211F8010BFFF7C4BF704738B54FF0E1
:10CE8000FF3105464FF0FF30E5F72AFE044658B162
:10CE900029460C30FFF74BFA2146BDE83840002206
:10CEA00042F22D00E5F7C0BE6FF0680038BD2DE9F5
:10CEB000F041D1F8048004460D4686B0B8F1000F69
:10CEC0001DD1037A5B071AD50E68411C701CFFF751
:10CED00089FF2E36162241460746684604F04CFE6E
:10CEE00010226946304604F04FFE58B137B910227F
:10CEF000304604F12E0104F047FE00B96C6006B024
:10CF0000BDE8F081002FF9D1F9E710B50C4630B932
:10CF100019B1EBF77DF900B1441C204610BD002487
:10CF2000FBE707B580B906216846F6F7F3FC40B980
:10CF30009DF80530684603F03F038DF80530E6F7AD
:10CF4000DBF903B05DF804FB6FF01500F9E7012091
:10CF50007047037AD90704D523F001030372E6F77B
:10CF60002DBA990704D523F002030372E6F7B4BA89
:10CF7000704710B50C4631B10020FFF7D2FF08B959
:10CF80000123237010BD6FF01500FBE7D0E8AF0F51
:10CF90007047032808B501D0E6F776FCBDE80840E5
:10CFA000E6F786BC01F12003013813F8012D8B420E
:10CFB00000F8012FF9D1704700230B60436813B9C3
:10CFC000C0E900117047196041607047D0F8BC009B
:10CFD000003818BF01207047084689691830116071
:10CFE000426800211A6010F80D2C04F0C5BDD0E88D
:10CFF000AF0F70472438E7F719B9002203680BB95F
:10D00000184670478B4210D10B6842B942680360E2
:10D01000914200D14360002301200B6070471360F0
:10D020004368994208BF4260F5E71A461B68E6E785
:10D0300010B50446006918B1E5F7CAF90023236169
:10D0400010BD70B516460D4601210446E7F752F9AA
:10D05000012E17D0022E17D1236913B12046FFF7F6
:10D06000E7FF256121690A8A012A39D9CB681B8823
:10D0700004339BB29A4233D32AD92046BDE870408C
:10D08000FFF7D6BF206918B92046FFF7D1FF01E0AE
:10D090002A8A22B92846BDE87040E5F799B9018A85
:10D0A000438A46695B1AC168891B5B1A9A4207D991
:10D0B00001460022204600F01CFD00232361E9E721
:10D0C000E9680C30FFF72AF92846E5F781F9C9E746
:10D0D000002323612046BDE87040012200F009BD15
:10D0E00070BD034610B500F1D0021046FFF77FFF78
:10D0F00060B1411CD2E8EF4F844204D1C2E8EC1F7A
:10D10000BCF1000FF6D1F0D1184610BD0346FBE785
:10D1100010B5437B0446023B062B25D8DFE803F01D
:10D120000D0424242417220001730021E7F780F95D
:10D13000BDE810400220E6F7B1BC8378012B11D185
:10D14000403003F057F9BDE81040E5F75BBE0088BA
:10D15000FFF7E0FC38B9637B072B03D10821204699
:10D16000E7F766F9002010BD6FF07F00FBE710B510
:10D170000446D0F8A00028B9207A04F17001EBF73A
:10D1800085F838B1E278438A2AB903F021000038E3
:10D1900018BF012010BD03F02400F8E72DE9F84383
:10D1A000089E8146102E0C4690461F462FD84FF001
:10D1B000FF304FF0FF31E5F793FC054658B31C21D3
:10D1C0000C30FFF7A5F80346B9F80020394623F8DC
:10D1D000022B2268C0F80220626800F10C045A6039
:10D1E000B8F8003032464381204604F09FFC102EF0
:10D1F00005D00021C6F11002A01904F0BDFC29469B
:10D20000BDE8F843002242F21900E5F70DBD6FF0CA
:10D210001500BDE8F8836FF06800FAE782780346EE
:10D22000012A06D1C07A28B1D3F8A00010B1007C41
:10D2300070470020704710B583780446012B27D132
:10D24000437B072B27D10A0601F07F0310D5021D6F
:10D25000D2E8EF0F40F40040C2E8E10F0029F7D117
:10D260002046A37201F098FF08B1637AA37210BD43
:10D27000427A9A4212D2827A9A420FD2021DD2E8A0
:10D28000EF0F20F40040C2E8E10F0029E8D0F6E7F4
:10D290006FF01500EBE76FF07F00E8E70020E6E7AE
:10D2A0008378012B0CBF407A0020704773B5064687
:10D2B0000C46FFF72EF96D463146A8B16846FFF7D8
:10D2C0001DF929460020E7F74DFC58B12388A0F846
:10D2D0008C306388A0F88E30A388A0F89030E38863
:10D2E000A0F8923002B070BDFFF70FFE0346006851
:10D2F00000909A889B79ADF804208DF80630E0E71D
:10D3000038B5037A04468B42154615D100F17001F9
:10D310000722284604F038FC80B1E378072243B99D
:10D3200004F17E01284604F02FFCB0FA80F0400999
:10D3300038BD04F17701F5E70020F9E70120F7E7B0
:10D3400008B5E7F73BFC10B1E7F726F8012008BD68
:10D3500070B583780646012B0C462CD18A8842F2A0
:10D3600010718A4227D8E3888B4224D89A4222D867
:10D37000638803B32378F3B14FF0FF304FF0FF31F0
:10D38000E5F7AEFB0546C8B109210C30FEF7C0FF3A
:10D39000338829460380A38800224380E388838062
:10D3A0006388A0F8073023788371BDE8704042F2AB
:10D3B0009D00E5F739BC6FF0150070BD6FF0680097
:10D3C000FBE782780B46012A0BD109885A88B0F80E
:10D3D000A6308B4203D1B0F8A830934204D0FFF7B7
:10D3E000DABB6FF0150070476FF07700704713B528
:10D3F00082780B46012A15D10A88DB7802F00204F4
:10D40000D2078A7848BFB4FA84F4B2FA82F148BFEE
:10D41000640949090BB941F002010094FFF7DAFBF6
:10D4200002B010BD6FF01500FAE7F8B507460D46DB
:10D430004FF0FF304FF0FF31E5F752FB0646D0B119
:10D440000E210C30FEF764FF04460E22002104F08A
:10D4500093FB3B88314623802B88002263806B88B6
:10D4600042F21300A380AB88E380EB882381BDE800
:10D47000F840E5F7D9BB6FF06800F8BD00230B60FA
:10D48000436813B9C0E900117047196041607047E3
:10D49000136839B9416803608A4200D143600023B0
:10D4A000136070470B6043689A4208BF4160F6E71B
:10D4B00070B5446B0D4694B10021083C94F86C6043
:10D4C000AE420ED194F86D60964202D0B2F5807FE4
:10D4D00007D123B104F108023430FFF7D9FF204609
:10D4E00070BD04F10801A468002CF8D0083CE5E701
:10D4F0000A4640393F29034610B517D8406B60B142
:10D500000021A0F10804A08A904207D103F1340061
:10D5100004F10802FFF7BCFF204610BDA0680028F8
:10D52000FBD004F10801A0F10804ECE70020F4E7C7
:10D53000536810461B69184770474B6808469B693B
:10D5400003B118477047D0E8AF0F7047703002F052
:10D5500051BF10B50446FCF787F8214651F8C00BBF
:10D56000D0F8BC304BB9BC30FFF788FFFCF790F81F
:10D570002068BDE81040E6F737BF9942F6D01B6837
:10D58000F0E7D0F8BC3043B1D0F8C0101A688B4235
:10D59000C0F8BC2008BFC0F8C020704738B50446AA
:10D5A00000F12C03D3E8EF5F0D44C3E8E25F002AEB
:10D5B000F8D104F11001D1E8EF3F43F00102C1E8D6
:10D5C000E52F002DF7D1DB070AD46368DB6903B1CF
:10D5D0009847236B23B12046BDE83840FFF7B9BF19
:10D5E00038BD002310B58382C38A0BB9F523C382EB
:10D5F000F52B194628BFF5218A1C446892B2028394
:10D6000024691CB901339342A8BFC18201231C3095
:10D61000D0E8EF2FC0E8E13F0029F9D110BD002389
:10D6200010B400F12C0243628362C362D2E8EF1FA0
:10D63000C2E8E43F002CF9D110BC303002F093BDB9
:10D640002DE9F0410446D0E90056F5B1FCF70CF89D
:10D650000021D5F8BC3004F1C0022BB19A4223D18D
:10D6600005F1BC00FFF714FFFCF712F804F13007D6
:10D67000002200233846FBF71DFB0546B8B9736846
:10D680000BB12046984700232360002384F86830BC
:10D69000A4F86A30E3680BB120469847336A8BB12F
:10D6A0002046BDE8F041184719461B68D5E7AB692D
:10D6B00023B16FF06D02E969206898472846E4F7C6
:10D6C00087FED5E7BDE8F08110B4436B0A467BB115
:10D6D0000021083B9A4204D110BC08323430FFF7D5
:10D6E000D7BE9C6824B103F10801A4F10803F1E757
:10D6F00010BC704738B550F8705CA0F1700421463A
:10D700002846FFF7E1FF2046FFF79AFF94F86D20C7
:10D7100094F86C1001232846FFF7CAFE044600283F
:10D72000F2D138BD10B5406B20B150F8084904B1B2
:10D73000083C00B910BDFFF783FF2CB1A36803B10B
:10D74000083B20461C46F4E72346FAE738B5054671
:10D75000006898B1407B072810D1087A012810D1C1
:10D76000C87A07280DD98A61CB6105F1300002F033
:10D7700028FD2846FFF7EDFE002038BD6FF07F0042
:10D78000FBE76FF01500F8E7406B28B1838B083892
:10D790008B4201D08068F8E7704738B50D46052107
:10D7A000FFF7F2FF002329461A46FFF7CFFF044692
:10D7B00010B12846E4F70CFE204638BD70B504468B
:10D7C000E7F758FC0E46042201461620E7F7B4FCA2
:10D7D000054670BB04F11006D6E8EF3F43F00203A4
:10D7E000C6E8E23F002AF7D1206C20B1E4F7F0FD53
:10D7F0002564A4F8445004F1300500220023284693
:10D80000FBF758FA78B904F158050022002328469E
:10D81000FBF750FA50B96368DB6903B33146204621
:10D82000BDE870401847E4F7D3FDE6E7E4F7D0FD24
:10D83000EBE704F11C03D3E8EF2FC3E8E16F002905
:10D84000F9D1042105F10C00FEF762FDA38A4680A0
:10D85000038029462068BDE87040FFF79EBF70BD79
:10D8600070B5446B0E4624B154F8085905B1083D13
:10D8700004B970BD04F11003D3E8EF2F22F00401C6
:10D88000C3E8E01F0028F7D1530707D59EB12068F1
:10D890002146FFF719FF2046FFF7D2FE63689B6819
:10D8A00013B13146204698475DB1AB6803B1083BE0
:10D8B0002C461D46DCE72046E3F76AF90028EDD048
:10D8C000E5E72B46F4E72DE9F8439DF8209017464D
:10D8D00009F102020646D2B201201D46E7F72CFCF0
:10D8E000044690B100F10C0802214046FEF710FDFD
:10D8F000078025B14A4629464046FEF70FFD2146DE
:10D900003046BDE8F843FFF748BFBDE8F88310B5DF
:10D910004AB989B2FFF738FF28B143689B6913B150
:10D92000BDE81040184710BD406B28B18389083806
:10D930008B4201D08068F8E7704770B50646E7F77C
:10D9400099FB0C46082201461220E7F7F5FB054635
:10D9500088B108210C30FEF7DBFC228829460280C2
:10D9600062884280A2888280E288C2803046BDE818
:10D970007040FFF712BF6FF00B0070BD704770B5BD
:10D98000036804463BB3E7F775FB042201460646ED
:10D990000620E7F7D1FB054600B30623042184F8EF
:10D9A0006D3084F86C600C30FEF7B2FCA38C294615
:10D9B0000380A38A43802068FFF7EFFE30B94FF25F
:10D9C0002442002304F17000FBF71AFC042300201A
:10D9D00084F8683070BD6FF07F00FBE76FF00B00DC
:10D9E000F8E7F8B504460D4600F11C031846FFF7AA
:10D9F000AAFD68B3421ED3E8EF1F814203D1C3E8FA
:10DA0000E62F002EF7D1F1D12B8A228B9A421FD319
:10DA1000276C2FB129462046BDE8F840E7F738BD0E
:10DA2000012B15D905F10C00FEF7BEFCE38A064672
:10DA300083420DD363681B694BB320469847034666
:10DA4000206428B1C27A012A07D8E4F7C1FC276410
:10DA50002046BDE8F840FFF792BFA4F84460198A59
:10DA60005A8A208B521AD9685B69CB1AD21A2B8A30
:10DA7000F61A431EB24294BF9B189B19B3FBF0F3F6
:10DA800099B20029C6D02046FFF798FEC2E7284683
:10DA9000FEF7FDFB6368014606465B692046984732
:10DAA00010F1770F05460ED03046E4F791FC002DBB
:10DAB000CEDB94F86830032B05D12046BDE8F84052
:10DAC0000121FFF77BBEF8BD70B5A0F1480600F15B
:10DAD0001004002200232046FBF7ECF8054600B9AD
:10DAE00070BD30462946FFF77CFF2846E4F770FCFE
:10DAF000EFE770B50B8A0546032B0C46164604D893
:10DB00002046BDE87040E4F763BC042104F10C003A
:10DB1000FEF73AFC41882846FFF706FF0546002835
:10DB2000EED0838A403B9BB23F2B21D8EEB190F8D8
:10DB30006830042BE4D01030FFF705FD8307DFD4F5
:10DB4000B5F86A302146803B9BB27F2B03D928462B
:10DB5000FFF747FFD4E705F1580002F032FB05F16B
:10DB60004800BDE87040FBF7A7BAFFF708FFC7E71A
:10DB7000436821465B699847C2E70346006828B1BD
:10DB80005968026888421A6008BF5A6070470346A5
:10DB9000002003B970471A8A5B681044F9E710B592
:10DBA000D4680231237813B92170012010BD8B4253
:10DBB000FBD0038A023B038200201061F6E72DE9C7
:10DBC000F04104468868FFF7E2FFE38BE28D0D46E3
:10DBD000934228BF134683421FD30027C4F8D410B2
:10DBE000D1F808808F60FBF73FFD41462046E7F7FC
:10DBF00075FF064640B1C5F80880C4F8D470FBF73D
:10DC000047FD3046BDE8F081E18DE38B284699421F
:10DC100028BF194601F03CF8F1E76FF07906F0E70C
:10DC20002DE9F041C369064653B11D68A3F58C7711
:10DC30000DB1A5F58C750022144606F104080FB944
:10DC4000BDE8F081D7F8D4309BB904B98AB9404611
:10DC5000FFF793FF044658B101463846FFF7AFFF80
:10DC60000028EDD073682360B368746003B9B460B2
:10DC70003A463DB1D5F818310BB1A3F58C732F4658
:10DC80001D46DCE72B46FAE773B514460146054608
:10DC90004FF49572206800F0BAFE207530B929461D
:10DCA000206800F0F8FF20B908232375002002B097
:10DCB00070BD237AB3B1A3F11802534253419B00C4
:10DCC0000193638A29460093AE68238AE26820683C
:10DCD000B047002808DB238A83420CD100230120AF
:10DCE0002375E4E70223EBE710F1FF0F03D3404273
:10DCF000C0B22075DAE70E20FBE738B504460D46C2
:10DD0000E7F7ECFE30B1294604F1D800BDE8384011
:10DD100002F057BA38BDF8B5936805460F46144669
:10DD2000166863B9506801210C30FEF7F1FAA06063
:10DD30002B681B78002B14BF022301230370A368F8
:10DD40001B78012B03D0022B1FD000201CE02B6876
:10DD50001B78002BF9D1606804210C30FEF7D8FA4B
:10DD6000E06007802A68E36852885A806168F28D13
:10DD7000F38B088A9A4294BFC0EB0200C0EB030009
:10DD8000042894BF00200120F8BD2B681B78022BCB
:10DD9000DBD1606812210C30FEF7BAFAE060078030
:10DDA0002B68E268591C0232113351F8040B994276
:10DDB00042F8040BF9D16168F28DF38B088A9A421C
:10DDC00094BFC0EB0200C0EB03001228D9E770B487
:10DDD0000668F2696AB31368A2F58C740BB1A3F5F7
:10DDE0008C73002211467CB9C38DC08B8B4201D845
:10DDF000904220D9824238BF02469942306838BFEB
:10DE0000194670BCE9F75ABA844207D0E58DE48B15
:10DE1000A94238BF2946A24238BF22463BB1D3F8B7
:10DE200018510DB1A5F58C751C462B46DBE71D4638
:10DE3000FAE71146D8E770BC7047F8B5CB680546DD
:10DE40001F88BBB2162B19D90321E7F701FF06463D
:10DE5000B0B102210C30FEF75BFA00246FF008032A
:10DE60003146037044702846FFF747FFF7232846E2
:10DE7000EB83EF85FFF7ABFF2046F8BD0420FCE7FE
:10DE80000E20FAE7D0680431037813B9017001203D
:10DE900070478B42FBD0002091680B8A043B0B82B9
:10DEA000106170472DE9F041884617460121042290
:10DEB00005461E46E7F76AFE044670B104210C30A1
:10DEC000FEF726FA80F80080A0F80170C67021469F
:10DED0002846BDE8F041FFF710BFBDE8F0811FB54F
:10DEE000CDE9012300231A460093E8F7CBFE05B0E5
:10DEF0005DF804FB0022036803B970478B420FD121
:10DF00000B683AB942680360914200D14360002334
:10DF10000B60704713604368994208BF4260F6E7A0
:10DF20001A461B68E8E7D0E8EF3F43F00802C0E874
:10DF3000E12F0029F7D1C3F3C000704707B5CA68C5
:10DF40000C211388528800920D22E7F721FF03B0BD
:10DF50005DF804FB07B50022CB680A211B880092FC
:10DF60000B22E7F715FF03B05DF804FB70B504461C
:10DF70000E46002200230846FAF79CFE054658B1DB
:10DF800001462046E7F7AAFD044618B12946304667
:10DF900002F022F9204670BD6FF00104FAE737B5B0
:10DFA0000C46054601F10C00FEF7FEF9228A0346F5
:10DFB0000192E2681221009228461322E8F726F91E
:10DFC00003B030BD37B50C46054601F10C00FEF735
:10DFD000EBF9228A03460192E26828460092002269
:10DFE0001146E8F713F903B030BD2DE9F04342F6CE
:10DFF0000103002591B0D2F8008007460E46006864
:10E000000BA9D8F8089014468DF82C50ADF82E3096
:10E01000FEF719FA002800F082804FF42053386888
:10E020000BA98DF82C50ADF82E30FEF70CFA38B154
:10E03000A3681BB15A88B24200D25E80012010E072
:10E0400061680846FFF7A3FDB8F82E20B8F81E3027
:10E050009A4294BFC0EB0200C0EB0300032803D830
:10E06000002011B0BDE8F0830846FEF717F9054619
:10E0700061680846FFF78BFD6B8A2A8AA3EB020CC6
:10E080006B69EA68D21AACEB0203B8F81EC0B8F8A4
:10E090002E20944594BFC0EB0C00C0EB02008342DD
:10E0A00028BF03466BB9887AE4F7EAF80022002318
:10E0B000FEF7BEF805460028D2D001466068FEF79C
:10E0C000FEF8002300933946D7F804801023484611
:10E0D00002AAC047071E22DB227CE068BA421AD09F
:10E0E00001460BA8FEF7DCF9C8B1FAB202A906A8EE
:10E0F000FEF7D6F998B106A90BA8FEF7A4F970B9F6
:10E1000000230421637405F10C00FEF701F9A060FF
:10E110000680A36891E702A903F036FDEFE700232C
:10E12000A3608BE72DE9F04F064685B01046904678
:10E130009946FFF72CFDF38BF28D8B46934228BF57
:10E140001346834275D9B36840460393FEF7A6F899
:10E150004FF0000A04464046FFF719FDE168228AA5
:10E16000658A6369AD1ACB1AED1AF78BF38D9F425E
:10E1700094BFC0EB0700C0EB0300854228BF0546F3
:10E1800025BB98F80A00E4F77BF800220023FEF78D
:10E190004FF8044608B9574627E001464046FEF7C7
:10E1A0008EF84046FFF7F3FCE168228A658A6369CE
:10E1B000AD1ACB1AED1AF78DF38B9F4294BFC0EBCB
:10E1C0000700C0EB0300854228BF0546CDF800904C
:10E1D000DBF804700A4403985946ABB2B847071EEF
:10E1E00007DABAF1000F18BF5746384605B0BDE848
:10E1F000F08F0E9BABB9394604F10C00FEF788F89E
:10E200004046FFF7C4FCF38DF28BB944934228BF1C
:10E2100013468342BA441FFA89F9BCD9AF429AD057
:10E22000B9E7394620460F9A0E9B98470028E2D15D
:10E23000B1E70027D9E700232DE9F3411768144619
:10E24000D7F808800146137306469522404600F031
:10E25000DEFB0546207330B93146404600F019FD1B
:10E2600028B908232373002002B0BDE8F081A0681C
:10E27000F98BFA8D038A914294BFC3EB0103C3EB80
:10E280000203012BEFDD02210C30FEF741F8CDE94E
:10E2900000558046A38831463846A268FFF742FF02
:10E2A000031E06DA13F1FF0F2ABF5B420E23DBB217
:10E2B000D8E70120A8F80030D6E700232DE9F34184
:10E2C00017681446D7F8088001461373064695224E
:10E2D000404600F09CFB0546207330B9314640466D
:10E2E00000F0D7FC28B908232373002002B0BDE852
:10E2F000F081CDE9005531463846A388A268FFF782
:10E3000011FF002807DA10F1FF0F32BF0E20404244
:10E31000C0B22073E9E70120E8E7F8B5054650F8F8
:10E32000084CA0F1080700F1C803D3E8EF1F21F063
:10E330000401C3E8E21F002AF7D104B3D5F8CC30BA
:10E3400083B9636873B1201DFFF717FC06460146C9
:10E350003846FFF734FC90B163683360A3686660A9
:10E3600003B9A660384605F1D001FFF7FFFD30B1D3
:10E37000384604F10C01BDE8F840FFF7F7BDF8BDE1
:10E3800008B5437B072B01D0002008BD0421FFF70F
:10E39000CBFA0028F8D000F1C803D3E8AF3FDB0781
:10E3A000F2D550F8080CF0E738B50546D1E8AF3F94
:10E3B000DB0718D550F8080CA8B1D5F8CC3093B9C4
:10E3C0000430FFF7DAFB044668B10146A5F1080006
:10E3D000FFF7F5FB38B155F8083C5A6822609A6897
:10E3E0005C6002B99C6038BD70B50E461546FFF7FB
:10E3F000C7FF80B1C36973B1A3F58C701B680BB103
:10E40000A3F58C73691CC28DC48BA24228BF22461F
:10E41000914202D93BB9002070BD2A463146BDE881
:10E420007040E7F7B3BBD3F818410CB1A4F58C7476
:10E4300018462346E7E7E8F7B9BB10B50446E038CD
:10E44000E8F7B6F954F8E00C1321BDE81040FEF7E8
:10E450005FBE70B550F8083C0446A0F10806002BDA
:10E4600036D041B1D0F8CC30002B31D01B7CDA074C
:10E470002ED505231FE005682846E8F73FFF6B7A95
:10E48000012B25D0D4F8CC4014B3237CDB071FD557
:10E49000E368002BEDD030466269617CE7F776FBDC
:10E4A000054638B1D4E90512E368984750B12846CB
:10E4B000E3F78EFF0E2300223046BDE87040114680
:10E4C000E8F73CB929463046E7F708FB0028EED1CB
:10E4D00070BD08B500230A8AC968E8F72FF9002043
:10E4E00008BD70B50D46FFF74BFF044628B9284616
:10E4F000E3F76EFF6FF07F0070BD00F10C06294658
:10E50000304601F05EFEE369DBB11C68A3F58C7553
:10E510000CB1A4F58C740022104608E02A4684B1A0
:10E52000D4F818310BB1A3F58C7325461C46831C17
:10E5300001D1002AF3D131462846FFF717FD002804
:10E54000ECD10020D8E738B505460C46FBF78CF82F
:10E550002846FFF715FF20B9FBF79AF86FF07F0008
:10E5600038BD0023236083683BB9C0E90144FFF74D
:10E5700057FBFBF78DF80020F2E71C608460F6E79C
:10E580000120704708B5FFF7FBFE80B1C36973B186
:10E59000A3F58C7303F1D002D2E8EF0F20F008004E
:10E5A000C2E8E10F0029F7D1D3F81831EFE708BD31
:10E5B00008B50421FFF7B8F920B1C830D0E8AF0F93
:10E5C000C0F3C00008BD10600020704710B5029C69
:10E5D000A36833B1B1F5807F28BF0E21CAB22146AE
:10E5E0009847A37DE268013BDBB2A37522B11BB95A
:10E5F0002046BDE81040104710BD106091800020FB
:10E600007047072208B503F0BFFAB0FA80F040095E
:10E6100008BD034610B5D3E8EF0F40EA0102C3E896
:10E62000E42F002CF7D110BD0B6803608B8883802A
:10E630008B798371704770B50D46064611F8010B52
:10E64000E6F7BCFA044610B12C89E5F7A5FEA87AD6
:10E6500005F10B01E6F7B2FA28B16B8A9C4238BF8C
:10E660001C46E5F799FEAB8AA34207D0AB69AC82A2
:10E6700023B121463046BDE87040184770BD38B51B
:10E68000BDF810401546A2420CD84CB16BB1A41A8B
:10E690008C42A8BF0C46A4B22246591903F046FA90
:10E6A000204638BD6FF00604FAE76FF00D04F7E777
:10E6B00030B585B0C96814461D46E8F741F900B188
:10E6C00000890223ADF80E00009329462046BDF8CC
:10E6D00020200DF10E03FFF7D2FF05B030BD1FB5AE
:10E6E0000C461946E36810461C78BDF818203CB16A
:10E6F00010240133069404B0BDE81040FFF7BFBFFB
:10E700005B88ADF80E30022300930DF10E03FFF786
:10E71000B6FF04B010BD30B51D46002385B01446C9
:10E720008DF80C30E8F7B8F810B1037A8DF80C309A
:10E730000123294600932046BDF8202003ABFFF7B4
:10E740009EFF05B030BD08B5E8F7D8F818B1002332
:10E7500003604360836008BD70B500F17006054634
:10E760003146007AFEF7A5F904463146287A1CB1F5
:10E77000BDE87040FFF7E7BFE8F7C0F810B10460EC
:10E780004460846070BD022A10B508D1002300F1F6
:10E7900070011A46007AE8F70BF9022010BDFFF766
:10E7A000DBFFFAE7F0B5076806463D78144689B006
:10E7B0002DBB7B88B3F5245F04D01AD8A3F5205372
:10E7C000032B1CD8ADF80A10022220460DF10A01D5
:10E7D00002F047FB48B97B88022220460DF10A016E
:10E7E000ADF80A3002F03DFB68B16FF01503E36449
:10E7F00006E003F55643FF339BB2042B14D90125E1
:10E80000284609B0F0BD009003AA1323314677686B
:10E81000B847021E01DAE264F2E703A9204602F0DB
:10E8200020FB0028EBD0E0E7ADF80A1002222046DA
:10E830000DF10A0102F015FB0028D6D17B880222D7
:10E84000ADF80A300DF10A01E8E701210C30FFF7BD
:10E85000E0BE2DE9F0419846BDF818300646012B80
:10E8600017462DD84344012B45462CDCE8F714F815
:10E87000044618B9E8F710F8044638B3B8F1000FA9
:10E8800011D00023217A21FA03F2D00703D53A7878
:10E89000DA40D2071DD50133032BF4D13B7803F0C6
:10E8A000070319432172601C06F17001FFF7BCFEDB
:10E8B000337A20462370FFF7C8FF2846BDE8F08171
:10E8C0006FF00605F9E76FF00C05F6E76FF010053D
:10E8D000F3E76FF01205F0E738B504461546FFF789
:10E8E0004FFE40B12046E7F7D7FF20B1037ADB07A0
:10E8F00001D5FFF7AAFF35B9207A04F17001E7F7D7
:10E90000FDFF00B1856038BD38B5BDF81010BDF809
:10E9100018401046A142059D0CD84CB16DB1641A47
:10E920009C42A8BF1C46A4B22246294403F0FEF82C
:10E93000204638BD6FF00604FAE76FF00D04F7E7E4
:10E9400013B5044610B9002002B010BD00238DF8A5
:10E95000043042F60303006801A9ADF80630FDF764
:10E9600072FD0028EFD1E36898880028ECD120469A
:10E97000E8F758F9013080B2E6E770B5CC681E467A
:10E98000A37988B008468DF80C301546FFF7D8FFFC
:10E99000ADF80D00246823786BB96388ADF80F30AB
:10E9A0000523009331462846BDF8302003ABFFF71E
:10E9B00066FE08B070BD631C0DF10F02113453F8F0
:10E9C000041BA34242F8041BF9D11323E9E71FB546
:10E9D000CDE9012300231A460093E8F753F905B067
:10E9E0005DF804FB002313B58DF8043042F60303F1
:10E9F000044601A90068ADF80630FDF724FD18B9FA
:10EA00002046E8F72DFA0446204602B010BD38B57E
:10EA10004C8AD3070546C4F30E0404D514F0950FB1
:10EA20002AD04B6843B3900704D514F4957F25D0C2
:10EA30008B681BB3144014F4DE7F0DD0EB7A2BB936
:10EA40002846FEF794FBD8B9052038BD14F0300FE6
:10EA500004D114F4C07F07D10020F6E72846FEF762
:10EA60001FFC0228F5D8EFE7D5F8A030002BEBD03B
:10EA70005B7CDB06E8D5EFE70220E6E70320E4E76E
:10EA80000F20E2E72DE9F041437B0646072B0C46B9
:10EA9000154686B040F0858000238DF8143042F68C
:10EAA0000303206805A9ADF81630FDF7CCFC90B93A
:10EAB0006768002F75D001232146009004AAB8474B
:10EAC00001286ED19DF8103013F0300F69D0204628
:10EAD000E8F7C6F90446002320688DF8143042F6A2
:10EAE000021305A9ADF81630FDF7ADFC18B12046AC
:10EAF000E8F7B6F90446002742F60218206802A992
:10EB00008DF80870ADF80A80FDF79DFCF8B9002378
:10EB100020688DF8143042F6021305A9ADF81630BE
:10EB2000FDF791FC00283CD16768002F39D0009098
:10EB300002232146304605AAB847022831D1BDF844
:10EB4000143005EA0300003818BF01202AE042F61D
:10EB50000303206803A98DF80C70ADF80E30FDF7A3
:10EB600072FC0028D3D04FF42053206804A98DF8FC
:10EB70001070ADF81230FDF766FC0028C7D042F6E1
:10EB80000103206805A98DF81470ADF81630FDF763
:10EB90005AFC0028BBD02046E8F762F9044600285A
:10EBA000ACD1002006B0BDE8F081F8B514460F46A0
:10EBB000942261680646FFF72AFF20BB01223046F7
:10EBC0006168FFF75FFF08B3A2891B21304602325C
:10EBD000FFF70AFC0546E0B1A1890C300231FDF7D0
:10EBE00097FB20F8027BA289A16802F09FFFD4E97D
:10EBF000041228460123E7F73DFE29463046BDE8CA
:10EC0000F840FFF76EBC4FF0FF30F8BD6FF0150015
:10EC1000FBE76FF00B00F8E72DE9F0410546884669
:10EC2000E7F73AFE0446E0B1037ADA0719D500F1B6
:10EC30000C06D6E8AF7F17F0010712D1B8F1000F2C
:10EC400010D0D6E8EF3F23F00202C6E8E12F0029FA
:10EC5000F7D19B07284608D5FFF794FC2046FFF71D
:10EC6000F4FD01273846BDE8F081FFF789FC002854
:10EC7000F8D02846FFF79CFC0028F3D0D6E8EF3FF9
:10EC800023F00203C6E8E23F002AF7D12846E3E773
:10EC90007047012070470120704713B5C0681446C3
:10ECA00068B100238DF804304FF4C05301A9ADF8CA
:10ECB0000630FDF7C8FB10B923680133236001203B
:10ECC00002B010BD0720704708B50621FEF72CFEE4
:10ECD00000B1F03808BDD0E8AF0F084100F00100E6
:10ECE000704738B50A46034609B9012038BD488A3D
:10ECF00010F0240FF9D0197D5D7B147CA94228BF48
:10ED000029468C4201D90020F0E7800607D4517CC7
:10ED1000C9070BD4187A003818BF0120E6E705218F
:10ED2000181DFFF7D8FF0028F1D1ECE7197A002968
:10ED3000E9D00521181DFFF7CEFF18B9197A01395E
:10ED40000129E0D9527CD207CFD4E3E701238B40DD
:10ED5000DB43D0E8EF2F1A40C0E8E12F0029F8D1BB
:10ED6000704707207047072070470720704701232E
:10ED700003FA01F1CA4330B5D0E8EF3F03EA0204D9
:10ED8000C0E8E54F002DF7D101EA0300003818BFB5
:10ED9000012030BD01238B40D0E8EF2F1A43C0E89B
:10EDA000E12F0029F8D1704708B50E21FFF7F2FFD7
:10EDB000002008BD2DE9F041D0F8F0600446F57858
:10EDC00090B0002D5DD1CF68102229460CA802F02A
:10EDD000D3FE237A052B1DD8DFE803F006030306D4
:10EDE0001C21D4F8D8300C9306F177030DF12008DC
:10EDF00002937E3604F111030093CDF80C80019646
:10EE00000CAB04F1270204F1370104F1C70000F054
:10EE10000FFCA8B10825284610B0BDE8F081D4F851
:10EE2000E030002BE0D00DF1300C03F1100E624603
:10EE300018685968083303C273459446F7D1D3E77D
:10EE400010223946404602F09FFEC0B9227D637B06
:10EE500006A9069048609A4294BF00920093ADF8CC
:10EE6000140004F14703D4F8F00005AAFEF796F960
:10EE70000028CFDB0121201DFFF78CFFCBE70B25FE
:10EE8000C9E70025C7E738B505460B4604300D2114
:10EE9000FFF721FFA0B1DC68D5F8F0300220197A25
:10EEA00003F1700200F065FB80B1224600F12E03F1
:10EEB00004F1100152F8040B8A4243F8040BF9D113
:10EEC00028460921FFF766FF002038BD0820FCE72F
:10EED00038B504210446E8F7F1FA054698B1102147
:10EEE0000C30FDF715FA04F1270304F1370253F84B
:10EEF000041B934240F8041BF9D120462946E8F749
:10EF0000AFFA002038BD0820FCE738B5CD680446CC
:10EF10000B210430FFF71AFF2B4604F1170205F10D
:10EF2000100153F8040B8B4242F8040BF9D1D4F8CA
:10EF3000F030DB783BB920460421FFF72BFFBDE81A
:10EF40003840FFF7C5BF002038BD2DE9F043044627
:10EF50008DB008AE10220021304602F00DFE237A5B
:10EF6000052B1ED8DFE803F0060303061D21D4F8A5
:10EF7000D8300893D4F8F03004F1470204F1C70701
:10EF8000CDE9017204F1270803F17E0204F137098B
:10EF9000009241464A46773304F19700E9F788F931
:10EFA00098B108200DB0BDE8F083D4F8E430002B10
:10EFB000E0D0354603F110072A461868596808332F
:10EFC00003C2BB421546F7D1D4E7D4F8F03004AD04
:10EFD00003F17E027733019304F10A030292009356
:10EFE0004A46334641463846039500F021FB002847
:10EFF000D7D10D212046FFF7CDFE0D21E8F75EFAAF
:10F0000007460028CDD010210C30FDF781F92A46A3
:10F010000346154603CDB542186059602A4603F1F0
:10F020000803F6D120463946E8F71AFA0020B9E776
:10F0300070B504460025D0F8F060031DD3E8EF2F2B
:10F04000C3E8E15F0029F9D104F5DC7001F0D2F9E1
:10F050002572D4E8EF3FC4E8E25F002AF9D1F378E3
:10F060002BB92046BDE870400B21FFF793BE70BD61
:10F0700070B500F1700605460C4607223046096857
:10F0800002F082FDB8B963681A682A679A88A5F801
:10F0900074209B7985F87630D5F8A0305BB1A268F2
:10F0A000934208D062681168C3F801109188A3F8F0
:10F0B00005109279DA7170BD2DE9F84FDDF82C80DA
:10F0C000044692461F46BDF82890FFF7FDFD054611
:10F0D00000285CD0061DB9F1000F27D15AEA0703BA
:10F0E00024D103213046FFF7F6FDF8B10121304667
:10F0F000FFF7F1FDD0B12C7D6B7B05F147019C4200
:10F1000028BF1C462246404602F010FD0F2C06D8B0
:10F110004946C4F1100208EB040002F02DFD304610
:10F120000121FFF737FE0120BDE8F88FD4F8A030A9
:10F1300083B904F1700B5A462020217AE9F74EF882
:10F14000C4F8A00030B95A460120217AE9F746F800
:10F15000C4F8A000B9F1000F0CD15AEA070709D191
:10F16000D4F8A01031B14B8A9B0603D50C7C1E311C
:10F170002246C8E70F213046FFF7ADFD20B102223D
:10F1800006212046E5F7C6FC2846FFF751FF002080
:10F19000CAE76FF085007047F7B5C3780446002BC7
:10F1A0005ED1FFF791FD054600285CD0061D0321C6
:10F1B0003046FFF790FD20B16FF00F04204603B0FA
:10F1C000F0BD01213046FFF786FD0028F4D10F2164
:10F1D000201DFFF780FD28B1204603B0BDE8F040B8
:10F1E000E8F74CBCD4F8A00090B904F170073A4697
:10F1F0002020217AE8F7F2FFC4F8A00040B93A468F
:10F200000420217AE8F7EAFFC4F8A0000028E3D040
:10F21000438A13F0240FDFD0A27A022A09D9417C55
:10F22000C907D9D5032A04D09B06D5D5037C102B5A
:10F23000D2D1037C00F11C02009300F1140100F113
:10F240001E032046FDF7AAFF04460028B6D1284633
:10F250000B21FFF79FFD01213046FFF79BFDADE736
:10F260006FF01504AAE76FF07F04A7E7F8B5031D58
:10F2700006460F4618460221FFF72DFD044620B131
:10F28000B6F8E840B4FA84F4640903211846FFF79D
:10F2900022FD58B139463046E8F73EFD052194B1CC
:10F2A000D6F8F000FDF734FF0020F8BD0121184624
:10F2B000FFF711FD0028EDD10F211846FFF70BFDD8
:10F2C0000028E7D1EAE73046E8F7F8F8054688B1C4
:10F2D00001210C30FDF71CF8234607702246294611
:10F2E00006F1F000FEF732FA0028DDD02846E3F7F9
:10F2F0006FF8D9E76FF06800D7E770B504460820CB
:10F30000E8F764F80546E8B1061D08213046FFF726
:10F310001DFD002C3CD00721FFF718FD234605F109
:10F32000970204F1200153F8040B8B4242F8040BBE
:10F33000F9D10A213046FFF7CEFC70B109213046E1
:10F34000FFF728FD0720E8F741F8044610B3E8F777
:10F350009FF8F8B10821204617E010213046FFF74A
:10F36000BAFC09210028EAD13046FFF7B4FC002896
:10F37000E8D0D5F8F030DB78002BE3D12846FFF752
:10F38000E4FD0028DED008212846FFF76FFFD9E70B
:10F390000B21F9E770BD2DE9F0410E460446D0F887
:10F3A000F080E8F723F8F768261D05460A21304665
:10F3B000FFF7DDFC38B16DB920463978E8F7ACFCD1
:10F3C0000020BDE8F0810B213046FFF7D0FC00287B
:10F3D000F1D1F1E72B69002BEED040469847EBE7DF
:10F3E00070B50446A0F1F00650F8C83BEC3CD3F8E9
:10F3F000A05000F0FFFF03212046FFF76CFCA0B1F6
:10F4000008213046E8F788FC3DB16B8A13B16B7C6C
:10F410009B0702D5284600F0C0F83046BDE8704092
:10F420004FF4F872002102F0A7BB01212046FFF73C
:10F4300052FC0028E4D10F212046FFF74CFC0028A5
:10F44000DED1E1E710B504460821A0F5DC70E8F74D
:10F4500063FCA4F5DA700421BDE81040FFF79ABC04
:10F4600070B50446FFF730FC0546002875D0061D30
:10F4700003213046FFF72FFC00286ED0D4F8A000FF
:10F4800008B100F08AF8207A04F17001E8F766FE0E
:10F49000C4F8A00028B92846BDE870400821FFF74D
:10F4A000E5BE0E213046FFF716FC28B1D4F8A020A7
:10F4B000537C43F0020353742B7A032B0DD8002B9B
:10F4C0004CD1D4F8A020537C23F020035374D4F8FB
:10F4D000A020537C23F001030DE0053B012BF0D865
:10F4E000D4F8A020537C43F020035374D4F8A02018
:10F4F000537C43F0010353742B7D697BD4F8A02027
:10F500008B4228BF0B46304613740521FFF7E3FBFF
:10F51000D4F8A020537C40B343F010030D213046B3
:10F520005374FFF7D8FBC0B12021D4F8A00000F03D
:10F5300030F8D4F8A03005F147021E33573552F8A1
:10F54000041BAA4243F8041BF9D10023D4F8A020DD
:10F5500053619361D4F8A020938370BD0521304698
:10F56000FFF7B9FB0028ACD0C0E723F010035374B9
:10F57000F3E770B504460D461646E8F72FFE38B996
:10F5800031462846E8F7EAFD10B1438A1C4344821D
:10F5900070BD438A19434182704710B5037A04460F
:10F5A0005B0701D5E3F798FF2046BDE810404422F1
:10F5B000002102F0E1BA531E1944024411F8013946
:10F5C00000F8013B9042F9D1704710B5431E00F19D
:10F5D0001002073013F8011F12F8014D83421C700E
:10F5E0001170F7D110BDF0B50E4614461D4697B008
:10F5F0000146202205A81C9FFFF7DDFF202231468F
:10F600000DA8FFF7D8FF2146102201A88DF854500D
:10F61000FFF7D1FF3B46412205A901A8E8F7DEFE2E
:10F62000044610B93846FFF7D0FF204617B0F0BDAA
:10F630002DE9F04316461D4697B00446DDE91F98B4
:10F64000102205A8219FFFF7B6FF1022314609A816
:10F65000FFF7B1FF102229460DA8FFF7ACFF0322E8
:10F660001E9911A8FFF7A7FF494611F8013BD9F8E9
:10F6700001008DF847308B880622129012A8ADF851
:10F680004C30FFF798FF414611F8013B06228DF8F8
:10F690004E30D8F801300DF14F00CDF84F308B8847
:10F6A000ADF85330FFF787FF2146102201A8FFF77E
:10F6B00082FF3B46412205A901A8E8F78FFE0446D8
:10F6C00010B93846FFF781FF204617B0BDE8F08338
:10F6D0000C220369C9B202FB0133186C00F0070069
:10F6E000704770B50346C9B20069EFF31186202454
:10F6F00084F31288BFF36F8F0C2505FB0104246C83
:10F7000014F0C00401D0A24210D1012205FB010077
:10F710000264002086F31188BFF36F8F28B95B68FD
:10F7200003EBC1035B689847002070BD4FF0FF30CA
:10F73000F0E78022FFF7D5BFF8B5069F05460469BC
:10F74000C9B2EFF3118C202080F31288BFF36F8FC2
:10F750000C2606FB0146306C00F0070EBEF1010FCF
:10F7600011D1376400268CF31188BFF36F8F46B92F
:10F770000C2000FB0144C4E90E236B6853F83130C0
:10F7800098473046F8BD00F0C00087420CBF6FF0CC
:10F7900077064FF0FF36E6E713B580240094FFF7B5
:10F7A000CBFF02B010BD10B41C240069CBB204FB27
:10F7B0000300002110BC10471046F9F7B1BA00F061
:10F7C0005CB9F8F779B938B508461446EFF31185F6
:10F7D000202383F31288BFF36F8F1146F8F7C4FB21
:10F7E00085F31188BFF36F8F002808BF204638BD0E
:10F7F00008B50023FFF7E7FF00EAE07008BDF8F75F
:10F8000099BB436800205B68DB680B607047436806
:10F8100002EA01005B6821EA020158600020996059
:10F820007047436800205B68596070474368002058
:10F830005B689960704743685B681A6821EA020058
:10F840001140586000209960704730B503695868CE
:10F8500000B30024884219D108688CB99C685860AC
:10F86000A14200D19860002008602AB15A680A605D
:10F870009A68596002B9996000200FE02846E9E7CC
:10F8800020609868814208BF9C60ECE705680446E8
:10F89000002DF3D1002AE9D16FF0150030BDF8F743
:10F8A000EFBC30B543681360057A446804EBC504C7
:10F8B000A34202D36FF0010030BD5C7908338C4263
:10F8C000F1D10020F8E743681B68D3F83031704766
:10F8D00043681B68D3F88004C3F88004704742680B
:10F8E0001368D3F84C0150B10020926A12780A7064
:10F8F000C3F84C01D3F84C2101229A6270474FF0B3
:10F90000FF30704713B501AA0446FFF7CAFF00286D
:10F9100005DB019B226819791868F7F7BFFD02B073
:10F9200010BD38B5054600220121C620E2F7FEF8D9
:10F93000C620E2F7CBF86C680121E068FFF7E2FF30
:10F940006B6819686369C1F82435E28BA38BA07ECC
:10F950001343228C1343628C1343627E9BB2024397
:10F96000207E02431343C1F86C3569680B68D3F8F5
:10F97000002242F48022C3F800220822C3F80025A6
:10F980004A6A0121C3F83C270022C3F840271965C1
:10F99000D3F830110029FBD0C3F800256D68002191
:10F9A000E8682C68FFF7AEFF0823C4F800352A7A10
:10F9B00052B9AB6AC4F804370123C4F80837C4F855
:10F9C0004C21D4F84C21A362002038BD08B5022098
:10F9D000F7F724FB002008BD03460020184700F07D
:10F9E00085BA024610B5116891B1B1FA81F3C3F13D
:10F9F0001F000123834021EA0303D2E8EF4F8C422A
:10FA000004D1C2E8EC3FBCF1000FF6D1EBD110BD40
:10FA10006FF00B00FBE710B50368CB40DB0710D499
:10FA200001238B40026843EA0201D0E8EF4F944281
:10FA300004D1C0E8EC1FBCF1000FF6D1F2D10020D8
:10FA400010BD6FF01500FBE7F7F7D2BF10B101282A
:10FA500002D07047F8F730B8F8F7DEB818B10128CF
:10FA600003D100F00CB800F008B8704708B5F8F7FB
:10FA700007F9BDE80840F8F75FB8F7F7F1BFF8F706
:10FA800093B8F7B51646DDE90847019001A81D4671
:10FA9000F8F7ACFA019BB6F1000C18BF4FF0010C5F
:10FAA00000EB83000B1E18BF0123002D43EA4C031B
:10FAB0000CBF4FF0000C4FF00C0C002C43EA0C0371
:10FAC0000CBF4FF0000C4FF4706C002F43EA0C0396
:10FAD0000CBF4FF0000C4FF4403CD0F8802043EABC
:10FAE0000C0322EA030301B109780EB136787600DF
:10FAF00019430DB12D78AD0031430CB124782402A7
:10FB000029430FB13F783F040C433C43C0F8804089
:10FB100003B0F0BD1FB50DF10F03019300238DF865
:10FB20000F101A4619460093FFF7ABFF05B05DF8BA
:10FB300004FB10B504460846F8F768FA04EB4004E5
:10FB4000207DC0F3401010BD10B504460846F8F7FC
:10FB50005DFA04EB4004207DC0F3400010BD10B5F9
:10FB600004460846F8F752FA04EB4004A08A400B1A
:10FB700010BD70B5044608461646F8F747FA083037
:10FB800034F810300D46DA0509D5C3F3432304EBEE
:10FB9000C3023146284654F8333052689847A36868
:10FBA0002BB131462846E268BDE87040184770BD69
:10FBB00010B504460846F8F729FA04EB4000838A9A
:10FBC000DA051DD5C3F3432123F4F853838204F1EE
:10FBD000120204F1580032F8023F13F4807F03D080
:10FBE000C3F3432399420BD08242F4D1002204EBA9
:10FBF000C1035A6004F16000BDE81040FFF70BBF7D
:10FC000010BDF0B504460020012705468446954204
:10FC10000AD1D4F8443133B10023C4F84431D4F8C4
:10FC2000443140F40030F0BDEBB29B0003F5807628
:10FC30009B0807FA03F3194208D054F806E0BEF116
:10FC4000000F03D044F806C0A65918430135DEE77B
:10FC500038B504460D46FFF76CFFA8B12046FFF704
:10FC600073FF88B92046FFF77AFF0123226883409B
:10FC7000C2F81833236803EB8000D0F8103523F066
:10FC80000303C0F8103538BD2846BDE838400021D0
:10FC9000FFF740BF2DE9F0431746044685B00846FC
:10FCA000F8F7B4F9D7F800800E460546B8F1000F12
:10FCB0001ED02046FFF748FF18B12046FFF739FF56
:10FCC00020BB00230DF10F02CDE900338DF80E307B
:10FCD0008DF80F30304643460DF10E01FFF7D1FE8F
:10FCE00004EB4502938A23F0020343F0010393825D
:10FCF0007B689BB33146204693F80080D3F804908C
:10FD0000FFF722FF28B1B9F1000F1FD06FF01500E7
:10FD100027E004EB4500838A23F4604323F02003AB
:10FD20008382B9F1000F11D0B8F1030FEED87B68D0
:10FD300021685B6893F800C04FEA8C031944B8F15E
:10FD4000000F11D1C1F81085C1F8108504EB4502F0
:10FD5000938A23F01C0343EA88039382BB684BBB5E
:10FD6000002005B0BDE8F083D1F8102522F0030291
:10FD7000C1F8102522681344D3F8102522F4473225
:10FD800022F47C72C3F8102541F6F072D3F81015F6
:10FD900002EA061242EA08420A43C3F8102504EBBD
:10FDA0004C03A3F86460838A43EA4C3343F0200396
:10FDB0008382CBE73146D3E900782046FFF7F8FE8F
:10FDC000002FCDD063689F4206D004F16000FFF79A
:10FDD00008FE002804DAC4E7A3689845F5D100209E
:10FDE00004EBC003C3E9017804EB4505AB8AC0B25C
:10FDF00043EA402343F48073AB82B1E7C0E90312C6
:10FE0000704770B504461546FFF793FE48B10846A3
:10FE1000F8F7FCF804EB40040020A38A5B0B2B707E
:10FE200070BD6FF01500FBE790F87400003818BF44
:10FE300001207047F8F720B92DE9F3410446174631
:10FE4000FFF777FE0D462668F0B12046FFF77CFEEF
:10FE50008046C8B92046FFF782FE820002F5807313
:10FE600046F80380F35823681344D3F8102542F072
:10FE70000102C3F8102527B1012322688340C2F88C
:10FE8000143302B0BDE8F081D6F8143328469B0342
:10FE90005CBF4FF40033C6F81433F8F7B7F804EB3F
:10FEA0004004A38AC3F38203042B11D0052B11D085
:10FEB00001A80195F8F79AF8019BC168D94001F0B3
:10FEC00001010231284602B0BDE8F041FFF722BE31
:10FED0000321F7E70221F5E7FFF7BABE08B5FAF705
:10FEE00091F9002818BF6FF0040008BD08B1E2F7CF
:10FEF00033BB704710B5436904463BB90020E26844
:10FF00004042537843F00103537010BD98470028D6
:10FF1000F4D00028B8BF4042FF28A8BFFF20E36804
:10FF20001870ECE740B1C368587810F001001EBFAC
:10FF30001878B0FA80F040097047EFF3118320235E
:10FF400083F31288BFF36F8FFEE708B5FFF7F5FF65
:10FF500010B400F10C04C0E9034410BCFBF73FBF30
:10FF600038B50446EFF31185202383F31288BFF3DD
:10FF70006F8FFBF73DFE04F10C0000F014FB30B175
:10FF8000294604F11400BDE8384000F0F2BA85F3C8
:10FF90001188BFF36F8F38BD10B542696AB18368AD
:10FFA00042EA0301890708D10169A2FB011424B9BF
:10FFB0005B182CBF0121002102D36FF0150005E072
:10FFC000C1609B1A02698A4201D8002010BDC26834
:10FFD00001311A604269C3609B1AF3E72DE9F041D1
:10FFE00005460F46EFF31188202383F31288BFF3F1
:10FFF0006F8FC668F6B90468A0421BD0D4B1D4E9AB
:020000022000DC
:10000000003213605A60237CC4E9006623F00203C7
:100010002374A66004F1180000F049FB2046A6678F
:10002000676100F073FA414605F10800BDE8F04150
:1000300000F09FBA3E60AB69EF60013BAB6188F3B3
:100040001188BFF36F8FBDE8F081202408B5EFF36E
:10005000118384F31288BFF36F8FFCF798F8F6E7EB
:1000600090F90E308B4201D0F9F77EBA002070472C
:1000700003460020C3E90033C3E902007047D0E91A
:10008000003213605A600023027CC0E9003322F082
:1000900002020274836070472DE9F84390460446DB
:1000A0000D469DF82020EFF31187202181F312885F
:1000B000BFF36F8F02B14568A66804F10809B14526
:1000C00015D0A6B100243046FFF7D9FF06F118007D
:1000D00000F0EDFA3046B467C6F8148000F016FA66
:1000E0004846394600F045FA2046BDE8F883A3B1FA
:1000F0000820F9F707FE002832D00122C0F804805A
:100100000260016801F003015DB922680A430260E0
:10011000626820606AB960600BE04046C8F8003051
:10012000EFE72A68032A10D80160616839B9C4E989
:100130000000002087F31188BFF36F8FD5E70A68AE
:1001400002F0030202430A60E5E722F003020A43D9
:1001500002602A6802F0030240EA02032B60E8E72B
:100160006FF00B00E6E70023C0E9003300F108035D
:10017000C0E90233704770B5EFF31185202383F394
:100180001288BFF36F8F846800F10806A64213D06F
:1001900094B12046FFF773FF04F1180000F087FACE
:1001A00000232046A367636100F0B0F9294630467A
:1001B000BDE8704000F0DDB985F31188BFF36F8FA3
:1001C00070BD012307B5009300230A461946FFF7C7
:1001D00063FF03B05DF804FB002307B50A460093F4
:1001E0001946FFF759FF03B05DF804FBEFF31183E5
:1001F000202282F31288BFF36F8F006818B1026863
:10020000920718BF406883F31188BFF36F8F704760
:100210003AB18A4205D3C0E90212C0E900000020C9
:1002200070476FF015007047012302688B4022EA87
:100230000303036022FA01F000F0010070477047E9
:1002400010B5032104460C30FFF7EEFF30B104F186
:10025000100000F02CFAB0FA80F0400910BD20B177
:1002600000228C30114600F0E9B9704770B5C368C0
:100270000446C3F340069B0716D4856802210C3060
:10028000FFF7D2FF80B1D5F884206AB194421DD126
:1002900022689EB9D5F88830C5F884209C4201D1E7
:1002A000C5F8882000232360E36813F01F001EBFF9
:1002B00043F00203E36040F0020070BD3260D5F805
:1002C0008820944208BFC5F88860EBE7164612689C
:1002D000DBE773B50446EFF31185202383F312881F
:1002E000BFF36F8F00230193D0E90423B3F1004FD4
:1002F00008BF012A05D085F31188BFF36F8F02B0C4
:1003000070BDA0F1100603210438FFF78DFF00280F
:10031000F1D0A369304601A90193F8F73FFEEAE75F
:1003200038B504460D461022002101F025FC656019
:1003300038BDEFF31183202282F31288BFF36F8F51
:10034000C06800F01F0083F31188BFF36F8F704700
:1003500013B501900846EFF31184202383F312882C
:10036000BFF36F8F01A9F8F719FE84F31188BFF36B
:100370006F8F02B010BD10B5FFF7EAFF041E08DD55
:10038000EFF31180202383F31288BFF36F8FF9F707
:1003900057F9204610BD70B50D46EFF311862023A6
:1003A00083F31288BFF36F8FF8F74AFE044686F393
:1003B0001188BFF36F8F38B14FF0FF324FF0FF332A
:1003C00005F11000F8F7E0FC204670BD08B5A0224A
:1003D000002101F0D1FB08BD38B530220D460021C7
:1003E000044601F0C9FB4FF480736560E36038BDDB
:1003F000FFF79FBF38B50446EFF31185202383F341
:100400001288BFF36F8FFFF71BFF2046FFF72EFF09
:1004100085F31188BFF36F8F38BDF8B504460D46DC
:10042000EFF31187202383F31288BFF36F8FC36824
:1004300003F01F03002B14BF0126002609D0FFF78D
:10044000FFFE2046FFF712FF29462046F8F788FDF9
:10045000034687F31188BFF36F8F3BB14FF0FF3234
:100460004FF0FF3305F10800F8F78EFC3046F8BD79
:10047000D0E9003213605A600023027CC0E90033E7
:1004800022F00202027483607047EFF305800038A7
:1004900018BF012070476FF057007047D0E9003255
:1004A00013605A600023C0E90033704708B5FFF7B6
:1004B000F5FF037C23F0020303740023836008BD6F
:1004C00038B504460D46F8F7ABFF237C43F0020332
:1004D0002374D5B1A5602B689D4209D16B68C4E92E
:1004E00000531C606C6010E06A689A42F6D01B688A
:1004F000002BF3D093F90E1094F90E209142F3DD06
:100500005A68C4E9003214605C6038BD10B5EFF37E
:100510001184202383F31288BFF36F8FF8F740FF15
:1005200084F31188BFF36F8F10BD08B5037C0146BB
:1005300013F0280F0CD183680BB1FFF7B7FF0B7CCA
:10054000084623F004030B74BDE80840F8F728BF01
:1005500008BD10B5EFF31184202383F31288BFF395
:100560006F8F1838FFF7E1FF84F31188BFF36F8FA7
:1005700010BD0846F8F78CBF38B505460468002062
:10058000AC4200D138BD002CFCD02046FFF78EFFD6
:1005900004F1180000F08BF82046F8F701FF2C68F2
:1005A0000120A542EDE710B5EFF31184202383F37A
:1005B0001288BFF36F8FFFF7DFFF84F31188BFF35B
:1005C0006F8F10BD70B506460D46F9F7D5F8B5F139
:1005D000FF3F08BFB6F1FF3F04460CD047F611209D
:1005E00000214FF47A7547F612220023E4FB05013F
:1005F000DFF746FF70BD4FF0FF30FBE738B504462C
:10060000EFF31185202383F31288BFF36F8F037CF0
:100610005B070ED5183000F04AF8237C204623F003
:1006200004032374F8F7BCFE2846BDE83840F8F709
:100630002FBF85F31188BFF36F8F38BD38B5EFF347
:100640001185202383F31288BFF36F8F0468A042C3
:1006500012D09CB1A16762612046FFF727FF04F129
:10066000180000F024F82046F8F79AFE012085F3E0
:100670001188BFF36F8F38BD0020F8E72046F6E7FA
:1006800008B50246F9F7EAF970B1D0E904319B1ACE
:1006900061EBE272B3F1004F72F1000104DA002A5B
:1006A000ACBF1846002008BD6FF00040FBE70246D3
:1006B00038B5EFF31185202383F31288BFF36F8FD2
:1006C0000368D3B1F9F7CAF904461046F9F7D8F927
:1006D00000224FF000438442C0E9042305D00020EB
:1006E00085F31188BFF36F8F38BDF9F7BFF9FFF7B6
:1006F000C7FF0021F7F768F8F1E7D0E90413B3F179
:10070000004F08BF012904D100204FF00041C2E989
:1007100004016FF01500E3E708B5F9F7B9FA08BD71
:10072000F9F7B6BAB3F1FF3F08BFB2F1FF3F70B5BA
:1007300006461D46144614D01A4316D0002B08DB7B
:10074000F9F7A6FA041941EB0501C6E90041304664
:1007500070BD6FF001031C1B4FF0FF3363EB05010D
:10076000F3E74FF0FF342146EFE70024FBE7B3F156
:10077000FF3F08BFB2F1FF3FF8B5074616461C46DB
:1007800010D054EA020311D0F9F782FAB0420A46B7
:10079000A14103460AD2F31A64EB0204C7E900340C
:1007A0003846F8BD4FF0FF331C46F7E70023FBE760
:1007B000043270B504460ED2EFF31185202686F37D
:1007C0001288BFF36F8F41F00401984785F31188B9
:1007D000BFF36F8F08B9002070BD40F8044BFBE7F2
:1007E00020B1011F50F8040CFFF7BABB704700F4AA
:1007F000E040B0F5805F04D0A0F500535842584166
:100800007047012070473AB1002918BF0023212109
:10081000D21A184401F0B0B9704738B513464FF4F6
:1008200080420D46F9F7EEFB044640B9286843685C
:100830001B0A04D000F0B6FC2C606FF08504204643
:1008400038BD2DE9F04F9B46002389B08DF81B3051
:10085000159B9146DDE912A7002B0E460B460CBFF7
:100860004FF400624FF4806207A9DDF85080F9F779
:10087000C9FB0446F0B9079D304629880DF11B02DB
:10088000F9F72AFC0446A8B99DF81B30BB4223D8CF
:1008900068686A6E000A05F1200120D1CDE90338AD
:1008A00028463346CDE901BACDF8009000F0D9FCD6
:1008B000044608B1C8F800703A4621465046D8F8B8
:1008C0000030FFF7A0FF079800F06CFC002C18BF69
:1008D000204609B0BDE8F08F6FF08904EAE76FF0B9
:1008E0008604E7E72DE9F341D0F804804769044620
:1008F00040460E4600F058FC054660BB5FFA88F3A0
:100900001BB93FB16FF0860525E06FF04043013F12
:100910009F42F7D2A06820F47F4020F00300002817
:10092000F0D14FF6F87362889A4218D8277907B940
:1009300001A83146F9F7FAFC054660B90FCCD6F8A4
:1009400000C066460FC694E8030086E8030017B9A6
:10095000019BCCF81430284602B0BDE8F0816FF05E
:100960008505F8E740F67E7300F6FF729A4243D998
:10097000434213F07F0306D0202BC3F1000015D1B2
:100980006FF08500704710F1920F0FDA10F5994F54
:100990002AD02CDC10F5C54F26D010F5C14FEFD072
:1009A00010F5C74F23D16FF09600704710F11F0F5D
:1009B00015DA10F13D0F1DD010F13C0F07DA10F1E0
:1009C000400F14BF6FF083006FF09300704710F179
:1009D000220F14BF6FF083006FF08500704700286E
:1009E00018BF6FF0830070476FF0860070476FF09C
:1009F000830070476FF09300704741F205239842DF
:100A00001AD8B0F5905F09D241F2010398420CD098
:100A1000B0F5885F09D06FF0850070472923A0F5F5
:100A2000905080B2C340DB07F5D511F0070F14BF1B
:100A30006FF0860000207047B0F5105FEBD121F019
:100A40004003802B06D0B1F5807F14BF6FF0860085
:100A50000020704700207047F8B504460F461E4638
:100A60001546008892B1FFF7C2FE78B1089BD1000D
:100A700019602088FFF7C1FF044628B9394630467F
:100A800001F054F8079B1D602046F8BD6FF0850407
:100A9000FAE710B5436E04461BB141212030F9F747
:100AA0009DFF0020606610BD38B50446FFF7F1FFDA
:100AB000237E012B0FD0023B012B0FD8E369012BC2
:100AC00014BF6FF09605002568220021204601F032
:100AD00053F8284638BDE369002BF1E76FF096051F
:100AE000F2E708B1FFF7E0BF704713B5A0B101A965
:100AF000F9F764FC80B90198037E022B0ED1032321
:100B000003760379FF2B0CBF6FF08404002400F000
:100B100034FB002808BF204602B010BD6FF09604D9
:100B2000F5E770B5144602881D461046049EFFF78F
:100B30005EFE68B944F2010322F44050984207D0A7
:100B400002F44F42B2F5824F02D0B2F5844F0ED17B
:100B5000B4420FD82246284600F0E8FF0021321B9D
:100B6000281901F009F80020059B1C6070BD6FF08A
:100B70008500FBE76FF08900F8E72DE9FF41884623
:100B80001F46164612B3002301223B6003A9F9F762
:100B900039FA044698B9039D6B686A6E1B0A05F121
:100BA000200110D143462846CDE90067FFF7B9FF81
:100BB0000446284600F0F6FA002C08BF04462046FA
:100BC00004B0BDE8F0816FF08604F2E76FF08904AD
:100BD000F5E770B514460288049D02F4E040B0F5D4
:100BE000804F1CD144F2010022F44056864207D0C7
:100BF00002F44F42B2F5824F02D0B2F5844F0ED1CB
:100C0000AC420FD81846224600F090FF00212A1B64
:100C1000204400F0B1FF0020059B1C6070BD6FF008
:100C20008500FBE76FF08900F8E7F0B50F461E4638
:100C3000154685B002B3002303A91A463360F9F7BD
:100C4000E1F9044690B9039803885B0411D5CDE916
:100C500000563B46426E00F1200100F0B1FA044616
:100C6000039800F09FFA002C08BF0446204605B008
:100C7000F0BD6FF08604F3E76FF08904F6E72DE925
:100C8000F04F9846002389B00646894615460693DC
:100C9000C8F80030002A6DD0B2F1005F6DD206A90D
:100CA000FFF720FE044650B9069FD7F864A0BAF1BA
:100CB000000F0FD173681B0A05D06FF086040698E9
:100CC000FFF70FFF52E0412D02D96FF08504F6E7E0
:100CD000AA467D6672687B88120A079307F1200393
:100CE00007F16407E9D10DF11C0B2A46494630464D
:100CF000CDE9017BCDF800A0059300F0E5FA10F1F5
:100D0000860F0446059B09D12A4649463046CDE95F
:100D1000017BCDF800A0FFF79FFE0446002CCED14A
:100D20000699079B4A88E2B94B804FF6F873079AF9
:100D30009A42CAD83388069A13B111889942BCD115
:100D4000738813B151889942B7D15369C8F80030FC
:100D5000137E012B08D000236FF09604C8F80030F2
:100D6000ADE79A42A9D1E0E702231376204609B005
:100D7000BDE8F08F6FF08604F8E76FF08504F5E7C3
:100D800010B50446006858B101280AD104F10800E2
:100D9000F9F76CFB00232360A3886FF30803A3809B
:100DA00010BD6FF08600F5E72DE9F043984600236B
:100DB0000C46016885B0054617460393002941D1CA
:100DC00000F108094022484600F0D6FEB8F1000FB5
:100DD00020463B460CBF4FF400624FF4806203A9EB
:100DE000F9F710F9044678BB039C384621882A1D80
:100DF000F9F772F9064660BB6B7904F1200268F3DB
:100E000000036B716168636E090AB8F1000F12D0BC
:100E100009BB21464846009700F010FA044698B9ED
:100E200001232B60039800F0BDF9002E18BF304657
:100E300005B0BDE8F08371B921464846009700F03F
:100E400000FAEBE76FF088042846FFF799FF264683
:100E5000E8E70446F8E76FF08604F5E70123FFF7BB
:100E6000A3BF38B50546006898B112B900242046E2
:100E700038BD01280AD105F10800F9F751FB0446F5
:100E80000028F3D02846FFF77BFFF0E76FF08604D9
:100E9000F8E76FF08804EAE72DE9F04105460068BD
:100EA0000F461646984610B36A79D2071FD52A799D
:100EB000EAB1B2421ED801281FD105F1080000F0A6
:100EC000C3F9044618B10023C8F800602B7137B18C
:100ED000324621463846D8F80030FFF794FC2846C1
:100EE000FFF74EFF002C18BF2046BDE8F0816FF0E1
:100EF0008804E8E76FF08904E5E76FF08604E2E72D
:100F00001FB501240394089C0294079C0194069C3D
:100F10000094FFF796FC04B010BD03681943B1FAC2
:100F200081F0400970472DE9F04705469A460023B5
:100F300086B0059305F0FE43B3F1106F0846DDE976
:100F40000E679146DDF8408034D12A4605A9FFF7A7
:100F500064FC044680BB0599088820F0FF00B0F5CA
:100F6000E24F02D0B0F5E44F04D14B880733B7EB22
:100F7000D30F24D353464A462846CDE9017800963C
:100F8000F9F708F8044666B90023C8F80030059858
:100F900000F008F9002C08BF0446204606B0BDE862
:100FA000F0870028F3D039463046F8F7D7FFC8F865
:100FB0000070ECE76FF08604002EE5D0F3E76FF0E9
:100FC0008904F9E7F8F7CABF08B50088DDE902210E
:100FD000FFF70DFC20B1BDE808401046F8F7BEBF92
:100FE0006FF0850008BD2DE9F04F1F46002389B042
:100FF000DDF848900693C9F80030438805460E4650
:101000009046002B00F0B280038803F4E043B3F570
:10101000804F00F0AB8039463046FFF77EFF002856
:1010200000F0A480284606A9FFF75CFC04460028CF
:1010300051D1069BD3F864A0BAF1000F21D16B689F
:101040001B0A66D12A8869881046FFF7D0FB002862
:101050003AD01046FFF7D1FC044600283BD147F2B6
:1010600001039A424ED14C080134E40804EBC40455
:101070003B340794DDE9063ABAF1410F29D8C3F8A9
:1010800064A06A6803F1200B120A03F1640367D1BC
:101090002A88510445D4CDE901A342463B46314656
:1010A0002846CDF800B0FFF78FFF0446002C59D139
:1010B000069B5A69C9F800201A7E012A4AD0C9F84D
:1010C00000406FF0960406E002F44F43B3F5824F00
:1010D00005D06FF085040698FFF703FD3CE002F4AD
:1010E000E043B3F5E04FF4D147F201039A42BAD09E
:1010F000CC1D22F0FF02E408B2F5824F04BF640069
:101100000134B6E744F201039A42F1D1CC0810341D
:10111000AFE7284607A900F04EF804460028A9D0FA
:10112000D9E702F44F41B1F5824FB4D147F2121121
:101130008A42B0D16A88B2F5807FACD15246594616
:101140002846059300F01FF910F1860F0446059B11
:10115000ACD1A0E702221A76204609B0BDE8F08F94
:101160006FF086040698FFF794FCB4E76FF08604EE
:10117000F2E71822002100F0FFBC034668B1017EAF
:101180008A1E012A0BD80329C26903D1012A01D181
:10119000FFF78ABC1AB1013ADA61002070476FF09C
:1011A00096007047FFF7E9BFC0B2002814BF6FF088
:1011B00085000020704700236FF086000B607047A9
:1011C0002DE9F34747680446DDE90A9A3F0A0D46D0
:1011D0001646984611D1CDE9009A00F0ADF810F10D
:1011E000860F0CD14346324629462046CDE90A9A5D
:1011F00002B0BDE8F047FFF7ECBC6FF0860002B02C
:10120000BDE8F08773B5002615461C460DF10602B1
:101210000DF107038DF80760F9F7E6F858B99DF866
:10122000070004B1207029469DF8062002B0BDE8F1
:101230007040F9F7DFBB304602B070BD009BF9F794
:101240002FB9009BF9F72CB938B51C460368154631
:1012500023B1F9F7E9F800B9256038BD6FF08800CF
:10126000FBE72DE9F04104460D461E4690B04022B2
:1012700000216846DDF85C80199F00F07DFC214666
:1012800033462A466846F9F70BF9044648B9B8F1DF
:10129000000F0DD13A4668461899F9F7C5F804468B
:1012A00078B16846F9F7E2F8204610B0BDE8F08161
:1012B000424668461699F9F733F904460028E9D002
:1012C000EFE71A9B1F60ECE7F8B5089F1E463B68E6
:1012D000144633F480720D462BD144F21211028869
:1012E0008A4213D1412C03D01BB36FF08600F8BDA6
:1012F000681C00F046FA0028F7D14FF480733B6079
:10130000069B9C420CD96FF08900F0E747F212115E
:101310008A420ED1202CE7D1284600F040FAEAE7B5
:1013200022462946304600F001FC079B00201C6045
:10133000DDE76FF08500DAE770B50446268864883B
:101340001846DDE90435B4F5807F13D147F2121455
:10135000A6420FD1202A10D1402B11D9042300F826
:10136000013BF9F703FB08B941232B60BDE870404E
:10137000F9F7EAB86FF0850070BD6FF08600FBE703
:101380006FF08900F8E730B5202A084614461D465C
:1013900091B009D16946F9F79BFA00B92C6011B0F8
:1013A000BDE83040F9F7D0B86FF0890011B030BD1A
:1013B00070B51446DDE90603DDE90426202C089DFE
:1013C0000CD1412E0AD11F2B0BD90132F9F7A2FA09
:1013D00000B92C60BDE87040F9F7B6B86FF0860030
:1013E00070BD6FF08900FBE740F8041B1C22002150
:1013F00000F0C2BBF0B5002405462646204652F850
:10140000247051F82430DB1946EB06071B1845F809
:10141000243004F1010447F10000082CEFD1F0BDA5
:10142000002370B50646184652F8235051F8234061
:10143000641B65EB0505241A46F8234003F10103FC
:1014400065F10005082BC5F10000EDD170BD70B548
:1014500004395642041F013A1C3054F8043F51F835
:10146000045F134035402B4384422360F5D170BDA7
:10147000002330B50446184654F8232051F8235071
:1014800001336A40082B40EA0200F5D130BD70B547
:1014900004460568002016680346E1FB6653256094
:1014A00056686568E1FB665365609668A568E1FB70
:1014B0006653A560D668E568E1FB6653E56016698A
:1014C0002569E1FB6653256156696569E1FB665351
:1014D00065619669A569E1FB6653A561D569E26915
:1014E000E1FB6523E261226A9B182362404170BDE3
:1014F00010B50438A1F120024B7F0C7F1B0443EA96
:101500000463CC7F0439234391F822408A4243EAA2
:10151000042340F8043FEFD110BD0B1F1C3153F8DA
:10152000042F0438120E80F820205A888B4280F84D
:1015300021201A684FEA122280F822201A6880F8C7
:101540002320ECD1704770B588B01E460446FFF7E3
:1015500051FF3246054621466846FFF761FFC0F15C
:101560000102694620462A43FFF771FF08B070BDAB
:101570002DE9F04F8BB00D460646914600212422FE
:1015800001A81F46D3F840A000F0F6FAA5F1040B1D
:101590001C355BF8041FD9F80020019B01A802FB51
:1015A00001334A460AFB03F8FFF771FF3A46044647
:1015B000414601A8FFF76BFF2022044402A901A8BD
:1015C00000F0C1FA5D450994E3D13A4601A93046DD
:1015D000FFF726FFC0F1010222433046C2F10102AB
:1015E000FFF735FF0BB0BDE8F08F0B4601F120028D
:1015F0000146FFF7BDBF30B504460D4689B06846C9
:101600000121FFF7F1FE2B466A4621462046FFF7EF
:10161000AFFF09B030BD38B504461546FFF7E4FE0C
:1016200029462046BDE83840FFF7DFBF2DE9F043EB
:1016300014460646274689B001226846FFF707FF91
:10164000224601213046FFF7E6FF256804F11C0918
:10165000023D4FF02008EB0705D523466A46314688
:101660003046FFF785FF23466A4669466846FFF71E
:101670007FFFB8F101084FEA5505ECD14F4502D084
:1016800057F8045FE5E709B0BDE8F08330B51546CB
:10169000044689B001226846FFF7D9FE294668460C
:1016A000FFF7A9FF69462046FFF737FF09B030BDB5
:1016B000F0B516461F4604460D4699B011466846D9
:1016C000F8F74EFF3246694608A8F8F749FF3A4650
:1016D00069466846F8F744FF08A908461E9AF8F7D5
:1016E0003FFF224669466846F8F782FF08A92A4666
:1016F0000846F8F77DFF6A4631463046F8F730FF76
:101700006A46694610A8F8F72BFF6A46684610A992
:10171000F8F726FF10A922460846F8F721FF08AA85
:1017200011462046F8F71CFF2146204610AAF8F77C
:101730005FFF2146204610AAF8F75AFF6A46214665
:101740002046F8F755FF10A922460846F8F750FF43
:1017500010A9084608AAF8F703FF2A466946684612
:10176000F8F7FEFE6A46284610A9F8F741FF19B0BF
:10177000F0BD08B5FFF726FC003818BF0120404235
:1017800008BD00B591B0024608A96846F8F744FFC5
:10179000002818BF6FF0010011B05DF804FB10B510
:1017A00088B001466846F8F703FF044620216846E2
:1017B000F9F714F9002C0CBF20466FF0020008B0B6
:1017C00010BD10B5044608B1F9F708F92046BDE888
:1017D0001040F9F7FDB83C22002100F0CDB910B55A
:1017E000044600F09DF92046BDE81040F9F7F0B836
:1017F00010B54FF48C710120F9F7E4F8044608B1F4
:1018000000F089F9204610BDF9F7AABAF9F7DEB958
:10181000F9F728BB38B5054618B96FF0860420469D
:1018200038BD0468002CF8D00029F6D00123F9F760
:101830003BF904460028F2D12B68002BEDD09B79B0
:10184000023B022BE9D824210120F9F7BBF820B193
:101850001021A863F9F7C2F8E1E76FF08C04DEE726
:101860002DE9F04F0F461646804685B0002879D006
:101870000368002B76D0002974D0846B002C71D0C3
:101880001D79206A05F01F05F8B12A1AB2421CD250
:101890001030204400F04AF9002304F11002191D11
:1018A000A9422CD923441A1B954231D803AB00938B
:1018B0002A46234621464046F9F726F9E0B9236A2D
:1018C0002062EA1A334417445E1B05F1FF39B14424
:1018D000B9FBF5F94FF0010A0DF10C0BCA4538D3ED
:1018E0004EB1206A324610303946204400F01EF9CD
:1018F000236A33442362002005B0BDE8F08F52F81C
:10190000100C13680432434042F8143C0B46C6E7FF
:101910001A7C19784A4003F8012BC4E7FA58E058BA
:101920004240E2500B46191D8D4204EB0302F5D2F2
:10193000AB4210D323462A4621464046CDF800B09C
:10194000F9F7E2F80028D7D1761B2F440AF1010AF3
:10195000C4E70023E7E7F85C11780133414002F85F
:10196000011BE5E76FF08600C6E72DE9F04F93B065
:1019700006460391002800F0CB800368002B00F09E
:10198000C780856B002D00F0C380002900F0C08067
:1019900006AF102138460DF128081C790DF13809E1
:1019A000F9F71CF810214046F9F718F810214846BD
:1019B000F9F714F8326804F01F0492B392F804A007
:1019C0000AF01F0A0DF1140B4B46524649463046A9
:1019D000CDF800B0F9F798F850B9BAF1100F07D167
:1019E00049463846F9F7D0F839464046F9F7CCF879
:1019F00010214846F8F7F2FF2B6A05F1100AA342BE
:101A000011D33846CC460022111DA14265D9A2420D
:101A10001ED21AF80210B85C414009F802100132D7
:101A2000F5E79246CEE74846CC46002293423ED99F
:101A30001AF80210013294420CF8011BF6D8C44681
:101A40000022111DA14237D909EB0201A2423BD36A
:101A500048460022A5F1040C111DA14246D9A9183F
:101A6000A2424CD330462B4622462946CDF800B040
:101A7000F9F74AF8064620B922462946039800F0AD
:101A800055F810213846F8F7A9FF10214046F8F71D
:101A9000A5FF0023102150462B62F8F79FFF10216D
:101AA0002846F8F79BFF304613B0BDE8F08F0CBF17
:101AB00001210021C901BDE702685CF8043B5A40DE
:101AC00040F8042B0A46BCE7087818F802C0013237
:101AD00080EA0C0001F8010BB8E76A1850F8043BE3
:101AE000D2685A404CF8042B0A468DE75CF8012076
:101AF00050F8043B5A404CF801200A46ACE719F86C
:101B000002C00878013280EA0C0001F8010BA7E757
:101B10006FF08606C7E74FF48C72002100F02CB8F6
:101B200018B14FF48C71F8F759BF70470A44431E3F
:101B3000914200D1704710B511F8014B914203F862
:101B4000014FF9D110BD884210B501EB020402D952
:101B50008442234607D8431EA14207D011F8012B27
:101B600003F8012FF8E70244824200D110BD13F8B8
:101B7000011D02F8011DF7E702440346934200D11C
:101B8000704703F8011BF9E70139024410B5904290
:101B900001D1002005E0037811F8014FA34201D0E4
:101BA000181B10BD0130F2E70246014410B58A420D
:101BB000134603D01C780132002CF8D1181A10BD3E
:101BC000F0B5C3F13707044603F01F031046FFB218
:101BD000082BE6B232D0102B3DD06508A40845EAA8
:101BE000C17544EA81748A082D1942EB5102290912
:101BF00041EA02716D1842EB1212290A41EA0261B0
:101C00006D1842EB1222290C41EA02416D1842EB99
:101C10001242AD1842F10002EC0844EA4274D108C5
:101C200004EB8402A6EB4205EDB2092D0CD9013478
:101C3000A5F10A0541F10001EDB212E0E40806F059
:101C4000070544EA4174C908303554EA010200F836
:101C5000015BBDD1F0BD240906F00F0544EA017413
:101C60000909092D84BFED19EDB2EDE7D1E9043280
:0C1C700093421EBF5A1C0A611870704796
:081C7C0058E8FD7F01000000A3
:101C8400B1240000000000001977010000000000EA
:101C940000000000141D0200898A010000000000F9
:101CA400AD8A010000000000000000004C1D02008D
:101CB40000000000301D020000000000681D02004A
:101CC40000000000841D020000000000A01D0200AE
:101CD4001571010000000000CDF9010000000000B2
:101CE4008121000000000000DDFE01000000000072
:101CF400D58D01000000000000000000BC1D0200A2
:101D04007D250000000000001D27000000000000E9
:101D14000D4402006C300200E8260200B2050020E7
:101D2400F0820020156E0100000000001E44020035
:101D340088300200B8260200B60500204483002043
:101D440039730100000000002A4402009C300200A4
:101D5400B8260200B8050020508300203973010022
:101D64000000000035440200B0300200B826020032
:101D7400BA0500205C8300203973010000000000D4
:101D84001A44020000000000B0260200B40500203E
:101D940000000000FFF701000000000040440200C2
:101DA400D030020004270200BC0500206883002014
:101DB40023F9010000000000442C02000000000090
:101DC400DC260200B00500206C3200200000000078
:041DD400000000000B
:101DD800000000006BC10100000000006BC10100A1
:101DE800000000006BC10100000000006BC1010091
:101DF800000000006BC10100000000006BC1010081
:101E0800000000006BC10100000000006BC1010070
:101E1800000000006BC10100000000006BC1010060
:101E2800000000006BC10100000000006BC1010050
:101E3800000000006BC10100000000006BC1010040
:101E4800000000006BC10100000000006BC1010030
:101E5800000000006BC10100000000006BC1010020
:101E6800000000006BC10100000000006BC1010010
:101E7800000000006BC10100000000006BC1010000
:101E8800000000006BC10100000000006BC10100F0
:101E9800000000006BC10100000000006BC10100E0
:101EA800000000006BC10100000000006BC10100D0
:101EB800000000006BC10100000000006BC10100C0
:101EC800000000006D390100000000006BC1010036
:101ED800000000006BC10100000000006BC10100A0
:101EE800000000006BC10100000000006BC1010090
:101EF800000000006BC10100000000006BC1010080
:101F0800000000006BC10100000000006BC101006F
:101F1800000000006BC10100000000006BC101005F
:101F2800000000006BC10100000000006BC101004F
:101F3800000000006BC10100000000006BC101003F
:101F4800000000006BC10100000000006BC101002F
:101F5800000000006BC10100000000006BC101001F
:101F6800000000006BC10100000000006BC101000F
:101F7800000000006BC10100000000006BC10100FF
:101F8800000000006BC10100000000006BC10100EF
:101F9800000000006BC10100000000006BC10100DF
:101FA800000000006BC10100000000006BC10100CF
:101FB800000000006BC10100000000006BC10100BF
:101FC800000000006BC10100000000006BC10100AF
:101FD800000000006BC10100000000006BC101009F
:101FE800000000006BC10100000000006BC101008F
:101FF800000000006BC10100000000006BC101007F
:10200800000000006BC1010000000000F56C010039
:10201800000000006BC10100000000006BC101005E
:10202800000000006BC10100000000006BC101004E
:10203800000000006BC10100000000006BC101003E
:10204800000000006BC10100000000006BC101002E
:10205800000000006BC10100000000006BC101001E
:10206800000000006BC10100000000006BC101000E
:10207800000000006BC10100000000006BC10100FE
:10208800000000006BC10100000000006BC10100EE
:10209800000000006BC10100000000006BC10100DE
:1020A800000000006BC10100000000006BC10100CE
:1020B800000000006BC10100000000006BC10100BE
:1020C800000000006BC10100000000006BC10100AE
:1020D800000000006BC10100000000006BC101009E
:1020E800000000006BC10100000000006BC101008E
:1020F800000000006BC10100000000006BC101007E
:10210800000000006BC10100000000006BC101006D
:10211800000000006BC10100000000006BC101005D
:10212800000000006BC10100000000006BC101004D
:10213800000000006BC10100000000006BC101003D
:10214800000000006BC10100000000006BC101002D
:10215800000000006BC10100000000006BC101001D
:10216800000000006BC10100000000006BC101000D
:10217800000000006BC10100000000006BC10100FD
:10218800000000006BC10100000000006BC10100ED
:10219800000000006BC10100000000006BC10100DD
:1021A800000000006BC10100000000006BC10100CD
:1021B800000000006BC10100000000006BC10100BD
:1021C800000000006BC10100000000006BC10100AD
:1021D800000000006BC10100000000006BC101009D
:1021E800000000006BC10100000000006BC101008D
:1021F800000000006BC10100000000006BC101007D
:10220800000000006BC10100000000006BC101006C
:10221800000000006BC10100000000006BC101005C
:10222800000000006BC10100000000006BC101004C
:10223800000000006BC10100000000006BC101003C
:10224800000000006BC10100000000006BC101002C
:10225800000000006BC10100000000006BC101001C
:10226800000000006BC10100000000006BC101000C
:10227800000000006BC10100000000006BC10100FC
:10228800000000006BC10100000000006BC10100EC
:10229800000000006BC10100000000006BC10100DC
:1022A800000000006BC10100000000006BC10100CC
:1022B800000000006BC10100000000006BC10100BC
:1022C800000000006BC10100000000006BC10100AC
:1022D800000000006BC10100000000006BC101009C
:1022E800000000006BC10100000000006BC101008C
:1022F800000000006BC10100000000006BC101007C
:10230800000000006BC10100000000006BC101006B
:10231800000000006BC10100000000006BC101005B
:10232800000000006BC10100000000006BC101004B
:10233800000000006BC10100000000006BC101003B
:10234800000000006BC10100000000006BC101002B
:10235800000000006BC10100000000006BC101001B
:10236800000000006BC10100000000006BC101000B
:10237800000000006BC10100000000006BC10100FB
:10238800000000006BC10100000000006BC10100EB
:10239800000000006BC10100000000006BC10100DB
:1023A800000000006BC10100000000006BC10100CB
:1023B800000000006BC10100000000006BC10100BB
:1023C800000000006BC10100000000006BC10100AB
:1023D800000000006BC10100000000006BC101009B
:1023E800000000006BC10100000000006BC101008B
:1023F800000000006BC10100000000006BC101007B
:10240800A01D0200C7F80100000000006BC1010018
:10241800000000006BC10100000000006BC101005A
:10242800000000006BC10100000000006BC101004A
:10243800000000006BC10100000000006BC101003A
:10244800000000006BC10100000000006BC101002A
:10245800000000006BC10100000000006BC101001A
:10246800000000006BC10100000000006BC101000A
:10247800000000006BC10100000000006BC10100FA
:10248800000000006BC10100000000006BC10100EA
:10249800000000006BC10100000000006BC10100DA
:1024A800000000006BC10100B80200209FF8010085
:1024B800000000006BC10100000000006BC10100BA
:1024C800000000006BC10100000000006BC10100AA
:1024D800000000006BC10100000000006BC101009A
:1024E800000000006BC1010000000000413901003C
:1024F80055870100D9F90100000000006BC10100F7
:10250800000000006BC10100000000006BC1010069
:10251800000000006BC10100000000006BC1010059
:10252800000000006BC10100000000006BC1010049
:10253800000000006BC10100000000006BC1010039
:10254800000000006BC10100000000006BC1010029
:10255800000000006BC10100000000006BC1010019
:10256800000000006BC10100000000006BC1010009
:10257800000000006BC10100000000006BC10100F9
:10258800000000006BC10100000000006BC10100E9
:10259800000000006BC10100000000006BC10100D9
:1025A800000000006BC10100000000006BC10100C9
:1025B800000000006BC10100000000006BC10100B9
:1025C800000000006BC10100000000006BC10100A9
:1025D800000000006BC10100000000006BC1010099
:1025E800000000006BC10100000000006BC1010089
:1025F800000000006BC101006DFA0100D9F901006B
:10260800000000006BC10100000000006BC1010068
:10261800000000006BC10100000000006BC1010058
:10262800000000006BC10100000000006BC1010048
:10263800000000006BC10100400200209FF801006B
:08264800000000006BC101005D
:1026500020080020B892002000080000F1110000BE
:102660000000000000000000000000000A00000060
:1026700000000000783E02000000000000000000A2
:10268000A0070020B88C002000060000CD1000003C
:102690000000000000000000000000000B0000002F
:1026A000000000006D3E020000000000000000007D
:0826B000F1F70100C7F701007A
:1026B8006571010003F801000FF8010023F801001B
:1026C8002DF8010037F80100817301004BF8010073
:0426D80000000000FE
:0C26DC0031AB000051A90000CDA80000A7
:1026E8006D6E010033F7010099F70100000000004A
:0C26F800D1F6010000000000000000000E
:0C270400DFF8010019760100D1F8010097
:10271000050000009150000006000000AD730000AD
:0827200004000000D964000070
:10272800A90E0000250E00000000000000000000B7
:10273800000000000000000000000000650E00001E
:10274800D10D000000000000450D00000000000051
:10275800E82A0200080000005428020005000000D2
:10277000FB00904202000300960096000C000C0043
:1027800000009001000000006000600000000000F8
:102790000000000053494E4B00000000000103FF01
:1027A00004FF020000A0105000820D5000040550EC
:1027B0000001000812000000000000000103006298
:1027C000746C6500000000000000000000000000C4
:1027D00000000000000000000000000000000000F9
:1027E00000000000000000000000000000000000E9
:1027F00000010000000000000000000000000000D8
:102800000338FDD870470000000000000000000001
:102810000338FDD870470000190F0000710D00004B
:1028200000000000000000000000000043BA0100AA
:102830000000000000000000000000000000000098
:10284000EC280200502802000B02000000000000EB
:10285000CCE40020EC3A0200DFE6010000000000BA
:10286000E83A020000000100E43A02007BE90100BE
:10287000000000001402002000000100DC3A020009
:1028800019C101000000000000000000000001006C
:10289000D83A02007BE90100000000000C02002091
:1028A00000000100D03A0200E5C001000000000075
:1028B00000000000000001000000002000000000F7
:1028C0000600010002000000CC2802000000000009
:1028D000BA42020006000000E0CF1700000000200E
:1028E000C242020021000000E0FF0320B1220000EC
:1028F0000000000015C20100EC28020008290200B7
:1029000002010000000000008C6F0120EC28020092
:102910001C2902002E00000000000000C0BD0120A4
:10292000EC28020030290200020100000000000033
:1029300094BE01200E030000E53000000F040000EB
:10294000E13100001A0100001FC60100050400006B
:10295000D1260000130100009FC801003E010000C5
:10296000752800000112000037C901000A1E00008E
:1029700039C90100FF0100004D2700003E010000A1
:102980006D2700000504000083C601000804000054
:102990003BCA010030030000D5C90100100100004E
:1029A000E1C6010002010000E93A00000112000046
:1029B000A52F00000A1E00004DCB010003090000F6
:1029C000ABC70100040B000025C80100060A000087
:1029D000EFCC0100070A000073C701000C050000DE
:1029E0005DC90100050C000027CC01002BFD000093
:1029F00035C7010035090000E9C60100EC280200D6
:102A00000C2A02000201000000000000B0BF0120FB
:102A1000EC280200202A0200000000000000000054
:102A2000E4C10120EC280200342A0200090200005F
:102A3000000000000CC2012039D501004DD5010075
:102A40000000000000000000000000004D550000E4
:102A50000000000000000000000000000000000076
:102A6000EC280200702A02001100000000000000A3
:102A70004C4E0220020201003BDE01000404010072
:102A8000ED5C000006060100495F0000080401003B
:102A9000096000000A02010055DF01000C0401007A
:102AA0003DDF01000E040100215E00002004010052
:102AB000B55E0000100401001D610000120201005B
:102AC0009FDF01001E000400D3E401005202000059
:102AD000C5DF0100EC280200E42A02000201000028
:102AE00000000000884E02201C3B0200DFE60100CF
:102AF00000000000183B020000000100143B02002F
:102B00007BE9010000000000D80300200000010064
:102B10000C3B02000000000000000000000000006C
:102B200000000000083B0200B1E60100B96A0000A5
:102B3000E003002000000300043B02007BE90100E9
:102B400000000000D003002000000100FC3A020059
:102B500017E7010053E80100000000000000030037
:102B6000F83A02007BE9010000000000C8030020E1
:102B700000000100F03A0200E96D000000000000D2
:102B80000000000000000100397A0000E1F30100BC
:102B9000458000000000000000000000917E000061
:102BA0000000000000000000000000000000000025
:102BB00000000000000000006BED010006000000B6
:102BC00051750000060000000BEF0100100000002E
:102BD000097900001000000097F3010001000000D7
:102BE000C5EC01001000000067ED01000A000000C4
:102BF00087EE010010000000157F000007000000B4
:102C000063ED010010000000497C0000010000009D
:102C10003977000040000000B5ED01001000000011
:102C2000A9ED01000100000042542043544C522001
:102C3000525820707269000042542043544C522074
:102C40005258000062745F6863695F636F6E7472EC
:102C50006F6C6C65720000005A6570687972204F65
:102C6000532076342E342E32000000005745535442
:102C70005F544F504449522F7A65706879722F73B0
:102C800075627379732F626C7565746F6F74682FDA
:102C9000636F6E74726F6C6C65722F6C6C5F7377A0
:102CA0002F756C6C5F7363616E2E630065727220AA
:102CB0003D3D2030207C7C20657272203D3D202DE2
:102CC00031323000415353455254494F4E20464112
:102CD000494C205B25735D20402025733A25640A0A
:102CE0000000000009706172616D313A2025752085
:102CF000706172616D323A2025750A005745535450
:102D00005F544F504449522F7A65706879722F731F
:102D100075627379732F626C7565746F6F74682F49
:102D2000636F6E74726F6C6C65722F6C6C5F73770F
:102D30002F756C6C5F636F6E6E2E63005132434F64
:102D40004E4E2041413D25303278253032782530B5
:102D500032782530327820435243494E49543D253C
:102D6000303278253032782530327820686F703DE7
:102D70002575206368616E5F636F756E743D2575A0
:102D8000206D61703D253032782530327825303223
:102D90007825303278253032780A00005745535470
:102DA0005F544F504449522F7A65706879722F737F
:102DB00075627379732F626C7565746F6F74682FA9
:102DC000636F6E74726F6C6C65722F6C6C5F73776F
:102DD0002F6E6F726469632F6C6C6C2F6C6C6C5F00
:102DE0007363616E2E630000300000000925733AA2
:102DF0002041637475616C204556454E545F4F56B3
:102E00004552484541445F53544152545F55532005
:102E10003D2025750A000000574553545F544F501C
:102E20004449522F7A65706879722F73756273798D
:102E3000732F626C7565746F6F74682F636F6E7437
:102E4000726F6C6C65722F6C6C5F73772F6E6F7224
:102E50006469632F6C6C6C2F6C6C6C5F63656E7453
:102E600072616C2E63000000020000000000000090
:102E70000000000000000000000001030303030342
:102E800003000000000000000000000099EC0000BA
:102E900000000000A9EC0000B9EC000000000000F8
:102EA00061ED000000000000C9EC0000000000001F
:102EB00091ED0000D9EC000071ED0000C1ED0000C3
:102EC000E9EC000001EE0000F9EC0000A1ED0000CB
:102ED000B1ED0000D1ED0000E1ED000011EE0000C9
:102EE00021EE000019ED000031EE000000000000AE
:102EF00000000000000000000000000081ED000064
:102F000000000000000000000000000000000000C1
:102F100000000000000000000000000000000000B1
:102F200000000000000000000000000000000000A1
:102F30000000000000000000000000000000000091
:102F40000000000000000000000000000000000081
:102F50000000000000000000000000000000000071
:102F60000000000000000000000000000000000061
:102F700009ED0000F1ED0000000000000A03000070
:102F8000000000000000000002020000000000003D
:102F90000403000002010903000000000103000017
:102FA0000C03000007030000000003010000000004
:102FB0000000000000000000000000000000000011
:102FC0000000000000000000000000000000000001
:102FD00000000000000000000000000000000000F1
:102FE00000000000000000000000000000001203CC
:102FF00012030000636F6D6D6F6E5F7072657061BC
:1030000072655F6362000000707265706172655F77
:1030100063620000070000000800000009000000D3
:103020000A0000000B0000000D0000000F0000006F
:10303000110000001300000015000000180000003F
:103040001B0000001F0000002300000028000000FB
:103050002D000000330000003900000001030405CA
:10306000D16D0100A16D0100000000001D6F010085
:103070009D6E0100C3F70100BFF7010000A01050D2
:1030800000820D50000405507F00000000A0105089
:10309000400200200000000000000000FFFF0100CF
:1030A00000820D50B8020020000000000100000066
:1030B000FF070000000405500000000000000000B1
:1030C0000200000000A0105000820D5000040550C6
:1030D00000600C500000000000000000FC30020006
:1030E00000C201000000D601000000000000004006
:1030F00000000000B38C0020B28C002000600C5057
:10310000083102000100000010310200040000003C
:103110002400000026000002250600012706000307
:103120000001000000A0105000820D500004055066
:103130000800000002000000040000000100000080
:10314000841C0200941C0200DC1C0200E41C02002F
:10315000141D0200141D0200504402000001000072
:1031600000000000000000000A5695CE5753F2DD23
:103170005CE419BAE4B84A8B25F321DD8886E8D2ED
:10318000855D882518FF71853C14A918D430E7792E
:1031900001B6ED5FFC95BA75102562772B73FB794C
:1031A000C65537A5765F9018DFBDC42962DF9CD86D
:1031B00090308478CD05F0ACD62E21F7AB20A2E577
:1031C000344887041D0630DC512563FCC2CAB9F3BC
:1031D000849E17A7ADFAE6BCFFFFFFFFFFFFFFFFCE
:1031E00000000000FFFFFFFFA2EE79BE954C248394
:1031F000A66FBD499C79994659EC6B2B39B245288D
:103200002056D9F3942DE1664FBC00EEFFFFFFFF7F
:10321000FFFFFFFFFFFFFFFF0000000000000000B6
:103220000000000001000000FFFFFFFF030000009E
:1032300000000000FFFFFFFFFBFFFFFFFEFFFFFF9F
:10324000FFFFFFFFFDFFFFFF040000000100000083
:10325000791B020090320200020000008832020056
:1032600003000000803202000400000078320200F7
:10327000000000000000000092440200101404004E
:103280009E44020010130300AA4402001012020020
:1032900002000000111802000D18020009180200B7
:1032A000F1170200DF170200010000000200000019
:1032B00004000000080000001000000020000000D2
:1032C00040000000800000001B00000036000000ED
:1032D00051F4A7507E4165531A17A4C33A275E964E
:1032E0003BAB6BCB1F9D45F1ACFA58AB4BE3039363
:1032F0002030FA55AD766DF688CC7691F5024C25E6
:103300004FE5D7FCC52ACBD726354480B562A38FBD
:10331000DEB15A4925BA1B6745EA0E985DFEC0E149
:10332000C32F7502814CF0128D4697A36BD3F9C65B
:10333000038F5FE715929C95BF6D7AEB955259DA32
:10334000D4BE832D587421D349E069298EC9C8445D
:1033500075C2896AF48E797899583E6B27B971DD08
:10336000BEE14FB6F088AD17C920AC667DCE3AB449
:1033700063DF4A18E51A31829751336062537F4503
:10338000B16477E0BB6BAE84FE81A01CF9082B947E
:10339000704868588F45FD1994DE6C87527BF8B7EA
:1033A000AB73D323724B02E2E31F8F576655AB2AF0
:1033B000B2EB28072FB5C20386C57B9AD33708A581
:1033C000302887F223BFA5B202036ABAED16825CE9
:1033D0008ACF1C2BA779B492F307F2F04E69E2A1D1
:1033E00065DAF4CD0605BED5D134621FC4A6FE8AC7
:1033F000342E539DA2F355A0058AE132A4F6EB7555
:103400000B83EC394060EFAA5E719F06BD6E1051D0
:103410003E218AF996DD063DDD3E05AE4DE6BD4610
:1034200091548DB571C45D050406D46F605015FFCD
:103430001998FB24D6BDE997894043CC67D99E777C
:10344000B0E842BD07898B88E7195B3879C8EEDBA5
:10345000A17C0A477C420FE9F8841EC900000000E5
:1034600009808683322BED481E1170AC6C5A724E67
:10347000FD0EFFFB0F8538563DAED51E362D392784
:103480000A0FD964685CA6219B5B54D124362E3A7E
:103490000C0A67B19357E70FB4EE96D21B9B919E2F
:1034A00080C0C54F61DC20A25A774B691C121A16E6
:1034B000E293BA0AC0A02AE53C22E043121B171D82
:1034C0000E090D0BF28BC7AD2DB6A8B9141EA9C8F5
:1034D00057F11985AF75074CEE99DDBBA37F60FDF1
:1034E000F701269F5C72F5BC44663BC55BFB7E34EE
:1034F0008B432976CB23C6DCB6EDFC68B8E4F163D8
:10350000D731DCCA426385101397224084C611204C
:10351000854A247DD2BB3DF8AEF93211C729A16D91
:103520001D9E2F4BDCB230F30D8652EC77C1E3D0F9
:103530002BB3166CA970B999119448FA47E9642223
:10354000A8FC8CC4A0F03F1A567D2CD8223390EFF3
:1035500087494EC7D938D1C18CCAA2FE98D40B3640
:10356000A6F581CFA57ADE28DAB78E263FADBFA4B7
:103570002C3A9DE45078920D6A5FCC9B547E466253
:10358000F68D13C290D8B8E82E39F75E82C3AFF536
:103590009F5D80BE69D0937C6FD52DA9CF2512B3D6
:1035A000C8AC993B10187DA7E89C636EDB3BBB7BE6
:1035B000CD2678096E5918F4EC9AB701834F9AA872
:1035C000E6956E65AAFFE67E21BCCF08EF15E8E61A
:1035D000BAE79BD94A6F36CEEA9F09D429B07CD688
:1035E00031A4B2AF2A3F2331C6A5943035A266C0BC
:1035F000744EBC37FC82CAA6E090D0B033A7D81571
:10360000F104984A41ECDAF77FCD500E1791F62F6E
:10361000764DD68D43EFB04DCCAA4D54E49604DFE1
:103620009ED1B5E34C6A881BC12C1FB84665517FFB
:103630009D5EEA04018C355DFA877473FB0B412EA5
:10364000B3671D5A92DBD252E91056336DD6471339
:103650009AD7618C37A10C7A59F8148EEB133C89F8
:10366000CEA927EEB761C935E11CE5ED7A47B13C3B
:103670009CD2DF5955F2733F1814CE7973C737BF08
:1036800053F7CDEA5FFDAA5BDF3D6F147844DB861C
:10369000CAAFF381B968C43E3824342CC2A3405F5A
:1036A000161DC372BCE2250C283C498BFF0D9541C9
:1036B00039A80171080CB3DED8B4E49C6456C190FB
:1036C0007BCB8461D532B670486C5C74D0B85742FD
:1036D000C66363A5F87C7C84EE777799F67B7B8D57
:1036E000FFF2F20DD66B6BBDDE6F6FB191C5C554A5
:1036F0006030305002010103CE6767A9562B2B7D45
:10370000E7FEFE19B5D7D7624DABABE6EC76769AFD
:103710008FCACA451F82829D89C9C940FA7D7D87AB
:10372000EFFAFA15B25959EB8E4747C9FBF0F00B87
:1037300041ADADECB3D4D4675FA2A2FD45AFAFEA13
:10374000239C9CBF53A4A4F7E47272969BC0C05BF9
:1037500075B7B7C2E1FDFD1C3D9393AE4C26266ABA
:103760006C36365A7E3F3F41F5F7F70283CCCC4F9B
:103770006834345C51A5A5F4D1E5E534F9F1F108DC
:10378000E2717193ABD8D873623131532A15153F6A
:103790000804040C95C7C752462323659DC3C35E26
:1037A00030181828379696A10A05050F2F9A9AB552
:1037B0000E070709241212361B80809BDFE2E23DD0
:1037C000CDEBEB264E2727697FB2B2CDEA75759F08
:1037D0001209091B1D83839E582C2C74341A1A2E2F
:1037E000361B1B2DDC6E6EB2B45A5AEE5BA0A0FBEA
:1037F000A45252F6763B3B4DB7D6D6617DB3B3CEDD
:103800005229297BDDE3E33E5E2F2F7113848497D9
:10381000A65353F5B9D1D16800000000C1EDED2CDD
:1038200040202060E3FCFC1F79B1B1C8B65B5BEDC2
:10383000D46A6ABE8DCBCB4667BEBED97239394BCE
:10384000944A4ADE984C4CD4B05858E885CFCF4AB9
:10385000BBD0D06BC5EFEF2A4FAAAAE5EDFBFB1654
:10386000864343C59A4D4DD76633335511858594AC
:103870008A4545CFE9F9F91004020206FE7F7F81EF
:10388000A05050F0783C3C44259F9FBA4BA8A8E339
:10389000A25151F35DA3A3FE804040C0058F8F8AE3
:1038A0003F9292AD219D9DBC70383848F1F5F504EA
:1038B00063BCBCDF77B6B6C1AFDADA7542212163EB
:1038C00020101030E5FFFF1AFDF3F30EBFD2D26DCA
:1038D00081CDCD4C180C0C1426131335C3ECEC2FF2
:1038E000BE5F5FE1359797A2884444CC2E17173905
:1038F00093C4C45755A7A7F2FC7E7E827A3D3D470C
:10390000C86464ACBA5D5DE73219192BE673739530
:10391000C06060A0198181989E4F4FD1A3DCDC7FED
:1039200044222266542A2A7E3B9090AB0B888883DF
:103930008C4646CAC7EEEE296BB8B8D32814143C9F
:10394000A7DEDE79BC5E5EE2160B0B1DADDBDB761F
:10395000DBE0E03B64323256743A3A4E140A0A1EF7
:10396000924949DB0C06060A4824246CB85C5CE4E6
:103970009FC2C25DBDD3D36E43ACACEFC46262A63E
:10398000399191A8319595A4D3E4E437F279798BF4
:10399000D5E7E7328BC8C8436E373759DA6D6DB754
:1039A000018D8D8CB1D5D5649C4E4ED249A9A9E02C
:1039B000D86C6CB4AC5656FAF3F4F407CFEAEA25A7
:1039C000CA6565AFF47A7A8E47AEAEE9100808187A
:1039D0006FBABAD5F07878884A25256F5C2E2E729A
:1039E000381C1C2457A6A6F173B4B4C797C6C65199
:1039F000CBE8E823A1DDDD7CE874749C3E1F1F2129
:103A0000964B4BDD61BDBDDC0D8B8B860F8A8A85A5
:103A1000E07070907C3E3E4271B5B5C4CC6666AA3B
:103A2000904848D806030305F7F6F6011C0E0E125F
:103A3000C26161A36A35355FAE5757F969B9B9D02C
:103A40001786869199C1C1583A1D1D27279E9EB998
:103A5000D9E1E138EBF8F8132B9898B32211113320
:103A6000D26969BBA9D9D970078E8E89339494A77E
:103A70002D9B9BB63C1E1E2215878792C9E9E92023
:103A800087CECE49AA5555FF50282878A5DFDF7A82
:103A9000038C8C8F59A1A1F8098989801A0D0D1703
:103AA00065BFBFDAD7E6E631844242C6D06868B85F
:103AB000824141C3299999B05A2D2D771E0F0F11BC
:103AC0007BB0B0CBA85454FC6DBBBBD62C16163AB9
:103AD0000000012A0000012A000003280000002A3B
:103AE0000000002A00000328000000180000002841
:103AF00000002A2B00002A2B000003280000292B9D
:103B00000000292B00000328000002290000052ADC
:103B10000000052A0000032800000118000000280A
:103B20006BFF79FF79FF7CFF000051334653552D21
:103B3000444F4E4520726F6C653D43207374617431
:103B400075733D3078253032782073706163696E0B
:103B5000673D25752074797065733D307825782030
:103B6000706879733D3078257820696E6974696171
:103B7000746F723D25640A004C32434150206469E1
:103B800073636F6E6E65637465640A006C326361A3
:103B9000705F6368616E5F636F6E6E6563742072E1
:103BA000633D25640A00444C453A2074785F6D619A
:103BB000783D25752072785F6D61783D25750A0026
:103BC0007363616E2073746172742072633D256447
:103BD0000A0047415020646973636F6E6E656374B9
:103BE0006564203078253032780A005048593A20F0
:103BF00074783D25752072783D25752028323D3238
:103C00004D290A00646C65207265712072633D2540
:103C1000640A00636F6E6E656374206661696C652B
:103C200064203078253032780A0047415020636F95
:103C30006E6E65637465640A0070687920726571E0
:103C40002072633D25640A004C3243415020636F6B
:103C50006E6E65637465643A2074782E6D74753D7C
:103C600025752074782E6D70733D25752074782E1F
:103C7000637265646974733D25752072782E6D7466
:103C8000753D25752072782E6D70733D25750A007F
:103C90004741544520636F6E6E3A20696E746572B9
:103CA00076616C3D25752028756E69747320312E00
:103CB00032356D7329203D3E2025752E2530327515
:103CC000206D730A0051334653552D5245512072D1
:103CD0006F6C653D43206175746F206D696E3D2585
:103CE00075206D61783D257520706879733D307859
:103CF00025782072633D25640A007075626C6963E3
:103D00000072616E646F6D007075626C69632D691D
:103D1000640072616E646F6D2D69640030782530C7
:103D2000327800253032583A253032583A25303230
:103D3000583A253032583A253032583A25303258E0
:103D4000202825732900666F756E6420257320284E
:103D500072737369202564292C20636F6E6E65630E
:103D600074696E670A0063726561746520636F6EC3
:103D70006E2072633D25640A007A656E6F682D6E51
:103D800072662D6C3263617000525054206F636311
:103D90003A206576656E74733D2575206D65616E9C
:103DA0005F706B74732F65763D25752E25303275E7
:103DB000206D61783D2575206E6F6E656D7074792C
:103DC0005F65763D2575206673753D2575207C20E1
:103DD00073656E6465723A2073656E743D2575284F
:103DE0002B257520534455292065616761696E3D17
:103DF0002575282B25752920706F6F6C6661696C9D
:103E00003D2575282B2575290A00626C617374693C
:103E10006E672025752D6279746520534455732E85
:103E20002E2E0A0062745F656E61626C65206661A9
:103E3000696C65642025640A000A3D3D3D206E5290
:103E4000463532383430204C3243415020436F43A2
:103E50002063656E7472616C20285A65706879728F
:103E600020342E342E3129203D3D3D0A00726570EC
:103E70006F72745F74696400626C6173745F7469FB
:103E8000640072302F61313A202030782530387844
:103E9000202072312F61323A202030782530387856
:103EA000202072322F61333A202030782530387844
:103EB0000A0072332F61343A202030782530387868
:103EC000207231322F69703A2020307825303878CE
:103ED000207231342F6C723A2020307825303878B7
:103EE0000A0020787073723A2020307825303878B4
:103EF0000A004661756C74696E6720696E7374722E
:103F0000756374696F6E20616464726573732028D1
:103F10007231352F7063293A203078253038780A8D
:103F200000556E68616E646C6564204952516E3A4A
:103F30002025640A002A2A2A2A2A20555341474567
:103F4000204641554C54202A2A2A2A2A0A00202099
:103F50004469766973696F6E206279207A65726F41
:103F60000A002020556E616C69676E6564206D657E
:103F70006D6F7279206163636573730A002020534B
:103F80007461636B206F766572666C6F772028634F
:103F90006F6E746578742061726561206E6F742035
:103FA00076616C6964290A0020204E6F20636F706F
:103FB000726F636573736F7220696E737472756369
:103FC00074696F6E730A002020496C6C6567616CC0
:103FD000206C6F6164206F66204558435F524554E2
:103FE00055524E20696E746F2050430A00202049BC
:103FF0006C6C6567616C20757365206F66207468F2
:104000006520455053520A002020417474656D703C
:104010007420746F206578656375746520756E64AF
:104020006566696E656420696E7374727563746920
:104030006F6E0A002A2A2A2A2A2042555320464116
:10404000554C54202A2A2A2A2A0A00202053746117
:10405000636B696E67206572726F720A002020556B
:104060006E737461636B696E67206572726F720A3A
:10407000002020507265636973652064617461205B
:10408000627573206572726F720A00202042464189
:104090005220416464726573733A20307825780A3F
:1040A000002020496D7072656369736520646174D6
:1040B0006120627573206572726F720A0020204958
:1040C0006E737472756374696F6E206275732065A8
:1040D00072726F720A002020466C6F6174696E679D
:1040E0002D706F696E74206C617A792073746174BD
:1040F0006520707265736572766174696F6E206594
:1041000072726F720A002A2A2A2A2A204D505520DC
:104110004641554C54202A2A2A2A2A0A0020205394
:104120007461636B696E67206572726F72202863B9
:104130006F6E746578742061726561206D6967685F
:1041400074206265206E6F742076616C6964290A40
:1041500000202044617461204163636573732056BD
:10416000696F6C6174696F6E0A0020204D4D464185
:104170005220416464726573733A20307825780A5E
:10418000002020496E737472756374696F6E2041EC
:1041900063636573732056696F6C6174696F6E0A2F
:1041A0000052657365727665642045786365707446
:1041B000696F6E20280053707572696F757320697E
:1041C0006E746572727570742028495251200053C4
:1041D0005053454C20696E20746872656164206D8F
:1041E0006F646520646F6573206E6F7420696E6400
:1041F0006963617465205053500A002A2A2A2A2ACA
:104200002048415244204641554C54202A2A2A2A0B
:104210002A0A002020427573206661756C74206F35
:104220006E20766563746F72207461626C652072B3
:104230006561640A002020446562756720657665C3
:104240006E740A0020204661756C7420657363618A
:104250006C6174696F6E20287365652062656C6F90
:1042600077290A00415243485F455843455054203E
:104270007769746820726561736F6E2025780A0A09
:10428000002A2A2A2A2A204465627567206D6F6EEB
:1042900069746F7220657863657074696F6E202A27
:1042A0002A2A2A2A0A002A2A2A2A2A20257320258D
:1042B0006429202A2A2A2A2A0A00464C4153485FA8
:1042C00030005352414D5F30004254204C5720572C
:1042D0005100574553545F544F504449522F7A650B
:1042E000706879722F7375627379732F626C75655C
:1042F000746F6F74682F686F73742F6863695F637E
:104300006F72652E630062745F6863695F657674BF
:104310005F6765745F666C616773286864722D3EC1
:10432000657674292026202831554C203C3C2028D5
:1043300031292900415353455254494F4E2046419B
:10434000494C205B25735D20402025733A25640A83
:10435000006576745F666C6167732026202831558E
:104360004C203C3C2028302929006E72662D6C328E
:104370006361702D63656E7472616C00657272208A
:104380003D3D20300009436F6E74726F6C6C657236
:1043900020756E726573706F6E736976652C20631D
:1043A0006F6D6D616E64206F70636F64652030782F
:1043B000253034782074696D656F75742077697461
:1043C00068206572722025640A00425420525820E9
:1043D00057510062756600574553545F544F50441F
:1043E00049522F7A65706879722F73756273797389
:1043F0002F626C7565746F6F74682F686F73742F9C
:104400006863695F636F6D6D6F6E2E6300636C6FC1
:10441000636B4031306530303000726E670067701A
:10442000696F40313061303030006770696F4064CF
:1044300038323030006770696F40353034303000CA
:1044400075617274406336303030006D61696E00A2
:10445000737973776F726B71002A2A2A20426F6F0B
:1044600074696E67205A6570687972204F532062B4
:1044700075696C642076342E342E322D31362D67DA
:10448000666565396662633632303935202A2A2AF4
:104490000A004145532D3235362D454342004145F2
:1044A000532D3139322D454342004145532D313290
:1044B000382D45434200286E756C6C29002A666CC5
:1044C0006F61742A0000000000000000FFFFFFFF82
:1044D000FFFF0000000000000000000000001000CE
:1044E000800000805F9B34FB01040002000000029A
:1044F00000000000000000050000000000000000B7
:104500000000000000000005000909090901020976
:10451000090909090909090909090709090909090D
:1045200006090909090909090909090909090909FE
:104530000905010204030502000AE69D350E480143
:1045400003CCDBFDF4AC1191F4EFB9A5F9E9A78335
:104550002C5E2CBE97F2D203B0208BD28915D08E60
:104560001C742430ED8FC24563765C15525ABF9A95
:1045700032636DEB2A65499C80DC01010101010277
:1045800003020203040005061F1F29181203080274
:104590000305080A000801030401050405090607CC
:1045A00001010606080000010001000301000302EA
:1045B00002010002000000000002030100036C88F9
:1045C0008391AAF5A53860370BDB5A6083BE0001E2
:1045D0000405020608090F000718232323232323B9
:1045E0002323232323232300010210141400001C7F
:1045F0002030401C2000001C20304052096AD53079
:1046000036A538BF40A39E81F3D7FB7CE339829B5C
:104610002FFF87348E4344C4DEE9CB547B9432A60B
:10462000C2233DEE4C950B42FAC34E082EA16628DC
:10463000D924B2765BA2496D8BD12572F8F66486D7
:10464000689816D4A45CCC5D65B6926C704850FD39
:10465000EDB9DA5E154657A78D9D8490D8AB008CD6
:10466000BCD30AF7E45805B8B34506D02C1E8FCA50
:104670003F0F02C1AFBD0301138A6B3A9111414F45
:1046800067DCEA97F2CFCEF0B4E67396AC7422E71B
:10469000AD3585E2F937E81C75DF6E47F11A711DFB
:1046A00029C5896FB7620EAA18BE1BFC563E4BC6C1
:1046B000D279209ADBC0FE78CD5AF41FDDA833886A
:1046C00007C731B11210592780EC5F60517FA919DB
:1046D000B54A0D2DE57A9F93C99CEFA0E03B4DAE06
:1046E0002AF5B0C8EBBB3C83539961172B047EBA03
:1046F00077D626E169146355210C7D637C777BF2C4
:104700006B6FC53001672BFED7AB76CA82C97DFAC5
:104710005947F0ADD4A2AF9CA472C0B7FD93263622
:104720003FF7CC34A5E5F171D8311504C723C31880
:1047300096059A071280E2EB27B27509832C1A1BA3
:104740006E5AA0523BD6B329E32F8453D100ED20FB
:10475000FCB15B6ACBBE394A4C58CFD0EFAAFB43C1
:104760004D338545F9027F503C9FA851A3408F925D
:104770009D38F5BCB6DA2110FFF3D2CD0C13EC5FF7
:10478000974417C4A77E3D645D197360814FDC2296
:104790002A908846EEB814DE5E0BDBE0323A0A4916
:1047A00006245CC2D3AC629195E479E7C8376D8D7D
:1047B000D54EA96C56F4EA657AAE08BA78252E1C57
:1047C000A6B4C6E8DD741F4BBD8B8A703EB5664843
:1047D00003F60E613557B986C11D9EE1F89811693F
:1047E000D98E949B1E87E9CE5528DF8CA1890DBFF9
:0C47F000E6426841992D0FB054BB160042
:1047FC0000000000000000000000000000000000AD
:10480C00000000000000000000000000000000009C
:10481C00000000000000000000000000000000008C
:10482C00000000000000000000000000000000007C
:10483C00000000000000000000000000000000006C
:10484C00000000000000000000000000000000005C
:10485C00000000000000000000000000000000004C
:10486C00000000000000000000000000000000003C
:10487C00000000000000000000000000000000002C
:10488C00000000000000000000000000000000001C
:10489C00000000000000000000000000000000000C
:1048AC0000000000000000000000000000000000FC
:1048BC0000000000000000001D300000000000009F
:1048CC0000000000000000000000000000000000DC
:1048DC0000000000000000000000000000000000CC
:1048EC0000000000000000000000000000000000BC
:1048FC0000000000000000000000000000000000AC
:10490C00000000000000000000000000000000009B
:10491C00000000000000000000000000000000008B
:10492C00000000000000000000000000000000007B
:10493C00000000000000000000000000000000006B
:10494C00000000000000000000000000000000005B
:10495C0000000000BC1D02001F0000000000000051
:10496C00FFFFFFFFFF1F00000000000067000000BA
:10497C00000000000000000000000000000000002B
:10498C00000000000000000000000000000000001B
:10499C00000000000000000000000000000000000B
:1049AC0000000000000000000000000000000000FB
:1049BC0000000000000000000000000000000000EB
:1049CC0000000000000000000000000000000000DB
:1049DC0000000000000000000000000000000000CB
:1049EC0000000000000000000000000000000000BB
:1049FC00000000000000000061BE0100D43A02007B
:104A0C0000000200E03A020000000200000000007A
:104A1C000BC2010000000000000000002C0200206E
:104A2C002C02002000000000000000000E0000001E
:104A3C0000C010500000000000000000000000004A
:104A4C00000000000000000000000000000000005A
:104A5C00000000000000000000000000000000004A
:104A6C00000000000000000000000000000000003A
:104A7C00000000000000000000000000000000002A
:104A8C00000000000000000000000000000000001A
:104A9C00000000000000000000000000000000000A
:104AAC00000000000001000000A00D5000000000FC
:104ABC0000000000000000000000000000000000EA
:104ACC0000000000000000000000000000000000DA
:104ADC0000000000000000000000000000000000CA
:104AEC0000000000000000000000000000000000BA
:104AFC0000000000000000000000000000000000AA
:104B0C000000000000000000000000000000000099
:104B1C000000000000000000000000000000000089
:104B2C000000000021310000000000000000000027
:104B3C00000000008D2700000000000000000000B5
:104B4C0000000000D13E000000000000000000004A
:104B5C0000000000CD3D000000000000000000003F
:104B6C00000000008945000000000000000000006B
:104B7C0000000000D941000000000000000000000F
:104B8C00595D0000B167000053E401000000000013
:104B9C0000000000CD6200001BE30100A9E301004E
:104BAC00255C000000000000000000009D65000076
:104BBC000000000000000000F43A020000000200B7
:104BCC00003B020000000A00103B02000000200025
:104BDC0000000000000000000000000000000000C9
:104BEC0000000000000000000000000087E701004A
:104BFC000000000004040020040400200000000059
:104C0C00000000000E000000180400201804002012
:104C1C00217E000000000000000000003023002076
:104C2C000000000085A800000000000038230020D0
:104C3C0000000000699D00000000000040230020DF
:104C4C0000000000F13D010000000000482300209E
:104C5C00000000008D9A0000000000001C330020B2
:104C6C00000000001D49010000000000243300205A
:104C7C0000000000F5C60000000000002C330020EE
:104C8C0000000000F13D0100000000003433002062
:104C9C0000000000A9C80000000000003C33002008
:104CAC000000000019D3000000000000AC7A0020C6
:104CBC0000000000FC7A0020000000009C7B00201B
:104CCC00000000004C7C002000000000315A010064
:104CDC0000000000C07D002000000000253B01000A
:104CEC0000000000E07D002000000000F13D01000C
:104CFC0000000000E87D002000000000F13D0100F4
:104D0C0000000000F07D002000000000A52701003D
:104D1C0000000000D482002000000000418F000041
:104D2C0000000000CC82002000000000418F000039
:104D3C0000000000C482002000000000BD8C0000B8
:104D4C0000000000BC82002000000000418F000029
:104D5C0000000000B482002000000000BD8C0000A8
:104D6C0000000000AC82002000000000418F000019
:104D7C00CD76010000000000FF0000000090D00381
:104D8C00FF0000000F000000710200009C050020D5
:0E4D9C009C050020F92100001522000001FFF7
:104DAA0000000000000000000000000000000000F9
:024DBA000000F7
:104DBC00C0050020C005002008990220000000005A
:104DCC00010000002400000000000000DC050020B1
:104DDC00DC050020E0A8002000000000010000001D
:104DEC002001000000000000F8050020F80500205C
:104DFC002C99022000000000400000001C00000064
:044E0C0000000000A2
:104E10000000000080C400204C20000000000000C2
:044E2000000000008E
:104E240028060020280600200000000001000000E1
:104E3400380600203806002000000000FFFFFFFFB6
:104E44000000000000000000500600205006002072
:104E54000000000000000000600600206006002042
:104E6400400040001000000000000000242A02005E
:104E74004C440220000000000000000084060020D2
:104E84008406002040004000100000009D5C0000EB
:104E9400D42A0200088F0220000000000000000055
:104EA400A8060020A8060020010001001000000050
:104EB40000000000602A0200604E02200000000092
:104EC40000000000CC060020CC06002003000300F4
:104ED40000000000000000000C2902004CBE01206C
:104EE4000000000000000000F0060020F006002092
:104EF40001000100100000008D410000102A020092
:104F0400E4C101200000000000000000140700209C
:104F1400140700200200020000000000000000004E
:104F2400FC290200B4C101200000000000000000C0
:104F3400380700203807002046004600040000001F
:104F440035260000F828020018B6012000000000F1
:104F5400000000005C0700205C0700200100010045
:104F640000000000000000002029020098BF01207A
:104F740000000000000000008007002080070020DF
:104F8400400040000800000000000000402802002B
:044F94008C67012005
:044F980015E015E02B
:0400000300001A716E
:00000001FF
